Unnamed: 0_x,num_acc,mois,jour,hrmn,lum,agg,int,atm,col,com,adr,gps,lat,long,dep,annee,vma,situ,surf,catr,Unnamed: 0_y,place,catu,grav,sexe,trajet,secu,locp,actp,an_nais,num_veh_x,id_vehicule_x,secu1,secu2,secu3,Unnamed: 0,senc,catv,occutc,obs,obsm,choc,num_veh_y,id_vehicule_y,motor
968108,201900009639,9,15,16:00,1,1,1,1.0,7.0,97306,Avenue Marie Eudore Beauvin,M,"5,5373570"," -53,5118520",973,2019,80.0,8.0,1.0,2.0,2163946,3.0,2,3,1,5.0,,0.0,0,1976.0,A01,138Â 288Â 481,8.0,-1.0,-1.0,1652205,1.0,7,,3.0,0.0,0.0,A01,138Â 288Â 481,6.0
968108,201900009639,9,15,16:00,1,1,1,1.0,7.0,97306,Avenue Marie Eudore Beauvin,M,"5,5373570"," -53,5118520",973,2019,80.0,8.0,1.0,2.0,2163947,5.0,2,3,1,5.0,,0.0,0,2001.0,A01,138Â 288Â 481,8.0,-1.0,-1.0,1652205,1.0,7,,3.0,0.0,0.0,A01,138Â 288Â 481,6.0
968108,201900009639,9,15,16:00,1,1,1,1.0,7.0,97306,Avenue Marie Eudore Beauvin,M,"5,5373570"," -53,5118520",973,2019,80.0,8.0,1.0,2.0,2163948,7.0,2,3,1,5.0,,0.0,0,1992.0,A01,138Â 288Â 481,8.0,-1.0,-1.0,1652205,1.0,7,,3.0,0.0,0.0,A01,138Â 288Â 481,6.0
968108,201900009639,9,15,16:00,1,1,1,1.0,7.0,97306,Avenue Marie Eudore Beauvin,M,"5,5373570"," -53,5118520",973,2019,80.0,8.0,1.0,2.0,2163949,8.0,2,3,1,5.0,,0.0,0,2000.0,A01,138Â 288Â 481,8.0,-1.0,-1.0,1652205,1.0,7,,3.0,0.0,0.0,A01,138Â 288Â 481,6.0
968108,201900009639,9,15,16:00,1,1,1,1.0,7.0,97306,Avenue Marie Eudore Beauvin,M,"5,5373570"," -53,5118520",973,2019,80.0,8.0,1.0,2.0,2163950,4.0,2,3,1,5.0,,0.0,0,1977.0,A01,138Â 288Â 481,8.0,-1.0,-1.0,1652205,1.0,7,,3.0,0.0,0.0,A01,138Â 288Â 481,6.0
968108,201900009639,9,15,16:00,1,1,1,1.0,7.0,97306,Avenue Marie Eudore Beauvin,M,"5,5373570"," -53,5118520",973,2019,80.0,8.0,1.0,2.0,2163951,2.0,2,2,1,5.0,,0.0,0,1990.0,A01,138Â 288Â 481,8.0,-1.0,-1.0,1652205,1.0,7,,3.0,0.0,0.0,A01,138Â 288Â 481,6.0
968108,201900009639,9,15,16:00,1,1,1,1.0,7.0,97306,Avenue Marie Eudore Beauvin,M,"5,5373570"," -53,5118520",973,2019,80.0,8.0,1.0,2.0,2163952,6.0,2,1,1,5.0,,0.0,0,1997.0,A01,138Â 288Â 481,8.0,-1.0,-1.0,1652205,1.0,7,,3.0,0.0,0.0,A01,138Â 288Â 481,6.0
968108,201900009639,9,15,16:00,1,1,1,1.0,7.0,97306,Avenue Marie Eudore Beauvin,M,"5,5373570"," -53,5118520",973,2019,80.0,8.0,1.0,2.0,2163953,1.0,1,2,1,5.0,,0.0,0,1990.0,A01,138Â 288Â 481,1.0,-1.0,-1.0,1652205,1.0,7,,3.0,0.0,0.0,A01,138Â 288Â 481,6.0
968108,201900009639,9,15,16:00,1,1,1,1.0,7.0,97306,Avenue Marie Eudore Beauvin,M,"5,5373570"," -53,5118520",973,2019,80.0,8.0,1.0,2.0,2163954,9.0,2,3,1,5.0,,0.0,0,2000.0,A01,138Â 288Â 481,8.0,-1.0,-1.0,1652205,1.0,7,,3.0,0.0,0.0,A01,138Â 288Â 481,6.0
968109,201900009640,9,16,07:20,1,2,1,2.0,1.0,97129,RD 18 DUZER,M,"16,3424120"," -61,7378060",971,2019,50.0,1.0,2.0,3.0,2163955,1.0,1,2,2,1.0,,0.0,0,1965.0,B01,138Â 288Â 479,1.0,-1.0,-1.0,1652206,3.0,7,,0.0,2.0,1.0,B01,138Â 288Â 479,1.0
968109,201900009640,9,16,07:20,1,2,1,2.0,1.0,97129,RD 18 DUZER,M,"16,3424120"," -61,7378060",971,2019,50.0,1.0,2.0,3.0,2163955,1.0,1,2,2,1.0,,0.0,0,1965.0,B01,138Â 288Â 479,1.0,-1.0,-1.0,1652207,3.0,37,1.0,0.0,2.0,1.0,A01,138Â 288Â 480,1.0
968109,201900009640,9,16,07:20,1,2,1,2.0,1.0,97129,RD 18 DUZER,M,"16,3424120"," -61,7378060",971,2019,50.0,1.0,2.0,3.0,2163956,1.0,1,1,1,4.0,,0.0,0,1963.0,A01,138Â 288Â 480,1.0,-1.0,-1.0,1652206,3.0,7,,0.0,2.0,1.0,B01,138Â 288Â 479,1.0
968109,201900009640,9,16,07:20,1,2,1,2.0,1.0,97129,RD 18 DUZER,M,"16,3424120"," -61,7378060",971,2019,50.0,1.0,2.0,3.0,2163956,1.0,1,1,1,4.0,,0.0,0,1963.0,A01,138Â 288Â 480,1.0,-1.0,-1.0,1652207,3.0,37,1.0,0.0,2.0,1.0,A01,138Â 288Â 480,1.0
968110,201900009641,9,15,05:50,5,1,1,1.0,1.0,13088,rn 568,M,"43,3546360","5,2809820",13,2019,70.0,1.0,1.0,3.0,2163957,1.0,1,3,1,5.0,,0.0,0,1969.0,A01,138Â 288Â 477,1.0,-1.0,-1.0,1652208,3.0,7,,0.0,2.0,1.0,A01,138Â 288Â 477,1.0
968110,201900009641,9,15,05:50,5,1,1,1.0,1.0,13088,rn 568,M,"43,3546360","5,2809820",13,2019,70.0,1.0,1.0,3.0,2163957,1.0,1,3,1,5.0,,0.0,0,1969.0,A01,138Â 288Â 477,1.0,-1.0,-1.0,1652209,3.0,7,,0.0,2.0,3.0,B01,138Â 288Â 478,1.0
968110,201900009641,9,15,05:50,5,1,1,1.0,1.0,13088,rn 568,M,"43,3546360","5,2809820",13,2019,70.0,1.0,1.0,3.0,2163958,1.0,1,3,1,9.0,,0.0,0,1989.0,B01,138Â 288Â 478,1.0,-1.0,-1.0,1652208,3.0,7,,0.0,2.0,1.0,A01,138Â 288Â 477,1.0
968110,201900009641,9,15,05:50,5,1,1,1.0,1.0,13088,rn 568,M,"43,3546360","5,2809820",13,2019,70.0,1.0,1.0,3.0,2163958,1.0,1,3,1,9.0,,0.0,0,1989.0,B01,138Â 288Â 478,1.0,-1.0,-1.0,1652209,3.0,7,,0.0,2.0,3.0,B01,138Â 288Â 478,1.0
968111,201900009642,9,14,20:10,5,2,5,1.0,3.0,11315,DÃ©partemantale 206,M,"43,2806240","2,5847330",11,2019,50.0,1.0,1.0,3.0,2163959,1.0,1,4,1,5.0,,0.0,0,1962.0,A01,138Â 288Â 476,2.0,6.0,-1.0,1652210,3.0,7,,0.0,2.0,3.0,B01,138Â 288Â 475,1.0
968111,201900009642,9,14,20:10,5,2,5,1.0,3.0,11315,DÃ©partemantale 206,M,"43,2806240","2,5847330",11,2019,50.0,1.0,1.0,3.0,2163959,1.0,1,4,1,5.0,,0.0,0,1962.0,A01,138Â 288Â 476,2.0,6.0,-1.0,1652211,3.0,33,,0.0,2.0,1.0,A01,138Â 288Â 476,1.0
968112,201900009643,9,15,16:28,1,1,1,1.0,6.0,04152,RD 06 Lieu dit La RoyÃ¨re,M,"43,8003270","5,7025566",4,2019,80.0,3.0,1.0,3.0,2163960,1.0,1,3,1,5.0,,0.0,0,1974.0,A01,138Â 288Â 474,2.0,8.0,-1.0,1652212,1.0,33,,0.0,0.0,1.0,A01,138Â 288Â 474,1.0
968112,201900009643,9,15,16:28,1,1,1,1.0,6.0,04152,RD 06 Lieu dit La RoyÃ¨re,M,"43,8003270","5,7025566",4,2019,80.0,3.0,1.0,3.0,2163961,2.0,2,4,2,5.0,,0.0,0,1968.0,A01,138Â 288Â 474,2.0,8.0,-1.0,1652212,1.0,33,,0.0,0.0,1.0,A01,138Â 288Â 474,1.0
968113,201900009644,9,12,15:00,1,2,6,1.0,2.0,13014,Rond point de la cave coopÃ©rative,M,"43,4948320","5,1545530",13,2019,50.0,1.0,1.0,3.0,2163962,1.0,1,4,1,1.0,,0.0,0,1955.0,B01,138Â 288Â 472,2.0,-1.0,-1.0,1652213,0.0,2,,0.0,2.0,4.0,B01,138Â 288Â 472,1.0
968113,201900009644,9,12,15:00,1,2,6,1.0,2.0,13014,Rond point de la cave coopÃ©rative,M,"43,4948320","5,1545530",13,2019,50.0,1.0,1.0,3.0,2163962,1.0,1,4,1,1.0,,0.0,0,1955.0,B01,138Â 288Â 472,2.0,-1.0,-1.0,1652214,0.0,7,,0.0,2.0,3.0,A01,138Â 288Â 473,1.0
968113,201900009644,9,12,15:00,1,2,6,1.0,2.0,13014,Rond point de la cave coopÃ©rative,M,"43,4948320","5,1545530",13,2019,50.0,1.0,1.0,3.0,2163963,1.0,1,1,1,0.0,,0.0,0,1992.0,A01,138Â 288Â 473,1.0,-1.0,-1.0,1652213,0.0,2,,0.0,2.0,4.0,B01,138Â 288Â 472,1.0
968113,201900009644,9,12,15:00,1,2,6,1.0,2.0,13014,Rond point de la cave coopÃ©rative,M,"43,4948320","5,1545530",13,2019,50.0,1.0,1.0,3.0,2163963,1.0,1,1,1,0.0,,0.0,0,1992.0,A01,138Â 288Â 473,1.0,-1.0,-1.0,1652214,0.0,7,,0.0,2.0,3.0,A01,138Â 288Â 473,1.0
968114,201900009645,9,16,07:50,1,2,3,1.0,3.0,89257,54 avenue Edouard Branly,M,"47,9673034","3,5294452",89,2019,50.0,1.0,1.0,3.0,2163964,1.0,1,1,1,2.0,,0.0,0,1986.0,A01,138Â 288Â 470,1.0,-1.0,-1.0,1652215,2.0,7,,0.0,2.0,5.0,A01,138Â 288Â 470,1.0
968114,201900009645,9,16,07:50,1,2,3,1.0,3.0,89257,54 avenue Edouard Branly,M,"47,9673034","3,5294452",89,2019,50.0,1.0,1.0,3.0,2163964,1.0,1,1,1,2.0,,0.0,0,1986.0,A01,138Â 288Â 470,1.0,-1.0,-1.0,1652216,1.0,33,,0.0,2.0,1.0,B01,138Â 288Â 471,1.0
968114,201900009645,9,16,07:50,1,2,3,1.0,3.0,89257,54 avenue Edouard Branly,M,"47,9673034","3,5294452",89,2019,50.0,1.0,1.0,3.0,2163965,7.0,2,1,1,2.0,,0.0,0,2010.0,A01,138Â 288Â 470,1.0,-1.0,-1.0,1652215,2.0,7,,0.0,2.0,5.0,A01,138Â 288Â 470,1.0
968114,201900009645,9,16,07:50,1,2,3,1.0,3.0,89257,54 avenue Edouard Branly,M,"47,9673034","3,5294452",89,2019,50.0,1.0,1.0,3.0,2163965,7.0,2,1,1,2.0,,0.0,0,2010.0,A01,138Â 288Â 470,1.0,-1.0,-1.0,1652216,1.0,33,,0.0,2.0,1.0,B01,138Â 288Â 471,1.0
968114,201900009645,9,16,07:50,1,2,3,1.0,3.0,89257,54 avenue Edouard Branly,M,"47,9673034","3,5294452",89,2019,50.0,1.0,1.0,3.0,2163966,9.0,2,4,1,2.0,,0.0,0,2014.0,A01,138Â 288Â 470,1.0,-1.0,-1.0,1652215,2.0,7,,0.0,2.0,5.0,A01,138Â 288Â 470,1.0
968114,201900009645,9,16,07:50,1,2,3,1.0,3.0,89257,54 avenue Edouard Branly,M,"47,9673034","3,5294452",89,2019,50.0,1.0,1.0,3.0,2163966,9.0,2,4,1,2.0,,0.0,0,2014.0,A01,138Â 288Â 470,1.0,-1.0,-1.0,1652216,1.0,33,,0.0,2.0,1.0,B01,138Â 288Â 471,1.0
968114,201900009645,9,16,07:50,1,2,3,1.0,3.0,89257,54 avenue Edouard Branly,M,"47,9673034","3,5294452",89,2019,50.0,1.0,1.0,3.0,2163967,1.0,1,3,1,1.0,,0.0,0,1988.0,B01,138Â 288Â 471,2.0,6.0,-1.0,1652215,2.0,7,,0.0,2.0,5.0,A01,138Â 288Â 470,1.0
968114,201900009645,9,16,07:50,1,2,3,1.0,3.0,89257,54 avenue Edouard Branly,M,"47,9673034","3,5294452",89,2019,50.0,1.0,1.0,3.0,2163967,1.0,1,3,1,1.0,,0.0,0,1988.0,B01,138Â 288Â 471,2.0,6.0,-1.0,1652216,1.0,33,,0.0,2.0,1.0,B01,138Â 288Â 471,1.0
968115,201900009646,9,15,23:00,5,1,1,1.0,6.0,08316,32 Rue de l'Ardenne,M,"49,8089480","4,8017150",8,2019,80.0,3.0,1.0,3.0,2163968,1.0,1,4,1,0.0,,0.0,0,1984.0,A01,138Â 288Â 469,8.0,-1.0,-1.0,1652217,1.0,7,,13.0,0.0,1.0,A01,138Â 288Â 469,1.0
968116,201900009647,9,14,05:45,3,1,1,1.0,6.0,68294,4 les halles,M,"48,2560040","7,1987560",68,2019,50.0,1.0,9.0,3.0,2163969,1.0,1,4,1,1.0,,0.0,0,2002.0,A01,138Â 288Â 468,2.0,6.0,-1.0,1652218,2.0,2,,14.0,0.0,1.0,A01,138Â 288Â 468,1.0
968117,201900009648,9,16,07:30,1,2,5,1.0,4.0,68231,Intersection dÃ©partementales 1bis -  468 Carrefour Lieu dit Vin,M,"48,0137750","7,5330990",68,2019,80.0,1.0,1.0,3.0,2163970,1.0,1,1,2,1.0,,0.0,0,1995.0,A01,138Â 288Â 465,1.0,-1.0,-1.0,1652219,2.0,7,,0.0,2.0,1.0,A01,138Â 288Â 465,1.0
968117,201900009648,9,16,07:30,1,2,5,1.0,4.0,68231,Intersection dÃ©partementales 1bis -  468 Carrefour Lieu dit Vin,M,"48,0137750","7,5330990",68,2019,80.0,1.0,1.0,3.0,2163970,1.0,1,1,2,1.0,,0.0,0,1995.0,A01,138Â 288Â 465,1.0,-1.0,-1.0,1652220,2.0,31,,0.0,2.0,8.0,B01,138Â 288Â 466,1.0
968117,201900009648,9,16,07:30,1,2,5,1.0,4.0,68231,Intersection dÃ©partementales 1bis -  468 Carrefour Lieu dit Vin,M,"48,0137750","7,5330990",68,2019,80.0,1.0,1.0,3.0,2163970,1.0,1,1,2,1.0,,0.0,0,1995.0,A01,138Â 288Â 465,1.0,-1.0,-1.0,1652221,2.0,10,,0.0,0.0,3.0,C01,138Â 288Â 467,1.0
968117,201900009648,9,16,07:30,1,2,5,1.0,4.0,68231,Intersection dÃ©partementales 1bis -  468 Carrefour Lieu dit Vin,M,"48,0137750","7,5330990",68,2019,80.0,1.0,1.0,3.0,2163971,1.0,1,3,1,1.0,,0.0,0,1982.0,B01,138Â 288Â 466,2.0,-1.0,-1.0,1652219,2.0,7,,0.0,2.0,1.0,A01,138Â 288Â 465,1.0
968117,201900009648,9,16,07:30,1,2,5,1.0,4.0,68231,Intersection dÃ©partementales 1bis -  468 Carrefour Lieu dit Vin,M,"48,0137750","7,5330990",68,2019,80.0,1.0,1.0,3.0,2163971,1.0,1,3,1,1.0,,0.0,0,1982.0,B01,138Â 288Â 466,2.0,-1.0,-1.0,1652220,2.0,31,,0.0,2.0,8.0,B01,138Â 288Â 466,1.0
968117,201900009648,9,16,07:30,1,2,5,1.0,4.0,68231,Intersection dÃ©partementales 1bis -  468 Carrefour Lieu dit Vin,M,"48,0137750","7,5330990",68,2019,80.0,1.0,1.0,3.0,2163971,1.0,1,3,1,1.0,,0.0,0,1982.0,B01,138Â 288Â 466,2.0,-1.0,-1.0,1652221,2.0,10,,0.0,0.0,3.0,C01,138Â 288Â 467,1.0
968117,201900009648,9,16,07:30,1,2,5,1.0,4.0,68231,Intersection dÃ©partementales 1bis -  468 Carrefour Lieu dit Vin,M,"48,0137750","7,5330990",68,2019,80.0,1.0,1.0,3.0,2163972,1.0,1,1,1,4.0,,0.0,0,1987.0,C01,138Â 288Â 467,1.0,-1.0,-1.0,1652219,2.0,7,,0.0,2.0,1.0,A01,138Â 288Â 465,1.0
968117,201900009648,9,16,07:30,1,2,5,1.0,4.0,68231,Intersection dÃ©partementales 1bis -  468 Carrefour Lieu dit Vin,M,"48,0137750","7,5330990",68,2019,80.0,1.0,1.0,3.0,2163972,1.0,1,1,1,4.0,,0.0,0,1987.0,C01,138Â 288Â 467,1.0,-1.0,-1.0,1652220,2.0,31,,0.0,2.0,8.0,B01,138Â 288Â 466,1.0
968117,201900009648,9,16,07:30,1,2,5,1.0,4.0,68231,Intersection dÃ©partementales 1bis -  468 Carrefour Lieu dit Vin,M,"48,0137750","7,5330990",68,2019,80.0,1.0,1.0,3.0,2163972,1.0,1,1,1,4.0,,0.0,0,1987.0,C01,138Â 288Â 467,1.0,-1.0,-1.0,1652221,2.0,10,,0.0,0.0,3.0,C01,138Â 288Â 467,1.0
968118,201900009649,9,15,16:00,1,1,1,1.0,6.0,68329,D417,M,"48,0613520","7,0466960",68,2019,90.0,1.0,1.0,3.0,2163973,1.0,1,4,1,5.0,,0.0,0,1979.0,A01,138Â 288Â 464,2.0,-1.0,-1.0,1652222,1.0,33,,1.0,0.0,7.0,A01,138Â 288Â 464,1.0
968119,201900009650,9,16,07:25,1,2,1,1.0,6.0,74082,Route de la croisette,M,"46,1398290","6,1599870",74,2019,50.0,1.0,1.0,3.0,2163974,10.0,3,3,1,2.0,,1.0,8,2004.0,A01,138Â 288Â 463,0.0,-1.0,-1.0,1652223,2.0,38,9.0,0.0,1.0,7.0,A01,138Â 288Â 463,1.0
968119,201900009650,9,16,07:25,1,2,1,1.0,6.0,74082,Route de la croisette,M,"46,1398290","6,1599870",74,2019,50.0,1.0,1.0,3.0,2163975,8.0,2,1,2,2.0,,0.0,0,2004.0,A01,138Â 288Â 463,0.0,-1.0,-1.0,1652223,2.0,38,9.0,0.0,1.0,7.0,A01,138Â 288Â 463,1.0
968119,201900009650,9,16,07:25,1,2,1,1.0,6.0,74082,Route de la croisette,M,"46,1398290","6,1599870",74,2019,50.0,1.0,1.0,3.0,2163976,8.0,2,1,2,2.0,,0.0,0,2004.0,A01,138Â 288Â 463,0.0,-1.0,-1.0,1652223,2.0,38,9.0,0.0,1.0,7.0,A01,138Â 288Â 463,1.0
968119,201900009650,9,16,07:25,1,2,1,1.0,6.0,74082,Route de la croisette,M,"46,1398290","6,1599870",74,2019,50.0,1.0,1.0,3.0,2163977,8.0,2,1,2,2.0,,0.0,0,2003.0,A01,138Â 288Â 463,0.0,-1.0,-1.0,1652223,2.0,38,9.0,0.0,1.0,7.0,A01,138Â 288Â 463,1.0
968119,201900009650,9,16,07:25,1,2,1,1.0,6.0,74082,Route de la croisette,M,"46,1398290","6,1599870",74,2019,50.0,1.0,1.0,3.0,2163978,8.0,2,1,2,2.0,,0.0,0,2001.0,A01,138Â 288Â 463,0.0,-1.0,-1.0,1652223,2.0,38,9.0,0.0,1.0,7.0,A01,138Â 288Â 463,1.0
968119,201900009650,9,16,07:25,1,2,1,1.0,6.0,74082,Route de la croisette,M,"46,1398290","6,1599870",74,2019,50.0,1.0,1.0,3.0,2163979,8.0,2,1,2,2.0,,0.0,0,2003.0,A01,138Â 288Â 463,0.0,-1.0,-1.0,1652223,2.0,38,9.0,0.0,1.0,7.0,A01,138Â 288Â 463,1.0
968119,201900009650,9,16,07:25,1,2,1,1.0,6.0,74082,Route de la croisette,M,"46,1398290","6,1599870",74,2019,50.0,1.0,1.0,3.0,2163980,8.0,2,1,1,2.0,,0.0,0,2003.0,A01,138Â 288Â 463,0.0,-1.0,-1.0,1652223,2.0,38,9.0,0.0,1.0,7.0,A01,138Â 288Â 463,1.0
968119,201900009650,9,16,07:25,1,2,1,1.0,6.0,74082,Route de la croisette,M,"46,1398290","6,1599870",74,2019,50.0,1.0,1.0,3.0,2163981,8.0,2,1,1,2.0,,0.0,0,2002.0,A01,138Â 288Â 463,0.0,-1.0,-1.0,1652223,2.0,38,9.0,0.0,1.0,7.0,A01,138Â 288Â 463,1.0
968119,201900009650,9,16,07:25,1,2,1,1.0,6.0,74082,Route de la croisette,M,"46,1398290","6,1599870",74,2019,50.0,1.0,1.0,3.0,2163982,8.0,2,1,2,2.0,,0.0,0,2003.0,A01,138Â 288Â 463,0.0,-1.0,-1.0,1652223,2.0,38,9.0,0.0,1.0,7.0,A01,138Â 288Â 463,1.0
968119,201900009650,9,16,07:25,1,2,1,1.0,6.0,74082,Route de la croisette,M,"46,1398290","6,1599870",74,2019,50.0,1.0,1.0,3.0,2163983,1.0,1,1,1,4.0,,0.0,0,1949.0,A01,138Â 288Â 463,1.0,-1.0,-1.0,1652223,2.0,38,9.0,0.0,1.0,7.0,A01,138Â 288Â 463,1.0
968120,201900009651,3,22,10:00,1,2,1,1.0,2.0,92076,JARDY,M,"48,8249200","2,1512000",92,2019,70.0,1.0,1.0,3.0,2163984,1.0,1,4,1,0.0,,-1.0,0,1991.0,B01,138Â 288Â 461,2.0,6.0,-1.0,1652224,1.0,33,,0.0,2.0,4.0,B01,138Â 288Â 461,1.0
968120,201900009651,3,22,10:00,1,2,1,1.0,2.0,92076,JARDY,M,"48,8249200","2,1512000",92,2019,70.0,1.0,1.0,3.0,2163984,1.0,1,4,1,0.0,,-1.0,0,1991.0,B01,138Â 288Â 461,2.0,6.0,-1.0,1652225,1.0,7,,0.0,2.0,1.0,A01,138Â 288Â 462,1.0
968120,201900009651,3,22,10:00,1,2,1,1.0,2.0,92076,JARDY,M,"48,8249200","2,1512000",92,2019,70.0,1.0,1.0,3.0,2163985,1.0,1,1,2,0.0,,-1.0,0,1962.0,A01,138Â 288Â 462,1.0,0.0,-1.0,1652224,1.0,33,,0.0,2.0,4.0,B01,138Â 288Â 461,1.0
968120,201900009651,3,22,10:00,1,2,1,1.0,2.0,92076,JARDY,M,"48,8249200","2,1512000",92,2019,70.0,1.0,1.0,3.0,2163985,1.0,1,1,2,0.0,,-1.0,0,1962.0,A01,138Â 288Â 462,1.0,0.0,-1.0,1652225,1.0,7,,0.0,2.0,1.0,A01,138Â 288Â 462,1.0
968121,201900009652,3,22,08:36,1,2,1,1.0,3.0,92064,MARCEL DASSAULT,M,"48,8549400","2,2228140",92,2019,50.0,1.0,1.0,3.0,2163986,2.0,1,4,1,0.0,,-1.0,0,1985.0,A01,138Â 288Â 459,2.0,6.0,-1.0,1652226,1.0,33,,0.0,2.0,2.0,A01,138Â 288Â 459,1.0
968121,201900009652,3,22,08:36,1,2,1,1.0,3.0,92064,MARCEL DASSAULT,M,"48,8549400","2,2228140",92,2019,50.0,1.0,1.0,3.0,2163986,2.0,1,4,1,0.0,,-1.0,0,1985.0,A01,138Â 288Â 459,2.0,6.0,-1.0,1652227,1.0,13,,0.0,2.0,6.0,C01,138Â 288Â 460,1.0
968121,201900009652,3,22,08:36,1,2,1,1.0,3.0,92064,MARCEL DASSAULT,M,"48,8549400","2,2228140",92,2019,50.0,1.0,1.0,3.0,2163987,1.0,1,1,1,4.0,,-1.0,0,1973.0,C01,138Â 288Â 460,1.0,4.0,-1.0,1652226,1.0,33,,0.0,2.0,2.0,A01,138Â 288Â 459,1.0
968121,201900009652,3,22,08:36,1,2,1,1.0,3.0,92064,MARCEL DASSAULT,M,"48,8549400","2,2228140",92,2019,50.0,1.0,1.0,3.0,2163987,1.0,1,1,1,4.0,,-1.0,0,1973.0,C01,138Â 288Â 460,1.0,4.0,-1.0,1652227,1.0,13,,0.0,2.0,6.0,C01,138Â 288Â 460,1.0
968122,201900009653,3,21,16:55,1,2,2,1.0,6.0,92064,BUZENVAL,M,"48,8494000","2,2109700",92,2019,30.0,1.0,1.0,3.0,2163988,10.0,3,4,1,2.0,,2.0,3,2005.0,A01,138Â 288Â 458,8.0,0.0,-1.0,1652228,3.0,7,,0.0,1.0,1.0,A01,138Â 288Â 458,1.0
968122,201900009653,3,21,16:55,1,2,2,1.0,6.0,92064,BUZENVAL,M,"48,8494000","2,2109700",92,2019,30.0,1.0,1.0,3.0,2163989,1.0,1,1,2,5.0,,0.0,0,1944.0,A01,138Â 288Â 458,1.0,8.0,-1.0,1652228,3.0,7,,0.0,1.0,1.0,A01,138Â 288Â 458,1.0
968123,201900009654,3,25,07:15,1,2,3,1.0,6.0,92063,FOUILLEUSE (AVENUE DE),M,"48,8614400","2,1996300",92,2019,50.0,1.0,1.0,4.0,2163990,1.0,1,1,1,4.0,,-1.0,0,1964.0,A01,138Â 288Â 457,1.0,8.0,-1.0,1652229,1.0,7,,0.0,1.0,1.0,A01,138Â 288Â 457,1.0
968123,201900009654,3,25,07:15,1,2,3,1.0,6.0,92063,FOUILLEUSE (AVENUE DE),M,"48,8614400","2,1996300",92,2019,50.0,1.0,1.0,4.0,2163991,10.0,3,4,1,1.0,,3.0,3,1960.0,A01,138Â 288Â 457,8.0,0.0,-1.0,1652229,1.0,7,,0.0,1.0,1.0,A01,138Â 288Â 457,1.0
968124,201900009655,3,22,16:20,1,2,3,1.0,2.0,92063,REPUBLIQUE (AVENUE DE LA),M,"48,8833700","2,1710500",92,2019,50.0,1.0,1.0,4.0,2163992,1.0,1,1,2,1.0,,-1.0,0,1979.0,B01,138Â 288Â 455,1.0,8.0,-1.0,1652230,2.0,7,,1.0,2.0,1.0,B01,138Â 288Â 455,1.0
968124,201900009655,3,22,16:20,1,2,3,1.0,2.0,92063,REPUBLIQUE (AVENUE DE LA),M,"48,8833700","2,1710500",92,2019,50.0,1.0,1.0,4.0,2163992,1.0,1,1,2,1.0,,-1.0,0,1979.0,B01,138Â 288Â 455,1.0,8.0,-1.0,1652231,2.0,7,,0.0,2.0,4.0,A01,138Â 288Â 456,1.0
968124,201900009655,3,22,16:20,1,2,3,1.0,2.0,92063,REPUBLIQUE (AVENUE DE LA),M,"48,8833700","2,1710500",92,2019,50.0,1.0,1.0,4.0,2163993,1.0,1,4,2,5.0,,-1.0,0,1974.0,A01,138Â 288Â 456,1.0,8.0,-1.0,1652230,2.0,7,,1.0,2.0,1.0,B01,138Â 288Â 455,1.0
968124,201900009655,3,22,16:20,1,2,3,1.0,2.0,92063,REPUBLIQUE (AVENUE DE LA),M,"48,8833700","2,1710500",92,2019,50.0,1.0,1.0,4.0,2163993,1.0,1,4,2,5.0,,-1.0,0,1974.0,A01,138Â 288Â 456,1.0,8.0,-1.0,1652231,2.0,7,,0.0,2.0,4.0,A01,138Â 288Â 456,1.0
968124,201900009655,3,22,16:20,1,2,3,1.0,2.0,92063,REPUBLIQUE (AVENUE DE LA),M,"48,8833700","2,1710500",92,2019,50.0,1.0,1.0,4.0,2163994,2.0,2,4,1,0.0,,-1.0,0,1950.0,A01,138Â 288Â 456,1.0,0.0,-1.0,1652230,2.0,7,,1.0,2.0,1.0,B01,138Â 288Â 455,1.0
968124,201900009655,3,22,16:20,1,2,3,1.0,2.0,92063,REPUBLIQUE (AVENUE DE LA),M,"48,8833700","2,1710500",92,2019,50.0,1.0,1.0,4.0,2163994,2.0,2,4,1,0.0,,-1.0,0,1950.0,A01,138Â 288Â 456,1.0,0.0,-1.0,1652231,2.0,7,,0.0,2.0,4.0,A01,138Â 288Â 456,1.0
968125,201900009656,3,22,09:00,1,2,3,1.0,3.0,92063,CARREY DE BELLEMARE (RUE DU GENERAL),M,"48,8660200","2,1868600",92,2019,50.0,2.0,1.0,4.0,2163995,1.0,1,1,1,4.0,,-1.0,0,1991.0,B01,138Â 288Â 453,1.0,8.0,-1.0,1652232,2.0,10,,0.0,6.0,7.0,B01,138Â 288Â 453,1.0
968125,201900009656,3,22,09:00,1,2,3,1.0,3.0,92063,CARREY DE BELLEMARE (RUE DU GENERAL),M,"48,8660200","2,1868600",92,2019,50.0,2.0,1.0,4.0,2163995,1.0,1,1,1,4.0,,-1.0,0,1991.0,B01,138Â 288Â 453,1.0,8.0,-1.0,1652233,2.0,60,,0.0,2.0,1.0,A01,138Â 288Â 454,5.0