Unnamed: 0_x,num_acc,mois,jour,hrmn,lum,agg,int,atm,col,com,adr,gps,lat,long,dep,annee,vma,situ,surf,catr,Unnamed: 0_y,place,catu,grav,sexe,trajet,secu,locp,actp,an_nais,num_veh_x,id_vehicule_x,secu1,secu2,secu3,Unnamed: 0,senc,catv,occutc,obs,obsm,choc,num_veh_y,id_vehicule_y,motor
968125,201900009656,3,22,09:00,1,2,3,1.0,3.0,92063,CARREY DE BELLEMARE (RUE DU GENERAL),M,"48,8660200","2,1868600",92,2019,50.0,2.0,1.0,4.0,2163996,1.0,1,4,1,2.0,,-1.0,0,2000.0,A01,138Â 288Â 454,8.0,8.0,-1.0,1652232,2.0,10,,0.0,6.0,7.0,B01,138Â 288Â 453,1.0
968125,201900009656,3,22,09:00,1,2,3,1.0,3.0,92063,CARREY DE BELLEMARE (RUE DU GENERAL),M,"48,8660200","2,1868600",92,2019,50.0,2.0,1.0,4.0,2163996,1.0,1,4,1,2.0,,-1.0,0,2000.0,A01,138Â 288Â 454,8.0,8.0,-1.0,1652233,2.0,60,,0.0,2.0,1.0,A01,138Â 288Â 454,5.0
968126,201900009657,3,21,20:40,5,2,2,1.0,3.0,92063,MONT VALERIEN (AVENUE DU),M,"48,8690700","2,2040100",92,2019,50.0,1.0,1.0,4.0,2163997,1.0,1,4,1,5.0,,-1.0,0,1997.0,B01,138Â 288Â 451,1.0,8.0,-1.0,1652234,1.0,7,,6.0,2.0,8.0,B01,138Â 288Â 451,1.0
968126,201900009657,3,21,20:40,5,2,2,1.0,3.0,92063,MONT VALERIEN (AVENUE DU),M,"48,8690700","2,2040100",92,2019,50.0,1.0,1.0,4.0,2163997,1.0,1,4,1,5.0,,-1.0,0,1997.0,B01,138Â 288Â 451,1.0,8.0,-1.0,1652235,1.0,7,,0.0,2.0,1.0,A01,138Â 288Â 452,1.0
968126,201900009657,3,21,20:40,5,2,2,1.0,3.0,92063,MONT VALERIEN (AVENUE DU),M,"48,8690700","2,2040100",92,2019,50.0,1.0,1.0,4.0,2163998,1.0,1,1,1,5.0,,-1.0,0,1973.0,A01,138Â 288Â 452,1.0,8.0,-1.0,1652234,1.0,7,,6.0,2.0,8.0,B01,138Â 288Â 451,1.0
968126,201900009657,3,21,20:40,5,2,2,1.0,3.0,92063,MONT VALERIEN (AVENUE DU),M,"48,8690700","2,2040100",92,2019,50.0,1.0,1.0,4.0,2163998,1.0,1,1,1,5.0,,-1.0,0,1973.0,A01,138Â 288Â 452,1.0,8.0,-1.0,1652235,1.0,7,,0.0,2.0,1.0,A01,138Â 288Â 452,1.0
968127,201900009658,3,20,08:55,1,2,6,1.0,3.0,92062,GENERAL DE GAULLE (Avenue),M,"48,8854370","2,2279290",92,2019,50.0,1.0,1.0,3.0,2163999,1.0,1,4,1,1.0,,-1.0,0,1978.0,B01,138Â 288Â 449,2.0,6.0,-1.0,1652236,1.0,32,,0.0,2.0,3.0,B01,138Â 288Â 449,1.0
968127,201900009658,3,20,08:55,1,2,6,1.0,3.0,92062,GENERAL DE GAULLE (Avenue),M,"48,8854370","2,2279290",92,2019,50.0,1.0,1.0,3.0,2163999,1.0,1,4,1,1.0,,-1.0,0,1978.0,B01,138Â 288Â 449,2.0,6.0,-1.0,1652237,1.0,7,,0.0,2.0,2.0,A01,138Â 288Â 450,0.0
968128,201900009659,3,25,14:25,1,2,1,1.0,2.0,92051,"CHARLES DE GAULLE (AVENUE, NÂ° 18 A 116)",M,"48,8810800","2,2722800",92,2019,50.0,3.0,1.0,2.0,2164000,1.0,1,4,1,0.0,,-1.0, -1,1984.0,A01,138Â 288Â 447,1.0,0.0,-1.0,1652238,1.0,7,,0.0,2.0,1.0,A01,138Â 288Â 447,1.0
968128,201900009659,3,25,14:25,1,2,1,1.0,2.0,92051,"CHARLES DE GAULLE (AVENUE, NÂ° 18 A 116)",M,"48,8810800","2,2722800",92,2019,50.0,3.0,1.0,2.0,2164000,1.0,1,4,1,0.0,,-1.0, -1,1984.0,A01,138Â 288Â 447,1.0,0.0,-1.0,1652239,1.0,7,,0.0,2.0,4.0,B01,138Â 288Â 448,1.0
968128,201900009659,3,25,14:25,1,2,1,1.0,2.0,92051,"CHARLES DE GAULLE (AVENUE, NÂ° 18 A 116)",M,"48,8810800","2,2722800",92,2019,50.0,3.0,1.0,2.0,2164001,1.0,1,4,1,0.0,,-1.0, -1,1955.0,B01,138Â 288Â 448,1.0,0.0,-1.0,1652238,1.0,7,,0.0,2.0,1.0,A01,138Â 288Â 447,1.0
968128,201900009659,3,25,14:25,1,2,1,1.0,2.0,92051,"CHARLES DE GAULLE (AVENUE, NÂ° 18 A 116)",M,"48,8810800","2,2722800",92,2019,50.0,3.0,1.0,2.0,2164001,1.0,1,4,1,0.0,,-1.0, -1,1955.0,B01,138Â 288Â 448,1.0,0.0,-1.0,1652239,1.0,7,,0.0,2.0,4.0,B01,138Â 288Â 448,1.0
968129,201900009660,3,22,19:56,3,2,2,1.0,5.0,92051,"JEAN MERMOZ (BOULEVARD, NÂ° 1 A 3 ET 2 A",M,"48,8853100","2,2700500",92,2019,50.0,1.0,1.0,4.0,2164002,1.0,1,1,1,4.0,,-1.0,0,1974.0,B01,138Â 288Â 444,1.0,0.0,-1.0,1652240,1.0,7,,0.0,2.0,5.0,B01,138Â 288Â 444,1.0
968129,201900009660,3,22,19:56,3,2,2,1.0,5.0,92051,"JEAN MERMOZ (BOULEVARD, NÂ° 1 A 3 ET 2 A",M,"48,8853100","2,2700500",92,2019,50.0,1.0,1.0,4.0,2164002,1.0,1,1,1,4.0,,-1.0,0,1974.0,B01,138Â 288Â 444,1.0,0.0,-1.0,1652241,3.0,7,,1.0,0.0,0.0,C01,138Â 288Â 445,1.0
968129,201900009660,3,22,19:56,3,2,2,1.0,5.0,92051,"JEAN MERMOZ (BOULEVARD, NÂ° 1 A 3 ET 2 A",M,"48,8853100","2,2700500",92,2019,50.0,1.0,1.0,4.0,2164002,1.0,1,1,1,4.0,,-1.0,0,1974.0,B01,138Â 288Â 444,1.0,0.0,-1.0,1652242,1.0,7,,0.0,2.0,1.0,A01,138Â 288Â 446,1.0
968129,201900009660,3,22,19:56,3,2,2,1.0,5.0,92051,"JEAN MERMOZ (BOULEVARD, NÂ° 1 A 3 ET 2 A",M,"48,8853100","2,2700500",92,2019,50.0,1.0,1.0,4.0,2164003,2.0,2,4,1,4.0,,-1.0,0,1973.0,B01,138Â 288Â 444,1.0,0.0,-1.0,1652240,1.0,7,,0.0,2.0,5.0,B01,138Â 288Â 444,1.0
968129,201900009660,3,22,19:56,3,2,2,1.0,5.0,92051,"JEAN MERMOZ (BOULEVARD, NÂ° 1 A 3 ET 2 A",M,"48,8853100","2,2700500",92,2019,50.0,1.0,1.0,4.0,2164003,2.0,2,4,1,4.0,,-1.0,0,1973.0,B01,138Â 288Â 444,1.0,0.0,-1.0,1652241,3.0,7,,1.0,0.0,0.0,C01,138Â 288Â 445,1.0
968129,201900009660,3,22,19:56,3,2,2,1.0,5.0,92051,"JEAN MERMOZ (BOULEVARD, NÂ° 1 A 3 ET 2 A",M,"48,8853100","2,2700500",92,2019,50.0,1.0,1.0,4.0,2164003,2.0,2,4,1,4.0,,-1.0,0,1973.0,B01,138Â 288Â 444,1.0,0.0,-1.0,1652242,1.0,7,,0.0,2.0,1.0,A01,138Â 288Â 446,1.0
968129,201900009660,3,22,19:56,3,2,2,1.0,5.0,92051,"JEAN MERMOZ (BOULEVARD, NÂ° 1 A 3 ET 2 A",M,"48,8853100","2,2700500",92,2019,50.0,1.0,1.0,4.0,2164004,1.0,1,1,2,5.0,,-1.0,0,1958.0,A01,138Â 288Â 446,1.0,0.0,-1.0,1652240,1.0,7,,0.0,2.0,5.0,B01,138Â 288Â 444,1.0
968129,201900009660,3,22,19:56,3,2,2,1.0,5.0,92051,"JEAN MERMOZ (BOULEVARD, NÂ° 1 A 3 ET 2 A",M,"48,8853100","2,2700500",92,2019,50.0,1.0,1.0,4.0,2164004,1.0,1,1,2,5.0,,-1.0,0,1958.0,A01,138Â 288Â 446,1.0,0.0,-1.0,1652241,3.0,7,,1.0,0.0,0.0,C01,138Â 288Â 445,1.0
968129,201900009660,3,22,19:56,3,2,2,1.0,5.0,92051,"JEAN MERMOZ (BOULEVARD, NÂ° 1 A 3 ET 2 A",M,"48,8853100","2,2700500",92,2019,50.0,1.0,1.0,4.0,2164004,1.0,1,1,2,5.0,,-1.0,0,1958.0,A01,138Â 288Â 446,1.0,0.0,-1.0,1652242,1.0,7,,0.0,2.0,1.0,A01,138Â 288Â 446,1.0
968129,201900009660,3,22,19:56,3,2,2,1.0,5.0,92051,"JEAN MERMOZ (BOULEVARD, NÂ° 1 A 3 ET 2 A",M,"48,8853100","2,2700500",92,2019,50.0,1.0,1.0,4.0,2164005,2.0,2,1,1,0.0,,-1.0,0,1995.0,A01,138Â 288Â 446,1.0,0.0,-1.0,1652240,1.0,7,,0.0,2.0,5.0,B01,138Â 288Â 444,1.0
968129,201900009660,3,22,19:56,3,2,2,1.0,5.0,92051,"JEAN MERMOZ (BOULEVARD, NÂ° 1 A 3 ET 2 A",M,"48,8853100","2,2700500",92,2019,50.0,1.0,1.0,4.0,2164005,2.0,2,1,1,0.0,,-1.0,0,1995.0,A01,138Â 288Â 446,1.0,0.0,-1.0,1652241,3.0,7,,1.0,0.0,0.0,C01,138Â 288Â 445,1.0
968129,201900009660,3,22,19:56,3,2,2,1.0,5.0,92051,"JEAN MERMOZ (BOULEVARD, NÂ° 1 A 3 ET 2 A",M,"48,8853100","2,2700500",92,2019,50.0,1.0,1.0,4.0,2164005,2.0,2,1,1,0.0,,-1.0,0,1995.0,A01,138Â 288Â 446,1.0,0.0,-1.0,1652242,1.0,7,,0.0,2.0,1.0,A01,138Â 288Â 446,1.0
968130,201900009661,3,25,10:12,1,2,1,1.0,2.0,92050,PICASSO PABLO AVENUE,M,"48,8890300","2,2294400",92,2019,50.0,1.0,1.0,4.0,2164006,1.0,1,4,2,1.0,,-1.0,0,1988.0,A01,138Â 288Â 442,1.0,5.0,-1.0,1652243,1.0,7,,0.0,2.0,2.0,A01,138Â 288Â 442,1.0
968130,201900009661,3,25,10:12,1,2,1,1.0,2.0,92050,PICASSO PABLO AVENUE,M,"48,8890300","2,2294400",92,2019,50.0,1.0,1.0,4.0,2164006,1.0,1,4,2,1.0,,-1.0,0,1988.0,A01,138Â 288Â 442,1.0,5.0,-1.0,1652244,1.0,7,,0.0,2.0,6.0,B01,138Â 288Â 443,1.0
968130,201900009661,3,25,10:12,1,2,1,1.0,2.0,92050,PICASSO PABLO AVENUE,M,"48,8890300","2,2294400",92,2019,50.0,1.0,1.0,4.0,2164007,1.0,1,1,2,0.0,,-1.0,0,1961.0,B01,138Â 288Â 443,1.0,0.0,-1.0,1652243,1.0,7,,0.0,2.0,2.0,A01,138Â 288Â 442,1.0
968130,201900009661,3,25,10:12,1,2,1,1.0,2.0,92050,PICASSO PABLO AVENUE,M,"48,8890300","2,2294400",92,2019,50.0,1.0,1.0,4.0,2164007,1.0,1,1,2,0.0,,-1.0,0,1961.0,B01,138Â 288Â 443,1.0,0.0,-1.0,1652244,1.0,7,,0.0,2.0,6.0,B01,138Â 288Â 443,1.0
968131,201900009662,3,23,15:50,1,2,1,1.0,6.0,92050,PICASSO PABLO AVENUE,M,"48,8902860","2,2182450",92,2019,50.0,1.0,1.0,4.0,2164008,1.0,1,4,1,5.0,,-1.0,0,1988.0,B01,138Â 288Â 440,2.0,8.0,-1.0,1652245,1.0,1,,1.0,0.0,1.0,B01,138Â 288Â 440,5.0
968131,201900009662,3,23,15:50,1,2,1,1.0,6.0,92050,PICASSO PABLO AVENUE,M,"48,8902860","2,2182450",92,2019,50.0,1.0,1.0,4.0,2164008,1.0,1,4,1,5.0,,-1.0,0,1988.0,B01,138Â 288Â 440,2.0,8.0,-1.0,1652246,1.0,7,,0.0,0.0,3.0,A01,138Â 288Â 441,0.0
968131,201900009662,3,23,15:50,1,2,1,1.0,6.0,92050,PICASSO PABLO AVENUE,M,"48,8902860","2,2182450",92,2019,50.0,1.0,1.0,4.0,2164009,1.0,1,1,2,3.0,,-1.0,0,1970.0,A01,138Â 288Â 441,1.0,0.0,-1.0,1652245,1.0,1,,1.0,0.0,1.0,B01,138Â 288Â 440,5.0
968131,201900009662,3,23,15:50,1,2,1,1.0,6.0,92050,PICASSO PABLO AVENUE,M,"48,8902860","2,2182450",92,2019,50.0,1.0,1.0,4.0,2164009,1.0,1,1,2,3.0,,-1.0,0,1970.0,A01,138Â 288Â 441,1.0,0.0,-1.0,1652246,1.0,7,,0.0,0.0,3.0,A01,138Â 288Â 441,0.0
968132,201900009663,3,22,10:55,1,2,1,8.0,3.0,92050,VAILLANT COUTURIER PAUL RUE,M,"48,8833300","2,2038540",92,2019,50.0,1.0,1.0,3.0,2164010,1.0,1,1,1,9.0,,-1.0,0,1944.0,B01,138Â 288Â 438,1.0,8.0,-1.0,1652247,2.0,7,,0.0,2.0,3.0,B01,138Â 288Â 438,1.0
968132,201900009663,3,22,10:55,1,2,1,8.0,3.0,92050,VAILLANT COUTURIER PAUL RUE,M,"48,8833300","2,2038540",92,2019,50.0,1.0,1.0,3.0,2164010,1.0,1,1,1,9.0,,-1.0,0,1944.0,B01,138Â 288Â 438,1.0,8.0,-1.0,1652248,2.0,31,,0.0,2.0,1.0,A01,138Â 288Â 439,1.0
968132,201900009663,3,22,10:55,1,2,1,8.0,3.0,92050,VAILLANT COUTURIER PAUL RUE,M,"48,8833300","2,2038540",92,2019,50.0,1.0,1.0,3.0,2164011,1.0,1,4,1,9.0,,-1.0,0,1991.0,A01,138Â 288Â 439,2.0,8.0,-1.0,1652247,2.0,7,,0.0,2.0,3.0,B01,138Â 288Â 438,1.0
968132,201900009663,3,22,10:55,1,2,1,8.0,3.0,92050,VAILLANT COUTURIER PAUL RUE,M,"48,8833300","2,2038540",92,2019,50.0,1.0,1.0,3.0,2164011,1.0,1,4,1,9.0,,-1.0,0,1991.0,A01,138Â 288Â 439,2.0,8.0,-1.0,1652248,2.0,31,,0.0,2.0,1.0,A01,138Â 288Â 439,1.0
968133,201900009664,3,21,08:05,1,2,1,1.0,6.0,92050,STALINGRAD RUE DE,M,"48,8936040","2,1969650",92,2019,50.0,1.0,1.0,7.0,2164012,1.0,1,1,2,1.0,,-1.0,0,1964.0,A01,138Â 288Â 437,1.0,5.0,-1.0,1652249,2.0,7,,0.0,1.0,2.0,A01,138Â 288Â 437,1.0
968133,201900009664,3,21,08:05,1,2,1,1.0,6.0,92050,STALINGRAD RUE DE,M,"48,8936040","2,1969650",92,2019,50.0,1.0,1.0,7.0,2164013,10.0,3,4,1,2.0,,2.0,3,2003.0,A01,138Â 288Â 437,8.0,0.0,-1.0,1652249,2.0,7,,0.0,1.0,2.0,A01,138Â 288Â 437,1.0
968134,201900009665,2,18,08:30,1,2,1,1.0,3.0,92050,COMMUNE DE PARIS AVENUE DE LA,M,"48,9029700","2,2040000",92,2019,50.0,1.0,1.0,3.0,2164014,1.0,1,4,2,0.0,,-1.0,0,1957.0,B01,138Â 288Â 435,2.0,0.0,-1.0,1652250,1.0,2,,0.0,2.0,7.0,B01,138Â 288Â 435,0.0
968134,201900009665,2,18,08:30,1,2,1,1.0,3.0,92050,COMMUNE DE PARIS AVENUE DE LA,M,"48,9029700","2,2040000",92,2019,50.0,1.0,1.0,3.0,2164014,1.0,1,4,2,0.0,,-1.0,0,1957.0,B01,138Â 288Â 435,2.0,0.0,-1.0,1652251,1.0,13,,0.0,2.0,8.0,A01,138Â 288Â 436,0.0
968134,201900009665,2,18,08:30,1,2,1,1.0,3.0,92050,COMMUNE DE PARIS AVENUE DE LA,M,"48,9029700","2,2040000",92,2019,50.0,1.0,1.0,3.0,2164015,1.0,1,4,1,4.0,,-1.0,0,1959.0,A01,138Â 288Â 436,8.0,0.0,-1.0,1652250,1.0,2,,0.0,2.0,7.0,B01,138Â 288Â 435,0.0
968134,201900009665,2,18,08:30,1,2,1,1.0,3.0,92050,COMMUNE DE PARIS AVENUE DE LA,M,"48,9029700","2,2040000",92,2019,50.0,1.0,1.0,3.0,2164015,1.0,1,4,1,4.0,,-1.0,0,1959.0,A01,138Â 288Â 436,8.0,0.0,-1.0,1652251,1.0,13,,0.0,2.0,8.0,A01,138Â 288Â 436,0.0
968135,201900009666,2,12,14:00,1,2,3,1.0,6.0,92050,JOFFRE MARECHAL AVENUE DU,M,"48,8853739","2,1958715",92,2019,50.0,1.0,1.0,3.0,2164016,1.0,1,4,1,0.0,,-1.0,0,1968.0,B01,138Â 288Â 432,2.0,6.0,-1.0,1652252,1.0,33,,0.0,2.0,1.0,B01,138Â 288Â 432,1.0
968135,201900009666,2,12,14:00,1,2,3,1.0,6.0,92050,JOFFRE MARECHAL AVENUE DU,M,"48,8853739","2,1958715",92,2019,50.0,1.0,1.0,3.0,2164016,1.0,1,4,1,0.0,,-1.0,0,1968.0,B01,138Â 288Â 432,2.0,6.0,-1.0,1652253,2.0,7,,0.0,2.0,1.0,A01,138Â 288Â 433,1.0
968135,201900009666,2,12,14:00,1,2,3,1.0,6.0,92050,JOFFRE MARECHAL AVENUE DU,M,"48,8853739","2,1958715",92,2019,50.0,1.0,1.0,3.0,2164016,1.0,1,4,1,0.0,,-1.0,0,1968.0,B01,138Â 288Â 432,2.0,6.0,-1.0,1652254,3.0,7,,0.0,2.0,3.0,C01,138Â 288Â 434,1.0
968135,201900009666,2,12,14:00,1,2,3,1.0,6.0,92050,JOFFRE MARECHAL AVENUE DU,M,"48,8853739","2,1958715",92,2019,50.0,1.0,1.0,3.0,2164017,1.0,1,1,2,0.0,,-1.0,0,1980.0,A01,138Â 288Â 433,8.0,8.0,-1.0,1652252,1.0,33,,0.0,2.0,1.0,B01,138Â 288Â 432,1.0
968135,201900009666,2,12,14:00,1,2,3,1.0,6.0,92050,JOFFRE MARECHAL AVENUE DU,M,"48,8853739","2,1958715",92,2019,50.0,1.0,1.0,3.0,2164017,1.0,1,1,2,0.0,,-1.0,0,1980.0,A01,138Â 288Â 433,8.0,8.0,-1.0,1652253,2.0,7,,0.0,2.0,1.0,A01,138Â 288Â 433,1.0
968135,201900009666,2,12,14:00,1,2,3,1.0,6.0,92050,JOFFRE MARECHAL AVENUE DU,M,"48,8853739","2,1958715",92,2019,50.0,1.0,1.0,3.0,2164017,1.0,1,1,2,0.0,,-1.0,0,1980.0,A01,138Â 288Â 433,8.0,8.0,-1.0,1652254,3.0,7,,0.0,2.0,3.0,C01,138Â 288Â 434,1.0
968135,201900009666,2,12,14:00,1,2,3,1.0,6.0,92050,JOFFRE MARECHAL AVENUE DU,M,"48,8853739","2,1958715",92,2019,50.0,1.0,1.0,3.0,2164018,1.0,1,1,1,9.0,,-1.0,0,1980.0,C01,138Â 288Â 434,8.0,0.0,-1.0,1652252,1.0,33,,0.0,2.0,1.0,B01,138Â 288Â 432,1.0
968135,201900009666,2,12,14:00,1,2,3,1.0,6.0,92050,JOFFRE MARECHAL AVENUE DU,M,"48,8853739","2,1958715",92,2019,50.0,1.0,1.0,3.0,2164018,1.0,1,1,1,9.0,,-1.0,0,1980.0,C01,138Â 288Â 434,8.0,0.0,-1.0,1652253,2.0,7,,0.0,2.0,1.0,A01,138Â 288Â 433,1.0
968135,201900009666,2,12,14:00,1,2,3,1.0,6.0,92050,JOFFRE MARECHAL AVENUE DU,M,"48,8853739","2,1958715",92,2019,50.0,1.0,1.0,3.0,2164018,1.0,1,1,1,9.0,,-1.0,0,1980.0,C01,138Â 288Â 434,8.0,0.0,-1.0,1652254,3.0,7,,0.0,2.0,3.0,C01,138Â 288Â 434,1.0
968136,201900009667,3,23,13:45,1,2,2,1.0,4.0,92049,BARBES RUE,M,"48,8170613","2,3314334",92,2019,50.0,1.0,1.0,3.0,2164019,1.0,1,1,1,4.0,,-1.0,0,1979.0,A01,138Â 288Â 429,1.0,0.0,-1.0,1652255,2.0,13,,0.0,2.0,1.0,A01,138Â 288Â 429,1.0
968136,201900009667,3,23,13:45,1,2,2,1.0,4.0,92049,BARBES RUE,M,"48,8170613","2,3314334",92,2019,50.0,1.0,1.0,3.0,2164019,1.0,1,1,1,4.0,,-1.0,0,1979.0,A01,138Â 288Â 429,1.0,0.0,-1.0,1652256,2.0,7,,0.0,0.0,4.0,C01,138Â 288Â 430,0.0
968136,201900009667,3,23,13:45,1,2,2,1.0,4.0,92049,BARBES RUE,M,"48,8170613","2,3314334",92,2019,50.0,1.0,1.0,3.0,2164019,1.0,1,1,1,4.0,,-1.0,0,1979.0,A01,138Â 288Â 429,1.0,0.0,-1.0,1652257,2.0,7,,0.0,2.0,4.0,B01,138Â 288Â 431,0.0
968136,201900009667,3,23,13:45,1,2,2,1.0,4.0,92049,BARBES RUE,M,"48,8170613","2,3314334",92,2019,50.0,1.0,1.0,3.0,2164020,1.0,1,1,2,5.0,,-1.0,0,1981.0,C01,138Â 288Â 430,1.0,0.0,-1.0,1652255,2.0,13,,0.0,2.0,1.0,A01,138Â 288Â 429,1.0
968136,201900009667,3,23,13:45,1,2,2,1.0,4.0,92049,BARBES RUE,M,"48,8170613","2,3314334",92,2019,50.0,1.0,1.0,3.0,2164020,1.0,1,1,2,5.0,,-1.0,0,1981.0,C01,138Â 288Â 430,1.0,0.0,-1.0,1652256,2.0,7,,0.0,0.0,4.0,C01,138Â 288Â 430,0.0
968136,201900009667,3,23,13:45,1,2,2,1.0,4.0,92049,BARBES RUE,M,"48,8170613","2,3314334",92,2019,50.0,1.0,1.0,3.0,2164020,1.0,1,1,2,5.0,,-1.0,0,1981.0,C01,138Â 288Â 430,1.0,0.0,-1.0,1652257,2.0,7,,0.0,2.0,4.0,B01,138Â 288Â 431,0.0
968136,201900009667,3,23,13:45,1,2,2,1.0,4.0,92049,BARBES RUE,M,"48,8170613","2,3314334",92,2019,50.0,1.0,1.0,3.0,2164021,1.0,1,1,1,5.0,,-1.0,0,1988.0,B01,138Â 288Â 431,1.0,0.0,-1.0,1652255,2.0,13,,0.0,2.0,1.0,A01,138Â 288Â 429,1.0
968136,201900009667,3,23,13:45,1,2,2,1.0,4.0,92049,BARBES RUE,M,"48,8170613","2,3314334",92,2019,50.0,1.0,1.0,3.0,2164021,1.0,1,1,1,5.0,,-1.0,0,1988.0,B01,138Â 288Â 431,1.0,0.0,-1.0,1652256,2.0,7,,0.0,0.0,4.0,C01,138Â 288Â 430,0.0
968136,201900009667,3,23,13:45,1,2,2,1.0,4.0,92049,BARBES RUE,M,"48,8170613","2,3314334",92,2019,50.0,1.0,1.0,3.0,2164021,1.0,1,1,1,5.0,,-1.0,0,1988.0,B01,138Â 288Â 431,1.0,0.0,-1.0,1652257,2.0,7,,0.0,2.0,4.0,B01,138Â 288Â 431,0.0
968136,201900009667,3,23,13:45,1,2,2,1.0,4.0,92049,BARBES RUE,M,"48,8170613","2,3314334",92,2019,50.0,1.0,1.0,3.0,2164022,2.0,2,4,2,5.0,,-1.0,0,1994.0,B01,138Â 288Â 431,1.0,0.0,-1.0,1652255,2.0,13,,0.0,2.0,1.0,A01,138Â 288Â 429,1.0
968136,201900009667,3,23,13:45,1,2,2,1.0,4.0,92049,BARBES RUE,M,"48,8170613","2,3314334",92,2019,50.0,1.0,1.0,3.0,2164022,2.0,2,4,2,5.0,,-1.0,0,1994.0,B01,138Â 288Â 431,1.0,0.0,-1.0,1652256,2.0,7,,0.0,0.0,4.0,C01,138Â 288Â 430,0.0
968136,201900009667,3,23,13:45,1,2,2,1.0,4.0,92049,BARBES RUE,M,"48,8170613","2,3314334",92,2019,50.0,1.0,1.0,3.0,2164022,2.0,2,4,2,5.0,,-1.0,0,1994.0,B01,138Â 288Â 431,1.0,0.0,-1.0,1652257,2.0,7,,0.0,2.0,4.0,B01,138Â 288Â 431,0.0
968137,201900009668,3,21,10:42,1,2,1,1.0,6.0,92048,FOSSES (AVENUE DES),M,"48,8085900","2,2470900",92,2019,50.0,1.0,1.0,4.0,2164023,10.0,3,4,1,0.0,,5.0,2,1958.0,A01,138Â 288Â 428,0.0,0.0,-1.0,1652258,1.0,7,,0.0,1.0,3.0,A01,138Â 288Â 428,1.0
968137,201900009668,3,21,10:42,1,2,1,1.0,6.0,92048,FOSSES (AVENUE DES),M,"48,8085900","2,2470900",92,2019,50.0,1.0,1.0,4.0,2164024,1.0,1,1,2,5.0,,-1.0,0,1933.0,A01,138Â 288Â 428,1.0,8.0,-1.0,1652258,1.0,7,,0.0,1.0,3.0,A01,138Â 288Â 428,1.0
968138,201900009669,1,21,08:15,1,2,1,1.0,6.0,92048,MARECHAL LECLERC (AVENUE DU),M,"48,7878100","2,2226390",92,2019,50.0,1.0,7.0,4.0,2164025,10.0,3,4,1,0.0,,3.0,3,1989.0,A01,138Â 288Â 427,0.0,0.0,0.0,1652259,1.0,7,,0.0,1.0,2.0,A01,138Â 288Â 427,1.0
968138,201900009669,1,21,08:15,1,2,1,1.0,6.0,92048,MARECHAL LECLERC (AVENUE DU),M,"48,7878100","2,2226390",92,2019,50.0,1.0,7.0,4.0,2164026,1.0,1,1,1,1.0,,-1.0,0,1970.0,A01,138Â 288Â 427,1.0,8.0,-1.0,1652259,1.0,7,,0.0,1.0,2.0,A01,138Â 288Â 427,1.0
968139,201900009670,2,19,15:40,1,2,2,1.0,2.0,92044,PDT WILSON(RUE)23A49 ET 26A52,M,"48,8905620","2,2917374",92,2019,50.0,1.0,1.0,4.0,2164027,1.0,1,4,1,5.0,,-1.0, -1,1966.0,B01,138Â 288Â 425,8.0,0.0,-1.0,1652260,1.0,60,,0.0,2.0,5.0,B01,138Â 288Â 425,5.0
968139,201900009670,2,19,15:40,1,2,2,1.0,2.0,92044,PDT WILSON(RUE)23A49 ET 26A52,M,"48,8905620","2,2917374",92,2019,50.0,1.0,1.0,4.0,2164027,1.0,1,4,1,5.0,,-1.0, -1,1966.0,B01,138Â 288Â 425,8.0,0.0,-1.0,1652261,1.0,30,,0.0,9.0,1.0,A01,138Â 288Â 426,1.0
968139,201900009670,2,19,15:40,1,2,2,1.0,2.0,92044,PDT WILSON(RUE)23A49 ET 26A52,M,"48,8905620","2,2917374",92,2019,50.0,1.0,1.0,4.0,2164028,1.0,1,1,1,5.0,,-1.0, -1,1994.0,A01,138Â 288Â 426,8.0,0.0,-1.0,1652260,1.0,60,,0.0,2.0,5.0,B01,138Â 288Â 425,5.0
968139,201900009670,2,19,15:40,1,2,2,1.0,2.0,92044,PDT WILSON(RUE)23A49 ET 26A52,M,"48,8905620","2,2917374",92,2019,50.0,1.0,1.0,4.0,2164028,1.0,1,1,1,5.0,,-1.0, -1,1994.0,A01,138Â 288Â 426,8.0,0.0,-1.0,1652261,1.0,30,,0.0,9.0,1.0,A01,138Â 288Â 426,1.0
968140,201900009671,3,20,13:20,1,2,9,1.0,3.0,92044,LEVALLOIS( PONT DE),M,"48,8988801","2,2789120",92,2019,50.0,1.0,1.0,3.0,2164029,1.0,1,4,1,3.0,,-1.0,0,1993.0,B01,138Â 288Â 423,2.0,8.0,-1.0,1652262,1.0,34,,0.0,2.0,7.0,B01,138Â 288Â 423,1.0
968140,201900009671,3,20,13:20,1,2,9,1.0,3.0,92044,LEVALLOIS( PONT DE),M,"48,8988801","2,2789120",92,2019,50.0,1.0,1.0,3.0,2164029,1.0,1,4,1,3.0,,-1.0,0,1993.0,B01,138Â 288Â 423,2.0,8.0,-1.0,1652263,1.0,7,,0.0,2.0,3.0,A01,138Â 288Â 424,1.0
968140,201900009671,3,20,13:20,1,2,9,1.0,3.0,92044,LEVALLOIS( PONT DE),M,"48,8988801","2,2789120",92,2019,50.0,1.0,1.0,3.0,2164030,1.0,1,1,1,5.0,,-1.0,0,1955.0,A01,138Â 288Â 424,1.0,0.0,-1.0,1652262,1.0,34,,0.0,2.0,7.0,B01,138Â 288Â 423,1.0