Unnamed: 0_x,num_acc,mois,jour,hrmn,lum,agg,int,atm,col,com,adr,gps,lat,long,dep,annee,vma,situ,surf,catr,Unnamed: 0_y,place,catu,grav,sexe,trajet,secu,locp,actp,an_nais,num_veh_x,id_vehicule_x,secu1,secu2,secu3,Unnamed: 0,senc,catv,occutc,obs,obsm,choc,num_veh_y,id_vehicule_y,motor
968140,201900009671,3,20,13:20,1,2,9,1.0,3.0,92044,LEVALLOIS( PONT DE),M,"48,8988801","2,2789120",92,2019,50.0,1.0,1.0,3.0,2164030,1.0,1,1,1,5.0,,-1.0,0,1955.0,A01,138Â 288Â 424,1.0,0.0,-1.0,1652263,1.0,7,,0.0,2.0,3.0,A01,138Â 288Â 424,1.0
968141,201900009672,3,22,17:50,1,2,6,1.0,3.0,92040,VERDUN (AVENUE DE) DU 152 AU 226,M,"48,9179200","2,2485200",92,2019,30.0,1.0,1.0,3.0,2164031,1.0,1,1,1,1.0,,-1.0,0,1973.0,B01,138Â 288Â 421,1.0,0.0,-1.0,1652264,0.0,7,,0.0,2.0,3.0,B01,138Â 288Â 421,1.0
968141,201900009672,3,22,17:50,1,2,6,1.0,3.0,92040,VERDUN (AVENUE DE) DU 152 AU 226,M,"48,9179200","2,2485200",92,2019,30.0,1.0,1.0,3.0,2164031,1.0,1,1,1,1.0,,-1.0,0,1973.0,B01,138Â 288Â 421,1.0,0.0,-1.0,1652265,0.0,31,,0.0,2.0,1.0,A01,138Â 288Â 422,1.0
968141,201900009672,3,22,17:50,1,2,6,1.0,3.0,92040,VERDUN (AVENUE DE) DU 152 AU 226,M,"48,9179200","2,2485200",92,2019,30.0,1.0,1.0,3.0,2164032,1.0,1,4,1,2.0,,-1.0,0,1995.0,A01,138Â 288Â 422,2.0,6.0,-1.0,1652264,0.0,7,,0.0,2.0,3.0,B01,138Â 288Â 421,1.0
968141,201900009672,3,22,17:50,1,2,6,1.0,3.0,92040,VERDUN (AVENUE DE) DU 152 AU 226,M,"48,9179200","2,2485200",92,2019,30.0,1.0,1.0,3.0,2164032,1.0,1,4,1,2.0,,-1.0,0,1995.0,A01,138Â 288Â 422,2.0,6.0,-1.0,1652265,0.0,31,,0.0,2.0,1.0,A01,138Â 288Â 422,1.0
968142,201900009673,2,25,09:10,1,2,1,1.0,1.0,92035,RÃ©publique ( boulevard de la ),M,"48,9072957","2,2412616",92,2019,50.0,1.0,1.0,3.0,2164033,1.0,1,1,1,1.0,,-1.0,0,1985.0,A01,138Â 288Â 419,1.0,0.0,-1.0,1652266,2.0,7,,0.0,2.0,1.0,A01,138Â 288Â 419,1.0
968142,201900009673,2,25,09:10,1,2,1,1.0,1.0,92035,RÃ©publique ( boulevard de la ),M,"48,9072957","2,2412616",92,2019,50.0,1.0,1.0,3.0,2164033,1.0,1,1,1,1.0,,-1.0,0,1985.0,A01,138Â 288Â 419,1.0,0.0,-1.0,1652267,3.0,50,,0.0,2.0,3.0,B01,138Â 288Â 420,3.0
968142,201900009673,2,25,09:10,1,2,1,1.0,1.0,92035,RÃ©publique ( boulevard de la ),M,"48,9072957","2,2412616",92,2019,50.0,1.0,1.0,3.0,2164034,1.0,1,4,1,1.0,,-1.0,0,2001.0,B01,138Â 288Â 420,8.0,0.0,-1.0,1652266,2.0,7,,0.0,2.0,1.0,A01,138Â 288Â 419,1.0
968142,201900009673,2,25,09:10,1,2,1,1.0,1.0,92035,RÃ©publique ( boulevard de la ),M,"48,9072957","2,2412616",92,2019,50.0,1.0,1.0,3.0,2164034,1.0,1,4,1,1.0,,-1.0,0,2001.0,B01,138Â 288Â 420,8.0,0.0,-1.0,1652267,3.0,50,,0.0,2.0,3.0,B01,138Â 288Â 420,3.0
968143,201900009674,3,21,20:45,5,2,1,1.0,3.0,92035,RÃ©publique ( boulevard de la ),M,"48,9073000","2,2417500",92,2019,50.0,1.0,1.0,4.0,2164035,1.0,1,1,2,1.0,,-1.0,0,1989.0,A01,138Â 288Â 417,1.0,0.0,-1.0,1652268,1.0,7,,0.0,2.0,3.0,A01,138Â 288Â 417,1.0
968143,201900009674,3,21,20:45,5,2,1,1.0,3.0,92035,RÃ©publique ( boulevard de la ),M,"48,9073000","2,2417500",92,2019,50.0,1.0,1.0,4.0,2164035,1.0,1,1,2,1.0,,-1.0,0,1989.0,A01,138Â 288Â 417,1.0,0.0,-1.0,1652269,1.0,2,,1.0,0.0,2.0,B01,138Â 288Â 418,0.0
968143,201900009674,3,21,20:45,5,2,1,1.0,3.0,92035,RÃ©publique ( boulevard de la ),M,"48,9073000","2,2417500",92,2019,50.0,1.0,1.0,4.0,2164036,1.0,1,4,2,1.0,,-1.0,0,1998.0,B01,138Â 288Â 418,2.0,0.0,-1.0,1652268,1.0,7,,0.0,2.0,3.0,A01,138Â 288Â 417,1.0
968143,201900009674,3,21,20:45,5,2,1,1.0,3.0,92035,RÃ©publique ( boulevard de la ),M,"48,9073000","2,2417500",92,2019,50.0,1.0,1.0,4.0,2164036,1.0,1,4,2,1.0,,-1.0,0,1998.0,B01,138Â 288Â 418,2.0,0.0,-1.0,1652269,1.0,2,,1.0,0.0,2.0,B01,138Â 288Â 418,0.0
968144,201900009675,3,25,13:50,1,2,3,1.0,3.0,92026,PRÃSIDENT PAUL DOUMER (QUAI DU),M,"48,8901059","2,2562481",92,2019,50.0,1.0,1.0,3.0,2164037,1.0,1,4,1,4.0,,-1.0,0,1995.0,A01,138Â 288Â 414,2.0,8.0,-1.0,1652270,3.0,32,,0.0,2.0,7.0,A01,138Â 288Â 414,1.0
968144,201900009675,3,25,13:50,1,2,3,1.0,3.0,92026,PRÃSIDENT PAUL DOUMER (QUAI DU),M,"48,8901059","2,2562481",92,2019,50.0,1.0,1.0,3.0,2164037,1.0,1,4,1,4.0,,-1.0,0,1995.0,A01,138Â 288Â 414,2.0,8.0,-1.0,1652271,3.0,7,,0.0,2.0,6.0,B01,138Â 288Â 415,1.0
968144,201900009675,3,25,13:50,1,2,3,1.0,3.0,92026,PRÃSIDENT PAUL DOUMER (QUAI DU),M,"48,8901059","2,2562481",92,2019,50.0,1.0,1.0,3.0,2164038,1.0,1,1,1,1.0,,-1.0,0,1974.0,B01,138Â 288Â 415,1.0,0.0,-1.0,1652270,3.0,32,,0.0,2.0,7.0,A01,138Â 288Â 414,1.0
968144,201900009675,3,25,13:50,1,2,3,1.0,3.0,92026,PRÃSIDENT PAUL DOUMER (QUAI DU),M,"48,8901059","2,2562481",92,2019,50.0,1.0,1.0,3.0,2164038,1.0,1,1,1,1.0,,-1.0,0,1974.0,B01,138Â 288Â 415,1.0,0.0,-1.0,1652271,3.0,7,,0.0,2.0,6.0,B01,138Â 288Â 415,1.0
968145,201900009676,3,25,13:50,1,2,9,1.0,6.0,92026,CHARRAS,M,"48,8948670","2,2499990",92,2019,50.0,1.0,1.0,4.0,2164039,10.0,3,4,1,0.0,,4.0,3,2005.0,A01,138Â 288Â 413,8.0,0.0,-1.0,1652272,1.0,31,,0.0,1.0,1.0,A01,138Â 288Â 413,1.0
968145,201900009676,3,25,13:50,1,2,9,1.0,6.0,92026,CHARRAS,M,"48,8948670","2,2499990",92,2019,50.0,1.0,1.0,4.0,2164040,1.0,1,4,1,1.0,,0.0,0,1987.0,A01,138Â 288Â 413,2.0,8.0,-1.0,1652272,1.0,31,,0.0,1.0,1.0,A01,138Â 288Â 413,1.0
968146,201900009677,3,22,20:30,5,2,1,1.0,3.0,92026,CARLE HEBERT,M,"48,8940200","2,2549400",92,2019,50.0,1.0,1.0,4.0,2164041,1.0,1,4,1,5.0,,-1.0,0,2000.0,B01,138Â 288Â 411,2.0,6.0,-1.0,1652273,3.0,30,,1.0,2.0,1.0,B01,138Â 288Â 411,1.0
968146,201900009677,3,22,20:30,5,2,1,1.0,3.0,92026,CARLE HEBERT,M,"48,8940200","2,2549400",92,2019,50.0,1.0,1.0,4.0,2164041,1.0,1,4,1,5.0,,-1.0,0,2000.0,B01,138Â 288Â 411,2.0,6.0,-1.0,1652274,3.0,10,,1.0,2.0,3.0,A01,138Â 288Â 412,1.0
968146,201900009677,3,22,20:30,5,2,1,1.0,3.0,92026,CARLE HEBERT,M,"48,8940200","2,2549400",92,2019,50.0,1.0,1.0,4.0,2164042,1.0,1,1,1,1.0,,-1.0,0,1965.0,A01,138Â 288Â 412,1.0,8.0,-1.0,1652273,3.0,30,,1.0,2.0,1.0,B01,138Â 288Â 411,1.0
968146,201900009677,3,22,20:30,5,2,1,1.0,3.0,92026,CARLE HEBERT,M,"48,8940200","2,2549400",92,2019,50.0,1.0,1.0,4.0,2164042,1.0,1,1,1,1.0,,-1.0,0,1965.0,A01,138Â 288Â 412,1.0,8.0,-1.0,1652274,3.0,10,,1.0,2.0,3.0,A01,138Â 288Â 412,1.0
968147,201900009678,3,22,15:00,1,2,1,1.0,5.0,92026,PRÃSIDENT PAUL DOUMER (QUAI DU),M,"48,8921990","2,2588904",92,2019,50.0,1.0,1.0,3.0,2164043,1.0,1,1,1,4.0,,-1.0,0,1974.0,B01,138Â 288Â 408,1.0,8.0,-1.0,1652275,3.0,10,,0.0,2.0,5.0,B01,138Â 288Â 408,1.0
968147,201900009678,3,22,15:00,1,2,1,1.0,5.0,92026,PRÃSIDENT PAUL DOUMER (QUAI DU),M,"48,8921990","2,2588904",92,2019,50.0,1.0,1.0,3.0,2164043,1.0,1,1,1,4.0,,-1.0,0,1974.0,B01,138Â 288Â 408,1.0,8.0,-1.0,1652276,3.0,7,,0.0,2.0,3.0,C01,138Â 288Â 409,1.0
968147,201900009678,3,22,15:00,1,2,1,1.0,5.0,92026,PRÃSIDENT PAUL DOUMER (QUAI DU),M,"48,8921990","2,2588904",92,2019,50.0,1.0,1.0,3.0,2164043,1.0,1,1,1,4.0,,-1.0,0,1974.0,B01,138Â 288Â 408,1.0,8.0,-1.0,1652277,3.0,33,,0.0,2.0,1.0,A01,138Â 288Â 410,1.0
968147,201900009678,3,22,15:00,1,2,1,1.0,5.0,92026,PRÃSIDENT PAUL DOUMER (QUAI DU),M,"48,8921990","2,2588904",92,2019,50.0,1.0,1.0,3.0,2164044,1.0,1,1,1,4.0,,-1.0,0,1969.0,C01,138Â 288Â 409,8.0,8.0,-1.0,1652275,3.0,10,,0.0,2.0,5.0,B01,138Â 288Â 408,1.0
968147,201900009678,3,22,15:00,1,2,1,1.0,5.0,92026,PRÃSIDENT PAUL DOUMER (QUAI DU),M,"48,8921990","2,2588904",92,2019,50.0,1.0,1.0,3.0,2164044,1.0,1,1,1,4.0,,-1.0,0,1969.0,C01,138Â 288Â 409,8.0,8.0,-1.0,1652276,3.0,7,,0.0,2.0,3.0,C01,138Â 288Â 409,1.0
968147,201900009678,3,22,15:00,1,2,1,1.0,5.0,92026,PRÃSIDENT PAUL DOUMER (QUAI DU),M,"48,8921990","2,2588904",92,2019,50.0,1.0,1.0,3.0,2164044,1.0,1,1,1,4.0,,-1.0,0,1969.0,C01,138Â 288Â 409,8.0,8.0,-1.0,1652277,3.0,33,,0.0,2.0,1.0,A01,138Â 288Â 410,1.0
968147,201900009678,3,22,15:00,1,2,1,1.0,5.0,92026,PRÃSIDENT PAUL DOUMER (QUAI DU),M,"48,8921990","2,2588904",92,2019,50.0,1.0,1.0,3.0,2164045,1.0,1,1,1,5.0,,-1.0,0,1986.0,A01,138Â 288Â 410,2.0,6.0,-1.0,1652275,3.0,10,,0.0,2.0,5.0,B01,138Â 288Â 408,1.0
968147,201900009678,3,22,15:00,1,2,1,1.0,5.0,92026,PRÃSIDENT PAUL DOUMER (QUAI DU),M,"48,8921990","2,2588904",92,2019,50.0,1.0,1.0,3.0,2164045,1.0,1,1,1,5.0,,-1.0,0,1986.0,A01,138Â 288Â 410,2.0,6.0,-1.0,1652276,3.0,7,,0.0,2.0,3.0,C01,138Â 288Â 409,1.0
968147,201900009678,3,22,15:00,1,2,1,1.0,5.0,92026,PRÃSIDENT PAUL DOUMER (QUAI DU),M,"48,8921990","2,2588904",92,2019,50.0,1.0,1.0,3.0,2164045,1.0,1,1,1,5.0,,-1.0,0,1986.0,A01,138Â 288Â 410,2.0,6.0,-1.0,1652277,3.0,33,,0.0,2.0,1.0,A01,138Â 288Â 410,1.0
968147,201900009678,3,22,15:00,1,2,1,1.0,5.0,92026,PRÃSIDENT PAUL DOUMER (QUAI DU),M,"48,8921990","2,2588904",92,2019,50.0,1.0,1.0,3.0,2164046,2.0,2,4,1,5.0,,-1.0,0,1981.0,A01,138Â 288Â 410,2.0,6.0,-1.0,1652275,3.0,10,,0.0,2.0,5.0,B01,138Â 288Â 408,1.0
968147,201900009678,3,22,15:00,1,2,1,1.0,5.0,92026,PRÃSIDENT PAUL DOUMER (QUAI DU),M,"48,8921990","2,2588904",92,2019,50.0,1.0,1.0,3.0,2164046,2.0,2,4,1,5.0,,-1.0,0,1981.0,A01,138Â 288Â 410,2.0,6.0,-1.0,1652276,3.0,7,,0.0,2.0,3.0,C01,138Â 288Â 409,1.0
968147,201900009678,3,22,15:00,1,2,1,1.0,5.0,92026,PRÃSIDENT PAUL DOUMER (QUAI DU),M,"48,8921990","2,2588904",92,2019,50.0,1.0,1.0,3.0,2164046,2.0,2,4,1,5.0,,-1.0,0,1981.0,A01,138Â 288Â 410,2.0,6.0,-1.0,1652277,3.0,33,,0.0,2.0,1.0,A01,138Â 288Â 410,1.0
968148,201900009679,3,21,09:45,1,2,1,1.0,3.0,92026,MARECHAL JOFFRE (QUAI DU),M,"48,8974017","2,2661093",92,2019,70.0,1.0,1.0,3.0,2164047,1.0,1,4,1,1.0,,-1.0,0,1994.0,B01,138Â 288Â 406,2.0,6.0,-1.0,1652278,3.0,33,,0.0,2.0,5.0,B01,138Â 288Â 406,1.0
968148,201900009679,3,21,09:45,1,2,1,1.0,3.0,92026,MARECHAL JOFFRE (QUAI DU),M,"48,8974017","2,2661093",92,2019,70.0,1.0,1.0,3.0,2164047,1.0,1,4,1,1.0,,-1.0,0,1994.0,B01,138Â 288Â 406,2.0,6.0,-1.0,1652279,3.0,7,,0.0,2.0,8.0,Z01,138Â 288Â 407,0.0
968149,201900009680,3,19,08:40,1,2,1,1.0,3.0,92026,MARECHAL JOFFRE (QUAI DU),M,"48,8983051","2,2685928",92,2019,50.0,1.0,1.0,3.0,2164048,1.0,1,4,1,2.0,,-1.0,0,1995.0,A01,138Â 288Â 404,2.0,0.0,-1.0,1652280,1.0,32,,0.0,2.0,7.0,A01,138Â 288Â 404,1.0
968149,201900009680,3,19,08:40,1,2,1,1.0,3.0,92026,MARECHAL JOFFRE (QUAI DU),M,"48,8983051","2,2685928",92,2019,50.0,1.0,1.0,3.0,2164048,1.0,1,4,1,2.0,,-1.0,0,1995.0,A01,138Â 288Â 404,2.0,0.0,-1.0,1652281,1.0,10,,0.0,2.0,2.0,C01,138Â 288Â 405,1.0
968149,201900009680,3,19,08:40,1,2,1,1.0,3.0,92026,MARECHAL JOFFRE (QUAI DU),M,"48,8983051","2,2685928",92,2019,50.0,1.0,1.0,3.0,2164049,1.0,1,1,1,4.0,,-1.0,0,1958.0,C01,138Â 288Â 405,1.0,0.0,-1.0,1652280,1.0,32,,0.0,2.0,7.0,A01,138Â 288Â 404,1.0
968149,201900009680,3,19,08:40,1,2,1,1.0,3.0,92026,MARECHAL JOFFRE (QUAI DU),M,"48,8983051","2,2685928",92,2019,50.0,1.0,1.0,3.0,2164049,1.0,1,1,1,4.0,,-1.0,0,1958.0,C01,138Â 288Â 405,1.0,0.0,-1.0,1652281,1.0,10,,0.0,2.0,2.0,C01,138Â 288Â 405,1.0
968150,201900009681,3,19,16:20,1,2,1,1.0,1.0,92025,PAUL BERT (RUE),M,"48,9301047","2,2456577",92,2019,50.0,1.0,1.0,3.0,2164050,1.0,1,1,1,9.0,,-1.0,0,1982.0,A01,138Â 288Â 402,1.0,0.0,-1.0,1652282,1.0,7,,0.0,2.0,1.0,A01,138Â 288Â 402,1.0
968150,201900009681,3,19,16:20,1,2,1,1.0,1.0,92025,PAUL BERT (RUE),M,"48,9301047","2,2456577",92,2019,50.0,1.0,1.0,3.0,2164050,1.0,1,1,1,9.0,,-1.0,0,1982.0,A01,138Â 288Â 402,1.0,0.0,-1.0,1652283,3.0,34,,0.0,2.0,1.0,B01,138Â 288Â 403,1.0
968150,201900009681,3,19,16:20,1,2,1,1.0,1.0,92025,PAUL BERT (RUE),M,"48,9301047","2,2456577",92,2019,50.0,1.0,1.0,3.0,2164051,1.0,1,4,1,9.0,,-1.0,0,1971.0,B01,138Â 288Â 403,2.0,0.0,-1.0,1652282,1.0,7,,0.0,2.0,1.0,A01,138Â 288Â 402,1.0
968150,201900009681,3,19,16:20,1,2,1,1.0,1.0,92025,PAUL BERT (RUE),M,"48,9301047","2,2456577",92,2019,50.0,1.0,1.0,3.0,2164051,1.0,1,4,1,9.0,,-1.0,0,1971.0,B01,138Â 288Â 403,2.0,0.0,-1.0,1652283,3.0,34,,0.0,2.0,1.0,B01,138Â 288Â 403,1.0
968151,201900009682,3,25,07:00,1,2,1,1.0,6.0,92024,RUE DU 08 MAI 1945,M,"48,8981100","2,3102500",92,2019,50.0,1.0,1.0,4.0,2164052,1.0,1,4,1,1.0,,-1.0,0,1978.0,A01,138Â 288Â 401,2.0,5.0,-1.0,1652284,1.0,32,,0.0,1.0,1.0,A01,138Â 288Â 401,1.0
968151,201900009682,3,25,07:00,1,2,1,1.0,6.0,92024,RUE DU 08 MAI 1945,M,"48,8981100","2,3102500",92,2019,50.0,1.0,1.0,4.0,2164053,10.0,3,4,1,0.0,,1.0,3,1968.0,A01,138Â 288Â 401,8.0,0.0,-1.0,1652284,1.0,32,,0.0,1.0,1.0,A01,138Â 288Â 401,1.0
968152,201900009683,3,21,18:10,1,2,3,1.0,3.0,92023,POMMIERS (RUE DES),M,"48,7919552","2,2676846",92,2019,50.0,1.0,1.0,3.0,2164054,1.0,1,4,1,5.0,,-1.0,0,1991.0,A01,138Â 288Â 399,2.0,0.0,-1.0,1652285,3.0,50,,0.0,2.0,1.0,A01,138Â 288Â 399,3.0
968152,201900009683,3,21,18:10,1,2,3,1.0,3.0,92023,POMMIERS (RUE DES),M,"48,7919552","2,2676846",92,2019,50.0,1.0,1.0,3.0,2164054,1.0,1,4,1,5.0,,-1.0,0,1991.0,A01,138Â 288Â 399,2.0,0.0,-1.0,1652286,1.0,1,,0.0,2.0,7.0,B01,138Â 288Â 400,5.0
968152,201900009683,3,21,18:10,1,2,3,1.0,3.0,92023,POMMIERS (RUE DES),M,"48,7919552","2,2676846",92,2019,50.0,1.0,1.0,3.0,2164055,1.0,1,4,1,0.0,,-1.0,0,1975.0,B01,138Â 288Â 400,2.0,8.0,-1.0,1652285,3.0,50,,0.0,2.0,1.0,A01,138Â 288Â 399,3.0
968152,201900009683,3,21,18:10,1,2,3,1.0,3.0,92023,POMMIERS (RUE DES),M,"48,7919552","2,2676846",92,2019,50.0,1.0,1.0,3.0,2164055,1.0,1,4,1,0.0,,-1.0,0,1975.0,B01,138Â 288Â 400,2.0,8.0,-1.0,1652286,1.0,1,,0.0,2.0,7.0,B01,138Â 288Â 400,5.0
968153,201900009684,3,21,06:30,2,2,3,1.0,3.0,92060,RESISTANCE (AVENUE DE LA) (RD 75),M,"48,7834973","2,2781517",92,2019,50.0,1.0,1.0,3.0,2164056,1.0,1,4,2,0.0,,-1.0,0,1964.0,A01,138Â 288Â 397,1.0,8.0,-1.0,1652287,1.0,7,,0.0,2.0,1.0,A01,138Â 288Â 397,1.0
968153,201900009684,3,21,06:30,2,2,3,1.0,3.0,92060,RESISTANCE (AVENUE DE LA) (RD 75),M,"48,7834973","2,2781517",92,2019,50.0,1.0,1.0,3.0,2164056,1.0,1,4,2,0.0,,-1.0,0,1964.0,A01,138Â 288Â 397,1.0,8.0,-1.0,1652288,2.0,7,,0.0,2.0,1.0,B01,138Â 288Â 398,1.0
968153,201900009684,3,21,06:30,2,2,3,1.0,3.0,92060,RESISTANCE (AVENUE DE LA) (RD 75),M,"48,7834973","2,2781517",92,2019,50.0,1.0,1.0,3.0,2164057,1.0,1,4,2,1.0,,-1.0,0,1974.0,B01,138Â 288Â 398,1.0,8.0,-1.0,1652287,1.0,7,,0.0,2.0,1.0,A01,138Â 288Â 397,1.0
968153,201900009684,3,21,06:30,2,2,3,1.0,3.0,92060,RESISTANCE (AVENUE DE LA) (RD 75),M,"48,7834973","2,2781517",92,2019,50.0,1.0,1.0,3.0,2164057,1.0,1,4,2,1.0,,-1.0,0,1974.0,B01,138Â 288Â 398,1.0,8.0,-1.0,1652288,2.0,7,,0.0,2.0,1.0,B01,138Â 288Â 398,1.0
968154,201900009685,3,21,08:50,1,2,1,1.0,2.0,92060,RESISTANCE (AVENUE DE LA) (RD 75),M,"48,7833041","2,2758213",92,2019,50.0,1.0,1.0,3.0,2164058,1.0,1,1,1,4.0,,-1.0,0,1976.0,A01,138Â 288Â 395,1.0,8.0,-1.0,1652289,1.0,7,,0.0,2.0,1.0,A01,138Â 288Â 395,1.0
968154,201900009685,3,21,08:50,1,2,1,1.0,2.0,92060,RESISTANCE (AVENUE DE LA) (RD 75),M,"48,7833041","2,2758213",92,2019,50.0,1.0,1.0,3.0,2164058,1.0,1,1,1,4.0,,-1.0,0,1976.0,A01,138Â 288Â 395,1.0,8.0,-1.0,1652290,1.0,7,,0.0,2.0,4.0,B01,138Â 288Â 396,1.0
968154,201900009685,3,21,08:50,1,2,1,1.0,2.0,92060,RESISTANCE (AVENUE DE LA) (RD 75),M,"48,7833041","2,2758213",92,2019,50.0,1.0,1.0,3.0,2164059,1.0,1,4,1,5.0,,-1.0,0,1976.0,B01,138Â 288Â 396,1.0,8.0,-1.0,1652289,1.0,7,,0.0,2.0,1.0,A01,138Â 288Â 395,1.0
968154,201900009685,3,21,08:50,1,2,1,1.0,2.0,92060,RESISTANCE (AVENUE DE LA) (RD 75),M,"48,7833041","2,2758213",92,2019,50.0,1.0,1.0,3.0,2164059,1.0,1,4,1,5.0,,-1.0,0,1976.0,B01,138Â 288Â 396,1.0,8.0,-1.0,1652290,1.0,7,,0.0,2.0,4.0,B01,138Â 288Â 396,1.0
968155,201900009686,3,24,20:40,5,2,1,1.0,3.0,92012,GENERAL LECLERC (AVENUE DU) 1/33 - 2/58,M,"48,8335139","2,2428724",92,2019,50.0,1.0,1.0,3.0,2164060,1.0,1,1,1,0.0,,-1.0,0,1998.0,B01,138Â 288Â 393,8.0,0.0,-1.0,1652291,1.0,7,,0.0,2.0,7.0,B01,138Â 288Â 393,1.0
968155,201900009686,3,24,20:40,5,2,1,1.0,3.0,92012,GENERAL LECLERC (AVENUE DU) 1/33 - 2/58,M,"48,8335139","2,2428724",92,2019,50.0,1.0,1.0,3.0,2164060,1.0,1,1,1,0.0,,-1.0,0,1998.0,B01,138Â 288Â 393,8.0,0.0,-1.0,1652292,1.0,34,,1.0,2.0,8.0,A01,138Â 288Â 394,1.0
968155,201900009686,3,24,20:40,5,2,1,1.0,3.0,92012,GENERAL LECLERC (AVENUE DU) 1/33 - 2/58,M,"48,8335139","2,2428724",92,2019,50.0,1.0,1.0,3.0,2164061,1.0,1,4,1,0.0,,-1.0,0,1996.0,A01,138Â 288Â 394,2.0,0.0,-1.0,1652291,1.0,7,,0.0,2.0,7.0,B01,138Â 288Â 393,1.0
968155,201900009686,3,24,20:40,5,2,1,1.0,3.0,92012,GENERAL LECLERC (AVENUE DU) 1/33 - 2/58,M,"48,8335139","2,2428724",92,2019,50.0,1.0,1.0,3.0,2164061,1.0,1,4,1,0.0,,-1.0,0,1996.0,A01,138Â 288Â 394,2.0,0.0,-1.0,1652292,1.0,34,,1.0,2.0,8.0,A01,138Â 288Â 394,1.0
968156,201900009687,3,21,09:10,1,2,3,9.0,3.0,92007,PETIT (AVENUE ALBERT) NÂ° 28 A FIN,M,"48,7955580","2,3142560",92,2019,50.0,1.0,1.0,4.0,2164062,1.0,1,4,2,1.0,,-1.0, -1,1984.0,B01,138Â 288Â 391,1.0,8.0,-1.0,1652293,2.0,7,,0.0,2.0,2.0,B01,138Â 288Â 391,1.0
968156,201900009687,3,21,09:10,1,2,3,9.0,3.0,92007,PETIT (AVENUE ALBERT) NÂ° 28 A FIN,M,"48,7955580","2,3142560",92,2019,50.0,1.0,1.0,4.0,2164062,1.0,1,4,2,1.0,,-1.0, -1,1984.0,B01,138Â 288Â 391,1.0,8.0,-1.0,1652294,2.0,33,,0.0,2.0,3.0,A01,138Â 288Â 392,0.0
968156,201900009687,3,21,09:10,1,2,3,9.0,3.0,92007,PETIT (AVENUE ALBERT) NÂ° 28 A FIN,M,"48,7955580","2,3142560",92,2019,50.0,1.0,1.0,4.0,2164063,1.0,1,1,1,1.0,,-1.0, -1,1958.0,A01,138Â 288Â 392,2.0,6.0,-1.0,1652293,2.0,7,,0.0,2.0,2.0,B01,138Â 288Â 391,1.0
968156,201900009687,3,21,09:10,1,2,3,9.0,3.0,92007,PETIT (AVENUE ALBERT) NÂ° 28 A FIN,M,"48,7955580","2,3142560",92,2019,50.0,1.0,1.0,4.0,2164063,1.0,1,1,1,1.0,,-1.0, -1,1958.0,A01,138Â 288Â 392,2.0,6.0,-1.0,1652294,2.0,33,,0.0,2.0,3.0,A01,138Â 288Â 392,0.0
968157,201900009688,3,23,17:00,1,2,1,1.0,6.0,92004,LAURENT-CELY  ( AVENUE ),M,"48,9236836","2,3053643",92,2019,50.0,1.0,1.0,3.0,2164064,2.0,1,4,1,9.0,,-1.0, -1,2000.0,B01,138Â 288Â 390,2.0,6.0,-1.0,1652295,3.0,32,,0.0,2.0,0.0,B01,138Â 288Â 390,0.0
968158,201900009689,3,20,20:00,5,2,1,1.0,2.0,92004,GRESILLONS ( AVENUE DES  ),M,"48,9129529","2,2970475",92,2019,50.0,1.0,1.0,3.0,2164065,1.0,1,1,1,0.0,,-1.0,0,1977.0,A01,138Â 288Â 387,1.0,8.0,-1.0,1652296,3.0,10,,0.0,2.0,1.0,A01,138Â 288Â 387,1.0
968158,201900009689,3,20,20:00,5,2,1,1.0,2.0,92004,GRESILLONS ( AVENUE DES  ),M,"48,9129529","2,2970475",92,2019,50.0,1.0,1.0,3.0,2164065,1.0,1,1,1,0.0,,-1.0,0,1977.0,A01,138Â 288Â 387,1.0,8.0,-1.0,1652297,3.0,2,,0.0,2.0,4.0,B01,138Â 288Â 388,1.0
968158,201900009689,3,20,20:00,5,2,1,1.0,2.0,92004,GRESILLONS ( AVENUE DES  ),M,"48,9129529","2,2970475",92,2019,50.0,1.0,1.0,3.0,2164066,1.0,1,4,2,0.0,,-1.0,0,1999.0,B01,138Â 288Â 388,2.0,0.0,-1.0,1652296,3.0,10,,0.0,2.0,1.0,A01,138Â 288Â 387,1.0
968158,201900009689,3,20,20:00,5,2,1,1.0,2.0,92004,GRESILLONS ( AVENUE DES  ),M,"48,9129529","2,2970475",92,2019,50.0,1.0,1.0,3.0,2164066,1.0,1,4,2,0.0,,-1.0,0,1999.0,B01,138Â 288Â 388,2.0,0.0,-1.0,1652297,3.0,2,,0.0,2.0,4.0,B01,138Â 288Â 388,1.0
968159,201900009690,3,23,19:26,5,2,1,5.0,1.0,80776,Route de LÃ©alvillers,M,"50,0519760","2,5325820",80,2019,50.0,1.0,1.0,3.0,2164067,1.0,1,4,1,5.0,,0.0,0,1996.0,B01,138Â 288Â 385,1.0,-1.0,-1.0,1652298,0.0,7,,0.0,2.0,1.0,B01,138Â 288Â 385,1.0
968159,201900009690,3,23,19:26,5,2,1,5.0,1.0,80776,Route de LÃ©alvillers,M,"50,0519760","2,5325820",80,2019,50.0,1.0,1.0,3.0,2164067,1.0,1,4,1,5.0,,0.0,0,1996.0,B01,138Â 288Â 385,1.0,-1.0,-1.0,1652299,3.0,7,,0.0,2.0,1.0,A01,138Â 288Â 386,1.0
968159,201900009690,3,23,19:26,5,2,1,5.0,1.0,80776,Route de LÃ©alvillers,M,"50,0519760","2,5325820",80,2019,50.0,1.0,1.0,3.0,2164068,2.0,2,4,2,5.0,,0.0,0,1998.0,B01,138Â 288Â 385,1.0,-1.0,-1.0,1652298,0.0,7,,0.0,2.0,1.0,B01,138Â 288Â 385,1.0