Unnamed: 0_x,num_acc,mois,jour,hrmn,lum,agg,int,atm,col,com,adr,gps,lat,long,dep,annee,vma,situ,surf,catr,Unnamed: 0_y,place,catu,grav,sexe,trajet,secu,locp,actp,an_nais,num_veh_x,id_vehicule_x,secu1,secu2,secu3,Unnamed: 0,senc,catv,occutc,obs,obsm,choc,num_veh_y,id_vehicule_y,motor
968159,201900009690,3,23,19:26,5,2,1,5.0,1.0,80776,Route de LÃ©alvillers,M,"50,0519760","2,5325820",80,2019,50.0,1.0,1.0,3.0,2164068,2.0,2,4,2,5.0,,0.0,0,1998.0,B01,138Â 288Â 385,1.0,-1.0,-1.0,1652299,3.0,7,,0.0,2.0,1.0,A01,138Â 288Â 386,1.0
968159,201900009690,3,23,19:26,5,2,1,5.0,1.0,80776,Route de LÃ©alvillers,M,"50,0519760","2,5325820",80,2019,50.0,1.0,1.0,3.0,2164069,7.0,2,1,1,5.0,,0.0,0,2009.0,A01,138Â 288Â 386,1.0,-1.0,-1.0,1652298,0.0,7,,0.0,2.0,1.0,B01,138Â 288Â 385,1.0
968159,201900009690,3,23,19:26,5,2,1,5.0,1.0,80776,Route de LÃ©alvillers,M,"50,0519760","2,5325820",80,2019,50.0,1.0,1.0,3.0,2164069,7.0,2,1,1,5.0,,0.0,0,2009.0,A01,138Â 288Â 386,1.0,-1.0,-1.0,1652299,3.0,7,,0.0,2.0,1.0,A01,138Â 288Â 386,1.0
968159,201900009690,3,23,19:26,5,2,1,5.0,1.0,80776,Route de LÃ©alvillers,M,"50,0519760","2,5325820",80,2019,50.0,1.0,1.0,3.0,2164070,1.0,1,1,1,5.0,,0.0,0,1983.0,A01,138Â 288Â 386,1.0,-1.0,-1.0,1652298,0.0,7,,0.0,2.0,1.0,B01,138Â 288Â 385,1.0
968159,201900009690,3,23,19:26,5,2,1,5.0,1.0,80776,Route de LÃ©alvillers,M,"50,0519760","2,5325820",80,2019,50.0,1.0,1.0,3.0,2164070,1.0,1,1,1,5.0,,0.0,0,1983.0,A01,138Â 288Â 386,1.0,-1.0,-1.0,1652299,3.0,7,,0.0,2.0,1.0,A01,138Â 288Â 386,1.0
968159,201900009690,3,23,19:26,5,2,1,5.0,1.0,80776,Route de LÃ©alvillers,M,"50,0519760","2,5325820",80,2019,50.0,1.0,1.0,3.0,2164071,2.0,2,1,2,5.0,,0.0,0,1984.0,A01,138Â 288Â 386,1.0,-1.0,-1.0,1652298,0.0,7,,0.0,2.0,1.0,B01,138Â 288Â 385,1.0
968159,201900009690,3,23,19:26,5,2,1,5.0,1.0,80776,Route de LÃ©alvillers,M,"50,0519760","2,5325820",80,2019,50.0,1.0,1.0,3.0,2164071,2.0,2,1,2,5.0,,0.0,0,1984.0,A01,138Â 288Â 386,1.0,-1.0,-1.0,1652299,3.0,7,,0.0,2.0,1.0,A01,138Â 288Â 386,1.0
968159,201900009690,3,23,19:26,5,2,1,5.0,1.0,80776,Route de LÃ©alvillers,M,"50,0519760","2,5325820",80,2019,50.0,1.0,1.0,3.0,2164072,9.0,2,1,2,5.0,,0.0,0,2012.0,A01,138Â 288Â 386,1.0,-1.0,-1.0,1652298,0.0,7,,0.0,2.0,1.0,B01,138Â 288Â 385,1.0
968159,201900009690,3,23,19:26,5,2,1,5.0,1.0,80776,Route de LÃ©alvillers,M,"50,0519760","2,5325820",80,2019,50.0,1.0,1.0,3.0,2164072,9.0,2,1,2,5.0,,0.0,0,2012.0,A01,138Â 288Â 386,1.0,-1.0,-1.0,1652299,3.0,7,,0.0,2.0,1.0,A01,138Â 288Â 386,1.0
968160,201900009691,3,22,14:40,1,2,1,1.0,2.0,80016,Route d'Aveluy,M,"50,0135740","2,6523660",80,2019,50.0,1.0,1.0,3.0,2164073,1.0,1,1,2,4.0,,0.0,0,1965.0,A01,138Â 288Â 383,1.0,-1.0,-1.0,1652300,1.0,7,,0.0,0.0,6.0,A01,138Â 288Â 383,1.0
968160,201900009691,3,22,14:40,1,2,1,1.0,2.0,80016,Route d'Aveluy,M,"50,0135740","2,6523660",80,2019,50.0,1.0,1.0,3.0,2164073,1.0,1,1,2,4.0,,0.0,0,1965.0,A01,138Â 288Â 383,1.0,-1.0,-1.0,1652301,1.0,33,,0.0,0.0,1.0,B01,138Â 288Â 384,1.0
968160,201900009691,3,22,14:40,1,2,1,1.0,2.0,80016,Route d'Aveluy,M,"50,0135740","2,6523660",80,2019,50.0,1.0,1.0,3.0,2164074,1.0,1,4,1,5.0,,0.0,0,1976.0,B01,138Â 288Â 384,2.0,6.0,-1.0,1652300,1.0,7,,0.0,0.0,6.0,A01,138Â 288Â 383,1.0
968160,201900009691,3,22,14:40,1,2,1,1.0,2.0,80016,Route d'Aveluy,M,"50,0135740","2,6523660",80,2019,50.0,1.0,1.0,3.0,2164074,1.0,1,4,1,5.0,,0.0,0,1976.0,B01,138Â 288Â 384,2.0,6.0,-1.0,1652301,1.0,33,,0.0,0.0,1.0,B01,138Â 288Â 384,1.0
968160,201900009691,3,22,14:40,1,2,1,1.0,2.0,80016,Route d'Aveluy,M,"50,0135740","2,6523660",80,2019,50.0,1.0,1.0,3.0,2164075,2.0,2,1,1,5.0,,0.0,0,2005.0,B01,138Â 288Â 384,2.0,6.0,-1.0,1652300,1.0,7,,0.0,0.0,6.0,A01,138Â 288Â 383,1.0
968160,201900009691,3,22,14:40,1,2,1,1.0,2.0,80016,Route d'Aveluy,M,"50,0135740","2,6523660",80,2019,50.0,1.0,1.0,3.0,2164075,2.0,2,1,1,5.0,,0.0,0,2005.0,B01,138Â 288Â 384,2.0,6.0,-1.0,1652301,1.0,33,,0.0,0.0,1.0,B01,138Â 288Â 384,1.0
968161,201900009692,3,21,10:45,1,1,3,1.0,5.0,50493,L'HermitiÃ¨re,M,"48,8366810"," -1,4676230",50,2019,80.0,1.0,1.0,3.0,2164076,1.0,1,1,1,1.0,,0.0,0,1961.0,C01,138Â 288Â 380,1.0,-1.0,-1.0,1652302,0.0,7,,0.0,9.0,3.0,C01,138Â 288Â 380,1.0
968161,201900009692,3,21,10:45,1,1,3,1.0,5.0,50493,L'HermitiÃ¨re,M,"48,8366810"," -1,4676230",50,2019,80.0,1.0,1.0,3.0,2164076,1.0,1,1,1,1.0,,0.0,0,1961.0,C01,138Â 288Â 380,1.0,-1.0,-1.0,1652303,0.0,7,,0.0,2.0,6.0,B01,138Â 288Â 381,1.0
968161,201900009692,3,21,10:45,1,1,3,1.0,5.0,50493,L'HermitiÃ¨re,M,"48,8366810"," -1,4676230",50,2019,80.0,1.0,1.0,3.0,2164076,1.0,1,1,1,1.0,,0.0,0,1961.0,C01,138Â 288Â 380,1.0,-1.0,-1.0,1652304,0.0,36,,0.0,2.0,3.0,A01,138Â 288Â 382,1.0
968161,201900009692,3,21,10:45,1,1,3,1.0,5.0,50493,L'HermitiÃ¨re,M,"48,8366810"," -1,4676230",50,2019,80.0,1.0,1.0,3.0,2164077,1.0,1,1,1,5.0,,0.0,0,1931.0,B01,138Â 288Â 381,1.0,-1.0,-1.0,1652302,0.0,7,,0.0,9.0,3.0,C01,138Â 288Â 380,1.0
968161,201900009692,3,21,10:45,1,1,3,1.0,5.0,50493,L'HermitiÃ¨re,M,"48,8366810"," -1,4676230",50,2019,80.0,1.0,1.0,3.0,2164077,1.0,1,1,1,5.0,,0.0,0,1931.0,B01,138Â 288Â 381,1.0,-1.0,-1.0,1652303,0.0,7,,0.0,2.0,6.0,B01,138Â 288Â 381,1.0
968161,201900009692,3,21,10:45,1,1,3,1.0,5.0,50493,L'HermitiÃ¨re,M,"48,8366810"," -1,4676230",50,2019,80.0,1.0,1.0,3.0,2164077,1.0,1,1,1,5.0,,0.0,0,1931.0,B01,138Â 288Â 381,1.0,-1.0,-1.0,1652304,0.0,36,,0.0,2.0,3.0,A01,138Â 288Â 382,1.0
968161,201900009692,3,21,10:45,1,1,3,1.0,5.0,50493,L'HermitiÃ¨re,M,"48,8366810"," -1,4676230",50,2019,80.0,1.0,1.0,3.0,2164078,1.0,1,3,1,5.0,,0.0,0,1947.0,A01,138Â 288Â 382,2.0,-1.0,-1.0,1652302,0.0,7,,0.0,9.0,3.0,C01,138Â 288Â 380,1.0
968161,201900009692,3,21,10:45,1,1,3,1.0,5.0,50493,L'HermitiÃ¨re,M,"48,8366810"," -1,4676230",50,2019,80.0,1.0,1.0,3.0,2164078,1.0,1,3,1,5.0,,0.0,0,1947.0,A01,138Â 288Â 382,2.0,-1.0,-1.0,1652303,0.0,7,,0.0,2.0,6.0,B01,138Â 288Â 381,1.0
968161,201900009692,3,21,10:45,1,1,3,1.0,5.0,50493,L'HermitiÃ¨re,M,"48,8366810"," -1,4676230",50,2019,80.0,1.0,1.0,3.0,2164078,1.0,1,3,1,5.0,,0.0,0,1947.0,A01,138Â 288Â 382,2.0,-1.0,-1.0,1652304,0.0,36,,0.0,2.0,3.0,A01,138Â 288Â 382,1.0
968162,201900009693,3,22,08:35,1,1,1,1.0,2.0,24543,Gabillou,M,"45,0393000","0,3795500",24,2019,80.0,1.0,1.0,3.0,2164079,1.0,1,1,1,4.0,,0.0,0,1961.0,B01,138Â 288Â 378,1.0,-1.0,-1.0,1652305,2.0,15,,0.0,0.0,4.0,B01,138Â 288Â 378,0.0
968162,201900009693,3,22,08:35,1,1,1,1.0,2.0,24543,Gabillou,M,"45,0393000","0,3795500",24,2019,80.0,1.0,1.0,3.0,2164079,1.0,1,1,1,4.0,,0.0,0,1961.0,B01,138Â 288Â 378,1.0,-1.0,-1.0,1652306,2.0,43,,0.0,2.0,1.0,A01,138Â 288Â 379,0.0
968162,201900009693,3,22,08:35,1,1,1,1.0,2.0,24543,Gabillou,M,"45,0393000","0,3795500",24,2019,80.0,1.0,1.0,3.0,2164080,1.0,1,3,1,5.0,,0.0,0,1965.0,A01,138Â 288Â 379,2.0,6.0,9.0,1652305,2.0,15,,0.0,0.0,4.0,B01,138Â 288Â 378,0.0
968162,201900009693,3,22,08:35,1,1,1,1.0,2.0,24543,Gabillou,M,"45,0393000","0,3795500",24,2019,80.0,1.0,1.0,3.0,2164080,1.0,1,3,1,5.0,,0.0,0,1965.0,A01,138Â 288Â 379,2.0,6.0,9.0,1652306,2.0,43,,0.0,2.0,1.0,A01,138Â 288Â 379,0.0
968163,201900009694,3,24,14:45,1,1,3,7.0,3.0,16050,LD La Combe de Jean Delande,M,"45,5754500"," -0,1476290",16,2019,80.0,1.0,1.0,3.0,2164081,1.0,1,3,1,5.0,,0.0,0,1968.0,B01,138Â 288Â 376,2.0,9.0,6.0,1652307,2.0,33,,0.0,2.0,7.0,B01,138Â 288Â 376,1.0
968163,201900009694,3,24,14:45,1,1,3,7.0,3.0,16050,LD La Combe de Jean Delande,M,"45,5754500"," -0,1476290",16,2019,80.0,1.0,1.0,3.0,2164081,1.0,1,3,1,5.0,,0.0,0,1968.0,B01,138Â 288Â 376,2.0,9.0,6.0,1652308,2.0,7,,0.0,2.0,1.0,A01,138Â 288Â 377,1.0
968163,201900009694,3,24,14:45,1,1,3,7.0,3.0,16050,LD La Combe de Jean Delande,M,"45,5754500"," -0,1476290",16,2019,80.0,1.0,1.0,3.0,2164082,1.0,1,4,1,5.0,,0.0,0,1959.0,A01,138Â 288Â 377,1.0,-1.0,-1.0,1652307,2.0,33,,0.0,2.0,7.0,B01,138Â 288Â 376,1.0
968163,201900009694,3,24,14:45,1,1,3,7.0,3.0,16050,LD La Combe de Jean Delande,M,"45,5754500"," -0,1476290",16,2019,80.0,1.0,1.0,3.0,2164082,1.0,1,4,1,5.0,,0.0,0,1959.0,A01,138Â 288Â 377,1.0,-1.0,-1.0,1652308,2.0,7,,0.0,2.0,1.0,A01,138Â 288Â 377,1.0
968164,201900009695,3,23,12:15,1,1,1,1.0,1.0,41110,Port Martin (Langon),M,"47,2760450","1,8264600",41,2019,80.0,1.0,1.0,4.0,2164083,1.0,1,3,1,5.0,,0.0,0,2002.0,A01,138Â 288Â 374,2.0,6.0,-1.0,1652309,3.0,2,,0.0,2.0,1.0,A01,138Â 288Â 374,1.0
968164,201900009695,3,23,12:15,1,1,1,1.0,1.0,41110,Port Martin (Langon),M,"47,2760450","1,8264600",41,2019,80.0,1.0,1.0,4.0,2164083,1.0,1,3,1,5.0,,0.0,0,2002.0,A01,138Â 288Â 374,2.0,6.0,-1.0,1652310,3.0,2,,0.0,2.0,1.0,B01,138Â 288Â 375,1.0
968164,201900009695,3,23,12:15,1,1,1,1.0,1.0,41110,Port Martin (Langon),M,"47,2760450","1,8264600",41,2019,80.0,1.0,1.0,4.0,2164084,1.0,1,4,1,5.0,,0.0,0,2001.0,B01,138Â 288Â 375,2.0,6.0,-1.0,1652309,3.0,2,,0.0,2.0,1.0,A01,138Â 288Â 374,1.0
968164,201900009695,3,23,12:15,1,1,1,1.0,1.0,41110,Port Martin (Langon),M,"47,2760450","1,8264600",41,2019,80.0,1.0,1.0,4.0,2164084,1.0,1,4,1,5.0,,0.0,0,2001.0,B01,138Â 288Â 375,2.0,6.0,-1.0,1652310,3.0,2,,0.0,2.0,1.0,B01,138Â 288Â 375,1.0
968165,201900009696,3,20,17:20,1,2,6,1.0,2.0,33138,"Zone Industrielle Eygreteau, ZI EYGRETEAU",M,"45,0384170"," -0,1032010",33,2019,90.0,1.0,1.0,3.0,2164085,1.0,1,3,1,5.0,,0.0,0,1944.0,B01,138Â 288Â 372,2.0,6.0,4.0,1652311,2.0,1,,0.0,2.0,4.0,B01,138Â 288Â 372,5.0
968165,201900009696,3,20,17:20,1,2,6,1.0,2.0,33138,"Zone Industrielle Eygreteau, ZI EYGRETEAU",M,"45,0384170"," -0,1032010",33,2019,90.0,1.0,1.0,3.0,2164085,1.0,1,3,1,5.0,,0.0,0,1944.0,B01,138Â 288Â 372,2.0,6.0,4.0,1652312,1.0,7,,0.0,9.0,1.0,A01,138Â 288Â 373,1.0
968165,201900009696,3,20,17:20,1,2,6,1.0,2.0,33138,"Zone Industrielle Eygreteau, ZI EYGRETEAU",M,"45,0384170"," -0,1032010",33,2019,90.0,1.0,1.0,3.0,2164086,1.0,1,1,1,5.0,,0.0,0,1944.0,A01,138Â 288Â 373,1.0,-1.0,-1.0,1652311,2.0,1,,0.0,2.0,4.0,B01,138Â 288Â 372,5.0
968165,201900009696,3,20,17:20,1,2,6,1.0,2.0,33138,"Zone Industrielle Eygreteau, ZI EYGRETEAU",M,"45,0384170"," -0,1032010",33,2019,90.0,1.0,1.0,3.0,2164086,1.0,1,1,1,5.0,,0.0,0,1944.0,A01,138Â 288Â 373,1.0,-1.0,-1.0,1652312,1.0,7,,0.0,9.0,1.0,A01,138Â 288Â 373,1.0
968166,201900009697,3,17,21:37,3,1,1,1.0,6.0,33418,lieu dit L'auvergne,M,"44,5997600"," -0,0024300",33,2019,80.0,3.0,1.0,3.0,2164087,1.0,1,3,1,5.0,,0.0,0,1980.0,A01,138Â 288Â 371,1.0,-1.0,-1.0,1652313,1.0,7,,8.0,0.0,7.0,A01,138Â 288Â 371,1.0
968166,201900009697,3,17,21:37,3,1,1,1.0,6.0,33418,lieu dit L'auvergne,M,"44,5997600"," -0,0024300",33,2019,80.0,3.0,1.0,3.0,2164088,4.0,2,1,2,5.0,,0.0,0,2011.0,A01,138Â 288Â 371,1.0,3.0,-1.0,1652313,1.0,7,,8.0,0.0,7.0,A01,138Â 288Â 371,1.0
968167,201900009698,3,20,17:15,1,1,1,1.0,1.0,41055,DÃ©partemental 952,M,"47,5281600","1,2602340",41,2019,80.0,1.0,1.0,3.0,2164089,1.0,1,1,2,1.0,,0.0,0,1970.0,B01,138Â 288Â 369,1.0,5.0,-1.0,1652314,2.0,7,,0.0,2.0,3.0,B01,138Â 288Â 369,1.0
968167,201900009698,3,20,17:15,1,1,1,1.0,1.0,41055,DÃ©partemental 952,M,"47,5281600","1,2602340",41,2019,80.0,1.0,1.0,3.0,2164089,1.0,1,1,2,1.0,,0.0,0,1970.0,B01,138Â 288Â 369,1.0,5.0,-1.0,1652315,1.0,33,,0.0,2.0,1.0,A01,138Â 288Â 370,1.0
968167,201900009698,3,20,17:15,1,1,1,1.0,1.0,41055,DÃ©partemental 952,M,"47,5281600","1,2602340",41,2019,80.0,1.0,1.0,3.0,2164090,1.0,1,3,1,5.0,,0.0,0,1997.0,A01,138Â 288Â 370,2.0,9.0,-1.0,1652314,2.0,7,,0.0,2.0,3.0,B01,138Â 288Â 369,1.0
968167,201900009698,3,20,17:15,1,1,1,1.0,1.0,41055,DÃ©partemental 952,M,"47,5281600","1,2602340",41,2019,80.0,1.0,1.0,3.0,2164090,1.0,1,3,1,5.0,,0.0,0,1997.0,A01,138Â 288Â 370,2.0,9.0,-1.0,1652315,1.0,33,,0.0,2.0,1.0,A01,138Â 288Â 370,1.0
968168,201900009699,3,23,16:50,1,2,1,1.0,7.0,42145,Chez Desvernay,M,"46,0354500","4,2450380",42,2019,50.0,1.0,1.0,4.0,2164091,1.0,1,3,1,5.0,,0.0,0,2003.0,A01,138Â 288Â 368,2.0,6.0,-1.0,1652316,3.0,2,,0.0,0.0,8.0,A01,138Â 288Â 368,1.0
968169,201900009700,3,24,13:30,1,1,1,1.0,7.0,81266,RD 112,M,"43,6456820","1,9850970",81,2019,80.0,1.0,9.0,3.0,2164092,1.0,1,4,1,5.0,,0.0,0,1967.0,A01,138Â 288Â 367,2.0,6.0,9.0,1652317,1.0,33,,0.0,0.0,7.0,A01,138Â 288Â 367,1.0
968170,201900009701,3,22,20:15,3,1,1,1.0,7.0,28330,Villeloup (Ozoir-le-Breuil),M,"48,0210240","1,4834370",28,2019,80.0,8.0,1.0,3.0,2164093,1.0,1,3,1,5.0,,0.0,0,1975.0,A01,138Â 288Â 366,2.0,6.0,9.0,1652318,2.0,31,,0.0,0.0,0.0,A01,138Â 288Â 366,1.0
968171,201900009702,3,26,10:00,1,2,1,1.0,6.0,05079,Route de Grenoble,M,"44,9760000","6,5096950",5,2019,30.0,1.0,1.0,3.0,2164094,10.0,3,3,1,5.0,,3.0,3,1952.0,A01,138Â 288Â 365,0.0,-1.0,-1.0,1652319,1.0,7,,0.0,1.0,3.0,A01,138Â 288Â 365,1.0
968171,201900009702,3,26,10:00,1,2,1,1.0,6.0,05079,Route de Grenoble,M,"44,9760000","6,5096950",5,2019,30.0,1.0,1.0,3.0,2164095,1.0,1,1,1,4.0,,0.0,0,1986.0,A01,138Â 288Â 365,1.0,-1.0,-1.0,1652319,1.0,7,,0.0,1.0,3.0,A01,138Â 288Â 365,1.0
968172,201900009703,3,25,07:15,1,1,1,2.0,1.0,97412,ROUTE NATIONAL 2,M," -21,2921540","55,6474590",974,2019,90.0,1.0,2.0,2.0,2164096,1.0,1,1,1,5.0,,0.0,0,1978.0,B01,138Â 288Â 363,5.0,1.0,-1.0,1652320,2.0,7,,0.0,2.0,1.0,B01,138Â 288Â 363,1.0
968172,201900009703,3,25,07:15,1,1,1,2.0,1.0,97412,ROUTE NATIONAL 2,M," -21,2921540","55,6474590",974,2019,90.0,1.0,2.0,2.0,2164096,1.0,1,1,1,5.0,,0.0,0,1978.0,B01,138Â 288Â 363,5.0,1.0,-1.0,1652321,1.0,7,,0.0,2.0,3.0,A01,138Â 288Â 364,1.0
968172,201900009703,3,25,07:15,1,1,1,2.0,1.0,97412,ROUTE NATIONAL 2,M," -21,2921540","55,6474590",974,2019,90.0,1.0,2.0,2.0,2164097,1.0,1,3,2,5.0,,0.0,0,1978.0,A01,138Â 288Â 364,1.0,5.0,-1.0,1652320,2.0,7,,0.0,2.0,1.0,B01,138Â 288Â 363,1.0
968172,201900009703,3,25,07:15,1,1,1,2.0,1.0,97412,ROUTE NATIONAL 2,M," -21,2921540","55,6474590",974,2019,90.0,1.0,2.0,2.0,2164097,1.0,1,3,2,5.0,,0.0,0,1978.0,A01,138Â 288Â 364,1.0,5.0,-1.0,1652321,1.0,7,,0.0,2.0,3.0,A01,138Â 288Â 364,1.0
968173,201900009704,2,18,11:30,1,1,1,1.0,6.0,35342,D83 - PK 18.000,M,"48,4368670"," -1,6900960",35,2019,80.0,3.0,1.0,3.0,2164098,2.0,2,1,1,5.0,,0.0,0,1979.0,A01,138Â 288Â 362,1.0,-1.0,-1.0,1652322,1.0,7,,13.0,0.0,9.0,A01,138Â 288Â 362,1.0
968173,201900009704,2,18,11:30,1,1,1,1.0,6.0,35342,D83 - PK 18.000,M,"48,4368670"," -1,6900960",35,2019,80.0,3.0,1.0,3.0,2164099,7.0,2,3,1,5.0,,0.0,0,2018.0,A01,138Â 288Â 362,3.0,-1.0,-1.0,1652322,1.0,7,,13.0,0.0,9.0,A01,138Â 288Â 362,1.0
968173,201900009704,2,18,11:30,1,1,1,1.0,6.0,35342,D83 - PK 18.000,M,"48,4368670"," -1,6900960",35,2019,80.0,3.0,1.0,3.0,2164100,9.0,2,1,2,5.0,,0.0,0,2014.0,A01,138Â 288Â 362,3.0,-1.0,-1.0,1652322,1.0,7,,13.0,0.0,9.0,A01,138Â 288Â 362,1.0
968173,201900009704,2,18,11:30,1,1,1,1.0,6.0,35342,D83 - PK 18.000,M,"48,4368670"," -1,6900960",35,2019,80.0,3.0,1.0,3.0,2164101,8.0,2,3,2,5.0,,0.0,0,2010.0,A01,138Â 288Â 362,3.0,-1.0,-1.0,1652322,1.0,7,,13.0,0.0,9.0,A01,138Â 288Â 362,1.0
968173,201900009704,2,18,11:30,1,1,1,1.0,6.0,35342,D83 - PK 18.000,M,"48,4368670"," -1,6900960",35,2019,80.0,3.0,1.0,3.0,2164102,1.0,1,1,2,5.0,,0.0,0,1992.0,A01,138Â 288Â 362,1.0,-1.0,-1.0,1652322,1.0,7,,13.0,0.0,9.0,A01,138Â 288Â 362,1.0
968174,201900009705,3,22,12:20,1,1,2,1.0,3.0,28068,Rue de Dreux,M,"48,5618330","1,4405860",28,2019,80.0,1.0,1.0,3.0,2164103,1.0,1,1,1,0.0,,0.0,0,2000.0,B01,138Â 288Â 360,1.0,-1.0,-1.0,1652323,3.0,7,,0.0,2.0,3.0,B01,138Â 288Â 360,1.0
968174,201900009705,3,22,12:20,1,1,2,1.0,3.0,28068,Rue de Dreux,M,"48,5618330","1,4405860",28,2019,80.0,1.0,1.0,3.0,2164103,1.0,1,1,1,0.0,,0.0,0,2000.0,B01,138Â 288Â 360,1.0,-1.0,-1.0,1652324,3.0,7,,0.0,2.0,2.0,A01,138Â 288Â 361,1.0
968174,201900009705,3,22,12:20,1,1,2,1.0,3.0,28068,Rue de Dreux,M,"48,5618330","1,4405860",28,2019,80.0,1.0,1.0,3.0,2164104,1.0,1,3,2,0.0,,0.0,0,1968.0,A01,138Â 288Â 361,1.0,-1.0,-1.0,1652323,3.0,7,,0.0,2.0,3.0,B01,138Â 288Â 360,1.0
968174,201900009705,3,22,12:20,1,1,2,1.0,3.0,28068,Rue de Dreux,M,"48,5618330","1,4405860",28,2019,80.0,1.0,1.0,3.0,2164104,1.0,1,3,2,0.0,,0.0,0,1968.0,A01,138Â 288Â 361,1.0,-1.0,-1.0,1652324,3.0,7,,0.0,2.0,2.0,A01,138Â 288Â 361,1.0
968175,201900009706,3,24,13:50,1,2,1,1.0,3.0,12216,Rue des Ginestes,M,"44,5165360","2,8205720",12,2019,50.0,1.0,1.0,3.0,2164105,1.0,1,3,1,5.0,,0.0,0,1987.0,A01,138Â 288Â 358,2.0,6.0,9.0,1652325,1.0,33,,0.0,2.0,1.0,A01,138Â 288Â 358,1.0
968175,201900009706,3,24,13:50,1,2,1,1.0,3.0,12216,Rue des Ginestes,M,"44,5165360","2,8205720",12,2019,50.0,1.0,1.0,3.0,2164105,1.0,1,3,1,5.0,,0.0,0,1987.0,A01,138Â 288Â 358,2.0,6.0,9.0,1652326,2.0,7,,0.0,2.0,8.0,B01,138Â 288Â 359,1.0
968175,201900009706,3,24,13:50,1,2,1,1.0,3.0,12216,Rue des Ginestes,M,"44,5165360","2,8205720",12,2019,50.0,1.0,1.0,3.0,2164106,1.0,1,1,2,5.0,,0.0,0,1953.0,B01,138Â 288Â 359,1.0,-1.0,-1.0,1652325,1.0,33,,0.0,2.0,1.0,A01,138Â 288Â 358,1.0
968175,201900009706,3,24,13:50,1,2,1,1.0,3.0,12216,Rue des Ginestes,M,"44,5165360","2,8205720",12,2019,50.0,1.0,1.0,3.0,2164106,1.0,1,1,2,5.0,,0.0,0,1953.0,B01,138Â 288Â 359,1.0,-1.0,-1.0,1652326,2.0,7,,0.0,2.0,8.0,B01,138Â 288Â 359,1.0
968175,201900009706,3,24,13:50,1,2,1,1.0,3.0,12216,Rue des Ginestes,M,"44,5165360","2,8205720",12,2019,50.0,1.0,1.0,3.0,2164107,9.0,2,1,2,5.0,,0.0,0,1942.0,B01,138Â 288Â 359,1.0,-1.0,-1.0,1652325,1.0,33,,0.0,2.0,1.0,A01,138Â 288Â 358,1.0
968175,201900009706,3,24,13:50,1,2,1,1.0,3.0,12216,Rue des Ginestes,M,"44,5165360","2,8205720",12,2019,50.0,1.0,1.0,3.0,2164107,9.0,2,1,2,5.0,,0.0,0,1942.0,B01,138Â 288Â 359,1.0,-1.0,-1.0,1652326,2.0,7,,0.0,2.0,8.0,B01,138Â 288Â 359,1.0
968175,201900009706,3,24,13:50,1,2,1,1.0,3.0,12216,Rue des Ginestes,M,"44,5165360","2,8205720",12,2019,50.0,1.0,1.0,3.0,2164108,2.0,2,1,2,5.0,,0.0,0,1954.0,B01,138Â 288Â 359,1.0,-1.0,-1.0,1652325,1.0,33,,0.0,2.0,1.0,A01,138Â 288Â 358,1.0
968175,201900009706,3,24,13:50,1,2,1,1.0,3.0,12216,Rue des Ginestes,M,"44,5165360","2,8205720",12,2019,50.0,1.0,1.0,3.0,2164108,2.0,2,1,2,5.0,,0.0,0,1954.0,B01,138Â 288Â 359,1.0,-1.0,-1.0,1652326,2.0,7,,0.0,2.0,8.0,B01,138Â 288Â 359,1.0
968176,201900009707,3,18,18:45,3,1,1,4.0,5.0,21559,A38,M,"47,2976670","4,8088800",21,2019,130.0,1.0,7.0,1.0,2164109,10.0,3,4,2,1.0,,1.0,0,1970.0,D01,138Â 288Â 354,8.0,-1.0,-1.0,1652327,2.0,7,,0.0,2.0,2.0,D01,138Â 288Â 354,1.0
968176,201900009707,3,18,18:45,3,1,1,4.0,5.0,21559,A38,M,"47,2976670","4,8088800",21,2019,130.0,1.0,7.0,1.0,2164109,10.0,3,4,2,1.0,,1.0,0,1970.0,D01,138Â 288Â 354,8.0,-1.0,-1.0,1652328,2.0,7,,0.0,2.0,1.0,C01,138Â 288Â 355,1.0
968176,201900009707,3,18,18:45,3,1,1,4.0,5.0,21559,A38,M,"47,2976670","4,8088800",21,2019,130.0,1.0,7.0,1.0,2164109,10.0,3,4,2,1.0,,1.0,0,1970.0,D01,138Â 288Â 354,8.0,-1.0,-1.0,1652329,2.0,7,,3.0,0.0,4.0,B01,138Â 288Â 356,1.0
968176,201900009707,3,18,18:45,3,1,1,4.0,5.0,21559,A38,M,"47,2976670","4,8088800",21,2019,130.0,1.0,7.0,1.0,2164109,10.0,3,4,2,1.0,,1.0,0,1970.0,D01,138Â 288Â 354,8.0,-1.0,-1.0,1652330,2.0,7,,3.0,0.0,2.0,A01,138Â 288Â 357,1.0
968176,201900009707,3,18,18:45,3,1,1,4.0,5.0,21559,A38,M,"47,2976670","4,8088800",21,2019,130.0,1.0,7.0,1.0,2164110,8.0,2,1,2,9.0,,0.0,0,1995.0,D01,138Â 288Â 354,1.0,-1.0,-1.0,1652327,2.0,7,,0.0,2.0,2.0,D01,138Â 288Â 354,1.0