Unnamed: 0_x,num_acc,mois,jour,hrmn,lum,agg,int,atm,col,com,adr,gps,lat,long,dep,annee,vma,situ,surf,catr,Unnamed: 0_y,place,catu,grav,sexe,trajet,secu,locp,actp,an_nais,num_veh_x,id_vehicule_x,secu1,secu2,secu3,Unnamed: 0,senc,catv,occutc,obs,obsm,choc,num_veh_y,id_vehicule_y,motor
968176,201900009707,3,18,18:45,3,1,1,4.0,5.0,21559,A38,M,"47,2976670","4,8088800",21,2019,130.0,1.0,7.0,1.0,2164110,8.0,2,1,2,9.0,,0.0,0,1995.0,D01,138Â 288Â 354,1.0,-1.0,-1.0,1652328,2.0,7,,0.0,2.0,1.0,C01,138Â 288Â 355,1.0
968176,201900009707,3,18,18:45,3,1,1,4.0,5.0,21559,A38,M,"47,2976670","4,8088800",21,2019,130.0,1.0,7.0,1.0,2164110,8.0,2,1,2,9.0,,0.0,0,1995.0,D01,138Â 288Â 354,1.0,-1.0,-1.0,1652329,2.0,7,,3.0,0.0,4.0,B01,138Â 288Â 356,1.0
968176,201900009707,3,18,18:45,3,1,1,4.0,5.0,21559,A38,M,"47,2976670","4,8088800",21,2019,130.0,1.0,7.0,1.0,2164110,8.0,2,1,2,9.0,,0.0,0,1995.0,D01,138Â 288Â 354,1.0,-1.0,-1.0,1652330,2.0,7,,3.0,0.0,2.0,A01,138Â 288Â 357,1.0
968176,201900009707,3,18,18:45,3,1,1,4.0,5.0,21559,A38,M,"47,2976670","4,8088800",21,2019,130.0,1.0,7.0,1.0,2164111,9.0,2,4,2,9.0,,0.0,0,2010.0,D01,138Â 288Â 354,1.0,-1.0,-1.0,1652327,2.0,7,,0.0,2.0,2.0,D01,138Â 288Â 354,1.0
968176,201900009707,3,18,18:45,3,1,1,4.0,5.0,21559,A38,M,"47,2976670","4,8088800",21,2019,130.0,1.0,7.0,1.0,2164111,9.0,2,4,2,9.0,,0.0,0,2010.0,D01,138Â 288Â 354,1.0,-1.0,-1.0,1652328,2.0,7,,0.0,2.0,1.0,C01,138Â 288Â 355,1.0
968176,201900009707,3,18,18:45,3,1,1,4.0,5.0,21559,A38,M,"47,2976670","4,8088800",21,2019,130.0,1.0,7.0,1.0,2164111,9.0,2,4,2,9.0,,0.0,0,2010.0,D01,138Â 288Â 354,1.0,-1.0,-1.0,1652329,2.0,7,,3.0,0.0,4.0,B01,138Â 288Â 356,1.0
968176,201900009707,3,18,18:45,3,1,1,4.0,5.0,21559,A38,M,"47,2976670","4,8088800",21,2019,130.0,1.0,7.0,1.0,2164111,9.0,2,4,2,9.0,,0.0,0,2010.0,D01,138Â 288Â 354,1.0,-1.0,-1.0,1652330,2.0,7,,3.0,0.0,2.0,A01,138Â 288Â 357,1.0
968176,201900009707,3,18,18:45,3,1,1,4.0,5.0,21559,A38,M,"47,2976670","4,8088800",21,2019,130.0,1.0,7.0,1.0,2164112,1.0,1,1,1,4.0,,0.0,0,1973.0,D01,138Â 288Â 354,8.0,-1.0,-1.0,1652327,2.0,7,,0.0,2.0,2.0,D01,138Â 288Â 354,1.0
968176,201900009707,3,18,18:45,3,1,1,4.0,5.0,21559,A38,M,"47,2976670","4,8088800",21,2019,130.0,1.0,7.0,1.0,2164112,1.0,1,1,1,4.0,,0.0,0,1973.0,D01,138Â 288Â 354,8.0,-1.0,-1.0,1652328,2.0,7,,0.0,2.0,1.0,C01,138Â 288Â 355,1.0
968176,201900009707,3,18,18:45,3,1,1,4.0,5.0,21559,A38,M,"47,2976670","4,8088800",21,2019,130.0,1.0,7.0,1.0,2164112,1.0,1,1,1,4.0,,0.0,0,1973.0,D01,138Â 288Â 354,8.0,-1.0,-1.0,1652329,2.0,7,,3.0,0.0,4.0,B01,138Â 288Â 356,1.0
968176,201900009707,3,18,18:45,3,1,1,4.0,5.0,21559,A38,M,"47,2976670","4,8088800",21,2019,130.0,1.0,7.0,1.0,2164112,1.0,1,1,1,4.0,,0.0,0,1973.0,D01,138Â 288Â 354,8.0,-1.0,-1.0,1652330,2.0,7,,3.0,0.0,2.0,A01,138Â 288Â 357,1.0
968176,201900009707,3,18,18:45,3,1,1,4.0,5.0,21559,A38,M,"47,2976670","4,8088800",21,2019,130.0,1.0,7.0,1.0,2164113,1.0,1,1,1,5.0,,0.0,0,1978.0,C01,138Â 288Â 355,8.0,-1.0,-1.0,1652327,2.0,7,,0.0,2.0,2.0,D01,138Â 288Â 354,1.0
968176,201900009707,3,18,18:45,3,1,1,4.0,5.0,21559,A38,M,"47,2976670","4,8088800",21,2019,130.0,1.0,7.0,1.0,2164113,1.0,1,1,1,5.0,,0.0,0,1978.0,C01,138Â 288Â 355,8.0,-1.0,-1.0,1652328,2.0,7,,0.0,2.0,1.0,C01,138Â 288Â 355,1.0
968176,201900009707,3,18,18:45,3,1,1,4.0,5.0,21559,A38,M,"47,2976670","4,8088800",21,2019,130.0,1.0,7.0,1.0,2164113,1.0,1,1,1,5.0,,0.0,0,1978.0,C01,138Â 288Â 355,8.0,-1.0,-1.0,1652329,2.0,7,,3.0,0.0,4.0,B01,138Â 288Â 356,1.0
968176,201900009707,3,18,18:45,3,1,1,4.0,5.0,21559,A38,M,"47,2976670","4,8088800",21,2019,130.0,1.0,7.0,1.0,2164113,1.0,1,1,1,5.0,,0.0,0,1978.0,C01,138Â 288Â 355,8.0,-1.0,-1.0,1652330,2.0,7,,3.0,0.0,2.0,A01,138Â 288Â 357,1.0
968176,201900009707,3,18,18:45,3,1,1,4.0,5.0,21559,A38,M,"47,2976670","4,8088800",21,2019,130.0,1.0,7.0,1.0,2164114,1.0,1,1,1,1.0,,0.0,0,1972.0,B01,138Â 288Â 356,8.0,-1.0,-1.0,1652327,2.0,7,,0.0,2.0,2.0,D01,138Â 288Â 354,1.0
968176,201900009707,3,18,18:45,3,1,1,4.0,5.0,21559,A38,M,"47,2976670","4,8088800",21,2019,130.0,1.0,7.0,1.0,2164114,1.0,1,1,1,1.0,,0.0,0,1972.0,B01,138Â 288Â 356,8.0,-1.0,-1.0,1652328,2.0,7,,0.0,2.0,1.0,C01,138Â 288Â 355,1.0
968176,201900009707,3,18,18:45,3,1,1,4.0,5.0,21559,A38,M,"47,2976670","4,8088800",21,2019,130.0,1.0,7.0,1.0,2164114,1.0,1,1,1,1.0,,0.0,0,1972.0,B01,138Â 288Â 356,8.0,-1.0,-1.0,1652329,2.0,7,,3.0,0.0,4.0,B01,138Â 288Â 356,1.0
968176,201900009707,3,18,18:45,3,1,1,4.0,5.0,21559,A38,M,"47,2976670","4,8088800",21,2019,130.0,1.0,7.0,1.0,2164114,1.0,1,1,1,1.0,,0.0,0,1972.0,B01,138Â 288Â 356,8.0,-1.0,-1.0,1652330,2.0,7,,3.0,0.0,2.0,A01,138Â 288Â 357,1.0
968176,201900009707,3,18,18:45,3,1,1,4.0,5.0,21559,A38,M,"47,2976670","4,8088800",21,2019,130.0,1.0,7.0,1.0,2164115,1.0,1,1,1,4.0,,0.0,0,1976.0,A01,138Â 288Â 357,8.0,-1.0,-1.0,1652327,2.0,7,,0.0,2.0,2.0,D01,138Â 288Â 354,1.0
968176,201900009707,3,18,18:45,3,1,1,4.0,5.0,21559,A38,M,"47,2976670","4,8088800",21,2019,130.0,1.0,7.0,1.0,2164115,1.0,1,1,1,4.0,,0.0,0,1976.0,A01,138Â 288Â 357,8.0,-1.0,-1.0,1652328,2.0,7,,0.0,2.0,1.0,C01,138Â 288Â 355,1.0
968176,201900009707,3,18,18:45,3,1,1,4.0,5.0,21559,A38,M,"47,2976670","4,8088800",21,2019,130.0,1.0,7.0,1.0,2164115,1.0,1,1,1,4.0,,0.0,0,1976.0,A01,138Â 288Â 357,8.0,-1.0,-1.0,1652329,2.0,7,,3.0,0.0,4.0,B01,138Â 288Â 356,1.0
968176,201900009707,3,18,18:45,3,1,1,4.0,5.0,21559,A38,M,"47,2976670","4,8088800",21,2019,130.0,1.0,7.0,1.0,2164115,1.0,1,1,1,4.0,,0.0,0,1976.0,A01,138Â 288Â 357,8.0,-1.0,-1.0,1652330,2.0,7,,3.0,0.0,2.0,A01,138Â 288Â 357,1.0
968177,201900009708,3,23,20:00,3,1,1,1.0,6.0,35235,Route DÃ©partementale 95 PR33+350,M,"47,8715650"," -1,2300810",35,2019,80.0,3.0,1.0,3.0,2164116,1.0,1,3,1,5.0,,0.0,0,1999.0,A01,138Â 288Â 353,1.0,-1.0,-1.0,1652331,2.0,7,,2.0,0.0,9.0,A01,138Â 288Â 353,1.0
968177,201900009708,3,23,20:00,3,1,1,1.0,6.0,35235,Route DÃ©partementale 95 PR33+350,M,"47,8715650"," -1,2300810",35,2019,80.0,3.0,1.0,3.0,2164117,2.0,2,3,1,5.0,,0.0,0,2001.0,A01,138Â 288Â 353,1.0,-1.0,-1.0,1652331,2.0,7,,2.0,0.0,9.0,A01,138Â 288Â 353,1.0
968178,201900009709,3,13,19:20,5,1,6,2.0,3.0,01354,rond point de france,M,"46,2393990","6,0342890",1,2019,80.0,1.0,1.0,3.0,2164118,1.0,1,4,1,1.0,,0.0,0,1978.0,A01,138Â 288Â 351,0.0,-1.0,-1.0,1652332,2.0,1,,0.0,2.0,8.0,A01,138Â 288Â 351,5.0
968178,201900009709,3,13,19:20,5,1,6,2.0,3.0,01354,rond point de france,M,"46,2393990","6,0342890",1,2019,80.0,1.0,1.0,3.0,2164118,1.0,1,4,1,1.0,,0.0,0,1978.0,A01,138Â 288Â 351,0.0,-1.0,-1.0,1652333,1.0,7,,0.0,2.0,1.0,B01,138Â 288Â 352,1.0
968178,201900009709,3,13,19:20,5,1,6,2.0,3.0,01354,rond point de france,M,"46,2393990","6,0342890",1,2019,80.0,1.0,1.0,3.0,2164119,1.0,1,1,1,5.0,,0.0,0,1982.0,B01,138Â 288Â 352,1.0,-1.0,-1.0,1652332,2.0,1,,0.0,2.0,8.0,A01,138Â 288Â 351,5.0
968178,201900009709,3,13,19:20,5,1,6,2.0,3.0,01354,rond point de france,M,"46,2393990","6,0342890",1,2019,80.0,1.0,1.0,3.0,2164119,1.0,1,1,1,5.0,,0.0,0,1982.0,B01,138Â 288Â 352,1.0,-1.0,-1.0,1652333,1.0,7,,0.0,2.0,1.0,B01,138Â 288Â 352,1.0
968179,201900009710,3,24,09:40,1,1,1,1.0,4.0,35253,Autoroute A84,M,"48,2553910"," -1,4219870",35,2019,130.0,1.0,1.0,1.0,2164120,1.0,1,1,1,4.0,,0.0,0,1950.0,C01,138Â 288Â 348,8.0,-1.0,-1.0,1652334,2.0,7,,14.0,0.0,1.0,C01,138Â 288Â 348,1.0
968179,201900009710,3,24,09:40,1,1,1,1.0,4.0,35253,Autoroute A84,M,"48,2553910"," -1,4219870",35,2019,130.0,1.0,1.0,1.0,2164120,1.0,1,1,1,4.0,,0.0,0,1950.0,C01,138Â 288Â 348,8.0,-1.0,-1.0,1652335,1.0,7,,0.0,2.0,6.0,B01,138Â 288Â 349,1.0
968179,201900009710,3,24,09:40,1,1,1,1.0,4.0,35253,Autoroute A84,M,"48,2553910"," -1,4219870",35,2019,130.0,1.0,1.0,1.0,2164120,1.0,1,1,1,4.0,,0.0,0,1950.0,C01,138Â 288Â 348,8.0,-1.0,-1.0,1652336,1.0,7,,0.0,2.0,1.0,A01,138Â 288Â 350,1.0
968179,201900009710,3,24,09:40,1,1,1,1.0,4.0,35253,Autoroute A84,M,"48,2553910"," -1,4219870",35,2019,130.0,1.0,1.0,1.0,2164121,1.0,1,4,1,1.0,,0.0,0,1966.0,B01,138Â 288Â 349,8.0,-1.0,-1.0,1652334,2.0,7,,14.0,0.0,1.0,C01,138Â 288Â 348,1.0
968179,201900009710,3,24,09:40,1,1,1,1.0,4.0,35253,Autoroute A84,M,"48,2553910"," -1,4219870",35,2019,130.0,1.0,1.0,1.0,2164121,1.0,1,4,1,1.0,,0.0,0,1966.0,B01,138Â 288Â 349,8.0,-1.0,-1.0,1652335,1.0,7,,0.0,2.0,6.0,B01,138Â 288Â 349,1.0
968179,201900009710,3,24,09:40,1,1,1,1.0,4.0,35253,Autoroute A84,M,"48,2553910"," -1,4219870",35,2019,130.0,1.0,1.0,1.0,2164121,1.0,1,4,1,1.0,,0.0,0,1966.0,B01,138Â 288Â 349,8.0,-1.0,-1.0,1652336,1.0,7,,0.0,2.0,1.0,A01,138Â 288Â 350,1.0
968179,201900009710,3,24,09:40,1,1,1,1.0,4.0,35253,Autoroute A84,M,"48,2553910"," -1,4219870",35,2019,130.0,1.0,1.0,1.0,2164122,2.0,2,3,1,1.0,,0.0,0,1978.0,B01,138Â 288Â 349,8.0,-1.0,-1.0,1652334,2.0,7,,14.0,0.0,1.0,C01,138Â 288Â 348,1.0
968179,201900009710,3,24,09:40,1,1,1,1.0,4.0,35253,Autoroute A84,M,"48,2553910"," -1,4219870",35,2019,130.0,1.0,1.0,1.0,2164122,2.0,2,3,1,1.0,,0.0,0,1978.0,B01,138Â 288Â 349,8.0,-1.0,-1.0,1652335,1.0,7,,0.0,2.0,6.0,B01,138Â 288Â 349,1.0
968179,201900009710,3,24,09:40,1,1,1,1.0,4.0,35253,Autoroute A84,M,"48,2553910"," -1,4219870",35,2019,130.0,1.0,1.0,1.0,2164122,2.0,2,3,1,1.0,,0.0,0,1978.0,B01,138Â 288Â 349,8.0,-1.0,-1.0,1652336,1.0,7,,0.0,2.0,1.0,A01,138Â 288Â 350,1.0
968179,201900009710,3,24,09:40,1,1,1,1.0,4.0,35253,Autoroute A84,M,"48,2553910"," -1,4219870",35,2019,130.0,1.0,1.0,1.0,2164123,1.0,1,1,1,1.0,,0.0,0,1992.0,A01,138Â 288Â 350,8.0,-1.0,-1.0,1652334,2.0,7,,14.0,0.0,1.0,C01,138Â 288Â 348,1.0
968179,201900009710,3,24,09:40,1,1,1,1.0,4.0,35253,Autoroute A84,M,"48,2553910"," -1,4219870",35,2019,130.0,1.0,1.0,1.0,2164123,1.0,1,1,1,1.0,,0.0,0,1992.0,A01,138Â 288Â 350,8.0,-1.0,-1.0,1652335,1.0,7,,0.0,2.0,6.0,B01,138Â 288Â 349,1.0
968179,201900009710,3,24,09:40,1,1,1,1.0,4.0,35253,Autoroute A84,M,"48,2553910"," -1,4219870",35,2019,130.0,1.0,1.0,1.0,2164123,1.0,1,1,1,1.0,,0.0,0,1992.0,A01,138Â 288Â 350,8.0,-1.0,-1.0,1652336,1.0,7,,0.0,2.0,1.0,A01,138Â 288Â 350,1.0
968180,201900009711,3,22,18:10,1,1,1,1.0,5.0,22084,RN 12 PR 19,M,"48,3625790"," -2,3210820",22,2019,110.0,2.0,1.0,2.0,2164124,1.0,1,4,2,2.0,,0.0,0,1994.0,A01,138Â 288Â 345,1.0,5.0,-1.0,1652337,1.0,7,,1.0,2.0,1.0,A01,138Â 288Â 345,1.0
968180,201900009711,3,22,18:10,1,1,1,1.0,5.0,22084,RN 12 PR 19,M,"48,3625790"," -2,3210820",22,2019,110.0,2.0,1.0,2.0,2164124,1.0,1,4,2,2.0,,0.0,0,1994.0,A01,138Â 288Â 345,1.0,5.0,-1.0,1652338,1.0,7,,0.0,0.0,4.0,B01,138Â 288Â 346,1.0
968180,201900009711,3,22,18:10,1,1,1,1.0,5.0,22084,RN 12 PR 19,M,"48,3625790"," -2,3210820",22,2019,110.0,2.0,1.0,2.0,2164124,1.0,1,4,2,2.0,,0.0,0,1994.0,A01,138Â 288Â 345,1.0,5.0,-1.0,1652339,1.0,7,,0.0,2.0,3.0,C01,138Â 288Â 347,1.0
968180,201900009711,3,22,18:10,1,1,1,1.0,5.0,22084,RN 12 PR 19,M,"48,3625790"," -2,3210820",22,2019,110.0,2.0,1.0,2.0,2164125,1.0,1,1,1,1.0,,0.0,0,1956.0,B01,138Â 288Â 346,1.0,-1.0,-1.0,1652337,1.0,7,,1.0,2.0,1.0,A01,138Â 288Â 345,1.0
968180,201900009711,3,22,18:10,1,1,1,1.0,5.0,22084,RN 12 PR 19,M,"48,3625790"," -2,3210820",22,2019,110.0,2.0,1.0,2.0,2164125,1.0,1,1,1,1.0,,0.0,0,1956.0,B01,138Â 288Â 346,1.0,-1.0,-1.0,1652338,1.0,7,,0.0,0.0,4.0,B01,138Â 288Â 346,1.0
968180,201900009711,3,22,18:10,1,1,1,1.0,5.0,22084,RN 12 PR 19,M,"48,3625790"," -2,3210820",22,2019,110.0,2.0,1.0,2.0,2164125,1.0,1,1,1,1.0,,0.0,0,1956.0,B01,138Â 288Â 346,1.0,-1.0,-1.0,1652339,1.0,7,,0.0,2.0,3.0,C01,138Â 288Â 347,1.0
968180,201900009711,3,22,18:10,1,1,1,1.0,5.0,22084,RN 12 PR 19,M,"48,3625790"," -2,3210820",22,2019,110.0,2.0,1.0,2.0,2164126,1.0,1,1,2,9.0,,0.0,0,1973.0,C01,138Â 288Â 347,1.0,-1.0,-1.0,1652337,1.0,7,,1.0,2.0,1.0,A01,138Â 288Â 345,1.0
968180,201900009711,3,22,18:10,1,1,1,1.0,5.0,22084,RN 12 PR 19,M,"48,3625790"," -2,3210820",22,2019,110.0,2.0,1.0,2.0,2164126,1.0,1,1,2,9.0,,0.0,0,1973.0,C01,138Â 288Â 347,1.0,-1.0,-1.0,1652338,1.0,7,,0.0,0.0,4.0,B01,138Â 288Â 346,1.0
968180,201900009711,3,22,18:10,1,1,1,1.0,5.0,22084,RN 12 PR 19,M,"48,3625790"," -2,3210820",22,2019,110.0,2.0,1.0,2.0,2164126,1.0,1,1,2,9.0,,0.0,0,1973.0,C01,138Â 288Â 347,1.0,-1.0,-1.0,1652339,1.0,7,,0.0,2.0,3.0,C01,138Â 288Â 347,1.0
968181,201900009712,3,24,16:30,1,2,1,1.0,7.0,97414,Avenue de Toulouse,M," -21,2882760","55,3984190",974,2019,50.0,1.0,1.0,2.0,2164127,1.0,1,1,1,0.0,,0.0,0,1949.0,A01,138Â 288Â 344,2.0,6.0,-1.0,1652340,0.0,2,,0.0,0.0,1.0,A01,138Â 288Â 344,1.0
968181,201900009712,3,24,16:30,1,2,1,1.0,7.0,97414,Avenue de Toulouse,M," -21,2882760","55,3984190",974,2019,50.0,1.0,1.0,2.0,2164128,2.0,2,4,2,0.0,,0.0,0,1945.0,A01,138Â 288Â 344,2.0,6.0,-1.0,1652340,0.0,2,,0.0,0.0,1.0,A01,138Â 288Â 344,1.0
968182,201900009713,3,21,15:15,1,1,1,1.0,2.0,41091,A10,M,"47,6161010","1,2926960",41,2019,130.0,1.0,1.0,1.0,2164129,1.0,1,1,1,5.0,,0.0,0,1958.0,A01,138Â 288Â 342,1.0,-1.0,-1.0,1652341,2.0,7,,0.0,2.0,1.0,A01,138Â 288Â 342,1.0
968182,201900009713,3,21,15:15,1,1,1,1.0,2.0,41091,A10,M,"47,6161010","1,2926960",41,2019,130.0,1.0,1.0,1.0,2164129,1.0,1,1,1,5.0,,0.0,0,1958.0,A01,138Â 288Â 342,1.0,-1.0,-1.0,1652342,2.0,13,,0.0,0.0,4.0,B01,138Â 288Â 343,1.0
968182,201900009713,3,21,15:15,1,1,1,1.0,2.0,41091,A10,M,"47,6161010","1,2926960",41,2019,130.0,1.0,1.0,1.0,2164130,2.0,2,4,2,5.0,,0.0,0,1960.0,A01,138Â 288Â 342,1.0,-1.0,-1.0,1652341,2.0,7,,0.0,2.0,1.0,A01,138Â 288Â 342,1.0
968182,201900009713,3,21,15:15,1,1,1,1.0,2.0,41091,A10,M,"47,6161010","1,2926960",41,2019,130.0,1.0,1.0,1.0,2164130,2.0,2,4,2,5.0,,0.0,0,1960.0,A01,138Â 288Â 342,1.0,-1.0,-1.0,1652342,2.0,13,,0.0,0.0,4.0,B01,138Â 288Â 343,1.0
968182,201900009713,3,21,15:15,1,1,1,1.0,2.0,41091,A10,M,"47,6161010","1,2926960",41,2019,130.0,1.0,1.0,1.0,2164131,1.0,1,1,2,4.0,,0.0,0,1971.0,B01,138Â 288Â 343,1.0,-1.0,-1.0,1652341,2.0,7,,0.0,2.0,1.0,A01,138Â 288Â 342,1.0
968182,201900009713,3,21,15:15,1,1,1,1.0,2.0,41091,A10,M,"47,6161010","1,2926960",41,2019,130.0,1.0,1.0,1.0,2164131,1.0,1,1,2,4.0,,0.0,0,1971.0,B01,138Â 288Â 343,1.0,-1.0,-1.0,1652342,2.0,13,,0.0,0.0,4.0,B01,138Â 288Â 343,1.0
968183,201900009714,3,26,12:25,1,2,1,1.0,3.0,60176,Avenue de Levallois Perret,M,"49,2228750","2,8772450",60,2019,50.0,1.0,1.0,4.0,2164132,1.0,1,4,2,1.0,,0.0,0,1983.0,A01,138Â 288Â 340,1.0,-1.0,-1.0,1652343,1.0,7,,0.0,2.0,1.0,A01,138Â 288Â 340,1.0
968183,201900009714,3,26,12:25,1,2,1,1.0,3.0,60176,Avenue de Levallois Perret,M,"49,2228750","2,8772450",60,2019,50.0,1.0,1.0,4.0,2164132,1.0,1,4,2,1.0,,0.0,0,1983.0,A01,138Â 288Â 340,1.0,-1.0,-1.0,1652344,1.0,10,,0.0,0.0,8.0,B01,138Â 288Â 341,1.0
968183,201900009714,3,26,12:25,1,2,1,1.0,3.0,60176,Avenue de Levallois Perret,M,"49,2228750","2,8772450",60,2019,50.0,1.0,1.0,4.0,2164133,1.0,1,4,2,4.0,,0.0,0,1994.0,B01,138Â 288Â 341,1.0,-1.0,-1.0,1652343,1.0,7,,0.0,2.0,1.0,A01,138Â 288Â 340,1.0
968183,201900009714,3,26,12:25,1,2,1,1.0,3.0,60176,Avenue de Levallois Perret,M,"49,2228750","2,8772450",60,2019,50.0,1.0,1.0,4.0,2164133,1.0,1,4,2,4.0,,0.0,0,1994.0,B01,138Â 288Â 341,1.0,-1.0,-1.0,1652344,1.0,10,,0.0,0.0,8.0,B01,138Â 288Â 341,1.0
968184,201900009715,3,23,18:01,1,1,3,1.0,3.0,44111,Alaska,M,"47,3881913"," -1,7147272",44,2019,80.0,1.0,1.0,3.0,2164134,9.0,2,1,1,9.0,,0.0,0,1986.0,B01,138Â 288Â 335,1.0,-1.0,-1.0,1652345,2.0,38,4.0,0.0,2.0,2.0,B01,138Â 288Â 335,1.0
968184,201900009715,3,23,18:01,1,1,3,1.0,3.0,44111,Alaska,M,"47,3881913"," -1,7147272",44,2019,80.0,1.0,1.0,3.0,2164134,9.0,2,1,1,9.0,,0.0,0,1986.0,B01,138Â 288Â 335,1.0,-1.0,-1.0,1652346,3.0,7,,0.0,2.0,1.0,A01,138Â 288Â 336,1.0
968184,201900009715,3,23,18:01,1,1,3,1.0,3.0,44111,Alaska,M,"47,3881913"," -1,7147272",44,2019,80.0,1.0,1.0,3.0,2164135,1.0,1,1,2,4.0,,0.0,0,1961.0,B01,138Â 288Â 335,1.0,-1.0,-1.0,1652345,2.0,38,4.0,0.0,2.0,2.0,B01,138Â 288Â 335,1.0
968184,201900009715,3,23,18:01,1,1,3,1.0,3.0,44111,Alaska,M,"47,3881913"," -1,7147272",44,2019,80.0,1.0,1.0,3.0,2164135,1.0,1,1,2,4.0,,0.0,0,1961.0,B01,138Â 288Â 335,1.0,-1.0,-1.0,1652346,3.0,7,,0.0,2.0,1.0,A01,138Â 288Â 336,1.0
968184,201900009715,3,23,18:01,1,1,3,1.0,3.0,44111,Alaska,M,"47,3881913"," -1,7147272",44,2019,80.0,1.0,1.0,3.0,2164136,2.0,2,1,1,9.0,,0.0,0,1993.0,B01,138Â 288Â 335,1.0,-1.0,-1.0,1652345,2.0,38,4.0,0.0,2.0,2.0,B01,138Â 288Â 335,1.0
968184,201900009715,3,23,18:01,1,1,3,1.0,3.0,44111,Alaska,M,"47,3881913"," -1,7147272",44,2019,80.0,1.0,1.0,3.0,2164136,2.0,2,1,1,9.0,,0.0,0,1993.0,B01,138Â 288Â 335,1.0,-1.0,-1.0,1652346,3.0,7,,0.0,2.0,1.0,A01,138Â 288Â 336,1.0
968184,201900009715,3,23,18:01,1,1,3,1.0,3.0,44111,Alaska,M,"47,3881913"," -1,7147272",44,2019,80.0,1.0,1.0,3.0,2164137,4.0,2,1,1,0.0,,0.0,0,2000.0,B01,138Â 288Â 335,1.0,-1.0,-1.0,1652345,2.0,38,4.0,0.0,2.0,2.0,B01,138Â 288Â 335,1.0
968184,201900009715,3,23,18:01,1,1,3,1.0,3.0,44111,Alaska,M,"47,3881913"," -1,7147272",44,2019,80.0,1.0,1.0,3.0,2164137,4.0,2,1,1,0.0,,0.0,0,2000.0,B01,138Â 288Â 335,1.0,-1.0,-1.0,1652346,3.0,7,,0.0,2.0,1.0,A01,138Â 288Â 336,1.0
968184,201900009715,3,23,18:01,1,1,3,1.0,3.0,44111,Alaska,M,"47,3881913"," -1,7147272",44,2019,80.0,1.0,1.0,3.0,2164138,1.0,1,3,1,5.0,,0.0,0,1995.0,A01,138Â 288Â 336,0.0,-1.0,-1.0,1652345,2.0,38,4.0,0.0,2.0,2.0,B01,138Â 288Â 335,1.0
968184,201900009715,3,23,18:01,1,1,3,1.0,3.0,44111,Alaska,M,"47,3881913"," -1,7147272",44,2019,80.0,1.0,1.0,3.0,2164138,1.0,1,3,1,5.0,,0.0,0,1995.0,A01,138Â 288Â 336,0.0,-1.0,-1.0,1652346,3.0,7,,0.0,2.0,1.0,A01,138Â 288Â 336,1.0
968185,201900009716,3,17,22:15,3,1,1,1.0,2.0,63178,Autoroute A75 sens Sud/Nord PK 029.350,M,"45,5623790","3,2607690",63,2019,90.0,1.0,1.0,1.0,2164139,8.0,2,1,2,5.0,,0.0,0,1988.0,B01,138Â 288Â 333,8.0,-1.0,-1.0,1652347,2.0,10,,0.0,2.0,6.0,B01,138Â 288Â 333,1.0
968185,201900009716,3,17,22:15,3,1,1,1.0,2.0,63178,Autoroute A75 sens Sud/Nord PK 029.350,M,"45,5623790","3,2607690",63,2019,90.0,1.0,1.0,1.0,2164139,8.0,2,1,2,5.0,,0.0,0,1988.0,B01,138Â 288Â 333,8.0,-1.0,-1.0,1652348,2.0,7,,0.0,2.0,2.0,A01,138Â 288Â 334,1.0
968185,201900009716,3,17,22:15,3,1,1,1.0,2.0,63178,Autoroute A75 sens Sud/Nord PK 029.350,M,"45,5623790","3,2607690",63,2019,90.0,1.0,1.0,1.0,2164140,7.0,2,1,2,5.0,,0.0,0,2015.0,B01,138Â 288Â 333,8.0,-1.0,-1.0,1652347,2.0,10,,0.0,2.0,6.0,B01,138Â 288Â 333,1.0
968185,201900009716,3,17,22:15,3,1,1,1.0,2.0,63178,Autoroute A75 sens Sud/Nord PK 029.350,M,"45,5623790","3,2607690",63,2019,90.0,1.0,1.0,1.0,2164140,7.0,2,1,2,5.0,,0.0,0,2015.0,B01,138Â 288Â 333,8.0,-1.0,-1.0,1652348,2.0,7,,0.0,2.0,2.0,A01,138Â 288Â 334,1.0
968185,201900009716,3,17,22:15,3,1,1,1.0,2.0,63178,Autoroute A75 sens Sud/Nord PK 029.350,M,"45,5623790","3,2607690",63,2019,90.0,1.0,1.0,1.0,2164141,3.0,2,1,2,5.0,,0.0,0,2012.0,B01,138Â 288Â 333,8.0,-1.0,-1.0,1652347,2.0,10,,0.0,2.0,6.0,B01,138Â 288Â 333,1.0
968185,201900009716,3,17,22:15,3,1,1,1.0,2.0,63178,Autoroute A75 sens Sud/Nord PK 029.350,M,"45,5623790","3,2607690",63,2019,90.0,1.0,1.0,1.0,2164141,3.0,2,1,2,5.0,,0.0,0,2012.0,B01,138Â 288Â 333,8.0,-1.0,-1.0,1652348,2.0,7,,0.0,2.0,2.0,A01,138Â 288Â 334,1.0