Unnamed: 0_x,num_acc,mois,jour,hrmn,lum,agg,int,atm,col,com,adr,gps,lat,long,dep,annee,vma,situ,surf,catr,Unnamed: 0_y,place,catu,grav,sexe,trajet,secu,locp,actp,an_nais,num_veh_x,id_vehicule_x,secu1,secu2,secu3,Unnamed: 0,senc,catv,occutc,obs,obsm,choc,num_veh_y,id_vehicule_y,motor
968185,201900009716,3,17,22:15,3,1,1,1.0,2.0,63178,Autoroute A75 sens Sud/Nord PK 029.350,M,"45,5623790","3,2607690",63,2019,90.0,1.0,1.0,1.0,2164142,1.0,1,1,2,5.0,,0.0,0,1986.0,B01,138Â 288Â 333,8.0,-1.0,-1.0,1652347,2.0,10,,0.0,2.0,6.0,B01,138Â 288Â 333,1.0
968185,201900009716,3,17,22:15,3,1,1,1.0,2.0,63178,Autoroute A75 sens Sud/Nord PK 029.350,M,"45,5623790","3,2607690",63,2019,90.0,1.0,1.0,1.0,2164142,1.0,1,1,2,5.0,,0.0,0,1986.0,B01,138Â 288Â 333,8.0,-1.0,-1.0,1652348,2.0,7,,0.0,2.0,2.0,A01,138Â 288Â 334,1.0
968185,201900009716,3,17,22:15,3,1,1,1.0,2.0,63178,Autoroute A75 sens Sud/Nord PK 029.350,M,"45,5623790","3,2607690",63,2019,90.0,1.0,1.0,1.0,2164143,5.0,2,1,2,5.0,,0.0,0,2012.0,B01,138Â 288Â 333,8.0,-1.0,-1.0,1652347,2.0,10,,0.0,2.0,6.0,B01,138Â 288Â 333,1.0
968185,201900009716,3,17,22:15,3,1,1,1.0,2.0,63178,Autoroute A75 sens Sud/Nord PK 029.350,M,"45,5623790","3,2607690",63,2019,90.0,1.0,1.0,1.0,2164143,5.0,2,1,2,5.0,,0.0,0,2012.0,B01,138Â 288Â 333,8.0,-1.0,-1.0,1652348,2.0,7,,0.0,2.0,2.0,A01,138Â 288Â 334,1.0
968185,201900009716,3,17,22:15,3,1,1,1.0,2.0,63178,Autoroute A75 sens Sud/Nord PK 029.350,M,"45,5623790","3,2607690",63,2019,90.0,1.0,1.0,1.0,2164144,9.0,2,3,2,5.0,,0.0,0,1974.0,B01,138Â 288Â 333,8.0,-1.0,-1.0,1652347,2.0,10,,0.0,2.0,6.0,B01,138Â 288Â 333,1.0
968185,201900009716,3,17,22:15,3,1,1,1.0,2.0,63178,Autoroute A75 sens Sud/Nord PK 029.350,M,"45,5623790","3,2607690",63,2019,90.0,1.0,1.0,1.0,2164144,9.0,2,3,2,5.0,,0.0,0,1974.0,B01,138Â 288Â 333,8.0,-1.0,-1.0,1652348,2.0,7,,0.0,2.0,2.0,A01,138Â 288Â 334,1.0
968185,201900009716,3,17,22:15,3,1,1,1.0,2.0,63178,Autoroute A75 sens Sud/Nord PK 029.350,M,"45,5623790","3,2607690",63,2019,90.0,1.0,1.0,1.0,2164145,4.0,2,1,2,5.0,,0.0,0,2012.0,B01,138Â 288Â 333,8.0,-1.0,-1.0,1652347,2.0,10,,0.0,2.0,6.0,B01,138Â 288Â 333,1.0
968185,201900009716,3,17,22:15,3,1,1,1.0,2.0,63178,Autoroute A75 sens Sud/Nord PK 029.350,M,"45,5623790","3,2607690",63,2019,90.0,1.0,1.0,1.0,2164145,4.0,2,1,2,5.0,,0.0,0,2012.0,B01,138Â 288Â 333,8.0,-1.0,-1.0,1652348,2.0,7,,0.0,2.0,2.0,A01,138Â 288Â 334,1.0
968185,201900009716,3,17,22:15,3,1,1,1.0,2.0,63178,Autoroute A75 sens Sud/Nord PK 029.350,M,"45,5623790","3,2607690",63,2019,90.0,1.0,1.0,1.0,2164146,6.0,2,3,2,5.0,,0.0,0,1986.0,B01,138Â 288Â 333,8.0,-1.0,-1.0,1652347,2.0,10,,0.0,2.0,6.0,B01,138Â 288Â 333,1.0
968185,201900009716,3,17,22:15,3,1,1,1.0,2.0,63178,Autoroute A75 sens Sud/Nord PK 029.350,M,"45,5623790","3,2607690",63,2019,90.0,1.0,1.0,1.0,2164146,6.0,2,3,2,5.0,,0.0,0,1986.0,B01,138Â 288Â 333,8.0,-1.0,-1.0,1652348,2.0,7,,0.0,2.0,2.0,A01,138Â 288Â 334,1.0
968185,201900009716,3,17,22:15,3,1,1,1.0,2.0,63178,Autoroute A75 sens Sud/Nord PK 029.350,M,"45,5623790","3,2607690",63,2019,90.0,1.0,1.0,1.0,2164147,2.0,2,1,2,5.0,,0.0,0,1989.0,B01,138Â 288Â 333,8.0,-1.0,-1.0,1652347,2.0,10,,0.0,2.0,6.0,B01,138Â 288Â 333,1.0
968185,201900009716,3,17,22:15,3,1,1,1.0,2.0,63178,Autoroute A75 sens Sud/Nord PK 029.350,M,"45,5623790","3,2607690",63,2019,90.0,1.0,1.0,1.0,2164147,2.0,2,1,2,5.0,,0.0,0,1989.0,B01,138Â 288Â 333,8.0,-1.0,-1.0,1652348,2.0,7,,0.0,2.0,2.0,A01,138Â 288Â 334,1.0
968185,201900009716,3,17,22:15,3,1,1,1.0,2.0,63178,Autoroute A75 sens Sud/Nord PK 029.350,M,"45,5623790","3,2607690",63,2019,90.0,1.0,1.0,1.0,2164148,1.0,1,1,1,5.0,,0.0,0,1987.0,A01,138Â 288Â 334,8.0,-1.0,-1.0,1652347,2.0,10,,0.0,2.0,6.0,B01,138Â 288Â 333,1.0
968185,201900009716,3,17,22:15,3,1,1,1.0,2.0,63178,Autoroute A75 sens Sud/Nord PK 029.350,M,"45,5623790","3,2607690",63,2019,90.0,1.0,1.0,1.0,2164148,1.0,1,1,1,5.0,,0.0,0,1987.0,A01,138Â 288Â 334,8.0,-1.0,-1.0,1652348,2.0,7,,0.0,2.0,2.0,A01,138Â 288Â 334,1.0
968186,201900009717,3,21,08:00,1,2,1,1.0,3.0,66021,Avenue FranÃ§ois Cassagnes,M,"42,7317600","2,9300800",66,2019,50.0,1.0,1.0,4.0,2164149,1.0,1,4,1,2.0,,0.0,0,2001.0,A01,138Â 288Â 331,2.0,-1.0,-1.0,1652349,3.0,2,,0.0,2.0,1.0,A01,138Â 288Â 331,1.0
968186,201900009717,3,21,08:00,1,2,1,1.0,3.0,66021,Avenue FranÃ§ois Cassagnes,M,"42,7317600","2,9300800",66,2019,50.0,1.0,1.0,4.0,2164149,1.0,1,4,1,2.0,,0.0,0,2001.0,A01,138Â 288Â 331,2.0,-1.0,-1.0,1652350,3.0,7,,0.0,2.0,3.0,B01,138Â 288Â 332,1.0
968186,201900009717,3,21,08:00,1,2,1,1.0,3.0,66021,Avenue FranÃ§ois Cassagnes,M,"42,7317600","2,9300800",66,2019,50.0,1.0,1.0,4.0,2164150,1.0,1,1,1,2.0,,0.0,0,1963.0,B01,138Â 288Â 332,8.0,-1.0,-1.0,1652349,3.0,2,,0.0,2.0,1.0,A01,138Â 288Â 331,1.0
968186,201900009717,3,21,08:00,1,2,1,1.0,3.0,66021,Avenue FranÃ§ois Cassagnes,M,"42,7317600","2,9300800",66,2019,50.0,1.0,1.0,4.0,2164150,1.0,1,1,1,2.0,,0.0,0,1963.0,B01,138Â 288Â 332,8.0,-1.0,-1.0,1652350,3.0,7,,0.0,2.0,3.0,B01,138Â 288Â 332,1.0
968187,201900009718,3,25,11:20,1,2,7,1.0,6.0,30034,parking des arÃ¨nes,M,"43,7555300","4,5148990",30,2019,30.0,8.0,1.0,6.0,2164151,1.0,1,1,2,1.0,,0.0,0,1981.0,A01,138Â 288Â 330,1.0,-1.0,-1.0,1652351,0.0,7,,0.0,1.0,8.0,A01,138Â 288Â 330,6.0
968187,201900009718,3,25,11:20,1,2,7,1.0,6.0,30034,parking des arÃ¨nes,M,"43,7555300","4,5148990",30,2019,30.0,8.0,1.0,6.0,2164152,10.0,3,3,1,0.0,,6.0,9,1944.0,A01,138Â 288Â 330,0.0,-1.0,-1.0,1652351,0.0,7,,0.0,1.0,8.0,A01,138Â 288Â 330,6.0
968188,201900009719,3,25,18:00,1,2,1,1.0,1.0,57031,Route d'Aubigny,M,"49,0939490","6,2701930",57,2019,50.0,1.0,1.0,4.0,2164153,1.0,1,1,1,4.0,,0.0,0,1983.0,B01,138Â 288Â 328,1.0,-1.0,-1.0,1652352,1.0,10,,0.0,0.0,1.0,B01,138Â 288Â 328,1.0
968188,201900009719,3,25,18:00,1,2,1,1.0,1.0,57031,Route d'Aubigny,M,"49,0939490","6,2701930",57,2019,50.0,1.0,1.0,4.0,2164153,1.0,1,1,1,4.0,,0.0,0,1983.0,B01,138Â 288Â 328,1.0,-1.0,-1.0,1652353,2.0,7,,1.0,0.0,1.0,A01,138Â 288Â 329,1.0
968188,201900009719,3,25,18:00,1,2,1,1.0,1.0,57031,Route d'Aubigny,M,"49,0939490","6,2701930",57,2019,50.0,1.0,1.0,4.0,2164154,9.0,2,4,2,4.0,,0.0,0,1972.0,B01,138Â 288Â 328,1.0,-1.0,-1.0,1652352,1.0,10,,0.0,0.0,1.0,B01,138Â 288Â 328,1.0
968188,201900009719,3,25,18:00,1,2,1,1.0,1.0,57031,Route d'Aubigny,M,"49,0939490","6,2701930",57,2019,50.0,1.0,1.0,4.0,2164154,9.0,2,4,2,4.0,,0.0,0,1972.0,B01,138Â 288Â 328,1.0,-1.0,-1.0,1652353,2.0,7,,1.0,0.0,1.0,A01,138Â 288Â 329,1.0
968188,201900009719,3,25,18:00,1,2,1,1.0,1.0,57031,Route d'Aubigny,M,"49,0939490","6,2701930",57,2019,50.0,1.0,1.0,4.0,2164155,1.0,1,4,1,9.0,,0.0,0,1991.0,A01,138Â 288Â 329,1.0,-1.0,-1.0,1652352,1.0,10,,0.0,0.0,1.0,B01,138Â 288Â 328,1.0
968188,201900009719,3,25,18:00,1,2,1,1.0,1.0,57031,Route d'Aubigny,M,"49,0939490","6,2701930",57,2019,50.0,1.0,1.0,4.0,2164155,1.0,1,4,1,9.0,,0.0,0,1991.0,A01,138Â 288Â 329,1.0,-1.0,-1.0,1652353,2.0,7,,1.0,0.0,1.0,A01,138Â 288Â 329,1.0
968188,201900009719,3,25,18:00,1,2,1,1.0,1.0,57031,Route d'Aubigny,M,"49,0939490","6,2701930",57,2019,50.0,1.0,1.0,4.0,2164156,2.0,2,4,2,9.0,,0.0,0,1996.0,A01,138Â 288Â 329,0.0,-1.0,-1.0,1652352,1.0,10,,0.0,0.0,1.0,B01,138Â 288Â 328,1.0
968188,201900009719,3,25,18:00,1,2,1,1.0,1.0,57031,Route d'Aubigny,M,"49,0939490","6,2701930",57,2019,50.0,1.0,1.0,4.0,2164156,2.0,2,4,2,9.0,,0.0,0,1996.0,A01,138Â 288Â 329,0.0,-1.0,-1.0,1652353,2.0,7,,1.0,0.0,1.0,A01,138Â 288Â 329,1.0
968189,201900009720,3,21,12:20,1,2,3,1.0,1.0,57534,rue du ruisseau saint pierre,M,"49,0703260","6,2319600",57,2019,50.0,1.0,1.0,3.0,2164157,1.0,1,4,1,2.0,,0.0,0,2004.0,B01,138Â 288Â 326,2.0,6.0,-1.0,1652354,3.0,30,,0.0,2.0,2.0,B01,138Â 288Â 326,1.0
968189,201900009720,3,21,12:20,1,2,3,1.0,1.0,57534,rue du ruisseau saint pierre,M,"49,0703260","6,2319600",57,2019,50.0,1.0,1.0,3.0,2164157,1.0,1,4,1,2.0,,0.0,0,2004.0,B01,138Â 288Â 326,2.0,6.0,-1.0,1652355,3.0,7,,0.0,2.0,3.0,A01,138Â 288Â 327,1.0
968189,201900009720,3,21,12:20,1,2,3,1.0,1.0,57534,rue du ruisseau saint pierre,M,"49,0703260","6,2319600",57,2019,50.0,1.0,1.0,3.0,2164158,1.0,1,1,1,0.0,,0.0,0,1952.0,A01,138Â 288Â 327,1.0,-1.0,-1.0,1652354,3.0,30,,0.0,2.0,2.0,B01,138Â 288Â 326,1.0
968189,201900009720,3,21,12:20,1,2,3,1.0,1.0,57534,rue du ruisseau saint pierre,M,"49,0703260","6,2319600",57,2019,50.0,1.0,1.0,3.0,2164158,1.0,1,1,1,0.0,,0.0,0,1952.0,A01,138Â 288Â 327,1.0,-1.0,-1.0,1652355,3.0,7,,0.0,2.0,3.0,A01,138Â 288Â 327,1.0
968190,201900009721,3,26,18:50,1,2,1,1.0,3.0,62268,rue des Ã©coles,M,"50,6673830","1,8336410",62,2019,50.0,1.0,1.0,3.0,2164159,1.0,1,1,2,0.0,,0.0,0,1981.0,A01,138Â 288Â 324,1.0,-1.0,-1.0,1652356,1.0,7,,0.0,2.0,6.0,A01,138Â 288Â 324,1.0
968190,201900009721,3,26,18:50,1,2,1,1.0,3.0,62268,rue des Ã©coles,M,"50,6673830","1,8336410",62,2019,50.0,1.0,1.0,3.0,2164159,1.0,1,1,2,0.0,,0.0,0,1981.0,A01,138Â 288Â 324,1.0,-1.0,-1.0,1652357,1.0,33,,0.0,2.0,1.0,B01,138Â 288Â 325,1.0
968190,201900009721,3,26,18:50,1,2,1,1.0,3.0,62268,rue des Ã©coles,M,"50,6673830","1,8336410",62,2019,50.0,1.0,1.0,3.0,2164160,1.0,1,3,1,0.0,,0.0,0,1995.0,B01,138Â 288Â 325,2.0,-1.0,-1.0,1652356,1.0,7,,0.0,2.0,6.0,A01,138Â 288Â 324,1.0
968190,201900009721,3,26,18:50,1,2,1,1.0,3.0,62268,rue des Ã©coles,M,"50,6673830","1,8336410",62,2019,50.0,1.0,1.0,3.0,2164160,1.0,1,3,1,0.0,,0.0,0,1995.0,B01,138Â 288Â 325,2.0,-1.0,-1.0,1652357,1.0,33,,0.0,2.0,1.0,B01,138Â 288Â 325,1.0
968191,201900009722,3,22,08:40,1,1,1,1.0,7.0,51436,RN 44,M,"48,8680496","4,4811108",51,2019,110.0,1.0,1.0,2.0,2164161,1.0,1,3,1,9.0,,0.0,0,1992.0,A01,138Â 288Â 323,2.0,-1.0,-1.0,1652358,2.0,33,,0.0,0.0,7.0,A01,138Â 288Â 323,1.0
968192,201900009723,3,23,20:00,5,2,1,1.0,6.0,59118,95 Rue des FrÃ¨res Desjardin,M,"50,0321770","3,4635510",59,2019,50.0,4.0,1.0,4.0,2164162,1.0,1,3,1,5.0,,0.0,0,1983.0,A01,138Â 288Â 322,1.0,-1.0,-1.0,1652359,1.0,7,,6.0,0.0,2.0,A01,138Â 288Â 322,0.0
968193,201900009724,3,19,14:35,1,2,1,7.0,1.0,59384,Grand rue,M,"50,1349160","3,7645730",59,2019,50.0,1.0,1.0,3.0,2164163,1.0,1,2,1,0.0,,0.0,0,1967.0,A01,138Â 288Â 320,1.0,-1.0,-1.0,1652360,1.0,7,,0.0,2.0,1.0,A01,138Â 288Â 320,1.0
968193,201900009724,3,19,14:35,1,2,1,7.0,1.0,59384,Grand rue,M,"50,1349160","3,7645730",59,2019,50.0,1.0,1.0,3.0,2164163,1.0,1,2,1,0.0,,0.0,0,1967.0,A01,138Â 288Â 320,1.0,-1.0,-1.0,1652361,2.0,7,,9.0,2.0,1.0,B01,138Â 288Â 321,1.0
968193,201900009724,3,19,14:35,1,2,1,7.0,1.0,59384,Grand rue,M,"50,1349160","3,7645730",59,2019,50.0,1.0,1.0,3.0,2164164,1.0,1,4,1,0.0,,0.0,0,1945.0,B01,138Â 288Â 321,1.0,-1.0,-1.0,1652360,1.0,7,,0.0,2.0,1.0,A01,138Â 288Â 320,1.0
968193,201900009724,3,19,14:35,1,2,1,7.0,1.0,59384,Grand rue,M,"50,1349160","3,7645730",59,2019,50.0,1.0,1.0,3.0,2164164,1.0,1,4,1,0.0,,0.0,0,1945.0,B01,138Â 288Â 321,1.0,-1.0,-1.0,1652361,2.0,7,,9.0,2.0,1.0,B01,138Â 288Â 321,1.0
968193,201900009724,3,19,14:35,1,2,1,7.0,1.0,59384,Grand rue,M,"50,1349160","3,7645730",59,2019,50.0,1.0,1.0,3.0,2164165,2.0,2,4,2,0.0,,0.0,0,1945.0,B01,138Â 288Â 321,1.0,-1.0,-1.0,1652360,1.0,7,,0.0,2.0,1.0,A01,138Â 288Â 320,1.0
968193,201900009724,3,19,14:35,1,2,1,7.0,1.0,59384,Grand rue,M,"50,1349160","3,7645730",59,2019,50.0,1.0,1.0,3.0,2164165,2.0,2,4,2,0.0,,0.0,0,1945.0,B01,138Â 288Â 321,1.0,-1.0,-1.0,1652361,2.0,7,,9.0,2.0,1.0,B01,138Â 288Â 321,1.0
968194,201900009725,3,25,11:10,1,1,1,1.0,1.0,19234,LA CROIX DE FER,M,"45,3084970","1,5624250",19,2019,80.0,1.0,1.0,3.0,2164166,1.0,1,1,1,5.0,,0.0,0,1946.0,B01,138Â 288Â 318,1.0,-1.0,-1.0,1652362,1.0,7,,0.0,2.0,8.0,B01,138Â 288Â 318,1.0
968194,201900009725,3,25,11:10,1,1,1,1.0,1.0,19234,LA CROIX DE FER,M,"45,3084970","1,5624250",19,2019,80.0,1.0,1.0,3.0,2164166,1.0,1,1,1,5.0,,0.0,0,1946.0,B01,138Â 288Â 318,1.0,-1.0,-1.0,1652363,1.0,33,,0.0,2.0,1.0,A01,138Â 288Â 319,1.0
968194,201900009725,3,25,11:10,1,1,1,1.0,1.0,19234,LA CROIX DE FER,M,"45,3084970","1,5624250",19,2019,80.0,1.0,1.0,3.0,2164167,1.0,1,3,1,5.0,,0.0,0,1969.0,A01,138Â 288Â 319,2.0,-1.0,-1.0,1652362,1.0,7,,0.0,2.0,8.0,B01,138Â 288Â 318,1.0
968194,201900009725,3,25,11:10,1,1,1,1.0,1.0,19234,LA CROIX DE FER,M,"45,3084970","1,5624250",19,2019,80.0,1.0,1.0,3.0,2164167,1.0,1,3,1,5.0,,0.0,0,1969.0,A01,138Â 288Â 319,2.0,-1.0,-1.0,1652363,1.0,33,,0.0,2.0,1.0,A01,138Â 288Â 319,1.0
968195,201900009726,3,24,16:55,1,2,6,1.0,3.0,95527,Avenue du Bois de la Pie,M,"48,9932780","2,5175280",95,2019,70.0,1.0,1.0,3.0,2164168,1.0,1,1,1,1.0,,0.0,0,1985.0,B01,138Â 288Â 316,1.0,-1.0,-1.0,1652364,1.0,7,,0.0,2.0,3.0,B01,138Â 288Â 316,1.0
968195,201900009726,3,24,16:55,1,2,6,1.0,3.0,95527,Avenue du Bois de la Pie,M,"48,9932780","2,5175280",95,2019,70.0,1.0,1.0,3.0,2164168,1.0,1,1,1,1.0,,0.0,0,1985.0,B01,138Â 288Â 316,1.0,-1.0,-1.0,1652365,1.0,34,,0.0,2.0,2.0,A01,138Â 288Â 317,1.0
968195,201900009726,3,24,16:55,1,2,6,1.0,3.0,95527,Avenue du Bois de la Pie,M,"48,9932780","2,5175280",95,2019,70.0,1.0,1.0,3.0,2164169,1.0,1,4,1,5.0,,0.0,0,1983.0,A01,138Â 288Â 317,2.0,-1.0,-1.0,1652364,1.0,7,,0.0,2.0,3.0,B01,138Â 288Â 316,1.0
968195,201900009726,3,24,16:55,1,2,6,1.0,3.0,95527,Avenue du Bois de la Pie,M,"48,9932780","2,5175280",95,2019,70.0,1.0,1.0,3.0,2164169,1.0,1,4,1,5.0,,0.0,0,1983.0,A01,138Â 288Â 317,2.0,-1.0,-1.0,1652365,1.0,34,,0.0,2.0,2.0,A01,138Â 288Â 317,1.0
968196,201900009727,3,25,09:25,1,1,1,1.0,6.0,56122,D13,M,"48,0068000"," -2,3931100",56,2019,80.0,3.0,1.0,3.0,2164170,2.0,2,4,2,2.0,,0.0,0,2001.0,A01,138Â 288Â 315,1.0,-1.0,-1.0,1652366,2.0,7,,2.0,0.0,1.0,A01,138Â 288Â 315,1.0
968196,201900009727,3,25,09:25,1,1,1,1.0,6.0,56122,D13,M,"48,0068000"," -2,3931100",56,2019,80.0,3.0,1.0,3.0,2164171,1.0,1,4,1,2.0,,0.0,0,1999.0,A01,138Â 288Â 315,1.0,-1.0,-1.0,1652366,2.0,7,,2.0,0.0,1.0,A01,138Â 288Â 315,1.0
968197,201900009728,3,25,19:00,1,2,1,1.0,1.0,56036,rue des muguets,M,"47,8075680"," -3,3411180",56,2019,30.0,1.0,1.0,4.0,2164172,1.0,1,3,1,1.0,,0.0,0,1995.0,A01,138Â 288Â 313,2.0,-1.0,-1.0,1652367,3.0,33,,0.0,2.0,1.0,A01,138Â 288Â 313,1.0
968197,201900009728,3,25,19:00,1,2,1,1.0,1.0,56036,rue des muguets,M,"47,8075680"," -3,3411180",56,2019,30.0,1.0,1.0,4.0,2164172,1.0,1,3,1,1.0,,0.0,0,1995.0,A01,138Â 288Â 313,2.0,-1.0,-1.0,1652368,3.0,10,,0.0,2.0,3.0,B01,138Â 288Â 314,1.0
968197,201900009728,3,25,19:00,1,2,1,1.0,1.0,56036,rue des muguets,M,"47,8075680"," -3,3411180",56,2019,30.0,1.0,1.0,4.0,2164173,1.0,1,1,1,1.0,,0.0,0,1969.0,B01,138Â 288Â 314,1.0,-1.0,-1.0,1652367,3.0,33,,0.0,2.0,1.0,A01,138Â 288Â 313,1.0
968197,201900009728,3,25,19:00,1,2,1,1.0,1.0,56036,rue des muguets,M,"47,8075680"," -3,3411180",56,2019,30.0,1.0,1.0,4.0,2164173,1.0,1,1,1,1.0,,0.0,0,1969.0,B01,138Â 288Â 314,1.0,-1.0,-1.0,1652368,3.0,10,,0.0,2.0,3.0,B01,138Â 288Â 314,1.0
968198,201900009729,3,23,14:55,1,1,1,1.0,3.0,56053,Le Halinier,M,"47,6954410"," -2,5516030",56,2019,80.0,1.0,1.0,3.0,2164174,1.0,1,3,1,5.0,,0.0,0,1964.0,A01,138Â 288Â 311,1.0,-1.0,-1.0,1652369,1.0,7,,0.0,2.0,8.0,A01,138Â 288Â 311,1.0
968198,201900009729,3,23,14:55,1,1,1,1.0,3.0,56053,Le Halinier,M,"47,6954410"," -2,5516030",56,2019,80.0,1.0,1.0,3.0,2164174,1.0,1,3,1,5.0,,0.0,0,1964.0,A01,138Â 288Â 311,1.0,-1.0,-1.0,1652370,1.0,7,,0.0,2.0,7.0,B01,138Â 288Â 312,1.0
968198,201900009729,3,23,14:55,1,1,1,1.0,3.0,56053,Le Halinier,M,"47,6954410"," -2,5516030",56,2019,80.0,1.0,1.0,3.0,2164175,2.0,2,1,2,5.0,,0.0,0,1998.0,A01,138Â 288Â 311,1.0,-1.0,-1.0,1652369,1.0,7,,0.0,2.0,8.0,A01,138Â 288Â 311,1.0
968198,201900009729,3,23,14:55,1,1,1,1.0,3.0,56053,Le Halinier,M,"47,6954410"," -2,5516030",56,2019,80.0,1.0,1.0,3.0,2164175,2.0,2,1,2,5.0,,0.0,0,1998.0,A01,138Â 288Â 311,1.0,-1.0,-1.0,1652370,1.0,7,,0.0,2.0,7.0,B01,138Â 288Â 312,1.0
968198,201900009729,3,23,14:55,1,1,1,1.0,3.0,56053,Le Halinier,M,"47,6954410"," -2,5516030",56,2019,80.0,1.0,1.0,3.0,2164176,1.0,1,1,2,5.0,,0.0,0,1998.0,B01,138Â 288Â 312,1.0,-1.0,-1.0,1652369,1.0,7,,0.0,2.0,8.0,A01,138Â 288Â 311,1.0
968198,201900009729,3,23,14:55,1,1,1,1.0,3.0,56053,Le Halinier,M,"47,6954410"," -2,5516030",56,2019,80.0,1.0,1.0,3.0,2164176,1.0,1,1,2,5.0,,0.0,0,1998.0,B01,138Â 288Â 312,1.0,-1.0,-1.0,1652370,1.0,7,,0.0,2.0,7.0,B01,138Â 288Â 312,1.0
968199,201900009730,3,23,20:43,3,1,1,1.0,7.0,56004,La Corne du Cerf,M,"47,5361860"," -2,4047240",56,2019,110.0,8.0,1.0,2.0,2164177,1.0,1,3,1,1.0,,0.0,0,1996.0,A01,138Â 288Â 310,1.0,-1.0,-1.0,1652371,2.0,7,,7.0,0.0,1.0,A01,138Â 288Â 310,6.0
968200,201900009731,3,22,19:15,5,2,1,1.0,6.0,74284,route dÃ©partementale 907,M,"46,1376620","6,4356980",74,2019,50.0,1.0,1.0,3.0,2164178,10.0,3,3,1,5.0,,1.0,3,1984.0,A01,138Â 288Â 309,0.0,-1.0,-1.0,1652372,2.0,7,,0.0,1.0,3.0,A01,138Â 288Â 309,1.0
968200,201900009731,3,22,19:15,5,2,1,1.0,6.0,74284,route dÃ©partementale 907,M,"46,1376620","6,4356980",74,2019,50.0,1.0,1.0,3.0,2164179,1.0,1,1,2,5.0,,0.0,0,1993.0,A01,138Â 288Â 309,1.0,-1.0,-1.0,1652372,2.0,7,,0.0,1.0,3.0,A01,138Â 288Â 309,1.0
968201,201900009732,3,22,14:45,1,1,1,1.0,2.0,74104,Route d'Albertville,M,"45,7718940","6,2408290",74,2019,80.0,1.0,1.0,3.0,2164180,1.0,1,4,1,4.0,,0.0,0,1965.0,B01,138Â 288Â 307,1.0,-1.0,-1.0,1652373,2.0,7,,0.0,2.0,4.0,B01,138Â 288Â 307,1.0
968201,201900009732,3,22,14:45,1,1,1,1.0,2.0,74104,Route d'Albertville,M,"45,7718940","6,2408290",74,2019,80.0,1.0,1.0,3.0,2164180,1.0,1,4,1,4.0,,0.0,0,1965.0,B01,138Â 288Â 307,1.0,-1.0,-1.0,1652374,2.0,7,,0.0,2.0,1.0,A01,138Â 288Â 308,1.0
968201,201900009732,3,22,14:45,1,1,1,1.0,2.0,74104,Route d'Albertville,M,"45,7718940","6,2408290",74,2019,80.0,1.0,1.0,3.0,2164181,1.0,1,1,1,4.0,,0.0,0,1986.0,A01,138Â 288Â 308,1.0,-1.0,-1.0,1652373,2.0,7,,0.0,2.0,4.0,B01,138Â 288Â 307,1.0
968201,201900009732,3,22,14:45,1,1,1,1.0,2.0,74104,Route d'Albertville,M,"45,7718940","6,2408290",74,2019,80.0,1.0,1.0,3.0,2164181,1.0,1,1,1,4.0,,0.0,0,1986.0,A01,138Â 288Â 308,1.0,-1.0,-1.0,1652374,2.0,7,,0.0,2.0,1.0,A01,138Â 288Â 308,1.0
968202,201900009733,3,23,18:10,1,1,9,1.0,7.0,77133,RD18,M,"48,4134800","3,0763700",77,2019,80.0,3.0,1.0,3.0,2164182,1.0,1,2,1,5.0,,0.0,0,1995.0,A01,138Â 288Â 306,1.0,-1.0,-1.0,1652375,1.0,7,,16.0,0.0,9.0,A01,138Â 288Â 306,1.0
968203,201900009734,3,23,18:45,2,1,2,1.0,3.0,77020,N4 X D75A,M,"48,6925870","3,1860500",77,2019,80.0,1.0,1.0,2.0,2164183,2.0,2,4,2,1.0,,0.0,0,2000.0,B01,138Â 288Â 304,1.0,-1.0,-1.0,1652376,2.0,7,,0.0,2.0,2.0,B01,138Â 288Â 304,1.0
968203,201900009734,3,23,18:45,2,1,2,1.0,3.0,77020,N4 X D75A,M,"48,6925870","3,1860500",77,2019,80.0,1.0,1.0,2.0,2164183,2.0,2,4,2,1.0,,0.0,0,2000.0,B01,138Â 288Â 304,1.0,-1.0,-1.0,1652377,2.0,7,,0.0,2.0,3.0,A01,138Â 288Â 305,1.0
968203,201900009734,3,23,18:45,2,1,2,1.0,3.0,77020,N4 X D75A,M,"48,6925870","3,1860500",77,2019,80.0,1.0,1.0,2.0,2164184,1.0,1,4,1,5.0,,0.0,0,1997.0,B01,138Â 288Â 304,1.0,5.0,-1.0,1652376,2.0,7,,0.0,2.0,2.0,B01,138Â 288Â 304,1.0
968203,201900009734,3,23,18:45,2,1,2,1.0,3.0,77020,N4 X D75A,M,"48,6925870","3,1860500",77,2019,80.0,1.0,1.0,2.0,2164184,1.0,1,4,1,5.0,,0.0,0,1997.0,B01,138Â 288Â 304,1.0,5.0,-1.0,1652377,2.0,7,,0.0,2.0,3.0,A01,138Â 288Â 305,1.0
968203,201900009734,3,23,18:45,2,1,2,1.0,3.0,77020,N4 X D75A,M,"48,6925870","3,1860500",77,2019,80.0,1.0,1.0,2.0,2164185,1.0,1,4,1,5.0,,0.0,0,1959.0,A01,138Â 288Â 305,1.0,-1.0,-1.0,1652376,2.0,7,,0.0,2.0,2.0,B01,138Â 288Â 304,1.0