Unnamed: 0_x,num_acc,mois,jour,hrmn,lum,agg,int,atm,col,com,adr,gps,lat,long,dep,annee,vma,situ,surf,catr,Unnamed: 0_y,place,catu,grav,sexe,trajet,secu,locp,actp,an_nais,num_veh_x,id_vehicule_x,secu1,secu2,secu3,Unnamed: 0,senc,catv,occutc,obs,obsm,choc,num_veh_y,id_vehicule_y,motor
968203,201900009734,3,23,18:45,2,1,2,1.0,3.0,77020,N4 X D75A,M,"48,6925870","3,1860500",77,2019,80.0,1.0,1.0,2.0,2164185,1.0,1,4,1,5.0,,0.0,0,1959.0,A01,138Â 288Â 305,1.0,-1.0,-1.0,1652377,2.0,7,,0.0,2.0,3.0,A01,138Â 288Â 305,1.0
968204,201900009735,3,25,16:45,1,1,1,1.0,1.0,67029,Wolsthof,M,"48,8922270","7,1316470",67,2019,70.0,1.0,1.0,3.0,2164186,2.0,2,4,2,5.0,,0.0,0,2017.0,B01,138Â 288Â 302,3.0,-1.0,-1.0,1652378,2.0,7,,0.0,2.0,2.0,B01,138Â 288Â 302,1.0
968204,201900009735,3,25,16:45,1,1,1,1.0,1.0,67029,Wolsthof,M,"48,8922270","7,1316470",67,2019,70.0,1.0,1.0,3.0,2164186,2.0,2,4,2,5.0,,0.0,0,2017.0,B01,138Â 288Â 302,3.0,-1.0,-1.0,1652379,1.0,7,,7.0,2.0,3.0,A01,138Â 288Â 303,1.0
968204,201900009735,3,25,16:45,1,1,1,1.0,1.0,67029,Wolsthof,M,"48,8922270","7,1316470",67,2019,70.0,1.0,1.0,3.0,2164187,1.0,1,4,2,5.0,,0.0,0,1994.0,B01,138Â 288Â 302,1.0,-1.0,-1.0,1652378,2.0,7,,0.0,2.0,2.0,B01,138Â 288Â 302,1.0
968204,201900009735,3,25,16:45,1,1,1,1.0,1.0,67029,Wolsthof,M,"48,8922270","7,1316470",67,2019,70.0,1.0,1.0,3.0,2164187,1.0,1,4,2,5.0,,0.0,0,1994.0,B01,138Â 288Â 302,1.0,-1.0,-1.0,1652379,1.0,7,,7.0,2.0,3.0,A01,138Â 288Â 303,1.0
968204,201900009735,3,25,16:45,1,1,1,1.0,1.0,67029,Wolsthof,M,"48,8922270","7,1316470",67,2019,70.0,1.0,1.0,3.0,2164188,1.0,1,4,1,5.0,,0.0,0,1993.0,A01,138Â 288Â 303,1.0,-1.0,-1.0,1652378,2.0,7,,0.0,2.0,2.0,B01,138Â 288Â 302,1.0
968204,201900009735,3,25,16:45,1,1,1,1.0,1.0,67029,Wolsthof,M,"48,8922270","7,1316470",67,2019,70.0,1.0,1.0,3.0,2164188,1.0,1,4,1,5.0,,0.0,0,1993.0,A01,138Â 288Â 303,1.0,-1.0,-1.0,1652379,1.0,7,,7.0,2.0,3.0,A01,138Â 288Â 303,1.0
968205,201900009736,3,23,11:45,1,2,1,1.0,7.0,76307,Rue Gaston Delahais,M,"49,6380060","0,2183970",76,2019,-1.0,3.0,1.0,6.0,2164189,1.0,1,4,1,5.0,,0.0,0,2000.0,A01,138Â 288Â 301,0.0,-1.0,-1.0,1652380,3.0,33,,9.0,0.0,0.0,A01,138Â 288Â 301,1.0
968206,201900009737,3,24,14:30,1,2,1,1.0,6.0,76179,Avenue du parc,M,"49,5920000","1,0990000",76,2019,50.0,1.0,1.0,3.0,2164190,10.0,3,3,1,5.0,,1.0,2,1947.0,A01,138Â 288Â 300,0.0,-1.0,-1.0,1652381,1.0,7,,0.0,1.0,2.0,A01,138Â 288Â 300,1.0
968206,201900009737,3,24,14:30,1,2,1,1.0,6.0,76179,Avenue du parc,M,"49,5920000","1,0990000",76,2019,50.0,1.0,1.0,3.0,2164191,1.0,1,1,1,5.0,,0.0,0,1976.0,A01,138Â 288Â 300,8.0,-1.0,-1.0,1652381,1.0,7,,0.0,1.0,2.0,A01,138Â 288Â 300,1.0
968207,201900009738,3,22,20:15,3,1,1,5.0,7.0,76038,D53,M,"49,5836540","1,1345130",76,2019,80.0,1.0,1.0,3.0,2164192,1.0,1,3,1,5.0,,0.0,0,2000.0,A01,138Â 288Â 299,2.0,6.0,-1.0,1652382,2.0,2,,13.0,0.0,0.0,A01,138Â 288Â 299,1.0
968208,201900009739,3,23,20:15,3,1,1,2.0,3.0,76517,694 Route de Dieppe,M,"49,5167900","1,1395130",76,2019,80.0,1.0,2.0,3.0,2164193,1.0,1,1,2,5.0,,0.0,0,1995.0,A01,138Â 288Â 297,1.0,-1.0,-1.0,1652383,1.0,7,,0.0,2.0,3.0,A01,138Â 288Â 297,1.0
968208,201900009739,3,23,20:15,3,1,1,2.0,3.0,76517,694 Route de Dieppe,M,"49,5167900","1,1395130",76,2019,80.0,1.0,2.0,3.0,2164193,1.0,1,1,2,5.0,,0.0,0,1995.0,A01,138Â 288Â 297,1.0,-1.0,-1.0,1652384,2.0,33,,0.0,2.0,0.0,B01,138Â 288Â 298,1.0
968208,201900009739,3,23,20:15,3,1,1,2.0,3.0,76517,694 Route de Dieppe,M,"49,5167900","1,1395130",76,2019,80.0,1.0,2.0,3.0,2164194,1.0,1,4,1,1.0,,0.0,0,1985.0,B01,138Â 288Â 298,2.0,6.0,-1.0,1652383,1.0,7,,0.0,2.0,3.0,A01,138Â 288Â 297,1.0
968208,201900009739,3,23,20:15,3,1,1,2.0,3.0,76517,694 Route de Dieppe,M,"49,5167900","1,1395130",76,2019,80.0,1.0,2.0,3.0,2164194,1.0,1,4,1,1.0,,0.0,0,1985.0,B01,138Â 288Â 298,2.0,6.0,-1.0,1652384,2.0,33,,0.0,2.0,0.0,B01,138Â 288Â 298,1.0
968209,201900009740,3,22,12:25,1,1,1,1.0,6.0,80635,dÃ©partmentale 183  pont remy,M,"50,0792970","1,9242640",80,2019,80.0,8.0,1.0,3.0,2164195,1.0,1,3,1,5.0,,0.0,0,1977.0,A01,138Â 288Â 296,2.0,-1.0,-1.0,1652385,1.0,33,,13.0,0.0,1.0,A01,138Â 288Â 296,1.0
968210,201900009741,3,22,08:35,2,1,1,5.0,1.0,80142,D211,M,"49,8864610","2,0558220",80,2019,80.0,1.0,1.0,3.0,2164196,1.0,1,1,1,4.0,,0.0,0,1976.0,B01,138Â 288Â 294,1.0,-1.0,-1.0,1652386,3.0,17,,0.0,2.0,3.0,B01,138Â 288Â 294,1.0
968210,201900009741,3,22,08:35,2,1,1,5.0,1.0,80142,D211,M,"49,8864610","2,0558220",80,2019,80.0,1.0,1.0,3.0,2164196,1.0,1,1,1,4.0,,0.0,0,1976.0,B01,138Â 288Â 294,1.0,-1.0,-1.0,1652387,3.0,7,,0.0,2.0,3.0,A01,138Â 288Â 295,1.0
968210,201900009741,3,22,08:35,2,1,1,5.0,1.0,80142,D211,M,"49,8864610","2,0558220",80,2019,80.0,1.0,1.0,3.0,2164197,1.0,1,3,2,1.0,,0.0,0,1987.0,A01,138Â 288Â 295,1.0,-1.0,-1.0,1652386,3.0,17,,0.0,2.0,3.0,B01,138Â 288Â 294,1.0
968210,201900009741,3,22,08:35,2,1,1,5.0,1.0,80142,D211,M,"49,8864610","2,0558220",80,2019,80.0,1.0,1.0,3.0,2164197,1.0,1,3,2,1.0,,0.0,0,1987.0,A01,138Â 288Â 295,1.0,-1.0,-1.0,1652387,3.0,7,,0.0,2.0,3.0,A01,138Â 288Â 295,1.0
968211,201900009742,3,26,09:58,1,2,6,7.0,6.0,82096,Route de Montauban,M,"44,0325180","1,2193150",82,2019,50.0,1.0,1.0,3.0,2164198,1.0,1,1,2,4.0,,0.0,0,1967.0,B01,138Â 288Â 292,8.0,-1.0,-1.0,1652388,2.0,7,,0.0,2.0,1.0,B01,138Â 288Â 292,1.0
968211,201900009742,3,26,09:58,1,2,6,7.0,6.0,82096,Route de Montauban,M,"44,0325180","1,2193150",82,2019,50.0,1.0,1.0,3.0,2164198,1.0,1,1,2,4.0,,0.0,0,1967.0,B01,138Â 288Â 292,8.0,-1.0,-1.0,1652389,2.0,7,,0.0,1.0,4.0,A01,138Â 288Â 293,1.0
968211,201900009742,3,26,09:58,1,2,6,7.0,6.0,82096,Route de Montauban,M,"44,0325180","1,2193150",82,2019,50.0,1.0,1.0,3.0,2164199,10.0,3,3,2,0.0,,3.0,3,1940.0,A01,138Â 288Â 293,0.0,-1.0,-1.0,1652388,2.0,7,,0.0,2.0,1.0,B01,138Â 288Â 292,1.0
968211,201900009742,3,26,09:58,1,2,6,7.0,6.0,82096,Route de Montauban,M,"44,0325180","1,2193150",82,2019,50.0,1.0,1.0,3.0,2164199,10.0,3,3,2,0.0,,3.0,3,1940.0,A01,138Â 288Â 293,0.0,-1.0,-1.0,1652389,2.0,7,,0.0,1.0,4.0,A01,138Â 288Â 293,1.0
968211,201900009742,3,26,09:58,1,2,6,7.0,6.0,82096,Route de Montauban,M,"44,0325180","1,2193150",82,2019,50.0,1.0,1.0,3.0,2164200,1.0,1,1,2,4.0,,0.0,0,1970.0,A01,138Â 288Â 293,8.0,-1.0,-1.0,1652388,2.0,7,,0.0,2.0,1.0,B01,138Â 288Â 292,1.0
968211,201900009742,3,26,09:58,1,2,6,7.0,6.0,82096,Route de Montauban,M,"44,0325180","1,2193150",82,2019,50.0,1.0,1.0,3.0,2164200,1.0,1,1,2,4.0,,0.0,0,1970.0,A01,138Â 288Â 293,8.0,-1.0,-1.0,1652389,2.0,7,,0.0,1.0,4.0,A01,138Â 288Â 293,1.0
968212,201900009743,3,25,18:24,1,1,3,1.0,5.0,82019,3886-3936 Route des 2 Mers,M,"44,0920830","1,0090050",82,2019,80.0,1.0,1.0,3.0,2164201,1.0,1,4,1,1.0,,0.0,0,1982.0,A01,138Â 288Â 289,1.0,-1.0,-1.0,1652390,2.0,7,,7.0,2.0,1.0,A01,138Â 288Â 289,1.0
968212,201900009743,3,25,18:24,1,1,3,1.0,5.0,82019,3886-3936 Route des 2 Mers,M,"44,0920830","1,0090050",82,2019,80.0,1.0,1.0,3.0,2164201,1.0,1,4,1,1.0,,0.0,0,1982.0,A01,138Â 288Â 289,1.0,-1.0,-1.0,1652391,2.0,1,,13.0,2.0,4.0,B01,138Â 288Â 290,5.0
968212,201900009743,3,25,18:24,1,1,3,1.0,5.0,82019,3886-3936 Route des 2 Mers,M,"44,0920830","1,0090050",82,2019,80.0,1.0,1.0,3.0,2164201,1.0,1,4,1,1.0,,0.0,0,1982.0,A01,138Â 288Â 289,1.0,-1.0,-1.0,1652392,2.0,10,,0.0,2.0,2.0,C01,138Â 288Â 291,1.0
968212,201900009743,3,25,18:24,1,1,3,1.0,5.0,82019,3886-3936 Route des 2 Mers,M,"44,0920830","1,0090050",82,2019,80.0,1.0,1.0,3.0,2164202,1.0,1,2,1,5.0,,0.0,0,2002.0,B01,138Â 288Â 290,0.0,-1.0,-1.0,1652390,2.0,7,,7.0,2.0,1.0,A01,138Â 288Â 289,1.0
968212,201900009743,3,25,18:24,1,1,3,1.0,5.0,82019,3886-3936 Route des 2 Mers,M,"44,0920830","1,0090050",82,2019,80.0,1.0,1.0,3.0,2164202,1.0,1,2,1,5.0,,0.0,0,2002.0,B01,138Â 288Â 290,0.0,-1.0,-1.0,1652391,2.0,1,,13.0,2.0,4.0,B01,138Â 288Â 290,5.0
968212,201900009743,3,25,18:24,1,1,3,1.0,5.0,82019,3886-3936 Route des 2 Mers,M,"44,0920830","1,0090050",82,2019,80.0,1.0,1.0,3.0,2164202,1.0,1,2,1,5.0,,0.0,0,2002.0,B01,138Â 288Â 290,0.0,-1.0,-1.0,1652392,2.0,10,,0.0,2.0,2.0,C01,138Â 288Â 291,1.0
968212,201900009743,3,25,18:24,1,1,3,1.0,5.0,82019,3886-3936 Route des 2 Mers,M,"44,0920830","1,0090050",82,2019,80.0,1.0,1.0,3.0,2164203,1.0,1,1,1,4.0,,0.0,0,1994.0,C01,138Â 288Â 291,1.0,-1.0,-1.0,1652390,2.0,7,,7.0,2.0,1.0,A01,138Â 288Â 289,1.0
968212,201900009743,3,25,18:24,1,1,3,1.0,5.0,82019,3886-3936 Route des 2 Mers,M,"44,0920830","1,0090050",82,2019,80.0,1.0,1.0,3.0,2164203,1.0,1,1,1,4.0,,0.0,0,1994.0,C01,138Â 288Â 291,1.0,-1.0,-1.0,1652391,2.0,1,,13.0,2.0,4.0,B01,138Â 288Â 290,5.0
968212,201900009743,3,25,18:24,1,1,3,1.0,5.0,82019,3886-3936 Route des 2 Mers,M,"44,0920830","1,0090050",82,2019,80.0,1.0,1.0,3.0,2164203,1.0,1,1,1,4.0,,0.0,0,1994.0,C01,138Â 288Â 291,1.0,-1.0,-1.0,1652392,2.0,10,,0.0,2.0,2.0,C01,138Â 288Â 291,1.0
968213,201900009744,3,24,17:30,1,1,2,1.0,3.0,82025,Route de Montbartier - Intersection avec Route de Lacourt,M,"43,9684610","1,3208520",82,2019,70.0,1.0,1.0,3.0,2164204,1.0,1,1,1,5.0,,0.0,0,1999.0,A01,138Â 288Â 287,8.0,-1.0,-1.0,1652393,1.0,7,,0.0,2.0,1.0,A01,138Â 288Â 287,1.0
968213,201900009744,3,24,17:30,1,1,2,1.0,3.0,82025,Route de Montbartier - Intersection avec Route de Lacourt,M,"43,9684610","1,3208520",82,2019,70.0,1.0,1.0,3.0,2164204,1.0,1,1,1,5.0,,0.0,0,1999.0,A01,138Â 288Â 287,8.0,-1.0,-1.0,1652394,2.0,7,,0.0,0.0,7.0,B01,138Â 288Â 288,1.0
968213,201900009744,3,24,17:30,1,1,2,1.0,3.0,82025,Route de Montbartier - Intersection avec Route de Lacourt,M,"43,9684610","1,3208520",82,2019,70.0,1.0,1.0,3.0,2164205,1.0,1,4,2,5.0,,0.0,0,1970.0,B01,138Â 288Â 288,1.0,-1.0,-1.0,1652393,1.0,7,,0.0,2.0,1.0,A01,138Â 288Â 287,1.0
968213,201900009744,3,24,17:30,1,1,2,1.0,3.0,82025,Route de Montbartier - Intersection avec Route de Lacourt,M,"43,9684610","1,3208520",82,2019,70.0,1.0,1.0,3.0,2164205,1.0,1,4,2,5.0,,0.0,0,1970.0,B01,138Â 288Â 288,1.0,-1.0,-1.0,1652394,2.0,7,,0.0,0.0,7.0,B01,138Â 288Â 288,1.0
968214,201900009745,3,23,16:08,1,2,1,1.0,3.0,65080,38 Rue du Pic du Midi,M,"43,1520360","0,0243990",65,2019,50.0,1.0,1.0,3.0,2164206,1.0,1,1,1,4.0,,0.0,0,1984.0,A01,138Â 288Â 285,1.0,-1.0,-1.0,1652395,2.0,21,,0.0,9.0,8.0,A01,138Â 288Â 285,1.0
968214,201900009745,3,23,16:08,1,2,1,1.0,3.0,65080,38 Rue du Pic du Midi,M,"43,1520360","0,0243990",65,2019,50.0,1.0,1.0,3.0,2164206,1.0,1,1,1,4.0,,0.0,0,1984.0,A01,138Â 288Â 285,1.0,-1.0,-1.0,1652396,1.0,1,,0.0,2.0,8.0,B01,138Â 288Â 286,5.0
968214,201900009745,3,23,16:08,1,2,1,1.0,3.0,65080,38 Rue du Pic du Midi,M,"43,1520360","0,0243990",65,2019,50.0,1.0,1.0,3.0,2164207,1.0,1,3,1,5.0,,0.0,0,1959.0,B01,138Â 288Â 286,2.0,-1.0,-1.0,1652395,2.0,21,,0.0,9.0,8.0,A01,138Â 288Â 285,1.0
968214,201900009745,3,23,16:08,1,2,1,1.0,3.0,65080,38 Rue du Pic du Midi,M,"43,1520360","0,0243990",65,2019,50.0,1.0,1.0,3.0,2164207,1.0,1,3,1,5.0,,0.0,0,1959.0,B01,138Â 288Â 286,2.0,-1.0,-1.0,1652396,1.0,1,,0.0,2.0,8.0,B01,138Â 288Â 286,5.0
968215,201900009746,3,21,15:45,1,1,2,1.0,3.0,33546,RD936 / VC PONTET (VIGNONET EGLISE),M,"44,8446400"," -0,1617400",33,2019,80.0,1.0,1.0,3.0,2164208,1.0,1,2,2,5.0,,0.0,0,1932.0,B01,138Â 288Â 283,1.0,-1.0,-1.0,1652397,3.0,7,,6.0,2.0,8.0,B01,138Â 288Â 283,1.0
968215,201900009746,3,21,15:45,1,1,2,1.0,3.0,33546,RD936 / VC PONTET (VIGNONET EGLISE),M,"44,8446400"," -0,1617400",33,2019,80.0,1.0,1.0,3.0,2164208,1.0,1,2,2,5.0,,0.0,0,1932.0,B01,138Â 288Â 283,1.0,-1.0,-1.0,1652398,2.0,10,,0.0,2.0,2.0,A01,138Â 288Â 284,1.0
968215,201900009746,3,21,15:45,1,1,2,1.0,3.0,33546,RD936 / VC PONTET (VIGNONET EGLISE),M,"44,8446400"," -0,1617400",33,2019,80.0,1.0,1.0,3.0,2164209,1.0,1,1,1,4.0,,0.0,0,1973.0,A01,138Â 288Â 284,1.0,-1.0,-1.0,1652397,3.0,7,,6.0,2.0,8.0,B01,138Â 288Â 283,1.0
968215,201900009746,3,21,15:45,1,1,2,1.0,3.0,33546,RD936 / VC PONTET (VIGNONET EGLISE),M,"44,8446400"," -0,1617400",33,2019,80.0,1.0,1.0,3.0,2164209,1.0,1,1,1,4.0,,0.0,0,1973.0,A01,138Â 288Â 284,1.0,-1.0,-1.0,1652398,2.0,10,,0.0,2.0,2.0,A01,138Â 288Â 284,1.0
968216,201900009747,3,23,16:00,1,2,6,1.0,6.0,11170,Boulevard de la Corderie,M,"43,1045330","3,0918010",11,2019,50.0,1.0,1.0,4.0,2164210,1.0,1,1,1,5.0,,0.0,0,1969.0,A01,138Â 288Â 282,1.0,-1.0,-1.0,1652399,3.0,7,,14.0,0.0,1.0,A01,138Â 288Â 282,1.0
968216,201900009747,3,23,16:00,1,2,6,1.0,6.0,11170,Boulevard de la Corderie,M,"43,1045330","3,0918010",11,2019,50.0,1.0,1.0,4.0,2164211,2.0,2,3,2,5.0,,0.0,0,1968.0,A01,138Â 288Â 282,1.0,-1.0,-1.0,1652399,3.0,7,,14.0,0.0,1.0,A01,138Â 288Â 282,1.0
968217,201900009748,3,23,14:00,1,1,1,1.0,6.0,71261,Rue de la ChÃ¨neviÃ¨re,M,"46,5938310","5,0007330",71,2019,50.0,3.0,1.0,4.0,2164212,1.0,1,3,1,5.0,,0.0,0,1984.0,A01,138Â 288Â 281,1.0,-1.0,-1.0,1652400,3.0,7,,2.0,0.0,8.0,A01,138Â 288Â 281,1.0
968218,201900009749,3,22,08:15,1,1,1,1.0,1.0,71558,PK 49+500,M,"46,5074920","5,2456840",71,2019,80.0,1.0,1.0,3.0,2164213,1.0,1,2,2,1.0,,0.0,0,1963.0,B01,138Â 288Â 279,1.0,-1.0,-1.0,1652401,2.0,7,,0.0,2.0,1.0,B01,138Â 288Â 279,1.0
968218,201900009749,3,22,08:15,1,1,1,1.0,1.0,71558,PK 49+500,M,"46,5074920","5,2456840",71,2019,80.0,1.0,1.0,3.0,2164213,1.0,1,2,2,1.0,,0.0,0,1963.0,B01,138Â 288Â 279,1.0,-1.0,-1.0,1652402,1.0,7,,0.0,2.0,1.0,A01,138Â 288Â 280,1.0
968218,201900009749,3,22,08:15,1,1,1,1.0,1.0,71558,PK 49+500,M,"46,5074920","5,2456840",71,2019,80.0,1.0,1.0,3.0,2164214,1.0,1,3,1,4.0,,0.0,0,1991.0,A01,138Â 288Â 280,1.0,-1.0,-1.0,1652401,2.0,7,,0.0,2.0,1.0,B01,138Â 288Â 279,1.0
968218,201900009749,3,22,08:15,1,1,1,1.0,1.0,71558,PK 49+500,M,"46,5074920","5,2456840",71,2019,80.0,1.0,1.0,3.0,2164214,1.0,1,3,1,4.0,,0.0,0,1991.0,A01,138Â 288Â 280,1.0,-1.0,-1.0,1652402,1.0,7,,0.0,2.0,1.0,A01,138Â 288Â 280,1.0
968219,201900009750,3,17,17:50,1,1,1,4.0,2.0,89460,Route DÃ©partementale 103,M,"48,3118930","3,0506110",89,2019,80.0,1.0,2.0,3.0,2164215,1.0,1,3,1,1.0,,0.0,0,1975.0,B01,138Â 288Â 277,2.0,6.0,9.0,1652403,3.0,33,,0.0,2.0,4.0,B01,138Â 288Â 277,1.0
968219,201900009750,3,17,17:50,1,1,1,4.0,2.0,89460,Route DÃ©partementale 103,M,"48,3118930","3,0506110",89,2019,80.0,1.0,2.0,3.0,2164215,1.0,1,3,1,1.0,,0.0,0,1975.0,B01,138Â 288Â 277,2.0,6.0,9.0,1652404,3.0,7,,0.0,2.0,6.0,A01,138Â 288Â 278,1.0
968219,201900009750,3,17,17:50,1,1,1,4.0,2.0,89460,Route DÃ©partementale 103,M,"48,3118930","3,0506110",89,2019,80.0,1.0,2.0,3.0,2164216,1.0,1,1,1,1.0,,0.0,0,1991.0,A01,138Â 288Â 278,1.0,-1.0,-1.0,1652403,3.0,33,,0.0,2.0,4.0,B01,138Â 288Â 277,1.0
968219,201900009750,3,17,17:50,1,1,1,4.0,2.0,89460,Route DÃ©partementale 103,M,"48,3118930","3,0506110",89,2019,80.0,1.0,2.0,3.0,2164216,1.0,1,1,1,1.0,,0.0,0,1991.0,A01,138Â 288Â 278,1.0,-1.0,-1.0,1652404,3.0,7,,0.0,2.0,6.0,A01,138Â 288Â 278,1.0
968220,201900009751,3,25,10:45,1,2,1,1.0,3.0,89379,RD954,M,"47,4959120","4,0860230",89,2019,50.0,1.0,1.0,3.0,2164217,2.0,2,1,1,4.0,,0.0,0,1979.0,B01,138Â 288Â 275,1.0,-1.0,-1.0,1652405,3.0,14,,0.0,2.0,6.0,B01,138Â 288Â 275,1.0
968220,201900009751,3,25,10:45,1,2,1,1.0,3.0,89379,RD954,M,"47,4959120","4,0860230",89,2019,50.0,1.0,1.0,3.0,2164217,2.0,2,1,1,4.0,,0.0,0,1979.0,B01,138Â 288Â 275,1.0,-1.0,-1.0,1652406,3.0,7,,0.0,2.0,2.0,A01,138Â 288Â 276,1.0
968220,201900009751,3,25,10:45,1,2,1,1.0,3.0,89379,RD954,M,"47,4959120","4,0860230",89,2019,50.0,1.0,1.0,3.0,2164218,1.0,1,1,1,4.0,,0.0,0,1983.0,B01,138Â 288Â 275,1.0,-1.0,-1.0,1652405,3.0,14,,0.0,2.0,6.0,B01,138Â 288Â 275,1.0
968220,201900009751,3,25,10:45,1,2,1,1.0,3.0,89379,RD954,M,"47,4959120","4,0860230",89,2019,50.0,1.0,1.0,3.0,2164218,1.0,1,1,1,4.0,,0.0,0,1983.0,B01,138Â 288Â 275,1.0,-1.0,-1.0,1652406,3.0,7,,0.0,2.0,2.0,A01,138Â 288Â 276,1.0
968220,201900009751,3,25,10:45,1,2,1,1.0,3.0,89379,RD954,M,"47,4959120","4,0860230",89,2019,50.0,1.0,1.0,3.0,2164219,2.0,2,4,2,4.0,,0.0,0,1981.0,A01,138Â 288Â 276,1.0,-1.0,-1.0,1652405,3.0,14,,0.0,2.0,6.0,B01,138Â 288Â 275,1.0
968220,201900009751,3,25,10:45,1,2,1,1.0,3.0,89379,RD954,M,"47,4959120","4,0860230",89,2019,50.0,1.0,1.0,3.0,2164219,2.0,2,4,2,4.0,,0.0,0,1981.0,A01,138Â 288Â 276,1.0,-1.0,-1.0,1652406,3.0,7,,0.0,2.0,2.0,A01,138Â 288Â 276,1.0
968220,201900009751,3,25,10:45,1,2,1,1.0,3.0,89379,RD954,M,"47,4959120","4,0860230",89,2019,50.0,1.0,1.0,3.0,2164220,1.0,1,4,1,4.0,,0.0,0,1995.0,A01,138Â 288Â 276,1.0,-1.0,-1.0,1652405,3.0,14,,0.0,2.0,6.0,B01,138Â 288Â 275,1.0
968220,201900009751,3,25,10:45,1,2,1,1.0,3.0,89379,RD954,M,"47,4959120","4,0860230",89,2019,50.0,1.0,1.0,3.0,2164220,1.0,1,4,1,4.0,,0.0,0,1995.0,A01,138Â 288Â 276,1.0,-1.0,-1.0,1652406,3.0,7,,0.0,2.0,2.0,A01,138Â 288Â 276,1.0
968221,201900009752,3,21,11:05,1,1,1,1.0,3.0,63341,"CD 56, Pk 2+700",M,"45,5205110","3,7140100",63,2019,80.0,1.0,1.0,3.0,2164221,1.0,1,1,1,4.0,,0.0,0,1985.0,B01,138Â 288Â 273,1.0,-1.0,-1.0,1652407,2.0,15,,0.0,2.0,6.0,B01,138Â 288Â 273,1.0
968221,201900009752,3,21,11:05,1,1,1,1.0,3.0,63341,"CD 56, Pk 2+700",M,"45,5205110","3,7140100",63,2019,80.0,1.0,1.0,3.0,2164221,1.0,1,1,1,4.0,,0.0,0,1985.0,B01,138Â 288Â 273,1.0,-1.0,-1.0,1652408,1.0,7,,0.0,2.0,3.0,A01,138Â 288Â 274,1.0
968221,201900009752,3,21,11:05,1,1,1,1.0,3.0,63341,"CD 56, Pk 2+700",M,"45,5205110","3,7140100",63,2019,80.0,1.0,1.0,3.0,2164222,1.0,1,3,1,5.0,,0.0,0,1932.0,A01,138Â 288Â 274,1.0,-1.0,-1.0,1652407,2.0,15,,0.0,2.0,6.0,B01,138Â 288Â 273,1.0
968221,201900009752,3,21,11:05,1,1,1,1.0,3.0,63341,"CD 56, Pk 2+700",M,"45,5205110","3,7140100",63,2019,80.0,1.0,1.0,3.0,2164222,1.0,1,3,1,5.0,,0.0,0,1932.0,A01,138Â 288Â 274,1.0,-1.0,-1.0,1652408,1.0,7,,0.0,2.0,3.0,A01,138Â 288Â 274,1.0
968222,201900009753,3,24,14:30,1,1,1,1.0,1.0,63239,RD 14,M,"45,6804896","3,3516240",63,2019,80.0,1.0,1.0,3.0,2164223,1.0,1,1,1,5.0,,0.0,0,2005.0,A01,138Â 288Â 271,2.0,6.0,-1.0,1652409,2.0,2,,0.0,2.0,1.0,A01,138Â 288Â 271,1.0
968222,201900009753,3,24,14:30,1,1,1,1.0,1.0,63239,RD 14,M,"45,6804896","3,3516240",63,2019,80.0,1.0,1.0,3.0,2164223,1.0,1,1,1,5.0,,0.0,0,2005.0,A01,138Â 288Â 271,2.0,6.0,-1.0,1652410,1.0,33,,0.0,2.0,1.0,B01,138Â 288Â 272,1.0
968222,201900009753,3,24,14:30,1,1,1,1.0,1.0,63239,RD 14,M,"45,6804896","3,3516240",63,2019,80.0,1.0,1.0,3.0,2164224,1.0,1,3,1,5.0,,0.0,0,1953.0,B01,138Â 288Â 272,2.0,6.0,-1.0,1652409,2.0,2,,0.0,2.0,1.0,A01,138Â 288Â 271,1.0
968222,201900009753,3,24,14:30,1,1,1,1.0,1.0,63239,RD 14,M,"45,6804896","3,3516240",63,2019,80.0,1.0,1.0,3.0,2164224,1.0,1,3,1,5.0,,0.0,0,1953.0,B01,138Â 288Â 272,2.0,6.0,-1.0,1652410,1.0,33,,0.0,2.0,1.0,B01,138Â 288Â 272,1.0
968223,201900009754,3,24,04:10,3,1,1,1.0,6.0,61024,Le Buisson,M,"48,6655740"," -0,5491900",61,2019,80.0,3.0,1.0,3.0,2164225,1.0,1,2,1,5.0,,0.0,0,1998.0,A01,138Â 288Â 270,0.0,-1.0,-1.0,1652411,1.0,7,,2.0,0.0,1.0,A01,138Â 288Â 270,1.0
968224,201900009755,3,25,11:15,1,2,2,1.0,3.0,61389,carrefour grande rue - rue abbÃ© FERET DESHAMPS,M,"48,7142070","0,4291550",61,2019,50.0,1.0,1.0,3.0,2164226,1.0,1,1,1,3.0,,0.0,0,1939.0,A01,138Â 288Â 268,1.0,-1.0,-1.0,1652412,2.0,7,,0.0,2.0,3.0,A01,138Â 288Â 268,2.0
968224,201900009755,3,25,11:15,1,2,2,1.0,3.0,61389,carrefour grande rue - rue abbÃ© FERET DESHAMPS,M,"48,7142070","0,4291550",61,2019,50.0,1.0,1.0,3.0,2164226,1.0,1,1,1,3.0,,0.0,0,1939.0,A01,138Â 288Â 268,1.0,-1.0,-1.0,1652413,2.0,33,,0.0,2.0,1.0,B01,138Â 288Â 269,1.0