Unnamed: 0_x,num_acc,mois,jour,hrmn,lum,agg,int,atm,col,com,adr,gps,lat,long,dep,annee,vma,situ,surf,catr,Unnamed: 0_y,place,catu,grav,sexe,trajet,secu,locp,actp,an_nais,num_veh_x,id_vehicule_x,secu1,secu2,secu3,Unnamed: 0,senc,catv,occutc,obs,obsm,choc,num_veh_y,id_vehicule_y,motor
968224,201900009755,3,25,11:15,1,2,2,1.0,3.0,61389,carrefour grande rue - rue abbÃ© FERET DESHAMPS,M,"48,7142070","0,4291550",61,2019,50.0,1.0,1.0,3.0,2164227,1.0,1,2,1,0.0,,0.0,0,1979.0,B01,138Â 288Â 269,2.0,6.0,9.0,1652412,2.0,7,,0.0,2.0,3.0,A01,138Â 288Â 268,2.0
968224,201900009755,3,25,11:15,1,2,2,1.0,3.0,61389,carrefour grande rue - rue abbÃ© FERET DESHAMPS,M,"48,7142070","0,4291550",61,2019,50.0,1.0,1.0,3.0,2164227,1.0,1,2,1,0.0,,0.0,0,1979.0,B01,138Â 288Â 269,2.0,6.0,9.0,1652413,2.0,33,,0.0,2.0,1.0,B01,138Â 288Â 269,1.0
968225,201900009756,3,23,12:00,1,1,1,1.0,3.0,55008,D618,M,"49,2453140","5,6680050",55,2019,70.0,1.0,1.0,3.0,2164228,1.0,1,1,2,0.0,,0.0,0,1987.0,B01,138Â 288Â 266,1.0,-1.0,-1.0,1652414,1.0,7,,0.0,2.0,3.0,B01,138Â 288Â 266,1.0
968225,201900009756,3,23,12:00,1,1,1,1.0,3.0,55008,D618,M,"49,2453140","5,6680050",55,2019,70.0,1.0,1.0,3.0,2164228,1.0,1,1,2,0.0,,0.0,0,1987.0,B01,138Â 288Â 266,1.0,-1.0,-1.0,1652415,3.0,33,,0.0,2.0,3.0,A01,138Â 288Â 267,1.0
968225,201900009756,3,23,12:00,1,1,1,1.0,3.0,55008,D618,M,"49,2453140","5,6680050",55,2019,70.0,1.0,1.0,3.0,2164229,1.0,1,3,1,0.0,,0.0,0,1974.0,A01,138Â 288Â 267,2.0,6.0,-1.0,1652414,1.0,7,,0.0,2.0,3.0,B01,138Â 288Â 266,1.0
968225,201900009756,3,23,12:00,1,1,1,1.0,3.0,55008,D618,M,"49,2453140","5,6680050",55,2019,70.0,1.0,1.0,3.0,2164229,1.0,1,3,1,0.0,,0.0,0,1974.0,A01,138Â 288Â 267,2.0,6.0,-1.0,1652415,3.0,33,,0.0,2.0,3.0,A01,138Â 288Â 267,1.0
968226,201900009757,3,23,14:20,1,2,1,1.0,2.0,12052,Rue de la RÃ©publique,M,"44,5765230","2,0781900",12,2019,50.0,1.0,1.0,3.0,2164230,2.0,2,4,2,3.0,,0.0,0,1953.0,A01,138Â 288Â 265,1.0,-1.0,-1.0,1652416,2.0,7,,0.0,2.0,0.0,B01,138Â 288Â 264,0.0
968226,201900009757,3,23,14:20,1,2,1,1.0,2.0,12052,Rue de la RÃ©publique,M,"44,5765230","2,0781900",12,2019,50.0,1.0,1.0,3.0,2164230,2.0,2,4,2,3.0,,0.0,0,1953.0,A01,138Â 288Â 265,1.0,-1.0,-1.0,1652417,1.0,7,,0.0,0.0,4.0,A01,138Â 288Â 265,0.0
968226,201900009757,3,23,14:20,1,2,1,1.0,2.0,12052,Rue de la RÃ©publique,M,"44,5765230","2,0781900",12,2019,50.0,1.0,1.0,3.0,2164231,1.0,1,1,2,3.0,,0.0,0,1975.0,A01,138Â 288Â 265,1.0,-1.0,-1.0,1652416,2.0,7,,0.0,2.0,0.0,B01,138Â 288Â 264,0.0
968226,201900009757,3,23,14:20,1,2,1,1.0,2.0,12052,Rue de la RÃ©publique,M,"44,5765230","2,0781900",12,2019,50.0,1.0,1.0,3.0,2164231,1.0,1,1,2,3.0,,0.0,0,1975.0,A01,138Â 288Â 265,1.0,-1.0,-1.0,1652417,1.0,7,,0.0,0.0,4.0,A01,138Â 288Â 265,0.0
968227,201900009758,3,26,15:20,1,1,1,1.0,7.0,12043,Le Puech Del Rey,M,"44,2632540","2,5571170",12,2019,80.0,3.0,1.0,3.0,2164232,1.0,1,3,1,5.0,,0.0,0,1982.0,A01,138Â 288Â 263,2.0,-1.0,-1.0,1652418,1.0,33,,0.0,0.0,2.0,A01,138Â 288Â 263,1.0
968228,201900009759,3,24,06:21,2,1,1,1.0,6.0,42288,Le Montcel RD20,M,"45,7687210","4,0009860",42,2019,50.0,3.0,1.0,3.0,2164233,1.0,1,3,1,5.0,,0.0,0,1990.0,A01,138Â 288Â 262,1.0,-1.0,-1.0,1652419,3.0,7,,6.0,0.0,1.0,A01,138Â 288Â 262,0.0
968229,201900009760,2,24,20:00,3,1,3,1.0,7.0,29270,Lieu-dit TrÃ©varn,M,"48,3806087"," -4,2456365",29,2019,80.0,8.0,1.0,4.0,2164234,1.0,1,3,2,5.0,,0.0,0,2000.0,A01,138Â 288Â 261,1.0,-1.0,-1.0,1652420,3.0,7,,13.0,0.0,1.0,A01,138Â 288Â 261,1.0
968230,201900009761,3,19,07:20,2,2,1,1.0,1.0,34114,Route de Montpellier,M,"43,6494670","3,5564850",34,2019,70.0,1.0,1.0,3.0,2164235,1.0,1,4,2,1.0,,0.0,0,1965.0,A01,138Â 288Â 259,1.0,-1.0,-1.0,1652421,1.0,7,,0.0,2.0,1.0,A01,138Â 288Â 259,0.0
968230,201900009761,3,19,07:20,2,2,1,1.0,1.0,34114,Route de Montpellier,M,"43,6494670","3,5564850",34,2019,70.0,1.0,1.0,3.0,2164235,1.0,1,4,2,1.0,,0.0,0,1965.0,A01,138Â 288Â 259,1.0,-1.0,-1.0,1652422,2.0,7,,0.0,2.0,1.0,B01,138Â 288Â 260,0.0
968230,201900009761,3,19,07:20,2,2,1,1.0,1.0,34114,Route de Montpellier,M,"43,6494670","3,5564850",34,2019,70.0,1.0,1.0,3.0,2164236,1.0,1,4,2,1.0,,0.0,0,1982.0,B01,138Â 288Â 260,1.0,-1.0,-1.0,1652421,1.0,7,,0.0,2.0,1.0,A01,138Â 288Â 259,0.0
968230,201900009761,3,19,07:20,2,2,1,1.0,1.0,34114,Route de Montpellier,M,"43,6494670","3,5564850",34,2019,70.0,1.0,1.0,3.0,2164236,1.0,1,4,2,1.0,,0.0,0,1982.0,B01,138Â 288Â 260,1.0,-1.0,-1.0,1652422,2.0,7,,0.0,2.0,1.0,B01,138Â 288Â 260,0.0
968231,201900009762,3,25,14:40,1,2,3,1.0,1.0,34079,8 Avenue Paul ValÃ©ry,M,"43,6331970","3,4317340",34,2019,50.0,1.0,1.0,4.0,2164237,2.0,2,3,1,5.0,,0.0,0,2003.0,B01,138Â 288Â 257,2.0,-1.0,-1.0,1652423,0.0,30,,1.0,2.0,1.0,B01,138Â 288Â 257,1.0
968231,201900009762,3,25,14:40,1,2,3,1.0,1.0,34079,8 Avenue Paul ValÃ©ry,M,"43,6331970","3,4317340",34,2019,50.0,1.0,1.0,4.0,2164237,2.0,2,3,1,5.0,,0.0,0,2003.0,B01,138Â 288Â 257,2.0,-1.0,-1.0,1652424,2.0,7,,0.0,2.0,3.0,A01,138Â 288Â 258,1.0
968231,201900009762,3,25,14:40,1,2,3,1.0,1.0,34079,8 Avenue Paul ValÃ©ry,M,"43,6331970","3,4317340",34,2019,50.0,1.0,1.0,4.0,2164238,1.0,1,3,1,5.0,,0.0,0,2002.0,B01,138Â 288Â 257,2.0,-1.0,-1.0,1652423,0.0,30,,1.0,2.0,1.0,B01,138Â 288Â 257,1.0
968231,201900009762,3,25,14:40,1,2,3,1.0,1.0,34079,8 Avenue Paul ValÃ©ry,M,"43,6331970","3,4317340",34,2019,50.0,1.0,1.0,4.0,2164238,1.0,1,3,1,5.0,,0.0,0,2002.0,B01,138Â 288Â 257,2.0,-1.0,-1.0,1652424,2.0,7,,0.0,2.0,3.0,A01,138Â 288Â 258,1.0
968231,201900009762,3,25,14:40,1,2,3,1.0,1.0,34079,8 Avenue Paul ValÃ©ry,M,"43,6331970","3,4317340",34,2019,50.0,1.0,1.0,4.0,2164239,1.0,1,1,1,3.0,,0.0,0,1949.0,A01,138Â 288Â 258,1.0,-1.0,-1.0,1652423,0.0,30,,1.0,2.0,1.0,B01,138Â 288Â 257,1.0
968231,201900009762,3,25,14:40,1,2,3,1.0,1.0,34079,8 Avenue Paul ValÃ©ry,M,"43,6331970","3,4317340",34,2019,50.0,1.0,1.0,4.0,2164239,1.0,1,1,1,3.0,,0.0,0,1949.0,A01,138Â 288Â 258,1.0,-1.0,-1.0,1652424,2.0,7,,0.0,2.0,3.0,A01,138Â 288Â 258,1.0
968232,201900009763,3,22,16:00,1,1,1,1.0,2.0,34036,Cartels,M,"43,6849380","3,3637990",34,2019,80.0,1.0,1.0,3.0,2164240,1.0,1,3,1,0.0,,0.0,0,1948.0,B01,138Â 288Â 255,2.0,-1.0,-1.0,1652425,2.0,1,,0.0,0.0,8.0,B01,138Â 288Â 255,0.0
968232,201900009763,3,22,16:00,1,1,1,1.0,2.0,34036,Cartels,M,"43,6849380","3,3637990",34,2019,80.0,1.0,1.0,3.0,2164240,1.0,1,3,1,0.0,,0.0,0,1948.0,B01,138Â 288Â 255,2.0,-1.0,-1.0,1652426,2.0,7,,0.0,9.0,7.0,A01,138Â 288Â 256,0.0
968232,201900009763,3,22,16:00,1,1,1,1.0,2.0,34036,Cartels,M,"43,6849380","3,3637990",34,2019,80.0,1.0,1.0,3.0,2164241,1.0,1,1,1,0.0,,0.0,0,1942.0,A01,138Â 288Â 256,8.0,-1.0,-1.0,1652425,2.0,1,,0.0,0.0,8.0,B01,138Â 288Â 255,0.0
968232,201900009763,3,22,16:00,1,1,1,1.0,2.0,34036,Cartels,M,"43,6849380","3,3637990",34,2019,80.0,1.0,1.0,3.0,2164241,1.0,1,1,1,0.0,,0.0,0,1942.0,A01,138Â 288Â 256,8.0,-1.0,-1.0,1652426,2.0,7,,0.0,9.0,7.0,A01,138Â 288Â 256,0.0
968233,201900009764,3,22,08:35,1,1,1,1.0,2.0,68195,Rue du GÃ©nÃ©ral de Gaulle,M,"47,7574860","7,2953690",68,2019,50.0,1.0,1.0,3.0,2164242,1.0,1,4,1,1.0,,0.0,0,1984.0,A01,138Â 288Â 253,1.0,-1.0,-1.0,1652427,2.0,7,,0.0,2.0,1.0,A01,138Â 288Â 253,1.0
968233,201900009764,3,22,08:35,1,1,1,1.0,2.0,68195,Rue du GÃ©nÃ©ral de Gaulle,M,"47,7574860","7,2953690",68,2019,50.0,1.0,1.0,3.0,2164242,1.0,1,4,1,1.0,,0.0,0,1984.0,A01,138Â 288Â 253,1.0,-1.0,-1.0,1652428,2.0,7,,0.0,0.0,4.0,B01,138Â 288Â 254,1.0
968233,201900009764,3,22,08:35,1,1,1,1.0,2.0,68195,Rue du GÃ©nÃ©ral de Gaulle,M,"47,7574860","7,2953690",68,2019,50.0,1.0,1.0,3.0,2164243,9.0,2,1,2,2.0,,0.0,0,2017.0,B01,138Â 288Â 254,1.0,-1.0,-1.0,1652427,2.0,7,,0.0,2.0,1.0,A01,138Â 288Â 253,1.0
968233,201900009764,3,22,08:35,1,1,1,1.0,2.0,68195,Rue du GÃ©nÃ©ral de Gaulle,M,"47,7574860","7,2953690",68,2019,50.0,1.0,1.0,3.0,2164243,9.0,2,1,2,2.0,,0.0,0,2017.0,B01,138Â 288Â 254,1.0,-1.0,-1.0,1652428,2.0,7,,0.0,0.0,4.0,B01,138Â 288Â 254,1.0
968233,201900009764,3,22,08:35,1,1,1,1.0,2.0,68195,Rue du GÃ©nÃ©ral de Gaulle,M,"47,7574860","7,2953690",68,2019,50.0,1.0,1.0,3.0,2164244,1.0,1,1,1,5.0,,0.0,0,1977.0,B01,138Â 288Â 254,1.0,-1.0,-1.0,1652427,2.0,7,,0.0,2.0,1.0,A01,138Â 288Â 253,1.0
968233,201900009764,3,22,08:35,1,1,1,1.0,2.0,68195,Rue du GÃ©nÃ©ral de Gaulle,M,"47,7574860","7,2953690",68,2019,50.0,1.0,1.0,3.0,2164244,1.0,1,1,1,5.0,,0.0,0,1977.0,B01,138Â 288Â 254,1.0,-1.0,-1.0,1652428,2.0,7,,0.0,0.0,4.0,B01,138Â 288Â 254,1.0
968233,201900009764,3,22,08:35,1,1,1,1.0,2.0,68195,Rue du GÃ©nÃ©ral de Gaulle,M,"47,7574860","7,2953690",68,2019,50.0,1.0,1.0,3.0,2164245,8.0,2,1,2,2.0,,0.0,0,2013.0,B01,138Â 288Â 254,1.0,-1.0,-1.0,1652427,2.0,7,,0.0,2.0,1.0,A01,138Â 288Â 253,1.0
968233,201900009764,3,22,08:35,1,1,1,1.0,2.0,68195,Rue du GÃ©nÃ©ral de Gaulle,M,"47,7574860","7,2953690",68,2019,50.0,1.0,1.0,3.0,2164245,8.0,2,1,2,2.0,,0.0,0,2013.0,B01,138Â 288Â 254,1.0,-1.0,-1.0,1652428,2.0,7,,0.0,0.0,4.0,B01,138Â 288Â 254,1.0
968234,201900009765,3,23,12:00,1,1,1,1.0,1.0,68134,Route d'Eguisheim,M,"48,0316020","7,3118710",68,2019,70.0,1.0,1.0,3.0,2164246,1.0,1,1,1,1.0,,0.0,0,1973.0,B01,138Â 288Â 251,8.0,-1.0,-1.0,1652429,2.0,7,,0.0,0.0,3.0,B01,138Â 288Â 251,1.0
968234,201900009765,3,23,12:00,1,1,1,1.0,1.0,68134,Route d'Eguisheim,M,"48,0316020","7,3118710",68,2019,70.0,1.0,1.0,3.0,2164246,1.0,1,1,1,1.0,,0.0,0,1973.0,B01,138Â 288Â 251,8.0,-1.0,-1.0,1652430,1.0,7,,0.0,2.0,3.0,A01,138Â 288Â 252,1.0
968234,201900009765,3,23,12:00,1,1,1,1.0,1.0,68134,Route d'Eguisheim,M,"48,0316020","7,3118710",68,2019,70.0,1.0,1.0,3.0,2164247,2.0,2,4,1,1.0,,0.0,0,1965.0,B01,138Â 288Â 251,8.0,-1.0,-1.0,1652429,2.0,7,,0.0,0.0,3.0,B01,138Â 288Â 251,1.0
968234,201900009765,3,23,12:00,1,1,1,1.0,1.0,68134,Route d'Eguisheim,M,"48,0316020","7,3118710",68,2019,70.0,1.0,1.0,3.0,2164247,2.0,2,4,1,1.0,,0.0,0,1965.0,B01,138Â 288Â 251,8.0,-1.0,-1.0,1652430,1.0,7,,0.0,2.0,3.0,A01,138Â 288Â 252,1.0
968234,201900009765,3,23,12:00,1,1,1,1.0,1.0,68134,Route d'Eguisheim,M,"48,0316020","7,3118710",68,2019,70.0,1.0,1.0,3.0,2164248,1.0,1,1,1,5.0,,0.0,0,1978.0,A01,138Â 288Â 252,8.0,-1.0,-1.0,1652429,2.0,7,,0.0,0.0,3.0,B01,138Â 288Â 251,1.0
968234,201900009765,3,23,12:00,1,1,1,1.0,1.0,68134,Route d'Eguisheim,M,"48,0316020","7,3118710",68,2019,70.0,1.0,1.0,3.0,2164248,1.0,1,1,1,5.0,,0.0,0,1978.0,A01,138Â 288Â 252,8.0,-1.0,-1.0,1652430,1.0,7,,0.0,2.0,3.0,A01,138Â 288Â 252,1.0
968235,201900009766,3,22,15:55,1,1,1,1.0,3.0,22228,Beg Ar Menez,M,"48,5587250"," -3,4653160",22,2019,80.0,1.0,1.0,3.0,2164249,1.0,1,4,2,5.0,,0.0,0,1943.0,B01,138Â 288Â 249,1.0,-1.0,-1.0,1652431,3.0,10,,0.0,2.0,1.0,B01,138Â 288Â 249,1.0
968235,201900009766,3,22,15:55,1,1,1,1.0,3.0,22228,Beg Ar Menez,M,"48,5587250"," -3,4653160",22,2019,80.0,1.0,1.0,3.0,2164249,1.0,1,4,2,5.0,,0.0,0,1943.0,B01,138Â 288Â 249,1.0,-1.0,-1.0,1652432,3.0,21,,0.0,2.0,6.0,A01,138Â 288Â 250,1.0
968235,201900009766,3,22,15:55,1,1,1,1.0,3.0,22228,Beg Ar Menez,M,"48,5587250"," -3,4653160",22,2019,80.0,1.0,1.0,3.0,2164250,1.0,1,1,1,4.0,,0.0,0,1956.0,A01,138Â 288Â 250,0.0,-1.0,-1.0,1652431,3.0,10,,0.0,2.0,1.0,B01,138Â 288Â 249,1.0
968235,201900009766,3,22,15:55,1,1,1,1.0,3.0,22228,Beg Ar Menez,M,"48,5587250"," -3,4653160",22,2019,80.0,1.0,1.0,3.0,2164250,1.0,1,1,1,4.0,,0.0,0,1956.0,A01,138Â 288Â 250,0.0,-1.0,-1.0,1652432,3.0,21,,0.0,2.0,6.0,A01,138Â 288Â 250,1.0
968236,201900009767,3,25,10:00,1,1,1,1.0,7.0,44158,la marsillere,M,"47,2534160"," -1,7130780",44,2019,80.0,1.0,1.0,4.0,2164251,1.0,1,3,1,9.0,,0.0,0,1938.0,A01,138Â 288Â 248,1.0,5.0,-1.0,1652433,3.0,7,,13.0,0.0,1.0,A01,138Â 288Â 248,6.0
968237,201900009768,3,26,08:10,1,1,6,1.0,7.0,35068,Boulevard Laennec,M,"48,0993410"," -1,4008570",35,2019,-1.0,1.0,1.0,3.0,2164252,1.0,1,4,1,2.0,,0.0,0,2004.0,A01,138Â 288Â 247,2.0,6.0,-1.0,1652434,1.0,2,,0.0,0.0,8.0,A01,138Â 288Â 247,1.0
968238,201900009769,3,22,08:35,2,1,1,5.0,1.0,35223,La Gendrotais,M,"48,0296580"," -2,0534670",35,2019,80.0,1.0,1.0,4.0,2164253,1.0,1,1,1,5.0,,0.0,0,1954.0,A01,138Â 288Â 245,1.0,-1.0,-1.0,1652435,3.0,7,,0.0,2.0,3.0,A01,138Â 288Â 245,1.0
968238,201900009769,3,22,08:35,2,1,1,5.0,1.0,35223,La Gendrotais,M,"48,0296580"," -2,0534670",35,2019,80.0,1.0,1.0,4.0,2164253,1.0,1,1,1,5.0,,0.0,0,1954.0,A01,138Â 288Â 245,1.0,-1.0,-1.0,1652436,3.0,2,,0.0,2.0,1.0,B01,138Â 288Â 246,1.0
968238,201900009769,3,22,08:35,2,1,1,5.0,1.0,35223,La Gendrotais,M,"48,0296580"," -2,0534670",35,2019,80.0,1.0,1.0,4.0,2164254,1.0,1,4,1,2.0,,0.0,0,2004.0,B01,138Â 288Â 246,2.0,6.0,-1.0,1652435,3.0,7,,0.0,2.0,3.0,A01,138Â 288Â 245,1.0
968238,201900009769,3,22,08:35,2,1,1,5.0,1.0,35223,La Gendrotais,M,"48,0296580"," -2,0534670",35,2019,80.0,1.0,1.0,4.0,2164254,1.0,1,4,1,2.0,,0.0,0,2004.0,B01,138Â 288Â 246,2.0,6.0,-1.0,1652436,3.0,2,,0.0,2.0,1.0,B01,138Â 288Â 246,1.0
968239,201900009770,3,22,17:45,1,2,3,1.0,3.0,29236,Rue MÃ©lanie Rouat,M,"47,8446790"," -3,6932610",29,2019,50.0,1.0,1.0,3.0,2164255,1.0,1,1,1,5.0,,0.0,0,1952.0,A01,138Â 288Â 243,1.0,-1.0,-1.0,1652437,2.0,7,,0.0,2.0,8.0,A01,138Â 288Â 243,1.0
968239,201900009770,3,22,17:45,1,2,3,1.0,3.0,29236,Rue MÃ©lanie Rouat,M,"47,8446790"," -3,6932610",29,2019,50.0,1.0,1.0,3.0,2164255,1.0,1,1,1,5.0,,0.0,0,1952.0,A01,138Â 288Â 243,1.0,-1.0,-1.0,1652438,2.0,31,,6.0,2.0,2.0,B01,138Â 288Â 244,1.0
968239,201900009770,3,22,17:45,1,2,3,1.0,3.0,29236,Rue MÃ©lanie Rouat,M,"47,8446790"," -3,6932610",29,2019,50.0,1.0,1.0,3.0,2164256,1.0,1,3,1,5.0,,0.0,0,2001.0,B01,138Â 288Â 244,2.0,6.0,-1.0,1652437,2.0,7,,0.0,2.0,8.0,A01,138Â 288Â 243,1.0
968239,201900009770,3,22,17:45,1,2,3,1.0,3.0,29236,Rue MÃ©lanie Rouat,M,"47,8446790"," -3,6932610",29,2019,50.0,1.0,1.0,3.0,2164256,1.0,1,3,1,5.0,,0.0,0,2001.0,B01,138Â 288Â 244,2.0,6.0,-1.0,1652438,2.0,31,,6.0,2.0,2.0,B01,138Â 288Â 244,1.0
968240,201900009771,3,15,12:30,1,2,2,8.0,3.0,29260,Voie Romaine,M,"48,4278562"," -4,6287391",29,2019,50.0,1.0,1.0,4.0,2164257,1.0,1,1,1,1.0,,0.0,0,1981.0,A01,138Â 288Â 241,1.0,-1.0,-1.0,1652439,1.0,7,,0.0,2.0,3.0,A01,138Â 288Â 241,1.0
968240,201900009771,3,15,12:30,1,2,2,8.0,3.0,29260,Voie Romaine,M,"48,4278562"," -4,6287391",29,2019,50.0,1.0,1.0,4.0,2164257,1.0,1,1,1,1.0,,0.0,0,1981.0,A01,138Â 288Â 241,1.0,-1.0,-1.0,1652440,2.0,1,,0.0,2.0,1.0,B01,138Â 288Â 242,5.0
968240,201900009771,3,15,12:30,1,2,2,8.0,3.0,29260,Voie Romaine,M,"48,4278562"," -4,6287391",29,2019,50.0,1.0,1.0,4.0,2164258,1.0,1,4,2,1.0,,0.0,0,1992.0,B01,138Â 288Â 242,2.0,-1.0,-1.0,1652439,1.0,7,,0.0,2.0,3.0,A01,138Â 288Â 241,1.0
968240,201900009771,3,15,12:30,1,2,2,8.0,3.0,29260,Voie Romaine,M,"48,4278562"," -4,6287391",29,2019,50.0,1.0,1.0,4.0,2164258,1.0,1,4,2,1.0,,0.0,0,1992.0,B01,138Â 288Â 242,2.0,-1.0,-1.0,1652440,2.0,1,,0.0,2.0,1.0,B01,138Â 288Â 242,5.0
968241,201900009772,3,23,09:50,1,1,6,1.0,6.0,31188,avenue claude chappe - route de saint lys,M,"43,5378730","1,1872130",31,2019,80.0,1.0,1.0,3.0,2164259,1.0,1,3,2,5.0,,0.0,0,1971.0,A01,138Â 288Â 240,2.0,6.0,-1.0,1652441,2.0,43,,14.0,0.0,7.0,A01,138Â 288Â 240,1.0
968242,201900009773,3,21,18:20,2,1,1,1.0,7.0,31252,Chemin de la CahuziÃ¨re,M,"43,7422000","1,4504140",31,2019,50.0,1.0,1.0,4.0,2164260,1.0,1,3,1,5.0,,0.0,0,1997.0,A01,138Â 288Â 239,2.0,6.0,9.0,1652442,3.0,33,,0.0,0.0,7.0,A01,138Â 288Â 239,1.0
968243,201900009774,3,25,17:07,1,2,3,1.0,3.0,02478,Rue des Champs Druant,M,"49,5166540","3,5039720",2,2019,50.0,1.0,1.0,3.0,2164261,1.0,1,3,1,5.0,,0.0,0,2011.0,A01,138Â 288Â 237,2.0,-1.0,-1.0,1652443,3.0,1,,0.0,2.0,1.0,A01,138Â 288Â 237,5.0
968243,201900009774,3,25,17:07,1,2,3,1.0,3.0,02478,Rue des Champs Druant,M,"49,5166540","3,5039720",2,2019,50.0,1.0,1.0,3.0,2164261,1.0,1,3,1,5.0,,0.0,0,2011.0,A01,138Â 288Â 237,2.0,-1.0,-1.0,1652444,2.0,7,,0.0,2.0,2.0,B01,138Â 288Â 238,1.0
968243,201900009774,3,25,17:07,1,2,3,1.0,3.0,02478,Rue des Champs Druant,M,"49,5166540","3,5039720",2,2019,50.0,1.0,1.0,3.0,2164262,1.0,1,1,1,1.0,,0.0,0,1959.0,B01,138Â 288Â 238,1.0,-1.0,-1.0,1652443,3.0,1,,0.0,2.0,1.0,A01,138Â 288Â 237,5.0
968243,201900009774,3,25,17:07,1,2,3,1.0,3.0,02478,Rue des Champs Druant,M,"49,5166540","3,5039720",2,2019,50.0,1.0,1.0,3.0,2164262,1.0,1,1,1,1.0,,0.0,0,1959.0,B01,138Â 288Â 238,1.0,-1.0,-1.0,1652444,2.0,7,,0.0,2.0,2.0,B01,138Â 288Â 238,1.0
968244,201900009775,2,14,19:40,5,2,1,1.0,6.0,02173,rue AndrÃ© Ternynck,M,"49,6255250","3,2128010",2,2019,50.0,1.0,1.0,3.0,2164263,10.0,3,3,2,5.0,,3.0,3,1955.0,A01,138Â 288Â 236,4.0,-1.0,-1.0,1652445,1.0,7,,0.0,1.0,1.0,A01,138Â 288Â 236,1.0
968244,201900009775,2,14,19:40,5,2,1,1.0,6.0,02173,rue AndrÃ© Ternynck,M,"49,6255250","3,2128010",2,2019,50.0,1.0,1.0,3.0,2164264,1.0,1,1,1,5.0,,0.0,0,1979.0,A01,138Â 288Â 236,1.0,-1.0,-1.0,1652445,1.0,7,,0.0,1.0,1.0,A01,138Â 288Â 236,1.0
968245,201900009776,3,23,15:50,1,1,1,7.0,1.0,03062,,M,"46,1856628","3,1778821",3,2019,80.0,1.0,1.0,3.0,2164265,1.0,1,2,1,5.0,,0.0,0,1940.0,B01,138Â 288Â 234,2.0,4.0,-1.0,1652446,2.0,80,,0.0,2.0,8.0,B01,138Â 288Â 234,3.0
968245,201900009776,3,23,15:50,1,1,1,7.0,1.0,03062,,M,"46,1856628","3,1778821",3,2019,80.0,1.0,1.0,3.0,2164265,1.0,1,2,1,5.0,,0.0,0,1940.0,B01,138Â 288Â 234,2.0,4.0,-1.0,1652447,1.0,7,,0.0,2.0,3.0,A01,138Â 288Â 235,1.0
968245,201900009776,3,23,15:50,1,1,1,7.0,1.0,03062,,M,"46,1856628","3,1778821",3,2019,80.0,1.0,1.0,3.0,2164266,7.0,2,1,2,5.0,,0.0,0,2013.0,A01,138Â 288Â 235,1.0,3.0,-1.0,1652446,2.0,80,,0.0,2.0,8.0,B01,138Â 288Â 234,3.0
968245,201900009776,3,23,15:50,1,1,1,7.0,1.0,03062,,M,"46,1856628","3,1778821",3,2019,80.0,1.0,1.0,3.0,2164266,7.0,2,1,2,5.0,,0.0,0,2013.0,A01,138Â 288Â 235,1.0,3.0,-1.0,1652447,1.0,7,,0.0,2.0,3.0,A01,138Â 288Â 235,1.0
968245,201900009776,3,23,15:50,1,1,1,7.0,1.0,03062,,M,"46,1856628","3,1778821",3,2019,80.0,1.0,1.0,3.0,2164267,8.0,2,1,2,5.0,,0.0,0,2015.0,A01,138Â 288Â 235,1.0,3.0,-1.0,1652446,2.0,80,,0.0,2.0,8.0,B01,138Â 288Â 234,3.0
968245,201900009776,3,23,15:50,1,1,1,7.0,1.0,03062,,M,"46,1856628","3,1778821",3,2019,80.0,1.0,1.0,3.0,2164267,8.0,2,1,2,5.0,,0.0,0,2015.0,A01,138Â 288Â 235,1.0,3.0,-1.0,1652447,1.0,7,,0.0,2.0,3.0,A01,138Â 288Â 235,1.0
968245,201900009776,3,23,15:50,1,1,1,7.0,1.0,03062,,M,"46,1856628","3,1778821",3,2019,80.0,1.0,1.0,3.0,2164268,1.0,1,1,1,5.0,,0.0,0,1983.0,A01,138Â 288Â 235,1.0,-1.0,-1.0,1652446,2.0,80,,0.0,2.0,8.0,B01,138Â 288Â 234,3.0
968245,201900009776,3,23,15:50,1,1,1,7.0,1.0,03062,,M,"46,1856628","3,1778821",3,2019,80.0,1.0,1.0,3.0,2164268,1.0,1,1,1,5.0,,0.0,0,1983.0,A01,138Â 288Â 235,1.0,-1.0,-1.0,1652447,1.0,7,,0.0,2.0,3.0,A01,138Â 288Â 235,1.0
968245,201900009776,3,23,15:50,1,1,1,7.0,1.0,03062,,M,"46,1856628","3,1778821",3,2019,80.0,1.0,1.0,3.0,2164269,9.0,2,1,2,5.0,,0.0,0,2017.0,A01,138Â 288Â 235,1.0,3.0,-1.0,1652446,2.0,80,,0.0,2.0,8.0,B01,138Â 288Â 234,3.0
968245,201900009776,3,23,15:50,1,1,1,7.0,1.0,03062,,M,"46,1856628","3,1778821",3,2019,80.0,1.0,1.0,3.0,2164269,9.0,2,1,2,5.0,,0.0,0,2017.0,A01,138Â 288Â 235,1.0,3.0,-1.0,1652447,1.0,7,,0.0,2.0,3.0,A01,138Â 288Â 235,1.0