Unnamed: 0_x,num_acc,mois,jour,hrmn,lum,agg,int,atm,col,com,adr,gps,lat,long,dep,annee,vma,situ,surf,catr,Unnamed: 0_y,place,catu,grav,sexe,trajet,secu,locp,actp,an_nais,num_veh_x,id_vehicule_x,secu1,secu2,secu3,Unnamed: 0,senc,catv,occutc,obs,obsm,choc,num_veh_y,id_vehicule_y,motor
968246,201900009777,3,24,22:50,3,1,1,1.0,7.0,03182,,M,"46,1020891","3,2448222",3,2019,80.0,3.0,1.0,3.0,2164270,1.0,1,3,1,1.0,,0.0,0,1958.0,A01,138Â 288Â 233,1.0,-1.0,-1.0,1652448,1.0,7,,13.0,0.0,3.0,A01,138Â 288Â 233,1.0
968247,201900009778,3,24,19:15,2,2,1,1.0,6.0,03060,rue des Martoulets,M,"46,1698533","3,3934724",3,2019,50.0,3.0,1.0,4.0,2164271,1.0,1,3,1,5.0,,0.0,0,1961.0,A01,138Â 288Â 232,2.0,-1.0,-1.0,1652449,3.0,33,,13.0,0.0,1.0,A01,138Â 288Â 232,1.0
968248,201900009779,3,26,16:45,1,1,1,1.0,1.0,03052,Chemin du Bois de la Motte,M,"46,3269443","2,6980232",3,2019,80.0,1.0,1.0,4.0,2164272,1.0,1,4,1,5.0,,0.0,0,2000.0,A01,138Â 288Â 230,1.0,-1.0,-1.0,1652450,1.0,7,,0.0,2.0,2.0,A01,138Â 288Â 230,1.0
968248,201900009779,3,26,16:45,1,1,1,1.0,1.0,03052,Chemin du Bois de la Motte,M,"46,3269443","2,6980232",3,2019,80.0,1.0,1.0,4.0,2164272,1.0,1,4,1,5.0,,0.0,0,2000.0,A01,138Â 288Â 230,1.0,-1.0,-1.0,1652451,2.0,7,,0.0,2.0,3.0,B01,138Â 288Â 231,1.0
968248,201900009779,3,26,16:45,1,1,1,1.0,1.0,03052,Chemin du Bois de la Motte,M,"46,3269443","2,6980232",3,2019,80.0,1.0,1.0,4.0,2164273,1.0,1,4,2,0.0,,0.0,0,1982.0,B01,138Â 288Â 231,1.0,-1.0,-1.0,1652450,1.0,7,,0.0,2.0,2.0,A01,138Â 288Â 230,1.0
968248,201900009779,3,26,16:45,1,1,1,1.0,1.0,03052,Chemin du Bois de la Motte,M,"46,3269443","2,6980232",3,2019,80.0,1.0,1.0,4.0,2164273,1.0,1,4,2,0.0,,0.0,0,1982.0,B01,138Â 288Â 231,1.0,-1.0,-1.0,1652451,2.0,7,,0.0,2.0,3.0,B01,138Â 288Â 231,1.0
968249,201900009780,3,24,20:10,3,1,1,1.0,7.0,03155,Les BruyÃ¨res de ForÃªt,M,"46,7197022","2,9547867",3,2019,80.0,8.0,1.0,3.0,2164274,2.0,2,3,2,5.0,,0.0,0,1956.0,A01,138Â 288Â 229,1.0,-1.0,-1.0,1652452,1.0,7,,13.0,0.0,2.0,A01,138Â 288Â 229,1.0
968249,201900009780,3,24,20:10,3,1,1,1.0,7.0,03155,Les BruyÃ¨res de ForÃªt,M,"46,7197022","2,9547867",3,2019,80.0,8.0,1.0,3.0,2164275,1.0,1,4,1,5.0,,0.0,0,1955.0,A01,138Â 288Â 229,1.0,-1.0,-1.0,1652452,1.0,7,,13.0,0.0,2.0,A01,138Â 288Â 229,1.0
968250,201900009781,3,25,19:30,5,2,3,1.0,3.0,26324,Chemin des Goumoux,M,"44,3500480","4,7800940",26,2019,50.0,1.0,1.0,4.0,2164276,1.0,1,3,1,5.0,,0.0,0,2003.0,B01,138Â 288Â 227,2.0,6.0,-1.0,1652453,0.0,2,,0.0,2.0,1.0,B01,138Â 288Â 227,1.0
968250,201900009781,3,25,19:30,5,2,3,1.0,3.0,26324,Chemin des Goumoux,M,"44,3500480","4,7800940",26,2019,50.0,1.0,1.0,4.0,2164276,1.0,1,3,1,5.0,,0.0,0,2003.0,B01,138Â 288Â 227,2.0,6.0,-1.0,1652454,0.0,7,,0.0,2.0,7.0,A01,138Â 288Â 228,1.0
968250,201900009781,3,25,19:30,5,2,3,1.0,3.0,26324,Chemin des Goumoux,M,"44,3500480","4,7800940",26,2019,50.0,1.0,1.0,4.0,2164277,1.0,1,1,1,5.0,,0.0,0,1943.0,A01,138Â 288Â 228,1.0,-1.0,-1.0,1652453,0.0,2,,0.0,2.0,1.0,B01,138Â 288Â 227,1.0
968250,201900009781,3,25,19:30,5,2,3,1.0,3.0,26324,Chemin des Goumoux,M,"44,3500480","4,7800940",26,2019,50.0,1.0,1.0,4.0,2164277,1.0,1,1,1,5.0,,0.0,0,1943.0,A01,138Â 288Â 228,1.0,-1.0,-1.0,1652454,0.0,7,,0.0,2.0,7.0,A01,138Â 288Â 228,1.0
968251,201900009782,3,23,10:30,1,2,1,1.0,6.0,26113,92 Rue Camille Buffardel,M,"44,7535920","5,3724250",26,2019,30.0,1.0,1.0,3.0,2164278,10.0,3,4,2,3.0,,1.0,9,1965.0,A01,138Â 288Â 226,0.0,-1.0,-1.0,1652455,2.0,7,,0.0,1.0,2.0,A01,138Â 288Â 226,0.0
968251,201900009782,3,23,10:30,1,2,1,1.0,6.0,26113,92 Rue Camille Buffardel,M,"44,7535920","5,3724250",26,2019,30.0,1.0,1.0,3.0,2164279,1.0,1,1,1,3.0,,0.0,0,1958.0,A01,138Â 288Â 226,8.0,-1.0,-1.0,1652455,2.0,7,,0.0,1.0,2.0,A01,138Â 288Â 226,0.0
968252,201900009783,3,23,17:10,1,1,2,1.0,3.0,58289,Les Chapuis,M,"46,7599650","3,8260790",58,2019,80.0,1.0,1.0,3.0,2164280,1.0,1,1,1,5.0,,0.0,0,2000.0,A01,138Â 288Â 224,1.0,-1.0,-1.0,1652456,3.0,7,,0.0,2.0,1.0,A01,138Â 288Â 224,1.0
968252,201900009783,3,23,17:10,1,1,2,1.0,3.0,58289,Les Chapuis,M,"46,7599650","3,8260790",58,2019,80.0,1.0,1.0,3.0,2164280,1.0,1,1,1,5.0,,0.0,0,2000.0,A01,138Â 288Â 224,1.0,-1.0,-1.0,1652457,1.0,7,,2.0,2.0,7.0,B01,138Â 288Â 225,1.0
968252,201900009783,3,23,17:10,1,1,2,1.0,3.0,58289,Les Chapuis,M,"46,7599650","3,8260790",58,2019,80.0,1.0,1.0,3.0,2164281,2.0,2,1,2,5.0,,0.0,0,2002.0,A01,138Â 288Â 224,1.0,-1.0,-1.0,1652456,3.0,7,,0.0,2.0,1.0,A01,138Â 288Â 224,1.0
968252,201900009783,3,23,17:10,1,1,2,1.0,3.0,58289,Les Chapuis,M,"46,7599650","3,8260790",58,2019,80.0,1.0,1.0,3.0,2164281,2.0,2,1,2,5.0,,0.0,0,2002.0,A01,138Â 288Â 224,1.0,-1.0,-1.0,1652457,1.0,7,,2.0,2.0,7.0,B01,138Â 288Â 225,1.0
968252,201900009783,3,23,17:10,1,1,2,1.0,3.0,58289,Les Chapuis,M,"46,7599650","3,8260790",58,2019,80.0,1.0,1.0,3.0,2164282,1.0,1,4,1,5.0,,0.0,0,1950.0,B01,138Â 288Â 225,1.0,-1.0,-1.0,1652456,3.0,7,,0.0,2.0,1.0,A01,138Â 288Â 224,1.0
968252,201900009783,3,23,17:10,1,1,2,1.0,3.0,58289,Les Chapuis,M,"46,7599650","3,8260790",58,2019,80.0,1.0,1.0,3.0,2164282,1.0,1,4,1,5.0,,0.0,0,1950.0,B01,138Â 288Â 225,1.0,-1.0,-1.0,1652457,1.0,7,,2.0,2.0,7.0,B01,138Â 288Â 225,1.0
968252,201900009783,3,23,17:10,1,1,2,1.0,3.0,58289,Les Chapuis,M,"46,7599650","3,8260790",58,2019,80.0,1.0,1.0,3.0,2164283,7.0,2,3,1,5.0,,0.0,0,1956.0,B01,138Â 288Â 225,1.0,-1.0,-1.0,1652456,3.0,7,,0.0,2.0,1.0,A01,138Â 288Â 224,1.0
968252,201900009783,3,23,17:10,1,1,2,1.0,3.0,58289,Les Chapuis,M,"46,7599650","3,8260790",58,2019,80.0,1.0,1.0,3.0,2164283,7.0,2,3,1,5.0,,0.0,0,1956.0,B01,138Â 288Â 225,1.0,-1.0,-1.0,1652457,1.0,7,,2.0,2.0,7.0,B01,138Â 288Â 225,1.0
968252,201900009783,3,23,17:10,1,1,2,1.0,3.0,58289,Les Chapuis,M,"46,7599650","3,8260790",58,2019,80.0,1.0,1.0,3.0,2164284,9.0,2,3,2,5.0,,0.0,0,1949.0,B01,138Â 288Â 225,1.0,-1.0,-1.0,1652456,3.0,7,,0.0,2.0,1.0,A01,138Â 288Â 224,1.0
968252,201900009783,3,23,17:10,1,1,2,1.0,3.0,58289,Les Chapuis,M,"46,7599650","3,8260790",58,2019,80.0,1.0,1.0,3.0,2164284,9.0,2,3,2,5.0,,0.0,0,1949.0,B01,138Â 288Â 225,1.0,-1.0,-1.0,1652457,1.0,7,,2.0,2.0,7.0,B01,138Â 288Â 225,1.0
968252,201900009783,3,23,17:10,1,1,2,1.0,3.0,58289,Les Chapuis,M,"46,7599650","3,8260790",58,2019,80.0,1.0,1.0,3.0,2164285,2.0,2,3,1,5.0,,0.0,0,1949.0,B01,138Â 288Â 225,1.0,-1.0,-1.0,1652456,3.0,7,,0.0,2.0,1.0,A01,138Â 288Â 224,1.0
968252,201900009783,3,23,17:10,1,1,2,1.0,3.0,58289,Les Chapuis,M,"46,7599650","3,8260790",58,2019,80.0,1.0,1.0,3.0,2164285,2.0,2,3,1,5.0,,0.0,0,1949.0,B01,138Â 288Â 225,1.0,-1.0,-1.0,1652457,1.0,7,,2.0,2.0,7.0,B01,138Â 288Â 225,1.0
968253,201900009784,3,16,15:20,1,1,1,1.0,7.0,58057,Chaume,M,"46,7438480","3,1211760",58,2019,90.0,3.0,1.0,4.0,2164286,1.0,1,2,1,5.0,,0.0,0,1958.0,A01,138Â 288Â 223,2.0,-1.0,-1.0,1652458,3.0,1,,0.0,0.0,0.0,A01,138Â 288Â 223,5.0
968254,201900009785,3,24,15:30,1,1,1,1.0,2.0,54049,Route de Baslieux,M,"49,4431620","5,7355890",54,2019,80.0,1.0,1.0,4.0,2164287,1.0,1,4,1,5.0,,0.0,0,2004.0,A01,138Â 288Â 221,2.0,-1.0,-1.0,1652459,3.0,1,,0.0,0.0,4.0,A01,138Â 288Â 221,5.0
968254,201900009785,3,24,15:30,1,1,1,1.0,2.0,54049,Route de Baslieux,M,"49,4431620","5,7355890",54,2019,80.0,1.0,1.0,4.0,2164287,1.0,1,4,1,5.0,,0.0,0,2004.0,A01,138Â 288Â 221,2.0,-1.0,-1.0,1652460,3.0,7,,0.0,2.0,2.0,B01,138Â 288Â 222,0.0
968255,201900009786,3,24,15:15,1,2,3,1.0,3.0,06105,Chemin de la Gorgue,M,"43,6643877","7,0662810",6,2019,50.0,1.0,1.0,3.0,2164288,1.0,1,1,1,5.0,,0.0,0,1966.0,A01,138Â 288Â 219,2.0,6.0,9.0,1652461,2.0,33,,0.0,2.0,7.0,A01,138Â 288Â 219,1.0
968255,201900009786,3,24,15:15,1,2,3,1.0,3.0,06105,Chemin de la Gorgue,M,"43,6643877","7,0662810",6,2019,50.0,1.0,1.0,3.0,2164288,1.0,1,1,1,5.0,,0.0,0,1966.0,A01,138Â 288Â 219,2.0,6.0,9.0,1652462,0.0,7,,0.0,2.0,1.0,B01,138Â 288Â 220,1.0
968255,201900009786,3,24,15:15,1,2,3,1.0,3.0,06105,Chemin de la Gorgue,M,"43,6643877","7,0662810",6,2019,50.0,1.0,1.0,3.0,2164289,2.0,2,4,2,5.0,,0.0,0,1964.0,A01,138Â 288Â 219,2.0,6.0,9.0,1652461,2.0,33,,0.0,2.0,7.0,A01,138Â 288Â 219,1.0
968255,201900009786,3,24,15:15,1,2,3,1.0,3.0,06105,Chemin de la Gorgue,M,"43,6643877","7,0662810",6,2019,50.0,1.0,1.0,3.0,2164289,2.0,2,4,2,5.0,,0.0,0,1964.0,A01,138Â 288Â 219,2.0,6.0,9.0,1652462,0.0,7,,0.0,2.0,1.0,B01,138Â 288Â 220,1.0
968255,201900009786,3,24,15:15,1,2,3,1.0,3.0,06105,Chemin de la Gorgue,M,"43,6643877","7,0662810",6,2019,50.0,1.0,1.0,3.0,2164290,1.0,1,1,1,5.0,,0.0,0,1930.0,B01,138Â 288Â 220,1.0,-1.0,-1.0,1652461,2.0,33,,0.0,2.0,7.0,A01,138Â 288Â 219,1.0
968255,201900009786,3,24,15:15,1,2,3,1.0,3.0,06105,Chemin de la Gorgue,M,"43,6643877","7,0662810",6,2019,50.0,1.0,1.0,3.0,2164290,1.0,1,1,1,5.0,,0.0,0,1930.0,B01,138Â 288Â 220,1.0,-1.0,-1.0,1652462,0.0,7,,0.0,2.0,1.0,B01,138Â 288Â 220,1.0
968256,201900009787,3,22,11:45,1,2,1,1.0,6.0,14514,Rue Saint-Michel,M,"49,2860081","0,1850796",14,2019,50.0,1.0,1.0,3.0,2164291,1.0,1,1,1,4.0,,0.0,0,1979.0,A01,138Â 288Â 218,1.0,-1.0,-1.0,1652463,1.0,7,,0.0,1.0,1.0,A01,138Â 288Â 218,1.0
968256,201900009787,3,22,11:45,1,2,1,1.0,6.0,14514,Rue Saint-Michel,M,"49,2860081","0,1850796",14,2019,50.0,1.0,1.0,3.0,2164292,10.0,3,3,2,2.0,,3.0,3,1978.0,A01,138Â 288Â 218,0.0,-1.0,-1.0,1652463,1.0,7,,0.0,1.0,1.0,A01,138Â 288Â 218,1.0
968257,201900009788,3,21,16:00,1,1,1,1.0,1.0,14143,MESNIL LEVRAU,M,"49,0941540"," -0,7700910",14,2019,80.0,1.0,1.0,3.0,2164293,2.0,2,4,2,2.0,,0.0,0,2003.0,A01,138Â 288Â 216,1.0,-1.0,-1.0,1652464,1.0,7,,0.0,2.0,1.0,A01,138Â 288Â 216,1.0
968257,201900009788,3,21,16:00,1,1,1,1.0,1.0,14143,MESNIL LEVRAU,M,"49,0941540"," -0,7700910",14,2019,80.0,1.0,1.0,3.0,2164293,2.0,2,4,2,2.0,,0.0,0,2003.0,A01,138Â 288Â 216,1.0,-1.0,-1.0,1652465,2.0,7,,0.0,2.0,1.0,B01,138Â 288Â 217,1.0
968257,201900009788,3,21,16:00,1,1,1,1.0,1.0,14143,MESNIL LEVRAU,M,"49,0941540"," -0,7700910",14,2019,80.0,1.0,1.0,3.0,2164294,1.0,1,4,1,2.0,,0.0,0,1974.0,A01,138Â 288Â 216,1.0,-1.0,-1.0,1652464,1.0,7,,0.0,2.0,1.0,A01,138Â 288Â 216,1.0
968257,201900009788,3,21,16:00,1,1,1,1.0,1.0,14143,MESNIL LEVRAU,M,"49,0941540"," -0,7700910",14,2019,80.0,1.0,1.0,3.0,2164294,1.0,1,4,1,2.0,,0.0,0,1974.0,A01,138Â 288Â 216,1.0,-1.0,-1.0,1652465,2.0,7,,0.0,2.0,1.0,B01,138Â 288Â 217,1.0
968257,201900009788,3,21,16:00,1,1,1,1.0,1.0,14143,MESNIL LEVRAU,M,"49,0941540"," -0,7700910",14,2019,80.0,1.0,1.0,3.0,2164295,1.0,1,4,2,1.0,,0.0,0,1977.0,B01,138Â 288Â 217,1.0,-1.0,-1.0,1652464,1.0,7,,0.0,2.0,1.0,A01,138Â 288Â 216,1.0
968257,201900009788,3,21,16:00,1,1,1,1.0,1.0,14143,MESNIL LEVRAU,M,"49,0941540"," -0,7700910",14,2019,80.0,1.0,1.0,3.0,2164295,1.0,1,4,2,1.0,,0.0,0,1977.0,B01,138Â 288Â 217,1.0,-1.0,-1.0,1652465,2.0,7,,0.0,2.0,1.0,B01,138Â 288Â 217,1.0
968258,201900009789,3,25,08:15,1,1,2,1.0,3.0,14172,EscurÃ¨s,M,"49,3272990"," -0,7571890",14,2019,80.0,1.0,1.0,3.0,2164296,1.0,1,1,2,1.0,,0.0,0,1970.0,A01,138Â 288Â 214,1.0,-1.0,-1.0,1652466,2.0,7,,0.0,2.0,8.0,A01,138Â 288Â 214,1.0
968258,201900009789,3,25,08:15,1,1,2,1.0,3.0,14172,EscurÃ¨s,M,"49,3272990"," -0,7571890",14,2019,80.0,1.0,1.0,3.0,2164296,1.0,1,1,2,1.0,,0.0,0,1970.0,A01,138Â 288Â 214,1.0,-1.0,-1.0,1652467,1.0,30,,0.0,2.0,1.0,B01,138Â 288Â 215,1.0
968258,201900009789,3,25,08:15,1,1,2,1.0,3.0,14172,EscurÃ¨s,M,"49,3272990"," -0,7571890",14,2019,80.0,1.0,1.0,3.0,2164297,1.0,1,3,1,1.0,,0.0,0,1972.0,B01,138Â 288Â 215,2.0,6.0,-1.0,1652466,2.0,7,,0.0,2.0,8.0,A01,138Â 288Â 214,1.0
968258,201900009789,3,25,08:15,1,1,2,1.0,3.0,14172,EscurÃ¨s,M,"49,3272990"," -0,7571890",14,2019,80.0,1.0,1.0,3.0,2164297,1.0,1,3,1,1.0,,0.0,0,1972.0,B01,138Â 288Â 215,2.0,6.0,-1.0,1652467,1.0,30,,0.0,2.0,1.0,B01,138Â 288Â 215,1.0
968259,201900009790,3,20,14:30,1,1,1,1.0,6.0,90015,Route de MontbÃ©liard,M,"47,5982970","6,8595200",90,2019,-1.0,1.0,1.0,3.0,2164298,10.0,3,3,1,0.0,,2.0,3,2000.0,A01,138Â 288Â 213,0.0,-1.0,-1.0,1652468,0.0,7,,0.0,1.0,2.0,A01,138Â 288Â 213,1.0
968259,201900009790,3,20,14:30,1,1,1,1.0,6.0,90015,Route de MontbÃ©liard,M,"47,5982970","6,8595200",90,2019,-1.0,1.0,1.0,3.0,2164299,1.0,1,1,2,9.0,,0.0,0,1969.0,A01,138Â 288Â 213,1.0,-1.0,-1.0,1652468,0.0,7,,0.0,1.0,2.0,A01,138Â 288Â 213,1.0
968260,201900009791,3,22,07:15,2,1,1,5.0,7.0,60560,Rue du Vignet,M,"49,2388630","2,7343370",60,2019,80.0,3.0,9.0,3.0,2164300,1.0,1,3,1,0.0,,0.0,0,2000.0,A01,138Â 288Â 212,1.0,-1.0,-1.0,1652469,0.0,7,,0.0,0.0,9.0,A01,138Â 288Â 212,1.0
968261,201900009792,3,22,17:15,1,2,2,1.0,6.0,60192,Grande Rue,M,"49,5854070","2,9037880",60,2019,50.0,1.0,1.0,3.0,2164301,1.0,1,3,2,0.0,,0.0,0,1995.0,A01,138Â 288Â 211,2.0,-1.0,-1.0,1652470,1.0,7,,0.0,2.0,5.0,B01,138Â 288Â 210,1.0
968261,201900009792,3,22,17:15,1,2,2,1.0,6.0,60192,Grande Rue,M,"49,5854070","2,9037880",60,2019,50.0,1.0,1.0,3.0,2164301,1.0,1,3,2,0.0,,0.0,0,1995.0,A01,138Â 288Â 211,2.0,-1.0,-1.0,1652471,0.0,2,,0.0,2.0,0.0,A01,138Â 288Â 211,1.0
968261,201900009792,3,22,17:15,1,2,2,1.0,6.0,60192,Grande Rue,M,"49,5854070","2,9037880",60,2019,50.0,1.0,1.0,3.0,2164302,2.0,2,1,1,0.0,,0.0,0,1995.0,A01,138Â 288Â 211,2.0,6.0,-1.0,1652470,1.0,7,,0.0,2.0,5.0,B01,138Â 288Â 210,1.0
968261,201900009792,3,22,17:15,1,2,2,1.0,6.0,60192,Grande Rue,M,"49,5854070","2,9037880",60,2019,50.0,1.0,1.0,3.0,2164302,2.0,2,1,1,0.0,,0.0,0,1995.0,A01,138Â 288Â 211,2.0,6.0,-1.0,1652471,0.0,2,,0.0,2.0,0.0,A01,138Â 288Â 211,1.0
968262,201900009793,3,26,08:52,1,1,5,1.0,3.0,60438,route dÃ©partementale d335,M,"49,4771960","3,0613520",60,2019,80.0,1.0,1.0,3.0,2164303,1.0,1,1,2,0.0,,0.0,0,1962.0,A01,138Â 288Â 208,1.0,-1.0,-1.0,1652472,1.0,7,,0.0,2.0,1.0,A01,138Â 288Â 208,1.0
968262,201900009793,3,26,08:52,1,1,5,1.0,3.0,60438,route dÃ©partementale d335,M,"49,4771960","3,0613520",60,2019,80.0,1.0,1.0,3.0,2164303,1.0,1,1,2,0.0,,0.0,0,1962.0,A01,138Â 288Â 208,1.0,-1.0,-1.0,1652473,1.0,7,,0.0,2.0,8.0,B01,138Â 288Â 209,1.0
968262,201900009793,3,26,08:52,1,1,5,1.0,3.0,60438,route dÃ©partementale d335,M,"49,4771960","3,0613520",60,2019,80.0,1.0,1.0,3.0,2164304,1.0,1,3,1,0.0,,0.0,0,1963.0,B01,138Â 288Â 209,1.0,-1.0,-1.0,1652472,1.0,7,,0.0,2.0,1.0,A01,138Â 288Â 208,1.0
968262,201900009793,3,26,08:52,1,1,5,1.0,3.0,60438,route dÃ©partementale d335,M,"49,4771960","3,0613520",60,2019,80.0,1.0,1.0,3.0,2164304,1.0,1,3,1,0.0,,0.0,0,1963.0,B01,138Â 288Â 209,1.0,-1.0,-1.0,1652473,1.0,7,,0.0,2.0,8.0,B01,138Â 288Â 209,1.0
968263,201900009794,3,25,22:40,3,1,1,1.0,6.0,73124,RN90,M,"45,6537058","6,3584675",73,2019,110.0,1.0,1.0,2.0,2164305,1.0,1,1,1,5.0,,0.0,0,1994.0,A01,138Â 288Â 207,1.0,-1.0,-1.0,1652474,2.0,7,,0.0,1.0,3.0,A01,138Â 288Â 207,1.0
968263,201900009794,3,25,22:40,3,1,1,1.0,6.0,73124,RN90,M,"45,6537058","6,3584675",73,2019,110.0,1.0,1.0,2.0,2164306,10.0,3,2,1,5.0,,1.0,B,1984.0,A01,138Â 288Â 207,0.0,-1.0,-1.0,1652474,2.0,7,,0.0,1.0,3.0,A01,138Â 288Â 207,1.0
968264,201900009795,3,20,16:00,1,1,1,1.0,3.0,36220,Rue du Commandant Nandillon,M,"46,6207300","1,4699130",36,2019,80.0,1.0,1.0,3.0,2164307,1.0,1,3,1,5.0,,0.0,0,1959.0,A01,138Â 288Â 204,2.0,6.0,9.0,1652475,1.0,33,,0.0,2.0,6.0,A01,138Â 288Â 204,1.0
968264,201900009795,3,20,16:00,1,1,1,1.0,3.0,36220,Rue du Commandant Nandillon,M,"46,6207300","1,4699130",36,2019,80.0,1.0,1.0,3.0,2164307,1.0,1,3,1,5.0,,0.0,0,1959.0,A01,138Â 288Â 204,2.0,6.0,9.0,1652476,2.0,7,,0.0,2.0,3.0,B01,138Â 288Â 205,1.0
968264,201900009795,3,20,16:00,1,1,1,1.0,3.0,36220,Rue du Commandant Nandillon,M,"46,6207300","1,4699130",36,2019,80.0,1.0,1.0,3.0,2164308,1.0,1,1,2,1.0,,0.0,0,1971.0,B01,138Â 288Â 205,8.0,-1.0,-1.0,1652475,1.0,33,,0.0,2.0,6.0,A01,138Â 288Â 204,1.0
968264,201900009795,3,20,16:00,1,1,1,1.0,3.0,36220,Rue du Commandant Nandillon,M,"46,6207300","1,4699130",36,2019,80.0,1.0,1.0,3.0,2164308,1.0,1,1,2,1.0,,0.0,0,1971.0,B01,138Â 288Â 205,8.0,-1.0,-1.0,1652476,2.0,7,,0.0,2.0,3.0,B01,138Â 288Â 205,1.0
968265,201900009796,3,20,14:00,1,2,1,1.0,1.0,36121,Route d'Issoudun,M,"46,8372050","1,9559790",36,2019,50.0,1.0,1.0,3.0,2164309,1.0,1,1,1,4.0,,0.0,0,1971.0,B01,138Â 288Â 202,1.0,-1.0,-1.0,1652477,1.0,15,,0.0,2.0,1.0,B01,138Â 288Â 202,1.0
968265,201900009796,3,20,14:00,1,2,1,1.0,1.0,36121,Route d'Issoudun,M,"46,8372050","1,9559790",36,2019,50.0,1.0,1.0,3.0,2164309,1.0,1,1,1,4.0,,0.0,0,1971.0,B01,138Â 288Â 202,1.0,-1.0,-1.0,1652478,2.0,31,,12.0,2.0,1.0,A01,138Â 288Â 203,1.0
968265,201900009796,3,20,14:00,1,2,1,1.0,1.0,36121,Route d'Issoudun,M,"46,8372050","1,9559790",36,2019,50.0,1.0,1.0,3.0,2164310,1.0,1,3,1,5.0,,0.0,0,1992.0,A01,138Â 288Â 203,2.0,-1.0,-1.0,1652477,1.0,15,,0.0,2.0,1.0,B01,138Â 288Â 202,1.0
968265,201900009796,3,20,14:00,1,2,1,1.0,1.0,36121,Route d'Issoudun,M,"46,8372050","1,9559790",36,2019,50.0,1.0,1.0,3.0,2164310,1.0,1,3,1,5.0,,0.0,0,1992.0,A01,138Â 288Â 203,2.0,-1.0,-1.0,1652478,2.0,31,,12.0,2.0,1.0,A01,138Â 288Â 203,1.0
968266,201900009797,3,21,11:30,1,1,2,1.0,3.0,16149,la Chapelle,M,"45,8551443","0,5657396",16,2019,80.0,1.0,1.0,3.0,2164311,1.0,1,1,2,1.0,,0.0,0,1998.0,A01,138Â 288Â 200,1.0,-1.0,-1.0,1652479,1.0,7,,0.0,2.0,7.0,A01,138Â 288Â 200,1.0
968266,201900009797,3,21,11:30,1,1,2,1.0,3.0,16149,la Chapelle,M,"45,8551443","0,5657396",16,2019,80.0,1.0,1.0,3.0,2164311,1.0,1,1,2,1.0,,0.0,0,1998.0,A01,138Â 288Â 200,1.0,-1.0,-1.0,1652480,2.0,7,,0.0,2.0,1.0,B01,138Â 288Â 201,1.0
968266,201900009797,3,21,11:30,1,1,2,1.0,3.0,16149,la Chapelle,M,"45,8551443","0,5657396",16,2019,80.0,1.0,1.0,3.0,2164312,1.0,1,1,1,5.0,,0.0,0,1930.0,B01,138Â 288Â 201,1.0,-1.0,-1.0,1652479,1.0,7,,0.0,2.0,7.0,A01,138Â 288Â 200,1.0
968266,201900009797,3,21,11:30,1,1,2,1.0,3.0,16149,la Chapelle,M,"45,8551443","0,5657396",16,2019,80.0,1.0,1.0,3.0,2164312,1.0,1,1,1,5.0,,0.0,0,1930.0,B01,138Â 288Â 201,1.0,-1.0,-1.0,1652480,2.0,7,,0.0,2.0,1.0,B01,138Â 288Â 201,1.0
968266,201900009797,3,21,11:30,1,1,2,1.0,3.0,16149,la Chapelle,M,"45,8551443","0,5657396",16,2019,80.0,1.0,1.0,3.0,2164313,2.0,2,3,2,5.0,,0.0,0,1934.0,B01,138Â 288Â 201,1.0,-1.0,-1.0,1652479,1.0,7,,0.0,2.0,7.0,A01,138Â 288Â 200,1.0
968266,201900009797,3,21,11:30,1,1,2,1.0,3.0,16149,la Chapelle,M,"45,8551443","0,5657396",16,2019,80.0,1.0,1.0,3.0,2164313,2.0,2,3,2,5.0,,0.0,0,1934.0,B01,138Â 288Â 201,1.0,-1.0,-1.0,1652480,2.0,7,,0.0,2.0,1.0,B01,138Â 288Â 201,1.0
968267,201900009798,2,17,16:30,1,1,1,1.0,7.0,07007,La Rouveure,M,"44,9519740","4,7139480",7,2019,80.0,3.0,1.0,3.0,2164314,1.0,1,2,1,5.0,,0.0,0,1961.0,A01,138Â 288Â 199,2.0,5.0,6.0,1652481,2.0,33,,0.0,0.0,0.0,A01,138Â 288Â 199,1.0
968268,201900009799,3,25,18:00,2,1,1,9.0,6.0,07143,RD 86,M,"45,3383600","4,7580580",7,2019,80.0,3.0,1.0,3.0,2164315,1.0,1,3,1,5.0,,0.0,0,1976.0,A01,138Â 288Â 198,1.0,-1.0,-1.0,1652482,2.0,7,,15.0,0.0,1.0,A01,138Â 288Â 198,0.0
968269,201900009800,3,23,15:10,1,1,1,1.0,6.0,07328,Picourel,M,"44,3613040","4,3664200",7,2019,80.0,1.0,1.0,3.0,2164316,1.0,1,3,2,5.0,,0.0,0,1993.0,A01,138Â 288Â 197,2.0,-1.0,-1.0,1652483,0.0,33,,0.0,0.0,9.0,A01,138Â 288Â 197,1.0
968270,201900009801,3,19,13:40,1,2,1,1.0,1.0,07181,RD 104 - route de loriol,M,"44,7563460","4,7550750",7,2019,50.0,1.0,1.0,3.0,2164317,1.0,1,4,1,5.0,,0.0,0,1947.0,A01,138Â 288Â 195,1.0,-1.0,-1.0,1652484,0.0,7,,0.0,2.0,3.0,A01,138Â 288Â 195,1.0