Unnamed: 0_x,num_acc,mois,jour,hrmn,lum,agg,int,atm,col,com,adr,gps,lat,long,dep,annee,vma,situ,surf,catr,Unnamed: 0_y,place,catu,grav,sexe,trajet,secu,locp,actp,an_nais,num_veh_x,id_vehicule_x,secu1,secu2,secu3,Unnamed: 0,senc,catv,occutc,obs,obsm,choc,num_veh_y,id_vehicule_y,motor
968270,201900009801,3,19,13:40,1,2,1,1.0,1.0,07181,RD 104 - route de loriol,M,"44,7563460","4,7550750",7,2019,50.0,1.0,1.0,3.0,2164317,1.0,1,4,1,5.0,,0.0,0,1947.0,A01,138Â 288Â 195,1.0,-1.0,-1.0,1652485,0.0,7,,0.0,2.0,3.0,B01,138Â 288Â 196,1.0
968270,201900009801,3,19,13:40,1,2,1,1.0,1.0,07181,RD 104 - route de loriol,M,"44,7563460","4,7550750",7,2019,50.0,1.0,1.0,3.0,2164318,2.0,2,4,2,5.0,,0.0,0,1951.0,A01,138Â 288Â 195,1.0,-1.0,-1.0,1652484,0.0,7,,0.0,2.0,3.0,A01,138Â 288Â 195,1.0
968270,201900009801,3,19,13:40,1,2,1,1.0,1.0,07181,RD 104 - route de loriol,M,"44,7563460","4,7550750",7,2019,50.0,1.0,1.0,3.0,2164318,2.0,2,4,2,5.0,,0.0,0,1951.0,A01,138Â 288Â 195,1.0,-1.0,-1.0,1652485,0.0,7,,0.0,2.0,3.0,B01,138Â 288Â 196,1.0
968270,201900009801,3,19,13:40,1,2,1,1.0,1.0,07181,RD 104 - route de loriol,M,"44,7563460","4,7550750",7,2019,50.0,1.0,1.0,3.0,2164319,1.0,1,1,1,5.0,,0.0,0,1956.0,B01,138Â 288Â 196,1.0,-1.0,-1.0,1652484,0.0,7,,0.0,2.0,3.0,A01,138Â 288Â 195,1.0
968270,201900009801,3,19,13:40,1,2,1,1.0,1.0,07181,RD 104 - route de loriol,M,"44,7563460","4,7550750",7,2019,50.0,1.0,1.0,3.0,2164319,1.0,1,1,1,5.0,,0.0,0,1956.0,B01,138Â 288Â 196,1.0,-1.0,-1.0,1652485,0.0,7,,0.0,2.0,3.0,B01,138Â 288Â 196,1.0
968270,201900009801,3,19,13:40,1,2,1,1.0,1.0,07181,RD 104 - route de loriol,M,"44,7563460","4,7550750",7,2019,50.0,1.0,1.0,3.0,2164320,2.0,2,4,2,5.0,,0.0,0,1964.0,B01,138Â 288Â 196,1.0,-1.0,-1.0,1652484,0.0,7,,0.0,2.0,3.0,A01,138Â 288Â 195,1.0
968270,201900009801,3,19,13:40,1,2,1,1.0,1.0,07181,RD 104 - route de loriol,M,"44,7563460","4,7550750",7,2019,50.0,1.0,1.0,3.0,2164320,2.0,2,4,2,5.0,,0.0,0,1964.0,B01,138Â 288Â 196,1.0,-1.0,-1.0,1652485,0.0,7,,0.0,2.0,3.0,B01,138Â 288Â 196,1.0
968271,201900009802,3,22,23:30,3,1,1,1.0,7.0,53190,les basses frogeries,M,"48,3915900"," -0,3882130",53,2019,80.0,3.0,1.0,2.0,2164321,9.0,2,1,2,5.0,,0.0,0,2015.0,A01,138Â 288Â 194,3.0,-1.0,-1.0,1652486,1.0,7,,17.0,0.0,3.0,A01,138Â 288Â 194,1.0
968271,201900009802,3,22,23:30,3,1,1,1.0,7.0,53190,les basses frogeries,M,"48,3915900"," -0,3882130",53,2019,80.0,3.0,1.0,2.0,2164322,1.0,1,3,2,5.0,,0.0,0,1980.0,A01,138Â 288Â 194,1.0,-1.0,-1.0,1652486,1.0,7,,17.0,0.0,3.0,A01,138Â 288Â 194,1.0
968271,201900009802,3,22,23:30,3,1,1,1.0,7.0,53190,les basses frogeries,M,"48,3915900"," -0,3882130",53,2019,80.0,3.0,1.0,2.0,2164323,7.0,2,1,2,5.0,,0.0,0,2018.0,A01,138Â 288Â 194,3.0,-1.0,-1.0,1652486,1.0,7,,17.0,0.0,3.0,A01,138Â 288Â 194,1.0
968272,201900009803,3,21,11:35,1,2,9,1.0,1.0,53147,485 Rue de Grinhard,M,"48,2959700"," -0,6078550",53,2019,50.0,1.0,1.0,4.0,2164324,1.0,1,3,1,3.0,,0.0,0,1996.0,B01,138Â 288Â 192,2.0,-1.0,-1.0,1652487,3.0,43,,0.0,2.0,3.0,B01,138Â 288Â 192,1.0
968272,201900009803,3,21,11:35,1,2,9,1.0,1.0,53147,485 Rue de Grinhard,M,"48,2959700"," -0,6078550",53,2019,50.0,1.0,1.0,4.0,2164324,1.0,1,3,1,3.0,,0.0,0,1996.0,B01,138Â 288Â 192,2.0,-1.0,-1.0,1652488,3.0,7,,0.0,2.0,3.0,A01,138Â 288Â 193,1.0
968272,201900009803,3,21,11:35,1,2,9,1.0,1.0,53147,485 Rue de Grinhard,M,"48,2959700"," -0,6078550",53,2019,50.0,1.0,1.0,4.0,2164325,1.0,1,1,1,5.0,,0.0,0,1937.0,A01,138Â 288Â 193,1.0,-1.0,-1.0,1652487,3.0,43,,0.0,2.0,3.0,B01,138Â 288Â 192,1.0
968272,201900009803,3,21,11:35,1,2,9,1.0,1.0,53147,485 Rue de Grinhard,M,"48,2959700"," -0,6078550",53,2019,50.0,1.0,1.0,4.0,2164325,1.0,1,1,1,5.0,,0.0,0,1937.0,A01,138Â 288Â 193,1.0,-1.0,-1.0,1652488,3.0,7,,0.0,2.0,3.0,A01,138Â 288Â 193,1.0
968273,201900009804,3,26,16:45,1,1,1,1.0,1.0,21638,Route dÃ©partementale 974,M,"47,5089590","5,1702710",21,2019,80.0,1.0,1.0,3.0,2164326,1.0,1,1,1,4.0,,0.0,0,1964.0,B01,138Â 288Â 190,1.0,-1.0,-1.0,1652489,2.0,17,,0.0,2.0,1.0,B01,138Â 288Â 190,1.0
968273,201900009804,3,26,16:45,1,1,1,1.0,1.0,21638,Route dÃ©partementale 974,M,"47,5089590","5,1702710",21,2019,80.0,1.0,1.0,3.0,2164326,1.0,1,1,1,4.0,,0.0,0,1964.0,B01,138Â 288Â 190,1.0,-1.0,-1.0,1652490,1.0,7,,0.0,2.0,1.0,A01,138Â 288Â 191,1.0
968273,201900009804,3,26,16:45,1,1,1,1.0,1.0,21638,Route dÃ©partementale 974,M,"47,5089590","5,1702710",21,2019,80.0,1.0,1.0,3.0,2164327,1.0,1,2,1,0.0,,0.0,0,1984.0,A01,138Â 288Â 191,1.0,-1.0,-1.0,1652489,2.0,17,,0.0,2.0,1.0,B01,138Â 288Â 190,1.0
968273,201900009804,3,26,16:45,1,1,1,1.0,1.0,21638,Route dÃ©partementale 974,M,"47,5089590","5,1702710",21,2019,80.0,1.0,1.0,3.0,2164327,1.0,1,2,1,0.0,,0.0,0,1984.0,A01,138Â 288Â 191,1.0,-1.0,-1.0,1652490,1.0,7,,0.0,2.0,1.0,A01,138Â 288Â 191,1.0
968273,201900009804,3,26,16:45,1,1,1,1.0,1.0,21638,Route dÃ©partementale 974,M,"47,5089590","5,1702710",21,2019,80.0,1.0,1.0,3.0,2164328,2.0,2,2,2,0.0,,0.0,0,1986.0,A01,138Â 288Â 191,1.0,-1.0,-1.0,1652489,2.0,17,,0.0,2.0,1.0,B01,138Â 288Â 190,1.0
968273,201900009804,3,26,16:45,1,1,1,1.0,1.0,21638,Route dÃ©partementale 974,M,"47,5089590","5,1702710",21,2019,80.0,1.0,1.0,3.0,2164328,2.0,2,2,2,0.0,,0.0,0,1986.0,A01,138Â 288Â 191,1.0,-1.0,-1.0,1652490,1.0,7,,0.0,2.0,1.0,A01,138Â 288Â 191,1.0
968274,201900009805,3,23,17:30,1,1,4,1.0,1.0,21049,Rue du Vau,M,"47,6101170","4,9627640",21,2019,80.0,1.0,1.0,3.0,2164329,1.0,1,3,1,5.0,,0.0,0,1992.0,A01,138Â 288Â 188,2.0,-1.0,-1.0,1652491,2.0,33,,0.0,2.0,4.0,A01,138Â 288Â 188,1.0
968274,201900009805,3,23,17:30,1,1,4,1.0,1.0,21049,Rue du Vau,M,"47,6101170","4,9627640",21,2019,80.0,1.0,1.0,3.0,2164329,1.0,1,3,1,5.0,,0.0,0,1992.0,A01,138Â 288Â 188,2.0,-1.0,-1.0,1652492,1.0,7,,0.0,2.0,8.0,B01,138Â 288Â 189,6.0
968274,201900009805,3,23,17:30,1,1,4,1.0,1.0,21049,Rue du Vau,M,"47,6101170","4,9627640",21,2019,80.0,1.0,1.0,3.0,2164330,1.0,1,1,1,5.0,,0.0,0,1953.0,B01,138Â 288Â 189,1.0,-1.0,-1.0,1652491,2.0,33,,0.0,2.0,4.0,A01,138Â 288Â 188,1.0
968274,201900009805,3,23,17:30,1,1,4,1.0,1.0,21049,Rue du Vau,M,"47,6101170","4,9627640",21,2019,80.0,1.0,1.0,3.0,2164330,1.0,1,1,1,5.0,,0.0,0,1953.0,B01,138Â 288Â 189,1.0,-1.0,-1.0,1652492,1.0,7,,0.0,2.0,8.0,B01,138Â 288Â 189,6.0
968275,201900009806,3,20,18:40,1,1,1,7.0,1.0,40289,Route du Tursan,M,"43,7007630"," -0,4751600",40,2019,80.0,1.0,1.0,4.0,2164331,1.0,1,3,1,5.0,,0.0,0,1983.0,A01,138Â 288Â 186,1.0,-1.0,-1.0,1652493,3.0,7,,0.0,2.0,1.0,A01,138Â 288Â 186,1.0
968275,201900009806,3,20,18:40,1,1,1,7.0,1.0,40289,Route du Tursan,M,"43,7007630"," -0,4751600",40,2019,80.0,1.0,1.0,4.0,2164331,1.0,1,3,1,5.0,,0.0,0,1983.0,A01,138Â 288Â 186,1.0,-1.0,-1.0,1652494,3.0,7,,0.0,2.0,1.0,B01,138Â 288Â 187,1.0
968275,201900009806,3,20,18:40,1,1,1,7.0,1.0,40289,Route du Tursan,M,"43,7007630"," -0,4751600",40,2019,80.0,1.0,1.0,4.0,2164332,1.0,1,1,1,4.0,,0.0,0,1969.0,B01,138Â 288Â 187,1.0,-1.0,-1.0,1652493,3.0,7,,0.0,2.0,1.0,A01,138Â 288Â 186,1.0
968275,201900009806,3,20,18:40,1,1,1,7.0,1.0,40289,Route du Tursan,M,"43,7007630"," -0,4751600",40,2019,80.0,1.0,1.0,4.0,2164332,1.0,1,1,1,4.0,,0.0,0,1969.0,B01,138Â 288Â 187,1.0,-1.0,-1.0,1652494,3.0,7,,0.0,2.0,1.0,B01,138Â 288Â 187,1.0
968276,201900009807,3,24,07:58,2,1,1,1.0,6.0,40217,Route de Sanguinet,M,"44,3923160"," -1,0755690",40,2019,80.0,3.0,1.0,3.0,2164333,1.0,1,3,1,1.0,,0.0,0,1986.0,A01,138Â 288Â 185,1.0,9.0,-1.0,1652495,1.0,7,,2.0,0.0,9.0,A01,138Â 288Â 185,1.0
968277,201900009808,3,25,12:40,1,1,1,1.0,1.0,24577,lieu dit la fournerie,M,"44,8455000","1,1748500",24,2019,80.0,1.0,1.0,3.0,2164334,1.0,1,4,1,5.0,,0.0,0,1979.0,B01,138Â 288Â 183,1.0,-1.0,-1.0,1652496,2.0,7,,0.0,0.0,1.0,B01,138Â 288Â 183,1.0
968277,201900009808,3,25,12:40,1,1,1,1.0,1.0,24577,lieu dit la fournerie,M,"44,8455000","1,1748500",24,2019,80.0,1.0,1.0,3.0,2164334,1.0,1,4,1,5.0,,0.0,0,1979.0,B01,138Â 288Â 183,1.0,-1.0,-1.0,1652497,1.0,7,,0.0,2.0,1.0,A01,138Â 288Â 184,1.0
968277,201900009808,3,25,12:40,1,1,1,1.0,1.0,24577,lieu dit la fournerie,M,"44,8455000","1,1748500",24,2019,80.0,1.0,1.0,3.0,2164335,9.0,2,1,1,9.0,,0.0,0,2015.0,B01,138Â 288Â 183,1.0,-1.0,-1.0,1652496,2.0,7,,0.0,0.0,1.0,B01,138Â 288Â 183,1.0
968277,201900009808,3,25,12:40,1,1,1,1.0,1.0,24577,lieu dit la fournerie,M,"44,8455000","1,1748500",24,2019,80.0,1.0,1.0,3.0,2164335,9.0,2,1,1,9.0,,0.0,0,2015.0,B01,138Â 288Â 183,1.0,-1.0,-1.0,1652497,1.0,7,,0.0,2.0,1.0,A01,138Â 288Â 184,1.0
968277,201900009808,3,25,12:40,1,1,1,1.0,1.0,24577,lieu dit la fournerie,M,"44,8455000","1,1748500",24,2019,80.0,1.0,1.0,3.0,2164336,2.0,2,1,2,5.0,,0.0,0,1981.0,B01,138Â 288Â 183,1.0,-1.0,-1.0,1652496,2.0,7,,0.0,0.0,1.0,B01,138Â 288Â 183,1.0
968277,201900009808,3,25,12:40,1,1,1,1.0,1.0,24577,lieu dit la fournerie,M,"44,8455000","1,1748500",24,2019,80.0,1.0,1.0,3.0,2164336,2.0,2,1,2,5.0,,0.0,0,1981.0,B01,138Â 288Â 183,1.0,-1.0,-1.0,1652497,1.0,7,,0.0,2.0,1.0,A01,138Â 288Â 184,1.0
968277,201900009808,3,25,12:40,1,1,1,1.0,1.0,24577,lieu dit la fournerie,M,"44,8455000","1,1748500",24,2019,80.0,1.0,1.0,3.0,2164337,1.0,1,3,1,3.0,,0.0,0,1963.0,A01,138Â 288Â 184,1.0,-1.0,-1.0,1652496,2.0,7,,0.0,0.0,1.0,B01,138Â 288Â 183,1.0
968277,201900009808,3,25,12:40,1,1,1,1.0,1.0,24577,lieu dit la fournerie,M,"44,8455000","1,1748500",24,2019,80.0,1.0,1.0,3.0,2164337,1.0,1,3,1,3.0,,0.0,0,1963.0,A01,138Â 288Â 184,1.0,-1.0,-1.0,1652497,1.0,7,,0.0,2.0,1.0,A01,138Â 288Â 184,1.0
968277,201900009808,3,25,12:40,1,1,1,1.0,1.0,24577,lieu dit la fournerie,M,"44,8455000","1,1748500",24,2019,80.0,1.0,1.0,3.0,2164338,2.0,2,3,1,0.0,,0.0,0,1961.0,A01,138Â 288Â 184,1.0,-1.0,-1.0,1652496,2.0,7,,0.0,0.0,1.0,B01,138Â 288Â 183,1.0
968277,201900009808,3,25,12:40,1,1,1,1.0,1.0,24577,lieu dit la fournerie,M,"44,8455000","1,1748500",24,2019,80.0,1.0,1.0,3.0,2164338,2.0,2,3,1,0.0,,0.0,0,1961.0,A01,138Â 288Â 184,1.0,-1.0,-1.0,1652497,1.0,7,,0.0,2.0,1.0,A01,138Â 288Â 184,1.0
968278,201900009809,3,25,17:25,1,1,2,1.0,3.0,24286,les places,M,"45,2655300","0,4910390",24,2019,-1.0,1.0,1.0,4.0,2164339,1.0,1,1,1,1.0,,0.0,0,1985.0,B01,138Â 288Â 181,1.0,-1.0,-1.0,1652498,3.0,7,,0.0,9.0,3.0,B01,138Â 288Â 181,6.0
968278,201900009809,3,25,17:25,1,1,2,1.0,3.0,24286,les places,M,"45,2655300","0,4910390",24,2019,-1.0,1.0,1.0,4.0,2164339,1.0,1,1,1,1.0,,0.0,0,1985.0,B01,138Â 288Â 181,1.0,-1.0,-1.0,1652499,3.0,1,,0.0,2.0,1.0,A01,138Â 288Â 182,5.0
968278,201900009809,3,25,17:25,1,1,2,1.0,3.0,24286,les places,M,"45,2655300","0,4910390",24,2019,-1.0,1.0,1.0,4.0,2164340,1.0,1,3,1,3.0,,0.0,0,1988.0,A01,138Â 288Â 182,0.0,-1.0,-1.0,1652498,3.0,7,,0.0,9.0,3.0,B01,138Â 288Â 181,6.0
968278,201900009809,3,25,17:25,1,1,2,1.0,3.0,24286,les places,M,"45,2655300","0,4910390",24,2019,-1.0,1.0,1.0,4.0,2164340,1.0,1,3,1,3.0,,0.0,0,1988.0,A01,138Â 288Â 182,0.0,-1.0,-1.0,1652499,3.0,1,,0.0,2.0,1.0,A01,138Â 288Â 182,5.0
968279,201900009810,3,24,13:10,1,1,1,1.0,6.0,04204,D4085 - Le moulin,M,"43,9154110","6,4090260",4,2019,50.0,1.0,1.0,3.0,2164341,1.0,1,4,1,5.0,,0.0,0,1987.0,A01,138Â 288Â 179,2.0,6.0,-1.0,1652500,1.0,33,,6.0,0.0,7.0,A01,138Â 288Â 179,1.0
968279,201900009810,3,24,13:10,1,1,1,1.0,6.0,04204,D4085 - Le moulin,M,"43,9154110","6,4090260",4,2019,50.0,1.0,1.0,3.0,2164342,2.0,2,4,1,5.0,,0.0,0,2002.0,A01,138Â 288Â 179,2.0,6.0,-1.0,1652500,1.0,33,,6.0,0.0,7.0,A01,138Â 288Â 179,1.0
968280,201900009811,3,24,14:00,1,1,9,1.0,1.0,85018,Le Brin,M,"46,9025200"," -2,0586800",85,2019,80.0,1.0,1.0,3.0,2164343,1.0,1,3,1,5.0,,0.0,0,1999.0,A01,138Â 288Â 177,2.0,-1.0,-1.0,1652501,1.0,33,,0.0,2.0,1.0,A01,138Â 288Â 177,1.0
968280,201900009811,3,24,14:00,1,1,9,1.0,1.0,85018,Le Brin,M,"46,9025200"," -2,0586800",85,2019,80.0,1.0,1.0,3.0,2164343,1.0,1,3,1,5.0,,0.0,0,1999.0,A01,138Â 288Â 177,2.0,-1.0,-1.0,1652502,2.0,7,,0.0,2.0,1.0,B01,138Â 288Â 178,1.0
968280,201900009811,3,24,14:00,1,1,9,1.0,1.0,85018,Le Brin,M,"46,9025200"," -2,0586800",85,2019,80.0,1.0,1.0,3.0,2164344,1.0,1,1,1,5.0,,0.0,0,1985.0,B01,138Â 288Â 178,1.0,-1.0,-1.0,1652501,1.0,33,,0.0,2.0,1.0,A01,138Â 288Â 177,1.0
968280,201900009811,3,24,14:00,1,1,9,1.0,1.0,85018,Le Brin,M,"46,9025200"," -2,0586800",85,2019,80.0,1.0,1.0,3.0,2164344,1.0,1,1,1,5.0,,0.0,0,1985.0,B01,138Â 288Â 178,1.0,-1.0,-1.0,1652502,2.0,7,,0.0,2.0,1.0,B01,138Â 288Â 178,1.0
968280,201900009811,3,24,14:00,1,1,9,1.0,1.0,85018,Le Brin,M,"46,9025200"," -2,0586800",85,2019,80.0,1.0,1.0,3.0,2164345,7.0,2,1,1,5.0,,0.0,0,2014.0,B01,138Â 288Â 178,1.0,-1.0,-1.0,1652501,1.0,33,,0.0,2.0,1.0,A01,138Â 288Â 177,1.0
968280,201900009811,3,24,14:00,1,1,9,1.0,1.0,85018,Le Brin,M,"46,9025200"," -2,0586800",85,2019,80.0,1.0,1.0,3.0,2164345,7.0,2,1,1,5.0,,0.0,0,2014.0,B01,138Â 288Â 178,1.0,-1.0,-1.0,1652502,2.0,7,,0.0,2.0,1.0,B01,138Â 288Â 178,1.0
968280,201900009811,3,24,14:00,1,1,9,1.0,1.0,85018,Le Brin,M,"46,9025200"," -2,0586800",85,2019,80.0,1.0,1.0,3.0,2164346,9.0,2,1,1,5.0,,0.0,0,2014.0,B01,138Â 288Â 178,1.0,-1.0,-1.0,1652501,1.0,33,,0.0,2.0,1.0,A01,138Â 288Â 177,1.0
968280,201900009811,3,24,14:00,1,1,9,1.0,1.0,85018,Le Brin,M,"46,9025200"," -2,0586800",85,2019,80.0,1.0,1.0,3.0,2164346,9.0,2,1,1,5.0,,0.0,0,2014.0,B01,138Â 288Â 178,1.0,-1.0,-1.0,1652502,2.0,7,,0.0,2.0,1.0,B01,138Â 288Â 178,1.0
968280,201900009811,3,24,14:00,1,1,9,1.0,1.0,85018,Le Brin,M,"46,9025200"," -2,0586800",85,2019,80.0,1.0,1.0,3.0,2164347,2.0,2,1,2,5.0,,0.0,0,1983.0,B01,138Â 288Â 178,1.0,-1.0,-1.0,1652501,1.0,33,,0.0,2.0,1.0,A01,138Â 288Â 177,1.0
968280,201900009811,3,24,14:00,1,1,9,1.0,1.0,85018,Le Brin,M,"46,9025200"," -2,0586800",85,2019,80.0,1.0,1.0,3.0,2164347,2.0,2,1,2,5.0,,0.0,0,1983.0,B01,138Â 288Â 178,1.0,-1.0,-1.0,1652502,2.0,7,,0.0,2.0,1.0,B01,138Â 288Â 178,1.0
968281,201900009812,3,21,15:05,1,2,1,1.0,6.0,85114,Parking SUPERU,M,"46,4228400"," -1,5744500",85,2019,-1.0,1.0,1.0,6.0,2164348,10.0,3,3,2,3.0,,3.0,3,1932.0,A01,138Â 288Â 176,0.0,-1.0,-1.0,1652503,0.0,7,,0.0,1.0,1.0,A01,138Â 288Â 176,0.0
968282,201900009813,3,22,21:40,3,2,1,1.0,6.0,85086,44 Rue de l'AmbruziÃ¨re,M,"46,8830300"," -1,7131000",85,2019,50.0,3.0,1.0,4.0,2164349,2.0,2,4,1,5.0,,0.0,0,1985.0,A01,138Â 288Â 175,8.0,-1.0,-1.0,1652504,1.0,10,,10.0,0.0,1.0,A01,138Â 288Â 175,1.0
968282,201900009813,3,22,21:40,3,2,1,1.0,6.0,85086,44 Rue de l'AmbruziÃ¨re,M,"46,8830300"," -1,7131000",85,2019,50.0,3.0,1.0,4.0,2164350,1.0,1,3,1,5.0,,0.0,0,1972.0,A01,138Â 288Â 175,0.0,-1.0,-1.0,1652504,1.0,10,,10.0,0.0,1.0,A01,138Â 288Â 175,1.0
968282,201900009813,3,22,21:40,3,2,1,1.0,6.0,85086,44 Rue de l'AmbruziÃ¨re,M,"46,8830300"," -1,7131000",85,2019,50.0,3.0,1.0,4.0,2164351,6.0,2,1,1,5.0,,0.0,0,1985.0,A01,138Â 288Â 175,8.0,-1.0,-1.0,1652504,1.0,10,,10.0,0.0,1.0,A01,138Â 288Â 175,1.0
968283,201900009814,3,23,10:00,1,1,1,1.0,7.0,27265,D55,M,"48,7918040","0,8376450",27,2019,80.0,3.0,1.0,3.0,2164352,1.0,1,4,1,9.0,,0.0,0,1998.0,A01,138Â 288Â 174,8.0,-1.0,-1.0,1652505,1.0,7,,0.0,0.0,0.0,A01,138Â 288Â 174,1.0
968284,201900009815,3,22,05:30,5,2,1,5.0,6.0,28105,1 Rue Firmin Gillot,M,"48,3240850","1,0638470",28,2019,50.0,1.0,1.0,3.0,2164353,1.0,1,3,1,1.0,,0.0,0,1958.0,A01,138Â 288Â 173,0.0,-1.0,-1.0,1652506,2.0,7,,6.0,0.0,1.0,A01,138Â 288Â 173,2.0
968285,201900009816,3,24,14:30,1,1,1,1.0,1.0,28057,Route Nationale,M,"48,2521190","1,4115110",28,2019,70.0,1.0,1.0,2.0,2164354,2.0,2,1,1,5.0,,0.0,0,1991.0,B01,138Â 288Â 171,1.0,-1.0,-1.0,1652507,2.0,7,,0.0,0.0,3.0,B01,138Â 288Â 171,1.0
968285,201900009816,3,24,14:30,1,1,1,1.0,1.0,28057,Route Nationale,M,"48,2521190","1,4115110",28,2019,70.0,1.0,1.0,2.0,2164354,2.0,2,1,1,5.0,,0.0,0,1991.0,B01,138Â 288Â 171,1.0,-1.0,-1.0,1652508,1.0,7,,0.0,2.0,3.0,A01,138Â 288Â 172,1.0
968285,201900009816,3,24,14:30,1,1,1,1.0,1.0,28057,Route Nationale,M,"48,2521190","1,4115110",28,2019,70.0,1.0,1.0,2.0,2164355,8.0,2,4,2,5.0,,0.0,0,1969.0,B01,138Â 288Â 171,1.0,-1.0,-1.0,1652507,2.0,7,,0.0,0.0,3.0,B01,138Â 288Â 171,1.0
968285,201900009816,3,24,14:30,1,1,1,1.0,1.0,28057,Route Nationale,M,"48,2521190","1,4115110",28,2019,70.0,1.0,1.0,2.0,2164355,8.0,2,4,2,5.0,,0.0,0,1969.0,B01,138Â 288Â 171,1.0,-1.0,-1.0,1652508,1.0,7,,0.0,2.0,3.0,A01,138Â 288Â 172,1.0
968285,201900009816,3,24,14:30,1,1,1,1.0,1.0,28057,Route Nationale,M,"48,2521190","1,4115110",28,2019,70.0,1.0,1.0,2.0,2164356,9.0,2,1,2,5.0,,0.0,0,1970.0,B01,138Â 288Â 171,1.0,-1.0,-1.0,1652507,2.0,7,,0.0,0.0,3.0,B01,138Â 288Â 171,1.0
968285,201900009816,3,24,14:30,1,1,1,1.0,1.0,28057,Route Nationale,M,"48,2521190","1,4115110",28,2019,70.0,1.0,1.0,2.0,2164356,9.0,2,1,2,5.0,,0.0,0,1970.0,B01,138Â 288Â 171,1.0,-1.0,-1.0,1652508,1.0,7,,0.0,2.0,3.0,A01,138Â 288Â 172,1.0
968285,201900009816,3,24,14:30,1,1,1,1.0,1.0,28057,Route Nationale,M,"48,2521190","1,4115110",28,2019,70.0,1.0,1.0,2.0,2164357,1.0,1,1,1,5.0,,0.0,0,1945.0,B01,138Â 288Â 171,1.0,-1.0,-1.0,1652507,2.0,7,,0.0,0.0,3.0,B01,138Â 288Â 171,1.0
968285,201900009816,3,24,14:30,1,1,1,1.0,1.0,28057,Route Nationale,M,"48,2521190","1,4115110",28,2019,70.0,1.0,1.0,2.0,2164357,1.0,1,1,1,5.0,,0.0,0,1945.0,B01,138Â 288Â 171,1.0,-1.0,-1.0,1652508,1.0,7,,0.0,2.0,3.0,A01,138Â 288Â 172,1.0
968285,201900009816,3,24,14:30,1,1,1,1.0,1.0,28057,Route Nationale,M,"48,2521190","1,4115110",28,2019,70.0,1.0,1.0,2.0,2164358,7.0,2,4,2,5.0,,0.0,0,1946.0,B01,138Â 288Â 171,1.0,-1.0,-1.0,1652507,2.0,7,,0.0,0.0,3.0,B01,138Â 288Â 171,1.0
968285,201900009816,3,24,14:30,1,1,1,1.0,1.0,28057,Route Nationale,M,"48,2521190","1,4115110",28,2019,70.0,1.0,1.0,2.0,2164358,7.0,2,4,2,5.0,,0.0,0,1946.0,B01,138Â 288Â 171,1.0,-1.0,-1.0,1652508,1.0,7,,0.0,2.0,3.0,A01,138Â 288Â 172,1.0
968285,201900009816,3,24,14:30,1,1,1,1.0,1.0,28057,Route Nationale,M,"48,2521190","1,4115110",28,2019,70.0,1.0,1.0,2.0,2164359,1.0,1,1,2,5.0,,0.0,0,1966.0,A01,138Â 288Â 172,1.0,-1.0,-1.0,1652507,2.0,7,,0.0,0.0,3.0,B01,138Â 288Â 171,1.0
968285,201900009816,3,24,14:30,1,1,1,1.0,1.0,28057,Route Nationale,M,"48,2521190","1,4115110",28,2019,70.0,1.0,1.0,2.0,2164359,1.0,1,1,2,5.0,,0.0,0,1966.0,A01,138Â 288Â 172,1.0,-1.0,-1.0,1652508,1.0,7,,0.0,2.0,3.0,A01,138Â 288Â 172,1.0
968285,201900009816,3,24,14:30,1,1,1,1.0,1.0,28057,Route Nationale,M,"48,2521190","1,4115110",28,2019,70.0,1.0,1.0,2.0,2164360,2.0,2,1,1,5.0,,0.0,0,2001.0,A01,138Â 288Â 172,1.0,-1.0,-1.0,1652507,2.0,7,,0.0,0.0,3.0,B01,138Â 288Â 171,1.0
968285,201900009816,3,24,14:30,1,1,1,1.0,1.0,28057,Route Nationale,M,"48,2521190","1,4115110",28,2019,70.0,1.0,1.0,2.0,2164360,2.0,2,1,1,5.0,,0.0,0,2001.0,A01,138Â 288Â 172,1.0,-1.0,-1.0,1652508,1.0,7,,0.0,2.0,3.0,A01,138Â 288Â 172,1.0
968285,201900009816,3,24,14:30,1,1,1,1.0,1.0,28057,Route Nationale,M,"48,2521190","1,4115110",28,2019,70.0,1.0,1.0,2.0,2164361,9.0,2,1,2,5.0,,0.0,0,1972.0,A01,138Â 288Â 172,1.0,-1.0,-1.0,1652507,2.0,7,,0.0,0.0,3.0,B01,138Â 288Â 171,1.0
968285,201900009816,3,24,14:30,1,1,1,1.0,1.0,28057,Route Nationale,M,"48,2521190","1,4115110",28,2019,70.0,1.0,1.0,2.0,2164361,9.0,2,1,2,5.0,,0.0,0,1972.0,A01,138Â 288Â 172,1.0,-1.0,-1.0,1652508,1.0,7,,0.0,2.0,3.0,A01,138Â 288Â 172,1.0
968286,201900009817,3,23,19:40,3,1,1,1.0,7.0,28367,Rue Charles PÃ©guy,M,"48,1376640","1,9037490",28,2019,90.0,3.0,3.0,3.0,2164362,1.0,1,3,1,5.0,,0.0,0,1994.0,A01,138Â 288Â 170,2.0,6.0,9.0,1652509,1.0,33,,16.0,0.0,0.0,A01,138Â 288Â 170,1.0