Unnamed: 0_x,num_acc,mois,jour,hrmn,lum,agg,int,atm,col,com,adr,gps,lat,long,dep,annee,vma,situ,surf,catr,Unnamed: 0_y,place,catu,grav,sexe,trajet,secu,locp,actp,an_nais,num_veh_x,id_vehicule_x,secu1,secu2,secu3,Unnamed: 0,senc,catv,occutc,obs,obsm,choc,num_veh_y,id_vehicule_y,motor
968287,201900009818,3,21,19:15,5,1,1,1.0,6.0,28386,"Fontaine de Moulu, FON DE MOULU",M,"48,5696570","1,2936470",28,2019,80.0,8.0,1.0,3.0,2164363,1.0,1,4,1,5.0,,0.0,0,1980.0,A01,138Â 288Â 169,1.0,-1.0,-1.0,1652510,2.0,7,,6.0,0.0,1.0,A01,138Â 288Â 169,1.0
968287,201900009818,3,21,19:15,5,1,1,1.0,6.0,28386,"Fontaine de Moulu, FON DE MOULU",M,"48,5696570","1,2936470",28,2019,80.0,8.0,1.0,3.0,2164364,2.0,2,3,1,5.0,,0.0,0,1997.0,A01,138Â 288Â 169,1.0,-1.0,-1.0,1652510,2.0,7,,6.0,0.0,1.0,A01,138Â 288Â 169,1.0
968288,201900009819,3,25,18:30,1,2,1,1.0,6.0,17147,Rue des Hortensias,M,"45,8437700"," -0,5001450",17,2019,50.0,1.0,1.0,4.0,2164365,1.0,1,3,1,5.0,,0.0,0,1975.0,A01,138Â 288Â 168,0.0,-1.0,-1.0,1652511,3.0,33,,6.0,0.0,1.0,A01,138Â 288Â 168,1.0
968289,201900009820,3,26,17:20,1,1,1,1.0,1.0,17256,CD 129,M,"45,8586260"," -0,4619560",17,2019,80.0,1.0,1.0,3.0,2164366,1.0,1,2,1,5.0,,0.0,0,1936.0,B01,138Â 288Â 166,2.0,-1.0,-1.0,1652512,1.0,1,,0.0,2.0,1.0,B01,138Â 288Â 166,5.0
968289,201900009820,3,26,17:20,1,1,1,1.0,1.0,17256,CD 129,M,"45,8586260"," -0,4619560",17,2019,80.0,1.0,1.0,3.0,2164366,1.0,1,2,1,5.0,,0.0,0,1936.0,B01,138Â 288Â 166,2.0,-1.0,-1.0,1652513,2.0,10,,0.0,2.0,1.0,A01,138Â 288Â 167,1.0
968289,201900009820,3,26,17:20,1,1,1,1.0,1.0,17256,CD 129,M,"45,8586260"," -0,4619560",17,2019,80.0,1.0,1.0,3.0,2164367,1.0,1,1,1,1.0,,0.0,0,1988.0,A01,138Â 288Â 167,1.0,-1.0,-1.0,1652512,1.0,1,,0.0,2.0,1.0,B01,138Â 288Â 166,5.0
968289,201900009820,3,26,17:20,1,1,1,1.0,1.0,17256,CD 129,M,"45,8586260"," -0,4619560",17,2019,80.0,1.0,1.0,3.0,2164367,1.0,1,1,1,1.0,,0.0,0,1988.0,A01,138Â 288Â 167,1.0,-1.0,-1.0,1652513,2.0,10,,0.0,2.0,1.0,A01,138Â 288Â 167,1.0
968290,201900009821,3,25,15:15,1,1,1,1.0,7.0,87063,Le  Maupa,M,"45,7672390","1,4055020",87,2019,80.0,3.0,1.0,3.0,2164368,1.0,1,3,1,1.0,,0.0,0,1967.0,A01,138Â 288Â 165,2.0,-1.0,-1.0,1652514,1.0,33,,17.0,0.0,1.0,A01,138Â 288Â 165,1.0
968291,201900009822,3,22,19:50,5,2,1,1.0,7.0,37273,Rue Champmesle,M,"47,3906400","0,7687610",37,2019,50.0,3.0,1.0,4.0,2164369,1.0,1,4,2,5.0,,0.0,0,1999.0,A01,138Â 288Â 164,1.0,-1.0,-1.0,1652515,3.0,7,,0.0,0.0,1.0,A01,138Â 288Â 164,1.0
968291,201900009822,3,22,19:50,5,2,1,1.0,7.0,37273,Rue Champmesle,M,"47,3906400","0,7687610",37,2019,50.0,3.0,1.0,4.0,2164370,7.0,2,3,2,5.0,,0.0,0,2001.0,A01,138Â 288Â 164,1.0,-1.0,-1.0,1652515,3.0,7,,0.0,0.0,1.0,A01,138Â 288Â 164,1.0
968291,201900009822,3,22,19:50,5,2,1,1.0,7.0,37273,Rue Champmesle,M,"47,3906400","0,7687610",37,2019,50.0,3.0,1.0,4.0,2164371,9.0,2,4,2,5.0,,0.0,0,2002.0,A01,138Â 288Â 164,1.0,-1.0,-1.0,1652515,3.0,7,,0.0,0.0,1.0,A01,138Â 288Â 164,1.0
968291,201900009822,3,22,19:50,5,2,1,1.0,7.0,37273,Rue Champmesle,M,"47,3906400","0,7687610",37,2019,50.0,3.0,1.0,4.0,2164372,2.0,2,4,2,5.0,,0.0,0,2001.0,A01,138Â 288Â 164,1.0,-1.0,-1.0,1652515,3.0,7,,0.0,0.0,1.0,A01,138Â 288Â 164,1.0
968292,201900009823,3,23,06:15,3,1,1,1.0,6.0,37167,La Ferriere,M,"47,5358100","0,5108870",37,2019,80.0,3.0,1.0,3.0,2164373,1.0,1,2,1,5.0,,0.0,0,1999.0,A01,138Â 288Â 163,1.0,-1.0,-1.0,1652516,2.0,7,,2.0,0.0,1.0,A01,138Â 288Â 163,1.0
968293,201900009824,3,22,22:35,3,1,1,1.0,7.0,30223,RD 904,M,"44,2063440","4,1417210",30,2019,80.0,4.0,1.0,3.0,2164374,1.0,1,3,1,5.0,,0.0,0,1956.0,A01,138Â 288Â 162,0.0,-1.0,-1.0,1652517,2.0,33,,12.0,0.0,1.0,A01,138Â 288Â 162,1.0
968294,201900009825,3,22,17:00,1,2,1,1.0,6.0,48140,100 Rue ThÃ©ophile Roussel,M,"44,8023690","3,2756960",48,2019,30.0,1.0,1.0,9.0,2164375,1.0,1,1,2,5.0,,0.0,0,1978.0,A01,138Â 288Â 161,1.0,-1.0,-1.0,1652518,3.0,7,,0.0,1.0,2.0,A01,138Â 288Â 161,1.0
968294,201900009825,3,22,17:00,1,2,1,1.0,6.0,48140,100 Rue ThÃ©ophile Roussel,M,"44,8023690","3,2756960",48,2019,30.0,1.0,1.0,9.0,2164376,10.0,3,4,1,5.0,,2.0,3,1967.0,A01,138Â 288Â 161,8.0,-1.0,-1.0,1652518,3.0,7,,0.0,1.0,2.0,A01,138Â 288Â 161,1.0
968295,201900009826,3,25,14:20,1,1,1,2.0,7.0,08168,Route dÃ©partementale 52,M,"49,5796480","5,2350200",8,2019,80.0,1.0,2.0,3.0,2164377,1.0,1,2,1,5.0,,0.0,0,2000.0,A01,138Â 288Â 160,0.0,-1.0,-1.0,1652519,1.0,7,,17.0,0.0,1.0,A01,138Â 288Â 160,1.0
968296,201900009827,3,26,08:20,1,1,1,1.0,6.0,10159,Autoroute A5,M,"48,1721740","4,3557470",10,2019,130.0,1.0,1.0,1.0,2164378,1.0,1,1,1,4.0,,0.0,0,1985.0,B01,138Â 288Â 158,1.0,-1.0,-1.0,1652520,2.0,17,,0.0,0.0,6.0,B01,138Â 288Â 158,1.0
968296,201900009827,3,26,08:20,1,1,1,1.0,6.0,10159,Autoroute A5,M,"48,1721740","4,3557470",10,2019,130.0,1.0,1.0,1.0,2164378,1.0,1,1,1,4.0,,0.0,0,1985.0,B01,138Â 288Â 158,1.0,-1.0,-1.0,1652521,2.0,13,,3.0,2.0,1.0,A01,138Â 288Â 159,1.0
968296,201900009827,3,26,08:20,1,1,1,1.0,6.0,10159,Autoroute A5,M,"48,1721740","4,3557470",10,2019,130.0,1.0,1.0,1.0,2164379,1.0,1,4,1,4.0,,0.0,0,1988.0,A01,138Â 288Â 159,8.0,-1.0,-1.0,1652520,2.0,17,,0.0,0.0,6.0,B01,138Â 288Â 158,1.0
968296,201900009827,3,26,08:20,1,1,1,1.0,6.0,10159,Autoroute A5,M,"48,1721740","4,3557470",10,2019,130.0,1.0,1.0,1.0,2164379,1.0,1,4,1,4.0,,0.0,0,1988.0,A01,138Â 288Â 159,8.0,-1.0,-1.0,1652521,2.0,13,,3.0,2.0,1.0,A01,138Â 288Â 159,1.0
968297,201900009828,3,22,14:00,1,1,1,1.0,6.0,10426,A5,M,"48,1203000","4,7888840",10,2019,130.0,1.0,1.0,1.0,2164380,1.0,1,1,1,4.0,,0.0,0,1964.0,B01,138Â 288Â 156,1.0,-1.0,-1.0,1652522,1.0,14,,0.0,2.0,2.0,B01,138Â 288Â 156,1.0
968297,201900009828,3,22,14:00,1,1,1,1.0,6.0,10426,A5,M,"48,1203000","4,7888840",10,2019,130.0,1.0,1.0,1.0,2164380,1.0,1,1,1,4.0,,0.0,0,1964.0,B01,138Â 288Â 156,1.0,-1.0,-1.0,1652523,1.0,7,,4.0,2.0,1.0,A01,138Â 288Â 157,1.0
968297,201900009828,3,22,14:00,1,1,1,1.0,6.0,10426,A5,M,"48,1203000","4,7888840",10,2019,130.0,1.0,1.0,1.0,2164381,1.0,1,3,2,0.0,,0.0,0,1961.0,A01,138Â 288Â 157,1.0,-1.0,-1.0,1652522,1.0,14,,0.0,2.0,2.0,B01,138Â 288Â 156,1.0
968297,201900009828,3,22,14:00,1,1,1,1.0,6.0,10426,A5,M,"48,1203000","4,7888840",10,2019,130.0,1.0,1.0,1.0,2164381,1.0,1,3,2,0.0,,0.0,0,1961.0,A01,138Â 288Â 157,1.0,-1.0,-1.0,1652523,1.0,7,,4.0,2.0,1.0,A01,138Â 288Â 157,1.0
968298,201900009829,3,23,10:30,1,1,1,1.0,6.0,31358,Autoroute A68,M,"43,7349750","1,5816280",31,2019,130.0,1.0,1.0,1.0,2164382,1.0,1,2,1,5.0,,0.0,0,1965.0,A01,138Â 288Â 155,2.0,6.0,9.0,1652524,1.0,33,,3.0,0.0,2.0,A01,138Â 288Â 155,1.0
968299,201900009830,3,21,07:00,1,1,1,1.0,2.0,67156,Autoroute A35 PK247+300,M,"48,6740788","7,7526367",67,2019,130.0,1.0,1.0,1.0,2164383,1.0,1,4,1,1.0,,0.0,0,1979.0,B01,138Â 288Â 153,1.0,-1.0,-1.0,1652525,1.0,7,,0.0,0.0,4.0,B01,138Â 288Â 153,1.0
968299,201900009830,3,21,07:00,1,1,1,1.0,2.0,67156,Autoroute A35 PK247+300,M,"48,6740788","7,7526367",67,2019,130.0,1.0,1.0,1.0,2164383,1.0,1,4,1,1.0,,0.0,0,1979.0,B01,138Â 288Â 153,1.0,-1.0,-1.0,1652526,1.0,7,,0.0,2.0,1.0,A01,138Â 288Â 154,1.0
968299,201900009830,3,21,07:00,1,1,1,1.0,2.0,67156,Autoroute A35 PK247+300,M,"48,6740788","7,7526367",67,2019,130.0,1.0,1.0,1.0,2164384,2.0,2,4,1,1.0,,0.0,0,1986.0,B01,138Â 288Â 153,1.0,-1.0,-1.0,1652525,1.0,7,,0.0,0.0,4.0,B01,138Â 288Â 153,1.0
968299,201900009830,3,21,07:00,1,1,1,1.0,2.0,67156,Autoroute A35 PK247+300,M,"48,6740788","7,7526367",67,2019,130.0,1.0,1.0,1.0,2164384,2.0,2,4,1,1.0,,0.0,0,1986.0,B01,138Â 288Â 153,1.0,-1.0,-1.0,1652526,1.0,7,,0.0,2.0,1.0,A01,138Â 288Â 154,1.0
968299,201900009830,3,21,07:00,1,1,1,1.0,2.0,67156,Autoroute A35 PK247+300,M,"48,6740788","7,7526367",67,2019,130.0,1.0,1.0,1.0,2164385,1.0,1,1,1,1.0,,0.0,0,1960.0,A01,138Â 288Â 154,1.0,-1.0,-1.0,1652525,1.0,7,,0.0,0.0,4.0,B01,138Â 288Â 153,1.0
968299,201900009830,3,21,07:00,1,1,1,1.0,2.0,67156,Autoroute A35 PK247+300,M,"48,6740788","7,7526367",67,2019,130.0,1.0,1.0,1.0,2164385,1.0,1,1,1,1.0,,0.0,0,1960.0,A01,138Â 288Â 154,1.0,-1.0,-1.0,1652526,1.0,7,,0.0,2.0,1.0,A01,138Â 288Â 154,1.0
968300,201900009831,3,21,21:30,3,1,9,1.0,6.0,38095,Autoroute A 49,M,"45,1430510","5,2828140",38,2019,130.0,1.0,1.0,1.0,2164386,1.0,1,4,2,5.0,,0.0,0,1971.0,A01,138Â 288Â 152,1.0,-1.0,-1.0,1652527,1.0,7,,0.0,0.0,3.0,A01,138Â 288Â 152,1.0
968301,201900009832,3,24,07:00,2,1,1,1.0,6.0,67506,D226,M,"48,6645300","7,7456380",67,2019,80.0,3.0,1.0,3.0,2164387,1.0,1,2,1,5.0,,0.0,0,1994.0,A01,138Â 288Â 151,8.0,-1.0,-1.0,1652528,0.0,7,,2.0,0.0,7.0,A01,138Â 288Â 151,1.0
968302,201900009833,3,20,01:20,3,1,1,1.0,2.0,18141,A71 PK 197.800,M,"47,1109960","2,2034050",18,2019,130.0,1.0,1.0,1.0,2164388,1.0,1,1,1,5.0,,0.0,0,1984.0,B01,138Â 288Â 149,1.0,-1.0,-1.0,1652529,1.0,37,1.0,0.0,2.0,5.0,B01,138Â 288Â 149,1.0
968302,201900009833,3,20,01:20,3,1,1,1.0,2.0,18141,A71 PK 197.800,M,"47,1109960","2,2034050",18,2019,130.0,1.0,1.0,1.0,2164388,1.0,1,1,1,5.0,,0.0,0,1984.0,B01,138Â 288Â 149,1.0,-1.0,-1.0,1652530,1.0,7,,7.0,2.0,1.0,A01,138Â 288Â 150,1.0
968302,201900009833,3,20,01:20,3,1,1,1.0,2.0,18141,A71 PK 197.800,M,"47,1109960","2,2034050",18,2019,130.0,1.0,1.0,1.0,2164389,1.0,1,4,1,5.0,,0.0,0,1978.0,A01,138Â 288Â 150,1.0,-1.0,-1.0,1652529,1.0,37,1.0,0.0,2.0,5.0,B01,138Â 288Â 149,1.0
968302,201900009833,3,20,01:20,3,1,1,1.0,2.0,18141,A71 PK 197.800,M,"47,1109960","2,2034050",18,2019,130.0,1.0,1.0,1.0,2164389,1.0,1,4,1,5.0,,0.0,0,1978.0,A01,138Â 288Â 150,1.0,-1.0,-1.0,1652530,1.0,7,,7.0,2.0,1.0,A01,138Â 288Â 150,1.0
968303,201900009834,3,24,15:45,1,2,1,1.0,2.0,69244,Route de Paris,M,"45,7655200","4,7668600",69,2019,50.0,1.0,1.0,3.0,2164390,1.0,1,4,1,5.0,,0.0,0,1964.0,A01,138Â 288Â 147,2.0,-1.0,-1.0,1652531,3.0,33,,0.0,0.0,4.0,A01,138Â 288Â 147,1.0
968303,201900009834,3,24,15:45,1,2,1,1.0,2.0,69244,Route de Paris,M,"45,7655200","4,7668600",69,2019,50.0,1.0,1.0,3.0,2164390,1.0,1,4,1,5.0,,0.0,0,1964.0,A01,138Â 288Â 147,2.0,-1.0,-1.0,1652532,3.0,10,,0.0,0.0,2.0,B01,138Â 288Â 148,1.0
968303,201900009834,3,24,15:45,1,2,1,1.0,2.0,69244,Route de Paris,M,"45,7655200","4,7668600",69,2019,50.0,1.0,1.0,3.0,2164391,1.0,1,1,1,4.0,,0.0,0,1983.0,B01,138Â 288Â 148,1.0,-1.0,-1.0,1652531,3.0,33,,0.0,0.0,4.0,A01,138Â 288Â 147,1.0
968303,201900009834,3,24,15:45,1,2,1,1.0,2.0,69244,Route de Paris,M,"45,7655200","4,7668600",69,2019,50.0,1.0,1.0,3.0,2164391,1.0,1,1,1,4.0,,0.0,0,1983.0,B01,138Â 288Â 148,1.0,-1.0,-1.0,1652532,3.0,10,,0.0,0.0,2.0,B01,138Â 288Â 148,1.0
968304,201900009835,3,21,18:35,2,1,9,1.0,3.0,91649,RD 31,M,"48,5539010","2,3444070",91,2019,80.0,1.0,1.0,3.0,2164392,1.0,1,3,2,1.0,,0.0,0,1964.0,A01,138Â 288Â 145,1.0,-1.0,-1.0,1652533,2.0,7,,0.0,2.0,2.0,A01,138Â 288Â 145,1.0
968304,201900009835,3,21,18:35,2,1,9,1.0,3.0,91649,RD 31,M,"48,5539010","2,3444070",91,2019,80.0,1.0,1.0,3.0,2164392,1.0,1,3,2,1.0,,0.0,0,1964.0,A01,138Â 288Â 145,1.0,-1.0,-1.0,1652534,1.0,7,,0.0,2.0,3.0,B01,138Â 288Â 146,1.0
968304,201900009835,3,21,18:35,2,1,9,1.0,3.0,91649,RD 31,M,"48,5539010","2,3444070",91,2019,80.0,1.0,1.0,3.0,2164393,1.0,1,4,2,1.0,,0.0,0,1962.0,B01,138Â 288Â 146,1.0,-1.0,-1.0,1652533,2.0,7,,0.0,2.0,2.0,A01,138Â 288Â 145,1.0
968304,201900009835,3,21,18:35,2,1,9,1.0,3.0,91649,RD 31,M,"48,5539010","2,3444070",91,2019,80.0,1.0,1.0,3.0,2164393,1.0,1,4,2,1.0,,0.0,0,1962.0,B01,138Â 288Â 146,1.0,-1.0,-1.0,1652534,1.0,7,,0.0,2.0,3.0,B01,138Â 288Â 146,1.0
968305,201900009836,3,21,10:50,1,1,1,1.0,2.0,33284,Autoroute A 63,M,"44,6491000"," -0,8365600",33,2019,130.0,1.0,1.0,1.0,2164394,2.0,2,4,2,5.0,,0.0,0,1952.0,B01,138Â 288Â 143,1.0,-1.0,-1.0,1652535,1.0,10,,0.0,2.0,6.0,B01,138Â 288Â 143,1.0
968305,201900009836,3,21,10:50,1,1,1,1.0,2.0,33284,Autoroute A 63,M,"44,6491000"," -0,8365600",33,2019,130.0,1.0,1.0,1.0,2164394,2.0,2,4,2,5.0,,0.0,0,1952.0,B01,138Â 288Â 143,1.0,-1.0,-1.0,1652536,1.0,10,,0.0,2.0,2.0,A01,138Â 288Â 144,1.0
968305,201900009836,3,21,10:50,1,1,1,1.0,2.0,33284,Autoroute A 63,M,"44,6491000"," -0,8365600",33,2019,130.0,1.0,1.0,1.0,2164395,1.0,1,1,1,5.0,,0.0,0,1950.0,B01,138Â 288Â 143,1.0,-1.0,-1.0,1652535,1.0,10,,0.0,2.0,6.0,B01,138Â 288Â 143,1.0
968305,201900009836,3,21,10:50,1,1,1,1.0,2.0,33284,Autoroute A 63,M,"44,6491000"," -0,8365600",33,2019,130.0,1.0,1.0,1.0,2164395,1.0,1,1,1,5.0,,0.0,0,1950.0,B01,138Â 288Â 143,1.0,-1.0,-1.0,1652536,1.0,10,,0.0,2.0,2.0,A01,138Â 288Â 144,1.0
968305,201900009836,3,21,10:50,1,1,1,1.0,2.0,33284,Autoroute A 63,M,"44,6491000"," -0,8365600",33,2019,130.0,1.0,1.0,1.0,2164396,1.0,1,1,1,4.0,,0.0,0,1991.0,A01,138Â 288Â 144,1.0,-1.0,-1.0,1652535,1.0,10,,0.0,2.0,6.0,B01,138Â 288Â 143,1.0
968305,201900009836,3,21,10:50,1,1,1,1.0,2.0,33284,Autoroute A 63,M,"44,6491000"," -0,8365600",33,2019,130.0,1.0,1.0,1.0,2164396,1.0,1,1,1,4.0,,0.0,0,1991.0,A01,138Â 288Â 144,1.0,-1.0,-1.0,1652536,1.0,10,,0.0,2.0,2.0,A01,138Â 288Â 144,1.0
968306,201900009837,3,19,07:45,1,1,1,1.0,2.0,33284,AUTOROUTE A63   PR 021.500,M,"44,6588300"," -0,8268100",33,2019,130.0,1.0,1.0,1.0,2164397,1.0,1,1,1,1.0,,0.0,0,1964.0,A01,138Â 288Â 141,1.0,-1.0,-1.0,1652537,2.0,7,,0.0,2.0,1.0,A01,138Â 288Â 141,1.0
968306,201900009837,3,19,07:45,1,1,1,1.0,2.0,33284,AUTOROUTE A63   PR 021.500,M,"44,6588300"," -0,8268100",33,2019,130.0,1.0,1.0,1.0,2164397,1.0,1,1,1,1.0,,0.0,0,1964.0,A01,138Â 288Â 141,1.0,-1.0,-1.0,1652538,2.0,7,,0.0,2.0,4.0,B01,138Â 288Â 142,1.0
968306,201900009837,3,19,07:45,1,1,1,1.0,2.0,33284,AUTOROUTE A63   PR 021.500,M,"44,6588300"," -0,8268100",33,2019,130.0,1.0,1.0,1.0,2164398,1.0,1,4,2,1.0,,0.0,0,1987.0,B01,138Â 288Â 142,1.0,-1.0,-1.0,1652537,2.0,7,,0.0,2.0,1.0,A01,138Â 288Â 141,1.0
968306,201900009837,3,19,07:45,1,1,1,1.0,2.0,33284,AUTOROUTE A63   PR 021.500,M,"44,6588300"," -0,8268100",33,2019,130.0,1.0,1.0,1.0,2164398,1.0,1,4,2,1.0,,0.0,0,1987.0,B01,138Â 288Â 142,1.0,-1.0,-1.0,1652538,2.0,7,,0.0,2.0,4.0,B01,138Â 288Â 142,1.0
968307,201900009838,3,23,08:10,1,1,1,1.0,1.0,74081,Route Blanche,M,"46,0585290","6,5688790",74,2019,80.0,1.0,1.0,3.0,2164399,1.0,1,1,1,4.0,,0.0,0,1986.0,B01,138Â 288Â 139,1.0,-1.0,-1.0,1652539,2.0,15,,0.0,2.0,1.0,B01,138Â 288Â 139,1.0
968307,201900009838,3,23,08:10,1,1,1,1.0,1.0,74081,Route Blanche,M,"46,0585290","6,5688790",74,2019,80.0,1.0,1.0,3.0,2164399,1.0,1,1,1,4.0,,0.0,0,1986.0,B01,138Â 288Â 139,1.0,-1.0,-1.0,1652540,1.0,7,,0.0,2.0,1.0,A01,138Â 288Â 140,1.0
968307,201900009838,3,23,08:10,1,1,1,1.0,1.0,74081,Route Blanche,M,"46,0585290","6,5688790",74,2019,80.0,1.0,1.0,3.0,2164400,2.0,2,4,1,5.0,,0.0,0,2001.0,A01,138Â 288Â 140,1.0,-1.0,-1.0,1652539,2.0,15,,0.0,2.0,1.0,B01,138Â 288Â 139,1.0
968307,201900009838,3,23,08:10,1,1,1,1.0,1.0,74081,Route Blanche,M,"46,0585290","6,5688790",74,2019,80.0,1.0,1.0,3.0,2164400,2.0,2,4,1,5.0,,0.0,0,2001.0,A01,138Â 288Â 140,1.0,-1.0,-1.0,1652540,1.0,7,,0.0,2.0,1.0,A01,138Â 288Â 140,1.0
968307,201900009838,3,23,08:10,1,1,1,1.0,1.0,74081,Route Blanche,M,"46,0585290","6,5688790",74,2019,80.0,1.0,1.0,3.0,2164401,1.0,1,4,1,5.0,,0.0,0,1998.0,A01,138Â 288Â 140,1.0,-1.0,-1.0,1652539,2.0,15,,0.0,2.0,1.0,B01,138Â 288Â 139,1.0
968307,201900009838,3,23,08:10,1,1,1,1.0,1.0,74081,Route Blanche,M,"46,0585290","6,5688790",74,2019,80.0,1.0,1.0,3.0,2164401,1.0,1,4,1,5.0,,0.0,0,1998.0,A01,138Â 288Â 140,1.0,-1.0,-1.0,1652540,1.0,7,,0.0,2.0,1.0,A01,138Â 288Â 140,1.0
968308,201900009839,3,23,15:15,1,1,1,1.0,4.0,06085,A8 pk 167.100 Sud,M,"43,5858880","7,0295510",6,2019,110.0,1.0,1.0,1.0,2164402,1.0,1,1,1,5.0,,0.0,0,1963.0,C01,138Â 288Â 136,1.0,-1.0,-1.0,1652541,1.0,7,,0.0,0.0,4.0,C01,138Â 288Â 136,1.0
968308,201900009839,3,23,15:15,1,1,1,1.0,4.0,06085,A8 pk 167.100 Sud,M,"43,5858880","7,0295510",6,2019,110.0,1.0,1.0,1.0,2164402,1.0,1,1,1,5.0,,0.0,0,1963.0,C01,138Â 288Â 136,1.0,-1.0,-1.0,1652542,1.0,33,,0.0,2.0,1.0,B01,138Â 288Â 137,1.0
968308,201900009839,3,23,15:15,1,1,1,1.0,4.0,06085,A8 pk 167.100 Sud,M,"43,5858880","7,0295510",6,2019,110.0,1.0,1.0,1.0,2164402,1.0,1,1,1,5.0,,0.0,0,1963.0,C01,138Â 288Â 136,1.0,-1.0,-1.0,1652543,1.0,33,,0.0,2.0,1.0,A01,138Â 288Â 138,1.0
968308,201900009839,3,23,15:15,1,1,1,1.0,4.0,06085,A8 pk 167.100 Sud,M,"43,5858880","7,0295510",6,2019,110.0,1.0,1.0,1.0,2164403,1.0,1,4,1,5.0,,0.0,0,1983.0,B01,138Â 288Â 137,2.0,-1.0,-1.0,1652541,1.0,7,,0.0,0.0,4.0,C01,138Â 288Â 136,1.0
968308,201900009839,3,23,15:15,1,1,1,1.0,4.0,06085,A8 pk 167.100 Sud,M,"43,5858880","7,0295510",6,2019,110.0,1.0,1.0,1.0,2164403,1.0,1,4,1,5.0,,0.0,0,1983.0,B01,138Â 288Â 137,2.0,-1.0,-1.0,1652542,1.0,33,,0.0,2.0,1.0,B01,138Â 288Â 137,1.0
968308,201900009839,3,23,15:15,1,1,1,1.0,4.0,06085,A8 pk 167.100 Sud,M,"43,5858880","7,0295510",6,2019,110.0,1.0,1.0,1.0,2164403,1.0,1,4,1,5.0,,0.0,0,1983.0,B01,138Â 288Â 137,2.0,-1.0,-1.0,1652543,1.0,33,,0.0,2.0,1.0,A01,138Â 288Â 138,1.0
968308,201900009839,3,23,15:15,1,1,1,1.0,4.0,06085,A8 pk 167.100 Sud,M,"43,5858880","7,0295510",6,2019,110.0,1.0,1.0,1.0,2164404,2.0,2,3,2,5.0,,0.0,0,1993.0,B01,138Â 288Â 137,2.0,-1.0,-1.0,1652541,1.0,7,,0.0,0.0,4.0,C01,138Â 288Â 136,1.0
968308,201900009839,3,23,15:15,1,1,1,1.0,4.0,06085,A8 pk 167.100 Sud,M,"43,5858880","7,0295510",6,2019,110.0,1.0,1.0,1.0,2164404,2.0,2,3,2,5.0,,0.0,0,1993.0,B01,138Â 288Â 137,2.0,-1.0,-1.0,1652542,1.0,33,,0.0,2.0,1.0,B01,138Â 288Â 137,1.0
968308,201900009839,3,23,15:15,1,1,1,1.0,4.0,06085,A8 pk 167.100 Sud,M,"43,5858880","7,0295510",6,2019,110.0,1.0,1.0,1.0,2164404,2.0,2,3,2,5.0,,0.0,0,1993.0,B01,138Â 288Â 137,2.0,-1.0,-1.0,1652543,1.0,33,,0.0,2.0,1.0,A01,138Â 288Â 138,1.0
968308,201900009839,3,23,15:15,1,1,1,1.0,4.0,06085,A8 pk 167.100 Sud,M,"43,5858880","7,0295510",6,2019,110.0,1.0,1.0,1.0,2164405,1.0,1,3,1,5.0,,0.0,0,1958.0,A01,138Â 288Â 138,2.0,-1.0,-1.0,1652541,1.0,7,,0.0,0.0,4.0,C01,138Â 288Â 136,1.0
968308,201900009839,3,23,15:15,1,1,1,1.0,4.0,06085,A8 pk 167.100 Sud,M,"43,5858880","7,0295510",6,2019,110.0,1.0,1.0,1.0,2164405,1.0,1,3,1,5.0,,0.0,0,1958.0,A01,138Â 288Â 138,2.0,-1.0,-1.0,1652542,1.0,33,,0.0,2.0,1.0,B01,138Â 288Â 137,1.0
968308,201900009839,3,23,15:15,1,1,1,1.0,4.0,06085,A8 pk 167.100 Sud,M,"43,5858880","7,0295510",6,2019,110.0,1.0,1.0,1.0,2164405,1.0,1,3,1,5.0,,0.0,0,1958.0,A01,138Â 288Â 138,2.0,-1.0,-1.0,1652543,1.0,33,,0.0,2.0,1.0,A01,138Â 288Â 138,1.0
968309,201900009840,3,22,17:50,1,1,1,1.0,7.0,38052,D 211 entre irage 20 et 21,M,"45,0692150","6,0408220",38,2019,80.0,1.0,1.0,3.0,2164406,1.0,1,3,1,5.0,,0.0,0,1958.0,A01,138Â 288Â 135,2.0,4.0,9.0,1652544,2.0,1,,0.0,0.0,1.0,A01,138Â 288Â 135,5.0
968310,201900009841,3,18,06:45,2,1,1,1.0,7.0,64407,Autoroute A64,M,"43,4531647"," -1,3924377",64,2019,110.0,8.0,1.0,1.0,2164407,1.0,1,4,2,5.0,,0.0,0,2000.0,A01,138Â 288Â 134,1.0,-1.0,-1.0,1652545,1.0,7,,4.0,0.0,3.0,A01,138Â 288Â 134,1.0
968311,201900009842,3,23,14:10,1,2,1,1.0,6.0,68278,Rue du 20 Novembre,M,"47,7504170","7,4133810",68,2019,50.0,4.0,1.0,4.0,2164408,1.0,1,4,2,5.0,,0.0,0,1968.0,A01,138Â 288Â 133,2.0,6.0,-1.0,1652546,1.0,2,,6.0,0.0,2.0,A01,138Â 288Â 133,6.0