Unnamed: 0_x,num_acc,mois,jour,hrmn,lum,agg,int,atm,col,com,adr,gps,lat,long,dep,annee,vma,situ,surf,catr,Unnamed: 0_y,place,catu,grav,sexe,trajet,secu,locp,actp,an_nais,num_veh_x,id_vehicule_x,secu1,secu2,secu3,Unnamed: 0,senc,catv,occutc,obs,obsm,choc,num_veh_y,id_vehicule_y,motor
968312,201900009843,3,24,04:45,5,2,3,1.0,3.0,98725,PK 9.400 C/Mont,M," -17,5565100"," -149,4750400",987,2019,-1.0,1.0,1.0,2.0,2164409,1.0,1,3,1,5.0,,0.0,0,1957.0,B01,138Â 288Â 131,2.0,-1.0,-1.0,1652547,3.0,32,,0.0,2.0,8.0,B01,138Â 288Â 131,1.0
968312,201900009843,3,24,04:45,5,2,3,1.0,3.0,98725,PK 9.400 C/Mont,M," -17,5565100"," -149,4750400",987,2019,-1.0,1.0,1.0,2.0,2164409,1.0,1,3,1,5.0,,0.0,0,1957.0,B01,138Â 288Â 131,2.0,-1.0,-1.0,1652548,1.0,7,,0.0,2.0,3.0,A01,138Â 288Â 132,1.0
968312,201900009843,3,24,04:45,5,2,3,1.0,3.0,98725,PK 9.400 C/Mont,M," -17,5565100"," -149,4750400",987,2019,-1.0,1.0,1.0,2.0,2164410,2.0,2,3,2,5.0,,0.0,0,1956.0,B01,138Â 288Â 131,2.0,-1.0,-1.0,1652547,3.0,32,,0.0,2.0,8.0,B01,138Â 288Â 131,1.0
968312,201900009843,3,24,04:45,5,2,3,1.0,3.0,98725,PK 9.400 C/Mont,M," -17,5565100"," -149,4750400",987,2019,-1.0,1.0,1.0,2.0,2164410,2.0,2,3,2,5.0,,0.0,0,1956.0,B01,138Â 288Â 131,2.0,-1.0,-1.0,1652548,1.0,7,,0.0,2.0,3.0,A01,138Â 288Â 132,1.0
968312,201900009843,3,24,04:45,5,2,3,1.0,3.0,98725,PK 9.400 C/Mont,M," -17,5565100"," -149,4750400",987,2019,-1.0,1.0,1.0,2.0,2164411,1.0,1,1,1,5.0,,0.0,0,1996.0,A01,138Â 288Â 132,1.0,-1.0,-1.0,1652547,3.0,32,,0.0,2.0,8.0,B01,138Â 288Â 131,1.0
968312,201900009843,3,24,04:45,5,2,3,1.0,3.0,98725,PK 9.400 C/Mont,M," -17,5565100"," -149,4750400",987,2019,-1.0,1.0,1.0,2.0,2164411,1.0,1,1,1,5.0,,0.0,0,1996.0,A01,138Â 288Â 132,1.0,-1.0,-1.0,1652548,1.0,7,,0.0,2.0,3.0,A01,138Â 288Â 132,1.0
968313,201900009844,2,23,04:10,5,2,1,8.0,6.0,97502,R DE PARIS,M,"46,7815650"," -56,1752630",975,2019,50.0,1.0,1.0,4.0,2164412,1.0,1,4,2,5.0,,0.0,0,1996.0,A01,138Â 288Â 130,1.0,-1.0,-1.0,1652549,3.0,7,,15.0,0.0,1.0,A01,138Â 288Â 130,6.0
968313,201900009844,2,23,04:10,5,2,1,8.0,6.0,97502,R DE PARIS,M,"46,7815650"," -56,1752630",975,2019,50.0,1.0,1.0,4.0,2164413,2.0,2,1,2,5.0,,0.0,0,1995.0,A01,138Â 288Â 130,1.0,-1.0,-1.0,1652549,3.0,7,,15.0,0.0,1.0,A01,138Â 288Â 130,6.0
968314,201900009845,2,8,22:15,5,1,9,1.0,6.0,30075,RD40,M,"43,8225496","4,2666676",30,2019,80.0,8.0,1.0,3.0,2164414,8.0,2,4,2,5.0,,0.0,0,2002.0,A01,138Â 288Â 129,1.0,-1.0,-1.0,1652550,3.0,7,,2.0,0.0,1.0,A01,138Â 288Â 129,0.0
968314,201900009845,2,8,22:15,5,1,9,1.0,6.0,30075,RD40,M,"43,8225496","4,2666676",30,2019,80.0,8.0,1.0,3.0,2164415,1.0,1,1,1,5.0,,0.0,0,1999.0,A01,138Â 288Â 129,1.0,-1.0,-1.0,1652550,3.0,7,,2.0,0.0,1.0,A01,138Â 288Â 129,0.0
968315,201900009846,2,10,14:00,1,1,2,1.0,3.0,30341,intersection D6572 et D779 - GALLICIAN,M,"43,6540910","4,2955830",30,2019,80.0,1.0,1.0,3.0,2164416,1.0,1,1,2,5.0,,0.0,0,1991.0,A01,138Â 288Â 127,1.0,-1.0,-1.0,1652551,1.0,7,,0.0,2.0,5.0,A01,138Â 288Â 127,1.0
968315,201900009846,2,10,14:00,1,1,2,1.0,3.0,30341,intersection D6572 et D779 - GALLICIAN,M,"43,6540910","4,2955830",30,2019,80.0,1.0,1.0,3.0,2164416,1.0,1,1,2,5.0,,0.0,0,1991.0,A01,138Â 288Â 127,1.0,-1.0,-1.0,1652552,2.0,7,,0.0,2.0,1.0,B01,138Â 288Â 128,1.0
968315,201900009846,2,10,14:00,1,1,2,1.0,3.0,30341,intersection D6572 et D779 - GALLICIAN,M,"43,6540910","4,2955830",30,2019,80.0,1.0,1.0,3.0,2164417,2.0,2,3,1,5.0,,0.0,0,1984.0,A01,138Â 288Â 127,1.0,-1.0,-1.0,1652551,1.0,7,,0.0,2.0,5.0,A01,138Â 288Â 127,1.0
968315,201900009846,2,10,14:00,1,1,2,1.0,3.0,30341,intersection D6572 et D779 - GALLICIAN,M,"43,6540910","4,2955830",30,2019,80.0,1.0,1.0,3.0,2164417,2.0,2,3,1,5.0,,0.0,0,1984.0,A01,138Â 288Â 127,1.0,-1.0,-1.0,1652552,2.0,7,,0.0,2.0,1.0,B01,138Â 288Â 128,1.0
968315,201900009846,2,10,14:00,1,1,2,1.0,3.0,30341,intersection D6572 et D779 - GALLICIAN,M,"43,6540910","4,2955830",30,2019,80.0,1.0,1.0,3.0,2164418,1.0,1,1,1,5.0,,0.0,0,1967.0,B01,138Â 288Â 128,1.0,-1.0,-1.0,1652551,1.0,7,,0.0,2.0,5.0,A01,138Â 288Â 127,1.0
968315,201900009846,2,10,14:00,1,1,2,1.0,3.0,30341,intersection D6572 et D779 - GALLICIAN,M,"43,6540910","4,2955830",30,2019,80.0,1.0,1.0,3.0,2164418,1.0,1,1,1,5.0,,0.0,0,1967.0,B01,138Â 288Â 128,1.0,-1.0,-1.0,1652552,2.0,7,,0.0,2.0,1.0,B01,138Â 288Â 128,1.0
968315,201900009846,2,10,14:00,1,1,2,1.0,3.0,30341,intersection D6572 et D779 - GALLICIAN,M,"43,6540910","4,2955830",30,2019,80.0,1.0,1.0,3.0,2164419,2.0,2,4,2,5.0,,0.0,0,1969.0,B01,138Â 288Â 128,1.0,-1.0,-1.0,1652551,1.0,7,,0.0,2.0,5.0,A01,138Â 288Â 127,1.0
968315,201900009846,2,10,14:00,1,1,2,1.0,3.0,30341,intersection D6572 et D779 - GALLICIAN,M,"43,6540910","4,2955830",30,2019,80.0,1.0,1.0,3.0,2164419,2.0,2,4,2,5.0,,0.0,0,1969.0,B01,138Â 288Â 128,1.0,-1.0,-1.0,1652552,2.0,7,,0.0,2.0,1.0,B01,138Â 288Â 128,1.0
968316,201900009847,2,11,16:55,1,1,1,1.0,1.0,30170,LIEU DIT LASFONS,M,"43,9713990","3,5535770",30,2019,80.0,1.0,1.0,3.0,2164420,1.0,1,3,1,4.0,,0.0,0,1961.0,B01,138Â 288Â 125,1.0,-1.0,-1.0,1652553,1.0,7,,0.0,2.0,3.0,B01,138Â 288Â 125,1.0
968316,201900009847,2,11,16:55,1,1,1,1.0,1.0,30170,LIEU DIT LASFONS,M,"43,9713990","3,5535770",30,2019,80.0,1.0,1.0,3.0,2164420,1.0,1,3,1,4.0,,0.0,0,1961.0,B01,138Â 288Â 125,1.0,-1.0,-1.0,1652554,2.0,7,,0.0,2.0,1.0,A01,138Â 288Â 126,1.0
968316,201900009847,2,11,16:55,1,1,1,1.0,1.0,30170,LIEU DIT LASFONS,M,"43,9713990","3,5535770",30,2019,80.0,1.0,1.0,3.0,2164421,7.0,2,3,1,2.0,,0.0,0,2011.0,A01,138Â 288Â 126,1.0,-1.0,-1.0,1652553,1.0,7,,0.0,2.0,3.0,B01,138Â 288Â 125,1.0
968316,201900009847,2,11,16:55,1,1,1,1.0,1.0,30170,LIEU DIT LASFONS,M,"43,9713990","3,5535770",30,2019,80.0,1.0,1.0,3.0,2164421,7.0,2,3,1,2.0,,0.0,0,2011.0,A01,138Â 288Â 126,1.0,-1.0,-1.0,1652554,2.0,7,,0.0,2.0,1.0,A01,138Â 288Â 126,1.0
968316,201900009847,2,11,16:55,1,1,1,1.0,1.0,30170,LIEU DIT LASFONS,M,"43,9713990","3,5535770",30,2019,80.0,1.0,1.0,3.0,2164422,1.0,1,2,2,2.0,,0.0,0,1941.0,A01,138Â 288Â 126,1.0,-1.0,-1.0,1652553,1.0,7,,0.0,2.0,3.0,B01,138Â 288Â 125,1.0
968316,201900009847,2,11,16:55,1,1,1,1.0,1.0,30170,LIEU DIT LASFONS,M,"43,9713990","3,5535770",30,2019,80.0,1.0,1.0,3.0,2164422,1.0,1,2,2,2.0,,0.0,0,1941.0,A01,138Â 288Â 126,1.0,-1.0,-1.0,1652554,2.0,7,,0.0,2.0,1.0,A01,138Â 288Â 126,1.0
968317,201900009848,2,11,15:45,1,1,1,2.0,6.0,48140,D64 - PK 0+600,M,"44,8161870","3,2603990",48,2019,80.0,3.0,2.0,3.0,2164423,1.0,1,4,1,5.0,,0.0,0,1962.0,A01,138Â 288Â 124,1.0,-1.0,-1.0,1652555,1.0,7,,10.0,0.0,2.0,A01,138Â 288Â 124,1.0
968317,201900009848,2,11,15:45,1,1,1,2.0,6.0,48140,D64 - PK 0+600,M,"44,8161870","3,2603990",48,2019,80.0,3.0,2.0,3.0,2164424,2.0,2,3,2,5.0,,0.0,0,1936.0,A01,138Â 288Â 124,1.0,-1.0,-1.0,1652555,1.0,7,,10.0,0.0,2.0,A01,138Â 288Â 124,1.0
968318,201900009849,2,13,14:00,1,1,1,1.0,7.0,08302,D31 route de Thilay,M,"49,8838940","4,7564960",8,2019,80.0,3.0,1.0,3.0,2164425,1.0,1,3,2,5.0,,0.0,0,1963.0,A01,138Â 288Â 123,1.0,-1.0,-1.0,1652556,1.0,7,,13.0,0.0,2.0,A01,138Â 288Â 123,1.0
968319,201900009850,2,9,07:50,1,1,1,1.0,1.0,98734,Pk 36+800 RT1,M," -17,7212520"," -149,4966380",987,2019,60.0,5.0,1.0,4.0,2164426,1.0,1,1,1,9.0,,0.0,0,1989.0,B01,138Â 288Â 121,1.0,-1.0,-1.0,1652557,1.0,7,,0.0,0.0,1.0,B01,138Â 288Â 121,1.0
968319,201900009850,2,9,07:50,1,1,1,1.0,1.0,98734,Pk 36+800 RT1,M," -17,7212520"," -149,4966380",987,2019,60.0,5.0,1.0,4.0,2164426,1.0,1,1,1,9.0,,0.0,0,1989.0,B01,138Â 288Â 121,1.0,-1.0,-1.0,1652558,2.0,7,,0.0,0.0,1.0,A01,138Â 288Â 122,1.0
968319,201900009850,2,9,07:50,1,1,1,1.0,1.0,98734,Pk 36+800 RT1,M," -17,7212520"," -149,4966380",987,2019,60.0,5.0,1.0,4.0,2164427,1.0,1,3,1,9.0,,0.0,0,1970.0,A01,138Â 288Â 122,5.0,-1.0,-1.0,1652557,1.0,7,,0.0,0.0,1.0,B01,138Â 288Â 121,1.0
968319,201900009850,2,9,07:50,1,1,1,1.0,1.0,98734,Pk 36+800 RT1,M," -17,7212520"," -149,4966380",987,2019,60.0,5.0,1.0,4.0,2164427,1.0,1,3,1,9.0,,0.0,0,1970.0,A01,138Â 288Â 122,5.0,-1.0,-1.0,1652558,2.0,7,,0.0,0.0,1.0,A01,138Â 288Â 122,1.0
968320,201900009851,2,9,08:30,1,1,1,2.0,6.0,33191,A89 PK 054.000,M,"45,0011400","0,0333000",33,2019,130.0,1.0,1.0,1.0,2164428,1.0,1,3,2,0.0,,0.0,0,1951.0,A01,138Â 288Â 120,1.0,-1.0,-1.0,1652559,2.0,7,,3.0,0.0,8.0,A01,138Â 288Â 120,1.0
968321,201900009852,2,6,17:30,1,2,1,2.0,3.0,97307,carrefour avenue guy malidor et de la rue ClÃ©ment ader,M,"4,8357759"," -52,3482286",973,2019,-1.0,1.0,1.0,4.0,2164429,2.0,2,1,1,5.0,,0.0,0,2000.0,A01,138Â 288Â 118,2.0,-1.0,-1.0,1652560,3.0,2,,0.0,2.0,3.0,A01,138Â 288Â 118,1.0
968321,201900009852,2,6,17:30,1,2,1,2.0,3.0,97307,carrefour avenue guy malidor et de la rue ClÃ©ment ader,M,"4,8357759"," -52,3482286",973,2019,-1.0,1.0,1.0,4.0,2164429,2.0,2,1,1,5.0,,0.0,0,2000.0,A01,138Â 288Â 118,2.0,-1.0,-1.0,1652561,3.0,10,,0.0,2.0,7.0,B01,138Â 288Â 119,1.0
968321,201900009852,2,6,17:30,1,2,1,2.0,3.0,97307,carrefour avenue guy malidor et de la rue ClÃ©ment ader,M,"4,8357759"," -52,3482286",973,2019,-1.0,1.0,1.0,4.0,2164430,1.0,1,3,2,5.0,,0.0,0,1972.0,A01,138Â 288Â 118,2.0,-1.0,-1.0,1652560,3.0,2,,0.0,2.0,3.0,A01,138Â 288Â 118,1.0
968321,201900009852,2,6,17:30,1,2,1,2.0,3.0,97307,carrefour avenue guy malidor et de la rue ClÃ©ment ader,M,"4,8357759"," -52,3482286",973,2019,-1.0,1.0,1.0,4.0,2164430,1.0,1,3,2,5.0,,0.0,0,1972.0,A01,138Â 288Â 118,2.0,-1.0,-1.0,1652561,3.0,10,,0.0,2.0,7.0,B01,138Â 288Â 119,1.0
968321,201900009852,2,6,17:30,1,2,1,2.0,3.0,97307,carrefour avenue guy malidor et de la rue ClÃ©ment ader,M,"4,8357759"," -52,3482286",973,2019,-1.0,1.0,1.0,4.0,2164431,1.0,1,1,1,5.0,,0.0,0,1977.0,B01,138Â 288Â 119,1.0,-1.0,-1.0,1652560,3.0,2,,0.0,2.0,3.0,A01,138Â 288Â 118,1.0
968321,201900009852,2,6,17:30,1,2,1,2.0,3.0,97307,carrefour avenue guy malidor et de la rue ClÃ©ment ader,M,"4,8357759"," -52,3482286",973,2019,-1.0,1.0,1.0,4.0,2164431,1.0,1,1,1,5.0,,0.0,0,1977.0,B01,138Â 288Â 119,1.0,-1.0,-1.0,1652561,3.0,10,,0.0,2.0,7.0,B01,138Â 288Â 119,1.0
968321,201900009852,2,6,17:30,1,2,1,2.0,3.0,97307,carrefour avenue guy malidor et de la rue ClÃ©ment ader,M,"4,8357759"," -52,3482286",973,2019,-1.0,1.0,1.0,4.0,2164432,2.0,2,1,1,5.0,,0.0,0,1960.0,B01,138Â 288Â 119,1.0,-1.0,-1.0,1652560,3.0,2,,0.0,2.0,3.0,A01,138Â 288Â 118,1.0
968321,201900009852,2,6,17:30,1,2,1,2.0,3.0,97307,carrefour avenue guy malidor et de la rue ClÃ©ment ader,M,"4,8357759"," -52,3482286",973,2019,-1.0,1.0,1.0,4.0,2164432,2.0,2,1,1,5.0,,0.0,0,1960.0,B01,138Â 288Â 119,1.0,-1.0,-1.0,1652561,3.0,10,,0.0,2.0,7.0,B01,138Â 288Â 119,1.0
968322,201900009853,2,10,15:20,1,1,9,4.0,3.0,45060,A77,M,"47,7436569","2,7264087",45,2019,110.0,1.0,2.0,1.0,2164433,1.0,1,2,1,5.0,,0.0,0,1943.0,A01,138Â 288Â 116,1.0,-1.0,-1.0,1652562,1.0,7,,14.0,0.0,8.0,A01,138Â 288Â 116,1.0
968322,201900009853,2,10,15:20,1,1,9,4.0,3.0,45060,A77,M,"47,7436569","2,7264087",45,2019,110.0,1.0,2.0,1.0,2164433,1.0,1,2,1,5.0,,0.0,0,1943.0,A01,138Â 288Â 116,1.0,-1.0,-1.0,1652563,1.0,7,,3.0,0.0,1.0,B01,138Â 288Â 117,1.0
968322,201900009853,2,10,15:20,1,1,9,4.0,3.0,45060,A77,M,"47,7436569","2,7264087",45,2019,110.0,1.0,2.0,1.0,2164434,2.0,2,4,2,0.0,,0.0,0,1936.0,A01,138Â 288Â 116,8.0,-1.0,-1.0,1652562,1.0,7,,14.0,0.0,8.0,A01,138Â 288Â 116,1.0
968322,201900009853,2,10,15:20,1,1,9,4.0,3.0,45060,A77,M,"47,7436569","2,7264087",45,2019,110.0,1.0,2.0,1.0,2164434,2.0,2,4,2,0.0,,0.0,0,1936.0,A01,138Â 288Â 116,8.0,-1.0,-1.0,1652563,1.0,7,,3.0,0.0,1.0,B01,138Â 288Â 117,1.0
968322,201900009853,2,10,15:20,1,1,9,4.0,3.0,45060,A77,M,"47,7436569","2,7264087",45,2019,110.0,1.0,2.0,1.0,2164435,1.0,1,1,2,0.0,,0.0,0,1970.0,B01,138Â 288Â 117,8.0,-1.0,-1.0,1652562,1.0,7,,14.0,0.0,8.0,A01,138Â 288Â 116,1.0
968322,201900009853,2,10,15:20,1,1,9,4.0,3.0,45060,A77,M,"47,7436569","2,7264087",45,2019,110.0,1.0,2.0,1.0,2164435,1.0,1,1,2,0.0,,0.0,0,1970.0,B01,138Â 288Â 117,8.0,-1.0,-1.0,1652563,1.0,7,,3.0,0.0,1.0,B01,138Â 288Â 117,1.0
968323,201900009854,2,11,21:30,3,1,1,2.0,6.0,31261,A64 - Sens BAYONNE - TOULOUSE - PK 250+050,M,"43,2950790","1,1748880",31,2019,130.0,1.0,2.0,1.0,2164436,1.0,1,3,1,4.0,,0.0,0,1961.0,A01,138Â 288Â 115,8.0,-1.0,-1.0,1652564,1.0,10,,3.0,0.0,0.0,A01,138Â 288Â 115,0.0
968324,201900009855,2,4,21:00,3,1,1,1.0,2.0,30344,D1,M,"43,7492001","4,2078429",30,2019,80.0,1.0,1.0,3.0,2164437,1.0,1,1,2,1.0,,0.0,0,1994.0,B01,138Â 288Â 113,1.0,-1.0,-1.0,1652565,2.0,7,,0.0,2.0,1.0,B01,138Â 288Â 113,1.0
968324,201900009855,2,4,21:00,3,1,1,1.0,2.0,30344,D1,M,"43,7492001","4,2078429",30,2019,80.0,1.0,1.0,3.0,2164437,1.0,1,1,2,1.0,,0.0,0,1994.0,B01,138Â 288Â 113,1.0,-1.0,-1.0,1652566,2.0,7,,0.0,0.0,4.0,A01,138Â 288Â 114,1.0
968324,201900009855,2,4,21:00,3,1,1,1.0,2.0,30344,D1,M,"43,7492001","4,2078429",30,2019,80.0,1.0,1.0,3.0,2164438,2.0,2,4,2,1.0,,0.0,0,1993.0,A01,138Â 288Â 114,1.0,-1.0,-1.0,1652565,2.0,7,,0.0,2.0,1.0,B01,138Â 288Â 113,1.0
968324,201900009855,2,4,21:00,3,1,1,1.0,2.0,30344,D1,M,"43,7492001","4,2078429",30,2019,80.0,1.0,1.0,3.0,2164438,2.0,2,4,2,1.0,,0.0,0,1993.0,A01,138Â 288Â 114,1.0,-1.0,-1.0,1652566,2.0,7,,0.0,0.0,4.0,A01,138Â 288Â 114,1.0
968324,201900009855,2,4,21:00,3,1,1,1.0,2.0,30344,D1,M,"43,7492001","4,2078429",30,2019,80.0,1.0,1.0,3.0,2164439,1.0,1,4,1,1.0,,0.0,0,1971.0,A01,138Â 288Â 114,1.0,-1.0,-1.0,1652565,2.0,7,,0.0,2.0,1.0,B01,138Â 288Â 113,1.0
968324,201900009855,2,4,21:00,3,1,1,1.0,2.0,30344,D1,M,"43,7492001","4,2078429",30,2019,80.0,1.0,1.0,3.0,2164439,1.0,1,4,1,1.0,,0.0,0,1971.0,A01,138Â 288Â 114,1.0,-1.0,-1.0,1652566,2.0,7,,0.0,0.0,4.0,A01,138Â 288Â 114,1.0
968325,201900009856,2,8,16:50,1,1,1,1.0,6.0,31022,A62 PK221.000,M,"43,6791960","1,4145360",31,2019,110.0,2.0,1.0,1.0,2164440,1.0,1,3,2,4.0,,0.0,0,1981.0,A01,138Â 288Â 112,1.0,-1.0,-1.0,1652567,1.0,7,,4.0,0.0,3.0,A01,138Â 288Â 112,6.0
968326,201900009857,2,5,15:40,1,2,2,1.0,3.0,01266,,M,"46,3405460","5,1275630",1,2019,50.0,1.0,1.0,3.0,2164441,1.0,1,3,1,0.0,,0.0,0,1947.0,A01,138Â 288Â 109,1.0,-1.0,-1.0,1652568,3.0,7,,0.0,2.0,8.0,A01,138Â 288Â 109,1.0
968326,201900009857,2,5,15:40,1,2,2,1.0,3.0,01266,,M,"46,3405460","5,1275630",1,2019,50.0,1.0,1.0,3.0,2164441,1.0,1,3,1,0.0,,0.0,0,1947.0,A01,138Â 288Â 109,1.0,-1.0,-1.0,1652569,1.0,14,,0.0,2.0,1.0,B01,138Â 288Â 110,1.0
968326,201900009857,2,5,15:40,1,2,2,1.0,3.0,01266,,M,"46,3405460","5,1275630",1,2019,50.0,1.0,1.0,3.0,2164442,1.0,1,1,1,4.0,,0.0,0,1961.0,B01,138Â 288Â 110,1.0,-1.0,-1.0,1652568,3.0,7,,0.0,2.0,8.0,A01,138Â 288Â 109,1.0
968326,201900009857,2,5,15:40,1,2,2,1.0,3.0,01266,,M,"46,3405460","5,1275630",1,2019,50.0,1.0,1.0,3.0,2164442,1.0,1,1,1,4.0,,0.0,0,1961.0,B01,138Â 288Â 110,1.0,-1.0,-1.0,1652569,1.0,14,,0.0,2.0,1.0,B01,138Â 288Â 110,1.0
968327,201900009858,2,9,15:20,1,1,1,1.0,6.0,06152,RD 98,M,"43,6156150","7,0364090",6,2019,90.0,1.0,1.0,3.0,2164443,1.0,1,3,1,5.0,,0.0,0,1954.0,A01,138Â 288Â 108,2.0,-1.0,-1.0,1652570,2.0,36,,6.0,0.0,1.0,A01,138Â 288Â 108,1.0
968328,201900009859,2,9,18:50,5,2,6,1.0,3.0,42279,D12,M,"45,5179420","4,2641630",42,2019,50.0,1.0,1.0,3.0,2164444,1.0,1,1,1,5.0,,0.0,0,1955.0,A01,138Â 288Â 106,1.0,-1.0,-1.0,1652571,3.0,7,,0.0,2.0,1.0,A01,138Â 288Â 106,1.0
968328,201900009859,2,9,18:50,5,2,6,1.0,3.0,42279,D12,M,"45,5179420","4,2641630",42,2019,50.0,1.0,1.0,3.0,2164444,1.0,1,1,1,5.0,,0.0,0,1955.0,A01,138Â 288Â 106,1.0,-1.0,-1.0,1652572,0.0,7,,0.0,0.0,2.0,B01,138Â 288Â 107,1.0
968328,201900009859,2,9,18:50,5,2,6,1.0,3.0,42279,D12,M,"45,5179420","4,2641630",42,2019,50.0,1.0,1.0,3.0,2164445,1.0,1,4,1,5.0,,0.0,0,1989.0,B01,138Â 288Â 107,1.0,-1.0,-1.0,1652571,3.0,7,,0.0,2.0,1.0,A01,138Â 288Â 106,1.0
968328,201900009859,2,9,18:50,5,2,6,1.0,3.0,42279,D12,M,"45,5179420","4,2641630",42,2019,50.0,1.0,1.0,3.0,2164445,1.0,1,4,1,5.0,,0.0,0,1989.0,B01,138Â 288Â 107,1.0,-1.0,-1.0,1652572,0.0,7,,0.0,0.0,2.0,B01,138Â 288Â 107,1.0
968328,201900009859,2,9,18:50,5,2,6,1.0,3.0,42279,D12,M,"45,5179420","4,2641630",42,2019,50.0,1.0,1.0,3.0,2164446,8.0,2,1,1,5.0,,0.0,0,2008.0,B01,138Â 288Â 107,1.0,-1.0,-1.0,1652571,3.0,7,,0.0,2.0,1.0,A01,138Â 288Â 106,1.0
968328,201900009859,2,9,18:50,5,2,6,1.0,3.0,42279,D12,M,"45,5179420","4,2641630",42,2019,50.0,1.0,1.0,3.0,2164446,8.0,2,1,1,5.0,,0.0,0,2008.0,B01,138Â 288Â 107,1.0,-1.0,-1.0,1652572,0.0,7,,0.0,0.0,2.0,B01,138Â 288Â 107,1.0
968328,201900009859,2,9,18:50,5,2,6,1.0,3.0,42279,D12,M,"45,5179420","4,2641630",42,2019,50.0,1.0,1.0,3.0,2164447,2.0,2,4,2,5.0,,0.0,0,1977.0,B01,138Â 288Â 107,1.0,-1.0,-1.0,1652571,3.0,7,,0.0,2.0,1.0,A01,138Â 288Â 106,1.0
968328,201900009859,2,9,18:50,5,2,6,1.0,3.0,42279,D12,M,"45,5179420","4,2641630",42,2019,50.0,1.0,1.0,3.0,2164447,2.0,2,4,2,5.0,,0.0,0,1977.0,B01,138Â 288Â 107,1.0,-1.0,-1.0,1652572,0.0,7,,0.0,0.0,2.0,B01,138Â 288Â 107,1.0
968329,201900009860,2,10,20:30,3,1,1,2.0,6.0,01290,Autoroute A42,M,"45,8774950","5,2052760",1,2019,130.0,1.0,2.0,1.0,2164448,1.0,1,1,1,0.0,,0.0,0,1998.0,B01,138Â 288Â 104,1.0,-1.0,-1.0,1652573,2.0,7,,0.0,2.0,0.0,B01,138Â 288Â 104,1.0
968329,201900009860,2,10,20:30,3,1,1,2.0,6.0,01290,Autoroute A42,M,"45,8774950","5,2052760",1,2019,130.0,1.0,2.0,1.0,2164448,1.0,1,1,1,0.0,,0.0,0,1998.0,B01,138Â 288Â 104,1.0,-1.0,-1.0,1652574,2.0,7,,0.0,2.0,0.0,A01,138Â 288Â 105,1.0
968329,201900009860,2,10,20:30,3,1,1,2.0,6.0,01290,Autoroute A42,M,"45,8774950","5,2052760",1,2019,130.0,1.0,2.0,1.0,2164449,1.0,1,1,2,0.0,,0.0,0,1996.0,A01,138Â 288Â 105,1.0,-1.0,-1.0,1652573,2.0,7,,0.0,2.0,0.0,B01,138Â 288Â 104,1.0
968329,201900009860,2,10,20:30,3,1,1,2.0,6.0,01290,Autoroute A42,M,"45,8774950","5,2052760",1,2019,130.0,1.0,2.0,1.0,2164449,1.0,1,1,2,0.0,,0.0,0,1996.0,A01,138Â 288Â 105,1.0,-1.0,-1.0,1652574,2.0,7,,0.0,2.0,0.0,A01,138Â 288Â 105,1.0
968329,201900009860,2,10,20:30,3,1,1,2.0,6.0,01290,Autoroute A42,M,"45,8774950","5,2052760",1,2019,130.0,1.0,2.0,1.0,2164450,2.0,2,4,1,0.0,,0.0,0,1997.0,A01,138Â 288Â 105,1.0,-1.0,-1.0,1652573,2.0,7,,0.0,2.0,0.0,B01,138Â 288Â 104,1.0
968329,201900009860,2,10,20:30,3,1,1,2.0,6.0,01290,Autoroute A42,M,"45,8774950","5,2052760",1,2019,130.0,1.0,2.0,1.0,2164450,2.0,2,4,1,0.0,,0.0,0,1997.0,A01,138Â 288Â 105,1.0,-1.0,-1.0,1652574,2.0,7,,0.0,2.0,0.0,A01,138Â 288Â 105,1.0
968330,201900009861,2,10,20:50,3,1,1,2.0,2.0,01290,Autoroute A 42,M,"45,8774950","5,2052760",1,2019,130.0,1.0,2.0,1.0,2164451,1.0,1,1,1,0.0,,0.0,0,1968.0,A01,138Â 288Â 102,1.0,-1.0,-1.0,1652575,2.0,7,,0.0,2.0,0.0,A01,138Â 288Â 102,1.0
968330,201900009861,2,10,20:50,3,1,1,2.0,2.0,01290,Autoroute A 42,M,"45,8774950","5,2052760",1,2019,130.0,1.0,2.0,1.0,2164451,1.0,1,1,1,0.0,,0.0,0,1968.0,A01,138Â 288Â 102,1.0,-1.0,-1.0,1652576,2.0,7,,3.0,2.0,0.0,B01,138Â 288Â 103,1.0
968330,201900009861,2,10,20:50,3,1,1,2.0,2.0,01290,Autoroute A 42,M,"45,8774950","5,2052760",1,2019,130.0,1.0,2.0,1.0,2164452,1.0,1,4,2,0.0,,0.0,0,1990.0,B01,138Â 288Â 103,1.0,-1.0,-1.0,1652575,2.0,7,,0.0,2.0,0.0,A01,138Â 288Â 102,1.0
968330,201900009861,2,10,20:50,3,1,1,2.0,2.0,01290,Autoroute A 42,M,"45,8774950","5,2052760",1,2019,130.0,1.0,2.0,1.0,2164452,1.0,1,4,2,0.0,,0.0,0,1990.0,B01,138Â 288Â 103,1.0,-1.0,-1.0,1652576,2.0,7,,3.0,2.0,0.0,B01,138Â 288Â 103,1.0