Unnamed: 0_x,num_acc,mois,jour,hrmn,lum,agg,int,atm,col,com,adr,gps,lat,long,dep,annee,vma,situ,surf,catr,Unnamed: 0_y,place,catu,grav,sexe,trajet,secu,locp,actp,an_nais,num_veh_x,id_vehicule_x,secu1,secu2,secu3,Unnamed: 0,senc,catv,occutc,obs,obsm,choc,num_veh_y,id_vehicule_y,motor
968331,201900009862,2,12,18:45,5,2,2,1.0,3.0,78466,ROUTE DES QUARANTE SOUS,M,"48,9268500","1,9865990",78,2019,-1.0,1.0,1.0,3.0,2164453,1.0,1,3,1,1.0,,0.0,0,1960.0,B01,138Â 288Â 100,2.0,6.0,-1.0,1652577,1.0,33,,0.0,2.0,3.0,B01,138Â 288Â 100,1.0
968331,201900009862,2,12,18:45,5,2,2,1.0,3.0,78466,ROUTE DES QUARANTE SOUS,M,"48,9268500","1,9865990",78,2019,-1.0,1.0,1.0,3.0,2164453,1.0,1,3,1,1.0,,0.0,0,1960.0,B01,138Â 288Â 100,2.0,6.0,-1.0,1652578,2.0,7,,0.0,2.0,1.0,A01,138Â 288Â 101,1.0
968331,201900009862,2,12,18:45,5,2,2,1.0,3.0,78466,ROUTE DES QUARANTE SOUS,M,"48,9268500","1,9865990",78,2019,-1.0,1.0,1.0,3.0,2164454,1.0,1,1,1,1.0,,0.0,0,1987.0,A01,138Â 288Â 101,1.0,-1.0,-1.0,1652577,1.0,33,,0.0,2.0,3.0,B01,138Â 288Â 100,1.0
968331,201900009862,2,12,18:45,5,2,2,1.0,3.0,78466,ROUTE DES QUARANTE SOUS,M,"48,9268500","1,9865990",78,2019,-1.0,1.0,1.0,3.0,2164454,1.0,1,1,1,1.0,,0.0,0,1987.0,A01,138Â 288Â 101,1.0,-1.0,-1.0,1652578,2.0,7,,0.0,2.0,1.0,A01,138Â 288Â 101,1.0
968332,201900009863,2,13,17:30,1,1,1,1.0,5.0,44163,autoroute a11 - pk 310.500 - st herblon,M,"47,4200780"," -1,1093500",44,2019,130.0,1.0,1.0,1.0,2164455,1.0,1,2,1,1.0,,0.0,0,1981.0,C01,138Â 288Â 097,1.0,-1.0,-1.0,1652579,1.0,7,,0.0,2.0,1.0,C01,138Â 288Â 097,1.0
968332,201900009863,2,13,17:30,1,1,1,1.0,5.0,44163,autoroute a11 - pk 310.500 - st herblon,M,"47,4200780"," -1,1093500",44,2019,130.0,1.0,1.0,1.0,2164455,1.0,1,2,1,1.0,,0.0,0,1981.0,C01,138Â 288Â 097,1.0,-1.0,-1.0,1652580,1.0,7,,0.0,2.0,2.0,B01,138Â 288Â 098,1.0
968332,201900009863,2,13,17:30,1,1,1,1.0,5.0,44163,autoroute a11 - pk 310.500 - st herblon,M,"47,4200780"," -1,1093500",44,2019,130.0,1.0,1.0,1.0,2164455,1.0,1,2,1,1.0,,0.0,0,1981.0,C01,138Â 288Â 097,1.0,-1.0,-1.0,1652581,2.0,7,,0.0,2.0,1.0,A01,138Â 288Â 099,1.0
968332,201900009863,2,13,17:30,1,1,1,1.0,5.0,44163,autoroute a11 - pk 310.500 - st herblon,M,"47,4200780"," -1,1093500",44,2019,130.0,1.0,1.0,1.0,2164456,1.0,1,4,1,0.0,,0.0,0,1961.0,B01,138Â 288Â 098,1.0,-1.0,-1.0,1652579,1.0,7,,0.0,2.0,1.0,C01,138Â 288Â 097,1.0
968332,201900009863,2,13,17:30,1,1,1,1.0,5.0,44163,autoroute a11 - pk 310.500 - st herblon,M,"47,4200780"," -1,1093500",44,2019,130.0,1.0,1.0,1.0,2164456,1.0,1,4,1,0.0,,0.0,0,1961.0,B01,138Â 288Â 098,1.0,-1.0,-1.0,1652580,1.0,7,,0.0,2.0,2.0,B01,138Â 288Â 098,1.0
968332,201900009863,2,13,17:30,1,1,1,1.0,5.0,44163,autoroute a11 - pk 310.500 - st herblon,M,"47,4200780"," -1,1093500",44,2019,130.0,1.0,1.0,1.0,2164456,1.0,1,4,1,0.0,,0.0,0,1961.0,B01,138Â 288Â 098,1.0,-1.0,-1.0,1652581,2.0,7,,0.0,2.0,1.0,A01,138Â 288Â 099,1.0
968332,201900009863,2,13,17:30,1,1,1,1.0,5.0,44163,autoroute a11 - pk 310.500 - st herblon,M,"47,4200780"," -1,1093500",44,2019,130.0,1.0,1.0,1.0,2164457,2.0,2,3,1,0.0,,0.0,0,2002.0,B01,138Â 288Â 098,1.0,-1.0,-1.0,1652579,1.0,7,,0.0,2.0,1.0,C01,138Â 288Â 097,1.0
968332,201900009863,2,13,17:30,1,1,1,1.0,5.0,44163,autoroute a11 - pk 310.500 - st herblon,M,"47,4200780"," -1,1093500",44,2019,130.0,1.0,1.0,1.0,2164457,2.0,2,3,1,0.0,,0.0,0,2002.0,B01,138Â 288Â 098,1.0,-1.0,-1.0,1652580,1.0,7,,0.0,2.0,2.0,B01,138Â 288Â 098,1.0
968332,201900009863,2,13,17:30,1,1,1,1.0,5.0,44163,autoroute a11 - pk 310.500 - st herblon,M,"47,4200780"," -1,1093500",44,2019,130.0,1.0,1.0,1.0,2164457,2.0,2,3,1,0.0,,0.0,0,2002.0,B01,138Â 288Â 098,1.0,-1.0,-1.0,1652581,2.0,7,,0.0,2.0,1.0,A01,138Â 288Â 099,1.0
968332,201900009863,2,13,17:30,1,1,1,1.0,5.0,44163,autoroute a11 - pk 310.500 - st herblon,M,"47,4200780"," -1,1093500",44,2019,130.0,1.0,1.0,1.0,2164458,1.0,1,2,1,0.0,,0.0,0,1984.0,A01,138Â 288Â 099,1.0,-1.0,-1.0,1652579,1.0,7,,0.0,2.0,1.0,C01,138Â 288Â 097,1.0
968332,201900009863,2,13,17:30,1,1,1,1.0,5.0,44163,autoroute a11 - pk 310.500 - st herblon,M,"47,4200780"," -1,1093500",44,2019,130.0,1.0,1.0,1.0,2164458,1.0,1,2,1,0.0,,0.0,0,1984.0,A01,138Â 288Â 099,1.0,-1.0,-1.0,1652580,1.0,7,,0.0,2.0,2.0,B01,138Â 288Â 098,1.0
968332,201900009863,2,13,17:30,1,1,1,1.0,5.0,44163,autoroute a11 - pk 310.500 - st herblon,M,"47,4200780"," -1,1093500",44,2019,130.0,1.0,1.0,1.0,2164458,1.0,1,2,1,0.0,,0.0,0,1984.0,A01,138Â 288Â 099,1.0,-1.0,-1.0,1652581,2.0,7,,0.0,2.0,1.0,A01,138Â 288Â 099,1.0
968333,201900009864,2,8,22:55,3,1,1,1.0,6.0,69086,A 89 sortie 36 Arb pk 1.400 direction de L'Arbresle,M,"45,8529000","4,6655100",69,2019,90.0,3.0,2.0,1.0,2164459,1.0,1,3,1,5.0,,0.0,0,1996.0,A01,138Â 288Â 096,1.0,-1.0,-1.0,1652582,1.0,7,,13.0,0.0,3.0,A01,138Â 288Â 096,1.0
968334,201900009865,2,12,14:40,1,1,1,1.0,2.0,13001,"Autoroute A8, PK 18+600 sens NICE-LYON",M,"43,5183480","5,4297490",13,2019,110.0,1.0,1.0,1.0,2164460,2.0,2,1,1,4.0,,0.0,0,1962.0,B01,138Â 288Â 094,8.0,-1.0,-1.0,1652583,2.0,7,,0.0,2.0,1.0,B01,138Â 288Â 094,1.0
968334,201900009865,2,12,14:40,1,1,1,1.0,2.0,13001,"Autoroute A8, PK 18+600 sens NICE-LYON",M,"43,5183480","5,4297490",13,2019,110.0,1.0,1.0,1.0,2164460,2.0,2,1,1,4.0,,0.0,0,1962.0,B01,138Â 288Â 094,8.0,-1.0,-1.0,1652584,2.0,7,,0.0,2.0,4.0,A01,138Â 288Â 095,1.0
968334,201900009865,2,12,14:40,1,1,1,1.0,2.0,13001,"Autoroute A8, PK 18+600 sens NICE-LYON",M,"43,5183480","5,4297490",13,2019,110.0,1.0,1.0,1.0,2164461,3.0,2,4,2,4.0,,0.0,0,1982.0,B01,138Â 288Â 094,8.0,-1.0,-1.0,1652583,2.0,7,,0.0,2.0,1.0,B01,138Â 288Â 094,1.0
968334,201900009865,2,12,14:40,1,1,1,1.0,2.0,13001,"Autoroute A8, PK 18+600 sens NICE-LYON",M,"43,5183480","5,4297490",13,2019,110.0,1.0,1.0,1.0,2164461,3.0,2,4,2,4.0,,0.0,0,1982.0,B01,138Â 288Â 094,8.0,-1.0,-1.0,1652584,2.0,7,,0.0,2.0,4.0,A01,138Â 288Â 095,1.0
968334,201900009865,2,12,14:40,1,1,1,1.0,2.0,13001,"Autoroute A8, PK 18+600 sens NICE-LYON",M,"43,5183480","5,4297490",13,2019,110.0,1.0,1.0,1.0,2164462,4.0,2,4,1,4.0,,0.0,0,1988.0,B01,138Â 288Â 094,8.0,-1.0,-1.0,1652583,2.0,7,,0.0,2.0,1.0,B01,138Â 288Â 094,1.0
968334,201900009865,2,12,14:40,1,1,1,1.0,2.0,13001,"Autoroute A8, PK 18+600 sens NICE-LYON",M,"43,5183480","5,4297490",13,2019,110.0,1.0,1.0,1.0,2164462,4.0,2,4,1,4.0,,0.0,0,1988.0,B01,138Â 288Â 094,8.0,-1.0,-1.0,1652584,2.0,7,,0.0,2.0,4.0,A01,138Â 288Â 095,1.0
968334,201900009865,2,12,14:40,1,1,1,1.0,2.0,13001,"Autoroute A8, PK 18+600 sens NICE-LYON",M,"43,5183480","5,4297490",13,2019,110.0,1.0,1.0,1.0,2164463,1.0,1,1,1,4.0,,0.0,0,1984.0,B01,138Â 288Â 094,8.0,-1.0,-1.0,1652583,2.0,7,,0.0,2.0,1.0,B01,138Â 288Â 094,1.0
968334,201900009865,2,12,14:40,1,1,1,1.0,2.0,13001,"Autoroute A8, PK 18+600 sens NICE-LYON",M,"43,5183480","5,4297490",13,2019,110.0,1.0,1.0,1.0,2164463,1.0,1,1,1,4.0,,0.0,0,1984.0,B01,138Â 288Â 094,8.0,-1.0,-1.0,1652584,2.0,7,,0.0,2.0,4.0,A01,138Â 288Â 095,1.0
968334,201900009865,2,12,14:40,1,1,1,1.0,2.0,13001,"Autoroute A8, PK 18+600 sens NICE-LYON",M,"43,5183480","5,4297490",13,2019,110.0,1.0,1.0,1.0,2164464,1.0,1,4,1,5.0,,0.0,0,1955.0,A01,138Â 288Â 095,8.0,-1.0,-1.0,1652583,2.0,7,,0.0,2.0,1.0,B01,138Â 288Â 094,1.0
968334,201900009865,2,12,14:40,1,1,1,1.0,2.0,13001,"Autoroute A8, PK 18+600 sens NICE-LYON",M,"43,5183480","5,4297490",13,2019,110.0,1.0,1.0,1.0,2164464,1.0,1,4,1,5.0,,0.0,0,1955.0,A01,138Â 288Â 095,8.0,-1.0,-1.0,1652584,2.0,7,,0.0,2.0,4.0,A01,138Â 288Â 095,1.0
968334,201900009865,2,12,14:40,1,1,1,1.0,2.0,13001,"Autoroute A8, PK 18+600 sens NICE-LYON",M,"43,5183480","5,4297490",13,2019,110.0,1.0,1.0,1.0,2164465,2.0,2,4,2,5.0,,0.0,0,1959.0,A01,138Â 288Â 095,8.0,-1.0,-1.0,1652583,2.0,7,,0.0,2.0,1.0,B01,138Â 288Â 094,1.0
968334,201900009865,2,12,14:40,1,1,1,1.0,2.0,13001,"Autoroute A8, PK 18+600 sens NICE-LYON",M,"43,5183480","5,4297490",13,2019,110.0,1.0,1.0,1.0,2164465,2.0,2,4,2,5.0,,0.0,0,1959.0,A01,138Â 288Â 095,8.0,-1.0,-1.0,1652584,2.0,7,,0.0,2.0,4.0,A01,138Â 288Â 095,1.0
968335,201900009866,2,12,15:55,1,1,1,1.0,2.0,13001,"A8, PK 19+300",M,"43,5150340","5,4346200",13,2019,110.0,1.0,1.0,1.0,2164466,1.0,1,4,2,5.0,,0.0,0,1982.0,B01,138Â 288Â 092,8.0,-1.0,-1.0,1652585,2.0,7,,0.0,2.0,4.0,B01,138Â 288Â 092,1.0
968335,201900009866,2,12,15:55,1,1,1,1.0,2.0,13001,"A8, PK 19+300",M,"43,5150340","5,4346200",13,2019,110.0,1.0,1.0,1.0,2164466,1.0,1,4,2,5.0,,0.0,0,1982.0,B01,138Â 288Â 092,8.0,-1.0,-1.0,1652586,2.0,7,,0.0,2.0,1.0,A01,138Â 288Â 093,1.0
968335,201900009866,2,12,15:55,1,1,1,1.0,2.0,13001,"A8, PK 19+300",M,"43,5150340","5,4346200",13,2019,110.0,1.0,1.0,1.0,2164467,1.0,1,4,1,5.0,,0.0,0,1935.0,A01,138Â 288Â 093,8.0,-1.0,-1.0,1652585,2.0,7,,0.0,2.0,4.0,B01,138Â 288Â 092,1.0
968335,201900009866,2,12,15:55,1,1,1,1.0,2.0,13001,"A8, PK 19+300",M,"43,5150340","5,4346200",13,2019,110.0,1.0,1.0,1.0,2164467,1.0,1,4,1,5.0,,0.0,0,1935.0,A01,138Â 288Â 093,8.0,-1.0,-1.0,1652586,2.0,7,,0.0,2.0,1.0,A01,138Â 288Â 093,1.0
968336,201900009867,2,1,16:00,1,2,1,1.0,6.0,09219,Chemin Vicinal NÂ°1 - AUGISTROU,M,"42,9355600","0,9450960",9,2019,-1.0,1.0,6.0,4.0,2164468,1.0,1,3,1,5.0,,0.0,0,1954.0,A01,138Â 288Â 091,8.0,-1.0,-1.0,1652587,3.0,7,,2.0,0.0,1.0,A01,138Â 288Â 091,0.0
968337,201900009868,2,8,06:50,3,1,1,2.0,6.0,57695,"autoroute A4, sens PARIS / STRASBOURG",M,"49,1406020","6,4645410",57,2019,130.0,1.0,2.0,1.0,2164469,1.0,1,1,1,4.0,,0.0,0,1973.0,A01,138Â 288Â 090,1.0,-1.0,-1.0,1652588,1.0,10,,0.0,1.0,2.0,A01,138Â 288Â 090,1.0
968337,201900009868,2,8,06:50,3,1,1,2.0,6.0,57695,"autoroute A4, sens PARIS / STRASBOURG",M,"49,1406020","6,4645410",57,2019,130.0,1.0,2.0,1.0,2164470,10.0,3,3,1,0.0,,6.0,3,1998.0,A01,138Â 288Â 090,0.0,-1.0,-1.0,1652588,1.0,10,,0.0,1.0,2.0,A01,138Â 288Â 090,1.0
968338,201900009869,2,8,00:28,1,2,9,1.0,2.0,38052,CAMILLE JOUFFRAY(PLACE),M,"45,1165345","5,9869621",38,2019,80.0,3.0,7.0,3.0,2164471,1.0,1,4,1,4.0,,0.0,0,1972.0,A01,138Â 288Â 089,1.0,-1.0,-1.0,1652589,1.0,7,,1.0,0.0,1.0,B01,138Â 288Â 088,1.0
968338,201900009869,2,8,00:28,1,2,9,1.0,2.0,38052,CAMILLE JOUFFRAY(PLACE),M,"45,1165345","5,9869621",38,2019,80.0,3.0,7.0,3.0,2164471,1.0,1,4,1,4.0,,0.0,0,1972.0,A01,138Â 288Â 089,1.0,-1.0,-1.0,1652590,1.0,7,,0.0,0.0,6.0,A01,138Â 288Â 089,1.0
968339,201900009870,2,6,06:35,3,1,1,1.0,2.0,45344,A10 PK 119+450 SENS PARIS PROVINCE,M,"47,7974290","1,6110360",45,2019,130.0,1.0,1.0,1.0,2164472,1.0,1,4,1,5.0,,0.0,0,1995.0,A01,138Â 288Â 086,0.0,-1.0,-1.0,1652591,1.0,7,,3.0,0.0,1.0,A01,138Â 288Â 086,1.0
968339,201900009870,2,6,06:35,3,1,1,1.0,2.0,45344,A10 PK 119+450 SENS PARIS PROVINCE,M,"47,7974290","1,6110360",45,2019,130.0,1.0,1.0,1.0,2164472,1.0,1,4,1,5.0,,0.0,0,1995.0,A01,138Â 288Â 086,0.0,-1.0,-1.0,1652592,1.0,15,,3.0,2.0,1.0,B01,138Â 288Â 087,1.0
968339,201900009870,2,6,06:35,3,1,1,1.0,2.0,45344,A10 PK 119+450 SENS PARIS PROVINCE,M,"47,7974290","1,6110360",45,2019,130.0,1.0,1.0,1.0,2164473,1.0,1,1,1,4.0,,0.0,0,1973.0,B01,138Â 288Â 087,1.0,-1.0,-1.0,1652591,1.0,7,,3.0,0.0,1.0,A01,138Â 288Â 086,1.0
968339,201900009870,2,6,06:35,3,1,1,1.0,2.0,45344,A10 PK 119+450 SENS PARIS PROVINCE,M,"47,7974290","1,6110360",45,2019,130.0,1.0,1.0,1.0,2164473,1.0,1,1,1,4.0,,0.0,0,1973.0,B01,138Â 288Â 087,1.0,-1.0,-1.0,1652592,1.0,15,,3.0,2.0,1.0,B01,138Â 288Â 087,1.0
968340,201900009871,2,13,13:00,1,1,6,1.0,3.0,38449,D1006,M,"45,6519080","5,1191270",38,2019,50.0,1.0,1.0,3.0,2164474,1.0,1,1,1,4.0,,0.0,0,1990.0,B01,138Â 288Â 084,1.0,-1.0,-1.0,1652593,1.0,14,,0.0,2.0,3.0,B01,138Â 288Â 084,1.0
968340,201900009871,2,13,13:00,1,1,6,1.0,3.0,38449,D1006,M,"45,6519080","5,1191270",38,2019,50.0,1.0,1.0,3.0,2164474,1.0,1,1,1,4.0,,0.0,0,1990.0,B01,138Â 288Â 084,1.0,-1.0,-1.0,1652594,1.0,7,,7.0,0.0,7.0,A01,138Â 288Â 085,1.0
968340,201900009871,2,13,13:00,1,1,6,1.0,3.0,38449,D1006,M,"45,6519080","5,1191270",38,2019,50.0,1.0,1.0,3.0,2164475,1.0,1,4,2,1.0,,0.0,0,1997.0,A01,138Â 288Â 085,1.0,-1.0,-1.0,1652593,1.0,14,,0.0,2.0,3.0,B01,138Â 288Â 084,1.0
968340,201900009871,2,13,13:00,1,1,6,1.0,3.0,38449,D1006,M,"45,6519080","5,1191270",38,2019,50.0,1.0,1.0,3.0,2164475,1.0,1,4,2,1.0,,0.0,0,1997.0,A01,138Â 288Â 085,1.0,-1.0,-1.0,1652594,1.0,7,,7.0,0.0,7.0,A01,138Â 288Â 085,1.0
968341,201900009872,2,9,08:15,1,1,1,8.0,7.0,27353,RN 154 PK36 +500 vers EVREUX,M,"49,0950740","1,1885860",27,2019,110.0,3.0,1.0,2.0,2164476,1.0,1,3,1,1.0,,0.0,0,1973.0,A01,138Â 288Â 083,1.0,-1.0,-1.0,1652595,2.0,7,,13.0,0.0,3.0,A01,138Â 288Â 083,1.0
968342,201900009873,2,12,12:05,1,1,1,1.0,2.0,13103,"Autoroute A.54, Pk 59+600, sens SALON DE PCE / ARLES",M,"43,6396110","4,9585370",13,2019,130.0,1.0,1.0,1.0,2164477,1.0,1,1,1,4.0,,0.0,0,1968.0,B01,138Â 288Â 081,1.0,-1.0,-1.0,1652596,2.0,14,,0.0,0.0,4.0,B01,138Â 288Â 081,1.0
968342,201900009873,2,12,12:05,1,1,1,1.0,2.0,13103,"Autoroute A.54, Pk 59+600, sens SALON DE PCE / ARLES",M,"43,6396110","4,9585370",13,2019,130.0,1.0,1.0,1.0,2164477,1.0,1,1,1,4.0,,0.0,0,1968.0,B01,138Â 288Â 081,1.0,-1.0,-1.0,1652597,2.0,7,,0.0,2.0,1.0,A01,138Â 288Â 082,1.0
968342,201900009873,2,12,12:05,1,1,1,1.0,2.0,13103,"Autoroute A.54, Pk 59+600, sens SALON DE PCE / ARLES",M,"43,6396110","4,9585370",13,2019,130.0,1.0,1.0,1.0,2164478,1.0,1,3,1,5.0,,0.0,0,1948.0,A01,138Â 288Â 082,1.0,-1.0,-1.0,1652596,2.0,14,,0.0,0.0,4.0,B01,138Â 288Â 081,1.0
968342,201900009873,2,12,12:05,1,1,1,1.0,2.0,13103,"Autoroute A.54, Pk 59+600, sens SALON DE PCE / ARLES",M,"43,6396110","4,9585370",13,2019,130.0,1.0,1.0,1.0,2164478,1.0,1,3,1,5.0,,0.0,0,1948.0,A01,138Â 288Â 082,1.0,-1.0,-1.0,1652597,2.0,7,,0.0,2.0,1.0,A01,138Â 288Â 082,1.0
968342,201900009873,2,12,12:05,1,1,1,1.0,2.0,13103,"Autoroute A.54, Pk 59+600, sens SALON DE PCE / ARLES",M,"43,6396110","4,9585370",13,2019,130.0,1.0,1.0,1.0,2164479,2.0,2,4,2,5.0,,0.0,0,1948.0,A01,138Â 288Â 082,1.0,-1.0,-1.0,1652596,2.0,14,,0.0,0.0,4.0,B01,138Â 288Â 081,1.0
968342,201900009873,2,12,12:05,1,1,1,1.0,2.0,13103,"Autoroute A.54, Pk 59+600, sens SALON DE PCE / ARLES",M,"43,6396110","4,9585370",13,2019,130.0,1.0,1.0,1.0,2164479,2.0,2,4,2,5.0,,0.0,0,1948.0,A01,138Â 288Â 082,1.0,-1.0,-1.0,1652597,2.0,7,,0.0,2.0,1.0,A01,138Â 288Â 082,1.0
968343,201900009874,2,9,06:50,3,1,1,1.0,5.0,13076,A7 PK 210+600 sens sud nord,M,"43,8304690","5,0134660",13,2019,130.0,1.0,1.0,1.0,2164480,2.0,2,1,1,5.0,,0.0,0,1971.0,D01,138Â 288Â 077,1.0,-1.0,-1.0,1652598,2.0,7,,0.0,0.0,1.0,D01,138Â 288Â 077,1.0
968343,201900009874,2,9,06:50,3,1,1,1.0,5.0,13076,A7 PK 210+600 sens sud nord,M,"43,8304690","5,0134660",13,2019,130.0,1.0,1.0,1.0,2164480,2.0,2,1,1,5.0,,0.0,0,1971.0,D01,138Â 288Â 077,1.0,-1.0,-1.0,1652599,2.0,7,,3.0,0.0,3.0,C01,138Â 288Â 078,1.0
968343,201900009874,2,9,06:50,3,1,1,1.0,5.0,13076,A7 PK 210+600 sens sud nord,M,"43,8304690","5,0134660",13,2019,130.0,1.0,1.0,1.0,2164480,2.0,2,1,1,5.0,,0.0,0,1971.0,D01,138Â 288Â 077,1.0,-1.0,-1.0,1652600,2.0,7,,0.0,0.0,6.0,B01,138Â 288Â 079,1.0
968343,201900009874,2,9,06:50,3,1,1,1.0,5.0,13076,A7 PK 210+600 sens sud nord,M,"43,8304690","5,0134660",13,2019,130.0,1.0,1.0,1.0,2164480,2.0,2,1,1,5.0,,0.0,0,1971.0,D01,138Â 288Â 077,1.0,-1.0,-1.0,1652601,2.0,7,,3.0,2.0,2.0,A01,138Â 288Â 080,1.0
968343,201900009874,2,9,06:50,3,1,1,1.0,5.0,13076,A7 PK 210+600 sens sud nord,M,"43,8304690","5,0134660",13,2019,130.0,1.0,1.0,1.0,2164481,7.0,2,1,1,5.0,,0.0,0,2001.0,D01,138Â 288Â 077,1.0,-1.0,-1.0,1652598,2.0,7,,0.0,0.0,1.0,D01,138Â 288Â 077,1.0
968343,201900009874,2,9,06:50,3,1,1,1.0,5.0,13076,A7 PK 210+600 sens sud nord,M,"43,8304690","5,0134660",13,2019,130.0,1.0,1.0,1.0,2164481,7.0,2,1,1,5.0,,0.0,0,2001.0,D01,138Â 288Â 077,1.0,-1.0,-1.0,1652599,2.0,7,,3.0,0.0,3.0,C01,138Â 288Â 078,1.0
968343,201900009874,2,9,06:50,3,1,1,1.0,5.0,13076,A7 PK 210+600 sens sud nord,M,"43,8304690","5,0134660",13,2019,130.0,1.0,1.0,1.0,2164481,7.0,2,1,1,5.0,,0.0,0,2001.0,D01,138Â 288Â 077,1.0,-1.0,-1.0,1652600,2.0,7,,0.0,0.0,6.0,B01,138Â 288Â 079,1.0
968343,201900009874,2,9,06:50,3,1,1,1.0,5.0,13076,A7 PK 210+600 sens sud nord,M,"43,8304690","5,0134660",13,2019,130.0,1.0,1.0,1.0,2164481,7.0,2,1,1,5.0,,0.0,0,2001.0,D01,138Â 288Â 077,1.0,-1.0,-1.0,1652601,2.0,7,,3.0,2.0,2.0,A01,138Â 288Â 080,1.0
968343,201900009874,2,9,06:50,3,1,1,1.0,5.0,13076,A7 PK 210+600 sens sud nord,M,"43,8304690","5,0134660",13,2019,130.0,1.0,1.0,1.0,2164482,1.0,1,1,2,5.0,,0.0,0,1970.0,D01,138Â 288Â 077,1.0,-1.0,-1.0,1652598,2.0,7,,0.0,0.0,1.0,D01,138Â 288Â 077,1.0
968343,201900009874,2,9,06:50,3,1,1,1.0,5.0,13076,A7 PK 210+600 sens sud nord,M,"43,8304690","5,0134660",13,2019,130.0,1.0,1.0,1.0,2164482,1.0,1,1,2,5.0,,0.0,0,1970.0,D01,138Â 288Â 077,1.0,-1.0,-1.0,1652599,2.0,7,,3.0,0.0,3.0,C01,138Â 288Â 078,1.0
968343,201900009874,2,9,06:50,3,1,1,1.0,5.0,13076,A7 PK 210+600 sens sud nord,M,"43,8304690","5,0134660",13,2019,130.0,1.0,1.0,1.0,2164482,1.0,1,1,2,5.0,,0.0,0,1970.0,D01,138Â 288Â 077,1.0,-1.0,-1.0,1652600,2.0,7,,0.0,0.0,6.0,B01,138Â 288Â 079,1.0
968343,201900009874,2,9,06:50,3,1,1,1.0,5.0,13076,A7 PK 210+600 sens sud nord,M,"43,8304690","5,0134660",13,2019,130.0,1.0,1.0,1.0,2164482,1.0,1,1,2,5.0,,0.0,0,1970.0,D01,138Â 288Â 077,1.0,-1.0,-1.0,1652601,2.0,7,,3.0,2.0,2.0,A01,138Â 288Â 080,1.0
968343,201900009874,2,9,06:50,3,1,1,1.0,5.0,13076,A7 PK 210+600 sens sud nord,M,"43,8304690","5,0134660",13,2019,130.0,1.0,1.0,1.0,2164483,1.0,1,1,1,5.0,,0.0,0,1956.0,C01,138Â 288Â 078,1.0,-1.0,-1.0,1652598,2.0,7,,0.0,0.0,1.0,D01,138Â 288Â 077,1.0
968343,201900009874,2,9,06:50,3,1,1,1.0,5.0,13076,A7 PK 210+600 sens sud nord,M,"43,8304690","5,0134660",13,2019,130.0,1.0,1.0,1.0,2164483,1.0,1,1,1,5.0,,0.0,0,1956.0,C01,138Â 288Â 078,1.0,-1.0,-1.0,1652599,2.0,7,,3.0,0.0,3.0,C01,138Â 288Â 078,1.0
968343,201900009874,2,9,06:50,3,1,1,1.0,5.0,13076,A7 PK 210+600 sens sud nord,M,"43,8304690","5,0134660",13,2019,130.0,1.0,1.0,1.0,2164483,1.0,1,1,1,5.0,,0.0,0,1956.0,C01,138Â 288Â 078,1.0,-1.0,-1.0,1652600,2.0,7,,0.0,0.0,6.0,B01,138Â 288Â 079,1.0
968343,201900009874,2,9,06:50,3,1,1,1.0,5.0,13076,A7 PK 210+600 sens sud nord,M,"43,8304690","5,0134660",13,2019,130.0,1.0,1.0,1.0,2164483,1.0,1,1,1,5.0,,0.0,0,1956.0,C01,138Â 288Â 078,1.0,-1.0,-1.0,1652601,2.0,7,,3.0,2.0,2.0,A01,138Â 288Â 080,1.0
968343,201900009874,2,9,06:50,3,1,1,1.0,5.0,13076,A7 PK 210+600 sens sud nord,M,"43,8304690","5,0134660",13,2019,130.0,1.0,1.0,1.0,2164484,9.0,2,1,2,5.0,,0.0,0,1981.0,B01,138Â 288Â 079,1.0,-1.0,-1.0,1652598,2.0,7,,0.0,0.0,1.0,D01,138Â 288Â 077,1.0
968343,201900009874,2,9,06:50,3,1,1,1.0,5.0,13076,A7 PK 210+600 sens sud nord,M,"43,8304690","5,0134660",13,2019,130.0,1.0,1.0,1.0,2164484,9.0,2,1,2,5.0,,0.0,0,1981.0,B01,138Â 288Â 079,1.0,-1.0,-1.0,1652599,2.0,7,,3.0,0.0,3.0,C01,138Â 288Â 078,1.0
968343,201900009874,2,9,06:50,3,1,1,1.0,5.0,13076,A7 PK 210+600 sens sud nord,M,"43,8304690","5,0134660",13,2019,130.0,1.0,1.0,1.0,2164484,9.0,2,1,2,5.0,,0.0,0,1981.0,B01,138Â 288Â 079,1.0,-1.0,-1.0,1652600,2.0,7,,0.0,0.0,6.0,B01,138Â 288Â 079,1.0
968343,201900009874,2,9,06:50,3,1,1,1.0,5.0,13076,A7 PK 210+600 sens sud nord,M,"43,8304690","5,0134660",13,2019,130.0,1.0,1.0,1.0,2164484,9.0,2,1,2,5.0,,0.0,0,1981.0,B01,138Â 288Â 079,1.0,-1.0,-1.0,1652601,2.0,7,,3.0,2.0,2.0,A01,138Â 288Â 080,1.0