Unnamed: 0_x,num_acc,mois,jour,hrmn,lum,agg,int,atm,col,com,adr,gps,lat,long,dep,annee,vma,situ,surf,catr,Unnamed: 0_y,place,catu,grav,sexe,trajet,secu,locp,actp,an_nais,num_veh_x,id_vehicule_x,secu1,secu2,secu3,Unnamed: 0,senc,catv,occutc,obs,obsm,choc,num_veh_y,id_vehicule_y,motor
968343,201900009874,2,9,06:50,3,1,1,1.0,5.0,13076,A7 PK 210+600 sens sud nord,M,"43,8304690","5,0134660",13,2019,130.0,1.0,1.0,1.0,2164485,2.0,2,1,2,5.0,,0.0,0,1986.0,B01,138Â 288Â 079,1.0,-1.0,-1.0,1652598,2.0,7,,0.0,0.0,1.0,D01,138Â 288Â 077,1.0
968343,201900009874,2,9,06:50,3,1,1,1.0,5.0,13076,A7 PK 210+600 sens sud nord,M,"43,8304690","5,0134660",13,2019,130.0,1.0,1.0,1.0,2164485,2.0,2,1,2,5.0,,0.0,0,1986.0,B01,138Â 288Â 079,1.0,-1.0,-1.0,1652599,2.0,7,,3.0,0.0,3.0,C01,138Â 288Â 078,1.0
968343,201900009874,2,9,06:50,3,1,1,1.0,5.0,13076,A7 PK 210+600 sens sud nord,M,"43,8304690","5,0134660",13,2019,130.0,1.0,1.0,1.0,2164485,2.0,2,1,2,5.0,,0.0,0,1986.0,B01,138Â 288Â 079,1.0,-1.0,-1.0,1652600,2.0,7,,0.0,0.0,6.0,B01,138Â 288Â 079,1.0
968343,201900009874,2,9,06:50,3,1,1,1.0,5.0,13076,A7 PK 210+600 sens sud nord,M,"43,8304690","5,0134660",13,2019,130.0,1.0,1.0,1.0,2164485,2.0,2,1,2,5.0,,0.0,0,1986.0,B01,138Â 288Â 079,1.0,-1.0,-1.0,1652601,2.0,7,,3.0,2.0,2.0,A01,138Â 288Â 080,1.0
968343,201900009874,2,9,06:50,3,1,1,1.0,5.0,13076,A7 PK 210+600 sens sud nord,M,"43,8304690","5,0134660",13,2019,130.0,1.0,1.0,1.0,2164486,1.0,1,4,2,5.0,,0.0,0,1990.0,B01,138Â 288Â 079,1.0,-1.0,-1.0,1652598,2.0,7,,0.0,0.0,1.0,D01,138Â 288Â 077,1.0
968343,201900009874,2,9,06:50,3,1,1,1.0,5.0,13076,A7 PK 210+600 sens sud nord,M,"43,8304690","5,0134660",13,2019,130.0,1.0,1.0,1.0,2164486,1.0,1,4,2,5.0,,0.0,0,1990.0,B01,138Â 288Â 079,1.0,-1.0,-1.0,1652599,2.0,7,,3.0,0.0,3.0,C01,138Â 288Â 078,1.0
968343,201900009874,2,9,06:50,3,1,1,1.0,5.0,13076,A7 PK 210+600 sens sud nord,M,"43,8304690","5,0134660",13,2019,130.0,1.0,1.0,1.0,2164486,1.0,1,4,2,5.0,,0.0,0,1990.0,B01,138Â 288Â 079,1.0,-1.0,-1.0,1652600,2.0,7,,0.0,0.0,6.0,B01,138Â 288Â 079,1.0
968343,201900009874,2,9,06:50,3,1,1,1.0,5.0,13076,A7 PK 210+600 sens sud nord,M,"43,8304690","5,0134660",13,2019,130.0,1.0,1.0,1.0,2164486,1.0,1,4,2,5.0,,0.0,0,1990.0,B01,138Â 288Â 079,1.0,-1.0,-1.0,1652601,2.0,7,,3.0,2.0,2.0,A01,138Â 288Â 080,1.0
968343,201900009874,2,9,06:50,3,1,1,1.0,5.0,13076,A7 PK 210+600 sens sud nord,M,"43,8304690","5,0134660",13,2019,130.0,1.0,1.0,1.0,2164487,1.0,1,4,1,5.0,,0.0,0,1997.0,A01,138Â 288Â 080,1.0,-1.0,-1.0,1652598,2.0,7,,0.0,0.0,1.0,D01,138Â 288Â 077,1.0
968343,201900009874,2,9,06:50,3,1,1,1.0,5.0,13076,A7 PK 210+600 sens sud nord,M,"43,8304690","5,0134660",13,2019,130.0,1.0,1.0,1.0,2164487,1.0,1,4,1,5.0,,0.0,0,1997.0,A01,138Â 288Â 080,1.0,-1.0,-1.0,1652599,2.0,7,,3.0,0.0,3.0,C01,138Â 288Â 078,1.0
968343,201900009874,2,9,06:50,3,1,1,1.0,5.0,13076,A7 PK 210+600 sens sud nord,M,"43,8304690","5,0134660",13,2019,130.0,1.0,1.0,1.0,2164487,1.0,1,4,1,5.0,,0.0,0,1997.0,A01,138Â 288Â 080,1.0,-1.0,-1.0,1652600,2.0,7,,0.0,0.0,6.0,B01,138Â 288Â 079,1.0
968343,201900009874,2,9,06:50,3,1,1,1.0,5.0,13076,A7 PK 210+600 sens sud nord,M,"43,8304690","5,0134660",13,2019,130.0,1.0,1.0,1.0,2164487,1.0,1,4,1,5.0,,0.0,0,1997.0,A01,138Â 288Â 080,1.0,-1.0,-1.0,1652601,2.0,7,,3.0,2.0,2.0,A01,138Â 288Â 080,1.0
968344,201900009875,2,10,20:45,3,1,1,3.0,5.0,51483,A26,M,"48,9776368","4,2867316",51,2019,130.0,1.0,2.0,1.0,2164488,1.0,1,4,1,9.0,,0.0,0,1997.0,C01,138Â 288Â 074,1.0,-1.0,-1.0,1652602,1.0,7,,3.0,0.0,1.0,C01,138Â 288Â 074,1.0
968344,201900009875,2,10,20:45,3,1,1,3.0,5.0,51483,A26,M,"48,9776368","4,2867316",51,2019,130.0,1.0,2.0,1.0,2164488,1.0,1,4,1,9.0,,0.0,0,1997.0,C01,138Â 288Â 074,1.0,-1.0,-1.0,1652603,1.0,7,,0.0,0.0,1.0,B01,138Â 288Â 075,1.0
968344,201900009875,2,10,20:45,3,1,1,3.0,5.0,51483,A26,M,"48,9776368","4,2867316",51,2019,130.0,1.0,2.0,1.0,2164488,1.0,1,4,1,9.0,,0.0,0,1997.0,C01,138Â 288Â 074,1.0,-1.0,-1.0,1652604,1.0,7,,0.0,2.0,5.0,A01,138Â 288Â 076,1.0
968344,201900009875,2,10,20:45,3,1,1,3.0,5.0,51483,A26,M,"48,9776368","4,2867316",51,2019,130.0,1.0,2.0,1.0,2164489,1.0,1,4,1,2.0,,0.0,0,1996.0,B01,138Â 288Â 075,1.0,-1.0,-1.0,1652602,1.0,7,,3.0,0.0,1.0,C01,138Â 288Â 074,1.0
968344,201900009875,2,10,20:45,3,1,1,3.0,5.0,51483,A26,M,"48,9776368","4,2867316",51,2019,130.0,1.0,2.0,1.0,2164489,1.0,1,4,1,2.0,,0.0,0,1996.0,B01,138Â 288Â 075,1.0,-1.0,-1.0,1652603,1.0,7,,0.0,0.0,1.0,B01,138Â 288Â 075,1.0
968344,201900009875,2,10,20:45,3,1,1,3.0,5.0,51483,A26,M,"48,9776368","4,2867316",51,2019,130.0,1.0,2.0,1.0,2164489,1.0,1,4,1,2.0,,0.0,0,1996.0,B01,138Â 288Â 075,1.0,-1.0,-1.0,1652604,1.0,7,,0.0,2.0,5.0,A01,138Â 288Â 076,1.0
968344,201900009875,2,10,20:45,3,1,1,3.0,5.0,51483,A26,M,"48,9776368","4,2867316",51,2019,130.0,1.0,2.0,1.0,2164490,1.0,1,3,1,9.0,,0.0,0,1996.0,A01,138Â 288Â 076,0.0,-1.0,-1.0,1652602,1.0,7,,3.0,0.0,1.0,C01,138Â 288Â 074,1.0
968344,201900009875,2,10,20:45,3,1,1,3.0,5.0,51483,A26,M,"48,9776368","4,2867316",51,2019,130.0,1.0,2.0,1.0,2164490,1.0,1,3,1,9.0,,0.0,0,1996.0,A01,138Â 288Â 076,0.0,-1.0,-1.0,1652603,1.0,7,,0.0,0.0,1.0,B01,138Â 288Â 075,1.0
968344,201900009875,2,10,20:45,3,1,1,3.0,5.0,51483,A26,M,"48,9776368","4,2867316",51,2019,130.0,1.0,2.0,1.0,2164490,1.0,1,3,1,9.0,,0.0,0,1996.0,A01,138Â 288Â 076,0.0,-1.0,-1.0,1652604,1.0,7,,0.0,2.0,5.0,A01,138Â 288Â 076,1.0
968345,201900009876,2,12,13:00,1,1,1,1.0,6.0,33229,Blagon - PR 32+200,M,"44,7797800"," -0,9656700",33,2019,110.0,3.0,1.0,3.0,2164491,4.0,2,4,1,9.0,,0.0,0,1979.0,A01,138Â 288Â 073,1.0,-1.0,-1.0,1652605,1.0,7,,13.0,0.0,9.0,A01,138Â 288Â 073,1.0
968345,201900009876,2,12,13:00,1,1,1,1.0,6.0,33229,Blagon - PR 32+200,M,"44,7797800"," -0,9656700",33,2019,110.0,3.0,1.0,3.0,2164492,2.0,2,4,2,9.0,,0.0,0,1986.0,A01,138Â 288Â 073,1.0,-1.0,-1.0,1652605,1.0,7,,13.0,0.0,9.0,A01,138Â 288Â 073,1.0
968345,201900009876,2,12,13:00,1,1,1,1.0,6.0,33229,Blagon - PR 32+200,M,"44,7797800"," -0,9656700",33,2019,110.0,3.0,1.0,3.0,2164493,1.0,1,1,2,9.0,,0.0,0,1954.0,A01,138Â 288Â 073,1.0,-1.0,-1.0,1652605,1.0,7,,13.0,0.0,9.0,A01,138Â 288Â 073,1.0
968346,201900009877,1,18,13:50,1,2,3,1.0,3.0,33005,RD 215E1 (boulevard du page),M,"44,7616000"," -1,0724100",33,2019,50.0,1.0,1.0,3.0,2164494,1.0,1,1,1,1.0,,0.0,0,1986.0,A01,138Â 288Â 071,1.0,-1.0,-1.0,1652606,2.0,7,,0.0,2.0,2.0,A01,138Â 288Â 071,6.0
968346,201900009877,1,18,13:50,1,2,3,1.0,3.0,33005,RD 215E1 (boulevard du page),M,"44,7616000"," -1,0724100",33,2019,50.0,1.0,1.0,3.0,2164494,1.0,1,1,1,1.0,,0.0,0,1986.0,A01,138Â 288Â 071,1.0,-1.0,-1.0,1652607,2.0,7,,0.0,2.0,8.0,B01,138Â 288Â 072,6.0
968346,201900009877,1,18,13:50,1,2,3,1.0,3.0,33005,RD 215E1 (boulevard du page),M,"44,7616000"," -1,0724100",33,2019,50.0,1.0,1.0,3.0,2164495,1.0,1,4,2,1.0,,0.0,0,1991.0,B01,138Â 288Â 072,1.0,-1.0,-1.0,1652606,2.0,7,,0.0,2.0,2.0,A01,138Â 288Â 071,6.0
968346,201900009877,1,18,13:50,1,2,3,1.0,3.0,33005,RD 215E1 (boulevard du page),M,"44,7616000"," -1,0724100",33,2019,50.0,1.0,1.0,3.0,2164495,1.0,1,4,2,1.0,,0.0,0,1991.0,B01,138Â 288Â 072,1.0,-1.0,-1.0,1652607,2.0,7,,0.0,2.0,8.0,B01,138Â 288Â 072,6.0
968347,201900009878,2,10,20:50,3,1,1,1.0,2.0,28169,A10,M,"48,4335970","1,9047930",28,2019,130.0,1.0,1.0,1.0,2164496,9.0,2,3,1,5.0,,0.0,0,1999.0,B01,138Â 288Â 069,1.0,-1.0,-1.0,1652608,2.0,7,,0.0,0.0,5.0,B01,138Â 288Â 069,1.0
968347,201900009878,2,10,20:50,3,1,1,1.0,2.0,28169,A10,M,"48,4335970","1,9047930",28,2019,130.0,1.0,1.0,1.0,2164496,9.0,2,3,1,5.0,,0.0,0,1999.0,B01,138Â 288Â 069,1.0,-1.0,-1.0,1652609,2.0,7,,0.0,2.0,5.0,A01,138Â 288Â 070,1.0
968347,201900009878,2,10,20:50,3,1,1,1.0,2.0,28169,A10,M,"48,4335970","1,9047930",28,2019,130.0,1.0,1.0,1.0,2164497,2.0,2,3,1,5.0,,0.0,0,1979.0,B01,138Â 288Â 069,8.0,-1.0,-1.0,1652608,2.0,7,,0.0,0.0,5.0,B01,138Â 288Â 069,1.0
968347,201900009878,2,10,20:50,3,1,1,1.0,2.0,28169,A10,M,"48,4335970","1,9047930",28,2019,130.0,1.0,1.0,1.0,2164497,2.0,2,3,1,5.0,,0.0,0,1979.0,B01,138Â 288Â 069,8.0,-1.0,-1.0,1652609,2.0,7,,0.0,2.0,5.0,A01,138Â 288Â 070,1.0
968347,201900009878,2,10,20:50,3,1,1,1.0,2.0,28169,A10,M,"48,4335970","1,9047930",28,2019,130.0,1.0,1.0,1.0,2164498,1.0,1,4,1,5.0,,0.0,0,1997.0,B01,138Â 288Â 069,1.0,-1.0,-1.0,1652608,2.0,7,,0.0,0.0,5.0,B01,138Â 288Â 069,1.0
968347,201900009878,2,10,20:50,3,1,1,1.0,2.0,28169,A10,M,"48,4335970","1,9047930",28,2019,130.0,1.0,1.0,1.0,2164498,1.0,1,4,1,5.0,,0.0,0,1997.0,B01,138Â 288Â 069,1.0,-1.0,-1.0,1652609,2.0,7,,0.0,2.0,5.0,A01,138Â 288Â 070,1.0
968347,201900009878,2,10,20:50,3,1,1,1.0,2.0,28169,A10,M,"48,4335970","1,9047930",28,2019,130.0,1.0,1.0,1.0,2164499,1.0,1,1,1,5.0,,0.0,0,1969.0,A01,138Â 288Â 070,1.0,-1.0,-1.0,1652608,2.0,7,,0.0,0.0,5.0,B01,138Â 288Â 069,1.0
968347,201900009878,2,10,20:50,3,1,1,1.0,2.0,28169,A10,M,"48,4335970","1,9047930",28,2019,130.0,1.0,1.0,1.0,2164499,1.0,1,1,1,5.0,,0.0,0,1969.0,A01,138Â 288Â 070,1.0,-1.0,-1.0,1652609,2.0,7,,0.0,2.0,5.0,A01,138Â 288Â 070,1.0
968348,201900009879,2,8,23:03,5,2,9,1.0,3.0,98714,Vaitape - quartier Tiipoto,M," -16,4988880"," -145,7382180",987,2019,40.0,1.0,1.0,2.0,2164500,1.0,1,1,2,5.0,,0.0,0,1980.0,A01,138Â 288Â 067,1.0,-1.0,-1.0,1652610,0.0,7,,0.0,1.0,2.0,A01,138Â 288Â 067,1.0
968348,201900009879,2,8,23:03,5,2,9,1.0,3.0,98714,Vaitape - quartier Tiipoto,M," -16,4988880"," -145,7382180",987,2019,40.0,1.0,1.0,2.0,2164500,1.0,1,1,2,5.0,,0.0,0,1980.0,A01,138Â 288Â 067,1.0,-1.0,-1.0,1652611,3.0,1,,0.0,2.0,6.0,B01,138Â 288Â 068,5.0
968348,201900009879,2,8,23:03,5,2,9,1.0,3.0,98714,Vaitape - quartier Tiipoto,M," -16,4988880"," -145,7382180",987,2019,40.0,1.0,1.0,2.0,2164501,1.0,1,3,1,5.0,,0.0,0,1976.0,B01,138Â 288Â 068,0.0,-1.0,-1.0,1652610,0.0,7,,0.0,1.0,2.0,A01,138Â 288Â 067,1.0
968348,201900009879,2,8,23:03,5,2,9,1.0,3.0,98714,Vaitape - quartier Tiipoto,M," -16,4988880"," -145,7382180",987,2019,40.0,1.0,1.0,2.0,2164501,1.0,1,3,1,5.0,,0.0,0,1976.0,B01,138Â 288Â 068,0.0,-1.0,-1.0,1652611,3.0,1,,0.0,2.0,6.0,B01,138Â 288Â 068,5.0
968349,201900009880,2,10,03:30,3,1,1,1.0,6.0,98729,PK 10+800 PIHAENA-PAOPAO,M," -17,5127390"," -149,8560360",987,2019,60.0,5.0,1.0,2.0,2164502,1.0,1,1,1,5.0,,0.0,0,1998.0,A01,138Â 288Â 066,2.0,-1.0,-1.0,1652612,2.0,2,,15.0,0.0,1.0,A01,138Â 288Â 066,1.0
968349,201900009880,2,10,03:30,3,1,1,1.0,6.0,98729,PK 10+800 PIHAENA-PAOPAO,M," -17,5127390"," -149,8560360",987,2019,60.0,5.0,1.0,2.0,2164503,2.0,2,3,1,5.0,,0.0,0,1999.0,A01,138Â 288Â 066,2.0,-1.0,-1.0,1652612,2.0,2,,15.0,0.0,1.0,A01,138Â 288Â 066,1.0
968350,201900009881,2,10,19:30,3,2,1,1.0,3.0,98722,PK 25,M," -17,5668330"," -149,3290090",987,2019,60.0,1.0,1.0,2.0,2164504,1.0,1,3,1,5.0,,0.0,0,1996.0,A01,138Â 288Â 064,0.0,-1.0,-1.0,1652613,2.0,1,,0.0,2.0,0.0,A01,138Â 288Â 064,5.0
968350,201900009881,2,10,19:30,3,2,1,1.0,3.0,98722,PK 25,M," -17,5668330"," -149,3290090",987,2019,60.0,1.0,1.0,2.0,2164504,1.0,1,3,1,5.0,,0.0,0,1996.0,A01,138Â 288Â 064,0.0,-1.0,-1.0,1652614,2.0,7,,0.0,2.0,2.0,B01,138Â 288Â 065,1.0
968350,201900009881,2,10,19:30,3,2,1,1.0,3.0,98722,PK 25,M," -17,5668330"," -149,3290090",987,2019,60.0,1.0,1.0,2.0,2164505,1.0,1,1,1,5.0,,0.0,0,1995.0,B01,138Â 288Â 065,1.0,-1.0,-1.0,1652613,2.0,1,,0.0,2.0,0.0,A01,138Â 288Â 064,5.0
968350,201900009881,2,10,19:30,3,2,1,1.0,3.0,98722,PK 25,M," -17,5668330"," -149,3290090",987,2019,60.0,1.0,1.0,2.0,2164505,1.0,1,1,1,5.0,,0.0,0,1995.0,B01,138Â 288Â 065,1.0,-1.0,-1.0,1652614,2.0,7,,0.0,2.0,2.0,B01,138Â 288Â 065,1.0
968351,201900009882,2,11,20:15,3,1,1,1.0,1.0,98814,JOZIP,M," -20,9445200","167,3596400",988,2019,90.0,3.0,1.0,4.0,2164506,1.0,1,4,1,5.0,,0.0,0,1992.0,B01,138Â 288Â 062,1.0,1.0,1.0,1652615,0.0,7,,0.0,2.0,1.0,B01,138Â 288Â 062,1.0
968351,201900009882,2,11,20:15,3,1,1,1.0,1.0,98814,JOZIP,M," -20,9445200","167,3596400",988,2019,90.0,3.0,1.0,4.0,2164506,1.0,1,4,1,5.0,,0.0,0,1992.0,B01,138Â 288Â 062,1.0,1.0,1.0,1652616,2.0,7,,1.0,0.0,1.0,A01,138Â 288Â 063,1.0
968351,201900009882,2,11,20:15,3,1,1,1.0,1.0,98814,JOZIP,M," -20,9445200","167,3596400",988,2019,90.0,3.0,1.0,4.0,2164507,1.0,1,4,1,5.0,,0.0,0,1987.0,A01,138Â 288Â 063,0.0,-1.0,-1.0,1652615,0.0,7,,0.0,2.0,1.0,B01,138Â 288Â 062,1.0
968351,201900009882,2,11,20:15,3,1,1,1.0,1.0,98814,JOZIP,M," -20,9445200","167,3596400",988,2019,90.0,3.0,1.0,4.0,2164507,1.0,1,4,1,5.0,,0.0,0,1987.0,A01,138Â 288Â 063,0.0,-1.0,-1.0,1652616,2.0,7,,1.0,0.0,1.0,A01,138Â 288Â 063,1.0
968351,201900009882,2,11,20:15,3,1,1,1.0,1.0,98814,JOZIP,M," -20,9445200","167,3596400",988,2019,90.0,3.0,1.0,4.0,2164508,10.0,3,4,2,5.0,,6.0,9,1967.0,A01,138Â 288Â 063,0.0,-1.0,-1.0,1652615,0.0,7,,0.0,2.0,1.0,B01,138Â 288Â 062,1.0
968351,201900009882,2,11,20:15,3,1,1,1.0,1.0,98814,JOZIP,M," -20,9445200","167,3596400",988,2019,90.0,3.0,1.0,4.0,2164508,10.0,3,4,2,5.0,,6.0,9,1967.0,A01,138Â 288Â 063,0.0,-1.0,-1.0,1652616,2.0,7,,1.0,0.0,1.0,A01,138Â 288Â 063,1.0
968352,201900009883,2,9,05:00,2,1,3,1.0,2.0,98831,RT1,M," -20,8889300","164,6754100",988,2019,110.0,1.0,1.0,2.0,2164509,1.0,1,1,1,5.0,,0.0,0,1998.0,A01,138Â 288Â 060,8.0,-1.0,-1.0,1652617,1.0,7,,8.0,2.0,6.0,A01,138Â 288Â 060,1.0
968352,201900009883,2,9,05:00,2,1,3,1.0,2.0,98831,RT1,M," -20,8889300","164,6754100",988,2019,110.0,1.0,1.0,2.0,2164509,1.0,1,1,1,5.0,,0.0,0,1998.0,A01,138Â 288Â 060,8.0,-1.0,-1.0,1652618,1.0,7,,0.0,2.0,2.0,B01,138Â 288Â 061,0.0
968352,201900009883,2,9,05:00,2,1,3,1.0,2.0,98831,RT1,M," -20,8889300","164,6754100",988,2019,110.0,1.0,1.0,2.0,2164510,2.0,2,3,2,5.0,,0.0,0,1957.0,A01,138Â 288Â 060,1.0,-1.0,-1.0,1652617,1.0,7,,8.0,2.0,6.0,A01,138Â 288Â 060,1.0
968352,201900009883,2,9,05:00,2,1,3,1.0,2.0,98831,RT1,M," -20,8889300","164,6754100",988,2019,110.0,1.0,1.0,2.0,2164510,2.0,2,3,2,5.0,,0.0,0,1957.0,A01,138Â 288Â 060,1.0,-1.0,-1.0,1652618,1.0,7,,0.0,2.0,2.0,B01,138Â 288Â 061,0.0
968353,201900009884,2,10,13:00,1,2,4,1.0,1.0,97422,Rue du PÃ¨re Favron,M," -21,2248720","55,5584290",974,2019,50.0,1.0,1.0,4.0,2164511,1.0,1,3,2,5.0,,0.0,0,1992.0,A01,138Â 288Â 058,2.0,6.0,9.0,1652619,0.0,33,,0.0,2.0,1.0,A01,138Â 288Â 058,0.0
968353,201900009884,2,10,13:00,1,2,4,1.0,1.0,97422,Rue du PÃ¨re Favron,M," -21,2248720","55,5584290",974,2019,50.0,1.0,1.0,4.0,2164511,1.0,1,3,2,5.0,,0.0,0,1992.0,A01,138Â 288Â 058,2.0,6.0,9.0,1652620,0.0,10,,0.0,2.0,3.0,B01,138Â 288Â 059,0.0
968353,201900009884,2,10,13:00,1,2,4,1.0,1.0,97422,Rue du PÃ¨re Favron,M," -21,2248720","55,5584290",974,2019,50.0,1.0,1.0,4.0,2164512,1.0,1,1,1,0.0,,0.0,0,1986.0,B01,138Â 288Â 059,1.0,-1.0,-1.0,1652619,0.0,33,,0.0,2.0,1.0,A01,138Â 288Â 058,0.0
968353,201900009884,2,10,13:00,1,2,4,1.0,1.0,97422,Rue du PÃ¨re Favron,M," -21,2248720","55,5584290",974,2019,50.0,1.0,1.0,4.0,2164512,1.0,1,1,1,0.0,,0.0,0,1986.0,B01,138Â 288Â 059,1.0,-1.0,-1.0,1652620,0.0,10,,0.0,2.0,3.0,B01,138Â 288Â 059,0.0
968354,201900009885,2,13,16:14,1,1,1,7.0,6.0,97415,route du thÃ©Ã¢tre,M," -21,0366350","55,3101670",974,2019,80.0,4.0,1.0,3.0,2164513,1.0,1,3,1,0.0,,0.0,0,1982.0,A01,138Â 288Â 057,2.0,6.0,9.0,1652621,0.0,33,,12.0,0.0,1.0,A01,138Â 288Â 057,1.0
968355,201900009886,2,8,15:10,1,2,3,1.0,3.0,97402,chemin bras panon,M," -21,0302460","55,6145480",974,2019,50.0,1.0,1.0,4.0,2164514,1.0,1,1,1,1.0,,0.0,0,1988.0,B01,138Â 288Â 055,1.0,-1.0,-1.0,1652622,0.0,7,,0.0,2.0,8.0,B01,138Â 288Â 055,1.0
968355,201900009886,2,8,15:10,1,2,3,1.0,3.0,97402,chemin bras panon,M," -21,0302460","55,6145480",974,2019,50.0,1.0,1.0,4.0,2164514,1.0,1,1,1,1.0,,0.0,0,1988.0,B01,138Â 288Â 055,1.0,-1.0,-1.0,1652623,3.0,33,,0.0,2.0,1.0,A01,138Â 288Â 056,1.0
968355,201900009886,2,8,15:10,1,2,3,1.0,3.0,97402,chemin bras panon,M," -21,0302460","55,6145480",974,2019,50.0,1.0,1.0,4.0,2164515,1.0,1,3,1,0.0,,0.0,0,1978.0,A01,138Â 288Â 056,2.0,-1.0,-1.0,1652622,0.0,7,,0.0,2.0,8.0,B01,138Â 288Â 055,1.0
968355,201900009886,2,8,15:10,1,2,3,1.0,3.0,97402,chemin bras panon,M," -21,0302460","55,6145480",974,2019,50.0,1.0,1.0,4.0,2164515,1.0,1,3,1,0.0,,0.0,0,1978.0,A01,138Â 288Â 056,2.0,-1.0,-1.0,1652623,3.0,33,,0.0,2.0,1.0,A01,138Â 288Â 056,1.0
968356,201900009887,2,11,17:45,1,1,1,1.0,6.0,97306,"pk 182,5 RN1",M,"5,5381215"," -53,5062933",973,2019,80.0,1.0,1.0,2.0,2164516,1.0,1,1,2,5.0,,0.0,0,1968.0,A01,138Â 288Â 054,8.0,-1.0,-1.0,1652624,2.0,7,,0.0,1.0,3.0,A01,138Â 288Â 054,1.0
968356,201900009887,2,11,17:45,1,1,1,1.0,6.0,97306,"pk 182,5 RN1",M,"5,5381215"," -53,5062933",973,2019,80.0,1.0,1.0,2.0,2164517,10.0,3,3,1,5.0,,1.0,3,2012.0,A01,138Â 288Â 054,0.0,-1.0,-1.0,1652624,2.0,7,,0.0,1.0,3.0,A01,138Â 288Â 054,1.0
968357,201900009888,2,9,12:45,1,1,1,1.0,1.0,97311,route de saint jean,M,"5,4398047"," -54,0378320",973,2019,80.0,1.0,1.0,3.0,2164518,1.0,1,3,1,0.0,,0.0,0,1975.0,B01,138Â 288Â 052,1.0,-1.0,-1.0,1652625,1.0,7,,0.0,2.0,1.0,B01,138Â 288Â 052,1.0
968357,201900009888,2,9,12:45,1,1,1,1.0,1.0,97311,route de saint jean,M,"5,4398047"," -54,0378320",973,2019,80.0,1.0,1.0,3.0,2164518,1.0,1,3,1,0.0,,0.0,0,1975.0,B01,138Â 288Â 052,1.0,-1.0,-1.0,1652626,2.0,7,,0.0,2.0,1.0,A01,138Â 288Â 053,1.0
968357,201900009888,2,9,12:45,1,1,1,1.0,1.0,97311,route de saint jean,M,"5,4398047"," -54,0378320",973,2019,80.0,1.0,1.0,3.0,2164519,1.0,1,1,1,5.0,,0.0,0,1991.0,A01,138Â 288Â 053,8.0,-1.0,-1.0,1652625,1.0,7,,0.0,2.0,1.0,B01,138Â 288Â 052,1.0
968357,201900009888,2,9,12:45,1,1,1,1.0,1.0,97311,route de saint jean,M,"5,4398047"," -54,0378320",973,2019,80.0,1.0,1.0,3.0,2164519,1.0,1,1,1,5.0,,0.0,0,1991.0,A01,138Â 288Â 053,8.0,-1.0,-1.0,1652626,2.0,7,,0.0,2.0,1.0,A01,138Â 288Â 053,1.0
968358,201900009889,2,8,08:45,1,1,1,1.0,3.0,97312,RN1 - PK 110+300,M,"5,3462575"," -52,9347897",973,2019,80.0,1.0,1.0,2.0,2164520,1.0,1,2,1,5.0,,0.0,0,1998.0,B01,138Â 288Â 050,0.0,-1.0,-1.0,1652627,2.0,1,,0.0,2.0,9.0,B01,138Â 288Â 050,5.0
968358,201900009889,2,8,08:45,1,1,1,1.0,3.0,97312,RN1 - PK 110+300,M,"5,3462575"," -52,9347897",973,2019,80.0,1.0,1.0,2.0,2164520,1.0,1,2,1,5.0,,0.0,0,1998.0,B01,138Â 288Â 050,0.0,-1.0,-1.0,1652628,2.0,7,,0.0,2.0,2.0,A01,138Â 288Â 051,1.0
968358,201900009889,2,8,08:45,1,1,1,1.0,3.0,97312,RN1 - PK 110+300,M,"5,3462575"," -52,9347897",973,2019,80.0,1.0,1.0,2.0,2164521,2.0,2,1,2,5.0,,0.0,0,1978.0,A01,138Â 288Â 051,1.0,-1.0,-1.0,1652627,2.0,1,,0.0,2.0,9.0,B01,138Â 288Â 050,5.0
968358,201900009889,2,8,08:45,1,1,1,1.0,3.0,97312,RN1 - PK 110+300,M,"5,3462575"," -52,9347897",973,2019,80.0,1.0,1.0,2.0,2164521,2.0,2,1,2,5.0,,0.0,0,1978.0,A01,138Â 288Â 051,1.0,-1.0,-1.0,1652628,2.0,7,,0.0,2.0,2.0,A01,138Â 288Â 051,1.0
968358,201900009889,2,8,08:45,1,1,1,1.0,3.0,97312,RN1 - PK 110+300,M,"5,3462575"," -52,9347897",973,2019,80.0,1.0,1.0,2.0,2164522,9.0,2,1,2,5.0,,0.0,0,1958.0,A01,138Â 288Â 051,1.0,-1.0,-1.0,1652627,2.0,1,,0.0,2.0,9.0,B01,138Â 288Â 050,5.0
968358,201900009889,2,8,08:45,1,1,1,1.0,3.0,97312,RN1 - PK 110+300,M,"5,3462575"," -52,9347897",973,2019,80.0,1.0,1.0,2.0,2164522,9.0,2,1,2,5.0,,0.0,0,1958.0,A01,138Â 288Â 051,1.0,-1.0,-1.0,1652628,2.0,7,,0.0,2.0,2.0,A01,138Â 288Â 051,1.0