Unnamed: 0_x,num_acc,mois,jour,hrmn,lum,agg,int,atm,col,com,adr,gps,lat,long,dep,annee,vma,situ,surf,catr,Unnamed: 0_y,place,catu,grav,sexe,trajet,secu,locp,actp,an_nais,num_veh_x,id_vehicule_x,secu1,secu2,secu3,Unnamed: 0,senc,catv,occutc,obs,obsm,choc,num_veh_y,id_vehicule_y,motor
968358,201900009889,2,8,08:45,1,1,1,1.0,3.0,97312,RN1 - PK 110+300,M,"5,3462575"," -52,9347897",973,2019,80.0,1.0,1.0,2.0,2164523,1.0,1,1,1,5.0,,0.0,0,1993.0,A01,138Â 288Â 051,1.0,-1.0,-1.0,1652627,2.0,1,,0.0,2.0,9.0,B01,138Â 288Â 050,5.0
968358,201900009889,2,8,08:45,1,1,1,1.0,3.0,97312,RN1 - PK 110+300,M,"5,3462575"," -52,9347897",973,2019,80.0,1.0,1.0,2.0,2164523,1.0,1,1,1,5.0,,0.0,0,1993.0,A01,138Â 288Â 051,1.0,-1.0,-1.0,1652628,2.0,7,,0.0,2.0,2.0,A01,138Â 288Â 051,1.0
968359,201900009890,2,7,15:30,1,1,1,1.0,2.0,97304,RN 1 Pont de kourou,M,"5,1497600"," -52,6715040",973,2019,80.0,1.0,1.0,2.0,2164524,1.0,1,4,1,0.0,,0.0,0,1958.0,B01,138Â 288Â 048,0.0,-1.0,-1.0,1652629,1.0,1,,0.0,2.0,4.0,B01,138Â 288Â 048,0.0
968359,201900009890,2,7,15:30,1,1,1,1.0,2.0,97304,RN 1 Pont de kourou,M,"5,1497600"," -52,6715040",973,2019,80.0,1.0,1.0,2.0,2164524,1.0,1,4,1,0.0,,0.0,0,1958.0,B01,138Â 288Â 048,0.0,-1.0,-1.0,1652630,1.0,10,,0.0,2.0,7.0,A01,138Â 288Â 049,0.0
968359,201900009890,2,7,15:30,1,1,1,1.0,2.0,97304,RN 1 Pont de kourou,M,"5,1497600"," -52,6715040",973,2019,80.0,1.0,1.0,2.0,2164525,1.0,1,1,1,4.0,,0.0,0,1971.0,A01,138Â 288Â 049,1.0,-1.0,-1.0,1652629,1.0,1,,0.0,2.0,4.0,B01,138Â 288Â 048,0.0
968359,201900009890,2,7,15:30,1,1,1,1.0,2.0,97304,RN 1 Pont de kourou,M,"5,1497600"," -52,6715040",973,2019,80.0,1.0,1.0,2.0,2164525,1.0,1,1,1,4.0,,0.0,0,1971.0,A01,138Â 288Â 049,1.0,-1.0,-1.0,1652630,1.0,10,,0.0,2.0,7.0,A01,138Â 288Â 049,0.0
968360,201900009891,2,11,15:30,1,2,1,1.0,6.0,97122,64 rue RÃ©my NAINSOUTA,M,"16,4150680"," -61,5236210",971,2019,50.0,1.0,1.0,2.0,2164526,2.0,2,3,2,5.0,,0.0,0,1993.0,B01,138Â 288Â 046,2.0,-1.0,-1.0,1652631,2.0,2,,0.0,2.0,1.0,B01,138Â 288Â 046,1.0
968360,201900009891,2,11,15:30,1,2,1,1.0,6.0,97122,64 rue RÃ©my NAINSOUTA,M,"16,4150680"," -61,5236210",971,2019,50.0,1.0,1.0,2.0,2164526,2.0,2,3,2,5.0,,0.0,0,1993.0,B01,138Â 288Â 046,2.0,-1.0,-1.0,1652632,1.0,10,,0.0,2.0,3.0,A01,138Â 288Â 047,1.0
968360,201900009891,2,11,15:30,1,2,1,1.0,6.0,97122,64 rue RÃ©my NAINSOUTA,M,"16,4150680"," -61,5236210",971,2019,50.0,1.0,1.0,2.0,2164527,1.0,1,3,1,5.0,,0.0,0,1984.0,B01,138Â 288Â 046,2.0,-1.0,-1.0,1652631,2.0,2,,0.0,2.0,1.0,B01,138Â 288Â 046,1.0
968360,201900009891,2,11,15:30,1,2,1,1.0,6.0,97122,64 rue RÃ©my NAINSOUTA,M,"16,4150680"," -61,5236210",971,2019,50.0,1.0,1.0,2.0,2164527,1.0,1,3,1,5.0,,0.0,0,1984.0,B01,138Â 288Â 046,2.0,-1.0,-1.0,1652632,1.0,10,,0.0,2.0,3.0,A01,138Â 288Â 047,1.0
968360,201900009891,2,11,15:30,1,2,1,1.0,6.0,97122,64 rue RÃ©my NAINSOUTA,M,"16,4150680"," -61,5236210",971,2019,50.0,1.0,1.0,2.0,2164528,1.0,1,1,1,5.0,,0.0,0,1976.0,A01,138Â 288Â 047,1.0,-1.0,-1.0,1652631,2.0,2,,0.0,2.0,1.0,B01,138Â 288Â 046,1.0
968360,201900009891,2,11,15:30,1,2,1,1.0,6.0,97122,64 rue RÃ©my NAINSOUTA,M,"16,4150680"," -61,5236210",971,2019,50.0,1.0,1.0,2.0,2164528,1.0,1,1,1,5.0,,0.0,0,1976.0,A01,138Â 288Â 047,1.0,-1.0,-1.0,1652632,1.0,10,,0.0,2.0,3.0,A01,138Â 288Â 047,1.0
968360,201900009891,2,11,15:30,1,2,1,1.0,6.0,97122,64 rue RÃ©my NAINSOUTA,M,"16,4150680"," -61,5236210",971,2019,50.0,1.0,1.0,2.0,2164529,2.0,2,1,2,5.0,,0.0,0,1990.0,A01,138Â 288Â 047,1.0,-1.0,-1.0,1652631,2.0,2,,0.0,2.0,1.0,B01,138Â 288Â 046,1.0
968360,201900009891,2,11,15:30,1,2,1,1.0,6.0,97122,64 rue RÃ©my NAINSOUTA,M,"16,4150680"," -61,5236210",971,2019,50.0,1.0,1.0,2.0,2164529,2.0,2,1,2,5.0,,0.0,0,1990.0,A01,138Â 288Â 047,1.0,-1.0,-1.0,1652632,1.0,10,,0.0,2.0,3.0,A01,138Â 288Â 047,1.0
968360,201900009891,2,11,15:30,1,2,1,1.0,6.0,97122,64 rue RÃ©my NAINSOUTA,M,"16,4150680"," -61,5236210",971,2019,50.0,1.0,1.0,2.0,2164530,4.0,2,1,2,5.0,,0.0,0,1987.0,A01,138Â 288Â 047,1.0,-1.0,-1.0,1652631,2.0,2,,0.0,2.0,1.0,B01,138Â 288Â 046,1.0
968360,201900009891,2,11,15:30,1,2,1,1.0,6.0,97122,64 rue RÃ©my NAINSOUTA,M,"16,4150680"," -61,5236210",971,2019,50.0,1.0,1.0,2.0,2164530,4.0,2,1,2,5.0,,0.0,0,1987.0,A01,138Â 288Â 047,1.0,-1.0,-1.0,1652632,1.0,10,,0.0,2.0,3.0,A01,138Â 288Â 047,1.0
968361,201900009892,2,11,20:15,3,1,1,1.0,6.0,97118,RN1,M,"16,2054830"," -61,6046160",971,2019,110.0,1.0,1.0,2.0,2164531,1.0,1,3,1,0.0,,0.0,0,1980.0,A01,138Â 288Â 045,2.0,-1.0,-1.0,1652633,1.0,34,,0.0,0.0,8.0,A01,138Â 288Â 045,1.0
968362,201900009893,2,11,09:15,1,2,2,8.0,3.0,77196,D54 X D54A,M,"48,9403300","2,7428500",77,2019,50.0,1.0,2.0,3.0,2164532,2.0,2,3,2,0.0,,0.0,0,2001.0,B01,138Â 288Â 043,1.0,-1.0,-1.0,1652634,2.0,7,,9.0,0.0,7.0,B01,138Â 288Â 043,1.0
968362,201900009893,2,11,09:15,1,2,2,8.0,3.0,77196,D54 X D54A,M,"48,9403300","2,7428500",77,2019,50.0,1.0,2.0,3.0,2164532,2.0,2,3,2,0.0,,0.0,0,2001.0,B01,138Â 288Â 043,1.0,-1.0,-1.0,1652635,1.0,20,,9.0,2.0,1.0,A01,138Â 288Â 044,1.0
968362,201900009893,2,11,09:15,1,2,2,8.0,3.0,77196,D54 X D54A,M,"48,9403300","2,7428500",77,2019,50.0,1.0,2.0,3.0,2164533,1.0,1,1,2,0.0,,0.0,0,1972.0,B01,138Â 288Â 043,1.0,-1.0,-1.0,1652634,2.0,7,,9.0,0.0,7.0,B01,138Â 288Â 043,1.0
968362,201900009893,2,11,09:15,1,2,2,8.0,3.0,77196,D54 X D54A,M,"48,9403300","2,7428500",77,2019,50.0,1.0,2.0,3.0,2164533,1.0,1,1,2,0.0,,0.0,0,1972.0,B01,138Â 288Â 043,1.0,-1.0,-1.0,1652635,1.0,20,,9.0,2.0,1.0,A01,138Â 288Â 044,1.0
968362,201900009893,2,11,09:15,1,2,2,8.0,3.0,77196,D54 X D54A,M,"48,9403300","2,7428500",77,2019,50.0,1.0,2.0,3.0,2164534,1.0,1,1,1,4.0,,0.0,0,1990.0,A01,138Â 288Â 044,1.0,-1.0,-1.0,1652634,2.0,7,,9.0,0.0,7.0,B01,138Â 288Â 043,1.0
968362,201900009893,2,11,09:15,1,2,2,8.0,3.0,77196,D54 X D54A,M,"48,9403300","2,7428500",77,2019,50.0,1.0,2.0,3.0,2164534,1.0,1,1,1,4.0,,0.0,0,1990.0,A01,138Â 288Â 044,1.0,-1.0,-1.0,1652635,1.0,20,,9.0,2.0,1.0,A01,138Â 288Â 044,1.0
968363,201900009894,2,12,13:00,1,2,9,1.0,3.0,77265,chemin de l'usine,M,"48,9589830","3,1846480",77,2019,50.0,1.0,1.0,4.0,2164535,1.0,1,4,2,0.0,,0.0,0,1995.0,B01,138Â 288Â 039,1.0,-1.0,-1.0,1652636,3.0,7,,0.0,2.0,8.0,B01,138Â 288Â 039,1.0
968363,201900009894,2,12,13:00,1,2,9,1.0,3.0,77265,chemin de l'usine,M,"48,9589830","3,1846480",77,2019,50.0,1.0,1.0,4.0,2164535,1.0,1,4,2,0.0,,0.0,0,1995.0,B01,138Â 288Â 039,1.0,-1.0,-1.0,1652637,3.0,7,,0.0,2.0,1.0,A01,138Â 288Â 040,1.0
968363,201900009894,2,12,13:00,1,2,9,1.0,3.0,77265,chemin de l'usine,M,"48,9589830","3,1846480",77,2019,50.0,1.0,1.0,4.0,2164536,2.0,2,1,1,0.0,,0.0,0,1998.0,B01,138Â 288Â 039,1.0,-1.0,-1.0,1652636,3.0,7,,0.0,2.0,8.0,B01,138Â 288Â 039,1.0
968363,201900009894,2,12,13:00,1,2,9,1.0,3.0,77265,chemin de l'usine,M,"48,9589830","3,1846480",77,2019,50.0,1.0,1.0,4.0,2164536,2.0,2,1,1,0.0,,0.0,0,1998.0,B01,138Â 288Â 039,1.0,-1.0,-1.0,1652637,3.0,7,,0.0,2.0,1.0,A01,138Â 288Â 040,1.0
968363,201900009894,2,12,13:00,1,2,9,1.0,3.0,77265,chemin de l'usine,M,"48,9589830","3,1846480",77,2019,50.0,1.0,1.0,4.0,2164537,1.0,1,1,2,0.0,,0.0,0,1980.0,A01,138Â 288Â 040,1.0,-1.0,-1.0,1652636,3.0,7,,0.0,2.0,8.0,B01,138Â 288Â 039,1.0
968363,201900009894,2,12,13:00,1,2,9,1.0,3.0,77265,chemin de l'usine,M,"48,9589830","3,1846480",77,2019,50.0,1.0,1.0,4.0,2164537,1.0,1,1,2,0.0,,0.0,0,1980.0,A01,138Â 288Â 040,1.0,-1.0,-1.0,1652637,3.0,7,,0.0,2.0,1.0,A01,138Â 288Â 040,1.0
968364,201900009895,2,7,12:55,1,2,1,1.0,6.0,95241,20 rue Maitre Renault,M,"49,0500560","2,4517810",95,2019,50.0,8.0,1.0,4.0,2164538,1.0,1,1,1,4.0,,0.0,0,1958.0,A01,138Â 288Â 038,1.0,-1.0,-1.0,1652638,1.0,7,,0.0,1.0,7.0,A01,138Â 288Â 038,0.0
968364,201900009895,2,7,12:55,1,2,1,1.0,6.0,95241,20 rue Maitre Renault,M,"49,0500560","2,4517810",95,2019,50.0,8.0,1.0,4.0,2164539,10.0,3,3,2,3.0,,3.0,3,1940.0,A01,138Â 288Â 038,0.0,-1.0,-1.0,1652638,1.0,7,,0.0,1.0,7.0,A01,138Â 288Â 038,0.0
968365,201900009896,2,13,18:45,5,1,9,1.0,3.0,91315,RD31,M,"48,5085880","2,3550650",91,2019,70.0,1.0,1.0,3.0,2164540,1.0,1,3,2,0.0,,0.0,0,1995.0,A01,138Â 288Â 036,2.0,6.0,-1.0,1652639,3.0,31,,0.0,2.0,1.0,A01,138Â 288Â 036,1.0
968365,201900009896,2,13,18:45,5,1,9,1.0,3.0,91315,RD31,M,"48,5085880","2,3550650",91,2019,70.0,1.0,1.0,3.0,2164540,1.0,1,3,2,0.0,,0.0,0,1995.0,A01,138Â 288Â 036,2.0,6.0,-1.0,1652640,3.0,7,,0.0,2.0,7.0,B01,138Â 288Â 037,1.0
968365,201900009896,2,13,18:45,5,1,9,1.0,3.0,91315,RD31,M,"48,5085880","2,3550650",91,2019,70.0,1.0,1.0,3.0,2164541,1.0,1,1,2,0.0,,0.0,0,1997.0,B01,138Â 288Â 037,1.0,-1.0,-1.0,1652639,3.0,31,,0.0,2.0,1.0,A01,138Â 288Â 036,1.0
968365,201900009896,2,13,18:45,5,1,9,1.0,3.0,91315,RD31,M,"48,5085880","2,3550650",91,2019,70.0,1.0,1.0,3.0,2164541,1.0,1,1,2,0.0,,0.0,0,1997.0,B01,138Â 288Â 037,1.0,-1.0,-1.0,1652640,3.0,7,,0.0,2.0,7.0,B01,138Â 288Â 037,1.0
968366,201900009897,2,10,11:10,1,1,1,3.0,2.0,78262,"PK 45,5 nationale 12",M,"48,8017180","1,8057210",78,2019,110.0,5.0,2.0,2.0,2164542,1.0,1,1,1,0.0,,0.0,0,1993.0,A01,138Â 288Â 034,1.0,4.0,-1.0,1652641,2.0,7,,3.0,0.0,6.0,A01,138Â 288Â 034,1.0
968366,201900009897,2,10,11:10,1,1,1,3.0,2.0,78262,"PK 45,5 nationale 12",M,"48,8017180","1,8057210",78,2019,110.0,5.0,2.0,2.0,2164542,1.0,1,1,1,0.0,,0.0,0,1993.0,A01,138Â 288Â 034,1.0,4.0,-1.0,1652642,2.0,7,,13.0,0.0,1.0,B01,138Â 288Â 035,1.0
968366,201900009897,2,10,11:10,1,1,1,3.0,2.0,78262,"PK 45,5 nationale 12",M,"48,8017180","1,8057210",78,2019,110.0,5.0,2.0,2.0,2164543,1.0,1,4,1,0.0,,0.0,0,1997.0,B01,138Â 288Â 035,8.0,-1.0,-1.0,1652641,2.0,7,,3.0,0.0,6.0,A01,138Â 288Â 034,1.0
968366,201900009897,2,10,11:10,1,1,1,3.0,2.0,78262,"PK 45,5 nationale 12",M,"48,8017180","1,8057210",78,2019,110.0,5.0,2.0,2.0,2164543,1.0,1,4,1,0.0,,0.0,0,1997.0,B01,138Â 288Â 035,8.0,-1.0,-1.0,1652642,2.0,7,,13.0,0.0,1.0,B01,138Â 288Â 035,1.0
968366,201900009897,2,10,11:10,1,1,1,3.0,2.0,78262,"PK 45,5 nationale 12",M,"48,8017180","1,8057210",78,2019,110.0,5.0,2.0,2.0,2164544,8.0,2,3,1,0.0,,0.0,0,1997.0,B01,138Â 288Â 035,0.0,-1.0,-1.0,1652641,2.0,7,,3.0,0.0,6.0,A01,138Â 288Â 034,1.0
968366,201900009897,2,10,11:10,1,1,1,3.0,2.0,78262,"PK 45,5 nationale 12",M,"48,8017180","1,8057210",78,2019,110.0,5.0,2.0,2.0,2164544,8.0,2,3,1,0.0,,0.0,0,1997.0,B01,138Â 288Â 035,0.0,-1.0,-1.0,1652642,2.0,7,,13.0,0.0,1.0,B01,138Â 288Â 035,1.0
968367,201900009898,2,10,16:15,1,1,2,3.0,3.0,78668,route dÃ©partementale 113,M,"49,0248350","1,5215740",78,2019,70.0,1.0,2.0,3.0,2164545,2.0,2,3,2,5.0,,0.0,0,2001.0,B01,138Â 288Â 032,2.0,-1.0,-1.0,1652643,2.0,2,,0.0,2.0,1.0,B01,138Â 288Â 032,1.0
968367,201900009898,2,10,16:15,1,1,2,3.0,3.0,78668,route dÃ©partementale 113,M,"49,0248350","1,5215740",78,2019,70.0,1.0,2.0,3.0,2164545,2.0,2,3,2,5.0,,0.0,0,2001.0,B01,138Â 288Â 032,2.0,-1.0,-1.0,1652644,1.0,7,,0.0,2.0,3.0,A01,138Â 288Â 033,1.0
968367,201900009898,2,10,16:15,1,1,2,3.0,3.0,78668,route dÃ©partementale 113,M,"49,0248350","1,5215740",78,2019,70.0,1.0,2.0,3.0,2164546,1.0,1,3,1,5.0,,0.0,0,2002.0,B01,138Â 288Â 032,2.0,-1.0,-1.0,1652643,2.0,2,,0.0,2.0,1.0,B01,138Â 288Â 032,1.0
968367,201900009898,2,10,16:15,1,1,2,3.0,3.0,78668,route dÃ©partementale 113,M,"49,0248350","1,5215740",78,2019,70.0,1.0,2.0,3.0,2164546,1.0,1,3,1,5.0,,0.0,0,2002.0,B01,138Â 288Â 032,2.0,-1.0,-1.0,1652644,1.0,7,,0.0,2.0,3.0,A01,138Â 288Â 033,1.0
968367,201900009898,2,10,16:15,1,1,2,3.0,3.0,78668,route dÃ©partementale 113,M,"49,0248350","1,5215740",78,2019,70.0,1.0,2.0,3.0,2164547,1.0,1,1,1,5.0,,0.0,0,1935.0,A01,138Â 288Â 033,1.0,-1.0,-1.0,1652643,2.0,2,,0.0,2.0,1.0,B01,138Â 288Â 032,1.0
968367,201900009898,2,10,16:15,1,1,2,3.0,3.0,78668,route dÃ©partementale 113,M,"49,0248350","1,5215740",78,2019,70.0,1.0,2.0,3.0,2164547,1.0,1,1,1,5.0,,0.0,0,1935.0,A01,138Â 288Â 033,1.0,-1.0,-1.0,1652644,1.0,7,,0.0,2.0,3.0,A01,138Â 288Â 033,1.0
968368,201900009899,2,10,00:50,3,1,1,2.0,7.0,78089,Autoroute A13 PK 057.250 sens Province -> Paris,M,"49,0207630","1,5707240",78,2019,110.0,2.0,2.0,1.0,2164548,1.0,1,1,1,5.0,,0.0,0,2000.0,A01,138Â 288Â 031,1.0,-1.0,-1.0,1652645,2.0,7,,0.0,0.0,1.0,A01,138Â 288Â 031,1.0
968368,201900009899,2,10,00:50,3,1,1,2.0,7.0,78089,Autoroute A13 PK 057.250 sens Province -> Paris,M,"49,0207630","1,5707240",78,2019,110.0,2.0,2.0,1.0,2164549,8.0,2,4,2,5.0,,0.0,0,2001.0,A01,138Â 288Â 031,0.0,-1.0,-1.0,1652645,2.0,7,,0.0,0.0,1.0,A01,138Â 288Â 031,1.0
968368,201900009899,2,10,00:50,3,1,1,2.0,7.0,78089,Autoroute A13 PK 057.250 sens Province -> Paris,M,"49,0207630","1,5707240",78,2019,110.0,2.0,2.0,1.0,2164550,7.0,2,1,1,5.0,,0.0,0,2001.0,A01,138Â 288Â 031,1.0,-1.0,-1.0,1652645,2.0,7,,0.0,0.0,1.0,A01,138Â 288Â 031,1.0
968368,201900009899,2,10,00:50,3,1,1,2.0,7.0,78089,Autoroute A13 PK 057.250 sens Province -> Paris,M,"49,0207630","1,5707240",78,2019,110.0,2.0,2.0,1.0,2164551,2.0,2,1,2,5.0,,0.0,0,2001.0,A01,138Â 288Â 031,1.0,-1.0,-1.0,1652645,2.0,7,,0.0,0.0,1.0,A01,138Â 288Â 031,1.0
968368,201900009899,2,10,00:50,3,1,1,2.0,7.0,78089,Autoroute A13 PK 057.250 sens Province -> Paris,M,"49,0207630","1,5707240",78,2019,110.0,2.0,2.0,1.0,2164552,9.0,2,1,1,5.0,,0.0,0,2001.0,A01,138Â 288Â 031,1.0,-1.0,-1.0,1652645,2.0,7,,0.0,0.0,1.0,A01,138Â 288Â 031,1.0
968369,201900009900,2,10,05:15,3,1,1,1.0,3.0,66065,RD914,M,"42,6100440","2,9849860",66,2019,110.0,1.0,1.0,3.0,2164553,1.0,1,4,1,5.0,,0.0,0,1997.0,B01,138Â 288Â 029,1.0,-1.0,-1.0,1652646,1.0,7,,14.0,2.0,1.0,B01,138Â 288Â 029,1.0
968369,201900009900,2,10,05:15,3,1,1,1.0,3.0,66065,RD914,M,"42,6100440","2,9849860",66,2019,110.0,1.0,1.0,3.0,2164553,1.0,1,4,1,5.0,,0.0,0,1997.0,B01,138Â 288Â 029,1.0,-1.0,-1.0,1652647,1.0,7,,3.0,0.0,3.0,A01,138Â 288Â 030,1.0
968369,201900009900,2,10,05:15,3,1,1,1.0,3.0,66065,RD914,M,"42,6100440","2,9849860",66,2019,110.0,1.0,1.0,3.0,2164554,1.0,1,3,2,5.0,,0.0,0,1997.0,A01,138Â 288Â 030,1.0,-1.0,-1.0,1652646,1.0,7,,14.0,2.0,1.0,B01,138Â 288Â 029,1.0
968369,201900009900,2,10,05:15,3,1,1,1.0,3.0,66065,RD914,M,"42,6100440","2,9849860",66,2019,110.0,1.0,1.0,3.0,2164554,1.0,1,3,2,5.0,,0.0,0,1997.0,A01,138Â 288Â 030,1.0,-1.0,-1.0,1652647,1.0,7,,3.0,0.0,3.0,A01,138Â 288Â 030,1.0
968370,201900009901,2,11,17:45,3,1,1,1.0,3.0,66182,,M,"42,7318600","3,0133760",66,2019,80.0,1.0,1.0,3.0,2164555,1.0,1,1,1,0.0,,0.0,0,1951.0,A01,138Â 288Â 027,1.0,-1.0,-1.0,1652648,1.0,7,,0.0,2.0,1.0,A01,138Â 288Â 027,1.0
968370,201900009901,2,11,17:45,3,1,1,1.0,3.0,66182,,M,"42,7318600","3,0133760",66,2019,80.0,1.0,1.0,3.0,2164555,1.0,1,1,1,0.0,,0.0,0,1951.0,A01,138Â 288Â 027,1.0,-1.0,-1.0,1652649,1.0,2,,0.0,2.0,4.0,B01,138Â 288Â 028,1.0
968370,201900009901,2,11,17:45,3,1,1,1.0,3.0,66182,,M,"42,7318600","3,0133760",66,2019,80.0,1.0,1.0,3.0,2164556,1.0,1,3,1,1.0,,0.0,0,1977.0,B01,138Â 288Â 028,2.0,6.0,9.0,1652648,1.0,7,,0.0,2.0,1.0,A01,138Â 288Â 027,1.0
968370,201900009901,2,11,17:45,3,1,1,1.0,3.0,66182,,M,"42,7318600","3,0133760",66,2019,80.0,1.0,1.0,3.0,2164556,1.0,1,3,1,1.0,,0.0,0,1977.0,B01,138Â 288Â 028,2.0,6.0,9.0,1652649,1.0,2,,0.0,2.0,4.0,B01,138Â 288Â 028,1.0
968371,201900009902,2,8,15:50,1,2,1,1.0,6.0,48198,22 rue de PalhÃ¨res_CollÃ¨ge Odilon Barrot,M,"44,4405360","3,9270410",48,2019,30.0,1.0,1.0,3.0,2164557,1.0,1,1,1,4.0,,0.0,0,1984.0,A01,138Â 288Â 026,1.0,-1.0,-1.0,1652650,2.0,10,,0.0,1.0,2.0,A01,138Â 288Â 026,1.0
968371,201900009902,2,8,15:50,1,2,1,1.0,6.0,48198,22 rue de PalhÃ¨res_CollÃ¨ge Odilon Barrot,M,"44,4405360","3,9270410",48,2019,30.0,1.0,1.0,3.0,2164558,10.0,3,3,2,9.0,,1.0,4,2007.0,A01,138Â 288Â 026,0.0,-1.0,-1.0,1652650,2.0,10,,0.0,1.0,2.0,A01,138Â 288Â 026,1.0
968372,201900009903,2,5,17:30,1,2,1,1.0,5.0,30132,rue Pasteur,M,"44,2109150","4,0278450",30,2019,50.0,1.0,1.0,3.0,2164559,1.0,1,1,1,5.0,,0.0,0,1952.0,B01,138Â 288Â 023,1.0,-1.0,-1.0,1652651,1.0,7,,0.0,2.0,8.0,B01,138Â 288Â 023,1.0
968372,201900009903,2,5,17:30,1,2,1,1.0,5.0,30132,rue Pasteur,M,"44,2109150","4,0278450",30,2019,50.0,1.0,1.0,3.0,2164559,1.0,1,1,1,5.0,,0.0,0,1952.0,B01,138Â 288Â 023,1.0,-1.0,-1.0,1652652,0.0,7,,0.0,2.0,2.0,C01,138Â 288Â 024,1.0
968372,201900009903,2,5,17:30,1,2,1,1.0,5.0,30132,rue Pasteur,M,"44,2109150","4,0278450",30,2019,50.0,1.0,1.0,3.0,2164559,1.0,1,1,1,5.0,,0.0,0,1952.0,B01,138Â 288Â 023,1.0,-1.0,-1.0,1652653,1.0,33,,1.0,2.0,2.0,A01,138Â 288Â 025,1.0
968372,201900009903,2,5,17:30,1,2,1,1.0,5.0,30132,rue Pasteur,M,"44,2109150","4,0278450",30,2019,50.0,1.0,1.0,3.0,2164560,1.0,1,1,1,-1.0,,-1.0, -1,1957.0,C01,138Â 288Â 024,8.0,8.0,8.0,1652651,1.0,7,,0.0,2.0,8.0,B01,138Â 288Â 023,1.0
968372,201900009903,2,5,17:30,1,2,1,1.0,5.0,30132,rue Pasteur,M,"44,2109150","4,0278450",30,2019,50.0,1.0,1.0,3.0,2164560,1.0,1,1,1,-1.0,,-1.0, -1,1957.0,C01,138Â 288Â 024,8.0,8.0,8.0,1652652,0.0,7,,0.0,2.0,2.0,C01,138Â 288Â 024,1.0
968372,201900009903,2,5,17:30,1,2,1,1.0,5.0,30132,rue Pasteur,M,"44,2109150","4,0278450",30,2019,50.0,1.0,1.0,3.0,2164560,1.0,1,1,1,-1.0,,-1.0, -1,1957.0,C01,138Â 288Â 024,8.0,8.0,8.0,1652653,1.0,33,,1.0,2.0,2.0,A01,138Â 288Â 025,1.0
968372,201900009903,2,5,17:30,1,2,1,1.0,5.0,30132,rue Pasteur,M,"44,2109150","4,0278450",30,2019,50.0,1.0,1.0,3.0,2164561,1.0,1,3,1,9.0,,0.0,0,1996.0,A01,138Â 288Â 025,2.0,-1.0,-1.0,1652651,1.0,7,,0.0,2.0,8.0,B01,138Â 288Â 023,1.0
968372,201900009903,2,5,17:30,1,2,1,1.0,5.0,30132,rue Pasteur,M,"44,2109150","4,0278450",30,2019,50.0,1.0,1.0,3.0,2164561,1.0,1,3,1,9.0,,0.0,0,1996.0,A01,138Â 288Â 025,2.0,-1.0,-1.0,1652652,0.0,7,,0.0,2.0,2.0,C01,138Â 288Â 024,1.0
968372,201900009903,2,5,17:30,1,2,1,1.0,5.0,30132,rue Pasteur,M,"44,2109150","4,0278450",30,2019,50.0,1.0,1.0,3.0,2164561,1.0,1,3,1,9.0,,0.0,0,1996.0,A01,138Â 288Â 025,2.0,-1.0,-1.0,1652653,1.0,33,,1.0,2.0,2.0,A01,138Â 288Â 025,1.0
968373,201900009904,2,8,05:40,5,2,3,1.0,6.0,34023,D2 route de SETE,M,"43,4475750","3,6931020",34,2019,50.0,1.0,1.0,3.0,2164562,1.0,1,1,1,5.0,,0.0,0,1951.0,A01,138Â 288Â 022,1.0,-1.0,-1.0,1652654,3.0,7,,0.0,1.0,2.0,A01,138Â 288Â 022,1.0
968373,201900009904,2,8,05:40,5,2,3,1.0,6.0,34023,D2 route de SETE,M,"43,4475750","3,6931020",34,2019,50.0,1.0,1.0,3.0,2164563,10.0,3,3,1,5.0,,2.0,9,1962.0,A01,138Â 288Â 022,0.0,-1.0,-1.0,1652654,3.0,7,,0.0,1.0,2.0,A01,138Â 288Â 022,1.0
968374,201900009905,2,7,20:10,3,1,1,1.0,1.0,34023,RD600,M,"43,4555060","3,7034300",34,2019,80.0,1.0,1.0,3.0,2164564,1.0,1,3,1,5.0,,0.0,0,1961.0,B01,138Â 288Â 020,1.0,-1.0,-1.0,1652655,2.0,7,,0.0,2.0,1.0,B01,138Â 288Â 020,1.0
968374,201900009905,2,7,20:10,3,1,1,1.0,1.0,34023,RD600,M,"43,4555060","3,7034300",34,2019,80.0,1.0,1.0,3.0,2164564,1.0,1,3,1,5.0,,0.0,0,1961.0,B01,138Â 288Â 020,1.0,-1.0,-1.0,1652656,1.0,7,,0.0,2.0,1.0,A01,138Â 288Â 021,0.0
968374,201900009905,2,7,20:10,3,1,1,1.0,1.0,34023,RD600,M,"43,4555060","3,7034300",34,2019,80.0,1.0,1.0,3.0,2164565,1.0,1,2,2,1.0,,0.0,0,1998.0,A01,138Â 288Â 021,1.0,-1.0,-1.0,1652655,2.0,7,,0.0,2.0,1.0,B01,138Â 288Â 020,1.0
968374,201900009905,2,7,20:10,3,1,1,1.0,1.0,34023,RD600,M,"43,4555060","3,7034300",34,2019,80.0,1.0,1.0,3.0,2164565,1.0,1,2,2,1.0,,0.0,0,1998.0,A01,138Â 288Â 021,1.0,-1.0,-1.0,1652656,1.0,7,,0.0,2.0,1.0,A01,138Â 288Â 021,0.0