Unnamed: 0_x,num_acc,mois,jour,hrmn,lum,agg,int,atm,col,com,adr,gps,lat,long,dep,annee,vma,situ,surf,catr,Unnamed: 0_y,place,catu,grav,sexe,trajet,secu,locp,actp,an_nais,num_veh_x,id_vehicule_x,secu1,secu2,secu3,Unnamed: 0,senc,catv,occutc,obs,obsm,choc,num_veh_y,id_vehicule_y,motor
968375,201900009906,2,10,14:15,1,1,1,1.0,6.0,84150,d161,M,"44,3067890","4,9091060",84,2019,80.0,8.0,1.0,3.0,2164566,4.0,2,2,1,9.0,,0.0,0,1995.0,A01,138Â 288Â 019,8.0,-1.0,-1.0,1652657,2.0,7,,13.0,0.0,9.0,A01,138Â 288Â 019,1.0
968375,201900009906,2,10,14:15,1,1,1,1.0,6.0,84150,d161,M,"44,3067890","4,9091060",84,2019,80.0,8.0,1.0,3.0,2164567,5.0,2,3,1,9.0,,0.0,0,1984.0,A01,138Â 288Â 019,8.0,-1.0,-1.0,1652657,2.0,7,,13.0,0.0,9.0,A01,138Â 288Â 019,1.0
968375,201900009906,2,10,14:15,1,1,1,1.0,6.0,84150,d161,M,"44,3067890","4,9091060",84,2019,80.0,8.0,1.0,3.0,2164568,2.0,2,3,1,9.0,,0.0,0,1993.0,A01,138Â 288Â 019,8.0,-1.0,-1.0,1652657,2.0,7,,13.0,0.0,9.0,A01,138Â 288Â 019,1.0
968375,201900009906,2,10,14:15,1,1,1,1.0,6.0,84150,d161,M,"44,3067890","4,9091060",84,2019,80.0,8.0,1.0,3.0,2164569,1.0,1,3,1,9.0,,0.0,0,1997.0,A01,138Â 288Â 019,1.0,-1.0,-1.0,1652657,2.0,7,,13.0,0.0,9.0,A01,138Â 288Â 019,1.0
968375,201900009906,2,10,14:15,1,1,1,1.0,6.0,84150,d161,M,"44,3067890","4,9091060",84,2019,80.0,8.0,1.0,3.0,2164570,3.0,2,4,1,9.0,,0.0,0,1996.0,A01,138Â 288Â 019,8.0,-1.0,-1.0,1652657,2.0,7,,13.0,0.0,9.0,A01,138Â 288Â 019,1.0
968376,201900009907,2,10,16:00,1,1,1,1.0,3.0,84068,Combe de Lourmarin,M,"43,7845450","5,3460340",84,2019,80.0,1.0,1.0,3.0,2164571,1.0,1,1,2,5.0,,0.0,0,1972.0,A01,138Â 288Â 017,1.0,-1.0,-1.0,1652658,1.0,7,,0.0,2.0,3.0,A01,138Â 288Â 017,1.0
968376,201900009907,2,10,16:00,1,1,1,1.0,3.0,84068,Combe de Lourmarin,M,"43,7845450","5,3460340",84,2019,80.0,1.0,1.0,3.0,2164571,1.0,1,1,2,5.0,,0.0,0,1972.0,A01,138Â 288Â 017,1.0,-1.0,-1.0,1652659,2.0,33,,0.0,2.0,7.0,B01,138Â 288Â 018,1.0
968376,201900009907,2,10,16:00,1,1,1,1.0,3.0,84068,Combe de Lourmarin,M,"43,7845450","5,3460340",84,2019,80.0,1.0,1.0,3.0,2164572,1.0,1,4,1,5.0,,0.0,0,1985.0,B01,138Â 288Â 018,2.0,6.0,-1.0,1652658,1.0,7,,0.0,2.0,3.0,A01,138Â 288Â 017,1.0
968376,201900009907,2,10,16:00,1,1,1,1.0,3.0,84068,Combe de Lourmarin,M,"43,7845450","5,3460340",84,2019,80.0,1.0,1.0,3.0,2164572,1.0,1,4,1,5.0,,0.0,0,1985.0,B01,138Â 288Â 018,2.0,6.0,-1.0,1652659,2.0,33,,0.0,2.0,7.0,B01,138Â 288Â 018,1.0
968376,201900009907,2,10,16:00,1,1,1,1.0,3.0,84068,Combe de Lourmarin,M,"43,7845450","5,3460340",84,2019,80.0,1.0,1.0,3.0,2164573,2.0,2,4,2,5.0,,0.0,0,1970.0,B01,138Â 288Â 018,2.0,6.0,-1.0,1652658,1.0,7,,0.0,2.0,3.0,A01,138Â 288Â 017,1.0
968376,201900009907,2,10,16:00,1,1,1,1.0,3.0,84068,Combe de Lourmarin,M,"43,7845450","5,3460340",84,2019,80.0,1.0,1.0,3.0,2164573,2.0,2,4,2,5.0,,0.0,0,1970.0,B01,138Â 288Â 018,2.0,6.0,-1.0,1652659,2.0,33,,0.0,2.0,7.0,B01,138Â 288Â 018,1.0
968377,201900009908,2,12,18:45,5,2,1,1.0,5.0,83107,,M,"43,3608270","6,7167310",83,2019,70.0,1.0,1.0,3.0,2164574,1.0,1,3,2,0.0,,0.0,0,1978.0,A01,138Â 288Â 014,8.0,-1.0,-1.0,1652660,2.0,7,,0.0,2.0,1.0,A01,138Â 288Â 014,1.0
968377,201900009908,2,12,18:45,5,2,1,1.0,5.0,83107,,M,"43,3608270","6,7167310",83,2019,70.0,1.0,1.0,3.0,2164574,1.0,1,3,2,0.0,,0.0,0,1978.0,A01,138Â 288Â 014,8.0,-1.0,-1.0,1652661,2.0,7,,0.0,2.0,3.0,B01,138Â 288Â 015,1.0
968377,201900009908,2,12,18:45,5,2,1,1.0,5.0,83107,,M,"43,3608270","6,7167310",83,2019,70.0,1.0,1.0,3.0,2164574,1.0,1,3,2,0.0,,0.0,0,1978.0,A01,138Â 288Â 014,8.0,-1.0,-1.0,1652662,1.0,7,,0.0,2.0,5.0,C01,138Â 288Â 016,1.0
968377,201900009908,2,12,18:45,5,2,1,1.0,5.0,83107,,M,"43,3608270","6,7167310",83,2019,70.0,1.0,1.0,3.0,2164575,1.0,1,1,1,0.0,,0.0,0,1993.0,B01,138Â 288Â 015,1.0,-1.0,-1.0,1652660,2.0,7,,0.0,2.0,1.0,A01,138Â 288Â 014,1.0
968377,201900009908,2,12,18:45,5,2,1,1.0,5.0,83107,,M,"43,3608270","6,7167310",83,2019,70.0,1.0,1.0,3.0,2164575,1.0,1,1,1,0.0,,0.0,0,1993.0,B01,138Â 288Â 015,1.0,-1.0,-1.0,1652661,2.0,7,,0.0,2.0,3.0,B01,138Â 288Â 015,1.0
968377,201900009908,2,12,18:45,5,2,1,1.0,5.0,83107,,M,"43,3608270","6,7167310",83,2019,70.0,1.0,1.0,3.0,2164575,1.0,1,1,1,0.0,,0.0,0,1993.0,B01,138Â 288Â 015,1.0,-1.0,-1.0,1652662,1.0,7,,0.0,2.0,5.0,C01,138Â 288Â 016,1.0
968377,201900009908,2,12,18:45,5,2,1,1.0,5.0,83107,,M,"43,3608270","6,7167310",83,2019,70.0,1.0,1.0,3.0,2164576,1.0,1,1,1,1.0,,0.0,0,1972.0,C01,138Â 288Â 016,1.0,-1.0,-1.0,1652660,2.0,7,,0.0,2.0,1.0,A01,138Â 288Â 014,1.0
968377,201900009908,2,12,18:45,5,2,1,1.0,5.0,83107,,M,"43,3608270","6,7167310",83,2019,70.0,1.0,1.0,3.0,2164576,1.0,1,1,1,1.0,,0.0,0,1972.0,C01,138Â 288Â 016,1.0,-1.0,-1.0,1652661,2.0,7,,0.0,2.0,3.0,B01,138Â 288Â 015,1.0
968377,201900009908,2,12,18:45,5,2,1,1.0,5.0,83107,,M,"43,3608270","6,7167310",83,2019,70.0,1.0,1.0,3.0,2164576,1.0,1,1,1,1.0,,0.0,0,1972.0,C01,138Â 288Â 016,1.0,-1.0,-1.0,1652662,1.0,7,,0.0,2.0,5.0,C01,138Â 288Â 016,1.0
968378,201900009909,2,8,22:00,1,1,1,1.0,6.0,83107, RD N7,M,"43,4611250","6,6363150",83,2019,70.0,8.0,1.0,3.0,2164577,1.0,1,3,1,9.0,,0.0,0,1979.0,A01,138Â 288Â 013,2.0,-1.0,-1.0,1652663,2.0,2,,16.0,0.0,1.0,A01,138Â 288Â 013,1.0
968379,201900009910,2,13,08:20,1,1,1,1.0,6.0,83023,direction BRIGNOLES,M,"43,4014860","6,0442210",83,2019,80.0,1.0,1.0,3.0,2164578,1.0,1,1,1,5.0,,0.0,0,1938.0,A01,138Â 288Â 012,1.0,-1.0,-1.0,1652664,1.0,7,,0.0,1.0,1.0,A01,138Â 288Â 012,0.0
968379,201900009910,2,13,08:20,1,1,1,1.0,6.0,83023,direction BRIGNOLES,M,"43,4014860","6,0442210",83,2019,80.0,1.0,1.0,3.0,2164579,10.0,3,3,1,9.0,,1.0,9,1993.0,A01,138Â 288Â 012,4.0,-1.0,-1.0,1652664,1.0,7,,0.0,1.0,1.0,A01,138Â 288Â 012,0.0
968380,201900009911,2,9,08:40,1,1,1,1.0,1.0,83023, RD N7,M,"43,4036070","6,0079490",83,2019,80.0,1.0,1.0,3.0,2164580,1.0,1,3,1,1.0,,0.0,0,1983.0,A01,138Â 288Â 010,1.0,-1.0,-1.0,1652665,1.0,7,,0.0,2.0,1.0,A01,138Â 288Â 010,1.0
968380,201900009911,2,9,08:40,1,1,1,1.0,1.0,83023, RD N7,M,"43,4036070","6,0079490",83,2019,80.0,1.0,1.0,3.0,2164580,1.0,1,3,1,1.0,,0.0,0,1983.0,A01,138Â 288Â 010,1.0,-1.0,-1.0,1652666,2.0,13,,0.0,2.0,1.0,B01,138Â 288Â 011,1.0
968380,201900009911,2,9,08:40,1,1,1,1.0,1.0,83023, RD N7,M,"43,4036070","6,0079490",83,2019,80.0,1.0,1.0,3.0,2164581,1.0,1,1,1,4.0,,0.0,0,1954.0,B01,138Â 288Â 011,1.0,-1.0,-1.0,1652665,1.0,7,,0.0,2.0,1.0,A01,138Â 288Â 010,1.0
968380,201900009911,2,9,08:40,1,1,1,1.0,1.0,83023, RD N7,M,"43,4036070","6,0079490",83,2019,80.0,1.0,1.0,3.0,2164581,1.0,1,1,1,4.0,,0.0,0,1954.0,B01,138Â 288Â 011,1.0,-1.0,-1.0,1652666,2.0,13,,0.0,2.0,1.0,B01,138Â 288Â 011,1.0
968381,201900009912,2,7,22:01,3,1,1,1.0,6.0,06075,Route M19,M,"43,8294470","7,2563550",6,2019,70.0,1.0,1.0,7.0,2164582,1.0,1,4,2,0.0,,0.0,0,1995.0,A01,138Â 288Â 009,1.0,-1.0,-1.0,1652667,2.0,7,,5.0,0.0,1.0,A01,138Â 288Â 009,1.0
968382,201900009913,1,26,20:00,3,1,3,1.0,1.0,13097,D27,M,"43,6658490","4,7983770",13,2019,80.0,1.0,1.0,3.0,2164583,1.0,1,1,1,9.0,,0.0,0,1955.0,A01,138Â 288Â 007,1.0,-1.0,-1.0,1652668,3.0,7,,0.0,2.0,1.0,A01,138Â 288Â 007,1.0
968382,201900009913,1,26,20:00,3,1,3,1.0,1.0,13097,D27,M,"43,6658490","4,7983770",13,2019,80.0,1.0,1.0,3.0,2164583,1.0,1,1,1,9.0,,0.0,0,1955.0,A01,138Â 288Â 007,1.0,-1.0,-1.0,1652669,3.0,7,,0.0,2.0,1.0,B01,138Â 288Â 008,1.0
968382,201900009913,1,26,20:00,3,1,3,1.0,1.0,13097,D27,M,"43,6658490","4,7983770",13,2019,80.0,1.0,1.0,3.0,2164584,2.0,2,4,2,9.0,,0.0,0,1956.0,A01,138Â 288Â 007,1.0,-1.0,-1.0,1652668,3.0,7,,0.0,2.0,1.0,A01,138Â 288Â 007,1.0
968382,201900009913,1,26,20:00,3,1,3,1.0,1.0,13097,D27,M,"43,6658490","4,7983770",13,2019,80.0,1.0,1.0,3.0,2164584,2.0,2,4,2,9.0,,0.0,0,1956.0,A01,138Â 288Â 007,1.0,-1.0,-1.0,1652669,3.0,7,,0.0,2.0,1.0,B01,138Â 288Â 008,1.0
968382,201900009913,1,26,20:00,3,1,3,1.0,1.0,13097,D27,M,"43,6658490","4,7983770",13,2019,80.0,1.0,1.0,3.0,2164585,1.0,1,1,1,9.0,,0.0,0,1991.0,B01,138Â 288Â 008,1.0,-1.0,-1.0,1652668,3.0,7,,0.0,2.0,1.0,A01,138Â 288Â 007,1.0
968382,201900009913,1,26,20:00,3,1,3,1.0,1.0,13097,D27,M,"43,6658490","4,7983770",13,2019,80.0,1.0,1.0,3.0,2164585,1.0,1,1,1,9.0,,0.0,0,1991.0,B01,138Â 288Â 008,1.0,-1.0,-1.0,1652669,3.0,7,,0.0,2.0,1.0,B01,138Â 288Â 008,1.0
968383,201900009914,1,31,21:35,3,1,1,1.0,6.0,13110,D12,M,"43,4664790","5,6818340",13,2019,80.0,3.0,1.0,3.0,2164586,1.0,1,4,1,5.0,,0.0,0,1976.0,A01,138Â 288Â 006,1.0,-1.0,-1.0,1652670,1.0,7,,13.0,0.0,9.0,A01,138Â 288Â 006,1.0
968384,201900009915,1,31,21:35,3,1,1,1.0,6.0,13110,RD12,M,"43,4661210","5,6818130",13,2019,80.0,3.0,1.0,3.0,2164587,1.0,1,3,1,5.0,,0.0,0,1995.0,A01,138Â 288Â 005,0.0,-1.0,-1.0,1652671,1.0,7,,2.0,0.0,1.0,A01,138Â 288Â 005,1.0
968384,201900009915,1,31,21:35,3,1,1,1.0,6.0,13110,RD12,M,"43,4661210","5,6818130",13,2019,80.0,3.0,1.0,3.0,2164588,2.0,2,3,2,5.0,,0.0,0,1996.0,A01,138Â 288Â 005,1.0,-1.0,-1.0,1652671,1.0,7,,2.0,0.0,1.0,A01,138Â 288Â 005,1.0
968385,201900009916,2,12,10:00,1,2,2,5.0,3.0,89257,rue DuprÃ© Luxembourg,M,"47,9639795","3,5233123",89,2019,50.0,1.0,2.0,3.0,2164589,1.0,1,4,2,0.0,,0.0,0,1945.0,A01,138Â 288Â 003,1.0,-1.0,-1.0,1652672,3.0,7,,0.0,2.0,2.0,A01,138Â 288Â 003,0.0
968385,201900009916,2,12,10:00,1,2,2,5.0,3.0,89257,rue DuprÃ© Luxembourg,M,"47,9639795","3,5233123",89,2019,50.0,1.0,2.0,3.0,2164589,1.0,1,4,2,0.0,,0.0,0,1945.0,A01,138Â 288Â 003,1.0,-1.0,-1.0,1652673,3.0,7,,0.0,2.0,2.0,B01,138Â 288Â 004,1.0
968385,201900009916,2,12,10:00,1,2,2,5.0,3.0,89257,rue DuprÃ© Luxembourg,M,"47,9639795","3,5233123",89,2019,50.0,1.0,2.0,3.0,2164590,1.0,1,4,2,0.0,,0.0,0,1971.0,B01,138Â 288Â 004,1.0,-1.0,-1.0,1652672,3.0,7,,0.0,2.0,2.0,A01,138Â 288Â 003,0.0
968385,201900009916,2,12,10:00,1,2,2,5.0,3.0,89257,rue DuprÃ© Luxembourg,M,"47,9639795","3,5233123",89,2019,50.0,1.0,2.0,3.0,2164590,1.0,1,4,2,0.0,,0.0,0,1971.0,B01,138Â 288Â 004,1.0,-1.0,-1.0,1652673,3.0,7,,0.0,2.0,2.0,B01,138Â 288Â 004,1.0
968386,201900009917,2,6,08:10,2,1,1,5.0,4.0,21292,RD905,M,"47,2313010","5,2337420",21,2019,80.0,1.0,1.0,3.0,2164591,1.0,1,1,2,1.0,,0.0,0,1979.0,C01,138Â 288Â 000,8.0,-1.0,-1.0,1652674,2.0,7,,0.0,0.0,4.0,C01,138Â 288Â 000,1.0
968386,201900009917,2,6,08:10,2,1,1,5.0,4.0,21292,RD905,M,"47,2313010","5,2337420",21,2019,80.0,1.0,1.0,3.0,2164591,1.0,1,1,2,1.0,,0.0,0,1979.0,C01,138Â 288Â 000,8.0,-1.0,-1.0,1652675,2.0,7,,0.0,2.0,4.0,B01,138Â 288Â 001,1.0
968386,201900009917,2,6,08:10,2,1,1,5.0,4.0,21292,RD905,M,"47,2313010","5,2337420",21,2019,80.0,1.0,1.0,3.0,2164591,1.0,1,1,2,1.0,,0.0,0,1979.0,C01,138Â 288Â 000,8.0,-1.0,-1.0,1652676,2.0,7,,0.0,2.0,1.0,A01,138Â 288Â 002,1.0
968386,201900009917,2,6,08:10,2,1,1,5.0,4.0,21292,RD905,M,"47,2313010","5,2337420",21,2019,80.0,1.0,1.0,3.0,2164592,1.0,1,4,1,1.0,,0.0,0,1961.0,B01,138Â 288Â 001,8.0,-1.0,-1.0,1652674,2.0,7,,0.0,0.0,4.0,C01,138Â 288Â 000,1.0
968386,201900009917,2,6,08:10,2,1,1,5.0,4.0,21292,RD905,M,"47,2313010","5,2337420",21,2019,80.0,1.0,1.0,3.0,2164592,1.0,1,4,1,1.0,,0.0,0,1961.0,B01,138Â 288Â 001,8.0,-1.0,-1.0,1652675,2.0,7,,0.0,2.0,4.0,B01,138Â 288Â 001,1.0
968386,201900009917,2,6,08:10,2,1,1,5.0,4.0,21292,RD905,M,"47,2313010","5,2337420",21,2019,80.0,1.0,1.0,3.0,2164592,1.0,1,4,1,1.0,,0.0,0,1961.0,B01,138Â 288Â 001,8.0,-1.0,-1.0,1652676,2.0,7,,0.0,2.0,1.0,A01,138Â 288Â 002,1.0
968386,201900009917,2,6,08:10,2,1,1,5.0,4.0,21292,RD905,M,"47,2313010","5,2337420",21,2019,80.0,1.0,1.0,3.0,2164593,1.0,1,1,1,1.0,,0.0,0,1967.0,A01,138Â 288Â 002,8.0,-1.0,-1.0,1652674,2.0,7,,0.0,0.0,4.0,C01,138Â 288Â 000,1.0
968386,201900009917,2,6,08:10,2,1,1,5.0,4.0,21292,RD905,M,"47,2313010","5,2337420",21,2019,80.0,1.0,1.0,3.0,2164593,1.0,1,1,1,1.0,,0.0,0,1967.0,A01,138Â 288Â 002,8.0,-1.0,-1.0,1652675,2.0,7,,0.0,2.0,4.0,B01,138Â 288Â 001,1.0
968386,201900009917,2,6,08:10,2,1,1,5.0,4.0,21292,RD905,M,"47,2313010","5,2337420",21,2019,80.0,1.0,1.0,3.0,2164593,1.0,1,1,1,1.0,,0.0,0,1967.0,A01,138Â 288Â 002,8.0,-1.0,-1.0,1652676,2.0,7,,0.0,2.0,1.0,A01,138Â 288Â 002,1.0
968387,201900009918,2,12,16:40,1,2,1,1.0,2.0,10006,13 bis route de brienne,M,"48,5351180","4,1504710",10,2019,50.0,1.0,1.0,3.0,2164594,1.0,1,1,1,0.0,,0.0,0,1972.0,B01,138Â 287Â 998,1.0,-1.0,-1.0,1652677,1.0,7,,0.0,0.0,4.0,B01,138Â 287Â 998,1.0
968387,201900009918,2,12,16:40,1,2,1,1.0,2.0,10006,13 bis route de brienne,M,"48,5351180","4,1504710",10,2019,50.0,1.0,1.0,3.0,2164594,1.0,1,1,1,0.0,,0.0,0,1972.0,B01,138Â 287Â 998,1.0,-1.0,-1.0,1652678,1.0,2,,0.0,2.0,4.0,A01,138Â 287Â 999,1.0
968387,201900009918,2,12,16:40,1,2,1,1.0,2.0,10006,13 bis route de brienne,M,"48,5351180","4,1504710",10,2019,50.0,1.0,1.0,3.0,2164595,1.0,1,3,1,5.0,,0.0,0,2003.0,A01,138Â 287Â 999,2.0,6.0,-1.0,1652677,1.0,7,,0.0,0.0,4.0,B01,138Â 287Â 998,1.0
968387,201900009918,2,12,16:40,1,2,1,1.0,2.0,10006,13 bis route de brienne,M,"48,5351180","4,1504710",10,2019,50.0,1.0,1.0,3.0,2164595,1.0,1,3,1,5.0,,0.0,0,2003.0,A01,138Â 287Â 999,2.0,6.0,-1.0,1652678,1.0,2,,0.0,2.0,4.0,A01,138Â 287Â 999,1.0
968388,201900009919,2,12,16:58,1,2,1,1.0,6.0,67519,16 rue de la Foret,M,"48,6586500","7,8454040",67,2019,20.0,1.0,1.0,4.0,2164596,1.0,1,1,2,5.0,,0.0,0,1993.0,A01,138Â 287Â 997,1.0,-1.0,-1.0,1652679,3.0,7,,0.0,1.0,3.0,A01,138Â 287Â 997,1.0
968388,201900009919,2,12,16:58,1,2,1,1.0,6.0,67519,16 rue de la Foret,M,"48,6586500","7,8454040",67,2019,20.0,1.0,1.0,4.0,2164597,2.0,2,1,1,5.0,,0.0,0,1993.0,A01,138Â 287Â 997,1.0,-1.0,-1.0,1652679,3.0,7,,0.0,1.0,3.0,A01,138Â 287Â 997,1.0
968388,201900009919,2,12,16:58,1,2,1,1.0,6.0,67519,16 rue de la Foret,M,"48,6586500","7,8454040",67,2019,20.0,1.0,1.0,4.0,2164598,10.0,3,4,1,5.0,,1.0,5,2011.0,A01,138Â 287Â 997,0.0,-1.0,-1.0,1652679,3.0,7,,0.0,1.0,3.0,A01,138Â 287Â 997,1.0
968389,201900009920,2,10,10:35,1,1,1,8.0,7.0,67378,RD 222,M,"48,4716230","7,7117590",67,2019,80.0,8.0,1.0,3.0,2164599,1.0,1,4,2,5.0,,0.0,0,1979.0,A01,138Â 287Â 996,8.0,-1.0,-1.0,1652680,1.0,7,,16.0,0.0,9.0,A01,138Â 287Â 996,1.0
968390,201900009921,2,12,16:55,1,1,3,1.0,1.0,74220,intersection route de Viaison - route d'Annemasse,M,"46,1596700","6,2426430",74,2019,50.0,1.0,1.0,3.0,2164600,1.0,1,1,1,1.0,,0.0,0,1959.0,B01,138Â 287Â 994,1.0,-1.0,-1.0,1652681,2.0,10,,0.0,2.0,1.0,B01,138Â 287Â 994,1.0
968390,201900009921,2,12,16:55,1,1,3,1.0,1.0,74220,intersection route de Viaison - route d'Annemasse,M,"46,1596700","6,2426430",74,2019,50.0,1.0,1.0,3.0,2164600,1.0,1,1,1,1.0,,0.0,0,1959.0,B01,138Â 287Â 994,1.0,-1.0,-1.0,1652682,1.0,10,,0.0,2.0,1.0,A01,138Â 287Â 995,1.0
968390,201900009921,2,12,16:55,1,1,3,1.0,1.0,74220,intersection route de Viaison - route d'Annemasse,M,"46,1596700","6,2426430",74,2019,50.0,1.0,1.0,3.0,2164601,1.0,1,4,1,4.0,,0.0,0,1983.0,A01,138Â 287Â 995,1.0,-1.0,-1.0,1652681,2.0,10,,0.0,2.0,1.0,B01,138Â 287Â 994,1.0
968390,201900009921,2,12,16:55,1,1,3,1.0,1.0,74220,intersection route de Viaison - route d'Annemasse,M,"46,1596700","6,2426430",74,2019,50.0,1.0,1.0,3.0,2164601,1.0,1,4,1,4.0,,0.0,0,1983.0,A01,138Â 287Â 995,1.0,-1.0,-1.0,1652682,1.0,10,,0.0,2.0,1.0,A01,138Â 287Â 995,1.0
968390,201900009921,2,12,16:55,1,1,3,1.0,1.0,74220,intersection route de Viaison - route d'Annemasse,M,"46,1596700","6,2426430",74,2019,50.0,1.0,1.0,3.0,2164602,2.0,2,4,1,4.0,,0.0,0,1999.0,A01,138Â 287Â 995,1.0,-1.0,-1.0,1652681,2.0,10,,0.0,2.0,1.0,B01,138Â 287Â 994,1.0
968390,201900009921,2,12,16:55,1,1,3,1.0,1.0,74220,intersection route de Viaison - route d'Annemasse,M,"46,1596700","6,2426430",74,2019,50.0,1.0,1.0,3.0,2164602,2.0,2,4,1,4.0,,0.0,0,1999.0,A01,138Â 287Â 995,1.0,-1.0,-1.0,1652682,1.0,10,,0.0,2.0,1.0,A01,138Â 287Â 995,1.0
968391,201900009922,2,8,17:50,2,1,1,8.0,2.0,74229,D 1206,M,"46,2325320","6,3160860",74,2019,110.0,1.0,1.0,3.0,2164603,1.0,1,4,1,5.0,,0.0,0,1964.0,B01,138Â 287Â 992,2.0,6.0,-1.0,1652683,1.0,34,,16.0,0.0,4.0,B01,138Â 287Â 992,1.0
968391,201900009922,2,8,17:50,2,1,1,8.0,2.0,74229,D 1206,M,"46,2325320","6,3160860",74,2019,110.0,1.0,1.0,3.0,2164603,1.0,1,4,1,5.0,,0.0,0,1964.0,B01,138Â 287Â 992,2.0,6.0,-1.0,1652684,1.0,7,,0.0,2.0,2.0,A01,138Â 287Â 993,1.0
968391,201900009922,2,8,17:50,2,1,1,8.0,2.0,74229,D 1206,M,"46,2325320","6,3160860",74,2019,110.0,1.0,1.0,3.0,2164604,1.0,1,1,1,1.0,,0.0,0,1983.0,A01,138Â 287Â 993,1.0,-1.0,-1.0,1652683,1.0,34,,16.0,0.0,4.0,B01,138Â 287Â 992,1.0
968391,201900009922,2,8,17:50,2,1,1,8.0,2.0,74229,D 1206,M,"46,2325320","6,3160860",74,2019,110.0,1.0,1.0,3.0,2164604,1.0,1,1,1,1.0,,0.0,0,1983.0,A01,138Â 287Â 993,1.0,-1.0,-1.0,1652684,1.0,7,,0.0,2.0,2.0,A01,138Â 287Â 993,1.0
968392,201900009923,2,11,08:15,1,2,1,8.0,6.0,74201,chemin neuf,M,"46,1185710","6,1098560",74,2019,50.0,1.0,2.0,3.0,2164605,1.0,1,1,2,0.0,,0.0,0,1969.0,A01,138Â 287Â 991,1.0,-1.0,-1.0,1652685,1.0,7,,0.0,1.0,2.0,A01,138Â 287Â 991,0.0
968392,201900009923,2,11,08:15,1,2,1,8.0,6.0,74201,chemin neuf,M,"46,1185710","6,1098560",74,2019,50.0,1.0,2.0,3.0,2164606,10.0,3,4,2,3.0,,3.0,3,1974.0,A01,138Â 287Â 991,0.0,-1.0,-1.0,1652685,1.0,7,,0.0,1.0,2.0,A01,138Â 287Â 991,0.0
968393,201900009924,2,8,15:08,1,1,1,1.0,2.0,74016,Route D1206,M,"46,1394500","6,1272540",74,2019,80.0,1.0,1.0,3.0,2164607,1.0,1,4,2,3.0,,0.0,0,2000.0,A01,138Â 287Â 989,0.0,-1.0,-1.0,1652686,2.0,80,,0.0,0.0,4.0,A01,138Â 287Â 989,3.0
968393,201900009924,2,8,15:08,1,1,1,1.0,2.0,74016,Route D1206,M,"46,1394500","6,1272540",74,2019,80.0,1.0,1.0,3.0,2164607,1.0,1,4,2,3.0,,0.0,0,2000.0,A01,138Â 287Â 989,0.0,-1.0,-1.0,1652687,2.0,7,,0.0,2.0,2.0,B01,138Â 287Â 990,2.0
968393,201900009924,2,8,15:08,1,1,1,1.0,2.0,74016,Route D1206,M,"46,1394500","6,1272540",74,2019,80.0,1.0,1.0,3.0,2164608,1.0,1,1,1,5.0,,0.0,0,1950.0,B01,138Â 287Â 990,1.0,-1.0,-1.0,1652686,2.0,80,,0.0,0.0,4.0,A01,138Â 287Â 989,3.0
968393,201900009924,2,8,15:08,1,1,1,1.0,2.0,74016,Route D1206,M,"46,1394500","6,1272540",74,2019,80.0,1.0,1.0,3.0,2164608,1.0,1,1,1,5.0,,0.0,0,1950.0,B01,138Â 287Â 990,1.0,-1.0,-1.0,1652687,2.0,7,,0.0,2.0,2.0,B01,138Â 287Â 990,2.0
968394,201900009925,2,7,16:00,1,1,1,1.0,6.0,74080,Rte des confins,M,"45,9056130","6,4367040",74,2019,50.0,3.0,2.0,4.0,2164609,10.0,3,4,2,5.0,,6.0,1,1992.0,A01,138Â 287Â 988,0.0,-1.0,-1.0,1652688,2.0,99,,0.0,1.0,7.0,A01,138Â 287Â 988,1.0
968394,201900009925,2,7,16:00,1,1,1,1.0,6.0,74080,Rte des confins,M,"45,9056130","6,4367040",74,2019,50.0,3.0,2.0,4.0,2164610,1.0,1,1,1,4.0,,0.0,0,2000.0,A01,138Â 287Â 988,1.0,-1.0,-1.0,1652688,2.0,99,,0.0,1.0,7.0,A01,138Â 287Â 988,1.0
968395,201900009926,2,9,00:45,3,1,1,1.0,5.0,73248,RD926,M,"45,2641956","6,3289105",73,2019,80.0,1.0,1.0,3.0,2164611,7.0,2,4,2,5.0,,0.0,0,1996.0,C01,138Â 287Â 985,1.0,-1.0,-1.0,1652689,1.0,7,,0.0,2.0,3.0,C01,138Â 287Â 985,1.0
968395,201900009926,2,9,00:45,3,1,1,1.0,5.0,73248,RD926,M,"45,2641956","6,3289105",73,2019,80.0,1.0,1.0,3.0,2164611,7.0,2,4,2,5.0,,0.0,0,1996.0,C01,138Â 287Â 985,1.0,-1.0,-1.0,1652690,1.0,7,,0.0,2.0,3.0,B01,138Â 287Â 986,2.0
968395,201900009926,2,9,00:45,3,1,1,1.0,5.0,73248,RD926,M,"45,2641956","6,3289105",73,2019,80.0,1.0,1.0,3.0,2164611,7.0,2,4,2,5.0,,0.0,0,1996.0,C01,138Â 287Â 985,1.0,-1.0,-1.0,1652691,2.0,7,,0.0,2.0,3.0,A01,138Â 287Â 987,1.0
968395,201900009926,2,9,00:45,3,1,1,1.0,5.0,73248,RD926,M,"45,2641956","6,3289105",73,2019,80.0,1.0,1.0,3.0,2164612,2.0,2,4,1,5.0,,0.0,0,1998.0,C01,138Â 287Â 985,1.0,-1.0,-1.0,1652689,1.0,7,,0.0,2.0,3.0,C01,138Â 287Â 985,1.0