Unnamed: 0_x,num_acc,mois,jour,hrmn,lum,agg,int,atm,col,com,adr,gps,lat,long,dep,annee,vma,situ,surf,catr,Unnamed: 0_y,place,catu,grav,sexe,trajet,secu,locp,actp,an_nais,num_veh_x,id_vehicule_x,secu1,secu2,secu3,Unnamed: 0,senc,catv,occutc,obs,obsm,choc,num_veh_y,id_vehicule_y,motor
968395,201900009926,2,9,00:45,3,1,1,1.0,5.0,73248,RD926,M,"45,2641956","6,3289105",73,2019,80.0,1.0,1.0,3.0,2164612,2.0,2,4,1,5.0,,0.0,0,1998.0,C01,138Â 287Â 985,1.0,-1.0,-1.0,1652690,1.0,7,,0.0,2.0,3.0,B01,138Â 287Â 986,2.0
968395,201900009926,2,9,00:45,3,1,1,1.0,5.0,73248,RD926,M,"45,2641956","6,3289105",73,2019,80.0,1.0,1.0,3.0,2164612,2.0,2,4,1,5.0,,0.0,0,1998.0,C01,138Â 287Â 985,1.0,-1.0,-1.0,1652691,2.0,7,,0.0,2.0,3.0,A01,138Â 287Â 987,1.0
968395,201900009926,2,9,00:45,3,1,1,1.0,5.0,73248,RD926,M,"45,2641956","6,3289105",73,2019,80.0,1.0,1.0,3.0,2164613,1.0,1,4,2,5.0,,0.0,0,1997.0,C01,138Â 287Â 985,1.0,-1.0,-1.0,1652689,1.0,7,,0.0,2.0,3.0,C01,138Â 287Â 985,1.0
968395,201900009926,2,9,00:45,3,1,1,1.0,5.0,73248,RD926,M,"45,2641956","6,3289105",73,2019,80.0,1.0,1.0,3.0,2164613,1.0,1,4,2,5.0,,0.0,0,1997.0,C01,138Â 287Â 985,1.0,-1.0,-1.0,1652690,1.0,7,,0.0,2.0,3.0,B01,138Â 287Â 986,2.0
968395,201900009926,2,9,00:45,3,1,1,1.0,5.0,73248,RD926,M,"45,2641956","6,3289105",73,2019,80.0,1.0,1.0,3.0,2164613,1.0,1,4,2,5.0,,0.0,0,1997.0,C01,138Â 287Â 985,1.0,-1.0,-1.0,1652691,2.0,7,,0.0,2.0,3.0,A01,138Â 287Â 987,1.0
968395,201900009926,2,9,00:45,3,1,1,1.0,5.0,73248,RD926,M,"45,2641956","6,3289105",73,2019,80.0,1.0,1.0,3.0,2164614,8.0,2,1,1,5.0,,0.0,0,1997.0,C01,138Â 287Â 985,1.0,-1.0,-1.0,1652689,1.0,7,,0.0,2.0,3.0,C01,138Â 287Â 985,1.0
968395,201900009926,2,9,00:45,3,1,1,1.0,5.0,73248,RD926,M,"45,2641956","6,3289105",73,2019,80.0,1.0,1.0,3.0,2164614,8.0,2,1,1,5.0,,0.0,0,1997.0,C01,138Â 287Â 985,1.0,-1.0,-1.0,1652690,1.0,7,,0.0,2.0,3.0,B01,138Â 287Â 986,2.0
968395,201900009926,2,9,00:45,3,1,1,1.0,5.0,73248,RD926,M,"45,2641956","6,3289105",73,2019,80.0,1.0,1.0,3.0,2164614,8.0,2,1,1,5.0,,0.0,0,1997.0,C01,138Â 287Â 985,1.0,-1.0,-1.0,1652691,2.0,7,,0.0,2.0,3.0,A01,138Â 287Â 987,1.0
968395,201900009926,2,9,00:45,3,1,1,1.0,5.0,73248,RD926,M,"45,2641956","6,3289105",73,2019,80.0,1.0,1.0,3.0,2164615,2.0,2,1,1,5.0,,0.0,0,1961.0,B01,138Â 287Â 986,1.0,-1.0,-1.0,1652689,1.0,7,,0.0,2.0,3.0,C01,138Â 287Â 985,1.0
968395,201900009926,2,9,00:45,3,1,1,1.0,5.0,73248,RD926,M,"45,2641956","6,3289105",73,2019,80.0,1.0,1.0,3.0,2164615,2.0,2,1,1,5.0,,0.0,0,1961.0,B01,138Â 287Â 986,1.0,-1.0,-1.0,1652690,1.0,7,,0.0,2.0,3.0,B01,138Â 287Â 986,2.0
968395,201900009926,2,9,00:45,3,1,1,1.0,5.0,73248,RD926,M,"45,2641956","6,3289105",73,2019,80.0,1.0,1.0,3.0,2164615,2.0,2,1,1,5.0,,0.0,0,1961.0,B01,138Â 287Â 986,1.0,-1.0,-1.0,1652691,2.0,7,,0.0,2.0,3.0,A01,138Â 287Â 987,1.0
968395,201900009926,2,9,00:45,3,1,1,1.0,5.0,73248,RD926,M,"45,2641956","6,3289105",73,2019,80.0,1.0,1.0,3.0,2164616,8.0,2,3,2,5.0,,0.0,0,1959.0,B01,138Â 287Â 986,1.0,-1.0,-1.0,1652689,1.0,7,,0.0,2.0,3.0,C01,138Â 287Â 985,1.0
968395,201900009926,2,9,00:45,3,1,1,1.0,5.0,73248,RD926,M,"45,2641956","6,3289105",73,2019,80.0,1.0,1.0,3.0,2164616,8.0,2,3,2,5.0,,0.0,0,1959.0,B01,138Â 287Â 986,1.0,-1.0,-1.0,1652690,1.0,7,,0.0,2.0,3.0,B01,138Â 287Â 986,2.0
968395,201900009926,2,9,00:45,3,1,1,1.0,5.0,73248,RD926,M,"45,2641956","6,3289105",73,2019,80.0,1.0,1.0,3.0,2164616,8.0,2,3,2,5.0,,0.0,0,1959.0,B01,138Â 287Â 986,1.0,-1.0,-1.0,1652691,2.0,7,,0.0,2.0,3.0,A01,138Â 287Â 987,1.0
968395,201900009926,2,9,00:45,3,1,1,1.0,5.0,73248,RD926,M,"45,2641956","6,3289105",73,2019,80.0,1.0,1.0,3.0,2164617,1.0,1,1,2,5.0,,0.0,0,1952.0,B01,138Â 287Â 986,1.0,-1.0,-1.0,1652689,1.0,7,,0.0,2.0,3.0,C01,138Â 287Â 985,1.0
968395,201900009926,2,9,00:45,3,1,1,1.0,5.0,73248,RD926,M,"45,2641956","6,3289105",73,2019,80.0,1.0,1.0,3.0,2164617,1.0,1,1,2,5.0,,0.0,0,1952.0,B01,138Â 287Â 986,1.0,-1.0,-1.0,1652690,1.0,7,,0.0,2.0,3.0,B01,138Â 287Â 986,2.0
968395,201900009926,2,9,00:45,3,1,1,1.0,5.0,73248,RD926,M,"45,2641956","6,3289105",73,2019,80.0,1.0,1.0,3.0,2164617,1.0,1,1,2,5.0,,0.0,0,1952.0,B01,138Â 287Â 986,1.0,-1.0,-1.0,1652691,2.0,7,,0.0,2.0,3.0,A01,138Â 287Â 987,1.0
968395,201900009926,2,9,00:45,3,1,1,1.0,5.0,73248,RD926,M,"45,2641956","6,3289105",73,2019,80.0,1.0,1.0,3.0,2164618,2.0,2,1,2,5.0,,0.0,0,1997.0,A01,138Â 287Â 987,1.0,-1.0,-1.0,1652689,1.0,7,,0.0,2.0,3.0,C01,138Â 287Â 985,1.0
968395,201900009926,2,9,00:45,3,1,1,1.0,5.0,73248,RD926,M,"45,2641956","6,3289105",73,2019,80.0,1.0,1.0,3.0,2164618,2.0,2,1,2,5.0,,0.0,0,1997.0,A01,138Â 287Â 987,1.0,-1.0,-1.0,1652690,1.0,7,,0.0,2.0,3.0,B01,138Â 287Â 986,2.0
968395,201900009926,2,9,00:45,3,1,1,1.0,5.0,73248,RD926,M,"45,2641956","6,3289105",73,2019,80.0,1.0,1.0,3.0,2164618,2.0,2,1,2,5.0,,0.0,0,1997.0,A01,138Â 287Â 987,1.0,-1.0,-1.0,1652691,2.0,7,,0.0,2.0,3.0,A01,138Â 287Â 987,1.0
968395,201900009926,2,9,00:45,3,1,1,1.0,5.0,73248,RD926,M,"45,2641956","6,3289105",73,2019,80.0,1.0,1.0,3.0,2164619,1.0,1,1,1,5.0,,0.0,0,1992.0,A01,138Â 287Â 987,1.0,-1.0,-1.0,1652689,1.0,7,,0.0,2.0,3.0,C01,138Â 287Â 985,1.0
968395,201900009926,2,9,00:45,3,1,1,1.0,5.0,73248,RD926,M,"45,2641956","6,3289105",73,2019,80.0,1.0,1.0,3.0,2164619,1.0,1,1,1,5.0,,0.0,0,1992.0,A01,138Â 287Â 987,1.0,-1.0,-1.0,1652690,1.0,7,,0.0,2.0,3.0,B01,138Â 287Â 986,2.0
968395,201900009926,2,9,00:45,3,1,1,1.0,5.0,73248,RD926,M,"45,2641956","6,3289105",73,2019,80.0,1.0,1.0,3.0,2164619,1.0,1,1,1,5.0,,0.0,0,1992.0,A01,138Â 287Â 987,1.0,-1.0,-1.0,1652691,2.0,7,,0.0,2.0,3.0,A01,138Â 287Â 987,1.0
968395,201900009926,2,9,00:45,3,1,1,1.0,5.0,73248,RD926,M,"45,2641956","6,3289105",73,2019,80.0,1.0,1.0,3.0,2164620,3.0,2,1,1,5.0,,0.0,0,1993.0,A01,138Â 287Â 987,1.0,-1.0,-1.0,1652689,1.0,7,,0.0,2.0,3.0,C01,138Â 287Â 985,1.0
968395,201900009926,2,9,00:45,3,1,1,1.0,5.0,73248,RD926,M,"45,2641956","6,3289105",73,2019,80.0,1.0,1.0,3.0,2164620,3.0,2,1,1,5.0,,0.0,0,1993.0,A01,138Â 287Â 987,1.0,-1.0,-1.0,1652690,1.0,7,,0.0,2.0,3.0,B01,138Â 287Â 986,2.0
968395,201900009926,2,9,00:45,3,1,1,1.0,5.0,73248,RD926,M,"45,2641956","6,3289105",73,2019,80.0,1.0,1.0,3.0,2164620,3.0,2,1,1,5.0,,0.0,0,1993.0,A01,138Â 287Â 987,1.0,-1.0,-1.0,1652691,2.0,7,,0.0,2.0,3.0,A01,138Â 287Â 987,1.0
968396,201900009927,2,9,08:30,1,1,1,4.0,6.0,73150,RD 221,M,"45,5145101","6,6792896",73,2019,80.0,3.0,5.0,3.0,2164621,9.0,2,1,1,5.0,,0.0,0,1950.0,A01,138Â 287Â 984,1.0,-1.0,-1.0,1652692,2.0,7,,1.0,1.0,1.0,A01,138Â 287Â 984,1.0
968396,201900009927,2,9,08:30,1,1,1,4.0,6.0,73150,RD 221,M,"45,5145101","6,6792896",73,2019,80.0,3.0,5.0,3.0,2164622,10.0,3,3,1,5.0,,6.0,9,1973.0,A01,138Â 287Â 984,0.0,-1.0,-1.0,1652692,2.0,7,,1.0,1.0,1.0,A01,138Â 287Â 984,1.0
968396,201900009927,2,9,08:30,1,1,1,4.0,6.0,73150,RD 221,M,"45,5145101","6,6792896",73,2019,80.0,3.0,5.0,3.0,2164623,1.0,1,1,1,5.0,,0.0,0,1981.0,A01,138Â 287Â 984,1.0,-1.0,-1.0,1652692,2.0,7,,1.0,1.0,1.0,A01,138Â 287Â 984,1.0
968396,201900009927,2,9,08:30,1,1,1,4.0,6.0,73150,RD 221,M,"45,5145101","6,6792896",73,2019,80.0,3.0,5.0,3.0,2164624,2.0,2,1,2,5.0,,0.0,0,1983.0,A01,138Â 287Â 984,1.0,-1.0,-1.0,1652692,2.0,7,,1.0,1.0,1.0,A01,138Â 287Â 984,1.0
968396,201900009927,2,9,08:30,1,1,1,4.0,6.0,73150,RD 221,M,"45,5145101","6,6792896",73,2019,80.0,3.0,5.0,3.0,2164625,3.0,2,1,1,5.0,,0.0,0,2014.0,A01,138Â 287Â 984,3.0,-1.0,-1.0,1652692,2.0,7,,1.0,1.0,1.0,A01,138Â 287Â 984,1.0
968396,201900009927,2,9,08:30,1,1,1,4.0,6.0,73150,RD 221,M,"45,5145101","6,6792896",73,2019,80.0,3.0,5.0,3.0,2164626,8.0,2,1,1,5.0,,0.0,0,2017.0,A01,138Â 287Â 984,3.0,-1.0,-1.0,1652692,2.0,7,,1.0,1.0,1.0,A01,138Â 287Â 984,1.0
968396,201900009927,2,9,08:30,1,1,1,4.0,6.0,73150,RD 221,M,"45,5145101","6,6792896",73,2019,80.0,3.0,5.0,3.0,2164627,7.0,2,1,2,5.0,,0.0,0,1951.0,A01,138Â 287Â 984,1.0,-1.0,-1.0,1652692,2.0,7,,1.0,1.0,1.0,A01,138Â 287Â 984,1.0
968397,201900009928,2,7,17:10,2,2,2,2.0,4.0,42323,RD 1082,M,"45,5621510","4,2768780",42,2019,50.0,1.0,2.0,3.0,2164628,1.0,1,4,2,5.0,,0.0,0,1949.0,D01,138Â 287Â 981,1.0,-1.0,-1.0,1652693,1.0,7,,0.0,2.0,3.0,D01,138Â 287Â 981,1.0
968397,201900009928,2,7,17:10,2,2,2,2.0,4.0,42323,RD 1082,M,"45,5621510","4,2768780",42,2019,50.0,1.0,2.0,3.0,2164628,1.0,1,4,2,5.0,,0.0,0,1949.0,D01,138Â 287Â 981,1.0,-1.0,-1.0,1652694,2.0,7,,0.0,2.0,2.0,A01,138Â 287Â 982,1.0
968397,201900009928,2,7,17:10,2,2,2,2.0,4.0,42323,RD 1082,M,"45,5621510","4,2768780",42,2019,50.0,1.0,2.0,3.0,2164628,1.0,1,4,2,5.0,,0.0,0,1949.0,D01,138Â 287Â 981,1.0,-1.0,-1.0,1652695,2.0,7,,0.0,2.0,3.0,B01,138Â 287Â 983,1.0
968397,201900009928,2,7,17:10,2,2,2,2.0,4.0,42323,RD 1082,M,"45,5621510","4,2768780",42,2019,50.0,1.0,2.0,3.0,2164629,9.0,2,4,1,4.0,,0.0,0,1993.0,A01,138Â 287Â 982,1.0,-1.0,-1.0,1652693,1.0,7,,0.0,2.0,3.0,D01,138Â 287Â 981,1.0
968397,201900009928,2,7,17:10,2,2,2,2.0,4.0,42323,RD 1082,M,"45,5621510","4,2768780",42,2019,50.0,1.0,2.0,3.0,2164629,9.0,2,4,1,4.0,,0.0,0,1993.0,A01,138Â 287Â 982,1.0,-1.0,-1.0,1652694,2.0,7,,0.0,2.0,2.0,A01,138Â 287Â 982,1.0
968397,201900009928,2,7,17:10,2,2,2,2.0,4.0,42323,RD 1082,M,"45,5621510","4,2768780",42,2019,50.0,1.0,2.0,3.0,2164629,9.0,2,4,1,4.0,,0.0,0,1993.0,A01,138Â 287Â 982,1.0,-1.0,-1.0,1652695,2.0,7,,0.0,2.0,3.0,B01,138Â 287Â 983,1.0
968397,201900009928,2,7,17:10,2,2,2,2.0,4.0,42323,RD 1082,M,"45,5621510","4,2768780",42,2019,50.0,1.0,2.0,3.0,2164630,2.0,2,4,1,4.0,,0.0,0,1988.0,A01,138Â 287Â 982,1.0,-1.0,-1.0,1652693,1.0,7,,0.0,2.0,3.0,D01,138Â 287Â 981,1.0
968397,201900009928,2,7,17:10,2,2,2,2.0,4.0,42323,RD 1082,M,"45,5621510","4,2768780",42,2019,50.0,1.0,2.0,3.0,2164630,2.0,2,4,1,4.0,,0.0,0,1988.0,A01,138Â 287Â 982,1.0,-1.0,-1.0,1652694,2.0,7,,0.0,2.0,2.0,A01,138Â 287Â 982,1.0
968397,201900009928,2,7,17:10,2,2,2,2.0,4.0,42323,RD 1082,M,"45,5621510","4,2768780",42,2019,50.0,1.0,2.0,3.0,2164630,2.0,2,4,1,4.0,,0.0,0,1988.0,A01,138Â 287Â 982,1.0,-1.0,-1.0,1652695,2.0,7,,0.0,2.0,3.0,B01,138Â 287Â 983,1.0
968397,201900009928,2,7,17:10,2,2,2,2.0,4.0,42323,RD 1082,M,"45,5621510","4,2768780",42,2019,50.0,1.0,2.0,3.0,2164631,1.0,1,4,1,4.0,,0.0,0,1997.0,A01,138Â 287Â 982,1.0,-1.0,-1.0,1652693,1.0,7,,0.0,2.0,3.0,D01,138Â 287Â 981,1.0
968397,201900009928,2,7,17:10,2,2,2,2.0,4.0,42323,RD 1082,M,"45,5621510","4,2768780",42,2019,50.0,1.0,2.0,3.0,2164631,1.0,1,4,1,4.0,,0.0,0,1997.0,A01,138Â 287Â 982,1.0,-1.0,-1.0,1652694,2.0,7,,0.0,2.0,2.0,A01,138Â 287Â 982,1.0
968397,201900009928,2,7,17:10,2,2,2,2.0,4.0,42323,RD 1082,M,"45,5621510","4,2768780",42,2019,50.0,1.0,2.0,3.0,2164631,1.0,1,4,1,4.0,,0.0,0,1997.0,A01,138Â 287Â 982,1.0,-1.0,-1.0,1652695,2.0,7,,0.0,2.0,3.0,B01,138Â 287Â 983,1.0
968397,201900009928,2,7,17:10,2,2,2,2.0,4.0,42323,RD 1082,M,"45,5621510","4,2768780",42,2019,50.0,1.0,2.0,3.0,2164632,1.0,1,4,2,0.0,,0.0,0,1990.0,B01,138Â 287Â 983,1.0,-1.0,-1.0,1652693,1.0,7,,0.0,2.0,3.0,D01,138Â 287Â 981,1.0
968397,201900009928,2,7,17:10,2,2,2,2.0,4.0,42323,RD 1082,M,"45,5621510","4,2768780",42,2019,50.0,1.0,2.0,3.0,2164632,1.0,1,4,2,0.0,,0.0,0,1990.0,B01,138Â 287Â 983,1.0,-1.0,-1.0,1652694,2.0,7,,0.0,2.0,2.0,A01,138Â 287Â 982,1.0
968397,201900009928,2,7,17:10,2,2,2,2.0,4.0,42323,RD 1082,M,"45,5621510","4,2768780",42,2019,50.0,1.0,2.0,3.0,2164632,1.0,1,4,2,0.0,,0.0,0,1990.0,B01,138Â 287Â 983,1.0,-1.0,-1.0,1652695,2.0,7,,0.0,2.0,3.0,B01,138Â 287Â 983,1.0
968398,201900009929,2,8,07:10,2,1,1,9.0,6.0,38449,D 75,M,"45,6254800","5,0894000",38,2019,80.0,4.0,7.0,3.0,2164633,1.0,1,3,2,0.0,,0.0,0,1997.0,A01,138Â 287Â 980,1.0,-1.0,-1.0,1652696,1.0,7,,6.0,0.0,1.0,A01,138Â 287Â 980,1.0
968399,201900009930,2,7,19:15,3,1,1,1.0,6.0,44035,rue de l'Europe,M,"47,2858430"," -1,5461560",44,2019,50.0,1.0,1.0,3.0,2164634,1.0,1,1,2,1.0,,0.0,0,1996.0,A01,138Â 287Â 979,1.0,-1.0,-1.0,1652697,1.0,7,,0.0,1.0,0.0,A01,138Â 287Â 979,1.0
968399,201900009930,2,7,19:15,3,1,1,1.0,6.0,44035,rue de l'Europe,M,"47,2858430"," -1,5461560",44,2019,50.0,1.0,1.0,3.0,2164635,10.0,3,3,1,5.0,,3.0,3,1992.0,A01,138Â 287Â 979,0.0,-1.0,-1.0,1652697,1.0,7,,0.0,1.0,0.0,A01,138Â 287Â 979,1.0
968400,201900009931,2,1,14:30,1,2,1,2.0,3.0,26347,rue emile friole,M,"45,0712610","4,8384840",26,2019,-1.0,1.0,2.0,9.0,2164636,1.0,1,1,1,1.0,,0.0,0,1993.0,B01,138Â 287Â 977,1.0,-1.0,-1.0,1652698,2.0,7,,0.0,0.0,8.0,B01,138Â 287Â 977,0.0
968400,201900009931,2,1,14:30,1,2,1,2.0,3.0,26347,rue emile friole,M,"45,0712610","4,8384840",26,2019,-1.0,1.0,2.0,9.0,2164636,1.0,1,1,1,1.0,,0.0,0,1993.0,B01,138Â 287Â 977,1.0,-1.0,-1.0,1652699,1.0,7,,0.0,2.0,1.0,A01,138Â 287Â 978,0.0
968400,201900009931,2,1,14:30,1,2,1,2.0,3.0,26347,rue emile friole,M,"45,0712610","4,8384840",26,2019,-1.0,1.0,2.0,9.0,2164637,1.0,1,3,2,9.0,,0.0,0,1940.0,A01,138Â 287Â 978,1.0,-1.0,-1.0,1652698,2.0,7,,0.0,0.0,8.0,B01,138Â 287Â 977,0.0
968400,201900009931,2,1,14:30,1,2,1,2.0,3.0,26347,rue emile friole,M,"45,0712610","4,8384840",26,2019,-1.0,1.0,2.0,9.0,2164637,1.0,1,3,2,9.0,,0.0,0,1940.0,A01,138Â 287Â 978,1.0,-1.0,-1.0,1652699,1.0,7,,0.0,2.0,1.0,A01,138Â 287Â 978,0.0
968401,201900009932,1,28,18:50,3,1,3,1.0,6.0,01105,Route de Saint-AndrÃ© de Corcy,M,"45,9342240","4,9028040",1,2019,80.0,3.0,1.0,3.0,2164638,1.0,1,3,1,0.0,,0.0,0,1932.0,A01,138Â 287Â 976,1.0,-1.0,-1.0,1652700,2.0,7,,2.0,0.0,1.0,A01,138Â 287Â 976,0.0
968402,201900009933,2,12,16:50,2,2,2,7.0,5.0,01185,avenue de la libertÃ©,M,"45,9747004","5,5958637",1,2019,50.0,1.0,1.0,3.0,2164639,1.0,1,4,1,4.0,,0.0,0,1976.0,A01,138Â 287Â 973,1.0,-1.0,-1.0,1652701,2.0,7,,12.0,2.0,8.0,A01,138Â 287Â 973,0.0
968402,201900009933,2,12,16:50,2,2,2,7.0,5.0,01185,avenue de la libertÃ©,M,"45,9747004","5,5958637",1,2019,50.0,1.0,1.0,3.0,2164639,1.0,1,4,1,4.0,,0.0,0,1976.0,A01,138Â 287Â 973,1.0,-1.0,-1.0,1652702,2.0,7,,0.0,0.0,1.0,B01,138Â 287Â 974,0.0
968402,201900009933,2,12,16:50,2,2,2,7.0,5.0,01185,avenue de la libertÃ©,M,"45,9747004","5,5958637",1,2019,50.0,1.0,1.0,3.0,2164639,1.0,1,4,1,4.0,,0.0,0,1976.0,A01,138Â 287Â 973,1.0,-1.0,-1.0,1652703,1.0,7,,0.0,0.0,3.0,C01,138Â 287Â 975,0.0
968402,201900009933,2,12,16:50,2,2,2,7.0,5.0,01185,avenue de la libertÃ©,M,"45,9747004","5,5958637",1,2019,50.0,1.0,1.0,3.0,2164640,1.0,1,1,2,5.0,,0.0,0,2000.0,B01,138Â 287Â 974,1.0,-1.0,-1.0,1652701,2.0,7,,12.0,2.0,8.0,A01,138Â 287Â 973,0.0
968402,201900009933,2,12,16:50,2,2,2,7.0,5.0,01185,avenue de la libertÃ©,M,"45,9747004","5,5958637",1,2019,50.0,1.0,1.0,3.0,2164640,1.0,1,1,2,5.0,,0.0,0,2000.0,B01,138Â 287Â 974,1.0,-1.0,-1.0,1652702,2.0,7,,0.0,0.0,1.0,B01,138Â 287Â 974,0.0
968402,201900009933,2,12,16:50,2,2,2,7.0,5.0,01185,avenue de la libertÃ©,M,"45,9747004","5,5958637",1,2019,50.0,1.0,1.0,3.0,2164640,1.0,1,1,2,5.0,,0.0,0,2000.0,B01,138Â 287Â 974,1.0,-1.0,-1.0,1652703,1.0,7,,0.0,0.0,3.0,C01,138Â 287Â 975,0.0
968402,201900009933,2,12,16:50,2,2,2,7.0,5.0,01185,avenue de la libertÃ©,M,"45,9747004","5,5958637",1,2019,50.0,1.0,1.0,3.0,2164641,1.0,1,1,2,5.0,,0.0,0,1958.0,C01,138Â 287Â 975,1.0,-1.0,-1.0,1652701,2.0,7,,12.0,2.0,8.0,A01,138Â 287Â 973,0.0
968402,201900009933,2,12,16:50,2,2,2,7.0,5.0,01185,avenue de la libertÃ©,M,"45,9747004","5,5958637",1,2019,50.0,1.0,1.0,3.0,2164641,1.0,1,1,2,5.0,,0.0,0,1958.0,C01,138Â 287Â 975,1.0,-1.0,-1.0,1652702,2.0,7,,0.0,0.0,1.0,B01,138Â 287Â 974,0.0
968402,201900009933,2,12,16:50,2,2,2,7.0,5.0,01185,avenue de la libertÃ©,M,"45,9747004","5,5958637",1,2019,50.0,1.0,1.0,3.0,2164641,1.0,1,1,2,5.0,,0.0,0,1958.0,C01,138Â 287Â 975,1.0,-1.0,-1.0,1652703,1.0,7,,0.0,0.0,3.0,C01,138Â 287Â 975,0.0
968403,201900009934,2,11,19:45,3,1,1,1.0,6.0,69065,751 lieu dit Chassagne,M,"46,1437200","4,7266500",69,2019,80.0,1.0,1.0,4.0,2164642,1.0,1,3,1,0.0,,0.0,0,1967.0,A01,138Â 287Â 972,2.0,6.0,4.0,1652704,3.0,34,,9.0,0.0,1.0,A01,138Â 287Â 972,1.0
968404,201900009935,2,1,18:40,5,2,9,1.0,6.0,69206,Rue des Vernailles,M,"46,0572000","4,7208900",69,2019,-1.0,8.0,2.0,6.0,2164643,1.0,1,1,1,9.0,,0.0,0,1969.0,A01,138Â 287Â 971,8.0,-1.0,-1.0,1652705,3.0,7,,0.0,1.0,1.0,A01,138Â 287Â 971,1.0
968404,201900009935,2,1,18:40,5,2,9,1.0,6.0,69206,Rue des Vernailles,M,"46,0572000","4,7208900",69,2019,-1.0,8.0,2.0,6.0,2164644,10.0,3,4,2,9.0,,1.0,3,1953.0,A01,138Â 287Â 971,0.0,-1.0,-1.0,1652705,3.0,7,,0.0,1.0,1.0,A01,138Â 287Â 971,1.0
968405,201900009936,2,11,00:50,5,1,1,2.0,6.0,65059,37 bis avenue maquis de Payolle,M,"43,0513818","0,1578501",65,2019,70.0,3.0,2.0,3.0,2164645,1.0,1,2,1,5.0,,0.0,0,1992.0,A01,138Â 287Â 970,1.0,-1.0,-1.0,1652706,2.0,7,,5.0,0.0,1.0,A01,138Â 287Â 970,6.0
968406,201900009937,2,8,09:50,1,2,1,1.0,6.0,09261,05 avenue des Ã©vadÃ©s de France,M,"42,9808900","1,1508490",9,2019,-1.0,1.0,1.0,3.0,2164646,1.0,1,1,2,5.0,,0.0,0,1957.0,A01,138Â 287Â 969,1.0,-1.0,-1.0,1652707,1.0,7,,0.0,1.0,1.0,A01,138Â 287Â 969,1.0
968406,201900009937,2,8,09:50,1,2,1,1.0,6.0,09261,05 avenue des Ã©vadÃ©s de France,M,"42,9808900","1,1508490",9,2019,-1.0,1.0,1.0,3.0,2164647,10.0,3,3,2,5.0,,3.0,3,1947.0,A01,138Â 287Â 969,0.0,-1.0,-1.0,1652707,1.0,7,,0.0,1.0,1.0,A01,138Â 287Â 969,1.0
968407,201900009938,2,7,17:00,1,2,1,1.0,6.0,87156,Route de Rouveix,M,"45,8315760","1,3764050",87,2019,50.0,3.0,1.0,3.0,2164648,1.0,1,3,1,9.0,,0.0,0,1989.0,A01,138Â 287Â 968,1.0,-1.0,-1.0,1652708,1.0,7,,13.0,0.0,7.0,A01,138Â 287Â 968,0.0
968408,201900009939,2,9,07:50,1,1,1,1.0,6.0,17184,D 733,M,"45,7754240"," -0,9361560",17,2019,80.0,3.0,1.0,3.0,2164649,1.0,1,4,1,5.0,,0.0,0,1993.0,A01,138Â 287Â 967,1.0,-1.0,-1.0,1652709,1.0,7,,3.0,0.0,1.0,A01,138Â 287Â 967,1.0
968408,201900009939,2,9,07:50,1,1,1,1.0,6.0,17184,D 733,M,"45,7754240"," -0,9361560",17,2019,80.0,3.0,1.0,3.0,2164650,2.0,2,3,1,5.0,,0.0,0,1999.0,A01,138Â 287Â 967,1.0,-1.0,-1.0,1652709,1.0,7,,3.0,0.0,1.0,A01,138Â 287Â 967,1.0
968408,201900009939,2,9,07:50,1,1,1,1.0,6.0,17184,D 733,M,"45,7754240"," -0,9361560",17,2019,80.0,3.0,1.0,3.0,2164651,7.0,2,4,1,5.0,,0.0,0,1997.0,A01,138Â 287Â 967,1.0,-1.0,-1.0,1652709,1.0,7,,3.0,0.0,1.0,A01,138Â 287Â 967,1.0
968409,201900009940,2,12,16:20,1,1,9,1.0,1.0,17243,Route de Montendre,M,"45,2421490"," -0,2709320",17,2019,70.0,1.0,1.0,3.0,2164652,1.0,1,3,2,5.0,,0.0,0,1962.0,A01,138Â 287Â 965,1.0,-1.0,-1.0,1652710,1.0,7,,3.0,2.0,2.0,A01,138Â 287Â 965,1.0
968409,201900009940,2,12,16:20,1,1,9,1.0,1.0,17243,Route de Montendre,M,"45,2421490"," -0,2709320",17,2019,70.0,1.0,1.0,3.0,2164652,1.0,1,3,2,5.0,,0.0,0,1962.0,A01,138Â 287Â 965,1.0,-1.0,-1.0,1652711,2.0,7,,0.0,2.0,1.0,B01,138Â 287Â 966,1.0
968409,201900009940,2,12,16:20,1,1,9,1.0,1.0,17243,Route de Montendre,M,"45,2421490"," -0,2709320",17,2019,70.0,1.0,1.0,3.0,2164653,1.0,1,4,1,1.0,,0.0,0,1967.0,B01,138Â 287Â 966,1.0,-1.0,-1.0,1652710,1.0,7,,3.0,2.0,2.0,A01,138Â 287Â 965,1.0
968409,201900009940,2,12,16:20,1,1,9,1.0,1.0,17243,Route de Montendre,M,"45,2421490"," -0,2709320",17,2019,70.0,1.0,1.0,3.0,2164653,1.0,1,4,1,1.0,,0.0,0,1967.0,B01,138Â 287Â 966,1.0,-1.0,-1.0,1652711,2.0,7,,0.0,2.0,1.0,B01,138Â 287Â 966,1.0