Unnamed: 0_x,num_acc,mois,jour,hrmn,lum,agg,int,atm,col,com,adr,gps,lat,long,dep,annee,vma,situ,surf,catr,Unnamed: 0_y,place,catu,grav,sexe,trajet,secu,locp,actp,an_nais,num_veh_x,id_vehicule_x,secu1,secu2,secu3,Unnamed: 0,senc,catv,occutc,obs,obsm,choc,num_veh_y,id_vehicule_y,motor
968410,201900009941,2,9,07:30,2,1,1,1.0,1.0,86163,RD 3,M,"46,6417340","0,4924330",86,2019,80.0,1.0,1.0,3.0,2164654,1.0,1,4,2,9.0,,0.0,0,1972.0,A01,138Â 287Â 963,1.0,-1.0,-1.0,1652712,1.0,7,,0.0,2.0,1.0,A01,138Â 287Â 963,1.0
968410,201900009941,2,9,07:30,2,1,1,1.0,1.0,86163,RD 3,M,"46,6417340","0,4924330",86,2019,80.0,1.0,1.0,3.0,2164654,1.0,1,4,2,9.0,,0.0,0,1972.0,A01,138Â 287Â 963,1.0,-1.0,-1.0,1652713,2.0,7,,0.0,2.0,1.0,B01,138Â 287Â 964,1.0
968410,201900009941,2,9,07:30,2,1,1,1.0,1.0,86163,RD 3,M,"46,6417340","0,4924330",86,2019,80.0,1.0,1.0,3.0,2164655,1.0,1,3,1,5.0,,0.0,0,1948.0,B01,138Â 287Â 964,1.0,-1.0,-1.0,1652712,1.0,7,,0.0,2.0,1.0,A01,138Â 287Â 963,1.0
968410,201900009941,2,9,07:30,2,1,1,1.0,1.0,86163,RD 3,M,"46,6417340","0,4924330",86,2019,80.0,1.0,1.0,3.0,2164655,1.0,1,3,1,5.0,,0.0,0,1948.0,B01,138Â 287Â 964,1.0,-1.0,-1.0,1652713,2.0,7,,0.0,2.0,1.0,B01,138Â 287Â 964,1.0
968411,201900009942,2,12,08:45,1,2,1,1.0,1.0,64126,rue des Lilas,M,"43,1700150"," -0,6079880",64,2019,50.0,1.0,1.0,4.0,2164656,1.0,1,1,1,2.0,,0.0,0,1972.0,A01,138Â 287Â 961,1.0,-1.0,-1.0,1652714,1.0,7,,1.0,0.0,1.0,A01,138Â 287Â 961,1.0
968411,201900009942,2,12,08:45,1,2,1,1.0,1.0,64126,rue des Lilas,M,"43,1700150"," -0,6079880",64,2019,50.0,1.0,1.0,4.0,2164656,1.0,1,1,1,2.0,,0.0,0,1972.0,A01,138Â 287Â 961,1.0,-1.0,-1.0,1652715,2.0,7,,6.0,0.0,1.0,B01,138Â 287Â 962,1.0
968411,201900009942,2,12,08:45,1,2,1,1.0,1.0,64126,rue des Lilas,M,"43,1700150"," -0,6079880",64,2019,50.0,1.0,1.0,4.0,2164657,1.0,1,1,2,5.0,,0.0,0,1980.0,B01,138Â 287Â 962,1.0,-1.0,-1.0,1652714,1.0,7,,1.0,0.0,1.0,A01,138Â 287Â 961,1.0
968411,201900009942,2,12,08:45,1,2,1,1.0,1.0,64126,rue des Lilas,M,"43,1700150"," -0,6079880",64,2019,50.0,1.0,1.0,4.0,2164657,1.0,1,1,2,5.0,,0.0,0,1980.0,B01,138Â 287Â 962,1.0,-1.0,-1.0,1652715,2.0,7,,6.0,0.0,1.0,B01,138Â 287Â 962,1.0
968411,201900009942,2,12,08:45,1,2,1,1.0,1.0,64126,rue des Lilas,M,"43,1700150"," -0,6079880",64,2019,50.0,1.0,1.0,4.0,2164658,7.0,2,1,1,5.0,,0.0,0,1931.0,B01,138Â 287Â 962,1.0,-1.0,-1.0,1652714,1.0,7,,1.0,0.0,1.0,A01,138Â 287Â 961,1.0
968411,201900009942,2,12,08:45,1,2,1,1.0,1.0,64126,rue des Lilas,M,"43,1700150"," -0,6079880",64,2019,50.0,1.0,1.0,4.0,2164658,7.0,2,1,1,5.0,,0.0,0,1931.0,B01,138Â 287Â 962,1.0,-1.0,-1.0,1652715,2.0,7,,6.0,0.0,1.0,B01,138Â 287Â 962,1.0
968411,201900009942,2,12,08:45,1,2,1,1.0,1.0,64126,rue des Lilas,M,"43,1700150"," -0,6079880",64,2019,50.0,1.0,1.0,4.0,2164659,10.0,3,3,2,5.0,,5.0,A,1962.0,B01,138Â 287Â 962,0.0,-1.0,-1.0,1652714,1.0,7,,1.0,0.0,1.0,A01,138Â 287Â 961,1.0
968411,201900009942,2,12,08:45,1,2,1,1.0,1.0,64126,rue des Lilas,M,"43,1700150"," -0,6079880",64,2019,50.0,1.0,1.0,4.0,2164659,10.0,3,3,2,5.0,,5.0,A,1962.0,B01,138Â 287Â 962,0.0,-1.0,-1.0,1652715,2.0,7,,6.0,0.0,1.0,B01,138Â 287Â 962,1.0
968412,201900009943,2,12,10:30,1,2,6,1.0,6.0,64422,BEAUVALLON,M,"43,1969000"," -0,6027520",64,2019,50.0,1.0,1.0,3.0,2164660,10.0,3,3,1,5.0,,3.0,3,1932.0,A01,138Â 287Â 960,0.0,-1.0,-1.0,1652716,1.0,7,,0.0,1.0,1.0,A01,138Â 287Â 960,1.0
968412,201900009943,2,12,10:30,1,2,6,1.0,6.0,64422,BEAUVALLON,M,"43,1969000"," -0,6027520",64,2019,50.0,1.0,1.0,3.0,2164661,1.0,1,1,1,5.0,,0.0,0,1954.0,A01,138Â 287Â 960,1.0,-1.0,-1.0,1652716,1.0,7,,0.0,1.0,1.0,A01,138Â 287Â 960,1.0
968413,201900009944,2,12,14:30,1,1,2,1.0,3.0,47157,lieu dit Phenix,M,"44,5113910","0,2003660",47,2019,70.0,1.0,1.0,3.0,2164662,1.0,1,1,1,0.0,,0.0,0,1943.0,B01,138Â 287Â 958,1.0,-1.0,-1.0,1652717,1.0,7,,0.0,2.0,7.0,B01,138Â 287Â 958,1.0
968413,201900009944,2,12,14:30,1,1,2,1.0,3.0,47157,lieu dit Phenix,M,"44,5113910","0,2003660",47,2019,70.0,1.0,1.0,3.0,2164662,1.0,1,1,1,0.0,,0.0,0,1943.0,B01,138Â 287Â 958,1.0,-1.0,-1.0,1652718,2.0,2,,0.0,2.0,1.0,A01,138Â 287Â 959,1.0
968413,201900009944,2,12,14:30,1,1,2,1.0,3.0,47157,lieu dit Phenix,M,"44,5113910","0,2003660",47,2019,70.0,1.0,1.0,3.0,2164663,2.0,2,3,2,1.0,,0.0,0,1994.0,A01,138Â 287Â 959,2.0,-1.0,-1.0,1652717,1.0,7,,0.0,2.0,7.0,B01,138Â 287Â 958,1.0
968413,201900009944,2,12,14:30,1,1,2,1.0,3.0,47157,lieu dit Phenix,M,"44,5113910","0,2003660",47,2019,70.0,1.0,1.0,3.0,2164663,2.0,2,3,2,1.0,,0.0,0,1994.0,A01,138Â 287Â 959,2.0,-1.0,-1.0,1652718,2.0,2,,0.0,2.0,1.0,A01,138Â 287Â 959,1.0
968413,201900009944,2,12,14:30,1,1,2,1.0,3.0,47157,lieu dit Phenix,M,"44,5113910","0,2003660",47,2019,70.0,1.0,1.0,3.0,2164664,1.0,1,3,1,1.0,,0.0,0,1969.0,A01,138Â 287Â 959,2.0,-1.0,-1.0,1652717,1.0,7,,0.0,2.0,7.0,B01,138Â 287Â 958,1.0
968413,201900009944,2,12,14:30,1,1,2,1.0,3.0,47157,lieu dit Phenix,M,"44,5113910","0,2003660",47,2019,70.0,1.0,1.0,3.0,2164664,1.0,1,3,1,1.0,,0.0,0,1969.0,A01,138Â 287Â 959,2.0,-1.0,-1.0,1652718,2.0,2,,0.0,2.0,1.0,A01,138Â 287Â 959,1.0
968414,201900009945,2,10,18:45,3,2,1,2.0,6.0,33293,78 route de SorbÃ¨de,M,"44,8953560"," -0,4168590",33,2019,50.0,3.0,2.0,4.0,2164665,2.0,2,4,1,5.0,,0.0,0,2005.0,A01,138Â 287Â 957,1.0,-1.0,-1.0,1652719,2.0,7,,6.0,0.0,1.0,A01,138Â 287Â 957,1.0
968414,201900009945,2,10,18:45,3,2,1,2.0,6.0,33293,78 route de SorbÃ¨de,M,"44,8953560"," -0,4168590",33,2019,50.0,3.0,2.0,4.0,2164666,1.0,1,4,1,5.0,,0.0,0,1968.0,A01,138Â 287Â 957,1.0,-1.0,-1.0,1652719,2.0,7,,6.0,0.0,1.0,A01,138Â 287Â 957,1.0
968414,201900009945,2,10,18:45,3,2,1,2.0,6.0,33293,78 route de SorbÃ¨de,M,"44,8953560"," -0,4168590",33,2019,50.0,3.0,2.0,4.0,2164667,9.0,2,4,2,5.0,,0.0,0,1976.0,A01,138Â 287Â 957,0.0,-1.0,-1.0,1652719,2.0,7,,6.0,0.0,1.0,A01,138Â 287Â 957,1.0
968415,201900009946,2,9,16:45,1,1,1,1.0,6.0,33100,RD137,M,"45,1269500"," -0,6160000",33,2019,80.0,8.0,1.0,3.0,2164668,1.0,1,3,1,5.0,,0.0,0,1989.0,A01,138Â 287Â 956,2.0,6.0,-1.0,1652720,2.0,33,,15.0,0.0,1.0,A01,138Â 287Â 956,1.0
968416,201900009947,2,9,16:15,1,2,6,1.0,3.0,33519,Av de Soulac/Av de la Dame Blanche,M,"44,9091640"," -0,6689480",33,2019,50.0,1.0,1.0,4.0,2164669,3.0,2,1,1,5.0,,0.0,0,2009.0,A01,138Â 287Â 954,3.0,-1.0,-1.0,1652721,2.0,7,,0.0,2.0,3.0,A01,138Â 287Â 954,0.0
968416,201900009947,2,9,16:15,1,2,6,1.0,3.0,33519,Av de Soulac/Av de la Dame Blanche,M,"44,9091640"," -0,6689480",33,2019,50.0,1.0,1.0,4.0,2164669,3.0,2,1,1,5.0,,0.0,0,2009.0,A01,138Â 287Â 954,3.0,-1.0,-1.0,1652722,2.0,32,,0.0,2.0,5.0,B01,138Â 287Â 955,0.0
968416,201900009947,2,9,16:15,1,2,6,1.0,3.0,33519,Av de Soulac/Av de la Dame Blanche,M,"44,9091640"," -0,6689480",33,2019,50.0,1.0,1.0,4.0,2164670,1.0,1,1,1,5.0,,0.0,0,1979.0,A01,138Â 287Â 954,1.0,-1.0,-1.0,1652721,2.0,7,,0.0,2.0,3.0,A01,138Â 287Â 954,0.0
968416,201900009947,2,9,16:15,1,2,6,1.0,3.0,33519,Av de Soulac/Av de la Dame Blanche,M,"44,9091640"," -0,6689480",33,2019,50.0,1.0,1.0,4.0,2164670,1.0,1,1,1,5.0,,0.0,0,1979.0,A01,138Â 287Â 954,1.0,-1.0,-1.0,1652722,2.0,32,,0.0,2.0,5.0,B01,138Â 287Â 955,0.0
968416,201900009947,2,9,16:15,1,2,6,1.0,3.0,33519,Av de Soulac/Av de la Dame Blanche,M,"44,9091640"," -0,6689480",33,2019,50.0,1.0,1.0,4.0,2164671,1.0,1,3,1,5.0,,0.0,0,1962.0,B01,138Â 287Â 955,2.0,6.0,-1.0,1652721,2.0,7,,0.0,2.0,3.0,A01,138Â 287Â 954,0.0
968416,201900009947,2,9,16:15,1,2,6,1.0,3.0,33519,Av de Soulac/Av de la Dame Blanche,M,"44,9091640"," -0,6689480",33,2019,50.0,1.0,1.0,4.0,2164671,1.0,1,3,1,5.0,,0.0,0,1962.0,B01,138Â 287Â 955,2.0,6.0,-1.0,1652722,2.0,32,,0.0,2.0,5.0,B01,138Â 287Â 955,0.0
968416,201900009947,2,9,16:15,1,2,6,1.0,3.0,33519,Av de Soulac/Av de la Dame Blanche,M,"44,9091640"," -0,6689480",33,2019,50.0,1.0,1.0,4.0,2164672,2.0,2,1,2,5.0,,0.0,0,1966.0,B01,138Â 287Â 955,2.0,6.0,-1.0,1652721,2.0,7,,0.0,2.0,3.0,A01,138Â 287Â 954,0.0
968416,201900009947,2,9,16:15,1,2,6,1.0,3.0,33519,Av de Soulac/Av de la Dame Blanche,M,"44,9091640"," -0,6689480",33,2019,50.0,1.0,1.0,4.0,2164672,2.0,2,1,2,5.0,,0.0,0,1966.0,B01,138Â 287Â 955,2.0,6.0,-1.0,1652722,2.0,32,,0.0,2.0,5.0,B01,138Â 287Â 955,0.0
968417,201900009948,2,12,17:30,1,2,3,1.0,2.0,33051,Avenue de la cote d'argent,M,"44,6310200"," -0,9831000",33,2019,50.0,1.0,1.0,3.0,2164673,2.0,2,1,1,0.0,,0.0,0,2002.0,A01,138Â 287Â 952,2.0,6.0,-1.0,1652723,2.0,2,,0.0,2.0,1.0,A01,138Â 287Â 952,1.0
968417,201900009948,2,12,17:30,1,2,3,1.0,2.0,33051,Avenue de la cote d'argent,M,"44,6310200"," -0,9831000",33,2019,50.0,1.0,1.0,3.0,2164673,2.0,2,1,1,0.0,,0.0,0,2002.0,A01,138Â 287Â 952,2.0,6.0,-1.0,1652724,2.0,7,,0.0,0.0,4.0,B01,138Â 287Â 953,1.0
968417,201900009948,2,12,17:30,1,2,3,1.0,2.0,33051,Avenue de la cote d'argent,M,"44,6310200"," -0,9831000",33,2019,50.0,1.0,1.0,3.0,2164674,1.0,1,4,1,0.0,,0.0,0,2003.0,A01,138Â 287Â 952,2.0,6.0,-1.0,1652723,2.0,2,,0.0,2.0,1.0,A01,138Â 287Â 952,1.0
968417,201900009948,2,12,17:30,1,2,3,1.0,2.0,33051,Avenue de la cote d'argent,M,"44,6310200"," -0,9831000",33,2019,50.0,1.0,1.0,3.0,2164674,1.0,1,4,1,0.0,,0.0,0,2003.0,A01,138Â 287Â 952,2.0,6.0,-1.0,1652724,2.0,7,,0.0,0.0,4.0,B01,138Â 287Â 953,1.0
968417,201900009948,2,12,17:30,1,2,3,1.0,2.0,33051,Avenue de la cote d'argent,M,"44,6310200"," -0,9831000",33,2019,50.0,1.0,1.0,3.0,2164675,1.0,1,1,1,0.0,,0.0,0,1991.0,B01,138Â 287Â 953,1.0,-1.0,-1.0,1652723,2.0,2,,0.0,2.0,1.0,A01,138Â 287Â 952,1.0
968417,201900009948,2,12,17:30,1,2,3,1.0,2.0,33051,Avenue de la cote d'argent,M,"44,6310200"," -0,9831000",33,2019,50.0,1.0,1.0,3.0,2164675,1.0,1,1,1,0.0,,0.0,0,1991.0,B01,138Â 287Â 953,1.0,-1.0,-1.0,1652724,2.0,7,,0.0,0.0,4.0,B01,138Â 287Â 953,1.0
968418,201900009949,2,11,14:40,1,1,3,1.0,3.0,85126,D206,M,"46,4767500"," -0,8722700",85,2019,80.0,1.0,1.0,3.0,2164676,1.0,1,4,2,0.0,,0.0,0,1977.0,B01,138Â 287Â 950,1.0,-1.0,-1.0,1652725,1.0,7,,0.0,2.0,1.0,B01,138Â 287Â 950,1.0
968418,201900009949,2,11,14:40,1,1,3,1.0,3.0,85126,D206,M,"46,4767500"," -0,8722700",85,2019,80.0,1.0,1.0,3.0,2164676,1.0,1,4,2,0.0,,0.0,0,1977.0,B01,138Â 287Â 950,1.0,-1.0,-1.0,1652726,1.0,7,,0.0,2.0,3.0,A01,138Â 287Â 951,1.0
968418,201900009949,2,11,14:40,1,1,3,1.0,3.0,85126,D206,M,"46,4767500"," -0,8722700",85,2019,80.0,1.0,1.0,3.0,2164677,2.0,2,4,2,0.0,,0.0,0,1999.0,A01,138Â 287Â 951,1.0,-1.0,-1.0,1652725,1.0,7,,0.0,2.0,1.0,B01,138Â 287Â 950,1.0
968418,201900009949,2,11,14:40,1,1,3,1.0,3.0,85126,D206,M,"46,4767500"," -0,8722700",85,2019,80.0,1.0,1.0,3.0,2164677,2.0,2,4,2,0.0,,0.0,0,1999.0,A01,138Â 287Â 951,1.0,-1.0,-1.0,1652726,1.0,7,,0.0,2.0,3.0,A01,138Â 287Â 951,1.0
968418,201900009949,2,11,14:40,1,1,3,1.0,3.0,85126,D206,M,"46,4767500"," -0,8722700",85,2019,80.0,1.0,1.0,3.0,2164678,1.0,1,3,2,0.0,,0.0,0,1953.0,A01,138Â 287Â 951,1.0,-1.0,-1.0,1652725,1.0,7,,0.0,2.0,1.0,B01,138Â 287Â 950,1.0
968418,201900009949,2,11,14:40,1,1,3,1.0,3.0,85126,D206,M,"46,4767500"," -0,8722700",85,2019,80.0,1.0,1.0,3.0,2164678,1.0,1,3,2,0.0,,0.0,0,1953.0,A01,138Â 287Â 951,1.0,-1.0,-1.0,1652726,1.0,7,,0.0,2.0,3.0,A01,138Â 287Â 951,1.0
968419,201900009950,2,10,09:30,1,2,1,1.0,6.0,49021,rue d'alsace,M,"47,4405680"," -0,2161680",49,2019,50.0,1.0,1.0,4.0,2164679,1.0,1,1,1,5.0,,0.0,0,1989.0,A01,138Â 287Â 949,1.0,-1.0,-1.0,1652727,2.0,7,,0.0,1.0,4.0,A01,138Â 287Â 949,1.0
968419,201900009950,2,10,09:30,1,2,1,1.0,6.0,49021,rue d'alsace,M,"47,4405680"," -0,2161680",49,2019,50.0,1.0,1.0,4.0,2164680,10.0,3,3,2,5.0,,2.0,3,1927.0,A01,138Â 287Â 949,0.0,-1.0,-1.0,1652727,2.0,7,,0.0,1.0,4.0,A01,138Â 287Â 949,1.0
968420,201900009951,2,5,16:35,1,2,1,1.0,1.0,44172,D337,M,"47,2609570"," -1,4874110",44,2019,50.0,1.0,2.0,7.0,2164681,1.0,1,1,1,1.0,,0.0,0,1995.0,A01,138Â 287Â 947,1.0,-1.0,-1.0,1652728,2.0,7,,12.0,2.0,2.0,A01,138Â 287Â 947,0.0
968420,201900009951,2,5,16:35,1,2,1,1.0,1.0,44172,D337,M,"47,2609570"," -1,4874110",44,2019,50.0,1.0,2.0,7.0,2164681,1.0,1,1,1,1.0,,0.0,0,1995.0,A01,138Â 287Â 947,1.0,-1.0,-1.0,1652729,1.0,30,,0.0,2.0,3.0,B01,138Â 287Â 948,0.0
968420,201900009951,2,5,16:35,1,2,1,1.0,1.0,44172,D337,M,"47,2609570"," -1,4874110",44,2019,50.0,1.0,2.0,7.0,2164682,1.0,1,3,1,9.0,,0.0,0,2002.0,B01,138Â 287Â 948,2.0,-1.0,-1.0,1652728,2.0,7,,12.0,2.0,2.0,A01,138Â 287Â 947,0.0
968420,201900009951,2,5,16:35,1,2,1,1.0,1.0,44172,D337,M,"47,2609570"," -1,4874110",44,2019,50.0,1.0,2.0,7.0,2164682,1.0,1,3,1,9.0,,0.0,0,2002.0,B01,138Â 287Â 948,2.0,-1.0,-1.0,1652729,1.0,30,,0.0,2.0,3.0,B01,138Â 287Â 948,0.0
968421,201900009952,2,11,17:57,1,1,6,1.0,7.0,22324,route dÃ©partementale D 788,M,"48,7864460"," -3,4475910",22,2019,90.0,3.0,1.0,2.0,2164683,1.0,1,3,1,1.0,,0.0,0,1991.0,A01,138Â 287Â 946,2.0,-1.0,-1.0,1652730,1.0,33,,0.0,0.0,1.0,A01,138Â 287Â 946,1.0
968422,201900009953,2,7,14:40,1,1,1,1.0,6.0,22176,Le Pesle Hinault,M,"48,4358781"," -2,7282677",22,2019,80.0,3.0,1.0,4.0,2164684,1.0,1,1,2,3.0,,0.0,0,1948.0,A01,138Â 287Â 945,1.0,-1.0,-1.0,1652731,3.0,7,,0.0,1.0,7.0,A01,138Â 287Â 945,1.0
968422,201900009953,2,7,14:40,1,1,1,1.0,6.0,22176,Le Pesle Hinault,M,"48,4358781"," -2,7282677",22,2019,80.0,3.0,1.0,4.0,2164685,10.0,3,1,2,5.0,,6.0,1,1941.0,A01,138Â 287Â 945,0.0,-1.0,-1.0,1652731,3.0,7,,0.0,1.0,7.0,A01,138Â 287Â 945,1.0
968422,201900009953,2,7,14:40,1,1,1,1.0,6.0,22176,Le Pesle Hinault,M,"48,4358781"," -2,7282677",22,2019,80.0,3.0,1.0,4.0,2164686,10.0,3,3,2,5.0,,6.0,1,1955.0,A01,138Â 287Â 945,0.0,-1.0,-1.0,1652731,3.0,7,,0.0,1.0,7.0,A01,138Â 287Â 945,1.0
968423,201900009954,2,8,16:30,1,1,1,1.0,2.0,27016,Route dÃ©partementale 125,M,"49,2481970","1,4583200",27,2019,50.0,1.0,1.0,3.0,2164687,1.0,1,3,1,5.0,,0.0,0,2001.0,A01,138Â 287Â 943,2.0,6.0,-1.0,1652732,2.0,2,,0.0,2.0,1.0,A01,138Â 287Â 943,1.0
968423,201900009954,2,8,16:30,1,1,1,1.0,2.0,27016,Route dÃ©partementale 125,M,"49,2481970","1,4583200",27,2019,50.0,1.0,1.0,3.0,2164687,1.0,1,3,1,5.0,,0.0,0,2001.0,A01,138Â 287Â 943,2.0,6.0,-1.0,1652733,2.0,7,,0.0,2.0,6.0,B01,138Â 287Â 944,1.0
968423,201900009954,2,8,16:30,1,1,1,1.0,2.0,27016,Route dÃ©partementale 125,M,"49,2481970","1,4583200",27,2019,50.0,1.0,1.0,3.0,2164688,1.0,1,1,1,5.0,,0.0,0,1960.0,B01,138Â 287Â 944,1.0,-1.0,-1.0,1652732,2.0,2,,0.0,2.0,1.0,A01,138Â 287Â 943,1.0
968423,201900009954,2,8,16:30,1,1,1,1.0,2.0,27016,Route dÃ©partementale 125,M,"49,2481970","1,4583200",27,2019,50.0,1.0,1.0,3.0,2164688,1.0,1,1,1,5.0,,0.0,0,1960.0,B01,138Â 287Â 944,1.0,-1.0,-1.0,1652733,2.0,7,,0.0,2.0,6.0,B01,138Â 287Â 944,1.0
968424,201900009955,2,8,07:25,2,2,1,1.0,1.0,76563,RD 6015,M,"49,5207590","0,3082880",76,2019,50.0,1.0,1.0,3.0,2164689,1.0,1,1,1,1.0,,0.0,0,1983.0,B01,138Â 287Â 941,1.0,-1.0,-1.0,1652734,2.0,7,,0.0,2.0,3.0,B01,138Â 287Â 941,1.0
968424,201900009955,2,8,07:25,2,2,1,1.0,1.0,76563,RD 6015,M,"49,5207590","0,3082880",76,2019,50.0,1.0,1.0,3.0,2164689,1.0,1,1,1,1.0,,0.0,0,1983.0,B01,138Â 287Â 941,1.0,-1.0,-1.0,1652735,1.0,33,,16.0,2.0,1.0,A01,138Â 287Â 942,1.0
968424,201900009955,2,8,07:25,2,2,1,1.0,1.0,76563,RD 6015,M,"49,5207590","0,3082880",76,2019,50.0,1.0,1.0,3.0,2164690,1.0,1,3,1,1.0,,0.0,0,1977.0,A01,138Â 287Â 942,2.0,6.0,-1.0,1652734,2.0,7,,0.0,2.0,3.0,B01,138Â 287Â 941,1.0
968424,201900009955,2,8,07:25,2,2,1,1.0,1.0,76563,RD 6015,M,"49,5207590","0,3082880",76,2019,50.0,1.0,1.0,3.0,2164690,1.0,1,3,1,1.0,,0.0,0,1977.0,A01,138Â 287Â 942,2.0,6.0,-1.0,1652735,1.0,33,,16.0,2.0,1.0,A01,138Â 287Â 942,1.0
968425,201900009956,2,8,13:55,5,1,1,2.0,2.0,60341,D943,M,"49,0978048","2,7380652",60,2019,110.0,1.0,2.0,2.0,2164691,1.0,1,1,1,0.0,,0.0,0,1964.0,B01,138Â 287Â 939,1.0,-1.0,-1.0,1652736,1.0,7,,0.0,2.0,3.0,B01,138Â 287Â 939,1.0
968425,201900009956,2,8,13:55,5,1,1,2.0,2.0,60341,D943,M,"49,0978048","2,7380652",60,2019,110.0,1.0,2.0,2.0,2164691,1.0,1,1,1,0.0,,0.0,0,1964.0,B01,138Â 287Â 939,1.0,-1.0,-1.0,1652737,1.0,7,,0.0,0.0,6.0,A01,138Â 287Â 940,1.0
968425,201900009956,2,8,13:55,5,1,1,2.0,2.0,60341,D943,M,"49,0978048","2,7380652",60,2019,110.0,1.0,2.0,2.0,2164692,1.0,1,3,2,0.0,,0.0,0,1979.0,A01,138Â 287Â 940,1.0,-1.0,-1.0,1652736,1.0,7,,0.0,2.0,3.0,B01,138Â 287Â 939,1.0
968425,201900009956,2,8,13:55,5,1,1,2.0,2.0,60341,D943,M,"49,0978048","2,7380652",60,2019,110.0,1.0,2.0,2.0,2164692,1.0,1,3,2,0.0,,0.0,0,1979.0,A01,138Â 287Â 940,1.0,-1.0,-1.0,1652737,1.0,7,,0.0,0.0,6.0,A01,138Â 287Â 940,1.0
968426,201900009957,2,8,21:30,5,1,2,2.0,2.0,60139,D923,M,"49,1824497","2,2346119",60,2019,70.0,1.0,2.0,3.0,2164693,1.0,1,1,2,5.0,,0.0,0,2000.0,A01,138Â 287Â 937,1.0,-1.0,-1.0,1652738,1.0,7,,0.0,0.0,6.0,A01,138Â 287Â 937,1.0
968426,201900009957,2,8,21:30,5,1,2,2.0,2.0,60139,D923,M,"49,1824497","2,2346119",60,2019,70.0,1.0,2.0,3.0,2164693,1.0,1,1,2,5.0,,0.0,0,2000.0,A01,138Â 287Â 937,1.0,-1.0,-1.0,1652739,1.0,7,,0.0,2.0,1.0,B01,138Â 287Â 938,1.0
968426,201900009957,2,8,21:30,5,1,2,2.0,2.0,60139,D923,M,"49,1824497","2,2346119",60,2019,70.0,1.0,2.0,3.0,2164694,2.0,2,4,1,5.0,,0.0,0,1998.0,B01,138Â 287Â 938,1.0,-1.0,-1.0,1652738,1.0,7,,0.0,0.0,6.0,A01,138Â 287Â 937,1.0
968426,201900009957,2,8,21:30,5,1,2,2.0,2.0,60139,D923,M,"49,1824497","2,2346119",60,2019,70.0,1.0,2.0,3.0,2164694,2.0,2,4,1,5.0,,0.0,0,1998.0,B01,138Â 287Â 938,1.0,-1.0,-1.0,1652739,1.0,7,,0.0,2.0,1.0,B01,138Â 287Â 938,1.0
968426,201900009957,2,8,21:30,5,1,2,2.0,2.0,60139,D923,M,"49,1824497","2,2346119",60,2019,70.0,1.0,2.0,3.0,2164695,8.0,2,4,1,5.0,,0.0,0,1997.0,B01,138Â 287Â 938,0.0,-1.0,-1.0,1652738,1.0,7,,0.0,0.0,6.0,A01,138Â 287Â 937,1.0
968426,201900009957,2,8,21:30,5,1,2,2.0,2.0,60139,D923,M,"49,1824497","2,2346119",60,2019,70.0,1.0,2.0,3.0,2164695,8.0,2,4,1,5.0,,0.0,0,1997.0,B01,138Â 287Â 938,0.0,-1.0,-1.0,1652739,1.0,7,,0.0,2.0,1.0,B01,138Â 287Â 938,1.0
968426,201900009957,2,8,21:30,5,1,2,2.0,2.0,60139,D923,M,"49,1824497","2,2346119",60,2019,70.0,1.0,2.0,3.0,2164696,1.0,1,1,1,5.0,,0.0,0,1997.0,B01,138Â 287Â 938,1.0,-1.0,-1.0,1652738,1.0,7,,0.0,0.0,6.0,A01,138Â 287Â 937,1.0
968426,201900009957,2,8,21:30,5,1,2,2.0,2.0,60139,D923,M,"49,1824497","2,2346119",60,2019,70.0,1.0,2.0,3.0,2164696,1.0,1,1,1,5.0,,0.0,0,1997.0,B01,138Â 287Â 938,1.0,-1.0,-1.0,1652739,1.0,7,,0.0,2.0,1.0,B01,138Â 287Â 938,1.0
968427,201900009958,2,8,10:30,1,2,1,1.0,6.0,62014,rue du fort gassion,M,"50,6417760","2,3978680",62,2019,50.0,1.0,2.0,4.0,2164697,1.0,1,1,1,3.0,,0.0,0,1991.0,A01,138Â 287Â 933,1.0,-1.0,-1.0,1652740,0.0,7,,0.0,1.0,3.0,A01,138Â 287Â 933,1.0
968427,201900009958,2,8,10:30,1,2,1,1.0,6.0,62014,rue du fort gassion,M,"50,6417760","2,3978680",62,2019,50.0,1.0,2.0,4.0,2164698,10.0,3,4,1,3.0,,3.0,3,1942.0,A01,138Â 287Â 933,0.0,-1.0,-1.0,1652740,0.0,7,,0.0,1.0,3.0,A01,138Â 287Â 933,1.0
968428,201900009959,2,8,20:30,3,1,1,3.0,6.0,62894,Autoroute A16 sens BOULOGNE-CALAIS,M,"50,7629690","1,6362590",62,2019,130.0,1.0,2.0,1.0,2164699,1.0,1,4,2,1.0,,0.0,0,1993.0,A01,138Â 287Â 932,1.0,-1.0,-1.0,1652741,1.0,7,,4.0,0.0,1.0,A01,138Â 287Â 932,1.0
968429,201900009960,2,8,11:00,1,1,1,6.0,3.0,59363,D934,M,"50,2129370","3,6412780",59,2019,80.0,1.0,1.0,3.0,2164700,1.0,1,1,1,4.0,,0.0,0,1983.0,A01,138Â 287Â 930,1.0,-1.0,-1.0,1652742,2.0,17,,0.0,9.0,5.0,A01,138Â 287Â 930,0.0
968429,201900009960,2,8,11:00,1,1,1,6.0,3.0,59363,D934,M,"50,2129370","3,6412780",59,2019,80.0,1.0,1.0,3.0,2164700,1.0,1,1,1,4.0,,0.0,0,1983.0,A01,138Â 287Â 930,1.0,-1.0,-1.0,1652743,1.0,1,,0.0,2.0,8.0,B01,138Â 287Â 931,0.0