Unnamed: 0_x,num_acc,mois,jour,hrmn,lum,agg,int,atm,col,com,adr,gps,lat,long,dep,annee,vma,situ,surf,catr,Unnamed: 0_y,place,catu,grav,sexe,trajet,secu,locp,actp,an_nais,num_veh_x,id_vehicule_x,secu1,secu2,secu3,Unnamed: 0,senc,catv,occutc,obs,obsm,choc,num_veh_y,id_vehicule_y,motor
968429,201900009960,2,8,11:00,1,1,1,6.0,3.0,59363,D934,M,"50,2129370","3,6412780",59,2019,80.0,1.0,1.0,3.0,2164701,1.0,1,3,1,0.0,,0.0,0,1953.0,B01,138Â 287Â 931,0.0,-1.0,-1.0,1652742,2.0,17,,0.0,9.0,5.0,A01,138Â 287Â 930,0.0
968429,201900009960,2,8,11:00,1,1,1,6.0,3.0,59363,D934,M,"50,2129370","3,6412780",59,2019,80.0,1.0,1.0,3.0,2164701,1.0,1,3,1,0.0,,0.0,0,1953.0,B01,138Â 287Â 931,0.0,-1.0,-1.0,1652743,1.0,1,,0.0,2.0,8.0,B01,138Â 287Â 931,0.0
968430,201900009961,2,8,21:15,3,1,1,3.0,6.0,59285,rue de Villers D45,M,"50,2473810","3,4121650",59,2019,80.0,3.0,2.0,3.0,2164702,1.0,1,3,1,5.0,,0.0,0,1988.0,A01,138Â 287Â 929,2.0,6.0,-1.0,1652744,1.0,33,,0.0,0.0,0.0,A01,138Â 287Â 929,1.0
968431,201900009962,2,11,18:55,3,1,1,1.0,2.0,59611,rue d'ypres,M,"50,6984610","3,0150710",59,2019,70.0,1.0,1.0,3.0,2164703,1.0,1,1,2,0.0,,0.0,0,1984.0,A01,138Â 287Â 927,1.0,-1.0,-1.0,1652745,1.0,7,,0.0,2.0,2.0,A01,138Â 287Â 927,1.0
968431,201900009962,2,11,18:55,3,1,1,1.0,2.0,59611,rue d'ypres,M,"50,6984610","3,0150710",59,2019,70.0,1.0,1.0,3.0,2164703,1.0,1,1,2,0.0,,0.0,0,1984.0,A01,138Â 287Â 927,1.0,-1.0,-1.0,1652746,1.0,1,,0.0,0.0,4.0,B01,138Â 287Â 928,5.0
968431,201900009962,2,11,18:55,3,1,1,1.0,2.0,59611,rue d'ypres,M,"50,6984610","3,0150710",59,2019,70.0,1.0,1.0,3.0,2164704,1.0,1,3,1,5.0,,0.0,0,1999.0,B01,138Â 287Â 928,0.0,-1.0,-1.0,1652745,1.0,7,,0.0,2.0,2.0,A01,138Â 287Â 927,1.0
968431,201900009962,2,11,18:55,3,1,1,1.0,2.0,59611,rue d'ypres,M,"50,6984610","3,0150710",59,2019,70.0,1.0,1.0,3.0,2164704,1.0,1,3,1,5.0,,0.0,0,1999.0,B01,138Â 287Â 928,0.0,-1.0,-1.0,1652746,1.0,1,,0.0,0.0,4.0,B01,138Â 287Â 928,5.0
968432,201900009963,2,8,07:30,5,2,1,2.0,6.0,59497,ROUTE D'HAZEBROUCK,M,"50,7293210","2,3741410",59,2019,-1.0,1.0,2.0,3.0,2164705,1.0,1,1,1,4.0,,0.0,0,1983.0,A01,138Â 287Â 926,8.0,-1.0,-1.0,1652747,1.0,15,,0.0,1.0,3.0,A01,138Â 287Â 926,1.0
968432,201900009963,2,8,07:30,5,2,1,2.0,6.0,59497,ROUTE D'HAZEBROUCK,M,"50,7293210","2,3741410",59,2019,-1.0,1.0,2.0,3.0,2164706,10.0,3,1,2,2.0,,2.0,3,1979.0,A01,138Â 287Â 926,0.0,-1.0,-1.0,1652747,1.0,15,,0.0,1.0,3.0,A01,138Â 287Â 926,1.0
968432,201900009963,2,8,07:30,5,2,1,2.0,6.0,59497,ROUTE D'HAZEBROUCK,M,"50,7293210","2,3741410",59,2019,-1.0,1.0,2.0,3.0,2164707,10.0,3,1,2,2.0,,2.0,3,2013.0,A01,138Â 287Â 926,0.0,-1.0,-1.0,1652747,1.0,15,,0.0,1.0,3.0,A01,138Â 287Â 926,1.0
968432,201900009963,2,8,07:30,5,2,1,2.0,6.0,59497,ROUTE D'HAZEBROUCK,M,"50,7293210","2,3741410",59,2019,-1.0,1.0,2.0,3.0,2164708,10.0,3,2,2,2.0,,2.0,3,2010.0,A01,138Â 287Â 926,0.0,-1.0,-1.0,1652747,1.0,15,,0.0,1.0,3.0,A01,138Â 287Â 926,1.0
968432,201900009963,2,8,07:30,5,2,1,2.0,6.0,59497,ROUTE D'HAZEBROUCK,M,"50,7293210","2,3741410",59,2019,-1.0,1.0,2.0,3.0,2164709,10.0,3,3,2,2.0,,0.0,0,2009.0,A01,138Â 287Â 926,0.0,-1.0,-1.0,1652747,1.0,15,,0.0,1.0,3.0,A01,138Â 287Â 926,1.0
968433,201900009964,2,12,21:30,3,1,1,1.0,2.0,13081,A7-Sens Lyon vers Marseille,M,"43,4832800","5,2407100",13,2019,110.0,1.0,1.0,1.0,2164710,1.0,1,4,1,5.0,,-1.0, -1,1989.0,A01,138Â 287Â 924,1.0,8.0,-1.0,1652748,2.0,7,,0.0,2.0,3.0,A01,138Â 287Â 924,1.0
968433,201900009964,2,12,21:30,3,1,1,1.0,2.0,13081,A7-Sens Lyon vers Marseille,M,"43,4832800","5,2407100",13,2019,110.0,1.0,1.0,1.0,2164710,1.0,1,4,1,5.0,,-1.0, -1,1989.0,A01,138Â 287Â 924,1.0,8.0,-1.0,1652749,2.0,7,,0.0,2.0,2.0,B01,138Â 287Â 925,1.0
968433,201900009964,2,12,21:30,3,1,1,1.0,2.0,13081,A7-Sens Lyon vers Marseille,M,"43,4832800","5,2407100",13,2019,110.0,1.0,1.0,1.0,2164711,1.0,1,1,1,5.0,,-1.0, -1,1983.0,B01,138Â 287Â 925,1.0,8.0,-1.0,1652748,2.0,7,,0.0,2.0,3.0,A01,138Â 287Â 924,1.0
968433,201900009964,2,12,21:30,3,1,1,1.0,2.0,13081,A7-Sens Lyon vers Marseille,M,"43,4832800","5,2407100",13,2019,110.0,1.0,1.0,1.0,2164711,1.0,1,1,1,5.0,,-1.0, -1,1983.0,B01,138Â 287Â 925,1.0,8.0,-1.0,1652749,2.0,7,,0.0,2.0,2.0,B01,138Â 287Â 925,1.0
968434,201900009965,2,11,12:40,1,1,1,1.0,4.0,13001,A51-Sens Marseille vers Aix en Provence,M,"43,5110600","5,4198800",13,2019,70.0,1.0,1.0,1.0,2164712,2.0,2,4,1,0.0,,0.0,0,2000.0,C01,138Â 287Â 921,1.0,0.0,-1.0,1652750,1.0,7,,0.0,2.0,1.0,C01,138Â 287Â 921,1.0
968434,201900009965,2,11,12:40,1,1,1,1.0,4.0,13001,A51-Sens Marseille vers Aix en Provence,M,"43,5110600","5,4198800",13,2019,70.0,1.0,1.0,1.0,2164712,2.0,2,4,1,0.0,,0.0,0,2000.0,C01,138Â 287Â 921,1.0,0.0,-1.0,1652751,1.0,7,,0.0,2.0,4.0,B01,138Â 287Â 922,1.0
968434,201900009965,2,11,12:40,1,1,1,1.0,4.0,13001,A51-Sens Marseille vers Aix en Provence,M,"43,5110600","5,4198800",13,2019,70.0,1.0,1.0,1.0,2164712,2.0,2,4,1,0.0,,0.0,0,2000.0,C01,138Â 287Â 921,1.0,0.0,-1.0,1652752,1.0,7,,0.0,2.0,4.0,A01,138Â 287Â 923,1.0
968434,201900009965,2,11,12:40,1,1,1,1.0,4.0,13001,A51-Sens Marseille vers Aix en Provence,M,"43,5110600","5,4198800",13,2019,70.0,1.0,1.0,1.0,2164713,1.0,1,4,1,0.0,,0.0,0,1974.0,C01,138Â 287Â 921,1.0,0.0,-1.0,1652750,1.0,7,,0.0,2.0,1.0,C01,138Â 287Â 921,1.0
968434,201900009965,2,11,12:40,1,1,1,1.0,4.0,13001,A51-Sens Marseille vers Aix en Provence,M,"43,5110600","5,4198800",13,2019,70.0,1.0,1.0,1.0,2164713,1.0,1,4,1,0.0,,0.0,0,1974.0,C01,138Â 287Â 921,1.0,0.0,-1.0,1652751,1.0,7,,0.0,2.0,4.0,B01,138Â 287Â 922,1.0
968434,201900009965,2,11,12:40,1,1,1,1.0,4.0,13001,A51-Sens Marseille vers Aix en Provence,M,"43,5110600","5,4198800",13,2019,70.0,1.0,1.0,1.0,2164713,1.0,1,4,1,0.0,,0.0,0,1974.0,C01,138Â 287Â 921,1.0,0.0,-1.0,1652752,1.0,7,,0.0,2.0,4.0,A01,138Â 287Â 923,1.0
968434,201900009965,2,11,12:40,1,1,1,1.0,4.0,13001,A51-Sens Marseille vers Aix en Provence,M,"43,5110600","5,4198800",13,2019,70.0,1.0,1.0,1.0,2164714,1.0,1,4,1,0.0,,0.0,0,1966.0,B01,138Â 287Â 922,1.0,0.0,-1.0,1652750,1.0,7,,0.0,2.0,1.0,C01,138Â 287Â 921,1.0
968434,201900009965,2,11,12:40,1,1,1,1.0,4.0,13001,A51-Sens Marseille vers Aix en Provence,M,"43,5110600","5,4198800",13,2019,70.0,1.0,1.0,1.0,2164714,1.0,1,4,1,0.0,,0.0,0,1966.0,B01,138Â 287Â 922,1.0,0.0,-1.0,1652751,1.0,7,,0.0,2.0,4.0,B01,138Â 287Â 922,1.0
968434,201900009965,2,11,12:40,1,1,1,1.0,4.0,13001,A51-Sens Marseille vers Aix en Provence,M,"43,5110600","5,4198800",13,2019,70.0,1.0,1.0,1.0,2164714,1.0,1,4,1,0.0,,0.0,0,1966.0,B01,138Â 287Â 922,1.0,0.0,-1.0,1652752,1.0,7,,0.0,2.0,4.0,A01,138Â 287Â 923,1.0
968434,201900009965,2,11,12:40,1,1,1,1.0,4.0,13001,A51-Sens Marseille vers Aix en Provence,M,"43,5110600","5,4198800",13,2019,70.0,1.0,1.0,1.0,2164715,1.0,1,1,1,4.0,,0.0,0,1991.0,A01,138Â 287Â 923,8.0,0.0,-1.0,1652750,1.0,7,,0.0,2.0,1.0,C01,138Â 287Â 921,1.0
968434,201900009965,2,11,12:40,1,1,1,1.0,4.0,13001,A51-Sens Marseille vers Aix en Provence,M,"43,5110600","5,4198800",13,2019,70.0,1.0,1.0,1.0,2164715,1.0,1,1,1,4.0,,0.0,0,1991.0,A01,138Â 287Â 923,8.0,0.0,-1.0,1652751,1.0,7,,0.0,2.0,4.0,B01,138Â 287Â 922,1.0
968434,201900009965,2,11,12:40,1,1,1,1.0,4.0,13001,A51-Sens Marseille vers Aix en Provence,M,"43,5110600","5,4198800",13,2019,70.0,1.0,1.0,1.0,2164715,1.0,1,1,1,4.0,,0.0,0,1991.0,A01,138Â 287Â 923,8.0,0.0,-1.0,1652752,1.0,7,,0.0,2.0,4.0,A01,138Â 287Â 923,1.0
968435,201900009966,2,3,20:00,3,1,1,1.0,2.0,13071,A7-Sens Lyon vers Marseille,M,"43,4034840","5,3086730",13,2019,110.0,1.0,1.0,1.0,2164716,1.0,1,4,1,0.0,,-1.0,0,1980.0,A01,138Â 287Â 919,1.0,4.0,-1.0,1652753,1.0,7,,0.0,2.0,4.0,A01,138Â 287Â 919,1.0
968435,201900009966,2,3,20:00,3,1,1,1.0,2.0,13071,A7-Sens Lyon vers Marseille,M,"43,4034840","5,3086730",13,2019,110.0,1.0,1.0,1.0,2164716,1.0,1,4,1,0.0,,-1.0,0,1980.0,A01,138Â 287Â 919,1.0,4.0,-1.0,1652754,1.0,7,,0.0,2.0,1.0,B01,138Â 287Â 920,1.0
968435,201900009966,2,3,20:00,3,1,1,1.0,2.0,13071,A7-Sens Lyon vers Marseille,M,"43,4034840","5,3086730",13,2019,110.0,1.0,1.0,1.0,2164717,4.0,2,4,1,0.0,,-1.0, -1,1937.0,A01,138Â 287Â 919,1.0,0.0,-1.0,1652753,1.0,7,,0.0,2.0,4.0,A01,138Â 287Â 919,1.0
968435,201900009966,2,3,20:00,3,1,1,1.0,2.0,13071,A7-Sens Lyon vers Marseille,M,"43,4034840","5,3086730",13,2019,110.0,1.0,1.0,1.0,2164717,4.0,2,4,1,0.0,,-1.0, -1,1937.0,A01,138Â 287Â 919,1.0,0.0,-1.0,1652754,1.0,7,,0.0,2.0,1.0,B01,138Â 287Â 920,1.0
968435,201900009966,2,3,20:00,3,1,1,1.0,2.0,13071,A7-Sens Lyon vers Marseille,M,"43,4034840","5,3086730",13,2019,110.0,1.0,1.0,1.0,2164718,2.0,2,4,2,0.0,,-1.0,0,1937.0,A01,138Â 287Â 919,1.0,0.0,-1.0,1652753,1.0,7,,0.0,2.0,4.0,A01,138Â 287Â 919,1.0
968435,201900009966,2,3,20:00,3,1,1,1.0,2.0,13071,A7-Sens Lyon vers Marseille,M,"43,4034840","5,3086730",13,2019,110.0,1.0,1.0,1.0,2164718,2.0,2,4,2,0.0,,-1.0,0,1937.0,A01,138Â 287Â 919,1.0,0.0,-1.0,1652754,1.0,7,,0.0,2.0,1.0,B01,138Â 287Â 920,1.0
968435,201900009966,2,3,20:00,3,1,1,1.0,2.0,13071,A7-Sens Lyon vers Marseille,M,"43,4034840","5,3086730",13,2019,110.0,1.0,1.0,1.0,2164719,1.0,1,1,1,0.0,,-1.0,0,1999.0,B01,138Â 287Â 920,1.0,0.0,-1.0,1652753,1.0,7,,0.0,2.0,4.0,A01,138Â 287Â 919,1.0
968435,201900009966,2,3,20:00,3,1,1,1.0,2.0,13071,A7-Sens Lyon vers Marseille,M,"43,4034840","5,3086730",13,2019,110.0,1.0,1.0,1.0,2164719,1.0,1,1,1,0.0,,-1.0,0,1999.0,B01,138Â 287Â 920,1.0,0.0,-1.0,1652754,1.0,7,,0.0,2.0,1.0,B01,138Â 287Â 920,1.0
968436,201900009967,1,15,18:45,5,1,1,1.0,4.0,13055,A507 sens Aubagne- Marseille,M,"43,3310000","5,3800000",13,2019,70.0,1.0,1.0,1.0,2164720,1.0,1,1,1,5.0,,-1.0, -1,1982.0,C01,138Â 287Â 916,1.0,0.0,-1.0,1652755,2.0,7,,0.0,2.0,1.0,C01,138Â 287Â 916,1.0
968436,201900009967,1,15,18:45,5,1,1,1.0,4.0,13055,A507 sens Aubagne- Marseille,M,"43,3310000","5,3800000",13,2019,70.0,1.0,1.0,1.0,2164720,1.0,1,1,1,5.0,,-1.0, -1,1982.0,C01,138Â 287Â 916,1.0,0.0,-1.0,1652756,2.0,7,,0.0,2.0,4.0,B01,138Â 287Â 917,1.0
968436,201900009967,1,15,18:45,5,1,1,1.0,4.0,13055,A507 sens Aubagne- Marseille,M,"43,3310000","5,3800000",13,2019,70.0,1.0,1.0,1.0,2164720,1.0,1,1,1,5.0,,-1.0, -1,1982.0,C01,138Â 287Â 916,1.0,0.0,-1.0,1652757,2.0,7,,0.0,2.0,4.0,A01,138Â 287Â 918,1.0
968436,201900009967,1,15,18:45,5,1,1,1.0,4.0,13055,A507 sens Aubagne- Marseille,M,"43,3310000","5,3800000",13,2019,70.0,1.0,1.0,1.0,2164721,1.0,1,4,1,5.0,,-1.0, -1,1994.0,B01,138Â 287Â 917,1.0,0.0,-1.0,1652755,2.0,7,,0.0,2.0,1.0,C01,138Â 287Â 916,1.0
968436,201900009967,1,15,18:45,5,1,1,1.0,4.0,13055,A507 sens Aubagne- Marseille,M,"43,3310000","5,3800000",13,2019,70.0,1.0,1.0,1.0,2164721,1.0,1,4,1,5.0,,-1.0, -1,1994.0,B01,138Â 287Â 917,1.0,0.0,-1.0,1652756,2.0,7,,0.0,2.0,4.0,B01,138Â 287Â 917,1.0
968436,201900009967,1,15,18:45,5,1,1,1.0,4.0,13055,A507 sens Aubagne- Marseille,M,"43,3310000","5,3800000",13,2019,70.0,1.0,1.0,1.0,2164721,1.0,1,4,1,5.0,,-1.0, -1,1994.0,B01,138Â 287Â 917,1.0,0.0,-1.0,1652757,2.0,7,,0.0,2.0,4.0,A01,138Â 287Â 918,1.0
968436,201900009967,1,15,18:45,5,1,1,1.0,4.0,13055,A507 sens Aubagne- Marseille,M,"43,3310000","5,3800000",13,2019,70.0,1.0,1.0,1.0,2164722,3.0,2,4,1,5.0,,-1.0, -1,2012.0,B01,138Â 287Â 917,1.0,0.0,-1.0,1652755,2.0,7,,0.0,2.0,1.0,C01,138Â 287Â 916,1.0
968436,201900009967,1,15,18:45,5,1,1,1.0,4.0,13055,A507 sens Aubagne- Marseille,M,"43,3310000","5,3800000",13,2019,70.0,1.0,1.0,1.0,2164722,3.0,2,4,1,5.0,,-1.0, -1,2012.0,B01,138Â 287Â 917,1.0,0.0,-1.0,1652756,2.0,7,,0.0,2.0,4.0,B01,138Â 287Â 917,1.0
968436,201900009967,1,15,18:45,5,1,1,1.0,4.0,13055,A507 sens Aubagne- Marseille,M,"43,3310000","5,3800000",13,2019,70.0,1.0,1.0,1.0,2164722,3.0,2,4,1,5.0,,-1.0, -1,2012.0,B01,138Â 287Â 917,1.0,0.0,-1.0,1652757,2.0,7,,0.0,2.0,4.0,A01,138Â 287Â 918,1.0
968436,201900009967,1,15,18:45,5,1,1,1.0,4.0,13055,A507 sens Aubagne- Marseille,M,"43,3310000","5,3800000",13,2019,70.0,1.0,1.0,1.0,2164723,4.0,2,1,2,5.0,,-1.0, -1,1966.0,B01,138Â 287Â 917,1.0,0.0,-1.0,1652755,2.0,7,,0.0,2.0,1.0,C01,138Â 287Â 916,1.0
968436,201900009967,1,15,18:45,5,1,1,1.0,4.0,13055,A507 sens Aubagne- Marseille,M,"43,3310000","5,3800000",13,2019,70.0,1.0,1.0,1.0,2164723,4.0,2,1,2,5.0,,-1.0, -1,1966.0,B01,138Â 287Â 917,1.0,0.0,-1.0,1652756,2.0,7,,0.0,2.0,4.0,B01,138Â 287Â 917,1.0
968436,201900009967,1,15,18:45,5,1,1,1.0,4.0,13055,A507 sens Aubagne- Marseille,M,"43,3310000","5,3800000",13,2019,70.0,1.0,1.0,1.0,2164723,4.0,2,1,2,5.0,,-1.0, -1,1966.0,B01,138Â 287Â 917,1.0,0.0,-1.0,1652757,2.0,7,,0.0,2.0,4.0,A01,138Â 287Â 918,1.0
968436,201900009967,1,15,18:45,5,1,1,1.0,4.0,13055,A507 sens Aubagne- Marseille,M,"43,3310000","5,3800000",13,2019,70.0,1.0,1.0,1.0,2164724,2.0,2,1,1,5.0,,-1.0, -1,1963.0,B01,138Â 287Â 917,1.0,0.0,-1.0,1652755,2.0,7,,0.0,2.0,1.0,C01,138Â 287Â 916,1.0
968436,201900009967,1,15,18:45,5,1,1,1.0,4.0,13055,A507 sens Aubagne- Marseille,M,"43,3310000","5,3800000",13,2019,70.0,1.0,1.0,1.0,2164724,2.0,2,1,1,5.0,,-1.0, -1,1963.0,B01,138Â 287Â 917,1.0,0.0,-1.0,1652756,2.0,7,,0.0,2.0,4.0,B01,138Â 287Â 917,1.0
968436,201900009967,1,15,18:45,5,1,1,1.0,4.0,13055,A507 sens Aubagne- Marseille,M,"43,3310000","5,3800000",13,2019,70.0,1.0,1.0,1.0,2164724,2.0,2,1,1,5.0,,-1.0, -1,1963.0,B01,138Â 287Â 917,1.0,0.0,-1.0,1652757,2.0,7,,0.0,2.0,4.0,A01,138Â 287Â 918,1.0
968436,201900009967,1,15,18:45,5,1,1,1.0,4.0,13055,A507 sens Aubagne- Marseille,M,"43,3310000","5,3800000",13,2019,70.0,1.0,1.0,1.0,2164725,2.0,2,1,2,5.0,,-1.0, -1,2003.0,A01,138Â 287Â 918,1.0,0.0,-1.0,1652755,2.0,7,,0.0,2.0,1.0,C01,138Â 287Â 916,1.0
968436,201900009967,1,15,18:45,5,1,1,1.0,4.0,13055,A507 sens Aubagne- Marseille,M,"43,3310000","5,3800000",13,2019,70.0,1.0,1.0,1.0,2164725,2.0,2,1,2,5.0,,-1.0, -1,2003.0,A01,138Â 287Â 918,1.0,0.0,-1.0,1652756,2.0,7,,0.0,2.0,4.0,B01,138Â 287Â 917,1.0
968436,201900009967,1,15,18:45,5,1,1,1.0,4.0,13055,A507 sens Aubagne- Marseille,M,"43,3310000","5,3800000",13,2019,70.0,1.0,1.0,1.0,2164725,2.0,2,1,2,5.0,,-1.0, -1,2003.0,A01,138Â 287Â 918,1.0,0.0,-1.0,1652757,2.0,7,,0.0,2.0,4.0,A01,138Â 287Â 918,1.0
968436,201900009967,1,15,18:45,5,1,1,1.0,4.0,13055,A507 sens Aubagne- Marseille,M,"43,3310000","5,3800000",13,2019,70.0,1.0,1.0,1.0,2164726,1.0,1,1,2,5.0,,-1.0, -1,1967.0,A01,138Â 287Â 918,1.0,0.0,-1.0,1652755,2.0,7,,0.0,2.0,1.0,C01,138Â 287Â 916,1.0
968436,201900009967,1,15,18:45,5,1,1,1.0,4.0,13055,A507 sens Aubagne- Marseille,M,"43,3310000","5,3800000",13,2019,70.0,1.0,1.0,1.0,2164726,1.0,1,1,2,5.0,,-1.0, -1,1967.0,A01,138Â 287Â 918,1.0,0.0,-1.0,1652756,2.0,7,,0.0,2.0,4.0,B01,138Â 287Â 917,1.0
968436,201900009967,1,15,18:45,5,1,1,1.0,4.0,13055,A507 sens Aubagne- Marseille,M,"43,3310000","5,3800000",13,2019,70.0,1.0,1.0,1.0,2164726,1.0,1,1,2,5.0,,-1.0, -1,1967.0,A01,138Â 287Â 918,1.0,0.0,-1.0,1652757,2.0,7,,0.0,2.0,4.0,A01,138Â 287Â 918,1.0
968437,201900009968,2,9,07:00,5,1,1,1.0,7.0,13214,A7-Sens Marseille vers Lyon,M,"43,3409700","5,3763400",13,2019,70.0,1.0,1.0,1.0,2164727,1.0,1,4,1,5.0,,-1.0, -1,1992.0,A01,138Â 287Â 915,1.0,0.0,-1.0,1652758,2.0,7,,6.0,0.0,1.0,A01,138Â 287Â 915,1.0
968438,201900009969,2,8,20:00,3,1,1,1.0,3.0,13019,A51-Sens Aix en Provence vers Marseille,M,"43,4260770","5,3789640",13,2019,90.0,1.0,1.0,1.0,2164728,1.0,1,4,2,5.0,,-1.0, -1,1996.0,B01,138Â 287Â 913,1.0,0.0,-1.0,1652759,1.0,7,,0.0,2.0,9.0,B01,138Â 287Â 913,1.0
968438,201900009969,2,8,20:00,3,1,1,1.0,3.0,13019,A51-Sens Aix en Provence vers Marseille,M,"43,4260770","5,3789640",13,2019,90.0,1.0,1.0,1.0,2164728,1.0,1,4,2,5.0,,-1.0, -1,1996.0,B01,138Â 287Â 913,1.0,0.0,-1.0,1652760,1.0,7,,0.0,2.0,0.0,A01,138Â 287Â 914,1.0
968438,201900009969,2,8,20:00,3,1,1,1.0,3.0,13019,A51-Sens Aix en Provence vers Marseille,M,"43,4260770","5,3789640",13,2019,90.0,1.0,1.0,1.0,2164729,1.0,1,1,1,5.0,,-1.0, -1,1942.0,A01,138Â 287Â 914,1.0,0.0,-1.0,1652759,1.0,7,,0.0,2.0,9.0,B01,138Â 287Â 913,1.0
968438,201900009969,2,8,20:00,3,1,1,1.0,3.0,13019,A51-Sens Aix en Provence vers Marseille,M,"43,4260770","5,3789640",13,2019,90.0,1.0,1.0,1.0,2164729,1.0,1,1,1,5.0,,-1.0, -1,1942.0,A01,138Â 287Â 914,1.0,0.0,-1.0,1652760,1.0,7,,0.0,2.0,0.0,A01,138Â 287Â 914,1.0
968439,201900009970,2,1,11:30,1,1,1,2.0,7.0,13055,A507 sens Marseille - Aubagne,M,"43,3388830","5,3769880",13,2019,70.0,1.0,2.0,1.0,2164730,1.0,1,3,2,1.0,,-1.0,0,1976.0,A01,138Â 287Â 912,1.0,0.0,-1.0,1652761,1.0,7,,4.0,0.0,2.0,A01,138Â 287Â 912,1.0
968440,201900009971,2,7,17:50,2,1,1,1.0,5.0,13015,A51-Sens Aix en Provence vers Marseille,M,"43,3772500","5,3578600",13,2019,90.0,2.0,1.0,1.0,2164731,1.0,1,1,1,9.0,,-1.0, -1,1999.0,A01,138Â 287Â 909,1.0,0.0,-1.0,1652762,2.0,7,,0.0,2.0,2.0,A01,138Â 287Â 909,1.0
968440,201900009971,2,7,17:50,2,1,1,1.0,5.0,13015,A51-Sens Aix en Provence vers Marseille,M,"43,3772500","5,3578600",13,2019,90.0,2.0,1.0,1.0,2164731,1.0,1,1,1,9.0,,-1.0, -1,1999.0,A01,138Â 287Â 909,1.0,0.0,-1.0,1652763,2.0,34,,0.0,2.0,3.0,B01,138Â 287Â 910,1.0
968440,201900009971,2,7,17:50,2,1,1,1.0,5.0,13015,A51-Sens Aix en Provence vers Marseille,M,"43,3772500","5,3578600",13,2019,90.0,2.0,1.0,1.0,2164731,1.0,1,1,1,9.0,,-1.0, -1,1999.0,A01,138Â 287Â 909,1.0,0.0,-1.0,1652764,2.0,7,,0.0,2.0,4.0,C01,138Â 287Â 911,1.0
968440,201900009971,2,7,17:50,2,1,1,1.0,5.0,13015,A51-Sens Aix en Provence vers Marseille,M,"43,3772500","5,3578600",13,2019,90.0,2.0,1.0,1.0,2164732,1.0,1,4,1,1.0,,-1.0, -1,1982.0,B01,138Â 287Â 910,2.0,6.0,-1.0,1652762,2.0,7,,0.0,2.0,2.0,A01,138Â 287Â 909,1.0
968440,201900009971,2,7,17:50,2,1,1,1.0,5.0,13015,A51-Sens Aix en Provence vers Marseille,M,"43,3772500","5,3578600",13,2019,90.0,2.0,1.0,1.0,2164732,1.0,1,4,1,1.0,,-1.0, -1,1982.0,B01,138Â 287Â 910,2.0,6.0,-1.0,1652763,2.0,34,,0.0,2.0,3.0,B01,138Â 287Â 910,1.0
968440,201900009971,2,7,17:50,2,1,1,1.0,5.0,13015,A51-Sens Aix en Provence vers Marseille,M,"43,3772500","5,3578600",13,2019,90.0,2.0,1.0,1.0,2164732,1.0,1,4,1,1.0,,-1.0, -1,1982.0,B01,138Â 287Â 910,2.0,6.0,-1.0,1652764,2.0,7,,0.0,2.0,4.0,C01,138Â 287Â 911,1.0
968440,201900009971,2,7,17:50,2,1,1,1.0,5.0,13015,A51-Sens Aix en Provence vers Marseille,M,"43,3772500","5,3578600",13,2019,90.0,2.0,1.0,1.0,2164733,1.0,1,1,1,1.0,,-1.0, -1,1957.0,C01,138Â 287Â 911,1.0,0.0,-1.0,1652762,2.0,7,,0.0,2.0,2.0,A01,138Â 287Â 909,1.0
968440,201900009971,2,7,17:50,2,1,1,1.0,5.0,13015,A51-Sens Aix en Provence vers Marseille,M,"43,3772500","5,3578600",13,2019,90.0,2.0,1.0,1.0,2164733,1.0,1,1,1,1.0,,-1.0, -1,1957.0,C01,138Â 287Â 911,1.0,0.0,-1.0,1652763,2.0,34,,0.0,2.0,3.0,B01,138Â 287Â 910,1.0
968440,201900009971,2,7,17:50,2,1,1,1.0,5.0,13015,A51-Sens Aix en Provence vers Marseille,M,"43,3772500","5,3578600",13,2019,90.0,2.0,1.0,1.0,2164733,1.0,1,1,1,1.0,,-1.0, -1,1957.0,C01,138Â 287Â 911,1.0,0.0,-1.0,1652764,2.0,7,,0.0,2.0,4.0,C01,138Â 287Â 911,1.0
968441,201900009972,2,5,16:40,1,1,1,1.0,7.0,13211,A50-Sens Marseille vers Aubagne,M,"43,2941300","5,4692230",13,2019,50.0,1.0,1.0,1.0,2164734,1.0,1,3,1,5.0,,-1.0, -1,1959.0,A01,138Â 287Â 908,2.0,6.0,-1.0,1652765,1.0,33,,0.0,0.0,7.0,A01,138Â 287Â 908,1.0