Unnamed: 0_x,num_acc,mois,jour,hrmn,lum,agg,int,atm,col,com,adr,gps,lat,long,dep,annee,vma,situ,surf,catr,Unnamed: 0_y,place,catu,grav,sexe,trajet,secu,locp,actp,an_nais,num_veh_x,id_vehicule_x,secu1,secu2,secu3,Unnamed: 0,senc,catv,occutc,obs,obsm,choc,num_veh_y,id_vehicule_y,motor
968442,201900009973,2,6,17:30,1,1,1,1.0,2.0,13215,A7-Sens Lyon vers Marseille,M,"43,4048500","5,3593200",13,2019,90.0,1.0,1.0,1.0,2164735,1.0,1,4,2,5.0,,-1.0, -1,1987.0,B01,138Â 287Â 906,1.0,0.0,-1.0,1652766,1.0,10,,1.0,0.0,1.0,B01,138Â 287Â 906,1.0
968442,201900009973,2,6,17:30,1,1,1,1.0,2.0,13215,A7-Sens Lyon vers Marseille,M,"43,4048500","5,3593200",13,2019,90.0,1.0,1.0,1.0,2164735,1.0,1,4,2,5.0,,-1.0, -1,1987.0,B01,138Â 287Â 906,1.0,0.0,-1.0,1652767,1.0,10,,0.0,2.0,4.0,A01,138Â 287Â 907,1.0
968442,201900009973,2,6,17:30,1,1,1,1.0,2.0,13215,A7-Sens Lyon vers Marseille,M,"43,4048500","5,3593200",13,2019,90.0,1.0,1.0,1.0,2164736,4.0,2,1,2,5.0,,-1.0, -1,2017.0,B01,138Â 287Â 906,3.0,8.0,-1.0,1652766,1.0,10,,1.0,0.0,1.0,B01,138Â 287Â 906,1.0
968442,201900009973,2,6,17:30,1,1,1,1.0,2.0,13215,A7-Sens Lyon vers Marseille,M,"43,4048500","5,3593200",13,2019,90.0,1.0,1.0,1.0,2164736,4.0,2,1,2,5.0,,-1.0, -1,2017.0,B01,138Â 287Â 906,3.0,8.0,-1.0,1652767,1.0,10,,0.0,2.0,4.0,A01,138Â 287Â 907,1.0
968442,201900009973,2,6,17:30,1,1,1,1.0,2.0,13215,A7-Sens Lyon vers Marseille,M,"43,4048500","5,3593200",13,2019,90.0,1.0,1.0,1.0,2164737,2.0,2,4,1,5.0,,-1.0, -1,1997.0,A01,138Â 287Â 907,1.0,0.0,-1.0,1652766,1.0,10,,1.0,0.0,1.0,B01,138Â 287Â 906,1.0
968442,201900009973,2,6,17:30,1,1,1,1.0,2.0,13215,A7-Sens Lyon vers Marseille,M,"43,4048500","5,3593200",13,2019,90.0,1.0,1.0,1.0,2164737,2.0,2,4,1,5.0,,-1.0, -1,1997.0,A01,138Â 287Â 907,1.0,0.0,-1.0,1652767,1.0,10,,0.0,2.0,4.0,A01,138Â 287Â 907,1.0
968442,201900009973,2,6,17:30,1,1,1,1.0,2.0,13215,A7-Sens Lyon vers Marseille,M,"43,4048500","5,3593200",13,2019,90.0,1.0,1.0,1.0,2164738,1.0,1,4,1,5.0,,-1.0, -1,1992.0,A01,138Â 287Â 907,1.0,0.0,-1.0,1652766,1.0,10,,1.0,0.0,1.0,B01,138Â 287Â 906,1.0
968442,201900009973,2,6,17:30,1,1,1,1.0,2.0,13215,A7-Sens Lyon vers Marseille,M,"43,4048500","5,3593200",13,2019,90.0,1.0,1.0,1.0,2164738,1.0,1,4,1,5.0,,-1.0, -1,1992.0,A01,138Â 287Â 907,1.0,0.0,-1.0,1652767,1.0,10,,0.0,2.0,4.0,A01,138Â 287Â 907,1.0
968443,201900009974,2,1,12:00,1,2,1,1.0,6.0,13202,TVPCD-Sens Les Ports vers Saint Victor,M,"43,4048500","5,3593200",13,2019,50.0,1.0,1.0,1.0,2164739,6.0,2,4,1,4.0,,-1.0, -1,1960.0,A01,138Â 287Â 905,1.0,0.0,-1.0,1652768,1.0,10,,0.0,0.0,1.0,A01,138Â 287Â 905,1.0
968443,201900009974,2,1,12:00,1,2,1,1.0,6.0,13202,TVPCD-Sens Les Ports vers Saint Victor,M,"43,4048500","5,3593200",13,2019,50.0,1.0,1.0,1.0,2164740,2.0,2,4,1,4.0,,-1.0, -1,1950.0,A01,138Â 287Â 905,1.0,0.0,-1.0,1652768,1.0,10,,0.0,0.0,1.0,A01,138Â 287Â 905,1.0
968443,201900009974,2,1,12:00,1,2,1,1.0,6.0,13202,TVPCD-Sens Les Ports vers Saint Victor,M,"43,4048500","5,3593200",13,2019,50.0,1.0,1.0,1.0,2164741,1.0,1,1,1,4.0,,-1.0, -1,1966.0,A01,138Â 287Â 905,1.0,0.0,-1.0,1652768,1.0,10,,0.0,0.0,1.0,A01,138Â 287Â 905,1.0
968444,201900009975,2,7,09:40,1,1,1,1.0,4.0,13106,A51-Sens Aix en Provence vers Marseille,M,"43,4011100","5,3547200",13,2019,90.0,1.0,1.0,1.0,2164742,1.0,1,4,1,0.0,,-1.0, -1,1975.0,C01,138Â 287Â 902,2.0,0.0,-1.0,1652769,2.0,33,,0.0,0.0,0.0,C01,138Â 287Â 902,1.0
968444,201900009975,2,7,09:40,1,1,1,1.0,4.0,13106,A51-Sens Aix en Provence vers Marseille,M,"43,4011100","5,3547200",13,2019,90.0,1.0,1.0,1.0,2164742,1.0,1,4,1,0.0,,-1.0, -1,1975.0,C01,138Â 287Â 902,2.0,0.0,-1.0,1652770,2.0,7,,0.0,0.0,0.0,B01,138Â 287Â 903,1.0
968444,201900009975,2,7,09:40,1,1,1,1.0,4.0,13106,A51-Sens Aix en Provence vers Marseille,M,"43,4011100","5,3547200",13,2019,90.0,1.0,1.0,1.0,2164742,1.0,1,4,1,0.0,,-1.0, -1,1975.0,C01,138Â 287Â 902,2.0,0.0,-1.0,1652771,2.0,7,,0.0,0.0,0.0,A01,138Â 287Â 904,1.0
968444,201900009975,2,7,09:40,1,1,1,1.0,4.0,13106,A51-Sens Aix en Provence vers Marseille,M,"43,4011100","5,3547200",13,2019,90.0,1.0,1.0,1.0,2164743,1.0,1,1,1,0.0,,-1.0, -1,1978.0,B01,138Â 287Â 903,1.0,0.0,-1.0,1652769,2.0,33,,0.0,0.0,0.0,C01,138Â 287Â 902,1.0
968444,201900009975,2,7,09:40,1,1,1,1.0,4.0,13106,A51-Sens Aix en Provence vers Marseille,M,"43,4011100","5,3547200",13,2019,90.0,1.0,1.0,1.0,2164743,1.0,1,1,1,0.0,,-1.0, -1,1978.0,B01,138Â 287Â 903,1.0,0.0,-1.0,1652770,2.0,7,,0.0,0.0,0.0,B01,138Â 287Â 903,1.0
968444,201900009975,2,7,09:40,1,1,1,1.0,4.0,13106,A51-Sens Aix en Provence vers Marseille,M,"43,4011100","5,3547200",13,2019,90.0,1.0,1.0,1.0,2164743,1.0,1,1,1,0.0,,-1.0, -1,1978.0,B01,138Â 287Â 903,1.0,0.0,-1.0,1652771,2.0,7,,0.0,0.0,0.0,A01,138Â 287Â 904,1.0
968444,201900009975,2,7,09:40,1,1,1,1.0,4.0,13106,A51-Sens Aix en Provence vers Marseille,M,"43,4011100","5,3547200",13,2019,90.0,1.0,1.0,1.0,2164744,1.0,1,4,2,0.0,,-1.0, -1,1964.0,A01,138Â 287Â 904,1.0,0.0,-1.0,1652769,2.0,33,,0.0,0.0,0.0,C01,138Â 287Â 902,1.0
968444,201900009975,2,7,09:40,1,1,1,1.0,4.0,13106,A51-Sens Aix en Provence vers Marseille,M,"43,4011100","5,3547200",13,2019,90.0,1.0,1.0,1.0,2164744,1.0,1,4,2,0.0,,-1.0, -1,1964.0,A01,138Â 287Â 904,1.0,0.0,-1.0,1652770,2.0,7,,0.0,0.0,0.0,B01,138Â 287Â 903,1.0
968444,201900009975,2,7,09:40,1,1,1,1.0,4.0,13106,A51-Sens Aix en Provence vers Marseille,M,"43,4011100","5,3547200",13,2019,90.0,1.0,1.0,1.0,2164744,1.0,1,4,2,0.0,,-1.0, -1,1964.0,A01,138Â 287Â 904,1.0,0.0,-1.0,1652771,2.0,7,,0.0,0.0,0.0,A01,138Â 287Â 904,1.0
968445,201900009976,2,7,08:45,1,2,1,1.0,3.0,13211,A50-Sens Aubagne vers Marseille,M,"43,2886200","5,4982900",13,2019,90.0,1.0,1.0,1.0,2164745,1.0,1,1,2,4.0,,-1.0, -1,1979.0,B01,138Â 287Â 900,1.0,8.0,-1.0,1652772,2.0,7,,4.0,2.0,6.0,B01,138Â 287Â 900,1.0
968445,201900009976,2,7,08:45,1,2,1,1.0,3.0,13211,A50-Sens Aubagne vers Marseille,M,"43,2886200","5,4982900",13,2019,90.0,1.0,1.0,1.0,2164745,1.0,1,1,2,4.0,,-1.0, -1,1979.0,B01,138Â 287Â 900,1.0,8.0,-1.0,1652773,2.0,31,,3.0,2.0,7.0,A01,138Â 287Â 901,1.0
968445,201900009976,2,7,08:45,1,2,1,1.0,3.0,13211,A50-Sens Aubagne vers Marseille,M,"43,2886200","5,4982900",13,2019,90.0,1.0,1.0,1.0,2164746,1.0,1,4,1,9.0,,-1.0, -1,1967.0,A01,138Â 287Â 901,2.0,6.0,-1.0,1652772,2.0,7,,4.0,2.0,6.0,B01,138Â 287Â 900,1.0
968445,201900009976,2,7,08:45,1,2,1,1.0,3.0,13211,A50-Sens Aubagne vers Marseille,M,"43,2886200","5,4982900",13,2019,90.0,1.0,1.0,1.0,2164746,1.0,1,4,1,9.0,,-1.0, -1,1967.0,A01,138Â 287Â 901,2.0,6.0,-1.0,1652773,2.0,31,,3.0,2.0,7.0,A01,138Â 287Â 901,1.0
968446,201900009977,2,5,23:25,3,1,1,1.0,6.0,13019,A51-Sens Aix en Provence vers Marseille,M,"43,4181500","5,3658100",13,2019,50.0,2.0,1.0,1.0,2164747,10.0,3,4,1,5.0,,6.0,9,2003.0,A01,138Â 287Â 899,8.0,0.0,-1.0,1652774,2.0,7,,0.0,1.0,2.0,A01,138Â 287Â 899,1.0
968446,201900009977,2,5,23:25,3,1,1,1.0,6.0,13019,A51-Sens Aix en Provence vers Marseille,M,"43,4181500","5,3658100",13,2019,50.0,2.0,1.0,1.0,2164748,1.0,1,1,1,5.0,,-1.0, -1,1993.0,A01,138Â 287Â 899,1.0,0.0,-1.0,1652774,2.0,7,,0.0,1.0,2.0,A01,138Â 287Â 899,1.0
968447,201900009978,2,9,11:15,1,1,1,1.0,2.0,69290,A43   3.865 A 9.894,M,"45,7083600","4,9543400",69,2019,90.0,1.0,1.0,1.0,2164749,1.0,1,1,1,5.0,,0.0,0,1992.0,A01,138Â 287Â 897,1.0,8.0,-1.0,1652775,2.0,7,,0.0,2.0,2.0,A01,138Â 287Â 897,1.0
968447,201900009978,2,9,11:15,1,1,1,1.0,2.0,69290,A43   3.865 A 9.894,M,"45,7083600","4,9543400",69,2019,90.0,1.0,1.0,1.0,2164749,1.0,1,1,1,5.0,,0.0,0,1992.0,A01,138Â 287Â 897,1.0,8.0,-1.0,1652776,1.0,7,,4.0,2.0,4.0,B01,138Â 287Â 898,1.0
968447,201900009978,2,9,11:15,1,1,1,1.0,2.0,69290,A43   3.865 A 9.894,M,"45,7083600","4,9543400",69,2019,90.0,1.0,1.0,1.0,2164750,2.0,2,4,1,5.0,,0.0,0,1986.0,B01,138Â 287Â 898,1.0,8.0,-1.0,1652775,2.0,7,,0.0,2.0,2.0,A01,138Â 287Â 897,1.0
968447,201900009978,2,9,11:15,1,1,1,1.0,2.0,69290,A43   3.865 A 9.894,M,"45,7083600","4,9543400",69,2019,90.0,1.0,1.0,1.0,2164750,2.0,2,4,1,5.0,,0.0,0,1986.0,B01,138Â 287Â 898,1.0,8.0,-1.0,1652776,1.0,7,,4.0,2.0,4.0,B01,138Â 287Â 898,1.0
968447,201900009978,2,9,11:15,1,1,1,1.0,2.0,69290,A43   3.865 A 9.894,M,"45,7083600","4,9543400",69,2019,90.0,1.0,1.0,1.0,2164751,1.0,1,4,1,5.0,,0.0,0,1944.0,B01,138Â 287Â 898,1.0,8.0,-1.0,1652775,2.0,7,,0.0,2.0,2.0,A01,138Â 287Â 897,1.0
968447,201900009978,2,9,11:15,1,1,1,1.0,2.0,69290,A43   3.865 A 9.894,M,"45,7083600","4,9543400",69,2019,90.0,1.0,1.0,1.0,2164751,1.0,1,4,1,5.0,,0.0,0,1944.0,B01,138Â 287Â 898,1.0,8.0,-1.0,1652776,1.0,7,,4.0,2.0,4.0,B01,138Â 287Â 898,1.0
968447,201900009978,2,9,11:15,1,1,1,1.0,2.0,69290,A43   3.865 A 9.894,M,"45,7083600","4,9543400",69,2019,90.0,1.0,1.0,1.0,2164752,3.0,2,3,2,5.0,,0.0,0,1980.0,B01,138Â 287Â 898,1.0,8.0,-1.0,1652775,2.0,7,,0.0,2.0,2.0,A01,138Â 287Â 897,1.0
968447,201900009978,2,9,11:15,1,1,1,1.0,2.0,69290,A43   3.865 A 9.894,M,"45,7083600","4,9543400",69,2019,90.0,1.0,1.0,1.0,2164752,3.0,2,3,2,5.0,,0.0,0,1980.0,B01,138Â 287Â 898,1.0,8.0,-1.0,1652776,1.0,7,,4.0,2.0,4.0,B01,138Â 287Â 898,1.0
968447,201900009978,2,9,11:15,1,1,1,1.0,2.0,69290,A43   3.865 A 9.894,M,"45,7083600","4,9543400",69,2019,90.0,1.0,1.0,1.0,2164753,8.0,2,1,2,5.0,,0.0,0,2013.0,B01,138Â 287Â 898,3.0,8.0,-1.0,1652775,2.0,7,,0.0,2.0,2.0,A01,138Â 287Â 897,1.0
968447,201900009978,2,9,11:15,1,1,1,1.0,2.0,69290,A43   3.865 A 9.894,M,"45,7083600","4,9543400",69,2019,90.0,1.0,1.0,1.0,2164753,8.0,2,1,2,5.0,,0.0,0,2013.0,B01,138Â 287Â 898,3.0,8.0,-1.0,1652776,1.0,7,,4.0,2.0,4.0,B01,138Â 287Â 898,1.0
968448,201900009979,2,9,10:20,1,1,1,1.0,2.0,69029,RD383   7.640 A 11.044,M,"45,7356000","4,9019000",69,2019,90.0,1.0,1.0,7.0,2164754,1.0,1,1,1,5.0,,0.0,0,1992.0,A01,138Â 287Â 895,1.0,0.0,-1.0,1652777,2.0,7,,0.0,2.0,1.0,A01,138Â 287Â 895,1.0
968448,201900009979,2,9,10:20,1,1,1,1.0,2.0,69029,RD383   7.640 A 11.044,M,"45,7356000","4,9019000",69,2019,90.0,1.0,1.0,7.0,2164754,1.0,1,1,1,5.0,,0.0,0,1992.0,A01,138Â 287Â 895,1.0,0.0,-1.0,1652778,1.0,7,,0.0,2.0,4.0,B01,138Â 287Â 896,1.0
968448,201900009979,2,9,10:20,1,1,1,1.0,2.0,69029,RD383   7.640 A 11.044,M,"45,7356000","4,9019000",69,2019,90.0,1.0,1.0,7.0,2164755,8.0,2,4,1,5.0,,0.0,0,2005.0,A01,138Â 287Â 895,1.0,0.0,-1.0,1652777,2.0,7,,0.0,2.0,1.0,A01,138Â 287Â 895,1.0
968448,201900009979,2,9,10:20,1,1,1,1.0,2.0,69029,RD383   7.640 A 11.044,M,"45,7356000","4,9019000",69,2019,90.0,1.0,1.0,7.0,2164755,8.0,2,4,1,5.0,,0.0,0,2005.0,A01,138Â 287Â 895,1.0,0.0,-1.0,1652778,1.0,7,,0.0,2.0,4.0,B01,138Â 287Â 896,1.0
968448,201900009979,2,9,10:20,1,1,1,1.0,2.0,69029,RD383   7.640 A 11.044,M,"45,7356000","4,9019000",69,2019,90.0,1.0,1.0,7.0,2164756,2.0,2,4,2,5.0,,0.0,0,2007.0,A01,138Â 287Â 895,1.0,0.0,-1.0,1652777,2.0,7,,0.0,2.0,1.0,A01,138Â 287Â 895,1.0
968448,201900009979,2,9,10:20,1,1,1,1.0,2.0,69029,RD383   7.640 A 11.044,M,"45,7356000","4,9019000",69,2019,90.0,1.0,1.0,7.0,2164756,2.0,2,4,2,5.0,,0.0,0,2007.0,A01,138Â 287Â 895,1.0,0.0,-1.0,1652778,1.0,7,,0.0,2.0,4.0,B01,138Â 287Â 896,1.0
968448,201900009979,2,9,10:20,1,1,1,1.0,2.0,69029,RD383   7.640 A 11.044,M,"45,7356000","4,9019000",69,2019,90.0,1.0,1.0,7.0,2164757,2.0,2,4,2,5.0,,0.0,0,2000.0,B01,138Â 287Â 896,1.0,0.0,-1.0,1652777,2.0,7,,0.0,2.0,1.0,A01,138Â 287Â 895,1.0
968448,201900009979,2,9,10:20,1,1,1,1.0,2.0,69029,RD383   7.640 A 11.044,M,"45,7356000","4,9019000",69,2019,90.0,1.0,1.0,7.0,2164757,2.0,2,4,2,5.0,,0.0,0,2000.0,B01,138Â 287Â 896,1.0,0.0,-1.0,1652778,1.0,7,,0.0,2.0,4.0,B01,138Â 287Â 896,1.0
968448,201900009979,2,9,10:20,1,1,1,1.0,2.0,69029,RD383   7.640 A 11.044,M,"45,7356000","4,9019000",69,2019,90.0,1.0,1.0,7.0,2164758,4.0,2,4,2,5.0,,0.0,0,2007.0,B01,138Â 287Â 896,1.0,8.0,-1.0,1652777,2.0,7,,0.0,2.0,1.0,A01,138Â 287Â 895,1.0
968448,201900009979,2,9,10:20,1,1,1,1.0,2.0,69029,RD383   7.640 A 11.044,M,"45,7356000","4,9019000",69,2019,90.0,1.0,1.0,7.0,2164758,4.0,2,4,2,5.0,,0.0,0,2007.0,B01,138Â 287Â 896,1.0,8.0,-1.0,1652778,1.0,7,,0.0,2.0,4.0,B01,138Â 287Â 896,1.0
968448,201900009979,2,9,10:20,1,1,1,1.0,2.0,69029,RD383   7.640 A 11.044,M,"45,7356000","4,9019000",69,2019,90.0,1.0,1.0,7.0,2164759,1.0,1,1,1,5.0,,0.0,0,1975.0,B01,138Â 287Â 896,1.0,0.0,-1.0,1652777,2.0,7,,0.0,2.0,1.0,A01,138Â 287Â 895,1.0
968448,201900009979,2,9,10:20,1,1,1,1.0,2.0,69029,RD383   7.640 A 11.044,M,"45,7356000","4,9019000",69,2019,90.0,1.0,1.0,7.0,2164759,1.0,1,1,1,5.0,,0.0,0,1975.0,B01,138Â 287Â 896,1.0,0.0,-1.0,1652778,1.0,7,,0.0,2.0,4.0,B01,138Â 287Â 896,1.0
968449,201900009980,2,8,07:50,1,1,1,1.0,2.0,69290,A43   3.865 A 9.894,M,"45,7149100","4,9434800",69,2019,90.0,1.0,1.0,1.0,2164760,1.0,1,1,1,9.0,,0.0,0,1998.0,Z01,138Â 287Â 893,1.0,0.0,-1.0,1652779,2.0,7,,0.0,2.0,1.0,Z01,138Â 287Â 893,1.0
968449,201900009980,2,8,07:50,1,1,1,1.0,2.0,69290,A43   3.865 A 9.894,M,"45,7149100","4,9434800",69,2019,90.0,1.0,1.0,1.0,2164760,1.0,1,1,1,9.0,,0.0,0,1998.0,Z01,138Â 287Â 893,1.0,0.0,-1.0,1652780,2.0,7,,0.0,2.0,4.0,A01,138Â 287Â 894,1.0
968449,201900009980,2,8,07:50,1,1,1,1.0,2.0,69290,A43   3.865 A 9.894,M,"45,7149100","4,9434800",69,2019,90.0,1.0,1.0,1.0,2164761,1.0,1,4,2,1.0,,0.0,0,1992.0,A01,138Â 287Â 894,1.0,0.0,-1.0,1652779,2.0,7,,0.0,2.0,1.0,Z01,138Â 287Â 893,1.0
968449,201900009980,2,8,07:50,1,1,1,1.0,2.0,69290,A43   3.865 A 9.894,M,"45,7149100","4,9434800",69,2019,90.0,1.0,1.0,1.0,2164761,1.0,1,4,2,1.0,,0.0,0,1992.0,A01,138Â 287Â 894,1.0,0.0,-1.0,1652780,2.0,7,,0.0,2.0,4.0,A01,138Â 287Â 894,1.0
968450,201900009981,2,6,16:50,1,1,1,1.0,2.0,69290,RN346   38.960 A 40.883,M,"45,7034400","4,9663900",69,2019,90.0,1.0,1.0,2.0,2164762,1.0,1,4,1,1.0,,0.0,0,1984.0,B01,138Â 287Â 891,1.0,0.0,-1.0,1652781,2.0,10,,0.0,2.0,4.0,B01,138Â 287Â 891,1.0
968450,201900009981,2,6,16:50,1,1,1,1.0,2.0,69290,RN346   38.960 A 40.883,M,"45,7034400","4,9663900",69,2019,90.0,1.0,1.0,2.0,2164762,1.0,1,4,1,1.0,,0.0,0,1984.0,B01,138Â 287Â 891,1.0,0.0,-1.0,1652782,2.0,7,,0.0,2.0,1.0,A01,138Â 287Â 892,1.0
968450,201900009981,2,6,16:50,1,1,1,1.0,2.0,69290,RN346   38.960 A 40.883,M,"45,7034400","4,9663900",69,2019,90.0,1.0,1.0,2.0,2164763,2.0,2,4,1,1.0,,0.0,0,1980.0,B01,138Â 287Â 891,1.0,0.0,-1.0,1652781,2.0,10,,0.0,2.0,4.0,B01,138Â 287Â 891,1.0
968450,201900009981,2,6,16:50,1,1,1,1.0,2.0,69290,RN346   38.960 A 40.883,M,"45,7034400","4,9663900",69,2019,90.0,1.0,1.0,2.0,2164763,2.0,2,4,1,1.0,,0.0,0,1980.0,B01,138Â 287Â 891,1.0,0.0,-1.0,1652782,2.0,7,,0.0,2.0,1.0,A01,138Â 287Â 892,1.0
968450,201900009981,2,6,16:50,1,1,1,1.0,2.0,69290,RN346   38.960 A 40.883,M,"45,7034400","4,9663900",69,2019,90.0,1.0,1.0,2.0,2164764,4.0,2,4,1,1.0,,0.0,0,1979.0,A01,138Â 287Â 892,1.0,0.0,-1.0,1652781,2.0,10,,0.0,2.0,4.0,B01,138Â 287Â 891,1.0
968450,201900009981,2,6,16:50,1,1,1,1.0,2.0,69290,RN346   38.960 A 40.883,M,"45,7034400","4,9663900",69,2019,90.0,1.0,1.0,2.0,2164764,4.0,2,4,1,1.0,,0.0,0,1979.0,A01,138Â 287Â 892,1.0,0.0,-1.0,1652782,2.0,7,,0.0,2.0,1.0,A01,138Â 287Â 892,1.0
968450,201900009981,2,6,16:50,1,1,1,1.0,2.0,69290,RN346   38.960 A 40.883,M,"45,7034400","4,9663900",69,2019,90.0,1.0,1.0,2.0,2164765,2.0,2,1,1,1.0,,0.0,0,1975.0,A01,138Â 287Â 892,1.0,0.0,-1.0,1652781,2.0,10,,0.0,2.0,4.0,B01,138Â 287Â 891,1.0
968450,201900009981,2,6,16:50,1,1,1,1.0,2.0,69290,RN346   38.960 A 40.883,M,"45,7034400","4,9663900",69,2019,90.0,1.0,1.0,2.0,2164765,2.0,2,1,1,1.0,,0.0,0,1975.0,A01,138Â 287Â 892,1.0,0.0,-1.0,1652782,2.0,7,,0.0,2.0,1.0,A01,138Â 287Â 892,1.0
968450,201900009981,2,6,16:50,1,1,1,1.0,2.0,69290,RN346   38.960 A 40.883,M,"45,7034400","4,9663900",69,2019,90.0,1.0,1.0,2.0,2164766,1.0,1,1,1,1.0,,0.0,0,1976.0,A01,138Â 287Â 892,1.0,8.0,-1.0,1652781,2.0,10,,0.0,2.0,4.0,B01,138Â 287Â 891,1.0
968450,201900009981,2,6,16:50,1,1,1,1.0,2.0,69290,RN346   38.960 A 40.883,M,"45,7034400","4,9663900",69,2019,90.0,1.0,1.0,2.0,2164766,1.0,1,1,1,1.0,,0.0,0,1976.0,A01,138Â 287Â 892,1.0,8.0,-1.0,1652782,2.0,7,,0.0,2.0,1.0,A01,138Â 287Â 892,1.0
968451,201900009982,2,10,05:54,3,1,1,1.0,7.0,42207,RN88 CROISSANT,M,"45,4662000","4,4971500",42,2019,90.0,1.0,1.0,2.0,2164767,2.0,2,4,1,5.0,,-1.0,0,1993.0,A01,138Â 287Â 890,1.0,0.0,-1.0,1652783,1.0,10,,4.0,0.0,8.0,A01,138Â 287Â 890,1.0
968451,201900009982,2,10,05:54,3,1,1,1.0,7.0,42207,RN88 CROISSANT,M,"45,4662000","4,4971500",42,2019,90.0,1.0,1.0,2.0,2164768,1.0,1,1,1,5.0,,-1.0,0,1993.0,A01,138Â 287Â 890,1.0,0.0,-1.0,1652783,1.0,10,,4.0,0.0,8.0,A01,138Â 287Â 890,1.0
968452,201900009983,2,7,08:00,1,1,9,2.0,3.0,57452,Autoroute A31,M,"49,1488000","6,1840000",57,2019,110.0,1.0,2.0,1.0,2164769,1.0,1,4,1,2.0,,-1.0,0,2000.0,B01,138Â 287Â 888,1.0,0.0,-1.0,1652784,2.0,7,,0.0,2.0,3.0,B01,138Â 287Â 888,1.0
968452,201900009983,2,7,08:00,1,1,9,2.0,3.0,57452,Autoroute A31,M,"49,1488000","6,1840000",57,2019,110.0,1.0,2.0,1.0,2164769,1.0,1,4,1,2.0,,-1.0,0,2000.0,B01,138Â 287Â 888,1.0,0.0,-1.0,1652785,2.0,15,,0.0,2.0,2.0,A01,138Â 287Â 889,1.0
968452,201900009983,2,7,08:00,1,1,9,2.0,3.0,57452,Autoroute A31,M,"49,1488000","6,1840000",57,2019,110.0,1.0,2.0,1.0,2164770,1.0,1,1,1,4.0,,-1.0,0,2000.0,A01,138Â 287Â 889,1.0,0.0,-1.0,1652784,2.0,7,,0.0,2.0,3.0,B01,138Â 287Â 888,1.0
968452,201900009983,2,7,08:00,1,1,9,2.0,3.0,57452,Autoroute A31,M,"49,1488000","6,1840000",57,2019,110.0,1.0,2.0,1.0,2164770,1.0,1,1,1,4.0,,-1.0,0,2000.0,A01,138Â 287Â 889,1.0,0.0,-1.0,1652785,2.0,15,,0.0,2.0,2.0,A01,138Â 287Â 889,1.0
968453,201900009984,2,5,21:30,3,1,1,1.0,7.0,57303,Autoroute A31,M,"49,2039900","6,1754200",57,2019,50.0,1.0,1.0,1.0,2164771,2.0,2,1,1,5.0,,-1.0,0,1999.0,A01,138Â 287Â 887,1.0,0.0,-1.0,1652786,1.0,10,,4.0,0.0,1.0,A01,138Â 287Â 887,1.0
968453,201900009984,2,5,21:30,3,1,1,1.0,7.0,57303,Autoroute A31,M,"49,2039900","6,1754200",57,2019,50.0,1.0,1.0,1.0,2164772,1.0,1,3,1,5.0,,-1.0,0,1991.0,A01,138Â 287Â 887,8.0,0.0,-1.0,1652786,1.0,10,,4.0,0.0,1.0,A01,138Â 287Â 887,1.0
968454,201900009985,2,10,21:25,3,1,1,1.0,4.0,33090,AUTOROUTE A 63,M,"44,7706800"," -0,6615500",33,2019,110.0,1.0,1.0,1.0,2164773,1.0,1,1,1,0.0,,-1.0, -1,1947.0,C01,138Â 287Â 882,1.0,8.0,-1.0,1652787,1.0,7,,0.0,2.0,4.0,C01,138Â 287Â 882,1.0
968454,201900009985,2,10,21:25,3,1,1,1.0,4.0,33090,AUTOROUTE A 63,M,"44,7706800"," -0,6615500",33,2019,110.0,1.0,1.0,1.0,2164773,1.0,1,1,1,0.0,,-1.0, -1,1947.0,C01,138Â 287Â 882,1.0,8.0,-1.0,1652788,1.0,7,,0.0,2.0,4.0,B01,138Â 287Â 883,1.0
968454,201900009985,2,10,21:25,3,1,1,1.0,4.0,33090,AUTOROUTE A 63,M,"44,7706800"," -0,6615500",33,2019,110.0,1.0,1.0,1.0,2164773,1.0,1,1,1,0.0,,-1.0, -1,1947.0,C01,138Â 287Â 882,1.0,8.0,-1.0,1652789,1.0,7,,3.0,2.0,1.0,A01,138Â 287Â 884,1.0
968454,201900009985,2,10,21:25,3,1,1,1.0,4.0,33090,AUTOROUTE A 63,M,"44,7706800"," -0,6615500",33,2019,110.0,1.0,1.0,1.0,2164774,1.0,1,1,2,0.0,,-1.0, -1,2000.0,B01,138Â 287Â 883,1.0,8.0,-1.0,1652787,1.0,7,,0.0,2.0,4.0,C01,138Â 287Â 882,1.0
968454,201900009985,2,10,21:25,3,1,1,1.0,4.0,33090,AUTOROUTE A 63,M,"44,7706800"," -0,6615500",33,2019,110.0,1.0,1.0,1.0,2164774,1.0,1,1,2,0.0,,-1.0, -1,2000.0,B01,138Â 287Â 883,1.0,8.0,-1.0,1652788,1.0,7,,0.0,2.0,4.0,B01,138Â 287Â 883,1.0