Unnamed: 0_x,num_acc,mois,jour,hrmn,lum,agg,int,atm,col,com,adr,gps,lat,long,dep,annee,vma,situ,surf,catr,Unnamed: 0_y,place,catu,grav,sexe,trajet,secu,locp,actp,an_nais,num_veh_x,id_vehicule_x,secu1,secu2,secu3,Unnamed: 0,senc,catv,occutc,obs,obsm,choc,num_veh_y,id_vehicule_y,motor
968454,201900009985,2,10,21:25,3,1,1,1.0,4.0,33090,AUTOROUTE A 63,M,"44,7706800"," -0,6615500",33,2019,110.0,1.0,1.0,1.0,2164774,1.0,1,1,2,0.0,,-1.0, -1,2000.0,B01,138Â 287Â 883,1.0,8.0,-1.0,1652789,1.0,7,,3.0,2.0,1.0,A01,138Â 287Â 884,1.0
968454,201900009985,2,10,21:25,3,1,1,1.0,4.0,33090,AUTOROUTE A 63,M,"44,7706800"," -0,6615500",33,2019,110.0,1.0,1.0,1.0,2164775,1.0,1,4,1,0.0,,-1.0, -1,1995.0,A01,138Â 287Â 884,1.0,8.0,-1.0,1652787,1.0,7,,0.0,2.0,4.0,C01,138Â 287Â 882,1.0
968454,201900009985,2,10,21:25,3,1,1,1.0,4.0,33090,AUTOROUTE A 63,M,"44,7706800"," -0,6615500",33,2019,110.0,1.0,1.0,1.0,2164775,1.0,1,4,1,0.0,,-1.0, -1,1995.0,A01,138Â 287Â 884,1.0,8.0,-1.0,1652788,1.0,7,,0.0,2.0,4.0,B01,138Â 287Â 883,1.0
968454,201900009985,2,10,21:25,3,1,1,1.0,4.0,33090,AUTOROUTE A 63,M,"44,7706800"," -0,6615500",33,2019,110.0,1.0,1.0,1.0,2164775,1.0,1,4,1,0.0,,-1.0, -1,1995.0,A01,138Â 287Â 884,1.0,8.0,-1.0,1652789,1.0,7,,3.0,2.0,1.0,A01,138Â 287Â 884,1.0
968455,201900009986,2,8,15:35,1,1,1,1.0,3.0,33063,ROCADE A 630,M,"44,8824500"," -0,5505900",33,2019,70.0,1.0,1.0,1.0,2164776,1.0,1,1,1,4.0,,-1.0, -1,1982.0,A01,138Â 287Â 879,1.0,8.0,-1.0,1652790,2.0,7,,0.0,2.0,7.0,A01,138Â 287Â 879,1.0
968455,201900009986,2,8,15:35,1,1,1,1.0,3.0,33063,ROCADE A 630,M,"44,8824500"," -0,5505900",33,2019,70.0,1.0,1.0,1.0,2164776,1.0,1,1,1,4.0,,-1.0, -1,1982.0,A01,138Â 287Â 879,1.0,8.0,-1.0,1652791,2.0,33,,0.0,2.0,3.0,B01,138Â 287Â 880,1.0
968455,201900009986,2,8,15:35,1,1,1,1.0,3.0,33063,ROCADE A 630,M,"44,8824500"," -0,5505900",33,2019,70.0,1.0,1.0,1.0,2164777,1.0,1,4,1,1.0,,-1.0, -1,1988.0,B01,138Â 287Â 880,2.0,6.0,-1.0,1652790,2.0,7,,0.0,2.0,7.0,A01,138Â 287Â 879,1.0
968455,201900009986,2,8,15:35,1,1,1,1.0,3.0,33063,ROCADE A 630,M,"44,8824500"," -0,5505900",33,2019,70.0,1.0,1.0,1.0,2164777,1.0,1,4,1,1.0,,-1.0, -1,1988.0,B01,138Â 287Â 880,2.0,6.0,-1.0,1652791,2.0,33,,0.0,2.0,3.0,B01,138Â 287Â 880,1.0
968456,201900009987,2,7,22:30,5,1,1,1.0,6.0,33550,ROCADE A 630,M,"44,7825500"," -0,5869700",33,2019,50.0,1.0,1.0,1.0,2164778,1.0,1,3,1,5.0,,-1.0, -1,1994.0,A01,138Â 287Â 878,2.0,6.0,-1.0,1652792,1.0,33,,4.0,0.0,8.0,A01,138Â 287Â 878,1.0
968457,201900009988,2,3,05:58,2,1,1,1.0,5.0,59560,AUTOROUTE A1,M,"50,5397100","3,0523100",59,2019,110.0,1.0,1.0,1.0,2164779,1.0,1,1,1,4.0,,-1.0, -1,1976.0,C01,138Â 287Â 875,1.0,0.0,-1.0,1652793,2.0,17,,0.0,2.0,1.0,C01,138Â 287Â 875,1.0
968457,201900009988,2,3,05:58,2,1,1,1.0,5.0,59560,AUTOROUTE A1,M,"50,5397100","3,0523100",59,2019,110.0,1.0,1.0,1.0,2164779,1.0,1,1,1,4.0,,-1.0, -1,1976.0,C01,138Â 287Â 875,1.0,0.0,-1.0,1652794,2.0,7,,0.0,2.0,1.0,B01,138Â 287Â 876,1.0
968457,201900009988,2,3,05:58,2,1,1,1.0,5.0,59560,AUTOROUTE A1,M,"50,5397100","3,0523100",59,2019,110.0,1.0,1.0,1.0,2164779,1.0,1,1,1,4.0,,-1.0, -1,1976.0,C01,138Â 287Â 875,1.0,0.0,-1.0,1652795,2.0,7,,0.0,2.0,1.0,A01,138Â 287Â 877,1.0
968457,201900009988,2,3,05:58,2,1,1,1.0,5.0,59560,AUTOROUTE A1,M,"50,5397100","3,0523100",59,2019,110.0,1.0,1.0,1.0,2164780,4.0,2,3,1,0.0,,-1.0, -1,1990.0,B01,138Â 287Â 876,1.0,0.0,-1.0,1652793,2.0,17,,0.0,2.0,1.0,C01,138Â 287Â 875,1.0
968457,201900009988,2,3,05:58,2,1,1,1.0,5.0,59560,AUTOROUTE A1,M,"50,5397100","3,0523100",59,2019,110.0,1.0,1.0,1.0,2164780,4.0,2,3,1,0.0,,-1.0, -1,1990.0,B01,138Â 287Â 876,1.0,0.0,-1.0,1652794,2.0,7,,0.0,2.0,1.0,B01,138Â 287Â 876,1.0
968457,201900009988,2,3,05:58,2,1,1,1.0,5.0,59560,AUTOROUTE A1,M,"50,5397100","3,0523100",59,2019,110.0,1.0,1.0,1.0,2164780,4.0,2,3,1,0.0,,-1.0, -1,1990.0,B01,138Â 287Â 876,1.0,0.0,-1.0,1652795,2.0,7,,0.0,2.0,1.0,A01,138Â 287Â 877,1.0
968457,201900009988,2,3,05:58,2,1,1,1.0,5.0,59560,AUTOROUTE A1,M,"50,5397100","3,0523100",59,2019,110.0,1.0,1.0,1.0,2164781,2.0,2,4,1,0.0,,-1.0, -1,1981.0,B01,138Â 287Â 876,1.0,0.0,-1.0,1652793,2.0,17,,0.0,2.0,1.0,C01,138Â 287Â 875,1.0
968457,201900009988,2,3,05:58,2,1,1,1.0,5.0,59560,AUTOROUTE A1,M,"50,5397100","3,0523100",59,2019,110.0,1.0,1.0,1.0,2164781,2.0,2,4,1,0.0,,-1.0, -1,1981.0,B01,138Â 287Â 876,1.0,0.0,-1.0,1652794,2.0,7,,0.0,2.0,1.0,B01,138Â 287Â 876,1.0
968457,201900009988,2,3,05:58,2,1,1,1.0,5.0,59560,AUTOROUTE A1,M,"50,5397100","3,0523100",59,2019,110.0,1.0,1.0,1.0,2164781,2.0,2,4,1,0.0,,-1.0, -1,1981.0,B01,138Â 287Â 876,1.0,0.0,-1.0,1652795,2.0,7,,0.0,2.0,1.0,A01,138Â 287Â 877,1.0
968457,201900009988,2,3,05:58,2,1,1,1.0,5.0,59560,AUTOROUTE A1,M,"50,5397100","3,0523100",59,2019,110.0,1.0,1.0,1.0,2164782,3.0,2,3,1,0.0,,-1.0, -1,1989.0,B01,138Â 287Â 876,1.0,0.0,-1.0,1652793,2.0,17,,0.0,2.0,1.0,C01,138Â 287Â 875,1.0
968457,201900009988,2,3,05:58,2,1,1,1.0,5.0,59560,AUTOROUTE A1,M,"50,5397100","3,0523100",59,2019,110.0,1.0,1.0,1.0,2164782,3.0,2,3,1,0.0,,-1.0, -1,1989.0,B01,138Â 287Â 876,1.0,0.0,-1.0,1652794,2.0,7,,0.0,2.0,1.0,B01,138Â 287Â 876,1.0
968457,201900009988,2,3,05:58,2,1,1,1.0,5.0,59560,AUTOROUTE A1,M,"50,5397100","3,0523100",59,2019,110.0,1.0,1.0,1.0,2164782,3.0,2,3,1,0.0,,-1.0, -1,1989.0,B01,138Â 287Â 876,1.0,0.0,-1.0,1652795,2.0,7,,0.0,2.0,1.0,A01,138Â 287Â 877,1.0
968457,201900009988,2,3,05:58,2,1,1,1.0,5.0,59560,AUTOROUTE A1,M,"50,5397100","3,0523100",59,2019,110.0,1.0,1.0,1.0,2164783,1.0,1,3,1,0.0,,-1.0, -1,1987.0,B01,138Â 287Â 876,1.0,0.0,-1.0,1652793,2.0,17,,0.0,2.0,1.0,C01,138Â 287Â 875,1.0
968457,201900009988,2,3,05:58,2,1,1,1.0,5.0,59560,AUTOROUTE A1,M,"50,5397100","3,0523100",59,2019,110.0,1.0,1.0,1.0,2164783,1.0,1,3,1,0.0,,-1.0, -1,1987.0,B01,138Â 287Â 876,1.0,0.0,-1.0,1652794,2.0,7,,0.0,2.0,1.0,B01,138Â 287Â 876,1.0
968457,201900009988,2,3,05:58,2,1,1,1.0,5.0,59560,AUTOROUTE A1,M,"50,5397100","3,0523100",59,2019,110.0,1.0,1.0,1.0,2164783,1.0,1,3,1,0.0,,-1.0, -1,1987.0,B01,138Â 287Â 876,1.0,0.0,-1.0,1652795,2.0,7,,0.0,2.0,1.0,A01,138Â 287Â 877,1.0
968457,201900009988,2,3,05:58,2,1,1,1.0,5.0,59560,AUTOROUTE A1,M,"50,5397100","3,0523100",59,2019,110.0,1.0,1.0,1.0,2164784,1.0,1,3,1,0.0,,-1.0, -1,1973.0,A01,138Â 287Â 877,1.0,0.0,-1.0,1652793,2.0,17,,0.0,2.0,1.0,C01,138Â 287Â 875,1.0
968457,201900009988,2,3,05:58,2,1,1,1.0,5.0,59560,AUTOROUTE A1,M,"50,5397100","3,0523100",59,2019,110.0,1.0,1.0,1.0,2164784,1.0,1,3,1,0.0,,-1.0, -1,1973.0,A01,138Â 287Â 877,1.0,0.0,-1.0,1652794,2.0,7,,0.0,2.0,1.0,B01,138Â 287Â 876,1.0
968457,201900009988,2,3,05:58,2,1,1,1.0,5.0,59560,AUTOROUTE A1,M,"50,5397100","3,0523100",59,2019,110.0,1.0,1.0,1.0,2164784,1.0,1,3,1,0.0,,-1.0, -1,1973.0,A01,138Â 287Â 877,1.0,0.0,-1.0,1652795,2.0,7,,0.0,2.0,1.0,A01,138Â 287Â 877,1.0
968458,201900009989,2,7,16:10,1,1,1,1.0,4.0,62766,AUTOROUTE A16,M,"50,9440000","2,0960500",62,2019,110.0,1.0,1.0,1.0,2164785,1.0,1,1,2,1.0,,0.0, -1,1963.0,C01,138Â 287Â 871,1.0,0.0,-1.0,1652796,2.0,7,,0.0,0.0,1.0,C01,138Â 287Â 871,1.0
968458,201900009989,2,7,16:10,1,1,1,1.0,4.0,62766,AUTOROUTE A16,M,"50,9440000","2,0960500",62,2019,110.0,1.0,1.0,1.0,2164785,1.0,1,1,2,1.0,,0.0, -1,1963.0,C01,138Â 287Â 871,1.0,0.0,-1.0,1652797,2.0,17,,0.0,2.0,4.0,A01,138Â 287Â 872,1.0
968458,201900009989,2,7,16:10,1,1,1,1.0,4.0,62766,AUTOROUTE A16,M,"50,9440000","2,0960500",62,2019,110.0,1.0,1.0,1.0,2164785,1.0,1,1,2,1.0,,0.0, -1,1963.0,C01,138Â 287Â 871,1.0,0.0,-1.0,1652798,2.0,10,,0.0,2.0,1.0,D01,138Â 287Â 873,1.0
968458,201900009989,2,7,16:10,1,1,1,1.0,4.0,62766,AUTOROUTE A16,M,"50,9440000","2,0960500",62,2019,110.0,1.0,1.0,1.0,2164785,1.0,1,1,2,1.0,,0.0, -1,1963.0,C01,138Â 287Â 871,1.0,0.0,-1.0,1652799,2.0,10,,0.0,2.0,1.0,B01,138Â 287Â 874,1.0
968458,201900009989,2,7,16:10,1,1,1,1.0,4.0,62766,AUTOROUTE A16,M,"50,9440000","2,0960500",62,2019,110.0,1.0,1.0,1.0,2164786,1.0,1,1,1,4.0,,0.0, -1,1979.0,A01,138Â 287Â 872,1.0,0.0,-1.0,1652796,2.0,7,,0.0,0.0,1.0,C01,138Â 287Â 871,1.0
968458,201900009989,2,7,16:10,1,1,1,1.0,4.0,62766,AUTOROUTE A16,M,"50,9440000","2,0960500",62,2019,110.0,1.0,1.0,1.0,2164786,1.0,1,1,1,4.0,,0.0, -1,1979.0,A01,138Â 287Â 872,1.0,0.0,-1.0,1652797,2.0,17,,0.0,2.0,4.0,A01,138Â 287Â 872,1.0
968458,201900009989,2,7,16:10,1,1,1,1.0,4.0,62766,AUTOROUTE A16,M,"50,9440000","2,0960500",62,2019,110.0,1.0,1.0,1.0,2164786,1.0,1,1,1,4.0,,0.0, -1,1979.0,A01,138Â 287Â 872,1.0,0.0,-1.0,1652798,2.0,10,,0.0,2.0,1.0,D01,138Â 287Â 873,1.0
968458,201900009989,2,7,16:10,1,1,1,1.0,4.0,62766,AUTOROUTE A16,M,"50,9440000","2,0960500",62,2019,110.0,1.0,1.0,1.0,2164786,1.0,1,1,1,4.0,,0.0, -1,1979.0,A01,138Â 287Â 872,1.0,0.0,-1.0,1652799,2.0,10,,0.0,2.0,1.0,B01,138Â 287Â 874,1.0
968458,201900009989,2,7,16:10,1,1,1,1.0,4.0,62766,AUTOROUTE A16,M,"50,9440000","2,0960500",62,2019,110.0,1.0,1.0,1.0,2164787,1.0,1,1,1,4.0,,0.0, -1,1976.0,D01,138Â 287Â 873,1.0,0.0,-1.0,1652796,2.0,7,,0.0,0.0,1.0,C01,138Â 287Â 871,1.0
968458,201900009989,2,7,16:10,1,1,1,1.0,4.0,62766,AUTOROUTE A16,M,"50,9440000","2,0960500",62,2019,110.0,1.0,1.0,1.0,2164787,1.0,1,1,1,4.0,,0.0, -1,1976.0,D01,138Â 287Â 873,1.0,0.0,-1.0,1652797,2.0,17,,0.0,2.0,4.0,A01,138Â 287Â 872,1.0
968458,201900009989,2,7,16:10,1,1,1,1.0,4.0,62766,AUTOROUTE A16,M,"50,9440000","2,0960500",62,2019,110.0,1.0,1.0,1.0,2164787,1.0,1,1,1,4.0,,0.0, -1,1976.0,D01,138Â 287Â 873,1.0,0.0,-1.0,1652798,2.0,10,,0.0,2.0,1.0,D01,138Â 287Â 873,1.0
968458,201900009989,2,7,16:10,1,1,1,1.0,4.0,62766,AUTOROUTE A16,M,"50,9440000","2,0960500",62,2019,110.0,1.0,1.0,1.0,2164787,1.0,1,1,1,4.0,,0.0, -1,1976.0,D01,138Â 287Â 873,1.0,0.0,-1.0,1652799,2.0,10,,0.0,2.0,1.0,B01,138Â 287Â 874,1.0
968458,201900009989,2,7,16:10,1,1,1,1.0,4.0,62766,AUTOROUTE A16,M,"50,9440000","2,0960500",62,2019,110.0,1.0,1.0,1.0,2164788,1.0,1,1,1,0.0,,0.0, -1,1990.0,B01,138Â 287Â 874,1.0,0.0,-1.0,1652796,2.0,7,,0.0,0.0,1.0,C01,138Â 287Â 871,1.0
968458,201900009989,2,7,16:10,1,1,1,1.0,4.0,62766,AUTOROUTE A16,M,"50,9440000","2,0960500",62,2019,110.0,1.0,1.0,1.0,2164788,1.0,1,1,1,0.0,,0.0, -1,1990.0,B01,138Â 287Â 874,1.0,0.0,-1.0,1652797,2.0,17,,0.0,2.0,4.0,A01,138Â 287Â 872,1.0
968458,201900009989,2,7,16:10,1,1,1,1.0,4.0,62766,AUTOROUTE A16,M,"50,9440000","2,0960500",62,2019,110.0,1.0,1.0,1.0,2164788,1.0,1,1,1,0.0,,0.0, -1,1990.0,B01,138Â 287Â 874,1.0,0.0,-1.0,1652798,2.0,10,,0.0,2.0,1.0,D01,138Â 287Â 873,1.0
968458,201900009989,2,7,16:10,1,1,1,1.0,4.0,62766,AUTOROUTE A16,M,"50,9440000","2,0960500",62,2019,110.0,1.0,1.0,1.0,2164788,1.0,1,1,1,0.0,,0.0, -1,1990.0,B01,138Â 287Â 874,1.0,0.0,-1.0,1652799,2.0,10,,0.0,2.0,1.0,B01,138Â 287Â 874,1.0
968458,201900009989,2,7,16:10,1,1,1,1.0,4.0,62766,AUTOROUTE A16,M,"50,9440000","2,0960500",62,2019,110.0,1.0,1.0,1.0,2164789,2.0,2,2,1,0.0,,0.0, -1,2003.0,B01,138Â 287Â 874,1.0,0.0,-1.0,1652796,2.0,7,,0.0,0.0,1.0,C01,138Â 287Â 871,1.0
968458,201900009989,2,7,16:10,1,1,1,1.0,4.0,62766,AUTOROUTE A16,M,"50,9440000","2,0960500",62,2019,110.0,1.0,1.0,1.0,2164789,2.0,2,2,1,0.0,,0.0, -1,2003.0,B01,138Â 287Â 874,1.0,0.0,-1.0,1652797,2.0,17,,0.0,2.0,4.0,A01,138Â 287Â 872,1.0
968458,201900009989,2,7,16:10,1,1,1,1.0,4.0,62766,AUTOROUTE A16,M,"50,9440000","2,0960500",62,2019,110.0,1.0,1.0,1.0,2164789,2.0,2,2,1,0.0,,0.0, -1,2003.0,B01,138Â 287Â 874,1.0,0.0,-1.0,1652798,2.0,10,,0.0,2.0,1.0,D01,138Â 287Â 873,1.0
968458,201900009989,2,7,16:10,1,1,1,1.0,4.0,62766,AUTOROUTE A16,M,"50,9440000","2,0960500",62,2019,110.0,1.0,1.0,1.0,2164789,2.0,2,2,1,0.0,,0.0, -1,2003.0,B01,138Â 287Â 874,1.0,0.0,-1.0,1652799,2.0,10,,0.0,2.0,1.0,B01,138Â 287Â 874,1.0
968459,201900009990,2,11,19:45,3,1,1,1.0,6.0,94003,AUTOROUTE A6A,M,"48,8081000","2,3408000",94,2019,70.0,1.0,1.0,1.0,2164790,1.0,1,4,2,0.0,,-1.0,0,1994.0,A01,138Â 287Â 870,2.0,6.0,-1.0,1652800,2.0,33,,0.0,2.0,3.0,A01,138Â 287Â 870,1.0
968460,201900009991,2,11,15:00,1,1,1,1.0,4.0,94034,AUTOROUTE A86,M,"48,7592200","2,3232800",94,2019,130.0,1.0,1.0,1.0,2164791,1.0,1,1,1,4.0,,-1.0,0,1967.0,E01,138Â 287Â 865,1.0,0.0,-1.0,1652801,2.0,7,,0.0,2.0,4.0,E01,138Â 287Â 865,1.0
968460,201900009991,2,11,15:00,1,1,1,1.0,4.0,94034,AUTOROUTE A86,M,"48,7592200","2,3232800",94,2019,130.0,1.0,1.0,1.0,2164791,1.0,1,1,1,4.0,,-1.0,0,1967.0,E01,138Â 287Â 865,1.0,0.0,-1.0,1652802,2.0,10,,0.0,2.0,4.0,D01,138Â 287Â 866,1.0
968460,201900009991,2,11,15:00,1,1,1,1.0,4.0,94034,AUTOROUTE A86,M,"48,7592200","2,3232800",94,2019,130.0,1.0,1.0,1.0,2164791,1.0,1,1,1,4.0,,-1.0,0,1967.0,E01,138Â 287Â 865,1.0,0.0,-1.0,1652803,2.0,10,,0.0,2.0,4.0,C01,138Â 287Â 867,1.0
968460,201900009991,2,11,15:00,1,1,1,1.0,4.0,94034,AUTOROUTE A86,M,"48,7592200","2,3232800",94,2019,130.0,1.0,1.0,1.0,2164791,1.0,1,1,1,4.0,,-1.0,0,1967.0,E01,138Â 287Â 865,1.0,0.0,-1.0,1652804,2.0,7,,0.0,2.0,4.0,B01,138Â 287Â 868,1.0
968460,201900009991,2,11,15:00,1,1,1,1.0,4.0,94034,AUTOROUTE A86,M,"48,7592200","2,3232800",94,2019,130.0,1.0,1.0,1.0,2164791,1.0,1,1,1,4.0,,-1.0,0,1967.0,E01,138Â 287Â 865,1.0,0.0,-1.0,1652805,2.0,10,,0.0,2.0,1.0,A01,138Â 287Â 869,1.0
968460,201900009991,2,11,15:00,1,1,1,1.0,4.0,94034,AUTOROUTE A86,M,"48,7592200","2,3232800",94,2019,130.0,1.0,1.0,1.0,2164792,1.0,1,1,1,4.0,,-1.0,0,1984.0,D01,138Â 287Â 866,1.0,0.0,-1.0,1652801,2.0,7,,0.0,2.0,4.0,E01,138Â 287Â 865,1.0
968460,201900009991,2,11,15:00,1,1,1,1.0,4.0,94034,AUTOROUTE A86,M,"48,7592200","2,3232800",94,2019,130.0,1.0,1.0,1.0,2164792,1.0,1,1,1,4.0,,-1.0,0,1984.0,D01,138Â 287Â 866,1.0,0.0,-1.0,1652802,2.0,10,,0.0,2.0,4.0,D01,138Â 287Â 866,1.0
968460,201900009991,2,11,15:00,1,1,1,1.0,4.0,94034,AUTOROUTE A86,M,"48,7592200","2,3232800",94,2019,130.0,1.0,1.0,1.0,2164792,1.0,1,1,1,4.0,,-1.0,0,1984.0,D01,138Â 287Â 866,1.0,0.0,-1.0,1652803,2.0,10,,0.0,2.0,4.0,C01,138Â 287Â 867,1.0
968460,201900009991,2,11,15:00,1,1,1,1.0,4.0,94034,AUTOROUTE A86,M,"48,7592200","2,3232800",94,2019,130.0,1.0,1.0,1.0,2164792,1.0,1,1,1,4.0,,-1.0,0,1984.0,D01,138Â 287Â 866,1.0,0.0,-1.0,1652804,2.0,7,,0.0,2.0,4.0,B01,138Â 287Â 868,1.0
968460,201900009991,2,11,15:00,1,1,1,1.0,4.0,94034,AUTOROUTE A86,M,"48,7592200","2,3232800",94,2019,130.0,1.0,1.0,1.0,2164792,1.0,1,1,1,4.0,,-1.0,0,1984.0,D01,138Â 287Â 866,1.0,0.0,-1.0,1652805,2.0,10,,0.0,2.0,1.0,A01,138Â 287Â 869,1.0
968460,201900009991,2,11,15:00,1,1,1,1.0,4.0,94034,AUTOROUTE A86,M,"48,7592200","2,3232800",94,2019,130.0,1.0,1.0,1.0,2164793,1.0,1,1,1,4.0,,-1.0,0,1986.0,C01,138Â 287Â 867,1.0,0.0,-1.0,1652801,2.0,7,,0.0,2.0,4.0,E01,138Â 287Â 865,1.0
968460,201900009991,2,11,15:00,1,1,1,1.0,4.0,94034,AUTOROUTE A86,M,"48,7592200","2,3232800",94,2019,130.0,1.0,1.0,1.0,2164793,1.0,1,1,1,4.0,,-1.0,0,1986.0,C01,138Â 287Â 867,1.0,0.0,-1.0,1652802,2.0,10,,0.0,2.0,4.0,D01,138Â 287Â 866,1.0
968460,201900009991,2,11,15:00,1,1,1,1.0,4.0,94034,AUTOROUTE A86,M,"48,7592200","2,3232800",94,2019,130.0,1.0,1.0,1.0,2164793,1.0,1,1,1,4.0,,-1.0,0,1986.0,C01,138Â 287Â 867,1.0,0.0,-1.0,1652803,2.0,10,,0.0,2.0,4.0,C01,138Â 287Â 867,1.0
968460,201900009991,2,11,15:00,1,1,1,1.0,4.0,94034,AUTOROUTE A86,M,"48,7592200","2,3232800",94,2019,130.0,1.0,1.0,1.0,2164793,1.0,1,1,1,4.0,,-1.0,0,1986.0,C01,138Â 287Â 867,1.0,0.0,-1.0,1652804,2.0,7,,0.0,2.0,4.0,B01,138Â 287Â 868,1.0
968460,201900009991,2,11,15:00,1,1,1,1.0,4.0,94034,AUTOROUTE A86,M,"48,7592200","2,3232800",94,2019,130.0,1.0,1.0,1.0,2164793,1.0,1,1,1,4.0,,-1.0,0,1986.0,C01,138Â 287Â 867,1.0,0.0,-1.0,1652805,2.0,10,,0.0,2.0,1.0,A01,138Â 287Â 869,1.0
968460,201900009991,2,11,15:00,1,1,1,1.0,4.0,94034,AUTOROUTE A86,M,"48,7592200","2,3232800",94,2019,130.0,1.0,1.0,1.0,2164794,2.0,2,4,1,5.0,,-1.0,0,1975.0,B01,138Â 287Â 868,1.0,0.0,-1.0,1652801,2.0,7,,0.0,2.0,4.0,E01,138Â 287Â 865,1.0
968460,201900009991,2,11,15:00,1,1,1,1.0,4.0,94034,AUTOROUTE A86,M,"48,7592200","2,3232800",94,2019,130.0,1.0,1.0,1.0,2164794,2.0,2,4,1,5.0,,-1.0,0,1975.0,B01,138Â 287Â 868,1.0,0.0,-1.0,1652802,2.0,10,,0.0,2.0,4.0,D01,138Â 287Â 866,1.0
968460,201900009991,2,11,15:00,1,1,1,1.0,4.0,94034,AUTOROUTE A86,M,"48,7592200","2,3232800",94,2019,130.0,1.0,1.0,1.0,2164794,2.0,2,4,1,5.0,,-1.0,0,1975.0,B01,138Â 287Â 868,1.0,0.0,-1.0,1652803,2.0,10,,0.0,2.0,4.0,C01,138Â 287Â 867,1.0
968460,201900009991,2,11,15:00,1,1,1,1.0,4.0,94034,AUTOROUTE A86,M,"48,7592200","2,3232800",94,2019,130.0,1.0,1.0,1.0,2164794,2.0,2,4,1,5.0,,-1.0,0,1975.0,B01,138Â 287Â 868,1.0,0.0,-1.0,1652804,2.0,7,,0.0,2.0,4.0,B01,138Â 287Â 868,1.0
968460,201900009991,2,11,15:00,1,1,1,1.0,4.0,94034,AUTOROUTE A86,M,"48,7592200","2,3232800",94,2019,130.0,1.0,1.0,1.0,2164794,2.0,2,4,1,5.0,,-1.0,0,1975.0,B01,138Â 287Â 868,1.0,0.0,-1.0,1652805,2.0,10,,0.0,2.0,1.0,A01,138Â 287Â 869,1.0
968460,201900009991,2,11,15:00,1,1,1,1.0,4.0,94034,AUTOROUTE A86,M,"48,7592200","2,3232800",94,2019,130.0,1.0,1.0,1.0,2164795,1.0,1,4,1,5.0,,-1.0,0,1968.0,B01,138Â 287Â 868,1.0,0.0,-1.0,1652801,2.0,7,,0.0,2.0,4.0,E01,138Â 287Â 865,1.0
968460,201900009991,2,11,15:00,1,1,1,1.0,4.0,94034,AUTOROUTE A86,M,"48,7592200","2,3232800",94,2019,130.0,1.0,1.0,1.0,2164795,1.0,1,4,1,5.0,,-1.0,0,1968.0,B01,138Â 287Â 868,1.0,0.0,-1.0,1652802,2.0,10,,0.0,2.0,4.0,D01,138Â 287Â 866,1.0
968460,201900009991,2,11,15:00,1,1,1,1.0,4.0,94034,AUTOROUTE A86,M,"48,7592200","2,3232800",94,2019,130.0,1.0,1.0,1.0,2164795,1.0,1,4,1,5.0,,-1.0,0,1968.0,B01,138Â 287Â 868,1.0,0.0,-1.0,1652803,2.0,10,,0.0,2.0,4.0,C01,138Â 287Â 867,1.0
968460,201900009991,2,11,15:00,1,1,1,1.0,4.0,94034,AUTOROUTE A86,M,"48,7592200","2,3232800",94,2019,130.0,1.0,1.0,1.0,2164795,1.0,1,4,1,5.0,,-1.0,0,1968.0,B01,138Â 287Â 868,1.0,0.0,-1.0,1652804,2.0,7,,0.0,2.0,4.0,B01,138Â 287Â 868,1.0
968460,201900009991,2,11,15:00,1,1,1,1.0,4.0,94034,AUTOROUTE A86,M,"48,7592200","2,3232800",94,2019,130.0,1.0,1.0,1.0,2164795,1.0,1,4,1,5.0,,-1.0,0,1968.0,B01,138Â 287Â 868,1.0,0.0,-1.0,1652805,2.0,10,,0.0,2.0,1.0,A01,138Â 287Â 869,1.0
968460,201900009991,2,11,15:00,1,1,1,1.0,4.0,94034,AUTOROUTE A86,M,"48,7592200","2,3232800",94,2019,130.0,1.0,1.0,1.0,2164796,1.0,1,1,1,4.0,,-1.0,0,1974.0,A01,138Â 287Â 869,1.0,0.0,-1.0,1652801,2.0,7,,0.0,2.0,4.0,E01,138Â 287Â 865,1.0
968460,201900009991,2,11,15:00,1,1,1,1.0,4.0,94034,AUTOROUTE A86,M,"48,7592200","2,3232800",94,2019,130.0,1.0,1.0,1.0,2164796,1.0,1,1,1,4.0,,-1.0,0,1974.0,A01,138Â 287Â 869,1.0,0.0,-1.0,1652802,2.0,10,,0.0,2.0,4.0,D01,138Â 287Â 866,1.0
968460,201900009991,2,11,15:00,1,1,1,1.0,4.0,94034,AUTOROUTE A86,M,"48,7592200","2,3232800",94,2019,130.0,1.0,1.0,1.0,2164796,1.0,1,1,1,4.0,,-1.0,0,1974.0,A01,138Â 287Â 869,1.0,0.0,-1.0,1652803,2.0,10,,0.0,2.0,4.0,C01,138Â 287Â 867,1.0
968460,201900009991,2,11,15:00,1,1,1,1.0,4.0,94034,AUTOROUTE A86,M,"48,7592200","2,3232800",94,2019,130.0,1.0,1.0,1.0,2164796,1.0,1,1,1,4.0,,-1.0,0,1974.0,A01,138Â 287Â 869,1.0,0.0,-1.0,1652804,2.0,7,,0.0,2.0,4.0,B01,138Â 287Â 868,1.0
968460,201900009991,2,11,15:00,1,1,1,1.0,4.0,94034,AUTOROUTE A86,M,"48,7592200","2,3232800",94,2019,130.0,1.0,1.0,1.0,2164796,1.0,1,1,1,4.0,,-1.0,0,1974.0,A01,138Â 287Â 869,1.0,0.0,-1.0,1652805,2.0,10,,0.0,2.0,1.0,A01,138Â 287Â 869,1.0
968461,201900009992,2,11,09:40,1,1,1,1.0,5.0,91589,AUTOROUTE A6,M,"48,6802070","2,3324330",91,2019,110.0,1.0,2.0,1.0,2164797,1.0,1,1,1,0.0,,0.0,0,1955.0,A01,138Â 287Â 861,1.0,8.0,-1.0,1652806,2.0,7,,0.0,2.0,8.0,A01,138Â 287Â 861,1.0