Unnamed: 0_x,num_acc,mois,jour,hrmn,lum,agg,int,atm,col,com,adr,gps,lat,long,dep,annee,vma,situ,surf,catr,Unnamed: 0_y,place,catu,grav,sexe,trajet,secu,locp,actp,an_nais,num_veh_x,id_vehicule_x,secu1,secu2,secu3,Unnamed: 0,senc,catv,occutc,obs,obsm,choc,num_veh_y,id_vehicule_y,motor
968461,201900009992,2,11,09:40,1,1,1,1.0,5.0,91589,AUTOROUTE A6,M,"48,6802070","2,3324330",91,2019,110.0,1.0,2.0,1.0,2164797,1.0,1,1,1,0.0,,0.0,0,1955.0,A01,138Â 287Â 861,1.0,8.0,-1.0,1652807,2.0,7,,0.0,2.0,3.0,C01,138Â 287Â 862,1.0
968461,201900009992,2,11,09:40,1,1,1,1.0,5.0,91589,AUTOROUTE A6,M,"48,6802070","2,3324330",91,2019,110.0,1.0,2.0,1.0,2164797,1.0,1,1,1,0.0,,0.0,0,1955.0,A01,138Â 287Â 861,1.0,8.0,-1.0,1652808,2.0,7,,0.0,2.0,4.0,D01,138Â 287Â 863,1.0
968461,201900009992,2,11,09:40,1,1,1,1.0,5.0,91589,AUTOROUTE A6,M,"48,6802070","2,3324330",91,2019,110.0,1.0,2.0,1.0,2164797,1.0,1,1,1,0.0,,0.0,0,1955.0,A01,138Â 287Â 861,1.0,8.0,-1.0,1652809,2.0,33,,0.0,2.0,2.0,B01,138Â 287Â 864,1.0
968461,201900009992,2,11,09:40,1,1,1,1.0,5.0,91589,AUTOROUTE A6,M,"48,6802070","2,3324330",91,2019,110.0,1.0,2.0,1.0,2164798,1.0,1,1,1,0.0,,0.0,0,1971.0,C01,138Â 287Â 862,1.0,8.0,-1.0,1652806,2.0,7,,0.0,2.0,8.0,A01,138Â 287Â 861,1.0
968461,201900009992,2,11,09:40,1,1,1,1.0,5.0,91589,AUTOROUTE A6,M,"48,6802070","2,3324330",91,2019,110.0,1.0,2.0,1.0,2164798,1.0,1,1,1,0.0,,0.0,0,1971.0,C01,138Â 287Â 862,1.0,8.0,-1.0,1652807,2.0,7,,0.0,2.0,3.0,C01,138Â 287Â 862,1.0
968461,201900009992,2,11,09:40,1,1,1,1.0,5.0,91589,AUTOROUTE A6,M,"48,6802070","2,3324330",91,2019,110.0,1.0,2.0,1.0,2164798,1.0,1,1,1,0.0,,0.0,0,1971.0,C01,138Â 287Â 862,1.0,8.0,-1.0,1652808,2.0,7,,0.0,2.0,4.0,D01,138Â 287Â 863,1.0
968461,201900009992,2,11,09:40,1,1,1,1.0,5.0,91589,AUTOROUTE A6,M,"48,6802070","2,3324330",91,2019,110.0,1.0,2.0,1.0,2164798,1.0,1,1,1,0.0,,0.0,0,1971.0,C01,138Â 287Â 862,1.0,8.0,-1.0,1652809,2.0,33,,0.0,2.0,2.0,B01,138Â 287Â 864,1.0
968461,201900009992,2,11,09:40,1,1,1,1.0,5.0,91589,AUTOROUTE A6,M,"48,6802070","2,3324330",91,2019,110.0,1.0,2.0,1.0,2164799,1.0,1,1,1,0.0,,0.0,0,1973.0,D01,138Â 287Â 863,1.0,0.0,-1.0,1652806,2.0,7,,0.0,2.0,8.0,A01,138Â 287Â 861,1.0
968461,201900009992,2,11,09:40,1,1,1,1.0,5.0,91589,AUTOROUTE A6,M,"48,6802070","2,3324330",91,2019,110.0,1.0,2.0,1.0,2164799,1.0,1,1,1,0.0,,0.0,0,1973.0,D01,138Â 287Â 863,1.0,0.0,-1.0,1652807,2.0,7,,0.0,2.0,3.0,C01,138Â 287Â 862,1.0
968461,201900009992,2,11,09:40,1,1,1,1.0,5.0,91589,AUTOROUTE A6,M,"48,6802070","2,3324330",91,2019,110.0,1.0,2.0,1.0,2164799,1.0,1,1,1,0.0,,0.0,0,1973.0,D01,138Â 287Â 863,1.0,0.0,-1.0,1652808,2.0,7,,0.0,2.0,4.0,D01,138Â 287Â 863,1.0
968461,201900009992,2,11,09:40,1,1,1,1.0,5.0,91589,AUTOROUTE A6,M,"48,6802070","2,3324330",91,2019,110.0,1.0,2.0,1.0,2164799,1.0,1,1,1,0.0,,0.0,0,1973.0,D01,138Â 287Â 863,1.0,0.0,-1.0,1652809,2.0,33,,0.0,2.0,2.0,B01,138Â 287Â 864,1.0
968461,201900009992,2,11,09:40,1,1,1,1.0,5.0,91589,AUTOROUTE A6,M,"48,6802070","2,3324330",91,2019,110.0,1.0,2.0,1.0,2164800,1.0,1,4,1,0.0,,0.0,0,1987.0,B01,138Â 287Â 864,2.0,6.0,-1.0,1652806,2.0,7,,0.0,2.0,8.0,A01,138Â 287Â 861,1.0
968461,201900009992,2,11,09:40,1,1,1,1.0,5.0,91589,AUTOROUTE A6,M,"48,6802070","2,3324330",91,2019,110.0,1.0,2.0,1.0,2164800,1.0,1,4,1,0.0,,0.0,0,1987.0,B01,138Â 287Â 864,2.0,6.0,-1.0,1652807,2.0,7,,0.0,2.0,3.0,C01,138Â 287Â 862,1.0
968461,201900009992,2,11,09:40,1,1,1,1.0,5.0,91589,AUTOROUTE A6,M,"48,6802070","2,3324330",91,2019,110.0,1.0,2.0,1.0,2164800,1.0,1,4,1,0.0,,0.0,0,1987.0,B01,138Â 287Â 864,2.0,6.0,-1.0,1652808,2.0,7,,0.0,2.0,4.0,D01,138Â 287Â 863,1.0
968461,201900009992,2,11,09:40,1,1,1,1.0,5.0,91589,AUTOROUTE A6,M,"48,6802070","2,3324330",91,2019,110.0,1.0,2.0,1.0,2164800,1.0,1,4,1,0.0,,0.0,0,1987.0,B01,138Â 287Â 864,2.0,6.0,-1.0,1652809,2.0,33,,0.0,2.0,2.0,B01,138Â 287Â 864,1.0
968462,201900009993,2,10,15:46,1,1,1,1.0,6.0,91182,RN 104,M,"48,6362000","2,4026500",91,2019,50.0,1.0,2.0,2.0,2164801,2.0,2,4,1,0.0,,0.0,0,1991.0,A01,138Â 287Â 860,1.0,0.0,-1.0,1652810,1.0,7,,6.0,0.0,1.0,A01,138Â 287Â 860,1.0
968462,201900009993,2,10,15:46,1,1,1,1.0,6.0,91182,RN 104,M,"48,6362000","2,4026500",91,2019,50.0,1.0,2.0,2.0,2164802,1.0,1,4,2,0.0,,0.0,0,1996.0,A01,138Â 287Â 860,1.0,8.0,-1.0,1652810,1.0,7,,6.0,0.0,1.0,A01,138Â 287Â 860,1.0
968463,201900009994,2,10,14:30,1,1,1,1.0,2.0,91161,AUTOROUTE A6,M,"48,7204000","2,3110000",91,2019,110.0,1.0,1.0,1.0,2164803,1.0,1,1,1,5.0,,0.0,0,1988.0,A01,138Â 287Â 858,1.0,0.0,-1.0,1652811,1.0,7,,0.0,2.0,1.0,A01,138Â 287Â 858,1.0
968463,201900009994,2,10,14:30,1,1,1,1.0,2.0,91161,AUTOROUTE A6,M,"48,7204000","2,3110000",91,2019,110.0,1.0,1.0,1.0,2164803,1.0,1,1,1,5.0,,0.0,0,1988.0,A01,138Â 287Â 858,1.0,0.0,-1.0,1652812,1.0,7,,0.0,2.0,4.0,B01,138Â 287Â 859,1.0
968463,201900009994,2,10,14:30,1,1,1,1.0,2.0,91161,AUTOROUTE A6,M,"48,7204000","2,3110000",91,2019,110.0,1.0,1.0,1.0,2164804,1.0,1,4,1,5.0,,0.0,0,1952.0,B01,138Â 287Â 859,1.0,0.0,-1.0,1652811,1.0,7,,0.0,2.0,1.0,A01,138Â 287Â 858,1.0
968463,201900009994,2,10,14:30,1,1,1,1.0,2.0,91161,AUTOROUTE A6,M,"48,7204000","2,3110000",91,2019,110.0,1.0,1.0,1.0,2164804,1.0,1,4,1,5.0,,0.0,0,1952.0,B01,138Â 287Â 859,1.0,0.0,-1.0,1652812,1.0,7,,0.0,2.0,4.0,B01,138Â 287Â 859,1.0
968464,201900009995,2,10,05:50,3,1,1,2.0,2.0,91521,AUTOROUTE A6,M,"48,6324780","2,4055280",91,2019,110.0,1.0,2.0,1.0,2164805,1.0,1,1,1,5.0,,0.0,0,1988.0,B01,138Â 287Â 856,1.0,8.0,-1.0,1652813,1.0,7,,0.0,2.0,6.0,B01,138Â 287Â 856,1.0
968464,201900009995,2,10,05:50,3,1,1,2.0,2.0,91521,AUTOROUTE A6,M,"48,6324780","2,4055280",91,2019,110.0,1.0,2.0,1.0,2164805,1.0,1,1,1,5.0,,0.0,0,1988.0,B01,138Â 287Â 856,1.0,8.0,-1.0,1652814,1.0,7,,4.0,2.0,1.0,A01,138Â 287Â 857,1.0
968464,201900009995,2,10,05:50,3,1,1,2.0,2.0,91521,AUTOROUTE A6,M,"48,6324780","2,4055280",91,2019,110.0,1.0,2.0,1.0,2164806,1.0,1,1,1,5.0,,0.0,0,1994.0,A01,138Â 287Â 857,1.0,8.0,-1.0,1652813,1.0,7,,0.0,2.0,6.0,B01,138Â 287Â 856,1.0
968464,201900009995,2,10,05:50,3,1,1,2.0,2.0,91521,AUTOROUTE A6,M,"48,6324780","2,4055280",91,2019,110.0,1.0,2.0,1.0,2164806,1.0,1,1,1,5.0,,0.0,0,1994.0,A01,138Â 287Â 857,1.0,8.0,-1.0,1652814,1.0,7,,4.0,2.0,1.0,A01,138Â 287Â 857,1.0
968464,201900009995,2,10,05:50,3,1,1,2.0,2.0,91521,AUTOROUTE A6,M,"48,6324780","2,4055280",91,2019,110.0,1.0,2.0,1.0,2164807,2.0,2,4,1,5.0,,0.0,0,1992.0,A01,138Â 287Â 857,1.0,8.0,-1.0,1652813,1.0,7,,0.0,2.0,6.0,B01,138Â 287Â 856,1.0
968464,201900009995,2,10,05:50,3,1,1,2.0,2.0,91521,AUTOROUTE A6,M,"48,6324780","2,4055280",91,2019,110.0,1.0,2.0,1.0,2164807,2.0,2,4,1,5.0,,0.0,0,1992.0,A01,138Â 287Â 857,1.0,8.0,-1.0,1652814,1.0,7,,4.0,2.0,1.0,A01,138Â 287Â 857,1.0
968465,201900009996,2,9,19:20,5,1,1,1.0,7.0,94034,AUTOROUTE A86,M,"48,7584000","2,3382300",94,2019,70.0,1.0,1.0,1.0,2164808,1.0,1,4,1,5.0,,-1.0,0,1960.0,A01,138Â 287Â 855,2.0,6.0,-1.0,1652815,2.0,33,,0.0,2.0,0.0,A01,138Â 287Â 855,1.0
968466,201900009997,2,9,12:35,1,1,1,1.0,2.0,92019,RN 385 ExtÃ¨rieure,M,"48,7598321","2,2759088",92,2019,90.0,1.0,1.0,2.0,2164809,1.0,1,1,1,0.0,,-1.0,0,1979.0,A01,138Â 287Â 853,1.0,0.0,-1.0,1652816,2.0,7,,0.0,2.0,1.0,A01,138Â 287Â 853,1.0
968466,201900009997,2,9,12:35,1,1,1,1.0,2.0,92019,RN 385 ExtÃ¨rieure,M,"48,7598321","2,2759088",92,2019,90.0,1.0,1.0,2.0,2164809,1.0,1,1,1,0.0,,-1.0,0,1979.0,A01,138Â 287Â 853,1.0,0.0,-1.0,1652817,2.0,7,,0.0,2.0,4.0,B01,138Â 287Â 854,1.0
968466,201900009997,2,9,12:35,1,1,1,1.0,2.0,92019,RN 385 ExtÃ¨rieure,M,"48,7598321","2,2759088",92,2019,90.0,1.0,1.0,2.0,2164810,1.0,1,1,1,9.0,,-1.0,0,1969.0,B01,138Â 287Â 854,1.0,0.0,-1.0,1652816,2.0,7,,0.0,2.0,1.0,A01,138Â 287Â 853,1.0
968466,201900009997,2,9,12:35,1,1,1,1.0,2.0,92019,RN 385 ExtÃ¨rieure,M,"48,7598321","2,2759088",92,2019,90.0,1.0,1.0,2.0,2164810,1.0,1,1,1,9.0,,-1.0,0,1969.0,B01,138Â 287Â 854,1.0,0.0,-1.0,1652817,2.0,7,,0.0,2.0,4.0,B01,138Â 287Â 854,1.0
968466,201900009997,2,9,12:35,1,1,1,1.0,2.0,92019,RN 385 ExtÃ¨rieure,M,"48,7598321","2,2759088",92,2019,90.0,1.0,1.0,2.0,2164811,2.0,2,4,1,0.0,,-1.0,0,1997.0,B01,138Â 287Â 854,1.0,0.0,-1.0,1652816,2.0,7,,0.0,2.0,1.0,A01,138Â 287Â 853,1.0
968466,201900009997,2,9,12:35,1,1,1,1.0,2.0,92019,RN 385 ExtÃ¨rieure,M,"48,7598321","2,2759088",92,2019,90.0,1.0,1.0,2.0,2164811,2.0,2,4,1,0.0,,-1.0,0,1997.0,B01,138Â 287Â 854,1.0,0.0,-1.0,1652817,2.0,7,,0.0,2.0,4.0,B01,138Â 287Â 854,1.0
968467,201900009998,2,9,06:15,3,1,1,1.0,2.0,91136,RN20,M,"48,7038670","2,2863020",91,2019,90.0,1.0,1.0,2.0,2164812,1.0,1,4,1,0.0,,0.0,0,1987.0,B01,138Â 287Â 851,1.0,8.0,-1.0,1652818,2.0,7,,0.0,2.0,4.0,B01,138Â 287Â 851,1.0
968467,201900009998,2,9,06:15,3,1,1,1.0,2.0,91136,RN20,M,"48,7038670","2,2863020",91,2019,90.0,1.0,1.0,2.0,2164812,1.0,1,4,1,0.0,,0.0,0,1987.0,B01,138Â 287Â 851,1.0,8.0,-1.0,1652819,2.0,7,,0.0,2.0,1.0,A01,138Â 287Â 852,1.0
968467,201900009998,2,9,06:15,3,1,1,1.0,2.0,91136,RN20,M,"48,7038670","2,2863020",91,2019,90.0,1.0,1.0,2.0,2164813,1.0,1,4,1,0.0,,0.0,0,1964.0,A01,138Â 287Â 852,1.0,0.0,-1.0,1652818,2.0,7,,0.0,2.0,4.0,B01,138Â 287Â 851,1.0
968467,201900009998,2,9,06:15,3,1,1,1.0,2.0,91136,RN20,M,"48,7038670","2,2863020",91,2019,90.0,1.0,1.0,2.0,2164813,1.0,1,4,1,0.0,,0.0,0,1964.0,A01,138Â 287Â 852,1.0,0.0,-1.0,1652819,2.0,7,,0.0,2.0,1.0,A01,138Â 287Â 852,1.0
968468,201900009999,2,9,06:55,3,1,1,8.0,5.0,91174,RN 104,M,"48,6179830","2,4570370",91,2019,90.0,1.0,2.0,2.0,2164814,1.0,1,4,2,1.0,,0.0,0,1985.0,B01,138Â 287Â 848,1.0,8.0,-1.0,1652820,1.0,7,,0.0,2.0,7.0,B01,138Â 287Â 848,0.0
968468,201900009999,2,9,06:55,3,1,1,8.0,5.0,91174,RN 104,M,"48,6179830","2,4570370",91,2019,90.0,1.0,2.0,2.0,2164814,1.0,1,4,2,1.0,,0.0,0,1985.0,B01,138Â 287Â 848,1.0,8.0,-1.0,1652821,1.0,7,,0.0,2.0,8.0,C01,138Â 287Â 849,1.0
968468,201900009999,2,9,06:55,3,1,1,8.0,5.0,91174,RN 104,M,"48,6179830","2,4570370",91,2019,90.0,1.0,2.0,2.0,2164814,1.0,1,4,2,1.0,,0.0,0,1985.0,B01,138Â 287Â 848,1.0,8.0,-1.0,1652822,1.0,7,,0.0,2.0,1.0,A01,138Â 287Â 850,1.0
968468,201900009999,2,9,06:55,3,1,1,8.0,5.0,91174,RN 104,M,"48,6179830","2,4570370",91,2019,90.0,1.0,2.0,2.0,2164815,1.0,1,1,2,1.0,,0.0,0,1977.0,C01,138Â 287Â 849,1.0,8.0,-1.0,1652820,1.0,7,,0.0,2.0,7.0,B01,138Â 287Â 848,0.0
968468,201900009999,2,9,06:55,3,1,1,8.0,5.0,91174,RN 104,M,"48,6179830","2,4570370",91,2019,90.0,1.0,2.0,2.0,2164815,1.0,1,1,2,1.0,,0.0,0,1977.0,C01,138Â 287Â 849,1.0,8.0,-1.0,1652821,1.0,7,,0.0,2.0,8.0,C01,138Â 287Â 849,1.0
968468,201900009999,2,9,06:55,3,1,1,8.0,5.0,91174,RN 104,M,"48,6179830","2,4570370",91,2019,90.0,1.0,2.0,2.0,2164815,1.0,1,1,2,1.0,,0.0,0,1977.0,C01,138Â 287Â 849,1.0,8.0,-1.0,1652822,1.0,7,,0.0,2.0,1.0,A01,138Â 287Â 850,1.0
968468,201900009999,2,9,06:55,3,1,1,8.0,5.0,91174,RN 104,M,"48,6179830","2,4570370",91,2019,90.0,1.0,2.0,2.0,2164816,1.0,1,1,1,4.0,,0.0,0,1979.0,A01,138Â 287Â 850,1.0,8.0,-1.0,1652820,1.0,7,,0.0,2.0,7.0,B01,138Â 287Â 848,0.0
968468,201900009999,2,9,06:55,3,1,1,8.0,5.0,91174,RN 104,M,"48,6179830","2,4570370",91,2019,90.0,1.0,2.0,2.0,2164816,1.0,1,1,1,4.0,,0.0,0,1979.0,A01,138Â 287Â 850,1.0,8.0,-1.0,1652821,1.0,7,,0.0,2.0,8.0,C01,138Â 287Â 849,1.0
968468,201900009999,2,9,06:55,3,1,1,8.0,5.0,91174,RN 104,M,"48,6179830","2,4570370",91,2019,90.0,1.0,2.0,2.0,2164816,1.0,1,1,1,4.0,,0.0,0,1979.0,A01,138Â 287Â 850,1.0,8.0,-1.0,1652822,1.0,7,,0.0,2.0,1.0,A01,138Â 287Â 850,1.0
968469,201900010000,2,8,13:45,1,1,1,8.0,3.0,91182,RN 104,M,"48,6252400","2,4180600",91,2019,90.0,1.0,1.0,2.0,2164817,1.0,1,1,1,4.0,,0.0,0,1974.0,A01,138Â 287Â 846,1.0,8.0,-1.0,1652823,1.0,15,,0.0,2.0,2.0,A01,138Â 287Â 846,1.0
968469,201900010000,2,8,13:45,1,1,1,8.0,3.0,91182,RN 104,M,"48,6252400","2,4180600",91,2019,90.0,1.0,1.0,2.0,2164817,1.0,1,1,1,4.0,,0.0,0,1974.0,A01,138Â 287Â 846,1.0,8.0,-1.0,1652824,1.0,7,,4.0,2.0,6.0,B01,138Â 287Â 847,1.0
968469,201900010000,2,8,13:45,1,1,1,8.0,3.0,91182,RN 104,M,"48,6252400","2,4180600",91,2019,90.0,1.0,1.0,2.0,2164818,3.0,2,1,2,0.0,,0.0,0,2018.0,B01,138Â 287Â 847,3.0,8.0,-1.0,1652823,1.0,15,,0.0,2.0,2.0,A01,138Â 287Â 846,1.0
968469,201900010000,2,8,13:45,1,1,1,8.0,3.0,91182,RN 104,M,"48,6252400","2,4180600",91,2019,90.0,1.0,1.0,2.0,2164818,3.0,2,1,2,0.0,,0.0,0,2018.0,B01,138Â 287Â 847,3.0,8.0,-1.0,1652824,1.0,7,,4.0,2.0,6.0,B01,138Â 287Â 847,1.0
968469,201900010000,2,8,13:45,1,1,1,8.0,3.0,91182,RN 104,M,"48,6252400","2,4180600",91,2019,90.0,1.0,1.0,2.0,2164819,1.0,1,1,1,5.0,,0.0,0,1997.0,B01,138Â 287Â 847,1.0,8.0,-1.0,1652823,1.0,15,,0.0,2.0,2.0,A01,138Â 287Â 846,1.0
968469,201900010000,2,8,13:45,1,1,1,8.0,3.0,91182,RN 104,M,"48,6252400","2,4180600",91,2019,90.0,1.0,1.0,2.0,2164819,1.0,1,1,1,5.0,,0.0,0,1997.0,B01,138Â 287Â 847,1.0,8.0,-1.0,1652824,1.0,7,,4.0,2.0,6.0,B01,138Â 287Â 847,1.0
968469,201900010000,2,8,13:45,1,1,1,8.0,3.0,91182,RN 104,M,"48,6252400","2,4180600",91,2019,90.0,1.0,1.0,2.0,2164820,2.0,2,4,2,5.0,,0.0,0,1995.0,B01,138Â 287Â 847,1.0,8.0,-1.0,1652823,1.0,15,,0.0,2.0,2.0,A01,138Â 287Â 846,1.0
968469,201900010000,2,8,13:45,1,1,1,8.0,3.0,91182,RN 104,M,"48,6252400","2,4180600",91,2019,90.0,1.0,1.0,2.0,2164820,2.0,2,4,2,5.0,,0.0,0,1995.0,B01,138Â 287Â 847,1.0,8.0,-1.0,1652824,1.0,7,,4.0,2.0,6.0,B01,138Â 287Â 847,1.0
968469,201900010000,2,8,13:45,1,1,1,8.0,3.0,91182,RN 104,M,"48,6252400","2,4180600",91,2019,90.0,1.0,1.0,2.0,2164821,4.0,2,1,1,5.0,,0.0,0,2014.0,B01,138Â 287Â 847,3.0,8.0,-1.0,1652823,1.0,15,,0.0,2.0,2.0,A01,138Â 287Â 846,1.0
968469,201900010000,2,8,13:45,1,1,1,8.0,3.0,91182,RN 104,M,"48,6252400","2,4180600",91,2019,90.0,1.0,1.0,2.0,2164821,4.0,2,1,1,5.0,,0.0,0,2014.0,B01,138Â 287Â 847,3.0,8.0,-1.0,1652824,1.0,7,,4.0,2.0,6.0,B01,138Â 287Â 847,1.0
968470,201900010001,2,6,22:50,3,1,9,2.0,6.0,91549,RN 104,M,"48,6266100","2,3451200",91,2019,110.0,1.0,2.0,2.0,2164822,1.0,1,4,1,4.0,,-1.0, -1,1970.0,A01,138Â 287Â 845,1.0,0.0,-1.0,1652825,1.0,15,,3.0,0.0,8.0,A01,138Â 287Â 845,1.0
968471,201900010002,2,6,10:00,1,1,1,1.0,2.0,91377,AUTOROUTE A10,M,"48,7187300","2,2927400",91,2019,90.0,1.0,1.0,1.0,2164823,1.0,1,4,1,0.0,,0.0,0,1975.0,B01,138Â 287Â 843,1.0,0.0,-1.0,1652826,2.0,7,,0.0,2.0,4.0,B01,138Â 287Â 843,1.0
968471,201900010002,2,6,10:00,1,1,1,1.0,2.0,91377,AUTOROUTE A10,M,"48,7187300","2,2927400",91,2019,90.0,1.0,1.0,1.0,2164823,1.0,1,4,1,0.0,,0.0,0,1975.0,B01,138Â 287Â 843,1.0,0.0,-1.0,1652827,2.0,7,,0.0,2.0,1.0,A01,138Â 287Â 844,1.0
968471,201900010002,2,6,10:00,1,1,1,1.0,2.0,91377,AUTOROUTE A10,M,"48,7187300","2,2927400",91,2019,90.0,1.0,1.0,1.0,2164824,1.0,1,4,2,2.0,,0.0,0,1996.0,A01,138Â 287Â 844,1.0,8.0,-1.0,1652826,2.0,7,,0.0,2.0,4.0,B01,138Â 287Â 843,1.0
968471,201900010002,2,6,10:00,1,1,1,1.0,2.0,91377,AUTOROUTE A10,M,"48,7187300","2,2927400",91,2019,90.0,1.0,1.0,1.0,2164824,1.0,1,4,2,2.0,,0.0,0,1996.0,A01,138Â 287Â 844,1.0,8.0,-1.0,1652827,2.0,7,,0.0,2.0,1.0,A01,138Â 287Â 844,1.0
968472,201900010003,2,6,06:45,3,1,1,1.0,3.0,91179,AUTOROUTE A6,M,"48,5615000","2,4830300",91,2019,110.0,1.0,2.0,1.0,2164825,1.0,1,1,2,1.0,,0.0,0,1994.0,A01,138Â 287Â 841,1.0,8.0,-1.0,1652828,2.0,7,,0.0,2.0,8.0,A01,138Â 287Â 841,1.0
968472,201900010003,2,6,06:45,3,1,1,1.0,3.0,91179,AUTOROUTE A6,M,"48,5615000","2,4830300",91,2019,110.0,1.0,2.0,1.0,2164825,1.0,1,1,2,1.0,,0.0,0,1994.0,A01,138Â 287Â 841,1.0,8.0,-1.0,1652829,2.0,7,,0.0,2.0,7.0,B01,138Â 287Â 842,1.0
968472,201900010003,2,6,06:45,3,1,1,1.0,3.0,91179,AUTOROUTE A6,M,"48,5615000","2,4830300",91,2019,110.0,1.0,2.0,1.0,2164826,1.0,1,4,1,1.0,,0.0,0,1967.0,B01,138Â 287Â 842,1.0,8.0,-1.0,1652828,2.0,7,,0.0,2.0,8.0,A01,138Â 287Â 841,1.0
968472,201900010003,2,6,06:45,3,1,1,1.0,3.0,91179,AUTOROUTE A6,M,"48,5615000","2,4830300",91,2019,110.0,1.0,2.0,1.0,2164826,1.0,1,4,1,1.0,,0.0,0,1967.0,B01,138Â 287Â 842,1.0,8.0,-1.0,1652829,2.0,7,,0.0,2.0,7.0,B01,138Â 287Â 842,1.0
968473,201900010004,2,12,13:20,1,1,1,1.0,2.0,92036,A86,M,"48,9346949","2,2688270",92,2019,90.0,1.0,1.0,1.0,2164827,4.0,2,4,1,0.0,,-1.0,0,2015.0,A01,138Â 287Â 839,1.0,0.0,-1.0,1652830,1.0,7,,0.0,2.0,3.0,A01,138Â 287Â 839,1.0
968473,201900010004,2,12,13:20,1,1,1,1.0,2.0,92036,A86,M,"48,9346949","2,2688270",92,2019,90.0,1.0,1.0,1.0,2164827,4.0,2,4,1,0.0,,-1.0,0,2015.0,A01,138Â 287Â 839,1.0,0.0,-1.0,1652831,1.0,7,,0.0,2.0,5.0,B01,138Â 287Â 840,1.0
968473,201900010004,2,12,13:20,1,1,1,1.0,2.0,92036,A86,M,"48,9346949","2,2688270",92,2019,90.0,1.0,1.0,1.0,2164828,1.0,1,4,1,1.0,,-1.0,0,1975.0,A01,138Â 287Â 839,1.0,0.0,-1.0,1652830,1.0,7,,0.0,2.0,3.0,A01,138Â 287Â 839,1.0
968473,201900010004,2,12,13:20,1,1,1,1.0,2.0,92036,A86,M,"48,9346949","2,2688270",92,2019,90.0,1.0,1.0,1.0,2164828,1.0,1,4,1,1.0,,-1.0,0,1975.0,A01,138Â 287Â 839,1.0,0.0,-1.0,1652831,1.0,7,,0.0,2.0,5.0,B01,138Â 287Â 840,1.0
968473,201900010004,2,12,13:20,1,1,1,1.0,2.0,92036,A86,M,"48,9346949","2,2688270",92,2019,90.0,1.0,1.0,1.0,2164829,1.0,1,4,1,0.0,,-1.0,0,1996.0,B01,138Â 287Â 840,1.0,0.0,-1.0,1652830,1.0,7,,0.0,2.0,3.0,A01,138Â 287Â 839,1.0
968473,201900010004,2,12,13:20,1,1,1,1.0,2.0,92036,A86,M,"48,9346949","2,2688270",92,2019,90.0,1.0,1.0,1.0,2164829,1.0,1,4,1,0.0,,-1.0,0,1996.0,B01,138Â 287Â 840,1.0,0.0,-1.0,1652831,1.0,7,,0.0,2.0,5.0,B01,138Â 287Â 840,1.0
968474,201900010005,2,8,20:50,3,1,1,3.0,1.0,78217,A13,M,"48,9653000","1,8143000",78,2019,130.0,1.0,2.0,1.0,2164830,1.0,1,1,1,0.0,,-1.0, -1,1984.0,A01,138Â 287Â 837,1.0,4.0,-1.0,1652832,2.0,10,,0.0,6.0,2.0,A01,138Â 287Â 837,1.0
968474,201900010005,2,8,20:50,3,1,1,3.0,1.0,78217,A13,M,"48,9653000","1,8143000",78,2019,130.0,1.0,2.0,1.0,2164830,1.0,1,1,1,0.0,,-1.0, -1,1984.0,A01,138Â 287Â 837,1.0,4.0,-1.0,1652833,2.0,7,,0.0,6.0,1.0,B01,138Â 287Â 838,1.0
968474,201900010005,2,8,20:50,3,1,1,3.0,1.0,78217,A13,M,"48,9653000","1,8143000",78,2019,130.0,1.0,2.0,1.0,2164831,2.0,2,1,2,0.0,,-1.0,0,1990.0,A01,138Â 287Â 837,1.0,0.0,-1.0,1652832,2.0,10,,0.0,6.0,2.0,A01,138Â 287Â 837,1.0
968474,201900010005,2,8,20:50,3,1,1,3.0,1.0,78217,A13,M,"48,9653000","1,8143000",78,2019,130.0,1.0,2.0,1.0,2164831,2.0,2,1,2,0.0,,-1.0,0,1990.0,A01,138Â 287Â 837,1.0,0.0,-1.0,1652833,2.0,7,,0.0,6.0,1.0,B01,138Â 287Â 838,1.0
968474,201900010005,2,8,20:50,3,1,1,3.0,1.0,78217,A13,M,"48,9653000","1,8143000",78,2019,130.0,1.0,2.0,1.0,2164832,3.0,2,1,2,0.0,,-1.0, -1,1996.0,A01,138Â 287Â 837,1.0,0.0,-1.0,1652832,2.0,10,,0.0,6.0,2.0,A01,138Â 287Â 837,1.0
968474,201900010005,2,8,20:50,3,1,1,3.0,1.0,78217,A13,M,"48,9653000","1,8143000",78,2019,130.0,1.0,2.0,1.0,2164832,3.0,2,1,2,0.0,,-1.0, -1,1996.0,A01,138Â 287Â 837,1.0,0.0,-1.0,1652833,2.0,7,,0.0,6.0,1.0,B01,138Â 287Â 838,1.0
968474,201900010005,2,8,20:50,3,1,1,3.0,1.0,78217,A13,M,"48,9653000","1,8143000",78,2019,130.0,1.0,2.0,1.0,2164833,4.0,2,1,2,0.0,,-1.0, -1,1996.0,A01,138Â 287Â 837,1.0,0.0,-1.0,1652832,2.0,10,,0.0,6.0,2.0,A01,138Â 287Â 837,1.0
968474,201900010005,2,8,20:50,3,1,1,3.0,1.0,78217,A13,M,"48,9653000","1,8143000",78,2019,130.0,1.0,2.0,1.0,2164833,4.0,2,1,2,0.0,,-1.0, -1,1996.0,A01,138Â 287Â 837,1.0,0.0,-1.0,1652833,2.0,7,,0.0,6.0,1.0,B01,138Â 287Â 838,1.0