Unnamed: 0_x,num_acc,mois,jour,hrmn,lum,agg,int,atm,col,com,adr,gps,lat,long,dep,annee,vma,situ,surf,catr,Unnamed: 0_y,place,catu,grav,sexe,trajet,secu,locp,actp,an_nais,num_veh_x,id_vehicule_x,secu1,secu2,secu3,Unnamed: 0,senc,catv,occutc,obs,obsm,choc,num_veh_y,id_vehicule_y,motor
968474,201900010005,2,8,20:50,3,1,1,3.0,1.0,78217,A13,M,"48,9653000","1,8143000",78,2019,130.0,1.0,2.0,1.0,2164834,1.0,1,4,2,1.0,,-1.0,0,1992.0,B01,138Â 287Â 838,1.0,0.0,-1.0,1652832,2.0,10,,0.0,6.0,2.0,A01,138Â 287Â 837,1.0
968474,201900010005,2,8,20:50,3,1,1,3.0,1.0,78217,A13,M,"48,9653000","1,8143000",78,2019,130.0,1.0,2.0,1.0,2164834,1.0,1,4,2,1.0,,-1.0,0,1992.0,B01,138Â 287Â 838,1.0,0.0,-1.0,1652833,2.0,7,,0.0,6.0,1.0,B01,138Â 287Â 838,1.0
968475,201900010006,2,7,17:05,1,1,1,1.0,2.0,78073,A12 Y,M,"48,8015900","2,0467960",78,2019,110.0,1.0,1.0,1.0,2164835,1.0,1,4,2,1.0,,-1.0,0,1956.0,B01,138Â 287Â 835,1.0,8.0,-1.0,1652834,1.0,7,,0.0,2.0,6.0,B01,138Â 287Â 835,1.0
968475,201900010006,2,7,17:05,1,1,1,1.0,2.0,78073,A12 Y,M,"48,8015900","2,0467960",78,2019,110.0,1.0,1.0,1.0,2164835,1.0,1,4,2,1.0,,-1.0,0,1956.0,B01,138Â 287Â 835,1.0,8.0,-1.0,1652835,1.0,17,,0.0,2.0,2.0,A01,138Â 287Â 836,1.0
968475,201900010006,2,7,17:05,1,1,1,1.0,2.0,78073,A12 Y,M,"48,8015900","2,0467960",78,2019,110.0,1.0,1.0,1.0,2164836,1.0,1,1,1,4.0,,-1.0, -1,1978.0,A01,138Â 287Â 836,1.0,8.0,-1.0,1652834,1.0,7,,0.0,2.0,6.0,B01,138Â 287Â 835,1.0
968475,201900010006,2,7,17:05,1,1,1,1.0,2.0,78073,A12 Y,M,"48,8015900","2,0467960",78,2019,110.0,1.0,1.0,1.0,2164836,1.0,1,1,1,4.0,,-1.0, -1,1978.0,A01,138Â 287Â 836,1.0,8.0,-1.0,1652835,1.0,17,,0.0,2.0,2.0,A01,138Â 287Â 836,1.0
968476,201900010007,2,7,12:00,1,1,1,1.0,4.0,92048,N118,M,"48,8078409","2,2121143",92,2019,90.0,1.0,1.0,3.0,2164837,1.0,1,4,1,0.0,,-1.0,0,1979.0,B01,138Â 287Â 831,1.0,0.0,-1.0,1652836,2.0,7,,0.0,2.0,4.0,B01,138Â 287Â 831,1.0
968476,201900010007,2,7,12:00,1,1,1,1.0,4.0,92048,N118,M,"48,8078409","2,2121143",92,2019,90.0,1.0,1.0,3.0,2164837,1.0,1,4,1,0.0,,-1.0,0,1979.0,B01,138Â 287Â 831,1.0,0.0,-1.0,1652837,2.0,7,,0.0,2.0,4.0,D01,138Â 287Â 832,1.0
968476,201900010007,2,7,12:00,1,1,1,1.0,4.0,92048,N118,M,"48,8078409","2,2121143",92,2019,90.0,1.0,1.0,3.0,2164837,1.0,1,4,1,0.0,,-1.0,0,1979.0,B01,138Â 287Â 831,1.0,0.0,-1.0,1652838,2.0,7,,0.0,2.0,4.0,C01,138Â 287Â 833,1.0
968476,201900010007,2,7,12:00,1,1,1,1.0,4.0,92048,N118,M,"48,8078409","2,2121143",92,2019,90.0,1.0,1.0,3.0,2164837,1.0,1,4,1,0.0,,-1.0,0,1979.0,B01,138Â 287Â 831,1.0,0.0,-1.0,1652839,2.0,7,,0.0,2.0,1.0,A01,138Â 287Â 834,1.0
968476,201900010007,2,7,12:00,1,1,1,1.0,4.0,92048,N118,M,"48,8078409","2,2121143",92,2019,90.0,1.0,1.0,3.0,2164838,2.0,2,4,1,0.0,,-1.0,0,1993.0,B01,138Â 287Â 831,1.0,0.0,-1.0,1652836,2.0,7,,0.0,2.0,4.0,B01,138Â 287Â 831,1.0
968476,201900010007,2,7,12:00,1,1,1,1.0,4.0,92048,N118,M,"48,8078409","2,2121143",92,2019,90.0,1.0,1.0,3.0,2164838,2.0,2,4,1,0.0,,-1.0,0,1993.0,B01,138Â 287Â 831,1.0,0.0,-1.0,1652837,2.0,7,,0.0,2.0,4.0,D01,138Â 287Â 832,1.0
968476,201900010007,2,7,12:00,1,1,1,1.0,4.0,92048,N118,M,"48,8078409","2,2121143",92,2019,90.0,1.0,1.0,3.0,2164838,2.0,2,4,1,0.0,,-1.0,0,1993.0,B01,138Â 287Â 831,1.0,0.0,-1.0,1652838,2.0,7,,0.0,2.0,4.0,C01,138Â 287Â 833,1.0
968476,201900010007,2,7,12:00,1,1,1,1.0,4.0,92048,N118,M,"48,8078409","2,2121143",92,2019,90.0,1.0,1.0,3.0,2164838,2.0,2,4,1,0.0,,-1.0,0,1993.0,B01,138Â 287Â 831,1.0,0.0,-1.0,1652839,2.0,7,,0.0,2.0,1.0,A01,138Â 287Â 834,1.0
968476,201900010007,2,7,12:00,1,1,1,1.0,4.0,92048,N118,M,"48,8078409","2,2121143",92,2019,90.0,1.0,1.0,3.0,2164839,1.0,1,1,2,1.0,,-1.0,0,1976.0,D01,138Â 287Â 832,1.0,0.0,-1.0,1652836,2.0,7,,0.0,2.0,4.0,B01,138Â 287Â 831,1.0
968476,201900010007,2,7,12:00,1,1,1,1.0,4.0,92048,N118,M,"48,8078409","2,2121143",92,2019,90.0,1.0,1.0,3.0,2164839,1.0,1,1,2,1.0,,-1.0,0,1976.0,D01,138Â 287Â 832,1.0,0.0,-1.0,1652837,2.0,7,,0.0,2.0,4.0,D01,138Â 287Â 832,1.0
968476,201900010007,2,7,12:00,1,1,1,1.0,4.0,92048,N118,M,"48,8078409","2,2121143",92,2019,90.0,1.0,1.0,3.0,2164839,1.0,1,1,2,1.0,,-1.0,0,1976.0,D01,138Â 287Â 832,1.0,0.0,-1.0,1652838,2.0,7,,0.0,2.0,4.0,C01,138Â 287Â 833,1.0
968476,201900010007,2,7,12:00,1,1,1,1.0,4.0,92048,N118,M,"48,8078409","2,2121143",92,2019,90.0,1.0,1.0,3.0,2164839,1.0,1,1,2,1.0,,-1.0,0,1976.0,D01,138Â 287Â 832,1.0,0.0,-1.0,1652839,2.0,7,,0.0,2.0,1.0,A01,138Â 287Â 834,1.0
968476,201900010007,2,7,12:00,1,1,1,1.0,4.0,92048,N118,M,"48,8078409","2,2121143",92,2019,90.0,1.0,1.0,3.0,2164840,1.0,1,1,2,5.0,,-1.0,0,1960.0,C01,138Â 287Â 833,1.0,0.0,-1.0,1652836,2.0,7,,0.0,2.0,4.0,B01,138Â 287Â 831,1.0
968476,201900010007,2,7,12:00,1,1,1,1.0,4.0,92048,N118,M,"48,8078409","2,2121143",92,2019,90.0,1.0,1.0,3.0,2164840,1.0,1,1,2,5.0,,-1.0,0,1960.0,C01,138Â 287Â 833,1.0,0.0,-1.0,1652837,2.0,7,,0.0,2.0,4.0,D01,138Â 287Â 832,1.0
968476,201900010007,2,7,12:00,1,1,1,1.0,4.0,92048,N118,M,"48,8078409","2,2121143",92,2019,90.0,1.0,1.0,3.0,2164840,1.0,1,1,2,5.0,,-1.0,0,1960.0,C01,138Â 287Â 833,1.0,0.0,-1.0,1652838,2.0,7,,0.0,2.0,4.0,C01,138Â 287Â 833,1.0
968476,201900010007,2,7,12:00,1,1,1,1.0,4.0,92048,N118,M,"48,8078409","2,2121143",92,2019,90.0,1.0,1.0,3.0,2164840,1.0,1,1,2,5.0,,-1.0,0,1960.0,C01,138Â 287Â 833,1.0,0.0,-1.0,1652839,2.0,7,,0.0,2.0,1.0,A01,138Â 287Â 834,1.0
968476,201900010007,2,7,12:00,1,1,1,1.0,4.0,92048,N118,M,"48,8078409","2,2121143",92,2019,90.0,1.0,1.0,3.0,2164841,1.0,1,1,1,0.0,,-1.0,0,1945.0,A01,138Â 287Â 834,1.0,0.0,-1.0,1652836,2.0,7,,0.0,2.0,4.0,B01,138Â 287Â 831,1.0
968476,201900010007,2,7,12:00,1,1,1,1.0,4.0,92048,N118,M,"48,8078409","2,2121143",92,2019,90.0,1.0,1.0,3.0,2164841,1.0,1,1,1,0.0,,-1.0,0,1945.0,A01,138Â 287Â 834,1.0,0.0,-1.0,1652837,2.0,7,,0.0,2.0,4.0,D01,138Â 287Â 832,1.0
968476,201900010007,2,7,12:00,1,1,1,1.0,4.0,92048,N118,M,"48,8078409","2,2121143",92,2019,90.0,1.0,1.0,3.0,2164841,1.0,1,1,1,0.0,,-1.0,0,1945.0,A01,138Â 287Â 834,1.0,0.0,-1.0,1652838,2.0,7,,0.0,2.0,4.0,C01,138Â 287Â 833,1.0
968476,201900010007,2,7,12:00,1,1,1,1.0,4.0,92048,N118,M,"48,8078409","2,2121143",92,2019,90.0,1.0,1.0,3.0,2164841,1.0,1,1,1,0.0,,-1.0,0,1945.0,A01,138Â 287Â 834,1.0,0.0,-1.0,1652839,2.0,7,,0.0,2.0,1.0,A01,138Â 287Â 834,1.0
968476,201900010007,2,7,12:00,1,1,1,1.0,4.0,92048,N118,M,"48,8078409","2,2121143",92,2019,90.0,1.0,1.0,3.0,2164842,2.0,2,1,1,0.0,,-1.0,0,1951.0,A01,138Â 287Â 834,1.0,0.0,-1.0,1652836,2.0,7,,0.0,2.0,4.0,B01,138Â 287Â 831,1.0
968476,201900010007,2,7,12:00,1,1,1,1.0,4.0,92048,N118,M,"48,8078409","2,2121143",92,2019,90.0,1.0,1.0,3.0,2164842,2.0,2,1,1,0.0,,-1.0,0,1951.0,A01,138Â 287Â 834,1.0,0.0,-1.0,1652837,2.0,7,,0.0,2.0,4.0,D01,138Â 287Â 832,1.0
968476,201900010007,2,7,12:00,1,1,1,1.0,4.0,92048,N118,M,"48,8078409","2,2121143",92,2019,90.0,1.0,1.0,3.0,2164842,2.0,2,1,1,0.0,,-1.0,0,1951.0,A01,138Â 287Â 834,1.0,0.0,-1.0,1652838,2.0,7,,0.0,2.0,4.0,C01,138Â 287Â 833,1.0
968476,201900010007,2,7,12:00,1,1,1,1.0,4.0,92048,N118,M,"48,8078409","2,2121143",92,2019,90.0,1.0,1.0,3.0,2164842,2.0,2,1,1,0.0,,-1.0,0,1951.0,A01,138Â 287Â 834,1.0,0.0,-1.0,1652839,2.0,7,,0.0,2.0,1.0,A01,138Â 287Â 834,1.0
968477,201900010008,2,7,11:35,1,1,1,1.0,6.0,78640,A86 INT,M,"48,7799450","2,1890390",78,2019,110.0,1.0,1.0,1.0,2164843,2.0,2,1,1,5.0,,-1.0,0,1936.0,A01,138Â 287Â 830,1.0,0.0,-1.0,1652840,2.0,7,,4.0,2.0,8.0,A01,138Â 287Â 830,1.0
968477,201900010008,2,7,11:35,1,1,1,1.0,6.0,78640,A86 INT,M,"48,7799450","2,1890390",78,2019,110.0,1.0,1.0,1.0,2164844,1.0,1,4,2,5.0,,-1.0,0,1953.0,A01,138Â 287Â 830,1.0,0.0,-1.0,1652840,2.0,7,,4.0,2.0,8.0,A01,138Â 287Â 830,1.0
968478,201900010009,2,7,08:20,1,1,1,1.0,3.0,78126,A13,M,"48,8362270","2,1287240",78,2019,110.0,1.0,2.0,1.0,2164845,1.0,1,4,1,1.0,,-1.0,0,1959.0,B01,138Â 287Â 828,2.0,6.0,-1.0,1652841,2.0,34,,0.0,2.0,2.0,B01,138Â 287Â 828,1.0
968478,201900010009,2,7,08:20,1,1,1,1.0,3.0,78126,A13,M,"48,8362270","2,1287240",78,2019,110.0,1.0,2.0,1.0,2164845,1.0,1,4,1,1.0,,-1.0,0,1959.0,B01,138Â 287Â 828,2.0,6.0,-1.0,1652842,2.0,7,,0.0,2.0,3.0,A01,138Â 287Â 829,1.0
968478,201900010009,2,7,08:20,1,1,1,1.0,3.0,78126,A13,M,"48,8362270","2,1287240",78,2019,110.0,1.0,2.0,1.0,2164846,1.0,1,1,2,1.0,,-1.0,0,1988.0,A01,138Â 287Â 829,1.0,0.0,-1.0,1652841,2.0,34,,0.0,2.0,2.0,B01,138Â 287Â 828,1.0
968478,201900010009,2,7,08:20,1,1,1,1.0,3.0,78126,A13,M,"48,8362270","2,1287240",78,2019,110.0,1.0,2.0,1.0,2164846,1.0,1,1,2,1.0,,-1.0,0,1988.0,A01,138Â 287Â 829,1.0,0.0,-1.0,1652842,2.0,7,,0.0,2.0,3.0,A01,138Â 287Â 829,1.0
968479,201900010010,2,6,18:35,3,1,1,2.0,3.0,92048,N118,M,"48,7878117","2,2219668",92,2019,90.0,1.0,2.0,2.0,2164847,1.0,1,4,1,1.0,,-1.0,0,1974.0,A01,138Â 287Â 826,2.0,0.0,-1.0,1652843,2.0,33,,0.0,2.0,1.0,A01,138Â 287Â 826,6.0
968479,201900010010,2,6,18:35,3,1,1,2.0,3.0,92048,N118,M,"48,7878117","2,2219668",92,2019,90.0,1.0,2.0,2.0,2164847,1.0,1,4,1,1.0,,-1.0,0,1974.0,A01,138Â 287Â 826,2.0,0.0,-1.0,1652844,2.0,7,,0.0,2.0,3.0,B01,138Â 287Â 827,6.0
968479,201900010010,2,6,18:35,3,1,1,2.0,3.0,92048,N118,M,"48,7878117","2,2219668",92,2019,90.0,1.0,2.0,2.0,2164848,1.0,1,1,1,4.0,,-1.0,0,1989.0,B01,138Â 287Â 827,1.0,8.0,-1.0,1652843,2.0,33,,0.0,2.0,1.0,A01,138Â 287Â 826,6.0
968479,201900010010,2,6,18:35,3,1,1,2.0,3.0,92048,N118,M,"48,7878117","2,2219668",92,2019,90.0,1.0,2.0,2.0,2164848,1.0,1,1,1,4.0,,-1.0,0,1989.0,B01,138Â 287Â 827,1.0,8.0,-1.0,1652844,2.0,7,,0.0,2.0,3.0,B01,138Â 287Â 827,6.0
968480,201900010011,2,11,13:50,1,1,1,1.0,3.0,93010,AUTOROUTE A3,M,"48,9079500","2,4730100",93,2019,110.0,1.0,1.0,1.0,2164849,1.0,1,4,1,0.0,,-1.0, -1,1993.0,B01,138Â 287Â 824,2.0,6.0,-1.0,1652845,2.0,34,,0.0,2.0,2.0,B01,138Â 287Â 824,1.0
968480,201900010011,2,11,13:50,1,1,1,1.0,3.0,93010,AUTOROUTE A3,M,"48,9079500","2,4730100",93,2019,110.0,1.0,1.0,1.0,2164849,1.0,1,4,1,0.0,,-1.0, -1,1993.0,B01,138Â 287Â 824,2.0,6.0,-1.0,1652846,2.0,10,,0.0,2.0,3.0,A01,138Â 287Â 825,1.0
968480,201900010011,2,11,13:50,1,1,1,1.0,3.0,93010,AUTOROUTE A3,M,"48,9079500","2,4730100",93,2019,110.0,1.0,1.0,1.0,2164850,1.0,1,1,1,0.0,,-1.0, -1,1977.0,A01,138Â 287Â 825,1.0,0.0,-1.0,1652845,2.0,34,,0.0,2.0,2.0,B01,138Â 287Â 824,1.0
968480,201900010011,2,11,13:50,1,1,1,1.0,3.0,93010,AUTOROUTE A3,M,"48,9079500","2,4730100",93,2019,110.0,1.0,1.0,1.0,2164850,1.0,1,1,1,0.0,,-1.0, -1,1977.0,A01,138Â 287Â 825,1.0,0.0,-1.0,1652846,2.0,10,,0.0,2.0,3.0,A01,138Â 287Â 825,1.0
968481,201900010012,2,11,09:10,1,1,1,1.0,2.0,93007,AUTOROUTE A3,M,"48,9233000","2,4804900",93,2019,110.0,1.0,8.0,1.0,2164851,1.0,1,1,2,1.0,,-1.0, -1,1954.0,B01,138Â 287Â 822,1.0,0.0,-1.0,1652847,2.0,7,,0.0,2.0,6.0,B01,138Â 287Â 822,1.0
968481,201900010012,2,11,09:10,1,1,1,1.0,2.0,93007,AUTOROUTE A3,M,"48,9233000","2,4804900",93,2019,110.0,1.0,8.0,1.0,2164851,1.0,1,1,2,1.0,,-1.0, -1,1954.0,B01,138Â 287Â 822,1.0,0.0,-1.0,1652848,2.0,33,,0.0,2.0,1.0,A01,138Â 287Â 823,1.0
968481,201900010012,2,11,09:10,1,1,1,1.0,2.0,93007,AUTOROUTE A3,M,"48,9233000","2,4804900",93,2019,110.0,1.0,8.0,1.0,2164852,1.0,1,4,1,1.0,,-1.0, -1,1984.0,A01,138Â 287Â 823,2.0,6.0,-1.0,1652847,2.0,7,,0.0,2.0,6.0,B01,138Â 287Â 822,1.0
968481,201900010012,2,11,09:10,1,1,1,1.0,2.0,93007,AUTOROUTE A3,M,"48,9233000","2,4804900",93,2019,110.0,1.0,8.0,1.0,2164852,1.0,1,4,1,1.0,,-1.0, -1,1984.0,A01,138Â 287Â 823,2.0,6.0,-1.0,1652848,2.0,33,,0.0,2.0,1.0,A01,138Â 287Â 823,1.0
968482,201900010013,2,10,14:00,1,1,1,2.0,6.0,93027,AUTOROUTE A86,M,"48,9283100","2,4121600",93,2019,70.0,1.0,2.0,1.0,2164853,1.0,1,1,2,0.0,,-1.0, -1,1993.0,A01,138Â 287Â 821,1.0,8.0,-1.0,1652849,2.0,7,,4.0,0.0,1.0,A01,138Â 287Â 821,1.0
968482,201900010013,2,10,14:00,1,1,1,2.0,6.0,93027,AUTOROUTE A86,M,"48,9283100","2,4121600",93,2019,70.0,1.0,2.0,1.0,2164854,3.0,2,4,1,0.0,,-1.0, -1,2015.0,A01,138Â 287Â 821,3.0,8.0,-1.0,1652849,2.0,7,,4.0,0.0,1.0,A01,138Â 287Â 821,1.0
968483,201900010014,2,10,17:40,1,1,1,2.0,6.0,92036,AUTOROUTE A15,M,"48,9374377","2,2940606",92,2019,50.0,1.0,2.0,1.0,2164855,1.0,1,4,2,5.0,,-1.0,0,1997.0,A01,138Â 287Â 820,1.0,8.0,-1.0,1652850,2.0,7,,4.0,0.0,3.0,A01,138Â 287Â 820,1.0
968484,201900010015,2,10,17:45,3,1,1,3.0,6.0,95028,RN 104,M,"49,0599800","2,3550500",95,2019,110.0,1.0,2.0,2.0,2164856,2.0,2,4,2,0.0,,-1.0,0,2018.0,A01,138Â 287Â 819,3.0,0.0,-1.0,1652851,1.0,7,,4.0,0.0,1.0,A01,138Â 287Â 819,1.0
968484,201900010015,2,10,17:45,3,1,1,3.0,6.0,95028,RN 104,M,"49,0599800","2,3550500",95,2019,110.0,1.0,2.0,2.0,2164857,1.0,1,4,2,0.0,,-1.0,0,1987.0,A01,138Â 287Â 819,1.0,0.0,-1.0,1652851,1.0,7,,4.0,0.0,1.0,A01,138Â 287Â 819,1.0
968485,201900010016,2,10,13:45,1,1,1,2.0,5.0,93010,AUTOROUTE A3,M,"48,8911300","2,4733600",93,2019,70.0,1.0,2.0,1.0,2164858,1.0,1,1,1,5.0,,-1.0, -1,1985.0,A01,138Â 287Â 816,1.0,0.0,-1.0,1652852,1.0,7,,0.0,2.0,3.0,A01,138Â 287Â 816,1.0
968485,201900010016,2,10,13:45,1,1,1,2.0,5.0,93010,AUTOROUTE A3,M,"48,8911300","2,4733600",93,2019,70.0,1.0,2.0,1.0,2164858,1.0,1,1,1,5.0,,-1.0, -1,1985.0,A01,138Â 287Â 816,1.0,0.0,-1.0,1652853,1.0,7,,0.0,2.0,3.0,B01,138Â 287Â 817,1.0
968485,201900010016,2,10,13:45,1,1,1,2.0,5.0,93010,AUTOROUTE A3,M,"48,8911300","2,4733600",93,2019,70.0,1.0,2.0,1.0,2164858,1.0,1,1,1,5.0,,-1.0, -1,1985.0,A01,138Â 287Â 816,1.0,0.0,-1.0,1652854,1.0,7,,0.0,2.0,5.0,C01,138Â 287Â 818,1.0
968485,201900010016,2,10,13:45,1,1,1,2.0,5.0,93010,AUTOROUTE A3,M,"48,8911300","2,4733600",93,2019,70.0,1.0,2.0,1.0,2164859,4.0,2,4,2,5.0,,-1.0, -1,2016.0,A01,138Â 287Â 816,3.0,0.0,-1.0,1652852,1.0,7,,0.0,2.0,3.0,A01,138Â 287Â 816,1.0
968485,201900010016,2,10,13:45,1,1,1,2.0,5.0,93010,AUTOROUTE A3,M,"48,8911300","2,4733600",93,2019,70.0,1.0,2.0,1.0,2164859,4.0,2,4,2,5.0,,-1.0, -1,2016.0,A01,138Â 287Â 816,3.0,0.0,-1.0,1652853,1.0,7,,0.0,2.0,3.0,B01,138Â 287Â 817,1.0
968485,201900010016,2,10,13:45,1,1,1,2.0,5.0,93010,AUTOROUTE A3,M,"48,8911300","2,4733600",93,2019,70.0,1.0,2.0,1.0,2164859,4.0,2,4,2,5.0,,-1.0, -1,2016.0,A01,138Â 287Â 816,3.0,0.0,-1.0,1652854,1.0,7,,0.0,2.0,5.0,C01,138Â 287Â 818,1.0
968485,201900010016,2,10,13:45,1,1,1,2.0,5.0,93010,AUTOROUTE A3,M,"48,8911300","2,4733600",93,2019,70.0,1.0,2.0,1.0,2164860,1.0,1,1,1,5.0,,-1.0, -1,1979.0,B01,138Â 287Â 817,1.0,0.0,-1.0,1652852,1.0,7,,0.0,2.0,3.0,A01,138Â 287Â 816,1.0
968485,201900010016,2,10,13:45,1,1,1,2.0,5.0,93010,AUTOROUTE A3,M,"48,8911300","2,4733600",93,2019,70.0,1.0,2.0,1.0,2164860,1.0,1,1,1,5.0,,-1.0, -1,1979.0,B01,138Â 287Â 817,1.0,0.0,-1.0,1652853,1.0,7,,0.0,2.0,3.0,B01,138Â 287Â 817,1.0
968485,201900010016,2,10,13:45,1,1,1,2.0,5.0,93010,AUTOROUTE A3,M,"48,8911300","2,4733600",93,2019,70.0,1.0,2.0,1.0,2164860,1.0,1,1,1,5.0,,-1.0, -1,1979.0,B01,138Â 287Â 817,1.0,0.0,-1.0,1652854,1.0,7,,0.0,2.0,5.0,C01,138Â 287Â 818,1.0
968485,201900010016,2,10,13:45,1,1,1,2.0,5.0,93010,AUTOROUTE A3,M,"48,8911300","2,4733600",93,2019,70.0,1.0,2.0,1.0,2164861,1.0,1,1,1,5.0,,-1.0, -1,1990.0,C01,138Â 287Â 818,1.0,0.0,-1.0,1652852,1.0,7,,0.0,2.0,3.0,A01,138Â 287Â 816,1.0
968485,201900010016,2,10,13:45,1,1,1,2.0,5.0,93010,AUTOROUTE A3,M,"48,8911300","2,4733600",93,2019,70.0,1.0,2.0,1.0,2164861,1.0,1,1,1,5.0,,-1.0, -1,1990.0,C01,138Â 287Â 818,1.0,0.0,-1.0,1652853,1.0,7,,0.0,2.0,3.0,B01,138Â 287Â 817,1.0
968485,201900010016,2,10,13:45,1,1,1,2.0,5.0,93010,AUTOROUTE A3,M,"48,8911300","2,4733600",93,2019,70.0,1.0,2.0,1.0,2164861,1.0,1,1,1,5.0,,-1.0, -1,1990.0,C01,138Â 287Â 818,1.0,0.0,-1.0,1652854,1.0,7,,0.0,2.0,5.0,C01,138Â 287Â 818,1.0
968486,201900010017,2,10,09:15,1,1,1,2.0,6.0,95042,RN 104,M,"49,0593400","2,3048500",95,2019,110.0,1.0,2.0,2.0,2164862,1.0,1,4,2,9.0,,-1.0,0,1995.0,A01,138Â 287Â 815,1.0,0.0,-1.0,1652855,1.0,7,,4.0,0.0,1.0,A01,138Â 287Â 815,1.0
968487,201900010018,2,10,07:15,3,1,1,2.0,4.0,93010,AUTOROUTE A3,M,"48,8889700","2,4737500",93,2019,70.0,1.0,2.0,1.0,2164863,1.0,1,1,2,5.0,,-1.0, -1,1967.0,B01,138Â 287Â 812,1.0,0.0,-1.0,1652856,2.0,7,,0.0,2.0,3.0,Z01,138Â 287Â 811,0.0
968487,201900010018,2,10,07:15,3,1,1,2.0,4.0,93010,AUTOROUTE A3,M,"48,8889700","2,4737500",93,2019,70.0,1.0,2.0,1.0,2164863,1.0,1,1,2,5.0,,-1.0, -1,1967.0,B01,138Â 287Â 812,1.0,0.0,-1.0,1652857,2.0,7,,0.0,2.0,5.0,B01,138Â 287Â 812,1.0
968487,201900010018,2,10,07:15,3,1,1,2.0,4.0,93010,AUTOROUTE A3,M,"48,8889700","2,4737500",93,2019,70.0,1.0,2.0,1.0,2164863,1.0,1,1,2,5.0,,-1.0, -1,1967.0,B01,138Â 287Â 812,1.0,0.0,-1.0,1652858,2.0,7,,0.0,2.0,4.0,C01,138Â 287Â 813,1.0
968487,201900010018,2,10,07:15,3,1,1,2.0,4.0,93010,AUTOROUTE A3,M,"48,8889700","2,4737500",93,2019,70.0,1.0,2.0,1.0,2164863,1.0,1,1,2,5.0,,-1.0, -1,1967.0,B01,138Â 287Â 812,1.0,0.0,-1.0,1652859,2.0,7,,0.0,2.0,1.0,D01,138Â 287Â 814,1.0
968487,201900010018,2,10,07:15,3,1,1,2.0,4.0,93010,AUTOROUTE A3,M,"48,8889700","2,4737500",93,2019,70.0,1.0,2.0,1.0,2164864,1.0,1,4,2,9.0,,-1.0, -1,1986.0,C01,138Â 287Â 813,1.0,0.0,-1.0,1652856,2.0,7,,0.0,2.0,3.0,Z01,138Â 287Â 811,0.0
968487,201900010018,2,10,07:15,3,1,1,2.0,4.0,93010,AUTOROUTE A3,M,"48,8889700","2,4737500",93,2019,70.0,1.0,2.0,1.0,2164864,1.0,1,4,2,9.0,,-1.0, -1,1986.0,C01,138Â 287Â 813,1.0,0.0,-1.0,1652857,2.0,7,,0.0,2.0,5.0,B01,138Â 287Â 812,1.0
968487,201900010018,2,10,07:15,3,1,1,2.0,4.0,93010,AUTOROUTE A3,M,"48,8889700","2,4737500",93,2019,70.0,1.0,2.0,1.0,2164864,1.0,1,4,2,9.0,,-1.0, -1,1986.0,C01,138Â 287Â 813,1.0,0.0,-1.0,1652858,2.0,7,,0.0,2.0,4.0,C01,138Â 287Â 813,1.0
968487,201900010018,2,10,07:15,3,1,1,2.0,4.0,93010,AUTOROUTE A3,M,"48,8889700","2,4737500",93,2019,70.0,1.0,2.0,1.0,2164864,1.0,1,4,2,9.0,,-1.0, -1,1986.0,C01,138Â 287Â 813,1.0,0.0,-1.0,1652859,2.0,7,,0.0,2.0,1.0,D01,138Â 287Â 814,1.0
968487,201900010018,2,10,07:15,3,1,1,2.0,4.0,93010,AUTOROUTE A3,M,"48,8889700","2,4737500",93,2019,70.0,1.0,2.0,1.0,2164865,1.0,1,1,1,0.0,,-1.0, -1,1984.0,D01,138Â 287Â 814,1.0,0.0,-1.0,1652856,2.0,7,,0.0,2.0,3.0,Z01,138Â 287Â 811,0.0
968487,201900010018,2,10,07:15,3,1,1,2.0,4.0,93010,AUTOROUTE A3,M,"48,8889700","2,4737500",93,2019,70.0,1.0,2.0,1.0,2164865,1.0,1,1,1,0.0,,-1.0, -1,1984.0,D01,138Â 287Â 814,1.0,0.0,-1.0,1652857,2.0,7,,0.0,2.0,5.0,B01,138Â 287Â 812,1.0
968487,201900010018,2,10,07:15,3,1,1,2.0,4.0,93010,AUTOROUTE A3,M,"48,8889700","2,4737500",93,2019,70.0,1.0,2.0,1.0,2164865,1.0,1,1,1,0.0,,-1.0, -1,1984.0,D01,138Â 287Â 814,1.0,0.0,-1.0,1652858,2.0,7,,0.0,2.0,4.0,C01,138Â 287Â 813,1.0
968487,201900010018,2,10,07:15,3,1,1,2.0,4.0,93010,AUTOROUTE A3,M,"48,8889700","2,4737500",93,2019,70.0,1.0,2.0,1.0,2164865,1.0,1,1,1,0.0,,-1.0, -1,1984.0,D01,138Â 287Â 814,1.0,0.0,-1.0,1652859,2.0,7,,0.0,2.0,1.0,D01,138Â 287Â 814,1.0
968488,201900010019,2,10,07:40,3,1,1,3.0,2.0,95488,AUTOROUTE A15,M,"49,0232100","2,1342100",95,2019,110.0,1.0,2.0,1.0,2164866,1.0,1,4,2,5.0,,-1.0,0,1965.0,A01,138Â 287Â 810,1.0,0.0,-1.0,1652860,1.0,0,,0.0,2.0,1.0,Z01,138Â 287Â 809,0.0
968488,201900010019,2,10,07:40,3,1,1,3.0,2.0,95488,AUTOROUTE A15,M,"49,0232100","2,1342100",95,2019,110.0,1.0,2.0,1.0,2164866,1.0,1,4,2,5.0,,-1.0,0,1965.0,A01,138Â 287Â 810,1.0,0.0,-1.0,1652861,1.0,7,,4.0,2.0,4.0,A01,138Â 287Â 810,1.0