Unnamed: 0_x,num_acc,mois,jour,hrmn,lum,agg,int,atm,col,com,adr,gps,lat,long,dep,annee,vma,situ,surf,catr,Unnamed: 0_y,place,catu,grav,sexe,trajet,secu,locp,actp,an_nais,num_veh_x,id_vehicule_x,secu1,secu2,secu3,Unnamed: 0,senc,catv,occutc,obs,obsm,choc,num_veh_y,id_vehicule_y,motor
968488,201900010019,2,10,07:40,3,1,1,3.0,2.0,95488,AUTOROUTE A15,M,"49,0232100","2,1342100",95,2019,110.0,1.0,2.0,1.0,2164867,2.0,2,4,2,5.0,,-1.0,0,2001.0,A01,138Â 287Â 810,1.0,0.0,-1.0,1652860,1.0,0,,0.0,2.0,1.0,Z01,138Â 287Â 809,0.0
968488,201900010019,2,10,07:40,3,1,1,3.0,2.0,95488,AUTOROUTE A15,M,"49,0232100","2,1342100",95,2019,110.0,1.0,2.0,1.0,2164867,2.0,2,4,2,5.0,,-1.0,0,2001.0,A01,138Â 287Â 810,1.0,0.0,-1.0,1652861,1.0,7,,4.0,2.0,4.0,A01,138Â 287Â 810,1.0
968489,201900010020,2,9,08:10,1,1,1,1.0,3.0,93048,AUTOROUTE A86,M,"48,8667000","2,4816400",93,2019,90.0,1.0,1.0,1.0,2164868,1.0,1,1,1,4.0,,-1.0, -1,1978.0,A01,138Â 287Â 807,1.0,8.0,-1.0,1652862,2.0,15,,0.0,2.0,2.0,A01,138Â 287Â 807,1.0
968489,201900010020,2,9,08:10,1,1,1,1.0,3.0,93048,AUTOROUTE A86,M,"48,8667000","2,4816400",93,2019,90.0,1.0,1.0,1.0,2164868,1.0,1,1,1,4.0,,-1.0, -1,1978.0,A01,138Â 287Â 807,1.0,8.0,-1.0,1652863,2.0,7,,0.0,2.0,8.0,B01,138Â 287Â 808,1.0
968489,201900010020,2,9,08:10,1,1,1,1.0,3.0,93048,AUTOROUTE A86,M,"48,8667000","2,4816400",93,2019,90.0,1.0,1.0,1.0,2164869,1.0,1,4,2,1.0,,-1.0, -1,1990.0,B01,138Â 287Â 808,1.0,8.0,-1.0,1652862,2.0,15,,0.0,2.0,2.0,A01,138Â 287Â 807,1.0
968489,201900010020,2,9,08:10,1,1,1,1.0,3.0,93048,AUTOROUTE A86,M,"48,8667000","2,4816400",93,2019,90.0,1.0,1.0,1.0,2164869,1.0,1,4,2,1.0,,-1.0, -1,1990.0,B01,138Â 287Â 808,1.0,8.0,-1.0,1652863,2.0,7,,0.0,2.0,8.0,B01,138Â 287Â 808,1.0
968490,201900010021,2,8,19:00,3,1,1,1.0,3.0,95241,RN 104,M,"49,0534800","2,4262800",95,2019,110.0,1.0,1.0,2.0,2164870,1.0,1,4,1,0.0,,-1.0,0,1995.0,B01,138Â 287Â 805,2.0,6.0,-1.0,1652864,2.0,33,,0.0,2.0,7.0,B01,138Â 287Â 805,1.0
968490,201900010021,2,8,19:00,3,1,1,1.0,3.0,95241,RN 104,M,"49,0534800","2,4262800",95,2019,110.0,1.0,1.0,2.0,2164870,1.0,1,4,1,0.0,,-1.0,0,1995.0,B01,138Â 287Â 805,2.0,6.0,-1.0,1652865,2.0,7,,0.0,2.0,6.0,A01,138Â 287Â 806,1.0
968490,201900010021,2,8,19:00,3,1,1,1.0,3.0,95241,RN 104,M,"49,0534800","2,4262800",95,2019,110.0,1.0,1.0,2.0,2164871,1.0,1,1,1,1.0,,-1.0,0,1967.0,A01,138Â 287Â 806,1.0,0.0,-1.0,1652864,2.0,33,,0.0,2.0,7.0,B01,138Â 287Â 805,1.0
968490,201900010021,2,8,19:00,3,1,1,1.0,3.0,95241,RN 104,M,"49,0534800","2,4262800",95,2019,110.0,1.0,1.0,2.0,2164871,1.0,1,1,1,1.0,,-1.0,0,1967.0,A01,138Â 287Â 806,1.0,0.0,-1.0,1652865,2.0,7,,0.0,2.0,6.0,A01,138Â 287Â 806,1.0
968491,201900010022,2,9,05:45,3,1,1,2.0,6.0,95219,AUTOROUTE A115,M,"48,9893700","2,2438300",95,2019,90.0,1.0,2.0,1.0,2164872,1.0,1,4,1,1.0,,-1.0,0,1960.0,A01,138Â 287Â 804,1.0,8.0,-1.0,1652866,2.0,7,,4.0,0.0,8.0,A01,138Â 287Â 804,1.0
968492,201900010023,2,8,15:39,1,1,1,1.0,2.0,95678,RN 184,M,"49,0643500","2,2140800",95,2019,110.0,1.0,1.0,2.0,2164873,2.0,2,4,2,0.0,,-1.0,0,1970.0,B01,138Â 287Â 802,1.0,0.0,-1.0,1652867,1.0,7,,0.0,2.0,4.0,B01,138Â 287Â 802,1.0
968492,201900010023,2,8,15:39,1,1,1,1.0,2.0,95678,RN 184,M,"49,0643500","2,2140800",95,2019,110.0,1.0,1.0,2.0,2164873,2.0,2,4,2,0.0,,-1.0,0,1970.0,B01,138Â 287Â 802,1.0,0.0,-1.0,1652868,1.0,7,,0.0,2.0,1.0,A01,138Â 287Â 803,1.0
968492,201900010023,2,8,15:39,1,1,1,1.0,2.0,95678,RN 184,M,"49,0643500","2,2140800",95,2019,110.0,1.0,1.0,2.0,2164874,1.0,1,4,1,0.0,,-1.0,0,1965.0,B01,138Â 287Â 802,1.0,0.0,-1.0,1652867,1.0,7,,0.0,2.0,4.0,B01,138Â 287Â 802,1.0
968492,201900010023,2,8,15:39,1,1,1,1.0,2.0,95678,RN 184,M,"49,0643500","2,2140800",95,2019,110.0,1.0,1.0,2.0,2164874,1.0,1,4,1,0.0,,-1.0,0,1965.0,B01,138Â 287Â 802,1.0,0.0,-1.0,1652868,1.0,7,,0.0,2.0,1.0,A01,138Â 287Â 803,1.0
968492,201900010023,2,8,15:39,1,1,1,1.0,2.0,95678,RN 184,M,"49,0643500","2,2140800",95,2019,110.0,1.0,1.0,2.0,2164875,1.0,1,1,1,0.0,,-1.0,0,1998.0,A01,138Â 287Â 803,1.0,0.0,-1.0,1652867,1.0,7,,0.0,2.0,4.0,B01,138Â 287Â 802,1.0
968492,201900010023,2,8,15:39,1,1,1,1.0,2.0,95678,RN 184,M,"49,0643500","2,2140800",95,2019,110.0,1.0,1.0,2.0,2164875,1.0,1,1,1,0.0,,-1.0,0,1998.0,A01,138Â 287Â 803,1.0,0.0,-1.0,1652868,1.0,7,,0.0,2.0,1.0,A01,138Â 287Â 803,1.0
968493,201900010024,2,8,21:00,3,1,1,1.0,6.0,93066,AUTOROUTE A1,M,"48,9281500","2,3579800",93,2019,90.0,1.0,1.0,1.0,2164876,1.0,1,4,2,9.0,,-1.0, -1,1990.0,A01,138Â 287Â 801,1.0,0.0,-1.0,1652869,1.0,7,,4.0,0.0,1.0,A01,138Â 287Â 801,1.0
968494,201900010025,2,8,14:45,1,1,1,2.0,6.0,95572,RN 184,M,"49,0329000","2,1092900",95,2019,70.0,1.0,2.0,2.0,2164877,2.0,2,4,2,0.0,,-1.0,0,1989.0,A01,138Â 287Â 800,1.0,8.0,-1.0,1652870,1.0,7,,4.0,0.0,1.0,A01,138Â 287Â 800,1.0
968494,201900010025,2,8,14:45,1,1,1,2.0,6.0,95572,RN 184,M,"49,0329000","2,1092900",95,2019,70.0,1.0,2.0,2.0,2164878,1.0,1,4,1,0.0,,-1.0,0,1987.0,A01,138Â 287Â 800,1.0,8.0,-1.0,1652870,1.0,7,,4.0,0.0,1.0,A01,138Â 287Â 800,1.0
968495,201900010026,2,7,19:45,3,1,1,1.0,2.0,95018,AUTOROUTE A15,M,"48,9540900","2,2790100",95,2019,110.0,1.0,1.0,1.0,2164879,1.0,1,1,1,0.0,,-1.0,0,1984.0,B01,138Â 287Â 798,1.0,0.0,-1.0,1652871,1.0,7,,0.0,2.0,6.0,B01,138Â 287Â 798,1.0
968495,201900010026,2,7,19:45,3,1,1,1.0,2.0,95018,AUTOROUTE A15,M,"48,9540900","2,2790100",95,2019,110.0,1.0,1.0,1.0,2164879,1.0,1,1,1,0.0,,-1.0,0,1984.0,B01,138Â 287Â 798,1.0,0.0,-1.0,1652872,1.0,34,,0.0,2.0,1.0,A01,138Â 287Â 799,1.0
968495,201900010026,2,7,19:45,3,1,1,1.0,2.0,95018,AUTOROUTE A15,M,"48,9540900","2,2790100",95,2019,110.0,1.0,1.0,1.0,2164880,1.0,1,3,1,0.0,,-1.0,0,1978.0,A01,138Â 287Â 799,2.0,0.0,-1.0,1652871,1.0,7,,0.0,2.0,6.0,B01,138Â 287Â 798,1.0
968495,201900010026,2,7,19:45,3,1,1,1.0,2.0,95018,AUTOROUTE A15,M,"48,9540900","2,2790100",95,2019,110.0,1.0,1.0,1.0,2164880,1.0,1,3,1,0.0,,-1.0,0,1978.0,A01,138Â 287Â 799,2.0,0.0,-1.0,1652872,1.0,34,,0.0,2.0,1.0,A01,138Â 287Â 799,1.0
968496,201900010027,2,7,18:00,2,1,1,1.0,4.0,93007,AUTOROUTE A3,M,"48,9330500","2,4807400",93,2019,110.0,1.0,1.0,1.0,2164881,1.0,1,1,2,0.0,,-1.0, -1,1997.0,A01,138Â 287Â 795,1.0,0.0,-1.0,1652873,2.0,7,,0.0,2.0,1.0,A01,138Â 287Â 795,1.0
968496,201900010027,2,7,18:00,2,1,1,1.0,4.0,93007,AUTOROUTE A3,M,"48,9330500","2,4807400",93,2019,110.0,1.0,1.0,1.0,2164881,1.0,1,1,2,0.0,,-1.0, -1,1997.0,A01,138Â 287Â 795,1.0,0.0,-1.0,1652874,2.0,7,,0.0,2.0,4.0,B01,138Â 287Â 796,1.0
968496,201900010027,2,7,18:00,2,1,1,1.0,4.0,93007,AUTOROUTE A3,M,"48,9330500","2,4807400",93,2019,110.0,1.0,1.0,1.0,2164881,1.0,1,1,2,0.0,,-1.0, -1,1997.0,A01,138Â 287Â 795,1.0,0.0,-1.0,1652875,2.0,7,,0.0,2.0,4.0,C01,138Â 287Â 797,1.0
968496,201900010027,2,7,18:00,2,1,1,1.0,4.0,93007,AUTOROUTE A3,M,"48,9330500","2,4807400",93,2019,110.0,1.0,1.0,1.0,2164882,1.0,1,4,2,9.0,,-1.0, -1,1982.0,B01,138Â 287Â 796,1.0,0.0,-1.0,1652873,2.0,7,,0.0,2.0,1.0,A01,138Â 287Â 795,1.0
968496,201900010027,2,7,18:00,2,1,1,1.0,4.0,93007,AUTOROUTE A3,M,"48,9330500","2,4807400",93,2019,110.0,1.0,1.0,1.0,2164882,1.0,1,4,2,9.0,,-1.0, -1,1982.0,B01,138Â 287Â 796,1.0,0.0,-1.0,1652874,2.0,7,,0.0,2.0,4.0,B01,138Â 287Â 796,1.0
968496,201900010027,2,7,18:00,2,1,1,1.0,4.0,93007,AUTOROUTE A3,M,"48,9330500","2,4807400",93,2019,110.0,1.0,1.0,1.0,2164882,1.0,1,4,2,9.0,,-1.0, -1,1982.0,B01,138Â 287Â 796,1.0,0.0,-1.0,1652875,2.0,7,,0.0,2.0,4.0,C01,138Â 287Â 797,1.0
968496,201900010027,2,7,18:00,2,1,1,1.0,4.0,93007,AUTOROUTE A3,M,"48,9330500","2,4807400",93,2019,110.0,1.0,1.0,1.0,2164883,1.0,1,1,1,0.0,,-1.0, -1,1974.0,C01,138Â 287Â 797,1.0,0.0,-1.0,1652873,2.0,7,,0.0,2.0,1.0,A01,138Â 287Â 795,1.0
968496,201900010027,2,7,18:00,2,1,1,1.0,4.0,93007,AUTOROUTE A3,M,"48,9330500","2,4807400",93,2019,110.0,1.0,1.0,1.0,2164883,1.0,1,1,1,0.0,,-1.0, -1,1974.0,C01,138Â 287Â 797,1.0,0.0,-1.0,1652874,2.0,7,,0.0,2.0,4.0,B01,138Â 287Â 796,1.0
968496,201900010027,2,7,18:00,2,1,1,1.0,4.0,93007,AUTOROUTE A3,M,"48,9330500","2,4807400",93,2019,110.0,1.0,1.0,1.0,2164883,1.0,1,1,1,0.0,,-1.0, -1,1974.0,C01,138Â 287Â 797,1.0,0.0,-1.0,1652875,2.0,7,,0.0,2.0,4.0,C01,138Â 287Â 797,1.0
968497,201900010028,2,7,17:14,1,1,1,1.0,3.0,95488,AUTOROUTE A15,M,"49,0253100","2,1315100",95,2019,110.0,1.0,1.0,1.0,2164884,1.0,1,4,2,0.0,,-1.0,0,1986.0,B01,138Â 287Â 793,1.0,8.0,-1.0,1652876,2.0,7,,0.0,2.0,8.0,B01,138Â 287Â 793,1.0
968497,201900010028,2,7,17:14,1,1,1,1.0,3.0,95488,AUTOROUTE A15,M,"49,0253100","2,1315100",95,2019,110.0,1.0,1.0,1.0,2164884,1.0,1,4,2,0.0,,-1.0,0,1986.0,B01,138Â 287Â 793,1.0,8.0,-1.0,1652877,2.0,15,,0.0,2.0,2.0,A01,138Â 287Â 794,1.0
968497,201900010028,2,7,17:14,1,1,1,1.0,3.0,95488,AUTOROUTE A15,M,"49,0253100","2,1315100",95,2019,110.0,1.0,1.0,1.0,2164885,1.0,1,1,1,4.0,,-1.0,0,1961.0,A01,138Â 287Â 794,1.0,8.0,-1.0,1652876,2.0,7,,0.0,2.0,8.0,B01,138Â 287Â 793,1.0
968497,201900010028,2,7,17:14,1,1,1,1.0,3.0,95488,AUTOROUTE A15,M,"49,0253100","2,1315100",95,2019,110.0,1.0,1.0,1.0,2164885,1.0,1,1,1,4.0,,-1.0,0,1961.0,A01,138Â 287Â 794,1.0,8.0,-1.0,1652877,2.0,15,,0.0,2.0,2.0,A01,138Â 287Â 794,1.0
968498,201900010029,2,7,10:30,1,1,1,1.0,4.0,93078,AUTOROUTE A104,M,"48,9708900","2,4998500",93,2019,90.0,1.0,1.0,1.0,2164886,1.0,1,1,1,0.0,,-1.0, -1,1979.0,B01,138Â 287Â 788,1.0,0.0,-1.0,1652878,2.0,10,,1.0,0.0,1.0,B01,138Â 287Â 788,1.0
968498,201900010029,2,7,10:30,1,1,1,1.0,4.0,93078,AUTOROUTE A104,M,"48,9708900","2,4998500",93,2019,90.0,1.0,1.0,1.0,2164886,1.0,1,1,1,0.0,,-1.0, -1,1979.0,B01,138Â 287Â 788,1.0,0.0,-1.0,1652879,2.0,7,,0.0,2.0,4.0,D01,138Â 287Â 789,1.0
968498,201900010029,2,7,10:30,1,1,1,1.0,4.0,93078,AUTOROUTE A104,M,"48,9708900","2,4998500",93,2019,90.0,1.0,1.0,1.0,2164886,1.0,1,1,1,0.0,,-1.0, -1,1979.0,B01,138Â 287Â 788,1.0,0.0,-1.0,1652880,2.0,7,,0.0,2.0,4.0,E01,138Â 287Â 790,1.0
968498,201900010029,2,7,10:30,1,1,1,1.0,4.0,93078,AUTOROUTE A104,M,"48,9708900","2,4998500",93,2019,90.0,1.0,1.0,1.0,2164886,1.0,1,1,1,0.0,,-1.0, -1,1979.0,B01,138Â 287Â 788,1.0,0.0,-1.0,1652881,2.0,7,,0.0,2.0,4.0,C01,138Â 287Â 791,1.0
968498,201900010029,2,7,10:30,1,1,1,1.0,4.0,93078,AUTOROUTE A104,M,"48,9708900","2,4998500",93,2019,90.0,1.0,1.0,1.0,2164886,1.0,1,1,1,0.0,,-1.0, -1,1979.0,B01,138Â 287Â 788,1.0,0.0,-1.0,1652882,2.0,7,,0.0,2.0,1.0,A01,138Â 287Â 792,1.0
968498,201900010029,2,7,10:30,1,1,1,1.0,4.0,93078,AUTOROUTE A104,M,"48,9708900","2,4998500",93,2019,90.0,1.0,1.0,1.0,2164887,1.0,1,4,1,0.0,,-1.0, -1,1983.0,D01,138Â 287Â 789,1.0,0.0,-1.0,1652878,2.0,10,,1.0,0.0,1.0,B01,138Â 287Â 788,1.0
968498,201900010029,2,7,10:30,1,1,1,1.0,4.0,93078,AUTOROUTE A104,M,"48,9708900","2,4998500",93,2019,90.0,1.0,1.0,1.0,2164887,1.0,1,4,1,0.0,,-1.0, -1,1983.0,D01,138Â 287Â 789,1.0,0.0,-1.0,1652879,2.0,7,,0.0,2.0,4.0,D01,138Â 287Â 789,1.0
968498,201900010029,2,7,10:30,1,1,1,1.0,4.0,93078,AUTOROUTE A104,M,"48,9708900","2,4998500",93,2019,90.0,1.0,1.0,1.0,2164887,1.0,1,4,1,0.0,,-1.0, -1,1983.0,D01,138Â 287Â 789,1.0,0.0,-1.0,1652880,2.0,7,,0.0,2.0,4.0,E01,138Â 287Â 790,1.0
968498,201900010029,2,7,10:30,1,1,1,1.0,4.0,93078,AUTOROUTE A104,M,"48,9708900","2,4998500",93,2019,90.0,1.0,1.0,1.0,2164887,1.0,1,4,1,0.0,,-1.0, -1,1983.0,D01,138Â 287Â 789,1.0,0.0,-1.0,1652881,2.0,7,,0.0,2.0,4.0,C01,138Â 287Â 791,1.0
968498,201900010029,2,7,10:30,1,1,1,1.0,4.0,93078,AUTOROUTE A104,M,"48,9708900","2,4998500",93,2019,90.0,1.0,1.0,1.0,2164887,1.0,1,4,1,0.0,,-1.0, -1,1983.0,D01,138Â 287Â 789,1.0,0.0,-1.0,1652882,2.0,7,,0.0,2.0,1.0,A01,138Â 287Â 792,1.0
968498,201900010029,2,7,10:30,1,1,1,1.0,4.0,93078,AUTOROUTE A104,M,"48,9708900","2,4998500",93,2019,90.0,1.0,1.0,1.0,2164888,1.0,1,1,2,0.0,,-1.0, -1,1992.0,E01,138Â 287Â 790,1.0,0.0,-1.0,1652878,2.0,10,,1.0,0.0,1.0,B01,138Â 287Â 788,1.0
968498,201900010029,2,7,10:30,1,1,1,1.0,4.0,93078,AUTOROUTE A104,M,"48,9708900","2,4998500",93,2019,90.0,1.0,1.0,1.0,2164888,1.0,1,1,2,0.0,,-1.0, -1,1992.0,E01,138Â 287Â 790,1.0,0.0,-1.0,1652879,2.0,7,,0.0,2.0,4.0,D01,138Â 287Â 789,1.0
968498,201900010029,2,7,10:30,1,1,1,1.0,4.0,93078,AUTOROUTE A104,M,"48,9708900","2,4998500",93,2019,90.0,1.0,1.0,1.0,2164888,1.0,1,1,2,0.0,,-1.0, -1,1992.0,E01,138Â 287Â 790,1.0,0.0,-1.0,1652880,2.0,7,,0.0,2.0,4.0,E01,138Â 287Â 790,1.0
968498,201900010029,2,7,10:30,1,1,1,1.0,4.0,93078,AUTOROUTE A104,M,"48,9708900","2,4998500",93,2019,90.0,1.0,1.0,1.0,2164888,1.0,1,1,2,0.0,,-1.0, -1,1992.0,E01,138Â 287Â 790,1.0,0.0,-1.0,1652881,2.0,7,,0.0,2.0,4.0,C01,138Â 287Â 791,1.0
968498,201900010029,2,7,10:30,1,1,1,1.0,4.0,93078,AUTOROUTE A104,M,"48,9708900","2,4998500",93,2019,90.0,1.0,1.0,1.0,2164888,1.0,1,1,2,0.0,,-1.0, -1,1992.0,E01,138Â 287Â 790,1.0,0.0,-1.0,1652882,2.0,7,,0.0,2.0,1.0,A01,138Â 287Â 792,1.0
968498,201900010029,2,7,10:30,1,1,1,1.0,4.0,93078,AUTOROUTE A104,M,"48,9708900","2,4998500",93,2019,90.0,1.0,1.0,1.0,2164889,1.0,1,1,1,0.0,,-1.0, -1,1975.0,C01,138Â 287Â 791,1.0,0.0,-1.0,1652878,2.0,10,,1.0,0.0,1.0,B01,138Â 287Â 788,1.0
968498,201900010029,2,7,10:30,1,1,1,1.0,4.0,93078,AUTOROUTE A104,M,"48,9708900","2,4998500",93,2019,90.0,1.0,1.0,1.0,2164889,1.0,1,1,1,0.0,,-1.0, -1,1975.0,C01,138Â 287Â 791,1.0,0.0,-1.0,1652879,2.0,7,,0.0,2.0,4.0,D01,138Â 287Â 789,1.0
968498,201900010029,2,7,10:30,1,1,1,1.0,4.0,93078,AUTOROUTE A104,M,"48,9708900","2,4998500",93,2019,90.0,1.0,1.0,1.0,2164889,1.0,1,1,1,0.0,,-1.0, -1,1975.0,C01,138Â 287Â 791,1.0,0.0,-1.0,1652880,2.0,7,,0.0,2.0,4.0,E01,138Â 287Â 790,1.0
968498,201900010029,2,7,10:30,1,1,1,1.0,4.0,93078,AUTOROUTE A104,M,"48,9708900","2,4998500",93,2019,90.0,1.0,1.0,1.0,2164889,1.0,1,1,1,0.0,,-1.0, -1,1975.0,C01,138Â 287Â 791,1.0,0.0,-1.0,1652881,2.0,7,,0.0,2.0,4.0,C01,138Â 287Â 791,1.0
968498,201900010029,2,7,10:30,1,1,1,1.0,4.0,93078,AUTOROUTE A104,M,"48,9708900","2,4998500",93,2019,90.0,1.0,1.0,1.0,2164889,1.0,1,1,1,0.0,,-1.0, -1,1975.0,C01,138Â 287Â 791,1.0,0.0,-1.0,1652882,2.0,7,,0.0,2.0,1.0,A01,138Â 287Â 792,1.0
968498,201900010029,2,7,10:30,1,1,1,1.0,4.0,93078,AUTOROUTE A104,M,"48,9708900","2,4998500",93,2019,90.0,1.0,1.0,1.0,2164890,1.0,1,4,2,0.0,,-1.0, -1,1994.0,A01,138Â 287Â 792,1.0,8.0,-1.0,1652878,2.0,10,,1.0,0.0,1.0,B01,138Â 287Â 788,1.0
968498,201900010029,2,7,10:30,1,1,1,1.0,4.0,93078,AUTOROUTE A104,M,"48,9708900","2,4998500",93,2019,90.0,1.0,1.0,1.0,2164890,1.0,1,4,2,0.0,,-1.0, -1,1994.0,A01,138Â 287Â 792,1.0,8.0,-1.0,1652879,2.0,7,,0.0,2.0,4.0,D01,138Â 287Â 789,1.0
968498,201900010029,2,7,10:30,1,1,1,1.0,4.0,93078,AUTOROUTE A104,M,"48,9708900","2,4998500",93,2019,90.0,1.0,1.0,1.0,2164890,1.0,1,4,2,0.0,,-1.0, -1,1994.0,A01,138Â 287Â 792,1.0,8.0,-1.0,1652880,2.0,7,,0.0,2.0,4.0,E01,138Â 287Â 790,1.0
968498,201900010029,2,7,10:30,1,1,1,1.0,4.0,93078,AUTOROUTE A104,M,"48,9708900","2,4998500",93,2019,90.0,1.0,1.0,1.0,2164890,1.0,1,4,2,0.0,,-1.0, -1,1994.0,A01,138Â 287Â 792,1.0,8.0,-1.0,1652881,2.0,7,,0.0,2.0,4.0,C01,138Â 287Â 791,1.0
968498,201900010029,2,7,10:30,1,1,1,1.0,4.0,93078,AUTOROUTE A104,M,"48,9708900","2,4998500",93,2019,90.0,1.0,1.0,1.0,2164890,1.0,1,4,2,0.0,,-1.0, -1,1994.0,A01,138Â 287Â 792,1.0,8.0,-1.0,1652882,2.0,7,,0.0,2.0,1.0,A01,138Â 287Â 792,1.0
968499,201900010030,2,7,09:25,1,1,1,2.0,2.0,93005,AUTOROUTE A3,M,"48,9312500","2,4809600",93,2019,110.0,1.0,2.0,1.0,2164891,1.0,1,4,2,1.0,,-1.0, -1,1988.0,A01,138Â 287Â 786,1.0,0.0,-1.0,1652883,2.0,7,,0.0,2.0,1.0,A01,138Â 287Â 786,1.0
968499,201900010030,2,7,09:25,1,1,1,2.0,2.0,93005,AUTOROUTE A3,M,"48,9312500","2,4809600",93,2019,110.0,1.0,2.0,1.0,2164891,1.0,1,4,2,1.0,,-1.0, -1,1988.0,A01,138Â 287Â 786,1.0,0.0,-1.0,1652884,2.0,7,,0.0,2.0,4.0,B01,138Â 287Â 787,1.0
968499,201900010030,2,7,09:25,1,1,1,2.0,2.0,93005,AUTOROUTE A3,M,"48,9312500","2,4809600",93,2019,110.0,1.0,2.0,1.0,2164892,1.0,1,1,1,1.0,,-1.0, -1,1974.0,B01,138Â 287Â 787,1.0,0.0,-1.0,1652883,2.0,7,,0.0,2.0,1.0,A01,138Â 287Â 786,1.0
968499,201900010030,2,7,09:25,1,1,1,2.0,2.0,93005,AUTOROUTE A3,M,"48,9312500","2,4809600",93,2019,110.0,1.0,2.0,1.0,2164892,1.0,1,1,1,1.0,,-1.0, -1,1974.0,B01,138Â 287Â 787,1.0,0.0,-1.0,1652884,2.0,7,,0.0,2.0,4.0,B01,138Â 287Â 787,1.0
968500,201900010031,2,10,12:00,1,1,1,2.0,6.0,77053,RN104,M,"48,6729300","2,6113400",77,2019,90.0,1.0,2.0,2.0,2164893,1.0,1,4,1,4.0,,0.0,0,1982.0,A01,138Â 287Â 783,1.0,0.0,-1.0,1652885,2.0,10,,0.0,2.0,9.0,A01,138Â 287Â 783,1.0
968501,201900010032,2,9,17:05,1,1,1,1.0,7.0,77294,A104,M,"48,9534500","2,6281000",77,2019,90.0,1.0,1.0,1.0,2164894,1.0,1,4,1,1.0,,0.0,0,1990.0,A01,138Â 287Â 782,1.0,0.0,-1.0,1652886,2.0,7,,4.0,0.0,3.0,A01,138Â 287Â 782,1.0
968502,201900010033,2,9,07:50,2,1,1,2.0,6.0,77258,A4.W,M,"48,8316900","2,6456600",77,2019,110.0,1.0,2.0,1.0,2164895,1.0,1,4,2,5.0,,-1.0,0,1982.0,A01,138Â 287Â 781,8.0,0.0,-1.0,1652887,2.0,7,,3.0,0.0,1.0,A01,138Â 287Â 781,1.0
968503,201900010034,2,8,19:15,3,1,1,1.0,2.0,94069,A4,M,"48,8081000","2,4113300",94,2019,90.0,1.0,1.0,1.0,2164896,1.0,1,1,1,1.0,,-1.0,0,1975.0,B01,138Â 287Â 779,1.0,0.0,-1.0,1652888,1.0,7,,0.0,2.0,5.0,B01,138Â 287Â 779,1.0
968503,201900010034,2,8,19:15,3,1,1,1.0,2.0,94069,A4,M,"48,8081000","2,4113300",94,2019,90.0,1.0,1.0,1.0,2164896,1.0,1,1,1,1.0,,-1.0,0,1975.0,B01,138Â 287Â 779,1.0,0.0,-1.0,1652889,1.0,33,,0.0,2.0,8.0,A01,138Â 287Â 780,1.0
968503,201900010034,2,8,19:15,3,1,1,1.0,2.0,94069,A4,M,"48,8081000","2,4113300",94,2019,90.0,1.0,1.0,1.0,2164897,1.0,1,4,1,1.0,,-1.0,0,1964.0,A01,138Â 287Â 780,2.0,0.0,-1.0,1652888,1.0,7,,0.0,2.0,5.0,B01,138Â 287Â 779,1.0
968503,201900010034,2,8,19:15,3,1,1,1.0,2.0,94069,A4,M,"48,8081000","2,4113300",94,2019,90.0,1.0,1.0,1.0,2164897,1.0,1,4,1,1.0,,-1.0,0,1964.0,A01,138Â 287Â 780,2.0,0.0,-1.0,1652889,1.0,33,,0.0,2.0,8.0,A01,138Â 287Â 780,1.0
968504,201900010035,2,8,02:40,3,1,1,1.0,7.0,77053,RN104,M,"48,6755600","2,6105100",77,2019,110.0,1.0,1.0,2.0,2164898,1.0,1,4,2,5.0,,0.0,0,1997.0,A01,138Â 287Â 778,1.0,0.0,-1.0,1652890,2.0,7,,4.0,0.0,1.0,A01,138Â 287Â 778,1.0
968505,201900010036,2,8,02:45,3,1,1,2.0,2.0,77449,A4,M,"48,8334110","2,7955190",77,2019,130.0,1.0,2.0,1.0,2164899,1.0,1,4,1,4.0,,0.0,0,1985.0,B01,138Â 287Â 776,1.0,8.0,-1.0,1652891,1.0,10,,0.0,2.0,4.0,B01,138Â 287Â 776,1.0
968505,201900010036,2,8,02:45,3,1,1,2.0,2.0,77449,A4,M,"48,8334110","2,7955190",77,2019,130.0,1.0,2.0,1.0,2164899,1.0,1,4,1,4.0,,0.0,0,1985.0,B01,138Â 287Â 776,1.0,8.0,-1.0,1652892,1.0,10,,0.0,2.0,1.0,A01,138Â 287Â 777,1.0
968505,201900010036,2,8,02:45,3,1,1,2.0,2.0,77449,A4,M,"48,8334110","2,7955190",77,2019,130.0,1.0,2.0,1.0,2164900,1.0,1,4,1,5.0,,0.0,0,1987.0,A01,138Â 287Â 777,1.0,8.0,-1.0,1652891,1.0,10,,0.0,2.0,4.0,B01,138Â 287Â 776,1.0
968505,201900010036,2,8,02:45,3,1,1,2.0,2.0,77449,A4,M,"48,8334110","2,7955190",77,2019,130.0,1.0,2.0,1.0,2164900,1.0,1,4,1,5.0,,0.0,0,1987.0,A01,138Â 287Â 777,1.0,8.0,-1.0,1652892,1.0,10,,0.0,2.0,1.0,A01,138Â 287Â 777,1.0
968506,201900010037,2,7,21:00,5,1,1,1.0,6.0,94073,A86 EXT,M,"48,7733300","2,3960400",94,2019,70.0,1.0,1.0,1.0,2164901,1.0,1,4,2,1.0,,-1.0,0,1979.0,A01,138Â 287Â 775,2.0,8.0,-1.0,1652893,2.0,32,,0.0,0.0,7.0,A01,138Â 287Â 775,1.0
968507,201900010038,10,18,17:20,1,1,1,2.0,7.0,35238,RN 136,M,"48,1206800"," -1,7203300",35,2019,50.0,1.0,2.0,2.0,2164902,1.0,1,4,2,5.0,,-1.0, -1,1994.0,A01,138Â 287Â 774,1.0,0.0,-1.0,1652894,2.0,7,,0.0,0.0,7.0,A01,138Â 287Â 774,1.0