Unnamed: 0_x,num_acc,mois,jour,hrmn,lum,agg,int,atm,col,com,adr,gps,lat,long,dep,annee,vma,situ,surf,catr,Unnamed: 0_y,place,catu,grav,sexe,trajet,secu,locp,actp,an_nais,num_veh_x,id_vehicule_x,secu1,secu2,secu3,Unnamed: 0,senc,catv,occutc,obs,obsm,choc,num_veh_y,id_vehicule_y,motor
968508,201900010039,10,18,17:55,2,2,2,2.0,3.0,35281,MENDES FRANCE (BD PIERRE),M,"48,0963294"," -1,6926213",35,2019,50.0,1.0,2.0,4.0,2164903,1.0,1,4,1,0.0,,-1.0, -1,1998.0,B01,138Â 287Â 772,2.0,6.0,-1.0,1652895,0.0,33,,0.0,2.0,7.0,B01,138Â 287Â 772,1.0
968508,201900010039,10,18,17:55,2,2,2,2.0,3.0,35281,MENDES FRANCE (BD PIERRE),M,"48,0963294"," -1,6926213",35,2019,50.0,1.0,2.0,4.0,2164903,1.0,1,4,1,0.0,,-1.0, -1,1998.0,B01,138Â 287Â 772,2.0,6.0,-1.0,1652896,0.0,7,,0.0,2.0,2.0,A01,138Â 287Â 773,1.0
968508,201900010039,10,18,17:55,2,2,2,2.0,3.0,35281,MENDES FRANCE (BD PIERRE),M,"48,0963294"," -1,6926213",35,2019,50.0,1.0,2.0,4.0,2164904,1.0,1,1,2,3.0,,-1.0,0,1974.0,A01,138Â 287Â 773,1.0,0.0,-1.0,1652895,0.0,33,,0.0,2.0,7.0,B01,138Â 287Â 772,1.0
968508,201900010039,10,18,17:55,2,2,2,2.0,3.0,35281,MENDES FRANCE (BD PIERRE),M,"48,0963294"," -1,6926213",35,2019,50.0,1.0,2.0,4.0,2164904,1.0,1,1,2,3.0,,-1.0,0,1974.0,A01,138Â 287Â 773,1.0,0.0,-1.0,1652896,0.0,7,,0.0,2.0,2.0,A01,138Â 287Â 773,1.0
968509,201900010040,10,18,11:30,1,2,2,1.0,3.0,35051,BRAY (RUE DE),M,"48,1054000"," -1,6290000",35,2019,50.0,1.0,1.0,4.0,2164905,1.0,1,3,1,0.0,,-1.0, -1,1968.0,B01,138Â 287Â 770,2.0,6.0,-1.0,1652897,0.0,32,,0.0,0.0,0.0,B01,138Â 287Â 770,1.0
968509,201900010040,10,18,11:30,1,2,2,1.0,3.0,35051,BRAY (RUE DE),M,"48,1054000"," -1,6290000",35,2019,50.0,1.0,1.0,4.0,2164905,1.0,1,3,1,0.0,,-1.0, -1,1968.0,B01,138Â 287Â 770,2.0,6.0,-1.0,1652898,1.0,13,,0.0,2.0,7.0,A01,138Â 287Â 771,1.0
968509,201900010040,10,18,11:30,1,2,2,1.0,3.0,35051,BRAY (RUE DE),M,"48,1054000"," -1,6290000",35,2019,50.0,1.0,1.0,4.0,2164906,1.0,1,1,1,1.0,,-1.0,0,1977.0,A01,138Â 287Â 771,1.0,0.0,-1.0,1652897,0.0,32,,0.0,0.0,0.0,B01,138Â 287Â 770,1.0
968509,201900010040,10,18,11:30,1,2,2,1.0,3.0,35051,BRAY (RUE DE),M,"48,1054000"," -1,6290000",35,2019,50.0,1.0,1.0,4.0,2164906,1.0,1,1,1,1.0,,-1.0,0,1977.0,A01,138Â 287Â 771,1.0,0.0,-1.0,1652898,1.0,13,,0.0,2.0,7.0,A01,138Â 287Â 771,1.0
968510,201900010041,10,16,13:35,1,2,1,1.0,3.0,34032,FOUCAULT JEAN (AV),M,"43,3310500","3,2627800",34,2019,50.0,1.0,1.0,4.0,2164907,1.0,1,3,1,5.0,,0.0,0,1999.0,A01,138Â 287Â 766,8.0,0.0,-1.0,1652899,3.0,32,,0.0,2.0,7.0,A01,138Â 287Â 766,1.0
968510,201900010041,10,16,13:35,1,2,1,1.0,3.0,34032,FOUCAULT JEAN (AV),M,"43,3310500","3,2627800",34,2019,50.0,1.0,1.0,4.0,2164907,1.0,1,3,1,5.0,,0.0,0,1999.0,A01,138Â 287Â 766,8.0,0.0,-1.0,1652900,3.0,7,,0.0,2.0,0.0,B01,138Â 287Â 767,1.0
968510,201900010041,10,16,13:35,1,2,1,1.0,3.0,34032,FOUCAULT JEAN (AV),M,"43,3310500","3,2627800",34,2019,50.0,1.0,1.0,4.0,2164908,1.0,1,1,1,1.0,,0.0,0,1987.0,B01,138Â 287Â 767,1.0,8.0,-1.0,1652899,3.0,32,,0.0,2.0,7.0,A01,138Â 287Â 766,1.0
968510,201900010041,10,16,13:35,1,2,1,1.0,3.0,34032,FOUCAULT JEAN (AV),M,"43,3310500","3,2627800",34,2019,50.0,1.0,1.0,4.0,2164908,1.0,1,1,1,1.0,,0.0,0,1987.0,B01,138Â 287Â 767,1.0,8.0,-1.0,1652900,3.0,7,,0.0,2.0,0.0,B01,138Â 287Â 767,1.0
968511,201900010042,10,18,21:50,5,2,2,1.0,3.0,33318,PCE DU GENERAL DE GAULLE,M,"44,7994600"," -0,6631300",33,2019,50.0,8.0,1.0,4.0,2164909,2.0,2,1,2,0.0,,-1.0,0,2000.0,B01,138Â 287Â 764,1.0,0.0,-1.0,1652901,2.0,7,,0.0,2.0,2.0,B01,138Â 287Â 764,1.0
968511,201900010042,10,18,21:50,5,2,2,1.0,3.0,33318,PCE DU GENERAL DE GAULLE,M,"44,7994600"," -0,6631300",33,2019,50.0,8.0,1.0,4.0,2164909,2.0,2,1,2,0.0,,-1.0,0,2000.0,B01,138Â 287Â 764,1.0,0.0,-1.0,1652902,1.0,7,,0.0,2.0,3.0,A01,138Â 287Â 765,1.0
968511,201900010042,10,18,21:50,5,2,2,1.0,3.0,33318,PCE DU GENERAL DE GAULLE,M,"44,7994600"," -0,6631300",33,2019,50.0,8.0,1.0,4.0,2164910,1.0,1,1,1,0.0,,-1.0, -1,1999.0,B01,138Â 287Â 764,1.0,0.0,-1.0,1652901,2.0,7,,0.0,2.0,2.0,B01,138Â 287Â 764,1.0
968511,201900010042,10,18,21:50,5,2,2,1.0,3.0,33318,PCE DU GENERAL DE GAULLE,M,"44,7994600"," -0,6631300",33,2019,50.0,8.0,1.0,4.0,2164910,1.0,1,1,1,0.0,,-1.0, -1,1999.0,B01,138Â 287Â 764,1.0,0.0,-1.0,1652902,1.0,7,,0.0,2.0,3.0,A01,138Â 287Â 765,1.0
968511,201900010042,10,18,21:50,5,2,2,1.0,3.0,33318,PCE DU GENERAL DE GAULLE,M,"44,7994600"," -0,6631300",33,2019,50.0,8.0,1.0,4.0,2164911,1.0,1,4,2,0.0,,-1.0, -1,1971.0,A01,138Â 287Â 765,8.0,0.0,-1.0,1652901,2.0,7,,0.0,2.0,2.0,B01,138Â 287Â 764,1.0
968511,201900010042,10,18,21:50,5,2,2,1.0,3.0,33318,PCE DU GENERAL DE GAULLE,M,"44,7994600"," -0,6631300",33,2019,50.0,8.0,1.0,4.0,2164911,1.0,1,4,2,0.0,,-1.0, -1,1971.0,A01,138Â 287Â 765,8.0,0.0,-1.0,1652902,1.0,7,,0.0,2.0,3.0,A01,138Â 287Â 765,1.0
968512,201900010043,10,18,14:15,1,2,6,1.0,1.0,33069,VOIE LIAISON LAMARTINE PRESSENCE,M,"44,8635800"," -0,6063100",33,2019,30.0,1.0,1.0,4.0,2164912,1.0,1,4,2,0.0,,-1.0, -1,1994.0,B01,138Â 287Â 762,2.0,0.0,-1.0,1652903,1.0,1,,0.0,0.0,0.0,B01,138Â 287Â 762,5.0
968512,201900010043,10,18,14:15,1,2,6,1.0,1.0,33069,VOIE LIAISON LAMARTINE PRESSENCE,M,"44,8635800"," -0,6063100",33,2019,30.0,1.0,1.0,4.0,2164912,1.0,1,4,2,0.0,,-1.0, -1,1994.0,B01,138Â 287Â 762,2.0,0.0,-1.0,1652904,1.0,7,,0.0,2.0,3.0,A01,138Â 287Â 763,1.0
968512,201900010043,10,18,14:15,1,2,6,1.0,1.0,33069,VOIE LIAISON LAMARTINE PRESSENCE,M,"44,8635800"," -0,6063100",33,2019,30.0,1.0,1.0,4.0,2164913,1.0,1,1,1,0.0,,-1.0, -1,1944.0,A01,138Â 287Â 763,1.0,0.0,-1.0,1652903,1.0,1,,0.0,0.0,0.0,B01,138Â 287Â 762,5.0
968512,201900010043,10,18,14:15,1,2,6,1.0,1.0,33069,VOIE LIAISON LAMARTINE PRESSENCE,M,"44,8635800"," -0,6063100",33,2019,30.0,1.0,1.0,4.0,2164913,1.0,1,1,1,0.0,,-1.0, -1,1944.0,A01,138Â 287Â 763,1.0,0.0,-1.0,1652904,1.0,7,,0.0,2.0,3.0,A01,138Â 287Â 763,1.0
968513,201900010044,10,17,21:20,5,2,1,1.0,6.0,33063,CARTHY CAUD (RUE MAC),M,"44,8397000"," -0,6209200",33,2019,50.0,1.0,1.0,4.0,2164914,2.0,2,4,2,5.0,,-1.0, -1,1996.0,A01,138Â 287Â 761,2.0,0.0,-1.0,1652905,0.0,30,,1.0,2.0,0.0,A01,138Â 287Â 761,1.0
968513,201900010044,10,17,21:20,5,2,1,1.0,6.0,33063,CARTHY CAUD (RUE MAC),M,"44,8397000"," -0,6209200",33,2019,50.0,1.0,1.0,4.0,2164915,1.0,1,4,1,5.0,,-1.0, -1,1995.0,A01,138Â 287Â 761,2.0,0.0,-1.0,1652905,0.0,30,,1.0,2.0,0.0,A01,138Â 287Â 761,1.0
968514,201900010045,10,17,09:00,1,2,2,3.0,1.0,33039,BD JEAN-JACQUES BOSC,M,"44,8171000"," -0,5484400",33,2019,50.0,1.0,2.0,4.0,2164916,1.0,1,1,1,5.0,,-1.0,0,1981.0,A01,138Â 287Â 759,1.0,0.0,-1.0,1652906,1.0,7,,0.0,2.0,1.0,A01,138Â 287Â 759,1.0
968514,201900010045,10,17,09:00,1,2,2,3.0,1.0,33039,BD JEAN-JACQUES BOSC,M,"44,8171000"," -0,5484400",33,2019,50.0,1.0,2.0,4.0,2164916,1.0,1,1,1,5.0,,-1.0,0,1981.0,A01,138Â 287Â 759,1.0,0.0,-1.0,1652907,1.0,80,,0.0,2.0,1.0,B01,138Â 287Â 760,3.0
968514,201900010045,10,17,09:00,1,2,2,3.0,1.0,33039,BD JEAN-JACQUES BOSC,M,"44,8171000"," -0,5484400",33,2019,50.0,1.0,2.0,4.0,2164917,1.0,1,3,2,0.0,,-1.0,0,1981.0,B01,138Â 287Â 760,8.0,0.0,-1.0,1652906,1.0,7,,0.0,2.0,1.0,A01,138Â 287Â 759,1.0
968514,201900010045,10,17,09:00,1,2,2,3.0,1.0,33039,BD JEAN-JACQUES BOSC,M,"44,8171000"," -0,5484400",33,2019,50.0,1.0,2.0,4.0,2164917,1.0,1,3,2,0.0,,-1.0,0,1981.0,B01,138Â 287Â 760,8.0,0.0,-1.0,1652907,1.0,80,,0.0,2.0,1.0,B01,138Â 287Â 760,3.0
968515,201900010046,10,17,08:15,1,2,6,1.0,3.0,31069,ANDROMEDE (AV),M,"43,6553300","1,3653600",31,2019,50.0,1.0,1.0,4.0,2164918,1.0,1,1,1,9.0,,-1.0, -1,1978.0,A01,138Â 287Â 757,1.0,8.0,-1.0,1652908,1.0,7,,0.0,2.0,1.0,A01,138Â 287Â 757,1.0
968515,201900010046,10,17,08:15,1,2,6,1.0,3.0,31069,ANDROMEDE (AV),M,"43,6553300","1,3653600",31,2019,50.0,1.0,1.0,4.0,2164918,1.0,1,1,1,9.0,,-1.0, -1,1978.0,A01,138Â 287Â 757,1.0,8.0,-1.0,1652909,1.0,1,,0.0,2.0,7.0,B01,138Â 287Â 758,5.0
968515,201900010046,10,17,08:15,1,2,6,1.0,3.0,31069,ANDROMEDE (AV),M,"43,6553300","1,3653600",31,2019,50.0,1.0,1.0,4.0,2164919,1.0,1,4,1,9.0,,-1.0, -1,1969.0,B01,138Â 287Â 758,2.0,8.0,-1.0,1652908,1.0,7,,0.0,2.0,1.0,A01,138Â 287Â 757,1.0
968515,201900010046,10,17,08:15,1,2,6,1.0,3.0,31069,ANDROMEDE (AV),M,"43,6553300","1,3653600",31,2019,50.0,1.0,1.0,4.0,2164919,1.0,1,4,1,9.0,,-1.0, -1,1969.0,B01,138Â 287Â 758,2.0,8.0,-1.0,1652909,1.0,1,,0.0,2.0,7.0,B01,138Â 287Â 758,5.0
968516,201900010047,10,18,13:12,1,2,1,1.0,3.0,29232,BREST ROUTE DE,M,"47,9982191"," -4,0950412",29,2019,50.0,1.0,1.0,4.0,2164920,1.0,1,3,2,5.0,,-1.0,0,1941.0,A01,138Â 287Â 754,1.0,0.0,-1.0,1652910,1.0,7,,0.0,2.0,3.0,A01,138Â 287Â 754,1.0
968516,201900010047,10,18,13:12,1,2,1,1.0,3.0,29232,BREST ROUTE DE,M,"47,9982191"," -4,0950412",29,2019,50.0,1.0,1.0,4.0,2164920,1.0,1,3,2,5.0,,-1.0,0,1941.0,A01,138Â 287Â 754,1.0,0.0,-1.0,1652911,1.0,7,,0.0,2.0,2.0,B01,138Â 287Â 755,1.0
968516,201900010047,10,18,13:12,1,2,1,1.0,3.0,29232,BREST ROUTE DE,M,"47,9982191"," -4,0950412",29,2019,50.0,1.0,1.0,4.0,2164921,1.0,1,4,2,4.0,,0.0, -1,1973.0,B01,138Â 287Â 755,1.0,0.0,-1.0,1652910,1.0,7,,0.0,2.0,3.0,A01,138Â 287Â 754,1.0
968516,201900010047,10,18,13:12,1,2,1,1.0,3.0,29232,BREST ROUTE DE,M,"47,9982191"," -4,0950412",29,2019,50.0,1.0,1.0,4.0,2164921,1.0,1,4,2,4.0,,0.0, -1,1973.0,B01,138Â 287Â 755,1.0,0.0,-1.0,1652911,1.0,7,,0.0,2.0,2.0,B01,138Â 287Â 755,1.0
968517,201900010048,10,18,20:20,5,2,6,1.0,3.0,29019,PAULET GENERAL (173 ET 206 A FIN),M,"48,4124400"," -4,4758800",29,2019,50.0,1.0,1.0,4.0,2164922,1.0,1,1,1,0.0,,-1.0,0,1981.0,B01,138Â 287Â 752,1.0,0.0,-1.0,1652912,0.0,7,,0.0,0.0,1.0,B01,138Â 287Â 752,0.0
968517,201900010048,10,18,20:20,5,2,6,1.0,3.0,29019,PAULET GENERAL (173 ET 206 A FIN),M,"48,4124400"," -4,4758800",29,2019,50.0,1.0,1.0,4.0,2164922,1.0,1,1,1,0.0,,-1.0,0,1981.0,B01,138Â 287Â 752,1.0,0.0,-1.0,1652913,0.0,2,,0.0,2.0,0.0,A01,138Â 287Â 753,0.0
968517,201900010048,10,18,20:20,5,2,6,1.0,3.0,29019,PAULET GENERAL (173 ET 206 A FIN),M,"48,4124400"," -4,4758800",29,2019,50.0,1.0,1.0,4.0,2164923,1.0,1,4,1,4.0,,-1.0,0,1996.0,A01,138Â 287Â 753,2.0,0.0,-1.0,1652912,0.0,7,,0.0,0.0,1.0,B01,138Â 287Â 752,0.0
968517,201900010048,10,18,20:20,5,2,6,1.0,3.0,29019,PAULET GENERAL (173 ET 206 A FIN),M,"48,4124400"," -4,4758800",29,2019,50.0,1.0,1.0,4.0,2164923,1.0,1,4,1,4.0,,-1.0,0,1996.0,A01,138Â 287Â 753,2.0,0.0,-1.0,1652913,0.0,2,,0.0,2.0,0.0,A01,138Â 287Â 753,0.0
968518,201900010049,10,18,15:03,1,2,1,1.0,2.0,29019,MONTAIGNE (DE 39 A 111 ET 32 A 96),M,"48,4045900"," -4,4791300",29,2019,50.0,1.0,1.0,4.0,2164924,1.0,1,1,1,5.0,,0.0,0,1995.0,B01,138Â 287Â 750,1.0,0.0,-1.0,1652914,1.0,7,,0.0,2.0,4.0,B01,138Â 287Â 750,1.0
968518,201900010049,10,18,15:03,1,2,1,1.0,2.0,29019,MONTAIGNE (DE 39 A 111 ET 32 A 96),M,"48,4045900"," -4,4791300",29,2019,50.0,1.0,1.0,4.0,2164924,1.0,1,1,1,5.0,,0.0,0,1995.0,B01,138Â 287Â 750,1.0,0.0,-1.0,1652915,1.0,7,,0.0,2.0,1.0,A01,138Â 287Â 751,1.0
968518,201900010049,10,18,15:03,1,2,1,1.0,2.0,29019,MONTAIGNE (DE 39 A 111 ET 32 A 96),M,"48,4045900"," -4,4791300",29,2019,50.0,1.0,1.0,4.0,2164925,2.0,2,4,2,5.0,,0.0,0,1999.0,A01,138Â 287Â 751,1.0,0.0,-1.0,1652914,1.0,7,,0.0,2.0,4.0,B01,138Â 287Â 750,1.0
968518,201900010049,10,18,15:03,1,2,1,1.0,2.0,29019,MONTAIGNE (DE 39 A 111 ET 32 A 96),M,"48,4045900"," -4,4791300",29,2019,50.0,1.0,1.0,4.0,2164925,2.0,2,4,2,5.0,,0.0,0,1999.0,A01,138Â 287Â 751,1.0,0.0,-1.0,1652915,1.0,7,,0.0,2.0,1.0,A01,138Â 287Â 751,1.0
968518,201900010049,10,18,15:03,1,2,1,1.0,2.0,29019,MONTAIGNE (DE 39 A 111 ET 32 A 96),M,"48,4045900"," -4,4791300",29,2019,50.0,1.0,1.0,4.0,2164926,1.0,1,1,1,5.0,,0.0,0,1997.0,A01,138Â 287Â 751,1.0,0.0,-1.0,1652914,1.0,7,,0.0,2.0,4.0,B01,138Â 287Â 750,1.0
968518,201900010049,10,18,15:03,1,2,1,1.0,2.0,29019,MONTAIGNE (DE 39 A 111 ET 32 A 96),M,"48,4045900"," -4,4791300",29,2019,50.0,1.0,1.0,4.0,2164926,1.0,1,1,1,5.0,,0.0,0,1997.0,A01,138Â 287Â 751,1.0,0.0,-1.0,1652915,1.0,7,,0.0,2.0,1.0,A01,138Â 287Â 751,1.0
968519,201900010050,10,18,10:20,1,2,1,2.0,6.0,26198,CATALINS (Chemin des ),M,"44,5672700","4,7575200",26,2019,10.0,1.0,2.0,4.0,2164927,10.0,3,4,2,0.0,,3.0,3,1937.0,A01,138Â 287Â 746,8.0,8.0,8.0,1652916,3.0,7,,0.0,1.0,1.0,A01,138Â 287Â 746,1.0
968519,201900010050,10,18,10:20,1,2,1,2.0,6.0,26198,CATALINS (Chemin des ),M,"44,5672700","4,7575200",26,2019,10.0,1.0,2.0,4.0,2164928,1.0,1,1,2,5.0,,0.0,0,1963.0,A01,138Â 287Â 746,1.0,8.0,-1.0,1652916,3.0,7,,0.0,1.0,1.0,A01,138Â 287Â 746,1.0
968520,201900010051,10,18,07:50,2,2,2,1.0,7.0,25462,SAINT ETIENNE FAUBOURG,M,"46,9002000","6,3610280",25,2019,50.0,1.0,2.0,4.0,2164929,1.0,1,1,1,0.0,,-1.0,0,1968.0,A01,138Â 287Â 745,1.0,0.0,-1.0,1652917,2.0,10,,0.0,1.0,2.0,A01,138Â 287Â 745,0.0
968520,201900010051,10,18,07:50,2,2,2,1.0,7.0,25462,SAINT ETIENNE FAUBOURG,M,"46,9002000","6,3610280",25,2019,50.0,1.0,2.0,4.0,2164930,10.0,3,4,2,0.0,,3.0,3,1973.0,A01,138Â 287Â 745,8.0,0.0,-1.0,1652917,2.0,10,,0.0,1.0,2.0,A01,138Â 287Â 745,0.0
968521,201900010052,10,18,11:20,1,1,1,8.0,1.0,24053,VINCI (RUE LEONARD DE),M,"45,1876000","0,7822500",24,2019,70.0,1.0,1.0,3.0,2164931,1.0,1,1,1,4.0,,-1.0,0,1967.0,B01,138Â 287Â 743,1.0,0.0,-1.0,1652918,2.0,17,,0.0,2.0,1.0,B01,138Â 287Â 743,1.0
968521,201900010052,10,18,11:20,1,1,1,8.0,1.0,24053,VINCI (RUE LEONARD DE),M,"45,1876000","0,7822500",24,2019,70.0,1.0,1.0,3.0,2164931,1.0,1,1,1,4.0,,-1.0,0,1967.0,B01,138Â 287Â 743,1.0,0.0,-1.0,1652919,1.0,7,,0.0,2.0,1.0,A01,138Â 287Â 744,1.0
968521,201900010052,10,18,11:20,1,1,1,8.0,1.0,24053,VINCI (RUE LEONARD DE),M,"45,1876000","0,7822500",24,2019,70.0,1.0,1.0,3.0,2164932,2.0,2,3,1,5.0,,-1.0, -1,1940.0,A01,138Â 287Â 744,1.0,0.0,-1.0,1652918,2.0,17,,0.0,2.0,1.0,B01,138Â 287Â 743,1.0
968521,201900010052,10,18,11:20,1,1,1,8.0,1.0,24053,VINCI (RUE LEONARD DE),M,"45,1876000","0,7822500",24,2019,70.0,1.0,1.0,3.0,2164932,2.0,2,3,1,5.0,,-1.0, -1,1940.0,A01,138Â 287Â 744,1.0,0.0,-1.0,1652919,1.0,7,,0.0,2.0,1.0,A01,138Â 287Â 744,1.0
968521,201900010052,10,18,11:20,1,1,1,8.0,1.0,24053,VINCI (RUE LEONARD DE),M,"45,1876000","0,7822500",24,2019,70.0,1.0,1.0,3.0,2164933,1.0,1,2,2,5.0,,-1.0, -1,1946.0,A01,138Â 287Â 744,1.0,8.0,-1.0,1652918,2.0,17,,0.0,2.0,1.0,B01,138Â 287Â 743,1.0
968521,201900010052,10,18,11:20,1,1,1,8.0,1.0,24053,VINCI (RUE LEONARD DE),M,"45,1876000","0,7822500",24,2019,70.0,1.0,1.0,3.0,2164933,1.0,1,2,2,5.0,,-1.0, -1,1946.0,A01,138Â 287Â 744,1.0,8.0,-1.0,1652919,1.0,7,,0.0,2.0,1.0,A01,138Â 287Â 744,1.0
968522,201900010053,10,18,14:14,1,2,2,1.0,3.0,21231,CHEVREUL (RUE),M,"47,3089350","5,0378390",21,2019,50.0,1.0,1.0,4.0,2164934,1.0,1,3,2,0.0,,-1.0, -1,1994.0,B01,138Â 287Â 741,8.0,0.0,-1.0,1652920,3.0,1,,0.0,9.0,3.0,B01,138Â 287Â 741,5.0
968522,201900010053,10,18,14:14,1,2,2,1.0,3.0,21231,CHEVREUL (RUE),M,"47,3089350","5,0378390",21,2019,50.0,1.0,1.0,4.0,2164934,1.0,1,3,2,0.0,,-1.0, -1,1994.0,B01,138Â 287Â 741,8.0,0.0,-1.0,1652921,3.0,7,,0.0,9.0,2.0,A01,138Â 287Â 742,1.0
968522,201900010053,10,18,14:14,1,2,2,1.0,3.0,21231,CHEVREUL (RUE),M,"47,3089350","5,0378390",21,2019,50.0,1.0,1.0,4.0,2164935,1.0,1,1,1,5.0,,-1.0, -1,1992.0,A01,138Â 287Â 742,1.0,0.0,-1.0,1652920,3.0,1,,0.0,9.0,3.0,B01,138Â 287Â 741,5.0
968522,201900010053,10,18,14:14,1,2,2,1.0,3.0,21231,CHEVREUL (RUE),M,"47,3089350","5,0378390",21,2019,50.0,1.0,1.0,4.0,2164935,1.0,1,1,1,5.0,,-1.0, -1,1992.0,A01,138Â 287Â 742,1.0,0.0,-1.0,1652921,3.0,7,,0.0,9.0,2.0,A01,138Â 287Â 742,1.0
968523,201900010054,10,18,22:10,5,2,2,2.0,1.0,17300,GUITON   AVENUE JEAN (9-165 et 4),M,"46,1597100"," -1,1657600",17,2019,50.0,1.0,2.0,4.0,2164936,1.0,1,4,1,4.0,,-1.0,0,1997.0,A01,138Â 287Â 739,2.0,8.0,-1.0,1652922,1.0,30,,0.0,2.0,1.0,A01,138Â 287Â 739,1.0
968523,201900010054,10,18,22:10,5,2,2,2.0,1.0,17300,GUITON   AVENUE JEAN (9-165 et 4),M,"46,1597100"," -1,1657600",17,2019,50.0,1.0,2.0,4.0,2164936,1.0,1,4,1,4.0,,-1.0,0,1997.0,A01,138Â 287Â 739,2.0,8.0,-1.0,1652923,2.0,7,,0.0,2.0,2.0,B01,138Â 287Â 740,1.0
968523,201900010054,10,18,22:10,5,2,2,2.0,1.0,17300,GUITON   AVENUE JEAN (9-165 et 4),M,"46,1597100"," -1,1657600",17,2019,50.0,1.0,2.0,4.0,2164937,1.0,1,1,2,5.0,,-1.0,0,1935.0,B01,138Â 287Â 740,1.0,8.0,-1.0,1652922,1.0,30,,0.0,2.0,1.0,A01,138Â 287Â 739,1.0
968523,201900010054,10,18,22:10,5,2,2,2.0,1.0,17300,GUITON   AVENUE JEAN (9-165 et 4),M,"46,1597100"," -1,1657600",17,2019,50.0,1.0,2.0,4.0,2164937,1.0,1,1,2,5.0,,-1.0,0,1935.0,B01,138Â 287Â 740,1.0,8.0,-1.0,1652923,2.0,7,,0.0,2.0,2.0,B01,138Â 287Â 740,1.0
968524,201900010055,10,18,14:50,1,1,1,2.0,1.0,15014,BRIAND (AVENUE ARISTIDE),M,"44,9161000","2,4562000",15,2019,70.0,1.0,2.0,3.0,2164938,1.0,1,4,1,0.0,,-1.0, -1,1963.0,B01,138Â 287Â 737,1.0,0.0,-1.0,1652924,1.0,7,,0.0,2.0,1.0,B01,138Â 287Â 737,0.0
968524,201900010055,10,18,14:50,1,1,1,2.0,1.0,15014,BRIAND (AVENUE ARISTIDE),M,"44,9161000","2,4562000",15,2019,70.0,1.0,2.0,3.0,2164938,1.0,1,4,1,0.0,,-1.0, -1,1963.0,B01,138Â 287Â 737,1.0,0.0,-1.0,1652925,3.0,7,,0.0,2.0,1.0,A01,138Â 287Â 738,0.0
968524,201900010055,10,18,14:50,1,1,1,2.0,1.0,15014,BRIAND (AVENUE ARISTIDE),M,"44,9161000","2,4562000",15,2019,70.0,1.0,2.0,3.0,2164939,1.0,1,3,1,0.0,,-1.0, -1,2000.0,A01,138Â 287Â 738,1.0,5.0,-1.0,1652924,1.0,7,,0.0,2.0,1.0,B01,138Â 287Â 737,0.0
968524,201900010055,10,18,14:50,1,1,1,2.0,1.0,15014,BRIAND (AVENUE ARISTIDE),M,"44,9161000","2,4562000",15,2019,70.0,1.0,2.0,3.0,2164939,1.0,1,3,1,0.0,,-1.0, -1,2000.0,A01,138Â 287Â 738,1.0,5.0,-1.0,1652925,3.0,7,,0.0,2.0,1.0,A01,138Â 287Â 738,0.0
968525,201900010056,10,18,16:15,1,2,1,8.0,2.0,14118,DELIVRANDE (RUE DE LA),M,"49,1817100"," -0,3636600",14,2019,-1.0,1.0,1.0,4.0,2164940,1.0,1,4,1,-1.0,,-1.0, -1,2002.0,A01,138Â 287Â 735,0.0,-1.0,-1.0,1652926,1.0,34,,0.0,2.0,1.0,A01,138Â 287Â 735,1.0
968525,201900010056,10,18,16:15,1,2,1,8.0,2.0,14118,DELIVRANDE (RUE DE LA),M,"49,1817100"," -0,3636600",14,2019,-1.0,1.0,1.0,4.0,2164940,1.0,1,4,1,-1.0,,-1.0, -1,2002.0,A01,138Â 287Â 735,0.0,-1.0,-1.0,1652927,1.0,7,,0.0,0.0,4.0,B01,138Â 287Â 736,1.0
968525,201900010056,10,18,16:15,1,2,1,8.0,2.0,14118,DELIVRANDE (RUE DE LA),M,"49,1817100"," -0,3636600",14,2019,-1.0,1.0,1.0,4.0,2164941,1.0,1,1,1,-1.0,,-1.0, -1,1996.0,B01,138Â 287Â 736,0.0,-1.0,-1.0,1652926,1.0,34,,0.0,2.0,1.0,A01,138Â 287Â 735,1.0
968525,201900010056,10,18,16:15,1,2,1,8.0,2.0,14118,DELIVRANDE (RUE DE LA),M,"49,1817100"," -0,3636600",14,2019,-1.0,1.0,1.0,4.0,2164941,1.0,1,1,1,-1.0,,-1.0, -1,1996.0,B01,138Â 287Â 736,0.0,-1.0,-1.0,1652927,1.0,7,,0.0,0.0,4.0,B01,138Â 287Â 736,1.0
968526,201900010057,10,18,14:30,1,2,9,1.0,3.0,13117,PADOVANI ( AVE ),M,"43,4392400","5,2556300",13,2019,50.0,1.0,1.0,4.0,2164942,1.0,1,4,2,0.0,,-1.0, -1,1958.0,B01,138Â 287Â 733,1.0,0.0,-1.0,1652928,0.0,7,,0.0,2.0,2.0,B01,138Â 287Â 733,1.0
968526,201900010057,10,18,14:30,1,2,9,1.0,3.0,13117,PADOVANI ( AVE ),M,"43,4392400","5,2556300",13,2019,50.0,1.0,1.0,4.0,2164942,1.0,1,4,2,0.0,,-1.0, -1,1958.0,B01,138Â 287Â 733,1.0,0.0,-1.0,1652929,3.0,7,,0.0,2.0,1.0,A01,138Â 287Â 734,1.0