Unnamed: 0_x,num_acc,mois,jour,hrmn,lum,agg,int,atm,col,com,adr,gps,lat,long,dep,annee,vma,situ,surf,catr,Unnamed: 0_y,place,catu,grav,sexe,trajet,secu,locp,actp,an_nais,num_veh_x,id_vehicule_x,secu1,secu2,secu3,Unnamed: 0,senc,catv,occutc,obs,obsm,choc,num_veh_y,id_vehicule_y,motor
968526,201900010057,10,18,14:30,1,2,9,1.0,3.0,13117,PADOVANI ( AVE ),M,"43,4392400","5,2556300",13,2019,50.0,1.0,1.0,4.0,2164943,2.0,2,1,2,0.0,,-1.0, -1,1977.0,A01,138Â 287Â 734,1.0,0.0,-1.0,1652928,0.0,7,,0.0,2.0,2.0,B01,138Â 287Â 733,1.0
968526,201900010057,10,18,14:30,1,2,9,1.0,3.0,13117,PADOVANI ( AVE ),M,"43,4392400","5,2556300",13,2019,50.0,1.0,1.0,4.0,2164943,2.0,2,1,2,0.0,,-1.0, -1,1977.0,A01,138Â 287Â 734,1.0,0.0,-1.0,1652929,3.0,7,,0.0,2.0,1.0,A01,138Â 287Â 734,1.0
968526,201900010057,10,18,14:30,1,2,9,1.0,3.0,13117,PADOVANI ( AVE ),M,"43,4392400","5,2556300",13,2019,50.0,1.0,1.0,4.0,2164944,1.0,1,4,1,0.0,,-1.0, -1,1958.0,A01,138Â 287Â 734,1.0,0.0,-1.0,1652928,0.0,7,,0.0,2.0,2.0,B01,138Â 287Â 733,1.0
968526,201900010057,10,18,14:30,1,2,9,1.0,3.0,13117,PADOVANI ( AVE ),M,"43,4392400","5,2556300",13,2019,50.0,1.0,1.0,4.0,2164944,1.0,1,4,1,0.0,,-1.0, -1,1958.0,A01,138Â 287Â 734,1.0,0.0,-1.0,1652929,3.0,7,,0.0,2.0,1.0,A01,138Â 287Â 734,1.0
968527,201900010058,10,18,21:10,5,2,3,1.0,2.0,13206,PARADIS (RUE),M,"43,2877080","5,3702210",13,2019,50.0,1.0,1.0,4.0,2164945,1.0,1,1,1,5.0,,-1.0, -1,1961.0,B01,138Â 287Â 731,1.0,0.0,-1.0,1652930,2.0,7,,0.0,2.0,5.0,B01,138Â 287Â 731,1.0
968527,201900010058,10,18,21:10,5,2,3,1.0,2.0,13206,PARADIS (RUE),M,"43,2877080","5,3702210",13,2019,50.0,1.0,1.0,4.0,2164945,1.0,1,1,1,5.0,,-1.0, -1,1961.0,B01,138Â 287Â 731,1.0,0.0,-1.0,1652931,2.0,31,,0.0,2.0,1.0,A01,138Â 287Â 732,1.0
968527,201900010058,10,18,21:10,5,2,3,1.0,2.0,13206,PARADIS (RUE),M,"43,2877080","5,3702210",13,2019,50.0,1.0,1.0,4.0,2164946,1.0,1,4,1,1.0,,-1.0, -1,1901.0,A01,138Â 287Â 732,2.0,0.0,-1.0,1652930,2.0,7,,0.0,2.0,5.0,B01,138Â 287Â 731,1.0
968527,201900010058,10,18,21:10,5,2,3,1.0,2.0,13206,PARADIS (RUE),M,"43,2877080","5,3702210",13,2019,50.0,1.0,1.0,4.0,2164946,1.0,1,4,1,1.0,,-1.0, -1,1901.0,A01,138Â 287Â 732,2.0,0.0,-1.0,1652931,2.0,31,,0.0,2.0,1.0,A01,138Â 287Â 732,1.0
968528,201900010059,10,18,16:45,1,2,3,1.0,3.0,13208,PRADO (AVENUE DU),M,"43,2741200","5,3904900",13,2019,50.0,1.0,1.0,4.0,2164947,1.0,1,4,1,5.0,,-1.0, -1,2002.0,B01,138Â 287Â 729,8.0,0.0,-1.0,1652932,0.0,1,,0.0,0.0,0.0,B01,138Â 287Â 729,0.0
968528,201900010059,10,18,16:45,1,2,3,1.0,3.0,13208,PRADO (AVENUE DU),M,"43,2741200","5,3904900",13,2019,50.0,1.0,1.0,4.0,2164947,1.0,1,4,1,5.0,,-1.0, -1,2002.0,B01,138Â 287Â 729,8.0,0.0,-1.0,1652933,2.0,7,,0.0,2.0,0.0,A01,138Â 287Â 730,1.0
968528,201900010059,10,18,16:45,1,2,3,1.0,3.0,13208,PRADO (AVENUE DU),M,"43,2741200","5,3904900",13,2019,50.0,1.0,1.0,4.0,2164948,1.0,1,1,1,0.0,,-1.0, -1,1960.0,A01,138Â 287Â 730,8.0,0.0,-1.0,1652932,0.0,1,,0.0,0.0,0.0,B01,138Â 287Â 729,0.0
968528,201900010059,10,18,16:45,1,2,3,1.0,3.0,13208,PRADO (AVENUE DU),M,"43,2741200","5,3904900",13,2019,50.0,1.0,1.0,4.0,2164948,1.0,1,1,1,0.0,,-1.0, -1,1960.0,A01,138Â 287Â 730,8.0,0.0,-1.0,1652933,2.0,7,,0.0,2.0,0.0,A01,138Â 287Â 730,1.0
968529,201900010060,10,18,17:55,1,1,1,1.0,6.0,13211,RTE D' ALLAUCH,M,"43,3103900","5,4999400",13,2019,50.0,1.0,1.0,3.0,2164949,1.0,1,3,1,1.0,,0.0,0,1990.0,A01,138Â 287Â 728,2.0,6.0,-1.0,1652934,1.0,33,,0.0,1.0,2.0,A01,138Â 287Â 728,1.0
968529,201900010060,10,18,17:55,1,1,1,1.0,6.0,13211,RTE D' ALLAUCH,M,"43,3103900","5,4999400",13,2019,50.0,1.0,1.0,3.0,2164950,10.0,3,2,1,4.0,,1.0,3,1991.0,A01,138Â 287Â 728,8.0,0.0,-1.0,1652934,1.0,33,,0.0,1.0,2.0,A01,138Â 287Â 728,1.0
968530,201900010061,10,18,14:15,1,2,1,1.0,6.0,13214,SAINTE MARTHE (chemin),M,"43,3311800","5,3890900",13,2019,50.0,1.0,1.0,4.0,2164951,1.0,1,1,1,0.0,,-1.0, -1,2001.0,Z01,138Â 287Â 727,2.0,0.0,-1.0,1652935,0.0,2,,0.0,1.0,1.0,Z01,138Â 287Â 727,1.0
968530,201900010061,10,18,14:15,1,2,1,1.0,6.0,13214,SAINTE MARTHE (chemin),M,"43,3311800","5,3890900",13,2019,50.0,1.0,1.0,4.0,2164952,10.0,3,4,1,0.0,,2.0,3,2004.0,Z01,138Â 287Â 727,0.0,0.0,-1.0,1652935,0.0,2,,0.0,1.0,1.0,Z01,138Â 287Â 727,1.0
968531,201900010062,10,18,13:50,1,2,1,1.0,3.0,13202,DAMES (BOULEVARD DES),M,"43,3020000","5,3723000",13,2019,50.0,1.0,1.0,4.0,2164953,2.0,1,4,1,5.0,,-1.0, -1,1983.0,B01,138Â 287Â 725,2.0,0.0,-1.0,1652936,1.0,31,,0.0,2.0,1.0,B01,138Â 287Â 725,1.0
968531,201900010062,10,18,13:50,1,2,1,1.0,3.0,13202,DAMES (BOULEVARD DES),M,"43,3020000","5,3723000",13,2019,50.0,1.0,1.0,4.0,2164953,2.0,1,4,1,5.0,,-1.0, -1,1983.0,B01,138Â 287Â 725,2.0,0.0,-1.0,1652937,1.0,10,,0.0,2.0,2.0,A01,138Â 287Â 726,1.0
968531,201900010062,10,18,13:50,1,2,1,1.0,3.0,13202,DAMES (BOULEVARD DES),M,"43,3020000","5,3723000",13,2019,50.0,1.0,1.0,4.0,2164954,1.0,1,1,1,1.0,,-1.0, -1,1959.0,A01,138Â 287Â 726,1.0,0.0,-1.0,1652936,1.0,31,,0.0,2.0,1.0,B01,138Â 287Â 725,1.0
968531,201900010062,10,18,13:50,1,2,1,1.0,3.0,13202,DAMES (BOULEVARD DES),M,"43,3020000","5,3723000",13,2019,50.0,1.0,1.0,4.0,2164954,1.0,1,1,1,1.0,,-1.0, -1,1959.0,A01,138Â 287Â 726,1.0,0.0,-1.0,1652937,1.0,10,,0.0,2.0,2.0,A01,138Â 287Â 726,1.0
968532,201900010063,10,17,17:20,1,2,1,2.0,2.0,10325,PASTEUR (RUE),M,"48,2629079","4,0808737",10,2019,50.0,1.0,2.0,3.0,2164955,1.0,1,4,2,0.0,,-1.0,0,1987.0,A01,138Â 287Â 723,1.0,0.0,-1.0,1652938,1.0,7,,0.0,2.0,1.0,A01,138Â 287Â 723,1.0
968532,201900010063,10,17,17:20,1,2,1,2.0,2.0,10325,PASTEUR (RUE),M,"48,2629079","4,0808737",10,2019,50.0,1.0,2.0,3.0,2164955,1.0,1,4,2,0.0,,-1.0,0,1987.0,A01,138Â 287Â 723,1.0,0.0,-1.0,1652939,1.0,7,,0.0,2.0,4.0,B01,138Â 287Â 724,1.0
968532,201900010063,10,17,17:20,1,2,1,2.0,2.0,10325,PASTEUR (RUE),M,"48,2629079","4,0808737",10,2019,50.0,1.0,2.0,3.0,2164956,4.0,2,4,2,0.0,,-1.0, -1,2014.0,A01,138Â 287Â 723,1.0,0.0,-1.0,1652938,1.0,7,,0.0,2.0,1.0,A01,138Â 287Â 723,1.0
968532,201900010063,10,17,17:20,1,2,1,2.0,2.0,10325,PASTEUR (RUE),M,"48,2629079","4,0808737",10,2019,50.0,1.0,2.0,3.0,2164956,4.0,2,4,2,0.0,,-1.0, -1,2014.0,A01,138Â 287Â 723,1.0,0.0,-1.0,1652939,1.0,7,,0.0,2.0,4.0,B01,138Â 287Â 724,1.0
968532,201900010063,10,17,17:20,1,2,1,2.0,2.0,10325,PASTEUR (RUE),M,"48,2629079","4,0808737",10,2019,50.0,1.0,2.0,3.0,2164957,2.0,2,1,1,0.0,,-1.0, -1,2012.0,A01,138Â 287Â 723,1.0,0.0,-1.0,1652938,1.0,7,,0.0,2.0,1.0,A01,138Â 287Â 723,1.0
968532,201900010063,10,17,17:20,1,2,1,2.0,2.0,10325,PASTEUR (RUE),M,"48,2629079","4,0808737",10,2019,50.0,1.0,2.0,3.0,2164957,2.0,2,1,1,0.0,,-1.0, -1,2012.0,A01,138Â 287Â 723,1.0,0.0,-1.0,1652939,1.0,7,,0.0,2.0,4.0,B01,138Â 287Â 724,1.0
968532,201900010063,10,17,17:20,1,2,1,2.0,2.0,10325,PASTEUR (RUE),M,"48,2629079","4,0808737",10,2019,50.0,1.0,2.0,3.0,2164958,1.0,1,4,2,0.0,,-1.0,0,1986.0,B01,138Â 287Â 724,1.0,0.0,-1.0,1652938,1.0,7,,0.0,2.0,1.0,A01,138Â 287Â 723,1.0
968532,201900010063,10,17,17:20,1,2,1,2.0,2.0,10325,PASTEUR (RUE),M,"48,2629079","4,0808737",10,2019,50.0,1.0,2.0,3.0,2164958,1.0,1,4,2,0.0,,-1.0,0,1986.0,B01,138Â 287Â 724,1.0,0.0,-1.0,1652939,1.0,7,,0.0,2.0,4.0,B01,138Â 287Â 724,1.0
968533,201900010064,10,18,15:47,1,2,1,8.0,6.0,10387,PREMIER RAM (RUE DU),M,"48,2957900","4,0735300",10,2019,50.0,2.0,2.0,4.0,2164959,2.0,2,1,2,5.0,,-1.0,0,1937.0,A01,138Â 287Â 722,1.0,0.0,-1.0,1652940,1.0,7,,0.0,1.0,2.0,A01,138Â 287Â 722,1.0
968533,201900010064,10,18,15:47,1,2,1,8.0,6.0,10387,PREMIER RAM (RUE DU),M,"48,2957900","4,0735300",10,2019,50.0,2.0,2.0,4.0,2164960,1.0,1,1,1,5.0,,-1.0,0,1936.0,A01,138Â 287Â 722,1.0,0.0,-1.0,1652940,1.0,7,,0.0,1.0,2.0,A01,138Â 287Â 722,1.0
968533,201900010064,10,18,15:47,1,2,1,8.0,6.0,10387,PREMIER RAM (RUE DU),M,"48,2957900","4,0735300",10,2019,50.0,2.0,2.0,4.0,2164961,10.0,3,3,2,4.0,,4.0,3,1971.0,A01,138Â 287Â 722,8.0,0.0,-1.0,1652940,1.0,7,,0.0,1.0,2.0,A01,138Â 287Â 722,1.0
968534,201900010065,10,18,08:30,1,2,3,2.0,3.0,10387,LOMBARDS (AVENUE),M,"48,2690000","4,0846000",10,2019,50.0,1.0,2.0,4.0,2164962,1.0,1,4,2,2.0,,-1.0, -1,1983.0,A01,138Â 287Â 720,1.0,0.0,-1.0,1652941,2.0,3,,0.0,2.0,1.0,A01,138Â 287Â 720,1.0
968534,201900010065,10,18,08:30,1,2,3,2.0,3.0,10387,LOMBARDS (AVENUE),M,"48,2690000","4,0846000",10,2019,50.0,1.0,2.0,4.0,2164962,1.0,1,4,2,2.0,,-1.0, -1,1983.0,A01,138Â 287Â 720,1.0,0.0,-1.0,1652942,1.0,7,,0.0,2.0,1.0,B01,138Â 287Â 721,1.0
968534,201900010065,10,18,08:30,1,2,3,2.0,3.0,10387,LOMBARDS (AVENUE),M,"48,2690000","4,0846000",10,2019,50.0,1.0,2.0,4.0,2164963,1.0,1,1,1,1.0,,-1.0, -1,1989.0,B01,138Â 287Â 721,1.0,0.0,-1.0,1652941,2.0,3,,0.0,2.0,1.0,A01,138Â 287Â 720,1.0
968534,201900010065,10,18,08:30,1,2,3,2.0,3.0,10387,LOMBARDS (AVENUE),M,"48,2690000","4,0846000",10,2019,50.0,1.0,2.0,4.0,2164963,1.0,1,1,1,1.0,,-1.0, -1,1989.0,B01,138Â 287Â 721,1.0,0.0,-1.0,1652942,1.0,7,,0.0,2.0,1.0,B01,138Â 287Â 721,1.0
968535,201900010066,10,18,19:00,4,2,2,3.0,6.0,06088,DEROULEDE (RUE PAUL),M,"43,7009210","7,2666100",6,2019,50.0,1.0,2.0,4.0,2164964,1.0,1,1,1,5.0,,0.0,0,1969.0,A01,138Â 287Â 719,1.0,8.0,-1.0,1652943,2.0,7,,0.0,1.0,2.0,A01,138Â 287Â 719,1.0
968535,201900010066,10,18,19:00,4,2,2,3.0,6.0,06088,DEROULEDE (RUE PAUL),M,"43,7009210","7,2666100",6,2019,50.0,1.0,2.0,4.0,2164965,10.0,3,4,2,0.0,,3.0,3,1934.0,A01,138Â 287Â 719,0.0,0.0,0.0,1652943,2.0,7,,0.0,1.0,2.0,A01,138Â 287Â 719,1.0
968536,201900010067,10,18,10:05,1,2,2,1.0,3.0,06088,SOLA (BD PIERRE),M,"43,7064280","7,2885170",6,2019,50.0,1.0,1.0,4.0,2164966,1.0,1,1,1,0.0,,0.0,0,1980.0,A01,138Â 287Â 717,1.0,0.0,-1.0,1652944,1.0,7,,0.0,2.0,2.0,A01,138Â 287Â 717,1.0
968536,201900010067,10,18,10:05,1,2,2,1.0,3.0,06088,SOLA (BD PIERRE),M,"43,7064280","7,2885170",6,2019,50.0,1.0,1.0,4.0,2164966,1.0,1,1,1,0.0,,0.0,0,1980.0,A01,138Â 287Â 717,1.0,0.0,-1.0,1652945,1.0,33,,8.0,2.0,1.0,B01,138Â 287Â 718,1.0
968536,201900010067,10,18,10:05,1,2,2,1.0,3.0,06088,SOLA (BD PIERRE),M,"43,7064280","7,2885170",6,2019,50.0,1.0,1.0,4.0,2164967,1.0,1,4,1,1.0,,0.0,0,1996.0,B01,138Â 287Â 718,2.0,6.0,-1.0,1652944,1.0,7,,0.0,2.0,2.0,A01,138Â 287Â 717,1.0
968536,201900010067,10,18,10:05,1,2,2,1.0,3.0,06088,SOLA (BD PIERRE),M,"43,7064280","7,2885170",6,2019,50.0,1.0,1.0,4.0,2164967,1.0,1,4,1,1.0,,0.0,0,1996.0,B01,138Â 287Â 718,2.0,6.0,-1.0,1652945,1.0,33,,8.0,2.0,1.0,B01,138Â 287Â 718,1.0
968537,201900010068,10,18,08:00,1,2,2,1.0,6.0,06088,BEAL (RUE DU),M,"43,7010220","7,2887380",6,2019,50.0,1.0,9.0,4.0,2164968,10.0,3,4,1,2.0,,3.0,3,2007.0,A01,138Â 287Â 716,8.0,0.0,-1.0,1652946,1.0,7,,14.0,0.0,1.0,A01,138Â 287Â 716,1.0
968537,201900010068,10,18,08:00,1,2,2,1.0,6.0,06088,BEAL (RUE DU),M,"43,7010220","7,2887380",6,2019,50.0,1.0,9.0,4.0,2164969,1.0,1,1,1,0.0,,0.0,0,1986.0,A01,138Â 287Â 716,1.0,0.0,-1.0,1652946,1.0,7,,14.0,0.0,1.0,A01,138Â 287Â 716,1.0
968538,201900010069,10,18,21:40,3,1,1,2.0,3.0,06027,GAUDE AVENUE DE LA,M,"43,6991660","7,1494710",6,2019,90.0,1.0,2.0,7.0,2164970,1.0,1,1,2,0.0,,0.0,0,1999.0,A01,138Â 287Â 714,1.0,0.0,-1.0,1652947,2.0,7,,0.0,2.0,1.0,A01,138Â 287Â 714,1.0
968538,201900010069,10,18,21:40,3,1,1,2.0,3.0,06027,GAUDE AVENUE DE LA,M,"43,6991660","7,1494710",6,2019,90.0,1.0,2.0,7.0,2164970,1.0,1,1,2,0.0,,0.0,0,1999.0,A01,138Â 287Â 714,1.0,0.0,-1.0,1652948,1.0,34,,0.0,2.0,1.0,B01,138Â 287Â 715,1.0
968538,201900010069,10,18,21:40,3,1,1,2.0,3.0,06027,GAUDE AVENUE DE LA,M,"43,6991660","7,1494710",6,2019,90.0,1.0,2.0,7.0,2164971,1.0,1,4,1,0.0,,0.0,0,1968.0,B01,138Â 287Â 715,2.0,6.0,-1.0,1652947,2.0,7,,0.0,2.0,1.0,A01,138Â 287Â 714,1.0
968538,201900010069,10,18,21:40,3,1,1,2.0,3.0,06027,GAUDE AVENUE DE LA,M,"43,6991660","7,1494710",6,2019,90.0,1.0,2.0,7.0,2164971,1.0,1,4,1,0.0,,0.0,0,1968.0,B01,138Â 287Â 715,2.0,6.0,-1.0,1652948,1.0,34,,0.0,2.0,1.0,B01,138Â 287Â 715,1.0
968539,201900010070,10,18,06:30,5,2,1,1.0,3.0,06027,NICE AVENUE DE (RN7),M,"43,6595750","7,1691540",6,2019,50.0,1.0,1.0,7.0,2164972,1.0,1,1,1,3.0,,0.0,0,1975.0,A01,138Â 287Â 712,1.0,8.0,-1.0,1652949,1.0,7,,0.0,2.0,7.0,A01,138Â 287Â 712,1.0
968539,201900010070,10,18,06:30,5,2,1,1.0,3.0,06027,NICE AVENUE DE (RN7),M,"43,6595750","7,1691540",6,2019,50.0,1.0,1.0,7.0,2164972,1.0,1,1,1,3.0,,0.0,0,1975.0,A01,138Â 287Â 712,1.0,8.0,-1.0,1652950,2.0,33,,0.0,2.0,1.0,B01,138Â 287Â 713,1.0
968539,201900010070,10,18,06:30,5,2,1,1.0,3.0,06027,NICE AVENUE DE (RN7),M,"43,6595750","7,1691540",6,2019,50.0,1.0,1.0,7.0,2164973,1.0,1,4,1,1.0,,0.0,0,1991.0,B01,138Â 287Â 713,2.0,6.0,-1.0,1652949,1.0,7,,0.0,2.0,7.0,A01,138Â 287Â 712,1.0
968539,201900010070,10,18,06:30,5,2,1,1.0,3.0,06027,NICE AVENUE DE (RN7),M,"43,6595750","7,1691540",6,2019,50.0,1.0,1.0,7.0,2164973,1.0,1,4,1,1.0,,0.0,0,1991.0,B01,138Â 287Â 713,2.0,6.0,-1.0,1652950,2.0,33,,0.0,2.0,1.0,B01,138Â 287Â 713,1.0
968540,201900010071,10,18,08:10,1,2,1,2.0,3.0,75119,BD PERIPHERIQUE EXTERIEUR,M,"48,8936100","2,3952870",75,2019,70.0,1.0,2.0,4.0,2164974,1.0,1,4,1,1.0,,0.0,0,1982.0,B01,138Â 287Â 710,2.0,6.0,-1.0,1652951,2.0,30,,0.0,2.0,8.0,B01,138Â 287Â 710,1.0
968540,201900010071,10,18,08:10,1,2,1,2.0,3.0,75119,BD PERIPHERIQUE EXTERIEUR,M,"48,8936100","2,3952870",75,2019,70.0,1.0,2.0,4.0,2164974,1.0,1,4,1,1.0,,0.0,0,1982.0,B01,138Â 287Â 710,2.0,6.0,-1.0,1652952,2.0,7,,0.0,2.0,2.0,A01,138Â 287Â 711,1.0
968540,201900010071,10,18,08:10,1,2,1,2.0,3.0,75119,BD PERIPHERIQUE EXTERIEUR,M,"48,8936100","2,3952870",75,2019,70.0,1.0,2.0,4.0,2164975,1.0,1,1,1,4.0,,0.0,0,1992.0,A01,138Â 287Â 711,1.0,0.0,-1.0,1652951,2.0,30,,0.0,2.0,8.0,B01,138Â 287Â 710,1.0
968540,201900010071,10,18,08:10,1,2,1,2.0,3.0,75119,BD PERIPHERIQUE EXTERIEUR,M,"48,8936100","2,3952870",75,2019,70.0,1.0,2.0,4.0,2164975,1.0,1,1,1,4.0,,0.0,0,1992.0,A01,138Â 287Â 711,1.0,0.0,-1.0,1652952,2.0,7,,0.0,2.0,2.0,A01,138Â 287Â 711,1.0
968541,201900010072,10,17,09:30,1,2,1,1.0,3.0,75116,BD PERIPHERIQUE EXTERIEUR,M,"48,8705970","2,2723520",75,2019,70.0,1.0,1.0,4.0,2164976,1.0,1,4,1,1.0,,0.0,0,1964.0,B01,138Â 287Â 708,2.0,6.0,-1.0,1652953,2.0,33,,0.0,2.0,8.0,B01,138Â 287Â 708,1.0
968541,201900010072,10,17,09:30,1,2,1,1.0,3.0,75116,BD PERIPHERIQUE EXTERIEUR,M,"48,8705970","2,2723520",75,2019,70.0,1.0,1.0,4.0,2164976,1.0,1,4,1,1.0,,0.0,0,1964.0,B01,138Â 287Â 708,2.0,6.0,-1.0,1652954,2.0,7,,0.0,2.0,7.0,A01,138Â 287Â 709,1.0
968541,201900010072,10,17,09:30,1,2,1,1.0,3.0,75116,BD PERIPHERIQUE EXTERIEUR,M,"48,8705970","2,2723520",75,2019,70.0,1.0,1.0,4.0,2164977,1.0,1,1,2,1.0,,0.0,0,1975.0,A01,138Â 287Â 709,1.0,0.0,-1.0,1652953,2.0,33,,0.0,2.0,8.0,B01,138Â 287Â 708,1.0
968541,201900010072,10,17,09:30,1,2,1,1.0,3.0,75116,BD PERIPHERIQUE EXTERIEUR,M,"48,8705970","2,2723520",75,2019,70.0,1.0,1.0,4.0,2164977,1.0,1,1,2,1.0,,0.0,0,1975.0,A01,138Â 287Â 709,1.0,0.0,-1.0,1652954,2.0,7,,0.0,2.0,7.0,A01,138Â 287Â 709,1.0
968542,201900010073,10,16,21:53,5,2,1,2.0,6.0,75113,BD PERIPHERIQUE EXTERIEUR,M,"48,8182630","2,3694570",75,2019,70.0,1.0,2.0,4.0,2164978,1.0,1,3,1,5.0,,0.0,0,1960.0,A01,138Â 287Â 706,2.0,6.0,-1.0,1652955,1.0,31,,0.0,2.0,1.0,A01,138Â 287Â 706,1.0
968542,201900010073,10,16,21:53,5,2,1,2.0,6.0,75113,BD PERIPHERIQUE EXTERIEUR,M,"48,8182630","2,3694570",75,2019,70.0,1.0,2.0,4.0,2164978,1.0,1,3,1,5.0,,0.0,0,1960.0,A01,138Â 287Â 706,2.0,6.0,-1.0,1652956,1.0,7,,0.0,2.0,5.0,Z01,138Â 287Â 707,1.0
968542,201900010073,10,16,21:53,5,2,1,2.0,6.0,75113,BD PERIPHERIQUE EXTERIEUR,M,"48,8182630","2,3694570",75,2019,70.0,1.0,2.0,4.0,2164979,1.0,1,1,1,0.0,,0.0,0,1983.0,Z01,138Â 287Â 707,1.0,0.0,-1.0,1652955,1.0,31,,0.0,2.0,1.0,A01,138Â 287Â 706,1.0
968542,201900010073,10,16,21:53,5,2,1,2.0,6.0,75113,BD PERIPHERIQUE EXTERIEUR,M,"48,8182630","2,3694570",75,2019,70.0,1.0,2.0,4.0,2164979,1.0,1,1,1,0.0,,0.0,0,1983.0,Z01,138Â 287Â 707,1.0,0.0,-1.0,1652956,1.0,7,,0.0,2.0,5.0,Z01,138Â 287Â 707,1.0
968543,201900010074,10,18,06:55,5,2,2,3.0,3.0,75120,RUE D AVRON,M,"48,8527034","2,4061050",75,2019,50.0,1.0,2.0,4.0,2164980,1.0,1,1,1,0.0,,0.0,0,1954.0,A01,138Â 287Â 704,1.0,8.0,-1.0,1652957,2.0,7,,0.0,2.0,2.0,A01,138Â 287Â 704,1.0
968543,201900010074,10,18,06:55,5,2,2,3.0,3.0,75120,RUE D AVRON,M,"48,8527034","2,4061050",75,2019,50.0,1.0,2.0,4.0,2164980,1.0,1,1,1,0.0,,0.0,0,1954.0,A01,138Â 287Â 704,1.0,8.0,-1.0,1652958,1.0,2,,0.0,2.0,1.0,B01,138Â 287Â 705,1.0
968543,201900010074,10,18,06:55,5,2,2,3.0,3.0,75120,RUE D AVRON,M,"48,8527034","2,4061050",75,2019,50.0,1.0,2.0,4.0,2164981,1.0,1,4,1,0.0,,0.0,0,1971.0,B01,138Â 287Â 705,2.0,6.0,-1.0,1652957,2.0,7,,0.0,2.0,2.0,A01,138Â 287Â 704,1.0
968543,201900010074,10,18,06:55,5,2,2,3.0,3.0,75120,RUE D AVRON,M,"48,8527034","2,4061050",75,2019,50.0,1.0,2.0,4.0,2164981,1.0,1,4,1,0.0,,0.0,0,1971.0,B01,138Â 287Â 705,2.0,6.0,-1.0,1652958,1.0,2,,0.0,2.0,1.0,B01,138Â 287Â 705,1.0
968544,201900010075,10,18,17:41,1,2,1,1.0,3.0,75119,AVENUE DE FLANDRE,M,"48,8904340","2,3766974",75,2019,50.0,1.0,1.0,4.0,2164982,2.0,2,4,2,0.0,,0.0,0,2008.0,B01,138Â 287Â 702,2.0,6.0,-1.0,1652959,1.0,33,,0.0,2.0,7.0,B01,138Â 287Â 702,1.0
968544,201900010075,10,18,17:41,1,2,1,1.0,3.0,75119,AVENUE DE FLANDRE,M,"48,8904340","2,3766974",75,2019,50.0,1.0,1.0,4.0,2164982,2.0,2,4,2,0.0,,0.0,0,2008.0,B01,138Â 287Â 702,2.0,6.0,-1.0,1652960,1.0,10,,0.0,2.0,6.0,A01,138Â 287Â 703,1.0
968544,201900010075,10,18,17:41,1,2,1,1.0,3.0,75119,AVENUE DE FLANDRE,M,"48,8904340","2,3766974",75,2019,50.0,1.0,1.0,4.0,2164983,1.0,1,1,1,0.0,,0.0,0,1971.0,B01,138Â 287Â 702,2.0,6.0,-1.0,1652959,1.0,33,,0.0,2.0,7.0,B01,138Â 287Â 702,1.0
968544,201900010075,10,18,17:41,1,2,1,1.0,3.0,75119,AVENUE DE FLANDRE,M,"48,8904340","2,3766974",75,2019,50.0,1.0,1.0,4.0,2164983,1.0,1,1,1,0.0,,0.0,0,1971.0,B01,138Â 287Â 702,2.0,6.0,-1.0,1652960,1.0,10,,0.0,2.0,6.0,A01,138Â 287Â 703,1.0
968544,201900010075,10,18,17:41,1,2,1,1.0,3.0,75119,AVENUE DE FLANDRE,M,"48,8904340","2,3766974",75,2019,50.0,1.0,1.0,4.0,2164984,1.0,1,1,1,4.0,,0.0,0,1992.0,A01,138Â 287Â 703,1.0,0.0,-1.0,1652959,1.0,33,,0.0,2.0,7.0,B01,138Â 287Â 702,1.0
968544,201900010075,10,18,17:41,1,2,1,1.0,3.0,75119,AVENUE DE FLANDRE,M,"48,8904340","2,3766974",75,2019,50.0,1.0,1.0,4.0,2164984,1.0,1,1,1,4.0,,0.0,0,1992.0,A01,138Â 287Â 703,1.0,0.0,-1.0,1652960,1.0,10,,0.0,2.0,6.0,A01,138Â 287Â 703,1.0
968545,201900010076,10,18,08:25,1,2,2,2.0,3.0,75119,AVENUE DE FLANDRE,M,"48,8923245","2,3791355",75,2019,50.0,1.0,2.0,4.0,2164985,1.0,1,4,1,1.0,,0.0,0,1998.0,A01,138Â 287Â 700,2.0,6.0,-1.0,1652961,1.0,2,,0.0,2.0,1.0,A01,138Â 287Â 700,1.0
968545,201900010076,10,18,08:25,1,2,2,2.0,3.0,75119,AVENUE DE FLANDRE,M,"48,8923245","2,3791355",75,2019,50.0,1.0,2.0,4.0,2164985,1.0,1,4,1,1.0,,0.0,0,1998.0,A01,138Â 287Â 700,2.0,6.0,-1.0,1652962,1.0,1,,0.0,2.0,3.0,B01,138Â 287Â 701,5.0
968545,201900010076,10,18,08:25,1,2,2,2.0,3.0,75119,AVENUE DE FLANDRE,M,"48,8923245","2,3791355",75,2019,50.0,1.0,2.0,4.0,2164986,1.0,1,4,1,1.0,,0.0,0,1982.0,B01,138Â 287Â 701,8.0,0.0,-1.0,1652961,1.0,2,,0.0,2.0,1.0,A01,138Â 287Â 700,1.0
968545,201900010076,10,18,08:25,1,2,2,2.0,3.0,75119,AVENUE DE FLANDRE,M,"48,8923245","2,3791355",75,2019,50.0,1.0,2.0,4.0,2164986,1.0,1,4,1,1.0,,0.0,0,1982.0,B01,138Â 287Â 701,8.0,0.0,-1.0,1652962,1.0,1,,0.0,2.0,3.0,B01,138Â 287Â 701,5.0