Unnamed: 0_x,num_acc,mois,jour,hrmn,lum,agg,int,atm,col,com,adr,gps,lat,long,dep,annee,vma,situ,surf,catr,Unnamed: 0_y,place,catu,grav,sexe,trajet,secu,locp,actp,an_nais,num_veh_x,id_vehicule_x,secu1,secu2,secu3,Unnamed: 0,senc,catv,occutc,obs,obsm,choc,num_veh_y,id_vehicule_y,motor
968546,201900010077,10,18,16:15,1,2,1,1.0,6.0,75118,RUE DU MONT CENIS,M,"48,8964117","2,3464813",75,2019,50.0,1.0,1.0,4.0,2164987,1.0,1,4,1,5.0,,0.0,0,1973.0,A01,138Â 287Â 698,2.0,6.0,-1.0,1652963,1.0,33,,0.0,2.0,3.0,A01,138Â 287Â 698,1.0
968546,201900010077,10,18,16:15,1,2,1,1.0,6.0,75118,RUE DU MONT CENIS,M,"48,8964117","2,3464813",75,2019,50.0,1.0,1.0,4.0,2164987,1.0,1,4,1,5.0,,0.0,0,1973.0,A01,138Â 287Â 698,2.0,6.0,-1.0,1652964,1.0,7,,0.0,2.0,5.0,Z01,138Â 287Â 699,1.0
968546,201900010077,10,18,16:15,1,2,1,1.0,6.0,75118,RUE DU MONT CENIS,M,"48,8964117","2,3464813",75,2019,50.0,1.0,1.0,4.0,2164988,2.0,2,1,2,0.0,,0.0,0,1998.0,Z01,138Â 287Â 699,1.0,0.0,-1.0,1652963,1.0,33,,0.0,2.0,3.0,A01,138Â 287Â 698,1.0
968546,201900010077,10,18,16:15,1,2,1,1.0,6.0,75118,RUE DU MONT CENIS,M,"48,8964117","2,3464813",75,2019,50.0,1.0,1.0,4.0,2164988,2.0,2,1,2,0.0,,0.0,0,1998.0,Z01,138Â 287Â 699,1.0,0.0,-1.0,1652964,1.0,7,,0.0,2.0,5.0,Z01,138Â 287Â 699,1.0
968547,201900010078,10,18,08:15,1,2,2,2.0,3.0,75116,ALLEE DE LA REINE MARGUERITE,M,"48,8585665","2,2448764",75,2019,50.0,1.0,2.0,4.0,2164989,2.0,1,4,1,1.0,,0.0,0,1970.0,B01,138Â 287Â 696,2.0,6.0,-1.0,1652965,1.0,43,,0.0,2.0,1.0,B01,138Â 287Â 696,1.0
968547,201900010078,10,18,08:15,1,2,2,2.0,3.0,75116,ALLEE DE LA REINE MARGUERITE,M,"48,8585665","2,2448764",75,2019,50.0,1.0,2.0,4.0,2164989,2.0,1,4,1,1.0,,0.0,0,1970.0,B01,138Â 287Â 696,2.0,6.0,-1.0,1652966,2.0,7,,0.0,2.0,3.0,A01,138Â 287Â 697,1.0
968547,201900010078,10,18,08:15,1,2,2,2.0,3.0,75116,ALLEE DE LA REINE MARGUERITE,M,"48,8585665","2,2448764",75,2019,50.0,1.0,2.0,4.0,2164990,1.0,1,1,2,1.0,,0.0,0,1973.0,A01,138Â 287Â 697,1.0,0.0,-1.0,1652965,1.0,43,,0.0,2.0,1.0,B01,138Â 287Â 696,1.0
968547,201900010078,10,18,08:15,1,2,2,2.0,3.0,75116,ALLEE DE LA REINE MARGUERITE,M,"48,8585665","2,2448764",75,2019,50.0,1.0,2.0,4.0,2164990,1.0,1,1,2,1.0,,0.0,0,1973.0,A01,138Â 287Â 697,1.0,0.0,-1.0,1652966,2.0,7,,0.0,2.0,3.0,A01,138Â 287Â 697,1.0
968548,201900010079,10,17,20:15,5,2,3,1.0,3.0,75116,AVENUE DU PRESIDENT KENNEDY,M,"48,8526800","2,2806470",75,2019,50.0,1.0,1.0,4.0,2164991,1.0,1,4,1,0.0,,0.0,0,1964.0,B01,138Â 287Â 694,2.0,6.0,-1.0,1652967,2.0,32,,0.0,2.0,2.0,B01,138Â 287Â 694,1.0
968548,201900010079,10,17,20:15,5,2,3,1.0,3.0,75116,AVENUE DU PRESIDENT KENNEDY,M,"48,8526800","2,2806470",75,2019,50.0,1.0,1.0,4.0,2164991,1.0,1,4,1,0.0,,0.0,0,1964.0,B01,138Â 287Â 694,2.0,6.0,-1.0,1652968,1.0,34,,0.0,2.0,1.0,A01,138Â 287Â 695,1.0
968548,201900010079,10,17,20:15,5,2,3,1.0,3.0,75116,AVENUE DU PRESIDENT KENNEDY,M,"48,8526800","2,2806470",75,2019,50.0,1.0,1.0,4.0,2164992,1.0,1,1,1,0.0,,0.0,0,1947.0,A01,138Â 287Â 695,2.0,6.0,-1.0,1652967,2.0,32,,0.0,2.0,2.0,B01,138Â 287Â 694,1.0
968548,201900010079,10,17,20:15,5,2,3,1.0,3.0,75116,AVENUE DU PRESIDENT KENNEDY,M,"48,8526800","2,2806470",75,2019,50.0,1.0,1.0,4.0,2164992,1.0,1,1,1,0.0,,0.0,0,1947.0,A01,138Â 287Â 695,2.0,6.0,-1.0,1652968,1.0,34,,0.0,2.0,1.0,A01,138Â 287Â 695,1.0
968549,201900010080,10,17,15:55,1,2,2,1.0,3.0,75116,RUE MAURICE BOURDET,M,"48,8513469","2,2784853",75,2019,50.0,1.0,1.0,4.0,2164993,1.0,1,4,1,0.0,,0.0,0,1995.0,A01,138Â 287Â 692,2.0,6.0,-1.0,1652969,2.0,32,,0.0,2.0,1.0,A01,138Â 287Â 692,1.0
968549,201900010080,10,17,15:55,1,2,2,1.0,3.0,75116,RUE MAURICE BOURDET,M,"48,8513469","2,2784853",75,2019,50.0,1.0,1.0,4.0,2164993,1.0,1,4,1,0.0,,0.0,0,1995.0,A01,138Â 287Â 692,2.0,6.0,-1.0,1652970,1.0,10,,0.0,2.0,3.0,B01,138Â 287Â 693,1.0
968549,201900010080,10,17,15:55,1,2,2,1.0,3.0,75116,RUE MAURICE BOURDET,M,"48,8513469","2,2784853",75,2019,50.0,1.0,1.0,4.0,2164994,1.0,1,1,1,0.0,,0.0,0,1973.0,B01,138Â 287Â 693,1.0,0.0,-1.0,1652969,2.0,32,,0.0,2.0,1.0,A01,138Â 287Â 692,1.0
968549,201900010080,10,17,15:55,1,2,2,1.0,3.0,75116,RUE MAURICE BOURDET,M,"48,8513469","2,2784853",75,2019,50.0,1.0,1.0,4.0,2164994,1.0,1,1,1,0.0,,0.0,0,1973.0,B01,138Â 287Â 693,1.0,0.0,-1.0,1652970,1.0,10,,0.0,2.0,3.0,B01,138Â 287Â 693,1.0
968550,201900010081,10,18,18:30,2,2,1,1.0,3.0,75111,BOULEVARD VOLTAIRE,M,"48,8550120","2,3848330",75,2019,30.0,5.0,1.0,4.0,2164995,1.0,1,4,1,9.0,,0.0,0,1996.0,B01,138Â 287Â 690,8.0,0.0,-1.0,1652971,2.0,1,,0.0,2.0,1.0,B01,138Â 287Â 690,5.0
968550,201900010081,10,18,18:30,2,2,1,1.0,3.0,75111,BOULEVARD VOLTAIRE,M,"48,8550120","2,3848330",75,2019,30.0,5.0,1.0,4.0,2164995,1.0,1,4,1,9.0,,0.0,0,1996.0,B01,138Â 287Â 690,8.0,0.0,-1.0,1652972,1.0,7,,0.0,2.0,7.0,A01,138Â 287Â 691,1.0
968550,201900010081,10,18,18:30,2,2,1,1.0,3.0,75111,BOULEVARD VOLTAIRE,M,"48,8550120","2,3848330",75,2019,30.0,5.0,1.0,4.0,2164996,1.0,1,1,2,5.0,,0.0,0,1948.0,A01,138Â 287Â 691,1.0,8.0,-1.0,1652971,2.0,1,,0.0,2.0,1.0,B01,138Â 287Â 690,5.0
968550,201900010081,10,18,18:30,2,2,1,1.0,3.0,75111,BOULEVARD VOLTAIRE,M,"48,8550120","2,3848330",75,2019,30.0,5.0,1.0,4.0,2164996,1.0,1,1,2,5.0,,0.0,0,1948.0,A01,138Â 287Â 691,1.0,8.0,-1.0,1652972,1.0,7,,0.0,2.0,7.0,A01,138Â 287Â 691,1.0
968551,201900010082,10,18,13:25,1,2,4,1.0,2.0,75108,RUE DES SAUSSAIES,M,"48,8713480","2,3177690",75,2019,50.0,1.0,1.0,4.0,2164997,1.0,1,4,1,0.0,,0.0,0,1999.0,A01,138Â 287Â 688,2.0,6.0,-1.0,1652973,1.0,2,,0.0,2.0,1.0,A01,138Â 287Â 688,1.0
968551,201900010082,10,18,13:25,1,2,4,1.0,2.0,75108,RUE DES SAUSSAIES,M,"48,8713480","2,3177690",75,2019,50.0,1.0,1.0,4.0,2164997,1.0,1,4,1,0.0,,0.0,0,1999.0,A01,138Â 287Â 688,2.0,6.0,-1.0,1652974,1.0,10,,0.0,2.0,5.0,B01,138Â 287Â 689,1.0
968551,201900010082,10,18,13:25,1,2,4,1.0,2.0,75108,RUE DES SAUSSAIES,M,"48,8713480","2,3177690",75,2019,50.0,1.0,1.0,4.0,2164998,1.0,1,1,1,0.0,,0.0,0,1975.0,B01,138Â 287Â 689,1.0,0.0,-1.0,1652973,1.0,2,,0.0,2.0,1.0,A01,138Â 287Â 688,1.0
968551,201900010082,10,18,13:25,1,2,4,1.0,2.0,75108,RUE DES SAUSSAIES,M,"48,8713480","2,3177690",75,2019,50.0,1.0,1.0,4.0,2164998,1.0,1,1,1,0.0,,0.0,0,1975.0,B01,138Â 287Â 689,1.0,0.0,-1.0,1652974,1.0,10,,0.0,2.0,5.0,B01,138Â 287Â 689,1.0
968552,201900010083,10,18,01:05,5,2,1,1.0,4.0,75108,VOIE GEORGES POMPIDOU,M,"48,8647728","2,3096445",75,2019,50.0,1.0,1.0,4.0,2164999,1.0,1,1,1,0.0,,0.0,0,1989.0,A01,138Â 287Â 684,1.0,0.0,-1.0,1652975,2.0,7,,0.0,2.0,0.0,A01,138Â 287Â 684,1.0
968552,201900010083,10,18,01:05,5,2,1,1.0,4.0,75108,VOIE GEORGES POMPIDOU,M,"48,8647728","2,3096445",75,2019,50.0,1.0,1.0,4.0,2164999,1.0,1,1,1,0.0,,0.0,0,1989.0,A01,138Â 287Â 684,1.0,0.0,-1.0,1652976,2.0,7,,0.0,2.0,4.0,B01,138Â 287Â 685,1.0
968552,201900010083,10,18,01:05,5,2,1,1.0,4.0,75108,VOIE GEORGES POMPIDOU,M,"48,8647728","2,3096445",75,2019,50.0,1.0,1.0,4.0,2164999,1.0,1,1,1,0.0,,0.0,0,1989.0,A01,138Â 287Â 684,1.0,0.0,-1.0,1652977,2.0,7,,0.0,2.0,9.0,C01,138Â 287Â 686,1.0
968552,201900010083,10,18,01:05,5,2,1,1.0,4.0,75108,VOIE GEORGES POMPIDOU,M,"48,8647728","2,3096445",75,2019,50.0,1.0,1.0,4.0,2164999,1.0,1,1,1,0.0,,0.0,0,1989.0,A01,138Â 287Â 684,1.0,0.0,-1.0,1652978,2.0,7,,0.0,2.0,1.0,D01,138Â 287Â 687,1.0
1008470,201900050001,1,12,00:50,3,1,1,1.0,6.0,01373,A404,M,"46,1356920","5,5408380",1,2019,50.0,8.0,2.0,1.0,2255130,1.0,1,3,1,0.0,,0.0,0,1987.0,A01,138Â 212Â 114,8.0,-1.0,-1.0,1721366,2.0,7,,6.0,0.0,2.0,A01,138Â 212Â 114,1.0
1008471,201900050002,1,8,17:40,3,1,1,1.0,6.0,13048,A51 - Pk 051.345,M,"43,6726750","5,6469620",13,2019,110.0,3.0,1.0,1.0,2255131,2.0,2,4,1,5.0,,0.0,0,1994.0,A01,138Â 212Â 113,1.0,5.0,-1.0,1721367,2.0,7,,3.0,0.0,1.0,A01,138Â 212Â 113,1.0
1008471,201900050002,1,8,17:40,3,1,1,1.0,6.0,13048,A51 - Pk 051.345,M,"43,6726750","5,6469620",13,2019,110.0,3.0,1.0,1.0,2255132,1.0,1,4,1,5.0,,0.0,0,1996.0,A01,138Â 212Â 113,1.0,5.0,-1.0,1721367,2.0,7,,3.0,0.0,1.0,A01,138Â 212Â 113,1.0
1008471,201900050002,1,8,17:40,3,1,1,1.0,6.0,13048,A51 - Pk 051.345,M,"43,6726750","5,6469620",13,2019,110.0,3.0,1.0,1.0,2255133,7.0,2,4,1,5.0,,0.0,0,1997.0,A01,138Â 212Â 113,1.0,-1.0,-1.0,1721367,2.0,7,,3.0,0.0,1.0,A01,138Â 212Â 113,1.0
1008471,201900050002,1,8,17:40,3,1,1,1.0,6.0,13048,A51 - Pk 051.345,M,"43,6726750","5,6469620",13,2019,110.0,3.0,1.0,1.0,2255134,9.0,2,4,1,5.0,,0.0,0,1996.0,A01,138Â 212Â 113,0.0,-1.0,-1.0,1721367,2.0,7,,3.0,0.0,1.0,A01,138Â 212Â 113,1.0
1008472,201900050003,1,9,07:45,2,2,1,3.0,1.0,97309,BOULEVARD EUGÃNE BASSIÃRE (anciennement chemin Patient),M,"4,9112222"," -52,2933789",973,2019,50.0,1.0,2.0,4.0,2255135,1.0,1,4,2,1.0,,0.0,0,1982.0,B01,138Â 212Â 111,1.0,-1.0,-1.0,1721368,0.0,7,,0.0,2.0,1.0,B01,138Â 212Â 111,1.0
1008472,201900050003,1,9,07:45,2,2,1,3.0,1.0,97309,BOULEVARD EUGÃNE BASSIÃRE (anciennement chemin Patient),M,"4,9112222"," -52,2933789",973,2019,50.0,1.0,2.0,4.0,2255135,1.0,1,4,2,1.0,,0.0,0,1982.0,B01,138Â 212Â 111,1.0,-1.0,-1.0,1721369,0.0,7,,0.0,2.0,1.0,A01,138Â 212Â 112,1.0
1008472,201900050003,1,9,07:45,2,2,1,3.0,1.0,97309,BOULEVARD EUGÃNE BASSIÃRE (anciennement chemin Patient),M,"4,9112222"," -52,2933789",973,2019,50.0,1.0,2.0,4.0,2255136,1.0,1,3,2,1.0,,0.0,0,1997.0,A01,138Â 212Â 112,1.0,-1.0,-1.0,1721368,0.0,7,,0.0,2.0,1.0,B01,138Â 212Â 111,1.0
1008472,201900050003,1,9,07:45,2,2,1,3.0,1.0,97309,BOULEVARD EUGÃNE BASSIÃRE (anciennement chemin Patient),M,"4,9112222"," -52,2933789",973,2019,50.0,1.0,2.0,4.0,2255136,1.0,1,3,2,1.0,,0.0,0,1997.0,A01,138Â 212Â 112,1.0,-1.0,-1.0,1721369,0.0,7,,0.0,2.0,1.0,A01,138Â 212Â 112,1.0
1008473,201900050004,1,10,06:35,2,2,1,1.0,6.0,06085,121 chemin des campeliÃ¨res,M,"43,5798500","6,9995400",6,2019,50.0,1.0,1.0,3.0,2255137,1.0,1,1,1,1.0,,0.0,0,1981.0,A01,138Â 212Â 110,1.0,-1.0,-1.0,1721370,0.0,7,,0.0,1.0,3.0,A01,138Â 212Â 110,0.0
1008473,201900050004,1,10,06:35,2,2,1,1.0,6.0,06085,121 chemin des campeliÃ¨res,M,"43,5798500","6,9995400",6,2019,50.0,1.0,1.0,3.0,2255138,10.0,3,3,1,2.0,,1.0,3,2005.0,A01,138Â 212Â 110,0.0,-1.0,-1.0,1721370,0.0,7,,0.0,1.0,3.0,A01,138Â 212Â 110,0.0
1008474,201900050005,1,8,18:08,3,1,1,1.0,6.0,72339,"A11, PK 188+300, sens PARIS/PROVINCE",M,"47,9587470","0,0211230",72,2019,130.0,1.0,1.0,1.0,2255139,1.0,1,1,2,9.0,,0.0,0,1979.0,C01,138Â 212Â 107,1.0,-1.0,-1.0,1721371,1.0,7,,0.0,2.0,1.0,C01,138Â 212Â 107,1.0
1008474,201900050005,1,8,18:08,3,1,1,1.0,6.0,72339,"A11, PK 188+300, sens PARIS/PROVINCE",M,"47,9587470","0,0211230",72,2019,130.0,1.0,1.0,1.0,2255139,1.0,1,1,2,9.0,,0.0,0,1979.0,C01,138Â 212Â 107,1.0,-1.0,-1.0,1721372,1.0,15,,0.0,2.0,4.0,B01,138Â 212Â 108,1.0
1008474,201900050005,1,8,18:08,3,1,1,1.0,6.0,72339,"A11, PK 188+300, sens PARIS/PROVINCE",M,"47,9587470","0,0211230",72,2019,130.0,1.0,1.0,1.0,2255139,1.0,1,1,2,9.0,,0.0,0,1979.0,C01,138Â 212Â 107,1.0,-1.0,-1.0,1721373,1.0,7,,0.0,2.0,1.0,A01,138Â 212Â 109,1.0
1008474,201900050005,1,8,18:08,3,1,1,1.0,6.0,72339,"A11, PK 188+300, sens PARIS/PROVINCE",M,"47,9587470","0,0211230",72,2019,130.0,1.0,1.0,1.0,2255140,1.0,1,1,1,4.0,,0.0,0,1964.0,B01,138Â 212Â 108,1.0,-1.0,-1.0,1721371,1.0,7,,0.0,2.0,1.0,C01,138Â 212Â 107,1.0
1008474,201900050005,1,8,18:08,3,1,1,1.0,6.0,72339,"A11, PK 188+300, sens PARIS/PROVINCE",M,"47,9587470","0,0211230",72,2019,130.0,1.0,1.0,1.0,2255140,1.0,1,1,1,4.0,,0.0,0,1964.0,B01,138Â 212Â 108,1.0,-1.0,-1.0,1721372,1.0,15,,0.0,2.0,4.0,B01,138Â 212Â 108,1.0
1008474,201900050005,1,8,18:08,3,1,1,1.0,6.0,72339,"A11, PK 188+300, sens PARIS/PROVINCE",M,"47,9587470","0,0211230",72,2019,130.0,1.0,1.0,1.0,2255140,1.0,1,1,1,4.0,,0.0,0,1964.0,B01,138Â 212Â 108,1.0,-1.0,-1.0,1721373,1.0,7,,0.0,2.0,1.0,A01,138Â 212Â 109,1.0
1008474,201900050005,1,8,18:08,3,1,1,1.0,6.0,72339,"A11, PK 188+300, sens PARIS/PROVINCE",M,"47,9587470","0,0211230",72,2019,130.0,1.0,1.0,1.0,2255141,1.0,1,3,1,9.0,,0.0,0,1986.0,A01,138Â 212Â 109,8.0,-1.0,-1.0,1721371,1.0,7,,0.0,2.0,1.0,C01,138Â 212Â 107,1.0
1008474,201900050005,1,8,18:08,3,1,1,1.0,6.0,72339,"A11, PK 188+300, sens PARIS/PROVINCE",M,"47,9587470","0,0211230",72,2019,130.0,1.0,1.0,1.0,2255141,1.0,1,3,1,9.0,,0.0,0,1986.0,A01,138Â 212Â 109,8.0,-1.0,-1.0,1721372,1.0,15,,0.0,2.0,4.0,B01,138Â 212Â 108,1.0
1008474,201900050005,1,8,18:08,3,1,1,1.0,6.0,72339,"A11, PK 188+300, sens PARIS/PROVINCE",M,"47,9587470","0,0211230",72,2019,130.0,1.0,1.0,1.0,2255141,1.0,1,3,1,9.0,,0.0,0,1986.0,A01,138Â 212Â 109,8.0,-1.0,-1.0,1721373,1.0,7,,0.0,2.0,1.0,A01,138Â 212Â 109,1.0
1008475,201900050006,1,10,19:27,3,1,1,1.0,5.0,49176,D770,M,"47,6190400"," -0,7424420",49,2019,80.0,1.0,1.0,3.0,2255142,1.0,1,3,1,5.0,,0.0,0,1947.0,A01,138Â 212Â 104,1.0,-1.0,-1.0,1721374,1.0,7,,0.0,2.0,1.0,A01,138Â 212Â 104,3.0
1008475,201900050006,1,10,19:27,3,1,1,1.0,5.0,49176,D770,M,"47,6190400"," -0,7424420",49,2019,80.0,1.0,1.0,3.0,2255142,1.0,1,3,1,5.0,,0.0,0,1947.0,A01,138Â 212Â 104,1.0,-1.0,-1.0,1721375,2.0,7,,0.0,2.0,3.0,B01,138Â 212Â 105,1.0
1008475,201900050006,1,10,19:27,3,1,1,1.0,5.0,49176,D770,M,"47,6190400"," -0,7424420",49,2019,80.0,1.0,1.0,3.0,2255142,1.0,1,3,1,5.0,,0.0,0,1947.0,A01,138Â 212Â 104,1.0,-1.0,-1.0,1721376,2.0,15,,0.0,2.0,3.0,C01,138Â 212Â 106,1.0
1008475,201900050006,1,10,19:27,3,1,1,1.0,5.0,49176,D770,M,"47,6190400"," -0,7424420",49,2019,80.0,1.0,1.0,3.0,2255143,1.0,1,3,1,5.0,,0.0,0,1960.0,B01,138Â 212Â 105,1.0,-1.0,-1.0,1721374,1.0,7,,0.0,2.0,1.0,A01,138Â 212Â 104,3.0
1008475,201900050006,1,10,19:27,3,1,1,1.0,5.0,49176,D770,M,"47,6190400"," -0,7424420",49,2019,80.0,1.0,1.0,3.0,2255143,1.0,1,3,1,5.0,,0.0,0,1960.0,B01,138Â 212Â 105,1.0,-1.0,-1.0,1721375,2.0,7,,0.0,2.0,3.0,B01,138Â 212Â 105,1.0
1008475,201900050006,1,10,19:27,3,1,1,1.0,5.0,49176,D770,M,"47,6190400"," -0,7424420",49,2019,80.0,1.0,1.0,3.0,2255143,1.0,1,3,1,5.0,,0.0,0,1960.0,B01,138Â 212Â 105,1.0,-1.0,-1.0,1721376,2.0,15,,0.0,2.0,3.0,C01,138Â 212Â 106,1.0
1008475,201900050006,1,10,19:27,3,1,1,1.0,5.0,49176,D770,M,"47,6190400"," -0,7424420",49,2019,80.0,1.0,1.0,3.0,2255144,1.0,1,1,1,4.0,,0.0,0,1960.0,C01,138Â 212Â 106,1.0,-1.0,-1.0,1721374,1.0,7,,0.0,2.0,1.0,A01,138Â 212Â 104,3.0
1008475,201900050006,1,10,19:27,3,1,1,1.0,5.0,49176,D770,M,"47,6190400"," -0,7424420",49,2019,80.0,1.0,1.0,3.0,2255144,1.0,1,1,1,4.0,,0.0,0,1960.0,C01,138Â 212Â 106,1.0,-1.0,-1.0,1721375,2.0,7,,0.0,2.0,3.0,B01,138Â 212Â 105,1.0
1008475,201900050006,1,10,19:27,3,1,1,1.0,5.0,49176,D770,M,"47,6190400"," -0,7424420",49,2019,80.0,1.0,1.0,3.0,2255144,1.0,1,1,1,4.0,,0.0,0,1960.0,C01,138Â 212Â 106,1.0,-1.0,-1.0,1721376,2.0,15,,0.0,2.0,3.0,C01,138Â 212Â 106,1.0
1008476,201900050007,1,10,09:30,1,1,1,1.0,3.0,06149,Autoroute A8 PK 201 chaussÃ©e sud,M,"43,7414120","7,3316420",6,2019,110.0,1.0,1.0,1.0,2255145,1.0,1,3,1,1.0,,0.0,0,1977.0,B01,138Â 212Â 102,2.0,6.0,-1.0,1721377,1.0,31,,0.0,2.0,1.0,B01,138Â 212Â 102,1.0
1008476,201900050007,1,10,09:30,1,1,1,1.0,3.0,06149,Autoroute A8 PK 201 chaussÃ©e sud,M,"43,7414120","7,3316420",6,2019,110.0,1.0,1.0,1.0,2255145,1.0,1,3,1,1.0,,0.0,0,1977.0,B01,138Â 212Â 102,2.0,6.0,-1.0,1721378,1.0,7,,0.0,2.0,7.0,A01,138Â 212Â 103,1.0
1008476,201900050007,1,10,09:30,1,1,1,1.0,3.0,06149,Autoroute A8 PK 201 chaussÃ©e sud,M,"43,7414120","7,3316420",6,2019,110.0,1.0,1.0,1.0,2255146,1.0,1,1,1,1.0,,0.0,0,1966.0,A01,138Â 212Â 103,1.0,-1.0,-1.0,1721377,1.0,31,,0.0,2.0,1.0,B01,138Â 212Â 102,1.0
1008476,201900050007,1,10,09:30,1,1,1,1.0,3.0,06149,Autoroute A8 PK 201 chaussÃ©e sud,M,"43,7414120","7,3316420",6,2019,110.0,1.0,1.0,1.0,2255146,1.0,1,1,1,1.0,,0.0,0,1966.0,A01,138Â 212Â 103,1.0,-1.0,-1.0,1721378,1.0,7,,0.0,2.0,7.0,A01,138Â 212Â 103,1.0
1008477,201900050008,1,12,09:15,1,1,1,1.0,4.0,36005,,M,"46,7718940","1,7904070",36,2019,130.0,1.0,2.0,1.0,2255147,1.0,1,1,1,9.0,,0.0,0,1951.0,A01,138Â 212Â 099,1.0,-1.0,-1.0,1721379,1.0,3,,0.0,2.0,3.0,A01,138Â 212Â 099,0.0
1008477,201900050008,1,12,09:15,1,1,1,1.0,4.0,36005,,M,"46,7718940","1,7904070",36,2019,130.0,1.0,2.0,1.0,2255147,1.0,1,1,1,9.0,,0.0,0,1951.0,A01,138Â 212Â 099,1.0,-1.0,-1.0,1721380,1.0,7,,0.0,2.0,3.0,B01,138Â 212Â 100,1.0
1008477,201900050008,1,12,09:15,1,1,1,1.0,4.0,36005,,M,"46,7718940","1,7904070",36,2019,130.0,1.0,2.0,1.0,2255147,1.0,1,1,1,9.0,,0.0,0,1951.0,A01,138Â 212Â 099,1.0,-1.0,-1.0,1721381,1.0,17,,0.0,2.0,6.0,C01,138Â 212Â 101,1.0
1008477,201900050008,1,12,09:15,1,1,1,1.0,4.0,36005,,M,"46,7718940","1,7904070",36,2019,130.0,1.0,2.0,1.0,2255148,2.0,2,3,2,9.0,,0.0,0,1957.0,B01,138Â 212Â 100,1.0,-1.0,-1.0,1721379,1.0,3,,0.0,2.0,3.0,A01,138Â 212Â 099,0.0
1008477,201900050008,1,12,09:15,1,1,1,1.0,4.0,36005,,M,"46,7718940","1,7904070",36,2019,130.0,1.0,2.0,1.0,2255148,2.0,2,3,2,9.0,,0.0,0,1957.0,B01,138Â 212Â 100,1.0,-1.0,-1.0,1721380,1.0,7,,0.0,2.0,3.0,B01,138Â 212Â 100,1.0
1008477,201900050008,1,12,09:15,1,1,1,1.0,4.0,36005,,M,"46,7718940","1,7904070",36,2019,130.0,1.0,2.0,1.0,2255148,2.0,2,3,2,9.0,,0.0,0,1957.0,B01,138Â 212Â 100,1.0,-1.0,-1.0,1721381,1.0,17,,0.0,2.0,6.0,C01,138Â 212Â 101,1.0
1008477,201900050008,1,12,09:15,1,1,1,1.0,4.0,36005,,M,"46,7718940","1,7904070",36,2019,130.0,1.0,2.0,1.0,2255149,1.0,1,1,1,9.0,,0.0,0,1957.0,B01,138Â 212Â 100,1.0,-1.0,-1.0,1721379,1.0,3,,0.0,2.0,3.0,A01,138Â 212Â 099,0.0
1008477,201900050008,1,12,09:15,1,1,1,1.0,4.0,36005,,M,"46,7718940","1,7904070",36,2019,130.0,1.0,2.0,1.0,2255149,1.0,1,1,1,9.0,,0.0,0,1957.0,B01,138Â 212Â 100,1.0,-1.0,-1.0,1721380,1.0,7,,0.0,2.0,3.0,B01,138Â 212Â 100,1.0
1008477,201900050008,1,12,09:15,1,1,1,1.0,4.0,36005,,M,"46,7718940","1,7904070",36,2019,130.0,1.0,2.0,1.0,2255149,1.0,1,1,1,9.0,,0.0,0,1957.0,B01,138Â 212Â 100,1.0,-1.0,-1.0,1721381,1.0,17,,0.0,2.0,6.0,C01,138Â 212Â 101,1.0
1008477,201900050008,1,12,09:15,1,1,1,1.0,4.0,36005,,M,"46,7718940","1,7904070",36,2019,130.0,1.0,2.0,1.0,2255150,1.0,1,1,1,4.0,,0.0,0,1961.0,C01,138Â 212Â 101,1.0,-1.0,-1.0,1721379,1.0,3,,0.0,2.0,3.0,A01,138Â 212Â 099,0.0
1008477,201900050008,1,12,09:15,1,1,1,1.0,4.0,36005,,M,"46,7718940","1,7904070",36,2019,130.0,1.0,2.0,1.0,2255150,1.0,1,1,1,4.0,,0.0,0,1961.0,C01,138Â 212Â 101,1.0,-1.0,-1.0,1721380,1.0,7,,0.0,2.0,3.0,B01,138Â 212Â 100,1.0
1008477,201900050008,1,12,09:15,1,1,1,1.0,4.0,36005,,M,"46,7718940","1,7904070",36,2019,130.0,1.0,2.0,1.0,2255150,1.0,1,1,1,4.0,,0.0,0,1961.0,C01,138Â 212Â 101,1.0,-1.0,-1.0,1721381,1.0,17,,0.0,2.0,6.0,C01,138Â 212Â 101,1.0
1008478,201900050009,1,8,16:33,1,1,1,1.0,1.0,86131,RN 147,M,"46,4443020","0,5793690",86,2019,80.0,3.0,2.0,2.0,2255151,1.0,1,2,2,1.0,,0.0,0,1991.0,A01,138Â 212Â 097,1.0,-1.0,-1.0,1721382,2.0,7,,0.0,2.0,1.0,A01,138Â 212Â 097,1.0
1008478,201900050009,1,8,16:33,1,1,1,1.0,1.0,86131,RN 147,M,"46,4443020","0,5793690",86,2019,80.0,3.0,2.0,2.0,2255151,1.0,1,2,2,1.0,,0.0,0,1991.0,A01,138Â 212Â 097,1.0,-1.0,-1.0,1721383,1.0,17,,0.0,2.0,2.0,B01,138Â 212Â 098,1.0
1008478,201900050009,1,8,16:33,1,1,1,1.0,1.0,86131,RN 147,M,"46,4443020","0,5793690",86,2019,80.0,3.0,2.0,2.0,2255152,1.0,1,1,1,4.0,,0.0,0,1983.0,B01,138Â 212Â 098,1.0,-1.0,-1.0,1721382,2.0,7,,0.0,2.0,1.0,A01,138Â 212Â 097,1.0