Unnamed: 0_x,num_acc,mois,jour,hrmn,lum,agg,int,atm,col,com,adr,gps,lat,long,dep,annee,vma,situ,surf,catr,Unnamed: 0_y,place,catu,grav,sexe,trajet,secu,locp,actp,an_nais,num_veh_x,id_vehicule_x,secu1,secu2,secu3,Unnamed: 0,senc,catv,occutc,obs,obsm,choc,num_veh_y,id_vehicule_y,motor
1008478,201900050009,1,8,16:33,1,1,1,1.0,1.0,86131,RN 147,M,"46,4443020","0,5793690",86,2019,80.0,3.0,2.0,2.0,2255152,1.0,1,1,1,4.0,,0.0,0,1983.0,B01,138Â 212Â 098,1.0,-1.0,-1.0,1721383,1.0,17,,0.0,2.0,2.0,B01,138Â 212Â 098,1.0
1008479,201900050010,1,13,05:50,3,1,1,1.0,6.0,13065,d24,M,"43,6866980","4,8659740",13,2019,80.0,3.0,1.0,3.0,2255153,7.0,2,3,1,5.0,,0.0,0,1999.0,A01,138Â 212Â 096,1.0,-1.0,-1.0,1721384,3.0,7,,2.0,0.0,3.0,A01,138Â 212Â 096,1.0
1008479,201900050010,1,13,05:50,3,1,1,1.0,6.0,13065,d24,M,"43,6866980","4,8659740",13,2019,80.0,3.0,1.0,3.0,2255154,2.0,2,1,1,5.0,,0.0,0,1998.0,A01,138Â 212Â 096,1.0,-1.0,-1.0,1721384,3.0,7,,2.0,0.0,3.0,A01,138Â 212Â 096,1.0
1008479,201900050010,1,13,05:50,3,1,1,1.0,6.0,13065,d24,M,"43,6866980","4,8659740",13,2019,80.0,3.0,1.0,3.0,2255155,1.0,1,1,1,5.0,,0.0,0,1997.0,A01,138Â 212Â 096,1.0,-1.0,-1.0,1721384,3.0,7,,2.0,0.0,3.0,A01,138Â 212Â 096,1.0
1008480,201900050011,1,9,15:07,1,1,1,4.0,1.0,25308,RN 57,M,"46,8078360","6,3616470",25,2019,80.0,1.0,5.0,2.0,2255156,1.0,1,1,1,1.0,,0.0,0,1965.0,B01,138Â 212Â 094,1.0,-1.0,-1.0,1721385,1.0,15,,0.0,0.0,3.0,B01,138Â 212Â 094,1.0
1008480,201900050011,1,9,15:07,1,1,1,4.0,1.0,25308,RN 57,M,"46,8078360","6,3616470",25,2019,80.0,1.0,5.0,2.0,2255156,1.0,1,1,1,1.0,,0.0,0,1965.0,B01,138Â 212Â 094,1.0,-1.0,-1.0,1721386,2.0,7,,0.0,2.0,3.0,A01,138Â 212Â 095,1.0
1008480,201900050011,1,9,15:07,1,1,1,4.0,1.0,25308,RN 57,M,"46,8078360","6,3616470",25,2019,80.0,1.0,5.0,2.0,2255157,1.0,1,2,2,1.0,,0.0,0,1972.0,A01,138Â 212Â 095,1.0,-1.0,-1.0,1721385,1.0,15,,0.0,0.0,3.0,B01,138Â 212Â 094,1.0
1008480,201900050011,1,9,15:07,1,1,1,4.0,1.0,25308,RN 57,M,"46,8078360","6,3616470",25,2019,80.0,1.0,5.0,2.0,2255157,1.0,1,2,2,1.0,,0.0,0,1972.0,A01,138Â 212Â 095,1.0,-1.0,-1.0,1721386,2.0,7,,0.0,2.0,3.0,A01,138Â 212Â 095,1.0
1008481,201900050012,1,12,18:48,3,1,1,1.0,4.0,38064,A43,M,"45,5617420","5,3782570",38,2019,130.0,1.0,1.0,1.0,2255158,2.0,2,4,2,5.0,,0.0,0,1962.0,B01,138Â 212Â 091,1.0,-1.0,-1.0,1721387,2.0,7,,0.0,2.0,4.0,B01,138Â 212Â 091,1.0
1008481,201900050012,1,12,18:48,3,1,1,1.0,4.0,38064,A43,M,"45,5617420","5,3782570",38,2019,130.0,1.0,1.0,1.0,2255158,2.0,2,4,2,5.0,,0.0,0,1962.0,B01,138Â 212Â 091,1.0,-1.0,-1.0,1721388,2.0,7,,0.0,2.0,1.0,A01,138Â 212Â 092,1.0
1008481,201900050012,1,12,18:48,3,1,1,1.0,4.0,38064,A43,M,"45,5617420","5,3782570",38,2019,130.0,1.0,1.0,1.0,2255158,2.0,2,4,2,5.0,,0.0,0,1962.0,B01,138Â 212Â 091,1.0,-1.0,-1.0,1721389,2.0,7,,0.0,2.0,2.0,C01,138Â 212Â 093,1.0
1008481,201900050012,1,12,18:48,3,1,1,1.0,4.0,38064,A43,M,"45,5617420","5,3782570",38,2019,130.0,1.0,1.0,1.0,2255159,1.0,1,4,1,5.0,,0.0,0,1965.0,B01,138Â 212Â 091,1.0,-1.0,-1.0,1721387,2.0,7,,0.0,2.0,4.0,B01,138Â 212Â 091,1.0
1008481,201900050012,1,12,18:48,3,1,1,1.0,4.0,38064,A43,M,"45,5617420","5,3782570",38,2019,130.0,1.0,1.0,1.0,2255159,1.0,1,4,1,5.0,,0.0,0,1965.0,B01,138Â 212Â 091,1.0,-1.0,-1.0,1721388,2.0,7,,0.0,2.0,1.0,A01,138Â 212Â 092,1.0
1008481,201900050012,1,12,18:48,3,1,1,1.0,4.0,38064,A43,M,"45,5617420","5,3782570",38,2019,130.0,1.0,1.0,1.0,2255159,1.0,1,4,1,5.0,,0.0,0,1965.0,B01,138Â 212Â 091,1.0,-1.0,-1.0,1721389,2.0,7,,0.0,2.0,2.0,C01,138Â 212Â 093,1.0
1008481,201900050012,1,12,18:48,3,1,1,1.0,4.0,38064,A43,M,"45,5617420","5,3782570",38,2019,130.0,1.0,1.0,1.0,2255160,1.0,1,1,1,5.0,,0.0,0,1998.0,A01,138Â 212Â 092,8.0,-1.0,-1.0,1721387,2.0,7,,0.0,2.0,4.0,B01,138Â 212Â 091,1.0
1008481,201900050012,1,12,18:48,3,1,1,1.0,4.0,38064,A43,M,"45,5617420","5,3782570",38,2019,130.0,1.0,1.0,1.0,2255160,1.0,1,1,1,5.0,,0.0,0,1998.0,A01,138Â 212Â 092,8.0,-1.0,-1.0,1721388,2.0,7,,0.0,2.0,1.0,A01,138Â 212Â 092,1.0
1008481,201900050012,1,12,18:48,3,1,1,1.0,4.0,38064,A43,M,"45,5617420","5,3782570",38,2019,130.0,1.0,1.0,1.0,2255160,1.0,1,1,1,5.0,,0.0,0,1998.0,A01,138Â 212Â 092,8.0,-1.0,-1.0,1721389,2.0,7,,0.0,2.0,2.0,C01,138Â 212Â 093,1.0
1008481,201900050012,1,12,18:48,3,1,1,1.0,4.0,38064,A43,M,"45,5617420","5,3782570",38,2019,130.0,1.0,1.0,1.0,2255161,1.0,1,1,1,5.0,,0.0,0,1989.0,C01,138Â 212Â 093,1.0,-1.0,-1.0,1721387,2.0,7,,0.0,2.0,4.0,B01,138Â 212Â 091,1.0
1008481,201900050012,1,12,18:48,3,1,1,1.0,4.0,38064,A43,M,"45,5617420","5,3782570",38,2019,130.0,1.0,1.0,1.0,2255161,1.0,1,1,1,5.0,,0.0,0,1989.0,C01,138Â 212Â 093,1.0,-1.0,-1.0,1721388,2.0,7,,0.0,2.0,1.0,A01,138Â 212Â 092,1.0
1008481,201900050012,1,12,18:48,3,1,1,1.0,4.0,38064,A43,M,"45,5617420","5,3782570",38,2019,130.0,1.0,1.0,1.0,2255161,1.0,1,1,1,5.0,,0.0,0,1989.0,C01,138Â 212Â 093,1.0,-1.0,-1.0,1721389,2.0,7,,0.0,2.0,2.0,C01,138Â 212Â 093,1.0
1008482,201900050013,1,11,06:40,3,1,1,1.0,3.0,69193,ROUTE DEPARTEMENTAL 386,M,"45,5174000","4,8601100",69,2019,80.0,1.0,1.0,3.0,2255162,1.0,1,3,2,1.0,,0.0,0,1991.0,B01,138Â 212Â 089,8.0,-1.0,-1.0,1721390,2.0,7,,3.0,2.0,1.0,B01,138Â 212Â 089,1.0
1008482,201900050013,1,11,06:40,3,1,1,1.0,3.0,69193,ROUTE DEPARTEMENTAL 386,M,"45,5174000","4,8601100",69,2019,80.0,1.0,1.0,3.0,2255162,1.0,1,3,2,1.0,,0.0,0,1991.0,B01,138Â 212Â 089,8.0,-1.0,-1.0,1721391,2.0,7,,3.0,0.0,3.0,A01,138Â 212Â 090,1.0
1008482,201900050013,1,11,06:40,3,1,1,1.0,3.0,69193,ROUTE DEPARTEMENTAL 386,M,"45,5174000","4,8601100",69,2019,80.0,1.0,1.0,3.0,2255163,1.0,1,4,1,9.0,,0.0,0,1956.0,A01,138Â 212Â 090,1.0,-1.0,-1.0,1721390,2.0,7,,3.0,2.0,1.0,B01,138Â 212Â 089,1.0
1008482,201900050013,1,11,06:40,3,1,1,1.0,3.0,69193,ROUTE DEPARTEMENTAL 386,M,"45,5174000","4,8601100",69,2019,80.0,1.0,1.0,3.0,2255163,1.0,1,4,1,9.0,,0.0,0,1956.0,A01,138Â 212Â 090,1.0,-1.0,-1.0,1721391,2.0,7,,3.0,0.0,3.0,A01,138Â 212Â 090,1.0
1008482,201900050013,1,11,06:40,3,1,1,1.0,3.0,69193,ROUTE DEPARTEMENTAL 386,M,"45,5174000","4,8601100",69,2019,80.0,1.0,1.0,3.0,2255164,2.0,2,4,2,9.0,,0.0,0,1961.0,A01,138Â 212Â 090,1.0,-1.0,-1.0,1721390,2.0,7,,3.0,2.0,1.0,B01,138Â 212Â 089,1.0
1008482,201900050013,1,11,06:40,3,1,1,1.0,3.0,69193,ROUTE DEPARTEMENTAL 386,M,"45,5174000","4,8601100",69,2019,80.0,1.0,1.0,3.0,2255164,2.0,2,4,2,9.0,,0.0,0,1961.0,A01,138Â 212Â 090,1.0,-1.0,-1.0,1721391,2.0,7,,3.0,0.0,3.0,A01,138Â 212Â 090,1.0
1008483,201900050014,1,13,06:00,2,2,3,8.0,6.0,98814,Hors RÃ©seau/RT2 ,M," -20,9042900","167,2544300",988,2019,-1.0,3.0,2.0,2.0,2255165,1.0,1,3,1,5.0,,0.0,0,1998.0,A01,138Â 212Â 088,0.0,-1.0,-1.0,1721392,3.0,7,,15.0,0.0,1.0,A01,138Â 212Â 088,1.0
1008484,201900050015,1,1,17:15,1,2,1,1.0,6.0,97608,rue cinÃ© 2000,M," -12,7896820","45,2772850",976,2019,50.0,3.0,1.0,4.0,2255166,1.0,1,2,1,0.0,,0.0,0,1949.0,A01,138Â 212Â 087,0.0,-1.0,-1.0,1721393,3.0,7,,2.0,0.0,1.0,A01,138Â 212Â 087,1.0
1008485,201900050016,1,13,04:16,3,1,1,1.0,1.0,97415,Voie canniÃ¨re,M," -21,0673870","55,2299510",974,2019,70.0,1.0,1.0,3.0,2255167,1.0,1,1,1,5.0,,0.0,0,1998.0,A01,138Â 212Â 085,1.0,-1.0,-1.0,1721394,1.0,7,,0.0,2.0,1.0,A01,138Â 212Â 085,1.0
1008485,201900050016,1,13,04:16,3,1,1,1.0,1.0,97415,Voie canniÃ¨re,M," -21,0673870","55,2299510",974,2019,70.0,1.0,1.0,3.0,2255167,1.0,1,1,1,5.0,,0.0,0,1998.0,A01,138Â 212Â 085,1.0,-1.0,-1.0,1721395,2.0,7,,0.0,2.0,3.0,B01,138Â 212Â 086,1.0
1008485,201900050016,1,13,04:16,3,1,1,1.0,1.0,97415,Voie canniÃ¨re,M," -21,0673870","55,2299510",974,2019,70.0,1.0,1.0,3.0,2255168,1.0,1,3,1,1.0,,0.0,0,1961.0,B01,138Â 212Â 086,1.0,-1.0,-1.0,1721394,1.0,7,,0.0,2.0,1.0,A01,138Â 212Â 085,1.0
1008485,201900050016,1,13,04:16,3,1,1,1.0,1.0,97415,Voie canniÃ¨re,M," -21,0673870","55,2299510",974,2019,70.0,1.0,1.0,3.0,2255168,1.0,1,3,1,1.0,,0.0,0,1961.0,B01,138Â 212Â 086,1.0,-1.0,-1.0,1721395,2.0,7,,0.0,2.0,3.0,B01,138Â 212Â 086,1.0
1008486,201900050017,1,10,06:45,2,1,1,1.0,1.0,97311,route des chutes voltaire PK 6,M,"5,4546291"," -54,0411150",973,2019,80.0,1.0,1.0,3.0,2255169,1.0,1,1,1,0.0,,0.0,0,1980.0,B01,138Â 212Â 083,1.0,-1.0,-1.0,1721396,1.0,7,,0.0,2.0,1.0,B01,138Â 212Â 083,1.0
1008486,201900050017,1,10,06:45,2,1,1,1.0,1.0,97311,route des chutes voltaire PK 6,M,"5,4546291"," -54,0411150",973,2019,80.0,1.0,1.0,3.0,2255169,1.0,1,1,1,0.0,,0.0,0,1980.0,B01,138Â 212Â 083,1.0,-1.0,-1.0,1721397,2.0,2,,0.0,2.0,1.0,A01,138Â 212Â 084,1.0
1008486,201900050017,1,10,06:45,2,1,1,1.0,1.0,97311,route des chutes voltaire PK 6,M,"5,4546291"," -54,0411150",973,2019,80.0,1.0,1.0,3.0,2255170,1.0,1,3,1,0.0,,0.0,0,1967.0,A01,138Â 212Â 084,2.0,-1.0,-1.0,1721396,1.0,7,,0.0,2.0,1.0,B01,138Â 212Â 083,1.0
1008486,201900050017,1,10,06:45,2,1,1,1.0,1.0,97311,route des chutes voltaire PK 6,M,"5,4546291"," -54,0411150",973,2019,80.0,1.0,1.0,3.0,2255170,1.0,1,3,1,0.0,,0.0,0,1967.0,A01,138Â 212Â 084,2.0,-1.0,-1.0,1721397,2.0,2,,0.0,2.0,1.0,A01,138Â 212Â 084,1.0
1008487,201900050018,1,9,20:10,3,1,9,2.0,3.0,97134,morne a jules,M,"16,0731710"," -61,7635330",971,2019,90.0,1.0,2.0,2.0,2255171,1.0,1,1,1,9.0,,0.0,0,2000.0,A01,138Â 212Â 081,1.0,-1.0,-1.0,1721398,0.0,7,,6.0,2.0,2.0,A01,138Â 212Â 081,0.0
1008487,201900050018,1,9,20:10,3,1,9,2.0,3.0,97134,morne a jules,M,"16,0731710"," -61,7635330",971,2019,90.0,1.0,2.0,2.0,2255171,1.0,1,1,1,9.0,,0.0,0,2000.0,A01,138Â 212Â 081,1.0,-1.0,-1.0,1721399,1.0,7,,6.0,2.0,3.0,B01,138Â 212Â 082,0.0
1008487,201900050018,1,9,20:10,3,1,9,2.0,3.0,97134,morne a jules,M,"16,0731710"," -61,7635330",971,2019,90.0,1.0,2.0,2.0,2255172,1.0,1,1,1,0.0,,0.0,0,1949.0,B01,138Â 212Â 082,1.0,-1.0,-1.0,1721398,0.0,7,,6.0,2.0,2.0,A01,138Â 212Â 081,0.0
1008487,201900050018,1,9,20:10,3,1,9,2.0,3.0,97134,morne a jules,M,"16,0731710"," -61,7635330",971,2019,90.0,1.0,2.0,2.0,2255172,1.0,1,1,1,0.0,,0.0,0,1949.0,B01,138Â 212Â 082,1.0,-1.0,-1.0,1721399,1.0,7,,6.0,2.0,3.0,B01,138Â 212Â 082,0.0
1008487,201900050018,1,9,20:10,3,1,9,2.0,3.0,97134,morne a jules,M,"16,0731710"," -61,7635330",971,2019,90.0,1.0,2.0,2.0,2255173,2.0,2,1,2,9.0,,0.0,0,1955.0,B01,138Â 212Â 082,1.0,-1.0,-1.0,1721398,0.0,7,,6.0,2.0,2.0,A01,138Â 212Â 081,0.0
1008487,201900050018,1,9,20:10,3,1,9,2.0,3.0,97134,morne a jules,M,"16,0731710"," -61,7635330",971,2019,90.0,1.0,2.0,2.0,2255173,2.0,2,1,2,9.0,,0.0,0,1955.0,B01,138Â 212Â 082,1.0,-1.0,-1.0,1721399,1.0,7,,6.0,2.0,3.0,B01,138Â 212Â 082,0.0
1008487,201900050018,1,9,20:10,3,1,9,2.0,3.0,97134,morne a jules,M,"16,0731710"," -61,7635330",971,2019,90.0,1.0,2.0,2.0,2255174,7.0,2,1,1,9.0,,0.0,0,1961.0,B01,138Â 212Â 082,1.0,-1.0,-1.0,1721398,0.0,7,,6.0,2.0,2.0,A01,138Â 212Â 081,0.0
1008487,201900050018,1,9,20:10,3,1,9,2.0,3.0,97134,morne a jules,M,"16,0731710"," -61,7635330",971,2019,90.0,1.0,2.0,2.0,2255174,7.0,2,1,1,9.0,,0.0,0,1961.0,B01,138Â 212Â 082,1.0,-1.0,-1.0,1721399,1.0,7,,6.0,2.0,3.0,B01,138Â 212Â 082,0.0
1008487,201900050018,1,9,20:10,3,1,9,2.0,3.0,97134,morne a jules,M,"16,0731710"," -61,7635330",971,2019,90.0,1.0,2.0,2.0,2255175,8.0,2,1,2,9.0,,0.0,0,1962.0,B01,138Â 212Â 082,1.0,-1.0,-1.0,1721398,0.0,7,,6.0,2.0,2.0,A01,138Â 212Â 081,0.0
1008487,201900050018,1,9,20:10,3,1,9,2.0,3.0,97134,morne a jules,M,"16,0731710"," -61,7635330",971,2019,90.0,1.0,2.0,2.0,2255175,8.0,2,1,2,9.0,,0.0,0,1962.0,B01,138Â 212Â 082,1.0,-1.0,-1.0,1721399,1.0,7,,6.0,2.0,3.0,B01,138Â 212Â 082,0.0
1008487,201900050018,1,9,20:10,3,1,9,2.0,3.0,97134,morne a jules,M,"16,0731710"," -61,7635330",971,2019,90.0,1.0,2.0,2.0,2255176,9.0,2,3,2,9.0,,0.0,0,1949.0,B01,138Â 212Â 082,1.0,-1.0,-1.0,1721398,0.0,7,,6.0,2.0,2.0,A01,138Â 212Â 081,0.0
1008487,201900050018,1,9,20:10,3,1,9,2.0,3.0,97134,morne a jules,M,"16,0731710"," -61,7635330",971,2019,90.0,1.0,2.0,2.0,2255176,9.0,2,3,2,9.0,,0.0,0,1949.0,B01,138Â 212Â 082,1.0,-1.0,-1.0,1721399,1.0,7,,6.0,2.0,3.0,B01,138Â 212Â 082,0.0
1008488,201900050019,1,8,18:10,5,2,1,8.0,6.0,21540,cours de gray,M,"47,3320320","5,0890270",21,2019,50.0,1.0,2.0,3.0,2255177,1.0,1,1,1,3.0,,0.0,0,1996.0,A01,138Â 212Â 080,1.0,-1.0,-1.0,1721400,1.0,7,,0.0,1.0,1.0,A01,138Â 212Â 080,1.0
1008488,201900050019,1,8,18:10,5,2,1,8.0,6.0,21540,cours de gray,M,"47,3320320","5,0890270",21,2019,50.0,1.0,2.0,3.0,2255178,10.0,3,4,2,5.0,,3.0,3,1958.0,A01,138Â 212Â 080,0.0,-1.0,-1.0,1721400,1.0,7,,0.0,1.0,1.0,A01,138Â 212Â 080,1.0
1008489,201900050020,1,9,18:15,5,2,3,1.0,3.0,37003,avenue des Montils,M,"47,4023153","0,9857304",37,2019,30.0,1.0,1.0,4.0,2255179,1.0,1,1,1,5.0,,0.0,0,1964.0,B01,138Â 212Â 078,8.0,-1.0,-1.0,1721401,0.0,7,,0.0,2.0,1.0,B01,138Â 212Â 078,0.0
1008489,201900050020,1,9,18:15,5,2,3,1.0,3.0,37003,avenue des Montils,M,"47,4023153","0,9857304",37,2019,30.0,1.0,1.0,4.0,2255179,1.0,1,1,1,5.0,,0.0,0,1964.0,B01,138Â 212Â 078,8.0,-1.0,-1.0,1721402,0.0,2,,0.0,2.0,3.0,A01,138Â 212Â 079,0.0
1008489,201900050020,1,9,18:15,5,2,3,1.0,3.0,37003,avenue des Montils,M,"47,4023153","0,9857304",37,2019,30.0,1.0,1.0,4.0,2255180,1.0,1,3,1,5.0,,0.0,0,1965.0,A01,138Â 212Â 079,2.0,-1.0,-1.0,1721401,0.0,7,,0.0,2.0,1.0,B01,138Â 212Â 078,0.0
1008489,201900050020,1,9,18:15,5,2,3,1.0,3.0,37003,avenue des Montils,M,"47,4023153","0,9857304",37,2019,30.0,1.0,1.0,4.0,2255180,1.0,1,3,1,5.0,,0.0,0,1965.0,A01,138Â 212Â 079,2.0,-1.0,-1.0,1721402,0.0,2,,0.0,2.0,3.0,A01,138Â 212Â 079,0.0
1008490,201900050021,1,12,10:10,1,2,2,2.0,3.0,77200,D98 X VC-rue saint-martin,M,"48,2364950","2,5520200",77,2019,50.0,1.0,2.0,3.0,2255181,1.0,1,1,1,0.0,,0.0,0,1960.0,B01,138Â 212Â 076,1.0,-1.0,-1.0,1721403,0.0,7,,0.0,2.0,1.0,B01,138Â 212Â 076,6.0
1008490,201900050021,1,12,10:10,1,2,2,2.0,3.0,77200,D98 X VC-rue saint-martin,M,"48,2364950","2,5520200",77,2019,50.0,1.0,2.0,3.0,2255181,1.0,1,1,1,0.0,,0.0,0,1960.0,B01,138Â 212Â 076,1.0,-1.0,-1.0,1721404,1.0,7,,0.0,2.0,3.0,A01,138Â 212Â 077,6.0
1008490,201900050021,1,12,10:10,1,2,2,2.0,3.0,77200,D98 X VC-rue saint-martin,M,"48,2364950","2,5520200",77,2019,50.0,1.0,2.0,3.0,2255182,1.0,1,4,2,5.0,,0.0,0,1999.0,A01,138Â 212Â 077,1.0,-1.0,-1.0,1721403,0.0,7,,0.0,2.0,1.0,B01,138Â 212Â 076,6.0
1008490,201900050021,1,12,10:10,1,2,2,2.0,3.0,77200,D98 X VC-rue saint-martin,M,"48,2364950","2,5520200",77,2019,50.0,1.0,2.0,3.0,2255182,1.0,1,4,2,5.0,,0.0,0,1999.0,A01,138Â 212Â 077,1.0,-1.0,-1.0,1721404,1.0,7,,0.0,2.0,3.0,A01,138Â 212Â 077,6.0
1008491,201900050022,1,11,18:45,5,2,5,1.0,3.0,91047,Carrefour des DÃ©partementales 191 & 831,M,"48,4890100","2,3540480",91,2019,-1.0,1.0,2.0,3.0,2255183,1.0,1,1,1,1.0,,0.0,0,1992.0,B01,138Â 212Â 074,1.0,-1.0,-1.0,1721405,3.0,7,,0.0,2.0,1.0,B01,138Â 212Â 074,1.0
1008491,201900050022,1,11,18:45,5,2,5,1.0,3.0,91047,Carrefour des DÃ©partementales 191 & 831,M,"48,4890100","2,3540480",91,2019,-1.0,1.0,2.0,3.0,2255183,1.0,1,1,1,1.0,,0.0,0,1992.0,B01,138Â 212Â 074,1.0,-1.0,-1.0,1721406,3.0,7,,0.0,2.0,7.0,A01,138Â 212Â 075,1.0
1008491,201900050022,1,11,18:45,5,2,5,1.0,3.0,91047,Carrefour des DÃ©partementales 191 & 831,M,"48,4890100","2,3540480",91,2019,-1.0,1.0,2.0,3.0,2255184,1.0,1,1,1,9.0,,0.0,0,1975.0,A01,138Â 212Â 075,1.0,-1.0,-1.0,1721405,3.0,7,,0.0,2.0,1.0,B01,138Â 212Â 074,1.0
1008491,201900050022,1,11,18:45,5,2,5,1.0,3.0,91047,Carrefour des DÃ©partementales 191 & 831,M,"48,4890100","2,3540480",91,2019,-1.0,1.0,2.0,3.0,2255184,1.0,1,1,1,9.0,,0.0,0,1975.0,A01,138Â 212Â 075,1.0,-1.0,-1.0,1721406,3.0,7,,0.0,2.0,7.0,A01,138Â 212Â 075,1.0
1008491,201900050022,1,11,18:45,5,2,5,1.0,3.0,91047,Carrefour des DÃ©partementales 191 & 831,M,"48,4890100","2,3540480",91,2019,-1.0,1.0,2.0,3.0,2255185,2.0,2,4,2,0.0,,0.0,0,1985.0,A01,138Â 212Â 075,1.0,-1.0,-1.0,1721405,3.0,7,,0.0,2.0,1.0,B01,138Â 212Â 074,1.0
1008491,201900050022,1,11,18:45,5,2,5,1.0,3.0,91047,Carrefour des DÃ©partementales 191 & 831,M,"48,4890100","2,3540480",91,2019,-1.0,1.0,2.0,3.0,2255185,2.0,2,4,2,0.0,,0.0,0,1985.0,A01,138Â 212Â 075,1.0,-1.0,-1.0,1721406,3.0,7,,0.0,2.0,7.0,A01,138Â 212Â 075,1.0
1008492,201900050023,1,8,08:30,2,2,6,1.0,7.0,78321,Route de PARIS,M,"48,7981100","1,9113710",78,2019,50.0,1.0,2.0,3.0,2255186,1.0,1,3,1,1.0,,0.0,0,1970.0,A01,138Â 212Â 073,2.0,9.0,-1.0,1721407,2.0,33,,0.0,0.0,3.0,A01,138Â 212Â 073,1.0
1008493,201900050024,1,9,15:20,1,2,1,1.0,7.0,2B298,route du collÃ¨ge,M,"42,6821740","9,3022180",2B,2019,50.0,1.0,1.0,4.0,2255187,1.0,1,3,2,9.0,,0.0,0,1965.0,A01,138Â 212Â 072,2.0,-1.0,-1.0,1721408,3.0,2,,0.0,0.0,0.0,A01,138Â 212Â 072,1.0
1008494,201900050025,1,11,08:45,1,2,1,7.0,6.0,83107,parking des messugues,M,"43,3692690","6,7121900",83,2019,30.0,1.0,1.0,6.0,2255188,10.0,3,3,2,9.0,,9.0,3,1952.0,A01,138Â 212Â 071,0.0,-1.0,-1.0,1721409,3.0,7,,0.0,1.0,1.0,A01,138Â 212Â 071,1.0
1008494,201900050025,1,11,08:45,1,2,1,7.0,6.0,83107,parking des messugues,M,"43,3692690","6,7121900",83,2019,30.0,1.0,1.0,6.0,2255189,1.0,1,1,1,0.0,,0.0,0,1980.0,A01,138Â 212Â 071,1.0,-1.0,-1.0,1721409,3.0,7,,0.0,1.0,1.0,A01,138Â 212Â 071,1.0
1008495,201900050026,1,13,04:45,3,1,1,1.0,1.0,83146,Route de Saint Julien,M,"43,6443580","5,9319060",83,2019,80.0,1.0,1.0,3.0,2255190,1.0,1,1,1,1.0,,0.0,0,1998.0,B01,138Â 212Â 069,1.0,-1.0,-1.0,1721410,1.0,7,,0.0,0.0,1.0,B01,138Â 212Â 069,1.0
1008495,201900050026,1,13,04:45,3,1,1,1.0,1.0,83146,Route de Saint Julien,M,"43,6443580","5,9319060",83,2019,80.0,1.0,1.0,3.0,2255190,1.0,1,1,1,1.0,,0.0,0,1998.0,B01,138Â 212Â 069,1.0,-1.0,-1.0,1721411,2.0,7,,0.0,2.0,1.0,A01,138Â 212Â 070,1.0
1008495,201900050026,1,13,04:45,3,1,1,1.0,1.0,83146,Route de Saint Julien,M,"43,6443580","5,9319060",83,2019,80.0,1.0,1.0,3.0,2255191,3.0,2,1,1,5.0,,0.0,0,1987.0,A01,138Â 212Â 070,1.0,-1.0,-1.0,1721410,1.0,7,,0.0,0.0,1.0,B01,138Â 212Â 069,1.0
1008495,201900050026,1,13,04:45,3,1,1,1.0,1.0,83146,Route de Saint Julien,M,"43,6443580","5,9319060",83,2019,80.0,1.0,1.0,3.0,2255191,3.0,2,1,1,5.0,,0.0,0,1987.0,A01,138Â 212Â 070,1.0,-1.0,-1.0,1721411,2.0,7,,0.0,2.0,1.0,A01,138Â 212Â 070,1.0
1008495,201900050026,1,13,04:45,3,1,1,1.0,1.0,83146,Route de Saint Julien,M,"43,6443580","5,9319060",83,2019,80.0,1.0,1.0,3.0,2255192,1.0,1,4,1,5.0,,0.0,0,1988.0,A01,138Â 212Â 070,1.0,-1.0,-1.0,1721410,1.0,7,,0.0,0.0,1.0,B01,138Â 212Â 069,1.0
1008495,201900050026,1,13,04:45,3,1,1,1.0,1.0,83146,Route de Saint Julien,M,"43,6443580","5,9319060",83,2019,80.0,1.0,1.0,3.0,2255192,1.0,1,4,1,5.0,,0.0,0,1988.0,A01,138Â 212Â 070,1.0,-1.0,-1.0,1721411,2.0,7,,0.0,2.0,1.0,A01,138Â 212Â 070,1.0
1008495,201900050026,1,13,04:45,3,1,1,1.0,1.0,83146,Route de Saint Julien,M,"43,6443580","5,9319060",83,2019,80.0,1.0,1.0,3.0,2255193,2.0,2,4,2,5.0,,0.0,0,1988.0,A01,138Â 212Â 070,1.0,-1.0,-1.0,1721410,1.0,7,,0.0,0.0,1.0,B01,138Â 212Â 069,1.0
1008495,201900050026,1,13,04:45,3,1,1,1.0,1.0,83146,Route de Saint Julien,M,"43,6443580","5,9319060",83,2019,80.0,1.0,1.0,3.0,2255193,2.0,2,4,2,5.0,,0.0,0,1988.0,A01,138Â 212Â 070,1.0,-1.0,-1.0,1721411,2.0,7,,0.0,2.0,1.0,A01,138Â 212Â 070,1.0
1008495,201900050026,1,13,04:45,3,1,1,1.0,1.0,83146,Route de Saint Julien,M,"43,6443580","5,9319060",83,2019,80.0,1.0,1.0,3.0,2255194,4.0,2,4,2,5.0,,0.0,0,1993.0,A01,138Â 212Â 070,1.0,-1.0,-1.0,1721410,1.0,7,,0.0,0.0,1.0,B01,138Â 212Â 069,1.0