Unnamed: 0_x,num_acc,mois,jour,hrmn,lum,agg,int,atm,col,com,adr,gps,lat,long,dep,annee,vma,situ,surf,catr,Unnamed: 0_y,place,catu,grav,sexe,trajet,secu,locp,actp,an_nais,num_veh_x,id_vehicule_x,secu1,secu2,secu3,Unnamed: 0,senc,catv,occutc,obs,obsm,choc,num_veh_y,id_vehicule_y,motor
1008495,201900050026,1,13,04:45,3,1,1,1.0,1.0,83146,Route de Saint Julien,M,"43,6443580","5,9319060",83,2019,80.0,1.0,1.0,3.0,2255194,4.0,2,4,2,5.0,,0.0,0,1993.0,A01,138Â 212Â 070,1.0,-1.0,-1.0,1721411,2.0,7,,0.0,2.0,1.0,A01,138Â 212Â 070,1.0
1008496,201900050027,1,11,12:40,1,1,1,1.0,1.0,05014,D942,M,"44,2633610","5,7417330",5,2019,80.0,1.0,1.0,3.0,2255195,1.0,1,1,1,4.0,,0.0,0,1984.0,A01,138Â 212Â 067,1.0,-1.0,-1.0,1721412,1.0,14,,0.0,2.0,3.0,A01,138Â 212Â 067,0.0
1008496,201900050027,1,11,12:40,1,1,1,1.0,1.0,05014,D942,M,"44,2633610","5,7417330",5,2019,80.0,1.0,1.0,3.0,2255195,1.0,1,1,1,4.0,,0.0,0,1984.0,A01,138Â 212Â 067,1.0,-1.0,-1.0,1721413,2.0,7,,0.0,2.0,3.0,B01,138Â 212Â 068,0.0
1008496,201900050027,1,11,12:40,1,1,1,1.0,1.0,05014,D942,M,"44,2633610","5,7417330",5,2019,80.0,1.0,1.0,3.0,2255196,1.0,1,4,1,1.0,,0.0,0,1981.0,B01,138Â 212Â 068,1.0,-1.0,-1.0,1721412,1.0,14,,0.0,2.0,3.0,A01,138Â 212Â 067,0.0
1008496,201900050027,1,11,12:40,1,1,1,1.0,1.0,05014,D942,M,"44,2633610","5,7417330",5,2019,80.0,1.0,1.0,3.0,2255196,1.0,1,4,1,1.0,,0.0,0,1981.0,B01,138Â 212Â 068,1.0,-1.0,-1.0,1721413,2.0,7,,0.0,2.0,3.0,B01,138Â 212Â 068,0.0
1008497,201900050028,1,9,06:45,2,1,1,1.0,6.0,13004,D37,M,"43,5727300","4,5499600",13,2019,80.0,3.0,1.0,3.0,2255197,1.0,1,2,1,0.0,,0.0,0,1998.0,A01,138Â 212Â 066,0.0,-1.0,-1.0,1721414,1.0,7,,0.0,0.0,3.0,A01,138Â 212Â 066,0.0
1008498,201900050029,1,10,18:15,5,2,1,8.0,1.0,71574,980 route de la roche vineuse; Lieu dit Marigny,M,"46,3698900","4,7297320",71,2019,50.0,1.0,1.0,3.0,2255198,1.0,1,4,2,3.0,,0.0,0,1980.0,B01,138Â 212Â 064,1.0,-1.0,-1.0,1721415,3.0,7,,0.0,2.0,3.0,B01,138Â 212Â 064,1.0
1008498,201900050029,1,10,18:15,5,2,1,8.0,1.0,71574,980 route de la roche vineuse; Lieu dit Marigny,M,"46,3698900","4,7297320",71,2019,50.0,1.0,1.0,3.0,2255198,1.0,1,4,2,3.0,,0.0,0,1980.0,B01,138Â 212Â 064,1.0,-1.0,-1.0,1721416,0.0,7,,6.0,2.0,5.0,A01,138Â 212Â 065,1.0
1008498,201900050029,1,10,18:15,5,2,1,8.0,1.0,71574,980 route de la roche vineuse; Lieu dit Marigny,M,"46,3698900","4,7297320",71,2019,50.0,1.0,1.0,3.0,2255199,2.0,2,1,1,5.0,,0.0,0,1974.0,A01,138Â 212Â 065,1.0,-1.0,-1.0,1721415,3.0,7,,0.0,2.0,3.0,B01,138Â 212Â 064,1.0
1008498,201900050029,1,10,18:15,5,2,1,8.0,1.0,71574,980 route de la roche vineuse; Lieu dit Marigny,M,"46,3698900","4,7297320",71,2019,50.0,1.0,1.0,3.0,2255199,2.0,2,1,1,5.0,,0.0,0,1974.0,A01,138Â 212Â 065,1.0,-1.0,-1.0,1721416,0.0,7,,6.0,2.0,5.0,A01,138Â 212Â 065,1.0
1008498,201900050029,1,10,18:15,5,2,1,8.0,1.0,71574,980 route de la roche vineuse; Lieu dit Marigny,M,"46,3698900","4,7297320",71,2019,50.0,1.0,1.0,3.0,2255200,1.0,1,3,2,5.0,,0.0,0,1975.0,A01,138Â 212Â 065,1.0,-1.0,-1.0,1721415,3.0,7,,0.0,2.0,3.0,B01,138Â 212Â 064,1.0
1008498,201900050029,1,10,18:15,5,2,1,8.0,1.0,71574,980 route de la roche vineuse; Lieu dit Marigny,M,"46,3698900","4,7297320",71,2019,50.0,1.0,1.0,3.0,2255200,1.0,1,3,2,5.0,,0.0,0,1975.0,A01,138Â 212Â 065,1.0,-1.0,-1.0,1721416,0.0,7,,6.0,2.0,5.0,A01,138Â 212Â 065,1.0
1008499,201900050030,1,11,16:15,2,2,3,1.0,4.0,68298,Route dÃ©partementale 459,M,"48,2557740","7,2040730",68,2019,80.0,1.0,1.0,3.0,2255201,1.0,1,1,1,5.0,,0.0,0,1995.0,A01,138Â 212Â 061,1.0,-1.0,-1.0,1721417,2.0,7,,0.0,2.0,7.0,A01,138Â 212Â 061,1.0
1008499,201900050030,1,11,16:15,2,2,3,1.0,4.0,68298,Route dÃ©partementale 459,M,"48,2557740","7,2040730",68,2019,80.0,1.0,1.0,3.0,2255201,1.0,1,1,1,5.0,,0.0,0,1995.0,A01,138Â 212Â 061,1.0,-1.0,-1.0,1721418,1.0,7,,0.0,2.0,1.0,B01,138Â 212Â 062,1.0
1008499,201900050030,1,11,16:15,2,2,3,1.0,4.0,68298,Route dÃ©partementale 459,M,"48,2557740","7,2040730",68,2019,80.0,1.0,1.0,3.0,2255201,1.0,1,1,1,5.0,,0.0,0,1995.0,A01,138Â 212Â 061,1.0,-1.0,-1.0,1721419,2.0,10,,0.0,2.0,3.0,C01,138Â 212Â 063,1.0
1008499,201900050030,1,11,16:15,2,2,3,1.0,4.0,68298,Route dÃ©partementale 459,M,"48,2557740","7,2040730",68,2019,80.0,1.0,1.0,3.0,2255202,2.0,2,3,2,5.0,,0.0,0,1998.0,A01,138Â 212Â 061,1.0,-1.0,-1.0,1721417,2.0,7,,0.0,2.0,7.0,A01,138Â 212Â 061,1.0
1008499,201900050030,1,11,16:15,2,2,3,1.0,4.0,68298,Route dÃ©partementale 459,M,"48,2557740","7,2040730",68,2019,80.0,1.0,1.0,3.0,2255202,2.0,2,3,2,5.0,,0.0,0,1998.0,A01,138Â 212Â 061,1.0,-1.0,-1.0,1721418,1.0,7,,0.0,2.0,1.0,B01,138Â 212Â 062,1.0
1008499,201900050030,1,11,16:15,2,2,3,1.0,4.0,68298,Route dÃ©partementale 459,M,"48,2557740","7,2040730",68,2019,80.0,1.0,1.0,3.0,2255202,2.0,2,3,2,5.0,,0.0,0,1998.0,A01,138Â 212Â 061,1.0,-1.0,-1.0,1721419,2.0,10,,0.0,2.0,3.0,C01,138Â 212Â 063,1.0
1008499,201900050030,1,11,16:15,2,2,3,1.0,4.0,68298,Route dÃ©partementale 459,M,"48,2557740","7,2040730",68,2019,80.0,1.0,1.0,3.0,2255203,1.0,1,1,1,5.0,,0.0,0,2000.0,B01,138Â 212Â 062,1.0,-1.0,-1.0,1721417,2.0,7,,0.0,2.0,7.0,A01,138Â 212Â 061,1.0
1008499,201900050030,1,11,16:15,2,2,3,1.0,4.0,68298,Route dÃ©partementale 459,M,"48,2557740","7,2040730",68,2019,80.0,1.0,1.0,3.0,2255203,1.0,1,1,1,5.0,,0.0,0,2000.0,B01,138Â 212Â 062,1.0,-1.0,-1.0,1721418,1.0,7,,0.0,2.0,1.0,B01,138Â 212Â 062,1.0
1008499,201900050030,1,11,16:15,2,2,3,1.0,4.0,68298,Route dÃ©partementale 459,M,"48,2557740","7,2040730",68,2019,80.0,1.0,1.0,3.0,2255203,1.0,1,1,1,5.0,,0.0,0,2000.0,B01,138Â 212Â 062,1.0,-1.0,-1.0,1721419,2.0,10,,0.0,2.0,3.0,C01,138Â 212Â 063,1.0
1008499,201900050030,1,11,16:15,2,2,3,1.0,4.0,68298,Route dÃ©partementale 459,M,"48,2557740","7,2040730",68,2019,80.0,1.0,1.0,3.0,2255204,1.0,1,1,1,1.0,,0.0,0,1982.0,C01,138Â 212Â 063,1.0,-1.0,-1.0,1721417,2.0,7,,0.0,2.0,7.0,A01,138Â 212Â 061,1.0
1008499,201900050030,1,11,16:15,2,2,3,1.0,4.0,68298,Route dÃ©partementale 459,M,"48,2557740","7,2040730",68,2019,80.0,1.0,1.0,3.0,2255204,1.0,1,1,1,1.0,,0.0,0,1982.0,C01,138Â 212Â 063,1.0,-1.0,-1.0,1721418,1.0,7,,0.0,2.0,1.0,B01,138Â 212Â 062,1.0
1008499,201900050030,1,11,16:15,2,2,3,1.0,4.0,68298,Route dÃ©partementale 459,M,"48,2557740","7,2040730",68,2019,80.0,1.0,1.0,3.0,2255204,1.0,1,1,1,1.0,,0.0,0,1982.0,C01,138Â 212Â 063,1.0,-1.0,-1.0,1721419,2.0,10,,0.0,2.0,3.0,C01,138Â 212Â 063,1.0
1008500,201900050031,1,4,20:00,3,2,3,1.0,1.0,88173,1 route de Mirecourt,M,"48,3621430","6,2574670",88,2019,80.0,1.0,2.0,3.0,2255205,1.0,1,1,1,5.0,,0.0,0,1968.0,A01,138Â 212Â 058,1.0,-1.0,-1.0,1721420,1.0,7,,0.0,2.0,3.0,A01,138Â 212Â 058,1.0
1008500,201900050031,1,4,20:00,3,2,3,1.0,1.0,88173,1 route de Mirecourt,M,"48,3621430","6,2574670",88,2019,80.0,1.0,2.0,3.0,2255205,1.0,1,1,1,5.0,,0.0,0,1968.0,A01,138Â 212Â 058,1.0,-1.0,-1.0,1721421,2.0,7,,6.0,2.0,3.0,B01,138Â 212Â 059,1.0
1008500,201900050031,1,4,20:00,3,2,3,1.0,1.0,88173,1 route de Mirecourt,M,"48,3621430","6,2574670",88,2019,80.0,1.0,2.0,3.0,2255206,2.0,2,4,2,5.0,,0.0,0,1995.0,B01,138Â 212Â 059,1.0,-1.0,-1.0,1721420,1.0,7,,0.0,2.0,3.0,A01,138Â 212Â 058,1.0
1008500,201900050031,1,4,20:00,3,2,3,1.0,1.0,88173,1 route de Mirecourt,M,"48,3621430","6,2574670",88,2019,80.0,1.0,2.0,3.0,2255206,2.0,2,4,2,5.0,,0.0,0,1995.0,B01,138Â 212Â 059,1.0,-1.0,-1.0,1721421,2.0,7,,6.0,2.0,3.0,B01,138Â 212Â 059,1.0
1008500,201900050031,1,4,20:00,3,2,3,1.0,1.0,88173,1 route de Mirecourt,M,"48,3621430","6,2574670",88,2019,80.0,1.0,2.0,3.0,2255207,1.0,1,1,1,5.0,,0.0,0,1994.0,B01,138Â 212Â 059,1.0,-1.0,-1.0,1721420,1.0,7,,0.0,2.0,3.0,A01,138Â 212Â 058,1.0
1008500,201900050031,1,4,20:00,3,2,3,1.0,1.0,88173,1 route de Mirecourt,M,"48,3621430","6,2574670",88,2019,80.0,1.0,2.0,3.0,2255207,1.0,1,1,1,5.0,,0.0,0,1994.0,B01,138Â 212Â 059,1.0,-1.0,-1.0,1721421,2.0,7,,6.0,2.0,3.0,B01,138Â 212Â 059,1.0
1008501,201900050032,1,11,16:50,2,2,3,4.0,7.0,54459,rue de Nancy,M,"48,5949720","6,1692640",54,2019,50.0,1.0,2.0,3.0,2255208,1.0,1,1,1,5.0,,0.0,0,1939.0,A01,138Â 212Â 057,1.0,-1.0,-1.0,1721422,1.0,7,,0.0,1.0,2.0,A01,138Â 212Â 057,1.0
1008501,201900050032,1,11,16:50,2,2,3,4.0,7.0,54459,rue de Nancy,M,"48,5949720","6,1692640",54,2019,50.0,1.0,2.0,3.0,2255209,10.0,3,3,1,5.0,,3.0,3,1949.0,A01,138Â 212Â 057,0.0,-1.0,-1.0,1721422,1.0,7,,0.0,1.0,2.0,A01,138Â 212Â 057,1.0
1008502,201900050033,9,21,12:30,1,1,1,1.0,7.0,58037,D6,M,"47,2741280","3,9827980",58,2019,80.0,3.0,1.0,3.0,2255210,1.0,1,3,1,5.0,,0.0,0,1992.0,A01,138Â 212Â 056,2.0,6.0,-1.0,1721423,0.0,33,,0.0,0.0,8.0,A01,138Â 212Â 056,0.0
1008503,201900050034,9,26,19:50,2,1,1,1.0,1.0,66004,Route DÃ©partementale 32,M,"42,5616900","2,0749000",66,2019,80.0,1.0,1.0,3.0,2255211,1.0,1,1,2,5.0,,0.0,0,1973.0,B01,138Â 212Â 054,8.0,-1.0,-1.0,1721424,1.0,3,,0.0,2.0,3.0,B01,138Â 212Â 054,1.0
1008503,201900050034,9,26,19:50,2,1,1,1.0,1.0,66004,Route DÃ©partementale 32,M,"42,5616900","2,0749000",66,2019,80.0,1.0,1.0,3.0,2255211,1.0,1,1,2,5.0,,0.0,0,1973.0,B01,138Â 212Â 054,8.0,-1.0,-1.0,1721425,2.0,2,,0.0,2.0,1.0,A01,138Â 212Â 055,1.0
1008503,201900050034,9,26,19:50,2,1,1,1.0,1.0,66004,Route DÃ©partementale 32,M,"42,5616900","2,0749000",66,2019,80.0,1.0,1.0,3.0,2255212,1.0,1,3,1,0.0,,0.0,0,1980.0,A01,138Â 212Â 055,2.0,-1.0,-1.0,1721424,1.0,3,,0.0,2.0,3.0,B01,138Â 212Â 054,1.0
1008503,201900050034,9,26,19:50,2,1,1,1.0,1.0,66004,Route DÃ©partementale 32,M,"42,5616900","2,0749000",66,2019,80.0,1.0,1.0,3.0,2255212,1.0,1,3,1,0.0,,0.0,0,1980.0,A01,138Â 212Â 055,2.0,-1.0,-1.0,1721425,2.0,2,,0.0,2.0,1.0,A01,138Â 212Â 055,1.0
1008504,201900050035,9,12,18:30,1,2,2,1.0,7.0,54222,rue Saint Pierre,M,"48,4950250","6,5103200",54,2019,50.0,1.0,1.0,3.0,2255213,10.0,3,4,1,5.0,,3.0,3,2009.0,A01,138Â 212Â 053,0.0,-1.0,-1.0,1721426,2.0,7,,0.0,1.0,2.0,A01,138Â 212Â 053,0.0
1008504,201900050035,9,12,18:30,1,2,2,1.0,7.0,54222,rue Saint Pierre,M,"48,4950250","6,5103200",54,2019,50.0,1.0,1.0,3.0,2255214,1.0,1,1,1,1.0,,0.0,0,1969.0,A01,138Â 212Â 053,1.0,-1.0,-1.0,1721426,2.0,7,,0.0,1.0,2.0,A01,138Â 212Â 053,0.0
1008505,201900050036,9,26,18:10,1,1,1,1.0,7.0,14057,D227,M,"49,1369660"," -0,2036230",14,2019,80.0,3.0,1.0,3.0,2255215,1.0,1,4,2,1.0,,0.0,0,1999.0,A01,138Â 212Â 050,1.0,-1.0,-1.0,1721427,1.0,7,,16.0,0.0,1.0,A01,138Â 212Â 050,1.0
1008506,201900050037,9,26,09:35,1,1,1,2.0,7.0,14353,D8,M,"49,0775600"," -0,5563930",14,2019,80.0,1.0,8.0,3.0,2255216,1.0,1,4,1,1.0,,0.0,0,1989.0,A01,138Â 212Â 049,2.0,6.0,9.0,1721428,2.0,33,,7.0,0.0,9.0,A01,138Â 212Â 049,1.0
1008507,201900050038,9,22,15:55,1,2,1,1.0,6.0,14370,rd 5,M,"49,2425760"," -0,8725360",14,2019,30.0,1.0,1.0,3.0,2255217,1.0,1,1,1,-1.0,,0.0,0,1974.0,A01,138Â 212Â 048,2.0,-1.0,-1.0,1721429,1.0,1,,0.0,1.0,1.0,A01,138Â 212Â 048,5.0
1008507,201900050038,9,22,15:55,1,2,1,1.0,6.0,14370,rd 5,M,"49,2425760"," -0,8725360",14,2019,30.0,1.0,1.0,3.0,2255218,10.0,3,3,1,0.0,,5.0,9,1961.0,A01,138Â 212Â 048,-1.0,-1.0,-1.0,1721429,1.0,1,,0.0,1.0,1.0,A01,138Â 212Â 048,5.0
1008508,201900050039,9,27,16:10,1,2,1,1.0,6.0,60286,"Place Barbier, D901",M,"49,6642914","1,9398897",60,2019,50.0,1.0,1.0,3.0,2255219,10.0,3,3,1,5.0,,3.0,3,1930.0,A01,138Â 212Â 047,0.0,-1.0,-1.0,1721430,0.0,7,,0.0,1.0,2.0,A01,138Â 212Â 047,1.0
1008508,201900050039,9,27,16:10,1,2,1,1.0,6.0,60286,"Place Barbier, D901",M,"49,6642914","1,9398897",60,2019,50.0,1.0,1.0,3.0,2255220,1.0,1,1,1,9.0,,0.0,0,1954.0,A01,138Â 212Â 047,1.0,-1.0,-1.0,1721430,0.0,7,,0.0,1.0,2.0,A01,138Â 212Â 047,1.0
1008509,201900050040,9,25,09:45,1,1,1,2.0,7.0,60703,D981,M,"49,4048328","2,0432852",60,2019,80.0,3.0,2.0,3.0,2255221,1.0,1,3,1,5.0,,0.0,0,1980.0,A01,138Â 212Â 046,1.0,-1.0,-1.0,1721431,3.0,7,,0.0,0.0,1.0,A01,138Â 212Â 046,1.0
1008509,201900050040,9,25,09:45,1,1,1,2.0,7.0,60703,D981,M,"49,4048328","2,0432852",60,2019,80.0,3.0,2.0,3.0,2255222,2.0,2,1,2,5.0,,0.0,0,1977.0,A01,138Â 212Â 046,1.0,-1.0,-1.0,1721431,3.0,7,,0.0,0.0,1.0,A01,138Â 212Â 046,1.0
1008510,201900050041,9,26,16:50,1,1,2,1.0,6.0,73298,D 122,M,"45,6516807","6,4362225",73,2019,-1.0,1.0,1.0,2.0,2255223,1.0,1,1,2,0.0,,0.0,0,1971.0,A01,138Â 212Â 044,1.0,-1.0,-1.0,1721432,2.0,7,,0.0,2.0,7.0,A01,138Â 212Â 044,1.0
1008510,201900050041,9,26,16:50,1,1,2,1.0,6.0,73298,D 122,M,"45,6516807","6,4362225",73,2019,-1.0,1.0,1.0,2.0,2255223,1.0,1,1,2,0.0,,0.0,0,1971.0,A01,138Â 212Â 044,1.0,-1.0,-1.0,1721433,1.0,33,,0.0,2.0,1.0,B01,138Â 212Â 045,1.0
1008510,201900050041,9,26,16:50,1,1,2,1.0,6.0,73298,D 122,M,"45,6516807","6,4362225",73,2019,-1.0,1.0,1.0,2.0,2255224,1.0,1,4,1,0.0,,0.0,0,1983.0,B01,138Â 212Â 045,2.0,6.0,-1.0,1721432,2.0,7,,0.0,2.0,7.0,A01,138Â 212Â 044,1.0
1008510,201900050041,9,26,16:50,1,1,2,1.0,6.0,73298,D 122,M,"45,6516807","6,4362225",73,2019,-1.0,1.0,1.0,2.0,2255224,1.0,1,4,1,0.0,,0.0,0,1983.0,B01,138Â 212Â 045,2.0,6.0,-1.0,1721433,1.0,33,,0.0,2.0,1.0,B01,138Â 212Â 045,1.0
1008511,201900050042,9,27,13:50,1,1,1,3.0,5.0,18142,D10,M,"46,7433080","2,5072600",18,2019,80.0,1.0,2.0,3.0,2255225,1.0,1,3,1,5.0,,0.0,0,1949.0,A01,138Â 212Â 041,2.0,6.0,9.0,1721434,2.0,31,,0.0,2.0,1.0,A01,138Â 212Â 041,1.0
1008511,201900050042,9,27,13:50,1,1,1,3.0,5.0,18142,D10,M,"46,7433080","2,5072600",18,2019,80.0,1.0,2.0,3.0,2255225,1.0,1,3,1,5.0,,0.0,0,1949.0,A01,138Â 212Â 041,2.0,6.0,9.0,1721435,1.0,7,,0.0,2.0,3.0,B01,138Â 212Â 042,1.0
1008511,201900050042,9,27,13:50,1,1,1,3.0,5.0,18142,D10,M,"46,7433080","2,5072600",18,2019,80.0,1.0,2.0,3.0,2255225,1.0,1,3,1,5.0,,0.0,0,1949.0,A01,138Â 212Â 041,2.0,6.0,9.0,1721436,2.0,33,,0.0,2.0,1.0,C01,138Â 212Â 043,1.0
1008511,201900050042,9,27,13:50,1,1,1,3.0,5.0,18142,D10,M,"46,7433080","2,5072600",18,2019,80.0,1.0,2.0,3.0,2255226,1.0,1,1,1,4.0,,0.0,0,1988.0,B01,138Â 212Â 042,1.0,-1.0,-1.0,1721434,2.0,31,,0.0,2.0,1.0,A01,138Â 212Â 041,1.0
1008511,201900050042,9,27,13:50,1,1,1,3.0,5.0,18142,D10,M,"46,7433080","2,5072600",18,2019,80.0,1.0,2.0,3.0,2255226,1.0,1,1,1,4.0,,0.0,0,1988.0,B01,138Â 212Â 042,1.0,-1.0,-1.0,1721435,1.0,7,,0.0,2.0,3.0,B01,138Â 212Â 042,1.0
1008511,201900050042,9,27,13:50,1,1,1,3.0,5.0,18142,D10,M,"46,7433080","2,5072600",18,2019,80.0,1.0,2.0,3.0,2255226,1.0,1,1,1,4.0,,0.0,0,1988.0,B01,138Â 212Â 042,1.0,-1.0,-1.0,1721436,2.0,33,,0.0,2.0,1.0,C01,138Â 212Â 043,1.0
1008511,201900050042,9,27,13:50,1,1,1,3.0,5.0,18142,D10,M,"46,7433080","2,5072600",18,2019,80.0,1.0,2.0,3.0,2255227,1.0,1,4,1,5.0,,0.0,0,1991.0,C01,138Â 212Â 043,2.0,6.0,9.0,1721434,2.0,31,,0.0,2.0,1.0,A01,138Â 212Â 041,1.0
1008511,201900050042,9,27,13:50,1,1,1,3.0,5.0,18142,D10,M,"46,7433080","2,5072600",18,2019,80.0,1.0,2.0,3.0,2255227,1.0,1,4,1,5.0,,0.0,0,1991.0,C01,138Â 212Â 043,2.0,6.0,9.0,1721435,1.0,7,,0.0,2.0,3.0,B01,138Â 212Â 042,1.0
1008511,201900050042,9,27,13:50,1,1,1,3.0,5.0,18142,D10,M,"46,7433080","2,5072600",18,2019,80.0,1.0,2.0,3.0,2255227,1.0,1,4,1,5.0,,0.0,0,1991.0,C01,138Â 212Â 043,2.0,6.0,9.0,1721436,2.0,33,,0.0,2.0,1.0,C01,138Â 212Â 043,1.0
1008512,201900050043,9,27,10:17,1,1,1,1.0,6.0,16276,route nationle 10,M,"45,4460000"," -0,1639000",16,2019,110.0,2.0,2.0,2.0,2255228,1.0,1,1,2,5.0,,0.0,0,1951.0,A01,138Â 212Â 040,1.0,-1.0,-1.0,1721437,2.0,10,,3.0,0.0,1.0,A01,138Â 212Â 040,1.0
1008512,201900050043,9,27,10:17,1,1,1,1.0,6.0,16276,route nationle 10,M,"45,4460000"," -0,1639000",16,2019,110.0,2.0,2.0,2.0,2255229,2.0,2,3,1,5.0,,0.0,0,1936.0,A01,138Â 212Â 040,1.0,-1.0,-1.0,1721437,2.0,10,,3.0,0.0,1.0,A01,138Â 212Â 040,1.0
1008513,201900050044,9,27,18:30,1,1,1,1.0,5.0,07198,D 86,M,"44,7773170","4,7619630",7,2019,80.0,1.0,1.0,3.0,2255230,1.0,1,1,1,1.0,,0.0,0,1957.0,C01,138Â 212Â 037,1.0,-1.0,-1.0,1721438,1.0,7,,0.0,0.0,6.0,C01,138Â 212Â 037,1.0
1008513,201900050044,9,27,18:30,1,1,1,1.0,5.0,07198,D 86,M,"44,7773170","4,7619630",7,2019,80.0,1.0,1.0,3.0,2255230,1.0,1,1,1,1.0,,0.0,0,1957.0,C01,138Â 212Â 037,1.0,-1.0,-1.0,1721439,2.0,7,,0.0,0.0,1.0,B01,138Â 212Â 038,1.0
1008513,201900050044,9,27,18:30,1,1,1,1.0,5.0,07198,D 86,M,"44,7773170","4,7619630",7,2019,80.0,1.0,1.0,3.0,2255230,1.0,1,1,1,1.0,,0.0,0,1957.0,C01,138Â 212Â 037,1.0,-1.0,-1.0,1721440,1.0,33,,0.0,2.0,1.0,A01,138Â 212Â 039,1.0
1008513,201900050044,9,27,18:30,1,1,1,1.0,5.0,07198,D 86,M,"44,7773170","4,7619630",7,2019,80.0,1.0,1.0,3.0,2255231,1.0,1,4,1,1.0,,0.0,0,1995.0,B01,138Â 212Â 038,1.0,-1.0,-1.0,1721438,1.0,7,,0.0,0.0,6.0,C01,138Â 212Â 037,1.0
1008513,201900050044,9,27,18:30,1,1,1,1.0,5.0,07198,D 86,M,"44,7773170","4,7619630",7,2019,80.0,1.0,1.0,3.0,2255231,1.0,1,4,1,1.0,,0.0,0,1995.0,B01,138Â 212Â 038,1.0,-1.0,-1.0,1721439,2.0,7,,0.0,0.0,1.0,B01,138Â 212Â 038,1.0
1008513,201900050044,9,27,18:30,1,1,1,1.0,5.0,07198,D 86,M,"44,7773170","4,7619630",7,2019,80.0,1.0,1.0,3.0,2255231,1.0,1,4,1,1.0,,0.0,0,1995.0,B01,138Â 212Â 038,1.0,-1.0,-1.0,1721440,1.0,33,,0.0,2.0,1.0,A01,138Â 212Â 039,1.0
1008513,201900050044,9,27,18:30,1,1,1,1.0,5.0,07198,D 86,M,"44,7773170","4,7619630",7,2019,80.0,1.0,1.0,3.0,2255232,1.0,1,3,1,1.0,,0.0,0,1996.0,A01,138Â 212Â 039,2.0,-1.0,-1.0,1721438,1.0,7,,0.0,0.0,6.0,C01,138Â 212Â 037,1.0
1008513,201900050044,9,27,18:30,1,1,1,1.0,5.0,07198,D 86,M,"44,7773170","4,7619630",7,2019,80.0,1.0,1.0,3.0,2255232,1.0,1,3,1,1.0,,0.0,0,1996.0,A01,138Â 212Â 039,2.0,-1.0,-1.0,1721439,2.0,7,,0.0,0.0,1.0,B01,138Â 212Â 038,1.0
1008513,201900050044,9,27,18:30,1,1,1,1.0,5.0,07198,D 86,M,"44,7773170","4,7619630",7,2019,80.0,1.0,1.0,3.0,2255232,1.0,1,3,1,1.0,,0.0,0,1996.0,A01,138Â 212Â 039,2.0,-1.0,-1.0,1721440,1.0,33,,0.0,2.0,1.0,A01,138Â 212Â 039,1.0
1008514,201900050045,9,26,19:00,2,1,1,3.0,7.0,53059,D20 - Pk 51+650 Sens SOULGE SUR OUETTE VERS LA CHAPELLE RAINSOUIN,M,"48,0963890"," -0,5230960",53,2019,80.0,3.0,2.0,3.0,2255233,2.0,2,3,1,5.0,,0.0,0,2000.0,A01,138Â 212Â 036,1.0,-1.0,-1.0,1721441,2.0,7,,8.0,0.0,1.0,A01,138Â 212Â 036,1.0
1008514,201900050045,9,26,19:00,2,1,1,3.0,7.0,53059,D20 - Pk 51+650 Sens SOULGE SUR OUETTE VERS LA CHAPELLE RAINSOUIN,M,"48,0963890"," -0,5230960",53,2019,80.0,3.0,2.0,3.0,2255234,1.0,1,1,1,5.0,,0.0,0,2001.0,A01,138Â 212Â 036,1.0,-1.0,-1.0,1721441,2.0,7,,8.0,0.0,1.0,A01,138Â 212Â 036,1.0
1008515,201900050046,9,27,16:30,1,2,1,7.0,3.0,40284,7 Rue du Bardot,M,"43,6582170"," -1,3054930",40,2019,50.0,1.0,1.0,4.0,2255235,1.0,1,2,1,5.0,,0.0,0,1963.0,B01,138Â 212Â 034,2.0,6.0,-1.0,1721442,1.0,33,,0.0,2.0,1.0,B01,138Â 212Â 034,1.0
1008515,201900050046,9,27,16:30,1,2,1,7.0,3.0,40284,7 Rue du Bardot,M,"43,6582170"," -1,3054930",40,2019,50.0,1.0,1.0,4.0,2255235,1.0,1,2,1,5.0,,0.0,0,1963.0,B01,138Â 212Â 034,2.0,6.0,-1.0,1721443,2.0,7,,0.0,2.0,2.0,A01,138Â 212Â 035,1.0
1008515,201900050046,9,27,16:30,1,2,1,7.0,3.0,40284,7 Rue du Bardot,M,"43,6582170"," -1,3054930",40,2019,50.0,1.0,1.0,4.0,2255236,1.0,1,1,1,5.0,,0.0,0,1967.0,A01,138Â 212Â 035,1.0,-1.0,-1.0,1721442,1.0,33,,0.0,2.0,1.0,B01,138Â 212Â 034,1.0
1008515,201900050046,9,27,16:30,1,2,1,7.0,3.0,40284,7 Rue du Bardot,M,"43,6582170"," -1,3054930",40,2019,50.0,1.0,1.0,4.0,2255236,1.0,1,1,1,5.0,,0.0,0,1967.0,A01,138Â 212Â 035,1.0,-1.0,-1.0,1721443,2.0,7,,0.0,2.0,2.0,A01,138Â 212Â 035,1.0
1008516,201900050047,9,27,11:15,1,1,1,1.0,6.0,04054,RN 85,M,"44,0229820","6,2106810",4,2019,80.0,1.0,1.0,2.0,2255237,1.0,1,3,1,5.0,,0.0,0,1960.0,B01,138Â 212Â 032,8.0,-1.0,-1.0,1721444,2.0,7,,0.0,2.0,3.0,B01,138Â 212Â 032,1.0