Unnamed: 0_x,num_acc,mois,jour,hrmn,lum,agg,int,atm,col,com,adr,gps,lat,long,dep,annee,vma,situ,surf,catr,Unnamed: 0_y,place,catu,grav,sexe,trajet,secu,locp,actp,an_nais,num_veh_x,id_vehicule_x,secu1,secu2,secu3,Unnamed: 0,senc,catv,occutc,obs,obsm,choc,num_veh_y,id_vehicule_y,motor
1008516,201900050047,9,27,11:15,1,1,1,1.0,6.0,04054,RN 85,M,"44,0229820","6,2106810",4,2019,80.0,1.0,1.0,2.0,2255237,1.0,1,3,1,5.0,,0.0,0,1960.0,B01,138Â 212Â 032,8.0,-1.0,-1.0,1721445,1.0,7,,0.0,2.0,3.0,A01,138Â 212Â 033,1.0
1008516,201900050047,9,27,11:15,1,1,1,1.0,6.0,04054,RN 85,M,"44,0229820","6,2106810",4,2019,80.0,1.0,1.0,2.0,2255238,1.0,1,4,1,5.0,,0.0,0,1993.0,A01,138Â 212Â 033,8.0,-1.0,-1.0,1721444,2.0,7,,0.0,2.0,3.0,B01,138Â 212Â 032,1.0
1008516,201900050047,9,27,11:15,1,1,1,1.0,6.0,04054,RN 85,M,"44,0229820","6,2106810",4,2019,80.0,1.0,1.0,2.0,2255238,1.0,1,4,1,5.0,,0.0,0,1993.0,A01,138Â 212Â 033,8.0,-1.0,-1.0,1721445,1.0,7,,0.0,2.0,3.0,A01,138Â 212Â 033,1.0
1008517,201900050048,9,26,13:00,1,1,1,1.0,1.0,37159,RD 86 PK 1+150,M,"47,2769910","0,6238810",37,2019,80.0,1.0,1.0,3.0,2255239,2.0,2,3,2,0.0,,0.0,0,1960.0,B01,138Â 212Â 030,1.0,-1.0,-1.0,1721446,1.0,7,,0.0,0.0,1.0,B01,138Â 212Â 030,1.0
1008517,201900050048,9,26,13:00,1,1,1,1.0,1.0,37159,RD 86 PK 1+150,M,"47,2769910","0,6238810",37,2019,80.0,1.0,1.0,3.0,2255239,2.0,2,3,2,0.0,,0.0,0,1960.0,B01,138Â 212Â 030,1.0,-1.0,-1.0,1721447,2.0,7,,0.0,2.0,3.0,A01,138Â 212Â 031,1.0
1008517,201900050048,9,26,13:00,1,1,1,1.0,1.0,37159,RD 86 PK 1+150,M,"47,2769910","0,6238810",37,2019,80.0,1.0,1.0,3.0,2255240,1.0,1,3,2,0.0,,0.0,0,1981.0,B01,138Â 212Â 030,1.0,-1.0,-1.0,1721446,1.0,7,,0.0,0.0,1.0,B01,138Â 212Â 030,1.0
1008517,201900050048,9,26,13:00,1,1,1,1.0,1.0,37159,RD 86 PK 1+150,M,"47,2769910","0,6238810",37,2019,80.0,1.0,1.0,3.0,2255240,1.0,1,3,2,0.0,,0.0,0,1981.0,B01,138Â 212Â 030,1.0,-1.0,-1.0,1721447,2.0,7,,0.0,2.0,3.0,A01,138Â 212Â 031,1.0
1008517,201900050048,9,26,13:00,1,1,1,1.0,1.0,37159,RD 86 PK 1+150,M,"47,2769910","0,6238810",37,2019,80.0,1.0,1.0,3.0,2255241,1.0,1,3,2,5.0,,0.0,0,1989.0,A01,138Â 212Â 031,1.0,-1.0,-1.0,1721446,1.0,7,,0.0,0.0,1.0,B01,138Â 212Â 030,1.0
1008517,201900050048,9,26,13:00,1,1,1,1.0,1.0,37159,RD 86 PK 1+150,M,"47,2769910","0,6238810",37,2019,80.0,1.0,1.0,3.0,2255241,1.0,1,3,2,5.0,,0.0,0,1989.0,A01,138Â 212Â 031,1.0,-1.0,-1.0,1721447,2.0,7,,0.0,2.0,3.0,A01,138Â 212Â 031,1.0
1008518,201900050049,9,23,10:40,1,2,2,1.0,4.0,37050,104 Avenue de la RÃ©publique,M,"47,3390953","0,7280624",37,2019,50.0,1.0,1.0,7.0,2255242,2.0,2,1,2,3.0,,0.0,0,1997.0,A01,138Â 212Â 026,1.0,-1.0,-1.0,1721448,2.0,7,,0.0,2.0,1.0,A01,138Â 212Â 026,1.0
1008518,201900050049,9,23,10:40,1,2,2,1.0,4.0,37050,104 Avenue de la RÃ©publique,M,"47,3390953","0,7280624",37,2019,50.0,1.0,1.0,7.0,2255242,2.0,2,1,2,3.0,,0.0,0,1997.0,A01,138Â 212Â 026,1.0,-1.0,-1.0,1721449,2.0,7,,0.0,2.0,4.0,B01,138Â 212Â 027,1.0
1008518,201900050049,9,23,10:40,1,2,2,1.0,4.0,37050,104 Avenue de la RÃ©publique,M,"47,3390953","0,7280624",37,2019,50.0,1.0,1.0,7.0,2255242,2.0,2,1,2,3.0,,0.0,0,1997.0,A01,138Â 212Â 026,1.0,-1.0,-1.0,1721450,2.0,7,,0.0,2.0,4.0,C01,138Â 212Â 028,1.0
1008518,201900050049,9,23,10:40,1,2,2,1.0,4.0,37050,104 Avenue de la RÃ©publique,M,"47,3390953","0,7280624",37,2019,50.0,1.0,1.0,7.0,2255242,2.0,2,1,2,3.0,,0.0,0,1997.0,A01,138Â 212Â 026,1.0,-1.0,-1.0,1721451,2.0,7,,0.0,2.0,4.0,D01,138Â 212Â 029,1.0
1008518,201900050049,9,23,10:40,1,2,2,1.0,4.0,37050,104 Avenue de la RÃ©publique,M,"47,3390953","0,7280624",37,2019,50.0,1.0,1.0,7.0,2255243,1.0,1,4,2,5.0,,0.0,0,1995.0,B01,138Â 212Â 027,1.0,-1.0,-1.0,1721448,2.0,7,,0.0,2.0,1.0,A01,138Â 212Â 026,1.0
1008518,201900050049,9,23,10:40,1,2,2,1.0,4.0,37050,104 Avenue de la RÃ©publique,M,"47,3390953","0,7280624",37,2019,50.0,1.0,1.0,7.0,2255243,1.0,1,4,2,5.0,,0.0,0,1995.0,B01,138Â 212Â 027,1.0,-1.0,-1.0,1721449,2.0,7,,0.0,2.0,4.0,B01,138Â 212Â 027,1.0
1008518,201900050049,9,23,10:40,1,2,2,1.0,4.0,37050,104 Avenue de la RÃ©publique,M,"47,3390953","0,7280624",37,2019,50.0,1.0,1.0,7.0,2255243,1.0,1,4,2,5.0,,0.0,0,1995.0,B01,138Â 212Â 027,1.0,-1.0,-1.0,1721450,2.0,7,,0.0,2.0,4.0,C01,138Â 212Â 028,1.0
1008518,201900050049,9,23,10:40,1,2,2,1.0,4.0,37050,104 Avenue de la RÃ©publique,M,"47,3390953","0,7280624",37,2019,50.0,1.0,1.0,7.0,2255243,1.0,1,4,2,5.0,,0.0,0,1995.0,B01,138Â 212Â 027,1.0,-1.0,-1.0,1721451,2.0,7,,0.0,2.0,4.0,D01,138Â 212Â 029,1.0
1008518,201900050049,9,23,10:40,1,2,2,1.0,4.0,37050,104 Avenue de la RÃ©publique,M,"47,3390953","0,7280624",37,2019,50.0,1.0,1.0,7.0,2255244,8.0,2,1,1,5.0,,0.0,0,2019.0,B01,138Â 212Â 027,3.0,-1.0,-1.0,1721448,2.0,7,,0.0,2.0,1.0,A01,138Â 212Â 026,1.0
1008518,201900050049,9,23,10:40,1,2,2,1.0,4.0,37050,104 Avenue de la RÃ©publique,M,"47,3390953","0,7280624",37,2019,50.0,1.0,1.0,7.0,2255244,8.0,2,1,1,5.0,,0.0,0,2019.0,B01,138Â 212Â 027,3.0,-1.0,-1.0,1721449,2.0,7,,0.0,2.0,4.0,B01,138Â 212Â 027,1.0
1008518,201900050049,9,23,10:40,1,2,2,1.0,4.0,37050,104 Avenue de la RÃ©publique,M,"47,3390953","0,7280624",37,2019,50.0,1.0,1.0,7.0,2255244,8.0,2,1,1,5.0,,0.0,0,2019.0,B01,138Â 212Â 027,3.0,-1.0,-1.0,1721450,2.0,7,,0.0,2.0,4.0,C01,138Â 212Â 028,1.0
1008518,201900050049,9,23,10:40,1,2,2,1.0,4.0,37050,104 Avenue de la RÃ©publique,M,"47,3390953","0,7280624",37,2019,50.0,1.0,1.0,7.0,2255244,8.0,2,1,1,5.0,,0.0,0,2019.0,B01,138Â 212Â 027,3.0,-1.0,-1.0,1721451,2.0,7,,0.0,2.0,4.0,D01,138Â 212Â 029,1.0
1008518,201900050049,9,23,10:40,1,2,2,1.0,4.0,37050,104 Avenue de la RÃ©publique,M,"47,3390953","0,7280624",37,2019,50.0,1.0,1.0,7.0,2255245,2.0,2,1,2,5.0,,0.0,0,1994.0,B01,138Â 212Â 027,1.0,-1.0,-1.0,1721448,2.0,7,,0.0,2.0,1.0,A01,138Â 212Â 026,1.0
1008518,201900050049,9,23,10:40,1,2,2,1.0,4.0,37050,104 Avenue de la RÃ©publique,M,"47,3390953","0,7280624",37,2019,50.0,1.0,1.0,7.0,2255245,2.0,2,1,2,5.0,,0.0,0,1994.0,B01,138Â 212Â 027,1.0,-1.0,-1.0,1721449,2.0,7,,0.0,2.0,4.0,B01,138Â 212Â 027,1.0
1008518,201900050049,9,23,10:40,1,2,2,1.0,4.0,37050,104 Avenue de la RÃ©publique,M,"47,3390953","0,7280624",37,2019,50.0,1.0,1.0,7.0,2255245,2.0,2,1,2,5.0,,0.0,0,1994.0,B01,138Â 212Â 027,1.0,-1.0,-1.0,1721450,2.0,7,,0.0,2.0,4.0,C01,138Â 212Â 028,1.0
1008518,201900050049,9,23,10:40,1,2,2,1.0,4.0,37050,104 Avenue de la RÃ©publique,M,"47,3390953","0,7280624",37,2019,50.0,1.0,1.0,7.0,2255245,2.0,2,1,2,5.0,,0.0,0,1994.0,B01,138Â 212Â 027,1.0,-1.0,-1.0,1721451,2.0,7,,0.0,2.0,4.0,D01,138Â 212Â 029,1.0
1008518,201900050049,9,23,10:40,1,2,2,1.0,4.0,37050,104 Avenue de la RÃ©publique,M,"47,3390953","0,7280624",37,2019,50.0,1.0,1.0,7.0,2255246,7.0,2,1,1,5.0,,0.0,0,2017.0,B01,138Â 212Â 027,3.0,-1.0,-1.0,1721448,2.0,7,,0.0,2.0,1.0,A01,138Â 212Â 026,1.0
1008518,201900050049,9,23,10:40,1,2,2,1.0,4.0,37050,104 Avenue de la RÃ©publique,M,"47,3390953","0,7280624",37,2019,50.0,1.0,1.0,7.0,2255246,7.0,2,1,1,5.0,,0.0,0,2017.0,B01,138Â 212Â 027,3.0,-1.0,-1.0,1721449,2.0,7,,0.0,2.0,4.0,B01,138Â 212Â 027,1.0
1008518,201900050049,9,23,10:40,1,2,2,1.0,4.0,37050,104 Avenue de la RÃ©publique,M,"47,3390953","0,7280624",37,2019,50.0,1.0,1.0,7.0,2255246,7.0,2,1,1,5.0,,0.0,0,2017.0,B01,138Â 212Â 027,3.0,-1.0,-1.0,1721450,2.0,7,,0.0,2.0,4.0,C01,138Â 212Â 028,1.0
1008518,201900050049,9,23,10:40,1,2,2,1.0,4.0,37050,104 Avenue de la RÃ©publique,M,"47,3390953","0,7280624",37,2019,50.0,1.0,1.0,7.0,2255246,7.0,2,1,1,5.0,,0.0,0,2017.0,B01,138Â 212Â 027,3.0,-1.0,-1.0,1721451,2.0,7,,0.0,2.0,4.0,D01,138Â 212Â 029,1.0
1008518,201900050049,9,23,10:40,1,2,2,1.0,4.0,37050,104 Avenue de la RÃ©publique,M,"47,3390953","0,7280624",37,2019,50.0,1.0,1.0,7.0,2255247,1.0,1,1,1,3.0,,0.0,0,1944.0,C01,138Â 212Â 028,1.0,-1.0,-1.0,1721448,2.0,7,,0.0,2.0,1.0,A01,138Â 212Â 026,1.0
1008518,201900050049,9,23,10:40,1,2,2,1.0,4.0,37050,104 Avenue de la RÃ©publique,M,"47,3390953","0,7280624",37,2019,50.0,1.0,1.0,7.0,2255247,1.0,1,1,1,3.0,,0.0,0,1944.0,C01,138Â 212Â 028,1.0,-1.0,-1.0,1721449,2.0,7,,0.0,2.0,4.0,B01,138Â 212Â 027,1.0
1008518,201900050049,9,23,10:40,1,2,2,1.0,4.0,37050,104 Avenue de la RÃ©publique,M,"47,3390953","0,7280624",37,2019,50.0,1.0,1.0,7.0,2255247,1.0,1,1,1,3.0,,0.0,0,1944.0,C01,138Â 212Â 028,1.0,-1.0,-1.0,1721450,2.0,7,,0.0,2.0,4.0,C01,138Â 212Â 028,1.0
1008518,201900050049,9,23,10:40,1,2,2,1.0,4.0,37050,104 Avenue de la RÃ©publique,M,"47,3390953","0,7280624",37,2019,50.0,1.0,1.0,7.0,2255247,1.0,1,1,1,3.0,,0.0,0,1944.0,C01,138Â 212Â 028,1.0,-1.0,-1.0,1721451,2.0,7,,0.0,2.0,4.0,D01,138Â 212Â 029,1.0
1008518,201900050049,9,23,10:40,1,2,2,1.0,4.0,37050,104 Avenue de la RÃ©publique,M,"47,3390953","0,7280624",37,2019,50.0,1.0,1.0,7.0,2255248,1.0,1,1,1,9.0,,0.0,0,1963.0,D01,138Â 212Â 029,1.0,-1.0,-1.0,1721448,2.0,7,,0.0,2.0,1.0,A01,138Â 212Â 026,1.0
1008518,201900050049,9,23,10:40,1,2,2,1.0,4.0,37050,104 Avenue de la RÃ©publique,M,"47,3390953","0,7280624",37,2019,50.0,1.0,1.0,7.0,2255248,1.0,1,1,1,9.0,,0.0,0,1963.0,D01,138Â 212Â 029,1.0,-1.0,-1.0,1721449,2.0,7,,0.0,2.0,4.0,B01,138Â 212Â 027,1.0
1008518,201900050049,9,23,10:40,1,2,2,1.0,4.0,37050,104 Avenue de la RÃ©publique,M,"47,3390953","0,7280624",37,2019,50.0,1.0,1.0,7.0,2255248,1.0,1,1,1,9.0,,0.0,0,1963.0,D01,138Â 212Â 029,1.0,-1.0,-1.0,1721450,2.0,7,,0.0,2.0,4.0,C01,138Â 212Â 028,1.0
1008518,201900050049,9,23,10:40,1,2,2,1.0,4.0,37050,104 Avenue de la RÃ©publique,M,"47,3390953","0,7280624",37,2019,50.0,1.0,1.0,7.0,2255248,1.0,1,1,1,9.0,,0.0,0,1963.0,D01,138Â 212Â 029,1.0,-1.0,-1.0,1721451,2.0,7,,0.0,2.0,4.0,D01,138Â 212Â 029,1.0
1008519,201900050050,9,26,08:27,1,1,1,1.0,6.0,38524,A51 PK 003.200,M,"45,0875490","5,6699470",38,2019,130.0,2.0,2.0,1.0,2255249,1.0,1,3,2,1.0,,0.0,0,1989.0,A01,138Â 212Â 024,8.0,-1.0,-1.0,1721452,1.0,7,,3.0,0.0,0.0,A01,138Â 212Â 024,1.0
1008520,201900050051,9,27,14:30,1,1,1,1.0,2.0,73237,A 43 PK 137.100,M,"45,5082840","6,3053061",73,2019,110.0,1.0,1.0,1.0,2255250,1.0,1,1,1,4.0,,0.0,0,1974.0,A01,138Â 212Â 022,1.0,-1.0,-1.0,1721453,2.0,17,,0.0,0.0,6.0,A01,138Â 212Â 022,1.0
1008520,201900050051,9,27,14:30,1,1,1,1.0,2.0,73237,A 43 PK 137.100,M,"45,5082840","6,3053061",73,2019,110.0,1.0,1.0,1.0,2255250,1.0,1,1,1,4.0,,0.0,0,1974.0,A01,138Â 212Â 022,1.0,-1.0,-1.0,1721454,2.0,10,,3.0,2.0,2.0,B01,138Â 212Â 023,1.0
1008520,201900050051,9,27,14:30,1,1,1,1.0,2.0,73237,A 43 PK 137.100,M,"45,5082840","6,3053061",73,2019,110.0,1.0,1.0,1.0,2255251,2.0,2,3,1,4.0,,0.0,0,1996.0,B01,138Â 212Â 023,1.0,-1.0,-1.0,1721453,2.0,17,,0.0,0.0,6.0,A01,138Â 212Â 022,1.0
1008520,201900050051,9,27,14:30,1,1,1,1.0,2.0,73237,A 43 PK 137.100,M,"45,5082840","6,3053061",73,2019,110.0,1.0,1.0,1.0,2255251,2.0,2,3,1,4.0,,0.0,0,1996.0,B01,138Â 212Â 023,1.0,-1.0,-1.0,1721454,2.0,10,,3.0,2.0,2.0,B01,138Â 212Â 023,1.0
1008520,201900050051,9,27,14:30,1,1,1,1.0,2.0,73237,A 43 PK 137.100,M,"45,5082840","6,3053061",73,2019,110.0,1.0,1.0,1.0,2255252,1.0,1,1,1,4.0,,0.0,0,1996.0,B01,138Â 212Â 023,1.0,-1.0,-1.0,1721453,2.0,17,,0.0,0.0,6.0,A01,138Â 212Â 022,1.0
1008520,201900050051,9,27,14:30,1,1,1,1.0,2.0,73237,A 43 PK 137.100,M,"45,5082840","6,3053061",73,2019,110.0,1.0,1.0,1.0,2255252,1.0,1,1,1,4.0,,0.0,0,1996.0,B01,138Â 212Â 023,1.0,-1.0,-1.0,1721454,2.0,10,,3.0,2.0,2.0,B01,138Â 212Â 023,1.0
1008521,201900050052,1,28,06:00,3,1,1,4.0,3.0,01357,"autoroute A40, PK 106+500, sens Macon / GenÃ¨ve",M,"46,1677810","5,7522800",1,2019,110.0,2.0,5.0,1.0,2255253,1.0,1,1,1,4.0,,0.0,0,1965.0,B01,138Â 212Â 020,1.0,4.0,-1.0,1721455,2.0,14,,0.0,2.0,2.0,B01,138Â 212Â 020,1.0
1008521,201900050052,1,28,06:00,3,1,1,4.0,3.0,01357,"autoroute A40, PK 106+500, sens Macon / GenÃ¨ve",M,"46,1677810","5,7522800",1,2019,110.0,2.0,5.0,1.0,2255253,1.0,1,1,1,4.0,,0.0,0,1965.0,B01,138Â 212Â 020,1.0,4.0,-1.0,1721456,2.0,7,,0.0,2.0,8.0,A01,138Â 212Â 021,1.0
1008521,201900050052,1,28,06:00,3,1,1,4.0,3.0,01357,"autoroute A40, PK 106+500, sens Macon / GenÃ¨ve",M,"46,1677810","5,7522800",1,2019,110.0,2.0,5.0,1.0,2255254,1.0,1,4,1,0.0,,0.0,0,1963.0,A01,138Â 212Â 021,8.0,-1.0,-1.0,1721455,2.0,14,,0.0,2.0,2.0,B01,138Â 212Â 020,1.0
1008521,201900050052,1,28,06:00,3,1,1,4.0,3.0,01357,"autoroute A40, PK 106+500, sens Macon / GenÃ¨ve",M,"46,1677810","5,7522800",1,2019,110.0,2.0,5.0,1.0,2255254,1.0,1,4,1,0.0,,0.0,0,1963.0,A01,138Â 212Â 021,8.0,-1.0,-1.0,1721456,2.0,7,,0.0,2.0,8.0,A01,138Â 212Â 021,1.0
1008522,201900050053,9,24,11:25,1,1,1,1.0,1.0,34270,Bretelle de sortie  nÂ°32  - A709,M,"43,5691770","3,8370920",34,2019,50.0,1.0,1.0,1.0,2255255,1.0,1,3,1,4.0,,0.0,0,1967.0,B01,138Â 212Â 018,1.0,-1.0,-1.0,1721457,2.0,7,,0.0,2.0,1.0,B01,138Â 212Â 018,6.0
1008522,201900050053,9,24,11:25,1,1,1,1.0,1.0,34270,Bretelle de sortie  nÂ°32  - A709,M,"43,5691770","3,8370920",34,2019,50.0,1.0,1.0,1.0,2255255,1.0,1,3,1,4.0,,0.0,0,1967.0,B01,138Â 212Â 018,1.0,-1.0,-1.0,1721458,2.0,7,,0.0,2.0,1.0,A01,138Â 212Â 019,0.0
1008522,201900050053,9,24,11:25,1,1,1,1.0,1.0,34270,Bretelle de sortie  nÂ°32  - A709,M,"43,5691770","3,8370920",34,2019,50.0,1.0,1.0,1.0,2255256,1.0,1,1,1,5.0,,0.0,0,1947.0,A01,138Â 212Â 019,1.0,-1.0,-1.0,1721457,2.0,7,,0.0,2.0,1.0,B01,138Â 212Â 018,6.0
1008522,201900050053,9,24,11:25,1,1,1,1.0,1.0,34270,Bretelle de sortie  nÂ°32  - A709,M,"43,5691770","3,8370920",34,2019,50.0,1.0,1.0,1.0,2255256,1.0,1,1,1,5.0,,0.0,0,1947.0,A01,138Â 212Â 019,1.0,-1.0,-1.0,1721458,2.0,7,,0.0,2.0,1.0,A01,138Â 212Â 019,0.0
1008522,201900050053,9,24,11:25,1,1,1,1.0,1.0,34270,Bretelle de sortie  nÂ°32  - A709,M,"43,5691770","3,8370920",34,2019,50.0,1.0,1.0,1.0,2255257,2.0,2,3,2,5.0,,0.0,0,1955.0,A01,138Â 212Â 019,1.0,-1.0,-1.0,1721457,2.0,7,,0.0,2.0,1.0,B01,138Â 212Â 018,6.0
1008522,201900050053,9,24,11:25,1,1,1,1.0,1.0,34270,Bretelle de sortie  nÂ°32  - A709,M,"43,5691770","3,8370920",34,2019,50.0,1.0,1.0,1.0,2255257,2.0,2,3,2,5.0,,0.0,0,1955.0,A01,138Â 212Â 019,1.0,-1.0,-1.0,1721458,2.0,7,,0.0,2.0,1.0,A01,138Â 212Â 019,0.0
1008523,201900050054,9,26,17:00,1,1,1,1.0,1.0,97312,RN1 - PK 106,M,"5,3201420"," -52,9141940",973,2019,80.0,1.0,1.0,2.0,2255258,1.0,1,3,1,1.0,,0.0,0,1998.0,A01,138Â 212Â 016,1.0,-1.0,-1.0,1721459,2.0,7,,0.0,2.0,6.0,A01,138Â 212Â 016,1.0
1008523,201900050054,9,26,17:00,1,1,1,1.0,1.0,97312,RN1 - PK 106,M,"5,3201420"," -52,9141940",973,2019,80.0,1.0,1.0,2.0,2255258,1.0,1,3,1,1.0,,0.0,0,1998.0,A01,138Â 212Â 016,1.0,-1.0,-1.0,1721460,1.0,7,,0.0,2.0,3.0,B01,138Â 212Â 017,1.0
1008523,201900050054,9,26,17:00,1,1,1,1.0,1.0,97312,RN1 - PK 106,M,"5,3201420"," -52,9141940",973,2019,80.0,1.0,1.0,2.0,2255259,2.0,2,4,2,1.0,,0.0,0,1943.0,B01,138Â 212Â 017,1.0,-1.0,-1.0,1721459,2.0,7,,0.0,2.0,6.0,A01,138Â 212Â 016,1.0
1008523,201900050054,9,26,17:00,1,1,1,1.0,1.0,97312,RN1 - PK 106,M,"5,3201420"," -52,9141940",973,2019,80.0,1.0,1.0,2.0,2255259,2.0,2,4,2,1.0,,0.0,0,1943.0,B01,138Â 212Â 017,1.0,-1.0,-1.0,1721460,1.0,7,,0.0,2.0,3.0,B01,138Â 212Â 017,1.0
1008523,201900050054,9,26,17:00,1,1,1,1.0,1.0,97312,RN1 - PK 106,M,"5,3201420"," -52,9141940",973,2019,80.0,1.0,1.0,2.0,2255260,1.0,1,4,1,1.0,,0.0,0,1947.0,B01,138Â 212Â 017,1.0,-1.0,-1.0,1721459,2.0,7,,0.0,2.0,6.0,A01,138Â 212Â 016,1.0
1008523,201900050054,9,26,17:00,1,1,1,1.0,1.0,97312,RN1 - PK 106,M,"5,3201420"," -52,9141940",973,2019,80.0,1.0,1.0,2.0,2255260,1.0,1,4,1,1.0,,0.0,0,1947.0,B01,138Â 212Â 017,1.0,-1.0,-1.0,1721460,1.0,7,,0.0,2.0,3.0,B01,138Â 212Â 017,1.0
1008524,201900050055,9,26,16:10,1,1,1,2.0,1.0,29297,Rue de QuimperlÃ©,M,"47,8803600"," -3,5378210",29,2019,70.0,1.0,2.0,3.0,2255261,1.0,1,4,2,0.0,,0.0,0,1980.0,A01,138Â 212Â 014,1.0,-1.0,-1.0,1721461,1.0,7,,0.0,2.0,1.0,A01,138Â 212Â 014,1.0
1008524,201900050055,9,26,16:10,1,1,1,2.0,1.0,29297,Rue de QuimperlÃ©,M,"47,8803600"," -3,5378210",29,2019,70.0,1.0,2.0,3.0,2255261,1.0,1,4,2,0.0,,0.0,0,1980.0,A01,138Â 212Â 014,1.0,-1.0,-1.0,1721462,2.0,7,,0.0,2.0,1.0,B01,138Â 212Â 015,1.0
1008524,201900050055,9,26,16:10,1,1,1,2.0,1.0,29297,Rue de QuimperlÃ©,M,"47,8803600"," -3,5378210",29,2019,70.0,1.0,2.0,3.0,2255262,1.0,1,4,1,5.0,,0.0,0,1935.0,B01,138Â 212Â 015,1.0,-1.0,-1.0,1721461,1.0,7,,0.0,2.0,1.0,A01,138Â 212Â 014,1.0
1008524,201900050055,9,26,16:10,1,1,1,2.0,1.0,29297,Rue de QuimperlÃ©,M,"47,8803600"," -3,5378210",29,2019,70.0,1.0,2.0,3.0,2255262,1.0,1,4,1,5.0,,0.0,0,1935.0,B01,138Â 212Â 015,1.0,-1.0,-1.0,1721462,2.0,7,,0.0,2.0,1.0,B01,138Â 212Â 015,1.0
1008524,201900050055,9,26,16:10,1,1,1,2.0,1.0,29297,Rue de QuimperlÃ©,M,"47,8803600"," -3,5378210",29,2019,70.0,1.0,2.0,3.0,2255263,2.0,2,4,2,5.0,,0.0,0,1939.0,B01,138Â 212Â 015,1.0,-1.0,-1.0,1721461,1.0,7,,0.0,2.0,1.0,A01,138Â 212Â 014,1.0
1008524,201900050055,9,26,16:10,1,1,1,2.0,1.0,29297,Rue de QuimperlÃ©,M,"47,8803600"," -3,5378210",29,2019,70.0,1.0,2.0,3.0,2255263,2.0,2,4,2,5.0,,0.0,0,1939.0,B01,138Â 212Â 015,1.0,-1.0,-1.0,1721462,2.0,7,,0.0,2.0,1.0,B01,138Â 212Â 015,1.0
1008525,201900050056,9,26,20:15,3,1,1,2.0,1.0,77211,RD 619,M,"48,5816500","2,9611400",77,2019,80.0,1.0,2.0,3.0,2255264,1.0,1,3,1,5.0,,0.0,0,1995.0,B01,138Â 212Â 012,1.0,-1.0,-1.0,1721463,1.0,7,,0.0,2.0,3.0,B01,138Â 212Â 012,1.0
1008525,201900050056,9,26,20:15,3,1,1,2.0,1.0,77211,RD 619,M,"48,5816500","2,9611400",77,2019,80.0,1.0,2.0,3.0,2255264,1.0,1,3,1,5.0,,0.0,0,1995.0,B01,138Â 212Â 012,1.0,-1.0,-1.0,1721464,2.0,7,,0.0,2.0,3.0,A01,138Â 212Â 013,1.0
1008525,201900050056,9,26,20:15,3,1,1,2.0,1.0,77211,RD 619,M,"48,5816500","2,9611400",77,2019,80.0,1.0,2.0,3.0,2255265,1.0,1,4,2,5.0,,0.0,0,1946.0,A01,138Â 212Â 013,1.0,-1.0,-1.0,1721463,1.0,7,,0.0,2.0,3.0,B01,138Â 212Â 012,1.0
1008525,201900050056,9,26,20:15,3,1,1,2.0,1.0,77211,RD 619,M,"48,5816500","2,9611400",77,2019,80.0,1.0,2.0,3.0,2255265,1.0,1,4,2,5.0,,0.0,0,1946.0,A01,138Â 212Â 013,1.0,-1.0,-1.0,1721464,2.0,7,,0.0,2.0,3.0,A01,138Â 212Â 013,1.0
1008526,201900050057,9,27,15:00,1,1,1,1.0,6.0,26165,A7 PK 085+904 sens Sud/Nord,M,"44,7992000","4,8464000",26,2019,130.0,2.0,1.0,1.0,2255266,1.0,1,2,1,5.0,,0.0,0,1933.0,A01,138Â 212Â 011,1.0,-1.0,-1.0,1721465,2.0,7,,4.0,0.0,2.0,A01,138Â 212Â 011,1.0
1008527,201900050058,9,26,23:00,4,2,3,1.0,2.0,74243,Avenue Louis Armand,M,"46,1424710","6,0862830",74,2019,50.0,1.0,1.0,3.0,2255267,1.0,1,3,1,0.0,,0.0,0,1980.0,B01,138Â 212Â 009,2.0,-1.0,-1.0,1721466,1.0,30,,0.0,2.0,1.0,B01,138Â 212Â 009,1.0
1008527,201900050058,9,26,23:00,4,2,3,1.0,2.0,74243,Avenue Louis Armand,M,"46,1424710","6,0862830",74,2019,50.0,1.0,1.0,3.0,2255267,1.0,1,3,1,0.0,,0.0,0,1980.0,B01,138Â 212Â 009,2.0,-1.0,-1.0,1721467,1.0,7,,0.0,2.0,4.0,A01,138Â 212Â 010,1.0
1008527,201900050058,9,26,23:00,4,2,3,1.0,2.0,74243,Avenue Louis Armand,M,"46,1424710","6,0862830",74,2019,50.0,1.0,1.0,3.0,2255268,1.0,1,1,2,9.0,,0.0,0,1991.0,A01,138Â 212Â 010,1.0,-1.0,-1.0,1721466,1.0,30,,0.0,2.0,1.0,B01,138Â 212Â 009,1.0
1008527,201900050058,9,26,23:00,4,2,3,1.0,2.0,74243,Avenue Louis Armand,M,"46,1424710","6,0862830",74,2019,50.0,1.0,1.0,3.0,2255268,1.0,1,1,2,9.0,,0.0,0,1991.0,A01,138Â 212Â 010,1.0,-1.0,-1.0,1721467,1.0,7,,0.0,2.0,4.0,A01,138Â 212Â 010,1.0