Unnamed: 0_x,num_acc,mois,jour,hrmn,lum,agg,int,atm,col,com,adr,gps,lat,long,dep,annee,vma,situ,surf,catr,Unnamed: 0_y,place,catu,grav,sexe,trajet,secu,locp,actp,an_nais,num_veh_x,id_vehicule_x,secu1,secu2,secu3,Unnamed: 0,senc,catv,occutc,obs,obsm,choc,num_veh_y,id_vehicule_y,motor
1008528,201900050059,9,27,15:15,1,1,1,1.0,6.0,07345,les perrets,M,"45,1026279","4,8168113",7,2019,80.0,3.0,1.0,3.0,2255269,1.0,1,2,1,0.0,,0.0,0,1996.0,A01,138Â 212Â 008,2.0,6.0,-1.0,1721468,2.0,33,,2.0,0.0,1.0,A01,138Â 212Â 008,1.0
1008529,201900050060,9,27,09:10,1,2,9,1.0,1.0,69009,Route de Villefranche,M,"45,9427500","4,7155870",69,2019,50.0,1.0,1.0,3.0,2255270,1.0,1,1,1,4.0,,0.0,0,1986.0,A01,138Â 212Â 006,1.0,-1.0,-1.0,1721469,1.0,10,,0.0,2.0,3.0,A01,138Â 212Â 006,1.0
1008529,201900050060,9,27,09:10,1,2,9,1.0,1.0,69009,Route de Villefranche,M,"45,9427500","4,7155870",69,2019,50.0,1.0,1.0,3.0,2255270,1.0,1,1,1,4.0,,0.0,0,1986.0,A01,138Â 212Â 006,1.0,-1.0,-1.0,1721470,0.0,33,,0.0,2.0,3.0,B01,138Â 212Â 007,1.0
1008529,201900050060,9,27,09:10,1,2,9,1.0,1.0,69009,Route de Villefranche,M,"45,9427500","4,7155870",69,2019,50.0,1.0,1.0,3.0,2255271,1.0,1,4,2,1.0,,0.0,0,1985.0,B01,138Â 212Â 007,2.0,6.0,9.0,1721469,1.0,10,,0.0,2.0,3.0,A01,138Â 212Â 006,1.0
1008529,201900050060,9,27,09:10,1,2,9,1.0,1.0,69009,Route de Villefranche,M,"45,9427500","4,7155870",69,2019,50.0,1.0,1.0,3.0,2255271,1.0,1,4,2,1.0,,0.0,0,1985.0,B01,138Â 212Â 007,2.0,6.0,9.0,1721470,0.0,33,,0.0,2.0,3.0,B01,138Â 212Â 007,1.0
1008530,201900050061,9,27,17:15,1,2,3,1.0,3.0,17452,RD 14,M,"45,7617450"," -1,1417230",17,2019,50.0,1.0,1.0,3.0,2255272,1.0,1,4,1,5.0,,0.0,0,2002.0,B01,138Â 212Â 004,6.0,2.0,-1.0,1721471,1.0,2,,0.0,2.0,1.0,B01,138Â 212Â 004,1.0
1008530,201900050061,9,27,17:15,1,2,3,1.0,3.0,17452,RD 14,M,"45,7617450"," -1,1417230",17,2019,50.0,1.0,1.0,3.0,2255272,1.0,1,4,1,5.0,,0.0,0,2002.0,B01,138Â 212Â 004,6.0,2.0,-1.0,1721472,1.0,7,,0.0,2.0,1.0,A01,138Â 212Â 005,1.0
1008530,201900050061,9,27,17:15,1,2,3,1.0,3.0,17452,RD 14,M,"45,7617450"," -1,1417230",17,2019,50.0,1.0,1.0,3.0,2255273,1.0,1,1,1,5.0,,0.0,0,1951.0,A01,138Â 212Â 005,8.0,-1.0,-1.0,1721471,1.0,2,,0.0,2.0,1.0,B01,138Â 212Â 004,1.0
1008530,201900050061,9,27,17:15,1,2,3,1.0,3.0,17452,RD 14,M,"45,7617450"," -1,1417230",17,2019,50.0,1.0,1.0,3.0,2255273,1.0,1,1,1,5.0,,0.0,0,1951.0,A01,138Â 212Â 005,8.0,-1.0,-1.0,1721472,1.0,7,,0.0,2.0,1.0,A01,138Â 212Â 005,1.0
1008531,201900050062,9,26,20:15,5,2,1,3.0,7.0,85222,Route de la Roche,M,"46,6935820"," -1,8997680",85,2019,-1.0,1.0,2.0,3.0,2255274,1.0,1,3,1,5.0,,0.0,0,1982.0,A01,138Â 212Â 003,2.0,6.0,-1.0,1721473,2.0,2,,14.0,0.0,0.0,A01,138Â 212Â 003,0.0
1008532,201900050063,9,27,14:15,1,1,3,1.0,3.0,27229,Route de Conches,M,"49,0146040","1,1074980",27,2019,80.0,1.0,1.0,3.0,2255275,1.0,1,1,2,1.0,,0.0,0,1977.0,A01,138Â 212Â 001,1.0,-1.0,-1.0,1721474,1.0,7,,0.0,2.0,5.0,A01,138Â 212Â 001,1.0
1008532,201900050063,9,27,14:15,1,1,3,1.0,3.0,27229,Route de Conches,M,"49,0146040","1,1074980",27,2019,80.0,1.0,1.0,3.0,2255275,1.0,1,1,2,1.0,,0.0,0,1977.0,A01,138Â 212Â 001,1.0,-1.0,-1.0,1721475,2.0,33,,0.0,2.0,1.0,B01,138Â 212Â 002,1.0
1008532,201900050063,9,27,14:15,1,1,3,1.0,3.0,27229,Route de Conches,M,"49,0146040","1,1074980",27,2019,80.0,1.0,1.0,3.0,2255276,1.0,1,3,1,1.0,,0.0,0,1968.0,B01,138Â 212Â 002,2.0,-1.0,-1.0,1721474,1.0,7,,0.0,2.0,5.0,A01,138Â 212Â 001,1.0
1008532,201900050063,9,27,14:15,1,1,3,1.0,3.0,27229,Route de Conches,M,"49,0146040","1,1074980",27,2019,80.0,1.0,1.0,3.0,2255276,1.0,1,3,1,1.0,,0.0,0,1968.0,B01,138Â 212Â 002,2.0,-1.0,-1.0,1721475,2.0,33,,0.0,2.0,1.0,B01,138Â 212Â 002,1.0
1008533,201900050064,9,27,16:00,1,2,1,1.0,5.0,76039,Rue de l'assemblÃ©e,M,"49,3512840","1,1278820",76,2019,50.0,1.0,1.0,3.0,2255277,1.0,1,2,2,0.0,,0.0,0,1964.0,B01,138Â 211Â 998,1.0,5.0,-1.0,1721476,1.0,7,,0.0,2.0,1.0,B01,138Â 211Â 998,1.0
1008533,201900050064,9,27,16:00,1,2,1,1.0,5.0,76039,Rue de l'assemblÃ©e,M,"49,3512840","1,1278820",76,2019,50.0,1.0,1.0,3.0,2255277,1.0,1,2,2,0.0,,0.0,0,1964.0,B01,138Â 211Â 998,1.0,5.0,-1.0,1721477,2.0,16,,0.0,2.0,8.0,C01,138Â 211Â 999,1.0
1008533,201900050064,9,27,16:00,1,2,1,1.0,5.0,76039,Rue de l'assemblÃ©e,M,"49,3512840","1,1278820",76,2019,50.0,1.0,1.0,3.0,2255277,1.0,1,2,2,0.0,,0.0,0,1964.0,B01,138Â 211Â 998,1.0,5.0,-1.0,1721478,2.0,7,,0.0,2.0,1.0,A01,138Â 212Â 000,1.0
1008533,201900050064,9,27,16:00,1,2,1,1.0,5.0,76039,Rue de l'assemblÃ©e,M,"49,3512840","1,1278820",76,2019,50.0,1.0,1.0,3.0,2255278,2.0,2,3,1,0.0,,0.0,0,1965.0,B01,138Â 211Â 998,1.0,5.0,-1.0,1721476,1.0,7,,0.0,2.0,1.0,B01,138Â 211Â 998,1.0
1008533,201900050064,9,27,16:00,1,2,1,1.0,5.0,76039,Rue de l'assemblÃ©e,M,"49,3512840","1,1278820",76,2019,50.0,1.0,1.0,3.0,2255278,2.0,2,3,1,0.0,,0.0,0,1965.0,B01,138Â 211Â 998,1.0,5.0,-1.0,1721477,2.0,16,,0.0,2.0,8.0,C01,138Â 211Â 999,1.0
1008533,201900050064,9,27,16:00,1,2,1,1.0,5.0,76039,Rue de l'assemblÃ©e,M,"49,3512840","1,1278820",76,2019,50.0,1.0,1.0,3.0,2255278,2.0,2,3,1,0.0,,0.0,0,1965.0,B01,138Â 211Â 998,1.0,5.0,-1.0,1721478,2.0,7,,0.0,2.0,1.0,A01,138Â 212Â 000,1.0
1008533,201900050064,9,27,16:00,1,2,1,1.0,5.0,76039,Rue de l'assemblÃ©e,M,"49,3512840","1,1278820",76,2019,50.0,1.0,1.0,3.0,2255279,1.0,1,1,1,1.0,,0.0,0,1982.0,C01,138Â 211Â 999,1.0,-1.0,-1.0,1721476,1.0,7,,0.0,2.0,1.0,B01,138Â 211Â 998,1.0
1008533,201900050064,9,27,16:00,1,2,1,1.0,5.0,76039,Rue de l'assemblÃ©e,M,"49,3512840","1,1278820",76,2019,50.0,1.0,1.0,3.0,2255279,1.0,1,1,1,1.0,,0.0,0,1982.0,C01,138Â 211Â 999,1.0,-1.0,-1.0,1721477,2.0,16,,0.0,2.0,8.0,C01,138Â 211Â 999,1.0
1008533,201900050064,9,27,16:00,1,2,1,1.0,5.0,76039,Rue de l'assemblÃ©e,M,"49,3512840","1,1278820",76,2019,50.0,1.0,1.0,3.0,2255279,1.0,1,1,1,1.0,,0.0,0,1982.0,C01,138Â 211Â 999,1.0,-1.0,-1.0,1721478,2.0,7,,0.0,2.0,1.0,A01,138Â 212Â 000,1.0
1008533,201900050064,9,27,16:00,1,2,1,1.0,5.0,76039,Rue de l'assemblÃ©e,M,"49,3512840","1,1278820",76,2019,50.0,1.0,1.0,3.0,2255280,1.0,1,3,1,0.0,,0.0,0,1962.0,A01,138Â 212Â 000,1.0,5.0,-1.0,1721476,1.0,7,,0.0,2.0,1.0,B01,138Â 211Â 998,1.0
1008533,201900050064,9,27,16:00,1,2,1,1.0,5.0,76039,Rue de l'assemblÃ©e,M,"49,3512840","1,1278820",76,2019,50.0,1.0,1.0,3.0,2255280,1.0,1,3,1,0.0,,0.0,0,1962.0,A01,138Â 212Â 000,1.0,5.0,-1.0,1721477,2.0,16,,0.0,2.0,8.0,C01,138Â 211Â 999,1.0
1008533,201900050064,9,27,16:00,1,2,1,1.0,5.0,76039,Rue de l'assemblÃ©e,M,"49,3512840","1,1278820",76,2019,50.0,1.0,1.0,3.0,2255280,1.0,1,3,1,0.0,,0.0,0,1962.0,A01,138Â 212Â 000,1.0,5.0,-1.0,1721478,2.0,7,,0.0,2.0,1.0,A01,138Â 212Â 000,1.0
1008533,201900050064,9,27,16:00,1,2,1,1.0,5.0,76039,Rue de l'assemblÃ©e,M,"49,3512840","1,1278820",76,2019,50.0,1.0,1.0,3.0,2255281,2.0,2,3,2,0.0,,0.0,0,1961.0,A01,138Â 212Â 000,1.0,5.0,-1.0,1721476,1.0,7,,0.0,2.0,1.0,B01,138Â 211Â 998,1.0
1008533,201900050064,9,27,16:00,1,2,1,1.0,5.0,76039,Rue de l'assemblÃ©e,M,"49,3512840","1,1278820",76,2019,50.0,1.0,1.0,3.0,2255281,2.0,2,3,2,0.0,,0.0,0,1961.0,A01,138Â 212Â 000,1.0,5.0,-1.0,1721477,2.0,16,,0.0,2.0,8.0,C01,138Â 211Â 999,1.0
1008533,201900050064,9,27,16:00,1,2,1,1.0,5.0,76039,Rue de l'assemblÃ©e,M,"49,3512840","1,1278820",76,2019,50.0,1.0,1.0,3.0,2255281,2.0,2,3,2,0.0,,0.0,0,1961.0,A01,138Â 212Â 000,1.0,5.0,-1.0,1721478,2.0,7,,0.0,2.0,1.0,A01,138Â 212Â 000,1.0
1008534,201900050065,9,27,09:25,1,1,1,1.0,6.0,59423,Rue de Merville,M,"50,6682250","2,6425420",59,2019,90.0,3.0,1.0,3.0,2255282,1.0,1,3,2,9.0,,0.0,0,1998.0,A01,138Â 211Â 995,9.0,-1.0,-1.0,1721479,1.0,7,,13.0,0.0,3.0,A01,138Â 211Â 995,1.0
1008535,201900050066,9,26,17:20,1,2,1,1.0,3.0,13215,A7-Sens Marseille vers Lyon,M,"43,3605610","5,3619380",13,2019,90.0,1.0,1.0,1.0,2255283,1.0,1,4,1,3.0,,-1.0,0,1968.0,A01,138Â 211Â 993,2.0,6.0,-1.0,1721480,2.0,33,,0.0,2.0,7.0,A01,138Â 211Â 993,1.0
1008535,201900050066,9,26,17:20,1,2,1,1.0,3.0,13215,A7-Sens Marseille vers Lyon,M,"43,3605610","5,3619380",13,2019,90.0,1.0,1.0,1.0,2255283,1.0,1,4,1,3.0,,-1.0,0,1968.0,A01,138Â 211Â 993,2.0,6.0,-1.0,1721481,2.0,7,,0.0,2.0,7.0,B01,138Â 211Â 994,0.0
1008535,201900050066,9,26,17:20,1,2,1,1.0,3.0,13215,A7-Sens Marseille vers Lyon,M,"43,3605610","5,3619380",13,2019,90.0,1.0,1.0,1.0,2255284,1.0,1,1,1,1.0,,-1.0,0,1954.0,B01,138Â 211Â 994,0.0,0.0,-1.0,1721480,2.0,33,,0.0,2.0,7.0,A01,138Â 211Â 993,1.0
1008535,201900050066,9,26,17:20,1,2,1,1.0,3.0,13215,A7-Sens Marseille vers Lyon,M,"43,3605610","5,3619380",13,2019,90.0,1.0,1.0,1.0,2255284,1.0,1,1,1,1.0,,-1.0,0,1954.0,B01,138Â 211Â 994,0.0,0.0,-1.0,1721481,2.0,7,,0.0,2.0,7.0,B01,138Â 211Â 994,0.0
1008536,201900050067,9,20,18:23,1,2,1,1.0,6.0,13202,TVPCM-Sens Saint Victor vers Les Ports,M,"43,2928600","5,3652300",13,2019,50.0,1.0,1.0,7.0,2255285,1.0,1,2,1,5.0,,-1.0, -1,1967.0,A01,138Â 211Â 992,2.0,8.0,-1.0,1721482,1.0,30,,0.0,2.0,0.0,A01,138Â 211Â 992,1.0
1008537,201900050068,9,26,00:45,3,1,1,1.0,2.0,13056,A55-Sens Marseille vers Martigues,M,"43,3979030","5,0744762",13,2019,110.0,1.0,1.0,1.0,2255286,1.0,1,4,1,9.0,,-1.0,0,1986.0,A01,138Â 211Â 990,1.0,8.0,-1.0,1721483,1.0,10,,0.0,2.0,4.0,A01,138Â 211Â 990,1.0
1008537,201900050068,9,26,00:45,3,1,1,1.0,2.0,13056,A55-Sens Marseille vers Martigues,M,"43,3979030","5,0744762",13,2019,110.0,1.0,1.0,1.0,2255286,1.0,1,4,1,9.0,,-1.0,0,1986.0,A01,138Â 211Â 990,1.0,8.0,-1.0,1721484,1.0,7,,0.0,2.0,1.0,B01,138Â 211Â 991,1.0
1008537,201900050068,9,26,00:45,3,1,1,1.0,2.0,13056,A55-Sens Marseille vers Martigues,M,"43,3979030","5,0744762",13,2019,110.0,1.0,1.0,1.0,2255287,1.0,1,1,1,0.0,,-1.0,0,1997.0,B01,138Â 211Â 991,1.0,0.0,-1.0,1721483,1.0,10,,0.0,2.0,4.0,A01,138Â 211Â 990,1.0
1008537,201900050068,9,26,00:45,3,1,1,1.0,2.0,13056,A55-Sens Marseille vers Martigues,M,"43,3979030","5,0744762",13,2019,110.0,1.0,1.0,1.0,2255287,1.0,1,1,1,0.0,,-1.0,0,1997.0,B01,138Â 211Â 991,1.0,0.0,-1.0,1721484,1.0,7,,0.0,2.0,1.0,B01,138Â 211Â 991,1.0
1008538,201900050069,9,25,17:50,1,1,1,1.0,2.0,13071,A7-Sens Lyon vers Marseille,M,"43,4034814","5,3104741",13,2019,110.0,1.0,1.0,1.0,2255288,1.0,1,4,1,9.0,,-1.0,0,1964.0,B01,138Â 211Â 988,1.0,0.0,-1.0,1721485,1.0,10,,0.0,2.0,1.0,B01,138Â 211Â 988,1.0
1008538,201900050069,9,25,17:50,1,1,1,1.0,2.0,13071,A7-Sens Lyon vers Marseille,M,"43,4034814","5,3104741",13,2019,110.0,1.0,1.0,1.0,2255288,1.0,1,4,1,9.0,,-1.0,0,1964.0,B01,138Â 211Â 988,1.0,0.0,-1.0,1721486,1.0,10,,0.0,2.0,4.0,A01,138Â 211Â 989,1.0
1008538,201900050069,9,25,17:50,1,1,1,1.0,2.0,13071,A7-Sens Lyon vers Marseille,M,"43,4034814","5,3104741",13,2019,110.0,1.0,1.0,1.0,2255289,1.0,1,4,1,9.0,,-1.0,0,1988.0,A01,138Â 211Â 989,1.0,0.0,-1.0,1721485,1.0,10,,0.0,2.0,1.0,B01,138Â 211Â 988,1.0
1008538,201900050069,9,25,17:50,1,1,1,1.0,2.0,13071,A7-Sens Lyon vers Marseille,M,"43,4034814","5,3104741",13,2019,110.0,1.0,1.0,1.0,2255289,1.0,1,4,1,9.0,,-1.0,0,1988.0,A01,138Â 211Â 989,1.0,0.0,-1.0,1721486,1.0,10,,0.0,2.0,4.0,A01,138Â 211Â 989,1.0
1008538,201900050069,9,25,17:50,1,1,1,1.0,2.0,13071,A7-Sens Lyon vers Marseille,M,"43,4034814","5,3104741",13,2019,110.0,1.0,1.0,1.0,2255290,2.0,2,4,1,9.0,,-1.0, -1,1992.0,A01,138Â 211Â 989,1.0,0.0,-1.0,1721485,1.0,10,,0.0,2.0,1.0,B01,138Â 211Â 988,1.0
1008538,201900050069,9,25,17:50,1,1,1,1.0,2.0,13071,A7-Sens Lyon vers Marseille,M,"43,4034814","5,3104741",13,2019,110.0,1.0,1.0,1.0,2255290,2.0,2,4,1,9.0,,-1.0, -1,1992.0,A01,138Â 211Â 989,1.0,0.0,-1.0,1721486,1.0,10,,0.0,2.0,4.0,A01,138Â 211Â 989,1.0
1008539,201900050070,9,25,16:20,1,2,1,1.0,2.0,13215,A7-Sens Lyon vers Marseille,M,"43,3617780","5,3612700",13,2019,90.0,1.0,1.0,1.0,2255291,1.0,1,1,2,5.0,,-1.0,0,1985.0,B01,138Â 211Â 986,1.0,0.0,-1.0,1721487,1.0,7,,0.0,2.0,4.0,B01,138Â 211Â 986,1.0
1008539,201900050070,9,25,16:20,1,2,1,1.0,2.0,13215,A7-Sens Lyon vers Marseille,M,"43,3617780","5,3612700",13,2019,90.0,1.0,1.0,1.0,2255291,1.0,1,1,2,5.0,,-1.0,0,1985.0,B01,138Â 211Â 986,1.0,0.0,-1.0,1721488,1.0,7,,0.0,2.0,1.0,A01,138Â 211Â 987,1.0
1008539,201900050070,9,25,16:20,1,2,1,1.0,2.0,13215,A7-Sens Lyon vers Marseille,M,"43,3617780","5,3612700",13,2019,90.0,1.0,1.0,1.0,2255292,1.0,1,4,2,9.0,,-1.0,0,1999.0,A01,138Â 211Â 987,1.0,0.0,-1.0,1721487,1.0,7,,0.0,2.0,4.0,B01,138Â 211Â 986,1.0
1008539,201900050070,9,25,16:20,1,2,1,1.0,2.0,13215,A7-Sens Lyon vers Marseille,M,"43,3617780","5,3612700",13,2019,90.0,1.0,1.0,1.0,2255292,1.0,1,4,2,9.0,,-1.0,0,1999.0,A01,138Â 211Â 987,1.0,0.0,-1.0,1721488,1.0,7,,0.0,2.0,1.0,A01,138Â 211Â 987,1.0
1008540,201900050071,9,25,08:18,1,1,1,1.0,3.0,13210,A50-Sens Aubagne vers Marseille,M,"43,2863000","5,4314000",13,2019,90.0,1.0,1.0,1.0,2255293,1.0,1,4,1,1.0,,-1.0,0,1977.0,B01,138Â 211Â 984,2.0,6.0,-1.0,1721489,2.0,34,,0.0,2.0,7.0,B01,138Â 211Â 984,1.0
1008540,201900050071,9,25,08:18,1,1,1,1.0,3.0,13210,A50-Sens Aubagne vers Marseille,M,"43,2863000","5,4314000",13,2019,90.0,1.0,1.0,1.0,2255293,1.0,1,4,1,1.0,,-1.0,0,1977.0,B01,138Â 211Â 984,2.0,6.0,-1.0,1721490,2.0,13,,0.0,2.0,8.0,A01,138Â 211Â 985,1.0
1008540,201900050071,9,25,08:18,1,1,1,1.0,3.0,13210,A50-Sens Aubagne vers Marseille,M,"43,2863000","5,4314000",13,2019,90.0,1.0,1.0,1.0,2255294,1.0,1,1,1,1.0,,-1.0,0,1970.0,A01,138Â 211Â 985,1.0,0.0,-1.0,1721489,2.0,34,,0.0,2.0,7.0,B01,138Â 211Â 984,1.0
1008540,201900050071,9,25,08:18,1,1,1,1.0,3.0,13210,A50-Sens Aubagne vers Marseille,M,"43,2863000","5,4314000",13,2019,90.0,1.0,1.0,1.0,2255294,1.0,1,1,1,1.0,,-1.0,0,1970.0,A01,138Â 211Â 985,1.0,0.0,-1.0,1721490,2.0,13,,0.0,2.0,8.0,A01,138Â 211Â 985,1.0
1008541,201900050072,9,25,08:00,1,1,1,1.0,2.0,69266,RD383   3.750 A 7.640,M,"45,7505300","4,9075000",69,2019,70.0,1.0,1.0,3.0,2255295,1.0,1,1,1,1.0,,-1.0,0,1981.0,A01,138Â 211Â 982,1.0,8.0,-1.0,1721491,1.0,7,,0.0,2.0,1.0,A01,138Â 211Â 982,1.0
1008541,201900050072,9,25,08:00,1,1,1,1.0,2.0,69266,RD383   3.750 A 7.640,M,"45,7505300","4,9075000",69,2019,70.0,1.0,1.0,3.0,2255295,1.0,1,1,1,1.0,,-1.0,0,1981.0,A01,138Â 211Â 982,1.0,8.0,-1.0,1721492,1.0,7,,0.0,2.0,4.0,B01,138Â 211Â 983,1.0
1008541,201900050072,9,25,08:00,1,1,1,1.0,2.0,69266,RD383   3.750 A 7.640,M,"45,7505300","4,9075000",69,2019,70.0,1.0,1.0,3.0,2255296,1.0,1,4,2,2.0,,-1.0,0,1990.0,B01,138Â 211Â 983,1.0,8.0,-1.0,1721491,1.0,7,,0.0,2.0,1.0,A01,138Â 211Â 982,1.0
1008541,201900050072,9,25,08:00,1,1,1,1.0,2.0,69266,RD383   3.750 A 7.640,M,"45,7505300","4,9075000",69,2019,70.0,1.0,1.0,3.0,2255296,1.0,1,4,2,2.0,,-1.0,0,1990.0,B01,138Â 211Â 983,1.0,8.0,-1.0,1721492,1.0,7,,0.0,2.0,4.0,B01,138Â 211Â 983,1.0
1008542,201900050073,9,24,19:30,3,1,1,2.0,4.0,67471,Autoroute A.4,M,"48,6381400","7,7280100",67,2019,90.0,1.0,2.0,1.0,2255297,1.0,1,1,1,9.0,,-1.0,0,1987.0,F01,138Â 211Â 976,1.0,0.0,-1.0,1721493,2.0,7,,0.0,2.0,1.0,F01,138Â 211Â 976,1.0
1008542,201900050073,9,24,19:30,3,1,1,2.0,4.0,67471,Autoroute A.4,M,"48,6381400","7,7280100",67,2019,90.0,1.0,2.0,1.0,2255297,1.0,1,1,1,9.0,,-1.0,0,1987.0,F01,138Â 211Â 976,1.0,0.0,-1.0,1721494,2.0,7,,0.0,2.0,4.0,E01,138Â 211Â 977,1.0
1008542,201900050073,9,24,19:30,3,1,1,2.0,4.0,67471,Autoroute A.4,M,"48,6381400","7,7280100",67,2019,90.0,1.0,2.0,1.0,2255297,1.0,1,1,1,9.0,,-1.0,0,1987.0,F01,138Â 211Â 976,1.0,0.0,-1.0,1721495,2.0,7,,0.0,2.0,4.0,D01,138Â 211Â 978,1.0
1008542,201900050073,9,24,19:30,3,1,1,2.0,4.0,67471,Autoroute A.4,M,"48,6381400","7,7280100",67,2019,90.0,1.0,2.0,1.0,2255297,1.0,1,1,1,9.0,,-1.0,0,1987.0,F01,138Â 211Â 976,1.0,0.0,-1.0,1721496,2.0,7,,0.0,2.0,1.0,C01,138Â 211Â 979,1.0
1008542,201900050073,9,24,19:30,3,1,1,2.0,4.0,67471,Autoroute A.4,M,"48,6381400","7,7280100",67,2019,90.0,1.0,2.0,1.0,2255297,1.0,1,1,1,9.0,,-1.0,0,1987.0,F01,138Â 211Â 976,1.0,0.0,-1.0,1721497,2.0,7,,0.0,2.0,4.0,B01,138Â 211Â 980,1.0
1008542,201900050073,9,24,19:30,3,1,1,2.0,4.0,67471,Autoroute A.4,M,"48,6381400","7,7280100",67,2019,90.0,1.0,2.0,1.0,2255297,1.0,1,1,1,9.0,,-1.0,0,1987.0,F01,138Â 211Â 976,1.0,0.0,-1.0,1721498,2.0,7,,0.0,2.0,4.0,A01,138Â 211Â 981,1.0
1008542,201900050073,9,24,19:30,3,1,1,2.0,4.0,67471,Autoroute A.4,M,"48,6381400","7,7280100",67,2019,90.0,1.0,2.0,1.0,2255298,1.0,1,1,1,1.0,,-1.0,0,1989.0,E01,138Â 211Â 977,1.0,0.0,-1.0,1721493,2.0,7,,0.0,2.0,1.0,F01,138Â 211Â 976,1.0
1008542,201900050073,9,24,19:30,3,1,1,2.0,4.0,67471,Autoroute A.4,M,"48,6381400","7,7280100",67,2019,90.0,1.0,2.0,1.0,2255298,1.0,1,1,1,1.0,,-1.0,0,1989.0,E01,138Â 211Â 977,1.0,0.0,-1.0,1721494,2.0,7,,0.0,2.0,4.0,E01,138Â 211Â 977,1.0
1008542,201900050073,9,24,19:30,3,1,1,2.0,4.0,67471,Autoroute A.4,M,"48,6381400","7,7280100",67,2019,90.0,1.0,2.0,1.0,2255298,1.0,1,1,1,1.0,,-1.0,0,1989.0,E01,138Â 211Â 977,1.0,0.0,-1.0,1721495,2.0,7,,0.0,2.0,4.0,D01,138Â 211Â 978,1.0
1008542,201900050073,9,24,19:30,3,1,1,2.0,4.0,67471,Autoroute A.4,M,"48,6381400","7,7280100",67,2019,90.0,1.0,2.0,1.0,2255298,1.0,1,1,1,1.0,,-1.0,0,1989.0,E01,138Â 211Â 977,1.0,0.0,-1.0,1721496,2.0,7,,0.0,2.0,1.0,C01,138Â 211Â 979,1.0
1008542,201900050073,9,24,19:30,3,1,1,2.0,4.0,67471,Autoroute A.4,M,"48,6381400","7,7280100",67,2019,90.0,1.0,2.0,1.0,2255298,1.0,1,1,1,1.0,,-1.0,0,1989.0,E01,138Â 211Â 977,1.0,0.0,-1.0,1721497,2.0,7,,0.0,2.0,4.0,B01,138Â 211Â 980,1.0
1008542,201900050073,9,24,19:30,3,1,1,2.0,4.0,67471,Autoroute A.4,M,"48,6381400","7,7280100",67,2019,90.0,1.0,2.0,1.0,2255298,1.0,1,1,1,1.0,,-1.0,0,1989.0,E01,138Â 211Â 977,1.0,0.0,-1.0,1721498,2.0,7,,0.0,2.0,4.0,A01,138Â 211Â 981,1.0
1008542,201900050073,9,24,19:30,3,1,1,2.0,4.0,67471,Autoroute A.4,M,"48,6381400","7,7280100",67,2019,90.0,1.0,2.0,1.0,2255299,1.0,1,1,1,5.0,,-1.0,0,1963.0,D01,138Â 211Â 978,1.0,0.0,-1.0,1721493,2.0,7,,0.0,2.0,1.0,F01,138Â 211Â 976,1.0
1008542,201900050073,9,24,19:30,3,1,1,2.0,4.0,67471,Autoroute A.4,M,"48,6381400","7,7280100",67,2019,90.0,1.0,2.0,1.0,2255299,1.0,1,1,1,5.0,,-1.0,0,1963.0,D01,138Â 211Â 978,1.0,0.0,-1.0,1721494,2.0,7,,0.0,2.0,4.0,E01,138Â 211Â 977,1.0
1008542,201900050073,9,24,19:30,3,1,1,2.0,4.0,67471,Autoroute A.4,M,"48,6381400","7,7280100",67,2019,90.0,1.0,2.0,1.0,2255299,1.0,1,1,1,5.0,,-1.0,0,1963.0,D01,138Â 211Â 978,1.0,0.0,-1.0,1721495,2.0,7,,0.0,2.0,4.0,D01,138Â 211Â 978,1.0
1008542,201900050073,9,24,19:30,3,1,1,2.0,4.0,67471,Autoroute A.4,M,"48,6381400","7,7280100",67,2019,90.0,1.0,2.0,1.0,2255299,1.0,1,1,1,5.0,,-1.0,0,1963.0,D01,138Â 211Â 978,1.0,0.0,-1.0,1721496,2.0,7,,0.0,2.0,1.0,C01,138Â 211Â 979,1.0
1008542,201900050073,9,24,19:30,3,1,1,2.0,4.0,67471,Autoroute A.4,M,"48,6381400","7,7280100",67,2019,90.0,1.0,2.0,1.0,2255299,1.0,1,1,1,5.0,,-1.0,0,1963.0,D01,138Â 211Â 978,1.0,0.0,-1.0,1721497,2.0,7,,0.0,2.0,4.0,B01,138Â 211Â 980,1.0
1008542,201900050073,9,24,19:30,3,1,1,2.0,4.0,67471,Autoroute A.4,M,"48,6381400","7,7280100",67,2019,90.0,1.0,2.0,1.0,2255299,1.0,1,1,1,5.0,,-1.0,0,1963.0,D01,138Â 211Â 978,1.0,0.0,-1.0,1721498,2.0,7,,0.0,2.0,4.0,A01,138Â 211Â 981,1.0
1008542,201900050073,9,24,19:30,3,1,1,2.0,4.0,67471,Autoroute A.4,M,"48,6381400","7,7280100",67,2019,90.0,1.0,2.0,1.0,2255300,1.0,1,1,1,9.0,,-1.0,0,1996.0,C01,138Â 211Â 979,1.0,0.0,-1.0,1721493,2.0,7,,0.0,2.0,1.0,F01,138Â 211Â 976,1.0