Unnamed: 0_x,num_acc,mois,jour,hrmn,lum,agg,int,atm,col,com,adr,gps,lat,long,dep,annee,vma,situ,surf,catr,Unnamed: 0_y,place,catu,grav,sexe,trajet,secu,locp,actp,an_nais,num_veh_x,id_vehicule_x,secu1,secu2,secu3,Unnamed: 0,senc,catv,occutc,obs,obsm,choc,num_veh_y,id_vehicule_y,motor
1008542,201900050073,9,24,19:30,3,1,1,2.0,4.0,67471,Autoroute A.4,M,"48,6381400","7,7280100",67,2019,90.0,1.0,2.0,1.0,2255300,1.0,1,1,1,9.0,,-1.0,0,1996.0,C01,138Â 211Â 979,1.0,0.0,-1.0,1721494,2.0,7,,0.0,2.0,4.0,E01,138Â 211Â 977,1.0
1008542,201900050073,9,24,19:30,3,1,1,2.0,4.0,67471,Autoroute A.4,M,"48,6381400","7,7280100",67,2019,90.0,1.0,2.0,1.0,2255300,1.0,1,1,1,9.0,,-1.0,0,1996.0,C01,138Â 211Â 979,1.0,0.0,-1.0,1721495,2.0,7,,0.0,2.0,4.0,D01,138Â 211Â 978,1.0
1008542,201900050073,9,24,19:30,3,1,1,2.0,4.0,67471,Autoroute A.4,M,"48,6381400","7,7280100",67,2019,90.0,1.0,2.0,1.0,2255300,1.0,1,1,1,9.0,,-1.0,0,1996.0,C01,138Â 211Â 979,1.0,0.0,-1.0,1721496,2.0,7,,0.0,2.0,1.0,C01,138Â 211Â 979,1.0
1008542,201900050073,9,24,19:30,3,1,1,2.0,4.0,67471,Autoroute A.4,M,"48,6381400","7,7280100",67,2019,90.0,1.0,2.0,1.0,2255300,1.0,1,1,1,9.0,,-1.0,0,1996.0,C01,138Â 211Â 979,1.0,0.0,-1.0,1721497,2.0,7,,0.0,2.0,4.0,B01,138Â 211Â 980,1.0
1008542,201900050073,9,24,19:30,3,1,1,2.0,4.0,67471,Autoroute A.4,M,"48,6381400","7,7280100",67,2019,90.0,1.0,2.0,1.0,2255300,1.0,1,1,1,9.0,,-1.0,0,1996.0,C01,138Â 211Â 979,1.0,0.0,-1.0,1721498,2.0,7,,0.0,2.0,4.0,A01,138Â 211Â 981,1.0
1008542,201900050073,9,24,19:30,3,1,1,2.0,4.0,67471,Autoroute A.4,M,"48,6381400","7,7280100",67,2019,90.0,1.0,2.0,1.0,2255301,1.0,1,4,1,5.0,,-1.0,0,1984.0,B01,138Â 211Â 980,1.0,0.0,-1.0,1721493,2.0,7,,0.0,2.0,1.0,F01,138Â 211Â 976,1.0
1008542,201900050073,9,24,19:30,3,1,1,2.0,4.0,67471,Autoroute A.4,M,"48,6381400","7,7280100",67,2019,90.0,1.0,2.0,1.0,2255301,1.0,1,4,1,5.0,,-1.0,0,1984.0,B01,138Â 211Â 980,1.0,0.0,-1.0,1721494,2.0,7,,0.0,2.0,4.0,E01,138Â 211Â 977,1.0
1008542,201900050073,9,24,19:30,3,1,1,2.0,4.0,67471,Autoroute A.4,M,"48,6381400","7,7280100",67,2019,90.0,1.0,2.0,1.0,2255301,1.0,1,4,1,5.0,,-1.0,0,1984.0,B01,138Â 211Â 980,1.0,0.0,-1.0,1721495,2.0,7,,0.0,2.0,4.0,D01,138Â 211Â 978,1.0
1008542,201900050073,9,24,19:30,3,1,1,2.0,4.0,67471,Autoroute A.4,M,"48,6381400","7,7280100",67,2019,90.0,1.0,2.0,1.0,2255301,1.0,1,4,1,5.0,,-1.0,0,1984.0,B01,138Â 211Â 980,1.0,0.0,-1.0,1721496,2.0,7,,0.0,2.0,1.0,C01,138Â 211Â 979,1.0
1008542,201900050073,9,24,19:30,3,1,1,2.0,4.0,67471,Autoroute A.4,M,"48,6381400","7,7280100",67,2019,90.0,1.0,2.0,1.0,2255301,1.0,1,4,1,5.0,,-1.0,0,1984.0,B01,138Â 211Â 980,1.0,0.0,-1.0,1721497,2.0,7,,0.0,2.0,4.0,B01,138Â 211Â 980,1.0
1008542,201900050073,9,24,19:30,3,1,1,2.0,4.0,67471,Autoroute A.4,M,"48,6381400","7,7280100",67,2019,90.0,1.0,2.0,1.0,2255301,1.0,1,4,1,5.0,,-1.0,0,1984.0,B01,138Â 211Â 980,1.0,0.0,-1.0,1721498,2.0,7,,0.0,2.0,4.0,A01,138Â 211Â 981,1.0
1008542,201900050073,9,24,19:30,3,1,1,2.0,4.0,67471,Autoroute A.4,M,"48,6381400","7,7280100",67,2019,90.0,1.0,2.0,1.0,2255302,1.0,1,1,1,1.0,,-1.0,0,1974.0,A01,138Â 211Â 981,1.0,0.0,-1.0,1721493,2.0,7,,0.0,2.0,1.0,F01,138Â 211Â 976,1.0
1008542,201900050073,9,24,19:30,3,1,1,2.0,4.0,67471,Autoroute A.4,M,"48,6381400","7,7280100",67,2019,90.0,1.0,2.0,1.0,2255302,1.0,1,1,1,1.0,,-1.0,0,1974.0,A01,138Â 211Â 981,1.0,0.0,-1.0,1721494,2.0,7,,0.0,2.0,4.0,E01,138Â 211Â 977,1.0
1008542,201900050073,9,24,19:30,3,1,1,2.0,4.0,67471,Autoroute A.4,M,"48,6381400","7,7280100",67,2019,90.0,1.0,2.0,1.0,2255302,1.0,1,1,1,1.0,,-1.0,0,1974.0,A01,138Â 211Â 981,1.0,0.0,-1.0,1721495,2.0,7,,0.0,2.0,4.0,D01,138Â 211Â 978,1.0
1008542,201900050073,9,24,19:30,3,1,1,2.0,4.0,67471,Autoroute A.4,M,"48,6381400","7,7280100",67,2019,90.0,1.0,2.0,1.0,2255302,1.0,1,1,1,1.0,,-1.0,0,1974.0,A01,138Â 211Â 981,1.0,0.0,-1.0,1721496,2.0,7,,0.0,2.0,1.0,C01,138Â 211Â 979,1.0
1008542,201900050073,9,24,19:30,3,1,1,2.0,4.0,67471,Autoroute A.4,M,"48,6381400","7,7280100",67,2019,90.0,1.0,2.0,1.0,2255302,1.0,1,1,1,1.0,,-1.0,0,1974.0,A01,138Â 211Â 981,1.0,0.0,-1.0,1721497,2.0,7,,0.0,2.0,4.0,B01,138Â 211Â 980,1.0
1008542,201900050073,9,24,19:30,3,1,1,2.0,4.0,67471,Autoroute A.4,M,"48,6381400","7,7280100",67,2019,90.0,1.0,2.0,1.0,2255302,1.0,1,1,1,1.0,,-1.0,0,1974.0,A01,138Â 211Â 981,1.0,0.0,-1.0,1721498,2.0,7,,0.0,2.0,4.0,A01,138Â 211Â 981,1.0
1008543,201900050074,9,13,10:05,1,1,1,1.0,2.0,67482,Autoroute A.35,M,"48,5800800","7,7244300",67,2019,90.0,1.0,1.0,1.0,2255303,1.0,1,4,1,4.0,,-1.0,0,1965.0,B01,138Â 211Â 974,1.0,0.0,-1.0,1721499,2.0,10,,0.0,2.0,1.0,B01,138Â 211Â 974,1.0
1008543,201900050074,9,13,10:05,1,1,1,1.0,2.0,67482,Autoroute A.35,M,"48,5800800","7,7244300",67,2019,90.0,1.0,1.0,1.0,2255303,1.0,1,4,1,4.0,,-1.0,0,1965.0,B01,138Â 211Â 974,1.0,0.0,-1.0,1721500,2.0,15,,0.0,2.0,4.0,A01,138Â 211Â 975,1.0
1008543,201900050074,9,13,10:05,1,1,1,1.0,2.0,67482,Autoroute A.35,M,"48,5800800","7,7244300",67,2019,90.0,1.0,1.0,1.0,2255304,1.0,1,1,1,4.0,,-1.0,0,1972.0,A01,138Â 211Â 975,1.0,0.0,-1.0,1721499,2.0,10,,0.0,2.0,1.0,B01,138Â 211Â 974,1.0
1008543,201900050074,9,13,10:05,1,1,1,1.0,2.0,67482,Autoroute A.35,M,"48,5800800","7,7244300",67,2019,90.0,1.0,1.0,1.0,2255304,1.0,1,1,1,4.0,,-1.0,0,1972.0,A01,138Â 211Â 975,1.0,0.0,-1.0,1721500,2.0,15,,0.0,2.0,4.0,A01,138Â 211Â 975,1.0
1008544,201900050075,9,26,20:25,5,1,1,1.0,6.0,33550,ROCADE A 630,M,"44,7852100"," -0,5418600",33,2019,90.0,1.0,1.0,1.0,2255305,2.0,2,1,2,5.0,,-1.0, -1,1967.0,B01,138Â 211Â 972,1.0,8.0,-1.0,1721501,2.0,7,,3.0,2.0,6.0,B01,138Â 211Â 972,1.0
1008544,201900050075,9,26,20:25,5,1,1,1.0,6.0,33550,ROCADE A 630,M,"44,7852100"," -0,5418600",33,2019,90.0,1.0,1.0,1.0,2255305,2.0,2,1,2,5.0,,-1.0, -1,1967.0,B01,138Â 211Â 972,1.0,8.0,-1.0,1721502,2.0,17,,0.0,2.0,2.0,A01,138Â 211Â 973,1.0
1008544,201900050075,9,26,20:25,5,1,1,1.0,6.0,33550,ROCADE A 630,M,"44,7852100"," -0,5418600",33,2019,90.0,1.0,1.0,1.0,2255306,1.0,1,4,1,5.0,,-1.0, -1,1961.0,B01,138Â 211Â 972,1.0,8.0,-1.0,1721501,2.0,7,,3.0,2.0,6.0,B01,138Â 211Â 972,1.0
1008544,201900050075,9,26,20:25,5,1,1,1.0,6.0,33550,ROCADE A 630,M,"44,7852100"," -0,5418600",33,2019,90.0,1.0,1.0,1.0,2255306,1.0,1,4,1,5.0,,-1.0, -1,1961.0,B01,138Â 211Â 972,1.0,8.0,-1.0,1721502,2.0,17,,0.0,2.0,2.0,A01,138Â 211Â 973,1.0
1008544,201900050075,9,26,20:25,5,1,1,1.0,6.0,33550,ROCADE A 630,M,"44,7852100"," -0,5418600",33,2019,90.0,1.0,1.0,1.0,2255307,1.0,1,1,1,4.0,,-1.0, -1,1976.0,A01,138Â 211Â 973,1.0,8.0,-1.0,1721501,2.0,7,,3.0,2.0,6.0,B01,138Â 211Â 972,1.0
1008544,201900050075,9,26,20:25,5,1,1,1.0,6.0,33550,ROCADE A 630,M,"44,7852100"," -0,5418600",33,2019,90.0,1.0,1.0,1.0,2255307,1.0,1,1,1,4.0,,-1.0, -1,1976.0,A01,138Â 211Â 973,1.0,8.0,-1.0,1721502,2.0,17,,0.0,2.0,2.0,A01,138Â 211Â 973,1.0
1008545,201900050076,9,25,16:45,1,2,1,2.0,6.0,59350,AUTOROUTE A25,M,"50,6100000","3,0300000",59,2019,50.0,3.0,2.0,1.0,2255308,1.0,1,3,1,5.0,,-1.0, -1,1997.0,A01,138Â 211Â 971,1.0,0.0,-1.0,1721503,2.0,7,,3.0,0.0,8.0,A01,138Â 211Â 971,1.0
1008546,201900050077,9,25,20:30,3,1,1,2.0,6.0,59009,ROUTE NATIONALE 227,M,"50,6100000","3,1300000",59,2019,50.0,3.0,2.0,2.0,2255309,1.0,1,4,1,1.0,,-1.0, -1,1980.0,A01,138Â 211Â 970,1.0,0.0,-1.0,1721504,1.0,7,,3.0,0.0,7.0,A01,138Â 211Â 970,1.0
1008547,201900050078,9,26,09:10,1,1,1,8.0,7.0,91589,AUTOROUTE A6,M,"48,6774000","2,3378000",91,2019,110.0,1.0,2.0,1.0,2255310,1.0,1,4,1,1.0,,0.0,0,1995.0,A01,138Â 211Â 969,2.0,6.0,-1.0,1721505,2.0,33,,0.0,0.0,1.0,A01,138Â 211Â 969,1.0
1008548,201900050079,9,26,06:00,3,1,1,2.0,7.0,91340,RN 104,M,"48,6080700","2,4343800",91,2019,70.0,1.0,2.0,2.0,2255311,1.0,1,4,1,1.0,,0.0,0,1983.0,A01,138Â 211Â 968,2.0,6.0,-1.0,1721506,1.0,33,,0.0,0.0,8.0,A01,138Â 211Â 968,1.0
1008549,201900050080,9,25,18:20,1,2,1,1.0,3.0,91661,RD 188 PARIS / A 10 PARIS,M,"48,7051900","2,2498810",91,2019,70.0,1.0,1.0,3.0,2255312,1.0,1,1,2,3.0,,0.0,0,1971.0,A01,138Â 211Â 966,1.0,0.0,-1.0,1721507,1.0,7,,0.0,2.0,2.0,A01,138Â 211Â 966,1.0
1008549,201900050080,9,25,18:20,1,2,1,1.0,3.0,91661,RD 188 PARIS / A 10 PARIS,M,"48,7051900","2,2498810",91,2019,70.0,1.0,1.0,3.0,2255312,1.0,1,1,2,3.0,,0.0,0,1971.0,A01,138Â 211Â 966,1.0,0.0,-1.0,1721508,2.0,33,,0.0,2.0,1.0,B01,138Â 211Â 967,1.0
1008549,201900050080,9,25,18:20,1,2,1,1.0,3.0,91661,RD 188 PARIS / A 10 PARIS,M,"48,7051900","2,2498810",91,2019,70.0,1.0,1.0,3.0,2255313,1.0,1,4,1,0.0,,0.0,0,1971.0,B01,138Â 211Â 967,2.0,6.0,-1.0,1721507,1.0,7,,0.0,2.0,2.0,A01,138Â 211Â 966,1.0
1008549,201900050080,9,25,18:20,1,2,1,1.0,3.0,91661,RD 188 PARIS / A 10 PARIS,M,"48,7051900","2,2498810",91,2019,70.0,1.0,1.0,3.0,2255313,1.0,1,4,1,0.0,,0.0,0,1971.0,B01,138Â 211Â 967,2.0,6.0,-1.0,1721508,2.0,33,,0.0,2.0,1.0,B01,138Â 211Â 967,1.0
1008550,201900050081,9,25,07:05,3,1,1,2.0,4.0,92002,AUTOROUTE A10,M,"48,7301614","2,3079008",92,2019,90.0,1.0,2.0,1.0,2255314,1.0,1,1,2,0.0,,-1.0,0,1988.0,E01,138Â 211Â 961,1.0,0.0,-1.0,1721509,2.0,7,,0.0,2.0,4.0,E01,138Â 211Â 961,1.0
1008550,201900050081,9,25,07:05,3,1,1,2.0,4.0,92002,AUTOROUTE A10,M,"48,7301614","2,3079008",92,2019,90.0,1.0,2.0,1.0,2255314,1.0,1,1,2,0.0,,-1.0,0,1988.0,E01,138Â 211Â 961,1.0,0.0,-1.0,1721510,2.0,7,,0.0,2.0,4.0,D01,138Â 211Â 962,1.0
1008550,201900050081,9,25,07:05,3,1,1,2.0,4.0,92002,AUTOROUTE A10,M,"48,7301614","2,3079008",92,2019,90.0,1.0,2.0,1.0,2255314,1.0,1,1,2,0.0,,-1.0,0,1988.0,E01,138Â 211Â 961,1.0,0.0,-1.0,1721511,2.0,7,,0.0,2.0,4.0,C01,138Â 211Â 963,1.0
1008550,201900050081,9,25,07:05,3,1,1,2.0,4.0,92002,AUTOROUTE A10,M,"48,7301614","2,3079008",92,2019,90.0,1.0,2.0,1.0,2255314,1.0,1,1,2,0.0,,-1.0,0,1988.0,E01,138Â 211Â 961,1.0,0.0,-1.0,1721512,2.0,7,,0.0,2.0,4.0,B01,138Â 211Â 964,1.0
1008550,201900050081,9,25,07:05,3,1,1,2.0,4.0,92002,AUTOROUTE A10,M,"48,7301614","2,3079008",92,2019,90.0,1.0,2.0,1.0,2255314,1.0,1,1,2,0.0,,-1.0,0,1988.0,E01,138Â 211Â 961,1.0,0.0,-1.0,1721513,2.0,13,,0.0,2.0,1.0,A01,138Â 211Â 965,1.0
1008550,201900050081,9,25,07:05,3,1,1,2.0,4.0,92002,AUTOROUTE A10,M,"48,7301614","2,3079008",92,2019,90.0,1.0,2.0,1.0,2255315,1.0,1,4,2,0.0,,-1.0,0,1982.0,D01,138Â 211Â 962,1.0,0.0,-1.0,1721509,2.0,7,,0.0,2.0,4.0,E01,138Â 211Â 961,1.0
1008550,201900050081,9,25,07:05,3,1,1,2.0,4.0,92002,AUTOROUTE A10,M,"48,7301614","2,3079008",92,2019,90.0,1.0,2.0,1.0,2255315,1.0,1,4,2,0.0,,-1.0,0,1982.0,D01,138Â 211Â 962,1.0,0.0,-1.0,1721510,2.0,7,,0.0,2.0,4.0,D01,138Â 211Â 962,1.0
1008550,201900050081,9,25,07:05,3,1,1,2.0,4.0,92002,AUTOROUTE A10,M,"48,7301614","2,3079008",92,2019,90.0,1.0,2.0,1.0,2255315,1.0,1,4,2,0.0,,-1.0,0,1982.0,D01,138Â 211Â 962,1.0,0.0,-1.0,1721511,2.0,7,,0.0,2.0,4.0,C01,138Â 211Â 963,1.0
1008550,201900050081,9,25,07:05,3,1,1,2.0,4.0,92002,AUTOROUTE A10,M,"48,7301614","2,3079008",92,2019,90.0,1.0,2.0,1.0,2255315,1.0,1,4,2,0.0,,-1.0,0,1982.0,D01,138Â 211Â 962,1.0,0.0,-1.0,1721512,2.0,7,,0.0,2.0,4.0,B01,138Â 211Â 964,1.0
1008550,201900050081,9,25,07:05,3,1,1,2.0,4.0,92002,AUTOROUTE A10,M,"48,7301614","2,3079008",92,2019,90.0,1.0,2.0,1.0,2255315,1.0,1,4,2,0.0,,-1.0,0,1982.0,D01,138Â 211Â 962,1.0,0.0,-1.0,1721513,2.0,13,,0.0,2.0,1.0,A01,138Â 211Â 965,1.0
1008550,201900050081,9,25,07:05,3,1,1,2.0,4.0,92002,AUTOROUTE A10,M,"48,7301614","2,3079008",92,2019,90.0,1.0,2.0,1.0,2255316,1.0,1,4,1,0.0,,-1.0,0,1977.0,C01,138Â 211Â 963,1.0,0.0,-1.0,1721509,2.0,7,,0.0,2.0,4.0,E01,138Â 211Â 961,1.0
1008550,201900050081,9,25,07:05,3,1,1,2.0,4.0,92002,AUTOROUTE A10,M,"48,7301614","2,3079008",92,2019,90.0,1.0,2.0,1.0,2255316,1.0,1,4,1,0.0,,-1.0,0,1977.0,C01,138Â 211Â 963,1.0,0.0,-1.0,1721510,2.0,7,,0.0,2.0,4.0,D01,138Â 211Â 962,1.0
1008550,201900050081,9,25,07:05,3,1,1,2.0,4.0,92002,AUTOROUTE A10,M,"48,7301614","2,3079008",92,2019,90.0,1.0,2.0,1.0,2255316,1.0,1,4,1,0.0,,-1.0,0,1977.0,C01,138Â 211Â 963,1.0,0.0,-1.0,1721511,2.0,7,,0.0,2.0,4.0,C01,138Â 211Â 963,1.0
1008550,201900050081,9,25,07:05,3,1,1,2.0,4.0,92002,AUTOROUTE A10,M,"48,7301614","2,3079008",92,2019,90.0,1.0,2.0,1.0,2255316,1.0,1,4,1,0.0,,-1.0,0,1977.0,C01,138Â 211Â 963,1.0,0.0,-1.0,1721512,2.0,7,,0.0,2.0,4.0,B01,138Â 211Â 964,1.0
1008550,201900050081,9,25,07:05,3,1,1,2.0,4.0,92002,AUTOROUTE A10,M,"48,7301614","2,3079008",92,2019,90.0,1.0,2.0,1.0,2255316,1.0,1,4,1,0.0,,-1.0,0,1977.0,C01,138Â 211Â 963,1.0,0.0,-1.0,1721513,2.0,13,,0.0,2.0,1.0,A01,138Â 211Â 965,1.0
1008550,201900050081,9,25,07:05,3,1,1,2.0,4.0,92002,AUTOROUTE A10,M,"48,7301614","2,3079008",92,2019,90.0,1.0,2.0,1.0,2255317,1.0,1,4,1,1.0,,-1.0,0,1968.0,B01,138Â 211Â 964,1.0,0.0,-1.0,1721509,2.0,7,,0.0,2.0,4.0,E01,138Â 211Â 961,1.0
1008550,201900050081,9,25,07:05,3,1,1,2.0,4.0,92002,AUTOROUTE A10,M,"48,7301614","2,3079008",92,2019,90.0,1.0,2.0,1.0,2255317,1.0,1,4,1,1.0,,-1.0,0,1968.0,B01,138Â 211Â 964,1.0,0.0,-1.0,1721510,2.0,7,,0.0,2.0,4.0,D01,138Â 211Â 962,1.0
1008550,201900050081,9,25,07:05,3,1,1,2.0,4.0,92002,AUTOROUTE A10,M,"48,7301614","2,3079008",92,2019,90.0,1.0,2.0,1.0,2255317,1.0,1,4,1,1.0,,-1.0,0,1968.0,B01,138Â 211Â 964,1.0,0.0,-1.0,1721511,2.0,7,,0.0,2.0,4.0,C01,138Â 211Â 963,1.0
1008550,201900050081,9,25,07:05,3,1,1,2.0,4.0,92002,AUTOROUTE A10,M,"48,7301614","2,3079008",92,2019,90.0,1.0,2.0,1.0,2255317,1.0,1,4,1,1.0,,-1.0,0,1968.0,B01,138Â 211Â 964,1.0,0.0,-1.0,1721512,2.0,7,,0.0,2.0,4.0,B01,138Â 211Â 964,1.0
1008550,201900050081,9,25,07:05,3,1,1,2.0,4.0,92002,AUTOROUTE A10,M,"48,7301614","2,3079008",92,2019,90.0,1.0,2.0,1.0,2255317,1.0,1,4,1,1.0,,-1.0,0,1968.0,B01,138Â 211Â 964,1.0,0.0,-1.0,1721513,2.0,13,,0.0,2.0,1.0,A01,138Â 211Â 965,1.0
1008550,201900050081,9,25,07:05,3,1,1,2.0,4.0,92002,AUTOROUTE A10,M,"48,7301614","2,3079008",92,2019,90.0,1.0,2.0,1.0,2255318,1.0,1,1,1,4.0,,-1.0,0,1959.0,A01,138Â 211Â 965,1.0,0.0,-1.0,1721509,2.0,7,,0.0,2.0,4.0,E01,138Â 211Â 961,1.0
1008550,201900050081,9,25,07:05,3,1,1,2.0,4.0,92002,AUTOROUTE A10,M,"48,7301614","2,3079008",92,2019,90.0,1.0,2.0,1.0,2255318,1.0,1,1,1,4.0,,-1.0,0,1959.0,A01,138Â 211Â 965,1.0,0.0,-1.0,1721510,2.0,7,,0.0,2.0,4.0,D01,138Â 211Â 962,1.0
1008550,201900050081,9,25,07:05,3,1,1,2.0,4.0,92002,AUTOROUTE A10,M,"48,7301614","2,3079008",92,2019,90.0,1.0,2.0,1.0,2255318,1.0,1,1,1,4.0,,-1.0,0,1959.0,A01,138Â 211Â 965,1.0,0.0,-1.0,1721511,2.0,7,,0.0,2.0,4.0,C01,138Â 211Â 963,1.0
1008550,201900050081,9,25,07:05,3,1,1,2.0,4.0,92002,AUTOROUTE A10,M,"48,7301614","2,3079008",92,2019,90.0,1.0,2.0,1.0,2255318,1.0,1,1,1,4.0,,-1.0,0,1959.0,A01,138Â 211Â 965,1.0,0.0,-1.0,1721512,2.0,7,,0.0,2.0,4.0,B01,138Â 211Â 964,1.0
1008550,201900050081,9,25,07:05,3,1,1,2.0,4.0,92002,AUTOROUTE A10,M,"48,7301614","2,3079008",92,2019,90.0,1.0,2.0,1.0,2255318,1.0,1,1,1,4.0,,-1.0,0,1959.0,A01,138Â 211Â 965,1.0,0.0,-1.0,1721513,2.0,13,,0.0,2.0,1.0,A01,138Â 211Â 965,1.0
1008551,201900050082,9,25,12:25,1,1,1,1.0,6.0,95582,RD 170,M,"48,9646600","2,2697400",95,2019,70.0,1.0,2.0,3.0,2255319,1.0,1,4,2,3.0,,-1.0,0,1992.0,A01,138Â 211Â 960,1.0,0.0,-1.0,1721514,1.0,7,,4.0,0.0,4.0,A01,138Â 211Â 960,1.0
1008552,201900050083,9,25,05:50,3,1,1,1.0,7.0,95394,AUTOROUTE A115,M,"49,0508100","2,1816800",95,2019,70.0,1.0,2.0,1.0,2255320,1.0,1,4,1,1.0,,-1.0,0,1981.0,A01,138Â 211Â 959,1.0,0.0,-1.0,1721515,2.0,10,,0.0,0.0,9.0,A01,138Â 211Â 959,1.0
1008553,201900050084,9,24,19:45,2,1,1,3.0,7.0,93027,AUTOROUTE A86,M,"48,9283900","2,4167000",93,2019,70.0,1.0,2.0,1.0,2255321,2.0,2,4,2,0.0,,-1.0, -1,2006.0,A01,138Â 211Â 958,1.0,8.0,-1.0,1721516,2.0,7,,0.0,0.0,9.0,A01,138Â 211Â 958,1.0
1008553,201900050084,9,24,19:45,2,1,1,3.0,7.0,93027,AUTOROUTE A86,M,"48,9283900","2,4167000",93,2019,70.0,1.0,2.0,1.0,2255322,1.0,1,4,2,0.0,,-1.0, -1,1969.0,A01,138Â 211Â 958,1.0,8.0,-1.0,1721516,2.0,7,,0.0,0.0,9.0,A01,138Â 211Â 958,1.0
1008554,201900050085,9,24,16:46,1,1,1,1.0,2.0,93066,AUTOROUTE A1,M,"48,9078800","2,3584700",93,2019,90.0,1.0,2.0,1.0,2255323,1.0,1,1,1,0.0,,-1.0, -1,1974.0,B01,138Â 211Â 956,1.0,0.0,-1.0,1721517,1.0,7,,0.0,2.0,4.0,B01,138Â 211Â 956,1.0
1008554,201900050085,9,24,16:46,1,1,1,1.0,2.0,93066,AUTOROUTE A1,M,"48,9078800","2,3584700",93,2019,90.0,1.0,2.0,1.0,2255323,1.0,1,1,1,0.0,,-1.0, -1,1974.0,B01,138Â 211Â 956,1.0,0.0,-1.0,1721518,1.0,33,,0.0,2.0,1.0,A01,138Â 211Â 957,1.0
1008554,201900050085,9,24,16:46,1,1,1,1.0,2.0,93066,AUTOROUTE A1,M,"48,9078800","2,3584700",93,2019,90.0,1.0,2.0,1.0,2255324,1.0,1,4,1,0.0,,-1.0, -1,1949.0,A01,138Â 211Â 957,2.0,0.0,-1.0,1721517,1.0,7,,0.0,2.0,4.0,B01,138Â 211Â 956,1.0
1008554,201900050085,9,24,16:46,1,1,1,1.0,2.0,93066,AUTOROUTE A1,M,"48,9078800","2,3584700",93,2019,90.0,1.0,2.0,1.0,2255324,1.0,1,4,1,0.0,,-1.0, -1,1949.0,A01,138Â 211Â 957,2.0,0.0,-1.0,1721518,1.0,33,,0.0,2.0,1.0,A01,138Â 211Â 957,1.0
1008555,201900050086,9,26,18:50,5,1,1,1.0,3.0,94073,A86 EXT,M,"48,7703857","2,3845352",94,2019,90.0,1.0,1.0,1.0,2255325,1.0,1,4,1,4.0,,-1.0,0,1971.0,A01,138Â 211Â 954,2.0,4.0,-1.0,1721519,2.0,33,,0.0,2.0,7.0,A01,138Â 211Â 954,1.0
1008555,201900050086,9,26,18:50,5,1,1,1.0,3.0,94073,A86 EXT,M,"48,7703857","2,3845352",94,2019,90.0,1.0,1.0,1.0,2255325,1.0,1,4,1,4.0,,-1.0,0,1971.0,A01,138Â 211Â 954,2.0,4.0,-1.0,1721520,2.0,7,,0.0,2.0,6.0,B01,138Â 211Â 955,1.0
1008555,201900050086,9,26,18:50,5,1,1,1.0,3.0,94073,A86 EXT,M,"48,7703857","2,3845352",94,2019,90.0,1.0,1.0,1.0,2255326,1.0,1,1,1,1.0,,-1.0,0,1971.0,B01,138Â 211Â 955,1.0,0.0,-1.0,1721519,2.0,33,,0.0,2.0,7.0,A01,138Â 211Â 954,1.0
1008555,201900050086,9,26,18:50,5,1,1,1.0,3.0,94073,A86 EXT,M,"48,7703857","2,3845352",94,2019,90.0,1.0,1.0,1.0,2255326,1.0,1,1,1,1.0,,-1.0,0,1971.0,B01,138Â 211Â 955,1.0,0.0,-1.0,1721520,2.0,7,,0.0,2.0,6.0,B01,138Â 211Â 955,1.0
1008556,201900050087,9,26,09:30,1,1,1,1.0,2.0,77258,A4.Y,M,"48,8454000","2,6366000",77,2019,90.0,1.0,2.0,1.0,2255327,1.0,1,4,1,4.0,,-1.0,0,1967.0,B01,138Â 211Â 952,1.0,4.0,-1.0,1721521,1.0,15,,0.0,2.0,7.0,B01,138Â 211Â 952,1.0
1008556,201900050087,9,26,09:30,1,1,1,1.0,2.0,77258,A4.Y,M,"48,8454000","2,6366000",77,2019,90.0,1.0,2.0,1.0,2255327,1.0,1,4,1,4.0,,-1.0,0,1967.0,B01,138Â 211Â 952,1.0,4.0,-1.0,1721522,1.0,10,,0.0,2.0,1.0,A01,138Â 211Â 953,1.0
1008556,201900050087,9,26,09:30,1,1,1,1.0,2.0,77258,A4.Y,M,"48,8454000","2,6366000",77,2019,90.0,1.0,2.0,1.0,2255328,1.0,1,4,1,4.0,,-1.0, -1,1979.0,A01,138Â 211Â 953,8.0,0.0,-1.0,1721521,1.0,15,,0.0,2.0,7.0,B01,138Â 211Â 952,1.0
1008556,201900050087,9,26,09:30,1,1,1,1.0,2.0,77258,A4.Y,M,"48,8454000","2,6366000",77,2019,90.0,1.0,2.0,1.0,2255328,1.0,1,4,1,4.0,,-1.0, -1,1979.0,A01,138Â 211Â 953,8.0,0.0,-1.0,1721522,1.0,10,,0.0,2.0,1.0,A01,138Â 211Â 953,1.0
1008557,201900050088,9,26,09:15,1,1,1,1.0,3.0,94069,A4,M,"48,8174000","2,4233000",94,2019,90.0,1.0,1.0,1.0,2255329,1.0,1,1,1,1.0,,-1.0,0,1978.0,B01,138Â 211Â 950,1.0,0.0,-1.0,1721523,2.0,7,,0.0,2.0,8.0,B01,138Â 211Â 950,1.0
1008557,201900050088,9,26,09:15,1,1,1,1.0,3.0,94069,A4,M,"48,8174000","2,4233000",94,2019,90.0,1.0,1.0,1.0,2255329,1.0,1,1,1,1.0,,-1.0,0,1978.0,B01,138Â 211Â 950,1.0,0.0,-1.0,1721524,2.0,33,,0.0,2.0,3.0,A01,138Â 211Â 951,1.0
1008557,201900050088,9,26,09:15,1,1,1,1.0,3.0,94069,A4,M,"48,8174000","2,4233000",94,2019,90.0,1.0,1.0,1.0,2255330,1.0,1,4,1,1.0,,-1.0,0,1976.0,A01,138Â 211Â 951,2.0,6.0,-1.0,1721523,2.0,7,,0.0,2.0,8.0,B01,138Â 211Â 950,1.0