Unnamed: 0_x,num_acc,mois,jour,hrmn,lum,agg,int,atm,col,com,adr,gps,lat,long,dep,annee,vma,situ,surf,catr,Unnamed: 0_y,place,catu,grav,sexe,trajet,secu,locp,actp,an_nais,num_veh_x,id_vehicule_x,secu1,secu2,secu3,Unnamed: 0,senc,catv,occutc,obs,obsm,choc,num_veh_y,id_vehicule_y,motor
1008557,201900050088,9,26,09:15,1,1,1,1.0,3.0,94069,A4,M,"48,8174000","2,4233000",94,2019,90.0,1.0,1.0,1.0,2255330,1.0,1,4,1,1.0,,-1.0,0,1976.0,A01,138Â 211Â 951,2.0,6.0,-1.0,1721524,2.0,33,,0.0,2.0,3.0,A01,138Â 211Â 951,1.0
1008558,201900050089,9,24,09:25,1,2,1,1.0,6.0,2B033,SEBASTIANI  - AVENUE,M,"42,7023300","9,4501000",2B,2019,50.0,1.0,1.0,4.0,2255331,10.0,3,4,2,0.0,,3.0,3,1936.0,A01,138Â 211Â 949,8.0,0.0,-1.0,1721525,1.0,33,,0.0,1.0,1.0,A01,138Â 211Â 949,1.0
1008558,201900050089,9,24,09:25,1,2,1,1.0,6.0,2B033,SEBASTIANI  - AVENUE,M,"42,7023300","9,4501000",2B,2019,50.0,1.0,1.0,4.0,2255332,1.0,1,4,1,0.0,,-1.0, -1,1995.0,A01,138Â 211Â 949,2.0,8.0,-1.0,1721525,1.0,33,,0.0,1.0,1.0,A01,138Â 211Â 949,1.0
1008558,201900050089,9,24,09:25,1,2,1,1.0,6.0,2B033,SEBASTIANI  - AVENUE,M,"42,7023300","9,4501000",2B,2019,50.0,1.0,1.0,4.0,2255333,2.0,2,1,2,0.0,,-1.0, -1,2002.0,A01,138Â 211Â 949,2.0,8.0,-1.0,1721525,1.0,33,,0.0,1.0,1.0,A01,138Â 211Â 949,1.0
1008559,201900050090,9,13,22:20,5,2,1,1.0,6.0,73065,BIOLLAY (CHEMIN DU),M,"45,5638200","5,9084200",73,2019,50.0,1.0,1.0,4.0,2255334,1.0,1,2,1,5.0,,0.0,0,1958.0,A01,138Â 211Â 944,1.0,0.0,0.0,1721526,1.0,7,,8.0,0.0,3.0,A01,138Â 211Â 944,1.0
1008560,201900050091,9,24,20:39,3,1,1,1.0,1.0,45232,D2271 - PK 1+700,M,"47,8417300","1,8951300",45,2019,80.0,1.0,1.0,3.0,2255335,1.0,1,4,2,1.0,,0.0,0,1991.0,B01,138Â 211Â 942,1.0,0.0,-1.0,1721527,1.0,7,,0.0,2.0,3.0,B01,138Â 211Â 942,1.0
1008560,201900050091,9,24,20:39,3,1,1,1.0,1.0,45232,D2271 - PK 1+700,M,"47,8417300","1,8951300",45,2019,80.0,1.0,1.0,3.0,2255335,1.0,1,4,2,1.0,,0.0,0,1991.0,B01,138Â 211Â 942,1.0,0.0,-1.0,1721528,2.0,7,,0.0,2.0,3.0,A01,138Â 211Â 943,1.0
1008560,201900050091,9,24,20:39,3,1,1,1.0,1.0,45232,D2271 - PK 1+700,M,"47,8417300","1,8951300",45,2019,80.0,1.0,1.0,3.0,2255336,1.0,1,4,1,5.0,,0.0,0,1948.0,A01,138Â 211Â 943,1.0,0.0,-1.0,1721527,1.0,7,,0.0,2.0,3.0,B01,138Â 211Â 942,1.0
1008560,201900050091,9,24,20:39,3,1,1,1.0,1.0,45232,D2271 - PK 1+700,M,"47,8417300","1,8951300",45,2019,80.0,1.0,1.0,3.0,2255336,1.0,1,4,1,5.0,,0.0,0,1948.0,A01,138Â 211Â 943,1.0,0.0,-1.0,1721528,2.0,7,,0.0,2.0,3.0,A01,138Â 211Â 943,1.0
1008561,201900050092,9,24,13:15,1,2,1,3.0,1.0,45234,AV DE TREVISE,M,"47,8945700","1,8971200",45,2019,50.0,1.0,2.0,4.0,2255337,2.0,2,4,2,9.0,,0.0,0,1947.0,B01,138Â 211Â 940,1.0,0.0,-1.0,1721529,0.0,7,,0.0,2.0,1.0,B01,138Â 211Â 940,1.0
1008561,201900050092,9,24,13:15,1,2,1,3.0,1.0,45234,AV DE TREVISE,M,"47,8945700","1,8971200",45,2019,50.0,1.0,2.0,4.0,2255337,2.0,2,4,2,9.0,,0.0,0,1947.0,B01,138Â 211Â 940,1.0,0.0,-1.0,1721530,0.0,7,,0.0,2.0,1.0,A01,138Â 211Â 941,1.0
1008561,201900050092,9,24,13:15,1,2,1,3.0,1.0,45234,AV DE TREVISE,M,"47,8945700","1,8971200",45,2019,50.0,1.0,2.0,4.0,2255338,1.0,1,1,1,9.0,,0.0,0,1947.0,B01,138Â 211Â 940,1.0,0.0,-1.0,1721529,0.0,7,,0.0,2.0,1.0,B01,138Â 211Â 940,1.0
1008561,201900050092,9,24,13:15,1,2,1,3.0,1.0,45234,AV DE TREVISE,M,"47,8945700","1,8971200",45,2019,50.0,1.0,2.0,4.0,2255338,1.0,1,1,1,9.0,,0.0,0,1947.0,B01,138Â 211Â 940,1.0,0.0,-1.0,1721530,0.0,7,,0.0,2.0,1.0,A01,138Â 211Â 941,1.0
1008561,201900050092,9,24,13:15,1,2,1,3.0,1.0,45234,AV DE TREVISE,M,"47,8945700","1,8971200",45,2019,50.0,1.0,2.0,4.0,2255339,1.0,1,4,2,9.0,,0.0,0,1995.0,A01,138Â 211Â 941,1.0,0.0,-1.0,1721529,0.0,7,,0.0,2.0,1.0,B01,138Â 211Â 940,1.0
1008561,201900050092,9,24,13:15,1,2,1,3.0,1.0,45234,AV DE TREVISE,M,"47,8945700","1,8971200",45,2019,50.0,1.0,2.0,4.0,2255339,1.0,1,4,2,9.0,,0.0,0,1995.0,A01,138Â 211Â 941,1.0,0.0,-1.0,1721530,0.0,7,,0.0,2.0,1.0,A01,138Â 211Â 941,1.0
1008562,201900050093,9,6,07:00,2,2,3,1.0,6.0,13204,FRANÃOISE DUPARC (BOULEVARD),M,"43,3079370","5,4018650",13,2019,50.0,1.0,1.0,4.0,2255340,10.0,3,4,2,0.0,,9.0,3,1971.0,A01,138Â 211Â 939,8.0,0.0,-1.0,1721531,1.0,10,,0.0,1.0,1.0,A01,138Â 211Â 939,1.0
1008562,201900050093,9,6,07:00,2,2,3,1.0,6.0,13204,FRANÃOISE DUPARC (BOULEVARD),M,"43,3079370","5,4018650",13,2019,50.0,1.0,1.0,4.0,2255341,1.0,1,1,2,1.0,,0.0,0,1971.0,A01,138Â 211Â 939,1.0,0.0,-1.0,1721531,1.0,10,,0.0,1.0,1.0,A01,138Â 211Â 939,1.0
1008563,201900050094,9,24,22:30,5,2,1,1.0,3.0,13204,FRANÃOISE DUPARC (BOULEVARD),M,"43,3040410","5,4009500",13,2019,50.0,1.0,1.0,4.0,2255342,1.0,1,4,1,0.0,,-1.0,0,2003.0,A01,138Â 211Â 938,2.0,0.0,-1.0,1721532,3.0,7,,0.0,2.0,2.0,B01,138Â 211Â 937,1.0
1008563,201900050094,9,24,22:30,5,2,1,1.0,3.0,13204,FRANÃOISE DUPARC (BOULEVARD),M,"43,3040410","5,4009500",13,2019,50.0,1.0,1.0,4.0,2255342,1.0,1,4,1,0.0,,-1.0,0,2003.0,A01,138Â 211Â 938,2.0,0.0,-1.0,1721533,2.0,30,,0.0,2.0,1.0,A01,138Â 211Â 938,1.0
1008564,201900050095,9,25,10:02,1,2,1,2.0,3.0,94055,OLIVIER D ORMESSON (AV),M,"48,7822300","2,5320500",94,2019,50.0,1.0,2.0,3.0,2255343,1.0,1,4,2,0.0,,-1.0,0,1970.0,B01,138Â 211Â 935,1.0,0.0,-1.0,1721534,2.0,7,,0.0,2.0,3.0,B01,138Â 211Â 935,1.0
1008564,201900050095,9,25,10:02,1,2,1,2.0,3.0,94055,OLIVIER D ORMESSON (AV),M,"48,7822300","2,5320500",94,2019,50.0,1.0,2.0,3.0,2255343,1.0,1,4,2,0.0,,-1.0,0,1970.0,B01,138Â 211Â 935,1.0,0.0,-1.0,1721535,1.0,7,,0.0,2.0,2.0,A01,138Â 211Â 936,1.0
1008564,201900050095,9,25,10:02,1,2,1,2.0,3.0,94055,OLIVIER D ORMESSON (AV),M,"48,7822300","2,5320500",94,2019,50.0,1.0,2.0,3.0,2255344,1.0,1,1,2,0.0,,-1.0,0,1970.0,A01,138Â 211Â 936,1.0,0.0,-1.0,1721534,2.0,7,,0.0,2.0,3.0,B01,138Â 211Â 935,1.0
1008564,201900050095,9,25,10:02,1,2,1,2.0,3.0,94055,OLIVIER D ORMESSON (AV),M,"48,7822300","2,5320500",94,2019,50.0,1.0,2.0,3.0,2255344,1.0,1,1,2,0.0,,-1.0,0,1970.0,A01,138Â 211Â 936,1.0,0.0,-1.0,1721535,1.0,7,,0.0,2.0,2.0,A01,138Â 211Â 936,1.0
1008565,201900050096,9,24,17:02,1,2,2,1.0,3.0,94019,PONT (R DU),M,"48,7922500","2,5259900",94,2019,50.0,1.0,1.0,4.0,2255345,1.0,1,1,1,5.0,,-1.0,0,1968.0,A01,138Â 211Â 933,1.0,0.0,-1.0,1721536,1.0,7,,0.0,2.0,1.0,A01,138Â 211Â 933,0.0
1008565,201900050096,9,24,17:02,1,2,2,1.0,3.0,94019,PONT (R DU),M,"48,7922500","2,5259900",94,2019,50.0,1.0,1.0,4.0,2255345,1.0,1,1,1,5.0,,-1.0,0,1968.0,A01,138Â 211Â 933,1.0,0.0,-1.0,1721537,1.0,1,,0.0,2.0,4.0,B01,138Â 211Â 934,0.0
1008565,201900050096,9,24,17:02,1,2,2,1.0,3.0,94019,PONT (R DU),M,"48,7922500","2,5259900",94,2019,50.0,1.0,1.0,4.0,2255346,1.0,1,4,1,1.0,,-1.0, -1,1992.0,B01,138Â 211Â 934,8.0,0.0,-1.0,1721536,1.0,7,,0.0,2.0,1.0,A01,138Â 211Â 933,0.0
1008565,201900050096,9,24,17:02,1,2,2,1.0,3.0,94019,PONT (R DU),M,"48,7922500","2,5259900",94,2019,50.0,1.0,1.0,4.0,2255346,1.0,1,4,1,1.0,,-1.0, -1,1992.0,B01,138Â 211Â 934,8.0,0.0,-1.0,1721537,1.0,1,,0.0,2.0,4.0,B01,138Â 211Â 934,0.0
1008566,201900050097,8,13,16:30,1,2,4,1.0,6.0,93048,STALINGRAD (RUE DE),M,"48,8576000","2,4441000",93,2019,30.0,1.0,1.0,4.0,2255347,1.0,1,1,2,5.0,,0.0,0,1992.0,A01,138Â 211Â 932,1.0,0.0,-1.0,1721538,1.0,7,,0.0,1.0,1.0,A01,138Â 211Â 932,1.0
1008566,201900050097,8,13,16:30,1,2,4,1.0,6.0,93048,STALINGRAD (RUE DE),M,"48,8576000","2,4441000",93,2019,30.0,1.0,1.0,4.0,2255348,10.0,3,4,1,5.0,,3.0,3,1949.0,A01,138Â 211Â 932,0.0,0.0,-1.0,1721538,1.0,7,,0.0,1.0,1.0,A01,138Â 211Â 932,1.0
1008567,201900050098,9,25,09:00,1,1,1,1.0,3.0,13211,Sens Aubagne vers Marseille,M,"43,2940500","5,4581000",13,2019,90.0,1.0,1.0,1.0,2255349,1.0,1,1,1,1.0,,-1.0,0,1982.0,A01,138Â 211Â 930,1.0,0.0,-1.0,1721539,2.0,7,,0.0,2.0,8.0,A01,138Â 211Â 930,1.0
1008567,201900050098,9,25,09:00,1,1,1,1.0,3.0,13211,Sens Aubagne vers Marseille,M,"43,2940500","5,4581000",13,2019,90.0,1.0,1.0,1.0,2255349,1.0,1,1,1,1.0,,-1.0,0,1982.0,A01,138Â 211Â 930,1.0,0.0,-1.0,1721540,2.0,32,,0.0,2.0,7.0,B01,138Â 211Â 931,1.0
1008567,201900050098,9,25,09:00,1,1,1,1.0,3.0,13211,Sens Aubagne vers Marseille,M,"43,2940500","5,4581000",13,2019,90.0,1.0,1.0,1.0,2255350,1.0,1,4,2,1.0,,-1.0,0,1984.0,B01,138Â 211Â 931,2.0,6.0,-1.0,1721539,2.0,7,,0.0,2.0,8.0,A01,138Â 211Â 930,1.0
1008567,201900050098,9,25,09:00,1,1,1,1.0,3.0,13211,Sens Aubagne vers Marseille,M,"43,2940500","5,4581000",13,2019,90.0,1.0,1.0,1.0,2255350,1.0,1,4,2,1.0,,-1.0,0,1984.0,B01,138Â 211Â 931,2.0,6.0,-1.0,1721540,2.0,32,,0.0,2.0,7.0,B01,138Â 211Â 931,1.0
1008568,201900050099,9,25,22:50,5,2,6,1.0,3.0,97416,BANK (BOULEVARD),M," -21,3307100","55,4749300",974,2019,50.0,1.0,1.0,2.0,2255351,1.0,1,4,1,1.0,,-1.0, -1,1996.0,A01,138Â 211Â 928,8.0,0.0,-1.0,1721541,1.0,30,,0.0,2.0,3.0,A01,138Â 211Â 928,1.0
1008568,201900050099,9,25,22:50,5,2,6,1.0,3.0,97416,BANK (BOULEVARD),M," -21,3307100","55,4749300",974,2019,50.0,1.0,1.0,2.0,2255351,1.0,1,4,1,1.0,,-1.0, -1,1996.0,A01,138Â 211Â 928,8.0,0.0,-1.0,1721542,2.0,7,,0.0,2.0,1.0,B01,138Â 211Â 929,1.0
1008569,201900050100,9,25,16:50,1,2,2,1.0,6.0,97416,HUBERT DE LISLE(BOULEVARD),M," -21,3435802","55,4743092",974,2019,50.0,1.0,1.0,4.0,2255352,10.0,3,4,2,5.0,,3.0,3,1997.0,A01,138Â 211Â 927,8.0,0.0,-1.0,1721543,1.0,7,,0.0,1.0,1.0,A01,138Â 211Â 927,1.0
1008569,201900050100,9,25,16:50,1,2,2,1.0,6.0,97416,HUBERT DE LISLE(BOULEVARD),M," -21,3435802","55,4743092",974,2019,50.0,1.0,1.0,4.0,2255353,1.0,1,1,1,5.0,,-1.0,0,1997.0,A01,138Â 211Â 927,1.0,8.0,-1.0,1721543,1.0,7,,0.0,1.0,1.0,A01,138Â 211Â 927,1.0
1008570,201900050101,9,19,07:00,1,2,1,1.0,3.0,97407,LISZT FRANTZ(RUELLE),M," -20,9599000","55,3204000",974,2019,50.0,-1.0,1.0,4.0,2255354,1.0,1,4,1,2.0,,-1.0, -1,2008.0,A01,138Â 211Â 925,8.0,0.0,-1.0,1721544,1.0,1,,0.0,2.0,2.0,A01,138Â 211Â 925,0.0
1008570,201900050101,9,19,07:00,1,2,1,1.0,3.0,97407,LISZT FRANTZ(RUELLE),M," -20,9599000","55,3204000",974,2019,50.0,-1.0,1.0,4.0,2255354,1.0,1,4,1,2.0,,-1.0, -1,2008.0,A01,138Â 211Â 925,8.0,0.0,-1.0,1721545,1.0,7,,0.0,9.0,2.0,B01,138Â 211Â 926,1.0
1008570,201900050101,9,19,07:00,1,2,1,1.0,3.0,97407,LISZT FRANTZ(RUELLE),M," -20,9599000","55,3204000",974,2019,50.0,-1.0,1.0,4.0,2255355,1.0,1,1,1,9.0,,-1.0, -1,1958.0,B01,138Â 211Â 926,1.0,8.0,-1.0,1721544,1.0,1,,0.0,2.0,2.0,A01,138Â 211Â 925,0.0
1008570,201900050101,9,19,07:00,1,2,1,1.0,3.0,97407,LISZT FRANTZ(RUELLE),M," -20,9599000","55,3204000",974,2019,50.0,-1.0,1.0,4.0,2255355,1.0,1,1,1,9.0,,-1.0, -1,1958.0,B01,138Â 211Â 926,1.0,8.0,-1.0,1721545,1.0,7,,0.0,9.0,2.0,B01,138Â 211Â 926,1.0
1008571,201900050102,9,25,21:20,5,2,5,2.0,7.0,69387,VIENNE (DE)                         (RO),M,"45,7452200","4,8489100",69,2019,50.0,1.0,2.0,7.0,2255356,1.0,1,4,1,4.0,,-1.0,0,1999.0,A01,138Â 211Â 924,2.0,8.0,-1.0,1721546,1.0,30,,0.0,0.0,0.0,A01,138Â 211Â 924,0.0
1008572,201900050103,9,25,19:20,2,2,1,2.0,3.0,69388,FRERES LUMIERE (DES)                (AV),M,"45,7448900","4,8670500",69,2019,50.0,1.0,2.0,4.0,2255357,1.0,1,4,1,0.0,,-1.0, -1,1987.0,A01,138Â 211Â 922,8.0,0.0,-1.0,1721547,1.0,31,,0.0,2.0,1.0,A01,138Â 211Â 922,1.0
1008572,201900050103,9,25,19:20,2,2,1,2.0,3.0,69388,FRERES LUMIERE (DES)                (AV),M,"45,7448900","4,8670500",69,2019,50.0,1.0,2.0,4.0,2255357,1.0,1,4,1,0.0,,-1.0, -1,1987.0,A01,138Â 211Â 922,8.0,0.0,-1.0,1721548,1.0,7,,0.0,2.0,8.0,B01,138Â 211Â 923,1.0
1008572,201900050103,9,25,19:20,2,2,1,2.0,3.0,69388,FRERES LUMIERE (DES)                (AV),M,"45,7448900","4,8670500",69,2019,50.0,1.0,2.0,4.0,2255358,1.0,1,1,2,0.0,,-1.0, -1,1970.0,B01,138Â 211Â 923,1.0,0.0,-1.0,1721547,1.0,31,,0.0,2.0,1.0,A01,138Â 211Â 922,1.0
1008572,201900050103,9,25,19:20,2,2,1,2.0,3.0,69388,FRERES LUMIERE (DES)                (AV),M,"45,7448900","4,8670500",69,2019,50.0,1.0,2.0,4.0,2255358,1.0,1,1,2,0.0,,-1.0, -1,1970.0,B01,138Â 211Â 923,1.0,0.0,-1.0,1721548,1.0,7,,0.0,2.0,8.0,B01,138Â 211Â 923,1.0
1008573,201900050104,9,25,15:30,1,2,1,1.0,6.0,69259,PIERRE COT                          (AV),M,"45,7070000","4,8980000",69,2019,50.0,4.0,1.0,4.0,2255359,1.0,1,4,1,0.0,,-1.0, -1,2001.0,A01,138Â 211Â 921,2.0,0.0,-1.0,1721549,1.0,1,,7.0,0.0,1.0,A01,138Â 211Â 921,5.0
1008574,201900050105,9,25,15:10,1,2,1,1.0,3.0,97213,ROUTE NATIONALE 1,M,"14,6173540"," -61,0174680",972,2019,90.0,1.0,1.0,1.0,2255360,1.0,1,1,1,4.0,,-1.0,0,1975.0,B01,138Â 211Â 919,1.0,0.0,-1.0,1721550,2.0,17,,0.0,2.0,6.0,B01,138Â 211Â 919,1.0
1008574,201900050105,9,25,15:10,1,2,1,1.0,3.0,97213,ROUTE NATIONALE 1,M,"14,6173540"," -61,0174680",972,2019,90.0,1.0,1.0,1.0,2255360,1.0,1,1,1,4.0,,-1.0,0,1975.0,B01,138Â 211Â 919,1.0,0.0,-1.0,1721551,2.0,3,,4.0,2.0,1.0,A01,138Â 211Â 920,1.0
1008574,201900050105,9,25,15:10,1,2,1,1.0,3.0,97213,ROUTE NATIONALE 1,M,"14,6173540"," -61,0174680",972,2019,90.0,1.0,1.0,1.0,2255361,1.0,1,4,1,0.0,,-1.0,0,1964.0,A01,138Â 211Â 920,1.0,8.0,-1.0,1721550,2.0,17,,0.0,2.0,6.0,B01,138Â 211Â 919,1.0
1008574,201900050105,9,25,15:10,1,2,1,1.0,3.0,97213,ROUTE NATIONALE 1,M,"14,6173540"," -61,0174680",972,2019,90.0,1.0,1.0,1.0,2255361,1.0,1,4,1,0.0,,-1.0,0,1964.0,A01,138Â 211Â 920,1.0,8.0,-1.0,1721551,2.0,3,,4.0,2.0,1.0,A01,138Â 211Â 920,1.0
1008575,201900050106,9,25,15:08,1,2,3,1.0,3.0,97209,ERNEST DEPROGE (RUE),M,"14,6033600"," -61,0731700",972,2019,30.0,1.0,1.0,4.0,2255362,1.0,1,4,2,0.0,,-1.0,0,1934.0,A01,138Â 211Â 917,1.0,0.0,-1.0,1721552,1.0,7,,15.0,2.0,3.0,A01,138Â 211Â 917,1.0
1008575,201900050106,9,25,15:08,1,2,3,1.0,3.0,97209,ERNEST DEPROGE (RUE),M,"14,6033600"," -61,0731700",972,2019,30.0,1.0,1.0,4.0,2255362,1.0,1,4,2,0.0,,-1.0,0,1934.0,A01,138Â 211Â 917,1.0,0.0,-1.0,1721553,1.0,37,1.0,0.0,2.0,2.0,B01,138Â 211Â 918,1.0
1008575,201900050106,9,25,15:08,1,2,3,1.0,3.0,97209,ERNEST DEPROGE (RUE),M,"14,6033600"," -61,0731700",972,2019,30.0,1.0,1.0,4.0,2255363,1.0,1,1,1,4.0,,-1.0,0,1991.0,B01,138Â 211Â 918,1.0,0.0,-1.0,1721552,1.0,7,,15.0,2.0,3.0,A01,138Â 211Â 917,1.0
1008575,201900050106,9,25,15:08,1,2,3,1.0,3.0,97209,ERNEST DEPROGE (RUE),M,"14,6033600"," -61,0731700",972,2019,30.0,1.0,1.0,4.0,2255363,1.0,1,1,1,4.0,,-1.0,0,1991.0,B01,138Â 211Â 918,1.0,0.0,-1.0,1721553,1.0,37,1.0,0.0,2.0,2.0,B01,138Â 211Â 918,1.0
1008576,201900050107,9,25,18:45,1,2,1,2.0,6.0,69389,ANDREI SAKHAROV                     (AV),M,"45,7872300","4,7995900",69,2019,50.0,1.0,2.0,4.0,2255364,10.0,3,3,2,5.0,,3.0,3,1960.0,A01,138Â 211Â 916,8.0,0.0,-1.0,1721554,2.0,50,,0.0,1.0,1.0,A01,138Â 211Â 916,3.0
1008576,201900050107,9,25,18:45,1,2,1,2.0,6.0,69389,ANDREI SAKHAROV                     (AV),M,"45,7872300","4,7995900",69,2019,50.0,1.0,2.0,4.0,2255365,10.0,3,4,2,5.0,,3.0,3,1946.0,A01,138Â 211Â 916,8.0,0.0,-1.0,1721554,2.0,50,,0.0,1.0,1.0,A01,138Â 211Â 916,3.0
1008576,201900050107,9,25,18:45,1,2,1,2.0,6.0,69389,ANDREI SAKHAROV                     (AV),M,"45,7872300","4,7995900",69,2019,50.0,1.0,2.0,4.0,2255366,1.0,1,1,1,5.0,,-1.0,0,2000.0,A01,138Â 211Â 916,8.0,0.0,-1.0,1721554,2.0,50,,0.0,1.0,1.0,A01,138Â 211Â 916,3.0
1008577,201900050108,9,25,10:00,1,2,7,1.0,6.0,69382,JEAN DE TOURNES                     (R ),M,"45,7607000","4,8341000",69,2019,50.0,1.0,1.0,7.0,2255367,1.0,1,1,1,4.0,,-1.0, -1,1969.0,A01,138Â 211Â 915,1.0,0.0,-1.0,1721555,1.0,10,,0.0,1.0,2.0,A01,138Â 211Â 915,1.0
1008577,201900050108,9,25,10:00,1,2,7,1.0,6.0,69382,JEAN DE TOURNES                     (R ),M,"45,7607000","4,8341000",69,2019,50.0,1.0,1.0,7.0,2255368,10.0,3,3,2,0.0,,4.0,3,1932.0,A01,138Â 211Â 915,0.0,-1.0,-1.0,1721555,1.0,10,,0.0,1.0,2.0,A01,138Â 211Â 915,1.0
1008578,201900050109,9,25,08:05,1,2,3,1.0,3.0,2A004,NICOLI JEAN COURS,M,"41,9323600","8,7406400",2A,2019,50.0,1.0,1.0,2.0,2255369,1.0,1,4,2,1.0,,-1.0,0,1967.0,B01,138Â 211Â 913,2.0,0.0,-1.0,1721556,1.0,32,,0.0,2.0,1.0,B01,138Â 211Â 913,1.0
1008578,201900050109,9,25,08:05,1,2,3,1.0,3.0,2A004,NICOLI JEAN COURS,M,"41,9323600","8,7406400",2A,2019,50.0,1.0,1.0,2.0,2255369,1.0,1,4,2,1.0,,-1.0,0,1967.0,B01,138Â 211Â 913,2.0,0.0,-1.0,1721557,1.0,7,,0.0,2.0,2.0,A01,138Â 211Â 914,1.0
1008578,201900050109,9,25,08:05,1,2,3,1.0,3.0,2A004,NICOLI JEAN COURS,M,"41,9323600","8,7406400",2A,2019,50.0,1.0,1.0,2.0,2255370,1.0,1,1,2,0.0,,-1.0,0,1981.0,A01,138Â 211Â 914,1.0,0.0,-1.0,1721556,1.0,32,,0.0,2.0,1.0,B01,138Â 211Â 913,1.0
1008578,201900050109,9,25,08:05,1,2,3,1.0,3.0,2A004,NICOLI JEAN COURS,M,"41,9323600","8,7406400",2A,2019,50.0,1.0,1.0,2.0,2255370,1.0,1,1,2,0.0,,-1.0,0,1981.0,A01,138Â 211Â 914,1.0,0.0,-1.0,1721557,1.0,7,,0.0,2.0,2.0,A01,138Â 211Â 914,1.0
1008579,201900050110,9,19,09:10,1,1,9,1.0,3.0,91228,RN7,M,"48,6403000","2,4290600",91,2019,30.0,1.0,1.0,2.0,2255371,1.0,1,4,1,1.0,,0.0,0,1990.0,B01,138Â 211Â 909,2.0,8.0,-1.0,1721558,3.0,1,,0.0,2.0,2.0,B01,138Â 211Â 909,0.0
1008579,201900050110,9,19,09:10,1,1,9,1.0,3.0,91228,RN7,M,"48,6403000","2,4290600",91,2019,30.0,1.0,1.0,2.0,2255371,1.0,1,4,1,1.0,,0.0,0,1990.0,B01,138Â 211Â 909,2.0,8.0,-1.0,1721559,3.0,7,,0.0,6.0,3.0,A01,138Â 211Â 910,5.0
1008579,201900050110,9,19,09:10,1,1,9,1.0,3.0,91228,RN7,M,"48,6403000","2,4290600",91,2019,30.0,1.0,1.0,2.0,2255372,1.0,1,1,2,1.0,,0.0,0,1989.0,A01,138Â 211Â 910,1.0,0.0,-1.0,1721558,3.0,1,,0.0,2.0,2.0,B01,138Â 211Â 909,0.0
1008579,201900050110,9,19,09:10,1,1,9,1.0,3.0,91228,RN7,M,"48,6403000","2,4290600",91,2019,30.0,1.0,1.0,2.0,2255372,1.0,1,1,2,1.0,,0.0,0,1989.0,A01,138Â 211Â 910,1.0,0.0,-1.0,1721559,3.0,7,,0.0,6.0,3.0,A01,138Â 211Â 910,5.0
1008580,201900050111,9,25,11:10,1,2,1,2.0,2.0,91201,RIS (RUE DE),M,"48,6617900","2,4171600",91,2019,50.0,1.0,2.0,4.0,2255373,1.0,1,1,1,4.0,,0.0,0,1979.0,A01,138Â 211Â 904,1.0,0.0,-1.0,1721560,1.0,10,,0.0,2.0,1.0,A01,138Â 211Â 904,1.0
1008580,201900050111,9,25,11:10,1,2,1,2.0,2.0,91201,RIS (RUE DE),M,"48,6617900","2,4171600",91,2019,50.0,1.0,2.0,4.0,2255373,1.0,1,1,1,4.0,,0.0,0,1979.0,A01,138Â 211Â 904,1.0,0.0,-1.0,1721561,1.0,7,,0.0,2.0,4.0,B01,138Â 211Â 905,1.0
1008580,201900050111,9,25,11:10,1,2,1,2.0,2.0,91201,RIS (RUE DE),M,"48,6617900","2,4171600",91,2019,50.0,1.0,2.0,4.0,2255374,2.0,2,4,1,2.0,,0.0,0,2001.0,B01,138Â 211Â 905,1.0,0.0,-1.0,1721560,1.0,10,,0.0,2.0,1.0,A01,138Â 211Â 904,1.0
1008580,201900050111,9,25,11:10,1,2,1,2.0,2.0,91201,RIS (RUE DE),M,"48,6617900","2,4171600",91,2019,50.0,1.0,2.0,4.0,2255374,2.0,2,4,1,2.0,,0.0,0,2001.0,B01,138Â 211Â 905,1.0,0.0,-1.0,1721561,1.0,7,,0.0,2.0,4.0,B01,138Â 211Â 905,1.0
1008580,201900050111,9,25,11:10,1,2,1,2.0,2.0,91201,RIS (RUE DE),M,"48,6617900","2,4171600",91,2019,50.0,1.0,2.0,4.0,2255375,1.0,1,1,2,2.0,,0.0,0,1972.0,B01,138Â 211Â 905,1.0,0.0,-1.0,1721560,1.0,10,,0.0,2.0,1.0,A01,138Â 211Â 904,1.0
1008580,201900050111,9,25,11:10,1,2,1,2.0,2.0,91201,RIS (RUE DE),M,"48,6617900","2,4171600",91,2019,50.0,1.0,2.0,4.0,2255375,1.0,1,1,2,2.0,,0.0,0,1972.0,B01,138Â 211Â 905,1.0,0.0,-1.0,1721561,1.0,7,,0.0,2.0,4.0,B01,138Â 211Â 905,1.0
1008581,201900050112,9,25,09:51,1,2,1,2.0,6.0,87085,ALLENDE (QUAI SALVADOR),M,"45,8171100","1,2523200",87,2019,50.0,1.0,2.0,4.0,2255376,1.0,1,4,2,5.0,,0.0,0,1953.0,A01,138Â 211Â 902,1.0,-1.0,-1.0,1721562,1.0,7,,4.0,0.0,7.0,A01,138Â 211Â 902,1.0