Unnamed: 0_x,num_acc,mois,jour,hrmn,lum,agg,int,atm,col,com,adr,gps,lat,long,dep,annee,vma,situ,surf,catr,Unnamed: 0_y,place,catu,grav,sexe,trajet,secu,locp,actp,an_nais,num_veh_x,id_vehicule_x,secu1,secu2,secu3,Unnamed: 0,senc,catv,occutc,obs,obsm,choc,num_veh_y,id_vehicule_y,motor
1008582,201900050113,9,24,17:09,1,2,1,1.0,2.0,87085,TUILIERES (RUE DES),M,"45,8524400","1,2551200",87,2019,50.0,1.0,1.0,4.0,2255377,1.0,1,1,1,5.0,,0.0,0,1998.0,A01,138Â 211Â 900,1.0,-1.0,-1.0,1721563,1.0,7,,0.0,2.0,1.0,A01,138Â 211Â 900,1.0
1008582,201900050113,9,24,17:09,1,2,1,1.0,2.0,87085,TUILIERES (RUE DES),M,"45,8524400","1,2551200",87,2019,50.0,1.0,1.0,4.0,2255377,1.0,1,1,1,5.0,,0.0,0,1998.0,A01,138Â 211Â 900,1.0,-1.0,-1.0,1721564,1.0,7,,0.0,2.0,4.0,B01,138Â 211Â 901,1.0
1008582,201900050113,9,24,17:09,1,2,1,1.0,2.0,87085,TUILIERES (RUE DES),M,"45,8524400","1,2551200",87,2019,50.0,1.0,1.0,4.0,2255378,1.0,1,4,2,1.0,,0.0,0,1960.0,B01,138Â 211Â 901,1.0,-1.0,-1.0,1721563,1.0,7,,0.0,2.0,1.0,A01,138Â 211Â 900,1.0
1008582,201900050113,9,24,17:09,1,2,1,1.0,2.0,87085,TUILIERES (RUE DES),M,"45,8524400","1,2551200",87,2019,50.0,1.0,1.0,4.0,2255378,1.0,1,4,2,1.0,,0.0,0,1960.0,B01,138Â 211Â 901,1.0,-1.0,-1.0,1721564,1.0,7,,0.0,2.0,4.0,B01,138Â 211Â 901,1.0
1008583,201900050114,9,24,13:05,1,2,1,2.0,6.0,87085,A20 - Diffuseur 33,M,"45,8389500","1,2836100",87,2019,70.0,1.0,2.0,1.0,2255379,1.0,1,4,1,5.0,,0.0,0,1987.0,A01,138Â 211Â 899,1.0,-1.0,-1.0,1721565,1.0,7,,4.0,0.0,3.0,A01,138Â 211Â 899,1.0
1008584,201900050115,9,24,08:40,2,2,3,3.0,3.0,85194,RUE BEL AIR ,M,"46,4981600"," -1,7728400",85,2019,50.0,1.0,2.0,4.0,2255380,2.0,1,4,2,1.0,,0.0,0,2000.0,B01,138Â 211Â 897,2.0,6.0,-1.0,1721566,1.0,30,,0.0,2.0,1.0,B01,138Â 211Â 897,1.0
1008584,201900050115,9,24,08:40,2,2,3,3.0,3.0,85194,RUE BEL AIR ,M,"46,4981600"," -1,7728400",85,2019,50.0,1.0,2.0,4.0,2255380,2.0,1,4,2,1.0,,0.0,0,2000.0,B01,138Â 211Â 897,2.0,6.0,-1.0,1721567,2.0,7,,0.0,2.0,8.0,A01,138Â 211Â 898,1.0
1008584,201900050115,9,24,08:40,2,2,3,3.0,3.0,85194,RUE BEL AIR ,M,"46,4981600"," -1,7728400",85,2019,50.0,1.0,2.0,4.0,2255381,1.0,1,1,1,5.0,,0.0,0,1947.0,A01,138Â 211Â 898,1.0,0.0,-1.0,1721566,1.0,30,,0.0,2.0,1.0,B01,138Â 211Â 897,1.0
1008584,201900050115,9,24,08:40,2,2,3,3.0,3.0,85194,RUE BEL AIR ,M,"46,4981600"," -1,7728400",85,2019,50.0,1.0,2.0,4.0,2255381,1.0,1,1,1,5.0,,0.0,0,1947.0,A01,138Â 211Â 898,1.0,0.0,-1.0,1721567,2.0,7,,0.0,2.0,8.0,A01,138Â 211Â 898,1.0
1008585,201900050116,10,27,08:00,1,2,9,1.0,6.0,83050,DE GAULLE(AVENUE CHARLES),M,"43,5449400","6,4620300",83,2019,50.0,1.0,1.0,4.0,2255382,1.0,1,1,1,0.0,,-1.0,0,1997.0,A01,138Â 211Â 896,1.0,0.0,-1.0,1721568,0.0,7,,0.0,9.0,0.0,A01,138Â 211Â 896,1.0
1008585,201900050116,10,27,08:00,1,2,9,1.0,6.0,83050,DE GAULLE(AVENUE CHARLES),M,"43,5449400","6,4620300",83,2019,50.0,1.0,1.0,4.0,2255383,10.0,3,3,1,5.0,,0.0,0,1952.0,A01,138Â 211Â 896,8.0,8.0,-1.0,1721568,0.0,7,,0.0,9.0,0.0,A01,138Â 211Â 896,1.0
1008586,201900050117,9,24,13:45,1,2,3,2.0,6.0,80021,FEDERES (BOULEVARD DES),M,"49,8956200","2,2833110",80,2019,50.0,1.0,2.0,4.0,2255384,1.0,1,1,1,0.0,,-1.0, -1,1984.0,A01,138Â 211Â 895,1.0,0.0,-1.0,1721569,0.0,7,,0.0,1.0,0.0,A01,138Â 211Â 895,1.0
1008586,201900050117,9,24,13:45,1,2,3,2.0,6.0,80021,FEDERES (BOULEVARD DES),M,"49,8956200","2,2833110",80,2019,50.0,1.0,2.0,4.0,2255385,10.0,3,4,2,0.0,,3.0,3,1990.0,A01,138Â 211Â 895,8.0,0.0,-1.0,1721569,0.0,7,,0.0,1.0,0.0,A01,138Â 211Â 895,1.0
1008587,201900050118,9,24,10:00,1,2,1,3.0,6.0,80379,PHILEAS FOGG (AVENUE),M,"49,8654000","2,3789600",80,2019,50.0,1.0,2.0,4.0,2255386,1.0,1,1,2,0.0,,-1.0, -1,1977.0,A01,138Â 211Â 894,1.0,0.0,-1.0,1721570,0.0,7,,0.0,1.0,1.0,A01,138Â 211Â 894,1.0
1008587,201900050118,9,24,10:00,1,2,1,3.0,6.0,80379,PHILEAS FOGG (AVENUE),M,"49,8654000","2,3789600",80,2019,50.0,1.0,2.0,4.0,2255387,10.0,3,3,2,0.0,,3.0,3,1949.0,A01,138Â 211Â 894,8.0,0.0,-1.0,1721570,0.0,7,,0.0,1.0,1.0,A01,138Â 211Â 894,1.0
1008588,201900050119,9,20,17:05,1,2,1,1.0,6.0,77350,ALBERT LE PETIT (RUE),M,"48,7719124","2,6753434",77,2019,50.0,2.0,1.0,4.0,2255388,1.0,1,1,1,5.0,,-1.0,0,1952.0,A01,138Â 211Â 893,1.0,0.0,-1.0,1721571,1.0,7,,0.0,1.0,7.0,A01,138Â 211Â 893,1.0
1008588,201900050119,9,20,17:05,1,2,1,1.0,6.0,77350,ALBERT LE PETIT (RUE),M,"48,7719124","2,6753434",77,2019,50.0,2.0,1.0,4.0,2255389,10.0,3,3,1,2.0,,3.0,3,2010.0,A01,138Â 211Â 893,8.0,0.0,-1.0,1721571,1.0,7,,0.0,1.0,7.0,A01,138Â 211Â 893,1.0
1008589,201900050120,9,25,08:50,1,1,1,2.0,2.0,77243,D934-BRETELLE SORTIE,M,"48,8755500","2,7205400",77,2019,50.0,1.0,2.0,3.0,2255390,1.0,1,4,1,0.0,,-1.0,0,1972.0,A01,138Â 211Â 891,1.0,0.0,-1.0,1721572,1.0,7,,0.0,2.0,1.0,A01,138Â 211Â 891,1.0
1008589,201900050120,9,25,08:50,1,1,1,2.0,2.0,77243,D934-BRETELLE SORTIE,M,"48,8755500","2,7205400",77,2019,50.0,1.0,2.0,3.0,2255390,1.0,1,4,1,0.0,,-1.0,0,1972.0,A01,138Â 211Â 891,1.0,0.0,-1.0,1721573,1.0,10,,0.0,2.0,4.0,B01,138Â 211Â 892,0.0
1008589,201900050120,9,25,08:50,1,1,1,2.0,2.0,77243,D934-BRETELLE SORTIE,M,"48,8755500","2,7205400",77,2019,50.0,1.0,2.0,3.0,2255391,1.0,1,1,1,0.0,,-1.0,0,1988.0,B01,138Â 211Â 892,1.0,0.0,-1.0,1721572,1.0,7,,0.0,2.0,1.0,A01,138Â 211Â 891,1.0
1008589,201900050120,9,25,08:50,1,1,1,2.0,2.0,77243,D934-BRETELLE SORTIE,M,"48,8755500","2,7205400",77,2019,50.0,1.0,2.0,3.0,2255391,1.0,1,1,1,0.0,,-1.0,0,1988.0,B01,138Â 211Â 892,1.0,0.0,-1.0,1721573,1.0,10,,0.0,2.0,4.0,B01,138Â 211Â 892,0.0
1008590,201900050121,9,24,09:15,1,1,6,2.0,3.0,76498,ALLIES. AVENUE DES,M,"49,4211300","1,0516200",76,2019,50.0,1.0,2.0,3.0,2255392,1.0,1,1,2,5.0,,-1.0,0,1951.0,B01,138Â 211Â 889,1.0,0.0,-1.0,1721574,2.0,7,,0.0,2.0,6.0,B01,138Â 211Â 889,1.0
1008590,201900050121,9,24,09:15,1,1,6,2.0,3.0,76498,ALLIES. AVENUE DES,M,"49,4211300","1,0516200",76,2019,50.0,1.0,2.0,3.0,2255392,1.0,1,1,2,5.0,,-1.0,0,1951.0,B01,138Â 211Â 889,1.0,0.0,-1.0,1721575,2.0,7,,9.0,2.0,2.0,A01,138Â 211Â 890,1.0
1008590,201900050121,9,24,09:15,1,1,6,2.0,3.0,76498,ALLIES. AVENUE DES,M,"49,4211300","1,0516200",76,2019,50.0,1.0,2.0,3.0,2255393,1.0,1,4,1,4.0,,-1.0, -1,1972.0,A01,138Â 211Â 890,1.0,0.0,-1.0,1721574,2.0,7,,0.0,2.0,6.0,B01,138Â 211Â 889,1.0
1008590,201900050121,9,24,09:15,1,1,6,2.0,3.0,76498,ALLIES. AVENUE DES,M,"49,4211300","1,0516200",76,2019,50.0,1.0,2.0,3.0,2255393,1.0,1,4,1,4.0,,-1.0, -1,1972.0,A01,138Â 211Â 890,1.0,0.0,-1.0,1721575,2.0,7,,9.0,2.0,2.0,A01,138Â 211Â 890,1.0
1008591,201900050122,9,24,19:55,5,2,6,8.0,3.0,74010,ROCADE (BOULEVARD DE LA),M,"45,9063600","6,1147800",74,2019,50.0,1.0,1.0,4.0,2255394,1.0,1,1,1,0.0,,-1.0,0,1978.0,B01,138Â 211Â 884,8.0,0.0,-1.0,1721576,3.0,7,,0.0,6.0,3.0,B01,138Â 211Â 884,1.0
1008591,201900050122,9,24,19:55,5,2,6,8.0,3.0,74010,ROCADE (BOULEVARD DE LA),M,"45,9063600","6,1147800",74,2019,50.0,1.0,1.0,4.0,2255394,1.0,1,1,1,0.0,,-1.0,0,1978.0,B01,138Â 211Â 884,8.0,0.0,-1.0,1721577,3.0,1,,0.0,2.0,1.0,A01,138Â 211Â 885,5.0
1008591,201900050122,9,24,19:55,5,2,6,8.0,3.0,74010,ROCADE (BOULEVARD DE LA),M,"45,9063600","6,1147800",74,2019,50.0,1.0,1.0,4.0,2255395,1.0,1,4,1,0.0,,-1.0,0,1996.0,A01,138Â 211Â 885,8.0,0.0,-1.0,1721576,3.0,7,,0.0,6.0,3.0,B01,138Â 211Â 884,1.0
1008591,201900050122,9,24,19:55,5,2,6,8.0,3.0,74010,ROCADE (BOULEVARD DE LA),M,"45,9063600","6,1147800",74,2019,50.0,1.0,1.0,4.0,2255395,1.0,1,4,1,0.0,,-1.0,0,1996.0,A01,138Â 211Â 885,8.0,0.0,-1.0,1721577,3.0,1,,0.0,2.0,1.0,A01,138Â 211Â 885,5.0
1008592,201900050123,9,15,04:03,5,2,1,1.0,6.0,74010,ALBIGNY (AVE),M,"45,9035400","6,1364800",74,2019,30.0,1.0,1.0,3.0,2255396,2.0,2,1,1,5.0,,0.0,0,1989.0,A01,138Â 211Â 883,1.0,0.0,-1.0,1721578,1.0,7,,0.0,1.0,2.0,A01,138Â 211Â 883,1.0
1008592,201900050123,9,15,04:03,5,2,1,1.0,6.0,74010,ALBIGNY (AVE),M,"45,9035400","6,1364800",74,2019,30.0,1.0,1.0,3.0,2255397,10.0,3,3,1,5.0,,2.0,3,1995.0,A01,138Â 211Â 883,8.0,0.0,-1.0,1721578,1.0,7,,0.0,1.0,2.0,A01,138Â 211Â 883,1.0
1008592,201900050123,9,15,04:03,5,2,1,1.0,6.0,74010,ALBIGNY (AVE),M,"45,9035400","6,1364800",74,2019,30.0,1.0,1.0,3.0,2255398,1.0,1,1,1,5.0,,0.0,0,1993.0,A01,138Â 211Â 883,1.0,0.0,-1.0,1721578,1.0,7,,0.0,1.0,2.0,A01,138Â 211Â 883,1.0
1008593,201900050124,9,24,22:05,5,2,2,1.0,3.0,72181,LOUIS BLANC (QUAI),M,"48,0014400","0,1979600",72,2019,50.0,1.0,1.0,7.0,2255399,1.0,1,1,1,0.0,,0.0,0,1995.0,A01,138Â 211Â 881,1.0,0.0,-1.0,1721579,3.0,7,,0.0,2.0,7.0,A01,138Â 211Â 881,1.0
1008593,201900050124,9,24,22:05,5,2,2,1.0,3.0,72181,LOUIS BLANC (QUAI),M,"48,0014400","0,1979600",72,2019,50.0,1.0,1.0,7.0,2255399,1.0,1,1,1,0.0,,0.0,0,1995.0,A01,138Â 211Â 881,1.0,0.0,-1.0,1721580,3.0,7,,0.0,2.0,1.0,B01,138Â 211Â 882,1.0
1008593,201900050124,9,24,22:05,5,2,2,1.0,3.0,72181,LOUIS BLANC (QUAI),M,"48,0014400","0,1979600",72,2019,50.0,1.0,1.0,7.0,2255400,2.0,2,4,2,0.0,,0.0,0,1995.0,A01,138Â 211Â 881,1.0,0.0,-1.0,1721579,3.0,7,,0.0,2.0,7.0,A01,138Â 211Â 881,1.0
1008593,201900050124,9,24,22:05,5,2,2,1.0,3.0,72181,LOUIS BLANC (QUAI),M,"48,0014400","0,1979600",72,2019,50.0,1.0,1.0,7.0,2255400,2.0,2,4,2,0.0,,0.0,0,1995.0,A01,138Â 211Â 881,1.0,0.0,-1.0,1721580,3.0,7,,0.0,2.0,1.0,B01,138Â 211Â 882,1.0
1008593,201900050124,9,24,22:05,5,2,2,1.0,3.0,72181,LOUIS BLANC (QUAI),M,"48,0014400","0,1979600",72,2019,50.0,1.0,1.0,7.0,2255401,1.0,1,1,2,0.0,,0.0,0,1988.0,B01,138Â 211Â 882,1.0,0.0,-1.0,1721579,3.0,7,,0.0,2.0,7.0,A01,138Â 211Â 881,1.0
1008593,201900050124,9,24,22:05,5,2,2,1.0,3.0,72181,LOUIS BLANC (QUAI),M,"48,0014400","0,1979600",72,2019,50.0,1.0,1.0,7.0,2255401,1.0,1,1,2,0.0,,0.0,0,1988.0,B01,138Â 211Â 882,1.0,0.0,-1.0,1721580,3.0,7,,0.0,2.0,1.0,B01,138Â 211Â 882,1.0
1008593,201900050124,9,24,22:05,5,2,2,1.0,3.0,72181,LOUIS BLANC (QUAI),M,"48,0014400","0,1979600",72,2019,50.0,1.0,1.0,7.0,2255402,4.0,2,4,1,0.0,,0.0,0,2013.0,B01,138Â 211Â 882,3.0,0.0,-1.0,1721579,3.0,7,,0.0,2.0,7.0,A01,138Â 211Â 881,1.0
1008593,201900050124,9,24,22:05,5,2,2,1.0,3.0,72181,LOUIS BLANC (QUAI),M,"48,0014400","0,1979600",72,2019,50.0,1.0,1.0,7.0,2255402,4.0,2,4,1,0.0,,0.0,0,2013.0,B01,138Â 211Â 882,3.0,0.0,-1.0,1721580,3.0,7,,0.0,2.0,1.0,B01,138Â 211Â 882,1.0
1008594,201900050125,9,25,13:00,1,2,3,2.0,3.0,71153,PRESIDENT WILSON (RUE DU),M,"46,7975000","4,4333700",71,2019,50.0,1.0,2.0,4.0,2255403,1.0,1,4,1,4.0,,0.0,0,1994.0,B01,138Â 211Â 879,1.0,0.0,-1.0,1721581,0.0,10,,0.0,2.0,1.0,B01,138Â 211Â 879,1.0
1008594,201900050125,9,25,13:00,1,2,3,2.0,3.0,71153,PRESIDENT WILSON (RUE DU),M,"46,7975000","4,4333700",71,2019,50.0,1.0,2.0,4.0,2255403,1.0,1,4,1,4.0,,0.0,0,1994.0,B01,138Â 211Â 879,1.0,0.0,-1.0,1721582,1.0,7,,0.0,2.0,2.0,A01,138Â 211Â 880,1.0
1008594,201900050125,9,25,13:00,1,2,3,2.0,3.0,71153,PRESIDENT WILSON (RUE DU),M,"46,7975000","4,4333700",71,2019,50.0,1.0,2.0,4.0,2255404,2.0,2,4,2,4.0,,-1.0, -1,1982.0,A01,138Â 211Â 880,1.0,0.0,-1.0,1721581,0.0,10,,0.0,2.0,1.0,B01,138Â 211Â 879,1.0
1008594,201900050125,9,25,13:00,1,2,3,2.0,3.0,71153,PRESIDENT WILSON (RUE DU),M,"46,7975000","4,4333700",71,2019,50.0,1.0,2.0,4.0,2255404,2.0,2,4,2,4.0,,-1.0, -1,1982.0,A01,138Â 211Â 880,1.0,0.0,-1.0,1721582,1.0,7,,0.0,2.0,2.0,A01,138Â 211Â 880,1.0
1008594,201900050125,9,25,13:00,1,2,3,2.0,3.0,71153,PRESIDENT WILSON (RUE DU),M,"46,7975000","4,4333700",71,2019,50.0,1.0,2.0,4.0,2255405,1.0,1,1,1,4.0,,-1.0, -1,1983.0,A01,138Â 211Â 880,1.0,0.0,-1.0,1721581,0.0,10,,0.0,2.0,1.0,B01,138Â 211Â 879,1.0
1008594,201900050125,9,25,13:00,1,2,3,2.0,3.0,71153,PRESIDENT WILSON (RUE DU),M,"46,7975000","4,4333700",71,2019,50.0,1.0,2.0,4.0,2255405,1.0,1,1,1,4.0,,-1.0, -1,1983.0,A01,138Â 211Â 880,1.0,0.0,-1.0,1721582,1.0,7,,0.0,2.0,2.0,A01,138Â 211Â 880,1.0
1008595,201900050126,9,25,07:45,1,2,1,1.0,3.0,67482,ROME (RUE DE),M,"48,5773620","7,7665400",67,2019,50.0,1.0,2.0,4.0,2255406,1.0,1,3,2,2.0,,-1.0,0,1998.0,B01,138Â 211Â 877,8.0,0.0,-1.0,1721583,1.0,1,,0.0,2.0,8.0,B01,138Â 211Â 877,0.0
1008595,201900050126,9,25,07:45,1,2,1,1.0,3.0,67482,ROME (RUE DE),M,"48,5773620","7,7665400",67,2019,50.0,1.0,2.0,4.0,2255406,1.0,1,3,2,2.0,,-1.0,0,1998.0,B01,138Â 211Â 877,8.0,0.0,-1.0,1721584,1.0,7,,0.0,2.0,1.0,A01,138Â 211Â 878,1.0
1008595,201900050126,9,25,07:45,1,2,1,1.0,3.0,67482,ROME (RUE DE),M,"48,5773620","7,7665400",67,2019,50.0,1.0,2.0,4.0,2255407,2.0,2,1,1,2.0,,-1.0,0,2002.0,A01,138Â 211Â 878,1.0,8.0,-1.0,1721583,1.0,1,,0.0,2.0,8.0,B01,138Â 211Â 877,0.0
1008595,201900050126,9,25,07:45,1,2,1,1.0,3.0,67482,ROME (RUE DE),M,"48,5773620","7,7665400",67,2019,50.0,1.0,2.0,4.0,2255407,2.0,2,1,1,2.0,,-1.0,0,2002.0,A01,138Â 211Â 878,1.0,8.0,-1.0,1721584,1.0,7,,0.0,2.0,1.0,A01,138Â 211Â 878,1.0
1008595,201900050126,9,25,07:45,1,2,1,1.0,3.0,67482,ROME (RUE DE),M,"48,5773620","7,7665400",67,2019,50.0,1.0,2.0,4.0,2255408,1.0,1,1,1,1.0,,-1.0,0,1966.0,A01,138Â 211Â 878,1.0,8.0,-1.0,1721583,1.0,1,,0.0,2.0,8.0,B01,138Â 211Â 877,0.0
1008595,201900050126,9,25,07:45,1,2,1,1.0,3.0,67482,ROME (RUE DE),M,"48,5773620","7,7665400",67,2019,50.0,1.0,2.0,4.0,2255408,1.0,1,1,1,1.0,,-1.0,0,1966.0,A01,138Â 211Â 878,1.0,8.0,-1.0,1721584,1.0,7,,0.0,2.0,1.0,A01,138Â 211Â 878,1.0
1008596,201900050127,9,24,07:45,2,2,6,1.0,2.0,67267,LORRAINE (RUE DE),M,"48,5635520","7,6884530",67,2019,50.0,1.0,1.0,4.0,2255409,1.0,1,1,2,1.0,,-1.0,0,1980.0,A01,138Â 211Â 875,1.0,8.0,-1.0,1721585,1.0,7,,0.0,2.0,2.0,A01,138Â 211Â 875,1.0
1008596,201900050127,9,24,07:45,2,2,6,1.0,2.0,67267,LORRAINE (RUE DE),M,"48,5635520","7,6884530",67,2019,50.0,1.0,1.0,4.0,2255409,1.0,1,1,2,1.0,,-1.0,0,1980.0,A01,138Â 211Â 875,1.0,8.0,-1.0,1721586,0.0,30,,0.0,2.0,5.0,B01,138Â 211Â 876,1.0
1008596,201900050127,9,24,07:45,2,2,6,1.0,2.0,67267,LORRAINE (RUE DE),M,"48,5635520","7,6884530",67,2019,50.0,1.0,1.0,4.0,2255410,1.0,1,4,1,1.0,,-1.0,0,1983.0,B01,138Â 211Â 876,2.0,8.0,-1.0,1721585,1.0,7,,0.0,2.0,2.0,A01,138Â 211Â 875,1.0
1008596,201900050127,9,24,07:45,2,2,6,1.0,2.0,67267,LORRAINE (RUE DE),M,"48,5635520","7,6884530",67,2019,50.0,1.0,1.0,4.0,2255410,1.0,1,4,1,1.0,,-1.0,0,1983.0,B01,138Â 211Â 876,2.0,8.0,-1.0,1721586,0.0,30,,0.0,2.0,5.0,B01,138Â 211Â 876,1.0
1008597,201900050128,9,24,18:30,1,2,1,1.0,2.0,66136,ALDUY (Paul),M,"42,6803600","2,9031900",66,2019,50.0,1.0,1.0,4.0,2255411,1.0,1,3,1,0.0,,-1.0, -1,1969.0,A01,138Â 211Â 873,2.0,8.0,-1.0,1721587,1.0,43,,0.0,2.0,1.0,A01,138Â 211Â 873,1.0
1008597,201900050128,9,24,18:30,1,2,1,1.0,2.0,66136,ALDUY (Paul),M,"42,6803600","2,9031900",66,2019,50.0,1.0,1.0,4.0,2255411,1.0,1,3,1,0.0,,-1.0, -1,1969.0,A01,138Â 211Â 873,2.0,8.0,-1.0,1721588,1.0,7,,0.0,2.0,4.0,B01,138Â 211Â 874,1.0
1008597,201900050128,9,24,18:30,1,2,1,1.0,2.0,66136,ALDUY (Paul),M,"42,6803600","2,9031900",66,2019,50.0,1.0,1.0,4.0,2255412,1.0,1,1,2,0.0,,-1.0, -1,1967.0,B01,138Â 211Â 874,1.0,8.0,-1.0,1721587,1.0,43,,0.0,2.0,1.0,A01,138Â 211Â 873,1.0
1008597,201900050128,9,24,18:30,1,2,1,1.0,2.0,66136,ALDUY (Paul),M,"42,6803600","2,9031900",66,2019,50.0,1.0,1.0,4.0,2255412,1.0,1,1,2,0.0,,-1.0, -1,1967.0,B01,138Â 211Â 874,1.0,8.0,-1.0,1721588,1.0,7,,0.0,2.0,4.0,B01,138Â 211Â 874,1.0
1008598,201900050129,9,25,21:22,5,2,1,1.0,7.0,64445,LAURIERS DES,M,"43,3013760"," -0,3430220",64,2019,50.0,1.0,1.0,4.0,2255413,1.0,1,4,1,0.0,,0.0,0,1990.0,A01,138Â 211Â 872,1.0,0.0,-1.0,1721589,1.0,7,,1.0,0.0,1.0,A01,138Â 211Â 872,1.0
1008599,201900050130,9,25,08:54,1,2,1,1.0,6.0,63113,VALLIERES (RUE DE),M,"45,7669600","3,0803100",63,2019,50.0,1.0,1.0,4.0,2255414,1.0,1,1,2,0.0,,0.0,0,1969.0,A01,138Â 211Â 871,1.0,0.0,-1.0,1721590,1.0,7,,0.0,1.0,1.0,A01,138Â 211Â 871,1.0
1008599,201900050130,9,25,08:54,1,2,1,1.0,6.0,63113,VALLIERES (RUE DE),M,"45,7669600","3,0803100",63,2019,50.0,1.0,1.0,4.0,2255415,10.0,3,4,1,0.0,,2.0,3,1932.0,A01,138Â 211Â 871,8.0,0.0,-1.0,1721590,1.0,7,,0.0,1.0,1.0,A01,138Â 211Â 871,1.0
1008600,201900050131,9,25,09:01,1,2,1,1.0,6.0,60057,LAVERDURE DU PONT (RUE),M,"49,4264135","2,1034152",60,2019,50.0,1.0,2.0,4.0,2255416,10.0,3,4,2,0.0,,3.0,3,1946.0,A01,138Â 211Â 870,0.0,-1.0,-1.0,1721591,1.0,7,,0.0,1.0,1.0,A01,138Â 211Â 870,1.0
1008600,201900050131,9,25,09:01,1,2,1,1.0,6.0,60057,LAVERDURE DU PONT (RUE),M,"49,4264135","2,1034152",60,2019,50.0,1.0,2.0,4.0,2255417,1.0,1,1,1,0.0,,-1.0,0,1988.0,A01,138Â 211Â 870,1.0,0.0,-1.0,1721591,1.0,7,,0.0,1.0,1.0,A01,138Â 211Â 870,1.0
1008601,201900050132,9,25,17:50,1,2,3,2.0,3.0,59090,PERI (RUE GABRIEL),M,"50,7039500","3,0982300",59,2019,50.0,1.0,2.0,4.0,2255418,1.0,1,3,1,0.0,,-1.0, -1,1956.0,B01,138Â 211Â 868,1.0,0.0,-1.0,1721592,3.0,7,,0.0,2.0,3.0,B01,138Â 211Â 868,1.0
1008601,201900050132,9,25,17:50,1,2,3,2.0,3.0,59090,PERI (RUE GABRIEL),M,"50,7039500","3,0982300",59,2019,50.0,1.0,2.0,4.0,2255418,1.0,1,3,1,0.0,,-1.0, -1,1956.0,B01,138Â 211Â 868,1.0,0.0,-1.0,1721593,3.0,7,,0.0,2.0,6.0,A01,138Â 211Â 869,1.0
1008601,201900050132,9,25,17:50,1,2,3,2.0,3.0,59090,PERI (RUE GABRIEL),M,"50,7039500","3,0982300",59,2019,50.0,1.0,2.0,4.0,2255419,1.0,1,3,1,0.0,,-1.0, -1,1956.0,A01,138Â 211Â 869,8.0,0.0,-1.0,1721592,3.0,7,,0.0,2.0,3.0,B01,138Â 211Â 868,1.0
1008601,201900050132,9,25,17:50,1,2,3,2.0,3.0,59090,PERI (RUE GABRIEL),M,"50,7039500","3,0982300",59,2019,50.0,1.0,2.0,4.0,2255419,1.0,1,3,1,0.0,,-1.0, -1,1956.0,A01,138Â 211Â 869,8.0,0.0,-1.0,1721593,3.0,7,,0.0,2.0,6.0,A01,138Â 211Â 869,1.0
1008602,201900050133,9,24,07:45,1,2,1,8.0,6.0,59178,BREBIERES (RUE DE),M,"50,3634600","3,0676500",59,2019,50.0,3.0,1.0,3.0,2255420,10.0,3,4,2,2.0,,3.0,3,2003.0,A01,138Â 211Â 865,8.0,0.0,-1.0,1721594,2.0,7,,0.0,1.0,1.0,A01,138Â 211Â 865,1.0
1008602,201900050133,9,24,07:45,1,2,1,8.0,6.0,59178,BREBIERES (RUE DE),M,"50,3634600","3,0676500",59,2019,50.0,3.0,1.0,3.0,2255421,1.0,1,1,2,9.0,,-1.0, -1,1956.0,A01,138Â 211Â 865,1.0,0.0,-1.0,1721594,2.0,7,,0.0,1.0,1.0,A01,138Â 211Â 865,1.0
1008603,201900050134,9,25,14:30,1,2,2,1.0,3.0,59122,LISBONNE (RUE DE),M,"50,1621100","3,2610800",59,2019,50.0,1.0,2.0,4.0,2255422,1.0,1,4,2,1.0,,-1.0, -1,1970.0,B01,138Â 211Â 863,1.0,8.0,-1.0,1721595,3.0,7,,0.0,2.0,3.0,B01,138Â 211Â 863,1.0
1008603,201900050134,9,25,14:30,1,2,2,1.0,3.0,59122,LISBONNE (RUE DE),M,"50,1621100","3,2610800",59,2019,50.0,1.0,2.0,4.0,2255422,1.0,1,4,2,1.0,,-1.0, -1,1970.0,B01,138Â 211Â 863,1.0,8.0,-1.0,1721596,3.0,31,,0.0,2.0,1.0,A01,138Â 211Â 864,1.0
1008603,201900050134,9,25,14:30,1,2,2,1.0,3.0,59122,LISBONNE (RUE DE),M,"50,1621100","3,2610800",59,2019,50.0,1.0,2.0,4.0,2255423,1.0,1,4,1,5.0,,-1.0, -1,2003.0,A01,138Â 211Â 864,8.0,0.0,-1.0,1721595,3.0,7,,0.0,2.0,3.0,B01,138Â 211Â 863,1.0
1008603,201900050134,9,25,14:30,1,2,2,1.0,3.0,59122,LISBONNE (RUE DE),M,"50,1621100","3,2610800",59,2019,50.0,1.0,2.0,4.0,2255423,1.0,1,4,1,5.0,,-1.0, -1,2003.0,A01,138Â 211Â 864,8.0,0.0,-1.0,1721596,3.0,31,,0.0,2.0,1.0,A01,138Â 211Â 864,1.0
1008604,201900050135,9,23,14:25,1,2,1,1.0,2.0,57672,ESCH SUR ALZETTE (ROUTE D') - IMPAIR,M,"49,3569000","6,1413300",57,2019,10.0,1.0,1.0,4.0,2255424,1.0,1,1,1,1.0,,-1.0, -1,1951.0,A01,138Â 211Â 861,1.0,0.0,-1.0,1721597,1.0,7,,0.0,6.0,2.0,A01,138Â 211Â 861,1.0
1008604,201900050135,9,23,14:25,1,2,1,1.0,2.0,57672,ESCH SUR ALZETTE (ROUTE D') - IMPAIR,M,"49,3569000","6,1413300",57,2019,10.0,1.0,1.0,4.0,2255424,1.0,1,1,1,1.0,,-1.0, -1,1951.0,A01,138Â 211Â 861,1.0,0.0,-1.0,1721598,1.0,50,,0.0,2.0,1.0,B01,138Â 211Â 862,3.0