Unnamed: 0_x,num_acc,mois,jour,hrmn,lum,agg,int,atm,col,com,adr,gps,lat,long,dep,annee,vma,situ,surf,catr,Unnamed: 0_y,place,catu,grav,sexe,trajet,secu,locp,actp,an_nais,num_veh_x,id_vehicule_x,secu1,secu2,secu3,Unnamed: 0,senc,catv,occutc,obs,obsm,choc,num_veh_y,id_vehicule_y,motor
1008604,201900050135,9,23,14:25,1,2,1,1.0,2.0,57672,ESCH SUR ALZETTE (ROUTE D') - IMPAIR,M,"49,3569000","6,1413300",57,2019,10.0,1.0,1.0,4.0,2255425,1.0,1,3,2,1.0,,-1.0, -1,1988.0,B01,138Â 211Â 862,8.0,0.0,-1.0,1721597,1.0,7,,0.0,6.0,2.0,A01,138Â 211Â 861,1.0
1008604,201900050135,9,23,14:25,1,2,1,1.0,2.0,57672,ESCH SUR ALZETTE (ROUTE D') - IMPAIR,M,"49,3569000","6,1413300",57,2019,10.0,1.0,1.0,4.0,2255425,1.0,1,3,2,1.0,,-1.0, -1,1988.0,B01,138Â 211Â 862,8.0,0.0,-1.0,1721598,1.0,50,,0.0,2.0,1.0,B01,138Â 211Â 862,3.0
1008605,201900050136,9,24,09:50,1,2,1,1.0,2.0,56083,LIBERATION ( AV. DE LA ),M,"47,8043100"," -3,2726600",56,2019,50.0,1.0,2.0,3.0,2255426,1.0,1,4,2,4.0,,0.0,0,1994.0,A01,138Â 211Â 859,1.0,8.0,-1.0,1721599,1.0,7,,0.0,2.0,1.0,A01,138Â 211Â 859,1.0
1008605,201900050136,9,24,09:50,1,2,1,1.0,2.0,56083,LIBERATION ( AV. DE LA ),M,"47,8043100"," -3,2726600",56,2019,50.0,1.0,2.0,3.0,2255426,1.0,1,4,2,4.0,,0.0,0,1994.0,A01,138Â 211Â 859,1.0,8.0,-1.0,1721600,1.0,7,,0.0,2.0,4.0,B01,138Â 211Â 860,1.0
1008605,201900050136,9,24,09:50,1,2,1,1.0,2.0,56083,LIBERATION ( AV. DE LA ),M,"47,8043100"," -3,2726600",56,2019,50.0,1.0,2.0,3.0,2255427,1.0,1,4,1,5.0,,0.0,0,1995.0,B01,138Â 211Â 860,1.0,8.0,-1.0,1721599,1.0,7,,0.0,2.0,1.0,A01,138Â 211Â 859,1.0
1008605,201900050136,9,24,09:50,1,2,1,1.0,2.0,56083,LIBERATION ( AV. DE LA ),M,"47,8043100"," -3,2726600",56,2019,50.0,1.0,2.0,3.0,2255427,1.0,1,4,1,5.0,,0.0,0,1995.0,B01,138Â 211Â 860,1.0,8.0,-1.0,1721600,1.0,7,,0.0,2.0,4.0,B01,138Â 211Â 860,1.0
1008606,201900050137,9,23,19:10,1,1,1,2.0,6.0,56121,RN 165 Kerdual,M,"47,7709200"," -3,3782700",56,2019,70.0,1.0,2.0,2.0,2255428,1.0,1,4,2,4.0,,0.0,0,1999.0,A01,138Â 211Â 858,1.0,8.0,-1.0,1721601,2.0,7,,4.0,0.0,3.0,A01,138Â 211Â 858,1.0
1008607,201900050138,9,20,10:40,1,1,1,1.0,4.0,56098,RN 165 PR 94+295,M,"47,7870000"," -3,3310200",56,2019,90.0,1.0,1.0,2.0,2255429,1.0,1,1,1,4.0,,0.0,0,1975.0,A01,138Â 211Â 855,1.0,8.0,-1.0,1721602,1.0,10,,0.0,2.0,1.0,A01,138Â 211Â 855,1.0
1008607,201900050138,9,20,10:40,1,1,1,1.0,4.0,56098,RN 165 PR 94+295,M,"47,7870000"," -3,3310200",56,2019,90.0,1.0,1.0,2.0,2255429,1.0,1,1,1,4.0,,0.0,0,1975.0,A01,138Â 211Â 855,1.0,8.0,-1.0,1721603,1.0,7,,0.0,2.0,4.0,B01,138Â 211Â 856,1.0
1008607,201900050138,9,20,10:40,1,1,1,1.0,4.0,56098,RN 165 PR 94+295,M,"47,7870000"," -3,3310200",56,2019,90.0,1.0,1.0,2.0,2255429,1.0,1,1,1,4.0,,0.0,0,1975.0,A01,138Â 211Â 855,1.0,8.0,-1.0,1721604,1.0,7,,0.0,2.0,4.0,C01,138Â 211Â 857,1.0
1008607,201900050138,9,20,10:40,1,1,1,1.0,4.0,56098,RN 165 PR 94+295,M,"47,7870000"," -3,3310200",56,2019,90.0,1.0,1.0,2.0,2255430,1.0,1,4,1,4.0,,0.0,0,1985.0,B01,138Â 211Â 856,1.0,8.0,-1.0,1721602,1.0,10,,0.0,2.0,1.0,A01,138Â 211Â 855,1.0
1008607,201900050138,9,20,10:40,1,1,1,1.0,4.0,56098,RN 165 PR 94+295,M,"47,7870000"," -3,3310200",56,2019,90.0,1.0,1.0,2.0,2255430,1.0,1,4,1,4.0,,0.0,0,1985.0,B01,138Â 211Â 856,1.0,8.0,-1.0,1721603,1.0,7,,0.0,2.0,4.0,B01,138Â 211Â 856,1.0
1008607,201900050138,9,20,10:40,1,1,1,1.0,4.0,56098,RN 165 PR 94+295,M,"47,7870000"," -3,3310200",56,2019,90.0,1.0,1.0,2.0,2255430,1.0,1,4,1,4.0,,0.0,0,1985.0,B01,138Â 211Â 856,1.0,8.0,-1.0,1721604,1.0,7,,0.0,2.0,4.0,C01,138Â 211Â 857,1.0
1008607,201900050138,9,20,10:40,1,1,1,1.0,4.0,56098,RN 165 PR 94+295,M,"47,7870000"," -3,3310200",56,2019,90.0,1.0,1.0,2.0,2255431,1.0,1,1,1,4.0,,0.0,0,1992.0,C01,138Â 211Â 857,1.0,8.0,-1.0,1721602,1.0,10,,0.0,2.0,1.0,A01,138Â 211Â 855,1.0
1008607,201900050138,9,20,10:40,1,1,1,1.0,4.0,56098,RN 165 PR 94+295,M,"47,7870000"," -3,3310200",56,2019,90.0,1.0,1.0,2.0,2255431,1.0,1,1,1,4.0,,0.0,0,1992.0,C01,138Â 211Â 857,1.0,8.0,-1.0,1721603,1.0,7,,0.0,2.0,4.0,B01,138Â 211Â 856,1.0
1008607,201900050138,9,20,10:40,1,1,1,1.0,4.0,56098,RN 165 PR 94+295,M,"47,7870000"," -3,3310200",56,2019,90.0,1.0,1.0,2.0,2255431,1.0,1,1,1,4.0,,0.0,0,1992.0,C01,138Â 211Â 857,1.0,8.0,-1.0,1721604,1.0,7,,0.0,2.0,4.0,C01,138Â 211Â 857,1.0
1008608,201900050139,9,22,08:50,1,2,1,1.0,6.0,56162,DUQUESNE (RUE),M,"47,7047300"," -3,3919800",56,2019,30.0,1.0,1.0,4.0,2255432,10.0,3,2,1,5.0,,1.0,9,1953.0,A01,138Â 211Â 854,8.0,0.0,-1.0,1721605,3.0,10,,6.0,1.0,3.0,A01,138Â 211Â 854,1.0
1008609,201900050140,9,25,14:55,1,2,2,2.0,7.0,51454,RUE JACQUART,M,"49,2625979","4,0411418",51,2019,50.0,1.0,2.0,4.0,2255433,10.0,3,4,1,0.0,,3.0,3,1966.0,A01,138Â 211Â 851,0.0,-1.0,-1.0,1721606,3.0,7,,0.0,1.0,1.0,A01,138Â 211Â 851,1.0
1008609,201900050140,9,25,14:55,1,2,2,2.0,7.0,51454,RUE JACQUART,M,"49,2625979","4,0411418",51,2019,50.0,1.0,2.0,4.0,2255434,1.0,1,1,2,5.0,,-1.0,0,1937.0,A01,138Â 211Â 851,8.0,0.0,-1.0,1721606,3.0,7,,0.0,1.0,1.0,A01,138Â 211Â 851,1.0
1008610,201900050141,9,24,15:40,1,2,2,1.0,6.0,49099,CALINS (AVENUE DES),M,"47,0593700"," -0,8739200",49,2019,50.0,1.0,1.0,7.0,2255435,10.0,3,4,1,5.0,,3.0,3,1924.0,A01,138Â 211Â 850,8.0,0.0,-1.0,1721607,1.0,7,,0.0,1.0,3.0,A01,138Â 211Â 850,1.0
1008610,201900050141,9,24,15:40,1,2,2,1.0,6.0,49099,CALINS (AVENUE DES),M,"47,0593700"," -0,8739200",49,2019,50.0,1.0,1.0,7.0,2255436,1.0,1,1,2,3.0,,-1.0,0,1985.0,A01,138Â 211Â 850,1.0,8.0,-1.0,1721607,1.0,7,,0.0,1.0,3.0,A01,138Â 211Â 850,1.0
1008611,201900050142,9,24,11:40,1,2,1,2.0,6.0,49267,A87N,M,"47,4656200"," -0,5162900",49,2019,90.0,1.0,2.0,1.0,2255437,1.0,1,4,2,0.0,,-1.0, -1,1995.0,A01,138Â 211Â 849,1.0,8.0,-1.0,1721608,1.0,7,,4.0,0.0,1.0,A01,138Â 211Â 849,1.0
1008612,201900050143,9,24,23:25,3,2,1,2.0,7.0,49007,JEANNETEAU,M,"47,4960528"," -0,5558771",49,2019,50.0,1.0,2.0,4.0,2255438,1.0,1,4,2,0.0,,-1.0,0,1999.0,A01,138Â 211Â 848,1.0,8.0,-1.0,1721609,1.0,7,,0.0,0.0,9.0,A01,138Â 211Â 848,0.0
1008613,201900050144,9,24,13:00,1,2,1,2.0,5.0,49007,MONTAIGNE AVENUE,M,"47,4704300"," -0,5358100",49,2019,50.0,1.0,2.0,4.0,2255439,1.0,1,4,2,0.0,,-1.0, -1,1998.0,A01,138Â 211Â 845,1.0,8.0,-1.0,1721610,1.0,7,,10.0,0.0,1.0,A01,138Â 211Â 845,1.0
1008613,201900050144,9,24,13:00,1,2,1,2.0,5.0,49007,MONTAIGNE AVENUE,M,"47,4704300"," -0,5358100",49,2019,50.0,1.0,2.0,4.0,2255439,1.0,1,4,2,0.0,,-1.0, -1,1998.0,A01,138Â 211Â 845,1.0,8.0,-1.0,1721611,1.0,7,,0.0,2.0,4.0,B01,138Â 211Â 846,1.0
1008613,201900050144,9,24,13:00,1,2,1,2.0,5.0,49007,MONTAIGNE AVENUE,M,"47,4704300"," -0,5358100",49,2019,50.0,1.0,2.0,4.0,2255439,1.0,1,4,2,0.0,,-1.0, -1,1998.0,A01,138Â 211Â 845,1.0,8.0,-1.0,1721612,1.0,7,,0.0,2.0,1.0,C01,138Â 211Â 847,1.0
1008613,201900050144,9,24,13:00,1,2,1,2.0,5.0,49007,MONTAIGNE AVENUE,M,"47,4704300"," -0,5358100",49,2019,50.0,1.0,2.0,4.0,2255440,1.0,1,1,1,0.0,,-1.0, -1,1979.0,B01,138Â 211Â 846,1.0,0.0,-1.0,1721610,1.0,7,,10.0,0.0,1.0,A01,138Â 211Â 845,1.0
1008613,201900050144,9,24,13:00,1,2,1,2.0,5.0,49007,MONTAIGNE AVENUE,M,"47,4704300"," -0,5358100",49,2019,50.0,1.0,2.0,4.0,2255440,1.0,1,1,1,0.0,,-1.0, -1,1979.0,B01,138Â 211Â 846,1.0,0.0,-1.0,1721611,1.0,7,,0.0,2.0,4.0,B01,138Â 211Â 846,1.0
1008613,201900050144,9,24,13:00,1,2,1,2.0,5.0,49007,MONTAIGNE AVENUE,M,"47,4704300"," -0,5358100",49,2019,50.0,1.0,2.0,4.0,2255440,1.0,1,1,1,0.0,,-1.0, -1,1979.0,B01,138Â 211Â 846,1.0,0.0,-1.0,1721612,1.0,7,,0.0,2.0,1.0,C01,138Â 211Â 847,1.0
1008613,201900050144,9,24,13:00,1,2,1,2.0,5.0,49007,MONTAIGNE AVENUE,M,"47,4704300"," -0,5358100",49,2019,50.0,1.0,2.0,4.0,2255441,1.0,1,4,1,0.0,,-1.0, -1,1969.0,C01,138Â 211Â 847,1.0,0.0,-1.0,1721610,1.0,7,,10.0,0.0,1.0,A01,138Â 211Â 845,1.0
1008613,201900050144,9,24,13:00,1,2,1,2.0,5.0,49007,MONTAIGNE AVENUE,M,"47,4704300"," -0,5358100",49,2019,50.0,1.0,2.0,4.0,2255441,1.0,1,4,1,0.0,,-1.0, -1,1969.0,C01,138Â 211Â 847,1.0,0.0,-1.0,1721611,1.0,7,,0.0,2.0,4.0,B01,138Â 211Â 846,1.0
1008613,201900050144,9,24,13:00,1,2,1,2.0,5.0,49007,MONTAIGNE AVENUE,M,"47,4704300"," -0,5358100",49,2019,50.0,1.0,2.0,4.0,2255441,1.0,1,4,1,0.0,,-1.0, -1,1969.0,C01,138Â 211Â 847,1.0,0.0,-1.0,1721612,1.0,7,,0.0,2.0,1.0,C01,138Â 211Â 847,1.0
1008614,201900050145,9,23,19:02,2,1,9,8.0,4.0,49246,A87N,M,"47,4303500"," -0,5060700",49,2019,90.0,1.0,2.0,1.0,2255442,1.0,1,4,2,9.0,,-1.0,0,1969.0,A01,138Â 211Â 840,1.0,8.0,-1.0,1721613,1.0,7,,14.0,0.0,1.0,A01,138Â 211Â 840,0.0
1008614,201900050145,9,23,19:02,2,1,9,8.0,4.0,49246,A87N,M,"47,4303500"," -0,5060700",49,2019,90.0,1.0,2.0,1.0,2255442,1.0,1,4,2,9.0,,-1.0,0,1969.0,A01,138Â 211Â 840,1.0,8.0,-1.0,1721614,1.0,7,,14.0,0.0,1.0,B01,138Â 211Â 841,0.0
1008614,201900050145,9,23,19:02,2,1,9,8.0,4.0,49246,A87N,M,"47,4303500"," -0,5060700",49,2019,90.0,1.0,2.0,1.0,2255442,1.0,1,4,2,9.0,,-1.0,0,1969.0,A01,138Â 211Â 840,1.0,8.0,-1.0,1721615,1.0,7,,14.0,0.0,1.0,C01,138Â 211Â 842,0.0
1008614,201900050145,9,23,19:02,2,1,9,8.0,4.0,49246,A87N,M,"47,4303500"," -0,5060700",49,2019,90.0,1.0,2.0,1.0,2255442,1.0,1,4,2,9.0,,-1.0,0,1969.0,A01,138Â 211Â 840,1.0,8.0,-1.0,1721616,1.0,7,,14.0,0.0,1.0,D01,138Â 211Â 843,0.0
1008614,201900050145,9,23,19:02,2,1,9,8.0,4.0,49246,A87N,M,"47,4303500"," -0,5060700",49,2019,90.0,1.0,2.0,1.0,2255442,1.0,1,4,2,9.0,,-1.0,0,1969.0,A01,138Â 211Â 840,1.0,8.0,-1.0,1721617,1.0,7,,14.0,0.0,4.0,E01,138Â 211Â 844,0.0
1008614,201900050145,9,23,19:02,2,1,9,8.0,4.0,49246,A87N,M,"47,4303500"," -0,5060700",49,2019,90.0,1.0,2.0,1.0,2255443,1.0,1,4,1,0.0,,-1.0,0,1982.0,B01,138Â 211Â 841,1.0,8.0,-1.0,1721613,1.0,7,,14.0,0.0,1.0,A01,138Â 211Â 840,0.0
1008614,201900050145,9,23,19:02,2,1,9,8.0,4.0,49246,A87N,M,"47,4303500"," -0,5060700",49,2019,90.0,1.0,2.0,1.0,2255443,1.0,1,4,1,0.0,,-1.0,0,1982.0,B01,138Â 211Â 841,1.0,8.0,-1.0,1721614,1.0,7,,14.0,0.0,1.0,B01,138Â 211Â 841,0.0
1008614,201900050145,9,23,19:02,2,1,9,8.0,4.0,49246,A87N,M,"47,4303500"," -0,5060700",49,2019,90.0,1.0,2.0,1.0,2255443,1.0,1,4,1,0.0,,-1.0,0,1982.0,B01,138Â 211Â 841,1.0,8.0,-1.0,1721615,1.0,7,,14.0,0.0,1.0,C01,138Â 211Â 842,0.0
1008614,201900050145,9,23,19:02,2,1,9,8.0,4.0,49246,A87N,M,"47,4303500"," -0,5060700",49,2019,90.0,1.0,2.0,1.0,2255443,1.0,1,4,1,0.0,,-1.0,0,1982.0,B01,138Â 211Â 841,1.0,8.0,-1.0,1721616,1.0,7,,14.0,0.0,1.0,D01,138Â 211Â 843,0.0
1008614,201900050145,9,23,19:02,2,1,9,8.0,4.0,49246,A87N,M,"47,4303500"," -0,5060700",49,2019,90.0,1.0,2.0,1.0,2255443,1.0,1,4,1,0.0,,-1.0,0,1982.0,B01,138Â 211Â 841,1.0,8.0,-1.0,1721617,1.0,7,,14.0,0.0,4.0,E01,138Â 211Â 844,0.0
1008614,201900050145,9,23,19:02,2,1,9,8.0,4.0,49246,A87N,M,"47,4303500"," -0,5060700",49,2019,90.0,1.0,2.0,1.0,2255444,1.0,1,1,2,0.0,,-1.0,0,1994.0,C01,138Â 211Â 842,1.0,8.0,-1.0,1721613,1.0,7,,14.0,0.0,1.0,A01,138Â 211Â 840,0.0
1008614,201900050145,9,23,19:02,2,1,9,8.0,4.0,49246,A87N,M,"47,4303500"," -0,5060700",49,2019,90.0,1.0,2.0,1.0,2255444,1.0,1,1,2,0.0,,-1.0,0,1994.0,C01,138Â 211Â 842,1.0,8.0,-1.0,1721614,1.0,7,,14.0,0.0,1.0,B01,138Â 211Â 841,0.0
1008614,201900050145,9,23,19:02,2,1,9,8.0,4.0,49246,A87N,M,"47,4303500"," -0,5060700",49,2019,90.0,1.0,2.0,1.0,2255444,1.0,1,1,2,0.0,,-1.0,0,1994.0,C01,138Â 211Â 842,1.0,8.0,-1.0,1721615,1.0,7,,14.0,0.0,1.0,C01,138Â 211Â 842,0.0
1008614,201900050145,9,23,19:02,2,1,9,8.0,4.0,49246,A87N,M,"47,4303500"," -0,5060700",49,2019,90.0,1.0,2.0,1.0,2255444,1.0,1,1,2,0.0,,-1.0,0,1994.0,C01,138Â 211Â 842,1.0,8.0,-1.0,1721616,1.0,7,,14.0,0.0,1.0,D01,138Â 211Â 843,0.0
1008614,201900050145,9,23,19:02,2,1,9,8.0,4.0,49246,A87N,M,"47,4303500"," -0,5060700",49,2019,90.0,1.0,2.0,1.0,2255444,1.0,1,1,2,0.0,,-1.0,0,1994.0,C01,138Â 211Â 842,1.0,8.0,-1.0,1721617,1.0,7,,14.0,0.0,4.0,E01,138Â 211Â 844,0.0
1008614,201900050145,9,23,19:02,2,1,9,8.0,4.0,49246,A87N,M,"47,4303500"," -0,5060700",49,2019,90.0,1.0,2.0,1.0,2255445,1.0,1,4,2,0.0,,-1.0, -1,1973.0,D01,138Â 211Â 843,1.0,8.0,-1.0,1721613,1.0,7,,14.0,0.0,1.0,A01,138Â 211Â 840,0.0
1008614,201900050145,9,23,19:02,2,1,9,8.0,4.0,49246,A87N,M,"47,4303500"," -0,5060700",49,2019,90.0,1.0,2.0,1.0,2255445,1.0,1,4,2,0.0,,-1.0, -1,1973.0,D01,138Â 211Â 843,1.0,8.0,-1.0,1721614,1.0,7,,14.0,0.0,1.0,B01,138Â 211Â 841,0.0
1008614,201900050145,9,23,19:02,2,1,9,8.0,4.0,49246,A87N,M,"47,4303500"," -0,5060700",49,2019,90.0,1.0,2.0,1.0,2255445,1.0,1,4,2,0.0,,-1.0, -1,1973.0,D01,138Â 211Â 843,1.0,8.0,-1.0,1721615,1.0,7,,14.0,0.0,1.0,C01,138Â 211Â 842,0.0
1008614,201900050145,9,23,19:02,2,1,9,8.0,4.0,49246,A87N,M,"47,4303500"," -0,5060700",49,2019,90.0,1.0,2.0,1.0,2255445,1.0,1,4,2,0.0,,-1.0, -1,1973.0,D01,138Â 211Â 843,1.0,8.0,-1.0,1721616,1.0,7,,14.0,0.0,1.0,D01,138Â 211Â 843,0.0
1008614,201900050145,9,23,19:02,2,1,9,8.0,4.0,49246,A87N,M,"47,4303500"," -0,5060700",49,2019,90.0,1.0,2.0,1.0,2255445,1.0,1,4,2,0.0,,-1.0, -1,1973.0,D01,138Â 211Â 843,1.0,8.0,-1.0,1721617,1.0,7,,14.0,0.0,4.0,E01,138Â 211Â 844,0.0
1008614,201900050145,9,23,19:02,2,1,9,8.0,4.0,49246,A87N,M,"47,4303500"," -0,5060700",49,2019,90.0,1.0,2.0,1.0,2255446,1.0,1,1,1,0.0,,-1.0,0,1973.0,E01,138Â 211Â 844,1.0,8.0,-1.0,1721613,1.0,7,,14.0,0.0,1.0,A01,138Â 211Â 840,0.0
1008614,201900050145,9,23,19:02,2,1,9,8.0,4.0,49246,A87N,M,"47,4303500"," -0,5060700",49,2019,90.0,1.0,2.0,1.0,2255446,1.0,1,1,1,0.0,,-1.0,0,1973.0,E01,138Â 211Â 844,1.0,8.0,-1.0,1721614,1.0,7,,14.0,0.0,1.0,B01,138Â 211Â 841,0.0
1008614,201900050145,9,23,19:02,2,1,9,8.0,4.0,49246,A87N,M,"47,4303500"," -0,5060700",49,2019,90.0,1.0,2.0,1.0,2255446,1.0,1,1,1,0.0,,-1.0,0,1973.0,E01,138Â 211Â 844,1.0,8.0,-1.0,1721615,1.0,7,,14.0,0.0,1.0,C01,138Â 211Â 842,0.0
1008614,201900050145,9,23,19:02,2,1,9,8.0,4.0,49246,A87N,M,"47,4303500"," -0,5060700",49,2019,90.0,1.0,2.0,1.0,2255446,1.0,1,1,1,0.0,,-1.0,0,1973.0,E01,138Â 211Â 844,1.0,8.0,-1.0,1721616,1.0,7,,14.0,0.0,1.0,D01,138Â 211Â 843,0.0
1008614,201900050145,9,23,19:02,2,1,9,8.0,4.0,49246,A87N,M,"47,4303500"," -0,5060700",49,2019,90.0,1.0,2.0,1.0,2255446,1.0,1,1,1,0.0,,-1.0,0,1973.0,E01,138Â 211Â 844,1.0,8.0,-1.0,1721617,1.0,7,,14.0,0.0,4.0,E01,138Â 211Â 844,0.0
1008615,201900050146,9,23,08:00,1,1,1,2.0,5.0,49015,RD 106,M,"47,5012300"," -0,6209700",49,2019,50.0,1.0,1.0,3.0,2255447,1.0,1,1,1,0.0,,-1.0,0,1991.0,C01,138Â 211Â 837,1.0,8.0,-1.0,1721618,1.0,7,,0.0,2.0,4.0,C01,138Â 211Â 837,0.0
1008615,201900050146,9,23,08:00,1,1,1,2.0,5.0,49015,RD 106,M,"47,5012300"," -0,6209700",49,2019,50.0,1.0,1.0,3.0,2255447,1.0,1,1,1,0.0,,-1.0,0,1991.0,C01,138Â 211Â 837,1.0,8.0,-1.0,1721619,1.0,7,,0.0,2.0,4.0,B01,138Â 211Â 838,0.0
1008615,201900050146,9,23,08:00,1,1,1,2.0,5.0,49015,RD 106,M,"47,5012300"," -0,6209700",49,2019,50.0,1.0,1.0,3.0,2255447,1.0,1,1,1,0.0,,-1.0,0,1991.0,C01,138Â 211Â 837,1.0,8.0,-1.0,1721620,1.0,14,,0.0,2.0,1.0,A01,138Â 211Â 839,0.0
1008615,201900050146,9,23,08:00,1,1,1,2.0,5.0,49015,RD 106,M,"47,5012300"," -0,6209700",49,2019,50.0,1.0,1.0,3.0,2255448,1.0,1,4,1,0.0,,-1.0,0,1987.0,B01,138Â 211Â 838,1.0,8.0,-1.0,1721618,1.0,7,,0.0,2.0,4.0,C01,138Â 211Â 837,0.0
1008615,201900050146,9,23,08:00,1,1,1,2.0,5.0,49015,RD 106,M,"47,5012300"," -0,6209700",49,2019,50.0,1.0,1.0,3.0,2255448,1.0,1,4,1,0.0,,-1.0,0,1987.0,B01,138Â 211Â 838,1.0,8.0,-1.0,1721619,1.0,7,,0.0,2.0,4.0,B01,138Â 211Â 838,0.0
1008615,201900050146,9,23,08:00,1,1,1,2.0,5.0,49015,RD 106,M,"47,5012300"," -0,6209700",49,2019,50.0,1.0,1.0,3.0,2255448,1.0,1,4,1,0.0,,-1.0,0,1987.0,B01,138Â 211Â 838,1.0,8.0,-1.0,1721620,1.0,14,,0.0,2.0,1.0,A01,138Â 211Â 839,0.0
1008615,201900050146,9,23,08:00,1,1,1,2.0,5.0,49015,RD 106,M,"47,5012300"," -0,6209700",49,2019,50.0,1.0,1.0,3.0,2255449,1.0,1,1,1,0.0,,-1.0,0,1995.0,A01,138Â 211Â 839,1.0,8.0,-1.0,1721618,1.0,7,,0.0,2.0,4.0,C01,138Â 211Â 837,0.0
1008615,201900050146,9,23,08:00,1,1,1,2.0,5.0,49015,RD 106,M,"47,5012300"," -0,6209700",49,2019,50.0,1.0,1.0,3.0,2255449,1.0,1,1,1,0.0,,-1.0,0,1995.0,A01,138Â 211Â 839,1.0,8.0,-1.0,1721619,1.0,7,,0.0,2.0,4.0,B01,138Â 211Â 838,0.0
1008615,201900050146,9,23,08:00,1,1,1,2.0,5.0,49015,RD 106,M,"47,5012300"," -0,6209700",49,2019,50.0,1.0,1.0,3.0,2255449,1.0,1,1,1,0.0,,-1.0,0,1995.0,A01,138Â 211Â 839,1.0,8.0,-1.0,1721620,1.0,14,,0.0,2.0,1.0,A01,138Â 211Â 839,0.0
1008616,201900050147,9,25,15:10,1,1,1,2.0,1.0,44162,BOULEVARD PROFESSEUR JACQUES MONOD,M,"47,2481000"," -1,6346700",44,2019,50.0,1.0,2.0,7.0,2255450,1.0,1,1,1,9.0,,-1.0, -1,1974.0,B01,138Â 211Â 835,1.0,0.0,-1.0,1721621,0.0,7,,0.0,2.0,1.0,B01,138Â 211Â 835,1.0
1008616,201900050147,9,25,15:10,1,1,1,2.0,1.0,44162,BOULEVARD PROFESSEUR JACQUES MONOD,M,"47,2481000"," -1,6346700",44,2019,50.0,1.0,2.0,7.0,2255450,1.0,1,1,1,9.0,,-1.0, -1,1974.0,B01,138Â 211Â 835,1.0,0.0,-1.0,1721622,0.0,7,,14.0,2.0,1.0,A01,138Â 211Â 836,1.0
1008616,201900050147,9,25,15:10,1,1,1,2.0,1.0,44162,BOULEVARD PROFESSEUR JACQUES MONOD,M,"47,2481000"," -1,6346700",44,2019,50.0,1.0,2.0,7.0,2255451,1.0,1,3,1,0.0,,-1.0, -1,1988.0,A01,138Â 211Â 836,8.0,0.0,-1.0,1721621,0.0,7,,0.0,2.0,1.0,B01,138Â 211Â 835,1.0
1008616,201900050147,9,25,15:10,1,1,1,2.0,1.0,44162,BOULEVARD PROFESSEUR JACQUES MONOD,M,"47,2481000"," -1,6346700",44,2019,50.0,1.0,2.0,7.0,2255451,1.0,1,3,1,0.0,,-1.0, -1,1988.0,A01,138Â 211Â 836,8.0,0.0,-1.0,1721622,0.0,7,,14.0,2.0,1.0,A01,138Â 211Â 836,1.0
1008617,201900050148,9,25,12:45,5,2,3,2.0,3.0,44162,bd massacre/tolÃ¨de,M,"47,2334260"," -1,5901750",44,2019,50.0,1.0,2.0,4.0,2255452,1.0,1,4,2,1.0,,-1.0,0,1976.0,A01,138Â 211Â 833,1.0,0.0,-1.0,1721623,0.0,7,,0.0,2.0,8.0,A01,138Â 211Â 833,1.0
1008617,201900050148,9,25,12:45,5,2,3,2.0,3.0,44162,bd massacre/tolÃ¨de,M,"47,2334260"," -1,5901750",44,2019,50.0,1.0,2.0,4.0,2255452,1.0,1,4,2,1.0,,-1.0,0,1976.0,A01,138Â 211Â 833,1.0,0.0,-1.0,1721624,0.0,33,,0.0,2.0,1.0,B01,138Â 211Â 834,1.0
1008617,201900050148,9,25,12:45,5,2,3,2.0,3.0,44162,bd massacre/tolÃ¨de,M,"47,2334260"," -1,5901750",44,2019,50.0,1.0,2.0,4.0,2255453,1.0,1,3,1,0.0,,-1.0,0,1967.0,B01,138Â 211Â 834,2.0,0.0,-1.0,1721623,0.0,7,,0.0,2.0,8.0,A01,138Â 211Â 833,1.0
1008617,201900050148,9,25,12:45,5,2,3,2.0,3.0,44162,bd massacre/tolÃ¨de,M,"47,2334260"," -1,5901750",44,2019,50.0,1.0,2.0,4.0,2255453,1.0,1,3,1,0.0,,-1.0,0,1967.0,B01,138Â 211Â 834,2.0,0.0,-1.0,1721624,0.0,33,,0.0,2.0,1.0,B01,138Â 211Â 834,1.0
1008618,201900050149,9,22,09:50,1,2,1,1.0,3.0,44055,ANDRÃ ( ESPLANADE FRANÃOIS ),M,"47,2812275"," -2,4038483",44,2019,50.0,1.0,1.0,4.0,2255454,1.0,1,1,1,1.0,,-1.0,0,1968.0,A01,138Â 211Â 831,1.0,8.0,-1.0,1721625,1.0,10,,0.0,2.0,3.0,A01,138Â 211Â 831,1.0
1008618,201900050149,9,22,09:50,1,2,1,1.0,3.0,44055,ANDRÃ ( ESPLANADE FRANÃOIS ),M,"47,2812275"," -2,4038483",44,2019,50.0,1.0,1.0,4.0,2255454,1.0,1,1,1,1.0,,-1.0,0,1968.0,A01,138Â 211Â 831,1.0,8.0,-1.0,1721626,1.0,2,,0.0,2.0,7.0,B01,138Â 211Â 832,1.0
1008618,201900050149,9,22,09:50,1,2,1,1.0,3.0,44055,ANDRÃ ( ESPLANADE FRANÃOIS ),M,"47,2812275"," -2,4038483",44,2019,50.0,1.0,1.0,4.0,2255455,1.0,1,3,1,1.0,,-1.0,0,1988.0,B01,138Â 211Â 832,2.0,8.0,-1.0,1721625,1.0,10,,0.0,2.0,3.0,A01,138Â 211Â 831,1.0