Unnamed: 0_x,num_acc,mois,jour,hrmn,lum,agg,int,atm,col,com,adr,gps,lat,long,dep,annee,vma,situ,surf,catr,Unnamed: 0_y,place,catu,grav,sexe,trajet,secu,locp,actp,an_nais,num_veh_x,id_vehicule_x,secu1,secu2,secu3,Unnamed: 0,senc,catv,occutc,obs,obsm,choc,num_veh_y,id_vehicule_y,motor
1008618,201900050149,9,22,09:50,1,2,1,1.0,3.0,44055,ANDRÃ ( ESPLANADE FRANÃOIS ),M,"47,2812275"," -2,4038483",44,2019,50.0,1.0,1.0,4.0,2255455,1.0,1,3,1,1.0,,-1.0,0,1988.0,B01,138Â 211Â 832,2.0,8.0,-1.0,1721626,1.0,2,,0.0,2.0,7.0,B01,138Â 211Â 832,1.0
1008619,201900050150,9,25,20:20,5,2,1,2.0,3.0,41018,VENDOME (AVENUE DE),M,"47,5967400","1,3259900",41,2019,50.0,1.0,2.0,4.0,2255456,1.0,1,4,2,2.0,,0.0, -1,1956.0,B01,138Â 211Â 829,1.0,0.0,-1.0,1721627,1.0,7,,0.0,2.0,1.0,B01,138Â 211Â 829,1.0
1008619,201900050150,9,25,20:20,5,2,1,2.0,3.0,41018,VENDOME (AVENUE DE),M,"47,5967400","1,3259900",41,2019,50.0,1.0,2.0,4.0,2255456,1.0,1,4,2,2.0,,0.0, -1,1956.0,B01,138Â 211Â 829,1.0,0.0,-1.0,1721628,1.0,33,,0.0,2.0,1.0,A01,138Â 211Â 830,1.0
1008619,201900050150,9,25,20:20,5,2,1,2.0,3.0,41018,VENDOME (AVENUE DE),M,"47,5967400","1,3259900",41,2019,50.0,1.0,2.0,4.0,2255457,2.0,2,1,2,0.0,,0.0, -1,2019.0,B01,138Â 211Â 829,1.0,0.0,-1.0,1721627,1.0,7,,0.0,2.0,1.0,B01,138Â 211Â 829,1.0
1008619,201900050150,9,25,20:20,5,2,1,2.0,3.0,41018,VENDOME (AVENUE DE),M,"47,5967400","1,3259900",41,2019,50.0,1.0,2.0,4.0,2255457,2.0,2,1,2,0.0,,0.0, -1,2019.0,B01,138Â 211Â 829,1.0,0.0,-1.0,1721628,1.0,33,,0.0,2.0,1.0,A01,138Â 211Â 830,1.0
1008619,201900050150,9,25,20:20,5,2,1,2.0,3.0,41018,VENDOME (AVENUE DE),M,"47,5967400","1,3259900",41,2019,50.0,1.0,2.0,4.0,2255458,1.0,1,4,1,1.0,,0.0, -1,1960.0,A01,138Â 211Â 830,2.0,6.0,-1.0,1721627,1.0,7,,0.0,2.0,1.0,B01,138Â 211Â 829,1.0
1008619,201900050150,9,25,20:20,5,2,1,2.0,3.0,41018,VENDOME (AVENUE DE),M,"47,5967400","1,3259900",41,2019,50.0,1.0,2.0,4.0,2255458,1.0,1,4,1,1.0,,0.0, -1,1960.0,A01,138Â 211Â 830,2.0,6.0,-1.0,1721628,1.0,33,,0.0,2.0,1.0,A01,138Â 211Â 830,1.0
1008620,201900050151,9,25,22:05,5,2,3,1.0,3.0,37261,VAILLANT (RUE EDOUARD),M,"47,3842400","0,7012700",37,2019,50.0,1.0,2.0,4.0,2255459,1.0,1,4,1,1.0,,-1.0,0,1995.0,A01,138Â 211Â 827,2.0,8.0,-1.0,1721629,2.0,2,,0.0,2.0,1.0,A01,138Â 211Â 827,3.0
1008620,201900050151,9,25,22:05,5,2,3,1.0,3.0,37261,VAILLANT (RUE EDOUARD),M,"47,3842400","0,7012700",37,2019,50.0,1.0,2.0,4.0,2255459,1.0,1,4,1,1.0,,-1.0,0,1995.0,A01,138Â 211Â 827,2.0,8.0,-1.0,1721630,3.0,7,,0.0,2.0,6.0,B01,138Â 211Â 828,1.0
1008620,201900050151,9,25,22:05,5,2,3,1.0,3.0,37261,VAILLANT (RUE EDOUARD),M,"47,3842400","0,7012700",37,2019,50.0,1.0,2.0,4.0,2255460,1.0,1,1,1,5.0,,-1.0,0,1988.0,B01,138Â 211Â 828,1.0,8.0,-1.0,1721629,2.0,2,,0.0,2.0,1.0,A01,138Â 211Â 827,3.0
1008620,201900050151,9,25,22:05,5,2,3,1.0,3.0,37261,VAILLANT (RUE EDOUARD),M,"47,3842400","0,7012700",37,2019,50.0,1.0,2.0,4.0,2255460,1.0,1,1,1,5.0,,-1.0,0,1988.0,B01,138Â 211Â 828,1.0,8.0,-1.0,1721630,3.0,7,,0.0,2.0,6.0,B01,138Â 211Â 828,1.0
1008621,201900050152,9,24,05:56,5,2,3,2.0,7.0,37261,MANS (AVENUE DU),M,"47,4097000","0,6796200",37,2019,50.0,1.0,2.0,4.0,2255461,1.0,1,4,2,1.0,,-1.0,0,1999.0,A01,138Â 211Â 826,2.0,6.0,-1.0,1721631,1.0,41,,0.0,0.0,0.0,A01,138Â 211Â 826,1.0
1008622,201900050153,9,25,19:10,2,2,6,2.0,3.0,35238,VOIE DE LA LIBERTE,M,"48,0825702"," -1,6404331",35,2019,50.0,1.0,2.0,3.0,2255462,1.0,1,1,1,2.0,,-1.0,0,1996.0,B01,138Â 211Â 824,1.0,0.0,-1.0,1721632,1.0,7,,0.0,2.0,3.0,B01,138Â 211Â 824,1.0
1008622,201900050153,9,25,19:10,2,2,6,2.0,3.0,35238,VOIE DE LA LIBERTE,M,"48,0825702"," -1,6404331",35,2019,50.0,1.0,2.0,3.0,2255462,1.0,1,1,1,2.0,,-1.0,0,1996.0,B01,138Â 211Â 824,1.0,0.0,-1.0,1721633,1.0,7,,0.0,2.0,5.0,A01,138Â 211Â 825,1.0
1008622,201900050153,9,25,19:10,2,2,6,2.0,3.0,35238,VOIE DE LA LIBERTE,M,"48,0825702"," -1,6404331",35,2019,50.0,1.0,2.0,3.0,2255463,1.0,1,4,2,9.0,,-1.0,0,1997.0,A01,138Â 211Â 825,1.0,0.0,-1.0,1721632,1.0,7,,0.0,2.0,3.0,B01,138Â 211Â 824,1.0
1008622,201900050153,9,25,19:10,2,2,6,2.0,3.0,35238,VOIE DE LA LIBERTE,M,"48,0825702"," -1,6404331",35,2019,50.0,1.0,2.0,3.0,2255463,1.0,1,4,2,9.0,,-1.0,0,1997.0,A01,138Â 211Â 825,1.0,0.0,-1.0,1721633,1.0,7,,0.0,2.0,5.0,A01,138Â 211Â 825,1.0
1008623,201900050154,9,24,11:00,1,2,3,1.0,3.0,35238,ALBERT 1ER (BD),M,"48,0900800"," -1,6910000",35,2019,30.0,1.0,2.0,4.0,2255464,1.0,1,4,1,9.0,,-1.0,0,1954.0,B01,138Â 211Â 822,8.0,0.0,-1.0,1721634,3.0,1,,0.0,2.0,7.0,B01,138Â 211Â 822,0.0
1008623,201900050154,9,24,11:00,1,2,3,1.0,3.0,35238,ALBERT 1ER (BD),M,"48,0900800"," -1,6910000",35,2019,30.0,1.0,2.0,4.0,2255464,1.0,1,4,1,9.0,,-1.0,0,1954.0,B01,138Â 211Â 822,8.0,0.0,-1.0,1721635,3.0,10,,0.0,2.0,1.0,A01,138Â 211Â 823,1.0
1008623,201900050154,9,24,11:00,1,2,3,1.0,3.0,35238,ALBERT 1ER (BD),M,"48,0900800"," -1,6910000",35,2019,30.0,1.0,2.0,4.0,2255465,1.0,1,1,1,4.0,,-1.0,0,1971.0,A01,138Â 211Â 823,1.0,0.0,-1.0,1721634,3.0,1,,0.0,2.0,7.0,B01,138Â 211Â 822,0.0
1008623,201900050154,9,24,11:00,1,2,3,1.0,3.0,35238,ALBERT 1ER (BD),M,"48,0900800"," -1,6910000",35,2019,30.0,1.0,2.0,4.0,2255465,1.0,1,1,1,4.0,,-1.0,0,1971.0,A01,138Â 211Â 823,1.0,0.0,-1.0,1721635,3.0,10,,0.0,2.0,1.0,A01,138Â 211Â 823,1.0
1008624,201900050155,9,23,17:15,1,2,1,8.0,3.0,35238,SAINT-MALO (RUE DE),M,"48,1253060"," -1,6854170",35,2019,50.0,1.0,2.0,9.0,2255466,2.0,1,4,1,0.0,,-1.0, -1,1997.0,A01,138Â 211Â 820,2.0,6.0,-1.0,1721636,2.0,33,,0.0,2.0,1.0,A01,138Â 211Â 820,1.0
1008624,201900050155,9,23,17:15,1,2,1,8.0,3.0,35238,SAINT-MALO (RUE DE),M,"48,1253060"," -1,6854170",35,2019,50.0,1.0,2.0,9.0,2255466,2.0,1,4,1,0.0,,-1.0, -1,1997.0,A01,138Â 211Â 820,2.0,6.0,-1.0,1721637,2.0,7,,0.0,2.0,0.0,B01,138Â 211Â 821,0.0
1008625,201900050156,9,24,08:30,1,2,1,3.0,6.0,35051,METAIRIES (BOULEVARD DES),M,"48,1222390"," -1,6002710",35,2019,50.0,1.0,2.0,4.0,2255467,1.0,1,1,1,1.0,,-1.0, -1,1977.0,A01,138Â 211Â 819,1.0,0.0,-1.0,1721638,3.0,7,,0.0,1.0,2.0,A01,138Â 211Â 819,3.0
1008625,201900050156,9,24,08:30,1,2,1,3.0,6.0,35051,METAIRIES (BOULEVARD DES),M,"48,1222390"," -1,6002710",35,2019,50.0,1.0,2.0,4.0,2255468,10.0,3,4,1,2.0,,2.0,3,2008.0,A01,138Â 211Â 819,8.0,0.0,-1.0,1721638,3.0,7,,0.0,1.0,2.0,A01,138Â 211Â 819,3.0
1008626,201900050157,9,25,18:38,2,2,1,3.0,6.0,33529,BERANGER (CH. DE),M,"44,6198100"," -1,1402200",33,2019,50.0,1.0,2.0,4.0,2255469,1.0,1,4,1,0.0,,-1.0, -1,1979.0,A01,138Â 211Â 818,1.0,0.0,-1.0,1721639,0.0,7,,8.0,0.0,1.0,A01,138Â 211Â 818,1.0
1008627,201900050158,9,24,16:30,1,2,1,1.0,6.0,31555,RUE DE LA MARTINIQUE,M,"43,5804600","1,4112000",31,2019,50.0,1.0,1.0,4.0,2255470,10.0,3,4,1,0.0,,2.0,5,2010.0,A01,138Â 211Â 817,8.0,0.0,-1.0,1721640,1.0,7,,0.0,1.0,1.0,A01,138Â 211Â 817,1.0
1008627,201900050158,9,24,16:30,1,2,1,1.0,6.0,31555,RUE DE LA MARTINIQUE,M,"43,5804600","1,4112000",31,2019,50.0,1.0,1.0,4.0,2255471,1.0,1,1,1,5.0,,0.0,0,1957.0,A01,138Â 211Â 817,1.0,0.0,-1.0,1721640,1.0,7,,0.0,1.0,1.0,A01,138Â 211Â 817,1.0
1008628,201900050159,9,25,18:51,2,1,1,2.0,4.0,29019,RN 12,M,"48,4224200"," -4,4771500",29,2019,90.0,1.0,2.0,3.0,2255472,1.0,1,4,2,1.0,,-1.0,0,1990.0,C01,138Â 211Â 814,1.0,0.0,-1.0,1721641,1.0,7,,0.0,2.0,5.0,C01,138Â 211Â 814,1.0
1008628,201900050159,9,25,18:51,2,1,1,2.0,4.0,29019,RN 12,M,"48,4224200"," -4,4771500",29,2019,90.0,1.0,2.0,3.0,2255472,1.0,1,4,2,1.0,,-1.0,0,1990.0,C01,138Â 211Â 814,1.0,0.0,-1.0,1721642,1.0,7,,0.0,2.0,5.0,B01,138Â 211Â 815,1.0
1008628,201900050159,9,25,18:51,2,1,1,2.0,4.0,29019,RN 12,M,"48,4224200"," -4,4771500",29,2019,90.0,1.0,2.0,3.0,2255472,1.0,1,4,2,1.0,,-1.0,0,1990.0,C01,138Â 211Â 814,1.0,0.0,-1.0,1721643,1.0,7,,0.0,2.0,1.0,A01,138Â 211Â 816,1.0
1008628,201900050159,9,25,18:51,2,1,1,2.0,4.0,29019,RN 12,M,"48,4224200"," -4,4771500",29,2019,90.0,1.0,2.0,3.0,2255473,1.0,1,1,1,5.0,,-1.0,0,1999.0,B01,138Â 211Â 815,1.0,0.0,-1.0,1721641,1.0,7,,0.0,2.0,5.0,C01,138Â 211Â 814,1.0
1008628,201900050159,9,25,18:51,2,1,1,2.0,4.0,29019,RN 12,M,"48,4224200"," -4,4771500",29,2019,90.0,1.0,2.0,3.0,2255473,1.0,1,1,1,5.0,,-1.0,0,1999.0,B01,138Â 211Â 815,1.0,0.0,-1.0,1721642,1.0,7,,0.0,2.0,5.0,B01,138Â 211Â 815,1.0
1008628,201900050159,9,25,18:51,2,1,1,2.0,4.0,29019,RN 12,M,"48,4224200"," -4,4771500",29,2019,90.0,1.0,2.0,3.0,2255473,1.0,1,1,1,5.0,,-1.0,0,1999.0,B01,138Â 211Â 815,1.0,0.0,-1.0,1721643,1.0,7,,0.0,2.0,1.0,A01,138Â 211Â 816,1.0
1008628,201900050159,9,25,18:51,2,1,1,2.0,4.0,29019,RN 12,M,"48,4224200"," -4,4771500",29,2019,90.0,1.0,2.0,3.0,2255474,2.0,2,4,1,5.0,,-1.0,0,2001.0,B01,138Â 211Â 815,1.0,0.0,-1.0,1721641,1.0,7,,0.0,2.0,5.0,C01,138Â 211Â 814,1.0
1008628,201900050159,9,25,18:51,2,1,1,2.0,4.0,29019,RN 12,M,"48,4224200"," -4,4771500",29,2019,90.0,1.0,2.0,3.0,2255474,2.0,2,4,1,5.0,,-1.0,0,2001.0,B01,138Â 211Â 815,1.0,0.0,-1.0,1721642,1.0,7,,0.0,2.0,5.0,B01,138Â 211Â 815,1.0
1008628,201900050159,9,25,18:51,2,1,1,2.0,4.0,29019,RN 12,M,"48,4224200"," -4,4771500",29,2019,90.0,1.0,2.0,3.0,2255474,2.0,2,4,1,5.0,,-1.0,0,2001.0,B01,138Â 211Â 815,1.0,0.0,-1.0,1721643,1.0,7,,0.0,2.0,1.0,A01,138Â 211Â 816,1.0
1008628,201900050159,9,25,18:51,2,1,1,2.0,4.0,29019,RN 12,M,"48,4224200"," -4,4771500",29,2019,90.0,1.0,2.0,3.0,2255475,3.0,2,4,2,5.0,,-1.0,0,2001.0,B01,138Â 211Â 815,1.0,0.0,-1.0,1721641,1.0,7,,0.0,2.0,5.0,C01,138Â 211Â 814,1.0
1008628,201900050159,9,25,18:51,2,1,1,2.0,4.0,29019,RN 12,M,"48,4224200"," -4,4771500",29,2019,90.0,1.0,2.0,3.0,2255475,3.0,2,4,2,5.0,,-1.0,0,2001.0,B01,138Â 211Â 815,1.0,0.0,-1.0,1721642,1.0,7,,0.0,2.0,5.0,B01,138Â 211Â 815,1.0
1008628,201900050159,9,25,18:51,2,1,1,2.0,4.0,29019,RN 12,M,"48,4224200"," -4,4771500",29,2019,90.0,1.0,2.0,3.0,2255475,3.0,2,4,2,5.0,,-1.0,0,2001.0,B01,138Â 211Â 815,1.0,0.0,-1.0,1721643,1.0,7,,0.0,2.0,1.0,A01,138Â 211Â 816,1.0
1008628,201900050159,9,25,18:51,2,1,1,2.0,4.0,29019,RN 12,M,"48,4224200"," -4,4771500",29,2019,90.0,1.0,2.0,3.0,2255476,1.0,1,1,1,5.0,,-1.0,0,1989.0,A01,138Â 211Â 816,1.0,0.0,-1.0,1721641,1.0,7,,0.0,2.0,5.0,C01,138Â 211Â 814,1.0
1008628,201900050159,9,25,18:51,2,1,1,2.0,4.0,29019,RN 12,M,"48,4224200"," -4,4771500",29,2019,90.0,1.0,2.0,3.0,2255476,1.0,1,1,1,5.0,,-1.0,0,1989.0,A01,138Â 211Â 816,1.0,0.0,-1.0,1721642,1.0,7,,0.0,2.0,5.0,B01,138Â 211Â 815,1.0
1008628,201900050159,9,25,18:51,2,1,1,2.0,4.0,29019,RN 12,M,"48,4224200"," -4,4771500",29,2019,90.0,1.0,2.0,3.0,2255476,1.0,1,1,1,5.0,,-1.0,0,1989.0,A01,138Â 211Â 816,1.0,0.0,-1.0,1721643,1.0,7,,0.0,2.0,1.0,A01,138Â 211Â 816,1.0
1008629,201900050160,9,24,15:20,1,2,1,2.0,6.0,19272,Henri de Bournazel (Av),M,"45,2695900","1,7680400",19,2019,50.0,1.0,2.0,7.0,2255477,1.0,1,4,1,1.0,,-1.0, -1,1997.0,A01,138Â 211Â 811,1.0,0.0,-1.0,1721644,2.0,7,,13.0,0.0,3.0,A01,138Â 211Â 811,1.0
1008630,201900050161,9,24,17:50,1,2,3,1.0,3.0,19031,MAILLARD (AVENUE),M,"45,1658700","1,5400800",19,2019,50.0,1.0,1.0,4.0,2255478,1.0,1,1,1,9.0,,-1.0, -1,1953.0,B01,138Â 211Â 809,1.0,0.0,-1.0,1721645,1.0,10,,0.0,2.0,1.0,B01,138Â 211Â 809,1.0
1008630,201900050161,9,24,17:50,1,2,3,1.0,3.0,19031,MAILLARD (AVENUE),M,"45,1658700","1,5400800",19,2019,50.0,1.0,1.0,4.0,2255478,1.0,1,1,1,9.0,,-1.0, -1,1953.0,B01,138Â 211Â 809,1.0,0.0,-1.0,1721646,1.0,7,,0.0,2.0,3.0,A01,138Â 211Â 810,1.0
1008630,201900050161,9,24,17:50,1,2,3,1.0,3.0,19031,MAILLARD (AVENUE),M,"45,1658700","1,5400800",19,2019,50.0,1.0,1.0,4.0,2255479,3.0,2,4,1,9.0,,-1.0, -1,2012.0,A01,138Â 211Â 810,1.0,0.0,-1.0,1721645,1.0,10,,0.0,2.0,1.0,B01,138Â 211Â 809,1.0
1008630,201900050161,9,24,17:50,1,2,3,1.0,3.0,19031,MAILLARD (AVENUE),M,"45,1658700","1,5400800",19,2019,50.0,1.0,1.0,4.0,2255479,3.0,2,4,1,9.0,,-1.0, -1,2012.0,A01,138Â 211Â 810,1.0,0.0,-1.0,1721646,1.0,7,,0.0,2.0,3.0,A01,138Â 211Â 810,1.0
1008630,201900050161,9,24,17:50,1,2,3,1.0,3.0,19031,MAILLARD (AVENUE),M,"45,1658700","1,5400800",19,2019,50.0,1.0,1.0,4.0,2255480,1.0,1,4,1,9.0,,-1.0, -1,1976.0,A01,138Â 211Â 810,1.0,0.0,-1.0,1721645,1.0,10,,0.0,2.0,1.0,B01,138Â 211Â 809,1.0
1008630,201900050161,9,24,17:50,1,2,3,1.0,3.0,19031,MAILLARD (AVENUE),M,"45,1658700","1,5400800",19,2019,50.0,1.0,1.0,4.0,2255480,1.0,1,4,1,9.0,,-1.0, -1,1976.0,A01,138Â 211Â 810,1.0,0.0,-1.0,1721646,1.0,7,,0.0,2.0,3.0,A01,138Â 211Â 810,1.0
1008631,201900050162,9,24,11:35,1,2,1,2.0,6.0,19031,PARIS (AVENUE DE),M,"45,1624100","1,5326400",19,2019,50.0,1.0,2.0,4.0,2255481,1.0,1,1,2,5.0,,0.0,0,1927.0,A01,138Â 211Â 808,1.0,0.0,-1.0,1721647,1.0,7,,0.0,1.0,1.0,A01,138Â 211Â 808,1.0
1008631,201900050162,9,24,11:35,1,2,1,2.0,6.0,19031,PARIS (AVENUE DE),M,"45,1624100","1,5326400",19,2019,50.0,1.0,2.0,4.0,2255482,10.0,3,4,1,5.0,,3.0,3,1936.0,A01,138Â 211Â 808,8.0,0.0,-1.0,1721647,1.0,7,,0.0,1.0,1.0,A01,138Â 211Â 808,1.0
1008632,201900050163,9,25,20:50,5,2,1,2.0,6.0,17300,REMPARTS   CHEMIN DES,M,"46,1655000"," -1,1544500",17,2019,50.0,1.0,2.0,4.0,2255483,1.0,1,4,1,5.0,,-1.0,0,2000.0,A01,138Â 211Â 807,1.0,0.0,-1.0,1721648,1.0,7,,2.0,0.0,3.0,A01,138Â 211Â 807,1.0
1008633,201900050164,9,25,17:40,1,2,1,1.0,6.0,17300,MONNET   AVENUE JEAN,M,"46,1443230"," -1,1530890",17,2019,50.0,1.0,2.0,4.0,2255484,10.0,3,4,2,2.0,,3.0,3,1998.0,A01,138Â 211Â 806,8.0,0.0,-1.0,1721649,1.0,7,,0.0,1.0,1.0,A01,138Â 211Â 806,1.0
1008633,201900050164,9,25,17:40,1,2,1,1.0,6.0,17300,MONNET   AVENUE JEAN,M,"46,1443230"," -1,1530890",17,2019,50.0,1.0,2.0,4.0,2255485,1.0,1,1,2,5.0,,0.0,0,1980.0,A01,138Â 211Â 806,1.0,0.0,-1.0,1721649,1.0,7,,0.0,1.0,1.0,A01,138Â 211Â 806,1.0
1008634,201900050165,9,25,11:30,1,1,1,3.0,4.0,17028,RN137,M,"46,1335000"," -1,1012000",17,2019,90.0,1.0,2.0,2.0,2255486,1.0,1,1,2,5.0,,-1.0,0,1991.0,A01,138Â 211Â 802,1.0,0.0,-1.0,1721650,1.0,7,,3.0,2.0,4.0,A01,138Â 211Â 802,1.0
1008634,201900050165,9,25,11:30,1,1,1,3.0,4.0,17028,RN137,M,"46,1335000"," -1,1012000",17,2019,90.0,1.0,2.0,2.0,2255486,1.0,1,1,2,5.0,,-1.0,0,1991.0,A01,138Â 211Â 802,1.0,0.0,-1.0,1721651,1.0,7,,3.0,2.0,9.0,B01,138Â 211Â 803,1.0
1008634,201900050165,9,25,11:30,1,1,1,3.0,4.0,17028,RN137,M,"46,1335000"," -1,1012000",17,2019,90.0,1.0,2.0,2.0,2255486,1.0,1,1,2,5.0,,-1.0,0,1991.0,A01,138Â 211Â 802,1.0,0.0,-1.0,1721652,1.0,7,,3.0,2.0,9.0,C01,138Â 211Â 804,1.0
1008634,201900050165,9,25,11:30,1,1,1,3.0,4.0,17028,RN137,M,"46,1335000"," -1,1012000",17,2019,90.0,1.0,2.0,2.0,2255486,1.0,1,1,2,5.0,,-1.0,0,1991.0,A01,138Â 211Â 802,1.0,0.0,-1.0,1721653,1.0,7,,3.0,2.0,1.0,D01,138Â 211Â 805,1.0
1008634,201900050165,9,25,11:30,1,1,1,3.0,4.0,17028,RN137,M,"46,1335000"," -1,1012000",17,2019,90.0,1.0,2.0,2.0,2255487,1.0,1,1,1,5.0,,-1.0,0,1948.0,B01,138Â 211Â 803,1.0,0.0,-1.0,1721650,1.0,7,,3.0,2.0,4.0,A01,138Â 211Â 802,1.0
1008634,201900050165,9,25,11:30,1,1,1,3.0,4.0,17028,RN137,M,"46,1335000"," -1,1012000",17,2019,90.0,1.0,2.0,2.0,2255487,1.0,1,1,1,5.0,,-1.0,0,1948.0,B01,138Â 211Â 803,1.0,0.0,-1.0,1721651,1.0,7,,3.0,2.0,9.0,B01,138Â 211Â 803,1.0
1008634,201900050165,9,25,11:30,1,1,1,3.0,4.0,17028,RN137,M,"46,1335000"," -1,1012000",17,2019,90.0,1.0,2.0,2.0,2255487,1.0,1,1,1,5.0,,-1.0,0,1948.0,B01,138Â 211Â 803,1.0,0.0,-1.0,1721652,1.0,7,,3.0,2.0,9.0,C01,138Â 211Â 804,1.0
1008634,201900050165,9,25,11:30,1,1,1,3.0,4.0,17028,RN137,M,"46,1335000"," -1,1012000",17,2019,90.0,1.0,2.0,2.0,2255487,1.0,1,1,1,5.0,,-1.0,0,1948.0,B01,138Â 211Â 803,1.0,0.0,-1.0,1721653,1.0,7,,3.0,2.0,1.0,D01,138Â 211Â 805,1.0
1008634,201900050165,9,25,11:30,1,1,1,3.0,4.0,17028,RN137,M,"46,1335000"," -1,1012000",17,2019,90.0,1.0,2.0,2.0,2255488,1.0,1,4,2,5.0,,-1.0,0,1981.0,C01,138Â 211Â 804,1.0,0.0,-1.0,1721650,1.0,7,,3.0,2.0,4.0,A01,138Â 211Â 802,1.0
1008634,201900050165,9,25,11:30,1,1,1,3.0,4.0,17028,RN137,M,"46,1335000"," -1,1012000",17,2019,90.0,1.0,2.0,2.0,2255488,1.0,1,4,2,5.0,,-1.0,0,1981.0,C01,138Â 211Â 804,1.0,0.0,-1.0,1721651,1.0,7,,3.0,2.0,9.0,B01,138Â 211Â 803,1.0
1008634,201900050165,9,25,11:30,1,1,1,3.0,4.0,17028,RN137,M,"46,1335000"," -1,1012000",17,2019,90.0,1.0,2.0,2.0,2255488,1.0,1,4,2,5.0,,-1.0,0,1981.0,C01,138Â 211Â 804,1.0,0.0,-1.0,1721652,1.0,7,,3.0,2.0,9.0,C01,138Â 211Â 804,1.0
1008634,201900050165,9,25,11:30,1,1,1,3.0,4.0,17028,RN137,M,"46,1335000"," -1,1012000",17,2019,90.0,1.0,2.0,2.0,2255488,1.0,1,4,2,5.0,,-1.0,0,1981.0,C01,138Â 211Â 804,1.0,0.0,-1.0,1721653,1.0,7,,3.0,2.0,1.0,D01,138Â 211Â 805,1.0
1008634,201900050165,9,25,11:30,1,1,1,3.0,4.0,17028,RN137,M,"46,1335000"," -1,1012000",17,2019,90.0,1.0,2.0,2.0,2255489,1.0,1,4,2,4.0,,-1.0,0,1966.0,D01,138Â 211Â 805,1.0,0.0,-1.0,1721650,1.0,7,,3.0,2.0,4.0,A01,138Â 211Â 802,1.0
1008634,201900050165,9,25,11:30,1,1,1,3.0,4.0,17028,RN137,M,"46,1335000"," -1,1012000",17,2019,90.0,1.0,2.0,2.0,2255489,1.0,1,4,2,4.0,,-1.0,0,1966.0,D01,138Â 211Â 805,1.0,0.0,-1.0,1721651,1.0,7,,3.0,2.0,9.0,B01,138Â 211Â 803,1.0
1008634,201900050165,9,25,11:30,1,1,1,3.0,4.0,17028,RN137,M,"46,1335000"," -1,1012000",17,2019,90.0,1.0,2.0,2.0,2255489,1.0,1,4,2,4.0,,-1.0,0,1966.0,D01,138Â 211Â 805,1.0,0.0,-1.0,1721652,1.0,7,,3.0,2.0,9.0,C01,138Â 211Â 804,1.0
1008634,201900050165,9,25,11:30,1,1,1,3.0,4.0,17028,RN137,M,"46,1335000"," -1,1012000",17,2019,90.0,1.0,2.0,2.0,2255489,1.0,1,4,2,4.0,,-1.0,0,1966.0,D01,138Â 211Â 805,1.0,0.0,-1.0,1721653,1.0,7,,3.0,2.0,1.0,D01,138Â 211Â 805,1.0
1008635,201900050166,9,26,00:10,5,2,1,1.0,3.0,13208,PRADO (AVENUE DU),M,"43,2664588","5,3822643",13,2019,50.0,1.0,1.0,4.0,2255490,1.0,1,4,1,0.0,,-1.0,0,1997.0,B01,138Â 211Â 798,2.0,6.0,-1.0,1721654,1.0,32,,0.0,2.0,2.0,B01,138Â 211Â 798,1.0
1008635,201900050166,9,26,00:10,5,2,1,1.0,3.0,13208,PRADO (AVENUE DU),M,"43,2664588","5,3822643",13,2019,50.0,1.0,1.0,4.0,2255490,1.0,1,4,1,0.0,,-1.0,0,1997.0,B01,138Â 211Â 798,2.0,6.0,-1.0,1721655,1.0,7,,0.0,2.0,3.0,A01,138Â 211Â 799,0.0
1008635,201900050166,9,26,00:10,5,2,1,1.0,3.0,13208,PRADO (AVENUE DU),M,"43,2664588","5,3822643",13,2019,50.0,1.0,1.0,4.0,2255491,1.0,1,1,1,5.0,,-1.0,0,1990.0,A01,138Â 211Â 799,1.0,0.0,-1.0,1721654,1.0,32,,0.0,2.0,2.0,B01,138Â 211Â 798,1.0
1008635,201900050166,9,26,00:10,5,2,1,1.0,3.0,13208,PRADO (AVENUE DU),M,"43,2664588","5,3822643",13,2019,50.0,1.0,1.0,4.0,2255491,1.0,1,1,1,5.0,,-1.0,0,1990.0,A01,138Â 211Â 799,1.0,0.0,-1.0,1721655,1.0,7,,0.0,2.0,3.0,A01,138Â 211Â 799,0.0
1008636,201900050167,9,25,21:30,5,2,1,1.0,2.0,13204,FRANÃOISE DUPARC (BOULEVARD),M,"43,3042670","5,4009500",13,2019,50.0,1.0,1.0,4.0,2255492,1.0,1,4,1,5.0,,-1.0, -1,1941.0,B01,138Â 211Â 796,1.0,0.0,-1.0,1721656,2.0,7,,0.0,0.0,4.0,B01,138Â 211Â 796,1.0
1008636,201900050167,9,25,21:30,5,2,1,1.0,2.0,13204,FRANÃOISE DUPARC (BOULEVARD),M,"43,3042670","5,4009500",13,2019,50.0,1.0,1.0,4.0,2255492,1.0,1,4,1,5.0,,-1.0, -1,1941.0,B01,138Â 211Â 796,1.0,0.0,-1.0,1721657,2.0,7,,0.0,2.0,1.0,A01,138Â 211Â 797,1.0
1008636,201900050167,9,25,21:30,5,2,1,1.0,2.0,13204,FRANÃOISE DUPARC (BOULEVARD),M,"43,3042670","5,4009500",13,2019,50.0,1.0,1.0,4.0,2255493,1.0,1,4,1,5.0,,-1.0,0,1969.0,A01,138Â 211Â 797,1.0,0.0,-1.0,1721656,2.0,7,,0.0,0.0,4.0,B01,138Â 211Â 796,1.0
1008636,201900050167,9,25,21:30,5,2,1,1.0,2.0,13204,FRANÃOISE DUPARC (BOULEVARD),M,"43,3042670","5,4009500",13,2019,50.0,1.0,1.0,4.0,2255493,1.0,1,4,1,5.0,,-1.0,0,1969.0,A01,138Â 211Â 797,1.0,0.0,-1.0,1721657,2.0,7,,0.0,2.0,1.0,A01,138Â 211Â 797,1.0