Unnamed: 0_x,num_acc,mois,jour,hrmn,lum,agg,int,atm,col,com,adr,gps,lat,long,dep,annee,vma,situ,surf,catr,Unnamed: 0_y,place,catu,grav,sexe,trajet,secu,locp,actp,an_nais,num_veh_x,id_vehicule_x,secu1,secu2,secu3,Unnamed: 0,senc,catv,occutc,obs,obsm,choc,num_veh_y,id_vehicule_y,motor
1008637,201900050168,9,25,17:20,1,2,2,1.0,3.0,13201,BAILLI DE SUFFREN (RUE),M,"43,2946900","5,3745900",13,2019,50.0,1.0,1.0,4.0,2255494,1.0,1,1,1,0.0,,-1.0, -1,1900.0,A01,138Â 211Â 794,8.0,0.0,-1.0,1721658,2.0,7,,0.0,2.0,1.0,A01,138Â 211Â 794,0.0
1008637,201900050168,9,25,17:20,1,2,2,1.0,3.0,13201,BAILLI DE SUFFREN (RUE),M,"43,2946900","5,3745900",13,2019,50.0,1.0,1.0,4.0,2255494,1.0,1,1,1,0.0,,-1.0, -1,1900.0,A01,138Â 211Â 794,8.0,0.0,-1.0,1721659,2.0,34,,0.0,2.0,7.0,B01,138Â 211Â 795,0.0
1008637,201900050168,9,25,17:20,1,2,2,1.0,3.0,13201,BAILLI DE SUFFREN (RUE),M,"43,2946900","5,3745900",13,2019,50.0,1.0,1.0,4.0,2255495,1.0,1,4,1,9.0,,-1.0, -1,1970.0,B01,138Â 211Â 795,2.0,0.0,-1.0,1721658,2.0,7,,0.0,2.0,1.0,A01,138Â 211Â 794,0.0
1008637,201900050168,9,25,17:20,1,2,2,1.0,3.0,13201,BAILLI DE SUFFREN (RUE),M,"43,2946900","5,3745900",13,2019,50.0,1.0,1.0,4.0,2255495,1.0,1,4,1,9.0,,-1.0, -1,1970.0,B01,138Â 211Â 795,2.0,0.0,-1.0,1721659,2.0,34,,0.0,2.0,7.0,B01,138Â 211Â 795,0.0
1008638,201900050169,9,1,14:45,1,2,7,9.0,6.0,13201,GÃNÃRAL DE GAULE (PLACE DU ),M,"43,2950880","5,3760690",13,2019,50.0,1.0,9.0,9.0,2255496,10.0,3,4,2,0.0,,9.0,B,1943.0,A01,138Â 211Â 793,8.0,0.0,-1.0,1721660,3.0,7,,0.0,1.0,1.0,A01,138Â 211Â 793,0.0
1008638,201900050169,9,1,14:45,1,2,7,9.0,6.0,13201,GÃNÃRAL DE GAULE (PLACE DU ),M,"43,2950880","5,3760690",13,2019,50.0,1.0,9.0,9.0,2255497,1.0,1,1,1,0.0,,-1.0,0,1986.0,A01,138Â 211Â 793,8.0,0.0,-1.0,1721660,3.0,7,,0.0,1.0,1.0,A01,138Â 211Â 793,0.0
1008638,201900050169,9,1,14:45,1,2,7,9.0,6.0,13201,GÃNÃRAL DE GAULE (PLACE DU ),M,"43,2950880","5,3760690",13,2019,50.0,1.0,9.0,9.0,2255498,10.0,3,4,2,0.0,,9.0,B,1948.0,A01,138Â 211Â 793,8.0,0.0,-1.0,1721660,3.0,7,,0.0,1.0,1.0,A01,138Â 211Â 793,0.0
1008639,201900050170,9,24,13:27,1,2,1,2.0,6.0,10060,GENERAL LECLERC (AVENUE DU),M,"48,2573176","4,0954810",10,2019,50.0,1.0,1.0,3.0,2255499,1.0,1,1,2,4.0,,0.0,0,1976.0,A01,138Â 211Â 790,1.0,0.0,-1.0,1721661,2.0,37,1.0,0.0,1.0,5.0,A01,138Â 211Â 790,1.0
1008639,201900050170,9,24,13:27,1,2,1,2.0,6.0,10060,GENERAL LECLERC (AVENUE DU),M,"48,2573176","4,0954810",10,2019,50.0,1.0,1.0,3.0,2255500,10.0,3,2,1,5.0,,2.0,7,1967.0,A01,138Â 211Â 790,8.0,0.0,-1.0,1721661,2.0,37,1.0,0.0,1.0,5.0,A01,138Â 211Â 790,1.0
1008640,201900050171,9,24,11:55,1,2,1,2.0,6.0,10387,DAMPIERRE (QUAI),M,"48,3016000","4,0761000",10,2019,50.0,1.0,2.0,4.0,2255501,1.0,1,1,1,0.0,,-1.0,0,1996.0,B01,138Â 211Â 788,1.0,0.0,-1.0,1721662,3.0,7,,0.0,1.0,1.0,B01,138Â 211Â 788,1.0
1008640,201900050171,9,24,11:55,1,2,1,2.0,6.0,10387,DAMPIERRE (QUAI),M,"48,3016000","4,0761000",10,2019,50.0,1.0,2.0,4.0,2255501,1.0,1,1,1,0.0,,-1.0,0,1996.0,B01,138Â 211Â 788,1.0,0.0,-1.0,1721663,3.0,7,,0.0,2.0,1.0,A01,138Â 211Â 789,1.0
1008640,201900050171,9,24,11:55,1,2,1,2.0,6.0,10387,DAMPIERRE (QUAI),M,"48,3016000","4,0761000",10,2019,50.0,1.0,2.0,4.0,2255502,10.0,3,3,2,0.0,,3.0,3,1938.0,A01,138Â 211Â 789,8.0,0.0,-1.0,1721662,3.0,7,,0.0,1.0,1.0,B01,138Â 211Â 788,1.0
1008640,201900050171,9,24,11:55,1,2,1,2.0,6.0,10387,DAMPIERRE (QUAI),M,"48,3016000","4,0761000",10,2019,50.0,1.0,2.0,4.0,2255502,10.0,3,3,2,0.0,,3.0,3,1938.0,A01,138Â 211Â 789,8.0,0.0,-1.0,1721663,3.0,7,,0.0,2.0,1.0,A01,138Â 211Â 789,1.0
1008640,201900050171,9,24,11:55,1,2,1,2.0,6.0,10387,DAMPIERRE (QUAI),M,"48,3016000","4,0761000",10,2019,50.0,1.0,2.0,4.0,2255503,1.0,1,1,1,0.0,,-1.0,0,1970.0,A01,138Â 211Â 789,1.0,0.0,-1.0,1721662,3.0,7,,0.0,1.0,1.0,B01,138Â 211Â 788,1.0
1008640,201900050171,9,24,11:55,1,2,1,2.0,6.0,10387,DAMPIERRE (QUAI),M,"48,3016000","4,0761000",10,2019,50.0,1.0,2.0,4.0,2255503,1.0,1,1,1,0.0,,-1.0,0,1970.0,A01,138Â 211Â 789,1.0,0.0,-1.0,1721663,3.0,7,,0.0,2.0,1.0,A01,138Â 211Â 789,1.0
1008641,201900050172,9,24,14:55,1,2,1,1.0,4.0,05061,EMILE DIDIER ( AV ),M,"44,5642900","6,0894300",5,2019,50.0,1.0,1.0,2.0,2255504,1.0,1,1,1,0.0,,0.0,0,1972.0,A01,138Â 211Â 784,1.0,0.0,-1.0,1721664,2.0,7,,0.0,2.0,1.0,A01,138Â 211Â 784,1.0
1008641,201900050172,9,24,14:55,1,2,1,1.0,4.0,05061,EMILE DIDIER ( AV ),M,"44,5642900","6,0894300",5,2019,50.0,1.0,1.0,2.0,2255504,1.0,1,1,1,0.0,,0.0,0,1972.0,A01,138Â 211Â 784,1.0,0.0,-1.0,1721665,2.0,7,,0.0,2.0,4.0,B01,138Â 211Â 785,1.0
1008641,201900050172,9,24,14:55,1,2,1,1.0,4.0,05061,EMILE DIDIER ( AV ),M,"44,5642900","6,0894300",5,2019,50.0,1.0,1.0,2.0,2255504,1.0,1,1,1,0.0,,0.0,0,1972.0,A01,138Â 211Â 784,1.0,0.0,-1.0,1721666,2.0,7,,0.0,2.0,4.0,C01,138Â 211Â 786,1.0
1008641,201900050172,9,24,14:55,1,2,1,1.0,4.0,05061,EMILE DIDIER ( AV ),M,"44,5642900","6,0894300",5,2019,50.0,1.0,1.0,2.0,2255504,1.0,1,1,1,0.0,,0.0,0,1972.0,A01,138Â 211Â 784,1.0,0.0,-1.0,1721667,2.0,10,,0.0,2.0,4.0,D01,138Â 211Â 787,1.0
1008641,201900050172,9,24,14:55,1,2,1,1.0,4.0,05061,EMILE DIDIER ( AV ),M,"44,5642900","6,0894300",5,2019,50.0,1.0,1.0,2.0,2255505,1.0,1,4,2,4.0,,0.0,0,1970.0,B01,138Â 211Â 785,1.0,0.0,-1.0,1721664,2.0,7,,0.0,2.0,1.0,A01,138Â 211Â 784,1.0
1008641,201900050172,9,24,14:55,1,2,1,1.0,4.0,05061,EMILE DIDIER ( AV ),M,"44,5642900","6,0894300",5,2019,50.0,1.0,1.0,2.0,2255505,1.0,1,4,2,4.0,,0.0,0,1970.0,B01,138Â 211Â 785,1.0,0.0,-1.0,1721665,2.0,7,,0.0,2.0,4.0,B01,138Â 211Â 785,1.0
1008641,201900050172,9,24,14:55,1,2,1,1.0,4.0,05061,EMILE DIDIER ( AV ),M,"44,5642900","6,0894300",5,2019,50.0,1.0,1.0,2.0,2255505,1.0,1,4,2,4.0,,0.0,0,1970.0,B01,138Â 211Â 785,1.0,0.0,-1.0,1721666,2.0,7,,0.0,2.0,4.0,C01,138Â 211Â 786,1.0
1008641,201900050172,9,24,14:55,1,2,1,1.0,4.0,05061,EMILE DIDIER ( AV ),M,"44,5642900","6,0894300",5,2019,50.0,1.0,1.0,2.0,2255505,1.0,1,4,2,4.0,,0.0,0,1970.0,B01,138Â 211Â 785,1.0,0.0,-1.0,1721667,2.0,10,,0.0,2.0,4.0,D01,138Â 211Â 787,1.0
1008641,201900050172,9,24,14:55,1,2,1,1.0,4.0,05061,EMILE DIDIER ( AV ),M,"44,5642900","6,0894300",5,2019,50.0,1.0,1.0,2.0,2255506,1.0,1,1,2,5.0,,0.0,0,1957.0,C01,138Â 211Â 786,1.0,0.0,-1.0,1721664,2.0,7,,0.0,2.0,1.0,A01,138Â 211Â 784,1.0
1008641,201900050172,9,24,14:55,1,2,1,1.0,4.0,05061,EMILE DIDIER ( AV ),M,"44,5642900","6,0894300",5,2019,50.0,1.0,1.0,2.0,2255506,1.0,1,1,2,5.0,,0.0,0,1957.0,C01,138Â 211Â 786,1.0,0.0,-1.0,1721665,2.0,7,,0.0,2.0,4.0,B01,138Â 211Â 785,1.0
1008641,201900050172,9,24,14:55,1,2,1,1.0,4.0,05061,EMILE DIDIER ( AV ),M,"44,5642900","6,0894300",5,2019,50.0,1.0,1.0,2.0,2255506,1.0,1,1,2,5.0,,0.0,0,1957.0,C01,138Â 211Â 786,1.0,0.0,-1.0,1721666,2.0,7,,0.0,2.0,4.0,C01,138Â 211Â 786,1.0
1008641,201900050172,9,24,14:55,1,2,1,1.0,4.0,05061,EMILE DIDIER ( AV ),M,"44,5642900","6,0894300",5,2019,50.0,1.0,1.0,2.0,2255506,1.0,1,1,2,5.0,,0.0,0,1957.0,C01,138Â 211Â 786,1.0,0.0,-1.0,1721667,2.0,10,,0.0,2.0,4.0,D01,138Â 211Â 787,1.0
1008641,201900050172,9,24,14:55,1,2,1,1.0,4.0,05061,EMILE DIDIER ( AV ),M,"44,5642900","6,0894300",5,2019,50.0,1.0,1.0,2.0,2255507,1.0,1,1,1,4.0,,0.0,0,1963.0,D01,138Â 211Â 787,1.0,0.0,-1.0,1721664,2.0,7,,0.0,2.0,1.0,A01,138Â 211Â 784,1.0
1008641,201900050172,9,24,14:55,1,2,1,1.0,4.0,05061,EMILE DIDIER ( AV ),M,"44,5642900","6,0894300",5,2019,50.0,1.0,1.0,2.0,2255507,1.0,1,1,1,4.0,,0.0,0,1963.0,D01,138Â 211Â 787,1.0,0.0,-1.0,1721665,2.0,7,,0.0,2.0,4.0,B01,138Â 211Â 785,1.0
1008641,201900050172,9,24,14:55,1,2,1,1.0,4.0,05061,EMILE DIDIER ( AV ),M,"44,5642900","6,0894300",5,2019,50.0,1.0,1.0,2.0,2255507,1.0,1,1,1,4.0,,0.0,0,1963.0,D01,138Â 211Â 787,1.0,0.0,-1.0,1721666,2.0,7,,0.0,2.0,4.0,C01,138Â 211Â 786,1.0
1008641,201900050172,9,24,14:55,1,2,1,1.0,4.0,05061,EMILE DIDIER ( AV ),M,"44,5642900","6,0894300",5,2019,50.0,1.0,1.0,2.0,2255507,1.0,1,1,1,4.0,,0.0,0,1963.0,D01,138Â 211Â 787,1.0,0.0,-1.0,1721667,2.0,10,,0.0,2.0,4.0,D01,138Â 211Â 787,1.0
1008642,201900050173,9,24,07:40,1,2,1,8.0,3.0,75112,BD PERIPHERIQUE INTERIEUR,M,"48,8449410","2,4140350",75,2019,70.0,1.0,1.0,4.0,2255508,1.0,1,1,1,2.0,,0.0,0,2000.0,A01,138Â 211Â 782,1.0,0.0,-1.0,1721668,1.0,7,,0.0,2.0,2.0,A01,138Â 211Â 782,1.0
1008642,201900050173,9,24,07:40,1,2,1,8.0,3.0,75112,BD PERIPHERIQUE INTERIEUR,M,"48,8449410","2,4140350",75,2019,70.0,1.0,1.0,4.0,2255508,1.0,1,1,1,2.0,,0.0,0,2000.0,A01,138Â 211Â 782,1.0,0.0,-1.0,1721669,1.0,33,,0.0,2.0,3.0,B01,138Â 211Â 783,1.0
1008642,201900050173,9,24,07:40,1,2,1,8.0,3.0,75112,BD PERIPHERIQUE INTERIEUR,M,"48,8449410","2,4140350",75,2019,70.0,1.0,1.0,4.0,2255509,2.0,2,4,2,4.0,,0.0,0,1988.0,B01,138Â 211Â 783,2.0,6.0,-1.0,1721668,1.0,7,,0.0,2.0,2.0,A01,138Â 211Â 782,1.0
1008642,201900050173,9,24,07:40,1,2,1,8.0,3.0,75112,BD PERIPHERIQUE INTERIEUR,M,"48,8449410","2,4140350",75,2019,70.0,1.0,1.0,4.0,2255509,2.0,2,4,2,4.0,,0.0,0,1988.0,B01,138Â 211Â 783,2.0,6.0,-1.0,1721669,1.0,33,,0.0,2.0,3.0,B01,138Â 211Â 783,1.0
1008642,201900050173,9,24,07:40,1,2,1,8.0,3.0,75112,BD PERIPHERIQUE INTERIEUR,M,"48,8449410","2,4140350",75,2019,70.0,1.0,1.0,4.0,2255510,1.0,1,1,1,4.0,,0.0,0,1961.0,B01,138Â 211Â 783,2.0,6.0,-1.0,1721668,1.0,7,,0.0,2.0,2.0,A01,138Â 211Â 782,1.0
1008642,201900050173,9,24,07:40,1,2,1,8.0,3.0,75112,BD PERIPHERIQUE INTERIEUR,M,"48,8449410","2,4140350",75,2019,70.0,1.0,1.0,4.0,2255510,1.0,1,1,1,4.0,,0.0,0,1961.0,B01,138Â 211Â 783,2.0,6.0,-1.0,1721669,1.0,33,,0.0,2.0,3.0,B01,138Â 211Â 783,1.0
1008643,201900050174,9,25,14:29,1,2,3,1.0,6.0,75107,QUAI ANATOLE FRANCE,M,"48,8624078","2,3198351",75,2019,50.0,1.0,1.0,4.0,2255511,10.0,3,3,2,5.0,,4.0,3,1936.0,A01,138Â 211Â 781,0.0,-1.0,-1.0,1721670,3.0,17,,0.0,1.0,1.0,A01,138Â 211Â 781,1.0
1008643,201900050174,9,25,14:29,1,2,3,1.0,6.0,75107,QUAI ANATOLE FRANCE,M,"48,8624078","2,3198351",75,2019,50.0,1.0,1.0,4.0,2255512,1.0,1,1,1,4.0,,0.0,0,1979.0,A01,138Â 211Â 781,1.0,0.0,-1.0,1721670,3.0,17,,0.0,1.0,1.0,A01,138Â 211Â 781,1.0
1008644,201900050175,9,24,04:47,5,2,1,1.0,6.0,75105,SQUARE ADANSON,M,"48,8394207","2,3518338",75,2019,30.0,1.0,1.0,4.0,2255513,10.0,3,3,1,0.0,,5.0,4,1992.0,A01,138Â 211Â 780,0.0,-1.0,-1.0,1721671,3.0,7,,0.0,1.0,1.0,A01,138Â 211Â 780,1.0
1008644,201900050175,9,24,04:47,5,2,1,1.0,6.0,75105,SQUARE ADANSON,M,"48,8394207","2,3518338",75,2019,30.0,1.0,1.0,4.0,2255514,1.0,1,1,1,1.0,,0.0,0,1976.0,A01,138Â 211Â 780,1.0,0.0,-1.0,1721671,3.0,7,,0.0,1.0,1.0,A01,138Â 211Â 780,1.0
1008645,201900050176,9,25,13:00,1,2,3,8.0,6.0,75120,RUE LE VAU,M,"48,8678978","2,4110055",75,2019,30.0,1.0,2.0,4.0,2255515,10.0,3,4,2,2.0,,2.0,3,2008.0,A01,138Â 211Â 779,0.0,-1.0,-1.0,1721672,1.0,7,,0.0,1.0,3.0,A01,138Â 211Â 779,1.0
1008645,201900050176,9,25,13:00,1,2,3,8.0,6.0,75120,RUE LE VAU,M,"48,8678978","2,4110055",75,2019,30.0,1.0,2.0,4.0,2255516,1.0,1,1,1,4.0,,0.0,0,1955.0,A01,138Â 211Â 779,1.0,0.0,-1.0,1721672,1.0,7,,0.0,1.0,3.0,A01,138Â 211Â 779,1.0
1008646,201900050177,9,25,14:25,1,2,4,1.0,6.0,75119,PLACE AUGUSTE BARON,M,"48,9008494","2,3889440",75,2019,30.0,5.0,1.0,4.0,2255517,10.0,3,4,2,5.0,,3.0,3,1950.0,A01,138Â 211Â 778,0.0,-1.0,-1.0,1721673,1.0,1,,0.0,1.0,8.0,A01,138Â 211Â 778,5.0
1008646,201900050177,9,25,14:25,1,2,4,1.0,6.0,75119,PLACE AUGUSTE BARON,M,"48,9008494","2,3889440",75,2019,30.0,5.0,1.0,4.0,2255518,1.0,1,1,1,4.0,,0.0,0,1999.0,A01,138Â 211Â 778,8.0,2.0,-1.0,1721673,1.0,1,,0.0,1.0,8.0,A01,138Â 211Â 778,5.0
1008647,201900050178,9,25,09:30,1,2,1,2.0,6.0,75118,RUE DE CLIGNANCOURT,M,"48,8991213","2,3441554",75,2019,50.0,1.0,2.0,4.0,2255519,10.0,3,4,1,4.0,,3.0,3,1982.0,Z01,138Â 211Â 777,0.0,-1.0,-1.0,1721674,1.0,7,,0.0,1.0,8.0,Z01,138Â 211Â 777,1.0
1008648,201900050179,9,24,18:30,1,2,1,2.0,4.0,75117,BOULEVARD MALESHERBES,M,"48,8848133","2,3077105",75,2019,30.0,1.0,2.0,4.0,2255520,1.0,1,1,1,4.0,,0.0,0,1960.0,C01,138Â 211Â 774,1.0,0.0,-1.0,1721675,1.0,37,1.0,1.0,2.0,5.0,C01,138Â 211Â 774,1.0
1008648,201900050179,9,24,18:30,1,2,1,2.0,4.0,75117,BOULEVARD MALESHERBES,M,"48,8848133","2,3077105",75,2019,30.0,1.0,2.0,4.0,2255520,1.0,1,1,1,4.0,,0.0,0,1960.0,C01,138Â 211Â 774,1.0,0.0,-1.0,1721676,1.0,7,,0.0,2.0,8.0,B01,138Â 211Â 775,1.0
1008648,201900050179,9,24,18:30,1,2,1,2.0,4.0,75117,BOULEVARD MALESHERBES,M,"48,8848133","2,3077105",75,2019,30.0,1.0,2.0,4.0,2255520,1.0,1,1,1,4.0,,0.0,0,1960.0,C01,138Â 211Â 774,1.0,0.0,-1.0,1721677,1.0,32,,0.0,2.0,2.0,A01,138Â 211Â 776,1.0
1008648,201900050179,9,24,18:30,1,2,1,2.0,4.0,75117,BOULEVARD MALESHERBES,M,"48,8848133","2,3077105",75,2019,30.0,1.0,2.0,4.0,2255521,1.0,1,1,1,1.0,,0.0,0,1980.0,B01,138Â 211Â 775,1.0,0.0,-1.0,1721675,1.0,37,1.0,1.0,2.0,5.0,C01,138Â 211Â 774,1.0
1008648,201900050179,9,24,18:30,1,2,1,2.0,4.0,75117,BOULEVARD MALESHERBES,M,"48,8848133","2,3077105",75,2019,30.0,1.0,2.0,4.0,2255521,1.0,1,1,1,1.0,,0.0,0,1980.0,B01,138Â 211Â 775,1.0,0.0,-1.0,1721676,1.0,7,,0.0,2.0,8.0,B01,138Â 211Â 775,1.0
1008648,201900050179,9,24,18:30,1,2,1,2.0,4.0,75117,BOULEVARD MALESHERBES,M,"48,8848133","2,3077105",75,2019,30.0,1.0,2.0,4.0,2255521,1.0,1,1,1,1.0,,0.0,0,1980.0,B01,138Â 211Â 775,1.0,0.0,-1.0,1721677,1.0,32,,0.0,2.0,2.0,A01,138Â 211Â 776,1.0
1008648,201900050179,9,24,18:30,1,2,1,2.0,4.0,75117,BOULEVARD MALESHERBES,M,"48,8848133","2,3077105",75,2019,30.0,1.0,2.0,4.0,2255522,2.0,2,4,1,5.0,,0.0,0,1990.0,A01,138Â 211Â 776,2.0,6.0,-1.0,1721675,1.0,37,1.0,1.0,2.0,5.0,C01,138Â 211Â 774,1.0
1008648,201900050179,9,24,18:30,1,2,1,2.0,4.0,75117,BOULEVARD MALESHERBES,M,"48,8848133","2,3077105",75,2019,30.0,1.0,2.0,4.0,2255522,2.0,2,4,1,5.0,,0.0,0,1990.0,A01,138Â 211Â 776,2.0,6.0,-1.0,1721676,1.0,7,,0.0,2.0,8.0,B01,138Â 211Â 775,1.0
1008648,201900050179,9,24,18:30,1,2,1,2.0,4.0,75117,BOULEVARD MALESHERBES,M,"48,8848133","2,3077105",75,2019,30.0,1.0,2.0,4.0,2255522,2.0,2,4,1,5.0,,0.0,0,1990.0,A01,138Â 211Â 776,2.0,6.0,-1.0,1721677,1.0,32,,0.0,2.0,2.0,A01,138Â 211Â 776,1.0
1008648,201900050179,9,24,18:30,1,2,1,2.0,4.0,75117,BOULEVARD MALESHERBES,M,"48,8848133","2,3077105",75,2019,30.0,1.0,2.0,4.0,2255523,1.0,1,4,1,5.0,,0.0,0,1990.0,A01,138Â 211Â 776,2.0,6.0,-1.0,1721675,1.0,37,1.0,1.0,2.0,5.0,C01,138Â 211Â 774,1.0
1008648,201900050179,9,24,18:30,1,2,1,2.0,4.0,75117,BOULEVARD MALESHERBES,M,"48,8848133","2,3077105",75,2019,30.0,1.0,2.0,4.0,2255523,1.0,1,4,1,5.0,,0.0,0,1990.0,A01,138Â 211Â 776,2.0,6.0,-1.0,1721676,1.0,7,,0.0,2.0,8.0,B01,138Â 211Â 775,1.0
1008648,201900050179,9,24,18:30,1,2,1,2.0,4.0,75117,BOULEVARD MALESHERBES,M,"48,8848133","2,3077105",75,2019,30.0,1.0,2.0,4.0,2255523,1.0,1,4,1,5.0,,0.0,0,1990.0,A01,138Â 211Â 776,2.0,6.0,-1.0,1721677,1.0,32,,0.0,2.0,2.0,A01,138Â 211Â 776,1.0
1008649,201900050180,9,24,11:45,1,2,2,2.0,3.0,75116,ALLEE DE LONGCHAMP,M,"48,8749190","2,2711180",75,2019,50.0,1.0,2.0,4.0,2255524,1.0,1,1,2,0.0,,0.0,0,1983.0,B01,138Â 211Â 772,1.0,0.0,-1.0,1721678,1.0,7,,0.0,2.0,7.0,B01,138Â 211Â 772,1.0
1008649,201900050180,9,24,11:45,1,2,2,2.0,3.0,75116,ALLEE DE LONGCHAMP,M,"48,8749190","2,2711180",75,2019,50.0,1.0,2.0,4.0,2255524,1.0,1,1,2,0.0,,0.0,0,1983.0,B01,138Â 211Â 772,1.0,0.0,-1.0,1721679,1.0,33,,0.0,2.0,8.0,A01,138Â 211Â 773,1.0
1008649,201900050180,9,24,11:45,1,2,2,2.0,3.0,75116,ALLEE DE LONGCHAMP,M,"48,8749190","2,2711180",75,2019,50.0,1.0,2.0,4.0,2255525,1.0,1,4,1,0.0,,0.0,0,1955.0,A01,138Â 211Â 773,2.0,6.0,-1.0,1721678,1.0,7,,0.0,2.0,7.0,B01,138Â 211Â 772,1.0
1008649,201900050180,9,24,11:45,1,2,2,2.0,3.0,75116,ALLEE DE LONGCHAMP,M,"48,8749190","2,2711180",75,2019,50.0,1.0,2.0,4.0,2255525,1.0,1,4,1,0.0,,0.0,0,1955.0,A01,138Â 211Â 773,2.0,6.0,-1.0,1721679,1.0,33,,0.0,2.0,8.0,A01,138Â 211Â 773,1.0
1008650,201900050181,9,25,17:20,1,2,2,1.0,3.0,75115,AVENUE EMILE ZOLA,M,"48,8462994","2,2809046",75,2019,30.0,1.0,1.0,4.0,2255526,1.0,1,1,1,4.0,,0.0,0,1966.0,A01,138Â 211Â 770,1.0,0.0,-1.0,1721680,1.0,7,,0.0,2.0,1.0,A01,138Â 211Â 770,1.0
1008650,201900050181,9,25,17:20,1,2,2,1.0,3.0,75115,AVENUE EMILE ZOLA,M,"48,8462994","2,2809046",75,2019,30.0,1.0,1.0,4.0,2255526,1.0,1,1,1,4.0,,0.0,0,1966.0,A01,138Â 211Â 770,1.0,0.0,-1.0,1721681,2.0,31,,0.0,2.0,1.0,B01,138Â 211Â 771,1.0
1008650,201900050181,9,25,17:20,1,2,2,1.0,3.0,75115,AVENUE EMILE ZOLA,M,"48,8462994","2,2809046",75,2019,30.0,1.0,1.0,4.0,2255527,1.0,1,4,2,4.0,,0.0,0,1971.0,B01,138Â 211Â 771,2.0,6.0,-1.0,1721680,1.0,7,,0.0,2.0,1.0,A01,138Â 211Â 770,1.0
1008650,201900050181,9,25,17:20,1,2,2,1.0,3.0,75115,AVENUE EMILE ZOLA,M,"48,8462994","2,2809046",75,2019,30.0,1.0,1.0,4.0,2255527,1.0,1,4,2,4.0,,0.0,0,1971.0,B01,138Â 211Â 771,2.0,6.0,-1.0,1721681,2.0,31,,0.0,2.0,1.0,B01,138Â 211Â 771,1.0
1008651,201900050182,9,25,19:15,2,2,4,2.0,6.0,75114,RUE D ALESIA,M,"48,8278418","2,3289868",75,2019,50.0,6.0,2.0,4.0,2255528,10.0,3,4,2,1.0,,4.0,3,1979.0,A01,138Â 211Â 768,0.0,-1.0,-1.0,1721682,1.0,43,,0.0,2.0,1.0,A01,138Â 211Â 768,1.0
1008651,201900050182,9,25,19:15,2,2,4,2.0,6.0,75114,RUE D ALESIA,M,"48,8278418","2,3289868",75,2019,50.0,6.0,2.0,4.0,2255528,10.0,3,4,2,1.0,,4.0,3,1979.0,A01,138Â 211Â 768,0.0,-1.0,-1.0,1721683,1.0,7,,0.0,2.0,2.0,B01,138Â 211Â 769,1.0
1008651,201900050182,9,25,19:15,2,2,4,2.0,6.0,75114,RUE D ALESIA,M,"48,8278418","2,3289868",75,2019,50.0,6.0,2.0,4.0,2255529,1.0,1,4,1,5.0,,0.0,0,1986.0,A01,138Â 211Â 768,2.0,6.0,-1.0,1721682,1.0,43,,0.0,2.0,1.0,A01,138Â 211Â 768,1.0
1008651,201900050182,9,25,19:15,2,2,4,2.0,6.0,75114,RUE D ALESIA,M,"48,8278418","2,3289868",75,2019,50.0,6.0,2.0,4.0,2255529,1.0,1,4,1,5.0,,0.0,0,1986.0,A01,138Â 211Â 768,2.0,6.0,-1.0,1721683,1.0,7,,0.0,2.0,2.0,B01,138Â 211Â 769,1.0
1008651,201900050182,9,25,19:15,2,2,4,2.0,6.0,75114,RUE D ALESIA,M,"48,8278418","2,3289868",75,2019,50.0,6.0,2.0,4.0,2255530,1.0,1,1,1,5.0,,0.0,0,1993.0,B01,138Â 211Â 769,1.0,0.0,-1.0,1721682,1.0,43,,0.0,2.0,1.0,A01,138Â 211Â 768,1.0
1008651,201900050182,9,25,19:15,2,2,4,2.0,6.0,75114,RUE D ALESIA,M,"48,8278418","2,3289868",75,2019,50.0,6.0,2.0,4.0,2255530,1.0,1,1,1,5.0,,0.0,0,1993.0,B01,138Â 211Â 769,1.0,0.0,-1.0,1721683,1.0,7,,0.0,2.0,2.0,B01,138Â 211Â 769,1.0
1008652,201900050183,9,24,15:55,1,2,1,1.0,5.0,75114,RUE D ALESIA,M,"48,8278460","2,3285850",75,2019,30.0,1.0,2.0,4.0,2255531,1.0,1,1,1,9.0,,0.0,0,1997.0,C01,138Â 211Â 765,1.0,0.0,-1.0,1721684,1.0,7,,0.0,2.0,3.0,C01,138Â 211Â 765,1.0
1008652,201900050183,9,24,15:55,1,2,1,1.0,5.0,75114,RUE D ALESIA,M,"48,8278460","2,3285850",75,2019,30.0,1.0,2.0,4.0,2255531,1.0,1,1,1,9.0,,0.0,0,1997.0,C01,138Â 211Â 765,1.0,0.0,-1.0,1721685,1.0,7,,0.0,2.0,6.0,B01,138Â 211Â 766,1.0
1008652,201900050183,9,24,15:55,1,2,1,1.0,5.0,75114,RUE D ALESIA,M,"48,8278460","2,3285850",75,2019,30.0,1.0,2.0,4.0,2255531,1.0,1,1,1,9.0,,0.0,0,1997.0,C01,138Â 211Â 765,1.0,0.0,-1.0,1721686,2.0,30,,0.0,2.0,1.0,A01,138Â 211Â 767,1.0
1008652,201900050183,9,24,15:55,1,2,1,1.0,5.0,75114,RUE D ALESIA,M,"48,8278460","2,3285850",75,2019,30.0,1.0,2.0,4.0,2255532,1.0,1,1,1,9.0,,0.0,0,1997.0,B01,138Â 211Â 766,1.0,0.0,-1.0,1721684,1.0,7,,0.0,2.0,3.0,C01,138Â 211Â 765,1.0