Unnamed: 0_x,num_acc,mois,jour,hrmn,lum,agg,int,atm,col,com,adr,gps,lat,long,dep,annee,vma,situ,surf,catr,Unnamed: 0_y,place,catu,grav,sexe,trajet,secu,locp,actp,an_nais,num_veh_x,id_vehicule_x,secu1,secu2,secu3,Unnamed: 0,senc,catv,occutc,obs,obsm,choc,num_veh_y,id_vehicule_y,motor
1008652,201900050183,9,24,15:55,1,2,1,1.0,5.0,75114,RUE D ALESIA,M,"48,8278460","2,3285850",75,2019,30.0,1.0,2.0,4.0,2255532,1.0,1,1,1,9.0,,0.0,0,1997.0,B01,138Â 211Â 766,1.0,0.0,-1.0,1721685,1.0,7,,0.0,2.0,6.0,B01,138Â 211Â 766,1.0
1008652,201900050183,9,24,15:55,1,2,1,1.0,5.0,75114,RUE D ALESIA,M,"48,8278460","2,3285850",75,2019,30.0,1.0,2.0,4.0,2255532,1.0,1,1,1,9.0,,0.0,0,1997.0,B01,138Â 211Â 766,1.0,0.0,-1.0,1721686,2.0,30,,0.0,2.0,1.0,A01,138Â 211Â 767,1.0
1008652,201900050183,9,24,15:55,1,2,1,1.0,5.0,75114,RUE D ALESIA,M,"48,8278460","2,3285850",75,2019,30.0,1.0,2.0,4.0,2255533,1.0,1,4,2,9.0,,0.0,0,2000.0,A01,138Â 211Â 767,2.0,6.0,-1.0,1721684,1.0,7,,0.0,2.0,3.0,C01,138Â 211Â 765,1.0
1008652,201900050183,9,24,15:55,1,2,1,1.0,5.0,75114,RUE D ALESIA,M,"48,8278460","2,3285850",75,2019,30.0,1.0,2.0,4.0,2255533,1.0,1,4,2,9.0,,0.0,0,2000.0,A01,138Â 211Â 767,2.0,6.0,-1.0,1721685,1.0,7,,0.0,2.0,6.0,B01,138Â 211Â 766,1.0
1008652,201900050183,9,24,15:55,1,2,1,1.0,5.0,75114,RUE D ALESIA,M,"48,8278460","2,3285850",75,2019,30.0,1.0,2.0,4.0,2255533,1.0,1,4,2,9.0,,0.0,0,2000.0,A01,138Â 211Â 767,2.0,6.0,-1.0,1721686,2.0,30,,0.0,2.0,1.0,A01,138Â 211Â 767,1.0
1008653,201900050184,9,24,12:18,1,2,1,2.0,6.0,75112,RUE DE REUILLY,M,"48,8416730","2,3933990",75,2019,50.0,1.0,2.0,4.0,2255534,1.0,1,4,2,0.0,,0.0,0,1998.0,A01,138Â 211Â 764,8.0,2.0,-1.0,1721687,1.0,10,,0.0,2.0,1.0,Z01,138Â 211Â 763,0.0
1008653,201900050184,9,24,12:18,1,2,1,2.0,6.0,75112,RUE DE REUILLY,M,"48,8416730","2,3933990",75,2019,50.0,1.0,2.0,4.0,2255534,1.0,1,4,2,0.0,,0.0,0,1998.0,A01,138Â 211Â 764,8.0,2.0,-1.0,1721688,1.0,1,,0.0,2.0,0.0,A01,138Â 211Â 764,5.0
1008654,201900050185,9,25,08:50,1,2,1,2.0,3.0,75112,AVENUE DES CANADIENS,M,"48,8189500","2,4623240",75,2019,50.0,1.0,2.0,4.0,2255535,1.0,1,1,1,4.0,,0.0,0,1996.0,A01,138Â 211Â 761,1.0,0.0,-1.0,1721689,2.0,7,,0.0,2.0,6.0,A01,138Â 211Â 761,1.0
1008654,201900050185,9,25,08:50,1,2,1,2.0,3.0,75112,AVENUE DES CANADIENS,M,"48,8189500","2,4623240",75,2019,50.0,1.0,2.0,4.0,2255535,1.0,1,1,1,4.0,,0.0,0,1996.0,A01,138Â 211Â 761,1.0,0.0,-1.0,1721690,2.0,32,,0.0,2.0,1.0,B01,138Â 211Â 762,3.0
1008654,201900050185,9,25,08:50,1,2,1,2.0,3.0,75112,AVENUE DES CANADIENS,M,"48,8189500","2,4623240",75,2019,50.0,1.0,2.0,4.0,2255536,1.0,1,4,1,4.0,,0.0,0,1957.0,B01,138Â 211Â 762,2.0,6.0,-1.0,1721689,2.0,7,,0.0,2.0,6.0,A01,138Â 211Â 761,1.0
1008654,201900050185,9,25,08:50,1,2,1,2.0,3.0,75112,AVENUE DES CANADIENS,M,"48,8189500","2,4623240",75,2019,50.0,1.0,2.0,4.0,2255536,1.0,1,4,1,4.0,,0.0,0,1957.0,B01,138Â 211Â 762,2.0,6.0,-1.0,1721690,2.0,32,,0.0,2.0,1.0,B01,138Â 211Â 762,3.0
1008655,201900050186,9,25,01:40,5,2,2,1.0,4.0,75112,BOULEVARD DIDEROT,M,"48,8464453","2,3789554",75,2019,50.0,1.0,1.0,4.0,2255537,1.0,1,1,1,1.0,,0.0,0,1983.0,A01,138Â 211Â 758,1.0,0.0,-1.0,1721691,1.0,7,,0.0,2.0,1.0,A01,138Â 211Â 758,1.0
1008655,201900050186,9,25,01:40,5,2,2,1.0,4.0,75112,BOULEVARD DIDEROT,M,"48,8464453","2,3789554",75,2019,50.0,1.0,1.0,4.0,2255537,1.0,1,1,1,1.0,,0.0,0,1983.0,A01,138Â 211Â 758,1.0,0.0,-1.0,1721692,1.0,7,,0.0,2.0,9.0,B01,138Â 211Â 759,2.0
1008655,201900050186,9,25,01:40,5,2,2,1.0,4.0,75112,BOULEVARD DIDEROT,M,"48,8464453","2,3789554",75,2019,50.0,1.0,1.0,4.0,2255537,1.0,1,1,1,1.0,,0.0,0,1983.0,A01,138Â 211Â 758,1.0,0.0,-1.0,1721693,1.0,7,,0.0,2.0,4.0,C01,138Â 211Â 760,2.0
1008655,201900050186,9,25,01:40,5,2,2,1.0,4.0,75112,BOULEVARD DIDEROT,M,"48,8464453","2,3789554",75,2019,50.0,1.0,1.0,4.0,2255538,1.0,1,4,1,4.0,,0.0,0,1983.0,B01,138Â 211Â 759,1.0,0.0,-1.0,1721691,1.0,7,,0.0,2.0,1.0,A01,138Â 211Â 758,1.0
1008655,201900050186,9,25,01:40,5,2,2,1.0,4.0,75112,BOULEVARD DIDEROT,M,"48,8464453","2,3789554",75,2019,50.0,1.0,1.0,4.0,2255538,1.0,1,4,1,4.0,,0.0,0,1983.0,B01,138Â 211Â 759,1.0,0.0,-1.0,1721692,1.0,7,,0.0,2.0,9.0,B01,138Â 211Â 759,2.0
1008655,201900050186,9,25,01:40,5,2,2,1.0,4.0,75112,BOULEVARD DIDEROT,M,"48,8464453","2,3789554",75,2019,50.0,1.0,1.0,4.0,2255538,1.0,1,4,1,4.0,,0.0,0,1983.0,B01,138Â 211Â 759,1.0,0.0,-1.0,1721693,1.0,7,,0.0,2.0,4.0,C01,138Â 211Â 760,2.0
1008655,201900050186,9,25,01:40,5,2,2,1.0,4.0,75112,BOULEVARD DIDEROT,M,"48,8464453","2,3789554",75,2019,50.0,1.0,1.0,4.0,2255539,3.0,2,1,1,9.0,,0.0,0,1993.0,B01,138Â 211Â 759,1.0,0.0,-1.0,1721691,1.0,7,,0.0,2.0,1.0,A01,138Â 211Â 758,1.0
1008655,201900050186,9,25,01:40,5,2,2,1.0,4.0,75112,BOULEVARD DIDEROT,M,"48,8464453","2,3789554",75,2019,50.0,1.0,1.0,4.0,2255539,3.0,2,1,1,9.0,,0.0,0,1993.0,B01,138Â 211Â 759,1.0,0.0,-1.0,1721692,1.0,7,,0.0,2.0,9.0,B01,138Â 211Â 759,2.0
1008655,201900050186,9,25,01:40,5,2,2,1.0,4.0,75112,BOULEVARD DIDEROT,M,"48,8464453","2,3789554",75,2019,50.0,1.0,1.0,4.0,2255539,3.0,2,1,1,9.0,,0.0,0,1993.0,B01,138Â 211Â 759,1.0,0.0,-1.0,1721693,1.0,7,,0.0,2.0,4.0,C01,138Â 211Â 760,2.0
1008655,201900050186,9,25,01:40,5,2,2,1.0,4.0,75112,BOULEVARD DIDEROT,M,"48,8464453","2,3789554",75,2019,50.0,1.0,1.0,4.0,2255540,1.0,1,1,1,5.0,,0.0,0,1989.0,C01,138Â 211Â 760,1.0,0.0,-1.0,1721691,1.0,7,,0.0,2.0,1.0,A01,138Â 211Â 758,1.0
1008655,201900050186,9,25,01:40,5,2,2,1.0,4.0,75112,BOULEVARD DIDEROT,M,"48,8464453","2,3789554",75,2019,50.0,1.0,1.0,4.0,2255540,1.0,1,1,1,5.0,,0.0,0,1989.0,C01,138Â 211Â 760,1.0,0.0,-1.0,1721692,1.0,7,,0.0,2.0,9.0,B01,138Â 211Â 759,2.0
1008655,201900050186,9,25,01:40,5,2,2,1.0,4.0,75112,BOULEVARD DIDEROT,M,"48,8464453","2,3789554",75,2019,50.0,1.0,1.0,4.0,2255540,1.0,1,1,1,5.0,,0.0,0,1989.0,C01,138Â 211Â 760,1.0,0.0,-1.0,1721693,1.0,7,,0.0,2.0,4.0,C01,138Â 211Â 760,2.0
1008656,201900050187,9,25,10:05,1,2,3,2.0,3.0,75111,BOULEVARD VOLTAIRE,M,"48,8532815","2,3877187",75,2019,30.0,5.0,2.0,4.0,2255541,3.0,2,1,1,9.0,,0.0,0,1984.0,A01,138Â 211Â 756,1.0,0.0,-1.0,1721694,1.0,7,,0.0,2.0,7.0,A01,138Â 211Â 756,1.0
1008656,201900050187,9,25,10:05,1,2,3,2.0,3.0,75111,BOULEVARD VOLTAIRE,M,"48,8532815","2,3877187",75,2019,30.0,5.0,2.0,4.0,2255541,3.0,2,1,1,9.0,,0.0,0,1984.0,A01,138Â 211Â 756,1.0,0.0,-1.0,1721695,1.0,50,,0.0,2.0,8.0,B01,138Â 211Â 757,3.0
1008656,201900050187,9,25,10:05,1,2,3,2.0,3.0,75111,BOULEVARD VOLTAIRE,M,"48,8532815","2,3877187",75,2019,30.0,5.0,2.0,4.0,2255542,1.0,1,1,1,4.0,,0.0,0,1966.0,A01,138Â 211Â 756,1.0,0.0,-1.0,1721694,1.0,7,,0.0,2.0,7.0,A01,138Â 211Â 756,1.0
1008656,201900050187,9,25,10:05,1,2,3,2.0,3.0,75111,BOULEVARD VOLTAIRE,M,"48,8532815","2,3877187",75,2019,30.0,5.0,2.0,4.0,2255542,1.0,1,1,1,4.0,,0.0,0,1966.0,A01,138Â 211Â 756,1.0,0.0,-1.0,1721695,1.0,50,,0.0,2.0,8.0,B01,138Â 211Â 757,3.0
1008656,201900050187,9,25,10:05,1,2,3,2.0,3.0,75111,BOULEVARD VOLTAIRE,M,"48,8532815","2,3877187",75,2019,30.0,5.0,2.0,4.0,2255543,1.0,1,4,1,9.0,,0.0,0,1985.0,B01,138Â 211Â 757,8.0,2.0,-1.0,1721694,1.0,7,,0.0,2.0,7.0,A01,138Â 211Â 756,1.0
1008656,201900050187,9,25,10:05,1,2,3,2.0,3.0,75111,BOULEVARD VOLTAIRE,M,"48,8532815","2,3877187",75,2019,30.0,5.0,2.0,4.0,2255543,1.0,1,4,1,9.0,,0.0,0,1985.0,B01,138Â 211Â 757,8.0,2.0,-1.0,1721695,1.0,50,,0.0,2.0,8.0,B01,138Â 211Â 757,3.0
1008657,201900050188,9,25,11:45,1,2,1,8.0,3.0,75110,RUE DE LA GRANGE AUX BELLES,M,"48,8749830","2,3668790",75,2019,50.0,1.0,2.0,4.0,2255544,2.0,2,1,2,9.0,,0.0,0,1931.0,A01,138Â 211Â 754,1.0,0.0,-1.0,1721696,1.0,7,,0.0,2.0,7.0,A01,138Â 211Â 754,1.0
1008657,201900050188,9,25,11:45,1,2,1,8.0,3.0,75110,RUE DE LA GRANGE AUX BELLES,M,"48,8749830","2,3668790",75,2019,50.0,1.0,2.0,4.0,2255544,2.0,2,1,2,9.0,,0.0,0,1931.0,A01,138Â 211Â 754,1.0,0.0,-1.0,1721697,1.0,33,,0.0,2.0,8.0,B01,138Â 211Â 755,1.0
1008657,201900050188,9,25,11:45,1,2,1,8.0,3.0,75110,RUE DE LA GRANGE AUX BELLES,M,"48,8749830","2,3668790",75,2019,50.0,1.0,2.0,4.0,2255545,1.0,1,1,2,9.0,,0.0,0,1959.0,A01,138Â 211Â 754,1.0,0.0,-1.0,1721696,1.0,7,,0.0,2.0,7.0,A01,138Â 211Â 754,1.0
1008657,201900050188,9,25,11:45,1,2,1,8.0,3.0,75110,RUE DE LA GRANGE AUX BELLES,M,"48,8749830","2,3668790",75,2019,50.0,1.0,2.0,4.0,2255545,1.0,1,1,2,9.0,,0.0,0,1959.0,A01,138Â 211Â 754,1.0,0.0,-1.0,1721697,1.0,33,,0.0,2.0,8.0,B01,138Â 211Â 755,1.0
1008657,201900050188,9,25,11:45,1,2,1,8.0,3.0,75110,RUE DE LA GRANGE AUX BELLES,M,"48,8749830","2,3668790",75,2019,50.0,1.0,2.0,4.0,2255546,1.0,1,4,1,9.0,,0.0,0,1990.0,B01,138Â 211Â 755,2.0,6.0,-1.0,1721696,1.0,7,,0.0,2.0,7.0,A01,138Â 211Â 754,1.0
1008657,201900050188,9,25,11:45,1,2,1,8.0,3.0,75110,RUE DE LA GRANGE AUX BELLES,M,"48,8749830","2,3668790",75,2019,50.0,1.0,2.0,4.0,2255546,1.0,1,4,1,9.0,,0.0,0,1990.0,B01,138Â 211Â 755,2.0,6.0,-1.0,1721697,1.0,33,,0.0,2.0,8.0,B01,138Â 211Â 755,1.0
1008658,201900050189,9,25,09:00,1,2,1,3.0,7.0,75110,RUE DU FAUBOURG SAINT MARTIN,M,"48,8705700","2,3564400",75,2019,50.0,1.0,2.0,4.0,2255547,1.0,1,4,2,1.0,,0.0,0,1982.0,A01,138Â 211Â 753,2.0,6.0,-1.0,1721698,2.0,32,,0.0,0.0,0.0,A01,138Â 211Â 753,1.0
1008659,201900050190,9,25,09:30,1,2,7,2.0,6.0,75110,RUE DE DUNKERQUE,M,"48,8806227","2,3521587",75,2019,50.0,1.0,2.0,4.0,2255548,1.0,1,4,2,1.0,,0.0,0,1993.0,A01,138Â 211Â 751,2.0,6.0,-1.0,1721699,1.0,30,,0.0,2.0,4.0,A01,138Â 211Â 751,3.0
1008659,201900050190,9,25,09:30,1,2,7,2.0,6.0,75110,RUE DE DUNKERQUE,M,"48,8806227","2,3521587",75,2019,50.0,1.0,2.0,4.0,2255548,1.0,1,4,2,1.0,,0.0,0,1993.0,A01,138Â 211Â 751,2.0,6.0,-1.0,1721700,1.0,7,,0.0,2.0,1.0,Z01,138Â 211Â 752,1.0
1008660,201900050191,9,24,08:50,1,2,3,8.0,3.0,75109,BOULEVARD HAUSSMANN,M,"48,8721277","2,3391918",75,2019,50.0,1.0,1.0,4.0,2255549,1.0,1,1,1,0.0,,0.0,0,1970.0,B01,138Â 211Â 749,2.0,8.0,-1.0,1721701,1.0,1,,0.0,2.0,6.0,B01,138Â 211Â 749,5.0
1008660,201900050191,9,24,08:50,1,2,3,8.0,3.0,75109,BOULEVARD HAUSSMANN,M,"48,8721277","2,3391918",75,2019,50.0,1.0,1.0,4.0,2255549,1.0,1,1,1,0.0,,0.0,0,1970.0,B01,138Â 211Â 749,2.0,8.0,-1.0,1721702,1.0,30,,0.0,2.0,6.0,A01,138Â 211Â 750,1.0
1008660,201900050191,9,24,08:50,1,2,3,8.0,3.0,75109,BOULEVARD HAUSSMANN,M,"48,8721277","2,3391918",75,2019,50.0,1.0,1.0,4.0,2255550,2.0,2,1,2,9.0,,0.0,0,1991.0,A01,138Â 211Â 750,2.0,6.0,-1.0,1721701,1.0,1,,0.0,2.0,6.0,B01,138Â 211Â 749,5.0
1008660,201900050191,9,24,08:50,1,2,3,8.0,3.0,75109,BOULEVARD HAUSSMANN,M,"48,8721277","2,3391918",75,2019,50.0,1.0,1.0,4.0,2255550,2.0,2,1,2,9.0,,0.0,0,1991.0,A01,138Â 211Â 750,2.0,6.0,-1.0,1721702,1.0,30,,0.0,2.0,6.0,A01,138Â 211Â 750,1.0
1008660,201900050191,9,24,08:50,1,2,3,8.0,3.0,75109,BOULEVARD HAUSSMANN,M,"48,8721277","2,3391918",75,2019,50.0,1.0,1.0,4.0,2255551,1.0,1,4,1,0.0,,0.0,0,1995.0,A01,138Â 211Â 750,2.0,6.0,-1.0,1721701,1.0,1,,0.0,2.0,6.0,B01,138Â 211Â 749,5.0
1008660,201900050191,9,24,08:50,1,2,3,8.0,3.0,75109,BOULEVARD HAUSSMANN,M,"48,8721277","2,3391918",75,2019,50.0,1.0,1.0,4.0,2255551,1.0,1,4,1,0.0,,0.0,0,1995.0,A01,138Â 211Â 750,2.0,6.0,-1.0,1721702,1.0,30,,0.0,2.0,6.0,A01,138Â 211Â 750,1.0
1008661,201900050192,9,25,09:20,1,2,3,3.0,3.0,75108,BOULEVARD MALESHERBES,M,"48,8804987","2,3129615",75,2019,50.0,1.0,2.0,4.0,2255552,1.0,1,4,1,4.0,,0.0,0,1993.0,A01,138Â 211Â 747,2.0,6.0,-1.0,1721703,2.0,2,,0.0,2.0,8.0,A01,138Â 211Â 747,1.0
1008661,201900050192,9,25,09:20,1,2,3,3.0,3.0,75108,BOULEVARD MALESHERBES,M,"48,8804987","2,3129615",75,2019,50.0,1.0,2.0,4.0,2255552,1.0,1,4,1,4.0,,0.0,0,1993.0,A01,138Â 211Â 747,2.0,6.0,-1.0,1721704,1.0,2,,0.0,2.0,8.0,B01,138Â 211Â 748,1.0
1008661,201900050192,9,25,09:20,1,2,3,3.0,3.0,75108,BOULEVARD MALESHERBES,M,"48,8804987","2,3129615",75,2019,50.0,1.0,2.0,4.0,2255553,2.0,2,4,1,5.0,,0.0,0,2010.0,B01,138Â 211Â 748,2.0,6.0,-1.0,1721703,2.0,2,,0.0,2.0,8.0,A01,138Â 211Â 747,1.0
1008661,201900050192,9,25,09:20,1,2,3,3.0,3.0,75108,BOULEVARD MALESHERBES,M,"48,8804987","2,3129615",75,2019,50.0,1.0,2.0,4.0,2255553,2.0,2,4,1,5.0,,0.0,0,2010.0,B01,138Â 211Â 748,2.0,6.0,-1.0,1721704,1.0,2,,0.0,2.0,8.0,B01,138Â 211Â 748,1.0
1008661,201900050192,9,25,09:20,1,2,3,3.0,3.0,75108,BOULEVARD MALESHERBES,M,"48,8804987","2,3129615",75,2019,50.0,1.0,2.0,4.0,2255554,1.0,1,4,2,5.0,,0.0,0,1974.0,B01,138Â 211Â 748,2.0,6.0,-1.0,1721703,2.0,2,,0.0,2.0,8.0,A01,138Â 211Â 747,1.0
1008661,201900050192,9,25,09:20,1,2,3,3.0,3.0,75108,BOULEVARD MALESHERBES,M,"48,8804987","2,3129615",75,2019,50.0,1.0,2.0,4.0,2255554,1.0,1,4,2,5.0,,0.0,0,1974.0,B01,138Â 211Â 748,2.0,6.0,-1.0,1721704,1.0,2,,0.0,2.0,8.0,B01,138Â 211Â 748,1.0
1008662,201900050193,9,25,07:25,5,2,4,2.0,6.0,75108,AVENUE DES CHAMPS ELYSEES,M,"48,8719167","2,3008379",75,2019,50.0,1.0,2.0,4.0,2255555,10.0,3,4,2,0.0,,4.0,3,1990.0,A01,138Â 211Â 746,0.0,-1.0,-1.0,1721705,2.0,10,,0.0,1.0,2.0,A01,138Â 211Â 746,1.0
1008662,201900050193,9,25,07:25,5,2,4,2.0,6.0,75108,AVENUE DES CHAMPS ELYSEES,M,"48,8719167","2,3008379",75,2019,50.0,1.0,2.0,4.0,2255556,1.0,1,1,1,0.0,,0.0,0,1984.0,A01,138Â 211Â 746,1.0,0.0,-1.0,1721705,2.0,10,,0.0,1.0,2.0,A01,138Â 211Â 746,1.0
1008663,201900050194,9,25,21:30,5,2,1,2.0,2.0,94078,MELUN (AV DE),M,"48,7239500","2,4447500",94,2019,50.0,1.0,2.0,2.0,2255557,1.0,1,1,2,0.0,,-1.0, -1,1961.0,A01,138Â 211Â 744,1.0,0.0,-1.0,1721706,2.0,7,,0.0,2.0,1.0,A01,138Â 211Â 744,1.0
1008663,201900050194,9,25,21:30,5,2,1,2.0,2.0,94078,MELUN (AV DE),M,"48,7239500","2,4447500",94,2019,50.0,1.0,2.0,2.0,2255557,1.0,1,1,2,0.0,,-1.0, -1,1961.0,A01,138Â 211Â 744,1.0,0.0,-1.0,1721707,2.0,7,,0.0,2.0,4.0,B01,138Â 211Â 745,1.0
1008663,201900050194,9,25,21:30,5,2,1,2.0,2.0,94078,MELUN (AV DE),M,"48,7239500","2,4447500",94,2019,50.0,1.0,2.0,2.0,2255558,1.0,1,4,1,1.0,,-1.0, -1,1971.0,B01,138Â 211Â 745,1.0,0.0,-1.0,1721706,2.0,7,,0.0,2.0,1.0,A01,138Â 211Â 744,1.0
1008663,201900050194,9,25,21:30,5,2,1,2.0,2.0,94078,MELUN (AV DE),M,"48,7239500","2,4447500",94,2019,50.0,1.0,2.0,2.0,2255558,1.0,1,4,1,1.0,,-1.0, -1,1971.0,B01,138Â 211Â 745,1.0,0.0,-1.0,1721707,2.0,7,,0.0,2.0,4.0,B01,138Â 211Â 745,1.0
1008664,201900050195,9,23,11:20,1,2,3,1.0,5.0,94041,PENICHES (R DES),M,"48,8145962","2,4043225",94,2019,50.0,3.0,1.0,3.0,2255559,1.0,1,4,1,1.0,,0.0,0,1965.0,C01,138Â 211Â 740,2.0,0.0,-1.0,1721708,2.0,34,,0.0,2.0,3.0,C01,138Â 211Â 740,1.0
1008664,201900050195,9,23,11:20,1,2,3,1.0,5.0,94041,PENICHES (R DES),M,"48,8145962","2,4043225",94,2019,50.0,3.0,1.0,3.0,2255559,1.0,1,4,1,1.0,,0.0,0,1965.0,C01,138Â 211Â 740,2.0,0.0,-1.0,1721709,2.0,7,,0.0,2.0,3.0,B01,138Â 211Â 741,1.0
1008664,201900050195,9,23,11:20,1,2,3,1.0,5.0,94041,PENICHES (R DES),M,"48,8145962","2,4043225",94,2019,50.0,3.0,1.0,3.0,2255559,1.0,1,4,1,1.0,,0.0,0,1965.0,C01,138Â 211Â 740,2.0,0.0,-1.0,1721710,1.0,7,,0.0,2.0,0.0,Z01,138Â 211Â 742,0.0
1008664,201900050195,9,23,11:20,1,2,3,1.0,5.0,94041,PENICHES (R DES),M,"48,8145962","2,4043225",94,2019,50.0,3.0,1.0,3.0,2255560,1.0,1,1,2,1.0,,0.0,0,1995.0,B01,138Â 211Â 741,1.0,0.0,-1.0,1721708,2.0,34,,0.0,2.0,3.0,C01,138Â 211Â 740,1.0
1008664,201900050195,9,23,11:20,1,2,3,1.0,5.0,94041,PENICHES (R DES),M,"48,8145962","2,4043225",94,2019,50.0,3.0,1.0,3.0,2255560,1.0,1,1,2,1.0,,0.0,0,1995.0,B01,138Â 211Â 741,1.0,0.0,-1.0,1721709,2.0,7,,0.0,2.0,3.0,B01,138Â 211Â 741,1.0
1008664,201900050195,9,23,11:20,1,2,3,1.0,5.0,94041,PENICHES (R DES),M,"48,8145962","2,4043225",94,2019,50.0,3.0,1.0,3.0,2255560,1.0,1,1,2,1.0,,0.0,0,1995.0,B01,138Â 211Â 741,1.0,0.0,-1.0,1721710,1.0,7,,0.0,2.0,0.0,Z01,138Â 211Â 742,0.0
1008665,201900050196,9,24,21:45,5,2,1,2.0,2.0,94028,FOCH(AVENUE DU MARECHAL),M,"48,7779500","2,4383800",94,2019,90.0,1.0,2.0,2.0,2255561,1.0,1,3,1,0.0,,-1.0, -1,1971.0,A01,138Â 211Â 738,2.0,8.0,-1.0,1721711,3.0,32,,14.0,2.0,1.0,A01,138Â 211Â 738,1.0
1008665,201900050196,9,24,21:45,5,2,1,2.0,2.0,94028,FOCH(AVENUE DU MARECHAL),M,"48,7779500","2,4383800",94,2019,90.0,1.0,2.0,2.0,2255561,1.0,1,3,1,0.0,,-1.0, -1,1971.0,A01,138Â 211Â 738,2.0,8.0,-1.0,1721712,3.0,7,,0.0,2.0,4.0,B01,138Â 211Â 739,1.0
1008665,201900050196,9,24,21:45,5,2,1,2.0,2.0,94028,FOCH(AVENUE DU MARECHAL),M,"48,7779500","2,4383800",94,2019,90.0,1.0,2.0,2.0,2255562,1.0,1,1,1,0.0,,-1.0, -1,1972.0,B01,138Â 211Â 739,1.0,8.0,-1.0,1721711,3.0,32,,14.0,2.0,1.0,A01,138Â 211Â 738,1.0
1008665,201900050196,9,24,21:45,5,2,1,2.0,2.0,94028,FOCH(AVENUE DU MARECHAL),M,"48,7779500","2,4383800",94,2019,90.0,1.0,2.0,2.0,2255562,1.0,1,1,1,0.0,,-1.0, -1,1972.0,B01,138Â 211Â 739,1.0,8.0,-1.0,1721712,3.0,7,,0.0,2.0,4.0,B01,138Â 211Â 739,1.0
1008666,201900050197,9,24,16:33,1,2,1,1.0,3.0,94059,MAURICE BERTEAUX (AV),M,"48,8080030","2,5700460",94,2019,50.0,1.0,2.0,3.0,2255563,1.0,1,4,1,0.0,,-1.0, -1,2001.0,B01,138Â 211Â 736,2.0,0.0,-1.0,1721713,1.0,2,,0.0,2.0,1.0,B01,138Â 211Â 736,1.0
1008666,201900050197,9,24,16:33,1,2,1,1.0,3.0,94059,MAURICE BERTEAUX (AV),M,"48,8080030","2,5700460",94,2019,50.0,1.0,2.0,3.0,2255563,1.0,1,4,1,0.0,,-1.0, -1,2001.0,B01,138Â 211Â 736,2.0,0.0,-1.0,1721714,1.0,7,,0.0,2.0,8.0,A01,138Â 211Â 737,1.0
1008666,201900050197,9,24,16:33,1,2,1,1.0,3.0,94059,MAURICE BERTEAUX (AV),M,"48,8080030","2,5700460",94,2019,50.0,1.0,2.0,3.0,2255564,1.0,1,1,1,0.0,,-1.0, -1,1953.0,A01,138Â 211Â 737,1.0,0.0,-1.0,1721713,1.0,2,,0.0,2.0,1.0,B01,138Â 211Â 736,1.0
1008666,201900050197,9,24,16:33,1,2,1,1.0,3.0,94059,MAURICE BERTEAUX (AV),M,"48,8080030","2,5700460",94,2019,50.0,1.0,2.0,3.0,2255564,1.0,1,1,1,0.0,,-1.0, -1,1953.0,A01,138Â 211Â 737,1.0,0.0,-1.0,1721714,1.0,7,,0.0,2.0,8.0,A01,138Â 211Â 737,1.0
1008667,201900050198,9,23,17:05,1,2,3,1.0,3.0,94059,PROPHETE (AV DU),M,"48,8217200","2,5608500",94,2019,30.0,1.0,1.0,4.0,2255565,1.0,1,4,2,0.0,,-1.0, -1,1994.0,B01,138Â 211Â 734,1.0,8.0,-1.0,1721715,1.0,7,,0.0,2.0,3.0,B01,138Â 211Â 734,0.0
1008667,201900050198,9,23,17:05,1,2,3,1.0,3.0,94059,PROPHETE (AV DU),M,"48,8217200","2,5608500",94,2019,30.0,1.0,1.0,4.0,2255565,1.0,1,4,2,0.0,,-1.0, -1,1994.0,B01,138Â 211Â 734,1.0,8.0,-1.0,1721716,2.0,7,,0.0,2.0,2.0,A01,138Â 211Â 735,0.0
1008667,201900050198,9,23,17:05,1,2,3,1.0,3.0,94059,PROPHETE (AV DU),M,"48,8217200","2,5608500",94,2019,30.0,1.0,1.0,4.0,2255566,1.0,1,1,1,0.0,,-1.0,0,2001.0,A01,138Â 211Â 735,1.0,8.0,-1.0,1721715,1.0,7,,0.0,2.0,3.0,B01,138Â 211Â 734,0.0
1008667,201900050198,9,23,17:05,1,2,3,1.0,3.0,94059,PROPHETE (AV DU),M,"48,8217200","2,5608500",94,2019,30.0,1.0,1.0,4.0,2255566,1.0,1,1,1,0.0,,-1.0,0,2001.0,A01,138Â 211Â 735,1.0,8.0,-1.0,1721716,2.0,7,,0.0,2.0,2.0,A01,138Â 211Â 735,0.0
1008668,201900050199,9,25,06:50,5,2,1,2.0,6.0,94017,GENERAL DE GAULLE (AV DU),M,"48,8231300","2,4953700",94,2019,50.0,-1.0,2.0,3.0,2255567,10.0,3,4,1,5.0,,3.0,3,1982.0,A01,138Â 211Â 733,8.0,0.0,-1.0,1721717,1.0,7,,0.0,1.0,1.0,A01,138Â 211Â 733,1.0
1008668,201900050199,9,25,06:50,5,2,1,2.0,6.0,94017,GENERAL DE GAULLE (AV DU),M,"48,8231300","2,4953700",94,2019,50.0,-1.0,2.0,3.0,2255568,1.0,1,1,1,0.0,,-1.0, -1,1964.0,A01,138Â 211Â 733,8.0,0.0,-1.0,1721717,1.0,7,,0.0,1.0,1.0,A01,138Â 211Â 733,1.0
1008669,201900050200,9,25,07:55,1,2,1,2.0,2.0,93051,MONT D'EST (BD),M,"48,8431000","2,5454200",93,2019,50.0,1.0,2.0,3.0,2255569,1.0,1,1,1,2.0,,-1.0, -1,2001.0,A01,138Â 211Â 731,2.0,6.0,-1.0,1721718,1.0,30,,0.0,2.0,1.0,A01,138Â 211Â 731,1.0