Unnamed: 0_x,num_acc,mois,jour,hrmn,lum,agg,int,atm,col,com,adr,gps,lat,long,dep,annee,vma,situ,surf,catr,Unnamed: 0_y,place,catu,grav,sexe,trajet,secu,locp,actp,an_nais,num_veh_x,id_vehicule_x,secu1,secu2,secu3,Unnamed: 0,senc,catv,occutc,obs,obsm,choc,num_veh_y,id_vehicule_y,motor
1008669,201900050200,9,25,07:55,1,2,1,2.0,2.0,93051,MONT D'EST (BD),M,"48,8431000","2,5454200",93,2019,50.0,1.0,2.0,3.0,2255569,1.0,1,1,1,2.0,,-1.0, -1,2001.0,A01,138Â 211Â 731,2.0,6.0,-1.0,1721719,1.0,7,,0.0,2.0,5.0,B01,138Â 211Â 732,1.0
1008669,201900050200,9,25,07:55,1,2,1,2.0,2.0,93051,MONT D'EST (BD),M,"48,8431000","2,5454200",93,2019,50.0,1.0,2.0,3.0,2255570,1.0,1,4,2,1.0,,-1.0, -1,1990.0,B01,138Â 211Â 732,1.0,8.0,-1.0,1721718,1.0,30,,0.0,2.0,1.0,A01,138Â 211Â 731,1.0
1008669,201900050200,9,25,07:55,1,2,1,2.0,2.0,93051,MONT D'EST (BD),M,"48,8431000","2,5454200",93,2019,50.0,1.0,2.0,3.0,2255570,1.0,1,4,2,1.0,,-1.0, -1,1990.0,B01,138Â 211Â 732,1.0,8.0,-1.0,1721719,1.0,7,,0.0,2.0,5.0,B01,138Â 211Â 732,1.0
1008670,201900050201,9,25,20:15,5,2,9,2.0,4.0,93046,LUCIE ALLEE,M,"48,9110000","2,5105200",93,2019,50.0,1.0,2.0,3.0,2255571,1.0,1,4,1,4.0,,-1.0, -1,1997.0,A01,138Â 211Â 728,2.0,0.0,-1.0,1721720,1.0,30,,0.0,2.0,4.0,A01,138Â 211Â 728,1.0
1008670,201900050201,9,25,20:15,5,2,9,2.0,4.0,93046,LUCIE ALLEE,M,"48,9110000","2,5105200",93,2019,50.0,1.0,2.0,3.0,2255571,1.0,1,4,1,4.0,,-1.0, -1,1997.0,A01,138Â 211Â 728,2.0,0.0,-1.0,1721721,1.0,7,,0.0,2.0,1.0,Z01,138Â 211Â 729,1.0
1008670,201900050201,9,25,20:15,5,2,9,2.0,4.0,93046,LUCIE ALLEE,M,"48,9110000","2,5105200",93,2019,50.0,1.0,2.0,3.0,2255571,1.0,1,4,1,4.0,,-1.0, -1,1997.0,A01,138Â 211Â 728,2.0,0.0,-1.0,1721722,1.0,7,,0.0,2.0,8.0,B01,138Â 211Â 730,1.0
1008670,201900050201,9,25,20:15,5,2,9,2.0,4.0,93046,LUCIE ALLEE,M,"48,9110000","2,5105200",93,2019,50.0,1.0,2.0,3.0,2255572,1.0,1,1,2,5.0,,-1.0, -1,1969.0,B01,138Â 211Â 730,1.0,0.0,-1.0,1721720,1.0,30,,0.0,2.0,4.0,A01,138Â 211Â 728,1.0
1008670,201900050201,9,25,20:15,5,2,9,2.0,4.0,93046,LUCIE ALLEE,M,"48,9110000","2,5105200",93,2019,50.0,1.0,2.0,3.0,2255572,1.0,1,1,2,5.0,,-1.0, -1,1969.0,B01,138Â 211Â 730,1.0,0.0,-1.0,1721721,1.0,7,,0.0,2.0,1.0,Z01,138Â 211Â 729,1.0
1008670,201900050201,9,25,20:15,5,2,9,2.0,4.0,93046,LUCIE ALLEE,M,"48,9110000","2,5105200",93,2019,50.0,1.0,2.0,3.0,2255572,1.0,1,1,2,5.0,,-1.0, -1,1969.0,B01,138Â 211Â 730,1.0,0.0,-1.0,1721722,1.0,7,,0.0,2.0,8.0,B01,138Â 211Â 730,1.0
1008670,201900050201,9,25,20:15,5,2,9,2.0,4.0,93046,LUCIE ALLEE,M,"48,9110000","2,5105200",93,2019,50.0,1.0,2.0,3.0,2255573,2.0,2,1,1,5.0,,-1.0, -1,1992.0,B01,138Â 211Â 730,1.0,0.0,-1.0,1721720,1.0,30,,0.0,2.0,4.0,A01,138Â 211Â 728,1.0
1008670,201900050201,9,25,20:15,5,2,9,2.0,4.0,93046,LUCIE ALLEE,M,"48,9110000","2,5105200",93,2019,50.0,1.0,2.0,3.0,2255573,2.0,2,1,1,5.0,,-1.0, -1,1992.0,B01,138Â 211Â 730,1.0,0.0,-1.0,1721721,1.0,7,,0.0,2.0,1.0,Z01,138Â 211Â 729,1.0
1008670,201900050201,9,25,20:15,5,2,9,2.0,4.0,93046,LUCIE ALLEE,M,"48,9110000","2,5105200",93,2019,50.0,1.0,2.0,3.0,2255573,2.0,2,1,1,5.0,,-1.0, -1,1992.0,B01,138Â 211Â 730,1.0,0.0,-1.0,1721722,1.0,7,,0.0,2.0,8.0,B01,138Â 211Â 730,1.0
1008671,201900050202,9,25,07:15,2,2,3,2.0,6.0,93029,HENRI BARBUSSE (AVE) NÂ°126-280,M,"48,9200000","2,4500000",93,2019,50.0,1.0,2.0,3.0,2255574,1.0,1,4,1,1.0,,-1.0, -1,1988.0,A01,138Â 211Â 726,1.0,8.0,-1.0,1721723,2.0,7,,0.0,2.0,2.0,A01,138Â 211Â 726,1.0
1008671,201900050202,9,25,07:15,2,2,3,2.0,6.0,93029,HENRI BARBUSSE (AVE) NÂ°126-280,M,"48,9200000","2,4500000",93,2019,50.0,1.0,2.0,3.0,2255574,1.0,1,4,1,1.0,,-1.0, -1,1988.0,A01,138Â 211Â 726,1.0,8.0,-1.0,1721724,2.0,7,,0.0,2.0,1.0,B01,138Â 211Â 727,1.0
1008671,201900050202,9,25,07:15,2,2,3,2.0,6.0,93029,HENRI BARBUSSE (AVE) NÂ°126-280,M,"48,9200000","2,4500000",93,2019,50.0,1.0,2.0,3.0,2255575,1.0,1,1,1,1.0,,-1.0, -1,1993.0,B01,138Â 211Â 727,1.0,8.0,-1.0,1721723,2.0,7,,0.0,2.0,2.0,A01,138Â 211Â 726,1.0
1008671,201900050202,9,25,07:15,2,2,3,2.0,6.0,93029,HENRI BARBUSSE (AVE) NÂ°126-280,M,"48,9200000","2,4500000",93,2019,50.0,1.0,2.0,3.0,2255575,1.0,1,1,1,1.0,,-1.0, -1,1993.0,B01,138Â 211Â 727,1.0,8.0,-1.0,1721724,2.0,7,,0.0,2.0,1.0,B01,138Â 211Â 727,1.0
1008672,201900050203,9,24,18:39,1,2,1,1.0,6.0,93029,HENRI BARBUSSE (AVE) NÂ°126-280,M,"48,9195000","2,4507100",93,2019,50.0,1.0,1.0,3.0,2255576,10.0,3,4,1,9.0,,4.0,3,1983.0,A01,138Â 211Â 725,8.0,0.0,-1.0,1721725,1.0,31,,0.0,1.0,1.0,A01,138Â 211Â 725,0.0
1008673,201900050204,9,25,11:15,1,1,1,2.0,6.0,93008,PARIS (RUE DE),M,"48,8994702","2,4469786",93,2019,50.0,1.0,2.0,3.0,2255577,1.0,1,1,1,0.0,,0.0,0,1992.0,A01,138Â 211Â 724,1.0,0.0,-1.0,1721726,2.0,7,,0.0,1.0,1.0,A01,138Â 211Â 724,1.0
1008673,201900050204,9,25,11:15,1,1,1,2.0,6.0,93008,PARIS (RUE DE),M,"48,8994702","2,4469786",93,2019,50.0,1.0,2.0,3.0,2255578,10.0,3,4,1,0.0,,9.0,B,1950.0,A01,138Â 211Â 724,8.0,0.0,-1.0,1721726,2.0,7,,0.0,1.0,1.0,A01,138Â 211Â 724,1.0
1008674,201900050205,9,25,03:00,5,2,1,1.0,7.0,93055,GENERAL LECLERC(AVE DU)89/FIN ET 122/FIN,M,"48,9023200","2,4148400",93,2019,50.0,1.0,1.0,3.0,2255579,1.0,1,3,1,0.0,,-1.0, -1,1986.0,A01,138Â 211Â 723,2.0,8.0,-1.0,1721727,2.0,32,,14.0,0.0,0.0,A01,138Â 211Â 723,0.0
1008675,201900050206,9,25,08:40,1,2,1,2.0,2.0,93001,VICTOR HUGO (AVE)  => 120,M,"48,9034000","2,3720100",93,2019,50.0,1.0,2.0,3.0,2255580,10.0,3,1,1,1.0,,3.0,3,2019.0,A01,138Â 211Â 721,0.0,-1.0,-1.0,1721728,2.0,42,,1.0,1.0,1.0,A01,138Â 211Â 721,1.0
1008675,201900050206,9,25,08:40,1,2,1,2.0,2.0,93001,VICTOR HUGO (AVE)  => 120,M,"48,9034000","2,3720100",93,2019,50.0,1.0,2.0,3.0,2255580,10.0,3,1,1,1.0,,3.0,3,2019.0,A01,138Â 211Â 721,0.0,-1.0,-1.0,1721729,2.0,7,,1.0,0.0,6.0,B01,138Â 211Â 722,1.0
1008675,201900050206,9,25,08:40,1,2,1,2.0,2.0,93001,VICTOR HUGO (AVE)  => 120,M,"48,9034000","2,3720100",93,2019,50.0,1.0,2.0,3.0,2255581,1.0,1,4,1,1.0,,-1.0, -1,1983.0,A01,138Â 211Â 721,2.0,6.0,-1.0,1721728,2.0,42,,1.0,1.0,1.0,A01,138Â 211Â 721,1.0
1008675,201900050206,9,25,08:40,1,2,1,2.0,2.0,93001,VICTOR HUGO (AVE)  => 120,M,"48,9034000","2,3720100",93,2019,50.0,1.0,2.0,3.0,2255581,1.0,1,4,1,1.0,,-1.0, -1,1983.0,A01,138Â 211Â 721,2.0,6.0,-1.0,1721729,2.0,7,,1.0,0.0,6.0,B01,138Â 211Â 722,1.0
1008675,201900050206,9,25,08:40,1,2,1,2.0,2.0,93001,VICTOR HUGO (AVE)  => 120,M,"48,9034000","2,3720100",93,2019,50.0,1.0,2.0,3.0,2255582,1.0,1,1,1,1.0,,-1.0, -1,1993.0,B01,138Â 211Â 722,1.0,0.0,-1.0,1721728,2.0,42,,1.0,1.0,1.0,A01,138Â 211Â 721,1.0
1008675,201900050206,9,25,08:40,1,2,1,2.0,2.0,93001,VICTOR HUGO (AVE)  => 120,M,"48,9034000","2,3720100",93,2019,50.0,1.0,2.0,3.0,2255582,1.0,1,1,1,1.0,,-1.0, -1,1993.0,B01,138Â 211Â 722,1.0,0.0,-1.0,1721729,2.0,7,,1.0,0.0,6.0,B01,138Â 211Â 722,1.0
1008676,201900050207,9,25,16:00,1,2,1,1.0,6.0,92033,SURESNES,M,"48,8468200","2,1949500",92,2019,30.0,1.0,1.0,4.0,2255583,1.0,1,4,2,5.0,,-1.0,0,1927.0,A01,138Â 211Â 720,1.0,0.0,-1.0,1721730,1.0,7,,12.0,0.0,1.0,A01,138Â 211Â 720,1.0
1008677,201900050208,9,25,12:08,1,2,2,2.0,6.0,92048,TERRE NEUVE (RUE),M,"48,8077000","2,2359100",92,2019,50.0,1.0,2.0,3.0,2255584,10.0,3,4,1,0.0,,4.0,3,1944.0,A01,138Â 211Â 719,8.0,0.0,-1.0,1721731,2.0,7,,0.0,1.0,1.0,A01,138Â 211Â 719,1.0
1008677,201900050208,9,25,12:08,1,2,2,2.0,6.0,92048,TERRE NEUVE (RUE),M,"48,8077000","2,2359100",92,2019,50.0,1.0,2.0,3.0,2255585,1.0,1,1,2,5.0,,-1.0,0,1983.0,A01,138Â 211Â 719,1.0,8.0,-1.0,1721731,2.0,7,,0.0,1.0,1.0,A01,138Â 211Â 719,1.0
1008678,201900050209,5,23,13:25,1,2,2,1.0,3.0,92044,P.V.COUTURIER(RUE)1A39 ET2A26,M,"48,8949369","2,2809438",92,2019,50.0,1.0,1.0,4.0,2255586,1.0,1,1,2,0.0,,-1.0,0,1973.0,A01,138Â 211Â 717,1.0,0.0,-1.0,1721732,2.0,7,,0.0,2.0,2.0,A01,138Â 211Â 717,1.0
1008678,201900050209,5,23,13:25,1,2,2,1.0,3.0,92044,P.V.COUTURIER(RUE)1A39 ET2A26,M,"48,8949369","2,2809438",92,2019,50.0,1.0,1.0,4.0,2255586,1.0,1,1,2,0.0,,-1.0,0,1973.0,A01,138Â 211Â 717,1.0,0.0,-1.0,1721733,1.0,34,,0.0,2.0,1.0,B01,138Â 211Â 718,1.0
1008678,201900050209,5,23,13:25,1,2,2,1.0,3.0,92044,P.V.COUTURIER(RUE)1A39 ET2A26,M,"48,8949369","2,2809438",92,2019,50.0,1.0,1.0,4.0,2255587,1.0,1,4,1,0.0,,-1.0,0,1979.0,B01,138Â 211Â 718,2.0,6.0,-1.0,1721732,2.0,7,,0.0,2.0,2.0,A01,138Â 211Â 717,1.0
1008678,201900050209,5,23,13:25,1,2,2,1.0,3.0,92044,P.V.COUTURIER(RUE)1A39 ET2A26,M,"48,8949369","2,2809438",92,2019,50.0,1.0,1.0,4.0,2255587,1.0,1,4,1,0.0,,-1.0,0,1979.0,B01,138Â 211Â 718,2.0,6.0,-1.0,1721733,1.0,34,,0.0,2.0,1.0,B01,138Â 211Â 718,1.0
1008679,201900050210,9,25,08:30,2,2,6,2.0,1.0,92040,AUGUSTE GERVAIS,M,"48,8234880","2,2731550",92,2019,50.0,1.0,2.0,3.0,2255588,1.0,1,4,1,2.0,,-1.0,0,2003.0,B01,138Â 211Â 715,2.0,8.0,-1.0,1721734,0.0,2,,0.0,2.0,8.0,B01,138Â 211Â 715,1.0
1008679,201900050210,9,25,08:30,2,2,6,2.0,1.0,92040,AUGUSTE GERVAIS,M,"48,8234880","2,2731550",92,2019,50.0,1.0,2.0,3.0,2255588,1.0,1,4,1,2.0,,-1.0,0,2003.0,B01,138Â 211Â 715,2.0,8.0,-1.0,1721735,0.0,7,,0.0,2.0,1.0,A01,138Â 211Â 716,1.0
1008679,201900050210,9,25,08:30,2,2,6,2.0,1.0,92040,AUGUSTE GERVAIS,M,"48,8234880","2,2731550",92,2019,50.0,1.0,2.0,3.0,2255589,1.0,1,1,1,1.0,,-1.0,0,1971.0,A01,138Â 211Â 716,1.0,8.0,-1.0,1721734,0.0,2,,0.0,2.0,8.0,B01,138Â 211Â 715,1.0
1008679,201900050210,9,25,08:30,2,2,6,2.0,1.0,92040,AUGUSTE GERVAIS,M,"48,8234880","2,2731550",92,2019,50.0,1.0,2.0,3.0,2255589,1.0,1,1,1,1.0,,-1.0,0,1971.0,A01,138Â 211Â 716,1.0,8.0,-1.0,1721735,0.0,7,,0.0,2.0,1.0,A01,138Â 211Â 716,1.0
1008680,201900050211,9,25,10:00,1,2,2,3.0,2.0,92026,VERDUN (DE 62 A FIN),M,"48,9005100","2,2606600",92,2019,50.0,1.0,2.0,3.0,2255590,1.0,1,1,1,4.0,,-1.0,0,1988.0,A01,138Â 211Â 713,1.0,0.0,-1.0,1721736,2.0,13,,0.0,2.0,1.0,A01,138Â 211Â 713,3.0
1008680,201900050211,9,25,10:00,1,2,2,3.0,2.0,92026,VERDUN (DE 62 A FIN),M,"48,9005100","2,2606600",92,2019,50.0,1.0,2.0,3.0,2255590,1.0,1,1,1,4.0,,-1.0,0,1988.0,A01,138Â 211Â 713,1.0,0.0,-1.0,1721737,2.0,7,,0.0,2.0,4.0,B01,138Â 211Â 714,1.0
1008680,201900050211,9,25,10:00,1,2,2,3.0,2.0,92026,VERDUN (DE 62 A FIN),M,"48,9005100","2,2606600",92,2019,50.0,1.0,2.0,3.0,2255591,1.0,1,4,1,1.0,,-1.0,0,1980.0,B01,138Â 211Â 714,1.0,0.0,-1.0,1721736,2.0,13,,0.0,2.0,1.0,A01,138Â 211Â 713,3.0
1008680,201900050211,9,25,10:00,1,2,2,3.0,2.0,92026,VERDUN (DE 62 A FIN),M,"48,9005100","2,2606600",92,2019,50.0,1.0,2.0,3.0,2255591,1.0,1,4,1,1.0,,-1.0,0,1980.0,B01,138Â 211Â 714,1.0,0.0,-1.0,1721737,2.0,7,,0.0,2.0,4.0,B01,138Â 211Â 714,1.0
1008681,201900050212,9,25,09:10,1,2,6,2.0,3.0,92002,LEWISHAM (PLACE DE),M,"48,7500143","2,3090893",92,2019,50.0,2.0,2.0,4.0,2255592,1.0,1,1,2,2.0,,-1.0,0,1969.0,B01,138Â 211Â 711,1.0,8.0,-1.0,1721738,2.0,7,,0.0,2.0,2.0,B01,138Â 211Â 711,1.0
1008681,201900050212,9,25,09:10,1,2,6,2.0,3.0,92002,LEWISHAM (PLACE DE),M,"48,7500143","2,3090893",92,2019,50.0,2.0,2.0,4.0,2255592,1.0,1,1,2,2.0,,-1.0,0,1969.0,B01,138Â 211Â 711,1.0,8.0,-1.0,1721739,3.0,60,,0.0,2.0,8.0,A01,138Â 211Â 712,5.0
1008681,201900050212,9,25,09:10,1,2,6,2.0,3.0,92002,LEWISHAM (PLACE DE),M,"48,7500143","2,3090893",92,2019,50.0,2.0,2.0,4.0,2255593,2.0,2,1,1,2.0,,-1.0,0,2004.0,B01,138Â 211Â 711,1.0,7.0,-1.0,1721738,2.0,7,,0.0,2.0,2.0,B01,138Â 211Â 711,1.0
1008681,201900050212,9,25,09:10,1,2,6,2.0,3.0,92002,LEWISHAM (PLACE DE),M,"48,7500143","2,3090893",92,2019,50.0,2.0,2.0,4.0,2255593,2.0,2,1,1,2.0,,-1.0,0,2004.0,B01,138Â 211Â 711,1.0,7.0,-1.0,1721739,3.0,60,,0.0,2.0,8.0,A01,138Â 211Â 712,5.0
1008681,201900050212,9,25,09:10,1,2,6,2.0,3.0,92002,LEWISHAM (PLACE DE),M,"48,7500143","2,3090893",92,2019,50.0,2.0,2.0,4.0,2255594,1.0,1,4,2,2.0,,-1.0,0,2004.0,A01,138Â 211Â 712,8.0,0.0,-1.0,1721738,2.0,7,,0.0,2.0,2.0,B01,138Â 211Â 711,1.0
1008681,201900050212,9,25,09:10,1,2,6,2.0,3.0,92002,LEWISHAM (PLACE DE),M,"48,7500143","2,3090893",92,2019,50.0,2.0,2.0,4.0,2255594,1.0,1,4,2,2.0,,-1.0,0,2004.0,A01,138Â 211Â 712,8.0,0.0,-1.0,1721739,3.0,60,,0.0,2.0,8.0,A01,138Â 211Â 712,5.0
1008682,201900050213,9,25,20:05,3,1,1,2.0,2.0,86165,Avenue Fernand Tribot,M,"46,4196280","0,8764400",86,2019,80.0,1.0,2.0,3.0,2255595,1.0,1,1,1,0.0,,0.0,0,1947.0,A01,138Â 211Â 709,8.0,-1.0,-1.0,1721740,2.0,7,,0.0,9.0,2.0,A01,138Â 211Â 709,1.0
1008682,201900050213,9,25,20:05,3,1,1,2.0,2.0,86165,Avenue Fernand Tribot,M,"46,4196280","0,8764400",86,2019,80.0,1.0,2.0,3.0,2255595,1.0,1,1,1,0.0,,0.0,0,1947.0,A01,138Â 211Â 709,8.0,-1.0,-1.0,1721741,2.0,1,,0.0,0.0,8.0,B01,138Â 211Â 710,5.0
1008682,201900050213,9,25,20:05,3,1,1,2.0,2.0,86165,Avenue Fernand Tribot,M,"46,4196280","0,8764400",86,2019,80.0,1.0,2.0,3.0,2255596,1.0,1,3,1,1.0,,0.0,0,1977.0,B01,138Â 211Â 710,8.0,-1.0,-1.0,1721740,2.0,7,,0.0,9.0,2.0,A01,138Â 211Â 709,1.0
1008682,201900050213,9,25,20:05,3,1,1,2.0,2.0,86165,Avenue Fernand Tribot,M,"46,4196280","0,8764400",86,2019,80.0,1.0,2.0,3.0,2255596,1.0,1,3,1,1.0,,0.0,0,1977.0,B01,138Â 211Â 710,8.0,-1.0,-1.0,1721741,2.0,1,,0.0,0.0,8.0,B01,138Â 211Â 710,5.0
1008683,201900050214,9,26,16:00,1,1,2,8.0,4.0,54090,RD 40,M,"48,7471630","6,1663280",54,2019,50.0,1.0,2.0,3.0,2255597,1.0,1,4,1,5.0,,0.0,0,1975.0,C01,138Â 211Â 706,2.0,-1.0,-1.0,1721742,1.0,1,,0.0,2.0,8.0,C01,138Â 211Â 706,5.0
1008683,201900050214,9,26,16:00,1,1,2,8.0,4.0,54090,RD 40,M,"48,7471630","6,1663280",54,2019,50.0,1.0,2.0,3.0,2255597,1.0,1,4,1,5.0,,0.0,0,1975.0,C01,138Â 211Â 706,2.0,-1.0,-1.0,1721743,1.0,99,,0.0,9.0,0.0,B01,138Â 211Â 707,6.0
1008683,201900050214,9,26,16:00,1,1,2,8.0,4.0,54090,RD 40,M,"48,7471630","6,1663280",54,2019,50.0,1.0,2.0,3.0,2255597,1.0,1,4,1,5.0,,0.0,0,1975.0,C01,138Â 211Â 706,2.0,-1.0,-1.0,1721744,1.0,14,,0.0,9.0,7.0,A01,138Â 211Â 708,1.0
1008683,201900050214,9,26,16:00,1,1,2,8.0,4.0,54090,RD 40,M,"48,7471630","6,1663280",54,2019,50.0,1.0,2.0,3.0,2255598,1.0,1,1,1,-1.0,,-1.0, -1,1965.0,B01,138Â 211Â 707,1.0,-1.0,-1.0,1721742,1.0,1,,0.0,2.0,8.0,C01,138Â 211Â 706,5.0
1008683,201900050214,9,26,16:00,1,1,2,8.0,4.0,54090,RD 40,M,"48,7471630","6,1663280",54,2019,50.0,1.0,2.0,3.0,2255598,1.0,1,1,1,-1.0,,-1.0, -1,1965.0,B01,138Â 211Â 707,1.0,-1.0,-1.0,1721743,1.0,99,,0.0,9.0,0.0,B01,138Â 211Â 707,6.0
1008683,201900050214,9,26,16:00,1,1,2,8.0,4.0,54090,RD 40,M,"48,7471630","6,1663280",54,2019,50.0,1.0,2.0,3.0,2255598,1.0,1,1,1,-1.0,,-1.0, -1,1965.0,B01,138Â 211Â 707,1.0,-1.0,-1.0,1721744,1.0,14,,0.0,9.0,7.0,A01,138Â 211Â 708,1.0
1008683,201900050214,9,26,16:00,1,1,2,8.0,4.0,54090,RD 40,M,"48,7471630","6,1663280",54,2019,50.0,1.0,2.0,3.0,2255599,1.0,1,1,1,4.0,,0.0,0,1965.0,A01,138Â 211Â 708,1.0,-1.0,-1.0,1721742,1.0,1,,0.0,2.0,8.0,C01,138Â 211Â 706,5.0
1008683,201900050214,9,26,16:00,1,1,2,8.0,4.0,54090,RD 40,M,"48,7471630","6,1663280",54,2019,50.0,1.0,2.0,3.0,2255599,1.0,1,1,1,4.0,,0.0,0,1965.0,A01,138Â 211Â 708,1.0,-1.0,-1.0,1721743,1.0,99,,0.0,9.0,0.0,B01,138Â 211Â 707,6.0
1008683,201900050214,9,26,16:00,1,1,2,8.0,4.0,54090,RD 40,M,"48,7471630","6,1663280",54,2019,50.0,1.0,2.0,3.0,2255599,1.0,1,1,1,4.0,,0.0,0,1965.0,A01,138Â 211Â 708,1.0,-1.0,-1.0,1721744,1.0,14,,0.0,9.0,7.0,A01,138Â 211Â 708,1.0
1008684,201900050215,9,25,21:30,3,2,1,1.0,7.0,51156,RD 13,M,"48,6648866","4,6392850",51,2019,80.0,8.0,2.0,3.0,2255600,1.0,1,3,1,5.0,,0.0,0,1986.0,A01,138Â 211Â 705,0.0,-1.0,-1.0,1721745,1.0,7,,16.0,0.0,1.0,A01,138Â 211Â 705,1.0
1008685,201900050216,8,22,13:50,1,2,2,1.0,6.0,94073,REPUBLIQUE (AV DE LA),M,"48,7665100","2,3934200",94,2019,50.0,3.0,1.0,4.0,2255601,1.0,1,3,1,1.0,,0.0,0,1990.0,B01,138Â 211Â 704,2.0,0.0,-1.0,1721746,0.0,1,,0.0,2.0,8.0,B01,138Â 211Â 704,0.0
1008686,201900050217,8,22,12:28,1,2,1,1.0,1.0,94073,RENE PANHARD (AV),M,"48,7632500","2,4000400",94,2019,50.0,1.0,1.0,3.0,2255602,1.0,1,1,1,3.0,,-1.0, -1,1996.0,A01,138Â 211Â 702,1.0,0.0,-1.0,1721747,1.0,3,,0.0,2.0,1.0,A01,138Â 211Â 702,1.0
1008686,201900050217,8,22,12:28,1,2,1,1.0,1.0,94073,RENE PANHARD (AV),M,"48,7632500","2,4000400",94,2019,50.0,1.0,1.0,3.0,2255602,1.0,1,1,1,3.0,,-1.0, -1,1996.0,A01,138Â 211Â 702,1.0,0.0,-1.0,1721748,2.0,33,,0.0,1.0,1.0,B01,138Â 211Â 703,1.0
1008686,201900050217,8,22,12:28,1,2,1,1.0,1.0,94073,RENE PANHARD (AV),M,"48,7632500","2,4000400",94,2019,50.0,1.0,1.0,3.0,2255603,1.0,1,4,1,5.0,,-1.0, -1,1997.0,B01,138Â 211Â 703,2.0,6.0,-1.0,1721747,1.0,3,,0.0,2.0,1.0,A01,138Â 211Â 702,1.0
1008686,201900050217,8,22,12:28,1,2,1,1.0,1.0,94073,RENE PANHARD (AV),M,"48,7632500","2,4000400",94,2019,50.0,1.0,1.0,3.0,2255603,1.0,1,4,1,5.0,,-1.0, -1,1997.0,B01,138Â 211Â 703,2.0,6.0,-1.0,1721748,2.0,33,,0.0,1.0,1.0,B01,138Â 211Â 703,1.0
1008687,201900050218,8,21,09:50,1,2,1,1.0,2.0,94065,CHARLES LINDBERGH (AV),M,"48,7518800","2,3529100",94,2019,50.0,1.0,1.0,3.0,2255604,1.0,1,1,1,4.0,,-1.0, -1,1991.0,A01,138Â 211Â 700,1.0,0.0,-1.0,1721749,3.0,14,,0.0,2.0,1.0,A01,138Â 211Â 700,1.0
1008687,201900050218,8,21,09:50,1,2,1,1.0,2.0,94065,CHARLES LINDBERGH (AV),M,"48,7518800","2,3529100",94,2019,50.0,1.0,1.0,3.0,2255604,1.0,1,1,1,4.0,,-1.0, -1,1991.0,A01,138Â 211Â 700,1.0,0.0,-1.0,1721750,3.0,7,,0.0,2.0,4.0,B01,138Â 211Â 701,2.0
1008687,201900050218,8,21,09:50,1,2,1,1.0,2.0,94065,CHARLES LINDBERGH (AV),M,"48,7518800","2,3529100",94,2019,50.0,1.0,1.0,3.0,2255605,4.0,2,4,1,5.0,,-1.0, -1,2013.0,B01,138Â 211Â 701,1.0,8.0,-1.0,1721749,3.0,14,,0.0,2.0,1.0,A01,138Â 211Â 700,1.0
1008687,201900050218,8,21,09:50,1,2,1,1.0,2.0,94065,CHARLES LINDBERGH (AV),M,"48,7518800","2,3529100",94,2019,50.0,1.0,1.0,3.0,2255605,4.0,2,4,1,5.0,,-1.0, -1,2013.0,B01,138Â 211Â 701,1.0,8.0,-1.0,1721750,3.0,7,,0.0,2.0,4.0,B01,138Â 211Â 701,2.0
1008687,201900050218,8,21,09:50,1,2,1,1.0,2.0,94065,CHARLES LINDBERGH (AV),M,"48,7518800","2,3529100",94,2019,50.0,1.0,1.0,3.0,2255606,1.0,1,1,1,5.0,,-1.0, -1,1978.0,B01,138Â 211Â 701,1.0,0.0,-1.0,1721749,3.0,14,,0.0,2.0,1.0,A01,138Â 211Â 700,1.0
1008687,201900050218,8,21,09:50,1,2,1,1.0,2.0,94065,CHARLES LINDBERGH (AV),M,"48,7518800","2,3529100",94,2019,50.0,1.0,1.0,3.0,2255606,1.0,1,1,1,5.0,,-1.0, -1,1978.0,B01,138Â 211Â 701,1.0,0.0,-1.0,1721750,3.0,7,,0.0,2.0,4.0,B01,138Â 211Â 701,2.0
1008688,201900050219,8,23,09:30,1,2,1,1.0,4.0,94033,MARECHAL DE LATTRE DE TASSIGNY (AV DU),M,"48,8597100","2,4899800",94,2019,50.0,1.0,1.0,3.0,2255607,1.0,1,4,1,0.0,,-1.0, -1,1991.0,A01,138Â 211Â 696,1.0,0.0,-1.0,1721751,3.0,7,,14.0,2.0,1.0,A01,138Â 211Â 696,0.0
1008688,201900050219,8,23,09:30,1,2,1,1.0,4.0,94033,MARECHAL DE LATTRE DE TASSIGNY (AV DU),M,"48,8597100","2,4899800",94,2019,50.0,1.0,1.0,3.0,2255607,1.0,1,4,1,0.0,,-1.0, -1,1991.0,A01,138Â 211Â 696,1.0,0.0,-1.0,1721752,3.0,7,,14.0,2.0,4.0,B01,138Â 211Â 697,1.0
1008688,201900050219,8,23,09:30,1,2,1,1.0,4.0,94033,MARECHAL DE LATTRE DE TASSIGNY (AV DU),M,"48,8597100","2,4899800",94,2019,50.0,1.0,1.0,3.0,2255607,1.0,1,4,1,0.0,,-1.0, -1,1991.0,A01,138Â 211Â 696,1.0,0.0,-1.0,1721753,3.0,7,,14.0,2.0,4.0,C01,138Â 211Â 698,1.0
1008688,201900050219,8,23,09:30,1,2,1,1.0,4.0,94033,MARECHAL DE LATTRE DE TASSIGNY (AV DU),M,"48,8597100","2,4899800",94,2019,50.0,1.0,1.0,3.0,2255607,1.0,1,4,1,0.0,,-1.0, -1,1991.0,A01,138Â 211Â 696,1.0,0.0,-1.0,1721754,3.0,7,,0.0,2.0,4.0,D01,138Â 211Â 699,0.0