Unnamed: 0_x,num_acc,mois,jour,hrmn,lum,agg,int,atm,col,com,adr,gps,lat,long,dep,annee,vma,situ,surf,catr,Unnamed: 0_y,place,catu,grav,sexe,trajet,secu,locp,actp,an_nais,num_veh_x,id_vehicule_x,secu1,secu2,secu3,Unnamed: 0,senc,catv,occutc,obs,obsm,choc,num_veh_y,id_vehicule_y,motor
1008688,201900050219,8,23,09:30,1,2,1,1.0,4.0,94033,MARECHAL DE LATTRE DE TASSIGNY (AV DU),M,"48,8597100","2,4899800",94,2019,50.0,1.0,1.0,3.0,2255608,1.0,1,1,1,0.0,,-1.0, -1,1989.0,B01,138Â 211Â 697,1.0,0.0,-1.0,1721751,3.0,7,,14.0,2.0,1.0,A01,138Â 211Â 696,0.0
1008688,201900050219,8,23,09:30,1,2,1,1.0,4.0,94033,MARECHAL DE LATTRE DE TASSIGNY (AV DU),M,"48,8597100","2,4899800",94,2019,50.0,1.0,1.0,3.0,2255608,1.0,1,1,1,0.0,,-1.0, -1,1989.0,B01,138Â 211Â 697,1.0,0.0,-1.0,1721752,3.0,7,,14.0,2.0,4.0,B01,138Â 211Â 697,1.0
1008688,201900050219,8,23,09:30,1,2,1,1.0,4.0,94033,MARECHAL DE LATTRE DE TASSIGNY (AV DU),M,"48,8597100","2,4899800",94,2019,50.0,1.0,1.0,3.0,2255608,1.0,1,1,1,0.0,,-1.0, -1,1989.0,B01,138Â 211Â 697,1.0,0.0,-1.0,1721753,3.0,7,,14.0,2.0,4.0,C01,138Â 211Â 698,1.0
1008688,201900050219,8,23,09:30,1,2,1,1.0,4.0,94033,MARECHAL DE LATTRE DE TASSIGNY (AV DU),M,"48,8597100","2,4899800",94,2019,50.0,1.0,1.0,3.0,2255608,1.0,1,1,1,0.0,,-1.0, -1,1989.0,B01,138Â 211Â 697,1.0,0.0,-1.0,1721754,3.0,7,,0.0,2.0,4.0,D01,138Â 211Â 699,0.0
1008688,201900050219,8,23,09:30,1,2,1,1.0,4.0,94033,MARECHAL DE LATTRE DE TASSIGNY (AV DU),M,"48,8597100","2,4899800",94,2019,50.0,1.0,1.0,3.0,2255609,1.0,1,1,2,1.0,,-1.0, -1,1980.0,C01,138Â 211Â 698,1.0,8.0,-1.0,1721751,3.0,7,,14.0,2.0,1.0,A01,138Â 211Â 696,0.0
1008688,201900050219,8,23,09:30,1,2,1,1.0,4.0,94033,MARECHAL DE LATTRE DE TASSIGNY (AV DU),M,"48,8597100","2,4899800",94,2019,50.0,1.0,1.0,3.0,2255609,1.0,1,1,2,1.0,,-1.0, -1,1980.0,C01,138Â 211Â 698,1.0,8.0,-1.0,1721752,3.0,7,,14.0,2.0,4.0,B01,138Â 211Â 697,1.0
1008688,201900050219,8,23,09:30,1,2,1,1.0,4.0,94033,MARECHAL DE LATTRE DE TASSIGNY (AV DU),M,"48,8597100","2,4899800",94,2019,50.0,1.0,1.0,3.0,2255609,1.0,1,1,2,1.0,,-1.0, -1,1980.0,C01,138Â 211Â 698,1.0,8.0,-1.0,1721753,3.0,7,,14.0,2.0,4.0,C01,138Â 211Â 698,1.0
1008688,201900050219,8,23,09:30,1,2,1,1.0,4.0,94033,MARECHAL DE LATTRE DE TASSIGNY (AV DU),M,"48,8597100","2,4899800",94,2019,50.0,1.0,1.0,3.0,2255609,1.0,1,1,2,1.0,,-1.0, -1,1980.0,C01,138Â 211Â 698,1.0,8.0,-1.0,1721754,3.0,7,,0.0,2.0,4.0,D01,138Â 211Â 699,0.0
1008688,201900050219,8,23,09:30,1,2,1,1.0,4.0,94033,MARECHAL DE LATTRE DE TASSIGNY (AV DU),M,"48,8597100","2,4899800",94,2019,50.0,1.0,1.0,3.0,2255610,1.0,1,1,1,0.0,,-1.0, -1,1959.0,D01,138Â 211Â 699,1.0,0.0,-1.0,1721751,3.0,7,,14.0,2.0,1.0,A01,138Â 211Â 696,0.0
1008688,201900050219,8,23,09:30,1,2,1,1.0,4.0,94033,MARECHAL DE LATTRE DE TASSIGNY (AV DU),M,"48,8597100","2,4899800",94,2019,50.0,1.0,1.0,3.0,2255610,1.0,1,1,1,0.0,,-1.0, -1,1959.0,D01,138Â 211Â 699,1.0,0.0,-1.0,1721752,3.0,7,,14.0,2.0,4.0,B01,138Â 211Â 697,1.0
1008688,201900050219,8,23,09:30,1,2,1,1.0,4.0,94033,MARECHAL DE LATTRE DE TASSIGNY (AV DU),M,"48,8597100","2,4899800",94,2019,50.0,1.0,1.0,3.0,2255610,1.0,1,1,1,0.0,,-1.0, -1,1959.0,D01,138Â 211Â 699,1.0,0.0,-1.0,1721753,3.0,7,,14.0,2.0,4.0,C01,138Â 211Â 698,1.0
1008688,201900050219,8,23,09:30,1,2,1,1.0,4.0,94033,MARECHAL DE LATTRE DE TASSIGNY (AV DU),M,"48,8597100","2,4899800",94,2019,50.0,1.0,1.0,3.0,2255610,1.0,1,1,1,0.0,,-1.0, -1,1959.0,D01,138Â 211Â 699,1.0,0.0,-1.0,1721754,3.0,7,,0.0,2.0,4.0,D01,138Â 211Â 699,0.0
1008689,201900050220,8,23,13:10,1,2,9,1.0,2.0,94011,SEMARD(RUE PIERRE),M,"48,7627800","2,4784300",94,2019,50.0,1.0,1.0,3.0,2255611,1.0,1,1,1,4.0,,-1.0, -1,1987.0,A01,138Â 211Â 694,1.0,0.0,-1.0,1721755,1.0,7,,0.0,2.0,1.0,A01,138Â 211Â 694,1.0
1008689,201900050220,8,23,13:10,1,2,9,1.0,2.0,94011,SEMARD(RUE PIERRE),M,"48,7627800","2,4784300",94,2019,50.0,1.0,1.0,3.0,2255611,1.0,1,1,1,4.0,,-1.0, -1,1987.0,A01,138Â 211Â 694,1.0,0.0,-1.0,1721756,1.0,7,,0.0,2.0,4.0,B01,138Â 211Â 695,1.0
1008689,201900050220,8,23,13:10,1,2,9,1.0,2.0,94011,SEMARD(RUE PIERRE),M,"48,7627800","2,4784300",94,2019,50.0,1.0,1.0,3.0,2255612,1.0,1,4,2,1.0,,-1.0, -1,1995.0,B01,138Â 211Â 695,1.0,0.0,-1.0,1721755,1.0,7,,0.0,2.0,1.0,A01,138Â 211Â 694,1.0
1008689,201900050220,8,23,13:10,1,2,9,1.0,2.0,94011,SEMARD(RUE PIERRE),M,"48,7627800","2,4784300",94,2019,50.0,1.0,1.0,3.0,2255612,1.0,1,4,2,1.0,,-1.0, -1,1995.0,B01,138Â 211Â 695,1.0,0.0,-1.0,1721756,1.0,7,,0.0,2.0,4.0,B01,138Â 211Â 695,1.0
1008690,201900050221,8,22,07:00,1,2,1,1.0,7.0,94028,OUDRY.(BOULVARD JEAN BAPTISTE),M,"48,7751800","2,4592100",94,2019,50.0,1.0,1.0,4.0,2255613,1.0,1,4,1,1.0,,-1.0, -1,2000.0,A01,138Â 211Â 693,1.0,0.0,-1.0,1721757,1.0,7,,1.0,0.0,1.0,A01,138Â 211Â 693,1.0
1008691,201900050222,8,23,01:15,5,2,1,1.0,3.0,94018,PONT NELSON MENDELA,M,"48,8208000","2,4013500",94,2019,30.0,1.0,1.0,3.0,2255614,1.0,1,4,1,5.0,,-1.0,0,2002.0,B01,138Â 211Â 691,2.0,0.0,-1.0,1721758,1.0,30,,0.0,2.0,2.0,B01,138Â 211Â 691,1.0
1008691,201900050222,8,23,01:15,5,2,1,1.0,3.0,94018,PONT NELSON MENDELA,M,"48,8208000","2,4013500",94,2019,30.0,1.0,1.0,3.0,2255614,1.0,1,4,1,5.0,,-1.0,0,2002.0,B01,138Â 211Â 691,2.0,0.0,-1.0,1721759,2.0,3,,0.0,2.0,2.0,A01,138Â 211Â 692,0.0
1008692,201900050223,8,17,19:55,1,2,1,1.0,6.0,94075,FEUILLEE (CHE DE LA),M,"48,7288500","2,5263600",94,2019,50.0,1.0,1.0,4.0,2255615,1.0,1,4,1,0.0,,-1.0,0,1996.0,A01,138Â 211Â 690,8.0,0.0,-1.0,1721760,1.0,7,,0.0,0.0,2.0,A01,138Â 211Â 690,1.0
1008692,201900050223,8,17,19:55,1,2,1,1.0,6.0,94075,FEUILLEE (CHE DE LA),M,"48,7288500","2,5263600",94,2019,50.0,1.0,1.0,4.0,2255616,2.0,2,4,2,0.0,,-1.0,0,1993.0,A01,138Â 211Â 690,1.0,0.0,-1.0,1721760,1.0,7,,0.0,0.0,2.0,A01,138Â 211Â 690,1.0
1008693,201900050224,8,20,11:20,1,2,4,1.0,6.0,94002,ALOUETTES (R DES),M,"48,7842900","2,4276900",94,2019,50.0,1.0,1.0,4.0,2255617,10.0,3,4,1,1.0,,2.0,3,1965.0,A01,138Â 211Â 689,8.0,0.0,-1.0,1721761,1.0,7,,9.0,1.0,3.0,A01,138Â 211Â 689,1.0
1008693,201900050224,8,20,11:20,1,2,4,1.0,6.0,94002,ALOUETTES (R DES),M,"48,7842900","2,4276900",94,2019,50.0,1.0,1.0,4.0,2255618,1.0,1,1,1,5.0,,0.0,0,1965.0,A01,138Â 211Â 689,8.0,0.0,-1.0,1721761,1.0,7,,9.0,1.0,3.0,A01,138Â 211Â 689,1.0
1008694,201900050225,8,22,22:30,5,1,1,1.0,2.0,93073,CHAPIT RE ( RUE DU),M,"48,9850600","2,5234900",93,2019,70.0,1.0,1.0,9.0,2255619,4.0,2,1,2,0.0,,-1.0, -1,2014.0,B01,138Â 211Â 687,3.0,0.0,-1.0,1721762,1.0,7,,0.0,2.0,4.0,B01,138Â 211Â 687,0.0
1008694,201900050225,8,22,22:30,5,1,1,1.0,2.0,93073,CHAPIT RE ( RUE DU),M,"48,9850600","2,5234900",93,2019,70.0,1.0,1.0,9.0,2255619,4.0,2,1,2,0.0,,-1.0, -1,2014.0,B01,138Â 211Â 687,3.0,0.0,-1.0,1721763,1.0,7,,0.0,2.0,1.0,A01,138Â 211Â 688,0.0
1008694,201900050225,8,22,22:30,5,1,1,1.0,2.0,93073,CHAPIT RE ( RUE DU),M,"48,9850600","2,5234900",93,2019,70.0,1.0,1.0,9.0,2255620,1.0,1,1,1,9.0,,-1.0, -1,1987.0,B01,138Â 211Â 687,1.0,0.0,-1.0,1721762,1.0,7,,0.0,2.0,4.0,B01,138Â 211Â 687,0.0
1008694,201900050225,8,22,22:30,5,1,1,1.0,2.0,93073,CHAPIT RE ( RUE DU),M,"48,9850600","2,5234900",93,2019,70.0,1.0,1.0,9.0,2255620,1.0,1,1,1,9.0,,-1.0, -1,1987.0,B01,138Â 211Â 687,1.0,0.0,-1.0,1721763,1.0,7,,0.0,2.0,1.0,A01,138Â 211Â 688,0.0
1008694,201900050225,8,22,22:30,5,1,1,1.0,2.0,93073,CHAPIT RE ( RUE DU),M,"48,9850600","2,5234900",93,2019,70.0,1.0,1.0,9.0,2255621,1.0,1,4,1,4.0,,-1.0, -1,1989.0,A01,138Â 211Â 688,8.0,0.0,-1.0,1721762,1.0,7,,0.0,2.0,4.0,B01,138Â 211Â 687,0.0
1008694,201900050225,8,22,22:30,5,1,1,1.0,2.0,93073,CHAPIT RE ( RUE DU),M,"48,9850600","2,5234900",93,2019,70.0,1.0,1.0,9.0,2255621,1.0,1,4,1,4.0,,-1.0, -1,1989.0,A01,138Â 211Â 688,8.0,0.0,-1.0,1721763,1.0,7,,0.0,2.0,1.0,A01,138Â 211Â 688,0.0
1008695,201900050226,8,24,21:15,5,2,1,1.0,4.0,93066,WILSON (AVENUE DU PRESIDENT),M,"48,9260000","2,3570000",93,2019,50.0,3.0,1.0,3.0,2255622,2.0,2,4,2,0.0,,-1.0, -1,1987.0,C01,138Â 211Â 684,1.0,0.0,-1.0,1721764,0.0,7,,0.0,2.0,4.0,C01,138Â 211Â 684,0.0
1008695,201900050226,8,24,21:15,5,2,1,1.0,4.0,93066,WILSON (AVENUE DU PRESIDENT),M,"48,9260000","2,3570000",93,2019,50.0,3.0,1.0,3.0,2255622,2.0,2,4,2,0.0,,-1.0, -1,1987.0,C01,138Â 211Â 684,1.0,0.0,-1.0,1721765,0.0,7,,0.0,2.0,4.0,B01,138Â 211Â 685,0.0
1008695,201900050226,8,24,21:15,5,2,1,1.0,4.0,93066,WILSON (AVENUE DU PRESIDENT),M,"48,9260000","2,3570000",93,2019,50.0,3.0,1.0,3.0,2255622,2.0,2,4,2,0.0,,-1.0, -1,1987.0,C01,138Â 211Â 684,1.0,0.0,-1.0,1721766,0.0,7,,1.0,0.0,1.0,A01,138Â 211Â 686,0.0
1008695,201900050226,8,24,21:15,5,2,1,1.0,4.0,93066,WILSON (AVENUE DU PRESIDENT),M,"48,9260000","2,3570000",93,2019,50.0,3.0,1.0,3.0,2255623,3.0,2,4,2,0.0,,-1.0, -1,1987.0,C01,138Â 211Â 684,1.0,0.0,-1.0,1721764,0.0,7,,0.0,2.0,4.0,C01,138Â 211Â 684,0.0
1008695,201900050226,8,24,21:15,5,2,1,1.0,4.0,93066,WILSON (AVENUE DU PRESIDENT),M,"48,9260000","2,3570000",93,2019,50.0,3.0,1.0,3.0,2255623,3.0,2,4,2,0.0,,-1.0, -1,1987.0,C01,138Â 211Â 684,1.0,0.0,-1.0,1721765,0.0,7,,0.0,2.0,4.0,B01,138Â 211Â 685,0.0
1008695,201900050226,8,24,21:15,5,2,1,1.0,4.0,93066,WILSON (AVENUE DU PRESIDENT),M,"48,9260000","2,3570000",93,2019,50.0,3.0,1.0,3.0,2255623,3.0,2,4,2,0.0,,-1.0, -1,1987.0,C01,138Â 211Â 684,1.0,0.0,-1.0,1721766,0.0,7,,1.0,0.0,1.0,A01,138Â 211Â 686,0.0
1008695,201900050226,8,24,21:15,5,2,1,1.0,4.0,93066,WILSON (AVENUE DU PRESIDENT),M,"48,9260000","2,3570000",93,2019,50.0,3.0,1.0,3.0,2255624,1.0,1,1,1,0.0,,-1.0, -1,1975.0,C01,138Â 211Â 684,1.0,0.0,-1.0,1721764,0.0,7,,0.0,2.0,4.0,C01,138Â 211Â 684,0.0
1008695,201900050226,8,24,21:15,5,2,1,1.0,4.0,93066,WILSON (AVENUE DU PRESIDENT),M,"48,9260000","2,3570000",93,2019,50.0,3.0,1.0,3.0,2255624,1.0,1,1,1,0.0,,-1.0, -1,1975.0,C01,138Â 211Â 684,1.0,0.0,-1.0,1721765,0.0,7,,0.0,2.0,4.0,B01,138Â 211Â 685,0.0
1008695,201900050226,8,24,21:15,5,2,1,1.0,4.0,93066,WILSON (AVENUE DU PRESIDENT),M,"48,9260000","2,3570000",93,2019,50.0,3.0,1.0,3.0,2255624,1.0,1,1,1,0.0,,-1.0, -1,1975.0,C01,138Â 211Â 684,1.0,0.0,-1.0,1721766,0.0,7,,1.0,0.0,1.0,A01,138Â 211Â 686,0.0
1008695,201900050226,8,24,21:15,5,2,1,1.0,4.0,93066,WILSON (AVENUE DU PRESIDENT),M,"48,9260000","2,3570000",93,2019,50.0,3.0,1.0,3.0,2255625,1.0,1,1,1,0.0,,-1.0, -1,1975.0,B01,138Â 211Â 685,1.0,0.0,-1.0,1721764,0.0,7,,0.0,2.0,4.0,C01,138Â 211Â 684,0.0
1008695,201900050226,8,24,21:15,5,2,1,1.0,4.0,93066,WILSON (AVENUE DU PRESIDENT),M,"48,9260000","2,3570000",93,2019,50.0,3.0,1.0,3.0,2255625,1.0,1,1,1,0.0,,-1.0, -1,1975.0,B01,138Â 211Â 685,1.0,0.0,-1.0,1721765,0.0,7,,0.0,2.0,4.0,B01,138Â 211Â 685,0.0
1008695,201900050226,8,24,21:15,5,2,1,1.0,4.0,93066,WILSON (AVENUE DU PRESIDENT),M,"48,9260000","2,3570000",93,2019,50.0,3.0,1.0,3.0,2255625,1.0,1,1,1,0.0,,-1.0, -1,1975.0,B01,138Â 211Â 685,1.0,0.0,-1.0,1721766,0.0,7,,1.0,0.0,1.0,A01,138Â 211Â 686,0.0
1008695,201900050226,8,24,21:15,5,2,1,1.0,4.0,93066,WILSON (AVENUE DU PRESIDENT),M,"48,9260000","2,3570000",93,2019,50.0,3.0,1.0,3.0,2255626,2.0,2,1,1,0.0,,-1.0, -1,1991.0,A01,138Â 211Â 686,1.0,0.0,-1.0,1721764,0.0,7,,0.0,2.0,4.0,C01,138Â 211Â 684,0.0
1008695,201900050226,8,24,21:15,5,2,1,1.0,4.0,93066,WILSON (AVENUE DU PRESIDENT),M,"48,9260000","2,3570000",93,2019,50.0,3.0,1.0,3.0,2255626,2.0,2,1,1,0.0,,-1.0, -1,1991.0,A01,138Â 211Â 686,1.0,0.0,-1.0,1721765,0.0,7,,0.0,2.0,4.0,B01,138Â 211Â 685,0.0
1008695,201900050226,8,24,21:15,5,2,1,1.0,4.0,93066,WILSON (AVENUE DU PRESIDENT),M,"48,9260000","2,3570000",93,2019,50.0,3.0,1.0,3.0,2255626,2.0,2,1,1,0.0,,-1.0, -1,1991.0,A01,138Â 211Â 686,1.0,0.0,-1.0,1721766,0.0,7,,1.0,0.0,1.0,A01,138Â 211Â 686,0.0
1008695,201900050226,8,24,21:15,5,2,1,1.0,4.0,93066,WILSON (AVENUE DU PRESIDENT),M,"48,9260000","2,3570000",93,2019,50.0,3.0,1.0,3.0,2255627,1.0,1,1,1,0.0,,-1.0, -1,1993.0,A01,138Â 211Â 686,1.0,0.0,-1.0,1721764,0.0,7,,0.0,2.0,4.0,C01,138Â 211Â 684,0.0
1008695,201900050226,8,24,21:15,5,2,1,1.0,4.0,93066,WILSON (AVENUE DU PRESIDENT),M,"48,9260000","2,3570000",93,2019,50.0,3.0,1.0,3.0,2255627,1.0,1,1,1,0.0,,-1.0, -1,1993.0,A01,138Â 211Â 686,1.0,0.0,-1.0,1721765,0.0,7,,0.0,2.0,4.0,B01,138Â 211Â 685,0.0
1008695,201900050226,8,24,21:15,5,2,1,1.0,4.0,93066,WILSON (AVENUE DU PRESIDENT),M,"48,9260000","2,3570000",93,2019,50.0,3.0,1.0,3.0,2255627,1.0,1,1,1,0.0,,-1.0, -1,1993.0,A01,138Â 211Â 686,1.0,0.0,-1.0,1721766,0.0,7,,1.0,0.0,1.0,A01,138Â 211Â 686,0.0
1008696,201900050227,8,24,14:30,1,2,1,7.0,3.0,93070,JEAN-JAURES (PL),M,"48,9129500","2,3352200",93,2019,50.0,1.0,1.0,3.0,2255628,1.0,1,1,1,4.0,,-1.0, -1,1989.0,B01,138Â 211Â 682,1.0,0.0,-1.0,1721767,1.0,37,2.0,0.0,2.0,3.0,B01,138Â 211Â 682,2.0
1008696,201900050227,8,24,14:30,1,2,1,7.0,3.0,93070,JEAN-JAURES (PL),M,"48,9129500","2,3352200",93,2019,50.0,1.0,1.0,3.0,2255628,1.0,1,1,1,4.0,,-1.0, -1,1989.0,B01,138Â 211Â 682,1.0,0.0,-1.0,1721768,1.0,7,,0.0,2.0,7.0,A01,138Â 211Â 683,1.0
1008696,201900050227,8,24,14:30,1,2,1,7.0,3.0,93070,JEAN-JAURES (PL),M,"48,9129500","2,3352200",93,2019,50.0,1.0,1.0,3.0,2255629,4.0,2,4,2,5.0,,-1.0, -1,1940.0,B01,138Â 211Â 682,8.0,0.0,-1.0,1721767,1.0,37,2.0,0.0,2.0,3.0,B01,138Â 211Â 682,2.0
1008696,201900050227,8,24,14:30,1,2,1,7.0,3.0,93070,JEAN-JAURES (PL),M,"48,9129500","2,3352200",93,2019,50.0,1.0,1.0,3.0,2255629,4.0,2,4,2,5.0,,-1.0, -1,1940.0,B01,138Â 211Â 682,8.0,0.0,-1.0,1721768,1.0,7,,0.0,2.0,7.0,A01,138Â 211Â 683,1.0
1008696,201900050227,8,24,14:30,1,2,1,7.0,3.0,93070,JEAN-JAURES (PL),M,"48,9129500","2,3352200",93,2019,50.0,1.0,1.0,3.0,2255630,1.0,1,1,1,5.0,,-1.0, -1,1975.0,A01,138Â 211Â 683,1.0,0.0,-1.0,1721767,1.0,37,2.0,0.0,2.0,3.0,B01,138Â 211Â 682,2.0
1008696,201900050227,8,24,14:30,1,2,1,7.0,3.0,93070,JEAN-JAURES (PL),M,"48,9129500","2,3352200",93,2019,50.0,1.0,1.0,3.0,2255630,1.0,1,1,1,5.0,,-1.0, -1,1975.0,A01,138Â 211Â 683,1.0,0.0,-1.0,1721768,1.0,7,,0.0,2.0,7.0,A01,138Â 211Â 683,1.0
1008697,201900050228,8,23,08:52,1,2,1,1.0,3.0,93070,VICTOR-HUGO (BD),M,"48,9064930","2,3441060",93,2019,50.0,1.0,1.0,3.0,2255631,1.0,1,4,1,0.0,,-1.0, -1,1983.0,B01,138Â 211Â 680,2.0,0.0,-1.0,1721769,3.0,32,,0.0,2.0,1.0,B01,138Â 211Â 680,1.0
1008697,201900050228,8,23,08:52,1,2,1,1.0,3.0,93070,VICTOR-HUGO (BD),M,"48,9064930","2,3441060",93,2019,50.0,1.0,1.0,3.0,2255631,1.0,1,4,1,0.0,,-1.0, -1,1983.0,B01,138Â 211Â 680,2.0,0.0,-1.0,1721770,3.0,7,,0.0,2.0,6.0,A01,138Â 211Â 681,0.0
1008697,201900050228,8,23,08:52,1,2,1,1.0,3.0,93070,VICTOR-HUGO (BD),M,"48,9064930","2,3441060",93,2019,50.0,1.0,1.0,3.0,2255632,1.0,1,1,1,0.0,,-1.0, -1,1983.0,A01,138Â 211Â 681,1.0,0.0,-1.0,1721769,3.0,32,,0.0,2.0,1.0,B01,138Â 211Â 680,1.0
1008697,201900050228,8,23,08:52,1,2,1,1.0,3.0,93070,VICTOR-HUGO (BD),M,"48,9064930","2,3441060",93,2019,50.0,1.0,1.0,3.0,2255632,1.0,1,1,1,0.0,,-1.0, -1,1983.0,A01,138Â 211Â 681,1.0,0.0,-1.0,1721770,3.0,7,,0.0,2.0,6.0,A01,138Â 211Â 681,0.0
1008698,201900050229,8,24,19:00,2,2,1,1.0,2.0,93077,NOISY (ROUTE DE) JUSQU'AU 45 ET 50,M,"48,8831500","2,4971000",93,2019,50.0,1.0,1.0,3.0,2255633,1.0,1,4,1,5.0,,-1.0, -1,1995.0,A01,138Â 211Â 678,2.0,6.0,-1.0,1721771,1.0,33,,0.0,2.0,4.0,A01,138Â 211Â 678,1.0
1008698,201900050229,8,24,19:00,2,2,1,1.0,2.0,93077,NOISY (ROUTE DE) JUSQU'AU 45 ET 50,M,"48,8831500","2,4971000",93,2019,50.0,1.0,1.0,3.0,2255633,1.0,1,4,1,5.0,,-1.0, -1,1995.0,A01,138Â 211Â 678,2.0,6.0,-1.0,1721772,1.0,7,,0.0,2.0,4.0,B01,138Â 211Â 679,1.0
1008699,201900050230,8,24,13:05,1,1,1,1.0,4.0,93051,PAVE NEUF (AVENUE),M,"48,8360600","2,5648300",93,2019,50.0,3.0,1.0,3.0,2255634,3.0,2,4,1,0.0,,-1.0, -1,1997.0,A01,138Â 211Â 675,1.0,0.0,-1.0,1721773,0.0,7,,0.0,0.0,1.0,A01,138Â 211Â 675,1.0
1008699,201900050230,8,24,13:05,1,1,1,1.0,4.0,93051,PAVE NEUF (AVENUE),M,"48,8360600","2,5648300",93,2019,50.0,3.0,1.0,3.0,2255634,3.0,2,4,1,0.0,,-1.0, -1,1997.0,A01,138Â 211Â 675,1.0,0.0,-1.0,1721774,3.0,7,,0.0,0.0,4.0,B01,138Â 211Â 676,1.0
1008699,201900050230,8,24,13:05,1,1,1,1.0,4.0,93051,PAVE NEUF (AVENUE),M,"48,8360600","2,5648300",93,2019,50.0,3.0,1.0,3.0,2255634,3.0,2,4,1,0.0,,-1.0, -1,1997.0,A01,138Â 211Â 675,1.0,0.0,-1.0,1721775,3.0,7,,0.0,0.0,0.0,C01,138Â 211Â 677,1.0
1008699,201900050230,8,24,13:05,1,1,1,1.0,4.0,93051,PAVE NEUF (AVENUE),M,"48,8360600","2,5648300",93,2019,50.0,3.0,1.0,3.0,2255635,2.0,2,1,1,0.0,,-1.0, -1,1996.0,A01,138Â 211Â 675,1.0,0.0,-1.0,1721773,0.0,7,,0.0,0.0,1.0,A01,138Â 211Â 675,1.0
1008699,201900050230,8,24,13:05,1,1,1,1.0,4.0,93051,PAVE NEUF (AVENUE),M,"48,8360600","2,5648300",93,2019,50.0,3.0,1.0,3.0,2255635,2.0,2,1,1,0.0,,-1.0, -1,1996.0,A01,138Â 211Â 675,1.0,0.0,-1.0,1721774,3.0,7,,0.0,0.0,4.0,B01,138Â 211Â 676,1.0
1008699,201900050230,8,24,13:05,1,1,1,1.0,4.0,93051,PAVE NEUF (AVENUE),M,"48,8360600","2,5648300",93,2019,50.0,3.0,1.0,3.0,2255635,2.0,2,1,1,0.0,,-1.0, -1,1996.0,A01,138Â 211Â 675,1.0,0.0,-1.0,1721775,3.0,7,,0.0,0.0,0.0,C01,138Â 211Â 677,1.0
1008699,201900050230,8,24,13:05,1,1,1,1.0,4.0,93051,PAVE NEUF (AVENUE),M,"48,8360600","2,5648300",93,2019,50.0,3.0,1.0,3.0,2255636,1.0,1,1,1,0.0,,-1.0, -1,1998.0,A01,138Â 211Â 675,1.0,0.0,-1.0,1721773,0.0,7,,0.0,0.0,1.0,A01,138Â 211Â 675,1.0
1008699,201900050230,8,24,13:05,1,1,1,1.0,4.0,93051,PAVE NEUF (AVENUE),M,"48,8360600","2,5648300",93,2019,50.0,3.0,1.0,3.0,2255636,1.0,1,1,1,0.0,,-1.0, -1,1998.0,A01,138Â 211Â 675,1.0,0.0,-1.0,1721774,3.0,7,,0.0,0.0,4.0,B01,138Â 211Â 676,1.0
1008699,201900050230,8,24,13:05,1,1,1,1.0,4.0,93051,PAVE NEUF (AVENUE),M,"48,8360600","2,5648300",93,2019,50.0,3.0,1.0,3.0,2255636,1.0,1,1,1,0.0,,-1.0, -1,1998.0,A01,138Â 211Â 675,1.0,0.0,-1.0,1721775,3.0,7,,0.0,0.0,0.0,C01,138Â 211Â 677,1.0
1008699,201900050230,8,24,13:05,1,1,1,1.0,4.0,93051,PAVE NEUF (AVENUE),M,"48,8360600","2,5648300",93,2019,50.0,3.0,1.0,3.0,2255637,4.0,2,1,1,0.0,,-1.0, -1,1997.0,A01,138Â 211Â 675,1.0,0.0,-1.0,1721773,0.0,7,,0.0,0.0,1.0,A01,138Â 211Â 675,1.0
1008699,201900050230,8,24,13:05,1,1,1,1.0,4.0,93051,PAVE NEUF (AVENUE),M,"48,8360600","2,5648300",93,2019,50.0,3.0,1.0,3.0,2255637,4.0,2,1,1,0.0,,-1.0, -1,1997.0,A01,138Â 211Â 675,1.0,0.0,-1.0,1721774,3.0,7,,0.0,0.0,4.0,B01,138Â 211Â 676,1.0
1008699,201900050230,8,24,13:05,1,1,1,1.0,4.0,93051,PAVE NEUF (AVENUE),M,"48,8360600","2,5648300",93,2019,50.0,3.0,1.0,3.0,2255637,4.0,2,1,1,0.0,,-1.0, -1,1997.0,A01,138Â 211Â 675,1.0,0.0,-1.0,1721775,3.0,7,,0.0,0.0,0.0,C01,138Â 211Â 677,1.0
1008699,201900050230,8,24,13:05,1,1,1,1.0,4.0,93051,PAVE NEUF (AVENUE),M,"48,8360600","2,5648300",93,2019,50.0,3.0,1.0,3.0,2255638,3.0,2,1,1,0.0,,-1.0, -1,2010.0,B01,138Â 211Â 676,1.0,0.0,-1.0,1721773,0.0,7,,0.0,0.0,1.0,A01,138Â 211Â 675,1.0
1008699,201900050230,8,24,13:05,1,1,1,1.0,4.0,93051,PAVE NEUF (AVENUE),M,"48,8360600","2,5648300",93,2019,50.0,3.0,1.0,3.0,2255638,3.0,2,1,1,0.0,,-1.0, -1,2010.0,B01,138Â 211Â 676,1.0,0.0,-1.0,1721774,3.0,7,,0.0,0.0,4.0,B01,138Â 211Â 676,1.0
1008699,201900050230,8,24,13:05,1,1,1,1.0,4.0,93051,PAVE NEUF (AVENUE),M,"48,8360600","2,5648300",93,2019,50.0,3.0,1.0,3.0,2255638,3.0,2,1,1,0.0,,-1.0, -1,2010.0,B01,138Â 211Â 676,1.0,0.0,-1.0,1721775,3.0,7,,0.0,0.0,0.0,C01,138Â 211Â 677,1.0