Unnamed: 0_x,num_acc,mois,jour,hrmn,lum,agg,int,atm,col,com,adr,gps,lat,long,dep,annee,vma,situ,surf,catr,Unnamed: 0_y,place,catu,grav,sexe,trajet,secu,locp,actp,an_nais,num_veh_x,id_vehicule_x,secu1,secu2,secu3,Unnamed: 0,senc,catv,occutc,obs,obsm,choc,num_veh_y,id_vehicule_y,motor
1008699,201900050230,8,24,13:05,1,1,1,1.0,4.0,93051,PAVE NEUF (AVENUE),M,"48,8360600","2,5648300",93,2019,50.0,3.0,1.0,3.0,2255639,4.0,2,1,1,0.0,,-1.0, -1,2006.0,B01,138Â 211Â 676,1.0,0.0,-1.0,1721773,0.0,7,,0.0,0.0,1.0,A01,138Â 211Â 675,1.0
1008699,201900050230,8,24,13:05,1,1,1,1.0,4.0,93051,PAVE NEUF (AVENUE),M,"48,8360600","2,5648300",93,2019,50.0,3.0,1.0,3.0,2255639,4.0,2,1,1,0.0,,-1.0, -1,2006.0,B01,138Â 211Â 676,1.0,0.0,-1.0,1721774,3.0,7,,0.0,0.0,4.0,B01,138Â 211Â 676,1.0
1008699,201900050230,8,24,13:05,1,1,1,1.0,4.0,93051,PAVE NEUF (AVENUE),M,"48,8360600","2,5648300",93,2019,50.0,3.0,1.0,3.0,2255639,4.0,2,1,1,0.0,,-1.0, -1,2006.0,B01,138Â 211Â 676,1.0,0.0,-1.0,1721775,3.0,7,,0.0,0.0,0.0,C01,138Â 211Â 677,1.0
1008699,201900050230,8,24,13:05,1,1,1,1.0,4.0,93051,PAVE NEUF (AVENUE),M,"48,8360600","2,5648300",93,2019,50.0,3.0,1.0,3.0,2255640,1.0,1,1,2,9.0,,-1.0, -1,1976.0,B01,138Â 211Â 676,1.0,0.0,-1.0,1721773,0.0,7,,0.0,0.0,1.0,A01,138Â 211Â 675,1.0
1008699,201900050230,8,24,13:05,1,1,1,1.0,4.0,93051,PAVE NEUF (AVENUE),M,"48,8360600","2,5648300",93,2019,50.0,3.0,1.0,3.0,2255640,1.0,1,1,2,9.0,,-1.0, -1,1976.0,B01,138Â 211Â 676,1.0,0.0,-1.0,1721774,3.0,7,,0.0,0.0,4.0,B01,138Â 211Â 676,1.0
1008699,201900050230,8,24,13:05,1,1,1,1.0,4.0,93051,PAVE NEUF (AVENUE),M,"48,8360600","2,5648300",93,2019,50.0,3.0,1.0,3.0,2255640,1.0,1,1,2,9.0,,-1.0, -1,1976.0,B01,138Â 211Â 676,1.0,0.0,-1.0,1721775,3.0,7,,0.0,0.0,0.0,C01,138Â 211Â 677,1.0
1008699,201900050230,8,24,13:05,1,1,1,1.0,4.0,93051,PAVE NEUF (AVENUE),M,"48,8360600","2,5648300",93,2019,50.0,3.0,1.0,3.0,2255641,2.0,2,1,1,0.0,,-1.0, -1,1967.0,C01,138Â 211Â 677,1.0,0.0,-1.0,1721773,0.0,7,,0.0,0.0,1.0,A01,138Â 211Â 675,1.0
1008699,201900050230,8,24,13:05,1,1,1,1.0,4.0,93051,PAVE NEUF (AVENUE),M,"48,8360600","2,5648300",93,2019,50.0,3.0,1.0,3.0,2255641,2.0,2,1,1,0.0,,-1.0, -1,1967.0,C01,138Â 211Â 677,1.0,0.0,-1.0,1721774,3.0,7,,0.0,0.0,4.0,B01,138Â 211Â 676,1.0
1008699,201900050230,8,24,13:05,1,1,1,1.0,4.0,93051,PAVE NEUF (AVENUE),M,"48,8360600","2,5648300",93,2019,50.0,3.0,1.0,3.0,2255641,2.0,2,1,1,0.0,,-1.0, -1,1967.0,C01,138Â 211Â 677,1.0,0.0,-1.0,1721775,3.0,7,,0.0,0.0,0.0,C01,138Â 211Â 677,1.0
1008699,201900050230,8,24,13:05,1,1,1,1.0,4.0,93051,PAVE NEUF (AVENUE),M,"48,8360600","2,5648300",93,2019,50.0,3.0,1.0,3.0,2255642,1.0,1,1,1,0.0,,-1.0, -1,1985.0,C01,138Â 211Â 677,1.0,0.0,-1.0,1721773,0.0,7,,0.0,0.0,1.0,A01,138Â 211Â 675,1.0
1008699,201900050230,8,24,13:05,1,1,1,1.0,4.0,93051,PAVE NEUF (AVENUE),M,"48,8360600","2,5648300",93,2019,50.0,3.0,1.0,3.0,2255642,1.0,1,1,1,0.0,,-1.0, -1,1985.0,C01,138Â 211Â 677,1.0,0.0,-1.0,1721774,3.0,7,,0.0,0.0,4.0,B01,138Â 211Â 676,1.0
1008699,201900050230,8,24,13:05,1,1,1,1.0,4.0,93051,PAVE NEUF (AVENUE),M,"48,8360600","2,5648300",93,2019,50.0,3.0,1.0,3.0,2255642,1.0,1,1,1,0.0,,-1.0, -1,1985.0,C01,138Â 211Â 677,1.0,0.0,-1.0,1721775,3.0,7,,0.0,0.0,0.0,C01,138Â 211Â 677,1.0
1008700,201900050231,8,24,09:10,1,2,1,1.0,4.0,93050,GENERAL DE GAULLE (AVENUE),M,"48,8573800","2,5317700",93,2019,50.0,1.0,1.0,3.0,2255643,1.0,1,1,1,5.0,,-1.0, -1,1993.0,A01,138Â 211Â 672,8.0,0.0,-1.0,1721776,2.0,7,,0.0,2.0,1.0,A01,138Â 211Â 672,0.0
1008700,201900050231,8,24,09:10,1,2,1,1.0,4.0,93050,GENERAL DE GAULLE (AVENUE),M,"48,8573800","2,5317700",93,2019,50.0,1.0,1.0,3.0,2255643,1.0,1,1,1,5.0,,-1.0, -1,1993.0,A01,138Â 211Â 672,8.0,0.0,-1.0,1721777,2.0,7,,0.0,2.0,4.0,B01,138Â 211Â 673,0.0
1008700,201900050231,8,24,09:10,1,2,1,1.0,4.0,93050,GENERAL DE GAULLE (AVENUE),M,"48,8573800","2,5317700",93,2019,50.0,1.0,1.0,3.0,2255643,1.0,1,1,1,5.0,,-1.0, -1,1993.0,A01,138Â 211Â 672,8.0,0.0,-1.0,1721778,2.0,37,1.0,0.0,2.0,4.0,C01,138Â 211Â 674,0.0
1008700,201900050231,8,24,09:10,1,2,1,1.0,4.0,93050,GENERAL DE GAULLE (AVENUE),M,"48,8573800","2,5317700",93,2019,50.0,1.0,1.0,3.0,2255644,1.0,1,4,1,1.0,,-1.0, -1,1991.0,B01,138Â 211Â 673,1.0,0.0,-1.0,1721776,2.0,7,,0.0,2.0,1.0,A01,138Â 211Â 672,0.0
1008700,201900050231,8,24,09:10,1,2,1,1.0,4.0,93050,GENERAL DE GAULLE (AVENUE),M,"48,8573800","2,5317700",93,2019,50.0,1.0,1.0,3.0,2255644,1.0,1,4,1,1.0,,-1.0, -1,1991.0,B01,138Â 211Â 673,1.0,0.0,-1.0,1721777,2.0,7,,0.0,2.0,4.0,B01,138Â 211Â 673,0.0
1008700,201900050231,8,24,09:10,1,2,1,1.0,4.0,93050,GENERAL DE GAULLE (AVENUE),M,"48,8573800","2,5317700",93,2019,50.0,1.0,1.0,3.0,2255644,1.0,1,4,1,1.0,,-1.0, -1,1991.0,B01,138Â 211Â 673,1.0,0.0,-1.0,1721778,2.0,37,1.0,0.0,2.0,4.0,C01,138Â 211Â 674,0.0
1008700,201900050231,8,24,09:10,1,2,1,1.0,4.0,93050,GENERAL DE GAULLE (AVENUE),M,"48,8573800","2,5317700",93,2019,50.0,1.0,1.0,3.0,2255645,1.0,1,1,1,4.0,,-1.0, -1,1970.0,C01,138Â 211Â 674,1.0,0.0,-1.0,1721776,2.0,7,,0.0,2.0,1.0,A01,138Â 211Â 672,0.0
1008700,201900050231,8,24,09:10,1,2,1,1.0,4.0,93050,GENERAL DE GAULLE (AVENUE),M,"48,8573800","2,5317700",93,2019,50.0,1.0,1.0,3.0,2255645,1.0,1,1,1,4.0,,-1.0, -1,1970.0,C01,138Â 211Â 674,1.0,0.0,-1.0,1721777,2.0,7,,0.0,2.0,4.0,B01,138Â 211Â 673,0.0
1008700,201900050231,8,24,09:10,1,2,1,1.0,4.0,93050,GENERAL DE GAULLE (AVENUE),M,"48,8573800","2,5317700",93,2019,50.0,1.0,1.0,3.0,2255645,1.0,1,1,1,4.0,,-1.0, -1,1970.0,C01,138Â 211Â 674,1.0,0.0,-1.0,1721778,2.0,37,1.0,0.0,2.0,4.0,C01,138Â 211Â 674,0.0
1008701,201900050232,8,23,17:40,1,2,1,1.0,6.0,93048,BARBES (RUE),M,"48,8553100","2,4242500",93,2019,50.0,1.0,1.0,4.0,2255646,1.0,1,4,1,0.0,,-1.0, -1,2000.0,A01,138Â 211Â 671,8.0,0.0,-1.0,1721779,1.0,20,,0.0,1.0,9.0,A01,138Â 211Â 671,0.0
1008702,201900050233,8,22,12:20,1,2,2,1.0,3.0,93048,PASTEUR S2  (AVENUE),M,"48,8709900","2,4309000",93,2019,50.0,1.0,1.0,4.0,2255647,1.0,1,4,2,0.0,,-1.0, -1,1952.0,A01,138Â 211Â 669,1.0,0.0,-1.0,1721780,3.0,3,,0.0,2.0,2.0,A01,138Â 211Â 669,0.0
1008702,201900050233,8,22,12:20,1,2,2,1.0,3.0,93048,PASTEUR S2  (AVENUE),M,"48,8709900","2,4309000",93,2019,50.0,1.0,1.0,4.0,2255647,1.0,1,4,2,0.0,,-1.0, -1,1952.0,A01,138Â 211Â 669,1.0,0.0,-1.0,1721781,3.0,3,,0.0,2.0,3.0,B01,138Â 211Â 670,0.0
1008702,201900050233,8,22,12:20,1,2,2,1.0,3.0,93048,PASTEUR S2  (AVENUE),M,"48,8709900","2,4309000",93,2019,50.0,1.0,1.0,4.0,2255648,1.0,1,1,1,0.0,,-1.0, -1,1985.0,B01,138Â 211Â 670,1.0,0.0,-1.0,1721780,3.0,3,,0.0,2.0,2.0,A01,138Â 211Â 669,0.0
1008702,201900050233,8,22,12:20,1,2,2,1.0,3.0,93048,PASTEUR S2  (AVENUE),M,"48,8709900","2,4309000",93,2019,50.0,1.0,1.0,4.0,2255648,1.0,1,1,1,0.0,,-1.0, -1,1985.0,B01,138Â 211Â 670,1.0,0.0,-1.0,1721781,3.0,3,,0.0,2.0,3.0,B01,138Â 211Â 670,0.0
1008703,201900050234,8,23,16:30,1,2,1,1.0,6.0,93046,LUCIE AUBRAC ALLEE,M,"48,9282600","2,5494200",93,2019,30.0,1.0,1.0,4.0,2255649,1.0,1,4,1,1.0,,-1.0, -1,1962.0,A01,138Â 211Â 668,1.0,0.0,-1.0,1721782,1.0,10,,9.0,0.0,3.0,A01,138Â 211Â 668,1.0
1008704,201900050235,8,22,11:37,1,2,2,1.0,3.0,93046,VAUBAN AVENUE,M,"48,9215100","2,5298700",93,2019,50.0,1.0,1.0,9.0,2255650,1.0,1,1,1,9.0,,-1.0, -1,1936.0,A01,138Â 211Â 666,8.0,0.0,-1.0,1721783,1.0,7,,0.0,2.0,1.0,A01,138Â 211Â 666,1.0
1008704,201900050235,8,22,11:37,1,2,2,1.0,3.0,93046,VAUBAN AVENUE,M,"48,9215100","2,5298700",93,2019,50.0,1.0,1.0,9.0,2255650,1.0,1,1,1,9.0,,-1.0, -1,1936.0,A01,138Â 211Â 666,8.0,0.0,-1.0,1721784,1.0,7,,0.0,2.0,8.0,B01,138Â 211Â 667,1.0
1008704,201900050235,8,22,11:37,1,2,2,1.0,3.0,93046,VAUBAN AVENUE,M,"48,9215100","2,5298700",93,2019,50.0,1.0,1.0,9.0,2255651,2.0,2,1,2,9.0,,-1.0, -1,1939.0,A01,138Â 211Â 666,8.0,0.0,-1.0,1721783,1.0,7,,0.0,2.0,1.0,A01,138Â 211Â 666,1.0
1008704,201900050235,8,22,11:37,1,2,2,1.0,3.0,93046,VAUBAN AVENUE,M,"48,9215100","2,5298700",93,2019,50.0,1.0,1.0,9.0,2255651,2.0,2,1,2,9.0,,-1.0, -1,1939.0,A01,138Â 211Â 666,8.0,0.0,-1.0,1721784,1.0,7,,0.0,2.0,8.0,B01,138Â 211Â 667,1.0
1008704,201900050235,8,22,11:37,1,2,2,1.0,3.0,93046,VAUBAN AVENUE,M,"48,9215100","2,5298700",93,2019,50.0,1.0,1.0,9.0,2255652,1.0,1,4,1,4.0,,-1.0, -1,1995.0,B01,138Â 211Â 667,8.0,0.0,-1.0,1721783,1.0,7,,0.0,2.0,1.0,A01,138Â 211Â 666,1.0
1008704,201900050235,8,22,11:37,1,2,2,1.0,3.0,93046,VAUBAN AVENUE,M,"48,9215100","2,5298700",93,2019,50.0,1.0,1.0,9.0,2255652,1.0,1,4,1,4.0,,-1.0, -1,1995.0,B01,138Â 211Â 667,8.0,0.0,-1.0,1721784,1.0,7,,0.0,2.0,8.0,B01,138Â 211Â 667,1.0
1008705,201900050236,8,24,19:45,1,2,2,1.0,3.0,93014,GAGNY (ALLEE DE),M,"48,9014100","2,5470200",93,2019,50.0,2.0,1.0,3.0,2255653,1.0,1,3,1,0.0,,-1.0, -1,1996.0,B01,138Â 211Â 664,2.0,0.0,-1.0,1721785,3.0,31,,0.0,2.0,7.0,B01,138Â 211Â 664,1.0
1008705,201900050236,8,24,19:45,1,2,2,1.0,3.0,93014,GAGNY (ALLEE DE),M,"48,9014100","2,5470200",93,2019,50.0,2.0,1.0,3.0,2255653,1.0,1,3,1,0.0,,-1.0, -1,1996.0,B01,138Â 211Â 664,2.0,0.0,-1.0,1721786,3.0,7,,0.0,2.0,3.0,A01,138Â 211Â 665,1.0
1008705,201900050236,8,24,19:45,1,2,2,1.0,3.0,93014,GAGNY (ALLEE DE),M,"48,9014100","2,5470200",93,2019,50.0,2.0,1.0,3.0,2255654,2.0,2,1,2,0.0,,-1.0, -1,1968.0,A01,138Â 211Â 665,1.0,0.0,-1.0,1721785,3.0,31,,0.0,2.0,7.0,B01,138Â 211Â 664,1.0
1008705,201900050236,8,24,19:45,1,2,2,1.0,3.0,93014,GAGNY (ALLEE DE),M,"48,9014100","2,5470200",93,2019,50.0,2.0,1.0,3.0,2255654,2.0,2,1,2,0.0,,-1.0, -1,1968.0,A01,138Â 211Â 665,1.0,0.0,-1.0,1721786,3.0,7,,0.0,2.0,3.0,A01,138Â 211Â 665,1.0
1008705,201900050236,8,24,19:45,1,2,2,1.0,3.0,93014,GAGNY (ALLEE DE),M,"48,9014100","2,5470200",93,2019,50.0,2.0,1.0,3.0,2255655,1.0,1,1,1,0.0,,-1.0, -1,1976.0,A01,138Â 211Â 665,8.0,0.0,-1.0,1721785,3.0,31,,0.0,2.0,7.0,B01,138Â 211Â 664,1.0
1008705,201900050236,8,24,19:45,1,2,2,1.0,3.0,93014,GAGNY (ALLEE DE),M,"48,9014100","2,5470200",93,2019,50.0,2.0,1.0,3.0,2255655,1.0,1,1,1,0.0,,-1.0, -1,1976.0,A01,138Â 211Â 665,8.0,0.0,-1.0,1721786,3.0,7,,0.0,2.0,3.0,A01,138Â 211Â 665,1.0
1008706,201900050237,8,22,18:00,1,2,2,1.0,1.0,93057,PARIS (BD DE),M,"48,9139900","2,4917200",93,2019,50.0,1.0,1.0,9.0,2255656,1.0,1,1,2,5.0,,-1.0, -1,1995.0,B01,138Â 211Â 662,1.0,5.0,-1.0,1721787,3.0,7,,0.0,2.0,1.0,B01,138Â 211Â 662,0.0
1008706,201900050237,8,22,18:00,1,2,2,1.0,1.0,93057,PARIS (BD DE),M,"48,9139900","2,4917200",93,2019,50.0,1.0,1.0,9.0,2255656,1.0,1,1,2,5.0,,-1.0, -1,1995.0,B01,138Â 211Â 662,1.0,5.0,-1.0,1721788,3.0,7,,0.0,2.0,3.0,A01,138Â 211Â 663,0.0
1008706,201900050237,8,22,18:00,1,2,2,1.0,1.0,93057,PARIS (BD DE),M,"48,9139900","2,4917200",93,2019,50.0,1.0,1.0,9.0,2255657,4.0,2,1,1,5.0,,-1.0, -1,2004.0,A01,138Â 211Â 663,1.0,0.0,-1.0,1721787,3.0,7,,0.0,2.0,1.0,B01,138Â 211Â 662,0.0
1008706,201900050237,8,22,18:00,1,2,2,1.0,1.0,93057,PARIS (BD DE),M,"48,9139900","2,4917200",93,2019,50.0,1.0,1.0,9.0,2255657,4.0,2,1,1,5.0,,-1.0, -1,2004.0,A01,138Â 211Â 663,1.0,0.0,-1.0,1721788,3.0,7,,0.0,2.0,3.0,A01,138Â 211Â 663,0.0
1008706,201900050237,8,22,18:00,1,2,2,1.0,1.0,93057,PARIS (BD DE),M,"48,9139900","2,4917200",93,2019,50.0,1.0,1.0,9.0,2255658,2.0,2,1,1,5.0,,-1.0, -1,2003.0,A01,138Â 211Â 663,1.0,0.0,-1.0,1721787,3.0,7,,0.0,2.0,1.0,B01,138Â 211Â 662,0.0
1008706,201900050237,8,22,18:00,1,2,2,1.0,1.0,93057,PARIS (BD DE),M,"48,9139900","2,4917200",93,2019,50.0,1.0,1.0,9.0,2255658,2.0,2,1,1,5.0,,-1.0, -1,2003.0,A01,138Â 211Â 663,1.0,0.0,-1.0,1721788,3.0,7,,0.0,2.0,3.0,A01,138Â 211Â 663,0.0
1008706,201900050237,8,22,18:00,1,2,2,1.0,1.0,93057,PARIS (BD DE),M,"48,9139900","2,4917200",93,2019,50.0,1.0,1.0,9.0,2255659,5.0,2,1,1,5.0,,-1.0, -1,2006.0,A01,138Â 211Â 663,1.0,0.0,-1.0,1721787,3.0,7,,0.0,2.0,1.0,B01,138Â 211Â 662,0.0
1008706,201900050237,8,22,18:00,1,2,2,1.0,1.0,93057,PARIS (BD DE),M,"48,9139900","2,4917200",93,2019,50.0,1.0,1.0,9.0,2255659,5.0,2,1,1,5.0,,-1.0, -1,2006.0,A01,138Â 211Â 663,1.0,0.0,-1.0,1721788,3.0,7,,0.0,2.0,3.0,A01,138Â 211Â 663,0.0
1008706,201900050237,8,22,18:00,1,2,2,1.0,1.0,93057,PARIS (BD DE),M,"48,9139900","2,4917200",93,2019,50.0,1.0,1.0,9.0,2255660,1.0,1,4,1,0.0,,-1.0, -1,1974.0,A01,138Â 211Â 663,1.0,5.0,-1.0,1721787,3.0,7,,0.0,2.0,1.0,B01,138Â 211Â 662,0.0
1008706,201900050237,8,22,18:00,1,2,2,1.0,1.0,93057,PARIS (BD DE),M,"48,9139900","2,4917200",93,2019,50.0,1.0,1.0,9.0,2255660,1.0,1,4,1,0.0,,-1.0, -1,1974.0,A01,138Â 211Â 663,1.0,5.0,-1.0,1721788,3.0,7,,0.0,2.0,3.0,A01,138Â 211Â 663,0.0
1008707,201900050238,8,22,22:42,5,2,1,1.0,2.0,93008,PARIS (RUE DE),M,"48,9019900","2,4596500",93,2019,50.0,1.0,1.0,3.0,2255661,1.0,1,1,1,0.0,,-1.0, -1,1963.0,B01,138Â 211Â 660,1.0,0.0,-1.0,1721789,2.0,7,,0.0,2.0,1.0,B01,138Â 211Â 660,1.0
1008707,201900050238,8,22,22:42,5,2,1,1.0,2.0,93008,PARIS (RUE DE),M,"48,9019900","2,4596500",93,2019,50.0,1.0,1.0,3.0,2255661,1.0,1,1,1,0.0,,-1.0, -1,1963.0,B01,138Â 211Â 660,1.0,0.0,-1.0,1721790,2.0,7,,0.0,0.0,4.0,A01,138Â 211Â 661,1.0
1008707,201900050238,8,22,22:42,5,2,1,1.0,2.0,93008,PARIS (RUE DE),M,"48,9019900","2,4596500",93,2019,50.0,1.0,1.0,3.0,2255662,1.0,1,4,1,0.0,,-1.0, -1,1967.0,A01,138Â 211Â 661,1.0,0.0,-1.0,1721789,2.0,7,,0.0,2.0,1.0,B01,138Â 211Â 660,1.0
1008707,201900050238,8,22,22:42,5,2,1,1.0,2.0,93008,PARIS (RUE DE),M,"48,9019900","2,4596500",93,2019,50.0,1.0,1.0,3.0,2255662,1.0,1,4,1,0.0,,-1.0, -1,1967.0,A01,138Â 211Â 661,1.0,0.0,-1.0,1721790,2.0,7,,0.0,0.0,4.0,A01,138Â 211Â 661,1.0
1008708,201900050239,8,21,11:40,1,2,1,1.0,3.0,93007,DE LA REPUBLIQUE (AVENUE),M,"48,9352000","2,4733000",93,2019,50.0,3.0,1.0,9.0,2255663,1.0,1,4,1,0.0,,-1.0, -1,1993.0,B01,138Â 211Â 658,2.0,0.0,-1.0,1721791,1.0,33,,0.0,2.0,3.0,B01,138Â 211Â 658,0.0
1008708,201900050239,8,21,11:40,1,2,1,1.0,3.0,93007,DE LA REPUBLIQUE (AVENUE),M,"48,9352000","2,4733000",93,2019,50.0,3.0,1.0,9.0,2255663,1.0,1,4,1,0.0,,-1.0, -1,1993.0,B01,138Â 211Â 658,2.0,0.0,-1.0,1721792,2.0,7,,0.0,2.0,1.0,A01,138Â 211Â 659,0.0
1008708,201900050239,8,21,11:40,1,2,1,1.0,3.0,93007,DE LA REPUBLIQUE (AVENUE),M,"48,9352000","2,4733000",93,2019,50.0,3.0,1.0,9.0,2255664,2.0,2,4,1,0.0,,-1.0, -1,1993.0,B01,138Â 211Â 658,2.0,0.0,-1.0,1721791,1.0,33,,0.0,2.0,3.0,B01,138Â 211Â 658,0.0
1008708,201900050239,8,21,11:40,1,2,1,1.0,3.0,93007,DE LA REPUBLIQUE (AVENUE),M,"48,9352000","2,4733000",93,2019,50.0,3.0,1.0,9.0,2255664,2.0,2,4,1,0.0,,-1.0, -1,1993.0,B01,138Â 211Â 658,2.0,0.0,-1.0,1721792,2.0,7,,0.0,2.0,1.0,A01,138Â 211Â 659,0.0
1008708,201900050239,8,21,11:40,1,2,1,1.0,3.0,93007,DE LA REPUBLIQUE (AVENUE),M,"48,9352000","2,4733000",93,2019,50.0,3.0,1.0,9.0,2255665,1.0,1,1,1,0.0,,-1.0, -1,2000.0,A01,138Â 211Â 659,1.0,0.0,-1.0,1721791,1.0,33,,0.0,2.0,3.0,B01,138Â 211Â 658,0.0
1008708,201900050239,8,21,11:40,1,2,1,1.0,3.0,93007,DE LA REPUBLIQUE (AVENUE),M,"48,9352000","2,4733000",93,2019,50.0,3.0,1.0,9.0,2255665,1.0,1,1,1,0.0,,-1.0, -1,2000.0,A01,138Â 211Â 659,1.0,0.0,-1.0,1721792,2.0,7,,0.0,2.0,1.0,A01,138Â 211Â 659,0.0
1008709,201900050240,2,15,22:00,5,2,9,1.0,6.0,92078,MARC SANGNIER (AVENUE),M,"48,9258000","2,3261800",92,2019,50.0,1.0,1.0,4.0,2255666,10.0,3,4,2,0.0,,4.0,3,1966.0,A01,138Â 211Â 657,8.0,0.0,-1.0,1721793,3.0,7,,0.0,1.0,7.0,A01,138Â 211Â 657,6.0
1008709,201900050240,2,15,22:00,5,2,9,1.0,6.0,92078,MARC SANGNIER (AVENUE),M,"48,9258000","2,3261800",92,2019,50.0,1.0,1.0,4.0,2255667,1.0,1,1,1,9.0,,0.0,0,1955.0,A01,138Â 211Â 657,1.0,0.0,-1.0,1721793,3.0,7,,0.0,1.0,7.0,A01,138Â 211Â 657,6.0
1008710,201900050241,8,22,08:40,5,2,1,1.0,6.0,92078,PRINCIPALE DU PORT (ROUTE) (19/+),M,"48,9375200","2,2700000",92,2019,50.0,1.0,1.0,4.0,2255668,1.0,1,4,1,1.0,,-1.0, -1,1957.0,B01,138Â 211Â 655,2.0,6.0,-1.0,1721794,1.0,33,,1.0,2.0,8.0,B01,138Â 211Â 655,1.0
1008710,201900050241,8,22,08:40,5,2,1,1.0,6.0,92078,PRINCIPALE DU PORT (ROUTE) (19/+),M,"48,9375200","2,2700000",92,2019,50.0,1.0,1.0,4.0,2255668,1.0,1,4,1,1.0,,-1.0, -1,1957.0,B01,138Â 211Â 655,2.0,6.0,-1.0,1721795,1.0,7,,0.0,2.0,2.0,A01,138Â 211Â 656,1.0
1008711,201900050242,8,24,03:00,5,2,1,1.0,6.0,92075,ANTOINE FRATACCI (RUE),M,"48,8209600","2,2893400",92,2019,50.0,1.0,1.0,3.0,2255669,1.0,1,4,2,0.0,,-1.0,0,1996.0,A01,138Â 211Â 654,1.0,0.0,-1.0,1721796,3.0,10,,9.0,0.0,2.0,A01,138Â 211Â 654,1.0
1008711,201900050242,8,24,03:00,5,2,1,1.0,6.0,92075,ANTOINE FRATACCI (RUE),M,"48,8209600","2,2893400",92,2019,50.0,1.0,1.0,3.0,2255670,2.0,2,4,1,0.0,,0.0,0,1995.0,A01,138Â 211Â 654,1.0,0.0,-1.0,1721796,3.0,10,,9.0,0.0,2.0,A01,138Â 211Â 654,1.0
1008711,201900050242,8,24,03:00,5,2,1,1.0,6.0,92075,ANTOINE FRATACCI (RUE),M,"48,8209600","2,2893400",92,2019,50.0,1.0,1.0,3.0,2255671,4.0,2,4,2,0.0,,0.0,0,1995.0,A01,138Â 211Â 654,1.0,0.0,-1.0,1721796,3.0,10,,9.0,0.0,2.0,A01,138Â 211Â 654,1.0
1008712,201900050243,8,21,07:05,1,2,1,8.0,2.0,92072,MANUFACTURE NATIONALE (PLACE DE LA),M,"48,8287045","2,2241014",92,2019,50.0,1.0,1.0,3.0,2255672,1.0,1,1,1,1.0,,-1.0,0,1990.0,A01,138Â 211Â 652,8.0,0.0,-1.0,1721797,3.0,7,,0.0,2.0,4.0,A01,138Â 211Â 652,1.0
1008712,201900050243,8,21,07:05,1,2,1,8.0,2.0,92072,MANUFACTURE NATIONALE (PLACE DE LA),M,"48,8287045","2,2241014",92,2019,50.0,1.0,1.0,3.0,2255672,1.0,1,1,1,1.0,,-1.0,0,1990.0,A01,138Â 211Â 652,8.0,0.0,-1.0,1721798,3.0,1,,0.0,2.0,1.0,B01,138Â 211Â 653,5.0
1008712,201900050243,8,21,07:05,1,2,1,8.0,2.0,92072,MANUFACTURE NATIONALE (PLACE DE LA),M,"48,8287045","2,2241014",92,2019,50.0,1.0,1.0,3.0,2255673,1.0,1,4,1,1.0,,0.0,0,1983.0,B01,138Â 211Â 653,2.0,6.0,-1.0,1721797,3.0,7,,0.0,2.0,4.0,A01,138Â 211Â 652,1.0
1008712,201900050243,8,21,07:05,1,2,1,8.0,2.0,92072,MANUFACTURE NATIONALE (PLACE DE LA),M,"48,8287045","2,2241014",92,2019,50.0,1.0,1.0,3.0,2255673,1.0,1,4,1,1.0,,0.0,0,1983.0,B01,138Â 211Â 653,2.0,6.0,-1.0,1721798,3.0,1,,0.0,2.0,1.0,B01,138Â 211Â 653,5.0
1008713,201900050244,8,23,07:10,1,2,1,1.0,2.0,92062,BELLINI (TERRASSE),M,"48,8871300","2,2519200",92,2019,30.0,1.0,1.0,4.0,2255674,1.0,1,4,1,1.0,,-1.0,0,2000.0,A01,138Â 211Â 651,2.0,6.0,-1.0,1721799,3.0,7,,0.0,2.0,1.0,B01,138Â 211Â 650,1.0
1008713,201900050244,8,23,07:10,1,2,1,1.0,2.0,92062,BELLINI (TERRASSE),M,"48,8871300","2,2519200",92,2019,30.0,1.0,1.0,4.0,2255674,1.0,1,4,1,1.0,,-1.0,0,2000.0,A01,138Â 211Â 651,2.0,6.0,-1.0,1721800,3.0,30,,0.0,2.0,4.0,A01,138Â 211Â 651,1.0
1008714,201900050245,8,23,10:30,1,2,2,1.0,1.0,92051,"VICTOR HUGO (BOULEVARD, NÂ° 9 A 49 ET 16",M,"48,8855400","2,2802700",92,2019,50.0,3.0,1.0,4.0,2255675,1.0,1,4,1,0.0,,-1.0,0,1995.0,A01,138Â 211Â 648,2.0,8.0,-1.0,1721801,0.0,31,,0.0,2.0,1.0,A01,138Â 211Â 648,0.0
1008714,201900050245,8,23,10:30,1,2,2,1.0,1.0,92051,"VICTOR HUGO (BOULEVARD, NÂ° 9 A 49 ET 16",M,"48,8855400","2,2802700",92,2019,50.0,3.0,1.0,4.0,2255675,1.0,1,4,1,0.0,,-1.0,0,1995.0,A01,138Â 211Â 648,2.0,8.0,-1.0,1721802,0.0,7,,0.0,2.0,1.0,B01,138Â 211Â 649,0.0
1008714,201900050245,8,23,10:30,1,2,2,1.0,1.0,92051,"VICTOR HUGO (BOULEVARD, NÂ° 9 A 49 ET 16",M,"48,8855400","2,2802700",92,2019,50.0,3.0,1.0,4.0,2255676,1.0,1,1,1,0.0,,-1.0,0,1954.0,B01,138Â 211Â 649,1.0,0.0,-1.0,1721801,0.0,31,,0.0,2.0,1.0,A01,138Â 211Â 648,0.0
1008714,201900050245,8,23,10:30,1,2,2,1.0,1.0,92051,"VICTOR HUGO (BOULEVARD, NÂ° 9 A 49 ET 16",M,"48,8855400","2,2802700",92,2019,50.0,3.0,1.0,4.0,2255676,1.0,1,1,1,0.0,,-1.0,0,1954.0,B01,138Â 211Â 649,1.0,0.0,-1.0,1721802,0.0,7,,0.0,2.0,1.0,B01,138Â 211Â 649,0.0