Unnamed: 0_x,num_acc,mois,jour,hrmn,lum,agg,int,atm,col,com,adr,gps,lat,long,dep,annee,vma,situ,surf,catr,Unnamed: 0_y,place,catu,grav,sexe,trajet,secu,locp,actp,an_nais,num_veh_x,id_vehicule_x,secu1,secu2,secu3,Unnamed: 0,senc,catv,occutc,obs,obsm,choc,num_veh_y,id_vehicule_y,motor
1008715,201900050246,8,24,04:27,5,2,1,1.0,6.0,92050,CALVAIRE RUE DU,M,"48,8792700","2,2079100",92,2019,50.0,1.0,1.0,4.0,2255677,1.0,1,4,1,5.0,,-1.0,0,1995.0,A01,138Â 211Â 647,8.0,0.0,-1.0,1721803,1.0,31,,1.0,0.0,9.0,A01,138Â 211Â 647,1.0
1008716,201900050247,8,21,09:10,1,2,1,1.0,3.0,92049,BROSSOLETTE AVENUE PIERRE,M,"48,8216300","2,3133800",92,2019,50.0,1.0,1.0,3.0,2255678,1.0,1,4,1,1.0,,-1.0,0,1991.0,A01,138Â 211Â 645,2.0,6.0,-1.0,1721804,1.0,32,,1.0,0.0,2.0,A01,138Â 211Â 645,1.0
1008716,201900050247,8,21,09:10,1,2,1,1.0,3.0,92049,BROSSOLETTE AVENUE PIERRE,M,"48,8216300","2,3133800",92,2019,50.0,1.0,1.0,3.0,2255678,1.0,1,4,1,1.0,,-1.0,0,1991.0,A01,138Â 211Â 645,2.0,6.0,-1.0,1721805,1.0,14,,1.0,0.0,3.0,B01,138Â 211Â 646,1.0
1008716,201900050247,8,21,09:10,1,2,1,1.0,3.0,92049,BROSSOLETTE AVENUE PIERRE,M,"48,8216300","2,3133800",92,2019,50.0,1.0,1.0,3.0,2255679,1.0,1,1,1,4.0,,-1.0,0,1981.0,B01,138Â 211Â 646,1.0,0.0,-1.0,1721804,1.0,32,,1.0,0.0,2.0,A01,138Â 211Â 645,1.0
1008716,201900050247,8,21,09:10,1,2,1,1.0,3.0,92049,BROSSOLETTE AVENUE PIERRE,M,"48,8216300","2,3133800",92,2019,50.0,1.0,1.0,3.0,2255679,1.0,1,1,1,4.0,,-1.0,0,1981.0,B01,138Â 211Â 646,1.0,0.0,-1.0,1721805,1.0,14,,1.0,0.0,3.0,B01,138Â 211Â 646,1.0
1008717,201900050248,8,23,09:00,1,2,1,1.0,5.0,92040,PDT ROOSEVELT (QUAI DU),M,"48,8278400","2,2606100",92,2019,50.0,1.0,1.0,3.0,2255680,1.0,1,4,1,1.0,,-1.0,0,1997.0,A01,138Â 211Â 642,2.0,0.0,-1.0,1721806,2.0,33,,0.0,2.0,7.0,A01,138Â 211Â 642,1.0
1008717,201900050248,8,23,09:00,1,2,1,1.0,5.0,92040,PDT ROOSEVELT (QUAI DU),M,"48,8278400","2,2606100",92,2019,50.0,1.0,1.0,3.0,2255680,1.0,1,4,1,1.0,,-1.0,0,1997.0,A01,138Â 211Â 642,2.0,0.0,-1.0,1721807,2.0,14,,0.0,2.0,8.0,B01,138Â 211Â 643,1.0
1008717,201900050248,8,23,09:00,1,2,1,1.0,5.0,92040,PDT ROOSEVELT (QUAI DU),M,"48,8278400","2,2606100",92,2019,50.0,1.0,1.0,3.0,2255680,1.0,1,4,1,1.0,,-1.0,0,1997.0,A01,138Â 211Â 642,2.0,0.0,-1.0,1721808,2.0,3,,0.0,2.0,7.0,C01,138Â 211Â 644,1.0
1008717,201900050248,8,23,09:00,1,2,1,1.0,5.0,92040,PDT ROOSEVELT (QUAI DU),M,"48,8278400","2,2606100",92,2019,50.0,1.0,1.0,3.0,2255681,1.0,1,1,1,1.0,,-1.0,0,1972.0,B01,138Â 211Â 643,1.0,0.0,-1.0,1721806,2.0,33,,0.0,2.0,7.0,A01,138Â 211Â 642,1.0
1008717,201900050248,8,23,09:00,1,2,1,1.0,5.0,92040,PDT ROOSEVELT (QUAI DU),M,"48,8278400","2,2606100",92,2019,50.0,1.0,1.0,3.0,2255681,1.0,1,1,1,1.0,,-1.0,0,1972.0,B01,138Â 211Â 643,1.0,0.0,-1.0,1721807,2.0,14,,0.0,2.0,8.0,B01,138Â 211Â 643,1.0
1008717,201900050248,8,23,09:00,1,2,1,1.0,5.0,92040,PDT ROOSEVELT (QUAI DU),M,"48,8278400","2,2606100",92,2019,50.0,1.0,1.0,3.0,2255681,1.0,1,1,1,1.0,,-1.0,0,1972.0,B01,138Â 211Â 643,1.0,0.0,-1.0,1721808,2.0,3,,0.0,2.0,7.0,C01,138Â 211Â 644,1.0
1008717,201900050248,8,23,09:00,1,2,1,1.0,5.0,92040,PDT ROOSEVELT (QUAI DU),M,"48,8278400","2,2606100",92,2019,50.0,1.0,1.0,3.0,2255682,1.0,1,1,1,1.0,,-1.0,0,1996.0,C01,138Â 211Â 644,1.0,0.0,-1.0,1721806,2.0,33,,0.0,2.0,7.0,A01,138Â 211Â 642,1.0
1008717,201900050248,8,23,09:00,1,2,1,1.0,5.0,92040,PDT ROOSEVELT (QUAI DU),M,"48,8278400","2,2606100",92,2019,50.0,1.0,1.0,3.0,2255682,1.0,1,1,1,1.0,,-1.0,0,1996.0,C01,138Â 211Â 644,1.0,0.0,-1.0,1721807,2.0,14,,0.0,2.0,8.0,B01,138Â 211Â 643,1.0
1008717,201900050248,8,23,09:00,1,2,1,1.0,5.0,92040,PDT ROOSEVELT (QUAI DU),M,"48,8278400","2,2606100",92,2019,50.0,1.0,1.0,3.0,2255682,1.0,1,1,1,1.0,,-1.0,0,1996.0,C01,138Â 211Â 644,1.0,0.0,-1.0,1721808,2.0,3,,0.0,2.0,7.0,C01,138Â 211Â 644,1.0
1008718,201900050249,8,23,10:30,1,2,1,1.0,3.0,92035,National ( boulevard ),M,"48,9033500","2,2392100",92,2019,50.0,1.0,1.0,3.0,2255683,1.0,1,1,1,4.0,,-1.0,0,1981.0,A01,138Â 211Â 640,1.0,0.0,-1.0,1721809,3.0,7,,0.0,6.0,2.0,A01,138Â 211Â 640,0.0
1008718,201900050249,8,23,10:30,1,2,1,1.0,3.0,92035,National ( boulevard ),M,"48,9033500","2,2392100",92,2019,50.0,1.0,1.0,3.0,2255683,1.0,1,1,1,4.0,,-1.0,0,1981.0,A01,138Â 211Â 640,1.0,0.0,-1.0,1721810,3.0,50,,0.0,2.0,1.0,B01,138Â 211Â 641,3.0
1008718,201900050249,8,23,10:30,1,2,1,1.0,3.0,92035,National ( boulevard ),M,"48,9033500","2,2392100",92,2019,50.0,1.0,1.0,3.0,2255684,1.0,1,4,1,1.0,,-1.0,0,1992.0,B01,138Â 211Â 641,8.0,0.0,-1.0,1721809,3.0,7,,0.0,6.0,2.0,A01,138Â 211Â 640,0.0
1008718,201900050249,8,23,10:30,1,2,1,1.0,3.0,92035,National ( boulevard ),M,"48,9033500","2,2392100",92,2019,50.0,1.0,1.0,3.0,2255684,1.0,1,4,1,1.0,,-1.0,0,1992.0,B01,138Â 211Â 641,8.0,0.0,-1.0,1721810,3.0,50,,0.0,2.0,1.0,B01,138Â 211Â 641,3.0
1008719,201900050250,8,23,23:35,5,2,3,1.0,3.0,92026,COLOMBES,M,"48,9023400","2,2562400",92,2019,50.0,1.0,1.0,3.0,2255685,2.0,2,1,1,0.0,,-1.0,0,2008.0,A01,138Â 211Â 638,1.0,0.0,-1.0,1721811,1.0,7,,0.0,2.0,8.0,A01,138Â 211Â 638,1.0
1008719,201900050250,8,23,23:35,5,2,3,1.0,3.0,92026,COLOMBES,M,"48,9023400","2,2562400",92,2019,50.0,1.0,1.0,3.0,2255685,2.0,2,1,1,0.0,,-1.0,0,2008.0,A01,138Â 211Â 638,1.0,0.0,-1.0,1721812,1.0,2,,0.0,2.0,1.0,B01,138Â 211Â 639,1.0
1008719,201900050250,8,23,23:35,5,2,3,1.0,3.0,92026,COLOMBES,M,"48,9023400","2,2562400",92,2019,50.0,1.0,1.0,3.0,2255686,1.0,1,4,2,0.0,,-1.0,0,1977.0,A01,138Â 211Â 638,1.0,0.0,-1.0,1721811,1.0,7,,0.0,2.0,8.0,A01,138Â 211Â 638,1.0
1008719,201900050250,8,23,23:35,5,2,3,1.0,3.0,92026,COLOMBES,M,"48,9023400","2,2562400",92,2019,50.0,1.0,1.0,3.0,2255686,1.0,1,4,2,0.0,,-1.0,0,1977.0,A01,138Â 211Â 638,1.0,0.0,-1.0,1721812,1.0,2,,0.0,2.0,1.0,B01,138Â 211Â 639,1.0
1008719,201900050250,8,23,23:35,5,2,3,1.0,3.0,92026,COLOMBES,M,"48,9023400","2,2562400",92,2019,50.0,1.0,1.0,3.0,2255687,1.0,1,1,1,0.0,,-1.0,0,2000.0,B01,138Â 211Â 639,2.0,0.0,-1.0,1721811,1.0,7,,0.0,2.0,8.0,A01,138Â 211Â 638,1.0
1008719,201900050250,8,23,23:35,5,2,3,1.0,3.0,92026,COLOMBES,M,"48,9023400","2,2562400",92,2019,50.0,1.0,1.0,3.0,2255687,1.0,1,1,1,0.0,,-1.0,0,2000.0,B01,138Â 211Â 639,2.0,0.0,-1.0,1721812,1.0,2,,0.0,2.0,1.0,B01,138Â 211Â 639,1.0
1008719,201900050250,8,23,23:35,5,2,3,1.0,3.0,92026,COLOMBES,M,"48,9023400","2,2562400",92,2019,50.0,1.0,1.0,3.0,2255688,2.0,2,4,1,0.0,,-1.0,0,1998.0,B01,138Â 211Â 639,2.0,0.0,-1.0,1721811,1.0,7,,0.0,2.0,8.0,A01,138Â 211Â 638,1.0
1008719,201900050250,8,23,23:35,5,2,3,1.0,3.0,92026,COLOMBES,M,"48,9023400","2,2562400",92,2019,50.0,1.0,1.0,3.0,2255688,2.0,2,4,1,0.0,,-1.0,0,1998.0,B01,138Â 211Â 639,2.0,0.0,-1.0,1721812,1.0,2,,0.0,2.0,1.0,B01,138Â 211Â 639,1.0
1008720,201900050251,8,17,00:45,5,2,1,1.0,6.0,92026,JOFFRE ( DE 02 A 26 ET DE 05 A 27 ),M,"48,8977669","2,2675342",92,2019,70.0,1.0,1.0,3.0,2255689,1.0,1,4,1,1.0,,-1.0, -1,1973.0,A01,138Â 211Â 637,2.0,0.0,-1.0,1721813,1.0,30,,1.0,0.0,1.0,A01,138Â 211Â 637,1.0
1008721,201900050252,8,23,23:20,5,2,1,1.0,3.0,92012,EDOUARD VAILLANT (AVENUE) 57/FIN - 58/FI,M,"48,8340513","2,2446154",92,2019,50.0,1.0,1.0,3.0,2255690,1.0,1,4,1,0.0,,-1.0, -1,1999.0,A01,138Â 211Â 635,2.0,0.0,-1.0,1721814,1.0,32,,0.0,2.0,1.0,A01,138Â 211Â 635,0.0
1008721,201900050252,8,23,23:20,5,2,1,1.0,3.0,92012,EDOUARD VAILLANT (AVENUE) 57/FIN - 58/FI,M,"48,8340513","2,2446154",92,2019,50.0,1.0,1.0,3.0,2255690,1.0,1,4,1,0.0,,-1.0, -1,1999.0,A01,138Â 211Â 635,2.0,0.0,-1.0,1721815,1.0,7,,0.0,2.0,0.0,B01,138Â 211Â 636,1.0
1008721,201900050252,8,23,23:20,5,2,1,1.0,3.0,92012,EDOUARD VAILLANT (AVENUE) 57/FIN - 58/FI,M,"48,8340513","2,2446154",92,2019,50.0,1.0,1.0,3.0,2255691,1.0,1,1,1,0.0,,-1.0,0,1987.0,B01,138Â 211Â 636,1.0,0.0,-1.0,1721814,1.0,32,,0.0,2.0,1.0,A01,138Â 211Â 635,0.0
1008721,201900050252,8,23,23:20,5,2,1,1.0,3.0,92012,EDOUARD VAILLANT (AVENUE) 57/FIN - 58/FI,M,"48,8340513","2,2446154",92,2019,50.0,1.0,1.0,3.0,2255691,1.0,1,1,1,0.0,,-1.0,0,1987.0,B01,138Â 211Â 636,1.0,0.0,-1.0,1721815,1.0,7,,0.0,2.0,0.0,B01,138Â 211Â 636,1.0
1008722,201900050253,8,22,18:00,1,2,2,1.0,2.0,92012,ANDRE MORIZET (AVENUE) 1/47 - 2/52,M,"48,8350000","2,2413200",92,2019,50.0,1.0,1.0,3.0,2255692,1.0,1,1,1,0.0,,-1.0,0,1992.0,B01,138Â 211Â 633,1.0,0.0,-1.0,1721816,1.0,7,,0.0,2.0,6.0,B01,138Â 211Â 633,0.0
1008722,201900050253,8,22,18:00,1,2,2,1.0,2.0,92012,ANDRE MORIZET (AVENUE) 1/47 - 2/52,M,"48,8350000","2,2413200",92,2019,50.0,1.0,1.0,3.0,2255692,1.0,1,1,1,0.0,,-1.0,0,1992.0,B01,138Â 211Â 633,1.0,0.0,-1.0,1721817,1.0,30,,0.0,2.0,2.0,A01,138Â 211Â 634,3.0
1008722,201900050253,8,22,18:00,1,2,2,1.0,2.0,92012,ANDRE MORIZET (AVENUE) 1/47 - 2/52,M,"48,8350000","2,2413200",92,2019,50.0,1.0,1.0,3.0,2255693,1.0,1,4,1,0.0,,0.0,0,1990.0,A01,138Â 211Â 634,2.0,0.0,-1.0,1721816,1.0,7,,0.0,2.0,6.0,B01,138Â 211Â 633,0.0
1008722,201900050253,8,22,18:00,1,2,2,1.0,2.0,92012,ANDRE MORIZET (AVENUE) 1/47 - 2/52,M,"48,8350000","2,2413200",92,2019,50.0,1.0,1.0,3.0,2255693,1.0,1,4,1,0.0,,0.0,0,1990.0,A01,138Â 211Â 634,2.0,0.0,-1.0,1721817,1.0,30,,0.0,2.0,2.0,A01,138Â 211Â 634,3.0
1008723,201900050254,8,22,16:30,1,2,3,1.0,3.0,92002,PRESIDENT KENNEDY (50 A LA FIN),M,"48,7376034","2,2954593",92,2019,50.0,1.0,1.0,3.0,2255694,1.0,1,4,2,3.0,,-1.0,0,1996.0,A01,138Â 211Â 628,1.0,8.0,-1.0,1721818,2.0,7,,0.0,2.0,1.0,A01,138Â 211Â 628,1.0
1008723,201900050254,8,22,16:30,1,2,3,1.0,3.0,92002,PRESIDENT KENNEDY (50 A LA FIN),M,"48,7376034","2,2954593",92,2019,50.0,1.0,1.0,3.0,2255694,1.0,1,4,2,3.0,,-1.0,0,1996.0,A01,138Â 211Â 628,1.0,8.0,-1.0,1721819,1.0,33,,0.0,2.0,1.0,B01,138Â 211Â 629,1.0
1008723,201900050254,8,22,16:30,1,2,3,1.0,3.0,92002,PRESIDENT KENNEDY (50 A LA FIN),M,"48,7376034","2,2954593",92,2019,50.0,1.0,1.0,3.0,2255695,2.0,2,4,2,5.0,,-1.0,0,1973.0,B01,138Â 211Â 629,2.0,8.0,-1.0,1721818,2.0,7,,0.0,2.0,1.0,A01,138Â 211Â 628,1.0
1008723,201900050254,8,22,16:30,1,2,3,1.0,3.0,92002,PRESIDENT KENNEDY (50 A LA FIN),M,"48,7376034","2,2954593",92,2019,50.0,1.0,1.0,3.0,2255695,2.0,2,4,2,5.0,,-1.0,0,1973.0,B01,138Â 211Â 629,2.0,8.0,-1.0,1721819,1.0,33,,0.0,2.0,1.0,B01,138Â 211Â 629,1.0
1008723,201900050254,8,22,16:30,1,2,3,1.0,3.0,92002,PRESIDENT KENNEDY (50 A LA FIN),M,"48,7376034","2,2954593",92,2019,50.0,1.0,1.0,3.0,2255696,1.0,1,3,1,5.0,,-1.0,0,1966.0,B01,138Â 211Â 629,2.0,8.0,-1.0,1721818,2.0,7,,0.0,2.0,1.0,A01,138Â 211Â 628,1.0
1008723,201900050254,8,22,16:30,1,2,3,1.0,3.0,92002,PRESIDENT KENNEDY (50 A LA FIN),M,"48,7376034","2,2954593",92,2019,50.0,1.0,1.0,3.0,2255696,1.0,1,3,1,5.0,,-1.0,0,1966.0,B01,138Â 211Â 629,2.0,8.0,-1.0,1721819,1.0,33,,0.0,2.0,1.0,B01,138Â 211Â 629,1.0
1008724,201900050255,8,21,10:45,1,2,1,1.0,2.0,92014,MARECHAL JOFFRE (BD DU) (43 A 97 - 58 A,M,"48,7825260","2,3148250",92,2019,50.0,1.0,1.0,3.0,2255697,1.0,1,1,1,1.0,,-1.0,0,1966.0,A01,138Â 211Â 626,8.0,0.0,-1.0,1721820,1.0,7,,0.0,2.0,1.0,A01,138Â 211Â 626,1.0
1008724,201900050255,8,21,10:45,1,2,1,1.0,2.0,92014,MARECHAL JOFFRE (BD DU) (43 A 97 - 58 A,M,"48,7825260","2,3148250",92,2019,50.0,1.0,1.0,3.0,2255697,1.0,1,1,1,1.0,,-1.0,0,1966.0,A01,138Â 211Â 626,8.0,0.0,-1.0,1721821,1.0,10,,0.0,2.0,4.0,B01,138Â 211Â 627,1.0
1008724,201900050255,8,21,10:45,1,2,1,1.0,2.0,92014,MARECHAL JOFFRE (BD DU) (43 A 97 - 58 A,M,"48,7825260","2,3148250",92,2019,50.0,1.0,1.0,3.0,2255698,1.0,1,4,1,1.0,,-1.0,0,1986.0,B01,138Â 211Â 627,8.0,0.0,-1.0,1721820,1.0,7,,0.0,2.0,1.0,A01,138Â 211Â 626,1.0
1008724,201900050255,8,21,10:45,1,2,1,1.0,2.0,92014,MARECHAL JOFFRE (BD DU) (43 A 97 - 58 A,M,"48,7825260","2,3148250",92,2019,50.0,1.0,1.0,3.0,2255698,1.0,1,4,1,1.0,,-1.0,0,1986.0,B01,138Â 211Â 627,8.0,0.0,-1.0,1721821,1.0,10,,0.0,2.0,4.0,B01,138Â 211Â 627,1.0
1008725,201900050256,8,22,19:40,2,1,1,7.0,1.0,14689,Le Costil Blot (Saint-Martin-de-Sallen),M,"48,9830600"," -0,4753720",14,2019,80.0,1.0,1.0,3.0,2255699,7.0,2,4,2,3.0,,0.0,0,2009.0,B01,138Â 211Â 624,1.0,-1.0,-1.0,1721822,1.0,7,,0.0,2.0,3.0,B01,138Â 211Â 624,1.0
1008725,201900050256,8,22,19:40,2,1,1,7.0,1.0,14689,Le Costil Blot (Saint-Martin-de-Sallen),M,"48,9830600"," -0,4753720",14,2019,80.0,1.0,1.0,3.0,2255699,7.0,2,4,2,3.0,,0.0,0,2009.0,B01,138Â 211Â 624,1.0,-1.0,-1.0,1721823,2.0,7,,0.0,2.0,2.0,A01,138Â 211Â 625,1.0
1008725,201900050256,8,22,19:40,2,1,1,7.0,1.0,14689,Le Costil Blot (Saint-Martin-de-Sallen),M,"48,9830600"," -0,4753720",14,2019,80.0,1.0,1.0,3.0,2255700,9.0,2,4,1,3.0,,0.0,0,2013.0,B01,138Â 211Â 624,1.0,-1.0,-1.0,1721822,1.0,7,,0.0,2.0,3.0,B01,138Â 211Â 624,1.0
1008725,201900050256,8,22,19:40,2,1,1,7.0,1.0,14689,Le Costil Blot (Saint-Martin-de-Sallen),M,"48,9830600"," -0,4753720",14,2019,80.0,1.0,1.0,3.0,2255700,9.0,2,4,1,3.0,,0.0,0,2013.0,B01,138Â 211Â 624,1.0,-1.0,-1.0,1721823,2.0,7,,0.0,2.0,2.0,A01,138Â 211Â 625,1.0
1008725,201900050256,8,22,19:40,2,1,1,7.0,1.0,14689,Le Costil Blot (Saint-Martin-de-Sallen),M,"48,9830600"," -0,4753720",14,2019,80.0,1.0,1.0,3.0,2255701,1.0,1,3,2,3.0,,0.0,0,1979.0,B01,138Â 211Â 624,1.0,-1.0,-1.0,1721822,1.0,7,,0.0,2.0,3.0,B01,138Â 211Â 624,1.0
1008725,201900050256,8,22,19:40,2,1,1,7.0,1.0,14689,Le Costil Blot (Saint-Martin-de-Sallen),M,"48,9830600"," -0,4753720",14,2019,80.0,1.0,1.0,3.0,2255701,1.0,1,3,2,3.0,,0.0,0,1979.0,B01,138Â 211Â 624,1.0,-1.0,-1.0,1721823,2.0,7,,0.0,2.0,2.0,A01,138Â 211Â 625,1.0
1008725,201900050256,8,22,19:40,2,1,1,7.0,1.0,14689,Le Costil Blot (Saint-Martin-de-Sallen),M,"48,9830600"," -0,4753720",14,2019,80.0,1.0,1.0,3.0,2255702,1.0,1,4,1,3.0,,0.0,0,2000.0,A01,138Â 211Â 625,1.0,-1.0,-1.0,1721822,1.0,7,,0.0,2.0,3.0,B01,138Â 211Â 624,1.0
1008725,201900050256,8,22,19:40,2,1,1,7.0,1.0,14689,Le Costil Blot (Saint-Martin-de-Sallen),M,"48,9830600"," -0,4753720",14,2019,80.0,1.0,1.0,3.0,2255702,1.0,1,4,1,3.0,,0.0,0,2000.0,A01,138Â 211Â 625,1.0,-1.0,-1.0,1721823,2.0,7,,0.0,2.0,2.0,A01,138Â 211Â 625,1.0
1008726,201900050257,8,23,20:30,3,1,1,1.0,2.0,01362,D66,M,"45,9659720","4,8975608",1,2019,80.0,1.0,1.0,3.0,2255703,1.0,1,2,1,5.0,,0.0,0,1993.0,A01,138Â 211Â 622,0.0,-1.0,-1.0,1721824,2.0,7,,0.0,2.0,2.0,A01,138Â 211Â 622,1.0
1008726,201900050257,8,23,20:30,3,1,1,1.0,2.0,01362,D66,M,"45,9659720","4,8975608",1,2019,80.0,1.0,1.0,3.0,2255703,1.0,1,2,1,5.0,,0.0,0,1993.0,A01,138Â 211Â 622,0.0,-1.0,-1.0,1721825,2.0,7,,13.0,0.0,6.0,B01,138Â 211Â 623,1.0
1008726,201900050257,8,23,20:30,3,1,1,1.0,2.0,01362,D66,M,"45,9659720","4,8975608",1,2019,80.0,1.0,1.0,3.0,2255704,1.0,1,1,1,5.0,,0.0,0,1943.0,B01,138Â 211Â 623,1.0,-1.0,-1.0,1721824,2.0,7,,0.0,2.0,2.0,A01,138Â 211Â 622,1.0
1008726,201900050257,8,23,20:30,3,1,1,1.0,2.0,01362,D66,M,"45,9659720","4,8975608",1,2019,80.0,1.0,1.0,3.0,2255704,1.0,1,1,1,5.0,,0.0,0,1943.0,B01,138Â 211Â 623,1.0,-1.0,-1.0,1721825,2.0,7,,13.0,0.0,6.0,B01,138Â 211Â 623,1.0
1008727,201900050258,8,24,21:00,3,1,1,1.0,6.0,83058,,M,"43,5450740","6,3185280",83,2019,80.0,3.0,1.0,3.0,2255705,1.0,1,3,2,5.0,,0.0,0,1994.0,A01,138Â 211Â 621,1.0,5.0,-1.0,1721826,2.0,7,,2.0,9.0,1.0,A01,138Â 211Â 621,1.0
1008728,201900050259,8,24,00:00,3,2,1,1.0,1.0,38157,Rue des Potiers,M,"45,4885900","4,9501400",38,2019,50.0,1.0,1.0,3.0,2255706,1.0,1,3,1,5.0,,0.0,0,1980.0,A01,138Â 211Â 619,0.0,-1.0,-1.0,1721827,1.0,7,,0.0,2.0,1.0,A01,138Â 211Â 619,1.0
1008728,201900050259,8,24,00:00,3,2,1,1.0,1.0,38157,Rue des Potiers,M,"45,4885900","4,9501400",38,2019,50.0,1.0,1.0,3.0,2255706,1.0,1,3,1,5.0,,0.0,0,1980.0,A01,138Â 211Â 619,0.0,-1.0,-1.0,1721828,2.0,7,,0.0,0.0,1.0,B01,138Â 211Â 620,1.0
1008728,201900050259,8,24,00:00,3,2,1,1.0,1.0,38157,Rue des Potiers,M,"45,4885900","4,9501400",38,2019,50.0,1.0,1.0,3.0,2255707,1.0,1,4,2,5.0,,0.0,0,1984.0,B01,138Â 211Â 620,1.0,5.0,-1.0,1721827,1.0,7,,0.0,2.0,1.0,A01,138Â 211Â 619,1.0
1008728,201900050259,8,24,00:00,3,2,1,1.0,1.0,38157,Rue des Potiers,M,"45,4885900","4,9501400",38,2019,50.0,1.0,1.0,3.0,2255707,1.0,1,4,2,5.0,,0.0,0,1984.0,B01,138Â 211Â 620,1.0,5.0,-1.0,1721828,2.0,7,,0.0,0.0,1.0,B01,138Â 211Â 620,1.0
1008729,201900050260,8,24,23:30,4,1,2,1.0,6.0,86275,RD 9,M,"46,8780180","0,5088270",86,2019,80.0,3.0,1.0,3.0,2255708,1.0,1,3,1,5.0,,0.0,0,1994.0,A01,138Â 211Â 618,2.0,-1.0,-1.0,1721829,1.0,33,,15.0,0.0,1.0,A01,138Â 211Â 618,1.0
1008730,201900050261,8,24,03:50,3,1,1,1.0,4.0,66190,autoroute A9 PK 234+87,M,"42,8395900","2,9109550",66,2019,130.0,1.0,1.0,1.0,2255709,1.0,1,4,1,5.0,,0.0,0,1989.0,A01,138Â 211Â 614,1.0,-1.0,-1.0,1721830,2.0,7,,0.0,2.0,6.0,A01,138Â 211Â 614,1.0
1008730,201900050261,8,24,03:50,3,1,1,1.0,4.0,66190,autoroute A9 PK 234+87,M,"42,8395900","2,9109550",66,2019,130.0,1.0,1.0,1.0,2255709,1.0,1,4,1,5.0,,0.0,0,1989.0,A01,138Â 211Â 614,1.0,-1.0,-1.0,1721831,2.0,7,,0.0,2.0,3.0,B01,138Â 211Â 615,1.0
1008730,201900050261,8,24,03:50,3,1,1,1.0,4.0,66190,autoroute A9 PK 234+87,M,"42,8395900","2,9109550",66,2019,130.0,1.0,1.0,1.0,2255709,1.0,1,4,1,5.0,,0.0,0,1989.0,A01,138Â 211Â 614,1.0,-1.0,-1.0,1721832,2.0,7,,0.0,2.0,1.0,C01,138Â 211Â 616,1.0
1008730,201900050261,8,24,03:50,3,1,1,1.0,4.0,66190,autoroute A9 PK 234+87,M,"42,8395900","2,9109550",66,2019,130.0,1.0,1.0,1.0,2255709,1.0,1,4,1,5.0,,0.0,0,1989.0,A01,138Â 211Â 614,1.0,-1.0,-1.0,1721833,2.0,7,,0.0,2.0,9.0,D01,138Â 211Â 617,1.0
1008730,201900050261,8,24,03:50,3,1,1,1.0,4.0,66190,autoroute A9 PK 234+87,M,"42,8395900","2,9109550",66,2019,130.0,1.0,1.0,1.0,2255710,1.0,1,4,1,5.0,,0.0,0,1992.0,B01,138Â 211Â 615,1.0,-1.0,-1.0,1721830,2.0,7,,0.0,2.0,6.0,A01,138Â 211Â 614,1.0
1008730,201900050261,8,24,03:50,3,1,1,1.0,4.0,66190,autoroute A9 PK 234+87,M,"42,8395900","2,9109550",66,2019,130.0,1.0,1.0,1.0,2255710,1.0,1,4,1,5.0,,0.0,0,1992.0,B01,138Â 211Â 615,1.0,-1.0,-1.0,1721831,2.0,7,,0.0,2.0,3.0,B01,138Â 211Â 615,1.0
1008730,201900050261,8,24,03:50,3,1,1,1.0,4.0,66190,autoroute A9 PK 234+87,M,"42,8395900","2,9109550",66,2019,130.0,1.0,1.0,1.0,2255710,1.0,1,4,1,5.0,,0.0,0,1992.0,B01,138Â 211Â 615,1.0,-1.0,-1.0,1721832,2.0,7,,0.0,2.0,1.0,C01,138Â 211Â 616,1.0
1008730,201900050261,8,24,03:50,3,1,1,1.0,4.0,66190,autoroute A9 PK 234+87,M,"42,8395900","2,9109550",66,2019,130.0,1.0,1.0,1.0,2255710,1.0,1,4,1,5.0,,0.0,0,1992.0,B01,138Â 211Â 615,1.0,-1.0,-1.0,1721833,2.0,7,,0.0,2.0,9.0,D01,138Â 211Â 617,1.0
1008730,201900050261,8,24,03:50,3,1,1,1.0,4.0,66190,autoroute A9 PK 234+87,M,"42,8395900","2,9109550",66,2019,130.0,1.0,1.0,1.0,2255711,7.0,2,4,2,5.0,,0.0,0,2017.0,C01,138Â 211Â 616,1.0,-1.0,-1.0,1721830,2.0,7,,0.0,2.0,6.0,A01,138Â 211Â 614,1.0
1008730,201900050261,8,24,03:50,3,1,1,1.0,4.0,66190,autoroute A9 PK 234+87,M,"42,8395900","2,9109550",66,2019,130.0,1.0,1.0,1.0,2255711,7.0,2,4,2,5.0,,0.0,0,2017.0,C01,138Â 211Â 616,1.0,-1.0,-1.0,1721831,2.0,7,,0.0,2.0,3.0,B01,138Â 211Â 615,1.0
1008730,201900050261,8,24,03:50,3,1,1,1.0,4.0,66190,autoroute A9 PK 234+87,M,"42,8395900","2,9109550",66,2019,130.0,1.0,1.0,1.0,2255711,7.0,2,4,2,5.0,,0.0,0,2017.0,C01,138Â 211Â 616,1.0,-1.0,-1.0,1721832,2.0,7,,0.0,2.0,1.0,C01,138Â 211Â 616,1.0