Unnamed: 0_x,num_acc,mois,jour,hrmn,lum,agg,int,atm,col,com,adr,gps,lat,long,dep,annee,vma,situ,surf,catr,Unnamed: 0_y,place,catu,grav,sexe,trajet,secu,locp,actp,an_nais,num_veh_x,id_vehicule_x,secu1,secu2,secu3,Unnamed: 0,senc,catv,occutc,obs,obsm,choc,num_veh_y,id_vehicule_y,motor
1008730,201900050261,8,24,03:50,3,1,1,1.0,4.0,66190,autoroute A9 PK 234+87,M,"42,8395900","2,9109550",66,2019,130.0,1.0,1.0,1.0,2255711,7.0,2,4,2,5.0,,0.0,0,2017.0,C01,138Â 211Â 616,1.0,-1.0,-1.0,1721833,2.0,7,,0.0,2.0,9.0,D01,138Â 211Â 617,1.0
1008730,201900050261,8,24,03:50,3,1,1,1.0,4.0,66190,autoroute A9 PK 234+87,M,"42,8395900","2,9109550",66,2019,130.0,1.0,1.0,1.0,2255712,2.0,2,4,2,5.0,,0.0,0,1997.0,C01,138Â 211Â 616,1.0,-1.0,-1.0,1721830,2.0,7,,0.0,2.0,6.0,A01,138Â 211Â 614,1.0
1008730,201900050261,8,24,03:50,3,1,1,1.0,4.0,66190,autoroute A9 PK 234+87,M,"42,8395900","2,9109550",66,2019,130.0,1.0,1.0,1.0,2255712,2.0,2,4,2,5.0,,0.0,0,1997.0,C01,138Â 211Â 616,1.0,-1.0,-1.0,1721831,2.0,7,,0.0,2.0,3.0,B01,138Â 211Â 615,1.0
1008730,201900050261,8,24,03:50,3,1,1,1.0,4.0,66190,autoroute A9 PK 234+87,M,"42,8395900","2,9109550",66,2019,130.0,1.0,1.0,1.0,2255712,2.0,2,4,2,5.0,,0.0,0,1997.0,C01,138Â 211Â 616,1.0,-1.0,-1.0,1721832,2.0,7,,0.0,2.0,1.0,C01,138Â 211Â 616,1.0
1008730,201900050261,8,24,03:50,3,1,1,1.0,4.0,66190,autoroute A9 PK 234+87,M,"42,8395900","2,9109550",66,2019,130.0,1.0,1.0,1.0,2255712,2.0,2,4,2,5.0,,0.0,0,1997.0,C01,138Â 211Â 616,1.0,-1.0,-1.0,1721833,2.0,7,,0.0,2.0,9.0,D01,138Â 211Â 617,1.0
1008730,201900050261,8,24,03:50,3,1,1,1.0,4.0,66190,autoroute A9 PK 234+87,M,"42,8395900","2,9109550",66,2019,130.0,1.0,1.0,1.0,2255713,1.0,1,4,1,5.0,,0.0,0,1995.0,C01,138Â 211Â 616,1.0,-1.0,-1.0,1721830,2.0,7,,0.0,2.0,6.0,A01,138Â 211Â 614,1.0
1008730,201900050261,8,24,03:50,3,1,1,1.0,4.0,66190,autoroute A9 PK 234+87,M,"42,8395900","2,9109550",66,2019,130.0,1.0,1.0,1.0,2255713,1.0,1,4,1,5.0,,0.0,0,1995.0,C01,138Â 211Â 616,1.0,-1.0,-1.0,1721831,2.0,7,,0.0,2.0,3.0,B01,138Â 211Â 615,1.0
1008730,201900050261,8,24,03:50,3,1,1,1.0,4.0,66190,autoroute A9 PK 234+87,M,"42,8395900","2,9109550",66,2019,130.0,1.0,1.0,1.0,2255713,1.0,1,4,1,5.0,,0.0,0,1995.0,C01,138Â 211Â 616,1.0,-1.0,-1.0,1721832,2.0,7,,0.0,2.0,1.0,C01,138Â 211Â 616,1.0
1008730,201900050261,8,24,03:50,3,1,1,1.0,4.0,66190,autoroute A9 PK 234+87,M,"42,8395900","2,9109550",66,2019,130.0,1.0,1.0,1.0,2255713,1.0,1,4,1,5.0,,0.0,0,1995.0,C01,138Â 211Â 616,1.0,-1.0,-1.0,1721833,2.0,7,,0.0,2.0,9.0,D01,138Â 211Â 617,1.0
1008730,201900050261,8,24,03:50,3,1,1,1.0,4.0,66190,autoroute A9 PK 234+87,M,"42,8395900","2,9109550",66,2019,130.0,1.0,1.0,1.0,2255714,1.0,1,1,1,5.0,,0.0,0,1968.0,D01,138Â 211Â 617,1.0,-1.0,-1.0,1721830,2.0,7,,0.0,2.0,6.0,A01,138Â 211Â 614,1.0
1008730,201900050261,8,24,03:50,3,1,1,1.0,4.0,66190,autoroute A9 PK 234+87,M,"42,8395900","2,9109550",66,2019,130.0,1.0,1.0,1.0,2255714,1.0,1,1,1,5.0,,0.0,0,1968.0,D01,138Â 211Â 617,1.0,-1.0,-1.0,1721831,2.0,7,,0.0,2.0,3.0,B01,138Â 211Â 615,1.0
1008730,201900050261,8,24,03:50,3,1,1,1.0,4.0,66190,autoroute A9 PK 234+87,M,"42,8395900","2,9109550",66,2019,130.0,1.0,1.0,1.0,2255714,1.0,1,1,1,5.0,,0.0,0,1968.0,D01,138Â 211Â 617,1.0,-1.0,-1.0,1721832,2.0,7,,0.0,2.0,1.0,C01,138Â 211Â 616,1.0
1008730,201900050261,8,24,03:50,3,1,1,1.0,4.0,66190,autoroute A9 PK 234+87,M,"42,8395900","2,9109550",66,2019,130.0,1.0,1.0,1.0,2255714,1.0,1,1,1,5.0,,0.0,0,1968.0,D01,138Â 211Â 617,1.0,-1.0,-1.0,1721833,2.0,7,,0.0,2.0,9.0,D01,138Â 211Â 617,1.0
1008730,201900050261,8,24,03:50,3,1,1,1.0,4.0,66190,autoroute A9 PK 234+87,M,"42,8395900","2,9109550",66,2019,130.0,1.0,1.0,1.0,2255715,2.0,2,3,2,5.0,,0.0,0,1982.0,D01,138Â 211Â 617,1.0,-1.0,-1.0,1721830,2.0,7,,0.0,2.0,6.0,A01,138Â 211Â 614,1.0
1008730,201900050261,8,24,03:50,3,1,1,1.0,4.0,66190,autoroute A9 PK 234+87,M,"42,8395900","2,9109550",66,2019,130.0,1.0,1.0,1.0,2255715,2.0,2,3,2,5.0,,0.0,0,1982.0,D01,138Â 211Â 617,1.0,-1.0,-1.0,1721831,2.0,7,,0.0,2.0,3.0,B01,138Â 211Â 615,1.0
1008730,201900050261,8,24,03:50,3,1,1,1.0,4.0,66190,autoroute A9 PK 234+87,M,"42,8395900","2,9109550",66,2019,130.0,1.0,1.0,1.0,2255715,2.0,2,3,2,5.0,,0.0,0,1982.0,D01,138Â 211Â 617,1.0,-1.0,-1.0,1721832,2.0,7,,0.0,2.0,1.0,C01,138Â 211Â 616,1.0
1008730,201900050261,8,24,03:50,3,1,1,1.0,4.0,66190,autoroute A9 PK 234+87,M,"42,8395900","2,9109550",66,2019,130.0,1.0,1.0,1.0,2255715,2.0,2,3,2,5.0,,0.0,0,1982.0,D01,138Â 211Â 617,1.0,-1.0,-1.0,1721833,2.0,7,,0.0,2.0,9.0,D01,138Â 211Â 617,1.0
1008730,201900050261,8,24,03:50,3,1,1,1.0,4.0,66190,autoroute A9 PK 234+87,M,"42,8395900","2,9109550",66,2019,130.0,1.0,1.0,1.0,2255716,8.0,2,4,2,5.0,,0.0,0,2010.0,D01,138Â 211Â 617,1.0,-1.0,-1.0,1721830,2.0,7,,0.0,2.0,6.0,A01,138Â 211Â 614,1.0
1008730,201900050261,8,24,03:50,3,1,1,1.0,4.0,66190,autoroute A9 PK 234+87,M,"42,8395900","2,9109550",66,2019,130.0,1.0,1.0,1.0,2255716,8.0,2,4,2,5.0,,0.0,0,2010.0,D01,138Â 211Â 617,1.0,-1.0,-1.0,1721831,2.0,7,,0.0,2.0,3.0,B01,138Â 211Â 615,1.0
1008730,201900050261,8,24,03:50,3,1,1,1.0,4.0,66190,autoroute A9 PK 234+87,M,"42,8395900","2,9109550",66,2019,130.0,1.0,1.0,1.0,2255716,8.0,2,4,2,5.0,,0.0,0,2010.0,D01,138Â 211Â 617,1.0,-1.0,-1.0,1721832,2.0,7,,0.0,2.0,1.0,C01,138Â 211Â 616,1.0
1008730,201900050261,8,24,03:50,3,1,1,1.0,4.0,66190,autoroute A9 PK 234+87,M,"42,8395900","2,9109550",66,2019,130.0,1.0,1.0,1.0,2255716,8.0,2,4,2,5.0,,0.0,0,2010.0,D01,138Â 211Â 617,1.0,-1.0,-1.0,1721833,2.0,7,,0.0,2.0,9.0,D01,138Â 211Â 617,1.0
1008730,201900050261,8,24,03:50,3,1,1,1.0,4.0,66190,autoroute A9 PK 234+87,M,"42,8395900","2,9109550",66,2019,130.0,1.0,1.0,1.0,2255717,9.0,2,3,1,5.0,,0.0,0,2005.0,D01,138Â 211Â 617,1.0,-1.0,-1.0,1721830,2.0,7,,0.0,2.0,6.0,A01,138Â 211Â 614,1.0
1008730,201900050261,8,24,03:50,3,1,1,1.0,4.0,66190,autoroute A9 PK 234+87,M,"42,8395900","2,9109550",66,2019,130.0,1.0,1.0,1.0,2255717,9.0,2,3,1,5.0,,0.0,0,2005.0,D01,138Â 211Â 617,1.0,-1.0,-1.0,1721831,2.0,7,,0.0,2.0,3.0,B01,138Â 211Â 615,1.0
1008730,201900050261,8,24,03:50,3,1,1,1.0,4.0,66190,autoroute A9 PK 234+87,M,"42,8395900","2,9109550",66,2019,130.0,1.0,1.0,1.0,2255717,9.0,2,3,1,5.0,,0.0,0,2005.0,D01,138Â 211Â 617,1.0,-1.0,-1.0,1721832,2.0,7,,0.0,2.0,1.0,C01,138Â 211Â 616,1.0
1008730,201900050261,8,24,03:50,3,1,1,1.0,4.0,66190,autoroute A9 PK 234+87,M,"42,8395900","2,9109550",66,2019,130.0,1.0,1.0,1.0,2255717,9.0,2,3,1,5.0,,0.0,0,2005.0,D01,138Â 211Â 617,1.0,-1.0,-1.0,1721833,2.0,7,,0.0,2.0,9.0,D01,138Â 211Â 617,1.0
1008730,201900050261,8,24,03:50,3,1,1,1.0,4.0,66190,autoroute A9 PK 234+87,M,"42,8395900","2,9109550",66,2019,130.0,1.0,1.0,1.0,2255718,7.0,2,1,2,5.0,,0.0,0,2014.0,D01,138Â 211Â 617,1.0,-1.0,-1.0,1721830,2.0,7,,0.0,2.0,6.0,A01,138Â 211Â 614,1.0
1008730,201900050261,8,24,03:50,3,1,1,1.0,4.0,66190,autoroute A9 PK 234+87,M,"42,8395900","2,9109550",66,2019,130.0,1.0,1.0,1.0,2255718,7.0,2,1,2,5.0,,0.0,0,2014.0,D01,138Â 211Â 617,1.0,-1.0,-1.0,1721831,2.0,7,,0.0,2.0,3.0,B01,138Â 211Â 615,1.0
1008730,201900050261,8,24,03:50,3,1,1,1.0,4.0,66190,autoroute A9 PK 234+87,M,"42,8395900","2,9109550",66,2019,130.0,1.0,1.0,1.0,2255718,7.0,2,1,2,5.0,,0.0,0,2014.0,D01,138Â 211Â 617,1.0,-1.0,-1.0,1721832,2.0,7,,0.0,2.0,1.0,C01,138Â 211Â 616,1.0
1008730,201900050261,8,24,03:50,3,1,1,1.0,4.0,66190,autoroute A9 PK 234+87,M,"42,8395900","2,9109550",66,2019,130.0,1.0,1.0,1.0,2255718,7.0,2,1,2,5.0,,0.0,0,2014.0,D01,138Â 211Â 617,1.0,-1.0,-1.0,1721833,2.0,7,,0.0,2.0,9.0,D01,138Â 211Â 617,1.0
1008731,201900050262,8,24,17:35,1,1,1,1.0,3.0,67371,D178,M,"48,8601200","7,3200670",67,2019,80.0,1.0,1.0,3.0,2255719,1.0,1,4,1,5.0,,0.0,0,1969.0,B01,138Â 211Â 612,2.0,6.0,-1.0,1721834,2.0,33,,0.0,2.0,8.0,B01,138Â 211Â 612,0.0
1008731,201900050262,8,24,17:35,1,1,1,1.0,3.0,67371,D178,M,"48,8601200","7,3200670",67,2019,80.0,1.0,1.0,3.0,2255719,1.0,1,4,1,5.0,,0.0,0,1969.0,B01,138Â 211Â 612,2.0,6.0,-1.0,1721835,1.0,7,,0.0,2.0,8.0,A01,138Â 211Â 613,0.0
1008731,201900050262,8,24,17:35,1,1,1,1.0,3.0,67371,D178,M,"48,8601200","7,3200670",67,2019,80.0,1.0,1.0,3.0,2255720,1.0,1,1,2,0.0,,0.0,0,1982.0,A01,138Â 211Â 613,1.0,-1.0,-1.0,1721834,2.0,33,,0.0,2.0,8.0,B01,138Â 211Â 612,0.0
1008731,201900050262,8,24,17:35,1,1,1,1.0,3.0,67371,D178,M,"48,8601200","7,3200670",67,2019,80.0,1.0,1.0,3.0,2255720,1.0,1,1,2,0.0,,0.0,0,1982.0,A01,138Â 211Â 613,1.0,-1.0,-1.0,1721835,1.0,7,,0.0,2.0,8.0,A01,138Â 211Â 613,0.0
1008732,201900050263,8,20,09:45,1,1,1,2.0,6.0,09105,D628,M,"43,1504590","1,2961620",9,2019,80.0,3.0,2.0,3.0,2255721,1.0,1,3,2,5.0,,0.0,0,1953.0,A01,138Â 211Â 611,1.0,-1.0,-1.0,1721836,2.0,7,,2.0,0.0,8.0,A01,138Â 211Â 611,1.0
1008733,201900050264,8,24,20:00,1,1,1,1.0,6.0,09181,Route du Faubourg Saint-FerrÃ©ol,M,"43,0752450","1,3589180",9,2019,70.0,1.0,1.0,3.0,2255722,1.0,1,3,1,5.0,,0.0,0,1999.0,B01,138Â 211Â 610,8.0,-1.0,-1.0,1721837,0.0,7,,2.0,0.0,2.0,B01,138Â 211Â 610,1.0
1008734,201900050265,8,25,03:00,3,1,1,1.0,6.0,16204,Le Fief de Foncie (Touzac),M,"45,5206790"," -0,1586190",16,2019,80.0,3.0,1.0,3.0,2255723,1.0,1,3,1,5.0,,0.0,0,1993.0,A01,138Â 211Â 609,1.0,-1.0,-1.0,1721838,2.0,7,,13.0,0.0,1.0,A01,138Â 211Â 609,1.0
1008735,201900050266,8,20,15:20,1,1,1,1.0,1.0,33098,BIBEY,M,"44,6840000"," -0,3196500",33,2019,80.0,1.0,1.0,3.0,2255724,1.0,1,3,1,5.0,,0.0,0,1947.0,B01,138Â 211Â 607,1.0,-1.0,-1.0,1721839,1.0,7,,0.0,2.0,3.0,B01,138Â 211Â 607,1.0
1008735,201900050266,8,20,15:20,1,1,1,1.0,1.0,33098,BIBEY,M,"44,6840000"," -0,3196500",33,2019,80.0,1.0,1.0,3.0,2255724,1.0,1,3,1,5.0,,0.0,0,1947.0,B01,138Â 211Â 607,1.0,-1.0,-1.0,1721840,2.0,10,,0.0,2.0,3.0,A01,138Â 211Â 608,1.0
1008735,201900050266,8,20,15:20,1,1,1,1.0,1.0,33098,BIBEY,M,"44,6840000"," -0,3196500",33,2019,80.0,1.0,1.0,3.0,2255725,1.0,1,1,1,4.0,,0.0,0,1993.0,A01,138Â 211Â 608,1.0,-1.0,-1.0,1721839,1.0,7,,0.0,2.0,3.0,B01,138Â 211Â 607,1.0
1008735,201900050266,8,20,15:20,1,1,1,1.0,1.0,33098,BIBEY,M,"44,6840000"," -0,3196500",33,2019,80.0,1.0,1.0,3.0,2255725,1.0,1,1,1,4.0,,0.0,0,1993.0,A01,138Â 211Â 608,1.0,-1.0,-1.0,1721840,2.0,10,,0.0,2.0,3.0,A01,138Â 211Â 608,1.0
1008736,201900050267,8,20,17:50,1,1,1,1.0,7.0,49110,D323,M,"47,5573540"," -0,3777420",49,2019,70.0,3.0,1.0,3.0,2255726,1.0,1,3,1,5.0,,0.0,0,1942.0,A01,138Â 211Â 606,1.0,-1.0,-1.0,1721841,1.0,7,,6.0,0.0,3.0,A01,138Â 211Â 606,2.0
1008737,201900050268,8,23,17:05,1,1,1,1.0,3.0,17425,Voie longeant la RD 730,M,"45,6044370"," -0,9114830",17,2019,70.0,1.0,1.0,4.0,2255727,1.0,1,3,1,5.0,,0.0,0,1951.0,A01,138Â 211Â 604,0.0,-1.0,-1.0,1721842,1.0,1,,0.0,2.0,8.0,A01,138Â 211Â 604,5.0
1008737,201900050268,8,23,17:05,1,1,1,1.0,3.0,17425,Voie longeant la RD 730,M,"45,6044370"," -0,9114830",17,2019,70.0,1.0,1.0,4.0,2255727,1.0,1,3,1,5.0,,0.0,0,1951.0,A01,138Â 211Â 604,0.0,-1.0,-1.0,1721843,1.0,7,,0.0,2.0,2.0,B01,138Â 211Â 605,1.0
1008737,201900050268,8,23,17:05,1,1,1,1.0,3.0,17425,Voie longeant la RD 730,M,"45,6044370"," -0,9114830",17,2019,70.0,1.0,1.0,4.0,2255728,1.0,1,1,1,5.0,,0.0,0,1985.0,B01,138Â 211Â 605,1.0,-1.0,-1.0,1721842,1.0,1,,0.0,2.0,8.0,A01,138Â 211Â 604,5.0
1008737,201900050268,8,23,17:05,1,1,1,1.0,3.0,17425,Voie longeant la RD 730,M,"45,6044370"," -0,9114830",17,2019,70.0,1.0,1.0,4.0,2255728,1.0,1,1,1,5.0,,0.0,0,1985.0,B01,138Â 211Â 605,1.0,-1.0,-1.0,1721843,1.0,7,,0.0,2.0,2.0,B01,138Â 211Â 605,1.0
1008738,201900050269,8,22,15:07,1,1,2,1.0,1.0,17244,Intersection RD 114 / RD 136,M,"45,6393790"," -0,7734840",17,2019,80.0,1.0,1.0,3.0,2255729,1.0,1,3,1,5.0,,0.0,0,1930.0,B01,138Â 211Â 602,1.0,-1.0,-1.0,1721844,1.0,7,,0.0,2.0,2.0,B01,138Â 211Â 602,1.0
1008738,201900050269,8,22,15:07,1,1,2,1.0,1.0,17244,Intersection RD 114 / RD 136,M,"45,6393790"," -0,7734840",17,2019,80.0,1.0,1.0,3.0,2255729,1.0,1,3,1,5.0,,0.0,0,1930.0,B01,138Â 211Â 602,1.0,-1.0,-1.0,1721845,2.0,7,,0.0,2.0,3.0,A01,138Â 211Â 603,1.0
1008738,201900050269,8,22,15:07,1,1,2,1.0,1.0,17244,Intersection RD 114 / RD 136,M,"45,6393790"," -0,7734840",17,2019,80.0,1.0,1.0,3.0,2255730,1.0,1,4,1,4.0,,0.0,0,1958.0,A01,138Â 211Â 603,1.0,-1.0,-1.0,1721844,1.0,7,,0.0,2.0,2.0,B01,138Â 211Â 602,1.0
1008738,201900050269,8,22,15:07,1,1,2,1.0,1.0,17244,Intersection RD 114 / RD 136,M,"45,6393790"," -0,7734840",17,2019,80.0,1.0,1.0,3.0,2255730,1.0,1,4,1,4.0,,0.0,0,1958.0,A01,138Â 211Â 603,1.0,-1.0,-1.0,1721845,2.0,7,,0.0,2.0,3.0,A01,138Â 211Â 603,1.0
1008739,201900050270,8,24,15:40,1,2,5,1.0,3.0,06161,RD 6098,M,"43,6579492","7,1216058",6,2019,50.0,1.0,1.0,3.0,2255731,1.0,1,1,2,0.0,,0.0,0,1984.0,B01,138Â 211Â 600,1.0,-1.0,-1.0,1721846,0.0,7,,0.0,2.0,3.0,B01,138Â 211Â 600,1.0
1008739,201900050270,8,24,15:40,1,2,5,1.0,3.0,06161,RD 6098,M,"43,6579492","7,1216058",6,2019,50.0,1.0,1.0,3.0,2255731,1.0,1,1,2,0.0,,0.0,0,1984.0,B01,138Â 211Â 600,1.0,-1.0,-1.0,1721847,0.0,2,,0.0,2.0,1.0,A01,138Â 211Â 601,6.0
1008739,201900050270,8,24,15:40,1,2,5,1.0,3.0,06161,RD 6098,M,"43,6579492","7,1216058",6,2019,50.0,1.0,1.0,3.0,2255732,1.0,1,3,1,0.0,,0.0,0,1981.0,A01,138Â 211Â 601,2.0,6.0,-1.0,1721846,0.0,7,,0.0,2.0,3.0,B01,138Â 211Â 600,1.0
1008739,201900050270,8,24,15:40,1,2,5,1.0,3.0,06161,RD 6098,M,"43,6579492","7,1216058",6,2019,50.0,1.0,1.0,3.0,2255732,1.0,1,3,1,0.0,,0.0,0,1981.0,A01,138Â 211Â 601,2.0,6.0,-1.0,1721847,0.0,2,,0.0,2.0,1.0,A01,138Â 211Â 601,6.0
1008740,201900050271,8,24,09:46,1,1,3,1.0,3.0,74238,Route des Grandes Alpes,M,"46,2246970","6,6612290",74,2019,80.0,1.0,1.0,3.0,2255733,1.0,1,1,2,5.0,,0.0,0,1971.0,A01,138Â 211Â 598,1.0,-1.0,-1.0,1721848,1.0,7,,4.0,2.0,3.0,A01,138Â 211Â 598,1.0
1008740,201900050271,8,24,09:46,1,1,3,1.0,3.0,74238,Route des Grandes Alpes,M,"46,2246970","6,6612290",74,2019,80.0,1.0,1.0,3.0,2255733,1.0,1,1,2,5.0,,0.0,0,1971.0,A01,138Â 211Â 598,1.0,-1.0,-1.0,1721849,1.0,33,,13.0,2.0,2.0,B01,138Â 211Â 599,1.0
1008740,201900050271,8,24,09:46,1,1,3,1.0,3.0,74238,Route des Grandes Alpes,M,"46,2246970","6,6612290",74,2019,80.0,1.0,1.0,3.0,2255734,2.0,2,1,1,5.0,,0.0,0,2005.0,A01,138Â 211Â 598,1.0,-1.0,-1.0,1721848,1.0,7,,4.0,2.0,3.0,A01,138Â 211Â 598,1.0
1008740,201900050271,8,24,09:46,1,1,3,1.0,3.0,74238,Route des Grandes Alpes,M,"46,2246970","6,6612290",74,2019,80.0,1.0,1.0,3.0,2255734,2.0,2,1,1,5.0,,0.0,0,2005.0,A01,138Â 211Â 598,1.0,-1.0,-1.0,1721849,1.0,33,,13.0,2.0,2.0,B01,138Â 211Â 599,1.0
1008740,201900050271,8,24,09:46,1,1,3,1.0,3.0,74238,Route des Grandes Alpes,M,"46,2246970","6,6612290",74,2019,80.0,1.0,1.0,3.0,2255735,2.0,2,1,1,5.0,,0.0,0,1956.0,B01,138Â 211Â 599,2.0,6.0,9.0,1721848,1.0,7,,4.0,2.0,3.0,A01,138Â 211Â 598,1.0
1008740,201900050271,8,24,09:46,1,1,3,1.0,3.0,74238,Route des Grandes Alpes,M,"46,2246970","6,6612290",74,2019,80.0,1.0,1.0,3.0,2255735,2.0,2,1,1,5.0,,0.0,0,1956.0,B01,138Â 211Â 599,2.0,6.0,9.0,1721849,1.0,33,,13.0,2.0,2.0,B01,138Â 211Â 599,1.0
1008740,201900050271,8,24,09:46,1,1,3,1.0,3.0,74238,Route des Grandes Alpes,M,"46,2246970","6,6612290",74,2019,80.0,1.0,1.0,3.0,2255736,1.0,1,3,1,5.0,,0.0,0,1959.0,B01,138Â 211Â 599,2.0,6.0,9.0,1721848,1.0,7,,4.0,2.0,3.0,A01,138Â 211Â 598,1.0
1008740,201900050271,8,24,09:46,1,1,3,1.0,3.0,74238,Route des Grandes Alpes,M,"46,2246970","6,6612290",74,2019,80.0,1.0,1.0,3.0,2255736,1.0,1,3,1,5.0,,0.0,0,1959.0,B01,138Â 211Â 599,2.0,6.0,9.0,1721849,1.0,33,,13.0,2.0,2.0,B01,138Â 211Â 599,1.0
1008741,201900050272,8,25,19:20,1,1,4,7.0,2.0,41203,Lieu-dit Grivelle,M,"47,6439760","1,2630590",41,2019,50.0,1.0,1.0,3.0,2255737,1.0,1,3,2,5.0,,0.0,0,1957.0,B01,138Â 211Â 596,2.0,7.0,-1.0,1721850,1.0,33,,0.0,0.0,4.0,B01,138Â 211Â 596,1.0
1008741,201900050272,8,25,19:20,1,1,4,7.0,2.0,41203,Lieu-dit Grivelle,M,"47,6439760","1,2630590",41,2019,50.0,1.0,1.0,3.0,2255737,1.0,1,3,2,5.0,,0.0,0,1957.0,B01,138Â 211Â 596,2.0,7.0,-1.0,1721851,1.0,33,,0.0,9.0,1.0,A01,138Â 211Â 597,1.0
1008741,201900050272,8,25,19:20,1,1,4,7.0,2.0,41203,Lieu-dit Grivelle,M,"47,6439760","1,2630590",41,2019,50.0,1.0,1.0,3.0,2255738,1.0,1,1,1,5.0,,0.0,0,1958.0,A01,138Â 211Â 597,2.0,6.0,5.0,1721850,1.0,33,,0.0,0.0,4.0,B01,138Â 211Â 596,1.0
1008741,201900050272,8,25,19:20,1,1,4,7.0,2.0,41203,Lieu-dit Grivelle,M,"47,6439760","1,2630590",41,2019,50.0,1.0,1.0,3.0,2255738,1.0,1,1,1,5.0,,0.0,0,1958.0,A01,138Â 211Â 597,2.0,6.0,5.0,1721851,1.0,33,,0.0,9.0,1.0,A01,138Â 211Â 597,1.0
1008742,201900050273,8,24,12:15,1,2,6,1.0,6.0,31116,Rue de l'Ãglise,M,"43,6945970","1,4284660",31,2019,30.0,1.0,1.0,3.0,2255739,1.0,1,1,2,3.0,,0.0,0,1949.0,A01,138Â 211Â 595,1.0,-1.0,-1.0,1721852,3.0,7,,0.0,1.0,1.0,A01,138Â 211Â 595,1.0
1008742,201900050273,8,24,12:15,1,2,6,1.0,6.0,31116,Rue de l'Ãglise,M,"43,6945970","1,4284660",31,2019,30.0,1.0,1.0,3.0,2255740,10.0,3,4,2,3.0,,2.0,3,1948.0,A01,138Â 211Â 595,0.0,-1.0,-1.0,1721852,3.0,7,,0.0,1.0,1.0,A01,138Â 211Â 595,1.0
1008743,201900050274,8,24,16:30,1,1,1,1.0,3.0,28018,A11,M,"48,1935560","0,8560880",28,2019,130.0,1.0,1.0,1.0,2255741,2.0,2,1,1,5.0,,0.0,0,2003.0,B01,138Â 211Â 593,1.0,-1.0,-1.0,1721853,2.0,7,,3.0,2.0,8.0,B01,138Â 211Â 593,1.0
1008743,201900050274,8,24,16:30,1,1,1,1.0,3.0,28018,A11,M,"48,1935560","0,8560880",28,2019,130.0,1.0,1.0,1.0,2255741,2.0,2,1,1,5.0,,0.0,0,2003.0,B01,138Â 211Â 593,1.0,-1.0,-1.0,1721854,2.0,7,,0.0,2.0,7.0,A01,138Â 211Â 594,1.0
1008743,201900050274,8,24,16:30,1,1,1,1.0,3.0,28018,A11,M,"48,1935560","0,8560880",28,2019,130.0,1.0,1.0,1.0,2255742,3.0,2,1,1,5.0,,0.0,0,2002.0,B01,138Â 211Â 593,1.0,-1.0,-1.0,1721853,2.0,7,,3.0,2.0,8.0,B01,138Â 211Â 593,1.0
1008743,201900050274,8,24,16:30,1,1,1,1.0,3.0,28018,A11,M,"48,1935560","0,8560880",28,2019,130.0,1.0,1.0,1.0,2255742,3.0,2,1,1,5.0,,0.0,0,2002.0,B01,138Â 211Â 593,1.0,-1.0,-1.0,1721854,2.0,7,,0.0,2.0,7.0,A01,138Â 211Â 594,1.0
1008743,201900050274,8,24,16:30,1,1,1,1.0,3.0,28018,A11,M,"48,1935560","0,8560880",28,2019,130.0,1.0,1.0,1.0,2255743,4.0,2,1,2,5.0,,0.0,0,2005.0,B01,138Â 211Â 593,1.0,-1.0,-1.0,1721853,2.0,7,,3.0,2.0,8.0,B01,138Â 211Â 593,1.0
1008743,201900050274,8,24,16:30,1,1,1,1.0,3.0,28018,A11,M,"48,1935560","0,8560880",28,2019,130.0,1.0,1.0,1.0,2255743,4.0,2,1,2,5.0,,0.0,0,2005.0,B01,138Â 211Â 593,1.0,-1.0,-1.0,1721854,2.0,7,,0.0,2.0,7.0,A01,138Â 211Â 594,1.0
1008743,201900050274,8,24,16:30,1,1,1,1.0,3.0,28018,A11,M,"48,1935560","0,8560880",28,2019,130.0,1.0,1.0,1.0,2255744,1.0,1,4,2,5.0,,0.0,0,1968.0,B01,138Â 211Â 593,1.0,-1.0,-1.0,1721853,2.0,7,,3.0,2.0,8.0,B01,138Â 211Â 593,1.0
1008743,201900050274,8,24,16:30,1,1,1,1.0,3.0,28018,A11,M,"48,1935560","0,8560880",28,2019,130.0,1.0,1.0,1.0,2255744,1.0,1,4,2,5.0,,0.0,0,1968.0,B01,138Â 211Â 593,1.0,-1.0,-1.0,1721854,2.0,7,,0.0,2.0,7.0,A01,138Â 211Â 594,1.0
1008743,201900050274,8,24,16:30,1,1,1,1.0,3.0,28018,A11,M,"48,1935560","0,8560880",28,2019,130.0,1.0,1.0,1.0,2255745,1.0,1,1,1,5.0,,0.0,0,1929.0,A01,138Â 211Â 594,1.0,-1.0,-1.0,1721853,2.0,7,,3.0,2.0,8.0,B01,138Â 211Â 593,1.0
1008743,201900050274,8,24,16:30,1,1,1,1.0,3.0,28018,A11,M,"48,1935560","0,8560880",28,2019,130.0,1.0,1.0,1.0,2255745,1.0,1,1,1,5.0,,0.0,0,1929.0,A01,138Â 211Â 594,1.0,-1.0,-1.0,1721854,2.0,7,,0.0,2.0,7.0,A01,138Â 211Â 594,1.0