Unnamed: 0_x,num_acc,mois,jour,hrmn,lum,agg,int,atm,col,com,adr,gps,lat,long,dep,annee,vma,situ,surf,catr,Unnamed: 0_y,place,catu,grav,sexe,trajet,secu,locp,actp,an_nais,num_veh_x,id_vehicule_x,secu1,secu2,secu3,Unnamed: 0,senc,catv,occutc,obs,obsm,choc,num_veh_y,id_vehicule_y,motor
1008744,201900050275,8,23,10:47,1,1,1,1.0,2.0,28161,Autoroute A11,M,"48,2654010","1,1477840",28,2019,130.0,1.0,1.0,1.0,2255746,1.0,1,2,2,5.0,,0.0,0,1967.0,B01,138Â 211Â 591,1.0,-1.0,-1.0,1721855,1.0,7,,3.0,0.0,4.0,B01,138Â 211Â 591,1.0
1008744,201900050275,8,23,10:47,1,1,1,1.0,2.0,28161,Autoroute A11,M,"48,2654010","1,1477840",28,2019,130.0,1.0,1.0,1.0,2255746,1.0,1,2,2,5.0,,0.0,0,1967.0,B01,138Â 211Â 591,1.0,-1.0,-1.0,1721856,1.0,7,,0.0,2.0,2.0,A01,138Â 211Â 592,1.0
1008744,201900050275,8,23,10:47,1,1,1,1.0,2.0,28161,Autoroute A11,M,"48,2654010","1,1477840",28,2019,130.0,1.0,1.0,1.0,2255747,1.0,1,1,1,5.0,,0.0,0,1976.0,A01,138Â 211Â 592,1.0,-1.0,-1.0,1721855,1.0,7,,3.0,0.0,4.0,B01,138Â 211Â 591,1.0
1008744,201900050275,8,23,10:47,1,1,1,1.0,2.0,28161,Autoroute A11,M,"48,2654010","1,1477840",28,2019,130.0,1.0,1.0,1.0,2255747,1.0,1,1,1,5.0,,0.0,0,1976.0,A01,138Â 211Â 592,1.0,-1.0,-1.0,1721856,1.0,7,,0.0,2.0,2.0,A01,138Â 211Â 592,1.0
1008744,201900050275,8,23,10:47,1,1,1,1.0,2.0,28161,Autoroute A11,M,"48,2654010","1,1477840",28,2019,130.0,1.0,1.0,1.0,2255748,3.0,2,1,1,5.0,,0.0,0,2012.0,A01,138Â 211Â 592,1.0,3.0,-1.0,1721855,1.0,7,,3.0,0.0,4.0,B01,138Â 211Â 591,1.0
1008744,201900050275,8,23,10:47,1,1,1,1.0,2.0,28161,Autoroute A11,M,"48,2654010","1,1477840",28,2019,130.0,1.0,1.0,1.0,2255748,3.0,2,1,1,5.0,,0.0,0,2012.0,A01,138Â 211Â 592,1.0,3.0,-1.0,1721856,1.0,7,,0.0,2.0,2.0,A01,138Â 211Â 592,1.0
1008744,201900050275,8,23,10:47,1,1,1,1.0,2.0,28161,Autoroute A11,M,"48,2654010","1,1477840",28,2019,130.0,1.0,1.0,1.0,2255749,4.0,2,1,1,5.0,,0.0,0,2015.0,A01,138Â 211Â 592,1.0,3.0,-1.0,1721855,1.0,7,,3.0,0.0,4.0,B01,138Â 211Â 591,1.0
1008744,201900050275,8,23,10:47,1,1,1,1.0,2.0,28161,Autoroute A11,M,"48,2654010","1,1477840",28,2019,130.0,1.0,1.0,1.0,2255749,4.0,2,1,1,5.0,,0.0,0,2015.0,A01,138Â 211Â 592,1.0,3.0,-1.0,1721856,1.0,7,,0.0,2.0,2.0,A01,138Â 211Â 592,1.0
1008744,201900050275,8,23,10:47,1,1,1,1.0,2.0,28161,Autoroute A11,M,"48,2654010","1,1477840",28,2019,130.0,1.0,1.0,1.0,2255750,5.0,2,4,2,5.0,,0.0,0,1975.0,A01,138Â 211Â 592,1.0,-1.0,-1.0,1721855,1.0,7,,3.0,0.0,4.0,B01,138Â 211Â 591,1.0
1008744,201900050275,8,23,10:47,1,1,1,1.0,2.0,28161,Autoroute A11,M,"48,2654010","1,1477840",28,2019,130.0,1.0,1.0,1.0,2255750,5.0,2,4,2,5.0,,0.0,0,1975.0,A01,138Â 211Â 592,1.0,-1.0,-1.0,1721856,1.0,7,,0.0,2.0,2.0,A01,138Â 211Â 592,1.0
1008745,201900050276,8,25,03:30,3,1,1,1.0,6.0,83134,,M,"43,4488160","6,4384550",83,2019,-1.0,3.0,1.0,3.0,2255751,1.0,1,3,1,5.0,,0.0,0,1981.0,A01,138Â 211Â 590,0.0,-1.0,-1.0,1721857,2.0,10,,8.0,0.0,4.0,A01,138Â 211Â 590,1.0
1008746,201900050277,7,22,15:00,1,1,1,1.0,2.0,35085,La Touche aux BarriÃ¨res,M,"48,3996570"," -1,7416910",35,2019,80.0,1.0,1.0,3.0,2255752,1.0,1,1,1,5.0,,0.0,0,2000.0,B01,138Â 211Â 588,1.0,-1.0,-1.0,1721858,1.0,7,,15.0,0.0,6.0,B01,138Â 211Â 588,1.0
1008746,201900050277,7,22,15:00,1,1,1,1.0,2.0,35085,La Touche aux BarriÃ¨res,M,"48,3996570"," -1,7416910",35,2019,80.0,1.0,1.0,3.0,2255752,1.0,1,1,1,5.0,,0.0,0,2000.0,B01,138Â 211Â 588,1.0,-1.0,-1.0,1721859,1.0,7,,0.0,2.0,2.0,A01,138Â 211Â 589,1.0
1008746,201900050277,7,22,15:00,1,1,1,1.0,2.0,35085,La Touche aux BarriÃ¨res,M,"48,3996570"," -1,7416910",35,2019,80.0,1.0,1.0,3.0,2255753,2.0,2,3,1,4.0,,0.0,0,1994.0,A01,138Â 211Â 589,8.0,-1.0,-1.0,1721858,1.0,7,,15.0,0.0,6.0,B01,138Â 211Â 588,1.0
1008746,201900050277,7,22,15:00,1,1,1,1.0,2.0,35085,La Touche aux BarriÃ¨res,M,"48,3996570"," -1,7416910",35,2019,80.0,1.0,1.0,3.0,2255753,2.0,2,3,1,4.0,,0.0,0,1994.0,A01,138Â 211Â 589,8.0,-1.0,-1.0,1721859,1.0,7,,0.0,2.0,2.0,A01,138Â 211Â 589,1.0
1008746,201900050277,7,22,15:00,1,1,1,1.0,2.0,35085,La Touche aux BarriÃ¨res,M,"48,3996570"," -1,7416910",35,2019,80.0,1.0,1.0,3.0,2255754,1.0,1,1,1,4.0,,0.0,0,1990.0,A01,138Â 211Â 589,1.0,-1.0,-1.0,1721858,1.0,7,,15.0,0.0,6.0,B01,138Â 211Â 588,1.0
1008746,201900050277,7,22,15:00,1,1,1,1.0,2.0,35085,La Touche aux BarriÃ¨res,M,"48,3996570"," -1,7416910",35,2019,80.0,1.0,1.0,3.0,2255754,1.0,1,1,1,4.0,,0.0,0,1990.0,A01,138Â 211Â 589,1.0,-1.0,-1.0,1721859,1.0,7,,0.0,2.0,2.0,A01,138Â 211Â 589,1.0
1008747,201900050278,8,23,13:10,1,1,3,1.0,5.0,11172,RD 610,M,"43,2660600","2,7356670",11,2019,80.0,1.0,1.0,3.0,2255755,1.0,1,1,2,1.0,,0.0,0,1984.0,A01,138Â 211Â 585,1.0,-1.0,-1.0,1721860,2.0,7,,0.0,2.0,3.0,A01,138Â 211Â 585,1.0
1008747,201900050278,8,23,13:10,1,1,3,1.0,5.0,11172,RD 610,M,"43,2660600","2,7356670",11,2019,80.0,1.0,1.0,3.0,2255755,1.0,1,1,2,1.0,,0.0,0,1984.0,A01,138Â 211Â 585,1.0,-1.0,-1.0,1721861,1.0,33,,0.0,2.0,1.0,B01,138Â 211Â 586,1.0
1008747,201900050278,8,23,13:10,1,1,3,1.0,5.0,11172,RD 610,M,"43,2660600","2,7356670",11,2019,80.0,1.0,1.0,3.0,2255755,1.0,1,1,2,1.0,,0.0,0,1984.0,A01,138Â 211Â 585,1.0,-1.0,-1.0,1721862,2.0,7,,0.0,2.0,3.0,A01,138Â 211Â 587,1.0
1008747,201900050278,8,23,13:10,1,1,3,1.0,5.0,11172,RD 610,M,"43,2660600","2,7356670",11,2019,80.0,1.0,1.0,3.0,2255756,1.0,1,1,1,5.0,,0.0,0,1968.0,B01,138Â 211Â 586,2.0,6.0,9.0,1721860,2.0,7,,0.0,2.0,3.0,A01,138Â 211Â 585,1.0
1008747,201900050278,8,23,13:10,1,1,3,1.0,5.0,11172,RD 610,M,"43,2660600","2,7356670",11,2019,80.0,1.0,1.0,3.0,2255756,1.0,1,1,1,5.0,,0.0,0,1968.0,B01,138Â 211Â 586,2.0,6.0,9.0,1721861,1.0,33,,0.0,2.0,1.0,B01,138Â 211Â 586,1.0
1008747,201900050278,8,23,13:10,1,1,3,1.0,5.0,11172,RD 610,M,"43,2660600","2,7356670",11,2019,80.0,1.0,1.0,3.0,2255756,1.0,1,1,1,5.0,,0.0,0,1968.0,B01,138Â 211Â 586,2.0,6.0,9.0,1721862,2.0,7,,0.0,2.0,3.0,A01,138Â 211Â 587,1.0
1008747,201900050278,8,23,13:10,1,1,3,1.0,5.0,11172,RD 610,M,"43,2660600","2,7356670",11,2019,80.0,1.0,1.0,3.0,2255757,2.0,2,3,2,5.0,,0.0,0,1972.0,B01,138Â 211Â 586,2.0,6.0,9.0,1721860,2.0,7,,0.0,2.0,3.0,A01,138Â 211Â 585,1.0
1008747,201900050278,8,23,13:10,1,1,3,1.0,5.0,11172,RD 610,M,"43,2660600","2,7356670",11,2019,80.0,1.0,1.0,3.0,2255757,2.0,2,3,2,5.0,,0.0,0,1972.0,B01,138Â 211Â 586,2.0,6.0,9.0,1721861,1.0,33,,0.0,2.0,1.0,B01,138Â 211Â 586,1.0
1008747,201900050278,8,23,13:10,1,1,3,1.0,5.0,11172,RD 610,M,"43,2660600","2,7356670",11,2019,80.0,1.0,1.0,3.0,2255757,2.0,2,3,2,5.0,,0.0,0,1972.0,B01,138Â 211Â 586,2.0,6.0,9.0,1721862,2.0,7,,0.0,2.0,3.0,A01,138Â 211Â 587,1.0
1008747,201900050278,8,23,13:10,1,1,3,1.0,5.0,11172,RD 610,M,"43,2660600","2,7356670",11,2019,80.0,1.0,1.0,3.0,2255758,1.0,1,1,2,1.0,,0.0,0,1984.0,A01,138Â 211Â 587,1.0,-1.0,-1.0,1721860,2.0,7,,0.0,2.0,3.0,A01,138Â 211Â 585,1.0
1008747,201900050278,8,23,13:10,1,1,3,1.0,5.0,11172,RD 610,M,"43,2660600","2,7356670",11,2019,80.0,1.0,1.0,3.0,2255758,1.0,1,1,2,1.0,,0.0,0,1984.0,A01,138Â 211Â 587,1.0,-1.0,-1.0,1721861,1.0,33,,0.0,2.0,1.0,B01,138Â 211Â 586,1.0
1008747,201900050278,8,23,13:10,1,1,3,1.0,5.0,11172,RD 610,M,"43,2660600","2,7356670",11,2019,80.0,1.0,1.0,3.0,2255758,1.0,1,1,2,1.0,,0.0,0,1984.0,A01,138Â 211Â 587,1.0,-1.0,-1.0,1721862,2.0,7,,0.0,2.0,3.0,A01,138Â 211Â 587,1.0
1008748,201900050279,8,22,17:15,1,1,1,1.0,7.0,63326,La Baraquette,M,"45,7087720","2,8567960",63,2019,70.0,1.0,1.0,3.0,2255759,1.0,1,4,2,5.0,,0.0,0,1992.0,A01,138Â 211Â 582,2.0,6.0,9.0,1721863,2.0,33,,0.0,0.0,3.0,A01,138Â 211Â 582,1.0
1008749,201900050280,8,22,21:15,3,1,1,1.0,2.0,63061,Le Bois,M,"45,9924310","3,2473480",63,2019,80.0,1.0,1.0,3.0,2255760,10.0,3,3,1,5.0,,1.0,1,1997.0,B01,138Â 211Â 580,0.0,-1.0,-1.0,1721864,2.0,0,,0.0,1.0,7.0,B01,138Â 211Â 580,0.0
1008749,201900050280,8,22,21:15,3,1,1,1.0,2.0,63061,Le Bois,M,"45,9924310","3,2473480",63,2019,80.0,1.0,1.0,3.0,2255760,10.0,3,3,1,5.0,,1.0,1,1997.0,B01,138Â 211Â 580,0.0,-1.0,-1.0,1721865,2.0,1,,0.0,2.0,8.0,A01,138Â 211Â 581,5.0
1008749,201900050280,8,22,21:15,3,1,1,1.0,2.0,63061,Le Bois,M,"45,9924310","3,2473480",63,2019,80.0,1.0,1.0,3.0,2255761,1.0,1,2,1,5.0,,0.0,0,2000.0,A01,138Â 211Â 581,0.0,-1.0,-1.0,1721864,2.0,0,,0.0,1.0,7.0,B01,138Â 211Â 580,0.0
1008749,201900050280,8,22,21:15,3,1,1,1.0,2.0,63061,Le Bois,M,"45,9924310","3,2473480",63,2019,80.0,1.0,1.0,3.0,2255761,1.0,1,2,1,5.0,,0.0,0,2000.0,A01,138Â 211Â 581,0.0,-1.0,-1.0,1721865,2.0,1,,0.0,2.0,8.0,A01,138Â 211Â 581,5.0
1008750,201900050281,8,25,11:50,1,1,1,1.0,2.0,88349,Route dÃ©partementale 61 Lieu dit Gazon du Faing,M,"48,1121760","7,0646470",88,2019,70.0,1.0,1.0,3.0,2255762,1.0,1,3,2,5.0,,0.0,0,1978.0,A01,138Â 211Â 578,2.0,-1.0,-1.0,1721866,1.0,33,,0.0,2.0,1.0,A01,138Â 211Â 578,1.0
1008750,201900050281,8,25,11:50,1,1,1,1.0,2.0,88349,Route dÃ©partementale 61 Lieu dit Gazon du Faing,M,"48,1121760","7,0646470",88,2019,70.0,1.0,1.0,3.0,2255762,1.0,1,3,2,5.0,,0.0,0,1978.0,A01,138Â 211Â 578,2.0,-1.0,-1.0,1721867,1.0,7,,0.0,0.0,4.0,B01,138Â 211Â 579,1.0
1008750,201900050281,8,25,11:50,1,1,1,1.0,2.0,88349,Route dÃ©partementale 61 Lieu dit Gazon du Faing,M,"48,1121760","7,0646470",88,2019,70.0,1.0,1.0,3.0,2255763,1.0,1,1,1,5.0,,0.0,0,1946.0,B01,138Â 211Â 579,1.0,-1.0,-1.0,1721866,1.0,33,,0.0,2.0,1.0,A01,138Â 211Â 578,1.0
1008750,201900050281,8,25,11:50,1,1,1,1.0,2.0,88349,Route dÃ©partementale 61 Lieu dit Gazon du Faing,M,"48,1121760","7,0646470",88,2019,70.0,1.0,1.0,3.0,2255763,1.0,1,1,1,5.0,,0.0,0,1946.0,B01,138Â 211Â 579,1.0,-1.0,-1.0,1721867,1.0,7,,0.0,0.0,4.0,B01,138Â 211Â 579,1.0
1008750,201900050281,8,25,11:50,1,1,1,1.0,2.0,88349,Route dÃ©partementale 61 Lieu dit Gazon du Faing,M,"48,1121760","7,0646470",88,2019,70.0,1.0,1.0,3.0,2255764,2.0,2,1,1,5.0,,0.0,0,1953.0,B01,138Â 211Â 579,1.0,-1.0,-1.0,1721866,1.0,33,,0.0,2.0,1.0,A01,138Â 211Â 578,1.0
1008750,201900050281,8,25,11:50,1,1,1,1.0,2.0,88349,Route dÃ©partementale 61 Lieu dit Gazon du Faing,M,"48,1121760","7,0646470",88,2019,70.0,1.0,1.0,3.0,2255764,2.0,2,1,1,5.0,,0.0,0,1953.0,B01,138Â 211Â 579,1.0,-1.0,-1.0,1721867,1.0,7,,0.0,0.0,4.0,B01,138Â 211Â 579,1.0
1008751,201900050282,8,22,17:00,1,2,1,1.0,3.0,83048,Rue du Train des Pignes,M,"43,2062180","6,5664660",83,2019,50.0,1.0,1.0,4.0,2255765,1.0,1,1,2,5.0,,0.0,0,1943.0,A01,138Â 211Â 576,1.0,-1.0,-1.0,1721868,0.0,7,,0.0,9.0,7.0,A01,138Â 211Â 576,1.0
1008751,201900050282,8,22,17:00,1,2,1,1.0,3.0,83048,Rue du Train des Pignes,M,"43,2062180","6,5664660",83,2019,50.0,1.0,1.0,4.0,2255765,1.0,1,1,2,5.0,,0.0,0,1943.0,A01,138Â 211Â 576,1.0,-1.0,-1.0,1721869,0.0,1,,0.0,2.0,1.0,B01,138Â 211Â 577,5.0
1008751,201900050282,8,22,17:00,1,2,1,1.0,3.0,83048,Rue du Train des Pignes,M,"43,2062180","6,5664660",83,2019,50.0,1.0,1.0,4.0,2255766,1.0,1,3,1,1.0,,0.0,0,1969.0,B01,138Â 211Â 577,0.0,-1.0,-1.0,1721868,0.0,7,,0.0,9.0,7.0,A01,138Â 211Â 576,1.0
1008751,201900050282,8,22,17:00,1,2,1,1.0,3.0,83048,Rue du Train des Pignes,M,"43,2062180","6,5664660",83,2019,50.0,1.0,1.0,4.0,2255766,1.0,1,3,1,1.0,,0.0,0,1969.0,B01,138Â 211Â 577,0.0,-1.0,-1.0,1721869,0.0,1,,0.0,2.0,1.0,B01,138Â 211Â 577,5.0
1008752,201900050283,8,22,16:15,1,1,1,1.0,7.0,29068,"RN 12, PK 35.300",M,"48,5260200"," -3,9685630",29,2019,100.0,8.0,1.0,2.0,2255767,1.0,1,3,2,5.0,,0.0,0,1998.0,A01,138Â 211Â 575,1.0,-1.0,-1.0,1721870,2.0,7,,13.0,0.0,9.0,A01,138Â 211Â 575,1.0
1008753,201900050284,8,24,23:00,3,1,1,1.0,2.0,58187,route dÃ©partementale 9 55 A lieu-dit l'Ã©tape,M,"47,4462350","2,9336510",58,2019,80.0,1.0,1.0,3.0,2255768,1.0,1,3,2,5.0,,0.0,0,2002.0,B01,138Â 211Â 573,2.0,9.0,-1.0,1721871,2.0,30,,0.0,0.0,4.0,B01,138Â 211Â 573,6.0
1008753,201900050284,8,24,23:00,3,1,1,1.0,2.0,58187,route dÃ©partementale 9 55 A lieu-dit l'Ã©tape,M,"47,4462350","2,9336510",58,2019,80.0,1.0,1.0,3.0,2255768,1.0,1,3,2,5.0,,0.0,0,2002.0,B01,138Â 211Â 573,2.0,9.0,-1.0,1721872,2.0,33,,0.0,2.0,1.0,A01,138Â 211Â 574,1.0
1008753,201900050284,8,24,23:00,3,1,1,1.0,2.0,58187,route dÃ©partementale 9 55 A lieu-dit l'Ã©tape,M,"47,4462350","2,9336510",58,2019,80.0,1.0,1.0,3.0,2255769,1.0,1,3,1,5.0,,0.0,0,1998.0,A01,138Â 211Â 574,2.0,-1.0,-1.0,1721871,2.0,30,,0.0,0.0,4.0,B01,138Â 211Â 573,6.0
1008753,201900050284,8,24,23:00,3,1,1,1.0,2.0,58187,route dÃ©partementale 9 55 A lieu-dit l'Ã©tape,M,"47,4462350","2,9336510",58,2019,80.0,1.0,1.0,3.0,2255769,1.0,1,3,1,5.0,,0.0,0,1998.0,A01,138Â 211Â 574,2.0,-1.0,-1.0,1721872,2.0,33,,0.0,2.0,1.0,A01,138Â 211Â 574,1.0
1008754,201900050285,8,22,00:30,3,1,1,1.0,6.0,97133,RD6,M,"15,9542300"," -61,7083850",971,2019,80.0,1.0,1.0,3.0,2255770,10.0,3,4,1,5.0,,1.0,2,1992.0,A01,138Â 211Â 572,0.0,-1.0,-1.0,1721873,2.0,7,,0.0,1.0,2.0,A01,138Â 211Â 572,0.0
1008755,201900050286,8,22,14:25,1,1,3,1.0,7.0,48128,bretelle d'entrÃ©e Ã©changeur 34 sens Nord Sud,M,"44,7773666","3,2873181",48,2019,-1.0,3.0,1.0,1.0,2255771,1.0,1,3,2,4.0,,0.0,0,1991.0,A01,138Â 211Â 571,1.0,-1.0,-1.0,1721874,1.0,13,,13.0,0.0,8.0,A01,138Â 211Â 571,1.0
1008756,201900050287,8,25,14:10,1,1,1,1.0,5.0,62568,RD 919,M,"50,2346310","2,7956090",62,2019,80.0,1.0,1.0,3.0,2255772,1.0,1,1,1,5.0,,0.0,0,1955.0,C01,138Â 211Â 568,1.0,-1.0,-1.0,1721875,1.0,7,,0.0,2.0,4.0,C01,138Â 211Â 568,1.0
1008756,201900050287,8,25,14:10,1,1,1,1.0,5.0,62568,RD 919,M,"50,2346310","2,7956090",62,2019,80.0,1.0,1.0,3.0,2255772,1.0,1,1,1,5.0,,0.0,0,1955.0,C01,138Â 211Â 568,1.0,-1.0,-1.0,1721876,2.0,7,,0.0,2.0,8.0,B01,138Â 211Â 569,1.0
1008756,201900050287,8,25,14:10,1,1,1,1.0,5.0,62568,RD 919,M,"50,2346310","2,7956090",62,2019,80.0,1.0,1.0,3.0,2255772,1.0,1,1,1,5.0,,0.0,0,1955.0,C01,138Â 211Â 568,1.0,-1.0,-1.0,1721877,1.0,33,,0.0,2.0,8.0,A01,138Â 211Â 570,1.0
1008756,201900050287,8,25,14:10,1,1,1,1.0,5.0,62568,RD 919,M,"50,2346310","2,7956090",62,2019,80.0,1.0,1.0,3.0,2255773,2.0,2,1,2,5.0,,0.0,0,1962.0,C01,138Â 211Â 568,1.0,-1.0,-1.0,1721875,1.0,7,,0.0,2.0,4.0,C01,138Â 211Â 568,1.0
1008756,201900050287,8,25,14:10,1,1,1,1.0,5.0,62568,RD 919,M,"50,2346310","2,7956090",62,2019,80.0,1.0,1.0,3.0,2255773,2.0,2,1,2,5.0,,0.0,0,1962.0,C01,138Â 211Â 568,1.0,-1.0,-1.0,1721876,2.0,7,,0.0,2.0,8.0,B01,138Â 211Â 569,1.0
1008756,201900050287,8,25,14:10,1,1,1,1.0,5.0,62568,RD 919,M,"50,2346310","2,7956090",62,2019,80.0,1.0,1.0,3.0,2255773,2.0,2,1,2,5.0,,0.0,0,1962.0,C01,138Â 211Â 568,1.0,-1.0,-1.0,1721877,1.0,33,,0.0,2.0,8.0,A01,138Â 211Â 570,1.0
1008756,201900050287,8,25,14:10,1,1,1,1.0,5.0,62568,RD 919,M,"50,2346310","2,7956090",62,2019,80.0,1.0,1.0,3.0,2255774,2.0,2,1,2,5.0,,0.0,0,1947.0,B01,138Â 211Â 569,1.0,-1.0,-1.0,1721875,1.0,7,,0.0,2.0,4.0,C01,138Â 211Â 568,1.0
1008756,201900050287,8,25,14:10,1,1,1,1.0,5.0,62568,RD 919,M,"50,2346310","2,7956090",62,2019,80.0,1.0,1.0,3.0,2255774,2.0,2,1,2,5.0,,0.0,0,1947.0,B01,138Â 211Â 569,1.0,-1.0,-1.0,1721876,2.0,7,,0.0,2.0,8.0,B01,138Â 211Â 569,1.0
1008756,201900050287,8,25,14:10,1,1,1,1.0,5.0,62568,RD 919,M,"50,2346310","2,7956090",62,2019,80.0,1.0,1.0,3.0,2255774,2.0,2,1,2,5.0,,0.0,0,1947.0,B01,138Â 211Â 569,1.0,-1.0,-1.0,1721877,1.0,33,,0.0,2.0,8.0,A01,138Â 211Â 570,1.0
1008756,201900050287,8,25,14:10,1,1,1,1.0,5.0,62568,RD 919,M,"50,2346310","2,7956090",62,2019,80.0,1.0,1.0,3.0,2255775,1.0,1,1,1,5.0,,0.0,0,1948.0,B01,138Â 211Â 569,1.0,-1.0,-1.0,1721875,1.0,7,,0.0,2.0,4.0,C01,138Â 211Â 568,1.0
1008756,201900050287,8,25,14:10,1,1,1,1.0,5.0,62568,RD 919,M,"50,2346310","2,7956090",62,2019,80.0,1.0,1.0,3.0,2255775,1.0,1,1,1,5.0,,0.0,0,1948.0,B01,138Â 211Â 569,1.0,-1.0,-1.0,1721876,2.0,7,,0.0,2.0,8.0,B01,138Â 211Â 569,1.0
1008756,201900050287,8,25,14:10,1,1,1,1.0,5.0,62568,RD 919,M,"50,2346310","2,7956090",62,2019,80.0,1.0,1.0,3.0,2255775,1.0,1,1,1,5.0,,0.0,0,1948.0,B01,138Â 211Â 569,1.0,-1.0,-1.0,1721877,1.0,33,,0.0,2.0,8.0,A01,138Â 211Â 570,1.0
1008756,201900050287,8,25,14:10,1,1,1,1.0,5.0,62568,RD 919,M,"50,2346310","2,7956090",62,2019,80.0,1.0,1.0,3.0,2255776,2.0,2,4,2,5.0,,0.0,0,2000.0,A01,138Â 211Â 570,2.0,-1.0,-1.0,1721875,1.0,7,,0.0,2.0,4.0,C01,138Â 211Â 568,1.0
1008756,201900050287,8,25,14:10,1,1,1,1.0,5.0,62568,RD 919,M,"50,2346310","2,7956090",62,2019,80.0,1.0,1.0,3.0,2255776,2.0,2,4,2,5.0,,0.0,0,2000.0,A01,138Â 211Â 570,2.0,-1.0,-1.0,1721876,2.0,7,,0.0,2.0,8.0,B01,138Â 211Â 569,1.0
1008756,201900050287,8,25,14:10,1,1,1,1.0,5.0,62568,RD 919,M,"50,2346310","2,7956090",62,2019,80.0,1.0,1.0,3.0,2255776,2.0,2,4,2,5.0,,0.0,0,2000.0,A01,138Â 211Â 570,2.0,-1.0,-1.0,1721877,1.0,33,,0.0,2.0,8.0,A01,138Â 211Â 570,1.0
1008756,201900050287,8,25,14:10,1,1,1,1.0,5.0,62568,RD 919,M,"50,2346310","2,7956090",62,2019,80.0,1.0,1.0,3.0,2255777,1.0,1,4,1,5.0,,0.0,0,1989.0,A01,138Â 211Â 570,2.0,-1.0,-1.0,1721875,1.0,7,,0.0,2.0,4.0,C01,138Â 211Â 568,1.0
1008756,201900050287,8,25,14:10,1,1,1,1.0,5.0,62568,RD 919,M,"50,2346310","2,7956090",62,2019,80.0,1.0,1.0,3.0,2255777,1.0,1,4,1,5.0,,0.0,0,1989.0,A01,138Â 211Â 570,2.0,-1.0,-1.0,1721876,2.0,7,,0.0,2.0,8.0,B01,138Â 211Â 569,1.0
1008756,201900050287,8,25,14:10,1,1,1,1.0,5.0,62568,RD 919,M,"50,2346310","2,7956090",62,2019,80.0,1.0,1.0,3.0,2255777,1.0,1,4,1,5.0,,0.0,0,1989.0,A01,138Â 211Â 570,2.0,-1.0,-1.0,1721877,1.0,33,,0.0,2.0,8.0,A01,138Â 211Â 570,1.0
1008757,201900050288,8,23,19:23,1,2,2,1.0,5.0,62164,CD 939,M,"50,1982000","3,1362000",62,2019,90.0,1.0,1.0,3.0,2255778,1.0,1,1,1,5.0,,0.0,0,2000.0,C01,138Â 211Â 565,1.0,-1.0,-1.0,1721878,0.0,7,,0.0,2.0,1.0,C01,138Â 211Â 565,1.0
1008757,201900050288,8,23,19:23,1,2,2,1.0,5.0,62164,CD 939,M,"50,1982000","3,1362000",62,2019,90.0,1.0,1.0,3.0,2255778,1.0,1,1,1,5.0,,0.0,0,2000.0,C01,138Â 211Â 565,1.0,-1.0,-1.0,1721879,0.0,7,,0.0,2.0,1.0,B01,138Â 211Â 566,1.0
1008757,201900050288,8,23,19:23,1,2,2,1.0,5.0,62164,CD 939,M,"50,1982000","3,1362000",62,2019,90.0,1.0,1.0,3.0,2255778,1.0,1,1,1,5.0,,0.0,0,2000.0,C01,138Â 211Â 565,1.0,-1.0,-1.0,1721880,0.0,7,,0.0,2.0,5.0,A01,138Â 211Â 567,1.0
1008757,201900050288,8,23,19:23,1,2,2,1.0,5.0,62164,CD 939,M,"50,1982000","3,1362000",62,2019,90.0,1.0,1.0,3.0,2255779,1.0,1,1,1,5.0,,0.0,0,1967.0,B01,138Â 211Â 566,1.0,-1.0,-1.0,1721878,0.0,7,,0.0,2.0,1.0,C01,138Â 211Â 565,1.0
1008757,201900050288,8,23,19:23,1,2,2,1.0,5.0,62164,CD 939,M,"50,1982000","3,1362000",62,2019,90.0,1.0,1.0,3.0,2255779,1.0,1,1,1,5.0,,0.0,0,1967.0,B01,138Â 211Â 566,1.0,-1.0,-1.0,1721879,0.0,7,,0.0,2.0,1.0,B01,138Â 211Â 566,1.0
1008757,201900050288,8,23,19:23,1,2,2,1.0,5.0,62164,CD 939,M,"50,1982000","3,1362000",62,2019,90.0,1.0,1.0,3.0,2255779,1.0,1,1,1,5.0,,0.0,0,1967.0,B01,138Â 211Â 566,1.0,-1.0,-1.0,1721880,0.0,7,,0.0,2.0,5.0,A01,138Â 211Â 567,1.0
1008757,201900050288,8,23,19:23,1,2,2,1.0,5.0,62164,CD 939,M,"50,1982000","3,1362000",62,2019,90.0,1.0,1.0,3.0,2255780,2.0,2,4,2,5.0,,0.0,0,1998.0,A01,138Â 211Â 567,1.0,-1.0,-1.0,1721878,0.0,7,,0.0,2.0,1.0,C01,138Â 211Â 565,1.0
1008757,201900050288,8,23,19:23,1,2,2,1.0,5.0,62164,CD 939,M,"50,1982000","3,1362000",62,2019,90.0,1.0,1.0,3.0,2255780,2.0,2,4,2,5.0,,0.0,0,1998.0,A01,138Â 211Â 567,1.0,-1.0,-1.0,1721879,0.0,7,,0.0,2.0,1.0,B01,138Â 211Â 566,1.0
1008757,201900050288,8,23,19:23,1,2,2,1.0,5.0,62164,CD 939,M,"50,1982000","3,1362000",62,2019,90.0,1.0,1.0,3.0,2255780,2.0,2,4,2,5.0,,0.0,0,1998.0,A01,138Â 211Â 567,1.0,-1.0,-1.0,1721880,0.0,7,,0.0,2.0,5.0,A01,138Â 211Â 567,1.0