Unnamed: 0_x,num_acc,mois,jour,hrmn,lum,agg,int,atm,col,com,adr,gps,lat,long,dep,annee,vma,situ,surf,catr,Unnamed: 0_y,place,catu,grav,sexe,trajet,secu,locp,actp,an_nais,num_veh_x,id_vehicule_x,secu1,secu2,secu3,Unnamed: 0,senc,catv,occutc,obs,obsm,choc,num_veh_y,id_vehicule_y,motor
1008757,201900050288,8,23,19:23,1,2,2,1.0,5.0,62164,CD 939,M,"50,1982000","3,1362000",62,2019,90.0,1.0,1.0,3.0,2255781,1.0,1,1,1,5.0,,0.0,0,1998.0,A01,138Â 211Â 567,1.0,-1.0,-1.0,1721878,0.0,7,,0.0,2.0,1.0,C01,138Â 211Â 565,1.0
1008757,201900050288,8,23,19:23,1,2,2,1.0,5.0,62164,CD 939,M,"50,1982000","3,1362000",62,2019,90.0,1.0,1.0,3.0,2255781,1.0,1,1,1,5.0,,0.0,0,1998.0,A01,138Â 211Â 567,1.0,-1.0,-1.0,1721879,0.0,7,,0.0,2.0,1.0,B01,138Â 211Â 566,1.0
1008757,201900050288,8,23,19:23,1,2,2,1.0,5.0,62164,CD 939,M,"50,1982000","3,1362000",62,2019,90.0,1.0,1.0,3.0,2255781,1.0,1,1,1,5.0,,0.0,0,1998.0,A01,138Â 211Â 567,1.0,-1.0,-1.0,1721880,0.0,7,,0.0,2.0,5.0,A01,138Â 211Â 567,1.0
1008758,201900050289,8,23,21:50,5,2,6,1.0,3.0,34270,D612,M,"43,5708720","3,8490120",34,2019,50.0,1.0,1.0,3.0,2255782,1.0,1,1,1,1.0,,0.0,0,1987.0,B01,138Â 211Â 563,1.0,-1.0,-1.0,1721881,0.0,7,,0.0,2.0,3.0,B01,138Â 211Â 563,0.0
1008758,201900050289,8,23,21:50,5,2,6,1.0,3.0,34270,D612,M,"43,5708720","3,8490120",34,2019,50.0,1.0,1.0,3.0,2255782,1.0,1,1,1,1.0,,0.0,0,1987.0,B01,138Â 211Â 563,1.0,-1.0,-1.0,1721882,0.0,33,,0.0,2.0,2.0,A01,138Â 211Â 564,0.0
1008758,201900050289,8,23,21:50,5,2,6,1.0,3.0,34270,D612,M,"43,5708720","3,8490120",34,2019,50.0,1.0,1.0,3.0,2255783,1.0,1,3,2,0.0,,0.0,0,1975.0,A01,138Â 211Â 564,2.0,-1.0,-1.0,1721881,0.0,7,,0.0,2.0,3.0,B01,138Â 211Â 563,0.0
1008758,201900050289,8,23,21:50,5,2,6,1.0,3.0,34270,D612,M,"43,5708720","3,8490120",34,2019,50.0,1.0,1.0,3.0,2255783,1.0,1,3,2,0.0,,0.0,0,1975.0,A01,138Â 211Â 564,2.0,-1.0,-1.0,1721882,0.0,33,,0.0,2.0,2.0,A01,138Â 211Â 564,0.0
1008759,201900050290,8,24,11:02,1,1,1,1.0,6.0,27547,A28 PK231+900,M,"49,0324040","0,4427480",27,2019,130.0,1.0,1.0,1.0,2255784,1.0,1,3,2,5.0,,0.0,0,1936.0,A01,138Â 211Â 562,1.0,-1.0,-1.0,1721883,2.0,7,,0.0,0.0,9.0,A01,138Â 211Â 562,1.0
1008759,201900050290,8,24,11:02,1,1,1,1.0,6.0,27547,A28 PK231+900,M,"49,0324040","0,4427480",27,2019,130.0,1.0,1.0,1.0,2255785,2.0,2,3,1,5.0,,0.0,0,1974.0,A01,138Â 211Â 562,1.0,-1.0,-1.0,1721883,2.0,7,,0.0,0.0,9.0,A01,138Â 211Â 562,1.0
1008760,201900050291,8,22,20:15,2,1,1,1.0,7.0,83067,Route du Luc,M,"43,3347320","6,2960400",83,2019,80.0,3.0,1.0,3.0,2255786,1.0,1,3,1,5.0,,0.0,0,1974.0,A01,138Â 211Â 561,2.0,6.0,-1.0,1721884,2.0,33,,0.0,0.0,0.0,A01,138Â 211Â 561,1.0
1008761,201900050292,8,25,12:15,1,2,1,1.0,1.0,31157,Avenue du GÃ©nÃ©ral BarÃ¨s,M,"43,5384170","1,3573300",31,2019,70.0,1.0,1.0,3.0,2255787,2.0,2,4,2,5.0,,0.0,0,1992.0,B01,138Â 211Â 559,1.0,-1.0,-1.0,1721885,1.0,7,,0.0,2.0,3.0,B01,138Â 211Â 559,1.0
1008761,201900050292,8,25,12:15,1,2,1,1.0,1.0,31157,Avenue du GÃ©nÃ©ral BarÃ¨s,M,"43,5384170","1,3573300",31,2019,70.0,1.0,1.0,3.0,2255787,2.0,2,4,2,5.0,,0.0,0,1992.0,B01,138Â 211Â 559,1.0,-1.0,-1.0,1721886,2.0,33,,0.0,2.0,0.0,A01,138Â 211Â 560,1.0
1008761,201900050292,8,25,12:15,1,2,1,1.0,1.0,31157,Avenue du GÃ©nÃ©ral BarÃ¨s,M,"43,5384170","1,3573300",31,2019,70.0,1.0,1.0,3.0,2255788,1.0,1,4,2,5.0,,0.0,0,1993.0,B01,138Â 211Â 559,1.0,-1.0,-1.0,1721885,1.0,7,,0.0,2.0,3.0,B01,138Â 211Â 559,1.0
1008761,201900050292,8,25,12:15,1,2,1,1.0,1.0,31157,Avenue du GÃ©nÃ©ral BarÃ¨s,M,"43,5384170","1,3573300",31,2019,70.0,1.0,1.0,3.0,2255788,1.0,1,4,2,5.0,,0.0,0,1993.0,B01,138Â 211Â 559,1.0,-1.0,-1.0,1721886,2.0,33,,0.0,2.0,0.0,A01,138Â 211Â 560,1.0
1008761,201900050292,8,25,12:15,1,2,1,1.0,1.0,31157,Avenue du GÃ©nÃ©ral BarÃ¨s,M,"43,5384170","1,3573300",31,2019,70.0,1.0,1.0,3.0,2255789,2.0,2,3,1,5.0,,0.0,0,2001.0,A01,138Â 211Â 560,2.0,6.0,-1.0,1721885,1.0,7,,0.0,2.0,3.0,B01,138Â 211Â 559,1.0
1008761,201900050292,8,25,12:15,1,2,1,1.0,1.0,31157,Avenue du GÃ©nÃ©ral BarÃ¨s,M,"43,5384170","1,3573300",31,2019,70.0,1.0,1.0,3.0,2255789,2.0,2,3,1,5.0,,0.0,0,2001.0,A01,138Â 211Â 560,2.0,6.0,-1.0,1721886,2.0,33,,0.0,2.0,0.0,A01,138Â 211Â 560,1.0
1008761,201900050292,8,25,12:15,1,2,1,1.0,1.0,31157,Avenue du GÃ©nÃ©ral BarÃ¨s,M,"43,5384170","1,3573300",31,2019,70.0,1.0,1.0,3.0,2255790,1.0,1,3,1,5.0,,0.0,0,2001.0,A01,138Â 211Â 560,2.0,6.0,-1.0,1721885,1.0,7,,0.0,2.0,3.0,B01,138Â 211Â 559,1.0
1008761,201900050292,8,25,12:15,1,2,1,1.0,1.0,31157,Avenue du GÃ©nÃ©ral BarÃ¨s,M,"43,5384170","1,3573300",31,2019,70.0,1.0,1.0,3.0,2255790,1.0,1,3,1,5.0,,0.0,0,2001.0,A01,138Â 211Â 560,2.0,6.0,-1.0,1721886,2.0,33,,0.0,2.0,0.0,A01,138Â 211Â 560,1.0
1008762,201900050293,8,21,21:00,1,1,1,1.0,6.0,35173,Le Poirier Tort,M,"48,2135300"," -1,6734650",35,2019,80.0,8.0,1.0,3.0,2255791,1.0,1,3,2,1.0,,0.0,0,1999.0,A01,138Â 211Â 558,1.0,-1.0,-1.0,1721887,1.0,7,,13.0,0.0,2.0,A01,138Â 211Â 558,1.0
1008763,201900050294,8,23,16:10,1,2,2,1.0,6.0,57097,Rue Robert Schumann,M,"49,1845870","6,4930330",57,2019,50.0,1.0,1.0,4.0,2255792,1.0,1,1,1,3.0,,0.0,0,1935.0,A01,138Â 211Â 556,1.0,-1.0,-1.0,1721888,0.0,7,,0.0,9.0,1.0,A01,138Â 211Â 556,1.0
1008763,201900050294,8,23,16:10,1,2,2,1.0,6.0,57097,Rue Robert Schumann,M,"49,1845870","6,4930330",57,2019,50.0,1.0,1.0,4.0,2255792,1.0,1,1,1,3.0,,0.0,0,1935.0,A01,138Â 211Â 556,1.0,-1.0,-1.0,1721889,1.0,1,,0.0,2.0,8.0,B01,138Â 211Â 557,5.0
1008763,201900050294,8,23,16:10,1,2,2,1.0,6.0,57097,Rue Robert Schumann,M,"49,1845870","6,4930330",57,2019,50.0,1.0,1.0,4.0,2255793,1.0,1,3,1,5.0,,0.0,0,2003.0,B01,138Â 211Â 557,0.0,-1.0,-1.0,1721888,0.0,7,,0.0,9.0,1.0,A01,138Â 211Â 556,1.0
1008763,201900050294,8,23,16:10,1,2,2,1.0,6.0,57097,Rue Robert Schumann,M,"49,1845870","6,4930330",57,2019,50.0,1.0,1.0,4.0,2255793,1.0,1,3,1,5.0,,0.0,0,2003.0,B01,138Â 211Â 557,0.0,-1.0,-1.0,1721889,1.0,1,,0.0,2.0,8.0,B01,138Â 211Â 557,5.0
1008764,201900050295,8,23,14:05,1,1,1,1.0,6.0,89399,D939,M,"48,2412290","3,3155608",89,2019,80.0,1.0,1.0,3.0,2255794,10.0,3,3,1,5.0,,1.0,1,1965.0,A01,138Â 211Â 555,0.0,-1.0,-1.0,1721890,1.0,7,,0.0,1.0,2.0,A01,138Â 211Â 555,1.0
1008764,201900050295,8,23,14:05,1,1,1,1.0,6.0,89399,D939,M,"48,2412290","3,3155608",89,2019,80.0,1.0,1.0,3.0,2255795,1.0,1,1,1,1.0,,0.0,0,1986.0,A01,138Â 211Â 555,1.0,-1.0,-1.0,1721890,1.0,7,,0.0,1.0,2.0,A01,138Â 211Â 555,1.0
1008765,201900050296,8,22,19:08,1,1,1,1.0,6.0,89432,D84,M,"48,1496303","3,5371765",89,2019,80.0,1.0,1.0,3.0,2255796,1.0,1,3,1,5.0,,0.0,0,1955.0,A01,138Â 211Â 554,1.0,-1.0,-1.0,1721891,2.0,7,,13.0,0.0,1.0,A01,138Â 211Â 554,1.0
1008766,201900050297,8,23,19:10,1,1,1,1.0,3.0,95652,RD922,M,"49,1352640","2,3830310",95,2019,80.0,1.0,1.0,3.0,2255797,1.0,1,1,2,1.0,,0.0,0,1973.0,A01,138Â 211Â 552,1.0,-1.0,-1.0,1721892,2.0,7,,3.0,0.0,8.0,A01,138Â 211Â 552,1.0
1008766,201900050297,8,23,19:10,1,1,1,1.0,3.0,95652,RD922,M,"49,1352640","2,3830310",95,2019,80.0,1.0,1.0,3.0,2255797,1.0,1,1,2,1.0,,0.0,0,1973.0,A01,138Â 211Â 552,1.0,-1.0,-1.0,1721893,2.0,33,,3.0,0.0,2.0,B01,138Â 211Â 553,1.0
1008766,201900050297,8,23,19:10,1,1,1,1.0,3.0,95652,RD922,M,"49,1352640","2,3830310",95,2019,80.0,1.0,1.0,3.0,2255798,1.0,1,3,2,1.0,,0.0,0,1964.0,B01,138Â 211Â 553,2.0,-1.0,-1.0,1721892,2.0,7,,3.0,0.0,8.0,A01,138Â 211Â 552,1.0
1008766,201900050297,8,23,19:10,1,1,1,1.0,3.0,95652,RD922,M,"49,1352640","2,3830310",95,2019,80.0,1.0,1.0,3.0,2255798,1.0,1,3,2,1.0,,0.0,0,1964.0,B01,138Â 211Â 553,2.0,-1.0,-1.0,1721893,2.0,33,,3.0,0.0,2.0,B01,138Â 211Â 553,1.0
1008767,201900050298,8,25,10:40,1,1,2,1.0,3.0,56060,Ker graud,M,"47,7376830"," -2,2222690",56,2019,70.0,1.0,1.0,3.0,2255799,1.0,1,2,1,5.0,,0.0,0,1986.0,A01,138Â 211Â 550,2.0,6.0,-1.0,1721894,2.0,33,,2.0,2.0,2.0,A01,138Â 211Â 550,1.0
1008767,201900050298,8,25,10:40,1,1,2,1.0,3.0,56060,Ker graud,M,"47,7376830"," -2,2222690",56,2019,70.0,1.0,1.0,3.0,2255799,1.0,1,2,1,5.0,,0.0,0,1986.0,A01,138Â 211Â 550,2.0,6.0,-1.0,1721895,1.0,7,,0.0,2.0,2.0,B01,138Â 211Â 551,1.0
1008767,201900050298,8,25,10:40,1,1,2,1.0,3.0,56060,Ker graud,M,"47,7376830"," -2,2222690",56,2019,70.0,1.0,1.0,3.0,2255800,1.0,1,1,2,0.0,,0.0,0,1960.0,B01,138Â 211Â 551,1.0,-1.0,-1.0,1721894,2.0,33,,2.0,2.0,2.0,A01,138Â 211Â 550,1.0
1008767,201900050298,8,25,10:40,1,1,2,1.0,3.0,56060,Ker graud,M,"47,7376830"," -2,2222690",56,2019,70.0,1.0,1.0,3.0,2255800,1.0,1,1,2,0.0,,0.0,0,1960.0,B01,138Â 211Â 551,1.0,-1.0,-1.0,1721895,1.0,7,,0.0,2.0,2.0,B01,138Â 211Â 551,1.0
1008768,201900050299,8,23,19:45,2,1,1,1.0,1.0,56221,Le Bochet,M,"47,6883260"," -2,2266710",56,2019,80.0,1.0,1.0,3.0,2255801,1.0,1,1,1,9.0,,0.0,0,1991.0,A01,138Â 211Â 548,1.0,-1.0,-1.0,1721896,1.0,7,,0.0,2.0,1.0,A01,138Â 211Â 548,1.0
1008768,201900050299,8,23,19:45,2,1,1,1.0,1.0,56221,Le Bochet,M,"47,6883260"," -2,2266710",56,2019,80.0,1.0,1.0,3.0,2255801,1.0,1,1,1,9.0,,0.0,0,1991.0,A01,138Â 211Â 548,1.0,-1.0,-1.0,1721897,2.0,7,,0.0,2.0,1.0,B01,138Â 211Â 549,1.0
1008768,201900050299,8,23,19:45,2,1,1,1.0,1.0,56221,Le Bochet,M,"47,6883260"," -2,2266710",56,2019,80.0,1.0,1.0,3.0,2255802,9.0,2,1,1,9.0,,0.0,0,1976.0,A01,138Â 211Â 548,1.0,-1.0,-1.0,1721896,1.0,7,,0.0,2.0,1.0,A01,138Â 211Â 548,1.0
1008768,201900050299,8,23,19:45,2,1,1,1.0,1.0,56221,Le Bochet,M,"47,6883260"," -2,2266710",56,2019,80.0,1.0,1.0,3.0,2255802,9.0,2,1,1,9.0,,0.0,0,1976.0,A01,138Â 211Â 548,1.0,-1.0,-1.0,1721897,2.0,7,,0.0,2.0,1.0,B01,138Â 211Â 549,1.0
1008768,201900050299,8,23,19:45,2,1,1,1.0,1.0,56221,Le Bochet,M,"47,6883260"," -2,2266710",56,2019,80.0,1.0,1.0,3.0,2255803,2.0,2,1,1,9.0,,0.0,0,2002.0,A01,138Â 211Â 548,1.0,-1.0,-1.0,1721896,1.0,7,,0.0,2.0,1.0,A01,138Â 211Â 548,1.0
1008768,201900050299,8,23,19:45,2,1,1,1.0,1.0,56221,Le Bochet,M,"47,6883260"," -2,2266710",56,2019,80.0,1.0,1.0,3.0,2255803,2.0,2,1,1,9.0,,0.0,0,2002.0,A01,138Â 211Â 548,1.0,-1.0,-1.0,1721897,2.0,7,,0.0,2.0,1.0,B01,138Â 211Â 549,1.0
1008768,201900050299,8,23,19:45,2,1,1,1.0,1.0,56221,Le Bochet,M,"47,6883260"," -2,2266710",56,2019,80.0,1.0,1.0,3.0,2255804,9.0,2,4,2,9.0,,0.0,0,2018.0,B01,138Â 211Â 549,3.0,-1.0,-1.0,1721896,1.0,7,,0.0,2.0,1.0,A01,138Â 211Â 548,1.0
1008768,201900050299,8,23,19:45,2,1,1,1.0,1.0,56221,Le Bochet,M,"47,6883260"," -2,2266710",56,2019,80.0,1.0,1.0,3.0,2255804,9.0,2,4,2,9.0,,0.0,0,2018.0,B01,138Â 211Â 549,3.0,-1.0,-1.0,1721897,2.0,7,,0.0,2.0,1.0,B01,138Â 211Â 549,1.0
1008768,201900050299,8,23,19:45,2,1,1,1.0,1.0,56221,Le Bochet,M,"47,6883260"," -2,2266710",56,2019,80.0,1.0,1.0,3.0,2255805,1.0,1,4,2,9.0,,0.0,0,1988.0,B01,138Â 211Â 549,1.0,-1.0,-1.0,1721896,1.0,7,,0.0,2.0,1.0,A01,138Â 211Â 548,1.0
1008768,201900050299,8,23,19:45,2,1,1,1.0,1.0,56221,Le Bochet,M,"47,6883260"," -2,2266710",56,2019,80.0,1.0,1.0,3.0,2255805,1.0,1,4,2,9.0,,0.0,0,1988.0,B01,138Â 211Â 549,1.0,-1.0,-1.0,1721897,2.0,7,,0.0,2.0,1.0,B01,138Â 211Â 549,1.0
1008768,201900050299,8,23,19:45,2,1,1,1.0,1.0,56221,Le Bochet,M,"47,6883260"," -2,2266710",56,2019,80.0,1.0,1.0,3.0,2255806,2.0,2,4,1,9.0,,0.0,0,1975.0,B01,138Â 211Â 549,1.0,-1.0,-1.0,1721896,1.0,7,,0.0,2.0,1.0,A01,138Â 211Â 548,1.0
1008768,201900050299,8,23,19:45,2,1,1,1.0,1.0,56221,Le Bochet,M,"47,6883260"," -2,2266710",56,2019,80.0,1.0,1.0,3.0,2255806,2.0,2,4,1,9.0,,0.0,0,1975.0,B01,138Â 211Â 549,1.0,-1.0,-1.0,1721897,2.0,7,,0.0,2.0,1.0,B01,138Â 211Â 549,1.0
1008769,201900050300,8,17,02:30,3,1,1,3.0,6.0,56123,Le Perron,M,"47,6932600"," -2,3058900",56,2019,80.0,3.0,2.0,3.0,2255807,1.0,1,4,1,0.0,,0.0,0,1968.0,A01,138Â 211Â 547,8.0,-1.0,-1.0,1721898,1.0,7,,2.0,0.0,1.0,A01,138Â 211Â 547,1.0
1008770,201900050301,8,22,12:55,1,1,4,1.0,7.0,56008,Keryonvarch,M,"47,6172630"," -2,8976300",56,2019,80.0,1.0,1.0,4.0,2255808,1.0,1,4,1,1.0,,0.0,0,1988.0,A01,138Â 211Â 546,2.0,6.0,-1.0,1721899,0.0,31,,0.0,0.0,0.0,A01,138Â 211Â 546,1.0
1008771,201900050302,8,23,20:05,2,1,3,1.0,3.0,59663,la belle vue,M,"50,9066720","2,4545280",59,2019,80.0,1.0,1.0,3.0,2255809,2.0,2,3,2,5.0,,0.0,0,1948.0,A01,138Â 211Â 544,1.0,-1.0,-1.0,1721900,2.0,7,,0.0,2.0,2.0,A01,138Â 211Â 544,1.0
1008771,201900050302,8,23,20:05,2,1,3,1.0,3.0,59663,la belle vue,M,"50,9066720","2,4545280",59,2019,80.0,1.0,1.0,3.0,2255809,2.0,2,3,2,5.0,,0.0,0,1948.0,A01,138Â 211Â 544,1.0,-1.0,-1.0,1721901,1.0,7,,0.0,2.0,3.0,B01,138Â 211Â 545,1.0
1008771,201900050302,8,23,20:05,2,1,3,1.0,3.0,59663,la belle vue,M,"50,9066720","2,4545280",59,2019,80.0,1.0,1.0,3.0,2255810,8.0,2,1,2,3.0,,0.0,0,2005.0,A01,138Â 211Â 544,1.0,-1.0,-1.0,1721900,2.0,7,,0.0,2.0,2.0,A01,138Â 211Â 544,1.0
1008771,201900050302,8,23,20:05,2,1,3,1.0,3.0,59663,la belle vue,M,"50,9066720","2,4545280",59,2019,80.0,1.0,1.0,3.0,2255810,8.0,2,1,2,3.0,,0.0,0,2005.0,A01,138Â 211Â 544,1.0,-1.0,-1.0,1721901,1.0,7,,0.0,2.0,3.0,B01,138Â 211Â 545,1.0
1008771,201900050302,8,23,20:05,2,1,3,1.0,3.0,59663,la belle vue,M,"50,9066720","2,4545280",59,2019,80.0,1.0,1.0,3.0,2255811,1.0,1,4,1,5.0,,0.0,0,1965.0,A01,138Â 211Â 544,1.0,-1.0,-1.0,1721900,2.0,7,,0.0,2.0,2.0,A01,138Â 211Â 544,1.0
1008771,201900050302,8,23,20:05,2,1,3,1.0,3.0,59663,la belle vue,M,"50,9066720","2,4545280",59,2019,80.0,1.0,1.0,3.0,2255811,1.0,1,4,1,5.0,,0.0,0,1965.0,A01,138Â 211Â 544,1.0,-1.0,-1.0,1721901,1.0,7,,0.0,2.0,3.0,B01,138Â 211Â 545,1.0
1008771,201900050302,8,23,20:05,2,1,3,1.0,3.0,59663,la belle vue,M,"50,9066720","2,4545280",59,2019,80.0,1.0,1.0,3.0,2255812,1.0,1,1,2,3.0,,0.0,0,1987.0,B01,138Â 211Â 545,1.0,-1.0,-1.0,1721900,2.0,7,,0.0,2.0,2.0,A01,138Â 211Â 544,1.0
1008771,201900050302,8,23,20:05,2,1,3,1.0,3.0,59663,la belle vue,M,"50,9066720","2,4545280",59,2019,80.0,1.0,1.0,3.0,2255812,1.0,1,1,2,3.0,,0.0,0,1987.0,B01,138Â 211Â 545,1.0,-1.0,-1.0,1721901,1.0,7,,0.0,2.0,3.0,B01,138Â 211Â 545,1.0
1008772,201900050303,8,24,17:50,1,2,1,1.0,5.0,74195,D1508,M,"46,0128995","5,9479574",74,2019,50.0,1.0,1.0,3.0,2255813,1.0,1,3,1,9.0,,0.0,0,1999.0,A01,138Â 211Â 541,2.0,6.0,-1.0,1721902,1.0,33,,0.0,2.0,1.0,A01,138Â 211Â 541,1.0
1008772,201900050303,8,24,17:50,1,2,1,1.0,5.0,74195,D1508,M,"46,0128995","5,9479574",74,2019,50.0,1.0,1.0,3.0,2255813,1.0,1,3,1,9.0,,0.0,0,1999.0,A01,138Â 211Â 541,2.0,6.0,-1.0,1721903,2.0,7,,0.0,1.0,1.0,B01,138Â 211Â 542,1.0
1008772,201900050303,8,24,17:50,1,2,1,1.0,5.0,74195,D1508,M,"46,0128995","5,9479574",74,2019,50.0,1.0,1.0,3.0,2255813,1.0,1,3,1,9.0,,0.0,0,1999.0,A01,138Â 211Â 541,2.0,6.0,-1.0,1721904,1.0,7,,0.0,2.0,6.0,C01,138Â 211Â 543,1.0
1008772,201900050303,8,24,17:50,1,2,1,1.0,5.0,74195,D1508,M,"46,0128995","5,9479574",74,2019,50.0,1.0,1.0,3.0,2255814,1.0,1,1,2,0.0,,0.0,0,1992.0,B01,138Â 211Â 542,1.0,-1.0,-1.0,1721902,1.0,33,,0.0,2.0,1.0,A01,138Â 211Â 541,1.0
1008772,201900050303,8,24,17:50,1,2,1,1.0,5.0,74195,D1508,M,"46,0128995","5,9479574",74,2019,50.0,1.0,1.0,3.0,2255814,1.0,1,1,2,0.0,,0.0,0,1992.0,B01,138Â 211Â 542,1.0,-1.0,-1.0,1721903,2.0,7,,0.0,1.0,1.0,B01,138Â 211Â 542,1.0
1008772,201900050303,8,24,17:50,1,2,1,1.0,5.0,74195,D1508,M,"46,0128995","5,9479574",74,2019,50.0,1.0,1.0,3.0,2255814,1.0,1,1,2,0.0,,0.0,0,1992.0,B01,138Â 211Â 542,1.0,-1.0,-1.0,1721904,1.0,7,,0.0,2.0,6.0,C01,138Â 211Â 543,1.0
1008772,201900050303,8,24,17:50,1,2,1,1.0,5.0,74195,D1508,M,"46,0128995","5,9479574",74,2019,50.0,1.0,1.0,3.0,2255815,1.0,1,1,2,5.0,,0.0,0,1991.0,C01,138Â 211Â 543,1.0,-1.0,-1.0,1721902,1.0,33,,0.0,2.0,1.0,A01,138Â 211Â 541,1.0
1008772,201900050303,8,24,17:50,1,2,1,1.0,5.0,74195,D1508,M,"46,0128995","5,9479574",74,2019,50.0,1.0,1.0,3.0,2255815,1.0,1,1,2,5.0,,0.0,0,1991.0,C01,138Â 211Â 543,1.0,-1.0,-1.0,1721903,2.0,7,,0.0,1.0,1.0,B01,138Â 211Â 542,1.0
1008772,201900050303,8,24,17:50,1,2,1,1.0,5.0,74195,D1508,M,"46,0128995","5,9479574",74,2019,50.0,1.0,1.0,3.0,2255815,1.0,1,1,2,5.0,,0.0,0,1991.0,C01,138Â 211Â 543,1.0,-1.0,-1.0,1721904,1.0,7,,0.0,2.0,6.0,C01,138Â 211Â 543,1.0
1008773,201900050304,8,23,14:45,1,1,1,1.0,1.0,74294,Route de la Valentine,M,"46,0886472","6,6864818",74,2019,80.0,1.0,1.0,3.0,2255816,1.0,1,1,1,0.0,,0.0,0,1973.0,A01,138Â 211Â 539,1.0,-1.0,-1.0,1721905,1.0,7,,0.0,2.0,1.0,A01,138Â 211Â 539,1.0
1008773,201900050304,8,23,14:45,1,1,1,1.0,1.0,74294,Route de la Valentine,M,"46,0886472","6,6864818",74,2019,80.0,1.0,1.0,3.0,2255816,1.0,1,1,1,0.0,,0.0,0,1973.0,A01,138Â 211Â 539,1.0,-1.0,-1.0,1721906,2.0,7,,0.0,2.0,1.0,B01,138Â 211Â 540,1.0
1008773,201900050304,8,23,14:45,1,1,1,1.0,1.0,74294,Route de la Valentine,M,"46,0886472","6,6864818",74,2019,80.0,1.0,1.0,3.0,2255817,1.0,1,3,2,5.0,,0.0,0,1941.0,B01,138Â 211Â 540,1.0,-1.0,-1.0,1721905,1.0,7,,0.0,2.0,1.0,A01,138Â 211Â 539,1.0
1008773,201900050304,8,23,14:45,1,1,1,1.0,1.0,74294,Route de la Valentine,M,"46,0886472","6,6864818",74,2019,80.0,1.0,1.0,3.0,2255817,1.0,1,3,2,5.0,,0.0,0,1941.0,B01,138Â 211Â 540,1.0,-1.0,-1.0,1721906,2.0,7,,0.0,2.0,1.0,B01,138Â 211Â 540,1.0
1008774,201900050305,8,23,17:14,1,1,3,1.0,3.0,74310,D5,M,"45,8099538","6,0619895",74,2019,70.0,1.0,1.0,3.0,2255818,1.0,1,3,1,0.0,,0.0,0,1981.0,B01,138Â 211Â 537,2.0,6.0,9.0,1721907,2.0,33,,0.0,2.0,1.0,B01,138Â 211Â 537,1.0
1008774,201900050305,8,23,17:14,1,1,3,1.0,3.0,74310,D5,M,"45,8099538","6,0619895",74,2019,70.0,1.0,1.0,3.0,2255818,1.0,1,3,1,0.0,,0.0,0,1981.0,B01,138Â 211Â 537,2.0,6.0,9.0,1721908,2.0,7,,0.0,2.0,8.0,A01,138Â 211Â 538,1.0
1008774,201900050305,8,23,17:14,1,1,3,1.0,3.0,74310,D5,M,"45,8099538","6,0619895",74,2019,70.0,1.0,1.0,3.0,2255819,1.0,1,4,1,1.0,,0.0,0,1999.0,A01,138Â 211Â 538,1.0,-1.0,-1.0,1721907,2.0,33,,0.0,2.0,1.0,B01,138Â 211Â 537,1.0
1008774,201900050305,8,23,17:14,1,1,3,1.0,3.0,74310,D5,M,"45,8099538","6,0619895",74,2019,70.0,1.0,1.0,3.0,2255819,1.0,1,4,1,1.0,,0.0,0,1999.0,A01,138Â 211Â 538,1.0,-1.0,-1.0,1721908,2.0,7,,0.0,2.0,8.0,A01,138Â 211Â 538,1.0
1008775,201900050306,8,25,12:15,1,1,1,1.0,1.0,76196,RD 139,M,"49,6428070","0,2556370",76,2019,80.0,1.0,1.0,3.0,2255820,2.0,2,2,1,5.0,,0.0,0,1938.0,B01,138Â 211Â 535,1.0,-1.0,-1.0,1721909,2.0,7,,0.0,2.0,2.0,B01,138Â 211Â 535,1.0
1008775,201900050306,8,25,12:15,1,1,1,1.0,1.0,76196,RD 139,M,"49,6428070","0,2556370",76,2019,80.0,1.0,1.0,3.0,2255820,2.0,2,2,1,5.0,,0.0,0,1938.0,B01,138Â 211Â 535,1.0,-1.0,-1.0,1721910,1.0,7,,0.0,2.0,2.0,A01,138Â 211Â 536,1.0
1008775,201900050306,8,25,12:15,1,1,1,1.0,1.0,76196,RD 139,M,"49,6428070","0,2556370",76,2019,80.0,1.0,1.0,3.0,2255821,1.0,1,3,2,5.0,,0.0,0,1964.0,B01,138Â 211Â 535,1.0,-1.0,-1.0,1721909,2.0,7,,0.0,2.0,2.0,B01,138Â 211Â 535,1.0
1008775,201900050306,8,25,12:15,1,1,1,1.0,1.0,76196,RD 139,M,"49,6428070","0,2556370",76,2019,80.0,1.0,1.0,3.0,2255821,1.0,1,3,2,5.0,,0.0,0,1964.0,B01,138Â 211Â 535,1.0,-1.0,-1.0,1721910,1.0,7,,0.0,2.0,2.0,A01,138Â 211Â 536,1.0
1008775,201900050306,8,25,12:15,1,1,1,1.0,1.0,76196,RD 139,M,"49,6428070","0,2556370",76,2019,80.0,1.0,1.0,3.0,2255822,1.0,1,4,1,1.0,,0.0,0,1991.0,A01,138Â 211Â 536,1.0,-1.0,-1.0,1721909,2.0,7,,0.0,2.0,2.0,B01,138Â 211Â 535,1.0
1008775,201900050306,8,25,12:15,1,1,1,1.0,1.0,76196,RD 139,M,"49,6428070","0,2556370",76,2019,80.0,1.0,1.0,3.0,2255822,1.0,1,4,1,1.0,,0.0,0,1991.0,A01,138Â 211Â 536,1.0,-1.0,-1.0,1721910,1.0,7,,0.0,2.0,2.0,A01,138Â 211Â 536,1.0