Unnamed: 0_x,num_acc,mois,jour,hrmn,lum,agg,int,atm,col,com,adr,gps,lat,long,dep,annee,vma,situ,surf,catr,Unnamed: 0_y,place,catu,grav,sexe,trajet,secu,locp,actp,an_nais,num_veh_x,id_vehicule_x,secu1,secu2,secu3,Unnamed: 0,senc,catv,occutc,obs,obsm,choc,num_veh_y,id_vehicule_y,motor
1008776,201900050307,8,22,21:40,5,2,1,1.0,7.0,79016,Rue Grand'rue,M,"46,7530520"," -0,0531620",79,2019,50.0,4.0,1.0,3.0,2255823,1.0,1,3,1,5.0,,0.0,0,1970.0,A01,138Â 211Â 534,2.0,6.0,9.0,1721911,1.0,33,,12.0,0.0,7.0,A01,138Â 211Â 534,1.0
1008777,201900050308,8,25,11:30,1,1,1,1.0,7.0,79079,,M,"46,9323990"," -0,8369800",79,2019,80.0,3.0,1.0,3.0,2255824,1.0,1,4,1,5.0,,0.0,0,1956.0,A01,138Â 211Â 533,2.0,-1.0,-1.0,1721912,2.0,2,,13.0,0.0,9.0,A01,138Â 211Â 533,1.0
1008778,201900050309,8,24,17:40,1,2,2,1.0,3.0,80190,Rue du Docteur Roger Castel,M,"50,0598250","1,6434360",80,2019,50.0,1.0,1.0,3.0,2255825,1.0,1,1,2,3.0,,0.0,0,1985.0,B01,138Â 211Â 531,1.0,-1.0,-1.0,1721913,1.0,7,,0.0,2.0,2.0,B01,138Â 211Â 531,1.0
1008778,201900050309,8,24,17:40,1,2,2,1.0,3.0,80190,Rue du Docteur Roger Castel,M,"50,0598250","1,6434360",80,2019,50.0,1.0,1.0,3.0,2255825,1.0,1,1,2,3.0,,0.0,0,1985.0,B01,138Â 211Â 531,1.0,-1.0,-1.0,1721914,1.0,7,,0.0,2.0,3.0,A01,138Â 211Â 532,1.0
1008778,201900050309,8,24,17:40,1,2,2,1.0,3.0,80190,Rue du Docteur Roger Castel,M,"50,0598250","1,6434360",80,2019,50.0,1.0,1.0,3.0,2255826,1.0,1,4,1,9.0,,0.0,0,1994.0,A01,138Â 211Â 532,1.0,-1.0,-1.0,1721913,1.0,7,,0.0,2.0,2.0,B01,138Â 211Â 531,1.0
1008778,201900050309,8,24,17:40,1,2,2,1.0,3.0,80190,Rue du Docteur Roger Castel,M,"50,0598250","1,6434360",80,2019,50.0,1.0,1.0,3.0,2255826,1.0,1,4,1,9.0,,0.0,0,1994.0,A01,138Â 211Â 532,1.0,-1.0,-1.0,1721914,1.0,7,,0.0,2.0,3.0,A01,138Â 211Â 532,1.0
1008779,201900050310,8,24,13:05,1,1,3,1.0,1.0,80019,CD936,M,"49,9579950","1,8990730",80,2019,80.0,1.0,1.0,3.0,2255827,1.0,1,4,1,5.0,,0.0,0,1954.0,B01,138Â 211Â 529,1.0,-1.0,-1.0,1721915,1.0,7,,0.0,2.0,3.0,B01,138Â 211Â 529,1.0
1008779,201900050310,8,24,13:05,1,1,3,1.0,1.0,80019,CD936,M,"49,9579950","1,8990730",80,2019,80.0,1.0,1.0,3.0,2255827,1.0,1,4,1,5.0,,0.0,0,1954.0,B01,138Â 211Â 529,1.0,-1.0,-1.0,1721916,2.0,10,,0.0,2.0,3.0,A01,138Â 211Â 530,1.0
1008779,201900050310,8,24,13:05,1,1,3,1.0,1.0,80019,CD936,M,"49,9579950","1,8990730",80,2019,80.0,1.0,1.0,3.0,2255828,2.0,2,4,2,5.0,,0.0,0,1941.0,B01,138Â 211Â 529,1.0,-1.0,-1.0,1721915,1.0,7,,0.0,2.0,3.0,B01,138Â 211Â 529,1.0
1008779,201900050310,8,24,13:05,1,1,3,1.0,1.0,80019,CD936,M,"49,9579950","1,8990730",80,2019,80.0,1.0,1.0,3.0,2255828,2.0,2,4,2,5.0,,0.0,0,1941.0,B01,138Â 211Â 529,1.0,-1.0,-1.0,1721916,2.0,10,,0.0,2.0,3.0,A01,138Â 211Â 530,1.0
1008779,201900050310,8,24,13:05,1,1,3,1.0,1.0,80019,CD936,M,"49,9579950","1,8990730",80,2019,80.0,1.0,1.0,3.0,2255829,1.0,1,1,1,4.0,,0.0,0,1989.0,A01,138Â 211Â 530,1.0,-1.0,-1.0,1721915,1.0,7,,0.0,2.0,3.0,B01,138Â 211Â 529,1.0
1008779,201900050310,8,24,13:05,1,1,3,1.0,1.0,80019,CD936,M,"49,9579950","1,8990730",80,2019,80.0,1.0,1.0,3.0,2255829,1.0,1,1,1,4.0,,0.0,0,1989.0,A01,138Â 211Â 530,1.0,-1.0,-1.0,1721916,2.0,10,,0.0,2.0,3.0,A01,138Â 211Â 530,1.0
1008780,201900050311,8,24,16:00,1,1,1,1.0,1.0,80488,Chemin du Marais,M,"50,0196080","1,9873930",80,2019,50.0,1.0,9.0,4.0,2255830,2.0,2,1,2,5.0,,0.0,0,1971.0,B01,138Â 211Â 527,1.0,-1.0,-1.0,1721917,3.0,7,,0.0,0.0,8.0,B01,138Â 211Â 527,1.0
1008780,201900050311,8,24,16:00,1,1,1,1.0,1.0,80488,Chemin du Marais,M,"50,0196080","1,9873930",80,2019,50.0,1.0,9.0,4.0,2255830,2.0,2,1,2,5.0,,0.0,0,1971.0,B01,138Â 211Â 527,1.0,-1.0,-1.0,1721918,3.0,33,,0.0,2.0,3.0,A01,138Â 211Â 528,1.0
1008780,201900050311,8,24,16:00,1,1,1,1.0,1.0,80488,Chemin du Marais,M,"50,0196080","1,9873930",80,2019,50.0,1.0,9.0,4.0,2255831,1.0,1,1,1,5.0,,0.0,0,1969.0,B01,138Â 211Â 527,1.0,-1.0,-1.0,1721917,3.0,7,,0.0,0.0,8.0,B01,138Â 211Â 527,1.0
1008780,201900050311,8,24,16:00,1,1,1,1.0,1.0,80488,Chemin du Marais,M,"50,0196080","1,9873930",80,2019,50.0,1.0,9.0,4.0,2255831,1.0,1,1,1,5.0,,0.0,0,1969.0,B01,138Â 211Â 527,1.0,-1.0,-1.0,1721918,3.0,33,,0.0,2.0,3.0,A01,138Â 211Â 528,1.0
1008780,201900050311,8,24,16:00,1,1,1,1.0,1.0,80488,Chemin du Marais,M,"50,0196080","1,9873930",80,2019,50.0,1.0,9.0,4.0,2255832,1.0,1,3,1,5.0,,0.0,0,1999.0,A01,138Â 211Â 528,0.0,-1.0,-1.0,1721917,3.0,7,,0.0,0.0,8.0,B01,138Â 211Â 527,1.0
1008780,201900050311,8,24,16:00,1,1,1,1.0,1.0,80488,Chemin du Marais,M,"50,0196080","1,9873930",80,2019,50.0,1.0,9.0,4.0,2255832,1.0,1,3,1,5.0,,0.0,0,1999.0,A01,138Â 211Â 528,0.0,-1.0,-1.0,1721918,3.0,33,,0.0,2.0,3.0,A01,138Â 211Â 528,1.0
1008781,201900050312,8,23,18:05,1,2,1,1.0,1.0,65392,d935,M,"43,1642425","0,0863160",65,2019,50.0,1.0,1.0,3.0,2255833,7.0,2,3,1,2.0,,0.0,0,2008.0,B01,138Â 211Â 523,1.0,-1.0,-1.0,1721919,2.0,7,,0.0,2.0,3.0,B01,138Â 211Â 523,1.0
1008781,201900050312,8,23,18:05,1,2,1,1.0,1.0,65392,d935,M,"43,1642425","0,0863160",65,2019,50.0,1.0,1.0,3.0,2255833,7.0,2,3,1,2.0,,0.0,0,2008.0,B01,138Â 211Â 523,1.0,-1.0,-1.0,1721920,1.0,7,,0.0,2.0,1.0,A01,138Â 211Â 524,1.0
1008781,201900050312,8,23,18:05,1,2,1,1.0,1.0,65392,d935,M,"43,1642425","0,0863160",65,2019,50.0,1.0,1.0,3.0,2255834,2.0,2,1,2,2.0,,0.0,0,2001.0,B01,138Â 211Â 523,1.0,-1.0,-1.0,1721919,2.0,7,,0.0,2.0,3.0,B01,138Â 211Â 523,1.0
1008781,201900050312,8,23,18:05,1,2,1,1.0,1.0,65392,d935,M,"43,1642425","0,0863160",65,2019,50.0,1.0,1.0,3.0,2255834,2.0,2,1,2,2.0,,0.0,0,2001.0,B01,138Â 211Â 523,1.0,-1.0,-1.0,1721920,1.0,7,,0.0,2.0,1.0,A01,138Â 211Â 524,1.0
1008781,201900050312,8,23,18:05,1,2,1,1.0,1.0,65392,d935,M,"43,1642425","0,0863160",65,2019,50.0,1.0,1.0,3.0,2255835,1.0,1,1,2,2.0,,0.0,0,1972.0,B01,138Â 211Â 523,1.0,-1.0,-1.0,1721919,2.0,7,,0.0,2.0,3.0,B01,138Â 211Â 523,1.0
1008781,201900050312,8,23,18:05,1,2,1,1.0,1.0,65392,d935,M,"43,1642425","0,0863160",65,2019,50.0,1.0,1.0,3.0,2255835,1.0,1,1,2,2.0,,0.0,0,1972.0,B01,138Â 211Â 523,1.0,-1.0,-1.0,1721920,1.0,7,,0.0,2.0,1.0,A01,138Â 211Â 524,1.0
1008781,201900050312,8,23,18:05,1,2,1,1.0,1.0,65392,d935,M,"43,1642425","0,0863160",65,2019,50.0,1.0,1.0,3.0,2255836,1.0,1,4,2,1.0,,0.0,0,1969.0,A01,138Â 211Â 524,1.0,-1.0,-1.0,1721919,2.0,7,,0.0,2.0,3.0,B01,138Â 211Â 523,1.0
1008781,201900050312,8,23,18:05,1,2,1,1.0,1.0,65392,d935,M,"43,1642425","0,0863160",65,2019,50.0,1.0,1.0,3.0,2255836,1.0,1,4,2,1.0,,0.0,0,1969.0,A01,138Â 211Â 524,1.0,-1.0,-1.0,1721920,1.0,7,,0.0,2.0,1.0,A01,138Â 211Â 524,1.0
1008782,201900050313,8,24,23:25,5,2,3,1.0,6.0,33114,avenue de Paris,M,"45,0969410"," -0,3887280",33,2019,50.0,4.0,1.0,3.0,2255837,1.0,1,2,1,5.0,,0.0,0,1984.0,A01,138Â 211Â 522,2.0,6.0,-1.0,1721921,2.0,33,,15.0,0.0,2.0,A01,138Â 211Â 522,1.0
1008783,201900050314,8,3,20:45,2,1,1,1.0,6.0,81080,Puech Del Cel,M,"44,0151297","1,9298734",81,2019,80.0,1.0,1.0,3.0,2255838,1.0,1,3,1,5.0,,0.0,0,1972.0,A01,138Â 211Â 521,2.0,6.0,-1.0,1721922,1.0,33,,0.0,6.0,1.0,A01,138Â 211Â 521,1.0
1008784,201900050315,8,24,21:15,3,1,1,1.0,6.0,32235,Route du Parre,M,"43,7266490","0,1431020",32,2019,80.0,3.0,1.0,4.0,2255839,1.0,1,2,1,5.0,,0.0,0,1956.0,A01,138Â 211Â 520,2.0,-1.0,-1.0,1721923,3.0,36,,2.0,0.0,2.0,A01,138Â 211Â 520,1.0
1008785,201900050316,8,25,06:10,3,1,1,1.0,6.0,11262,d 68,M,"43,1952060","3,0286290",11,2019,80.0,3.0,1.0,2.0,2255840,2.0,2,3,2,5.0,,0.0,0,2001.0,A01,138Â 211Â 519,1.0,-1.0,-1.0,1721924,1.0,7,,13.0,0.0,1.0,A01,138Â 211Â 519,1.0
1008785,201900050316,8,25,06:10,3,1,1,1.0,6.0,11262,d 68,M,"43,1952060","3,0286290",11,2019,80.0,3.0,1.0,2.0,2255841,1.0,1,4,2,5.0,,0.0,0,1997.0,A01,138Â 211Â 519,1.0,-1.0,-1.0,1721924,1.0,7,,13.0,0.0,1.0,A01,138Â 211Â 519,1.0
1008785,201900050316,8,25,06:10,3,1,1,1.0,6.0,11262,d 68,M,"43,1952060","3,0286290",11,2019,80.0,3.0,1.0,2.0,2255842,7.0,2,1,2,5.0,,0.0,0,1994.0,A01,138Â 211Â 519,1.0,-1.0,-1.0,1721924,1.0,7,,13.0,0.0,1.0,A01,138Â 211Â 519,1.0
1008785,201900050316,8,25,06:10,3,1,1,1.0,6.0,11262,d 68,M,"43,1952060","3,0286290",11,2019,80.0,3.0,1.0,2.0,2255843,7.0,2,3,2,5.0,,0.0,0,1995.0,A01,138Â 211Â 519,1.0,-1.0,-1.0,1721924,1.0,7,,13.0,0.0,1.0,A01,138Â 211Â 519,1.0
1008785,201900050316,8,25,06:10,3,1,1,1.0,6.0,11262,d 68,M,"43,1952060","3,0286290",11,2019,80.0,3.0,1.0,2.0,2255844,2.0,2,3,1,5.0,,0.0,0,1989.0,A01,138Â 211Â 519,1.0,-1.0,-1.0,1721924,1.0,7,,13.0,0.0,1.0,A01,138Â 211Â 519,1.0
1008786,201900050317,8,23,02:00,5,2,2,1.0,3.0,11106,Rue Jean JAURÃS,M,"43,2339689","3,0593031",11,2019,50.0,1.0,1.0,4.0,2255845,2.0,2,1,1,-1.0,,-1.0, -1,2003.0,A01,138Â 211Â 517,1.0,-1.0,-1.0,1721925,3.0,7,,0.0,2.0,3.0,A01,138Â 211Â 517,1.0
1008786,201900050317,8,23,02:00,5,2,2,1.0,3.0,11106,Rue Jean JAURÃS,M,"43,2339689","3,0593031",11,2019,50.0,1.0,1.0,4.0,2255845,2.0,2,1,1,-1.0,,-1.0, -1,2003.0,A01,138Â 211Â 517,1.0,-1.0,-1.0,1721926,3.0,2,,0.0,2.0,1.0,B01,138Â 211Â 518,1.0
1008786,201900050317,8,23,02:00,5,2,2,1.0,3.0,11106,Rue Jean JAURÃS,M,"43,2339689","3,0593031",11,2019,50.0,1.0,1.0,4.0,2255846,3.0,2,1,2,-1.0,,-1.0, -1,2003.0,A01,138Â 211Â 517,1.0,-1.0,-1.0,1721925,3.0,7,,0.0,2.0,3.0,A01,138Â 211Â 517,1.0
1008786,201900050317,8,23,02:00,5,2,2,1.0,3.0,11106,Rue Jean JAURÃS,M,"43,2339689","3,0593031",11,2019,50.0,1.0,1.0,4.0,2255846,3.0,2,1,2,-1.0,,-1.0, -1,2003.0,A01,138Â 211Â 517,1.0,-1.0,-1.0,1721926,3.0,2,,0.0,2.0,1.0,B01,138Â 211Â 518,1.0
1008786,201900050317,8,23,02:00,5,2,2,1.0,3.0,11106,Rue Jean JAURÃS,M,"43,2339689","3,0593031",11,2019,50.0,1.0,1.0,4.0,2255847,4.0,2,1,2,-1.0,,-1.0, -1,2002.0,A01,138Â 211Â 517,1.0,-1.0,-1.0,1721925,3.0,7,,0.0,2.0,3.0,A01,138Â 211Â 517,1.0
1008786,201900050317,8,23,02:00,5,2,2,1.0,3.0,11106,Rue Jean JAURÃS,M,"43,2339689","3,0593031",11,2019,50.0,1.0,1.0,4.0,2255847,4.0,2,1,2,-1.0,,-1.0, -1,2002.0,A01,138Â 211Â 517,1.0,-1.0,-1.0,1721926,3.0,2,,0.0,2.0,1.0,B01,138Â 211Â 518,1.0
1008786,201900050317,8,23,02:00,5,2,2,1.0,3.0,11106,Rue Jean JAURÃS,M,"43,2339689","3,0593031",11,2019,50.0,1.0,1.0,4.0,2255848,1.0,1,1,1,5.0,,0.0,0,1998.0,A01,138Â 211Â 517,1.0,-1.0,-1.0,1721925,3.0,7,,0.0,2.0,3.0,A01,138Â 211Â 517,1.0
1008786,201900050317,8,23,02:00,5,2,2,1.0,3.0,11106,Rue Jean JAURÃS,M,"43,2339689","3,0593031",11,2019,50.0,1.0,1.0,4.0,2255848,1.0,1,1,1,5.0,,0.0,0,1998.0,A01,138Â 211Â 517,1.0,-1.0,-1.0,1721926,3.0,2,,0.0,2.0,1.0,B01,138Â 211Â 518,1.0
1008786,201900050317,8,23,02:00,5,2,2,1.0,3.0,11106,Rue Jean JAURÃS,M,"43,2339689","3,0593031",11,2019,50.0,1.0,1.0,4.0,2255849,1.0,1,3,1,5.0,,0.0,0,1991.0,B01,138Â 211Â 518,0.0,-1.0,-1.0,1721925,3.0,7,,0.0,2.0,3.0,A01,138Â 211Â 517,1.0
1008786,201900050317,8,23,02:00,5,2,2,1.0,3.0,11106,Rue Jean JAURÃS,M,"43,2339689","3,0593031",11,2019,50.0,1.0,1.0,4.0,2255849,1.0,1,3,1,5.0,,0.0,0,1991.0,B01,138Â 211Â 518,0.0,-1.0,-1.0,1721926,3.0,2,,0.0,2.0,1.0,B01,138Â 211Â 518,1.0
1008787,201900050318,8,22,17:40,1,2,3,1.0,7.0,11103,avenue Jean Pierre Marty,M,"42,9420440","2,2581040",11,2019,50.0,1.0,1.0,3.0,2255850,1.0,1,3,1,5.0,,0.0,0,1974.0,A01,138Â 211Â 516,2.0,6.0,9.0,1721927,1.0,31,,0.0,0.0,6.0,A01,138Â 211Â 516,1.0
1008788,201900050319,8,24,12:12,1,1,1,1.0,3.0,71419,RD 24,M,"46,7506560","5,2284540",71,2019,80.0,1.0,1.0,3.0,2255851,1.0,1,3,1,4.0,,0.0,0,1959.0,B01,138Â 211Â 514,1.0,-1.0,-1.0,1721928,2.0,7,,0.0,2.0,8.0,B01,138Â 211Â 514,1.0
1008788,201900050319,8,24,12:12,1,1,1,1.0,3.0,71419,RD 24,M,"46,7506560","5,2284540",71,2019,80.0,1.0,1.0,3.0,2255851,1.0,1,3,1,4.0,,0.0,0,1959.0,B01,138Â 211Â 514,1.0,-1.0,-1.0,1721929,1.0,7,,0.0,2.0,3.0,A01,138Â 211Â 515,1.0
1008788,201900050319,8,24,12:12,1,1,1,1.0,3.0,71419,RD 24,M,"46,7506560","5,2284540",71,2019,80.0,1.0,1.0,3.0,2255852,1.0,1,1,2,5.0,,0.0,0,1981.0,A01,138Â 211Â 515,1.0,-1.0,-1.0,1721928,2.0,7,,0.0,2.0,8.0,B01,138Â 211Â 514,1.0
1008788,201900050319,8,24,12:12,1,1,1,1.0,3.0,71419,RD 24,M,"46,7506560","5,2284540",71,2019,80.0,1.0,1.0,3.0,2255852,1.0,1,1,2,5.0,,0.0,0,1981.0,A01,138Â 211Â 515,1.0,-1.0,-1.0,1721929,1.0,7,,0.0,2.0,3.0,A01,138Â 211Â 515,1.0
1008789,201900050320,8,22,19:40,1,2,2,1.0,3.0,71028,Rue de la Tuilerie,M,"46,8329060","5,4422380",71,2019,50.0,1.0,1.0,3.0,2255853,1.0,1,1,1,1.0,,0.0,0,1956.0,A01,138Â 211Â 512,0.0,-1.0,-1.0,1721930,0.0,21,,0.0,2.0,1.0,A01,138Â 211Â 512,1.0
1008789,201900050320,8,22,19:40,1,2,2,1.0,3.0,71028,Rue de la Tuilerie,M,"46,8329060","5,4422380",71,2019,50.0,1.0,1.0,3.0,2255853,1.0,1,1,1,1.0,,0.0,0,1956.0,A01,138Â 211Â 512,0.0,-1.0,-1.0,1721931,0.0,2,,0.0,2.0,7.0,B01,138Â 211Â 513,1.0
1008789,201900050320,8,22,19:40,1,2,2,1.0,3.0,71028,Rue de la Tuilerie,M,"46,8329060","5,4422380",71,2019,50.0,1.0,1.0,3.0,2255854,1.0,1,2,1,5.0,,0.0,0,2004.0,B01,138Â 211Â 513,2.0,6.0,-1.0,1721930,0.0,21,,0.0,2.0,1.0,A01,138Â 211Â 512,1.0
1008789,201900050320,8,22,19:40,1,2,2,1.0,3.0,71028,Rue de la Tuilerie,M,"46,8329060","5,4422380",71,2019,50.0,1.0,1.0,3.0,2255854,1.0,1,2,1,5.0,,0.0,0,2004.0,B01,138Â 211Â 513,2.0,6.0,-1.0,1721931,0.0,2,,0.0,2.0,7.0,B01,138Â 211Â 513,1.0
1008790,201900050321,8,22,18:00,1,1,1,1.0,7.0,89344,D85,M,"47,6173991","3,1202396",89,2019,80.0,8.0,1.0,3.0,2255855,1.0,1,3,1,4.0,,0.0,0,2000.0,A01,138Â 211Â 511,1.0,-1.0,-1.0,1721932,2.0,7,,13.0,0.0,1.0,A01,138Â 211Â 511,1.0
1008791,201900050322,8,24,07:30,1,1,1,1.0,6.0,61253,CD 438 PK 31 + 750,M,"48,6777930","0,2068100",61,2019,80.0,3.0,1.0,3.0,2255856,1.0,1,3,1,5.0,,0.0,0,1986.0,A01,138Â 211Â 510,1.0,-1.0,-1.0,1721933,2.0,7,,2.0,0.0,3.0,A01,138Â 211Â 510,1.0
1008791,201900050322,8,24,07:30,1,1,1,1.0,6.0,61253,CD 438 PK 31 + 750,M,"48,6777930","0,2068100",61,2019,80.0,3.0,1.0,3.0,2255857,2.0,2,4,1,5.0,,0.0,0,1984.0,A01,138Â 211Â 510,1.0,-1.0,-1.0,1721933,2.0,7,,2.0,0.0,3.0,A01,138Â 211Â 510,1.0
1008792,201900050323,8,22,16:00,1,1,1,1.0,2.0,55557,D 908,M,"49,1297250","5,6255340",55,2019,80.0,1.0,1.0,3.0,2255858,1.0,1,3,1,5.0,,0.0,0,1993.0,A01,138Â 211Â 508,1.0,-1.0,-1.0,1721934,2.0,7,,0.0,2.0,2.0,A01,138Â 211Â 508,1.0
1008792,201900050323,8,22,16:00,1,1,1,1.0,2.0,55557,D 908,M,"49,1297250","5,6255340",55,2019,80.0,1.0,1.0,3.0,2255858,1.0,1,3,1,5.0,,0.0,0,1993.0,A01,138Â 211Â 508,1.0,-1.0,-1.0,1721935,2.0,15,,0.0,0.0,6.0,B01,138Â 211Â 509,1.0
1008792,201900050323,8,22,16:00,1,1,1,1.0,2.0,55557,D 908,M,"49,1297250","5,6255340",55,2019,80.0,1.0,1.0,3.0,2255859,1.0,1,1,1,4.0,,0.0,0,1957.0,B01,138Â 211Â 509,1.0,-1.0,-1.0,1721934,2.0,7,,0.0,2.0,2.0,A01,138Â 211Â 508,1.0
1008792,201900050323,8,22,16:00,1,1,1,1.0,2.0,55557,D 908,M,"49,1297250","5,6255340",55,2019,80.0,1.0,1.0,3.0,2255859,1.0,1,1,1,4.0,,0.0,0,1957.0,B01,138Â 211Â 509,1.0,-1.0,-1.0,1721935,2.0,15,,0.0,0.0,6.0,B01,138Â 211Â 509,1.0
1008793,201900050324,8,23,16:25,1,1,1,1.0,7.0,49331,LE BOIS I NOYANT (SegrÃ©),M,"47,6828060"," -0,8762280",49,2019,80.0,1.0,1.0,4.0,2255860,1.0,1,3,1,5.0,,0.0,0,1987.0,A01,138Â 211Â 507,2.0,6.0,-1.0,1721936,3.0,2,,16.0,0.0,7.0,A01,138Â 211Â 507,1.0
1008794,201900050325,8,23,18:10,1,1,1,1.0,1.0,49012,748,M,"47,2118240"," -0,4613420",49,2019,80.0,1.0,1.0,3.0,2255861,1.0,1,3,1,5.0,,0.0,0,1988.0,A01,138Â 211Â 505,2.0,-1.0,-1.0,1721937,2.0,33,,0.0,2.0,0.0,A01,138Â 211Â 505,0.0
1008794,201900050325,8,23,18:10,1,1,1,1.0,1.0,49012,748,M,"47,2118240"," -0,4613420",49,2019,80.0,1.0,1.0,3.0,2255861,1.0,1,3,1,5.0,,0.0,0,1988.0,A01,138Â 211Â 505,2.0,-1.0,-1.0,1721938,1.0,7,,0.0,2.0,3.0,B01,138Â 211Â 506,0.0
1008794,201900050325,8,23,18:10,1,1,1,1.0,1.0,49012,748,M,"47,2118240"," -0,4613420",49,2019,80.0,1.0,1.0,3.0,2255862,1.0,1,1,1,5.0,,0.0,0,1938.0,B01,138Â 211Â 506,1.0,-1.0,-1.0,1721937,2.0,33,,0.0,2.0,0.0,A01,138Â 211Â 505,0.0
1008794,201900050325,8,23,18:10,1,1,1,1.0,1.0,49012,748,M,"47,2118240"," -0,4613420",49,2019,80.0,1.0,1.0,3.0,2255862,1.0,1,1,1,5.0,,0.0,0,1938.0,B01,138Â 211Â 506,1.0,-1.0,-1.0,1721938,1.0,7,,0.0,2.0,3.0,B01,138Â 211Â 506,0.0
1008795,201900050326,8,22,10:25,1,2,1,1.0,4.0,49238,Route de Blitourne,M,"47,5252580"," -0,4349700",49,2019,50.0,1.0,1.0,3.0,2255863,1.0,1,1,1,5.0,,0.0,0,1966.0,C01,138Â 211Â 502,2.0,-1.0,-1.0,1721939,1.0,1,,0.0,9.0,7.0,C01,138Â 211Â 502,5.0
1008795,201900050326,8,22,10:25,1,2,1,1.0,4.0,49238,Route de Blitourne,M,"47,5252580"," -0,4349700",49,2019,50.0,1.0,1.0,3.0,2255863,1.0,1,1,1,5.0,,0.0,0,1966.0,C01,138Â 211Â 502,2.0,-1.0,-1.0,1721940,1.0,1,,0.0,9.0,7.0,B01,138Â 211Â 503,5.0
1008795,201900050326,8,22,10:25,1,2,1,1.0,4.0,49238,Route de Blitourne,M,"47,5252580"," -0,4349700",49,2019,50.0,1.0,1.0,3.0,2255863,1.0,1,1,1,5.0,,0.0,0,1966.0,C01,138Â 211Â 502,2.0,-1.0,-1.0,1721941,1.0,1,,14.0,0.0,1.0,A01,138Â 211Â 504,5.0
1008795,201900050326,8,22,10:25,1,2,1,1.0,4.0,49238,Route de Blitourne,M,"47,5252580"," -0,4349700",49,2019,50.0,1.0,1.0,3.0,2255864,1.0,1,3,1,5.0,,0.0,0,1945.0,B01,138Â 211Â 503,2.0,-1.0,-1.0,1721939,1.0,1,,0.0,9.0,7.0,C01,138Â 211Â 502,5.0
1008795,201900050326,8,22,10:25,1,2,1,1.0,4.0,49238,Route de Blitourne,M,"47,5252580"," -0,4349700",49,2019,50.0,1.0,1.0,3.0,2255864,1.0,1,3,1,5.0,,0.0,0,1945.0,B01,138Â 211Â 503,2.0,-1.0,-1.0,1721940,1.0,1,,0.0,9.0,7.0,B01,138Â 211Â 503,5.0
1008795,201900050326,8,22,10:25,1,2,1,1.0,4.0,49238,Route de Blitourne,M,"47,5252580"," -0,4349700",49,2019,50.0,1.0,1.0,3.0,2255864,1.0,1,3,1,5.0,,0.0,0,1945.0,B01,138Â 211Â 503,2.0,-1.0,-1.0,1721941,1.0,1,,14.0,0.0,1.0,A01,138Â 211Â 504,5.0
1008795,201900050326,8,22,10:25,1,2,1,1.0,4.0,49238,Route de Blitourne,M,"47,5252580"," -0,4349700",49,2019,50.0,1.0,1.0,3.0,2255865,1.0,1,3,1,5.0,,0.0,0,1949.0,A01,138Â 211Â 504,2.0,-1.0,-1.0,1721939,1.0,1,,0.0,9.0,7.0,C01,138Â 211Â 502,5.0
1008795,201900050326,8,22,10:25,1,2,1,1.0,4.0,49238,Route de Blitourne,M,"47,5252580"," -0,4349700",49,2019,50.0,1.0,1.0,3.0,2255865,1.0,1,3,1,5.0,,0.0,0,1949.0,A01,138Â 211Â 504,2.0,-1.0,-1.0,1721940,1.0,1,,0.0,9.0,7.0,B01,138Â 211Â 503,5.0
1008795,201900050326,8,22,10:25,1,2,1,1.0,4.0,49238,Route de Blitourne,M,"47,5252580"," -0,4349700",49,2019,50.0,1.0,1.0,3.0,2255865,1.0,1,3,1,5.0,,0.0,0,1949.0,A01,138Â 211Â 504,2.0,-1.0,-1.0,1721941,1.0,1,,14.0,0.0,1.0,A01,138Â 211Â 504,5.0
1008796,201900050327,8,22,15:15,1,1,1,1.0,5.0,12289,Meraville,M,"44,5068170","2,2366890",12,2019,80.0,1.0,1.0,3.0,2255866,1.0,1,1,1,0.0,,0.0,0,1990.0,C01,138Â 211Â 499,1.0,-1.0,-1.0,1721942,2.0,7,,0.0,2.0,1.0,C01,138Â 211Â 499,1.0
1008796,201900050327,8,22,15:15,1,1,1,1.0,5.0,12289,Meraville,M,"44,5068170","2,2366890",12,2019,80.0,1.0,1.0,3.0,2255866,1.0,1,1,1,0.0,,0.0,0,1990.0,C01,138Â 211Â 499,1.0,-1.0,-1.0,1721943,2.0,7,,0.0,2.0,3.0,B01,138Â 211Â 500,1.0
1008796,201900050327,8,22,15:15,1,1,1,1.0,5.0,12289,Meraville,M,"44,5068170","2,2366890",12,2019,80.0,1.0,1.0,3.0,2255866,1.0,1,1,1,0.0,,0.0,0,1990.0,C01,138Â 211Â 499,1.0,-1.0,-1.0,1721944,1.0,7,,0.0,2.0,3.0,A01,138Â 211Â 501,1.0
1008796,201900050327,8,22,15:15,1,1,1,1.0,5.0,12289,Meraville,M,"44,5068170","2,2366890",12,2019,80.0,1.0,1.0,3.0,2255867,1.0,1,4,2,4.0,,0.0,0,1998.0,B01,138Â 211Â 500,1.0,-1.0,-1.0,1721942,2.0,7,,0.0,2.0,1.0,C01,138Â 211Â 499,1.0
1008796,201900050327,8,22,15:15,1,1,1,1.0,5.0,12289,Meraville,M,"44,5068170","2,2366890",12,2019,80.0,1.0,1.0,3.0,2255867,1.0,1,4,2,4.0,,0.0,0,1998.0,B01,138Â 211Â 500,1.0,-1.0,-1.0,1721943,2.0,7,,0.0,2.0,3.0,B01,138Â 211Â 500,1.0