Unnamed: 0_x,num_acc,mois,jour,hrmn,lum,agg,int,atm,col,com,adr,gps,lat,long,dep,annee,vma,situ,surf,catr,Unnamed: 0_y,place,catu,grav,sexe,trajet,secu,locp,actp,an_nais,num_veh_x,id_vehicule_x,secu1,secu2,secu3,Unnamed: 0,senc,catv,occutc,obs,obsm,choc,num_veh_y,id_vehicule_y,motor
1008796,201900050327,8,22,15:15,1,1,1,1.0,5.0,12289,Meraville,M,"44,5068170","2,2366890",12,2019,80.0,1.0,1.0,3.0,2255867,1.0,1,4,2,4.0,,0.0,0,1998.0,B01,138Â 211Â 500,1.0,-1.0,-1.0,1721944,1.0,7,,0.0,2.0,3.0,A01,138Â 211Â 501,1.0
1008796,201900050327,8,22,15:15,1,1,1,1.0,5.0,12289,Meraville,M,"44,5068170","2,2366890",12,2019,80.0,1.0,1.0,3.0,2255868,1.0,1,1,1,5.0,,0.0,0,1964.0,A01,138Â 211Â 501,1.0,-1.0,-1.0,1721942,2.0,7,,0.0,2.0,1.0,C01,138Â 211Â 499,1.0
1008796,201900050327,8,22,15:15,1,1,1,1.0,5.0,12289,Meraville,M,"44,5068170","2,2366890",12,2019,80.0,1.0,1.0,3.0,2255868,1.0,1,1,1,5.0,,0.0,0,1964.0,A01,138Â 211Â 501,1.0,-1.0,-1.0,1721943,2.0,7,,0.0,2.0,3.0,B01,138Â 211Â 500,1.0
1008796,201900050327,8,22,15:15,1,1,1,1.0,5.0,12289,Meraville,M,"44,5068170","2,2366890",12,2019,80.0,1.0,1.0,3.0,2255868,1.0,1,1,1,5.0,,0.0,0,1964.0,A01,138Â 211Â 501,1.0,-1.0,-1.0,1721944,1.0,7,,0.0,2.0,3.0,A01,138Â 211Â 501,1.0
1008797,201900050328,8,23,11:55,1,1,1,1.0,6.0,12213,D 911 PR 10+0000,M,"44,1556190","3,0067750",12,2019,80.0,1.0,1.0,3.0,2255869,2.0,2,4,1,5.0,,0.0,0,2001.0,A01,138Â 211Â 498,1.0,-1.0,-1.0,1721945,2.0,7,,13.0,0.0,0.0,A01,138Â 211Â 498,1.0
1008797,201900050328,8,23,11:55,1,1,1,1.0,6.0,12213,D 911 PR 10+0000,M,"44,1556190","3,0067750",12,2019,80.0,1.0,1.0,3.0,2255870,1.0,1,3,2,5.0,,0.0,0,1999.0,A01,138Â 211Â 498,1.0,-1.0,-1.0,1721945,2.0,7,,13.0,0.0,0.0,A01,138Â 211Â 498,1.0
1008798,201900050329,8,24,17:40,1,2,6,1.0,3.0,29189,Boulevard Filliger,M,"48,3819720"," -4,3781700",29,2019,70.0,5.0,1.0,4.0,2255871,1.0,1,4,1,5.0,,0.0,0,1996.0,B01,138Â 211Â 496,2.0,6.0,-1.0,1721946,0.0,31,,0.0,2.0,1.0,B01,138Â 211Â 496,1.0
1008798,201900050329,8,24,17:40,1,2,6,1.0,3.0,29189,Boulevard Filliger,M,"48,3819720"," -4,3781700",29,2019,70.0,5.0,1.0,4.0,2255871,1.0,1,4,1,5.0,,0.0,0,1996.0,B01,138Â 211Â 496,2.0,6.0,-1.0,1721947,3.0,7,,0.0,2.0,8.0,A01,138Â 211Â 497,1.0
1008798,201900050329,8,24,17:40,1,2,6,1.0,3.0,29189,Boulevard Filliger,M,"48,3819720"," -4,3781700",29,2019,70.0,5.0,1.0,4.0,2255872,1.0,1,1,2,5.0,,0.0,0,1958.0,A01,138Â 211Â 497,1.0,-1.0,-1.0,1721946,0.0,31,,0.0,2.0,1.0,B01,138Â 211Â 496,1.0
1008798,201900050329,8,24,17:40,1,2,6,1.0,3.0,29189,Boulevard Filliger,M,"48,3819720"," -4,3781700",29,2019,70.0,5.0,1.0,4.0,2255872,1.0,1,1,2,5.0,,0.0,0,1958.0,A01,138Â 211Â 497,1.0,-1.0,-1.0,1721947,3.0,7,,0.0,2.0,8.0,A01,138Â 211Â 497,1.0
1008799,201900050330,8,24,11:50,1,1,3,1.0,3.0,68126,Rue de Bourgfelden,M,"47,5656520","7,5342300",68,2019,80.0,1.0,1.0,3.0,2255873,1.0,1,3,2,5.0,,0.0,0,1945.0,B01,138Â 211Â 494,0.0,-1.0,-1.0,1721948,2.0,1,,0.0,2.0,2.0,B01,138Â 211Â 494,5.0
1008799,201900050330,8,24,11:50,1,1,3,1.0,3.0,68126,Rue de Bourgfelden,M,"47,5656520","7,5342300",68,2019,80.0,1.0,1.0,3.0,2255873,1.0,1,3,2,5.0,,0.0,0,1945.0,B01,138Â 211Â 494,0.0,-1.0,-1.0,1721949,3.0,7,,0.0,2.0,3.0,A01,138Â 211Â 495,1.0
1008799,201900050330,8,24,11:50,1,1,3,1.0,3.0,68126,Rue de Bourgfelden,M,"47,5656520","7,5342300",68,2019,80.0,1.0,1.0,3.0,2255874,1.0,1,1,1,5.0,,0.0,0,1975.0,A01,138Â 211Â 495,1.0,-1.0,-1.0,1721948,2.0,1,,0.0,2.0,2.0,B01,138Â 211Â 494,5.0
1008799,201900050330,8,24,11:50,1,1,3,1.0,3.0,68126,Rue de Bourgfelden,M,"47,5656520","7,5342300",68,2019,80.0,1.0,1.0,3.0,2255874,1.0,1,1,1,5.0,,0.0,0,1975.0,A01,138Â 211Â 495,1.0,-1.0,-1.0,1721949,3.0,7,,0.0,2.0,3.0,A01,138Â 211Â 495,1.0
1008800,201900050331,8,21,23:35,3,2,3,1.0,1.0,68240,"134 Rue du Chemin de Fer (illtal, Oberdorf)",M,"47,5589380","7,3067180",68,2019,50.0,1.0,1.0,3.0,2255875,1.0,1,1,1,1.0,,0.0,0,1994.0,A01,138Â 211Â 492,1.0,-1.0,-1.0,1721950,2.0,7,,0.0,2.0,8.0,A01,138Â 211Â 492,0.0
1008800,201900050331,8,21,23:35,3,2,3,1.0,1.0,68240,"134 Rue du Chemin de Fer (illtal, Oberdorf)",M,"47,5589380","7,3067180",68,2019,50.0,1.0,1.0,3.0,2255875,1.0,1,1,1,1.0,,0.0,0,1994.0,A01,138Â 211Â 492,1.0,-1.0,-1.0,1721951,2.0,7,,0.0,2.0,1.0,B01,138Â 211Â 493,0.0
1008800,201900050331,8,21,23:35,3,2,3,1.0,1.0,68240,"134 Rue du Chemin de Fer (illtal, Oberdorf)",M,"47,5589380","7,3067180",68,2019,50.0,1.0,1.0,3.0,2255876,1.0,1,4,1,1.0,,0.0,0,1990.0,B01,138Â 211Â 493,1.0,-1.0,-1.0,1721950,2.0,7,,0.0,2.0,8.0,A01,138Â 211Â 492,0.0
1008800,201900050331,8,21,23:35,3,2,3,1.0,1.0,68240,"134 Rue du Chemin de Fer (illtal, Oberdorf)",M,"47,5589380","7,3067180",68,2019,50.0,1.0,1.0,3.0,2255876,1.0,1,4,1,1.0,,0.0,0,1990.0,B01,138Â 211Â 493,1.0,-1.0,-1.0,1721951,2.0,7,,0.0,2.0,1.0,B01,138Â 211Â 493,0.0
1008801,201900050332,8,23,18:00,1,1,1,1.0,7.0,22236,Pont Plencot,M,"48,6581940"," -2,9857100",22,2019,80.0,3.0,1.0,3.0,2255877,1.0,1,3,2,5.0,,0.0,0,1989.0,A01,138Â 211Â 491,2.0,6.0,-1.0,1721952,1.0,36,,8.0,0.0,0.0,A01,138Â 211Â 491,1.0
1008802,201900050333,8,22,15:15,1,1,1,1.0,1.0,39441,,M,"46,4414540","6,0835000",39,2019,80.0,1.0,1.0,3.0,2255878,2.0,2,3,1,5.0,,0.0,0,1985.0,B01,138Â 211Â 489,1.0,-1.0,-1.0,1721953,2.0,7,,0.0,2.0,3.0,B01,138Â 211Â 489,1.0
1008802,201900050333,8,22,15:15,1,1,1,1.0,1.0,39441,,M,"46,4414540","6,0835000",39,2019,80.0,1.0,1.0,3.0,2255878,2.0,2,3,1,5.0,,0.0,0,1985.0,B01,138Â 211Â 489,1.0,-1.0,-1.0,1721954,1.0,7,,0.0,2.0,3.0,A01,138Â 211Â 490,1.0
1008802,201900050333,8,22,15:15,1,1,1,1.0,1.0,39441,,M,"46,4414540","6,0835000",39,2019,80.0,1.0,1.0,3.0,2255879,1.0,1,3,2,5.0,,0.0,0,1989.0,B01,138Â 211Â 489,1.0,-1.0,-1.0,1721953,2.0,7,,0.0,2.0,3.0,B01,138Â 211Â 489,1.0
1008802,201900050333,8,22,15:15,1,1,1,1.0,1.0,39441,,M,"46,4414540","6,0835000",39,2019,80.0,1.0,1.0,3.0,2255879,1.0,1,3,2,5.0,,0.0,0,1989.0,B01,138Â 211Â 489,1.0,-1.0,-1.0,1721954,1.0,7,,0.0,2.0,3.0,A01,138Â 211Â 490,1.0
1008802,201900050333,8,22,15:15,1,1,1,1.0,1.0,39441,,M,"46,4414540","6,0835000",39,2019,80.0,1.0,1.0,3.0,2255880,3.0,2,1,1,5.0,,0.0,0,2019.0,A01,138Â 211Â 490,3.0,-1.0,-1.0,1721953,2.0,7,,0.0,2.0,3.0,B01,138Â 211Â 489,1.0
1008802,201900050333,8,22,15:15,1,1,1,1.0,1.0,39441,,M,"46,4414540","6,0835000",39,2019,80.0,1.0,1.0,3.0,2255880,3.0,2,1,1,5.0,,0.0,0,2019.0,A01,138Â 211Â 490,3.0,-1.0,-1.0,1721954,1.0,7,,0.0,2.0,3.0,A01,138Â 211Â 490,1.0
1008802,201900050333,8,22,15:15,1,1,1,1.0,1.0,39441,,M,"46,4414540","6,0835000",39,2019,80.0,1.0,1.0,3.0,2255881,1.0,1,3,2,5.0,,0.0,0,1991.0,A01,138Â 211Â 490,1.0,-1.0,-1.0,1721953,2.0,7,,0.0,2.0,3.0,B01,138Â 211Â 489,1.0
1008802,201900050333,8,22,15:15,1,1,1,1.0,1.0,39441,,M,"46,4414540","6,0835000",39,2019,80.0,1.0,1.0,3.0,2255881,1.0,1,3,2,5.0,,0.0,0,1991.0,A01,138Â 211Â 490,1.0,-1.0,-1.0,1721954,1.0,7,,0.0,2.0,3.0,A01,138Â 211Â 490,1.0
1008802,201900050333,8,22,15:15,1,1,1,1.0,1.0,39441,,M,"46,4414540","6,0835000",39,2019,80.0,1.0,1.0,3.0,2255882,2.0,2,4,1,5.0,,0.0,0,1988.0,A01,138Â 211Â 490,1.0,-1.0,-1.0,1721953,2.0,7,,0.0,2.0,3.0,B01,138Â 211Â 489,1.0
1008802,201900050333,8,22,15:15,1,1,1,1.0,1.0,39441,,M,"46,4414540","6,0835000",39,2019,80.0,1.0,1.0,3.0,2255882,2.0,2,4,1,5.0,,0.0,0,1988.0,A01,138Â 211Â 490,1.0,-1.0,-1.0,1721954,1.0,7,,0.0,2.0,3.0,A01,138Â 211Â 490,1.0
1008803,201900050334,8,23,19:20,1,1,1,1.0,1.0,39491,Ancienne commune de Saint Lupicin,M,"46,3890530","5,8037350",39,2019,80.0,1.0,1.0,3.0,2255883,1.0,1,2,1,5.0,,0.0,0,1989.0,A01,138Â 211Â 487,2.0,-1.0,-1.0,1721955,1.0,33,,0.0,2.0,1.0,A01,138Â 211Â 487,1.0
1008803,201900050334,8,23,19:20,1,1,1,1.0,1.0,39491,Ancienne commune de Saint Lupicin,M,"46,3890530","5,8037350",39,2019,80.0,1.0,1.0,3.0,2255883,1.0,1,2,1,5.0,,0.0,0,1989.0,A01,138Â 211Â 487,2.0,-1.0,-1.0,1721956,2.0,7,,0.0,2.0,3.0,B01,138Â 211Â 488,1.0
1008803,201900050334,8,23,19:20,1,1,1,1.0,1.0,39491,Ancienne commune de Saint Lupicin,M,"46,3890530","5,8037350",39,2019,80.0,1.0,1.0,3.0,2255884,2.0,2,1,1,3.0,,0.0,0,1988.0,B01,138Â 211Â 488,1.0,-1.0,-1.0,1721955,1.0,33,,0.0,2.0,1.0,A01,138Â 211Â 487,1.0
1008803,201900050334,8,23,19:20,1,1,1,1.0,1.0,39491,Ancienne commune de Saint Lupicin,M,"46,3890530","5,8037350",39,2019,80.0,1.0,1.0,3.0,2255884,2.0,2,1,1,3.0,,0.0,0,1988.0,B01,138Â 211Â 488,1.0,-1.0,-1.0,1721956,2.0,7,,0.0,2.0,3.0,B01,138Â 211Â 488,1.0
1008803,201900050334,8,23,19:20,1,1,1,1.0,1.0,39491,Ancienne commune de Saint Lupicin,M,"46,3890530","5,8037350",39,2019,80.0,1.0,1.0,3.0,2255885,3.0,2,1,1,3.0,,0.0,0,1980.0,B01,138Â 211Â 488,1.0,-1.0,-1.0,1721955,1.0,33,,0.0,2.0,1.0,A01,138Â 211Â 487,1.0
1008803,201900050334,8,23,19:20,1,1,1,1.0,1.0,39491,Ancienne commune de Saint Lupicin,M,"46,3890530","5,8037350",39,2019,80.0,1.0,1.0,3.0,2255885,3.0,2,1,1,3.0,,0.0,0,1980.0,B01,138Â 211Â 488,1.0,-1.0,-1.0,1721956,2.0,7,,0.0,2.0,3.0,B01,138Â 211Â 488,1.0
1008803,201900050334,8,23,19:20,1,1,1,1.0,1.0,39491,Ancienne commune de Saint Lupicin,M,"46,3890530","5,8037350",39,2019,80.0,1.0,1.0,3.0,2255886,1.0,1,1,1,3.0,,0.0,0,1993.0,B01,138Â 211Â 488,1.0,-1.0,-1.0,1721955,1.0,33,,0.0,2.0,1.0,A01,138Â 211Â 487,1.0
1008803,201900050334,8,23,19:20,1,1,1,1.0,1.0,39491,Ancienne commune de Saint Lupicin,M,"46,3890530","5,8037350",39,2019,80.0,1.0,1.0,3.0,2255886,1.0,1,1,1,3.0,,0.0,0,1993.0,B01,138Â 211Â 488,1.0,-1.0,-1.0,1721956,2.0,7,,0.0,2.0,3.0,B01,138Â 211Â 488,1.0
1008804,201900050335,8,25,11:15,1,1,1,1.0,6.0,39532,,M,"46,4304050","5,3948160",39,2019,80.0,1.0,1.0,3.0,2255887,1.0,1,3,1,5.0,,0.0,0,1973.0,A01,138Â 211Â 486,2.0,-1.0,-1.0,1721957,1.0,33,,0.0,6.0,1.0,A01,138Â 211Â 486,1.0
1008805,201900050336,8,24,18:42,1,1,6,7.0,3.0,25111,Rond point D683,M,"47,2715200","6,0847840",25,2019,-1.0,1.0,1.0,3.0,2255888,1.0,1,3,2,5.0,,0.0,0,1969.0,B01,138Â 211Â 484,4.0,-1.0,-1.0,1721958,2.0,1,,0.0,0.0,4.0,B01,138Â 211Â 484,5.0
1008805,201900050336,8,24,18:42,1,1,6,7.0,3.0,25111,Rond point D683,M,"47,2715200","6,0847840",25,2019,-1.0,1.0,1.0,3.0,2255888,1.0,1,3,2,5.0,,0.0,0,1969.0,B01,138Â 211Â 484,4.0,-1.0,-1.0,1721959,2.0,7,,0.0,9.0,1.0,A01,138Â 211Â 485,1.0
1008805,201900050336,8,24,18:42,1,1,6,7.0,3.0,25111,Rond point D683,M,"47,2715200","6,0847840",25,2019,-1.0,1.0,1.0,3.0,2255889,1.0,1,1,2,5.0,,0.0,0,1997.0,A01,138Â 211Â 485,1.0,-1.0,-1.0,1721958,2.0,1,,0.0,0.0,4.0,B01,138Â 211Â 484,5.0
1008805,201900050336,8,24,18:42,1,1,6,7.0,3.0,25111,Rond point D683,M,"47,2715200","6,0847840",25,2019,-1.0,1.0,1.0,3.0,2255889,1.0,1,1,2,5.0,,0.0,0,1997.0,A01,138Â 211Â 485,1.0,-1.0,-1.0,1721959,2.0,7,,0.0,9.0,1.0,A01,138Â 211Â 485,1.0
1008806,201900050337,8,24,03:30,3,1,1,1.0,6.0,44028,LA ROBINIERE,M,"47,3340720"," -1,3649260",44,2019,80.0,3.0,1.0,3.0,2255890,1.0,1,1,1,5.0,,0.0,0,1990.0,A01,138Â 211Â 483,1.0,-1.0,-1.0,1721960,1.0,7,,13.0,0.0,1.0,A01,138Â 211Â 483,1.0
1008806,201900050337,8,24,03:30,3,1,1,1.0,6.0,44028,LA ROBINIERE,M,"47,3340720"," -1,3649260",44,2019,80.0,3.0,1.0,3.0,2255891,3.0,2,3,2,5.0,,0.0,0,1999.0,A01,138Â 211Â 483,0.0,-1.0,-1.0,1721960,1.0,7,,13.0,0.0,1.0,A01,138Â 211Â 483,1.0
1008806,201900050337,8,24,03:30,3,1,1,1.0,6.0,44028,LA ROBINIERE,M,"47,3340720"," -1,3649260",44,2019,80.0,3.0,1.0,3.0,2255892,2.0,2,1,1,5.0,,0.0,0,1997.0,A01,138Â 211Â 483,1.0,-1.0,-1.0,1721960,1.0,7,,13.0,0.0,1.0,A01,138Â 211Â 483,1.0
1008806,201900050337,8,24,03:30,3,1,1,1.0,6.0,44028,LA ROBINIERE,M,"47,3340720"," -1,3649260",44,2019,80.0,3.0,1.0,3.0,2255893,4.0,2,1,1,5.0,,0.0,0,1994.0,A01,138Â 211Â 483,1.0,-1.0,-1.0,1721960,1.0,7,,13.0,0.0,1.0,A01,138Â 211Â 483,1.0
1008807,201900050338,8,23,15:30,1,2,6,1.0,2.0,29213,rue de saint pol,M,"48,6057310"," -4,1064766",29,2019,50.0,1.0,1.0,3.0,2255894,1.0,1,1,1,5.0,,0.0,0,1971.0,B01,138Â 211Â 481,1.0,-1.0,-1.0,1721961,1.0,7,,0.0,2.0,1.0,B01,138Â 211Â 481,1.0
1008807,201900050338,8,23,15:30,1,2,6,1.0,2.0,29213,rue de saint pol,M,"48,6057310"," -4,1064766",29,2019,50.0,1.0,1.0,3.0,2255894,1.0,1,1,1,5.0,,0.0,0,1971.0,B01,138Â 211Â 481,1.0,-1.0,-1.0,1721962,1.0,7,,0.0,0.0,4.0,A01,138Â 211Â 482,1.0
1008807,201900050338,8,23,15:30,1,2,6,1.0,2.0,29213,rue de saint pol,M,"48,6057310"," -4,1064766",29,2019,50.0,1.0,1.0,3.0,2255895,1.0,1,4,2,5.0,,0.0,0,1962.0,A01,138Â 211Â 482,1.0,-1.0,-1.0,1721961,1.0,7,,0.0,2.0,1.0,B01,138Â 211Â 481,1.0
1008807,201900050338,8,23,15:30,1,2,6,1.0,2.0,29213,rue de saint pol,M,"48,6057310"," -4,1064766",29,2019,50.0,1.0,1.0,3.0,2255895,1.0,1,4,2,5.0,,0.0,0,1962.0,A01,138Â 211Â 482,1.0,-1.0,-1.0,1721962,1.0,7,,0.0,0.0,4.0,A01,138Â 211Â 482,1.0
1008807,201900050338,8,23,15:30,1,2,6,1.0,2.0,29213,rue de saint pol,M,"48,6057310"," -4,1064766",29,2019,50.0,1.0,1.0,3.0,2255896,2.0,2,4,2,5.0,,0.0,0,1989.0,A01,138Â 211Â 482,1.0,-1.0,-1.0,1721961,1.0,7,,0.0,2.0,1.0,B01,138Â 211Â 481,1.0
1008807,201900050338,8,23,15:30,1,2,6,1.0,2.0,29213,rue de saint pol,M,"48,6057310"," -4,1064766",29,2019,50.0,1.0,1.0,3.0,2255896,2.0,2,4,2,5.0,,0.0,0,1989.0,A01,138Â 211Â 482,1.0,-1.0,-1.0,1721962,1.0,7,,0.0,0.0,4.0,A01,138Â 211Â 482,1.0
1008808,201900050339,8,23,01:35,3,1,1,1.0,6.0,31399,Route de Mauzac,M,"43,3712470","1,2801886",31,2019,80.0,3.0,1.0,3.0,2255897,9.0,2,3,1,9.0,,0.0,0,2003.0,A01,138Â 211Â 480,8.0,-1.0,-1.0,1721963,1.0,7,,6.0,0.0,1.0,A01,138Â 211Â 480,1.0
1008808,201900050339,8,23,01:35,3,1,1,1.0,6.0,31399,Route de Mauzac,M,"43,3712470","1,2801886",31,2019,80.0,3.0,1.0,3.0,2255898,8.0,2,4,1,0.0,,0.0,0,2006.0,A01,138Â 211Â 480,8.0,-1.0,-1.0,1721963,1.0,7,,6.0,0.0,1.0,A01,138Â 211Â 480,1.0
1008808,201900050339,8,23,01:35,3,1,1,1.0,6.0,31399,Route de Mauzac,M,"43,3712470","1,2801886",31,2019,80.0,3.0,1.0,3.0,2255899,7.0,2,4,2,9.0,,0.0,0,2004.0,A01,138Â 211Â 480,8.0,-1.0,-1.0,1721963,1.0,7,,6.0,0.0,1.0,A01,138Â 211Â 480,1.0
1008808,201900050339,8,23,01:35,3,1,1,1.0,6.0,31399,Route de Mauzac,M,"43,3712470","1,2801886",31,2019,80.0,3.0,1.0,3.0,2255900,1.0,1,1,1,9.0,,0.0,0,2003.0,A01,138Â 211Â 480,1.0,-1.0,-1.0,1721963,1.0,7,,6.0,0.0,1.0,A01,138Â 211Â 480,1.0
1008808,201900050339,8,23,01:35,3,1,1,1.0,6.0,31399,Route de Mauzac,M,"43,3712470","1,2801886",31,2019,80.0,3.0,1.0,3.0,2255901,2.0,2,3,1,9.0,,0.0,0,2002.0,A01,138Â 211Â 480,8.0,-1.0,-1.0,1721963,1.0,7,,6.0,0.0,1.0,A01,138Â 211Â 480,1.0
1008809,201900050340,8,25,02:16,3,1,1,1.0,6.0,31584,Route dÃ©partementale D22 bondigoux,M,"43,8466250","1,5190890",31,2019,-1.0,1.0,1.0,3.0,2255902,9.0,2,3,1,9.0,,0.0,0,1995.0,A01,138Â 211Â 479,1.0,-1.0,-1.0,1721964,1.0,7,,2.0,0.0,1.0,A01,138Â 211Â 479,0.0
1008809,201900050340,8,25,02:16,3,1,1,1.0,6.0,31584,Route dÃ©partementale D22 bondigoux,M,"43,8466250","1,5190890",31,2019,-1.0,1.0,1.0,3.0,2255903,2.0,2,3,1,9.0,,0.0,0,1995.0,A01,138Â 211Â 479,1.0,-1.0,-1.0,1721964,1.0,7,,2.0,0.0,1.0,A01,138Â 211Â 479,0.0
1008809,201900050340,8,25,02:16,3,1,1,1.0,6.0,31584,Route dÃ©partementale D22 bondigoux,M,"43,8466250","1,5190890",31,2019,-1.0,1.0,1.0,3.0,2255904,1.0,1,4,1,9.0,,0.0,0,1997.0,A01,138Â 211Â 479,1.0,-1.0,-1.0,1721964,1.0,7,,2.0,0.0,1.0,A01,138Â 211Â 479,0.0
1008809,201900050340,8,25,02:16,3,1,1,1.0,6.0,31584,Route dÃ©partementale D22 bondigoux,M,"43,8466250","1,5190890",31,2019,-1.0,1.0,1.0,3.0,2255905,2.0,2,1,1,9.0,,0.0,0,2000.0,A01,138Â 211Â 479,1.0,-1.0,-1.0,1721964,1.0,7,,2.0,0.0,1.0,A01,138Â 211Â 479,0.0
1008809,201900050340,8,25,02:16,3,1,1,1.0,6.0,31584,Route dÃ©partementale D22 bondigoux,M,"43,8466250","1,5190890",31,2019,-1.0,1.0,1.0,3.0,2255906,8.0,2,3,2,9.0,,0.0,0,1995.0,A01,138Â 211Â 479,0.0,-1.0,-1.0,1721964,1.0,7,,2.0,0.0,1.0,A01,138Â 211Â 479,0.0
1008809,201900050340,8,25,02:16,3,1,1,1.0,6.0,31584,Route dÃ©partementale D22 bondigoux,M,"43,8466250","1,5190890",31,2019,-1.0,1.0,1.0,3.0,2255907,7.0,2,4,1,9.0,,0.0,0,1986.0,A01,138Â 211Â 479,1.0,-1.0,-1.0,1721964,1.0,7,,2.0,0.0,1.0,A01,138Â 211Â 479,0.0
1008810,201900050341,8,23,16:00,1,1,1,1.0,1.0,38559,D22,M,"45,2098950","5,4027910",38,2019,80.0,1.0,1.0,3.0,2255908,1.0,1,4,2,0.0,,0.0,0,1973.0,B01,138Â 211Â 477,1.0,-1.0,-1.0,1721965,1.0,7,,0.0,2.0,3.0,B01,138Â 211Â 477,1.0
1008810,201900050341,8,23,16:00,1,1,1,1.0,1.0,38559,D22,M,"45,2098950","5,4027910",38,2019,80.0,1.0,1.0,3.0,2255908,1.0,1,4,2,0.0,,0.0,0,1973.0,B01,138Â 211Â 477,1.0,-1.0,-1.0,1721966,2.0,7,,0.0,2.0,3.0,A01,138Â 211Â 478,1.0
1008810,201900050341,8,23,16:00,1,1,1,1.0,1.0,38559,D22,M,"45,2098950","5,4027910",38,2019,80.0,1.0,1.0,3.0,2255909,1.0,1,3,1,0.0,,0.0,0,1954.0,A01,138Â 211Â 478,0.0,-1.0,-1.0,1721965,1.0,7,,0.0,2.0,3.0,B01,138Â 211Â 477,1.0
1008810,201900050341,8,23,16:00,1,1,1,1.0,1.0,38559,D22,M,"45,2098950","5,4027910",38,2019,80.0,1.0,1.0,3.0,2255909,1.0,1,3,1,0.0,,0.0,0,1954.0,A01,138Â 211Â 478,0.0,-1.0,-1.0,1721966,2.0,7,,0.0,2.0,3.0,A01,138Â 211Â 478,1.0
1008811,201900050342,8,20,23:25,5,1,1,2.0,6.0,38422,Route de GiÃ¨res,M,"45,1497800","5,8251000",38,2019,80.0,3.0,2.0,3.0,2255910,1.0,1,3,1,1.0,,0.0,0,1995.0,A01,138Â 211Â 476,1.0,-1.0,-1.0,1721967,2.0,7,,8.0,0.0,8.0,A01,138Â 211Â 476,1.0
1008812,201900050343,8,23,05:30,3,1,1,1.0,6.0,38182,Route de BiÃ¨vre,M,"45,3938400","5,4164400",38,2019,80.0,8.0,1.0,4.0,2255911,1.0,1,3,1,5.0,,0.0,0,2000.0,A01,138Â 211Â 475,1.0,-1.0,-1.0,1721968,3.0,7,,0.0,0.0,9.0,A01,138Â 211Â 475,1.0
1008812,201900050343,8,23,05:30,3,1,1,1.0,6.0,38182,Route de BiÃ¨vre,M,"45,3938400","5,4164400",38,2019,80.0,8.0,1.0,4.0,2255912,2.0,2,1,1,5.0,,0.0,0,2001.0,A01,138Â 211Â 475,1.0,-1.0,-1.0,1721968,3.0,7,,0.0,0.0,9.0,A01,138Â 211Â 475,1.0
1008813,201900050344,8,19,11:30,1,1,1,1.0,2.0,84020,D943 COL DU POINTU,M,"43,8223340","5,3059300",84,2019,80.0,1.0,1.0,3.0,2255913,1.0,1,4,1,0.0,,0.0,0,1981.0,B01,138Â 211Â 473,2.0,6.0,-1.0,1721969,0.0,33,,0.0,2.0,0.0,B01,138Â 211Â 473,1.0
1008813,201900050344,8,19,11:30,1,1,1,1.0,2.0,84020,D943 COL DU POINTU,M,"43,8223340","5,3059300",84,2019,80.0,1.0,1.0,3.0,2255913,1.0,1,4,1,0.0,,0.0,0,1981.0,B01,138Â 211Â 473,2.0,6.0,-1.0,1721970,0.0,7,,0.0,2.0,0.0,A01,138Â 211Â 474,1.0
1008813,201900050344,8,19,11:30,1,1,1,1.0,2.0,84020,D943 COL DU POINTU,M,"43,8223340","5,3059300",84,2019,80.0,1.0,1.0,3.0,2255914,1.0,1,1,1,1.0,,0.0,0,1974.0,A01,138Â 211Â 474,1.0,-1.0,-1.0,1721969,0.0,33,,0.0,2.0,0.0,B01,138Â 211Â 473,1.0
1008813,201900050344,8,19,11:30,1,1,1,1.0,2.0,84020,D943 COL DU POINTU,M,"43,8223340","5,3059300",84,2019,80.0,1.0,1.0,3.0,2255914,1.0,1,1,1,1.0,,0.0,0,1974.0,A01,138Â 211Â 474,1.0,-1.0,-1.0,1721970,0.0,7,,0.0,2.0,0.0,A01,138Â 211Â 474,1.0
1008814,201900050345,8,24,10:36,1,1,1,1.0,6.0,03014,Clavegry,M,"46,3440093","3,9849585",3,2019,80.0,3.0,1.0,3.0,2255915,1.0,1,2,1,0.0,,0.0,0,1932.0,A01,138Â 211Â 472,0.0,-1.0,-1.0,1721971,1.0,7,,3.0,0.0,1.0,A01,138Â 211Â 472,0.0
1008815,201900050346,8,22,16:20,1,2,1,1.0,7.0,15138,ZA le matinet 15300 MURAT,M,"45,0982120","2,8517530",15,2019,80.0,3.0,1.0,3.0,2255916,1.0,1,3,2,5.0,,0.0,0,1962.0,A01,138Â 211Â 471,2.0,6.0,9.0,1721972,2.0,33,,0.0,0.0,8.0,A01,138Â 211Â 471,1.0
1008816,201900050347,8,22,01:15,3,1,1,1.0,6.0,15216,Montfermier,M,"44,7053450","3,0066460",15,2019,80.0,3.0,1.0,3.0,2255917,1.0,1,3,1,9.0,,0.0,0,1972.0,A01,138Â 211Â 470,2.0,6.0,-1.0,1721973,1.0,31,,15.0,0.0,1.0,A01,138Â 211Â 470,1.0