Unnamed: 0_x,num_acc,mois,jour,hrmn,lum,agg,int,atm,col,com,adr,gps,lat,long,dep,annee,vma,situ,surf,catr,Unnamed: 0_y,place,catu,grav,sexe,trajet,secu,locp,actp,an_nais,num_veh_x,id_vehicule_x,secu1,secu2,secu3,Unnamed: 0,senc,catv,occutc,obs,obsm,choc,num_veh_y,id_vehicule_y,motor
1008817,201900050348,8,23,11:45,1,2,4,1.0,3.0,01022,Rue de la CÃ´te d'Yon,M,"45,8775960","5,6890870",1,2019,50.0,1.0,1.0,3.0,2255918,2.0,2,4,2,5.0,,0.0,0,2009.0,A01,138Â 211Â 468,1.0,-1.0,-1.0,1721974,0.0,7,,0.0,2.0,2.0,A01,138Â 211Â 468,1.0
1008817,201900050348,8,23,11:45,1,2,4,1.0,3.0,01022,Rue de la CÃ´te d'Yon,M,"45,8775960","5,6890870",1,2019,50.0,1.0,1.0,3.0,2255918,2.0,2,4,2,5.0,,0.0,0,2009.0,A01,138Â 211Â 468,1.0,-1.0,-1.0,1721975,0.0,7,,0.0,2.0,2.0,B01,138Â 211Â 469,1.0
1008817,201900050348,8,23,11:45,1,2,4,1.0,3.0,01022,Rue de la CÃ´te d'Yon,M,"45,8775960","5,6890870",1,2019,50.0,1.0,1.0,3.0,2255919,1.0,1,4,1,5.0,,0.0,0,1972.0,A01,138Â 211Â 468,1.0,-1.0,-1.0,1721974,0.0,7,,0.0,2.0,2.0,A01,138Â 211Â 468,1.0
1008817,201900050348,8,23,11:45,1,2,4,1.0,3.0,01022,Rue de la CÃ´te d'Yon,M,"45,8775960","5,6890870",1,2019,50.0,1.0,1.0,3.0,2255919,1.0,1,4,1,5.0,,0.0,0,1972.0,A01,138Â 211Â 468,1.0,-1.0,-1.0,1721975,0.0,7,,0.0,2.0,2.0,B01,138Â 211Â 469,1.0
1008817,201900050348,8,23,11:45,1,2,4,1.0,3.0,01022,Rue de la CÃ´te d'Yon,M,"45,8775960","5,6890870",1,2019,50.0,1.0,1.0,3.0,2255920,1.0,1,3,1,5.0,,0.0,0,1976.0,B01,138Â 211Â 469,1.0,-1.0,-1.0,1721974,0.0,7,,0.0,2.0,2.0,A01,138Â 211Â 468,1.0
1008817,201900050348,8,23,11:45,1,2,4,1.0,3.0,01022,Rue de la CÃ´te d'Yon,M,"45,8775960","5,6890870",1,2019,50.0,1.0,1.0,3.0,2255920,1.0,1,3,1,5.0,,0.0,0,1976.0,B01,138Â 211Â 469,1.0,-1.0,-1.0,1721975,0.0,7,,0.0,2.0,2.0,B01,138Â 211Â 469,1.0
1008818,201900050349,8,24,09:30,1,1,1,1.0,1.0,70473,RN 57 pk 17+500,M,"47,8004001","6,4043528",70,2019,80.0,1.0,1.0,2.0,2255921,1.0,1,1,1,4.0,,0.0,0,1969.0,B01,138Â 211Â 466,1.0,-1.0,-1.0,1721976,1.0,13,,0.0,2.0,1.0,B01,138Â 211Â 466,1.0
1008818,201900050349,8,24,09:30,1,1,1,1.0,1.0,70473,RN 57 pk 17+500,M,"47,8004001","6,4043528",70,2019,80.0,1.0,1.0,2.0,2255921,1.0,1,1,1,4.0,,0.0,0,1969.0,B01,138Â 211Â 466,1.0,-1.0,-1.0,1721977,2.0,7,,0.0,2.0,1.0,A01,138Â 211Â 467,1.0
1008818,201900050349,8,24,09:30,1,1,1,1.0,1.0,70473,RN 57 pk 17+500,M,"47,8004001","6,4043528",70,2019,80.0,1.0,1.0,2.0,2255922,1.0,1,3,2,5.0,,0.0,0,1997.0,A01,138Â 211Â 467,1.0,-1.0,-1.0,1721976,1.0,13,,0.0,2.0,1.0,B01,138Â 211Â 466,1.0
1008818,201900050349,8,24,09:30,1,1,1,1.0,1.0,70473,RN 57 pk 17+500,M,"47,8004001","6,4043528",70,2019,80.0,1.0,1.0,2.0,2255922,1.0,1,3,2,5.0,,0.0,0,1997.0,A01,138Â 211Â 467,1.0,-1.0,-1.0,1721977,2.0,7,,0.0,2.0,1.0,A01,138Â 211Â 467,1.0
1008819,201900050350,8,23,19:15,1,1,1,1.0,6.0,58069,route dÃ©partementale 977B,M,"47,2575520","3,6411610",58,2019,80.0,3.0,9.0,3.0,2255923,1.0,1,3,1,5.0,,0.0,0,1980.0,A01,138Â 211Â 465,2.0,6.0,9.0,1721978,0.0,33,,0.0,0.0,0.0,A01,138Â 211Â 465,1.0
1008820,201900050351,8,23,18:20,1,2,1,1.0,7.0,54129,3 RUE RAYMOND POINCARÃ,M,"48,5822540","6,9463450",54,2019,50.0,4.0,1.0,3.0,2255924,1.0,1,4,1,0.0,,0.0,0,1962.0,A01,138Â 211Â 464,2.0,-1.0,-1.0,1721979,2.0,2,,6.0,0.0,1.0,A01,138Â 211Â 464,0.0
1008821,201900050352,8,24,22:00,3,1,1,1.0,7.0,72353,La GadeliÃ¨re,M,"48,1921860","0,7911090",72,2019,80.0,3.0,1.0,3.0,2255925,9.0,2,4,1,5.0,,0.0,0,1999.0,A01,138Â 211Â 463,1.0,-1.0,-1.0,1721980,2.0,7,,13.0,0.0,3.0,A01,138Â 211Â 463,1.0
1008821,201900050352,8,24,22:00,3,1,1,1.0,7.0,72353,La GadeliÃ¨re,M,"48,1921860","0,7911090",72,2019,80.0,3.0,1.0,3.0,2255926,2.0,2,1,1,5.0,,0.0,0,2000.0,A01,138Â 211Â 463,1.0,-1.0,-1.0,1721980,2.0,7,,13.0,0.0,3.0,A01,138Â 211Â 463,1.0
1008821,201900050352,8,24,22:00,3,1,1,1.0,7.0,72353,La GadeliÃ¨re,M,"48,1921860","0,7911090",72,2019,80.0,3.0,1.0,3.0,2255927,7.0,2,4,2,5.0,,0.0,0,2001.0,A01,138Â 211Â 463,1.0,-1.0,-1.0,1721980,2.0,7,,13.0,0.0,3.0,A01,138Â 211Â 463,1.0
1008821,201900050352,8,24,22:00,3,1,1,1.0,7.0,72353,La GadeliÃ¨re,M,"48,1921860","0,7911090",72,2019,80.0,3.0,1.0,3.0,2255928,1.0,1,3,1,5.0,,0.0,0,2000.0,A01,138Â 211Â 463,1.0,-1.0,-1.0,1721980,2.0,7,,13.0,0.0,3.0,A01,138Â 211Â 463,1.0
1008822,201900050353,8,23,21:30,3,1,1,1.0,1.0,72296,Les ganches,M,"48,0812460","0,6746520",72,2019,80.0,1.0,1.0,3.0,2255929,1.0,1,3,1,1.0,,0.0,0,1964.0,A01,138Â 211Â 461,1.0,-1.0,-1.0,1721981,2.0,7,,0.0,2.0,3.0,A01,138Â 211Â 461,1.0
1008822,201900050353,8,23,21:30,3,1,1,1.0,1.0,72296,Les ganches,M,"48,0812460","0,6746520",72,2019,80.0,1.0,1.0,3.0,2255929,1.0,1,3,1,1.0,,0.0,0,1964.0,A01,138Â 211Â 461,1.0,-1.0,-1.0,1721982,1.0,7,,0.0,2.0,3.0,B01,138Â 211Â 462,1.0
1008822,201900050353,8,23,21:30,3,1,1,1.0,1.0,72296,Les ganches,M,"48,0812460","0,6746520",72,2019,80.0,1.0,1.0,3.0,2255930,1.0,1,4,2,1.0,,0.0,0,2000.0,B01,138Â 211Â 462,1.0,-1.0,-1.0,1721981,2.0,7,,0.0,2.0,3.0,A01,138Â 211Â 461,1.0
1008822,201900050353,8,23,21:30,3,1,1,1.0,1.0,72296,Les ganches,M,"48,0812460","0,6746520",72,2019,80.0,1.0,1.0,3.0,2255930,1.0,1,4,2,1.0,,0.0,0,2000.0,B01,138Â 211Â 462,1.0,-1.0,-1.0,1721982,1.0,7,,0.0,2.0,3.0,B01,138Â 211Â 462,1.0
1008823,201900050354,8,25,09:20,1,1,1,1.0,7.0,06163,RD 6204 PK 38+800,M,"44,1386510","7,5701630",6,2019,80.0,1.0,9.0,3.0,2255931,1.0,1,4,1,0.0,,0.0,0,1977.0,A01,138Â 211Â 460,2.0,6.0,9.0,1721983,1.0,33,,0.0,0.0,0.0,A01,138Â 211Â 460,1.0
1008824,201900050355,8,22,15:40,1,1,1,1.0,7.0,06036,D2566,M,"43,8285370","7,4765590",6,2019,80.0,1.0,1.0,3.0,2255932,1.0,1,4,1,0.0,,0.0,0,1964.0,A01,138Â 211Â 459,2.0,6.0,-1.0,1721984,2.0,33,,0.0,0.0,1.0,A01,138Â 211Â 459,0.0
1008825,201900050356,8,22,15:10,1,2,3,1.0,3.0,14514,rue Laplace,M,"49,2842760","0,2039990",14,2019,50.0,1.0,1.0,4.0,2255933,1.0,1,3,1,0.0,,0.0,0,1974.0,B01,138Â 211Â 457,2.0,-1.0,-1.0,1721985,1.0,34,,0.0,2.0,8.0,B01,138Â 211Â 457,1.0
1008825,201900050356,8,22,15:10,1,2,3,1.0,3.0,14514,rue Laplace,M,"49,2842760","0,2039990",14,2019,50.0,1.0,1.0,4.0,2255933,1.0,1,3,1,0.0,,0.0,0,1974.0,B01,138Â 211Â 457,2.0,-1.0,-1.0,1721986,2.0,7,,0.0,9.0,2.0,A01,138Â 211Â 458,1.0
1008825,201900050356,8,22,15:10,1,2,3,1.0,3.0,14514,rue Laplace,M,"49,2842760","0,2039990",14,2019,50.0,1.0,1.0,4.0,2255934,1.0,1,1,2,5.0,,0.0,0,1983.0,A01,138Â 211Â 458,1.0,-1.0,-1.0,1721985,1.0,34,,0.0,2.0,8.0,B01,138Â 211Â 457,1.0
1008825,201900050356,8,22,15:10,1,2,3,1.0,3.0,14514,rue Laplace,M,"49,2842760","0,2039990",14,2019,50.0,1.0,1.0,4.0,2255934,1.0,1,1,2,5.0,,0.0,0,1983.0,A01,138Â 211Â 458,1.0,-1.0,-1.0,1721986,2.0,7,,0.0,9.0,2.0,A01,138Â 211Â 458,1.0
1008826,201900050357,8,25,17:20,1,1,1,1.0,6.0,14380,D613,M,"49,2323970"," -0,5830330",14,2019,80.0,3.0,1.0,3.0,2255935,1.0,1,3,1,4.0,,0.0,0,1978.0,A01,138Â 211Â 456,2.0,7.0,9.0,1721987,2.0,33,,17.0,0.0,9.0,A01,138Â 211Â 456,1.0
1008827,201900050358,8,25,11:15,1,2,3,1.0,3.0,50349,Rue de la Mer,M,"48,9905280"," -1,5326690",50,2019,50.0,5.0,1.0,3.0,2255936,2.0,2,1,2,0.0,,0.0,0,1936.0,B01,138Â 211Â 454,1.0,-1.0,-1.0,1721988,1.0,7,,0.0,9.0,3.0,B01,138Â 211Â 454,1.0
1008827,201900050358,8,25,11:15,1,2,3,1.0,3.0,50349,Rue de la Mer,M,"48,9905280"," -1,5326690",50,2019,50.0,5.0,1.0,3.0,2255936,2.0,2,1,2,0.0,,0.0,0,1936.0,B01,138Â 211Â 454,1.0,-1.0,-1.0,1721989,0.0,80,,0.0,2.0,6.0,A01,138Â 211Â 455,3.0
1008827,201900050358,8,25,11:15,1,2,3,1.0,3.0,50349,Rue de la Mer,M,"48,9905280"," -1,5326690",50,2019,50.0,5.0,1.0,3.0,2255937,1.0,1,1,1,5.0,,0.0,0,1944.0,B01,138Â 211Â 454,1.0,-1.0,-1.0,1721988,1.0,7,,0.0,9.0,3.0,B01,138Â 211Â 454,1.0
1008827,201900050358,8,25,11:15,1,2,3,1.0,3.0,50349,Rue de la Mer,M,"48,9905280"," -1,5326690",50,2019,50.0,5.0,1.0,3.0,2255937,1.0,1,1,1,5.0,,0.0,0,1944.0,B01,138Â 211Â 454,1.0,-1.0,-1.0,1721989,0.0,80,,0.0,2.0,6.0,A01,138Â 211Â 455,3.0
1008827,201900050358,8,25,11:15,1,2,3,1.0,3.0,50349,Rue de la Mer,M,"48,9905280"," -1,5326690",50,2019,50.0,5.0,1.0,3.0,2255938,1.0,1,3,2,5.0,,0.0,0,1928.0,A01,138Â 211Â 455,0.0,-1.0,-1.0,1721988,1.0,7,,0.0,9.0,3.0,B01,138Â 211Â 454,1.0
1008827,201900050358,8,25,11:15,1,2,3,1.0,3.0,50349,Rue de la Mer,M,"48,9905280"," -1,5326690",50,2019,50.0,5.0,1.0,3.0,2255938,1.0,1,3,2,5.0,,0.0,0,1928.0,A01,138Â 211Â 455,0.0,-1.0,-1.0,1721989,0.0,80,,0.0,2.0,6.0,A01,138Â 211Â 455,3.0
1008828,201900050359,8,24,01:15,3,1,4,1.0,1.0,50551,D900,M,"49,3952210"," -1,5373390",50,2019,80.0,1.0,1.0,3.0,2255939,1.0,1,1,1,1.0,,0.0,0,1990.0,A01,138Â 211Â 452,1.0,-1.0,-1.0,1721990,3.0,7,,0.0,2.0,1.0,A01,138Â 211Â 452,1.0
1008828,201900050359,8,24,01:15,3,1,4,1.0,1.0,50551,D900,M,"49,3952210"," -1,5373390",50,2019,80.0,1.0,1.0,3.0,2255939,1.0,1,1,1,1.0,,0.0,0,1990.0,A01,138Â 211Â 452,1.0,-1.0,-1.0,1721991,3.0,3,,0.0,2.0,3.0,B01,138Â 211Â 453,0.0
1008828,201900050359,8,24,01:15,3,1,4,1.0,1.0,50551,D900,M,"49,3952210"," -1,5373390",50,2019,80.0,1.0,1.0,3.0,2255940,2.0,2,3,1,5.0,,0.0,0,1998.0,B01,138Â 211Â 453,1.0,-1.0,-1.0,1721990,3.0,7,,0.0,2.0,1.0,A01,138Â 211Â 452,1.0
1008828,201900050359,8,24,01:15,3,1,4,1.0,1.0,50551,D900,M,"49,3952210"," -1,5373390",50,2019,80.0,1.0,1.0,3.0,2255940,2.0,2,3,1,5.0,,0.0,0,1998.0,B01,138Â 211Â 453,1.0,-1.0,-1.0,1721991,3.0,3,,0.0,2.0,3.0,B01,138Â 211Â 453,0.0
1008828,201900050359,8,24,01:15,3,1,4,1.0,1.0,50551,D900,M,"49,3952210"," -1,5373390",50,2019,80.0,1.0,1.0,3.0,2255941,1.0,1,3,1,5.0,,0.0,0,2002.0,B01,138Â 211Â 453,1.0,-1.0,-1.0,1721990,3.0,7,,0.0,2.0,1.0,A01,138Â 211Â 452,1.0
1008828,201900050359,8,24,01:15,3,1,4,1.0,1.0,50551,D900,M,"49,3952210"," -1,5373390",50,2019,80.0,1.0,1.0,3.0,2255941,1.0,1,3,1,5.0,,0.0,0,2002.0,B01,138Â 211Â 453,1.0,-1.0,-1.0,1721991,3.0,3,,0.0,2.0,3.0,B01,138Â 211Â 453,0.0
1008829,201900050360,8,23,13:00,1,1,1,1.0,5.0,50480,RD650,M,"49,4883210"," -1,7959690",50,2019,80.0,1.0,1.0,3.0,2255942,1.0,1,3,1,1.0,,0.0,0,1974.0,A01,138Â 211Â 449,1.0,5.0,-1.0,1721992,2.0,7,,0.0,2.0,3.0,A01,138Â 211Â 449,1.0
1008829,201900050360,8,23,13:00,1,1,1,1.0,5.0,50480,RD650,M,"49,4883210"," -1,7959690",50,2019,80.0,1.0,1.0,3.0,2255942,1.0,1,3,1,1.0,,0.0,0,1974.0,A01,138Â 211Â 449,1.0,5.0,-1.0,1721993,1.0,7,,0.0,2.0,1.0,B01,138Â 211Â 450,0.0
1008829,201900050360,8,23,13:00,1,1,1,1.0,5.0,50480,RD650,M,"49,4883210"," -1,7959690",50,2019,80.0,1.0,1.0,3.0,2255942,1.0,1,3,1,1.0,,0.0,0,1974.0,A01,138Â 211Â 449,1.0,5.0,-1.0,1721994,2.0,7,,0.0,2.0,4.0,C01,138Â 211Â 451,0.0
1008829,201900050360,8,23,13:00,1,1,1,1.0,5.0,50480,RD650,M,"49,4883210"," -1,7959690",50,2019,80.0,1.0,1.0,3.0,2255943,1.0,1,1,1,5.0,,0.0,0,1967.0,B01,138Â 211Â 450,1.0,-1.0,-1.0,1721992,2.0,7,,0.0,2.0,3.0,A01,138Â 211Â 449,1.0
1008829,201900050360,8,23,13:00,1,1,1,1.0,5.0,50480,RD650,M,"49,4883210"," -1,7959690",50,2019,80.0,1.0,1.0,3.0,2255943,1.0,1,1,1,5.0,,0.0,0,1967.0,B01,138Â 211Â 450,1.0,-1.0,-1.0,1721993,1.0,7,,0.0,2.0,1.0,B01,138Â 211Â 450,0.0
1008829,201900050360,8,23,13:00,1,1,1,1.0,5.0,50480,RD650,M,"49,4883210"," -1,7959690",50,2019,80.0,1.0,1.0,3.0,2255943,1.0,1,1,1,5.0,,0.0,0,1967.0,B01,138Â 211Â 450,1.0,-1.0,-1.0,1721994,2.0,7,,0.0,2.0,4.0,C01,138Â 211Â 451,0.0
1008829,201900050360,8,23,13:00,1,1,1,1.0,5.0,50480,RD650,M,"49,4883210"," -1,7959690",50,2019,80.0,1.0,1.0,3.0,2255944,2.0,2,1,2,5.0,,0.0,0,2007.0,B01,138Â 211Â 450,1.0,5.0,-1.0,1721992,2.0,7,,0.0,2.0,3.0,A01,138Â 211Â 449,1.0
1008829,201900050360,8,23,13:00,1,1,1,1.0,5.0,50480,RD650,M,"49,4883210"," -1,7959690",50,2019,80.0,1.0,1.0,3.0,2255944,2.0,2,1,2,5.0,,0.0,0,2007.0,B01,138Â 211Â 450,1.0,5.0,-1.0,1721993,1.0,7,,0.0,2.0,1.0,B01,138Â 211Â 450,0.0
1008829,201900050360,8,23,13:00,1,1,1,1.0,5.0,50480,RD650,M,"49,4883210"," -1,7959690",50,2019,80.0,1.0,1.0,3.0,2255944,2.0,2,1,2,5.0,,0.0,0,2007.0,B01,138Â 211Â 450,1.0,5.0,-1.0,1721994,2.0,7,,0.0,2.0,4.0,C01,138Â 211Â 451,0.0
1008829,201900050360,8,23,13:00,1,1,1,1.0,5.0,50480,RD650,M,"49,4883210"," -1,7959690",50,2019,80.0,1.0,1.0,3.0,2255945,1.0,1,1,2,5.0,,0.0,0,1991.0,C01,138Â 211Â 451,1.0,-1.0,-1.0,1721992,2.0,7,,0.0,2.0,3.0,A01,138Â 211Â 449,1.0
1008829,201900050360,8,23,13:00,1,1,1,1.0,5.0,50480,RD650,M,"49,4883210"," -1,7959690",50,2019,80.0,1.0,1.0,3.0,2255945,1.0,1,1,2,5.0,,0.0,0,1991.0,C01,138Â 211Â 451,1.0,-1.0,-1.0,1721993,1.0,7,,0.0,2.0,1.0,B01,138Â 211Â 450,0.0
1008829,201900050360,8,23,13:00,1,1,1,1.0,5.0,50480,RD650,M,"49,4883210"," -1,7959690",50,2019,80.0,1.0,1.0,3.0,2255945,1.0,1,1,2,5.0,,0.0,0,1991.0,C01,138Â 211Â 451,1.0,-1.0,-1.0,1721994,2.0,7,,0.0,2.0,4.0,C01,138Â 211Â 451,0.0
1008829,201900050360,8,23,13:00,1,1,1,1.0,5.0,50480,RD650,M,"49,4883210"," -1,7959690",50,2019,80.0,1.0,1.0,3.0,2255946,2.0,2,1,1,5.0,,0.0,0,1989.0,C01,138Â 211Â 451,1.0,5.0,-1.0,1721992,2.0,7,,0.0,2.0,3.0,A01,138Â 211Â 449,1.0
1008829,201900050360,8,23,13:00,1,1,1,1.0,5.0,50480,RD650,M,"49,4883210"," -1,7959690",50,2019,80.0,1.0,1.0,3.0,2255946,2.0,2,1,1,5.0,,0.0,0,1989.0,C01,138Â 211Â 451,1.0,5.0,-1.0,1721993,1.0,7,,0.0,2.0,1.0,B01,138Â 211Â 450,0.0
1008829,201900050360,8,23,13:00,1,1,1,1.0,5.0,50480,RD650,M,"49,4883210"," -1,7959690",50,2019,80.0,1.0,1.0,3.0,2255946,2.0,2,1,1,5.0,,0.0,0,1989.0,C01,138Â 211Â 451,1.0,5.0,-1.0,1721994,2.0,7,,0.0,2.0,4.0,C01,138Â 211Â 451,0.0
1008829,201900050360,8,23,13:00,1,1,1,1.0,5.0,50480,RD650,M,"49,4883210"," -1,7959690",50,2019,80.0,1.0,1.0,3.0,2255947,7.0,2,1,2,5.0,,0.0,0,2015.0,C01,138Â 211Â 451,1.0,3.0,-1.0,1721992,2.0,7,,0.0,2.0,3.0,A01,138Â 211Â 449,1.0
1008829,201900050360,8,23,13:00,1,1,1,1.0,5.0,50480,RD650,M,"49,4883210"," -1,7959690",50,2019,80.0,1.0,1.0,3.0,2255947,7.0,2,1,2,5.0,,0.0,0,2015.0,C01,138Â 211Â 451,1.0,3.0,-1.0,1721993,1.0,7,,0.0,2.0,1.0,B01,138Â 211Â 450,0.0
1008829,201900050360,8,23,13:00,1,1,1,1.0,5.0,50480,RD650,M,"49,4883210"," -1,7959690",50,2019,80.0,1.0,1.0,3.0,2255947,7.0,2,1,2,5.0,,0.0,0,2015.0,C01,138Â 211Â 451,1.0,3.0,-1.0,1721994,2.0,7,,0.0,2.0,4.0,C01,138Â 211Â 451,0.0
1008830,201900050361,8,23,10:25,1,2,1,1.0,6.0,50487,Rue du Calvaire,M,"48,5234300"," -1,3212410",50,2019,-1.0,8.0,1.0,4.0,2255948,10.0,3,4,2,3.0,,3.0,9,1932.0,A01,138Â 211Â 448,0.0,-1.0,-1.0,1721995,3.0,3,,0.0,1.0,4.0,A01,138Â 211Â 448,3.0
1008830,201900050361,8,23,10:25,1,2,1,1.0,6.0,50487,Rue du Calvaire,M,"48,5234300"," -1,3212410",50,2019,-1.0,8.0,1.0,4.0,2255949,1.0,1,1,2,4.0,,0.0,0,1983.0,A01,138Â 211Â 448,0.0,-1.0,-1.0,1721995,3.0,3,,0.0,1.0,4.0,A01,138Â 211Â 448,3.0
1008831,201900050362,8,25,04:35,4,2,1,1.0,6.0,90052,Place des Mineurs,M,"47,7412760","6,8268800",90,2019,30.0,4.0,1.0,3.0,2255950,2.0,2,3,2,5.0,,0.0,0,1997.0,A01,138Â 211Â 447,8.0,-1.0,-1.0,1721996,1.0,7,,2.0,0.0,1.0,A01,138Â 211Â 447,1.0
1008831,201900050362,8,25,04:35,4,2,1,1.0,6.0,90052,Place des Mineurs,M,"47,7412760","6,8268800",90,2019,30.0,4.0,1.0,3.0,2255951,1.0,1,3,1,5.0,,0.0,0,1991.0,A01,138Â 211Â 447,8.0,-1.0,-1.0,1721996,1.0,7,,2.0,0.0,1.0,A01,138Â 211Â 447,1.0
1008832,201900050363,8,22,18:15,1,1,1,7.0,6.0,45325,RD 2020 - PK 2+0,M,"48,1566770","1,9095861",45,2019,90.0,3.0,1.0,3.0,2255952,1.0,1,3,1,0.0,,0.0,0,1999.0,A01,138Â 211Â 446,1.0,-1.0,-1.0,1721997,1.0,7,,0.0,0.0,8.0,A01,138Â 211Â 446,1.0
1008833,201900050364,8,23,17:35,1,1,3,1.0,3.0,64086,RD 10,M,"43,4018821"," -1,2719653",64,2019,-1.0,1.0,1.0,3.0,2255953,1.0,1,3,1,9.0,,0.0,0,1999.0,B01,138Â 211Â 444,2.0,-1.0,-1.0,1721998,2.0,31,,0.0,2.0,1.0,B01,138Â 211Â 444,1.0
1008833,201900050364,8,23,17:35,1,1,3,1.0,3.0,64086,RD 10,M,"43,4018821"," -1,2719653",64,2019,-1.0,1.0,1.0,3.0,2255953,1.0,1,3,1,9.0,,0.0,0,1999.0,B01,138Â 211Â 444,2.0,-1.0,-1.0,1721999,1.0,7,,0.0,2.0,2.0,A01,138Â 211Â 445,1.0
1008833,201900050364,8,23,17:35,1,1,3,1.0,3.0,64086,RD 10,M,"43,4018821"," -1,2719653",64,2019,-1.0,1.0,1.0,3.0,2255954,2.0,2,1,2,5.0,,0.0,0,1972.0,A01,138Â 211Â 445,1.0,-1.0,-1.0,1721998,2.0,31,,0.0,2.0,1.0,B01,138Â 211Â 444,1.0
1008833,201900050364,8,23,17:35,1,1,3,1.0,3.0,64086,RD 10,M,"43,4018821"," -1,2719653",64,2019,-1.0,1.0,1.0,3.0,2255954,2.0,2,1,2,5.0,,0.0,0,1972.0,A01,138Â 211Â 445,1.0,-1.0,-1.0,1721999,1.0,7,,0.0,2.0,2.0,A01,138Â 211Â 445,1.0
1008833,201900050364,8,23,17:35,1,1,3,1.0,3.0,64086,RD 10,M,"43,4018821"," -1,2719653",64,2019,-1.0,1.0,1.0,3.0,2255955,1.0,1,1,1,5.0,,0.0,0,2002.0,A01,138Â 211Â 445,1.0,-1.0,-1.0,1721998,2.0,31,,0.0,2.0,1.0,B01,138Â 211Â 444,1.0
1008833,201900050364,8,23,17:35,1,1,3,1.0,3.0,64086,RD 10,M,"43,4018821"," -1,2719653",64,2019,-1.0,1.0,1.0,3.0,2255955,1.0,1,1,1,5.0,,0.0,0,2002.0,A01,138Â 211Â 445,1.0,-1.0,-1.0,1721999,1.0,7,,0.0,2.0,2.0,A01,138Â 211Â 445,1.0
1008834,201900050365,8,24,15:15,1,1,1,1.0,7.0,18186,RD 27,M,"47,0877770","2,1770360",18,2019,70.0,3.0,1.0,3.0,2255956,1.0,1,3,1,5.0,,0.0,0,1999.0,A01,138Â 211Â 442,2.0,-1.0,-1.0,1722000,1.0,33,,16.0,0.0,7.0,A01,138Â 211Â 442,1.0
1008835,201900050366,8,15,01:00,3,1,1,1.0,7.0,18190,Route de Preuilly,M,"47,1267720","2,1596990",18,2019,80.0,1.0,1.0,3.0,2255957,1.0,1,3,1,5.0,,0.0,0,1958.0,A01,138Â 211Â 441,2.0,6.0,9.0,1722001,1.0,33,,0.0,0.0,1.0,A01,138Â 211Â 441,1.0
1008836,201900050367,8,21,11:15,1,1,1,1.0,1.0,18189,La concurrence,M,"47,2244705","2,4251888",18,2019,80.0,1.0,1.0,3.0,2255958,1.0,1,4,2,5.0,,0.0,0,1972.0,A01,138Â 211Â 439,8.0,-1.0,-1.0,1722002,2.0,7,,0.0,2.0,3.0,A01,138Â 211Â 439,1.0
1008836,201900050367,8,21,11:15,1,1,1,1.0,1.0,18189,La concurrence,M,"47,2244705","2,4251888",18,2019,80.0,1.0,1.0,3.0,2255958,1.0,1,4,2,5.0,,0.0,0,1972.0,A01,138Â 211Â 439,8.0,-1.0,-1.0,1722003,1.0,7,,0.0,2.0,3.0,B01,138Â 211Â 440,1.0
1008836,201900050367,8,21,11:15,1,1,1,1.0,1.0,18189,La concurrence,M,"47,2244705","2,4251888",18,2019,80.0,1.0,1.0,3.0,2255959,1.0,1,3,2,4.0,,0.0,0,1970.0,B01,138Â 211Â 440,8.0,-1.0,-1.0,1722002,2.0,7,,0.0,2.0,3.0,A01,138Â 211Â 439,1.0
1008836,201900050367,8,21,11:15,1,1,1,1.0,1.0,18189,La concurrence,M,"47,2244705","2,4251888",18,2019,80.0,1.0,1.0,3.0,2255959,1.0,1,3,2,4.0,,0.0,0,1970.0,B01,138Â 211Â 440,8.0,-1.0,-1.0,1722003,1.0,7,,0.0,2.0,3.0,B01,138Â 211Â 440,1.0
1008837,201900050368,8,23,07:35,1,2,2,1.0,6.0,43087,Berthollet,M,"45,2208180","4,3471010",43,2019,50.0,4.0,1.0,3.0,2255960,1.0,1,2,1,0.0,,0.0,0,1931.0,A01,138Â 211Â 438,0.0,-1.0,-1.0,1722004,1.0,7,,6.0,0.0,1.0,A01,138Â 211Â 438,1.0
1008838,201900050369,8,24,14:35,1,2,4,1.0,3.0,10148,10 route de nogent,M,"48,4493220","3,6105360",10,2019,50.0,1.0,1.0,3.0,2255961,1.0,1,3,1,5.0,,0.0,0,2003.0,A01,138Â 211Â 436,2.0,6.0,-1.0,1722005,2.0,2,,0.0,2.0,1.0,A01,138Â 211Â 436,1.0
1008838,201900050369,8,24,14:35,1,2,4,1.0,3.0,10148,10 route de nogent,M,"48,4493220","3,6105360",10,2019,50.0,1.0,1.0,3.0,2255961,1.0,1,3,1,5.0,,0.0,0,2003.0,A01,138Â 211Â 436,2.0,6.0,-1.0,1722006,1.0,7,,0.0,0.0,8.0,B01,138Â 211Â 437,1.0
1008838,201900050369,8,24,14:35,1,2,4,1.0,3.0,10148,10 route de nogent,M,"48,4493220","3,6105360",10,2019,50.0,1.0,1.0,3.0,2255962,1.0,1,1,2,0.0,,0.0,0,1967.0,B01,138Â 211Â 437,1.0,-1.0,-1.0,1722005,2.0,2,,0.0,2.0,1.0,A01,138Â 211Â 436,1.0