Unnamed: 0_x,num_acc,mois,jour,hrmn,lum,agg,int,atm,col,com,adr,gps,lat,long,dep,annee,vma,situ,surf,catr,Unnamed: 0_y,place,catu,grav,sexe,trajet,secu,locp,actp,an_nais,num_veh_x,id_vehicule_x,secu1,secu2,secu3,Unnamed: 0,senc,catv,occutc,obs,obsm,choc,num_veh_y,id_vehicule_y,motor
1008838,201900050369,8,24,14:35,1,2,4,1.0,3.0,10148,10 route de nogent,M,"48,4493220","3,6105360",10,2019,50.0,1.0,1.0,3.0,2255962,1.0,1,1,2,0.0,,0.0,0,1967.0,B01,138Â 211Â 437,1.0,-1.0,-1.0,1722006,1.0,7,,0.0,0.0,8.0,B01,138Â 211Â 437,1.0
1008839,201900050370,8,23,10:30,1,1,1,1.0,6.0,10193,D960 PK 28+100,M,"48,4268540","4,4139940",10,2019,80.0,1.0,1.0,3.0,2255963,1.0,1,3,2,5.0,,0.0,0,1973.0,A01,138Â 211Â 435,1.0,-1.0,-1.0,1722007,2.0,7,,2.0,0.0,1.0,A01,138Â 211Â 435,6.0
1008840,201900050371,8,24,19:25,1,1,2,1.0,3.0,36232,carrefour du guÃ© rossignol,M,"46,7719830","1,3840983",36,2019,80.0,1.0,1.0,3.0,2255964,2.0,2,4,2,5.0,,0.0,0,1957.0,A01,138Â 211Â 433,1.0,-1.0,-1.0,1722008,2.0,7,,0.0,2.0,8.0,A01,138Â 211Â 433,1.0
1008840,201900050371,8,24,19:25,1,1,2,1.0,3.0,36232,carrefour du guÃ© rossignol,M,"46,7719830","1,3840983",36,2019,80.0,1.0,1.0,3.0,2255964,2.0,2,4,2,5.0,,0.0,0,1957.0,A01,138Â 211Â 433,1.0,-1.0,-1.0,1722009,2.0,7,,0.0,2.0,1.0,B01,138Â 211Â 434,1.0
1008840,201900050371,8,24,19:25,1,1,2,1.0,3.0,36232,carrefour du guÃ© rossignol,M,"46,7719830","1,3840983",36,2019,80.0,1.0,1.0,3.0,2255965,1.0,1,1,1,5.0,,0.0,0,1954.0,A01,138Â 211Â 433,1.0,-1.0,-1.0,1722008,2.0,7,,0.0,2.0,8.0,A01,138Â 211Â 433,1.0
1008840,201900050371,8,24,19:25,1,1,2,1.0,3.0,36232,carrefour du guÃ© rossignol,M,"46,7719830","1,3840983",36,2019,80.0,1.0,1.0,3.0,2255965,1.0,1,1,1,5.0,,0.0,0,1954.0,A01,138Â 211Â 433,1.0,-1.0,-1.0,1722009,2.0,7,,0.0,2.0,1.0,B01,138Â 211Â 434,1.0
1008840,201900050371,8,24,19:25,1,1,2,1.0,3.0,36232,carrefour du guÃ© rossignol,M,"46,7719830","1,3840983",36,2019,80.0,1.0,1.0,3.0,2255966,1.0,1,1,1,5.0,,0.0,0,1995.0,B01,138Â 211Â 434,1.0,-1.0,-1.0,1722008,2.0,7,,0.0,2.0,8.0,A01,138Â 211Â 433,1.0
1008840,201900050371,8,24,19:25,1,1,2,1.0,3.0,36232,carrefour du guÃ© rossignol,M,"46,7719830","1,3840983",36,2019,80.0,1.0,1.0,3.0,2255966,1.0,1,1,1,5.0,,0.0,0,1995.0,B01,138Â 211Â 434,1.0,-1.0,-1.0,1722009,2.0,7,,0.0,2.0,1.0,B01,138Â 211Â 434,1.0
1008841,201900050372,8,25,01:30,3,1,1,1.0,7.0,07073,le pont de ratier,M,"45,0125720","4,6657130",7,2019,80.0,8.0,1.0,3.0,2255967,1.0,1,4,1,5.0,,0.0,0,1967.0,A01,138Â 211Â 432,1.0,-1.0,-1.0,1722010,0.0,7,,0.0,0.0,0.0,A01,138Â 211Â 432,1.0
1008842,201900050373,8,23,18:55,1,2,2,1.0,3.0,40312,14 boulevard Jacques Duclos 40220,M,"43,5408480"," -1,4608680",40,2019,50.0,1.0,1.0,3.0,2255968,1.0,1,3,2,5.0,,0.0,0,2002.0,B01,138Â 211Â 429,2.0,-1.0,-1.0,1722011,1.0,2,,0.0,2.0,8.0,B01,138Â 211Â 429,1.0
1008842,201900050373,8,23,18:55,1,2,2,1.0,3.0,40312,14 boulevard Jacques Duclos 40220,M,"43,5408480"," -1,4608680",40,2019,50.0,1.0,1.0,3.0,2255968,1.0,1,3,2,5.0,,0.0,0,2002.0,B01,138Â 211Â 429,2.0,-1.0,-1.0,1722012,1.0,7,,0.0,2.0,1.0,A01,138Â 211Â 430,1.0
1008842,201900050373,8,23,18:55,1,2,2,1.0,3.0,40312,14 boulevard Jacques Duclos 40220,M,"43,5408480"," -1,4608680",40,2019,50.0,1.0,1.0,3.0,2255969,1.0,1,1,2,5.0,,0.0,0,1962.0,A01,138Â 211Â 430,1.0,-1.0,-1.0,1722011,1.0,2,,0.0,2.0,8.0,B01,138Â 211Â 429,1.0
1008842,201900050373,8,23,18:55,1,2,2,1.0,3.0,40312,14 boulevard Jacques Duclos 40220,M,"43,5408480"," -1,4608680",40,2019,50.0,1.0,1.0,3.0,2255969,1.0,1,1,2,5.0,,0.0,0,1962.0,A01,138Â 211Â 430,1.0,-1.0,-1.0,1722012,1.0,7,,0.0,2.0,1.0,A01,138Â 211Â 430,1.0
1008843,201900050374,8,24,12:20,1,1,1,1.0,1.0,40093,route departementale 59,M,"44,0128350","0,0425120",40,2019,80.0,1.0,1.0,3.0,2255970,1.0,1,3,1,5.0,,0.0,0,1995.0,B01,138Â 211Â 427,1.0,-1.0,-1.0,1722013,3.0,7,,0.0,2.0,3.0,B01,138Â 211Â 427,1.0
1008843,201900050374,8,24,12:20,1,1,1,1.0,1.0,40093,route departementale 59,M,"44,0128350","0,0425120",40,2019,80.0,1.0,1.0,3.0,2255970,1.0,1,3,1,5.0,,0.0,0,1995.0,B01,138Â 211Â 427,1.0,-1.0,-1.0,1722014,3.0,10,,8.0,2.0,3.0,A01,138Â 211Â 428,1.0
1008843,201900050374,8,24,12:20,1,1,1,1.0,1.0,40093,route departementale 59,M,"44,0128350","0,0425120",40,2019,80.0,1.0,1.0,3.0,2255971,1.0,1,4,1,4.0,,0.0,0,1989.0,A01,138Â 211Â 428,1.0,-1.0,-1.0,1722013,3.0,7,,0.0,2.0,3.0,B01,138Â 211Â 427,1.0
1008843,201900050374,8,24,12:20,1,1,1,1.0,1.0,40093,route departementale 59,M,"44,0128350","0,0425120",40,2019,80.0,1.0,1.0,3.0,2255971,1.0,1,4,1,4.0,,0.0,0,1989.0,A01,138Â 211Â 428,1.0,-1.0,-1.0,1722014,3.0,10,,8.0,2.0,3.0,A01,138Â 211Â 428,1.0
1008844,201900050375,8,22,14:30,1,1,4,8.0,1.0,04208,RD 118 / RD 18 Le Petit Chavon,M,"44,0096270","5,5363080",4,2019,80.0,1.0,1.0,3.0,2255972,1.0,1,4,1,4.0,,0.0,0,1969.0,A01,138Â 211Â 425,1.0,-1.0,-1.0,1722015,1.0,14,,0.0,2.0,1.0,A01,138Â 211Â 425,1.0
1008844,201900050375,8,22,14:30,1,1,4,8.0,1.0,04208,RD 118 / RD 18 Le Petit Chavon,M,"44,0096270","5,5363080",4,2019,80.0,1.0,1.0,3.0,2255972,1.0,1,4,1,4.0,,0.0,0,1969.0,A01,138Â 211Â 425,1.0,-1.0,-1.0,1722016,1.0,7,,0.0,2.0,1.0,B01,138Â 211Â 426,1.0
1008844,201900050375,8,22,14:30,1,1,4,8.0,1.0,04208,RD 118 / RD 18 Le Petit Chavon,M,"44,0096270","5,5363080",4,2019,80.0,1.0,1.0,3.0,2255973,2.0,2,2,2,3.0,,0.0,0,1942.0,B01,138Â 211Â 426,1.0,-1.0,-1.0,1722015,1.0,14,,0.0,2.0,1.0,A01,138Â 211Â 425,1.0
1008844,201900050375,8,22,14:30,1,1,4,8.0,1.0,04208,RD 118 / RD 18 Le Petit Chavon,M,"44,0096270","5,5363080",4,2019,80.0,1.0,1.0,3.0,2255973,2.0,2,2,2,3.0,,0.0,0,1942.0,B01,138Â 211Â 426,1.0,-1.0,-1.0,1722016,1.0,7,,0.0,2.0,1.0,B01,138Â 211Â 426,1.0
1008844,201900050375,8,22,14:30,1,1,4,8.0,1.0,04208,RD 118 / RD 18 Le Petit Chavon,M,"44,0096270","5,5363080",4,2019,80.0,1.0,1.0,3.0,2255974,1.0,1,2,1,3.0,,0.0,0,1938.0,B01,138Â 211Â 426,1.0,-1.0,-1.0,1722015,1.0,14,,0.0,2.0,1.0,A01,138Â 211Â 425,1.0
1008844,201900050375,8,22,14:30,1,1,4,8.0,1.0,04208,RD 118 / RD 18 Le Petit Chavon,M,"44,0096270","5,5363080",4,2019,80.0,1.0,1.0,3.0,2255974,1.0,1,2,1,3.0,,0.0,0,1938.0,B01,138Â 211Â 426,1.0,-1.0,-1.0,1722016,1.0,7,,0.0,2.0,1.0,B01,138Â 211Â 426,1.0
1008845,201900050376,8,23,18:00,1,1,1,1.0,7.0,85234,248 route de Notre Dame de Monts,M,"46,8097490"," -2,1099170",85,2019,70.0,1.0,1.0,3.0,2255975,1.0,1,4,1,1.0,,0.0,0,1985.0,A01,138Â 211Â 424,2.0,6.0,-1.0,1722017,1.0,32,,0.0,0.0,0.0,A01,138Â 211Â 424,1.0
1008846,201900050377,8,24,13:20,1,1,1,1.0,6.0,85232,Le Combey,M,"46,6701200"," -1,1834700",85,2019,80.0,1.0,1.0,3.0,2255976,1.0,1,3,1,5.0,,0.0,0,2000.0,A01,138Â 211Â 423,2.0,6.0,9.0,1722018,2.0,33,,5.0,0.0,9.0,A01,138Â 211Â 423,1.0
1008847,201900050378,8,23,16:10,1,2,3,1.0,3.0,85008,Grand Rue,M,"46,6015700"," -1,4526100",85,2019,30.0,1.0,1.0,3.0,2255977,1.0,1,1,2,5.0,,0.0,0,1978.0,B01,138Â 211Â 421,1.0,-1.0,-1.0,1722019,2.0,7,,0.0,2.0,3.0,B01,138Â 211Â 421,1.0
1008847,201900050378,8,23,16:10,1,2,3,1.0,3.0,85008,Grand Rue,M,"46,6015700"," -1,4526100",85,2019,30.0,1.0,1.0,3.0,2255977,1.0,1,1,2,5.0,,0.0,0,1978.0,B01,138Â 211Â 421,1.0,-1.0,-1.0,1722020,2.0,2,,0.0,2.0,1.0,A01,138Â 211Â 422,1.0
1008847,201900050378,8,23,16:10,1,2,3,1.0,3.0,85008,Grand Rue,M,"46,6015700"," -1,4526100",85,2019,30.0,1.0,1.0,3.0,2255978,2.0,2,4,1,5.0,,0.0,0,2002.0,A01,138Â 211Â 422,2.0,-1.0,-1.0,1722019,2.0,7,,0.0,2.0,3.0,B01,138Â 211Â 421,1.0
1008847,201900050378,8,23,16:10,1,2,3,1.0,3.0,85008,Grand Rue,M,"46,6015700"," -1,4526100",85,2019,30.0,1.0,1.0,3.0,2255978,2.0,2,4,1,5.0,,0.0,0,2002.0,A01,138Â 211Â 422,2.0,-1.0,-1.0,1722020,2.0,2,,0.0,2.0,1.0,A01,138Â 211Â 422,1.0
1008847,201900050378,8,23,16:10,1,2,3,1.0,3.0,85008,Grand Rue,M,"46,6015700"," -1,4526100",85,2019,30.0,1.0,1.0,3.0,2255979,1.0,1,3,1,5.0,,0.0,0,2003.0,A01,138Â 211Â 422,2.0,-1.0,-1.0,1722019,2.0,7,,0.0,2.0,3.0,B01,138Â 211Â 421,1.0
1008847,201900050378,8,23,16:10,1,2,3,1.0,3.0,85008,Grand Rue,M,"46,6015700"," -1,4526100",85,2019,30.0,1.0,1.0,3.0,2255979,1.0,1,3,1,5.0,,0.0,0,2003.0,A01,138Â 211Â 422,2.0,-1.0,-1.0,1722020,2.0,2,,0.0,2.0,1.0,A01,138Â 211Â 422,1.0
1008848,201900050379,8,25,17:20,1,1,1,1.0,6.0,27370,RD.2,M,"49,3573920","1,4576880",27,2019,80.0,3.0,1.0,3.0,2255980,1.0,1,3,1,5.0,,0.0,0,1990.0,A01,138Â 211Â 420,2.0,-1.0,-1.0,1722021,1.0,33,,15.0,0.0,0.0,A01,138Â 211Â 420,1.0
1008849,201900050380,7,27,23:15,3,1,1,1.0,7.0,37184,RÃ©,M,"46,9168870","0,9029410",37,2019,80.0,3.0,1.0,3.0,2255981,1.0,1,1,1,5.0,,0.0,0,1990.0,A01,138Â 211Â 418,1.0,-1.0,-1.0,1722022,2.0,7,,13.0,0.0,1.0,A01,138Â 211Â 418,1.0
1008849,201900050380,7,27,23:15,3,1,1,1.0,7.0,37184,RÃ©,M,"46,9168870","0,9029410",37,2019,80.0,3.0,1.0,3.0,2255982,2.0,2,1,2,5.0,,0.0,0,1995.0,A01,138Â 211Â 418,1.0,-1.0,-1.0,1722022,2.0,7,,13.0,0.0,1.0,A01,138Â 211Â 418,1.0
1008849,201900050380,7,27,23:15,3,1,1,1.0,7.0,37184,RÃ©,M,"46,9168870","0,9029410",37,2019,80.0,3.0,1.0,3.0,2255983,9.0,2,1,2,5.0,,0.0,0,2016.0,A01,138Â 211Â 418,1.0,3.0,-1.0,1722022,2.0,7,,13.0,0.0,1.0,A01,138Â 211Â 418,1.0
1008849,201900050380,7,27,23:15,3,1,1,1.0,7.0,37184,RÃ©,M,"46,9168870","0,9029410",37,2019,80.0,3.0,1.0,3.0,2255984,7.0,2,3,2,5.0,,0.0,0,1973.0,A01,138Â 211Â 418,0.0,-1.0,-1.0,1722022,2.0,7,,13.0,0.0,1.0,A01,138Â 211Â 418,1.0
1008850,201900050381,8,22,19:00,1,1,1,1.0,2.0,30114,RD 6110 PK 6+335,M,"43,8183650","4,0957120",30,2019,80.0,1.0,1.0,3.0,2255985,1.0,1,1,1,5.0,,0.0,0,1975.0,B01,138Â 211Â 416,1.0,-1.0,-1.0,1722023,2.0,7,,0.0,2.0,5.0,B01,138Â 211Â 416,1.0
1008850,201900050381,8,22,19:00,1,1,1,1.0,2.0,30114,RD 6110 PK 6+335,M,"43,8183650","4,0957120",30,2019,80.0,1.0,1.0,3.0,2255985,1.0,1,1,1,5.0,,0.0,0,1975.0,B01,138Â 211Â 416,1.0,-1.0,-1.0,1722024,2.0,33,,0.0,2.0,1.0,A01,138Â 211Â 417,1.0
1008850,201900050381,8,22,19:00,1,1,1,1.0,2.0,30114,RD 6110 PK 6+335,M,"43,8183650","4,0957120",30,2019,80.0,1.0,1.0,3.0,2255986,1.0,1,3,1,5.0,,0.0,0,1973.0,A01,138Â 211Â 417,2.0,6.0,-1.0,1722023,2.0,7,,0.0,2.0,5.0,B01,138Â 211Â 416,1.0
1008850,201900050381,8,22,19:00,1,1,1,1.0,2.0,30114,RD 6110 PK 6+335,M,"43,8183650","4,0957120",30,2019,80.0,1.0,1.0,3.0,2255986,1.0,1,3,1,5.0,,0.0,0,1973.0,A01,138Â 211Â 417,2.0,6.0,-1.0,1722024,2.0,33,,0.0,2.0,1.0,A01,138Â 211Â 417,1.0
1008850,201900050381,8,22,19:00,1,1,1,1.0,2.0,30114,RD 6110 PK 6+335,M,"43,8183650","4,0957120",30,2019,80.0,1.0,1.0,3.0,2255987,2.0,2,4,2,5.0,,0.0,0,1974.0,A01,138Â 211Â 417,2.0,6.0,9.0,1722023,2.0,7,,0.0,2.0,5.0,B01,138Â 211Â 416,1.0
1008850,201900050381,8,22,19:00,1,1,1,1.0,2.0,30114,RD 6110 PK 6+335,M,"43,8183650","4,0957120",30,2019,80.0,1.0,1.0,3.0,2255987,2.0,2,4,2,5.0,,0.0,0,1974.0,A01,138Â 211Â 417,2.0,6.0,9.0,1722024,2.0,33,,0.0,2.0,1.0,A01,138Â 211Â 417,1.0
1008851,201900050382,8,20,15:50,1,2,1,1.0,6.0,30263,Avenue de la 1Ã¨re ArmÃ©e,M,"43,9629390","3,8512230",30,2019,50.0,3.0,1.0,3.0,2255988,1.0,1,2,1,5.0,,0.0,0,1928.0,A01,138Â 211Â 415,1.0,-1.0,-1.0,1722025,1.0,7,,8.0,0.0,1.0,A01,138Â 211Â 415,1.0
1008852,201900050383,8,25,16:30,1,1,1,1.0,7.0,48115,"RD9, PR:008+910",M,"44,1976630","3,6377600",48,2019,80.0,1.0,1.0,3.0,2255989,1.0,1,4,2,5.0,,0.0,0,1966.0,A01,138Â 211Â 414,2.0,6.0,-1.0,1722026,1.0,33,,0.0,0.0,8.0,A01,138Â 211Â 414,1.0
1008853,201900050384,8,25,08:00,1,1,1,1.0,7.0,48086,Pranlac,M,"44,6343420","3,8947810",48,2019,80.0,8.0,1.0,3.0,2255990,1.0,1,4,1,5.0,,0.0,0,1966.0,A01,138Â 211Â 413,1.0,-1.0,-1.0,1722027,1.0,7,,16.0,0.0,0.0,A01,138Â 211Â 413,1.0
1008854,201900050385,8,24,15:30,1,1,1,1.0,6.0,48027,"RD120, CHASSERADES",M,"44,5322680","3,7940960",48,2019,80.0,8.0,1.0,3.0,2255991,1.0,1,3,1,5.0,,0.0,0,1966.0,A01,138Â 211Â 412,2.0,6.0,9.0,1722028,1.0,33,,13.0,0.0,9.0,A01,138Â 211Â 412,1.0
1008855,201900050386,8,24,07:25,2,1,1,1.0,3.0,72129,A11 pk 160 sens paris-le mans,M,"48,0533770","0,3287650",72,2019,130.0,1.0,1.0,1.0,2255992,1.0,1,1,2,9.0,,0.0,0,1999.0,B01,138Â 211Â 410,1.0,-1.0,-1.0,1722029,1.0,7,,0.0,2.0,2.0,B01,138Â 211Â 410,0.0
1008855,201900050386,8,24,07:25,2,1,1,1.0,3.0,72129,A11 pk 160 sens paris-le mans,M,"48,0533770","0,3287650",72,2019,130.0,1.0,1.0,1.0,2255992,1.0,1,1,2,9.0,,0.0,0,1999.0,B01,138Â 211Â 410,1.0,-1.0,-1.0,1722030,1.0,7,,4.0,2.0,3.0,A01,138Â 211Â 411,0.0
1008855,201900050386,8,24,07:25,2,1,1,1.0,3.0,72129,A11 pk 160 sens paris-le mans,M,"48,0533770","0,3287650",72,2019,130.0,1.0,1.0,1.0,2255993,2.0,2,1,1,0.0,,0.0,0,1997.0,B01,138Â 211Â 410,1.0,-1.0,-1.0,1722029,1.0,7,,0.0,2.0,2.0,B01,138Â 211Â 410,0.0
1008855,201900050386,8,24,07:25,2,1,1,1.0,3.0,72129,A11 pk 160 sens paris-le mans,M,"48,0533770","0,3287650",72,2019,130.0,1.0,1.0,1.0,2255993,2.0,2,1,1,0.0,,0.0,0,1997.0,B01,138Â 211Â 410,1.0,-1.0,-1.0,1722030,1.0,7,,4.0,2.0,3.0,A01,138Â 211Â 411,0.0
1008855,201900050386,8,24,07:25,2,1,1,1.0,3.0,72129,A11 pk 160 sens paris-le mans,M,"48,0533770","0,3287650",72,2019,130.0,1.0,1.0,1.0,2255994,2.0,2,3,1,0.0,,0.0,0,1943.0,A01,138Â 211Â 411,1.0,-1.0,-1.0,1722029,1.0,7,,0.0,2.0,2.0,B01,138Â 211Â 410,0.0
1008855,201900050386,8,24,07:25,2,1,1,1.0,3.0,72129,A11 pk 160 sens paris-le mans,M,"48,0533770","0,3287650",72,2019,130.0,1.0,1.0,1.0,2255994,2.0,2,3,1,0.0,,0.0,0,1943.0,A01,138Â 211Â 411,1.0,-1.0,-1.0,1722030,1.0,7,,4.0,2.0,3.0,A01,138Â 211Â 411,0.0
1008855,201900050386,8,24,07:25,2,1,1,1.0,3.0,72129,A11 pk 160 sens paris-le mans,M,"48,0533770","0,3287650",72,2019,130.0,1.0,1.0,1.0,2255995,1.0,1,3,2,0.0,,0.0,0,1946.0,A01,138Â 211Â 411,1.0,-1.0,-1.0,1722029,1.0,7,,0.0,2.0,2.0,B01,138Â 211Â 410,0.0
1008855,201900050386,8,24,07:25,2,1,1,1.0,3.0,72129,A11 pk 160 sens paris-le mans,M,"48,0533770","0,3287650",72,2019,130.0,1.0,1.0,1.0,2255995,1.0,1,3,2,0.0,,0.0,0,1946.0,A01,138Â 211Â 411,1.0,-1.0,-1.0,1722030,1.0,7,,4.0,2.0,3.0,A01,138Â 211Â 411,0.0
1008856,201900050387,8,25,03:35,3,1,1,1.0,2.0,10076,AUTOROUTE A5,M,"48,1299270","4,6672480",10,2019,130.0,1.0,1.0,1.0,2255996,2.0,2,1,2,5.0,,0.0,0,1929.0,B01,138Â 211Â 408,1.0,-1.0,-1.0,1722031,2.0,7,,0.0,0.0,4.0,B01,138Â 211Â 408,1.0
1008856,201900050387,8,25,03:35,3,1,1,1.0,2.0,10076,AUTOROUTE A5,M,"48,1299270","4,6672480",10,2019,130.0,1.0,1.0,1.0,2255996,2.0,2,1,2,5.0,,0.0,0,1929.0,B01,138Â 211Â 408,1.0,-1.0,-1.0,1722032,2.0,7,,3.0,2.0,1.0,A01,138Â 211Â 409,1.0
1008856,201900050387,8,25,03:35,3,1,1,1.0,2.0,10076,AUTOROUTE A5,M,"48,1299270","4,6672480",10,2019,130.0,1.0,1.0,1.0,2255997,1.0,1,1,1,5.0,,0.0,0,1952.0,B01,138Â 211Â 408,1.0,-1.0,-1.0,1722031,2.0,7,,0.0,0.0,4.0,B01,138Â 211Â 408,1.0
1008856,201900050387,8,25,03:35,3,1,1,1.0,2.0,10076,AUTOROUTE A5,M,"48,1299270","4,6672480",10,2019,130.0,1.0,1.0,1.0,2255997,1.0,1,1,1,5.0,,0.0,0,1952.0,B01,138Â 211Â 408,1.0,-1.0,-1.0,1722032,2.0,7,,3.0,2.0,1.0,A01,138Â 211Â 409,1.0
1008856,201900050387,8,25,03:35,3,1,1,1.0,2.0,10076,AUTOROUTE A5,M,"48,1299270","4,6672480",10,2019,130.0,1.0,1.0,1.0,2255998,1.0,1,3,1,5.0,,0.0,0,1937.0,A01,138Â 211Â 409,1.0,-1.0,-1.0,1722031,2.0,7,,0.0,0.0,4.0,B01,138Â 211Â 408,1.0
1008856,201900050387,8,25,03:35,3,1,1,1.0,2.0,10076,AUTOROUTE A5,M,"48,1299270","4,6672480",10,2019,130.0,1.0,1.0,1.0,2255998,1.0,1,3,1,5.0,,0.0,0,1937.0,A01,138Â 211Â 409,1.0,-1.0,-1.0,1722032,2.0,7,,3.0,2.0,1.0,A01,138Â 211Â 409,1.0
1008857,201900050388,8,21,11:10,1,1,1,1.0,6.0,53045,A81,M,"48,0797191"," -1,0022475",53,2019,130.0,1.0,1.0,1.0,2255999,2.0,2,3,1,5.0,,0.0,0,1947.0,A01,138Â 211Â 402,1.0,-1.0,-1.0,1722033,1.0,7,,3.0,0.0,1.0,A01,138Â 211Â 402,1.0
1008857,201900050388,8,21,11:10,1,1,1,1.0,6.0,53045,A81,M,"48,0797191"," -1,0022475",53,2019,130.0,1.0,1.0,1.0,2256000,1.0,1,1,2,5.0,,0.0,0,1951.0,A01,138Â 211Â 402,1.0,-1.0,-1.0,1722033,1.0,7,,3.0,0.0,1.0,A01,138Â 211Â 402,1.0
1008858,201900050389,8,2,21:45,3,1,1,1.0,5.0,68300,a35 - PK 99+273,M,"47,7861770","7,4015850",68,2019,110.0,1.0,1.0,1.0,2256001,1.0,1,1,2,5.0,,0.0,0,2001.0,A01,138Â 211Â 399,1.0,-1.0,-1.0,1722034,2.0,7,,0.0,2.0,1.0,A01,138Â 211Â 399,1.0
1008858,201900050389,8,2,21:45,3,1,1,1.0,5.0,68300,a35 - PK 99+273,M,"47,7861770","7,4015850",68,2019,110.0,1.0,1.0,1.0,2256001,1.0,1,1,2,5.0,,0.0,0,2001.0,A01,138Â 211Â 399,1.0,-1.0,-1.0,1722035,2.0,7,,0.0,2.0,1.0,B01,138Â 211Â 400,1.0
1008858,201900050389,8,2,21:45,3,1,1,1.0,5.0,68300,a35 - PK 99+273,M,"47,7861770","7,4015850",68,2019,110.0,1.0,1.0,1.0,2256001,1.0,1,1,2,5.0,,0.0,0,2001.0,A01,138Â 211Â 399,1.0,-1.0,-1.0,1722036,2.0,7,,0.0,0.0,4.0,C01,138Â 211Â 401,1.0
1008858,201900050389,8,2,21:45,3,1,1,1.0,5.0,68300,a35 - PK 99+273,M,"47,7861770","7,4015850",68,2019,110.0,1.0,1.0,1.0,2256002,1.0,1,4,2,5.0,,0.0,0,2000.0,B01,138Â 211Â 400,1.0,-1.0,-1.0,1722034,2.0,7,,0.0,2.0,1.0,A01,138Â 211Â 399,1.0
1008858,201900050389,8,2,21:45,3,1,1,1.0,5.0,68300,a35 - PK 99+273,M,"47,7861770","7,4015850",68,2019,110.0,1.0,1.0,1.0,2256002,1.0,1,4,2,5.0,,0.0,0,2000.0,B01,138Â 211Â 400,1.0,-1.0,-1.0,1722035,2.0,7,,0.0,2.0,1.0,B01,138Â 211Â 400,1.0
1008858,201900050389,8,2,21:45,3,1,1,1.0,5.0,68300,a35 - PK 99+273,M,"47,7861770","7,4015850",68,2019,110.0,1.0,1.0,1.0,2256002,1.0,1,4,2,5.0,,0.0,0,2000.0,B01,138Â 211Â 400,1.0,-1.0,-1.0,1722036,2.0,7,,0.0,0.0,4.0,C01,138Â 211Â 401,1.0
1008858,201900050389,8,2,21:45,3,1,1,1.0,5.0,68300,a35 - PK 99+273,M,"47,7861770","7,4015850",68,2019,110.0,1.0,1.0,1.0,2256003,2.0,2,1,2,5.0,,0.0,0,1980.0,B01,138Â 211Â 400,1.0,-1.0,-1.0,1722034,2.0,7,,0.0,2.0,1.0,A01,138Â 211Â 399,1.0
1008858,201900050389,8,2,21:45,3,1,1,1.0,5.0,68300,a35 - PK 99+273,M,"47,7861770","7,4015850",68,2019,110.0,1.0,1.0,1.0,2256003,2.0,2,1,2,5.0,,0.0,0,1980.0,B01,138Â 211Â 400,1.0,-1.0,-1.0,1722035,2.0,7,,0.0,2.0,1.0,B01,138Â 211Â 400,1.0
1008858,201900050389,8,2,21:45,3,1,1,1.0,5.0,68300,a35 - PK 99+273,M,"47,7861770","7,4015850",68,2019,110.0,1.0,1.0,1.0,2256003,2.0,2,1,2,5.0,,0.0,0,1980.0,B01,138Â 211Â 400,1.0,-1.0,-1.0,1722036,2.0,7,,0.0,0.0,4.0,C01,138Â 211Â 401,1.0
1008858,201900050389,8,2,21:45,3,1,1,1.0,5.0,68300,a35 - PK 99+273,M,"47,7861770","7,4015850",68,2019,110.0,1.0,1.0,1.0,2256004,1.0,1,1,1,1.0,,0.0,0,1982.0,C01,138Â 211Â 401,1.0,-1.0,-1.0,1722034,2.0,7,,0.0,2.0,1.0,A01,138Â 211Â 399,1.0
1008858,201900050389,8,2,21:45,3,1,1,1.0,5.0,68300,a35 - PK 99+273,M,"47,7861770","7,4015850",68,2019,110.0,1.0,1.0,1.0,2256004,1.0,1,1,1,1.0,,0.0,0,1982.0,C01,138Â 211Â 401,1.0,-1.0,-1.0,1722035,2.0,7,,0.0,2.0,1.0,B01,138Â 211Â 400,1.0
1008858,201900050389,8,2,21:45,3,1,1,1.0,5.0,68300,a35 - PK 99+273,M,"47,7861770","7,4015850",68,2019,110.0,1.0,1.0,1.0,2256004,1.0,1,1,1,1.0,,0.0,0,1982.0,C01,138Â 211Â 401,1.0,-1.0,-1.0,1722036,2.0,7,,0.0,0.0,4.0,C01,138Â 211Â 401,1.0
1008859,201900050390,8,23,05:55,1,1,1,1.0,6.0,31162,A61 pk249.400,M,"43,4802760","1,5536250",31,2019,130.0,1.0,1.0,1.0,2256005,1.0,1,4,2,4.0,,0.0,0,1964.0,A01,138Â 211Â 398,1.0,-1.0,-1.0,1722037,2.0,17,,3.0,0.0,2.0,A01,138Â 211Â 398,1.0
1008860,201900050391,8,23,11:22,1,1,1,1.0,6.0,74014,Route de LÃ¢chÃ¢t,M,"46,0374411","6,6383678",74,2019,-1.0,3.0,1.0,3.0,2256006,1.0,1,4,1,4.0,,0.0,0,2000.0,A01,138Â 211Â 397,1.0,-1.0,-1.0,1722038,2.0,13,,3.0,0.0,5.0,A01,138Â 211Â 397,1.0
1008860,201900050391,8,23,11:22,1,1,1,1.0,6.0,74014,Route de LÃ¢chÃ¢t,M,"46,0374411","6,6383678",74,2019,-1.0,3.0,1.0,3.0,2256007,2.0,2,4,1,4.0,,0.0,0,2000.0,A01,138Â 211Â 397,1.0,-1.0,-1.0,1722038,2.0,13,,3.0,0.0,5.0,A01,138Â 211Â 397,1.0