Unnamed: 0_x,num_acc,mois,jour,hrmn,lum,agg,int,atm,col,com,adr,gps,lat,long,dep,annee,vma,situ,surf,catr,Unnamed: 0_y,place,catu,grav,sexe,trajet,secu,locp,actp,an_nais,num_veh_x,id_vehicule_x,secu1,secu2,secu3,Unnamed: 0,senc,catv,occutc,obs,obsm,choc,num_veh_y,id_vehicule_y,motor
1008861,201900050392,8,25,00:50,3,1,1,1.0,2.0,66012,Avenue des AlbÃ¨res,M,"42,6969630","2,8209390",66,2019,80.0,1.0,1.0,3.0,2256008,1.0,1,1,1,9.0,,0.0,0,1938.0,B01,138Â 211Â 395,1.0,-1.0,-1.0,1722039,2.0,7,,0.0,1.0,2.0,B01,138Â 211Â 395,1.0
1008861,201900050392,8,25,00:50,3,1,1,1.0,2.0,66012,Avenue des AlbÃ¨res,M,"42,6969630","2,8209390",66,2019,80.0,1.0,1.0,3.0,2256008,1.0,1,1,1,9.0,,0.0,0,1938.0,B01,138Â 211Â 395,1.0,-1.0,-1.0,1722040,2.0,2,,0.0,0.0,4.0,A01,138Â 211Â 396,1.0
1008861,201900050392,8,25,00:50,3,1,1,1.0,2.0,66012,Avenue des AlbÃ¨res,M,"42,6969630","2,8209390",66,2019,80.0,1.0,1.0,3.0,2256009,1.0,1,3,1,5.0,,0.0,0,2002.0,A01,138Â 211Â 396,2.0,6.0,-1.0,1722039,2.0,7,,0.0,1.0,2.0,B01,138Â 211Â 395,1.0
1008861,201900050392,8,25,00:50,3,1,1,1.0,2.0,66012,Avenue des AlbÃ¨res,M,"42,6969630","2,8209390",66,2019,80.0,1.0,1.0,3.0,2256009,1.0,1,3,1,5.0,,0.0,0,2002.0,A01,138Â 211Â 396,2.0,6.0,-1.0,1722040,2.0,2,,0.0,0.0,4.0,A01,138Â 211Â 396,1.0
1008862,201900050393,8,18,06:00,2,1,1,1.0,7.0,13025,autoroute A8 PK 28+200 sens N/S,M,"43,5195290","5,4261040",13,2019,90.0,3.0,1.0,1.0,2256010,1.0,1,3,1,5.0,,0.0,0,2000.0,A01,138Â 211Â 394,8.0,-1.0,-1.0,1722041,1.0,7,,7.0,0.0,1.0,A01,138Â 211Â 394,1.0
1008863,201900050394,8,1,11:30,1,1,1,1.0,3.0,42249,Route de Sainte colombe - RD 103,M,"45,8822300","4,2566220",42,2019,80.0,1.0,9.0,3.0,2256011,1.0,1,3,1,5.0,,0.0,0,1974.0,A01,138Â 211Â 392,2.0,6.0,-1.0,1722042,2.0,33,,0.0,2.0,8.0,A01,138Â 211Â 392,1.0
1008863,201900050394,8,1,11:30,1,1,1,1.0,3.0,42249,Route de Sainte colombe - RD 103,M,"45,8822300","4,2566220",42,2019,80.0,1.0,9.0,3.0,2256011,1.0,1,3,1,5.0,,0.0,0,1974.0,A01,138Â 211Â 392,2.0,6.0,-1.0,1722043,1.0,17,,0.0,2.0,8.0,B01,138Â 211Â 393,1.0
1008863,201900050394,8,1,11:30,1,1,1,1.0,3.0,42249,Route de Sainte colombe - RD 103,M,"45,8822300","4,2566220",42,2019,80.0,1.0,9.0,3.0,2256012,1.0,1,1,1,4.0,,0.0,0,1975.0,B01,138Â 211Â 393,1.0,-1.0,-1.0,1722042,2.0,33,,0.0,2.0,8.0,A01,138Â 211Â 392,1.0
1008863,201900050394,8,1,11:30,1,1,1,1.0,3.0,42249,Route de Sainte colombe - RD 103,M,"45,8822300","4,2566220",42,2019,80.0,1.0,9.0,3.0,2256012,1.0,1,1,1,4.0,,0.0,0,1975.0,B01,138Â 211Â 393,1.0,-1.0,-1.0,1722043,1.0,17,,0.0,2.0,8.0,B01,138Â 211Â 393,1.0
1008864,201900050395,8,23,18:10,1,1,9,1.0,7.0,06088,A8 PK 197+500 Nord,M,"43,7288800","7,2592950",6,2019,50.0,1.0,9.0,1.0,2256013,1.0,1,3,1,1.0,,0.0,0,1993.0,A01,138Â 211Â 391,2.0,6.0,-1.0,1722044,2.0,34,,3.0,0.0,1.0,A01,138Â 211Â 391,1.0
1008865,201900050396,8,24,14:45,1,1,1,1.0,1.0,86085,"RD 347, PK 25",M,"46,8364850","0,1622420",86,2019,80.0,1.0,1.0,3.0,2256014,1.0,1,2,1,5.0,,0.0,0,1984.0,A01,138Â 211Â 389,1.0,-1.0,-1.0,1722045,2.0,7,,0.0,2.0,1.0,A01,138Â 211Â 389,1.0
1008865,201900050396,8,24,14:45,1,1,1,1.0,1.0,86085,"RD 347, PK 25",M,"46,8364850","0,1622420",86,2019,80.0,1.0,1.0,3.0,2256014,1.0,1,2,1,5.0,,0.0,0,1984.0,A01,138Â 211Â 389,1.0,-1.0,-1.0,1722046,1.0,17,,0.0,2.0,1.0,B01,138Â 211Â 390,1.0
1008865,201900050396,8,24,14:45,1,1,1,1.0,1.0,86085,"RD 347, PK 25",M,"46,8364850","0,1622420",86,2019,80.0,1.0,1.0,3.0,2256015,1.0,1,1,1,4.0,,0.0,0,1979.0,B01,138Â 211Â 390,1.0,-1.0,-1.0,1722045,2.0,7,,0.0,2.0,1.0,A01,138Â 211Â 389,1.0
1008865,201900050396,8,24,14:45,1,1,1,1.0,1.0,86085,"RD 347, PK 25",M,"46,8364850","0,1622420",86,2019,80.0,1.0,1.0,3.0,2256015,1.0,1,1,1,4.0,,0.0,0,1979.0,B01,138Â 211Â 390,1.0,-1.0,-1.0,1722046,1.0,17,,0.0,2.0,1.0,B01,138Â 211Â 390,1.0
1008866,201900050397,8,24,15:15,1,1,1,1.0,1.0,38212,D1091,M,"45,1181400","5,9733200",38,2019,80.0,1.0,1.0,3.0,2256016,1.0,1,4,2,5.0,,0.0,0,1970.0,A01,138Â 211Â 387,1.0,-1.0,-1.0,1722047,1.0,7,,0.0,2.0,1.0,A01,138Â 211Â 387,1.0
1008866,201900050397,8,24,15:15,1,1,1,1.0,1.0,38212,D1091,M,"45,1181400","5,9733200",38,2019,80.0,1.0,1.0,3.0,2256016,1.0,1,4,2,5.0,,0.0,0,1970.0,A01,138Â 211Â 387,1.0,-1.0,-1.0,1722048,2.0,33,,0.0,2.0,1.0,B01,138Â 211Â 388,1.0
1008866,201900050397,8,24,15:15,1,1,1,1.0,1.0,38212,D1091,M,"45,1181400","5,9733200",38,2019,80.0,1.0,1.0,3.0,2256017,2.0,2,4,1,5.0,,0.0,0,1971.0,A01,138Â 211Â 387,1.0,-1.0,-1.0,1722047,1.0,7,,0.0,2.0,1.0,A01,138Â 211Â 387,1.0
1008866,201900050397,8,24,15:15,1,1,1,1.0,1.0,38212,D1091,M,"45,1181400","5,9733200",38,2019,80.0,1.0,1.0,3.0,2256017,2.0,2,4,1,5.0,,0.0,0,1971.0,A01,138Â 211Â 387,1.0,-1.0,-1.0,1722048,2.0,33,,0.0,2.0,1.0,B01,138Â 211Â 388,1.0
1008866,201900050397,8,24,15:15,1,1,1,1.0,1.0,38212,D1091,M,"45,1181400","5,9733200",38,2019,80.0,1.0,1.0,3.0,2256018,7.0,2,4,2,5.0,,0.0,0,2008.0,A01,138Â 211Â 387,1.0,-1.0,-1.0,1722047,1.0,7,,0.0,2.0,1.0,A01,138Â 211Â 387,1.0
1008866,201900050397,8,24,15:15,1,1,1,1.0,1.0,38212,D1091,M,"45,1181400","5,9733200",38,2019,80.0,1.0,1.0,3.0,2256018,7.0,2,4,2,5.0,,0.0,0,2008.0,A01,138Â 211Â 387,1.0,-1.0,-1.0,1722048,2.0,33,,0.0,2.0,1.0,B01,138Â 211Â 388,1.0
1008866,201900050397,8,24,15:15,1,1,1,1.0,1.0,38212,D1091,M,"45,1181400","5,9733200",38,2019,80.0,1.0,1.0,3.0,2256019,3.0,2,2,2,5.0,,0.0,0,1977.0,B01,138Â 211Â 388,2.0,6.0,9.0,1722047,1.0,7,,0.0,2.0,1.0,A01,138Â 211Â 387,1.0
1008866,201900050397,8,24,15:15,1,1,1,1.0,1.0,38212,D1091,M,"45,1181400","5,9733200",38,2019,80.0,1.0,1.0,3.0,2256019,3.0,2,2,2,5.0,,0.0,0,1977.0,B01,138Â 211Â 388,2.0,6.0,9.0,1722048,2.0,33,,0.0,2.0,1.0,B01,138Â 211Â 388,1.0
1008866,201900050397,8,24,15:15,1,1,1,1.0,1.0,38212,D1091,M,"45,1181400","5,9733200",38,2019,80.0,1.0,1.0,3.0,2256020,1.0,1,2,1,5.0,,0.0,0,1977.0,B01,138Â 211Â 388,2.0,6.0,9.0,1722047,1.0,7,,0.0,2.0,1.0,A01,138Â 211Â 387,1.0
1008866,201900050397,8,24,15:15,1,1,1,1.0,1.0,38212,D1091,M,"45,1181400","5,9733200",38,2019,80.0,1.0,1.0,3.0,2256020,1.0,1,2,1,5.0,,0.0,0,1977.0,B01,138Â 211Â 388,2.0,6.0,9.0,1722048,2.0,33,,0.0,2.0,1.0,B01,138Â 211Â 388,1.0
1008867,201900050398,8,23,18:05,1,2,1,1.0,3.0,68118,76 Rue du GÃ©nÃ©ral de Gaulle,M,"47,7300350","7,4165110",68,2019,30.0,1.0,1.0,3.0,2256021,1.0,1,1,1,4.0,,0.0,0,1996.0,A01,138Â 211Â 385,8.0,-1.0,-1.0,1722049,1.0,10,,0.0,2.0,7.0,A01,138Â 211Â 385,1.0
1008867,201900050398,8,23,18:05,1,2,1,1.0,3.0,68118,76 Rue du GÃ©nÃ©ral de Gaulle,M,"47,7300350","7,4165110",68,2019,30.0,1.0,1.0,3.0,2256021,1.0,1,1,1,4.0,,0.0,0,1996.0,A01,138Â 211Â 385,8.0,-1.0,-1.0,1722050,1.0,1,,0.0,0.0,3.0,B01,138Â 211Â 386,5.0
1008867,201900050398,8,23,18:05,1,2,1,1.0,3.0,68118,76 Rue du GÃ©nÃ©ral de Gaulle,M,"47,7300350","7,4165110",68,2019,30.0,1.0,1.0,3.0,2256022,1.0,1,4,1,3.0,,0.0,0,1949.0,B01,138Â 211Â 386,8.0,-1.0,-1.0,1722049,1.0,10,,0.0,2.0,7.0,A01,138Â 211Â 385,1.0
1008867,201900050398,8,23,18:05,1,2,1,1.0,3.0,68118,76 Rue du GÃ©nÃ©ral de Gaulle,M,"47,7300350","7,4165110",68,2019,30.0,1.0,1.0,3.0,2256022,1.0,1,4,1,3.0,,0.0,0,1949.0,B01,138Â 211Â 386,8.0,-1.0,-1.0,1722050,1.0,1,,0.0,0.0,3.0,B01,138Â 211Â 386,5.0
1008868,201900050399,8,24,15:20,1,1,1,1.0,4.0,27188,autoroute A13 pk 107,M,"49,3077130","1,1142610",27,2019,130.0,1.0,1.0,1.0,2256023,1.0,1,4,1,5.0,,0.0,0,1978.0,D01,138Â 211Â 378,1.0,-1.0,-1.0,1722051,1.0,7,,0.0,2.0,1.0,D01,138Â 211Â 378,1.0
1008868,201900050399,8,24,15:20,1,1,1,1.0,4.0,27188,autoroute A13 pk 107,M,"49,3077130","1,1142610",27,2019,130.0,1.0,1.0,1.0,2256023,1.0,1,4,1,5.0,,0.0,0,1978.0,D01,138Â 211Â 378,1.0,-1.0,-1.0,1722052,1.0,7,,0.0,0.0,4.0,C01,138Â 211Â 379,1.0
1008868,201900050399,8,24,15:20,1,1,1,1.0,4.0,27188,autoroute A13 pk 107,M,"49,3077130","1,1142610",27,2019,130.0,1.0,1.0,1.0,2256023,1.0,1,4,1,5.0,,0.0,0,1978.0,D01,138Â 211Â 378,1.0,-1.0,-1.0,1722053,1.0,7,,0.0,2.0,1.0,B01,138Â 211Â 380,1.0
1008868,201900050399,8,24,15:20,1,1,1,1.0,4.0,27188,autoroute A13 pk 107,M,"49,3077130","1,1142610",27,2019,130.0,1.0,1.0,1.0,2256023,1.0,1,4,1,5.0,,0.0,0,1978.0,D01,138Â 211Â 378,1.0,-1.0,-1.0,1722054,1.0,7,,0.0,2.0,9.0,A01,138Â 211Â 381,1.0
1008868,201900050399,8,24,15:20,1,1,1,1.0,4.0,27188,autoroute A13 pk 107,M,"49,3077130","1,1142610",27,2019,130.0,1.0,1.0,1.0,2256024,2.0,2,1,2,5.0,,0.0,0,1993.0,D01,138Â 211Â 378,1.0,-1.0,-1.0,1722051,1.0,7,,0.0,2.0,1.0,D01,138Â 211Â 378,1.0
1008868,201900050399,8,24,15:20,1,1,1,1.0,4.0,27188,autoroute A13 pk 107,M,"49,3077130","1,1142610",27,2019,130.0,1.0,1.0,1.0,2256024,2.0,2,1,2,5.0,,0.0,0,1993.0,D01,138Â 211Â 378,1.0,-1.0,-1.0,1722052,1.0,7,,0.0,0.0,4.0,C01,138Â 211Â 379,1.0
1008868,201900050399,8,24,15:20,1,1,1,1.0,4.0,27188,autoroute A13 pk 107,M,"49,3077130","1,1142610",27,2019,130.0,1.0,1.0,1.0,2256024,2.0,2,1,2,5.0,,0.0,0,1993.0,D01,138Â 211Â 378,1.0,-1.0,-1.0,1722053,1.0,7,,0.0,2.0,1.0,B01,138Â 211Â 380,1.0
1008868,201900050399,8,24,15:20,1,1,1,1.0,4.0,27188,autoroute A13 pk 107,M,"49,3077130","1,1142610",27,2019,130.0,1.0,1.0,1.0,2256024,2.0,2,1,2,5.0,,0.0,0,1993.0,D01,138Â 211Â 378,1.0,-1.0,-1.0,1722054,1.0,7,,0.0,2.0,9.0,A01,138Â 211Â 381,1.0
1008868,201900050399,8,24,15:20,1,1,1,1.0,4.0,27188,autoroute A13 pk 107,M,"49,3077130","1,1142610",27,2019,130.0,1.0,1.0,1.0,2256025,1.0,1,1,1,5.0,,0.0,0,1984.0,C01,138Â 211Â 379,1.0,-1.0,-1.0,1722051,1.0,7,,0.0,2.0,1.0,D01,138Â 211Â 378,1.0
1008868,201900050399,8,24,15:20,1,1,1,1.0,4.0,27188,autoroute A13 pk 107,M,"49,3077130","1,1142610",27,2019,130.0,1.0,1.0,1.0,2256025,1.0,1,1,1,5.0,,0.0,0,1984.0,C01,138Â 211Â 379,1.0,-1.0,-1.0,1722052,1.0,7,,0.0,0.0,4.0,C01,138Â 211Â 379,1.0
1008868,201900050399,8,24,15:20,1,1,1,1.0,4.0,27188,autoroute A13 pk 107,M,"49,3077130","1,1142610",27,2019,130.0,1.0,1.0,1.0,2256025,1.0,1,1,1,5.0,,0.0,0,1984.0,C01,138Â 211Â 379,1.0,-1.0,-1.0,1722053,1.0,7,,0.0,2.0,1.0,B01,138Â 211Â 380,1.0
1008868,201900050399,8,24,15:20,1,1,1,1.0,4.0,27188,autoroute A13 pk 107,M,"49,3077130","1,1142610",27,2019,130.0,1.0,1.0,1.0,2256025,1.0,1,1,1,5.0,,0.0,0,1984.0,C01,138Â 211Â 379,1.0,-1.0,-1.0,1722054,1.0,7,,0.0,2.0,9.0,A01,138Â 211Â 381,1.0
1008868,201900050399,8,24,15:20,1,1,1,1.0,4.0,27188,autoroute A13 pk 107,M,"49,3077130","1,1142610",27,2019,130.0,1.0,1.0,1.0,2256026,2.0,2,1,1,5.0,,0.0,0,2003.0,C01,138Â 211Â 379,1.0,-1.0,-1.0,1722051,1.0,7,,0.0,2.0,1.0,D01,138Â 211Â 378,1.0
1008868,201900050399,8,24,15:20,1,1,1,1.0,4.0,27188,autoroute A13 pk 107,M,"49,3077130","1,1142610",27,2019,130.0,1.0,1.0,1.0,2256026,2.0,2,1,1,5.0,,0.0,0,2003.0,C01,138Â 211Â 379,1.0,-1.0,-1.0,1722052,1.0,7,,0.0,0.0,4.0,C01,138Â 211Â 379,1.0
1008868,201900050399,8,24,15:20,1,1,1,1.0,4.0,27188,autoroute A13 pk 107,M,"49,3077130","1,1142610",27,2019,130.0,1.0,1.0,1.0,2256026,2.0,2,1,1,5.0,,0.0,0,2003.0,C01,138Â 211Â 379,1.0,-1.0,-1.0,1722053,1.0,7,,0.0,2.0,1.0,B01,138Â 211Â 380,1.0
1008868,201900050399,8,24,15:20,1,1,1,1.0,4.0,27188,autoroute A13 pk 107,M,"49,3077130","1,1142610",27,2019,130.0,1.0,1.0,1.0,2256026,2.0,2,1,1,5.0,,0.0,0,2003.0,C01,138Â 211Â 379,1.0,-1.0,-1.0,1722054,1.0,7,,0.0,2.0,9.0,A01,138Â 211Â 381,1.0
1008868,201900050399,8,24,15:20,1,1,1,1.0,4.0,27188,autoroute A13 pk 107,M,"49,3077130","1,1142610",27,2019,130.0,1.0,1.0,1.0,2256027,1.0,1,3,2,5.0,,0.0,0,1981.0,B01,138Â 211Â 380,1.0,-1.0,-1.0,1722051,1.0,7,,0.0,2.0,1.0,D01,138Â 211Â 378,1.0
1008868,201900050399,8,24,15:20,1,1,1,1.0,4.0,27188,autoroute A13 pk 107,M,"49,3077130","1,1142610",27,2019,130.0,1.0,1.0,1.0,2256027,1.0,1,3,2,5.0,,0.0,0,1981.0,B01,138Â 211Â 380,1.0,-1.0,-1.0,1722052,1.0,7,,0.0,0.0,4.0,C01,138Â 211Â 379,1.0
1008868,201900050399,8,24,15:20,1,1,1,1.0,4.0,27188,autoroute A13 pk 107,M,"49,3077130","1,1142610",27,2019,130.0,1.0,1.0,1.0,2256027,1.0,1,3,2,5.0,,0.0,0,1981.0,B01,138Â 211Â 380,1.0,-1.0,-1.0,1722053,1.0,7,,0.0,2.0,1.0,B01,138Â 211Â 380,1.0
1008868,201900050399,8,24,15:20,1,1,1,1.0,4.0,27188,autoroute A13 pk 107,M,"49,3077130","1,1142610",27,2019,130.0,1.0,1.0,1.0,2256027,1.0,1,3,2,5.0,,0.0,0,1981.0,B01,138Â 211Â 380,1.0,-1.0,-1.0,1722054,1.0,7,,0.0,2.0,9.0,A01,138Â 211Â 381,1.0
1008868,201900050399,8,24,15:20,1,1,1,1.0,4.0,27188,autoroute A13 pk 107,M,"49,3077130","1,1142610",27,2019,130.0,1.0,1.0,1.0,2256028,7.0,2,4,1,5.0,,0.0,0,2011.0,B01,138Â 211Â 380,3.0,-1.0,-1.0,1722051,1.0,7,,0.0,2.0,1.0,D01,138Â 211Â 378,1.0
1008868,201900050399,8,24,15:20,1,1,1,1.0,4.0,27188,autoroute A13 pk 107,M,"49,3077130","1,1142610",27,2019,130.0,1.0,1.0,1.0,2256028,7.0,2,4,1,5.0,,0.0,0,2011.0,B01,138Â 211Â 380,3.0,-1.0,-1.0,1722052,1.0,7,,0.0,0.0,4.0,C01,138Â 211Â 379,1.0
1008868,201900050399,8,24,15:20,1,1,1,1.0,4.0,27188,autoroute A13 pk 107,M,"49,3077130","1,1142610",27,2019,130.0,1.0,1.0,1.0,2256028,7.0,2,4,1,5.0,,0.0,0,2011.0,B01,138Â 211Â 380,3.0,-1.0,-1.0,1722053,1.0,7,,0.0,2.0,1.0,B01,138Â 211Â 380,1.0
1008868,201900050399,8,24,15:20,1,1,1,1.0,4.0,27188,autoroute A13 pk 107,M,"49,3077130","1,1142610",27,2019,130.0,1.0,1.0,1.0,2256028,7.0,2,4,1,5.0,,0.0,0,2011.0,B01,138Â 211Â 380,3.0,-1.0,-1.0,1722054,1.0,7,,0.0,2.0,9.0,A01,138Â 211Â 381,1.0
1008868,201900050399,8,24,15:20,1,1,1,1.0,4.0,27188,autoroute A13 pk 107,M,"49,3077130","1,1142610",27,2019,130.0,1.0,1.0,1.0,2256029,9.0,2,4,2,5.0,,0.0,0,2016.0,B01,138Â 211Â 380,3.0,-1.0,-1.0,1722051,1.0,7,,0.0,2.0,1.0,D01,138Â 211Â 378,1.0
1008868,201900050399,8,24,15:20,1,1,1,1.0,4.0,27188,autoroute A13 pk 107,M,"49,3077130","1,1142610",27,2019,130.0,1.0,1.0,1.0,2256029,9.0,2,4,2,5.0,,0.0,0,2016.0,B01,138Â 211Â 380,3.0,-1.0,-1.0,1722052,1.0,7,,0.0,0.0,4.0,C01,138Â 211Â 379,1.0
1008868,201900050399,8,24,15:20,1,1,1,1.0,4.0,27188,autoroute A13 pk 107,M,"49,3077130","1,1142610",27,2019,130.0,1.0,1.0,1.0,2256029,9.0,2,4,2,5.0,,0.0,0,2016.0,B01,138Â 211Â 380,3.0,-1.0,-1.0,1722053,1.0,7,,0.0,2.0,1.0,B01,138Â 211Â 380,1.0
1008868,201900050399,8,24,15:20,1,1,1,1.0,4.0,27188,autoroute A13 pk 107,M,"49,3077130","1,1142610",27,2019,130.0,1.0,1.0,1.0,2256029,9.0,2,4,2,5.0,,0.0,0,2016.0,B01,138Â 211Â 380,3.0,-1.0,-1.0,1722054,1.0,7,,0.0,2.0,9.0,A01,138Â 211Â 381,1.0
1008868,201900050399,8,24,15:20,1,1,1,1.0,4.0,27188,autoroute A13 pk 107,M,"49,3077130","1,1142610",27,2019,130.0,1.0,1.0,1.0,2256030,2.0,2,4,2,5.0,,0.0,0,2013.0,A01,138Â 211Â 381,1.0,-1.0,-1.0,1722051,1.0,7,,0.0,2.0,1.0,D01,138Â 211Â 378,1.0
1008868,201900050399,8,24,15:20,1,1,1,1.0,4.0,27188,autoroute A13 pk 107,M,"49,3077130","1,1142610",27,2019,130.0,1.0,1.0,1.0,2256030,2.0,2,4,2,5.0,,0.0,0,2013.0,A01,138Â 211Â 381,1.0,-1.0,-1.0,1722052,1.0,7,,0.0,0.0,4.0,C01,138Â 211Â 379,1.0
1008868,201900050399,8,24,15:20,1,1,1,1.0,4.0,27188,autoroute A13 pk 107,M,"49,3077130","1,1142610",27,2019,130.0,1.0,1.0,1.0,2256030,2.0,2,4,2,5.0,,0.0,0,2013.0,A01,138Â 211Â 381,1.0,-1.0,-1.0,1722053,1.0,7,,0.0,2.0,1.0,B01,138Â 211Â 380,1.0
1008868,201900050399,8,24,15:20,1,1,1,1.0,4.0,27188,autoroute A13 pk 107,M,"49,3077130","1,1142610",27,2019,130.0,1.0,1.0,1.0,2256030,2.0,2,4,2,5.0,,0.0,0,2013.0,A01,138Â 211Â 381,1.0,-1.0,-1.0,1722054,1.0,7,,0.0,2.0,9.0,A01,138Â 211Â 381,1.0
1008868,201900050399,8,24,15:20,1,1,1,1.0,4.0,27188,autoroute A13 pk 107,M,"49,3077130","1,1142610",27,2019,130.0,1.0,1.0,1.0,2256031,1.0,1,3,2,5.0,,0.0,0,1983.0,A01,138Â 211Â 381,1.0,-1.0,-1.0,1722051,1.0,7,,0.0,2.0,1.0,D01,138Â 211Â 378,1.0
1008868,201900050399,8,24,15:20,1,1,1,1.0,4.0,27188,autoroute A13 pk 107,M,"49,3077130","1,1142610",27,2019,130.0,1.0,1.0,1.0,2256031,1.0,1,3,2,5.0,,0.0,0,1983.0,A01,138Â 211Â 381,1.0,-1.0,-1.0,1722052,1.0,7,,0.0,0.0,4.0,C01,138Â 211Â 379,1.0
1008868,201900050399,8,24,15:20,1,1,1,1.0,4.0,27188,autoroute A13 pk 107,M,"49,3077130","1,1142610",27,2019,130.0,1.0,1.0,1.0,2256031,1.0,1,3,2,5.0,,0.0,0,1983.0,A01,138Â 211Â 381,1.0,-1.0,-1.0,1722053,1.0,7,,0.0,2.0,1.0,B01,138Â 211Â 380,1.0
1008868,201900050399,8,24,15:20,1,1,1,1.0,4.0,27188,autoroute A13 pk 107,M,"49,3077130","1,1142610",27,2019,130.0,1.0,1.0,1.0,2256031,1.0,1,3,2,5.0,,0.0,0,1983.0,A01,138Â 211Â 381,1.0,-1.0,-1.0,1722054,1.0,7,,0.0,2.0,9.0,A01,138Â 211Â 381,1.0
1008869,201900050400,8,14,02:52,3,1,1,1.0,6.0,62782,A26,M,"50,2437740","3,0392050",62,2019,130.0,1.0,1.0,1.0,2256032,1.0,1,4,1,4.0,,0.0,0,1988.0,A01,138Â 211Â 377,1.0,-1.0,-1.0,1722055,2.0,17,,4.0,0.0,3.0,A01,138Â 211Â 377,1.0
1008870,201900050401,8,24,21:20,3,1,1,1.0,7.0,98802,RT1 - PR 80+150,M," -21,8601300","166,0361700",988,2019,90.0,8.0,1.0,2.0,2256033,1.0,1,2,1,0.0,,0.0,0,1991.0,A01,138Â 211Â 376,0.0,-1.0,-1.0,1722056,1.0,7,,2.0,0.0,0.0,A01,138Â 211Â 376,1.0
1008871,201900050402,8,20,19:15,3,1,3,1.0,3.0,97129,Route de Conodor,M,"16,2904870"," -61,6749110",971,2019,70.0,1.0,1.0,2.0,2256034,1.0,1,4,1,5.0,,0.0,0,2001.0,A01,138Â 211Â 373,2.0,-1.0,-1.0,1722057,2.0,30,,0.0,1.0,1.0,A01,138Â 211Â 373,6.0
1008871,201900050402,8,20,19:15,3,1,3,1.0,3.0,97129,Route de Conodor,M,"16,2904870"," -61,6749110",971,2019,70.0,1.0,1.0,2.0,2256034,1.0,1,4,1,5.0,,0.0,0,2001.0,A01,138Â 211Â 373,2.0,-1.0,-1.0,1722058,1.0,7,,0.0,2.0,3.0,B01,138Â 211Â 374,1.0
1008871,201900050402,8,20,19:15,3,1,3,1.0,3.0,97129,Route de Conodor,M,"16,2904870"," -61,6749110",971,2019,70.0,1.0,1.0,2.0,2256035,2.0,2,3,2,3.0,,0.0,0,2002.0,A01,138Â 211Â 373,2.0,-1.0,-1.0,1722057,2.0,30,,0.0,1.0,1.0,A01,138Â 211Â 373,6.0
1008871,201900050402,8,20,19:15,3,1,3,1.0,3.0,97129,Route de Conodor,M,"16,2904870"," -61,6749110",971,2019,70.0,1.0,1.0,2.0,2256035,2.0,2,3,2,3.0,,0.0,0,2002.0,A01,138Â 211Â 373,2.0,-1.0,-1.0,1722058,1.0,7,,0.0,2.0,3.0,B01,138Â 211Â 374,1.0
1008871,201900050402,8,20,19:15,3,1,3,1.0,3.0,97129,Route de Conodor,M,"16,2904870"," -61,6749110",971,2019,70.0,1.0,1.0,2.0,2256036,1.0,1,1,1,5.0,,0.0,0,1972.0,B01,138Â 211Â 374,1.0,-1.0,-1.0,1722057,2.0,30,,0.0,1.0,1.0,A01,138Â 211Â 373,6.0
1008871,201900050402,8,20,19:15,3,1,3,1.0,3.0,97129,Route de Conodor,M,"16,2904870"," -61,6749110",971,2019,70.0,1.0,1.0,2.0,2256036,1.0,1,1,1,5.0,,0.0,0,1972.0,B01,138Â 211Â 374,1.0,-1.0,-1.0,1722058,1.0,7,,0.0,2.0,3.0,B01,138Â 211Â 374,1.0
1008872,201900050403,8,24,12:15,1,1,1,1.0,6.0,13104,D9,M,"43,3428400","5,1284390",13,2019,110.0,1.0,1.0,3.0,2256037,1.0,1,3,1,5.0,,0.0,0,1998.0,A01,138Â 211Â 372,2.0,6.0,-1.0,1722059,2.0,34,,3.0,0.0,1.0,A01,138Â 211Â 372,1.0
1008873,201900050404,8,16,18:30,1,1,1,1.0,7.0,77154,D20,M,"48,8203137","2,9053798",77,2019,80.0,8.0,1.0,3.0,2256038,1.0,1,3,1,9.0,,0.0,0,1978.0,A01,138Â 211Â 371,1.0,-1.0,-1.0,1722060,2.0,7,,0.0,0.0,1.0,A01,138Â 211Â 371,1.0
1008874,201900050405,8,24,12:10,1,2,1,1.0,3.0,95409,RD 11,M,"49,0436990","2,3390210",95,2019,50.0,1.0,1.0,3.0,2256039,1.0,1,1,2,3.0,,0.0,0,1984.0,A01,138Â 211Â 369,1.0,-1.0,-1.0,1722061,1.0,7,,0.0,2.0,3.0,A01,138Â 211Â 369,6.0
1008874,201900050405,8,24,12:10,1,2,1,1.0,3.0,95409,RD 11,M,"49,0436990","2,3390210",95,2019,50.0,1.0,1.0,3.0,2256039,1.0,1,1,2,3.0,,0.0,0,1984.0,A01,138Â 211Â 369,1.0,-1.0,-1.0,1722062,1.0,1,,0.0,2.0,1.0,B01,138Â 211Â 370,0.0
1008874,201900050405,8,24,12:10,1,2,1,1.0,3.0,95409,RD 11,M,"49,0436990","2,3390210",95,2019,50.0,1.0,1.0,3.0,2256040,1.0,1,4,1,1.0,,0.0,0,1994.0,B01,138Â 211Â 370,0.0,-1.0,-1.0,1722061,1.0,7,,0.0,2.0,3.0,A01,138Â 211Â 369,6.0