Unnamed: 0_x,num_acc,mois,jour,hrmn,lum,agg,int,atm,col,com,adr,gps,lat,long,dep,annee,vma,situ,surf,catr,Unnamed: 0_y,place,catu,grav,sexe,trajet,secu,locp,actp,an_nais,num_veh_x,id_vehicule_x,secu1,secu2,secu3,Unnamed: 0,senc,catv,occutc,obs,obsm,choc,num_veh_y,id_vehicule_y,motor
1008874,201900050405,8,24,12:10,1,2,1,1.0,3.0,95409,RD 11,M,"49,0436990","2,3390210",95,2019,50.0,1.0,1.0,3.0,2256040,1.0,1,4,1,1.0,,0.0,0,1994.0,B01,138Â 211Â 370,0.0,-1.0,-1.0,1722062,1.0,1,,0.0,2.0,1.0,B01,138Â 211Â 370,0.0
1008875,201900050406,8,21,05:45,5,2,1,1.0,6.0,91376,Rue de la gare,M,"48,5618500","2,2979870",91,2019,30.0,8.0,1.0,6.0,2256041,1.0,1,3,1,1.0,,0.0,0,1993.0,A01,138Â 211Â 368,2.0,6.0,-1.0,1722063,3.0,2,,0.0,9.0,1.0,A01,138Â 211Â 368,0.0
1008876,201900050407,3,30,18:25,1,2,1,1.0,2.0,64189,JAURES JEAN  (AVENUE),M,"43,3816431"," -1,6677164",64,2019,30.0,1.0,1.0,3.0,2256042,1.0,1,1,2,0.0,,0.0,0,1983.0,A01,138Â 211Â 366,1.0,0.0,-1.0,1722064,1.0,7,,0.0,2.0,1.0,A01,138Â 211Â 366,1.0
1008876,201900050407,3,30,18:25,1,2,1,1.0,2.0,64189,JAURES JEAN  (AVENUE),M,"43,3816431"," -1,6677164",64,2019,30.0,1.0,1.0,3.0,2256042,1.0,1,1,2,0.0,,0.0,0,1983.0,A01,138Â 211Â 366,1.0,0.0,-1.0,1722065,1.0,10,,0.0,2.0,4.0,B01,138Â 211Â 367,1.0
1008876,201900050407,3,30,18:25,1,2,1,1.0,2.0,64189,JAURES JEAN  (AVENUE),M,"43,3816431"," -1,6677164",64,2019,30.0,1.0,1.0,3.0,2256043,1.0,1,1,1,0.0,,0.0,0,1982.0,B01,138Â 211Â 367,1.0,0.0,-1.0,1722064,1.0,7,,0.0,2.0,1.0,A01,138Â 211Â 366,1.0
1008876,201900050407,3,30,18:25,1,2,1,1.0,2.0,64189,JAURES JEAN  (AVENUE),M,"43,3816431"," -1,6677164",64,2019,30.0,1.0,1.0,3.0,2256043,1.0,1,1,1,0.0,,0.0,0,1982.0,B01,138Â 211Â 367,1.0,0.0,-1.0,1722065,1.0,10,,0.0,2.0,4.0,B01,138Â 211Â 367,1.0
1008876,201900050407,3,30,18:25,1,2,1,1.0,2.0,64189,JAURES JEAN  (AVENUE),M,"43,3816431"," -1,6677164",64,2019,30.0,1.0,1.0,3.0,2256044,3.0,2,4,2,0.0,,0.0,0,2007.0,B01,138Â 211Â 367,1.0,0.0,-1.0,1722064,1.0,7,,0.0,2.0,1.0,A01,138Â 211Â 366,1.0
1008876,201900050407,3,30,18:25,1,2,1,1.0,2.0,64189,JAURES JEAN  (AVENUE),M,"43,3816431"," -1,6677164",64,2019,30.0,1.0,1.0,3.0,2256044,3.0,2,4,2,0.0,,0.0,0,2007.0,B01,138Â 211Â 367,1.0,0.0,-1.0,1722065,1.0,10,,0.0,2.0,4.0,B01,138Â 211Â 367,1.0
1008877,201900050408,3,31,23:10,5,1,1,1.0,2.0,59043,LOCRE (ROUTE DE),M,"50,7527054","2,7477314",59,2019,80.0,1.0,1.0,3.0,2256045,1.0,1,1,1,5.0,,-1.0,0,1994.0,A01,138Â 211Â 363,8.0,0.0,-1.0,1722066,1.0,7,,0.0,2.0,1.0,A01,138Â 211Â 363,1.0
1008877,201900050408,3,31,23:10,5,1,1,1.0,2.0,59043,LOCRE (ROUTE DE),M,"50,7527054","2,7477314",59,2019,80.0,1.0,1.0,3.0,2256045,1.0,1,1,1,5.0,,-1.0,0,1994.0,A01,138Â 211Â 363,8.0,0.0,-1.0,1722067,1.0,1,,0.0,2.0,4.0,C01,138Â 211Â 364,0.0
1008877,201900050408,3,31,23:10,5,1,1,1.0,2.0,59043,LOCRE (ROUTE DE),M,"50,7527054","2,7477314",59,2019,80.0,1.0,1.0,3.0,2256046,1.0,1,2,1,4.0,,-1.0, -1,1995.0,C01,138Â 211Â 364,8.0,0.0,-1.0,1722066,1.0,7,,0.0,2.0,1.0,A01,138Â 211Â 363,1.0
1008877,201900050408,3,31,23:10,5,1,1,1.0,2.0,59043,LOCRE (ROUTE DE),M,"50,7527054","2,7477314",59,2019,80.0,1.0,1.0,3.0,2256046,1.0,1,2,1,4.0,,-1.0, -1,1995.0,C01,138Â 211Â 364,8.0,0.0,-1.0,1722067,1.0,1,,0.0,2.0,4.0,C01,138Â 211Â 364,0.0
1008878,201900050409,3,31,07:30,1,2,6,1.0,3.0,56260,RACKER(GIRATOIRE DU),M,"47,6386730"," -2,7677620",56,2019,50.0,1.0,1.0,4.0,2256047,1.0,1,1,1,5.0,,0.0,0,1996.0,A01,138Â 211Â 361,1.0,0.0,-1.0,1722068,2.0,7,,12.0,2.0,9.0,A01,138Â 211Â 361,1.0
1008878,201900050409,3,31,07:30,1,2,6,1.0,3.0,56260,RACKER(GIRATOIRE DU),M,"47,6386730"," -2,7677620",56,2019,50.0,1.0,1.0,4.0,2256047,1.0,1,1,1,5.0,,0.0,0,1996.0,A01,138Â 211Â 361,1.0,0.0,-1.0,1722069,2.0,7,,0.0,2.0,7.0,B01,138Â 211Â 362,1.0
1008878,201900050409,3,31,07:30,1,2,6,1.0,3.0,56260,RACKER(GIRATOIRE DU),M,"47,6386730"," -2,7677620",56,2019,50.0,1.0,1.0,4.0,2256048,2.0,2,4,1,5.0,,0.0,0,1994.0,B01,138Â 211Â 362,1.0,0.0,-1.0,1722068,2.0,7,,12.0,2.0,9.0,A01,138Â 211Â 361,1.0
1008878,201900050409,3,31,07:30,1,2,6,1.0,3.0,56260,RACKER(GIRATOIRE DU),M,"47,6386730"," -2,7677620",56,2019,50.0,1.0,1.0,4.0,2256048,2.0,2,4,1,5.0,,0.0,0,1994.0,B01,138Â 211Â 362,1.0,0.0,-1.0,1722069,2.0,7,,0.0,2.0,7.0,B01,138Â 211Â 362,1.0
1008878,201900050409,3,31,07:30,1,2,6,1.0,3.0,56260,RACKER(GIRATOIRE DU),M,"47,6386730"," -2,7677620",56,2019,50.0,1.0,1.0,4.0,2256049,1.0,1,1,1,5.0,,0.0,0,1993.0,B01,138Â 211Â 362,1.0,0.0,-1.0,1722068,2.0,7,,12.0,2.0,9.0,A01,138Â 211Â 361,1.0
1008878,201900050409,3,31,07:30,1,2,6,1.0,3.0,56260,RACKER(GIRATOIRE DU),M,"47,6386730"," -2,7677620",56,2019,50.0,1.0,1.0,4.0,2256049,1.0,1,1,1,5.0,,0.0,0,1993.0,B01,138Â 211Â 362,1.0,0.0,-1.0,1722069,2.0,7,,0.0,2.0,7.0,B01,138Â 211Â 362,1.0
1008879,201900050410,3,28,23:00,5,2,9,1.0,2.0,45004,AVENUE D'ANTIBES,M,"47,9704642","2,7334979",45,2019,50.0,1.0,1.0,3.0,2256050,1.0,1,4,1,5.0,,0.0,0,1992.0,B01,138Â 211Â 359,2.0,6.0,-1.0,1722070,1.0,33,,0.0,2.0,3.0,B01,138Â 211Â 359,1.0
1008879,201900050410,3,28,23:00,5,2,9,1.0,2.0,45004,AVENUE D'ANTIBES,M,"47,9704642","2,7334979",45,2019,50.0,1.0,1.0,3.0,2256050,1.0,1,4,1,5.0,,0.0,0,1992.0,B01,138Â 211Â 359,2.0,6.0,-1.0,1722071,2.0,10,,0.0,2.0,4.0,A01,138Â 211Â 360,1.0
1008879,201900050410,3,28,23:00,5,2,9,1.0,2.0,45004,AVENUE D'ANTIBES,M,"47,9704642","2,7334979",45,2019,50.0,1.0,1.0,3.0,2256051,1.0,1,1,1,4.0,,0.0,0,1984.0,A01,138Â 211Â 360,1.0,0.0,-1.0,1722070,1.0,33,,0.0,2.0,3.0,B01,138Â 211Â 359,1.0
1008879,201900050410,3,28,23:00,5,2,9,1.0,2.0,45004,AVENUE D'ANTIBES,M,"47,9704642","2,7334979",45,2019,50.0,1.0,1.0,3.0,2256051,1.0,1,1,1,4.0,,0.0,0,1984.0,A01,138Â 211Â 360,1.0,0.0,-1.0,1722071,2.0,10,,0.0,2.0,4.0,A01,138Â 211Â 360,1.0
1008880,201900050411,3,31,14:05,1,2,1,7.0,3.0,38544,CLAUDE BERNARD(QUAI),M,"45,5396800","4,8600000",38,2019,50.0,1.0,1.0,4.0,2256052,1.0,1,1,1,0.0,,0.0,0,1959.0,A01,138Â 211Â 357,1.0,0.0,-1.0,1722072,3.0,7,,0.0,2.0,3.0,A01,138Â 211Â 357,1.0
1008880,201900050411,3,31,14:05,1,2,1,7.0,3.0,38544,CLAUDE BERNARD(QUAI),M,"45,5396800","4,8600000",38,2019,50.0,1.0,1.0,4.0,2256052,1.0,1,1,1,0.0,,0.0,0,1959.0,A01,138Â 211Â 357,1.0,0.0,-1.0,1722073,3.0,2,,0.0,2.0,1.0,B01,138Â 211Â 358,1.0
1008880,201900050411,3,31,14:05,1,2,1,7.0,3.0,38544,CLAUDE BERNARD(QUAI),M,"45,5396800","4,8600000",38,2019,50.0,1.0,1.0,4.0,2256053,1.0,1,3,1,0.0,,0.0,0,1993.0,B01,138Â 211Â 358,5.0,0.0,-1.0,1722072,3.0,7,,0.0,2.0,3.0,A01,138Â 211Â 357,1.0
1008880,201900050411,3,31,14:05,1,2,1,7.0,3.0,38544,CLAUDE BERNARD(QUAI),M,"45,5396800","4,8600000",38,2019,50.0,1.0,1.0,4.0,2256053,1.0,1,3,1,0.0,,0.0,0,1993.0,B01,138Â 211Â 358,5.0,0.0,-1.0,1722073,3.0,2,,0.0,2.0,1.0,B01,138Â 211Â 358,1.0
1008881,201900050412,3,31,16:05,1,2,2,1.0,3.0,37233,CURIE (RUE PIERRE),M,"47,3883700","0,7203600",37,2019,50.0,1.0,1.0,4.0,2256054,1.0,1,1,2,5.0,,-1.0,0,1942.0,A01,138Â 211Â 355,1.0,8.0,-1.0,1722074,1.0,7,,0.0,2.0,8.0,A01,138Â 211Â 355,1.0
1008881,201900050412,3,31,16:05,1,2,2,1.0,3.0,37233,CURIE (RUE PIERRE),M,"47,3883700","0,7203600",37,2019,50.0,1.0,1.0,4.0,2256054,1.0,1,1,2,5.0,,-1.0,0,1942.0,A01,138Â 211Â 355,1.0,8.0,-1.0,1722075,2.0,7,,0.0,2.0,1.0,B01,138Â 211Â 356,1.0
1008881,201900050412,3,31,16:05,1,2,2,1.0,3.0,37233,CURIE (RUE PIERRE),M,"47,3883700","0,7203600",37,2019,50.0,1.0,1.0,4.0,2256055,2.0,2,4,1,5.0,,-1.0,0,1989.0,B01,138Â 211Â 356,1.0,8.0,-1.0,1722074,1.0,7,,0.0,2.0,8.0,A01,138Â 211Â 355,1.0
1008881,201900050412,3,31,16:05,1,2,2,1.0,3.0,37233,CURIE (RUE PIERRE),M,"47,3883700","0,7203600",37,2019,50.0,1.0,1.0,4.0,2256055,2.0,2,4,1,5.0,,-1.0,0,1989.0,B01,138Â 211Â 356,1.0,8.0,-1.0,1722075,2.0,7,,0.0,2.0,1.0,B01,138Â 211Â 356,1.0
1008881,201900050412,3,31,16:05,1,2,2,1.0,3.0,37233,CURIE (RUE PIERRE),M,"47,3883700","0,7203600",37,2019,50.0,1.0,1.0,4.0,2256056,1.0,1,1,2,5.0,,-1.0,0,1978.0,B01,138Â 211Â 356,1.0,8.0,-1.0,1722074,1.0,7,,0.0,2.0,8.0,A01,138Â 211Â 355,1.0
1008881,201900050412,3,31,16:05,1,2,2,1.0,3.0,37233,CURIE (RUE PIERRE),M,"47,3883700","0,7203600",37,2019,50.0,1.0,1.0,4.0,2256056,1.0,1,1,2,5.0,,-1.0,0,1978.0,B01,138Â 211Â 356,1.0,8.0,-1.0,1722075,2.0,7,,0.0,2.0,1.0,B01,138Â 211Â 356,1.0
1008881,201900050412,3,31,16:05,1,2,2,1.0,3.0,37233,CURIE (RUE PIERRE),M,"47,3883700","0,7203600",37,2019,50.0,1.0,1.0,4.0,2256057,2.0,2,4,2,5.0,,-1.0,0,2015.0,B01,138Â 211Â 356,3.0,8.0,-1.0,1722074,1.0,7,,0.0,2.0,8.0,A01,138Â 211Â 355,1.0
1008881,201900050412,3,31,16:05,1,2,2,1.0,3.0,37233,CURIE (RUE PIERRE),M,"47,3883700","0,7203600",37,2019,50.0,1.0,1.0,4.0,2256057,2.0,2,4,2,5.0,,-1.0,0,2015.0,B01,138Â 211Â 356,3.0,8.0,-1.0,1722075,2.0,7,,0.0,2.0,1.0,B01,138Â 211Â 356,1.0
1008882,201900050413,3,30,10:25,1,2,1,1.0,3.0,30189,BOEGNER PASTEUR MARC (BOULEVARD),M,"43,8170979","4,3393163",30,2019,50.0,1.0,1.0,2.0,2256058,1.0,1,1,1,9.0,,-1.0,0,1972.0,A01,138Â 211Â 353,1.0,0.0,-1.0,1722076,2.0,7,,0.0,2.0,5.0,A01,138Â 211Â 353,1.0
1008882,201900050413,3,30,10:25,1,2,1,1.0,3.0,30189,BOEGNER PASTEUR MARC (BOULEVARD),M,"43,8170979","4,3393163",30,2019,50.0,1.0,1.0,2.0,2256058,1.0,1,1,1,9.0,,-1.0,0,1972.0,A01,138Â 211Â 353,1.0,0.0,-1.0,1722077,2.0,7,,4.0,2.0,3.0,B01,138Â 211Â 354,1.0
1008882,201900050413,3,30,10:25,1,2,1,1.0,3.0,30189,BOEGNER PASTEUR MARC (BOULEVARD),M,"43,8170979","4,3393163",30,2019,50.0,1.0,1.0,2.0,2256059,1.0,1,3,1,9.0,,-1.0,0,1957.0,B01,138Â 211Â 354,1.0,0.0,-1.0,1722076,2.0,7,,0.0,2.0,5.0,A01,138Â 211Â 353,1.0
1008882,201900050413,3,30,10:25,1,2,1,1.0,3.0,30189,BOEGNER PASTEUR MARC (BOULEVARD),M,"43,8170979","4,3393163",30,2019,50.0,1.0,1.0,2.0,2256059,1.0,1,3,1,9.0,,-1.0,0,1957.0,B01,138Â 211Â 354,1.0,0.0,-1.0,1722077,2.0,7,,4.0,2.0,3.0,B01,138Â 211Â 354,1.0
1008883,201900050414,3,27,12:32,1,2,3,1.0,5.0,25388,FOCH (AVENUE DU MARECHAL),M,"47,5172800","6,7937700",25,2019,50.0,1.0,1.0,3.0,2256060,1.0,1,4,1,0.0,,-1.0,0,1974.0,B01,138Â 211Â 347,2.0,8.0,-1.0,1722078,1.0,36,,0.0,2.0,3.0,B01,138Â 211Â 347,0.0
1008883,201900050414,3,27,12:32,1,2,3,1.0,5.0,25388,FOCH (AVENUE DU MARECHAL),M,"47,5172800","6,7937700",25,2019,50.0,1.0,1.0,3.0,2256060,1.0,1,4,1,0.0,,-1.0,0,1974.0,B01,138Â 211Â 347,2.0,8.0,-1.0,1722079,2.0,7,,0.0,6.0,3.0,A01,138Â 211Â 348,6.0
1008883,201900050414,3,27,12:32,1,2,3,1.0,5.0,25388,FOCH (AVENUE DU MARECHAL),M,"47,5172800","6,7937700",25,2019,50.0,1.0,1.0,3.0,2256060,1.0,1,4,1,0.0,,-1.0,0,1974.0,B01,138Â 211Â 347,2.0,8.0,-1.0,1722080,2.0,7,,0.0,2.0,1.0,C01,138Â 211Â 349,-1.0
1008883,201900050414,3,27,12:32,1,2,3,1.0,5.0,25388,FOCH (AVENUE DU MARECHAL),M,"47,5172800","6,7937700",25,2019,50.0,1.0,1.0,3.0,2256061,1.0,1,1,1,0.0,,0.0,0,1952.0,A01,138Â 211Â 348,1.0,0.0,-1.0,1722078,1.0,36,,0.0,2.0,3.0,B01,138Â 211Â 347,0.0
1008883,201900050414,3,27,12:32,1,2,3,1.0,5.0,25388,FOCH (AVENUE DU MARECHAL),M,"47,5172800","6,7937700",25,2019,50.0,1.0,1.0,3.0,2256061,1.0,1,1,1,0.0,,0.0,0,1952.0,A01,138Â 211Â 348,1.0,0.0,-1.0,1722079,2.0,7,,0.0,6.0,3.0,A01,138Â 211Â 348,6.0
1008883,201900050414,3,27,12:32,1,2,3,1.0,5.0,25388,FOCH (AVENUE DU MARECHAL),M,"47,5172800","6,7937700",25,2019,50.0,1.0,1.0,3.0,2256061,1.0,1,1,1,0.0,,0.0,0,1952.0,A01,138Â 211Â 348,1.0,0.0,-1.0,1722080,2.0,7,,0.0,2.0,1.0,C01,138Â 211Â 349,-1.0
1008883,201900050414,3,27,12:32,1,2,3,1.0,5.0,25388,FOCH (AVENUE DU MARECHAL),M,"47,5172800","6,7937700",25,2019,50.0,1.0,1.0,3.0,2256062,1.0,1,4,1,-1.0,,-1.0,0,1974.0,C01,138Â 211Â 349,1.0,-1.0,-1.0,1722078,1.0,36,,0.0,2.0,3.0,B01,138Â 211Â 347,0.0
1008883,201900050414,3,27,12:32,1,2,3,1.0,5.0,25388,FOCH (AVENUE DU MARECHAL),M,"47,5172800","6,7937700",25,2019,50.0,1.0,1.0,3.0,2256062,1.0,1,4,1,-1.0,,-1.0,0,1974.0,C01,138Â 211Â 349,1.0,-1.0,-1.0,1722079,2.0,7,,0.0,6.0,3.0,A01,138Â 211Â 348,6.0
1008883,201900050414,3,27,12:32,1,2,3,1.0,5.0,25388,FOCH (AVENUE DU MARECHAL),M,"47,5172800","6,7937700",25,2019,50.0,1.0,1.0,3.0,2256062,1.0,1,4,1,-1.0,,-1.0,0,1974.0,C01,138Â 211Â 349,1.0,-1.0,-1.0,1722080,2.0,7,,0.0,2.0,1.0,C01,138Â 211Â 349,-1.0
1008884,201900050415,3,30,09:20,1,2,1,1.0,6.0,25031,REVOLUTION DE 1789 AVENUE DE LA),M,"47,4878300","6,8415500",25,2019,70.0,1.0,1.0,3.0,2256063,10.0,3,3,1,9.0,,2.0,3,1967.0,A01,138Â 211Â 346,8.0,0.0,-1.0,1722081,2.0,10,,0.0,1.0,0.0,A01,138Â 211Â 346,6.0
1008885,201900050416,3,30,18:00,1,2,1,1.0,1.0,13117,ROUCAS ( CORNICHE DU ),M,"43,4623300","5,2401500",13,2019,50.0,1.0,1.0,4.0,2256064,2.0,2,4,1,5.0,,-1.0,0,2013.0,B01,138Â 211Â 344,1.0,0.0,-1.0,1722082,3.0,7,,0.0,2.0,3.0,B01,138Â 211Â 344,1.0
1008885,201900050416,3,30,18:00,1,2,1,1.0,1.0,13117,ROUCAS ( CORNICHE DU ),M,"43,4623300","5,2401500",13,2019,50.0,1.0,1.0,4.0,2256064,2.0,2,4,1,5.0,,-1.0,0,2013.0,B01,138Â 211Â 344,1.0,0.0,-1.0,1722083,3.0,33,,0.0,2.0,1.0,A01,138Â 211Â 345,1.0
1008885,201900050416,3,30,18:00,1,2,1,1.0,1.0,13117,ROUCAS ( CORNICHE DU ),M,"43,4623300","5,2401500",13,2019,50.0,1.0,1.0,4.0,2256065,1.0,1,1,1,5.0,,-1.0,0,1985.0,B01,138Â 211Â 344,1.0,0.0,-1.0,1722082,3.0,7,,0.0,2.0,3.0,B01,138Â 211Â 344,1.0
1008885,201900050416,3,30,18:00,1,2,1,1.0,1.0,13117,ROUCAS ( CORNICHE DU ),M,"43,4623300","5,2401500",13,2019,50.0,1.0,1.0,4.0,2256065,1.0,1,1,1,5.0,,-1.0,0,1985.0,B01,138Â 211Â 344,1.0,0.0,-1.0,1722083,3.0,33,,0.0,2.0,1.0,A01,138Â 211Â 345,1.0
1008885,201900050416,3,30,18:00,1,2,1,1.0,1.0,13117,ROUCAS ( CORNICHE DU ),M,"43,4623300","5,2401500",13,2019,50.0,1.0,1.0,4.0,2256066,1.0,1,4,1,9.0,,-1.0,0,2000.0,A01,138Â 211Â 345,2.0,8.0,-1.0,1722082,3.0,7,,0.0,2.0,3.0,B01,138Â 211Â 344,1.0
1008885,201900050416,3,30,18:00,1,2,1,1.0,1.0,13117,ROUCAS ( CORNICHE DU ),M,"43,4623300","5,2401500",13,2019,50.0,1.0,1.0,4.0,2256066,1.0,1,4,1,9.0,,-1.0,0,2000.0,A01,138Â 211Â 345,2.0,8.0,-1.0,1722083,3.0,33,,0.0,2.0,1.0,A01,138Â 211Â 345,1.0
1008886,201900050417,3,31,19:11,1,2,1,1.0,6.0,13206,VINCENT DELPUECH (BOULEVARD),M,"43,2830400","5,3903500",13,2019,50.0,1.0,1.0,4.0,2256067,10.0,3,4,1,5.0,,3.0,3,1991.0,A01,138Â 211Â 343,8.0,0.0,-1.0,1722084,2.0,32,,0.0,1.0,1.0,A01,138Â 211Â 343,1.0
1008886,201900050417,3,31,19:11,1,2,1,1.0,6.0,13206,VINCENT DELPUECH (BOULEVARD),M,"43,2830400","5,3903500",13,2019,50.0,1.0,1.0,4.0,2256068,1.0,1,1,1,0.0,,-1.0, -1,1989.0,A01,138Â 211Â 343,2.0,8.0,-1.0,1722084,2.0,32,,0.0,1.0,1.0,A01,138Â 211Â 343,1.0
1008887,201900050418,3,31,16:30,1,2,1,1.0,6.0,13208,PRADO (contre allÃ©e),M,"43,2799400","5,3874600",13,2019,50.0,1.0,1.0,4.0,2256069,10.0,3,3,2,5.0,,3.0,3,1958.0,A01,138Â 211Â 342,8.0,0.0,-1.0,1722085,2.0,7,,0.0,1.0,5.0,A01,138Â 211Â 342,1.0
1008887,201900050418,3,31,16:30,1,2,1,1.0,6.0,13208,PRADO (contre allÃ©e),M,"43,2799400","5,3874600",13,2019,50.0,1.0,1.0,4.0,2256070,1.0,1,1,2,4.0,,-1.0, -1,1969.0,A01,138Â 211Â 342,1.0,8.0,-1.0,1722085,2.0,7,,0.0,1.0,5.0,A01,138Â 211Â 342,1.0
1008888,201900050419,3,31,09:15,1,2,1,1.0,6.0,13047,BAUMES RUE DES,M,"43,5097030","4,9811260",13,2019,50.0,1.0,1.0,4.0,2256071,10.0,3,4,2,5.0,,2.0,5,2014.0,A01,138Â 211Â 341,8.0,0.0,-1.0,1722086,2.0,7,,0.0,1.0,3.0,A01,138Â 211Â 341,1.0
1008888,201900050419,3,31,09:15,1,2,1,1.0,6.0,13047,BAUMES RUE DES,M,"43,5097030","4,9811260",13,2019,50.0,1.0,1.0,4.0,2256072,1.0,1,1,2,5.0,,0.0,0,1966.0,A01,138Â 211Â 341,1.0,0.0,-1.0,1722086,2.0,7,,0.0,1.0,3.0,A01,138Â 211Â 341,1.0
1008889,201900050420,3,28,17:55,1,1,1,1.0,2.0,12202,DECAZEVILLE (AVENUE DE) RD 840,M,"44,3658300","2,5505200",12,2019,80.0,1.0,1.0,3.0,2256073,1.0,1,1,2,1.0,,-1.0,0,1960.0,A01,138Â 211Â 339,1.0,5.0,-1.0,1722087,1.0,7,,0.0,2.0,4.0,A01,138Â 211Â 339,1.0
1008889,201900050420,3,28,17:55,1,1,1,1.0,2.0,12202,DECAZEVILLE (AVENUE DE) RD 840,M,"44,3658300","2,5505200",12,2019,80.0,1.0,1.0,3.0,2256073,1.0,1,1,2,1.0,,-1.0,0,1960.0,A01,138Â 211Â 339,1.0,5.0,-1.0,1722088,1.0,33,,1.0,0.0,1.0,B01,138Â 211Â 340,1.0
1008889,201900050420,3,28,17:55,1,1,1,1.0,2.0,12202,DECAZEVILLE (AVENUE DE) RD 840,M,"44,3658300","2,5505200",12,2019,80.0,1.0,1.0,3.0,2256074,1.0,1,3,1,9.0,,-1.0,0,1986.0,B01,138Â 211Â 340,2.0,-1.0,-1.0,1722087,1.0,7,,0.0,2.0,4.0,A01,138Â 211Â 339,1.0
1008889,201900050420,3,28,17:55,1,1,1,1.0,2.0,12202,DECAZEVILLE (AVENUE DE) RD 840,M,"44,3658300","2,5505200",12,2019,80.0,1.0,1.0,3.0,2256074,1.0,1,3,1,9.0,,-1.0,0,1986.0,B01,138Â 211Â 340,2.0,-1.0,-1.0,1722088,1.0,33,,1.0,0.0,1.0,B01,138Â 211Â 340,1.0
1008890,201900050421,3,31,03:20,5,2,6,1.0,6.0,09225,GABRIELAT LIEU DIT,M,"43,1521600","1,6052500",9,2019,50.0,1.0,1.0,4.0,2256075,2.0,2,4,1,5.0,,-1.0, -1,1993.0,A01,138Â 211Â 338,8.0,0.0,-1.0,1722089,1.0,7,,2.0,0.0,2.0,A01,138Â 211Â 338,1.0
1008890,201900050421,3,31,03:20,5,2,6,1.0,6.0,09225,GABRIELAT LIEU DIT,M,"43,1521600","1,6052500",9,2019,50.0,1.0,1.0,4.0,2256076,1.0,1,1,2,5.0,,-1.0, -1,1985.0,A01,138Â 211Â 338,8.0,0.0,-1.0,1722089,1.0,7,,2.0,0.0,2.0,A01,138Â 211Â 338,1.0
1008890,201900050421,3,31,03:20,5,2,6,1.0,6.0,09225,GABRIELAT LIEU DIT,M,"43,1521600","1,6052500",9,2019,50.0,1.0,1.0,4.0,2256077,2.0,2,4,1,5.0,,-1.0, -1,1988.0,A01,138Â 211Â 338,8.0,0.0,-1.0,1722089,1.0,7,,2.0,0.0,2.0,A01,138Â 211Â 338,1.0
1008891,201900050422,3,31,19:40,5,2,1,1.0,1.0,06159,CORNE D OR (BOULEVARD DE LA),M,"43,7076700","7,3032400",6,2019,50.0,1.0,1.0,7.0,2256078,1.0,1,4,1,0.0,,0.0,0,1981.0,A01,138Â 211Â 336,2.0,0.0,-1.0,1722090,1.0,33,,0.0,2.0,1.0,A01,138Â 211Â 336,1.0
1008891,201900050422,3,31,19:40,5,2,1,1.0,1.0,06159,CORNE D OR (BOULEVARD DE LA),M,"43,7076700","7,3032400",6,2019,50.0,1.0,1.0,7.0,2256078,1.0,1,4,1,0.0,,0.0,0,1981.0,A01,138Â 211Â 336,2.0,0.0,-1.0,1722091,2.0,10,,0.0,2.0,1.0,B01,138Â 211Â 337,1.0
1008891,201900050422,3,31,19:40,5,2,1,1.0,1.0,06159,CORNE D OR (BOULEVARD DE LA),M,"43,7076700","7,3032400",6,2019,50.0,1.0,1.0,7.0,2256079,1.0,1,1,1,1.0,,0.0,0,1960.0,B01,138Â 211Â 337,1.0,4.0,-1.0,1722090,1.0,33,,0.0,2.0,1.0,A01,138Â 211Â 336,1.0
1008891,201900050422,3,31,19:40,5,2,1,1.0,1.0,06159,CORNE D OR (BOULEVARD DE LA),M,"43,7076700","7,3032400",6,2019,50.0,1.0,1.0,7.0,2256079,1.0,1,1,1,1.0,,0.0,0,1960.0,B01,138Â 211Â 337,1.0,4.0,-1.0,1722091,2.0,10,,0.0,2.0,1.0,B01,138Â 211Â 337,1.0
1008892,201900050423,3,31,04:50,3,2,1,1.0,1.0,06004,NICE(RN.7) AV.ET RTE DE,M,"43,6094000","7,1251000",6,2019,50.0,1.0,1.0,3.0,2256080,1.0,1,4,1,0.0,,-1.0, -1,1998.0,A01,138Â 211Â 334,2.0,6.0,-1.0,1722092,2.0,30,,0.0,2.0,1.0,A01,138Â 211Â 334,0.0
1008892,201900050423,3,31,04:50,3,2,1,1.0,1.0,06004,NICE(RN.7) AV.ET RTE DE,M,"43,6094000","7,1251000",6,2019,50.0,1.0,1.0,3.0,2256080,1.0,1,4,1,0.0,,-1.0, -1,1998.0,A01,138Â 211Â 334,2.0,6.0,-1.0,1722093,1.0,10,,0.0,2.0,1.0,B01,138Â 211Â 335,0.0
1008892,201900050423,3,31,04:50,3,2,1,1.0,1.0,06004,NICE(RN.7) AV.ET RTE DE,M,"43,6094000","7,1251000",6,2019,50.0,1.0,1.0,3.0,2256081,1.0,1,1,1,5.0,,-1.0, -1,1981.0,B01,138Â 211Â 335,1.0,0.0,-1.0,1722092,2.0,30,,0.0,2.0,1.0,A01,138Â 211Â 334,0.0
1008892,201900050423,3,31,04:50,3,2,1,1.0,1.0,06004,NICE(RN.7) AV.ET RTE DE,M,"43,6094000","7,1251000",6,2019,50.0,1.0,1.0,3.0,2256081,1.0,1,1,1,5.0,,-1.0, -1,1981.0,B01,138Â 211Â 335,1.0,0.0,-1.0,1722093,1.0,10,,0.0,2.0,1.0,B01,138Â 211Â 335,0.0