Unnamed: 0_x,num_acc,mois,jour,hrmn,lum,agg,int,atm,col,com,adr,gps,lat,long,dep,annee,vma,situ,surf,catr,Unnamed: 0_y,place,catu,grav,sexe,trajet,secu,locp,actp,an_nais,num_veh_x,id_vehicule_x,secu1,secu2,secu3,Unnamed: 0,senc,catv,occutc,obs,obsm,choc,num_veh_y,id_vehicule_y,motor
1008893,201900050424,3,30,06:45,2,2,1,1.0,1.0,06004,GRASSE RTE DE,M,"43,5900000","7,1000000",6,2019,50.0,1.0,1.0,4.0,2256082,1.0,1,4,1,1.0,,-1.0, -1,1961.0,B01,138Â 211Â 332,1.0,0.0,-1.0,1722094,2.0,7,,0.0,2.0,3.0,B01,138Â 211Â 332,0.0
1008893,201900050424,3,30,06:45,2,2,1,1.0,1.0,06004,GRASSE RTE DE,M,"43,5900000","7,1000000",6,2019,50.0,1.0,1.0,4.0,2256082,1.0,1,4,1,1.0,,-1.0, -1,1961.0,B01,138Â 211Â 332,1.0,0.0,-1.0,1722095,1.0,7,,0.0,2.0,3.0,A01,138Â 211Â 333,0.0
1008893,201900050424,3,30,06:45,2,2,1,1.0,1.0,06004,GRASSE RTE DE,M,"43,5900000","7,1000000",6,2019,50.0,1.0,1.0,4.0,2256083,1.0,1,4,1,9.0,,-1.0, -1,1986.0,A01,138Â 211Â 333,1.0,0.0,-1.0,1722094,2.0,7,,0.0,2.0,3.0,B01,138Â 211Â 332,0.0
1008893,201900050424,3,30,06:45,2,2,1,1.0,1.0,06004,GRASSE RTE DE,M,"43,5900000","7,1000000",6,2019,50.0,1.0,1.0,4.0,2256083,1.0,1,4,1,9.0,,-1.0, -1,1986.0,A01,138Â 211Â 333,1.0,0.0,-1.0,1722095,1.0,7,,0.0,2.0,3.0,A01,138Â 211Â 333,0.0
1008894,201900050425,3,31,07:09,1,2,4,1.0,6.0,75116,AVENUE DE VERSAILLES,M,"48,8474180","2,2737220",75,2019,50.0,1.0,1.0,4.0,2256084,1.0,1,3,1,5.0,,0.0,0,1988.0,A01,138Â 211Â 331,2.0,6.0,-1.0,1722096,1.0,31,,11.0,0.0,1.0,A01,138Â 211Â 331,1.0
1008895,201900050426,3,31,06:12,5,2,4,1.0,3.0,75109,RUE DU FAUBOURG MONTMARTRE,M,"48,8729600","2,3430820",75,2019,50.0,1.0,1.0,4.0,2256085,1.0,1,3,1,5.0,,0.0,0,1974.0,B01,138Â 211Â 329,2.0,8.0,-1.0,1722097,1.0,34,,0.0,2.0,7.0,B01,138Â 211Â 329,1.0
1008895,201900050426,3,31,06:12,5,2,4,1.0,3.0,75109,RUE DU FAUBOURG MONTMARTRE,M,"48,8729600","2,3430820",75,2019,50.0,1.0,1.0,4.0,2256085,1.0,1,3,1,5.0,,0.0,0,1974.0,B01,138Â 211Â 329,2.0,8.0,-1.0,1722098,1.0,7,,0.0,2.0,3.0,A01,138Â 211Â 330,1.0
1008895,201900050426,3,31,06:12,5,2,4,1.0,3.0,75109,RUE DU FAUBOURG MONTMARTRE,M,"48,8729600","2,3430820",75,2019,50.0,1.0,1.0,4.0,2256086,2.0,2,4,2,5.0,,0.0,0,1992.0,B01,138Â 211Â 329,2.0,8.0,-1.0,1722097,1.0,34,,0.0,2.0,7.0,B01,138Â 211Â 329,1.0
1008895,201900050426,3,31,06:12,5,2,4,1.0,3.0,75109,RUE DU FAUBOURG MONTMARTRE,M,"48,8729600","2,3430820",75,2019,50.0,1.0,1.0,4.0,2256086,2.0,2,4,2,5.0,,0.0,0,1992.0,B01,138Â 211Â 329,2.0,8.0,-1.0,1722098,1.0,7,,0.0,2.0,3.0,A01,138Â 211Â 330,1.0
1008895,201900050426,3,31,06:12,5,2,4,1.0,3.0,75109,RUE DU FAUBOURG MONTMARTRE,M,"48,8729600","2,3430820",75,2019,50.0,1.0,1.0,4.0,2256087,1.0,1,1,1,5.0,,0.0,0,1986.0,A01,138Â 211Â 330,1.0,0.0,-1.0,1722097,1.0,34,,0.0,2.0,7.0,B01,138Â 211Â 329,1.0
1008895,201900050426,3,31,06:12,5,2,4,1.0,3.0,75109,RUE DU FAUBOURG MONTMARTRE,M,"48,8729600","2,3430820",75,2019,50.0,1.0,1.0,4.0,2256087,1.0,1,1,1,5.0,,0.0,0,1986.0,A01,138Â 211Â 330,1.0,0.0,-1.0,1722098,1.0,7,,0.0,2.0,3.0,A01,138Â 211Â 330,1.0
1008896,201900050427,3,29,12:19,1,2,3,1.0,1.0,75108,AVENUE WINSTON CHURCHILL,M,"48,8649920","2,3136880",75,2019,50.0,1.0,1.0,4.0,2256088,2.0,2,1,1,4.0,,0.0,0,1984.0,A01,138Â 211Â 327,1.0,8.0,-1.0,1722099,3.0,7,,0.0,2.0,1.0,A01,138Â 211Â 327,1.0
1008896,201900050427,3,29,12:19,1,2,3,1.0,1.0,75108,AVENUE WINSTON CHURCHILL,M,"48,8649920","2,3136880",75,2019,50.0,1.0,1.0,4.0,2256088,2.0,2,1,1,4.0,,0.0,0,1984.0,A01,138Â 211Â 327,1.0,8.0,-1.0,1722100,1.0,50,,0.0,2.0,8.0,B01,138Â 211Â 328,3.0
1008896,201900050427,3,29,12:19,1,2,3,1.0,1.0,75108,AVENUE WINSTON CHURCHILL,M,"48,8649920","2,3136880",75,2019,50.0,1.0,1.0,4.0,2256089,1.0,1,1,1,4.0,,0.0,0,1976.0,A01,138Â 211Â 327,1.0,8.0,-1.0,1722099,3.0,7,,0.0,2.0,1.0,A01,138Â 211Â 327,1.0
1008896,201900050427,3,29,12:19,1,2,3,1.0,1.0,75108,AVENUE WINSTON CHURCHILL,M,"48,8649920","2,3136880",75,2019,50.0,1.0,1.0,4.0,2256089,1.0,1,1,1,4.0,,0.0,0,1976.0,A01,138Â 211Â 327,1.0,8.0,-1.0,1722100,1.0,50,,0.0,2.0,8.0,B01,138Â 211Â 328,3.0
1008896,201900050427,3,29,12:19,1,2,3,1.0,1.0,75108,AVENUE WINSTON CHURCHILL,M,"48,8649920","2,3136880",75,2019,50.0,1.0,1.0,4.0,2256090,1.0,1,4,1,1.0,,0.0,0,1989.0,B01,138Â 211Â 328,8.0,0.0,-1.0,1722099,3.0,7,,0.0,2.0,1.0,A01,138Â 211Â 327,1.0
1008896,201900050427,3,29,12:19,1,2,3,1.0,1.0,75108,AVENUE WINSTON CHURCHILL,M,"48,8649920","2,3136880",75,2019,50.0,1.0,1.0,4.0,2256090,1.0,1,4,1,1.0,,0.0,0,1989.0,B01,138Â 211Â 328,8.0,0.0,-1.0,1722100,1.0,50,,0.0,2.0,8.0,B01,138Â 211Â 328,3.0
1008897,201900050428,3,30,19:40,5,2,2,1.0,2.0,75105,AVENUE DE L OBSERVATOIRE,M,"48,8400630","2,3368230",75,2019,50.0,1.0,1.0,4.0,2256091,1.0,1,4,2,5.0,,0.0,0,1978.0,A01,138Â 211Â 325,2.0,6.0,-1.0,1722101,2.0,33,,0.0,2.0,1.0,A01,138Â 211Â 325,1.0
1008897,201900050428,3,30,19:40,5,2,2,1.0,2.0,75105,AVENUE DE L OBSERVATOIRE,M,"48,8400630","2,3368230",75,2019,50.0,1.0,1.0,4.0,2256091,1.0,1,4,2,5.0,,0.0,0,1978.0,A01,138Â 211Â 325,2.0,6.0,-1.0,1722102,2.0,33,,0.0,2.0,4.0,B01,138Â 211Â 326,1.0
1008897,201900050428,3,30,19:40,5,2,2,1.0,2.0,75105,AVENUE DE L OBSERVATOIRE,M,"48,8400630","2,3368230",75,2019,50.0,1.0,1.0,4.0,2256092,1.0,1,1,1,5.0,,0.0,0,1990.0,B01,138Â 211Â 326,2.0,6.0,-1.0,1722101,2.0,33,,0.0,2.0,1.0,A01,138Â 211Â 325,1.0
1008897,201900050428,3,30,19:40,5,2,2,1.0,2.0,75105,AVENUE DE L OBSERVATOIRE,M,"48,8400630","2,3368230",75,2019,50.0,1.0,1.0,4.0,2256092,1.0,1,1,1,5.0,,0.0,0,1990.0,B01,138Â 211Â 326,2.0,6.0,-1.0,1722102,2.0,33,,0.0,2.0,4.0,B01,138Â 211Â 326,1.0
1008898,201900050429,3,31,10:10,1,2,3,1.0,6.0,75120,RUE FERME DE SAVY,M,"48,8720270","2,3831940",75,2019,30.0,1.0,1.0,4.0,2256093,3.0,2,1,1,5.0,,0.0,0,1995.0,A01,138Â 211Â 324,8.0,0.0,-1.0,1722103,3.0,7,,8.0,0.0,2.0,A01,138Â 211Â 324,1.0
1008898,201900050429,3,31,10:10,1,2,3,1.0,6.0,75120,RUE FERME DE SAVY,M,"48,8720270","2,3831940",75,2019,30.0,1.0,1.0,4.0,2256094,2.0,2,4,1,5.0,,0.0,0,1992.0,A01,138Â 211Â 324,8.0,0.0,-1.0,1722103,3.0,7,,8.0,0.0,2.0,A01,138Â 211Â 324,1.0
1008898,201900050429,3,31,10:10,1,2,3,1.0,6.0,75120,RUE FERME DE SAVY,M,"48,8720270","2,3831940",75,2019,30.0,1.0,1.0,4.0,2256095,1.0,1,1,1,5.0,,0.0,0,1991.0,A01,138Â 211Â 324,8.0,0.0,-1.0,1722103,3.0,7,,8.0,0.0,2.0,A01,138Â 211Â 324,1.0
1008899,201900050430,7,16,07:15,1,1,2,1.0,3.0,25565,D45,M,"46,7883540","6,3497270",25,2019,80.0,1.0,1.0,3.0,2256096,1.0,1,2,1,9.0,,0.0,0,1949.0,A01,138Â 211Â 320,8.0,-1.0,-1.0,1722104,3.0,7,,0.0,2.0,8.0,A01,138Â 211Â 320,1.0
1008899,201900050430,7,16,07:15,1,1,2,1.0,3.0,25565,D45,M,"46,7883540","6,3497270",25,2019,80.0,1.0,1.0,3.0,2256096,1.0,1,2,1,9.0,,0.0,0,1949.0,A01,138Â 211Â 320,8.0,-1.0,-1.0,1722105,2.0,7,,0.0,2.0,1.0,B01,138Â 211Â 321,1.0
1008899,201900050430,7,16,07:15,1,1,2,1.0,3.0,25565,D45,M,"46,7883540","6,3497270",25,2019,80.0,1.0,1.0,3.0,2256097,1.0,1,4,1,1.0,,0.0,0,1979.0,B01,138Â 211Â 321,8.0,-1.0,-1.0,1722104,3.0,7,,0.0,2.0,8.0,A01,138Â 211Â 320,1.0
1008899,201900050430,7,16,07:15,1,1,2,1.0,3.0,25565,D45,M,"46,7883540","6,3497270",25,2019,80.0,1.0,1.0,3.0,2256097,1.0,1,4,1,1.0,,0.0,0,1979.0,B01,138Â 211Â 321,8.0,-1.0,-1.0,1722105,2.0,7,,0.0,2.0,1.0,B01,138Â 211Â 321,1.0
1008900,201900050431,3,31,18:15,1,2,3,1.0,3.0,75118,AVENUE DE LA PORTE DE LA CHAPELLE,M,"48,8986970","2,3586660",75,2019,50.0,1.0,1.0,4.0,2256098,1.0,1,1,1,0.0,,0.0,0,1985.0,A01,138Â 211Â 322,1.0,0.0,-1.0,1722106,3.0,7,,0.0,2.0,2.0,A01,138Â 211Â 322,1.0
1008900,201900050431,3,31,18:15,1,2,3,1.0,3.0,75118,AVENUE DE LA PORTE DE LA CHAPELLE,M,"48,8986970","2,3586660",75,2019,50.0,1.0,1.0,4.0,2256098,1.0,1,1,1,0.0,,0.0,0,1985.0,A01,138Â 211Â 322,1.0,0.0,-1.0,1722107,3.0,2,,0.0,2.0,0.0,B01,138Â 211Â 323,1.0
1008900,201900050431,3,31,18:15,1,2,3,1.0,3.0,75118,AVENUE DE LA PORTE DE LA CHAPELLE,M,"48,8986970","2,3586660",75,2019,50.0,1.0,1.0,4.0,2256099,1.0,1,4,1,0.0,,0.0,0,1964.0,B01,138Â 211Â 323,2.0,0.0,-1.0,1722106,3.0,7,,0.0,2.0,2.0,A01,138Â 211Â 322,1.0
1008900,201900050431,3,31,18:15,1,2,3,1.0,3.0,75118,AVENUE DE LA PORTE DE LA CHAPELLE,M,"48,8986970","2,3586660",75,2019,50.0,1.0,1.0,4.0,2256099,1.0,1,4,1,0.0,,0.0,0,1964.0,B01,138Â 211Â 323,2.0,0.0,-1.0,1722107,3.0,2,,0.0,2.0,0.0,B01,138Â 211Â 323,1.0
1008901,201900050432,3,31,17:15,1,2,2,1.0,3.0,75116,BOULEVARD EXELMANS,M,"48,8453420","2,2586840",75,2019,50.0,1.0,1.0,4.0,2256100,1.0,1,1,1,0.0,,0.0,0,1955.0,B01,138Â 211Â 315,1.0,0.0,-1.0,1722108,1.0,7,,0.0,2.0,1.0,B01,138Â 211Â 315,1.0
1008901,201900050432,3,31,17:15,1,2,2,1.0,3.0,75116,BOULEVARD EXELMANS,M,"48,8453420","2,2586840",75,2019,50.0,1.0,1.0,4.0,2256100,1.0,1,1,1,0.0,,0.0,0,1955.0,B01,138Â 211Â 315,1.0,0.0,-1.0,1722109,2.0,7,,0.0,2.0,7.0,A01,138Â 211Â 318,1.0
1008901,201900050432,3,31,17:15,1,2,2,1.0,3.0,75116,BOULEVARD EXELMANS,M,"48,8453420","2,2586840",75,2019,50.0,1.0,1.0,4.0,2256101,2.0,2,4,2,0.0,,0.0,0,1983.0,A01,138Â 211Â 318,1.0,0.0,-1.0,1722108,1.0,7,,0.0,2.0,1.0,B01,138Â 211Â 315,1.0
1008901,201900050432,3,31,17:15,1,2,2,1.0,3.0,75116,BOULEVARD EXELMANS,M,"48,8453420","2,2586840",75,2019,50.0,1.0,1.0,4.0,2256101,2.0,2,4,2,0.0,,0.0,0,1983.0,A01,138Â 211Â 318,1.0,0.0,-1.0,1722109,2.0,7,,0.0,2.0,7.0,A01,138Â 211Â 318,1.0
1008901,201900050432,3,31,17:15,1,2,2,1.0,3.0,75116,BOULEVARD EXELMANS,M,"48,8453420","2,2586840",75,2019,50.0,1.0,1.0,4.0,2256102,1.0,1,1,1,5.0,,0.0,0,1969.0,A01,138Â 211Â 318,1.0,8.0,-1.0,1722108,1.0,7,,0.0,2.0,1.0,B01,138Â 211Â 315,1.0
1008901,201900050432,3,31,17:15,1,2,2,1.0,3.0,75116,BOULEVARD EXELMANS,M,"48,8453420","2,2586840",75,2019,50.0,1.0,1.0,4.0,2256102,1.0,1,1,1,5.0,,0.0,0,1969.0,A01,138Â 211Â 318,1.0,8.0,-1.0,1722109,2.0,7,,0.0,2.0,7.0,A01,138Â 211Â 318,1.0
1008902,201900050433,6,27,13:35,1,1,1,7.0,5.0,44081,RD753,M,"46,8932210"," -1,5830430",44,2019,80.0,1.0,1.0,3.0,2256103,1.0,1,4,1,1.0,,0.0,0,1962.0,A01,138Â 211Â 316,1.0,-1.0,-1.0,1722110,1.0,7,,0.0,2.0,3.0,A01,138Â 211Â 316,1.0
1008902,201900050433,6,27,13:35,1,1,1,7.0,5.0,44081,RD753,M,"46,8932210"," -1,5830430",44,2019,80.0,1.0,1.0,3.0,2256103,1.0,1,4,1,1.0,,0.0,0,1962.0,A01,138Â 211Â 316,1.0,-1.0,-1.0,1722111,2.0,7,,1.0,2.0,3.0,B01,138Â 211Â 317,1.0
1008902,201900050433,6,27,13:35,1,1,1,7.0,5.0,44081,RD753,M,"46,8932210"," -1,5830430",44,2019,80.0,1.0,1.0,3.0,2256103,1.0,1,4,1,1.0,,0.0,0,1962.0,A01,138Â 211Â 316,1.0,-1.0,-1.0,1722112,2.0,15,,0.0,0.0,8.0,C01,138Â 211Â 319,1.0
1008902,201900050433,6,27,13:35,1,1,1,7.0,5.0,44081,RD753,M,"46,8932210"," -1,5830430",44,2019,80.0,1.0,1.0,3.0,2256104,1.0,1,4,2,1.0,,0.0,0,1964.0,B01,138Â 211Â 317,1.0,-1.0,-1.0,1722110,1.0,7,,0.0,2.0,3.0,A01,138Â 211Â 316,1.0
1008902,201900050433,6,27,13:35,1,1,1,7.0,5.0,44081,RD753,M,"46,8932210"," -1,5830430",44,2019,80.0,1.0,1.0,3.0,2256104,1.0,1,4,2,1.0,,0.0,0,1964.0,B01,138Â 211Â 317,1.0,-1.0,-1.0,1722111,2.0,7,,1.0,2.0,3.0,B01,138Â 211Â 317,1.0
1008902,201900050433,6,27,13:35,1,1,1,7.0,5.0,44081,RD753,M,"46,8932210"," -1,5830430",44,2019,80.0,1.0,1.0,3.0,2256104,1.0,1,4,2,1.0,,0.0,0,1964.0,B01,138Â 211Â 317,1.0,-1.0,-1.0,1722112,2.0,15,,0.0,0.0,8.0,C01,138Â 211Â 319,1.0
1008902,201900050433,6,27,13:35,1,1,1,7.0,5.0,44081,RD753,M,"46,8932210"," -1,5830430",44,2019,80.0,1.0,1.0,3.0,2256105,2.0,2,1,1,5.0,,0.0,0,1960.0,B01,138Â 211Â 317,1.0,-1.0,-1.0,1722110,1.0,7,,0.0,2.0,3.0,A01,138Â 211Â 316,1.0
1008902,201900050433,6,27,13:35,1,1,1,7.0,5.0,44081,RD753,M,"46,8932210"," -1,5830430",44,2019,80.0,1.0,1.0,3.0,2256105,2.0,2,1,1,5.0,,0.0,0,1960.0,B01,138Â 211Â 317,1.0,-1.0,-1.0,1722111,2.0,7,,1.0,2.0,3.0,B01,138Â 211Â 317,1.0
1008902,201900050433,6,27,13:35,1,1,1,7.0,5.0,44081,RD753,M,"46,8932210"," -1,5830430",44,2019,80.0,1.0,1.0,3.0,2256105,2.0,2,1,1,5.0,,0.0,0,1960.0,B01,138Â 211Â 317,1.0,-1.0,-1.0,1722112,2.0,15,,0.0,0.0,8.0,C01,138Â 211Â 319,1.0
1008902,201900050433,6,27,13:35,1,1,1,7.0,5.0,44081,RD753,M,"46,8932210"," -1,5830430",44,2019,80.0,1.0,1.0,3.0,2256106,1.0,1,1,1,4.0,,0.0,0,1974.0,C01,138Â 211Â 319,0.0,-1.0,-1.0,1722110,1.0,7,,0.0,2.0,3.0,A01,138Â 211Â 316,1.0
1008902,201900050433,6,27,13:35,1,1,1,7.0,5.0,44081,RD753,M,"46,8932210"," -1,5830430",44,2019,80.0,1.0,1.0,3.0,2256106,1.0,1,1,1,4.0,,0.0,0,1974.0,C01,138Â 211Â 319,0.0,-1.0,-1.0,1722111,2.0,7,,1.0,2.0,3.0,B01,138Â 211Â 317,1.0
1008902,201900050433,6,27,13:35,1,1,1,7.0,5.0,44081,RD753,M,"46,8932210"," -1,5830430",44,2019,80.0,1.0,1.0,3.0,2256106,1.0,1,1,1,4.0,,0.0,0,1974.0,C01,138Â 211Â 319,0.0,-1.0,-1.0,1722112,2.0,15,,0.0,0.0,8.0,C01,138Â 211Â 319,1.0
1008903,201900050434,3,30,18:09,1,2,3,1.0,7.0,75116,ROUTE DES TRIBUNES,M,"48,8619740","2,2304020",75,2019,50.0,1.0,1.0,4.0,2256107,1.0,1,3,1,5.0,,0.0,0,1983.0,A01,138Â 211Â 314,8.0,0.0,-1.0,1722113,3.0,1,,0.0,0.0,0.0,A01,138Â 211Â 314,5.0
1008904,201900050435,7,15,17:22,1,2,6,7.0,6.0,44043,Boulevard Pierre et Marie Curie,M,"47,0841390"," -1,2912720",44,2019,50.0,1.0,1.0,4.0,2256108,1.0,1,1,1,1.0,,0.0,0,1957.0,A01,138Â 211Â 313,1.0,-1.0,-1.0,1722114,0.0,7,,0.0,1.0,1.0,A01,138Â 211Â 313,1.0
1008904,201900050435,7,15,17:22,1,2,6,7.0,6.0,44043,Boulevard Pierre et Marie Curie,M,"47,0841390"," -1,2912720",44,2019,50.0,1.0,1.0,4.0,2256109,10.0,3,3,2,0.0,,3.0,3,1944.0,A01,138Â 211Â 313,0.0,-1.0,-1.0,1722114,0.0,7,,0.0,1.0,1.0,A01,138Â 211Â 313,1.0
1008905,201900050436,7,13,08:55,1,2,2,1.0,3.0,31451,Bd Jean JaurÃ¨s,M,"43,4583220","2,0102670",31,2019,50.0,1.0,1.0,4.0,2256110,1.0,1,1,2,3.0,,0.0,0,1947.0,A01,138Â 211Â 309,8.0,-1.0,-1.0,1722115,1.0,7,,0.0,2.0,3.0,A01,138Â 211Â 309,1.0
1008905,201900050436,7,13,08:55,1,2,2,1.0,3.0,31451,Bd Jean JaurÃ¨s,M,"43,4583220","2,0102670",31,2019,50.0,1.0,1.0,4.0,2256110,1.0,1,1,2,3.0,,0.0,0,1947.0,A01,138Â 211Â 309,8.0,-1.0,-1.0,1722116,2.0,1,,0.0,2.0,8.0,B01,138Â 211Â 311,5.0
1008905,201900050436,7,13,08:55,1,2,2,1.0,3.0,31451,Bd Jean JaurÃ¨s,M,"43,4583220","2,0102670",31,2019,50.0,1.0,1.0,4.0,2256111,1.0,1,4,2,3.0,,0.0,0,1937.0,B01,138Â 211Â 311,0.0,-1.0,-1.0,1722115,1.0,7,,0.0,2.0,3.0,A01,138Â 211Â 309,1.0
1008905,201900050436,7,13,08:55,1,2,2,1.0,3.0,31451,Bd Jean JaurÃ¨s,M,"43,4583220","2,0102670",31,2019,50.0,1.0,1.0,4.0,2256111,1.0,1,4,2,3.0,,0.0,0,1937.0,B01,138Â 211Â 311,0.0,-1.0,-1.0,1722116,2.0,1,,0.0,2.0,8.0,B01,138Â 211Â 311,5.0
1008906,201900050437,3,30,15:20,1,2,1,1.0,4.0,75116,VOIE GEORGES POMPIDOU,M,"48,8518300","2,2802820",75,2019,50.0,1.0,1.0,4.0,2256112,2.0,2,4,2,5.0,,0.0,0,1960.0,A01,138Â 211Â 308,2.0,6.0,-1.0,1722117,2.0,33,,0.0,2.0,9.0,A01,138Â 211Â 308,1.0
1008906,201900050437,3,30,15:20,1,2,1,1.0,4.0,75116,VOIE GEORGES POMPIDOU,M,"48,8518300","2,2802820",75,2019,50.0,1.0,1.0,4.0,2256112,2.0,2,4,2,5.0,,0.0,0,1960.0,A01,138Â 211Â 308,2.0,6.0,-1.0,1722118,2.0,7,,0.0,2.0,2.0,B01,138Â 211Â 310,1.0
1008906,201900050437,3,30,15:20,1,2,1,1.0,4.0,75116,VOIE GEORGES POMPIDOU,M,"48,8518300","2,2802820",75,2019,50.0,1.0,1.0,4.0,2256112,2.0,2,4,2,5.0,,0.0,0,1960.0,A01,138Â 211Â 308,2.0,6.0,-1.0,1722119,2.0,7,,0.0,2.0,5.0,C01,138Â 211Â 312,1.0
1008906,201900050437,3,30,15:20,1,2,1,1.0,4.0,75116,VOIE GEORGES POMPIDOU,M,"48,8518300","2,2802820",75,2019,50.0,1.0,1.0,4.0,2256113,1.0,1,1,1,5.0,,0.0,0,1961.0,A01,138Â 211Â 308,2.0,6.0,-1.0,1722117,2.0,33,,0.0,2.0,9.0,A01,138Â 211Â 308,1.0
1008906,201900050437,3,30,15:20,1,2,1,1.0,4.0,75116,VOIE GEORGES POMPIDOU,M,"48,8518300","2,2802820",75,2019,50.0,1.0,1.0,4.0,2256113,1.0,1,1,1,5.0,,0.0,0,1961.0,A01,138Â 211Â 308,2.0,6.0,-1.0,1722118,2.0,7,,0.0,2.0,2.0,B01,138Â 211Â 310,1.0
1008906,201900050437,3,30,15:20,1,2,1,1.0,4.0,75116,VOIE GEORGES POMPIDOU,M,"48,8518300","2,2802820",75,2019,50.0,1.0,1.0,4.0,2256113,1.0,1,1,1,5.0,,0.0,0,1961.0,A01,138Â 211Â 308,2.0,6.0,-1.0,1722119,2.0,7,,0.0,2.0,5.0,C01,138Â 211Â 312,1.0
1008906,201900050437,3,30,15:20,1,2,1,1.0,4.0,75116,VOIE GEORGES POMPIDOU,M,"48,8518300","2,2802820",75,2019,50.0,1.0,1.0,4.0,2256114,1.0,1,1,2,5.0,,0.0,0,1972.0,B01,138Â 211Â 310,1.0,0.0,-1.0,1722117,2.0,33,,0.0,2.0,9.0,A01,138Â 211Â 308,1.0
1008906,201900050437,3,30,15:20,1,2,1,1.0,4.0,75116,VOIE GEORGES POMPIDOU,M,"48,8518300","2,2802820",75,2019,50.0,1.0,1.0,4.0,2256114,1.0,1,1,2,5.0,,0.0,0,1972.0,B01,138Â 211Â 310,1.0,0.0,-1.0,1722118,2.0,7,,0.0,2.0,2.0,B01,138Â 211Â 310,1.0
1008906,201900050437,3,30,15:20,1,2,1,1.0,4.0,75116,VOIE GEORGES POMPIDOU,M,"48,8518300","2,2802820",75,2019,50.0,1.0,1.0,4.0,2256114,1.0,1,1,2,5.0,,0.0,0,1972.0,B01,138Â 211Â 310,1.0,0.0,-1.0,1722119,2.0,7,,0.0,2.0,5.0,C01,138Â 211Â 312,1.0
1008906,201900050437,3,30,15:20,1,2,1,1.0,4.0,75116,VOIE GEORGES POMPIDOU,M,"48,8518300","2,2802820",75,2019,50.0,1.0,1.0,4.0,2256115,1.0,1,1,1,5.0,,0.0,0,1961.0,C01,138Â 211Â 312,1.0,0.0,-1.0,1722117,2.0,33,,0.0,2.0,9.0,A01,138Â 211Â 308,1.0
1008906,201900050437,3,30,15:20,1,2,1,1.0,4.0,75116,VOIE GEORGES POMPIDOU,M,"48,8518300","2,2802820",75,2019,50.0,1.0,1.0,4.0,2256115,1.0,1,1,1,5.0,,0.0,0,1961.0,C01,138Â 211Â 312,1.0,0.0,-1.0,1722118,2.0,7,,0.0,2.0,2.0,B01,138Â 211Â 310,1.0
1008906,201900050437,3,30,15:20,1,2,1,1.0,4.0,75116,VOIE GEORGES POMPIDOU,M,"48,8518300","2,2802820",75,2019,50.0,1.0,1.0,4.0,2256115,1.0,1,1,1,5.0,,0.0,0,1961.0,C01,138Â 211Â 312,1.0,0.0,-1.0,1722119,2.0,7,,0.0,2.0,5.0,C01,138Â 211Â 312,1.0
1008907,201900050438,3,31,17:10,1,2,2,1.0,2.0,75115,RUE CAMBRONNE,M,"48,8404060","2,3042470",75,2019,50.0,1.0,1.0,4.0,2256116,2.0,2,4,2,5.0,,0.0,0,1998.0,A01,138Â 211Â 306,2.0,6.0,-1.0,1722120,2.0,32,,0.0,2.0,3.0,A01,138Â 211Â 306,1.0
1008907,201900050438,3,31,17:10,1,2,2,1.0,2.0,75115,RUE CAMBRONNE,M,"48,8404060","2,3042470",75,2019,50.0,1.0,1.0,4.0,2256116,2.0,2,4,2,5.0,,0.0,0,1998.0,A01,138Â 211Â 306,2.0,6.0,-1.0,1722121,2.0,30,,0.0,2.0,6.0,B01,138Â 211Â 307,1.0
1008907,201900050438,3,31,17:10,1,2,2,1.0,2.0,75115,RUE CAMBRONNE,M,"48,8404060","2,3042470",75,2019,50.0,1.0,1.0,4.0,2256117,1.0,1,4,1,5.0,,0.0,0,1998.0,A01,138Â 211Â 306,2.0,6.0,-1.0,1722120,2.0,32,,0.0,2.0,3.0,A01,138Â 211Â 306,1.0
1008907,201900050438,3,31,17:10,1,2,2,1.0,2.0,75115,RUE CAMBRONNE,M,"48,8404060","2,3042470",75,2019,50.0,1.0,1.0,4.0,2256117,1.0,1,4,1,5.0,,0.0,0,1998.0,A01,138Â 211Â 306,2.0,6.0,-1.0,1722121,2.0,30,,0.0,2.0,6.0,B01,138Â 211Â 307,1.0
1008907,201900050438,3,31,17:10,1,2,2,1.0,2.0,75115,RUE CAMBRONNE,M,"48,8404060","2,3042470",75,2019,50.0,1.0,1.0,4.0,2256118,1.0,1,4,1,5.0,,0.0,0,1994.0,B01,138Â 211Â 307,2.0,6.0,-1.0,1722120,2.0,32,,0.0,2.0,3.0,A01,138Â 211Â 306,1.0
1008907,201900050438,3,31,17:10,1,2,2,1.0,2.0,75115,RUE CAMBRONNE,M,"48,8404060","2,3042470",75,2019,50.0,1.0,1.0,4.0,2256118,1.0,1,4,1,5.0,,0.0,0,1994.0,B01,138Â 211Â 307,2.0,6.0,-1.0,1722121,2.0,30,,0.0,2.0,6.0,B01,138Â 211Â 307,1.0
1008908,201900050439,7,16,08:00,1,1,1,1.0,4.0,38453,1529 Route de Valence,M,"45,1064390","5,3154080",38,2019,80.0,1.0,1.0,3.0,2256119,1.0,1,3,1,3.0,,0.0,0,1945.0,D01,138Â 211Â 302,1.0,5.0,-1.0,1722122,1.0,7,,0.0,2.0,1.0,D01,138Â 211Â 302,1.0
1008908,201900050439,7,16,08:00,1,1,1,1.0,4.0,38453,1529 Route de Valence,M,"45,1064390","5,3154080",38,2019,80.0,1.0,1.0,3.0,2256119,1.0,1,3,1,3.0,,0.0,0,1945.0,D01,138Â 211Â 302,1.0,5.0,-1.0,1722123,2.0,7,,0.0,2.0,1.0,C01,138Â 211Â 303,1.0