Unnamed: 0_x,num_acc,mois,jour,hrmn,lum,agg,int,atm,col,com,adr,gps,lat,long,dep,annee,vma,situ,surf,catr,Unnamed: 0_y,place,catu,grav,sexe,trajet,secu,locp,actp,an_nais,num_veh_x,id_vehicule_x,secu1,secu2,secu3,Unnamed: 0,senc,catv,occutc,obs,obsm,choc,num_veh_y,id_vehicule_y,motor
1008908,201900050439,7,16,08:00,1,1,1,1.0,4.0,38453,1529 Route de Valence,M,"45,1064390","5,3154080",38,2019,80.0,1.0,1.0,3.0,2256119,1.0,1,3,1,3.0,,0.0,0,1945.0,D01,138Â 211Â 302,1.0,5.0,-1.0,1722124,2.0,7,,0.0,2.0,3.0,B01,138Â 211Â 304,1.0
1008908,201900050439,7,16,08:00,1,1,1,1.0,4.0,38453,1529 Route de Valence,M,"45,1064390","5,3154080",38,2019,80.0,1.0,1.0,3.0,2256119,1.0,1,3,1,3.0,,0.0,0,1945.0,D01,138Â 211Â 302,1.0,5.0,-1.0,1722125,2.0,7,,0.0,2.0,5.0,A01,138Â 211Â 305,1.0
1008908,201900050439,7,16,08:00,1,1,1,1.0,4.0,38453,1529 Route de Valence,M,"45,1064390","5,3154080",38,2019,80.0,1.0,1.0,3.0,2256120,1.0,1,4,1,1.0,,0.0,0,1979.0,C01,138Â 211Â 303,1.0,-1.0,-1.0,1722122,1.0,7,,0.0,2.0,1.0,D01,138Â 211Â 302,1.0
1008908,201900050439,7,16,08:00,1,1,1,1.0,4.0,38453,1529 Route de Valence,M,"45,1064390","5,3154080",38,2019,80.0,1.0,1.0,3.0,2256120,1.0,1,4,1,1.0,,0.0,0,1979.0,C01,138Â 211Â 303,1.0,-1.0,-1.0,1722123,2.0,7,,0.0,2.0,1.0,C01,138Â 211Â 303,1.0
1008908,201900050439,7,16,08:00,1,1,1,1.0,4.0,38453,1529 Route de Valence,M,"45,1064390","5,3154080",38,2019,80.0,1.0,1.0,3.0,2256120,1.0,1,4,1,1.0,,0.0,0,1979.0,C01,138Â 211Â 303,1.0,-1.0,-1.0,1722124,2.0,7,,0.0,2.0,3.0,B01,138Â 211Â 304,1.0
1008908,201900050439,7,16,08:00,1,1,1,1.0,4.0,38453,1529 Route de Valence,M,"45,1064390","5,3154080",38,2019,80.0,1.0,1.0,3.0,2256120,1.0,1,4,1,1.0,,0.0,0,1979.0,C01,138Â 211Â 303,1.0,-1.0,-1.0,1722125,2.0,7,,0.0,2.0,5.0,A01,138Â 211Â 305,1.0
1008908,201900050439,7,16,08:00,1,1,1,1.0,4.0,38453,1529 Route de Valence,M,"45,1064390","5,3154080",38,2019,80.0,1.0,1.0,3.0,2256121,1.0,1,1,2,1.0,,0.0,0,1987.0,B01,138Â 211Â 304,1.0,-1.0,-1.0,1722122,1.0,7,,0.0,2.0,1.0,D01,138Â 211Â 302,1.0
1008908,201900050439,7,16,08:00,1,1,1,1.0,4.0,38453,1529 Route de Valence,M,"45,1064390","5,3154080",38,2019,80.0,1.0,1.0,3.0,2256121,1.0,1,1,2,1.0,,0.0,0,1987.0,B01,138Â 211Â 304,1.0,-1.0,-1.0,1722123,2.0,7,,0.0,2.0,1.0,C01,138Â 211Â 303,1.0
1008908,201900050439,7,16,08:00,1,1,1,1.0,4.0,38453,1529 Route de Valence,M,"45,1064390","5,3154080",38,2019,80.0,1.0,1.0,3.0,2256121,1.0,1,1,2,1.0,,0.0,0,1987.0,B01,138Â 211Â 304,1.0,-1.0,-1.0,1722124,2.0,7,,0.0,2.0,3.0,B01,138Â 211Â 304,1.0
1008908,201900050439,7,16,08:00,1,1,1,1.0,4.0,38453,1529 Route de Valence,M,"45,1064390","5,3154080",38,2019,80.0,1.0,1.0,3.0,2256121,1.0,1,1,2,1.0,,0.0,0,1987.0,B01,138Â 211Â 304,1.0,-1.0,-1.0,1722125,2.0,7,,0.0,2.0,5.0,A01,138Â 211Â 305,1.0
1008908,201900050439,7,16,08:00,1,1,1,1.0,4.0,38453,1529 Route de Valence,M,"45,1064390","5,3154080",38,2019,80.0,1.0,1.0,3.0,2256122,1.0,1,4,1,1.0,,0.0,0,1962.0,A01,138Â 211Â 305,1.0,-1.0,-1.0,1722122,1.0,7,,0.0,2.0,1.0,D01,138Â 211Â 302,1.0
1008908,201900050439,7,16,08:00,1,1,1,1.0,4.0,38453,1529 Route de Valence,M,"45,1064390","5,3154080",38,2019,80.0,1.0,1.0,3.0,2256122,1.0,1,4,1,1.0,,0.0,0,1962.0,A01,138Â 211Â 305,1.0,-1.0,-1.0,1722123,2.0,7,,0.0,2.0,1.0,C01,138Â 211Â 303,1.0
1008908,201900050439,7,16,08:00,1,1,1,1.0,4.0,38453,1529 Route de Valence,M,"45,1064390","5,3154080",38,2019,80.0,1.0,1.0,3.0,2256122,1.0,1,4,1,1.0,,0.0,0,1962.0,A01,138Â 211Â 305,1.0,-1.0,-1.0,1722124,2.0,7,,0.0,2.0,3.0,B01,138Â 211Â 304,1.0
1008908,201900050439,7,16,08:00,1,1,1,1.0,4.0,38453,1529 Route de Valence,M,"45,1064390","5,3154080",38,2019,80.0,1.0,1.0,3.0,2256122,1.0,1,4,1,1.0,,0.0,0,1962.0,A01,138Â 211Â 305,1.0,-1.0,-1.0,1722125,2.0,7,,0.0,2.0,5.0,A01,138Â 211Â 305,1.0
1008909,201900050440,3,31,12:15,1,2,2,1.0,6.0,75115,RUE DE VAUGIRARD,M,"48,8429900","2,3127830",75,2019,50.0,1.0,1.0,4.0,2256123,10.0,3,3,2,5.0,,4.0,3,1932.0,A01,138Â 211Â 301,8.0,0.0,-1.0,1722126,1.0,7,,0.0,1.0,1.0,A01,138Â 211Â 301,1.0
1008909,201900050440,3,31,12:15,1,2,2,1.0,6.0,75115,RUE DE VAUGIRARD,M,"48,8429900","2,3127830",75,2019,50.0,1.0,1.0,4.0,2256124,1.0,1,1,1,1.0,,0.0,0,1967.0,A01,138Â 211Â 301,1.0,0.0,-1.0,1722126,1.0,7,,0.0,1.0,1.0,A01,138Â 211Â 301,1.0
1008910,201900050441,7,16,09:30,1,2,1,1.0,6.0,03036,rue de la Burge,M,"46,5863852","3,0585833",3,2019,50.0,1.0,1.0,3.0,2256125,1.0,1,1,1,5.0,,0.0,0,1967.0,A01,138Â 211Â 300,1.0,-1.0,-1.0,1722127,1.0,7,,0.0,1.0,7.0,A01,138Â 211Â 300,1.0
1008910,201900050441,7,16,09:30,1,2,1,1.0,6.0,03036,rue de la Burge,M,"46,5863852","3,0585833",3,2019,50.0,1.0,1.0,3.0,2256126,10.0,3,4,1,5.0,,3.0,3,1946.0,A01,138Â 211Â 300,0.0,-1.0,-1.0,1722127,1.0,7,,0.0,1.0,7.0,A01,138Â 211Â 300,1.0
1008911,201900050442,3,30,23:25,5,2,3,1.0,6.0,75114,RUE DE L OUEST,M,"48,8322320","2,3128700",75,2019,30.0,1.0,1.0,4.0,2256127,10.0,3,4,2,5.0,,4.0,3,1959.0,Z01,138Â 211Â 299,8.0,0.0,-1.0,1722128,1.0,1,,0.0,1.0,1.0,Z01,138Â 211Â 299,5.0
1008912,201900050443,7,15,06:00,2,1,1,1.0,7.0,70525,D43,M,"47,6440720","5,8438670",70,2019,80.0,3.0,1.0,3.0,2256128,1.0,1,3,1,1.0,,0.0,0,1999.0,A01,138Â 211Â 298,1.0,-1.0,-1.0,1722129,2.0,7,,16.0,0.0,3.0,A01,138Â 211Â 298,1.0
1008913,201900050444,3,31,13:10,1,2,2,1.0,6.0,75113,RUE BAUDRICOURT,M,"48,8249560","2,3624500",75,2019,30.0,1.0,1.0,4.0,2256129,1.0,1,1,1,0.0,,0.0,0,1977.0,A01,138Â 211Â 297,1.0,0.0,-1.0,1722130,1.0,7,,8.0,1.0,3.0,A01,138Â 211Â 297,2.0
1008913,201900050444,3,31,13:10,1,2,2,1.0,6.0,75113,RUE BAUDRICOURT,M,"48,8249560","2,3624500",75,2019,30.0,1.0,1.0,4.0,2256130,10.0,3,4,2,5.0,,4.0,3,1976.0,A01,138Â 211Â 297,8.0,0.0,-1.0,1722130,1.0,7,,8.0,1.0,3.0,A01,138Â 211Â 297,2.0
1008914,201900050445,3,31,05:30,5,2,7,1.0,3.0,75113,PLACE D ITALIE,M,"48,8318760","2,3553140",75,2019,50.0,1.0,1.0,4.0,2256131,1.0,1,4,1,5.0,,0.0,0,1953.0,B01,138Â 211Â 294,2.0,6.0,-1.0,1722131,1.0,33,,0.0,2.0,8.0,B01,138Â 211Â 294,1.0
1008914,201900050445,3,31,05:30,5,2,7,1.0,3.0,75113,PLACE D ITALIE,M,"48,8318760","2,3553140",75,2019,50.0,1.0,1.0,4.0,2256131,1.0,1,4,1,5.0,,0.0,0,1953.0,B01,138Â 211Â 294,2.0,6.0,-1.0,1722132,1.0,7,,0.0,2.0,3.0,A01,138Â 211Â 295,1.0
1008914,201900050445,3,31,05:30,5,2,7,1.0,3.0,75113,PLACE D ITALIE,M,"48,8318760","2,3553140",75,2019,50.0,1.0,1.0,4.0,2256132,3.0,2,1,1,0.0,,0.0,0,1966.0,A01,138Â 211Â 295,1.0,0.0,-1.0,1722131,1.0,33,,0.0,2.0,8.0,B01,138Â 211Â 294,1.0
1008914,201900050445,3,31,05:30,5,2,7,1.0,3.0,75113,PLACE D ITALIE,M,"48,8318760","2,3553140",75,2019,50.0,1.0,1.0,4.0,2256132,3.0,2,1,1,0.0,,0.0,0,1966.0,A01,138Â 211Â 295,1.0,0.0,-1.0,1722132,1.0,7,,0.0,2.0,3.0,A01,138Â 211Â 295,1.0
1008914,201900050445,3,31,05:30,5,2,7,1.0,3.0,75113,PLACE D ITALIE,M,"48,8318760","2,3553140",75,2019,50.0,1.0,1.0,4.0,2256133,1.0,1,1,1,4.0,,0.0,0,1966.0,A01,138Â 211Â 295,1.0,0.0,-1.0,1722131,1.0,33,,0.0,2.0,8.0,B01,138Â 211Â 294,1.0
1008914,201900050445,3,31,05:30,5,2,7,1.0,3.0,75113,PLACE D ITALIE,M,"48,8318760","2,3553140",75,2019,50.0,1.0,1.0,4.0,2256133,1.0,1,1,1,4.0,,0.0,0,1966.0,A01,138Â 211Â 295,1.0,0.0,-1.0,1722132,1.0,7,,0.0,2.0,3.0,A01,138Â 211Â 295,1.0
1008915,201900050446,7,15,17:00,1,1,1,1.0,6.0,05176,RD942,M,"44,5011341","6,1546502",5,2019,80.0,3.0,1.0,3.0,2256134,2.0,2,1,1,5.0,,0.0,0,2005.0,A01,138Â 211Â 293,1.0,-1.0,-1.0,1722133,2.0,7,,2.0,0.0,2.0,A01,138Â 211Â 293,6.0
1008915,201900050446,7,15,17:00,1,1,1,1.0,6.0,05176,RD942,M,"44,5011341","6,1546502",5,2019,80.0,3.0,1.0,3.0,2256135,9.0,2,1,1,5.0,,0.0,0,2004.0,A01,138Â 211Â 293,1.0,-1.0,-1.0,1722133,2.0,7,,2.0,0.0,2.0,A01,138Â 211Â 293,6.0
1008915,201900050446,7,15,17:00,1,1,1,1.0,6.0,05176,RD942,M,"44,5011341","6,1546502",5,2019,80.0,3.0,1.0,3.0,2256136,8.0,2,1,2,5.0,,0.0,0,2004.0,A01,138Â 211Â 293,1.0,-1.0,-1.0,1722133,2.0,7,,2.0,0.0,2.0,A01,138Â 211Â 293,6.0
1008915,201900050446,7,15,17:00,1,1,1,1.0,6.0,05176,RD942,M,"44,5011341","6,1546502",5,2019,80.0,3.0,1.0,3.0,2256137,5.0,2,1,1,5.0,,0.0,0,2005.0,A01,138Â 211Â 293,1.0,-1.0,-1.0,1722133,2.0,7,,2.0,0.0,2.0,A01,138Â 211Â 293,6.0
1008915,201900050446,7,15,17:00,1,1,1,1.0,6.0,05176,RD942,M,"44,5011341","6,1546502",5,2019,80.0,3.0,1.0,3.0,2256138,6.0,2,1,1,5.0,,0.0,0,2004.0,A01,138Â 211Â 293,1.0,-1.0,-1.0,1722133,2.0,7,,2.0,0.0,2.0,A01,138Â 211Â 293,6.0
1008915,201900050446,7,15,17:00,1,1,1,1.0,6.0,05176,RD942,M,"44,5011341","6,1546502",5,2019,80.0,3.0,1.0,3.0,2256139,7.0,2,4,2,5.0,,0.0,0,2004.0,A01,138Â 211Â 293,1.0,-1.0,-1.0,1722133,2.0,7,,2.0,0.0,2.0,A01,138Â 211Â 293,6.0
1008915,201900050446,7,15,17:00,1,1,1,1.0,6.0,05176,RD942,M,"44,5011341","6,1546502",5,2019,80.0,3.0,1.0,3.0,2256140,3.0,2,4,1,5.0,,0.0,0,2005.0,A01,138Â 211Â 293,1.0,-1.0,-1.0,1722133,2.0,7,,2.0,0.0,2.0,A01,138Â 211Â 293,6.0
1008915,201900050446,7,15,17:00,1,1,1,1.0,6.0,05176,RD942,M,"44,5011341","6,1546502",5,2019,80.0,3.0,1.0,3.0,2256141,4.0,2,1,1,5.0,,0.0,0,2006.0,A01,138Â 211Â 293,1.0,-1.0,-1.0,1722133,2.0,7,,2.0,0.0,2.0,A01,138Â 211Â 293,6.0
1008915,201900050446,7,15,17:00,1,1,1,1.0,6.0,05176,RD942,M,"44,5011341","6,1546502",5,2019,80.0,3.0,1.0,3.0,2256142,1.0,1,1,1,4.0,,0.0,0,1985.0,A01,138Â 211Â 293,1.0,-1.0,-1.0,1722133,2.0,7,,2.0,0.0,2.0,A01,138Â 211Â 293,6.0
1008916,201900050447,3,31,14:40,1,2,2,1.0,3.0,75112,ROUTE DE BOURDON,M,"48,8279850","2,4438910",75,2019,50.0,5.0,1.0,4.0,2256143,1.0,1,4,1,5.0,,0.0,0,1963.0,A01,138Â 211Â 289,2.0,8.0,-1.0,1722134,0.0,1,,0.0,2.0,7.0,A01,138Â 211Â 289,5.0
1008916,201900050447,3,31,14:40,1,2,2,1.0,3.0,75112,ROUTE DE BOURDON,M,"48,8279850","2,4438910",75,2019,50.0,5.0,1.0,4.0,2256143,1.0,1,4,1,5.0,,0.0,0,1963.0,A01,138Â 211Â 289,2.0,8.0,-1.0,1722135,0.0,1,,0.0,2.0,0.0,B01,138Â 211Â 292,5.0
1008916,201900050447,3,31,14:40,1,2,2,1.0,3.0,75112,ROUTE DE BOURDON,M,"48,8279850","2,4438910",75,2019,50.0,5.0,1.0,4.0,2256144,1.0,1,1,1,5.0,,0.0,0,1981.0,B01,138Â 211Â 292,8.0,0.0,-1.0,1722134,0.0,1,,0.0,2.0,7.0,A01,138Â 211Â 289,5.0
1008916,201900050447,3,31,14:40,1,2,2,1.0,3.0,75112,ROUTE DE BOURDON,M,"48,8279850","2,4438910",75,2019,50.0,5.0,1.0,4.0,2256144,1.0,1,1,1,5.0,,0.0,0,1981.0,B01,138Â 211Â 292,8.0,0.0,-1.0,1722135,0.0,1,,0.0,2.0,0.0,B01,138Â 211Â 292,5.0
1008917,201900050448,7,14,20:55,1,1,1,1.0,6.0,50371,Cd 977,M,"48,6623890"," -0,9462960",50,2019,80.0,1.0,1.0,3.0,2256145,1.0,1,1,1,5.0,,0.0,0,1980.0,A01,138Â 211Â 288,1.0,-1.0,-1.0,1722136,3.0,7,,0.0,2.0,1.0,A01,138Â 211Â 288,0.0
1008917,201900050448,7,14,20:55,1,1,1,1.0,6.0,50371,Cd 977,M,"48,6623890"," -0,9462960",50,2019,80.0,1.0,1.0,3.0,2256145,1.0,1,1,1,5.0,,0.0,0,1980.0,A01,138Â 211Â 288,1.0,-1.0,-1.0,1722137,3.0,7,,0.0,2.0,1.0,B01,138Â 211Â 290,1.0
1008917,201900050448,7,14,20:55,1,1,1,1.0,6.0,50371,Cd 977,M,"48,6623890"," -0,9462960",50,2019,80.0,1.0,1.0,3.0,2256145,1.0,1,1,1,5.0,,0.0,0,1980.0,A01,138Â 211Â 288,1.0,-1.0,-1.0,1722138,3.0,7,,0.0,2.0,1.0,C01,138Â 211Â 291,1.0
1008917,201900050448,7,14,20:55,1,1,1,1.0,6.0,50371,Cd 977,M,"48,6623890"," -0,9462960",50,2019,80.0,1.0,1.0,3.0,2256146,1.0,1,3,2,5.0,,0.0,0,1994.0,B01,138Â 211Â 290,1.0,-1.0,-1.0,1722136,3.0,7,,0.0,2.0,1.0,A01,138Â 211Â 288,0.0
1008917,201900050448,7,14,20:55,1,1,1,1.0,6.0,50371,Cd 977,M,"48,6623890"," -0,9462960",50,2019,80.0,1.0,1.0,3.0,2256146,1.0,1,3,2,5.0,,0.0,0,1994.0,B01,138Â 211Â 290,1.0,-1.0,-1.0,1722137,3.0,7,,0.0,2.0,1.0,B01,138Â 211Â 290,1.0
1008917,201900050448,7,14,20:55,1,1,1,1.0,6.0,50371,Cd 977,M,"48,6623890"," -0,9462960",50,2019,80.0,1.0,1.0,3.0,2256146,1.0,1,3,2,5.0,,0.0,0,1994.0,B01,138Â 211Â 290,1.0,-1.0,-1.0,1722138,3.0,7,,0.0,2.0,1.0,C01,138Â 211Â 291,1.0
1008917,201900050448,7,14,20:55,1,1,1,1.0,6.0,50371,Cd 977,M,"48,6623890"," -0,9462960",50,2019,80.0,1.0,1.0,3.0,2256147,1.0,1,1,1,5.0,,0.0,0,1995.0,C01,138Â 211Â 291,1.0,-1.0,-1.0,1722136,3.0,7,,0.0,2.0,1.0,A01,138Â 211Â 288,0.0
1008917,201900050448,7,14,20:55,1,1,1,1.0,6.0,50371,Cd 977,M,"48,6623890"," -0,9462960",50,2019,80.0,1.0,1.0,3.0,2256147,1.0,1,1,1,5.0,,0.0,0,1995.0,C01,138Â 211Â 291,1.0,-1.0,-1.0,1722137,3.0,7,,0.0,2.0,1.0,B01,138Â 211Â 290,1.0
1008917,201900050448,7,14,20:55,1,1,1,1.0,6.0,50371,Cd 977,M,"48,6623890"," -0,9462960",50,2019,80.0,1.0,1.0,3.0,2256147,1.0,1,1,1,5.0,,0.0,0,1995.0,C01,138Â 211Â 291,1.0,-1.0,-1.0,1722138,3.0,7,,0.0,2.0,1.0,C01,138Â 211Â 291,1.0
1008918,201900050449,3,31,11:55,1,2,1,1.0,3.0,75110,RUE DU FAUBOURG SAINT MARTIN,M,"48,8705040","2,3564470",75,2019,50.0,1.0,1.0,4.0,2256148,1.0,1,4,1,5.0,,0.0,0,1949.0,B01,138Â 211Â 286,2.0,0.0,-1.0,1722139,2.0,43,,0.0,2.0,3.0,B01,138Â 211Â 286,1.0
1008918,201900050449,3,31,11:55,1,2,1,1.0,3.0,75110,RUE DU FAUBOURG SAINT MARTIN,M,"48,8705040","2,3564470",75,2019,50.0,1.0,1.0,4.0,2256148,1.0,1,4,1,5.0,,0.0,0,1949.0,B01,138Â 211Â 286,2.0,0.0,-1.0,1722140,2.0,7,,0.0,2.0,2.0,A01,138Â 211Â 287,1.0
1008918,201900050449,3,31,11:55,1,2,1,1.0,3.0,75110,RUE DU FAUBOURG SAINT MARTIN,M,"48,8705040","2,3564470",75,2019,50.0,1.0,1.0,4.0,2256149,1.0,1,1,1,4.0,,0.0,0,1971.0,A01,138Â 211Â 287,1.0,0.0,-1.0,1722139,2.0,43,,0.0,2.0,3.0,B01,138Â 211Â 286,1.0
1008918,201900050449,3,31,11:55,1,2,1,1.0,3.0,75110,RUE DU FAUBOURG SAINT MARTIN,M,"48,8705040","2,3564470",75,2019,50.0,1.0,1.0,4.0,2256149,1.0,1,1,1,4.0,,0.0,0,1971.0,A01,138Â 211Â 287,1.0,0.0,-1.0,1722140,2.0,7,,0.0,2.0,2.0,A01,138Â 211Â 287,1.0
1008919,201900050450,3,31,05:40,5,2,2,1.0,2.0,75110,RUE LA FAYETTE,M,"48,8807200","2,3624080",75,2019,50.0,1.0,1.0,4.0,2256150,1.0,1,1,1,5.0,,0.0,0,1990.0,A01,138Â 211Â 284,8.0,0.0,-1.0,1722141,1.0,7,,0.0,2.0,1.0,A01,138Â 211Â 284,1.0
1008919,201900050450,3,31,05:40,5,2,2,1.0,2.0,75110,RUE LA FAYETTE,M,"48,8807200","2,3624080",75,2019,50.0,1.0,1.0,4.0,2256150,1.0,1,1,1,5.0,,0.0,0,1990.0,A01,138Â 211Â 284,8.0,0.0,-1.0,1722142,1.0,32,,0.0,2.0,4.0,B01,138Â 211Â 285,1.0
1008919,201900050450,3,31,05:40,5,2,2,1.0,2.0,75110,RUE LA FAYETTE,M,"48,8807200","2,3624080",75,2019,50.0,1.0,1.0,4.0,2256151,1.0,1,4,1,1.0,,0.0,0,1969.0,B01,138Â 211Â 285,2.0,6.0,-1.0,1722141,1.0,7,,0.0,2.0,1.0,A01,138Â 211Â 284,1.0
1008919,201900050450,3,31,05:40,5,2,2,1.0,2.0,75110,RUE LA FAYETTE,M,"48,8807200","2,3624080",75,2019,50.0,1.0,1.0,4.0,2256151,1.0,1,4,1,1.0,,0.0,0,1969.0,B01,138Â 211Â 285,2.0,6.0,-1.0,1722142,1.0,32,,0.0,2.0,4.0,B01,138Â 211Â 285,1.0
1008920,201900050451,3,30,23:53,5,2,1,1.0,3.0,75110,RUE LOUIS BLANC,M,"48,8802200","2,3667400",75,2019,50.0,1.0,1.0,4.0,2256152,1.0,1,4,1,5.0,,0.0,0,1992.0,B01,138Â 211Â 282,2.0,6.0,-1.0,1722143,1.0,30,,0.0,2.0,0.0,B01,138Â 211Â 282,3.0
1008920,201900050451,3,30,23:53,5,2,1,1.0,3.0,75110,RUE LOUIS BLANC,M,"48,8802200","2,3667400",75,2019,50.0,1.0,1.0,4.0,2256152,1.0,1,4,1,5.0,,0.0,0,1992.0,B01,138Â 211Â 282,2.0,6.0,-1.0,1722144,1.0,7,,0.0,2.0,0.0,A01,138Â 211Â 283,1.0
1008920,201900050451,3,30,23:53,5,2,1,1.0,3.0,75110,RUE LOUIS BLANC,M,"48,8802200","2,3667400",75,2019,50.0,1.0,1.0,4.0,2256153,2.0,2,1,1,0.0,,0.0,0,1969.0,A01,138Â 211Â 283,1.0,0.0,-1.0,1722143,1.0,30,,0.0,2.0,0.0,B01,138Â 211Â 282,3.0
1008920,201900050451,3,30,23:53,5,2,1,1.0,3.0,75110,RUE LOUIS BLANC,M,"48,8802200","2,3667400",75,2019,50.0,1.0,1.0,4.0,2256153,2.0,2,1,1,0.0,,0.0,0,1969.0,A01,138Â 211Â 283,1.0,0.0,-1.0,1722144,1.0,7,,0.0,2.0,0.0,A01,138Â 211Â 283,1.0
1008920,201900050451,3,30,23:53,5,2,1,1.0,3.0,75110,RUE LOUIS BLANC,M,"48,8802200","2,3667400",75,2019,50.0,1.0,1.0,4.0,2256154,1.0,1,1,1,4.0,,0.0,0,1969.0,A01,138Â 211Â 283,1.0,0.0,-1.0,1722143,1.0,30,,0.0,2.0,0.0,B01,138Â 211Â 282,3.0
1008920,201900050451,3,30,23:53,5,2,1,1.0,3.0,75110,RUE LOUIS BLANC,M,"48,8802200","2,3667400",75,2019,50.0,1.0,1.0,4.0,2256154,1.0,1,1,1,4.0,,0.0,0,1969.0,A01,138Â 211Â 283,1.0,0.0,-1.0,1722144,1.0,7,,0.0,2.0,0.0,A01,138Â 211Â 283,1.0
1008921,201900050452,3,31,13:35,1,2,1,1.0,3.0,75108,RUE D AMSTERDAM,M,"48,8767690","2,3268970",75,2019,50.0,1.0,1.0,4.0,2256155,1.0,1,1,1,4.0,,0.0,0,1989.0,A01,138Â 211Â 280,8.0,0.0,-1.0,1722145,0.0,7,,0.0,2.0,7.0,A01,138Â 211Â 280,1.0
1008921,201900050452,3,31,13:35,1,2,1,1.0,3.0,75108,RUE D AMSTERDAM,M,"48,8767690","2,3268970",75,2019,50.0,1.0,1.0,4.0,2256155,1.0,1,1,1,4.0,,0.0,0,1989.0,A01,138Â 211Â 280,8.0,0.0,-1.0,1722146,0.0,1,,1.0,2.0,8.0,B01,138Â 211Â 281,5.0
1008921,201900050452,3,31,13:35,1,2,1,1.0,3.0,75108,RUE D AMSTERDAM,M,"48,8767690","2,3268970",75,2019,50.0,1.0,1.0,4.0,2256156,1.0,1,4,2,5.0,,0.0,0,1999.0,B01,138Â 211Â 281,8.0,0.0,-1.0,1722145,0.0,7,,0.0,2.0,7.0,A01,138Â 211Â 280,1.0
1008921,201900050452,3,31,13:35,1,2,1,1.0,3.0,75108,RUE D AMSTERDAM,M,"48,8767690","2,3268970",75,2019,50.0,1.0,1.0,4.0,2256156,1.0,1,4,2,5.0,,0.0,0,1999.0,B01,138Â 211Â 281,8.0,0.0,-1.0,1722146,0.0,1,,1.0,2.0,8.0,B01,138Â 211Â 281,5.0
1008922,201900050453,3,31,18:25,1,2,2,1.0,3.0,75107,RUE DU BAC,M,"48,8517100","2,3235220",75,2019,30.0,1.0,1.0,4.0,2256157,1.0,1,1,1,5.0,,0.0,0,1973.0,A01,138Â 211Â 278,1.0,0.0,-1.0,1722147,1.0,7,,0.0,2.0,2.0,A01,138Â 211Â 278,1.0
1008922,201900050453,3,31,18:25,1,2,2,1.0,3.0,75107,RUE DU BAC,M,"48,8517100","2,3235220",75,2019,30.0,1.0,1.0,4.0,2256157,1.0,1,1,1,5.0,,0.0,0,1973.0,A01,138Â 211Â 278,1.0,0.0,-1.0,1722148,1.0,1,,0.0,2.0,8.0,B01,138Â 211Â 279,5.0
1008922,201900050453,3,31,18:25,1,2,2,1.0,3.0,75107,RUE DU BAC,M,"48,8517100","2,3235220",75,2019,30.0,1.0,1.0,4.0,2256158,1.0,1,4,1,5.0,,0.0,0,1943.0,B01,138Â 211Â 279,2.0,0.0,-1.0,1722147,1.0,7,,0.0,2.0,2.0,A01,138Â 211Â 278,1.0
1008922,201900050453,3,31,18:25,1,2,2,1.0,3.0,75107,RUE DU BAC,M,"48,8517100","2,3235220",75,2019,30.0,1.0,1.0,4.0,2256158,1.0,1,4,1,5.0,,0.0,0,1943.0,B01,138Â 211Â 279,2.0,0.0,-1.0,1722148,1.0,1,,0.0,2.0,8.0,B01,138Â 211Â 279,5.0
1008923,201900050454,3,31,10:35,1,2,1,1.0,2.0,75101,RUE DE RIVOLI,M,"48,8663500","2,3238460",75,2019,50.0,1.0,1.0,4.0,2256159,1.0,1,1,1,4.0,,0.0,0,1993.0,A01,138Â 211Â 276,1.0,0.0,-1.0,1722149,1.0,7,,0.0,2.0,1.0,A01,138Â 211Â 276,1.0
1008923,201900050454,3,31,10:35,1,2,1,1.0,2.0,75101,RUE DE RIVOLI,M,"48,8663500","2,3238460",75,2019,50.0,1.0,1.0,4.0,2256159,1.0,1,1,1,4.0,,0.0,0,1993.0,A01,138Â 211Â 276,1.0,0.0,-1.0,1722150,1.0,32,,0.0,2.0,4.0,B01,138Â 211Â 277,1.0
1008923,201900050454,3,31,10:35,1,2,1,1.0,2.0,75101,RUE DE RIVOLI,M,"48,8663500","2,3238460",75,2019,50.0,1.0,1.0,4.0,2256160,2.0,2,4,2,5.0,,0.0,0,1965.0,B01,138Â 211Â 277,2.0,0.0,-1.0,1722149,1.0,7,,0.0,2.0,1.0,A01,138Â 211Â 276,1.0
1008923,201900050454,3,31,10:35,1,2,1,1.0,2.0,75101,RUE DE RIVOLI,M,"48,8663500","2,3238460",75,2019,50.0,1.0,1.0,4.0,2256160,2.0,2,4,2,5.0,,0.0,0,1965.0,B01,138Â 211Â 277,2.0,0.0,-1.0,1722150,1.0,32,,0.0,2.0,4.0,B01,138Â 211Â 277,1.0
1008923,201900050454,3,31,10:35,1,2,1,1.0,2.0,75101,RUE DE RIVOLI,M,"48,8663500","2,3238460",75,2019,50.0,1.0,1.0,4.0,2256161,1.0,1,1,1,5.0,,0.0,0,1963.0,B01,138Â 211Â 277,2.0,6.0,-1.0,1722149,1.0,7,,0.0,2.0,1.0,A01,138Â 211Â 276,1.0
1008923,201900050454,3,31,10:35,1,2,1,1.0,2.0,75101,RUE DE RIVOLI,M,"48,8663500","2,3238460",75,2019,50.0,1.0,1.0,4.0,2256161,1.0,1,1,1,5.0,,0.0,0,1963.0,B01,138Â 211Â 277,2.0,6.0,-1.0,1722150,1.0,32,,0.0,2.0,4.0,B01,138Â 211Â 277,1.0