Unnamed: 0_x,num_acc,mois,jour,hrmn,lum,agg,int,atm,col,com,adr,gps,lat,long,dep,annee,vma,situ,surf,catr,Unnamed: 0_y,place,catu,grav,sexe,trajet,secu,locp,actp,an_nais,num_veh_x,id_vehicule_x,secu1,secu2,secu3,Unnamed: 0,senc,catv,occutc,obs,obsm,choc,num_veh_y,id_vehicule_y,motor
1008924,201900050455,3,30,08:45,1,2,3,1.0,3.0,75101,RUE DE TURBIGO,M,"48,8632830","2,3463230",75,2019,30.0,5.0,1.0,4.0,2256162,1.0,1,4,2,1.0,,0.0,0,1993.0,B01,138Â 211Â 274,2.0,0.0,-1.0,1722151,2.0,1,,0.0,2.0,0.0,B01,138Â 211Â 274,5.0
1008924,201900050455,3,30,08:45,1,2,3,1.0,3.0,75101,RUE DE TURBIGO,M,"48,8632830","2,3463230",75,2019,30.0,5.0,1.0,4.0,2256162,1.0,1,4,2,1.0,,0.0,0,1993.0,B01,138Â 211Â 274,2.0,0.0,-1.0,1722152,2.0,30,,0.0,2.0,0.0,A01,138Â 211Â 275,1.0
1008924,201900050455,3,30,08:45,1,2,3,1.0,3.0,75101,RUE DE TURBIGO,M,"48,8632830","2,3463230",75,2019,30.0,5.0,1.0,4.0,2256163,1.0,1,1,1,0.0,,0.0,0,1900.0,A01,138Â 211Â 275,2.0,6.0,-1.0,1722151,2.0,1,,0.0,2.0,0.0,B01,138Â 211Â 274,5.0
1008924,201900050455,3,30,08:45,1,2,3,1.0,3.0,75101,RUE DE TURBIGO,M,"48,8632830","2,3463230",75,2019,30.0,5.0,1.0,4.0,2256163,1.0,1,1,1,0.0,,0.0,0,1900.0,A01,138Â 211Â 275,2.0,6.0,-1.0,1722152,2.0,30,,0.0,2.0,0.0,A01,138Â 211Â 275,1.0
1008925,201900050456,7,3,16:30,1,2,3,1.0,3.0,60636,Route de Plessis Brion,M,"49,4743294","2,8832737",60,2019,50.0,1.0,1.0,3.0,2256164,1.0,1,4,1,5.0,,0.0,0,1968.0,B01,138Â 211Â 271,2.0,-1.0,-1.0,1722153,3.0,1,,0.0,2.0,1.0,B01,138Â 211Â 271,5.0
1008925,201900050456,7,3,16:30,1,2,3,1.0,3.0,60636,Route de Plessis Brion,M,"49,4743294","2,8832737",60,2019,50.0,1.0,1.0,3.0,2256164,1.0,1,4,1,5.0,,0.0,0,1968.0,B01,138Â 211Â 271,2.0,-1.0,-1.0,1722154,3.0,7,,0.0,2.0,3.0,A01,138Â 211Â 272,1.0
1008925,201900050456,7,3,16:30,1,2,3,1.0,3.0,60636,Route de Plessis Brion,M,"49,4743294","2,8832737",60,2019,50.0,1.0,1.0,3.0,2256165,1.0,1,1,1,5.0,,0.0,0,1975.0,A01,138Â 211Â 272,1.0,-1.0,-1.0,1722153,3.0,1,,0.0,2.0,1.0,B01,138Â 211Â 271,5.0
1008925,201900050456,7,3,16:30,1,2,3,1.0,3.0,60636,Route de Plessis Brion,M,"49,4743294","2,8832737",60,2019,50.0,1.0,1.0,3.0,2256165,1.0,1,1,1,5.0,,0.0,0,1975.0,A01,138Â 211Â 272,1.0,-1.0,-1.0,1722154,3.0,7,,0.0,2.0,3.0,A01,138Â 211Â 272,1.0
1008926,201900050457,3,31,18:35,2,2,1,1.0,4.0,94078,HUIT MAI 1945 (AV DU),M,"48,7255800","2,4446600",94,2019,50.0,1.0,1.0,2.0,2256166,4.0,2,1,1,0.0,,-1.0, -1,2000.0,C01,138Â 211Â 270,1.0,0.0,-1.0,1722155,1.0,7,,0.0,2.0,1.0,Z01,138Â 211Â 269,1.0
1008926,201900050457,3,31,18:35,2,2,1,1.0,4.0,94078,HUIT MAI 1945 (AV DU),M,"48,7255800","2,4446600",94,2019,50.0,1.0,1.0,2.0,2256166,4.0,2,1,1,0.0,,-1.0, -1,2000.0,C01,138Â 211Â 270,1.0,0.0,-1.0,1722156,1.0,7,,0.0,2.0,4.0,C01,138Â 211Â 270,1.0
1008926,201900050457,3,31,18:35,2,2,1,1.0,4.0,94078,HUIT MAI 1945 (AV DU),M,"48,7255800","2,4446600",94,2019,50.0,1.0,1.0,2.0,2256166,4.0,2,1,1,0.0,,-1.0, -1,2000.0,C01,138Â 211Â 270,1.0,0.0,-1.0,1722157,1.0,7,,0.0,2.0,4.0,B01,138Â 211Â 273,1.0
1008926,201900050457,3,31,18:35,2,2,1,1.0,4.0,94078,HUIT MAI 1945 (AV DU),M,"48,7255800","2,4446600",94,2019,50.0,1.0,1.0,2.0,2256167,2.0,2,1,1,0.0,,-1.0, -1,1981.0,C01,138Â 211Â 270,1.0,0.0,-1.0,1722155,1.0,7,,0.0,2.0,1.0,Z01,138Â 211Â 269,1.0
1008926,201900050457,3,31,18:35,2,2,1,1.0,4.0,94078,HUIT MAI 1945 (AV DU),M,"48,7255800","2,4446600",94,2019,50.0,1.0,1.0,2.0,2256167,2.0,2,1,1,0.0,,-1.0, -1,1981.0,C01,138Â 211Â 270,1.0,0.0,-1.0,1722156,1.0,7,,0.0,2.0,4.0,C01,138Â 211Â 270,1.0
1008926,201900050457,3,31,18:35,2,2,1,1.0,4.0,94078,HUIT MAI 1945 (AV DU),M,"48,7255800","2,4446600",94,2019,50.0,1.0,1.0,2.0,2256167,2.0,2,1,1,0.0,,-1.0, -1,1981.0,C01,138Â 211Â 270,1.0,0.0,-1.0,1722157,1.0,7,,0.0,2.0,4.0,B01,138Â 211Â 273,1.0
1008926,201900050457,3,31,18:35,2,2,1,1.0,4.0,94078,HUIT MAI 1945 (AV DU),M,"48,7255800","2,4446600",94,2019,50.0,1.0,1.0,2.0,2256168,1.0,1,1,2,0.0,,-1.0, -1,1980.0,C01,138Â 211Â 270,1.0,0.0,-1.0,1722155,1.0,7,,0.0,2.0,1.0,Z01,138Â 211Â 269,1.0
1008926,201900050457,3,31,18:35,2,2,1,1.0,4.0,94078,HUIT MAI 1945 (AV DU),M,"48,7255800","2,4446600",94,2019,50.0,1.0,1.0,2.0,2256168,1.0,1,1,2,0.0,,-1.0, -1,1980.0,C01,138Â 211Â 270,1.0,0.0,-1.0,1722156,1.0,7,,0.0,2.0,4.0,C01,138Â 211Â 270,1.0
1008926,201900050457,3,31,18:35,2,2,1,1.0,4.0,94078,HUIT MAI 1945 (AV DU),M,"48,7255800","2,4446600",94,2019,50.0,1.0,1.0,2.0,2256168,1.0,1,1,2,0.0,,-1.0, -1,1980.0,C01,138Â 211Â 270,1.0,0.0,-1.0,1722157,1.0,7,,0.0,2.0,4.0,B01,138Â 211Â 273,1.0
1008926,201900050457,3,31,18:35,2,2,1,1.0,4.0,94078,HUIT MAI 1945 (AV DU),M,"48,7255800","2,4446600",94,2019,50.0,1.0,1.0,2.0,2256169,1.0,1,4,1,0.0,,-1.0, -1,1962.0,B01,138Â 211Â 273,1.0,0.0,-1.0,1722155,1.0,7,,0.0,2.0,1.0,Z01,138Â 211Â 269,1.0
1008926,201900050457,3,31,18:35,2,2,1,1.0,4.0,94078,HUIT MAI 1945 (AV DU),M,"48,7255800","2,4446600",94,2019,50.0,1.0,1.0,2.0,2256169,1.0,1,4,1,0.0,,-1.0, -1,1962.0,B01,138Â 211Â 273,1.0,0.0,-1.0,1722156,1.0,7,,0.0,2.0,4.0,C01,138Â 211Â 270,1.0
1008926,201900050457,3,31,18:35,2,2,1,1.0,4.0,94078,HUIT MAI 1945 (AV DU),M,"48,7255800","2,4446600",94,2019,50.0,1.0,1.0,2.0,2256169,1.0,1,4,1,0.0,,-1.0, -1,1962.0,B01,138Â 211Â 273,1.0,0.0,-1.0,1722157,1.0,7,,0.0,2.0,4.0,B01,138Â 211Â 273,1.0
1008927,201900050458,7,16,08:50,1,1,1,1.0,1.0,45300,Route de FÃ©rolles,M,"47,8356060","2,0576240",45,2019,80.0,1.0,1.0,4.0,2256170,1.0,1,4,1,1.0,,0.0,0,1996.0,B01,138Â 211Â 266,8.0,-1.0,-1.0,1722158,2.0,7,,0.0,2.0,2.0,B01,138Â 211Â 266,2.0
1008927,201900050458,7,16,08:50,1,1,1,1.0,1.0,45300,Route de FÃ©rolles,M,"47,8356060","2,0576240",45,2019,80.0,1.0,1.0,4.0,2256170,1.0,1,4,1,1.0,,0.0,0,1996.0,B01,138Â 211Â 266,8.0,-1.0,-1.0,1722159,1.0,7,,0.0,2.0,1.0,A01,138Â 211Â 268,1.0
1008927,201900050458,7,16,08:50,1,1,1,1.0,1.0,45300,Route de FÃ©rolles,M,"47,8356060","2,0576240",45,2019,80.0,1.0,1.0,4.0,2256171,1.0,1,3,2,9.0,,0.0,0,1982.0,A01,138Â 211Â 268,1.0,-1.0,-1.0,1722158,2.0,7,,0.0,2.0,2.0,B01,138Â 211Â 266,2.0
1008927,201900050458,7,16,08:50,1,1,1,1.0,1.0,45300,Route de FÃ©rolles,M,"47,8356060","2,0576240",45,2019,80.0,1.0,1.0,4.0,2256171,1.0,1,3,2,9.0,,0.0,0,1982.0,A01,138Â 211Â 268,1.0,-1.0,-1.0,1722159,1.0,7,,0.0,2.0,1.0,A01,138Â 211Â 268,1.0
1008928,201900050459,3,31,19:40,2,2,1,1.0,2.0,94018,VICTOR HUGO (R),M,"48,8203100","2,4121700",94,2019,50.0,1.0,1.0,4.0,2256172,1.0,1,1,2,5.0,,-1.0, -1,1993.0,A01,138Â 211Â 265,1.0,8.0,-1.0,1722160,1.0,7,,0.0,2.0,1.0,A01,138Â 211Â 265,1.0
1008928,201900050459,3,31,19:40,2,2,1,1.0,2.0,94018,VICTOR HUGO (R),M,"48,8203100","2,4121700",94,2019,50.0,1.0,1.0,4.0,2256172,1.0,1,1,2,5.0,,-1.0, -1,1993.0,A01,138Â 211Â 265,1.0,8.0,-1.0,1722161,1.0,7,,0.0,2.0,5.0,B01,138Â 211Â 267,1.0
1008928,201900050459,3,31,19:40,2,2,1,1.0,2.0,94018,VICTOR HUGO (R),M,"48,8203100","2,4121700",94,2019,50.0,1.0,1.0,4.0,2256173,1.0,1,4,2,5.0,,-1.0, -1,1989.0,B01,138Â 211Â 267,1.0,8.0,-1.0,1722160,1.0,7,,0.0,2.0,1.0,A01,138Â 211Â 265,1.0
1008928,201900050459,3,31,19:40,2,2,1,1.0,2.0,94018,VICTOR HUGO (R),M,"48,8203100","2,4121700",94,2019,50.0,1.0,1.0,4.0,2256173,1.0,1,4,2,5.0,,-1.0, -1,1989.0,B01,138Â 211Â 267,1.0,8.0,-1.0,1722161,1.0,7,,0.0,2.0,5.0,B01,138Â 211Â 267,1.0
1008929,201900050460,3,31,01:30,5,2,1,1.0,2.0,94018,PARIS (R DE),M,"48,8277900","2,4038400",94,2019,30.0,1.0,1.0,3.0,2256174,1.0,1,1,1,0.0,,-1.0,0,1997.0,A01,138Â 211Â 261,1.0,8.0,-1.0,1722162,1.0,7,,0.0,2.0,1.0,A01,138Â 211Â 261,0.0
1008929,201900050460,3,31,01:30,5,2,1,1.0,2.0,94018,PARIS (R DE),M,"48,8277900","2,4038400",94,2019,30.0,1.0,1.0,3.0,2256174,1.0,1,1,1,0.0,,-1.0,0,1997.0,A01,138Â 211Â 261,1.0,8.0,-1.0,1722163,1.0,31,,0.0,2.0,4.0,B01,138Â 211Â 263,0.0
1008929,201900050460,3,31,01:30,5,2,1,1.0,2.0,94018,PARIS (R DE),M,"48,8277900","2,4038400",94,2019,30.0,1.0,1.0,3.0,2256175,1.0,1,4,1,0.0,,-1.0,0,1971.0,B01,138Â 211Â 263,2.0,8.0,-1.0,1722162,1.0,7,,0.0,2.0,1.0,A01,138Â 211Â 261,0.0
1008929,201900050460,3,31,01:30,5,2,1,1.0,2.0,94018,PARIS (R DE),M,"48,8277900","2,4038400",94,2019,30.0,1.0,1.0,3.0,2256175,1.0,1,4,1,0.0,,-1.0,0,1971.0,B01,138Â 211Â 263,2.0,8.0,-1.0,1722163,1.0,31,,0.0,2.0,4.0,B01,138Â 211Â 263,0.0
1008930,201900050461,7,16,16:25,1,1,1,1.0,4.0,16287,Ld Le Berguille,M,"45,5832680","0,0472360",16,2019,110.0,1.0,1.0,2.0,2256176,1.0,1,1,1,4.0,,0.0,0,1982.0,C01,138Â 211Â 260,1.0,-1.0,-1.0,1722164,2.0,7,,0.0,9.0,7.0,C01,138Â 211Â 260,1.0
1008930,201900050461,7,16,16:25,1,1,1,1.0,4.0,16287,Ld Le Berguille,M,"45,5832680","0,0472360",16,2019,110.0,1.0,1.0,2.0,2256176,1.0,1,1,1,4.0,,0.0,0,1982.0,C01,138Â 211Â 260,1.0,-1.0,-1.0,1722165,2.0,17,,0.0,0.0,4.0,B01,138Â 211Â 262,1.0
1008930,201900050461,7,16,16:25,1,1,1,1.0,4.0,16287,Ld Le Berguille,M,"45,5832680","0,0472360",16,2019,110.0,1.0,1.0,2.0,2256176,1.0,1,1,1,4.0,,0.0,0,1982.0,C01,138Â 211Â 260,1.0,-1.0,-1.0,1722166,2.0,15,,0.0,2.0,1.0,A01,138Â 211Â 264,1.0
1008930,201900050461,7,16,16:25,1,1,1,1.0,4.0,16287,Ld Le Berguille,M,"45,5832680","0,0472360",16,2019,110.0,1.0,1.0,2.0,2256177,1.0,1,1,1,4.0,,0.0,0,1994.0,B01,138Â 211Â 262,1.0,-1.0,-1.0,1722164,2.0,7,,0.0,9.0,7.0,C01,138Â 211Â 260,1.0
1008930,201900050461,7,16,16:25,1,1,1,1.0,4.0,16287,Ld Le Berguille,M,"45,5832680","0,0472360",16,2019,110.0,1.0,1.0,2.0,2256177,1.0,1,1,1,4.0,,0.0,0,1994.0,B01,138Â 211Â 262,1.0,-1.0,-1.0,1722165,2.0,17,,0.0,0.0,4.0,B01,138Â 211Â 262,1.0
1008930,201900050461,7,16,16:25,1,1,1,1.0,4.0,16287,Ld Le Berguille,M,"45,5832680","0,0472360",16,2019,110.0,1.0,1.0,2.0,2256177,1.0,1,1,1,4.0,,0.0,0,1994.0,B01,138Â 211Â 262,1.0,-1.0,-1.0,1722166,2.0,15,,0.0,2.0,1.0,A01,138Â 211Â 264,1.0
1008930,201900050461,7,16,16:25,1,1,1,1.0,4.0,16287,Ld Le Berguille,M,"45,5832680","0,0472360",16,2019,110.0,1.0,1.0,2.0,2256178,1.0,1,3,1,4.0,,0.0,0,1958.0,A01,138Â 211Â 264,1.0,-1.0,-1.0,1722164,2.0,7,,0.0,9.0,7.0,C01,138Â 211Â 260,1.0
1008930,201900050461,7,16,16:25,1,1,1,1.0,4.0,16287,Ld Le Berguille,M,"45,5832680","0,0472360",16,2019,110.0,1.0,1.0,2.0,2256178,1.0,1,3,1,4.0,,0.0,0,1958.0,A01,138Â 211Â 264,1.0,-1.0,-1.0,1722165,2.0,17,,0.0,0.0,4.0,B01,138Â 211Â 262,1.0
1008930,201900050461,7,16,16:25,1,1,1,1.0,4.0,16287,Ld Le Berguille,M,"45,5832680","0,0472360",16,2019,110.0,1.0,1.0,2.0,2256178,1.0,1,3,1,4.0,,0.0,0,1958.0,A01,138Â 211Â 264,1.0,-1.0,-1.0,1722166,2.0,15,,0.0,2.0,1.0,A01,138Â 211Â 264,1.0
1008931,201900050462,7,16,15:40,1,2,1,1.0,6.0,21673,chemin neuf,M,"47,1796240","4,7095420",21,2019,50.0,1.0,1.0,4.0,2256179,1.0,1,1,1,5.0,,0.0,0,1954.0,A01,138Â 211Â 258,8.0,-1.0,-1.0,1722167,3.0,7,,0.0,1.0,7.0,A01,138Â 211Â 258,1.0
1008931,201900050462,7,16,15:40,1,2,1,1.0,6.0,21673,chemin neuf,M,"47,1796240","4,7095420",21,2019,50.0,1.0,1.0,4.0,2256180,10.0,3,4,1,5.0,,6.0,5,2012.0,A01,138Â 211Â 258,0.0,-1.0,-1.0,1722167,3.0,7,,0.0,1.0,7.0,A01,138Â 211Â 258,1.0
1008932,201900050463,7,15,08:20,1,1,1,7.0,1.0,85131,D949,M,"46,4682830"," -1,2226180",85,2019,-1.0,1.0,1.0,3.0,2256181,1.0,1,4,2,1.0,,0.0,0,1962.0,A01,138Â 211Â 255,1.0,-1.0,-1.0,1722168,1.0,7,,0.0,2.0,1.0,A01,138Â 211Â 255,1.0
1008932,201900050463,7,15,08:20,1,1,1,7.0,1.0,85131,D949,M,"46,4682830"," -1,2226180",85,2019,-1.0,1.0,1.0,3.0,2256181,1.0,1,4,2,1.0,,0.0,0,1962.0,A01,138Â 211Â 255,1.0,-1.0,-1.0,1722169,2.0,2,,0.0,2.0,1.0,B01,138Â 211Â 256,1.0
1008932,201900050463,7,15,08:20,1,1,1,7.0,1.0,85131,D949,M,"46,4682830"," -1,2226180",85,2019,-1.0,1.0,1.0,3.0,2256182,1.0,1,3,1,1.0,,0.0,0,2001.0,B01,138Â 211Â 256,2.0,-1.0,-1.0,1722168,1.0,7,,0.0,2.0,1.0,A01,138Â 211Â 255,1.0
1008932,201900050463,7,15,08:20,1,1,1,7.0,1.0,85131,D949,M,"46,4682830"," -1,2226180",85,2019,-1.0,1.0,1.0,3.0,2256182,1.0,1,3,1,1.0,,0.0,0,2001.0,B01,138Â 211Â 256,2.0,-1.0,-1.0,1722169,2.0,2,,0.0,2.0,1.0,B01,138Â 211Â 256,1.0
1008933,201900050464,3,31,16:40,1,2,1,1.0,3.0,94017,SONIA DE LAUNAY (VOI),M,"48,8128000","2,5313900",94,2019,50.0,1.0,1.0,3.0,2256183,1.0,1,1,1,5.0,,-1.0,0,1968.0,B01,138Â 211Â 257,1.0,0.0,-1.0,1722170,1.0,10,,0.0,2.0,0.0,B01,138Â 211Â 257,1.0
1008933,201900050464,3,31,16:40,1,2,1,1.0,3.0,94017,SONIA DE LAUNAY (VOI),M,"48,8128000","2,5313900",94,2019,50.0,1.0,1.0,3.0,2256183,1.0,1,1,1,5.0,,-1.0,0,1968.0,B01,138Â 211Â 257,1.0,0.0,-1.0,1722171,1.0,31,,15.0,2.0,1.0,A01,138Â 211Â 259,1.0
1008933,201900050464,3,31,16:40,1,2,1,1.0,3.0,94017,SONIA DE LAUNAY (VOI),M,"48,8128000","2,5313900",94,2019,50.0,1.0,1.0,3.0,2256184,1.0,1,4,1,5.0,,0.0,0,1997.0,A01,138Â 211Â 259,2.0,8.0,-1.0,1722170,1.0,10,,0.0,2.0,0.0,B01,138Â 211Â 257,1.0
1008933,201900050464,3,31,16:40,1,2,1,1.0,3.0,94017,SONIA DE LAUNAY (VOI),M,"48,8128000","2,5313900",94,2019,50.0,1.0,1.0,3.0,2256184,1.0,1,4,1,5.0,,0.0,0,1997.0,A01,138Â 211Â 259,2.0,8.0,-1.0,1722171,1.0,31,,15.0,2.0,1.0,A01,138Â 211Â 259,1.0
1008934,201900050465,7,15,14:18,1,1,1,1.0,5.0,85039,D753,M,"46,9913800"," -1,1850890",85,2019,80.0,1.0,1.0,3.0,2256185,1.0,1,1,2,0.0,,0.0,0,1973.0,D01,138Â 211Â 251,1.0,-1.0,-1.0,1722172,1.0,7,,0.0,2.0,2.0,D01,138Â 211Â 251,0.0
1008934,201900050465,7,15,14:18,1,1,1,1.0,5.0,85039,D753,M,"46,9913800"," -1,1850890",85,2019,80.0,1.0,1.0,3.0,2256185,1.0,1,1,2,0.0,,0.0,0,1973.0,D01,138Â 211Â 251,1.0,-1.0,-1.0,1722173,1.0,7,,13.0,2.0,3.0,C01,138Â 211Â 252,0.0
1008934,201900050465,7,15,14:18,1,1,1,1.0,5.0,85039,D753,M,"46,9913800"," -1,1850890",85,2019,80.0,1.0,1.0,3.0,2256185,1.0,1,1,2,0.0,,0.0,0,1973.0,D01,138Â 211Â 251,1.0,-1.0,-1.0,1722174,1.0,7,,0.0,2.0,8.0,B01,138Â 211Â 253,0.0
1008934,201900050465,7,15,14:18,1,1,1,1.0,5.0,85039,D753,M,"46,9913800"," -1,1850890",85,2019,80.0,1.0,1.0,3.0,2256185,1.0,1,1,2,0.0,,0.0,0,1973.0,D01,138Â 211Â 251,1.0,-1.0,-1.0,1722175,2.0,10,,13.0,2.0,3.0,A01,138Â 211Â 254,0.0
1008934,201900050465,7,15,14:18,1,1,1,1.0,5.0,85039,D753,M,"46,9913800"," -1,1850890",85,2019,80.0,1.0,1.0,3.0,2256186,1.0,1,1,1,5.0,,0.0,0,1953.0,C01,138Â 211Â 252,1.0,-1.0,-1.0,1722172,1.0,7,,0.0,2.0,2.0,D01,138Â 211Â 251,0.0
1008934,201900050465,7,15,14:18,1,1,1,1.0,5.0,85039,D753,M,"46,9913800"," -1,1850890",85,2019,80.0,1.0,1.0,3.0,2256186,1.0,1,1,1,5.0,,0.0,0,1953.0,C01,138Â 211Â 252,1.0,-1.0,-1.0,1722173,1.0,7,,13.0,2.0,3.0,C01,138Â 211Â 252,0.0
1008934,201900050465,7,15,14:18,1,1,1,1.0,5.0,85039,D753,M,"46,9913800"," -1,1850890",85,2019,80.0,1.0,1.0,3.0,2256186,1.0,1,1,1,5.0,,0.0,0,1953.0,C01,138Â 211Â 252,1.0,-1.0,-1.0,1722174,1.0,7,,0.0,2.0,8.0,B01,138Â 211Â 253,0.0
1008934,201900050465,7,15,14:18,1,1,1,1.0,5.0,85039,D753,M,"46,9913800"," -1,1850890",85,2019,80.0,1.0,1.0,3.0,2256186,1.0,1,1,1,5.0,,0.0,0,1953.0,C01,138Â 211Â 252,1.0,-1.0,-1.0,1722175,2.0,10,,13.0,2.0,3.0,A01,138Â 211Â 254,0.0
1008934,201900050465,7,15,14:18,1,1,1,1.0,5.0,85039,D753,M,"46,9913800"," -1,1850890",85,2019,80.0,1.0,1.0,3.0,2256187,2.0,2,3,2,5.0,,0.0,0,1953.0,C01,138Â 211Â 252,1.0,-1.0,-1.0,1722172,1.0,7,,0.0,2.0,2.0,D01,138Â 211Â 251,0.0
1008934,201900050465,7,15,14:18,1,1,1,1.0,5.0,85039,D753,M,"46,9913800"," -1,1850890",85,2019,80.0,1.0,1.0,3.0,2256187,2.0,2,3,2,5.0,,0.0,0,1953.0,C01,138Â 211Â 252,1.0,-1.0,-1.0,1722173,1.0,7,,13.0,2.0,3.0,C01,138Â 211Â 252,0.0
1008934,201900050465,7,15,14:18,1,1,1,1.0,5.0,85039,D753,M,"46,9913800"," -1,1850890",85,2019,80.0,1.0,1.0,3.0,2256187,2.0,2,3,2,5.0,,0.0,0,1953.0,C01,138Â 211Â 252,1.0,-1.0,-1.0,1722174,1.0,7,,0.0,2.0,8.0,B01,138Â 211Â 253,0.0
1008934,201900050465,7,15,14:18,1,1,1,1.0,5.0,85039,D753,M,"46,9913800"," -1,1850890",85,2019,80.0,1.0,1.0,3.0,2256187,2.0,2,3,2,5.0,,0.0,0,1953.0,C01,138Â 211Â 252,1.0,-1.0,-1.0,1722175,2.0,10,,13.0,2.0,3.0,A01,138Â 211Â 254,0.0
1008934,201900050465,7,15,14:18,1,1,1,1.0,5.0,85039,D753,M,"46,9913800"," -1,1850890",85,2019,80.0,1.0,1.0,3.0,2256188,1.0,1,1,1,5.0,,0.0,0,1949.0,B01,138Â 211Â 253,1.0,-1.0,-1.0,1722172,1.0,7,,0.0,2.0,2.0,D01,138Â 211Â 251,0.0
1008934,201900050465,7,15,14:18,1,1,1,1.0,5.0,85039,D753,M,"46,9913800"," -1,1850890",85,2019,80.0,1.0,1.0,3.0,2256188,1.0,1,1,1,5.0,,0.0,0,1949.0,B01,138Â 211Â 253,1.0,-1.0,-1.0,1722173,1.0,7,,13.0,2.0,3.0,C01,138Â 211Â 252,0.0
1008934,201900050465,7,15,14:18,1,1,1,1.0,5.0,85039,D753,M,"46,9913800"," -1,1850890",85,2019,80.0,1.0,1.0,3.0,2256188,1.0,1,1,1,5.0,,0.0,0,1949.0,B01,138Â 211Â 253,1.0,-1.0,-1.0,1722174,1.0,7,,0.0,2.0,8.0,B01,138Â 211Â 253,0.0
1008934,201900050465,7,15,14:18,1,1,1,1.0,5.0,85039,D753,M,"46,9913800"," -1,1850890",85,2019,80.0,1.0,1.0,3.0,2256188,1.0,1,1,1,5.0,,0.0,0,1949.0,B01,138Â 211Â 253,1.0,-1.0,-1.0,1722175,2.0,10,,13.0,2.0,3.0,A01,138Â 211Â 254,0.0
1008934,201900050465,7,15,14:18,1,1,1,1.0,5.0,85039,D753,M,"46,9913800"," -1,1850890",85,2019,80.0,1.0,1.0,3.0,2256189,1.0,1,1,1,4.0,,0.0,0,1963.0,A01,138Â 211Â 254,1.0,-1.0,-1.0,1722172,1.0,7,,0.0,2.0,2.0,D01,138Â 211Â 251,0.0
1008934,201900050465,7,15,14:18,1,1,1,1.0,5.0,85039,D753,M,"46,9913800"," -1,1850890",85,2019,80.0,1.0,1.0,3.0,2256189,1.0,1,1,1,4.0,,0.0,0,1963.0,A01,138Â 211Â 254,1.0,-1.0,-1.0,1722173,1.0,7,,13.0,2.0,3.0,C01,138Â 211Â 252,0.0
1008934,201900050465,7,15,14:18,1,1,1,1.0,5.0,85039,D753,M,"46,9913800"," -1,1850890",85,2019,80.0,1.0,1.0,3.0,2256189,1.0,1,1,1,4.0,,0.0,0,1963.0,A01,138Â 211Â 254,1.0,-1.0,-1.0,1722174,1.0,7,,0.0,2.0,8.0,B01,138Â 211Â 253,0.0
1008934,201900050465,7,15,14:18,1,1,1,1.0,5.0,85039,D753,M,"46,9913800"," -1,1850890",85,2019,80.0,1.0,1.0,3.0,2256189,1.0,1,1,1,4.0,,0.0,0,1963.0,A01,138Â 211Â 254,1.0,-1.0,-1.0,1722175,2.0,10,,13.0,2.0,3.0,A01,138Â 211Â 254,0.0
1008934,201900050465,7,15,14:18,1,1,1,1.0,5.0,85039,D753,M,"46,9913800"," -1,1850890",85,2019,80.0,1.0,1.0,3.0,2256190,2.0,2,1,1,4.0,,0.0,0,1995.0,A01,138Â 211Â 254,1.0,-1.0,-1.0,1722172,1.0,7,,0.0,2.0,2.0,D01,138Â 211Â 251,0.0
1008934,201900050465,7,15,14:18,1,1,1,1.0,5.0,85039,D753,M,"46,9913800"," -1,1850890",85,2019,80.0,1.0,1.0,3.0,2256190,2.0,2,1,1,4.0,,0.0,0,1995.0,A01,138Â 211Â 254,1.0,-1.0,-1.0,1722173,1.0,7,,13.0,2.0,3.0,C01,138Â 211Â 252,0.0
1008934,201900050465,7,15,14:18,1,1,1,1.0,5.0,85039,D753,M,"46,9913800"," -1,1850890",85,2019,80.0,1.0,1.0,3.0,2256190,2.0,2,1,1,4.0,,0.0,0,1995.0,A01,138Â 211Â 254,1.0,-1.0,-1.0,1722174,1.0,7,,0.0,2.0,8.0,B01,138Â 211Â 253,0.0
1008934,201900050465,7,15,14:18,1,1,1,1.0,5.0,85039,D753,M,"46,9913800"," -1,1850890",85,2019,80.0,1.0,1.0,3.0,2256190,2.0,2,1,1,4.0,,0.0,0,1995.0,A01,138Â 211Â 254,1.0,-1.0,-1.0,1722175,2.0,10,,13.0,2.0,3.0,A01,138Â 211Â 254,0.0
1008935,201900050466,3,30,22:30,5,2,1,1.0,7.0,94044,JEAN MONNET (R),M,"48,7570000","2,4776700",94,2019,50.0,1.0,1.0,3.0,2256191,1.0,1,4,2,5.0,,-1.0, -1,1998.0,A01,138Â 211Â 250,1.0,0.0,-1.0,1722176,3.0,7,,0.0,0.0,2.0,A01,138Â 211Â 250,0.0
1008936,201900050467,7,16,11:45,1,2,3,1.0,1.0,48003,Le Couderc,M,"44,5395790","3,6582630",48,2019,50.0,1.0,1.0,4.0,2256192,1.0,1,4,1,5.0,,0.0,0,2005.0,A01,138Â 211Â 248,2.0,-1.0,-1.0,1722177,3.0,1,,0.0,2.0,1.0,A01,138Â 211Â 248,5.0
1008936,201900050467,7,16,11:45,1,2,3,1.0,1.0,48003,Le Couderc,M,"44,5395790","3,6582630",48,2019,50.0,1.0,1.0,4.0,2256192,1.0,1,4,1,5.0,,0.0,0,2005.0,A01,138Â 211Â 248,2.0,-1.0,-1.0,1722178,3.0,7,,0.0,2.0,1.0,B01,138Â 211Â 249,1.0
1008936,201900050467,7,16,11:45,1,2,3,1.0,1.0,48003,Le Couderc,M,"44,5395790","3,6582630",48,2019,50.0,1.0,1.0,4.0,2256193,1.0,1,1,1,5.0,,0.0,0,1946.0,B01,138Â 211Â 249,1.0,-1.0,-1.0,1722177,3.0,1,,0.0,2.0,1.0,A01,138Â 211Â 248,5.0