Unnamed: 0_x,num_acc,mois,jour,hrmn,lum,agg,int,atm,col,com,adr,gps,lat,long,dep,annee,vma,situ,surf,catr,Unnamed: 0_y,place,catu,grav,sexe,trajet,secu,locp,actp,an_nais,num_veh_x,id_vehicule_x,secu1,secu2,secu3,Unnamed: 0,senc,catv,occutc,obs,obsm,choc,num_veh_y,id_vehicule_y,motor
1008936,201900050467,7,16,11:45,1,2,3,1.0,1.0,48003,Le Couderc,M,"44,5395790","3,6582630",48,2019,50.0,1.0,1.0,4.0,2256193,1.0,1,1,1,5.0,,0.0,0,1946.0,B01,138Â 211Â 249,1.0,-1.0,-1.0,1722178,3.0,7,,0.0,2.0,1.0,B01,138Â 211Â 249,1.0
1008936,201900050467,7,16,11:45,1,2,3,1.0,1.0,48003,Le Couderc,M,"44,5395790","3,6582630",48,2019,50.0,1.0,1.0,4.0,2256194,2.0,2,1,2,5.0,,0.0,0,1945.0,B01,138Â 211Â 249,1.0,-1.0,-1.0,1722177,3.0,1,,0.0,2.0,1.0,A01,138Â 211Â 248,5.0
1008936,201900050467,7,16,11:45,1,2,3,1.0,1.0,48003,Le Couderc,M,"44,5395790","3,6582630",48,2019,50.0,1.0,1.0,4.0,2256194,2.0,2,1,2,5.0,,0.0,0,1945.0,B01,138Â 211Â 249,1.0,-1.0,-1.0,1722178,3.0,7,,0.0,2.0,1.0,B01,138Â 211Â 249,1.0
1008937,201900050468,3,31,13:00,1,2,3,1.0,1.0,93064,REPUBLIQUE (AVENUE DE LA),M,"48,8703110","2,4849160",93,2019,50.0,1.0,1.0,4.0,2256195,1.0,1,1,1,1.0,,-1.0, -1,1991.0,A01,138Â 211Â 246,1.0,0.0,-1.0,1722179,2.0,10,,0.0,2.0,3.0,A01,138Â 211Â 246,1.0
1008937,201900050468,3,31,13:00,1,2,3,1.0,1.0,93064,REPUBLIQUE (AVENUE DE LA),M,"48,8703110","2,4849160",93,2019,50.0,1.0,1.0,4.0,2256195,1.0,1,1,1,1.0,,-1.0, -1,1991.0,A01,138Â 211Â 246,1.0,0.0,-1.0,1722180,1.0,2,,0.0,2.0,1.0,B01,138Â 211Â 247,1.0
1008937,201900050468,3,31,13:00,1,2,3,1.0,1.0,93064,REPUBLIQUE (AVENUE DE LA),M,"48,8703110","2,4849160",93,2019,50.0,1.0,1.0,4.0,2256196,1.0,1,4,1,4.0,,-1.0, -1,1986.0,B01,138Â 211Â 247,2.0,6.0,-1.0,1722179,2.0,10,,0.0,2.0,3.0,A01,138Â 211Â 246,1.0
1008937,201900050468,3,31,13:00,1,2,3,1.0,1.0,93064,REPUBLIQUE (AVENUE DE LA),M,"48,8703110","2,4849160",93,2019,50.0,1.0,1.0,4.0,2256196,1.0,1,4,1,4.0,,-1.0, -1,1986.0,B01,138Â 211Â 247,2.0,6.0,-1.0,1722180,1.0,2,,0.0,2.0,1.0,B01,138Â 211Â 247,1.0
1008938,201900050469,7,16,12:40,1,2,1,7.0,1.0,08436,Rue du Rouilly,M,"49,9246930","4,4678740",8,2019,70.0,1.0,1.0,3.0,2256197,1.0,1,3,1,5.0,,0.0,0,1994.0,B01,138Â 211Â 244,1.0,-1.0,-1.0,1722181,2.0,7,,0.0,2.0,3.0,B01,138Â 211Â 244,1.0
1008938,201900050469,7,16,12:40,1,2,1,7.0,1.0,08436,Rue du Rouilly,M,"49,9246930","4,4678740",8,2019,70.0,1.0,1.0,3.0,2256197,1.0,1,3,1,5.0,,0.0,0,1994.0,B01,138Â 211Â 244,1.0,-1.0,-1.0,1722182,1.0,10,,0.0,2.0,3.0,A01,138Â 211Â 245,1.0
1008938,201900050469,7,16,12:40,1,2,1,7.0,1.0,08436,Rue du Rouilly,M,"49,9246930","4,4678740",8,2019,70.0,1.0,1.0,3.0,2256198,2.0,2,4,1,0.0,,0.0,0,2002.0,B01,138Â 211Â 244,0.0,-1.0,-1.0,1722181,2.0,7,,0.0,2.0,3.0,B01,138Â 211Â 244,1.0
1008938,201900050469,7,16,12:40,1,2,1,7.0,1.0,08436,Rue du Rouilly,M,"49,9246930","4,4678740",8,2019,70.0,1.0,1.0,3.0,2256198,2.0,2,4,1,0.0,,0.0,0,2002.0,B01,138Â 211Â 244,0.0,-1.0,-1.0,1722182,1.0,10,,0.0,2.0,3.0,A01,138Â 211Â 245,1.0
1008938,201900050469,7,16,12:40,1,2,1,7.0,1.0,08436,Rue du Rouilly,M,"49,9246930","4,4678740",8,2019,70.0,1.0,1.0,3.0,2256199,1.0,1,1,1,9.0,,0.0,0,1985.0,A01,138Â 211Â 245,1.0,-1.0,-1.0,1722181,2.0,7,,0.0,2.0,3.0,B01,138Â 211Â 244,1.0
1008938,201900050469,7,16,12:40,1,2,1,7.0,1.0,08436,Rue du Rouilly,M,"49,9246930","4,4678740",8,2019,70.0,1.0,1.0,3.0,2256199,1.0,1,1,1,9.0,,0.0,0,1985.0,A01,138Â 211Â 245,1.0,-1.0,-1.0,1722182,1.0,10,,0.0,2.0,3.0,A01,138Â 211Â 245,1.0
1008939,201900050470,3,31,00:30,5,2,3,1.0,3.0,93048,PARIS (RUE DE),M,"48,8553800","2,4212100",93,2019,50.0,1.0,1.0,3.0,2256200,1.0,1,1,1,5.0,,-1.0, -1,1994.0,B01,138Â 211Â 242,1.0,0.0,-1.0,1722183,3.0,7,,0.0,2.0,3.0,B01,138Â 211Â 242,1.0
1008939,201900050470,3,31,00:30,5,2,3,1.0,3.0,93048,PARIS (RUE DE),M,"48,8553800","2,4212100",93,2019,50.0,1.0,1.0,3.0,2256200,1.0,1,1,1,5.0,,-1.0, -1,1994.0,B01,138Â 211Â 242,1.0,0.0,-1.0,1722184,3.0,34,,0.0,2.0,2.0,A01,138Â 211Â 243,1.0
1008939,201900050470,3,31,00:30,5,2,3,1.0,3.0,93048,PARIS (RUE DE),M,"48,8553800","2,4212100",93,2019,50.0,1.0,1.0,3.0,2256201,1.0,1,1,1,5.0,,-1.0, -1,1955.0,A01,138Â 211Â 243,2.0,0.0,-1.0,1722183,3.0,7,,0.0,2.0,3.0,B01,138Â 211Â 242,1.0
1008939,201900050470,3,31,00:30,5,2,3,1.0,3.0,93048,PARIS (RUE DE),M,"48,8553800","2,4212100",93,2019,50.0,1.0,1.0,3.0,2256201,1.0,1,1,1,5.0,,-1.0, -1,1955.0,A01,138Â 211Â 243,2.0,0.0,-1.0,1722184,3.0,34,,0.0,2.0,2.0,A01,138Â 211Â 243,1.0
1008939,201900050470,3,31,00:30,5,2,3,1.0,3.0,93048,PARIS (RUE DE),M,"48,8553800","2,4212100",93,2019,50.0,1.0,1.0,3.0,2256202,2.0,2,4,1,5.0,,-1.0, -1,1965.0,A01,138Â 211Â 243,2.0,8.0,-1.0,1722183,3.0,7,,0.0,2.0,3.0,B01,138Â 211Â 242,1.0
1008939,201900050470,3,31,00:30,5,2,3,1.0,3.0,93048,PARIS (RUE DE),M,"48,8553800","2,4212100",93,2019,50.0,1.0,1.0,3.0,2256202,2.0,2,4,1,5.0,,-1.0, -1,1965.0,A01,138Â 211Â 243,2.0,8.0,-1.0,1722184,3.0,34,,0.0,2.0,2.0,A01,138Â 211Â 243,1.0
1008940,201900050471,7,14,06:10,2,1,9,1.0,2.0,10380,Autoroute A26,M,"48,5244570","4,1792780",10,2019,130.0,1.0,1.0,1.0,2256203,2.0,2,3,2,9.0,,0.0,0,1953.0,A01,138Â 211Â 240,1.0,-1.0,-1.0,1722185,1.0,7,,0.0,2.0,2.0,A01,138Â 211Â 240,1.0
1008940,201900050471,7,14,06:10,2,1,9,1.0,2.0,10380,Autoroute A26,M,"48,5244570","4,1792780",10,2019,130.0,1.0,1.0,1.0,2256203,2.0,2,3,2,9.0,,0.0,0,1953.0,A01,138Â 211Â 240,1.0,-1.0,-1.0,1722186,1.0,7,,0.0,2.0,6.0,B01,138Â 211Â 241,1.0
1008940,201900050471,7,14,06:10,2,1,9,1.0,2.0,10380,Autoroute A26,M,"48,5244570","4,1792780",10,2019,130.0,1.0,1.0,1.0,2256204,7.0,2,1,1,9.0,,0.0,0,2010.0,A01,138Â 211Â 240,1.0,-1.0,-1.0,1722185,1.0,7,,0.0,2.0,2.0,A01,138Â 211Â 240,1.0
1008940,201900050471,7,14,06:10,2,1,9,1.0,2.0,10380,Autoroute A26,M,"48,5244570","4,1792780",10,2019,130.0,1.0,1.0,1.0,2256204,7.0,2,1,1,9.0,,0.0,0,2010.0,A01,138Â 211Â 240,1.0,-1.0,-1.0,1722186,1.0,7,,0.0,2.0,6.0,B01,138Â 211Â 241,1.0
1008940,201900050471,7,14,06:10,2,1,9,1.0,2.0,10380,Autoroute A26,M,"48,5244570","4,1792780",10,2019,130.0,1.0,1.0,1.0,2256205,9.0,2,1,1,9.0,,0.0,0,2012.0,A01,138Â 211Â 240,1.0,-1.0,-1.0,1722185,1.0,7,,0.0,2.0,2.0,A01,138Â 211Â 240,1.0
1008940,201900050471,7,14,06:10,2,1,9,1.0,2.0,10380,Autoroute A26,M,"48,5244570","4,1792780",10,2019,130.0,1.0,1.0,1.0,2256205,9.0,2,1,1,9.0,,0.0,0,2012.0,A01,138Â 211Â 240,1.0,-1.0,-1.0,1722186,1.0,7,,0.0,2.0,6.0,B01,138Â 211Â 241,1.0
1008940,201900050471,7,14,06:10,2,1,9,1.0,2.0,10380,Autoroute A26,M,"48,5244570","4,1792780",10,2019,130.0,1.0,1.0,1.0,2256206,1.0,1,1,1,9.0,,0.0,0,1949.0,A01,138Â 211Â 240,1.0,-1.0,-1.0,1722185,1.0,7,,0.0,2.0,2.0,A01,138Â 211Â 240,1.0
1008940,201900050471,7,14,06:10,2,1,9,1.0,2.0,10380,Autoroute A26,M,"48,5244570","4,1792780",10,2019,130.0,1.0,1.0,1.0,2256206,1.0,1,1,1,9.0,,0.0,0,1949.0,A01,138Â 211Â 240,1.0,-1.0,-1.0,1722186,1.0,7,,0.0,2.0,6.0,B01,138Â 211Â 241,1.0
1008940,201900050471,7,14,06:10,2,1,9,1.0,2.0,10380,Autoroute A26,M,"48,5244570","4,1792780",10,2019,130.0,1.0,1.0,1.0,2256207,1.0,1,3,2,5.0,,0.0,0,1982.0,B01,138Â 211Â 241,1.0,-1.0,-1.0,1722185,1.0,7,,0.0,2.0,2.0,A01,138Â 211Â 240,1.0
1008940,201900050471,7,14,06:10,2,1,9,1.0,2.0,10380,Autoroute A26,M,"48,5244570","4,1792780",10,2019,130.0,1.0,1.0,1.0,2256207,1.0,1,3,2,5.0,,0.0,0,1982.0,B01,138Â 211Â 241,1.0,-1.0,-1.0,1722186,1.0,7,,0.0,2.0,6.0,B01,138Â 211Â 241,1.0
1008940,201900050471,7,14,06:10,2,1,9,1.0,2.0,10380,Autoroute A26,M,"48,5244570","4,1792780",10,2019,130.0,1.0,1.0,1.0,2256208,7.0,2,2,2,5.0,,0.0,0,1972.0,B01,138Â 211Â 241,8.0,-1.0,-1.0,1722185,1.0,7,,0.0,2.0,2.0,A01,138Â 211Â 240,1.0
1008940,201900050471,7,14,06:10,2,1,9,1.0,2.0,10380,Autoroute A26,M,"48,5244570","4,1792780",10,2019,130.0,1.0,1.0,1.0,2256208,7.0,2,2,2,5.0,,0.0,0,1972.0,B01,138Â 211Â 241,8.0,-1.0,-1.0,1722186,1.0,7,,0.0,2.0,6.0,B01,138Â 211Â 241,1.0
1008940,201900050471,7,14,06:10,2,1,9,1.0,2.0,10380,Autoroute A26,M,"48,5244570","4,1792780",10,2019,130.0,1.0,1.0,1.0,2256209,2.0,2,3,2,5.0,,0.0,0,1984.0,B01,138Â 211Â 241,1.0,-1.0,-1.0,1722185,1.0,7,,0.0,2.0,2.0,A01,138Â 211Â 240,1.0
1008940,201900050471,7,14,06:10,2,1,9,1.0,2.0,10380,Autoroute A26,M,"48,5244570","4,1792780",10,2019,130.0,1.0,1.0,1.0,2256209,2.0,2,3,2,5.0,,0.0,0,1984.0,B01,138Â 211Â 241,1.0,-1.0,-1.0,1722186,1.0,7,,0.0,2.0,6.0,B01,138Â 211Â 241,1.0
1008941,201900050472,3,30,10:40,1,2,6,1.0,6.0,93029,DIDEROT (ROND-POINT),M,"48,9168600","2,4291800",93,2019,50.0,1.0,1.0,4.0,2256210,1.0,1,4,1,5.0,,-1.0, -1,1975.0,A01,138Â 211Â 239,1.0,8.0,-1.0,1722187,3.0,7,,8.0,0.0,1.0,A01,138Â 211Â 239,1.0
1008942,201900050473,7,13,22:10,3,1,1,1.0,7.0,77165,Autoroute A5 sens PARIS vers TROYES pk 26+300,M,"48,4982300","2,8388570",77,2019,130.0,2.0,1.0,1.0,2256211,2.0,2,4,2,5.0,,0.0,0,2000.0,A01,138Â 211Â 238,1.0,-1.0,-1.0,1722188,1.0,7,,0.0,0.0,0.0,A01,138Â 211Â 238,1.0
1008942,201900050473,7,13,22:10,3,1,1,1.0,7.0,77165,Autoroute A5 sens PARIS vers TROYES pk 26+300,M,"48,4982300","2,8388570",77,2019,130.0,2.0,1.0,1.0,2256212,1.0,1,4,2,5.0,,0.0,0,2000.0,A01,138Â 211Â 238,1.0,-1.0,-1.0,1722188,1.0,7,,0.0,0.0,0.0,A01,138Â 211Â 238,1.0
1008943,201900050474,3,30,23:00,5,2,1,1.0,6.0,93005,CHARLES GOUPPY (RUE),M,"48,9414700","2,4986200",93,2019,50.0,1.0,1.0,3.0,2256213,10.0,3,4,1,5.0,,1.0,3,1967.0,Z01,138Â 211Â 237,8.0,0.0,-1.0,1722189,3.0,7,,0.0,1.0,0.0,Z01,138Â 211Â 237,0.0
1008944,201900050475,5,24,10:00,1,2,1,1.0,6.0,35210,bd dumaine de la josserie,M,"48,1441210"," -1,7706410",35,2019,30.0,1.0,1.0,4.0,2256214,1.0,1,1,2,3.0,,0.0,0,1927.0,A01,138Â 211Â 236,1.0,-1.0,-1.0,1722190,3.0,7,,0.0,1.0,2.0,A01,138Â 211Â 236,1.0
1008944,201900050475,5,24,10:00,1,2,1,1.0,6.0,35210,bd dumaine de la josserie,M,"48,1441210"," -1,7706410",35,2019,30.0,1.0,1.0,4.0,2256215,10.0,3,4,2,3.0,,3.0,3,1927.0,A01,138Â 211Â 236,0.0,-1.0,-1.0,1722190,3.0,7,,0.0,1.0,2.0,A01,138Â 211Â 236,1.0
1008945,201900050476,7,14,23:35,1,2,1,1.0,6.0,44048,,M,"47,3761564"," -1,2667869",44,2019,130.0,3.0,1.0,1.0,2256216,2.0,2,2,1,5.0,,0.0,0,2019.0,A01,138Â 211Â 233,1.0,-1.0,-1.0,1722191,2.0,7,,13.0,0.0,2.0,A01,138Â 211Â 233,1.0
1008945,201900050476,7,14,23:35,1,2,1,1.0,6.0,44048,,M,"47,3761564"," -1,2667869",44,2019,130.0,3.0,1.0,1.0,2256217,5.0,2,1,1,5.0,,0.0,0,2009.0,A01,138Â 211Â 233,1.0,-1.0,-1.0,1722191,2.0,7,,13.0,0.0,2.0,A01,138Â 211Â 233,1.0
1008945,201900050476,7,14,23:35,1,2,1,1.0,6.0,44048,,M,"47,3761564"," -1,2667869",44,2019,130.0,3.0,1.0,1.0,2256218,1.0,1,1,1,5.0,,0.0,0,1981.0,A01,138Â 211Â 233,1.0,-1.0,-1.0,1722191,2.0,7,,13.0,0.0,2.0,A01,138Â 211Â 233,1.0
1008945,201900050476,7,14,23:35,1,2,1,1.0,6.0,44048,,M,"47,3761564"," -1,2667869",44,2019,130.0,3.0,1.0,1.0,2256219,4.0,2,3,2,5.0,,0.0,0,1981.0,A01,138Â 211Â 233,1.0,-1.0,-1.0,1722191,2.0,7,,13.0,0.0,2.0,A01,138Â 211Â 233,1.0
1008945,201900050476,7,14,23:35,1,2,1,1.0,6.0,44048,,M,"47,3761564"," -1,2667869",44,2019,130.0,3.0,1.0,1.0,2256220,3.0,2,3,2,5.0,,0.0,0,2004.0,A01,138Â 211Â 233,1.0,-1.0,-1.0,1722191,2.0,7,,13.0,0.0,2.0,A01,138Â 211Â 233,1.0
1008946,201900050477,3,31,20:13,2,2,1,1.0,4.0,92026,MARECHAL JOFFRE (QUAI DU),M,"48,8993821","2,2715137",92,2019,70.0,1.0,1.0,3.0,2256221,1.0,1,1,2,0.0,,-1.0,0,1992.0,A01,138Â 211Â 226,1.0,0.0,-1.0,1722192,3.0,7,,0.0,2.0,4.0,A01,138Â 211Â 226,1.0
1008946,201900050477,3,31,20:13,2,2,1,1.0,4.0,92026,MARECHAL JOFFRE (QUAI DU),M,"48,8993821","2,2715137",92,2019,70.0,1.0,1.0,3.0,2256221,1.0,1,1,2,0.0,,-1.0,0,1992.0,A01,138Â 211Â 226,1.0,0.0,-1.0,1722193,3.0,7,,0.0,2.0,1.0,C01,138Â 211Â 234,1.0
1008946,201900050477,3,31,20:13,2,2,1,1.0,4.0,92026,MARECHAL JOFFRE (QUAI DU),M,"48,8993821","2,2715137",92,2019,70.0,1.0,1.0,3.0,2256221,1.0,1,1,2,0.0,,-1.0,0,1992.0,A01,138Â 211Â 226,1.0,0.0,-1.0,1722194,3.0,7,,0.0,2.0,1.0,B01,138Â 211Â 235,1.0
1008946,201900050477,3,31,20:13,2,2,1,1.0,4.0,92026,MARECHAL JOFFRE (QUAI DU),M,"48,8993821","2,2715137",92,2019,70.0,1.0,1.0,3.0,2256222,1.0,1,1,1,0.0,,-1.0,0,1992.0,C01,138Â 211Â 234,1.0,0.0,-1.0,1722192,3.0,7,,0.0,2.0,4.0,A01,138Â 211Â 226,1.0
1008946,201900050477,3,31,20:13,2,2,1,1.0,4.0,92026,MARECHAL JOFFRE (QUAI DU),M,"48,8993821","2,2715137",92,2019,70.0,1.0,1.0,3.0,2256222,1.0,1,1,1,0.0,,-1.0,0,1992.0,C01,138Â 211Â 234,1.0,0.0,-1.0,1722193,3.0,7,,0.0,2.0,1.0,C01,138Â 211Â 234,1.0
1008946,201900050477,3,31,20:13,2,2,1,1.0,4.0,92026,MARECHAL JOFFRE (QUAI DU),M,"48,8993821","2,2715137",92,2019,70.0,1.0,1.0,3.0,2256222,1.0,1,1,1,0.0,,-1.0,0,1992.0,C01,138Â 211Â 234,1.0,0.0,-1.0,1722194,3.0,7,,0.0,2.0,1.0,B01,138Â 211Â 235,1.0
1008946,201900050477,3,31,20:13,2,2,1,1.0,4.0,92026,MARECHAL JOFFRE (QUAI DU),M,"48,8993821","2,2715137",92,2019,70.0,1.0,1.0,3.0,2256223,2.0,2,4,1,5.0,,-1.0,0,1965.0,B01,138Â 211Â 235,1.0,0.0,-1.0,1722192,3.0,7,,0.0,2.0,4.0,A01,138Â 211Â 226,1.0
1008946,201900050477,3,31,20:13,2,2,1,1.0,4.0,92026,MARECHAL JOFFRE (QUAI DU),M,"48,8993821","2,2715137",92,2019,70.0,1.0,1.0,3.0,2256223,2.0,2,4,1,5.0,,-1.0,0,1965.0,B01,138Â 211Â 235,1.0,0.0,-1.0,1722193,3.0,7,,0.0,2.0,1.0,C01,138Â 211Â 234,1.0
1008946,201900050477,3,31,20:13,2,2,1,1.0,4.0,92026,MARECHAL JOFFRE (QUAI DU),M,"48,8993821","2,2715137",92,2019,70.0,1.0,1.0,3.0,2256223,2.0,2,4,1,5.0,,-1.0,0,1965.0,B01,138Â 211Â 235,1.0,0.0,-1.0,1722194,3.0,7,,0.0,2.0,1.0,B01,138Â 211Â 235,1.0
1008946,201900050477,3,31,20:13,2,2,1,1.0,4.0,92026,MARECHAL JOFFRE (QUAI DU),M,"48,8993821","2,2715137",92,2019,70.0,1.0,1.0,3.0,2256224,1.0,1,1,1,0.0,,-1.0,0,1999.0,B01,138Â 211Â 235,1.0,0.0,-1.0,1722192,3.0,7,,0.0,2.0,4.0,A01,138Â 211Â 226,1.0
1008946,201900050477,3,31,20:13,2,2,1,1.0,4.0,92026,MARECHAL JOFFRE (QUAI DU),M,"48,8993821","2,2715137",92,2019,70.0,1.0,1.0,3.0,2256224,1.0,1,1,1,0.0,,-1.0,0,1999.0,B01,138Â 211Â 235,1.0,0.0,-1.0,1722193,3.0,7,,0.0,2.0,1.0,C01,138Â 211Â 234,1.0
1008946,201900050477,3,31,20:13,2,2,1,1.0,4.0,92026,MARECHAL JOFFRE (QUAI DU),M,"48,8993821","2,2715137",92,2019,70.0,1.0,1.0,3.0,2256224,1.0,1,1,1,0.0,,-1.0,0,1999.0,B01,138Â 211Â 235,1.0,0.0,-1.0,1722194,3.0,7,,0.0,2.0,1.0,B01,138Â 211Â 235,1.0
1008947,201900050478,7,1,10:30,1,1,1,1.0,4.0,30034,autoroute A54 30127,M,"43,7335899","4,4691128",30,2019,130.0,1.0,1.0,1.0,2256225,1.0,1,1,1,4.0,,0.0,0,1984.0,A01,138Â 211Â 223,1.0,-1.0,-1.0,1722195,2.0,7,,0.0,0.0,1.0,A01,138Â 211Â 223,1.0
1008947,201900050478,7,1,10:30,1,1,1,1.0,4.0,30034,autoroute A54 30127,M,"43,7335899","4,4691128",30,2019,130.0,1.0,1.0,1.0,2256225,1.0,1,1,1,4.0,,0.0,0,1984.0,A01,138Â 211Â 223,1.0,-1.0,-1.0,1722196,2.0,7,,0.0,2.0,4.0,B01,138Â 211Â 224,1.0
1008947,201900050478,7,1,10:30,1,1,1,1.0,4.0,30034,autoroute A54 30127,M,"43,7335899","4,4691128",30,2019,130.0,1.0,1.0,1.0,2256225,1.0,1,1,1,4.0,,0.0,0,1984.0,A01,138Â 211Â 223,1.0,-1.0,-1.0,1722197,2.0,7,,0.0,2.0,4.0,C01,138Â 211Â 225,1.0
1008947,201900050478,7,1,10:30,1,1,1,1.0,4.0,30034,autoroute A54 30127,M,"43,7335899","4,4691128",30,2019,130.0,1.0,1.0,1.0,2256226,2.0,2,4,1,4.0,,0.0,0,1987.0,B01,138Â 211Â 224,1.0,-1.0,-1.0,1722195,2.0,7,,0.0,0.0,1.0,A01,138Â 211Â 223,1.0
1008947,201900050478,7,1,10:30,1,1,1,1.0,4.0,30034,autoroute A54 30127,M,"43,7335899","4,4691128",30,2019,130.0,1.0,1.0,1.0,2256226,2.0,2,4,1,4.0,,0.0,0,1987.0,B01,138Â 211Â 224,1.0,-1.0,-1.0,1722196,2.0,7,,0.0,2.0,4.0,B01,138Â 211Â 224,1.0
1008947,201900050478,7,1,10:30,1,1,1,1.0,4.0,30034,autoroute A54 30127,M,"43,7335899","4,4691128",30,2019,130.0,1.0,1.0,1.0,2256226,2.0,2,4,1,4.0,,0.0,0,1987.0,B01,138Â 211Â 224,1.0,-1.0,-1.0,1722197,2.0,7,,0.0,2.0,4.0,C01,138Â 211Â 225,1.0
1008947,201900050478,7,1,10:30,1,1,1,1.0,4.0,30034,autoroute A54 30127,M,"43,7335899","4,4691128",30,2019,130.0,1.0,1.0,1.0,2256227,1.0,1,4,1,4.0,,0.0,0,1964.0,B01,138Â 211Â 224,1.0,-1.0,-1.0,1722195,2.0,7,,0.0,0.0,1.0,A01,138Â 211Â 223,1.0
1008947,201900050478,7,1,10:30,1,1,1,1.0,4.0,30034,autoroute A54 30127,M,"43,7335899","4,4691128",30,2019,130.0,1.0,1.0,1.0,2256227,1.0,1,4,1,4.0,,0.0,0,1964.0,B01,138Â 211Â 224,1.0,-1.0,-1.0,1722196,2.0,7,,0.0,2.0,4.0,B01,138Â 211Â 224,1.0
1008947,201900050478,7,1,10:30,1,1,1,1.0,4.0,30034,autoroute A54 30127,M,"43,7335899","4,4691128",30,2019,130.0,1.0,1.0,1.0,2256227,1.0,1,4,1,4.0,,0.0,0,1964.0,B01,138Â 211Â 224,1.0,-1.0,-1.0,1722197,2.0,7,,0.0,2.0,4.0,C01,138Â 211Â 225,1.0
1008947,201900050478,7,1,10:30,1,1,1,1.0,4.0,30034,autoroute A54 30127,M,"43,7335899","4,4691128",30,2019,130.0,1.0,1.0,1.0,2256228,1.0,1,1,1,0.0,,0.0,0,1953.0,C01,138Â 211Â 225,1.0,-1.0,-1.0,1722195,2.0,7,,0.0,0.0,1.0,A01,138Â 211Â 223,1.0
1008947,201900050478,7,1,10:30,1,1,1,1.0,4.0,30034,autoroute A54 30127,M,"43,7335899","4,4691128",30,2019,130.0,1.0,1.0,1.0,2256228,1.0,1,1,1,0.0,,0.0,0,1953.0,C01,138Â 211Â 225,1.0,-1.0,-1.0,1722196,2.0,7,,0.0,2.0,4.0,B01,138Â 211Â 224,1.0
1008947,201900050478,7,1,10:30,1,1,1,1.0,4.0,30034,autoroute A54 30127,M,"43,7335899","4,4691128",30,2019,130.0,1.0,1.0,1.0,2256228,1.0,1,1,1,0.0,,0.0,0,1953.0,C01,138Â 211Â 225,1.0,-1.0,-1.0,1722197,2.0,7,,0.0,2.0,4.0,C01,138Â 211Â 225,1.0
1008947,201900050478,7,1,10:30,1,1,1,1.0,4.0,30034,autoroute A54 30127,M,"43,7335899","4,4691128",30,2019,130.0,1.0,1.0,1.0,2256229,2.0,2,1,2,5.0,,0.0,0,1952.0,C01,138Â 211Â 225,1.0,-1.0,-1.0,1722195,2.0,7,,0.0,0.0,1.0,A01,138Â 211Â 223,1.0
1008947,201900050478,7,1,10:30,1,1,1,1.0,4.0,30034,autoroute A54 30127,M,"43,7335899","4,4691128",30,2019,130.0,1.0,1.0,1.0,2256229,2.0,2,1,2,5.0,,0.0,0,1952.0,C01,138Â 211Â 225,1.0,-1.0,-1.0,1722196,2.0,7,,0.0,2.0,4.0,B01,138Â 211Â 224,1.0
1008947,201900050478,7,1,10:30,1,1,1,1.0,4.0,30034,autoroute A54 30127,M,"43,7335899","4,4691128",30,2019,130.0,1.0,1.0,1.0,2256229,2.0,2,1,2,5.0,,0.0,0,1952.0,C01,138Â 211Â 225,1.0,-1.0,-1.0,1722197,2.0,7,,0.0,2.0,4.0,C01,138Â 211Â 225,1.0
1008948,201900050479,3,31,04:00,3,1,1,1.0,2.0,13211,A50-Sens Aubagne vers Marseille,M,"43,2878065","5,5021689",13,2019,70.0,1.0,2.0,1.0,2256230,2.0,2,4,2,5.0,,-1.0,0,1960.0,A01,138Â 211Â 221,1.0,0.0,-1.0,1722198,2.0,7,,0.0,2.0,4.0,A01,138Â 211Â 221,1.0
1008948,201900050479,3,31,04:00,3,1,1,1.0,2.0,13211,A50-Sens Aubagne vers Marseille,M,"43,2878065","5,5021689",13,2019,70.0,1.0,2.0,1.0,2256230,2.0,2,4,2,5.0,,-1.0,0,1960.0,A01,138Â 211Â 221,1.0,0.0,-1.0,1722199,2.0,7,,0.0,2.0,1.0,B01,138Â 211Â 222,1.0
1008948,201900050479,3,31,04:00,3,1,1,1.0,2.0,13211,A50-Sens Aubagne vers Marseille,M,"43,2878065","5,5021689",13,2019,70.0,1.0,2.0,1.0,2256231,1.0,1,4,1,5.0,,-1.0,0,1960.0,A01,138Â 211Â 221,8.0,0.0,-1.0,1722198,2.0,7,,0.0,2.0,4.0,A01,138Â 211Â 221,1.0
1008948,201900050479,3,31,04:00,3,1,1,1.0,2.0,13211,A50-Sens Aubagne vers Marseille,M,"43,2878065","5,5021689",13,2019,70.0,1.0,2.0,1.0,2256231,1.0,1,4,1,5.0,,-1.0,0,1960.0,A01,138Â 211Â 221,8.0,0.0,-1.0,1722199,2.0,7,,0.0,2.0,1.0,B01,138Â 211Â 222,1.0
1008948,201900050479,3,31,04:00,3,1,1,1.0,2.0,13211,A50-Sens Aubagne vers Marseille,M,"43,2878065","5,5021689",13,2019,70.0,1.0,2.0,1.0,2256232,1.0,1,1,1,5.0,,0.0, -1,1960.0,B01,138Â 211Â 222,8.0,-1.0,-1.0,1722198,2.0,7,,0.0,2.0,4.0,A01,138Â 211Â 221,1.0