Unnamed: 0_x,num_acc,mois,jour,hrmn,lum,agg,int,atm,col,com,adr,gps,lat,long,dep,annee,vma,situ,surf,catr,Unnamed: 0_y,place,catu,grav,sexe,trajet,secu,locp,actp,an_nais,num_veh_x,id_vehicule_x,secu1,secu2,secu3,Unnamed: 0,senc,catv,occutc,obs,obsm,choc,num_veh_y,id_vehicule_y,motor
1008948,201900050479,3,31,04:00,3,1,1,1.0,2.0,13211,A50-Sens Aubagne vers Marseille,M,"43,2878065","5,5021689",13,2019,70.0,1.0,2.0,1.0,2256232,1.0,1,1,1,5.0,,0.0, -1,1960.0,B01,138Â 211Â 222,8.0,-1.0,-1.0,1722199,2.0,7,,0.0,2.0,1.0,B01,138Â 211Â 222,1.0
1008949,201900050480,7,15,10:00,1,2,1,1.0,3.0,97801,Galisbay,M,"18,0735760"," -63,0825920",978,2019,50.0,1.0,1.0,9.0,2256233,1.0,1,4,1,1.0,,0.0,0,1985.0,B01,138Â 211Â 218,0.0,-1.0,-1.0,1722200,3.0,7,,0.0,2.0,1.0,B01,138Â 211Â 218,1.0
1008949,201900050480,7,15,10:00,1,2,1,1.0,3.0,97801,Galisbay,M,"18,0735760"," -63,0825920",978,2019,50.0,1.0,1.0,9.0,2256233,1.0,1,4,1,1.0,,0.0,0,1985.0,B01,138Â 211Â 218,0.0,-1.0,-1.0,1722201,3.0,7,,0.0,2.0,3.0,A01,138Â 211Â 220,1.0
1008949,201900050480,7,15,10:00,1,2,1,1.0,3.0,97801,Galisbay,M,"18,0735760"," -63,0825920",978,2019,50.0,1.0,1.0,9.0,2256234,1.0,1,4,1,4.0,,0.0,0,1991.0,A01,138Â 211Â 220,1.0,-1.0,-1.0,1722200,3.0,7,,0.0,2.0,1.0,B01,138Â 211Â 218,1.0
1008949,201900050480,7,15,10:00,1,2,1,1.0,3.0,97801,Galisbay,M,"18,0735760"," -63,0825920",978,2019,50.0,1.0,1.0,9.0,2256234,1.0,1,4,1,4.0,,0.0,0,1991.0,A01,138Â 211Â 220,1.0,-1.0,-1.0,1722201,3.0,7,,0.0,2.0,3.0,A01,138Â 211Â 220,1.0
1008949,201900050480,7,15,10:00,1,2,1,1.0,3.0,97801,Galisbay,M,"18,0735760"," -63,0825920",978,2019,50.0,1.0,1.0,9.0,2256235,2.0,2,1,1,4.0,,0.0,0,1983.0,A01,138Â 211Â 220,1.0,-1.0,-1.0,1722200,3.0,7,,0.0,2.0,1.0,B01,138Â 211Â 218,1.0
1008949,201900050480,7,15,10:00,1,2,1,1.0,3.0,97801,Galisbay,M,"18,0735760"," -63,0825920",978,2019,50.0,1.0,1.0,9.0,2256235,2.0,2,1,1,4.0,,0.0,0,1983.0,A01,138Â 211Â 220,1.0,-1.0,-1.0,1722201,3.0,7,,0.0,2.0,3.0,A01,138Â 211Â 220,1.0
1008949,201900050480,7,15,10:00,1,2,1,1.0,3.0,97801,Galisbay,M,"18,0735760"," -63,0825920",978,2019,50.0,1.0,1.0,9.0,2256236,7.0,2,1,1,4.0,,0.0,0,1992.0,A01,138Â 211Â 220,1.0,-1.0,-1.0,1722200,3.0,7,,0.0,2.0,1.0,B01,138Â 211Â 218,1.0
1008949,201900050480,7,15,10:00,1,2,1,1.0,3.0,97801,Galisbay,M,"18,0735760"," -63,0825920",978,2019,50.0,1.0,1.0,9.0,2256236,7.0,2,1,1,4.0,,0.0,0,1992.0,A01,138Â 211Â 220,1.0,-1.0,-1.0,1722201,3.0,7,,0.0,2.0,3.0,A01,138Â 211Â 220,1.0
1008950,201900050481,3,30,23:44,5,2,1,1.0,2.0,13055,A507 sens Aubagne- Marseille,M,"43,3298910","5,4079670",13,2019,70.0,1.0,1.0,1.0,2256237,1.0,1,4,2,5.0,,-1.0,0,1984.0,A01,138Â 211Â 217,8.0,0.0,-1.0,1722202,1.0,7,,0.0,2.0,5.0,A01,138Â 211Â 217,1.0
1008950,201900050481,3,30,23:44,5,2,1,1.0,2.0,13055,A507 sens Aubagne- Marseille,M,"43,3298910","5,4079670",13,2019,70.0,1.0,1.0,1.0,2256237,1.0,1,4,2,5.0,,-1.0,0,1984.0,A01,138Â 211Â 217,8.0,0.0,-1.0,1722203,1.0,7,,0.0,2.0,1.0,B01,138Â 211Â 219,1.0
1008950,201900050481,3,30,23:44,5,2,1,1.0,2.0,13055,A507 sens Aubagne- Marseille,M,"43,3298910","5,4079670",13,2019,70.0,1.0,1.0,1.0,2256238,1.0,2,1,1,0.0,,-1.0,0,1982.0,A01,138Â 211Â 217,1.0,0.0,-1.0,1722202,1.0,7,,0.0,2.0,5.0,A01,138Â 211Â 217,1.0
1008950,201900050481,3,30,23:44,5,2,1,1.0,2.0,13055,A507 sens Aubagne- Marseille,M,"43,3298910","5,4079670",13,2019,70.0,1.0,1.0,1.0,2256238,1.0,2,1,1,0.0,,-1.0,0,1982.0,A01,138Â 211Â 217,1.0,0.0,-1.0,1722203,1.0,7,,0.0,2.0,1.0,B01,138Â 211Â 219,1.0
1008950,201900050481,3,30,23:44,5,2,1,1.0,2.0,13055,A507 sens Aubagne- Marseille,M,"43,3298910","5,4079670",13,2019,70.0,1.0,1.0,1.0,2256239,1.0,1,4,1,1.0,,-1.0,0,1998.0,B01,138Â 211Â 219,8.0,0.0,-1.0,1722202,1.0,7,,0.0,2.0,5.0,A01,138Â 211Â 217,1.0
1008950,201900050481,3,30,23:44,5,2,1,1.0,2.0,13055,A507 sens Aubagne- Marseille,M,"43,3298910","5,4079670",13,2019,70.0,1.0,1.0,1.0,2256239,1.0,1,4,1,1.0,,-1.0,0,1998.0,B01,138Â 211Â 219,8.0,0.0,-1.0,1722203,1.0,7,,0.0,2.0,1.0,B01,138Â 211Â 219,1.0
1008951,201900050482,7,16,13:00,1,2,1,1.0,5.0,2B010,RT30,M,"42,6063340","8,8638430",2B,2019,70.0,1.0,1.0,2.0,2256240,1.0,1,1,2,5.0,,0.0,0,1975.0,C01,138Â 211Â 213,1.0,-1.0,-1.0,1722204,0.0,7,,0.0,9.0,7.0,C01,138Â 211Â 213,1.0
1008951,201900050482,7,16,13:00,1,2,1,1.0,5.0,2B010,RT30,M,"42,6063340","8,8638430",2B,2019,70.0,1.0,1.0,2.0,2256240,1.0,1,1,2,5.0,,0.0,0,1975.0,C01,138Â 211Â 213,1.0,-1.0,-1.0,1722205,0.0,7,,0.0,2.0,8.0,B01,138Â 211Â 215,1.0
1008951,201900050482,7,16,13:00,1,2,1,1.0,5.0,2B010,RT30,M,"42,6063340","8,8638430",2B,2019,70.0,1.0,1.0,2.0,2256240,1.0,1,1,2,5.0,,0.0,0,1975.0,C01,138Â 211Â 213,1.0,-1.0,-1.0,1722206,3.0,13,,8.0,2.0,3.0,A01,138Â 211Â 216,1.0
1008951,201900050482,7,16,13:00,1,2,1,1.0,5.0,2B010,RT30,M,"42,6063340","8,8638430",2B,2019,70.0,1.0,1.0,2.0,2256241,1.0,1,4,1,5.0,,0.0,0,1956.0,B01,138Â 211Â 215,1.0,-1.0,-1.0,1722204,0.0,7,,0.0,9.0,7.0,C01,138Â 211Â 213,1.0
1008951,201900050482,7,16,13:00,1,2,1,1.0,5.0,2B010,RT30,M,"42,6063340","8,8638430",2B,2019,70.0,1.0,1.0,2.0,2256241,1.0,1,4,1,5.0,,0.0,0,1956.0,B01,138Â 211Â 215,1.0,-1.0,-1.0,1722205,0.0,7,,0.0,2.0,8.0,B01,138Â 211Â 215,1.0
1008951,201900050482,7,16,13:00,1,2,1,1.0,5.0,2B010,RT30,M,"42,6063340","8,8638430",2B,2019,70.0,1.0,1.0,2.0,2256241,1.0,1,4,1,5.0,,0.0,0,1956.0,B01,138Â 211Â 215,1.0,-1.0,-1.0,1722206,3.0,13,,8.0,2.0,3.0,A01,138Â 211Â 216,1.0
1008951,201900050482,7,16,13:00,1,2,1,1.0,5.0,2B010,RT30,M,"42,6063340","8,8638430",2B,2019,70.0,1.0,1.0,2.0,2256242,1.0,1,4,1,4.0,,0.0,0,1992.0,A01,138Â 211Â 216,1.0,-1.0,-1.0,1722204,0.0,7,,0.0,9.0,7.0,C01,138Â 211Â 213,1.0
1008951,201900050482,7,16,13:00,1,2,1,1.0,5.0,2B010,RT30,M,"42,6063340","8,8638430",2B,2019,70.0,1.0,1.0,2.0,2256242,1.0,1,4,1,4.0,,0.0,0,1992.0,A01,138Â 211Â 216,1.0,-1.0,-1.0,1722205,0.0,7,,0.0,2.0,8.0,B01,138Â 211Â 215,1.0
1008951,201900050482,7,16,13:00,1,2,1,1.0,5.0,2B010,RT30,M,"42,6063340","8,8638430",2B,2019,70.0,1.0,1.0,2.0,2256242,1.0,1,4,1,4.0,,0.0,0,1992.0,A01,138Â 211Â 216,1.0,-1.0,-1.0,1722206,3.0,13,,8.0,2.0,3.0,A01,138Â 211Â 216,1.0
1008952,201900050483,3,30,15:32,1,1,1,1.0,3.0,13005,A50-Sens Marseille vers Aubagne,M,"43,2855100","5,5698400",13,2019,90.0,1.0,1.0,1.0,2256243,1.0,1,1,1,5.0,,-1.0, -1,1944.0,A01,138Â 211Â 212,1.0,0.0,-1.0,1722207,1.0,7,,0.0,2.0,6.0,A01,138Â 211Â 212,1.0
1008952,201900050483,3,30,15:32,1,1,1,1.0,3.0,13005,A50-Sens Marseille vers Aubagne,M,"43,2855100","5,5698400",13,2019,90.0,1.0,1.0,1.0,2256243,1.0,1,1,1,5.0,,-1.0, -1,1944.0,A01,138Â 211Â 212,1.0,0.0,-1.0,1722208,1.0,33,,3.0,2.0,7.0,B01,138Â 211Â 214,1.0
1008952,201900050483,3,30,15:32,1,1,1,1.0,3.0,13005,A50-Sens Marseille vers Aubagne,M,"43,2855100","5,5698400",13,2019,90.0,1.0,1.0,1.0,2256244,1.0,1,3,1,3.0,,-1.0, -1,1948.0,B01,138Â 211Â 214,2.0,6.0,-1.0,1722207,1.0,7,,0.0,2.0,6.0,A01,138Â 211Â 212,1.0
1008952,201900050483,3,30,15:32,1,1,1,1.0,3.0,13005,A50-Sens Marseille vers Aubagne,M,"43,2855100","5,5698400",13,2019,90.0,1.0,1.0,1.0,2256244,1.0,1,3,1,3.0,,-1.0, -1,1948.0,B01,138Â 211Â 214,2.0,6.0,-1.0,1722208,1.0,33,,3.0,2.0,7.0,B01,138Â 211Â 214,1.0
1008953,201900050484,7,16,08:05,1,2,9,1.0,6.0,34154,boulevard de la libertÃ©,M,"43,6161850","4,0068840",34,2019,50.0,1.0,1.0,4.0,2256245,1.0,1,1,1,5.0,,0.0,0,1980.0,A01,138Â 211Â 210,1.0,-1.0,-1.0,1722209,3.0,7,,0.0,1.0,3.0,A01,138Â 211Â 210,1.0
1008953,201900050484,7,16,08:05,1,2,9,1.0,6.0,34154,boulevard de la libertÃ©,M,"43,6161850","4,0068840",34,2019,50.0,1.0,1.0,4.0,2256246,10.0,3,3,1,5.0,,3.0,3,1953.0,A01,138Â 211Â 210,0.0,-1.0,-1.0,1722209,3.0,7,,0.0,1.0,3.0,A01,138Â 211Â 210,1.0
1008954,201900050485,3,29,18:30,1,1,1,1.0,2.0,13215,A7-Sens Marseille vers Lyon,M,"43,3340900","5,3775700",13,2019,90.0,1.0,1.0,1.0,2256247,1.0,1,1,1,1.0,,-1.0, -1,1988.0,A01,138Â 211Â 209,1.0,4.0,-1.0,1722210,2.0,7,,0.0,2.0,4.0,A01,138Â 211Â 209,1.0
1008954,201900050485,3,29,18:30,1,1,1,1.0,2.0,13215,A7-Sens Marseille vers Lyon,M,"43,3340900","5,3775700",13,2019,90.0,1.0,1.0,1.0,2256247,1.0,1,1,1,1.0,,-1.0, -1,1988.0,A01,138Â 211Â 209,1.0,4.0,-1.0,1722211,2.0,33,,0.0,2.0,9.0,B01,138Â 211Â 211,1.0
1008954,201900050485,3,29,18:30,1,1,1,1.0,2.0,13215,A7-Sens Marseille vers Lyon,M,"43,3340900","5,3775700",13,2019,90.0,1.0,1.0,1.0,2256248,1.0,1,3,1,9.0,,-1.0, -1,1988.0,B01,138Â 211Â 211,2.0,4.0,-1.0,1722210,2.0,7,,0.0,2.0,4.0,A01,138Â 211Â 209,1.0
1008954,201900050485,3,29,18:30,1,1,1,1.0,2.0,13215,A7-Sens Marseille vers Lyon,M,"43,3340900","5,3775700",13,2019,90.0,1.0,1.0,1.0,2256248,1.0,1,3,1,9.0,,-1.0, -1,1988.0,B01,138Â 211Â 211,2.0,4.0,-1.0,1722211,2.0,33,,0.0,2.0,9.0,B01,138Â 211Â 211,1.0
1008955,201900050486,3,31,07:35,1,1,1,1.0,6.0,57194,Autoroute A31,M,"49,4126200","6,1110300",57,2019,110.0,1.0,1.0,1.0,2256249,1.0,1,2,1,5.0,,-1.0, -1,1963.0,A01,138Â 211Â 208,2.0,0.0,-1.0,1722212,2.0,33,,3.0,0.0,7.0,A01,138Â 211Â 208,1.0
1008956,201900050487,7,13,13:15,1,1,1,1.0,7.0,84132,D31,M,"43,9272580","5,0297770",84,2019,80.0,8.0,1.0,3.0,2256250,1.0,1,1,1,5.0,,0.0,0,1951.0,A01,138Â 211Â 207,1.0,-1.0,-1.0,1722213,0.0,7,,0.0,0.0,0.0,A01,138Â 211Â 207,1.0
1008956,201900050487,7,13,13:15,1,1,1,1.0,7.0,84132,D31,M,"43,9272580","5,0297770",84,2019,80.0,8.0,1.0,3.0,2256251,8.0,2,1,1,5.0,,0.0,0,2003.0,A01,138Â 211Â 207,1.0,-1.0,-1.0,1722213,0.0,7,,0.0,0.0,0.0,A01,138Â 211Â 207,1.0
1008956,201900050487,7,13,13:15,1,1,1,1.0,7.0,84132,D31,M,"43,9272580","5,0297770",84,2019,80.0,8.0,1.0,3.0,2256252,7.0,2,1,1,5.0,,0.0,0,2001.0,A01,138Â 211Â 207,1.0,-1.0,-1.0,1722213,0.0,7,,0.0,0.0,0.0,A01,138Â 211Â 207,1.0
1008956,201900050487,7,13,13:15,1,1,1,1.0,7.0,84132,D31,M,"43,9272580","5,0297770",84,2019,80.0,8.0,1.0,3.0,2256253,2.0,2,3,2,5.0,,0.0,0,1964.0,A01,138Â 211Â 207,1.0,-1.0,-1.0,1722213,0.0,7,,0.0,0.0,0.0,A01,138Â 211Â 207,1.0
1008956,201900050487,7,13,13:15,1,1,1,1.0,7.0,84132,D31,M,"43,9272580","5,0297770",84,2019,80.0,8.0,1.0,3.0,2256254,9.0,2,1,1,5.0,,0.0,0,2001.0,A01,138Â 211Â 207,1.0,-1.0,-1.0,1722213,0.0,7,,0.0,0.0,0.0,A01,138Â 211Â 207,1.0
1008957,201900050488,7,14,21:35,3,1,1,1.0,2.0,83065,RD 98 A,M,"43,2640600","6,6214890",83,2019,70.0,1.0,1.0,3.0,2256255,1.0,1,1,1,5.0,,0.0,0,1973.0,A01,138Â 211Â 204,1.0,-1.0,-1.0,1722214,1.0,7,,0.0,0.0,4.0,A01,138Â 211Â 204,1.0
1008957,201900050488,7,14,21:35,3,1,1,1.0,2.0,83065,RD 98 A,M,"43,2640600","6,6214890",83,2019,70.0,1.0,1.0,3.0,2256255,1.0,1,1,1,5.0,,0.0,0,1973.0,A01,138Â 211Â 204,1.0,-1.0,-1.0,1722215,1.0,34,,0.0,2.0,1.0,B01,138Â 211Â 206,1.0
1008957,201900050488,7,14,21:35,3,1,1,1.0,2.0,83065,RD 98 A,M,"43,2640600","6,6214890",83,2019,70.0,1.0,1.0,3.0,2256256,1.0,1,4,1,1.0,,0.0,0,1974.0,B01,138Â 211Â 206,2.0,-1.0,-1.0,1722214,1.0,7,,0.0,0.0,4.0,A01,138Â 211Â 204,1.0
1008957,201900050488,7,14,21:35,3,1,1,1.0,2.0,83065,RD 98 A,M,"43,2640600","6,6214890",83,2019,70.0,1.0,1.0,3.0,2256256,1.0,1,4,1,1.0,,0.0,0,1974.0,B01,138Â 211Â 206,2.0,-1.0,-1.0,1722215,1.0,34,,0.0,2.0,1.0,B01,138Â 211Â 206,1.0
1008958,201900050489,3,30,22:50,3,1,1,1.0,2.0,57356,Autoroute A31,M,"49,4433300","6,1186800",57,2019,110.0,1.0,1.0,1.0,2256257,1.0,1,2,2,5.0,,-1.0, -1,1975.0,A01,138Â 211Â 203,8.0,0.0,-1.0,1722216,1.0,7,,0.0,2.0,3.0,A01,138Â 211Â 203,1.0
1008958,201900050489,3,30,22:50,3,1,1,1.0,2.0,57356,Autoroute A31,M,"49,4433300","6,1186800",57,2019,110.0,1.0,1.0,1.0,2256257,1.0,1,2,2,5.0,,-1.0, -1,1975.0,A01,138Â 211Â 203,8.0,0.0,-1.0,1722217,1.0,7,,3.0,2.0,5.0,B01,138Â 211Â 205,1.0
1008958,201900050489,3,30,22:50,3,1,1,1.0,2.0,57356,Autoroute A31,M,"49,4433300","6,1186800",57,2019,110.0,1.0,1.0,1.0,2256258,1.0,1,4,1,5.0,,-1.0, -1,1981.0,B01,138Â 211Â 205,1.0,0.0,-1.0,1722216,1.0,7,,0.0,2.0,3.0,A01,138Â 211Â 203,1.0
1008958,201900050489,3,30,22:50,3,1,1,1.0,2.0,57356,Autoroute A31,M,"49,4433300","6,1186800",57,2019,110.0,1.0,1.0,1.0,2256258,1.0,1,4,1,5.0,,-1.0, -1,1981.0,B01,138Â 211Â 205,1.0,0.0,-1.0,1722217,1.0,7,,3.0,2.0,5.0,B01,138Â 211Â 205,1.0
1008959,201900050490,7,16,13:40,1,1,1,1.0,2.0,89196,Autoroute A6 PK 143+50,M,"47,8876291","3,4188509",89,2019,130.0,2.0,1.0,1.0,2256259,1.0,1,2,1,4.0,,0.0,0,1956.0,A01,138Â 211Â 200,1.0,-1.0,-1.0,1722218,2.0,17,,4.0,2.0,0.0,A01,138Â 211Â 200,1.0
1008959,201900050490,7,16,13:40,1,1,1,1.0,2.0,89196,Autoroute A6 PK 143+50,M,"47,8876291","3,4188509",89,2019,130.0,2.0,1.0,1.0,2256259,1.0,1,2,1,4.0,,0.0,0,1956.0,A01,138Â 211Â 200,1.0,-1.0,-1.0,1722219,1.0,7,,0.0,0.0,6.0,B01,138Â 211Â 202,1.0
1008959,201900050490,7,16,13:40,1,1,1,1.0,2.0,89196,Autoroute A6 PK 143+50,M,"47,8876291","3,4188509",89,2019,130.0,2.0,1.0,1.0,2256260,1.0,1,4,2,9.0,,0.0,0,1946.0,B01,138Â 211Â 202,1.0,5.0,-1.0,1722218,2.0,17,,4.0,2.0,0.0,A01,138Â 211Â 200,1.0
1008959,201900050490,7,16,13:40,1,1,1,1.0,2.0,89196,Autoroute A6 PK 143+50,M,"47,8876291","3,4188509",89,2019,130.0,2.0,1.0,1.0,2256260,1.0,1,4,2,9.0,,0.0,0,1946.0,B01,138Â 211Â 202,1.0,5.0,-1.0,1722219,1.0,7,,0.0,0.0,6.0,B01,138Â 211Â 202,1.0
1008960,201900050491,3,31,14:30,1,1,1,1.0,3.0,33397,AUTOROUTE A 10,M,"44,9134400"," -0,4817600",33,2019,110.0,1.0,1.0,1.0,2256261,3.0,2,1,1,5.0,,-1.0, -1,1994.0,A01,138Â 211Â 199,1.0,8.0,-1.0,1722220,1.0,7,,0.0,2.0,1.0,A01,138Â 211Â 199,1.0
1008960,201900050491,3,31,14:30,1,1,1,1.0,3.0,33397,AUTOROUTE A 10,M,"44,9134400"," -0,4817600",33,2019,110.0,1.0,1.0,1.0,2256261,3.0,2,1,1,5.0,,-1.0, -1,1994.0,A01,138Â 211Â 199,1.0,8.0,-1.0,1722221,1.0,7,,0.0,2.0,5.0,B01,138Â 211Â 201,1.0
1008960,201900050491,3,31,14:30,1,1,1,1.0,3.0,33397,AUTOROUTE A 10,M,"44,9134400"," -0,4817600",33,2019,110.0,1.0,1.0,1.0,2256262,2.0,2,1,1,5.0,,-1.0, -1,1995.0,A01,138Â 211Â 199,1.0,8.0,-1.0,1722220,1.0,7,,0.0,2.0,1.0,A01,138Â 211Â 199,1.0
1008960,201900050491,3,31,14:30,1,1,1,1.0,3.0,33397,AUTOROUTE A 10,M,"44,9134400"," -0,4817600",33,2019,110.0,1.0,1.0,1.0,2256262,2.0,2,1,1,5.0,,-1.0, -1,1995.0,A01,138Â 211Â 199,1.0,8.0,-1.0,1722221,1.0,7,,0.0,2.0,5.0,B01,138Â 211Â 201,1.0
1008960,201900050491,3,31,14:30,1,1,1,1.0,3.0,33397,AUTOROUTE A 10,M,"44,9134400"," -0,4817600",33,2019,110.0,1.0,1.0,1.0,2256263,1.0,1,1,1,5.0,,-1.0, -1,1995.0,A01,138Â 211Â 199,1.0,8.0,-1.0,1722220,1.0,7,,0.0,2.0,1.0,A01,138Â 211Â 199,1.0
1008960,201900050491,3,31,14:30,1,1,1,1.0,3.0,33397,AUTOROUTE A 10,M,"44,9134400"," -0,4817600",33,2019,110.0,1.0,1.0,1.0,2256263,1.0,1,1,1,5.0,,-1.0, -1,1995.0,A01,138Â 211Â 199,1.0,8.0,-1.0,1722221,1.0,7,,0.0,2.0,5.0,B01,138Â 211Â 201,1.0
1008960,201900050491,3,31,14:30,1,1,1,1.0,3.0,33397,AUTOROUTE A 10,M,"44,9134400"," -0,4817600",33,2019,110.0,1.0,1.0,1.0,2256264,1.0,1,4,2,0.0,,-1.0, -1,1981.0,B01,138Â 211Â 201,1.0,8.0,-1.0,1722220,1.0,7,,0.0,2.0,1.0,A01,138Â 211Â 199,1.0
1008960,201900050491,3,31,14:30,1,1,1,1.0,3.0,33397,AUTOROUTE A 10,M,"44,9134400"," -0,4817600",33,2019,110.0,1.0,1.0,1.0,2256264,1.0,1,4,2,0.0,,-1.0, -1,1981.0,B01,138Â 211Â 201,1.0,8.0,-1.0,1722221,1.0,7,,0.0,2.0,5.0,B01,138Â 211Â 201,1.0
1008960,201900050491,3,31,14:30,1,1,1,1.0,3.0,33397,AUTOROUTE A 10,M,"44,9134400"," -0,4817600",33,2019,110.0,1.0,1.0,1.0,2256265,2.0,2,4,2,0.0,,-1.0, -1,1994.0,B01,138Â 211Â 201,1.0,8.0,-1.0,1722220,1.0,7,,0.0,2.0,1.0,A01,138Â 211Â 199,1.0
1008960,201900050491,3,31,14:30,1,1,1,1.0,3.0,33397,AUTOROUTE A 10,M,"44,9134400"," -0,4817600",33,2019,110.0,1.0,1.0,1.0,2256265,2.0,2,4,2,0.0,,-1.0, -1,1994.0,B01,138Â 211Â 201,1.0,8.0,-1.0,1722221,1.0,7,,0.0,2.0,5.0,B01,138Â 211Â 201,1.0
1008961,201900050492,7,16,10:10,1,1,1,1.0,6.0,71510,Les vignes des cotes,M,"46,2624560","4,0906060",71,2019,80.0,1.0,1.0,3.0,2256266,1.0,1,3,1,5.0,,0.0,0,1949.0,A01,138Â 211Â 197,2.0,6.0,-1.0,1722222,2.0,1,,0.0,0.0,0.0,A01,138Â 211Â 197,5.0
1008961,201900050492,7,16,10:10,1,1,1,1.0,6.0,71510,Les vignes des cotes,M,"46,2624560","4,0906060",71,2019,80.0,1.0,1.0,3.0,2256266,1.0,1,3,1,5.0,,0.0,0,1949.0,A01,138Â 211Â 197,2.0,6.0,-1.0,1722223,2.0,1,,0.0,2.0,1.0,B01,138Â 211Â 198,5.0
1008961,201900050492,7,16,10:10,1,1,1,1.0,6.0,71510,Les vignes des cotes,M,"46,2624560","4,0906060",71,2019,80.0,1.0,1.0,3.0,2256267,1.0,1,4,1,5.0,,0.0,0,1953.0,B01,138Â 211Â 198,2.0,6.0,-1.0,1722222,2.0,1,,0.0,0.0,0.0,A01,138Â 211Â 197,5.0
1008961,201900050492,7,16,10:10,1,1,1,1.0,6.0,71510,Les vignes des cotes,M,"46,2624560","4,0906060",71,2019,80.0,1.0,1.0,3.0,2256267,1.0,1,4,1,5.0,,0.0,0,1953.0,B01,138Â 211Â 198,2.0,6.0,-1.0,1722223,2.0,1,,0.0,2.0,1.0,B01,138Â 211Â 198,5.0
1008962,201900050493,7,14,10:20,1,1,1,1.0,7.0,52205,D143 PK 007+500,M,"48,0304810","5,1633080",52,2019,80.0,1.0,1.0,3.0,2256268,1.0,1,3,1,1.0,,0.0,0,1972.0,A01,138Â 211Â 195,2.0,6.0,-1.0,1722224,2.0,34,,0.0,0.0,0.0,A01,138Â 211Â 195,1.0
1008963,201900050494,3,31,06:05,3,1,1,1.0,2.0,33281,ROCADE A 630,M,"44,8514100"," -0,6669000",33,2019,90.0,1.0,1.0,1.0,2256269,4.0,2,4,1,0.0,,-1.0, -1,2000.0,B01,138Â 211Â 194,1.0,0.0,-1.0,1722225,1.0,7,,0.0,2.0,6.0,B01,138Â 211Â 194,1.0
1008963,201900050494,3,31,06:05,3,1,1,1.0,2.0,33281,ROCADE A 630,M,"44,8514100"," -0,6669000",33,2019,90.0,1.0,1.0,1.0,2256269,4.0,2,4,1,0.0,,-1.0, -1,2000.0,B01,138Â 211Â 194,1.0,0.0,-1.0,1722226,1.0,7,,0.0,2.0,6.0,A01,138Â 211Â 196,1.0
1008963,201900050494,3,31,06:05,3,1,1,1.0,2.0,33281,ROCADE A 630,M,"44,8514100"," -0,6669000",33,2019,90.0,1.0,1.0,1.0,2256270,2.0,2,1,1,0.0,,-1.0, -1,2000.0,B01,138Â 211Â 194,1.0,8.0,-1.0,1722225,1.0,7,,0.0,2.0,6.0,B01,138Â 211Â 194,1.0
1008963,201900050494,3,31,06:05,3,1,1,1.0,2.0,33281,ROCADE A 630,M,"44,8514100"," -0,6669000",33,2019,90.0,1.0,1.0,1.0,2256270,2.0,2,1,1,0.0,,-1.0, -1,2000.0,B01,138Â 211Â 194,1.0,8.0,-1.0,1722226,1.0,7,,0.0,2.0,6.0,A01,138Â 211Â 196,1.0
1008963,201900050494,3,31,06:05,3,1,1,1.0,2.0,33281,ROCADE A 630,M,"44,8514100"," -0,6669000",33,2019,90.0,1.0,1.0,1.0,2256271,1.0,1,1,1,0.0,,-1.0, -1,2000.0,B01,138Â 211Â 194,1.0,8.0,-1.0,1722225,1.0,7,,0.0,2.0,6.0,B01,138Â 211Â 194,1.0
1008963,201900050494,3,31,06:05,3,1,1,1.0,2.0,33281,ROCADE A 630,M,"44,8514100"," -0,6669000",33,2019,90.0,1.0,1.0,1.0,2256271,1.0,1,1,1,0.0,,-1.0, -1,2000.0,B01,138Â 211Â 194,1.0,8.0,-1.0,1722226,1.0,7,,0.0,2.0,6.0,A01,138Â 211Â 196,1.0
1008963,201900050494,3,31,06:05,3,1,1,1.0,2.0,33281,ROCADE A 630,M,"44,8514100"," -0,6669000",33,2019,90.0,1.0,1.0,1.0,2256272,3.0,2,1,1,0.0,,-1.0, -1,1999.0,B01,138Â 211Â 194,1.0,8.0,-1.0,1722225,1.0,7,,0.0,2.0,6.0,B01,138Â 211Â 194,1.0
1008963,201900050494,3,31,06:05,3,1,1,1.0,2.0,33281,ROCADE A 630,M,"44,8514100"," -0,6669000",33,2019,90.0,1.0,1.0,1.0,2256272,3.0,2,1,1,0.0,,-1.0, -1,1999.0,B01,138Â 211Â 194,1.0,8.0,-1.0,1722226,1.0,7,,0.0,2.0,6.0,A01,138Â 211Â 196,1.0
1008963,201900050494,3,31,06:05,3,1,1,1.0,2.0,33281,ROCADE A 630,M,"44,8514100"," -0,6669000",33,2019,90.0,1.0,1.0,1.0,2256273,1.0,1,1,1,5.0,,-1.0, -1,1996.0,A01,138Â 211Â 196,1.0,8.0,-1.0,1722225,1.0,7,,0.0,2.0,6.0,B01,138Â 211Â 194,1.0
1008963,201900050494,3,31,06:05,3,1,1,1.0,2.0,33281,ROCADE A 630,M,"44,8514100"," -0,6669000",33,2019,90.0,1.0,1.0,1.0,2256273,1.0,1,1,1,5.0,,-1.0, -1,1996.0,A01,138Â 211Â 196,1.0,8.0,-1.0,1722226,1.0,7,,0.0,2.0,6.0,A01,138Â 211Â 196,1.0