Unnamed: 0_x,num_acc,mois,jour,hrmn,lum,agg,int,atm,col,com,adr,gps,lat,long,dep,annee,vma,situ,surf,catr,Unnamed: 0_y,place,catu,grav,sexe,trajet,secu,locp,actp,an_nais,num_veh_x,id_vehicule_x,secu1,secu2,secu3,Unnamed: 0,senc,catv,occutc,obs,obsm,choc,num_veh_y,id_vehicule_y,motor
1008964,201900050495,7,14,13:25,1,1,1,8.0,7.0,54196,D115,M,"48,5828220","6,1890850",54,2019,80.0,1.0,1.0,3.0,2256274,2.0,2,3,2,5.0,,0.0,0,1987.0,A01,138Â 211Â 193,2.0,6.0,-1.0,1722227,2.0,33,,13.0,0.0,1.0,A01,138Â 211Â 193,1.0
1008964,201900050495,7,14,13:25,1,1,1,8.0,7.0,54196,D115,M,"48,5828220","6,1890850",54,2019,80.0,1.0,1.0,3.0,2256275,1.0,1,1,1,5.0,,0.0,0,1987.0,A01,138Â 211Â 193,2.0,6.0,-1.0,1722227,2.0,33,,13.0,0.0,1.0,A01,138Â 211Â 193,1.0
1008965,201900050496,7,16,16:10,1,2,3,1.0,3.0,74166,Route de Thonon,M,"46,3761180","6,5281830",74,2019,50.0,1.0,1.0,3.0,2256276,1.0,1,3,1,5.0,,0.0,0,2003.0,A01,138Â 211Â 191,2.0,-1.0,-1.0,1722228,2.0,2,,0.0,2.0,3.0,A01,138Â 211Â 191,1.0
1008965,201900050496,7,16,16:10,1,2,3,1.0,3.0,74166,Route de Thonon,M,"46,3761180","6,5281830",74,2019,50.0,1.0,1.0,3.0,2256276,1.0,1,3,1,5.0,,0.0,0,2003.0,A01,138Â 211Â 191,2.0,-1.0,-1.0,1722229,2.0,13,,0.0,2.0,2.0,B01,138Â 211Â 192,1.0
1008965,201900050496,7,16,16:10,1,2,3,1.0,3.0,74166,Route de Thonon,M,"46,3761180","6,5281830",74,2019,50.0,1.0,1.0,3.0,2256277,1.0,1,1,1,4.0,,0.0,0,1997.0,B01,138Â 211Â 192,1.0,-1.0,-1.0,1722228,2.0,2,,0.0,2.0,3.0,A01,138Â 211Â 191,1.0
1008965,201900050496,7,16,16:10,1,2,3,1.0,3.0,74166,Route de Thonon,M,"46,3761180","6,5281830",74,2019,50.0,1.0,1.0,3.0,2256277,1.0,1,1,1,4.0,,0.0,0,1997.0,B01,138Â 211Â 192,1.0,-1.0,-1.0,1722229,2.0,13,,0.0,2.0,2.0,B01,138Â 211Â 192,1.0
1008966,201900050497,3,30,22:30,3,1,1,1.0,2.0,33080,AUTOROUTE A 62,M,"44,7298900"," -0,5293400",33,2019,110.0,1.0,1.0,1.0,2256278,1.0,1,4,1,0.0,,-1.0, -1,1984.0,B01,138Â 211Â 189,1.0,8.0,-1.0,1722230,2.0,7,,3.0,2.0,4.0,B01,138Â 211Â 189,1.0
1008966,201900050497,3,30,22:30,3,1,1,1.0,2.0,33080,AUTOROUTE A 62,M,"44,7298900"," -0,5293400",33,2019,110.0,1.0,1.0,1.0,2256278,1.0,1,4,1,0.0,,-1.0, -1,1984.0,B01,138Â 211Â 189,1.0,8.0,-1.0,1722231,2.0,7,,0.0,2.0,1.0,A01,138Â 211Â 190,1.0
1008966,201900050497,3,30,22:30,3,1,1,1.0,2.0,33080,AUTOROUTE A 62,M,"44,7298900"," -0,5293400",33,2019,110.0,1.0,1.0,1.0,2256279,1.0,1,1,1,0.0,,-1.0, -1,1986.0,A01,138Â 211Â 190,1.0,8.0,-1.0,1722230,2.0,7,,3.0,2.0,4.0,B01,138Â 211Â 189,1.0
1008966,201900050497,3,30,22:30,3,1,1,1.0,2.0,33080,AUTOROUTE A 62,M,"44,7298900"," -0,5293400",33,2019,110.0,1.0,1.0,1.0,2256279,1.0,1,1,1,0.0,,-1.0, -1,1986.0,A01,138Â 211Â 190,1.0,8.0,-1.0,1722231,2.0,7,,0.0,2.0,1.0,A01,138Â 211Â 190,1.0
1008967,201900050498,3,31,19:00,2,1,1,1.0,6.0,91363,RN 104,M,"48,6373000","2,2046000",91,2019,110.0,1.0,1.0,2.0,2256280,1.0,1,4,1,5.0,,0.0,0,2000.0,A01,138Â 211Â 188,1.0,0.0,-1.0,1722232,2.0,10,,3.0,0.0,2.0,A01,138Â 211Â 188,1.0
1008968,201900050499,3,30,19:30,3,1,1,1.0,2.0,78640,A86 EXT,M,"48,7795400","2,1917900",78,2019,110.0,1.0,1.0,1.0,2256281,2.0,2,4,2,5.0,,-1.0,0,1990.0,A01,138Â 211Â 185,2.0,8.0,-1.0,1722233,2.0,34,,0.0,2.0,1.0,A01,138Â 211Â 185,1.0
1008968,201900050499,3,30,19:30,3,1,1,1.0,2.0,78640,A86 EXT,M,"48,7795400","2,1917900",78,2019,110.0,1.0,1.0,1.0,2256281,2.0,2,4,2,5.0,,-1.0,0,1990.0,A01,138Â 211Â 185,2.0,8.0,-1.0,1722234,2.0,7,,0.0,2.0,4.0,B01,138Â 211Â 186,1.0
1008968,201900050499,3,30,19:30,3,1,1,1.0,2.0,78640,A86 EXT,M,"48,7795400","2,1917900",78,2019,110.0,1.0,1.0,1.0,2256282,1.0,1,4,1,5.0,,-1.0,0,1990.0,A01,138Â 211Â 185,2.0,8.0,-1.0,1722233,2.0,34,,0.0,2.0,1.0,A01,138Â 211Â 185,1.0
1008968,201900050499,3,30,19:30,3,1,1,1.0,2.0,78640,A86 EXT,M,"48,7795400","2,1917900",78,2019,110.0,1.0,1.0,1.0,2256282,1.0,1,4,1,5.0,,-1.0,0,1990.0,A01,138Â 211Â 185,2.0,8.0,-1.0,1722234,2.0,7,,0.0,2.0,4.0,B01,138Â 211Â 186,1.0
1008968,201900050499,3,30,19:30,3,1,1,1.0,2.0,78640,A86 EXT,M,"48,7795400","2,1917900",78,2019,110.0,1.0,1.0,1.0,2256283,1.0,1,1,1,5.0,,-1.0,0,1997.0,B01,138Â 211Â 186,1.0,8.0,-1.0,1722233,2.0,34,,0.0,2.0,1.0,A01,138Â 211Â 185,1.0
1008968,201900050499,3,30,19:30,3,1,1,1.0,2.0,78640,A86 EXT,M,"48,7795400","2,1917900",78,2019,110.0,1.0,1.0,1.0,2256283,1.0,1,1,1,5.0,,-1.0,0,1997.0,B01,138Â 211Â 186,1.0,8.0,-1.0,1722234,2.0,7,,0.0,2.0,4.0,B01,138Â 211Â 186,1.0
1008969,201900050500,3,28,07:50,2,1,1,1.0,2.0,91687,VICTOR SCHOELCHER (AVENUE),M,"48,6484000","2,3671000",91,2019,50.0,1.0,1.0,3.0,2256284,1.0,1,4,1,1.0,,0.0,0,1979.0,A01,138Â 211Â 182,1.0,0.0,-1.0,1722235,3.0,7,,0.0,2.0,4.0,A01,138Â 211Â 182,1.0
1008969,201900050500,3,28,07:50,2,1,1,1.0,2.0,91687,VICTOR SCHOELCHER (AVENUE),M,"48,6484000","2,3671000",91,2019,50.0,1.0,1.0,3.0,2256284,1.0,1,4,1,1.0,,0.0,0,1979.0,A01,138Â 211Â 182,1.0,0.0,-1.0,1722236,3.0,7,,0.0,2.0,1.0,B01,138Â 211Â 183,1.0
1008969,201900050500,3,28,07:50,2,1,1,1.0,2.0,91687,VICTOR SCHOELCHER (AVENUE),M,"48,6484000","2,3671000",91,2019,50.0,1.0,1.0,3.0,2256285,2.0,2,4,1,1.0,,0.0,0,1997.0,B01,138Â 211Â 183,1.0,0.0,-1.0,1722235,3.0,7,,0.0,2.0,4.0,A01,138Â 211Â 182,1.0
1008969,201900050500,3,28,07:50,2,1,1,1.0,2.0,91687,VICTOR SCHOELCHER (AVENUE),M,"48,6484000","2,3671000",91,2019,50.0,1.0,1.0,3.0,2256285,2.0,2,4,1,1.0,,0.0,0,1997.0,B01,138Â 211Â 183,1.0,0.0,-1.0,1722236,3.0,7,,0.0,2.0,1.0,B01,138Â 211Â 183,1.0
1008969,201900050500,3,28,07:50,2,1,1,1.0,2.0,91687,VICTOR SCHOELCHER (AVENUE),M,"48,6484000","2,3671000",91,2019,50.0,1.0,1.0,3.0,2256286,1.0,1,4,1,1.0,,0.0,0,1987.0,B01,138Â 211Â 183,1.0,0.0,-1.0,1722235,3.0,7,,0.0,2.0,4.0,A01,138Â 211Â 182,1.0
1008969,201900050500,3,28,07:50,2,1,1,1.0,2.0,91687,VICTOR SCHOELCHER (AVENUE),M,"48,6484000","2,3671000",91,2019,50.0,1.0,1.0,3.0,2256286,1.0,1,4,1,1.0,,0.0,0,1987.0,B01,138Â 211Â 183,1.0,0.0,-1.0,1722236,3.0,7,,0.0,2.0,1.0,B01,138Â 211Â 183,1.0
1008970,201900050501,7,16,17:14,1,1,2,1.0,3.0,38076,Chemin de Chal,M,"45,5904560","5,4645450",38,2019,70.0,1.0,1.0,3.0,2256287,2.0,2,3,2,0.0,,0.0,0,2006.0,A01,138Â 211Â 179,1.0,-1.0,-1.0,1722237,2.0,7,,0.0,2.0,8.0,A01,138Â 211Â 179,1.0
1008970,201900050501,7,16,17:14,1,1,2,1.0,3.0,38076,Chemin de Chal,M,"45,5904560","5,4645450",38,2019,70.0,1.0,1.0,3.0,2256287,2.0,2,3,2,0.0,,0.0,0,2006.0,A01,138Â 211Â 179,1.0,-1.0,-1.0,1722238,2.0,33,,0.0,2.0,1.0,B01,138Â 211Â 180,1.0
1008970,201900050501,7,16,17:14,1,1,2,1.0,3.0,38076,Chemin de Chal,M,"45,5904560","5,4645450",38,2019,70.0,1.0,1.0,3.0,2256288,1.0,1,3,2,9.0,,0.0,0,1980.0,A01,138Â 211Â 179,1.0,-1.0,-1.0,1722237,2.0,7,,0.0,2.0,8.0,A01,138Â 211Â 179,1.0
1008970,201900050501,7,16,17:14,1,1,2,1.0,3.0,38076,Chemin de Chal,M,"45,5904560","5,4645450",38,2019,70.0,1.0,1.0,3.0,2256288,1.0,1,3,2,9.0,,0.0,0,1980.0,A01,138Â 211Â 179,1.0,-1.0,-1.0,1722238,2.0,33,,0.0,2.0,1.0,B01,138Â 211Â 180,1.0
1008970,201900050501,7,16,17:14,1,1,2,1.0,3.0,38076,Chemin de Chal,M,"45,5904560","5,4645450",38,2019,70.0,1.0,1.0,3.0,2256289,1.0,1,3,1,0.0,,0.0,0,1966.0,B01,138Â 211Â 180,2.0,6.0,-1.0,1722237,2.0,7,,0.0,2.0,8.0,A01,138Â 211Â 179,1.0
1008970,201900050501,7,16,17:14,1,1,2,1.0,3.0,38076,Chemin de Chal,M,"45,5904560","5,4645450",38,2019,70.0,1.0,1.0,3.0,2256289,1.0,1,3,1,0.0,,0.0,0,1966.0,B01,138Â 211Â 180,2.0,6.0,-1.0,1722238,2.0,33,,0.0,2.0,1.0,B01,138Â 211Â 180,1.0
1008971,201900050502,3,1,09:20,1,2,9,1.0,6.0,62510,COURTIN (R FRANCOIS),M,"50,4219700","2,7783000",62,2019,50.0,1.0,1.0,4.0,2256290,1.0,1,1,2,3.0,,0.0,0,1939.0,A01,138Â 211Â 175,1.0,8.0,-1.0,1722239,3.0,7,,0.0,1.0,3.0,A01,138Â 211Â 175,1.0
1008971,201900050502,3,1,09:20,1,2,9,1.0,6.0,62510,COURTIN (R FRANCOIS),M,"50,4219700","2,7783000",62,2019,50.0,1.0,1.0,4.0,2256291,10.0,3,4,2,5.0,,3.0,3,1962.0,A01,138Â 211Â 175,8.0,0.0,-1.0,1722239,3.0,7,,0.0,1.0,3.0,A01,138Â 211Â 175,1.0
1008972,201900050503,7,15,11:54,1,2,1,1.0,4.0,38509,Avenue du gÃ©nÃ©ral de Gaulle 38110,M,"45,5714750","5,4427720",38,2019,50.0,1.0,1.0,4.0,2256292,1.0,1,1,2,0.0,,0.0,0,1990.0,C01,138Â 211Â 171,8.0,-1.0,-1.0,1722240,0.0,7,,0.0,9.0,1.0,C01,138Â 211Â 171,1.0
1008972,201900050503,7,15,11:54,1,2,1,1.0,4.0,38509,Avenue du gÃ©nÃ©ral de Gaulle 38110,M,"45,5714750","5,4427720",38,2019,50.0,1.0,1.0,4.0,2256292,1.0,1,1,2,0.0,,0.0,0,1990.0,C01,138Â 211Â 171,8.0,-1.0,-1.0,1722241,0.0,32,,0.0,2.0,4.0,B01,138Â 211Â 173,3.0
1008972,201900050503,7,15,11:54,1,2,1,1.0,4.0,38509,Avenue du gÃ©nÃ©ral de Gaulle 38110,M,"45,5714750","5,4427720",38,2019,50.0,1.0,1.0,4.0,2256292,1.0,1,1,2,0.0,,0.0,0,1990.0,C01,138Â 211Â 171,8.0,-1.0,-1.0,1722242,0.0,7,,0.0,2.0,3.0,A01,138Â 211Â 174,1.0
1008972,201900050503,7,15,11:54,1,2,1,1.0,4.0,38509,Avenue du gÃ©nÃ©ral de Gaulle 38110,M,"45,5714750","5,4427720",38,2019,50.0,1.0,1.0,4.0,2256293,1.0,1,3,1,4.0,,0.0,0,1981.0,B01,138Â 211Â 173,2.0,-1.0,-1.0,1722240,0.0,7,,0.0,9.0,1.0,C01,138Â 211Â 171,1.0
1008972,201900050503,7,15,11:54,1,2,1,1.0,4.0,38509,Avenue du gÃ©nÃ©ral de Gaulle 38110,M,"45,5714750","5,4427720",38,2019,50.0,1.0,1.0,4.0,2256293,1.0,1,3,1,4.0,,0.0,0,1981.0,B01,138Â 211Â 173,2.0,-1.0,-1.0,1722241,0.0,32,,0.0,2.0,4.0,B01,138Â 211Â 173,3.0
1008972,201900050503,7,15,11:54,1,2,1,1.0,4.0,38509,Avenue du gÃ©nÃ©ral de Gaulle 38110,M,"45,5714750","5,4427720",38,2019,50.0,1.0,1.0,4.0,2256293,1.0,1,3,1,4.0,,0.0,0,1981.0,B01,138Â 211Â 173,2.0,-1.0,-1.0,1722242,0.0,7,,0.0,2.0,3.0,A01,138Â 211Â 174,1.0
1008972,201900050503,7,15,11:54,1,2,1,1.0,4.0,38509,Avenue du gÃ©nÃ©ral de Gaulle 38110,M,"45,5714750","5,4427720",38,2019,50.0,1.0,1.0,4.0,2256294,1.0,1,1,1,0.0,,0.0,0,1984.0,A01,138Â 211Â 174,8.0,-1.0,-1.0,1722240,0.0,7,,0.0,9.0,1.0,C01,138Â 211Â 171,1.0
1008972,201900050503,7,15,11:54,1,2,1,1.0,4.0,38509,Avenue du gÃ©nÃ©ral de Gaulle 38110,M,"45,5714750","5,4427720",38,2019,50.0,1.0,1.0,4.0,2256294,1.0,1,1,1,0.0,,0.0,0,1984.0,A01,138Â 211Â 174,8.0,-1.0,-1.0,1722241,0.0,32,,0.0,2.0,4.0,B01,138Â 211Â 173,3.0
1008972,201900050503,7,15,11:54,1,2,1,1.0,4.0,38509,Avenue du gÃ©nÃ©ral de Gaulle 38110,M,"45,5714750","5,4427720",38,2019,50.0,1.0,1.0,4.0,2256294,1.0,1,1,1,0.0,,0.0,0,1984.0,A01,138Â 211Â 174,8.0,-1.0,-1.0,1722242,0.0,7,,0.0,2.0,3.0,A01,138Â 211Â 174,1.0
1008973,201900050504,3,27,07:00,1,2,1,1.0,3.0,27229,MENDES FRANCE (RUE PIERRE),M,"49,0312790","1,1517530",27,2019,50.0,1.0,1.0,4.0,2256295,1.0,1,4,1,0.0,,-1.0,0,2002.0,B01,138Â 211Â 168,2.0,8.0,-1.0,1722243,0.0,2,,0.0,2.0,1.0,B01,138Â 211Â 168,1.0
1008973,201900050504,3,27,07:00,1,2,1,1.0,3.0,27229,MENDES FRANCE (RUE PIERRE),M,"49,0312790","1,1517530",27,2019,50.0,1.0,1.0,4.0,2256295,1.0,1,4,1,0.0,,-1.0,0,2002.0,B01,138Â 211Â 168,2.0,8.0,-1.0,1722244,0.0,7,,0.0,2.0,8.0,A01,138Â 211Â 169,1.0
1008973,201900050504,3,27,07:00,1,2,1,1.0,3.0,27229,MENDES FRANCE (RUE PIERRE),M,"49,0312790","1,1517530",27,2019,50.0,1.0,1.0,4.0,2256296,1.0,1,1,2,0.0,,-1.0,0,1993.0,A01,138Â 211Â 169,1.0,8.0,-1.0,1722243,0.0,2,,0.0,2.0,1.0,B01,138Â 211Â 168,1.0
1008973,201900050504,3,27,07:00,1,2,1,1.0,3.0,27229,MENDES FRANCE (RUE PIERRE),M,"49,0312790","1,1517530",27,2019,50.0,1.0,1.0,4.0,2256296,1.0,1,1,2,0.0,,-1.0,0,1993.0,A01,138Â 211Â 169,1.0,8.0,-1.0,1722244,0.0,7,,0.0,2.0,8.0,A01,138Â 211Â 169,1.0
1008974,201900050505,7,15,17:50,1,1,1,1.0,6.0,69176,d25,M,"45,6772890","4,7089730",69,2019,80.0,3.0,1.0,3.0,2256297,1.0,1,4,2,5.0,,0.0,0,2001.0,A01,138Â 211Â 167,1.0,-1.0,-1.0,1722245,2.0,7,,8.0,0.0,1.0,A01,138Â 211Â 167,1.0
1008974,201900050505,7,15,17:50,1,1,1,1.0,6.0,69176,d25,M,"45,6772890","4,7089730",69,2019,80.0,3.0,1.0,3.0,2256298,2.0,2,4,2,5.0,,0.0,0,2002.0,A01,138Â 211Â 167,1.0,-1.0,-1.0,1722245,2.0,7,,8.0,0.0,1.0,A01,138Â 211Â 167,1.0
1008974,201900050505,7,15,17:50,1,1,1,1.0,6.0,69176,d25,M,"45,6772890","4,7089730",69,2019,80.0,3.0,1.0,3.0,2256299,3.0,2,4,1,5.0,,0.0,0,2002.0,A01,138Â 211Â 167,1.0,-1.0,-1.0,1722245,2.0,7,,8.0,0.0,1.0,A01,138Â 211Â 167,1.0
1008974,201900050505,7,15,17:50,1,1,1,1.0,6.0,69176,d25,M,"45,6772890","4,7089730",69,2019,80.0,3.0,1.0,3.0,2256300,4.0,2,4,1,5.0,,0.0,0,2000.0,A01,138Â 211Â 167,1.0,-1.0,-1.0,1722245,2.0,7,,8.0,0.0,1.0,A01,138Â 211Â 167,1.0
1008975,201900050506,3,28,13:45,1,2,1,1.0,6.0,25056,PIEMONT RUE DU,M,"47,2227300","5,9654500",25,2019,50.0,1.0,1.0,4.0,2256301,10.0,3,4,2,0.0,,3.0,3,1958.0,A01,138Â 211Â 166,0.0,-1.0,-1.0,1722246,2.0,7,,0.0,1.0,1.0,A01,138Â 211Â 166,1.0
1008975,201900050506,3,28,13:45,1,2,1,1.0,6.0,25056,PIEMONT RUE DU,M,"47,2227300","5,9654500",25,2019,50.0,1.0,1.0,4.0,2256302,1.0,1,1,1,0.0,,-1.0,0,1979.0,A01,138Â 211Â 166,1.0,8.0,-1.0,1722246,2.0,7,,0.0,1.0,1.0,A01,138Â 211Â 166,1.0
1008976,201900050507,2,19,08:30,1,2,1,1.0,3.0,94017,REPUBLIQUE (AV DE LA),M,"48,8207900","2,5109300",94,2019,50.0,1.0,1.0,3.0,2256303,1.0,1,1,2,5.0,,-1.0,0,1986.0,A01,138Â 211Â 163,1.0,0.0,-1.0,1722247,2.0,7,,0.0,2.0,1.0,A01,138Â 211Â 163,1.0
1008976,201900050507,2,19,08:30,1,2,1,1.0,3.0,94017,REPUBLIQUE (AV DE LA),M,"48,8207900","2,5109300",94,2019,50.0,1.0,1.0,3.0,2256303,1.0,1,1,2,5.0,,-1.0,0,1986.0,A01,138Â 211Â 163,1.0,0.0,-1.0,1722248,2.0,43,,0.0,2.0,8.0,B01,138Â 211Â 164,1.0
1008976,201900050507,2,19,08:30,1,2,1,1.0,3.0,94017,REPUBLIQUE (AV DE LA),M,"48,8207900","2,5109300",94,2019,50.0,1.0,1.0,3.0,2256304,1.0,1,3,1,1.0,,-1.0,0,1980.0,B01,138Â 211Â 164,2.0,6.0,-1.0,1722247,2.0,7,,0.0,2.0,1.0,A01,138Â 211Â 163,1.0
1008976,201900050507,2,19,08:30,1,2,1,1.0,3.0,94017,REPUBLIQUE (AV DE LA),M,"48,8207900","2,5109300",94,2019,50.0,1.0,1.0,3.0,2256304,1.0,1,3,1,1.0,,-1.0,0,1980.0,B01,138Â 211Â 164,2.0,6.0,-1.0,1722248,2.0,43,,0.0,2.0,8.0,B01,138Â 211Â 164,1.0
1008977,201900050508,7,16,18:15,1,1,3,1.0,3.0,16078,La Simarde,M,"45,7167760","0,2296880",16,2019,80.0,1.0,1.0,3.0,2256305,1.0,1,1,1,5.0,,0.0,0,1958.0,B01,138Â 211Â 162,1.0,-1.0,-1.0,1722249,1.0,7,,0.0,2.0,2.0,B01,138Â 211Â 162,1.0
1008977,201900050508,7,16,18:15,1,1,3,1.0,3.0,16078,La Simarde,M,"45,7167760","0,2296880",16,2019,80.0,1.0,1.0,3.0,2256305,1.0,1,1,1,5.0,,0.0,0,1958.0,B01,138Â 211Â 162,1.0,-1.0,-1.0,1722250,2.0,2,,0.0,2.0,8.0,A01,138Â 211Â 165,1.0
1008977,201900050508,7,16,18:15,1,1,3,1.0,3.0,16078,La Simarde,M,"45,7167760","0,2296880",16,2019,80.0,1.0,1.0,3.0,2256306,1.0,1,3,1,5.0,,0.0,0,2002.0,A01,138Â 211Â 165,2.0,-1.0,-1.0,1722249,1.0,7,,0.0,2.0,2.0,B01,138Â 211Â 162,1.0
1008977,201900050508,7,16,18:15,1,1,3,1.0,3.0,16078,La Simarde,M,"45,7167760","0,2296880",16,2019,80.0,1.0,1.0,3.0,2256306,1.0,1,3,1,5.0,,0.0,0,2002.0,A01,138Â 211Â 165,2.0,-1.0,-1.0,1722250,2.0,2,,0.0,2.0,8.0,A01,138Â 211Â 165,1.0
1008978,201900050509,3,28,13:50,1,2,1,1.0,7.0,93055,LATERAL AU CHEMIN DE FER (CHEMIN),M,"48,8965700","2,4208800",93,2019,50.0,1.0,1.0,4.0,2256307,1.0,1,4,1,4.0,,-1.0, -1,1997.0,A01,138Â 211Â 161,2.0,8.0,-1.0,1722251,2.0,32,,0.0,0.0,0.0,A01,138Â 211Â 161,0.0
1008979,201900050510,3,13,18:00,5,2,1,2.0,6.0,92004,COLOMBES ( RUE DE 31 A ),M,"48,9129690","2,2833050",92,2019,50.0,1.0,2.0,4.0,2256308,10.0,3,4,2,3.0,,4.0,3,1963.0,A01,138Â 211Â 159,8.0,0.0,-1.0,1722252,0.0,7,,0.0,1.0,1.0,A01,138Â 211Â 159,0.0
1008979,201900050510,3,13,18:00,5,2,1,2.0,6.0,92004,COLOMBES ( RUE DE 31 A ),M,"48,9129690","2,2833050",92,2019,50.0,1.0,2.0,4.0,2256309,1.0,1,1,1,4.0,,-1.0,0,1973.0,A01,138Â 211Â 159,1.0,0.0,-1.0,1722252,0.0,7,,0.0,1.0,1.0,A01,138Â 211Â 159,0.0
1008980,201900050511,5,22,11:15,1,1,9,1.0,3.0,80033,Autoroute A1 124+400,M,"49,8960930","2,8345130",80,2019,130.0,1.0,1.0,1.0,2256310,1.0,1,1,1,4.0,,0.0,0,1971.0,B01,138Â 211Â 158,1.0,-1.0,-1.0,1722253,2.0,15,,0.0,0.0,8.0,B01,138Â 211Â 158,6.0
1008980,201900050511,5,22,11:15,1,1,9,1.0,3.0,80033,Autoroute A1 124+400,M,"49,8960930","2,8345130",80,2019,130.0,1.0,1.0,1.0,2256310,1.0,1,1,1,4.0,,0.0,0,1971.0,B01,138Â 211Â 158,1.0,-1.0,-1.0,1722254,2.0,7,,0.0,2.0,2.0,A01,138Â 211Â 160,6.0
1008980,201900050511,5,22,11:15,1,1,9,1.0,3.0,80033,Autoroute A1 124+400,M,"49,8960930","2,8345130",80,2019,130.0,1.0,1.0,1.0,2256311,1.0,1,1,1,5.0,,0.0,0,1980.0,A01,138Â 211Â 160,0.0,-1.0,-1.0,1722253,2.0,15,,0.0,0.0,8.0,B01,138Â 211Â 158,6.0
1008980,201900050511,5,22,11:15,1,1,9,1.0,3.0,80033,Autoroute A1 124+400,M,"49,8960930","2,8345130",80,2019,130.0,1.0,1.0,1.0,2256311,1.0,1,1,1,5.0,,0.0,0,1980.0,A01,138Â 211Â 160,0.0,-1.0,-1.0,1722254,2.0,7,,0.0,2.0,2.0,A01,138Â 211Â 160,6.0
1008980,201900050511,5,22,11:15,1,1,9,1.0,3.0,80033,Autoroute A1 124+400,M,"49,8960930","2,8345130",80,2019,130.0,1.0,1.0,1.0,2256312,7.0,2,1,1,0.0,,0.0,0,2014.0,A01,138Â 211Â 160,3.0,-1.0,-1.0,1722253,2.0,15,,0.0,0.0,8.0,B01,138Â 211Â 158,6.0
1008980,201900050511,5,22,11:15,1,1,9,1.0,3.0,80033,Autoroute A1 124+400,M,"49,8960930","2,8345130",80,2019,130.0,1.0,1.0,1.0,2256312,7.0,2,1,1,0.0,,0.0,0,2014.0,A01,138Â 211Â 160,3.0,-1.0,-1.0,1722254,2.0,7,,0.0,2.0,2.0,A01,138Â 211Â 160,6.0
1008980,201900050511,5,22,11:15,1,1,9,1.0,3.0,80033,Autoroute A1 124+400,M,"49,8960930","2,8345130",80,2019,130.0,1.0,1.0,1.0,2256313,2.0,2,3,2,0.0,,0.0,0,1981.0,A01,138Â 211Â 160,1.0,-1.0,-1.0,1722253,2.0,15,,0.0,0.0,8.0,B01,138Â 211Â 158,6.0
1008980,201900050511,5,22,11:15,1,1,9,1.0,3.0,80033,Autoroute A1 124+400,M,"49,8960930","2,8345130",80,2019,130.0,1.0,1.0,1.0,2256313,2.0,2,3,2,0.0,,0.0,0,1981.0,A01,138Â 211Â 160,1.0,-1.0,-1.0,1722254,2.0,7,,0.0,2.0,2.0,A01,138Â 211Â 160,6.0
1008980,201900050511,5,22,11:15,1,1,9,1.0,3.0,80033,Autoroute A1 124+400,M,"49,8960930","2,8345130",80,2019,130.0,1.0,1.0,1.0,2256314,9.0,2,1,1,0.0,,0.0,0,2012.0,A01,138Â 211Â 160,1.0,-1.0,-1.0,1722253,2.0,15,,0.0,0.0,8.0,B01,138Â 211Â 158,6.0
1008980,201900050511,5,22,11:15,1,1,9,1.0,3.0,80033,Autoroute A1 124+400,M,"49,8960930","2,8345130",80,2019,130.0,1.0,1.0,1.0,2256314,9.0,2,1,1,0.0,,0.0,0,2012.0,A01,138Â 211Â 160,1.0,-1.0,-1.0,1722254,2.0,7,,0.0,2.0,2.0,A01,138Â 211Â 160,6.0
1008981,201900050512,6,27,16:00,1,1,9,1.0,3.0,13215,A7-Sens Lyon vers Marseille,M,"43,3793000","5,3542000",13,2019,90.0,1.0,1.0,1.0,2256315,1.0,1,1,1,4.0,,-1.0,0,1970.0,B01,138Â 211Â 155,8.0,0.0,-1.0,1722255,1.0,17,,0.0,2.0,7.0,B01,138Â 211Â 155,1.0
1008981,201900050512,6,27,16:00,1,1,9,1.0,3.0,13215,A7-Sens Lyon vers Marseille,M,"43,3793000","5,3542000",13,2019,90.0,1.0,1.0,1.0,2256315,1.0,1,1,1,4.0,,-1.0,0,1970.0,B01,138Â 211Â 155,8.0,0.0,-1.0,1722256,1.0,10,,0.0,2.0,3.0,A01,138Â 211Â 156,1.0
1008981,201900050512,6,27,16:00,1,1,9,1.0,3.0,13215,A7-Sens Lyon vers Marseille,M,"43,3793000","5,3542000",13,2019,90.0,1.0,1.0,1.0,2256316,1.0,1,4,2,5.0,,-1.0,0,1998.0,A01,138Â 211Â 156,8.0,0.0,-1.0,1722255,1.0,17,,0.0,2.0,7.0,B01,138Â 211Â 155,1.0
1008981,201900050512,6,27,16:00,1,1,9,1.0,3.0,13215,A7-Sens Lyon vers Marseille,M,"43,3793000","5,3542000",13,2019,90.0,1.0,1.0,1.0,2256316,1.0,1,4,2,5.0,,-1.0,0,1998.0,A01,138Â 211Â 156,8.0,0.0,-1.0,1722256,1.0,10,,0.0,2.0,3.0,A01,138Â 211Â 156,1.0
1008982,201900050513,7,13,18:30,1,1,1,1.0,2.0,83137,A50,M,"43,1213200","5,9533100",83,2019,90.0,1.0,1.0,1.0,2256317,1.0,1,1,1,5.0,,-1.0,0,1977.0,A01,138Â 211Â 152,1.0,0.0,-1.0,1722257,1.0,7,,0.0,2.0,1.0,A01,138Â 211Â 152,1.0
1008982,201900050513,7,13,18:30,1,1,1,1.0,2.0,83137,A50,M,"43,1213200","5,9533100",83,2019,90.0,1.0,1.0,1.0,2256317,1.0,1,1,1,5.0,,-1.0,0,1977.0,A01,138Â 211Â 152,1.0,0.0,-1.0,1722258,1.0,7,,0.0,2.0,4.0,B01,138Â 211Â 153,1.0