Unnamed: 0_x,num_acc,mois,jour,hrmn,lum,agg,int,atm,col,com,adr,gps,lat,long,dep,annee,vma,situ,surf,catr,Unnamed: 0_y,place,catu,grav,sexe,trajet,secu,locp,actp,an_nais,num_veh_x,id_vehicule_x,secu1,secu2,secu3,Unnamed: 0,senc,catv,occutc,obs,obsm,choc,num_veh_y,id_vehicule_y,motor
1008982,201900050513,7,13,18:30,1,1,1,1.0,2.0,83137,A50,M,"43,1213200","5,9533100",83,2019,90.0,1.0,1.0,1.0,2256318,1.0,1,4,2,5.0,,-1.0,0,1980.0,B01,138Â 211Â 153,1.0,8.0,-1.0,1722257,1.0,7,,0.0,2.0,1.0,A01,138Â 211Â 152,1.0
1008982,201900050513,7,13,18:30,1,1,1,1.0,2.0,83137,A50,M,"43,1213200","5,9533100",83,2019,90.0,1.0,1.0,1.0,2256318,1.0,1,4,2,5.0,,-1.0,0,1980.0,B01,138Â 211Â 153,1.0,8.0,-1.0,1722258,1.0,7,,0.0,2.0,4.0,B01,138Â 211Â 153,1.0
1008983,201900050514,2,7,19:30,1,2,3,1.0,3.0,92004,EMILE ZOLA ( RUE ),M,"48,9254048","2,2816265",92,2019,50.0,1.0,1.0,4.0,2256319,1.0,1,1,1,5.0,,-1.0,0,1959.0,A01,138Â 211Â 154,1.0,0.0,-1.0,1722259,3.0,7,,0.0,2.0,1.0,A01,138Â 211Â 154,0.0
1008983,201900050514,2,7,19:30,1,2,3,1.0,3.0,92004,EMILE ZOLA ( RUE ),M,"48,9254048","2,2816265",92,2019,50.0,1.0,1.0,4.0,2256319,1.0,1,1,1,5.0,,-1.0,0,1959.0,A01,138Â 211Â 154,1.0,0.0,-1.0,1722260,3.0,7,,0.0,2.0,9.0,B01,138Â 211Â 157,0.0
1008983,201900050514,2,7,19:30,1,2,3,1.0,3.0,92004,EMILE ZOLA ( RUE ),M,"48,9254048","2,2816265",92,2019,50.0,1.0,1.0,4.0,2256320,1.0,1,3,1,4.0,,-1.0,0,1961.0,B01,138Â 211Â 157,1.0,0.0,0.0,1722259,3.0,7,,0.0,2.0,1.0,A01,138Â 211Â 154,0.0
1008983,201900050514,2,7,19:30,1,2,3,1.0,3.0,92004,EMILE ZOLA ( RUE ),M,"48,9254048","2,2816265",92,2019,50.0,1.0,1.0,4.0,2256320,1.0,1,3,1,4.0,,-1.0,0,1961.0,B01,138Â 211Â 157,1.0,0.0,0.0,1722260,3.0,7,,0.0,2.0,9.0,B01,138Â 211Â 157,0.0
1008984,201900050515,7,15,03:00,3,1,1,1.0,6.0,01238,A46N   7.065 A 9.020,M,"45,9020423","4,8170516",1,2019,110.0,1.0,1.0,1.0,2256321,1.0,1,3,1,4.0,,-1.0, -1,1981.0,A01,138Â 211Â 151,1.0,0.0,-1.0,1722261,2.0,14,,4.0,0.0,1.0,A01,138Â 211Â 151,1.0
1008985,201900050516,2,5,18:35,5,2,3,1.0,3.0,92004,AULAGNIER ( QUAI ),M,"48,9174536","2,3199247",92,2019,50.0,1.0,1.0,3.0,2256322,1.0,1,1,2,5.0,,-1.0,0,1986.0,B01,138Â 211Â 147,1.0,0.0,-1.0,1722262,3.0,7,,0.0,2.0,2.0,B01,138Â 211Â 147,0.0
1008985,201900050516,2,5,18:35,5,2,3,1.0,3.0,92004,AULAGNIER ( QUAI ),M,"48,9174536","2,3199247",92,2019,50.0,1.0,1.0,3.0,2256322,1.0,1,1,2,5.0,,-1.0,0,1986.0,B01,138Â 211Â 147,1.0,0.0,-1.0,1722263,3.0,30,,0.0,2.0,0.0,A01,138Â 211Â 150,0.0
1008985,201900050516,2,5,18:35,5,2,3,1.0,3.0,92004,AULAGNIER ( QUAI ),M,"48,9174536","2,3199247",92,2019,50.0,1.0,1.0,3.0,2256323,2.0,2,4,1,5.0,,-1.0,0,1997.0,A01,138Â 211Â 150,2.0,6.0,-1.0,1722262,3.0,7,,0.0,2.0,2.0,B01,138Â 211Â 147,0.0
1008985,201900050516,2,5,18:35,5,2,3,1.0,3.0,92004,AULAGNIER ( QUAI ),M,"48,9174536","2,3199247",92,2019,50.0,1.0,1.0,3.0,2256323,2.0,2,4,1,5.0,,-1.0,0,1997.0,A01,138Â 211Â 150,2.0,6.0,-1.0,1722263,3.0,30,,0.0,2.0,0.0,A01,138Â 211Â 150,0.0
1008985,201900050516,2,5,18:35,5,2,3,1.0,3.0,92004,AULAGNIER ( QUAI ),M,"48,9174536","2,3199247",92,2019,50.0,1.0,1.0,3.0,2256324,1.0,1,1,1,5.0,,-1.0,0,1998.0,A01,138Â 211Â 150,2.0,6.0,-1.0,1722262,3.0,7,,0.0,2.0,2.0,B01,138Â 211Â 147,0.0
1008985,201900050516,2,5,18:35,5,2,3,1.0,3.0,92004,AULAGNIER ( QUAI ),M,"48,9174536","2,3199247",92,2019,50.0,1.0,1.0,3.0,2256324,1.0,1,1,1,5.0,,-1.0,0,1998.0,A01,138Â 211Â 150,2.0,6.0,-1.0,1722263,3.0,30,,0.0,2.0,0.0,A01,138Â 211Â 150,0.0
1008986,201900050517,7,12,09:50,1,1,9,1.0,3.0,67137,Route MÃ©tropolitaine 1083,M,"48,4975000","7,6892000",67,2019,70.0,1.0,1.0,7.0,2256325,1.0,1,1,1,9.0,,0.0,0,1940.0,B01,138Â 211Â 148,1.0,0.0,-1.0,1722264,3.0,7,,0.0,2.0,1.0,B01,138Â 211Â 148,1.0
1008986,201900050517,7,12,09:50,1,1,9,1.0,3.0,67137,Route MÃ©tropolitaine 1083,M,"48,4975000","7,6892000",67,2019,70.0,1.0,1.0,7.0,2256325,1.0,1,1,1,9.0,,0.0,0,1940.0,B01,138Â 211Â 148,1.0,0.0,-1.0,1722265,2.0,7,,0.0,2.0,6.0,A01,138Â 211Â 149,1.0
1008986,201900050517,7,12,09:50,1,1,9,1.0,3.0,67137,Route MÃ©tropolitaine 1083,M,"48,4975000","7,6892000",67,2019,70.0,1.0,1.0,7.0,2256326,1.0,1,4,2,0.0,,0.0,0,1998.0,A01,138Â 211Â 149,1.0,8.0,-1.0,1722264,3.0,7,,0.0,2.0,1.0,B01,138Â 211Â 148,1.0
1008986,201900050517,7,12,09:50,1,1,9,1.0,3.0,67137,Route MÃ©tropolitaine 1083,M,"48,4975000","7,6892000",67,2019,70.0,1.0,1.0,7.0,2256326,1.0,1,4,2,0.0,,0.0,0,1998.0,A01,138Â 211Â 149,1.0,8.0,-1.0,1722265,2.0,7,,0.0,2.0,6.0,A01,138Â 211Â 149,1.0
1008987,201900050518,3,27,16:30,1,1,1,1.0,7.0,83137,,M,"43,1213200","5,9533100",83,2019,70.0,1.0,1.0,1.0,2256327,1.0,1,4,1,9.0,,-1.0,0,1982.0,A01,138Â 211Â 146,2.0,0.0,-1.0,1722266,2.0,33,,16.0,0.0,1.0,A01,138Â 211Â 146,1.0
1008988,201900050519,3,27,12:35,1,1,1,1.0,3.0,33284,AUTOROUTE A 63,M,"44,6651900"," -0,8175400",33,2019,90.0,1.0,1.0,1.0,2256328,1.0,1,1,2,2.0,,-1.0, -1,1996.0,B01,138Â 211Â 142,1.0,8.0,-1.0,1722267,2.0,7,,0.0,2.0,1.0,B01,138Â 211Â 142,1.0
1008988,201900050519,3,27,12:35,1,1,1,1.0,3.0,33284,AUTOROUTE A 63,M,"44,6651900"," -0,8175400",33,2019,90.0,1.0,1.0,1.0,2256328,1.0,1,1,2,2.0,,-1.0, -1,1996.0,B01,138Â 211Â 142,1.0,8.0,-1.0,1722268,2.0,7,,0.0,2.0,2.0,A01,138Â 211Â 143,1.0
1008988,201900050519,3,27,12:35,1,1,1,1.0,3.0,33284,AUTOROUTE A 63,M,"44,6651900"," -0,8175400",33,2019,90.0,1.0,1.0,1.0,2256329,1.0,1,4,2,4.0,,-1.0, -1,1998.0,A01,138Â 211Â 143,1.0,0.0,-1.0,1722267,2.0,7,,0.0,2.0,1.0,B01,138Â 211Â 142,1.0
1008988,201900050519,3,27,12:35,1,1,1,1.0,3.0,33284,AUTOROUTE A 63,M,"44,6651900"," -0,8175400",33,2019,90.0,1.0,1.0,1.0,2256329,1.0,1,4,2,4.0,,-1.0, -1,1998.0,A01,138Â 211Â 143,1.0,0.0,-1.0,1722268,2.0,7,,0.0,2.0,2.0,A01,138Â 211Â 143,1.0
1008989,201900050520,3,28,08:40,1,1,1,1.0,3.0,93006,AUTOROUTE A3,M,"48,8662000","2,4148500",93,2019,70.0,1.0,1.0,1.0,2256330,1.0,1,1,1,0.0,,-1.0, -1,1987.0,A01,138Â 211Â 140,1.0,0.0,-1.0,1722269,2.0,10,,0.0,2.0,7.0,A01,138Â 211Â 140,1.0
1008989,201900050520,3,28,08:40,1,1,1,1.0,3.0,93006,AUTOROUTE A3,M,"48,8662000","2,4148500",93,2019,70.0,1.0,1.0,1.0,2256330,1.0,1,1,1,0.0,,-1.0, -1,1987.0,A01,138Â 211Â 140,1.0,0.0,-1.0,1722270,2.0,32,,0.0,2.0,3.0,B01,138Â 211Â 141,1.0
1008989,201900050520,3,28,08:40,1,1,1,1.0,3.0,93006,AUTOROUTE A3,M,"48,8662000","2,4148500",93,2019,70.0,1.0,1.0,1.0,2256331,1.0,1,1,1,0.0,,-1.0, -1,1962.0,B01,138Â 211Â 141,2.0,0.0,-1.0,1722269,2.0,10,,0.0,2.0,7.0,A01,138Â 211Â 140,1.0
1008989,201900050520,3,28,08:40,1,1,1,1.0,3.0,93006,AUTOROUTE A3,M,"48,8662000","2,4148500",93,2019,70.0,1.0,1.0,1.0,2256331,1.0,1,1,1,0.0,,-1.0, -1,1962.0,B01,138Â 211Â 141,2.0,0.0,-1.0,1722270,2.0,32,,0.0,2.0,3.0,B01,138Â 211Â 141,1.0
1008989,201900050520,3,28,08:40,1,1,1,1.0,3.0,93006,AUTOROUTE A3,M,"48,8662000","2,4148500",93,2019,70.0,1.0,1.0,1.0,2256332,2.0,2,4,2,0.0,,-1.0, -1,1964.0,B01,138Â 211Â 141,2.0,0.0,-1.0,1722269,2.0,10,,0.0,2.0,7.0,A01,138Â 211Â 140,1.0
1008989,201900050520,3,28,08:40,1,1,1,1.0,3.0,93006,AUTOROUTE A3,M,"48,8662000","2,4148500",93,2019,70.0,1.0,1.0,1.0,2256332,2.0,2,4,2,0.0,,-1.0, -1,1964.0,B01,138Â 211Â 141,2.0,0.0,-1.0,1722270,2.0,32,,0.0,2.0,3.0,B01,138Â 211Â 141,1.0
1008990,201900050521,3,25,23:00,3,1,1,1.0,6.0,95277,AUTOROUTE A3,M,"48,9733700","2,4862000",95,2019,50.0,1.0,1.0,1.0,2256333,1.0,1,4,1,4.0,,-1.0,0,1983.0,A01,138Â 211Â 139,1.0,8.0,-1.0,1722271,2.0,17,,4.0,0.0,8.0,A01,138Â 211Â 139,1.0
1008991,201900050522,7,15,18:40,1,1,1,1.0,2.0,33090,AUTOROUTE A 63,M,"44,7766000"," -0,6472500",33,2019,90.0,1.0,1.0,1.0,2256334,3.0,2,1,1,1.0,,0.0, -1,1989.0,B01,138Â 211Â 144,1.0,8.0,-1.0,1722272,2.0,7,,0.0,2.0,6.0,B01,138Â 211Â 144,1.0
1008991,201900050522,7,15,18:40,1,1,1,1.0,2.0,33090,AUTOROUTE A 63,M,"44,7766000"," -0,6472500",33,2019,90.0,1.0,1.0,1.0,2256334,3.0,2,1,1,1.0,,0.0, -1,1989.0,B01,138Â 211Â 144,1.0,8.0,-1.0,1722273,2.0,33,,0.0,2.0,1.0,A01,138Â 211Â 145,1.0
1008991,201900050522,7,15,18:40,1,1,1,1.0,2.0,33090,AUTOROUTE A 63,M,"44,7766000"," -0,6472500",33,2019,90.0,1.0,1.0,1.0,2256335,1.0,2,1,1,1.0,,0.0, -1,1982.0,B01,138Â 211Â 144,1.0,8.0,-1.0,1722272,2.0,7,,0.0,2.0,6.0,B01,138Â 211Â 144,1.0
1008991,201900050522,7,15,18:40,1,1,1,1.0,2.0,33090,AUTOROUTE A 63,M,"44,7766000"," -0,6472500",33,2019,90.0,1.0,1.0,1.0,2256335,1.0,2,1,1,1.0,,0.0, -1,1982.0,B01,138Â 211Â 144,1.0,8.0,-1.0,1722273,2.0,33,,0.0,2.0,1.0,A01,138Â 211Â 145,1.0
1008991,201900050522,7,15,18:40,1,1,1,1.0,2.0,33090,AUTOROUTE A 63,M,"44,7766000"," -0,6472500",33,2019,90.0,1.0,1.0,1.0,2256336,1.0,1,1,1,1.0,,0.0, -1,1978.0,B01,138Â 211Â 144,1.0,8.0,-1.0,1722272,2.0,7,,0.0,2.0,6.0,B01,138Â 211Â 144,1.0
1008991,201900050522,7,15,18:40,1,1,1,1.0,2.0,33090,AUTOROUTE A 63,M,"44,7766000"," -0,6472500",33,2019,90.0,1.0,1.0,1.0,2256336,1.0,1,1,1,1.0,,0.0, -1,1978.0,B01,138Â 211Â 144,1.0,8.0,-1.0,1722273,2.0,33,,0.0,2.0,1.0,A01,138Â 211Â 145,1.0
1008991,201900050522,7,15,18:40,1,1,1,1.0,2.0,33090,AUTOROUTE A 63,M,"44,7766000"," -0,6472500",33,2019,90.0,1.0,1.0,1.0,2256337,1.0,1,4,1,1.0,,0.0, -1,1988.0,A01,138Â 211Â 145,2.0,6.0,-1.0,1722272,2.0,7,,0.0,2.0,6.0,B01,138Â 211Â 144,1.0
1008991,201900050522,7,15,18:40,1,1,1,1.0,2.0,33090,AUTOROUTE A 63,M,"44,7766000"," -0,6472500",33,2019,90.0,1.0,1.0,1.0,2256337,1.0,1,4,1,1.0,,0.0, -1,1988.0,A01,138Â 211Â 145,2.0,6.0,-1.0,1722273,2.0,33,,0.0,2.0,1.0,A01,138Â 211Â 145,1.0
1008992,201900050523,3,30,11:45,1,2,1,1.0,2.0,98818,A HAUTEUR DU NÂ°92 RUE DU PORT DESPOINTES ,M," -22,2853200","166,4548100",988,2019,50.0,1.0,1.0,4.0,2256338,2.0,2,3,2,0.0,,-1.0,0,2012.0,B01,138Â 211Â 137,2.0,2.0,-1.0,1722274,3.0,31,,0.0,2.0,4.0,B01,138Â 211Â 137,1.0
1008992,201900050523,3,30,11:45,1,2,1,1.0,2.0,98818,A HAUTEUR DU NÂ°92 RUE DU PORT DESPOINTES ,M," -22,2853200","166,4548100",988,2019,50.0,1.0,1.0,4.0,2256338,2.0,2,3,2,0.0,,-1.0,0,2012.0,B01,138Â 211Â 137,2.0,2.0,-1.0,1722275,3.0,7,,0.0,2.0,2.0,A01,138Â 211Â 138,1.0
1008992,201900050523,3,30,11:45,1,2,1,1.0,2.0,98818,A HAUTEUR DU NÂ°92 RUE DU PORT DESPOINTES ,M," -22,2853200","166,4548100",988,2019,50.0,1.0,1.0,4.0,2256339,1.0,1,4,1,0.0,,-1.0,0,1978.0,B01,138Â 211Â 137,2.0,2.0,-1.0,1722274,3.0,31,,0.0,2.0,4.0,B01,138Â 211Â 137,1.0
1008992,201900050523,3,30,11:45,1,2,1,1.0,2.0,98818,A HAUTEUR DU NÂ°92 RUE DU PORT DESPOINTES ,M," -22,2853200","166,4548100",988,2019,50.0,1.0,1.0,4.0,2256339,1.0,1,4,1,0.0,,-1.0,0,1978.0,B01,138Â 211Â 137,2.0,2.0,-1.0,1722275,3.0,7,,0.0,2.0,2.0,A01,138Â 211Â 138,1.0
1008992,201900050523,3,30,11:45,1,2,1,1.0,2.0,98818,A HAUTEUR DU NÂ°92 RUE DU PORT DESPOINTES ,M," -22,2853200","166,4548100",988,2019,50.0,1.0,1.0,4.0,2256340,1.0,1,1,2,9.0,,-1.0,0,1982.0,A01,138Â 211Â 138,1.0,1.0,-1.0,1722274,3.0,31,,0.0,2.0,4.0,B01,138Â 211Â 137,1.0
1008992,201900050523,3,30,11:45,1,2,1,1.0,2.0,98818,A HAUTEUR DU NÂ°92 RUE DU PORT DESPOINTES ,M," -22,2853200","166,4548100",988,2019,50.0,1.0,1.0,4.0,2256340,1.0,1,1,2,9.0,,-1.0,0,1982.0,A01,138Â 211Â 138,1.0,1.0,-1.0,1722275,3.0,7,,0.0,2.0,2.0,A01,138Â 211Â 138,1.0
1008993,201900050524,7,15,16:20,1,1,1,1.0,5.0,33281,ROCADE A 630,M,"44,8489300"," -0,6683500",33,2019,90.0,1.0,2.0,1.0,2256341,1.0,1,4,2,1.0,,-1.0, -1,1991.0,A01,138Â 211Â 132,1.0,8.0,-1.0,1722276,2.0,7,,0.0,2.0,1.0,A01,138Â 211Â 132,1.0
1008993,201900050524,7,15,16:20,1,1,1,1.0,5.0,33281,ROCADE A 630,M,"44,8489300"," -0,6683500",33,2019,90.0,1.0,2.0,1.0,2256341,1.0,1,4,2,1.0,,-1.0, -1,1991.0,A01,138Â 211Â 132,1.0,8.0,-1.0,1722277,2.0,7,,0.0,2.0,4.0,B01,138Â 211Â 134,1.0
1008993,201900050524,7,15,16:20,1,1,1,1.0,5.0,33281,ROCADE A 630,M,"44,8489300"," -0,6683500",33,2019,90.0,1.0,2.0,1.0,2256341,1.0,1,4,2,1.0,,-1.0, -1,1991.0,A01,138Â 211Â 132,1.0,8.0,-1.0,1722278,2.0,7,,0.0,2.0,4.0,C01,138Â 211Â 135,1.0
1008993,201900050524,7,15,16:20,1,1,1,1.0,5.0,33281,ROCADE A 630,M,"44,8489300"," -0,6683500",33,2019,90.0,1.0,2.0,1.0,2256341,1.0,1,4,2,1.0,,-1.0, -1,1991.0,A01,138Â 211Â 132,1.0,8.0,-1.0,1722279,2.0,10,,0.0,2.0,6.0,D01,138Â 211Â 136,1.0
1008993,201900050524,7,15,16:20,1,1,1,1.0,5.0,33281,ROCADE A 630,M,"44,8489300"," -0,6683500",33,2019,90.0,1.0,2.0,1.0,2256342,1.0,1,4,2,1.0,,-1.0, -1,1972.0,B01,138Â 211Â 134,1.0,8.0,-1.0,1722276,2.0,7,,0.0,2.0,1.0,A01,138Â 211Â 132,1.0
1008993,201900050524,7,15,16:20,1,1,1,1.0,5.0,33281,ROCADE A 630,M,"44,8489300"," -0,6683500",33,2019,90.0,1.0,2.0,1.0,2256342,1.0,1,4,2,1.0,,-1.0, -1,1972.0,B01,138Â 211Â 134,1.0,8.0,-1.0,1722277,2.0,7,,0.0,2.0,4.0,B01,138Â 211Â 134,1.0
1008993,201900050524,7,15,16:20,1,1,1,1.0,5.0,33281,ROCADE A 630,M,"44,8489300"," -0,6683500",33,2019,90.0,1.0,2.0,1.0,2256342,1.0,1,4,2,1.0,,-1.0, -1,1972.0,B01,138Â 211Â 134,1.0,8.0,-1.0,1722278,2.0,7,,0.0,2.0,4.0,C01,138Â 211Â 135,1.0
1008993,201900050524,7,15,16:20,1,1,1,1.0,5.0,33281,ROCADE A 630,M,"44,8489300"," -0,6683500",33,2019,90.0,1.0,2.0,1.0,2256342,1.0,1,4,2,1.0,,-1.0, -1,1972.0,B01,138Â 211Â 134,1.0,8.0,-1.0,1722279,2.0,10,,0.0,2.0,6.0,D01,138Â 211Â 136,1.0
1008993,201900050524,7,15,16:20,1,1,1,1.0,5.0,33281,ROCADE A 630,M,"44,8489300"," -0,6683500",33,2019,90.0,1.0,2.0,1.0,2256343,1.0,1,4,2,5.0,,-1.0, -1,1973.0,C01,138Â 211Â 135,1.0,8.0,-1.0,1722276,2.0,7,,0.0,2.0,1.0,A01,138Â 211Â 132,1.0
1008993,201900050524,7,15,16:20,1,1,1,1.0,5.0,33281,ROCADE A 630,M,"44,8489300"," -0,6683500",33,2019,90.0,1.0,2.0,1.0,2256343,1.0,1,4,2,5.0,,-1.0, -1,1973.0,C01,138Â 211Â 135,1.0,8.0,-1.0,1722277,2.0,7,,0.0,2.0,4.0,B01,138Â 211Â 134,1.0
1008993,201900050524,7,15,16:20,1,1,1,1.0,5.0,33281,ROCADE A 630,M,"44,8489300"," -0,6683500",33,2019,90.0,1.0,2.0,1.0,2256343,1.0,1,4,2,5.0,,-1.0, -1,1973.0,C01,138Â 211Â 135,1.0,8.0,-1.0,1722278,2.0,7,,0.0,2.0,4.0,C01,138Â 211Â 135,1.0
1008993,201900050524,7,15,16:20,1,1,1,1.0,5.0,33281,ROCADE A 630,M,"44,8489300"," -0,6683500",33,2019,90.0,1.0,2.0,1.0,2256343,1.0,1,4,2,5.0,,-1.0, -1,1973.0,C01,138Â 211Â 135,1.0,8.0,-1.0,1722279,2.0,10,,0.0,2.0,6.0,D01,138Â 211Â 136,1.0
1008993,201900050524,7,15,16:20,1,1,1,1.0,5.0,33281,ROCADE A 630,M,"44,8489300"," -0,6683500",33,2019,90.0,1.0,2.0,1.0,2256344,2.0,2,1,1,4.0,,-1.0, -1,2001.0,D01,138Â 211Â 136,1.0,8.0,-1.0,1722276,2.0,7,,0.0,2.0,1.0,A01,138Â 211Â 132,1.0
1008993,201900050524,7,15,16:20,1,1,1,1.0,5.0,33281,ROCADE A 630,M,"44,8489300"," -0,6683500",33,2019,90.0,1.0,2.0,1.0,2256344,2.0,2,1,1,4.0,,-1.0, -1,2001.0,D01,138Â 211Â 136,1.0,8.0,-1.0,1722277,2.0,7,,0.0,2.0,4.0,B01,138Â 211Â 134,1.0
1008993,201900050524,7,15,16:20,1,1,1,1.0,5.0,33281,ROCADE A 630,M,"44,8489300"," -0,6683500",33,2019,90.0,1.0,2.0,1.0,2256344,2.0,2,1,1,4.0,,-1.0, -1,2001.0,D01,138Â 211Â 136,1.0,8.0,-1.0,1722278,2.0,7,,0.0,2.0,4.0,C01,138Â 211Â 135,1.0
1008993,201900050524,7,15,16:20,1,1,1,1.0,5.0,33281,ROCADE A 630,M,"44,8489300"," -0,6683500",33,2019,90.0,1.0,2.0,1.0,2256344,2.0,2,1,1,4.0,,-1.0, -1,2001.0,D01,138Â 211Â 136,1.0,8.0,-1.0,1722279,2.0,10,,0.0,2.0,6.0,D01,138Â 211Â 136,1.0
1008993,201900050524,7,15,16:20,1,1,1,1.0,5.0,33281,ROCADE A 630,M,"44,8489300"," -0,6683500",33,2019,90.0,1.0,2.0,1.0,2256345,1.0,1,1,1,4.0,,-1.0, -1,1983.0,D01,138Â 211Â 136,1.0,8.0,-1.0,1722276,2.0,7,,0.0,2.0,1.0,A01,138Â 211Â 132,1.0
1008993,201900050524,7,15,16:20,1,1,1,1.0,5.0,33281,ROCADE A 630,M,"44,8489300"," -0,6683500",33,2019,90.0,1.0,2.0,1.0,2256345,1.0,1,1,1,4.0,,-1.0, -1,1983.0,D01,138Â 211Â 136,1.0,8.0,-1.0,1722277,2.0,7,,0.0,2.0,4.0,B01,138Â 211Â 134,1.0
1008993,201900050524,7,15,16:20,1,1,1,1.0,5.0,33281,ROCADE A 630,M,"44,8489300"," -0,6683500",33,2019,90.0,1.0,2.0,1.0,2256345,1.0,1,1,1,4.0,,-1.0, -1,1983.0,D01,138Â 211Â 136,1.0,8.0,-1.0,1722278,2.0,7,,0.0,2.0,4.0,C01,138Â 211Â 135,1.0
1008993,201900050524,7,15,16:20,1,1,1,1.0,5.0,33281,ROCADE A 630,M,"44,8489300"," -0,6683500",33,2019,90.0,1.0,2.0,1.0,2256345,1.0,1,1,1,4.0,,-1.0, -1,1983.0,D01,138Â 211Â 136,1.0,8.0,-1.0,1722279,2.0,10,,0.0,2.0,6.0,D01,138Â 211Â 136,1.0
1008994,201900050525,3,30,05:30,1,2,1,1.0,1.0,98818,COOK (AVENUE JAMES),M," -22,2620200","166,4029800",988,2019,50.0,1.0,1.0,4.0,2256346,1.0,1,4,1,0.0,,0.0,0,1956.0,B01,138Â 211Â 131,1.0,1.0,-1.0,1722280,3.0,7,,0.0,2.0,8.0,B01,138Â 211Â 131,1.0
1008994,201900050525,3,30,05:30,1,2,1,1.0,1.0,98818,COOK (AVENUE JAMES),M," -22,2620200","166,4029800",988,2019,50.0,1.0,1.0,4.0,2256346,1.0,1,4,1,0.0,,0.0,0,1956.0,B01,138Â 211Â 131,1.0,1.0,-1.0,1722281,3.0,10,,0.0,2.0,8.0,A01,138Â 211Â 133,1.0
1008994,201900050525,3,30,05:30,1,2,1,1.0,1.0,98818,COOK (AVENUE JAMES),M," -22,2620200","166,4029800",988,2019,50.0,1.0,1.0,4.0,2256347,1.0,1,1,1,5.0,,0.0,0,1996.0,A01,138Â 211Â 133,8.0,8.0,-1.0,1722280,3.0,7,,0.0,2.0,8.0,B01,138Â 211Â 131,1.0
1008994,201900050525,3,30,05:30,1,2,1,1.0,1.0,98818,COOK (AVENUE JAMES),M," -22,2620200","166,4029800",988,2019,50.0,1.0,1.0,4.0,2256347,1.0,1,1,1,5.0,,0.0,0,1996.0,A01,138Â 211Â 133,8.0,8.0,-1.0,1722281,3.0,10,,0.0,2.0,8.0,A01,138Â 211Â 133,1.0
1008995,201900050526,7,15,07:40,1,1,1,1.0,4.0,33075,ROCADE A 630,M,"44,8898300"," -0,6106900",33,2019,90.0,1.0,1.0,1.0,2256348,1.0,1,1,1,4.0,,-1.0, -1,1961.0,C01,138Â 211Â 128,1.0,8.0,-1.0,1722282,2.0,10,,0.0,2.0,4.0,C01,138Â 211Â 128,1.0
1008995,201900050526,7,15,07:40,1,1,1,1.0,4.0,33075,ROCADE A 630,M,"44,8898300"," -0,6106900",33,2019,90.0,1.0,1.0,1.0,2256348,1.0,1,1,1,4.0,,-1.0, -1,1961.0,C01,138Â 211Â 128,1.0,8.0,-1.0,1722283,2.0,7,,0.0,2.0,4.0,B01,138Â 211Â 129,1.0
1008995,201900050526,7,15,07:40,1,1,1,1.0,4.0,33075,ROCADE A 630,M,"44,8898300"," -0,6106900",33,2019,90.0,1.0,1.0,1.0,2256348,1.0,1,1,1,4.0,,-1.0, -1,1961.0,C01,138Â 211Â 128,1.0,8.0,-1.0,1722284,2.0,10,,0.0,2.0,1.0,A01,138Â 211Â 130,1.0
1008995,201900050526,7,15,07:40,1,1,1,1.0,4.0,33075,ROCADE A 630,M,"44,8898300"," -0,6106900",33,2019,90.0,1.0,1.0,1.0,2256349,1.0,1,4,2,0.0,,-1.0, -1,1977.0,B01,138Â 211Â 129,1.0,8.0,-1.0,1722282,2.0,10,,0.0,2.0,4.0,C01,138Â 211Â 128,1.0
1008995,201900050526,7,15,07:40,1,1,1,1.0,4.0,33075,ROCADE A 630,M,"44,8898300"," -0,6106900",33,2019,90.0,1.0,1.0,1.0,2256349,1.0,1,4,2,0.0,,-1.0, -1,1977.0,B01,138Â 211Â 129,1.0,8.0,-1.0,1722283,2.0,7,,0.0,2.0,4.0,B01,138Â 211Â 129,1.0
1008995,201900050526,7,15,07:40,1,1,1,1.0,4.0,33075,ROCADE A 630,M,"44,8898300"," -0,6106900",33,2019,90.0,1.0,1.0,1.0,2256349,1.0,1,4,2,0.0,,-1.0, -1,1977.0,B01,138Â 211Â 129,1.0,8.0,-1.0,1722284,2.0,10,,0.0,2.0,1.0,A01,138Â 211Â 130,1.0
1008995,201900050526,7,15,07:40,1,1,1,1.0,4.0,33075,ROCADE A 630,M,"44,8898300"," -0,6106900",33,2019,90.0,1.0,1.0,1.0,2256350,1.0,1,1,1,0.0,,-1.0, -1,1987.0,A01,138Â 211Â 130,1.0,8.0,-1.0,1722282,2.0,10,,0.0,2.0,4.0,C01,138Â 211Â 128,1.0
1008995,201900050526,7,15,07:40,1,1,1,1.0,4.0,33075,ROCADE A 630,M,"44,8898300"," -0,6106900",33,2019,90.0,1.0,1.0,1.0,2256350,1.0,1,1,1,0.0,,-1.0, -1,1987.0,A01,138Â 211Â 130,1.0,8.0,-1.0,1722283,2.0,7,,0.0,2.0,4.0,B01,138Â 211Â 129,1.0
1008995,201900050526,7,15,07:40,1,1,1,1.0,4.0,33075,ROCADE A 630,M,"44,8898300"," -0,6106900",33,2019,90.0,1.0,1.0,1.0,2256350,1.0,1,1,1,0.0,,-1.0, -1,1987.0,A01,138Â 211Â 130,1.0,8.0,-1.0,1722284,2.0,10,,0.0,2.0,1.0,A01,138Â 211Â 130,1.0