Unnamed: 0_x,num_acc,mois,jour,hrmn,lum,agg,int,atm,col,com,adr,gps,lat,long,dep,annee,vma,situ,surf,catr,Unnamed: 0_y,place,catu,grav,sexe,trajet,secu,locp,actp,an_nais,num_veh_x,id_vehicule_x,secu1,secu2,secu3,Unnamed: 0,senc,catv,occutc,obs,obsm,choc,num_veh_y,id_vehicule_y,motor
1008996,201900050527,3,29,13:30,1,2,3,1.0,2.0,98818,RUE AMPERE/RUE ARAGO,M," -22,2338900","166,4469700",988,2019,50.0,1.0,9.0,4.0,2256351,1.0,1,1,1,0.0,,0.0,0,1962.0,B01,138Â 211Â 126,8.0,8.0,-1.0,1722285,3.0,7,,0.0,2.0,4.0,B01,138Â 211Â 126,1.0
1008996,201900050527,3,29,13:30,1,2,3,1.0,2.0,98818,RUE AMPERE/RUE ARAGO,M," -22,2338900","166,4469700",988,2019,50.0,1.0,9.0,4.0,2256351,1.0,1,1,1,0.0,,0.0,0,1962.0,B01,138Â 211Â 126,8.0,8.0,-1.0,1722286,3.0,31,,0.0,2.0,1.0,A01,138Â 211Â 127,1.0
1008996,201900050527,3,29,13:30,1,2,3,1.0,2.0,98818,RUE AMPERE/RUE ARAGO,M," -22,2338900","166,4469700",988,2019,50.0,1.0,9.0,4.0,2256352,1.0,1,4,1,0.0,,0.0,0,1964.0,A01,138Â 211Â 127,8.0,8.0,-1.0,1722285,3.0,7,,0.0,2.0,4.0,B01,138Â 211Â 126,1.0
1008996,201900050527,3,29,13:30,1,2,3,1.0,2.0,98818,RUE AMPERE/RUE ARAGO,M," -22,2338900","166,4469700",988,2019,50.0,1.0,9.0,4.0,2256352,1.0,1,4,1,0.0,,0.0,0,1964.0,A01,138Â 211Â 127,8.0,8.0,-1.0,1722286,3.0,31,,0.0,2.0,1.0,A01,138Â 211Â 127,1.0
1008997,201900050528,7,15,05:00,3,1,1,1.0,6.0,33448,AUTOROUTE A 62,M,"44,7080800"," -0,5110600",33,2019,130.0,1.0,1.0,1.0,2256353,1.0,1,4,1,0.0,,-1.0, -1,1970.0,A01,138Â 211Â 125,1.0,8.0,-1.0,1722287,2.0,7,,13.0,6.0,1.0,A01,138Â 211Â 125,1.0
1008998,201900050529,3,29,08:35,1,2,2,1.0,6.0,98818,RUE VERDUN/RUE DU G. MANGIN,M," -22,2726200","166,4403000",988,2019,50.0,1.0,1.0,4.0,2256354,10.0,3,4,2,0.0,,2.0,3,1944.0,A01,138Â 211Â 123,8.0,0.0,-1.0,1722288,3.0,1,,0.0,1.0,8.0,A01,138Â 211Â 123,5.0
1008998,201900050529,3,29,08:35,1,2,2,1.0,6.0,98818,RUE VERDUN/RUE DU G. MANGIN,M," -22,2726200","166,4403000",988,2019,50.0,1.0,1.0,4.0,2256355,1.0,1,1,1,0.0,,0.0,0,1968.0,A01,138Â 211Â 123,8.0,0.0,-1.0,1722288,3.0,1,,0.0,1.0,8.0,A01,138Â 211Â 123,5.0
1008999,201900050530,7,15,16:39,1,1,1,1.0,1.0,91312,RD 444,M,"48,7312620","2,2395620",91,2019,70.0,3.0,1.0,3.0,2256356,3.0,2,4,1,0.0,,0.0,0,2017.0,A01,138Â 211Â 122,3.0,0.0,-1.0,1722289,2.0,10,,0.0,2.0,3.0,A01,138Â 211Â 122,1.0
1008999,201900050530,7,15,16:39,1,1,1,1.0,1.0,91312,RD 444,M,"48,7312620","2,2395620",91,2019,70.0,3.0,1.0,3.0,2256356,3.0,2,4,1,0.0,,0.0,0,2017.0,A01,138Â 211Â 122,3.0,0.0,-1.0,1722290,1.0,7,,0.0,2.0,3.0,B01,138Â 211Â 124,1.0
1008999,201900050530,7,15,16:39,1,1,1,1.0,1.0,91312,RD 444,M,"48,7312620","2,2395620",91,2019,70.0,3.0,1.0,3.0,2256357,2.0,2,4,2,9.0,,0.0,0,1987.0,A01,138Â 211Â 122,1.0,0.0,-1.0,1722289,2.0,10,,0.0,2.0,3.0,A01,138Â 211Â 122,1.0
1008999,201900050530,7,15,16:39,1,1,1,1.0,1.0,91312,RD 444,M,"48,7312620","2,2395620",91,2019,70.0,3.0,1.0,3.0,2256357,2.0,2,4,2,9.0,,0.0,0,1987.0,A01,138Â 211Â 122,1.0,0.0,-1.0,1722290,1.0,7,,0.0,2.0,3.0,B01,138Â 211Â 124,1.0
1008999,201900050530,7,15,16:39,1,1,1,1.0,1.0,91312,RD 444,M,"48,7312620","2,2395620",91,2019,70.0,3.0,1.0,3.0,2256358,1.0,1,4,1,5.0,,0.0,0,1986.0,A01,138Â 211Â 122,1.0,0.0,-1.0,1722289,2.0,10,,0.0,2.0,3.0,A01,138Â 211Â 122,1.0
1008999,201900050530,7,15,16:39,1,1,1,1.0,1.0,91312,RD 444,M,"48,7312620","2,2395620",91,2019,70.0,3.0,1.0,3.0,2256358,1.0,1,4,1,5.0,,0.0,0,1986.0,A01,138Â 211Â 122,1.0,0.0,-1.0,1722290,1.0,7,,0.0,2.0,3.0,B01,138Â 211Â 124,1.0
1008999,201900050530,7,15,16:39,1,1,1,1.0,1.0,91312,RD 444,M,"48,7312620","2,2395620",91,2019,70.0,3.0,1.0,3.0,2256359,1.0,1,4,1,0.0,,0.0,0,1988.0,B01,138Â 211Â 124,1.0,0.0,-1.0,1722289,2.0,10,,0.0,2.0,3.0,A01,138Â 211Â 122,1.0
1008999,201900050530,7,15,16:39,1,1,1,1.0,1.0,91312,RD 444,M,"48,7312620","2,2395620",91,2019,70.0,3.0,1.0,3.0,2256359,1.0,1,4,1,0.0,,0.0,0,1988.0,B01,138Â 211Â 124,1.0,0.0,-1.0,1722290,1.0,7,,0.0,2.0,3.0,B01,138Â 211Â 124,1.0
1009000,201900050531,3,29,06:05,1,2,9,1.0,1.0,97611,kaweni-Kaweni nord ( Z I ),M," -12,7700000","45,2200000",976,2019,50.0,1.0,1.0,4.0,2256360,1.0,1,4,1,9.0,,-1.0,0,1985.0,B01,138Â 211Â 120,2.0,8.0,-1.0,1722291,2.0,33,,0.0,2.0,1.0,B01,138Â 211Â 120,1.0
1009000,201900050531,3,29,06:05,1,2,9,1.0,1.0,97611,kaweni-Kaweni nord ( Z I ),M," -12,7700000","45,2200000",976,2019,50.0,1.0,1.0,4.0,2256360,1.0,1,4,1,9.0,,-1.0,0,1985.0,B01,138Â 211Â 120,2.0,8.0,-1.0,1722292,2.0,10,,0.0,2.0,2.0,A01,138Â 211Â 121,1.0
1009000,201900050531,3,29,06:05,1,2,9,1.0,1.0,97611,kaweni-Kaweni nord ( Z I ),M," -12,7700000","45,2200000",976,2019,50.0,1.0,1.0,4.0,2256361,1.0,1,1,1,9.0,,-1.0,0,1961.0,A01,138Â 211Â 121,1.0,8.0,-1.0,1722291,2.0,33,,0.0,2.0,1.0,B01,138Â 211Â 120,1.0
1009000,201900050531,3,29,06:05,1,2,9,1.0,1.0,97611,kaweni-Kaweni nord ( Z I ),M," -12,7700000","45,2200000",976,2019,50.0,1.0,1.0,4.0,2256361,1.0,1,1,1,9.0,,-1.0,0,1961.0,A01,138Â 211Â 121,1.0,8.0,-1.0,1722292,2.0,10,,0.0,2.0,2.0,A01,138Â 211Â 121,1.0
1009001,201900050532,7,15,09:00,1,1,1,1.0,2.0,91589,AUTOROUTE A6,M,"48,6729410","2,3440440",91,2019,110.0,3.0,1.0,1.0,2256362,1.0,1,4,1,1.0,,0.0,0,1995.0,A01,138Â 211Â 118,2.0,6.0,-1.0,1722293,2.0,33,,0.0,2.0,1.0,A01,138Â 211Â 118,1.0
1009001,201900050532,7,15,09:00,1,1,1,1.0,2.0,91589,AUTOROUTE A6,M,"48,6729410","2,3440440",91,2019,110.0,3.0,1.0,1.0,2256362,1.0,1,4,1,1.0,,0.0,0,1995.0,A01,138Â 211Â 118,2.0,6.0,-1.0,1722294,2.0,7,,0.0,2.0,5.0,B01,138Â 211Â 119,1.0
1009001,201900050532,7,15,09:00,1,1,1,1.0,2.0,91589,AUTOROUTE A6,M,"48,6729410","2,3440440",91,2019,110.0,3.0,1.0,1.0,2256363,1.0,1,1,1,1.0,,0.0,0,1985.0,B01,138Â 211Â 119,1.0,4.0,-1.0,1722293,2.0,33,,0.0,2.0,1.0,A01,138Â 211Â 118,1.0
1009001,201900050532,7,15,09:00,1,1,1,1.0,2.0,91589,AUTOROUTE A6,M,"48,6729410","2,3440440",91,2019,110.0,3.0,1.0,1.0,2256363,1.0,1,1,1,1.0,,0.0,0,1985.0,B01,138Â 211Â 119,1.0,4.0,-1.0,1722294,2.0,7,,0.0,2.0,5.0,B01,138Â 211Â 119,1.0
1009002,201900050533,7,14,11:00,1,1,1,1.0,6.0,77251,RN 104,M,"48,6441830","2,5393341",77,2019,90.0,3.0,1.0,2.0,2256364,4.0,2,4,1,0.0,,-1.0,0,2019.0,A01,138Â 211Â 115,1.0,8.0,-1.0,1722295,2.0,7,,15.0,0.0,7.0,A01,138Â 211Â 115,1.0
1009002,201900050533,7,14,11:00,1,1,1,1.0,6.0,77251,RN 104,M,"48,6441830","2,5393341",77,2019,90.0,3.0,1.0,2.0,2256365,9.0,2,4,2,0.0,,-1.0,0,2015.0,A01,138Â 211Â 115,1.0,0.0,-1.0,1722295,2.0,7,,15.0,0.0,7.0,A01,138Â 211Â 115,1.0
1009002,201900050533,7,14,11:00,1,1,1,1.0,6.0,77251,RN 104,M,"48,6441830","2,5393341",77,2019,90.0,3.0,1.0,2.0,2256366,1.0,1,1,2,0.0,,-1.0, -1,1988.0,A01,138Â 211Â 115,1.0,8.0,-1.0,1722295,2.0,7,,15.0,0.0,7.0,A01,138Â 211Â 115,1.0
1009002,201900050533,7,14,11:00,1,1,1,1.0,6.0,77251,RN 104,M,"48,6441830","2,5393341",77,2019,90.0,3.0,1.0,2.0,2256367,5.0,2,4,1,0.0,,-1.0,0,2018.0,A01,138Â 211Â 115,1.0,0.0,-1.0,1722295,2.0,7,,15.0,0.0,7.0,A01,138Â 211Â 115,1.0
1009003,201900050534,7,14,17:50,1,1,1,1.0,2.0,95500,AUTOROUTE A15,M,"49,0378700","2,0888900",95,2019,90.0,1.0,1.0,1.0,2256368,1.0,1,4,1,5.0,,-1.0,0,1999.0,A01,138Â 211Â 113,1.0,0.0,-1.0,1722296,2.0,7,,0.0,2.0,2.0,A01,138Â 211Â 113,1.0
1009003,201900050534,7,14,17:50,1,1,1,1.0,2.0,95500,AUTOROUTE A15,M,"49,0378700","2,0888900",95,2019,90.0,1.0,1.0,1.0,2256368,1.0,1,4,1,5.0,,-1.0,0,1999.0,A01,138Â 211Â 113,1.0,0.0,-1.0,1722297,2.0,7,,0.0,2.0,6.0,B01,138Â 211Â 114,1.0
1009003,201900050534,7,14,17:50,1,1,1,1.0,2.0,95500,AUTOROUTE A15,M,"49,0378700","2,0888900",95,2019,90.0,1.0,1.0,1.0,2256369,1.0,1,1,1,5.0,,-1.0,0,1962.0,B01,138Â 211Â 114,1.0,0.0,-1.0,1722296,2.0,7,,0.0,2.0,2.0,A01,138Â 211Â 113,1.0
1009003,201900050534,7,14,17:50,1,1,1,1.0,2.0,95500,AUTOROUTE A15,M,"49,0378700","2,0888900",95,2019,90.0,1.0,1.0,1.0,2256369,1.0,1,1,1,5.0,,-1.0,0,1962.0,B01,138Â 211Â 114,1.0,0.0,-1.0,1722297,2.0,7,,0.0,2.0,6.0,B01,138Â 211Â 114,1.0
1009003,201900050534,7,14,17:50,1,1,1,1.0,2.0,95500,AUTOROUTE A15,M,"49,0378700","2,0888900",95,2019,90.0,1.0,1.0,1.0,2256370,2.0,2,4,2,5.0,,-1.0,0,1934.0,B01,138Â 211Â 114,1.0,0.0,-1.0,1722296,2.0,7,,0.0,2.0,2.0,A01,138Â 211Â 113,1.0
1009003,201900050534,7,14,17:50,1,1,1,1.0,2.0,95500,AUTOROUTE A15,M,"49,0378700","2,0888900",95,2019,90.0,1.0,1.0,1.0,2256370,2.0,2,4,2,5.0,,-1.0,0,1934.0,B01,138Â 211Â 114,1.0,0.0,-1.0,1722297,2.0,7,,0.0,2.0,6.0,B01,138Â 211Â 114,1.0
1009004,201900050535,3,30,09:50,1,2,3,1.0,3.0,97416,Rue Marius et Ary Leblond,M," -21,3350370","55,4647990",974,2019,50.0,1.0,1.0,4.0,2256371,1.0,1,4,1,9.0,,0.0,0,1964.0,B01,138Â 211Â 116,2.0,8.0,-1.0,1722298,1.0,32,,0.0,2.0,1.0,B01,138Â 211Â 116,1.0
1009004,201900050535,3,30,09:50,1,2,3,1.0,3.0,97416,Rue Marius et Ary Leblond,M," -21,3350370","55,4647990",974,2019,50.0,1.0,1.0,4.0,2256371,1.0,1,4,1,9.0,,0.0,0,1964.0,B01,138Â 211Â 116,2.0,8.0,-1.0,1722299,1.0,33,,0.0,2.0,2.0,A01,138Â 211Â 117,1.0
1009004,201900050535,3,30,09:50,1,2,3,1.0,3.0,97416,Rue Marius et Ary Leblond,M," -21,3350370","55,4647990",974,2019,50.0,1.0,1.0,4.0,2256372,1.0,1,1,1,9.0,,0.0,0,1959.0,A01,138Â 211Â 117,2.0,8.0,-1.0,1722298,1.0,32,,0.0,2.0,1.0,B01,138Â 211Â 116,1.0
1009004,201900050535,3,30,09:50,1,2,3,1.0,3.0,97416,Rue Marius et Ary Leblond,M," -21,3350370","55,4647990",974,2019,50.0,1.0,1.0,4.0,2256372,1.0,1,1,1,9.0,,0.0,0,1959.0,A01,138Â 211Â 117,2.0,8.0,-1.0,1722299,1.0,33,,0.0,2.0,2.0,A01,138Â 211Â 117,1.0
1009005,201900050536,7,12,14:20,1,1,1,1.0,7.0,93066,AUTOROUTE A1,M,"48,9286100","2,3584500",93,2019,90.0,1.0,8.0,1.0,2256373,1.0,1,4,1,5.0,,-1.0, -1,1997.0,A01,138Â 211Â 112,2.0,0.0,-1.0,1722300,2.0,32,,0.0,0.0,9.0,A01,138Â 211Â 112,1.0
1009006,201900050537,3,28,08:00,1,1,9,2.0,7.0,97416,D28 LIGNE DES BAMBOUS,M," -21,3059500","55,4971800",974,2019,50.0,1.0,2.0,3.0,2256374,1.0,1,4,1,9.0,,-1.0, -1,1973.0,A01,138Â 211Â 111,2.0,8.0,-1.0,1722301,2.0,50,,0.0,0.0,0.0,A01,138Â 211Â 111,3.0
1009007,201900050538,3,29,22:00,5,2,9,1.0,6.0,97411,RN2/092,M," -20,8856200","55,4973100",974,2019,90.0,1.0,1.0,2.0,2256375,2.0,2,4,2,0.0,,0.0,0,1999.0,A01,138Â 211Â 108,1.0,0.0,-1.0,1722302,2.0,7,,4.0,0.0,3.0,A01,138Â 211Â 108,1.0
1009007,201900050538,3,29,22:00,5,2,9,1.0,6.0,97411,RN2/092,M," -20,8856200","55,4973100",974,2019,90.0,1.0,1.0,2.0,2256376,1.0,1,4,2,5.0,,0.0,0,1993.0,A01,138Â 211Â 108,1.0,0.0,-1.0,1722302,2.0,7,,4.0,0.0,3.0,A01,138Â 211Â 108,1.0
1009008,201900050539,3,28,17:02,1,2,4,1.0,1.0,97411,Rue du Verger,M," -20,8974100","55,4653100",974,2019,50.0,1.0,1.0,4.0,2256377,1.0,1,1,1,0.0,,0.0,0,1962.0,B01,138Â 211Â 106,1.0,0.0,-1.0,1722303,3.0,7,,0.0,2.0,2.0,B01,138Â 211Â 106,1.0
1009008,201900050539,3,28,17:02,1,2,4,1.0,1.0,97411,Rue du Verger,M," -20,8974100","55,4653100",974,2019,50.0,1.0,1.0,4.0,2256377,1.0,1,1,1,0.0,,0.0,0,1962.0,B01,138Â 211Â 106,1.0,0.0,-1.0,1722304,3.0,34,,0.0,2.0,2.0,A01,138Â 211Â 107,1.0
1009008,201900050539,3,28,17:02,1,2,4,1.0,1.0,97411,Rue du Verger,M," -20,8974100","55,4653100",974,2019,50.0,1.0,1.0,4.0,2256378,1.0,1,4,1,0.0,,0.0,0,1977.0,A01,138Â 211Â 107,8.0,0.0,-1.0,1722303,3.0,7,,0.0,2.0,2.0,B01,138Â 211Â 106,1.0
1009008,201900050539,3,28,17:02,1,2,4,1.0,1.0,97411,Rue du Verger,M," -20,8974100","55,4653100",974,2019,50.0,1.0,1.0,4.0,2256378,1.0,1,4,1,0.0,,0.0,0,1977.0,A01,138Â 211Â 107,8.0,0.0,-1.0,1722304,3.0,34,,0.0,2.0,2.0,A01,138Â 211Â 107,1.0
1009009,201900050540,7,15,12:40,1,1,1,1.0,3.0,77373,RN104,M,"48,8000000","2,6200000",77,2019,90.0,3.0,1.0,2.0,2256379,1.0,1,4,1,0.0,,-1.0,0,1970.0,A01,138Â 211Â 109,1.0,0.0,-1.0,1722305,1.0,7,,0.0,2.0,6.0,A01,138Â 211Â 109,1.0
1009009,201900050540,7,15,12:40,1,1,1,1.0,3.0,77373,RN104,M,"48,8000000","2,6200000",77,2019,90.0,3.0,1.0,2.0,2256379,1.0,1,4,1,0.0,,-1.0,0,1970.0,A01,138Â 211Â 109,1.0,0.0,-1.0,1722306,1.0,10,,0.0,2.0,2.0,B01,138Â 211Â 110,1.0
1009009,201900050540,7,15,12:40,1,1,1,1.0,3.0,77373,RN104,M,"48,8000000","2,6200000",77,2019,90.0,3.0,1.0,2.0,2256380,1.0,1,1,1,4.0,,-1.0,0,1991.0,B01,138Â 211Â 110,1.0,0.0,-1.0,1722305,1.0,7,,0.0,2.0,6.0,A01,138Â 211Â 109,1.0
1009009,201900050540,7,15,12:40,1,1,1,1.0,3.0,77373,RN104,M,"48,8000000","2,6200000",77,2019,90.0,3.0,1.0,2.0,2256380,1.0,1,1,1,4.0,,-1.0,0,1991.0,B01,138Â 211Â 110,1.0,0.0,-1.0,1722306,1.0,10,,0.0,2.0,2.0,B01,138Â 211Â 110,1.0
1009010,201900050541,7,15,02:10,3,1,1,1.0,6.0,77373,RN104,M,"48,8021150","2,6264830",77,2019,90.0,1.0,1.0,2.0,2256381,1.0,1,4,1,1.0,,-1.0,0,1966.0,A01,138Â 211Â 104,2.0,6.0,-1.0,1722307,1.0,33,,14.0,0.0,1.0,A01,138Â 211Â 104,1.0
1009011,201900050542,7,15,02:23,3,1,1,1.0,7.0,77373,RN104,M,"48,8024500","2,6263700",77,2019,90.0,3.0,1.0,2.0,2256382,1.0,1,3,1,1.0,,-1.0, -1,1979.0,A01,138Â 211Â 102,2.0,6.0,-1.0,1722308,1.0,33,,0.0,6.0,1.0,A01,138Â 211Â 102,1.0
1009012,201900050543,3,28,12:40,1,2,6,1.0,3.0,97411,MONDON (RUE MONSEIGNEUR),M," -20,8934100","55,4605000",974,2019,50.0,1.0,1.0,4.0,2256383,1.0,1,3,1,1.0,,0.0,0,1981.0,B01,138Â 211Â 103,2.0,6.0,-1.0,1722309,1.0,31,,0.0,2.0,2.0,B01,138Â 211Â 103,1.0
1009012,201900050543,3,28,12:40,1,2,6,1.0,3.0,97411,MONDON (RUE MONSEIGNEUR),M," -20,8934100","55,4605000",974,2019,50.0,1.0,1.0,4.0,2256383,1.0,1,3,1,1.0,,0.0,0,1981.0,B01,138Â 211Â 103,2.0,6.0,-1.0,1722310,1.0,7,,0.0,2.0,3.0,A01,138Â 211Â 105,1.0
1009012,201900050543,3,28,12:40,1,2,6,1.0,3.0,97411,MONDON (RUE MONSEIGNEUR),M," -20,8934100","55,4605000",974,2019,50.0,1.0,1.0,4.0,2256384,1.0,1,1,2,1.0,,0.0,0,1994.0,A01,138Â 211Â 105,1.0,0.0,-1.0,1722309,1.0,31,,0.0,2.0,2.0,B01,138Â 211Â 103,1.0
1009012,201900050543,3,28,12:40,1,2,6,1.0,3.0,97411,MONDON (RUE MONSEIGNEUR),M," -20,8934100","55,4605000",974,2019,50.0,1.0,1.0,4.0,2256384,1.0,1,1,2,1.0,,0.0,0,1994.0,A01,138Â 211Â 105,1.0,0.0,-1.0,1722310,1.0,7,,0.0,2.0,3.0,A01,138Â 211Â 105,1.0
1009013,201900050544,3,28,11:14,1,2,3,1.0,2.0,97411,CORDEMOY (JACOB DE),M," -20,8952200","55,4888400",974,2019,50.0,1.0,1.0,4.0,2256385,1.0,1,1,1,1.0,,-1.0, -1,1968.0,B01,138Â 211Â 099,1.0,8.0,-1.0,1722311,3.0,7,,0.0,2.0,4.0,B01,138Â 211Â 099,1.0
1009013,201900050544,3,28,11:14,1,2,3,1.0,2.0,97411,CORDEMOY (JACOB DE),M," -20,8952200","55,4888400",974,2019,50.0,1.0,1.0,4.0,2256385,1.0,1,1,1,1.0,,-1.0, -1,1968.0,B01,138Â 211Â 099,1.0,8.0,-1.0,1722312,3.0,33,,0.0,2.0,1.0,A01,138Â 211Â 101,1.0
1009013,201900050544,3,28,11:14,1,2,3,1.0,2.0,97411,CORDEMOY (JACOB DE),M," -20,8952200","55,4888400",974,2019,50.0,1.0,1.0,4.0,2256386,1.0,1,3,1,5.0,,-1.0, -1,1997.0,A01,138Â 211Â 101,2.0,8.0,-1.0,1722311,3.0,7,,0.0,2.0,4.0,B01,138Â 211Â 099,1.0
1009013,201900050544,3,28,11:14,1,2,3,1.0,2.0,97411,CORDEMOY (JACOB DE),M," -20,8952200","55,4888400",974,2019,50.0,1.0,1.0,4.0,2256386,1.0,1,3,1,5.0,,-1.0, -1,1997.0,A01,138Â 211Â 101,2.0,8.0,-1.0,1722312,3.0,33,,0.0,2.0,1.0,A01,138Â 211Â 101,1.0
1009014,201900050545,3,29,06:55,1,2,1,1.0,2.0,97407,Avenue Raymond Mondon,M," -20,9348600","55,3004600",974,2019,50.0,1.0,1.0,4.0,2256387,1.0,1,4,2,1.0,,0.0,0,1981.0,A01,138Â 211Â 098,1.0,8.0,-1.0,1722313,1.0,10,,0.0,2.0,6.0,B01,138Â 211Â 097,1.0
1009014,201900050545,3,29,06:55,1,2,1,1.0,2.0,97407,Avenue Raymond Mondon,M," -20,9348600","55,3004600",974,2019,50.0,1.0,1.0,4.0,2256387,1.0,1,4,2,1.0,,0.0,0,1981.0,A01,138Â 211Â 098,1.0,8.0,-1.0,1722314,1.0,7,,1.0,0.0,2.0,A01,138Â 211Â 098,1.0
1009015,201900050546,3,29,23:40,5,2,1,1.0,3.0,97302,MADELEINE (ROUTE DE LA),M,"4,9172900"," -52,3214600",973,2019,50.0,1.0,1.0,3.0,2256388,5.0,2,4,1,5.0,,-1.0,0,2002.0,A01,138Â 211Â 095,8.0,0.0,-1.0,1722315,1.0,7,,1.0,0.0,5.0,A01,138Â 211Â 095,0.0
1009015,201900050546,3,29,23:40,5,2,1,1.0,3.0,97302,MADELEINE (ROUTE DE LA),M,"4,9172900"," -52,3214600",973,2019,50.0,1.0,1.0,3.0,2256388,5.0,2,4,1,5.0,,-1.0,0,2002.0,A01,138Â 211Â 095,8.0,0.0,-1.0,1722316,2.0,7,,0.0,2.0,1.0,B01,138Â 211Â 096,0.0
1009015,201900050546,3,29,23:40,5,2,1,1.0,3.0,97302,MADELEINE (ROUTE DE LA),M,"4,9172900"," -52,3214600",973,2019,50.0,1.0,1.0,3.0,2256389,4.0,2,4,1,5.0,,-1.0,0,2001.0,A01,138Â 211Â 095,8.0,0.0,-1.0,1722315,1.0,7,,1.0,0.0,5.0,A01,138Â 211Â 095,0.0
1009015,201900050546,3,29,23:40,5,2,1,1.0,3.0,97302,MADELEINE (ROUTE DE LA),M,"4,9172900"," -52,3214600",973,2019,50.0,1.0,1.0,3.0,2256389,4.0,2,4,1,5.0,,-1.0,0,2001.0,A01,138Â 211Â 095,8.0,0.0,-1.0,1722316,2.0,7,,0.0,2.0,1.0,B01,138Â 211Â 096,0.0
1009015,201900050546,3,29,23:40,5,2,1,1.0,3.0,97302,MADELEINE (ROUTE DE LA),M,"4,9172900"," -52,3214600",973,2019,50.0,1.0,1.0,3.0,2256390,2.0,2,4,1,5.0,,-1.0,0,1901.0,A01,138Â 211Â 095,8.0,0.0,-1.0,1722315,1.0,7,,1.0,0.0,5.0,A01,138Â 211Â 095,0.0
1009015,201900050546,3,29,23:40,5,2,1,1.0,3.0,97302,MADELEINE (ROUTE DE LA),M,"4,9172900"," -52,3214600",973,2019,50.0,1.0,1.0,3.0,2256390,2.0,2,4,1,5.0,,-1.0,0,1901.0,A01,138Â 211Â 095,8.0,0.0,-1.0,1722316,2.0,7,,0.0,2.0,1.0,B01,138Â 211Â 096,0.0
1009015,201900050546,3,29,23:40,5,2,1,1.0,3.0,97302,MADELEINE (ROUTE DE LA),M,"4,9172900"," -52,3214600",973,2019,50.0,1.0,1.0,3.0,2256391,2.0,2,2,1,5.0,,-1.0,0,2000.0,A01,138Â 211Â 095,8.0,8.0,-1.0,1722315,1.0,7,,1.0,0.0,5.0,A01,138Â 211Â 095,0.0
1009015,201900050546,3,29,23:40,5,2,1,1.0,3.0,97302,MADELEINE (ROUTE DE LA),M,"4,9172900"," -52,3214600",973,2019,50.0,1.0,1.0,3.0,2256391,2.0,2,2,1,5.0,,-1.0,0,2000.0,A01,138Â 211Â 095,8.0,8.0,-1.0,1722316,2.0,7,,0.0,2.0,1.0,B01,138Â 211Â 096,0.0
1009015,201900050546,3,29,23:40,5,2,1,1.0,3.0,97302,MADELEINE (ROUTE DE LA),M,"4,9172900"," -52,3214600",973,2019,50.0,1.0,1.0,3.0,2256392,1.0,1,4,1,5.0,,-1.0,0,2000.0,A01,138Â 211Â 095,1.0,8.0,-1.0,1722315,1.0,7,,1.0,0.0,5.0,A01,138Â 211Â 095,0.0
1009015,201900050546,3,29,23:40,5,2,1,1.0,3.0,97302,MADELEINE (ROUTE DE LA),M,"4,9172900"," -52,3214600",973,2019,50.0,1.0,1.0,3.0,2256392,1.0,1,4,1,5.0,,-1.0,0,2000.0,A01,138Â 211Â 095,1.0,8.0,-1.0,1722316,2.0,7,,0.0,2.0,1.0,B01,138Â 211Â 096,0.0
1009015,201900050546,3,29,23:40,5,2,1,1.0,3.0,97302,MADELEINE (ROUTE DE LA),M,"4,9172900"," -52,3214600",973,2019,50.0,1.0,1.0,3.0,2256393,3.0,2,4,2,5.0,,-1.0,0,1970.0,B01,138Â 211Â 096,8.0,0.0,-1.0,1722315,1.0,7,,1.0,0.0,5.0,A01,138Â 211Â 095,0.0
1009015,201900050546,3,29,23:40,5,2,1,1.0,3.0,97302,MADELEINE (ROUTE DE LA),M,"4,9172900"," -52,3214600",973,2019,50.0,1.0,1.0,3.0,2256393,3.0,2,4,2,5.0,,-1.0,0,1970.0,B01,138Â 211Â 096,8.0,0.0,-1.0,1722316,2.0,7,,0.0,2.0,1.0,B01,138Â 211Â 096,0.0
1009015,201900050546,3,29,23:40,5,2,1,1.0,3.0,97302,MADELEINE (ROUTE DE LA),M,"4,9172900"," -52,3214600",973,2019,50.0,1.0,1.0,3.0,2256394,1.0,1,4,2,5.0,,-1.0,0,1969.0,B01,138Â 211Â 096,1.0,8.0,-1.0,1722315,1.0,7,,1.0,0.0,5.0,A01,138Â 211Â 095,0.0
1009015,201900050546,3,29,23:40,5,2,1,1.0,3.0,97302,MADELEINE (ROUTE DE LA),M,"4,9172900"," -52,3214600",973,2019,50.0,1.0,1.0,3.0,2256394,1.0,1,4,2,5.0,,-1.0,0,1969.0,B01,138Â 211Â 096,1.0,8.0,-1.0,1722316,2.0,7,,0.0,2.0,1.0,B01,138Â 211Â 096,0.0
1009015,201900050546,3,29,23:40,5,2,1,1.0,3.0,97302,MADELEINE (ROUTE DE LA),M,"4,9172900"," -52,3214600",973,2019,50.0,1.0,1.0,3.0,2256395,2.0,2,4,2,5.0,,-1.0,0,1999.0,B01,138Â 211Â 096,8.0,0.0,-1.0,1722315,1.0,7,,1.0,0.0,5.0,A01,138Â 211Â 095,0.0
1009015,201900050546,3,29,23:40,5,2,1,1.0,3.0,97302,MADELEINE (ROUTE DE LA),M,"4,9172900"," -52,3214600",973,2019,50.0,1.0,1.0,3.0,2256395,2.0,2,4,2,5.0,,-1.0,0,1999.0,B01,138Â 211Â 096,8.0,0.0,-1.0,1722316,2.0,7,,0.0,2.0,1.0,B01,138Â 211Â 096,0.0