Unnamed: 0_x,num_acc,mois,jour,hrmn,lum,agg,int,atm,col,com,adr,gps,lat,long,dep,annee,vma,situ,surf,catr,Unnamed: 0_y,place,catu,grav,sexe,trajet,secu,locp,actp,an_nais,num_veh_x,id_vehicule_x,secu1,secu2,secu3,Unnamed: 0,senc,catv,occutc,obs,obsm,choc,num_veh_y,id_vehicule_y,motor
1009016,201900050547,7,11,14:30,1,1,1,1.0,6.0,97409,DE LA RAVINE(RUE),M," -20,9543000","55,6500700",974,2019,30.0,1.0,1.0,4.0,2256396,10.0,3,4,1,9.0,,6.0,9,1976.0,B01,138Â 211Â 100,8.0,0.0,-1.0,1722317,3.0,30,,0.0,1.0,0.0,B01,138Â 211Â 100,1.0
1009016,201900050547,7,11,14:30,1,1,1,1.0,6.0,97409,DE LA RAVINE(RUE),M," -20,9543000","55,6500700",974,2019,30.0,1.0,1.0,4.0,2256397,1.0,1,1,1,5.0,,0.0,0,1996.0,B01,138Â 211Â 100,2.0,0.0,-1.0,1722317,3.0,30,,0.0,1.0,0.0,B01,138Â 211Â 100,1.0
1009017,201900050548,7,14,09:45,1,2,2,1.0,3.0,97302,ZEPHIR (ROCADE),M,"4,9286400"," -52,2999700",973,2019,50.0,1.0,1.0,3.0,2256398,1.0,1,1,1,0.0,,-1.0,0,1971.0,A01,138Â 211Â 090,1.0,8.0,-1.0,1722318,1.0,7,,0.0,2.0,2.0,A01,138Â 211Â 090,1.0
1009017,201900050548,7,14,09:45,1,2,2,1.0,3.0,97302,ZEPHIR (ROCADE),M,"4,9286400"," -52,2999700",973,2019,50.0,1.0,1.0,3.0,2256398,1.0,1,1,1,0.0,,-1.0,0,1971.0,A01,138Â 211Â 090,1.0,8.0,-1.0,1722319,1.0,7,,0.0,2.0,1.0,B01,138Â 211Â 091,1.0
1009017,201900050548,7,14,09:45,1,2,2,1.0,3.0,97302,ZEPHIR (ROCADE),M,"4,9286400"," -52,2999700",973,2019,50.0,1.0,1.0,3.0,2256399,1.0,1,4,2,9.0,,-1.0,0,1964.0,B01,138Â 211Â 091,1.0,8.0,-1.0,1722318,1.0,7,,0.0,2.0,2.0,A01,138Â 211Â 090,1.0
1009017,201900050548,7,14,09:45,1,2,2,1.0,3.0,97302,ZEPHIR (ROCADE),M,"4,9286400"," -52,2999700",973,2019,50.0,1.0,1.0,3.0,2256399,1.0,1,4,2,9.0,,-1.0,0,1964.0,B01,138Â 211Â 091,1.0,8.0,-1.0,1722319,1.0,7,,0.0,2.0,1.0,B01,138Â 211Â 091,1.0
1009018,201900050549,3,29,15:30,1,2,1,1.0,3.0,97302,CABASSOU (ROUTE DE),M,"4,9176286"," -52,3135901",973,2019,50.0,1.0,1.0,3.0,2256400,1.0,1,4,1,0.0,,-1.0,0,1984.0,B01,138Â 211Â 089,2.0,6.0,-1.0,1722320,2.0,33,,0.0,2.0,1.0,B01,138Â 211Â 089,0.0
1009018,201900050549,3,29,15:30,1,2,1,1.0,3.0,97302,CABASSOU (ROUTE DE),M,"4,9176286"," -52,3135901",973,2019,50.0,1.0,1.0,3.0,2256400,1.0,1,4,1,0.0,,-1.0,0,1984.0,B01,138Â 211Â 089,2.0,6.0,-1.0,1722321,1.0,7,,0.0,2.0,3.0,A01,138Â 211Â 092,0.0
1009018,201900050549,3,29,15:30,1,2,1,1.0,3.0,97302,CABASSOU (ROUTE DE),M,"4,9176286"," -52,3135901",973,2019,50.0,1.0,1.0,3.0,2256401,1.0,1,1,1,0.0,,-1.0,0,1942.0,A01,138Â 211Â 092,1.0,0.0,-1.0,1722320,2.0,33,,0.0,2.0,1.0,B01,138Â 211Â 089,0.0
1009018,201900050549,3,29,15:30,1,2,1,1.0,3.0,97302,CABASSOU (ROUTE DE),M,"4,9176286"," -52,3135901",973,2019,50.0,1.0,1.0,3.0,2256401,1.0,1,1,1,0.0,,-1.0,0,1942.0,A01,138Â 211Â 092,1.0,0.0,-1.0,1722321,1.0,7,,0.0,2.0,3.0,A01,138Â 211Â 092,0.0
1009019,201900050550,7,14,07:45,1,2,2,1.0,3.0,69387,ST LAZARE                           (R ),M,"45,7465600","4,8451100",69,2019,50.0,1.0,1.0,4.0,2256402,1.0,1,1,1,1.0,,-1.0, -1,1993.0,A01,138Â 211Â 086,1.0,0.0,-1.0,1722322,1.0,7,,0.0,1.0,1.0,A01,138Â 211Â 086,1.0
1009019,201900050550,7,14,07:45,1,2,2,1.0,3.0,69387,ST LAZARE                           (R ),M,"45,7465600","4,8451100",69,2019,50.0,1.0,1.0,4.0,2256402,1.0,1,1,1,1.0,,-1.0, -1,1993.0,A01,138Â 211Â 086,1.0,0.0,-1.0,1722323,2.0,50,,0.0,2.0,8.0,B01,138Â 211Â 088,3.0
1009019,201900050550,7,14,07:45,1,2,2,1.0,3.0,69387,ST LAZARE                           (R ),M,"45,7465600","4,8451100",69,2019,50.0,1.0,1.0,4.0,2256403,10.0,3,4,2,0.0,,2.0,2,1994.0,B01,138Â 211Â 088,8.0,0.0,-1.0,1722322,1.0,7,,0.0,1.0,1.0,A01,138Â 211Â 086,1.0
1009019,201900050550,7,14,07:45,1,2,2,1.0,3.0,69387,ST LAZARE                           (R ),M,"45,7465600","4,8451100",69,2019,50.0,1.0,1.0,4.0,2256403,10.0,3,4,2,0.0,,2.0,2,1994.0,B01,138Â 211Â 088,8.0,0.0,-1.0,1722323,2.0,50,,0.0,2.0,8.0,B01,138Â 211Â 088,3.0
1009020,201900050551,7,14,16:20,1,1,1,1.0,1.0,97113,SECTION LABROUSSE,M,"16,2196539"," -61,5116706",971,2019,50.0,1.0,1.0,4.0,2256404,1.0,1,3,1,0.0,,-1.0,0,1992.0,A01,138Â 211Â 083,8.0,0.0,-1.0,1722324,3.0,32,,0.0,2.0,1.0,A01,138Â 211Â 083,0.0
1009020,201900050551,7,14,16:20,1,1,1,1.0,1.0,97113,SECTION LABROUSSE,M,"16,2196539"," -61,5116706",971,2019,50.0,1.0,1.0,4.0,2256404,1.0,1,3,1,0.0,,-1.0,0,1992.0,A01,138Â 211Â 083,8.0,0.0,-1.0,1722325,3.0,7,,0.0,2.0,1.0,B01,138Â 211Â 084,1.0
1009020,201900050551,7,14,16:20,1,1,1,1.0,1.0,97113,SECTION LABROUSSE,M,"16,2196539"," -61,5116706",971,2019,50.0,1.0,1.0,4.0,2256405,2.0,2,1,2,0.0,,-1.0, -1,1960.0,B01,138Â 211Â 084,8.0,0.0,-1.0,1722324,3.0,32,,0.0,2.0,1.0,A01,138Â 211Â 083,0.0
1009020,201900050551,7,14,16:20,1,1,1,1.0,1.0,97113,SECTION LABROUSSE,M,"16,2196539"," -61,5116706",971,2019,50.0,1.0,1.0,4.0,2256405,2.0,2,1,2,0.0,,-1.0, -1,1960.0,B01,138Â 211Â 084,8.0,0.0,-1.0,1722325,3.0,7,,0.0,2.0,1.0,B01,138Â 211Â 084,1.0
1009020,201900050551,7,14,16:20,1,1,1,1.0,1.0,97113,SECTION LABROUSSE,M,"16,2196539"," -61,5116706",971,2019,50.0,1.0,1.0,4.0,2256406,1.0,1,1,1,9.0,,-1.0, -1,1961.0,B01,138Â 211Â 084,8.0,0.0,-1.0,1722324,3.0,32,,0.0,2.0,1.0,A01,138Â 211Â 083,0.0
1009020,201900050551,7,14,16:20,1,1,1,1.0,1.0,97113,SECTION LABROUSSE,M,"16,2196539"," -61,5116706",971,2019,50.0,1.0,1.0,4.0,2256406,1.0,1,1,1,9.0,,-1.0, -1,1961.0,B01,138Â 211Â 084,8.0,0.0,-1.0,1722325,3.0,7,,0.0,2.0,1.0,B01,138Â 211Â 084,1.0
1009021,201900050552,3,10,01:45,5,2,2,1.0,6.0,69199,MARCELLIN BERTHELOT                 (R ),M,"45,7076400","4,8563000",69,2019,50.0,1.0,1.0,7.0,2256407,2.0,2,4,1,0.0,,0.0,0,1985.0,A01,138Â 211Â 087,1.0,5.0,-1.0,1722326,0.0,7,,0.0,0.0,0.0,B01,138Â 211Â 085,1.0
1009021,201900050552,3,10,01:45,5,2,2,1.0,6.0,69199,MARCELLIN BERTHELOT                 (R ),M,"45,7076400","4,8563000",69,2019,50.0,1.0,1.0,7.0,2256407,2.0,2,4,1,0.0,,0.0,0,1985.0,A01,138Â 211Â 087,1.0,5.0,-1.0,1722327,3.0,7,,0.0,0.0,0.0,A01,138Â 211Â 087,1.0
1009022,201900050553,3,29,20:40,2,2,1,1.0,7.0,69387,TCHECOSLOVAQUES (DES)         (BD),M,"45,7437800","4,8579200",69,2019,50.0,1.0,1.0,4.0,2256408,1.0,1,4,1,0.0,,0.0,0,1988.0,A01,138Â 211Â 081,2.0,8.0,-1.0,1722328,1.0,30,,0.0,0.0,0.0,A01,138Â 211Â 081,1.0
1009023,201900050554,7,14,20:00,1,2,2,1.0,1.0,91589,ALLEMANE (RUE JEAN),M,"48,6870200","2,3412500",91,2019,50.0,3.0,1.0,4.0,2256409,1.0,1,4,2,9.0,,0.0,0,1961.0,B01,138Â 211Â 080,1.0,0.0,-1.0,1722329,1.0,7,,0.0,2.0,1.0,B01,138Â 211Â 080,0.0
1009023,201900050554,7,14,20:00,1,2,2,1.0,1.0,91589,ALLEMANE (RUE JEAN),M,"48,6870200","2,3412500",91,2019,50.0,3.0,1.0,4.0,2256409,1.0,1,4,2,9.0,,0.0,0,1961.0,B01,138Â 211Â 080,1.0,0.0,-1.0,1722330,2.0,7,,0.0,2.0,1.0,A01,138Â 211Â 082,0.0
1009023,201900050554,7,14,20:00,1,2,2,1.0,1.0,91589,ALLEMANE (RUE JEAN),M,"48,6870200","2,3412500",91,2019,50.0,3.0,1.0,4.0,2256410,1.0,1,1,1,0.0,,0.0,0,1995.0,A01,138Â 211Â 082,1.0,0.0,-1.0,1722329,1.0,7,,0.0,2.0,1.0,B01,138Â 211Â 080,0.0
1009023,201900050554,7,14,20:00,1,2,2,1.0,1.0,91589,ALLEMANE (RUE JEAN),M,"48,6870200","2,3412500",91,2019,50.0,3.0,1.0,4.0,2256410,1.0,1,1,1,0.0,,0.0,0,1995.0,A01,138Â 211Â 082,1.0,0.0,-1.0,1722330,2.0,7,,0.0,2.0,1.0,A01,138Â 211Â 082,0.0
1009024,201900050555,3,29,13:45,1,2,2,1.0,3.0,69388,ALBERT THOMAS                       (CO),M,"45,7455100","4,8712300",69,2019,50.0,1.0,1.0,4.0,2256411,1.0,1,4,1,0.0,,0.0,0,1997.0,A01,138Â 211Â 078,2.0,0.0,-1.0,1722331,2.0,33,,0.0,2.0,1.0,A01,138Â 211Â 078,1.0
1009024,201900050555,3,29,13:45,1,2,2,1.0,3.0,69388,ALBERT THOMAS                       (CO),M,"45,7455100","4,8712300",69,2019,50.0,1.0,1.0,4.0,2256411,1.0,1,4,1,0.0,,0.0,0,1997.0,A01,138Â 211Â 078,2.0,0.0,-1.0,1722332,2.0,7,,0.0,2.0,3.0,B01,138Â 211Â 079,1.0
1009024,201900050555,3,29,13:45,1,2,2,1.0,3.0,69388,ALBERT THOMAS                       (CO),M,"45,7455100","4,8712300",69,2019,50.0,1.0,1.0,4.0,2256412,1.0,1,1,2,0.0,,0.0,0,1997.0,B01,138Â 211Â 079,1.0,0.0,-1.0,1722331,2.0,33,,0.0,2.0,1.0,A01,138Â 211Â 078,1.0
1009024,201900050555,3,29,13:45,1,2,2,1.0,3.0,69388,ALBERT THOMAS                       (CO),M,"45,7455100","4,8712300",69,2019,50.0,1.0,1.0,4.0,2256412,1.0,1,1,2,0.0,,0.0,0,1997.0,B01,138Â 211Â 079,1.0,0.0,-1.0,1722332,2.0,7,,0.0,2.0,3.0,B01,138Â 211Â 079,1.0
1009025,201900050556,7,14,15:00,1,1,1,1.0,1.0,83129,RAYOLET (CORNICHE DU),M,"43,0828975","5,8070415",83,2019,50.0,1.0,1.0,3.0,2256413,1.0,1,3,1,5.0,,-1.0,0,2002.0,B01,138Â 211Â 074,2.0,6.0,-1.0,1722333,2.0,30,,0.0,2.0,1.0,B01,138Â 211Â 074,1.0
1009025,201900050556,7,14,15:00,1,1,1,1.0,1.0,83129,RAYOLET (CORNICHE DU),M,"43,0828975","5,8070415",83,2019,50.0,1.0,1.0,3.0,2256413,1.0,1,3,1,5.0,,-1.0,0,2002.0,B01,138Â 211Â 074,2.0,6.0,-1.0,1722334,2.0,7,,0.0,2.0,1.0,A01,138Â 211Â 075,1.0
1009025,201900050556,7,14,15:00,1,1,1,1.0,1.0,83129,RAYOLET (CORNICHE DU),M,"43,0828975","5,8070415",83,2019,50.0,1.0,1.0,3.0,2256414,1.0,1,1,1,5.0,,-1.0,0,1973.0,A01,138Â 211Â 075,1.0,0.0,-1.0,1722333,2.0,30,,0.0,2.0,1.0,B01,138Â 211Â 074,1.0
1009025,201900050556,7,14,15:00,1,1,1,1.0,1.0,83129,RAYOLET (CORNICHE DU),M,"43,0828975","5,8070415",83,2019,50.0,1.0,1.0,3.0,2256414,1.0,1,1,1,5.0,,-1.0,0,1973.0,A01,138Â 211Â 075,1.0,0.0,-1.0,1722334,2.0,7,,0.0,2.0,1.0,A01,138Â 211Â 075,1.0
1009026,201900050557,7,14,06:15,2,1,1,7.0,2.0,77294,ROUTE NATIONALE 2,M,"48,9752240","2,5821300",77,2019,110.0,3.0,1.0,2.0,2256415,1.0,1,1,1,5.0,,-1.0, -1,1979.0,A01,138Â 211Â 072,1.0,8.0,-1.0,1722335,1.0,7,,3.0,2.0,2.0,A01,138Â 211Â 072,0.0
1009026,201900050557,7,14,06:15,2,1,1,7.0,2.0,77294,ROUTE NATIONALE 2,M,"48,9752240","2,5821300",77,2019,110.0,3.0,1.0,2.0,2256415,1.0,1,1,1,5.0,,-1.0, -1,1979.0,A01,138Â 211Â 072,1.0,8.0,-1.0,1722336,1.0,7,,0.0,2.0,6.0,B01,138Â 211Â 073,1.0
1009026,201900050557,7,14,06:15,2,1,1,7.0,2.0,77294,ROUTE NATIONALE 2,M,"48,9752240","2,5821300",77,2019,110.0,3.0,1.0,2.0,2256416,1.0,1,3,1,0.0,,-1.0,0,1947.0,B01,138Â 211Â 073,1.0,8.0,-1.0,1722335,1.0,7,,3.0,2.0,2.0,A01,138Â 211Â 072,0.0
1009026,201900050557,7,14,06:15,2,1,1,7.0,2.0,77294,ROUTE NATIONALE 2,M,"48,9752240","2,5821300",77,2019,110.0,3.0,1.0,2.0,2256416,1.0,1,3,1,0.0,,-1.0,0,1947.0,B01,138Â 211Â 073,1.0,8.0,-1.0,1722336,1.0,7,,0.0,2.0,6.0,B01,138Â 211Â 073,1.0
1009027,201900050558,3,29,11:10,1,2,1,1.0,6.0,69387,BERTHELOT                           (AV),M,"45,7426500","4,8498100",69,2019,50.0,1.0,1.0,4.0,2256417,1.0,1,1,1,0.0,,0.0,0,2000.0,A01,138Â 211Â 076,1.0,0.0,-1.0,1722337,1.0,7,,1.0,1.0,8.0,A01,138Â 211Â 076,0.0
1009027,201900050558,3,29,11:10,1,2,1,1.0,6.0,69387,BERTHELOT                           (AV),M,"45,7426500","4,8498100",69,2019,50.0,1.0,1.0,4.0,2256418,10.0,3,4,1,0.0,,5.0,1,1977.0,A01,138Â 211Â 076,8.0,0.0,-1.0,1722337,1.0,7,,1.0,1.0,8.0,A01,138Â 211Â 076,0.0
1009028,201900050559,7,14,00:30,3,1,9,1.0,6.0,77118,ROUTE NATIONALE 3,M,"48,9437200","2,6699700",77,2019,70.0,1.0,1.0,2.0,2256419,3.0,2,1,2,5.0,,0.0,0,1978.0,A01,138Â 211Â 071,1.0,0.0,-1.0,1722338,1.0,7,,0.0,1.0,2.0,A01,138Â 211Â 071,6.0
1009028,201900050559,7,14,00:30,3,1,9,1.0,6.0,77118,ROUTE NATIONALE 3,M,"48,9437200","2,6699700",77,2019,70.0,1.0,1.0,2.0,2256420,2.0,2,1,2,5.0,,0.0,0,1979.0,A01,138Â 211Â 071,1.0,0.0,-1.0,1722338,1.0,7,,0.0,1.0,2.0,A01,138Â 211Â 071,6.0
1009028,201900050559,7,14,00:30,3,1,9,1.0,6.0,77118,ROUTE NATIONALE 3,M,"48,9437200","2,6699700",77,2019,70.0,1.0,1.0,2.0,2256421,4.0,2,1,1,5.0,,0.0,0,1969.0,A01,138Â 211Â 071,1.0,0.0,-1.0,1722338,1.0,7,,0.0,1.0,2.0,A01,138Â 211Â 071,6.0
1009028,201900050559,7,14,00:30,3,1,9,1.0,6.0,77118,ROUTE NATIONALE 3,M,"48,9437200","2,6699700",77,2019,70.0,1.0,1.0,2.0,2256422,1.0,1,1,2,5.0,,0.0,0,1999.0,A01,138Â 211Â 071,1.0,0.0,-1.0,1722338,1.0,7,,0.0,1.0,2.0,A01,138Â 211Â 071,6.0
1009028,201900050559,7,14,00:30,3,1,9,1.0,6.0,77118,ROUTE NATIONALE 3,M,"48,9437200","2,6699700",77,2019,70.0,1.0,1.0,2.0,2256423,10.0,3,3,1,0.0,,8.0,1,1999.0,A01,138Â 211Â 071,0.0,0.0,-1.0,1722338,1.0,7,,0.0,1.0,2.0,A01,138Â 211Â 071,6.0
1009029,201900050560,7,14,17:40,1,2,1,1.0,6.0,77458,TRAVERSIERE (RUE),M,"48,1869140","2,7547650",77,2019,50.0,1.0,1.0,4.0,2256424,1.0,1,3,1,5.0,,-1.0,0,1982.0,A01,138Â 211Â 069,8.0,0.0,-1.0,1722339,1.0,36,,12.0,0.0,1.0,A01,138Â 211Â 069,1.0
1009030,201900050561,3,29,09:56,1,2,2,1.0,3.0,69388,MARYSE BASTIE                       (R ),M,"45,7331400","4,8742100",69,2019,50.0,1.0,1.0,7.0,2256425,1.0,1,1,2,5.0,,0.0,0,1931.0,B01,138Â 211Â 068,1.0,0.0,-1.0,1722340,1.0,7,,0.0,2.0,2.0,B01,138Â 211Â 068,1.0
1009030,201900050561,3,29,09:56,1,2,2,1.0,3.0,69388,MARYSE BASTIE                       (R ),M,"45,7331400","4,8742100",69,2019,50.0,1.0,1.0,7.0,2256425,1.0,1,1,2,5.0,,0.0,0,1931.0,B01,138Â 211Â 068,1.0,0.0,-1.0,1722341,3.0,37,4.0,0.0,2.0,3.0,A01,138Â 211Â 070,1.0
1009030,201900050561,3,29,09:56,1,2,2,1.0,3.0,69388,MARYSE BASTIE                       (R ),M,"45,7331400","4,8742100",69,2019,50.0,1.0,1.0,7.0,2256426,7.0,2,4,2,5.0,,0.0,0,1977.0,A01,138Â 211Â 070,8.0,0.0,-1.0,1722340,1.0,7,,0.0,2.0,2.0,B01,138Â 211Â 068,1.0
1009030,201900050561,3,29,09:56,1,2,2,1.0,3.0,69388,MARYSE BASTIE                       (R ),M,"45,7331400","4,8742100",69,2019,50.0,1.0,1.0,7.0,2256426,7.0,2,4,2,5.0,,0.0,0,1977.0,A01,138Â 211Â 070,8.0,0.0,-1.0,1722341,3.0,37,4.0,0.0,2.0,3.0,A01,138Â 211Â 070,1.0
1009030,201900050561,3,29,09:56,1,2,2,1.0,3.0,69388,MARYSE BASTIE                       (R ),M,"45,7331400","4,8742100",69,2019,50.0,1.0,1.0,7.0,2256427,7.0,2,4,2,5.0,,0.0,0,1945.0,A01,138Â 211Â 070,8.0,0.0,-1.0,1722340,1.0,7,,0.0,2.0,2.0,B01,138Â 211Â 068,1.0
1009030,201900050561,3,29,09:56,1,2,2,1.0,3.0,69388,MARYSE BASTIE                       (R ),M,"45,7331400","4,8742100",69,2019,50.0,1.0,1.0,7.0,2256427,7.0,2,4,2,5.0,,0.0,0,1945.0,A01,138Â 211Â 070,8.0,0.0,-1.0,1722341,3.0,37,4.0,0.0,2.0,3.0,A01,138Â 211Â 070,1.0
1009030,201900050561,3,29,09:56,1,2,2,1.0,3.0,69388,MARYSE BASTIE                       (R ),M,"45,7331400","4,8742100",69,2019,50.0,1.0,1.0,7.0,2256428,4.0,2,4,2,5.0,,0.0,0,1963.0,A01,138Â 211Â 070,8.0,0.0,-1.0,1722340,1.0,7,,0.0,2.0,2.0,B01,138Â 211Â 068,1.0
1009030,201900050561,3,29,09:56,1,2,2,1.0,3.0,69388,MARYSE BASTIE                       (R ),M,"45,7331400","4,8742100",69,2019,50.0,1.0,1.0,7.0,2256428,4.0,2,4,2,5.0,,0.0,0,1963.0,A01,138Â 211Â 070,8.0,0.0,-1.0,1722341,3.0,37,4.0,0.0,2.0,3.0,A01,138Â 211Â 070,1.0
1009030,201900050561,3,29,09:56,1,2,2,1.0,3.0,69388,MARYSE BASTIE                       (R ),M,"45,7331400","4,8742100",69,2019,50.0,1.0,1.0,7.0,2256429,1.0,1,1,1,4.0,,0.0,0,1967.0,A01,138Â 211Â 070,8.0,0.0,-1.0,1722340,1.0,7,,0.0,2.0,2.0,B01,138Â 211Â 068,1.0
1009030,201900050561,3,29,09:56,1,2,2,1.0,3.0,69388,MARYSE BASTIE                       (R ),M,"45,7331400","4,8742100",69,2019,50.0,1.0,1.0,7.0,2256429,1.0,1,1,1,4.0,,0.0,0,1967.0,A01,138Â 211Â 070,8.0,0.0,-1.0,1722341,3.0,37,4.0,0.0,2.0,3.0,A01,138Â 211Â 070,1.0
1009031,201900050562,7,14,08:50,1,2,1,1.0,2.0,77407,236 GARENNES(CHEMIN DE),M,"48,5361700","2,5341800",77,2019,30.0,1.0,1.0,4.0,2256430,1.0,1,2,1,5.0,,0.0,0,1957.0,A01,138Â 211Â 066,2.0,8.0,-1.0,1722342,2.0,1,,0.0,2.0,1.0,A01,138Â 211Â 066,5.0
1009031,201900050562,7,14,08:50,1,2,1,1.0,2.0,77407,236 GARENNES(CHEMIN DE),M,"48,5361700","2,5341800",77,2019,30.0,1.0,1.0,4.0,2256430,1.0,1,2,1,5.0,,0.0,0,1957.0,A01,138Â 211Â 066,2.0,8.0,-1.0,1722343,2.0,1,,0.0,2.0,4.0,B01,138Â 211Â 067,5.0
1009031,201900050562,7,14,08:50,1,2,1,1.0,2.0,77407,236 GARENNES(CHEMIN DE),M,"48,5361700","2,5341800",77,2019,30.0,1.0,1.0,4.0,2256431,1.0,1,1,1,5.0,,0.0,0,1973.0,B01,138Â 211Â 067,2.0,8.0,-1.0,1722342,2.0,1,,0.0,2.0,1.0,A01,138Â 211Â 066,5.0
1009031,201900050562,7,14,08:50,1,2,1,1.0,2.0,77407,236 GARENNES(CHEMIN DE),M,"48,5361700","2,5341800",77,2019,30.0,1.0,1.0,4.0,2256431,1.0,1,1,1,5.0,,0.0,0,1973.0,B01,138Â 211Â 067,2.0,8.0,-1.0,1722343,2.0,1,,0.0,2.0,4.0,B01,138Â 211Â 067,5.0
1009032,201900050563,3,28,18:15,1,2,1,1.0,6.0,69387,REPOS (DU)                          (R ),M,"45,7447100","4,8513600",69,2019,30.0,1.0,1.0,4.0,2256432,10.0,3,4,1,0.0,,2.0,3,2016.0,A01,138Â 211Â 065,8.0,0.0,-1.0,1722344,1.0,7,,0.0,1.0,6.0,A01,138Â 211Â 065,1.0
1009032,201900050563,3,28,18:15,1,2,1,1.0,6.0,69387,REPOS (DU)                          (R ),M,"45,7447100","4,8513600",69,2019,30.0,1.0,1.0,4.0,2256433,1.0,1,1,1,0.0,,0.0,0,1968.0,A01,138Â 211Â 065,8.0,0.0,-1.0,1722344,1.0,7,,0.0,1.0,6.0,A01,138Â 211Â 065,1.0
1009033,201900050564,3,28,17:10,1,2,1,1.0,6.0,69387,RACHAIS                             (R ),M,"45,7506900","4,8502300",69,2019,50.0,1.0,1.0,4.0,2256434,1.0,1,1,2,0.0,,0.0,0,1982.0,A01,138Â 211Â 063,1.0,8.0,-1.0,1722345,1.0,7,,0.0,1.0,3.0,A01,138Â 211Â 063,1.0
1009033,201900050564,3,28,17:10,1,2,1,1.0,6.0,69387,RACHAIS                             (R ),M,"45,7506900","4,8502300",69,2019,50.0,1.0,1.0,4.0,2256435,10.0,3,4,2,0.0,,2.0,3,2005.0,A01,138Â 211Â 063,8.0,0.0,-1.0,1722345,1.0,7,,0.0,1.0,3.0,A01,138Â 211Â 063,1.0
1009034,201900050565,7,14,15:30,1,2,1,1.0,1.0,69256,LOUIS DUCLOS PROLONGEE              (R ),M,"45,7940800","4,9236300",69,2019,30.0,1.0,1.0,4.0,2256436,1.0,1,1,1,4.0,,-1.0, -1,1978.0,B01,138Â 211Â 062,1.0,0.0,-1.0,1722346,3.0,37,1.0,0.0,2.0,3.0,B01,138Â 211Â 062,1.0
1009034,201900050565,7,14,15:30,1,2,1,1.0,1.0,69256,LOUIS DUCLOS PROLONGEE              (R ),M,"45,7940800","4,9236300",69,2019,30.0,1.0,1.0,4.0,2256436,1.0,1,1,1,4.0,,-1.0, -1,1978.0,B01,138Â 211Â 062,1.0,0.0,-1.0,1722347,3.0,30,,0.0,2.0,3.0,A01,138Â 211Â 064,1.0
1009034,201900050565,7,14,15:30,1,2,1,1.0,1.0,69256,LOUIS DUCLOS PROLONGEE              (R ),M,"45,7940800","4,9236300",69,2019,30.0,1.0,1.0,4.0,2256437,1.0,1,3,1,5.0,,0.0,0,1968.0,A01,138Â 211Â 064,2.0,0.0,-1.0,1722346,3.0,37,1.0,0.0,2.0,3.0,B01,138Â 211Â 062,1.0
1009034,201900050565,7,14,15:30,1,2,1,1.0,1.0,69256,LOUIS DUCLOS PROLONGEE              (R ),M,"45,7940800","4,9236300",69,2019,30.0,1.0,1.0,4.0,2256437,1.0,1,3,1,5.0,,0.0,0,1968.0,A01,138Â 211Â 064,2.0,0.0,-1.0,1722347,3.0,30,,0.0,2.0,3.0,A01,138Â 211Â 064,1.0
1009035,201900050566,7,14,11:30,1,2,1,1.0,3.0,64545,PAUL GELOS (RUE),M,"43,3779100"," -1,6724400",64,2019,30.0,3.0,1.0,4.0,2256438,1.0,1,4,1,9.0,,-1.0,0,1976.0,A01,138Â 211Â 059,2.0,0.0,-1.0,1722348,2.0,30,,0.0,2.0,1.0,A01,138Â 211Â 059,1.0
1009035,201900050566,7,14,11:30,1,2,1,1.0,3.0,64545,PAUL GELOS (RUE),M,"43,3779100"," -1,6724400",64,2019,30.0,3.0,1.0,4.0,2256438,1.0,1,4,1,9.0,,-1.0,0,1976.0,A01,138Â 211Â 059,2.0,0.0,-1.0,1722349,2.0,7,,0.0,2.0,3.0,B01,138Â 211Â 061,0.0
1009035,201900050566,7,14,11:30,1,2,1,1.0,3.0,64545,PAUL GELOS (RUE),M,"43,3779100"," -1,6724400",64,2019,30.0,3.0,1.0,4.0,2256439,1.0,1,1,1,9.0,,-1.0,0,1960.0,B01,138Â 211Â 061,1.0,0.0,-1.0,1722348,2.0,30,,0.0,2.0,1.0,A01,138Â 211Â 059,1.0
1009035,201900050566,7,14,11:30,1,2,1,1.0,3.0,64545,PAUL GELOS (RUE),M,"43,3779100"," -1,6724400",64,2019,30.0,3.0,1.0,4.0,2256439,1.0,1,1,1,9.0,,-1.0,0,1960.0,B01,138Â 211Â 061,1.0,0.0,-1.0,1722349,2.0,7,,0.0,2.0,3.0,B01,138Â 211Â 061,0.0