Unnamed: 0_x,num_acc,mois,jour,hrmn,lum,agg,int,atm,col,com,adr,gps,lat,long,dep,annee,vma,situ,surf,catr,Unnamed: 0_y,place,catu,grav,sexe,trajet,secu,locp,actp,an_nais,num_veh_x,id_vehicule_x,secu1,secu2,secu3,Unnamed: 0,senc,catv,occutc,obs,obsm,choc,num_veh_y,id_vehicule_y,motor
1009036,201900050567,3,29,21:00,5,2,3,1.0,3.0,69382,CELESTINS (DES)                     (QU),M,"45,7600300","4,8305500",69,2019,50.0,1.0,1.0,4.0,2256440,2.0,2,1,2,5.0,,0.0,0,1995.0,B01,138Â 211Â 058,1.0,0.0,-1.0,1722350,1.0,7,,1.0,2.0,3.0,B01,138Â 211Â 058,1.0
1009036,201900050567,3,29,21:00,5,2,3,1.0,3.0,69382,CELESTINS (DES)                     (QU),M,"45,7600300","4,8305500",69,2019,50.0,1.0,1.0,4.0,2256440,2.0,2,1,2,5.0,,0.0,0,1995.0,B01,138Â 211Â 058,1.0,0.0,-1.0,1722351,1.0,32,,0.0,2.0,2.0,A01,138Â 211Â 060,1.0
1009036,201900050567,3,29,21:00,5,2,3,1.0,3.0,69382,CELESTINS (DES)                     (QU),M,"45,7600300","4,8305500",69,2019,50.0,1.0,1.0,4.0,2256441,1.0,1,1,1,5.0,,0.0,0,1992.0,B01,138Â 211Â 058,1.0,0.0,-1.0,1722350,1.0,7,,1.0,2.0,3.0,B01,138Â 211Â 058,1.0
1009036,201900050567,3,29,21:00,5,2,3,1.0,3.0,69382,CELESTINS (DES)                     (QU),M,"45,7600300","4,8305500",69,2019,50.0,1.0,1.0,4.0,2256441,1.0,1,1,1,5.0,,0.0,0,1992.0,B01,138Â 211Â 058,1.0,0.0,-1.0,1722351,1.0,32,,0.0,2.0,2.0,A01,138Â 211Â 060,1.0
1009036,201900050567,3,29,21:00,5,2,3,1.0,3.0,69382,CELESTINS (DES)                     (QU),M,"45,7600300","4,8305500",69,2019,50.0,1.0,1.0,4.0,2256442,1.0,1,4,1,5.0,,0.0,0,1972.0,A01,138Â 211Â 060,2.0,6.0,-1.0,1722350,1.0,7,,1.0,2.0,3.0,B01,138Â 211Â 058,1.0
1009036,201900050567,3,29,21:00,5,2,3,1.0,3.0,69382,CELESTINS (DES)                     (QU),M,"45,7600300","4,8305500",69,2019,50.0,1.0,1.0,4.0,2256442,1.0,1,4,1,5.0,,0.0,0,1972.0,A01,138Â 211Â 060,2.0,6.0,-1.0,1722351,1.0,32,,0.0,2.0,2.0,A01,138Â 211Â 060,1.0
1009037,201900050568,3,29,02:30,5,2,1,1.0,6.0,69381,JOSEPH SERLIN                       (R ),M,"45,7677000","4,8373700",69,2019,50.0,1.0,1.0,7.0,2256443,10.0,3,4,2,0.0,,6.0,1,1998.0,A01,138Â 211Â 056,8.0,0.0,-1.0,1722352,1.0,7,,0.0,1.0,7.0,A01,138Â 211Â 056,0.0
1009037,201900050568,3,29,02:30,5,2,1,1.0,6.0,69381,JOSEPH SERLIN                       (R ),M,"45,7677000","4,8373700",69,2019,50.0,1.0,1.0,7.0,2256444,1.0,1,1,1,9.0,,0.0,0,1989.0,A01,138Â 211Â 056,8.0,0.0,-1.0,1722352,1.0,7,,0.0,1.0,7.0,A01,138Â 211Â 056,0.0
1009038,201900050569,7,14,15:05,1,1,2,1.0,2.0,59279,LYS (BOULEVARD DE LA),M,"50,7696850","3,0919900",59,2019,70.0,1.0,1.0,7.0,2256445,1.0,1,1,1,5.0,,-1.0, -1,1928.0,A01,138Â 211Â 055,1.0,8.0,-1.0,1722353,3.0,7,,0.0,2.0,6.0,A01,138Â 211Â 055,1.0
1009038,201900050569,7,14,15:05,1,1,2,1.0,2.0,59279,LYS (BOULEVARD DE LA),M,"50,7696850","3,0919900",59,2019,70.0,1.0,1.0,7.0,2256445,1.0,1,1,1,5.0,,-1.0, -1,1928.0,A01,138Â 211Â 055,1.0,8.0,-1.0,1722354,3.0,31,,0.0,2.0,1.0,B01,138Â 211Â 057,1.0
1009038,201900050569,7,14,15:05,1,1,2,1.0,2.0,59279,LYS (BOULEVARD DE LA),M,"50,7696850","3,0919900",59,2019,70.0,1.0,1.0,7.0,2256446,1.0,1,3,1,5.0,,-1.0, -1,1963.0,B01,138Â 211Â 057,2.0,8.0,-1.0,1722353,3.0,7,,0.0,2.0,6.0,A01,138Â 211Â 055,1.0
1009038,201900050569,7,14,15:05,1,1,2,1.0,2.0,59279,LYS (BOULEVARD DE LA),M,"50,7696850","3,0919900",59,2019,70.0,1.0,1.0,7.0,2256446,1.0,1,3,1,5.0,,-1.0, -1,1963.0,B01,138Â 211Â 057,2.0,8.0,-1.0,1722354,3.0,31,,0.0,2.0,1.0,B01,138Â 211Â 057,1.0
1009039,201900050570,3,28,23:00,5,2,1,1.0,2.0,69389,PORT MOUTON (DU)                    (PL),M,"45,7738400","4,8088500",69,2019,50.0,1.0,1.0,4.0,2256447,1.0,1,4,1,1.0,,0.0,0,1990.0,A01,138Â 211Â 053,2.0,6.0,-1.0,1722355,3.0,31,,0.0,2.0,1.0,A01,138Â 211Â 053,1.0
1009039,201900050570,3,28,23:00,5,2,1,1.0,2.0,69389,PORT MOUTON (DU)                    (PL),M,"45,7738400","4,8088500",69,2019,50.0,1.0,1.0,4.0,2256447,1.0,1,4,1,1.0,,0.0,0,1990.0,A01,138Â 211Â 053,2.0,6.0,-1.0,1722356,2.0,33,,0.0,2.0,4.0,B01,138Â 211Â 054,1.0
1009039,201900050570,3,28,23:00,5,2,1,1.0,2.0,69389,PORT MOUTON (DU)                    (PL),M,"45,7738400","4,8088500",69,2019,50.0,1.0,1.0,4.0,2256448,1.0,1,1,1,5.0,,0.0,0,1997.0,B01,138Â 211Â 054,2.0,6.0,-1.0,1722355,3.0,31,,0.0,2.0,1.0,A01,138Â 211Â 053,1.0
1009039,201900050570,3,28,23:00,5,2,1,1.0,2.0,69389,PORT MOUTON (DU)                    (PL),M,"45,7738400","4,8088500",69,2019,50.0,1.0,1.0,4.0,2256448,1.0,1,1,1,5.0,,0.0,0,1997.0,B01,138Â 211Â 054,2.0,6.0,-1.0,1722356,2.0,33,,0.0,2.0,4.0,B01,138Â 211Â 054,1.0
1009040,201900050571,3,28,15:30,1,2,1,1.0,6.0,69034,GENERAL DE GAULLE                   (AV),M,"45,8053000","4,8535600",69,2019,50.0,2.0,1.0,4.0,2256449,1.0,1,1,1,0.0,,0.0,0,1966.0,B01,138Â 211Â 051,1.0,0.0,-1.0,1722357,1.0,10,,0.0,1.0,4.0,B01,138Â 211Â 051,1.0
1009040,201900050571,3,28,15:30,1,2,1,1.0,6.0,69034,GENERAL DE GAULLE                   (AV),M,"45,8053000","4,8535600",69,2019,50.0,2.0,1.0,4.0,2256449,1.0,1,1,1,0.0,,0.0,0,1966.0,B01,138Â 211Â 051,1.0,0.0,-1.0,1722358,1.0,10,,0.0,2.0,4.0,A01,138Â 211Â 052,1.0
1009040,201900050571,3,28,15:30,1,2,1,1.0,6.0,69034,GENERAL DE GAULLE                   (AV),M,"45,8053000","4,8535600",69,2019,50.0,2.0,1.0,4.0,2256450,1.0,1,1,1,0.0,,0.0,0,1992.0,A01,138Â 211Â 052,8.0,0.0,-1.0,1722357,1.0,10,,0.0,1.0,4.0,B01,138Â 211Â 051,1.0
1009040,201900050571,3,28,15:30,1,2,1,1.0,6.0,69034,GENERAL DE GAULLE                   (AV),M,"45,8053000","4,8535600",69,2019,50.0,2.0,1.0,4.0,2256450,1.0,1,1,1,0.0,,0.0,0,1992.0,A01,138Â 211Â 052,8.0,0.0,-1.0,1722358,1.0,10,,0.0,2.0,4.0,A01,138Â 211Â 052,1.0
1009040,201900050571,3,28,15:30,1,2,1,1.0,6.0,69034,GENERAL DE GAULLE                   (AV),M,"45,8053000","4,8535600",69,2019,50.0,2.0,1.0,4.0,2256451,10.0,3,4,1,0.0,,3.0,3,2004.0,A01,138Â 211Â 052,8.0,0.0,-1.0,1722357,1.0,10,,0.0,1.0,4.0,B01,138Â 211Â 051,1.0
1009040,201900050571,3,28,15:30,1,2,1,1.0,6.0,69034,GENERAL DE GAULLE                   (AV),M,"45,8053000","4,8535600",69,2019,50.0,2.0,1.0,4.0,2256451,10.0,3,4,1,0.0,,3.0,3,2004.0,A01,138Â 211Â 052,8.0,0.0,-1.0,1722358,1.0,10,,0.0,2.0,4.0,A01,138Â 211Â 052,1.0
1009041,201900050572,7,14,15:15,1,2,4,1.0,2.0,51202,RUE DE DIZY,M,"49,0729000","3,9319600",51,2019,50.0,1.0,1.0,4.0,2256452,1.0,1,4,1,5.0,,-1.0,0,1980.0,B01,138Â 211Â 049,2.0,6.0,-1.0,1722359,2.0,33,,0.0,2.0,4.0,B01,138Â 211Â 049,1.0
1009041,201900050572,7,14,15:15,1,2,4,1.0,2.0,51202,RUE DE DIZY,M,"49,0729000","3,9319600",51,2019,50.0,1.0,1.0,4.0,2256452,1.0,1,4,1,5.0,,-1.0,0,1980.0,B01,138Â 211Â 049,2.0,6.0,-1.0,1722360,2.0,33,,0.0,2.0,1.0,A01,138Â 211Â 050,6.0
1009041,201900050572,7,14,15:15,1,2,4,1.0,2.0,51202,RUE DE DIZY,M,"49,0729000","3,9319600",51,2019,50.0,1.0,1.0,4.0,2256453,1.0,1,3,1,5.0,,-1.0,0,1966.0,A01,138Â 211Â 050,2.0,6.0,-1.0,1722359,2.0,33,,0.0,2.0,4.0,B01,138Â 211Â 049,1.0
1009041,201900050572,7,14,15:15,1,2,4,1.0,2.0,51202,RUE DE DIZY,M,"49,0729000","3,9319600",51,2019,50.0,1.0,1.0,4.0,2256453,1.0,1,3,1,5.0,,-1.0,0,1966.0,A01,138Â 211Â 050,2.0,6.0,-1.0,1722360,2.0,33,,0.0,2.0,1.0,A01,138Â 211Â 050,6.0
1009042,201900050573,3,29,17:50,2,2,3,7.0,3.0,2B120,VULPAGHJU (Chemin de),M,"42,6605600","9,4377400",2B,2019,30.0,1.0,1.0,4.0,2256454,1.0,1,1,2,1.0,,-1.0, -1,1988.0,A01,138Â 211Â 047,1.0,0.0,-1.0,1722361,1.0,7,,0.0,2.0,1.0,A01,138Â 211Â 047,1.0
1009042,201900050573,3,29,17:50,2,2,3,7.0,3.0,2B120,VULPAGHJU (Chemin de),M,"42,6605600","9,4377400",2B,2019,30.0,1.0,1.0,4.0,2256454,1.0,1,1,2,1.0,,-1.0, -1,1988.0,A01,138Â 211Â 047,1.0,0.0,-1.0,1722362,2.0,2,,0.0,2.0,1.0,B01,138Â 211Â 048,1.0
1009042,201900050573,3,29,17:50,2,2,3,7.0,3.0,2B120,VULPAGHJU (Chemin de),M,"42,6605600","9,4377400",2B,2019,30.0,1.0,1.0,4.0,2256455,1.0,1,4,1,0.0,,-1.0, -1,1962.0,B01,138Â 211Â 048,2.0,6.0,-1.0,1722361,1.0,7,,0.0,2.0,1.0,A01,138Â 211Â 047,1.0
1009042,201900050573,3,29,17:50,2,2,3,7.0,3.0,2B120,VULPAGHJU (Chemin de),M,"42,6605600","9,4377400",2B,2019,30.0,1.0,1.0,4.0,2256455,1.0,1,4,1,0.0,,-1.0, -1,1962.0,B01,138Â 211Â 048,2.0,6.0,-1.0,1722362,2.0,2,,0.0,2.0,1.0,B01,138Â 211Â 048,1.0
1009043,201900050574,7,14,00:00,3,1,6,1.0,7.0,50147,ROCADE NORD,M,"49,0364390"," -1,4442110",50,2019,80.0,1.0,1.0,3.0,2256456,1.0,1,3,1,5.0,,-1.0, -1,1985.0,A01,138Â 211Â 046,8.0,0.0,-1.0,1722363,3.0,7,,13.0,0.0,3.0,A01,138Â 211Â 046,1.0
1009044,201900050575,7,13,12:05,1,2,1,1.0,3.0,37122,BORDEAUX (AVENUE DE),M,"47,3551074","0,6988885",37,2019,50.0,1.0,1.0,4.0,2256457,1.0,1,4,1,0.0,,-1.0,0,1980.0,A01,138Â 211Â 042,2.0,0.0,-1.0,1722364,3.0,30,,0.0,2.0,1.0,A01,138Â 211Â 042,1.0
1009044,201900050575,7,13,12:05,1,2,1,1.0,3.0,37122,BORDEAUX (AVENUE DE),M,"47,3551074","0,6988885",37,2019,50.0,1.0,1.0,4.0,2256457,1.0,1,4,1,0.0,,-1.0,0,1980.0,A01,138Â 211Â 042,2.0,0.0,-1.0,1722365,3.0,7,,0.0,2.0,3.0,B01,138Â 211Â 043,1.0
1009044,201900050575,7,13,12:05,1,2,1,1.0,3.0,37122,BORDEAUX (AVENUE DE),M,"47,3551074","0,6988885",37,2019,50.0,1.0,1.0,4.0,2256458,1.0,1,1,1,0.0,,-1.0,0,1969.0,B01,138Â 211Â 043,1.0,0.0,-1.0,1722364,3.0,30,,0.0,2.0,1.0,A01,138Â 211Â 042,1.0
1009044,201900050575,7,13,12:05,1,2,1,1.0,3.0,37122,BORDEAUX (AVENUE DE),M,"47,3551074","0,6988885",37,2019,50.0,1.0,1.0,4.0,2256458,1.0,1,1,1,0.0,,-1.0,0,1969.0,B01,138Â 211Â 043,1.0,0.0,-1.0,1722365,3.0,7,,0.0,2.0,3.0,B01,138Â 211Â 043,1.0
1009044,201900050575,7,13,12:05,1,2,1,1.0,3.0,37122,BORDEAUX (AVENUE DE),M,"47,3551074","0,6988885",37,2019,50.0,1.0,1.0,4.0,2256459,2.0,2,1,1,0.0,,-1.0,0,2005.0,B01,138Â 211Â 043,1.0,0.0,-1.0,1722364,3.0,30,,0.0,2.0,1.0,A01,138Â 211Â 042,1.0
1009044,201900050575,7,13,12:05,1,2,1,1.0,3.0,37122,BORDEAUX (AVENUE DE),M,"47,3551074","0,6988885",37,2019,50.0,1.0,1.0,4.0,2256459,2.0,2,1,1,0.0,,-1.0,0,2005.0,B01,138Â 211Â 043,1.0,0.0,-1.0,1722365,3.0,7,,0.0,2.0,3.0,B01,138Â 211Â 043,1.0
1009045,201900050576,3,28,11:56,1,2,6,1.0,2.0,2B033,GIACCOBBI - AV PAUL,M,"42,6710271","9,4429046",2B,2019,50.0,1.0,1.0,2.0,2256460,1.0,1,4,1,2.0,,0.0,0,2002.0,B01,138Â 211Â 044,2.0,6.0,-1.0,1722366,2.0,30,,0.0,2.0,4.0,B01,138Â 211Â 044,1.0
1009045,201900050576,3,28,11:56,1,2,6,1.0,2.0,2B033,GIACCOBBI - AV PAUL,M,"42,6710271","9,4429046",2B,2019,50.0,1.0,1.0,2.0,2256460,1.0,1,4,1,2.0,,0.0,0,2002.0,B01,138Â 211Â 044,2.0,6.0,-1.0,1722367,2.0,10,,0.0,2.0,1.0,A01,138Â 211Â 045,1.0
1009045,201900050576,3,28,11:56,1,2,6,1.0,2.0,2B033,GIACCOBBI - AV PAUL,M,"42,6710271","9,4429046",2B,2019,50.0,1.0,1.0,2.0,2256461,1.0,1,1,1,0.0,,0.0,0,1957.0,A01,138Â 211Â 045,1.0,0.0,-1.0,1722366,2.0,30,,0.0,2.0,4.0,B01,138Â 211Â 044,1.0
1009045,201900050576,3,28,11:56,1,2,6,1.0,2.0,2B033,GIACCOBBI - AV PAUL,M,"42,6710271","9,4429046",2B,2019,50.0,1.0,1.0,2.0,2256461,1.0,1,1,1,0.0,,0.0,0,1957.0,A01,138Â 211Â 045,1.0,0.0,-1.0,1722367,2.0,10,,0.0,2.0,1.0,A01,138Â 211Â 045,1.0
1009046,201900050577,3,16,00:47,5,1,1,1.0,6.0,97120,BLANCHARD,M,"16,2272911"," -61,5243555",971,2019,90.0,1.0,1.0,2.0,2256462,10.0,3,3,1,0.0,,9.0,2,1973.0,A01,138Â 211Â 040,8.0,0.0,-1.0,1722368,3.0,7,,0.0,1.0,1.0,A01,138Â 211Â 040,1.0
1009046,201900050577,3,16,00:47,5,1,1,1.0,6.0,97120,BLANCHARD,M,"16,2272911"," -61,5243555",971,2019,90.0,1.0,1.0,2.0,2256463,1.0,1,1,1,0.0,,-1.0, -1,1988.0,A01,138Â 211Â 040,8.0,0.0,-1.0,1722368,3.0,7,,0.0,1.0,1.0,A01,138Â 211Â 040,1.0
1009047,201900050578,7,14,13:15,1,2,1,1.0,2.0,34172,CARRIEU (RUE MARIUS),M,"43,6171800","3,8426000",34,2019,50.0,1.0,1.0,4.0,2256464,4.0,2,1,1,5.0,,0.0,0,1930.0,B01,138Â 211Â 039,1.0,0.0,-1.0,1722369,0.0,7,,0.0,0.0,4.0,B01,138Â 211Â 039,0.0
1009047,201900050578,7,14,13:15,1,2,1,1.0,2.0,34172,CARRIEU (RUE MARIUS),M,"43,6171800","3,8426000",34,2019,50.0,1.0,1.0,4.0,2256464,4.0,2,1,1,5.0,,0.0,0,1930.0,B01,138Â 211Â 039,1.0,0.0,-1.0,1722370,0.0,7,,0.0,2.0,4.0,A01,138Â 211Â 041,1.0
1009047,201900050578,7,14,13:15,1,2,1,1.0,2.0,34172,CARRIEU (RUE MARIUS),M,"43,6171800","3,8426000",34,2019,50.0,1.0,1.0,4.0,2256465,1.0,1,1,1,5.0,,0.0,0,1965.0,B01,138Â 211Â 039,1.0,0.0,-1.0,1722369,0.0,7,,0.0,0.0,4.0,B01,138Â 211Â 039,0.0
1009047,201900050578,7,14,13:15,1,2,1,1.0,2.0,34172,CARRIEU (RUE MARIUS),M,"43,6171800","3,8426000",34,2019,50.0,1.0,1.0,4.0,2256465,1.0,1,1,1,5.0,,0.0,0,1965.0,B01,138Â 211Â 039,1.0,0.0,-1.0,1722370,0.0,7,,0.0,2.0,4.0,A01,138Â 211Â 041,1.0
1009047,201900050578,7,14,13:15,1,2,1,1.0,2.0,34172,CARRIEU (RUE MARIUS),M,"43,6171800","3,8426000",34,2019,50.0,1.0,1.0,4.0,2256466,2.0,2,1,1,5.0,,0.0,0,2002.0,B01,138Â 211Â 039,1.0,0.0,-1.0,1722369,0.0,7,,0.0,0.0,4.0,B01,138Â 211Â 039,0.0
1009047,201900050578,7,14,13:15,1,2,1,1.0,2.0,34172,CARRIEU (RUE MARIUS),M,"43,6171800","3,8426000",34,2019,50.0,1.0,1.0,4.0,2256466,2.0,2,1,1,5.0,,0.0,0,2002.0,B01,138Â 211Â 039,1.0,0.0,-1.0,1722370,0.0,7,,0.0,2.0,4.0,A01,138Â 211Â 041,1.0
1009047,201900050578,7,14,13:15,1,2,1,1.0,2.0,34172,CARRIEU (RUE MARIUS),M,"43,6171800","3,8426000",34,2019,50.0,1.0,1.0,4.0,2256467,1.0,1,4,1,5.0,,0.0,0,1989.0,A01,138Â 211Â 041,1.0,0.0,-1.0,1722369,0.0,7,,0.0,0.0,4.0,B01,138Â 211Â 039,0.0
1009047,201900050578,7,14,13:15,1,2,1,1.0,2.0,34172,CARRIEU (RUE MARIUS),M,"43,6171800","3,8426000",34,2019,50.0,1.0,1.0,4.0,2256467,1.0,1,4,1,5.0,,0.0,0,1989.0,A01,138Â 211Â 041,1.0,0.0,-1.0,1722370,0.0,7,,0.0,2.0,4.0,A01,138Â 211Â 041,1.0
1009048,201900050579,3,28,22:30,5,2,2,1.0,2.0,97120,BD LEGITIMUS,M,"16,2451250"," -61,5341090",971,2019,50.0,1.0,1.0,4.0,2256468,1.0,1,4,2,0.0,,-1.0, -1,1969.0,A01,138Â 211Â 036,2.0,0.0,-1.0,1722371,3.0,30,,0.0,2.0,4.0,A01,138Â 211Â 036,1.0
1009048,201900050579,3,28,22:30,5,2,2,1.0,2.0,97120,BD LEGITIMUS,M,"16,2451250"," -61,5341090",971,2019,50.0,1.0,1.0,4.0,2256468,1.0,1,4,2,0.0,,-1.0, -1,1969.0,A01,138Â 211Â 036,2.0,0.0,-1.0,1722372,3.0,7,,0.0,2.0,0.0,Z01,138Â 211Â 038,1.0
1009049,201900050580,7,11,20:00,1,2,6,1.0,3.0,31483,FOURNIER (PLACE ),M,"43,1100000","0,7100000",31,2019,50.0,1.0,1.0,3.0,2256469,1.0,1,4,2,0.0,,-1.0,0,1972.0,B01,138Â 211Â 035,1.0,0.0,-1.0,1722373,2.0,7,,0.0,2.0,9.0,B01,138Â 211Â 035,1.0
1009049,201900050580,7,11,20:00,1,2,6,1.0,3.0,31483,FOURNIER (PLACE ),M,"43,1100000","0,7100000",31,2019,50.0,1.0,1.0,3.0,2256469,1.0,1,4,2,0.0,,-1.0,0,1972.0,B01,138Â 211Â 035,1.0,0.0,-1.0,1722374,3.0,7,,0.0,2.0,1.0,A01,138Â 211Â 037,1.0
1009049,201900050580,7,11,20:00,1,2,6,1.0,3.0,31483,FOURNIER (PLACE ),M,"43,1100000","0,7100000",31,2019,50.0,1.0,1.0,3.0,2256470,1.0,1,1,2,1.0,,-1.0,0,1968.0,A01,138Â 211Â 037,1.0,0.0,-1.0,1722373,2.0,7,,0.0,2.0,9.0,B01,138Â 211Â 035,1.0
1009049,201900050580,7,11,20:00,1,2,6,1.0,3.0,31483,FOURNIER (PLACE ),M,"43,1100000","0,7100000",31,2019,50.0,1.0,1.0,3.0,2256470,1.0,1,1,2,1.0,,-1.0,0,1968.0,A01,138Â 211Â 037,1.0,0.0,-1.0,1722374,3.0,7,,0.0,2.0,1.0,A01,138Â 211Â 037,1.0
1009050,201900050581,3,28,03:30,5,1,1,1.0,6.0,97101,RN1 ROCADE DE CHAUVEL,M,"16,2700000"," -61,5200000",971,2019,90.0,1.0,1.0,2.0,2256471,2.0,2,4,1,0.0,,-1.0, -1,1969.0,A01,138Â 211Â 032,1.0,0.0,-1.0,1722375,0.0,7,,0.0,2.0,4.0,A01,138Â 211Â 032,1.0
1009050,201900050581,3,28,03:30,5,1,1,1.0,6.0,97101,RN1 ROCADE DE CHAUVEL,M,"16,2700000"," -61,5200000",971,2019,90.0,1.0,1.0,2.0,2256472,1.0,1,3,2,0.0,,-1.0, -1,1966.0,A01,138Â 211Â 032,1.0,0.0,-1.0,1722375,0.0,7,,0.0,2.0,4.0,A01,138Â 211Â 032,1.0
1009051,201900050582,3,27,21:30,5,2,1,1.0,6.0,97107,SCHOELCHER  (RUE ),M,"16,0432400"," -61,5650500",971,2019,50.0,1.0,1.0,4.0,2256473,1.0,1,3,1,5.0,,-1.0, -1,1995.0,A01,138Â 211Â 031,2.0,8.0,-1.0,1722376,2.0,30,,1.0,2.0,0.0,A01,138Â 211Â 031,0.0
1009051,201900050582,3,27,21:30,5,2,1,1.0,6.0,97107,SCHOELCHER  (RUE ),M,"16,0432400"," -61,5650500",971,2019,50.0,1.0,1.0,4.0,2256474,2.0,2,4,1,5.0,,-1.0, -1,1995.0,A01,138Â 211Â 031,8.0,8.0,-1.0,1722376,2.0,30,,1.0,2.0,0.0,A01,138Â 211Â 031,0.0
1009052,201900050583,7,14,17:05,1,2,1,1.0,2.0,29039,CABELLOU ( AVENUE DU),M,"47,8564285"," -3,9041653",29,2019,30.0,1.0,1.0,4.0,2256475,1.0,1,1,1,5.0,,0.0,0,1977.0,B01,138Â 211Â 033,1.0,0.0,-1.0,1722377,2.0,7,,0.0,2.0,4.0,B01,138Â 211Â 033,2.0
1009052,201900050583,7,14,17:05,1,2,1,1.0,2.0,29039,CABELLOU ( AVENUE DU),M,"47,8564285"," -3,9041653",29,2019,30.0,1.0,1.0,4.0,2256475,1.0,1,1,1,5.0,,0.0,0,1977.0,B01,138Â 211Â 033,1.0,0.0,-1.0,1722378,2.0,2,,0.0,2.0,1.0,A01,138Â 211Â 034,1.0
1009052,201900050583,7,14,17:05,1,2,1,1.0,2.0,29039,CABELLOU ( AVENUE DU),M,"47,8564285"," -3,9041653",29,2019,30.0,1.0,1.0,4.0,2256476,2.0,2,4,2,5.0,,-1.0,0,2005.0,A01,138Â 211Â 034,2.0,6.0,-1.0,1722377,2.0,7,,0.0,2.0,4.0,B01,138Â 211Â 033,2.0
1009052,201900050583,7,14,17:05,1,2,1,1.0,2.0,29039,CABELLOU ( AVENUE DU),M,"47,8564285"," -3,9041653",29,2019,30.0,1.0,1.0,4.0,2256476,2.0,2,4,2,5.0,,-1.0,0,2005.0,A01,138Â 211Â 034,2.0,6.0,-1.0,1722378,2.0,2,,0.0,2.0,1.0,A01,138Â 211Â 034,1.0
1009052,201900050583,7,14,17:05,1,2,1,1.0,2.0,29039,CABELLOU ( AVENUE DU),M,"47,8564285"," -3,9041653",29,2019,30.0,1.0,1.0,4.0,2256477,1.0,1,1,2,5.0,,0.0,0,2005.0,A01,138Â 211Â 034,2.0,6.0,-1.0,1722377,2.0,7,,0.0,2.0,4.0,B01,138Â 211Â 033,2.0
1009052,201900050583,7,14,17:05,1,2,1,1.0,2.0,29039,CABELLOU ( AVENUE DU),M,"47,8564285"," -3,9041653",29,2019,30.0,1.0,1.0,4.0,2256477,1.0,1,1,2,5.0,,0.0,0,2005.0,A01,138Â 211Â 034,2.0,6.0,-1.0,1722378,2.0,2,,0.0,2.0,1.0,A01,138Â 211Â 034,1.0
1009053,201900050584,3,29,07:45,1,2,6,1.0,2.0,2A004,AVENUE DU DOCTEUR NOEL FRANCHINI,M,"41,9449100","8,7582800",2A,2019,50.0,1.0,1.0,2.0,2256478,1.0,1,4,2,1.0,,-1.0,0,1980.0,B01,138Â 211Â 028,2.0,6.0,-1.0,1722379,2.0,2,,0.0,2.0,4.0,B01,138Â 211Â 028,1.0
1009053,201900050584,3,29,07:45,1,2,6,1.0,2.0,2A004,AVENUE DU DOCTEUR NOEL FRANCHINI,M,"41,9449100","8,7582800",2A,2019,50.0,1.0,1.0,2.0,2256478,1.0,1,4,2,1.0,,-1.0,0,1980.0,B01,138Â 211Â 028,2.0,6.0,-1.0,1722380,2.0,7,,0.0,2.0,3.0,A01,138Â 211Â 030,1.0
1009053,201900050584,3,29,07:45,1,2,6,1.0,2.0,2A004,AVENUE DU DOCTEUR NOEL FRANCHINI,M,"41,9449100","8,7582800",2A,2019,50.0,1.0,1.0,2.0,2256479,1.0,1,1,2,1.0,,-1.0,0,1977.0,A01,138Â 211Â 030,1.0,0.0,-1.0,1722379,2.0,2,,0.0,2.0,4.0,B01,138Â 211Â 028,1.0
1009053,201900050584,3,29,07:45,1,2,6,1.0,2.0,2A004,AVENUE DU DOCTEUR NOEL FRANCHINI,M,"41,9449100","8,7582800",2A,2019,50.0,1.0,1.0,2.0,2256479,1.0,1,1,2,1.0,,-1.0,0,1977.0,A01,138Â 211Â 030,1.0,0.0,-1.0,1722380,2.0,7,,0.0,2.0,3.0,A01,138Â 211Â 030,1.0
1009054,201900050585,7,13,22:45,5,2,2,1.0,3.0,25056,SIFFERT  AVENUE CHARLES,M,"47,2400140","6,0150740",25,2019,50.0,1.0,1.0,3.0,2256480,1.0,1,4,1,5.0,,-1.0,0,1975.0,A01,138Â 211Â 027,1.0,0.0,-1.0,1722381,2.0,7,,0.0,2.0,3.0,A01,138Â 211Â 027,1.0
1009054,201900050585,7,13,22:45,5,2,2,1.0,3.0,25056,SIFFERT  AVENUE CHARLES,M,"47,2400140","6,0150740",25,2019,50.0,1.0,1.0,3.0,2256480,1.0,1,4,1,5.0,,-1.0,0,1975.0,A01,138Â 211Â 027,1.0,0.0,-1.0,1722382,1.0,7,,0.0,2.0,3.0,B01,138Â 211Â 029,1.0
1009054,201900050585,7,13,22:45,5,2,2,1.0,3.0,25056,SIFFERT  AVENUE CHARLES,M,"47,2400140","6,0150740",25,2019,50.0,1.0,1.0,3.0,2256481,1.0,1,4,1,0.0,,-1.0,0,1971.0,B01,138Â 211Â 029,1.0,0.0,-1.0,1722381,2.0,7,,0.0,2.0,3.0,A01,138Â 211Â 027,1.0
1009054,201900050585,7,13,22:45,5,2,2,1.0,3.0,25056,SIFFERT  AVENUE CHARLES,M,"47,2400140","6,0150740",25,2019,50.0,1.0,1.0,3.0,2256481,1.0,1,4,1,0.0,,-1.0,0,1971.0,B01,138Â 211Â 029,1.0,0.0,-1.0,1722382,1.0,7,,0.0,2.0,3.0,B01,138Â 211Â 029,1.0