Unnamed: 0_x,num_acc,mois,jour,hrmn,lum,agg,int,atm,col,com,adr,gps,lat,long,dep,annee,vma,situ,surf,catr,Unnamed: 0_y,place,catu,grav,sexe,trajet,secu,locp,actp,an_nais,num_veh_x,id_vehicule_x,secu1,secu2,secu3,Unnamed: 0,senc,catv,occutc,obs,obsm,choc,num_veh_y,id_vehicule_y,motor
1009055,201900050586,3,28,11:19,1,2,3,1.0,5.0,2A004,GEORGES POMPIDOU AVENUE,M,"41,9333200","8,7547400",2A,2019,50.0,1.0,1.0,2.0,2256482,1.0,1,1,1,0.0,,-1.0,0,1978.0,C01,138Â 211Â 022,1.0,0.0,-1.0,1722383,2.0,7,,8.0,0.0,3.0,C01,138Â 211Â 022,1.0
1009055,201900050586,3,28,11:19,1,2,3,1.0,5.0,2A004,GEORGES POMPIDOU AVENUE,M,"41,9333200","8,7547400",2A,2019,50.0,1.0,1.0,2.0,2256482,1.0,1,1,1,0.0,,-1.0,0,1978.0,C01,138Â 211Â 022,1.0,0.0,-1.0,1722384,2.0,7,,0.0,2.0,9.0,B01,138Â 211Â 025,1.0
1009055,201900050586,3,28,11:19,1,2,3,1.0,5.0,2A004,GEORGES POMPIDOU AVENUE,M,"41,9333200","8,7547400",2A,2019,50.0,1.0,1.0,2.0,2256482,1.0,1,1,1,0.0,,-1.0,0,1978.0,C01,138Â 211Â 022,1.0,0.0,-1.0,1722385,2.0,10,,0.0,2.0,1.0,A01,138Â 211Â 026,1.0
1009055,201900050586,3,28,11:19,1,2,3,1.0,5.0,2A004,GEORGES POMPIDOU AVENUE,M,"41,9333200","8,7547400",2A,2019,50.0,1.0,1.0,2.0,2256483,1.0,1,4,1,1.0,,-1.0,0,1991.0,B01,138Â 211Â 025,1.0,5.0,-1.0,1722383,2.0,7,,8.0,0.0,3.0,C01,138Â 211Â 022,1.0
1009055,201900050586,3,28,11:19,1,2,3,1.0,5.0,2A004,GEORGES POMPIDOU AVENUE,M,"41,9333200","8,7547400",2A,2019,50.0,1.0,1.0,2.0,2256483,1.0,1,4,1,1.0,,-1.0,0,1991.0,B01,138Â 211Â 025,1.0,5.0,-1.0,1722384,2.0,7,,0.0,2.0,9.0,B01,138Â 211Â 025,1.0
1009055,201900050586,3,28,11:19,1,2,3,1.0,5.0,2A004,GEORGES POMPIDOU AVENUE,M,"41,9333200","8,7547400",2A,2019,50.0,1.0,1.0,2.0,2256483,1.0,1,4,1,1.0,,-1.0,0,1991.0,B01,138Â 211Â 025,1.0,5.0,-1.0,1722385,2.0,10,,0.0,2.0,1.0,A01,138Â 211Â 026,1.0
1009055,201900050586,3,28,11:19,1,2,3,1.0,5.0,2A004,GEORGES POMPIDOU AVENUE,M,"41,9333200","8,7547400",2A,2019,50.0,1.0,1.0,2.0,2256484,2.0,2,4,1,4.0,,-1.0,0,1984.0,A01,138Â 211Â 026,1.0,8.0,-1.0,1722383,2.0,7,,8.0,0.0,3.0,C01,138Â 211Â 022,1.0
1009055,201900050586,3,28,11:19,1,2,3,1.0,5.0,2A004,GEORGES POMPIDOU AVENUE,M,"41,9333200","8,7547400",2A,2019,50.0,1.0,1.0,2.0,2256484,2.0,2,4,1,4.0,,-1.0,0,1984.0,A01,138Â 211Â 026,1.0,8.0,-1.0,1722384,2.0,7,,0.0,2.0,9.0,B01,138Â 211Â 025,1.0
1009055,201900050586,3,28,11:19,1,2,3,1.0,5.0,2A004,GEORGES POMPIDOU AVENUE,M,"41,9333200","8,7547400",2A,2019,50.0,1.0,1.0,2.0,2256484,2.0,2,4,1,4.0,,-1.0,0,1984.0,A01,138Â 211Â 026,1.0,8.0,-1.0,1722385,2.0,10,,0.0,2.0,1.0,A01,138Â 211Â 026,1.0
1009055,201900050586,3,28,11:19,1,2,3,1.0,5.0,2A004,GEORGES POMPIDOU AVENUE,M,"41,9333200","8,7547400",2A,2019,50.0,1.0,1.0,2.0,2256485,1.0,1,4,1,4.0,,-1.0,0,1973.0,A01,138Â 211Â 026,1.0,5.0,-1.0,1722383,2.0,7,,8.0,0.0,3.0,C01,138Â 211Â 022,1.0
1009055,201900050586,3,28,11:19,1,2,3,1.0,5.0,2A004,GEORGES POMPIDOU AVENUE,M,"41,9333200","8,7547400",2A,2019,50.0,1.0,1.0,2.0,2256485,1.0,1,4,1,4.0,,-1.0,0,1973.0,A01,138Â 211Â 026,1.0,5.0,-1.0,1722384,2.0,7,,0.0,2.0,9.0,B01,138Â 211Â 025,1.0
1009055,201900050586,3,28,11:19,1,2,3,1.0,5.0,2A004,GEORGES POMPIDOU AVENUE,M,"41,9333200","8,7547400",2A,2019,50.0,1.0,1.0,2.0,2256485,1.0,1,4,1,4.0,,-1.0,0,1973.0,A01,138Â 211Â 026,1.0,5.0,-1.0,1722385,2.0,10,,0.0,2.0,1.0,A01,138Â 211Â 026,1.0
1009056,201900050587,7,13,17:50,1,2,2,1.0,2.0,17306,PARIS (DE) (AVENUE),M,"45,6270800"," -1,0496000",17,2019,50.0,1.0,1.0,4.0,2256486,1.0,1,4,1,0.0,,0.0,0,2002.0,B01,138Â 211Â 023,2.0,0.0,-1.0,1722386,1.0,2,,0.0,2.0,7.0,B01,138Â 211Â 023,1.0
1009056,201900050587,7,13,17:50,1,2,2,1.0,2.0,17306,PARIS (DE) (AVENUE),M,"45,6270800"," -1,0496000",17,2019,50.0,1.0,1.0,4.0,2256486,1.0,1,4,1,0.0,,0.0,0,2002.0,B01,138Â 211Â 023,2.0,0.0,-1.0,1722387,1.0,7,,0.0,2.0,1.0,A01,138Â 211Â 024,1.0
1009056,201900050587,7,13,17:50,1,2,2,1.0,2.0,17306,PARIS (DE) (AVENUE),M,"45,6270800"," -1,0496000",17,2019,50.0,1.0,1.0,4.0,2256487,1.0,1,1,1,5.0,,0.0,0,1953.0,A01,138Â 211Â 024,1.0,0.0,-1.0,1722386,1.0,2,,0.0,2.0,7.0,B01,138Â 211Â 023,1.0
1009056,201900050587,7,13,17:50,1,2,2,1.0,2.0,17306,PARIS (DE) (AVENUE),M,"45,6270800"," -1,0496000",17,2019,50.0,1.0,1.0,4.0,2256487,1.0,1,1,1,5.0,,0.0,0,1953.0,A01,138Â 211Â 024,1.0,0.0,-1.0,1722387,1.0,7,,0.0,2.0,1.0,A01,138Â 211Â 024,1.0
1009057,201900050588,3,29,17:05,1,2,3,1.0,6.0,95585,8 MAI 1945 (AVENUE DU),M,"48,9766800","2,3769500",95,2019,50.0,1.0,1.0,4.0,2256488,1.0,1,1,1,-1.0,,-1.0, -1,1990.0,A01,138Â 211Â 020,1.0,0.0,-1.0,1722388,3.0,7,,0.0,1.0,1.0,A01,138Â 211Â 020,-1.0
1009057,201900050588,3,29,17:05,1,2,3,1.0,6.0,95585,8 MAI 1945 (AVENUE DU),M,"48,9766800","2,3769500",95,2019,50.0,1.0,1.0,4.0,2256488,1.0,1,1,1,-1.0,,-1.0, -1,1990.0,A01,138Â 211Â 020,1.0,0.0,-1.0,1722389,3.0,7,,0.0,0.0,0.0,B01,138Â 211Â 021,0.0
1009057,201900050588,3,29,17:05,1,2,3,1.0,6.0,95585,8 MAI 1945 (AVENUE DU),M,"48,9766800","2,3769500",95,2019,50.0,1.0,1.0,4.0,2256489,10.0,3,4,2,0.0,,4.0,3,2015.0,B01,138Â 211Â 021,8.0,0.0,-1.0,1722388,3.0,7,,0.0,1.0,1.0,A01,138Â 211Â 020,-1.0
1009057,201900050588,3,29,17:05,1,2,3,1.0,6.0,95585,8 MAI 1945 (AVENUE DU),M,"48,9766800","2,3769500",95,2019,50.0,1.0,1.0,4.0,2256489,10.0,3,4,2,0.0,,4.0,3,2015.0,B01,138Â 211Â 021,8.0,0.0,-1.0,1722389,3.0,7,,0.0,0.0,0.0,B01,138Â 211Â 021,0.0
1009058,201900050589,7,14,03:10,5,2,2,1.0,3.0,14117,DIVETTE (AVENUE DE LA),M,"49,2847100"," -0,1220500",14,2019,50.0,1.0,1.0,4.0,2256490,1.0,1,1,1,1.0,,0.0,0,1979.0,B01,138Â 211Â 018,1.0,0.0,-1.0,1722390,1.0,7,,0.0,2.0,1.0,B01,138Â 211Â 018,1.0
1009058,201900050589,7,14,03:10,5,2,2,1.0,3.0,14117,DIVETTE (AVENUE DE LA),M,"49,2847100"," -0,1220500",14,2019,50.0,1.0,1.0,4.0,2256490,1.0,1,1,1,1.0,,0.0,0,1979.0,B01,138Â 211Â 018,1.0,0.0,-1.0,1722391,3.0,30,,0.0,2.0,7.0,A01,138Â 211Â 019,1.0
1009058,201900050589,7,14,03:10,5,2,2,1.0,3.0,14117,DIVETTE (AVENUE DE LA),M,"49,2847100"," -0,1220500",14,2019,50.0,1.0,1.0,4.0,2256491,1.0,1,1,1,5.0,,-1.0, -1,2002.0,A01,138Â 211Â 019,2.0,0.0,-1.0,1722390,1.0,7,,0.0,2.0,1.0,B01,138Â 211Â 018,1.0
1009058,201900050589,7,14,03:10,5,2,2,1.0,3.0,14117,DIVETTE (AVENUE DE LA),M,"49,2847100"," -0,1220500",14,2019,50.0,1.0,1.0,4.0,2256491,1.0,1,1,1,5.0,,-1.0, -1,2002.0,A01,138Â 211Â 019,2.0,0.0,-1.0,1722391,3.0,30,,0.0,2.0,7.0,A01,138Â 211Â 019,1.0
1009058,201900050589,7,14,03:10,5,2,2,1.0,3.0,14117,DIVETTE (AVENUE DE LA),M,"49,2847100"," -0,1220500",14,2019,50.0,1.0,1.0,4.0,2256492,2.0,2,3,2,5.0,,0.0,0,2002.0,A01,138Â 211Â 019,8.0,0.0,-1.0,1722390,1.0,7,,0.0,2.0,1.0,B01,138Â 211Â 018,1.0
1009058,201900050589,7,14,03:10,5,2,2,1.0,3.0,14117,DIVETTE (AVENUE DE LA),M,"49,2847100"," -0,1220500",14,2019,50.0,1.0,1.0,4.0,2256492,2.0,2,3,2,5.0,,0.0,0,2002.0,A01,138Â 211Â 019,8.0,0.0,-1.0,1722391,3.0,30,,0.0,2.0,7.0,A01,138Â 211Â 019,1.0
1009058,201900050589,7,14,03:10,5,2,2,1.0,3.0,14117,DIVETTE (AVENUE DE LA),M,"49,2847100"," -0,1220500",14,2019,50.0,1.0,1.0,4.0,2256493,2.0,2,4,2,5.0,,0.0,0,2002.0,A01,138Â 211Â 019,8.0,0.0,-1.0,1722390,1.0,7,,0.0,2.0,1.0,B01,138Â 211Â 018,1.0
1009058,201900050589,7,14,03:10,5,2,2,1.0,3.0,14117,DIVETTE (AVENUE DE LA),M,"49,2847100"," -0,1220500",14,2019,50.0,1.0,1.0,4.0,2256493,2.0,2,4,2,5.0,,0.0,0,2002.0,A01,138Â 211Â 019,8.0,0.0,-1.0,1722391,3.0,30,,0.0,2.0,7.0,A01,138Â 211Â 019,1.0
1009059,201900050590,7,14,17:00,1,2,3,1.0,3.0,13202,FAUCHIER (RUE),M,"43,3036100","5,3689600",13,2019,50.0,1.0,1.0,7.0,2256494,1.0,1,1,1,0.0,,-1.0,0,1987.0,A01,138Â 211Â 015,8.0,0.0,-1.0,1722392,3.0,7,,0.0,2.0,3.0,A01,138Â 211Â 015,0.0
1009059,201900050590,7,14,17:00,1,2,3,1.0,3.0,13202,FAUCHIER (RUE),M,"43,3036100","5,3689600",13,2019,50.0,1.0,1.0,7.0,2256494,1.0,1,1,1,0.0,,-1.0,0,1987.0,A01,138Â 211Â 015,8.0,0.0,-1.0,1722393,3.0,2,,0.0,2.0,7.0,B01,138Â 211Â 016,0.0
1009059,201900050590,7,14,17:00,1,2,3,1.0,3.0,13202,FAUCHIER (RUE),M,"43,3036100","5,3689600",13,2019,50.0,1.0,1.0,7.0,2256495,2.0,2,4,1,0.0,,-1.0, -1,1999.0,B01,138Â 211Â 016,8.0,0.0,-1.0,1722392,3.0,7,,0.0,2.0,3.0,A01,138Â 211Â 015,0.0
1009059,201900050590,7,14,17:00,1,2,3,1.0,3.0,13202,FAUCHIER (RUE),M,"43,3036100","5,3689600",13,2019,50.0,1.0,1.0,7.0,2256495,2.0,2,4,1,0.0,,-1.0, -1,1999.0,B01,138Â 211Â 016,8.0,0.0,-1.0,1722393,3.0,2,,0.0,2.0,7.0,B01,138Â 211Â 016,0.0
1009059,201900050590,7,14,17:00,1,2,3,1.0,3.0,13202,FAUCHIER (RUE),M,"43,3036100","5,3689600",13,2019,50.0,1.0,1.0,7.0,2256496,1.0,1,1,1,0.0,,-1.0, -1,1999.0,B01,138Â 211Â 016,8.0,0.0,-1.0,1722392,3.0,7,,0.0,2.0,3.0,A01,138Â 211Â 015,0.0
1009059,201900050590,7,14,17:00,1,2,3,1.0,3.0,13202,FAUCHIER (RUE),M,"43,3036100","5,3689600",13,2019,50.0,1.0,1.0,7.0,2256496,1.0,1,1,1,0.0,,-1.0, -1,1999.0,B01,138Â 211Â 016,8.0,0.0,-1.0,1722393,3.0,2,,0.0,2.0,7.0,B01,138Â 211Â 016,0.0
1009060,201900050591,7,14,12:00,1,2,1,1.0,2.0,13214,ALEX ANSALDI (RUE),M,"43,3339480","5,4021540",13,2019,50.0,1.0,1.0,4.0,2256497,1.0,1,4,2,5.0,,-1.0,0,1984.0,A01,138Â 211Â 013,1.0,0.0,-1.0,1722394,1.0,7,,0.0,2.0,1.0,A01,138Â 211Â 013,1.0
1009060,201900050591,7,14,12:00,1,2,1,1.0,2.0,13214,ALEX ANSALDI (RUE),M,"43,3339480","5,4021540",13,2019,50.0,1.0,1.0,4.0,2256497,1.0,1,4,2,5.0,,-1.0,0,1984.0,A01,138Â 211Â 013,1.0,0.0,-1.0,1722395,0.0,7,,0.0,2.0,4.0,B01,138Â 211Â 014,1.0
1009060,201900050591,7,14,12:00,1,2,1,1.0,2.0,13214,ALEX ANSALDI (RUE),M,"43,3339480","5,4021540",13,2019,50.0,1.0,1.0,4.0,2256498,1.0,1,4,2,5.0,,-1.0, -1,1979.0,B01,138Â 211Â 014,1.0,8.0,-1.0,1722394,1.0,7,,0.0,2.0,1.0,A01,138Â 211Â 013,1.0
1009060,201900050591,7,14,12:00,1,2,1,1.0,2.0,13214,ALEX ANSALDI (RUE),M,"43,3339480","5,4021540",13,2019,50.0,1.0,1.0,4.0,2256498,1.0,1,4,2,5.0,,-1.0, -1,1979.0,B01,138Â 211Â 014,1.0,8.0,-1.0,1722395,0.0,7,,0.0,2.0,4.0,B01,138Â 211Â 014,1.0
1009061,201900050592,3,29,13:40,1,2,1,1.0,6.0,95555,MATHILDE (AVENUE),M,"48,9743600","2,2935700",95,2019,30.0,2.0,1.0,3.0,2256499,1.0,1,1,1,5.0,,-1.0,0,1990.0,A01,138Â 211Â 017,1.0,-1.0,-1.0,1722396,1.0,7,,0.0,1.0,4.0,A01,138Â 211Â 017,1.0
1009061,201900050592,3,29,13:40,1,2,1,1.0,6.0,95555,MATHILDE (AVENUE),M,"48,9743600","2,2935700",95,2019,30.0,2.0,1.0,3.0,2256500,10.0,3,4,1,5.0,,5.0,3,1955.0,A01,138Â 211Â 017,8.0,0.0,-1.0,1722396,1.0,7,,0.0,1.0,4.0,A01,138Â 211Â 017,1.0
1009061,201900050592,3,29,13:40,1,2,1,1.0,6.0,95555,MATHILDE (AVENUE),M,"48,9743600","2,2935700",95,2019,30.0,2.0,1.0,3.0,2256501,10.0,3,4,2,5.0,,4.0,3,1958.0,A01,138Â 211Â 017,8.0,0.0,-1.0,1722396,1.0,7,,0.0,1.0,4.0,A01,138Â 211Â 017,1.0
1009062,201900050593,3,29,15:45,1,2,2,1.0,6.0,91589,HUGO (RUE VICTOR),M,"48,6841000","2,3422600",91,2019,50.0,1.0,1.0,4.0,2256502,1.0,1,1,1,0.0,,0.0,0,1987.0,A01,138Â 211Â 008,1.0,0.0,-1.0,1722397,1.0,7,,0.0,1.0,3.0,A01,138Â 211Â 008,1.0
1009062,201900050593,3,29,15:45,1,2,2,1.0,6.0,91589,HUGO (RUE VICTOR),M,"48,6841000","2,3422600",91,2019,50.0,1.0,1.0,4.0,2256503,10.0,3,4,1,0.0,,2.0,3,1947.0,A01,138Â 211Â 008,8.0,0.0,-1.0,1722397,1.0,7,,0.0,1.0,3.0,A01,138Â 211Â 008,1.0
1009062,201900050593,3,29,15:45,1,2,2,1.0,6.0,91589,HUGO (RUE VICTOR),M,"48,6841000","2,3422600",91,2019,50.0,1.0,1.0,4.0,2256504,2.0,2,1,1,0.0,,0.0,0,1987.0,A01,138Â 211Â 008,1.0,0.0,-1.0,1722397,1.0,7,,0.0,1.0,3.0,A01,138Â 211Â 008,1.0
1009063,201900050594,7,14,08:20,1,1,1,1.0,2.0,13047,RN 1569,M,"43,5351600","4,9584300",13,2019,80.0,1.0,1.0,2.0,2256505,1.0,1,1,1,0.0,,-1.0,0,1987.0,B01,138Â 211Â 005,1.0,0.0,-1.0,1722398,1.0,7,,0.0,2.0,6.0,B01,138Â 211Â 005,1.0
1009063,201900050594,7,14,08:20,1,1,1,1.0,2.0,13047,RN 1569,M,"43,5351600","4,9584300",13,2019,80.0,1.0,1.0,2.0,2256505,1.0,1,1,1,0.0,,-1.0,0,1987.0,B01,138Â 211Â 005,1.0,0.0,-1.0,1722399,3.0,33,,0.0,2.0,1.0,A01,138Â 211Â 006,1.0
1009063,201900050594,7,14,08:20,1,1,1,1.0,2.0,13047,RN 1569,M,"43,5351600","4,9584300",13,2019,80.0,1.0,1.0,2.0,2256506,1.0,1,3,1,0.0,,-1.0, -1,1965.0,A01,138Â 211Â 006,2.0,0.0,-1.0,1722398,1.0,7,,0.0,2.0,6.0,B01,138Â 211Â 005,1.0
1009063,201900050594,7,14,08:20,1,1,1,1.0,2.0,13047,RN 1569,M,"43,5351600","4,9584300",13,2019,80.0,1.0,1.0,2.0,2256506,1.0,1,3,1,0.0,,-1.0, -1,1965.0,A01,138Â 211Â 006,2.0,0.0,-1.0,1722399,3.0,33,,0.0,2.0,1.0,A01,138Â 211Â 006,1.0
1009064,201900050595,7,14,20:40,1,1,1,1.0,7.0,07281,C.D. 533 (VERS LE PUY),M,"44,9363300","4,8260800",7,2019,80.0,1.0,1.0,3.0,2256507,2.0,2,4,2,5.0,,-1.0, -1,1996.0,A01,138Â 211Â 003,2.0,6.0,-1.0,1722400,3.0,33,,16.0,0.0,7.0,A01,138Â 211Â 003,1.0
1009064,201900050595,7,14,20:40,1,1,1,1.0,7.0,07281,C.D. 533 (VERS LE PUY),M,"44,9363300","4,8260800",7,2019,80.0,1.0,1.0,3.0,2256508,1.0,1,4,2,5.0,,-1.0, -1,1999.0,A01,138Â 211Â 003,2.0,6.0,-1.0,1722400,3.0,33,,16.0,0.0,7.0,A01,138Â 211Â 003,1.0
1009065,201900050596,3,30,08:25,1,2,3,1.0,1.0,91471,PARIS (RUE DE),M,"48,6968230","2,1894700",91,2019,30.0,1.0,1.0,4.0,2256509,1.0,1,1,2,1.0,,0.0,0,1974.0,A01,138Â 211Â 004,1.0,0.0,-1.0,1722401,2.0,7,,0.0,1.0,3.0,A01,138Â 211Â 004,1.0
1009065,201900050596,3,30,08:25,1,2,3,1.0,1.0,91471,PARIS (RUE DE),M,"48,6968230","2,1894700",91,2019,30.0,1.0,1.0,4.0,2256509,1.0,1,1,2,1.0,,0.0,0,1974.0,A01,138Â 211Â 004,1.0,0.0,-1.0,1722402,-1.0,0,,-1.0,-1.0,-1.0,A01,138Â 211Â 007,-1.0
1009065,201900050596,3,30,08:25,1,2,3,1.0,1.0,91471,PARIS (RUE DE),M,"48,6968230","2,1894700",91,2019,30.0,1.0,1.0,4.0,2256510,10.0,3,3,1,5.0,,3.0,3,1929.0,A01,138Â 211Â 007,8.0,0.0,-1.0,1722401,2.0,7,,0.0,1.0,3.0,A01,138Â 211Â 004,1.0
1009065,201900050596,3,30,08:25,1,2,3,1.0,1.0,91471,PARIS (RUE DE),M,"48,6968230","2,1894700",91,2019,30.0,1.0,1.0,4.0,2256510,10.0,3,3,1,5.0,,3.0,3,1929.0,A01,138Â 211Â 007,8.0,0.0,-1.0,1722402,-1.0,0,,-1.0,-1.0,-1.0,A01,138Â 211Â 007,-1.0
1009066,201900050597,3,25,12:10,1,2,1,1.0,6.0,91692,BOURGOGNE (AVENUE DE),M,"48,6838710","2,1767990",91,2019,45.0,2.0,1.0,4.0,2256511,10.0,3,3,1,3.0,,1.0,3,2007.0,A01,138Â 211Â 000,8.0,0.0,-1.0,1722403,1.0,37,1.0,0.0,1.0,2.0,A01,138Â 211Â 000,0.0
1009066,201900050597,3,25,12:10,1,2,1,1.0,6.0,91692,BOURGOGNE (AVENUE DE),M,"48,6838710","2,1767990",91,2019,45.0,2.0,1.0,4.0,2256512,1.0,1,1,1,4.0,,0.0,0,1984.0,A01,138Â 211Â 000,1.0,8.0,-1.0,1722403,1.0,37,1.0,0.0,1.0,2.0,A01,138Â 211Â 000,0.0
1009067,201900050598,7,14,21:00,5,2,2,1.0,3.0,06088,CESSOLE (BD DE) (JUSQU'AU NÂ° 93-110),M,"43,7172700","7,2530300",6,2019,50.0,1.0,1.0,4.0,2256513,1.0,1,4,1,5.0,,0.0,0,1986.0,B01,138Â 211Â 001,1.0,0.0,0.0,1722404,1.0,10,,0.0,2.0,1.0,B01,138Â 211Â 001,1.0
1009067,201900050598,7,14,21:00,5,2,2,1.0,3.0,06088,CESSOLE (BD DE) (JUSQU'AU NÂ° 93-110),M,"43,7172700","7,2530300",6,2019,50.0,1.0,1.0,4.0,2256513,1.0,1,4,1,5.0,,0.0,0,1986.0,B01,138Â 211Â 001,1.0,0.0,0.0,1722405,1.0,7,,0.0,2.0,8.0,A01,138Â 211Â 002,1.0
1009067,201900050598,7,14,21:00,5,2,2,1.0,3.0,06088,CESSOLE (BD DE) (JUSQU'AU NÂ° 93-110),M,"43,7172700","7,2530300",6,2019,50.0,1.0,1.0,4.0,2256514,1.0,1,4,2,5.0,,0.0,0,2000.0,A01,138Â 211Â 002,1.0,0.0,-1.0,1722404,1.0,10,,0.0,2.0,1.0,B01,138Â 211Â 001,1.0
1009067,201900050598,7,14,21:00,5,2,2,1.0,3.0,06088,CESSOLE (BD DE) (JUSQU'AU NÂ° 93-110),M,"43,7172700","7,2530300",6,2019,50.0,1.0,1.0,4.0,2256514,1.0,1,4,2,5.0,,0.0,0,2000.0,A01,138Â 211Â 002,1.0,0.0,-1.0,1722405,1.0,7,,0.0,2.0,8.0,A01,138Â 211Â 002,1.0
1009068,201900050599,7,13,20:05,1,2,1,1.0,7.0,06088,FLIREY (AV. DE),M,"43,7247674","7,2752286",6,2019,50.0,1.0,1.0,4.0,2256515,1.0,1,3,1,5.0,,0.0,0,1994.0,A01,138Â 210Â 997,2.0,6.0,-1.0,1722406,1.0,33,,6.0,0.0,0.0,A01,138Â 210Â 997,1.0
1009068,201900050599,7,13,20:05,1,2,1,1.0,7.0,06088,FLIREY (AV. DE),M,"43,7247674","7,2752286",6,2019,50.0,1.0,1.0,4.0,2256516,2.0,2,3,1,5.0,,0.0,0,1993.0,A01,138Â 210Â 997,2.0,0.0,-1.0,1722406,1.0,33,,6.0,0.0,0.0,A01,138Â 210Â 997,1.0
1009069,201900050600,7,13,20:05,1,1,1,1.0,7.0,06069,ROUQUIER (BOULEVARD EMMANUEL),M,"43,6263793","6,9352806",6,2019,70.0,1.0,1.0,4.0,2256517,2.0,2,3,1,5.0,,0.0,0,2002.0,A01,138Â 210Â 996,2.0,6.0,-1.0,1722407,3.0,32,,0.0,2.0,0.0,A01,138Â 210Â 996,1.0
1009069,201900050600,7,13,20:05,1,1,1,1.0,7.0,06069,ROUQUIER (BOULEVARD EMMANUEL),M,"43,6263793","6,9352806",6,2019,70.0,1.0,1.0,4.0,2256518,1.0,1,3,1,5.0,,0.0,0,2002.0,A01,138Â 210Â 996,2.0,6.0,-1.0,1722407,3.0,32,,0.0,2.0,0.0,A01,138Â 210Â 996,1.0
1009070,201900050601,7,14,12:25,1,2,1,1.0,3.0,75112,BD PERIPHERIQUE INTERIEUR,M,"48,8386920","2,4129990",75,2019,70.0,1.0,1.0,4.0,2256519,1.0,1,1,1,5.0,,0.0,0,1959.0,A01,138Â 210Â 994,1.0,0.0,-1.0,1722408,1.0,7,,0.0,2.0,2.0,A01,138Â 210Â 994,1.0
1009070,201900050601,7,14,12:25,1,2,1,1.0,3.0,75112,BD PERIPHERIQUE INTERIEUR,M,"48,8386920","2,4129990",75,2019,70.0,1.0,1.0,4.0,2256519,1.0,1,1,1,5.0,,0.0,0,1959.0,A01,138Â 210Â 994,1.0,0.0,-1.0,1722409,1.0,33,,0.0,2.0,8.0,B01,138Â 210Â 995,1.0
1009070,201900050601,7,14,12:25,1,2,1,1.0,3.0,75112,BD PERIPHERIQUE INTERIEUR,M,"48,8386920","2,4129990",75,2019,70.0,1.0,1.0,4.0,2256520,2.0,2,4,2,5.0,,0.0,0,1989.0,B01,138Â 210Â 995,2.0,6.0,-1.0,1722408,1.0,7,,0.0,2.0,2.0,A01,138Â 210Â 994,1.0
1009070,201900050601,7,14,12:25,1,2,1,1.0,3.0,75112,BD PERIPHERIQUE INTERIEUR,M,"48,8386920","2,4129990",75,2019,70.0,1.0,1.0,4.0,2256520,2.0,2,4,2,5.0,,0.0,0,1989.0,B01,138Â 210Â 995,2.0,6.0,-1.0,1722409,1.0,33,,0.0,2.0,8.0,B01,138Â 210Â 995,1.0
1009070,201900050601,7,14,12:25,1,2,1,1.0,3.0,75112,BD PERIPHERIQUE INTERIEUR,M,"48,8386920","2,4129990",75,2019,70.0,1.0,1.0,4.0,2256521,1.0,1,4,1,5.0,,0.0,0,1990.0,B01,138Â 210Â 995,2.0,6.0,-1.0,1722408,1.0,7,,0.0,2.0,2.0,A01,138Â 210Â 994,1.0
1009070,201900050601,7,14,12:25,1,2,1,1.0,3.0,75112,BD PERIPHERIQUE INTERIEUR,M,"48,8386920","2,4129990",75,2019,70.0,1.0,1.0,4.0,2256521,1.0,1,4,1,5.0,,0.0,0,1990.0,B01,138Â 210Â 995,2.0,6.0,-1.0,1722409,1.0,33,,0.0,2.0,8.0,B01,138Â 210Â 995,1.0
1009071,201900050602,3,29,19:40,5,2,1,1.0,3.0,91687,VICTOR SCHOELCHER (AVENUE),M,"48,6559400","2,3718300",91,2019,50.0,1.0,1.0,3.0,2256522,1.0,1,4,1,0.0,,-1.0, -1,1994.0,B01,138Â 210Â 992,2.0,8.0,-1.0,1722410,0.0,33,,0.0,2.0,1.0,B01,138Â 210Â 992,1.0
1009071,201900050602,3,29,19:40,5,2,1,1.0,3.0,91687,VICTOR SCHOELCHER (AVENUE),M,"48,6559400","2,3718300",91,2019,50.0,1.0,1.0,3.0,2256522,1.0,1,4,1,0.0,,-1.0, -1,1994.0,B01,138Â 210Â 992,2.0,8.0,-1.0,1722411,0.0,7,,0.0,2.0,2.0,A01,138Â 210Â 993,1.0
1009071,201900050602,3,29,19:40,5,2,1,1.0,3.0,91687,VICTOR SCHOELCHER (AVENUE),M,"48,6559400","2,3718300",91,2019,50.0,1.0,1.0,3.0,2256523,1.0,1,1,1,0.0,,-1.0, -1,1989.0,A01,138Â 210Â 993,8.0,0.0,-1.0,1722410,0.0,33,,0.0,2.0,1.0,B01,138Â 210Â 992,1.0
1009071,201900050602,3,29,19:40,5,2,1,1.0,3.0,91687,VICTOR SCHOELCHER (AVENUE),M,"48,6559400","2,3718300",91,2019,50.0,1.0,1.0,3.0,2256523,1.0,1,1,1,0.0,,-1.0, -1,1989.0,A01,138Â 210Â 993,8.0,0.0,-1.0,1722411,0.0,7,,0.0,2.0,2.0,A01,138Â 210Â 993,1.0
1009072,201900050603,7,14,02:40,5,2,1,1.0,2.0,75115,PORTE DE SEVRES,M,"48,8328450","2,2793860",75,2019,70.0,1.0,1.0,4.0,2256524,1.0,1,4,1,5.0,,0.0,0,2000.0,A01,138Â 210Â 990,2.0,6.0,-1.0,1722412,1.0,30,,0.0,2.0,1.0,A01,138Â 210Â 990,1.0
1009072,201900050603,7,14,02:40,5,2,1,1.0,2.0,75115,PORTE DE SEVRES,M,"48,8328450","2,2793860",75,2019,70.0,1.0,1.0,4.0,2256524,1.0,1,4,1,5.0,,0.0,0,2000.0,A01,138Â 210Â 990,2.0,6.0,-1.0,1722413,1.0,30,,0.0,2.0,4.0,B01,138Â 210Â 991,1.0