Unnamed: 0_x,num_acc,mois,jour,hrmn,lum,agg,int,atm,col,com,adr,gps,lat,long,dep,annee,vma,situ,surf,catr,Unnamed: 0_y,place,catu,grav,sexe,trajet,secu,locp,actp,an_nais,num_veh_x,id_vehicule_x,secu1,secu2,secu3,Unnamed: 0,senc,catv,occutc,obs,obsm,choc,num_veh_y,id_vehicule_y,motor
1009072,201900050603,7,14,02:40,5,2,1,1.0,2.0,75115,PORTE DE SEVRES,M,"48,8328450","2,2793860",75,2019,70.0,1.0,1.0,4.0,2256525,1.0,1,1,1,5.0,,0.0,0,2001.0,B01,138Â 210Â 991,2.0,6.0,-1.0,1722412,1.0,30,,0.0,2.0,1.0,A01,138Â 210Â 990,1.0
1009072,201900050603,7,14,02:40,5,2,1,1.0,2.0,75115,PORTE DE SEVRES,M,"48,8328450","2,2793860",75,2019,70.0,1.0,1.0,4.0,2256525,1.0,1,1,1,5.0,,0.0,0,2001.0,B01,138Â 210Â 991,2.0,6.0,-1.0,1722413,1.0,30,,0.0,2.0,4.0,B01,138Â 210Â 991,1.0
1009073,201900050604,3,30,11:10,1,2,1,1.0,6.0,91174,CARNOT(AVENUE),M,"48,6072600","2,4827200",91,2019,50.0,1.0,1.0,4.0,2256526,10.0,3,4,2,9.0,,3.0,3,1955.0,A01,138Â 210Â 989,8.0,0.0,-1.0,1722414,1.0,7,,0.0,1.0,2.0,A01,138Â 210Â 989,0.0
1009073,201900050604,3,30,11:10,1,2,1,1.0,6.0,91174,CARNOT(AVENUE),M,"48,6072600","2,4827200",91,2019,50.0,1.0,1.0,4.0,2256527,1.0,1,1,1,9.0,,0.0,0,1951.0,A01,138Â 210Â 989,1.0,0.0,-1.0,1722414,1.0,7,,0.0,1.0,2.0,A01,138Â 210Â 989,0.0
1009074,201900050605,3,30,09:40,1,2,6,1.0,7.0,91114,CERCAY (RUE DE),M,"48,7084000","2,5240000",91,2019,50.0,2.0,1.0,4.0,2256528,1.0,1,3,1,0.0,,0.0,0,1983.0,A01,138Â 210Â 988,2.0,8.0,-1.0,1722415,1.0,33,,12.0,0.0,8.0,A01,138Â 210Â 988,1.0
1009075,201900050606,7,14,04:10,5,2,3,1.0,6.0,75116,AVENUE PAUL DOUMER,M,"48,8612700","2,2842380",75,2019,50.0,1.0,1.0,4.0,2256529,1.0,1,4,1,9.0,,0.0,0,1996.0,A01,138Â 210Â 987,1.0,0.0,-1.0,1722416,1.0,7,,1.0,0.0,1.0,A01,138Â 210Â 987,1.0
1009076,201900050607,3,28,17:15,1,2,5,1.0,5.0,91514,JEAN JAURES (DU NÂ°52 AU 131) (AVENUE),M,"48,6734200","2,5299200",91,2019,30.0,1.0,1.0,4.0,2256530,1.0,1,4,1,5.0,,0.0,0,1994.0,A01,138Â 210Â 983,1.0,0.0,-1.0,1722417,1.0,7,,0.0,2.0,1.0,A01,138Â 210Â 983,1.0
1009076,201900050607,3,28,17:15,1,2,5,1.0,5.0,91514,JEAN JAURES (DU NÂ°52 AU 131) (AVENUE),M,"48,6734200","2,5299200",91,2019,30.0,1.0,1.0,4.0,2256530,1.0,1,4,1,5.0,,0.0,0,1994.0,A01,138Â 210Â 983,1.0,0.0,-1.0,1722418,3.0,7,,0.0,2.0,1.0,C01,138Â 210Â 985,2.0
1009076,201900050607,3,28,17:15,1,2,5,1.0,5.0,91514,JEAN JAURES (DU NÂ°52 AU 131) (AVENUE),M,"48,6734200","2,5299200",91,2019,30.0,1.0,1.0,4.0,2256530,1.0,1,4,1,5.0,,0.0,0,1994.0,A01,138Â 210Â 983,1.0,0.0,-1.0,1722419,3.0,7,,0.0,2.0,8.0,B01,138Â 210Â 986,1.0
1009076,201900050607,3,28,17:15,1,2,5,1.0,5.0,91514,JEAN JAURES (DU NÂ°52 AU 131) (AVENUE),M,"48,6734200","2,5299200",91,2019,30.0,1.0,1.0,4.0,2256531,1.0,1,1,1,9.0,,0.0,0,1980.0,C01,138Â 210Â 985,1.0,0.0,-1.0,1722417,1.0,7,,0.0,2.0,1.0,A01,138Â 210Â 983,1.0
1009076,201900050607,3,28,17:15,1,2,5,1.0,5.0,91514,JEAN JAURES (DU NÂ°52 AU 131) (AVENUE),M,"48,6734200","2,5299200",91,2019,30.0,1.0,1.0,4.0,2256531,1.0,1,1,1,9.0,,0.0,0,1980.0,C01,138Â 210Â 985,1.0,0.0,-1.0,1722418,3.0,7,,0.0,2.0,1.0,C01,138Â 210Â 985,2.0
1009076,201900050607,3,28,17:15,1,2,5,1.0,5.0,91514,JEAN JAURES (DU NÂ°52 AU 131) (AVENUE),M,"48,6734200","2,5299200",91,2019,30.0,1.0,1.0,4.0,2256531,1.0,1,1,1,9.0,,0.0,0,1980.0,C01,138Â 210Â 985,1.0,0.0,-1.0,1722419,3.0,7,,0.0,2.0,8.0,B01,138Â 210Â 986,1.0
1009076,201900050607,3,28,17:15,1,2,5,1.0,5.0,91514,JEAN JAURES (DU NÂ°52 AU 131) (AVENUE),M,"48,6734200","2,5299200",91,2019,30.0,1.0,1.0,4.0,2256532,1.0,1,4,1,9.0,,0.0,0,1957.0,B01,138Â 210Â 986,1.0,0.0,-1.0,1722417,1.0,7,,0.0,2.0,1.0,A01,138Â 210Â 983,1.0
1009076,201900050607,3,28,17:15,1,2,5,1.0,5.0,91514,JEAN JAURES (DU NÂ°52 AU 131) (AVENUE),M,"48,6734200","2,5299200",91,2019,30.0,1.0,1.0,4.0,2256532,1.0,1,4,1,9.0,,0.0,0,1957.0,B01,138Â 210Â 986,1.0,0.0,-1.0,1722418,3.0,7,,0.0,2.0,1.0,C01,138Â 210Â 985,2.0
1009076,201900050607,3,28,17:15,1,2,5,1.0,5.0,91514,JEAN JAURES (DU NÂ°52 AU 131) (AVENUE),M,"48,6734200","2,5299200",91,2019,30.0,1.0,1.0,4.0,2256532,1.0,1,4,1,9.0,,0.0,0,1957.0,B01,138Â 210Â 986,1.0,0.0,-1.0,1722419,3.0,7,,0.0,2.0,8.0,B01,138Â 210Â 986,1.0
1009077,201900050608,3,30,06:25,2,2,2,1.0,4.0,91027,MITTERAND (AVENUE FRANCOIS) NÂ° 112 A 188,M,"48,7129700","2,3712700",91,2019,50.0,1.0,1.0,2.0,2256533,1.0,1,1,1,5.0,,0.0,0,1991.0,B01,138Â 210Â 980,1.0,0.0,-1.0,1722420,1.0,10,,0.0,2.0,1.0,B01,138Â 210Â 980,0.0
1009077,201900050608,3,30,06:25,2,2,2,1.0,4.0,91027,MITTERAND (AVENUE FRANCOIS) NÂ° 112 A 188,M,"48,7129700","2,3712700",91,2019,50.0,1.0,1.0,2.0,2256533,1.0,1,1,1,5.0,,0.0,0,1991.0,B01,138Â 210Â 980,1.0,0.0,-1.0,1722421,1.0,43,,0.0,2.0,4.0,C01,138Â 210Â 981,0.0
1009077,201900050608,3,30,06:25,2,2,2,1.0,4.0,91027,MITTERAND (AVENUE FRANCOIS) NÂ° 112 A 188,M,"48,7129700","2,3712700",91,2019,50.0,1.0,1.0,2.0,2256533,1.0,1,1,1,5.0,,0.0,0,1991.0,B01,138Â 210Â 980,1.0,0.0,-1.0,1722422,1.0,10,,0.0,2.0,1.0,A01,138Â 210Â 982,0.0
1009077,201900050608,3,30,06:25,2,2,2,1.0,4.0,91027,MITTERAND (AVENUE FRANCOIS) NÂ° 112 A 188,M,"48,7129700","2,3712700",91,2019,50.0,1.0,1.0,2.0,2256534,1.0,1,4,1,1.0,,0.0,0,1972.0,C01,138Â 210Â 981,2.0,6.0,-1.0,1722420,1.0,10,,0.0,2.0,1.0,B01,138Â 210Â 980,0.0
1009077,201900050608,3,30,06:25,2,2,2,1.0,4.0,91027,MITTERAND (AVENUE FRANCOIS) NÂ° 112 A 188,M,"48,7129700","2,3712700",91,2019,50.0,1.0,1.0,2.0,2256534,1.0,1,4,1,1.0,,0.0,0,1972.0,C01,138Â 210Â 981,2.0,6.0,-1.0,1722421,1.0,43,,0.0,2.0,4.0,C01,138Â 210Â 981,0.0
1009077,201900050608,3,30,06:25,2,2,2,1.0,4.0,91027,MITTERAND (AVENUE FRANCOIS) NÂ° 112 A 188,M,"48,7129700","2,3712700",91,2019,50.0,1.0,1.0,2.0,2256534,1.0,1,4,1,1.0,,0.0,0,1972.0,C01,138Â 210Â 981,2.0,6.0,-1.0,1722422,1.0,10,,0.0,2.0,1.0,A01,138Â 210Â 982,0.0
1009077,201900050608,3,30,06:25,2,2,2,1.0,4.0,91027,MITTERAND (AVENUE FRANCOIS) NÂ° 112 A 188,M,"48,7129700","2,3712700",91,2019,50.0,1.0,1.0,2.0,2256535,1.0,1,1,1,5.0,,0.0,0,1998.0,A01,138Â 210Â 982,1.0,0.0,-1.0,1722420,1.0,10,,0.0,2.0,1.0,B01,138Â 210Â 980,0.0
1009077,201900050608,3,30,06:25,2,2,2,1.0,4.0,91027,MITTERAND (AVENUE FRANCOIS) NÂ° 112 A 188,M,"48,7129700","2,3712700",91,2019,50.0,1.0,1.0,2.0,2256535,1.0,1,1,1,5.0,,0.0,0,1998.0,A01,138Â 210Â 982,1.0,0.0,-1.0,1722421,1.0,43,,0.0,2.0,4.0,C01,138Â 210Â 981,0.0
1009077,201900050608,3,30,06:25,2,2,2,1.0,4.0,91027,MITTERAND (AVENUE FRANCOIS) NÂ° 112 A 188,M,"48,7129700","2,3712700",91,2019,50.0,1.0,1.0,2.0,2256535,1.0,1,1,1,5.0,,0.0,0,1998.0,A01,138Â 210Â 982,1.0,0.0,-1.0,1722422,1.0,10,,0.0,2.0,1.0,A01,138Â 210Â 982,0.0
1009078,201900050609,7,14,18:45,1,2,4,1.0,6.0,75112,ESPLANADE SAINT LOUIS,M,"48,8406130","2,4345600",75,2019,50.0,1.0,1.0,4.0,2256536,10.0,3,4,2,9.0,,1.0,3,1947.0,A01,138Â 210Â 984,8.0,0.0,-1.0,1722423,3.0,7,,0.0,1.0,4.0,A01,138Â 210Â 984,1.0
1009078,201900050609,7,14,18:45,1,2,4,1.0,6.0,75112,ESPLANADE SAINT LOUIS,M,"48,8406130","2,4345600",75,2019,50.0,1.0,1.0,4.0,2256537,1.0,1,1,1,9.0,,0.0,0,1983.0,A01,138Â 210Â 984,1.0,0.0,-1.0,1722423,3.0,7,,0.0,1.0,4.0,A01,138Â 210Â 984,1.0
1009079,201900050610,3,28,17:55,1,2,3,1.0,3.0,91333,MOULIN D'AULNAY (ROUTE DU),M,"48,6107700","2,2656900",91,2019,50.0,1.0,1.0,4.0,2256538,1.0,1,4,1,9.0,,-1.0, -1,1984.0,B01,138Â 210Â 978,1.0,0.0,-1.0,1722424,3.0,7,,0.0,2.0,8.0,B01,138Â 210Â 978,0.0
1009079,201900050610,3,28,17:55,1,2,3,1.0,3.0,91333,MOULIN D'AULNAY (ROUTE DU),M,"48,6107700","2,2656900",91,2019,50.0,1.0,1.0,4.0,2256538,1.0,1,4,1,9.0,,-1.0, -1,1984.0,B01,138Â 210Â 978,1.0,0.0,-1.0,1722425,3.0,7,,0.0,2.0,1.0,A01,138Â 210Â 979,0.0
1009079,201900050610,3,28,17:55,1,2,3,1.0,3.0,91333,MOULIN D'AULNAY (ROUTE DU),M,"48,6107700","2,2656900",91,2019,50.0,1.0,1.0,4.0,2256539,1.0,1,1,1,0.0,,-1.0, -1,1986.0,A01,138Â 210Â 979,1.0,8.0,-1.0,1722424,3.0,7,,0.0,2.0,8.0,B01,138Â 210Â 978,0.0
1009079,201900050610,3,28,17:55,1,2,3,1.0,3.0,91333,MOULIN D'AULNAY (ROUTE DU),M,"48,6107700","2,2656900",91,2019,50.0,1.0,1.0,4.0,2256539,1.0,1,1,1,0.0,,-1.0, -1,1986.0,A01,138Â 210Â 979,1.0,8.0,-1.0,1722425,3.0,7,,0.0,2.0,1.0,A01,138Â 210Â 979,0.0
1009080,201900050611,7,13,20:45,1,2,3,1.0,3.0,75112,RUE DE DIJON,M,"48,8356930","2,3860830",75,2019,30.0,1.0,1.0,4.0,2256540,1.0,1,1,2,9.0,,0.0,0,1992.0,B01,138Â 210Â 976,1.0,0.0,-1.0,1722426,3.0,7,,0.0,2.0,2.0,B01,138Â 210Â 976,1.0
1009080,201900050611,7,13,20:45,1,2,3,1.0,3.0,75112,RUE DE DIJON,M,"48,8356930","2,3860830",75,2019,30.0,1.0,1.0,4.0,2256540,1.0,1,1,2,9.0,,0.0,0,1992.0,B01,138Â 210Â 976,1.0,0.0,-1.0,1722427,3.0,34,,0.0,2.0,3.0,A01,138Â 210Â 977,1.0
1009080,201900050611,7,13,20:45,1,2,3,1.0,3.0,75112,RUE DE DIJON,M,"48,8356930","2,3860830",75,2019,30.0,1.0,1.0,4.0,2256541,1.0,1,4,1,9.0,,0.0,0,1999.0,A01,138Â 210Â 977,2.0,6.0,-1.0,1722426,3.0,7,,0.0,2.0,2.0,B01,138Â 210Â 976,1.0
1009080,201900050611,7,13,20:45,1,2,3,1.0,3.0,75112,RUE DE DIJON,M,"48,8356930","2,3860830",75,2019,30.0,1.0,1.0,4.0,2256541,1.0,1,4,1,9.0,,0.0,0,1999.0,A01,138Â 210Â 977,2.0,6.0,-1.0,1722427,3.0,34,,0.0,2.0,3.0,A01,138Â 210Â 977,1.0
1009081,201900050612,7,13,21:15,2,2,2,1.0,3.0,75108,RUE MARBEUF,M,"48,8679610","2,3028320",75,2019,50.0,1.0,1.0,4.0,2256542,1.0,1,1,2,5.0,,0.0,0,1972.0,A01,138Â 210Â 974,1.0,0.0,-1.0,1722428,1.0,7,,0.0,2.0,3.0,A01,138Â 210Â 974,1.0
1009081,201900050612,7,13,21:15,2,2,2,1.0,3.0,75108,RUE MARBEUF,M,"48,8679610","2,3028320",75,2019,50.0,1.0,1.0,4.0,2256542,1.0,1,1,2,5.0,,0.0,0,1972.0,A01,138Â 210Â 974,1.0,0.0,-1.0,1722429,1.0,32,,0.0,2.0,2.0,B01,138Â 210Â 975,1.0
1009081,201900050612,7,13,21:15,2,2,2,1.0,3.0,75108,RUE MARBEUF,M,"48,8679610","2,3028320",75,2019,50.0,1.0,1.0,4.0,2256543,3.0,2,1,1,9.0,,0.0,0,2014.0,A01,138Â 210Â 974,3.0,0.0,-1.0,1722428,1.0,7,,0.0,2.0,3.0,A01,138Â 210Â 974,1.0
1009081,201900050612,7,13,21:15,2,2,2,1.0,3.0,75108,RUE MARBEUF,M,"48,8679610","2,3028320",75,2019,50.0,1.0,1.0,4.0,2256543,3.0,2,1,1,9.0,,0.0,0,2014.0,A01,138Â 210Â 974,3.0,0.0,-1.0,1722429,1.0,32,,0.0,2.0,2.0,B01,138Â 210Â 975,1.0
1009081,201900050612,7,13,21:15,2,2,2,1.0,3.0,75108,RUE MARBEUF,M,"48,8679610","2,3028320",75,2019,50.0,1.0,1.0,4.0,2256544,1.0,1,4,2,4.0,,0.0,0,1963.0,B01,138Â 210Â 975,2.0,6.0,-1.0,1722428,1.0,7,,0.0,2.0,3.0,A01,138Â 210Â 974,1.0
1009081,201900050612,7,13,21:15,2,2,2,1.0,3.0,75108,RUE MARBEUF,M,"48,8679610","2,3028320",75,2019,50.0,1.0,1.0,4.0,2256544,1.0,1,4,2,4.0,,0.0,0,1963.0,B01,138Â 210Â 975,2.0,6.0,-1.0,1722429,1.0,32,,0.0,2.0,2.0,B01,138Â 210Â 975,1.0
1009082,201900050613,3,28,16:00,1,2,1,1.0,2.0,91457,COMMUNE DE PARIS (RUE DE LA),M,"48,5800800","2,2510400",91,2019,50.0,1.0,1.0,4.0,2256545,1.0,1,1,1,4.0,,0.0,0,1999.0,B01,138Â 210Â 971,1.0,8.0,-1.0,1722430,3.0,7,,0.0,2.0,4.0,B01,138Â 210Â 971,0.0
1009082,201900050613,3,28,16:00,1,2,1,1.0,2.0,91457,COMMUNE DE PARIS (RUE DE LA),M,"48,5800800","2,2510400",91,2019,50.0,1.0,1.0,4.0,2256545,1.0,1,1,1,4.0,,0.0,0,1999.0,B01,138Â 210Â 971,1.0,8.0,-1.0,1722431,3.0,34,,0.0,2.0,1.0,A01,138Â 210Â 973,1.0
1009082,201900050613,3,28,16:00,1,2,1,1.0,2.0,91457,COMMUNE DE PARIS (RUE DE LA),M,"48,5800800","2,2510400",91,2019,50.0,1.0,1.0,4.0,2256546,1.0,1,4,1,0.0,,0.0,0,2002.0,A01,138Â 210Â 973,2.0,8.0,-1.0,1722430,3.0,7,,0.0,2.0,4.0,B01,138Â 210Â 971,0.0
1009082,201900050613,3,28,16:00,1,2,1,1.0,2.0,91457,COMMUNE DE PARIS (RUE DE LA),M,"48,5800800","2,2510400",91,2019,50.0,1.0,1.0,4.0,2256546,1.0,1,4,1,0.0,,0.0,0,2002.0,A01,138Â 210Â 973,2.0,8.0,-1.0,1722431,3.0,34,,0.0,2.0,1.0,A01,138Â 210Â 973,1.0
1009083,201900050614,7,14,00:40,5,2,9,1.0,3.0,94078,WINSTON CHURCHILL (AV),M,"48,7544535","2,4471188",94,2019,50.0,1.0,1.0,3.0,2256547,1.0,1,4,1,5.0,,-1.0, -1,1972.0,A01,138Â 210Â 970,1.0,5.0,-1.0,1722432,1.0,7,,0.0,2.0,1.0,A01,138Â 210Â 970,1.0
1009083,201900050614,7,14,00:40,5,2,9,1.0,3.0,94078,WINSTON CHURCHILL (AV),M,"48,7544535","2,4471188",94,2019,50.0,1.0,1.0,3.0,2256547,1.0,1,4,1,5.0,,-1.0, -1,1972.0,A01,138Â 210Â 970,1.0,5.0,-1.0,1722433,1.0,7,,0.0,0.0,0.0,B01,138Â 210Â 972,0.0
1009083,201900050614,7,14,00:40,5,2,9,1.0,3.0,94078,WINSTON CHURCHILL (AV),M,"48,7544535","2,4471188",94,2019,50.0,1.0,1.0,3.0,2256548,1.0,1,1,1,0.0,,-1.0, -1,1995.0,B01,138Â 210Â 972,1.0,0.0,-1.0,1722432,1.0,7,,0.0,2.0,1.0,A01,138Â 210Â 970,1.0
1009083,201900050614,7,14,00:40,5,2,9,1.0,3.0,94078,WINSTON CHURCHILL (AV),M,"48,7544535","2,4471188",94,2019,50.0,1.0,1.0,3.0,2256548,1.0,1,1,1,0.0,,-1.0, -1,1995.0,B01,138Â 210Â 972,1.0,0.0,-1.0,1722433,1.0,7,,0.0,0.0,0.0,B01,138Â 210Â 972,0.0
1009084,201900050615,7,13,00:45,5,2,1,1.0,1.0,94017,ROGER SALENGRO (AV),M,"48,8165000","2,5006300",94,2019,50.0,1.0,1.0,3.0,2256549,2.0,2,1,1,0.0,,-1.0,0,1996.0,A01,138Â 210Â 966,1.0,0.0,-1.0,1722434,2.0,7,,0.0,2.0,1.0,A01,138Â 210Â 966,0.0
1009084,201900050615,7,13,00:45,5,2,1,1.0,1.0,94017,ROGER SALENGRO (AV),M,"48,8165000","2,5006300",94,2019,50.0,1.0,1.0,3.0,2256549,2.0,2,1,1,0.0,,-1.0,0,1996.0,A01,138Â 210Â 966,1.0,0.0,-1.0,1722435,1.0,33,,0.0,2.0,9.0,B01,138Â 210Â 968,0.0
1009084,201900050615,7,13,00:45,5,2,1,1.0,1.0,94017,ROGER SALENGRO (AV),M,"48,8165000","2,5006300",94,2019,50.0,1.0,1.0,3.0,2256550,1.0,1,1,1,5.0,,-1.0,0,1996.0,A01,138Â 210Â 966,1.0,0.0,-1.0,1722434,2.0,7,,0.0,2.0,1.0,A01,138Â 210Â 966,0.0
1009084,201900050615,7,13,00:45,5,2,1,1.0,1.0,94017,ROGER SALENGRO (AV),M,"48,8165000","2,5006300",94,2019,50.0,1.0,1.0,3.0,2256550,1.0,1,1,1,5.0,,-1.0,0,1996.0,A01,138Â 210Â 966,1.0,0.0,-1.0,1722435,1.0,33,,0.0,2.0,9.0,B01,138Â 210Â 968,0.0
1009084,201900050615,7,13,00:45,5,2,1,1.0,1.0,94017,ROGER SALENGRO (AV),M,"48,8165000","2,5006300",94,2019,50.0,1.0,1.0,3.0,2256551,1.0,1,3,1,5.0,,-1.0,0,1979.0,B01,138Â 210Â 968,2.0,6.0,-1.0,1722434,2.0,7,,0.0,2.0,1.0,A01,138Â 210Â 966,0.0
1009084,201900050615,7,13,00:45,5,2,1,1.0,1.0,94017,ROGER SALENGRO (AV),M,"48,8165000","2,5006300",94,2019,50.0,1.0,1.0,3.0,2256551,1.0,1,3,1,5.0,,-1.0,0,1979.0,B01,138Â 210Â 968,2.0,6.0,-1.0,1722435,1.0,33,,0.0,2.0,9.0,B01,138Â 210Â 968,0.0
1009085,201900050616,3,29,06:43,5,2,1,1.0,6.0,87085,BARBES (RUE ARMAND),M,"45,8362700","1,2623600",87,2019,10.0,1.0,1.0,4.0,2256552,10.0,3,3,1,5.0,,5.0,9,1998.0,A01,138Â 210Â 967,8.0,0.0,-1.0,1722436,0.0,7,,0.0,1.0,1.0,A01,138Â 210Â 967,1.0
1009085,201900050616,3,29,06:43,5,2,1,1.0,6.0,87085,BARBES (RUE ARMAND),M,"45,8362700","1,2623600",87,2019,10.0,1.0,1.0,4.0,2256553,1.0,1,1,1,1.0,,0.0,0,1966.0,A01,138Â 210Â 967,1.0,0.0,-1.0,1722436,0.0,7,,0.0,1.0,1.0,A01,138Â 210Â 967,1.0
1009086,201900050617,7,13,19:00,1,2,1,1.0,3.0,94044,GABRIEL PERI (AV),M,"48,7541400","2,4849200",94,2019,50.0,1.0,1.0,3.0,2256554,1.0,1,1,1,5.0,,-1.0, -1,1967.0,A01,138Â 210Â 964,1.0,0.0,-1.0,1722437,1.0,7,,0.0,2.0,8.0,A01,138Â 210Â 964,1.0
1009086,201900050617,7,13,19:00,1,2,1,1.0,3.0,94044,GABRIEL PERI (AV),M,"48,7541400","2,4849200",94,2019,50.0,1.0,1.0,3.0,2256554,1.0,1,1,1,5.0,,-1.0, -1,1967.0,A01,138Â 210Â 964,1.0,0.0,-1.0,1722438,1.0,34,,0.0,2.0,1.0,B01,138Â 210Â 965,1.0
1009086,201900050617,7,13,19:00,1,2,1,1.0,3.0,94044,GABRIEL PERI (AV),M,"48,7541400","2,4849200",94,2019,50.0,1.0,1.0,3.0,2256555,1.0,1,4,1,5.0,,-1.0, -1,1971.0,B01,138Â 210Â 965,2.0,0.0,-1.0,1722437,1.0,7,,0.0,2.0,8.0,A01,138Â 210Â 964,1.0
1009086,201900050617,7,13,19:00,1,2,1,1.0,3.0,94044,GABRIEL PERI (AV),M,"48,7541400","2,4849200",94,2019,50.0,1.0,1.0,3.0,2256555,1.0,1,4,1,5.0,,-1.0, -1,1971.0,B01,138Â 210Â 965,2.0,0.0,-1.0,1722438,1.0,34,,0.0,2.0,1.0,B01,138Â 210Â 965,1.0
1009087,201900050618,3,27,08:37,1,2,1,1.0,6.0,86194,IASSY (AVENUE DE),M,"46,5711494","0,3922784",86,2019,50.0,1.0,1.0,4.0,2256556,10.0,3,4,2,2.0,,3.0,3,2001.0,A01,138Â 210Â 963,8.0,0.0,-1.0,1722439,1.0,7,,0.0,1.0,1.0,A01,138Â 210Â 963,0.0
1009087,201900050618,3,27,08:37,1,2,1,1.0,6.0,86194,IASSY (AVENUE DE),M,"46,5711494","0,3922784",86,2019,50.0,1.0,1.0,4.0,2256557,1.0,1,1,1,9.0,,0.0,0,1946.0,A01,138Â 210Â 963,1.0,8.0,-1.0,1722439,1.0,7,,0.0,1.0,1.0,A01,138Â 210Â 963,0.0
1009088,201900050619,3,19,16:40,1,1,1,1.0,2.0,86066,GRENADIER FRANCAIS (RUE DU),M,"46,8195479","0,5737031",86,2019,80.0,1.0,1.0,3.0,2256558,1.0,1,3,1,4.0,,-1.0,0,1953.0,B01,138Â 210Â 960,1.0,0.0,-1.0,1722440,3.0,7,,0.0,2.0,4.0,B01,138Â 210Â 960,1.0
1009088,201900050619,3,19,16:40,1,1,1,1.0,2.0,86066,GRENADIER FRANCAIS (RUE DU),M,"46,8195479","0,5737031",86,2019,80.0,1.0,1.0,3.0,2256558,1.0,1,3,1,4.0,,-1.0,0,1953.0,B01,138Â 210Â 960,1.0,0.0,-1.0,1722441,3.0,13,,0.0,2.0,1.0,A01,138Â 210Â 961,1.0
1009088,201900050619,3,19,16:40,1,1,1,1.0,2.0,86066,GRENADIER FRANCAIS (RUE DU),M,"46,8195479","0,5737031",86,2019,80.0,1.0,1.0,3.0,2256559,1.0,1,1,1,4.0,,-1.0,0,1984.0,A01,138Â 210Â 961,1.0,0.0,-1.0,1722440,3.0,7,,0.0,2.0,4.0,B01,138Â 210Â 960,1.0
1009088,201900050619,3,19,16:40,1,1,1,1.0,2.0,86066,GRENADIER FRANCAIS (RUE DU),M,"46,8195479","0,5737031",86,2019,80.0,1.0,1.0,3.0,2256559,1.0,1,1,1,4.0,,-1.0,0,1984.0,A01,138Â 210Â 961,1.0,0.0,-1.0,1722441,3.0,13,,0.0,2.0,1.0,A01,138Â 210Â 961,1.0
1009089,201900050620,3,28,18:45,1,1,1,1.0,7.0,30011,R.N. 100,M,"43,9495300","4,7851100",30,2019,90.0,1.0,1.0,3.0,2256560,1.0,1,3,1,9.0,,-1.0,0,1963.0,A01,138Â 210Â 957,1.0,0.0,-1.0,1722442,3.0,7,,2.0,0.0,1.0,A01,138Â 210Â 957,1.0
1009090,201900050621,7,14,08:00,1,2,1,1.0,2.0,92032,LECLERC GENERAL (AVENUE DU),M,"48,7929200","2,2806630",92,2019,50.0,1.0,1.0,4.0,2256561,1.0,1,4,1,0.0,,-1.0,0,1997.0,A01,138Â 210Â 959,8.0,0.0,-1.0,1722443,2.0,1,,0.0,2.0,1.0,A01,138Â 210Â 959,5.0
1009090,201900050621,7,14,08:00,1,2,1,1.0,2.0,92032,LECLERC GENERAL (AVENUE DU),M,"48,7929200","2,2806630",92,2019,50.0,1.0,1.0,4.0,2256561,1.0,1,4,1,0.0,,-1.0,0,1997.0,A01,138Â 210Â 959,8.0,0.0,-1.0,1722444,2.0,37,1.0,0.0,6.0,6.0,B01,138Â 210Â 962,1.0
1009090,201900050621,7,14,08:00,1,2,1,1.0,2.0,92032,LECLERC GENERAL (AVENUE DU),M,"48,7929200","2,2806630",92,2019,50.0,1.0,1.0,4.0,2256562,1.0,1,1,1,4.0,,-1.0,0,1981.0,B01,138Â 210Â 962,1.0,0.0,-1.0,1722443,2.0,1,,0.0,2.0,1.0,A01,138Â 210Â 959,5.0
1009090,201900050621,7,14,08:00,1,2,1,1.0,2.0,92032,LECLERC GENERAL (AVENUE DU),M,"48,7929200","2,2806630",92,2019,50.0,1.0,1.0,4.0,2256562,1.0,1,1,1,4.0,,-1.0,0,1981.0,B01,138Â 210Â 962,1.0,0.0,-1.0,1722444,2.0,37,1.0,0.0,6.0,6.0,B01,138Â 210Â 962,1.0
1009091,201900050622,3,29,13:15,1,2,9,1.0,3.0,83090,SANARY (ROUTE DE),M,"43,1266100","5,8389500",83,2019,50.0,1.0,8.0,4.0,2256563,2.0,2,4,2,0.0,,-1.0, -1,1957.0,B01,138Â 210Â 955,1.0,0.0,-1.0,1722445,3.0,7,,0.0,2.0,3.0,B01,138Â 210Â 955,1.0
1009091,201900050622,3,29,13:15,1,2,9,1.0,3.0,83090,SANARY (ROUTE DE),M,"43,1266100","5,8389500",83,2019,50.0,1.0,8.0,4.0,2256563,2.0,2,4,2,0.0,,-1.0, -1,1957.0,B01,138Â 210Â 955,1.0,0.0,-1.0,1722446,3.0,10,,0.0,2.0,3.0,A01,138Â 210Â 956,1.0
1009091,201900050622,3,29,13:15,1,2,9,1.0,3.0,83090,SANARY (ROUTE DE),M,"43,1266100","5,8389500",83,2019,50.0,1.0,8.0,4.0,2256564,1.0,1,4,2,0.0,,-1.0, -1,1979.0,B01,138Â 210Â 955,1.0,8.0,-1.0,1722445,3.0,7,,0.0,2.0,3.0,B01,138Â 210Â 955,1.0