Unnamed: 0_x,num_acc,mois,jour,hrmn,lum,agg,int,atm,col,com,adr,gps,lat,long,dep,annee,vma,situ,surf,catr,Unnamed: 0_y,place,catu,grav,sexe,trajet,secu,locp,actp,an_nais,num_veh_x,id_vehicule_x,secu1,secu2,secu3,Unnamed: 0,senc,catv,occutc,obs,obsm,choc,num_veh_y,id_vehicule_y,motor
1009091,201900050622,3,29,13:15,1,2,9,1.0,3.0,83090,SANARY (ROUTE DE),M,"43,1266100","5,8389500",83,2019,50.0,1.0,8.0,4.0,2256564,1.0,1,4,2,0.0,,-1.0, -1,1979.0,B01,138Â 210Â 955,1.0,8.0,-1.0,1722446,3.0,10,,0.0,2.0,3.0,A01,138Â 210Â 956,1.0
1009091,201900050622,3,29,13:15,1,2,9,1.0,3.0,83090,SANARY (ROUTE DE),M,"43,1266100","5,8389500",83,2019,50.0,1.0,8.0,4.0,2256565,1.0,1,1,1,4.0,,-1.0, -1,1977.0,A01,138Â 210Â 956,1.0,0.0,-1.0,1722445,3.0,7,,0.0,2.0,3.0,B01,138Â 210Â 955,1.0
1009091,201900050622,3,29,13:15,1,2,9,1.0,3.0,83090,SANARY (ROUTE DE),M,"43,1266100","5,8389500",83,2019,50.0,1.0,8.0,4.0,2256565,1.0,1,1,1,4.0,,-1.0, -1,1977.0,A01,138Â 210Â 956,1.0,0.0,-1.0,1722446,3.0,10,,0.0,2.0,3.0,A01,138Â 210Â 956,1.0
1009092,201900050623,3,29,07:15,2,2,1,1.0,3.0,83129,MASCOTTE (AVENUE DE LA) NÂ° IMPAIRS,M,"43,0898100","5,8443400",83,2019,50.0,1.0,1.0,4.0,2256566,1.0,1,4,1,1.0,,-1.0, -1,1994.0,B01,138Â 210Â 952,2.0,8.0,-1.0,1722447,2.0,33,,0.0,2.0,7.0,B01,138Â 210Â 952,1.0
1009092,201900050623,3,29,07:15,2,2,1,1.0,3.0,83129,MASCOTTE (AVENUE DE LA) NÂ° IMPAIRS,M,"43,0898100","5,8443400",83,2019,50.0,1.0,1.0,4.0,2256566,1.0,1,4,1,1.0,,-1.0, -1,1994.0,B01,138Â 210Â 952,2.0,8.0,-1.0,1722448,2.0,7,,0.0,2.0,4.0,A01,138Â 210Â 953,0.0
1009093,201900050624,7,14,05:30,2,2,3,1.0,3.0,92002,ARMAND GUILLEBAUD (AVENUE),M,"48,7486287","2,3074054",92,2019,50.0,1.0,1.0,3.0,2256567,1.0,1,3,1,0.0,,-1.0,0,1989.0,A01,138Â 210Â 954,2.0,8.0,-1.0,1722449,1.0,10,,0.0,2.0,3.0,Z01,138Â 210Â 951,0.0
1009093,201900050624,7,14,05:30,2,2,3,1.0,3.0,92002,ARMAND GUILLEBAUD (AVENUE),M,"48,7486287","2,3074054",92,2019,50.0,1.0,1.0,3.0,2256567,1.0,1,3,1,0.0,,-1.0,0,1989.0,A01,138Â 210Â 954,2.0,8.0,-1.0,1722450,1.0,31,,0.0,2.0,1.0,A01,138Â 210Â 954,1.0
1009094,201900050625,3,7,11:10,1,2,7,1.0,6.0,83050,MIREUR(RUE FREDERIC),M,"43,5389700","6,4643300",83,2019,30.0,1.0,1.0,4.0,2256568,10.0,3,3,2,0.0,,1.0,3,1996.0,A01,138Â 210Â 950,8.0,0.0,-1.0,1722451,1.0,7,,0.0,1.0,4.0,A01,138Â 210Â 950,0.0
1009094,201900050625,3,7,11:10,1,2,7,1.0,6.0,83050,MIREUR(RUE FREDERIC),M,"43,5389700","6,4643300",83,2019,30.0,1.0,1.0,4.0,2256569,1.0,1,1,1,0.0,,-1.0, -1,1984.0,A01,138Â 210Â 950,8.0,0.0,-1.0,1722451,1.0,7,,0.0,1.0,4.0,A01,138Â 210Â 950,0.0
1009094,201900050625,3,7,11:10,1,2,7,1.0,6.0,83050,MIREUR(RUE FREDERIC),M,"43,5389700","6,4643300",83,2019,30.0,1.0,1.0,4.0,2256570,10.0,3,3,1,0.0,,1.0,9,2017.0,A01,138Â 210Â 950,8.0,0.0,-1.0,1722451,1.0,7,,0.0,1.0,4.0,A01,138Â 210Â 950,0.0
1009095,201900050626,7,14,12:10,1,1,1,1.0,2.0,22021,Rue de Dinan,M,"48,3925740"," -2,1266970",22,2019,80.0,1.0,1.0,3.0,2256571,1.0,1,3,1,5.0,,0.0,0,1968.0,B01,138Â 210Â 948,2.0,-1.0,-1.0,1722452,2.0,1,,0.0,0.0,4.0,B01,138Â 210Â 948,5.0
1009095,201900050626,7,14,12:10,1,1,1,1.0,2.0,22021,Rue de Dinan,M,"48,3925740"," -2,1266970",22,2019,80.0,1.0,1.0,3.0,2256571,1.0,1,3,1,5.0,,0.0,0,1968.0,B01,138Â 210Â 948,2.0,-1.0,-1.0,1722453,2.0,7,,0.0,9.0,2.0,A01,138Â 210Â 949,1.0
1009095,201900050626,7,14,12:10,1,1,1,1.0,2.0,22021,Rue de Dinan,M,"48,3925740"," -2,1266970",22,2019,80.0,1.0,1.0,3.0,2256572,1.0,1,1,1,0.0,,0.0,0,1937.0,A01,138Â 210Â 949,1.0,-1.0,-1.0,1722452,2.0,1,,0.0,0.0,4.0,B01,138Â 210Â 948,5.0
1009095,201900050626,7,14,12:10,1,1,1,1.0,2.0,22021,Rue de Dinan,M,"48,3925740"," -2,1266970",22,2019,80.0,1.0,1.0,3.0,2256572,1.0,1,1,1,0.0,,0.0,0,1937.0,A01,138Â 210Â 949,1.0,-1.0,-1.0,1722453,2.0,7,,0.0,9.0,2.0,A01,138Â 210Â 949,1.0
1009096,201900050627,7,13,20:15,1,1,1,1.0,1.0,37123,D15,M,"47,3414730","0,4066240",37,2019,-1.0,1.0,1.0,3.0,2256573,2.0,2,4,1,5.0,,0.0,0,2000.0,A01,138Â 210Â 944,1.0,-1.0,-1.0,1722454,0.0,7,,0.0,2.0,3.0,A01,138Â 210Â 944,1.0
1009096,201900050627,7,13,20:15,1,1,1,1.0,1.0,37123,D15,M,"47,3414730","0,4066240",37,2019,-1.0,1.0,1.0,3.0,2256573,2.0,2,4,1,5.0,,0.0,0,2000.0,A01,138Â 210Â 944,1.0,-1.0,-1.0,1722455,0.0,10,,0.0,2.0,3.0,B01,138Â 210Â 945,1.0
1009096,201900050627,7,13,20:15,1,1,1,1.0,1.0,37123,D15,M,"47,3414730","0,4066240",37,2019,-1.0,1.0,1.0,3.0,2256574,1.0,1,4,1,5.0,,0.0,0,1998.0,A01,138Â 210Â 944,1.0,-1.0,-1.0,1722454,0.0,7,,0.0,2.0,3.0,A01,138Â 210Â 944,1.0
1009096,201900050627,7,13,20:15,1,1,1,1.0,1.0,37123,D15,M,"47,3414730","0,4066240",37,2019,-1.0,1.0,1.0,3.0,2256574,1.0,1,4,1,5.0,,0.0,0,1998.0,A01,138Â 210Â 944,1.0,-1.0,-1.0,1722455,0.0,10,,0.0,2.0,3.0,B01,138Â 210Â 945,1.0
1009096,201900050627,7,13,20:15,1,1,1,1.0,1.0,37123,D15,M,"47,3414730","0,4066240",37,2019,-1.0,1.0,1.0,3.0,2256575,5.0,2,4,1,5.0,,0.0,0,2000.0,A01,138Â 210Â 944,0.0,-1.0,-1.0,1722454,0.0,7,,0.0,2.0,3.0,A01,138Â 210Â 944,1.0
1009096,201900050627,7,13,20:15,1,1,1,1.0,1.0,37123,D15,M,"47,3414730","0,4066240",37,2019,-1.0,1.0,1.0,3.0,2256575,5.0,2,4,1,5.0,,0.0,0,2000.0,A01,138Â 210Â 944,0.0,-1.0,-1.0,1722455,0.0,10,,0.0,2.0,3.0,B01,138Â 210Â 945,1.0
1009096,201900050627,7,13,20:15,1,1,1,1.0,1.0,37123,D15,M,"47,3414730","0,4066240",37,2019,-1.0,1.0,1.0,3.0,2256576,1.0,1,1,1,5.0,,0.0,0,1980.0,B01,138Â 210Â 945,1.0,-1.0,-1.0,1722454,0.0,7,,0.0,2.0,3.0,A01,138Â 210Â 944,1.0
1009096,201900050627,7,13,20:15,1,1,1,1.0,1.0,37123,D15,M,"47,3414730","0,4066240",37,2019,-1.0,1.0,1.0,3.0,2256576,1.0,1,1,1,5.0,,0.0,0,1980.0,B01,138Â 210Â 945,1.0,-1.0,-1.0,1722455,0.0,10,,0.0,2.0,3.0,B01,138Â 210Â 945,1.0
1009097,201900050628,3,29,18:10,1,2,1,1.0,3.0,82033,TOURNESOLS (ALL DES) ,M,"44,0554100","1,1048500",82,2019,50.0,1.0,1.0,4.0,2256577,1.0,1,1,1,5.0,,0.0,0,1961.0,A01,138Â 210Â 946,1.0,8.0,-1.0,1722456,2.0,7,,0.0,2.0,6.0,A01,138Â 210Â 946,1.0
1009097,201900050628,3,29,18:10,1,2,1,1.0,3.0,82033,TOURNESOLS (ALL DES) ,M,"44,0554100","1,1048500",82,2019,50.0,1.0,1.0,4.0,2256577,1.0,1,1,1,5.0,,0.0,0,1961.0,A01,138Â 210Â 946,1.0,8.0,-1.0,1722457,2.0,2,,0.0,2.0,1.0,B01,138Â 210Â 947,1.0
1009097,201900050628,3,29,18:10,1,2,1,1.0,3.0,82033,TOURNESOLS (ALL DES) ,M,"44,0554100","1,1048500",82,2019,50.0,1.0,1.0,4.0,2256578,1.0,1,3,1,3.0,,0.0,0,2002.0,B01,138Â 210Â 947,2.0,8.0,-1.0,1722456,2.0,7,,0.0,2.0,6.0,A01,138Â 210Â 946,1.0
1009097,201900050628,3,29,18:10,1,2,1,1.0,3.0,82033,TOURNESOLS (ALL DES) ,M,"44,0554100","1,1048500",82,2019,50.0,1.0,1.0,4.0,2256578,1.0,1,3,1,3.0,,0.0,0,2002.0,B01,138Â 210Â 947,2.0,8.0,-1.0,1722457,2.0,2,,0.0,2.0,1.0,B01,138Â 210Â 947,1.0
1009098,201900050629,7,14,19:15,1,1,1,7.0,3.0,43027,D561,M,"45,2930480","3,5961320",43,2019,80.0,1.0,1.0,3.0,2256579,1.0,1,1,2,1.0,,0.0,0,1991.0,A01,138Â 210Â 942,1.0,-1.0,-1.0,1722458,2.0,7,,0.0,0.0,8.0,A01,138Â 210Â 942,1.0
1009098,201900050629,7,14,19:15,1,1,1,7.0,3.0,43027,D561,M,"45,2930480","3,5961320",43,2019,80.0,1.0,1.0,3.0,2256579,1.0,1,1,2,1.0,,0.0,0,1991.0,A01,138Â 210Â 942,1.0,-1.0,-1.0,1722459,1.0,2,,0.0,0.0,3.0,B01,138Â 210Â 943,1.0
1009098,201900050629,7,14,19:15,1,1,1,7.0,3.0,43027,D561,M,"45,2930480","3,5961320",43,2019,80.0,1.0,1.0,3.0,2256580,1.0,1,3,1,1.0,,0.0,0,1983.0,B01,138Â 210Â 943,2.0,6.0,-1.0,1722458,2.0,7,,0.0,0.0,8.0,A01,138Â 210Â 942,1.0
1009098,201900050629,7,14,19:15,1,1,1,7.0,3.0,43027,D561,M,"45,2930480","3,5961320",43,2019,80.0,1.0,1.0,3.0,2256580,1.0,1,3,1,1.0,,0.0,0,1983.0,B01,138Â 210Â 943,2.0,6.0,-1.0,1722459,1.0,2,,0.0,0.0,3.0,B01,138Â 210Â 943,1.0
1009099,201900050630,6,17,13:16,1,1,1,1.0,3.0,84069,Rocher du Portail St Jean,M,"44,1607070","5,1468720",84,2019,70.0,1.0,1.0,3.0,2256581,1.0,1,1,1,5.0,,0.0,0,1942.0,B01,138Â 210Â 939,1.0,-1.0,-1.0,1722460,1.0,7,,0.0,9.0,3.0,B01,138Â 210Â 939,1.0
1009099,201900050630,6,17,13:16,1,1,1,1.0,3.0,84069,Rocher du Portail St Jean,M,"44,1607070","5,1468720",84,2019,70.0,1.0,1.0,3.0,2256581,1.0,1,1,1,5.0,,0.0,0,1942.0,B01,138Â 210Â 939,1.0,-1.0,-1.0,1722461,1.0,1,,0.0,2.0,3.0,A01,138Â 210Â 940,5.0
1009099,201900050630,6,17,13:16,1,1,1,1.0,3.0,84069,Rocher du Portail St Jean,M,"44,1607070","5,1468720",84,2019,70.0,1.0,1.0,3.0,2256582,1.0,1,3,1,0.0,,0.0,0,1973.0,A01,138Â 210Â 940,2.0,-1.0,-1.0,1722460,1.0,7,,0.0,9.0,3.0,B01,138Â 210Â 939,1.0
1009099,201900050630,6,17,13:16,1,1,1,1.0,3.0,84069,Rocher du Portail St Jean,M,"44,1607070","5,1468720",84,2019,70.0,1.0,1.0,3.0,2256582,1.0,1,3,1,0.0,,0.0,0,1973.0,A01,138Â 210Â 940,2.0,-1.0,-1.0,1722461,1.0,1,,0.0,2.0,3.0,A01,138Â 210Â 940,5.0
1009100,201900050631,3,30,13:10,1,2,1,7.0,3.0,81004,LATTRE DE TASSIGNY (AV DE),M,"43,9306291","2,1612757",81,2019,50.0,1.0,1.0,4.0,2256583,1.0,1,4,2,5.0,,0.0,0,1966.0,B01,138Â 210Â 938,2.0,8.0,-1.0,1722462,1.0,2,,0.0,2.0,8.0,B01,138Â 210Â 938,1.0
1009100,201900050631,3,30,13:10,1,2,1,7.0,3.0,81004,LATTRE DE TASSIGNY (AV DE),M,"43,9306291","2,1612757",81,2019,50.0,1.0,1.0,4.0,2256583,1.0,1,4,2,5.0,,0.0,0,1966.0,B01,138Â 210Â 938,2.0,8.0,-1.0,1722463,1.0,10,,0.0,2.0,1.0,A01,138Â 210Â 941,1.0
1009100,201900050631,3,30,13:10,1,2,1,7.0,3.0,81004,LATTRE DE TASSIGNY (AV DE),M,"43,9306291","2,1612757",81,2019,50.0,1.0,1.0,4.0,2256584,1.0,1,1,2,5.0,,0.0,0,1938.0,A01,138Â 210Â 941,1.0,8.0,-1.0,1722462,1.0,2,,0.0,2.0,8.0,B01,138Â 210Â 938,1.0
1009100,201900050631,3,30,13:10,1,2,1,7.0,3.0,81004,LATTRE DE TASSIGNY (AV DE),M,"43,9306291","2,1612757",81,2019,50.0,1.0,1.0,4.0,2256584,1.0,1,1,2,5.0,,0.0,0,1938.0,A01,138Â 210Â 941,1.0,8.0,-1.0,1722463,1.0,10,,0.0,2.0,1.0,A01,138Â 210Â 941,1.0
1009101,201900050632,7,11,20:15,2,1,2,1.0,3.0,28224,D955,M,"48,0550840","1,4084850",28,2019,80.0,1.0,1.0,3.0,2256585,1.0,1,1,1,4.0,,0.0,0,1969.0,A01,138Â 210Â 936,8.0,-1.0,-1.0,1722464,2.0,10,,0.0,2.0,5.0,A01,138Â 210Â 936,1.0
1009101,201900050632,7,11,20:15,2,1,2,1.0,3.0,28224,D955,M,"48,0550840","1,4084850",28,2019,80.0,1.0,1.0,3.0,2256585,1.0,1,1,1,4.0,,0.0,0,1969.0,A01,138Â 210Â 936,8.0,-1.0,-1.0,1722465,1.0,7,,0.0,2.0,1.0,B01,138Â 210Â 937,1.0
1009101,201900050632,7,11,20:15,2,1,2,1.0,3.0,28224,D955,M,"48,0550840","1,4084850",28,2019,80.0,1.0,1.0,3.0,2256586,1.0,1,3,2,5.0,,0.0,0,1996.0,B01,138Â 210Â 937,1.0,-1.0,-1.0,1722464,2.0,10,,0.0,2.0,5.0,A01,138Â 210Â 936,1.0
1009101,201900050632,7,11,20:15,2,1,2,1.0,3.0,28224,D955,M,"48,0550840","1,4084850",28,2019,80.0,1.0,1.0,3.0,2256586,1.0,1,3,2,5.0,,0.0,0,1996.0,B01,138Â 210Â 937,1.0,-1.0,-1.0,1722465,1.0,7,,0.0,2.0,1.0,B01,138Â 210Â 937,1.0
1009102,201900050633,7,11,16:50,1,1,1,1.0,6.0,28358,route dÃ©partementale 906,M,"48,5089920","1,5121260",28,2019,80.0,3.0,1.0,3.0,2256587,1.0,1,3,1,0.0,,0.0,0,1992.0,A01,138Â 210Â 933,1.0,-1.0,-1.0,1722466,2.0,7,,0.0,0.0,0.0,A01,138Â 210Â 933,1.0
1009103,201900050634,3,28,17:30,1,2,2,1.0,3.0,79191,Rue des Colombes,M,"46,3283600"," -0,4228700",79,2019,50.0,1.0,1.0,4.0,2256588,1.0,1,1,1,2.0,,-1.0, -1,1972.0,A01,138Â 210Â 931,1.0,0.0,-1.0,1722467,1.0,7,,0.0,2.0,3.0,A01,138Â 210Â 931,1.0
1009103,201900050634,3,28,17:30,1,2,2,1.0,3.0,79191,Rue des Colombes,M,"46,3283600"," -0,4228700",79,2019,50.0,1.0,1.0,4.0,2256588,1.0,1,1,1,2.0,,-1.0, -1,1972.0,A01,138Â 210Â 931,1.0,0.0,-1.0,1722468,2.0,80,,0.0,2.0,1.0,B01,138Â 210Â 932,3.0
1009103,201900050634,3,28,17:30,1,2,2,1.0,3.0,79191,Rue des Colombes,M,"46,3283600"," -0,4228700",79,2019,50.0,1.0,1.0,4.0,2256589,1.0,1,3,1,5.0,,-1.0,0,1942.0,B01,138Â 210Â 932,9.0,8.0,-1.0,1722467,1.0,7,,0.0,2.0,3.0,A01,138Â 210Â 931,1.0
1009103,201900050634,3,28,17:30,1,2,2,1.0,3.0,79191,Rue des Colombes,M,"46,3283600"," -0,4228700",79,2019,50.0,1.0,1.0,4.0,2256589,1.0,1,3,1,5.0,,-1.0,0,1942.0,B01,138Â 210Â 932,9.0,8.0,-1.0,1722468,2.0,80,,0.0,2.0,1.0,B01,138Â 210Â 932,3.0
1009104,201900050635,7,10,12:30,1,2,2,1.0,3.0,38337,Rue Assia Djebar,M,"45,3442310","5,4965460",38,2019,80.0,1.0,1.0,3.0,2256590,1.0,1,3,1,1.0,,0.0,0,1962.0,B01,138Â 210Â 929,2.0,-1.0,-1.0,1722469,1.0,33,,0.0,2.0,1.0,B01,138Â 210Â 929,1.0
1009104,201900050635,7,10,12:30,1,2,2,1.0,3.0,38337,Rue Assia Djebar,M,"45,3442310","5,4965460",38,2019,80.0,1.0,1.0,3.0,2256590,1.0,1,3,1,1.0,,0.0,0,1962.0,B01,138Â 210Â 929,2.0,-1.0,-1.0,1722470,2.0,7,,0.0,0.0,7.0,A01,138Â 210Â 930,1.0
1009104,201900050635,7,10,12:30,1,2,2,1.0,3.0,38337,Rue Assia Djebar,M,"45,3442310","5,4965460",38,2019,80.0,1.0,1.0,3.0,2256591,1.0,1,1,1,5.0,,0.0,0,1989.0,A01,138Â 210Â 930,1.0,-1.0,-1.0,1722469,1.0,33,,0.0,2.0,1.0,B01,138Â 210Â 929,1.0
1009104,201900050635,7,10,12:30,1,2,2,1.0,3.0,38337,Rue Assia Djebar,M,"45,3442310","5,4965460",38,2019,80.0,1.0,1.0,3.0,2256591,1.0,1,1,1,5.0,,0.0,0,1989.0,A01,138Â 210Â 930,1.0,-1.0,-1.0,1722470,2.0,7,,0.0,0.0,7.0,A01,138Â 210Â 930,1.0
1009105,201900050636,7,14,20:13,2,1,1,1.0,2.0,12291,A 75 pk 207+200,M,"44,1947940","3,0634010",12,2019,130.0,1.0,1.0,1.0,2256592,1.0,1,3,2,5.0,,0.0,0,1947.0,B01,138Â 210Â 925,1.0,-1.0,-1.0,1722471,2.0,7,,0.0,0.0,4.0,B01,138Â 210Â 925,0.0
1009105,201900050636,7,14,20:13,2,1,1,1.0,2.0,12291,A 75 pk 207+200,M,"44,1947940","3,0634010",12,2019,130.0,1.0,1.0,1.0,2256592,1.0,1,3,2,5.0,,0.0,0,1947.0,B01,138Â 210Â 925,1.0,-1.0,-1.0,1722472,2.0,7,,0.0,2.0,1.0,A01,138Â 210Â 926,0.0
1009105,201900050636,7,14,20:13,2,1,1,1.0,2.0,12291,A 75 pk 207+200,M,"44,1947940","3,0634010",12,2019,130.0,1.0,1.0,1.0,2256593,9.0,2,1,2,1.0,,0.0,0,1999.0,A01,138Â 210Â 926,1.0,-1.0,-1.0,1722471,2.0,7,,0.0,0.0,4.0,B01,138Â 210Â 925,0.0
1009105,201900050636,7,14,20:13,2,1,1,1.0,2.0,12291,A 75 pk 207+200,M,"44,1947940","3,0634010",12,2019,130.0,1.0,1.0,1.0,2256593,9.0,2,1,2,1.0,,0.0,0,1999.0,A01,138Â 210Â 926,1.0,-1.0,-1.0,1722472,2.0,7,,0.0,2.0,1.0,A01,138Â 210Â 926,0.0
1009105,201900050636,7,14,20:13,2,1,1,1.0,2.0,12291,A 75 pk 207+200,M,"44,1947940","3,0634010",12,2019,130.0,1.0,1.0,1.0,2256594,2.0,2,1,1,1.0,,0.0,0,1998.0,A01,138Â 210Â 926,1.0,-1.0,-1.0,1722471,2.0,7,,0.0,0.0,4.0,B01,138Â 210Â 925,0.0
1009105,201900050636,7,14,20:13,2,1,1,1.0,2.0,12291,A 75 pk 207+200,M,"44,1947940","3,0634010",12,2019,130.0,1.0,1.0,1.0,2256594,2.0,2,1,1,1.0,,0.0,0,1998.0,A01,138Â 210Â 926,1.0,-1.0,-1.0,1722472,2.0,7,,0.0,2.0,1.0,A01,138Â 210Â 926,0.0
1009105,201900050636,7,14,20:13,2,1,1,1.0,2.0,12291,A 75 pk 207+200,M,"44,1947940","3,0634010",12,2019,130.0,1.0,1.0,1.0,2256595,1.0,1,1,1,1.0,,0.0,0,1999.0,A01,138Â 210Â 926,1.0,-1.0,-1.0,1722471,2.0,7,,0.0,0.0,4.0,B01,138Â 210Â 925,0.0
1009105,201900050636,7,14,20:13,2,1,1,1.0,2.0,12291,A 75 pk 207+200,M,"44,1947940","3,0634010",12,2019,130.0,1.0,1.0,1.0,2256595,1.0,1,1,1,1.0,,0.0,0,1999.0,A01,138Â 210Â 926,1.0,-1.0,-1.0,1722472,2.0,7,,0.0,2.0,1.0,A01,138Â 210Â 926,0.0
1009106,201900050637,3,29,07:35,1,2,2,1.0,3.0,78686,GENERAL LECLERC (AVENUE DU),M,"48,8030100","2,1658500",78,2019,50.0,1.0,1.0,3.0,2256596,1.0,1,1,1,0.0,,-1.0, -1,1948.0,A01,138Â 210Â 927,1.0,0.0,-1.0,1722473,1.0,7,,0.0,2.0,1.0,A01,138Â 210Â 927,1.0
1009106,201900050637,3,29,07:35,1,2,2,1.0,3.0,78686,GENERAL LECLERC (AVENUE DU),M,"48,8030100","2,1658500",78,2019,50.0,1.0,1.0,3.0,2256596,1.0,1,1,1,0.0,,-1.0, -1,1948.0,A01,138Â 210Â 927,1.0,0.0,-1.0,1722474,3.0,1,,0.0,2.0,8.0,B01,138Â 210Â 928,5.0
1009106,201900050637,3,29,07:35,1,2,2,1.0,3.0,78686,GENERAL LECLERC (AVENUE DU),M,"48,8030100","2,1658500",78,2019,50.0,1.0,1.0,3.0,2256597,1.0,1,3,1,2.0,,-1.0, -1,2004.0,B01,138Â 210Â 928,8.0,0.0,-1.0,1722473,1.0,7,,0.0,2.0,1.0,A01,138Â 210Â 927,1.0
1009106,201900050637,3,29,07:35,1,2,2,1.0,3.0,78686,GENERAL LECLERC (AVENUE DU),M,"48,8030100","2,1658500",78,2019,50.0,1.0,1.0,3.0,2256597,1.0,1,3,1,2.0,,-1.0, -1,2004.0,B01,138Â 210Â 928,8.0,0.0,-1.0,1722474,3.0,1,,0.0,2.0,8.0,B01,138Â 210Â 928,5.0
1009107,201900050638,7,15,09:30,1,1,9,1.0,6.0,87038,Le Touyer,M,"45,9198270","1,2540750",87,2019,80.0,3.0,1.0,4.0,2256598,1.0,1,3,1,0.0,,0.0,0,1966.0,A01,138Â 210Â 924,8.0,-1.0,-1.0,1722475,3.0,7,,8.0,0.0,2.0,A01,138Â 210Â 924,1.0
1009108,201900050639,7,13,18:30,1,2,1,1.0,7.0,77240,Chemin de la Montagne,M,"48,7938730","3,2722500",77,2019,50.0,8.0,1.0,4.0,2256599,1.0,1,3,1,5.0,,0.0,0,1967.0,A01,138Â 210Â 923,2.0,-1.0,-1.0,1722476,3.0,36,,0.0,0.0,0.0,A01,138Â 210Â 923,0.0
1009109,201900050640,3,26,17:40,1,2,2,1.0,6.0,78640,LOUIS BREGUET (AVENUE),M,"48,7805900","2,1910200",78,2019,50.0,1.0,1.0,4.0,2256600,10.0,3,4,1,1.0,,4.0,3,1981.0,A01,138Â 210Â 922,8.0,0.0,-1.0,1722477,3.0,33,,0.0,1.0,1.0,A01,138Â 210Â 922,1.0
1009109,201900050640,3,26,17:40,1,2,2,1.0,6.0,78640,LOUIS BREGUET (AVENUE),M,"48,7805900","2,1910200",78,2019,50.0,1.0,1.0,4.0,2256601,1.0,1,4,1,1.0,,-1.0,0,1992.0,A01,138Â 210Â 922,2.0,6.0,-1.0,1722477,3.0,33,,0.0,1.0,1.0,A01,138Â 210Â 922,1.0
1009110,201900050641,7,14,16:36,1,1,9,1.0,7.0,57716,DÃ©partementale 52,M,"49,2111790","6,3141830",57,2019,80.0,1.0,1.0,3.0,2256602,1.0,1,3,1,0.0,,0.0,0,1971.0,A01,138Â 210Â 921,2.0,6.0,-1.0,1722478,0.0,31,,16.0,0.0,8.0,A01,138Â 210Â 921,1.0
1009111,201900050642,7,12,15:15,1,1,1,1.0,7.0,19054,ChamaliÃ¨res,M,"45,0438590","1,8564310",19,2019,-1.0,3.0,1.0,3.0,2256603,1.0,1,3,1,5.0,,0.0,0,1994.0,A01,138Â 210Â 918,2.0,6.0,9.0,1722479,1.0,33,,0.0,0.0,7.0,A01,138Â 210Â 918,1.0
1009112,201900050643,7,13,17:35,1,1,1,1.0,7.0,79268,,M,"46,7859890"," -0,1391320",79,2019,80.0,1.0,1.0,3.0,2256604,1.0,1,3,1,5.0,,0.0,0,2005.0,A01,138Â 210Â 915,2.0,6.0,-1.0,1722480,1.0,2,,8.0,0.0,2.0,A01,138Â 210Â 915,1.0
1009113,201900050644,7,15,09:00,1,1,2,1.0,3.0,79030,,M,"46,2981300"," -0,1958500",79,2019,80.0,1.0,1.0,3.0,2256605,1.0,1,1,1,4.0,,0.0,0,1976.0,B01,138Â 210Â 911,1.0,-1.0,-1.0,1722481,2.0,10,,0.0,2.0,2.0,B01,138Â 210Â 911,1.0
1009113,201900050644,7,15,09:00,1,1,2,1.0,3.0,79030,,M,"46,2981300"," -0,1958500",79,2019,80.0,1.0,1.0,3.0,2256605,1.0,1,1,1,4.0,,0.0,0,1976.0,B01,138Â 210Â 911,1.0,-1.0,-1.0,1722482,3.0,2,,0.0,2.0,3.0,A01,138Â 210Â 913,1.0
1009113,201900050644,7,15,09:00,1,1,2,1.0,3.0,79030,,M,"46,2981300"," -0,1958500",79,2019,80.0,1.0,1.0,3.0,2256606,1.0,1,4,1,5.0,,0.0,0,2004.0,A01,138Â 210Â 913,2.0,-1.0,-1.0,1722481,2.0,10,,0.0,2.0,2.0,B01,138Â 210Â 911,1.0
1009113,201900050644,7,15,09:00,1,1,2,1.0,3.0,79030,,M,"46,2981300"," -0,1958500",79,2019,80.0,1.0,1.0,3.0,2256606,1.0,1,4,1,5.0,,0.0,0,2004.0,A01,138Â 210Â 913,2.0,-1.0,-1.0,1722482,3.0,2,,0.0,2.0,3.0,A01,138Â 210Â 913,1.0
1009114,201900050645,7,8,11:40,1,1,2,1.0,2.0,79057,,M,"46,1217690"," -0,2383520",79,2019,80.0,1.0,1.0,3.0,2256607,1.0,1,1,1,4.0,,0.0,0,1998.0,B01,138Â 210Â 908,1.0,-1.0,-1.0,1722483,2.0,10,,0.0,2.0,4.0,B01,138Â 210Â 908,1.0
1009114,201900050645,7,8,11:40,1,1,2,1.0,2.0,79057,,M,"46,1217690"," -0,2383520",79,2019,80.0,1.0,1.0,3.0,2256607,1.0,1,1,1,4.0,,0.0,0,1998.0,B01,138Â 210Â 908,1.0,-1.0,-1.0,1722484,2.0,33,,0.0,2.0,1.0,A01,138Â 210Â 909,1.0
1009114,201900050645,7,8,11:40,1,1,2,1.0,2.0,79057,,M,"46,1217690"," -0,2383520",79,2019,80.0,1.0,1.0,3.0,2256608,1.0,1,3,1,5.0,,0.0,0,1948.0,A01,138Â 210Â 909,2.0,-1.0,-1.0,1722483,2.0,10,,0.0,2.0,4.0,B01,138Â 210Â 908,1.0
1009114,201900050645,7,8,11:40,1,1,2,1.0,2.0,79057,,M,"46,1217690"," -0,2383520",79,2019,80.0,1.0,1.0,3.0,2256608,1.0,1,3,1,5.0,,0.0,0,1948.0,A01,138Â 210Â 909,2.0,-1.0,-1.0,1722484,2.0,33,,0.0,2.0,1.0,A01,138Â 210Â 909,1.0