Unnamed: 0_x,num_acc,mois,jour,hrmn,lum,agg,int,atm,col,com,adr,gps,lat,long,dep,annee,vma,situ,surf,catr,Unnamed: 0_y,place,catu,grav,sexe,trajet,secu,locp,actp,an_nais,num_veh_x,id_vehicule_x,secu1,secu2,secu3,Unnamed: 0,senc,catv,occutc,obs,obsm,choc,num_veh_y,id_vehicule_y,motor
1009115,201900050646,7,12,14:26,1,1,1,1.0,3.0,80212,route de Daours,M,"49,9133160","2,4801270",80,2019,80.0,1.0,1.0,4.0,2256609,1.0,1,4,2,1.0,,0.0,0,1961.0,B01,138Â 210Â 905,1.0,-1.0,-1.0,1722485,3.0,7,,0.0,2.0,3.0,B01,138Â 210Â 905,1.0
1009115,201900050646,7,12,14:26,1,1,1,1.0,3.0,80212,route de Daours,M,"49,9133160","2,4801270",80,2019,80.0,1.0,1.0,4.0,2256609,1.0,1,4,2,1.0,,0.0,0,1961.0,B01,138Â 210Â 905,1.0,-1.0,-1.0,1722486,3.0,7,,0.0,2.0,3.0,A01,138Â 210Â 906,1.0
1009115,201900050646,7,12,14:26,1,1,1,1.0,3.0,80212,route de Daours,M,"49,9133160","2,4801270",80,2019,80.0,1.0,1.0,4.0,2256610,1.0,1,1,1,5.0,,0.0,0,1999.0,A01,138Â 210Â 906,1.0,-1.0,-1.0,1722485,3.0,7,,0.0,2.0,3.0,B01,138Â 210Â 905,1.0
1009115,201900050646,7,12,14:26,1,1,1,1.0,3.0,80212,route de Daours,M,"49,9133160","2,4801270",80,2019,80.0,1.0,1.0,4.0,2256610,1.0,1,1,1,5.0,,0.0,0,1999.0,A01,138Â 210Â 906,1.0,-1.0,-1.0,1722486,3.0,7,,0.0,2.0,3.0,A01,138Â 210Â 906,1.0
1009115,201900050646,7,12,14:26,1,1,1,1.0,3.0,80212,route de Daours,M,"49,9133160","2,4801270",80,2019,80.0,1.0,1.0,4.0,2256611,2.0,2,1,2,5.0,,0.0,0,2001.0,A01,138Â 210Â 906,1.0,-1.0,-1.0,1722485,3.0,7,,0.0,2.0,3.0,B01,138Â 210Â 905,1.0
1009115,201900050646,7,12,14:26,1,1,1,1.0,3.0,80212,route de Daours,M,"49,9133160","2,4801270",80,2019,80.0,1.0,1.0,4.0,2256611,2.0,2,1,2,5.0,,0.0,0,2001.0,A01,138Â 210Â 906,1.0,-1.0,-1.0,1722486,3.0,7,,0.0,2.0,3.0,A01,138Â 210Â 906,1.0
1009116,201900050647,7,14,18:00,1,1,1,1.0,6.0,81247,D74,M,"43,9600660","2,3730370",81,2019,80.0,3.0,1.0,3.0,2256612,1.0,1,3,1,5.0,,0.0,0,2000.0,A01,138Â 210Â 903,2.0,6.0,-1.0,1722487,2.0,33,,2.0,0.0,1.0,A01,138Â 210Â 903,1.0
1009117,201900050648,3,28,15:20,1,2,1,1.0,7.0,78440,PIERRE BÃRÃGOVOY (RUE),M,"48,9828490","1,9050130",78,2019,50.0,1.0,1.0,4.0,2256613,1.0,1,3,1,9.0,,-1.0, -1,2000.0,A01,138Â 210Â 902,8.0,0.0,-1.0,1722488,0.0,30,,15.0,0.0,3.0,A01,138Â 210Â 902,1.0
1009118,201900050649,7,14,17:15,1,2,1,1.0,6.0,32208,48 avenue Alsace Lorraine,M,"43,9341380","0,6303590",32,2019,50.0,4.0,1.0,2.0,2256614,1.0,1,1,1,5.0,,0.0,0,1955.0,A01,138Â 210Â 900,1.0,-1.0,-1.0,1722489,1.0,7,,1.0,1.0,1.0,A01,138Â 210Â 900,1.0
1009118,201900050649,7,14,17:15,1,2,1,1.0,6.0,32208,48 avenue Alsace Lorraine,M,"43,9341380","0,6303590",32,2019,50.0,4.0,1.0,2.0,2256615,10.0,3,4,1,0.0,,5.0,9,1973.0,A01,138Â 210Â 900,0.0,-1.0,-1.0,1722489,1.0,7,,1.0,1.0,1.0,A01,138Â 210Â 900,1.0
1009118,201900050649,7,14,17:15,1,2,1,1.0,6.0,32208,48 avenue Alsace Lorraine,M,"43,9341380","0,6303590",32,2019,50.0,4.0,1.0,2.0,2256616,10.0,3,3,1,0.0,,5.0,9,1948.0,A01,138Â 210Â 900,0.0,-1.0,-1.0,1722489,1.0,7,,1.0,1.0,1.0,A01,138Â 210Â 900,1.0
1009118,201900050649,7,14,17:15,1,2,1,1.0,6.0,32208,48 avenue Alsace Lorraine,M,"43,9341380","0,6303590",32,2019,50.0,4.0,1.0,2.0,2256617,10.0,3,3,2,0.0,,5.0,9,1948.0,A01,138Â 210Â 900,0.0,-1.0,-1.0,1722489,1.0,7,,1.0,1.0,1.0,A01,138Â 210Â 900,1.0
1009118,201900050649,7,14,17:15,1,2,1,1.0,6.0,32208,48 avenue Alsace Lorraine,M,"43,9341380","0,6303590",32,2019,50.0,4.0,1.0,2.0,2256618,2.0,2,1,2,5.0,,0.0,0,1958.0,A01,138Â 210Â 900,1.0,-1.0,-1.0,1722489,1.0,7,,1.0,1.0,1.0,A01,138Â 210Â 900,1.0
1009119,201900050650,7,13,11:25,1,1,1,1.0,1.0,11020,D 613,M,"42,9559440","2,4941390",11,2019,80.0,1.0,1.0,3.0,2256619,1.0,1,4,1,5.0,,0.0,0,1990.0,A01,138Â 210Â 898,2.0,6.0,-1.0,1722490,2.0,33,,0.0,9.0,1.0,A01,138Â 210Â 898,1.0
1009119,201900050650,7,13,11:25,1,1,1,1.0,1.0,11020,D 613,M,"42,9559440","2,4941390",11,2019,80.0,1.0,1.0,3.0,2256619,1.0,1,4,1,5.0,,0.0,0,1990.0,A01,138Â 210Â 898,2.0,6.0,-1.0,1722491,1.0,1,,0.0,0.0,1.0,B01,138Â 210Â 899,5.0
1009119,201900050650,7,13,11:25,1,1,1,1.0,1.0,11020,D 613,M,"42,9559440","2,4941390",11,2019,80.0,1.0,1.0,3.0,2256620,1.0,1,4,1,5.0,,0.0,0,1961.0,B01,138Â 210Â 899,2.0,-1.0,-1.0,1722490,2.0,33,,0.0,9.0,1.0,A01,138Â 210Â 898,1.0
1009119,201900050650,7,13,11:25,1,1,1,1.0,1.0,11020,D 613,M,"42,9559440","2,4941390",11,2019,80.0,1.0,1.0,3.0,2256620,1.0,1,4,1,5.0,,0.0,0,1961.0,B01,138Â 210Â 899,2.0,-1.0,-1.0,1722491,1.0,1,,0.0,0.0,1.0,B01,138Â 210Â 899,5.0
1009120,201900050651,3,29,16:39,1,2,1,1.0,6.0,77514,VOLTAIRE (AVENUE),M,"48,9424500","2,6069600",77,2019,50.0,1.0,1.0,4.0,2256621,2.0,2,1,2,0.0,,0.0,0,1977.0,A01,138Â 210Â 897,1.0,0.0,-1.0,1722492,1.0,7,,1.0,1.0,2.0,A01,138Â 210Â 897,1.0
1009120,201900050651,3,29,16:39,1,2,1,1.0,6.0,77514,VOLTAIRE (AVENUE),M,"48,9424500","2,6069600",77,2019,50.0,1.0,1.0,4.0,2256622,1.0,1,1,1,0.0,,-1.0,0,1982.0,A01,138Â 210Â 897,1.0,0.0,-1.0,1722492,1.0,7,,1.0,1.0,2.0,A01,138Â 210Â 897,1.0
1009120,201900050651,3,29,16:39,1,2,1,1.0,6.0,77514,VOLTAIRE (AVENUE),M,"48,9424500","2,6069600",77,2019,50.0,1.0,1.0,4.0,2256623,10.0,3,3,1,0.0,,1.0,3,2006.0,A01,138Â 210Â 897,8.0,0.0,-1.0,1722492,1.0,7,,1.0,1.0,2.0,A01,138Â 210Â 897,1.0
1009121,201900050652,7,14,06:00,1,1,1,1.0,6.0,11425,d 118,M,"43,2748040","2,3575770",11,2019,80.0,1.0,1.0,3.0,2256624,1.0,1,1,2,5.0,,0.0,0,1988.0,A01,138Â 210Â 896,1.0,-1.0,-1.0,1722493,2.0,7,,2.0,0.0,2.0,A01,138Â 210Â 896,1.0
1009121,201900050652,7,14,06:00,1,1,1,1.0,6.0,11425,d 118,M,"43,2748040","2,3575770",11,2019,80.0,1.0,1.0,3.0,2256625,2.0,2,4,1,5.0,,0.0,0,1997.0,A01,138Â 210Â 896,1.0,-1.0,-1.0,1722493,2.0,7,,2.0,0.0,2.0,A01,138Â 210Â 896,1.0
1009121,201900050652,7,14,06:00,1,1,1,1.0,6.0,11425,d 118,M,"43,2748040","2,3575770",11,2019,80.0,1.0,1.0,3.0,2256626,4.0,2,1,1,5.0,,0.0,0,1989.0,A01,138Â 210Â 896,1.0,-1.0,-1.0,1722493,2.0,7,,2.0,0.0,2.0,A01,138Â 210Â 896,1.0
1009121,201900050652,7,14,06:00,1,1,1,1.0,6.0,11425,d 118,M,"43,2748040","2,3575770",11,2019,80.0,1.0,1.0,3.0,2256627,3.0,2,3,1,5.0,,0.0,0,1990.0,A01,138Â 210Â 896,1.0,-1.0,-1.0,1722493,2.0,7,,2.0,0.0,2.0,A01,138Â 210Â 896,1.0
1009122,201900050653,7,14,16:30,1,2,1,1.0,2.0,89344,DÃ©partemntale 18,M,"47,6352330","3,0675500",89,2019,50.0,1.0,1.0,3.0,2256628,1.0,1,4,1,5.0,,0.0,0,2002.0,A01,138Â 210Â 893,8.0,-1.0,-1.0,1722494,3.0,2,,0.0,2.0,0.0,A01,138Â 210Â 893,0.0
1009122,201900050653,7,14,16:30,1,2,1,1.0,2.0,89344,DÃ©partemntale 18,M,"47,6352330","3,0675500",89,2019,50.0,1.0,1.0,3.0,2256628,1.0,1,4,1,5.0,,0.0,0,2002.0,A01,138Â 210Â 893,8.0,-1.0,-1.0,1722495,3.0,7,,0.0,2.0,1.0,B01,138Â 210Â 894,0.0
1009122,201900050653,7,14,16:30,1,2,1,1.0,2.0,89344,DÃ©partemntale 18,M,"47,6352330","3,0675500",89,2019,50.0,1.0,1.0,3.0,2256629,1.0,1,1,1,5.0,,0.0,0,1969.0,B01,138Â 210Â 894,8.0,-1.0,-1.0,1722494,3.0,2,,0.0,2.0,0.0,A01,138Â 210Â 893,0.0
1009122,201900050653,7,14,16:30,1,2,1,1.0,2.0,89344,DÃ©partemntale 18,M,"47,6352330","3,0675500",89,2019,50.0,1.0,1.0,3.0,2256629,1.0,1,1,1,5.0,,0.0,0,1969.0,B01,138Â 210Â 894,8.0,-1.0,-1.0,1722495,3.0,7,,0.0,2.0,1.0,B01,138Â 210Â 894,0.0
1009123,201900050654,3,27,09:30,1,1,1,1.0,5.0,77118,ROUTE NATIONALE 3,M,"48,9430900","2,6578200",77,2019,50.0,1.0,1.0,2.0,2256630,1.0,1,2,1,0.0,,-1.0,0,1989.0,A01,138Â 210Â 891,2.0,0.0,-1.0,1722496,2.0,33,,4.0,0.0,1.0,A01,138Â 210Â 891,1.0
1009123,201900050654,3,27,09:30,1,1,1,1.0,5.0,77118,ROUTE NATIONALE 3,M,"48,9430900","2,6578200",77,2019,50.0,1.0,1.0,2.0,2256630,1.0,1,2,1,0.0,,-1.0,0,1989.0,A01,138Â 210Â 891,2.0,0.0,-1.0,1722497,1.0,7,,4.0,0.0,3.0,C01,138Â 210Â 892,1.0
1009123,201900050654,3,27,09:30,1,1,1,1.0,5.0,77118,ROUTE NATIONALE 3,M,"48,9430900","2,6578200",77,2019,50.0,1.0,1.0,2.0,2256630,1.0,1,2,1,0.0,,-1.0,0,1989.0,A01,138Â 210Â 891,2.0,0.0,-1.0,1722498,1.0,7,,4.0,0.0,1.0,B01,138Â 210Â 895,1.0
1009123,201900050654,3,27,09:30,1,1,1,1.0,5.0,77118,ROUTE NATIONALE 3,M,"48,9430900","2,6578200",77,2019,50.0,1.0,1.0,2.0,2256631,1.0,1,1,1,0.0,,-1.0,0,1969.0,C01,138Â 210Â 892,1.0,0.0,-1.0,1722496,2.0,33,,4.0,0.0,1.0,A01,138Â 210Â 891,1.0
1009123,201900050654,3,27,09:30,1,1,1,1.0,5.0,77118,ROUTE NATIONALE 3,M,"48,9430900","2,6578200",77,2019,50.0,1.0,1.0,2.0,2256631,1.0,1,1,1,0.0,,-1.0,0,1969.0,C01,138Â 210Â 892,1.0,0.0,-1.0,1722497,1.0,7,,4.0,0.0,3.0,C01,138Â 210Â 892,1.0
1009123,201900050654,3,27,09:30,1,1,1,1.0,5.0,77118,ROUTE NATIONALE 3,M,"48,9430900","2,6578200",77,2019,50.0,1.0,1.0,2.0,2256631,1.0,1,1,1,0.0,,-1.0,0,1969.0,C01,138Â 210Â 892,1.0,0.0,-1.0,1722498,1.0,7,,4.0,0.0,1.0,B01,138Â 210Â 895,1.0
1009123,201900050654,3,27,09:30,1,1,1,1.0,5.0,77118,ROUTE NATIONALE 3,M,"48,9430900","2,6578200",77,2019,50.0,1.0,1.0,2.0,2256632,1.0,1,1,1,0.0,,-1.0,0,1991.0,B01,138Â 210Â 895,1.0,0.0,-1.0,1722496,2.0,33,,4.0,0.0,1.0,A01,138Â 210Â 891,1.0
1009123,201900050654,3,27,09:30,1,1,1,1.0,5.0,77118,ROUTE NATIONALE 3,M,"48,9430900","2,6578200",77,2019,50.0,1.0,1.0,2.0,2256632,1.0,1,1,1,0.0,,-1.0,0,1991.0,B01,138Â 210Â 895,1.0,0.0,-1.0,1722497,1.0,7,,4.0,0.0,3.0,C01,138Â 210Â 892,1.0
1009123,201900050654,3,27,09:30,1,1,1,1.0,5.0,77118,ROUTE NATIONALE 3,M,"48,9430900","2,6578200",77,2019,50.0,1.0,1.0,2.0,2256632,1.0,1,1,1,0.0,,-1.0,0,1991.0,B01,138Â 210Â 895,1.0,0.0,-1.0,1722498,1.0,7,,4.0,0.0,1.0,B01,138Â 210Â 895,1.0
1009124,201900050655,7,13,23:40,3,1,1,1.0,3.0,63267,D7,M,"45,8995070","3,6326210",63,2019,80.0,1.0,1.0,3.0,2256633,5.0,2,4,1,5.0,,0.0,0,1999.0,A01,138Â 210Â 890,1.0,-1.0,-1.0,1722499,1.0,7,,0.0,2.0,3.0,B01,138Â 210Â 889,0.0
1009124,201900050655,7,13,23:40,3,1,1,1.0,3.0,63267,D7,M,"45,8995070","3,6326210",63,2019,80.0,1.0,1.0,3.0,2256633,5.0,2,4,1,5.0,,0.0,0,1999.0,A01,138Â 210Â 890,1.0,-1.0,-1.0,1722500,2.0,7,,0.0,2.0,8.0,A01,138Â 210Â 890,0.0
1009124,201900050655,7,13,23:40,3,1,1,1.0,3.0,63267,D7,M,"45,8995070","3,6326210",63,2019,80.0,1.0,1.0,3.0,2256634,4.0,2,3,2,5.0,,0.0,0,2001.0,A01,138Â 210Â 890,1.0,-1.0,-1.0,1722499,1.0,7,,0.0,2.0,3.0,B01,138Â 210Â 889,0.0
1009124,201900050655,7,13,23:40,3,1,1,1.0,3.0,63267,D7,M,"45,8995070","3,6326210",63,2019,80.0,1.0,1.0,3.0,2256634,4.0,2,3,2,5.0,,0.0,0,2001.0,A01,138Â 210Â 890,1.0,-1.0,-1.0,1722500,2.0,7,,0.0,2.0,8.0,A01,138Â 210Â 890,0.0
1009124,201900050655,7,13,23:40,3,1,1,1.0,3.0,63267,D7,M,"45,8995070","3,6326210",63,2019,80.0,1.0,1.0,3.0,2256635,1.0,1,4,2,5.0,,0.0,0,1979.0,A01,138Â 210Â 890,1.0,-1.0,-1.0,1722499,1.0,7,,0.0,2.0,3.0,B01,138Â 210Â 889,0.0
1009124,201900050655,7,13,23:40,3,1,1,1.0,3.0,63267,D7,M,"45,8995070","3,6326210",63,2019,80.0,1.0,1.0,3.0,2256635,1.0,1,4,2,5.0,,0.0,0,1979.0,A01,138Â 210Â 890,1.0,-1.0,-1.0,1722500,2.0,7,,0.0,2.0,8.0,A01,138Â 210Â 890,0.0
1009125,201900050656,3,27,05:25,3,1,1,1.0,6.0,77118,ROUTE NATIONALE 3,M,"48,9426291","2,6517497",77,2019,50.0,1.0,1.0,2.0,2256636,1.0,1,3,1,1.0,,-1.0,0,1974.0,A01,138Â 210Â 888,2.0,6.0,-1.0,1722501,2.0,34,,4.0,0.0,1.0,A01,138Â 210Â 888,1.0
1009126,201900050657,7,14,21:00,2,1,1,1.0,6.0,61394,La Grande Vallee,M,"48,2526040","0,6144630",61,2019,70.0,1.0,1.0,3.0,2256637,1.0,1,3,1,5.0,,0.0,0,1973.0,A01,138Â 210Â 887,0.0,-1.0,-1.0,1722502,1.0,7,,8.0,0.0,9.0,A01,138Â 210Â 887,0.0
1009127,201900050658,3,24,13:50,1,1,1,1.0,7.0,77114,D35,M,"48,7069500","2,6716400",77,2019,80.0,1.0,1.0,3.0,2256638,1.0,1,3,1,5.0,,-1.0,0,1972.0,A01,138Â 210Â 885,2.0,8.0,-1.0,1722503,1.0,34,,0.0,0.0,2.0,A01,138Â 210Â 885,1.0
1009128,201900050659,7,15,05:55,1,1,1,1.0,1.0,12248,route dÃ©partementale 999,M,"43,8815230","2,6162330",12,2019,80.0,1.0,1.0,3.0,2256639,1.0,1,3,2,1.0,,0.0,0,1996.0,A01,138Â 210Â 884,1.0,-1.0,-1.0,1722504,1.0,7,,0.0,2.0,3.0,A01,138Â 210Â 884,1.0
1009128,201900050659,7,15,05:55,1,1,1,1.0,1.0,12248,route dÃ©partementale 999,M,"43,8815230","2,6162330",12,2019,80.0,1.0,1.0,3.0,2256639,1.0,1,3,2,1.0,,0.0,0,1996.0,A01,138Â 210Â 884,1.0,-1.0,-1.0,1722505,2.0,7,,0.0,2.0,3.0,B01,138Â 210Â 886,1.0
1009128,201900050659,7,15,05:55,1,1,1,1.0,1.0,12248,route dÃ©partementale 999,M,"43,8815230","2,6162330",12,2019,80.0,1.0,1.0,3.0,2256640,1.0,1,1,1,1.0,,0.0,0,1976.0,B01,138Â 210Â 886,1.0,-1.0,-1.0,1722504,1.0,7,,0.0,2.0,3.0,A01,138Â 210Â 884,1.0
1009128,201900050659,7,15,05:55,1,1,1,1.0,1.0,12248,route dÃ©partementale 999,M,"43,8815230","2,6162330",12,2019,80.0,1.0,1.0,3.0,2256640,1.0,1,1,1,1.0,,0.0,0,1976.0,B01,138Â 210Â 886,1.0,-1.0,-1.0,1722505,2.0,7,,0.0,2.0,3.0,B01,138Â 210Â 886,1.0
1009129,201900050660,3,30,14:30,1,1,3,1.0,1.0,77255,D39 X  RUE DU FOUR A CHAUX,M,"48,5052300","2,6824300",77,2019,70.0,1.0,1.0,3.0,2256641,4.0,2,3,2,0.0,,-1.0,0,2015.0,A01,138Â 210Â 882,3.0,8.0,-1.0,1722506,2.0,7,,0.0,2.0,2.0,A01,138Â 210Â 882,1.0
1009129,201900050660,3,30,14:30,1,1,3,1.0,1.0,77255,D39 X  RUE DU FOUR A CHAUX,M,"48,5052300","2,6824300",77,2019,70.0,1.0,1.0,3.0,2256641,4.0,2,3,2,0.0,,-1.0,0,2015.0,A01,138Â 210Â 882,3.0,8.0,-1.0,1722507,1.0,7,,0.0,2.0,1.0,B01,138Â 210Â 883,1.0
1009129,201900050660,3,30,14:30,1,1,3,1.0,1.0,77255,D39 X  RUE DU FOUR A CHAUX,M,"48,5052300","2,6824300",77,2019,70.0,1.0,1.0,3.0,2256642,3.0,2,3,2,0.0,,-1.0,0,2014.0,A01,138Â 210Â 882,3.0,8.0,-1.0,1722506,2.0,7,,0.0,2.0,2.0,A01,138Â 210Â 882,1.0
1009129,201900050660,3,30,14:30,1,1,3,1.0,1.0,77255,D39 X  RUE DU FOUR A CHAUX,M,"48,5052300","2,6824300",77,2019,70.0,1.0,1.0,3.0,2256642,3.0,2,3,2,0.0,,-1.0,0,2014.0,A01,138Â 210Â 882,3.0,8.0,-1.0,1722507,1.0,7,,0.0,2.0,1.0,B01,138Â 210Â 883,1.0
1009129,201900050660,3,30,14:30,1,1,3,1.0,1.0,77255,D39 X  RUE DU FOUR A CHAUX,M,"48,5052300","2,6824300",77,2019,70.0,1.0,1.0,3.0,2256643,1.0,1,4,2,0.0,,-1.0,0,1988.0,A01,138Â 210Â 882,1.0,5.0,-1.0,1722506,2.0,7,,0.0,2.0,2.0,A01,138Â 210Â 882,1.0
1009129,201900050660,3,30,14:30,1,1,3,1.0,1.0,77255,D39 X  RUE DU FOUR A CHAUX,M,"48,5052300","2,6824300",77,2019,70.0,1.0,1.0,3.0,2256643,1.0,1,4,2,0.0,,-1.0,0,1988.0,A01,138Â 210Â 882,1.0,5.0,-1.0,1722507,1.0,7,,0.0,2.0,1.0,B01,138Â 210Â 883,1.0
1009129,201900050660,3,30,14:30,1,1,3,1.0,1.0,77255,D39 X  RUE DU FOUR A CHAUX,M,"48,5052300","2,6824300",77,2019,70.0,1.0,1.0,3.0,2256644,1.0,1,4,2,0.0,,-1.0,0,1990.0,B01,138Â 210Â 883,1.0,5.0,-1.0,1722506,2.0,7,,0.0,2.0,2.0,A01,138Â 210Â 882,1.0
1009129,201900050660,3,30,14:30,1,1,3,1.0,1.0,77255,D39 X  RUE DU FOUR A CHAUX,M,"48,5052300","2,6824300",77,2019,70.0,1.0,1.0,3.0,2256644,1.0,1,4,2,0.0,,-1.0,0,1990.0,B01,138Â 210Â 883,1.0,5.0,-1.0,1722507,1.0,7,,0.0,2.0,1.0,B01,138Â 210Â 883,1.0
1009130,201900050661,3,29,16:25,1,2,1,1.0,3.0,77243,SAINT DENIS  (RUE   ),M,"48,8800000","2,7100000",77,2019,50.0,1.0,1.0,4.0,2256645,1.0,1,4,1,1.0,,-1.0,0,1991.0,A01,138Â 210Â 877,2.0,6.0,-1.0,1722508,1.0,33,,0.0,2.0,1.0,A01,138Â 210Â 877,1.0
1009130,201900050661,3,29,16:25,1,2,1,1.0,3.0,77243,SAINT DENIS  (RUE   ),M,"48,8800000","2,7100000",77,2019,50.0,1.0,1.0,4.0,2256645,1.0,1,4,1,1.0,,-1.0,0,1991.0,A01,138Â 210Â 877,2.0,6.0,-1.0,1722509,2.0,7,,0.0,2.0,3.0,B01,138Â 210Â 878,1.0
1009130,201900050661,3,29,16:25,1,2,1,1.0,3.0,77243,SAINT DENIS  (RUE   ),M,"48,8800000","2,7100000",77,2019,50.0,1.0,1.0,4.0,2256646,1.0,1,1,2,2.0,,-1.0,0,1955.0,B01,138Â 210Â 878,1.0,0.0,-1.0,1722508,1.0,33,,0.0,2.0,1.0,A01,138Â 210Â 877,1.0
1009130,201900050661,3,29,16:25,1,2,1,1.0,3.0,77243,SAINT DENIS  (RUE   ),M,"48,8800000","2,7100000",77,2019,50.0,1.0,1.0,4.0,2256646,1.0,1,1,2,2.0,,-1.0,0,1955.0,B01,138Â 210Â 878,1.0,0.0,-1.0,1722509,2.0,7,,0.0,2.0,3.0,B01,138Â 210Â 878,1.0
1009131,201900050662,7,15,11:05,1,1,1,1.0,1.0,47320,"LIEU-DIT PEYREBLANQUE""""",M,"44,2745480","0,1917250",47,2019,80.0,1.0,1.0,3.0,2256647,1.0,1,1,2,9.0,,0.0,0,1996.0,A01,138Â 210Â 880,1.0,-1.0,-1.0,1722510,0.0,7,,0.0,2.0,1.0,A01,138Â 210Â 880,0.0
1009131,201900050662,7,15,11:05,1,1,1,1.0,1.0,47320,"LIEU-DIT PEYREBLANQUE""""",M,"44,2745480","0,1917250",47,2019,80.0,1.0,1.0,3.0,2256647,1.0,1,1,2,9.0,,0.0,0,1996.0,A01,138Â 210Â 880,1.0,-1.0,-1.0,1722511,0.0,33,,0.0,2.0,1.0,B01,138Â 210Â 881,0.0
1009131,201900050662,7,15,11:05,1,1,1,1.0,1.0,47320,"LIEU-DIT PEYREBLANQUE""""",M,"44,2745480","0,1917250",47,2019,80.0,1.0,1.0,3.0,2256648,1.0,1,3,1,1.0,,0.0,0,1970.0,B01,138Â 210Â 881,2.0,-1.0,-1.0,1722510,0.0,7,,0.0,2.0,1.0,A01,138Â 210Â 880,0.0
1009131,201900050662,7,15,11:05,1,1,1,1.0,1.0,47320,"LIEU-DIT PEYREBLANQUE""""",M,"44,2745480","0,1917250",47,2019,80.0,1.0,1.0,3.0,2256648,1.0,1,3,1,1.0,,0.0,0,1970.0,B01,138Â 210Â 881,2.0,-1.0,-1.0,1722511,0.0,33,,0.0,2.0,1.0,B01,138Â 210Â 881,0.0
1009132,201900050663,7,15,15:25,1,2,3,1.0,3.0,68082,RD 2,M,"47,8650320","7,3453160",68,2019,50.0,1.0,1.0,3.0,2256649,1.0,1,1,2,5.0,,0.0,0,1996.0,B01,138Â 210Â 873,1.0,-1.0,-1.0,1722512,2.0,7,,0.0,2.0,2.0,B01,138Â 210Â 873,1.0
1009132,201900050663,7,15,15:25,1,2,3,1.0,3.0,68082,RD 2,M,"47,8650320","7,3453160",68,2019,50.0,1.0,1.0,3.0,2256649,1.0,1,1,2,5.0,,0.0,0,1996.0,B01,138Â 210Â 873,1.0,-1.0,-1.0,1722513,1.0,1,,0.0,0.0,3.0,A01,138Â 210Â 875,5.0
1009132,201900050663,7,15,15:25,1,2,3,1.0,3.0,68082,RD 2,M,"47,8650320","7,3453160",68,2019,50.0,1.0,1.0,3.0,2256650,1.0,1,4,1,0.0,,0.0,0,1960.0,A01,138Â 210Â 875,0.0,-1.0,-1.0,1722512,2.0,7,,0.0,2.0,2.0,B01,138Â 210Â 873,1.0
1009132,201900050663,7,15,15:25,1,2,3,1.0,3.0,68082,RD 2,M,"47,8650320","7,3453160",68,2019,50.0,1.0,1.0,3.0,2256650,1.0,1,4,1,0.0,,0.0,0,1960.0,A01,138Â 210Â 875,0.0,-1.0,-1.0,1722513,1.0,1,,0.0,0.0,3.0,A01,138Â 210Â 875,5.0
1009133,201900050664,3,26,14:00,1,2,2,1.0,2.0,76351,BOIS AU COQ (AVENUE),M,"49,5160200","0,1209800",76,2019,50.0,1.0,1.0,4.0,2256651,1.0,1,4,2,5.0,,0.0,0,1989.0,B01,138Â 210Â 872,1.0,0.0,-1.0,1722514,0.0,7,,0.0,2.0,4.0,B01,138Â 210Â 872,1.0
1009133,201900050664,3,26,14:00,1,2,2,1.0,2.0,76351,BOIS AU COQ (AVENUE),M,"49,5160200","0,1209800",76,2019,50.0,1.0,1.0,4.0,2256651,1.0,1,4,2,5.0,,0.0,0,1989.0,B01,138Â 210Â 872,1.0,0.0,-1.0,1722515,0.0,7,,0.0,2.0,1.0,A01,138Â 210Â 874,1.0
1009133,201900050664,3,26,14:00,1,2,2,1.0,2.0,76351,BOIS AU COQ (AVENUE),M,"49,5160200","0,1209800",76,2019,50.0,1.0,1.0,4.0,2256652,1.0,1,1,1,5.0,,0.0,0,1969.0,A01,138Â 210Â 874,8.0,0.0,-1.0,1722514,0.0,7,,0.0,2.0,4.0,B01,138Â 210Â 872,1.0
1009133,201900050664,3,26,14:00,1,2,2,1.0,2.0,76351,BOIS AU COQ (AVENUE),M,"49,5160200","0,1209800",76,2019,50.0,1.0,1.0,4.0,2256652,1.0,1,1,1,5.0,,0.0,0,1969.0,A01,138Â 210Â 874,8.0,0.0,-1.0,1722515,0.0,7,,0.0,2.0,1.0,A01,138Â 210Â 874,1.0
1009134,201900050665,7,14,23:15,5,2,1,2.0,7.0,68332,47 A Grand-Rue,M,"47,6557630","7,2751500",68,2019,50.0,4.0,2.0,3.0,2256653,2.0,2,3,1,5.0,,0.0,0,1993.0,A01,138Â 210Â 871,8.0,-1.0,-1.0,1722516,2.0,7,,2.0,0.0,3.0,A01,138Â 210Â 871,1.0
1009134,201900050665,7,14,23:15,5,2,1,2.0,7.0,68332,47 A Grand-Rue,M,"47,6557630","7,2751500",68,2019,50.0,4.0,2.0,3.0,2256654,7.0,2,3,1,5.0,,0.0,0,2004.0,A01,138Â 210Â 871,8.0,-1.0,-1.0,1722516,2.0,7,,2.0,0.0,3.0,A01,138Â 210Â 871,1.0
1009134,201900050665,7,14,23:15,5,2,1,2.0,7.0,68332,47 A Grand-Rue,M,"47,6557630","7,2751500",68,2019,50.0,4.0,2.0,3.0,2256655,1.0,1,3,1,5.0,,0.0,0,1995.0,A01,138Â 210Â 871,8.0,-1.0,-1.0,1722516,2.0,7,,2.0,0.0,3.0,A01,138Â 210Â 871,1.0
1009135,201900050666,7,15,07:40,1,1,2,1.0,3.0,22333,Les Barres,M,"48,2641241"," -2,4694561",22,2019,80.0,1.0,1.0,3.0,2256656,2.0,2,4,2,1.0,,0.0,0,2001.0,A01,138Â 210Â 867,8.0,-1.0,-1.0,1722517,1.0,7,,0.0,2.0,2.0,A01,138Â 210Â 867,1.0