Unnamed: 0_x,num_acc,mois,jour,hrmn,lum,agg,int,atm,col,com,adr,gps,lat,long,dep,annee,vma,situ,surf,catr,Unnamed: 0_y,place,catu,grav,sexe,trajet,secu,locp,actp,an_nais,num_veh_x,id_vehicule_x,secu1,secu2,secu3,Unnamed: 0,senc,catv,occutc,obs,obsm,choc,num_veh_y,id_vehicule_y,motor
1009135,201900050666,7,15,07:40,1,1,2,1.0,3.0,22333,Les Barres,M,"48,2641241"," -2,4694561",22,2019,80.0,1.0,1.0,3.0,2256656,2.0,2,4,2,1.0,,0.0,0,2001.0,A01,138Â 210Â 867,8.0,-1.0,-1.0,1722518,3.0,7,,0.0,2.0,3.0,B01,138Â 210Â 870,1.0
1009135,201900050666,7,15,07:40,1,1,2,1.0,3.0,22333,Les Barres,M,"48,2641241"," -2,4694561",22,2019,80.0,1.0,1.0,3.0,2256657,1.0,1,3,2,5.0,,0.0,0,1980.0,A01,138Â 210Â 867,8.0,-1.0,-1.0,1722517,1.0,7,,0.0,2.0,2.0,A01,138Â 210Â 867,1.0
1009135,201900050666,7,15,07:40,1,1,2,1.0,3.0,22333,Les Barres,M,"48,2641241"," -2,4694561",22,2019,80.0,1.0,1.0,3.0,2256657,1.0,1,3,2,5.0,,0.0,0,1980.0,A01,138Â 210Â 867,8.0,-1.0,-1.0,1722518,3.0,7,,0.0,2.0,3.0,B01,138Â 210Â 870,1.0
1009135,201900050666,7,15,07:40,1,1,2,1.0,3.0,22333,Les Barres,M,"48,2641241"," -2,4694561",22,2019,80.0,1.0,1.0,3.0,2256658,1.0,1,1,2,1.0,,0.0,0,1969.0,B01,138Â 210Â 870,8.0,-1.0,-1.0,1722517,1.0,7,,0.0,2.0,2.0,A01,138Â 210Â 867,1.0
1009135,201900050666,7,15,07:40,1,1,2,1.0,3.0,22333,Les Barres,M,"48,2641241"," -2,4694561",22,2019,80.0,1.0,1.0,3.0,2256658,1.0,1,1,2,1.0,,0.0,0,1969.0,B01,138Â 210Â 870,8.0,-1.0,-1.0,1722518,3.0,7,,0.0,2.0,3.0,B01,138Â 210Â 870,1.0
1009136,201900050667,7,15,11:51,1,1,1,1.0,2.0,39006,,M,"46,9674310","5,7992080",39,2019,80.0,1.0,1.0,2.0,2256659,1.0,1,3,1,4.0,,0.0,0,1980.0,A01,138Â 210Â 864,1.0,-1.0,-1.0,1722519,1.0,10,,0.0,2.0,1.0,A01,138Â 210Â 864,1.0
1009136,201900050667,7,15,11:51,1,1,1,1.0,2.0,39006,,M,"46,9674310","5,7992080",39,2019,80.0,1.0,1.0,2.0,2256659,1.0,1,3,1,4.0,,0.0,0,1980.0,A01,138Â 210Â 864,1.0,-1.0,-1.0,1722520,1.0,15,,0.0,0.0,4.0,B01,138Â 210Â 866,1.0
1009136,201900050667,7,15,11:51,1,1,1,1.0,2.0,39006,,M,"46,9674310","5,7992080",39,2019,80.0,1.0,1.0,2.0,2256660,2.0,2,4,2,5.0,,0.0,0,1992.0,A01,138Â 210Â 864,1.0,-1.0,-1.0,1722519,1.0,10,,0.0,2.0,1.0,A01,138Â 210Â 864,1.0
1009136,201900050667,7,15,11:51,1,1,1,1.0,2.0,39006,,M,"46,9674310","5,7992080",39,2019,80.0,1.0,1.0,2.0,2256660,2.0,2,4,2,5.0,,0.0,0,1992.0,A01,138Â 210Â 864,1.0,-1.0,-1.0,1722520,1.0,15,,0.0,0.0,4.0,B01,138Â 210Â 866,1.0
1009136,201900050667,7,15,11:51,1,1,1,1.0,2.0,39006,,M,"46,9674310","5,7992080",39,2019,80.0,1.0,1.0,2.0,2256661,1.0,1,1,1,4.0,,0.0,0,1973.0,B01,138Â 210Â 866,1.0,-1.0,-1.0,1722519,1.0,10,,0.0,2.0,1.0,A01,138Â 210Â 864,1.0
1009136,201900050667,7,15,11:51,1,1,1,1.0,2.0,39006,,M,"46,9674310","5,7992080",39,2019,80.0,1.0,1.0,2.0,2256661,1.0,1,1,1,4.0,,0.0,0,1973.0,B01,138Â 210Â 866,1.0,-1.0,-1.0,1722520,1.0,15,,0.0,0.0,4.0,B01,138Â 210Â 866,1.0
1009137,201900050668,3,29,17:10,1,2,6,1.0,4.0,76217,AVENUE DE BREAUTE,M,"49,9140300","1,0922800",76,2019,50.0,1.0,1.0,3.0,2256662,4.0,2,1,2,0.0,,0.0,0,1961.0,B01,138Â 210Â 862,1.0,8.0,-1.0,1722521,1.0,7,,0.0,2.0,1.0,B01,138Â 210Â 862,1.0
1009137,201900050668,3,29,17:10,1,2,6,1.0,4.0,76217,AVENUE DE BREAUTE,M,"49,9140300","1,0922800",76,2019,50.0,1.0,1.0,3.0,2256662,4.0,2,1,2,0.0,,0.0,0,1961.0,B01,138Â 210Â 862,1.0,8.0,-1.0,1722522,2.0,7,,0.0,2.0,4.0,D01,138Â 210Â 863,1.0
1009137,201900050668,3,29,17:10,1,2,6,1.0,4.0,76217,AVENUE DE BREAUTE,M,"49,9140300","1,0922800",76,2019,50.0,1.0,1.0,3.0,2256662,4.0,2,1,2,0.0,,0.0,0,1961.0,B01,138Â 210Â 862,1.0,8.0,-1.0,1722523,2.0,7,,0.0,2.0,1.0,A01,138Â 210Â 865,1.0
1009137,201900050668,3,29,17:10,1,2,6,1.0,4.0,76217,AVENUE DE BREAUTE,M,"49,9140300","1,0922800",76,2019,50.0,1.0,1.0,3.0,2256662,4.0,2,1,2,0.0,,0.0,0,1961.0,B01,138Â 210Â 862,1.0,8.0,-1.0,1722524,2.0,3,,0.0,2.0,4.0,C01,138Â 210Â 868,1.0
1009137,201900050668,3,29,17:10,1,2,6,1.0,4.0,76217,AVENUE DE BREAUTE,M,"49,9140300","1,0922800",76,2019,50.0,1.0,1.0,3.0,2256662,4.0,2,1,2,0.0,,0.0,0,1961.0,B01,138Â 210Â 862,1.0,8.0,-1.0,1722525,2.0,7,,0.0,2.0,4.0,E01,138Â 210Â 869,1.0
1009137,201900050668,3,29,17:10,1,2,6,1.0,4.0,76217,AVENUE DE BREAUTE,M,"49,9140300","1,0922800",76,2019,50.0,1.0,1.0,3.0,2256663,2.0,2,4,2,0.0,,0.0,0,1934.0,B01,138Â 210Â 862,1.0,8.0,-1.0,1722521,1.0,7,,0.0,2.0,1.0,B01,138Â 210Â 862,1.0
1009137,201900050668,3,29,17:10,1,2,6,1.0,4.0,76217,AVENUE DE BREAUTE,M,"49,9140300","1,0922800",76,2019,50.0,1.0,1.0,3.0,2256663,2.0,2,4,2,0.0,,0.0,0,1934.0,B01,138Â 210Â 862,1.0,8.0,-1.0,1722522,2.0,7,,0.0,2.0,4.0,D01,138Â 210Â 863,1.0
1009137,201900050668,3,29,17:10,1,2,6,1.0,4.0,76217,AVENUE DE BREAUTE,M,"49,9140300","1,0922800",76,2019,50.0,1.0,1.0,3.0,2256663,2.0,2,4,2,0.0,,0.0,0,1934.0,B01,138Â 210Â 862,1.0,8.0,-1.0,1722523,2.0,7,,0.0,2.0,1.0,A01,138Â 210Â 865,1.0
1009137,201900050668,3,29,17:10,1,2,6,1.0,4.0,76217,AVENUE DE BREAUTE,M,"49,9140300","1,0922800",76,2019,50.0,1.0,1.0,3.0,2256663,2.0,2,4,2,0.0,,0.0,0,1934.0,B01,138Â 210Â 862,1.0,8.0,-1.0,1722524,2.0,3,,0.0,2.0,4.0,C01,138Â 210Â 868,1.0
1009137,201900050668,3,29,17:10,1,2,6,1.0,4.0,76217,AVENUE DE BREAUTE,M,"49,9140300","1,0922800",76,2019,50.0,1.0,1.0,3.0,2256663,2.0,2,4,2,0.0,,0.0,0,1934.0,B01,138Â 210Â 862,1.0,8.0,-1.0,1722525,2.0,7,,0.0,2.0,4.0,E01,138Â 210Â 869,1.0
1009137,201900050668,3,29,17:10,1,2,6,1.0,4.0,76217,AVENUE DE BREAUTE,M,"49,9140300","1,0922800",76,2019,50.0,1.0,1.0,3.0,2256664,1.0,1,1,1,0.0,,0.0,0,1960.0,B01,138Â 210Â 862,1.0,8.0,-1.0,1722521,1.0,7,,0.0,2.0,1.0,B01,138Â 210Â 862,1.0
1009137,201900050668,3,29,17:10,1,2,6,1.0,4.0,76217,AVENUE DE BREAUTE,M,"49,9140300","1,0922800",76,2019,50.0,1.0,1.0,3.0,2256664,1.0,1,1,1,0.0,,0.0,0,1960.0,B01,138Â 210Â 862,1.0,8.0,-1.0,1722522,2.0,7,,0.0,2.0,4.0,D01,138Â 210Â 863,1.0
1009137,201900050668,3,29,17:10,1,2,6,1.0,4.0,76217,AVENUE DE BREAUTE,M,"49,9140300","1,0922800",76,2019,50.0,1.0,1.0,3.0,2256664,1.0,1,1,1,0.0,,0.0,0,1960.0,B01,138Â 210Â 862,1.0,8.0,-1.0,1722523,2.0,7,,0.0,2.0,1.0,A01,138Â 210Â 865,1.0
1009137,201900050668,3,29,17:10,1,2,6,1.0,4.0,76217,AVENUE DE BREAUTE,M,"49,9140300","1,0922800",76,2019,50.0,1.0,1.0,3.0,2256664,1.0,1,1,1,0.0,,0.0,0,1960.0,B01,138Â 210Â 862,1.0,8.0,-1.0,1722524,2.0,3,,0.0,2.0,4.0,C01,138Â 210Â 868,1.0
1009137,201900050668,3,29,17:10,1,2,6,1.0,4.0,76217,AVENUE DE BREAUTE,M,"49,9140300","1,0922800",76,2019,50.0,1.0,1.0,3.0,2256664,1.0,1,1,1,0.0,,0.0,0,1960.0,B01,138Â 210Â 862,1.0,8.0,-1.0,1722525,2.0,7,,0.0,2.0,4.0,E01,138Â 210Â 869,1.0
1009137,201900050668,3,29,17:10,1,2,6,1.0,4.0,76217,AVENUE DE BREAUTE,M,"49,9140300","1,0922800",76,2019,50.0,1.0,1.0,3.0,2256665,2.0,2,1,1,0.0,,0.0,0,2013.0,D01,138Â 210Â 863,3.0,8.0,-1.0,1722521,1.0,7,,0.0,2.0,1.0,B01,138Â 210Â 862,1.0
1009137,201900050668,3,29,17:10,1,2,6,1.0,4.0,76217,AVENUE DE BREAUTE,M,"49,9140300","1,0922800",76,2019,50.0,1.0,1.0,3.0,2256665,2.0,2,1,1,0.0,,0.0,0,2013.0,D01,138Â 210Â 863,3.0,8.0,-1.0,1722522,2.0,7,,0.0,2.0,4.0,D01,138Â 210Â 863,1.0
1009137,201900050668,3,29,17:10,1,2,6,1.0,4.0,76217,AVENUE DE BREAUTE,M,"49,9140300","1,0922800",76,2019,50.0,1.0,1.0,3.0,2256665,2.0,2,1,1,0.0,,0.0,0,2013.0,D01,138Â 210Â 863,3.0,8.0,-1.0,1722523,2.0,7,,0.0,2.0,1.0,A01,138Â 210Â 865,1.0
1009137,201900050668,3,29,17:10,1,2,6,1.0,4.0,76217,AVENUE DE BREAUTE,M,"49,9140300","1,0922800",76,2019,50.0,1.0,1.0,3.0,2256665,2.0,2,1,1,0.0,,0.0,0,2013.0,D01,138Â 210Â 863,3.0,8.0,-1.0,1722524,2.0,3,,0.0,2.0,4.0,C01,138Â 210Â 868,1.0
1009137,201900050668,3,29,17:10,1,2,6,1.0,4.0,76217,AVENUE DE BREAUTE,M,"49,9140300","1,0922800",76,2019,50.0,1.0,1.0,3.0,2256665,2.0,2,1,1,0.0,,0.0,0,2013.0,D01,138Â 210Â 863,3.0,8.0,-1.0,1722525,2.0,7,,0.0,2.0,4.0,E01,138Â 210Â 869,1.0
1009137,201900050668,3,29,17:10,1,2,6,1.0,4.0,76217,AVENUE DE BREAUTE,M,"49,9140300","1,0922800",76,2019,50.0,1.0,1.0,3.0,2256666,1.0,1,1,1,3.0,,0.0,0,1984.0,D01,138Â 210Â 863,1.0,0.0,-1.0,1722521,1.0,7,,0.0,2.0,1.0,B01,138Â 210Â 862,1.0
1009137,201900050668,3,29,17:10,1,2,6,1.0,4.0,76217,AVENUE DE BREAUTE,M,"49,9140300","1,0922800",76,2019,50.0,1.0,1.0,3.0,2256666,1.0,1,1,1,3.0,,0.0,0,1984.0,D01,138Â 210Â 863,1.0,0.0,-1.0,1722522,2.0,7,,0.0,2.0,4.0,D01,138Â 210Â 863,1.0
1009137,201900050668,3,29,17:10,1,2,6,1.0,4.0,76217,AVENUE DE BREAUTE,M,"49,9140300","1,0922800",76,2019,50.0,1.0,1.0,3.0,2256666,1.0,1,1,1,3.0,,0.0,0,1984.0,D01,138Â 210Â 863,1.0,0.0,-1.0,1722523,2.0,7,,0.0,2.0,1.0,A01,138Â 210Â 865,1.0
1009137,201900050668,3,29,17:10,1,2,6,1.0,4.0,76217,AVENUE DE BREAUTE,M,"49,9140300","1,0922800",76,2019,50.0,1.0,1.0,3.0,2256666,1.0,1,1,1,3.0,,0.0,0,1984.0,D01,138Â 210Â 863,1.0,0.0,-1.0,1722524,2.0,3,,0.0,2.0,4.0,C01,138Â 210Â 868,1.0
1009137,201900050668,3,29,17:10,1,2,6,1.0,4.0,76217,AVENUE DE BREAUTE,M,"49,9140300","1,0922800",76,2019,50.0,1.0,1.0,3.0,2256666,1.0,1,1,1,3.0,,0.0,0,1984.0,D01,138Â 210Â 863,1.0,0.0,-1.0,1722525,2.0,7,,0.0,2.0,4.0,E01,138Â 210Â 869,1.0
1009137,201900050668,3,29,17:10,1,2,6,1.0,4.0,76217,AVENUE DE BREAUTE,M,"49,9140300","1,0922800",76,2019,50.0,1.0,1.0,3.0,2256667,2.0,2,1,2,0.0,,0.0,0,2009.0,D01,138Â 210Â 863,1.0,8.0,-1.0,1722521,1.0,7,,0.0,2.0,1.0,B01,138Â 210Â 862,1.0
1009137,201900050668,3,29,17:10,1,2,6,1.0,4.0,76217,AVENUE DE BREAUTE,M,"49,9140300","1,0922800",76,2019,50.0,1.0,1.0,3.0,2256667,2.0,2,1,2,0.0,,0.0,0,2009.0,D01,138Â 210Â 863,1.0,8.0,-1.0,1722522,2.0,7,,0.0,2.0,4.0,D01,138Â 210Â 863,1.0
1009137,201900050668,3,29,17:10,1,2,6,1.0,4.0,76217,AVENUE DE BREAUTE,M,"49,9140300","1,0922800",76,2019,50.0,1.0,1.0,3.0,2256667,2.0,2,1,2,0.0,,0.0,0,2009.0,D01,138Â 210Â 863,1.0,8.0,-1.0,1722523,2.0,7,,0.0,2.0,1.0,A01,138Â 210Â 865,1.0
1009137,201900050668,3,29,17:10,1,2,6,1.0,4.0,76217,AVENUE DE BREAUTE,M,"49,9140300","1,0922800",76,2019,50.0,1.0,1.0,3.0,2256667,2.0,2,1,2,0.0,,0.0,0,2009.0,D01,138Â 210Â 863,1.0,8.0,-1.0,1722524,2.0,3,,0.0,2.0,4.0,C01,138Â 210Â 868,1.0
1009137,201900050668,3,29,17:10,1,2,6,1.0,4.0,76217,AVENUE DE BREAUTE,M,"49,9140300","1,0922800",76,2019,50.0,1.0,1.0,3.0,2256667,2.0,2,1,2,0.0,,0.0,0,2009.0,D01,138Â 210Â 863,1.0,8.0,-1.0,1722525,2.0,7,,0.0,2.0,4.0,E01,138Â 210Â 869,1.0
1009137,201900050668,3,29,17:10,1,2,6,1.0,4.0,76217,AVENUE DE BREAUTE,M,"49,9140300","1,0922800",76,2019,50.0,1.0,1.0,3.0,2256668,1.0,1,1,1,0.0,,0.0,0,1976.0,A01,138Â 210Â 865,1.0,8.0,-1.0,1722521,1.0,7,,0.0,2.0,1.0,B01,138Â 210Â 862,1.0
1009137,201900050668,3,29,17:10,1,2,6,1.0,4.0,76217,AVENUE DE BREAUTE,M,"49,9140300","1,0922800",76,2019,50.0,1.0,1.0,3.0,2256668,1.0,1,1,1,0.0,,0.0,0,1976.0,A01,138Â 210Â 865,1.0,8.0,-1.0,1722522,2.0,7,,0.0,2.0,4.0,D01,138Â 210Â 863,1.0
1009137,201900050668,3,29,17:10,1,2,6,1.0,4.0,76217,AVENUE DE BREAUTE,M,"49,9140300","1,0922800",76,2019,50.0,1.0,1.0,3.0,2256668,1.0,1,1,1,0.0,,0.0,0,1976.0,A01,138Â 210Â 865,1.0,8.0,-1.0,1722523,2.0,7,,0.0,2.0,1.0,A01,138Â 210Â 865,1.0
1009137,201900050668,3,29,17:10,1,2,6,1.0,4.0,76217,AVENUE DE BREAUTE,M,"49,9140300","1,0922800",76,2019,50.0,1.0,1.0,3.0,2256668,1.0,1,1,1,0.0,,0.0,0,1976.0,A01,138Â 210Â 865,1.0,8.0,-1.0,1722524,2.0,3,,0.0,2.0,4.0,C01,138Â 210Â 868,1.0
1009137,201900050668,3,29,17:10,1,2,6,1.0,4.0,76217,AVENUE DE BREAUTE,M,"49,9140300","1,0922800",76,2019,50.0,1.0,1.0,3.0,2256668,1.0,1,1,1,0.0,,0.0,0,1976.0,A01,138Â 210Â 865,1.0,8.0,-1.0,1722525,2.0,7,,0.0,2.0,4.0,E01,138Â 210Â 869,1.0
1009137,201900050668,3,29,17:10,1,2,6,1.0,4.0,76217,AVENUE DE BREAUTE,M,"49,9140300","1,0922800",76,2019,50.0,1.0,1.0,3.0,2256669,1.0,1,1,1,0.0,,0.0,0,1992.0,C01,138Â 210Â 868,1.0,8.0,-1.0,1722521,1.0,7,,0.0,2.0,1.0,B01,138Â 210Â 862,1.0
1009137,201900050668,3,29,17:10,1,2,6,1.0,4.0,76217,AVENUE DE BREAUTE,M,"49,9140300","1,0922800",76,2019,50.0,1.0,1.0,3.0,2256669,1.0,1,1,1,0.0,,0.0,0,1992.0,C01,138Â 210Â 868,1.0,8.0,-1.0,1722522,2.0,7,,0.0,2.0,4.0,D01,138Â 210Â 863,1.0
1009137,201900050668,3,29,17:10,1,2,6,1.0,4.0,76217,AVENUE DE BREAUTE,M,"49,9140300","1,0922800",76,2019,50.0,1.0,1.0,3.0,2256669,1.0,1,1,1,0.0,,0.0,0,1992.0,C01,138Â 210Â 868,1.0,8.0,-1.0,1722523,2.0,7,,0.0,2.0,1.0,A01,138Â 210Â 865,1.0
1009137,201900050668,3,29,17:10,1,2,6,1.0,4.0,76217,AVENUE DE BREAUTE,M,"49,9140300","1,0922800",76,2019,50.0,1.0,1.0,3.0,2256669,1.0,1,1,1,0.0,,0.0,0,1992.0,C01,138Â 210Â 868,1.0,8.0,-1.0,1722524,2.0,3,,0.0,2.0,4.0,C01,138Â 210Â 868,1.0
1009137,201900050668,3,29,17:10,1,2,6,1.0,4.0,76217,AVENUE DE BREAUTE,M,"49,9140300","1,0922800",76,2019,50.0,1.0,1.0,3.0,2256669,1.0,1,1,1,0.0,,0.0,0,1992.0,C01,138Â 210Â 868,1.0,8.0,-1.0,1722525,2.0,7,,0.0,2.0,4.0,E01,138Â 210Â 869,1.0
1009137,201900050668,3,29,17:10,1,2,6,1.0,4.0,76217,AVENUE DE BREAUTE,M,"49,9140300","1,0922800",76,2019,50.0,1.0,1.0,3.0,2256670,2.0,2,1,2,0.0,,0.0,0,2000.0,E01,138Â 210Â 869,1.0,8.0,-1.0,1722521,1.0,7,,0.0,2.0,1.0,B01,138Â 210Â 862,1.0
1009137,201900050668,3,29,17:10,1,2,6,1.0,4.0,76217,AVENUE DE BREAUTE,M,"49,9140300","1,0922800",76,2019,50.0,1.0,1.0,3.0,2256670,2.0,2,1,2,0.0,,0.0,0,2000.0,E01,138Â 210Â 869,1.0,8.0,-1.0,1722522,2.0,7,,0.0,2.0,4.0,D01,138Â 210Â 863,1.0
1009137,201900050668,3,29,17:10,1,2,6,1.0,4.0,76217,AVENUE DE BREAUTE,M,"49,9140300","1,0922800",76,2019,50.0,1.0,1.0,3.0,2256670,2.0,2,1,2,0.0,,0.0,0,2000.0,E01,138Â 210Â 869,1.0,8.0,-1.0,1722523,2.0,7,,0.0,2.0,1.0,A01,138Â 210Â 865,1.0
1009137,201900050668,3,29,17:10,1,2,6,1.0,4.0,76217,AVENUE DE BREAUTE,M,"49,9140300","1,0922800",76,2019,50.0,1.0,1.0,3.0,2256670,2.0,2,1,2,0.0,,0.0,0,2000.0,E01,138Â 210Â 869,1.0,8.0,-1.0,1722524,2.0,3,,0.0,2.0,4.0,C01,138Â 210Â 868,1.0
1009137,201900050668,3,29,17:10,1,2,6,1.0,4.0,76217,AVENUE DE BREAUTE,M,"49,9140300","1,0922800",76,2019,50.0,1.0,1.0,3.0,2256670,2.0,2,1,2,0.0,,0.0,0,2000.0,E01,138Â 210Â 869,1.0,8.0,-1.0,1722525,2.0,7,,0.0,2.0,4.0,E01,138Â 210Â 869,1.0
1009137,201900050668,3,29,17:10,1,2,6,1.0,4.0,76217,AVENUE DE BREAUTE,M,"49,9140300","1,0922800",76,2019,50.0,1.0,1.0,3.0,2256671,4.0,2,1,2,0.0,,0.0,0,2001.0,E01,138Â 210Â 869,1.0,8.0,-1.0,1722521,1.0,7,,0.0,2.0,1.0,B01,138Â 210Â 862,1.0
1009137,201900050668,3,29,17:10,1,2,6,1.0,4.0,76217,AVENUE DE BREAUTE,M,"49,9140300","1,0922800",76,2019,50.0,1.0,1.0,3.0,2256671,4.0,2,1,2,0.0,,0.0,0,2001.0,E01,138Â 210Â 869,1.0,8.0,-1.0,1722522,2.0,7,,0.0,2.0,4.0,D01,138Â 210Â 863,1.0
1009137,201900050668,3,29,17:10,1,2,6,1.0,4.0,76217,AVENUE DE BREAUTE,M,"49,9140300","1,0922800",76,2019,50.0,1.0,1.0,3.0,2256671,4.0,2,1,2,0.0,,0.0,0,2001.0,E01,138Â 210Â 869,1.0,8.0,-1.0,1722523,2.0,7,,0.0,2.0,1.0,A01,138Â 210Â 865,1.0
1009137,201900050668,3,29,17:10,1,2,6,1.0,4.0,76217,AVENUE DE BREAUTE,M,"49,9140300","1,0922800",76,2019,50.0,1.0,1.0,3.0,2256671,4.0,2,1,2,0.0,,0.0,0,2001.0,E01,138Â 210Â 869,1.0,8.0,-1.0,1722524,2.0,3,,0.0,2.0,4.0,C01,138Â 210Â 868,1.0
1009137,201900050668,3,29,17:10,1,2,6,1.0,4.0,76217,AVENUE DE BREAUTE,M,"49,9140300","1,0922800",76,2019,50.0,1.0,1.0,3.0,2256671,4.0,2,1,2,0.0,,0.0,0,2001.0,E01,138Â 210Â 869,1.0,8.0,-1.0,1722525,2.0,7,,0.0,2.0,4.0,E01,138Â 210Â 869,1.0
1009137,201900050668,3,29,17:10,1,2,6,1.0,4.0,76217,AVENUE DE BREAUTE,M,"49,9140300","1,0922800",76,2019,50.0,1.0,1.0,3.0,2256672,1.0,1,1,1,0.0,,0.0,0,1990.0,E01,138Â 210Â 869,1.0,8.0,-1.0,1722521,1.0,7,,0.0,2.0,1.0,B01,138Â 210Â 862,1.0
1009137,201900050668,3,29,17:10,1,2,6,1.0,4.0,76217,AVENUE DE BREAUTE,M,"49,9140300","1,0922800",76,2019,50.0,1.0,1.0,3.0,2256672,1.0,1,1,1,0.0,,0.0,0,1990.0,E01,138Â 210Â 869,1.0,8.0,-1.0,1722522,2.0,7,,0.0,2.0,4.0,D01,138Â 210Â 863,1.0
1009137,201900050668,3,29,17:10,1,2,6,1.0,4.0,76217,AVENUE DE BREAUTE,M,"49,9140300","1,0922800",76,2019,50.0,1.0,1.0,3.0,2256672,1.0,1,1,1,0.0,,0.0,0,1990.0,E01,138Â 210Â 869,1.0,8.0,-1.0,1722523,2.0,7,,0.0,2.0,1.0,A01,138Â 210Â 865,1.0
1009137,201900050668,3,29,17:10,1,2,6,1.0,4.0,76217,AVENUE DE BREAUTE,M,"49,9140300","1,0922800",76,2019,50.0,1.0,1.0,3.0,2256672,1.0,1,1,1,0.0,,0.0,0,1990.0,E01,138Â 210Â 869,1.0,8.0,-1.0,1722524,2.0,3,,0.0,2.0,4.0,C01,138Â 210Â 868,1.0
1009137,201900050668,3,29,17:10,1,2,6,1.0,4.0,76217,AVENUE DE BREAUTE,M,"49,9140300","1,0922800",76,2019,50.0,1.0,1.0,3.0,2256672,1.0,1,1,1,0.0,,0.0,0,1990.0,E01,138Â 210Â 869,1.0,8.0,-1.0,1722525,2.0,7,,0.0,2.0,4.0,E01,138Â 210Â 869,1.0
1009138,201900050669,7,15,06:15,2,1,1,1.0,1.0,44069,Rue de Pradel,M,"47,3153380"," -2,4419960",44,2019,50.0,1.0,1.0,4.0,2256673,1.0,1,3,1,5.0,,0.0,0,1999.0,A01,138Â 210Â 860,1.0,-1.0,-1.0,1722526,3.0,7,,0.0,2.0,2.0,A01,138Â 210Â 860,1.0
1009138,201900050669,7,15,06:15,2,1,1,1.0,1.0,44069,Rue de Pradel,M,"47,3153380"," -2,4419960",44,2019,50.0,1.0,1.0,4.0,2256673,1.0,1,3,1,5.0,,0.0,0,1999.0,A01,138Â 210Â 860,1.0,-1.0,-1.0,1722527,3.0,7,,0.0,2.0,1.0,B01,138Â 210Â 861,1.0
1009138,201900050669,7,15,06:15,2,1,1,1.0,1.0,44069,Rue de Pradel,M,"47,3153380"," -2,4419960",44,2019,50.0,1.0,1.0,4.0,2256674,7.0,2,1,1,5.0,,0.0,0,2000.0,A01,138Â 210Â 860,1.0,-1.0,-1.0,1722526,3.0,7,,0.0,2.0,2.0,A01,138Â 210Â 860,1.0
1009138,201900050669,7,15,06:15,2,1,1,1.0,1.0,44069,Rue de Pradel,M,"47,3153380"," -2,4419960",44,2019,50.0,1.0,1.0,4.0,2256674,7.0,2,1,1,5.0,,0.0,0,2000.0,A01,138Â 210Â 860,1.0,-1.0,-1.0,1722527,3.0,7,,0.0,2.0,1.0,B01,138Â 210Â 861,1.0
1009138,201900050669,7,15,06:15,2,1,1,1.0,1.0,44069,Rue de Pradel,M,"47,3153380"," -2,4419960",44,2019,50.0,1.0,1.0,4.0,2256675,2.0,2,1,1,5.0,,0.0,0,2000.0,A01,138Â 210Â 860,1.0,-1.0,-1.0,1722526,3.0,7,,0.0,2.0,2.0,A01,138Â 210Â 860,1.0
1009138,201900050669,7,15,06:15,2,1,1,1.0,1.0,44069,Rue de Pradel,M,"47,3153380"," -2,4419960",44,2019,50.0,1.0,1.0,4.0,2256675,2.0,2,1,1,5.0,,0.0,0,2000.0,A01,138Â 210Â 860,1.0,-1.0,-1.0,1722527,3.0,7,,0.0,2.0,1.0,B01,138Â 210Â 861,1.0
1009138,201900050669,7,15,06:15,2,1,1,1.0,1.0,44069,Rue de Pradel,M,"47,3153380"," -2,4419960",44,2019,50.0,1.0,1.0,4.0,2256676,9.0,2,1,1,5.0,,0.0,0,2000.0,A01,138Â 210Â 860,1.0,-1.0,-1.0,1722526,3.0,7,,0.0,2.0,2.0,A01,138Â 210Â 860,1.0
1009138,201900050669,7,15,06:15,2,1,1,1.0,1.0,44069,Rue de Pradel,M,"47,3153380"," -2,4419960",44,2019,50.0,1.0,1.0,4.0,2256676,9.0,2,1,1,5.0,,0.0,0,2000.0,A01,138Â 210Â 860,1.0,-1.0,-1.0,1722527,3.0,7,,0.0,2.0,1.0,B01,138Â 210Â 861,1.0
1009138,201900050669,7,15,06:15,2,1,1,1.0,1.0,44069,Rue de Pradel,M,"47,3153380"," -2,4419960",44,2019,50.0,1.0,1.0,4.0,2256677,1.0,1,4,1,1.0,,0.0,0,1985.0,B01,138Â 210Â 861,1.0,-1.0,-1.0,1722526,3.0,7,,0.0,2.0,2.0,A01,138Â 210Â 860,1.0
1009138,201900050669,7,15,06:15,2,1,1,1.0,1.0,44069,Rue de Pradel,M,"47,3153380"," -2,4419960",44,2019,50.0,1.0,1.0,4.0,2256677,1.0,1,4,1,1.0,,0.0,0,1985.0,B01,138Â 210Â 861,1.0,-1.0,-1.0,1722527,3.0,7,,0.0,2.0,1.0,B01,138Â 210Â 861,1.0
1009139,201900050670,3,24,20:59,5,2,1,1.0,1.0,76217,CANADIENS (AVENUE DES)  RN27,M,"49,9083800","1,0760500",76,2019,50.0,1.0,1.0,2.0,2256678,1.0,1,3,1,5.0,,-1.0,0,1942.0,B01,138Â 210Â 858,2.0,8.0,-1.0,1722528,2.0,1,,0.0,2.0,4.0,B01,138Â 210Â 858,6.0
1009139,201900050670,3,24,20:59,5,2,1,1.0,1.0,76217,CANADIENS (AVENUE DES)  RN27,M,"49,9083800","1,0760500",76,2019,50.0,1.0,1.0,2.0,2256678,1.0,1,3,1,5.0,,-1.0,0,1942.0,B01,138Â 210Â 858,2.0,8.0,-1.0,1722529,2.0,7,,0.0,2.0,1.0,A01,138Â 210Â 859,1.0