Unnamed: 0_x,num_acc,mois,jour,hrmn,lum,agg,int,atm,col,com,adr,gps,lat,long,dep,annee,vma,situ,surf,catr,Unnamed: 0_y,place,catu,grav,sexe,trajet,secu,locp,actp,an_nais,num_veh_x,id_vehicule_x,secu1,secu2,secu3,Unnamed: 0,senc,catv,occutc,obs,obsm,choc,num_veh_y,id_vehicule_y,motor
1009139,201900050670,3,24,20:59,5,2,1,1.0,1.0,76217,CANADIENS (AVENUE DES)  RN27,M,"49,9083800","1,0760500",76,2019,50.0,1.0,1.0,2.0,2256679,1.0,1,1,1,5.0,,-1.0,0,1968.0,A01,138Â 210Â 859,8.0,8.0,-1.0,1722528,2.0,1,,0.0,2.0,4.0,B01,138Â 210Â 858,6.0
1009139,201900050670,3,24,20:59,5,2,1,1.0,1.0,76217,CANADIENS (AVENUE DES)  RN27,M,"49,9083800","1,0760500",76,2019,50.0,1.0,1.0,2.0,2256679,1.0,1,1,1,5.0,,-1.0,0,1968.0,A01,138Â 210Â 859,8.0,8.0,-1.0,1722529,2.0,7,,0.0,2.0,1.0,A01,138Â 210Â 859,1.0
1009140,201900050671,7,15,15:25,1,2,1,1.0,6.0,44154,avenue des sableaux,M,"47,2456340"," -2,1675560",44,2019,50.0,1.0,1.0,4.0,2256680,1.0,1,1,1,5.0,,0.0,0,1954.0,A01,138Â 210Â 857,1.0,-1.0,-1.0,1722530,2.0,7,,0.0,1.0,1.0,A01,138Â 210Â 857,1.0
1009140,201900050671,7,15,15:25,1,2,1,1.0,6.0,44154,avenue des sableaux,M,"47,2456340"," -2,1675560",44,2019,50.0,1.0,1.0,4.0,2256681,10.0,3,2,1,3.0,,3.0,3,1940.0,A01,138Â 210Â 857,0.0,-1.0,-1.0,1722530,2.0,7,,0.0,1.0,1.0,A01,138Â 210Â 857,1.0
1009141,201900050672,3,27,22:45,5,2,2,1.0,6.0,71270,CHARMILLES (RUE DES),M,"46,3050600","4,8200700",71,2019,50.0,1.0,1.0,4.0,2256682,10.0,3,3,2,5.0,,3.0,3,1967.0,Z01,138Â 210Â 856,8.0,0.0,-1.0,1722531,1.0,7,,0.0,1.0,1.0,Z01,138Â 210Â 856,0.0
1009142,201900050673,7,13,18:30,1,1,1,1.0,7.0,35039,Route de Rennes,M,"48,1137397"," -1,5171642",35,2019,80.0,1.0,1.0,3.0,2256683,1.0,1,2,1,5.0,,0.0,0,1982.0,A01,138Â 210Â 855,0.0,-1.0,-1.0,1722532,2.0,7,,13.0,0.0,8.0,A01,138Â 210Â 855,1.0
1009143,201900050674,7,2,10:47,1,1,2,1.0,5.0,35161,Rue des FrÃ¨res Amyot l'Inville,M,"48,0458500"," -1,3379210",35,2019,80.0,1.0,1.0,3.0,2256684,1.0,1,4,2,4.0,,0.0,0,1982.0,B01,138Â 210Â 849,1.0,-1.0,-1.0,1722533,3.0,7,,0.0,2.0,1.0,B01,138Â 210Â 849,1.0
1009143,201900050674,7,2,10:47,1,1,2,1.0,5.0,35161,Rue des FrÃ¨res Amyot l'Inville,M,"48,0458500"," -1,3379210",35,2019,80.0,1.0,1.0,3.0,2256684,1.0,1,4,2,4.0,,0.0,0,1982.0,B01,138Â 210Â 849,1.0,-1.0,-1.0,1722534,0.0,7,,0.0,2.0,1.0,C01,138Â 210Â 850,1.0
1009143,201900050674,7,2,10:47,1,1,2,1.0,5.0,35161,Rue des FrÃ¨res Amyot l'Inville,M,"48,0458500"," -1,3379210",35,2019,80.0,1.0,1.0,3.0,2256684,1.0,1,4,2,4.0,,0.0,0,1982.0,B01,138Â 210Â 849,1.0,-1.0,-1.0,1722535,0.0,7,,0.0,2.0,5.0,A01,138Â 210Â 852,1.0
1009143,201900050674,7,2,10:47,1,1,2,1.0,5.0,35161,Rue des FrÃ¨res Amyot l'Inville,M,"48,0458500"," -1,3379210",35,2019,80.0,1.0,1.0,3.0,2256685,1.0,1,1,2,3.0,,0.0,0,1967.0,C01,138Â 210Â 850,1.0,-1.0,-1.0,1722533,3.0,7,,0.0,2.0,1.0,B01,138Â 210Â 849,1.0
1009143,201900050674,7,2,10:47,1,1,2,1.0,5.0,35161,Rue des FrÃ¨res Amyot l'Inville,M,"48,0458500"," -1,3379210",35,2019,80.0,1.0,1.0,3.0,2256685,1.0,1,1,2,3.0,,0.0,0,1967.0,C01,138Â 210Â 850,1.0,-1.0,-1.0,1722534,0.0,7,,0.0,2.0,1.0,C01,138Â 210Â 850,1.0
1009143,201900050674,7,2,10:47,1,1,2,1.0,5.0,35161,Rue des FrÃ¨res Amyot l'Inville,M,"48,0458500"," -1,3379210",35,2019,80.0,1.0,1.0,3.0,2256685,1.0,1,1,2,3.0,,0.0,0,1967.0,C01,138Â 210Â 850,1.0,-1.0,-1.0,1722535,0.0,7,,0.0,2.0,5.0,A01,138Â 210Â 852,1.0
1009143,201900050674,7,2,10:47,1,1,2,1.0,5.0,35161,Rue des FrÃ¨res Amyot l'Inville,M,"48,0458500"," -1,3379210",35,2019,80.0,1.0,1.0,3.0,2256686,1.0,1,1,1,4.0,,0.0,0,1962.0,A01,138Â 210Â 852,1.0,-1.0,-1.0,1722533,3.0,7,,0.0,2.0,1.0,B01,138Â 210Â 849,1.0
1009143,201900050674,7,2,10:47,1,1,2,1.0,5.0,35161,Rue des FrÃ¨res Amyot l'Inville,M,"48,0458500"," -1,3379210",35,2019,80.0,1.0,1.0,3.0,2256686,1.0,1,1,1,4.0,,0.0,0,1962.0,A01,138Â 210Â 852,1.0,-1.0,-1.0,1722534,0.0,7,,0.0,2.0,1.0,C01,138Â 210Â 850,1.0
1009143,201900050674,7,2,10:47,1,1,2,1.0,5.0,35161,Rue des FrÃ¨res Amyot l'Inville,M,"48,0458500"," -1,3379210",35,2019,80.0,1.0,1.0,3.0,2256686,1.0,1,1,1,4.0,,0.0,0,1962.0,A01,138Â 210Â 852,1.0,-1.0,-1.0,1722535,0.0,7,,0.0,2.0,5.0,A01,138Â 210Â 852,1.0
1009144,201900050675,7,14,21:30,2,1,1,1.0,6.0,35044,D87,M,"48,4772380"," -1,6494020",35,2019,80.0,8.0,1.0,3.0,2256687,2.0,2,3,2,0.0,,0.0,0,1979.0,A01,138Â 210Â 848,8.0,-1.0,-1.0,1722536,2.0,7,,13.0,0.0,1.0,A01,138Â 210Â 848,1.0
1009145,201900050676,7,15,18:15,1,1,2,1.0,3.0,38476,D53 B,M,"45,5048100","5,0623100",38,2019,80.0,1.0,1.0,3.0,2256688,1.0,1,1,1,5.0,,0.0,0,2001.0,A01,138Â 210Â 845,1.0,-1.0,-1.0,1722537,1.0,7,,0.0,2.0,1.0,A01,138Â 210Â 845,1.0
1009145,201900050676,7,15,18:15,1,1,2,1.0,3.0,38476,D53 B,M,"45,5048100","5,0623100",38,2019,80.0,1.0,1.0,3.0,2256688,1.0,1,1,1,5.0,,0.0,0,2001.0,A01,138Â 210Â 845,1.0,-1.0,-1.0,1722538,2.0,33,,0.0,2.0,8.0,B01,138Â 210Â 846,1.0
1009145,201900050676,7,15,18:15,1,1,2,1.0,3.0,38476,D53 B,M,"45,5048100","5,0623100",38,2019,80.0,1.0,1.0,3.0,2256689,1.0,1,3,1,0.0,,0.0,0,1985.0,B01,138Â 210Â 846,2.0,6.0,-1.0,1722537,1.0,7,,0.0,2.0,1.0,A01,138Â 210Â 845,1.0
1009145,201900050676,7,15,18:15,1,1,2,1.0,3.0,38476,D53 B,M,"45,5048100","5,0623100",38,2019,80.0,1.0,1.0,3.0,2256689,1.0,1,3,1,0.0,,0.0,0,1985.0,B01,138Â 210Â 846,2.0,6.0,-1.0,1722538,2.0,33,,0.0,2.0,8.0,B01,138Â 210Â 846,1.0
1009146,201900050677,7,14,17:50,1,1,1,1.0,6.0,02355,DÃ©partementale 1044,M,"49,8892810","3,2654370",2,2019,80.0,3.0,1.0,3.0,2256690,1.0,1,4,1,5.0,,0.0,0,1989.0,A01,138Â 210Â 844,1.0,9.0,-1.0,1722539,2.0,7,,15.0,0.0,1.0,A01,138Â 210Â 844,1.0
1009147,201900050678,3,29,11:10,1,2,6,1.0,3.0,69282,REPUBLIQUE (DE)                     (R ),M,"45,7684300","4,9911600",69,2019,50.0,1.0,1.0,4.0,2256691,1.0,1,1,2,5.0,,0.0,0,1946.0,A01,138Â 210Â 843,1.0,0.0,-1.0,1722540,2.0,7,,0.0,1.0,2.0,A01,138Â 210Â 843,1.0
1009147,201900050678,3,29,11:10,1,2,6,1.0,3.0,69282,REPUBLIQUE (DE)                     (R ),M,"45,7684300","4,9911600",69,2019,50.0,1.0,1.0,4.0,2256691,1.0,1,1,2,5.0,,0.0,0,1946.0,A01,138Â 210Â 843,1.0,0.0,-1.0,1722541,3.0,1,,0.0,2.0,4.0,B01,138Â 210Â 847,0.0
1009147,201900050678,3,29,11:10,1,2,6,1.0,3.0,69282,REPUBLIQUE (DE)                     (R ),M,"45,7684300","4,9911600",69,2019,50.0,1.0,1.0,4.0,2256692,1.0,1,4,2,5.0,,0.0,0,1941.0,B01,138Â 210Â 847,8.0,0.0,-1.0,1722540,2.0,7,,0.0,1.0,2.0,A01,138Â 210Â 843,1.0
1009147,201900050678,3,29,11:10,1,2,6,1.0,3.0,69282,REPUBLIQUE (DE)                     (R ),M,"45,7684300","4,9911600",69,2019,50.0,1.0,1.0,4.0,2256692,1.0,1,4,2,5.0,,0.0,0,1941.0,B01,138Â 210Â 847,8.0,0.0,-1.0,1722541,3.0,1,,0.0,2.0,4.0,B01,138Â 210Â 847,0.0
1009148,201900050679,3,26,08:10,1,2,1,1.0,6.0,69275,EMILE BERTRAND                      (R ),M,"45,7711000","4,9548000",69,2019,50.0,1.0,1.0,4.0,2256693,10.0,3,3,1,0.0,,0.0,3,1959.0,A01,138Â 210Â 841,8.0,0.0,-1.0,1722542,2.0,7,,0.0,1.0,2.0,A01,138Â 210Â 841,6.0
1009148,201900050679,3,26,08:10,1,2,1,1.0,6.0,69275,EMILE BERTRAND                      (R ),M,"45,7711000","4,9548000",69,2019,50.0,1.0,1.0,4.0,2256694,1.0,1,1,1,0.0,,0.0,0,1968.0,A01,138Â 210Â 841,1.0,0.0,-1.0,1722542,2.0,7,,0.0,1.0,2.0,A01,138Â 210Â 841,6.0
1009149,201900050680,7,14,11:10,1,1,9,1.0,3.0,01204,867 Route de Geneve (Lalleyriat),M,"46,1669210","5,6903070",1,2019,70.0,6.0,1.0,3.0,2256695,1.0,1,3,1,0.0,,0.0,0,1964.0,B01,138Â 210Â 840,2.0,6.0,-1.0,1722543,1.0,33,,0.0,0.0,2.0,B01,138Â 210Â 840,0.0
1009149,201900050680,7,14,11:10,1,1,9,1.0,3.0,01204,867 Route de Geneve (Lalleyriat),M,"46,1669210","5,6903070",1,2019,70.0,6.0,1.0,3.0,2256695,1.0,1,3,1,0.0,,0.0,0,1964.0,B01,138Â 210Â 840,2.0,6.0,-1.0,1722544,1.0,7,,0.0,0.0,8.0,A01,138Â 210Â 842,0.0
1009149,201900050680,7,14,11:10,1,1,9,1.0,3.0,01204,867 Route de Geneve (Lalleyriat),M,"46,1669210","5,6903070",1,2019,70.0,6.0,1.0,3.0,2256696,2.0,2,3,2,0.0,,0.0,0,1967.0,B01,138Â 210Â 840,2.0,6.0,-1.0,1722543,1.0,33,,0.0,0.0,2.0,B01,138Â 210Â 840,0.0
1009149,201900050680,7,14,11:10,1,1,9,1.0,3.0,01204,867 Route de Geneve (Lalleyriat),M,"46,1669210","5,6903070",1,2019,70.0,6.0,1.0,3.0,2256696,2.0,2,3,2,0.0,,0.0,0,1967.0,B01,138Â 210Â 840,2.0,6.0,-1.0,1722544,1.0,7,,0.0,0.0,8.0,A01,138Â 210Â 842,0.0
1009149,201900050680,7,14,11:10,1,1,9,1.0,3.0,01204,867 Route de Geneve (Lalleyriat),M,"46,1669210","5,6903070",1,2019,70.0,6.0,1.0,3.0,2256697,1.0,1,1,2,5.0,,0.0,0,1991.0,A01,138Â 210Â 842,1.0,-1.0,-1.0,1722543,1.0,33,,0.0,0.0,2.0,B01,138Â 210Â 840,0.0
1009149,201900050680,7,14,11:10,1,1,9,1.0,3.0,01204,867 Route de Geneve (Lalleyriat),M,"46,1669210","5,6903070",1,2019,70.0,6.0,1.0,3.0,2256697,1.0,1,1,2,5.0,,0.0,0,1991.0,A01,138Â 210Â 842,1.0,-1.0,-1.0,1722544,1.0,7,,0.0,0.0,8.0,A01,138Â 210Â 842,0.0
1009149,201900050680,7,14,11:10,1,1,9,1.0,3.0,01204,867 Route de Geneve (Lalleyriat),M,"46,1669210","5,6903070",1,2019,70.0,6.0,1.0,3.0,2256698,2.0,2,1,1,0.0,,0.0,0,1989.0,A01,138Â 210Â 842,8.0,-1.0,-1.0,1722543,1.0,33,,0.0,0.0,2.0,B01,138Â 210Â 840,0.0
1009149,201900050680,7,14,11:10,1,1,9,1.0,3.0,01204,867 Route de Geneve (Lalleyriat),M,"46,1669210","5,6903070",1,2019,70.0,6.0,1.0,3.0,2256698,2.0,2,1,1,0.0,,0.0,0,1989.0,A01,138Â 210Â 842,8.0,-1.0,-1.0,1722544,1.0,7,,0.0,0.0,8.0,A01,138Â 210Â 842,0.0
1009150,201900050681,7,8,14:00,1,1,1,8.0,6.0,66149,route nationale 116,M,"42,6243360","2,4440780",66,2019,90.0,3.0,1.0,2.0,2256699,1.0,1,3,2,5.0,,0.0,0,1944.0,A01,138Â 210Â 838,1.0,-1.0,-1.0,1722545,1.0,7,,8.0,9.0,1.0,A01,138Â 210Â 838,1.0
1009150,201900050681,7,8,14:00,1,1,1,8.0,6.0,66149,route nationale 116,M,"42,6243360","2,4440780",66,2019,90.0,3.0,1.0,2.0,2256700,2.0,2,2,1,5.0,,0.0,0,1933.0,A01,138Â 210Â 838,1.0,-1.0,-1.0,1722545,1.0,7,,8.0,9.0,1.0,A01,138Â 210Â 838,1.0
1009151,201900050682,3,27,10:25,1,2,1,1.0,6.0,69290,CHARLES DE GAULLE                   (AV),M,"45,7035800","4,9343200",69,2019,50.0,2.0,1.0,4.0,2256701,1.0,1,4,1,1.0,,0.0,0,1981.0,A01,138Â 210Â 839,1.0,0.0,-1.0,1722546,2.0,7,,1.0,0.0,3.0,A01,138Â 210Â 839,1.0
1009152,201900050683,7,15,04:15,3,1,1,1.0,6.0,14731,D118 Lieu-dit les Aunais,M,"49,2960890","0,0692230",14,2019,80.0,1.0,1.0,3.0,2256702,1.0,1,3,1,5.0,,0.0,0,1997.0,A01,138Â 210Â 837,1.0,-1.0,-1.0,1722547,2.0,7,,13.0,0.0,3.0,A01,138Â 210Â 837,1.0
1009153,201900050684,3,28,17:50,1,2,1,1.0,6.0,69264,REMPARTS RUE DES,M,"45,9925000","4,7173000",69,2019,50.0,1.0,1.0,4.0,2256703,10.0,3,4,2,5.0,,1.0,5,2000.0,A01,138Â 210Â 835,8.0,0.0,-1.0,1722548,1.0,7,,0.0,1.0,1.0,A01,138Â 210Â 835,1.0
1009153,201900050684,3,28,17:50,1,2,1,1.0,6.0,69264,REMPARTS RUE DES,M,"45,9925000","4,7173000",69,2019,50.0,1.0,1.0,4.0,2256704,1.0,1,1,1,9.0,,0.0,0,1983.0,A01,138Â 210Â 835,1.0,0.0,-1.0,1722548,1.0,7,,0.0,1.0,1.0,A01,138Â 210Â 835,1.0
1009154,201900050685,7,14,20:45,2,1,1,1.0,1.0,05164,rn94,M,"44,5333470","6,3760340",5,2019,80.0,1.0,1.0,2.0,2256705,1.0,1,3,2,0.0,,0.0,0,1990.0,A01,138Â 210Â 834,1.0,-1.0,-1.0,1722549,1.0,7,,0.0,2.0,1.0,A01,138Â 210Â 834,1.0
1009154,201900050685,7,14,20:45,2,1,1,1.0,1.0,05164,rn94,M,"44,5333470","6,3760340",5,2019,80.0,1.0,1.0,2.0,2256705,1.0,1,3,2,0.0,,0.0,0,1990.0,A01,138Â 210Â 834,1.0,-1.0,-1.0,1722550,2.0,10,,0.0,2.0,1.0,B01,138Â 210Â 836,1.0
1009154,201900050685,7,14,20:45,2,1,1,1.0,1.0,05164,rn94,M,"44,5333470","6,3760340",5,2019,80.0,1.0,1.0,2.0,2256706,1.0,1,3,1,4.0,,0.0,0,1982.0,B01,138Â 210Â 836,1.0,-1.0,-1.0,1722549,1.0,7,,0.0,2.0,1.0,A01,138Â 210Â 834,1.0
1009154,201900050685,7,14,20:45,2,1,1,1.0,1.0,05164,rn94,M,"44,5333470","6,3760340",5,2019,80.0,1.0,1.0,2.0,2256706,1.0,1,3,1,4.0,,0.0,0,1982.0,B01,138Â 210Â 836,1.0,-1.0,-1.0,1722550,2.0,10,,0.0,2.0,1.0,B01,138Â 210Â 836,1.0
1009155,201900050686,3,29,18:47,1,2,1,1.0,6.0,68224,FRANKLIN (RUE),M,"47,7509700","7,3316700",68,2019,50.0,1.0,1.0,4.0,2256707,10.0,3,4,1,5.0,,3.0,3,1979.0,A01,138Â 210Â 833,8.0,0.0,-1.0,1722551,2.0,7,,0.0,1.0,1.0,A01,138Â 210Â 833,1.0
1009156,201900050687,7,14,15:46,1,1,1,1.0,7.0,05009,RN 85,M,"44,8055670","5,9560000",5,2019,80.0,3.0,1.0,2.0,2256708,1.0,1,3,2,5.0,,0.0,0,1965.0,A01,138Â 210Â 832,2.0,6.0,9.0,1722552,2.0,31,,8.0,0.0,1.0,A01,138Â 210Â 832,1.0
1009157,201900050688,3,28,17:00,1,2,3,1.0,3.0,67482,CHRISTIAN PFISTER (AVENUE),M,"48,5551450","7,7536250",67,2019,50.0,1.0,1.0,4.0,2256709,1.0,1,1,1,0.0,,-1.0, -1,1969.0,A01,138Â 210Â 830,1.0,8.0,-1.0,1722553,1.0,7,,0.0,2.0,2.0,A01,138Â 210Â 830,1.0
1009157,201900050688,3,28,17:00,1,2,3,1.0,3.0,67482,CHRISTIAN PFISTER (AVENUE),M,"48,5551450","7,7536250",67,2019,50.0,1.0,1.0,4.0,2256709,1.0,1,1,1,0.0,,-1.0, -1,1969.0,A01,138Â 210Â 830,1.0,8.0,-1.0,1722554,2.0,2,,0.0,2.0,1.0,B01,138Â 210Â 831,1.0
1009157,201900050688,3,28,17:00,1,2,3,1.0,3.0,67482,CHRISTIAN PFISTER (AVENUE),M,"48,5551450","7,7536250",67,2019,50.0,1.0,1.0,4.0,2256710,1.0,1,4,1,0.0,,-1.0,0,1993.0,B01,138Â 210Â 831,8.0,0.0,-1.0,1722553,1.0,7,,0.0,2.0,2.0,A01,138Â 210Â 830,1.0
1009157,201900050688,3,28,17:00,1,2,3,1.0,3.0,67482,CHRISTIAN PFISTER (AVENUE),M,"48,5551450","7,7536250",67,2019,50.0,1.0,1.0,4.0,2256710,1.0,1,4,1,0.0,,-1.0,0,1993.0,B01,138Â 210Â 831,8.0,0.0,-1.0,1722554,2.0,2,,0.0,2.0,1.0,B01,138Â 210Â 831,1.0
1009158,201900050689,7,15,14:20,1,1,9,1.0,1.0,50523,Route de la FiÃ¨re,M,"49,4046440"," -1,3529530",50,2019,80.0,1.0,1.0,3.0,2256711,1.0,1,4,2,1.0,,0.0,0,1999.0,B01,138Â 210Â 828,1.0,5.0,-1.0,1722555,0.0,7,,0.0,2.0,1.0,B01,138Â 210Â 828,1.0
1009158,201900050689,7,15,14:20,1,1,9,1.0,1.0,50523,Route de la FiÃ¨re,M,"49,4046440"," -1,3529530",50,2019,80.0,1.0,1.0,3.0,2256711,1.0,1,4,2,1.0,,0.0,0,1999.0,B01,138Â 210Â 828,1.0,5.0,-1.0,1722556,0.0,7,,0.0,2.0,1.0,A01,138Â 210Â 829,1.0
1009158,201900050689,7,15,14:20,1,1,9,1.0,1.0,50523,Route de la FiÃ¨re,M,"49,4046440"," -1,3529530",50,2019,80.0,1.0,1.0,3.0,2256712,1.0,1,4,1,4.0,,0.0,0,1996.0,A01,138Â 210Â 829,1.0,5.0,-1.0,1722555,0.0,7,,0.0,2.0,1.0,B01,138Â 210Â 828,1.0
1009158,201900050689,7,15,14:20,1,1,9,1.0,1.0,50523,Route de la FiÃ¨re,M,"49,4046440"," -1,3529530",50,2019,80.0,1.0,1.0,3.0,2256712,1.0,1,4,1,4.0,,0.0,0,1996.0,A01,138Â 210Â 829,1.0,5.0,-1.0,1722556,0.0,7,,0.0,2.0,1.0,A01,138Â 210Â 829,1.0
1009159,201900050690,3,28,17:00,1,2,1,1.0,6.0,67482,ILL (RUE DE L ),M,"48,6129700","7,7765700",67,2019,50.0,2.0,1.0,4.0,2256713,1.0,1,1,1,2.0,,-1.0,0,1967.0,A01,138Â 210Â 827,1.0,8.0,-1.0,1722557,1.0,7,,0.0,1.0,5.0,A01,138Â 210Â 827,1.0
1009159,201900050690,3,28,17:00,1,2,1,1.0,6.0,67482,ILL (RUE DE L ),M,"48,6129700","7,7765700",67,2019,50.0,2.0,1.0,4.0,2256714,10.0,3,3,1,2.0,,8.0,5,2011.0,A01,138Â 210Â 827,8.0,0.0,-1.0,1722557,1.0,7,,0.0,1.0,5.0,A01,138Â 210Â 827,1.0
1009160,201900050691,7,15,00:45,3,1,1,1.0,6.0,16148,Ld Le PenchÃ© des Tanges,M,"45,8047637","0,0009172",16,2019,80.0,1.0,1.0,4.0,2256715,10.0,3,3,1,5.0,,1.0,1,1992.0,A01,138Â 210Â 826,0.0,-1.0,-1.0,1722558,1.0,0,,0.0,1.0,1.0,A01,138Â 210Â 826,1.0
1009161,201900050692,7,14,19:25,1,1,2,1.0,3.0,07039,Carrefour de l'homme D 578 - D234,M,"45,0665710","4,6648020",7,2019,80.0,1.0,1.0,3.0,2256716,1.0,1,1,2,5.0,,0.0,0,1999.0,A01,138Â 210Â 823,1.0,-1.0,-1.0,1722559,3.0,7,,0.0,0.0,7.0,A01,138Â 210Â 823,1.0
1009161,201900050692,7,14,19:25,1,1,2,1.0,3.0,07039,Carrefour de l'homme D 578 - D234,M,"45,0665710","4,6648020",7,2019,80.0,1.0,1.0,3.0,2256716,1.0,1,1,2,5.0,,0.0,0,1999.0,A01,138Â 210Â 823,1.0,-1.0,-1.0,1722560,3.0,7,,0.0,0.0,3.0,B01,138Â 210Â 824,1.0
1009161,201900050692,7,14,19:25,1,1,2,1.0,3.0,07039,Carrefour de l'homme D 578 - D234,M,"45,0665710","4,6648020",7,2019,80.0,1.0,1.0,3.0,2256717,1.0,1,4,2,5.0,,0.0,0,1939.0,B01,138Â 210Â 824,1.0,-1.0,-1.0,1722559,3.0,7,,0.0,0.0,7.0,A01,138Â 210Â 823,1.0
1009161,201900050692,7,14,19:25,1,1,2,1.0,3.0,07039,Carrefour de l'homme D 578 - D234,M,"45,0665710","4,6648020",7,2019,80.0,1.0,1.0,3.0,2256717,1.0,1,4,2,5.0,,0.0,0,1939.0,B01,138Â 210Â 824,1.0,-1.0,-1.0,1722560,3.0,7,,0.0,0.0,3.0,B01,138Â 210Â 824,1.0
1009162,201900050693,7,14,14:09,1,1,1,1.0,7.0,07294,Le Sauzet,M,"44,2937220","4,2758270",7,2019,80.0,3.0,1.0,3.0,2256718,1.0,1,3,1,5.0,,0.0,0,1951.0,A01,138Â 210Â 822,8.0,-1.0,-1.0,1722561,3.0,7,,13.0,0.0,8.0,A01,138Â 210Â 822,6.0
1009163,201900050694,3,27,18:58,5,2,1,1.0,2.0,67482,LANDSBERG (RUE DU),M,"48,5704930","7,7638790",67,2019,50.0,1.0,1.0,4.0,2256719,1.0,1,4,1,5.0,,-1.0,0,1972.0,B01,138Â 210Â 821,1.0,8.0,-1.0,1722562,1.0,7,,0.0,2.0,4.0,B01,138Â 210Â 821,1.0
1009163,201900050694,3,27,18:58,5,2,1,1.0,2.0,67482,LANDSBERG (RUE DU),M,"48,5704930","7,7638790",67,2019,50.0,1.0,1.0,4.0,2256719,1.0,1,4,1,5.0,,-1.0,0,1972.0,B01,138Â 210Â 821,1.0,8.0,-1.0,1722563,1.0,7,,0.0,2.0,1.0,A01,138Â 210Â 825,1.0
1009163,201900050694,3,27,18:58,5,2,1,1.0,2.0,67482,LANDSBERG (RUE DU),M,"48,5704930","7,7638790",67,2019,50.0,1.0,1.0,4.0,2256720,1.0,1,1,1,2.0,,-1.0,0,1999.0,A01,138Â 210Â 825,1.0,8.0,-1.0,1722562,1.0,7,,0.0,2.0,4.0,B01,138Â 210Â 821,1.0
1009163,201900050694,3,27,18:58,5,2,1,1.0,2.0,67482,LANDSBERG (RUE DU),M,"48,5704930","7,7638790",67,2019,50.0,1.0,1.0,4.0,2256720,1.0,1,1,1,2.0,,-1.0,0,1999.0,A01,138Â 210Â 825,1.0,8.0,-1.0,1722563,1.0,7,,0.0,2.0,1.0,A01,138Â 210Â 825,1.0
1009164,201900050695,7,12,15:40,1,1,1,1.0,3.0,40267,D933 N,M,"43,9898150"," -0,2180750",40,2019,80.0,1.0,1.0,3.0,2256721,1.0,1,1,1,5.0,,0.0,0,1945.0,B01,138Â 210Â 818,1.0,-1.0,-1.0,1722564,0.0,7,,0.0,2.0,6.0,B01,138Â 210Â 818,1.0
1009164,201900050695,7,12,15:40,1,1,1,1.0,3.0,40267,D933 N,M,"43,9898150"," -0,2180750",40,2019,80.0,1.0,1.0,3.0,2256721,1.0,1,1,1,5.0,,0.0,0,1945.0,B01,138Â 210Â 818,1.0,-1.0,-1.0,1722565,0.0,7,,0.0,2.0,3.0,A01,138Â 210Â 820,1.0
1009164,201900050695,7,12,15:40,1,1,1,1.0,3.0,40267,D933 N,M,"43,9898150"," -0,2180750",40,2019,80.0,1.0,1.0,3.0,2256722,2.0,2,3,1,5.0,,0.0,0,1949.0,A01,138Â 210Â 820,1.0,-1.0,-1.0,1722564,0.0,7,,0.0,2.0,6.0,B01,138Â 210Â 818,1.0
1009164,201900050695,7,12,15:40,1,1,1,1.0,3.0,40267,D933 N,M,"43,9898150"," -0,2180750",40,2019,80.0,1.0,1.0,3.0,2256722,2.0,2,3,1,5.0,,0.0,0,1949.0,A01,138Â 210Â 820,1.0,-1.0,-1.0,1722565,0.0,7,,0.0,2.0,3.0,A01,138Â 210Â 820,1.0
1009164,201900050695,7,12,15:40,1,1,1,1.0,3.0,40267,D933 N,M,"43,9898150"," -0,2180750",40,2019,80.0,1.0,1.0,3.0,2256723,1.0,1,1,2,5.0,,0.0,0,1946.0,A01,138Â 210Â 820,1.0,-1.0,-1.0,1722564,0.0,7,,0.0,2.0,6.0,B01,138Â 210Â 818,1.0
1009164,201900050695,7,12,15:40,1,1,1,1.0,3.0,40267,D933 N,M,"43,9898150"," -0,2180750",40,2019,80.0,1.0,1.0,3.0,2256723,1.0,1,1,2,5.0,,0.0,0,1946.0,A01,138Â 210Â 820,1.0,-1.0,-1.0,1722565,0.0,7,,0.0,2.0,3.0,A01,138Â 210Â 820,1.0
1009165,201900050696,3,27,16:25,1,2,1,1.0,6.0,67482,HOCHFELDEN (RUE DE),M,"48,6013700","7,7234000",67,2019,50.0,1.0,1.0,4.0,2256724,1.0,1,1,1,4.0,,-1.0,0,1956.0,B01,138Â 210Â 817,1.0,8.0,-1.0,1722566,2.0,7,,0.0,2.0,3.0,B01,138Â 210Â 817,1.0
1009165,201900050696,3,27,16:25,1,2,1,1.0,6.0,67482,HOCHFELDEN (RUE DE),M,"48,6013700","7,7234000",67,2019,50.0,1.0,1.0,4.0,2256724,1.0,1,1,1,4.0,,-1.0,0,1956.0,B01,138Â 210Â 817,1.0,8.0,-1.0,1722567,1.0,1,,0.0,2.0,1.0,A01,138Â 210Â 819,5.0