Unnamed: 0_x,num_acc,mois,jour,hrmn,lum,agg,int,atm,col,com,adr,gps,lat,long,dep,annee,vma,situ,surf,catr,Unnamed: 0_y,place,catu,grav,sexe,trajet,secu,locp,actp,an_nais,num_veh_x,id_vehicule_x,secu1,secu2,secu3,Unnamed: 0,senc,catv,occutc,obs,obsm,choc,num_veh_y,id_vehicule_y,motor
1009165,201900050696,3,27,16:25,1,2,1,1.0,6.0,67482,HOCHFELDEN (RUE DE),M,"48,6013700","7,7234000",67,2019,50.0,1.0,1.0,4.0,2256725,1.0,1,4,1,2.0,,-1.0,0,2005.0,A01,138Â 210Â 819,8.0,0.0,-1.0,1722566,2.0,7,,0.0,2.0,3.0,B01,138Â 210Â 817,1.0
1009165,201900050696,3,27,16:25,1,2,1,1.0,6.0,67482,HOCHFELDEN (RUE DE),M,"48,6013700","7,7234000",67,2019,50.0,1.0,1.0,4.0,2256725,1.0,1,4,1,2.0,,-1.0,0,2005.0,A01,138Â 210Â 819,8.0,0.0,-1.0,1722567,1.0,1,,0.0,2.0,1.0,A01,138Â 210Â 819,5.0
1009166,201900050697,7,14,10:20,1,1,1,1.0,6.0,24284,La trÃ©mouille,M,"45,1863920","0,9548810",24,2019,80.0,1.0,1.0,4.0,2256726,1.0,1,1,2,5.0,,0.0,0,1975.0,B01,138Â 210Â 814,1.0,-1.0,-1.0,1722568,3.0,7,,0.0,2.0,3.0,B01,138Â 210Â 814,1.0
1009166,201900050697,7,14,10:20,1,1,1,1.0,6.0,24284,La trÃ©mouille,M,"45,1863920","0,9548810",24,2019,80.0,1.0,1.0,4.0,2256726,1.0,1,1,2,5.0,,0.0,0,1975.0,B01,138Â 210Â 814,1.0,-1.0,-1.0,1722569,3.0,7,,0.0,2.0,3.0,A01,138Â 210Â 816,1.0
1009166,201900050697,7,14,10:20,1,1,1,1.0,6.0,24284,La trÃ©mouille,M,"45,1863920","0,9548810",24,2019,80.0,1.0,1.0,4.0,2256727,1.0,1,3,1,5.0,,0.0,0,1933.0,A01,138Â 210Â 816,1.0,-1.0,-1.0,1722568,3.0,7,,0.0,2.0,3.0,B01,138Â 210Â 814,1.0
1009166,201900050697,7,14,10:20,1,1,1,1.0,6.0,24284,La trÃ©mouille,M,"45,1863920","0,9548810",24,2019,80.0,1.0,1.0,4.0,2256727,1.0,1,3,1,5.0,,0.0,0,1933.0,A01,138Â 210Â 816,1.0,-1.0,-1.0,1722569,3.0,7,,0.0,2.0,3.0,A01,138Â 210Â 816,1.0
1009167,201900050698,3,27,11:59,1,2,3,1.0,6.0,67482,MOLIERE (AVENUE),M,"48,5951460","7,7070640",67,2019,50.0,1.0,1.0,4.0,2256728,1.0,1,4,2,4.0,,-1.0,0,1981.0,A01,138Â 210Â 813,1.0,8.0,-1.0,1722570,1.0,7,,0.0,2.0,1.0,A01,138Â 210Â 813,1.0
1009167,201900050698,3,27,11:59,1,2,3,1.0,6.0,67482,MOLIERE (AVENUE),M,"48,5951460","7,7070640",67,2019,50.0,1.0,1.0,4.0,2256728,1.0,1,4,2,4.0,,-1.0,0,1981.0,A01,138Â 210Â 813,1.0,8.0,-1.0,1722571,2.0,7,,0.0,2.0,1.0,Z01,138Â 210Â 815,1.0
1009168,201900050699,7,9,09:15,1,1,1,1.0,1.0,85284,Route de Bageonne,M,"46,8015500"," -1,8843500",85,2019,80.0,1.0,1.0,4.0,2256729,1.0,1,1,2,0.0,,0.0,0,1997.0,B01,138Â 210Â 811,1.0,-1.0,-1.0,1722572,0.0,7,,0.0,2.0,1.0,B01,138Â 210Â 811,1.0
1009168,201900050699,7,9,09:15,1,1,1,1.0,1.0,85284,Route de Bageonne,M,"46,8015500"," -1,8843500",85,2019,80.0,1.0,1.0,4.0,2256729,1.0,1,1,2,0.0,,0.0,0,1997.0,B01,138Â 210Â 811,1.0,-1.0,-1.0,1722573,0.0,7,,0.0,2.0,1.0,A01,138Â 210Â 812,1.0
1009168,201900050699,7,9,09:15,1,1,1,1.0,1.0,85284,Route de Bageonne,M,"46,8015500"," -1,8843500",85,2019,80.0,1.0,1.0,4.0,2256730,1.0,1,3,2,9.0,,0.0,0,1929.0,A01,138Â 210Â 812,1.0,-1.0,-1.0,1722572,0.0,7,,0.0,2.0,1.0,B01,138Â 210Â 811,1.0
1009168,201900050699,7,9,09:15,1,1,1,1.0,1.0,85284,Route de Bageonne,M,"46,8015500"," -1,8843500",85,2019,80.0,1.0,1.0,4.0,2256730,1.0,1,3,2,9.0,,0.0,0,1929.0,A01,138Â 210Â 812,1.0,-1.0,-1.0,1722573,0.0,7,,0.0,2.0,1.0,A01,138Â 210Â 812,1.0
1009169,201900050700,7,13,20:30,3,1,1,1.0,7.0,23073,"route dÃ©partementale 4,  Pk 89+700",M,"45,9867670","2,5582030",23,2019,80.0,3.0,1.0,3.0,2256731,1.0,1,3,1,0.0,,0.0,0,1979.0,A01,138Â 210Â 808,2.0,6.0,-1.0,1722574,1.0,33,,0.0,0.0,0.0,A01,138Â 210Â 808,1.0
1009170,201900050701,3,27,11:20,1,2,1,1.0,6.0,67267,MARECHAL FOCH (RUE DU),M,"48,5589400","7,6880400",67,2019,50.0,1.0,1.0,4.0,2256732,1.0,1,4,2,5.0,,-1.0,0,1949.0,B01,138Â 210Â 809,8.0,0.0,-1.0,1722575,1.0,1,,1.0,0.0,1.0,B01,138Â 210Â 809,5.0
1009170,201900050701,3,27,11:20,1,2,1,1.0,6.0,67267,MARECHAL FOCH (RUE DU),M,"48,5589400","7,6880400",67,2019,50.0,1.0,1.0,4.0,2256732,1.0,1,4,2,5.0,,-1.0,0,1949.0,B01,138Â 210Â 809,8.0,0.0,-1.0,1722576,1.0,7,,0.0,2.0,8.0,A01,138Â 210Â 810,1.0
1009170,201900050701,3,27,11:20,1,2,1,1.0,6.0,67267,MARECHAL FOCH (RUE DU),M,"48,5589400","7,6880400",67,2019,50.0,1.0,1.0,4.0,2256733,1.0,1,1,1,5.0,,-1.0,0,1996.0,A01,138Â 210Â 810,8.0,0.0,-1.0,1722575,1.0,1,,1.0,0.0,1.0,B01,138Â 210Â 809,5.0
1009170,201900050701,3,27,11:20,1,2,1,1.0,6.0,67267,MARECHAL FOCH (RUE DU),M,"48,5589400","7,6880400",67,2019,50.0,1.0,1.0,4.0,2256733,1.0,1,1,1,5.0,,-1.0,0,1996.0,A01,138Â 210Â 810,8.0,0.0,-1.0,1722576,1.0,7,,0.0,2.0,8.0,A01,138Â 210Â 810,1.0
1009171,201900050702,7,13,10:45,1,1,9,1.0,6.0,23045,RD 917,M,"46,1887810","2,4243240",23,2019,80.0,3.0,1.0,3.0,2256734,1.0,1,3,1,5.0,,0.0,0,1998.0,A01,138Â 210Â 807,2.0,6.0,9.0,1722577,1.0,31,,5.0,0.0,1.0,A01,138Â 210Â 807,1.0
1009172,201900050703,3,26,10:25,1,1,1,1.0,6.0,67180,RD 72,M,"48,8605513","7,6608444",67,2019,80.0,1.0,1.0,3.0,2256735,1.0,1,4,2,5.0,,-1.0,0,1978.0,A01,138Â 210Â 806,8.0,0.0,-1.0,1722578,2.0,7,,13.0,0.0,3.0,A01,138Â 210Â 806,1.0
1009173,201900050704,7,14,20:15,1,1,1,1.0,7.0,37086,Nallay,M,"47,4840580","0,3429580",37,2019,80.0,3.0,1.0,4.0,2256736,1.0,1,3,1,9.0,,0.0,0,1998.0,A01,138Â 210Â 805,1.0,-1.0,-1.0,1722579,0.0,7,,2.0,0.0,7.0,A01,138Â 210Â 805,0.0
1009174,201900050705,3,23,14:42,1,1,6,1.0,3.0,67458,WINTERSHOUSE (ROUTE DE),M,"48,8043214","7,7466196",67,2019,80.0,1.0,1.0,3.0,2256737,1.0,1,1,2,1.0,,-1.0,0,1971.0,A01,138Â 210Â 803,8.0,8.0,-1.0,1722580,3.0,7,,0.0,2.0,7.0,A01,138Â 210Â 803,1.0
1009174,201900050705,3,23,14:42,1,1,6,1.0,3.0,67458,WINTERSHOUSE (ROUTE DE),M,"48,8043214","7,7466196",67,2019,80.0,1.0,1.0,3.0,2256737,1.0,1,1,2,1.0,,-1.0,0,1971.0,A01,138Â 210Â 803,8.0,8.0,-1.0,1722581,3.0,1,,0.0,2.0,1.0,B01,138Â 210Â 804,5.0
1009174,201900050705,3,23,14:42,1,1,6,1.0,3.0,67458,WINTERSHOUSE (ROUTE DE),M,"48,8043214","7,7466196",67,2019,80.0,1.0,1.0,3.0,2256738,1.0,1,4,1,5.0,,-1.0,0,1968.0,B01,138Â 210Â 804,2.0,8.0,-1.0,1722580,3.0,7,,0.0,2.0,7.0,A01,138Â 210Â 803,1.0
1009174,201900050705,3,23,14:42,1,1,6,1.0,3.0,67458,WINTERSHOUSE (ROUTE DE),M,"48,8043214","7,7466196",67,2019,80.0,1.0,1.0,3.0,2256738,1.0,1,4,1,5.0,,-1.0,0,1968.0,B01,138Â 210Â 804,2.0,8.0,-1.0,1722581,3.0,1,,0.0,2.0,1.0,B01,138Â 210Â 804,5.0
1009175,201900050706,7,14,17:20,1,1,1,1.0,1.0,30235,RD6086,M,"43,9266920","4,5441280",30,2019,70.0,1.0,1.0,3.0,2256739,1.0,1,4,1,5.0,,0.0,0,1994.0,B01,138Â 210Â 801,2.0,-1.0,-1.0,1722582,1.0,33,,0.0,2.0,1.0,B01,138Â 210Â 801,1.0
1009175,201900050706,7,14,17:20,1,1,1,1.0,1.0,30235,RD6086,M,"43,9266920","4,5441280",30,2019,70.0,1.0,1.0,3.0,2256739,1.0,1,4,1,5.0,,0.0,0,1994.0,B01,138Â 210Â 801,2.0,-1.0,-1.0,1722583,2.0,33,,0.0,2.0,1.0,A01,138Â 210Â 802,1.0
1009175,201900050706,7,14,17:20,1,1,1,1.0,1.0,30235,RD6086,M,"43,9266920","4,5441280",30,2019,70.0,1.0,1.0,3.0,2256740,1.0,1,4,1,4.0,,0.0,0,1974.0,A01,138Â 210Â 802,2.0,6.0,-1.0,1722582,1.0,33,,0.0,2.0,1.0,B01,138Â 210Â 801,1.0
1009175,201900050706,7,14,17:20,1,1,1,1.0,1.0,30235,RD6086,M,"43,9266920","4,5441280",30,2019,70.0,1.0,1.0,3.0,2256740,1.0,1,4,1,4.0,,0.0,0,1974.0,A01,138Â 210Â 802,2.0,6.0,-1.0,1722583,2.0,33,,0.0,2.0,1.0,A01,138Â 210Â 802,1.0
1009176,201900050707,7,15,11:20,1,1,1,1.0,7.0,48034,LA TIEULE,M,"44,4740260","3,2146410",48,2019,50.0,1.0,9.0,4.0,2256741,1.0,1,4,1,4.0,,0.0,0,1982.0,A01,138Â 210Â 799,1.0,-1.0,-1.0,1722584,3.0,15,,0.0,0.0,2.0,A01,138Â 210Â 799,1.0
1009177,201900050708,3,30,11:55,1,2,1,1.0,3.0,65047,JAURES (AVE JEAN),M,"43,2348660","0,0925520",65,2019,50.0,1.0,1.0,2.0,2256742,1.0,1,2,1,9.0,,-1.0, -1,1969.0,B01,138Â 210Â 798,2.0,8.0,-1.0,1722585,2.0,33,,0.0,2.0,1.0,B01,138Â 210Â 798,1.0
1009177,201900050708,3,30,11:55,1,2,1,1.0,3.0,65047,JAURES (AVE JEAN),M,"43,2348660","0,0925520",65,2019,50.0,1.0,1.0,2.0,2256742,1.0,1,2,1,9.0,,-1.0, -1,1969.0,B01,138Â 210Â 798,2.0,8.0,-1.0,1722586,1.0,7,,0.0,2.0,8.0,A01,138Â 210Â 800,1.0
1009177,201900050708,3,30,11:55,1,2,1,1.0,3.0,65047,JAURES (AVE JEAN),M,"43,2348660","0,0925520",65,2019,50.0,1.0,1.0,2.0,2256743,1.0,1,1,1,5.0,,-1.0, -1,1940.0,A01,138Â 210Â 800,1.0,8.0,-1.0,1722585,2.0,33,,0.0,2.0,1.0,B01,138Â 210Â 798,1.0
1009177,201900050708,3,30,11:55,1,2,1,1.0,3.0,65047,JAURES (AVE JEAN),M,"43,2348660","0,0925520",65,2019,50.0,1.0,1.0,2.0,2256743,1.0,1,1,1,5.0,,-1.0, -1,1940.0,A01,138Â 210Â 800,1.0,8.0,-1.0,1722586,1.0,7,,0.0,2.0,8.0,A01,138Â 210Â 800,1.0
1009178,201900050709,7,15,11:15,1,2,3,1.0,6.0,48080,3 Rue des Ribes,M,"44,7269290","3,8564280",48,2019,50.0,-1.0,1.0,2.0,2256744,1.0,1,1,1,5.0,,0.0,0,1958.0,A01,138Â 210Â 796,1.0,-1.0,-1.0,1722587,3.0,10,,0.0,1.0,1.0,A01,138Â 210Â 796,1.0
1009178,201900050709,7,15,11:15,1,2,3,1.0,6.0,48080,3 Rue des Ribes,M,"44,7269290","3,8564280",48,2019,50.0,-1.0,1.0,2.0,2256745,10.0,3,3,1,3.0,,3.0,3,1961.0,A01,138Â 210Â 796,0.0,-1.0,-1.0,1722587,3.0,10,,0.0,1.0,1.0,A01,138Â 210Â 796,1.0
1009179,201900050710,3,29,15:40,1,2,1,1.0,2.0,64545,PAUL GELOS (RUE),M,"43,3783437"," -1,6710348",64,2019,30.0,1.0,1.0,3.0,2256746,1.0,1,4,1,0.0,,0.0,0,1994.0,A01,138Â 210Â 795,2.0,0.0,-1.0,1722588,1.0,2,,0.0,2.0,1.0,A01,138Â 210Â 795,1.0
1009179,201900050710,3,29,15:40,1,2,1,1.0,2.0,64545,PAUL GELOS (RUE),M,"43,3783437"," -1,6710348",64,2019,30.0,1.0,1.0,3.0,2256746,1.0,1,4,1,0.0,,0.0,0,1994.0,A01,138Â 210Â 795,2.0,0.0,-1.0,1722589,1.0,7,,0.0,2.0,4.0,B01,138Â 210Â 797,0.0
1009179,201900050710,3,29,15:40,1,2,1,1.0,2.0,64545,PAUL GELOS (RUE),M,"43,3783437"," -1,6710348",64,2019,30.0,1.0,1.0,3.0,2256747,1.0,1,1,1,0.0,,0.0,0,2000.0,B01,138Â 210Â 797,1.0,0.0,-1.0,1722588,1.0,2,,0.0,2.0,1.0,A01,138Â 210Â 795,1.0
1009179,201900050710,3,29,15:40,1,2,1,1.0,2.0,64545,PAUL GELOS (RUE),M,"43,3783437"," -1,6710348",64,2019,30.0,1.0,1.0,3.0,2256747,1.0,1,1,1,0.0,,0.0,0,2000.0,B01,138Â 210Â 797,1.0,0.0,-1.0,1722589,1.0,7,,0.0,2.0,4.0,B01,138Â 210Â 797,0.0
1009180,201900050711,7,14,02:20,3,1,1,1.0,1.0,88500,Cd 43 le Daval,M,"47,9424400","6,8454850",88,2019,80.0,1.0,1.0,3.0,2256748,2.0,2,3,2,5.0,,0.0,0,1965.0,B01,138Â 210Â 793,1.0,5.0,-1.0,1722590,2.0,7,,0.0,2.0,1.0,B01,138Â 210Â 793,1.0
1009180,201900050711,7,14,02:20,3,1,1,1.0,1.0,88500,Cd 43 le Daval,M,"47,9424400","6,8454850",88,2019,80.0,1.0,1.0,3.0,2256748,2.0,2,3,2,5.0,,0.0,0,1965.0,B01,138Â 210Â 793,1.0,5.0,-1.0,1722591,1.0,7,,0.0,2.0,1.0,A01,138Â 210Â 794,1.0
1009180,201900050711,7,14,02:20,3,1,1,1.0,1.0,88500,Cd 43 le Daval,M,"47,9424400","6,8454850",88,2019,80.0,1.0,1.0,3.0,2256749,1.0,1,4,1,5.0,,0.0,0,1967.0,B01,138Â 210Â 793,1.0,5.0,-1.0,1722590,2.0,7,,0.0,2.0,1.0,B01,138Â 210Â 793,1.0
1009180,201900050711,7,14,02:20,3,1,1,1.0,1.0,88500,Cd 43 le Daval,M,"47,9424400","6,8454850",88,2019,80.0,1.0,1.0,3.0,2256749,1.0,1,4,1,5.0,,0.0,0,1967.0,B01,138Â 210Â 793,1.0,5.0,-1.0,1722591,1.0,7,,0.0,2.0,1.0,A01,138Â 210Â 794,1.0
1009180,201900050711,7,14,02:20,3,1,1,1.0,1.0,88500,Cd 43 le Daval,M,"47,9424400","6,8454850",88,2019,80.0,1.0,1.0,3.0,2256750,1.0,1,3,1,0.0,,0.0,0,1975.0,A01,138Â 210Â 794,1.0,-1.0,-1.0,1722590,2.0,7,,0.0,2.0,1.0,B01,138Â 210Â 793,1.0
1009180,201900050711,7,14,02:20,3,1,1,1.0,1.0,88500,Cd 43 le Daval,M,"47,9424400","6,8454850",88,2019,80.0,1.0,1.0,3.0,2256750,1.0,1,3,1,0.0,,0.0,0,1975.0,A01,138Â 210Â 794,1.0,-1.0,-1.0,1722591,1.0,7,,0.0,2.0,1.0,A01,138Â 210Â 794,1.0
1009181,201900050712,7,8,13:10,1,2,3,1.0,3.0,74268,"196, Route de Sacconges (Seynod)",M,"45,8727107","6,1003979",74,2019,50.0,1.0,1.0,3.0,2256751,1.0,1,1,1,1.0,,0.0,0,1973.0,B01,138Â 210Â 789,1.0,-1.0,-1.0,1722592,2.0,7,,0.0,2.0,3.0,B01,138Â 210Â 789,1.0
1009181,201900050712,7,8,13:10,1,2,3,1.0,3.0,74268,"196, Route de Sacconges (Seynod)",M,"45,8727107","6,1003979",74,2019,50.0,1.0,1.0,3.0,2256751,1.0,1,1,1,1.0,,0.0,0,1973.0,B01,138Â 210Â 789,1.0,-1.0,-1.0,1722593,1.0,7,,0.0,2.0,2.0,A01,138Â 210Â 790,1.0
1009181,201900050712,7,8,13:10,1,2,3,1.0,3.0,74268,"196, Route de Sacconges (Seynod)",M,"45,8727107","6,1003979",74,2019,50.0,1.0,1.0,3.0,2256752,1.0,1,4,2,9.0,,0.0,0,1956.0,A01,138Â 210Â 790,1.0,-1.0,-1.0,1722592,2.0,7,,0.0,2.0,3.0,B01,138Â 210Â 789,1.0
1009181,201900050712,7,8,13:10,1,2,3,1.0,3.0,74268,"196, Route de Sacconges (Seynod)",M,"45,8727107","6,1003979",74,2019,50.0,1.0,1.0,3.0,2256752,1.0,1,4,2,9.0,,0.0,0,1956.0,A01,138Â 210Â 790,1.0,-1.0,-1.0,1722593,1.0,7,,0.0,2.0,2.0,A01,138Â 210Â 790,1.0
1009182,201900050713,3,29,12:20,1,2,1,1.0,2.0,64445,FOUCHET,M,"43,3130100"," -0,3699000",64,2019,50.0,1.0,1.0,4.0,2256753,1.0,1,1,1,5.0,,0.0,0,2003.0,B01,138Â 210Â 791,1.0,0.0,-1.0,1722594,1.0,7,,0.0,2.0,5.0,B01,138Â 210Â 791,1.0
1009182,201900050713,3,29,12:20,1,2,1,1.0,2.0,64445,FOUCHET,M,"43,3130100"," -0,3699000",64,2019,50.0,1.0,1.0,4.0,2256753,1.0,1,1,1,5.0,,0.0,0,2003.0,B01,138Â 210Â 791,1.0,0.0,-1.0,1722595,1.0,7,,0.0,2.0,3.0,A01,138Â 210Â 792,1.0
1009182,201900050713,3,29,12:20,1,2,1,1.0,2.0,64445,FOUCHET,M,"43,3130100"," -0,3699000",64,2019,50.0,1.0,1.0,4.0,2256754,2.0,2,4,2,5.0,,0.0,0,2003.0,B01,138Â 210Â 791,1.0,0.0,-1.0,1722594,1.0,7,,0.0,2.0,5.0,B01,138Â 210Â 791,1.0
1009182,201900050713,3,29,12:20,1,2,1,1.0,2.0,64445,FOUCHET,M,"43,3130100"," -0,3699000",64,2019,50.0,1.0,1.0,4.0,2256754,2.0,2,4,2,5.0,,0.0,0,2003.0,B01,138Â 210Â 791,1.0,0.0,-1.0,1722595,1.0,7,,0.0,2.0,3.0,A01,138Â 210Â 792,1.0
1009182,201900050713,3,29,12:20,1,2,1,1.0,2.0,64445,FOUCHET,M,"43,3130100"," -0,3699000",64,2019,50.0,1.0,1.0,4.0,2256755,1.0,1,1,1,5.0,,0.0,0,1996.0,A01,138Â 210Â 792,1.0,0.0,-1.0,1722594,1.0,7,,0.0,2.0,5.0,B01,138Â 210Â 791,1.0
1009182,201900050713,3,29,12:20,1,2,1,1.0,2.0,64445,FOUCHET,M,"43,3130100"," -0,3699000",64,2019,50.0,1.0,1.0,4.0,2256755,1.0,1,1,1,5.0,,0.0,0,1996.0,A01,138Â 210Â 792,1.0,0.0,-1.0,1722595,1.0,7,,0.0,2.0,3.0,A01,138Â 210Â 792,1.0
1009183,201900050714,7,14,13:20,1,1,1,1.0,2.0,33199,a.660 pk 021+700,M,"44,6151500"," -1,0965800",33,2019,90.0,1.0,1.0,1.0,2256756,4.0,2,1,2,5.0,,0.0,0,2001.0,A01,138Â 210Â 786,1.0,-1.0,-1.0,1722596,1.0,7,,0.0,2.0,2.0,A01,138Â 210Â 786,1.0
1009183,201900050714,7,14,13:20,1,1,1,1.0,2.0,33199,a.660 pk 021+700,M,"44,6151500"," -1,0965800",33,2019,90.0,1.0,1.0,1.0,2256756,4.0,2,1,2,5.0,,0.0,0,2001.0,A01,138Â 210Â 786,1.0,-1.0,-1.0,1722597,1.0,7,,0.0,0.0,6.0,B01,138Â 210Â 788,1.0
1009183,201900050714,7,14,13:20,1,1,1,1.0,2.0,33199,a.660 pk 021+700,M,"44,6151500"," -1,0965800",33,2019,90.0,1.0,1.0,1.0,2256757,1.0,1,1,1,5.0,,0.0,0,2001.0,A01,138Â 210Â 786,1.0,-1.0,-1.0,1722596,1.0,7,,0.0,2.0,2.0,A01,138Â 210Â 786,1.0
1009183,201900050714,7,14,13:20,1,1,1,1.0,2.0,33199,a.660 pk 021+700,M,"44,6151500"," -1,0965800",33,2019,90.0,1.0,1.0,1.0,2256757,1.0,1,1,1,5.0,,0.0,0,2001.0,A01,138Â 210Â 786,1.0,-1.0,-1.0,1722597,1.0,7,,0.0,0.0,6.0,B01,138Â 210Â 788,1.0
1009183,201900050714,7,14,13:20,1,1,1,1.0,2.0,33199,a.660 pk 021+700,M,"44,6151500"," -1,0965800",33,2019,90.0,1.0,1.0,1.0,2256758,2.0,2,1,1,5.0,,0.0,0,2001.0,A01,138Â 210Â 786,1.0,-1.0,-1.0,1722596,1.0,7,,0.0,2.0,2.0,A01,138Â 210Â 786,1.0
1009183,201900050714,7,14,13:20,1,1,1,1.0,2.0,33199,a.660 pk 021+700,M,"44,6151500"," -1,0965800",33,2019,90.0,1.0,1.0,1.0,2256758,2.0,2,1,1,5.0,,0.0,0,2001.0,A01,138Â 210Â 786,1.0,-1.0,-1.0,1722597,1.0,7,,0.0,0.0,6.0,B01,138Â 210Â 788,1.0
1009183,201900050714,7,14,13:20,1,1,1,1.0,2.0,33199,a.660 pk 021+700,M,"44,6151500"," -1,0965800",33,2019,90.0,1.0,1.0,1.0,2256759,3.0,2,4,1,5.0,,0.0,0,2001.0,A01,138Â 210Â 786,8.0,-1.0,-1.0,1722596,1.0,7,,0.0,2.0,2.0,A01,138Â 210Â 786,1.0
1009183,201900050714,7,14,13:20,1,1,1,1.0,2.0,33199,a.660 pk 021+700,M,"44,6151500"," -1,0965800",33,2019,90.0,1.0,1.0,1.0,2256759,3.0,2,4,1,5.0,,0.0,0,2001.0,A01,138Â 210Â 786,8.0,-1.0,-1.0,1722597,1.0,7,,0.0,0.0,6.0,B01,138Â 210Â 788,1.0
1009183,201900050714,7,14,13:20,1,1,1,1.0,2.0,33199,a.660 pk 021+700,M,"44,6151500"," -1,0965800",33,2019,90.0,1.0,1.0,1.0,2256760,1.0,1,4,2,5.0,,0.0,0,1997.0,B01,138Â 210Â 788,1.0,-1.0,-1.0,1722596,1.0,7,,0.0,2.0,2.0,A01,138Â 210Â 786,1.0
1009183,201900050714,7,14,13:20,1,1,1,1.0,2.0,33199,a.660 pk 021+700,M,"44,6151500"," -1,0965800",33,2019,90.0,1.0,1.0,1.0,2256760,1.0,1,4,2,5.0,,0.0,0,1997.0,B01,138Â 210Â 788,1.0,-1.0,-1.0,1722597,1.0,7,,0.0,0.0,6.0,B01,138Â 210Â 788,1.0
1009184,201900050715,7,12,18:40,1,1,1,1.0,2.0,34172,A709,M,"43,6019720","3,9224290",34,2019,90.0,8.0,1.0,1.0,2256761,1.0,1,1,1,5.0,,0.0,0,1993.0,B01,138Â 210Â 784,1.0,-1.0,-1.0,1722598,1.0,7,,0.0,0.0,6.0,B01,138Â 210Â 784,0.0
1009184,201900050715,7,12,18:40,1,1,1,1.0,2.0,34172,A709,M,"43,6019720","3,9224290",34,2019,90.0,8.0,1.0,1.0,2256761,1.0,1,1,1,5.0,,0.0,0,1993.0,B01,138Â 210Â 784,1.0,-1.0,-1.0,1722599,1.0,7,,0.0,2.0,3.0,A01,138Â 210Â 785,0.0
1009184,201900050715,7,12,18:40,1,1,1,1.0,2.0,34172,A709,M,"43,6019720","3,9224290",34,2019,90.0,8.0,1.0,1.0,2256762,1.0,1,4,1,5.0,,0.0,0,1995.0,A01,138Â 210Â 785,1.0,-1.0,-1.0,1722598,1.0,7,,0.0,0.0,6.0,B01,138Â 210Â 784,0.0
1009184,201900050715,7,12,18:40,1,1,1,1.0,2.0,34172,A709,M,"43,6019720","3,9224290",34,2019,90.0,8.0,1.0,1.0,2256762,1.0,1,4,1,5.0,,0.0,0,1995.0,A01,138Â 210Â 785,1.0,-1.0,-1.0,1722599,1.0,7,,0.0,2.0,3.0,A01,138Â 210Â 785,0.0
1009185,201900050716,7,15,04:30,2,1,1,1.0,7.0,38053,A43,M,"45,5956000","5,2831000",38,2019,130.0,2.0,1.0,1.0,2256763,1.0,1,1,1,5.0,,0.0,0,1997.0,A01,138Â 210Â 783,0.0,-1.0,-1.0,1722600,2.0,7,,3.0,0.0,7.0,A01,138Â 210Â 783,1.0
1009185,201900050716,7,15,04:30,2,1,1,1.0,7.0,38053,A43,M,"45,5956000","5,2831000",38,2019,130.0,2.0,1.0,1.0,2256764,9.0,2,3,1,5.0,,0.0,0,1997.0,A01,138Â 210Â 783,0.0,-1.0,-1.0,1722600,2.0,7,,3.0,0.0,7.0,A01,138Â 210Â 783,1.0
1009185,201900050716,7,15,04:30,2,1,1,1.0,7.0,38053,A43,M,"45,5956000","5,2831000",38,2019,130.0,2.0,1.0,1.0,2256765,7.0,2,4,1,5.0,,0.0,0,1989.0,A01,138Â 210Â 783,0.0,-1.0,-1.0,1722600,2.0,7,,3.0,0.0,7.0,A01,138Â 210Â 783,1.0
1009185,201900050716,7,15,04:30,2,1,1,1.0,7.0,38053,A43,M,"45,5956000","5,2831000",38,2019,130.0,2.0,1.0,1.0,2256766,8.0,2,4,2,5.0,,0.0,0,1991.0,A01,138Â 210Â 783,0.0,-1.0,-1.0,1722600,2.0,7,,3.0,0.0,7.0,A01,138Â 210Â 783,1.0
1009185,201900050716,7,15,04:30,2,1,1,1.0,7.0,38053,A43,M,"45,5956000","5,2831000",38,2019,130.0,2.0,1.0,1.0,2256767,2.0,2,2,2,5.0,,0.0,0,1986.0,A01,138Â 210Â 783,1.0,-1.0,-1.0,1722600,2.0,7,,3.0,0.0,7.0,A01,138Â 210Â 783,1.0
1009186,201900050717,7,14,16:25,1,1,1,1.0,6.0,60149,Autoroute A1 - PK 56.800 - Sens Paris / Lille,M,"49,3278320","2,6907151",60,2019,130.0,1.0,1.0,1.0,2256768,1.0,1,4,2,5.0,,0.0,0,1976.0,A01,138Â 210Â 782,1.0,-1.0,-1.0,1722601,1.0,7,,4.0,0.0,3.0,A01,138Â 210Â 782,1.0
1009187,201900050718,7,14,18:00,5,2,1,1.0,7.0,97615,Boulevard du General de Gaulle,M," -12,7989230","45,2835580",976,2019,50.0,1.0,1.0,3.0,2256769,1.0,1,3,1,0.0,,0.0,0,1978.0,A01,138Â 210Â 781,2.0,-1.0,-1.0,1722602,1.0,2,,11.0,0.0,1.0,A01,138Â 210Â 781,1.0
1009188,201900050719,3,29,07:40,1,2,1,1.0,2.0,64445,LEON BLUM,M,"43,3176200"," -0,3299700",64,2019,50.0,1.0,1.0,4.0,2256770,1.0,1,1,1,1.0,,0.0,0,1982.0,A01,138Â 210Â 780,1.0,0.0,-1.0,1722603,2.0,7,,0.0,2.0,1.0,A01,138Â 210Â 780,1.0
1009188,201900050719,3,29,07:40,1,2,1,1.0,2.0,64445,LEON BLUM,M,"43,3176200"," -0,3299700",64,2019,50.0,1.0,1.0,4.0,2256770,1.0,1,1,1,1.0,,0.0,0,1982.0,A01,138Â 210Â 780,1.0,0.0,-1.0,1722604,2.0,7,,0.0,2.0,4.0,B01,138Â 210Â 787,1.0