Unnamed: 0_x,num_acc,mois,jour,hrmn,lum,agg,int,atm,col,com,adr,gps,lat,long,dep,annee,vma,situ,surf,catr,Unnamed: 0_y,place,catu,grav,sexe,trajet,secu,locp,actp,an_nais,num_veh_x,id_vehicule_x,secu1,secu2,secu3,Unnamed: 0,senc,catv,occutc,obs,obsm,choc,num_veh_y,id_vehicule_y,motor
1009188,201900050719,3,29,07:40,1,2,1,1.0,2.0,64445,LEON BLUM,M,"43,3176200"," -0,3299700",64,2019,50.0,1.0,1.0,4.0,2256771,1.0,1,4,1,1.0,,0.0,0,1973.0,B01,138Â 210Â 787,1.0,0.0,-1.0,1722603,2.0,7,,0.0,2.0,1.0,A01,138Â 210Â 780,1.0
1009188,201900050719,3,29,07:40,1,2,1,1.0,2.0,64445,LEON BLUM,M,"43,3176200"," -0,3299700",64,2019,50.0,1.0,1.0,4.0,2256771,1.0,1,4,1,1.0,,0.0,0,1973.0,B01,138Â 210Â 787,1.0,0.0,-1.0,1722604,2.0,7,,0.0,2.0,4.0,B01,138Â 210Â 787,1.0
1009189,201900050720,7,14,17:50,1,1,1,1.0,7.0,97311,Route de Saint-Jean,M,"5,4431373"," -54,0381652",973,2019,90.0,3.0,1.0,3.0,2256772,2.0,2,3,1,5.0,,0.0,0,1992.0,A01,138Â 210Â 779,0.0,-1.0,-1.0,1722605,2.0,7,,0.0,0.0,0.0,A01,138Â 210Â 779,1.0
1009189,201900050720,7,14,17:50,1,1,1,1.0,7.0,97311,Route de Saint-Jean,M,"5,4431373"," -54,0381652",973,2019,90.0,3.0,1.0,3.0,2256773,1.0,1,3,1,5.0,,0.0,0,1992.0,A01,138Â 210Â 779,0.0,-1.0,-1.0,1722605,2.0,7,,0.0,0.0,0.0,A01,138Â 210Â 779,1.0
1009189,201900050720,7,14,17:50,1,1,1,1.0,7.0,97311,Route de Saint-Jean,M,"5,4431373"," -54,0381652",973,2019,90.0,3.0,1.0,3.0,2256774,9.0,2,3,2,5.0,,0.0,0,2000.0,A01,138Â 210Â 779,0.0,-1.0,-1.0,1722605,2.0,7,,0.0,0.0,0.0,A01,138Â 210Â 779,1.0
1009190,201900050721,3,29,06:15,2,2,1,1.0,1.0,64445,CHANOINE LABORDE DU,M,"43,3035400"," -0,3604100",64,2019,50.0,1.0,1.0,4.0,2256775,1.0,1,1,1,1.0,,0.0,0,1975.0,A01,138Â 210Â 777,1.0,8.0,-1.0,1722606,2.0,7,,0.0,2.0,1.0,A01,138Â 210Â 777,1.0
1009190,201900050721,3,29,06:15,2,2,1,1.0,1.0,64445,CHANOINE LABORDE DU,M,"43,3035400"," -0,3604100",64,2019,50.0,1.0,1.0,4.0,2256775,1.0,1,1,1,1.0,,0.0,0,1975.0,A01,138Â 210Â 777,1.0,8.0,-1.0,1722607,1.0,1,,0.0,2.0,1.0,B01,138Â 210Â 778,5.0
1009190,201900050721,3,29,06:15,2,2,1,1.0,1.0,64445,CHANOINE LABORDE DU,M,"43,3035400"," -0,3604100",64,2019,50.0,1.0,1.0,4.0,2256776,1.0,1,4,2,1.0,,0.0,0,1996.0,B01,138Â 210Â 778,8.0,0.0,-1.0,1722606,2.0,7,,0.0,2.0,1.0,A01,138Â 210Â 777,1.0
1009190,201900050721,3,29,06:15,2,2,1,1.0,1.0,64445,CHANOINE LABORDE DU,M,"43,3035400"," -0,3604100",64,2019,50.0,1.0,1.0,4.0,2256776,1.0,1,4,2,1.0,,0.0,0,1996.0,B01,138Â 210Â 778,8.0,0.0,-1.0,1722607,1.0,1,,0.0,2.0,1.0,B01,138Â 210Â 778,5.0
1009191,201900050722,3,28,15:45,1,2,1,1.0,2.0,64024,BAB (BOULEVARD DU),M,"43,4941573"," -1,5192585",64,2019,50.0,1.0,1.0,3.0,2256777,1.0,1,1,2,4.0,,0.0,0,1990.0,B01,138Â 210Â 773,1.0,0.0,-1.0,1722608,2.0,7,,0.0,2.0,4.0,B01,138Â 210Â 773,1.0
1009191,201900050722,3,28,15:45,1,2,1,1.0,2.0,64024,BAB (BOULEVARD DU),M,"43,4941573"," -1,5192585",64,2019,50.0,1.0,1.0,3.0,2256777,1.0,1,1,2,4.0,,0.0,0,1990.0,B01,138Â 210Â 773,1.0,0.0,-1.0,1722609,2.0,30,,0.0,2.0,1.0,A01,138Â 210Â 774,1.0
1009191,201900050722,3,28,15:45,1,2,1,1.0,2.0,64024,BAB (BOULEVARD DU),M,"43,4941573"," -1,5192585",64,2019,50.0,1.0,1.0,3.0,2256778,1.0,1,4,1,3.0,,0.0,0,1965.0,A01,138Â 210Â 774,2.0,6.0,-1.0,1722608,2.0,7,,0.0,2.0,4.0,B01,138Â 210Â 773,1.0
1009191,201900050722,3,28,15:45,1,2,1,1.0,2.0,64024,BAB (BOULEVARD DU),M,"43,4941573"," -1,5192585",64,2019,50.0,1.0,1.0,3.0,2256778,1.0,1,4,1,3.0,,0.0,0,1965.0,A01,138Â 210Â 774,2.0,6.0,-1.0,1722609,2.0,30,,0.0,2.0,1.0,A01,138Â 210Â 774,1.0
1009192,201900050723,7,13,21:40,3,1,1,1.0,1.0,97305,pk 16,M,"4,9421281"," -52,4138832",973,2019,80.0,6.0,1.0,2.0,2256779,1.0,1,3,1,0.0,,0.0,0,1976.0,B01,138Â 210Â 775,0.0,-1.0,-1.0,1722610,2.0,1,,0.0,2.0,7.0,B01,138Â 210Â 775,5.0
1009192,201900050723,7,13,21:40,3,1,1,1.0,1.0,97305,pk 16,M,"4,9421281"," -52,4138832",973,2019,80.0,6.0,1.0,2.0,2256779,1.0,1,3,1,0.0,,0.0,0,1976.0,B01,138Â 210Â 775,0.0,-1.0,-1.0,1722611,1.0,7,,0.0,2.0,1.0,A01,138Â 210Â 776,1.0
1009192,201900050723,7,13,21:40,3,1,1,1.0,1.0,97305,pk 16,M,"4,9421281"," -52,4138832",973,2019,80.0,6.0,1.0,2.0,2256780,1.0,1,1,2,5.0,,0.0,0,1996.0,A01,138Â 210Â 776,1.0,-1.0,-1.0,1722610,2.0,1,,0.0,2.0,7.0,B01,138Â 210Â 775,5.0
1009192,201900050723,7,13,21:40,3,1,1,1.0,1.0,97305,pk 16,M,"4,9421281"," -52,4138832",973,2019,80.0,6.0,1.0,2.0,2256780,1.0,1,1,2,5.0,,0.0,0,1996.0,A01,138Â 210Â 776,1.0,-1.0,-1.0,1722611,1.0,7,,0.0,2.0,1.0,A01,138Â 210Â 776,1.0
1009193,201900050724,3,27,18:45,1,2,1,1.0,3.0,64024,BAYONNE (AVENUE DE),M,"43,4804533"," -1,5148753",64,2019,50.0,1.0,1.0,3.0,2256781,1.0,1,1,1,5.0,,0.0,0,1980.0,B01,138Â 210Â 771,1.0,8.0,-1.0,1722612,1.0,7,,0.0,2.0,5.0,B01,138Â 210Â 771,1.0
1009193,201900050724,3,27,18:45,1,2,1,1.0,3.0,64024,BAYONNE (AVENUE DE),M,"43,4804533"," -1,5148753",64,2019,50.0,1.0,1.0,3.0,2256781,1.0,1,1,1,5.0,,0.0,0,1980.0,B01,138Â 210Â 771,1.0,8.0,-1.0,1722613,1.0,7,,0.0,2.0,2.0,A01,138Â 210Â 772,1.0
1009193,201900050724,3,27,18:45,1,2,1,1.0,3.0,64024,BAYONNE (AVENUE DE),M,"43,4804533"," -1,5148753",64,2019,50.0,1.0,1.0,3.0,2256782,1.0,1,3,1,1.0,,0.0,0,1974.0,A01,138Â 210Â 772,1.0,0.0,-1.0,1722612,1.0,7,,0.0,2.0,5.0,B01,138Â 210Â 771,1.0
1009193,201900050724,3,27,18:45,1,2,1,1.0,3.0,64024,BAYONNE (AVENUE DE),M,"43,4804533"," -1,5148753",64,2019,50.0,1.0,1.0,3.0,2256782,1.0,1,3,1,1.0,,0.0,0,1974.0,A01,138Â 210Â 772,1.0,0.0,-1.0,1722613,1.0,7,,0.0,2.0,2.0,A01,138Â 210Â 772,1.0
1009194,201900050725,7,15,07:50,1,1,1,1.0,5.0,97305,PK11+900 - RN1,M,"4,9192961"," -52,3825121",973,2019,80.0,1.0,1.0,2.0,2256783,2.0,2,4,2,0.0,,0.0,0,2002.0,C01,138Â 210Â 768,1.0,-1.0,-1.0,1722614,2.0,7,,0.0,2.0,3.0,C01,138Â 210Â 768,1.0
1009194,201900050725,7,15,07:50,1,1,1,1.0,5.0,97305,PK11+900 - RN1,M,"4,9192961"," -52,3825121",973,2019,80.0,1.0,1.0,2.0,2256783,2.0,2,4,2,0.0,,0.0,0,2002.0,C01,138Â 210Â 768,1.0,-1.0,-1.0,1722615,2.0,7,,0.0,2.0,2.0,B01,138Â 210Â 769,1.0
1009194,201900050725,7,15,07:50,1,1,1,1.0,5.0,97305,PK11+900 - RN1,M,"4,9192961"," -52,3825121",973,2019,80.0,1.0,1.0,2.0,2256783,2.0,2,4,2,0.0,,0.0,0,2002.0,C01,138Â 210Â 768,1.0,-1.0,-1.0,1722616,1.0,7,,0.0,2.0,1.0,A01,138Â 210Â 770,1.0
1009194,201900050725,7,15,07:50,1,1,1,1.0,5.0,97305,PK11+900 - RN1,M,"4,9192961"," -52,3825121",973,2019,80.0,1.0,1.0,2.0,2256784,1.0,1,4,2,1.0,,0.0,0,1975.0,C01,138Â 210Â 768,1.0,-1.0,-1.0,1722614,2.0,7,,0.0,2.0,3.0,C01,138Â 210Â 768,1.0
1009194,201900050725,7,15,07:50,1,1,1,1.0,5.0,97305,PK11+900 - RN1,M,"4,9192961"," -52,3825121",973,2019,80.0,1.0,1.0,2.0,2256784,1.0,1,4,2,1.0,,0.0,0,1975.0,C01,138Â 210Â 768,1.0,-1.0,-1.0,1722615,2.0,7,,0.0,2.0,2.0,B01,138Â 210Â 769,1.0
1009194,201900050725,7,15,07:50,1,1,1,1.0,5.0,97305,PK11+900 - RN1,M,"4,9192961"," -52,3825121",973,2019,80.0,1.0,1.0,2.0,2256784,1.0,1,4,2,1.0,,0.0,0,1975.0,C01,138Â 210Â 768,1.0,-1.0,-1.0,1722616,1.0,7,,0.0,2.0,1.0,A01,138Â 210Â 770,1.0
1009194,201900050725,7,15,07:50,1,1,1,1.0,5.0,97305,PK11+900 - RN1,M,"4,9192961"," -52,3825121",973,2019,80.0,1.0,1.0,2.0,2256785,9.0,2,1,1,5.0,,0.0,0,2017.0,B01,138Â 210Â 769,1.0,-1.0,-1.0,1722614,2.0,7,,0.0,2.0,3.0,C01,138Â 210Â 768,1.0
1009194,201900050725,7,15,07:50,1,1,1,1.0,5.0,97305,PK11+900 - RN1,M,"4,9192961"," -52,3825121",973,2019,80.0,1.0,1.0,2.0,2256785,9.0,2,1,1,5.0,,0.0,0,2017.0,B01,138Â 210Â 769,1.0,-1.0,-1.0,1722615,2.0,7,,0.0,2.0,2.0,B01,138Â 210Â 769,1.0
1009194,201900050725,7,15,07:50,1,1,1,1.0,5.0,97305,PK11+900 - RN1,M,"4,9192961"," -52,3825121",973,2019,80.0,1.0,1.0,2.0,2256785,9.0,2,1,1,5.0,,0.0,0,2017.0,B01,138Â 210Â 769,1.0,-1.0,-1.0,1722616,1.0,7,,0.0,2.0,1.0,A01,138Â 210Â 770,1.0
1009194,201900050725,7,15,07:50,1,1,1,1.0,5.0,97305,PK11+900 - RN1,M,"4,9192961"," -52,3825121",973,2019,80.0,1.0,1.0,2.0,2256786,1.0,1,3,1,0.0,,0.0,0,1987.0,B01,138Â 210Â 769,1.0,-1.0,-1.0,1722614,2.0,7,,0.0,2.0,3.0,C01,138Â 210Â 768,1.0
1009194,201900050725,7,15,07:50,1,1,1,1.0,5.0,97305,PK11+900 - RN1,M,"4,9192961"," -52,3825121",973,2019,80.0,1.0,1.0,2.0,2256786,1.0,1,3,1,0.0,,0.0,0,1987.0,B01,138Â 210Â 769,1.0,-1.0,-1.0,1722615,2.0,7,,0.0,2.0,2.0,B01,138Â 210Â 769,1.0
1009194,201900050725,7,15,07:50,1,1,1,1.0,5.0,97305,PK11+900 - RN1,M,"4,9192961"," -52,3825121",973,2019,80.0,1.0,1.0,2.0,2256786,1.0,1,3,1,0.0,,0.0,0,1987.0,B01,138Â 210Â 769,1.0,-1.0,-1.0,1722616,1.0,7,,0.0,2.0,1.0,A01,138Â 210Â 770,1.0
1009194,201900050725,7,15,07:50,1,1,1,1.0,5.0,97305,PK11+900 - RN1,M,"4,9192961"," -52,3825121",973,2019,80.0,1.0,1.0,2.0,2256787,2.0,2,4,2,5.0,,0.0,0,1989.0,B01,138Â 210Â 769,1.0,-1.0,-1.0,1722614,2.0,7,,0.0,2.0,3.0,C01,138Â 210Â 768,1.0
1009194,201900050725,7,15,07:50,1,1,1,1.0,5.0,97305,PK11+900 - RN1,M,"4,9192961"," -52,3825121",973,2019,80.0,1.0,1.0,2.0,2256787,2.0,2,4,2,5.0,,0.0,0,1989.0,B01,138Â 210Â 769,1.0,-1.0,-1.0,1722615,2.0,7,,0.0,2.0,2.0,B01,138Â 210Â 769,1.0
1009194,201900050725,7,15,07:50,1,1,1,1.0,5.0,97305,PK11+900 - RN1,M,"4,9192961"," -52,3825121",973,2019,80.0,1.0,1.0,2.0,2256787,2.0,2,4,2,5.0,,0.0,0,1989.0,B01,138Â 210Â 769,1.0,-1.0,-1.0,1722616,1.0,7,,0.0,2.0,1.0,A01,138Â 210Â 770,1.0
1009194,201900050725,7,15,07:50,1,1,1,1.0,5.0,97305,PK11+900 - RN1,M,"4,9192961"," -52,3825121",973,2019,80.0,1.0,1.0,2.0,2256788,1.0,1,3,1,5.0,,0.0,0,1997.0,A01,138Â 210Â 770,1.0,-1.0,-1.0,1722614,2.0,7,,0.0,2.0,3.0,C01,138Â 210Â 768,1.0
1009194,201900050725,7,15,07:50,1,1,1,1.0,5.0,97305,PK11+900 - RN1,M,"4,9192961"," -52,3825121",973,2019,80.0,1.0,1.0,2.0,2256788,1.0,1,3,1,5.0,,0.0,0,1997.0,A01,138Â 210Â 770,1.0,-1.0,-1.0,1722615,2.0,7,,0.0,2.0,2.0,B01,138Â 210Â 769,1.0
1009194,201900050725,7,15,07:50,1,1,1,1.0,5.0,97305,PK11+900 - RN1,M,"4,9192961"," -52,3825121",973,2019,80.0,1.0,1.0,2.0,2256788,1.0,1,3,1,5.0,,0.0,0,1997.0,A01,138Â 210Â 770,1.0,-1.0,-1.0,1722616,1.0,7,,0.0,2.0,1.0,A01,138Â 210Â 770,1.0
1009195,201900050726,7,14,14:45,1,1,1,1.0,1.0,37072,RD 751 PK PR 079.100,M,"47,1667400","0,2417540",37,2019,80.0,1.0,1.0,3.0,2256789,1.0,1,1,1,9.0,,0.0,0,1965.0,A01,138Â 210Â 765,1.0,-1.0,-1.0,1722617,1.0,7,,0.0,2.0,1.0,A01,138Â 210Â 765,1.0
1009195,201900050726,7,14,14:45,1,1,1,1.0,1.0,37072,RD 751 PK PR 079.100,M,"47,1667400","0,2417540",37,2019,80.0,1.0,1.0,3.0,2256789,1.0,1,1,1,9.0,,0.0,0,1965.0,A01,138Â 210Â 765,1.0,-1.0,-1.0,1722618,2.0,7,,0.0,2.0,1.0,B01,138Â 210Â 766,1.0
1009195,201900050726,7,14,14:45,1,1,1,1.0,1.0,37072,RD 751 PK PR 079.100,M,"47,1667400","0,2417540",37,2019,80.0,1.0,1.0,3.0,2256790,1.0,2,4,1,5.0,,0.0,0,1956.0,B01,138Â 210Â 766,1.0,-1.0,-1.0,1722617,1.0,7,,0.0,2.0,1.0,A01,138Â 210Â 765,1.0
1009195,201900050726,7,14,14:45,1,1,1,1.0,1.0,37072,RD 751 PK PR 079.100,M,"47,1667400","0,2417540",37,2019,80.0,1.0,1.0,3.0,2256790,1.0,2,4,1,5.0,,0.0,0,1956.0,B01,138Â 210Â 766,1.0,-1.0,-1.0,1722618,2.0,7,,0.0,2.0,1.0,B01,138Â 210Â 766,1.0
1009195,201900050726,7,14,14:45,1,1,1,1.0,1.0,37072,RD 751 PK PR 079.100,M,"47,1667400","0,2417540",37,2019,80.0,1.0,1.0,3.0,2256791,2.0,1,3,2,5.0,,0.0,0,1963.0,B01,138Â 210Â 766,1.0,-1.0,-1.0,1722617,1.0,7,,0.0,2.0,1.0,A01,138Â 210Â 765,1.0
1009195,201900050726,7,14,14:45,1,1,1,1.0,1.0,37072,RD 751 PK PR 079.100,M,"47,1667400","0,2417540",37,2019,80.0,1.0,1.0,3.0,2256791,2.0,1,3,2,5.0,,0.0,0,1963.0,B01,138Â 210Â 766,1.0,-1.0,-1.0,1722618,2.0,7,,0.0,2.0,1.0,B01,138Â 210Â 766,1.0
1009196,201900050727,7,14,09:15,1,2,1,1.0,3.0,37089,12 Les Coteaux de Sonnay,M,"47,1606310","0,3299500",37,2019,50.0,1.0,1.0,3.0,2256792,1.0,1,3,1,5.0,,0.0,0,1987.0,B01,138Â 210Â 763,2.0,-1.0,-1.0,1722619,2.0,1,,0.0,2.0,1.0,B01,138Â 210Â 763,5.0
1009196,201900050727,7,14,09:15,1,2,1,1.0,3.0,37089,12 Les Coteaux de Sonnay,M,"47,1606310","0,3299500",37,2019,50.0,1.0,1.0,3.0,2256792,1.0,1,3,1,5.0,,0.0,0,1987.0,B01,138Â 210Â 763,2.0,-1.0,-1.0,1722620,2.0,7,,0.0,9.0,3.0,A01,138Â 210Â 764,1.0
1009196,201900050727,7,14,09:15,1,2,1,1.0,3.0,37089,12 Les Coteaux de Sonnay,M,"47,1606310","0,3299500",37,2019,50.0,1.0,1.0,3.0,2256793,1.0,1,1,2,5.0,,0.0,0,1992.0,A01,138Â 210Â 764,1.0,-1.0,-1.0,1722619,2.0,1,,0.0,2.0,1.0,B01,138Â 210Â 763,5.0
1009196,201900050727,7,14,09:15,1,2,1,1.0,3.0,37089,12 Les Coteaux de Sonnay,M,"47,1606310","0,3299500",37,2019,50.0,1.0,1.0,3.0,2256793,1.0,1,1,2,5.0,,0.0,0,1992.0,A01,138Â 210Â 764,1.0,-1.0,-1.0,1722620,2.0,7,,0.0,9.0,3.0,A01,138Â 210Â 764,1.0
1009197,201900050728,3,24,11:55,1,1,2,1.0,3.0,63193,RD 52/rue Dallet,M,"45,7719700","3,2082800",63,2019,80.0,1.0,1.0,7.0,2256794,1.0,1,4,1,5.0,,-1.0, -1,1979.0,B01,138Â 210Â 762,1.0,0.0,-1.0,1722621,2.0,7,,0.0,2.0,1.0,B01,138Â 210Â 762,1.0
1009197,201900050728,3,24,11:55,1,1,2,1.0,3.0,63193,RD 52/rue Dallet,M,"45,7719700","3,2082800",63,2019,80.0,1.0,1.0,7.0,2256794,1.0,1,4,1,5.0,,-1.0, -1,1979.0,B01,138Â 210Â 762,1.0,0.0,-1.0,1722622,1.0,7,,0.0,2.0,8.0,A01,138Â 210Â 767,1.0
1009197,201900050728,3,24,11:55,1,1,2,1.0,3.0,63193,RD 52/rue Dallet,M,"45,7719700","3,2082800",63,2019,80.0,1.0,1.0,7.0,2256795,1.0,1,3,2,5.0,,-1.0, -1,1944.0,A01,138Â 210Â 767,1.0,8.0,-1.0,1722621,2.0,7,,0.0,2.0,1.0,B01,138Â 210Â 762,1.0
1009197,201900050728,3,24,11:55,1,1,2,1.0,3.0,63193,RD 52/rue Dallet,M,"45,7719700","3,2082800",63,2019,80.0,1.0,1.0,7.0,2256795,1.0,1,3,2,5.0,,-1.0, -1,1944.0,A01,138Â 210Â 767,1.0,8.0,-1.0,1722622,1.0,7,,0.0,2.0,8.0,A01,138Â 210Â 767,1.0
1009198,201900050729,6,25,08:30,1,1,3,1.0,2.0,77448,D603 X RUE DU HAINAULT,M,"48,9447200","3,1103300",77,2019,70.0,1.0,1.0,3.0,2256796,1.0,1,4,2,1.0,,0.0,0,1981.0,B01,138Â 210Â 760,1.0,-1.0,-1.0,1722623,2.0,7,,0.0,2.0,4.0,B01,138Â 210Â 760,0.0
1009198,201900050729,6,25,08:30,1,1,3,1.0,2.0,77448,D603 X RUE DU HAINAULT,M,"48,9447200","3,1103300",77,2019,70.0,1.0,1.0,3.0,2256796,1.0,1,4,2,1.0,,0.0,0,1981.0,B01,138Â 210Â 760,1.0,-1.0,-1.0,1722624,2.0,10,,0.0,2.0,1.0,A01,138Â 210Â 761,0.0
1009198,201900050729,6,25,08:30,1,1,3,1.0,2.0,77448,D603 X RUE DU HAINAULT,M,"48,9447200","3,1103300",77,2019,70.0,1.0,1.0,3.0,2256797,1.0,1,1,1,1.0,,0.0,0,1978.0,A01,138Â 210Â 761,1.0,-1.0,-1.0,1722623,2.0,7,,0.0,2.0,4.0,B01,138Â 210Â 760,0.0
1009198,201900050729,6,25,08:30,1,1,3,1.0,2.0,77448,D603 X RUE DU HAINAULT,M,"48,9447200","3,1103300",77,2019,70.0,1.0,1.0,3.0,2256797,1.0,1,1,1,1.0,,0.0,0,1978.0,A01,138Â 210Â 761,1.0,-1.0,-1.0,1722624,2.0,10,,0.0,2.0,1.0,A01,138Â 210Â 761,0.0
1009199,201900050730,3,27,21:10,5,2,2,1.0,3.0,62617,COQUELICOTS (RUE DES),M,"50,4740000","2,6748000",62,2019,50.0,1.0,1.0,4.0,2256798,1.0,1,1,2,5.0,,0.0,0,1963.0,B01,138Â 210Â 756,1.0,0.0,-1.0,1722625,3.0,7,,0.0,2.0,7.0,B01,138Â 210Â 756,1.0
1009199,201900050730,3,27,21:10,5,2,2,1.0,3.0,62617,COQUELICOTS (RUE DES),M,"50,4740000","2,6748000",62,2019,50.0,1.0,1.0,4.0,2256798,1.0,1,1,2,5.0,,0.0,0,1963.0,B01,138Â 210Â 756,1.0,0.0,-1.0,1722626,3.0,2,,0.0,2.0,1.0,A01,138Â 210Â 759,1.0
1009199,201900050730,3,27,21:10,5,2,2,1.0,3.0,62617,COQUELICOTS (RUE DES),M,"50,4740000","2,6748000",62,2019,50.0,1.0,1.0,4.0,2256799,1.0,1,4,1,5.0,,0.0,0,2003.0,A01,138Â 210Â 759,2.0,0.0,-1.0,1722625,3.0,7,,0.0,2.0,7.0,B01,138Â 210Â 756,1.0
1009199,201900050730,3,27,21:10,5,2,2,1.0,3.0,62617,COQUELICOTS (RUE DES),M,"50,4740000","2,6748000",62,2019,50.0,1.0,1.0,4.0,2256799,1.0,1,4,1,5.0,,0.0,0,2003.0,A01,138Â 210Â 759,2.0,0.0,-1.0,1722626,3.0,2,,0.0,2.0,1.0,A01,138Â 210Â 759,1.0
1009199,201900050730,3,27,21:10,5,2,2,1.0,3.0,62617,COQUELICOTS (RUE DES),M,"50,4740000","2,6748000",62,2019,50.0,1.0,1.0,4.0,2256800,2.0,2,4,1,5.0,,0.0,0,2003.0,A01,138Â 210Â 759,8.0,0.0,-1.0,1722625,3.0,7,,0.0,2.0,7.0,B01,138Â 210Â 756,1.0
1009199,201900050730,3,27,21:10,5,2,2,1.0,3.0,62617,COQUELICOTS (RUE DES),M,"50,4740000","2,6748000",62,2019,50.0,1.0,1.0,4.0,2256800,2.0,2,4,1,5.0,,0.0,0,2003.0,A01,138Â 210Â 759,8.0,0.0,-1.0,1722626,3.0,2,,0.0,2.0,1.0,A01,138Â 210Â 759,1.0
1009200,201900050731,7,13,09:50,1,1,1,1.0,5.0,66182,Route DÃ©partementale 81,M,"42,7218700","3,0298000",66,2019,80.0,1.0,1.0,3.0,2256801,1.0,1,3,1,0.0,,0.0,0,1997.0,A01,138Â 210Â 753,1.0,-1.0,-1.0,1722627,2.0,7,,0.0,2.0,1.0,A01,138Â 210Â 753,0.0
1009200,201900050731,7,13,09:50,1,1,1,1.0,5.0,66182,Route DÃ©partementale 81,M,"42,7218700","3,0298000",66,2019,80.0,1.0,1.0,3.0,2256801,1.0,1,3,1,0.0,,0.0,0,1997.0,A01,138Â 210Â 753,1.0,-1.0,-1.0,1722628,1.0,7,,0.0,2.0,3.0,B01,138Â 210Â 754,1.0
1009200,201900050731,7,13,09:50,1,1,1,1.0,5.0,66182,Route DÃ©partementale 81,M,"42,7218700","3,0298000",66,2019,80.0,1.0,1.0,3.0,2256801,1.0,1,3,1,0.0,,0.0,0,1997.0,A01,138Â 210Â 753,1.0,-1.0,-1.0,1722629,1.0,7,,0.0,2.0,1.0,C01,138Â 210Â 755,1.0
1009200,201900050731,7,13,09:50,1,1,1,1.0,5.0,66182,Route DÃ©partementale 81,M,"42,7218700","3,0298000",66,2019,80.0,1.0,1.0,3.0,2256801,1.0,1,3,1,0.0,,0.0,0,1997.0,A01,138Â 210Â 753,1.0,-1.0,-1.0,1722630,1.0,7,,0.0,2.0,1.0,D01,138Â 210Â 757,1.0
1009200,201900050731,7,13,09:50,1,1,1,1.0,5.0,66182,Route DÃ©partementale 81,M,"42,7218700","3,0298000",66,2019,80.0,1.0,1.0,3.0,2256801,1.0,1,3,1,0.0,,0.0,0,1997.0,A01,138Â 210Â 753,1.0,-1.0,-1.0,1722631,1.0,7,,0.0,2.0,1.0,E01,138Â 210Â 758,1.0
1009200,201900050731,7,13,09:50,1,1,1,1.0,5.0,66182,Route DÃ©partementale 81,M,"42,7218700","3,0298000",66,2019,80.0,1.0,1.0,3.0,2256802,1.0,1,4,1,5.0,,0.0,0,1954.0,B01,138Â 210Â 754,1.0,-1.0,-1.0,1722627,2.0,7,,0.0,2.0,1.0,A01,138Â 210Â 753,0.0
1009200,201900050731,7,13,09:50,1,1,1,1.0,5.0,66182,Route DÃ©partementale 81,M,"42,7218700","3,0298000",66,2019,80.0,1.0,1.0,3.0,2256802,1.0,1,4,1,5.0,,0.0,0,1954.0,B01,138Â 210Â 754,1.0,-1.0,-1.0,1722628,1.0,7,,0.0,2.0,3.0,B01,138Â 210Â 754,1.0
1009200,201900050731,7,13,09:50,1,1,1,1.0,5.0,66182,Route DÃ©partementale 81,M,"42,7218700","3,0298000",66,2019,80.0,1.0,1.0,3.0,2256802,1.0,1,4,1,5.0,,0.0,0,1954.0,B01,138Â 210Â 754,1.0,-1.0,-1.0,1722629,1.0,7,,0.0,2.0,1.0,C01,138Â 210Â 755,1.0
1009200,201900050731,7,13,09:50,1,1,1,1.0,5.0,66182,Route DÃ©partementale 81,M,"42,7218700","3,0298000",66,2019,80.0,1.0,1.0,3.0,2256802,1.0,1,4,1,5.0,,0.0,0,1954.0,B01,138Â 210Â 754,1.0,-1.0,-1.0,1722630,1.0,7,,0.0,2.0,1.0,D01,138Â 210Â 757,1.0
1009200,201900050731,7,13,09:50,1,1,1,1.0,5.0,66182,Route DÃ©partementale 81,M,"42,7218700","3,0298000",66,2019,80.0,1.0,1.0,3.0,2256802,1.0,1,4,1,5.0,,0.0,0,1954.0,B01,138Â 210Â 754,1.0,-1.0,-1.0,1722631,1.0,7,,0.0,2.0,1.0,E01,138Â 210Â 758,1.0
1009200,201900050731,7,13,09:50,1,1,1,1.0,5.0,66182,Route DÃ©partementale 81,M,"42,7218700","3,0298000",66,2019,80.0,1.0,1.0,3.0,2256803,2.0,2,4,2,5.0,,0.0,0,1954.0,B01,138Â 210Â 754,1.0,-1.0,-1.0,1722627,2.0,7,,0.0,2.0,1.0,A01,138Â 210Â 753,0.0
1009200,201900050731,7,13,09:50,1,1,1,1.0,5.0,66182,Route DÃ©partementale 81,M,"42,7218700","3,0298000",66,2019,80.0,1.0,1.0,3.0,2256803,2.0,2,4,2,5.0,,0.0,0,1954.0,B01,138Â 210Â 754,1.0,-1.0,-1.0,1722628,1.0,7,,0.0,2.0,3.0,B01,138Â 210Â 754,1.0
1009200,201900050731,7,13,09:50,1,1,1,1.0,5.0,66182,Route DÃ©partementale 81,M,"42,7218700","3,0298000",66,2019,80.0,1.0,1.0,3.0,2256803,2.0,2,4,2,5.0,,0.0,0,1954.0,B01,138Â 210Â 754,1.0,-1.0,-1.0,1722629,1.0,7,,0.0,2.0,1.0,C01,138Â 210Â 755,1.0