Unnamed: 0_x,num_acc,mois,jour,hrmn,lum,agg,int,atm,col,com,adr,gps,lat,long,dep,annee,vma,situ,surf,catr,Unnamed: 0_y,place,catu,grav,sexe,trajet,secu,locp,actp,an_nais,num_veh_x,id_vehicule_x,secu1,secu2,secu3,Unnamed: 0,senc,catv,occutc,obs,obsm,choc,num_veh_y,id_vehicule_y,motor
1009200,201900050731,7,13,09:50,1,1,1,1.0,5.0,66182,Route DÃ©partementale 81,M,"42,7218700","3,0298000",66,2019,80.0,1.0,1.0,3.0,2256803,2.0,2,4,2,5.0,,0.0,0,1954.0,B01,138Â 210Â 754,1.0,-1.0,-1.0,1722630,1.0,7,,0.0,2.0,1.0,D01,138Â 210Â 757,1.0
1009200,201900050731,7,13,09:50,1,1,1,1.0,5.0,66182,Route DÃ©partementale 81,M,"42,7218700","3,0298000",66,2019,80.0,1.0,1.0,3.0,2256803,2.0,2,4,2,5.0,,0.0,0,1954.0,B01,138Â 210Â 754,1.0,-1.0,-1.0,1722631,1.0,7,,0.0,2.0,1.0,E01,138Â 210Â 758,1.0
1009200,201900050731,7,13,09:50,1,1,1,1.0,5.0,66182,Route DÃ©partementale 81,M,"42,7218700","3,0298000",66,2019,80.0,1.0,1.0,3.0,2256804,1.0,1,1,1,5.0,,0.0,0,1976.0,C01,138Â 210Â 755,1.0,-1.0,-1.0,1722627,2.0,7,,0.0,2.0,1.0,A01,138Â 210Â 753,0.0
1009200,201900050731,7,13,09:50,1,1,1,1.0,5.0,66182,Route DÃ©partementale 81,M,"42,7218700","3,0298000",66,2019,80.0,1.0,1.0,3.0,2256804,1.0,1,1,1,5.0,,0.0,0,1976.0,C01,138Â 210Â 755,1.0,-1.0,-1.0,1722628,1.0,7,,0.0,2.0,3.0,B01,138Â 210Â 754,1.0
1009200,201900050731,7,13,09:50,1,1,1,1.0,5.0,66182,Route DÃ©partementale 81,M,"42,7218700","3,0298000",66,2019,80.0,1.0,1.0,3.0,2256804,1.0,1,1,1,5.0,,0.0,0,1976.0,C01,138Â 210Â 755,1.0,-1.0,-1.0,1722629,1.0,7,,0.0,2.0,1.0,C01,138Â 210Â 755,1.0
1009200,201900050731,7,13,09:50,1,1,1,1.0,5.0,66182,Route DÃ©partementale 81,M,"42,7218700","3,0298000",66,2019,80.0,1.0,1.0,3.0,2256804,1.0,1,1,1,5.0,,0.0,0,1976.0,C01,138Â 210Â 755,1.0,-1.0,-1.0,1722630,1.0,7,,0.0,2.0,1.0,D01,138Â 210Â 757,1.0
1009200,201900050731,7,13,09:50,1,1,1,1.0,5.0,66182,Route DÃ©partementale 81,M,"42,7218700","3,0298000",66,2019,80.0,1.0,1.0,3.0,2256804,1.0,1,1,1,5.0,,0.0,0,1976.0,C01,138Â 210Â 755,1.0,-1.0,-1.0,1722631,1.0,7,,0.0,2.0,1.0,E01,138Â 210Â 758,1.0
1009200,201900050731,7,13,09:50,1,1,1,1.0,5.0,66182,Route DÃ©partementale 81,M,"42,7218700","3,0298000",66,2019,80.0,1.0,1.0,3.0,2256805,1.0,1,1,2,5.0,,0.0,0,1977.0,D01,138Â 210Â 757,1.0,-1.0,-1.0,1722627,2.0,7,,0.0,2.0,1.0,A01,138Â 210Â 753,0.0
1009200,201900050731,7,13,09:50,1,1,1,1.0,5.0,66182,Route DÃ©partementale 81,M,"42,7218700","3,0298000",66,2019,80.0,1.0,1.0,3.0,2256805,1.0,1,1,2,5.0,,0.0,0,1977.0,D01,138Â 210Â 757,1.0,-1.0,-1.0,1722628,1.0,7,,0.0,2.0,3.0,B01,138Â 210Â 754,1.0
1009200,201900050731,7,13,09:50,1,1,1,1.0,5.0,66182,Route DÃ©partementale 81,M,"42,7218700","3,0298000",66,2019,80.0,1.0,1.0,3.0,2256805,1.0,1,1,2,5.0,,0.0,0,1977.0,D01,138Â 210Â 757,1.0,-1.0,-1.0,1722629,1.0,7,,0.0,2.0,1.0,C01,138Â 210Â 755,1.0
1009200,201900050731,7,13,09:50,1,1,1,1.0,5.0,66182,Route DÃ©partementale 81,M,"42,7218700","3,0298000",66,2019,80.0,1.0,1.0,3.0,2256805,1.0,1,1,2,5.0,,0.0,0,1977.0,D01,138Â 210Â 757,1.0,-1.0,-1.0,1722630,1.0,7,,0.0,2.0,1.0,D01,138Â 210Â 757,1.0
1009200,201900050731,7,13,09:50,1,1,1,1.0,5.0,66182,Route DÃ©partementale 81,M,"42,7218700","3,0298000",66,2019,80.0,1.0,1.0,3.0,2256805,1.0,1,1,2,5.0,,0.0,0,1977.0,D01,138Â 210Â 757,1.0,-1.0,-1.0,1722631,1.0,7,,0.0,2.0,1.0,E01,138Â 210Â 758,1.0
1009200,201900050731,7,13,09:50,1,1,1,1.0,5.0,66182,Route DÃ©partementale 81,M,"42,7218700","3,0298000",66,2019,80.0,1.0,1.0,3.0,2256806,1.0,1,4,1,9.0,,0.0,0,1978.0,E01,138Â 210Â 758,1.0,-1.0,-1.0,1722627,2.0,7,,0.0,2.0,1.0,A01,138Â 210Â 753,0.0
1009200,201900050731,7,13,09:50,1,1,1,1.0,5.0,66182,Route DÃ©partementale 81,M,"42,7218700","3,0298000",66,2019,80.0,1.0,1.0,3.0,2256806,1.0,1,4,1,9.0,,0.0,0,1978.0,E01,138Â 210Â 758,1.0,-1.0,-1.0,1722628,1.0,7,,0.0,2.0,3.0,B01,138Â 210Â 754,1.0
1009200,201900050731,7,13,09:50,1,1,1,1.0,5.0,66182,Route DÃ©partementale 81,M,"42,7218700","3,0298000",66,2019,80.0,1.0,1.0,3.0,2256806,1.0,1,4,1,9.0,,0.0,0,1978.0,E01,138Â 210Â 758,1.0,-1.0,-1.0,1722629,1.0,7,,0.0,2.0,1.0,C01,138Â 210Â 755,1.0
1009200,201900050731,7,13,09:50,1,1,1,1.0,5.0,66182,Route DÃ©partementale 81,M,"42,7218700","3,0298000",66,2019,80.0,1.0,1.0,3.0,2256806,1.0,1,4,1,9.0,,0.0,0,1978.0,E01,138Â 210Â 758,1.0,-1.0,-1.0,1722630,1.0,7,,0.0,2.0,1.0,D01,138Â 210Â 757,1.0
1009200,201900050731,7,13,09:50,1,1,1,1.0,5.0,66182,Route DÃ©partementale 81,M,"42,7218700","3,0298000",66,2019,80.0,1.0,1.0,3.0,2256806,1.0,1,4,1,9.0,,0.0,0,1978.0,E01,138Â 210Â 758,1.0,-1.0,-1.0,1722631,1.0,7,,0.0,2.0,1.0,E01,138Â 210Â 758,1.0
1009201,201900050732,7,14,11:00,1,1,1,1.0,7.0,30080,Departementale 906,M,"44,3013770","3,9776870",30,2019,80.0,1.0,1.0,3.0,2256807,1.0,1,3,1,5.0,,0.0,0,1998.0,A01,138Â 210Â 751,2.0,6.0,9.0,1722632,0.0,33,,0.0,0.0,0.0,A01,138Â 210Â 751,1.0
1009202,201900050733,3,25,19:45,5,2,1,1.0,1.0,62065,VOLTAIRE,M,"50,4172800","2,8455300",62,2019,50.0,1.0,1.0,3.0,2256808,4.0,2,4,1,5.0,,-1.0,0,2009.0,B01,138Â 210Â 750,1.0,8.0,-1.0,1722633,2.0,7,,0.0,2.0,1.0,B01,138Â 210Â 750,1.0
1009202,201900050733,3,25,19:45,5,2,1,1.0,1.0,62065,VOLTAIRE,M,"50,4172800","2,8455300",62,2019,50.0,1.0,1.0,3.0,2256808,4.0,2,4,1,5.0,,-1.0,0,2009.0,B01,138Â 210Â 750,1.0,8.0,-1.0,1722634,1.0,7,,1.0,2.0,1.0,A01,138Â 210Â 752,1.0
1009202,201900050733,3,25,19:45,5,2,1,1.0,1.0,62065,VOLTAIRE,M,"50,4172800","2,8455300",62,2019,50.0,1.0,1.0,3.0,2256809,3.0,2,4,1,5.0,,-1.0,0,2006.0,B01,138Â 210Â 750,1.0,8.0,-1.0,1722633,2.0,7,,0.0,2.0,1.0,B01,138Â 210Â 750,1.0
1009202,201900050733,3,25,19:45,5,2,1,1.0,1.0,62065,VOLTAIRE,M,"50,4172800","2,8455300",62,2019,50.0,1.0,1.0,3.0,2256809,3.0,2,4,1,5.0,,-1.0,0,2006.0,B01,138Â 210Â 750,1.0,8.0,-1.0,1722634,1.0,7,,1.0,2.0,1.0,A01,138Â 210Â 752,1.0
1009202,201900050733,3,25,19:45,5,2,1,1.0,1.0,62065,VOLTAIRE,M,"50,4172800","2,8455300",62,2019,50.0,1.0,1.0,3.0,2256810,2.0,2,4,1,5.0,,-1.0,0,2006.0,B01,138Â 210Â 750,1.0,8.0,-1.0,1722633,2.0,7,,0.0,2.0,1.0,B01,138Â 210Â 750,1.0
1009202,201900050733,3,25,19:45,5,2,1,1.0,1.0,62065,VOLTAIRE,M,"50,4172800","2,8455300",62,2019,50.0,1.0,1.0,3.0,2256810,2.0,2,4,1,5.0,,-1.0,0,2006.0,B01,138Â 210Â 750,1.0,8.0,-1.0,1722634,1.0,7,,1.0,2.0,1.0,A01,138Â 210Â 752,1.0
1009202,201900050733,3,25,19:45,5,2,1,1.0,1.0,62065,VOLTAIRE,M,"50,4172800","2,8455300",62,2019,50.0,1.0,1.0,3.0,2256811,1.0,1,4,1,5.0,,-1.0,0,1983.0,B01,138Â 210Â 750,1.0,8.0,-1.0,1722633,2.0,7,,0.0,2.0,1.0,B01,138Â 210Â 750,1.0
1009202,201900050733,3,25,19:45,5,2,1,1.0,1.0,62065,VOLTAIRE,M,"50,4172800","2,8455300",62,2019,50.0,1.0,1.0,3.0,2256811,1.0,1,4,1,5.0,,-1.0,0,1983.0,B01,138Â 210Â 750,1.0,8.0,-1.0,1722634,1.0,7,,1.0,2.0,1.0,A01,138Â 210Â 752,1.0
1009202,201900050733,3,25,19:45,5,2,1,1.0,1.0,62065,VOLTAIRE,M,"50,4172800","2,8455300",62,2019,50.0,1.0,1.0,3.0,2256812,1.0,1,3,1,5.0,,-1.0,0,1984.0,A01,138Â 210Â 752,1.0,8.0,-1.0,1722633,2.0,7,,0.0,2.0,1.0,B01,138Â 210Â 750,1.0
1009202,201900050733,3,25,19:45,5,2,1,1.0,1.0,62065,VOLTAIRE,M,"50,4172800","2,8455300",62,2019,50.0,1.0,1.0,3.0,2256812,1.0,1,3,1,5.0,,-1.0,0,1984.0,A01,138Â 210Â 752,1.0,8.0,-1.0,1722634,1.0,7,,1.0,2.0,1.0,A01,138Â 210Â 752,1.0
1009203,201900050734,3,30,20:50,1,2,1,7.0,6.0,62480,F.T.P.F. (RUE DES ),M,"50,4989500","2,6779600",62,2019,50.0,1.0,1.0,7.0,2256813,1.0,1,3,1,5.0,,0.0,0,1998.0,A01,138Â 210Â 748,2.0,6.0,-1.0,1722635,1.0,31,,7.0,0.0,1.0,A01,138Â 210Â 748,1.0
1009204,201900050735,3,28,15:00,1,2,1,1.0,3.0,62193,CHAROST,M,"50,9494000","1,8567000",62,2019,50.0,2.0,1.0,4.0,2256814,1.0,1,4,2,4.0,,-1.0, -1,1982.0,A01,138Â 210Â 745,2.0,0.0,-1.0,1722636,2.0,1,,0.0,2.0,3.0,A01,138Â 210Â 745,5.0
1009204,201900050735,3,28,15:00,1,2,1,1.0,3.0,62193,CHAROST,M,"50,9494000","1,8567000",62,2019,50.0,2.0,1.0,4.0,2256814,1.0,1,4,2,4.0,,-1.0, -1,1982.0,A01,138Â 210Â 745,2.0,0.0,-1.0,1722637,2.0,33,,1.0,2.0,7.0,B01,138Â 210Â 746,1.0
1009204,201900050735,3,28,15:00,1,2,1,1.0,3.0,62193,CHAROST,M,"50,9494000","1,8567000",62,2019,50.0,2.0,1.0,4.0,2256815,1.0,1,4,1,5.0,,-1.0, -1,1996.0,B01,138Â 210Â 746,2.0,6.0,-1.0,1722636,2.0,1,,0.0,2.0,3.0,A01,138Â 210Â 745,5.0
1009204,201900050735,3,28,15:00,1,2,1,1.0,3.0,62193,CHAROST,M,"50,9494000","1,8567000",62,2019,50.0,2.0,1.0,4.0,2256815,1.0,1,4,1,5.0,,-1.0, -1,1996.0,B01,138Â 210Â 746,2.0,6.0,-1.0,1722637,2.0,33,,1.0,2.0,7.0,B01,138Â 210Â 746,1.0
1009205,201900050736,7,14,18:40,1,1,1,1.0,7.0,04152,RD 06 Valgas ,M,"43,8235930","5,7523440",4,2019,70.0,8.0,1.0,3.0,2256816,1.0,1,3,1,1.0,,0.0,0,1996.0,A01,138Â 210Â 747,1.0,-1.0,-1.0,1722638,2.0,7,,0.0,0.0,9.0,A01,138Â 210Â 747,1.0
1009206,201900050737,3,30,13:50,1,2,1,7.0,6.0,62480,F.T.P.F. (RUE DES ),M,"50,4989500","2,6779600",62,2019,50.0,1.0,1.0,4.0,2256817,10.0,3,3,1,5.0,,2.0,3,2012.0,A01,138Â 210Â 744,8.0,0.0,-1.0,1722639,3.0,3,,0.0,1.0,2.0,A01,138Â 210Â 744,1.0
1009206,201900050737,3,30,13:50,1,2,1,7.0,6.0,62480,F.T.P.F. (RUE DES ),M,"50,4989500","2,6779600",62,2019,50.0,1.0,1.0,4.0,2256818,1.0,1,1,1,5.0,,0.0,0,1991.0,A01,138Â 210Â 744,1.0,0.0,-1.0,1722639,3.0,3,,0.0,1.0,2.0,A01,138Â 210Â 744,1.0
1009207,201900050738,7,15,16:40,1,1,1,1.0,7.0,70279,RD 475 PK 4,M,"47,4242590","5,5891150",70,2019,80.0,3.0,1.0,3.0,2256819,1.0,1,3,1,4.0,,0.0,0,1997.0,A01,138Â 210Â 743,1.0,-1.0,-1.0,1722640,2.0,10,,2.0,0.0,2.0,A01,138Â 210Â 743,1.0
1009208,201900050739,3,30,15:40,1,2,1,1.0,3.0,59279,LILLE (RUE DE),M,"50,7860600","3,1270000",59,2019,10.0,1.0,1.0,7.0,2256820,1.0,1,1,1,-1.0,,-1.0, -1,1900.0,A01,138Â 210Â 741,1.0,0.0,0.0,1722641,1.0,7,,0.0,2.0,6.0,A01,138Â 210Â 741,0.0
1009208,201900050739,3,30,15:40,1,2,1,1.0,3.0,59279,LILLE (RUE DE),M,"50,7860600","3,1270000",59,2019,10.0,1.0,1.0,7.0,2256820,1.0,1,1,1,-1.0,,-1.0, -1,1900.0,A01,138Â 210Â 741,1.0,0.0,0.0,1722642,1.0,1,,0.0,0.0,0.0,B01,138Â 210Â 742,6.0
1009208,201900050739,3,30,15:40,1,2,1,1.0,3.0,59279,LILLE (RUE DE),M,"50,7860600","3,1270000",59,2019,10.0,1.0,1.0,7.0,2256821,1.0,1,4,1,5.0,,-1.0,0,1969.0,B01,138Â 210Â 742,2.0,8.0,-1.0,1722641,1.0,7,,0.0,2.0,6.0,A01,138Â 210Â 741,0.0
1009208,201900050739,3,30,15:40,1,2,1,1.0,3.0,59279,LILLE (RUE DE),M,"50,7860600","3,1270000",59,2019,10.0,1.0,1.0,7.0,2256821,1.0,1,4,1,5.0,,-1.0,0,1969.0,B01,138Â 210Â 742,2.0,8.0,-1.0,1722642,1.0,1,,0.0,0.0,0.0,B01,138Â 210Â 742,6.0
1009209,201900050740,7,14,12:50,1,2,1,1.0,6.0,70279,4 Rue de l'Aspirant Edmond Drouot,M,"47,4358920","5,5947560",70,2019,50.0,8.0,1.0,4.0,2256822,1.0,1,2,1,3.0,,0.0,0,1978.0,A01,138Â 210Â 740,1.0,-1.0,-1.0,1722643,3.0,3,,1.0,0.0,1.0,A01,138Â 210Â 740,1.0
1009210,201900050741,7,15,07:10,1,1,1,1.0,7.0,71382,Palissard,M,"46,4940960","3,8987400",71,2019,80.0,3.0,1.0,3.0,2256823,1.0,1,2,1,1.0,,0.0,0,2000.0,A01,138Â 210Â 738,1.0,-1.0,-1.0,1722644,0.0,7,,3.0,0.0,7.0,A01,138Â 210Â 738,1.0
1009211,201900050742,7,13,01:30,4,2,3,1.0,6.0,14060,Route dÃ©partementale 35,M,"49,2478320"," -0,2760650",14,2019,50.0,8.0,1.0,3.0,2256824,1.0,1,3,1,5.0,,0.0,0,1999.0,A01,138Â 210Â 735,8.0,-1.0,-1.0,1722645,1.0,7,,6.0,0.0,1.0,A01,138Â 210Â 735,0.0
1009211,201900050742,7,13,01:30,4,2,3,1.0,6.0,14060,Route dÃ©partementale 35,M,"49,2478320"," -0,2760650",14,2019,50.0,8.0,1.0,3.0,2256825,7.0,2,4,2,5.0,,0.0,0,2000.0,A01,138Â 210Â 735,1.0,-1.0,-1.0,1722645,1.0,7,,6.0,0.0,1.0,A01,138Â 210Â 735,0.0
1009211,201900050742,7,13,01:30,4,2,3,1.0,6.0,14060,Route dÃ©partementale 35,M,"49,2478320"," -0,2760650",14,2019,50.0,8.0,1.0,3.0,2256826,9.0,2,4,1,5.0,,0.0,0,1998.0,A01,138Â 210Â 735,1.0,-1.0,-1.0,1722645,1.0,7,,6.0,0.0,1.0,A01,138Â 210Â 735,0.0
1009211,201900050742,7,13,01:30,4,2,3,1.0,6.0,14060,Route dÃ©partementale 35,M,"49,2478320"," -0,2760650",14,2019,50.0,8.0,1.0,3.0,2256827,2.0,2,4,1,5.0,,0.0,0,1999.0,A01,138Â 210Â 735,1.0,-1.0,-1.0,1722645,1.0,7,,6.0,0.0,1.0,A01,138Â 210Â 735,0.0
1009212,201900050743,7,14,19:50,1,1,1,1.0,6.0,80386,D935,M,"49,7154580","2,5912140",80,2019,-1.0,1.0,1.0,3.0,2256828,1.0,1,4,1,5.0,,0.0,0,2000.0,A01,138Â 210Â 731,1.0,-1.0,-1.0,1722646,2.0,7,,0.0,0.0,9.0,A01,138Â 210Â 731,1.0
1009212,201900050743,7,14,19:50,1,1,1,1.0,6.0,80386,D935,M,"49,7154580","2,5912140",80,2019,-1.0,1.0,1.0,3.0,2256829,9.0,2,4,1,5.0,,0.0,0,2000.0,A01,138Â 210Â 731,1.0,-1.0,-1.0,1722646,2.0,7,,0.0,0.0,9.0,A01,138Â 210Â 731,1.0
1009212,201900050743,7,14,19:50,1,1,1,1.0,6.0,80386,D935,M,"49,7154580","2,5912140",80,2019,-1.0,1.0,1.0,3.0,2256830,2.0,2,4,1,5.0,,0.0,0,1999.0,A01,138Â 210Â 731,1.0,-1.0,-1.0,1722646,2.0,7,,0.0,0.0,9.0,A01,138Â 210Â 731,1.0
1009213,201900050744,3,18,13:00,1,2,2,1.0,5.0,59343,DELORY GUSTAVE RUE,M,"50,5854500","3,1051800",59,2019,50.0,1.0,1.0,7.0,2256831,1.0,1,4,1,0.0,,-1.0,0,1998.0,A01,138Â 210Â 727,8.0,0.0,-1.0,1722647,2.0,7,,0.0,2.0,1.0,A01,138Â 210Â 727,1.0
1009213,201900050744,3,18,13:00,1,2,2,1.0,5.0,59343,DELORY GUSTAVE RUE,M,"50,5854500","3,1051800",59,2019,50.0,1.0,1.0,7.0,2256831,1.0,1,4,1,0.0,,-1.0,0,1998.0,A01,138Â 210Â 727,8.0,0.0,-1.0,1722648,1.0,7,,0.0,2.0,3.0,C01,138Â 210Â 729,1.0
1009213,201900050744,3,18,13:00,1,2,2,1.0,5.0,59343,DELORY GUSTAVE RUE,M,"50,5854500","3,1051800",59,2019,50.0,1.0,1.0,7.0,2256831,1.0,1,4,1,0.0,,-1.0,0,1998.0,A01,138Â 210Â 727,8.0,0.0,-1.0,1722649,1.0,7,,0.0,2.0,3.0,B01,138Â 210Â 730,1.0
1009213,201900050744,3,18,13:00,1,2,2,1.0,5.0,59343,DELORY GUSTAVE RUE,M,"50,5854500","3,1051800",59,2019,50.0,1.0,1.0,7.0,2256832,1.0,1,4,1,0.0,,-1.0,0,1999.0,C01,138Â 210Â 729,8.0,0.0,-1.0,1722647,2.0,7,,0.0,2.0,1.0,A01,138Â 210Â 727,1.0
1009213,201900050744,3,18,13:00,1,2,2,1.0,5.0,59343,DELORY GUSTAVE RUE,M,"50,5854500","3,1051800",59,2019,50.0,1.0,1.0,7.0,2256832,1.0,1,4,1,0.0,,-1.0,0,1999.0,C01,138Â 210Â 729,8.0,0.0,-1.0,1722648,1.0,7,,0.0,2.0,3.0,C01,138Â 210Â 729,1.0
1009213,201900050744,3,18,13:00,1,2,2,1.0,5.0,59343,DELORY GUSTAVE RUE,M,"50,5854500","3,1051800",59,2019,50.0,1.0,1.0,7.0,2256832,1.0,1,4,1,0.0,,-1.0,0,1999.0,C01,138Â 210Â 729,8.0,0.0,-1.0,1722649,1.0,7,,0.0,2.0,3.0,B01,138Â 210Â 730,1.0
1009213,201900050744,3,18,13:00,1,2,2,1.0,5.0,59343,DELORY GUSTAVE RUE,M,"50,5854500","3,1051800",59,2019,50.0,1.0,1.0,7.0,2256833,1.0,1,4,1,0.0,,-1.0,0,1985.0,B01,138Â 210Â 730,8.0,0.0,-1.0,1722647,2.0,7,,0.0,2.0,1.0,A01,138Â 210Â 727,1.0
1009213,201900050744,3,18,13:00,1,2,2,1.0,5.0,59343,DELORY GUSTAVE RUE,M,"50,5854500","3,1051800",59,2019,50.0,1.0,1.0,7.0,2256833,1.0,1,4,1,0.0,,-1.0,0,1985.0,B01,138Â 210Â 730,8.0,0.0,-1.0,1722648,1.0,7,,0.0,2.0,3.0,C01,138Â 210Â 729,1.0
1009213,201900050744,3,18,13:00,1,2,2,1.0,5.0,59343,DELORY GUSTAVE RUE,M,"50,5854500","3,1051800",59,2019,50.0,1.0,1.0,7.0,2256833,1.0,1,4,1,0.0,,-1.0,0,1985.0,B01,138Â 210Â 730,8.0,0.0,-1.0,1722649,1.0,7,,0.0,2.0,3.0,B01,138Â 210Â 730,1.0
1009214,201900050745,7,14,23:45,5,2,1,1.0,2.0,62014,Route DÃ©partementale 943,M,"50,6327890","2,3896400",62,2019,50.0,1.0,1.0,3.0,2256834,1.0,1,4,1,5.0,,0.0,0,1988.0,B01,138Â 210Â 726,0.0,-1.0,-1.0,1722650,3.0,7,,0.0,2.0,1.0,B01,138Â 210Â 726,1.0
1009214,201900050745,7,14,23:45,5,2,1,1.0,2.0,62014,Route DÃ©partementale 943,M,"50,6327890","2,3896400",62,2019,50.0,1.0,1.0,3.0,2256834,1.0,1,4,1,5.0,,0.0,0,1988.0,B01,138Â 210Â 726,0.0,-1.0,-1.0,1722651,3.0,7,,0.0,0.0,4.0,A01,138Â 210Â 728,1.0
1009214,201900050745,7,14,23:45,5,2,1,1.0,2.0,62014,Route DÃ©partementale 943,M,"50,6327890","2,3896400",62,2019,50.0,1.0,1.0,3.0,2256835,2.0,2,4,2,5.0,,0.0,0,1995.0,B01,138Â 210Â 726,1.0,-1.0,-1.0,1722650,3.0,7,,0.0,2.0,1.0,B01,138Â 210Â 726,1.0
1009214,201900050745,7,14,23:45,5,2,1,1.0,2.0,62014,Route DÃ©partementale 943,M,"50,6327890","2,3896400",62,2019,50.0,1.0,1.0,3.0,2256835,2.0,2,4,2,5.0,,0.0,0,1995.0,B01,138Â 210Â 726,1.0,-1.0,-1.0,1722651,3.0,7,,0.0,0.0,4.0,A01,138Â 210Â 728,1.0
1009214,201900050745,7,14,23:45,5,2,1,1.0,2.0,62014,Route DÃ©partementale 943,M,"50,6327890","2,3896400",62,2019,50.0,1.0,1.0,3.0,2256836,1.0,1,4,2,5.0,,0.0,0,2000.0,A01,138Â 210Â 728,1.0,-1.0,-1.0,1722650,3.0,7,,0.0,2.0,1.0,B01,138Â 210Â 726,1.0
1009214,201900050745,7,14,23:45,5,2,1,1.0,2.0,62014,Route DÃ©partementale 943,M,"50,6327890","2,3896400",62,2019,50.0,1.0,1.0,3.0,2256836,1.0,1,4,2,5.0,,0.0,0,2000.0,A01,138Â 210Â 728,1.0,-1.0,-1.0,1722651,3.0,7,,0.0,0.0,4.0,A01,138Â 210Â 728,1.0
1009215,201900050746,7,9,14:30,1,2,1,1.0,6.0,59268,45 rue du gÃ©nral de Gaulle,M,"50,6399540","2,7201910",59,2019,50.0,1.0,1.0,3.0,2256837,1.0,1,1,1,5.0,,0.0,0,1995.0,A01,138Â 210Â 723,0.0,-1.0,-1.0,1722652,2.0,7,,0.0,0.0,3.0,A01,138Â 210Â 723,1.0
1009215,201900050746,7,9,14:30,1,2,1,1.0,6.0,59268,45 rue du gÃ©nral de Gaulle,M,"50,6399540","2,7201910",59,2019,50.0,1.0,1.0,3.0,2256837,1.0,1,1,1,5.0,,0.0,0,1995.0,A01,138Â 210Â 723,0.0,-1.0,-1.0,1722653,2.0,1,,1.0,0.0,1.0,B01,138Â 210Â 725,5.0
1009215,201900050746,7,9,14:30,1,2,1,1.0,6.0,59268,45 rue du gÃ©nral de Gaulle,M,"50,6399540","2,7201910",59,2019,50.0,1.0,1.0,3.0,2256838,1.0,1,3,2,5.0,,0.0,0,1998.0,B01,138Â 210Â 725,0.0,-1.0,-1.0,1722652,2.0,7,,0.0,0.0,3.0,A01,138Â 210Â 723,1.0
1009215,201900050746,7,9,14:30,1,2,1,1.0,6.0,59268,45 rue du gÃ©nral de Gaulle,M,"50,6399540","2,7201910",59,2019,50.0,1.0,1.0,3.0,2256838,1.0,1,3,2,5.0,,0.0,0,1998.0,B01,138Â 210Â 725,0.0,-1.0,-1.0,1722653,2.0,1,,1.0,0.0,1.0,B01,138Â 210Â 725,5.0
1009216,201900050747,3,29,20:30,3,2,9,1.0,6.0,59253,C.D. 935 (NOUVEAU ),M,"50,4354400","3,6034400",59,2019,50.0,1.0,1.0,3.0,2256839,1.0,1,2,2,5.0,,0.0,0,1975.0,A01,138Â 210Â 724,1.0,0.0,-1.0,1722654,2.0,7,,2.0,0.0,1.0,A01,138Â 210Â 724,1.0
1009216,201900050747,3,29,20:30,3,2,9,1.0,6.0,59253,C.D. 935 (NOUVEAU ),M,"50,4354400","3,6034400",59,2019,50.0,1.0,1.0,3.0,2256840,2.0,2,4,2,5.0,,0.0,0,2006.0,A01,138Â 210Â 724,1.0,0.0,-1.0,1722654,2.0,7,,2.0,0.0,1.0,A01,138Â 210Â 724,1.0
1009217,201900050748,7,14,20:50,1,1,1,1.0,7.0,13206,Tunnel Prado CarÃ©nage,M,"43,2821300","5,3941100",13,2019,60.0,1.0,1.0,1.0,2256841,1.0,1,4,1,0.0,,-1.0,0,1998.0,A01,138Â 210Â 722,1.0,0.0,-1.0,1722655,1.0,7,,14.0,0.0,2.0,A01,138Â 210Â 722,1.0
1009218,201900050749,7,13,20:00,1,1,1,1.0,6.0,13203,A557-Liaison A7 Marseille-A55 Marseille,M,"43,3202830","5,3723430",13,2019,70.0,1.0,1.0,1.0,2256842,1.0,1,1,1,0.0,,-1.0,0,1963.0,B01,138Â 210Â 720,1.0,0.0,-1.0,1722656,1.0,7,,0.0,2.0,9.0,B01,138Â 210Â 720,1.0
1009218,201900050749,7,13,20:00,1,1,1,1.0,6.0,13203,A557-Liaison A7 Marseille-A55 Marseille,M,"43,3202830","5,3723430",13,2019,70.0,1.0,1.0,1.0,2256842,1.0,1,1,1,0.0,,-1.0,0,1963.0,B01,138Â 210Â 720,1.0,0.0,-1.0,1722657,1.0,7,,0.0,0.0,0.0,A01,138Â 210Â 721,1.0
1009218,201900050749,7,13,20:00,1,1,1,1.0,6.0,13203,A557-Liaison A7 Marseille-A55 Marseille,M,"43,3202830","5,3723430",13,2019,70.0,1.0,1.0,1.0,2256843,1.0,1,1,1,0.0,,-1.0,0,1971.0,A01,138Â 210Â 721,1.0,0.0,-1.0,1722656,1.0,7,,0.0,2.0,9.0,B01,138Â 210Â 720,1.0
1009218,201900050749,7,13,20:00,1,1,1,1.0,6.0,13203,A557-Liaison A7 Marseille-A55 Marseille,M,"43,3202830","5,3723430",13,2019,70.0,1.0,1.0,1.0,2256843,1.0,1,1,1,0.0,,-1.0,0,1971.0,A01,138Â 210Â 721,1.0,0.0,-1.0,1722657,1.0,7,,0.0,0.0,0.0,A01,138Â 210Â 721,1.0