Unnamed: 0_x,num_acc,mois,jour,hrmn,lum,agg,int,atm,col,com,adr,gps,lat,long,dep,annee,vma,situ,surf,catr,Unnamed: 0_y,place,catu,grav,sexe,trajet,secu,locp,actp,an_nais,num_veh_x,id_vehicule_x,secu1,secu2,secu3,Unnamed: 0,senc,catv,occutc,obs,obsm,choc,num_veh_y,id_vehicule_y,motor
1009218,201900050749,7,13,20:00,1,1,1,1.0,6.0,13203,A557-Liaison A7 Marseille-A55 Marseille,M,"43,3202830","5,3723430",13,2019,70.0,1.0,1.0,1.0,2256844,2.0,2,4,2,0.0,,-1.0,0,1974.0,A01,138Â 210Â 721,1.0,0.0,-1.0,1722656,1.0,7,,0.0,2.0,9.0,B01,138Â 210Â 720,1.0
1009218,201900050749,7,13,20:00,1,1,1,1.0,6.0,13203,A557-Liaison A7 Marseille-A55 Marseille,M,"43,3202830","5,3723430",13,2019,70.0,1.0,1.0,1.0,2256844,2.0,2,4,2,0.0,,-1.0,0,1974.0,A01,138Â 210Â 721,1.0,0.0,-1.0,1722657,1.0,7,,0.0,0.0,0.0,A01,138Â 210Â 721,1.0
1009219,201900050750,7,13,20:00,1,1,1,1.0,3.0,13203,A557-Liaison A7 Marseille-A55 Marseille,M,"43,3201850","5,3719370",13,2019,70.0,1.0,1.0,1.0,2256845,1.0,1,4,1,0.0,,-1.0,0,1964.0,A01,138Â 210Â 718,1.0,0.0,-1.0,1722658,1.0,7,,0.0,2.0,3.0,A01,138Â 210Â 718,1.0
1009219,201900050750,7,13,20:00,1,1,1,1.0,3.0,13203,A557-Liaison A7 Marseille-A55 Marseille,M,"43,3201850","5,3719370",13,2019,70.0,1.0,1.0,1.0,2256845,1.0,1,4,1,0.0,,-1.0,0,1964.0,A01,138Â 210Â 718,1.0,0.0,-1.0,1722659,1.0,7,,0.0,2.0,2.0,B01,138Â 210Â 719,1.0
1009219,201900050750,7,13,20:00,1,1,1,1.0,3.0,13203,A557-Liaison A7 Marseille-A55 Marseille,M,"43,3201850","5,3719370",13,2019,70.0,1.0,1.0,1.0,2256846,4.0,2,1,1,0.0,,-1.0,0,2009.0,A01,138Â 210Â 718,1.0,0.0,-1.0,1722658,1.0,7,,0.0,2.0,3.0,A01,138Â 210Â 718,1.0
1009219,201900050750,7,13,20:00,1,1,1,1.0,3.0,13203,A557-Liaison A7 Marseille-A55 Marseille,M,"43,3201850","5,3719370",13,2019,70.0,1.0,1.0,1.0,2256846,4.0,2,1,1,0.0,,-1.0,0,2009.0,A01,138Â 210Â 718,1.0,0.0,-1.0,1722659,1.0,7,,0.0,2.0,2.0,B01,138Â 210Â 719,1.0
1009219,201900050750,7,13,20:00,1,1,1,1.0,3.0,13203,A557-Liaison A7 Marseille-A55 Marseille,M,"43,3201850","5,3719370",13,2019,70.0,1.0,1.0,1.0,2256847,3.0,2,1,2,9.0,,-1.0,0,2014.0,A01,138Â 210Â 718,1.0,0.0,-1.0,1722658,1.0,7,,0.0,2.0,3.0,A01,138Â 210Â 718,1.0
1009219,201900050750,7,13,20:00,1,1,1,1.0,3.0,13203,A557-Liaison A7 Marseille-A55 Marseille,M,"43,3201850","5,3719370",13,2019,70.0,1.0,1.0,1.0,2256847,3.0,2,1,2,9.0,,-1.0,0,2014.0,A01,138Â 210Â 718,1.0,0.0,-1.0,1722659,1.0,7,,0.0,2.0,2.0,B01,138Â 210Â 719,1.0
1009219,201900050750,7,13,20:00,1,1,1,1.0,3.0,13203,A557-Liaison A7 Marseille-A55 Marseille,M,"43,3201850","5,3719370",13,2019,70.0,1.0,1.0,1.0,2256848,2.0,2,1,2,0.0,,-1.0,0,1978.0,A01,138Â 210Â 718,1.0,0.0,-1.0,1722658,1.0,7,,0.0,2.0,3.0,A01,138Â 210Â 718,1.0
1009219,201900050750,7,13,20:00,1,1,1,1.0,3.0,13203,A557-Liaison A7 Marseille-A55 Marseille,M,"43,3201850","5,3719370",13,2019,70.0,1.0,1.0,1.0,2256848,2.0,2,1,2,0.0,,-1.0,0,1978.0,A01,138Â 210Â 718,1.0,0.0,-1.0,1722659,1.0,7,,0.0,2.0,2.0,B01,138Â 210Â 719,1.0
1009219,201900050750,7,13,20:00,1,1,1,1.0,3.0,13203,A557-Liaison A7 Marseille-A55 Marseille,M,"43,3201850","5,3719370",13,2019,70.0,1.0,1.0,1.0,2256849,5.0,2,1,2,0.0,,-1.0,0,2008.0,A01,138Â 210Â 718,1.0,0.0,-1.0,1722658,1.0,7,,0.0,2.0,3.0,A01,138Â 210Â 718,1.0
1009219,201900050750,7,13,20:00,1,1,1,1.0,3.0,13203,A557-Liaison A7 Marseille-A55 Marseille,M,"43,3201850","5,3719370",13,2019,70.0,1.0,1.0,1.0,2256849,5.0,2,1,2,0.0,,-1.0,0,2008.0,A01,138Â 210Â 718,1.0,0.0,-1.0,1722659,1.0,7,,0.0,2.0,2.0,B01,138Â 210Â 719,1.0
1009219,201900050750,7,13,20:00,1,1,1,1.0,3.0,13203,A557-Liaison A7 Marseille-A55 Marseille,M,"43,3201850","5,3719370",13,2019,70.0,1.0,1.0,1.0,2256850,1.0,1,4,1,0.0,,-1.0,0,1999.0,B01,138Â 210Â 719,1.0,0.0,-1.0,1722658,1.0,7,,0.0,2.0,3.0,A01,138Â 210Â 718,1.0
1009219,201900050750,7,13,20:00,1,1,1,1.0,3.0,13203,A557-Liaison A7 Marseille-A55 Marseille,M,"43,3201850","5,3719370",13,2019,70.0,1.0,1.0,1.0,2256850,1.0,1,4,1,0.0,,-1.0,0,1999.0,B01,138Â 210Â 719,1.0,0.0,-1.0,1722659,1.0,7,,0.0,2.0,2.0,B01,138Â 210Â 719,1.0
1009220,201900050751,7,14,20:20,1,1,1,1.0,2.0,69081,A6   449.510 A 451.640,M,"45,7761400","4,7827800",69,2019,70.0,1.0,1.0,1.0,2256851,1.0,1,3,1,5.0,,0.0, -1,1989.0,A01,138Â 210Â 716,2.0,6.0,-1.0,1722660,1.0,33,,0.0,2.0,1.0,A01,138Â 210Â 716,1.0
1009220,201900050751,7,14,20:20,1,1,1,1.0,2.0,69081,A6   449.510 A 451.640,M,"45,7761400","4,7827800",69,2019,70.0,1.0,1.0,1.0,2256851,1.0,1,3,1,5.0,,0.0, -1,1989.0,A01,138Â 210Â 716,2.0,6.0,-1.0,1722661,1.0,7,,0.0,2.0,4.0,B01,138Â 210Â 717,1.0
1009220,201900050751,7,14,20:20,1,1,1,1.0,2.0,69081,A6   449.510 A 451.640,M,"45,7761400","4,7827800",69,2019,70.0,1.0,1.0,1.0,2256852,1.0,1,1,1,5.0,,0.0, -1,1971.0,B01,138Â 210Â 717,1.0,0.0,-1.0,1722660,1.0,33,,0.0,2.0,1.0,A01,138Â 210Â 716,1.0
1009220,201900050751,7,14,20:20,1,1,1,1.0,2.0,69081,A6   449.510 A 451.640,M,"45,7761400","4,7827800",69,2019,70.0,1.0,1.0,1.0,2256852,1.0,1,1,1,5.0,,0.0, -1,1971.0,B01,138Â 210Â 717,1.0,0.0,-1.0,1722661,1.0,7,,0.0,2.0,4.0,B01,138Â 210Â 717,1.0
1009221,201900050752,7,14,07:20,1,1,1,1.0,6.0,92036,A86,M,"48,9335355","2,2742065",92,2019,50.0,1.0,1.0,1.0,2256853,2.0,2,4,1,5.0,,-1.0,0,1989.0,A01,138Â 210Â 715,8.0,0.0,-1.0,1722662,2.0,7,,4.0,0.0,1.0,A01,138Â 210Â 715,1.0
1009221,201900050752,7,14,07:20,1,1,1,1.0,6.0,92036,A86,M,"48,9335355","2,2742065",92,2019,50.0,1.0,1.0,1.0,2256854,1.0,1,4,1,5.0,,-1.0, -1,1988.0,A01,138Â 210Â 715,8.0,0.0,-1.0,1722662,2.0,7,,4.0,0.0,1.0,A01,138Â 210Â 715,1.0
1009222,201900050753,7,12,16:15,1,1,1,1.0,2.0,93051,A4,M,"48,8363510","2,5532480",93,2019,110.0,1.0,1.0,1.0,2256855,4.0,2,4,2,5.0,,-1.0, -1,2010.0,B01,138Â 210Â 711,1.0,8.0,-1.0,1722663,1.0,7,,0.0,2.0,4.0,B01,138Â 210Â 711,1.0
1009222,201900050753,7,12,16:15,1,1,1,1.0,2.0,93051,A4,M,"48,8363510","2,5532480",93,2019,110.0,1.0,1.0,1.0,2256855,4.0,2,4,2,5.0,,-1.0, -1,2010.0,B01,138Â 210Â 711,1.0,8.0,-1.0,1722664,1.0,7,,0.0,2.0,1.0,A01,138Â 210Â 712,1.0
1009222,201900050753,7,12,16:15,1,1,1,1.0,2.0,93051,A4,M,"48,8363510","2,5532480",93,2019,110.0,1.0,1.0,1.0,2256856,2.0,2,4,2,5.0,,-1.0, -1,1984.0,B01,138Â 210Â 711,1.0,8.0,-1.0,1722663,1.0,7,,0.0,2.0,4.0,B01,138Â 210Â 711,1.0
1009222,201900050753,7,12,16:15,1,1,1,1.0,2.0,93051,A4,M,"48,8363510","2,5532480",93,2019,110.0,1.0,1.0,1.0,2256856,2.0,2,4,2,5.0,,-1.0, -1,1984.0,B01,138Â 210Â 711,1.0,8.0,-1.0,1722664,1.0,7,,0.0,2.0,1.0,A01,138Â 210Â 712,1.0
1009222,201900050753,7,12,16:15,1,1,1,1.0,2.0,93051,A4,M,"48,8363510","2,5532480",93,2019,110.0,1.0,1.0,1.0,2256857,1.0,1,1,1,5.0,,-1.0, -1,1979.0,B01,138Â 210Â 711,1.0,8.0,-1.0,1722663,1.0,7,,0.0,2.0,4.0,B01,138Â 210Â 711,1.0
1009222,201900050753,7,12,16:15,1,1,1,1.0,2.0,93051,A4,M,"48,8363510","2,5532480",93,2019,110.0,1.0,1.0,1.0,2256857,1.0,1,1,1,5.0,,-1.0, -1,1979.0,B01,138Â 210Â 711,1.0,8.0,-1.0,1722664,1.0,7,,0.0,2.0,1.0,A01,138Â 210Â 712,1.0
1009222,201900050753,7,12,16:15,1,1,1,1.0,2.0,93051,A4,M,"48,8363510","2,5532480",93,2019,110.0,1.0,1.0,1.0,2256858,1.0,1,1,2,1.0,,-1.0, -1,1975.0,A01,138Â 210Â 712,1.0,8.0,-1.0,1722663,1.0,7,,0.0,2.0,4.0,B01,138Â 210Â 711,1.0
1009222,201900050753,7,12,16:15,1,1,1,1.0,2.0,93051,A4,M,"48,8363510","2,5532480",93,2019,110.0,1.0,1.0,1.0,2256858,1.0,1,1,2,1.0,,-1.0, -1,1975.0,A01,138Â 210Â 712,1.0,8.0,-1.0,1722664,1.0,7,,0.0,2.0,1.0,A01,138Â 210Â 712,1.0
1009223,201900050754,7,11,19:00,1,2,4,1.0,3.0,91027,MORANGIS (AVENUE DE),M,"48,7056000","2,3581200",91,2019,50.0,3.0,1.0,4.0,2256859,1.0,1,1,1,1.0,,0.0,0,1958.0,A01,138Â 210Â 705,1.0,0.0,-1.0,1722665,1.0,10,,0.0,2.0,2.0,A01,138Â 210Â 705,0.0
1009223,201900050754,7,11,19:00,1,2,4,1.0,3.0,91027,MORANGIS (AVENUE DE),M,"48,7056000","2,3581200",91,2019,50.0,3.0,1.0,4.0,2256859,1.0,1,1,1,1.0,,0.0,0,1958.0,A01,138Â 210Â 705,1.0,0.0,-1.0,1722666,2.0,2,,0.0,2.0,1.0,B01,138Â 210Â 706,0.0
1009223,201900050754,7,11,19:00,1,2,4,1.0,3.0,91027,MORANGIS (AVENUE DE),M,"48,7056000","2,3581200",91,2019,50.0,3.0,1.0,4.0,2256860,1.0,1,4,1,1.0,,0.0,0,1992.0,B01,138Â 210Â 706,2.0,6.0,-1.0,1722665,1.0,10,,0.0,2.0,2.0,A01,138Â 210Â 705,0.0
1009223,201900050754,7,11,19:00,1,2,4,1.0,3.0,91027,MORANGIS (AVENUE DE),M,"48,7056000","2,3581200",91,2019,50.0,3.0,1.0,4.0,2256860,1.0,1,4,1,1.0,,0.0,0,1992.0,B01,138Â 210Â 706,2.0,6.0,-1.0,1722666,2.0,2,,0.0,2.0,1.0,B01,138Â 210Â 706,0.0
1009224,201900050755,7,11,17:35,1,2,1,1.0,7.0,91333,FAURE RAYMOND (RUE),M,"48,6105900","2,2566570",91,2019,50.0,3.0,1.0,4.0,2256861,1.0,1,4,2,0.0,,0.0,0,1975.0,A01,138Â 210Â 704,1.0,8.0,-1.0,1722667,3.0,7,,8.0,0.0,1.0,A01,138Â 210Â 704,0.0
1009225,201900050756,7,10,19:15,1,2,1,1.0,2.0,83137,MARCHAND (AVE COMMANDANT),M,"43,1262000","5,9365000",83,2019,50.0,1.0,1.0,4.0,2256862,1.0,1,1,1,0.0,,-1.0, -1,1968.0,A01,138Â 210Â 702,1.0,8.0,-1.0,1722668,1.0,7,,0.0,2.0,1.0,A01,138Â 210Â 702,0.0
1009225,201900050756,7,10,19:15,1,2,1,1.0,2.0,83137,MARCHAND (AVE COMMANDANT),M,"43,1262000","5,9365000",83,2019,50.0,1.0,1.0,4.0,2256862,1.0,1,1,1,0.0,,-1.0, -1,1968.0,A01,138Â 210Â 702,1.0,8.0,-1.0,1722669,0.0,7,,0.0,2.0,4.0,B01,138Â 210Â 703,1.0
1009225,201900050756,7,10,19:15,1,2,1,1.0,2.0,83137,MARCHAND (AVE COMMANDANT),M,"43,1262000","5,9365000",83,2019,50.0,1.0,1.0,4.0,2256863,1.0,1,4,2,0.0,,-1.0, -1,1950.0,B01,138Â 210Â 703,1.0,0.0,-1.0,1722668,1.0,7,,0.0,2.0,1.0,A01,138Â 210Â 702,0.0
1009225,201900050756,7,10,19:15,1,2,1,1.0,2.0,83137,MARCHAND (AVE COMMANDANT),M,"43,1262000","5,9365000",83,2019,50.0,1.0,1.0,4.0,2256863,1.0,1,4,2,0.0,,-1.0, -1,1950.0,B01,138Â 210Â 703,1.0,0.0,-1.0,1722669,0.0,7,,0.0,2.0,4.0,B01,138Â 210Â 703,1.0
1009226,201900050757,7,11,20:30,1,2,1,1.0,6.0,71040,FELIX CLERC (RUE),M,"46,6968200","4,3862000",71,2019,50.0,1.0,1.0,4.0,2256864,1.0,1,4,1,5.0,,0.0,0,1981.0,A01,138Â 210Â 698,1.0,0.0,-1.0,1722670,1.0,7,,1.0,0.0,1.0,A01,138Â 210Â 698,1.0
1009227,201900050758,7,12,09:30,1,2,7,1.0,2.0,59350,TELL GUILLAUME RUE,M,"50,6300000","3,0200000",59,2019,50.0,1.0,1.0,4.0,2256865,1.0,1,4,1,9.0,,-1.0,0,1984.0,B01,138Â 210Â 693,2.0,8.0,-1.0,1722671,3.0,31,,0.0,2.0,4.0,B01,138Â 210Â 693,1.0
1009227,201900050758,7,12,09:30,1,2,7,1.0,2.0,59350,TELL GUILLAUME RUE,M,"50,6300000","3,0200000",59,2019,50.0,1.0,1.0,4.0,2256865,1.0,1,4,1,9.0,,-1.0,0,1984.0,B01,138Â 210Â 693,2.0,8.0,-1.0,1722672,3.0,7,,1.0,0.0,0.0,A01,138Â 210Â 694,0.0
1009227,201900050758,7,12,09:30,1,2,7,1.0,2.0,59350,TELL GUILLAUME RUE,M,"50,6300000","3,0200000",59,2019,50.0,1.0,1.0,4.0,2256866,1.0,1,1,1,9.0,,-1.0, -1,1982.0,A01,138Â 210Â 694,8.0,0.0,-1.0,1722671,3.0,31,,0.0,2.0,4.0,B01,138Â 210Â 693,1.0
1009227,201900050758,7,12,09:30,1,2,7,1.0,2.0,59350,TELL GUILLAUME RUE,M,"50,6300000","3,0200000",59,2019,50.0,1.0,1.0,4.0,2256866,1.0,1,1,1,9.0,,-1.0, -1,1982.0,A01,138Â 210Â 694,8.0,0.0,-1.0,1722672,3.0,7,,1.0,0.0,0.0,A01,138Â 210Â 694,0.0
1009228,201900050759,7,11,09:15,1,2,2,2.0,3.0,51454,RUE ROGER SALENGRO,M,"49,2716910","4,0246500",51,2019,50.0,1.0,2.0,4.0,2256867,1.0,1,4,1,4.0,,-1.0,0,1995.0,B01,138Â 210Â 691,1.0,8.0,-1.0,1722673,2.0,10,,0.0,2.0,3.0,B01,138Â 210Â 691,1.0
1009228,201900050759,7,11,09:15,1,2,2,2.0,3.0,51454,RUE ROGER SALENGRO,M,"49,2716910","4,0246500",51,2019,50.0,1.0,2.0,4.0,2256867,1.0,1,4,1,4.0,,-1.0,0,1995.0,B01,138Â 210Â 691,1.0,8.0,-1.0,1722674,2.0,7,,0.0,2.0,2.0,A01,138Â 210Â 692,1.0
1009228,201900050759,7,11,09:15,1,2,2,2.0,3.0,51454,RUE ROGER SALENGRO,M,"49,2716910","4,0246500",51,2019,50.0,1.0,2.0,4.0,2256868,2.0,2,1,1,4.0,,-1.0,0,1989.0,B01,138Â 210Â 691,1.0,8.0,-1.0,1722673,2.0,10,,0.0,2.0,3.0,B01,138Â 210Â 691,1.0
1009228,201900050759,7,11,09:15,1,2,2,2.0,3.0,51454,RUE ROGER SALENGRO,M,"49,2716910","4,0246500",51,2019,50.0,1.0,2.0,4.0,2256868,2.0,2,1,1,4.0,,-1.0,0,1989.0,B01,138Â 210Â 691,1.0,8.0,-1.0,1722674,2.0,7,,0.0,2.0,2.0,A01,138Â 210Â 692,1.0
1009228,201900050759,7,11,09:15,1,2,2,2.0,3.0,51454,RUE ROGER SALENGRO,M,"49,2716910","4,0246500",51,2019,50.0,1.0,2.0,4.0,2256869,1.0,1,1,1,5.0,,-1.0,0,1952.0,A01,138Â 210Â 692,1.0,8.0,-1.0,1722673,2.0,10,,0.0,2.0,3.0,B01,138Â 210Â 691,1.0
1009228,201900050759,7,11,09:15,1,2,2,2.0,3.0,51454,RUE ROGER SALENGRO,M,"49,2716910","4,0246500",51,2019,50.0,1.0,2.0,4.0,2256869,1.0,1,1,1,5.0,,-1.0,0,1952.0,A01,138Â 210Â 692,1.0,8.0,-1.0,1722674,2.0,7,,0.0,2.0,2.0,A01,138Â 210Â 692,1.0
1009229,201900050760,7,11,09:00,1,1,6,1.0,3.0,44020,ROUTE DE PORNIC,M,"47,1866100"," -1,5978400",44,2019,30.0,1.0,2.0,7.0,2256870,1.0,1,4,1,4.0,,0.0,0,1999.0,A01,138Â 210Â 689,1.0,0.0,-1.0,1722675,1.0,13,,0.0,2.0,8.0,A01,138Â 210Â 689,1.0
1009229,201900050760,7,11,09:00,1,1,6,1.0,3.0,44020,ROUTE DE PORNIC,M,"47,1866100"," -1,5978400",44,2019,30.0,1.0,2.0,7.0,2256870,1.0,1,4,1,4.0,,0.0,0,1999.0,A01,138Â 210Â 689,1.0,0.0,-1.0,1722676,1.0,33,,0.0,2.0,1.0,B01,138Â 210Â 690,1.0
1009229,201900050760,7,11,09:00,1,1,6,1.0,3.0,44020,ROUTE DE PORNIC,M,"47,1866100"," -1,5978400",44,2019,30.0,1.0,2.0,7.0,2256871,1.0,1,2,1,0.0,,0.0,0,1997.0,B01,138Â 210Â 690,2.0,0.0,-1.0,1722675,1.0,13,,0.0,2.0,8.0,A01,138Â 210Â 689,1.0
1009229,201900050760,7,11,09:00,1,1,6,1.0,3.0,44020,ROUTE DE PORNIC,M,"47,1866100"," -1,5978400",44,2019,30.0,1.0,2.0,7.0,2256871,1.0,1,2,1,0.0,,0.0,0,1997.0,B01,138Â 210Â 690,2.0,0.0,-1.0,1722676,1.0,33,,0.0,2.0,1.0,B01,138Â 210Â 690,1.0
1009230,201900050761,7,10,10:50,1,2,1,1.0,6.0,34172,CHENAIE (RUE DE LA),M,"43,6355119","3,8696222",34,2019,50.0,1.0,1.0,4.0,2256872,1.0,1,1,2,5.0,,0.0,0,1968.0,C01,138Â 210Â 687,1.0,8.0,-1.0,1722677,1.0,7,,0.0,2.0,3.0,C01,138Â 210Â 687,1.0
1009230,201900050761,7,10,10:50,1,2,1,1.0,6.0,34172,CHENAIE (RUE DE LA),M,"43,6355119","3,8696222",34,2019,50.0,1.0,1.0,4.0,2256872,1.0,1,1,2,5.0,,0.0,0,1968.0,C01,138Â 210Â 687,1.0,8.0,-1.0,1722678,1.0,7,,1.0,2.0,1.0,A01,138Â 210Â 688,1.0
1009230,201900050761,7,10,10:50,1,2,1,1.0,6.0,34172,CHENAIE (RUE DE LA),M,"43,6355119","3,8696222",34,2019,50.0,1.0,1.0,4.0,2256873,1.0,1,4,2,0.0,,0.0,0,1968.0,A01,138Â 210Â 688,1.0,8.0,-1.0,1722677,1.0,7,,0.0,2.0,3.0,C01,138Â 210Â 687,1.0
1009230,201900050761,7,10,10:50,1,2,1,1.0,6.0,34172,CHENAIE (RUE DE LA),M,"43,6355119","3,8696222",34,2019,50.0,1.0,1.0,4.0,2256873,1.0,1,4,2,0.0,,0.0,0,1968.0,A01,138Â 210Â 688,1.0,8.0,-1.0,1722678,1.0,7,,1.0,2.0,1.0,A01,138Â 210Â 688,1.0
1009231,201900050762,7,10,10:05,1,2,1,1.0,2.0,27229,BENET (RUE ARMAND),M,"49,0256600","1,1591790",27,2019,50.0,1.0,1.0,4.0,2256874,1.0,1,4,1,0.0,,-1.0, -1,1954.0,A01,138Â 210Â 685,2.0,0.0,-1.0,1722679,1.0,31,,0.0,2.0,7.0,A01,138Â 210Â 685,1.0
1009231,201900050762,7,10,10:05,1,2,1,1.0,2.0,27229,BENET (RUE ARMAND),M,"49,0256600","1,1591790",27,2019,50.0,1.0,1.0,4.0,2256874,1.0,1,4,1,0.0,,-1.0, -1,1954.0,A01,138Â 210Â 685,2.0,0.0,-1.0,1722680,1.0,7,,0.0,2.0,4.0,B01,138Â 210Â 686,1.0
1009231,201900050762,7,10,10:05,1,2,1,1.0,2.0,27229,BENET (RUE ARMAND),M,"49,0256600","1,1591790",27,2019,50.0,1.0,1.0,4.0,2256875,1.0,1,1,2,0.0,,-1.0, -1,1970.0,B01,138Â 210Â 686,1.0,0.0,-1.0,1722679,1.0,31,,0.0,2.0,7.0,A01,138Â 210Â 685,1.0
1009231,201900050762,7,10,10:05,1,2,1,1.0,2.0,27229,BENET (RUE ARMAND),M,"49,0256600","1,1591790",27,2019,50.0,1.0,1.0,4.0,2256875,1.0,1,1,2,0.0,,-1.0, -1,1970.0,B01,138Â 210Â 686,1.0,0.0,-1.0,1722680,1.0,7,,0.0,2.0,4.0,B01,138Â 210Â 686,1.0
1009232,201900050763,6,10,08:55,1,2,1,1.0,7.0,14118,ECHANGEUR NÂ° 5 ( COTE DE NACRE ),M,"49,2031700"," -0,3612000",14,2019,50.0,1.0,1.0,4.0,2256876,1.0,1,4,1,0.0,,-1.0, -1,2001.0,A01,138Â 210Â 684,2.0,0.0,-1.0,1722681,0.0,31,,0.0,0.0,8.0,A01,138Â 210Â 684,1.0
1009233,201900050764,7,10,14:15,1,2,6,1.0,3.0,13201,LEVERRIER (PLACE),M,"43,3059960","5,3935620",13,2019,50.0,1.0,1.0,4.0,2256877,1.0,1,1,2,5.0,,-1.0, -1,1957.0,A01,138Â 210Â 682,8.0,8.0,-1.0,1722682,1.0,7,,0.0,2.0,1.0,A01,138Â 210Â 682,1.0
1009233,201900050764,7,10,14:15,1,2,6,1.0,3.0,13201,LEVERRIER (PLACE),M,"43,3059960","5,3935620",13,2019,50.0,1.0,1.0,4.0,2256877,1.0,1,1,2,5.0,,-1.0, -1,1957.0,A01,138Â 210Â 682,8.0,8.0,-1.0,1722683,3.0,2,,0.0,2.0,7.0,B01,138Â 210Â 683,1.0
1009233,201900050764,7,10,14:15,1,2,6,1.0,3.0,13201,LEVERRIER (PLACE),M,"43,3059960","5,3935620",13,2019,50.0,1.0,1.0,4.0,2256878,1.0,1,4,1,5.0,,-1.0, -1,2001.0,B01,138Â 210Â 683,2.0,8.0,-1.0,1722682,1.0,7,,0.0,2.0,1.0,A01,138Â 210Â 682,1.0
1009233,201900050764,7,10,14:15,1,2,6,1.0,3.0,13201,LEVERRIER (PLACE),M,"43,3059960","5,3935620",13,2019,50.0,1.0,1.0,4.0,2256878,1.0,1,4,1,5.0,,-1.0, -1,2001.0,B01,138Â 210Â 683,2.0,8.0,-1.0,1722683,3.0,2,,0.0,2.0,7.0,B01,138Â 210Â 683,1.0
1009234,201900050765,7,7,18:18,1,1,1,2.0,6.0,07281,C.D. 533 (VERS LE PUY),M,"44,9283800","4,7954100",7,2019,70.0,1.0,2.0,3.0,2256879,1.0,1,1,1,5.0,,-1.0, -1,1955.0,A01,138Â 210Â 681,1.0,0.0,-1.0,1722684,2.0,7,,13.0,0.0,2.0,A01,138Â 210Â 681,1.0
1009234,201900050765,7,7,18:18,1,1,1,2.0,6.0,07281,C.D. 533 (VERS LE PUY),M,"44,9283800","4,7954100",7,2019,70.0,1.0,2.0,3.0,2256880,2.0,2,4,2,0.0,,-1.0, -1,1959.0,A01,138Â 210Â 681,1.0,0.0,-1.0,1722684,2.0,7,,13.0,0.0,2.0,A01,138Â 210Â 681,1.0
1009235,201900050766,4,18,12:30,1,1,1,1.0,1.0,63352,RD 720,M,"45,4681060","3,2269840",63,2019,80.0,1.0,1.0,3.0,2256881,1.0,1,4,2,1.0,,0.0,0,1962.0,B01,138Â 210Â 679,1.0,-1.0,-1.0,1722685,1.0,7,,0.0,2.0,3.0,B01,138Â 210Â 679,1.0
1009235,201900050766,4,18,12:30,1,1,1,1.0,1.0,63352,RD 720,M,"45,4681060","3,2269840",63,2019,80.0,1.0,1.0,3.0,2256881,1.0,1,4,2,1.0,,0.0,0,1962.0,B01,138Â 210Â 679,1.0,-1.0,-1.0,1722686,2.0,7,,0.0,2.0,3.0,A01,138Â 210Â 680,1.0
1009235,201900050766,4,18,12:30,1,1,1,1.0,1.0,63352,RD 720,M,"45,4681060","3,2269840",63,2019,80.0,1.0,1.0,3.0,2256882,1.0,1,4,1,0.0,,0.0,0,1988.0,A01,138Â 210Â 680,1.0,-1.0,-1.0,1722685,1.0,7,,0.0,2.0,3.0,B01,138Â 210Â 679,1.0
1009235,201900050766,4,18,12:30,1,1,1,1.0,1.0,63352,RD 720,M,"45,4681060","3,2269840",63,2019,80.0,1.0,1.0,3.0,2256882,1.0,1,4,1,0.0,,0.0,0,1988.0,A01,138Â 210Â 680,1.0,-1.0,-1.0,1722686,2.0,7,,0.0,2.0,3.0,A01,138Â 210Â 680,1.0
1009236,201900050767,5,7,11:20,1,2,3,1.0,6.0,63448,Place Saint-Roch/D999,M,"45,4738780","3,4507650",63,2019,50.0,1.0,1.0,3.0,2256883,10.0,3,3,2,3.0,,2.0,3,1956.0,A01,138Â 210Â 678,0.0,-1.0,-1.0,1722687,1.0,7,,0.0,1.0,5.0,A01,138Â 210Â 678,6.0
1009236,201900050767,5,7,11:20,1,2,3,1.0,6.0,63448,Place Saint-Roch/D999,M,"45,4738780","3,4507650",63,2019,50.0,1.0,1.0,3.0,2256884,1.0,1,1,1,5.0,,0.0,0,1953.0,A01,138Â 210Â 678,1.0,-1.0,-1.0,1722687,1.0,7,,0.0,1.0,5.0,A01,138Â 210Â 678,6.0
1009237,201900050768,5,29,19:23,1,1,1,7.0,7.0,63027,CD205,M,"45,4776128","3,8196948",63,2019,80.0,3.0,1.0,3.0,2256885,1.0,1,4,1,5.0,,0.0,0,1965.0,A01,138Â 210Â 677,2.0,6.0,9.0,1722688,2.0,33,,0.0,0.0,1.0,A01,138Â 210Â 677,1.0
1009238,201900050769,5,15,07:10,1,1,1,1.0,7.0,63229,RD 10,M,"45,7801069","3,3447890",63,2019,80.0,8.0,1.0,3.0,2256886,1.0,1,3,1,5.0,,0.0,0,1975.0,A01,138Â 210Â 676,1.0,-1.0,-1.0,1722689,1.0,7,,13.0,0.0,2.0,A01,138Â 210Â 676,1.0
1009239,201900050770,5,1,14:55,1,1,1,1.0,7.0,63155,Coutarade,M,"45,6933106","3,4409048",63,2019,80.0,3.0,1.0,3.0,2256887,2.0,2,2,1,5.0,,0.0,0,1965.0,A01,138Â 210Â 675,1.0,-1.0,-1.0,1722690,2.0,7,,2.0,0.0,7.0,A01,138Â 210Â 675,1.0
1009239,201900050770,5,1,14:55,1,1,1,1.0,7.0,63155,Coutarade,M,"45,6933106","3,4409048",63,2019,80.0,3.0,1.0,3.0,2256888,1.0,1,4,1,5.0,,0.0,0,1970.0,A01,138Â 210Â 675,1.0,-1.0,-1.0,1722690,2.0,7,,2.0,0.0,7.0,A01,138Â 210Â 675,1.0