Unnamed: 0_x,num_acc,mois,jour,hrmn,lum,agg,int,atm,col,com,adr,gps,lat,long,dep,annee,vma,situ,surf,catr,Unnamed: 0_y,place,catu,grav,sexe,trajet,secu,locp,actp,an_nais,num_veh_x,id_vehicule_x,secu1,secu2,secu3,Unnamed: 0,senc,catv,occutc,obs,obsm,choc,num_veh_y,id_vehicule_y,motor
1009240,201900050771,5,23,17:15,1,1,1,1.0,1.0,61230,D8 LD LA SAUTELLERIE,M,"48,5258210","0,7119240",61,2019,80.0,1.0,1.0,3.0,2256889,1.0,1,3,2,5.0,,0.0,0,1992.0,A01,138Â 210Â 673,1.0,-1.0,-1.0,1722691,2.0,7,,0.0,2.0,6.0,A01,138Â 210Â 673,1.0
1009240,201900050771,5,23,17:15,1,1,1,1.0,1.0,61230,D8 LD LA SAUTELLERIE,M,"48,5258210","0,7119240",61,2019,80.0,1.0,1.0,3.0,2256889,1.0,1,3,2,5.0,,0.0,0,1992.0,A01,138Â 210Â 673,1.0,-1.0,-1.0,1722692,1.0,7,,0.0,2.0,1.0,B01,138Â 210Â 674,1.0
1009240,201900050771,5,23,17:15,1,1,1,1.0,1.0,61230,D8 LD LA SAUTELLERIE,M,"48,5258210","0,7119240",61,2019,80.0,1.0,1.0,3.0,2256890,1.0,1,4,2,5.0,,0.0,0,1945.0,B01,138Â 210Â 674,1.0,-1.0,-1.0,1722691,2.0,7,,0.0,2.0,6.0,A01,138Â 210Â 673,1.0
1009240,201900050771,5,23,17:15,1,1,1,1.0,1.0,61230,D8 LD LA SAUTELLERIE,M,"48,5258210","0,7119240",61,2019,80.0,1.0,1.0,3.0,2256890,1.0,1,4,2,5.0,,0.0,0,1945.0,B01,138Â 210Â 674,1.0,-1.0,-1.0,1722692,1.0,7,,0.0,2.0,1.0,B01,138Â 210Â 674,1.0
1009240,201900050771,5,23,17:15,1,1,1,1.0,1.0,61230,D8 LD LA SAUTELLERIE,M,"48,5258210","0,7119240",61,2019,80.0,1.0,1.0,3.0,2256891,4.0,2,1,2,5.0,,0.0,0,2004.0,B01,138Â 210Â 674,1.0,-1.0,-1.0,1722691,2.0,7,,0.0,2.0,6.0,A01,138Â 210Â 673,1.0
1009240,201900050771,5,23,17:15,1,1,1,1.0,1.0,61230,D8 LD LA SAUTELLERIE,M,"48,5258210","0,7119240",61,2019,80.0,1.0,1.0,3.0,2256891,4.0,2,1,2,5.0,,0.0,0,2004.0,B01,138Â 210Â 674,1.0,-1.0,-1.0,1722692,1.0,7,,0.0,2.0,1.0,B01,138Â 210Â 674,1.0
1009241,201900050772,5,31,01:45,3,1,3,5.0,6.0,61405,La Massuette,M,"48,2977550","0,7526510",61,2019,80.0,3.0,1.0,3.0,2256892,2.0,2,3,2,5.0,,0.0,0,1999.0,A01,138Â 210Â 672,1.0,-1.0,-1.0,1722693,1.0,7,,13.0,0.0,3.0,A01,138Â 210Â 672,1.0
1009241,201900050772,5,31,01:45,3,1,3,5.0,6.0,61405,La Massuette,M,"48,2977550","0,7526510",61,2019,80.0,3.0,1.0,3.0,2256893,1.0,1,2,1,5.0,,0.0,0,1995.0,A01,138Â 210Â 672,1.0,-1.0,-1.0,1722693,1.0,7,,13.0,0.0,3.0,A01,138Â 210Â 672,1.0
1009242,201900050773,5,4,07:35,1,1,1,3.0,6.0,61208,D918,M,"48,6713320","0,6724850",61,2019,80.0,3.0,2.0,3.0,2256894,1.0,1,3,2,1.0,,0.0,0,1959.0,A01,138Â 210Â 671,1.0,-1.0,-1.0,1722694,1.0,7,,2.0,0.0,1.0,A01,138Â 210Â 671,1.0
1009243,201900050774,5,18,17:30,1,1,1,1.0,6.0,61211,la bretonniÃ¨re,M,"48,5146890"," -0,5532820",61,2019,80.0,3.0,1.0,3.0,2256895,1.0,1,3,1,5.0,,0.0,0,1967.0,A01,138Â 210Â 670,2.0,-1.0,-1.0,1722695,1.0,33,,8.0,0.0,0.0,A01,138Â 210Â 670,1.0
1009244,201900050775,5,5,15:30,1,1,1,1.0,1.0,61063,Les Buissons,M,"48,7071130"," -0,3660040",61,2019,80.0,1.0,1.0,3.0,2256896,1.0,1,1,1,5.0,,0.0,0,1944.0,B01,138Â 210Â 668,1.0,-1.0,-1.0,1722696,1.0,7,,0.0,2.0,2.0,B01,138Â 210Â 668,6.0
1009244,201900050775,5,5,15:30,1,1,1,1.0,1.0,61063,Les Buissons,M,"48,7071130"," -0,3660040",61,2019,80.0,1.0,1.0,3.0,2256896,1.0,1,1,1,5.0,,0.0,0,1944.0,B01,138Â 210Â 668,1.0,-1.0,-1.0,1722697,2.0,33,,0.0,2.0,1.0,A01,138Â 210Â 669,6.0
1009244,201900050775,5,5,15:30,1,1,1,1.0,1.0,61063,Les Buissons,M,"48,7071130"," -0,3660040",61,2019,80.0,1.0,1.0,3.0,2256897,1.0,1,3,1,5.0,,0.0,0,1999.0,A01,138Â 210Â 669,2.0,-1.0,-1.0,1722696,1.0,7,,0.0,2.0,2.0,B01,138Â 210Â 668,6.0
1009244,201900050775,5,5,15:30,1,1,1,1.0,1.0,61063,Les Buissons,M,"48,7071130"," -0,3660040",61,2019,80.0,1.0,1.0,3.0,2256897,1.0,1,3,1,5.0,,0.0,0,1999.0,A01,138Â 210Â 669,2.0,-1.0,-1.0,1722697,2.0,33,,0.0,2.0,1.0,A01,138Â 210Â 669,6.0
1009245,201900050776,5,3,16:52,1,1,1,1.0,5.0,61332,le cheney,M,"48,7056120"," -0,3381310",61,2019,80.0,1.0,1.0,3.0,2256898,1.0,1,4,1,5.0,,0.0,0,1940.0,A01,138Â 210Â 665,1.0,5.0,-1.0,1722698,1.0,7,,0.0,2.0,1.0,A01,138Â 210Â 665,1.0
1009245,201900050776,5,3,16:52,1,1,1,1.0,5.0,61332,le cheney,M,"48,7056120"," -0,3381310",61,2019,80.0,1.0,1.0,3.0,2256898,1.0,1,4,1,5.0,,0.0,0,1940.0,A01,138Â 210Â 665,1.0,5.0,-1.0,1722699,2.0,10,,0.0,2.0,1.0,B01,138Â 210Â 666,1.0
1009245,201900050776,5,3,16:52,1,1,1,1.0,5.0,61332,le cheney,M,"48,7056120"," -0,3381310",61,2019,80.0,1.0,1.0,3.0,2256898,1.0,1,4,1,5.0,,0.0,0,1940.0,A01,138Â 210Â 665,1.0,5.0,-1.0,1722700,2.0,7,,0.0,2.0,8.0,C01,138Â 210Â 667,1.0
1009245,201900050776,5,3,16:52,1,1,1,1.0,5.0,61332,le cheney,M,"48,7056120"," -0,3381310",61,2019,80.0,1.0,1.0,3.0,2256899,1.0,1,1,1,4.0,,0.0,0,1997.0,B01,138Â 210Â 666,1.0,5.0,-1.0,1722698,1.0,7,,0.0,2.0,1.0,A01,138Â 210Â 665,1.0
1009245,201900050776,5,3,16:52,1,1,1,1.0,5.0,61332,le cheney,M,"48,7056120"," -0,3381310",61,2019,80.0,1.0,1.0,3.0,2256899,1.0,1,1,1,4.0,,0.0,0,1997.0,B01,138Â 210Â 666,1.0,5.0,-1.0,1722699,2.0,10,,0.0,2.0,1.0,B01,138Â 210Â 666,1.0
1009245,201900050776,5,3,16:52,1,1,1,1.0,5.0,61332,le cheney,M,"48,7056120"," -0,3381310",61,2019,80.0,1.0,1.0,3.0,2256899,1.0,1,1,1,4.0,,0.0,0,1997.0,B01,138Â 210Â 666,1.0,5.0,-1.0,1722700,2.0,7,,0.0,2.0,8.0,C01,138Â 210Â 667,1.0
1009245,201900050776,5,3,16:52,1,1,1,1.0,5.0,61332,le cheney,M,"48,7056120"," -0,3381310",61,2019,80.0,1.0,1.0,3.0,2256900,1.0,1,1,1,5.0,,0.0,0,1976.0,C01,138Â 210Â 667,1.0,-1.0,-1.0,1722698,1.0,7,,0.0,2.0,1.0,A01,138Â 210Â 665,1.0
1009245,201900050776,5,3,16:52,1,1,1,1.0,5.0,61332,le cheney,M,"48,7056120"," -0,3381310",61,2019,80.0,1.0,1.0,3.0,2256900,1.0,1,1,1,5.0,,0.0,0,1976.0,C01,138Â 210Â 667,1.0,-1.0,-1.0,1722699,2.0,10,,0.0,2.0,1.0,B01,138Â 210Â 666,1.0
1009245,201900050776,5,3,16:52,1,1,1,1.0,5.0,61332,le cheney,M,"48,7056120"," -0,3381310",61,2019,80.0,1.0,1.0,3.0,2256900,1.0,1,1,1,5.0,,0.0,0,1976.0,C01,138Â 210Â 667,1.0,-1.0,-1.0,1722700,2.0,7,,0.0,2.0,8.0,C01,138Â 210Â 667,1.0
1009246,201900050777,5,25,13:35,1,1,1,1.0,6.0,61287,RD 962,M,"48,8167630"," -0,5647460",61,2019,80.0,3.0,1.0,3.0,2256901,1.0,1,3,1,1.0,,0.0,0,2000.0,A01,138Â 210Â 664,1.0,-1.0,-1.0,1722701,1.0,7,,13.0,0.0,1.0,A01,138Â 210Â 664,1.0
1009247,201900050778,5,14,19:10,1,1,1,7.0,1.0,61069,D 1,M,"48,8721950"," -0,4342970",61,2019,70.0,1.0,1.0,3.0,2256902,1.0,1,1,1,5.0,,0.0,0,1970.0,B01,138Â 210Â 662,1.0,-1.0,-1.0,1722702,2.0,7,,0.0,2.0,2.0,B01,138Â 210Â 662,1.0
1009247,201900050778,5,14,19:10,1,1,1,7.0,1.0,61069,D 1,M,"48,8721950"," -0,4342970",61,2019,70.0,1.0,1.0,3.0,2256902,1.0,1,1,1,5.0,,0.0,0,1970.0,B01,138Â 210Â 662,1.0,-1.0,-1.0,1722703,1.0,33,,0.0,2.0,1.0,A01,138Â 210Â 663,1.0
1009247,201900050778,5,14,19:10,1,1,1,7.0,1.0,61069,D 1,M,"48,8721950"," -0,4342970",61,2019,70.0,1.0,1.0,3.0,2256903,1.0,1,3,1,5.0,,0.0,0,1996.0,A01,138Â 210Â 663,2.0,6.0,-1.0,1722702,2.0,7,,0.0,2.0,2.0,B01,138Â 210Â 662,1.0
1009247,201900050778,5,14,19:10,1,1,1,7.0,1.0,61069,D 1,M,"48,8721950"," -0,4342970",61,2019,70.0,1.0,1.0,3.0,2256903,1.0,1,3,1,5.0,,0.0,0,1996.0,A01,138Â 210Â 663,2.0,6.0,-1.0,1722703,1.0,33,,0.0,2.0,1.0,A01,138Â 210Â 663,1.0
1009248,201900050779,5,11,12:45,1,1,9,1.0,6.0,61443,La PannetiÃ¨re,M,"48,7351300"," -0,6398360",61,2019,70.0,3.0,1.0,3.0,2256904,1.0,1,4,2,5.0,,0.0,0,2000.0,A01,138Â 210Â 661,1.0,-1.0,-1.0,1722704,2.0,7,,8.0,0.0,6.0,A01,138Â 210Â 661,1.0
1009249,201900050780,5,4,18:35,1,1,1,1.0,5.0,61011,"Route des Tisserands, LA VILLIERE",M,"48,7829650"," -0,5559430",61,2019,50.0,1.0,1.0,4.0,2256905,1.0,1,4,1,5.0,,0.0,0,2006.0,C01,138Â 210Â 658,0.0,-1.0,-1.0,1722705,3.0,60,,0.0,2.0,1.0,C01,138Â 210Â 658,5.0
1009249,201900050780,5,4,18:35,1,1,1,1.0,5.0,61011,"Route des Tisserands, LA VILLIERE",M,"48,7829650"," -0,5559430",61,2019,50.0,1.0,1.0,4.0,2256905,1.0,1,4,1,5.0,,0.0,0,2006.0,C01,138Â 210Â 658,0.0,-1.0,-1.0,1722706,3.0,60,,0.0,2.0,1.0,B01,138Â 210Â 659,5.0
1009249,201900050780,5,4,18:35,1,1,1,1.0,5.0,61011,"Route des Tisserands, LA VILLIERE",M,"48,7829650"," -0,5559430",61,2019,50.0,1.0,1.0,4.0,2256905,1.0,1,4,1,5.0,,0.0,0,2006.0,C01,138Â 210Â 658,0.0,-1.0,-1.0,1722707,3.0,7,,0.0,1.0,7.0,A01,138Â 210Â 660,1.0
1009249,201900050780,5,4,18:35,1,1,1,1.0,5.0,61011,"Route des Tisserands, LA VILLIERE",M,"48,7829650"," -0,5559430",61,2019,50.0,1.0,1.0,4.0,2256906,1.0,1,3,1,5.0,,0.0,0,2006.0,B01,138Â 210Â 659,0.0,-1.0,-1.0,1722705,3.0,60,,0.0,2.0,1.0,C01,138Â 210Â 658,5.0
1009249,201900050780,5,4,18:35,1,1,1,1.0,5.0,61011,"Route des Tisserands, LA VILLIERE",M,"48,7829650"," -0,5559430",61,2019,50.0,1.0,1.0,4.0,2256906,1.0,1,3,1,5.0,,0.0,0,2006.0,B01,138Â 210Â 659,0.0,-1.0,-1.0,1722706,3.0,60,,0.0,2.0,1.0,B01,138Â 210Â 659,5.0
1009249,201900050780,5,4,18:35,1,1,1,1.0,5.0,61011,"Route des Tisserands, LA VILLIERE",M,"48,7829650"," -0,5559430",61,2019,50.0,1.0,1.0,4.0,2256906,1.0,1,3,1,5.0,,0.0,0,2006.0,B01,138Â 210Â 659,0.0,-1.0,-1.0,1722707,3.0,7,,0.0,1.0,7.0,A01,138Â 210Â 660,1.0
1009249,201900050780,5,4,18:35,1,1,1,1.0,5.0,61011,"Route des Tisserands, LA VILLIERE",M,"48,7829650"," -0,5559430",61,2019,50.0,1.0,1.0,4.0,2256907,1.0,1,1,1,0.0,,0.0,0,1997.0,A01,138Â 210Â 660,1.0,-1.0,-1.0,1722705,3.0,60,,0.0,2.0,1.0,C01,138Â 210Â 658,5.0
1009249,201900050780,5,4,18:35,1,1,1,1.0,5.0,61011,"Route des Tisserands, LA VILLIERE",M,"48,7829650"," -0,5559430",61,2019,50.0,1.0,1.0,4.0,2256907,1.0,1,1,1,0.0,,0.0,0,1997.0,A01,138Â 210Â 660,1.0,-1.0,-1.0,1722706,3.0,60,,0.0,2.0,1.0,B01,138Â 210Â 659,5.0
1009249,201900050780,5,4,18:35,1,1,1,1.0,5.0,61011,"Route des Tisserands, LA VILLIERE",M,"48,7829650"," -0,5559430",61,2019,50.0,1.0,1.0,4.0,2256907,1.0,1,1,1,0.0,,0.0,0,1997.0,A01,138Â 210Â 660,1.0,-1.0,-1.0,1722707,3.0,7,,0.0,1.0,7.0,A01,138Â 210Â 660,1.0
1009250,201900050781,4,30,16:40,1,1,1,1.0,1.0,61007,Les Clos (Athis-de-l'Orne),M,"48,7721970"," -0,5339650",61,2019,70.0,1.0,1.0,3.0,2256908,1.0,1,2,1,0.0,,0.0,0,1969.0,A01,138Â 210Â 656,2.0,-1.0,-1.0,1722708,1.0,43,,0.0,2.0,1.0,A01,138Â 210Â 656,1.0
1009250,201900050781,4,30,16:40,1,1,1,1.0,1.0,61007,Les Clos (Athis-de-l'Orne),M,"48,7721970"," -0,5339650",61,2019,70.0,1.0,1.0,3.0,2256908,1.0,1,2,1,0.0,,0.0,0,1969.0,A01,138Â 210Â 656,2.0,-1.0,-1.0,1722709,2.0,15,,0.0,2.0,3.0,B01,138Â 210Â 657,1.0
1009250,201900050781,4,30,16:40,1,1,1,1.0,1.0,61007,Les Clos (Athis-de-l'Orne),M,"48,7721970"," -0,5339650",61,2019,70.0,1.0,1.0,3.0,2256909,1.0,1,1,1,1.0,,0.0,0,1959.0,B01,138Â 210Â 657,1.0,-1.0,-1.0,1722708,1.0,43,,0.0,2.0,1.0,A01,138Â 210Â 656,1.0
1009250,201900050781,4,30,16:40,1,1,1,1.0,1.0,61007,Les Clos (Athis-de-l'Orne),M,"48,7721970"," -0,5339650",61,2019,70.0,1.0,1.0,3.0,2256909,1.0,1,1,1,1.0,,0.0,0,1959.0,B01,138Â 210Â 657,1.0,-1.0,-1.0,1722709,2.0,15,,0.0,2.0,3.0,B01,138Â 210Â 657,1.0
1009251,201900050782,5,5,01:25,3,1,1,1.0,6.0,61163,Les Novalles,M,"48,6443990"," -0,4823250",61,2019,80.0,3.0,1.0,3.0,2256910,2.0,2,3,1,5.0,,0.0,0,1992.0,A01,138Â 210Â 655,1.0,-1.0,-1.0,1722710,2.0,7,,13.0,0.0,2.0,A01,138Â 210Â 655,1.0
1009251,201900050782,5,5,01:25,3,1,1,1.0,6.0,61163,Les Novalles,M,"48,6443990"," -0,4823250",61,2019,80.0,3.0,1.0,3.0,2256911,1.0,1,1,1,5.0,,0.0,0,1987.0,A01,138Â 210Â 655,1.0,-1.0,-1.0,1722710,2.0,7,,13.0,0.0,2.0,A01,138Â 210Â 655,1.0
1009252,201900050783,4,20,17:03,1,1,3,1.0,2.0,61145,Le Pont de Caen (La Haute-Chapelle),M,"48,6024410"," -0,6430510",61,2019,80.0,1.0,1.0,3.0,2256912,1.0,1,3,1,5.0,,0.0,0,1993.0,A01,138Â 210Â 653,2.0,6.0,9.0,1722711,1.0,33,,0.0,2.0,7.0,A01,138Â 210Â 653,1.0
1009252,201900050783,4,20,17:03,1,1,3,1.0,2.0,61145,Le Pont de Caen (La Haute-Chapelle),M,"48,6024410"," -0,6430510",61,2019,80.0,1.0,1.0,3.0,2256912,1.0,1,3,1,5.0,,0.0,0,1993.0,A01,138Â 210Â 653,2.0,6.0,9.0,1722712,1.0,7,,0.0,2.0,8.0,B01,138Â 210Â 654,1.0
1009252,201900050783,4,20,17:03,1,1,3,1.0,2.0,61145,Le Pont de Caen (La Haute-Chapelle),M,"48,6024410"," -0,6430510",61,2019,80.0,1.0,1.0,3.0,2256913,1.0,1,1,1,5.0,,0.0,0,1958.0,B01,138Â 210Â 654,1.0,-1.0,-1.0,1722711,1.0,33,,0.0,2.0,7.0,A01,138Â 210Â 653,1.0
1009252,201900050783,4,20,17:03,1,1,3,1.0,2.0,61145,Le Pont de Caen (La Haute-Chapelle),M,"48,6024410"," -0,6430510",61,2019,80.0,1.0,1.0,3.0,2256913,1.0,1,1,1,5.0,,0.0,0,1958.0,B01,138Â 210Â 654,1.0,-1.0,-1.0,1722712,1.0,7,,0.0,2.0,8.0,B01,138Â 210Â 654,1.0
1009253,201900050784,5,24,17:20,1,1,1,1.0,2.0,61072,"ROUTE DÃPARTEMENTALE 33, PK 15.500",M,"48,9644150","0,2684750",61,2019,80.0,1.0,1.0,3.0,2256914,1.0,1,4,1,5.0,,0.0,0,1955.0,B01,138Â 210Â 651,2.0,9.0,-1.0,1722713,1.0,1,,0.0,2.0,1.0,B01,138Â 210Â 651,5.0
1009253,201900050784,5,24,17:20,1,1,1,1.0,2.0,61072,"ROUTE DÃPARTEMENTALE 33, PK 15.500",M,"48,9644150","0,2684750",61,2019,80.0,1.0,1.0,3.0,2256914,1.0,1,4,1,5.0,,0.0,0,1955.0,B01,138Â 210Â 651,2.0,9.0,-1.0,1722714,1.0,1,,0.0,0.0,4.0,A01,138Â 210Â 652,5.0
1009253,201900050784,5,24,17:20,1,1,1,1.0,2.0,61072,"ROUTE DÃPARTEMENTALE 33, PK 15.500",M,"48,9644150","0,2684750",61,2019,80.0,1.0,1.0,3.0,2256915,1.0,1,3,1,5.0,,0.0,0,1957.0,A01,138Â 210Â 652,2.0,9.0,-1.0,1722713,1.0,1,,0.0,2.0,1.0,B01,138Â 210Â 651,5.0
1009253,201900050784,5,24,17:20,1,1,1,1.0,2.0,61072,"ROUTE DÃPARTEMENTALE 33, PK 15.500",M,"48,9644150","0,2684750",61,2019,80.0,1.0,1.0,3.0,2256915,1.0,1,3,1,5.0,,0.0,0,1957.0,A01,138Â 210Â 652,2.0,9.0,-1.0,1722714,1.0,1,,0.0,0.0,4.0,A01,138Â 210Â 652,5.0
1009254,201900050785,5,19,03:00,3,1,1,5.0,6.0,61481,La Morandiere,M,"48,6338500","0,3991550",61,2019,80.0,3.0,2.0,3.0,2256916,1.0,1,3,1,5.0,,0.0,0,1995.0,A01,138Â 210Â 650,0.0,-1.0,-1.0,1722715,1.0,7,,2.0,0.0,9.0,A01,138Â 210Â 650,1.0
1009255,201900050786,5,4,17:15,1,1,1,1.0,6.0,55181,,M,"49,2385280","5,6641990",55,2019,70.0,8.0,1.0,3.0,2256917,1.0,1,3,1,5.0,,0.0,0,1968.0,A01,138Â 210Â 649,2.0,6.0,-1.0,1722716,2.0,2,,2.0,0.0,9.0,A01,138Â 210Â 649,1.0
1009256,201900050787,5,24,10:30,1,2,6,1.0,3.0,55502,rond-point de la bÃ©casse,M,"49,4919520","5,1929090",55,2019,50.0,1.0,1.0,3.0,2256918,1.0,1,1,2,3.0,,0.0,0,1963.0,B01,138Â 210Â 647,1.0,-1.0,-1.0,1722717,1.0,7,,0.0,2.0,7.0,B01,138Â 210Â 647,1.0
1009256,201900050787,5,24,10:30,1,2,6,1.0,3.0,55502,rond-point de la bÃ©casse,M,"49,4919520","5,1929090",55,2019,50.0,1.0,1.0,3.0,2256918,1.0,1,1,2,3.0,,0.0,0,1963.0,B01,138Â 210Â 647,1.0,-1.0,-1.0,1722718,1.0,33,,0.0,2.0,8.0,A01,138Â 210Â 648,1.0
1009256,201900050787,5,24,10:30,1,2,6,1.0,3.0,55502,rond-point de la bÃ©casse,M,"49,4919520","5,1929090",55,2019,50.0,1.0,1.0,3.0,2256919,1.0,1,1,1,0.0,,0.0,0,1990.0,A01,138Â 210Â 648,2.0,6.0,-1.0,1722717,1.0,7,,0.0,2.0,7.0,B01,138Â 210Â 647,1.0
1009256,201900050787,5,24,10:30,1,2,6,1.0,3.0,55502,rond-point de la bÃ©casse,M,"49,4919520","5,1929090",55,2019,50.0,1.0,1.0,3.0,2256919,1.0,1,1,1,0.0,,0.0,0,1990.0,A01,138Â 210Â 648,2.0,6.0,-1.0,1722718,1.0,33,,0.0,2.0,8.0,A01,138Â 210Â 648,1.0
1009256,201900050787,5,24,10:30,1,2,6,1.0,3.0,55502,rond-point de la bÃ©casse,M,"49,4919520","5,1929090",55,2019,50.0,1.0,1.0,3.0,2256920,2.0,2,4,2,0.0,,0.0,0,1993.0,A01,138Â 210Â 648,2.0,6.0,-1.0,1722717,1.0,7,,0.0,2.0,7.0,B01,138Â 210Â 647,1.0
1009256,201900050787,5,24,10:30,1,2,6,1.0,3.0,55502,rond-point de la bÃ©casse,M,"49,4919520","5,1929090",55,2019,50.0,1.0,1.0,3.0,2256920,2.0,2,4,2,0.0,,0.0,0,1993.0,A01,138Â 210Â 648,2.0,6.0,-1.0,1722718,1.0,33,,0.0,2.0,8.0,A01,138Â 210Â 648,1.0
1009257,201900050788,5,14,09:40,1,2,2,1.0,3.0,55014,rue BergÃ¨re,M,"49,1472520","5,0888070",55,2019,50.0,1.0,1.0,3.0,2256921,1.0,1,1,1,5.0,,0.0,0,1954.0,A01,138Â 210Â 645,1.0,-1.0,-1.0,1722719,3.0,36,,0.0,2.0,2.0,A01,138Â 210Â 645,1.0
1009257,201900050788,5,14,09:40,1,2,2,1.0,3.0,55014,rue BergÃ¨re,M,"49,1472520","5,0888070",55,2019,50.0,1.0,1.0,3.0,2256921,1.0,1,1,1,5.0,,0.0,0,1954.0,A01,138Â 210Â 645,1.0,-1.0,-1.0,1722720,1.0,33,,0.0,2.0,1.0,B01,138Â 210Â 646,1.0
1009257,201900050788,5,14,09:40,1,2,2,1.0,3.0,55014,rue BergÃ¨re,M,"49,1472520","5,0888070",55,2019,50.0,1.0,1.0,3.0,2256922,2.0,2,4,2,5.0,,0.0,0,1967.0,B01,138Â 210Â 646,2.0,6.0,-1.0,1722719,3.0,36,,0.0,2.0,2.0,A01,138Â 210Â 645,1.0
1009257,201900050788,5,14,09:40,1,2,2,1.0,3.0,55014,rue BergÃ¨re,M,"49,1472520","5,0888070",55,2019,50.0,1.0,1.0,3.0,2256922,2.0,2,4,2,5.0,,0.0,0,1967.0,B01,138Â 210Â 646,2.0,6.0,-1.0,1722720,1.0,33,,0.0,2.0,1.0,B01,138Â 210Â 646,1.0
1009257,201900050788,5,14,09:40,1,2,2,1.0,3.0,55014,rue BergÃ¨re,M,"49,1472520","5,0888070",55,2019,50.0,1.0,1.0,3.0,2256923,1.0,1,3,1,4.0,,0.0,0,1967.0,B01,138Â 210Â 646,2.0,6.0,9.0,1722719,3.0,36,,0.0,2.0,2.0,A01,138Â 210Â 645,1.0
1009257,201900050788,5,14,09:40,1,2,2,1.0,3.0,55014,rue BergÃ¨re,M,"49,1472520","5,0888070",55,2019,50.0,1.0,1.0,3.0,2256923,1.0,1,3,1,4.0,,0.0,0,1967.0,B01,138Â 210Â 646,2.0,6.0,9.0,1722720,1.0,33,,0.0,2.0,1.0,B01,138Â 210Â 646,1.0
1009258,201900050789,5,7,17:41,1,1,1,1.0,1.0,55523,route dÃ©paremntale 905,M,"49,2206820","5,3596400",55,2019,80.0,1.0,1.0,3.0,2256924,1.0,1,1,1,4.0,,0.0,0,1976.0,B01,138Â 210Â 643,1.0,-1.0,-1.0,1722721,2.0,10,,0.0,2.0,3.0,B01,138Â 210Â 643,1.0
1009258,201900050789,5,7,17:41,1,1,1,1.0,1.0,55523,route dÃ©paremntale 905,M,"49,2206820","5,3596400",55,2019,80.0,1.0,1.0,3.0,2256924,1.0,1,1,1,4.0,,0.0,0,1976.0,B01,138Â 210Â 643,1.0,-1.0,-1.0,1722722,1.0,7,,0.0,2.0,1.0,A01,138Â 210Â 644,1.0
1009258,201900050789,5,7,17:41,1,1,1,1.0,1.0,55523,route dÃ©paremntale 905,M,"49,2206820","5,3596400",55,2019,80.0,1.0,1.0,3.0,2256925,2.0,2,4,1,4.0,,0.0,0,1981.0,B01,138Â 210Â 643,1.0,-1.0,-1.0,1722721,2.0,10,,0.0,2.0,3.0,B01,138Â 210Â 643,1.0
1009258,201900050789,5,7,17:41,1,1,1,1.0,1.0,55523,route dÃ©paremntale 905,M,"49,2206820","5,3596400",55,2019,80.0,1.0,1.0,3.0,2256925,2.0,2,4,1,4.0,,0.0,0,1981.0,B01,138Â 210Â 643,1.0,-1.0,-1.0,1722722,1.0,7,,0.0,2.0,1.0,A01,138Â 210Â 644,1.0
1009258,201900050789,5,7,17:41,1,1,1,1.0,1.0,55523,route dÃ©paremntale 905,M,"49,2206820","5,3596400",55,2019,80.0,1.0,1.0,3.0,2256926,6.0,2,4,1,4.0,,0.0,0,1994.0,B01,138Â 210Â 643,1.0,-1.0,-1.0,1722721,2.0,10,,0.0,2.0,3.0,B01,138Â 210Â 643,1.0
1009258,201900050789,5,7,17:41,1,1,1,1.0,1.0,55523,route dÃ©paremntale 905,M,"49,2206820","5,3596400",55,2019,80.0,1.0,1.0,3.0,2256926,6.0,2,4,1,4.0,,0.0,0,1994.0,B01,138Â 210Â 643,1.0,-1.0,-1.0,1722722,1.0,7,,0.0,2.0,1.0,A01,138Â 210Â 644,1.0
1009258,201900050789,5,7,17:41,1,1,1,1.0,1.0,55523,route dÃ©paremntale 905,M,"49,2206820","5,3596400",55,2019,80.0,1.0,1.0,3.0,2256927,1.0,1,3,1,5.0,,0.0,0,1981.0,A01,138Â 210Â 644,1.0,-1.0,-1.0,1722721,2.0,10,,0.0,2.0,3.0,B01,138Â 210Â 643,1.0
1009258,201900050789,5,7,17:41,1,1,1,1.0,1.0,55523,route dÃ©paremntale 905,M,"49,2206820","5,3596400",55,2019,80.0,1.0,1.0,3.0,2256927,1.0,1,3,1,5.0,,0.0,0,1981.0,A01,138Â 210Â 644,1.0,-1.0,-1.0,1722722,1.0,7,,0.0,2.0,1.0,A01,138Â 210Â 644,1.0
1009258,201900050789,5,7,17:41,1,1,1,1.0,1.0,55523,route dÃ©paremntale 905,M,"49,2206820","5,3596400",55,2019,80.0,1.0,1.0,3.0,2256928,2.0,2,4,2,9.0,,0.0,0,2005.0,A01,138Â 210Â 644,1.0,-1.0,-1.0,1722721,2.0,10,,0.0,2.0,3.0,B01,138Â 210Â 643,1.0
1009258,201900050789,5,7,17:41,1,1,1,1.0,1.0,55523,route dÃ©paremntale 905,M,"49,2206820","5,3596400",55,2019,80.0,1.0,1.0,3.0,2256928,2.0,2,4,2,9.0,,0.0,0,2005.0,A01,138Â 210Â 644,1.0,-1.0,-1.0,1722722,1.0,7,,0.0,2.0,1.0,A01,138Â 210Â 644,1.0