Unnamed: 0_x,num_acc,mois,jour,hrmn,lum,agg,int,atm,col,com,adr,gps,lat,long,dep,annee,vma,situ,surf,catr,Unnamed: 0_y,place,catu,grav,sexe,trajet,secu,locp,actp,an_nais,num_veh_x,id_vehicule_x,secu1,secu2,secu3,Unnamed: 0,senc,catv,occutc,obs,obsm,choc,num_veh_y,id_vehicule_y,motor
1009259,201900050790,5,17,18:30,1,1,9,1.0,3.0,55504,RN135,M,"48,7301460","5,2333680",55,2019,80.0,1.0,1.0,2.0,2256929,1.0,1,3,1,5.0,,0.0,0,1947.0,A01,138Â 210Â 641,2.0,6.0,-1.0,1722723,1.0,2,,0.0,2.0,7.0,A01,138Â 210Â 641,1.0
1009259,201900050790,5,17,18:30,1,1,9,1.0,3.0,55504,RN135,M,"48,7301460","5,2333680",55,2019,80.0,1.0,1.0,2.0,2256929,1.0,1,3,1,5.0,,0.0,0,1947.0,A01,138Â 210Â 641,2.0,6.0,-1.0,1722724,0.0,7,,0.0,2.0,8.0,B01,138Â 210Â 642,0.0
1009260,201900050791,5,11,17:20,1,2,1,1.0,6.0,55466,chemin rural,M,"48,7507700","5,3269470",55,2019,50.0,8.0,1.0,4.0,2256930,1.0,1,2,1,5.0,,0.0,0,1982.0,A01,138Â 210Â 640,2.0,-1.0,-1.0,1722725,3.0,31,,14.0,0.0,1.0,A01,138Â 210Â 640,1.0
1009261,201900050792,5,1,04:35,3,2,9,5.0,6.0,55488,2 Grand-Rue,M,"48,7347840","5,2440360",55,2019,80.0,8.0,1.0,3.0,2256931,1.0,1,2,1,0.0,,0.0,0,2001.0,A01,138Â 210Â 637,1.0,-1.0,-1.0,1722726,3.0,7,,6.0,0.0,1.0,A01,138Â 210Â 637,1.0
1009262,201900050793,5,12,05:15,3,1,9,1.0,6.0,49170,D308,M,"47,6561280"," -0,5031840",49,2019,80.0,1.0,1.0,3.0,2256932,1.0,1,4,1,5.0,,0.0,0,2001.0,A01,138Â 210Â 636,1.0,-1.0,-1.0,1722727,0.0,7,,13.0,0.0,2.0,A01,138Â 210Â 636,0.0
1009262,201900050793,5,12,05:15,3,1,9,1.0,6.0,49170,D308,M,"47,6561280"," -0,5031840",49,2019,80.0,1.0,1.0,3.0,2256933,2.0,2,3,1,5.0,,0.0,0,2001.0,A01,138Â 210Â 636,8.0,-1.0,-1.0,1722727,0.0,7,,13.0,0.0,2.0,A01,138Â 210Â 636,0.0
1009263,201900050794,5,3,17:40,1,2,9,1.0,6.0,49176,5 rue du chemin de fer,M,"47,6280020"," -0,7235060",49,2019,30.0,1.0,1.0,4.0,2256934,1.0,1,1,1,0.0,,0.0,0,1986.0,B01,138Â 210Â 634,1.0,-1.0,-1.0,1722728,3.0,7,,0.0,0.0,3.0,B01,138Â 210Â 634,1.0
1009263,201900050794,5,3,17:40,1,2,9,1.0,6.0,49176,5 rue du chemin de fer,M,"47,6280020"," -0,7235060",49,2019,30.0,1.0,1.0,4.0,2256934,1.0,1,1,1,0.0,,0.0,0,1986.0,B01,138Â 210Â 634,1.0,-1.0,-1.0,1722729,3.0,1,,0.0,2.0,1.0,A01,138Â 210Â 635,5.0
1009263,201900050794,5,3,17:40,1,2,9,1.0,6.0,49176,5 rue du chemin de fer,M,"47,6280020"," -0,7235060",49,2019,30.0,1.0,1.0,4.0,2256935,1.0,1,3,1,9.0,,0.0,0,2006.0,A01,138Â 210Â 635,2.0,-1.0,-1.0,1722728,3.0,7,,0.0,0.0,3.0,B01,138Â 210Â 634,1.0
1009263,201900050794,5,3,17:40,1,2,9,1.0,6.0,49176,5 rue du chemin de fer,M,"47,6280020"," -0,7235060",49,2019,30.0,1.0,1.0,4.0,2256935,1.0,1,3,1,9.0,,0.0,0,2006.0,A01,138Â 210Â 635,2.0,-1.0,-1.0,1722729,3.0,1,,0.0,2.0,1.0,A01,138Â 210Â 635,5.0
1009264,201900050795,5,7,18:45,1,2,2,1.0,5.0,49367,CARREFOUR D 770 ET D 961,M,"47,6004960"," -0,8343840",49,2019,50.0,1.0,1.0,3.0,2256936,1.0,1,3,1,9.0,,0.0,0,1985.0,B01,138Â 210Â 631,2.0,6.0,-1.0,1722730,2.0,33,,6.0,2.0,8.0,B01,138Â 210Â 631,1.0
1009264,201900050795,5,7,18:45,1,2,2,1.0,5.0,49367,CARREFOUR D 770 ET D 961,M,"47,6004960"," -0,8343840",49,2019,50.0,1.0,1.0,3.0,2256936,1.0,1,3,1,9.0,,0.0,0,1985.0,B01,138Â 210Â 631,2.0,6.0,-1.0,1722731,1.0,7,,0.0,2.0,1.0,A01,138Â 210Â 632,1.0
1009264,201900050795,5,7,18:45,1,2,2,1.0,5.0,49367,CARREFOUR D 770 ET D 961,M,"47,6004960"," -0,8343840",49,2019,50.0,1.0,1.0,3.0,2256936,1.0,1,3,1,9.0,,0.0,0,1985.0,B01,138Â 210Â 631,2.0,6.0,-1.0,1722732,2.0,7,,0.0,2.0,1.0,C01,138Â 210Â 633,1.0
1009264,201900050795,5,7,18:45,1,2,2,1.0,5.0,49367,CARREFOUR D 770 ET D 961,M,"47,6004960"," -0,8343840",49,2019,50.0,1.0,1.0,3.0,2256937,8.0,2,1,2,9.0,,0.0,0,2001.0,A01,138Â 210Â 632,1.0,-1.0,-1.0,1722730,2.0,33,,6.0,2.0,8.0,B01,138Â 210Â 631,1.0
1009264,201900050795,5,7,18:45,1,2,2,1.0,5.0,49367,CARREFOUR D 770 ET D 961,M,"47,6004960"," -0,8343840",49,2019,50.0,1.0,1.0,3.0,2256937,8.0,2,1,2,9.0,,0.0,0,2001.0,A01,138Â 210Â 632,1.0,-1.0,-1.0,1722731,1.0,7,,0.0,2.0,1.0,A01,138Â 210Â 632,1.0
1009264,201900050795,5,7,18:45,1,2,2,1.0,5.0,49367,CARREFOUR D 770 ET D 961,M,"47,6004960"," -0,8343840",49,2019,50.0,1.0,1.0,3.0,2256937,8.0,2,1,2,9.0,,0.0,0,2001.0,A01,138Â 210Â 632,1.0,-1.0,-1.0,1722732,2.0,7,,0.0,2.0,1.0,C01,138Â 210Â 633,1.0
1009264,201900050795,5,7,18:45,1,2,2,1.0,5.0,49367,CARREFOUR D 770 ET D 961,M,"47,6004960"," -0,8343840",49,2019,50.0,1.0,1.0,3.0,2256938,9.0,2,1,1,9.0,,0.0,0,2004.0,A01,138Â 210Â 632,1.0,-1.0,-1.0,1722730,2.0,33,,6.0,2.0,8.0,B01,138Â 210Â 631,1.0
1009264,201900050795,5,7,18:45,1,2,2,1.0,5.0,49367,CARREFOUR D 770 ET D 961,M,"47,6004960"," -0,8343840",49,2019,50.0,1.0,1.0,3.0,2256938,9.0,2,1,1,9.0,,0.0,0,2004.0,A01,138Â 210Â 632,1.0,-1.0,-1.0,1722731,1.0,7,,0.0,2.0,1.0,A01,138Â 210Â 632,1.0
1009264,201900050795,5,7,18:45,1,2,2,1.0,5.0,49367,CARREFOUR D 770 ET D 961,M,"47,6004960"," -0,8343840",49,2019,50.0,1.0,1.0,3.0,2256938,9.0,2,1,1,9.0,,0.0,0,2004.0,A01,138Â 210Â 632,1.0,-1.0,-1.0,1722732,2.0,7,,0.0,2.0,1.0,C01,138Â 210Â 633,1.0
1009264,201900050795,5,7,18:45,1,2,2,1.0,5.0,49367,CARREFOUR D 770 ET D 961,M,"47,6004960"," -0,8343840",49,2019,50.0,1.0,1.0,3.0,2256939,2.0,2,1,2,9.0,,0.0,0,1997.0,A01,138Â 210Â 632,1.0,-1.0,-1.0,1722730,2.0,33,,6.0,2.0,8.0,B01,138Â 210Â 631,1.0
1009264,201900050795,5,7,18:45,1,2,2,1.0,5.0,49367,CARREFOUR D 770 ET D 961,M,"47,6004960"," -0,8343840",49,2019,50.0,1.0,1.0,3.0,2256939,2.0,2,1,2,9.0,,0.0,0,1997.0,A01,138Â 210Â 632,1.0,-1.0,-1.0,1722731,1.0,7,,0.0,2.0,1.0,A01,138Â 210Â 632,1.0
1009264,201900050795,5,7,18:45,1,2,2,1.0,5.0,49367,CARREFOUR D 770 ET D 961,M,"47,6004960"," -0,8343840",49,2019,50.0,1.0,1.0,3.0,2256939,2.0,2,1,2,9.0,,0.0,0,1997.0,A01,138Â 210Â 632,1.0,-1.0,-1.0,1722732,2.0,7,,0.0,2.0,1.0,C01,138Â 210Â 633,1.0
1009264,201900050795,5,7,18:45,1,2,2,1.0,5.0,49367,CARREFOUR D 770 ET D 961,M,"47,6004960"," -0,8343840",49,2019,50.0,1.0,1.0,3.0,2256940,1.0,1,1,1,9.0,,0.0,0,1967.0,A01,138Â 210Â 632,1.0,-1.0,-1.0,1722730,2.0,33,,6.0,2.0,8.0,B01,138Â 210Â 631,1.0
1009264,201900050795,5,7,18:45,1,2,2,1.0,5.0,49367,CARREFOUR D 770 ET D 961,M,"47,6004960"," -0,8343840",49,2019,50.0,1.0,1.0,3.0,2256940,1.0,1,1,1,9.0,,0.0,0,1967.0,A01,138Â 210Â 632,1.0,-1.0,-1.0,1722731,1.0,7,,0.0,2.0,1.0,A01,138Â 210Â 632,1.0
1009264,201900050795,5,7,18:45,1,2,2,1.0,5.0,49367,CARREFOUR D 770 ET D 961,M,"47,6004960"," -0,8343840",49,2019,50.0,1.0,1.0,3.0,2256940,1.0,1,1,1,9.0,,0.0,0,1967.0,A01,138Â 210Â 632,1.0,-1.0,-1.0,1722732,2.0,7,,0.0,2.0,1.0,C01,138Â 210Â 633,1.0
1009264,201900050795,5,7,18:45,1,2,2,1.0,5.0,49367,CARREFOUR D 770 ET D 961,M,"47,6004960"," -0,8343840",49,2019,50.0,1.0,1.0,3.0,2256941,1.0,1,1,1,9.0,,0.0,0,1958.0,C01,138Â 210Â 633,1.0,-1.0,-1.0,1722730,2.0,33,,6.0,2.0,8.0,B01,138Â 210Â 631,1.0
1009264,201900050795,5,7,18:45,1,2,2,1.0,5.0,49367,CARREFOUR D 770 ET D 961,M,"47,6004960"," -0,8343840",49,2019,50.0,1.0,1.0,3.0,2256941,1.0,1,1,1,9.0,,0.0,0,1958.0,C01,138Â 210Â 633,1.0,-1.0,-1.0,1722731,1.0,7,,0.0,2.0,1.0,A01,138Â 210Â 632,1.0
1009264,201900050795,5,7,18:45,1,2,2,1.0,5.0,49367,CARREFOUR D 770 ET D 961,M,"47,6004960"," -0,8343840",49,2019,50.0,1.0,1.0,3.0,2256941,1.0,1,1,1,9.0,,0.0,0,1958.0,C01,138Â 210Â 633,1.0,-1.0,-1.0,1722732,2.0,7,,0.0,2.0,1.0,C01,138Â 210Â 633,1.0
1009264,201900050795,5,7,18:45,1,2,2,1.0,5.0,49367,CARREFOUR D 770 ET D 961,M,"47,6004960"," -0,8343840",49,2019,50.0,1.0,1.0,3.0,2256942,2.0,2,1,2,9.0,,0.0,0,1955.0,C01,138Â 210Â 633,1.0,-1.0,-1.0,1722730,2.0,33,,6.0,2.0,8.0,B01,138Â 210Â 631,1.0
1009264,201900050795,5,7,18:45,1,2,2,1.0,5.0,49367,CARREFOUR D 770 ET D 961,M,"47,6004960"," -0,8343840",49,2019,50.0,1.0,1.0,3.0,2256942,2.0,2,1,2,9.0,,0.0,0,1955.0,C01,138Â 210Â 633,1.0,-1.0,-1.0,1722731,1.0,7,,0.0,2.0,1.0,A01,138Â 210Â 632,1.0
1009264,201900050795,5,7,18:45,1,2,2,1.0,5.0,49367,CARREFOUR D 770 ET D 961,M,"47,6004960"," -0,8343840",49,2019,50.0,1.0,1.0,3.0,2256942,2.0,2,1,2,9.0,,0.0,0,1955.0,C01,138Â 210Â 633,1.0,-1.0,-1.0,1722732,2.0,7,,0.0,2.0,1.0,C01,138Â 210Â 633,1.0
1009264,201900050795,5,7,18:45,1,2,2,1.0,5.0,49367,CARREFOUR D 770 ET D 961,M,"47,6004960"," -0,8343840",49,2019,50.0,1.0,1.0,3.0,2256943,9.0,2,1,1,9.0,,0.0,0,1958.0,C01,138Â 210Â 633,1.0,-1.0,-1.0,1722730,2.0,33,,6.0,2.0,8.0,B01,138Â 210Â 631,1.0
1009264,201900050795,5,7,18:45,1,2,2,1.0,5.0,49367,CARREFOUR D 770 ET D 961,M,"47,6004960"," -0,8343840",49,2019,50.0,1.0,1.0,3.0,2256943,9.0,2,1,1,9.0,,0.0,0,1958.0,C01,138Â 210Â 633,1.0,-1.0,-1.0,1722731,1.0,7,,0.0,2.0,1.0,A01,138Â 210Â 632,1.0
1009264,201900050795,5,7,18:45,1,2,2,1.0,5.0,49367,CARREFOUR D 770 ET D 961,M,"47,6004960"," -0,8343840",49,2019,50.0,1.0,1.0,3.0,2256943,9.0,2,1,1,9.0,,0.0,0,1958.0,C01,138Â 210Â 633,1.0,-1.0,-1.0,1722732,2.0,7,,0.0,2.0,1.0,C01,138Â 210Â 633,1.0
1009265,201900050796,5,2,12:15,1,1,1,1.0,2.0,49364,Fierbois,M,"47,1611235"," -0,2547939",49,2019,70.0,1.0,1.0,3.0,2256944,1.0,1,3,1,0.0,,0.0,0,2004.0,A01,138Â 210Â 629,2.0,-1.0,-1.0,1722733,3.0,2,,0.0,2.0,1.0,A01,138Â 210Â 629,1.0
1009265,201900050796,5,2,12:15,1,1,1,1.0,2.0,49364,Fierbois,M,"47,1611235"," -0,2547939",49,2019,70.0,1.0,1.0,3.0,2256944,1.0,1,3,1,0.0,,0.0,0,2004.0,A01,138Â 210Â 629,2.0,-1.0,-1.0,1722734,3.0,7,,0.0,0.0,4.0,B01,138Â 210Â 630,6.0
1009265,201900050796,5,2,12:15,1,1,1,1.0,2.0,49364,Fierbois,M,"47,1611235"," -0,2547939",49,2019,70.0,1.0,1.0,3.0,2256945,1.0,1,1,1,1.0,,0.0,0,1994.0,B01,138Â 210Â 630,1.0,-1.0,-1.0,1722733,3.0,2,,0.0,2.0,1.0,A01,138Â 210Â 629,1.0
1009265,201900050796,5,2,12:15,1,1,1,1.0,2.0,49364,Fierbois,M,"47,1611235"," -0,2547939",49,2019,70.0,1.0,1.0,3.0,2256945,1.0,1,1,1,1.0,,0.0,0,1994.0,B01,138Â 210Â 630,1.0,-1.0,-1.0,1722734,3.0,7,,0.0,0.0,4.0,B01,138Â 210Â 630,6.0
1009266,201900050797,5,29,11:45,1,2,1,1.0,6.0,49086,6 Rue du Commerce (Chavagnes),M,"47,2692670"," -0,4537760",49,2019,50.0,4.0,1.0,3.0,2256946,1.0,1,1,2,5.0,,0.0,0,1963.0,A01,138Â 210Â 628,1.0,-1.0,-1.0,1722735,2.0,7,,0.0,1.0,2.0,A01,138Â 210Â 628,1.0
1009266,201900050797,5,29,11:45,1,2,1,1.0,6.0,49086,6 Rue du Commerce (Chavagnes),M,"47,2692670"," -0,4537760",49,2019,50.0,4.0,1.0,3.0,2256947,10.0,3,3,2,4.0,,5.0,2,1977.0,A01,138Â 210Â 628,0.0,-1.0,-1.0,1722735,2.0,7,,0.0,1.0,2.0,A01,138Â 210Â 628,1.0
1009267,201900050798,5,17,15:00,1,2,2,1.0,6.0,49160,rue du pont,M,"47,4029912"," -0,9207890",49,2019,50.0,1.0,1.0,3.0,2256948,1.0,1,1,1,5.0,,0.0,0,1966.0,A01,138Â 210Â 626,1.0,-1.0,-1.0,1722736,1.0,7,,0.0,0.0,0.0,A01,138Â 210Â 626,1.0
1009267,201900050798,5,17,15:00,1,2,2,1.0,6.0,49160,rue du pont,M,"47,4029912"," -0,9207890",49,2019,50.0,1.0,1.0,3.0,2256948,1.0,1,1,1,5.0,,0.0,0,1966.0,A01,138Â 210Â 626,1.0,-1.0,-1.0,1722737,2.0,31,,12.0,0.0,8.0,B01,138Â 210Â 627,1.0
1009267,201900050798,5,17,15:00,1,2,2,1.0,6.0,49160,rue du pont,M,"47,4029912"," -0,9207890",49,2019,50.0,1.0,1.0,3.0,2256949,1.0,1,3,1,5.0,,0.0,0,1967.0,B01,138Â 210Â 627,2.0,9.0,-1.0,1722736,1.0,7,,0.0,0.0,0.0,A01,138Â 210Â 626,1.0
1009267,201900050798,5,17,15:00,1,2,2,1.0,6.0,49160,rue du pont,M,"47,4029912"," -0,9207890",49,2019,50.0,1.0,1.0,3.0,2256949,1.0,1,3,1,5.0,,0.0,0,1967.0,B01,138Â 210Â 627,2.0,9.0,-1.0,1722737,2.0,31,,12.0,0.0,8.0,B01,138Â 210Â 627,1.0
1009268,201900050799,5,18,17:20,1,2,1,1.0,5.0,49160,Place du Champ de Foire (Ingrandes),M,"47,4049800"," -0,9213230",49,2019,50.0,1.0,1.0,4.0,2256950,1.0,1,1,1,9.0,,0.0,0,1972.0,A01,138Â 210Â 623,1.0,-1.0,-1.0,1722738,3.0,7,,0.0,2.0,3.0,A01,138Â 210Â 623,0.0
1009268,201900050799,5,18,17:20,1,2,1,1.0,5.0,49160,Place du Champ de Foire (Ingrandes),M,"47,4049800"," -0,9213230",49,2019,50.0,1.0,1.0,4.0,2256950,1.0,1,1,1,9.0,,0.0,0,1972.0,A01,138Â 210Â 623,1.0,-1.0,-1.0,1722739,3.0,2,,0.0,2.0,1.0,B01,138Â 210Â 624,1.0
1009268,201900050799,5,18,17:20,1,2,1,1.0,5.0,49160,Place du Champ de Foire (Ingrandes),M,"47,4049800"," -0,9213230",49,2019,50.0,1.0,1.0,4.0,2256950,1.0,1,1,1,9.0,,0.0,0,1972.0,A01,138Â 210Â 623,1.0,-1.0,-1.0,1722740,3.0,2,,0.0,2.0,1.0,C01,138Â 210Â 625,1.0
1009268,201900050799,5,18,17:20,1,2,1,1.0,5.0,49160,Place du Champ de Foire (Ingrandes),M,"47,4049800"," -0,9213230",49,2019,50.0,1.0,1.0,4.0,2256951,1.0,1,3,1,5.0,,0.0,0,2002.0,B01,138Â 210Â 624,2.0,-1.0,-1.0,1722738,3.0,7,,0.0,2.0,3.0,A01,138Â 210Â 623,0.0
1009268,201900050799,5,18,17:20,1,2,1,1.0,5.0,49160,Place du Champ de Foire (Ingrandes),M,"47,4049800"," -0,9213230",49,2019,50.0,1.0,1.0,4.0,2256951,1.0,1,3,1,5.0,,0.0,0,2002.0,B01,138Â 210Â 624,2.0,-1.0,-1.0,1722739,3.0,2,,0.0,2.0,1.0,B01,138Â 210Â 624,1.0
1009268,201900050799,5,18,17:20,1,2,1,1.0,5.0,49160,Place du Champ de Foire (Ingrandes),M,"47,4049800"," -0,9213230",49,2019,50.0,1.0,1.0,4.0,2256951,1.0,1,3,1,5.0,,0.0,0,2002.0,B01,138Â 210Â 624,2.0,-1.0,-1.0,1722740,3.0,2,,0.0,2.0,1.0,C01,138Â 210Â 625,1.0
1009268,201900050799,5,18,17:20,1,2,1,1.0,5.0,49160,Place du Champ de Foire (Ingrandes),M,"47,4049800"," -0,9213230",49,2019,50.0,1.0,1.0,4.0,2256952,1.0,1,1,1,5.0,,0.0,0,2004.0,C01,138Â 210Â 625,2.0,-1.0,-1.0,1722738,3.0,7,,0.0,2.0,3.0,A01,138Â 210Â 623,0.0
1009268,201900050799,5,18,17:20,1,2,1,1.0,5.0,49160,Place du Champ de Foire (Ingrandes),M,"47,4049800"," -0,9213230",49,2019,50.0,1.0,1.0,4.0,2256952,1.0,1,1,1,5.0,,0.0,0,2004.0,C01,138Â 210Â 625,2.0,-1.0,-1.0,1722739,3.0,2,,0.0,2.0,1.0,B01,138Â 210Â 624,1.0
1009268,201900050799,5,18,17:20,1,2,1,1.0,5.0,49160,Place du Champ de Foire (Ingrandes),M,"47,4049800"," -0,9213230",49,2019,50.0,1.0,1.0,4.0,2256952,1.0,1,1,1,5.0,,0.0,0,2004.0,C01,138Â 210Â 625,2.0,-1.0,-1.0,1722740,3.0,2,,0.0,2.0,1.0,C01,138Â 210Â 625,1.0
1009269,201900050800,5,22,10:00,1,1,1,1.0,1.0,49129,La Petite Plesse,M,"47,5225510"," -0,5099523",49,2019,70.0,1.0,1.0,3.0,2256953,1.0,1,3,1,0.0,,0.0,0,1974.0,B01,138Â 210Â 621,2.0,6.0,-1.0,1722741,2.0,34,,0.0,2.0,1.0,B01,138Â 210Â 621,0.0
1009269,201900050800,5,22,10:00,1,1,1,1.0,1.0,49129,La Petite Plesse,M,"47,5225510"," -0,5099523",49,2019,70.0,1.0,1.0,3.0,2256953,1.0,1,3,1,0.0,,0.0,0,1974.0,B01,138Â 210Â 621,2.0,6.0,-1.0,1722742,1.0,7,,0.0,2.0,3.0,A01,138Â 210Â 622,0.0
1009269,201900050800,5,22,10:00,1,1,1,1.0,1.0,49129,La Petite Plesse,M,"47,5225510"," -0,5099523",49,2019,70.0,1.0,1.0,3.0,2256954,1.0,1,1,2,2.0,,0.0,0,2001.0,A01,138Â 210Â 622,1.0,-1.0,-1.0,1722741,2.0,34,,0.0,2.0,1.0,B01,138Â 210Â 621,0.0
1009269,201900050800,5,22,10:00,1,1,1,1.0,1.0,49129,La Petite Plesse,M,"47,5225510"," -0,5099523",49,2019,70.0,1.0,1.0,3.0,2256954,1.0,1,1,2,2.0,,0.0,0,2001.0,A01,138Â 210Â 622,1.0,-1.0,-1.0,1722742,1.0,7,,0.0,2.0,3.0,A01,138Â 210Â 622,0.0
1009270,201900050801,5,17,17:30,1,1,2,1.0,3.0,49149,D751 - D21 - proche de la GenaudiÃ¨re,M,"47,3577850"," -0,3263720",49,2019,80.0,1.0,1.0,3.0,2256955,1.0,1,3,1,5.0,,0.0,0,1953.0,B01,138Â 210Â 619,2.0,6.0,-1.0,1722743,2.0,33,,0.0,2.0,1.0,B01,138Â 210Â 619,1.0
1009270,201900050801,5,17,17:30,1,1,2,1.0,3.0,49149,D751 - D21 - proche de la GenaudiÃ¨re,M,"47,3577850"," -0,3263720",49,2019,80.0,1.0,1.0,3.0,2256955,1.0,1,3,1,5.0,,0.0,0,1953.0,B01,138Â 210Â 619,2.0,6.0,-1.0,1722744,0.0,7,,0.0,2.0,7.0,A01,138Â 210Â 620,1.0
1009270,201900050801,5,17,17:30,1,1,2,1.0,3.0,49149,D751 - D21 - proche de la GenaudiÃ¨re,M,"47,3577850"," -0,3263720",49,2019,80.0,1.0,1.0,3.0,2256956,1.0,1,1,1,5.0,,0.0,0,1966.0,A01,138Â 210Â 620,1.0,-1.0,-1.0,1722743,2.0,33,,0.0,2.0,1.0,B01,138Â 210Â 619,1.0
1009270,201900050801,5,17,17:30,1,1,2,1.0,3.0,49149,D751 - D21 - proche de la GenaudiÃ¨re,M,"47,3577850"," -0,3263720",49,2019,80.0,1.0,1.0,3.0,2256956,1.0,1,1,1,5.0,,0.0,0,1966.0,A01,138Â 210Â 620,1.0,-1.0,-1.0,1722744,0.0,7,,0.0,2.0,7.0,A01,138Â 210Â 620,1.0
1009271,201900050802,5,14,17:20,1,1,1,1.0,6.0,12069,Route dÃ©partementale 999,M,"43,8737620","2,6660150",12,2019,80.0,3.0,1.0,3.0,2256957,1.0,1,3,2,5.0,,0.0,0,1964.0,A01,138Â 210Â 618,5.0,1.0,-1.0,1722745,2.0,7,,2.0,0.0,5.0,A01,138Â 210Â 618,1.0
1009272,201900050803,5,4,10:15,1,1,1,1.0,6.0,12186,route dÃ©partementale 999,M,"43,8699880","2,5873730",12,2019,80.0,3.0,1.0,3.0,2256958,1.0,1,3,1,5.0,,0.0,0,1965.0,A01,138Â 210Â 617,2.0,6.0,9.0,1722746,2.0,33,,0.0,0.0,0.0,A01,138Â 210Â 617,1.0
1009273,201900050804,5,9,18:30,1,1,3,1.0,3.0,12006,Intersection D56 et D25,M,"44,1414700","2,6511880",12,2019,80.0,1.0,1.0,3.0,2256959,2.0,2,1,2,5.0,,0.0,0,1957.0,B01,138Â 210Â 615,1.0,-1.0,-1.0,1722747,2.0,7,,0.0,2.0,1.0,B01,138Â 210Â 615,1.0
1009273,201900050804,5,9,18:30,1,1,3,1.0,3.0,12006,Intersection D56 et D25,M,"44,1414700","2,6511880",12,2019,80.0,1.0,1.0,3.0,2256959,2.0,2,1,2,5.0,,0.0,0,1957.0,B01,138Â 210Â 615,1.0,-1.0,-1.0,1722748,2.0,7,,0.0,2.0,3.0,A01,138Â 210Â 616,1.0
1009273,201900050804,5,9,18:30,1,1,3,1.0,3.0,12006,Intersection D56 et D25,M,"44,1414700","2,6511880",12,2019,80.0,1.0,1.0,3.0,2256960,7.0,2,1,1,5.0,,0.0,0,2010.0,B01,138Â 210Â 615,1.0,-1.0,-1.0,1722747,2.0,7,,0.0,2.0,1.0,B01,138Â 210Â 615,1.0
1009273,201900050804,5,9,18:30,1,1,3,1.0,3.0,12006,Intersection D56 et D25,M,"44,1414700","2,6511880",12,2019,80.0,1.0,1.0,3.0,2256960,7.0,2,1,1,5.0,,0.0,0,2010.0,B01,138Â 210Â 615,1.0,-1.0,-1.0,1722748,2.0,7,,0.0,2.0,3.0,A01,138Â 210Â 616,1.0
1009273,201900050804,5,9,18:30,1,1,3,1.0,3.0,12006,Intersection D56 et D25,M,"44,1414700","2,6511880",12,2019,80.0,1.0,1.0,3.0,2256961,9.0,2,4,2,5.0,,0.0,0,2014.0,B01,138Â 210Â 615,1.0,-1.0,-1.0,1722747,2.0,7,,0.0,2.0,1.0,B01,138Â 210Â 615,1.0
1009273,201900050804,5,9,18:30,1,1,3,1.0,3.0,12006,Intersection D56 et D25,M,"44,1414700","2,6511880",12,2019,80.0,1.0,1.0,3.0,2256961,9.0,2,4,2,5.0,,0.0,0,2014.0,B01,138Â 210Â 615,1.0,-1.0,-1.0,1722748,2.0,7,,0.0,2.0,3.0,A01,138Â 210Â 616,1.0
1009273,201900050804,5,9,18:30,1,1,3,1.0,3.0,12006,Intersection D56 et D25,M,"44,1414700","2,6511880",12,2019,80.0,1.0,1.0,3.0,2256962,1.0,1,1,1,0.0,,0.0,0,1945.0,B01,138Â 210Â 615,1.0,-1.0,-1.0,1722747,2.0,7,,0.0,2.0,1.0,B01,138Â 210Â 615,1.0
1009273,201900050804,5,9,18:30,1,1,3,1.0,3.0,12006,Intersection D56 et D25,M,"44,1414700","2,6511880",12,2019,80.0,1.0,1.0,3.0,2256962,1.0,1,1,1,0.0,,0.0,0,1945.0,B01,138Â 210Â 615,1.0,-1.0,-1.0,1722748,2.0,7,,0.0,2.0,3.0,A01,138Â 210Â 616,1.0
1009273,201900050804,5,9,18:30,1,1,3,1.0,3.0,12006,Intersection D56 et D25,M,"44,1414700","2,6511880",12,2019,80.0,1.0,1.0,3.0,2256963,1.0,1,3,1,5.0,,0.0,0,1937.0,A01,138Â 210Â 616,1.0,-1.0,-1.0,1722747,2.0,7,,0.0,2.0,1.0,B01,138Â 210Â 615,1.0
1009273,201900050804,5,9,18:30,1,1,3,1.0,3.0,12006,Intersection D56 et D25,M,"44,1414700","2,6511880",12,2019,80.0,1.0,1.0,3.0,2256963,1.0,1,3,1,5.0,,0.0,0,1937.0,A01,138Â 210Â 616,1.0,-1.0,-1.0,1722748,2.0,7,,0.0,2.0,3.0,A01,138Â 210Â 616,1.0
1009274,201900050805,5,13,08:40,2,1,2,7.0,1.0,12090,D994,M,"44,3687370","2,5301180",12,2019,80.0,1.0,1.0,3.0,2256964,9.0,2,1,1,2.0,,0.0,0,2003.0,A01,138Â 210Â 613,1.0,5.0,-1.0,1722749,1.0,7,,0.0,2.0,2.0,A01,138Â 210Â 613,1.0
1009274,201900050805,5,13,08:40,2,1,2,7.0,1.0,12090,D994,M,"44,3687370","2,5301180",12,2019,80.0,1.0,1.0,3.0,2256964,9.0,2,1,1,2.0,,0.0,0,2003.0,A01,138Â 210Â 613,1.0,5.0,-1.0,1722750,2.0,33,,0.0,2.0,7.0,B01,138Â 210Â 614,1.0