Unnamed: 0_x,num_acc,mois,jour,hrmn,lum,agg,int,atm,col,com,adr,gps,lat,long,dep,annee,vma,situ,surf,catr,Unnamed: 0_y,place,catu,grav,sexe,trajet,secu,locp,actp,an_nais,num_veh_x,id_vehicule_x,secu1,secu2,secu3,Unnamed: 0,senc,catv,occutc,obs,obsm,choc,num_veh_y,id_vehicule_y,motor
1009274,201900050805,5,13,08:40,2,1,2,7.0,1.0,12090,D994,M,"44,3687370","2,5301180",12,2019,80.0,1.0,1.0,3.0,2256965,1.0,1,1,1,2.0,,0.0,0,2003.0,A01,138Â 210Â 613,1.0,5.0,-1.0,1722749,1.0,7,,0.0,2.0,2.0,A01,138Â 210Â 613,1.0
1009274,201900050805,5,13,08:40,2,1,2,7.0,1.0,12090,D994,M,"44,3687370","2,5301180",12,2019,80.0,1.0,1.0,3.0,2256965,1.0,1,1,1,2.0,,0.0,0,2003.0,A01,138Â 210Â 613,1.0,5.0,-1.0,1722750,2.0,33,,0.0,2.0,7.0,B01,138Â 210Â 614,1.0
1009274,201900050805,5,13,08:40,2,1,2,7.0,1.0,12090,D994,M,"44,3687370","2,5301180",12,2019,80.0,1.0,1.0,3.0,2256966,2.0,2,1,1,2.0,,0.0,0,1971.0,A01,138Â 210Â 613,1.0,5.0,-1.0,1722749,1.0,7,,0.0,2.0,2.0,A01,138Â 210Â 613,1.0
1009274,201900050805,5,13,08:40,2,1,2,7.0,1.0,12090,D994,M,"44,3687370","2,5301180",12,2019,80.0,1.0,1.0,3.0,2256966,2.0,2,1,1,2.0,,0.0,0,1971.0,A01,138Â 210Â 613,1.0,5.0,-1.0,1722750,2.0,33,,0.0,2.0,7.0,B01,138Â 210Â 614,1.0
1009274,201900050805,5,13,08:40,2,1,2,7.0,1.0,12090,D994,M,"44,3687370","2,5301180",12,2019,80.0,1.0,1.0,3.0,2256967,1.0,1,3,1,-1.0,,0.0,0,1972.0,B01,138Â 210Â 614,2.0,6.0,-1.0,1722749,1.0,7,,0.0,2.0,2.0,A01,138Â 210Â 613,1.0
1009274,201900050805,5,13,08:40,2,1,2,7.0,1.0,12090,D994,M,"44,3687370","2,5301180",12,2019,80.0,1.0,1.0,3.0,2256967,1.0,1,3,1,-1.0,,0.0,0,1972.0,B01,138Â 210Â 614,2.0,6.0,-1.0,1722750,2.0,33,,0.0,2.0,7.0,B01,138Â 210Â 614,1.0
1009275,201900050806,5,3,16:20,1,1,1,1.0,2.0,42052,route de fleury,M,"46,1748100","4,1474350",42,2019,80.0,1.0,1.0,3.0,2256968,1.0,1,3,1,5.0,,0.0,0,2004.0,A01,138Â 210Â 611,2.0,-1.0,-1.0,1722751,2.0,32,,0.0,0.0,4.0,A01,138Â 210Â 611,0.0
1009275,201900050806,5,3,16:20,1,1,1,1.0,2.0,42052,route de fleury,M,"46,1748100","4,1474350",42,2019,80.0,1.0,1.0,3.0,2256968,1.0,1,3,1,5.0,,0.0,0,2004.0,A01,138Â 210Â 611,2.0,-1.0,-1.0,1722752,2.0,7,,0.0,2.0,1.0,B01,138Â 210Â 612,0.0
1009275,201900050806,5,3,16:20,1,1,1,1.0,2.0,42052,route de fleury,M,"46,1748100","4,1474350",42,2019,80.0,1.0,1.0,3.0,2256969,1.0,1,1,1,5.0,,0.0,0,1969.0,B01,138Â 210Â 612,1.0,-1.0,-1.0,1722751,2.0,32,,0.0,0.0,4.0,A01,138Â 210Â 611,0.0
1009275,201900050806,5,3,16:20,1,1,1,1.0,2.0,42052,route de fleury,M,"46,1748100","4,1474350",42,2019,80.0,1.0,1.0,3.0,2256969,1.0,1,1,1,5.0,,0.0,0,1969.0,B01,138Â 210Â 612,1.0,-1.0,-1.0,1722752,2.0,7,,0.0,2.0,1.0,B01,138Â 210Â 612,0.0
1009276,201900050807,5,3,09:00,1,1,1,8.0,2.0,42254,Route NATIONALE 82,M,"45,8491570","4,1710320",42,2019,-1.0,1.0,2.0,2.0,2256970,1.0,1,4,1,4.0,,0.0,0,1982.0,B01,138Â 210Â 609,1.0,-1.0,-1.0,1722753,2.0,7,,0.0,2.0,1.0,B01,138Â 210Â 609,1.0
1009276,201900050807,5,3,09:00,1,1,1,8.0,2.0,42254,Route NATIONALE 82,M,"45,8491570","4,1710320",42,2019,-1.0,1.0,2.0,2.0,2256970,1.0,1,4,1,4.0,,0.0,0,1982.0,B01,138Â 210Â 609,1.0,-1.0,-1.0,1722754,2.0,7,,0.0,0.0,4.0,A01,138Â 210Â 610,1.0
1009276,201900050807,5,3,09:00,1,1,1,8.0,2.0,42254,Route NATIONALE 82,M,"45,8491570","4,1710320",42,2019,-1.0,1.0,2.0,2.0,2256971,2.0,2,4,1,4.0,,0.0,0,1993.0,A01,138Â 210Â 610,1.0,-1.0,-1.0,1722753,2.0,7,,0.0,2.0,1.0,B01,138Â 210Â 609,1.0
1009276,201900050807,5,3,09:00,1,1,1,8.0,2.0,42254,Route NATIONALE 82,M,"45,8491570","4,1710320",42,2019,-1.0,1.0,2.0,2.0,2256971,2.0,2,4,1,4.0,,0.0,0,1993.0,A01,138Â 210Â 610,1.0,-1.0,-1.0,1722754,2.0,7,,0.0,0.0,4.0,A01,138Â 210Â 610,1.0
1009276,201900050807,5,3,09:00,1,1,1,8.0,2.0,42254,Route NATIONALE 82,M,"45,8491570","4,1710320",42,2019,-1.0,1.0,2.0,2.0,2256972,1.0,1,4,1,4.0,,0.0,0,1971.0,A01,138Â 210Â 610,1.0,-1.0,-1.0,1722753,2.0,7,,0.0,2.0,1.0,B01,138Â 210Â 609,1.0
1009276,201900050807,5,3,09:00,1,1,1,8.0,2.0,42254,Route NATIONALE 82,M,"45,8491570","4,1710320",42,2019,-1.0,1.0,2.0,2.0,2256972,1.0,1,4,1,4.0,,0.0,0,1971.0,A01,138Â 210Â 610,1.0,-1.0,-1.0,1722754,2.0,7,,0.0,0.0,4.0,A01,138Â 210Â 610,1.0
1009277,201900050808,5,30,15:10,1,1,2,1.0,4.0,42264,rd 6,M,"45,5883400","4,3716640",42,2019,80.0,1.0,1.0,3.0,2256973,1.0,1,1,1,5.0,,0.0,0,1995.0,A01,138Â 210Â 606,2.0,6.0,9.0,1722755,1.0,33,,0.0,0.0,0.0,A01,138Â 210Â 606,1.0
1009277,201900050808,5,30,15:10,1,1,2,1.0,4.0,42264,rd 6,M,"45,5883400","4,3716640",42,2019,80.0,1.0,1.0,3.0,2256973,1.0,1,1,1,5.0,,0.0,0,1995.0,A01,138Â 210Â 606,2.0,6.0,9.0,1722756,1.0,33,,0.0,0.0,0.0,B01,138Â 210Â 607,1.0
1009277,201900050808,5,30,15:10,1,1,2,1.0,4.0,42264,rd 6,M,"45,5883400","4,3716640",42,2019,80.0,1.0,1.0,3.0,2256973,1.0,1,1,1,5.0,,0.0,0,1995.0,A01,138Â 210Â 606,2.0,6.0,9.0,1722757,1.0,33,,0.0,2.0,1.0,C01,138Â 210Â 608,1.0
1009277,201900050808,5,30,15:10,1,1,2,1.0,4.0,42264,rd 6,M,"45,5883400","4,3716640",42,2019,80.0,1.0,1.0,3.0,2256974,2.0,2,1,2,5.0,,0.0,0,1997.0,A01,138Â 210Â 606,2.0,6.0,9.0,1722755,1.0,33,,0.0,0.0,0.0,A01,138Â 210Â 606,1.0
1009277,201900050808,5,30,15:10,1,1,2,1.0,4.0,42264,rd 6,M,"45,5883400","4,3716640",42,2019,80.0,1.0,1.0,3.0,2256974,2.0,2,1,2,5.0,,0.0,0,1997.0,A01,138Â 210Â 606,2.0,6.0,9.0,1722756,1.0,33,,0.0,0.0,0.0,B01,138Â 210Â 607,1.0
1009277,201900050808,5,30,15:10,1,1,2,1.0,4.0,42264,rd 6,M,"45,5883400","4,3716640",42,2019,80.0,1.0,1.0,3.0,2256974,2.0,2,1,2,5.0,,0.0,0,1997.0,A01,138Â 210Â 606,2.0,6.0,9.0,1722757,1.0,33,,0.0,2.0,1.0,C01,138Â 210Â 608,1.0
1009277,201900050808,5,30,15:10,1,1,2,1.0,4.0,42264,rd 6,M,"45,5883400","4,3716640",42,2019,80.0,1.0,1.0,3.0,2256975,1.0,1,3,1,5.0,,0.0,0,1995.0,B01,138Â 210Â 607,2.0,6.0,9.0,1722755,1.0,33,,0.0,0.0,0.0,A01,138Â 210Â 606,1.0
1009277,201900050808,5,30,15:10,1,1,2,1.0,4.0,42264,rd 6,M,"45,5883400","4,3716640",42,2019,80.0,1.0,1.0,3.0,2256975,1.0,1,3,1,5.0,,0.0,0,1995.0,B01,138Â 210Â 607,2.0,6.0,9.0,1722756,1.0,33,,0.0,0.0,0.0,B01,138Â 210Â 607,1.0
1009277,201900050808,5,30,15:10,1,1,2,1.0,4.0,42264,rd 6,M,"45,5883400","4,3716640",42,2019,80.0,1.0,1.0,3.0,2256975,1.0,1,3,1,5.0,,0.0,0,1995.0,B01,138Â 210Â 607,2.0,6.0,9.0,1722757,1.0,33,,0.0,2.0,1.0,C01,138Â 210Â 608,1.0
1009277,201900050808,5,30,15:10,1,1,2,1.0,4.0,42264,rd 6,M,"45,5883400","4,3716640",42,2019,80.0,1.0,1.0,3.0,2256976,1.0,1,1,1,5.0,,0.0,0,1995.0,C01,138Â 210Â 608,2.0,6.0,9.0,1722755,1.0,33,,0.0,0.0,0.0,A01,138Â 210Â 606,1.0
1009277,201900050808,5,30,15:10,1,1,2,1.0,4.0,42264,rd 6,M,"45,5883400","4,3716640",42,2019,80.0,1.0,1.0,3.0,2256976,1.0,1,1,1,5.0,,0.0,0,1995.0,C01,138Â 210Â 608,2.0,6.0,9.0,1722756,1.0,33,,0.0,0.0,0.0,B01,138Â 210Â 607,1.0
1009277,201900050808,5,30,15:10,1,1,2,1.0,4.0,42264,rd 6,M,"45,5883400","4,3716640",42,2019,80.0,1.0,1.0,3.0,2256976,1.0,1,1,1,5.0,,0.0,0,1995.0,C01,138Â 210Â 608,2.0,6.0,9.0,1722757,1.0,33,,0.0,2.0,1.0,C01,138Â 210Â 608,1.0
1009277,201900050808,5,30,15:10,1,1,2,1.0,4.0,42264,rd 6,M,"45,5883400","4,3716640",42,2019,80.0,1.0,1.0,3.0,2256977,2.0,2,1,2,5.0,,0.0,0,2000.0,C01,138Â 210Â 608,2.0,6.0,9.0,1722755,1.0,33,,0.0,0.0,0.0,A01,138Â 210Â 606,1.0
1009277,201900050808,5,30,15:10,1,1,2,1.0,4.0,42264,rd 6,M,"45,5883400","4,3716640",42,2019,80.0,1.0,1.0,3.0,2256977,2.0,2,1,2,5.0,,0.0,0,2000.0,C01,138Â 210Â 608,2.0,6.0,9.0,1722756,1.0,33,,0.0,0.0,0.0,B01,138Â 210Â 607,1.0
1009277,201900050808,5,30,15:10,1,1,2,1.0,4.0,42264,rd 6,M,"45,5883400","4,3716640",42,2019,80.0,1.0,1.0,3.0,2256977,2.0,2,1,2,5.0,,0.0,0,2000.0,C01,138Â 210Â 608,2.0,6.0,9.0,1722757,1.0,33,,0.0,2.0,1.0,C01,138Â 210Â 608,1.0
1009278,201900050809,5,24,15:25,1,2,1,7.0,6.0,42222,boulevard thilolliere de l'isle,M,"45,5886470","4,3185820",42,2019,30.0,1.0,1.0,3.0,2256978,1.0,1,1,1,5.0,,0.0,0,1989.0,A01,138Â 210Â 605,1.0,-1.0,-1.0,1722758,0.0,3,,0.0,1.0,1.0,A01,138Â 210Â 605,1.0
1009278,201900050809,5,24,15:25,1,2,1,7.0,6.0,42222,boulevard thilolliere de l'isle,M,"45,5886470","4,3185820",42,2019,30.0,1.0,1.0,3.0,2256979,10.0,3,3,1,0.0,,3.0,3,1947.0,A01,138Â 210Â 605,0.0,-1.0,-1.0,1722758,0.0,3,,0.0,1.0,1.0,A01,138Â 210Â 605,1.0
1009279,201900050810,5,14,18:30,1,2,1,1.0,6.0,42323,7 Avenue IrÃ©nÃ©e Laurent,M,"45,5667290","4,2938280",42,2019,50.0,1.0,1.0,3.0,2256980,1.0,1,1,2,0.0,,0.0,0,1958.0,A01,138Â 210Â 604,1.0,-1.0,-1.0,1722759,2.0,7,,0.0,1.0,1.0,A01,138Â 210Â 604,0.0
1009279,201900050810,5,14,18:30,1,2,1,1.0,6.0,42323,7 Avenue IrÃ©nÃ©e Laurent,M,"45,5667290","4,2938280",42,2019,50.0,1.0,1.0,3.0,2256981,10.0,3,3,1,1.0,,2.0,3,2000.0,A01,138Â 210Â 604,0.0,-1.0,-1.0,1722759,2.0,7,,0.0,1.0,1.0,A01,138Â 210Â 604,0.0
1009280,201900050811,5,31,15:00,1,2,1,1.0,6.0,42006,245 Route de Saint-Maurice,M,"45,3830740","3,9976780",42,2019,50.0,1.0,1.0,3.0,2256982,1.0,1,4,1,1.0,,0.0,0,1994.0,A01,138Â 210Â 603,2.0,-1.0,-1.0,1722760,2.0,33,,6.0,0.0,8.0,A01,138Â 210Â 603,1.0
1009281,201900050812,5,26,17:00,1,1,1,1.0,6.0,42050,Route dÃ©partementale 96,M,"45,4762220","3,9692560",42,2019,80.0,1.0,1.0,3.0,2256983,1.0,1,3,1,5.0,,0.0,0,1978.0,A01,138Â 210Â 602,1.0,-1.0,-1.0,1722761,0.0,7,,2.0,0.0,8.0,A01,138Â 210Â 602,1.0
1009281,201900050812,5,26,17:00,1,1,1,1.0,6.0,42050,Route dÃ©partementale 96,M,"45,4762220","3,9692560",42,2019,80.0,1.0,1.0,3.0,2256984,2.0,2,4,2,5.0,,0.0,0,1971.0,A01,138Â 210Â 602,1.0,-1.0,-1.0,1722761,0.0,7,,2.0,0.0,8.0,A01,138Â 210Â 602,1.0
1009282,201900050813,5,4,13:20,1,1,2,2.0,3.0,46028,"D20, PK 27.200",M,"44,9295060","1,7400580",46,2019,80.0,1.0,2.0,3.0,2256985,1.0,1,1,2,1.0,,0.0,0,1991.0,A01,138Â 210Â 600,8.0,-1.0,-1.0,1722762,2.0,7,,0.0,2.0,3.0,A01,138Â 210Â 600,1.0
1009282,201900050813,5,4,13:20,1,1,2,2.0,3.0,46028,"D20, PK 27.200",M,"44,9295060","1,7400580",46,2019,80.0,1.0,2.0,3.0,2256985,1.0,1,1,2,1.0,,0.0,0,1991.0,A01,138Â 210Â 600,8.0,-1.0,-1.0,1722763,3.0,7,,9.0,2.0,2.0,B01,138Â 210Â 601,1.0
1009282,201900050813,5,4,13:20,1,1,2,2.0,3.0,46028,"D20, PK 27.200",M,"44,9295060","1,7400580",46,2019,80.0,1.0,2.0,3.0,2256986,1.0,1,3,1,5.0,,0.0,0,1942.0,B01,138Â 210Â 601,1.0,-1.0,-1.0,1722762,2.0,7,,0.0,2.0,3.0,A01,138Â 210Â 600,1.0
1009282,201900050813,5,4,13:20,1,1,2,2.0,3.0,46028,"D20, PK 27.200",M,"44,9295060","1,7400580",46,2019,80.0,1.0,2.0,3.0,2256986,1.0,1,3,1,5.0,,0.0,0,1942.0,B01,138Â 210Â 601,1.0,-1.0,-1.0,1722763,3.0,7,,9.0,2.0,2.0,B01,138Â 210Â 601,1.0
1009283,201900050814,5,28,18:45,1,1,1,3.0,1.0,46240,RD 840,M,"44,8208430","1,6599340",46,2019,80.0,1.0,2.0,3.0,2256987,1.0,1,3,2,1.0,,0.0,0,1965.0,A01,138Â 210Â 598,8.0,-1.0,-1.0,1722764,1.0,7,,0.0,2.0,1.0,A01,138Â 210Â 598,1.0
1009283,201900050814,5,28,18:45,1,1,1,3.0,1.0,46240,RD 840,M,"44,8208430","1,6599340",46,2019,80.0,1.0,2.0,3.0,2256987,1.0,1,3,2,1.0,,0.0,0,1965.0,A01,138Â 210Â 598,8.0,-1.0,-1.0,1722765,2.0,10,,0.0,2.0,3.0,B01,138Â 210Â 599,1.0
1009283,201900050814,5,28,18:45,1,1,1,3.0,1.0,46240,RD 840,M,"44,8208430","1,6599340",46,2019,80.0,1.0,2.0,3.0,2256988,1.0,1,1,1,4.0,,0.0,0,1992.0,B01,138Â 210Â 599,8.0,-1.0,-1.0,1722764,1.0,7,,0.0,2.0,1.0,A01,138Â 210Â 598,1.0
1009283,201900050814,5,28,18:45,1,1,1,3.0,1.0,46240,RD 840,M,"44,8208430","1,6599340",46,2019,80.0,1.0,2.0,3.0,2256988,1.0,1,1,1,4.0,,0.0,0,1992.0,B01,138Â 210Â 599,8.0,-1.0,-1.0,1722765,2.0,10,,0.0,2.0,3.0,B01,138Â 210Â 599,1.0
1009284,201900050815,5,25,21:45,3,1,1,1.0,1.0,46297,D673 - PK 82 + 250,M,"44,5527290","1,5885830",46,2019,80.0,1.0,1.0,3.0,2256989,9.0,2,1,1,5.0,,0.0,0,2011.0,A01,138Â 210Â 596,8.0,-1.0,-1.0,1722766,1.0,7,,0.0,2.0,3.0,A01,138Â 210Â 596,1.0
1009284,201900050815,5,25,21:45,3,1,1,1.0,1.0,46297,D673 - PK 82 + 250,M,"44,5527290","1,5885830",46,2019,80.0,1.0,1.0,3.0,2256989,9.0,2,1,1,5.0,,0.0,0,2011.0,A01,138Â 210Â 596,8.0,-1.0,-1.0,1722767,2.0,7,,0.0,2.0,3.0,B01,138Â 210Â 597,1.0
1009284,201900050815,5,25,21:45,3,1,1,1.0,1.0,46297,D673 - PK 82 + 250,M,"44,5527290","1,5885830",46,2019,80.0,1.0,1.0,3.0,2256990,2.0,2,1,2,5.0,,0.0,0,1971.0,A01,138Â 210Â 596,8.0,-1.0,-1.0,1722766,1.0,7,,0.0,2.0,3.0,A01,138Â 210Â 596,1.0
1009284,201900050815,5,25,21:45,3,1,1,1.0,1.0,46297,D673 - PK 82 + 250,M,"44,5527290","1,5885830",46,2019,80.0,1.0,1.0,3.0,2256990,2.0,2,1,2,5.0,,0.0,0,1971.0,A01,138Â 210Â 596,8.0,-1.0,-1.0,1722767,2.0,7,,0.0,2.0,3.0,B01,138Â 210Â 597,1.0
1009284,201900050815,5,25,21:45,3,1,1,1.0,1.0,46297,D673 - PK 82 + 250,M,"44,5527290","1,5885830",46,2019,80.0,1.0,1.0,3.0,2256991,1.0,1,1,1,5.0,,0.0,0,1972.0,A01,138Â 210Â 596,8.0,-1.0,-1.0,1722766,1.0,7,,0.0,2.0,3.0,A01,138Â 210Â 596,1.0
1009284,201900050815,5,25,21:45,3,1,1,1.0,1.0,46297,D673 - PK 82 + 250,M,"44,5527290","1,5885830",46,2019,80.0,1.0,1.0,3.0,2256991,1.0,1,1,1,5.0,,0.0,0,1972.0,A01,138Â 210Â 596,8.0,-1.0,-1.0,1722767,2.0,7,,0.0,2.0,3.0,B01,138Â 210Â 597,1.0
1009284,201900050815,5,25,21:45,3,1,1,1.0,1.0,46297,D673 - PK 82 + 250,M,"44,5527290","1,5885830",46,2019,80.0,1.0,1.0,3.0,2256992,7.0,2,1,2,5.0,,0.0,0,2003.0,A01,138Â 210Â 596,8.0,-1.0,-1.0,1722766,1.0,7,,0.0,2.0,3.0,A01,138Â 210Â 596,1.0
1009284,201900050815,5,25,21:45,3,1,1,1.0,1.0,46297,D673 - PK 82 + 250,M,"44,5527290","1,5885830",46,2019,80.0,1.0,1.0,3.0,2256992,7.0,2,1,2,5.0,,0.0,0,2003.0,A01,138Â 210Â 596,8.0,-1.0,-1.0,1722767,2.0,7,,0.0,2.0,3.0,B01,138Â 210Â 597,1.0
1009284,201900050815,5,25,21:45,3,1,1,1.0,1.0,46297,D673 - PK 82 + 250,M,"44,5527290","1,5885830",46,2019,80.0,1.0,1.0,3.0,2256993,1.0,1,4,2,5.0,,0.0,0,1984.0,B01,138Â 210Â 597,8.0,-1.0,-1.0,1722766,1.0,7,,0.0,2.0,3.0,A01,138Â 210Â 596,1.0
1009284,201900050815,5,25,21:45,3,1,1,1.0,1.0,46297,D673 - PK 82 + 250,M,"44,5527290","1,5885830",46,2019,80.0,1.0,1.0,3.0,2256993,1.0,1,4,2,5.0,,0.0,0,1984.0,B01,138Â 210Â 597,8.0,-1.0,-1.0,1722767,2.0,7,,0.0,2.0,3.0,B01,138Â 210Â 597,1.0
1009284,201900050815,5,25,21:45,3,1,1,1.0,1.0,46297,D673 - PK 82 + 250,M,"44,5527290","1,5885830",46,2019,80.0,1.0,1.0,3.0,2256994,2.0,2,3,1,5.0,,0.0,0,1978.0,B01,138Â 210Â 597,8.0,-1.0,-1.0,1722766,1.0,7,,0.0,2.0,3.0,A01,138Â 210Â 596,1.0
1009284,201900050815,5,25,21:45,3,1,1,1.0,1.0,46297,D673 - PK 82 + 250,M,"44,5527290","1,5885830",46,2019,80.0,1.0,1.0,3.0,2256994,2.0,2,3,1,5.0,,0.0,0,1978.0,B01,138Â 210Â 597,8.0,-1.0,-1.0,1722767,2.0,7,,0.0,2.0,3.0,B01,138Â 210Â 597,1.0
1009285,201900050816,5,11,07:30,2,1,1,1.0,6.0,46072,D12,M,"44,6891380","1,3630320",46,2019,80.0,3.0,1.0,3.0,2256995,1.0,1,3,1,5.0,,0.0,0,1989.0,A01,138Â 210Â 595,0.0,-1.0,-1.0,1722768,1.0,7,,2.0,0.0,2.0,A01,138Â 210Â 595,1.0
1009286,201900050817,5,4,18:20,1,1,1,2.0,6.0,46194,Le Baillargal,M,"44,7875540","1,3681100",46,2019,80.0,3.0,2.0,3.0,2256996,1.0,1,2,1,1.0,,0.0,0,2000.0,A01,138Â 210Â 594,8.0,-1.0,-1.0,1722769,2.0,7,,2.0,0.0,7.0,A01,138Â 210Â 594,1.0
1009287,201900050818,5,3,17:50,1,1,1,8.0,2.0,46284,la croix blanche,M,"44,9020500","1,8535270",46,2019,80.0,1.0,1.0,3.0,2256997,1.0,1,3,1,0.0,,0.0,0,1992.0,A01,138Â 210Â 592,8.0,-1.0,-1.0,1722770,1.0,33,,0.0,2.0,1.0,A01,138Â 210Â 592,1.0
1009287,201900050818,5,3,17:50,1,1,1,8.0,2.0,46284,la croix blanche,M,"44,9020500","1,8535270",46,2019,80.0,1.0,1.0,3.0,2256997,1.0,1,3,1,0.0,,0.0,0,1992.0,A01,138Â 210Â 592,8.0,-1.0,-1.0,1722771,1.0,10,,0.0,2.0,4.0,B01,138Â 210Â 593,1.0
1009287,201900050818,5,3,17:50,1,1,1,8.0,2.0,46284,la croix blanche,M,"44,9020500","1,8535270",46,2019,80.0,1.0,1.0,3.0,2256998,2.0,2,4,1,0.0,,0.0,0,1995.0,A01,138Â 210Â 592,8.0,-1.0,-1.0,1722770,1.0,33,,0.0,2.0,1.0,A01,138Â 210Â 592,1.0
1009287,201900050818,5,3,17:50,1,1,1,8.0,2.0,46284,la croix blanche,M,"44,9020500","1,8535270",46,2019,80.0,1.0,1.0,3.0,2256998,2.0,2,4,1,0.0,,0.0,0,1995.0,A01,138Â 210Â 592,8.0,-1.0,-1.0,1722771,1.0,10,,0.0,2.0,4.0,B01,138Â 210Â 593,1.0
1009287,201900050818,5,3,17:50,1,1,1,8.0,2.0,46284,la croix blanche,M,"44,9020500","1,8535270",46,2019,80.0,1.0,1.0,3.0,2256999,1.0,1,1,1,1.0,,0.0,0,1982.0,B01,138Â 210Â 593,8.0,-1.0,-1.0,1722770,1.0,33,,0.0,2.0,1.0,A01,138Â 210Â 592,1.0
1009287,201900050818,5,3,17:50,1,1,1,8.0,2.0,46284,la croix blanche,M,"44,9020500","1,8535270",46,2019,80.0,1.0,1.0,3.0,2256999,1.0,1,1,1,1.0,,0.0,0,1982.0,B01,138Â 210Â 593,8.0,-1.0,-1.0,1722771,1.0,10,,0.0,2.0,4.0,B01,138Â 210Â 593,1.0
1009288,201900050819,5,6,15:00,1,2,1,1.0,6.0,46203,La vitarelle,M,"44,7397750","2,0170500",46,2019,50.0,1.0,1.0,3.0,2257000,1.0,1,3,1,5.0,,0.0,0,1940.0,A01,138Â 210Â 591,0.0,-1.0,-1.0,1722772,1.0,1,,0.0,0.0,7.0,A01,138Â 210Â 591,5.0
1009289,201900050820,5,7,12:20,1,2,1,1.0,6.0,46231,48 Rue Ernest Marcouly,M,"44,5049120","1,1384930",46,2019,30.0,1.0,1.0,3.0,2257001,10.0,3,4,1,2.0,,2.0,3,2014.0,A01,138Â 210Â 590,8.0,-1.0,-1.0,1722773,2.0,7,,0.0,1.0,2.0,A01,138Â 210Â 590,1.0
1009289,201900050820,5,7,12:20,1,2,1,1.0,6.0,46231,48 Rue Ernest Marcouly,M,"44,5049120","1,1384930",46,2019,30.0,1.0,1.0,3.0,2257002,1.0,1,1,1,5.0,,0.0,0,1955.0,A01,138Â 210Â 590,8.0,-1.0,-1.0,1722773,2.0,7,,0.0,1.0,2.0,A01,138Â 210Â 590,1.0
1009290,201900050821,5,2,11:20,1,1,3,1.0,6.0,46231,Carrefour RD811-RD44,M,"44,5018000","1,1458650",46,2019,70.0,4.0,1.0,3.0,2257003,1.0,1,2,1,5.0,,0.0,0,1990.0,A01,138Â 210Â 589,1.0,-1.0,-1.0,1722774,1.0,7,,6.0,0.0,1.0,A01,138Â 210Â 589,1.0
1009291,201900050822,5,27,14:00,1,1,2,1.0,3.0,47252,Le Bousquet,M,"44,3805285","0,5737756",47,2019,80.0,1.0,1.0,4.0,2257004,1.0,1,3,1,5.0,,0.0,0,2002.0,B01,138Â 210Â 587,2.0,-1.0,-1.0,1722775,3.0,2,,0.0,2.0,1.0,B01,138Â 210Â 587,1.0
1009291,201900050822,5,27,14:00,1,1,2,1.0,3.0,47252,Le Bousquet,M,"44,3805285","0,5737756",47,2019,80.0,1.0,1.0,4.0,2257004,1.0,1,3,1,5.0,,0.0,0,2002.0,B01,138Â 210Â 587,2.0,-1.0,-1.0,1722776,3.0,7,,0.0,2.0,3.0,A01,138Â 210Â 588,1.0
1009291,201900050822,5,27,14:00,1,1,2,1.0,3.0,47252,Le Bousquet,M,"44,3805285","0,5737756",47,2019,80.0,1.0,1.0,4.0,2257005,1.0,1,1,1,5.0,,0.0,0,1936.0,A01,138Â 210Â 588,1.0,-1.0,-1.0,1722775,3.0,2,,0.0,2.0,1.0,B01,138Â 210Â 587,1.0
1009291,201900050822,5,27,14:00,1,1,2,1.0,3.0,47252,Le Bousquet,M,"44,3805285","0,5737756",47,2019,80.0,1.0,1.0,4.0,2257005,1.0,1,1,1,5.0,,0.0,0,1936.0,A01,138Â 210Â 588,1.0,-1.0,-1.0,1722776,3.0,7,,0.0,2.0,3.0,A01,138Â 210Â 588,1.0
1009292,201900050823,5,21,12:00,1,1,1,1.0,6.0,47252,Route d'Agen Zone de Nombel,M,"44,3890040","0,5844440",47,2019,80.0,3.0,1.0,4.0,2257006,1.0,1,1,1,5.0,,0.0,0,1995.0,A01,138Â 210Â 586,1.0,-1.0,-1.0,1722777,0.0,7,,0.0,1.0,0.0,A01,138Â 210Â 586,1.0
1009292,201900050823,5,21,12:00,1,1,1,1.0,6.0,47252,Route d'Agen Zone de Nombel,M,"44,3890040","0,5844440",47,2019,80.0,3.0,1.0,4.0,2257007,10.0,3,3,2,4.0,,6.0,1,1965.0,A01,138Â 210Â 586,0.0,-1.0,-1.0,1722777,0.0,7,,0.0,1.0,0.0,A01,138Â 210Â 586,1.0
1009293,201900050824,5,29,16:40,1,1,1,1.0,1.0,47315,Michounet,M,"44,4279984","0,8478890",47,2019,80.0,1.0,1.0,3.0,2257008,1.0,1,1,1,4.0,,0.0,0,1972.0,A01,138Â 210Â 584,1.0,-1.0,-1.0,1722778,2.0,15,,0.0,2.0,3.0,A01,138Â 210Â 584,0.0
1009293,201900050824,5,29,16:40,1,1,1,1.0,1.0,47315,Michounet,M,"44,4279984","0,8478890",47,2019,80.0,1.0,1.0,3.0,2257008,1.0,1,1,1,4.0,,0.0,0,1972.0,A01,138Â 210Â 584,1.0,-1.0,-1.0,1722779,1.0,7,,0.0,2.0,8.0,B01,138Â 210Â 585,0.0