Unnamed: 0_x,num_acc,mois,jour,hrmn,lum,agg,int,atm,col,com,adr,gps,lat,long,dep,annee,vma,situ,surf,catr,Unnamed: 0_y,place,catu,grav,sexe,trajet,secu,locp,actp,an_nais,num_veh_x,id_vehicule_x,secu1,secu2,secu3,Unnamed: 0,senc,catv,occutc,obs,obsm,choc,num_veh_y,id_vehicule_y,motor
1009293,201900050824,5,29,16:40,1,1,1,1.0,1.0,47315,Michounet,M,"44,4279984","0,8478890",47,2019,80.0,1.0,1.0,3.0,2257009,3.0,2,4,1,3.0,,0.0,0,2015.0,B01,138Â 210Â 585,3.0,1.0,-1.0,1722778,2.0,15,,0.0,2.0,3.0,A01,138Â 210Â 584,0.0
1009293,201900050824,5,29,16:40,1,1,1,1.0,1.0,47315,Michounet,M,"44,4279984","0,8478890",47,2019,80.0,1.0,1.0,3.0,2257009,3.0,2,4,1,3.0,,0.0,0,2015.0,B01,138Â 210Â 585,3.0,1.0,-1.0,1722779,1.0,7,,0.0,2.0,8.0,B01,138Â 210Â 585,0.0
1009293,201900050824,5,29,16:40,1,1,1,1.0,1.0,47315,Michounet,M,"44,4279984","0,8478890",47,2019,80.0,1.0,1.0,3.0,2257010,1.0,1,4,2,3.0,,0.0,0,1962.0,B01,138Â 210Â 585,1.0,-1.0,-1.0,1722778,2.0,15,,0.0,2.0,3.0,A01,138Â 210Â 584,0.0
1009293,201900050824,5,29,16:40,1,1,1,1.0,1.0,47315,Michounet,M,"44,4279984","0,8478890",47,2019,80.0,1.0,1.0,3.0,2257010,1.0,1,4,2,3.0,,0.0,0,1962.0,B01,138Â 210Â 585,1.0,-1.0,-1.0,1722779,1.0,7,,0.0,2.0,8.0,B01,138Â 210Â 585,0.0
1009293,201900050824,5,29,16:40,1,1,1,1.0,1.0,47315,Michounet,M,"44,4279984","0,8478890",47,2019,80.0,1.0,1.0,3.0,2257011,2.0,2,4,1,3.0,,0.0,0,1959.0,B01,138Â 210Â 585,1.0,-1.0,-1.0,1722778,2.0,15,,0.0,2.0,3.0,A01,138Â 210Â 584,0.0
1009293,201900050824,5,29,16:40,1,1,1,1.0,1.0,47315,Michounet,M,"44,4279984","0,8478890",47,2019,80.0,1.0,1.0,3.0,2257011,2.0,2,4,1,3.0,,0.0,0,1959.0,B01,138Â 210Â 585,1.0,-1.0,-1.0,1722779,1.0,7,,0.0,2.0,8.0,B01,138Â 210Â 585,0.0
1009294,201900050825,5,27,17:45,1,2,3,2.0,3.0,47195,9 Avenue Jean JaurÃ¨s,M,"44,1335520","0,3454441",47,2019,50.0,1.0,2.0,3.0,2257012,1.0,1,1,2,2.0,,0.0,0,1998.0,A01,138Â 210Â 582,1.0,-1.0,-1.0,1722780,1.0,7,,0.0,2.0,3.0,A01,138Â 210Â 582,1.0
1009294,201900050825,5,27,17:45,1,2,3,2.0,3.0,47195,9 Avenue Jean JaurÃ¨s,M,"44,1335520","0,3454441",47,2019,50.0,1.0,2.0,3.0,2257012,1.0,1,1,2,2.0,,0.0,0,1998.0,A01,138Â 210Â 582,1.0,-1.0,-1.0,1722781,1.0,7,,0.0,2.0,2.0,B01,138Â 210Â 583,1.0
1009294,201900050825,5,27,17:45,1,2,3,2.0,3.0,47195,9 Avenue Jean JaurÃ¨s,M,"44,1335520","0,3454441",47,2019,50.0,1.0,2.0,3.0,2257013,1.0,1,4,1,2.0,,0.0,0,1972.0,B01,138Â 210Â 583,1.0,-1.0,-1.0,1722780,1.0,7,,0.0,2.0,3.0,A01,138Â 210Â 582,1.0
1009294,201900050825,5,27,17:45,1,2,3,2.0,3.0,47195,9 Avenue Jean JaurÃ¨s,M,"44,1335520","0,3454441",47,2019,50.0,1.0,2.0,3.0,2257013,1.0,1,4,1,2.0,,0.0,0,1972.0,B01,138Â 210Â 583,1.0,-1.0,-1.0,1722781,1.0,7,,0.0,2.0,2.0,B01,138Â 210Â 583,1.0
1009295,201900050826,5,27,06:55,2,1,1,1.0,2.0,47127,D666,M,"44,3518070","0,4251630",47,2019,80.0,1.0,1.0,3.0,2257014,1.0,1,1,1,1.0,,0.0,0,2000.0,A01,138Â 210Â 580,1.0,-1.0,-1.0,1722782,0.0,7,,0.0,2.0,1.0,A01,138Â 210Â 580,1.0
1009295,201900050826,5,27,06:55,2,1,1,1.0,2.0,47127,D666,M,"44,3518070","0,4251630",47,2019,80.0,1.0,1.0,3.0,2257014,1.0,1,1,1,1.0,,0.0,0,2000.0,A01,138Â 210Â 580,1.0,-1.0,-1.0,1722783,0.0,2,,0.0,2.0,4.0,B01,138Â 210Â 581,1.0
1009295,201900050826,5,27,06:55,2,1,1,1.0,2.0,47127,D666,M,"44,3518070","0,4251630",47,2019,80.0,1.0,1.0,3.0,2257015,1.0,1,3,1,1.0,,0.0,0,1960.0,B01,138Â 210Â 581,2.0,-1.0,-1.0,1722782,0.0,7,,0.0,2.0,1.0,A01,138Â 210Â 580,1.0
1009295,201900050826,5,27,06:55,2,1,1,1.0,2.0,47127,D666,M,"44,3518070","0,4251630",47,2019,80.0,1.0,1.0,3.0,2257015,1.0,1,3,1,1.0,,0.0,0,1960.0,B01,138Â 210Â 581,2.0,-1.0,-1.0,1722783,0.0,2,,0.0,2.0,4.0,B01,138Â 210Â 581,1.0
1009296,201900050827,5,23,11:15,1,1,3,1.0,3.0,47065,RD 911,M,"44,3680080","0,3623350",47,2019,80.0,1.0,1.0,3.0,2257016,1.0,1,1,1,5.0,,0.0,0,1965.0,A01,138Â 210Â 578,1.0,-1.0,-1.0,1722784,1.0,7,,0.0,2.0,6.0,A01,138Â 210Â 578,1.0
1009296,201900050827,5,23,11:15,1,1,3,1.0,3.0,47065,RD 911,M,"44,3680080","0,3623350",47,2019,80.0,1.0,1.0,3.0,2257016,1.0,1,1,1,5.0,,0.0,0,1965.0,A01,138Â 210Â 578,1.0,-1.0,-1.0,1722785,2.0,33,,0.0,2.0,1.0,B01,138Â 210Â 579,1.0
1009296,201900050827,5,23,11:15,1,1,3,1.0,3.0,47065,RD 911,M,"44,3680080","0,3623350",47,2019,80.0,1.0,1.0,3.0,2257017,1.0,1,3,1,1.0,,0.0,0,1975.0,B01,138Â 210Â 579,2.0,-1.0,-1.0,1722784,1.0,7,,0.0,2.0,6.0,A01,138Â 210Â 578,1.0
1009296,201900050827,5,23,11:15,1,1,3,1.0,3.0,47065,RD 911,M,"44,3680080","0,3623350",47,2019,80.0,1.0,1.0,3.0,2257017,1.0,1,3,1,1.0,,0.0,0,1975.0,B01,138Â 210Â 579,2.0,-1.0,-1.0,1722785,2.0,33,,0.0,2.0,1.0,B01,138Â 210Â 579,1.0
1009297,201900050828,5,11,06:40,1,2,2,1.0,6.0,47310,D813,M,"44,3837412","0,3183334",47,2019,50.0,1.0,1.0,3.0,2257018,8.0,2,2,2,5.0,,0.0,0,1986.0,A01,138Â 210Â 577,1.0,-1.0,-1.0,1722786,1.0,7,,8.0,0.0,8.0,A01,138Â 210Â 577,1.0
1009297,201900050828,5,11,06:40,1,2,2,1.0,6.0,47310,D813,M,"44,3837412","0,3183334",47,2019,50.0,1.0,1.0,3.0,2257019,1.0,1,3,1,5.0,,0.0,0,1993.0,A01,138Â 210Â 577,8.0,-1.0,-1.0,1722786,1.0,7,,8.0,0.0,8.0,A01,138Â 210Â 577,1.0
1009297,201900050828,5,11,06:40,1,2,2,1.0,6.0,47310,D813,M,"44,3837412","0,3183334",47,2019,50.0,1.0,1.0,3.0,2257020,2.0,2,4,1,5.0,,0.0,0,1994.0,A01,138Â 210Â 577,8.0,-1.0,-1.0,1722786,1.0,7,,8.0,0.0,8.0,A01,138Â 210Â 577,1.0
1009298,201900050829,5,25,11:00,1,2,1,1.0,6.0,47289,le bourg,M,"44,2252860","0,7975620",47,2019,50.0,1.0,1.0,3.0,2257021,10.0,3,3,2,5.0,,1.0,2,1936.0,A01,138Â 210Â 576,0.0,-1.0,-1.0,1722787,2.0,10,,0.0,1.0,2.0,A01,138Â 210Â 576,1.0
1009298,201900050829,5,25,11:00,1,2,1,1.0,6.0,47289,le bourg,M,"44,2252860","0,7975620",47,2019,50.0,1.0,1.0,3.0,2257022,1.0,1,1,1,4.0,,0.0,0,1992.0,A01,138Â 210Â 576,1.0,-1.0,-1.0,1722787,2.0,10,,0.0,1.0,2.0,A01,138Â 210Â 576,1.0
1009299,201900050830,5,2,11:00,1,1,1,8.0,6.0,47128,Bout de l'Ile,M,"44,1576360","0,7070750",47,2019,15.0,1.0,1.0,3.0,2257023,1.0,1,1,1,3.0,,0.0,0,1930.0,A01,138Â 210Â 575,1.0,-1.0,-1.0,1722788,2.0,7,,0.0,9.0,1.0,A01,138Â 210Â 575,1.0
1009299,201900050830,5,2,11:00,1,1,1,8.0,6.0,47128,Bout de l'Ile,M,"44,1576360","0,7070750",47,2019,15.0,1.0,1.0,3.0,2257024,10.0,3,3,1,4.0,,5.0,9,1972.0,A01,138Â 210Â 575,4.0,-1.0,-1.0,1722788,2.0,7,,0.0,9.0,1.0,A01,138Â 210Â 575,1.0
1009300,201900050831,5,12,15:18,1,1,1,1.0,6.0,47038,d205,M,"44,3187710","0,4009750",47,2019,80.0,3.0,1.0,3.0,2257025,1.0,1,2,1,5.0,,0.0,0,1997.0,A01,138Â 210Â 574,1.0,-1.0,-1.0,1722789,2.0,7,,2.0,0.0,7.0,A01,138Â 210Â 574,0.0
1009301,201900050832,5,3,15:30,1,2,1,1.0,6.0,41143,Rue Leroy,M,"47,9824360","0,9025110",41,2019,30.0,8.0,1.0,6.0,2257026,10.0,3,3,1,3.0,,2.0,2,1933.0,A01,138Â 210Â 573,0.0,-1.0,-1.0,1722790,3.0,7,,0.0,1.0,4.0,A01,138Â 210Â 573,0.0
1009301,201900050832,5,3,15:30,1,2,1,1.0,6.0,41143,Rue Leroy,M,"47,9824360","0,9025110",41,2019,30.0,8.0,1.0,6.0,2257027,1.0,1,1,2,3.0,,0.0,0,1991.0,A01,138Â 210Â 573,8.0,-1.0,-1.0,1722790,3.0,7,,0.0,1.0,4.0,A01,138Â 210Â 573,0.0
1009302,201900050833,5,1,14:45,1,1,1,1.0,7.0,41014,La Croix d'Aigre,M,"47,9336450","0,9712200",41,2019,80.0,3.0,1.0,3.0,2257028,1.0,1,4,1,5.0,,0.0,0,1986.0,A01,138Â 210Â 572,2.0,-1.0,-1.0,1722791,1.0,2,,13.0,0.0,3.0,A01,138Â 210Â 572,1.0
1009303,201900050834,5,13,18:40,1,1,1,1.0,3.0,41296,Le Rabot,M,"47,6522880","1,9875220",41,2019,80.0,1.0,1.0,3.0,2257029,1.0,1,1,2,1.0,,0.0,0,1997.0,B01,138Â 210Â 570,1.0,-1.0,-1.0,1722792,1.0,7,,0.0,2.0,1.0,B01,138Â 210Â 570,1.0
1009303,201900050834,5,13,18:40,1,1,1,1.0,3.0,41296,Le Rabot,M,"47,6522880","1,9875220",41,2019,80.0,1.0,1.0,3.0,2257029,1.0,1,1,2,1.0,,0.0,0,1997.0,B01,138Â 210Â 570,1.0,-1.0,-1.0,1722793,1.0,33,,0.0,2.0,8.0,A01,138Â 210Â 571,0.0
1009303,201900050834,5,13,18:40,1,1,1,1.0,3.0,41296,Le Rabot,M,"47,6522880","1,9875220",41,2019,80.0,1.0,1.0,3.0,2257030,2.0,2,3,2,5.0,,0.0,0,1974.0,A01,138Â 210Â 571,2.0,-1.0,-1.0,1722792,1.0,7,,0.0,2.0,1.0,B01,138Â 210Â 570,1.0
1009303,201900050834,5,13,18:40,1,1,1,1.0,3.0,41296,Le Rabot,M,"47,6522880","1,9875220",41,2019,80.0,1.0,1.0,3.0,2257030,2.0,2,3,2,5.0,,0.0,0,1974.0,A01,138Â 210Â 571,2.0,-1.0,-1.0,1722793,1.0,33,,0.0,2.0,8.0,A01,138Â 210Â 571,0.0
1009303,201900050834,5,13,18:40,1,1,1,1.0,3.0,41296,Le Rabot,M,"47,6522880","1,9875220",41,2019,80.0,1.0,1.0,3.0,2257031,1.0,1,1,1,5.0,,0.0,0,1961.0,A01,138Â 210Â 571,2.0,-1.0,-1.0,1722792,1.0,7,,0.0,2.0,1.0,B01,138Â 210Â 570,1.0
1009303,201900050834,5,13,18:40,1,1,1,1.0,3.0,41296,Le Rabot,M,"47,6522880","1,9875220",41,2019,80.0,1.0,1.0,3.0,2257031,1.0,1,1,1,5.0,,0.0,0,1961.0,A01,138Â 210Â 571,2.0,-1.0,-1.0,1722793,1.0,33,,0.0,2.0,8.0,A01,138Â 210Â 571,0.0
1009304,201900050835,5,4,18:15,1,1,1,8.0,7.0,41249,d724,M,"47,4431210","2,2466560",41,2019,80.0,1.0,8.0,3.0,2257032,1.0,1,3,1,5.0,,0.0,0,1973.0,A01,138Â 210Â 569,2.0,6.0,-1.0,1722794,1.0,33,,0.0,2.0,0.0,A01,138Â 210Â 569,1.0
1009305,201900050836,5,26,17:50,1,1,1,1.0,7.0,41146,RD 85,M,"47,3613950","1,2706220",41,2019,80.0,3.0,1.0,3.0,2257033,2.0,2,3,1,5.0,,0.0,0,1972.0,A01,138Â 210Â 568,0.0,-1.0,-1.0,1722795,1.0,7,,13.0,0.0,1.0,A01,138Â 210Â 568,1.0
1009305,201900050836,5,26,17:50,1,1,1,1.0,7.0,41146,RD 85,M,"47,3613950","1,2706220",41,2019,80.0,3.0,1.0,3.0,2257034,1.0,1,4,1,0.0,,0.0,0,1970.0,A01,138Â 210Â 568,1.0,-1.0,-1.0,1722795,1.0,7,,13.0,0.0,1.0,A01,138Â 210Â 568,1.0
1009306,201900050837,5,14,17:45,1,1,1,1.0,2.0,41059,DÃ©partementale 122,M,"47,4181520","1,4793670",41,2019,80.0,1.0,1.0,3.0,2257035,1.0,1,4,1,1.0,,0.0,0,2001.0,B01,138Â 210Â 566,2.0,-1.0,-1.0,1722796,1.0,2,,0.0,0.0,6.0,B01,138Â 210Â 566,1.0
1009306,201900050837,5,14,17:45,1,1,1,1.0,2.0,41059,DÃ©partementale 122,M,"47,4181520","1,4793670",41,2019,80.0,1.0,1.0,3.0,2257035,1.0,1,4,1,1.0,,0.0,0,2001.0,B01,138Â 210Â 566,2.0,-1.0,-1.0,1722797,1.0,10,,0.0,2.0,2.0,A01,138Â 210Â 567,1.0
1009306,201900050837,5,14,17:45,1,1,1,1.0,2.0,41059,DÃ©partementale 122,M,"47,4181520","1,4793670",41,2019,80.0,1.0,1.0,3.0,2257036,1.0,1,1,1,1.0,,0.0,0,1959.0,A01,138Â 210Â 567,1.0,-1.0,-1.0,1722796,1.0,2,,0.0,0.0,6.0,B01,138Â 210Â 566,1.0
1009306,201900050837,5,14,17:45,1,1,1,1.0,2.0,41059,DÃ©partementale 122,M,"47,4181520","1,4793670",41,2019,80.0,1.0,1.0,3.0,2257036,1.0,1,1,1,1.0,,0.0,0,1959.0,A01,138Â 210Â 567,1.0,-1.0,-1.0,1722797,1.0,10,,0.0,2.0,2.0,A01,138Â 210Â 567,1.0
1009307,201900050838,5,12,05:30,3,1,1,1.0,7.0,29043,Route de Saint-Urbain,M,"48,3682730"," -4,2562500",29,2019,70.0,1.0,1.0,4.0,2257037,1.0,1,3,1,5.0,,0.0,0,2002.0,A01,138Â 210Â 565,2.0,-1.0,-1.0,1722798,3.0,2,,13.0,0.0,1.0,A01,138Â 210Â 565,1.0
1009308,201900050839,5,22,11:45,1,1,2,1.0,3.0,86300,RD 62,M,"46,6746870","0,2233960",86,2019,80.0,1.0,1.0,3.0,2257038,1.0,1,1,1,4.0,,0.0,0,1981.0,B01,138Â 210Â 563,1.0,-1.0,-1.0,1722799,2.0,20,,3.0,2.0,1.0,B01,138Â 210Â 563,1.0
1009308,201900050839,5,22,11:45,1,1,2,1.0,3.0,86300,RD 62,M,"46,6746870","0,2233960",86,2019,80.0,1.0,1.0,3.0,2257038,1.0,1,1,1,4.0,,0.0,0,1981.0,B01,138Â 210Â 563,1.0,-1.0,-1.0,1722800,2.0,7,,0.0,2.0,3.0,A01,138Â 210Â 564,1.0
1009308,201900050839,5,22,11:45,1,1,2,1.0,3.0,86300,RD 62,M,"46,6746870","0,2233960",86,2019,80.0,1.0,1.0,3.0,2257039,2.0,2,1,2,4.0,,0.0,0,1996.0,B01,138Â 210Â 563,1.0,-1.0,-1.0,1722799,2.0,20,,3.0,2.0,1.0,B01,138Â 210Â 563,1.0
1009308,201900050839,5,22,11:45,1,1,2,1.0,3.0,86300,RD 62,M,"46,6746870","0,2233960",86,2019,80.0,1.0,1.0,3.0,2257039,2.0,2,1,2,4.0,,0.0,0,1996.0,B01,138Â 210Â 563,1.0,-1.0,-1.0,1722800,2.0,7,,0.0,2.0,3.0,A01,138Â 210Â 564,1.0
1009308,201900050839,5,22,11:45,1,1,2,1.0,3.0,86300,RD 62,M,"46,6746870","0,2233960",86,2019,80.0,1.0,1.0,3.0,2257040,6.0,2,1,1,4.0,,0.0,0,1973.0,B01,138Â 210Â 563,1.0,-1.0,-1.0,1722799,2.0,20,,3.0,2.0,1.0,B01,138Â 210Â 563,1.0
1009308,201900050839,5,22,11:45,1,1,2,1.0,3.0,86300,RD 62,M,"46,6746870","0,2233960",86,2019,80.0,1.0,1.0,3.0,2257040,6.0,2,1,1,4.0,,0.0,0,1973.0,B01,138Â 210Â 563,1.0,-1.0,-1.0,1722800,2.0,7,,0.0,2.0,3.0,A01,138Â 210Â 564,1.0
1009308,201900050839,5,22,11:45,1,1,2,1.0,3.0,86300,RD 62,M,"46,6746870","0,2233960",86,2019,80.0,1.0,1.0,3.0,2257041,1.0,1,3,1,5.0,,0.0,0,1933.0,A01,138Â 210Â 564,1.0,-1.0,-1.0,1722799,2.0,20,,3.0,2.0,1.0,B01,138Â 210Â 563,1.0
1009308,201900050839,5,22,11:45,1,1,2,1.0,3.0,86300,RD 62,M,"46,6746870","0,2233960",86,2019,80.0,1.0,1.0,3.0,2257041,1.0,1,3,1,5.0,,0.0,0,1933.0,A01,138Â 210Â 564,1.0,-1.0,-1.0,1722800,2.0,7,,0.0,2.0,3.0,A01,138Â 210Â 564,1.0
1009308,201900050839,5,22,11:45,1,1,2,1.0,3.0,86300,RD 62,M,"46,6746870","0,2233960",86,2019,80.0,1.0,1.0,3.0,2257042,7.0,2,3,2,5.0,,0.0,0,1931.0,A01,138Â 210Â 564,1.0,-1.0,-1.0,1722799,2.0,20,,3.0,2.0,1.0,B01,138Â 210Â 563,1.0
1009308,201900050839,5,22,11:45,1,1,2,1.0,3.0,86300,RD 62,M,"46,6746870","0,2233960",86,2019,80.0,1.0,1.0,3.0,2257042,7.0,2,3,2,5.0,,0.0,0,1931.0,A01,138Â 210Â 564,1.0,-1.0,-1.0,1722800,2.0,7,,0.0,2.0,3.0,A01,138Â 210Â 564,1.0
1009309,201900050840,5,19,18:50,1,1,2,7.0,3.0,86002,boudet,M,"46,7635780","0,1544740",86,2019,80.0,1.0,1.0,3.0,2257043,1.0,1,1,1,5.0,,0.0,0,1996.0,B01,138Â 210Â 561,1.0,-1.0,-1.0,1722801,1.0,7,,8.0,2.0,1.0,B01,138Â 210Â 561,1.0
1009309,201900050840,5,19,18:50,1,1,2,7.0,3.0,86002,boudet,M,"46,7635780","0,1544740",86,2019,80.0,1.0,1.0,3.0,2257043,1.0,1,1,1,5.0,,0.0,0,1996.0,B01,138Â 210Â 561,1.0,-1.0,-1.0,1722802,2.0,7,,0.0,2.0,8.0,A01,138Â 210Â 562,1.0
1009309,201900050840,5,19,18:50,1,1,2,7.0,3.0,86002,boudet,M,"46,7635780","0,1544740",86,2019,80.0,1.0,1.0,3.0,2257044,1.0,1,3,2,5.0,,0.0,0,1942.0,A01,138Â 210Â 562,1.0,-1.0,-1.0,1722801,1.0,7,,8.0,2.0,1.0,B01,138Â 210Â 561,1.0
1009309,201900050840,5,19,18:50,1,1,2,7.0,3.0,86002,boudet,M,"46,7635780","0,1544740",86,2019,80.0,1.0,1.0,3.0,2257044,1.0,1,3,2,5.0,,0.0,0,1942.0,A01,138Â 210Â 562,1.0,-1.0,-1.0,1722802,2.0,7,,0.0,2.0,8.0,A01,138Â 210Â 562,1.0
1009310,201900050841,5,16,10:25,1,1,2,7.0,3.0,86277,RD18 / RD24,M,"46,7328140","0,1923180",86,2019,80.0,1.0,1.0,3.0,2257045,1.0,1,1,1,4.0,,0.0,0,1990.0,A01,138Â 210Â 559,1.0,-1.0,-1.0,1722803,2.0,10,,0.0,2.0,3.0,A01,138Â 210Â 559,1.0
1009310,201900050841,5,16,10:25,1,1,2,7.0,3.0,86277,RD18 / RD24,M,"46,7328140","0,1923180",86,2019,80.0,1.0,1.0,3.0,2257045,1.0,1,1,1,4.0,,0.0,0,1990.0,A01,138Â 210Â 559,1.0,-1.0,-1.0,1722804,1.0,7,,0.0,2.0,1.0,B01,138Â 210Â 560,1.0
1009310,201900050841,5,16,10:25,1,1,2,7.0,3.0,86277,RD18 / RD24,M,"46,7328140","0,1923180",86,2019,80.0,1.0,1.0,3.0,2257046,1.0,1,3,1,5.0,,0.0,0,1957.0,B01,138Â 210Â 560,1.0,-1.0,-1.0,1722803,2.0,10,,0.0,2.0,3.0,A01,138Â 210Â 559,1.0
1009310,201900050841,5,16,10:25,1,1,2,7.0,3.0,86277,RD18 / RD24,M,"46,7328140","0,1923180",86,2019,80.0,1.0,1.0,3.0,2257046,1.0,1,3,1,5.0,,0.0,0,1957.0,B01,138Â 210Â 560,1.0,-1.0,-1.0,1722804,1.0,7,,0.0,2.0,1.0,B01,138Â 210Â 560,1.0
1009311,201900050842,5,2,09:30,1,2,1,1.0,6.0,86178,AllÃ©e du Champ de Foire,M,"46,4853940","0,4549040",86,2019,50.0,1.0,1.0,3.0,2257047,10.0,3,3,2,5.0,,3.0,3,1937.0,A01,138Â 210Â 558,0.0,-1.0,-1.0,1722805,0.0,7,,0.0,1.0,2.0,A01,138Â 210Â 558,1.0
1009311,201900050842,5,2,09:30,1,2,1,1.0,6.0,86178,AllÃ©e du Champ de Foire,M,"46,4853940","0,4549040",86,2019,50.0,1.0,1.0,3.0,2257048,1.0,1,1,2,5.0,,0.0,0,1982.0,A01,138Â 210Â 558,1.0,-1.0,-1.0,1722805,0.0,7,,0.0,1.0,2.0,A01,138Â 210Â 558,1.0
1009312,201900050843,5,10,17:00,1,2,1,1.0,6.0,34239,Rue Pierre de Coubertin,M,"43,6536900","3,4993260",34,2019,50.0,1.0,1.0,4.0,2257049,10.0,3,3,1,2.0,,1.0,3,2005.0,A01,138Â 210Â 557,0.0,-1.0,-1.0,1722806,3.0,7,,0.0,1.0,2.0,A01,138Â 210Â 557,1.0
1009312,201900050843,5,10,17:00,1,2,1,1.0,6.0,34239,Rue Pierre de Coubertin,M,"43,6536900","3,4993260",34,2019,50.0,1.0,1.0,4.0,2257050,1.0,1,1,2,2.0,,0.0,0,1969.0,A01,138Â 210Â 557,1.0,-1.0,-1.0,1722806,3.0,7,,0.0,1.0,2.0,A01,138Â 210Â 557,1.0
1009313,201900050844,5,7,08:30,1,1,1,1.0,6.0,34241,RD131,M,"43,6081900","3,5455800",34,2019,80.0,3.0,1.0,3.0,2257051,1.0,1,1,2,4.0,,0.0,0,1980.0,A01,138Â 210Â 556,1.0,-1.0,-1.0,1722807,2.0,37,3.0,15.0,0.0,1.0,A01,138Â 210Â 556,1.0
1009313,201900050844,5,7,08:30,1,1,1,1.0,6.0,34241,RD131,M,"43,6081900","3,5455800",34,2019,80.0,3.0,1.0,3.0,2257052,3.0,2,4,1,2.0,,0.0,0,2003.0,A01,138Â 210Â 556,0.0,-1.0,-1.0,1722807,2.0,37,3.0,15.0,0.0,1.0,A01,138Â 210Â 556,1.0
1009313,201900050844,5,7,08:30,1,1,1,1.0,6.0,34241,RD131,M,"43,6081900","3,5455800",34,2019,80.0,3.0,1.0,3.0,2257053,9.0,2,4,1,2.0,,0.0,0,2003.0,A01,138Â 210Â 556,0.0,-1.0,-1.0,1722807,2.0,37,3.0,15.0,0.0,1.0,A01,138Â 210Â 556,1.0
1009314,201900050845,5,2,18:45,1,1,1,1.0,1.0,34281,Route de Villeveyrac,M,"43,5274500","3,5464470",34,2019,80.0,1.0,1.0,3.0,2257054,1.0,1,1,2,1.0,,0.0,0,1990.0,B01,138Â 210Â 553,1.0,-1.0,-1.0,1722808,2.0,7,,0.0,2.0,1.0,B01,138Â 210Â 553,0.0
1009314,201900050845,5,2,18:45,1,1,1,1.0,1.0,34281,Route de Villeveyrac,M,"43,5274500","3,5464470",34,2019,80.0,1.0,1.0,3.0,2257054,1.0,1,1,2,1.0,,0.0,0,1990.0,B01,138Â 210Â 553,1.0,-1.0,-1.0,1722809,1.0,7,,0.0,2.0,1.0,A01,138Â 210Â 554,0.0
1009314,201900050845,5,2,18:45,1,1,1,1.0,1.0,34281,Route de Villeveyrac,M,"43,5274500","3,5464470",34,2019,80.0,1.0,1.0,3.0,2257055,1.0,1,3,1,5.0,,0.0,0,1962.0,A01,138Â 210Â 554,1.0,-1.0,-1.0,1722808,2.0,7,,0.0,2.0,1.0,B01,138Â 210Â 553,0.0
1009314,201900050845,5,2,18:45,1,1,1,1.0,1.0,34281,Route de Villeveyrac,M,"43,5274500","3,5464470",34,2019,80.0,1.0,1.0,3.0,2257055,1.0,1,3,1,5.0,,0.0,0,1962.0,A01,138Â 210Â 554,1.0,-1.0,-1.0,1722809,1.0,7,,0.0,2.0,1.0,A01,138Â 210Â 554,0.0
1009315,201900050846,5,1,15:30,1,1,1,1.0,3.0,34079,Route de BÃ©darieux,M,"43,6080170","3,3796780",34,2019,80.0,1.0,1.0,3.0,2257056,1.0,1,1,1,5.0,,0.0,0,1981.0,B01,138Â 210Â 551,1.0,-1.0,-1.0,1722810,1.0,7,,0.0,2.0,3.0,B01,138Â 210Â 551,0.0
1009315,201900050846,5,1,15:30,1,1,1,1.0,3.0,34079,Route de BÃ©darieux,M,"43,6080170","3,3796780",34,2019,80.0,1.0,1.0,3.0,2257056,1.0,1,1,1,5.0,,0.0,0,1981.0,B01,138Â 210Â 551,1.0,-1.0,-1.0,1722811,2.0,33,,0.0,2.0,1.0,A01,138Â 210Â 552,0.0
1009315,201900050846,5,1,15:30,1,1,1,1.0,3.0,34079,Route de BÃ©darieux,M,"43,6080170","3,3796780",34,2019,80.0,1.0,1.0,3.0,2257057,1.0,1,3,1,5.0,,0.0,0,1999.0,A01,138Â 210Â 552,2.0,6.0,-1.0,1722810,1.0,7,,0.0,2.0,3.0,B01,138Â 210Â 551,0.0
1009315,201900050846,5,1,15:30,1,1,1,1.0,3.0,34079,Route de BÃ©darieux,M,"43,6080170","3,3796780",34,2019,80.0,1.0,1.0,3.0,2257057,1.0,1,3,1,5.0,,0.0,0,1999.0,A01,138Â 210Â 552,2.0,6.0,-1.0,1722811,2.0,33,,0.0,2.0,1.0,A01,138Â 210Â 552,0.0
1009316,201900050847,5,21,17:20,1,1,4,1.0,7.0,34188,D157,M,"43,7065599","3,2875306",34,2019,50.0,1.0,9.0,3.0,2257058,1.0,1,3,1,5.0,,0.0,0,1984.0,A01,138Â 210Â 550,2.0,-1.0,-1.0,1722812,2.0,31,,0.0,0.0,0.0,A01,138Â 210Â 550,1.0
1009316,201900050847,5,21,17:20,1,1,4,1.0,7.0,34188,D157,M,"43,7065599","3,2875306",34,2019,50.0,1.0,9.0,3.0,2257059,2.0,2,1,2,5.0,,0.0,0,1979.0,A01,138Â 210Â 550,2.0,-1.0,-1.0,1722812,2.0,31,,0.0,0.0,0.0,A01,138Â 210Â 550,1.0
1009317,201900050848,5,11,11:50,1,1,4,2.0,3.0,34305,DÃ©partementale 907 - hameau La Roque,M,"43,5467390","2,7417820",34,2019,80.0,1.0,2.0,3.0,2257060,1.0,1,3,1,5.0,,0.0,0,1978.0,B01,138Â 210Â 548,2.0,6.0,-1.0,1722813,1.0,33,,0.0,2.0,1.0,B01,138Â 210Â 548,1.0