Unnamed: 0_x,num_acc,mois,jour,hrmn,lum,agg,int,atm,col,com,adr,gps,lat,long,dep,annee,vma,situ,surf,catr,Unnamed: 0_y,place,catu,grav,sexe,trajet,secu,locp,actp,an_nais,num_veh_x,id_vehicule_x,secu1,secu2,secu3,Unnamed: 0,senc,catv,occutc,obs,obsm,choc,num_veh_y,id_vehicule_y,motor
1009317,201900050848,5,11,11:50,1,1,4,2.0,3.0,34305,DÃ©partementale 907 - hameau La Roque,M,"43,5467390","2,7417820",34,2019,80.0,1.0,2.0,3.0,2257060,1.0,1,3,1,5.0,,0.0,0,1978.0,B01,138Â 210Â 548,2.0,6.0,-1.0,1722814,2.0,10,,0.0,2.0,5.0,A01,138Â 210Â 549,1.0
1009317,201900050848,5,11,11:50,1,1,4,2.0,3.0,34305,DÃ©partementale 907 - hameau La Roque,M,"43,5467390","2,7417820",34,2019,80.0,1.0,2.0,3.0,2257061,1.0,1,1,1,4.0,,0.0,0,1991.0,A01,138Â 210Â 549,1.0,-1.0,-1.0,1722813,1.0,33,,0.0,2.0,1.0,B01,138Â 210Â 548,1.0
1009317,201900050848,5,11,11:50,1,1,4,2.0,3.0,34305,DÃ©partementale 907 - hameau La Roque,M,"43,5467390","2,7417820",34,2019,80.0,1.0,2.0,3.0,2257061,1.0,1,1,1,4.0,,0.0,0,1991.0,A01,138Â 210Â 549,1.0,-1.0,-1.0,1722814,2.0,10,,0.0,2.0,5.0,A01,138Â 210Â 549,1.0
1009318,201900050849,5,25,21:00,2,1,1,1.0,6.0,34094,RD15,M,"43,4326600","3,2561030",34,2019,80.0,1.0,1.0,3.0,2257062,1.0,1,4,1,5.0,,0.0,0,1992.0,A01,138Â 210Â 547,1.0,-1.0,-1.0,1722815,1.0,7,,2.0,0.0,1.0,A01,138Â 210Â 547,1.0
1009318,201900050849,5,25,21:00,2,1,1,1.0,6.0,34094,RD15,M,"43,4326600","3,2561030",34,2019,80.0,1.0,1.0,3.0,2257063,2.0,2,3,2,5.0,,0.0,0,1976.0,A01,138Â 210Â 547,8.0,-1.0,-1.0,1722815,1.0,7,,2.0,0.0,1.0,A01,138Â 210Â 547,1.0
1009319,201900050850,5,6,08:40,1,1,1,1.0,1.0,34223,D909,M,"43,4434110","3,2143240",34,2019,80.0,1.0,1.0,3.0,2257064,1.0,1,4,1,4.0,,0.0,0,1965.0,A01,138Â 210Â 545,1.0,-1.0,-1.0,1722816,1.0,7,,0.0,2.0,1.0,A01,138Â 210Â 545,1.0
1009319,201900050850,5,6,08:40,1,1,1,1.0,1.0,34223,D909,M,"43,4434110","3,2143240",34,2019,80.0,1.0,1.0,3.0,2257064,1.0,1,4,1,4.0,,0.0,0,1965.0,A01,138Â 210Â 545,1.0,-1.0,-1.0,1722817,2.0,7,,0.0,2.0,1.0,B01,138Â 210Â 546,1.0
1009319,201900050850,5,6,08:40,1,1,1,1.0,1.0,34223,D909,M,"43,4434110","3,2143240",34,2019,80.0,1.0,1.0,3.0,2257065,1.0,1,4,1,0.0,,0.0,0,1942.0,B01,138Â 210Â 546,1.0,-1.0,-1.0,1722816,1.0,7,,0.0,2.0,1.0,A01,138Â 210Â 545,1.0
1009319,201900050850,5,6,08:40,1,1,1,1.0,1.0,34223,D909,M,"43,4434110","3,2143240",34,2019,80.0,1.0,1.0,3.0,2257065,1.0,1,4,1,0.0,,0.0,0,1942.0,B01,138Â 210Â 546,1.0,-1.0,-1.0,1722817,2.0,7,,0.0,2.0,1.0,B01,138Â 210Â 546,1.0
1009320,201900050851,5,26,13:00,1,1,1,1.0,7.0,34235,D22,M,"43,6659802","3,0036008",34,2019,90.0,8.0,1.0,3.0,2257066,2.0,2,4,1,0.0,,0.0,0,1969.0,A01,138Â 210Â 544,8.0,-1.0,-1.0,1722818,0.0,7,,16.0,0.0,0.0,A01,138Â 210Â 544,0.0
1009320,201900050851,5,26,13:00,1,1,1,1.0,7.0,34235,D22,M,"43,6659802","3,0036008",34,2019,90.0,8.0,1.0,3.0,2257067,1.0,1,3,1,0.0,,0.0,0,1977.0,A01,138Â 210Â 544,8.0,-1.0,-1.0,1722818,0.0,7,,16.0,0.0,0.0,A01,138Â 210Â 544,0.0
1009321,201900050852,5,25,14:30,1,2,2,1.0,3.0,68201,23 Rue du Lieutenant-Colonel Gambiez (Masevaux),M,"47,7693010","6,9932720",68,2019,50.0,1.0,1.0,3.0,2257068,1.0,1,1,1,5.0,,0.0,0,1968.0,A01,138Â 210Â 542,1.0,-1.0,-1.0,1722819,2.0,7,,0.0,2.0,1.0,A01,138Â 210Â 542,1.0
1009321,201900050852,5,25,14:30,1,2,2,1.0,3.0,68201,23 Rue du Lieutenant-Colonel Gambiez (Masevaux),M,"47,7693010","6,9932720",68,2019,50.0,1.0,1.0,3.0,2257068,1.0,1,1,1,5.0,,0.0,0,1968.0,A01,138Â 210Â 542,1.0,-1.0,-1.0,1722820,2.0,33,,0.0,2.0,8.0,B01,138Â 210Â 543,1.0
1009321,201900050852,5,25,14:30,1,2,2,1.0,3.0,68201,23 Rue du Lieutenant-Colonel Gambiez (Masevaux),M,"47,7693010","6,9932720",68,2019,50.0,1.0,1.0,3.0,2257069,1.0,1,3,1,5.0,,0.0,0,1959.0,B01,138Â 210Â 543,2.0,6.0,-1.0,1722819,2.0,7,,0.0,2.0,1.0,A01,138Â 210Â 542,1.0
1009321,201900050852,5,25,14:30,1,2,2,1.0,3.0,68201,23 Rue du Lieutenant-Colonel Gambiez (Masevaux),M,"47,7693010","6,9932720",68,2019,50.0,1.0,1.0,3.0,2257069,1.0,1,3,1,5.0,,0.0,0,1959.0,B01,138Â 210Â 543,2.0,6.0,-1.0,1722820,2.0,33,,0.0,2.0,8.0,B01,138Â 210Â 543,1.0
1009321,201900050852,5,25,14:30,1,2,2,1.0,3.0,68201,23 Rue du Lieutenant-Colonel Gambiez (Masevaux),M,"47,7693010","6,9932720",68,2019,50.0,1.0,1.0,3.0,2257070,2.0,2,3,2,5.0,,0.0,0,1961.0,B01,138Â 210Â 543,2.0,6.0,-1.0,1722819,2.0,7,,0.0,2.0,1.0,A01,138Â 210Â 542,1.0
1009321,201900050852,5,25,14:30,1,2,2,1.0,3.0,68201,23 Rue du Lieutenant-Colonel Gambiez (Masevaux),M,"47,7693010","6,9932720",68,2019,50.0,1.0,1.0,3.0,2257070,2.0,2,3,2,5.0,,0.0,0,1961.0,B01,138Â 210Â 543,2.0,6.0,-1.0,1722820,2.0,33,,0.0,2.0,8.0,B01,138Â 210Â 543,1.0
1009322,201900050853,5,16,14:10,1,1,1,1.0,1.0,68082,ROUTE DÃPARTEMENTALE 2,M,"47,8505380","7,3245310",68,2019,80.0,1.0,1.0,3.0,2257071,1.0,1,1,2,0.0,,0.0,0,1947.0,B01,138Â 210Â 540,1.0,-1.0,-1.0,1722821,2.0,7,,0.0,2.0,1.0,B01,138Â 210Â 540,1.0
1009322,201900050853,5,16,14:10,1,1,1,1.0,1.0,68082,ROUTE DÃPARTEMENTALE 2,M,"47,8505380","7,3245310",68,2019,80.0,1.0,1.0,3.0,2257071,1.0,1,1,2,0.0,,0.0,0,1947.0,B01,138Â 210Â 540,1.0,-1.0,-1.0,1722822,1.0,7,,0.0,2.0,1.0,A01,138Â 210Â 541,1.0
1009322,201900050853,5,16,14:10,1,1,1,1.0,1.0,68082,ROUTE DÃPARTEMENTALE 2,M,"47,8505380","7,3245310",68,2019,80.0,1.0,1.0,3.0,2257072,1.0,1,2,1,0.0,,0.0,0,1963.0,A01,138Â 210Â 541,1.0,-1.0,-1.0,1722821,2.0,7,,0.0,2.0,1.0,B01,138Â 210Â 540,1.0
1009322,201900050853,5,16,14:10,1,1,1,1.0,1.0,68082,ROUTE DÃPARTEMENTALE 2,M,"47,8505380","7,3245310",68,2019,80.0,1.0,1.0,3.0,2257072,1.0,1,2,1,0.0,,0.0,0,1963.0,A01,138Â 210Â 541,1.0,-1.0,-1.0,1722822,1.0,7,,0.0,2.0,1.0,A01,138Â 210Â 541,1.0
1009323,201900050854,5,13,07:00,1,1,3,7.0,3.0,68228,Cd Route Departementale 201,M,"47,9239010","7,3574640",68,2019,70.0,1.0,1.0,1.0,2257073,1.0,1,1,1,1.0,,0.0,0,1971.0,B01,138Â 210Â 538,1.0,-1.0,-1.0,1722823,1.0,7,,0.0,2.0,3.0,B01,138Â 210Â 538,1.0
1009323,201900050854,5,13,07:00,1,1,3,7.0,3.0,68228,Cd Route Departementale 201,M,"47,9239010","7,3574640",68,2019,70.0,1.0,1.0,1.0,2257073,1.0,1,1,1,1.0,,0.0,0,1971.0,B01,138Â 210Â 538,1.0,-1.0,-1.0,1722824,2.0,2,,0.0,2.0,1.0,A01,138Â 210Â 539,1.0
1009323,201900050854,5,13,07:00,1,1,3,7.0,3.0,68228,Cd Route Departementale 201,M,"47,9239010","7,3574640",68,2019,70.0,1.0,1.0,1.0,2257074,1.0,1,3,1,1.0,,0.0,0,2003.0,A01,138Â 210Â 539,2.0,6.0,-1.0,1722823,1.0,7,,0.0,2.0,3.0,B01,138Â 210Â 538,1.0
1009323,201900050854,5,13,07:00,1,1,3,7.0,3.0,68228,Cd Route Departementale 201,M,"47,9239010","7,3574640",68,2019,70.0,1.0,1.0,1.0,2257074,1.0,1,3,1,1.0,,0.0,0,2003.0,A01,138Â 210Â 539,2.0,6.0,-1.0,1722824,2.0,2,,0.0,2.0,1.0,A01,138Â 210Â 539,1.0
1009324,201900050855,5,10,23:55,3,1,1,2.0,7.0,68039,rue d'ALTKIRCH,M,"47,5377880","7,2224340",68,2019,50.0,3.0,2.0,4.0,2257075,1.0,1,3,1,5.0,,0.0,0,1993.0,A01,138Â 210Â 537,0.0,-1.0,-1.0,1722825,1.0,33,,0.0,0.0,1.0,A01,138Â 210Â 537,1.0
1009325,201900050856,5,23,01:00,3,1,9,1.0,2.0,68085,D483,M,"47,7156880","7,0611950",68,2019,80.0,6.0,1.0,3.0,2257076,1.0,1,2,1,9.0,,0.0,0,1994.0,A01,138Â 210Â 535,5.0,1.0,-1.0,1722826,1.0,7,,1.0,0.0,1.0,A01,138Â 210Â 535,1.0
1009325,201900050856,5,23,01:00,3,1,9,1.0,2.0,68085,D483,M,"47,7156880","7,0611950",68,2019,80.0,6.0,1.0,3.0,2257076,1.0,1,2,1,9.0,,0.0,0,1994.0,A01,138Â 210Â 535,5.0,1.0,-1.0,1722827,1.0,15,,0.0,0.0,4.0,B01,138Â 210Â 536,1.0
1009325,201900050856,5,23,01:00,3,1,9,1.0,2.0,68085,D483,M,"47,7156880","7,0611950",68,2019,80.0,6.0,1.0,3.0,2257077,1.0,1,1,1,4.0,,0.0,0,1999.0,B01,138Â 210Â 536,5.0,-1.0,-1.0,1722826,1.0,7,,1.0,0.0,1.0,A01,138Â 210Â 535,1.0
1009325,201900050856,5,23,01:00,3,1,9,1.0,2.0,68085,D483,M,"47,7156880","7,0611950",68,2019,80.0,6.0,1.0,3.0,2257077,1.0,1,1,1,4.0,,0.0,0,1999.0,B01,138Â 210Â 536,5.0,-1.0,-1.0,1722827,1.0,15,,0.0,0.0,4.0,B01,138Â 210Â 536,1.0
1009326,201900050857,5,15,18:15,1,1,1,1.0,7.0,68052,RD 483,M,"47,7148340","7,0630790",68,2019,90.0,3.0,1.0,3.0,2257078,1.0,1,4,2,1.0,,0.0,0,1996.0,A01,138Â 210Â 534,8.0,-1.0,-1.0,1722828,2.0,7,,2.0,0.0,2.0,A01,138Â 210Â 534,0.0
1009327,201900050858,4,30,11:52,1,2,1,1.0,6.0,68077,44 Rue de la Croix,M,"47,6626220","7,1842480",68,2019,50.0,3.0,1.0,4.0,2257079,1.0,1,4,1,5.0,,0.0,0,1996.0,A01,138Â 210Â 533,2.0,-1.0,-1.0,1722829,2.0,33,,6.0,0.0,1.0,A01,138Â 210Â 533,1.0
1009328,201900050859,4,26,13:30,1,2,3,2.0,3.0,68374,Route d'Eguisheim,M,"48,0853360","7,3103740",68,2019,50.0,1.0,2.0,3.0,2257080,1.0,1,1,1,1.0,,0.0,0,1988.0,B01,138Â 210Â 531,8.0,-1.0,-1.0,1722830,1.0,7,,0.0,2.0,5.0,B01,138Â 210Â 531,0.0
1009328,201900050859,4,26,13:30,1,2,3,2.0,3.0,68374,Route d'Eguisheim,M,"48,0853360","7,3103740",68,2019,50.0,1.0,2.0,3.0,2257080,1.0,1,1,1,1.0,,0.0,0,1988.0,B01,138Â 210Â 531,8.0,-1.0,-1.0,1722831,2.0,2,,0.0,2.0,1.0,A01,138Â 210Â 532,0.0
1009328,201900050859,4,26,13:30,1,2,3,2.0,3.0,68374,Route d'Eguisheim,M,"48,0853360","7,3103740",68,2019,50.0,1.0,2.0,3.0,2257081,1.0,1,4,1,2.0,,0.0,0,2003.0,A01,138Â 210Â 532,2.0,6.0,-1.0,1722830,1.0,7,,0.0,2.0,5.0,B01,138Â 210Â 531,0.0
1009328,201900050859,4,26,13:30,1,2,3,2.0,3.0,68374,Route d'Eguisheim,M,"48,0853360","7,3103740",68,2019,50.0,1.0,2.0,3.0,2257081,1.0,1,4,1,2.0,,0.0,0,2003.0,A01,138Â 210Â 532,2.0,6.0,-1.0,1722831,2.0,2,,0.0,2.0,1.0,A01,138Â 210Â 532,0.0
1009329,201900050860,4,11,15:55,1,2,3,1.0,3.0,68374,Rue Acker,M,"48,0882170","7,3161910",68,2019,50.0,1.0,1.0,4.0,2257082,1.0,1,4,1,5.0,,0.0,0,1979.0,B01,138Â 210Â 529,0.0,-1.0,-1.0,1722832,3.0,1,,0.0,2.0,1.0,B01,138Â 210Â 529,5.0
1009329,201900050860,4,11,15:55,1,2,3,1.0,3.0,68374,Rue Acker,M,"48,0882170","7,3161910",68,2019,50.0,1.0,1.0,4.0,2257082,1.0,1,4,1,5.0,,0.0,0,1979.0,B01,138Â 210Â 529,0.0,-1.0,-1.0,1722833,3.0,7,,0.0,9.0,2.0,A01,138Â 210Â 530,1.0
1009329,201900050860,4,11,15:55,1,2,3,1.0,3.0,68374,Rue Acker,M,"48,0882170","7,3161910",68,2019,50.0,1.0,1.0,4.0,2257083,1.0,1,1,2,5.0,,0.0,0,1988.0,A01,138Â 210Â 530,8.0,-1.0,-1.0,1722832,3.0,1,,0.0,2.0,1.0,B01,138Â 210Â 529,5.0
1009329,201900050860,4,11,15:55,1,2,3,1.0,3.0,68374,Rue Acker,M,"48,0882170","7,3161910",68,2019,50.0,1.0,1.0,4.0,2257083,1.0,1,1,2,5.0,,0.0,0,1988.0,A01,138Â 210Â 530,8.0,-1.0,-1.0,1722833,3.0,7,,0.0,9.0,2.0,A01,138Â 210Â 530,1.0
1009329,201900050860,4,11,15:55,1,2,3,1.0,3.0,68374,Rue Acker,M,"48,0882170","7,3161910",68,2019,50.0,1.0,1.0,4.0,2257084,2.0,2,1,1,5.0,,0.0,0,1991.0,A01,138Â 210Â 530,8.0,-1.0,-1.0,1722832,3.0,1,,0.0,2.0,1.0,B01,138Â 210Â 529,5.0
1009329,201900050860,4,11,15:55,1,2,3,1.0,3.0,68374,Rue Acker,M,"48,0882170","7,3161910",68,2019,50.0,1.0,1.0,4.0,2257084,2.0,2,1,1,5.0,,0.0,0,1991.0,A01,138Â 210Â 530,8.0,-1.0,-1.0,1722833,3.0,7,,0.0,9.0,2.0,A01,138Â 210Â 530,1.0
1009330,201900050861,5,11,23:20,3,2,1,1.0,7.0,22247,GARDENN MARICHAL,M,"48,7235247"," -3,2375014",22,2019,50.0,1.0,1.0,4.0,2257085,1.0,1,3,1,5.0,,0.0,0,1981.0,A01,138Â 210Â 528,2.0,6.0,-1.0,1722834,3.0,33,,0.0,0.0,9.0,A01,138Â 210Â 528,1.0
1009330,201900050861,5,11,23:20,3,2,1,1.0,7.0,22247,GARDENN MARICHAL,M,"48,7235247"," -3,2375014",22,2019,50.0,1.0,1.0,4.0,2257086,2.0,2,4,1,5.0,,0.0,0,1985.0,A01,138Â 210Â 528,2.0,6.0,-1.0,1722834,3.0,33,,0.0,0.0,9.0,A01,138Â 210Â 528,1.0
1009331,201900050862,5,10,17:00,1,2,1,1.0,2.0,22152,Chemin de la Corderie,M,"48,7787550"," -3,2386310",22,2019,50.0,1.0,1.0,9.0,2257087,2.0,2,1,2,2.0,,0.0,0,2007.0,B01,138Â 210Â 526,1.0,-1.0,-1.0,1722835,3.0,7,,0.0,2.0,4.0,B01,138Â 210Â 526,1.0
1009331,201900050862,5,10,17:00,1,2,1,1.0,2.0,22152,Chemin de la Corderie,M,"48,7787550"," -3,2386310",22,2019,50.0,1.0,1.0,9.0,2257087,2.0,2,1,2,2.0,,0.0,0,2007.0,B01,138Â 210Â 526,1.0,-1.0,-1.0,1722836,3.0,2,,0.0,2.0,1.0,A01,138Â 210Â 527,1.0
1009331,201900050862,5,10,17:00,1,2,1,1.0,2.0,22152,Chemin de la Corderie,M,"48,7787550"," -3,2386310",22,2019,50.0,1.0,1.0,9.0,2257088,1.0,1,1,2,2.0,,0.0,0,1979.0,B01,138Â 210Â 526,1.0,-1.0,-1.0,1722835,3.0,7,,0.0,2.0,4.0,B01,138Â 210Â 526,1.0
1009331,201900050862,5,10,17:00,1,2,1,1.0,2.0,22152,Chemin de la Corderie,M,"48,7787550"," -3,2386310",22,2019,50.0,1.0,1.0,9.0,2257088,1.0,1,1,2,2.0,,0.0,0,1979.0,B01,138Â 210Â 526,1.0,-1.0,-1.0,1722836,3.0,2,,0.0,2.0,1.0,A01,138Â 210Â 527,1.0
1009331,201900050862,5,10,17:00,1,2,1,1.0,2.0,22152,Chemin de la Corderie,M,"48,7787550"," -3,2386310",22,2019,50.0,1.0,1.0,9.0,2257089,1.0,1,4,1,2.0,,0.0,0,2004.0,A01,138Â 210Â 527,2.0,-1.0,-1.0,1722835,3.0,7,,0.0,2.0,4.0,B01,138Â 210Â 526,1.0
1009331,201900050862,5,10,17:00,1,2,1,1.0,2.0,22152,Chemin de la Corderie,M,"48,7787550"," -3,2386310",22,2019,50.0,1.0,1.0,9.0,2257089,1.0,1,4,1,2.0,,0.0,0,2004.0,A01,138Â 210Â 527,2.0,-1.0,-1.0,1722836,3.0,2,,0.0,2.0,1.0,A01,138Â 210Â 527,1.0
1009332,201900050863,5,9,17:50,1,1,1,1.0,7.0,22322,bois meur D24,M,"48,4855649"," -3,0739814",22,2019,80.0,3.0,1.0,3.0,2257090,1.0,1,3,1,5.0,,0.0,0,1995.0,A01,138Â 210Â 525,1.0,-1.0,-1.0,1722837,1.0,7,,13.0,0.0,1.0,A01,138Â 210Â 525,1.0
1009333,201900050864,5,5,11:00,1,1,1,1.0,3.0,22031,Toull Blei,M,"48,3735939"," -3,5474569",22,2019,80.0,1.0,1.0,3.0,2257091,2.0,1,3,2,5.0,,0.0,0,1944.0,B01,138Â 210Â 523,1.0,-1.0,-1.0,1722838,2.0,7,,0.0,2.0,3.0,B01,138Â 210Â 523,1.0
1009333,201900050864,5,5,11:00,1,1,1,1.0,3.0,22031,Toull Blei,M,"48,3735939"," -3,5474569",22,2019,80.0,1.0,1.0,3.0,2257091,2.0,1,3,2,5.0,,0.0,0,1944.0,B01,138Â 210Â 523,1.0,-1.0,-1.0,1722839,1.0,21,,0.0,2.0,3.0,A01,138Â 210Â 524,1.0
1009333,201900050864,5,5,11:00,1,1,1,1.0,3.0,22031,Toull Blei,M,"48,3735939"," -3,5474569",22,2019,80.0,1.0,1.0,3.0,2257092,1.0,1,1,1,4.0,,0.0,0,1963.0,A01,138Â 210Â 524,0.0,-1.0,-1.0,1722838,2.0,7,,0.0,2.0,3.0,B01,138Â 210Â 523,1.0
1009333,201900050864,5,5,11:00,1,1,1,1.0,3.0,22031,Toull Blei,M,"48,3735939"," -3,5474569",22,2019,80.0,1.0,1.0,3.0,2257092,1.0,1,1,1,4.0,,0.0,0,1963.0,A01,138Â 210Â 524,0.0,-1.0,-1.0,1722839,1.0,21,,0.0,2.0,3.0,A01,138Â 210Â 524,1.0
1009334,201900050865,5,25,00:15,3,1,1,1.0,1.0,22258,Saint-Blaise,M,"48,4068880"," -2,6236580",22,2019,80.0,1.0,1.0,3.0,2257093,1.0,1,1,1,5.0,,0.0,0,1999.0,A01,138Â 210Â 521,1.0,-1.0,-1.0,1722840,2.0,7,,0.0,2.0,3.0,A01,138Â 210Â 521,1.0
1009334,201900050865,5,25,00:15,3,1,1,1.0,1.0,22258,Saint-Blaise,M,"48,4068880"," -2,6236580",22,2019,80.0,1.0,1.0,3.0,2257093,1.0,1,1,1,5.0,,0.0,0,1999.0,A01,138Â 210Â 521,1.0,-1.0,-1.0,1722841,1.0,7,,0.0,2.0,1.0,B01,138Â 210Â 522,1.0
1009334,201900050865,5,25,00:15,3,1,1,1.0,1.0,22258,Saint-Blaise,M,"48,4068880"," -2,6236580",22,2019,80.0,1.0,1.0,3.0,2257094,7.0,2,4,2,5.0,,0.0,0,1979.0,B01,138Â 210Â 522,1.0,-1.0,-1.0,1722840,2.0,7,,0.0,2.0,3.0,A01,138Â 210Â 521,1.0
1009334,201900050865,5,25,00:15,3,1,1,1.0,1.0,22258,Saint-Blaise,M,"48,4068880"," -2,6236580",22,2019,80.0,1.0,1.0,3.0,2257094,7.0,2,4,2,5.0,,0.0,0,1979.0,B01,138Â 210Â 522,1.0,-1.0,-1.0,1722841,1.0,7,,0.0,2.0,1.0,B01,138Â 210Â 522,1.0
1009334,201900050865,5,25,00:15,3,1,1,1.0,1.0,22258,Saint-Blaise,M,"48,4068880"," -2,6236580",22,2019,80.0,1.0,1.0,3.0,2257095,1.0,1,4,2,5.0,,0.0,0,1984.0,B01,138Â 210Â 522,1.0,-1.0,-1.0,1722840,2.0,7,,0.0,2.0,3.0,A01,138Â 210Â 521,1.0
1009334,201900050865,5,25,00:15,3,1,1,1.0,1.0,22258,Saint-Blaise,M,"48,4068880"," -2,6236580",22,2019,80.0,1.0,1.0,3.0,2257095,1.0,1,4,2,5.0,,0.0,0,1984.0,B01,138Â 210Â 522,1.0,-1.0,-1.0,1722841,1.0,7,,0.0,2.0,1.0,B01,138Â 210Â 522,1.0
1009334,201900050865,5,25,00:15,3,1,1,1.0,1.0,22258,Saint-Blaise,M,"48,4068880"," -2,6236580",22,2019,80.0,1.0,1.0,3.0,2257096,9.0,2,1,2,5.0,,0.0,0,2013.0,B01,138Â 210Â 522,1.0,-1.0,-1.0,1722840,2.0,7,,0.0,2.0,3.0,A01,138Â 210Â 521,1.0
1009334,201900050865,5,25,00:15,3,1,1,1.0,1.0,22258,Saint-Blaise,M,"48,4068880"," -2,6236580",22,2019,80.0,1.0,1.0,3.0,2257096,9.0,2,1,2,5.0,,0.0,0,2013.0,B01,138Â 210Â 522,1.0,-1.0,-1.0,1722841,1.0,7,,0.0,2.0,1.0,B01,138Â 210Â 522,1.0
1009334,201900050865,5,25,00:15,3,1,1,1.0,1.0,22258,Saint-Blaise,M,"48,4068880"," -2,6236580",22,2019,80.0,1.0,1.0,3.0,2257097,2.0,2,3,2,5.0,,0.0,0,1987.0,B01,138Â 210Â 522,1.0,-1.0,-1.0,1722840,2.0,7,,0.0,2.0,3.0,A01,138Â 210Â 521,1.0
1009334,201900050865,5,25,00:15,3,1,1,1.0,1.0,22258,Saint-Blaise,M,"48,4068880"," -2,6236580",22,2019,80.0,1.0,1.0,3.0,2257097,2.0,2,3,2,5.0,,0.0,0,1987.0,B01,138Â 210Â 522,1.0,-1.0,-1.0,1722841,1.0,7,,0.0,2.0,1.0,B01,138Â 210Â 522,1.0
1009334,201900050865,5,25,00:15,3,1,1,1.0,1.0,22258,Saint-Blaise,M,"48,4068880"," -2,6236580",22,2019,80.0,1.0,1.0,3.0,2257098,8.0,2,1,1,5.0,,0.0,0,2010.0,B01,138Â 210Â 522,1.0,-1.0,-1.0,1722840,2.0,7,,0.0,2.0,3.0,A01,138Â 210Â 521,1.0
1009334,201900050865,5,25,00:15,3,1,1,1.0,1.0,22258,Saint-Blaise,M,"48,4068880"," -2,6236580",22,2019,80.0,1.0,1.0,3.0,2257098,8.0,2,1,1,5.0,,0.0,0,2010.0,B01,138Â 210Â 522,1.0,-1.0,-1.0,1722841,1.0,7,,0.0,2.0,1.0,B01,138Â 210Â 522,1.0
1009335,201900050866,5,10,17:35,1,1,1,2.0,2.0,22236,Route DÃ©partementale 7,M,"48,6774590"," -3,0195130",22,2019,110.0,1.0,2.0,3.0,2257099,1.0,1,4,2,4.0,,0.0,0,1987.0,B01,138Â 210Â 519,1.0,-1.0,-1.0,1722842,2.0,10,,3.0,2.0,4.0,B01,138Â 210Â 519,1.0
1009335,201900050866,5,10,17:35,1,1,1,2.0,2.0,22236,Route DÃ©partementale 7,M,"48,6774590"," -3,0195130",22,2019,110.0,1.0,2.0,3.0,2257099,1.0,1,4,2,4.0,,0.0,0,1987.0,B01,138Â 210Â 519,1.0,-1.0,-1.0,1722843,2.0,7,,3.0,2.0,1.0,A01,138Â 210Â 520,1.0
1009335,201900050866,5,10,17:35,1,1,1,2.0,2.0,22236,Route DÃ©partementale 7,M,"48,6774590"," -3,0195130",22,2019,110.0,1.0,2.0,3.0,2257100,1.0,1,1,1,9.0,,0.0,0,1988.0,A01,138Â 210Â 520,1.0,-1.0,-1.0,1722842,2.0,10,,3.0,2.0,4.0,B01,138Â 210Â 519,1.0
1009335,201900050866,5,10,17:35,1,1,1,2.0,2.0,22236,Route DÃ©partementale 7,M,"48,6774590"," -3,0195130",22,2019,110.0,1.0,2.0,3.0,2257100,1.0,1,1,1,9.0,,0.0,0,1988.0,A01,138Â 210Â 520,1.0,-1.0,-1.0,1722843,2.0,7,,3.0,2.0,1.0,A01,138Â 210Â 520,1.0
1009336,201900050867,5,1,16:25,1,1,4,1.0,3.0,39258,,M,"46,5008020","5,9150900",39,2019,80.0,1.0,1.0,3.0,2257101,1.0,1,1,1,5.0,,0.0,0,1947.0,A01,138Â 210Â 517,1.0,-1.0,-1.0,1722844,2.0,7,,0.0,2.0,7.0,A01,138Â 210Â 517,1.0
1009336,201900050867,5,1,16:25,1,1,4,1.0,3.0,39258,,M,"46,5008020","5,9150900",39,2019,80.0,1.0,1.0,3.0,2257101,1.0,1,1,1,5.0,,0.0,0,1947.0,A01,138Â 210Â 517,1.0,-1.0,-1.0,1722845,1.0,33,,0.0,2.0,1.0,B01,138Â 210Â 518,1.0
1009336,201900050867,5,1,16:25,1,1,4,1.0,3.0,39258,,M,"46,5008020","5,9150900",39,2019,80.0,1.0,1.0,3.0,2257102,2.0,2,1,2,5.0,,0.0,0,1960.0,A01,138Â 210Â 517,1.0,-1.0,-1.0,1722844,2.0,7,,0.0,2.0,7.0,A01,138Â 210Â 517,1.0
1009336,201900050867,5,1,16:25,1,1,4,1.0,3.0,39258,,M,"46,5008020","5,9150900",39,2019,80.0,1.0,1.0,3.0,2257102,2.0,2,1,2,5.0,,0.0,0,1960.0,A01,138Â 210Â 517,1.0,-1.0,-1.0,1722845,1.0,33,,0.0,2.0,1.0,B01,138Â 210Â 518,1.0
1009336,201900050867,5,1,16:25,1,1,4,1.0,3.0,39258,,M,"46,5008020","5,9150900",39,2019,80.0,1.0,1.0,3.0,2257103,1.0,1,3,1,5.0,,0.0,0,1995.0,B01,138Â 210Â 518,2.0,6.0,-1.0,1722844,2.0,7,,0.0,2.0,7.0,A01,138Â 210Â 517,1.0
1009336,201900050867,5,1,16:25,1,1,4,1.0,3.0,39258,,M,"46,5008020","5,9150900",39,2019,80.0,1.0,1.0,3.0,2257103,1.0,1,3,1,5.0,,0.0,0,1995.0,B01,138Â 210Â 518,2.0,6.0,-1.0,1722845,1.0,33,,0.0,2.0,1.0,B01,138Â 210Â 518,1.0
1009337,201900050868,5,27,16:15,1,2,1,1.0,6.0,39478,28 Avenue de la Gare,M,"46,3915960","5,8609710",39,2019,50.0,1.0,1.0,4.0,2257104,1.0,1,1,1,5.0,,0.0,0,1930.0,A01,138Â 210Â 516,1.0,-1.0,-1.0,1722846,2.0,7,,0.0,1.0,2.0,A01,138Â 210Â 516,1.0