Unnamed: 0_x,num_acc,mois,jour,hrmn,lum,agg,int,atm,col,com,adr,gps,lat,long,dep,annee,vma,situ,surf,catr,Unnamed: 0_y,place,catu,grav,sexe,trajet,secu,locp,actp,an_nais,num_veh_x,id_vehicule_x,secu1,secu2,secu3,Unnamed: 0,senc,catv,occutc,obs,obsm,choc,num_veh_y,id_vehicule_y,motor
1009337,201900050868,5,27,16:15,1,2,1,1.0,6.0,39478,28 Avenue de la Gare,M,"46,3915960","5,8609710",39,2019,50.0,1.0,1.0,4.0,2257105,10.0,3,4,1,9.0,,2.0,3,1948.0,A01,138Â 210Â 516,0.0,-1.0,-1.0,1722846,2.0,7,,0.0,1.0,2.0,A01,138Â 210Â 516,1.0
1009338,201900050869,5,25,13:27,1,1,1,1.0,4.0,39286,,M,"46,3860330","5,7782430",39,2019,80.0,1.0,1.0,3.0,2257106,1.0,1,4,1,5.0,,0.0,0,1995.0,C01,138Â 210Â 513,2.0,-1.0,-1.0,1722847,2.0,1,,0.0,2.0,4.0,C01,138Â 210Â 513,5.0
1009338,201900050869,5,25,13:27,1,1,1,1.0,4.0,39286,,M,"46,3860330","5,7782430",39,2019,80.0,1.0,1.0,3.0,2257106,1.0,1,4,1,5.0,,0.0,0,1995.0,C01,138Â 210Â 513,2.0,-1.0,-1.0,1722848,2.0,1,,0.0,2.0,4.0,B01,138Â 210Â 514,5.0
1009338,201900050869,5,25,13:27,1,1,1,1.0,4.0,39286,,M,"46,3860330","5,7782430",39,2019,80.0,1.0,1.0,3.0,2257106,1.0,1,4,1,5.0,,0.0,0,1995.0,C01,138Â 210Â 513,2.0,-1.0,-1.0,1722849,2.0,7,,0.0,2.0,2.0,A01,138Â 210Â 515,1.0
1009338,201900050869,5,25,13:27,1,1,1,1.0,4.0,39286,,M,"46,3860330","5,7782430",39,2019,80.0,1.0,1.0,3.0,2257107,1.0,1,3,1,5.0,,0.0,0,1996.0,B01,138Â 210Â 514,2.0,-1.0,-1.0,1722847,2.0,1,,0.0,2.0,4.0,C01,138Â 210Â 513,5.0
1009338,201900050869,5,25,13:27,1,1,1,1.0,4.0,39286,,M,"46,3860330","5,7782430",39,2019,80.0,1.0,1.0,3.0,2257107,1.0,1,3,1,5.0,,0.0,0,1996.0,B01,138Â 210Â 514,2.0,-1.0,-1.0,1722848,2.0,1,,0.0,2.0,4.0,B01,138Â 210Â 514,5.0
1009338,201900050869,5,25,13:27,1,1,1,1.0,4.0,39286,,M,"46,3860330","5,7782430",39,2019,80.0,1.0,1.0,3.0,2257107,1.0,1,3,1,5.0,,0.0,0,1996.0,B01,138Â 210Â 514,2.0,-1.0,-1.0,1722849,2.0,7,,0.0,2.0,2.0,A01,138Â 210Â 515,1.0
1009338,201900050869,5,25,13:27,1,1,1,1.0,4.0,39286,,M,"46,3860330","5,7782430",39,2019,80.0,1.0,1.0,3.0,2257108,1.0,1,1,2,5.0,,0.0,0,1977.0,A01,138Â 210Â 515,1.0,-1.0,-1.0,1722847,2.0,1,,0.0,2.0,4.0,C01,138Â 210Â 513,5.0
1009338,201900050869,5,25,13:27,1,1,1,1.0,4.0,39286,,M,"46,3860330","5,7782430",39,2019,80.0,1.0,1.0,3.0,2257108,1.0,1,1,2,5.0,,0.0,0,1977.0,A01,138Â 210Â 515,1.0,-1.0,-1.0,1722848,2.0,1,,0.0,2.0,4.0,B01,138Â 210Â 514,5.0
1009338,201900050869,5,25,13:27,1,1,1,1.0,4.0,39286,,M,"46,3860330","5,7782430",39,2019,80.0,1.0,1.0,3.0,2257108,1.0,1,1,2,5.0,,0.0,0,1977.0,A01,138Â 210Â 515,1.0,-1.0,-1.0,1722849,2.0,7,,0.0,2.0,2.0,A01,138Â 210Â 515,1.0
1009339,201900050870,5,9,10:05,1,1,1,1.0,1.0,39286,,M,"46,3845390","5,7748020",39,2019,80.0,1.0,1.0,3.0,2257109,1.0,1,4,1,1.0,,0.0,0,2000.0,A01,138Â 210Â 511,1.0,-1.0,-1.0,1722850,1.0,7,,0.0,2.0,3.0,A01,138Â 210Â 511,1.0
1009339,201900050870,5,9,10:05,1,1,1,1.0,1.0,39286,,M,"46,3845390","5,7748020",39,2019,80.0,1.0,1.0,3.0,2257109,1.0,1,4,1,1.0,,0.0,0,2000.0,A01,138Â 210Â 511,1.0,-1.0,-1.0,1722851,2.0,7,,0.0,2.0,3.0,B01,138Â 210Â 512,1.0
1009339,201900050870,5,9,10:05,1,1,1,1.0,1.0,39286,,M,"46,3845390","5,7748020",39,2019,80.0,1.0,1.0,3.0,2257110,1.0,1,3,2,1.0,,0.0,0,1970.0,B01,138Â 210Â 512,1.0,-1.0,-1.0,1722850,1.0,7,,0.0,2.0,3.0,A01,138Â 210Â 511,1.0
1009339,201900050870,5,9,10:05,1,1,1,1.0,1.0,39286,,M,"46,3845390","5,7748020",39,2019,80.0,1.0,1.0,3.0,2257110,1.0,1,3,2,1.0,,0.0,0,1970.0,B01,138Â 210Â 512,1.0,-1.0,-1.0,1722851,2.0,7,,0.0,2.0,3.0,B01,138Â 210Â 512,1.0
1009340,201900050871,5,11,18:30,1,2,1,1.0,6.0,39189,,M,"47,0766480","5,4126990",39,2019,50.0,3.0,1.0,3.0,2257111,1.0,1,4,2,5.0,,0.0,0,1993.0,A01,138Â 210Â 510,1.0,-1.0,-1.0,1722852,1.0,7,,9.0,0.0,3.0,A01,138Â 210Â 510,1.0
1009340,201900050871,5,11,18:30,1,2,1,1.0,6.0,39189,,M,"47,0766480","5,4126990",39,2019,50.0,3.0,1.0,3.0,2257112,2.0,2,3,1,5.0,,0.0,0,1993.0,A01,138Â 210Â 510,1.0,-1.0,-1.0,1722852,1.0,7,,9.0,0.0,3.0,A01,138Â 210Â 510,1.0
1009341,201900050872,5,4,17:50,1,1,1,3.0,2.0,39338,,M,"47,0134620","5,4147930",39,2019,30.0,1.0,2.0,9.0,2257113,2.0,2,2,1,5.0,,0.0,0,2001.0,B01,138Â 210Â 508,1.0,-1.0,-1.0,1722853,3.0,7,,6.0,2.0,4.0,B01,138Â 210Â 508,1.0
1009341,201900050872,5,4,17:50,1,1,1,3.0,2.0,39338,,M,"47,0134620","5,4147930",39,2019,30.0,1.0,2.0,9.0,2257113,2.0,2,2,1,5.0,,0.0,0,2001.0,B01,138Â 210Â 508,1.0,-1.0,-1.0,1722854,3.0,7,,0.0,2.0,1.0,A01,138Â 210Â 509,1.0
1009341,201900050872,5,4,17:50,1,1,1,3.0,2.0,39338,,M,"47,0134620","5,4147930",39,2019,30.0,1.0,2.0,9.0,2257114,1.0,1,3,1,5.0,,0.0,0,1999.0,B01,138Â 210Â 508,8.0,-1.0,-1.0,1722853,3.0,7,,6.0,2.0,4.0,B01,138Â 210Â 508,1.0
1009341,201900050872,5,4,17:50,1,1,1,3.0,2.0,39338,,M,"47,0134620","5,4147930",39,2019,30.0,1.0,2.0,9.0,2257114,1.0,1,3,1,5.0,,0.0,0,1999.0,B01,138Â 210Â 508,8.0,-1.0,-1.0,1722854,3.0,7,,0.0,2.0,1.0,A01,138Â 210Â 509,1.0
1009341,201900050872,5,4,17:50,1,1,1,3.0,2.0,39338,,M,"47,0134620","5,4147930",39,2019,30.0,1.0,2.0,9.0,2257115,1.0,1,4,1,5.0,,0.0,0,2000.0,A01,138Â 210Â 509,1.0,-1.0,-1.0,1722853,3.0,7,,6.0,2.0,4.0,B01,138Â 210Â 508,1.0
1009341,201900050872,5,4,17:50,1,1,1,3.0,2.0,39338,,M,"47,0134620","5,4147930",39,2019,30.0,1.0,2.0,9.0,2257115,1.0,1,4,1,5.0,,0.0,0,2000.0,A01,138Â 210Â 509,1.0,-1.0,-1.0,1722854,3.0,7,,0.0,2.0,1.0,A01,138Â 210Â 509,1.0
1009341,201900050872,5,4,17:50,1,1,1,3.0,2.0,39338,,M,"47,0134620","5,4147930",39,2019,30.0,1.0,2.0,9.0,2257116,2.0,2,1,1,5.0,,0.0,0,2000.0,A01,138Â 210Â 509,1.0,-1.0,-1.0,1722853,3.0,7,,6.0,2.0,4.0,B01,138Â 210Â 508,1.0
1009341,201900050872,5,4,17:50,1,1,1,3.0,2.0,39338,,M,"47,0134620","5,4147930",39,2019,30.0,1.0,2.0,9.0,2257116,2.0,2,1,1,5.0,,0.0,0,2000.0,A01,138Â 210Â 509,1.0,-1.0,-1.0,1722854,3.0,7,,0.0,2.0,1.0,A01,138Â 210Â 509,1.0
1009342,201900050873,5,10,08:00,1,2,6,2.0,6.0,25411,29 Rue de la LouhiÃ¨re,M,"47,0606620","6,6059240",25,2019,50.0,1.0,2.0,3.0,2257117,1.0,1,1,2,1.0,,0.0,0,1961.0,A01,138Â 210Â 497,1.0,-1.0,-1.0,1722855,2.0,7,,0.0,1.0,1.0,A01,138Â 210Â 497,1.0
1009342,201900050873,5,10,08:00,1,2,6,2.0,6.0,25411,29 Rue de la LouhiÃ¨re,M,"47,0606620","6,6059240",25,2019,50.0,1.0,2.0,3.0,2257118,10.0,3,4,2,1.0,,3.0,3,1958.0,A01,138Â 210Â 497,0.0,-1.0,-1.0,1722855,2.0,7,,0.0,1.0,1.0,A01,138Â 210Â 497,1.0
1009343,201900050874,5,4,19:30,2,1,1,4.0,3.0,25042,CD 437,M,"47,1187710","6,6962480",25,2019,80.0,1.0,5.0,3.0,2257119,9.0,2,2,1,1.0,,0.0,0,1984.0,A01,138Â 210Â 495,0.0,-1.0,-1.0,1722856,2.0,7,,0.0,2.0,7.0,A01,138Â 210Â 495,1.0
1009343,201900050874,5,4,19:30,2,1,1,4.0,3.0,25042,CD 437,M,"47,1187710","6,6962480",25,2019,80.0,1.0,5.0,3.0,2257119,9.0,2,2,1,1.0,,0.0,0,1984.0,A01,138Â 210Â 495,0.0,-1.0,-1.0,1722857,1.0,7,,0.0,2.0,1.0,B01,138Â 210Â 496,1.0
1009343,201900050874,5,4,19:30,2,1,1,4.0,3.0,25042,CD 437,M,"47,1187710","6,6962480",25,2019,80.0,1.0,5.0,3.0,2257120,2.0,2,2,1,1.0,,0.0,0,1981.0,A01,138Â 210Â 495,1.0,-1.0,-1.0,1722856,2.0,7,,0.0,2.0,7.0,A01,138Â 210Â 495,1.0
1009343,201900050874,5,4,19:30,2,1,1,4.0,3.0,25042,CD 437,M,"47,1187710","6,6962480",25,2019,80.0,1.0,5.0,3.0,2257120,2.0,2,2,1,1.0,,0.0,0,1981.0,A01,138Â 210Â 495,1.0,-1.0,-1.0,1722857,1.0,7,,0.0,2.0,1.0,B01,138Â 210Â 496,1.0
1009343,201900050874,5,4,19:30,2,1,1,4.0,3.0,25042,CD 437,M,"47,1187710","6,6962480",25,2019,80.0,1.0,5.0,3.0,2257121,1.0,1,2,1,1.0,,0.0,0,1980.0,A01,138Â 210Â 495,1.0,-1.0,-1.0,1722856,2.0,7,,0.0,2.0,7.0,A01,138Â 210Â 495,1.0
1009343,201900050874,5,4,19:30,2,1,1,4.0,3.0,25042,CD 437,M,"47,1187710","6,6962480",25,2019,80.0,1.0,5.0,3.0,2257121,1.0,1,2,1,1.0,,0.0,0,1980.0,A01,138Â 210Â 495,1.0,-1.0,-1.0,1722857,1.0,7,,0.0,2.0,1.0,B01,138Â 210Â 496,1.0
1009343,201900050874,5,4,19:30,2,1,1,4.0,3.0,25042,CD 437,M,"47,1187710","6,6962480",25,2019,80.0,1.0,5.0,3.0,2257122,1.0,1,4,1,5.0,,0.0,0,1988.0,B01,138Â 210Â 496,1.0,5.0,-1.0,1722856,2.0,7,,0.0,2.0,7.0,A01,138Â 210Â 495,1.0
1009343,201900050874,5,4,19:30,2,1,1,4.0,3.0,25042,CD 437,M,"47,1187710","6,6962480",25,2019,80.0,1.0,5.0,3.0,2257122,1.0,1,4,1,5.0,,0.0,0,1988.0,B01,138Â 210Â 496,1.0,5.0,-1.0,1722857,1.0,7,,0.0,2.0,1.0,B01,138Â 210Â 496,1.0
1009343,201900050874,5,4,19:30,2,1,1,4.0,3.0,25042,CD 437,M,"47,1187710","6,6962480",25,2019,80.0,1.0,5.0,3.0,2257123,2.0,2,4,2,5.0,,0.0,0,1993.0,B01,138Â 210Â 496,1.0,-1.0,-1.0,1722856,2.0,7,,0.0,2.0,7.0,A01,138Â 210Â 495,1.0
1009343,201900050874,5,4,19:30,2,1,1,4.0,3.0,25042,CD 437,M,"47,1187710","6,6962480",25,2019,80.0,1.0,5.0,3.0,2257123,2.0,2,4,2,5.0,,0.0,0,1993.0,B01,138Â 210Â 496,1.0,-1.0,-1.0,1722857,1.0,7,,0.0,2.0,1.0,B01,138Â 210Â 496,1.0
1009344,201900050875,5,29,14:30,1,1,1,1.0,3.0,25052,D30 PK 35+400,M,"47,2196080","6,3612720",25,2019,80.0,1.0,1.0,3.0,2257124,1.0,1,3,1,5.0,,0.0,0,1960.0,A01,138Â 210Â 493,2.0,6.0,-1.0,1722858,2.0,33,,0.0,2.0,1.0,A01,138Â 210Â 493,1.0
1009344,201900050875,5,29,14:30,1,1,1,1.0,3.0,25052,D30 PK 35+400,M,"47,2196080","6,3612720",25,2019,80.0,1.0,1.0,3.0,2257124,1.0,1,3,1,5.0,,0.0,0,1960.0,A01,138Â 210Â 493,2.0,6.0,-1.0,1722859,1.0,21,,0.0,0.0,6.0,B01,138Â 210Â 494,0.0
1009344,201900050875,5,29,14:30,1,1,1,1.0,3.0,25052,D30 PK 35+400,M,"47,2196080","6,3612720",25,2019,80.0,1.0,1.0,3.0,2257125,1.0,1,1,1,4.0,,0.0,0,1990.0,B01,138Â 210Â 494,0.0,-1.0,-1.0,1722858,2.0,33,,0.0,2.0,1.0,A01,138Â 210Â 493,1.0
1009344,201900050875,5,29,14:30,1,1,1,1.0,3.0,25052,D30 PK 35+400,M,"47,2196080","6,3612720",25,2019,80.0,1.0,1.0,3.0,2257125,1.0,1,1,1,4.0,,0.0,0,1990.0,B01,138Â 210Â 494,0.0,-1.0,-1.0,1722859,1.0,21,,0.0,0.0,6.0,B01,138Â 210Â 494,0.0
1009345,201900050876,5,14,06:30,2,1,1,1.0,7.0,25022,RD33 - PK 00+500,M,"47,5315940","6,6488690",25,2019,80.0,1.0,1.0,3.0,2257126,1.0,1,3,1,1.0,,0.0,0,1971.0,A01,138Â 210Â 492,2.0,6.0,-1.0,1722860,1.0,33,,0.0,0.0,0.0,A01,138Â 210Â 492,1.0
1009346,201900050877,5,19,16:40,1,1,2,2.0,3.0,25084,D105-D107,M,"47,1444230","5,8899810",25,2019,80.0,1.0,2.0,3.0,2257127,1.0,1,2,1,0.0,,0.0,0,1937.0,B01,138Â 210Â 490,2.0,-1.0,-1.0,1722861,0.0,1,,0.0,0.0,8.0,B01,138Â 210Â 490,5.0
1009346,201900050877,5,19,16:40,1,1,2,2.0,3.0,25084,D105-D107,M,"47,1444230","5,8899810",25,2019,80.0,1.0,2.0,3.0,2257127,1.0,1,2,1,0.0,,0.0,0,1937.0,B01,138Â 210Â 490,2.0,-1.0,-1.0,1722862,1.0,7,,0.0,2.0,2.0,A01,138Â 210Â 491,1.0
1009346,201900050877,5,19,16:40,1,1,2,2.0,3.0,25084,D105-D107,M,"47,1444230","5,8899810",25,2019,80.0,1.0,2.0,3.0,2257128,1.0,1,1,1,0.0,,0.0,0,1968.0,A01,138Â 210Â 491,1.0,-1.0,-1.0,1722861,0.0,1,,0.0,0.0,8.0,B01,138Â 210Â 490,5.0
1009346,201900050877,5,19,16:40,1,1,2,2.0,3.0,25084,D105-D107,M,"47,1444230","5,8899810",25,2019,80.0,1.0,2.0,3.0,2257128,1.0,1,1,1,0.0,,0.0,0,1968.0,A01,138Â 210Â 491,1.0,-1.0,-1.0,1722862,1.0,7,,0.0,2.0,2.0,A01,138Â 210Â 491,1.0
1009347,201900050878,4,30,17:35,1,1,9,1.0,2.0,25466,D673,M,"47,1948490","5,8541610",25,2019,80.0,1.0,1.0,3.0,2257129,1.0,1,1,2,5.0,,0.0,0,1992.0,B01,138Â 210Â 488,1.0,-1.0,-1.0,1722863,2.0,7,,0.0,0.0,5.0,B01,138Â 210Â 488,1.0
1009347,201900050878,4,30,17:35,1,1,9,1.0,2.0,25466,D673,M,"47,1948490","5,8541610",25,2019,80.0,1.0,1.0,3.0,2257129,1.0,1,1,2,5.0,,0.0,0,1992.0,B01,138Â 210Â 488,1.0,-1.0,-1.0,1722864,2.0,33,,0.0,2.0,1.0,A01,138Â 210Â 489,1.0
1009347,201900050878,4,30,17:35,1,1,9,1.0,2.0,25466,D673,M,"47,1948490","5,8541610",25,2019,80.0,1.0,1.0,3.0,2257130,2.0,2,1,1,5.0,,0.0,0,1991.0,B01,138Â 210Â 488,1.0,-1.0,-1.0,1722863,2.0,7,,0.0,0.0,5.0,B01,138Â 210Â 488,1.0
1009347,201900050878,4,30,17:35,1,1,9,1.0,2.0,25466,D673,M,"47,1948490","5,8541610",25,2019,80.0,1.0,1.0,3.0,2257130,2.0,2,1,1,5.0,,0.0,0,1991.0,B01,138Â 210Â 488,1.0,-1.0,-1.0,1722864,2.0,33,,0.0,2.0,1.0,A01,138Â 210Â 489,1.0
1009347,201900050878,4,30,17:35,1,1,9,1.0,2.0,25466,D673,M,"47,1948490","5,8541610",25,2019,80.0,1.0,1.0,3.0,2257131,1.0,1,3,1,5.0,,0.0,0,1968.0,A01,138Â 210Â 489,2.0,6.0,-1.0,1722863,2.0,7,,0.0,0.0,5.0,B01,138Â 210Â 488,1.0
1009347,201900050878,4,30,17:35,1,1,9,1.0,2.0,25466,D673,M,"47,1948490","5,8541610",25,2019,80.0,1.0,1.0,3.0,2257131,1.0,1,3,1,5.0,,0.0,0,1968.0,A01,138Â 210Â 489,2.0,6.0,-1.0,1722864,2.0,33,,0.0,2.0,1.0,A01,138Â 210Â 489,1.0
1009348,201900050879,5,13,15:00,1,1,1,1.0,6.0,44139,RD 3,M,"47,4681420"," -1,9231270",44,2019,80.0,3.0,1.0,3.0,2257132,2.0,2,3,1,5.0,,0.0,0,2000.0,A01,138Â 210Â 487,1.0,-1.0,-1.0,1722865,1.0,7,,13.0,0.0,1.0,A01,138Â 210Â 487,1.0
1009348,201900050879,5,13,15:00,1,1,1,1.0,6.0,44139,RD 3,M,"47,4681420"," -1,9231270",44,2019,80.0,3.0,1.0,3.0,2257133,1.0,1,3,1,5.0,,0.0,0,2000.0,A01,138Â 210Â 487,1.0,-1.0,-1.0,1722865,1.0,7,,13.0,0.0,1.0,A01,138Â 210Â 487,1.0
1009349,201900050880,5,5,20:30,2,1,2,1.0,3.0,44152,hessin,M,"47,4669740"," -2,0051920",44,2019,70.0,1.0,1.0,3.0,2257134,1.0,1,4,1,5.0,,0.0,0,1961.0,A01,138Â 210Â 485,1.0,-1.0,-1.0,1722866,2.0,7,,0.0,2.0,3.0,A01,138Â 210Â 485,1.0
1009349,201900050880,5,5,20:30,2,1,2,1.0,3.0,44152,hessin,M,"47,4669740"," -2,0051920",44,2019,70.0,1.0,1.0,3.0,2257134,1.0,1,4,1,5.0,,0.0,0,1961.0,A01,138Â 210Â 485,1.0,-1.0,-1.0,1722867,1.0,33,,0.0,2.0,8.0,B01,138Â 210Â 486,1.0
1009349,201900050880,5,5,20:30,2,1,2,1.0,3.0,44152,hessin,M,"47,4669740"," -2,0051920",44,2019,70.0,1.0,1.0,3.0,2257135,1.0,1,3,1,5.0,,0.0,0,1996.0,B01,138Â 210Â 486,2.0,6.0,9.0,1722866,2.0,7,,0.0,2.0,3.0,A01,138Â 210Â 485,1.0
1009349,201900050880,5,5,20:30,2,1,2,1.0,3.0,44152,hessin,M,"47,4669740"," -2,0051920",44,2019,70.0,1.0,1.0,3.0,2257135,1.0,1,3,1,5.0,,0.0,0,1996.0,B01,138Â 210Â 486,2.0,6.0,9.0,1722867,1.0,33,,0.0,2.0,8.0,B01,138Â 210Â 486,1.0
1009350,201900050881,5,21,16:20,1,2,1,1.0,2.0,44010,Rue Olivier Guichard,M,"47,2784450"," -2,4644340",44,2019,50.0,5.0,1.0,3.0,2257136,1.0,1,1,1,4.0,,0.0,0,1969.0,A01,138Â 210Â 483,1.0,-1.0,-1.0,1722868,1.0,10,,0.0,9.0,5.0,A01,138Â 210Â 483,1.0
1009350,201900050881,5,21,16:20,1,2,1,1.0,2.0,44010,Rue Olivier Guichard,M,"47,2784450"," -2,4644340",44,2019,50.0,5.0,1.0,3.0,2257136,1.0,1,1,1,4.0,,0.0,0,1969.0,A01,138Â 210Â 483,1.0,-1.0,-1.0,1722869,1.0,1,,0.0,2.0,1.0,B01,138Â 210Â 484,5.0
1009350,201900050881,5,21,16:20,1,2,1,1.0,2.0,44010,Rue Olivier Guichard,M,"47,2784450"," -2,4644340",44,2019,50.0,5.0,1.0,3.0,2257137,1.0,1,3,1,5.0,,0.0,0,1947.0,B01,138Â 210Â 484,2.0,-1.0,-1.0,1722868,1.0,10,,0.0,9.0,5.0,A01,138Â 210Â 483,1.0
1009350,201900050881,5,21,16:20,1,2,1,1.0,2.0,44010,Rue Olivier Guichard,M,"47,2784450"," -2,4644340",44,2019,50.0,5.0,1.0,3.0,2257137,1.0,1,3,1,5.0,,0.0,0,1947.0,B01,138Â 210Â 484,2.0,-1.0,-1.0,1722869,1.0,1,,0.0,2.0,1.0,B01,138Â 210Â 484,5.0
1009351,201900050882,5,12,20:25,1,2,2,1.0,3.0,44030,Rue de la BriÃ¨re,M,"47,4465530"," -2,2429330",44,2019,30.0,1.0,1.0,4.0,2257138,1.0,1,2,1,5.0,,0.0,0,2004.0,A01,138Â 210Â 481,2.0,-1.0,-1.0,1722870,3.0,2,,0.0,2.0,1.0,A01,138Â 210Â 481,1.0
1009351,201900050882,5,12,20:25,1,2,2,1.0,3.0,44030,Rue de la BriÃ¨re,M,"47,4465530"," -2,2429330",44,2019,30.0,1.0,1.0,4.0,2257138,1.0,1,2,1,5.0,,0.0,0,2004.0,A01,138Â 210Â 481,2.0,-1.0,-1.0,1722871,3.0,99,,0.0,2.0,2.0,B01,138Â 210Â 482,1.0
1009351,201900050882,5,12,20:25,1,2,2,1.0,3.0,44030,Rue de la BriÃ¨re,M,"47,4465530"," -2,2429330",44,2019,30.0,1.0,1.0,4.0,2257139,2.0,2,1,2,5.0,,0.0,0,1946.0,B01,138Â 210Â 482,1.0,-1.0,-1.0,1722870,3.0,2,,0.0,2.0,1.0,A01,138Â 210Â 481,1.0
1009351,201900050882,5,12,20:25,1,2,2,1.0,3.0,44030,Rue de la BriÃ¨re,M,"47,4465530"," -2,2429330",44,2019,30.0,1.0,1.0,4.0,2257139,2.0,2,1,2,5.0,,0.0,0,1946.0,B01,138Â 210Â 482,1.0,-1.0,-1.0,1722871,3.0,99,,0.0,2.0,2.0,B01,138Â 210Â 482,1.0
1009351,201900050882,5,12,20:25,1,2,2,1.0,3.0,44030,Rue de la BriÃ¨re,M,"47,4465530"," -2,2429330",44,2019,30.0,1.0,1.0,4.0,2257140,1.0,1,1,1,5.0,,0.0,0,1945.0,B01,138Â 210Â 482,1.0,-1.0,-1.0,1722870,3.0,2,,0.0,2.0,1.0,A01,138Â 210Â 481,1.0
1009351,201900050882,5,12,20:25,1,2,2,1.0,3.0,44030,Rue de la BriÃ¨re,M,"47,4465530"," -2,2429330",44,2019,30.0,1.0,1.0,4.0,2257140,1.0,1,1,1,5.0,,0.0,0,1945.0,B01,138Â 210Â 482,1.0,-1.0,-1.0,1722871,3.0,99,,0.0,2.0,2.0,B01,138Â 210Â 482,1.0
1009352,201900050883,5,7,17:00,1,1,2,1.0,3.0,44069,Route de Cogea,M,"47,3445702"," -2,3527449",44,2019,70.0,1.0,1.0,3.0,2257141,1.0,1,3,1,5.0,,0.0,0,2002.0,B01,138Â 210Â 479,2.0,-1.0,-1.0,1722872,3.0,2,,0.0,2.0,1.0,B01,138Â 210Â 479,6.0
1009352,201900050883,5,7,17:00,1,1,2,1.0,3.0,44069,Route de Cogea,M,"47,3445702"," -2,3527449",44,2019,70.0,1.0,1.0,3.0,2257141,1.0,1,3,1,5.0,,0.0,0,2002.0,B01,138Â 210Â 479,2.0,-1.0,-1.0,1722873,2.0,7,,0.0,2.0,2.0,A01,138Â 210Â 480,6.0
1009352,201900050883,5,7,17:00,1,1,2,1.0,3.0,44069,Route de Cogea,M,"47,3445702"," -2,3527449",44,2019,70.0,1.0,1.0,3.0,2257142,1.0,1,1,1,5.0,,0.0,0,1986.0,A01,138Â 210Â 480,1.0,-1.0,-1.0,1722872,3.0,2,,0.0,2.0,1.0,B01,138Â 210Â 479,6.0
1009352,201900050883,5,7,17:00,1,1,2,1.0,3.0,44069,Route de Cogea,M,"47,3445702"," -2,3527449",44,2019,70.0,1.0,1.0,3.0,2257142,1.0,1,1,1,5.0,,0.0,0,1986.0,A01,138Â 210Â 480,1.0,-1.0,-1.0,1722873,2.0,7,,0.0,2.0,2.0,A01,138Â 210Â 480,6.0
1009353,201900050884,5,3,18:05,1,1,1,1.0,6.0,44081,le breuil - rue du puits,M,"46,8899616"," -1,6280142",44,2019,50.0,3.0,1.0,4.0,2257143,1.0,1,2,1,0.0,,0.0,0,1941.0,A01,138Â 210Â 478,0.0,-1.0,-1.0,1722874,1.0,7,,6.0,0.0,1.0,A01,138Â 210Â 478,1.0
1009354,201900050885,5,15,22:25,5,2,1,1.0,7.0,44120,Rue de la Jouardais,M,"47,1971690"," -1,7581750",44,2019,50.0,1.0,1.0,4.0,2257144,1.0,1,1,1,3.0,,0.0,0,1986.0,A01,138Â 210Â 477,2.0,-1.0,-1.0,1722875,0.0,2,,0.0,0.0,0.0,A01,138Â 210Â 477,1.0
1009354,201900050885,5,15,22:25,5,2,1,1.0,7.0,44120,Rue de la Jouardais,M,"47,1971690"," -1,7581750",44,2019,50.0,1.0,1.0,4.0,2257145,2.0,2,3,1,3.0,,0.0,0,1985.0,A01,138Â 210Â 477,2.0,-1.0,-1.0,1722875,0.0,2,,0.0,0.0,0.0,A01,138Â 210Â 477,1.0
1009355,201900050886,5,6,17:40,1,1,2,1.0,5.0,44084,Rue de Saint-BarthÃ©lemy,M,"47,2464540"," -1,3509780",44,2019,80.0,1.0,1.0,3.0,2257146,1.0,1,1,2,1.0,,0.0,0,1982.0,B01,138Â 210Â 474,1.0,-1.0,-1.0,1722876,2.0,7,,0.0,2.0,2.0,B01,138Â 210Â 474,1.0
1009355,201900050886,5,6,17:40,1,1,2,1.0,5.0,44084,Rue de Saint-BarthÃ©lemy,M,"47,2464540"," -1,3509780",44,2019,80.0,1.0,1.0,3.0,2257146,1.0,1,1,2,1.0,,0.0,0,1982.0,B01,138Â 210Â 474,1.0,-1.0,-1.0,1722877,1.0,2,,0.0,2.0,7.0,A01,138Â 210Â 475,1.0
1009355,201900050886,5,6,17:40,1,1,2,1.0,5.0,44084,Rue de Saint-BarthÃ©lemy,M,"47,2464540"," -1,3509780",44,2019,80.0,1.0,1.0,3.0,2257146,1.0,1,1,2,1.0,,0.0,0,1982.0,B01,138Â 210Â 474,1.0,-1.0,-1.0,1722878,3.0,7,,0.0,2.0,2.0,C01,138Â 210Â 476,1.0
1009355,201900050886,5,6,17:40,1,1,2,1.0,5.0,44084,Rue de Saint-BarthÃ©lemy,M,"47,2464540"," -1,3509780",44,2019,80.0,1.0,1.0,3.0,2257147,1.0,1,3,1,1.0,,0.0,0,2000.0,A01,138Â 210Â 475,2.0,-1.0,-1.0,1722876,2.0,7,,0.0,2.0,2.0,B01,138Â 210Â 474,1.0
1009355,201900050886,5,6,17:40,1,1,2,1.0,5.0,44084,Rue de Saint-BarthÃ©lemy,M,"47,2464540"," -1,3509780",44,2019,80.0,1.0,1.0,3.0,2257147,1.0,1,3,1,1.0,,0.0,0,2000.0,A01,138Â 210Â 475,2.0,-1.0,-1.0,1722877,1.0,2,,0.0,2.0,7.0,A01,138Â 210Â 475,1.0