Unnamed: 0_x,num_acc,mois,jour,hrmn,lum,agg,int,atm,col,com,adr,gps,lat,long,dep,annee,vma,situ,surf,catr,Unnamed: 0_y,place,catu,grav,sexe,trajet,secu,locp,actp,an_nais,num_veh_x,id_vehicule_x,secu1,secu2,secu3,Unnamed: 0,senc,catv,occutc,obs,obsm,choc,num_veh_y,id_vehicule_y,motor
1009355,201900050886,5,6,17:40,1,1,2,1.0,5.0,44084,Rue de Saint-BarthÃ©lemy,M,"47,2464540"," -1,3509780",44,2019,80.0,1.0,1.0,3.0,2257147,1.0,1,3,1,1.0,,0.0,0,2000.0,A01,138Â 210Â 475,2.0,-1.0,-1.0,1722878,3.0,7,,0.0,2.0,2.0,C01,138Â 210Â 476,1.0
1009355,201900050886,5,6,17:40,1,1,2,1.0,5.0,44084,Rue de Saint-BarthÃ©lemy,M,"47,2464540"," -1,3509780",44,2019,80.0,1.0,1.0,3.0,2257148,1.0,1,1,1,5.0,,0.0,0,1975.0,C01,138Â 210Â 476,1.0,-1.0,-1.0,1722876,2.0,7,,0.0,2.0,2.0,B01,138Â 210Â 474,1.0
1009355,201900050886,5,6,17:40,1,1,2,1.0,5.0,44084,Rue de Saint-BarthÃ©lemy,M,"47,2464540"," -1,3509780",44,2019,80.0,1.0,1.0,3.0,2257148,1.0,1,1,1,5.0,,0.0,0,1975.0,C01,138Â 210Â 476,1.0,-1.0,-1.0,1722877,1.0,2,,0.0,2.0,7.0,A01,138Â 210Â 475,1.0
1009355,201900050886,5,6,17:40,1,1,2,1.0,5.0,44084,Rue de Saint-BarthÃ©lemy,M,"47,2464540"," -1,3509780",44,2019,80.0,1.0,1.0,3.0,2257148,1.0,1,1,1,5.0,,0.0,0,1975.0,C01,138Â 210Â 476,1.0,-1.0,-1.0,1722878,3.0,7,,0.0,2.0,2.0,C01,138Â 210Â 476,1.0
1009356,201900050887,5,25,10:00,1,2,1,1.0,6.0,44002,Rue du Fief,M,"47,0747600"," -1,4148450",44,2019,-1.0,8.0,1.0,6.0,2257149,1.0,1,3,1,5.0,,0.0,0,1967.0,A01,138Â 210Â 473,2.0,6.0,-1.0,1722879,3.0,33,,9.0,0.0,1.0,A01,138Â 210Â 473,1.0
1009357,201900050888,5,18,17:10,1,2,1,1.0,3.0,44131,Avenue de la Noeveillard,M,"47,1113100"," -2,1120630",44,2019,-1.0,1.0,1.0,9.0,2257150,1.0,1,1,1,5.0,,0.0,0,1960.0,A01,138Â 210Â 471,0.0,-1.0,-1.0,1722880,0.0,80,,0.0,9.0,7.0,A01,138Â 210Â 471,3.0
1009357,201900050888,5,18,17:10,1,2,1,1.0,3.0,44131,Avenue de la Noeveillard,M,"47,1113100"," -2,1120630",44,2019,-1.0,1.0,1.0,9.0,2257150,1.0,1,1,1,5.0,,0.0,0,1960.0,A01,138Â 210Â 471,0.0,-1.0,-1.0,1722881,0.0,80,,0.0,9.0,6.0,B01,138Â 210Â 472,3.0
1009357,201900050888,5,18,17:10,1,2,1,1.0,3.0,44131,Avenue de la Noeveillard,M,"47,1113100"," -2,1120630",44,2019,-1.0,1.0,1.0,9.0,2257151,1.0,1,4,1,5.0,,0.0,0,1969.0,B01,138Â 210Â 472,0.0,-1.0,-1.0,1722880,0.0,80,,0.0,9.0,7.0,A01,138Â 210Â 471,3.0
1009357,201900050888,5,18,17:10,1,2,1,1.0,3.0,44131,Avenue de la Noeveillard,M,"47,1113100"," -2,1120630",44,2019,-1.0,1.0,1.0,9.0,2257151,1.0,1,4,1,5.0,,0.0,0,1969.0,B01,138Â 210Â 472,0.0,-1.0,-1.0,1722881,0.0,80,,0.0,9.0,6.0,B01,138Â 210Â 472,3.0
1009358,201900050889,5,12,10:18,1,2,1,1.0,6.0,44012,rue jean du plessis,M,"47,0804570"," -2,0370890",44,2019,30.0,1.0,1.0,4.0,2257152,10.0,3,4,2,5.0,,3.0,3,1950.0,A01,138Â 210Â 470,0.0,-1.0,-1.0,1722882,0.0,7,,0.0,1.0,2.0,A01,138Â 210Â 470,0.0
1009358,201900050889,5,12,10:18,1,2,1,1.0,6.0,44012,rue jean du plessis,M,"47,0804570"," -2,0370890",44,2019,30.0,1.0,1.0,4.0,2257153,1.0,1,3,2,3.0,,0.0,0,1951.0,A01,138Â 210Â 470,1.0,-1.0,-1.0,1722882,0.0,7,,0.0,1.0,2.0,A01,138Â 210Â 470,0.0
1009359,201900050890,5,20,11:50,1,1,1,1.0,6.0,44023,La Gare,M,"47,4249850"," -1,8528320",44,2019,80.0,3.0,1.0,3.0,2257154,1.0,1,3,2,5.0,,0.0,0,1959.0,A01,138Â 210Â 469,5.0,-1.0,-1.0,1722883,2.0,7,,6.0,0.0,2.0,A01,138Â 210Â 469,1.0
1009360,201900050891,5,1,16:10,1,1,2,1.0,3.0,44199,domaine renÃ©,M,"47,7462550"," -1,3024730",44,2019,80.0,1.0,1.0,4.0,2257155,1.0,1,4,1,5.0,,0.0,0,2000.0,B01,138Â 210Â 467,2.0,6.0,-1.0,1722884,3.0,2,,0.0,2.0,1.0,B01,138Â 210Â 467,1.0
1009360,201900050891,5,1,16:10,1,1,2,1.0,3.0,44199,domaine renÃ©,M,"47,7462550"," -1,3024730",44,2019,80.0,1.0,1.0,4.0,2257155,1.0,1,4,1,5.0,,0.0,0,2000.0,B01,138Â 210Â 467,2.0,6.0,-1.0,1722885,3.0,21,,0.0,2.0,3.0,A01,138Â 210Â 468,1.0
1009360,201900050891,5,1,16:10,1,1,2,1.0,3.0,44199,domaine renÃ©,M,"47,7462550"," -1,3024730",44,2019,80.0,1.0,1.0,4.0,2257156,1.0,1,1,1,4.0,,0.0,0,1966.0,A01,138Â 210Â 468,0.0,-1.0,-1.0,1722884,3.0,2,,0.0,2.0,1.0,B01,138Â 210Â 467,1.0
1009360,201900050891,5,1,16:10,1,1,2,1.0,3.0,44199,domaine renÃ©,M,"47,7462550"," -1,3024730",44,2019,80.0,1.0,1.0,4.0,2257156,1.0,1,1,1,4.0,,0.0,0,1966.0,A01,138Â 210Â 468,0.0,-1.0,-1.0,1722885,3.0,21,,0.0,2.0,3.0,A01,138Â 210Â 468,1.0
1009361,201900050892,5,29,18:30,1,1,1,1.0,3.0,44180,La Cocaudiere Neuve (Maumusson),M,"47,4738834"," -1,0959287",44,2019,80.0,1.0,1.0,3.0,2257157,1.0,1,1,2,4.0,,0.0,0,1991.0,A01,138Â 210Â 465,1.0,-1.0,-1.0,1722886,1.0,7,,0.0,0.0,8.0,A01,138Â 210Â 465,1.0
1009361,201900050892,5,29,18:30,1,1,1,1.0,3.0,44180,La Cocaudiere Neuve (Maumusson),M,"47,4738834"," -1,0959287",44,2019,80.0,1.0,1.0,3.0,2257157,1.0,1,1,2,4.0,,0.0,0,1991.0,A01,138Â 210Â 465,1.0,-1.0,-1.0,1722887,1.0,33,,0.0,2.0,7.0,B01,138Â 210Â 466,1.0
1009361,201900050892,5,29,18:30,1,1,1,1.0,3.0,44180,La Cocaudiere Neuve (Maumusson),M,"47,4738834"," -1,0959287",44,2019,80.0,1.0,1.0,3.0,2257158,1.0,1,4,1,0.0,,0.0,0,1977.0,B01,138Â 210Â 466,2.0,4.0,6.0,1722886,1.0,7,,0.0,0.0,8.0,A01,138Â 210Â 465,1.0
1009361,201900050892,5,29,18:30,1,1,1,1.0,3.0,44180,La Cocaudiere Neuve (Maumusson),M,"47,4738834"," -1,0959287",44,2019,80.0,1.0,1.0,3.0,2257158,1.0,1,4,1,0.0,,0.0,0,1977.0,B01,138Â 210Â 466,2.0,4.0,6.0,1722887,1.0,33,,0.0,2.0,7.0,B01,138Â 210Â 466,1.0
1009362,201900050893,5,29,07:45,1,2,6,1.0,3.0,44003,Avenue Francis Robert,M,"47,3732555"," -1,1790481",44,2019,50.0,1.0,1.0,3.0,2257159,1.0,1,3,2,1.0,,0.0,0,1968.0,B01,138Â 210Â 463,0.0,-1.0,-1.0,1722888,3.0,1,,0.0,2.0,1.0,B01,138Â 210Â 463,5.0
1009362,201900050893,5,29,07:45,1,2,6,1.0,3.0,44003,Avenue Francis Robert,M,"47,3732555"," -1,1790481",44,2019,50.0,1.0,1.0,3.0,2257159,1.0,1,3,2,1.0,,0.0,0,1968.0,B01,138Â 210Â 463,0.0,-1.0,-1.0,1722889,1.0,7,,0.0,9.0,1.0,A01,138Â 210Â 464,1.0
1009362,201900050893,5,29,07:45,1,2,6,1.0,3.0,44003,Avenue Francis Robert,M,"47,3732555"," -1,1790481",44,2019,50.0,1.0,1.0,3.0,2257160,1.0,1,1,1,1.0,,0.0,0,1973.0,A01,138Â 210Â 464,1.0,-1.0,-1.0,1722888,3.0,1,,0.0,2.0,1.0,B01,138Â 210Â 463,5.0
1009362,201900050893,5,29,07:45,1,2,6,1.0,3.0,44003,Avenue Francis Robert,M,"47,3732555"," -1,1790481",44,2019,50.0,1.0,1.0,3.0,2257160,1.0,1,1,1,1.0,,0.0,0,1973.0,A01,138Â 210Â 464,1.0,-1.0,-1.0,1722889,1.0,7,,0.0,9.0,1.0,A01,138Â 210Â 464,1.0
1009363,201900050894,5,9,17:35,1,2,1,1.0,6.0,44180,96 RUE DE L'ESPÃRANCE,M,"47,5751860"," -1,2058720",44,2019,50.0,1.0,1.0,3.0,2257161,1.0,1,3,1,3.0,,0.0,0,2001.0,A01,138Â 210Â 462,2.0,6.0,-1.0,1722890,2.0,2,,15.0,9.0,1.0,A01,138Â 210Â 462,1.0
1009364,201900050895,4,29,18:35,1,2,1,1.0,6.0,35068,Rue du MarÃ©chal Leclerc,M,"48,1086980"," -1,4051590",35,2019,30.0,4.0,1.0,4.0,2257162,1.0,1,3,2,5.0,,0.0,0,2003.0,A01,138Â 210Â 461,2.0,6.0,-1.0,1722891,2.0,2,,6.0,0.0,1.0,A01,138Â 210Â 461,1.0
1009365,201900050896,5,30,17:20,1,2,1,1.0,3.0,35360,59 chemin du pavillion,M,"48,1170840"," -1,2249290",35,2019,50.0,1.0,1.0,4.0,2257163,1.0,1,4,1,4.0,,0.0,0,1971.0,A01,138Â 210Â 459,1.0,-1.0,-1.0,1722892,3.0,7,,13.0,2.0,3.0,A01,138Â 210Â 459,1.0
1009365,201900050896,5,30,17:20,1,2,1,1.0,3.0,35360,59 chemin du pavillion,M,"48,1170840"," -1,2249290",35,2019,50.0,1.0,1.0,4.0,2257163,1.0,1,4,1,4.0,,0.0,0,1971.0,A01,138Â 210Â 459,1.0,-1.0,-1.0,1722893,3.0,2,,13.0,2.0,0.0,B01,138Â 210Â 460,1.0
1009365,201900050896,5,30,17:20,1,2,1,1.0,3.0,35360,59 chemin du pavillion,M,"48,1170840"," -1,2249290",35,2019,50.0,1.0,1.0,4.0,2257164,2.0,2,4,1,4.0,,0.0,0,1996.0,A01,138Â 210Â 459,1.0,-1.0,-1.0,1722892,3.0,7,,13.0,2.0,3.0,A01,138Â 210Â 459,1.0
1009365,201900050896,5,30,17:20,1,2,1,1.0,3.0,35360,59 chemin du pavillion,M,"48,1170840"," -1,2249290",35,2019,50.0,1.0,1.0,4.0,2257164,2.0,2,4,1,4.0,,0.0,0,1996.0,A01,138Â 210Â 459,1.0,-1.0,-1.0,1722893,3.0,2,,13.0,2.0,0.0,B01,138Â 210Â 460,1.0
1009365,201900050896,5,30,17:20,1,2,1,1.0,3.0,35360,59 chemin du pavillion,M,"48,1170840"," -1,2249290",35,2019,50.0,1.0,1.0,4.0,2257165,1.0,1,4,1,0.0,,0.0,0,2001.0,B01,138Â 210Â 460,2.0,6.0,-1.0,1722892,3.0,7,,13.0,2.0,3.0,A01,138Â 210Â 459,1.0
1009365,201900050896,5,30,17:20,1,2,1,1.0,3.0,35360,59 chemin du pavillion,M,"48,1170840"," -1,2249290",35,2019,50.0,1.0,1.0,4.0,2257165,1.0,1,4,1,0.0,,0.0,0,2001.0,B01,138Â 210Â 460,2.0,6.0,-1.0,1722893,3.0,2,,13.0,2.0,0.0,B01,138Â 210Â 460,1.0
1009366,201900050897,5,18,21:20,2,1,2,1.0,3.0,35246,La Halte,M,"48,5342664"," -1,8077762",35,2019,80.0,1.0,1.0,3.0,2257166,1.0,1,4,2,1.0,,0.0,0,1986.0,A01,138Â 210Â 457,1.0,-1.0,-1.0,1722894,1.0,7,,0.0,2.0,1.0,A01,138Â 210Â 457,1.0
1009366,201900050897,5,18,21:20,2,1,2,1.0,3.0,35246,La Halte,M,"48,5342664"," -1,8077762",35,2019,80.0,1.0,1.0,3.0,2257166,1.0,1,4,2,1.0,,0.0,0,1986.0,A01,138Â 210Â 457,1.0,-1.0,-1.0,1722895,1.0,7,,0.0,2.0,6.0,B01,138Â 210Â 458,1.0
1009366,201900050897,5,18,21:20,2,1,2,1.0,3.0,35246,La Halte,M,"48,5342664"," -1,8077762",35,2019,80.0,1.0,1.0,3.0,2257167,2.0,2,4,1,5.0,,0.0,0,1997.0,B01,138Â 210Â 458,1.0,-1.0,-1.0,1722894,1.0,7,,0.0,2.0,1.0,A01,138Â 210Â 457,1.0
1009366,201900050897,5,18,21:20,2,1,2,1.0,3.0,35246,La Halte,M,"48,5342664"," -1,8077762",35,2019,80.0,1.0,1.0,3.0,2257167,2.0,2,4,1,5.0,,0.0,0,1997.0,B01,138Â 210Â 458,1.0,-1.0,-1.0,1722895,1.0,7,,0.0,2.0,6.0,B01,138Â 210Â 458,1.0
1009366,201900050897,5,18,21:20,2,1,2,1.0,3.0,35246,La Halte,M,"48,5342664"," -1,8077762",35,2019,80.0,1.0,1.0,3.0,2257168,1.0,1,1,2,5.0,,0.0,0,1997.0,B01,138Â 210Â 458,1.0,-1.0,-1.0,1722894,1.0,7,,0.0,2.0,1.0,A01,138Â 210Â 457,1.0
1009366,201900050897,5,18,21:20,2,1,2,1.0,3.0,35246,La Halte,M,"48,5342664"," -1,8077762",35,2019,80.0,1.0,1.0,3.0,2257168,1.0,1,1,2,5.0,,0.0,0,1997.0,B01,138Â 210Â 458,1.0,-1.0,-1.0,1722895,1.0,7,,0.0,2.0,6.0,B01,138Â 210Â 458,1.0
1009367,201900050898,5,12,14:55,1,2,1,1.0,3.0,35263,Route de la Touesse d201,M,"48,6797710"," -1,9142010",35,2019,50.0,1.0,1.0,3.0,2257169,1.0,1,1,1,5.0,,0.0,0,1942.0,A01,138Â 210Â 455,1.0,-1.0,-1.0,1722896,1.0,7,,0.0,2.0,3.0,A01,138Â 210Â 455,1.0
1009367,201900050898,5,12,14:55,1,2,1,1.0,3.0,35263,Route de la Touesse d201,M,"48,6797710"," -1,9142010",35,2019,50.0,1.0,1.0,3.0,2257169,1.0,1,1,1,5.0,,0.0,0,1942.0,A01,138Â 210Â 455,1.0,-1.0,-1.0,1722897,1.0,33,,0.0,2.0,7.0,B01,138Â 210Â 456,1.0
1009367,201900050898,5,12,14:55,1,2,1,1.0,3.0,35263,Route de la Touesse d201,M,"48,6797710"," -1,9142010",35,2019,50.0,1.0,1.0,3.0,2257170,1.0,1,3,1,5.0,,0.0,0,1994.0,B01,138Â 210Â 456,2.0,6.0,-1.0,1722896,1.0,7,,0.0,2.0,3.0,A01,138Â 210Â 455,1.0
1009367,201900050898,5,12,14:55,1,2,1,1.0,3.0,35263,Route de la Touesse d201,M,"48,6797710"," -1,9142010",35,2019,50.0,1.0,1.0,3.0,2257170,1.0,1,3,1,5.0,,0.0,0,1994.0,B01,138Â 210Â 456,2.0,6.0,-1.0,1722897,1.0,33,,0.0,2.0,7.0,B01,138Â 210Â 456,1.0
1009368,201900050899,5,14,17:00,1,1,2,1.0,3.0,35243,Les Vilhates,M,"48,3599480"," -1,2711560",35,2019,80.0,1.0,1.0,3.0,2257171,1.0,1,4,1,1.0,,0.0,0,1987.0,A01,138Â 210Â 453,1.0,-1.0,-1.0,1722898,3.0,7,,0.0,2.0,3.0,A01,138Â 210Â 453,1.0
1009368,201900050899,5,14,17:00,1,1,2,1.0,3.0,35243,Les Vilhates,M,"48,3599480"," -1,2711560",35,2019,80.0,1.0,1.0,3.0,2257171,1.0,1,4,1,1.0,,0.0,0,1987.0,A01,138Â 210Â 453,1.0,-1.0,-1.0,1722899,2.0,33,,0.0,2.0,1.0,B01,138Â 210Â 454,1.0
1009368,201900050899,5,14,17:00,1,1,2,1.0,3.0,35243,Les Vilhates,M,"48,3599480"," -1,2711560",35,2019,80.0,1.0,1.0,3.0,2257172,1.0,1,2,1,5.0,,0.0,0,1990.0,B01,138Â 210Â 454,2.0,6.0,-1.0,1722898,3.0,7,,0.0,2.0,3.0,A01,138Â 210Â 453,1.0
1009368,201900050899,5,14,17:00,1,1,2,1.0,3.0,35243,Les Vilhates,M,"48,3599480"," -1,2711560",35,2019,80.0,1.0,1.0,3.0,2257172,1.0,1,2,1,5.0,,0.0,0,1990.0,B01,138Â 210Â 454,2.0,6.0,-1.0,1722899,2.0,33,,0.0,2.0,1.0,B01,138Â 210Â 454,1.0
1009369,201900050900,5,15,18:45,1,1,3,1.0,1.0,35081,La MÃ©tairie,M,"48,1744170"," -1,8463220",35,2019,80.0,1.0,1.0,3.0,2257173,1.0,1,4,1,5.0,,0.0,0,1927.0,A01,138Â 210Â 451,1.0,-1.0,-1.0,1722900,2.0,7,,0.0,2.0,2.0,A01,138Â 210Â 451,1.0
1009369,201900050900,5,15,18:45,1,1,3,1.0,1.0,35081,La MÃ©tairie,M,"48,1744170"," -1,8463220",35,2019,80.0,1.0,1.0,3.0,2257173,1.0,1,4,1,5.0,,0.0,0,1927.0,A01,138Â 210Â 451,1.0,-1.0,-1.0,1722901,1.0,7,,0.0,2.0,1.0,B01,138Â 210Â 452,1.0
1009369,201900050900,5,15,18:45,1,1,3,1.0,1.0,35081,La MÃ©tairie,M,"48,1744170"," -1,8463220",35,2019,80.0,1.0,1.0,3.0,2257174,1.0,1,3,1,1.0,,0.0,0,1964.0,B01,138Â 210Â 452,1.0,-1.0,-1.0,1722900,2.0,7,,0.0,2.0,2.0,A01,138Â 210Â 451,1.0
1009369,201900050900,5,15,18:45,1,1,3,1.0,1.0,35081,La MÃ©tairie,M,"48,1744170"," -1,8463220",35,2019,80.0,1.0,1.0,3.0,2257174,1.0,1,3,1,1.0,,0.0,0,1964.0,B01,138Â 210Â 452,1.0,-1.0,-1.0,1722901,1.0,7,,0.0,2.0,1.0,B01,138Â 210Â 452,1.0
1009370,201900050901,5,23,08:10,1,1,2,7.0,3.0,35117,route dÃ©partementale 166,M,"48,1342048"," -2,2303952",35,2019,80.0,1.0,1.0,3.0,2257175,1.0,1,3,1,1.0,,0.0,0,1998.0,A01,138Â 210Â 449,2.0,6.0,-1.0,1722902,2.0,2,,0.0,2.0,3.0,A01,138Â 210Â 449,1.0
1009370,201900050901,5,23,08:10,1,1,2,7.0,3.0,35117,route dÃ©partementale 166,M,"48,1342048"," -2,2303952",35,2019,80.0,1.0,1.0,3.0,2257175,1.0,1,3,1,1.0,,0.0,0,1998.0,A01,138Â 210Â 449,2.0,6.0,-1.0,1722903,1.0,10,,0.0,2.0,3.0,B01,138Â 210Â 450,1.0
1009370,201900050901,5,23,08:10,1,1,2,7.0,3.0,35117,route dÃ©partementale 166,M,"48,1342048"," -2,2303952",35,2019,80.0,1.0,1.0,3.0,2257176,1.0,1,1,1,1.0,,0.0,0,1991.0,B01,138Â 210Â 450,8.0,-1.0,-1.0,1722902,2.0,2,,0.0,2.0,3.0,A01,138Â 210Â 449,1.0
1009370,201900050901,5,23,08:10,1,1,2,7.0,3.0,35117,route dÃ©partementale 166,M,"48,1342048"," -2,2303952",35,2019,80.0,1.0,1.0,3.0,2257176,1.0,1,1,1,1.0,,0.0,0,1991.0,B01,138Â 210Â 450,8.0,-1.0,-1.0,1722903,1.0,10,,0.0,2.0,3.0,B01,138Â 210Â 450,1.0
1009371,201900050902,5,15,13:30,1,2,1,1.0,3.0,29241,rue des saules 29140,M,"47,9632870"," -3,8346070",29,2019,50.0,1.0,1.0,4.0,2257177,1.0,1,1,2,4.0,,0.0,0,1974.0,A01,138Â 210Â 447,1.0,-1.0,-1.0,1722904,0.0,7,,0.0,2.0,2.0,A01,138Â 210Â 447,1.0
1009371,201900050902,5,15,13:30,1,2,1,1.0,3.0,29241,rue des saules 29140,M,"47,9632870"," -3,8346070",29,2019,50.0,1.0,1.0,4.0,2257177,1.0,1,1,2,4.0,,0.0,0,1974.0,A01,138Â 210Â 447,1.0,-1.0,-1.0,1722905,0.0,2,,1.0,2.0,3.0,B01,138Â 210Â 448,1.0
1009371,201900050902,5,15,13:30,1,2,1,1.0,3.0,29241,rue des saules 29140,M,"47,9632870"," -3,8346070",29,2019,50.0,1.0,1.0,4.0,2257178,1.0,1,3,1,0.0,,0.0,0,2005.0,B01,138Â 210Â 448,2.0,6.0,-1.0,1722904,0.0,7,,0.0,2.0,2.0,A01,138Â 210Â 447,1.0
1009371,201900050902,5,15,13:30,1,2,1,1.0,3.0,29241,rue des saules 29140,M,"47,9632870"," -3,8346070",29,2019,50.0,1.0,1.0,4.0,2257178,1.0,1,3,1,0.0,,0.0,0,2005.0,B01,138Â 210Â 448,2.0,6.0,-1.0,1722905,0.0,2,,1.0,2.0,3.0,B01,138Â 210Â 448,1.0
1009372,201900050903,5,2,08:45,1,1,1,1.0,4.0,29272,RN 165 PK39,M,"47,9540450"," -3,9482105",29,2019,110.0,1.0,1.0,2.0,2257179,1.0,1,1,2,0.0,,0.0,0,1981.0,C01,138Â 210Â 444,8.0,-1.0,-1.0,1722906,1.0,7,,0.0,2.0,4.0,C01,138Â 210Â 444,1.0
1009372,201900050903,5,2,08:45,1,1,1,1.0,4.0,29272,RN 165 PK39,M,"47,9540450"," -3,9482105",29,2019,110.0,1.0,1.0,2.0,2257179,1.0,1,1,2,0.0,,0.0,0,1981.0,C01,138Â 210Â 444,8.0,-1.0,-1.0,1722907,1.0,7,,0.0,2.0,4.0,B01,138Â 210Â 445,1.0
1009372,201900050903,5,2,08:45,1,1,1,1.0,4.0,29272,RN 165 PK39,M,"47,9540450"," -3,9482105",29,2019,110.0,1.0,1.0,2.0,2257179,1.0,1,1,2,0.0,,0.0,0,1981.0,C01,138Â 210Â 444,8.0,-1.0,-1.0,1722908,1.0,7,,0.0,2.0,1.0,A01,138Â 210Â 446,1.0
1009372,201900050903,5,2,08:45,1,1,1,1.0,4.0,29272,RN 165 PK39,M,"47,9540450"," -3,9482105",29,2019,110.0,1.0,1.0,2.0,2257180,1.0,1,1,1,1.0,,0.0,0,1960.0,B01,138Â 210Â 445,8.0,-1.0,-1.0,1722906,1.0,7,,0.0,2.0,4.0,C01,138Â 210Â 444,1.0
1009372,201900050903,5,2,08:45,1,1,1,1.0,4.0,29272,RN 165 PK39,M,"47,9540450"," -3,9482105",29,2019,110.0,1.0,1.0,2.0,2257180,1.0,1,1,1,1.0,,0.0,0,1960.0,B01,138Â 210Â 445,8.0,-1.0,-1.0,1722907,1.0,7,,0.0,2.0,4.0,B01,138Â 210Â 445,1.0
1009372,201900050903,5,2,08:45,1,1,1,1.0,4.0,29272,RN 165 PK39,M,"47,9540450"," -3,9482105",29,2019,110.0,1.0,1.0,2.0,2257180,1.0,1,1,1,1.0,,0.0,0,1960.0,B01,138Â 210Â 445,8.0,-1.0,-1.0,1722908,1.0,7,,0.0,2.0,1.0,A01,138Â 210Â 446,1.0
1009372,201900050903,5,2,08:45,1,1,1,1.0,4.0,29272,RN 165 PK39,M,"47,9540450"," -3,9482105",29,2019,110.0,1.0,1.0,2.0,2257181,1.0,1,4,1,0.0,,0.0,0,1979.0,A01,138Â 210Â 446,8.0,-1.0,-1.0,1722906,1.0,7,,0.0,2.0,4.0,C01,138Â 210Â 444,1.0
1009372,201900050903,5,2,08:45,1,1,1,1.0,4.0,29272,RN 165 PK39,M,"47,9540450"," -3,9482105",29,2019,110.0,1.0,1.0,2.0,2257181,1.0,1,4,1,0.0,,0.0,0,1979.0,A01,138Â 210Â 446,8.0,-1.0,-1.0,1722907,1.0,7,,0.0,2.0,4.0,B01,138Â 210Â 445,1.0
1009372,201900050903,5,2,08:45,1,1,1,1.0,4.0,29272,RN 165 PK39,M,"47,9540450"," -3,9482105",29,2019,110.0,1.0,1.0,2.0,2257181,1.0,1,4,1,0.0,,0.0,0,1979.0,A01,138Â 210Â 446,8.0,-1.0,-1.0,1722908,1.0,7,,0.0,2.0,1.0,A01,138Â 210Â 446,1.0
1009373,201900050904,5,1,06:30,2,1,1,1.0,2.0,29272,Entre PK 40+600 et PK 40+700,M,"47,9637550"," -3,9680910",29,2019,110.0,2.0,1.0,2.0,2257182,1.0,1,4,1,9.0,,0.0,0,1976.0,A01,138Â 210Â 442,0.0,-1.0,-1.0,1722909,1.0,7,,0.0,0.0,4.0,A01,138Â 210Â 442,1.0
1009373,201900050904,5,1,06:30,2,1,1,1.0,2.0,29272,Entre PK 40+600 et PK 40+700,M,"47,9637550"," -3,9680910",29,2019,110.0,2.0,1.0,2.0,2257182,1.0,1,4,1,9.0,,0.0,0,1976.0,A01,138Â 210Â 442,0.0,-1.0,-1.0,1722910,1.0,7,,1.0,0.0,1.0,B01,138Â 210Â 443,1.0
1009373,201900050904,5,1,06:30,2,1,1,1.0,2.0,29272,Entre PK 40+600 et PK 40+700,M,"47,9637550"," -3,9680910",29,2019,110.0,2.0,1.0,2.0,2257183,1.0,1,1,1,0.0,,0.0,0,1990.0,B01,138Â 210Â 443,1.0,-1.0,-1.0,1722909,1.0,7,,0.0,0.0,4.0,A01,138Â 210Â 442,1.0
1009373,201900050904,5,1,06:30,2,1,1,1.0,2.0,29272,Entre PK 40+600 et PK 40+700,M,"47,9637550"," -3,9680910",29,2019,110.0,2.0,1.0,2.0,2257183,1.0,1,1,1,0.0,,0.0,0,1990.0,B01,138Â 210Â 443,1.0,-1.0,-1.0,1722910,1.0,7,,1.0,0.0,1.0,B01,138Â 210Â 443,1.0
1009374,201900050905,5,4,18:00,1,2,1,1.0,1.0,29004,Route de Pont Aven,M,"47,9234580"," -3,7089540",29,2019,50.0,1.0,1.0,3.0,2257184,1.0,1,1,1,5.0,,0.0,0,1984.0,A01,138Â 210Â 440,1.0,-1.0,-1.0,1722911,1.0,7,,6.0,2.0,1.0,A01,138Â 210Â 440,0.0
1009374,201900050905,5,4,18:00,1,2,1,1.0,1.0,29004,Route de Pont Aven,M,"47,9234580"," -3,7089540",29,2019,50.0,1.0,1.0,3.0,2257184,1.0,1,1,1,5.0,,0.0,0,1984.0,A01,138Â 210Â 440,1.0,-1.0,-1.0,1722912,2.0,7,,15.0,2.0,6.0,B01,138Â 210Â 441,0.0
1009374,201900050905,5,4,18:00,1,2,1,1.0,1.0,29004,Route de Pont Aven,M,"47,9234580"," -3,7089540",29,2019,50.0,1.0,1.0,3.0,2257185,3.0,2,1,2,3.0,,0.0,0,2018.0,B01,138Â 210Â 441,3.0,-1.0,-1.0,1722911,1.0,7,,6.0,2.0,1.0,A01,138Â 210Â 440,0.0
1009374,201900050905,5,4,18:00,1,2,1,1.0,1.0,29004,Route de Pont Aven,M,"47,9234580"," -3,7089540",29,2019,50.0,1.0,1.0,3.0,2257185,3.0,2,1,2,3.0,,0.0,0,2018.0,B01,138Â 210Â 441,3.0,-1.0,-1.0,1722912,2.0,7,,15.0,2.0,6.0,B01,138Â 210Â 441,0.0
1009374,201900050905,5,4,18:00,1,2,1,1.0,1.0,29004,Route de Pont Aven,M,"47,9234580"," -3,7089540",29,2019,50.0,1.0,1.0,3.0,2257186,2.0,2,1,2,3.0,,0.0,0,2006.0,B01,138Â 210Â 441,1.0,-1.0,-1.0,1722911,1.0,7,,6.0,2.0,1.0,A01,138Â 210Â 440,0.0