Unnamed: 0_x,num_acc,mois,jour,hrmn,lum,agg,int,atm,col,com,adr,gps,lat,long,dep,annee,vma,situ,surf,catr,Unnamed: 0_y,place,catu,grav,sexe,trajet,secu,locp,actp,an_nais,num_veh_x,id_vehicule_x,secu1,secu2,secu3,Unnamed: 0,senc,catv,occutc,obs,obsm,choc,num_veh_y,id_vehicule_y,motor
1009374,201900050905,5,4,18:00,1,2,1,1.0,1.0,29004,Route de Pont Aven,M,"47,9234580"," -3,7089540",29,2019,50.0,1.0,1.0,3.0,2257186,2.0,2,1,2,3.0,,0.0,0,2006.0,B01,138Â 210Â 441,1.0,-1.0,-1.0,1722912,2.0,7,,15.0,2.0,6.0,B01,138Â 210Â 441,0.0
1009374,201900050905,5,4,18:00,1,2,1,1.0,1.0,29004,Route de Pont Aven,M,"47,9234580"," -3,7089540",29,2019,50.0,1.0,1.0,3.0,2257187,1.0,1,4,2,3.0,,0.0,0,1983.0,B01,138Â 210Â 441,1.0,-1.0,-1.0,1722911,1.0,7,,6.0,2.0,1.0,A01,138Â 210Â 440,0.0
1009374,201900050905,5,4,18:00,1,2,1,1.0,1.0,29004,Route de Pont Aven,M,"47,9234580"," -3,7089540",29,2019,50.0,1.0,1.0,3.0,2257187,1.0,1,4,2,3.0,,0.0,0,1983.0,B01,138Â 210Â 441,1.0,-1.0,-1.0,1722912,2.0,7,,15.0,2.0,6.0,B01,138Â 210Â 441,0.0
1009374,201900050905,5,4,18:00,1,2,1,1.0,1.0,29004,Route de Pont Aven,M,"47,9234580"," -3,7089540",29,2019,50.0,1.0,1.0,3.0,2257188,4.0,2,1,2,5.0,,0.0,0,2003.0,B01,138Â 210Â 441,1.0,-1.0,-1.0,1722911,1.0,7,,6.0,2.0,1.0,A01,138Â 210Â 440,0.0
1009374,201900050905,5,4,18:00,1,2,1,1.0,1.0,29004,Route de Pont Aven,M,"47,9234580"," -3,7089540",29,2019,50.0,1.0,1.0,3.0,2257188,4.0,2,1,2,5.0,,0.0,0,2003.0,B01,138Â 210Â 441,1.0,-1.0,-1.0,1722912,2.0,7,,15.0,2.0,6.0,B01,138Â 210Â 441,0.0
1009374,201900050905,5,4,18:00,1,2,1,1.0,1.0,29004,Route de Pont Aven,M,"47,9234580"," -3,7089540",29,2019,50.0,1.0,1.0,3.0,2257189,5.0,2,1,2,3.0,,0.0,0,2002.0,B01,138Â 210Â 441,1.0,-1.0,-1.0,1722911,1.0,7,,6.0,2.0,1.0,A01,138Â 210Â 440,0.0
1009374,201900050905,5,4,18:00,1,2,1,1.0,1.0,29004,Route de Pont Aven,M,"47,9234580"," -3,7089540",29,2019,50.0,1.0,1.0,3.0,2257189,5.0,2,1,2,3.0,,0.0,0,2002.0,B01,138Â 210Â 441,1.0,-1.0,-1.0,1722912,2.0,7,,15.0,2.0,6.0,B01,138Â 210Â 441,0.0
1009375,201900050906,5,13,01:40,3,1,1,1.0,7.0,29236,Kernezet,M,"47,8868132"," -3,7166811",29,2019,110.0,1.0,1.0,2.0,2257190,1.0,1,1,1,5.0,,0.0,0,1999.0,A01,138Â 210Â 439,1.0,-1.0,-1.0,1722913,1.0,7,,3.0,0.0,0.0,A01,138Â 210Â 439,1.0
1009375,201900050906,5,13,01:40,3,1,1,1.0,7.0,29236,Kernezet,M,"47,8868132"," -3,7166811",29,2019,110.0,1.0,1.0,2.0,2257191,5.0,2,3,2,5.0,,0.0,0,1998.0,A01,138Â 210Â 439,1.0,-1.0,-1.0,1722913,1.0,7,,3.0,0.0,0.0,A01,138Â 210Â 439,1.0
1009375,201900050906,5,13,01:40,3,1,1,1.0,7.0,29236,Kernezet,M,"47,8868132"," -3,7166811",29,2019,110.0,1.0,1.0,2.0,2257192,3.0,2,1,1,5.0,,0.0,0,1999.0,A01,138Â 210Â 439,1.0,-1.0,-1.0,1722913,1.0,7,,3.0,0.0,0.0,A01,138Â 210Â 439,1.0
1009375,201900050906,5,13,01:40,3,1,1,1.0,7.0,29236,Kernezet,M,"47,8868132"," -3,7166811",29,2019,110.0,1.0,1.0,2.0,2257193,4.0,2,4,1,5.0,,0.0,0,1997.0,A01,138Â 210Â 439,1.0,-1.0,-1.0,1722913,1.0,7,,3.0,0.0,0.0,A01,138Â 210Â 439,1.0
1009375,201900050906,5,13,01:40,3,1,1,1.0,7.0,29236,Kernezet,M,"47,8868132"," -3,7166811",29,2019,110.0,1.0,1.0,2.0,2257194,2.0,2,3,2,5.0,,0.0,0,1998.0,A01,138Â 210Â 439,1.0,-1.0,-1.0,1722913,1.0,7,,3.0,0.0,0.0,A01,138Â 210Â 439,1.0
1009376,201900050907,5,24,11:45,1,1,1,1.0,3.0,29259,BarriÃ¨re de la Croix,M,"48,7032762"," -3,9879065",29,2019,70.0,1.0,1.0,3.0,2257195,1.0,1,3,2,0.0,,0.0,0,1964.0,A01,138Â 210Â 437,2.0,6.0,-1.0,1722914,2.0,2,,0.0,2.0,8.0,A01,138Â 210Â 437,1.0
1009376,201900050907,5,24,11:45,1,1,1,1.0,3.0,29259,BarriÃ¨re de la Croix,M,"48,7032762"," -3,9879065",29,2019,70.0,1.0,1.0,3.0,2257195,1.0,1,3,2,0.0,,0.0,0,1964.0,A01,138Â 210Â 437,2.0,6.0,-1.0,1722915,2.0,7,,0.0,2.0,2.0,B01,138Â 210Â 438,1.0
1009376,201900050907,5,24,11:45,1,1,1,1.0,3.0,29259,BarriÃ¨re de la Croix,M,"48,7032762"," -3,9879065",29,2019,70.0,1.0,1.0,3.0,2257196,1.0,1,1,2,0.0,,0.0,0,1941.0,B01,138Â 210Â 438,1.0,-1.0,-1.0,1722914,2.0,2,,0.0,2.0,8.0,A01,138Â 210Â 437,1.0
1009376,201900050907,5,24,11:45,1,1,1,1.0,3.0,29259,BarriÃ¨re de la Croix,M,"48,7032762"," -3,9879065",29,2019,70.0,1.0,1.0,3.0,2257196,1.0,1,1,2,0.0,,0.0,0,1941.0,B01,138Â 210Â 438,1.0,-1.0,-1.0,1722915,2.0,7,,0.0,2.0,2.0,B01,138Â 210Â 438,1.0
1009377,201900050908,5,14,16:45,1,2,1,1.0,6.0,29259,avenue de la gare,M,"48,6783749"," -3,9884139",29,2019,50.0,1.0,1.0,4.0,2257197,1.0,1,1,2,4.0,,0.0,0,1958.0,A01,138Â 210Â 436,8.0,-1.0,-1.0,1722916,1.0,7,,0.0,1.0,3.0,A01,138Â 210Â 436,1.0
1009377,201900050908,5,14,16:45,1,2,1,1.0,6.0,29259,avenue de la gare,M,"48,6783749"," -3,9884139",29,2019,50.0,1.0,1.0,4.0,2257198,10.0,3,4,2,2.0,,3.0,3,2006.0,A01,138Â 210Â 436,0.0,-1.0,-1.0,1722916,1.0,7,,0.0,1.0,3.0,A01,138Â 210Â 436,1.0
1009377,201900050908,5,14,16:45,1,2,1,1.0,6.0,29259,avenue de la gare,M,"48,6783749"," -3,9884139",29,2019,50.0,1.0,1.0,4.0,2257199,10.0,3,1,2,2.0,,3.0,3,2006.0,A01,138Â 210Â 436,0.0,-1.0,-1.0,1722916,1.0,7,,0.0,1.0,3.0,A01,138Â 210Â 436,1.0
1009378,201900050909,5,25,12:35,1,2,1,1.0,7.0,29105,Avenue MarÃ©chal Foch,M,"48,5143011"," -4,0576735",29,2019,50.0,1.0,1.0,4.0,2257200,4.0,2,3,1,9.0,,0.0,0,2016.0,A01,138Â 210Â 435,3.0,-1.0,-1.0,1722917,2.0,7,,9.0,0.0,1.0,A01,138Â 210Â 435,1.0
1009378,201900050909,5,25,12:35,1,2,1,1.0,7.0,29105,Avenue MarÃ©chal Foch,M,"48,5143011"," -4,0576735",29,2019,50.0,1.0,1.0,4.0,2257201,1.0,1,4,1,9.0,,0.0,0,1981.0,A01,138Â 210Â 435,1.0,-1.0,-1.0,1722917,2.0,7,,9.0,0.0,1.0,A01,138Â 210Â 435,1.0
1009379,201900050910,5,27,19:55,1,1,1,1.0,7.0,29106,ty pin,M,"48,0893140"," -4,0758561",29,2019,80.0,3.0,1.0,3.0,2257202,1.0,1,3,1,5.0,,0.0,0,1964.0,A01,138Â 210Â 434,2.0,6.0,-1.0,1722918,2.0,33,,5.0,0.0,1.0,A01,138Â 210Â 434,1.0
1009380,201900050911,5,14,13:35,1,1,1,1.0,7.0,29261,Penn Ar Guer,M,"48,3437088"," -4,0146260",29,2019,80.0,1.0,1.0,3.0,2257203,1.0,1,3,1,5.0,,0.0,0,1984.0,A01,138Â 210Â 433,2.0,-1.0,-1.0,1722919,2.0,33,,8.0,0.0,1.0,A01,138Â 210Â 433,1.0
1009381,201900050912,5,18,04:30,4,2,1,1.0,7.0,29302,81 Rue de Quimper,M,"48,2488910"," -4,0850550",29,2019,50.0,1.0,1.0,3.0,2257204,1.0,1,3,1,5.0,,0.0,0,1982.0,A01,138Â 210Â 432,1.0,-1.0,-1.0,1722920,1.0,7,,14.0,0.0,1.0,A01,138Â 210Â 432,1.0
1009381,201900050912,5,18,04:30,4,2,1,1.0,7.0,29302,81 Rue de Quimper,M,"48,2488910"," -4,0850550",29,2019,50.0,1.0,1.0,3.0,2257205,2.0,2,3,2,5.0,,0.0,0,1992.0,A01,138Â 210Â 432,1.0,-1.0,-1.0,1722920,1.0,7,,14.0,0.0,1.0,A01,138Â 210Â 432,1.0
1009382,201900050913,5,3,23:15,3,1,1,1.0,2.0,29177,Kerarc'Hreac'H Braz,M,"48,4360700"," -4,6602320",29,2019,80.0,1.0,1.0,3.0,2257206,1.0,1,4,1,5.0,,0.0,0,1972.0,A01,138Â 210Â 430,1.0,-1.0,-1.0,1722921,2.0,7,,0.0,2.0,5.0,A01,138Â 210Â 430,6.0
1009382,201900050913,5,3,23:15,3,1,1,1.0,2.0,29177,Kerarc'Hreac'H Braz,M,"48,4360700"," -4,6602320",29,2019,80.0,1.0,1.0,3.0,2257206,1.0,1,4,1,5.0,,0.0,0,1972.0,A01,138Â 210Â 430,1.0,-1.0,-1.0,1722922,2.0,7,,0.0,2.0,1.0,B01,138Â 210Â 431,6.0
1009382,201900050913,5,3,23:15,3,1,1,1.0,2.0,29177,Kerarc'Hreac'H Braz,M,"48,4360700"," -4,6602320",29,2019,80.0,1.0,1.0,3.0,2257207,1.0,1,4,1,5.0,,0.0,0,1972.0,B01,138Â 210Â 431,1.0,-1.0,-1.0,1722921,2.0,7,,0.0,2.0,5.0,A01,138Â 210Â 430,6.0
1009382,201900050913,5,3,23:15,3,1,1,1.0,2.0,29177,Kerarc'Hreac'H Braz,M,"48,4360700"," -4,6602320",29,2019,80.0,1.0,1.0,3.0,2257207,1.0,1,4,1,5.0,,0.0,0,1972.0,B01,138Â 210Â 431,1.0,-1.0,-1.0,1722922,2.0,7,,0.0,2.0,1.0,B01,138Â 210Â 431,6.0
1009383,201900050914,5,27,13:25,1,2,6,1.0,2.0,29212,Rond point FranÃ§ois ARZEL,M,"48,3819780"," -4,6094470",29,2019,50.0,1.0,1.0,4.0,2257208,1.0,1,1,2,2.0,,0.0,0,1952.0,A01,138Â 210Â 428,1.0,-1.0,-1.0,1722923,2.0,7,,0.0,9.0,2.0,A01,138Â 210Â 428,1.0
1009383,201900050914,5,27,13:25,1,2,6,1.0,2.0,29212,Rond point FranÃ§ois ARZEL,M,"48,3819780"," -4,6094470",29,2019,50.0,1.0,1.0,4.0,2257208,1.0,1,1,2,2.0,,0.0,0,1952.0,A01,138Â 210Â 428,1.0,-1.0,-1.0,1722924,2.0,1,,0.0,0.0,4.0,B01,138Â 210Â 429,5.0
1009383,201900050914,5,27,13:25,1,2,6,1.0,2.0,29212,Rond point FranÃ§ois ARZEL,M,"48,3819780"," -4,6094470",29,2019,50.0,1.0,1.0,4.0,2257209,1.0,1,3,1,1.0,,0.0,0,1988.0,B01,138Â 210Â 429,2.0,-1.0,-1.0,1722923,2.0,7,,0.0,9.0,2.0,A01,138Â 210Â 428,1.0
1009383,201900050914,5,27,13:25,1,2,6,1.0,2.0,29212,Rond point FranÃ§ois ARZEL,M,"48,3819780"," -4,6094470",29,2019,50.0,1.0,1.0,4.0,2257209,1.0,1,3,1,1.0,,0.0,0,1988.0,B01,138Â 210Â 429,2.0,-1.0,-1.0,1722924,2.0,1,,0.0,0.0,4.0,B01,138Â 210Â 429,5.0
1009384,201900050915,5,20,17:45,1,2,2,1.0,3.0,29212,Avenue du Technopole,M,"48,3606470"," -4,5688220",29,2019,50.0,1.0,1.0,4.0,2257210,1.0,1,3,1,5.0,,0.0,0,1999.0,B01,138Â 210Â 426,0.0,-1.0,-1.0,1722925,3.0,33,,0.0,2.0,1.0,B01,138Â 210Â 426,1.0
1009384,201900050915,5,20,17:45,1,2,2,1.0,3.0,29212,Avenue du Technopole,M,"48,3606470"," -4,5688220",29,2019,50.0,1.0,1.0,4.0,2257210,1.0,1,3,1,5.0,,0.0,0,1999.0,B01,138Â 210Â 426,0.0,-1.0,-1.0,1722926,3.0,7,,0.0,2.0,5.0,A01,138Â 210Â 427,1.0
1009384,201900050915,5,20,17:45,1,2,2,1.0,3.0,29212,Avenue du Technopole,M,"48,3606470"," -4,5688220",29,2019,50.0,1.0,1.0,4.0,2257211,2.0,2,1,1,1.0,,0.0,0,1975.0,A01,138Â 210Â 427,1.0,-1.0,-1.0,1722925,3.0,33,,0.0,2.0,1.0,B01,138Â 210Â 426,1.0
1009384,201900050915,5,20,17:45,1,2,2,1.0,3.0,29212,Avenue du Technopole,M,"48,3606470"," -4,5688220",29,2019,50.0,1.0,1.0,4.0,2257211,2.0,2,1,1,1.0,,0.0,0,1975.0,A01,138Â 210Â 427,1.0,-1.0,-1.0,1722926,3.0,7,,0.0,2.0,5.0,A01,138Â 210Â 427,1.0
1009384,201900050915,5,20,17:45,1,2,2,1.0,3.0,29212,Avenue du Technopole,M,"48,3606470"," -4,5688220",29,2019,50.0,1.0,1.0,4.0,2257212,1.0,1,1,1,1.0,,0.0,0,1971.0,A01,138Â 210Â 427,1.0,-1.0,-1.0,1722925,3.0,33,,0.0,2.0,1.0,B01,138Â 210Â 426,1.0
1009384,201900050915,5,20,17:45,1,2,2,1.0,3.0,29212,Avenue du Technopole,M,"48,3606470"," -4,5688220",29,2019,50.0,1.0,1.0,4.0,2257212,1.0,1,1,1,1.0,,0.0,0,1971.0,A01,138Â 210Â 427,1.0,-1.0,-1.0,1722926,3.0,7,,0.0,2.0,5.0,A01,138Â 210Â 427,1.0
1009385,201900050916,5,15,11:00,1,1,6,1.0,2.0,29069,route dÃ©partementale 105,M,"48,4188620"," -4,5597450",29,2019,80.0,1.0,1.0,3.0,2257213,3.0,2,1,2,5.0,,0.0,0,2019.0,A01,138Â 210Â 424,1.0,9.0,-1.0,1722927,2.0,7,,0.0,0.0,3.0,A01,138Â 210Â 424,1.0
1009385,201900050916,5,15,11:00,1,1,6,1.0,2.0,29069,route dÃ©partementale 105,M,"48,4188620"," -4,5597450",29,2019,80.0,1.0,1.0,3.0,2257213,3.0,2,1,2,5.0,,0.0,0,2019.0,A01,138Â 210Â 424,1.0,9.0,-1.0,1722928,2.0,1,,0.0,2.0,4.0,B01,138Â 210Â 425,5.0
1009385,201900050916,5,15,11:00,1,1,6,1.0,2.0,29069,route dÃ©partementale 105,M,"48,4188620"," -4,5597450",29,2019,80.0,1.0,1.0,3.0,2257214,1.0,1,1,2,5.0,,0.0,0,1990.0,A01,138Â 210Â 424,1.0,-1.0,-1.0,1722927,2.0,7,,0.0,0.0,3.0,A01,138Â 210Â 424,1.0
1009385,201900050916,5,15,11:00,1,1,6,1.0,2.0,29069,route dÃ©partementale 105,M,"48,4188620"," -4,5597450",29,2019,80.0,1.0,1.0,3.0,2257214,1.0,1,1,2,5.0,,0.0,0,1990.0,A01,138Â 210Â 424,1.0,-1.0,-1.0,1722928,2.0,1,,0.0,2.0,4.0,B01,138Â 210Â 425,5.0
1009385,201900050916,5,15,11:00,1,1,6,1.0,2.0,29069,route dÃ©partementale 105,M,"48,4188620"," -4,5597450",29,2019,80.0,1.0,1.0,3.0,2257215,1.0,1,4,1,5.0,,0.0,0,1959.0,B01,138Â 210Â 425,2.0,-1.0,-1.0,1722927,2.0,7,,0.0,0.0,3.0,A01,138Â 210Â 424,1.0
1009385,201900050916,5,15,11:00,1,1,6,1.0,2.0,29069,route dÃ©partementale 105,M,"48,4188620"," -4,5597450",29,2019,80.0,1.0,1.0,3.0,2257215,1.0,1,4,1,5.0,,0.0,0,1959.0,B01,138Â 210Â 425,2.0,-1.0,-1.0,1722928,2.0,1,,0.0,2.0,4.0,B01,138Â 210Â 425,5.0
1009386,201900050917,5,29,19:15,1,2,1,8.0,1.0,29195,KerfÃ©rÃ©,M,"48,6050644"," -4,5159407",29,2019,50.0,1.0,1.0,3.0,2257216,1.0,1,1,2,5.0,,0.0,0,1989.0,B01,138Â 210Â 422,1.0,-1.0,-1.0,1722929,2.0,7,,0.0,2.0,3.0,B01,138Â 210Â 422,1.0
1009386,201900050917,5,29,19:15,1,2,1,8.0,1.0,29195,KerfÃ©rÃ©,M,"48,6050644"," -4,5159407",29,2019,50.0,1.0,1.0,3.0,2257216,1.0,1,1,2,5.0,,0.0,0,1989.0,B01,138Â 210Â 422,1.0,-1.0,-1.0,1722930,1.0,2,,0.0,2.0,1.0,A01,138Â 210Â 423,1.0
1009386,201900050917,5,29,19:15,1,2,1,8.0,1.0,29195,KerfÃ©rÃ©,M,"48,6050644"," -4,5159407",29,2019,50.0,1.0,1.0,3.0,2257217,1.0,1,3,1,5.0,,0.0,0,2004.0,A01,138Â 210Â 423,2.0,6.0,-1.0,1722929,2.0,7,,0.0,2.0,3.0,B01,138Â 210Â 422,1.0
1009386,201900050917,5,29,19:15,1,2,1,8.0,1.0,29195,KerfÃ©rÃ©,M,"48,6050644"," -4,5159407",29,2019,50.0,1.0,1.0,3.0,2257217,1.0,1,3,1,5.0,,0.0,0,2004.0,A01,138Â 210Â 423,2.0,6.0,-1.0,1722930,1.0,2,,0.0,2.0,1.0,A01,138Â 210Â 423,1.0
1009387,201900050918,5,22,12:50,1,2,1,1.0,6.0,29075,boulevard de coataudon,M,"48,4139020"," -4,4443030",29,2019,50.0,1.0,1.0,3.0,2257218,1.0,1,1,2,1.0,,0.0,0,1968.0,A01,138Â 210Â 421,1.0,-1.0,-1.0,1722931,1.0,7,,0.0,1.0,3.0,A01,138Â 210Â 421,0.0
1009387,201900050918,5,22,12:50,1,2,1,1.0,6.0,29075,boulevard de coataudon,M,"48,4139020"," -4,4443030",29,2019,50.0,1.0,1.0,3.0,2257219,10.0,3,3,1,1.0,,2.0,3,1999.0,A01,138Â 210Â 421,0.0,-1.0,-1.0,1722931,1.0,7,,0.0,1.0,3.0,A01,138Â 210Â 421,0.0
1009388,201900050919,5,17,18:25,1,2,6,1.0,3.0,29075,rue de Normandie guipavas,M,"48,4396421"," -4,3927269",29,2019,50.0,1.0,1.0,4.0,2257220,1.0,1,1,2,0.0,,0.0,0,1998.0,A01,138Â 210Â 419,1.0,-1.0,-1.0,1722932,3.0,7,,0.0,2.0,3.0,A01,138Â 210Â 419,1.0
1009388,201900050919,5,17,18:25,1,2,6,1.0,3.0,29075,rue de Normandie guipavas,M,"48,4396421"," -4,3927269",29,2019,50.0,1.0,1.0,4.0,2257220,1.0,1,1,2,0.0,,0.0,0,1998.0,A01,138Â 210Â 419,1.0,-1.0,-1.0,1722933,3.0,2,,0.0,2.0,1.0,B01,138Â 210Â 420,1.0
1009388,201900050919,5,17,18:25,1,2,6,1.0,3.0,29075,rue de Normandie guipavas,M,"48,4396421"," -4,3927269",29,2019,50.0,1.0,1.0,4.0,2257221,1.0,1,4,1,3.0,,0.0,0,2004.0,B01,138Â 210Â 420,2.0,-1.0,-1.0,1722932,3.0,7,,0.0,2.0,3.0,A01,138Â 210Â 419,1.0
1009388,201900050919,5,17,18:25,1,2,6,1.0,3.0,29075,rue de Normandie guipavas,M,"48,4396421"," -4,3927269",29,2019,50.0,1.0,1.0,4.0,2257221,1.0,1,4,1,3.0,,0.0,0,2004.0,B01,138Â 210Â 420,2.0,-1.0,-1.0,1722933,3.0,2,,0.0,2.0,1.0,B01,138Â 210Â 420,1.0
1009389,201900050920,5,3,10:31,1,2,1,1.0,6.0,29235,Boulevard Charles de Gaulle,M,"48,4006800"," -4,4063430",29,2019,50.0,1.0,1.0,4.0,2257222,1.0,1,1,1,4.0,,0.0,0,1986.0,A01,138Â 210Â 418,1.0,-1.0,-1.0,1722934,3.0,15,,0.0,1.0,5.0,A01,138Â 210Â 418,1.0
1009389,201900050920,5,3,10:31,1,2,1,1.0,6.0,29235,Boulevard Charles de Gaulle,M,"48,4006800"," -4,4063430",29,2019,50.0,1.0,1.0,4.0,2257223,10.0,3,3,1,9.0,,1.0,9,1970.0,A01,138Â 210Â 418,4.0,-1.0,-1.0,1722934,3.0,15,,0.0,1.0,5.0,A01,138Â 210Â 418,1.0
1009390,201900050921,4,29,00:55,5,2,1,1.0,6.0,29075,68 rue de Paris,M,"48,4354777"," -4,3967281",29,2019,50.0,4.0,1.0,4.0,2257224,5.0,2,4,1,5.0,,0.0,0,1999.0,A01,138Â 210Â 417,0.0,-1.0,-1.0,1722935,1.0,3,,2.0,0.0,2.0,A01,138Â 210Â 417,1.0
1009390,201900050921,4,29,00:55,5,2,1,1.0,6.0,29075,68 rue de Paris,M,"48,4354777"," -4,3967281",29,2019,50.0,4.0,1.0,4.0,2257225,5.0,2,4,1,5.0,,0.0,0,1997.0,A01,138Â 210Â 417,0.0,-1.0,-1.0,1722935,1.0,3,,2.0,0.0,2.0,A01,138Â 210Â 417,1.0
1009390,201900050921,4,29,00:55,5,2,1,1.0,6.0,29075,68 rue de Paris,M,"48,4354777"," -4,3967281",29,2019,50.0,4.0,1.0,4.0,2257226,5.0,2,4,1,5.0,,0.0,0,1996.0,A01,138Â 210Â 417,0.0,-1.0,-1.0,1722935,1.0,3,,2.0,0.0,2.0,A01,138Â 210Â 417,1.0
1009390,201900050921,4,29,00:55,5,2,1,1.0,6.0,29075,68 rue de Paris,M,"48,4354777"," -4,3967281",29,2019,50.0,4.0,1.0,4.0,2257227,2.0,2,4,1,5.0,,0.0,0,1996.0,A01,138Â 210Â 417,0.0,-1.0,-1.0,1722935,1.0,3,,2.0,0.0,2.0,A01,138Â 210Â 417,1.0
1009390,201900050921,4,29,00:55,5,2,1,1.0,6.0,29075,68 rue de Paris,M,"48,4354777"," -4,3967281",29,2019,50.0,4.0,1.0,4.0,2257228,1.0,1,4,1,5.0,,0.0,0,1975.0,A01,138Â 210Â 417,8.0,-1.0,-1.0,1722935,1.0,3,,2.0,0.0,2.0,A01,138Â 210Â 417,1.0
1009390,201900050921,4,29,00:55,5,2,1,1.0,6.0,29075,68 rue de Paris,M,"48,4354777"," -4,3967281",29,2019,50.0,4.0,1.0,4.0,2257229,5.0,2,4,1,5.0,,0.0,0,1998.0,A01,138Â 210Â 417,0.0,-1.0,-1.0,1722935,1.0,3,,2.0,0.0,2.0,A01,138Â 210Â 417,1.0
1009390,201900050921,4,29,00:55,5,2,1,1.0,6.0,29075,68 rue de Paris,M,"48,4354777"," -4,3967281",29,2019,50.0,4.0,1.0,4.0,2257230,2.0,2,4,1,5.0,,0.0,0,1998.0,A01,138Â 210Â 417,0.0,-1.0,-1.0,1722935,1.0,3,,2.0,0.0,2.0,A01,138Â 210Â 417,1.0
1009390,201900050921,4,29,00:55,5,2,1,1.0,6.0,29075,68 rue de Paris,M,"48,4354777"," -4,3967281",29,2019,50.0,4.0,1.0,4.0,2257231,5.0,2,3,2,5.0,,0.0,0,1998.0,A01,138Â 210Â 417,0.0,-1.0,-1.0,1722935,1.0,3,,2.0,0.0,2.0,A01,138Â 210Â 417,1.0
1009390,201900050921,4,29,00:55,5,2,1,1.0,6.0,29075,68 rue de Paris,M,"48,4354777"," -4,3967281",29,2019,50.0,4.0,1.0,4.0,2257232,5.0,2,3,1,5.0,,0.0,0,2000.0,A01,138Â 210Â 417,0.0,-1.0,-1.0,1722935,1.0,3,,2.0,0.0,2.0,A01,138Â 210Â 417,1.0
1009391,201900050922,5,11,14:15,1,1,2,1.0,3.0,29037,Pen ar garn,M,"47,8837398"," -4,1635946",29,2019,70.0,1.0,1.0,3.0,2257233,1.0,1,4,1,5.0,,0.0,0,1986.0,A01,138Â 210Â 415,2.0,6.0,0.0,1722936,1.0,33,,0.0,2.0,1.0,A01,138Â 210Â 415,1.0
1009391,201900050922,5,11,14:15,1,1,2,1.0,3.0,29037,Pen ar garn,M,"47,8837398"," -4,1635946",29,2019,70.0,1.0,1.0,3.0,2257233,1.0,1,4,1,5.0,,0.0,0,1986.0,A01,138Â 210Â 415,2.0,6.0,0.0,1722937,3.0,30,,0.0,2.0,8.0,B01,138Â 210Â 416,1.0
1009391,201900050922,5,11,14:15,1,1,2,1.0,3.0,29037,Pen ar garn,M,"47,8837398"," -4,1635946",29,2019,70.0,1.0,1.0,3.0,2257234,1.0,1,4,1,1.0,,0.0,0,2002.0,B01,138Â 210Â 416,2.0,6.0,-1.0,1722936,1.0,33,,0.0,2.0,1.0,A01,138Â 210Â 415,1.0
1009391,201900050922,5,11,14:15,1,1,2,1.0,3.0,29037,Pen ar garn,M,"47,8837398"," -4,1635946",29,2019,70.0,1.0,1.0,3.0,2257234,1.0,1,4,1,1.0,,0.0,0,2002.0,B01,138Â 210Â 416,2.0,6.0,-1.0,1722937,3.0,30,,0.0,2.0,8.0,B01,138Â 210Â 416,1.0
1009392,201900050923,5,26,15:00,1,2,1,1.0,3.0,31396,36 avenue francois mittterrand,M,"43,3594990","1,6376170",31,2019,50.0,1.0,2.0,3.0,2257235,1.0,1,4,2,5.0,,0.0,0,1991.0,B01,138Â 210Â 413,1.0,-1.0,-1.0,1722938,1.0,7,,0.0,0.0,8.0,B01,138Â 210Â 413,0.0
1009392,201900050923,5,26,15:00,1,2,1,1.0,3.0,31396,36 avenue francois mittterrand,M,"43,3594990","1,6376170",31,2019,50.0,1.0,2.0,3.0,2257235,1.0,1,4,2,5.0,,0.0,0,1991.0,B01,138Â 210Â 413,1.0,-1.0,-1.0,1722939,1.0,7,,2.0,2.0,7.0,A01,138Â 210Â 414,1.0
1009392,201900050923,5,26,15:00,1,2,1,1.0,3.0,31396,36 avenue francois mittterrand,M,"43,3594990","1,6376170",31,2019,50.0,1.0,2.0,3.0,2257236,1.0,1,1,1,5.0,,0.0,0,1980.0,A01,138Â 210Â 414,1.0,-1.0,-1.0,1722938,1.0,7,,0.0,0.0,8.0,B01,138Â 210Â 413,0.0
1009392,201900050923,5,26,15:00,1,2,1,1.0,3.0,31396,36 avenue francois mittterrand,M,"43,3594990","1,6376170",31,2019,50.0,1.0,2.0,3.0,2257236,1.0,1,1,1,5.0,,0.0,0,1980.0,A01,138Â 210Â 414,1.0,-1.0,-1.0,1722939,1.0,7,,2.0,2.0,7.0,A01,138Â 210Â 414,1.0
1009393,201900050924,5,10,17:36,1,2,3,1.0,1.0,31552,Le village,M,"43,2414640","0,9631510",31,2019,50.0,1.0,1.0,3.0,2257237,1.0,1,4,1,5.0,,0.0,0,1957.0,A01,138Â 210Â 411,1.0,-1.0,-1.0,1722940,2.0,7,,0.0,2.0,2.0,A01,138Â 210Â 411,1.0
1009393,201900050924,5,10,17:36,1,2,3,1.0,1.0,31552,Le village,M,"43,2414640","0,9631510",31,2019,50.0,1.0,1.0,3.0,2257237,1.0,1,4,1,5.0,,0.0,0,1957.0,A01,138Â 210Â 411,1.0,-1.0,-1.0,1722941,2.0,7,,0.0,2.0,3.0,B01,138Â 210Â 412,1.0
1009393,201900050924,5,10,17:36,1,2,3,1.0,1.0,31552,Le village,M,"43,2414640","0,9631510",31,2019,50.0,1.0,1.0,3.0,2257238,2.0,2,4,2,5.0,,0.0,0,1957.0,A01,138Â 210Â 411,1.0,-1.0,-1.0,1722940,2.0,7,,0.0,2.0,2.0,A01,138Â 210Â 411,1.0