Unnamed: 0_x,num_acc,mois,jour,hrmn,lum,agg,int,atm,col,com,adr,gps,lat,long,dep,annee,vma,situ,surf,catr,Unnamed: 0_y,place,catu,grav,sexe,trajet,secu,locp,actp,an_nais,num_veh_x,id_vehicule_x,secu1,secu2,secu3,Unnamed: 0,senc,catv,occutc,obs,obsm,choc,num_veh_y,id_vehicule_y,motor
1009393,201900050924,5,10,17:36,1,2,3,1.0,1.0,31552,Le village,M,"43,2414640","0,9631510",31,2019,50.0,1.0,1.0,3.0,2257238,2.0,2,4,2,5.0,,0.0,0,1957.0,A01,138Â 210Â 411,1.0,-1.0,-1.0,1722941,2.0,7,,0.0,2.0,3.0,B01,138Â 210Â 412,1.0
1009393,201900050924,5,10,17:36,1,2,3,1.0,1.0,31552,Le village,M,"43,2414640","0,9631510",31,2019,50.0,1.0,1.0,3.0,2257239,1.0,1,4,2,5.0,,0.0,0,1960.0,B01,138Â 210Â 412,1.0,-1.0,-1.0,1722940,2.0,7,,0.0,2.0,2.0,A01,138Â 210Â 411,1.0
1009393,201900050924,5,10,17:36,1,2,3,1.0,1.0,31552,Le village,M,"43,2414640","0,9631510",31,2019,50.0,1.0,1.0,3.0,2257239,1.0,1,4,2,5.0,,0.0,0,1960.0,B01,138Â 210Â 412,1.0,-1.0,-1.0,1722941,2.0,7,,0.0,2.0,3.0,B01,138Â 210Â 412,1.0
1009393,201900050924,5,10,17:36,1,2,3,1.0,1.0,31552,Le village,M,"43,2414640","0,9631510",31,2019,50.0,1.0,1.0,3.0,2257240,2.0,2,3,2,5.0,,0.0,0,1941.0,B01,138Â 210Â 412,1.0,-1.0,-1.0,1722940,2.0,7,,0.0,2.0,2.0,A01,138Â 210Â 411,1.0
1009393,201900050924,5,10,17:36,1,2,3,1.0,1.0,31552,Le village,M,"43,2414640","0,9631510",31,2019,50.0,1.0,1.0,3.0,2257240,2.0,2,3,2,5.0,,0.0,0,1941.0,B01,138Â 210Â 412,1.0,-1.0,-1.0,1722941,2.0,7,,0.0,2.0,3.0,B01,138Â 210Â 412,1.0
1009394,201900050925,5,20,17:05,1,1,1,1.0,1.0,31187,D68 PR 11+780,M,"43,5275980","1,2506310",31,2019,80.0,1.0,9.0,3.0,2257241,1.0,1,1,1,5.0,,0.0,0,1969.0,B01,138Â 210Â 409,1.0,-1.0,-1.0,1722942,1.0,7,,0.0,2.0,3.0,B01,138Â 210Â 409,1.0
1009394,201900050925,5,20,17:05,1,1,1,1.0,1.0,31187,D68 PR 11+780,M,"43,5275980","1,2506310",31,2019,80.0,1.0,9.0,3.0,2257241,1.0,1,1,1,5.0,,0.0,0,1969.0,B01,138Â 210Â 409,1.0,-1.0,-1.0,1722943,2.0,7,,0.0,2.0,3.0,A01,138Â 210Â 410,1.0
1009394,201900050925,5,20,17:05,1,1,1,1.0,1.0,31187,D68 PR 11+780,M,"43,5275980","1,2506310",31,2019,80.0,1.0,9.0,3.0,2257242,2.0,2,4,2,5.0,,0.0,0,1998.0,B01,138Â 210Â 409,1.0,-1.0,-1.0,1722942,1.0,7,,0.0,2.0,3.0,B01,138Â 210Â 409,1.0
1009394,201900050925,5,20,17:05,1,1,1,1.0,1.0,31187,D68 PR 11+780,M,"43,5275980","1,2506310",31,2019,80.0,1.0,9.0,3.0,2257242,2.0,2,4,2,5.0,,0.0,0,1998.0,B01,138Â 210Â 409,1.0,-1.0,-1.0,1722943,2.0,7,,0.0,2.0,3.0,A01,138Â 210Â 410,1.0
1009394,201900050925,5,20,17:05,1,1,1,1.0,1.0,31187,D68 PR 11+780,M,"43,5275980","1,2506310",31,2019,80.0,1.0,9.0,3.0,2257243,1.0,1,3,1,1.0,,0.0,0,1974.0,A01,138Â 210Â 410,1.0,-1.0,-1.0,1722942,1.0,7,,0.0,2.0,3.0,B01,138Â 210Â 409,1.0
1009394,201900050925,5,20,17:05,1,1,1,1.0,1.0,31187,D68 PR 11+780,M,"43,5275980","1,2506310",31,2019,80.0,1.0,9.0,3.0,2257243,1.0,1,3,1,1.0,,0.0,0,1974.0,A01,138Â 210Â 410,1.0,-1.0,-1.0,1722943,2.0,7,,0.0,2.0,3.0,A01,138Â 210Â 410,1.0
1009395,201900050926,5,8,13:30,1,2,9,2.0,6.0,31424,RD 632,M,"43,5597200","1,2823570",31,2019,50.0,4.0,2.0,3.0,2257244,1.0,1,1,2,5.0,,0.0,0,1990.0,A01,138Â 210Â 408,1.0,-1.0,-1.0,1722944,3.0,7,,8.0,0.0,1.0,A01,138Â 210Â 408,1.0
1009395,201900050926,5,8,13:30,1,2,9,2.0,6.0,31424,RD 632,M,"43,5597200","1,2823570",31,2019,50.0,4.0,2.0,3.0,2257245,7.0,2,3,1,5.0,,0.0,0,2015.0,A01,138Â 210Â 408,3.0,-1.0,-1.0,1722944,3.0,7,,8.0,0.0,1.0,A01,138Â 210Â 408,1.0
1009396,201900050927,5,27,17:45,1,2,1,1.0,7.0,31107,Chemin de Laveran,M,"43,2845580","1,1884700",31,2019,50.0,1.0,1.0,4.0,2257246,1.0,1,4,1,5.0,,0.0,0,2005.0,A01,138Â 210Â 407,2.0,-1.0,-1.0,1722945,0.0,1,,0.0,0.0,0.0,A01,138Â 210Â 407,0.0
1009397,201900050928,5,10,16:40,1,1,3,1.0,3.0,31375,Route de la MorÃ¨re,M,"43,2314480","1,1856570",31,2019,80.0,1.0,1.0,3.0,2257247,1.0,1,3,1,5.0,,0.0,0,1944.0,B01,138Â 210Â 405,2.0,-1.0,-1.0,1722946,2.0,31,,0.0,2.0,7.0,B01,138Â 210Â 405,0.0
1009397,201900050928,5,10,16:40,1,1,3,1.0,3.0,31375,Route de la MorÃ¨re,M,"43,2314480","1,1856570",31,2019,80.0,1.0,1.0,3.0,2257247,1.0,1,3,1,5.0,,0.0,0,1944.0,B01,138Â 210Â 405,2.0,-1.0,-1.0,1722947,1.0,7,,0.0,2.0,2.0,A01,138Â 210Â 406,0.0
1009397,201900050928,5,10,16:40,1,1,3,1.0,3.0,31375,Route de la MorÃ¨re,M,"43,2314480","1,1856570",31,2019,80.0,1.0,1.0,3.0,2257248,2.0,2,1,2,5.0,,0.0,0,1923.0,A01,138Â 210Â 406,1.0,-1.0,-1.0,1722946,2.0,31,,0.0,2.0,7.0,B01,138Â 210Â 405,0.0
1009397,201900050928,5,10,16:40,1,1,3,1.0,3.0,31375,Route de la MorÃ¨re,M,"43,2314480","1,1856570",31,2019,80.0,1.0,1.0,3.0,2257248,2.0,2,1,2,5.0,,0.0,0,1923.0,A01,138Â 210Â 406,1.0,-1.0,-1.0,1722947,1.0,7,,0.0,2.0,2.0,A01,138Â 210Â 406,0.0
1009397,201900050928,5,10,16:40,1,1,3,1.0,3.0,31375,Route de la MorÃ¨re,M,"43,2314480","1,1856570",31,2019,80.0,1.0,1.0,3.0,2257249,1.0,1,1,1,5.0,,0.0,0,1950.0,A01,138Â 210Â 406,1.0,-1.0,-1.0,1722946,2.0,31,,0.0,2.0,7.0,B01,138Â 210Â 405,0.0
1009397,201900050928,5,10,16:40,1,1,3,1.0,3.0,31375,Route de la MorÃ¨re,M,"43,2314480","1,1856570",31,2019,80.0,1.0,1.0,3.0,2257249,1.0,1,1,1,5.0,,0.0,0,1950.0,A01,138Â 210Â 406,1.0,-1.0,-1.0,1722947,1.0,7,,0.0,2.0,2.0,A01,138Â 210Â 406,0.0
1009398,201900050929,5,10,17:15,1,1,1,1.0,1.0,31052,D4,M,"43,3798580","1,3570390",31,2019,80.0,1.0,1.0,3.0,2257250,1.0,1,4,2,5.0,,0.0,0,1986.0,B01,138Â 210Â 403,1.0,5.0,-1.0,1722948,2.0,7,,0.0,2.0,1.0,B01,138Â 210Â 403,0.0
1009398,201900050929,5,10,17:15,1,1,1,1.0,1.0,31052,D4,M,"43,3798580","1,3570390",31,2019,80.0,1.0,1.0,3.0,2257250,1.0,1,4,2,5.0,,0.0,0,1986.0,B01,138Â 210Â 403,1.0,5.0,-1.0,1722949,1.0,7,,0.0,2.0,3.0,A01,138Â 210Â 404,0.0
1009398,201900050929,5,10,17:15,1,1,1,1.0,1.0,31052,D4,M,"43,3798580","1,3570390",31,2019,80.0,1.0,1.0,3.0,2257251,1.0,1,4,2,5.0,,0.0,0,1957.0,A01,138Â 210Â 404,1.0,5.0,-1.0,1722948,2.0,7,,0.0,2.0,1.0,B01,138Â 210Â 403,0.0
1009398,201900050929,5,10,17:15,1,1,1,1.0,1.0,31052,D4,M,"43,3798580","1,3570390",31,2019,80.0,1.0,1.0,3.0,2257251,1.0,1,4,2,5.0,,0.0,0,1957.0,A01,138Â 210Â 404,1.0,5.0,-1.0,1722949,1.0,7,,0.0,2.0,3.0,A01,138Â 210Â 404,0.0
1009399,201900050930,5,9,17:00,1,2,1,1.0,1.0,31507,Route de Montaigut,M,"43,6948830","1,2264380",31,2019,50.0,1.0,1.0,3.0,2257252,1.0,1,1,1,4.0,,0.0,0,1964.0,B01,138Â 210Â 401,1.0,-1.0,-1.0,1722950,1.0,13,,0.0,2.0,1.0,B01,138Â 210Â 401,1.0
1009399,201900050930,5,9,17:00,1,2,1,1.0,1.0,31507,Route de Montaigut,M,"43,6948830","1,2264380",31,2019,50.0,1.0,1.0,3.0,2257252,1.0,1,1,1,4.0,,0.0,0,1964.0,B01,138Â 210Â 401,1.0,-1.0,-1.0,1722951,2.0,7,,0.0,2.0,1.0,A01,138Â 210Â 402,1.0
1009399,201900050930,5,9,17:00,1,2,1,1.0,1.0,31507,Route de Montaigut,M,"43,6948830","1,2264380",31,2019,50.0,1.0,1.0,3.0,2257253,1.0,1,3,1,1.0,,0.0,0,1998.0,A01,138Â 210Â 402,1.0,-1.0,-1.0,1722950,1.0,13,,0.0,2.0,1.0,B01,138Â 210Â 401,1.0
1009399,201900050930,5,9,17:00,1,2,1,1.0,1.0,31507,Route de Montaigut,M,"43,6948830","1,2264380",31,2019,50.0,1.0,1.0,3.0,2257253,1.0,1,3,1,1.0,,0.0,0,1998.0,A01,138Â 210Â 402,1.0,-1.0,-1.0,1722951,2.0,7,,0.0,2.0,1.0,A01,138Â 210Â 402,1.0
1009400,201900050931,5,3,16:10,1,1,1,1.0,7.0,31118,Route DÃ©partementale 20,M,"43,7792230","1,3254010",31,2019,80.0,3.0,1.0,3.0,2257254,1.0,1,3,1,5.0,,0.0,0,1963.0,A01,138Â 210Â 400,2.0,6.0,9.0,1722952,2.0,33,,0.0,0.0,1.0,A01,138Â 210Â 400,1.0
1009401,201900050932,5,11,18:30,1,1,1,1.0,2.0,31066,route de montauban,M,"43,8085590","1,5718750",31,2019,80.0,1.0,1.0,3.0,2257255,1.0,1,1,1,5.0,,0.0,0,1978.0,A01,138Â 210Â 398,1.0,-1.0,-1.0,1722953,2.0,7,,0.0,2.0,2.0,A01,138Â 210Â 398,1.0
1009401,201900050932,5,11,18:30,1,1,1,1.0,2.0,31066,route de montauban,M,"43,8085590","1,5718750",31,2019,80.0,1.0,1.0,3.0,2257255,1.0,1,1,1,5.0,,0.0,0,1978.0,A01,138Â 210Â 398,1.0,-1.0,-1.0,1722954,2.0,7,,0.0,0.0,6.0,B01,138Â 210Â 399,1.0
1009401,201900050932,5,11,18:30,1,1,1,1.0,2.0,31066,route de montauban,M,"43,8085590","1,5718750",31,2019,80.0,1.0,1.0,3.0,2257256,2.0,2,1,2,5.0,,0.0,0,1970.0,A01,138Â 210Â 398,1.0,-1.0,-1.0,1722953,2.0,7,,0.0,2.0,2.0,A01,138Â 210Â 398,1.0
1009401,201900050932,5,11,18:30,1,1,1,1.0,2.0,31066,route de montauban,M,"43,8085590","1,5718750",31,2019,80.0,1.0,1.0,3.0,2257256,2.0,2,1,2,5.0,,0.0,0,1970.0,A01,138Â 210Â 398,1.0,-1.0,-1.0,1722954,2.0,7,,0.0,0.0,6.0,B01,138Â 210Â 399,1.0
1009401,201900050932,5,11,18:30,1,1,1,1.0,2.0,31066,route de montauban,M,"43,8085590","1,5718750",31,2019,80.0,1.0,1.0,3.0,2257257,1.0,1,4,1,5.0,,0.0,0,1954.0,B01,138Â 210Â 399,1.0,-1.0,-1.0,1722953,2.0,7,,0.0,2.0,2.0,A01,138Â 210Â 398,1.0
1009401,201900050932,5,11,18:30,1,1,1,1.0,2.0,31066,route de montauban,M,"43,8085590","1,5718750",31,2019,80.0,1.0,1.0,3.0,2257257,1.0,1,4,1,5.0,,0.0,0,1954.0,B01,138Â 210Â 399,1.0,-1.0,-1.0,1722954,2.0,7,,0.0,0.0,6.0,B01,138Â 210Â 399,1.0
1009401,201900050932,5,11,18:30,1,1,1,1.0,2.0,31066,route de montauban,M,"43,8085590","1,5718750",31,2019,80.0,1.0,1.0,3.0,2257258,2.0,2,4,2,5.0,,0.0,0,1957.0,B01,138Â 210Â 399,1.0,-1.0,-1.0,1722953,2.0,7,,0.0,2.0,2.0,A01,138Â 210Â 398,1.0
1009401,201900050932,5,11,18:30,1,1,1,1.0,2.0,31066,route de montauban,M,"43,8085590","1,5718750",31,2019,80.0,1.0,1.0,3.0,2257258,2.0,2,4,2,5.0,,0.0,0,1957.0,B01,138Â 210Â 399,1.0,-1.0,-1.0,1722954,2.0,7,,0.0,0.0,6.0,B01,138Â 210Â 399,1.0
1009401,201900050932,5,11,18:30,1,1,1,1.0,2.0,31066,route de montauban,M,"43,8085590","1,5718750",31,2019,80.0,1.0,1.0,3.0,2257259,7.0,2,2,2,5.0,,0.0,0,1980.0,B01,138Â 210Â 399,1.0,-1.0,-1.0,1722953,2.0,7,,0.0,2.0,2.0,A01,138Â 210Â 398,1.0
1009401,201900050932,5,11,18:30,1,1,1,1.0,2.0,31066,route de montauban,M,"43,8085590","1,5718750",31,2019,80.0,1.0,1.0,3.0,2257259,7.0,2,2,2,5.0,,0.0,0,1980.0,B01,138Â 210Â 399,1.0,-1.0,-1.0,1722954,2.0,7,,0.0,0.0,6.0,B01,138Â 210Â 399,1.0
1009402,201900050933,5,9,09:55,1,2,1,1.0,6.0,31358,1 Avenue du Mur de Ronde,M,"43,7176260","1,5912130",31,2019,30.0,1.0,1.0,4.0,2257260,10.0,3,3,2,5.0,,3.0,3,1945.0,A01,138Â 210Â 397,0.0,-1.0,-1.0,1722955,1.0,7,,0.0,1.0,2.0,A01,138Â 210Â 397,0.0
1009402,201900050933,5,9,09:55,1,2,1,1.0,6.0,31358,1 Avenue du Mur de Ronde,M,"43,7176260","1,5912130",31,2019,30.0,1.0,1.0,4.0,2257261,1.0,1,1,2,3.0,,0.0,0,1976.0,A01,138Â 210Â 397,1.0,-1.0,-1.0,1722955,1.0,7,,0.0,1.0,2.0,A01,138Â 210Â 397,0.0
1009403,201900050934,5,20,23:00,3,1,1,1.0,6.0,31579,RD15,M,"43,7345020","1,4886510",31,2019,80.0,3.0,1.0,3.0,2257262,1.0,1,3,2,5.0,,0.0,0,1995.0,A01,138Â 210Â 396,1.0,-1.0,-1.0,1722956,1.0,7,,2.0,0.0,8.0,A01,138Â 210Â 396,0.0
1009404,201900050935,5,22,22:10,3,1,1,1.0,3.0,38074,D 1092,M,"45,2540100","5,4559100",38,2019,80.0,1.0,1.0,3.0,2257263,1.0,1,3,1,5.0,,0.0,0,1964.0,B01,138Â 210Â 394,0.0,2.0,6.0,1722957,1.0,33,,0.0,2.0,8.0,B01,138Â 210Â 394,1.0
1009404,201900050935,5,22,22:10,3,1,1,1.0,3.0,38074,D 1092,M,"45,2540100","5,4559100",38,2019,80.0,1.0,1.0,3.0,2257263,1.0,1,3,1,5.0,,0.0,0,1964.0,B01,138Â 210Â 394,0.0,2.0,6.0,1722958,2.0,30,,0.0,2.0,6.0,A01,138Â 210Â 395,1.0
1009404,201900050935,5,22,22:10,3,1,1,1.0,3.0,38074,D 1092,M,"45,2540100","5,4559100",38,2019,80.0,1.0,1.0,3.0,2257264,1.0,1,1,1,5.0,,0.0,0,2002.0,A01,138Â 210Â 395,2.0,6.0,-1.0,1722957,1.0,33,,0.0,2.0,8.0,B01,138Â 210Â 394,1.0
1009404,201900050935,5,22,22:10,3,1,1,1.0,3.0,38074,D 1092,M,"45,2540100","5,4559100",38,2019,80.0,1.0,1.0,3.0,2257264,1.0,1,1,1,5.0,,0.0,0,2002.0,A01,138Â 210Â 395,2.0,6.0,-1.0,1722958,2.0,30,,0.0,2.0,6.0,A01,138Â 210Â 395,1.0
1009405,201900050936,5,26,11:35,1,1,2,1.0,3.0,38018,D 518,M,"45,0694100","5,3216400",38,2019,80.0,1.0,1.0,3.0,2257265,1.0,1,3,2,5.0,,0.0,0,1967.0,B01,138Â 210Â 390,2.0,6.0,9.0,1722959,1.0,33,,0.0,2.0,1.0,B01,138Â 210Â 390,1.0
1009405,201900050936,5,26,11:35,1,1,2,1.0,3.0,38018,D 518,M,"45,0694100","5,3216400",38,2019,80.0,1.0,1.0,3.0,2257265,1.0,1,3,2,5.0,,0.0,0,1967.0,B01,138Â 210Â 390,2.0,6.0,9.0,1722960,2.0,7,,0.0,2.0,6.0,A01,138Â 210Â 391,1.0
1009405,201900050936,5,26,11:35,1,1,2,1.0,3.0,38018,D 518,M,"45,0694100","5,3216400",38,2019,80.0,1.0,1.0,3.0,2257266,1.0,1,1,2,5.0,,0.0,0,1944.0,A01,138Â 210Â 391,1.0,-1.0,-1.0,1722959,1.0,33,,0.0,2.0,1.0,B01,138Â 210Â 390,1.0
1009405,201900050936,5,26,11:35,1,1,2,1.0,3.0,38018,D 518,M,"45,0694100","5,3216400",38,2019,80.0,1.0,1.0,3.0,2257266,1.0,1,1,2,5.0,,0.0,0,1944.0,A01,138Â 210Â 391,1.0,-1.0,-1.0,1722960,2.0,7,,0.0,2.0,6.0,A01,138Â 210Â 391,1.0
1009406,201900050937,4,30,08:38,1,2,1,1.0,2.0,38416,rue gambetta,M,"45,1535190","5,3228680",38,2019,50.0,1.0,1.0,3.0,2257267,1.0,1,1,1,4.0,,0.0,0,1964.0,B01,138Â 210Â 388,1.0,-1.0,-1.0,1722961,1.0,13,,0.0,2.0,1.0,B01,138Â 210Â 388,1.0
1009406,201900050937,4,30,08:38,1,2,1,1.0,2.0,38416,rue gambetta,M,"45,1535190","5,3228680",38,2019,50.0,1.0,1.0,3.0,2257267,1.0,1,1,1,4.0,,0.0,0,1964.0,B01,138Â 210Â 388,1.0,-1.0,-1.0,1722962,1.0,7,,0.0,0.0,4.0,A01,138Â 210Â 389,1.0
1009406,201900050937,4,30,08:38,1,2,1,1.0,2.0,38416,rue gambetta,M,"45,1535190","5,3228680",38,2019,50.0,1.0,1.0,3.0,2257268,2.0,2,4,2,1.0,,0.0,0,1969.0,A01,138Â 210Â 389,1.0,-1.0,-1.0,1722961,1.0,13,,0.0,2.0,1.0,B01,138Â 210Â 388,1.0
1009406,201900050937,4,30,08:38,1,2,1,1.0,2.0,38416,rue gambetta,M,"45,1535190","5,3228680",38,2019,50.0,1.0,1.0,3.0,2257268,2.0,2,4,2,1.0,,0.0,0,1969.0,A01,138Â 210Â 389,1.0,-1.0,-1.0,1722962,1.0,7,,0.0,0.0,4.0,A01,138Â 210Â 389,1.0
1009406,201900050937,4,30,08:38,1,2,1,1.0,2.0,38416,rue gambetta,M,"45,1535190","5,3228680",38,2019,50.0,1.0,1.0,3.0,2257269,1.0,1,4,1,1.0,,0.0,0,1965.0,A01,138Â 210Â 389,1.0,-1.0,-1.0,1722961,1.0,13,,0.0,2.0,1.0,B01,138Â 210Â 388,1.0
1009406,201900050937,4,30,08:38,1,2,1,1.0,2.0,38416,rue gambetta,M,"45,1535190","5,3228680",38,2019,50.0,1.0,1.0,3.0,2257269,1.0,1,4,1,1.0,,0.0,0,1965.0,A01,138Â 210Â 389,1.0,-1.0,-1.0,1722962,1.0,7,,0.0,0.0,4.0,A01,138Â 210Â 389,1.0
1009407,201900050938,4,19,18:00,1,1,1,1.0,1.0,38409,D 1532,M,"45,0645300","5,2687200",38,2019,80.0,1.0,1.0,3.0,2257270,1.0,1,1,2,0.0,,0.0,0,1989.0,A01,138Â 210Â 386,1.0,-1.0,-1.0,1722963,1.0,7,,0.0,2.0,1.0,A01,138Â 210Â 386,1.0
1009407,201900050938,4,19,18:00,1,1,1,1.0,1.0,38409,D 1532,M,"45,0645300","5,2687200",38,2019,80.0,1.0,1.0,3.0,2257270,1.0,1,1,2,0.0,,0.0,0,1989.0,A01,138Â 210Â 386,1.0,-1.0,-1.0,1722964,2.0,7,,0.0,2.0,3.0,B01,138Â 210Â 387,1.0
1009407,201900050938,4,19,18:00,1,1,1,1.0,1.0,38409,D 1532,M,"45,0645300","5,2687200",38,2019,80.0,1.0,1.0,3.0,2257271,2.0,2,4,2,5.0,,0.0,0,1977.0,B01,138Â 210Â 387,1.0,-1.0,-1.0,1722963,1.0,7,,0.0,2.0,1.0,A01,138Â 210Â 386,1.0
1009407,201900050938,4,19,18:00,1,1,1,1.0,1.0,38409,D 1532,M,"45,0645300","5,2687200",38,2019,80.0,1.0,1.0,3.0,2257271,2.0,2,4,2,5.0,,0.0,0,1977.0,B01,138Â 210Â 387,1.0,-1.0,-1.0,1722964,2.0,7,,0.0,2.0,3.0,B01,138Â 210Â 387,1.0
1009407,201900050938,4,19,18:00,1,1,1,1.0,1.0,38409,D 1532,M,"45,0645300","5,2687200",38,2019,80.0,1.0,1.0,3.0,2257272,1.0,1,4,1,5.0,,0.0,0,1974.0,B01,138Â 210Â 387,1.0,-1.0,-1.0,1722963,1.0,7,,0.0,2.0,1.0,A01,138Â 210Â 386,1.0
1009407,201900050938,4,19,18:00,1,1,1,1.0,1.0,38409,D 1532,M,"45,0645300","5,2687200",38,2019,80.0,1.0,1.0,3.0,2257272,1.0,1,4,1,5.0,,0.0,0,1974.0,B01,138Â 210Â 387,1.0,-1.0,-1.0,1722964,2.0,7,,0.0,2.0,3.0,B01,138Â 210Â 387,1.0
1009407,201900050938,4,19,18:00,1,1,1,1.0,1.0,38409,D 1532,M,"45,0645300","5,2687200",38,2019,80.0,1.0,1.0,3.0,2257273,9.0,2,1,1,5.0,,0.0,0,2016.0,B01,138Â 210Â 387,1.0,-1.0,-1.0,1722963,1.0,7,,0.0,2.0,1.0,A01,138Â 210Â 386,1.0
1009407,201900050938,4,19,18:00,1,1,1,1.0,1.0,38409,D 1532,M,"45,0645300","5,2687200",38,2019,80.0,1.0,1.0,3.0,2257273,9.0,2,1,1,5.0,,0.0,0,2016.0,B01,138Â 210Â 387,1.0,-1.0,-1.0,1722964,2.0,7,,0.0,2.0,3.0,B01,138Â 210Â 387,1.0
1009407,201900050938,4,19,18:00,1,1,1,1.0,1.0,38409,D 1532,M,"45,0645300","5,2687200",38,2019,80.0,1.0,1.0,3.0,2257274,7.0,2,1,1,5.0,,0.0,0,2012.0,B01,138Â 210Â 387,1.0,-1.0,-1.0,1722963,1.0,7,,0.0,2.0,1.0,A01,138Â 210Â 386,1.0
1009407,201900050938,4,19,18:00,1,1,1,1.0,1.0,38409,D 1532,M,"45,0645300","5,2687200",38,2019,80.0,1.0,1.0,3.0,2257274,7.0,2,1,1,5.0,,0.0,0,2012.0,B01,138Â 210Â 387,1.0,-1.0,-1.0,1722964,2.0,7,,0.0,2.0,3.0,B01,138Â 210Â 387,1.0
1009408,201900050939,5,20,10:50,1,1,1,2.0,1.0,38175,D10A,M,"45,2671700","5,9094100",38,2019,80.0,1.0,2.0,3.0,2257275,1.0,1,4,1,4.0,,0.0,0,1988.0,B01,138Â 210Â 384,1.0,-1.0,-1.0,1722965,1.0,7,,0.0,2.0,1.0,B01,138Â 210Â 384,1.0
1009408,201900050939,5,20,10:50,1,1,1,2.0,1.0,38175,D10A,M,"45,2671700","5,9094100",38,2019,80.0,1.0,2.0,3.0,2257275,1.0,1,4,1,4.0,,0.0,0,1988.0,B01,138Â 210Â 384,1.0,-1.0,-1.0,1722966,2.0,7,,0.0,2.0,3.0,A01,138Â 210Â 385,1.0
1009408,201900050939,5,20,10:50,1,1,1,2.0,1.0,38175,D10A,M,"45,2671700","5,9094100",38,2019,80.0,1.0,2.0,3.0,2257276,1.0,1,3,1,5.0,,0.0,0,1991.0,A01,138Â 210Â 385,1.0,-1.0,-1.0,1722965,1.0,7,,0.0,2.0,1.0,B01,138Â 210Â 384,1.0
1009408,201900050939,5,20,10:50,1,1,1,2.0,1.0,38175,D10A,M,"45,2671700","5,9094100",38,2019,80.0,1.0,2.0,3.0,2257276,1.0,1,3,1,5.0,,0.0,0,1991.0,A01,138Â 210Â 385,1.0,-1.0,-1.0,1722966,2.0,7,,0.0,2.0,3.0,A01,138Â 210Â 385,1.0
1009409,201900050940,5,17,22:30,3,1,1,3.0,7.0,38175,d10a,M,"45,2667760","5,9090710",38,2019,80.0,8.0,2.0,3.0,2257277,7.0,2,4,1,5.0,,0.0,0,2002.0,A01,138Â 210Â 383,1.0,-1.0,-1.0,1722967,2.0,7,,0.0,0.0,9.0,A01,138Â 210Â 383,1.0
1009409,201900050940,5,17,22:30,3,1,1,3.0,7.0,38175,d10a,M,"45,2667760","5,9090710",38,2019,80.0,8.0,2.0,3.0,2257278,2.0,2,4,1,5.0,,0.0,0,2000.0,A01,138Â 210Â 383,1.0,-1.0,-1.0,1722967,2.0,7,,0.0,0.0,9.0,A01,138Â 210Â 383,1.0
1009409,201900050940,5,17,22:30,3,1,1,3.0,7.0,38175,d10a,M,"45,2667760","5,9090710",38,2019,80.0,8.0,2.0,3.0,2257279,1.0,1,4,1,5.0,,0.0,0,1995.0,A01,138Â 210Â 383,1.0,-1.0,-1.0,1722967,2.0,7,,0.0,0.0,9.0,A01,138Â 210Â 383,1.0
1009410,201900050941,5,2,08:00,1,1,3,1.0,3.0,38140,RD10,M,"45,2660660","5,8982140",38,2019,50.0,1.0,1.0,3.0,2257280,1.0,1,4,1,1.0,,0.0,0,1963.0,B01,138Â 210Â 381,4.0,-1.0,-1.0,1722968,0.0,1,,0.0,0.0,3.0,B01,138Â 210Â 381,5.0
1009410,201900050941,5,2,08:00,1,1,3,1.0,3.0,38140,RD10,M,"45,2660660","5,8982140",38,2019,50.0,1.0,1.0,3.0,2257280,1.0,1,4,1,1.0,,0.0,0,1963.0,B01,138Â 210Â 381,4.0,-1.0,-1.0,1722969,3.0,7,,0.0,9.0,2.0,A01,138Â 210Â 382,1.0
1009410,201900050941,5,2,08:00,1,1,3,1.0,3.0,38140,RD10,M,"45,2660660","5,8982140",38,2019,50.0,1.0,1.0,3.0,2257281,1.0,1,1,1,1.0,,0.0,0,1991.0,A01,138Â 210Â 382,1.0,-1.0,-1.0,1722968,0.0,1,,0.0,0.0,3.0,B01,138Â 210Â 381,5.0
1009410,201900050941,5,2,08:00,1,1,3,1.0,3.0,38140,RD10,M,"45,2660660","5,8982140",38,2019,50.0,1.0,1.0,3.0,2257281,1.0,1,1,1,1.0,,0.0,0,1991.0,A01,138Â 210Â 382,1.0,-1.0,-1.0,1722969,3.0,7,,0.0,9.0,2.0,A01,138Â 210Â 382,1.0
1009411,201900050942,5,24,11:30,1,1,1,1.0,1.0,38104,Route de Bolland,M,"45,5897700","5,5816500",38,2019,80.0,1.0,1.0,3.0,2257282,1.0,1,3,1,0.0,,0.0,0,1986.0,B01,138Â 210Â 379,1.0,-1.0,-1.0,1722970,2.0,7,,0.0,2.0,1.0,B01,138Â 210Â 379,1.0
1009411,201900050942,5,24,11:30,1,1,1,1.0,1.0,38104,Route de Bolland,M,"45,5897700","5,5816500",38,2019,80.0,1.0,1.0,3.0,2257282,1.0,1,3,1,0.0,,0.0,0,1986.0,B01,138Â 210Â 379,1.0,-1.0,-1.0,1722971,1.0,7,,0.0,2.0,1.0,A01,138Â 210Â 380,1.0