Unnamed: 0_x,num_acc,mois,jour,hrmn,lum,agg,int,atm,col,com,adr,gps,lat,long,dep,annee,vma,situ,surf,catr,Unnamed: 0_y,place,catu,grav,sexe,trajet,secu,locp,actp,an_nais,num_veh_x,id_vehicule_x,secu1,secu2,secu3,Unnamed: 0,senc,catv,occutc,obs,obsm,choc,num_veh_y,id_vehicule_y,motor
1009411,201900050942,5,24,11:30,1,1,1,1.0,1.0,38104,Route de Bolland,M,"45,5897700","5,5816500",38,2019,80.0,1.0,1.0,3.0,2257283,3.0,2,3,1,5.0,,0.0,0,1996.0,A01,138Â 210Â 380,1.0,-1.0,-1.0,1722970,2.0,7,,0.0,2.0,1.0,B01,138Â 210Â 379,1.0
1009411,201900050942,5,24,11:30,1,1,1,1.0,1.0,38104,Route de Bolland,M,"45,5897700","5,5816500",38,2019,80.0,1.0,1.0,3.0,2257283,3.0,2,3,1,5.0,,0.0,0,1996.0,A01,138Â 210Â 380,1.0,-1.0,-1.0,1722971,1.0,7,,0.0,2.0,1.0,A01,138Â 210Â 380,1.0
1009411,201900050942,5,24,11:30,1,1,1,1.0,1.0,38104,Route de Bolland,M,"45,5897700","5,5816500",38,2019,80.0,1.0,1.0,3.0,2257284,9.0,2,3,1,5.0,,0.0,0,1997.0,A01,138Â 210Â 380,1.0,-1.0,-1.0,1722970,2.0,7,,0.0,2.0,1.0,B01,138Â 210Â 379,1.0
1009411,201900050942,5,24,11:30,1,1,1,1.0,1.0,38104,Route de Bolland,M,"45,5897700","5,5816500",38,2019,80.0,1.0,1.0,3.0,2257284,9.0,2,3,1,5.0,,0.0,0,1997.0,A01,138Â 210Â 380,1.0,-1.0,-1.0,1722971,1.0,7,,0.0,2.0,1.0,A01,138Â 210Â 380,1.0
1009411,201900050942,5,24,11:30,1,1,1,1.0,1.0,38104,Route de Bolland,M,"45,5897700","5,5816500",38,2019,80.0,1.0,1.0,3.0,2257285,1.0,1,3,2,5.0,,0.0,0,2000.0,A01,138Â 210Â 380,1.0,-1.0,-1.0,1722970,2.0,7,,0.0,2.0,1.0,B01,138Â 210Â 379,1.0
1009411,201900050942,5,24,11:30,1,1,1,1.0,1.0,38104,Route de Bolland,M,"45,5897700","5,5816500",38,2019,80.0,1.0,1.0,3.0,2257285,1.0,1,3,2,5.0,,0.0,0,2000.0,A01,138Â 210Â 380,1.0,-1.0,-1.0,1722971,1.0,7,,0.0,2.0,1.0,A01,138Â 210Â 380,1.0
1009411,201900050942,5,24,11:30,1,1,1,1.0,1.0,38104,Route de Bolland,M,"45,5897700","5,5816500",38,2019,80.0,1.0,1.0,3.0,2257286,2.0,2,3,1,5.0,,0.0,0,1996.0,A01,138Â 210Â 380,1.0,-1.0,-1.0,1722970,2.0,7,,0.0,2.0,1.0,B01,138Â 210Â 379,1.0
1009411,201900050942,5,24,11:30,1,1,1,1.0,1.0,38104,Route de Bolland,M,"45,5897700","5,5816500",38,2019,80.0,1.0,1.0,3.0,2257286,2.0,2,3,1,5.0,,0.0,0,1996.0,A01,138Â 210Â 380,1.0,-1.0,-1.0,1722971,1.0,7,,0.0,2.0,1.0,A01,138Â 210Â 380,1.0
1009412,201900050943,5,16,09:30,1,2,1,1.0,6.0,38315,Place Flandrin,M,"45,5361810","5,6699500",38,2019,50.0,1.0,1.0,3.0,2257287,10.0,3,3,2,5.0,,3.0,3,1925.0,A01,138Â 210Â 378,0.0,-1.0,-1.0,1722972,3.0,21,,0.0,1.0,1.0,A01,138Â 210Â 378,1.0
1009412,201900050943,5,16,09:30,1,2,1,1.0,6.0,38315,Place Flandrin,M,"45,5361810","5,6699500",38,2019,50.0,1.0,1.0,3.0,2257288,1.0,1,1,1,1.0,,0.0,0,1968.0,A01,138Â 210Â 378,0.0,-1.0,-1.0,1722972,3.0,21,,0.0,1.0,1.0,A01,138Â 210Â 378,1.0
1009413,201900050944,5,25,22:30,3,1,1,1.0,6.0,38497,La Sauze,M,"44,9141600","5,7997800",38,2019,80.0,3.0,1.0,3.0,2257289,1.0,1,4,1,9.0,,0.0,0,1997.0,A01,138Â 210Â 377,0.0,-1.0,-1.0,1722973,1.0,7,,8.0,0.0,1.0,A01,138Â 210Â 377,1.0
1009413,201900050944,5,25,22:30,3,1,1,1.0,6.0,38497,La Sauze,M,"44,9141600","5,7997800",38,2019,80.0,3.0,1.0,3.0,2257290,9.0,2,3,1,5.0,,0.0,0,2001.0,A01,138Â 210Â 377,0.0,-1.0,-1.0,1722973,1.0,7,,8.0,0.0,1.0,A01,138Â 210Â 377,1.0
1009413,201900050944,5,25,22:30,3,1,1,1.0,6.0,38497,La Sauze,M,"44,9141600","5,7997800",38,2019,80.0,3.0,1.0,3.0,2257291,2.0,2,3,1,5.0,,0.0,0,1999.0,A01,138Â 210Â 377,0.0,-1.0,-1.0,1722973,1.0,7,,8.0,0.0,1.0,A01,138Â 210Â 377,1.0
1009413,201900050944,5,25,22:30,3,1,1,1.0,6.0,38497,La Sauze,M,"44,9141600","5,7997800",38,2019,80.0,3.0,1.0,3.0,2257292,7.0,2,1,1,5.0,,0.0,0,2004.0,A01,138Â 210Â 377,1.0,-1.0,-1.0,1722973,1.0,7,,8.0,0.0,1.0,A01,138Â 210Â 377,1.0
1009414,201900050945,5,8,12:00,1,2,1,2.0,6.0,38269,51 Avenue Chion Ducollet,M,"44,9035250","5,7864340",38,2019,30.0,1.0,2.0,4.0,2257293,1.0,1,3,1,5.0,,0.0,0,1982.0,B01,138Â 210Â 375,0.0,-1.0,-1.0,1722974,3.0,7,,6.0,2.0,2.0,B01,138Â 210Â 375,1.0
1009414,201900050945,5,8,12:00,1,2,1,2.0,6.0,38269,51 Avenue Chion Ducollet,M,"44,9035250","5,7864340",38,2019,30.0,1.0,2.0,4.0,2257293,1.0,1,3,1,5.0,,0.0,0,1982.0,B01,138Â 210Â 375,0.0,-1.0,-1.0,1722975,3.0,7,,0.0,2.0,5.0,A01,138Â 210Â 376,1.0
1009414,201900050945,5,8,12:00,1,2,1,2.0,6.0,38269,51 Avenue Chion Ducollet,M,"44,9035250","5,7864340",38,2019,30.0,1.0,2.0,4.0,2257294,1.0,1,1,2,5.0,,0.0,0,1976.0,A01,138Â 210Â 376,8.0,-1.0,-1.0,1722974,3.0,7,,6.0,2.0,2.0,B01,138Â 210Â 375,1.0
1009414,201900050945,5,8,12:00,1,2,1,2.0,6.0,38269,51 Avenue Chion Ducollet,M,"44,9035250","5,7864340",38,2019,30.0,1.0,2.0,4.0,2257294,1.0,1,1,2,5.0,,0.0,0,1976.0,A01,138Â 210Â 376,8.0,-1.0,-1.0,1722975,3.0,7,,0.0,2.0,5.0,A01,138Â 210Â 376,1.0
1009415,201900050946,5,1,15:25,1,1,1,1.0,1.0,13010,RD 35,M,"43,8994030","4,7321370",13,2019,90.0,1.0,1.0,3.0,2257295,1.0,1,4,1,5.0,,0.0,0,1999.0,A01,138Â 210Â 373,1.0,-1.0,-1.0,1722976,1.0,7,,3.0,2.0,3.0,A01,138Â 210Â 373,1.0
1009415,201900050946,5,1,15:25,1,1,1,1.0,1.0,13010,RD 35,M,"43,8994030","4,7321370",13,2019,90.0,1.0,1.0,3.0,2257295,1.0,1,4,1,5.0,,0.0,0,1999.0,A01,138Â 210Â 373,1.0,-1.0,-1.0,1722977,2.0,33,,0.0,2.0,1.0,B01,138Â 210Â 374,1.0
1009415,201900050946,5,1,15:25,1,1,1,1.0,1.0,13010,RD 35,M,"43,8994030","4,7321370",13,2019,90.0,1.0,1.0,3.0,2257296,2.0,2,3,2,5.0,,0.0,0,1969.0,B01,138Â 210Â 374,2.0,-1.0,-1.0,1722976,1.0,7,,3.0,2.0,3.0,A01,138Â 210Â 373,1.0
1009415,201900050946,5,1,15:25,1,1,1,1.0,1.0,13010,RD 35,M,"43,8994030","4,7321370",13,2019,90.0,1.0,1.0,3.0,2257296,2.0,2,3,2,5.0,,0.0,0,1969.0,B01,138Â 210Â 374,2.0,-1.0,-1.0,1722977,2.0,33,,0.0,2.0,1.0,B01,138Â 210Â 374,1.0
1009415,201900050946,5,1,15:25,1,1,1,1.0,1.0,13010,RD 35,M,"43,8994030","4,7321370",13,2019,90.0,1.0,1.0,3.0,2257297,1.0,1,2,1,5.0,,0.0,0,1967.0,B01,138Â 210Â 374,2.0,-1.0,-1.0,1722976,1.0,7,,3.0,2.0,3.0,A01,138Â 210Â 373,1.0
1009415,201900050946,5,1,15:25,1,1,1,1.0,1.0,13010,RD 35,M,"43,8994030","4,7321370",13,2019,90.0,1.0,1.0,3.0,2257297,1.0,1,2,1,5.0,,0.0,0,1967.0,B01,138Â 210Â 374,2.0,-1.0,-1.0,1722977,2.0,33,,0.0,2.0,1.0,B01,138Â 210Â 374,1.0
1009416,201900050947,5,30,05:30,2,1,1,2.0,6.0,02801,Vigneux,M,"49,7502690","3,9814600",2,2019,80.0,3.0,2.0,3.0,2257298,1.0,1,3,2,1.0,,0.0,0,1994.0,A01,138Â 210Â 372,1.0,5.0,-1.0,1722978,1.0,7,,2.0,0.0,1.0,A01,138Â 210Â 372,1.0
1009417,201900050948,5,31,17:43,1,1,9,1.0,1.0,02110,D 22 Pk 26+700,M,"49,3484090","3,5467880",2,2019,80.0,1.0,1.0,3.0,2257299,1.0,1,3,1,5.0,,0.0,0,1998.0,B01,138Â 210Â 370,2.0,6.0,9.0,1722979,2.0,33,,0.0,2.0,3.0,B01,138Â 210Â 370,1.0
1009417,201900050948,5,31,17:43,1,1,9,1.0,1.0,02110,D 22 Pk 26+700,M,"49,3484090","3,5467880",2,2019,80.0,1.0,1.0,3.0,2257299,1.0,1,3,1,5.0,,0.0,0,1998.0,B01,138Â 210Â 370,2.0,6.0,9.0,1722980,1.0,7,,0.0,2.0,3.0,A01,138Â 210Â 371,1.0
1009417,201900050948,5,31,17:43,1,1,9,1.0,1.0,02110,D 22 Pk 26+700,M,"49,3484090","3,5467880",2,2019,80.0,1.0,1.0,3.0,2257300,1.0,1,1,1,5.0,,0.0,0,1936.0,A01,138Â 210Â 371,1.0,-1.0,-1.0,1722979,2.0,33,,0.0,2.0,3.0,B01,138Â 210Â 370,1.0
1009417,201900050948,5,31,17:43,1,1,9,1.0,1.0,02110,D 22 Pk 26+700,M,"49,3484090","3,5467880",2,2019,80.0,1.0,1.0,3.0,2257300,1.0,1,1,1,5.0,,0.0,0,1936.0,A01,138Â 210Â 371,1.0,-1.0,-1.0,1722980,1.0,7,,0.0,2.0,3.0,A01,138Â 210Â 371,1.0
1009418,201900050949,5,27,19:29,1,1,1,1.0,1.0,02589,Ferme du PanthÃ©on CD 18 CD pk 3+300,M,"49,4524010","3,5352460",2,2019,80.0,1.0,1.0,3.0,2257301,1.0,1,3,2,-1.0,,-1.0, -1,1985.0,B01,138Â 210Â 368,1.0,5.0,9.0,1722981,1.0,7,,12.0,0.0,2.0,B01,138Â 210Â 368,1.0
1009418,201900050949,5,27,19:29,1,1,1,1.0,1.0,02589,Ferme du PanthÃ©on CD 18 CD pk 3+300,M,"49,4524010","3,5352460",2,2019,80.0,1.0,1.0,3.0,2257301,1.0,1,3,2,-1.0,,-1.0, -1,1985.0,B01,138Â 210Â 368,1.0,5.0,9.0,1722982,2.0,7,,0.0,2.0,3.0,A01,138Â 210Â 369,1.0
1009418,201900050949,5,27,19:29,1,1,1,1.0,1.0,02589,Ferme du PanthÃ©on CD 18 CD pk 3+300,M,"49,4524010","3,5352460",2,2019,80.0,1.0,1.0,3.0,2257302,1.0,1,2,1,5.0,,0.0,0,1960.0,A01,138Â 210Â 369,1.0,9.0,-1.0,1722981,1.0,7,,12.0,0.0,2.0,B01,138Â 210Â 368,1.0
1009418,201900050949,5,27,19:29,1,1,1,1.0,1.0,02589,Ferme du PanthÃ©on CD 18 CD pk 3+300,M,"49,4524010","3,5352460",2,2019,80.0,1.0,1.0,3.0,2257302,1.0,1,2,1,5.0,,0.0,0,1960.0,A01,138Â 210Â 369,1.0,9.0,-1.0,1722982,2.0,7,,0.0,2.0,3.0,A01,138Â 210Â 369,1.0
1009419,201900050950,5,18,22:00,3,1,9,2.0,7.0,02230,Ferme de la siÃ¨ge,M,"49,3191310","3,4789410",2,2019,80.0,1.0,2.0,4.0,2257303,1.0,1,3,1,4.0,,0.0,0,1969.0,A01,138Â 210Â 367,8.0,-1.0,-1.0,1722983,3.0,36,,0.0,0.0,0.0,A01,138Â 210Â 367,1.0
1009420,201900050951,5,24,17:35,1,1,1,1.0,2.0,02643,RN31,M,"49,3974380","3,1469900",2,2019,80.0,1.0,1.0,2.0,2257304,1.0,1,1,1,0.0,,0.0,0,2000.0,B01,138Â 210Â 365,1.0,5.0,-1.0,1722984,2.0,7,,0.0,0.0,4.0,B01,138Â 210Â 365,1.0
1009420,201900050951,5,24,17:35,1,1,1,1.0,2.0,02643,RN31,M,"49,3974380","3,1469900",2,2019,80.0,1.0,1.0,2.0,2257304,1.0,1,1,1,0.0,,0.0,0,2000.0,B01,138Â 210Â 365,1.0,5.0,-1.0,1722985,2.0,33,,0.0,2.0,1.0,A01,138Â 210Â 366,1.0
1009420,201900050951,5,24,17:35,1,1,1,1.0,2.0,02643,RN31,M,"49,3974380","3,1469900",2,2019,80.0,1.0,1.0,2.0,2257305,2.0,2,1,1,0.0,,0.0,0,2000.0,B01,138Â 210Â 365,5.0,1.0,-1.0,1722984,2.0,7,,0.0,0.0,4.0,B01,138Â 210Â 365,1.0
1009420,201900050951,5,24,17:35,1,1,1,1.0,2.0,02643,RN31,M,"49,3974380","3,1469900",2,2019,80.0,1.0,1.0,2.0,2257305,2.0,2,1,1,0.0,,0.0,0,2000.0,B01,138Â 210Â 365,5.0,1.0,-1.0,1722985,2.0,33,,0.0,2.0,1.0,A01,138Â 210Â 366,1.0
1009420,201900050951,5,24,17:35,1,1,1,1.0,2.0,02643,RN31,M,"49,3974380","3,1469900",2,2019,80.0,1.0,1.0,2.0,2257306,1.0,1,3,1,5.0,,0.0,0,1973.0,A01,138Â 210Â 366,2.0,6.0,-1.0,1722984,2.0,7,,0.0,0.0,4.0,B01,138Â 210Â 365,1.0
1009420,201900050951,5,24,17:35,1,1,1,1.0,2.0,02643,RN31,M,"49,3974380","3,1469900",2,2019,80.0,1.0,1.0,2.0,2257306,1.0,1,3,1,5.0,,0.0,0,1973.0,A01,138Â 210Â 366,2.0,6.0,-1.0,1722985,2.0,33,,0.0,2.0,1.0,A01,138Â 210Â 366,1.0
1009421,201900050952,5,11,21:35,3,1,1,1.0,7.0,02420,DEPARTEMENTALE 71 PK12+800,M,"49,9054250","3,3112060",2,2019,80.0,3.0,1.0,3.0,2257307,1.0,1,3,1,5.0,,0.0,0,1997.0,A01,138Â 210Â 364,1.0,9.0,-1.0,1722986,1.0,7,,2.0,0.0,7.0,A01,138Â 210Â 364,1.0
1009422,201900050953,5,28,15:45,1,1,4,1.0,1.0,02164,Route de Jaulgonne,M,"49,1097760","3,5496870",2,2019,80.0,1.0,1.0,3.0,2257308,1.0,1,1,1,4.0,,0.0,0,1992.0,A01,138Â 210Â 362,1.0,-1.0,-1.0,1722987,2.0,7,,0.0,2.0,2.0,A01,138Â 210Â 362,1.0
1009422,201900050953,5,28,15:45,1,1,4,1.0,1.0,02164,Route de Jaulgonne,M,"49,1097760","3,5496870",2,2019,80.0,1.0,1.0,3.0,2257308,1.0,1,1,1,4.0,,0.0,0,1992.0,A01,138Â 210Â 362,1.0,-1.0,-1.0,1722988,1.0,7,,0.0,2.0,1.0,B01,138Â 210Â 363,1.0
1009422,201900050953,5,28,15:45,1,1,4,1.0,1.0,02164,Route de Jaulgonne,M,"49,1097760","3,5496870",2,2019,80.0,1.0,1.0,3.0,2257309,1.0,1,1,2,9.0,,0.0,0,1941.0,B01,138Â 210Â 363,1.0,-1.0,-1.0,1722987,2.0,7,,0.0,2.0,2.0,A01,138Â 210Â 362,1.0
1009422,201900050953,5,28,15:45,1,1,4,1.0,1.0,02164,Route de Jaulgonne,M,"49,1097760","3,5496870",2,2019,80.0,1.0,1.0,3.0,2257309,1.0,1,1,2,9.0,,0.0,0,1941.0,B01,138Â 210Â 363,1.0,-1.0,-1.0,1722988,1.0,7,,0.0,2.0,1.0,B01,138Â 210Â 363,1.0
1009422,201900050953,5,28,15:45,1,1,4,1.0,1.0,02164,Route de Jaulgonne,M,"49,1097760","3,5496870",2,2019,80.0,1.0,1.0,3.0,2257310,2.0,2,3,1,3.0,,0.0,0,1935.0,B01,138Â 210Â 363,1.0,-1.0,-1.0,1722987,2.0,7,,0.0,2.0,2.0,A01,138Â 210Â 362,1.0
1009422,201900050953,5,28,15:45,1,1,4,1.0,1.0,02164,Route de Jaulgonne,M,"49,1097760","3,5496870",2,2019,80.0,1.0,1.0,3.0,2257310,2.0,2,3,1,3.0,,0.0,0,1935.0,B01,138Â 210Â 363,1.0,-1.0,-1.0,1722988,1.0,7,,0.0,2.0,1.0,B01,138Â 210Â 363,1.0
1009423,201900050954,5,18,04:15,3,1,1,1.0,1.0,02085,CD 1,M,"49,1048030","3,3983030",2,2019,80.0,1.0,1.0,3.0,2257311,1.0,1,3,1,5.0,,0.0,0,1995.0,B01,138Â 210Â 360,1.0,-1.0,-1.0,1722989,1.0,10,,0.0,2.0,1.0,B01,138Â 210Â 360,1.0
1009423,201900050954,5,18,04:15,3,1,1,1.0,1.0,02085,CD 1,M,"49,1048030","3,3983030",2,2019,80.0,1.0,1.0,3.0,2257311,1.0,1,3,1,5.0,,0.0,0,1995.0,B01,138Â 210Â 360,1.0,-1.0,-1.0,1722990,2.0,10,,0.0,2.0,1.0,A01,138Â 210Â 361,1.0
1009423,201900050954,5,18,04:15,3,1,1,1.0,1.0,02085,CD 1,M,"49,1048030","3,3983030",2,2019,80.0,1.0,1.0,3.0,2257312,1.0,1,2,2,4.0,,0.0,0,1994.0,A01,138Â 210Â 361,1.0,-1.0,-1.0,1722989,1.0,10,,0.0,2.0,1.0,B01,138Â 210Â 360,1.0
1009423,201900050954,5,18,04:15,3,1,1,1.0,1.0,02085,CD 1,M,"49,1048030","3,3983030",2,2019,80.0,1.0,1.0,3.0,2257312,1.0,1,2,2,4.0,,0.0,0,1994.0,A01,138Â 210Â 361,1.0,-1.0,-1.0,1722990,2.0,10,,0.0,2.0,1.0,A01,138Â 210Â 361,1.0
1009423,201900050954,5,18,04:15,3,1,1,1.0,1.0,02085,CD 1,M,"49,1048030","3,3983030",2,2019,80.0,1.0,1.0,3.0,2257313,2.0,2,2,1,5.0,,0.0,0,1987.0,A01,138Â 210Â 361,1.0,-1.0,-1.0,1722989,1.0,10,,0.0,2.0,1.0,B01,138Â 210Â 360,1.0
1009423,201900050954,5,18,04:15,3,1,1,1.0,1.0,02085,CD 1,M,"49,1048030","3,3983030",2,2019,80.0,1.0,1.0,3.0,2257313,2.0,2,2,1,5.0,,0.0,0,1987.0,A01,138Â 210Â 361,1.0,-1.0,-1.0,1722990,2.0,10,,0.0,2.0,1.0,A01,138Â 210Â 361,1.0
1009424,201900050955,5,16,16:53,1,2,1,1.0,1.0,02187,79  avenue charles degaulle,M,"49,0394660","3,4339660",2,2019,50.0,1.0,1.0,3.0,2257314,1.0,1,3,1,2.0,,0.0,0,2001.0,B01,138Â 210Â 358,2.0,6.0,-1.0,1722991,1.0,2,,0.0,2.0,1.0,B01,138Â 210Â 358,1.0
1009424,201900050955,5,16,16:53,1,2,1,1.0,1.0,02187,79  avenue charles degaulle,M,"49,0394660","3,4339660",2,2019,50.0,1.0,1.0,3.0,2257314,1.0,1,3,1,2.0,,0.0,0,2001.0,B01,138Â 210Â 358,2.0,6.0,-1.0,1722992,2.0,7,,0.0,2.0,2.0,A01,138Â 210Â 359,1.0
1009424,201900050955,5,16,16:53,1,2,1,1.0,1.0,02187,79  avenue charles degaulle,M,"49,0394660","3,4339660",2,2019,50.0,1.0,1.0,3.0,2257315,1.0,1,1,1,1.0,,0.0,0,1999.0,A01,138Â 210Â 359,1.0,-1.0,-1.0,1722991,1.0,2,,0.0,2.0,1.0,B01,138Â 210Â 358,1.0
1009424,201900050955,5,16,16:53,1,2,1,1.0,1.0,02187,79  avenue charles degaulle,M,"49,0394660","3,4339660",2,2019,50.0,1.0,1.0,3.0,2257315,1.0,1,1,1,1.0,,0.0,0,1999.0,A01,138Â 210Â 359,1.0,-1.0,-1.0,1722992,2.0,7,,0.0,2.0,2.0,A01,138Â 210Â 359,1.0
1009425,201900050956,5,15,13:45,1,2,9,1.0,2.0,02114,45 Avenue de ChÃ¢teau-Thierry,M,"49,0440480","3,4131620",2,2019,50.0,1.0,1.0,4.0,2257316,1.0,1,1,2,5.0,,0.0,0,1949.0,B01,138Â 210Â 356,1.0,-1.0,-1.0,1722993,2.0,7,,0.0,0.0,6.0,B01,138Â 210Â 356,1.0
1009425,201900050956,5,15,13:45,1,2,9,1.0,2.0,02114,45 Avenue de ChÃ¢teau-Thierry,M,"49,0440480","3,4131620",2,2019,50.0,1.0,1.0,4.0,2257316,1.0,1,1,2,5.0,,0.0,0,1949.0,B01,138Â 210Â 356,1.0,-1.0,-1.0,1722994,2.0,33,,0.0,2.0,1.0,A01,138Â 210Â 357,1.0
1009425,201900050956,5,15,13:45,1,2,9,1.0,2.0,02114,45 Avenue de ChÃ¢teau-Thierry,M,"49,0440480","3,4131620",2,2019,50.0,1.0,1.0,4.0,2257317,1.0,1,3,1,1.0,,0.0,0,1991.0,A01,138Â 210Â 357,2.0,6.0,-1.0,1722993,2.0,7,,0.0,0.0,6.0,B01,138Â 210Â 356,1.0
1009425,201900050956,5,15,13:45,1,2,9,1.0,2.0,02114,45 Avenue de ChÃ¢teau-Thierry,M,"49,0440480","3,4131620",2,2019,50.0,1.0,1.0,4.0,2257317,1.0,1,3,1,1.0,,0.0,0,1991.0,A01,138Â 210Â 357,2.0,6.0,-1.0,1722994,2.0,33,,0.0,2.0,1.0,A01,138Â 210Â 357,1.0
1009426,201900050957,5,3,19:30,1,2,1,1.0,7.0,02560,12 Rue de la Cense,M,"49,6954660","3,4593360",2,2019,50.0,1.0,1.0,4.0,2257318,1.0,1,3,1,5.0,,0.0,0,1972.0,A01,138Â 210Â 355,0.0,-1.0,-1.0,1722995,1.0,31,,0.0,0.0,0.0,A01,138Â 210Â 355,1.0
1009427,201900050958,5,25,12:10,1,1,1,1.0,1.0,84066,Route de Javon,M,"43,9457820","5,3009520",84,2019,80.0,1.0,1.0,3.0,2257319,1.0,1,1,2,5.0,,0.0,0,1984.0,B01,138Â 210Â 353,1.0,-1.0,-1.0,1722996,2.0,7,,0.0,9.0,1.0,B01,138Â 210Â 353,1.0
1009427,201900050958,5,25,12:10,1,1,1,1.0,1.0,84066,Route de Javon,M,"43,9457820","5,3009520",84,2019,80.0,1.0,1.0,3.0,2257319,1.0,1,1,2,5.0,,0.0,0,1984.0,B01,138Â 210Â 353,1.0,-1.0,-1.0,1722997,1.0,1,,0.0,2.0,1.0,A01,138Â 210Â 354,5.0
1009427,201900050958,5,25,12:10,1,1,1,1.0,1.0,84066,Route de Javon,M,"43,9457820","5,3009520",84,2019,80.0,1.0,1.0,3.0,2257320,1.0,1,3,1,5.0,,0.0,0,1956.0,A01,138Â 210Â 354,2.0,-1.0,-1.0,1722996,2.0,7,,0.0,9.0,1.0,B01,138Â 210Â 353,1.0
1009427,201900050958,5,25,12:10,1,1,1,1.0,1.0,84066,Route de Javon,M,"43,9457820","5,3009520",84,2019,80.0,1.0,1.0,3.0,2257320,1.0,1,3,1,5.0,,0.0,0,1956.0,A01,138Â 210Â 354,2.0,-1.0,-1.0,1722997,1.0,1,,0.0,2.0,1.0,A01,138Â 210Â 354,5.0
1009428,201900050959,5,25,12:25,1,1,1,1.0,3.0,84085,D4,M,"43,9688700","5,2413070",84,2019,80.0,1.0,1.0,3.0,2257321,1.0,1,4,1,5.0,,0.0,0,1965.0,A01,138Â 210Â 352,2.0,-1.0,-1.0,1722998,0.0,7,,0.0,9.0,7.0,B01,138Â 210Â 351,0.0
1009428,201900050959,5,25,12:25,1,1,1,1.0,3.0,84085,D4,M,"43,9688700","5,2413070",84,2019,80.0,1.0,1.0,3.0,2257321,1.0,1,4,1,5.0,,0.0,0,1965.0,A01,138Â 210Â 352,2.0,-1.0,-1.0,1722999,0.0,1,,0.0,2.0,8.0,A01,138Â 210Â 352,5.0
1009429,201900050960,5,29,17:00,1,1,3,1.0,1.0,03083,Les Boursons,M,"46,3361797","3,3130566",3,2019,80.0,1.0,1.0,3.0,2257322,1.0,1,4,1,0.0,,0.0,0,1998.0,B01,138Â 210Â 349,2.0,6.0,-1.0,1723000,1.0,33,,0.0,2.0,1.0,B01,138Â 210Â 349,1.0
1009429,201900050960,5,29,17:00,1,1,3,1.0,1.0,03083,Les Boursons,M,"46,3361797","3,3130566",3,2019,80.0,1.0,1.0,3.0,2257322,1.0,1,4,1,0.0,,0.0,0,1998.0,B01,138Â 210Â 349,2.0,6.0,-1.0,1723001,2.0,7,,0.0,2.0,1.0,A01,138Â 210Â 350,1.0
1009429,201900050960,5,29,17:00,1,1,3,1.0,1.0,03083,Les Boursons,M,"46,3361797","3,3130566",3,2019,80.0,1.0,1.0,3.0,2257323,1.0,1,1,2,0.0,,0.0,0,1992.0,A01,138Â 210Â 350,1.0,-1.0,-1.0,1723000,1.0,33,,0.0,2.0,1.0,B01,138Â 210Â 349,1.0
1009429,201900050960,5,29,17:00,1,1,3,1.0,1.0,03083,Les Boursons,M,"46,3361797","3,3130566",3,2019,80.0,1.0,1.0,3.0,2257323,1.0,1,1,2,0.0,,0.0,0,1992.0,A01,138Â 210Â 350,1.0,-1.0,-1.0,1723001,2.0,7,,0.0,2.0,1.0,A01,138Â 210Â 350,1.0
1009430,201900050961,5,14,14:50,1,1,1,6.0,6.0,03148,Les Bonichons,M,"46,2780956","3,3305956",3,2019,80.0,8.0,1.0,3.0,2257324,1.0,1,3,2,1.0,,0.0,0,1979.0,A01,138Â 210Â 348,6.0,2.0,9.0,1723002,2.0,33,,15.0,0.0,1.0,A01,138Â 210Â 348,1.0
1009431,201900050962,12,6,14:30,1,2,2,2.0,3.0,94002,ETIENNE DOLET (R),M,"48,7987800","2,4233400",94,2019,50.0,1.0,2.0,3.0,2257325,1.0,1,4,1,4.0,,-1.0, -1,1976.0,B01,138Â 210Â 346,1.0,0.0,-1.0,1723003,1.0,7,,0.0,2.0,8.0,B01,138Â 210Â 346,1.0
1009431,201900050962,12,6,14:30,1,2,2,2.0,3.0,94002,ETIENNE DOLET (R),M,"48,7987800","2,4233400",94,2019,50.0,1.0,2.0,3.0,2257325,1.0,1,4,1,4.0,,-1.0, -1,1976.0,B01,138Â 210Â 346,1.0,0.0,-1.0,1723004,2.0,7,,0.0,2.0,1.0,A01,138Â 210Â 347,1.0
1009431,201900050962,12,6,14:30,1,2,2,2.0,3.0,94002,ETIENNE DOLET (R),M,"48,7987800","2,4233400",94,2019,50.0,1.0,2.0,3.0,2257326,1.0,1,1,1,4.0,,-1.0, -1,1971.0,A01,138Â 210Â 347,1.0,0.0,-1.0,1723003,1.0,7,,0.0,2.0,8.0,B01,138Â 210Â 346,1.0
1009431,201900050962,12,6,14:30,1,2,2,2.0,3.0,94002,ETIENNE DOLET (R),M,"48,7987800","2,4233400",94,2019,50.0,1.0,2.0,3.0,2257326,1.0,1,1,1,4.0,,-1.0, -1,1971.0,A01,138Â 210Â 347,1.0,0.0,-1.0,1723004,2.0,7,,0.0,2.0,1.0,A01,138Â 210Â 347,1.0
1009432,201900050963,12,6,08:50,1,2,1,8.0,6.0,93066,"""PERI GABRIEL, NR 2  A 114 ET 1 A 133""",M,"48,9335100","2,3555600",93,2019,30.0,1.0,2.0,4.0,2257327,1.0,1,1,1,9.0,,-1.0, -1,1980.0,A01,138Â 210Â 345,8.0,0.0,-1.0,1723005,2.0,1,,15.0,2.0,1.0,A01,138Â 210Â 345,5.0