Unnamed: 0_x,num_acc,mois,jour,hrmn,lum,agg,int,atm,col,com,adr,gps,lat,long,dep,annee,vma,situ,surf,catr,Unnamed: 0_y,place,catu,grav,sexe,trajet,secu,locp,actp,an_nais,num_veh_x,id_vehicule_x,secu1,secu2,secu3,Unnamed: 0,senc,catv,occutc,obs,obsm,choc,num_veh_y,id_vehicule_y,motor
1009432,201900050963,12,6,08:50,1,2,1,8.0,6.0,93066,"""PERI GABRIEL, NR 2  A 114 ET 1 A 133""",M,"48,9335100","2,3555600",93,2019,30.0,1.0,2.0,4.0,2257328,10.0,3,4,2,0.0,,3.0,3,1964.0,A01,138Â 210Â 345,8.0,0.0,-1.0,1723005,2.0,1,,15.0,2.0,1.0,A01,138Â 210Â 345,5.0
1009433,201900050964,12,4,09:20,1,2,1,1.0,3.0,93066,STADE DE FRANCE (AVENUE DU),M,"48,9196000","2,3617000",93,2019,20.0,1.0,1.0,4.0,2257329,2.0,2,1,2,1.0,,-1.0, -1,1994.0,A01,138Â 210Â 343,8.0,0.0,-1.0,1723006,3.0,7,,0.0,1.0,3.0,A01,138Â 210Â 343,1.0
1009433,201900050964,12,4,09:20,1,2,1,1.0,3.0,93066,STADE DE FRANCE (AVENUE DU),M,"48,9196000","2,3617000",93,2019,20.0,1.0,1.0,4.0,2257329,2.0,2,1,2,1.0,,-1.0, -1,1994.0,A01,138Â 210Â 343,8.0,0.0,-1.0,1723007,3.0,80,,0.0,2.0,1.0,B01,138Â 210Â 344,3.0
1009433,201900050964,12,4,09:20,1,2,1,1.0,3.0,93066,STADE DE FRANCE (AVENUE DU),M,"48,9196000","2,3617000",93,2019,20.0,1.0,1.0,4.0,2257330,1.0,1,1,1,1.0,,-1.0, -1,1994.0,A01,138Â 210Â 343,8.0,0.0,-1.0,1723006,3.0,7,,0.0,1.0,3.0,A01,138Â 210Â 343,1.0
1009433,201900050964,12,4,09:20,1,2,1,1.0,3.0,93066,STADE DE FRANCE (AVENUE DU),M,"48,9196000","2,3617000",93,2019,20.0,1.0,1.0,4.0,2257330,1.0,1,1,1,1.0,,-1.0, -1,1994.0,A01,138Â 210Â 343,8.0,0.0,-1.0,1723007,3.0,80,,0.0,2.0,1.0,B01,138Â 210Â 344,3.0
1009433,201900050964,12,4,09:20,1,2,1,1.0,3.0,93066,STADE DE FRANCE (AVENUE DU),M,"48,9196000","2,3617000",93,2019,20.0,1.0,1.0,4.0,2257331,1.0,1,4,1,0.0,,0.0,0,1993.0,B01,138Â 210Â 344,8.0,0.0,-1.0,1723006,3.0,7,,0.0,1.0,3.0,A01,138Â 210Â 343,1.0
1009433,201900050964,12,4,09:20,1,2,1,1.0,3.0,93066,STADE DE FRANCE (AVENUE DU),M,"48,9196000","2,3617000",93,2019,20.0,1.0,1.0,4.0,2257331,1.0,1,4,1,0.0,,0.0,0,1993.0,B01,138Â 210Â 344,8.0,0.0,-1.0,1723007,3.0,80,,0.0,2.0,1.0,B01,138Â 210Â 344,3.0
1009434,201900050965,12,5,15:00,1,2,1,8.0,3.0,93066,ELUARD PAUL NR 2 A 36 ET 1 A 49,M,"48,9392125","2,3466003",93,2019,50.0,1.0,1.0,3.0,2257332,1.0,1,1,1,0.0,,-1.0, -1,1992.0,B01,138Â 210Â 341,1.0,0.0,-1.0,1723008,3.0,7,,0.0,2.0,2.0,B01,138Â 210Â 341,1.0
1009434,201900050965,12,5,15:00,1,2,1,8.0,3.0,93066,ELUARD PAUL NR 2 A 36 ET 1 A 49,M,"48,9392125","2,3466003",93,2019,50.0,1.0,1.0,3.0,2257332,1.0,1,1,1,0.0,,-1.0, -1,1992.0,B01,138Â 210Â 341,1.0,0.0,-1.0,1723009,3.0,30,,0.0,2.0,8.0,A01,138Â 210Â 342,0.0
1009434,201900050965,12,5,15:00,1,2,1,8.0,3.0,93066,ELUARD PAUL NR 2 A 36 ET 1 A 49,M,"48,9392125","2,3466003",93,2019,50.0,1.0,1.0,3.0,2257333,1.0,1,4,1,0.0,,-1.0, -1,1978.0,A01,138Â 210Â 342,2.0,6.0,-1.0,1723008,3.0,7,,0.0,2.0,2.0,B01,138Â 210Â 341,1.0
1009434,201900050965,12,5,15:00,1,2,1,8.0,3.0,93066,ELUARD PAUL NR 2 A 36 ET 1 A 49,M,"48,9392125","2,3466003",93,2019,50.0,1.0,1.0,3.0,2257333,1.0,1,4,1,0.0,,-1.0, -1,1978.0,A01,138Â 210Â 342,2.0,6.0,-1.0,1723009,3.0,30,,0.0,2.0,8.0,A01,138Â 210Â 342,0.0
1009435,201900050966,12,4,11:00,1,2,3,1.0,6.0,93066,"""BONNEVIDE, NR 2-56 ET 3-11""",M,"48,9388800","2,3603700",93,2019,50.0,1.0,1.0,4.0,2257334,1.0,1,4,2,0.0,,-1.0, -1,1978.0,A01,138Â 210Â 340,1.0,8.0,-1.0,1723010,3.0,7,,1.0,2.0,2.0,A01,138Â 210Â 340,1.0
1009436,201900050967,12,6,00:50,5,2,1,1.0,6.0,93077,GRANDE RUE,M,"48,8825700","2,5171600",93,2019,50.0,4.0,1.0,3.0,2257335,1.0,1,4,1,0.0,,-1.0, -1,1983.0,A01,138Â 210Â 339,8.0,8.0,-1.0,1723011,2.0,7,,2.0,0.0,1.0,A01,138Â 210Â 339,1.0
1009436,201900050967,12,6,00:50,5,2,1,1.0,6.0,93077,GRANDE RUE,M,"48,8825700","2,5171600",93,2019,50.0,4.0,1.0,3.0,2257336,2.0,2,4,1,0.0,,-1.0, -1,1986.0,A01,138Â 210Â 339,8.0,0.0,-1.0,1723011,2.0,7,,2.0,0.0,1.0,A01,138Â 210Â 339,1.0
1009436,201900050967,12,6,00:50,5,2,1,1.0,6.0,93077,GRANDE RUE,M,"48,8825700","2,5171600",93,2019,50.0,4.0,1.0,3.0,2257337,4.0,2,4,1,0.0,,-1.0, -1,1983.0,A01,138Â 210Â 339,8.0,0.0,-1.0,1723011,2.0,7,,2.0,0.0,1.0,A01,138Â 210Â 339,1.0
1009437,201900050968,12,6,13:15,1,2,1,2.0,1.0,93055,JEAN LOLIVE (AVENUE)(137/FIN ET 134/FIN),M,"48,8931520","2,4127330",93,2019,50.0,1.0,2.0,3.0,2257338,1.0,1,4,1,9.0,,-1.0, -1,2002.0,A01,138Â 210Â 337,2.0,8.0,-1.0,1723012,2.0,30,,0.0,2.0,1.0,A01,138Â 210Â 337,0.0
1009437,201900050968,12,6,13:15,1,2,1,2.0,1.0,93055,JEAN LOLIVE (AVENUE)(137/FIN ET 134/FIN),M,"48,8931520","2,4127330",93,2019,50.0,1.0,2.0,3.0,2257338,1.0,1,4,1,9.0,,-1.0, -1,2002.0,A01,138Â 210Â 337,2.0,8.0,-1.0,1723013,2.0,15,,0.0,2.0,0.0,B01,138Â 210Â 338,0.0
1009437,201900050968,12,6,13:15,1,2,1,2.0,1.0,93055,JEAN LOLIVE (AVENUE)(137/FIN ET 134/FIN),M,"48,8931520","2,4127330",93,2019,50.0,1.0,2.0,3.0,2257339,1.0,1,1,1,9.0,,-1.0, -1,1973.0,B01,138Â 210Â 338,1.0,0.0,-1.0,1723012,2.0,30,,0.0,2.0,1.0,A01,138Â 210Â 337,0.0
1009437,201900050968,12,6,13:15,1,2,1,2.0,1.0,93055,JEAN LOLIVE (AVENUE)(137/FIN ET 134/FIN),M,"48,8931520","2,4127330",93,2019,50.0,1.0,2.0,3.0,2257339,1.0,1,1,1,9.0,,-1.0, -1,1973.0,B01,138Â 210Â 338,1.0,0.0,-1.0,1723013,2.0,15,,0.0,2.0,0.0,B01,138Â 210Â 338,0.0
1009438,201900050969,12,3,08:05,1,2,1,1.0,1.0,93050,LOUIS ARMAND (RUE),M,"48,8605120","2,5202060",93,2019,50.0,1.0,2.0,4.0,2257340,1.0,1,1,2,1.0,,-1.0, -1,1995.0,A01,138Â 210Â 335,1.0,8.0,-1.0,1723014,0.0,7,,0.0,2.0,1.0,A01,138Â 210Â 335,1.0
1009438,201900050969,12,3,08:05,1,2,1,1.0,1.0,93050,LOUIS ARMAND (RUE),M,"48,8605120","2,5202060",93,2019,50.0,1.0,2.0,4.0,2257340,1.0,1,1,2,1.0,,-1.0, -1,1995.0,A01,138Â 210Â 335,1.0,8.0,-1.0,1723015,0.0,7,,0.0,2.0,1.0,B01,138Â 210Â 336,1.0
1009438,201900050969,12,3,08:05,1,2,1,1.0,1.0,93050,LOUIS ARMAND (RUE),M,"48,8605120","2,5202060",93,2019,50.0,1.0,2.0,4.0,2257341,1.0,1,3,2,1.0,,-1.0, -1,1967.0,B01,138Â 210Â 336,1.0,0.0,-1.0,1723014,0.0,7,,0.0,2.0,1.0,A01,138Â 210Â 335,1.0
1009438,201900050969,12,3,08:05,1,2,1,1.0,1.0,93050,LOUIS ARMAND (RUE),M,"48,8605120","2,5202060",93,2019,50.0,1.0,2.0,4.0,2257341,1.0,1,3,2,1.0,,-1.0, -1,1967.0,B01,138Â 210Â 336,1.0,0.0,-1.0,1723015,0.0,7,,0.0,2.0,1.0,B01,138Â 210Â 336,1.0
1009439,201900050970,12,3,12:40,1,2,1,1.0,2.0,93051,SOUCHET (BOULEVARD),M,"48,8398530","2,5408720",93,2019,50.0,1.0,1.0,3.0,2257342,1.0,1,1,1,1.0,,-1.0, -1,1967.0,B01,138Â 210Â 333,1.0,0.0,-1.0,1723016,1.0,7,,0.0,2.0,6.0,B01,138Â 210Â 333,1.0
1009439,201900050970,12,3,12:40,1,2,1,1.0,2.0,93051,SOUCHET (BOULEVARD),M,"48,8398530","2,5408720",93,2019,50.0,1.0,1.0,3.0,2257342,1.0,1,1,1,1.0,,-1.0, -1,1967.0,B01,138Â 210Â 333,1.0,0.0,-1.0,1723017,1.0,7,,0.0,2.0,4.0,A01,138Â 210Â 334,1.0
1009439,201900050970,12,3,12:40,1,2,1,1.0,2.0,93051,SOUCHET (BOULEVARD),M,"48,8398530","2,5408720",93,2019,50.0,1.0,1.0,3.0,2257343,1.0,1,4,2,5.0,,-1.0, -1,1999.0,A01,138Â 210Â 334,1.0,0.0,-1.0,1723016,1.0,7,,0.0,2.0,6.0,B01,138Â 210Â 333,1.0
1009439,201900050970,12,3,12:40,1,2,1,1.0,2.0,93051,SOUCHET (BOULEVARD),M,"48,8398530","2,5408720",93,2019,50.0,1.0,1.0,3.0,2257343,1.0,1,4,2,5.0,,-1.0, -1,1999.0,A01,138Â 210Â 334,1.0,0.0,-1.0,1723017,1.0,7,,0.0,2.0,4.0,A01,138Â 210Â 334,1.0
1009440,201900050971,12,5,22:10,5,2,4,5.0,3.0,93063,BARBUSSE HENRI BOULEVARD,M,"48,8811390","2,4410760",93,2019,50.0,1.0,1.0,3.0,2257344,1.0,1,4,1,0.0,,-1.0, -1,1979.0,A01,138Â 210Â 331,2.0,0.0,-1.0,1723018,3.0,34,,0.0,2.0,1.0,A01,138Â 210Â 331,1.0
1009440,201900050971,12,5,22:10,5,2,4,5.0,3.0,93063,BARBUSSE HENRI BOULEVARD,M,"48,8811390","2,4410760",93,2019,50.0,1.0,1.0,3.0,2257344,1.0,1,4,1,0.0,,-1.0, -1,1979.0,A01,138Â 210Â 331,2.0,0.0,-1.0,1723019,3.0,3,,0.0,2.0,6.0,B01,138Â 210Â 332,1.0
1009440,201900050971,12,5,22:10,5,2,4,5.0,3.0,93063,BARBUSSE HENRI BOULEVARD,M,"48,8811390","2,4410760",93,2019,50.0,1.0,1.0,3.0,2257345,1.0,1,1,1,0.0,,-1.0, -1,1980.0,B01,138Â 210Â 332,1.0,0.0,-1.0,1723018,3.0,34,,0.0,2.0,1.0,A01,138Â 210Â 331,1.0
1009440,201900050971,12,5,22:10,5,2,4,5.0,3.0,93063,BARBUSSE HENRI BOULEVARD,M,"48,8811390","2,4410760",93,2019,50.0,1.0,1.0,3.0,2257345,1.0,1,1,1,0.0,,-1.0, -1,1980.0,B01,138Â 210Â 332,1.0,0.0,-1.0,1723019,3.0,3,,0.0,2.0,6.0,B01,138Â 210Â 332,1.0
1009441,201900050972,12,2,09:00,1,2,1,1.0,6.0,93031,REPUBLIQUE (AVENUE),M,"48,9497100","2,3293800",93,2019,50.0,1.0,1.0,3.0,2257346,10.0,3,4,1,0.0,,3.0,3,1944.0,A01,138Â 210Â 330,0.0,-1.0,-1.0,1723020,1.0,7,,0.0,1.0,4.0,A01,138Â 210Â 330,1.0
1009441,201900050972,12,2,09:00,1,2,1,1.0,6.0,93031,REPUBLIQUE (AVENUE),M,"48,9497100","2,3293800",93,2019,50.0,1.0,1.0,3.0,2257347,1.0,1,1,1,0.0,,-1.0, -1,1981.0,A01,138Â 210Â 330,1.0,0.0,-1.0,1723020,1.0,7,,0.0,1.0,4.0,A01,138Â 210Â 330,1.0
1009442,201900050973,12,4,08:55,1,2,1,8.0,6.0,93014,MONTFERMEIL (ALLEE DE),M,"48,8991400","2,5433100",93,2019,50.0,1.0,1.0,4.0,2257348,1.0,1,1,2,5.0,,0.0,0,1984.0,A01,138Â 210Â 329,1.0,0.0,-1.0,1723021,1.0,7,,0.0,1.0,2.0,A01,138Â 210Â 329,1.0
1009442,201900050973,12,4,08:55,1,2,1,8.0,6.0,93014,MONTFERMEIL (ALLEE DE),M,"48,8991400","2,5433100",93,2019,50.0,1.0,1.0,4.0,2257349,10.0,3,4,2,1.0,,2.0,3,2001.0,A01,138Â 210Â 329,8.0,0.0,-1.0,1723021,1.0,7,,0.0,1.0,2.0,A01,138Â 210Â 329,1.0
1009443,201900050974,12,6,16:25,1,2,1,2.0,2.0,93057,BRIAND ( AV. ARISTIDE) 1 A29,M,"48,9081000","2,4935000",93,2019,50.0,1.0,2.0,3.0,2257350,1.0,1,4,1,4.0,,-1.0, -1,1993.0,A01,138Â 210Â 328,2.0,0.0,-1.0,1723022,1.0,7,,0.0,2.0,4.0,B01,138Â 210Â 327,0.0
1009443,201900050974,12,6,16:25,1,2,1,2.0,2.0,93057,BRIAND ( AV. ARISTIDE) 1 A29,M,"48,9081000","2,4935000",93,2019,50.0,1.0,2.0,3.0,2257350,1.0,1,4,1,4.0,,-1.0, -1,1993.0,A01,138Â 210Â 328,2.0,0.0,-1.0,1723023,1.0,30,,0.0,2.0,1.0,A01,138Â 210Â 328,1.0
1009444,201900050975,12,6,22:50,5,2,1,2.0,7.0,93007,PABLO NERUDA (AVENUE),M,"48,9514557","2,4679756",93,2019,50.0,1.0,2.0,3.0,2257351,1.0,1,4,2,5.0,,-1.0, -1,1993.0,A01,138Â 210Â 326,1.0,8.0,-1.0,1723024,3.0,7,,14.0,0.0,2.0,A01,138Â 210Â 326,1.0
1009445,201900050976,12,4,10:40,1,2,3,1.0,3.0,93007,GEORGES BIZET (RUE),M,"48,9383740","2,4687570",93,2019,50.0,1.0,1.0,4.0,2257352,1.0,1,1,1,0.0,,-1.0, -1,1965.0,A01,138Â 210Â 324,1.0,0.0,-1.0,1723025,0.0,7,,0.0,2.0,1.0,A01,138Â 210Â 324,0.0
1009445,201900050976,12,4,10:40,1,2,3,1.0,3.0,93007,GEORGES BIZET (RUE),M,"48,9383740","2,4687570",93,2019,50.0,1.0,1.0,4.0,2257352,1.0,1,1,1,0.0,,-1.0, -1,1965.0,A01,138Â 210Â 324,1.0,0.0,-1.0,1723026,1.0,7,,0.0,2.0,3.0,B01,138Â 210Â 325,0.0
1009445,201900050976,12,4,10:40,1,2,3,1.0,3.0,93007,GEORGES BIZET (RUE),M,"48,9383740","2,4687570",93,2019,50.0,1.0,1.0,4.0,2257353,1.0,1,4,2,0.0,,-1.0, -1,1956.0,B01,138Â 210Â 325,1.0,0.0,-1.0,1723025,0.0,7,,0.0,2.0,1.0,A01,138Â 210Â 324,0.0
1009445,201900050976,12,4,10:40,1,2,3,1.0,3.0,93007,GEORGES BIZET (RUE),M,"48,9383740","2,4687570",93,2019,50.0,1.0,1.0,4.0,2257353,1.0,1,4,2,0.0,,-1.0, -1,1956.0,B01,138Â 210Â 325,1.0,0.0,-1.0,1723026,1.0,7,,0.0,2.0,3.0,B01,138Â 210Â 325,0.0
1009446,201900050977,12,6,14:59,1,2,1,2.0,6.0,93005,ALBERT BALLET (RUE),M,"48,9216310","2,4910490",93,2019,50.0,1.0,2.0,4.0,2257354,10.0,3,4,2,0.0,,2.0,3,1946.0,A01,138Â 210Â 323,8.0,0.0,-1.0,1723027,3.0,7,,0.0,1.0,0.0,A01,138Â 210Â 323,0.0
1009446,201900050977,12,6,14:59,1,2,1,2.0,6.0,93005,ALBERT BALLET (RUE),M,"48,9216310","2,4910490",93,2019,50.0,1.0,2.0,4.0,2257355,1.0,1,1,1,0.0,,-1.0, -1,1996.0,A01,138Â 210Â 323,1.0,0.0,-1.0,1723027,3.0,7,,0.0,1.0,0.0,A01,138Â 210Â 323,0.0
1009447,201900050978,12,6,17:30,5,2,1,1.0,3.0,92078,GALLIENI (BD) (1 A 79 ET 22 A 102),M,"48,9264092","2,3286480",92,2019,15.0,1.0,1.0,3.0,2257356,1.0,1,4,2,0.0,,-1.0, -1,1987.0,B01,138Â 210Â 321,1.0,0.0,-1.0,1723028,3.0,7,,0.0,2.0,2.0,B01,138Â 210Â 321,1.0
1009447,201900050978,12,6,17:30,5,2,1,1.0,3.0,92078,GALLIENI (BD) (1 A 79 ET 22 A 102),M,"48,9264092","2,3286480",92,2019,15.0,1.0,1.0,3.0,2257356,1.0,1,4,2,0.0,,-1.0, -1,1987.0,B01,138Â 210Â 321,1.0,0.0,-1.0,1723029,3.0,7,,0.0,2.0,3.0,A01,138Â 210Â 322,1.0
1009447,201900050978,12,6,17:30,5,2,1,1.0,3.0,92078,GALLIENI (BD) (1 A 79 ET 22 A 102),M,"48,9264092","2,3286480",92,2019,15.0,1.0,1.0,3.0,2257357,1.0,1,1,2,0.0,,-1.0, -1,2000.0,A01,138Â 210Â 322,1.0,0.0,-1.0,1723028,3.0,7,,0.0,2.0,2.0,B01,138Â 210Â 321,1.0
1009447,201900050978,12,6,17:30,5,2,1,1.0,3.0,92078,GALLIENI (BD) (1 A 79 ET 22 A 102),M,"48,9264092","2,3286480",92,2019,15.0,1.0,1.0,3.0,2257357,1.0,1,1,2,0.0,,-1.0, -1,2000.0,A01,138Â 210Â 322,1.0,0.0,-1.0,1723029,3.0,7,,0.0,2.0,3.0,A01,138Â 210Â 322,1.0
1009448,201900050979,12,6,11:58,1,2,3,2.0,6.0,92051,"CHARLES DE GAULLE (AVENUE, NÂ°27 A 129)",M,"48,8813020","2,2723060",92,2019,50.0,1.0,2.0,2.0,2257358,10.0,3,4,2,0.0,,4.0,3,1954.0,A01,138Â 210Â 320,8.0,0.0,-1.0,1723030,1.0,13,,0.0,1.0,2.0,A01,138Â 210Â 320,1.0
1009448,201900050979,12,6,11:58,1,2,3,2.0,6.0,92051,"CHARLES DE GAULLE (AVENUE, NÂ°27 A 129)",M,"48,8813020","2,2723060",92,2019,50.0,1.0,2.0,2.0,2257359,1.0,1,1,1,0.0,,-1.0,0,1975.0,A01,138Â 210Â 320,1.0,0.0,-1.0,1723030,1.0,13,,0.0,1.0,2.0,A01,138Â 210Â 320,1.0
1009449,201900050980,12,4,21:20,5,2,1,1.0,6.0,92036,GENEAL DE GAULLE (AVENUE) (1/41),M,"48,9333923","2,3086557",92,2019,50.0,1.0,1.0,3.0,2257360,1.0,1,1,2,0.0,,-1.0,0,1995.0,A01,138Â 210Â 318,1.0,8.0,-1.0,1723031,1.0,7,,0.0,2.0,3.0,A01,138Â 210Â 318,1.0
1009449,201900050980,12,4,21:20,5,2,1,1.0,6.0,92036,GENEAL DE GAULLE (AVENUE) (1/41),M,"48,9333923","2,3086557",92,2019,50.0,1.0,1.0,3.0,2257360,1.0,1,1,2,0.0,,-1.0,0,1995.0,A01,138Â 210Â 318,1.0,8.0,-1.0,1723032,1.0,2,,0.0,2.0,1.0,B01,138Â 210Â 319,1.0
1009449,201900050980,12,4,21:20,5,2,1,1.0,6.0,92036,GENEAL DE GAULLE (AVENUE) (1/41),M,"48,9333923","2,3086557",92,2019,50.0,1.0,1.0,3.0,2257361,1.0,1,4,1,4.0,,-1.0,0,2001.0,B01,138Â 210Â 319,2.0,8.0,-1.0,1723031,1.0,7,,0.0,2.0,3.0,A01,138Â 210Â 318,1.0
1009449,201900050980,12,4,21:20,5,2,1,1.0,6.0,92036,GENEAL DE GAULLE (AVENUE) (1/41),M,"48,9333923","2,3086557",92,2019,50.0,1.0,1.0,3.0,2257361,1.0,1,4,1,4.0,,-1.0,0,2001.0,B01,138Â 210Â 319,2.0,8.0,-1.0,1723032,1.0,2,,0.0,2.0,1.0,B01,138Â 210Â 319,1.0
1009450,201900050981,12,5,18:00,5,2,1,1.0,6.0,92036,GENERAL DE GAULLE (AVENUE) (PAIRS),M,"48,9331400","2,3129200",92,2019,50.0,1.0,1.0,3.0,2257362,1.0,1,4,1,0.0,,-1.0,0,1990.0,A01,138Â 210Â 317,8.0,0.0,-1.0,1723033,1.0,32,,0.0,1.0,1.0,A01,138Â 210Â 317,1.0
1009450,201900050981,12,5,18:00,5,2,1,1.0,6.0,92036,GENERAL DE GAULLE (AVENUE) (PAIRS),M,"48,9331400","2,3129200",92,2019,50.0,1.0,1.0,3.0,2257363,10.0,3,3,1,0.0,,2.0,3,1973.0,A01,138Â 210Â 317,0.0,-1.0,-1.0,1723033,1.0,32,,0.0,1.0,1.0,A01,138Â 210Â 317,1.0
1009451,201900050982,12,6,10:10,1,2,2,2.0,6.0,92024,HENRI BARBUSSE (RUE) DE (73 A 139)/ MARTRE,M,"48,9008972","2,3080301",92,2019,50.0,1.0,2.0,3.0,2257364,10.0,3,3,1,0.0,,4.0,3,1936.0,A01,138Â 210Â 316,0.0,-1.0,-1.0,1723034,1.0,7,,0.0,1.0,2.0,A01,138Â 210Â 316,1.0
1009451,201900050982,12,6,10:10,1,2,2,2.0,6.0,92024,HENRI BARBUSSE (RUE) DE (73 A 139)/ MARTRE,M,"48,9008972","2,3080301",92,2019,50.0,1.0,2.0,3.0,2257365,1.0,1,1,1,0.0,,-1.0,0,1987.0,A01,138Â 210Â 316,1.0,0.0,-1.0,1723034,1.0,7,,0.0,1.0,2.0,A01,138Â 210Â 316,1.0
1009452,201900050983,12,6,13:50,1,2,2,1.0,3.0,92012,PAUL BERT (RUE),M,"48,8348000","2,2394800",92,2019,50.0,1.0,2.0,4.0,2257366,1.0,1,3,1,4.0,,-1.0,0,1983.0,A01,138Â 210Â 314,2.0,8.0,-1.0,1723035,3.0,2,,0.0,2.0,1.0,A01,138Â 210Â 314,1.0
1009452,201900050983,12,6,13:50,1,2,2,1.0,3.0,92012,PAUL BERT (RUE),M,"48,8348000","2,2394800",92,2019,50.0,1.0,2.0,4.0,2257366,1.0,1,3,1,4.0,,-1.0,0,1983.0,A01,138Â 210Â 314,2.0,8.0,-1.0,1723036,2.0,7,,0.0,2.0,5.0,B01,138Â 210Â 315,1.0
1009452,201900050983,12,6,13:50,1,2,2,1.0,3.0,92012,PAUL BERT (RUE),M,"48,8348000","2,2394800",92,2019,50.0,1.0,2.0,4.0,2257367,1.0,1,1,2,1.0,,-1.0,0,1995.0,B01,138Â 210Â 315,1.0,8.0,-1.0,1723035,3.0,2,,0.0,2.0,1.0,A01,138Â 210Â 314,1.0
1009452,201900050983,12,6,13:50,1,2,2,1.0,3.0,92012,PAUL BERT (RUE),M,"48,8348000","2,2394800",92,2019,50.0,1.0,2.0,4.0,2257367,1.0,1,1,2,1.0,,-1.0,0,1995.0,B01,138Â 210Â 315,1.0,8.0,-1.0,1723036,2.0,7,,0.0,2.0,5.0,B01,138Â 210Â 315,1.0
1009453,201900050984,12,6,17:15,5,2,3,9.0,3.0,49333,Rue Nationale,M,"47,5784470"," -0,3516264",49,2019,50.0,1.0,1.0,3.0,2257368,1.0,1,3,1,1.0,,0.0,0,1988.0,B01,138Â 210Â 312,2.0,-1.0,-1.0,1723037,1.0,33,,0.0,2.0,2.0,B01,138Â 210Â 312,0.0
1009453,201900050984,12,6,17:15,5,2,3,9.0,3.0,49333,Rue Nationale,M,"47,5784470"," -0,3516264",49,2019,50.0,1.0,1.0,3.0,2257368,1.0,1,3,1,1.0,,0.0,0,1988.0,B01,138Â 210Â 312,2.0,-1.0,-1.0,1723038,1.0,7,,0.0,2.0,2.0,A01,138Â 210Â 313,1.0
1009453,201900050984,12,6,17:15,5,2,3,9.0,3.0,49333,Rue Nationale,M,"47,5784470"," -0,3516264",49,2019,50.0,1.0,1.0,3.0,2257369,1.0,1,1,1,1.0,,0.0,0,1980.0,A01,138Â 210Â 313,1.0,-1.0,-1.0,1723037,1.0,33,,0.0,2.0,2.0,B01,138Â 210Â 312,0.0
1009453,201900050984,12,6,17:15,5,2,3,9.0,3.0,49333,Rue Nationale,M,"47,5784470"," -0,3516264",49,2019,50.0,1.0,1.0,3.0,2257369,1.0,1,1,1,1.0,,0.0,0,1980.0,A01,138Â 210Â 313,1.0,-1.0,-1.0,1723038,1.0,7,,0.0,2.0,2.0,A01,138Â 210Â 313,1.0
1009454,201900050985,12,7,01:00,3,1,1,1.0,7.0,22004,D767,M,"48,6447480"," -3,3269240",22,2019,110.0,3.0,2.0,3.0,2257370,1.0,1,4,1,5.0,,0.0,0,1998.0,A01,138Â 210Â 311,1.0,-1.0,-1.0,1723039,1.0,7,,13.0,0.0,7.0,A01,138Â 210Â 311,1.0
1009455,201900050986,12,7,09:51,1,2,2,1.0,3.0,62043,Route d'Andres,M,"50,9064010","1,9327240",62,2019,50.0,1.0,1.0,3.0,2257371,1.0,1,1,1,9.0,,0.0,0,1981.0,A01,138Â 210Â 309,1.0,-1.0,-1.0,1723040,3.0,7,,0.0,2.0,7.0,A01,138Â 210Â 309,1.0
1009455,201900050986,12,7,09:51,1,2,2,1.0,3.0,62043,Route d'Andres,M,"50,9064010","1,9327240",62,2019,50.0,1.0,1.0,3.0,2257371,1.0,1,1,1,9.0,,0.0,0,1981.0,A01,138Â 210Â 309,1.0,-1.0,-1.0,1723041,3.0,1,,0.0,2.0,1.0,B01,138Â 210Â 310,5.0
1009455,201900050986,12,7,09:51,1,2,2,1.0,3.0,62043,Route d'Andres,M,"50,9064010","1,9327240",62,2019,50.0,1.0,1.0,3.0,2257372,1.0,1,4,1,5.0,,0.0,0,1955.0,B01,138Â 210Â 310,2.0,-1.0,-1.0,1723040,3.0,7,,0.0,2.0,7.0,A01,138Â 210Â 309,1.0
1009455,201900050986,12,7,09:51,1,2,2,1.0,3.0,62043,Route d'Andres,M,"50,9064010","1,9327240",62,2019,50.0,1.0,1.0,3.0,2257372,1.0,1,4,1,5.0,,0.0,0,1955.0,B01,138Â 210Â 310,2.0,-1.0,-1.0,1723041,3.0,1,,0.0,2.0,1.0,B01,138Â 210Â 310,5.0
1009456,201900050987,12,7,10:45,1,2,1,2.0,4.0,59287,Rue du Chateau d'Eau,M,"50,1060990","3,3377810",59,2019,-1.0,1.0,2.0,3.0,2257373,1.0,1,3,1,5.0,,0.0,0,1973.0,A01,138Â 210Â 306,2.0,-1.0,-1.0,1723042,1.0,31,,0.0,0.0,8.0,A01,138Â 210Â 306,1.0
1009456,201900050987,12,7,10:45,1,2,1,2.0,4.0,59287,Rue du Chateau d'Eau,M,"50,1060990","3,3377810",59,2019,-1.0,1.0,2.0,3.0,2257373,1.0,1,3,1,5.0,,0.0,0,1973.0,A01,138Â 210Â 306,2.0,-1.0,-1.0,1723043,1.0,33,,0.0,0.0,4.0,B01,138Â 210Â 307,1.0
1009456,201900050987,12,7,10:45,1,2,1,2.0,4.0,59287,Rue du Chateau d'Eau,M,"50,1060990","3,3377810",59,2019,-1.0,1.0,2.0,3.0,2257373,1.0,1,3,1,5.0,,0.0,0,1973.0,A01,138Â 210Â 306,2.0,-1.0,-1.0,1723044,1.0,33,,0.0,2.0,1.0,C01,138Â 210Â 308,1.0