Unnamed: 0_x,num_acc,mois,jour,hrmn,lum,agg,int,atm,col,com,adr,gps,lat,long,dep,annee,vma,situ,surf,catr,Unnamed: 0_y,place,catu,grav,sexe,trajet,secu,locp,actp,an_nais,num_veh_x,id_vehicule_x,secu1,secu2,secu3,Unnamed: 0,senc,catv,occutc,obs,obsm,choc,num_veh_y,id_vehicule_y,motor
1009456,201900050987,12,7,10:45,1,2,1,2.0,4.0,59287,Rue du Chateau d'Eau,M,"50,1060990","3,3377810",59,2019,-1.0,1.0,2.0,3.0,2257374,1.0,1,1,1,5.0,,0.0,0,1964.0,B01,138Â 210Â 307,2.0,-1.0,-1.0,1723042,1.0,31,,0.0,0.0,8.0,A01,138Â 210Â 306,1.0
1009456,201900050987,12,7,10:45,1,2,1,2.0,4.0,59287,Rue du Chateau d'Eau,M,"50,1060990","3,3377810",59,2019,-1.0,1.0,2.0,3.0,2257374,1.0,1,1,1,5.0,,0.0,0,1964.0,B01,138Â 210Â 307,2.0,-1.0,-1.0,1723043,1.0,33,,0.0,0.0,4.0,B01,138Â 210Â 307,1.0
1009456,201900050987,12,7,10:45,1,2,1,2.0,4.0,59287,Rue du Chateau d'Eau,M,"50,1060990","3,3377810",59,2019,-1.0,1.0,2.0,3.0,2257374,1.0,1,1,1,5.0,,0.0,0,1964.0,B01,138Â 210Â 307,2.0,-1.0,-1.0,1723044,1.0,33,,0.0,2.0,1.0,C01,138Â 210Â 308,1.0
1009456,201900050987,12,7,10:45,1,2,1,2.0,4.0,59287,Rue du Chateau d'Eau,M,"50,1060990","3,3377810",59,2019,-1.0,1.0,2.0,3.0,2257375,2.0,2,4,2,5.0,,0.0,0,2010.0,C01,138Â 210Â 308,2.0,-1.0,-1.0,1723042,1.0,31,,0.0,0.0,8.0,A01,138Â 210Â 306,1.0
1009456,201900050987,12,7,10:45,1,2,1,2.0,4.0,59287,Rue du Chateau d'Eau,M,"50,1060990","3,3377810",59,2019,-1.0,1.0,2.0,3.0,2257375,2.0,2,4,2,5.0,,0.0,0,2010.0,C01,138Â 210Â 308,2.0,-1.0,-1.0,1723043,1.0,33,,0.0,0.0,4.0,B01,138Â 210Â 307,1.0
1009456,201900050987,12,7,10:45,1,2,1,2.0,4.0,59287,Rue du Chateau d'Eau,M,"50,1060990","3,3377810",59,2019,-1.0,1.0,2.0,3.0,2257375,2.0,2,4,2,5.0,,0.0,0,2010.0,C01,138Â 210Â 308,2.0,-1.0,-1.0,1723044,1.0,33,,0.0,2.0,1.0,C01,138Â 210Â 308,1.0
1009456,201900050987,12,7,10:45,1,2,1,2.0,4.0,59287,Rue du Chateau d'Eau,M,"50,1060990","3,3377810",59,2019,-1.0,1.0,2.0,3.0,2257376,1.0,1,4,1,5.0,,0.0,0,1989.0,C01,138Â 210Â 308,2.0,-1.0,-1.0,1723042,1.0,31,,0.0,0.0,8.0,A01,138Â 210Â 306,1.0
1009456,201900050987,12,7,10:45,1,2,1,2.0,4.0,59287,Rue du Chateau d'Eau,M,"50,1060990","3,3377810",59,2019,-1.0,1.0,2.0,3.0,2257376,1.0,1,4,1,5.0,,0.0,0,1989.0,C01,138Â 210Â 308,2.0,-1.0,-1.0,1723043,1.0,33,,0.0,0.0,4.0,B01,138Â 210Â 307,1.0
1009456,201900050987,12,7,10:45,1,2,1,2.0,4.0,59287,Rue du Chateau d'Eau,M,"50,1060990","3,3377810",59,2019,-1.0,1.0,2.0,3.0,2257376,1.0,1,4,1,5.0,,0.0,0,1989.0,C01,138Â 210Â 308,2.0,-1.0,-1.0,1723044,1.0,33,,0.0,2.0,1.0,C01,138Â 210Â 308,1.0
1009457,201900050988,12,7,06:50,3,1,1,1.0,3.0,56050,93 Rue du Grand Champ de Brambuan,M,"47,9511460"," -2,5277520",56,2019,110.0,1.0,2.0,2.0,2257377,1.0,1,3,1,5.0,,0.0,0,1987.0,A01,138Â 210Â 304,1.0,-1.0,-1.0,1723045,2.0,7,,3.0,0.0,3.0,A01,138Â 210Â 304,1.0
1009457,201900050988,12,7,06:50,3,1,1,1.0,3.0,56050,93 Rue du Grand Champ de Brambuan,M,"47,9511460"," -2,5277520",56,2019,110.0,1.0,2.0,2.0,2257377,1.0,1,3,1,5.0,,0.0,0,1987.0,A01,138Â 210Â 304,1.0,-1.0,-1.0,1723046,2.0,7,,14.0,0.0,1.0,B01,138Â 210Â 305,1.0
1009457,201900050988,12,7,06:50,3,1,1,1.0,3.0,56050,93 Rue du Grand Champ de Brambuan,M,"47,9511460"," -2,5277520",56,2019,110.0,1.0,2.0,2.0,2257378,1.0,1,4,1,1.0,,0.0,0,1978.0,B01,138Â 210Â 305,1.0,-1.0,-1.0,1723045,2.0,7,,3.0,0.0,3.0,A01,138Â 210Â 304,1.0
1009457,201900050988,12,7,06:50,3,1,1,1.0,3.0,56050,93 Rue du Grand Champ de Brambuan,M,"47,9511460"," -2,5277520",56,2019,110.0,1.0,2.0,2.0,2257378,1.0,1,4,1,1.0,,0.0,0,1978.0,B01,138Â 210Â 305,1.0,-1.0,-1.0,1723046,2.0,7,,14.0,0.0,1.0,B01,138Â 210Â 305,1.0
1009458,201900050989,12,6,20:55,5,2,1,2.0,7.0,56005,31 Rue des Ramandeurs,M,"47,5437186"," -2,8839612",56,2019,50.0,1.0,2.0,3.0,2257379,1.0,1,2,1,5.0,,0.0,0,1993.0,A01,138Â 210Â 303,2.0,6.0,-1.0,1723047,1.0,32,,14.0,0.0,0.0,A01,138Â 210Â 303,1.0
1009459,201900050990,12,6,22:00,3,1,1,1.0,6.0,71410,D978,M,"46,7005890","5,0747900",71,2019,80.0,3.0,1.0,3.0,2257380,1.0,1,3,2,0.0,,0.0,0,1985.0,A01,138Â 210Â 302,8.0,-1.0,-1.0,1723048,1.0,7,,17.0,0.0,1.0,A01,138Â 210Â 302,1.0
1009460,201900050991,12,6,13:30,1,1,1,1.0,7.0,63323,D265,M,"45,4412230","3,6005040",63,2019,80.0,3.0,2.0,3.0,2257381,1.0,1,3,1,4.0,,0.0,0,1948.0,A01,138Â 210Â 301,1.0,-1.0,-1.0,1723049,1.0,17,,16.0,0.0,7.0,A01,138Â 210Â 301,1.0
1009461,201900050992,12,6,14:24,1,1,1,2.0,1.0,86075,D347,M,"46,8192130","0,1699880",86,2019,80.0,1.0,1.0,3.0,2257382,1.0,1,1,1,0.0,,0.0,0,1991.0,B01,138Â 210Â 299,1.0,9.0,-1.0,1723050,2.0,7,,0.0,2.0,1.0,B01,138Â 210Â 299,0.0
1009461,201900050992,12,6,14:24,1,1,1,2.0,1.0,86075,D347,M,"46,8192130","0,1699880",86,2019,80.0,1.0,1.0,3.0,2257382,1.0,1,1,1,0.0,,0.0,0,1991.0,B01,138Â 210Â 299,1.0,9.0,-1.0,1723051,1.0,7,,0.0,2.0,1.0,A01,138Â 210Â 300,0.0
1009461,201900050992,12,6,14:24,1,1,1,2.0,1.0,86075,D347,M,"46,8192130","0,1699880",86,2019,80.0,1.0,1.0,3.0,2257383,1.0,1,2,1,0.0,,0.0,0,1958.0,A01,138Â 210Â 300,1.0,9.0,-1.0,1723050,2.0,7,,0.0,2.0,1.0,B01,138Â 210Â 299,0.0
1009461,201900050992,12,6,14:24,1,1,1,2.0,1.0,86075,D347,M,"46,8192130","0,1699880",86,2019,80.0,1.0,1.0,3.0,2257383,1.0,1,2,1,0.0,,0.0,0,1958.0,A01,138Â 210Â 300,1.0,9.0,-1.0,1723051,1.0,7,,0.0,2.0,1.0,A01,138Â 210Â 300,0.0
1009462,201900050993,11,18,14:03,1,2,1,1.0,6.0,34207,50 grande rue,M,"43,3883080","3,5180700",34,2019,-1.0,1.0,1.0,9.0,2257384,1.0,1,1,1,4.0,,0.0,0,1997.0,A01,138Â 210Â 298,8.0,-1.0,-1.0,1723052,0.0,7,,0.0,1.0,4.0,A01,138Â 210Â 298,1.0
1009462,201900050993,11,18,14:03,1,2,1,1.0,6.0,34207,50 grande rue,M,"43,3883080","3,5180700",34,2019,-1.0,1.0,1.0,9.0,2257385,10.0,3,3,1,5.0,,1.0,2,1929.0,A01,138Â 210Â 298,0.0,-1.0,-1.0,1723052,0.0,7,,0.0,1.0,4.0,A01,138Â 210Â 298,1.0
1009463,201900050994,12,6,13:30,1,2,2,1.0,3.0,68349,22 Rue des AlliÃ©s,M,"47,6096530","7,5634160",68,2019,50.0,1.0,1.0,4.0,2257386,2.0,2,4,2,2.0,,0.0,0,1960.0,B01,138Â 210Â 296,1.0,9.0,-1.0,1723053,1.0,7,,0.0,0.0,7.0,B01,138Â 210Â 296,1.0
1009463,201900050994,12,6,13:30,1,2,2,1.0,3.0,68349,22 Rue des AlliÃ©s,M,"47,6096530","7,5634160",68,2019,50.0,1.0,1.0,4.0,2257386,2.0,2,4,2,2.0,,0.0,0,1960.0,B01,138Â 210Â 296,1.0,9.0,-1.0,1723054,2.0,7,,0.0,2.0,1.0,A01,138Â 210Â 297,1.0
1009463,201900050994,12,6,13:30,1,2,2,1.0,3.0,68349,22 Rue des AlliÃ©s,M,"47,6096530","7,5634160",68,2019,50.0,1.0,1.0,4.0,2257387,1.0,1,4,2,2.0,,0.0,0,1984.0,B01,138Â 210Â 296,1.0,9.0,-1.0,1723053,1.0,7,,0.0,0.0,7.0,B01,138Â 210Â 296,1.0
1009463,201900050994,12,6,13:30,1,2,2,1.0,3.0,68349,22 Rue des AlliÃ©s,M,"47,6096530","7,5634160",68,2019,50.0,1.0,1.0,4.0,2257387,1.0,1,4,2,2.0,,0.0,0,1984.0,B01,138Â 210Â 296,1.0,9.0,-1.0,1723054,2.0,7,,0.0,2.0,1.0,A01,138Â 210Â 297,1.0
1009463,201900050994,12,6,13:30,1,2,2,1.0,3.0,68349,22 Rue des AlliÃ©s,M,"47,6096530","7,5634160",68,2019,50.0,1.0,1.0,4.0,2257388,4.0,2,1,1,2.0,,0.0,0,2009.0,B01,138Â 210Â 296,1.0,9.0,-1.0,1723053,1.0,7,,0.0,0.0,7.0,B01,138Â 210Â 296,1.0
1009463,201900050994,12,6,13:30,1,2,2,1.0,3.0,68349,22 Rue des AlliÃ©s,M,"47,6096530","7,5634160",68,2019,50.0,1.0,1.0,4.0,2257388,4.0,2,1,1,2.0,,0.0,0,2009.0,B01,138Â 210Â 296,1.0,9.0,-1.0,1723054,2.0,7,,0.0,2.0,1.0,A01,138Â 210Â 297,1.0
1009463,201900050994,12,6,13:30,1,2,2,1.0,3.0,68349,22 Rue des AlliÃ©s,M,"47,6096530","7,5634160",68,2019,50.0,1.0,1.0,4.0,2257389,1.0,1,1,2,2.0,,0.0,0,1977.0,A01,138Â 210Â 297,1.0,-1.0,-1.0,1723053,1.0,7,,0.0,0.0,7.0,B01,138Â 210Â 296,1.0
1009463,201900050994,12,6,13:30,1,2,2,1.0,3.0,68349,22 Rue des AlliÃ©s,M,"47,6096530","7,5634160",68,2019,50.0,1.0,1.0,4.0,2257389,1.0,1,1,2,2.0,,0.0,0,1977.0,A01,138Â 210Â 297,1.0,-1.0,-1.0,1723054,2.0,7,,0.0,2.0,1.0,A01,138Â 210Â 297,1.0
1009464,201900050995,12,6,19:15,3,1,1,2.0,1.0,22061,D3,M,"48,2199848"," -3,4258997",22,2019,80.0,1.0,2.0,3.0,2257390,1.0,1,3,2,3.0,,0.0,0,1967.0,B01,138Â 210Â 294,1.0,-1.0,-1.0,1723055,2.0,7,,0.0,2.0,3.0,B01,138Â 210Â 294,1.0
1009464,201900050995,12,6,19:15,3,1,1,2.0,1.0,22061,D3,M,"48,2199848"," -3,4258997",22,2019,80.0,1.0,2.0,3.0,2257390,1.0,1,3,2,3.0,,0.0,0,1967.0,B01,138Â 210Â 294,1.0,-1.0,-1.0,1723056,1.0,7,,0.0,2.0,3.0,A01,138Â 210Â 295,1.0
1009464,201900050995,12,6,19:15,3,1,1,2.0,1.0,22061,D3,M,"48,2199848"," -3,4258997",22,2019,80.0,1.0,2.0,3.0,2257391,1.0,1,4,1,5.0,,0.0,0,1966.0,A01,138Â 210Â 295,8.0,-1.0,-1.0,1723055,2.0,7,,0.0,2.0,3.0,B01,138Â 210Â 294,1.0
1009464,201900050995,12,6,19:15,3,1,1,2.0,1.0,22061,D3,M,"48,2199848"," -3,4258997",22,2019,80.0,1.0,2.0,3.0,2257391,1.0,1,4,1,5.0,,0.0,0,1966.0,A01,138Â 210Â 295,8.0,-1.0,-1.0,1723056,1.0,7,,0.0,2.0,3.0,A01,138Â 210Â 295,1.0
1009465,201900050996,12,6,19:40,3,1,1,2.0,1.0,02320,D930,M,"49,8191680","3,2046580",2,2019,80.0,1.0,2.0,3.0,2257392,1.0,1,3,2,5.0,,0.0,0,2000.0,B01,138Â 210Â 292,8.0,-1.0,-1.0,1723057,1.0,7,,0.0,2.0,3.0,B01,138Â 210Â 292,1.0
1009465,201900050996,12,6,19:40,3,1,1,2.0,1.0,02320,D930,M,"49,8191680","3,2046580",2,2019,80.0,1.0,2.0,3.0,2257392,1.0,1,3,2,5.0,,0.0,0,2000.0,B01,138Â 210Â 292,8.0,-1.0,-1.0,1723058,2.0,7,,0.0,2.0,3.0,A01,138Â 210Â 293,1.0
1009465,201900050996,12,6,19:40,3,1,1,2.0,1.0,02320,D930,M,"49,8191680","3,2046580",2,2019,80.0,1.0,2.0,3.0,2257393,1.0,1,1,1,5.0,,0.0,0,1987.0,A01,138Â 210Â 293,8.0,-1.0,-1.0,1723057,1.0,7,,0.0,2.0,3.0,B01,138Â 210Â 292,1.0
1009465,201900050996,12,6,19:40,3,1,1,2.0,1.0,02320,D930,M,"49,8191680","3,2046580",2,2019,80.0,1.0,2.0,3.0,2257393,1.0,1,1,1,5.0,,0.0,0,1987.0,A01,138Â 210Â 293,8.0,-1.0,-1.0,1723058,2.0,7,,0.0,2.0,3.0,A01,138Â 210Â 293,1.0
1009466,201900050997,12,6,22:20,3,1,1,1.0,6.0,15019,D922,M,"45,3191300","2,4087390",15,2019,80.0,1.0,2.0,3.0,2257394,2.0,2,4,2,5.0,,0.0,0,2003.0,A01,138Â 210Â 291,1.0,-1.0,-1.0,1723059,1.0,7,,3.0,0.0,1.0,A01,138Â 210Â 291,1.0
1009466,201900050997,12,6,22:20,3,1,1,1.0,6.0,15019,D922,M,"45,3191300","2,4087390",15,2019,80.0,1.0,2.0,3.0,2257395,1.0,1,1,1,5.0,,0.0,0,2000.0,A01,138Â 210Â 291,1.0,-1.0,-1.0,1723059,1.0,7,,3.0,0.0,1.0,A01,138Â 210Â 291,1.0
1009467,201900050998,12,6,20:00,3,1,2,1.0,3.0,01406,D46,M,"46,4302650","5,0660620",1,2019,80.0,1.0,1.0,3.0,2257396,1.0,1,4,1,0.0,,0.0,0,1973.0,A01,138Â 210Â 289,1.0,-1.0,-1.0,1723060,1.0,7,,9.0,0.0,7.0,A01,138Â 210Â 289,1.0
1009467,201900050998,12,6,20:00,3,1,2,1.0,3.0,01406,D46,M,"46,4302650","5,0660620",1,2019,80.0,1.0,1.0,3.0,2257396,1.0,1,4,1,0.0,,0.0,0,1973.0,A01,138Â 210Â 289,1.0,-1.0,-1.0,1723061,1.0,7,,0.0,2.0,1.0,B01,138Â 210Â 290,1.0
1009467,201900050998,12,6,20:00,3,1,2,1.0,3.0,01406,D46,M,"46,4302650","5,0660620",1,2019,80.0,1.0,1.0,3.0,2257397,9.0,2,1,2,5.0,,0.0,0,2016.0,B01,138Â 210Â 290,1.0,-1.0,-1.0,1723060,1.0,7,,9.0,0.0,7.0,A01,138Â 210Â 289,1.0
1009467,201900050998,12,6,20:00,3,1,2,1.0,3.0,01406,D46,M,"46,4302650","5,0660620",1,2019,80.0,1.0,1.0,3.0,2257397,9.0,2,1,2,5.0,,0.0,0,2016.0,B01,138Â 210Â 290,1.0,-1.0,-1.0,1723061,1.0,7,,0.0,2.0,1.0,B01,138Â 210Â 290,1.0
1009467,201900050998,12,6,20:00,3,1,2,1.0,3.0,01406,D46,M,"46,4302650","5,0660620",1,2019,80.0,1.0,1.0,3.0,2257398,1.0,1,4,2,5.0,,0.0,0,1988.0,B01,138Â 210Â 290,1.0,-1.0,-1.0,1723060,1.0,7,,9.0,0.0,7.0,A01,138Â 210Â 289,1.0
1009467,201900050998,12,6,20:00,3,1,2,1.0,3.0,01406,D46,M,"46,4302650","5,0660620",1,2019,80.0,1.0,1.0,3.0,2257398,1.0,1,4,2,5.0,,0.0,0,1988.0,B01,138Â 210Â 290,1.0,-1.0,-1.0,1723061,1.0,7,,0.0,2.0,1.0,B01,138Â 210Â 290,1.0
1009467,201900050998,12,6,20:00,3,1,2,1.0,3.0,01406,D46,M,"46,4302650","5,0660620",1,2019,80.0,1.0,1.0,3.0,2257399,7.0,2,1,2,5.0,,0.0,0,2012.0,B01,138Â 210Â 290,1.0,-1.0,-1.0,1723060,1.0,7,,9.0,0.0,7.0,A01,138Â 210Â 289,1.0
1009467,201900050998,12,6,20:00,3,1,2,1.0,3.0,01406,D46,M,"46,4302650","5,0660620",1,2019,80.0,1.0,1.0,3.0,2257399,7.0,2,1,2,5.0,,0.0,0,2012.0,B01,138Â 210Â 290,1.0,-1.0,-1.0,1723061,1.0,7,,0.0,2.0,1.0,B01,138Â 210Â 290,1.0
1009467,201900050998,12,6,20:00,3,1,2,1.0,3.0,01406,D46,M,"46,4302650","5,0660620",1,2019,80.0,1.0,1.0,3.0,2257400,2.0,2,1,1,5.0,,0.0,0,1990.0,B01,138Â 210Â 290,1.0,-1.0,-1.0,1723060,1.0,7,,9.0,0.0,7.0,A01,138Â 210Â 289,1.0
1009467,201900050998,12,6,20:00,3,1,2,1.0,3.0,01406,D46,M,"46,4302650","5,0660620",1,2019,80.0,1.0,1.0,3.0,2257400,2.0,2,1,1,5.0,,0.0,0,1990.0,B01,138Â 210Â 290,1.0,-1.0,-1.0,1723061,1.0,7,,0.0,2.0,1.0,B01,138Â 210Â 290,1.0
1009468,201900050999,12,6,14:50,1,1,1,8.0,6.0,58140,RD27,M,"46,8684660","3,9927150",58,2019,80.0,8.0,2.0,3.0,2257401,1.0,1,3,1,5.0,,0.0,0,1968.0,A01,138Â 210Â 288,1.0,-1.0,-1.0,1723062,1.0,7,,13.0,0.0,1.0,A01,138Â 210Â 288,1.0
1009469,201900051000,12,7,14:15,1,1,1,1.0,6.0,72297,lieu dit tremblay,M,"48,1810270","0,1204350",72,2019,-1.0,3.0,2.0,3.0,2257402,2.0,2,3,1,5.0,,0.0,0,1981.0,A01,138Â 210Â 287,1.0,-1.0,-1.0,1723063,1.0,7,,2.0,0.0,3.0,A01,138Â 210Â 287,1.0
1009469,201900051000,12,7,14:15,1,1,1,1.0,6.0,72297,lieu dit tremblay,M,"48,1810270","0,1204350",72,2019,-1.0,3.0,2.0,3.0,2257403,1.0,1,4,2,5.0,,0.0,0,1986.0,A01,138Â 210Â 287,1.0,-1.0,-1.0,1723063,1.0,7,,2.0,0.0,3.0,A01,138Â 210Â 287,1.0
1009469,201900051000,12,7,14:15,1,1,1,1.0,6.0,72297,lieu dit tremblay,M,"48,1810270","0,1204350",72,2019,-1.0,3.0,2.0,3.0,2257404,7.0,2,4,1,5.0,,0.0,0,2012.0,A01,138Â 210Â 287,1.0,-1.0,-1.0,1723063,1.0,7,,2.0,0.0,3.0,A01,138Â 210Â 287,1.0
1009469,201900051000,12,7,14:15,1,1,1,1.0,6.0,72297,lieu dit tremblay,M,"48,1810270","0,1204350",72,2019,-1.0,3.0,2.0,3.0,2257405,9.0,2,4,2,5.0,,0.0,0,2014.0,A01,138Â 210Â 287,1.0,-1.0,-1.0,1723063,1.0,7,,2.0,0.0,3.0,A01,138Â 210Â 287,1.0
1009470,201900051001,12,6,11:50,1,2,1,1.0,3.0,90017,20 Rue de Delle,M,"47,5575720","6,9242110",90,2019,50.0,1.0,1.0,3.0,2257406,1.0,1,4,1,5.0,,0.0,0,1997.0,B01,138Â 210Â 285,2.0,-1.0,-1.0,1723064,2.0,2,,0.0,2.0,1.0,B01,138Â 210Â 285,1.0
1009470,201900051001,12,6,11:50,1,2,1,1.0,3.0,90017,20 Rue de Delle,M,"47,5575720","6,9242110",90,2019,50.0,1.0,1.0,3.0,2257406,1.0,1,4,1,5.0,,0.0,0,1997.0,B01,138Â 210Â 285,2.0,-1.0,-1.0,1723065,2.0,7,,0.0,2.0,3.0,A01,138Â 210Â 286,1.0
1009470,201900051001,12,6,11:50,1,2,1,1.0,3.0,90017,20 Rue de Delle,M,"47,5575720","6,9242110",90,2019,50.0,1.0,1.0,3.0,2257407,1.0,1,1,1,1.0,,0.0,0,1964.0,A01,138Â 210Â 286,8.0,-1.0,-1.0,1723064,2.0,2,,0.0,2.0,1.0,B01,138Â 210Â 285,1.0
1009470,201900051001,12,6,11:50,1,2,1,1.0,3.0,90017,20 Rue de Delle,M,"47,5575720","6,9242110",90,2019,50.0,1.0,1.0,3.0,2257407,1.0,1,1,1,1.0,,0.0,0,1964.0,A01,138Â 210Â 286,8.0,-1.0,-1.0,1723065,2.0,7,,0.0,2.0,3.0,A01,138Â 210Â 286,1.0
1009471,201900051002,12,6,20:05,3,1,1,1.0,6.0,09046,D3,M,"43,0834500","1,1202430",9,2019,80.0,3.0,1.0,3.0,2257408,1.0,1,4,2,1.0,,0.0,0,1993.0,A01,138Â 210Â 284,1.0,-1.0,-1.0,1723066,1.0,7,,8.0,0.0,1.0,A01,138Â 210Â 284,1.0
1009472,201900051003,12,7,18:30,1,2,1,1.0,4.0,60477,N31,M,"49,4267230","1,9314530",60,2019,50.0,1.0,1.0,2.0,2257409,1.0,1,1,2,1.0,,0.0,0,1984.0,A01,138Â 210Â 281,1.0,-1.0,-1.0,1723067,0.0,7,,0.0,2.0,1.0,A01,138Â 210Â 281,3.0
1009472,201900051003,12,7,18:30,1,2,1,1.0,4.0,60477,N31,M,"49,4267230","1,9314530",60,2019,50.0,1.0,1.0,2.0,2257409,1.0,1,1,2,1.0,,0.0,0,1984.0,A01,138Â 210Â 281,1.0,-1.0,-1.0,1723068,0.0,7,,0.0,2.0,4.0,B01,138Â 210Â 282,1.0
1009472,201900051003,12,7,18:30,1,2,1,1.0,4.0,60477,N31,M,"49,4267230","1,9314530",60,2019,50.0,1.0,1.0,2.0,2257409,1.0,1,1,2,1.0,,0.0,0,1984.0,A01,138Â 210Â 281,1.0,-1.0,-1.0,1723069,0.0,7,,0.0,0.0,4.0,C01,138Â 210Â 283,1.0
1009472,201900051003,12,7,18:30,1,2,1,1.0,4.0,60477,N31,M,"49,4267230","1,9314530",60,2019,50.0,1.0,1.0,2.0,2257410,2.0,2,1,2,0.0,,0.0,0,1968.0,B01,138Â 210Â 282,1.0,-1.0,-1.0,1723067,0.0,7,,0.0,2.0,1.0,A01,138Â 210Â 281,3.0
1009472,201900051003,12,7,18:30,1,2,1,1.0,4.0,60477,N31,M,"49,4267230","1,9314530",60,2019,50.0,1.0,1.0,2.0,2257410,2.0,2,1,2,0.0,,0.0,0,1968.0,B01,138Â 210Â 282,1.0,-1.0,-1.0,1723068,0.0,7,,0.0,2.0,4.0,B01,138Â 210Â 282,1.0
1009472,201900051003,12,7,18:30,1,2,1,1.0,4.0,60477,N31,M,"49,4267230","1,9314530",60,2019,50.0,1.0,1.0,2.0,2257410,2.0,2,1,2,0.0,,0.0,0,1968.0,B01,138Â 210Â 282,1.0,-1.0,-1.0,1723069,0.0,7,,0.0,0.0,4.0,C01,138Â 210Â 283,1.0
1009472,201900051003,12,7,18:30,1,2,1,1.0,4.0,60477,N31,M,"49,4267230","1,9314530",60,2019,50.0,1.0,1.0,2.0,2257411,1.0,1,1,1,0.0,,0.0,0,1965.0,B01,138Â 210Â 282,1.0,-1.0,-1.0,1723067,0.0,7,,0.0,2.0,1.0,A01,138Â 210Â 281,3.0
1009472,201900051003,12,7,18:30,1,2,1,1.0,4.0,60477,N31,M,"49,4267230","1,9314530",60,2019,50.0,1.0,1.0,2.0,2257411,1.0,1,1,1,0.0,,0.0,0,1965.0,B01,138Â 210Â 282,1.0,-1.0,-1.0,1723068,0.0,7,,0.0,2.0,4.0,B01,138Â 210Â 282,1.0
1009472,201900051003,12,7,18:30,1,2,1,1.0,4.0,60477,N31,M,"49,4267230","1,9314530",60,2019,50.0,1.0,1.0,2.0,2257411,1.0,1,1,1,0.0,,0.0,0,1965.0,B01,138Â 210Â 282,1.0,-1.0,-1.0,1723069,0.0,7,,0.0,0.0,4.0,C01,138Â 210Â 283,1.0
1009472,201900051003,12,7,18:30,1,2,1,1.0,4.0,60477,N31,M,"49,4267230","1,9314530",60,2019,50.0,1.0,1.0,2.0,2257412,1.0,1,4,2,0.0,,0.0,0,1986.0,C01,138Â 210Â 283,1.0,-1.0,-1.0,1723067,0.0,7,,0.0,2.0,1.0,A01,138Â 210Â 281,3.0
1009472,201900051003,12,7,18:30,1,2,1,1.0,4.0,60477,N31,M,"49,4267230","1,9314530",60,2019,50.0,1.0,1.0,2.0,2257412,1.0,1,4,2,0.0,,0.0,0,1986.0,C01,138Â 210Â 283,1.0,-1.0,-1.0,1723068,0.0,7,,0.0,2.0,4.0,B01,138Â 210Â 282,1.0
1009472,201900051003,12,7,18:30,1,2,1,1.0,4.0,60477,N31,M,"49,4267230","1,9314530",60,2019,50.0,1.0,1.0,2.0,2257412,1.0,1,4,2,0.0,,0.0,0,1986.0,C01,138Â 210Â 283,1.0,-1.0,-1.0,1723069,0.0,7,,0.0,0.0,4.0,C01,138Â 210Â 283,1.0
1009473,201900051004,12,5,10:10,1,1,1,7.0,1.0,18109,Lieu Dit le Perry,M,"47,3158610","2,5123130",18,2019,80.0,1.0,1.0,3.0,2257413,1.0,1,1,1,4.0,,0.0,0,1977.0,B01,138Â 210Â 278,1.0,-1.0,-1.0,1723070,2.0,10,,0.0,2.0,3.0,B01,138Â 210Â 278,1.0
1009473,201900051004,12,5,10:10,1,1,1,7.0,1.0,18109,Lieu Dit le Perry,M,"47,3158610","2,5123130",18,2019,80.0,1.0,1.0,3.0,2257413,1.0,1,1,1,4.0,,0.0,0,1977.0,B01,138Â 210Â 278,1.0,-1.0,-1.0,1723071,1.0,7,,0.0,2.0,1.0,A01,138Â 210Â 279,1.0
1009473,201900051004,12,5,10:10,1,1,1,7.0,1.0,18109,Lieu Dit le Perry,M,"47,3158610","2,5123130",18,2019,80.0,1.0,1.0,3.0,2257414,1.0,1,3,1,1.0,,0.0,0,2001.0,A01,138Â 210Â 279,1.0,-1.0,-1.0,1723070,2.0,10,,0.0,2.0,3.0,B01,138Â 210Â 278,1.0
1009473,201900051004,12,5,10:10,1,1,1,7.0,1.0,18109,Lieu Dit le Perry,M,"47,3158610","2,5123130",18,2019,80.0,1.0,1.0,3.0,2257414,1.0,1,3,1,1.0,,0.0,0,2001.0,A01,138Â 210Â 279,1.0,-1.0,-1.0,1723071,1.0,7,,0.0,2.0,1.0,A01,138Â 210Â 279,1.0
1009473,201900051004,12,5,10:10,1,1,1,7.0,1.0,18109,Lieu Dit le Perry,M,"47,3158610","2,5123130",18,2019,80.0,1.0,1.0,3.0,2257415,2.0,2,4,1,1.0,,0.0,0,2000.0,A01,138Â 210Â 279,1.0,-1.0,-1.0,1723070,2.0,10,,0.0,2.0,3.0,B01,138Â 210Â 278,1.0
1009473,201900051004,12,5,10:10,1,1,1,7.0,1.0,18109,Lieu Dit le Perry,M,"47,3158610","2,5123130",18,2019,80.0,1.0,1.0,3.0,2257415,2.0,2,4,1,1.0,,0.0,0,2000.0,A01,138Â 210Â 279,1.0,-1.0,-1.0,1723071,1.0,7,,0.0,2.0,1.0,A01,138Â 210Â 279,1.0
1009474,201900051005,12,6,16:05,1,1,1,8.0,6.0,16259,Ld Chante Graule,M,"45,8793590","0,6243500",16,2019,80.0,3.0,1.0,2.0,2257416,4.0,2,1,1,9.0,,0.0,0,2003.0,A01,138Â 210Â 277,9.0,-1.0,-1.0,1723072,2.0,7,,8.0,0.0,1.0,A01,138Â 210Â 277,1.0