Unnamed: 0_x,num_acc,mois,jour,hrmn,lum,agg,int,atm,col,com,adr,gps,lat,long,dep,annee,vma,situ,surf,catr,Unnamed: 0_y,place,catu,grav,sexe,trajet,secu,locp,actp,an_nais,num_veh_x,id_vehicule_x,secu1,secu2,secu3,Unnamed: 0,senc,catv,occutc,obs,obsm,choc,num_veh_y,id_vehicule_y,motor
1009474,201900051005,12,6,16:05,1,1,1,8.0,6.0,16259,Ld Chante Graule,M,"45,8793590","0,6243500",16,2019,80.0,3.0,1.0,2.0,2257417,1.0,1,1,1,4.0,,0.0,0,1976.0,A01,138Â 210Â 277,1.0,-1.0,-1.0,1723072,2.0,7,,8.0,0.0,1.0,A01,138Â 210Â 277,1.0
1009474,201900051005,12,6,16:05,1,1,1,8.0,6.0,16259,Ld Chante Graule,M,"45,8793590","0,6243500",16,2019,80.0,3.0,1.0,2.0,2257418,7.0,2,4,1,4.0,,0.0,0,1987.0,A01,138Â 210Â 277,1.0,-1.0,-1.0,1723072,2.0,7,,8.0,0.0,1.0,A01,138Â 210Â 277,1.0
1009475,201900051006,12,7,10:23,1,1,1,1.0,6.0,04054,RN 85 Col de l'Orme,M,"44,0303500","6,2051130",4,2019,90.0,1.0,1.0,2.0,2257419,1.0,1,4,1,5.0,,0.0,0,1969.0,A01,138Â 210Â 276,2.0,6.0,9.0,1723073,1.0,33,,0.0,6.0,3.0,A01,138Â 210Â 276,1.0
1009476,201900051007,12,6,16:00,1,1,1,1.0,5.0,85204,D754,M,"46,8403900"," -1,7492980",85,2019,70.0,1.0,1.0,3.0,2257420,1.0,1,1,2,5.0,,0.0,0,1970.0,C01,138Â 210Â 273,1.0,-1.0,-1.0,1723074,2.0,7,,0.0,2.0,2.0,C01,138Â 210Â 273,1.0
1009476,201900051007,12,6,16:00,1,1,1,1.0,5.0,85204,D754,M,"46,8403900"," -1,7492980",85,2019,70.0,1.0,1.0,3.0,2257420,1.0,1,1,2,5.0,,0.0,0,1970.0,C01,138Â 210Â 273,1.0,-1.0,-1.0,1723075,2.0,7,,0.0,2.0,3.0,B01,138Â 210Â 274,1.0
1009476,201900051007,12,6,16:00,1,1,1,1.0,5.0,85204,D754,M,"46,8403900"," -1,7492980",85,2019,70.0,1.0,1.0,3.0,2257420,1.0,1,1,2,5.0,,0.0,0,1970.0,C01,138Â 210Â 273,1.0,-1.0,-1.0,1723076,1.0,7,,0.0,2.0,1.0,A01,138Â 210Â 275,1.0
1009476,201900051007,12,6,16:00,1,1,1,1.0,5.0,85204,D754,M,"46,8403900"," -1,7492980",85,2019,70.0,1.0,1.0,3.0,2257421,1.0,1,4,2,5.0,,0.0,0,1945.0,B01,138Â 210Â 274,1.0,-1.0,-1.0,1723074,2.0,7,,0.0,2.0,2.0,C01,138Â 210Â 273,1.0
1009476,201900051007,12,6,16:00,1,1,1,1.0,5.0,85204,D754,M,"46,8403900"," -1,7492980",85,2019,70.0,1.0,1.0,3.0,2257421,1.0,1,4,2,5.0,,0.0,0,1945.0,B01,138Â 210Â 274,1.0,-1.0,-1.0,1723075,2.0,7,,0.0,2.0,3.0,B01,138Â 210Â 274,1.0
1009476,201900051007,12,6,16:00,1,1,1,1.0,5.0,85204,D754,M,"46,8403900"," -1,7492980",85,2019,70.0,1.0,1.0,3.0,2257421,1.0,1,4,2,5.0,,0.0,0,1945.0,B01,138Â 210Â 274,1.0,-1.0,-1.0,1723076,1.0,7,,0.0,2.0,1.0,A01,138Â 210Â 275,1.0
1009476,201900051007,12,6,16:00,1,1,1,1.0,5.0,85204,D754,M,"46,8403900"," -1,7492980",85,2019,70.0,1.0,1.0,3.0,2257422,1.0,1,3,1,5.0,,0.0,0,2001.0,A01,138Â 210Â 275,1.0,-1.0,-1.0,1723074,2.0,7,,0.0,2.0,2.0,C01,138Â 210Â 273,1.0
1009476,201900051007,12,6,16:00,1,1,1,1.0,5.0,85204,D754,M,"46,8403900"," -1,7492980",85,2019,70.0,1.0,1.0,3.0,2257422,1.0,1,3,1,5.0,,0.0,0,2001.0,A01,138Â 210Â 275,1.0,-1.0,-1.0,1723075,2.0,7,,0.0,2.0,3.0,B01,138Â 210Â 274,1.0
1009476,201900051007,12,6,16:00,1,1,1,1.0,5.0,85204,D754,M,"46,8403900"," -1,7492980",85,2019,70.0,1.0,1.0,3.0,2257422,1.0,1,3,1,5.0,,0.0,0,2001.0,A01,138Â 210Â 275,1.0,-1.0,-1.0,1723076,1.0,7,,0.0,2.0,1.0,A01,138Â 210Â 275,1.0
1009477,201900051008,12,7,17:46,5,2,9,2.0,6.0,87041,intersection rue des fosses et rue josniere C7,M,"46,1372270","1,2715200",87,2019,50.0,1.0,2.0,4.0,2257423,10.0,3,2,2,5.0,,2.0,3,1937.0,A01,138Â 210Â 272,0.0,-1.0,-1.0,1723077,0.0,7,,0.0,1.0,1.0,A01,138Â 210Â 272,1.0
1009477,201900051008,12,7,17:46,5,2,9,2.0,6.0,87041,intersection rue des fosses et rue josniere C7,M,"46,1372270","1,2715200",87,2019,50.0,1.0,2.0,4.0,2257424,1.0,1,1,1,5.0,,0.0,0,1952.0,A01,138Â 210Â 272,1.0,-1.0,-1.0,1723077,0.0,7,,0.0,1.0,1.0,A01,138Â 210Â 272,1.0
1009478,201900051009,12,2,18:10,3,1,9,1.0,7.0,24335,Avenue d'AngoulÃªme,M,"44,8488000","0,2085300",24,2019,70.0,1.0,1.0,3.0,2257425,10.0,3,3,2,5.0,,1.0,3,1927.0,A01,138Â 210Â 271,0.0,-1.0,-1.0,1723078,1.0,7,,0.0,1.0,3.0,A01,138Â 210Â 271,1.0
1009478,201900051009,12,2,18:10,3,1,9,1.0,7.0,24335,Avenue d'AngoulÃªme,M,"44,8488000","0,2085300",24,2019,70.0,1.0,1.0,3.0,2257426,1.0,1,1,1,5.0,,0.0,0,1997.0,A01,138Â 210Â 271,1.0,-1.0,-1.0,1723078,1.0,7,,0.0,1.0,3.0,A01,138Â 210Â 271,1.0
1009479,201900051010,12,6,07:20,2,1,1,8.0,5.0,77295,A5,M,"48,5689900","2,7545400",77,2019,130.0,1.0,2.0,1.0,2257427,1.0,1,1,2,2.0,,0.0,0,1996.0,A01,138Â 210Â 267,1.0,-1.0,-1.0,1723079,1.0,7,,3.0,0.0,4.0,A01,138Â 210Â 267,1.0
1009479,201900051010,12,6,07:20,2,1,1,8.0,5.0,77295,A5,M,"48,5689900","2,7545400",77,2019,130.0,1.0,2.0,1.0,2257427,1.0,1,1,2,2.0,,0.0,0,1996.0,A01,138Â 210Â 267,1.0,-1.0,-1.0,1723080,1.0,7,,14.0,0.0,1.0,B01,138Â 210Â 268,1.0
1009479,201900051010,12,6,07:20,2,1,1,8.0,5.0,77295,A5,M,"48,5689900","2,7545400",77,2019,130.0,1.0,2.0,1.0,2257427,1.0,1,1,2,2.0,,0.0,0,1996.0,A01,138Â 210Â 267,1.0,-1.0,-1.0,1723081,1.0,7,,14.0,0.0,3.0,C01,138Â 210Â 269,1.0
1009479,201900051010,12,6,07:20,2,1,1,8.0,5.0,77295,A5,M,"48,5689900","2,7545400",77,2019,130.0,1.0,2.0,1.0,2257427,1.0,1,1,2,2.0,,0.0,0,1996.0,A01,138Â 210Â 267,1.0,-1.0,-1.0,1723082,1.0,7,,14.0,0.0,3.0,D01,138Â 210Â 270,1.0
1009479,201900051010,12,6,07:20,2,1,1,8.0,5.0,77295,A5,M,"48,5689900","2,7545400",77,2019,130.0,1.0,2.0,1.0,2257428,2.0,2,1,2,1.0,,0.0,0,1986.0,B01,138Â 210Â 268,1.0,-1.0,-1.0,1723079,1.0,7,,3.0,0.0,4.0,A01,138Â 210Â 267,1.0
1009479,201900051010,12,6,07:20,2,1,1,8.0,5.0,77295,A5,M,"48,5689900","2,7545400",77,2019,130.0,1.0,2.0,1.0,2257428,2.0,2,1,2,1.0,,0.0,0,1986.0,B01,138Â 210Â 268,1.0,-1.0,-1.0,1723080,1.0,7,,14.0,0.0,1.0,B01,138Â 210Â 268,1.0
1009479,201900051010,12,6,07:20,2,1,1,8.0,5.0,77295,A5,M,"48,5689900","2,7545400",77,2019,130.0,1.0,2.0,1.0,2257428,2.0,2,1,2,1.0,,0.0,0,1986.0,B01,138Â 210Â 268,1.0,-1.0,-1.0,1723081,1.0,7,,14.0,0.0,3.0,C01,138Â 210Â 269,1.0
1009479,201900051010,12,6,07:20,2,1,1,8.0,5.0,77295,A5,M,"48,5689900","2,7545400",77,2019,130.0,1.0,2.0,1.0,2257428,2.0,2,1,2,1.0,,0.0,0,1986.0,B01,138Â 210Â 268,1.0,-1.0,-1.0,1723082,1.0,7,,14.0,0.0,3.0,D01,138Â 210Â 270,1.0
1009479,201900051010,12,6,07:20,2,1,1,8.0,5.0,77295,A5,M,"48,5689900","2,7545400",77,2019,130.0,1.0,2.0,1.0,2257429,9.0,2,4,2,1.0,,0.0,0,1971.0,B01,138Â 210Â 268,1.0,-1.0,-1.0,1723079,1.0,7,,3.0,0.0,4.0,A01,138Â 210Â 267,1.0
1009479,201900051010,12,6,07:20,2,1,1,8.0,5.0,77295,A5,M,"48,5689900","2,7545400",77,2019,130.0,1.0,2.0,1.0,2257429,9.0,2,4,2,1.0,,0.0,0,1971.0,B01,138Â 210Â 268,1.0,-1.0,-1.0,1723080,1.0,7,,14.0,0.0,1.0,B01,138Â 210Â 268,1.0
1009479,201900051010,12,6,07:20,2,1,1,8.0,5.0,77295,A5,M,"48,5689900","2,7545400",77,2019,130.0,1.0,2.0,1.0,2257429,9.0,2,4,2,1.0,,0.0,0,1971.0,B01,138Â 210Â 268,1.0,-1.0,-1.0,1723081,1.0,7,,14.0,0.0,3.0,C01,138Â 210Â 269,1.0
1009479,201900051010,12,6,07:20,2,1,1,8.0,5.0,77295,A5,M,"48,5689900","2,7545400",77,2019,130.0,1.0,2.0,1.0,2257429,9.0,2,4,2,1.0,,0.0,0,1971.0,B01,138Â 210Â 268,1.0,-1.0,-1.0,1723082,1.0,7,,14.0,0.0,3.0,D01,138Â 210Â 270,1.0
1009479,201900051010,12,6,07:20,2,1,1,8.0,5.0,77295,A5,M,"48,5689900","2,7545400",77,2019,130.0,1.0,2.0,1.0,2257430,1.0,1,1,2,1.0,,0.0,0,1981.0,B01,138Â 210Â 268,1.0,-1.0,-1.0,1723079,1.0,7,,3.0,0.0,4.0,A01,138Â 210Â 267,1.0
1009479,201900051010,12,6,07:20,2,1,1,8.0,5.0,77295,A5,M,"48,5689900","2,7545400",77,2019,130.0,1.0,2.0,1.0,2257430,1.0,1,1,2,1.0,,0.0,0,1981.0,B01,138Â 210Â 268,1.0,-1.0,-1.0,1723080,1.0,7,,14.0,0.0,1.0,B01,138Â 210Â 268,1.0
1009479,201900051010,12,6,07:20,2,1,1,8.0,5.0,77295,A5,M,"48,5689900","2,7545400",77,2019,130.0,1.0,2.0,1.0,2257430,1.0,1,1,2,1.0,,0.0,0,1981.0,B01,138Â 210Â 268,1.0,-1.0,-1.0,1723081,1.0,7,,14.0,0.0,3.0,C01,138Â 210Â 269,1.0
1009479,201900051010,12,6,07:20,2,1,1,8.0,5.0,77295,A5,M,"48,5689900","2,7545400",77,2019,130.0,1.0,2.0,1.0,2257430,1.0,1,1,2,1.0,,0.0,0,1981.0,B01,138Â 210Â 268,1.0,-1.0,-1.0,1723082,1.0,7,,14.0,0.0,3.0,D01,138Â 210Â 270,1.0
1009479,201900051010,12,6,07:20,2,1,1,8.0,5.0,77295,A5,M,"48,5689900","2,7545400",77,2019,130.0,1.0,2.0,1.0,2257431,1.0,1,1,2,5.0,,0.0,0,1986.0,C01,138Â 210Â 269,1.0,-1.0,-1.0,1723079,1.0,7,,3.0,0.0,4.0,A01,138Â 210Â 267,1.0
1009479,201900051010,12,6,07:20,2,1,1,8.0,5.0,77295,A5,M,"48,5689900","2,7545400",77,2019,130.0,1.0,2.0,1.0,2257431,1.0,1,1,2,5.0,,0.0,0,1986.0,C01,138Â 210Â 269,1.0,-1.0,-1.0,1723080,1.0,7,,14.0,0.0,1.0,B01,138Â 210Â 268,1.0
1009479,201900051010,12,6,07:20,2,1,1,8.0,5.0,77295,A5,M,"48,5689900","2,7545400",77,2019,130.0,1.0,2.0,1.0,2257431,1.0,1,1,2,5.0,,0.0,0,1986.0,C01,138Â 210Â 269,1.0,-1.0,-1.0,1723081,1.0,7,,14.0,0.0,3.0,C01,138Â 210Â 269,1.0
1009479,201900051010,12,6,07:20,2,1,1,8.0,5.0,77295,A5,M,"48,5689900","2,7545400",77,2019,130.0,1.0,2.0,1.0,2257431,1.0,1,1,2,5.0,,0.0,0,1986.0,C01,138Â 210Â 269,1.0,-1.0,-1.0,1723082,1.0,7,,14.0,0.0,3.0,D01,138Â 210Â 270,1.0
1009479,201900051010,12,6,07:20,2,1,1,8.0,5.0,77295,A5,M,"48,5689900","2,7545400",77,2019,130.0,1.0,2.0,1.0,2257432,1.0,1,1,1,9.0,,0.0,0,1986.0,D01,138Â 210Â 270,1.0,-1.0,-1.0,1723079,1.0,7,,3.0,0.0,4.0,A01,138Â 210Â 267,1.0
1009479,201900051010,12,6,07:20,2,1,1,8.0,5.0,77295,A5,M,"48,5689900","2,7545400",77,2019,130.0,1.0,2.0,1.0,2257432,1.0,1,1,1,9.0,,0.0,0,1986.0,D01,138Â 210Â 270,1.0,-1.0,-1.0,1723080,1.0,7,,14.0,0.0,1.0,B01,138Â 210Â 268,1.0
1009479,201900051010,12,6,07:20,2,1,1,8.0,5.0,77295,A5,M,"48,5689900","2,7545400",77,2019,130.0,1.0,2.0,1.0,2257432,1.0,1,1,1,9.0,,0.0,0,1986.0,D01,138Â 210Â 270,1.0,-1.0,-1.0,1723081,1.0,7,,14.0,0.0,3.0,C01,138Â 210Â 269,1.0
1009479,201900051010,12,6,07:20,2,1,1,8.0,5.0,77295,A5,M,"48,5689900","2,7545400",77,2019,130.0,1.0,2.0,1.0,2257432,1.0,1,1,1,9.0,,0.0,0,1986.0,D01,138Â 210Â 270,1.0,-1.0,-1.0,1723082,1.0,7,,14.0,0.0,3.0,D01,138Â 210Â 270,1.0
1009480,201900051011,12,7,07:30,1,2,1,1.0,2.0,97309,Route de Montjoly,M,"4,9239690"," -52,2838730",973,2019,50.0,1.0,2.0,3.0,2257433,1.0,1,1,2,5.0,,0.0,0,1955.0,B01,138Â 210Â 265,1.0,-1.0,-1.0,1723083,1.0,7,,0.0,0.0,5.0,B01,138Â 210Â 265,1.0
1009480,201900051011,12,7,07:30,1,2,1,1.0,2.0,97309,Route de Montjoly,M,"4,9239690"," -52,2838730",973,2019,50.0,1.0,2.0,3.0,2257433,1.0,1,1,2,5.0,,0.0,0,1955.0,B01,138Â 210Â 265,1.0,-1.0,-1.0,1723084,1.0,1,,0.0,2.0,1.0,A01,138Â 210Â 266,5.0
1009480,201900051011,12,7,07:30,1,2,1,1.0,2.0,97309,Route de Montjoly,M,"4,9239690"," -52,2838730",973,2019,50.0,1.0,2.0,3.0,2257434,1.0,1,3,1,5.0,,0.0,0,1968.0,A01,138Â 210Â 266,2.0,-1.0,-1.0,1723083,1.0,7,,0.0,0.0,5.0,B01,138Â 210Â 265,1.0
1009480,201900051011,12,7,07:30,1,2,1,1.0,2.0,97309,Route de Montjoly,M,"4,9239690"," -52,2838730",973,2019,50.0,1.0,2.0,3.0,2257434,1.0,1,3,1,5.0,,0.0,0,1968.0,A01,138Â 210Â 266,2.0,-1.0,-1.0,1723084,1.0,1,,0.0,2.0,1.0,A01,138Â 210Â 266,5.0
1009481,201900051012,12,6,20:30,3,1,1,1.0,6.0,97309,Route de la Matourienne,M,"4,8719530"," -52,3068120",973,2019,80.0,1.0,1.0,3.0,2257435,1.0,1,1,2,0.0,,0.0,0,1968.0,A01,138Â 210Â 264,1.0,-1.0,-1.0,1723085,1.0,7,,0.0,1.0,3.0,A01,138Â 210Â 264,1.0
1009481,201900051012,12,6,20:30,3,1,1,1.0,6.0,97309,Route de la Matourienne,M,"4,8719530"," -52,3068120",973,2019,80.0,1.0,1.0,3.0,2257436,10.0,3,3,1,0.0,,1.0,2,2004.0,A01,138Â 210Â 264,0.0,-1.0,-1.0,1723085,1.0,7,,0.0,1.0,3.0,A01,138Â 210Â 264,1.0
1009482,201900051013,12,6,18:30,5,1,1,1.0,2.0,13001,A8 pk 19+700 direction lyon,M,"43,5133530","5,4735650",13,2019,90.0,1.0,1.0,1.0,2257437,1.0,1,4,2,0.0,,0.0,0,1999.0,B01,138Â 210Â 262,8.0,-1.0,-1.0,1723086,2.0,7,,0.0,2.0,1.0,B01,138Â 210Â 262,1.0
1009482,201900051013,12,6,18:30,5,1,1,1.0,2.0,13001,A8 pk 19+700 direction lyon,M,"43,5133530","5,4735650",13,2019,90.0,1.0,1.0,1.0,2257437,1.0,1,4,2,0.0,,0.0,0,1999.0,B01,138Â 210Â 262,8.0,-1.0,-1.0,1723087,2.0,7,,0.0,0.0,4.0,A01,138Â 210Â 263,1.0
1009482,201900051013,12,6,18:30,5,1,1,1.0,2.0,13001,A8 pk 19+700 direction lyon,M,"43,5133530","5,4735650",13,2019,90.0,1.0,1.0,1.0,2257438,2.0,2,4,1,0.0,,0.0,0,1963.0,B01,138Â 210Â 262,8.0,-1.0,-1.0,1723086,2.0,7,,0.0,2.0,1.0,B01,138Â 210Â 262,1.0
1009482,201900051013,12,6,18:30,5,1,1,1.0,2.0,13001,A8 pk 19+700 direction lyon,M,"43,5133530","5,4735650",13,2019,90.0,1.0,1.0,1.0,2257438,2.0,2,4,1,0.0,,0.0,0,1963.0,B01,138Â 210Â 262,8.0,-1.0,-1.0,1723087,2.0,7,,0.0,0.0,4.0,A01,138Â 210Â 263,1.0
1009482,201900051013,12,6,18:30,5,1,1,1.0,2.0,13001,A8 pk 19+700 direction lyon,M,"43,5133530","5,4735650",13,2019,90.0,1.0,1.0,1.0,2257439,1.0,1,1,2,0.0,,0.0,0,1992.0,A01,138Â 210Â 263,8.0,-1.0,-1.0,1723086,2.0,7,,0.0,2.0,1.0,B01,138Â 210Â 262,1.0
1009482,201900051013,12,6,18:30,5,1,1,1.0,2.0,13001,A8 pk 19+700 direction lyon,M,"43,5133530","5,4735650",13,2019,90.0,1.0,1.0,1.0,2257439,1.0,1,1,2,0.0,,0.0,0,1992.0,A01,138Â 210Â 263,8.0,-1.0,-1.0,1723087,2.0,7,,0.0,0.0,4.0,A01,138Â 210Â 263,1.0
1009482,201900051013,12,6,18:30,5,1,1,1.0,2.0,13001,A8 pk 19+700 direction lyon,M,"43,5133530","5,4735650",13,2019,90.0,1.0,1.0,1.0,2257440,2.0,2,1,1,0.0,,0.0,0,1993.0,A01,138Â 210Â 263,8.0,-1.0,-1.0,1723086,2.0,7,,0.0,2.0,1.0,B01,138Â 210Â 262,1.0
1009482,201900051013,12,6,18:30,5,1,1,1.0,2.0,13001,A8 pk 19+700 direction lyon,M,"43,5133530","5,4735650",13,2019,90.0,1.0,1.0,1.0,2257440,2.0,2,1,1,0.0,,0.0,0,1993.0,A01,138Â 210Â 263,8.0,-1.0,-1.0,1723087,2.0,7,,0.0,0.0,4.0,A01,138Â 210Â 263,1.0
1009483,201900051014,12,7,12:40,1,2,1,1.0,6.0,34123,Route de Saint Georges d'Orques,M,"43,6129572","3,8063723",34,2019,-1.0,1.0,1.0,6.0,2257441,1.0,1,1,1,1.0,,0.0,0,1988.0,A01,138Â 210Â 261,1.0,-1.0,-1.0,1723088,3.0,7,,0.0,1.0,3.0,A01,138Â 210Â 261,1.0
1009483,201900051014,12,7,12:40,1,2,1,1.0,6.0,34123,Route de Saint Georges d'Orques,M,"43,6129572","3,8063723",34,2019,-1.0,1.0,1.0,6.0,2257442,10.0,3,2,2,3.0,,2.0,3,1943.0,A01,138Â 210Â 261,0.0,-1.0,-1.0,1723088,3.0,7,,0.0,1.0,3.0,A01,138Â 210Â 261,1.0
1009484,201900051015,12,7,07:45,1,2,1,1.0,6.0,97415,10 Avenue de Bourbon,M," -21,0617900","55,2233190",974,2019,-1.0,1.0,1.0,2.0,2257443,1.0,1,3,1,5.0,,0.0,0,1972.0,A01,138Â 210Â 260,2.0,-1.0,-1.0,1723089,0.0,43,,14.0,0.0,9.0,A01,138Â 210Â 260,1.0
1009485,201900051016,12,7,02:20,3,2,1,2.0,1.0,29233,Boulevard de la Gare,M,"47,8693132"," -3,5523015",29,2019,50.0,1.0,2.0,3.0,2257444,1.0,1,3,2,5.0,,0.0,0,1977.0,A01,138Â 210Â 258,1.0,-1.0,-1.0,1723090,1.0,7,,0.0,2.0,3.0,A01,138Â 210Â 258,1.0
1009485,201900051016,12,7,02:20,3,2,1,2.0,1.0,29233,Boulevard de la Gare,M,"47,8693132"," -3,5523015",29,2019,50.0,1.0,2.0,3.0,2257444,1.0,1,3,2,5.0,,0.0,0,1977.0,A01,138Â 210Â 258,1.0,-1.0,-1.0,1723091,2.0,7,,0.0,2.0,3.0,B01,138Â 210Â 259,1.0
1009485,201900051016,12,7,02:20,3,2,1,2.0,1.0,29233,Boulevard de la Gare,M,"47,8693132"," -3,5523015",29,2019,50.0,1.0,2.0,3.0,2257445,1.0,1,4,2,9.0,,0.0,0,1989.0,B01,138Â 210Â 259,1.0,-1.0,-1.0,1723090,1.0,7,,0.0,2.0,3.0,A01,138Â 210Â 258,1.0
1009485,201900051016,12,7,02:20,3,2,1,2.0,1.0,29233,Boulevard de la Gare,M,"47,8693132"," -3,5523015",29,2019,50.0,1.0,2.0,3.0,2257445,1.0,1,4,2,9.0,,0.0,0,1989.0,B01,138Â 210Â 259,1.0,-1.0,-1.0,1723091,2.0,7,,0.0,2.0,3.0,B01,138Â 210Â 259,1.0
1009485,201900051016,12,7,02:20,3,2,1,2.0,1.0,29233,Boulevard de la Gare,M,"47,8693132"," -3,5523015",29,2019,50.0,1.0,2.0,3.0,2257446,2.0,2,4,1,9.0,,0.0,0,1987.0,B01,138Â 210Â 259,1.0,-1.0,-1.0,1723090,1.0,7,,0.0,2.0,3.0,A01,138Â 210Â 258,1.0
1009485,201900051016,12,7,02:20,3,2,1,2.0,1.0,29233,Boulevard de la Gare,M,"47,8693132"," -3,5523015",29,2019,50.0,1.0,2.0,3.0,2257446,2.0,2,4,1,9.0,,0.0,0,1987.0,B01,138Â 210Â 259,1.0,-1.0,-1.0,1723091,2.0,7,,0.0,2.0,3.0,B01,138Â 210Â 259,1.0
1009486,201900051017,12,5,07:35,1,2,1,9.0,6.0,91338,D988,M,"48,6492350","2,0730580",91,2019,80.0,1.0,7.0,3.0,2257447,2.0,2,1,1,0.0,,0.0,0,1984.0,B01,138Â 210Â 256,1.0,-1.0,-1.0,1723092,1.0,7,,0.0,2.0,7.0,B01,138Â 210Â 256,0.0
1009486,201900051017,12,5,07:35,1,2,1,9.0,6.0,91338,D988,M,"48,6492350","2,0730580",91,2019,80.0,1.0,7.0,3.0,2257447,2.0,2,1,1,0.0,,0.0,0,1984.0,B01,138Â 210Â 256,1.0,-1.0,-1.0,1723093,2.0,7,,0.0,2.0,1.0,A01,138Â 210Â 257,6.0
1009486,201900051017,12,5,07:35,1,2,1,9.0,6.0,91338,D988,M,"48,6492350","2,0730580",91,2019,80.0,1.0,7.0,3.0,2257448,1.0,1,4,1,4.0,,0.0,0,1974.0,B01,138Â 210Â 256,1.0,-1.0,-1.0,1723092,1.0,7,,0.0,2.0,7.0,B01,138Â 210Â 256,0.0
1009486,201900051017,12,5,07:35,1,2,1,9.0,6.0,91338,D988,M,"48,6492350","2,0730580",91,2019,80.0,1.0,7.0,3.0,2257448,1.0,1,4,1,4.0,,0.0,0,1974.0,B01,138Â 210Â 256,1.0,-1.0,-1.0,1723093,2.0,7,,0.0,2.0,1.0,A01,138Â 210Â 257,6.0
1009486,201900051017,12,5,07:35,1,2,1,9.0,6.0,91338,D988,M,"48,6492350","2,0730580",91,2019,80.0,1.0,7.0,3.0,2257449,1.0,1,4,2,1.0,,0.0,0,1965.0,A01,138Â 210Â 257,1.0,-1.0,-1.0,1723092,1.0,7,,0.0,2.0,7.0,B01,138Â 210Â 256,0.0
1009486,201900051017,12,5,07:35,1,2,1,9.0,6.0,91338,D988,M,"48,6492350","2,0730580",91,2019,80.0,1.0,7.0,3.0,2257449,1.0,1,4,2,1.0,,0.0,0,1965.0,A01,138Â 210Â 257,1.0,-1.0,-1.0,1723093,2.0,7,,0.0,2.0,1.0,A01,138Â 210Â 257,6.0
1009487,201900051018,12,6,20:30,5,2,4,2.0,3.0,91047,route de corbeil,M,"48,4888870","2,3540410",91,2019,50.0,1.0,2.0,3.0,2257450,1.0,1,1,1,1.0,,0.0,0,1993.0,A01,138Â 210Â 254,1.0,-1.0,-1.0,1723094,0.0,7,,0.0,2.0,7.0,A01,138Â 210Â 254,0.0
1009487,201900051018,12,6,20:30,5,2,4,2.0,3.0,91047,route de corbeil,M,"48,4888870","2,3540410",91,2019,50.0,1.0,2.0,3.0,2257450,1.0,1,1,1,1.0,,0.0,0,1993.0,A01,138Â 210Â 254,1.0,-1.0,-1.0,1723095,0.0,3,,0.0,2.0,1.0,B01,138Â 210Â 255,0.0
1009487,201900051018,12,6,20:30,5,2,4,2.0,3.0,91047,route de corbeil,M,"48,4888870","2,3540410",91,2019,50.0,1.0,2.0,3.0,2257451,2.0,2,1,1,1.0,,0.0,0,1961.0,A01,138Â 210Â 254,1.0,-1.0,-1.0,1723094,0.0,7,,0.0,2.0,7.0,A01,138Â 210Â 254,0.0
1009487,201900051018,12,6,20:30,5,2,4,2.0,3.0,91047,route de corbeil,M,"48,4888870","2,3540410",91,2019,50.0,1.0,2.0,3.0,2257451,2.0,2,1,1,1.0,,0.0,0,1961.0,A01,138Â 210Â 254,1.0,-1.0,-1.0,1723095,0.0,3,,0.0,2.0,1.0,B01,138Â 210Â 255,0.0
1009487,201900051018,12,6,20:30,5,2,4,2.0,3.0,91047,route de corbeil,M,"48,4888870","2,3540410",91,2019,50.0,1.0,2.0,3.0,2257452,1.0,1,4,2,1.0,,0.0,0,1994.0,B01,138Â 210Â 255,1.0,-1.0,-1.0,1723094,0.0,7,,0.0,2.0,7.0,A01,138Â 210Â 254,0.0
1009487,201900051018,12,6,20:30,5,2,4,2.0,3.0,91047,route de corbeil,M,"48,4888870","2,3540410",91,2019,50.0,1.0,2.0,3.0,2257452,1.0,1,4,2,1.0,,0.0,0,1994.0,B01,138Â 210Â 255,1.0,-1.0,-1.0,1723095,0.0,3,,0.0,2.0,1.0,B01,138Â 210Â 255,0.0
1009488,201900051019,6,22,07:20,2,1,1,1.0,3.0,91226,N20,M,"48,5108540","2,2020130",91,2019,90.0,1.0,1.0,2.0,2257453,1.0,1,1,1,1.0,,0.0,0,1992.0,B01,138Â 210Â 252,1.0,-1.0,-1.0,1723096,1.0,7,,4.0,0.0,7.0,B01,138Â 210Â 252,1.0
1009488,201900051019,6,22,07:20,2,1,1,1.0,3.0,91226,N20,M,"48,5108540","2,2020130",91,2019,90.0,1.0,1.0,2.0,2257453,1.0,1,1,1,1.0,,0.0,0,1992.0,B01,138Â 210Â 252,1.0,-1.0,-1.0,1723097,1.0,17,,0.0,2.0,3.0,A01,138Â 210Â 253,1.0
1009488,201900051019,6,22,07:20,2,1,1,1.0,3.0,91226,N20,M,"48,5108540","2,2020130",91,2019,90.0,1.0,1.0,2.0,2257454,1.0,1,3,1,4.0,,0.0,0,1957.0,A01,138Â 210Â 253,1.0,-1.0,-1.0,1723096,1.0,7,,4.0,0.0,7.0,B01,138Â 210Â 252,1.0
1009488,201900051019,6,22,07:20,2,1,1,1.0,3.0,91226,N20,M,"48,5108540","2,2020130",91,2019,90.0,1.0,1.0,2.0,2257454,1.0,1,3,1,4.0,,0.0,0,1957.0,A01,138Â 210Â 253,1.0,-1.0,-1.0,1723097,1.0,17,,0.0,2.0,3.0,A01,138Â 210Â 253,1.0