Unnamed: 0_x,num_acc,mois,jour,hrmn,lum,agg,int,atm,col,com,adr,gps,lat,long,dep,annee,vma,situ,surf,catr,Unnamed: 0_y,place,catu,grav,sexe,trajet,secu,locp,actp,an_nais,num_veh_x,id_vehicule_x,secu1,secu2,secu3,Unnamed: 0,senc,catv,occutc,obs,obsm,choc,num_veh_y,id_vehicule_y,motor
1009489,201900051020,12,5,17:35,5,2,1,2.0,6.0,66094,D40,M,"42,6073970","2,9970810",66,2019,50.0,1.0,2.0,3.0,2257455,1.0,1,1,1,3.0,,0.0,0,1935.0,A01,138Â 210Â 251,1.0,-1.0,-1.0,1723098,1.0,7,,0.0,1.0,1.0,A01,138Â 210Â 251,1.0
1009489,201900051020,12,5,17:35,5,2,1,2.0,6.0,66094,D40,M,"42,6073970","2,9970810",66,2019,50.0,1.0,2.0,3.0,2257456,10.0,3,3,1,5.0,,3.0,3,1948.0,A01,138Â 210Â 251,0.0,-1.0,-1.0,1723098,1.0,7,,0.0,1.0,1.0,A01,138Â 210Â 251,1.0
1009490,201900051021,12,6,19:05,5,2,1,1.0,6.0,06048,Route de la Pointe,M,"43,7869230","7,3441000",6,2019,50.0,1.0,1.0,3.0,2257457,1.0,1,1,1,4.0,,0.0,0,1979.0,B01,138Â 210Â 249,1.0,-1.0,-1.0,1723099,1.0,10,,0.0,2.0,6.0,B01,138Â 210Â 249,1.0
1009490,201900051021,12,6,19:05,5,2,1,1.0,6.0,06048,Route de la Pointe,M,"43,7869230","7,3441000",6,2019,50.0,1.0,1.0,3.0,2257457,1.0,1,1,1,4.0,,0.0,0,1979.0,B01,138Â 210Â 249,1.0,-1.0,-1.0,1723100,2.0,43,,0.0,2.0,8.0,A01,138Â 210Â 250,1.0
1009490,201900051021,12,6,19:05,5,2,1,1.0,6.0,06048,Route de la Pointe,M,"43,7869230","7,3441000",6,2019,50.0,1.0,1.0,3.0,2257458,1.0,1,3,1,4.0,,0.0,0,1955.0,A01,138Â 210Â 250,2.0,6.0,-1.0,1723099,1.0,10,,0.0,2.0,6.0,B01,138Â 210Â 249,1.0
1009490,201900051021,12,6,19:05,5,2,1,1.0,6.0,06048,Route de la Pointe,M,"43,7869230","7,3441000",6,2019,50.0,1.0,1.0,3.0,2257458,1.0,1,3,1,4.0,,0.0,0,1955.0,A01,138Â 210Â 250,2.0,6.0,-1.0,1723100,2.0,43,,0.0,2.0,8.0,A01,138Â 210Â 250,1.0
1009491,201900051022,12,6,19:20,5,2,4,1.0,2.0,70528,8 Rue d'Onay,M,"47,4164870","5,7019110",70,2019,50.0,1.0,2.0,3.0,2257459,2.0,2,1,2,5.0,,0.0,0,1975.0,B01,138Â 210Â 247,1.0,-1.0,-1.0,1723101,0.0,7,,0.0,2.0,5.0,B01,138Â 210Â 247,1.0
1009491,201900051022,12,6,19:20,5,2,4,1.0,2.0,70528,8 Rue d'Onay,M,"47,4164870","5,7019110",70,2019,50.0,1.0,2.0,3.0,2257459,2.0,2,1,2,5.0,,0.0,0,1975.0,B01,138Â 210Â 247,1.0,-1.0,-1.0,1723102,2.0,2,,0.0,2.0,1.0,A01,138Â 210Â 248,1.0
1009491,201900051022,12,6,19:20,5,2,4,1.0,2.0,70528,8 Rue d'Onay,M,"47,4164870","5,7019110",70,2019,50.0,1.0,2.0,3.0,2257460,1.0,1,1,1,5.0,,0.0,0,1965.0,B01,138Â 210Â 247,1.0,-1.0,-1.0,1723101,0.0,7,,0.0,2.0,5.0,B01,138Â 210Â 247,1.0
1009491,201900051022,12,6,19:20,5,2,4,1.0,2.0,70528,8 Rue d'Onay,M,"47,4164870","5,7019110",70,2019,50.0,1.0,2.0,3.0,2257460,1.0,1,1,1,5.0,,0.0,0,1965.0,B01,138Â 210Â 247,1.0,-1.0,-1.0,1723102,2.0,2,,0.0,2.0,1.0,A01,138Â 210Â 248,1.0
1009491,201900051022,12,6,19:20,5,2,4,1.0,2.0,70528,8 Rue d'Onay,M,"47,4164870","5,7019110",70,2019,50.0,1.0,2.0,3.0,2257461,1.0,1,2,1,1.0,,0.0,0,2001.0,A01,138Â 210Â 248,2.0,-1.0,-1.0,1723101,0.0,7,,0.0,2.0,5.0,B01,138Â 210Â 247,1.0
1009491,201900051022,12,6,19:20,5,2,4,1.0,2.0,70528,8 Rue d'Onay,M,"47,4164870","5,7019110",70,2019,50.0,1.0,2.0,3.0,2257461,1.0,1,2,1,1.0,,0.0,0,2001.0,A01,138Â 210Â 248,2.0,-1.0,-1.0,1723102,2.0,2,,0.0,2.0,1.0,A01,138Â 210Â 248,1.0
1009492,201900051023,12,7,07:45,3,1,1,2.0,2.0,89108,A6,M,"47,7692630","3,7253350",89,2019,130.0,1.0,2.0,1.0,2257462,1.0,1,1,1,4.0,,0.0,0,1964.0,A01,138Â 210Â 245,1.0,-1.0,-1.0,1723103,1.0,38,1.0,0.0,2.0,1.0,A01,138Â 210Â 245,1.0
1009492,201900051023,12,7,07:45,3,1,1,2.0,2.0,89108,A6,M,"47,7692630","3,7253350",89,2019,130.0,1.0,2.0,1.0,2257462,1.0,1,1,1,4.0,,0.0,0,1964.0,A01,138Â 210Â 245,1.0,-1.0,-1.0,1723104,1.0,7,,0.0,0.0,4.0,B01,138Â 210Â 246,1.0
1009492,201900051023,12,7,07:45,3,1,1,2.0,2.0,89108,A6,M,"47,7692630","3,7253350",89,2019,130.0,1.0,2.0,1.0,2257463,1.0,1,3,2,5.0,,0.0,0,1951.0,B01,138Â 210Â 246,0.0,-1.0,-1.0,1723103,1.0,38,1.0,0.0,2.0,1.0,A01,138Â 210Â 245,1.0
1009492,201900051023,12,7,07:45,3,1,1,2.0,2.0,89108,A6,M,"47,7692630","3,7253350",89,2019,130.0,1.0,2.0,1.0,2257463,1.0,1,3,2,5.0,,0.0,0,1951.0,B01,138Â 210Â 246,0.0,-1.0,-1.0,1723104,1.0,7,,0.0,0.0,4.0,B01,138Â 210Â 246,1.0
1009493,201900051024,12,6,22:40,5,2,1,1.0,6.0,71090,319 Route des Burriers,M,"46,2155020","4,7485190",71,2019,50.0,3.0,2.0,4.0,2257464,1.0,1,3,1,5.0,,0.0,0,2002.0,A01,138Â 210Â 244,2.0,6.0,-1.0,1723105,1.0,2,,8.0,0.0,2.0,A01,138Â 210Â 244,1.0
1009494,201900051025,12,7,07:00,3,1,1,9.0,6.0,73068,"RD102, ferme des gabelins",M,"45,5623238","6,2089821",73,2019,-1.0,8.0,9.0,3.0,2257465,1.0,1,2,1,0.0,,0.0,0,1978.0,A01,138Â 210Â 243,0.0,-1.0,-1.0,1723106,1.0,7,,2.0,0.0,1.0,A01,138Â 210Â 243,1.0
1009495,201900051026,12,7,20:00,5,2,1,8.0,6.0,42094,5 Grande Rue de Randan,M,"45,7411222","4,2179675",42,2019,50.0,4.0,2.0,4.0,2257466,1.0,1,4,1,5.0,,0.0,0,1991.0,A01,138Â 210Â 242,1.0,-1.0,-1.0,1723107,3.0,7,,2.0,0.0,1.0,A01,138Â 210Â 242,1.0
1009495,201900051026,12,7,20:00,5,2,1,8.0,6.0,42094,5 Grande Rue de Randan,M,"45,7411222","4,2179675",42,2019,50.0,4.0,2.0,4.0,2257467,2.0,2,4,1,5.0,,0.0,0,1994.0,A01,138Â 210Â 242,1.0,-1.0,-1.0,1723107,3.0,7,,2.0,0.0,1.0,A01,138Â 210Â 242,1.0
1009496,201900051027,12,7,15:30,1,2,2,1.0,6.0,38298,10 Rue des Iles,M,"45,3687520","4,7946480",38,2019,50.0,1.0,1.0,4.0,2257468,10.0,3,3,1,5.0,,2.0,3,2003.0,A01,138Â 210Â 241,0.0,-1.0,-1.0,1723108,3.0,7,,0.0,1.0,1.0,A01,138Â 210Â 241,1.0
1009496,201900051027,12,7,15:30,1,2,2,1.0,6.0,38298,10 Rue des Iles,M,"45,3687520","4,7946480",38,2019,50.0,1.0,1.0,4.0,2257469,1.0,1,1,1,0.0,,0.0,0,1991.0,A01,138Â 210Â 241,1.0,-1.0,-1.0,1723108,3.0,7,,0.0,1.0,1.0,A01,138Â 210Â 241,1.0
1009497,201900051028,12,7,10:45,1,1,1,1.0,7.0,69094,21 Route de Pollionnay,M,"45,7534200","4,6813030",69,2019,80.0,1.0,2.0,3.0,2257470,1.0,1,3,2,3.0,,0.0,0,1986.0,A01,138Â 210Â 240,1.0,-1.0,-1.0,1723109,1.0,7,,13.0,0.0,1.0,A01,138Â 210Â 240,1.0
1009498,201900051029,12,7,07:00,3,1,1,2.0,7.0,61203,D30,M,"48,3940240","0,0564800",61,2019,80.0,3.0,2.0,3.0,2257471,1.0,1,3,2,1.0,,0.0,0,1972.0,A01,138Â 210Â 239,1.0,-1.0,-1.0,1723110,2.0,7,,16.0,0.0,3.0,A01,138Â 210Â 239,1.0
1009499,201900051030,11,30,02:00,3,1,4,9.0,6.0,57574,14 Rue des Lilas,M,"49,4964360","6,2165870",57,2019,80.0,1.0,2.0,4.0,2257472,1.0,1,3,1,5.0,,0.0,0,1969.0,A01,138Â 210Â 238,1.0,-1.0,-1.0,1723111,3.0,7,,2.0,0.0,1.0,A01,138Â 210Â 238,1.0
1009500,201900051031,12,7,18:12,5,2,1,1.0,6.0,60575,1 Rue du Centre,M,"49,2900093","2,2005296",60,2019,50.0,1.0,1.0,3.0,2257473,1.0,1,1,1,5.0,,0.0,0,1961.0,A01,138Â 210Â 237,1.0,-1.0,-1.0,1723112,1.0,7,,0.0,1.0,2.0,A01,138Â 210Â 237,1.0
1009500,201900051031,12,7,18:12,5,2,1,1.0,6.0,60575,1 Rue du Centre,M,"49,2900093","2,2005296",60,2019,50.0,1.0,1.0,3.0,2257474,10.0,3,4,2,3.0,,2.0,3,1950.0,A01,138Â 210Â 237,0.0,-1.0,-1.0,1723112,1.0,7,,0.0,1.0,2.0,A01,138Â 210Â 237,1.0
1009501,201900051032,12,6,21:15,3,1,9,3.0,2.0,59161,Rue des Liniers,M,"50,1237700","3,2461300",59,2019,80.0,1.0,2.0,3.0,2257475,1.0,1,2,1,5.0,,0.0,0,1981.0,A01,138Â 210Â 235,1.0,-1.0,-1.0,1723113,2.0,7,,0.0,2.0,1.0,A01,138Â 210Â 235,1.0
1009501,201900051032,12,6,21:15,3,1,9,3.0,2.0,59161,Rue des Liniers,M,"50,1237700","3,2461300",59,2019,80.0,1.0,2.0,3.0,2257475,1.0,1,2,1,5.0,,0.0,0,1981.0,A01,138Â 210Â 235,1.0,-1.0,-1.0,1723114,2.0,17,,0.0,0.0,4.0,B01,138Â 210Â 236,1.0
1009501,201900051032,12,6,21:15,3,1,9,3.0,2.0,59161,Rue des Liniers,M,"50,1237700","3,2461300",59,2019,80.0,1.0,2.0,3.0,2257476,1.0,1,1,1,4.0,,0.0,0,1970.0,B01,138Â 210Â 236,1.0,-1.0,-1.0,1723113,2.0,7,,0.0,2.0,1.0,A01,138Â 210Â 235,1.0
1009501,201900051032,12,6,21:15,3,1,9,3.0,2.0,59161,Rue des Liniers,M,"50,1237700","3,2461300",59,2019,80.0,1.0,2.0,3.0,2257476,1.0,1,1,1,4.0,,0.0,0,1970.0,B01,138Â 210Â 236,1.0,-1.0,-1.0,1723114,2.0,17,,0.0,0.0,4.0,B01,138Â 210Â 236,1.0
1009502,201900051033,11,29,18:20,5,1,1,1.0,4.0,13215,A55-Sens Marseille vers Martigues,M,"43,3557920","5,3468542",13,2019,90.0,1.0,1.0,1.0,2257477,1.0,1,1,1,4.0,,-1.0, -1,1962.0,A01,138Â 210Â 232,1.0,8.0,-1.0,1723115,1.0,7,,3.0,2.0,5.0,A01,138Â 210Â 232,1.0
1009502,201900051033,11,29,18:20,5,1,1,1.0,4.0,13215,A55-Sens Marseille vers Martigues,M,"43,3557920","5,3468542",13,2019,90.0,1.0,1.0,1.0,2257477,1.0,1,1,1,4.0,,-1.0, -1,1962.0,A01,138Â 210Â 232,1.0,8.0,-1.0,1723116,1.0,7,,3.0,2.0,4.0,B01,138Â 210Â 233,0.0
1009502,201900051033,11,29,18:20,5,1,1,1.0,4.0,13215,A55-Sens Marseille vers Martigues,M,"43,3557920","5,3468542",13,2019,90.0,1.0,1.0,1.0,2257477,1.0,1,1,1,4.0,,-1.0, -1,1962.0,A01,138Â 210Â 232,1.0,8.0,-1.0,1723117,1.0,7,,3.0,2.0,1.0,C01,138Â 210Â 234,1.0
1009502,201900051033,11,29,18:20,5,1,1,1.0,4.0,13215,A55-Sens Marseille vers Martigues,M,"43,3557920","5,3468542",13,2019,90.0,1.0,1.0,1.0,2257478,4.0,2,4,2,0.0,,-1.0, -1,1972.0,A01,138Â 210Â 232,1.0,8.0,-1.0,1723115,1.0,7,,3.0,2.0,5.0,A01,138Â 210Â 232,1.0
1009502,201900051033,11,29,18:20,5,1,1,1.0,4.0,13215,A55-Sens Marseille vers Martigues,M,"43,3557920","5,3468542",13,2019,90.0,1.0,1.0,1.0,2257478,4.0,2,4,2,0.0,,-1.0, -1,1972.0,A01,138Â 210Â 232,1.0,8.0,-1.0,1723116,1.0,7,,3.0,2.0,4.0,B01,138Â 210Â 233,0.0
1009502,201900051033,11,29,18:20,5,1,1,1.0,4.0,13215,A55-Sens Marseille vers Martigues,M,"43,3557920","5,3468542",13,2019,90.0,1.0,1.0,1.0,2257478,4.0,2,4,2,0.0,,-1.0, -1,1972.0,A01,138Â 210Â 232,1.0,8.0,-1.0,1723117,1.0,7,,3.0,2.0,1.0,C01,138Â 210Â 234,1.0
1009502,201900051033,11,29,18:20,5,1,1,1.0,4.0,13215,A55-Sens Marseille vers Martigues,M,"43,3557920","5,3468542",13,2019,90.0,1.0,1.0,1.0,2257479,1.0,1,1,2,9.0,,-1.0, -1,1987.0,B01,138Â 210Â 233,1.0,8.0,-1.0,1723115,1.0,7,,3.0,2.0,5.0,A01,138Â 210Â 232,1.0
1009502,201900051033,11,29,18:20,5,1,1,1.0,4.0,13215,A55-Sens Marseille vers Martigues,M,"43,3557920","5,3468542",13,2019,90.0,1.0,1.0,1.0,2257479,1.0,1,1,2,9.0,,-1.0, -1,1987.0,B01,138Â 210Â 233,1.0,8.0,-1.0,1723116,1.0,7,,3.0,2.0,4.0,B01,138Â 210Â 233,0.0
1009502,201900051033,11,29,18:20,5,1,1,1.0,4.0,13215,A55-Sens Marseille vers Martigues,M,"43,3557920","5,3468542",13,2019,90.0,1.0,1.0,1.0,2257479,1.0,1,1,2,9.0,,-1.0, -1,1987.0,B01,138Â 210Â 233,1.0,8.0,-1.0,1723117,1.0,7,,3.0,2.0,1.0,C01,138Â 210Â 234,1.0
1009502,201900051033,11,29,18:20,5,1,1,1.0,4.0,13215,A55-Sens Marseille vers Martigues,M,"43,3557920","5,3468542",13,2019,90.0,1.0,1.0,1.0,2257480,1.0,1,1,2,9.0,,-1.0, -1,1983.0,C01,138Â 210Â 234,1.0,0.0,-1.0,1723115,1.0,7,,3.0,2.0,5.0,A01,138Â 210Â 232,1.0
1009502,201900051033,11,29,18:20,5,1,1,1.0,4.0,13215,A55-Sens Marseille vers Martigues,M,"43,3557920","5,3468542",13,2019,90.0,1.0,1.0,1.0,2257480,1.0,1,1,2,9.0,,-1.0, -1,1983.0,C01,138Â 210Â 234,1.0,0.0,-1.0,1723116,1.0,7,,3.0,2.0,4.0,B01,138Â 210Â 233,0.0
1009502,201900051033,11,29,18:20,5,1,1,1.0,4.0,13215,A55-Sens Marseille vers Martigues,M,"43,3557920","5,3468542",13,2019,90.0,1.0,1.0,1.0,2257480,1.0,1,1,2,9.0,,-1.0, -1,1983.0,C01,138Â 210Â 234,1.0,0.0,-1.0,1723117,1.0,7,,3.0,2.0,1.0,C01,138Â 210Â 234,1.0
1009503,201900051034,12,4,19:15,3,1,1,1.0,2.0,83123,A50,M,"43,1271550","5,8223040",83,2019,130.0,1.0,1.0,1.0,2257481,1.0,1,4,1,1.0,,-1.0,0,1979.0,A01,138Â 210Â 230,1.0,8.0,-1.0,1723118,1.0,7,,0.0,2.0,2.0,A01,138Â 210Â 230,1.0
1009503,201900051034,12,4,19:15,3,1,1,1.0,2.0,83123,A50,M,"43,1271550","5,8223040",83,2019,130.0,1.0,1.0,1.0,2257481,1.0,1,4,1,1.0,,-1.0,0,1979.0,A01,138Â 210Â 230,1.0,8.0,-1.0,1723119,1.0,7,,0.0,2.0,6.0,B01,138Â 210Â 231,1.0
1009503,201900051034,12,4,19:15,3,1,1,1.0,2.0,83123,A50,M,"43,1271550","5,8223040",83,2019,130.0,1.0,1.0,1.0,2257482,1.0,1,4,2,1.0,,-1.0,0,2000.0,B01,138Â 210Â 231,1.0,8.0,-1.0,1723118,1.0,7,,0.0,2.0,2.0,A01,138Â 210Â 230,1.0
1009503,201900051034,12,4,19:15,3,1,1,1.0,2.0,83123,A50,M,"43,1271550","5,8223040",83,2019,130.0,1.0,1.0,1.0,2257482,1.0,1,4,2,1.0,,-1.0,0,2000.0,B01,138Â 210Â 231,1.0,8.0,-1.0,1723119,1.0,7,,0.0,2.0,6.0,B01,138Â 210Â 231,1.0
1009504,201900051035,12,6,09:50,1,1,1,1.0,3.0,33192,ROCADE A 630,M,"44,7890500"," -0,6023500",33,2019,90.0,1.0,1.0,1.0,2257483,1.0,1,1,1,4.0,,-1.0, -1,1965.0,A01,138Â 210Â 228,1.0,8.0,-1.0,1723120,2.0,17,,0.0,2.0,1.0,A01,138Â 210Â 228,1.0
1009504,201900051035,12,6,09:50,1,1,1,1.0,3.0,33192,ROCADE A 630,M,"44,7890500"," -0,6023500",33,2019,90.0,1.0,1.0,1.0,2257483,1.0,1,1,1,4.0,,-1.0, -1,1965.0,A01,138Â 210Â 228,1.0,8.0,-1.0,1723121,2.0,7,,0.0,2.0,6.0,B01,138Â 210Â 229,1.0
1009504,201900051035,12,6,09:50,1,1,1,1.0,3.0,33192,ROCADE A 630,M,"44,7890500"," -0,6023500",33,2019,90.0,1.0,1.0,1.0,2257484,1.0,1,4,2,9.0,,-1.0, -1,1963.0,B01,138Â 210Â 229,1.0,8.0,-1.0,1723120,2.0,17,,0.0,2.0,1.0,A01,138Â 210Â 228,1.0
1009504,201900051035,12,6,09:50,1,1,1,1.0,3.0,33192,ROCADE A 630,M,"44,7890500"," -0,6023500",33,2019,90.0,1.0,1.0,1.0,2257484,1.0,1,4,2,9.0,,-1.0, -1,1963.0,B01,138Â 210Â 229,1.0,8.0,-1.0,1723121,2.0,7,,0.0,2.0,6.0,B01,138Â 210Â 229,1.0
1009505,201900051036,12,6,21:53,3,1,1,2.0,3.0,91434,AUTOROUTE A6,M,"48,6674760","2,3578700",91,2019,110.0,1.0,2.0,1.0,2257485,1.0,1,1,1,0.0,,0.0,0,1987.0,B01,138Â 210Â 226,1.0,0.0,-1.0,1723122,1.0,7,,0.0,2.0,8.0,B01,138Â 210Â 226,0.0
1009505,201900051036,12,6,21:53,3,1,1,2.0,3.0,91434,AUTOROUTE A6,M,"48,6674760","2,3578700",91,2019,110.0,1.0,2.0,1.0,2257485,1.0,1,1,1,0.0,,0.0,0,1987.0,B01,138Â 210Â 226,1.0,0.0,-1.0,1723123,1.0,33,,0.0,2.0,2.0,A01,138Â 210Â 227,0.0
1009505,201900051036,12,6,21:53,3,1,1,2.0,3.0,91434,AUTOROUTE A6,M,"48,6674760","2,3578700",91,2019,110.0,1.0,2.0,1.0,2257486,1.0,1,4,1,0.0,,0.0,0,1988.0,A01,138Â 210Â 227,2.0,6.0,-1.0,1723122,1.0,7,,0.0,2.0,8.0,B01,138Â 210Â 226,0.0
1009505,201900051036,12,6,21:53,3,1,1,2.0,3.0,91434,AUTOROUTE A6,M,"48,6674760","2,3578700",91,2019,110.0,1.0,2.0,1.0,2257486,1.0,1,4,1,0.0,,0.0,0,1988.0,A01,138Â 210Â 227,2.0,6.0,-1.0,1723123,1.0,33,,0.0,2.0,2.0,A01,138Â 210Â 227,0.0
1009506,201900051037,12,6,17:00,3,1,1,2.0,3.0,91534,RN 118,M,"48,7381900","2,1785000",91,2019,110.0,1.0,2.0,2.0,2257487,1.0,1,1,1,0.0,,0.0,0,1975.0,A01,138Â 210Â 224,1.0,0.0,-1.0,1723124,1.0,7,,0.0,2.0,7.0,A01,138Â 210Â 224,1.0
1009506,201900051037,12,6,17:00,3,1,1,2.0,3.0,91534,RN 118,M,"48,7381900","2,1785000",91,2019,110.0,1.0,2.0,2.0,2257487,1.0,1,1,1,0.0,,0.0,0,1975.0,A01,138Â 210Â 224,1.0,0.0,-1.0,1723125,1.0,43,,0.0,2.0,3.0,B01,138Â 210Â 225,1.0
1009506,201900051037,12,6,17:00,3,1,1,2.0,3.0,91534,RN 118,M,"48,7381900","2,1785000",91,2019,110.0,1.0,2.0,2.0,2257488,1.0,1,4,1,1.0,,0.0,0,1974.0,B01,138Â 210Â 225,2.0,6.0,-1.0,1723124,1.0,7,,0.0,2.0,7.0,A01,138Â 210Â 224,1.0
1009506,201900051037,12,6,17:00,3,1,1,2.0,3.0,91534,RN 118,M,"48,7381900","2,1785000",91,2019,110.0,1.0,2.0,2.0,2257488,1.0,1,4,1,1.0,,0.0,0,1974.0,B01,138Â 210Â 225,2.0,6.0,-1.0,1723125,1.0,43,,0.0,2.0,3.0,B01,138Â 210Â 225,1.0
1009507,201900051038,12,6,16:30,1,1,1,2.0,4.0,91340,RN 104,M,"48,6082900","2,4382900",91,2019,90.0,1.0,2.0,2.0,2257489,1.0,1,4,2,5.0,,0.0,0,1973.0,C01,138Â 210Â 221,1.0,8.0,-1.0,1723126,1.0,7,,0.0,2.0,4.0,C01,138Â 210Â 221,1.0
1009507,201900051038,12,6,16:30,1,1,1,2.0,4.0,91340,RN 104,M,"48,6082900","2,4382900",91,2019,90.0,1.0,2.0,2.0,2257489,1.0,1,4,2,5.0,,0.0,0,1973.0,C01,138Â 210Â 221,1.0,8.0,-1.0,1723127,1.0,7,,0.0,2.0,4.0,B01,138Â 210Â 222,1.0
1009507,201900051038,12,6,16:30,1,1,1,2.0,4.0,91340,RN 104,M,"48,6082900","2,4382900",91,2019,90.0,1.0,2.0,2.0,2257489,1.0,1,4,2,5.0,,0.0,0,1973.0,C01,138Â 210Â 221,1.0,8.0,-1.0,1723128,1.0,7,,0.0,2.0,1.0,A01,138Â 210Â 223,1.0
1009507,201900051038,12,6,16:30,1,1,1,2.0,4.0,91340,RN 104,M,"48,6082900","2,4382900",91,2019,90.0,1.0,2.0,2.0,2257490,1.0,1,1,1,1.0,,0.0,0,1993.0,B01,138Â 210Â 222,1.0,8.0,-1.0,1723126,1.0,7,,0.0,2.0,4.0,C01,138Â 210Â 221,1.0
1009507,201900051038,12,6,16:30,1,1,1,2.0,4.0,91340,RN 104,M,"48,6082900","2,4382900",91,2019,90.0,1.0,2.0,2.0,2257490,1.0,1,1,1,1.0,,0.0,0,1993.0,B01,138Â 210Â 222,1.0,8.0,-1.0,1723127,1.0,7,,0.0,2.0,4.0,B01,138Â 210Â 222,1.0
1009507,201900051038,12,6,16:30,1,1,1,2.0,4.0,91340,RN 104,M,"48,6082900","2,4382900",91,2019,90.0,1.0,2.0,2.0,2257490,1.0,1,1,1,1.0,,0.0,0,1993.0,B01,138Â 210Â 222,1.0,8.0,-1.0,1723128,1.0,7,,0.0,2.0,1.0,A01,138Â 210Â 223,1.0
1009507,201900051038,12,6,16:30,1,1,1,2.0,4.0,91340,RN 104,M,"48,6082900","2,4382900",91,2019,90.0,1.0,2.0,2.0,2257491,1.0,1,1,2,5.0,,0.0,0,1996.0,A01,138Â 210Â 223,1.0,8.0,-1.0,1723126,1.0,7,,0.0,2.0,4.0,C01,138Â 210Â 221,1.0
1009507,201900051038,12,6,16:30,1,1,1,2.0,4.0,91340,RN 104,M,"48,6082900","2,4382900",91,2019,90.0,1.0,2.0,2.0,2257491,1.0,1,1,2,5.0,,0.0,0,1996.0,A01,138Â 210Â 223,1.0,8.0,-1.0,1723127,1.0,7,,0.0,2.0,4.0,B01,138Â 210Â 222,1.0
1009507,201900051038,12,6,16:30,1,1,1,2.0,4.0,91340,RN 104,M,"48,6082900","2,4382900",91,2019,90.0,1.0,2.0,2.0,2257491,1.0,1,1,2,5.0,,0.0,0,1996.0,A01,138Â 210Â 223,1.0,8.0,-1.0,1723128,1.0,7,,0.0,2.0,1.0,A01,138Â 210Â 223,1.0
1009508,201900051039,12,5,15:40,1,1,1,1.0,5.0,91161,AUTOROUTE A6,M,"48,6960000","2,3172600",91,2019,110.0,1.0,1.0,1.0,2257492,1.0,1,1,1,0.0,,0.0,0,1984.0,A01,138Â 210Â 217,1.0,0.0,-1.0,1723129,1.0,7,,0.0,2.0,1.0,A01,138Â 210Â 217,1.0
1009508,201900051039,12,5,15:40,1,1,1,1.0,5.0,91161,AUTOROUTE A6,M,"48,6960000","2,3172600",91,2019,110.0,1.0,1.0,1.0,2257492,1.0,1,1,1,0.0,,0.0,0,1984.0,A01,138Â 210Â 217,1.0,0.0,-1.0,1723130,1.0,7,,0.0,2.0,4.0,B01,138Â 210Â 218,1.0
1009508,201900051039,12,5,15:40,1,1,1,1.0,5.0,91161,AUTOROUTE A6,M,"48,6960000","2,3172600",91,2019,110.0,1.0,1.0,1.0,2257492,1.0,1,1,1,0.0,,0.0,0,1984.0,A01,138Â 210Â 217,1.0,0.0,-1.0,1723131,1.0,7,,0.0,2.0,4.0,C01,138Â 210Â 219,1.0
1009508,201900051039,12,5,15:40,1,1,1,1.0,5.0,91161,AUTOROUTE A6,M,"48,6960000","2,3172600",91,2019,110.0,1.0,1.0,1.0,2257492,1.0,1,1,1,0.0,,0.0,0,1984.0,A01,138Â 210Â 217,1.0,0.0,-1.0,1723132,1.0,7,,0.0,2.0,4.0,D01,138Â 210Â 220,1.0
1009508,201900051039,12,5,15:40,1,1,1,1.0,5.0,91161,AUTOROUTE A6,M,"48,6960000","2,3172600",91,2019,110.0,1.0,1.0,1.0,2257493,1.0,1,1,1,0.0,,0.0,0,1968.0,B01,138Â 210Â 218,1.0,0.0,-1.0,1723129,1.0,7,,0.0,2.0,1.0,A01,138Â 210Â 217,1.0
1009508,201900051039,12,5,15:40,1,1,1,1.0,5.0,91161,AUTOROUTE A6,M,"48,6960000","2,3172600",91,2019,110.0,1.0,1.0,1.0,2257493,1.0,1,1,1,0.0,,0.0,0,1968.0,B01,138Â 210Â 218,1.0,0.0,-1.0,1723130,1.0,7,,0.0,2.0,4.0,B01,138Â 210Â 218,1.0
1009508,201900051039,12,5,15:40,1,1,1,1.0,5.0,91161,AUTOROUTE A6,M,"48,6960000","2,3172600",91,2019,110.0,1.0,1.0,1.0,2257493,1.0,1,1,1,0.0,,0.0,0,1968.0,B01,138Â 210Â 218,1.0,0.0,-1.0,1723131,1.0,7,,0.0,2.0,4.0,C01,138Â 210Â 219,1.0
1009508,201900051039,12,5,15:40,1,1,1,1.0,5.0,91161,AUTOROUTE A6,M,"48,6960000","2,3172600",91,2019,110.0,1.0,1.0,1.0,2257493,1.0,1,1,1,0.0,,0.0,0,1968.0,B01,138Â 210Â 218,1.0,0.0,-1.0,1723132,1.0,7,,0.0,2.0,4.0,D01,138Â 210Â 220,1.0
1009508,201900051039,12,5,15:40,1,1,1,1.0,5.0,91161,AUTOROUTE A6,M,"48,6960000","2,3172600",91,2019,110.0,1.0,1.0,1.0,2257494,3.0,2,4,1,0.0,,0.0,0,1979.0,C01,138Â 210Â 219,1.0,0.0,-1.0,1723129,1.0,7,,0.0,2.0,1.0,A01,138Â 210Â 217,1.0