Unnamed: 0_x,num_acc,mois,jour,hrmn,lum,agg,int,atm,col,com,adr,gps,lat,long,dep,annee,vma,situ,surf,catr,Unnamed: 0_y,place,catu,grav,sexe,trajet,secu,locp,actp,an_nais,num_veh_x,id_vehicule_x,secu1,secu2,secu3,Unnamed: 0,senc,catv,occutc,obs,obsm,choc,num_veh_y,id_vehicule_y,motor
1009508,201900051039,12,5,15:40,1,1,1,1.0,5.0,91161,AUTOROUTE A6,M,"48,6960000","2,3172600",91,2019,110.0,1.0,1.0,1.0,2257494,3.0,2,4,1,0.0,,0.0,0,1979.0,C01,138Â 210Â 219,1.0,0.0,-1.0,1723130,1.0,7,,0.0,2.0,4.0,B01,138Â 210Â 218,1.0
1009508,201900051039,12,5,15:40,1,1,1,1.0,5.0,91161,AUTOROUTE A6,M,"48,6960000","2,3172600",91,2019,110.0,1.0,1.0,1.0,2257494,3.0,2,4,1,0.0,,0.0,0,1979.0,C01,138Â 210Â 219,1.0,0.0,-1.0,1723131,1.0,7,,0.0,2.0,4.0,C01,138Â 210Â 219,1.0
1009508,201900051039,12,5,15:40,1,1,1,1.0,5.0,91161,AUTOROUTE A6,M,"48,6960000","2,3172600",91,2019,110.0,1.0,1.0,1.0,2257494,3.0,2,4,1,0.0,,0.0,0,1979.0,C01,138Â 210Â 219,1.0,0.0,-1.0,1723132,1.0,7,,0.0,2.0,4.0,D01,138Â 210Â 220,1.0
1009508,201900051039,12,5,15:40,1,1,1,1.0,5.0,91161,AUTOROUTE A6,M,"48,6960000","2,3172600",91,2019,110.0,1.0,1.0,1.0,2257495,1.0,1,1,1,0.0,,0.0,0,1970.0,C01,138Â 210Â 219,1.0,0.0,-1.0,1723129,1.0,7,,0.0,2.0,1.0,A01,138Â 210Â 217,1.0
1009508,201900051039,12,5,15:40,1,1,1,1.0,5.0,91161,AUTOROUTE A6,M,"48,6960000","2,3172600",91,2019,110.0,1.0,1.0,1.0,2257495,1.0,1,1,1,0.0,,0.0,0,1970.0,C01,138Â 210Â 219,1.0,0.0,-1.0,1723130,1.0,7,,0.0,2.0,4.0,B01,138Â 210Â 218,1.0
1009508,201900051039,12,5,15:40,1,1,1,1.0,5.0,91161,AUTOROUTE A6,M,"48,6960000","2,3172600",91,2019,110.0,1.0,1.0,1.0,2257495,1.0,1,1,1,0.0,,0.0,0,1970.0,C01,138Â 210Â 219,1.0,0.0,-1.0,1723131,1.0,7,,0.0,2.0,4.0,C01,138Â 210Â 219,1.0
1009508,201900051039,12,5,15:40,1,1,1,1.0,5.0,91161,AUTOROUTE A6,M,"48,6960000","2,3172600",91,2019,110.0,1.0,1.0,1.0,2257495,1.0,1,1,1,0.0,,0.0,0,1970.0,C01,138Â 210Â 219,1.0,0.0,-1.0,1723132,1.0,7,,0.0,2.0,4.0,D01,138Â 210Â 220,1.0
1009508,201900051039,12,5,15:40,1,1,1,1.0,5.0,91161,AUTOROUTE A6,M,"48,6960000","2,3172600",91,2019,110.0,1.0,1.0,1.0,2257496,1.0,1,1,1,0.0,,0.0,0,1987.0,D01,138Â 210Â 220,1.0,0.0,-1.0,1723129,1.0,7,,0.0,2.0,1.0,A01,138Â 210Â 217,1.0
1009508,201900051039,12,5,15:40,1,1,1,1.0,5.0,91161,AUTOROUTE A6,M,"48,6960000","2,3172600",91,2019,110.0,1.0,1.0,1.0,2257496,1.0,1,1,1,0.0,,0.0,0,1987.0,D01,138Â 210Â 220,1.0,0.0,-1.0,1723130,1.0,7,,0.0,2.0,4.0,B01,138Â 210Â 218,1.0
1009508,201900051039,12,5,15:40,1,1,1,1.0,5.0,91161,AUTOROUTE A6,M,"48,6960000","2,3172600",91,2019,110.0,1.0,1.0,1.0,2257496,1.0,1,1,1,0.0,,0.0,0,1987.0,D01,138Â 210Â 220,1.0,0.0,-1.0,1723131,1.0,7,,0.0,2.0,4.0,C01,138Â 210Â 219,1.0
1009508,201900051039,12,5,15:40,1,1,1,1.0,5.0,91161,AUTOROUTE A6,M,"48,6960000","2,3172600",91,2019,110.0,1.0,1.0,1.0,2257496,1.0,1,1,1,0.0,,0.0,0,1987.0,D01,138Â 210Â 220,1.0,0.0,-1.0,1723132,1.0,7,,0.0,2.0,4.0,D01,138Â 210Â 220,1.0
1009509,201900051040,12,6,17:48,4,1,1,2.0,2.0,78118,A13,M,"48,9865720","1,6665570",78,2019,110.0,1.0,2.0,1.0,2257497,1.0,1,4,2,5.0,,-1.0, -1,1985.0,A01,138Â 210Â 215,1.0,8.0,-1.0,1723133,1.0,7,,0.0,2.0,1.0,A01,138Â 210Â 215,1.0
1009509,201900051040,12,6,17:48,4,1,1,2.0,2.0,78118,A13,M,"48,9865720","1,6665570",78,2019,110.0,1.0,2.0,1.0,2257497,1.0,1,4,2,5.0,,-1.0, -1,1985.0,A01,138Â 210Â 215,1.0,8.0,-1.0,1723134,1.0,7,,0.0,2.0,4.0,B01,138Â 210Â 216,1.0
1009509,201900051040,12,6,17:48,4,1,1,2.0,2.0,78118,A13,M,"48,9865720","1,6665570",78,2019,110.0,1.0,2.0,1.0,2257498,2.0,2,4,1,5.0,,-1.0, -1,1985.0,A01,138Â 210Â 215,1.0,8.0,-1.0,1723133,1.0,7,,0.0,2.0,1.0,A01,138Â 210Â 215,1.0
1009509,201900051040,12,6,17:48,4,1,1,2.0,2.0,78118,A13,M,"48,9865720","1,6665570",78,2019,110.0,1.0,2.0,1.0,2257498,2.0,2,4,1,5.0,,-1.0, -1,1985.0,A01,138Â 210Â 215,1.0,8.0,-1.0,1723134,1.0,7,,0.0,2.0,4.0,B01,138Â 210Â 216,1.0
1009509,201900051040,12,6,17:48,4,1,1,2.0,2.0,78118,A13,M,"48,9865720","1,6665570",78,2019,110.0,1.0,2.0,1.0,2257499,2.0,2,1,2,5.0,,-1.0, -1,2019.0,B01,138Â 210Â 216,3.0,8.0,-1.0,1723133,1.0,7,,0.0,2.0,1.0,A01,138Â 210Â 215,1.0
1009509,201900051040,12,6,17:48,4,1,1,2.0,2.0,78118,A13,M,"48,9865720","1,6665570",78,2019,110.0,1.0,2.0,1.0,2257499,2.0,2,1,2,5.0,,-1.0, -1,2019.0,B01,138Â 210Â 216,3.0,8.0,-1.0,1723134,1.0,7,,0.0,2.0,4.0,B01,138Â 210Â 216,1.0
1009509,201900051040,12,6,17:48,4,1,1,2.0,2.0,78118,A13,M,"48,9865720","1,6665570",78,2019,110.0,1.0,2.0,1.0,2257500,2.0,2,1,2,5.0,,-1.0, -1,2014.0,B01,138Â 210Â 216,3.0,8.0,-1.0,1723133,1.0,7,,0.0,2.0,1.0,A01,138Â 210Â 215,1.0
1009509,201900051040,12,6,17:48,4,1,1,2.0,2.0,78118,A13,M,"48,9865720","1,6665570",78,2019,110.0,1.0,2.0,1.0,2257500,2.0,2,1,2,5.0,,-1.0, -1,2014.0,B01,138Â 210Â 216,3.0,8.0,-1.0,1723134,1.0,7,,0.0,2.0,4.0,B01,138Â 210Â 216,1.0
1009509,201900051040,12,6,17:48,4,1,1,2.0,2.0,78118,A13,M,"48,9865720","1,6665570",78,2019,110.0,1.0,2.0,1.0,2257501,4.0,2,1,2,5.0,,-1.0, -1,1984.0,B01,138Â 210Â 216,1.0,8.0,-1.0,1723133,1.0,7,,0.0,2.0,1.0,A01,138Â 210Â 215,1.0
1009509,201900051040,12,6,17:48,4,1,1,2.0,2.0,78118,A13,M,"48,9865720","1,6665570",78,2019,110.0,1.0,2.0,1.0,2257501,4.0,2,1,2,5.0,,-1.0, -1,1984.0,B01,138Â 210Â 216,1.0,8.0,-1.0,1723134,1.0,7,,0.0,2.0,4.0,B01,138Â 210Â 216,1.0
1009509,201900051040,12,6,17:48,4,1,1,2.0,2.0,78118,A13,M,"48,9865720","1,6665570",78,2019,110.0,1.0,2.0,1.0,2257502,1.0,1,1,1,5.0,,-1.0, -1,1981.0,B01,138Â 210Â 216,1.0,8.0,-1.0,1723133,1.0,7,,0.0,2.0,1.0,A01,138Â 210Â 215,1.0
1009509,201900051040,12,6,17:48,4,1,1,2.0,2.0,78118,A13,M,"48,9865720","1,6665570",78,2019,110.0,1.0,2.0,1.0,2257502,1.0,1,1,1,5.0,,-1.0, -1,1981.0,B01,138Â 210Â 216,1.0,8.0,-1.0,1723134,1.0,7,,0.0,2.0,4.0,B01,138Â 210Â 216,1.0
1009510,201900051041,12,6,13:30,1,1,1,2.0,2.0,78640,A86 EXT,M,"48,7775600","2,2198700",78,2019,90.0,1.0,2.0,1.0,2257503,2.0,2,1,2,5.0,,-1.0, -1,1996.0,B01,138Â 210Â 213,1.0,0.0,-1.0,1723135,2.0,7,,0.0,2.0,4.0,B01,138Â 210Â 213,1.0
1009510,201900051041,12,6,13:30,1,1,1,2.0,2.0,78640,A86 EXT,M,"48,7775600","2,2198700",78,2019,90.0,1.0,2.0,1.0,2257503,2.0,2,1,2,5.0,,-1.0, -1,1996.0,B01,138Â 210Â 213,1.0,0.0,-1.0,1723136,2.0,7,,0.0,2.0,1.0,A01,138Â 210Â 214,1.0
1009510,201900051041,12,6,13:30,1,1,1,2.0,2.0,78640,A86 EXT,M,"48,7775600","2,2198700",78,2019,90.0,1.0,2.0,1.0,2257504,1.0,1,4,2,0.0,,-1.0, -1,1973.0,B01,138Â 210Â 213,1.0,0.0,-1.0,1723135,2.0,7,,0.0,2.0,4.0,B01,138Â 210Â 213,1.0
1009510,201900051041,12,6,13:30,1,1,1,2.0,2.0,78640,A86 EXT,M,"48,7775600","2,2198700",78,2019,90.0,1.0,2.0,1.0,2257504,1.0,1,4,2,0.0,,-1.0, -1,1973.0,B01,138Â 210Â 213,1.0,0.0,-1.0,1723136,2.0,7,,0.0,2.0,1.0,A01,138Â 210Â 214,1.0
1009510,201900051041,12,6,13:30,1,1,1,2.0,2.0,78640,A86 EXT,M,"48,7775600","2,2198700",78,2019,90.0,1.0,2.0,1.0,2257505,1.0,1,1,1,4.0,,-1.0, -1,1993.0,A01,138Â 210Â 214,1.0,8.0,-1.0,1723135,2.0,7,,0.0,2.0,4.0,B01,138Â 210Â 213,1.0
1009510,201900051041,12,6,13:30,1,1,1,2.0,2.0,78640,A86 EXT,M,"48,7775600","2,2198700",78,2019,90.0,1.0,2.0,1.0,2257505,1.0,1,1,1,4.0,,-1.0, -1,1993.0,A01,138Â 210Â 214,1.0,8.0,-1.0,1723136,2.0,7,,0.0,2.0,1.0,A01,138Â 210Â 214,1.0
1009511,201900051042,12,5,20:45,3,1,1,1.0,6.0,92078,AUTOROUTE A86,M,"48,9295925","2,3283012",92,2019,70.0,1.0,2.0,1.0,2257506,1.0,1,4,1,1.0,,-1.0,0,1989.0,A01,138Â 210Â 212,1.0,0.0,-1.0,1723137,2.0,7,,4.0,0.0,1.0,A01,138Â 210Â 212,1.0
1009512,201900051043,12,5,11:15,1,1,1,5.0,6.0,95572,AUTOROUTE A15,M,"49,0330800","2,1050400",95,2019,50.0,1.0,2.0,1.0,2257507,1.0,1,4,1,1.0,,-1.0,0,1991.0,A01,138Â 210Â 211,1.0,4.0,-1.0,1723138,2.0,7,,3.0,0.0,1.0,A01,138Â 210Â 211,1.0
1009513,201900051044,12,4,16:40,1,1,1,2.0,6.0,92078,AUTOROUTE A15,M,"48,9436437","2,2877633",92,2019,90.0,1.0,1.0,1.0,2257508,2.0,2,4,2,0.0,,-1.0,0,1973.0,A01,138Â 210Â 210,1.0,0.0,-1.0,1723139,2.0,7,,0.0,0.0,9.0,A01,138Â 210Â 210,1.0
1009513,201900051044,12,4,16:40,1,1,1,2.0,6.0,92078,AUTOROUTE A15,M,"48,9436437","2,2877633",92,2019,90.0,1.0,1.0,1.0,2257509,1.0,1,4,2,0.0,,-1.0,0,1992.0,A01,138Â 210Â 210,1.0,8.0,-1.0,1723139,2.0,7,,0.0,0.0,9.0,A01,138Â 210Â 210,1.0
1009514,201900051045,12,6,20:15,3,1,1,2.0,6.0,94017,A4,M,"48,8287204","2,4770220",94,2019,90.0,8.0,2.0,1.0,2257510,1.0,1,3,1,9.0,,0.0,0,1972.0,A01,138Â 210Â 209,2.0,8.0,-1.0,1723140,1.0,32,,15.0,0.0,1.0,A01,138Â 210Â 209,1.0
1009515,201900051046,12,6,19:00,3,1,1,2.0,6.0,77258,A4.Y,M,"48,8307900","2,6364800",77,2019,110.0,1.0,2.0,1.0,2257511,1.0,1,4,1,1.0,,-1.0,0,1994.0,A01,138Â 210Â 206,2.0,6.0,-1.0,1723141,1.0,33,,3.0,2.0,9.0,A01,138Â 210Â 206,1.0
1009515,201900051046,12,6,19:00,3,1,1,2.0,6.0,77258,A4.Y,M,"48,8307900","2,6364800",77,2019,110.0,1.0,2.0,1.0,2257511,1.0,1,4,1,1.0,,-1.0,0,1994.0,A01,138Â 210Â 206,2.0,6.0,-1.0,1723142,1.0,7,,0.0,2.0,7.0,C01,138Â 210Â 207,1.0
1009515,201900051046,12,6,19:00,3,1,1,2.0,6.0,77258,A4.Y,M,"48,8307900","2,6364800",77,2019,110.0,1.0,2.0,1.0,2257511,1.0,1,4,1,1.0,,-1.0,0,1994.0,A01,138Â 210Â 206,2.0,6.0,-1.0,1723143,1.0,7,,0.0,2.0,4.0,B01,138Â 210Â 208,1.0
1009515,201900051046,12,6,19:00,3,1,1,2.0,6.0,77258,A4.Y,M,"48,8307900","2,6364800",77,2019,110.0,1.0,2.0,1.0,2257512,1.0,1,1,1,5.0,,-1.0,0,1976.0,C01,138Â 210Â 207,1.0,4.0,-1.0,1723141,1.0,33,,3.0,2.0,9.0,A01,138Â 210Â 206,1.0
1009515,201900051046,12,6,19:00,3,1,1,2.0,6.0,77258,A4.Y,M,"48,8307900","2,6364800",77,2019,110.0,1.0,2.0,1.0,2257512,1.0,1,1,1,5.0,,-1.0,0,1976.0,C01,138Â 210Â 207,1.0,4.0,-1.0,1723142,1.0,7,,0.0,2.0,7.0,C01,138Â 210Â 207,1.0
1009515,201900051046,12,6,19:00,3,1,1,2.0,6.0,77258,A4.Y,M,"48,8307900","2,6364800",77,2019,110.0,1.0,2.0,1.0,2257512,1.0,1,1,1,5.0,,-1.0,0,1976.0,C01,138Â 210Â 207,1.0,4.0,-1.0,1723143,1.0,7,,0.0,2.0,4.0,B01,138Â 210Â 208,1.0
1009515,201900051046,12,6,19:00,3,1,1,2.0,6.0,77258,A4.Y,M,"48,8307900","2,6364800",77,2019,110.0,1.0,2.0,1.0,2257513,1.0,1,1,1,1.0,,-1.0,0,1979.0,B01,138Â 210Â 208,1.0,4.0,-1.0,1723141,1.0,33,,3.0,2.0,9.0,A01,138Â 210Â 206,1.0
1009515,201900051046,12,6,19:00,3,1,1,2.0,6.0,77258,A4.Y,M,"48,8307900","2,6364800",77,2019,110.0,1.0,2.0,1.0,2257513,1.0,1,1,1,1.0,,-1.0,0,1979.0,B01,138Â 210Â 208,1.0,4.0,-1.0,1723142,1.0,7,,0.0,2.0,7.0,C01,138Â 210Â 207,1.0
1009515,201900051046,12,6,19:00,3,1,1,2.0,6.0,77258,A4.Y,M,"48,8307900","2,6364800",77,2019,110.0,1.0,2.0,1.0,2257513,1.0,1,1,1,1.0,,-1.0,0,1979.0,B01,138Â 210Â 208,1.0,4.0,-1.0,1723143,1.0,7,,0.0,2.0,4.0,B01,138Â 210Â 208,1.0
1009516,201900051047,12,6,06:00,3,1,1,1.0,4.0,77181,A4,M,"48,8293800","2,7163100",77,2019,130.0,1.0,1.0,1.0,2257514,1.0,1,4,1,1.0,,-1.0,0,1969.0,D01,138Â 210Â 201,1.0,0.0,-1.0,1723144,2.0,7,,14.0,0.0,1.0,D01,138Â 210Â 201,1.0
1009516,201900051047,12,6,06:00,3,1,1,1.0,4.0,77181,A4,M,"48,8293800","2,7163100",77,2019,130.0,1.0,1.0,1.0,2257514,1.0,1,4,1,1.0,,-1.0,0,1969.0,D01,138Â 210Â 201,1.0,0.0,-1.0,1723145,2.0,7,,0.0,2.0,3.0,C01,138Â 210Â 202,1.0
1009516,201900051047,12,6,06:00,3,1,1,1.0,4.0,77181,A4,M,"48,8293800","2,7163100",77,2019,130.0,1.0,1.0,1.0,2257514,1.0,1,4,1,1.0,,-1.0,0,1969.0,D01,138Â 210Â 201,1.0,0.0,-1.0,1723146,2.0,7,,0.0,2.0,4.0,B01,138Â 210Â 203,1.0
1009516,201900051047,12,6,06:00,3,1,1,1.0,4.0,77181,A4,M,"48,8293800","2,7163100",77,2019,130.0,1.0,1.0,1.0,2257514,1.0,1,4,1,1.0,,-1.0,0,1969.0,D01,138Â 210Â 201,1.0,0.0,-1.0,1723147,2.0,7,,0.0,2.0,1.0,A01,138Â 210Â 204,1.0
1009516,201900051047,12,6,06:00,3,1,1,1.0,4.0,77181,A4,M,"48,8293800","2,7163100",77,2019,130.0,1.0,1.0,1.0,2257515,1.0,1,4,1,1.0,,-1.0,0,1974.0,C01,138Â 210Â 202,1.0,0.0,-1.0,1723144,2.0,7,,14.0,0.0,1.0,D01,138Â 210Â 201,1.0
1009516,201900051047,12,6,06:00,3,1,1,1.0,4.0,77181,A4,M,"48,8293800","2,7163100",77,2019,130.0,1.0,1.0,1.0,2257515,1.0,1,4,1,1.0,,-1.0,0,1974.0,C01,138Â 210Â 202,1.0,0.0,-1.0,1723145,2.0,7,,0.0,2.0,3.0,C01,138Â 210Â 202,1.0
1009516,201900051047,12,6,06:00,3,1,1,1.0,4.0,77181,A4,M,"48,8293800","2,7163100",77,2019,130.0,1.0,1.0,1.0,2257515,1.0,1,4,1,1.0,,-1.0,0,1974.0,C01,138Â 210Â 202,1.0,0.0,-1.0,1723146,2.0,7,,0.0,2.0,4.0,B01,138Â 210Â 203,1.0
1009516,201900051047,12,6,06:00,3,1,1,1.0,4.0,77181,A4,M,"48,8293800","2,7163100",77,2019,130.0,1.0,1.0,1.0,2257515,1.0,1,4,1,1.0,,-1.0,0,1974.0,C01,138Â 210Â 202,1.0,0.0,-1.0,1723147,2.0,7,,0.0,2.0,1.0,A01,138Â 210Â 204,1.0
1009516,201900051047,12,6,06:00,3,1,1,1.0,4.0,77181,A4,M,"48,8293800","2,7163100",77,2019,130.0,1.0,1.0,1.0,2257516,1.0,1,1,2,1.0,,-1.0,0,1999.0,B01,138Â 210Â 203,1.0,0.0,-1.0,1723144,2.0,7,,14.0,0.0,1.0,D01,138Â 210Â 201,1.0
1009516,201900051047,12,6,06:00,3,1,1,1.0,4.0,77181,A4,M,"48,8293800","2,7163100",77,2019,130.0,1.0,1.0,1.0,2257516,1.0,1,1,2,1.0,,-1.0,0,1999.0,B01,138Â 210Â 203,1.0,0.0,-1.0,1723145,2.0,7,,0.0,2.0,3.0,C01,138Â 210Â 202,1.0
1009516,201900051047,12,6,06:00,3,1,1,1.0,4.0,77181,A4,M,"48,8293800","2,7163100",77,2019,130.0,1.0,1.0,1.0,2257516,1.0,1,1,2,1.0,,-1.0,0,1999.0,B01,138Â 210Â 203,1.0,0.0,-1.0,1723146,2.0,7,,0.0,2.0,4.0,B01,138Â 210Â 203,1.0
1009516,201900051047,12,6,06:00,3,1,1,1.0,4.0,77181,A4,M,"48,8293800","2,7163100",77,2019,130.0,1.0,1.0,1.0,2257516,1.0,1,1,2,1.0,,-1.0,0,1999.0,B01,138Â 210Â 203,1.0,0.0,-1.0,1723147,2.0,7,,0.0,2.0,1.0,A01,138Â 210Â 204,1.0
1009516,201900051047,12,6,06:00,3,1,1,1.0,4.0,77181,A4,M,"48,8293800","2,7163100",77,2019,130.0,1.0,1.0,1.0,2257517,1.0,1,1,1,5.0,,-1.0,0,1994.0,A01,138Â 210Â 204,1.0,0.0,-1.0,1723144,2.0,7,,14.0,0.0,1.0,D01,138Â 210Â 201,1.0
1009516,201900051047,12,6,06:00,3,1,1,1.0,4.0,77181,A4,M,"48,8293800","2,7163100",77,2019,130.0,1.0,1.0,1.0,2257517,1.0,1,1,1,5.0,,-1.0,0,1994.0,A01,138Â 210Â 204,1.0,0.0,-1.0,1723145,2.0,7,,0.0,2.0,3.0,C01,138Â 210Â 202,1.0
1009516,201900051047,12,6,06:00,3,1,1,1.0,4.0,77181,A4,M,"48,8293800","2,7163100",77,2019,130.0,1.0,1.0,1.0,2257517,1.0,1,1,1,5.0,,-1.0,0,1994.0,A01,138Â 210Â 204,1.0,0.0,-1.0,1723146,2.0,7,,0.0,2.0,4.0,B01,138Â 210Â 203,1.0
1009516,201900051047,12,6,06:00,3,1,1,1.0,4.0,77181,A4,M,"48,8293800","2,7163100",77,2019,130.0,1.0,1.0,1.0,2257517,1.0,1,1,1,5.0,,-1.0,0,1994.0,A01,138Â 210Â 204,1.0,0.0,-1.0,1723147,2.0,7,,0.0,2.0,1.0,A01,138Â 210Â 204,1.0
1009517,201900051048,11,29,09:53,1,2,2,2.0,2.0,63075,GAMBETTA (BOULEVARD),M,"45,7680800","3,0737800",63,2019,50.0,1.0,2.0,4.0,2257518,1.0,1,1,2,0.0,,-1.0, -1,1980.0,A01,138Â 210Â 198,1.0,0.0,-1.0,1723148,2.0,7,,0.0,2.0,1.0,A01,138Â 210Â 198,1.0
1009517,201900051048,11,29,09:53,1,2,2,2.0,2.0,63075,GAMBETTA (BOULEVARD),M,"45,7680800","3,0737800",63,2019,50.0,1.0,2.0,4.0,2257518,1.0,1,1,2,0.0,,-1.0, -1,1980.0,A01,138Â 210Â 198,1.0,0.0,-1.0,1723149,2.0,7,,0.0,2.0,4.0,B01,138Â 210Â 199,1.0
1009517,201900051048,11,29,09:53,1,2,2,2.0,2.0,63075,GAMBETTA (BOULEVARD),M,"45,7680800","3,0737800",63,2019,50.0,1.0,2.0,4.0,2257519,1.0,1,4,2,0.0,,-1.0, -1,1989.0,B01,138Â 210Â 199,1.0,0.0,-1.0,1723148,2.0,7,,0.0,2.0,1.0,A01,138Â 210Â 198,1.0
1009517,201900051048,11,29,09:53,1,2,2,2.0,2.0,63075,GAMBETTA (BOULEVARD),M,"45,7680800","3,0737800",63,2019,50.0,1.0,2.0,4.0,2257519,1.0,1,4,2,0.0,,-1.0, -1,1989.0,B01,138Â 210Â 199,1.0,0.0,-1.0,1723149,2.0,7,,0.0,2.0,4.0,B01,138Â 210Â 199,1.0
1009518,201900051049,11,30,18:51,5,2,5,1.0,6.0,63113,JULIEN (AVENUE),M,"45,7738400","3,0755300",63,2019,50.0,1.0,2.0,4.0,2257520,1.0,1,1,1,0.0,,-1.0, -1,1967.0,A01,138Â 210Â 197,1.0,0.0,-1.0,1723150,1.0,7,,0.0,1.0,0.0,A01,138Â 210Â 197,1.0
1009518,201900051049,11,30,18:51,5,2,5,1.0,6.0,63113,JULIEN (AVENUE),M,"45,7738400","3,0755300",63,2019,50.0,1.0,2.0,4.0,2257521,10.0,3,4,2,0.0,,3.0,3,2009.0,A01,138Â 210Â 197,8.0,0.0,-1.0,1723150,1.0,7,,0.0,1.0,0.0,A01,138Â 210Â 197,1.0
1009519,201900051050,12,3,18:25,3,2,1,1.0,4.0,41047,RD 952,M,"47,6007100","1,3497600",41,2019,70.0,1.0,1.0,4.0,2257522,1.0,1,1,2,5.0,,0.0, -1,1993.0,D01,138Â 210Â 192,1.0,8.0,-1.0,1723151,3.0,7,,0.0,2.0,4.0,D01,138Â 210Â 192,1.0
1009519,201900051050,12,3,18:25,3,2,1,1.0,4.0,41047,RD 952,M,"47,6007100","1,3497600",41,2019,70.0,1.0,1.0,4.0,2257522,1.0,1,1,2,5.0,,0.0, -1,1993.0,D01,138Â 210Â 192,1.0,8.0,-1.0,1723152,3.0,7,,0.0,2.0,4.0,C01,138Â 210Â 193,1.0
1009519,201900051050,12,3,18:25,3,2,1,1.0,4.0,41047,RD 952,M,"47,6007100","1,3497600",41,2019,70.0,1.0,1.0,4.0,2257522,1.0,1,1,2,5.0,,0.0, -1,1993.0,D01,138Â 210Â 192,1.0,8.0,-1.0,1723153,3.0,10,,0.0,2.0,4.0,B01,138Â 210Â 194,1.0
1009519,201900051050,12,3,18:25,3,2,1,1.0,4.0,41047,RD 952,M,"47,6007100","1,3497600",41,2019,70.0,1.0,1.0,4.0,2257522,1.0,1,1,2,5.0,,0.0, -1,1993.0,D01,138Â 210Â 192,1.0,8.0,-1.0,1723154,3.0,7,,0.0,2.0,1.0,A01,138Â 210Â 195,3.0
1009519,201900051050,12,3,18:25,3,2,1,1.0,4.0,41047,RD 952,M,"47,6007100","1,3497600",41,2019,70.0,1.0,1.0,4.0,2257523,1.0,1,1,1,5.0,,0.0, -1,1965.0,C01,138Â 210Â 193,1.0,8.0,-1.0,1723151,3.0,7,,0.0,2.0,4.0,D01,138Â 210Â 192,1.0
1009519,201900051050,12,3,18:25,3,2,1,1.0,4.0,41047,RD 952,M,"47,6007100","1,3497600",41,2019,70.0,1.0,1.0,4.0,2257523,1.0,1,1,1,5.0,,0.0, -1,1965.0,C01,138Â 210Â 193,1.0,8.0,-1.0,1723152,3.0,7,,0.0,2.0,4.0,C01,138Â 210Â 193,1.0
1009519,201900051050,12,3,18:25,3,2,1,1.0,4.0,41047,RD 952,M,"47,6007100","1,3497600",41,2019,70.0,1.0,1.0,4.0,2257523,1.0,1,1,1,5.0,,0.0, -1,1965.0,C01,138Â 210Â 193,1.0,8.0,-1.0,1723153,3.0,10,,0.0,2.0,4.0,B01,138Â 210Â 194,1.0
1009519,201900051050,12,3,18:25,3,2,1,1.0,4.0,41047,RD 952,M,"47,6007100","1,3497600",41,2019,70.0,1.0,1.0,4.0,2257523,1.0,1,1,1,5.0,,0.0, -1,1965.0,C01,138Â 210Â 193,1.0,8.0,-1.0,1723154,3.0,7,,0.0,2.0,1.0,A01,138Â 210Â 195,3.0
1009519,201900051050,12,3,18:25,3,2,1,1.0,4.0,41047,RD 952,M,"47,6007100","1,3497600",41,2019,70.0,1.0,1.0,4.0,2257524,1.0,1,1,1,4.0,,-1.0, -1,1983.0,B01,138Â 210Â 194,1.0,8.0,-1.0,1723151,3.0,7,,0.0,2.0,4.0,D01,138Â 210Â 192,1.0
1009519,201900051050,12,3,18:25,3,2,1,1.0,4.0,41047,RD 952,M,"47,6007100","1,3497600",41,2019,70.0,1.0,1.0,4.0,2257524,1.0,1,1,1,4.0,,-1.0, -1,1983.0,B01,138Â 210Â 194,1.0,8.0,-1.0,1723152,3.0,7,,0.0,2.0,4.0,C01,138Â 210Â 193,1.0
1009519,201900051050,12,3,18:25,3,2,1,1.0,4.0,41047,RD 952,M,"47,6007100","1,3497600",41,2019,70.0,1.0,1.0,4.0,2257524,1.0,1,1,1,4.0,,-1.0, -1,1983.0,B01,138Â 210Â 194,1.0,8.0,-1.0,1723153,3.0,10,,0.0,2.0,4.0,B01,138Â 210Â 194,1.0
1009519,201900051050,12,3,18:25,3,2,1,1.0,4.0,41047,RD 952,M,"47,6007100","1,3497600",41,2019,70.0,1.0,1.0,4.0,2257524,1.0,1,1,1,4.0,,-1.0, -1,1983.0,B01,138Â 210Â 194,1.0,8.0,-1.0,1723154,3.0,7,,0.0,2.0,1.0,A01,138Â 210Â 195,3.0
1009519,201900051050,12,3,18:25,3,2,1,1.0,4.0,41047,RD 952,M,"47,6007100","1,3497600",41,2019,70.0,1.0,1.0,4.0,2257525,1.0,1,4,1,5.0,,0.0, -1,1972.0,A01,138Â 210Â 195,1.0,8.0,-1.0,1723151,3.0,7,,0.0,2.0,4.0,D01,138Â 210Â 192,1.0
1009519,201900051050,12,3,18:25,3,2,1,1.0,4.0,41047,RD 952,M,"47,6007100","1,3497600",41,2019,70.0,1.0,1.0,4.0,2257525,1.0,1,4,1,5.0,,0.0, -1,1972.0,A01,138Â 210Â 195,1.0,8.0,-1.0,1723152,3.0,7,,0.0,2.0,4.0,C01,138Â 210Â 193,1.0
1009519,201900051050,12,3,18:25,3,2,1,1.0,4.0,41047,RD 952,M,"47,6007100","1,3497600",41,2019,70.0,1.0,1.0,4.0,2257525,1.0,1,4,1,5.0,,0.0, -1,1972.0,A01,138Â 210Â 195,1.0,8.0,-1.0,1723153,3.0,10,,0.0,2.0,4.0,B01,138Â 210Â 194,1.0
1009519,201900051050,12,3,18:25,3,2,1,1.0,4.0,41047,RD 952,M,"47,6007100","1,3497600",41,2019,70.0,1.0,1.0,4.0,2257525,1.0,1,4,1,5.0,,0.0, -1,1972.0,A01,138Â 210Â 195,1.0,8.0,-1.0,1723154,3.0,7,,0.0,2.0,1.0,A01,138Â 210Â 195,3.0