Unnamed: 0_x,num_acc,mois,jour,hrmn,lum,agg,int,atm,col,com,adr,gps,lat,long,dep,annee,vma,situ,surf,catr,Unnamed: 0_y,place,catu,grav,sexe,trajet,secu,locp,actp,an_nais,num_veh_x,id_vehicule_x,secu1,secu2,secu3,Unnamed: 0,senc,catv,occutc,obs,obsm,choc,num_veh_y,id_vehicule_y,motor
1009520,201900051051,11,28,17:35,5,2,1,1.0,6.0,37261,ALOUETTE (AVENUE),M,"47,3622885","0,6958284",37,2019,50.0,1.0,2.0,4.0,2257526,1.0,1,4,1,5.0,,-1.0,0,2000.0,A01,138Â 210Â 191,1.0,8.0,-1.0,1723155,3.0,7,,4.0,0.0,9.0,A01,138Â 210Â 191,1.0
1009520,201900051051,11,28,17:35,5,2,1,1.0,6.0,37261,ALOUETTE (AVENUE),M,"47,3622885","0,6958284",37,2019,50.0,1.0,2.0,4.0,2257527,4.0,2,4,1,5.0,,-1.0,0,2000.0,A01,138Â 210Â 191,1.0,8.0,-1.0,1723155,3.0,7,,4.0,0.0,9.0,A01,138Â 210Â 191,1.0
1009521,201900051052,11,28,10:45,1,2,1,9.0,1.0,37261,MARECHAL JUIN (BD),M,"47,4086500","0,7035400",37,2019,50.0,1.0,2.0,4.0,2257528,1.0,1,4,2,1.0,,-1.0, -1,1987.0,A01,138Â 210Â 189,1.0,8.0,-1.0,1723156,3.0,7,,0.0,2.0,1.0,A01,138Â 210Â 189,1.0
1009521,201900051052,11,28,10:45,1,2,1,9.0,1.0,37261,MARECHAL JUIN (BD),M,"47,4086500","0,7035400",37,2019,50.0,1.0,2.0,4.0,2257528,1.0,1,4,2,1.0,,-1.0, -1,1987.0,A01,138Â 210Â 189,1.0,8.0,-1.0,1723157,3.0,7,,0.0,2.0,1.0,B01,138Â 210Â 190,1.0
1009521,201900051052,11,28,10:45,1,2,1,9.0,1.0,37261,MARECHAL JUIN (BD),M,"47,4086500","0,7035400",37,2019,50.0,1.0,2.0,4.0,2257529,1.0,1,1,2,1.0,,-1.0, -1,1958.0,B01,138Â 210Â 190,1.0,0.0,-1.0,1723156,3.0,7,,0.0,2.0,1.0,A01,138Â 210Â 189,1.0
1009521,201900051052,11,28,10:45,1,2,1,9.0,1.0,37261,MARECHAL JUIN (BD),M,"47,4086500","0,7035400",37,2019,50.0,1.0,2.0,4.0,2257529,1.0,1,1,2,1.0,,-1.0, -1,1958.0,B01,138Â 210Â 190,1.0,0.0,-1.0,1723157,3.0,7,,0.0,2.0,1.0,B01,138Â 210Â 190,1.0
1009522,201900051053,11,23,22:00,5,2,1,1.0,3.0,14118,LEROY (BOULEVARD),M,"49,1706900"," -0,3531500",14,2019,-1.0,1.0,1.0,4.0,2257530,1.0,1,4,1,-1.0,,-1.0, -1,2000.0,B01,138Â 210Â 187,0.0,-1.0,-1.0,1723158,1.0,1,,0.0,0.0,9.0,B01,138Â 210Â 187,5.0
1009522,201900051053,11,23,22:00,5,2,1,1.0,3.0,14118,LEROY (BOULEVARD),M,"49,1706900"," -0,3531500",14,2019,-1.0,1.0,1.0,4.0,2257530,1.0,1,4,1,-1.0,,-1.0, -1,2000.0,B01,138Â 210Â 187,0.0,-1.0,-1.0,1723159,1.0,7,,0.0,2.0,1.0,A01,138Â 210Â 188,1.0
1009522,201900051053,11,23,22:00,5,2,1,1.0,3.0,14118,LEROY (BOULEVARD),M,"49,1706900"," -0,3531500",14,2019,-1.0,1.0,1.0,4.0,2257531,1.0,1,1,1,-1.0,,0.0,0,1969.0,A01,138Â 210Â 188,1.0,-1.0,-1.0,1723158,1.0,1,,0.0,0.0,9.0,B01,138Â 210Â 187,5.0
1009522,201900051053,11,23,22:00,5,2,1,1.0,3.0,14118,LEROY (BOULEVARD),M,"49,1706900"," -0,3531500",14,2019,-1.0,1.0,1.0,4.0,2257531,1.0,1,1,1,-1.0,,0.0,0,1969.0,A01,138Â 210Â 188,1.0,-1.0,-1.0,1723159,1.0,7,,0.0,2.0,1.0,A01,138Â 210Â 188,1.0
1009523,201900051054,12,4,21:15,3,1,3,1.0,3.0,11069,VILLEMOUSTAUSSOU -ROUTE DE-,M,"43,2325908","2,3618916",11,2019,70.0,1.0,1.0,3.0,2257532,1.0,1,1,1,1.0,,-1.0,0,1984.0,A01,138Â 210Â 185,1.0,8.0,-1.0,1723160,2.0,10,,0.0,2.0,3.0,A01,138Â 210Â 185,1.0
1009523,201900051054,12,4,21:15,3,1,3,1.0,3.0,11069,VILLEMOUSTAUSSOU -ROUTE DE-,M,"43,2325908","2,3618916",11,2019,70.0,1.0,1.0,3.0,2257532,1.0,1,1,1,1.0,,-1.0,0,1984.0,A01,138Â 210Â 185,1.0,8.0,-1.0,1723161,1.0,2,,0.0,2.0,1.0,B01,138Â 210Â 186,0.0
1009523,201900051054,12,4,21:15,3,1,3,1.0,3.0,11069,VILLEMOUSTAUSSOU -ROUTE DE-,M,"43,2325908","2,3618916",11,2019,70.0,1.0,1.0,3.0,2257533,1.0,1,3,1,5.0,,-1.0, -1,2003.0,B01,138Â 210Â 186,2.0,0.0,-1.0,1723160,2.0,10,,0.0,2.0,3.0,A01,138Â 210Â 185,1.0
1009523,201900051054,12,4,21:15,3,1,3,1.0,3.0,11069,VILLEMOUSTAUSSOU -ROUTE DE-,M,"43,2325908","2,3618916",11,2019,70.0,1.0,1.0,3.0,2257533,1.0,1,3,1,5.0,,-1.0, -1,2003.0,B01,138Â 210Â 186,2.0,0.0,-1.0,1723161,1.0,2,,0.0,2.0,1.0,B01,138Â 210Â 186,0.0
1009523,201900051054,12,4,21:15,3,1,3,1.0,3.0,11069,VILLEMOUSTAUSSOU -ROUTE DE-,M,"43,2325908","2,3618916",11,2019,70.0,1.0,1.0,3.0,2257534,2.0,2,4,1,5.0,,-1.0, -1,2003.0,B01,138Â 210Â 186,2.0,0.0,-1.0,1723160,2.0,10,,0.0,2.0,3.0,A01,138Â 210Â 185,1.0
1009523,201900051054,12,4,21:15,3,1,3,1.0,3.0,11069,VILLEMOUSTAUSSOU -ROUTE DE-,M,"43,2325908","2,3618916",11,2019,70.0,1.0,1.0,3.0,2257534,2.0,2,4,1,5.0,,-1.0, -1,2003.0,B01,138Â 210Â 186,2.0,0.0,-1.0,1723161,1.0,2,,0.0,2.0,1.0,B01,138Â 210Â 186,0.0
1009524,201900051055,12,4,11:34,1,2,1,1.0,3.0,93055,JEAN LOLIVE (AVENUE)(137/FIN ET 134/FIN),M,"48,8943000","2,4201000",93,2019,50.0,1.0,1.0,3.0,2257535,1.0,1,4,1,0.0,,-1.0, -1,1992.0,B01,138Â 210Â 183,2.0,0.0,-1.0,1723162,1.0,2,,0.0,2.0,1.0,B01,138Â 210Â 183,1.0
1009524,201900051055,12,4,11:34,1,2,1,1.0,3.0,93055,JEAN LOLIVE (AVENUE)(137/FIN ET 134/FIN),M,"48,8943000","2,4201000",93,2019,50.0,1.0,1.0,3.0,2257535,1.0,1,4,1,0.0,,-1.0, -1,1992.0,B01,138Â 210Â 183,2.0,0.0,-1.0,1723163,2.0,10,,0.0,2.0,2.0,A01,138Â 210Â 184,1.0
1009524,201900051055,12,4,11:34,1,2,1,1.0,3.0,93055,JEAN LOLIVE (AVENUE)(137/FIN ET 134/FIN),M,"48,8943000","2,4201000",93,2019,50.0,1.0,1.0,3.0,2257536,1.0,1,1,1,0.0,,-1.0, -1,1994.0,A01,138Â 210Â 184,1.0,0.0,-1.0,1723162,1.0,2,,0.0,2.0,1.0,B01,138Â 210Â 183,1.0
1009524,201900051055,12,4,11:34,1,2,1,1.0,3.0,93055,JEAN LOLIVE (AVENUE)(137/FIN ET 134/FIN),M,"48,8943000","2,4201000",93,2019,50.0,1.0,1.0,3.0,2257536,1.0,1,1,1,0.0,,-1.0, -1,1994.0,A01,138Â 210Â 184,1.0,0.0,-1.0,1723163,2.0,10,,0.0,2.0,2.0,A01,138Â 210Â 184,1.0
1009525,201900051056,12,4,07:27,2,2,1,1.0,2.0,92072,SAINT CLOUD (RUE DE),M,"48,8287122","2,2246359",92,2019,50.0,1.0,1.0,3.0,2257537,1.0,1,4,1,1.0,,-1.0,0,1966.0,B01,138Â 210Â 181,8.0,0.0,-1.0,1723164,3.0,7,,0.0,2.0,6.0,B01,138Â 210Â 181,1.0
1009525,201900051056,12,4,07:27,2,2,1,1.0,2.0,92072,SAINT CLOUD (RUE DE),M,"48,8287122","2,2246359",92,2019,50.0,1.0,1.0,3.0,2257537,1.0,1,4,1,1.0,,-1.0,0,1966.0,B01,138Â 210Â 181,8.0,0.0,-1.0,1723165,3.0,15,,0.0,2.0,2.0,A01,138Â 210Â 182,1.0
1009525,201900051056,12,4,07:27,2,2,1,1.0,2.0,92072,SAINT CLOUD (RUE DE),M,"48,8287122","2,2246359",92,2019,50.0,1.0,1.0,3.0,2257538,1.0,1,1,1,4.0,,-1.0,0,1984.0,A01,138Â 210Â 182,8.0,0.0,-1.0,1723164,3.0,7,,0.0,2.0,6.0,B01,138Â 210Â 181,1.0
1009525,201900051056,12,4,07:27,2,2,1,1.0,2.0,92072,SAINT CLOUD (RUE DE),M,"48,8287122","2,2246359",92,2019,50.0,1.0,1.0,3.0,2257538,1.0,1,1,1,4.0,,-1.0,0,1984.0,A01,138Â 210Â 182,8.0,0.0,-1.0,1723165,3.0,15,,0.0,2.0,2.0,A01,138Â 210Â 182,1.0
1009526,201900051057,12,3,06:20,3,1,1,9.0,6.0,93078,AUTOROUTE A104,M,"48,9676500","2,5108000",93,2019,110.0,1.0,9.0,1.0,2257539,1.0,1,4,1,1.0,,-1.0, -1,1982.0,A01,138Â 210Â 180,1.0,0.0,-1.0,1723166,2.0,7,,3.0,0.0,8.0,A01,138Â 210Â 180,1.0
1009527,201900051058,12,5,20:30,5,2,1,1.0,7.0,97407,BIRHAKEIM (ALLEE),M," -20,9401900","55,3042800",974,2019,30.0,-1.0,1.0,6.0,2257540,1.0,1,4,2,0.0,,-1.0, -1,1998.0,A01,138Â 210Â 179,2.0,0.0,-1.0,1723167,3.0,32,,0.0,0.0,0.0,A01,138Â 210Â 179,0.0
1009528,201900051059,12,5,16:30,1,2,9,1.0,2.0,97302,UNIVERSITE CHICAGO (RUE DE),M,"4,9356310"," -52,2987520",973,2019,30.0,1.0,1.0,4.0,2257541,1.0,1,1,2,4.0,,-1.0, -1,1992.0,B01,138Â 210Â 177,1.0,8.0,-1.0,1723168,0.0,7,,0.0,9.0,6.0,B01,138Â 210Â 177,6.0
1009528,201900051059,12,5,16:30,1,2,9,1.0,2.0,97302,UNIVERSITE CHICAGO (RUE DE),M,"4,9356310"," -52,2987520",973,2019,30.0,1.0,1.0,4.0,2257541,1.0,1,1,2,4.0,,-1.0, -1,1992.0,B01,138Â 210Â 177,1.0,8.0,-1.0,1723169,0.0,7,,1.0,0.0,1.0,A01,138Â 210Â 178,6.0
1009528,201900051059,12,5,16:30,1,2,9,1.0,2.0,97302,UNIVERSITE CHICAGO (RUE DE),M,"4,9356310"," -52,2987520",973,2019,30.0,1.0,1.0,4.0,2257542,1.0,1,4,1,9.0,,-1.0, -1,1972.0,A01,138Â 210Â 178,8.0,0.0,-1.0,1723168,0.0,7,,0.0,9.0,6.0,B01,138Â 210Â 177,6.0
1009528,201900051059,12,5,16:30,1,2,9,1.0,2.0,97302,UNIVERSITE CHICAGO (RUE DE),M,"4,9356310"," -52,2987520",973,2019,30.0,1.0,1.0,4.0,2257542,1.0,1,4,1,9.0,,-1.0, -1,1972.0,A01,138Â 210Â 178,8.0,0.0,-1.0,1723169,0.0,7,,1.0,0.0,1.0,A01,138Â 210Â 178,6.0
1009529,201900051060,12,4,13:08,1,2,9,1.0,3.0,97302,COLLERY (ZONE INDUSTRIELLE),M,"4,9009630"," -52,3276022",973,2019,30.0,1.0,1.0,4.0,2257543,1.0,1,1,2,4.0,,-1.0,0,1990.0,A01,138Â 210Â 175,1.0,8.0,-1.0,1723170,1.0,7,,0.0,2.0,8.0,A01,138Â 210Â 175,6.0
1009529,201900051060,12,4,13:08,1,2,9,1.0,3.0,97302,COLLERY (ZONE INDUSTRIELLE),M,"4,9009630"," -52,3276022",973,2019,30.0,1.0,1.0,4.0,2257543,1.0,1,1,2,4.0,,-1.0,0,1990.0,A01,138Â 210Â 175,1.0,8.0,-1.0,1723171,1.0,33,,0.0,2.0,1.0,B01,138Â 210Â 176,6.0
1009529,201900051060,12,4,13:08,1,2,9,1.0,3.0,97302,COLLERY (ZONE INDUSTRIELLE),M,"4,9009630"," -52,3276022",973,2019,30.0,1.0,1.0,4.0,2257544,1.0,1,4,2,9.0,,-1.0,0,1989.0,B01,138Â 210Â 176,2.0,8.0,-1.0,1723170,1.0,7,,0.0,2.0,8.0,A01,138Â 210Â 175,6.0
1009529,201900051060,12,4,13:08,1,2,9,1.0,3.0,97302,COLLERY (ZONE INDUSTRIELLE),M,"4,9009630"," -52,3276022",973,2019,30.0,1.0,1.0,4.0,2257544,1.0,1,4,2,9.0,,-1.0,0,1989.0,B01,138Â 210Â 176,2.0,8.0,-1.0,1723171,1.0,33,,0.0,2.0,1.0,B01,138Â 210Â 176,6.0
1009530,201900051061,12,5,01:00,5,1,1,1.0,7.0,97307,CRIQUE FOUILLEE (ROND POINT),M,"4,8971529"," -52,3287955",973,2019,50.0,1.0,1.0,2.0,2257545,1.0,1,4,1,5.0,,-1.0, -1,2000.0,A01,138Â 210Â 174,1.0,8.0,-1.0,1723172,1.0,7,,8.0,2.0,1.0,A01,138Â 210Â 174,1.0
1009531,201900051062,12,5,22:45,5,2,1,5.0,3.0,69383,GAMBETTA                            (CO),M,"45,7519900","4,8526800",69,2019,50.0,1.0,1.0,4.0,2257546,1.0,1,1,1,0.0,,-1.0, -1,1952.0,A01,138Â 210Â 172,1.0,0.0,-1.0,1723173,3.0,7,,0.0,2.0,0.0,A01,138Â 210Â 172,0.0
1009531,201900051062,12,5,22:45,5,2,1,5.0,3.0,69383,GAMBETTA                            (CO),M,"45,7519900","4,8526800",69,2019,50.0,1.0,1.0,4.0,2257546,1.0,1,1,1,0.0,,-1.0, -1,1952.0,A01,138Â 210Â 172,1.0,0.0,-1.0,1723174,3.0,1,,0.0,2.0,0.0,B01,138Â 210Â 173,0.0
1009531,201900051062,12,5,22:45,5,2,1,5.0,3.0,69383,GAMBETTA                            (CO),M,"45,7519900","4,8526800",69,2019,50.0,1.0,1.0,4.0,2257547,1.0,1,4,2,0.0,,-1.0, -1,1999.0,B01,138Â 210Â 173,8.0,0.0,-1.0,1723173,3.0,7,,0.0,2.0,0.0,A01,138Â 210Â 172,0.0
1009531,201900051062,12,5,22:45,5,2,1,5.0,3.0,69383,GAMBETTA                            (CO),M,"45,7519900","4,8526800",69,2019,50.0,1.0,1.0,4.0,2257547,1.0,1,4,2,0.0,,-1.0, -1,1999.0,B01,138Â 210Â 173,8.0,0.0,-1.0,1723174,3.0,1,,0.0,2.0,0.0,B01,138Â 210Â 173,0.0
1009532,201900051063,12,5,20:55,5,2,1,5.0,6.0,69259,MARCEL CACHIN                       (AV),M,"45,6923400","4,8778800",69,2019,50.0,6.0,1.0,4.0,2257548,1.0,1,1,1,4.0,,-1.0, -1,1978.0,A01,138Â 210Â 171,8.0,8.0,-1.0,1723175,2.0,40,,0.0,1.0,1.0,A01,138Â 210Â 171,3.0
1009532,201900051063,12,5,20:55,5,2,1,5.0,6.0,69259,MARCEL CACHIN                       (AV),M,"45,6923400","4,8778800",69,2019,50.0,6.0,1.0,4.0,2257549,10.0,3,4,1,5.0,,2.0,3,2002.0,A01,138Â 210Â 171,0.0,-1.0,-1.0,1723175,2.0,40,,0.0,1.0,1.0,A01,138Â 210Â 171,3.0
1009533,201900051064,12,5,17:20,5,2,2,1.0,3.0,69387,CHALOPIN                            (R ),M,"45,7520100","4,8449700",69,2019,50.0,1.0,1.0,4.0,2257550,1.0,1,4,1,0.0,,-1.0, -1,1996.0,B01,138Â 210Â 169,2.0,0.0,-1.0,1723176,1.0,2,,0.0,2.0,8.0,B01,138Â 210Â 169,1.0
1009533,201900051064,12,5,17:20,5,2,2,1.0,3.0,69387,CHALOPIN                            (R ),M,"45,7520100","4,8449700",69,2019,50.0,1.0,1.0,4.0,2257550,1.0,1,4,1,0.0,,-1.0, -1,1996.0,B01,138Â 210Â 169,2.0,0.0,-1.0,1723177,1.0,7,,0.0,2.0,1.0,A01,138Â 210Â 170,1.0
1009533,201900051064,12,5,17:20,5,2,2,1.0,3.0,69387,CHALOPIN                            (R ),M,"45,7520100","4,8449700",69,2019,50.0,1.0,1.0,4.0,2257551,1.0,1,1,2,0.0,,-1.0, -1,1990.0,A01,138Â 210Â 170,1.0,0.0,-1.0,1723176,1.0,2,,0.0,2.0,8.0,B01,138Â 210Â 169,1.0
1009533,201900051064,12,5,17:20,5,2,2,1.0,3.0,69387,CHALOPIN                            (R ),M,"45,7520100","4,8449700",69,2019,50.0,1.0,1.0,4.0,2257551,1.0,1,1,2,0.0,,-1.0, -1,1990.0,A01,138Â 210Â 170,1.0,0.0,-1.0,1723177,1.0,7,,0.0,2.0,1.0,A01,138Â 210Â 170,1.0
1009534,201900051065,12,5,18:15,5,1,1,1.0,2.0,97213,ROUTE NATIONALE 6,M,"14,5942300"," -60,9829400",972,2019,50.0,1.0,1.0,2.0,2257552,1.0,1,1,1,0.0,,-1.0, -1,1994.0,A01,138Â 210Â 167,1.0,8.0,-1.0,1723178,1.0,7,,0.0,2.0,2.0,A01,138Â 210Â 167,1.0
1009534,201900051065,12,5,18:15,5,1,1,1.0,2.0,97213,ROUTE NATIONALE 6,M,"14,5942300"," -60,9829400",972,2019,50.0,1.0,1.0,2.0,2257552,1.0,1,1,1,0.0,,-1.0, -1,1994.0,A01,138Â 210Â 167,1.0,8.0,-1.0,1723179,1.0,7,,0.0,2.0,4.0,B01,138Â 210Â 168,1.0
1009534,201900051065,12,5,18:15,5,1,1,1.0,2.0,97213,ROUTE NATIONALE 6,M,"14,5942300"," -60,9829400",972,2019,50.0,1.0,1.0,2.0,2257553,1.0,1,4,1,0.0,,-1.0, -1,1961.0,B01,138Â 210Â 168,1.0,8.0,-1.0,1723178,1.0,7,,0.0,2.0,2.0,A01,138Â 210Â 167,1.0
1009534,201900051065,12,5,18:15,5,1,1,1.0,2.0,97213,ROUTE NATIONALE 6,M,"14,5942300"," -60,9829400",972,2019,50.0,1.0,1.0,2.0,2257553,1.0,1,4,1,0.0,,-1.0, -1,1961.0,B01,138Â 210Â 168,1.0,8.0,-1.0,1723179,1.0,7,,0.0,2.0,4.0,B01,138Â 210Â 168,1.0
1009534,201900051065,12,5,18:15,5,1,1,1.0,2.0,97213,ROUTE NATIONALE 6,M,"14,5942300"," -60,9829400",972,2019,50.0,1.0,1.0,2.0,2257554,2.0,2,4,2,0.0,,-1.0, -1,1972.0,B01,138Â 210Â 168,1.0,8.0,-1.0,1723178,1.0,7,,0.0,2.0,2.0,A01,138Â 210Â 167,1.0
1009534,201900051065,12,5,18:15,5,1,1,1.0,2.0,97213,ROUTE NATIONALE 6,M,"14,5942300"," -60,9829400",972,2019,50.0,1.0,1.0,2.0,2257554,2.0,2,4,2,0.0,,-1.0, -1,1972.0,B01,138Â 210Â 168,1.0,8.0,-1.0,1723179,1.0,7,,0.0,2.0,4.0,B01,138Â 210Â 168,1.0
1009535,201900051066,12,5,13:55,1,2,1,1.0,6.0,97213,ROUTE DEPARTEMENTALE 14,M,"14,6207300"," -61,0205400",972,2019,50.0,1.0,1.0,3.0,2257555,10.0,3,4,1,0.0,,1.0,3,2007.0,Y01,138Â 210Â 166,0.0,-1.0,-1.0,1723180,-1.0,0,,-1.0,-1.0,-1.0,Y01,138Â 210Â 166,-1.0
1009536,201900051067,12,6,01:20,5,2,2,1.0,3.0,69381,ALGERIE (D')                        (R ),M,"45,7672200","4,8309600",69,2019,50.0,1.0,1.0,4.0,2257556,1.0,1,4,1,9.0,,-1.0,0,1964.0,B01,138Â 210Â 164,2.0,8.0,-1.0,1723181,1.0,34,,0.0,2.0,8.0,B01,138Â 210Â 164,1.0
1009536,201900051067,12,6,01:20,5,2,2,1.0,3.0,69381,ALGERIE (D')                        (R ),M,"45,7672200","4,8309600",69,2019,50.0,1.0,1.0,4.0,2257556,1.0,1,4,1,9.0,,-1.0,0,1964.0,B01,138Â 210Â 164,2.0,8.0,-1.0,1723182,1.0,7,,0.0,2.0,2.0,A01,138Â 210Â 165,1.0
1009536,201900051067,12,6,01:20,5,2,2,1.0,3.0,69381,ALGERIE (D')                        (R ),M,"45,7672200","4,8309600",69,2019,50.0,1.0,1.0,4.0,2257557,1.0,1,1,2,4.0,,-1.0, -1,1988.0,A01,138Â 210Â 165,1.0,0.0,-1.0,1723181,1.0,34,,0.0,2.0,8.0,B01,138Â 210Â 164,1.0
1009536,201900051067,12,6,01:20,5,2,2,1.0,3.0,69381,ALGERIE (D')                        (R ),M,"45,7672200","4,8309600",69,2019,50.0,1.0,1.0,4.0,2257557,1.0,1,1,2,4.0,,-1.0, -1,1988.0,A01,138Â 210Â 165,1.0,0.0,-1.0,1723182,1.0,7,,0.0,2.0,2.0,A01,138Â 210Â 165,1.0
1009537,201900051068,12,5,19:50,5,2,1,5.0,1.0,69389,SERGENT MICHEL BERTHET (DU)         (R ),M,"45,7665100","4,8054200",69,2019,50.0,1.0,1.0,4.0,2257558,1.0,1,4,1,0.0,,-1.0, -1,1962.0,B01,138Â 210Â 162,2.0,0.0,-1.0,1723183,0.0,31,,0.0,0.0,0.0,B01,138Â 210Â 162,0.0
1009537,201900051068,12,5,19:50,5,2,1,5.0,1.0,69389,SERGENT MICHEL BERTHET (DU)         (R ),M,"45,7665100","4,8054200",69,2019,50.0,1.0,1.0,4.0,2257558,1.0,1,4,1,0.0,,-1.0, -1,1962.0,B01,138Â 210Â 162,2.0,0.0,-1.0,1723184,0.0,7,,0.0,2.0,2.0,A01,138Â 210Â 163,0.0
1009537,201900051068,12,5,19:50,5,2,1,5.0,1.0,69389,SERGENT MICHEL BERTHET (DU)         (R ),M,"45,7665100","4,8054200",69,2019,50.0,1.0,1.0,4.0,2257559,1.0,1,1,2,0.0,,-1.0, -1,1977.0,A01,138Â 210Â 163,1.0,0.0,-1.0,1723183,0.0,31,,0.0,0.0,0.0,B01,138Â 210Â 162,0.0
1009537,201900051068,12,5,19:50,5,2,1,5.0,1.0,69389,SERGENT MICHEL BERTHET (DU)         (R ),M,"45,7665100","4,8054200",69,2019,50.0,1.0,1.0,4.0,2257559,1.0,1,1,2,0.0,,-1.0, -1,1977.0,A01,138Â 210Â 163,1.0,0.0,-1.0,1723184,0.0,7,,0.0,2.0,2.0,A01,138Â 210Â 163,0.0
1009538,201900051069,12,5,00:05,5,2,2,1.0,3.0,69385,JOLIOT CURIE                        (R ),M,"45,7544200","4,7817100",69,2019,50.0,1.0,1.0,4.0,2257560,1.0,1,4,2,1.0,,0.0,0,2001.0,B01,138Â 210Â 160,1.0,0.0,-1.0,1723185,2.0,7,,0.0,2.0,1.0,B01,138Â 210Â 160,1.0
1009538,201900051069,12,5,00:05,5,2,2,1.0,3.0,69385,JOLIOT CURIE                        (R ),M,"45,7544200","4,7817100",69,2019,50.0,1.0,1.0,4.0,2257560,1.0,1,4,2,1.0,,0.0,0,2001.0,B01,138Â 210Â 160,1.0,0.0,-1.0,1723186,1.0,7,,0.0,2.0,2.0,A01,138Â 210Â 161,1.0
1009538,201900051069,12,5,00:05,5,2,2,1.0,3.0,69385,JOLIOT CURIE                        (R ),M,"45,7544200","4,7817100",69,2019,50.0,1.0,1.0,4.0,2257561,1.0,1,1,1,1.0,,0.0,0,1981.0,A01,138Â 210Â 161,1.0,0.0,-1.0,1723185,2.0,7,,0.0,2.0,1.0,B01,138Â 210Â 160,1.0
1009538,201900051069,12,5,00:05,5,2,2,1.0,3.0,69385,JOLIOT CURIE                        (R ),M,"45,7544200","4,7817100",69,2019,50.0,1.0,1.0,4.0,2257561,1.0,1,1,1,1.0,,0.0,0,1981.0,A01,138Â 210Â 161,1.0,0.0,-1.0,1723186,1.0,7,,0.0,2.0,2.0,A01,138Â 210Â 161,1.0
1009539,201900051070,12,3,17:45,5,1,3,1.0,3.0,97101,PETIT PEROU,M,"16,2514800"," -61,5161500",971,2019,80.0,1.0,1.0,3.0,2257562,2.0,2,1,1,5.0,,-1.0, -1,1967.0,A01,138Â 210Â 158,1.0,0.0,-1.0,1723187,3.0,7,,0.0,2.0,1.0,A01,138Â 210Â 158,1.0
1009539,201900051070,12,3,17:45,5,1,3,1.0,3.0,97101,PETIT PEROU,M,"16,2514800"," -61,5161500",971,2019,80.0,1.0,1.0,3.0,2257562,2.0,2,1,1,5.0,,-1.0, -1,1967.0,A01,138Â 210Â 158,1.0,0.0,-1.0,1723188,3.0,33,,0.0,2.0,7.0,B01,138Â 210Â 159,1.0
1009539,201900051070,12,3,17:45,5,1,3,1.0,3.0,97101,PETIT PEROU,M,"16,2514800"," -61,5161500",971,2019,80.0,1.0,1.0,3.0,2257563,1.0,1,1,2,5.0,,-1.0, -1,1975.0,A01,138Â 210Â 158,1.0,0.0,-1.0,1723187,3.0,7,,0.0,2.0,1.0,A01,138Â 210Â 158,1.0
1009539,201900051070,12,3,17:45,5,1,3,1.0,3.0,97101,PETIT PEROU,M,"16,2514800"," -61,5161500",971,2019,80.0,1.0,1.0,3.0,2257563,1.0,1,1,2,5.0,,-1.0, -1,1975.0,A01,138Â 210Â 158,1.0,0.0,-1.0,1723188,3.0,33,,0.0,2.0,7.0,B01,138Â 210Â 159,1.0
1009539,201900051070,12,3,17:45,5,1,3,1.0,3.0,97101,PETIT PEROU,M,"16,2514800"," -61,5161500",971,2019,80.0,1.0,1.0,3.0,2257564,1.0,1,4,1,0.0,,-1.0, -1,1992.0,B01,138Â 210Â 159,2.0,8.0,-1.0,1723187,3.0,7,,0.0,2.0,1.0,A01,138Â 210Â 158,1.0
1009539,201900051070,12,3,17:45,5,1,3,1.0,3.0,97101,PETIT PEROU,M,"16,2514800"," -61,5161500",971,2019,80.0,1.0,1.0,3.0,2257564,1.0,1,4,1,0.0,,-1.0, -1,1992.0,B01,138Â 210Â 159,2.0,8.0,-1.0,1723188,3.0,33,,0.0,2.0,7.0,B01,138Â 210Â 159,1.0
1009540,201900051071,12,3,12:35,1,2,2,1.0,6.0,91471,GUY MOQUET (RUE),M,"48,7002830","2,1881900",91,2019,50.0,1.0,1.0,3.0,2257565,1.0,1,1,2,2.0,,0.0,0,2001.0,A01,138Â 210Â 155,1.0,8.0,-1.0,1723189,3.0,7,,0.0,1.0,2.0,A01,138Â 210Â 155,1.0
1009540,201900051071,12,3,12:35,1,2,2,1.0,6.0,91471,GUY MOQUET (RUE),M,"48,7002830","2,1881900",91,2019,50.0,1.0,1.0,3.0,2257566,10.0,3,3,2,1.0,,4.0,3,1998.0,A01,138Â 210Â 155,0.0,-1.0,-1.0,1723189,3.0,7,,0.0,1.0,2.0,A01,138Â 210Â 155,1.0
1009541,201900051072,12,5,14:10,1,2,9,1.0,6.0,91377,BEL-AIR (AVENUE DU),M,"48,7302500","2,3021400",91,2019,50.0,1.0,1.0,4.0,2257567,2.0,2,1,2,0.0,,0.0,0,1964.0,A01,138Â 210Â 154,1.0,0.0,-1.0,1723190,1.0,7,,0.0,1.0,1.0,A01,138Â 210Â 154,1.0