Unnamed: 0_x,num_acc,mois,jour,hrmn,lum,agg,int,atm,col,com,adr,gps,lat,long,dep,annee,vma,situ,surf,catr,Unnamed: 0_y,place,catu,grav,sexe,trajet,secu,locp,actp,an_nais,num_veh_x,id_vehicule_x,secu1,secu2,secu3,Unnamed: 0,senc,catv,occutc,obs,obsm,choc,num_veh_y,id_vehicule_y,motor
1009541,201900051072,12,5,14:10,1,2,9,1.0,6.0,91377,BEL-AIR (AVENUE DU),M,"48,7302500","2,3021400",91,2019,50.0,1.0,1.0,4.0,2257568,1.0,1,1,2,1.0,,0.0,0,1968.0,A01,138Â 210Â 154,1.0,0.0,-1.0,1723190,1.0,7,,0.0,1.0,1.0,A01,138Â 210Â 154,1.0
1009541,201900051072,12,5,14:10,1,2,9,1.0,6.0,91377,BEL-AIR (AVENUE DU),M,"48,7302500","2,3021400",91,2019,50.0,1.0,1.0,4.0,2257569,10.0,3,4,2,5.0,,3.0,3,1986.0,A01,138Â 210Â 154,8.0,0.0,-1.0,1723190,1.0,7,,0.0,1.0,1.0,A01,138Â 210Â 154,1.0
1009542,201900051073,12,5,13:50,1,2,9,1.0,6.0,91097,ROCHOPT (RUE),M,"48,6908900","2,5257700",91,2019,30.0,1.0,1.0,7.0,2257570,10.0,3,3,1,3.0,,3.0,3,1960.0,A01,138Â 210Â 153,0.0,-1.0,-1.0,1723191,1.0,37,1.0,0.0,1.0,2.0,A01,138Â 210Â 153,1.0
1009542,201900051073,12,5,13:50,1,2,9,1.0,6.0,91097,ROCHOPT (RUE),M,"48,6908900","2,5257700",91,2019,30.0,1.0,1.0,7.0,2257571,1.0,1,1,1,4.0,,0.0,0,1988.0,A01,138Â 210Â 153,1.0,0.0,-1.0,1723191,1.0,37,1.0,0.0,1.0,2.0,A01,138Â 210Â 153,1.0
1009543,201900051074,12,4,20:49,5,2,1,1.0,6.0,91103,COMMUNE DE PARIS (RUE DE LA),M,"48,5939900","2,3027900",91,2019,50.0,1.0,1.0,4.0,2257572,10.0,3,3,1,1.0,,4.0,5,1997.0,A01,138Â 210Â 152,8.0,0.0,-1.0,1723192,2.0,7,,0.0,1.0,2.0,A01,138Â 210Â 152,1.0
1009543,201900051074,12,4,20:49,5,2,1,1.0,6.0,91103,COMMUNE DE PARIS (RUE DE LA),M,"48,5939900","2,3027900",91,2019,50.0,1.0,1.0,4.0,2257573,1.0,1,1,2,1.0,,0.0,0,1964.0,A01,138Â 210Â 152,1.0,0.0,-1.0,1723192,2.0,7,,0.0,1.0,2.0,A01,138Â 210Â 152,1.0
1009544,201900051075,11,21,19:20,5,2,1,1.0,6.0,85191, BOULEVARD ARISTIDE BRIAND,M,"46,6678500"," -1,4308400",85,2019,50.0,1.0,1.0,3.0,2257574,10.0,3,4,2,5.0,,4.0,3,2000.0,A01,138Â 210Â 148,0.0,-1.0,-1.0,1723193,2.0,7,,0.0,1.0,1.0,A01,138Â 210Â 148,1.0
1009544,201900051075,11,21,19:20,5,2,1,1.0,6.0,85191, BOULEVARD ARISTIDE BRIAND,M,"46,6678500"," -1,4308400",85,2019,50.0,1.0,1.0,3.0,2257575,1.0,1,1,2,0.0,,0.0,0,1973.0,A01,138Â 210Â 148,1.0,0.0,-1.0,1723193,2.0,7,,0.0,1.0,1.0,A01,138Â 210Â 148,1.0
1009545,201900051076,12,4,18:15,3,2,3,1.0,3.0,82121,LANIS (CHEMIN DE),M,"44,0297300","1,3345200",82,2019,50.0,1.0,1.0,4.0,2257576,1.0,1,3,1,1.0,,0.0,0,1998.0,B01,138Â 210Â 146,2.0,6.0,-1.0,1723194,2.0,2,,0.0,2.0,8.0,B01,138Â 210Â 146,1.0
1009545,201900051076,12,4,18:15,3,2,3,1.0,3.0,82121,LANIS (CHEMIN DE),M,"44,0297300","1,3345200",82,2019,50.0,1.0,1.0,4.0,2257576,1.0,1,3,1,1.0,,0.0,0,1998.0,B01,138Â 210Â 146,2.0,6.0,-1.0,1723195,1.0,10,,0.0,2.0,3.0,A01,138Â 210Â 147,1.0
1009545,201900051076,12,4,18:15,3,2,3,1.0,3.0,82121,LANIS (CHEMIN DE),M,"44,0297300","1,3345200",82,2019,50.0,1.0,1.0,4.0,2257577,1.0,1,1,1,5.0,,0.0,0,1959.0,A01,138Â 210Â 147,1.0,8.0,-1.0,1723194,2.0,2,,0.0,2.0,8.0,B01,138Â 210Â 146,1.0
1009545,201900051076,12,4,18:15,3,2,3,1.0,3.0,82121,LANIS (CHEMIN DE),M,"44,0297300","1,3345200",82,2019,50.0,1.0,1.0,4.0,2257577,1.0,1,1,1,5.0,,0.0,0,1959.0,A01,138Â 210Â 147,1.0,8.0,-1.0,1723195,1.0,10,,0.0,2.0,3.0,A01,138Â 210Â 147,1.0
1009546,201900051077,12,4,17:20,5,2,2,5.0,3.0,80021,SAINT QUENTIN (BOULEVARD),M,"49,8796500","2,2920800",80,2019,50.0,1.0,2.0,4.0,2257578,1.0,1,4,2,0.0,,-1.0, -1,1990.0,A01,138Â 210Â 141,1.0,0.0,-1.0,1723196,0.0,7,,0.0,2.0,3.0,A01,138Â 210Â 141,1.0
1009546,201900051077,12,4,17:20,5,2,2,5.0,3.0,80021,SAINT QUENTIN (BOULEVARD),M,"49,8796500","2,2920800",80,2019,50.0,1.0,2.0,4.0,2257578,1.0,1,4,2,0.0,,-1.0, -1,1990.0,A01,138Â 210Â 141,1.0,0.0,-1.0,1723197,0.0,99,,0.0,2.0,2.0,B01,138Â 210Â 142,0.0
1009546,201900051077,12,4,17:20,5,2,2,5.0,3.0,80021,SAINT QUENTIN (BOULEVARD),M,"49,8796500","2,2920800",80,2019,50.0,1.0,2.0,4.0,2257579,1.0,1,1,1,0.0,,-1.0, -1,1984.0,B01,138Â 210Â 142,1.0,0.0,-1.0,1723196,0.0,7,,0.0,2.0,3.0,A01,138Â 210Â 141,1.0
1009546,201900051077,12,4,17:20,5,2,2,5.0,3.0,80021,SAINT QUENTIN (BOULEVARD),M,"49,8796500","2,2920800",80,2019,50.0,1.0,2.0,4.0,2257579,1.0,1,1,1,0.0,,-1.0, -1,1984.0,B01,138Â 210Â 142,1.0,0.0,-1.0,1723197,0.0,99,,0.0,2.0,2.0,B01,138Â 210Â 142,0.0
1009547,201900051078,12,4,09:30,1,2,3,1.0,6.0,78517,CLAIREFONTAINE (RUE DE),M,"48,6503100","1,8310600",78,2019,50.0,1.0,1.0,4.0,2257580,1.0,1,1,1,1.0,,-1.0, -1,2000.0,A01,138Â 210Â 139,1.0,0.0,-1.0,1723198,1.0,7,,0.0,1.0,1.0,A01,138Â 210Â 139,1.0
1009547,201900051078,12,4,09:30,1,2,3,1.0,6.0,78517,CLAIREFONTAINE (RUE DE),M,"48,6503100","1,8310600",78,2019,50.0,1.0,1.0,4.0,2257581,10.0,3,3,2,5.0,,2.0,3,1992.0,A01,138Â 210Â 139,0.0,-1.0,-1.0,1723198,1.0,7,,0.0,1.0,1.0,A01,138Â 210Â 139,1.0
1009548,201900051079,12,5,23:00,5,1,6,5.0,3.0,77067,D346 X D82,M,"48,5606200","2,5958600",77,2019,80.0,1.0,1.0,3.0,2257582,1.0,1,1,1,4.0,,-1.0,0,1982.0,B01,138Â 210Â 133,1.0,0.0,-1.0,1723199,2.0,14,,0.0,0.0,7.0,B01,138Â 210Â 133,1.0
1009548,201900051079,12,5,23:00,5,1,6,5.0,3.0,77067,D346 X D82,M,"48,5606200","2,5958600",77,2019,80.0,1.0,1.0,3.0,2257582,1.0,1,1,1,4.0,,-1.0,0,1982.0,B01,138Â 210Â 133,1.0,0.0,-1.0,1723200,1.0,7,,0.0,2.0,1.0,A01,138Â 210Â 134,1.0
1009548,201900051079,12,5,23:00,5,1,6,5.0,3.0,77067,D346 X D82,M,"48,5606200","2,5958600",77,2019,80.0,1.0,1.0,3.0,2257583,1.0,1,4,1,5.0,,-1.0,0,1995.0,A01,138Â 210Â 134,1.0,0.0,-1.0,1723199,2.0,14,,0.0,0.0,7.0,B01,138Â 210Â 133,1.0
1009548,201900051079,12,5,23:00,5,1,6,5.0,3.0,77067,D346 X D82,M,"48,5606200","2,5958600",77,2019,80.0,1.0,1.0,3.0,2257583,1.0,1,4,1,5.0,,-1.0,0,1995.0,A01,138Â 210Â 134,1.0,0.0,-1.0,1723200,1.0,7,,0.0,2.0,1.0,A01,138Â 210Â 134,1.0
1009548,201900051079,12,5,23:00,5,1,6,5.0,3.0,77067,D346 X D82,M,"48,5606200","2,5958600",77,2019,80.0,1.0,1.0,3.0,2257584,2.0,2,4,1,5.0,,-1.0,0,1997.0,A01,138Â 210Â 134,1.0,0.0,-1.0,1723199,2.0,14,,0.0,0.0,7.0,B01,138Â 210Â 133,1.0
1009548,201900051079,12,5,23:00,5,1,6,5.0,3.0,77067,D346 X D82,M,"48,5606200","2,5958600",77,2019,80.0,1.0,1.0,3.0,2257584,2.0,2,4,1,5.0,,-1.0,0,1997.0,A01,138Â 210Â 134,1.0,0.0,-1.0,1723200,1.0,7,,0.0,2.0,1.0,A01,138Â 210Â 134,1.0
1009549,201900051080,12,2,08:30,1,2,3,1.0,6.0,76165,MAZAGRAN. RUE,M,"49,2839027","1,0123730",76,2019,50.0,1.0,1.0,4.0,2257585,1.0,1,1,1,1.0,,0.0,0,1997.0,A01,138Â 210Â 131,1.0,8.0,-1.0,1723201,3.0,7,,0.0,9.0,3.0,A01,138Â 210Â 131,1.0
1009549,201900051080,12,2,08:30,1,2,3,1.0,6.0,76165,MAZAGRAN. RUE,M,"49,2839027","1,0123730",76,2019,50.0,1.0,1.0,4.0,2257585,1.0,1,1,1,1.0,,0.0,0,1997.0,A01,138Â 210Â 131,1.0,8.0,-1.0,1723202,3.0,1,,0.0,2.0,2.0,B01,138Â 210Â 132,5.0
1009549,201900051080,12,2,08:30,1,2,3,1.0,6.0,76165,MAZAGRAN. RUE,M,"49,2839027","1,0123730",76,2019,50.0,1.0,1.0,4.0,2257586,1.0,1,4,1,1.0,,0.0,0,1991.0,B01,138Â 210Â 132,8.0,0.0,-1.0,1723201,3.0,7,,0.0,9.0,3.0,A01,138Â 210Â 131,1.0
1009549,201900051080,12,2,08:30,1,2,3,1.0,6.0,76165,MAZAGRAN. RUE,M,"49,2839027","1,0123730",76,2019,50.0,1.0,1.0,4.0,2257586,1.0,1,4,1,1.0,,0.0,0,1991.0,B01,138Â 210Â 132,8.0,0.0,-1.0,1723202,3.0,1,,0.0,2.0,2.0,B01,138Â 210Â 132,5.0
1009550,201900051081,12,4,21:20,5,2,3,1.0,5.0,76351,DEMIDOFF (RUE),M,"49,4975000","0,1341100",76,2019,50.0,1.0,1.0,4.0,2257587,1.0,1,4,1,0.0,,0.0,0,1993.0,A01,138Â 210Â 128,2.0,6.0,-1.0,1723203,3.0,32,,0.0,2.0,2.0,A01,138Â 210Â 128,1.0
1009550,201900051081,12,4,21:20,5,2,3,1.0,5.0,76351,DEMIDOFF (RUE),M,"49,4975000","0,1341100",76,2019,50.0,1.0,1.0,4.0,2257587,1.0,1,4,1,0.0,,0.0,0,1993.0,A01,138Â 210Â 128,2.0,6.0,-1.0,1723204,3.0,32,,0.0,9.0,0.0,B01,138Â 210Â 129,1.0
1009550,201900051081,12,4,21:20,5,2,3,1.0,5.0,76351,DEMIDOFF (RUE),M,"49,4975000","0,1341100",76,2019,50.0,1.0,1.0,4.0,2257587,1.0,1,4,1,0.0,,0.0,0,1993.0,A01,138Â 210Â 128,2.0,6.0,-1.0,1723205,3.0,7,,0.0,2.0,3.0,C01,138Â 210Â 130,1.0
1009550,201900051081,12,4,21:20,5,2,3,1.0,5.0,76351,DEMIDOFF (RUE),M,"49,4975000","0,1341100",76,2019,50.0,1.0,1.0,4.0,2257588,1.0,1,1,1,0.0,,0.0,0,1993.0,B01,138Â 210Â 129,2.0,8.0,-1.0,1723203,3.0,32,,0.0,2.0,2.0,A01,138Â 210Â 128,1.0
1009550,201900051081,12,4,21:20,5,2,3,1.0,5.0,76351,DEMIDOFF (RUE),M,"49,4975000","0,1341100",76,2019,50.0,1.0,1.0,4.0,2257588,1.0,1,1,1,0.0,,0.0,0,1993.0,B01,138Â 210Â 129,2.0,8.0,-1.0,1723204,3.0,32,,0.0,9.0,0.0,B01,138Â 210Â 129,1.0
1009550,201900051081,12,4,21:20,5,2,3,1.0,5.0,76351,DEMIDOFF (RUE),M,"49,4975000","0,1341100",76,2019,50.0,1.0,1.0,4.0,2257588,1.0,1,1,1,0.0,,0.0,0,1993.0,B01,138Â 210Â 129,2.0,8.0,-1.0,1723205,3.0,7,,0.0,2.0,3.0,C01,138Â 210Â 130,1.0
1009550,201900051081,12,4,21:20,5,2,3,1.0,5.0,76351,DEMIDOFF (RUE),M,"49,4975000","0,1341100",76,2019,50.0,1.0,1.0,4.0,2257589,1.0,1,1,1,0.0,,0.0,0,1974.0,C01,138Â 210Â 130,1.0,8.0,-1.0,1723203,3.0,32,,0.0,2.0,2.0,A01,138Â 210Â 128,1.0
1009550,201900051081,12,4,21:20,5,2,3,1.0,5.0,76351,DEMIDOFF (RUE),M,"49,4975000","0,1341100",76,2019,50.0,1.0,1.0,4.0,2257589,1.0,1,1,1,0.0,,0.0,0,1974.0,C01,138Â 210Â 130,1.0,8.0,-1.0,1723204,3.0,32,,0.0,9.0,0.0,B01,138Â 210Â 129,1.0
1009550,201900051081,12,4,21:20,5,2,3,1.0,5.0,76351,DEMIDOFF (RUE),M,"49,4975000","0,1341100",76,2019,50.0,1.0,1.0,4.0,2257589,1.0,1,1,1,0.0,,0.0,0,1974.0,C01,138Â 210Â 130,1.0,8.0,-1.0,1723205,3.0,7,,0.0,2.0,3.0,C01,138Â 210Â 130,1.0
1009550,201900051081,12,4,21:20,5,2,3,1.0,5.0,76351,DEMIDOFF (RUE),M,"49,4975000","0,1341100",76,2019,50.0,1.0,1.0,4.0,2257590,2.0,2,1,1,0.0,,0.0,0,2005.0,C01,138Â 210Â 130,1.0,8.0,-1.0,1723203,3.0,32,,0.0,2.0,2.0,A01,138Â 210Â 128,1.0
1009550,201900051081,12,4,21:20,5,2,3,1.0,5.0,76351,DEMIDOFF (RUE),M,"49,4975000","0,1341100",76,2019,50.0,1.0,1.0,4.0,2257590,2.0,2,1,1,0.0,,0.0,0,2005.0,C01,138Â 210Â 130,1.0,8.0,-1.0,1723204,3.0,32,,0.0,9.0,0.0,B01,138Â 210Â 129,1.0
1009550,201900051081,12,4,21:20,5,2,3,1.0,5.0,76351,DEMIDOFF (RUE),M,"49,4975000","0,1341100",76,2019,50.0,1.0,1.0,4.0,2257590,2.0,2,1,1,0.0,,0.0,0,2005.0,C01,138Â 210Â 130,1.0,8.0,-1.0,1723205,3.0,7,,0.0,2.0,3.0,C01,138Â 210Â 130,1.0
1009551,201900051082,12,4,21:25,5,2,3,1.0,1.0,76305,Jacques EBERHARD (Avenue),M,"49,5078500","0,2317000",76,2019,50.0,1.0,1.0,4.0,2257591,1.0,1,4,1,5.0,,0.0,0,1995.0,A01,138Â 210Â 124,0.0,0.0,-1.0,1723206,0.0,99,,0.0,2.0,1.0,A01,138Â 210Â 124,0.0
1009551,201900051082,12,4,21:25,5,2,3,1.0,1.0,76305,Jacques EBERHARD (Avenue),M,"49,5078500","0,2317000",76,2019,50.0,1.0,1.0,4.0,2257591,1.0,1,4,1,5.0,,0.0,0,1995.0,A01,138Â 210Â 124,0.0,0.0,-1.0,1723207,3.0,7,,0.0,2.0,3.0,B01,138Â 210Â 125,1.0
1009551,201900051082,12,4,21:25,5,2,3,1.0,1.0,76305,Jacques EBERHARD (Avenue),M,"49,5078500","0,2317000",76,2019,50.0,1.0,1.0,4.0,2257592,1.0,1,4,2,5.0,,0.0,0,1992.0,B01,138Â 210Â 125,1.0,0.0,-1.0,1723206,0.0,99,,0.0,2.0,1.0,A01,138Â 210Â 124,0.0
1009551,201900051082,12,4,21:25,5,2,3,1.0,1.0,76305,Jacques EBERHARD (Avenue),M,"49,5078500","0,2317000",76,2019,50.0,1.0,1.0,4.0,2257592,1.0,1,4,2,5.0,,0.0,0,1992.0,B01,138Â 210Â 125,1.0,0.0,-1.0,1723207,3.0,7,,0.0,2.0,3.0,B01,138Â 210Â 125,1.0
1009552,201900051083,12,4,13:15,1,2,3,1.0,3.0,67365,LECLERC (RUE DU GENERAL),M,"48,5584120","7,7120960",67,2019,50.0,1.0,1.0,4.0,2257593,1.0,1,4,1,0.0,,-1.0,0,1992.0,A01,138Â 210Â 122,1.0,8.0,-1.0,1723208,0.0,10,,0.0,2.0,2.0,A01,138Â 210Â 122,1.0
1009552,201900051083,12,4,13:15,1,2,3,1.0,3.0,67365,LECLERC (RUE DU GENERAL),M,"48,5584120","7,7120960",67,2019,50.0,1.0,1.0,4.0,2257593,1.0,1,4,1,0.0,,-1.0,0,1992.0,A01,138Â 210Â 122,1.0,8.0,-1.0,1723209,2.0,7,,0.0,2.0,1.0,B01,138Â 210Â 123,1.0
1009552,201900051083,12,4,13:15,1,2,3,1.0,3.0,67365,LECLERC (RUE DU GENERAL),M,"48,5584120","7,7120960",67,2019,50.0,1.0,1.0,4.0,2257594,1.0,1,1,1,0.0,,-1.0,0,1989.0,B01,138Â 210Â 123,1.0,8.0,-1.0,1723208,0.0,10,,0.0,2.0,2.0,A01,138Â 210Â 122,1.0
1009552,201900051083,12,4,13:15,1,2,3,1.0,3.0,67365,LECLERC (RUE DU GENERAL),M,"48,5584120","7,7120960",67,2019,50.0,1.0,1.0,4.0,2257594,1.0,1,1,1,0.0,,-1.0,0,1989.0,B01,138Â 210Â 123,1.0,8.0,-1.0,1723209,2.0,7,,0.0,2.0,1.0,B01,138Â 210Â 123,1.0
1009553,201900051084,12,4,09:45,1,2,1,7.0,6.0,67365,MICHAEL FARADAY (RUE),M,"48,5365400","7,6993300",67,2019,50.0,1.0,2.0,4.0,2257595,10.0,3,4,1,4.0,,1.0,9,1963.0,A01,138Â 210Â 121,0.0,-1.0,-1.0,1723210,1.0,7,,0.0,1.0,2.0,A01,138Â 210Â 121,1.0
1009553,201900051084,12,4,09:45,1,2,1,7.0,6.0,67365,MICHAEL FARADAY (RUE),M,"48,5365400","7,6993300",67,2019,50.0,1.0,2.0,4.0,2257596,1.0,2,1,1,1.0,,-1.0,0,1987.0,A01,138Â 210Â 121,1.0,8.0,-1.0,1723210,1.0,7,,0.0,1.0,2.0,A01,138Â 210Â 121,1.0
1009553,201900051084,12,4,09:45,1,2,1,7.0,6.0,67365,MICHAEL FARADAY (RUE),M,"48,5365400","7,6993300",67,2019,50.0,1.0,2.0,4.0,2257597,1.0,1,1,1,1.0,,-1.0,0,1983.0,A01,138Â 210Â 121,1.0,8.0,-1.0,1723210,1.0,7,,0.0,1.0,2.0,A01,138Â 210Â 121,1.0
1009554,201900051085,12,5,20:25,5,2,1,1.0,6.0,64335,AVENUE DE L'EUROPE,M,"43,3288599"," -0,3475481",64,2019,50.0,1.0,1.0,3.0,2257598,10.0,3,4,2,0.0,,4.0,3,1975.0,A01,138Â 210Â 120,8.0,0.0,-1.0,1723211,1.0,7,,0.0,1.0,3.0,A01,138Â 210Â 120,1.0
1009554,201900051085,12,5,20:25,5,2,1,1.0,6.0,64335,AVENUE DE L'EUROPE,M,"43,3288599"," -0,3475481",64,2019,50.0,1.0,1.0,3.0,2257599,1.0,1,1,2,0.0,,0.0,0,1960.0,A01,138Â 210Â 120,8.0,0.0,-1.0,1723211,1.0,7,,0.0,1.0,3.0,A01,138Â 210Â 120,1.0
1009555,201900051086,12,5,17:45,5,1,1,1.0,4.0,64445,EUROPE DE L',M,"43,3289000"," -0,3475700",64,2019,70.0,1.0,1.0,4.0,2257600,1.0,1,4,1,1.0,,-1.0,0,1981.0,D01,138Â 210Â 116,1.0,0.0,-1.0,1723212,1.0,10,,0.0,2.0,3.0,D01,138Â 210Â 116,1.0
1009555,201900051086,12,5,17:45,5,1,1,1.0,4.0,64445,EUROPE DE L',M,"43,3289000"," -0,3475700",64,2019,70.0,1.0,1.0,4.0,2257600,1.0,1,4,1,1.0,,-1.0,0,1981.0,D01,138Â 210Â 116,1.0,0.0,-1.0,1723213,2.0,7,,0.0,2.0,5.0,C01,138Â 210Â 117,1.0
1009555,201900051086,12,5,17:45,5,1,1,1.0,4.0,64445,EUROPE DE L',M,"43,3289000"," -0,3475700",64,2019,70.0,1.0,1.0,4.0,2257600,1.0,1,4,1,1.0,,-1.0,0,1981.0,D01,138Â 210Â 116,1.0,0.0,-1.0,1723214,2.0,7,,0.0,2.0,7.0,B01,138Â 210Â 118,1.0
1009555,201900051086,12,5,17:45,5,1,1,1.0,4.0,64445,EUROPE DE L',M,"43,3289000"," -0,3475700",64,2019,70.0,1.0,1.0,4.0,2257600,1.0,1,4,1,1.0,,-1.0,0,1981.0,D01,138Â 210Â 116,1.0,0.0,-1.0,1723215,2.0,7,,12.0,2.0,1.0,A01,138Â 210Â 119,1.0
1009555,201900051086,12,5,17:45,5,1,1,1.0,4.0,64445,EUROPE DE L',M,"43,3289000"," -0,3475700",64,2019,70.0,1.0,1.0,4.0,2257601,2.0,2,1,1,1.0,,-1.0,0,1993.0,D01,138Â 210Â 116,1.0,0.0,-1.0,1723212,1.0,10,,0.0,2.0,3.0,D01,138Â 210Â 116,1.0
1009555,201900051086,12,5,17:45,5,1,1,1.0,4.0,64445,EUROPE DE L',M,"43,3289000"," -0,3475700",64,2019,70.0,1.0,1.0,4.0,2257601,2.0,2,1,1,1.0,,-1.0,0,1993.0,D01,138Â 210Â 116,1.0,0.0,-1.0,1723213,2.0,7,,0.0,2.0,5.0,C01,138Â 210Â 117,1.0
1009555,201900051086,12,5,17:45,5,1,1,1.0,4.0,64445,EUROPE DE L',M,"43,3289000"," -0,3475700",64,2019,70.0,1.0,1.0,4.0,2257601,2.0,2,1,1,1.0,,-1.0,0,1993.0,D01,138Â 210Â 116,1.0,0.0,-1.0,1723214,2.0,7,,0.0,2.0,7.0,B01,138Â 210Â 118,1.0
1009555,201900051086,12,5,17:45,5,1,1,1.0,4.0,64445,EUROPE DE L',M,"43,3289000"," -0,3475700",64,2019,70.0,1.0,1.0,4.0,2257601,2.0,2,1,1,1.0,,-1.0,0,1993.0,D01,138Â 210Â 116,1.0,0.0,-1.0,1723215,2.0,7,,12.0,2.0,1.0,A01,138Â 210Â 119,1.0
1009555,201900051086,12,5,17:45,5,1,1,1.0,4.0,64445,EUROPE DE L',M,"43,3289000"," -0,3475700",64,2019,70.0,1.0,1.0,4.0,2257602,1.0,1,4,2,1.0,,-1.0,0,1998.0,C01,138Â 210Â 117,1.0,0.0,-1.0,1723212,1.0,10,,0.0,2.0,3.0,D01,138Â 210Â 116,1.0
1009555,201900051086,12,5,17:45,5,1,1,1.0,4.0,64445,EUROPE DE L',M,"43,3289000"," -0,3475700",64,2019,70.0,1.0,1.0,4.0,2257602,1.0,1,4,2,1.0,,-1.0,0,1998.0,C01,138Â 210Â 117,1.0,0.0,-1.0,1723213,2.0,7,,0.0,2.0,5.0,C01,138Â 210Â 117,1.0
1009555,201900051086,12,5,17:45,5,1,1,1.0,4.0,64445,EUROPE DE L',M,"43,3289000"," -0,3475700",64,2019,70.0,1.0,1.0,4.0,2257602,1.0,1,4,2,1.0,,-1.0,0,1998.0,C01,138Â 210Â 117,1.0,0.0,-1.0,1723214,2.0,7,,0.0,2.0,7.0,B01,138Â 210Â 118,1.0
1009555,201900051086,12,5,17:45,5,1,1,1.0,4.0,64445,EUROPE DE L',M,"43,3289000"," -0,3475700",64,2019,70.0,1.0,1.0,4.0,2257602,1.0,1,4,2,1.0,,-1.0,0,1998.0,C01,138Â 210Â 117,1.0,0.0,-1.0,1723215,2.0,7,,12.0,2.0,1.0,A01,138Â 210Â 119,1.0
1009555,201900051086,12,5,17:45,5,1,1,1.0,4.0,64445,EUROPE DE L',M,"43,3289000"," -0,3475700",64,2019,70.0,1.0,1.0,4.0,2257603,1.0,1,1,2,1.0,,-1.0,0,1984.0,B01,138Â 210Â 118,1.0,0.0,-1.0,1723212,1.0,10,,0.0,2.0,3.0,D01,138Â 210Â 116,1.0
1009555,201900051086,12,5,17:45,5,1,1,1.0,4.0,64445,EUROPE DE L',M,"43,3289000"," -0,3475700",64,2019,70.0,1.0,1.0,4.0,2257603,1.0,1,1,2,1.0,,-1.0,0,1984.0,B01,138Â 210Â 118,1.0,0.0,-1.0,1723213,2.0,7,,0.0,2.0,5.0,C01,138Â 210Â 117,1.0
1009555,201900051086,12,5,17:45,5,1,1,1.0,4.0,64445,EUROPE DE L',M,"43,3289000"," -0,3475700",64,2019,70.0,1.0,1.0,4.0,2257603,1.0,1,1,2,1.0,,-1.0,0,1984.0,B01,138Â 210Â 118,1.0,0.0,-1.0,1723214,2.0,7,,0.0,2.0,7.0,B01,138Â 210Â 118,1.0
1009555,201900051086,12,5,17:45,5,1,1,1.0,4.0,64445,EUROPE DE L',M,"43,3289000"," -0,3475700",64,2019,70.0,1.0,1.0,4.0,2257603,1.0,1,1,2,1.0,,-1.0,0,1984.0,B01,138Â 210Â 118,1.0,0.0,-1.0,1723215,2.0,7,,12.0,2.0,1.0,A01,138Â 210Â 119,1.0
1009555,201900051086,12,5,17:45,5,1,1,1.0,4.0,64445,EUROPE DE L',M,"43,3289000"," -0,3475700",64,2019,70.0,1.0,1.0,4.0,2257604,2.0,2,4,2,9.0,,-1.0,0,1968.0,A01,138Â 210Â 119,1.0,0.0,-1.0,1723212,1.0,10,,0.0,2.0,3.0,D01,138Â 210Â 116,1.0
1009555,201900051086,12,5,17:45,5,1,1,1.0,4.0,64445,EUROPE DE L',M,"43,3289000"," -0,3475700",64,2019,70.0,1.0,1.0,4.0,2257604,2.0,2,4,2,9.0,,-1.0,0,1968.0,A01,138Â 210Â 119,1.0,0.0,-1.0,1723213,2.0,7,,0.0,2.0,5.0,C01,138Â 210Â 117,1.0
1009555,201900051086,12,5,17:45,5,1,1,1.0,4.0,64445,EUROPE DE L',M,"43,3289000"," -0,3475700",64,2019,70.0,1.0,1.0,4.0,2257604,2.0,2,4,2,9.0,,-1.0,0,1968.0,A01,138Â 210Â 119,1.0,0.0,-1.0,1723214,2.0,7,,0.0,2.0,7.0,B01,138Â 210Â 118,1.0
1009555,201900051086,12,5,17:45,5,1,1,1.0,4.0,64445,EUROPE DE L',M,"43,3289000"," -0,3475700",64,2019,70.0,1.0,1.0,4.0,2257604,2.0,2,4,2,9.0,,-1.0,0,1968.0,A01,138Â 210Â 119,1.0,0.0,-1.0,1723215,2.0,7,,12.0,2.0,1.0,A01,138Â 210Â 119,1.0
1009555,201900051086,12,5,17:45,5,1,1,1.0,4.0,64445,EUROPE DE L',M,"43,3289000"," -0,3475700",64,2019,70.0,1.0,1.0,4.0,2257605,1.0,1,4,1,9.0,,-1.0,0,1998.0,A01,138Â 210Â 119,1.0,0.0,-1.0,1723212,1.0,10,,0.0,2.0,3.0,D01,138Â 210Â 116,1.0
1009555,201900051086,12,5,17:45,5,1,1,1.0,4.0,64445,EUROPE DE L',M,"43,3289000"," -0,3475700",64,2019,70.0,1.0,1.0,4.0,2257605,1.0,1,4,1,9.0,,-1.0,0,1998.0,A01,138Â 210Â 119,1.0,0.0,-1.0,1723213,2.0,7,,0.0,2.0,5.0,C01,138Â 210Â 117,1.0
1009555,201900051086,12,5,17:45,5,1,1,1.0,4.0,64445,EUROPE DE L',M,"43,3289000"," -0,3475700",64,2019,70.0,1.0,1.0,4.0,2257605,1.0,1,4,1,9.0,,-1.0,0,1998.0,A01,138Â 210Â 119,1.0,0.0,-1.0,1723214,2.0,7,,0.0,2.0,7.0,B01,138Â 210Â 118,1.0
1009555,201900051086,12,5,17:45,5,1,1,1.0,4.0,64445,EUROPE DE L',M,"43,3289000"," -0,3475700",64,2019,70.0,1.0,1.0,4.0,2257605,1.0,1,4,1,9.0,,-1.0,0,1998.0,A01,138Â 210Â 119,1.0,0.0,-1.0,1723215,2.0,7,,12.0,2.0,1.0,A01,138Â 210Â 119,1.0