Unnamed: 0_x,num_acc,mois,jour,hrmn,lum,agg,int,atm,col,com,adr,gps,lat,long,dep,annee,vma,situ,surf,catr,Unnamed: 0_y,place,catu,grav,sexe,trajet,secu,locp,actp,an_nais,num_veh_x,id_vehicule_x,secu1,secu2,secu3,Unnamed: 0,senc,catv,occutc,obs,obsm,choc,num_veh_y,id_vehicule_y,motor
1009556,201900051087,12,4,18:35,5,2,1,1.0,2.0,64348,NORD SUD VOIE,M,"43,3012565"," -0,4096672",64,2019,50.0,1.0,1.0,3.0,2257606,1.0,1,1,1,5.0,,-1.0,0,1946.0,A01,138Â 210Â 114,1.0,8.0,-1.0,1723216,1.0,7,,0.0,2.0,1.0,A01,138Â 210Â 114,1.0
1009556,201900051087,12,4,18:35,5,2,1,1.0,2.0,64348,NORD SUD VOIE,M,"43,3012565"," -0,4096672",64,2019,50.0,1.0,1.0,3.0,2257606,1.0,1,1,1,5.0,,-1.0,0,1946.0,A01,138Â 210Â 114,1.0,8.0,-1.0,1723217,1.0,1,,0.0,2.0,4.0,B01,138Â 210Â 115,5.0
1009556,201900051087,12,4,18:35,5,2,1,1.0,2.0,64348,NORD SUD VOIE,M,"43,3012565"," -0,4096672",64,2019,50.0,1.0,1.0,3.0,2257607,1.0,1,3,1,1.0,,-1.0,0,1987.0,B01,138Â 210Â 115,2.0,8.0,-1.0,1723216,1.0,7,,0.0,2.0,1.0,A01,138Â 210Â 114,1.0
1009556,201900051087,12,4,18:35,5,2,1,1.0,2.0,64348,NORD SUD VOIE,M,"43,3012565"," -0,4096672",64,2019,50.0,1.0,1.0,3.0,2257607,1.0,1,3,1,1.0,,-1.0,0,1987.0,B01,138Â 210Â 115,2.0,8.0,-1.0,1723217,1.0,1,,0.0,2.0,4.0,B01,138Â 210Â 115,5.0
1009557,201900051088,12,5,13:30,1,2,1,1.0,2.0,64024,HAUSQUETTE (RUE DE),M,"43,4973100"," -1,5088400",64,2019,50.0,1.0,1.0,4.0,2257608,1.0,1,1,1,5.0,,-1.0,0,1961.0,A01,138Â 210Â 112,1.0,0.0,-1.0,1723218,2.0,7,,0.0,2.0,1.0,A01,138Â 210Â 112,1.0
1009557,201900051088,12,5,13:30,1,2,1,1.0,2.0,64024,HAUSQUETTE (RUE DE),M,"43,4973100"," -1,5088400",64,2019,50.0,1.0,1.0,4.0,2257608,1.0,1,1,1,5.0,,-1.0,0,1961.0,A01,138Â 210Â 112,1.0,0.0,-1.0,1723219,2.0,30,,0.0,2.0,4.0,B01,138Â 210Â 113,1.0
1009557,201900051088,12,5,13:30,1,2,1,1.0,2.0,64024,HAUSQUETTE (RUE DE),M,"43,4973100"," -1,5088400",64,2019,50.0,1.0,1.0,4.0,2257609,1.0,1,4,2,1.0,,-1.0,0,1962.0,B01,138Â 210Â 113,2.0,6.0,-1.0,1723218,2.0,7,,0.0,2.0,1.0,A01,138Â 210Â 112,1.0
1009557,201900051088,12,5,13:30,1,2,1,1.0,2.0,64024,HAUSQUETTE (RUE DE),M,"43,4973100"," -1,5088400",64,2019,50.0,1.0,1.0,4.0,2257609,1.0,1,4,2,1.0,,-1.0,0,1962.0,B01,138Â 210Â 113,2.0,6.0,-1.0,1723219,2.0,30,,0.0,2.0,4.0,B01,138Â 210Â 113,1.0
1009558,201900051089,12,4,12:50,1,2,1,1.0,3.0,64102,VAINSOT (RUE),M,"43,4939800"," -1,4539600",64,2019,50.0,1.0,1.0,4.0,2257610,1.0,1,1,1,5.0,,0.0,0,1952.0,B01,138Â 210Â 110,1.0,0.0,-1.0,1723220,1.0,7,,0.0,2.0,6.0,B01,138Â 210Â 110,1.0
1009558,201900051089,12,4,12:50,1,2,1,1.0,3.0,64102,VAINSOT (RUE),M,"43,4939800"," -1,4539600",64,2019,50.0,1.0,1.0,4.0,2257610,1.0,1,1,1,5.0,,0.0,0,1952.0,B01,138Â 210Â 110,1.0,0.0,-1.0,1723221,1.0,2,,0.0,2.0,2.0,A01,138Â 210Â 111,1.0
1009558,201900051089,12,4,12:50,1,2,1,1.0,3.0,64102,VAINSOT (RUE),M,"43,4939800"," -1,4539600",64,2019,50.0,1.0,1.0,4.0,2257611,1.0,1,4,1,5.0,,0.0,0,2002.0,A01,138Â 210Â 111,2.0,6.0,-1.0,1723220,1.0,7,,0.0,2.0,6.0,B01,138Â 210Â 110,1.0
1009558,201900051089,12,4,12:50,1,2,1,1.0,3.0,64102,VAINSOT (RUE),M,"43,4939800"," -1,4539600",64,2019,50.0,1.0,1.0,4.0,2257611,1.0,1,4,1,5.0,,0.0,0,2002.0,A01,138Â 210Â 111,2.0,6.0,-1.0,1723221,1.0,2,,0.0,2.0,2.0,A01,138Â 210Â 111,1.0
1009559,201900051090,12,5,13:15,1,2,1,1.0,6.0,63113,FOREST (AVENUE FERNAND),M,"45,7998220","3,1112999",63,2019,30.0,1.0,1.0,7.0,2257612,1.0,1,1,2,0.0,,0.0,0,1983.0,A01,138Â 210Â 108,1.0,0.0,-1.0,1723222,1.0,7,,0.0,6.0,7.0,A01,138Â 210Â 108,1.0
1009559,201900051090,12,5,13:15,1,2,1,1.0,6.0,63113,FOREST (AVENUE FERNAND),M,"45,7998220","3,1112999",63,2019,30.0,1.0,1.0,7.0,2257612,1.0,1,1,2,0.0,,0.0,0,1983.0,A01,138Â 210Â 108,1.0,0.0,-1.0,1723223,2.0,1,,0.0,2.0,1.0,B01,138Â 210Â 109,5.0
1009559,201900051090,12,5,13:15,1,2,1,1.0,6.0,63113,FOREST (AVENUE FERNAND),M,"45,7998220","3,1112999",63,2019,30.0,1.0,1.0,7.0,2257613,1.0,1,4,1,0.0,,-1.0, -1,1942.0,B01,138Â 210Â 109,8.0,0.0,-1.0,1723222,1.0,7,,0.0,6.0,7.0,A01,138Â 210Â 108,1.0
1009559,201900051090,12,5,13:15,1,2,1,1.0,6.0,63113,FOREST (AVENUE FERNAND),M,"45,7998220","3,1112999",63,2019,30.0,1.0,1.0,7.0,2257613,1.0,1,4,1,0.0,,-1.0, -1,1942.0,B01,138Â 210Â 109,8.0,0.0,-1.0,1723223,2.0,1,,0.0,2.0,1.0,B01,138Â 210Â 109,5.0
1009560,201900051091,12,3,13:55,1,2,6,1.0,3.0,62178,LIBERATION ( AVENUE ),M,"50,2955000","2,3500000",62,2019,50.0,1.0,1.0,4.0,2257614,1.0,1,1,2,5.0,,-1.0, -1,1948.0,A01,138Â 210Â 106,1.0,8.0,-1.0,1723224,1.0,7,,0.0,2.0,1.0,A01,138Â 210Â 106,1.0
1009560,201900051091,12,3,13:55,1,2,6,1.0,3.0,62178,LIBERATION ( AVENUE ),M,"50,2955000","2,3500000",62,2019,50.0,1.0,1.0,4.0,2257614,1.0,1,1,2,5.0,,-1.0, -1,1948.0,A01,138Â 210Â 106,1.0,8.0,-1.0,1723225,3.0,33,,0.0,2.0,5.0,B01,138Â 210Â 107,1.0
1009560,201900051091,12,3,13:55,1,2,6,1.0,3.0,62178,LIBERATION ( AVENUE ),M,"50,2955000","2,3500000",62,2019,50.0,1.0,1.0,4.0,2257615,1.0,1,4,1,5.0,,-1.0, -1,1994.0,B01,138Â 210Â 107,2.0,6.0,-1.0,1723224,1.0,7,,0.0,2.0,1.0,A01,138Â 210Â 106,1.0
1009560,201900051091,12,3,13:55,1,2,6,1.0,3.0,62178,LIBERATION ( AVENUE ),M,"50,2955000","2,3500000",62,2019,50.0,1.0,1.0,4.0,2257615,1.0,1,4,1,5.0,,-1.0, -1,1994.0,B01,138Â 210Â 107,2.0,6.0,-1.0,1723225,3.0,33,,0.0,2.0,5.0,B01,138Â 210Â 107,1.0
1009561,201900051092,12,4,17:30,5,2,1,1.0,6.0,57672,CHATEAU JEANNOT (RUE) ,M,"49,3671100","6,1516300",57,2019,30.0,4.0,1.0,4.0,2257616,1.0,1,1,1,5.0,,-1.0, -1,1961.0,A01,138Â 210Â 105,1.0,0.0,-1.0,1723226,1.0,7,,0.0,1.0,3.0,A01,138Â 210Â 105,1.0
1009561,201900051092,12,4,17:30,5,2,1,1.0,6.0,57672,CHATEAU JEANNOT (RUE) ,M,"49,3671100","6,1516300",57,2019,30.0,4.0,1.0,4.0,2257617,10.0,3,4,2,1.0,,5.0,1,1978.0,A01,138Â 210Â 105,0.0,-1.0,-1.0,1723226,1.0,7,,0.0,1.0,3.0,A01,138Â 210Â 105,1.0
1009562,201900051093,12,2,18:25,5,2,1,1.0,2.0,56098,MITTERAND ( AV. FRANCOIS ),M,"47,7660600"," -3,3274900",56,2019,50.0,1.0,1.0,3.0,2257618,1.0,1,1,1,1.0,,-1.0,0,1982.0,B01,138Â 210Â 100,1.0,8.0,-1.0,1723227,2.0,7,,0.0,2.0,4.0,B01,138Â 210Â 100,1.0
1009562,201900051093,12,2,18:25,5,2,1,1.0,2.0,56098,MITTERAND ( AV. FRANCOIS ),M,"47,7660600"," -3,3274900",56,2019,50.0,1.0,1.0,3.0,2257618,1.0,1,1,1,1.0,,-1.0,0,1982.0,B01,138Â 210Â 100,1.0,8.0,-1.0,1723228,2.0,33,,0.0,2.0,1.0,A01,138Â 210Â 101,1.0
1009562,201900051093,12,2,18:25,5,2,1,1.0,2.0,56098,MITTERAND ( AV. FRANCOIS ),M,"47,7660600"," -3,3274900",56,2019,50.0,1.0,1.0,3.0,2257619,1.0,1,4,1,1.0,,-1.0,0,1963.0,A01,138Â 210Â 101,2.0,8.0,-1.0,1723227,2.0,7,,0.0,2.0,4.0,B01,138Â 210Â 100,1.0
1009562,201900051093,12,2,18:25,5,2,1,1.0,2.0,56098,MITTERAND ( AV. FRANCOIS ),M,"47,7660600"," -3,3274900",56,2019,50.0,1.0,1.0,3.0,2257619,1.0,1,4,1,1.0,,-1.0,0,1963.0,A01,138Â 210Â 101,2.0,8.0,-1.0,1723228,2.0,33,,0.0,2.0,1.0,A01,138Â 210Â 101,1.0
1009563,201900051094,12,2,15:45,1,2,1,1.0,6.0,56098,LAVOISIER (RUE  ANTOINE ),M,"47,7800700"," -3,3410600",56,2019,30.0,1.0,1.0,4.0,2257620,1.0,1,1,2,0.0,,-1.0,0,1999.0,A01,138Â 210Â 099,1.0,8.0,-1.0,1723229,3.0,7,,0.0,2.0,2.0,A01,138Â 210Â 099,1.0
1009563,201900051094,12,2,15:45,1,2,1,1.0,6.0,56098,LAVOISIER (RUE  ANTOINE ),M,"47,7800700"," -3,3410600",56,2019,30.0,1.0,1.0,4.0,2257621,10.0,3,4,1,5.0,,9.0,2,1938.0,A01,138Â 210Â 099,8.0,0.0,-1.0,1723229,3.0,7,,0.0,2.0,2.0,A01,138Â 210Â 099,1.0
1009564,201900051095,12,1,18:48,5,2,6,1.0,3.0,56083,BOUETIEZ (LIEU-DIT),M,"47,7982300"," -3,2513200",56,2019,50.0,1.0,1.0,3.0,2257622,1.0,1,4,1,5.0,,-1.0,0,1993.0,A01,138Â 210Â 097,1.0,8.0,-1.0,1723230,1.0,10,,0.0,2.0,1.0,A01,138Â 210Â 097,1.0
1009564,201900051095,12,1,18:48,5,2,6,1.0,3.0,56083,BOUETIEZ (LIEU-DIT),M,"47,7982300"," -3,2513200",56,2019,50.0,1.0,1.0,3.0,2257622,1.0,1,4,1,5.0,,-1.0,0,1993.0,A01,138Â 210Â 097,1.0,8.0,-1.0,1723231,1.0,7,,0.0,2.0,8.0,B01,138Â 210Â 098,1.0
1009564,201900051095,12,1,18:48,5,2,6,1.0,3.0,56083,BOUETIEZ (LIEU-DIT),M,"47,7982300"," -3,2513200",56,2019,50.0,1.0,1.0,3.0,2257623,2.0,2,4,2,5.0,,-1.0,0,1995.0,A01,138Â 210Â 097,1.0,8.0,-1.0,1723230,1.0,10,,0.0,2.0,1.0,A01,138Â 210Â 097,1.0
1009564,201900051095,12,1,18:48,5,2,6,1.0,3.0,56083,BOUETIEZ (LIEU-DIT),M,"47,7982300"," -3,2513200",56,2019,50.0,1.0,1.0,3.0,2257623,2.0,2,4,2,5.0,,-1.0,0,1995.0,A01,138Â 210Â 097,1.0,8.0,-1.0,1723231,1.0,7,,0.0,2.0,8.0,B01,138Â 210Â 098,1.0
1009564,201900051095,12,1,18:48,5,2,6,1.0,3.0,56083,BOUETIEZ (LIEU-DIT),M,"47,7982300"," -3,2513200",56,2019,50.0,1.0,1.0,3.0,2257624,1.0,1,1,1,0.0,,-1.0,0,1981.0,B01,138Â 210Â 098,1.0,8.0,-1.0,1723230,1.0,10,,0.0,2.0,1.0,A01,138Â 210Â 097,1.0
1009564,201900051095,12,1,18:48,5,2,6,1.0,3.0,56083,BOUETIEZ (LIEU-DIT),M,"47,7982300"," -3,2513200",56,2019,50.0,1.0,1.0,3.0,2257624,1.0,1,1,1,0.0,,-1.0,0,1981.0,B01,138Â 210Â 098,1.0,8.0,-1.0,1723231,1.0,7,,0.0,2.0,8.0,B01,138Â 210Â 098,1.0
1009565,201900051096,12,1,17:00,1,2,1,1.0,3.0,56121,MARIENNE ( AV CAPITAINE ),M,"47,7394900"," -3,3938800",56,2019,30.0,1.0,1.0,4.0,2257625,1.0,1,1,2,5.0,,0.0,0,1961.0,A01,138Â 210Â 095,1.0,8.0,-1.0,1723232,1.0,7,,1.0,2.0,1.0,A01,138Â 210Â 095,1.0
1009565,201900051096,12,1,17:00,1,2,1,1.0,3.0,56121,MARIENNE ( AV CAPITAINE ),M,"47,7394900"," -3,3938800",56,2019,30.0,1.0,1.0,4.0,2257625,1.0,1,1,2,5.0,,0.0,0,1961.0,A01,138Â 210Â 095,1.0,8.0,-1.0,1723233,3.0,1,,0.0,2.0,7.0,B01,138Â 210Â 096,5.0
1009565,201900051096,12,1,17:00,1,2,1,1.0,3.0,56121,MARIENNE ( AV CAPITAINE ),M,"47,7394900"," -3,3938800",56,2019,30.0,1.0,1.0,4.0,2257626,1.0,1,3,1,5.0,,0.0,0,2007.0,B01,138Â 210Â 096,2.0,8.0,-1.0,1723232,1.0,7,,1.0,2.0,1.0,A01,138Â 210Â 095,1.0
1009565,201900051096,12,1,17:00,1,2,1,1.0,3.0,56121,MARIENNE ( AV CAPITAINE ),M,"47,7394900"," -3,3938800",56,2019,30.0,1.0,1.0,4.0,2257626,1.0,1,3,1,5.0,,0.0,0,2007.0,B01,138Â 210Â 096,2.0,8.0,-1.0,1723233,3.0,1,,0.0,2.0,7.0,B01,138Â 210Â 096,5.0
1009566,201900051097,11,29,20:05,5,2,1,1.0,6.0,56121,COSMAO-DUMANOIR ( BD ),M,"47,7540600"," -3,3673700",56,2019,30.0,1.0,1.0,4.0,2257627,10.0,3,4,1,5.0,,2.0,3,1951.0,Z01,138Â 210Â 094,8.0,0.0,-1.0,1723234,1.0,7,,0.0,1.0,1.0,Z01,138Â 210Â 094,1.0
1009567,201900051098,12,4,18:00,5,2,3,1.0,3.0,50502,HAVIN,M,"49,1148850"," -1,0904690",50,2019,50.0,1.0,1.0,4.0,2257628,1.0,1,4,1,1.0,,0.0,0,2001.0,B01,138Â 210Â 091,2.0,6.0,-1.0,1723235,1.0,33,,0.0,2.0,1.0,B01,138Â 210Â 091,1.0
1009567,201900051098,12,4,18:00,5,2,3,1.0,3.0,50502,HAVIN,M,"49,1148850"," -1,0904690",50,2019,50.0,1.0,1.0,4.0,2257628,1.0,1,4,1,1.0,,0.0,0,2001.0,B01,138Â 210Â 091,2.0,6.0,-1.0,1723236,1.0,7,,0.0,2.0,7.0,A01,138Â 210Â 092,1.0
1009567,201900051098,12,4,18:00,5,2,3,1.0,3.0,50502,HAVIN,M,"49,1148850"," -1,0904690",50,2019,50.0,1.0,1.0,4.0,2257629,1.0,1,1,2,5.0,,0.0,0,2001.0,A01,138Â 210Â 092,1.0,8.0,-1.0,1723235,1.0,33,,0.0,2.0,1.0,B01,138Â 210Â 091,1.0
1009567,201900051098,12,4,18:00,5,2,3,1.0,3.0,50502,HAVIN,M,"49,1148850"," -1,0904690",50,2019,50.0,1.0,1.0,4.0,2257629,1.0,1,1,2,5.0,,0.0,0,2001.0,A01,138Â 210Â 092,1.0,8.0,-1.0,1723236,1.0,7,,0.0,2.0,7.0,A01,138Â 210Â 092,1.0
1009568,201900051099,12,4,17:15,2,1,1,1.0,1.0,49328,VIEUX VIVY (ROUTE DU),M,"47,2865600"," -0,0691500",49,2019,80.0,1.0,2.0,4.0,2257630,1.0,1,3,1,9.0,,-1.0, -1,1983.0,A01,138Â 210Â 089,1.0,0.0,-1.0,1723237,2.0,7,,0.0,2.0,3.0,A01,138Â 210Â 089,1.0
1009568,201900051099,12,4,17:15,2,1,1,1.0,1.0,49328,VIEUX VIVY (ROUTE DU),M,"47,2865600"," -0,0691500",49,2019,80.0,1.0,2.0,4.0,2257630,1.0,1,3,1,9.0,,-1.0, -1,1983.0,A01,138Â 210Â 089,1.0,0.0,-1.0,1723238,2.0,7,,0.0,2.0,1.0,B01,138Â 210Â 090,1.0
1009568,201900051099,12,4,17:15,2,1,1,1.0,1.0,49328,VIEUX VIVY (ROUTE DU),M,"47,2865600"," -0,0691500",49,2019,80.0,1.0,2.0,4.0,2257631,2.0,2,3,2,5.0,,-1.0,0,1938.0,B01,138Â 210Â 090,1.0,0.0,-1.0,1723237,2.0,7,,0.0,2.0,3.0,A01,138Â 210Â 089,1.0
1009568,201900051099,12,4,17:15,2,1,1,1.0,1.0,49328,VIEUX VIVY (ROUTE DU),M,"47,2865600"," -0,0691500",49,2019,80.0,1.0,2.0,4.0,2257631,2.0,2,3,2,5.0,,-1.0,0,1938.0,B01,138Â 210Â 090,1.0,0.0,-1.0,1723238,2.0,7,,0.0,2.0,1.0,B01,138Â 210Â 090,1.0
1009568,201900051099,12,4,17:15,2,1,1,1.0,1.0,49328,VIEUX VIVY (ROUTE DU),M,"47,2865600"," -0,0691500",49,2019,80.0,1.0,2.0,4.0,2257632,1.0,1,4,1,5.0,,-1.0, -1,1946.0,B01,138Â 210Â 090,1.0,0.0,-1.0,1723237,2.0,7,,0.0,2.0,3.0,A01,138Â 210Â 089,1.0
1009568,201900051099,12,4,17:15,2,1,1,1.0,1.0,49328,VIEUX VIVY (ROUTE DU),M,"47,2865600"," -0,0691500",49,2019,80.0,1.0,2.0,4.0,2257632,1.0,1,4,1,5.0,,-1.0, -1,1946.0,B01,138Â 210Â 090,1.0,0.0,-1.0,1723238,2.0,7,,0.0,2.0,1.0,B01,138Â 210Â 090,1.0
1009569,201900051100,12,4,18:38,5,2,1,1.0,3.0,49007,VILLESICARD RUE ET SQUARE,M,"47,4520000"," -0,5380600",49,2019,60.0,1.0,1.0,4.0,2257633,1.0,1,1,1,0.0,,-1.0,0,2000.0,A01,138Â 210Â 087,1.0,8.0,-1.0,1723239,1.0,7,,0.0,2.0,1.0,A01,138Â 210Â 087,1.0
1009569,201900051100,12,4,18:38,5,2,1,1.0,3.0,49007,VILLESICARD RUE ET SQUARE,M,"47,4520000"," -0,5380600",49,2019,60.0,1.0,1.0,4.0,2257633,1.0,1,1,1,0.0,,-1.0,0,2000.0,A01,138Â 210Â 087,1.0,8.0,-1.0,1723240,1.0,1,,0.0,2.0,1.0,B01,138Â 210Â 088,5.0
1009569,201900051100,12,4,18:38,5,2,1,1.0,3.0,49007,VILLESICARD RUE ET SQUARE,M,"47,4520000"," -0,5380600",49,2019,60.0,1.0,1.0,4.0,2257634,1.0,1,4,1,0.0,,-1.0,0,1992.0,B01,138Â 210Â 088,8.0,8.0,-1.0,1723239,1.0,7,,0.0,2.0,1.0,A01,138Â 210Â 087,1.0
1009569,201900051100,12,4,18:38,5,2,1,1.0,3.0,49007,VILLESICARD RUE ET SQUARE,M,"47,4520000"," -0,5380600",49,2019,60.0,1.0,1.0,4.0,2257634,1.0,1,4,1,0.0,,-1.0,0,1992.0,B01,138Â 210Â 088,8.0,8.0,-1.0,1723240,1.0,1,,0.0,2.0,1.0,B01,138Â 210Â 088,5.0
1009570,201900051101,11,29,12:30,1,2,3,1.0,3.0,47201,VERDUN,M,"44,1908600","0,6042400",47,2019,50.0,1.0,1.0,3.0,2257635,1.0,1,3,1,5.0,,-1.0,0,1966.0,B01,138Â 210Â 085,2.0,6.0,-1.0,1723241,2.0,33,,0.0,2.0,8.0,B01,138Â 210Â 085,1.0
1009570,201900051101,11,29,12:30,1,2,3,1.0,3.0,47201,VERDUN,M,"44,1908600","0,6042400",47,2019,50.0,1.0,1.0,3.0,2257635,1.0,1,3,1,5.0,,-1.0,0,1966.0,B01,138Â 210Â 085,2.0,6.0,-1.0,1723242,1.0,7,,0.0,2.0,3.0,A01,138Â 210Â 086,1.0
1009570,201900051101,11,29,12:30,1,2,3,1.0,3.0,47201,VERDUN,M,"44,1908600","0,6042400",47,2019,50.0,1.0,1.0,3.0,2257636,1.0,1,1,2,3.0,,-1.0,0,1939.0,A01,138Â 210Â 086,1.0,0.0,-1.0,1723241,2.0,33,,0.0,2.0,8.0,B01,138Â 210Â 085,1.0
1009570,201900051101,11,29,12:30,1,2,3,1.0,3.0,47201,VERDUN,M,"44,1908600","0,6042400",47,2019,50.0,1.0,1.0,3.0,2257636,1.0,1,1,2,3.0,,-1.0,0,1939.0,A01,138Â 210Â 086,1.0,0.0,-1.0,1723242,1.0,7,,0.0,2.0,3.0,A01,138Â 210Â 086,1.0
1009571,201900051102,12,4,07:40,5,2,1,1.0,2.0,44143,RUE MAURICE JOUAUD,M,"47,1858300"," -1,5560800",44,2019,50.0,1.0,7.0,4.0,2257637,1.0,1,4,1,0.0,,0.0,0,1966.0,B01,138Â 210Â 083,8.0,0.0,-1.0,1723243,1.0,1,,0.0,2.0,4.0,B01,138Â 210Â 083,5.0
1009571,201900051102,12,4,07:40,5,2,1,1.0,2.0,44143,RUE MAURICE JOUAUD,M,"47,1858300"," -1,5560800",44,2019,50.0,1.0,7.0,4.0,2257637,1.0,1,4,1,0.0,,0.0,0,1966.0,B01,138Â 210Â 083,8.0,0.0,-1.0,1723244,1.0,7,,0.0,2.0,1.0,A01,138Â 210Â 084,1.0
1009572,201900051103,11,16,02:00,3,1,1,4.0,2.0,42189,ROCADE OUEST,M,"45,4291300","4,3499500",42,2019,90.0,1.0,7.0,3.0,2257638,1.0,1,4,2,5.0,,-1.0, -1,1985.0,A01,138Â 210Â 080,1.0,8.0,-1.0,1723245,1.0,7,,4.0,2.0,1.0,A01,138Â 210Â 080,1.0
1009572,201900051103,11,16,02:00,3,1,1,4.0,2.0,42189,ROCADE OUEST,M,"45,4291300","4,3499500",42,2019,90.0,1.0,7.0,3.0,2257638,1.0,1,4,2,5.0,,-1.0, -1,1985.0,A01,138Â 210Â 080,1.0,8.0,-1.0,1723246,1.0,7,,4.0,2.0,1.0,B01,138Â 210Â 081,1.0
1009572,201900051103,11,16,02:00,3,1,1,4.0,2.0,42189,ROCADE OUEST,M,"45,4291300","4,3499500",42,2019,90.0,1.0,7.0,3.0,2257639,1.0,1,4,2,5.0,,-1.0,0,1983.0,B01,138Â 210Â 081,1.0,8.0,-1.0,1723245,1.0,7,,4.0,2.0,1.0,A01,138Â 210Â 080,1.0
1009572,201900051103,11,16,02:00,3,1,1,4.0,2.0,42189,ROCADE OUEST,M,"45,4291300","4,3499500",42,2019,90.0,1.0,7.0,3.0,2257639,1.0,1,4,2,5.0,,-1.0,0,1983.0,B01,138Â 210Â 081,1.0,8.0,-1.0,1723246,1.0,7,,4.0,2.0,1.0,B01,138Â 210Â 081,1.0
1009573,201900051104,11,15,23:13,3,1,1,4.0,2.0,42189,ROCADE OUEST,M,"45,4291300","4,3499500",42,2019,90.0,1.0,7.0,3.0,2257640,1.0,1,3,1,5.0,,-1.0,0,2000.0,B01,138Â 210Â 078,1.0,8.0,-1.0,1723247,1.0,7,,0.0,2.0,1.0,B01,138Â 210Â 078,1.0
1009573,201900051104,11,15,23:13,3,1,1,4.0,2.0,42189,ROCADE OUEST,M,"45,4291300","4,3499500",42,2019,90.0,1.0,7.0,3.0,2257640,1.0,1,3,1,5.0,,-1.0,0,2000.0,B01,138Â 210Â 078,1.0,8.0,-1.0,1723248,1.0,7,,0.0,2.0,4.0,A01,138Â 210Â 079,1.0
1009573,201900051104,11,15,23:13,3,1,1,4.0,2.0,42189,ROCADE OUEST,M,"45,4291300","4,3499500",42,2019,90.0,1.0,7.0,3.0,2257641,1.0,1,1,1,5.0,,-1.0,0,1976.0,A01,138Â 210Â 079,1.0,8.0,-1.0,1723247,1.0,7,,0.0,2.0,1.0,B01,138Â 210Â 078,1.0
1009573,201900051104,11,15,23:13,3,1,1,4.0,2.0,42189,ROCADE OUEST,M,"45,4291300","4,3499500",42,2019,90.0,1.0,7.0,3.0,2257641,1.0,1,1,1,5.0,,-1.0,0,1976.0,A01,138Â 210Â 079,1.0,8.0,-1.0,1723248,1.0,7,,0.0,2.0,4.0,A01,138Â 210Â 079,1.0
1009574,201900051105,10,28,18:50,5,2,3,2.0,4.0,42189,PASCAL BLAISE (BOULEVARD),M,"45,4275300","4,3196900",42,2019,50.0,1.0,2.0,3.0,2257642,1.0,1,1,1,0.0,,-1.0, -1,1900.0,Z01,138Â 210Â 075,1.0,8.0,-1.0,1723249,1.0,7,,0.0,2.0,1.0,Z01,138Â 210Â 075,1.0
1009574,201900051105,10,28,18:50,5,2,3,2.0,4.0,42189,PASCAL BLAISE (BOULEVARD),M,"45,4275300","4,3196900",42,2019,50.0,1.0,2.0,3.0,2257642,1.0,1,1,1,0.0,,-1.0, -1,1900.0,Z01,138Â 210Â 075,1.0,8.0,-1.0,1723250,1.0,7,,0.0,2.0,4.0,B01,138Â 210Â 076,1.0
1009574,201900051105,10,28,18:50,5,2,3,2.0,4.0,42189,PASCAL BLAISE (BOULEVARD),M,"45,4275300","4,3196900",42,2019,50.0,1.0,2.0,3.0,2257642,1.0,1,1,1,0.0,,-1.0, -1,1900.0,Z01,138Â 210Â 075,1.0,8.0,-1.0,1723251,1.0,7,,0.0,2.0,4.0,C01,138Â 210Â 077,1.0
1009574,201900051105,10,28,18:50,5,2,3,2.0,4.0,42189,PASCAL BLAISE (BOULEVARD),M,"45,4275300","4,3196900",42,2019,50.0,1.0,2.0,3.0,2257643,1.0,1,4,2,1.0,,-1.0, -1,1973.0,B01,138Â 210Â 076,1.0,8.0,-1.0,1723249,1.0,7,,0.0,2.0,1.0,Z01,138Â 210Â 075,1.0
1009574,201900051105,10,28,18:50,5,2,3,2.0,4.0,42189,PASCAL BLAISE (BOULEVARD),M,"45,4275300","4,3196900",42,2019,50.0,1.0,2.0,3.0,2257643,1.0,1,4,2,1.0,,-1.0, -1,1973.0,B01,138Â 210Â 076,1.0,8.0,-1.0,1723250,1.0,7,,0.0,2.0,4.0,B01,138Â 210Â 076,1.0
1009574,201900051105,10,28,18:50,5,2,3,2.0,4.0,42189,PASCAL BLAISE (BOULEVARD),M,"45,4275300","4,3196900",42,2019,50.0,1.0,2.0,3.0,2257643,1.0,1,4,2,1.0,,-1.0, -1,1973.0,B01,138Â 210Â 076,1.0,8.0,-1.0,1723251,1.0,7,,0.0,2.0,4.0,C01,138Â 210Â 077,1.0
1009574,201900051105,10,28,18:50,5,2,3,2.0,4.0,42189,PASCAL BLAISE (BOULEVARD),M,"45,4275300","4,3196900",42,2019,50.0,1.0,2.0,3.0,2257644,1.0,1,1,1,0.0,,-1.0, -1,1943.0,C01,138Â 210Â 077,1.0,8.0,-1.0,1723249,1.0,7,,0.0,2.0,1.0,Z01,138Â 210Â 075,1.0
1009574,201900051105,10,28,18:50,5,2,3,2.0,4.0,42189,PASCAL BLAISE (BOULEVARD),M,"45,4275300","4,3196900",42,2019,50.0,1.0,2.0,3.0,2257644,1.0,1,1,1,0.0,,-1.0, -1,1943.0,C01,138Â 210Â 077,1.0,8.0,-1.0,1723250,1.0,7,,0.0,2.0,4.0,B01,138Â 210Â 076,1.0
1009574,201900051105,10,28,18:50,5,2,3,2.0,4.0,42189,PASCAL BLAISE (BOULEVARD),M,"45,4275300","4,3196900",42,2019,50.0,1.0,2.0,3.0,2257644,1.0,1,1,1,0.0,,-1.0, -1,1943.0,C01,138Â 210Â 077,1.0,8.0,-1.0,1723251,1.0,7,,0.0,2.0,4.0,C01,138Â 210Â 077,1.0