Unnamed: 0_x,num_acc,mois,jour,hrmn,lum,agg,int,atm,col,com,adr,gps,lat,long,dep,annee,vma,situ,surf,catr,Unnamed: 0_y,place,catu,grav,sexe,trajet,secu,locp,actp,an_nais,num_veh_x,id_vehicule_x,secu1,secu2,secu3,Unnamed: 0,senc,catv,occutc,obs,obsm,choc,num_veh_y,id_vehicule_y,motor
1009575,201900051106,12,4,12:05,1,1,1,1.0,7.0,37261,DANEMARK (AVENUE DU),M,"47,4317525","0,6909585",37,2019,50.0,1.0,1.0,4.0,2257645,1.0,1,4,1,5.0,,-1.0,0,1999.0,A01,138Â 210Â 070,8.0,0.0,-1.0,1723252,3.0,1,,0.0,0.0,1.0,A01,138Â 210Â 070,5.0
1009576,201900051107,12,3,14:45,1,2,1,1.0,6.0,37122,CHATEAUBRIAND (RUE DE),M,"47,3513600","0,6636500",37,2019,50.0,1.0,1.0,4.0,2257646,1.0,1,1,2,5.0,,-1.0,0,1945.0,A01,138Â 210Â 069,1.0,8.0,-1.0,1723253,3.0,7,,0.0,1.0,1.0,A01,138Â 210Â 069,1.0
1009576,201900051107,12,3,14:45,1,2,1,1.0,6.0,37122,CHATEAUBRIAND (RUE DE),M,"47,3513600","0,6636500",37,2019,50.0,1.0,1.0,4.0,2257647,10.0,3,3,1,5.0,,2.0,3,1945.0,A01,138Â 210Â 069,8.0,0.0,-1.0,1723253,3.0,7,,0.0,1.0,1.0,A01,138Â 210Â 069,1.0
1009577,201900051108,12,2,23:35,5,2,2,1.0,3.0,37261,GIRAUDEAU (RUE),M,"47,3797200","0,6773800",37,2019,50.0,1.0,1.0,4.0,2257648,1.0,1,4,2,0.0,,-1.0, -1,1977.0,B01,138Â 210Â 067,1.0,0.0,-1.0,1723254,3.0,7,,0.0,2.0,8.0,B01,138Â 210Â 067,1.0
1009577,201900051108,12,2,23:35,5,2,2,1.0,3.0,37261,GIRAUDEAU (RUE),M,"47,3797200","0,6773800",37,2019,50.0,1.0,1.0,4.0,2257648,1.0,1,4,2,0.0,,-1.0, -1,1977.0,B01,138Â 210Â 067,1.0,0.0,-1.0,1723255,3.0,7,,0.0,2.0,3.0,A01,138Â 210Â 068,2.0
1009577,201900051108,12,2,23:35,5,2,2,1.0,3.0,37261,GIRAUDEAU (RUE),M,"47,3797200","0,6773800",37,2019,50.0,1.0,1.0,4.0,2257649,1.0,1,1,2,0.0,,-1.0, -1,1959.0,A01,138Â 210Â 068,1.0,0.0,-1.0,1723254,3.0,7,,0.0,2.0,8.0,B01,138Â 210Â 067,1.0
1009577,201900051108,12,2,23:35,5,2,2,1.0,3.0,37261,GIRAUDEAU (RUE),M,"47,3797200","0,6773800",37,2019,50.0,1.0,1.0,4.0,2257649,1.0,1,1,2,0.0,,-1.0, -1,1959.0,A01,138Â 210Â 068,1.0,0.0,-1.0,1723255,3.0,7,,0.0,2.0,3.0,A01,138Â 210Â 068,2.0
1009578,201900051109,12,4,18:54,3,1,1,1.0,6.0,36202,ROUTE DEPARTEMENTALE 64 B,M,"46,8344140","1,6343611",36,2019,80.0,3.0,1.0,3.0,2257650,1.0,1,3,1,9.0,,0.0,0,1973.0,A01,138Â 210Â 066,1.0,-1.0,-1.0,1723256,1.0,7,,8.0,0.0,0.0,A01,138Â 210Â 066,1.0
1009579,201900051110,12,4,11:45,1,2,6,1.0,3.0,33281,YSER (AVE DE L),M,"44,8416200"," -0,6664400",33,2019,50.0,1.0,1.0,4.0,2257651,1.0,1,1,1,1.0,,-1.0, -1,1961.0,B01,138Â 210Â 064,8.0,0.0,-1.0,1723257,0.0,10,,0.0,2.0,2.0,B01,138Â 210Â 064,1.0
1009579,201900051110,12,4,11:45,1,2,6,1.0,3.0,33281,YSER (AVE DE L),M,"44,8416200"," -0,6664400",33,2019,50.0,1.0,1.0,4.0,2257651,1.0,1,1,1,1.0,,-1.0, -1,1961.0,B01,138Â 210Â 064,8.0,0.0,-1.0,1723258,0.0,3,,0.0,2.0,1.0,A01,138Â 210Â 065,1.0
1009579,201900051110,12,4,11:45,1,2,6,1.0,3.0,33281,YSER (AVE DE L),M,"44,8416200"," -0,6664400",33,2019,50.0,1.0,1.0,4.0,2257652,2.0,2,4,2,5.0,,-1.0, -1,1947.0,A01,138Â 210Â 065,8.0,0.0,-1.0,1723257,0.0,10,,0.0,2.0,2.0,B01,138Â 210Â 064,1.0
1009579,201900051110,12,4,11:45,1,2,6,1.0,3.0,33281,YSER (AVE DE L),M,"44,8416200"," -0,6664400",33,2019,50.0,1.0,1.0,4.0,2257652,2.0,2,4,2,5.0,,-1.0, -1,1947.0,A01,138Â 210Â 065,8.0,0.0,-1.0,1723258,0.0,3,,0.0,2.0,1.0,A01,138Â 210Â 065,1.0
1009579,201900051110,12,4,11:45,1,2,6,1.0,3.0,33281,YSER (AVE DE L),M,"44,8416200"," -0,6664400",33,2019,50.0,1.0,1.0,4.0,2257653,1.0,1,4,2,5.0,,-1.0, -1,1944.0,A01,138Â 210Â 065,8.0,0.0,-1.0,1723257,0.0,10,,0.0,2.0,2.0,B01,138Â 210Â 064,1.0
1009579,201900051110,12,4,11:45,1,2,6,1.0,3.0,33281,YSER (AVE DE L),M,"44,8416200"," -0,6664400",33,2019,50.0,1.0,1.0,4.0,2257653,1.0,1,4,2,5.0,,-1.0, -1,1944.0,A01,138Â 210Â 065,8.0,0.0,-1.0,1723258,0.0,3,,0.0,2.0,1.0,A01,138Â 210Â 065,1.0
1009580,201900051111,12,4,16:15,1,2,2,1.0,3.0,33162,RUE ANDRE BLANC,M,"44,8784200"," -0,6413600",33,2019,50.0,1.0,1.0,4.0,2257654,1.0,1,1,1,1.0,,-1.0, -1,1970.0,A01,138Â 210Â 060,8.0,0.0,-1.0,1723259,2.0,10,,0.0,2.0,2.0,A01,138Â 210Â 060,1.0
1009580,201900051111,12,4,16:15,1,2,2,1.0,3.0,33162,RUE ANDRE BLANC,M,"44,8784200"," -0,6413600",33,2019,50.0,1.0,1.0,4.0,2257654,1.0,1,1,1,1.0,,-1.0, -1,1970.0,A01,138Â 210Â 060,8.0,0.0,-1.0,1723260,1.0,7,,0.0,2.0,0.0,B01,138Â 210Â 061,1.0
1009580,201900051111,12,4,16:15,1,2,2,1.0,3.0,33162,RUE ANDRE BLANC,M,"44,8784200"," -0,6413600",33,2019,50.0,1.0,1.0,4.0,2257655,1.0,1,4,2,0.0,,-1.0,0,1983.0,B01,138Â 210Â 061,8.0,0.0,-1.0,1723259,2.0,10,,0.0,2.0,2.0,A01,138Â 210Â 060,1.0
1009580,201900051111,12,4,16:15,1,2,2,1.0,3.0,33162,RUE ANDRE BLANC,M,"44,8784200"," -0,6413600",33,2019,50.0,1.0,1.0,4.0,2257655,1.0,1,4,2,0.0,,-1.0,0,1983.0,B01,138Â 210Â 061,8.0,0.0,-1.0,1723260,1.0,7,,0.0,2.0,0.0,B01,138Â 210Â 061,1.0
1009581,201900051112,11,29,18:30,3,2,3,1.0,3.0,31149,SALVETAT (CHEMIN DE LA),M,"43,5990800","1,2954900",31,2019,50.0,1.0,1.0,3.0,2257656,1.0,1,1,1,9.0,,-1.0, -1,1988.0,B01,138Â 210Â 058,1.0,0.0,-1.0,1723261,1.0,7,,0.0,2.0,3.0,B01,138Â 210Â 058,1.0
1009581,201900051112,11,29,18:30,3,2,3,1.0,3.0,31149,SALVETAT (CHEMIN DE LA),M,"43,5990800","1,2954900",31,2019,50.0,1.0,1.0,3.0,2257656,1.0,1,1,1,9.0,,-1.0, -1,1988.0,B01,138Â 210Â 058,1.0,0.0,-1.0,1723262,1.0,7,,0.0,2.0,8.0,A01,138Â 210Â 059,1.0
1009581,201900051112,11,29,18:30,3,2,3,1.0,3.0,31149,SALVETAT (CHEMIN DE LA),M,"43,5990800","1,2954900",31,2019,50.0,1.0,1.0,3.0,2257657,1.0,1,4,1,4.0,,-1.0, -1,1979.0,A01,138Â 210Â 059,1.0,0.0,-1.0,1723261,1.0,7,,0.0,2.0,3.0,B01,138Â 210Â 058,1.0
1009581,201900051112,11,29,18:30,3,2,3,1.0,3.0,31149,SALVETAT (CHEMIN DE LA),M,"43,5990800","1,2954900",31,2019,50.0,1.0,1.0,3.0,2257657,1.0,1,4,1,4.0,,-1.0, -1,1979.0,A01,138Â 210Â 059,1.0,0.0,-1.0,1723262,1.0,7,,0.0,2.0,8.0,A01,138Â 210Â 059,1.0
1009582,201900051113,12,5,18:25,5,2,2,1.0,6.0,25462,DEPORTES DES,M,"46,9154100","6,3424100",25,2019,50.0,1.0,1.0,4.0,2257658,1.0,1,1,2,3.0,,-1.0,0,1973.0,A01,138Â 210Â 053,1.0,0.0,-1.0,1723263,3.0,7,,0.0,1.0,2.0,A01,138Â 210Â 053,0.0
1009582,201900051113,12,5,18:25,5,2,2,1.0,6.0,25462,DEPORTES DES,M,"46,9154100","6,3424100",25,2019,50.0,1.0,1.0,4.0,2257659,10.0,3,3,1,5.0,,5.0,3,1963.0,A01,138Â 210Â 053,0.0,-1.0,-1.0,1723263,3.0,7,,0.0,1.0,2.0,A01,138Â 210Â 053,0.0
1009583,201900051114,12,4,15:55,1,2,3,1.0,3.0,24322,ANGOULEME (ROUTE D'),M,"45,1993900","0,6983400",24,2019,50.0,1.0,1.0,4.0,2257660,1.0,1,3,1,2.0,,-1.0, -1,2003.0,B01,138Â 210Â 051,8.0,0.0,-1.0,1723264,3.0,1,,0.0,2.0,1.0,B01,138Â 210Â 051,5.0
1009583,201900051114,12,4,15:55,1,2,3,1.0,3.0,24322,ANGOULEME (ROUTE D'),M,"45,1993900","0,6983400",24,2019,50.0,1.0,1.0,4.0,2257660,1.0,1,3,1,2.0,,-1.0, -1,2003.0,B01,138Â 210Â 051,8.0,0.0,-1.0,1723265,1.0,13,,0.0,6.0,7.0,A01,138Â 210Â 052,1.0
1009583,201900051114,12,4,15:55,1,2,3,1.0,3.0,24322,ANGOULEME (ROUTE D'),M,"45,1993900","0,6983400",24,2019,50.0,1.0,1.0,4.0,2257661,1.0,1,1,1,4.0,,-1.0,0,1975.0,A01,138Â 210Â 052,1.0,0.0,-1.0,1723264,3.0,1,,0.0,2.0,1.0,B01,138Â 210Â 051,5.0
1009583,201900051114,12,4,15:55,1,2,3,1.0,3.0,24322,ANGOULEME (ROUTE D'),M,"45,1993900","0,6983400",24,2019,50.0,1.0,1.0,4.0,2257661,1.0,1,1,1,4.0,,-1.0,0,1975.0,A01,138Â 210Â 052,1.0,0.0,-1.0,1723265,1.0,13,,0.0,6.0,7.0,A01,138Â 210Â 052,1.0
1009584,201900051115,11,25,17:25,3,1,1,1.0,1.0,24557,AVENUE DE L'AUTOMOBILE,M,"45,2018260","0,7989830",24,2019,70.0,1.0,2.0,2.0,2257662,1.0,1,3,1,0.0,,-1.0, -1,1950.0,B01,138Â 210Â 049,1.0,0.0,-1.0,1723266,2.0,7,,0.0,2.0,1.0,B01,138Â 210Â 049,1.0
1009584,201900051115,11,25,17:25,3,1,1,1.0,1.0,24557,AVENUE DE L'AUTOMOBILE,M,"45,2018260","0,7989830",24,2019,70.0,1.0,2.0,2.0,2257662,1.0,1,3,1,0.0,,-1.0, -1,1950.0,B01,138Â 210Â 049,1.0,0.0,-1.0,1723267,1.0,7,,0.0,2.0,1.0,A01,138Â 210Â 050,1.0
1009584,201900051115,11,25,17:25,3,1,1,1.0,1.0,24557,AVENUE DE L'AUTOMOBILE,M,"45,2018260","0,7989830",24,2019,70.0,1.0,2.0,2.0,2257663,1.0,1,4,1,1.0,,-1.0, -1,1993.0,A01,138Â 210Â 050,1.0,-1.0,-1.0,1723266,2.0,7,,0.0,2.0,1.0,B01,138Â 210Â 049,1.0
1009584,201900051115,11,25,17:25,3,1,1,1.0,1.0,24557,AVENUE DE L'AUTOMOBILE,M,"45,2018260","0,7989830",24,2019,70.0,1.0,2.0,2.0,2257663,1.0,1,4,1,1.0,,-1.0, -1,1993.0,A01,138Â 210Â 050,1.0,-1.0,-1.0,1723267,1.0,7,,0.0,2.0,1.0,A01,138Â 210Â 050,1.0
1009585,201900051116,12,5,17:55,1,2,2,1.0,7.0,14327,CD NÂ° 60,M,"49,2126700","0,3421700",14,2019,50.0,1.0,1.0,4.0,2257664,1.0,1,4,1,5.0,,0.0,0,1996.0,A01,138Â 210Â 048,2.0,6.0,-1.0,1723268,2.0,33,,0.0,0.0,0.0,A01,138Â 210Â 048,1.0
1009586,201900051117,12,4,15:00,1,2,1,1.0,6.0,13211,boulevard de la VALBARELLE ,M,"43,2865180","5,4445640",13,2019,50.0,1.0,1.0,4.0,2257665,1.0,1,3,1,0.0,,-1.0,0,1971.0,A01,138Â 210Â 047,8.0,0.0,-1.0,1723269,1.0,33,,4.0,0.0,1.0,A01,138Â 210Â 047,0.0
1009587,201900051118,12,5,13:45,1,2,6,1.0,5.0,13211,JEAN MONDET (ROND POINT ),M,"43,2899000","5,4817600",13,2019,50.0,1.0,1.0,4.0,2257666,1.0,1,1,1,5.0,,-1.0, -1,1962.0,B01,138Â 210Â 045,2.0,8.0,-1.0,1723270,3.0,7,,0.0,2.0,8.0,Z01,138Â 210Â 044,1.0
1009587,201900051118,12,5,13:45,1,2,6,1.0,5.0,13211,JEAN MONDET (ROND POINT ),M,"43,2899000","5,4817600",13,2019,50.0,1.0,1.0,4.0,2257666,1.0,1,1,1,5.0,,-1.0, -1,1962.0,B01,138Â 210Â 045,2.0,8.0,-1.0,1723271,3.0,34,,0.0,2.0,1.0,B01,138Â 210Â 045,1.0
1009587,201900051118,12,5,13:45,1,2,6,1.0,5.0,13211,JEAN MONDET (ROND POINT ),M,"43,2899000","5,4817600",13,2019,50.0,1.0,1.0,4.0,2257666,1.0,1,1,1,5.0,,-1.0, -1,1962.0,B01,138Â 210Â 045,2.0,8.0,-1.0,1723272,3.0,32,,0.0,2.0,5.0,A01,138Â 210Â 046,1.0
1009587,201900051118,12,5,13:45,1,2,6,1.0,5.0,13211,JEAN MONDET (ROND POINT ),M,"43,2899000","5,4817600",13,2019,50.0,1.0,1.0,4.0,2257667,1.0,1,4,1,5.0,,-1.0, -1,1995.0,A01,138Â 210Â 046,2.0,8.0,-1.0,1723270,3.0,7,,0.0,2.0,8.0,Z01,138Â 210Â 044,1.0
1009587,201900051118,12,5,13:45,1,2,6,1.0,5.0,13211,JEAN MONDET (ROND POINT ),M,"43,2899000","5,4817600",13,2019,50.0,1.0,1.0,4.0,2257667,1.0,1,4,1,5.0,,-1.0, -1,1995.0,A01,138Â 210Â 046,2.0,8.0,-1.0,1723271,3.0,34,,0.0,2.0,1.0,B01,138Â 210Â 045,1.0
1009587,201900051118,12,5,13:45,1,2,6,1.0,5.0,13211,JEAN MONDET (ROND POINT ),M,"43,2899000","5,4817600",13,2019,50.0,1.0,1.0,4.0,2257667,1.0,1,4,1,5.0,,-1.0, -1,1995.0,A01,138Â 210Â 046,2.0,8.0,-1.0,1723272,3.0,32,,0.0,2.0,5.0,A01,138Â 210Â 046,1.0
1009587,201900051118,12,5,13:45,1,2,6,1.0,5.0,13211,JEAN MONDET (ROND POINT ),M,"43,2899000","5,4817600",13,2019,50.0,1.0,1.0,4.0,2257668,2.0,2,4,2,5.0,,-1.0,0,1997.0,A01,138Â 210Â 046,2.0,8.0,-1.0,1723270,3.0,7,,0.0,2.0,8.0,Z01,138Â 210Â 044,1.0
1009587,201900051118,12,5,13:45,1,2,6,1.0,5.0,13211,JEAN MONDET (ROND POINT ),M,"43,2899000","5,4817600",13,2019,50.0,1.0,1.0,4.0,2257668,2.0,2,4,2,5.0,,-1.0,0,1997.0,A01,138Â 210Â 046,2.0,8.0,-1.0,1723271,3.0,34,,0.0,2.0,1.0,B01,138Â 210Â 045,1.0
1009587,201900051118,12,5,13:45,1,2,6,1.0,5.0,13211,JEAN MONDET (ROND POINT ),M,"43,2899000","5,4817600",13,2019,50.0,1.0,1.0,4.0,2257668,2.0,2,4,2,5.0,,-1.0,0,1997.0,A01,138Â 210Â 046,2.0,8.0,-1.0,1723272,3.0,32,,0.0,2.0,5.0,A01,138Â 210Â 046,1.0
1009588,201900051119,12,5,18:20,5,2,9,1.0,3.0,13047,GEORGES GUYNEMER AVENUE,M,"43,5183700","4,9649400",13,2019,50.0,1.0,1.0,4.0,2257669,1.0,1,4,1,1.0,,-1.0, -1,1982.0,B01,138Â 210Â 042,1.0,0.0,-1.0,1723273,3.0,10,,0.0,2.0,2.0,B01,138Â 210Â 042,1.0
1009588,201900051119,12,5,18:20,5,2,9,1.0,3.0,13047,GEORGES GUYNEMER AVENUE,M,"43,5183700","4,9649400",13,2019,50.0,1.0,1.0,4.0,2257669,1.0,1,4,1,1.0,,-1.0, -1,1982.0,B01,138Â 210Â 042,1.0,0.0,-1.0,1723274,3.0,7,,0.0,2.0,3.0,A01,138Â 210Â 043,1.0
1009588,201900051119,12,5,18:20,5,2,9,1.0,3.0,13047,GEORGES GUYNEMER AVENUE,M,"43,5183700","4,9649400",13,2019,50.0,1.0,1.0,4.0,2257670,1.0,1,4,2,0.0,,-1.0, -1,1981.0,A01,138Â 210Â 043,1.0,8.0,-1.0,1723273,3.0,10,,0.0,2.0,2.0,B01,138Â 210Â 042,1.0
1009588,201900051119,12,5,18:20,5,2,9,1.0,3.0,13047,GEORGES GUYNEMER AVENUE,M,"43,5183700","4,9649400",13,2019,50.0,1.0,1.0,4.0,2257670,1.0,1,4,2,0.0,,-1.0, -1,1981.0,A01,138Â 210Â 043,1.0,8.0,-1.0,1723274,3.0,7,,0.0,2.0,3.0,A01,138Â 210Â 043,1.0
1009589,201900051120,12,5,13:45,1,2,1,1.0,3.0,06088,VOIE RAPIDE,M,"43,7083450","7,2701720",6,2019,70.0,1.0,1.0,4.0,2257671,1.0,1,4,1,0.0,,0.0,0,1988.0,A01,138Â 210Â 040,2.0,0.0,-1.0,1723275,1.0,30,,0.0,2.0,3.0,A01,138Â 210Â 040,0.0
1009589,201900051120,12,5,13:45,1,2,1,1.0,3.0,06088,VOIE RAPIDE,M,"43,7083450","7,2701720",6,2019,70.0,1.0,1.0,4.0,2257671,1.0,1,4,1,0.0,,0.0,0,1988.0,A01,138Â 210Â 040,2.0,0.0,-1.0,1723276,1.0,7,,0.0,2.0,5.0,B01,138Â 210Â 041,0.0
1009589,201900051120,12,5,13:45,1,2,1,1.0,3.0,06088,VOIE RAPIDE,M,"43,7083450","7,2701720",6,2019,70.0,1.0,1.0,4.0,2257672,1.0,1,4,2,0.0,,0.0,0,1991.0,B01,138Â 210Â 041,1.0,0.0,-1.0,1723275,1.0,30,,0.0,2.0,3.0,A01,138Â 210Â 040,0.0
1009589,201900051120,12,5,13:45,1,2,1,1.0,3.0,06088,VOIE RAPIDE,M,"43,7083450","7,2701720",6,2019,70.0,1.0,1.0,4.0,2257672,1.0,1,4,2,0.0,,0.0,0,1991.0,B01,138Â 210Â 041,1.0,0.0,-1.0,1723276,1.0,7,,0.0,2.0,5.0,B01,138Â 210Â 041,0.0
1009590,201900051121,12,5,13:15,1,2,1,1.0,3.0,06069,PAOUTE (ROUTE ET TRAVERSE DE LA),M,"43,6355330","6,9567960",6,2019,50.0,1.0,1.0,3.0,2257673,2.0,2,4,1,0.0,,0.0,0,2004.0,A01,138Â 210Â 038,2.0,8.0,-1.0,1723277,3.0,33,,0.0,2.0,1.0,A01,138Â 210Â 038,1.0
1009590,201900051121,12,5,13:15,1,2,1,1.0,3.0,06069,PAOUTE (ROUTE ET TRAVERSE DE LA),M,"43,6355330","6,9567960",6,2019,50.0,1.0,1.0,3.0,2257673,2.0,2,4,1,0.0,,0.0,0,2004.0,A01,138Â 210Â 038,2.0,8.0,-1.0,1723278,3.0,7,,0.0,2.0,8.0,B01,138Â 210Â 039,1.0
1009590,201900051121,12,5,13:15,1,2,1,1.0,3.0,06069,PAOUTE (ROUTE ET TRAVERSE DE LA),M,"43,6355330","6,9567960",6,2019,50.0,1.0,1.0,3.0,2257674,1.0,1,1,1,0.0,,0.0,0,1965.0,A01,138Â 210Â 038,2.0,8.0,-1.0,1723277,3.0,33,,0.0,2.0,1.0,A01,138Â 210Â 038,1.0
1009590,201900051121,12,5,13:15,1,2,1,1.0,3.0,06069,PAOUTE (ROUTE ET TRAVERSE DE LA),M,"43,6355330","6,9567960",6,2019,50.0,1.0,1.0,3.0,2257674,1.0,1,1,1,0.0,,0.0,0,1965.0,A01,138Â 210Â 038,2.0,8.0,-1.0,1723278,3.0,7,,0.0,2.0,8.0,B01,138Â 210Â 039,1.0
1009590,201900051121,12,5,13:15,1,2,1,1.0,3.0,06069,PAOUTE (ROUTE ET TRAVERSE DE LA),M,"43,6355330","6,9567960",6,2019,50.0,1.0,1.0,3.0,2257675,1.0,1,4,1,0.0,,0.0,0,1932.0,B01,138Â 210Â 039,1.0,8.0,-1.0,1723277,3.0,33,,0.0,2.0,1.0,A01,138Â 210Â 038,1.0
1009590,201900051121,12,5,13:15,1,2,1,1.0,3.0,06069,PAOUTE (ROUTE ET TRAVERSE DE LA),M,"43,6355330","6,9567960",6,2019,50.0,1.0,1.0,3.0,2257675,1.0,1,4,1,0.0,,0.0,0,1932.0,B01,138Â 210Â 039,1.0,8.0,-1.0,1723278,3.0,7,,0.0,2.0,8.0,B01,138Â 210Â 039,1.0
1009591,201900051122,12,5,18:35,5,2,1,1.0,3.0,75115,BD PERIPHERIQUE EXTERIEUR,M,"48,8275960","2,2918880",75,2019,70.0,1.0,1.0,4.0,2257676,1.0,1,1,1,5.0,,0.0,0,1989.0,B01,138Â 210Â 036,2.0,6.0,-1.0,1723279,2.0,31,,0.0,2.0,8.0,B01,138Â 210Â 036,1.0
1009591,201900051122,12,5,18:35,5,2,1,1.0,3.0,75115,BD PERIPHERIQUE EXTERIEUR,M,"48,8275960","2,2918880",75,2019,70.0,1.0,1.0,4.0,2257676,1.0,1,1,1,5.0,,0.0,0,1989.0,B01,138Â 210Â 036,2.0,6.0,-1.0,1723280,2.0,7,,0.0,2.0,7.0,A01,138Â 210Â 037,1.0
1009591,201900051122,12,5,18:35,5,2,1,1.0,3.0,75115,BD PERIPHERIQUE EXTERIEUR,M,"48,8275960","2,2918880",75,2019,70.0,1.0,1.0,4.0,2257677,2.0,2,4,2,0.0,,0.0,0,1995.0,B01,138Â 210Â 036,2.0,6.0,-1.0,1723279,2.0,31,,0.0,2.0,8.0,B01,138Â 210Â 036,1.0
1009591,201900051122,12,5,18:35,5,2,1,1.0,3.0,75115,BD PERIPHERIQUE EXTERIEUR,M,"48,8275960","2,2918880",75,2019,70.0,1.0,1.0,4.0,2257677,2.0,2,4,2,0.0,,0.0,0,1995.0,B01,138Â 210Â 036,2.0,6.0,-1.0,1723280,2.0,7,,0.0,2.0,7.0,A01,138Â 210Â 037,1.0
1009591,201900051122,12,5,18:35,5,2,1,1.0,3.0,75115,BD PERIPHERIQUE EXTERIEUR,M,"48,8275960","2,2918880",75,2019,70.0,1.0,1.0,4.0,2257678,1.0,1,1,1,1.0,,0.0,0,1983.0,A01,138Â 210Â 037,1.0,0.0,-1.0,1723279,2.0,31,,0.0,2.0,8.0,B01,138Â 210Â 036,1.0
1009591,201900051122,12,5,18:35,5,2,1,1.0,3.0,75115,BD PERIPHERIQUE EXTERIEUR,M,"48,8275960","2,2918880",75,2019,70.0,1.0,1.0,4.0,2257678,1.0,1,1,1,1.0,,0.0,0,1983.0,A01,138Â 210Â 037,1.0,0.0,-1.0,1723280,2.0,7,,0.0,2.0,7.0,A01,138Â 210Â 037,1.0
1009592,201900051123,12,4,22:10,5,2,1,1.0,3.0,75115,BD PERIPHERIQUE EXTERIEUR,M,"48,8284525","2,2896624",75,2019,70.0,1.0,1.0,4.0,2257679,1.0,1,1,1,5.0,,0.0,0,1985.0,A01,138Â 210Â 030,1.0,0.0,-1.0,1723281,2.0,7,,0.0,2.0,7.0,A01,138Â 210Â 030,1.0
1009592,201900051123,12,4,22:10,5,2,1,1.0,3.0,75115,BD PERIPHERIQUE EXTERIEUR,M,"48,8284525","2,2896624",75,2019,70.0,1.0,1.0,4.0,2257679,1.0,1,1,1,5.0,,0.0,0,1985.0,A01,138Â 210Â 030,1.0,0.0,-1.0,1723282,2.0,32,,0.0,2.0,3.0,B01,138Â 210Â 031,1.0
1009592,201900051123,12,4,22:10,5,2,1,1.0,3.0,75115,BD PERIPHERIQUE EXTERIEUR,M,"48,8284525","2,2896624",75,2019,70.0,1.0,1.0,4.0,2257680,2.0,2,1,2,5.0,,0.0,0,1997.0,B01,138Â 210Â 031,2.0,6.0,-1.0,1723281,2.0,7,,0.0,2.0,7.0,A01,138Â 210Â 030,1.0
1009592,201900051123,12,4,22:10,5,2,1,1.0,3.0,75115,BD PERIPHERIQUE EXTERIEUR,M,"48,8284525","2,2896624",75,2019,70.0,1.0,1.0,4.0,2257680,2.0,2,1,2,5.0,,0.0,0,1997.0,B01,138Â 210Â 031,2.0,6.0,-1.0,1723282,2.0,32,,0.0,2.0,3.0,B01,138Â 210Â 031,1.0
1009592,201900051123,12,4,22:10,5,2,1,1.0,3.0,75115,BD PERIPHERIQUE EXTERIEUR,M,"48,8284525","2,2896624",75,2019,70.0,1.0,1.0,4.0,2257681,1.0,1,4,2,5.0,,0.0,0,1998.0,B01,138Â 210Â 031,2.0,6.0,-1.0,1723281,2.0,7,,0.0,2.0,7.0,A01,138Â 210Â 030,1.0
1009592,201900051123,12,4,22:10,5,2,1,1.0,3.0,75115,BD PERIPHERIQUE EXTERIEUR,M,"48,8284525","2,2896624",75,2019,70.0,1.0,1.0,4.0,2257681,1.0,1,4,2,5.0,,0.0,0,1998.0,B01,138Â 210Â 031,2.0,6.0,-1.0,1723282,2.0,32,,0.0,2.0,3.0,B01,138Â 210Â 031,1.0
1009593,201900051124,12,4,14:15,1,2,4,1.0,3.0,75120,BD PERIPHERIQUE INTERIEUR,M,"48,8673364","2,4132119",75,2019,70.0,1.0,1.0,4.0,2257682,2.0,2,1,1,0.0,,0.0,0,1957.0,B01,138Â 210Â 028,1.0,0.0,-1.0,1723283,1.0,7,,0.0,2.0,3.0,B01,138Â 210Â 028,1.0
1009593,201900051124,12,4,14:15,1,2,4,1.0,3.0,75120,BD PERIPHERIQUE INTERIEUR,M,"48,8673364","2,4132119",75,2019,70.0,1.0,1.0,4.0,2257682,2.0,2,1,1,0.0,,0.0,0,1957.0,B01,138Â 210Â 028,1.0,0.0,-1.0,1723284,1.0,31,,0.0,2.0,5.0,A01,138Â 210Â 029,1.0
1009593,201900051124,12,4,14:15,1,2,4,1.0,3.0,75120,BD PERIPHERIQUE INTERIEUR,M,"48,8673364","2,4132119",75,2019,70.0,1.0,1.0,4.0,2257683,1.0,1,1,1,4.0,,0.0,0,1961.0,B01,138Â 210Â 028,1.0,0.0,-1.0,1723283,1.0,7,,0.0,2.0,3.0,B01,138Â 210Â 028,1.0
1009593,201900051124,12,4,14:15,1,2,4,1.0,3.0,75120,BD PERIPHERIQUE INTERIEUR,M,"48,8673364","2,4132119",75,2019,70.0,1.0,1.0,4.0,2257683,1.0,1,1,1,4.0,,0.0,0,1961.0,B01,138Â 210Â 028,1.0,0.0,-1.0,1723284,1.0,31,,0.0,2.0,5.0,A01,138Â 210Â 029,1.0
1009593,201900051124,12,4,14:15,1,2,4,1.0,3.0,75120,BD PERIPHERIQUE INTERIEUR,M,"48,8673364","2,4132119",75,2019,70.0,1.0,1.0,4.0,2257684,1.0,1,4,1,0.0,,0.0,0,1969.0,A01,138Â 210Â 029,2.0,6.0,-1.0,1723283,1.0,7,,0.0,2.0,3.0,B01,138Â 210Â 028,1.0
1009593,201900051124,12,4,14:15,1,2,4,1.0,3.0,75120,BD PERIPHERIQUE INTERIEUR,M,"48,8673364","2,4132119",75,2019,70.0,1.0,1.0,4.0,2257684,1.0,1,4,1,0.0,,0.0,0,1969.0,A01,138Â 210Â 029,2.0,6.0,-1.0,1723284,1.0,31,,0.0,2.0,5.0,A01,138Â 210Â 029,1.0