Unnamed: 0_x,num_acc,mois,jour,hrmn,lum,agg,int,atm,col,com,adr,gps,lat,long,dep,annee,vma,situ,surf,catr,Unnamed: 0_y,place,catu,grav,sexe,trajet,secu,locp,actp,an_nais,num_veh_x,id_vehicule_x,secu1,secu2,secu3,Unnamed: 0,senc,catv,occutc,obs,obsm,choc,num_veh_y,id_vehicule_y,motor
1009594,201900051125,12,4,13:10,1,2,1,1.0,2.0,75116,BD PERIPHERIQUE EXTERIEUR,M,"48,8649780","2,2674270",75,2019,70.0,1.0,1.0,4.0,2257685,1.0,1,1,1,4.0,,0.0,0,1993.0,A01,138Â 210Â 026,1.0,0.0,-1.0,1723285,2.0,14,,0.0,2.0,1.0,A01,138Â 210Â 026,1.0
1009594,201900051125,12,4,13:10,1,2,1,1.0,2.0,75116,BD PERIPHERIQUE EXTERIEUR,M,"48,8649780","2,2674270",75,2019,70.0,1.0,1.0,4.0,2257685,1.0,1,1,1,4.0,,0.0,0,1993.0,A01,138Â 210Â 026,1.0,0.0,-1.0,1723286,2.0,7,,0.0,2.0,4.0,B01,138Â 210Â 027,1.0
1009594,201900051125,12,4,13:10,1,2,1,1.0,2.0,75116,BD PERIPHERIQUE EXTERIEUR,M,"48,8649780","2,2674270",75,2019,70.0,1.0,1.0,4.0,2257686,1.0,1,4,1,1.0,,0.0,0,1983.0,B01,138Â 210Â 027,1.0,0.0,-1.0,1723285,2.0,14,,0.0,2.0,1.0,A01,138Â 210Â 026,1.0
1009594,201900051125,12,4,13:10,1,2,1,1.0,2.0,75116,BD PERIPHERIQUE EXTERIEUR,M,"48,8649780","2,2674270",75,2019,70.0,1.0,1.0,4.0,2257686,1.0,1,4,1,1.0,,0.0,0,1983.0,B01,138Â 210Â 027,1.0,0.0,-1.0,1723286,2.0,7,,0.0,2.0,4.0,B01,138Â 210Â 027,1.0
1009595,201900051126,12,5,20:15,5,2,3,1.0,6.0,75105,PLACE SAINT MICHEL,M,"48,8534210","2,3441820",75,2019,50.0,1.0,1.0,4.0,2257687,1.0,1,4,1,1.0,,0.0,0,1990.0,A01,138Â 210Â 025,8.0,2.0,-1.0,1723287,2.0,7,,0.0,2.0,6.0,Z01,138Â 210Â 024,0.0
1009595,201900051126,12,5,20:15,5,2,3,1.0,6.0,75105,PLACE SAINT MICHEL,M,"48,8534210","2,3441820",75,2019,50.0,1.0,1.0,4.0,2257687,1.0,1,4,1,1.0,,0.0,0,1990.0,A01,138Â 210Â 025,8.0,2.0,-1.0,1723288,2.0,1,,0.0,2.0,1.0,A01,138Â 210Â 025,5.0
1009596,201900051127,12,4,15:35,1,2,2,1.0,6.0,75106,RUE DES ECOLES,M,"48,8503380","2,3426390",75,2019,50.0,6.0,1.0,4.0,2257688,1.0,1,4,2,0.0,,0.0,0,1985.0,A01,138Â 210Â 023,8.0,2.0,-1.0,1723289,2.0,7,,0.0,2.0,2.0,Z01,138Â 210Â 022,0.0
1009596,201900051127,12,4,15:35,1,2,2,1.0,6.0,75106,RUE DES ECOLES,M,"48,8503380","2,3426390",75,2019,50.0,6.0,1.0,4.0,2257688,1.0,1,4,2,0.0,,0.0,0,1985.0,A01,138Â 210Â 023,8.0,2.0,-1.0,1723290,2.0,50,,0.0,2.0,8.0,A01,138Â 210Â 023,3.0
1009597,201900051128,12,5,20:40,5,2,2,5.0,6.0,75120,RUE DE GUEBRIANT,M,"48,8728948","2,4086286",75,2019,50.0,1.0,1.0,4.0,2257689,10.0,3,4,2,9.0,,2.0,3,1951.0,A01,138Â 210Â 021,0.0,-1.0,-1.0,1723291,0.0,32,,0.0,1.0,1.0,A01,138Â 210Â 021,0.0
1009598,201900051129,12,5,18:45,5,2,2,8.0,3.0,75120,AVENUE LEON GAUMONT,M,"48,8492750","2,4162018",75,2019,50.0,1.0,1.0,4.0,2257690,1.0,1,4,1,0.0,,0.0,0,1960.0,B01,138Â 210Â 019,2.0,6.0,-1.0,1723292,2.0,43,,0.0,2.0,1.0,B01,138Â 210Â 019,1.0
1009598,201900051129,12,5,18:45,5,2,2,8.0,3.0,75120,AVENUE LEON GAUMONT,M,"48,8492750","2,4162018",75,2019,50.0,1.0,1.0,4.0,2257690,1.0,1,4,1,0.0,,0.0,0,1960.0,B01,138Â 210Â 019,2.0,6.0,-1.0,1723293,1.0,7,,0.0,2.0,2.0,A01,138Â 210Â 020,1.0
1009598,201900051129,12,5,18:45,5,2,2,8.0,3.0,75120,AVENUE LEON GAUMONT,M,"48,8492750","2,4162018",75,2019,50.0,1.0,1.0,4.0,2257691,1.0,1,1,1,0.0,,0.0,0,1963.0,A01,138Â 210Â 020,1.0,0.0,-1.0,1723292,2.0,43,,0.0,2.0,1.0,B01,138Â 210Â 019,1.0
1009598,201900051129,12,5,18:45,5,2,2,8.0,3.0,75120,AVENUE LEON GAUMONT,M,"48,8492750","2,4162018",75,2019,50.0,1.0,1.0,4.0,2257691,1.0,1,1,1,0.0,,0.0,0,1963.0,A01,138Â 210Â 020,1.0,0.0,-1.0,1723293,1.0,7,,0.0,2.0,2.0,A01,138Â 210Â 020,1.0
1009599,201900051130,12,5,09:30,1,2,4,1.0,6.0,75117,AVENUE DE VILLIERS,M,"48,8844446","2,3012039",75,2019,50.0,1.0,1.0,4.0,2257692,2.0,2,1,1,0.0,,0.0,0,1998.0,A01,138Â 210Â 018,2.0,0.0,-1.0,1723294,2.0,30,,0.0,1.0,1.0,A01,138Â 210Â 018,3.0
1009599,201900051130,12,5,09:30,1,2,4,1.0,6.0,75117,AVENUE DE VILLIERS,M,"48,8844446","2,3012039",75,2019,50.0,1.0,1.0,4.0,2257693,10.0,3,4,1,2.0,,3.0,3,2006.0,A01,138Â 210Â 018,0.0,-1.0,-1.0,1723294,2.0,30,,0.0,1.0,1.0,A01,138Â 210Â 018,3.0
1009599,201900051130,12,5,09:30,1,2,4,1.0,6.0,75117,AVENUE DE VILLIERS,M,"48,8844446","2,3012039",75,2019,50.0,1.0,1.0,4.0,2257694,1.0,1,1,1,2.0,,0.0,0,2001.0,A01,138Â 210Â 018,2.0,6.0,-1.0,1723294,2.0,30,,0.0,1.0,1.0,A01,138Â 210Â 018,3.0
1009600,201900051131,12,5,22:30,5,2,3,5.0,6.0,75116,AVENUE VICTOR HUGO,M,"48,8724919","2,2919798",75,2019,50.0,1.0,1.0,4.0,2257695,1.0,1,4,1,1.0,,0.0,0,1981.0,A01,138Â 210Â 017,8.0,2.0,-1.0,1723295,2.0,2,,0.0,2.0,1.0,Z01,138Â 210Â 016,0.0
1009600,201900051131,12,5,22:30,5,2,3,5.0,6.0,75116,AVENUE VICTOR HUGO,M,"48,8724919","2,2919798",75,2019,50.0,1.0,1.0,4.0,2257695,1.0,1,4,1,1.0,,0.0,0,1981.0,A01,138Â 210Â 017,8.0,2.0,-1.0,1723296,2.0,1,,0.0,2.0,4.0,A01,138Â 210Â 017,5.0
1009601,201900051132,12,4,15:15,1,2,4,1.0,6.0,75116,RUE JEAN DE LA FONTAINE,M,"48,8503006","2,2703075",75,2019,50.0,1.0,1.0,4.0,2257696,1.0,1,1,2,3.0,,0.0,0,1953.0,B01,138Â 210Â 014,1.0,0.0,-1.0,1723297,1.0,7,,0.0,2.0,1.0,B01,138Â 210Â 014,1.0
1009601,201900051132,12,4,15:15,1,2,4,1.0,6.0,75116,RUE JEAN DE LA FONTAINE,M,"48,8503006","2,2703075",75,2019,50.0,1.0,1.0,4.0,2257696,1.0,1,1,2,3.0,,0.0,0,1953.0,B01,138Â 210Â 014,1.0,0.0,-1.0,1723298,1.0,7,,0.0,2.0,1.0,A01,138Â 210Â 015,1.0
1009601,201900051132,12,4,15:15,1,2,4,1.0,6.0,75116,RUE JEAN DE LA FONTAINE,M,"48,8503006","2,2703075",75,2019,50.0,1.0,1.0,4.0,2257697,10.0,3,4,2,5.0,,3.0,3,1922.0,B01,138Â 210Â 014,0.0,-1.0,-1.0,1723297,1.0,7,,0.0,2.0,1.0,B01,138Â 210Â 014,1.0
1009601,201900051132,12,4,15:15,1,2,4,1.0,6.0,75116,RUE JEAN DE LA FONTAINE,M,"48,8503006","2,2703075",75,2019,50.0,1.0,1.0,4.0,2257697,10.0,3,4,2,5.0,,3.0,3,1922.0,B01,138Â 210Â 014,0.0,-1.0,-1.0,1723298,1.0,7,,0.0,2.0,1.0,A01,138Â 210Â 015,1.0
1009601,201900051132,12,4,15:15,1,2,4,1.0,6.0,75116,RUE JEAN DE LA FONTAINE,M,"48,8503006","2,2703075",75,2019,50.0,1.0,1.0,4.0,2257698,1.0,1,1,2,0.0,,0.0,0,2000.0,A01,138Â 210Â 015,1.0,0.0,-1.0,1723297,1.0,7,,0.0,2.0,1.0,B01,138Â 210Â 014,1.0
1009601,201900051132,12,4,15:15,1,2,4,1.0,6.0,75116,RUE JEAN DE LA FONTAINE,M,"48,8503006","2,2703075",75,2019,50.0,1.0,1.0,4.0,2257698,1.0,1,1,2,0.0,,0.0,0,2000.0,A01,138Â 210Â 015,1.0,0.0,-1.0,1723298,1.0,7,,0.0,2.0,1.0,A01,138Â 210Â 015,1.0
1009602,201900051133,12,5,08:55,1,2,3,5.0,3.0,75116,BOULEVARD LANNES,M,"48,8686649","2,2733592",75,2019,50.0,1.0,1.0,4.0,2257699,1.0,1,1,2,1.0,,0.0,0,1955.0,A01,138Â 210Â 012,1.0,0.0,-1.0,1723299,1.0,7,,0.0,2.0,6.0,A01,138Â 210Â 012,1.0
1009602,201900051133,12,5,08:55,1,2,3,5.0,3.0,75116,BOULEVARD LANNES,M,"48,8686649","2,2733592",75,2019,50.0,1.0,1.0,4.0,2257699,1.0,1,1,2,1.0,,0.0,0,1955.0,A01,138Â 210Â 012,1.0,0.0,-1.0,1723300,1.0,2,,0.0,2.0,1.0,B01,138Â 210Â 013,1.0
1009602,201900051133,12,5,08:55,1,2,3,5.0,3.0,75116,BOULEVARD LANNES,M,"48,8686649","2,2733592",75,2019,50.0,1.0,1.0,4.0,2257700,1.0,1,4,1,1.0,,0.0,0,1991.0,B01,138Â 210Â 013,2.0,6.0,-1.0,1723299,1.0,7,,0.0,2.0,6.0,A01,138Â 210Â 012,1.0
1009602,201900051133,12,5,08:55,1,2,3,5.0,3.0,75116,BOULEVARD LANNES,M,"48,8686649","2,2733592",75,2019,50.0,1.0,1.0,4.0,2257700,1.0,1,4,1,1.0,,0.0,0,1991.0,B01,138Â 210Â 013,2.0,6.0,-1.0,1723300,1.0,2,,0.0,2.0,1.0,B01,138Â 210Â 013,1.0
1009603,201900051134,12,5,11:30,1,2,2,1.0,6.0,75115,RUE DU COMMERCE,M,"48,8462000","2,2951970",75,2019,30.0,1.0,1.0,4.0,2257701,10.0,3,4,1,5.0,,3.0,3,1962.0,A01,138Â 210Â 011,0.0,-1.0,-1.0,1723301,1.0,10,,0.0,1.0,6.0,A01,138Â 210Â 011,1.0
1009603,201900051134,12,5,11:30,1,2,2,1.0,6.0,75115,RUE DU COMMERCE,M,"48,8462000","2,2951970",75,2019,30.0,1.0,1.0,4.0,2257702,1.0,1,1,1,4.0,,0.0,0,1969.0,A01,138Â 210Â 011,1.0,0.0,-1.0,1723301,1.0,10,,0.0,1.0,6.0,A01,138Â 210Â 011,1.0
1009604,201900051135,12,5,06:50,5,2,3,8.0,3.0,75115,BOULEVARD LEFEBVRE,M,"48,8310141","2,2923485",75,2019,50.0,1.0,1.0,4.0,2257703,1.0,1,4,1,0.0,,0.0,0,1978.0,B01,138Â 210Â 009,8.0,2.0,-1.0,1723302,2.0,1,,0.0,2.0,1.0,B01,138Â 210Â 009,5.0
1009604,201900051135,12,5,06:50,5,2,3,8.0,3.0,75115,BOULEVARD LEFEBVRE,M,"48,8310141","2,2923485",75,2019,50.0,1.0,1.0,4.0,2257703,1.0,1,4,1,0.0,,0.0,0,1978.0,B01,138Â 210Â 009,8.0,2.0,-1.0,1723303,2.0,7,,0.0,2.0,3.0,A01,138Â 210Â 010,1.0
1009604,201900051135,12,5,06:50,5,2,3,8.0,3.0,75115,BOULEVARD LEFEBVRE,M,"48,8310141","2,2923485",75,2019,50.0,1.0,1.0,4.0,2257704,1.0,1,1,2,5.0,,0.0,0,1989.0,A01,138Â 210Â 010,1.0,0.0,-1.0,1723302,2.0,1,,0.0,2.0,1.0,B01,138Â 210Â 009,5.0
1009604,201900051135,12,5,06:50,5,2,3,8.0,3.0,75115,BOULEVARD LEFEBVRE,M,"48,8310141","2,2923485",75,2019,50.0,1.0,1.0,4.0,2257704,1.0,1,1,2,5.0,,0.0,0,1989.0,A01,138Â 210Â 010,1.0,0.0,-1.0,1723303,2.0,7,,0.0,2.0,3.0,A01,138Â 210Â 010,1.0
1009605,201900051136,12,4,21:20,5,2,2,1.0,4.0,75111,RUE DE LA ROQUETTE,M,"48,8567735","2,3778786",75,2019,30.0,1.0,1.0,4.0,2257705,1.0,1,4,1,5.0,,0.0,0,2003.0,C01,138Â 210Â 006,2.0,6.0,-1.0,1723304,1.0,30,,0.0,2.0,1.0,C01,138Â 210Â 006,1.0
1009605,201900051136,12,4,21:20,5,2,2,1.0,4.0,75111,RUE DE LA ROQUETTE,M,"48,8567735","2,3778786",75,2019,30.0,1.0,1.0,4.0,2257705,1.0,1,4,1,5.0,,0.0,0,2003.0,C01,138Â 210Â 006,2.0,6.0,-1.0,1723305,1.0,32,,0.0,2.0,8.0,B01,138Â 210Â 007,1.0
1009605,201900051136,12,4,21:20,5,2,2,1.0,4.0,75111,RUE DE LA ROQUETTE,M,"48,8567735","2,3778786",75,2019,30.0,1.0,1.0,4.0,2257705,1.0,1,4,1,5.0,,0.0,0,2003.0,C01,138Â 210Â 006,2.0,6.0,-1.0,1723306,1.0,43,,0.0,2.0,7.0,A01,138Â 210Â 008,1.0
1009605,201900051136,12,4,21:20,5,2,2,1.0,4.0,75111,RUE DE LA ROQUETTE,M,"48,8567735","2,3778786",75,2019,30.0,1.0,1.0,4.0,2257706,1.0,1,1,1,0.0,,0.0,0,1981.0,B01,138Â 210Â 007,2.0,6.0,-1.0,1723304,1.0,30,,0.0,2.0,1.0,C01,138Â 210Â 006,1.0
1009605,201900051136,12,4,21:20,5,2,2,1.0,4.0,75111,RUE DE LA ROQUETTE,M,"48,8567735","2,3778786",75,2019,30.0,1.0,1.0,4.0,2257706,1.0,1,1,1,0.0,,0.0,0,1981.0,B01,138Â 210Â 007,2.0,6.0,-1.0,1723305,1.0,32,,0.0,2.0,8.0,B01,138Â 210Â 007,1.0
1009605,201900051136,12,4,21:20,5,2,2,1.0,4.0,75111,RUE DE LA ROQUETTE,M,"48,8567735","2,3778786",75,2019,30.0,1.0,1.0,4.0,2257706,1.0,1,1,1,0.0,,0.0,0,1981.0,B01,138Â 210Â 007,2.0,6.0,-1.0,1723306,1.0,43,,0.0,2.0,7.0,A01,138Â 210Â 008,1.0
1009605,201900051136,12,4,21:20,5,2,2,1.0,4.0,75111,RUE DE LA ROQUETTE,M,"48,8567735","2,3778786",75,2019,30.0,1.0,1.0,4.0,2257707,1.0,1,1,1,1.0,,0.0,0,1994.0,A01,138Â 210Â 008,2.0,6.0,-1.0,1723304,1.0,30,,0.0,2.0,1.0,C01,138Â 210Â 006,1.0
1009605,201900051136,12,4,21:20,5,2,2,1.0,4.0,75111,RUE DE LA ROQUETTE,M,"48,8567735","2,3778786",75,2019,30.0,1.0,1.0,4.0,2257707,1.0,1,1,1,1.0,,0.0,0,1994.0,A01,138Â 210Â 008,2.0,6.0,-1.0,1723305,1.0,32,,0.0,2.0,8.0,B01,138Â 210Â 007,1.0
1009605,201900051136,12,4,21:20,5,2,2,1.0,4.0,75111,RUE DE LA ROQUETTE,M,"48,8567735","2,3778786",75,2019,30.0,1.0,1.0,4.0,2257707,1.0,1,1,1,1.0,,0.0,0,1994.0,A01,138Â 210Â 008,2.0,6.0,-1.0,1723306,1.0,43,,0.0,2.0,7.0,A01,138Â 210Â 008,1.0
1009606,201900051137,12,5,09:50,1,2,2,1.0,6.0,75111,AVENUE LEDRU ROLLIN,M,"48,8532765","2,3772955",75,2019,30.0,1.0,1.0,4.0,2257708,1.0,1,4,1,3.0,,0.0,0,1987.0,A01,138Â 210Â 005,2.0,6.0,-1.0,1723307,1.0,30,,12.0,0.0,7.0,A01,138Â 210Â 005,1.0
1009607,201900051138,12,5,15:30,1,2,1,1.0,6.0,94077,PARMENTIER (AV),M,"48,7417000","2,4211000",94,2019,50.0,1.0,1.0,4.0,2257709,10.0,3,4,2,2.0,,2.0,3,2013.0,A01,138Â 210Â 004,0.0,-1.0,-1.0,1723308,2.0,7,,1.0,0.0,8.0,A01,138Â 210Â 004,1.0
1009607,201900051138,12,5,15:30,1,2,1,1.0,6.0,94077,PARMENTIER (AV),M,"48,7417000","2,4211000",94,2019,50.0,1.0,1.0,4.0,2257710,1.0,1,1,1,0.0,,-1.0, -1,1976.0,A01,138Â 210Â 004,1.0,0.0,-1.0,1723308,2.0,7,,1.0,0.0,8.0,A01,138Â 210Â 004,1.0
1009608,201900051139,12,5,10:40,1,2,1,8.0,2.0,94074,JULIEN DURANTON (avenue),M,"48,7687600","2,4467500",94,2019,30.0,1.0,1.0,3.0,2257711,1.0,1,1,1,2.0,,-1.0, -1,1988.0,A01,138Â 210Â 002,1.0,8.0,-1.0,1723309,1.0,7,,0.0,2.0,1.0,A01,138Â 210Â 002,1.0
1009608,201900051139,12,5,10:40,1,2,1,8.0,2.0,94074,JULIEN DURANTON (avenue),M,"48,7687600","2,4467500",94,2019,30.0,1.0,1.0,3.0,2257711,1.0,1,1,1,2.0,,-1.0, -1,1988.0,A01,138Â 210Â 002,1.0,8.0,-1.0,1723310,1.0,7,,0.0,2.0,4.0,B01,138Â 210Â 003,1.0
1009608,201900051139,12,5,10:40,1,2,1,8.0,2.0,94074,JULIEN DURANTON (avenue),M,"48,7687600","2,4467500",94,2019,30.0,1.0,1.0,3.0,2257712,1.0,1,4,2,0.0,,-1.0, -1,1989.0,B01,138Â 210Â 003,1.0,0.0,-1.0,1723309,1.0,7,,0.0,2.0,1.0,A01,138Â 210Â 002,1.0
1009608,201900051139,12,5,10:40,1,2,1,8.0,2.0,94074,JULIEN DURANTON (avenue),M,"48,7687600","2,4467500",94,2019,30.0,1.0,1.0,3.0,2257712,1.0,1,4,2,0.0,,-1.0, -1,1989.0,B01,138Â 210Â 003,1.0,0.0,-1.0,1723310,1.0,7,,0.0,2.0,4.0,B01,138Â 210Â 003,1.0
1009609,201900051140,12,4,19:45,5,2,3,1.0,1.0,94046,REPUBLIQUE (AV DE LA),M,"48,8065480","2,4433350",94,2019,50.0,1.0,1.0,3.0,2257713,1.0,1,1,1,1.0,,-1.0,0,1967.0,A01,138Â 210Â 000,1.0,0.0,-1.0,1723311,1.0,7,,0.0,2.0,1.0,A01,138Â 210Â 000,1.0
1009609,201900051140,12,4,19:45,5,2,3,1.0,1.0,94046,REPUBLIQUE (AV DE LA),M,"48,8065480","2,4433350",94,2019,50.0,1.0,1.0,3.0,2257713,1.0,1,1,1,1.0,,-1.0,0,1967.0,A01,138Â 210Â 000,1.0,0.0,-1.0,1723312,1.0,2,,0.0,2.0,8.0,B01,138Â 210Â 001,1.0
1009609,201900051140,12,4,19:45,5,2,3,1.0,1.0,94046,REPUBLIQUE (AV DE LA),M,"48,8065480","2,4433350",94,2019,50.0,1.0,1.0,3.0,2257714,1.0,1,3,2,1.0,,-1.0,0,1979.0,B01,138Â 210Â 001,2.0,6.0,-1.0,1723311,1.0,7,,0.0,2.0,1.0,A01,138Â 210Â 000,1.0
1009609,201900051140,12,4,19:45,5,2,3,1.0,1.0,94046,REPUBLIQUE (AV DE LA),M,"48,8065480","2,4433350",94,2019,50.0,1.0,1.0,3.0,2257714,1.0,1,3,2,1.0,,-1.0,0,1979.0,B01,138Â 210Â 001,2.0,6.0,-1.0,1723312,1.0,2,,0.0,2.0,8.0,B01,138Â 210Â 001,1.0
1009610,201900051141,6,16,14:06,1,2,2,1.0,3.0,37233,DUCLOS (AVENUE JACQUES),M,"47,3812115","0,7367602",37,2019,50.0,1.0,1.0,4.0,2257715,1.0,1,4,1,5.0,,-1.0,0,1952.0,B01,138Â 209Â 998,1.0,0.0,-1.0,1723313,1.0,7,,0.0,2.0,1.0,B01,138Â 209Â 998,1.0
1009610,201900051141,6,16,14:06,1,2,2,1.0,3.0,37233,DUCLOS (AVENUE JACQUES),M,"47,3812115","0,7367602",37,2019,50.0,1.0,1.0,4.0,2257715,1.0,1,4,1,5.0,,-1.0,0,1952.0,B01,138Â 209Â 998,1.0,0.0,-1.0,1723314,2.0,7,,0.0,2.0,3.0,A01,138Â 209Â 999,1.0
1009610,201900051141,6,16,14:06,1,2,2,1.0,3.0,37233,DUCLOS (AVENUE JACQUES),M,"47,3812115","0,7367602",37,2019,50.0,1.0,1.0,4.0,2257716,2.0,2,4,1,5.0,,-1.0,0,1956.0,B01,138Â 209Â 998,1.0,0.0,-1.0,1723313,1.0,7,,0.0,2.0,1.0,B01,138Â 209Â 998,1.0
1009610,201900051141,6,16,14:06,1,2,2,1.0,3.0,37233,DUCLOS (AVENUE JACQUES),M,"47,3812115","0,7367602",37,2019,50.0,1.0,1.0,4.0,2257716,2.0,2,4,1,5.0,,-1.0,0,1956.0,B01,138Â 209Â 998,1.0,0.0,-1.0,1723314,2.0,7,,0.0,2.0,3.0,A01,138Â 209Â 999,1.0
1009610,201900051141,6,16,14:06,1,2,2,1.0,3.0,37233,DUCLOS (AVENUE JACQUES),M,"47,3812115","0,7367602",37,2019,50.0,1.0,1.0,4.0,2257717,2.0,2,4,2,5.0,,-1.0,0,1961.0,A01,138Â 209Â 999,1.0,0.0,-1.0,1723313,1.0,7,,0.0,2.0,1.0,B01,138Â 209Â 998,1.0
1009610,201900051141,6,16,14:06,1,2,2,1.0,3.0,37233,DUCLOS (AVENUE JACQUES),M,"47,3812115","0,7367602",37,2019,50.0,1.0,1.0,4.0,2257717,2.0,2,4,2,5.0,,-1.0,0,1961.0,A01,138Â 209Â 999,1.0,0.0,-1.0,1723314,2.0,7,,0.0,2.0,3.0,A01,138Â 209Â 999,1.0
1009610,201900051141,6,16,14:06,1,2,2,1.0,3.0,37233,DUCLOS (AVENUE JACQUES),M,"47,3812115","0,7367602",37,2019,50.0,1.0,1.0,4.0,2257718,1.0,1,1,1,5.0,,-1.0,0,1951.0,A01,138Â 209Â 999,1.0,0.0,-1.0,1723313,1.0,7,,0.0,2.0,1.0,B01,138Â 209Â 998,1.0
1009610,201900051141,6,16,14:06,1,2,2,1.0,3.0,37233,DUCLOS (AVENUE JACQUES),M,"47,3812115","0,7367602",37,2019,50.0,1.0,1.0,4.0,2257718,1.0,1,1,1,5.0,,-1.0,0,1951.0,A01,138Â 209Â 999,1.0,0.0,-1.0,1723314,2.0,7,,0.0,2.0,3.0,A01,138Â 209Â 999,1.0
1009611,201900051142,6,15,06:25,1,2,2,1.0,3.0,37233,STALINGRAD (AVENUE),M,"47,3872700","0,7203200",37,2019,50.0,1.0,1.0,4.0,2257719,2.0,2,4,2,5.0,,-1.0,0,1995.0,B01,138Â 209Â 997,1.0,8.0,-1.0,1723315,1.0,7,,0.0,2.0,1.0,A01,138Â 209Â 996,1.0
1009611,201900051142,6,15,06:25,1,2,2,1.0,3.0,37233,STALINGRAD (AVENUE),M,"47,3872700","0,7203200",37,2019,50.0,1.0,1.0,4.0,2257719,2.0,2,4,2,5.0,,-1.0,0,1995.0,B01,138Â 209Â 997,1.0,8.0,-1.0,1723316,2.0,7,,0.0,2.0,7.0,B01,138Â 209Â 997,1.0
1009611,201900051142,6,15,06:25,1,2,2,1.0,3.0,37233,STALINGRAD (AVENUE),M,"47,3872700","0,7203200",37,2019,50.0,1.0,1.0,4.0,2257720,1.0,1,1,1,5.0,,-1.0,0,1991.0,B01,138Â 209Â 997,1.0,8.0,-1.0,1723315,1.0,7,,0.0,2.0,1.0,A01,138Â 209Â 996,1.0
1009611,201900051142,6,15,06:25,1,2,2,1.0,3.0,37233,STALINGRAD (AVENUE),M,"47,3872700","0,7203200",37,2019,50.0,1.0,1.0,4.0,2257720,1.0,1,1,1,5.0,,-1.0,0,1991.0,B01,138Â 209Â 997,1.0,8.0,-1.0,1723316,2.0,7,,0.0,2.0,7.0,B01,138Â 209Â 997,1.0
1009612,201900051143,6,14,23:00,5,2,2,1.0,6.0,37261,DEVILDE (RUE),M,"47,4112900","0,6913600",37,2019,50.0,1.0,1.0,4.0,2257721,1.0,1,4,1,5.0,,-1.0, -1,1997.0,A01,138Â 209Â 995,2.0,8.0,-1.0,1723317,3.0,33,,1.0,0.0,2.0,A01,138Â 209Â 995,1.0
1009613,201900051144,6,14,19:35,1,2,1,1.0,6.0,37261,ALOUETTE (AVENUE),M,"47,3622423","0,6957165",37,2019,50.0,1.0,1.0,3.0,2257722,1.0,1,4,1,5.0,,-1.0,0,1931.0,A01,138Â 209Â 994,1.0,8.0,-1.0,1723318,1.0,7,,4.0,0.0,1.0,A01,138Â 209Â 994,1.0
1009614,201900051145,6,14,11:40,1,2,1,1.0,6.0,37261,VAILLANT (RUE EDOUARD),M,"47,3773235","0,7128037",37,2019,50.0,1.0,1.0,4.0,2257723,1.0,1,1,1,4.0,,-1.0,0,1977.0,A01,138Â 209Â 993,1.0,8.0,-1.0,1723319,1.0,7,,0.0,1.0,6.0,A01,138Â 209Â 993,1.0
1009614,201900051145,6,14,11:40,1,2,1,1.0,6.0,37261,VAILLANT (RUE EDOUARD),M,"47,3773235","0,7128037",37,2019,50.0,1.0,1.0,4.0,2257724,10.0,3,4,2,5.0,,1.0,3,1956.0,A01,138Â 209Â 993,8.0,0.0,-1.0,1723319,1.0,7,,0.0,1.0,6.0,A01,138Â 209Â 993,1.0
1009615,201900051146,6,13,14:25,1,2,1,1.0,6.0,37214,DE GAULLE (BD CHARLES),M,"47,4154861","0,6684658",37,2019,50.0,2.0,1.0,4.0,2257725,1.0,1,4,1,3.0,,-1.0,0,1948.0,A01,138Â 209Â 992,1.0,8.0,-1.0,1723320,1.0,7,,2.0,0.0,1.0,A01,138Â 209Â 992,1.0
1009616,201900051147,6,12,13:25,1,2,1,3.0,6.0,37261,ALOUETTE (AVENUE),M,"47,3628928","0,6968333",37,2019,50.0,1.0,2.0,3.0,2257726,1.0,1,4,2,1.0,,-1.0,0,1997.0,A01,138Â 209Â 991,1.0,8.0,-1.0,1723321,2.0,7,,4.0,0.0,3.0,A01,138Â 209Â 991,1.0
1009617,201900051148,6,12,09:51,1,2,3,2.0,3.0,37261,MAINE (RUE DU),M,"47,4256289","0,6795383",37,2019,50.0,1.0,2.0,4.0,2257727,2.0,2,4,2,0.0,,-1.0,0,1992.0,B01,138Â 209Â 989,1.0,0.0,-1.0,1723322,3.0,7,,0.0,2.0,3.0,B01,138Â 209Â 989,1.0
1009617,201900051148,6,12,09:51,1,2,3,2.0,3.0,37261,MAINE (RUE DU),M,"47,4256289","0,6795383",37,2019,50.0,1.0,2.0,4.0,2257727,2.0,2,4,2,0.0,,-1.0,0,1992.0,B01,138Â 209Â 989,1.0,0.0,-1.0,1723323,3.0,7,,0.0,2.0,2.0,A01,138Â 209Â 990,1.0
1009617,201900051148,6,12,09:51,1,2,3,2.0,3.0,37261,MAINE (RUE DU),M,"47,4256289","0,6795383",37,2019,50.0,1.0,2.0,4.0,2257728,1.0,1,4,2,0.0,,-1.0,0,1966.0,B01,138Â 209Â 989,1.0,0.0,-1.0,1723322,3.0,7,,0.0,2.0,3.0,B01,138Â 209Â 989,1.0
1009617,201900051148,6,12,09:51,1,2,3,2.0,3.0,37261,MAINE (RUE DU),M,"47,4256289","0,6795383",37,2019,50.0,1.0,2.0,4.0,2257728,1.0,1,4,2,0.0,,-1.0,0,1966.0,B01,138Â 209Â 989,1.0,0.0,-1.0,1723323,3.0,7,,0.0,2.0,2.0,A01,138Â 209Â 990,1.0
1009617,201900051148,6,12,09:51,1,2,3,2.0,3.0,37261,MAINE (RUE DU),M,"47,4256289","0,6795383",37,2019,50.0,1.0,2.0,4.0,2257729,1.0,1,1,2,0.0,,-1.0,0,1949.0,A01,138Â 209Â 990,1.0,0.0,-1.0,1723322,3.0,7,,0.0,2.0,3.0,B01,138Â 209Â 989,1.0