Unnamed: 0_x,num_acc,mois,jour,hrmn,lum,agg,int,atm,col,com,adr,gps,lat,long,dep,annee,vma,situ,surf,catr,Unnamed: 0_y,place,catu,grav,sexe,trajet,secu,locp,actp,an_nais,num_veh_x,id_vehicule_x,secu1,secu2,secu3,Unnamed: 0,senc,catv,occutc,obs,obsm,choc,num_veh_y,id_vehicule_y,motor
1009617,201900051148,6,12,09:51,1,2,3,2.0,3.0,37261,MAINE (RUE DU),M,"47,4256289","0,6795383",37,2019,50.0,1.0,2.0,4.0,2257729,1.0,1,1,2,0.0,,-1.0,0,1949.0,A01,138Â 209Â 990,1.0,0.0,-1.0,1723323,3.0,7,,0.0,2.0,2.0,A01,138Â 209Â 990,1.0
1009618,201900051149,6,10,21:00,2,2,1,1.0,3.0,37261,ROUGE (RUE JACQUES-MARIE),M,"47,3837954","0,6973357",37,2019,50.0,1.0,1.0,4.0,2257730,1.0,1,1,2,9.0,,-1.0,0,1973.0,B01,138Â 209Â 987,1.0,0.0,-1.0,1723324,3.0,7,,0.0,2.0,7.0,B01,138Â 209Â 987,1.0
1009618,201900051149,6,10,21:00,2,2,1,1.0,3.0,37261,ROUGE (RUE JACQUES-MARIE),M,"47,3837954","0,6973357",37,2019,50.0,1.0,1.0,4.0,2257730,1.0,1,1,2,9.0,,-1.0,0,1973.0,B01,138Â 209Â 987,1.0,0.0,-1.0,1723325,3.0,7,,0.0,2.0,3.0,A01,138Â 209Â 988,1.0
1009618,201900051149,6,10,21:00,2,2,1,1.0,3.0,37261,ROUGE (RUE JACQUES-MARIE),M,"47,3837954","0,6973357",37,2019,50.0,1.0,1.0,4.0,2257731,2.0,2,4,2,9.0,,-1.0,0,1998.0,B01,138Â 209Â 987,1.0,0.0,-1.0,1723324,3.0,7,,0.0,2.0,7.0,B01,138Â 209Â 987,1.0
1009618,201900051149,6,10,21:00,2,2,1,1.0,3.0,37261,ROUGE (RUE JACQUES-MARIE),M,"47,3837954","0,6973357",37,2019,50.0,1.0,1.0,4.0,2257731,2.0,2,4,2,9.0,,-1.0,0,1998.0,B01,138Â 209Â 987,1.0,0.0,-1.0,1723325,3.0,7,,0.0,2.0,3.0,A01,138Â 209Â 988,1.0
1009619,201900051150,6,10,18:25,1,2,1,1.0,6.0,37261,BREL (RUE JACQUES),M,"47,4333800","0,6989300",37,2019,50.0,1.0,2.0,4.0,2257732,1.0,1,4,1,5.0,,-1.0,0,1999.0,A01,138Â 209Â 986,1.0,8.0,-1.0,1723326,1.0,7,,2.0,0.0,2.0,A01,138Â 209Â 986,1.0
1009620,201900051151,6,9,16:05,1,2,3,1.0,3.0,37261,BOISDENIER (RUE DE),M,"47,3843603","0,6830360",37,2019,50.0,1.0,1.0,4.0,2257733,1.0,1,4,1,0.0,,-1.0,0,1996.0,A01,138Â 209Â 984,2.0,8.0,-1.0,1723327,2.0,30,,0.0,2.0,2.0,A01,138Â 209Â 984,1.0
1009620,201900051151,6,9,16:05,1,2,3,1.0,3.0,37261,BOISDENIER (RUE DE),M,"47,3843603","0,6830360",37,2019,50.0,1.0,1.0,4.0,2257733,1.0,1,4,1,0.0,,-1.0,0,1996.0,A01,138Â 209Â 984,2.0,8.0,-1.0,1723328,1.0,7,,0.0,2.0,6.0,B01,138Â 209Â 985,1.0
1009620,201900051151,6,9,16:05,1,2,3,1.0,3.0,37261,BOISDENIER (RUE DE),M,"47,3843603","0,6830360",37,2019,50.0,1.0,1.0,4.0,2257734,1.0,1,1,1,0.0,,-1.0,0,1988.0,B01,138Â 209Â 985,1.0,0.0,-1.0,1723327,2.0,30,,0.0,2.0,2.0,A01,138Â 209Â 984,1.0
1009620,201900051151,6,9,16:05,1,2,3,1.0,3.0,37261,BOISDENIER (RUE DE),M,"47,3843603","0,6830360",37,2019,50.0,1.0,1.0,4.0,2257734,1.0,1,1,1,0.0,,-1.0,0,1988.0,B01,138Â 209Â 985,1.0,0.0,-1.0,1723328,1.0,7,,0.0,2.0,6.0,B01,138Â 209Â 985,1.0
1009621,201900051152,6,9,17:07,1,2,1,1.0,7.0,37261,DANIEL MAYER,M,"47,4185828","0,6900273",37,2019,50.0,1.0,1.0,4.0,2257735,1.0,1,4,1,0.0,,-1.0,0,1975.0,A01,138Â 209Â 983,1.0,0.0,-1.0,1723329,3.0,7,,0.0,0.0,0.0,A01,138Â 209Â 983,1.0
1009622,201900051153,6,7,10:23,1,2,1,2.0,7.0,37122,RD 37,M,"47,3737246","0,6526921",37,2019,90.0,1.0,2.0,3.0,2257736,1.0,1,4,2,5.0,,-1.0,0,1994.0,A01,138Â 209Â 982,1.0,0.0,-1.0,1723330,2.0,7,,0.0,0.0,1.0,A01,138Â 209Â 982,1.0
1009623,201900051154,6,7,09:40,1,2,1,3.0,3.0,37261,PONT CHER (AVENUE DE),M,"47,3689062","0,6765911",37,2019,50.0,1.0,2.0,4.0,2257737,1.0,1,4,1,1.0,,-1.0,0,1975.0,A01,138Â 209Â 980,1.0,0.0,-1.0,1723331,3.0,15,,0.0,2.0,7.0,A01,138Â 209Â 980,1.0
1009623,201900051154,6,7,09:40,1,2,1,3.0,3.0,37261,PONT CHER (AVENUE DE),M,"47,3689062","0,6765911",37,2019,50.0,1.0,2.0,4.0,2257737,1.0,1,4,1,1.0,,-1.0,0,1975.0,A01,138Â 209Â 980,1.0,0.0,-1.0,1723332,3.0,7,,0.0,2.0,2.0,B01,138Â 209Â 981,1.0
1009623,201900051154,6,7,09:40,1,2,1,3.0,3.0,37261,PONT CHER (AVENUE DE),M,"47,3689062","0,6765911",37,2019,50.0,1.0,2.0,4.0,2257738,1.0,1,1,1,1.0,,-1.0,0,1973.0,B01,138Â 209Â 981,1.0,0.0,-1.0,1723331,3.0,15,,0.0,2.0,7.0,A01,138Â 209Â 980,1.0
1009623,201900051154,6,7,09:40,1,2,1,3.0,3.0,37261,PONT CHER (AVENUE DE),M,"47,3689062","0,6765911",37,2019,50.0,1.0,2.0,4.0,2257738,1.0,1,1,1,1.0,,-1.0,0,1973.0,B01,138Â 209Â 981,1.0,0.0,-1.0,1723332,3.0,7,,0.0,2.0,2.0,B01,138Â 209Â 981,1.0
1009624,201900051155,6,6,07:37,1,2,1,1.0,6.0,37122,RD 37,M,"47,3418850","0,6480866",37,2019,90.0,1.0,1.0,3.0,2257739,1.0,1,4,2,1.0,,-1.0,0,1992.0,A01,138Â 209Â 979,1.0,0.0,-1.0,1723333,1.0,7,,4.0,0.0,1.0,A01,138Â 209Â 979,1.0
1009625,201900051156,6,5,16:10,1,2,1,8.0,6.0,37261,BOISDENIER (RUE DE),M,"47,3840994","0,6895680",37,2019,50.0,1.0,2.0,4.0,2257740,10.0,3,4,1,9.0,,3.0,3,2009.0,A01,138Â 209Â 978,8.0,0.0,-1.0,1723334,2.0,7,,0.0,1.0,1.0,A01,138Â 209Â 978,1.0
1009625,201900051156,6,5,16:10,1,2,1,8.0,6.0,37261,BOISDENIER (RUE DE),M,"47,3840994","0,6895680",37,2019,50.0,1.0,2.0,4.0,2257741,1.0,1,1,1,5.0,,0.0,0,1963.0,A01,138Â 209Â 978,1.0,8.0,-1.0,1723334,2.0,7,,0.0,1.0,1.0,A01,138Â 209Â 978,1.0
1009626,201900051157,6,5,12:10,1,2,1,3.0,6.0,37261,TRIBUT (RUE MARCEL),M,"47,3894000","0,6976700",37,2019,50.0,1.0,2.0,4.0,2257742,10.0,3,4,2,4.0,,0.0,9,1991.0,A01,138Â 209Â 977,8.0,0.0,-1.0,1723335,2.0,7,,0.0,1.0,2.0,A01,138Â 209Â 977,1.0
1009626,201900051157,6,5,12:10,1,2,1,3.0,6.0,37261,TRIBUT (RUE MARCEL),M,"47,3894000","0,6976700",37,2019,50.0,1.0,2.0,4.0,2257743,1.0,1,1,2,1.0,,-1.0,0,1994.0,A01,138Â 209Â 977,1.0,8.0,-1.0,1723335,2.0,7,,0.0,1.0,2.0,A01,138Â 209Â 977,1.0
1009627,201900051158,6,4,18:00,1,2,1,1.0,6.0,37261,PROUDHON (AVENUE),M,"47,3946345","0,6700816",37,2019,50.0,1.0,1.0,4.0,2257744,1.0,1,1,1,5.0,,-1.0,0,1957.0,C01,138Â 209Â 974,1.0,8.0,-1.0,1723336,1.0,7,,0.0,2.0,1.0,C01,138Â 209Â 974,1.0
1009627,201900051158,6,4,18:00,1,2,1,1.0,6.0,37261,PROUDHON (AVENUE),M,"47,3946345","0,6700816",37,2019,50.0,1.0,1.0,4.0,2257744,1.0,1,1,1,5.0,,-1.0,0,1957.0,C01,138Â 209Â 974,1.0,8.0,-1.0,1723337,2.0,7,,0.0,2.0,8.0,B01,138Â 209Â 975,1.0
1009627,201900051158,6,4,18:00,1,2,1,1.0,6.0,37261,PROUDHON (AVENUE),M,"47,3946345","0,6700816",37,2019,50.0,1.0,1.0,4.0,2257744,1.0,1,1,1,5.0,,-1.0,0,1957.0,C01,138Â 209Â 974,1.0,8.0,-1.0,1723338,1.0,33,,0.0,2.0,1.0,A01,138Â 209Â 976,1.0
1009627,201900051158,6,4,18:00,1,2,1,1.0,6.0,37261,PROUDHON (AVENUE),M,"47,3946345","0,6700816",37,2019,50.0,1.0,1.0,4.0,2257745,1.0,1,1,1,5.0,,-1.0,0,1985.0,B01,138Â 209Â 975,1.0,8.0,-1.0,1723336,1.0,7,,0.0,2.0,1.0,C01,138Â 209Â 974,1.0
1009627,201900051158,6,4,18:00,1,2,1,1.0,6.0,37261,PROUDHON (AVENUE),M,"47,3946345","0,6700816",37,2019,50.0,1.0,1.0,4.0,2257745,1.0,1,1,1,5.0,,-1.0,0,1985.0,B01,138Â 209Â 975,1.0,8.0,-1.0,1723337,2.0,7,,0.0,2.0,8.0,B01,138Â 209Â 975,1.0
1009627,201900051158,6,4,18:00,1,2,1,1.0,6.0,37261,PROUDHON (AVENUE),M,"47,3946345","0,6700816",37,2019,50.0,1.0,1.0,4.0,2257745,1.0,1,1,1,5.0,,-1.0,0,1985.0,B01,138Â 209Â 975,1.0,8.0,-1.0,1723338,1.0,33,,0.0,2.0,1.0,A01,138Â 209Â 976,1.0
1009627,201900051158,6,4,18:00,1,2,1,1.0,6.0,37261,PROUDHON (AVENUE),M,"47,3946345","0,6700816",37,2019,50.0,1.0,1.0,4.0,2257746,1.0,1,4,1,5.0,,-1.0,0,1993.0,A01,138Â 209Â 976,2.0,8.0,-1.0,1723336,1.0,7,,0.0,2.0,1.0,C01,138Â 209Â 974,1.0
1009627,201900051158,6,4,18:00,1,2,1,1.0,6.0,37261,PROUDHON (AVENUE),M,"47,3946345","0,6700816",37,2019,50.0,1.0,1.0,4.0,2257746,1.0,1,4,1,5.0,,-1.0,0,1993.0,A01,138Â 209Â 976,2.0,8.0,-1.0,1723337,2.0,7,,0.0,2.0,8.0,B01,138Â 209Â 975,1.0
1009627,201900051158,6,4,18:00,1,2,1,1.0,6.0,37261,PROUDHON (AVENUE),M,"47,3946345","0,6700816",37,2019,50.0,1.0,1.0,4.0,2257746,1.0,1,4,1,5.0,,-1.0,0,1993.0,A01,138Â 209Â 976,2.0,8.0,-1.0,1723338,1.0,33,,0.0,2.0,1.0,A01,138Â 209Â 976,1.0
1009628,201900051159,6,3,16:00,1,2,2,1.0,3.0,37261,CLUZEL (RUE DU),M,"47,3825745","0,6848018",37,2019,50.0,1.0,1.0,4.0,2257747,1.0,1,4,2,2.0,,-1.0,0,1998.0,A01,138Â 209Â 972,8.0,0.0,-1.0,1723339,1.0,1,,0.0,2.0,2.0,A01,138Â 209Â 972,5.0
1009628,201900051159,6,3,16:00,1,2,2,1.0,3.0,37261,CLUZEL (RUE DU),M,"47,3825745","0,6848018",37,2019,50.0,1.0,1.0,4.0,2257747,1.0,1,4,2,2.0,,-1.0,0,1998.0,A01,138Â 209Â 972,8.0,0.0,-1.0,1723340,1.0,7,,0.0,2.0,3.0,B01,138Â 209Â 973,1.0
1009628,201900051159,6,3,16:00,1,2,2,1.0,3.0,37261,CLUZEL (RUE DU),M,"47,3825745","0,6848018",37,2019,50.0,1.0,1.0,4.0,2257748,1.0,1,1,2,5.0,,-1.0,0,1984.0,B01,138Â 209Â 973,1.0,8.0,-1.0,1723339,1.0,1,,0.0,2.0,2.0,A01,138Â 209Â 972,5.0
1009628,201900051159,6,3,16:00,1,2,2,1.0,3.0,37261,CLUZEL (RUE DU),M,"47,3825745","0,6848018",37,2019,50.0,1.0,1.0,4.0,2257748,1.0,1,1,2,5.0,,-1.0,0,1984.0,B01,138Â 209Â 973,1.0,8.0,-1.0,1723340,1.0,7,,0.0,2.0,3.0,B01,138Â 209Â 973,1.0
1009629,201900051160,6,2,17:01,1,2,1,1.0,5.0,37261,BERT (QUAI PAUL),M,"47,4016918","0,6887643",37,2019,50.0,1.0,1.0,4.0,2257749,1.0,1,1,1,0.0,,-1.0,0,1971.0,C01,138Â 209Â 969,1.0,0.0,-1.0,1723341,2.0,7,,0.0,2.0,1.0,C01,138Â 209Â 969,1.0
1009629,201900051160,6,2,17:01,1,2,1,1.0,5.0,37261,BERT (QUAI PAUL),M,"47,4016918","0,6887643",37,2019,50.0,1.0,1.0,4.0,2257749,1.0,1,1,1,0.0,,-1.0,0,1971.0,C01,138Â 209Â 969,1.0,0.0,-1.0,1723342,1.0,7,,0.0,2.0,6.0,B01,138Â 209Â 970,1.0
1009629,201900051160,6,2,17:01,1,2,1,1.0,5.0,37261,BERT (QUAI PAUL),M,"47,4016918","0,6887643",37,2019,50.0,1.0,1.0,4.0,2257749,1.0,1,1,1,0.0,,-1.0,0,1971.0,C01,138Â 209Â 969,1.0,0.0,-1.0,1723343,1.0,33,,0.0,2.0,1.0,A01,138Â 209Â 971,1.0
1009629,201900051160,6,2,17:01,1,2,1,1.0,5.0,37261,BERT (QUAI PAUL),M,"47,4016918","0,6887643",37,2019,50.0,1.0,1.0,4.0,2257750,1.0,1,1,1,0.0,,-1.0,0,1994.0,B01,138Â 209Â 970,1.0,0.0,-1.0,1723341,2.0,7,,0.0,2.0,1.0,C01,138Â 209Â 969,1.0
1009629,201900051160,6,2,17:01,1,2,1,1.0,5.0,37261,BERT (QUAI PAUL),M,"47,4016918","0,6887643",37,2019,50.0,1.0,1.0,4.0,2257750,1.0,1,1,1,0.0,,-1.0,0,1994.0,B01,138Â 209Â 970,1.0,0.0,-1.0,1723342,1.0,7,,0.0,2.0,6.0,B01,138Â 209Â 970,1.0
1009629,201900051160,6,2,17:01,1,2,1,1.0,5.0,37261,BERT (QUAI PAUL),M,"47,4016918","0,6887643",37,2019,50.0,1.0,1.0,4.0,2257750,1.0,1,1,1,0.0,,-1.0,0,1994.0,B01,138Â 209Â 970,1.0,0.0,-1.0,1723343,1.0,33,,0.0,2.0,1.0,A01,138Â 209Â 971,1.0
1009629,201900051160,6,2,17:01,1,2,1,1.0,5.0,37261,BERT (QUAI PAUL),M,"47,4016918","0,6887643",37,2019,50.0,1.0,1.0,4.0,2257751,1.0,1,3,1,0.0,,-1.0,0,1991.0,A01,138Â 209Â 971,2.0,6.0,-1.0,1723341,2.0,7,,0.0,2.0,1.0,C01,138Â 209Â 969,1.0
1009629,201900051160,6,2,17:01,1,2,1,1.0,5.0,37261,BERT (QUAI PAUL),M,"47,4016918","0,6887643",37,2019,50.0,1.0,1.0,4.0,2257751,1.0,1,3,1,0.0,,-1.0,0,1991.0,A01,138Â 209Â 971,2.0,6.0,-1.0,1723342,1.0,7,,0.0,2.0,6.0,B01,138Â 209Â 970,1.0
1009629,201900051160,6,2,17:01,1,2,1,1.0,5.0,37261,BERT (QUAI PAUL),M,"47,4016918","0,6887643",37,2019,50.0,1.0,1.0,4.0,2257751,1.0,1,3,1,0.0,,-1.0,0,1991.0,A01,138Â 209Â 971,2.0,6.0,-1.0,1723343,1.0,33,,0.0,2.0,1.0,A01,138Â 209Â 971,1.0
1009630,201900051161,6,2,09:20,1,2,1,1.0,7.0,37233,FOUSSIER (IMPASSE ANDRE),M,"47,3914500","0,7129800",37,2019,50.0,1.0,1.0,4.0,2257752,1.0,1,4,2,5.0,,-1.0,0,1960.0,A01,138Â 209Â 968,8.0,0.0,-1.0,1723344,1.0,1,,0.0,0.0,8.0,A01,138Â 209Â 968,5.0
1009631,201900051162,6,1,15:05,1,2,3,1.0,5.0,37261,MAINE (RUE DU),M,"47,4256278","0,6795265",37,2019,50.0,1.0,1.0,4.0,2257753,1.0,1,1,1,4.0,,-1.0,0,1979.0,A01,138Â 209Â 965,1.0,8.0,-1.0,1723345,1.0,10,,0.0,2.0,1.0,A01,138Â 209Â 965,1.0
1009631,201900051162,6,1,15:05,1,2,3,1.0,5.0,37261,MAINE (RUE DU),M,"47,4256278","0,6795265",37,2019,50.0,1.0,1.0,4.0,2257753,1.0,1,1,1,4.0,,-1.0,0,1979.0,A01,138Â 209Â 965,1.0,8.0,-1.0,1723346,1.0,7,,0.0,2.0,4.0,B01,138Â 209Â 966,1.0
1009631,201900051162,6,1,15:05,1,2,3,1.0,5.0,37261,MAINE (RUE DU),M,"47,4256278","0,6795265",37,2019,50.0,1.0,1.0,4.0,2257753,1.0,1,1,1,4.0,,-1.0,0,1979.0,A01,138Â 209Â 965,1.0,8.0,-1.0,1723347,1.0,7,,0.0,2.0,6.0,C01,138Â 209Â 967,1.0
1009631,201900051162,6,1,15:05,1,2,3,1.0,5.0,37261,MAINE (RUE DU),M,"47,4256278","0,6795265",37,2019,50.0,1.0,1.0,4.0,2257754,2.0,2,4,2,3.0,,-1.0,0,1997.0,B01,138Â 209Â 966,1.0,0.0,-1.0,1723345,1.0,10,,0.0,2.0,1.0,A01,138Â 209Â 965,1.0
1009631,201900051162,6,1,15:05,1,2,3,1.0,5.0,37261,MAINE (RUE DU),M,"47,4256278","0,6795265",37,2019,50.0,1.0,1.0,4.0,2257754,2.0,2,4,2,3.0,,-1.0,0,1997.0,B01,138Â 209Â 966,1.0,0.0,-1.0,1723346,1.0,7,,0.0,2.0,4.0,B01,138Â 209Â 966,1.0
1009631,201900051162,6,1,15:05,1,2,3,1.0,5.0,37261,MAINE (RUE DU),M,"47,4256278","0,6795265",37,2019,50.0,1.0,1.0,4.0,2257754,2.0,2,4,2,3.0,,-1.0,0,1997.0,B01,138Â 209Â 966,1.0,0.0,-1.0,1723347,1.0,7,,0.0,2.0,6.0,C01,138Â 209Â 967,1.0
1009631,201900051162,6,1,15:05,1,2,3,1.0,5.0,37261,MAINE (RUE DU),M,"47,4256278","0,6795265",37,2019,50.0,1.0,1.0,4.0,2257755,1.0,1,1,1,3.0,,-1.0,0,1998.0,B01,138Â 209Â 966,1.0,8.0,-1.0,1723345,1.0,10,,0.0,2.0,1.0,A01,138Â 209Â 965,1.0
1009631,201900051162,6,1,15:05,1,2,3,1.0,5.0,37261,MAINE (RUE DU),M,"47,4256278","0,6795265",37,2019,50.0,1.0,1.0,4.0,2257755,1.0,1,1,1,3.0,,-1.0,0,1998.0,B01,138Â 209Â 966,1.0,8.0,-1.0,1723346,1.0,7,,0.0,2.0,4.0,B01,138Â 209Â 966,1.0
1009631,201900051162,6,1,15:05,1,2,3,1.0,5.0,37261,MAINE (RUE DU),M,"47,4256278","0,6795265",37,2019,50.0,1.0,1.0,4.0,2257755,1.0,1,1,1,3.0,,-1.0,0,1998.0,B01,138Â 209Â 966,1.0,8.0,-1.0,1723347,1.0,7,,0.0,2.0,6.0,C01,138Â 209Â 967,1.0
1009631,201900051162,6,1,15:05,1,2,3,1.0,5.0,37261,MAINE (RUE DU),M,"47,4256278","0,6795265",37,2019,50.0,1.0,1.0,4.0,2257756,1.0,1,1,1,3.0,,-1.0,0,1997.0,C01,138Â 209Â 967,1.0,8.0,-1.0,1723345,1.0,10,,0.0,2.0,1.0,A01,138Â 209Â 965,1.0
1009631,201900051162,6,1,15:05,1,2,3,1.0,5.0,37261,MAINE (RUE DU),M,"47,4256278","0,6795265",37,2019,50.0,1.0,1.0,4.0,2257756,1.0,1,1,1,3.0,,-1.0,0,1997.0,C01,138Â 209Â 967,1.0,8.0,-1.0,1723346,1.0,7,,0.0,2.0,4.0,B01,138Â 209Â 966,1.0
1009631,201900051162,6,1,15:05,1,2,3,1.0,5.0,37261,MAINE (RUE DU),M,"47,4256278","0,6795265",37,2019,50.0,1.0,1.0,4.0,2257756,1.0,1,1,1,3.0,,-1.0,0,1997.0,C01,138Â 209Â 967,1.0,8.0,-1.0,1723347,1.0,7,,0.0,2.0,6.0,C01,138Â 209Â 967,1.0
1009632,201900051163,6,1,06:50,1,2,1,1.0,7.0,37261,PROUDHON (AVENUE),M,"47,3947148","0,6704221",37,2019,50.0,1.0,1.0,3.0,2257757,2.0,2,1,1,5.0,,-1.0,0,1999.0,A01,138Â 209Â 964,1.0,8.0,-1.0,1723348,1.0,7,,12.0,0.0,2.0,A01,138Â 209Â 964,1.0
1009632,201900051163,6,1,06:50,1,2,1,1.0,7.0,37261,PROUDHON (AVENUE),M,"47,3947148","0,6704221",37,2019,50.0,1.0,1.0,3.0,2257758,1.0,1,4,1,5.0,,-1.0,0,1997.0,A01,138Â 209Â 964,8.0,0.0,-1.0,1723348,1.0,7,,12.0,0.0,2.0,A01,138Â 209Â 964,1.0
1009633,201900051164,5,31,12:34,1,2,1,1.0,2.0,37122,CHINON (BOULEVARD DE),M,"47,3503436","0,6768490",37,2019,50.0,1.0,1.0,4.0,2257759,1.0,1,4,2,0.0,,-1.0,0,1949.0,B01,138Â 209Â 962,1.0,0.0,-1.0,1723349,3.0,7,,0.0,2.0,4.0,B01,138Â 209Â 962,1.0
1009633,201900051164,5,31,12:34,1,2,1,1.0,2.0,37122,CHINON (BOULEVARD DE),M,"47,3503436","0,6768490",37,2019,50.0,1.0,1.0,4.0,2257759,1.0,1,4,2,0.0,,-1.0,0,1949.0,B01,138Â 209Â 962,1.0,0.0,-1.0,1723350,3.0,7,,0.0,2.0,1.0,A01,138Â 209Â 963,1.0
1009633,201900051164,5,31,12:34,1,2,1,1.0,2.0,37122,CHINON (BOULEVARD DE),M,"47,3503436","0,6768490",37,2019,50.0,1.0,1.0,4.0,2257760,1.0,1,1,1,0.0,,-1.0,0,1985.0,A01,138Â 209Â 963,1.0,0.0,-1.0,1723349,3.0,7,,0.0,2.0,4.0,B01,138Â 209Â 962,1.0
1009633,201900051164,5,31,12:34,1,2,1,1.0,2.0,37122,CHINON (BOULEVARD DE),M,"47,3503436","0,6768490",37,2019,50.0,1.0,1.0,4.0,2257760,1.0,1,1,1,0.0,,-1.0,0,1985.0,A01,138Â 209Â 963,1.0,0.0,-1.0,1723350,3.0,7,,0.0,2.0,1.0,A01,138Â 209Â 963,1.0
1009634,201900051165,5,30,18:00,1,2,2,1.0,2.0,37233,PERI (RUE GABRIEL),M,"47,3897800","0,7152000",37,2019,50.0,1.0,1.0,4.0,2257761,4.0,2,1,1,5.0,,-1.0,0,1997.0,B01,138Â 209Â 961,1.0,8.0,-1.0,1723351,1.0,10,,0.0,2.0,1.0,A01,138Â 209Â 960,0.0
1009634,201900051165,5,30,18:00,1,2,2,1.0,2.0,37233,PERI (RUE GABRIEL),M,"47,3897800","0,7152000",37,2019,50.0,1.0,1.0,4.0,2257761,4.0,2,1,1,5.0,,-1.0,0,1997.0,B01,138Â 209Â 961,1.0,8.0,-1.0,1723352,1.0,7,,0.0,2.0,4.0,B01,138Â 209Â 961,1.0
1009634,201900051165,5,30,18:00,1,2,2,1.0,2.0,37233,PERI (RUE GABRIEL),M,"47,3897800","0,7152000",37,2019,50.0,1.0,1.0,4.0,2257762,2.0,2,4,1,5.0,,-1.0,0,1947.0,B01,138Â 209Â 961,1.0,8.0,-1.0,1723351,1.0,10,,0.0,2.0,1.0,A01,138Â 209Â 960,0.0
1009634,201900051165,5,30,18:00,1,2,2,1.0,2.0,37233,PERI (RUE GABRIEL),M,"47,3897800","0,7152000",37,2019,50.0,1.0,1.0,4.0,2257762,2.0,2,4,1,5.0,,-1.0,0,1947.0,B01,138Â 209Â 961,1.0,8.0,-1.0,1723352,1.0,7,,0.0,2.0,4.0,B01,138Â 209Â 961,1.0
1009634,201900051165,5,30,18:00,1,2,2,1.0,2.0,37233,PERI (RUE GABRIEL),M,"47,3897800","0,7152000",37,2019,50.0,1.0,1.0,4.0,2257763,1.0,1,1,2,5.0,,-1.0,0,1954.0,B01,138Â 209Â 961,1.0,8.0,-1.0,1723351,1.0,10,,0.0,2.0,1.0,A01,138Â 209Â 960,0.0
1009634,201900051165,5,30,18:00,1,2,2,1.0,2.0,37233,PERI (RUE GABRIEL),M,"47,3897800","0,7152000",37,2019,50.0,1.0,1.0,4.0,2257763,1.0,1,1,2,5.0,,-1.0,0,1954.0,B01,138Â 209Â 961,1.0,8.0,-1.0,1723352,1.0,7,,0.0,2.0,4.0,B01,138Â 209Â 961,1.0
1009634,201900051165,5,30,18:00,1,2,2,1.0,2.0,37233,PERI (RUE GABRIEL),M,"47,3897800","0,7152000",37,2019,50.0,1.0,1.0,4.0,2257764,3.0,2,1,1,5.0,,-1.0,0,1993.0,B01,138Â 209Â 961,1.0,8.0,-1.0,1723351,1.0,10,,0.0,2.0,1.0,A01,138Â 209Â 960,0.0
1009634,201900051165,5,30,18:00,1,2,2,1.0,2.0,37233,PERI (RUE GABRIEL),M,"47,3897800","0,7152000",37,2019,50.0,1.0,1.0,4.0,2257764,3.0,2,1,1,5.0,,-1.0,0,1993.0,B01,138Â 209Â 961,1.0,8.0,-1.0,1723352,1.0,7,,0.0,2.0,4.0,B01,138Â 209Â 961,1.0
1009635,201900051166,5,30,16:00,1,2,2,1.0,3.0,37261,SUEDE (RUE DE),M,"47,4354538","0,6931806",37,2019,50.0,1.0,1.0,4.0,2257765,1.0,1,4,2,5.0,,-1.0,0,1980.0,B01,138Â 209Â 958,8.0,0.0,-1.0,1723353,3.0,7,,0.0,2.0,1.0,B01,138Â 209Â 958,1.0
1009635,201900051166,5,30,16:00,1,2,2,1.0,3.0,37261,SUEDE (RUE DE),M,"47,4354538","0,6931806",37,2019,50.0,1.0,1.0,4.0,2257765,1.0,1,4,2,5.0,,-1.0,0,1980.0,B01,138Â 209Â 958,8.0,0.0,-1.0,1723354,3.0,7,,0.0,2.0,7.0,A01,138Â 209Â 959,1.0
1009635,201900051166,5,30,16:00,1,2,2,1.0,3.0,37261,SUEDE (RUE DE),M,"47,4354538","0,6931806",37,2019,50.0,1.0,1.0,4.0,2257766,1.0,1,1,2,5.0,,-1.0,0,1977.0,A01,138Â 209Â 959,8.0,0.0,-1.0,1723353,3.0,7,,0.0,2.0,1.0,B01,138Â 209Â 958,1.0
1009635,201900051166,5,30,16:00,1,2,2,1.0,3.0,37261,SUEDE (RUE DE),M,"47,4354538","0,6931806",37,2019,50.0,1.0,1.0,4.0,2257766,1.0,1,1,2,5.0,,-1.0,0,1977.0,A01,138Â 209Â 959,8.0,0.0,-1.0,1723354,3.0,7,,0.0,2.0,7.0,A01,138Â 209Â 959,1.0
1009636,201900051167,6,5,17:05,1,1,1,2.0,6.0,36202,16 ROUTE DE CHATELLERAULT,M,"46,7982564","1,6386527",36,2019,50.0,1.0,2.0,4.0,2257767,4.0,2,4,2,9.0,,0.0,0,1981.0,A01,138Â 209Â 957,1.0,8.0,-1.0,1723355,1.0,7,,6.0,0.0,1.0,A01,138Â 209Â 957,1.0
1009636,201900051167,6,5,17:05,1,1,1,2.0,6.0,36202,16 ROUTE DE CHATELLERAULT,M,"46,7982564","1,6386527",36,2019,50.0,1.0,2.0,4.0,2257768,1.0,1,4,1,9.0,,0.0,0,1987.0,A01,138Â 209Â 957,1.0,8.0,-1.0,1723355,1.0,7,,6.0,0.0,1.0,A01,138Â 209Â 957,1.0
1009636,201900051167,6,5,17:05,1,1,1,2.0,6.0,36202,16 ROUTE DE CHATELLERAULT,M,"46,7982564","1,6386527",36,2019,50.0,1.0,2.0,4.0,2257769,2.0,2,4,1,9.0,,0.0,0,1986.0,A01,138Â 209Â 957,1.0,0.0,-1.0,1723355,1.0,7,,6.0,0.0,1.0,A01,138Â 209Â 957,1.0