Unnamed: 0_x,num_acc,mois,jour,hrmn,lum,agg,int,atm,col,com,adr,gps,lat,long,dep,annee,vma,situ,surf,catr,Unnamed: 0_y,place,catu,grav,sexe,trajet,secu,locp,actp,an_nais,num_veh_x,id_vehicule_x,secu1,secu2,secu3,Unnamed: 0,senc,catv,occutc,obs,obsm,choc,num_veh_y,id_vehicule_y,motor
1009637,201900051168,6,4,20:20,1,2,6,1.0,6.0,35288,GREVES DE CHASLES (CARREFOUR),M,"48,6399600"," -2,0087600",35,2019,50.0,1.0,1.0,4.0,2257770,1.0,1,1,1,5.0,,-1.0, -1,1956.0,A01,138Â 209Â 954,1.0,0.0,-1.0,1723356,3.0,7,,0.0,2.0,1.0,A01,138Â 209Â 954,1.0
1009637,201900051168,6,4,20:20,1,2,6,1.0,6.0,35288,GREVES DE CHASLES (CARREFOUR),M,"48,6399600"," -2,0087600",35,2019,50.0,1.0,1.0,4.0,2257770,1.0,1,1,1,5.0,,-1.0, -1,1956.0,A01,138Â 209Â 954,1.0,0.0,-1.0,1723357,3.0,1,,0.0,0.0,0.0,B01,138Â 209Â 955,0.0
1009637,201900051168,6,4,20:20,1,2,6,1.0,6.0,35288,GREVES DE CHASLES (CARREFOUR),M,"48,6399600"," -2,0087600",35,2019,50.0,1.0,1.0,4.0,2257771,1.0,1,3,2,5.0,,-1.0,0,1961.0,B01,138Â 209Â 955,8.0,0.0,-1.0,1723356,3.0,7,,0.0,2.0,1.0,A01,138Â 209Â 954,1.0
1009637,201900051168,6,4,20:20,1,2,6,1.0,6.0,35288,GREVES DE CHASLES (CARREFOUR),M,"48,6399600"," -2,0087600",35,2019,50.0,1.0,1.0,4.0,2257771,1.0,1,3,2,5.0,,-1.0,0,1961.0,B01,138Â 209Â 955,8.0,0.0,-1.0,1723357,3.0,1,,0.0,0.0,0.0,B01,138Â 209Â 955,0.0
1009638,201900051169,6,17,15:45,1,2,9,1.0,3.0,35238,ALMA (DE L'),M,"48,0992600"," -1,6757400",35,2019,50.0,1.0,1.0,4.0,2257772,1.0,1,4,2,0.0,,-1.0,0,1995.0,A01,138Â 209Â 952,8.0,0.0,-1.0,1723358,3.0,1,,0.0,2.0,1.0,A01,138Â 209Â 952,0.0
1009638,201900051169,6,17,15:45,1,2,9,1.0,3.0,35238,ALMA (DE L'),M,"48,0992600"," -1,6757400",35,2019,50.0,1.0,1.0,4.0,2257772,1.0,1,4,2,0.0,,-1.0,0,1995.0,A01,138Â 209Â 952,8.0,0.0,-1.0,1723359,1.0,7,,0.0,2.0,2.0,B01,138Â 209Â 953,1.0
1009638,201900051169,6,17,15:45,1,2,9,1.0,3.0,35238,ALMA (DE L'),M,"48,0992600"," -1,6757400",35,2019,50.0,1.0,1.0,4.0,2257773,1.0,1,1,1,1.0,,-1.0, -1,1970.0,B01,138Â 209Â 953,1.0,0.0,-1.0,1723358,3.0,1,,0.0,2.0,1.0,A01,138Â 209Â 952,0.0
1009638,201900051169,6,17,15:45,1,2,9,1.0,3.0,35238,ALMA (DE L'),M,"48,0992600"," -1,6757400",35,2019,50.0,1.0,1.0,4.0,2257773,1.0,1,1,1,1.0,,-1.0, -1,1970.0,B01,138Â 209Â 953,1.0,0.0,-1.0,1723359,1.0,7,,0.0,2.0,2.0,B01,138Â 209Â 953,1.0
1009639,201900051170,6,14,10:00,1,2,2,1.0,3.0,35238,CHATEAUGIRON (DE),M,"48,0951310"," -1,6375700",35,2019,50.0,1.0,1.0,4.0,2257774,2.0,1,4,1,0.0,,-1.0,0,1960.0,B01,138Â 209Â 950,2.0,0.0,-1.0,1723360,3.0,1,,0.0,2.0,0.0,B01,138Â 209Â 950,5.0
1009639,201900051170,6,14,10:00,1,2,2,1.0,3.0,35238,CHATEAUGIRON (DE),M,"48,0951310"," -1,6375700",35,2019,50.0,1.0,1.0,4.0,2257774,2.0,1,4,1,0.0,,-1.0,0,1960.0,B01,138Â 209Â 950,2.0,0.0,-1.0,1723361,3.0,7,,0.0,2.0,2.0,A01,138Â 209Â 951,0.0
1009639,201900051170,6,14,10:00,1,2,2,1.0,3.0,35238,CHATEAUGIRON (DE),M,"48,0951310"," -1,6375700",35,2019,50.0,1.0,1.0,4.0,2257775,1.0,1,1,1,1.0,,-1.0, -1,1987.0,A01,138Â 209Â 951,8.0,0.0,-1.0,1723360,3.0,1,,0.0,2.0,0.0,B01,138Â 209Â 950,5.0
1009639,201900051170,6,14,10:00,1,2,2,1.0,3.0,35238,CHATEAUGIRON (DE),M,"48,0951310"," -1,6375700",35,2019,50.0,1.0,1.0,4.0,2257775,1.0,1,1,1,1.0,,-1.0, -1,1987.0,A01,138Â 209Â 951,8.0,0.0,-1.0,1723361,3.0,7,,0.0,2.0,2.0,A01,138Â 209Â 951,0.0
1009640,201900051171,6,14,08:45,1,1,1,1.0,4.0,35207,RN157,M,"48,1133400"," -1,5490400",35,2019,90.0,1.0,1.0,2.0,2257776,1.0,1,1,1,4.0,,-1.0, -1,1968.0,D01,138Â 209Â 946,1.0,0.0,-1.0,1723362,1.0,15,,14.0,0.0,4.0,D01,138Â 209Â 946,6.0
1009640,201900051171,6,14,08:45,1,1,1,1.0,4.0,35207,RN157,M,"48,1133400"," -1,5490400",35,2019,90.0,1.0,1.0,2.0,2257776,1.0,1,1,1,4.0,,-1.0, -1,1968.0,D01,138Â 209Â 946,1.0,0.0,-1.0,1723363,1.0,7,,0.0,2.0,4.0,C01,138Â 209Â 947,1.0
1009640,201900051171,6,14,08:45,1,1,1,1.0,4.0,35207,RN157,M,"48,1133400"," -1,5490400",35,2019,90.0,1.0,1.0,2.0,2257776,1.0,1,1,1,4.0,,-1.0, -1,1968.0,D01,138Â 209Â 946,1.0,0.0,-1.0,1723364,1.0,7,,0.0,2.0,4.0,B01,138Â 209Â 948,1.0
1009640,201900051171,6,14,08:45,1,1,1,1.0,4.0,35207,RN157,M,"48,1133400"," -1,5490400",35,2019,90.0,1.0,1.0,2.0,2257776,1.0,1,1,1,4.0,,-1.0, -1,1968.0,D01,138Â 209Â 946,1.0,0.0,-1.0,1723365,1.0,7,,0.0,2.0,1.0,A01,138Â 209Â 949,1.0
1009640,201900051171,6,14,08:45,1,1,1,1.0,4.0,35207,RN157,M,"48,1133400"," -1,5490400",35,2019,90.0,1.0,1.0,2.0,2257777,1.0,1,4,1,0.0,,-1.0, -1,1988.0,C01,138Â 209Â 947,1.0,0.0,-1.0,1723362,1.0,15,,14.0,0.0,4.0,D01,138Â 209Â 946,6.0
1009640,201900051171,6,14,08:45,1,1,1,1.0,4.0,35207,RN157,M,"48,1133400"," -1,5490400",35,2019,90.0,1.0,1.0,2.0,2257777,1.0,1,4,1,0.0,,-1.0, -1,1988.0,C01,138Â 209Â 947,1.0,0.0,-1.0,1723363,1.0,7,,0.0,2.0,4.0,C01,138Â 209Â 947,1.0
1009640,201900051171,6,14,08:45,1,1,1,1.0,4.0,35207,RN157,M,"48,1133400"," -1,5490400",35,2019,90.0,1.0,1.0,2.0,2257777,1.0,1,4,1,0.0,,-1.0, -1,1988.0,C01,138Â 209Â 947,1.0,0.0,-1.0,1723364,1.0,7,,0.0,2.0,4.0,B01,138Â 209Â 948,1.0
1009640,201900051171,6,14,08:45,1,1,1,1.0,4.0,35207,RN157,M,"48,1133400"," -1,5490400",35,2019,90.0,1.0,1.0,2.0,2257777,1.0,1,4,1,0.0,,-1.0, -1,1988.0,C01,138Â 209Â 947,1.0,0.0,-1.0,1723365,1.0,7,,0.0,2.0,1.0,A01,138Â 209Â 949,1.0
1009640,201900051171,6,14,08:45,1,1,1,1.0,4.0,35207,RN157,M,"48,1133400"," -1,5490400",35,2019,90.0,1.0,1.0,2.0,2257778,1.0,1,4,1,0.0,,-1.0, -1,1988.0,B01,138Â 209Â 948,1.0,0.0,-1.0,1723362,1.0,15,,14.0,0.0,4.0,D01,138Â 209Â 946,6.0
1009640,201900051171,6,14,08:45,1,1,1,1.0,4.0,35207,RN157,M,"48,1133400"," -1,5490400",35,2019,90.0,1.0,1.0,2.0,2257778,1.0,1,4,1,0.0,,-1.0, -1,1988.0,B01,138Â 209Â 948,1.0,0.0,-1.0,1723363,1.0,7,,0.0,2.0,4.0,C01,138Â 209Â 947,1.0
1009640,201900051171,6,14,08:45,1,1,1,1.0,4.0,35207,RN157,M,"48,1133400"," -1,5490400",35,2019,90.0,1.0,1.0,2.0,2257778,1.0,1,4,1,0.0,,-1.0, -1,1988.0,B01,138Â 209Â 948,1.0,0.0,-1.0,1723364,1.0,7,,0.0,2.0,4.0,B01,138Â 209Â 948,1.0
1009640,201900051171,6,14,08:45,1,1,1,1.0,4.0,35207,RN157,M,"48,1133400"," -1,5490400",35,2019,90.0,1.0,1.0,2.0,2257778,1.0,1,4,1,0.0,,-1.0, -1,1988.0,B01,138Â 209Â 948,1.0,0.0,-1.0,1723365,1.0,7,,0.0,2.0,1.0,A01,138Â 209Â 949,1.0
1009640,201900051171,6,14,08:45,1,1,1,1.0,4.0,35207,RN157,M,"48,1133400"," -1,5490400",35,2019,90.0,1.0,1.0,2.0,2257779,1.0,1,1,1,0.0,,-1.0,0,1965.0,A01,138Â 209Â 949,1.0,4.0,-1.0,1723362,1.0,15,,14.0,0.0,4.0,D01,138Â 209Â 946,6.0
1009640,201900051171,6,14,08:45,1,1,1,1.0,4.0,35207,RN157,M,"48,1133400"," -1,5490400",35,2019,90.0,1.0,1.0,2.0,2257779,1.0,1,1,1,0.0,,-1.0,0,1965.0,A01,138Â 209Â 949,1.0,4.0,-1.0,1723363,1.0,7,,0.0,2.0,4.0,C01,138Â 209Â 947,1.0
1009640,201900051171,6,14,08:45,1,1,1,1.0,4.0,35207,RN157,M,"48,1133400"," -1,5490400",35,2019,90.0,1.0,1.0,2.0,2257779,1.0,1,1,1,0.0,,-1.0,0,1965.0,A01,138Â 209Â 949,1.0,4.0,-1.0,1723364,1.0,7,,0.0,2.0,4.0,B01,138Â 209Â 948,1.0
1009640,201900051171,6,14,08:45,1,1,1,1.0,4.0,35207,RN157,M,"48,1133400"," -1,5490400",35,2019,90.0,1.0,1.0,2.0,2257779,1.0,1,1,1,0.0,,-1.0,0,1965.0,A01,138Â 209Â 949,1.0,4.0,-1.0,1723365,1.0,7,,0.0,2.0,1.0,A01,138Â 209Â 949,1.0
1009641,201900051172,6,14,08:30,1,2,1,1.0,6.0,35238,PAVIE (AUGUSTE),M,"48,1045640"," -1,6489690",35,2019,50.0,1.0,1.0,4.0,2257780,1.0,1,1,1,4.0,,-1.0, -1,1988.0,A01,138Â 209Â 945,1.0,0.0,-1.0,1723366,3.0,7,,0.0,1.0,3.0,A01,138Â 209Â 945,1.0
1009641,201900051172,6,14,08:30,1,2,1,1.0,6.0,35238,PAVIE (AUGUSTE),M,"48,1045640"," -1,6489690",35,2019,50.0,1.0,1.0,4.0,2257781,10.0,3,4,1,0.0,,3.0,2,2012.0,A01,138Â 209Â 945,0.0,0.0,-1.0,1723366,3.0,7,,0.0,1.0,3.0,A01,138Â 209Â 945,1.0
1009642,201900051173,6,12,12:16,1,1,6,2.0,3.0,35281,DODIN (AVENUE ROGER),M,"48,0870690"," -1,7073590",35,2019,50.0,1.0,2.0,3.0,2257782,1.0,1,1,2,9.0,,-1.0,0,1952.0,A01,138Â 209Â 943,1.0,0.0,-1.0,1723367,1.0,7,,0.0,2.0,2.0,A01,138Â 209Â 943,1.0
1009642,201900051173,6,12,12:16,1,1,6,2.0,3.0,35281,DODIN (AVENUE ROGER),M,"48,0870690"," -1,7073590",35,2019,50.0,1.0,2.0,3.0,2257782,1.0,1,1,2,9.0,,-1.0,0,1952.0,A01,138Â 209Â 943,1.0,0.0,-1.0,1723368,1.0,1,,0.0,2.0,3.0,B01,138Â 209Â 944,5.0
1009642,201900051173,6,12,12:16,1,1,6,2.0,3.0,35281,DODIN (AVENUE ROGER),M,"48,0870690"," -1,7073590",35,2019,50.0,1.0,2.0,3.0,2257783,1.0,1,4,2,1.0,,-1.0,0,2000.0,B01,138Â 209Â 944,8.0,0.0,-1.0,1723367,1.0,7,,0.0,2.0,2.0,A01,138Â 209Â 943,1.0
1009642,201900051173,6,12,12:16,1,1,6,2.0,3.0,35281,DODIN (AVENUE ROGER),M,"48,0870690"," -1,7073590",35,2019,50.0,1.0,2.0,3.0,2257783,1.0,1,4,2,1.0,,-1.0,0,2000.0,B01,138Â 209Â 944,8.0,0.0,-1.0,1723368,1.0,1,,0.0,2.0,3.0,B01,138Â 209Â 944,5.0
1009643,201900051174,6,11,19:00,1,1,1,3.0,4.0,35238,RN136,M,"48,1118400"," -1,7182800",35,2019,90.0,1.0,2.0,2.0,2257784,4.0,2,4,2,9.0,,-1.0, -1,2010.0,C01,138Â 209Â 940,1.0,0.0,-1.0,1723369,1.0,7,,0.0,2.0,4.0,C01,138Â 209Â 940,1.0
1009643,201900051174,6,11,19:00,1,1,1,3.0,4.0,35238,RN136,M,"48,1118400"," -1,7182800",35,2019,90.0,1.0,2.0,2.0,2257784,4.0,2,4,2,9.0,,-1.0, -1,2010.0,C01,138Â 209Â 940,1.0,0.0,-1.0,1723370,1.0,7,,0.0,2.0,4.0,B01,138Â 209Â 941,1.0
1009643,201900051174,6,11,19:00,1,1,1,3.0,4.0,35238,RN136,M,"48,1118400"," -1,7182800",35,2019,90.0,1.0,2.0,2.0,2257784,4.0,2,4,2,9.0,,-1.0, -1,2010.0,C01,138Â 209Â 940,1.0,0.0,-1.0,1723371,1.0,7,,0.0,2.0,1.0,A01,138Â 209Â 942,1.0
1009643,201900051174,6,11,19:00,1,1,1,3.0,4.0,35238,RN136,M,"48,1118400"," -1,7182800",35,2019,90.0,1.0,2.0,2.0,2257785,3.0,2,1,2,0.0,,-1.0, -1,2008.0,C01,138Â 209Â 940,1.0,0.0,-1.0,1723369,1.0,7,,0.0,2.0,4.0,C01,138Â 209Â 940,1.0
1009643,201900051174,6,11,19:00,1,1,1,3.0,4.0,35238,RN136,M,"48,1118400"," -1,7182800",35,2019,90.0,1.0,2.0,2.0,2257785,3.0,2,1,2,0.0,,-1.0, -1,2008.0,C01,138Â 209Â 940,1.0,0.0,-1.0,1723370,1.0,7,,0.0,2.0,4.0,B01,138Â 209Â 941,1.0
1009643,201900051174,6,11,19:00,1,1,1,3.0,4.0,35238,RN136,M,"48,1118400"," -1,7182800",35,2019,90.0,1.0,2.0,2.0,2257785,3.0,2,1,2,0.0,,-1.0, -1,2008.0,C01,138Â 209Â 940,1.0,0.0,-1.0,1723371,1.0,7,,0.0,2.0,1.0,A01,138Â 209Â 942,1.0
1009643,201900051174,6,11,19:00,1,1,1,3.0,4.0,35238,RN136,M,"48,1118400"," -1,7182800",35,2019,90.0,1.0,2.0,2.0,2257786,2.0,2,1,2,9.0,,-1.0, -1,1978.0,C01,138Â 209Â 940,1.0,0.0,-1.0,1723369,1.0,7,,0.0,2.0,4.0,C01,138Â 209Â 940,1.0
1009643,201900051174,6,11,19:00,1,1,1,3.0,4.0,35238,RN136,M,"48,1118400"," -1,7182800",35,2019,90.0,1.0,2.0,2.0,2257786,2.0,2,1,2,9.0,,-1.0, -1,1978.0,C01,138Â 209Â 940,1.0,0.0,-1.0,1723370,1.0,7,,0.0,2.0,4.0,B01,138Â 209Â 941,1.0
1009643,201900051174,6,11,19:00,1,1,1,3.0,4.0,35238,RN136,M,"48,1118400"," -1,7182800",35,2019,90.0,1.0,2.0,2.0,2257786,2.0,2,1,2,9.0,,-1.0, -1,1978.0,C01,138Â 209Â 940,1.0,0.0,-1.0,1723371,1.0,7,,0.0,2.0,1.0,A01,138Â 209Â 942,1.0
1009643,201900051174,6,11,19:00,1,1,1,3.0,4.0,35238,RN136,M,"48,1118400"," -1,7182800",35,2019,90.0,1.0,2.0,2.0,2257787,1.0,1,1,1,9.0,,-1.0,0,1971.0,C01,138Â 209Â 940,1.0,0.0,-1.0,1723369,1.0,7,,0.0,2.0,4.0,C01,138Â 209Â 940,1.0
1009643,201900051174,6,11,19:00,1,1,1,3.0,4.0,35238,RN136,M,"48,1118400"," -1,7182800",35,2019,90.0,1.0,2.0,2.0,2257787,1.0,1,1,1,9.0,,-1.0,0,1971.0,C01,138Â 209Â 940,1.0,0.0,-1.0,1723370,1.0,7,,0.0,2.0,4.0,B01,138Â 209Â 941,1.0
1009643,201900051174,6,11,19:00,1,1,1,3.0,4.0,35238,RN136,M,"48,1118400"," -1,7182800",35,2019,90.0,1.0,2.0,2.0,2257787,1.0,1,1,1,9.0,,-1.0,0,1971.0,C01,138Â 209Â 940,1.0,0.0,-1.0,1723371,1.0,7,,0.0,2.0,1.0,A01,138Â 209Â 942,1.0
1009643,201900051174,6,11,19:00,1,1,1,3.0,4.0,35238,RN136,M,"48,1118400"," -1,7182800",35,2019,90.0,1.0,2.0,2.0,2257788,1.0,1,1,2,9.0,,-1.0,0,1986.0,B01,138Â 209Â 941,1.0,0.0,-1.0,1723369,1.0,7,,0.0,2.0,4.0,C01,138Â 209Â 940,1.0
1009643,201900051174,6,11,19:00,1,1,1,3.0,4.0,35238,RN136,M,"48,1118400"," -1,7182800",35,2019,90.0,1.0,2.0,2.0,2257788,1.0,1,1,2,9.0,,-1.0,0,1986.0,B01,138Â 209Â 941,1.0,0.0,-1.0,1723370,1.0,7,,0.0,2.0,4.0,B01,138Â 209Â 941,1.0
1009643,201900051174,6,11,19:00,1,1,1,3.0,4.0,35238,RN136,M,"48,1118400"," -1,7182800",35,2019,90.0,1.0,2.0,2.0,2257788,1.0,1,1,2,9.0,,-1.0,0,1986.0,B01,138Â 209Â 941,1.0,0.0,-1.0,1723371,1.0,7,,0.0,2.0,1.0,A01,138Â 209Â 942,1.0
1009643,201900051174,6,11,19:00,1,1,1,3.0,4.0,35238,RN136,M,"48,1118400"," -1,7182800",35,2019,90.0,1.0,2.0,2.0,2257789,1.0,1,4,2,1.0,,-1.0,0,1998.0,A01,138Â 209Â 942,1.0,0.0,-1.0,1723369,1.0,7,,0.0,2.0,4.0,C01,138Â 209Â 940,1.0
1009643,201900051174,6,11,19:00,1,1,1,3.0,4.0,35238,RN136,M,"48,1118400"," -1,7182800",35,2019,90.0,1.0,2.0,2.0,2257789,1.0,1,4,2,1.0,,-1.0,0,1998.0,A01,138Â 209Â 942,1.0,0.0,-1.0,1723370,1.0,7,,0.0,2.0,4.0,B01,138Â 209Â 941,1.0
1009643,201900051174,6,11,19:00,1,1,1,3.0,4.0,35238,RN136,M,"48,1118400"," -1,7182800",35,2019,90.0,1.0,2.0,2.0,2257789,1.0,1,4,2,1.0,,-1.0,0,1998.0,A01,138Â 209Â 942,1.0,0.0,-1.0,1723371,1.0,7,,0.0,2.0,1.0,A01,138Â 209Â 942,1.0
1009644,201900051175,6,10,11:10,1,2,1,1.0,3.0,35238,SAINT-HELIER,M,"48,1070700"," -1,6710300",35,2019,50.0,1.0,1.0,4.0,2257790,1.0,1,4,1,5.0,,-1.0, -1,1957.0,B01,138Â 209Â 938,2.0,0.0,-1.0,1723372,3.0,2,,0.0,2.0,3.0,B01,138Â 209Â 938,1.0
1009644,201900051175,6,10,11:10,1,2,1,1.0,3.0,35238,SAINT-HELIER,M,"48,1070700"," -1,6710300",35,2019,50.0,1.0,1.0,4.0,2257790,1.0,1,4,1,5.0,,-1.0, -1,1957.0,B01,138Â 209Â 938,2.0,0.0,-1.0,1723373,3.0,7,,0.0,2.0,5.0,A01,138Â 209Â 939,1.0
1009644,201900051175,6,10,11:10,1,2,1,1.0,3.0,35238,SAINT-HELIER,M,"48,1070700"," -1,6710300",35,2019,50.0,1.0,1.0,4.0,2257791,1.0,1,1,2,5.0,,-1.0,0,1977.0,A01,138Â 209Â 939,1.0,0.0,-1.0,1723372,3.0,2,,0.0,2.0,3.0,B01,138Â 209Â 938,1.0
1009644,201900051175,6,10,11:10,1,2,1,1.0,3.0,35238,SAINT-HELIER,M,"48,1070700"," -1,6710300",35,2019,50.0,1.0,1.0,4.0,2257791,1.0,1,1,2,5.0,,-1.0,0,1977.0,A01,138Â 209Â 939,1.0,0.0,-1.0,1723373,3.0,7,,0.0,2.0,5.0,A01,138Â 209Â 939,1.0
1009645,201900051176,6,7,20:15,1,2,1,6.0,3.0,35238,SOLFERINO (BD),M,"48,1043400"," -1,6702600",35,2019,50.0,1.0,1.0,4.0,2257792,2.0,2,1,1,5.0,,-1.0,0,1998.0,A01,138Â 209Â 936,8.0,0.0,-1.0,1723374,1.0,7,,0.0,2.0,8.0,A01,138Â 209Â 936,1.0
1009645,201900051176,6,7,20:15,1,2,1,6.0,3.0,35238,SOLFERINO (BD),M,"48,1043400"," -1,6702600",35,2019,50.0,1.0,1.0,4.0,2257792,2.0,2,1,1,5.0,,-1.0,0,1998.0,A01,138Â 209Â 936,8.0,0.0,-1.0,1723375,1.0,37,1.0,1.0,0.0,7.0,B01,138Â 209Â 937,1.0
1009645,201900051176,6,7,20:15,1,2,1,6.0,3.0,35238,SOLFERINO (BD),M,"48,1043400"," -1,6702600",35,2019,50.0,1.0,1.0,4.0,2257793,1.0,1,4,2,5.0,,-1.0,0,1937.0,A01,138Â 209Â 936,8.0,0.0,-1.0,1723374,1.0,7,,0.0,2.0,8.0,A01,138Â 209Â 936,1.0
1009645,201900051176,6,7,20:15,1,2,1,6.0,3.0,35238,SOLFERINO (BD),M,"48,1043400"," -1,6702600",35,2019,50.0,1.0,1.0,4.0,2257793,1.0,1,4,2,5.0,,-1.0,0,1937.0,A01,138Â 209Â 936,8.0,0.0,-1.0,1723375,1.0,37,1.0,1.0,0.0,7.0,B01,138Â 209Â 937,1.0
1009645,201900051176,6,7,20:15,1,2,1,6.0,3.0,35238,SOLFERINO (BD),M,"48,1043400"," -1,6702600",35,2019,50.0,1.0,1.0,4.0,2257794,1.0,1,1,1,4.0,,-1.0, -1,1967.0,B01,138Â 209Â 937,1.0,0.0,-1.0,1723374,1.0,7,,0.0,2.0,8.0,A01,138Â 209Â 936,1.0
1009645,201900051176,6,7,20:15,1,2,1,6.0,3.0,35238,SOLFERINO (BD),M,"48,1043400"," -1,6702600",35,2019,50.0,1.0,1.0,4.0,2257794,1.0,1,1,1,4.0,,-1.0, -1,1967.0,B01,138Â 209Â 937,1.0,0.0,-1.0,1723375,1.0,37,1.0,1.0,0.0,7.0,B01,138Â 209Â 937,1.0
1009646,201900051177,6,7,10:15,1,2,2,1.0,6.0,35238,LAMARTINE (QUAI),M,"48,1101900"," -1,6779400",35,2019,50.0,1.0,1.0,4.0,2257795,1.0,1,1,1,0.0,,-1.0,0,1953.0,A01,138Â 209Â 934,8.0,0.0,-1.0,1723376,3.0,7,,0.0,2.0,0.0,A01,138Â 209Â 934,1.0
1009646,201900051177,6,7,10:15,1,2,2,1.0,6.0,35238,LAMARTINE (QUAI),M,"48,1101900"," -1,6779400",35,2019,50.0,1.0,1.0,4.0,2257795,1.0,1,1,1,0.0,,-1.0,0,1953.0,A01,138Â 209Â 934,8.0,0.0,-1.0,1723377,3.0,50,,0.0,2.0,0.0,B01,138Â 209Â 935,3.0
1009646,201900051177,6,7,10:15,1,2,2,1.0,6.0,35238,LAMARTINE (QUAI),M,"48,1101900"," -1,6779400",35,2019,50.0,1.0,1.0,4.0,2257796,1.0,1,4,1,1.0,,0.0,0,1967.0,B01,138Â 209Â 935,2.0,0.0,-1.0,1723376,3.0,7,,0.0,2.0,0.0,A01,138Â 209Â 934,1.0
1009646,201900051177,6,7,10:15,1,2,2,1.0,6.0,35238,LAMARTINE (QUAI),M,"48,1101900"," -1,6779400",35,2019,50.0,1.0,1.0,4.0,2257796,1.0,1,4,1,1.0,,0.0,0,1967.0,B01,138Â 209Â 935,2.0,0.0,-1.0,1723377,3.0,50,,0.0,2.0,0.0,B01,138Â 209Â 935,3.0
1009647,201900051178,6,6,18:08,1,1,1,1.0,2.0,35238,RN136,M,"48,0839828"," -1,6421247",35,2019,90.0,1.0,1.0,2.0,2257797,1.0,1,4,2,1.0,,-1.0,0,1999.0,A01,138Â 209Â 932,8.0,0.0,-1.0,1723378,1.0,7,,0.0,2.0,3.0,A01,138Â 209Â 932,1.0
1009647,201900051178,6,6,18:08,1,1,1,1.0,2.0,35238,RN136,M,"48,0839828"," -1,6421247",35,2019,90.0,1.0,1.0,2.0,2257797,1.0,1,4,2,1.0,,-1.0,0,1999.0,A01,138Â 209Â 932,8.0,0.0,-1.0,1723379,1.0,7,,0.0,2.0,4.0,B01,138Â 209Â 933,1.0
1009647,201900051178,6,6,18:08,1,1,1,1.0,2.0,35238,RN136,M,"48,0839828"," -1,6421247",35,2019,90.0,1.0,1.0,2.0,2257798,1.0,1,4,1,0.0,,-1.0,0,1977.0,B01,138Â 209Â 933,1.0,0.0,-1.0,1723378,1.0,7,,0.0,2.0,3.0,A01,138Â 209Â 932,1.0
1009647,201900051178,6,6,18:08,1,1,1,1.0,2.0,35238,RN136,M,"48,0839828"," -1,6421247",35,2019,90.0,1.0,1.0,2.0,2257798,1.0,1,4,1,0.0,,-1.0,0,1977.0,B01,138Â 209Â 933,1.0,0.0,-1.0,1723379,1.0,7,,0.0,2.0,4.0,B01,138Â 209Â 933,1.0
1009648,201900051179,6,6,12:10,1,2,1,1.0,2.0,35238,TILLON (AVENUE CHARLES),M,"48,1254800"," -1,6964800",35,2019,50.0,1.0,1.0,4.0,2257799,1.0,1,1,2,3.0,,-1.0, -1,1979.0,A01,138Â 209Â 930,1.0,0.0,-1.0,1723380,3.0,7,,0.0,2.0,1.0,A01,138Â 209Â 930,1.0
1009648,201900051179,6,6,12:10,1,2,1,1.0,2.0,35238,TILLON (AVENUE CHARLES),M,"48,1254800"," -1,6964800",35,2019,50.0,1.0,1.0,4.0,2257799,1.0,1,1,2,3.0,,-1.0, -1,1979.0,A01,138Â 209Â 930,1.0,0.0,-1.0,1723381,3.0,33,,0.0,2.0,4.0,B01,138Â 209Â 931,1.0
1009648,201900051179,6,6,12:10,1,2,1,1.0,2.0,35238,TILLON (AVENUE CHARLES),M,"48,1254800"," -1,6964800",35,2019,50.0,1.0,1.0,4.0,2257800,1.0,1,4,1,0.0,,-1.0,0,1982.0,B01,138Â 209Â 931,2.0,8.0,-1.0,1723380,3.0,7,,0.0,2.0,1.0,A01,138Â 209Â 930,1.0
1009648,201900051179,6,6,12:10,1,2,1,1.0,2.0,35238,TILLON (AVENUE CHARLES),M,"48,1254800"," -1,6964800",35,2019,50.0,1.0,1.0,4.0,2257800,1.0,1,4,1,0.0,,-1.0,0,1982.0,B01,138Â 209Â 931,2.0,8.0,-1.0,1723381,3.0,33,,0.0,2.0,4.0,B01,138Â 209Â 931,1.0
1009649,201900051180,6,5,07:00,1,2,1,1.0,6.0,35238,PATTON (AVENUE DU GENERAL SIR GEORGES),M,"48,1337700"," -1,6603200",35,2019,50.0,1.0,1.0,4.0,2257801,1.0,1,4,2,1.0,,-1.0, -1,1999.0,A01,138Â 209Â 929,1.0,0.0,-1.0,1723382,3.0,7,,12.0,0.0,1.0,A01,138Â 209Â 929,1.0
1009650,201900051181,6,1,02:20,5,2,1,1.0,6.0,35238,176 FOUGERES (RUE DE),M,"48,1242630"," -1,6583470",35,2019,50.0,4.0,1.0,4.0,2257802,2.0,2,3,2,5.0,,-1.0,0,1998.0,A01,138Â 209Â 928,1.0,5.0,-1.0,1723383,1.0,7,,9.0,0.0,1.0,A01,138Â 209Â 928,1.0
1009650,201900051181,6,1,02:20,5,2,1,1.0,6.0,35238,176 FOUGERES (RUE DE),M,"48,1242630"," -1,6583470",35,2019,50.0,4.0,1.0,4.0,2257803,1.0,1,4,2,5.0,,-1.0, -1,1999.0,A01,138Â 209Â 928,1.0,5.0,-1.0,1723383,1.0,7,,9.0,0.0,1.0,A01,138Â 209Â 928,1.0
1009651,201900051182,5,30,18:00,1,2,1,1.0,3.0,35238,MUSSAT (AVENUE ANDRE),M,"48,1313000"," -1,6951000",35,2019,50.0,1.0,1.0,4.0,2257804,1.0,1,3,1,1.0,,-1.0,0,1989.0,B01,138Â 209Â 927,0.0,0.0,-1.0,1723384,3.0,0,,0.0,2.0,0.0,Z01,138Â 209Â 926,0.0