Unnamed: 0_x,num_acc,mois,jour,hrmn,lum,agg,int,atm,col,com,adr,gps,lat,long,dep,annee,vma,situ,surf,catr,Unnamed: 0_y,place,catu,grav,sexe,trajet,secu,locp,actp,an_nais,num_veh_x,id_vehicule_x,secu1,secu2,secu3,Unnamed: 0,senc,catv,occutc,obs,obsm,choc,num_veh_y,id_vehicule_y,motor
1009651,201900051182,5,30,18:00,1,2,1,1.0,3.0,35238,MUSSAT (AVENUE ANDRE),M,"48,1313000"," -1,6951000",35,2019,50.0,1.0,1.0,4.0,2257804,1.0,1,3,1,1.0,,-1.0,0,1989.0,B01,138Â 209Â 927,0.0,0.0,-1.0,1723385,3.0,1,,0.0,2.0,1.0,B01,138Â 209Â 927,5.0
1009652,201900051183,5,16,08:00,1,1,1,1.0,2.0,35051,PORTE DE LA RIGOURDIERE,M,"48,1139900"," -1,5790300",35,2019,90.0,1.0,1.0,2.0,2257805,1.0,1,4,2,4.0,,-1.0,0,1984.0,B01,138Â 209Â 924,1.0,8.0,-1.0,1723386,1.0,7,,0.0,2.0,4.0,B01,138Â 209Â 924,1.0
1009652,201900051183,5,16,08:00,1,1,1,1.0,2.0,35051,PORTE DE LA RIGOURDIERE,M,"48,1139900"," -1,5790300",35,2019,90.0,1.0,1.0,2.0,2257805,1.0,1,4,2,4.0,,-1.0,0,1984.0,B01,138Â 209Â 924,1.0,8.0,-1.0,1723387,1.0,7,,0.0,2.0,1.0,A01,138Â 209Â 925,1.0
1009652,201900051183,5,16,08:00,1,1,1,1.0,2.0,35051,PORTE DE LA RIGOURDIERE,M,"48,1139900"," -1,5790300",35,2019,90.0,1.0,1.0,2.0,2257806,1.0,1,4,2,0.0,,-1.0,0,1997.0,A01,138Â 209Â 925,1.0,8.0,-1.0,1723386,1.0,7,,0.0,2.0,4.0,B01,138Â 209Â 924,1.0
1009652,201900051183,5,16,08:00,1,1,1,1.0,2.0,35051,PORTE DE LA RIGOURDIERE,M,"48,1139900"," -1,5790300",35,2019,90.0,1.0,1.0,2.0,2257806,1.0,1,4,2,0.0,,-1.0,0,1997.0,A01,138Â 209Â 925,1.0,8.0,-1.0,1723387,1.0,7,,0.0,2.0,1.0,A01,138Â 209Â 925,1.0
1009653,201900051184,5,30,13:45,1,1,1,1.0,4.0,35238,PORTE DE LORIENT,M,"48,1084000"," -1,7175400",35,2019,90.0,1.0,1.0,2.0,2257807,1.0,1,1,1,5.0,,-1.0, -1,1955.0,B01,138Â 209Â 922,1.0,0.0,-1.0,1723388,1.0,7,,0.0,2.0,0.0,C01,138Â 209Â 921,3.0
1009653,201900051184,5,30,13:45,1,1,1,1.0,4.0,35238,PORTE DE LORIENT,M,"48,1084000"," -1,7175400",35,2019,90.0,1.0,1.0,2.0,2257807,1.0,1,1,1,5.0,,-1.0, -1,1955.0,B01,138Â 209Â 922,1.0,0.0,-1.0,1723389,1.0,10,,3.0,2.0,3.0,B01,138Â 209Â 922,1.0
1009653,201900051184,5,30,13:45,1,1,1,1.0,4.0,35238,PORTE DE LORIENT,M,"48,1084000"," -1,7175400",35,2019,90.0,1.0,1.0,2.0,2257807,1.0,1,1,1,5.0,,-1.0, -1,1955.0,B01,138Â 209Â 922,1.0,0.0,-1.0,1723390,1.0,7,,0.0,2.0,2.0,A01,138Â 209Â 923,1.0
1009653,201900051184,5,30,13:45,1,1,1,1.0,4.0,35238,PORTE DE LORIENT,M,"48,1084000"," -1,7175400",35,2019,90.0,1.0,1.0,2.0,2257808,2.0,2,4,2,5.0,,-1.0,0,1954.0,B01,138Â 209Â 922,1.0,0.0,-1.0,1723388,1.0,7,,0.0,2.0,0.0,C01,138Â 209Â 921,3.0
1009653,201900051184,5,30,13:45,1,1,1,1.0,4.0,35238,PORTE DE LORIENT,M,"48,1084000"," -1,7175400",35,2019,90.0,1.0,1.0,2.0,2257808,2.0,2,4,2,5.0,,-1.0,0,1954.0,B01,138Â 209Â 922,1.0,0.0,-1.0,1723389,1.0,10,,3.0,2.0,3.0,B01,138Â 209Â 922,1.0
1009653,201900051184,5,30,13:45,1,1,1,1.0,4.0,35238,PORTE DE LORIENT,M,"48,1084000"," -1,7175400",35,2019,90.0,1.0,1.0,2.0,2257808,2.0,2,4,2,5.0,,-1.0,0,1954.0,B01,138Â 209Â 922,1.0,0.0,-1.0,1723390,1.0,7,,0.0,2.0,2.0,A01,138Â 209Â 923,1.0
1009654,201900051185,6,18,07:45,1,2,1,1.0,5.0,35115,GROSLAY (BD DE JUSQU'AU NÂ°23),M,"48,3596300"," -1,1869200",35,2019,50.0,1.0,1.0,4.0,2257809,1.0,1,4,2,2.0,,-1.0,0,1979.0,B01,138Â 209Â 918,1.0,0.0,-1.0,1723391,1.0,7,,0.0,2.0,8.0,B01,138Â 209Â 918,1.0
1009654,201900051185,6,18,07:45,1,2,1,1.0,5.0,35115,GROSLAY (BD DE JUSQU'AU NÂ°23),M,"48,3596300"," -1,1869200",35,2019,50.0,1.0,1.0,4.0,2257809,1.0,1,4,2,2.0,,-1.0,0,1979.0,B01,138Â 209Â 918,1.0,0.0,-1.0,1723392,1.0,7,,0.0,2.0,2.0,C01,138Â 209Â 919,1.0
1009654,201900051185,6,18,07:45,1,2,1,1.0,5.0,35115,GROSLAY (BD DE JUSQU'AU NÂ°23),M,"48,3596300"," -1,1869200",35,2019,50.0,1.0,1.0,4.0,2257809,1.0,1,4,2,2.0,,-1.0,0,1979.0,B01,138Â 209Â 918,1.0,0.0,-1.0,1723393,2.0,7,,0.0,2.0,1.0,A01,138Â 209Â 920,1.0
1009654,201900051185,6,18,07:45,1,2,1,1.0,5.0,35115,GROSLAY (BD DE JUSQU'AU NÂ°23),M,"48,3596300"," -1,1869200",35,2019,50.0,1.0,1.0,4.0,2257810,2.0,2,4,1,2.0,,-1.0,0,2010.0,B01,138Â 209Â 918,1.0,0.0,-1.0,1723391,1.0,7,,0.0,2.0,8.0,B01,138Â 209Â 918,1.0
1009654,201900051185,6,18,07:45,1,2,1,1.0,5.0,35115,GROSLAY (BD DE JUSQU'AU NÂ°23),M,"48,3596300"," -1,1869200",35,2019,50.0,1.0,1.0,4.0,2257810,2.0,2,4,1,2.0,,-1.0,0,2010.0,B01,138Â 209Â 918,1.0,0.0,-1.0,1723392,1.0,7,,0.0,2.0,2.0,C01,138Â 209Â 919,1.0
1009654,201900051185,6,18,07:45,1,2,1,1.0,5.0,35115,GROSLAY (BD DE JUSQU'AU NÂ°23),M,"48,3596300"," -1,1869200",35,2019,50.0,1.0,1.0,4.0,2257810,2.0,2,4,1,2.0,,-1.0,0,2010.0,B01,138Â 209Â 918,1.0,0.0,-1.0,1723393,2.0,7,,0.0,2.0,1.0,A01,138Â 209Â 920,1.0
1009654,201900051185,6,18,07:45,1,2,1,1.0,5.0,35115,GROSLAY (BD DE JUSQU'AU NÂ°23),M,"48,3596300"," -1,1869200",35,2019,50.0,1.0,1.0,4.0,2257811,1.0,1,4,2,1.0,,-1.0,0,1981.0,C01,138Â 209Â 919,1.0,0.0,-1.0,1723391,1.0,7,,0.0,2.0,8.0,B01,138Â 209Â 918,1.0
1009654,201900051185,6,18,07:45,1,2,1,1.0,5.0,35115,GROSLAY (BD DE JUSQU'AU NÂ°23),M,"48,3596300"," -1,1869200",35,2019,50.0,1.0,1.0,4.0,2257811,1.0,1,4,2,1.0,,-1.0,0,1981.0,C01,138Â 209Â 919,1.0,0.0,-1.0,1723392,1.0,7,,0.0,2.0,2.0,C01,138Â 209Â 919,1.0
1009654,201900051185,6,18,07:45,1,2,1,1.0,5.0,35115,GROSLAY (BD DE JUSQU'AU NÂ°23),M,"48,3596300"," -1,1869200",35,2019,50.0,1.0,1.0,4.0,2257811,1.0,1,4,2,1.0,,-1.0,0,1981.0,C01,138Â 209Â 919,1.0,0.0,-1.0,1723393,2.0,7,,0.0,2.0,1.0,A01,138Â 209Â 920,1.0
1009654,201900051185,6,18,07:45,1,2,1,1.0,5.0,35115,GROSLAY (BD DE JUSQU'AU NÂ°23),M,"48,3596300"," -1,1869200",35,2019,50.0,1.0,1.0,4.0,2257812,1.0,1,1,1,0.0,,-1.0, -1,1961.0,A01,138Â 209Â 920,8.0,0.0,-1.0,1723391,1.0,7,,0.0,2.0,8.0,B01,138Â 209Â 918,1.0
1009654,201900051185,6,18,07:45,1,2,1,1.0,5.0,35115,GROSLAY (BD DE JUSQU'AU NÂ°23),M,"48,3596300"," -1,1869200",35,2019,50.0,1.0,1.0,4.0,2257812,1.0,1,1,1,0.0,,-1.0, -1,1961.0,A01,138Â 209Â 920,8.0,0.0,-1.0,1723392,1.0,7,,0.0,2.0,2.0,C01,138Â 209Â 919,1.0
1009654,201900051185,6,18,07:45,1,2,1,1.0,5.0,35115,GROSLAY (BD DE JUSQU'AU NÂ°23),M,"48,3596300"," -1,1869200",35,2019,50.0,1.0,1.0,4.0,2257812,1.0,1,1,1,0.0,,-1.0, -1,1961.0,A01,138Â 209Â 920,8.0,0.0,-1.0,1723393,2.0,7,,0.0,2.0,1.0,A01,138Â 209Â 920,1.0
1009655,201900051186,6,18,08:20,1,2,1,1.0,2.0,34129,VERDUN (PLACE DE),M,"43,5674900","3,9016200",34,2019,50.0,1.0,1.0,4.0,2257813,1.0,1,1,1,5.0,,0.0,0,1975.0,A01,138Â 209Â 916,1.0,0.0,-1.0,1723394,2.0,7,,0.0,2.0,1.0,A01,138Â 209Â 916,1.0
1009655,201900051186,6,18,08:20,1,2,1,1.0,2.0,34129,VERDUN (PLACE DE),M,"43,5674900","3,9016200",34,2019,50.0,1.0,1.0,4.0,2257813,1.0,1,1,1,5.0,,0.0,0,1975.0,A01,138Â 209Â 916,1.0,0.0,-1.0,1723395,2.0,7,,0.0,2.0,4.0,B01,138Â 209Â 917,1.0
1009655,201900051186,6,18,08:20,1,2,1,1.0,2.0,34129,VERDUN (PLACE DE),M,"43,5674900","3,9016200",34,2019,50.0,1.0,1.0,4.0,2257814,1.0,1,4,2,2.0,,0.0,0,1974.0,B01,138Â 209Â 917,1.0,0.0,-1.0,1723394,2.0,7,,0.0,2.0,1.0,A01,138Â 209Â 916,1.0
1009655,201900051186,6,18,08:20,1,2,1,1.0,2.0,34129,VERDUN (PLACE DE),M,"43,5674900","3,9016200",34,2019,50.0,1.0,1.0,4.0,2257814,1.0,1,4,2,2.0,,0.0,0,1974.0,B01,138Â 209Â 917,1.0,0.0,-1.0,1723395,2.0,7,,0.0,2.0,4.0,B01,138Â 209Â 917,1.0
1009655,201900051186,6,18,08:20,1,2,1,1.0,2.0,34129,VERDUN (PLACE DE),M,"43,5674900","3,9016200",34,2019,50.0,1.0,1.0,4.0,2257815,2.0,2,1,1,2.0,,0.0,0,2005.0,B01,138Â 209Â 917,1.0,0.0,-1.0,1723394,2.0,7,,0.0,2.0,1.0,A01,138Â 209Â 916,1.0
1009655,201900051186,6,18,08:20,1,2,1,1.0,2.0,34129,VERDUN (PLACE DE),M,"43,5674900","3,9016200",34,2019,50.0,1.0,1.0,4.0,2257815,2.0,2,1,1,2.0,,0.0,0,2005.0,B01,138Â 209Â 917,1.0,0.0,-1.0,1723395,2.0,7,,0.0,2.0,4.0,B01,138Â 209Â 917,1.0
1009656,201900051187,6,17,11:04,1,2,2,1.0,3.0,34172,BRINGUIER (AVENUE PAUL),M,"43,6136863","3,8391666",34,2019,50.0,1.0,1.0,4.0,2257816,1.0,1,1,1,0.0,,0.0,0,2001.0,B01,138Â 209Â 914,1.0,0.0,-1.0,1723396,2.0,7,,0.0,2.0,1.0,B01,138Â 209Â 914,0.0
1009656,201900051187,6,17,11:04,1,2,2,1.0,3.0,34172,BRINGUIER (AVENUE PAUL),M,"43,6136863","3,8391666",34,2019,50.0,1.0,1.0,4.0,2257816,1.0,1,1,1,0.0,,0.0,0,2001.0,B01,138Â 209Â 914,1.0,0.0,-1.0,1723397,1.0,7,,0.0,2.0,2.0,A01,138Â 209Â 915,0.0
1009656,201900051187,6,17,11:04,1,2,2,1.0,3.0,34172,BRINGUIER (AVENUE PAUL),M,"43,6136863","3,8391666",34,2019,50.0,1.0,1.0,4.0,2257817,2.0,2,1,1,0.0,,0.0,0,2000.0,B01,138Â 209Â 914,1.0,0.0,-1.0,1723396,2.0,7,,0.0,2.0,1.0,B01,138Â 209Â 914,0.0
1009656,201900051187,6,17,11:04,1,2,2,1.0,3.0,34172,BRINGUIER (AVENUE PAUL),M,"43,6136863","3,8391666",34,2019,50.0,1.0,1.0,4.0,2257817,2.0,2,1,1,0.0,,0.0,0,2000.0,B01,138Â 209Â 914,1.0,0.0,-1.0,1723397,1.0,7,,0.0,2.0,2.0,A01,138Â 209Â 915,0.0
1009656,201900051187,6,17,11:04,1,2,2,1.0,3.0,34172,BRINGUIER (AVENUE PAUL),M,"43,6136863","3,8391666",34,2019,50.0,1.0,1.0,4.0,2257818,3.0,2,1,1,0.0,,0.0,0,2001.0,B01,138Â 209Â 914,1.0,0.0,-1.0,1723396,2.0,7,,0.0,2.0,1.0,B01,138Â 209Â 914,0.0
1009656,201900051187,6,17,11:04,1,2,2,1.0,3.0,34172,BRINGUIER (AVENUE PAUL),M,"43,6136863","3,8391666",34,2019,50.0,1.0,1.0,4.0,2257818,3.0,2,1,1,0.0,,0.0,0,2001.0,B01,138Â 209Â 914,1.0,0.0,-1.0,1723397,1.0,7,,0.0,2.0,2.0,A01,138Â 209Â 915,0.0
1009656,201900051187,6,17,11:04,1,2,2,1.0,3.0,34172,BRINGUIER (AVENUE PAUL),M,"43,6136863","3,8391666",34,2019,50.0,1.0,1.0,4.0,2257819,1.0,1,4,2,0.0,,0.0,0,1935.0,A01,138Â 209Â 915,1.0,0.0,-1.0,1723396,2.0,7,,0.0,2.0,1.0,B01,138Â 209Â 914,0.0
1009656,201900051187,6,17,11:04,1,2,2,1.0,3.0,34172,BRINGUIER (AVENUE PAUL),M,"43,6136863","3,8391666",34,2019,50.0,1.0,1.0,4.0,2257819,1.0,1,4,2,0.0,,0.0,0,1935.0,A01,138Â 209Â 915,1.0,0.0,-1.0,1723397,1.0,7,,0.0,2.0,2.0,A01,138Â 209Â 915,0.0
1009657,201900051188,6,14,17:40,1,2,1,2.0,3.0,34172,PALAVAS (AVENUE DE),M,"43,5963500","3,8875300",34,2019,50.0,1.0,2.0,4.0,2257820,1.0,1,1,1,5.0,,0.0,0,1964.0,B01,138Â 209Â 912,2.0,8.0,-1.0,1723398,2.0,32,,0.0,2.0,2.0,B01,138Â 209Â 912,1.0
1009657,201900051188,6,14,17:40,1,2,1,2.0,3.0,34172,PALAVAS (AVENUE DE),M,"43,5963500","3,8875300",34,2019,50.0,1.0,2.0,4.0,2257820,1.0,1,1,1,5.0,,0.0,0,1964.0,B01,138Â 209Â 912,2.0,8.0,-1.0,1723399,1.0,7,,0.0,2.0,2.0,A01,138Â 209Â 913,1.0
1009657,201900051188,6,14,17:40,1,2,1,2.0,3.0,34172,PALAVAS (AVENUE DE),M,"43,5963500","3,8875300",34,2019,50.0,1.0,2.0,4.0,2257821,2.0,2,4,2,5.0,,0.0,0,1968.0,B01,138Â 209Â 912,2.0,8.0,-1.0,1723398,2.0,32,,0.0,2.0,2.0,B01,138Â 209Â 912,1.0
1009657,201900051188,6,14,17:40,1,2,1,2.0,3.0,34172,PALAVAS (AVENUE DE),M,"43,5963500","3,8875300",34,2019,50.0,1.0,2.0,4.0,2257821,2.0,2,4,2,5.0,,0.0,0,1968.0,B01,138Â 209Â 912,2.0,8.0,-1.0,1723399,1.0,7,,0.0,2.0,2.0,A01,138Â 209Â 913,1.0
1009657,201900051188,6,14,17:40,1,2,1,2.0,3.0,34172,PALAVAS (AVENUE DE),M,"43,5963500","3,8875300",34,2019,50.0,1.0,2.0,4.0,2257822,1.0,1,1,1,5.0,,0.0,0,1992.0,A01,138Â 209Â 913,1.0,8.0,-1.0,1723398,2.0,32,,0.0,2.0,2.0,B01,138Â 209Â 912,1.0
1009657,201900051188,6,14,17:40,1,2,1,2.0,3.0,34172,PALAVAS (AVENUE DE),M,"43,5963500","3,8875300",34,2019,50.0,1.0,2.0,4.0,2257822,1.0,1,1,1,5.0,,0.0,0,1992.0,A01,138Â 209Â 913,1.0,8.0,-1.0,1723399,1.0,7,,0.0,2.0,2.0,A01,138Â 209Â 913,1.0
1009658,201900051189,6,14,06:15,2,2,2,1.0,3.0,34172,CHAPTAL (RUE),M,"43,6049600","3,8699400",34,2019,50.0,1.0,1.0,4.0,2257823,1.0,1,4,1,5.0,,0.0,0,1969.0,A01,138Â 209Â 910,1.0,8.0,-1.0,1723400,2.0,7,,1.0,2.0,2.0,A01,138Â 209Â 910,1.0
1009658,201900051189,6,14,06:15,2,2,2,1.0,3.0,34172,CHAPTAL (RUE),M,"43,6049600","3,8699400",34,2019,50.0,1.0,1.0,4.0,2257823,1.0,1,4,1,5.0,,0.0,0,1969.0,A01,138Â 209Â 910,1.0,8.0,-1.0,1723401,1.0,10,,6.0,2.0,1.0,B01,138Â 209Â 911,1.0
1009658,201900051189,6,14,06:15,2,2,2,1.0,3.0,34172,CHAPTAL (RUE),M,"43,6049600","3,8699400",34,2019,50.0,1.0,1.0,4.0,2257824,1.0,1,4,1,4.0,,0.0,0,1990.0,B01,138Â 209Â 911,1.0,8.0,-1.0,1723400,2.0,7,,1.0,2.0,2.0,A01,138Â 209Â 910,1.0
1009658,201900051189,6,14,06:15,2,2,2,1.0,3.0,34172,CHAPTAL (RUE),M,"43,6049600","3,8699400",34,2019,50.0,1.0,1.0,4.0,2257824,1.0,1,4,1,4.0,,0.0,0,1990.0,B01,138Â 209Â 911,1.0,8.0,-1.0,1723401,1.0,10,,6.0,2.0,1.0,B01,138Â 209Â 911,1.0
1009659,201900051190,6,13,09:30,1,2,1,1.0,3.0,34129,D132,M,"43,5724800","3,8936500",34,2019,50.0,1.0,1.0,3.0,2257825,1.0,1,1,1,5.0,,0.0,0,1953.0,A01,138Â 209Â 908,1.0,8.0,-1.0,1723402,2.0,7,,0.0,2.0,2.0,A01,138Â 209Â 908,1.0
1009659,201900051190,6,13,09:30,1,2,1,1.0,3.0,34129,D132,M,"43,5724800","3,8936500",34,2019,50.0,1.0,1.0,3.0,2257825,1.0,1,1,1,5.0,,0.0,0,1953.0,A01,138Â 209Â 908,1.0,8.0,-1.0,1723403,2.0,1,,0.0,2.0,1.0,B01,138Â 209Â 909,0.0
1009659,201900051190,6,13,09:30,1,2,1,1.0,3.0,34129,D132,M,"43,5724800","3,8936500",34,2019,50.0,1.0,1.0,3.0,2257826,1.0,1,3,2,5.0,,0.0,0,1952.0,B01,138Â 209Â 909,2.0,6.0,-1.0,1723402,2.0,7,,0.0,2.0,2.0,A01,138Â 209Â 908,1.0
1009659,201900051190,6,13,09:30,1,2,1,1.0,3.0,34129,D132,M,"43,5724800","3,8936500",34,2019,50.0,1.0,1.0,3.0,2257826,1.0,1,3,2,5.0,,0.0,0,1952.0,B01,138Â 209Â 909,2.0,6.0,-1.0,1723403,2.0,1,,0.0,2.0,1.0,B01,138Â 209Â 909,0.0
1009660,201900051191,6,12,13:00,1,2,1,1.0,6.0,34172,BERTHELOT (BOULEVARD),M,"43,6014200","3,8690310",34,2019,50.0,1.0,1.0,4.0,2257827,1.0,1,1,2,5.0,,0.0,0,1959.0,B01,138Â 209Â 907,1.0,8.0,-1.0,1723404,2.0,7,,0.0,1.0,1.0,B01,138Â 209Â 907,1.0
1009660,201900051191,6,12,13:00,1,2,1,1.0,6.0,34172,BERTHELOT (BOULEVARD),M,"43,6014200","3,8690310",34,2019,50.0,1.0,1.0,4.0,2257828,10.0,3,4,2,5.0,,2.0,3,1959.0,B01,138Â 209Â 907,8.0,0.0,-1.0,1723404,2.0,7,,0.0,1.0,1.0,B01,138Â 209Â 907,1.0
1009661,201900051192,6,11,11:30,1,2,2,2.0,3.0,34172,PELLICIER (RUE GUILLAUME),M,"43,6090400","3,8669500",34,2019,50.0,1.0,2.0,4.0,2257829,1.0,1,4,1,1.0,,0.0,0,1993.0,A01,138Â 209Â 905,2.0,8.0,-1.0,1723405,2.0,32,,0.0,2.0,2.0,A01,138Â 209Â 905,1.0
1009661,201900051192,6,11,11:30,1,2,2,2.0,3.0,34172,PELLICIER (RUE GUILLAUME),M,"43,6090400","3,8669500",34,2019,50.0,1.0,2.0,4.0,2257829,1.0,1,4,1,1.0,,0.0,0,1993.0,A01,138Â 209Â 905,2.0,8.0,-1.0,1723406,1.0,7,,0.0,2.0,3.0,B01,138Â 209Â 906,1.0
1009661,201900051192,6,11,11:30,1,2,2,2.0,3.0,34172,PELLICIER (RUE GUILLAUME),M,"43,6090400","3,8669500",34,2019,50.0,1.0,2.0,4.0,2257830,1.0,1,1,2,1.0,,0.0,0,1969.0,B01,138Â 209Â 906,1.0,8.0,-1.0,1723405,2.0,32,,0.0,2.0,2.0,A01,138Â 209Â 905,1.0
1009661,201900051192,6,11,11:30,1,2,2,2.0,3.0,34172,PELLICIER (RUE GUILLAUME),M,"43,6090400","3,8669500",34,2019,50.0,1.0,2.0,4.0,2257830,1.0,1,1,2,1.0,,0.0,0,1969.0,B01,138Â 209Â 906,1.0,8.0,-1.0,1723406,1.0,7,,0.0,2.0,3.0,B01,138Â 209Â 906,1.0
1009662,201900051193,6,10,15:50,1,2,1,1.0,3.0,34172,RABELAIS (BOULEVARD),M,"43,6010843","3,8812208",34,2019,50.0,1.0,1.0,4.0,2257831,1.0,1,1,1,0.0,,0.0,0,1980.0,A01,138Â 209Â 903,1.0,8.0,-1.0,1723407,1.0,7,,0.0,2.0,6.0,A01,138Â 209Â 903,0.0
1009662,201900051193,6,10,15:50,1,2,1,1.0,3.0,34172,RABELAIS (BOULEVARD),M,"43,6010843","3,8812208",34,2019,50.0,1.0,1.0,4.0,2257831,1.0,1,1,1,0.0,,0.0,0,1980.0,A01,138Â 209Â 903,1.0,8.0,-1.0,1723408,1.0,7,,0.0,2.0,1.0,B01,138Â 209Â 904,0.0
1009662,201900051193,6,10,15:50,1,2,1,1.0,3.0,34172,RABELAIS (BOULEVARD),M,"43,6010843","3,8812208",34,2019,50.0,1.0,1.0,4.0,2257832,1.0,1,4,1,4.0,,0.0,0,1989.0,B01,138Â 209Â 904,1.0,8.0,-1.0,1723407,1.0,7,,0.0,2.0,6.0,A01,138Â 209Â 903,0.0
1009662,201900051193,6,10,15:50,1,2,1,1.0,3.0,34172,RABELAIS (BOULEVARD),M,"43,6010843","3,8812208",34,2019,50.0,1.0,1.0,4.0,2257832,1.0,1,4,1,4.0,,0.0,0,1989.0,B01,138Â 209Â 904,1.0,8.0,-1.0,1723408,1.0,7,,0.0,2.0,1.0,B01,138Â 209Â 904,0.0
1009663,201900051194,6,4,16:10,1,2,2,1.0,4.0,34172,CARDONILLE (RUE DE LA),M,"43,6362800","3,8479900",34,2019,50.0,1.0,1.0,4.0,2257833,1.0,1,1,1,5.0,,0.0,0,1995.0,C01,138Â 209Â 901,1.0,8.0,-1.0,1723409,1.0,7,,0.0,2.0,1.0,A01,138Â 209Â 900,0.0
1009663,201900051194,6,4,16:10,1,2,2,1.0,4.0,34172,CARDONILLE (RUE DE LA),M,"43,6362800","3,8479900",34,2019,50.0,1.0,1.0,4.0,2257833,1.0,1,1,1,5.0,,0.0,0,1995.0,C01,138Â 209Â 901,1.0,8.0,-1.0,1723410,1.0,7,,0.0,2.0,4.0,C01,138Â 209Â 901,1.0
1009663,201900051194,6,4,16:10,1,2,2,1.0,4.0,34172,CARDONILLE (RUE DE LA),M,"43,6362800","3,8479900",34,2019,50.0,1.0,1.0,4.0,2257833,1.0,1,1,1,5.0,,0.0,0,1995.0,C01,138Â 209Â 901,1.0,8.0,-1.0,1723411,1.0,7,,0.0,2.0,4.0,B01,138Â 209Â 902,1.0
1009663,201900051194,6,4,16:10,1,2,2,1.0,4.0,34172,CARDONILLE (RUE DE LA),M,"43,6362800","3,8479900",34,2019,50.0,1.0,1.0,4.0,2257834,2.0,2,4,2,5.0,,0.0,0,1994.0,C01,138Â 209Â 901,1.0,8.0,-1.0,1723409,1.0,7,,0.0,2.0,1.0,A01,138Â 209Â 900,0.0
1009663,201900051194,6,4,16:10,1,2,2,1.0,4.0,34172,CARDONILLE (RUE DE LA),M,"43,6362800","3,8479900",34,2019,50.0,1.0,1.0,4.0,2257834,2.0,2,4,2,5.0,,0.0,0,1994.0,C01,138Â 209Â 901,1.0,8.0,-1.0,1723410,1.0,7,,0.0,2.0,4.0,C01,138Â 209Â 901,1.0
1009663,201900051194,6,4,16:10,1,2,2,1.0,4.0,34172,CARDONILLE (RUE DE LA),M,"43,6362800","3,8479900",34,2019,50.0,1.0,1.0,4.0,2257834,2.0,2,4,2,5.0,,0.0,0,1994.0,C01,138Â 209Â 901,1.0,8.0,-1.0,1723411,1.0,7,,0.0,2.0,4.0,B01,138Â 209Â 902,1.0
1009663,201900051194,6,4,16:10,1,2,2,1.0,4.0,34172,CARDONILLE (RUE DE LA),M,"43,6362800","3,8479900",34,2019,50.0,1.0,1.0,4.0,2257835,1.0,1,1,2,5.0,,0.0,0,1979.0,B01,138Â 209Â 902,1.0,8.0,-1.0,1723409,1.0,7,,0.0,2.0,1.0,A01,138Â 209Â 900,0.0
1009663,201900051194,6,4,16:10,1,2,2,1.0,4.0,34172,CARDONILLE (RUE DE LA),M,"43,6362800","3,8479900",34,2019,50.0,1.0,1.0,4.0,2257835,1.0,1,1,2,5.0,,0.0,0,1979.0,B01,138Â 209Â 902,1.0,8.0,-1.0,1723410,1.0,7,,0.0,2.0,4.0,C01,138Â 209Â 901,1.0
1009663,201900051194,6,4,16:10,1,2,2,1.0,4.0,34172,CARDONILLE (RUE DE LA),M,"43,6362800","3,8479900",34,2019,50.0,1.0,1.0,4.0,2257835,1.0,1,1,2,5.0,,0.0,0,1979.0,B01,138Â 209Â 902,1.0,8.0,-1.0,1723411,1.0,7,,0.0,2.0,4.0,B01,138Â 209Â 902,1.0
1009664,201900051195,6,5,09:45,1,2,1,1.0,3.0,34172,MOULARES (CHEMIN DE,M,"43,5954900","3,8914200",34,2019,50.0,1.0,1.0,4.0,2257836,2.0,1,4,1,1.0,,0.0,0,1991.0,A01,138Â 209Â 898,2.0,8.0,-1.0,1723412,2.0,32,,0.0,2.0,1.0,A01,138Â 209Â 898,1.0
1009664,201900051195,6,5,09:45,1,2,1,1.0,3.0,34172,MOULARES (CHEMIN DE,M,"43,5954900","3,8914200",34,2019,50.0,1.0,1.0,4.0,2257836,2.0,1,4,1,1.0,,0.0,0,1991.0,A01,138Â 209Â 898,2.0,8.0,-1.0,1723413,2.0,10,,0.0,2.0,7.0,B01,138Â 209Â 899,1.0
1009664,201900051195,6,5,09:45,1,2,1,1.0,3.0,34172,MOULARES (CHEMIN DE,M,"43,5954900","3,8914200",34,2019,50.0,1.0,1.0,4.0,2257837,1.0,1,1,1,5.0,,0.0,0,1987.0,B01,138Â 209Â 899,1.0,0.0,-1.0,1723412,2.0,32,,0.0,2.0,1.0,A01,138Â 209Â 898,1.0
1009664,201900051195,6,5,09:45,1,2,1,1.0,3.0,34172,MOULARES (CHEMIN DE,M,"43,5954900","3,8914200",34,2019,50.0,1.0,1.0,4.0,2257837,1.0,1,1,1,5.0,,0.0,0,1987.0,B01,138Â 209Â 899,1.0,0.0,-1.0,1723413,2.0,10,,0.0,2.0,7.0,B01,138Â 209Â 899,1.0
1009665,201900051196,6,3,13:30,1,2,2,1.0,1.0,34172,LIBERTE (AVENUE DE LA,M,"43,6113600","3,8280000",34,2019,50.0,1.0,1.0,4.0,2257838,1.0,1,4,1,0.0,,0.0,0,1995.0,B01,138Â 209Â 896,2.0,0.0,-1.0,1723414,0.0,34,,0.0,2.0,1.0,B01,138Â 209Â 896,1.0
1009665,201900051196,6,3,13:30,1,2,2,1.0,1.0,34172,LIBERTE (AVENUE DE LA,M,"43,6113600","3,8280000",34,2019,50.0,1.0,1.0,4.0,2257838,1.0,1,4,1,0.0,,0.0,0,1995.0,B01,138Â 209Â 896,2.0,0.0,-1.0,1723415,2.0,7,,0.0,2.0,1.0,A01,138Â 209Â 897,1.0