Unnamed: 0_x,num_acc,mois,jour,hrmn,lum,agg,int,atm,col,com,adr,gps,lat,long,dep,annee,vma,situ,surf,catr,Unnamed: 0_y,place,catu,grav,sexe,trajet,secu,locp,actp,an_nais,num_veh_x,id_vehicule_x,secu1,secu2,secu3,Unnamed: 0,senc,catv,occutc,obs,obsm,choc,num_veh_y,id_vehicule_y,motor
1009665,201900051196,6,3,13:30,1,2,2,1.0,1.0,34172,LIBERTE (AVENUE DE LA,M,"43,6113600","3,8280000",34,2019,50.0,1.0,1.0,4.0,2257839,1.0,1,1,1,4.0,,-1.0, -1,1978.0,A01,138Â 209Â 897,1.0,0.0,-1.0,1723414,0.0,34,,0.0,2.0,1.0,B01,138Â 209Â 896,1.0
1009665,201900051196,6,3,13:30,1,2,2,1.0,1.0,34172,LIBERTE (AVENUE DE LA,M,"43,6113600","3,8280000",34,2019,50.0,1.0,1.0,4.0,2257839,1.0,1,1,1,4.0,,-1.0, -1,1978.0,A01,138Â 209Â 897,1.0,0.0,-1.0,1723415,2.0,7,,0.0,2.0,1.0,A01,138Â 209Â 897,1.0
1009666,201900051197,6,2,11:10,1,2,1,1.0,2.0,34172,LIBERTE (AVENUE DE LA,M,"43,6088600","3,8428000",34,2019,50.0,1.0,1.0,4.0,2257840,1.0,1,4,1,0.0,,0.0,0,1994.0,A01,138Â 209Â 894,2.0,0.0,-1.0,1723416,1.0,33,,0.0,2.0,1.0,A01,138Â 209Â 894,1.0
1009666,201900051197,6,2,11:10,1,2,1,1.0,2.0,34172,LIBERTE (AVENUE DE LA,M,"43,6088600","3,8428000",34,2019,50.0,1.0,1.0,4.0,2257840,1.0,1,4,1,0.0,,0.0,0,1994.0,A01,138Â 209Â 894,2.0,0.0,-1.0,1723417,1.0,10,,0.0,2.0,4.0,B01,138Â 209Â 895,1.0
1009666,201900051197,6,2,11:10,1,2,1,1.0,2.0,34172,LIBERTE (AVENUE DE LA,M,"43,6088600","3,8428000",34,2019,50.0,1.0,1.0,4.0,2257841,1.0,1,1,2,0.0,,0.0,0,1979.0,B01,138Â 209Â 895,1.0,0.0,-1.0,1723416,1.0,33,,0.0,2.0,1.0,A01,138Â 209Â 894,1.0
1009666,201900051197,6,2,11:10,1,2,1,1.0,2.0,34172,LIBERTE (AVENUE DE LA,M,"43,6088600","3,8428000",34,2019,50.0,1.0,1.0,4.0,2257841,1.0,1,1,2,0.0,,0.0,0,1979.0,B01,138Â 209Â 895,1.0,0.0,-1.0,1723417,1.0,10,,0.0,2.0,4.0,B01,138Â 209Â 895,1.0
1009667,201900051198,6,1,19:20,1,2,1,1.0,2.0,34172,GANGES (ROUTE DE,M,"43,6363900","3,8478600",34,2019,50.0,1.0,1.0,4.0,2257842,1.0,1,1,1,0.0,,0.0,0,1978.0,B01,138Â 209Â 892,1.0,0.0,-1.0,1723418,1.0,7,,0.0,2.0,4.0,B01,138Â 209Â 892,0.0
1009667,201900051198,6,1,19:20,1,2,1,1.0,2.0,34172,GANGES (ROUTE DE,M,"43,6363900","3,8478600",34,2019,50.0,1.0,1.0,4.0,2257842,1.0,1,1,1,0.0,,0.0,0,1978.0,B01,138Â 209Â 892,1.0,0.0,-1.0,1723419,1.0,7,,0.0,2.0,1.0,A01,138Â 209Â 893,0.0
1009667,201900051198,6,1,19:20,1,2,1,1.0,2.0,34172,GANGES (ROUTE DE,M,"43,6363900","3,8478600",34,2019,50.0,1.0,1.0,4.0,2257843,1.0,1,1,1,0.0,,-1.0, -1,1954.0,A01,138Â 209Â 893,1.0,0.0,-1.0,1723418,1.0,7,,0.0,2.0,4.0,B01,138Â 209Â 892,0.0
1009667,201900051198,6,1,19:20,1,2,1,1.0,2.0,34172,GANGES (ROUTE DE,M,"43,6363900","3,8478600",34,2019,50.0,1.0,1.0,4.0,2257843,1.0,1,1,1,0.0,,-1.0, -1,1954.0,A01,138Â 209Â 893,1.0,0.0,-1.0,1723419,1.0,7,,0.0,2.0,1.0,A01,138Â 209Â 893,0.0
1009667,201900051198,6,1,19:20,1,2,1,1.0,2.0,34172,GANGES (ROUTE DE,M,"43,6363900","3,8478600",34,2019,50.0,1.0,1.0,4.0,2257844,4.0,2,4,1,0.0,,0.0,0,1966.0,A01,138Â 209Â 893,1.0,0.0,-1.0,1723418,1.0,7,,0.0,2.0,4.0,B01,138Â 209Â 892,0.0
1009667,201900051198,6,1,19:20,1,2,1,1.0,2.0,34172,GANGES (ROUTE DE,M,"43,6363900","3,8478600",34,2019,50.0,1.0,1.0,4.0,2257844,4.0,2,4,1,0.0,,0.0,0,1966.0,A01,138Â 209Â 893,1.0,0.0,-1.0,1723419,1.0,7,,0.0,2.0,1.0,A01,138Â 209Â 893,0.0
1009668,201900051199,5,28,16:00,1,2,3,1.0,3.0,34172,MOULIN DE SEMALEN (RUE DU),M,"43,6097600","3,8955100",34,2019,50.0,1.0,1.0,4.0,2257845,1.0,1,1,1,1.0,,0.0,0,1968.0,B01,138Â 209Â 890,1.0,8.0,-1.0,1723420,2.0,7,,0.0,2.0,1.0,B01,138Â 209Â 890,1.0
1009668,201900051199,5,28,16:00,1,2,3,1.0,3.0,34172,MOULIN DE SEMALEN (RUE DU),M,"43,6097600","3,8955100",34,2019,50.0,1.0,1.0,4.0,2257845,1.0,1,1,1,1.0,,0.0,0,1968.0,B01,138Â 209Â 890,1.0,8.0,-1.0,1723421,1.0,1,,0.0,2.0,0.0,A01,138Â 209Â 891,5.0
1009668,201900051199,5,28,16:00,1,2,3,1.0,3.0,34172,MOULIN DE SEMALEN (RUE DU),M,"43,6097600","3,8955100",34,2019,50.0,1.0,1.0,4.0,2257846,1.0,1,4,2,0.0,,0.0,0,1982.0,A01,138Â 209Â 891,8.0,0.0,-1.0,1723420,2.0,7,,0.0,2.0,1.0,B01,138Â 209Â 890,1.0
1009668,201900051199,5,28,16:00,1,2,3,1.0,3.0,34172,MOULIN DE SEMALEN (RUE DU),M,"43,6097600","3,8955100",34,2019,50.0,1.0,1.0,4.0,2257846,1.0,1,4,2,0.0,,0.0,0,1982.0,A01,138Â 209Â 891,8.0,0.0,-1.0,1723421,1.0,1,,0.0,2.0,0.0,A01,138Â 209Â 891,5.0
1009669,201900051200,5,31,18:00,1,2,3,1.0,6.0,34172,BERTHELOT (BOULEVARD),M,"43,5997200","3,8755900",34,2019,50.0,1.0,1.0,4.0,2257847,1.0,1,4,2,0.0,,0.0,0,1959.0,A01,138Â 209Â 888,2.0,0.0,-1.0,1723422,2.0,1,,0.0,2.0,2.0,A01,138Â 209Â 888,5.0
1009669,201900051200,5,31,18:00,1,2,3,1.0,6.0,34172,BERTHELOT (BOULEVARD),M,"43,5997200","3,8755900",34,2019,50.0,1.0,1.0,4.0,2257847,1.0,1,4,2,0.0,,0.0,0,1959.0,A01,138Â 209Â 888,2.0,0.0,-1.0,1723423,2.0,31,,0.0,2.0,1.0,B01,138Â 209Â 889,1.0
1009669,201900051200,5,31,18:00,1,2,3,1.0,6.0,34172,BERTHELOT (BOULEVARD),M,"43,5997200","3,8755900",34,2019,50.0,1.0,1.0,4.0,2257848,1.0,1,1,2,0.0,,0.0,0,1993.0,B01,138Â 209Â 889,2.0,8.0,-1.0,1723422,2.0,1,,0.0,2.0,2.0,A01,138Â 209Â 888,5.0
1009669,201900051200,5,31,18:00,1,2,3,1.0,6.0,34172,BERTHELOT (BOULEVARD),M,"43,5997200","3,8755900",34,2019,50.0,1.0,1.0,4.0,2257848,1.0,1,1,2,0.0,,0.0,0,1993.0,B01,138Â 209Â 889,2.0,8.0,-1.0,1723423,2.0,31,,0.0,2.0,1.0,B01,138Â 209Â 889,1.0
1009670,201900051201,5,31,16:45,1,2,1,1.0,3.0,34172,CITADELLE (ALLEE DE LA),M,"43,6121000","3,8827300",34,2019,50.0,1.0,1.0,4.0,2257849,1.0,1,4,1,0.0,,0.0,0,1997.0,B01,138Â 209Â 886,2.0,8.0,-1.0,1723424,1.0,33,,0.0,2.0,2.0,B01,138Â 209Â 886,1.0
1009670,201900051201,5,31,16:45,1,2,1,1.0,3.0,34172,CITADELLE (ALLEE DE LA),M,"43,6121000","3,8827300",34,2019,50.0,1.0,1.0,4.0,2257849,1.0,1,4,1,0.0,,0.0,0,1997.0,B01,138Â 209Â 886,2.0,8.0,-1.0,1723425,1.0,33,,0.0,2.0,3.0,A01,138Â 209Â 887,1.0
1009670,201900051201,5,31,16:45,1,2,1,1.0,3.0,34172,CITADELLE (ALLEE DE LA),M,"43,6121000","3,8827300",34,2019,50.0,1.0,1.0,4.0,2257850,1.0,1,1,1,5.0,,0.0,0,1999.0,A01,138Â 209Â 887,2.0,8.0,-1.0,1723424,1.0,33,,0.0,2.0,2.0,B01,138Â 209Â 886,1.0
1009670,201900051201,5,31,16:45,1,2,1,1.0,3.0,34172,CITADELLE (ALLEE DE LA),M,"43,6121000","3,8827300",34,2019,50.0,1.0,1.0,4.0,2257850,1.0,1,1,1,5.0,,0.0,0,1999.0,A01,138Â 209Â 887,2.0,8.0,-1.0,1723425,1.0,33,,0.0,2.0,3.0,A01,138Â 209Â 887,1.0
1009671,201900051202,6,6,07:50,1,2,1,1.0,7.0,34032,MOULIN JEAN (AV),M,"43,3533200","3,2339000",34,2019,50.0,1.0,1.0,4.0,2257851,1.0,1,1,1,5.0,,-1.0, -1,1945.0,A01,138Â 209Â 885,1.0,8.0,-1.0,1723426,1.0,7,,0.0,1.0,1.0,A01,138Â 209Â 885,1.0
1009671,201900051202,6,6,07:50,1,2,1,1.0,7.0,34032,MOULIN JEAN (AV),M,"43,3533200","3,2339000",34,2019,50.0,1.0,1.0,4.0,2257852,10.0,3,4,1,5.0,,3.0,3,1988.0,A01,138Â 209Â 885,8.0,0.0,-1.0,1723426,1.0,7,,0.0,1.0,1.0,A01,138Â 209Â 885,1.0
1009671,201900051202,6,6,07:50,1,2,1,1.0,7.0,34032,MOULIN JEAN (AV),M,"43,3533200","3,2339000",34,2019,50.0,1.0,1.0,4.0,2257853,10.0,3,3,1,5.0,,3.0,3,1944.0,A01,138Â 209Â 885,8.0,0.0,-1.0,1723426,1.0,7,,0.0,1.0,1.0,A01,138Â 209Â 885,1.0
1009672,201900051203,6,1,15:35,1,2,1,7.0,7.0,34032,STRASBOURG (BD DE),M,"43,3472900","3,2184300",34,2019,50.0,1.0,1.0,4.0,2257854,10.0,3,3,1,0.0,,4.0,3,1955.0,A01,138Â 209Â 884,0.0,0.0,-1.0,1723427,2.0,7,,0.0,1.0,1.0,A01,138Â 209Â 884,1.0
1009672,201900051203,6,1,15:35,1,2,1,7.0,7.0,34032,STRASBOURG (BD DE),M,"43,3472900","3,2184300",34,2019,50.0,1.0,1.0,4.0,2257855,1.0,1,1,1,5.0,,0.0,0,1947.0,A01,138Â 209Â 884,1.0,0.0,-1.0,1723427,2.0,7,,0.0,1.0,1.0,A01,138Â 209Â 884,1.0
1009673,201900051204,6,19,00:06,5,2,2,3.0,3.0,33167,AVE H. DUBEDOUT,M,"44,8470700"," -0,5103000",33,2019,50.0,1.0,3.0,4.0,2257856,1.0,1,4,1,5.0,,0.0,0,1980.0,B01,138Â 209Â 879,8.0,0.0,-1.0,1723428,0.0,7,,0.0,2.0,1.0,B01,138Â 209Â 879,1.0
1009673,201900051204,6,19,00:06,5,2,2,3.0,3.0,33167,AVE H. DUBEDOUT,M,"44,8470700"," -0,5103000",33,2019,50.0,1.0,3.0,4.0,2257856,1.0,1,4,1,5.0,,0.0,0,1980.0,B01,138Â 209Â 879,8.0,0.0,-1.0,1723429,0.0,7,,0.0,2.0,6.0,A01,138Â 209Â 880,1.0
1009673,201900051204,6,19,00:06,5,2,2,3.0,3.0,33167,AVE H. DUBEDOUT,M,"44,8470700"," -0,5103000",33,2019,50.0,1.0,3.0,4.0,2257857,1.0,1,1,1,5.0,,0.0,0,1991.0,A01,138Â 209Â 880,8.0,0.0,-1.0,1723428,0.0,7,,0.0,2.0,1.0,B01,138Â 209Â 879,1.0
1009673,201900051204,6,19,00:06,5,2,2,3.0,3.0,33167,AVE H. DUBEDOUT,M,"44,8470700"," -0,5103000",33,2019,50.0,1.0,3.0,4.0,2257857,1.0,1,1,1,5.0,,0.0,0,1991.0,A01,138Â 209Â 880,8.0,0.0,-1.0,1723429,0.0,7,,0.0,2.0,6.0,A01,138Â 209Â 880,1.0
1009674,201900051205,5,29,21:30,1,2,9,1.0,3.0,33039,Rte de Toulouse / Chem de l'Epargne,M,"44,7936470"," -0,5674810",33,2019,50.0,1.0,1.0,4.0,2257858,1.0,1,1,1,0.0,,-1.0, -1,1995.0,A01,138Â 209Â 877,8.0,0.0,-1.0,1723430,0.0,7,,0.0,2.0,3.0,A01,138Â 209Â 877,1.0
1009674,201900051205,5,29,21:30,1,2,9,1.0,3.0,33039,Rte de Toulouse / Chem de l'Epargne,M,"44,7936470"," -0,5674810",33,2019,50.0,1.0,1.0,4.0,2257858,1.0,1,1,1,0.0,,-1.0, -1,1995.0,A01,138Â 209Â 877,8.0,0.0,-1.0,1723431,0.0,30,,0.0,2.0,1.0,B01,138Â 209Â 878,1.0
1009674,201900051205,5,29,21:30,1,2,9,1.0,3.0,33039,Rte de Toulouse / Chem de l'Epargne,M,"44,7936470"," -0,5674810",33,2019,50.0,1.0,1.0,4.0,2257859,2.0,2,4,1,0.0,,0.0, -1,2000.0,B01,138Â 209Â 878,2.0,0.0,-1.0,1723430,0.0,7,,0.0,2.0,3.0,A01,138Â 209Â 877,1.0
1009674,201900051205,5,29,21:30,1,2,9,1.0,3.0,33039,Rte de Toulouse / Chem de l'Epargne,M,"44,7936470"," -0,5674810",33,2019,50.0,1.0,1.0,4.0,2257859,2.0,2,4,1,0.0,,0.0, -1,2000.0,B01,138Â 209Â 878,2.0,0.0,-1.0,1723431,0.0,30,,0.0,2.0,1.0,B01,138Â 209Â 878,1.0
1009674,201900051205,5,29,21:30,1,2,9,1.0,3.0,33039,Rte de Toulouse / Chem de l'Epargne,M,"44,7936470"," -0,5674810",33,2019,50.0,1.0,1.0,4.0,2257860,1.0,1,4,1,0.0,,-1.0, -1,2000.0,B01,138Â 209Â 878,2.0,0.0,-1.0,1723430,0.0,7,,0.0,2.0,3.0,A01,138Â 209Â 877,1.0
1009674,201900051205,5,29,21:30,1,2,9,1.0,3.0,33039,Rte de Toulouse / Chem de l'Epargne,M,"44,7936470"," -0,5674810",33,2019,50.0,1.0,1.0,4.0,2257860,1.0,1,4,1,0.0,,-1.0, -1,2000.0,B01,138Â 209Â 878,2.0,0.0,-1.0,1723431,0.0,30,,0.0,2.0,1.0,B01,138Â 209Â 878,1.0
1009675,201900051206,6,17,08:00,1,2,2,1.0,3.0,33075,RUE DES REDUITS,M,"44,8841800"," -0,5990700",33,2019,50.0,1.0,1.0,4.0,2257861,1.0,1,1,1,0.0,,0.0,0,1990.0,B01,138Â 209Â 875,1.0,0.0,-1.0,1723432,2.0,7,,0.0,2.0,1.0,B01,138Â 209Â 875,1.0
1009675,201900051206,6,17,08:00,1,2,2,1.0,3.0,33075,RUE DES REDUITS,M,"44,8841800"," -0,5990700",33,2019,50.0,1.0,1.0,4.0,2257861,1.0,1,1,1,0.0,,0.0,0,1990.0,B01,138Â 209Â 875,1.0,0.0,-1.0,1723433,1.0,31,,0.0,2.0,2.0,A01,138Â 209Â 876,1.0
1009675,201900051206,6,17,08:00,1,2,2,1.0,3.0,33075,RUE DES REDUITS,M,"44,8841800"," -0,5990700",33,2019,50.0,1.0,1.0,4.0,2257862,1.0,1,4,1,0.0,,0.0,0,1966.0,A01,138Â 209Â 876,2.0,6.0,-1.0,1723432,2.0,7,,0.0,2.0,1.0,B01,138Â 209Â 875,1.0
1009675,201900051206,6,17,08:00,1,2,2,1.0,3.0,33075,RUE DES REDUITS,M,"44,8841800"," -0,5990700",33,2019,50.0,1.0,1.0,4.0,2257862,1.0,1,4,1,0.0,,0.0,0,1966.0,A01,138Â 209Â 876,2.0,6.0,-1.0,1723433,1.0,31,,0.0,2.0,2.0,A01,138Â 209Â 876,1.0
1009676,201900051207,5,30,17:00,1,2,2,1.0,3.0,33069,AVE PIERRE BROSSOLETTE,M,"44,8580900"," -0,6003500",33,2019,30.0,1.0,1.0,4.0,2257863,2.0,2,4,1,5.0,,0.0, -1,1995.0,B01,138Â 209Â 873,1.0,0.0,-1.0,1723434,0.0,7,,0.0,2.0,8.0,B01,138Â 209Â 873,1.0
1009676,201900051207,5,30,17:00,1,2,2,1.0,3.0,33069,AVE PIERRE BROSSOLETTE,M,"44,8580900"," -0,6003500",33,2019,30.0,1.0,1.0,4.0,2257863,2.0,2,4,1,5.0,,0.0, -1,1995.0,B01,138Â 209Â 873,1.0,0.0,-1.0,1723435,0.0,7,,0.0,2.0,1.0,A01,138Â 209Â 874,1.0
1009676,201900051207,5,30,17:00,1,2,2,1.0,3.0,33069,AVE PIERRE BROSSOLETTE,M,"44,8580900"," -0,6003500",33,2019,30.0,1.0,1.0,4.0,2257864,2.0,2,4,1,5.0,,0.0, -1,2018.0,B01,138Â 209Â 873,1.0,0.0,-1.0,1723434,0.0,7,,0.0,2.0,8.0,B01,138Â 209Â 873,1.0
1009676,201900051207,5,30,17:00,1,2,2,1.0,3.0,33069,AVE PIERRE BROSSOLETTE,M,"44,8580900"," -0,6003500",33,2019,30.0,1.0,1.0,4.0,2257864,2.0,2,4,1,5.0,,0.0, -1,2018.0,B01,138Â 209Â 873,1.0,0.0,-1.0,1723435,0.0,7,,0.0,2.0,1.0,A01,138Â 209Â 874,1.0
1009676,201900051207,5,30,17:00,1,2,2,1.0,3.0,33069,AVE PIERRE BROSSOLETTE,M,"44,8580900"," -0,6003500",33,2019,30.0,1.0,1.0,4.0,2257865,1.0,1,4,1,5.0,,0.0, -1,1992.0,B01,138Â 209Â 873,1.0,0.0,-1.0,1723434,0.0,7,,0.0,2.0,8.0,B01,138Â 209Â 873,1.0
1009676,201900051207,5,30,17:00,1,2,2,1.0,3.0,33069,AVE PIERRE BROSSOLETTE,M,"44,8580900"," -0,6003500",33,2019,30.0,1.0,1.0,4.0,2257865,1.0,1,4,1,5.0,,0.0, -1,1992.0,B01,138Â 209Â 873,1.0,0.0,-1.0,1723435,0.0,7,,0.0,2.0,1.0,A01,138Â 209Â 874,1.0
1009676,201900051207,5,30,17:00,1,2,2,1.0,3.0,33069,AVE PIERRE BROSSOLETTE,M,"44,8580900"," -0,6003500",33,2019,30.0,1.0,1.0,4.0,2257866,2.0,2,4,2,5.0,,0.0, -1,1992.0,B01,138Â 209Â 873,1.0,0.0,-1.0,1723434,0.0,7,,0.0,2.0,8.0,B01,138Â 209Â 873,1.0
1009676,201900051207,5,30,17:00,1,2,2,1.0,3.0,33069,AVE PIERRE BROSSOLETTE,M,"44,8580900"," -0,6003500",33,2019,30.0,1.0,1.0,4.0,2257866,2.0,2,4,2,5.0,,0.0, -1,1992.0,B01,138Â 209Â 873,1.0,0.0,-1.0,1723435,0.0,7,,0.0,2.0,1.0,A01,138Â 209Â 874,1.0
1009676,201900051207,5,30,17:00,1,2,2,1.0,3.0,33069,AVE PIERRE BROSSOLETTE,M,"44,8580900"," -0,6003500",33,2019,30.0,1.0,1.0,4.0,2257867,1.0,1,1,1,5.0,,0.0, -1,1949.0,A01,138Â 209Â 874,1.0,0.0,-1.0,1723434,0.0,7,,0.0,2.0,8.0,B01,138Â 209Â 873,1.0
1009676,201900051207,5,30,17:00,1,2,2,1.0,3.0,33069,AVE PIERRE BROSSOLETTE,M,"44,8580900"," -0,6003500",33,2019,30.0,1.0,1.0,4.0,2257867,1.0,1,1,1,5.0,,0.0, -1,1949.0,A01,138Â 209Â 874,1.0,0.0,-1.0,1723435,0.0,7,,0.0,2.0,1.0,A01,138Â 209Â 874,1.0
1009677,201900051208,6,16,02:20,5,2,1,1.0,6.0,33318,AVE DE BEUTRE,M,"44,8018000"," -0,6790400",33,2019,50.0,1.0,1.0,4.0,2257868,1.0,1,3,1,5.0,,-1.0, -1,1992.0,A01,138Â 209Â 872,8.0,0.0,-1.0,1723436,0.0,31,,8.0,0.0,1.0,A01,138Â 209Â 872,1.0
1009678,201900051209,6,16,00:45,5,2,1,1.0,6.0,33063,BD JOLIOT-CURIE sens Cenon - Bordeaux,M,"44,8406500"," -0,5436500",33,2019,70.0,1.0,1.0,4.0,2257869,1.0,2,4,1,5.0,,-1.0, -1,1967.0,A01,138Â 209Â 871,1.0,5.0,-1.0,1723437,1.0,7,,4.0,0.0,1.0,A01,138Â 209Â 871,1.0
1009678,201900051209,6,16,00:45,5,2,1,1.0,6.0,33063,BD JOLIOT-CURIE sens Cenon - Bordeaux,M,"44,8406500"," -0,5436500",33,2019,70.0,1.0,1.0,4.0,2257870,1.0,1,1,1,5.0,,-1.0, -1,1988.0,A01,138Â 209Â 871,1.0,5.0,-1.0,1723437,1.0,7,,4.0,0.0,1.0,A01,138Â 209Â 871,1.0
1009679,201900051210,6,15,19:45,1,2,3,1.0,3.0,33281,AVE PIERRE MENDES FRANCE,M,"44,8147900"," -0,6347900",33,2019,50.0,1.0,1.0,4.0,2257871,1.0,1,3,2,0.0,,0.0,0,1971.0,B01,138Â 209Â 869,8.0,0.0,-1.0,1723438,1.0,1,,0.0,2.0,1.0,B01,138Â 209Â 869,5.0
1009679,201900051210,6,15,19:45,1,2,3,1.0,3.0,33281,AVE PIERRE MENDES FRANCE,M,"44,8147900"," -0,6347900",33,2019,50.0,1.0,1.0,4.0,2257871,1.0,1,3,2,0.0,,0.0,0,1971.0,B01,138Â 209Â 869,8.0,0.0,-1.0,1723439,1.0,7,,0.0,2.0,6.0,A01,138Â 209Â 870,1.0
1009679,201900051210,6,15,19:45,1,2,3,1.0,3.0,33281,AVE PIERRE MENDES FRANCE,M,"44,8147900"," -0,6347900",33,2019,50.0,1.0,1.0,4.0,2257872,2.0,2,1,2,0.0,,0.0,0,1991.0,A01,138Â 209Â 870,8.0,0.0,-1.0,1723438,1.0,1,,0.0,2.0,1.0,B01,138Â 209Â 869,5.0
1009679,201900051210,6,15,19:45,1,2,3,1.0,3.0,33281,AVE PIERRE MENDES FRANCE,M,"44,8147900"," -0,6347900",33,2019,50.0,1.0,1.0,4.0,2257872,2.0,2,1,2,0.0,,0.0,0,1991.0,A01,138Â 209Â 870,8.0,0.0,-1.0,1723439,1.0,7,,0.0,2.0,6.0,A01,138Â 209Â 870,1.0
1009679,201900051210,6,15,19:45,1,2,3,1.0,3.0,33281,AVE PIERRE MENDES FRANCE,M,"44,8147900"," -0,6347900",33,2019,50.0,1.0,1.0,4.0,2257873,1.0,1,1,2,0.0,,0.0,0,1995.0,A01,138Â 209Â 870,8.0,0.0,-1.0,1723438,1.0,1,,0.0,2.0,1.0,B01,138Â 209Â 869,5.0
1009679,201900051210,6,15,19:45,1,2,3,1.0,3.0,33281,AVE PIERRE MENDES FRANCE,M,"44,8147900"," -0,6347900",33,2019,50.0,1.0,1.0,4.0,2257873,1.0,1,1,2,0.0,,0.0,0,1995.0,A01,138Â 209Â 870,8.0,0.0,-1.0,1723439,1.0,7,,0.0,2.0,6.0,A01,138Â 209Â 870,1.0
1009680,201900051211,6,14,16:55,1,2,3,1.0,3.0,33063,38 RTE DE TOULOUSE,M,"44,8131800"," -0,5733100",33,2019,50.0,1.0,1.0,4.0,2257874,1.0,1,1,1,0.0,,0.0,0,1986.0,A01,138Â 209Â 867,2.0,6.0,-1.0,1723440,1.0,33,,0.0,2.0,5.0,A01,138Â 209Â 867,1.0
1009680,201900051211,6,14,16:55,1,2,3,1.0,3.0,33063,38 RTE DE TOULOUSE,M,"44,8131800"," -0,5733100",33,2019,50.0,1.0,1.0,4.0,2257874,1.0,1,1,1,0.0,,0.0,0,1986.0,A01,138Â 209Â 867,2.0,6.0,-1.0,1723441,1.0,1,,0.0,0.0,8.0,B01,138Â 209Â 868,5.0
1009680,201900051211,6,14,16:55,1,2,3,1.0,3.0,33063,38 RTE DE TOULOUSE,M,"44,8131800"," -0,5733100",33,2019,50.0,1.0,1.0,4.0,2257875,1.0,1,4,1,5.0,,0.0,0,1977.0,B01,138Â 209Â 868,8.0,0.0,-1.0,1723440,1.0,33,,0.0,2.0,5.0,A01,138Â 209Â 867,1.0
1009680,201900051211,6,14,16:55,1,2,3,1.0,3.0,33063,38 RTE DE TOULOUSE,M,"44,8131800"," -0,5733100",33,2019,50.0,1.0,1.0,4.0,2257875,1.0,1,4,1,5.0,,0.0,0,1977.0,B01,138Â 209Â 868,8.0,0.0,-1.0,1723441,1.0,1,,0.0,0.0,8.0,B01,138Â 209Â 868,5.0
1009681,201900051212,5,29,15:40,1,2,6,1.0,6.0,33063,PCE RENE MARAN,M,"44,8756000"," -0,5534900",33,2019,50.0,1.0,1.0,4.0,2257876,1.0,1,1,1,1.0,,-1.0, -1,1984.0,B01,138Â 209Â 865,1.0,0.0,-1.0,1723442,0.0,10,,0.0,2.0,2.0,B01,138Â 209Â 865,1.0
1009681,201900051212,5,29,15:40,1,2,6,1.0,6.0,33063,PCE RENE MARAN,M,"44,8756000"," -0,5534900",33,2019,50.0,1.0,1.0,4.0,2257876,1.0,1,1,1,1.0,,-1.0, -1,1984.0,B01,138Â 209Â 865,1.0,0.0,-1.0,1723443,0.0,31,,0.0,2.0,3.0,A01,138Â 209Â 866,6.0
1009681,201900051212,5,29,15:40,1,2,6,1.0,6.0,33063,PCE RENE MARAN,M,"44,8756000"," -0,5534900",33,2019,50.0,1.0,1.0,4.0,2257877,1.0,1,4,1,1.0,,-1.0, -1,1953.0,A01,138Â 209Â 866,8.0,0.0,-1.0,1723442,0.0,10,,0.0,2.0,2.0,B01,138Â 209Â 865,1.0
1009681,201900051212,5,29,15:40,1,2,6,1.0,6.0,33063,PCE RENE MARAN,M,"44,8756000"," -0,5534900",33,2019,50.0,1.0,1.0,4.0,2257877,1.0,1,4,1,1.0,,-1.0, -1,1953.0,A01,138Â 209Â 866,8.0,0.0,-1.0,1723443,0.0,31,,0.0,2.0,3.0,A01,138Â 209Â 866,6.0
1009682,201900051213,5,26,06:50,1,2,4,1.0,3.0,33318,AVE DU GENERAL LECLERC,M,"44,7991000"," -0,6631800",33,2019,50.0,1.0,1.0,4.0,2257878,1.0,1,1,2,5.0,,-1.0,0,1954.0,B01,138Â 209Â 863,1.0,0.0,-1.0,1723444,0.0,7,,0.0,2.0,1.0,B01,138Â 209Â 863,1.0
1009682,201900051213,5,26,06:50,1,2,4,1.0,3.0,33318,AVE DU GENERAL LECLERC,M,"44,7991000"," -0,6631800",33,2019,50.0,1.0,1.0,4.0,2257878,1.0,1,1,2,5.0,,-1.0,0,1954.0,B01,138Â 209Â 863,1.0,0.0,-1.0,1723445,0.0,7,,8.0,2.0,8.0,A01,138Â 209Â 864,1.0
1009682,201900051213,5,26,06:50,1,2,4,1.0,3.0,33318,AVE DU GENERAL LECLERC,M,"44,7991000"," -0,6631800",33,2019,50.0,1.0,1.0,4.0,2257879,1.0,1,4,2,0.0,,-1.0, -1,1996.0,A01,138Â 209Â 864,1.0,0.0,-1.0,1723444,0.0,7,,0.0,2.0,1.0,B01,138Â 209Â 863,1.0
1009682,201900051213,5,26,06:50,1,2,4,1.0,3.0,33318,AVE DU GENERAL LECLERC,M,"44,7991000"," -0,6631800",33,2019,50.0,1.0,1.0,4.0,2257879,1.0,1,4,2,0.0,,-1.0, -1,1996.0,A01,138Â 209Â 864,1.0,0.0,-1.0,1723445,0.0,7,,8.0,2.0,8.0,A01,138Â 209Â 864,1.0
1009683,201900051214,5,22,11:30,1,2,2,1.0,6.0,33063,RUE BLANQUI,M,"44,8699180"," -0,5507130",33,2019,50.0,1.0,1.0,4.0,2257880,1.0,1,1,1,0.0,,0.0, -1,1969.0,A01,138Â 209Â 861,8.0,0.0,-1.0,1723446,0.0,7,,0.0,2.0,1.0,A01,138Â 209Â 861,1.0