Unnamed: 0_x,num_acc,mois,jour,hrmn,lum,agg,int,atm,col,com,adr,gps,lat,long,dep,annee,vma,situ,surf,catr,Unnamed: 0_y,place,catu,grav,sexe,trajet,secu,locp,actp,an_nais,num_veh_x,id_vehicule_x,secu1,secu2,secu3,Unnamed: 0,senc,catv,occutc,obs,obsm,choc,num_veh_y,id_vehicule_y,motor
1009683,201900051214,5,22,11:30,1,2,2,1.0,6.0,33063,RUE BLANQUI,M,"44,8699180"," -0,5507130",33,2019,50.0,1.0,1.0,4.0,2257880,1.0,1,1,1,0.0,,0.0, -1,1969.0,A01,138Â 209Â 861,8.0,0.0,-1.0,1723447,0.0,1,,0.0,2.0,1.0,B01,138Â 209Â 862,5.0
1009683,201900051214,5,22,11:30,1,2,2,1.0,6.0,33063,RUE BLANQUI,M,"44,8699180"," -0,5507130",33,2019,50.0,1.0,1.0,4.0,2257881,1.0,1,4,1,1.0,,0.0, -1,1961.0,B01,138Â 209Â 862,8.0,0.0,-1.0,1723446,0.0,7,,0.0,2.0,1.0,A01,138Â 209Â 861,1.0
1009683,201900051214,5,22,11:30,1,2,2,1.0,6.0,33063,RUE BLANQUI,M,"44,8699180"," -0,5507130",33,2019,50.0,1.0,1.0,4.0,2257881,1.0,1,4,1,1.0,,0.0, -1,1961.0,B01,138Â 209Â 862,8.0,0.0,-1.0,1723447,0.0,1,,0.0,2.0,1.0,B01,138Â 209Â 862,5.0
1009684,201900051215,6,12,13:00,1,2,3,3.0,2.0,33063,RUE BERNARD ADOUR CAUD,M,"44,8382400"," -0,6093040",33,2019,50.0,1.0,2.0,4.0,2257882,1.0,1,1,1,4.0,,0.0,0,2000.0,A01,138Â 209Â 859,8.0,0.0,-1.0,1723448,3.0,10,,0.0,0.0,4.0,A01,138Â 209Â 859,1.0
1009684,201900051215,6,12,13:00,1,2,3,3.0,2.0,33063,RUE BERNARD ADOUR CAUD,M,"44,8382400"," -0,6093040",33,2019,50.0,1.0,2.0,4.0,2257882,1.0,1,1,1,4.0,,0.0,0,2000.0,A01,138Â 209Â 859,8.0,0.0,-1.0,1723449,1.0,1,,1.0,0.0,1.0,B01,138Â 209Â 860,5.0
1009684,201900051215,6,12,13:00,1,2,3,3.0,2.0,33063,RUE BERNARD ADOUR CAUD,M,"44,8382400"," -0,6093040",33,2019,50.0,1.0,2.0,4.0,2257883,1.0,1,4,1,2.0,,0.0,0,2006.0,B01,138Â 209Â 860,8.0,0.0,-1.0,1723448,3.0,10,,0.0,0.0,4.0,A01,138Â 209Â 859,1.0
1009684,201900051215,6,12,13:00,1,2,3,3.0,2.0,33063,RUE BERNARD ADOUR CAUD,M,"44,8382400"," -0,6093040",33,2019,50.0,1.0,2.0,4.0,2257883,1.0,1,4,1,2.0,,0.0,0,2006.0,B01,138Â 209Â 860,8.0,0.0,-1.0,1723449,1.0,1,,1.0,0.0,1.0,B01,138Â 209Â 860,5.0
1009685,201900051216,5,21,20:30,1,2,1,1.0,6.0,33063,LOUIS XVIII (QUAI ),M,"44,8484000"," -0,5703600",33,2019,20.0,5.0,1.0,4.0,2257884,1.0,1,4,1,1.0,,-1.0, -1,1982.0,A01,138Â 209Â 857,8.0,0.0,-1.0,1723450,0.0,50,,0.0,2.0,1.0,A01,138Â 209Â 857,3.0
1009685,201900051216,5,21,20:30,1,2,1,1.0,6.0,33063,LOUIS XVIII (QUAI ),M,"44,8484000"," -0,5703600",33,2019,20.0,5.0,1.0,4.0,2257884,1.0,1,4,1,1.0,,-1.0, -1,1982.0,A01,138Â 209Â 857,8.0,0.0,-1.0,1723451,0.0,1,,0.0,2.0,0.0,B01,138Â 209Â 858,5.0
1009685,201900051216,5,21,20:30,1,2,1,1.0,6.0,33063,LOUIS XVIII (QUAI ),M,"44,8484000"," -0,5703600",33,2019,20.0,5.0,1.0,4.0,2257885,1.0,1,4,1,0.0,,-1.0, -1,1996.0,B01,138Â 209Â 858,8.0,0.0,-1.0,1723450,0.0,50,,0.0,2.0,1.0,A01,138Â 209Â 857,3.0
1009685,201900051216,5,21,20:30,1,2,1,1.0,6.0,33063,LOUIS XVIII (QUAI ),M,"44,8484000"," -0,5703600",33,2019,20.0,5.0,1.0,4.0,2257885,1.0,1,4,1,0.0,,-1.0, -1,1996.0,B01,138Â 209Â 858,8.0,0.0,-1.0,1723451,0.0,1,,0.0,2.0,0.0,B01,138Â 209Â 858,5.0
1009686,201900051217,5,23,17:40,1,1,1,1.0,6.0,33065,RUE DE LA GABARE,M,"44,8151000"," -0,5224000",33,2019,50.0,1.0,1.0,6.0,2257886,1.0,1,4,1,0.0,,-1.0, -1,1995.0,B01,138Â 209Â 855,1.0,5.0,-1.0,1723452,0.0,7,,0.0,2.0,1.0,B01,138Â 209Â 855,1.0
1009686,201900051217,5,23,17:40,1,1,1,1.0,6.0,33065,RUE DE LA GABARE,M,"44,8151000"," -0,5224000",33,2019,50.0,1.0,1.0,6.0,2257886,1.0,1,4,1,0.0,,-1.0, -1,1995.0,B01,138Â 209Â 855,1.0,5.0,-1.0,1723453,0.0,10,,0.0,2.0,1.0,A01,138Â 209Â 856,1.0
1009686,201900051217,5,23,17:40,1,1,1,1.0,6.0,33065,RUE DE LA GABARE,M,"44,8151000"," -0,5224000",33,2019,50.0,1.0,1.0,6.0,2257887,1.0,1,4,1,0.0,,-1.0, -1,1978.0,A01,138Â 209Â 856,1.0,5.0,-1.0,1723452,0.0,7,,0.0,2.0,1.0,B01,138Â 209Â 855,1.0
1009686,201900051217,5,23,17:40,1,1,1,1.0,6.0,33065,RUE DE LA GABARE,M,"44,8151000"," -0,5224000",33,2019,50.0,1.0,1.0,6.0,2257887,1.0,1,4,1,0.0,,-1.0, -1,1978.0,A01,138Â 209Â 856,1.0,5.0,-1.0,1723453,0.0,10,,0.0,2.0,1.0,A01,138Â 209Â 856,1.0
1009687,201900051218,5,17,08:30,1,2,2,2.0,6.0,33063,BD DU PRESIDENT WILSON,M,"44,8365990"," -0,5988884",33,2019,40.0,1.0,2.0,4.0,2257888,1.0,1,1,2,0.0,,0.0,0,1987.0,A01,138Â 209Â 853,8.0,0.0,-1.0,1723454,2.0,1,,0.0,2.0,0.0,A01,138Â 209Â 853,5.0
1009687,201900051218,5,17,08:30,1,2,2,2.0,6.0,33063,BD DU PRESIDENT WILSON,M,"44,8365990"," -0,5988884",33,2019,40.0,1.0,2.0,4.0,2257888,1.0,1,1,2,0.0,,0.0,0,1987.0,A01,138Â 209Â 853,8.0,0.0,-1.0,1723455,2.0,7,,0.0,2.0,6.0,B01,138Â 209Â 854,1.0
1009687,201900051218,5,17,08:30,1,2,2,2.0,6.0,33063,BD DU PRESIDENT WILSON,M,"44,8365990"," -0,5988884",33,2019,40.0,1.0,2.0,4.0,2257889,1.0,1,4,2,0.0,,0.0,0,1968.0,B01,138Â 209Â 854,8.0,0.0,-1.0,1723454,2.0,1,,0.0,2.0,0.0,A01,138Â 209Â 853,5.0
1009687,201900051218,5,17,08:30,1,2,2,2.0,6.0,33063,BD DU PRESIDENT WILSON,M,"44,8365990"," -0,5988884",33,2019,40.0,1.0,2.0,4.0,2257889,1.0,1,4,2,0.0,,0.0,0,1968.0,B01,138Â 209Â 854,8.0,0.0,-1.0,1723455,2.0,7,,0.0,2.0,6.0,B01,138Â 209Â 854,1.0
1009688,201900051219,6,11,15:20,1,2,3,1.0,6.0,33075,Rte du MÃ©doc / AccÃ¨s parking centre commercial,M,"44,8752000"," -0,6195600",33,2019,50.0,8.0,1.0,4.0,2257890,1.0,1,3,1,5.0,,0.0,0,1972.0,A01,138Â 209Â 852,8.0,0.0,-1.0,1723456,1.0,7,,2.0,1.0,1.0,A01,138Â 209Â 852,1.0
1009688,201900051219,6,11,15:20,1,2,3,1.0,6.0,33075,Rte du MÃ©doc / AccÃ¨s parking centre commercial,M,"44,8752000"," -0,6195600",33,2019,50.0,8.0,1.0,4.0,2257891,10.0,3,3,1,5.0,,5.0,9,1935.0,A01,138Â 209Â 852,8.0,0.0,-1.0,1723456,1.0,7,,2.0,1.0,1.0,A01,138Â 209Â 852,1.0
1009689,201900051220,6,11,13:00,1,2,4,1.0,2.0,33550,RUE DE LA CROIX DE MONJOUS,M,"44,7805300"," -0,5861800",33,2019,50.0,1.0,1.0,1.0,2257892,1.0,1,1,1,5.0,,0.0,0,1962.0,B01,138Â 209Â 850,1.0,0.0,-1.0,1723457,1.0,7,,0.0,2.0,4.0,B01,138Â 209Â 850,1.0
1009689,201900051220,6,11,13:00,1,2,4,1.0,2.0,33550,RUE DE LA CROIX DE MONJOUS,M,"44,7805300"," -0,5861800",33,2019,50.0,1.0,1.0,1.0,2257892,1.0,1,1,1,5.0,,0.0,0,1962.0,B01,138Â 209Â 850,1.0,0.0,-1.0,1723458,1.0,7,,0.0,2.0,1.0,A01,138Â 209Â 851,1.0
1009689,201900051220,6,11,13:00,1,2,4,1.0,2.0,33550,RUE DE LA CROIX DE MONJOUS,M,"44,7805300"," -0,5861800",33,2019,50.0,1.0,1.0,1.0,2257893,2.0,2,4,2,5.0,,0.0,0,2016.0,B01,138Â 209Â 850,1.0,0.0,-1.0,1723457,1.0,7,,0.0,2.0,4.0,B01,138Â 209Â 850,1.0
1009689,201900051220,6,11,13:00,1,2,4,1.0,2.0,33550,RUE DE LA CROIX DE MONJOUS,M,"44,7805300"," -0,5861800",33,2019,50.0,1.0,1.0,1.0,2257893,2.0,2,4,2,5.0,,0.0,0,2016.0,B01,138Â 209Â 850,1.0,0.0,-1.0,1723458,1.0,7,,0.0,2.0,1.0,A01,138Â 209Â 851,1.0
1009689,201900051220,6,11,13:00,1,2,4,1.0,2.0,33550,RUE DE LA CROIX DE MONJOUS,M,"44,7805300"," -0,5861800",33,2019,50.0,1.0,1.0,1.0,2257894,1.0,1,1,1,5.0,,0.0,0,1989.0,A01,138Â 209Â 851,1.0,0.0,-1.0,1723457,1.0,7,,0.0,2.0,4.0,B01,138Â 209Â 850,1.0
1009689,201900051220,6,11,13:00,1,2,4,1.0,2.0,33550,RUE DE LA CROIX DE MONJOUS,M,"44,7805300"," -0,5861800",33,2019,50.0,1.0,1.0,1.0,2257894,1.0,1,1,1,5.0,,0.0,0,1989.0,A01,138Â 209Â 851,1.0,0.0,-1.0,1723458,1.0,7,,0.0,2.0,1.0,A01,138Â 209Â 851,1.0
1009690,201900051221,5,13,09:30,1,2,2,1.0,6.0,33063,CRS MARECHAL JUIN,M,"44,8345100"," -0,5884500",33,2019,50.0,1.0,1.0,4.0,2257895,1.0,1,1,1,0.0,,0.0,0,1977.0,A01,138Â 209Â 849,8.0,0.0,-1.0,1723459,0.0,1,,0.0,1.0,1.0,A01,138Â 209Â 849,1.0
1009690,201900051221,5,13,09:30,1,2,2,1.0,6.0,33063,CRS MARECHAL JUIN,M,"44,8345100"," -0,5884500",33,2019,50.0,1.0,1.0,4.0,2257896,10.0,3,3,2,0.0,,4.0,3,1965.0,A01,138Â 209Â 849,8.0,0.0,-1.0,1723459,0.0,1,,0.0,1.0,1.0,A01,138Â 209Â 849,1.0
1009691,201900051222,5,16,14:40,1,2,3,1.0,2.0,33075,RUE PIERRE DUCASSE,M,"44,8836000"," -0,5936000",33,2019,50.0,1.0,1.0,4.0,2257897,1.0,1,4,1,0.0,,0.0,0,1969.0,B01,138Â 209Â 847,8.0,0.0,-1.0,1723460,0.0,7,,0.0,2.0,3.0,B01,138Â 209Â 847,1.0
1009691,201900051222,5,16,14:40,1,2,3,1.0,2.0,33075,RUE PIERRE DUCASSE,M,"44,8836000"," -0,5936000",33,2019,50.0,1.0,1.0,4.0,2257897,1.0,1,4,1,0.0,,0.0,0,1969.0,B01,138Â 209Â 847,8.0,0.0,-1.0,1723461,0.0,7,,0.0,2.0,4.0,A01,138Â 209Â 848,1.0
1009691,201900051222,5,16,14:40,1,2,3,1.0,2.0,33075,RUE PIERRE DUCASSE,M,"44,8836000"," -0,5936000",33,2019,50.0,1.0,1.0,4.0,2257898,1.0,1,1,2,0.0,,0.0,0,1986.0,A01,138Â 209Â 848,8.0,0.0,-1.0,1723460,0.0,7,,0.0,2.0,3.0,B01,138Â 209Â 847,1.0
1009691,201900051222,5,16,14:40,1,2,3,1.0,2.0,33075,RUE PIERRE DUCASSE,M,"44,8836000"," -0,5936000",33,2019,50.0,1.0,1.0,4.0,2257898,1.0,1,1,2,0.0,,0.0,0,1986.0,A01,138Â 209Â 848,8.0,0.0,-1.0,1723461,0.0,7,,0.0,2.0,4.0,A01,138Â 209Â 848,1.0
1009692,201900051223,6,9,01:05,5,2,4,1.0,3.0,33063,CRS D'ALSACE ET LORRAINE,M,"44,8379900"," -0,5677200",33,2019,30.0,1.0,1.0,4.0,2257899,1.0,1,1,1,0.0,,0.0,0,2000.0,A01,138Â 209Â 845,8.0,0.0,-1.0,1723462,2.0,7,,0.0,2.0,1.0,A01,138Â 209Â 845,1.0
1009692,201900051223,6,9,01:05,5,2,4,1.0,3.0,33063,CRS D'ALSACE ET LORRAINE,M,"44,8379900"," -0,5677200",33,2019,30.0,1.0,1.0,4.0,2257899,1.0,1,1,1,0.0,,0.0,0,2000.0,A01,138Â 209Â 845,8.0,0.0,-1.0,1723463,0.0,1,,0.0,2.0,8.0,B01,138Â 209Â 846,5.0
1009692,201900051223,6,9,01:05,5,2,4,1.0,3.0,33063,CRS D'ALSACE ET LORRAINE,M,"44,8379900"," -0,5677200",33,2019,30.0,1.0,1.0,4.0,2257900,1.0,1,4,2,0.0,,0.0,0,1989.0,B01,138Â 209Â 846,8.0,0.0,-1.0,1723462,2.0,7,,0.0,2.0,1.0,A01,138Â 209Â 845,1.0
1009692,201900051223,6,9,01:05,5,2,4,1.0,3.0,33063,CRS D'ALSACE ET LORRAINE,M,"44,8379900"," -0,5677200",33,2019,30.0,1.0,1.0,4.0,2257900,1.0,1,4,2,0.0,,0.0,0,1989.0,B01,138Â 209Â 846,8.0,0.0,-1.0,1723463,0.0,1,,0.0,2.0,8.0,B01,138Â 209Â 846,5.0
1009693,201900051224,6,9,00:15,5,2,2,1.0,3.0,33119,AVE JEAN JAURES,M,"44,8570000"," -0,5323200",33,2019,50.0,1.0,1.0,4.0,2257901,2.0,2,4,2,5.0,,-1.0, -1,1948.0,B01,138Â 209Â 843,1.0,5.0,-1.0,1723464,2.0,7,,0.0,2.0,6.0,B01,138Â 209Â 843,1.0
1009693,201900051224,6,9,00:15,5,2,2,1.0,3.0,33119,AVE JEAN JAURES,M,"44,8570000"," -0,5323200",33,2019,50.0,1.0,1.0,4.0,2257901,2.0,2,4,2,5.0,,-1.0, -1,1948.0,B01,138Â 209Â 843,1.0,5.0,-1.0,1723465,2.0,7,,0.0,2.0,2.0,A01,138Â 209Â 844,1.0
1009693,201900051224,6,9,00:15,5,2,2,1.0,3.0,33119,AVE JEAN JAURES,M,"44,8570000"," -0,5323200",33,2019,50.0,1.0,1.0,4.0,2257902,1.0,1,4,1,5.0,,-1.0, -1,1949.0,B01,138Â 209Â 843,8.0,0.0,-1.0,1723464,2.0,7,,0.0,2.0,6.0,B01,138Â 209Â 843,1.0
1009693,201900051224,6,9,00:15,5,2,2,1.0,3.0,33119,AVE JEAN JAURES,M,"44,8570000"," -0,5323200",33,2019,50.0,1.0,1.0,4.0,2257902,1.0,1,4,1,5.0,,-1.0, -1,1949.0,B01,138Â 209Â 843,8.0,0.0,-1.0,1723465,2.0,7,,0.0,2.0,2.0,A01,138Â 209Â 844,1.0
1009693,201900051224,6,9,00:15,5,2,2,1.0,3.0,33119,AVE JEAN JAURES,M,"44,8570000"," -0,5323200",33,2019,50.0,1.0,1.0,4.0,2257903,1.0,1,1,1,0.0,,-1.0, -1,1986.0,A01,138Â 209Â 844,8.0,0.0,-1.0,1723464,2.0,7,,0.0,2.0,6.0,B01,138Â 209Â 843,1.0
1009693,201900051224,6,9,00:15,5,2,2,1.0,3.0,33119,AVE JEAN JAURES,M,"44,8570000"," -0,5323200",33,2019,50.0,1.0,1.0,4.0,2257903,1.0,1,1,1,0.0,,-1.0, -1,1986.0,A01,138Â 209Â 844,8.0,0.0,-1.0,1723465,2.0,7,,0.0,2.0,2.0,A01,138Â 209Â 844,1.0
1009694,201900051225,6,8,20:35,1,2,1,1.0,6.0,33249,QUAI ELISABETH DUPEYRON,M,"44,8712000"," -0,5374700",33,2019,50.0,1.0,1.0,4.0,2257904,1.0,1,4,1,0.0,,-1.0, -1,1992.0,A01,138Â 209Â 842,8.0,0.0,-1.0,1723466,0.0,30,,1.0,0.0,1.0,A01,138Â 209Â 842,1.0
1009695,201900051226,6,8,08:25,1,2,3,7.0,6.0,33063,PCE BIR HAKEIM,M,"44,8365900"," -0,5653300",33,2019,50.0,8.0,1.0,4.0,2257905,1.0,1,4,1,0.0,,0.0,0,1972.0,B01,138Â 209Â 840,8.0,0.0,-1.0,1723467,0.0,60,,0.0,2.0,2.0,B01,138Â 209Â 840,0.0
1009695,201900051226,6,8,08:25,1,2,3,7.0,6.0,33063,PCE BIR HAKEIM,M,"44,8365900"," -0,5653300",33,2019,50.0,8.0,1.0,4.0,2257905,1.0,1,4,1,0.0,,0.0,0,1972.0,B01,138Â 209Â 840,8.0,0.0,-1.0,1723468,0.0,10,,0.0,1.0,3.0,A01,138Â 209Â 841,1.0
1009695,201900051226,6,8,08:25,1,2,3,7.0,6.0,33063,PCE BIR HAKEIM,M,"44,8365900"," -0,5653300",33,2019,50.0,8.0,1.0,4.0,2257906,1.0,1,1,1,0.0,,0.0,0,1973.0,A01,138Â 209Â 841,8.0,0.0,-1.0,1723467,0.0,60,,0.0,2.0,2.0,B01,138Â 209Â 840,0.0
1009695,201900051226,6,8,08:25,1,2,3,7.0,6.0,33063,PCE BIR HAKEIM,M,"44,8365900"," -0,5653300",33,2019,50.0,8.0,1.0,4.0,2257906,1.0,1,1,1,0.0,,0.0,0,1973.0,A01,138Â 209Â 841,8.0,0.0,-1.0,1723468,0.0,10,,0.0,1.0,3.0,A01,138Â 209Â 841,1.0
1009696,201900051227,6,7,17:35,1,2,1,1.0,6.0,33318,RUE DE LA MIRANTE,M,"44,8021500"," -0,6719700",33,2019,50.0,1.0,1.0,4.0,2257907,1.0,1,4,2,0.0,,-1.0, -1,1942.0,A01,138Â 209Â 839,8.0,0.0,-1.0,1723469,0.0,7,,1.0,0.0,3.0,A01,138Â 209Â 839,1.0
1009697,201900051228,6,7,16:25,1,2,4,1.0,4.0,33522,Bd du PrÃ©sident Franklin Roosevelt / R. de la FraternitÃ©,M,"44,8202360"," -0,5813840",33,2019,50.0,1.0,1.0,4.0,2257908,1.0,1,1,1,5.0,,0.0,0,1997.0,A01,138Â 209Â 835,8.0,0.0,-1.0,1723470,1.0,7,,0.0,2.0,1.0,A01,138Â 209Â 835,1.0
1009697,201900051228,6,7,16:25,1,2,4,1.0,4.0,33522,Bd du PrÃ©sident Franklin Roosevelt / R. de la FraternitÃ©,M,"44,8202360"," -0,5813840",33,2019,50.0,1.0,1.0,4.0,2257908,1.0,1,1,1,5.0,,0.0,0,1997.0,A01,138Â 209Â 835,8.0,0.0,-1.0,1723471,1.0,7,,0.0,2.0,4.0,B01,138Â 209Â 836,1.0
1009697,201900051228,6,7,16:25,1,2,4,1.0,4.0,33522,Bd du PrÃ©sident Franklin Roosevelt / R. de la FraternitÃ©,M,"44,8202360"," -0,5813840",33,2019,50.0,1.0,1.0,4.0,2257908,1.0,1,1,1,5.0,,0.0,0,1997.0,A01,138Â 209Â 835,8.0,0.0,-1.0,1723472,1.0,7,,0.0,2.0,4.0,C01,138Â 209Â 837,1.0
1009697,201900051228,6,7,16:25,1,2,4,1.0,4.0,33522,Bd du PrÃ©sident Franklin Roosevelt / R. de la FraternitÃ©,M,"44,8202360"," -0,5813840",33,2019,50.0,1.0,1.0,4.0,2257908,1.0,1,1,1,5.0,,0.0,0,1997.0,A01,138Â 209Â 835,8.0,0.0,-1.0,1723473,1.0,7,,0.0,2.0,4.0,D01,138Â 209Â 838,1.0
1009697,201900051228,6,7,16:25,1,2,4,1.0,4.0,33522,Bd du PrÃ©sident Franklin Roosevelt / R. de la FraternitÃ©,M,"44,8202360"," -0,5813840",33,2019,50.0,1.0,1.0,4.0,2257909,1.0,1,4,2,5.0,,0.0,0,1999.0,B01,138Â 209Â 836,8.0,0.0,-1.0,1723470,1.0,7,,0.0,2.0,1.0,A01,138Â 209Â 835,1.0
1009697,201900051228,6,7,16:25,1,2,4,1.0,4.0,33522,Bd du PrÃ©sident Franklin Roosevelt / R. de la FraternitÃ©,M,"44,8202360"," -0,5813840",33,2019,50.0,1.0,1.0,4.0,2257909,1.0,1,4,2,5.0,,0.0,0,1999.0,B01,138Â 209Â 836,8.0,0.0,-1.0,1723471,1.0,7,,0.0,2.0,4.0,B01,138Â 209Â 836,1.0
1009697,201900051228,6,7,16:25,1,2,4,1.0,4.0,33522,Bd du PrÃ©sident Franklin Roosevelt / R. de la FraternitÃ©,M,"44,8202360"," -0,5813840",33,2019,50.0,1.0,1.0,4.0,2257909,1.0,1,4,2,5.0,,0.0,0,1999.0,B01,138Â 209Â 836,8.0,0.0,-1.0,1723472,1.0,7,,0.0,2.0,4.0,C01,138Â 209Â 837,1.0
1009697,201900051228,6,7,16:25,1,2,4,1.0,4.0,33522,Bd du PrÃ©sident Franklin Roosevelt / R. de la FraternitÃ©,M,"44,8202360"," -0,5813840",33,2019,50.0,1.0,1.0,4.0,2257909,1.0,1,4,2,5.0,,0.0,0,1999.0,B01,138Â 209Â 836,8.0,0.0,-1.0,1723473,1.0,7,,0.0,2.0,4.0,D01,138Â 209Â 838,1.0
1009697,201900051228,6,7,16:25,1,2,4,1.0,4.0,33522,Bd du PrÃ©sident Franklin Roosevelt / R. de la FraternitÃ©,M,"44,8202360"," -0,5813840",33,2019,50.0,1.0,1.0,4.0,2257910,1.0,1,1,2,5.0,,0.0,0,1967.0,C01,138Â 209Â 837,8.0,0.0,-1.0,1723470,1.0,7,,0.0,2.0,1.0,A01,138Â 209Â 835,1.0
1009697,201900051228,6,7,16:25,1,2,4,1.0,4.0,33522,Bd du PrÃ©sident Franklin Roosevelt / R. de la FraternitÃ©,M,"44,8202360"," -0,5813840",33,2019,50.0,1.0,1.0,4.0,2257910,1.0,1,1,2,5.0,,0.0,0,1967.0,C01,138Â 209Â 837,8.0,0.0,-1.0,1723471,1.0,7,,0.0,2.0,4.0,B01,138Â 209Â 836,1.0
1009697,201900051228,6,7,16:25,1,2,4,1.0,4.0,33522,Bd du PrÃ©sident Franklin Roosevelt / R. de la FraternitÃ©,M,"44,8202360"," -0,5813840",33,2019,50.0,1.0,1.0,4.0,2257910,1.0,1,1,2,5.0,,0.0,0,1967.0,C01,138Â 209Â 837,8.0,0.0,-1.0,1723472,1.0,7,,0.0,2.0,4.0,C01,138Â 209Â 837,1.0
1009697,201900051228,6,7,16:25,1,2,4,1.0,4.0,33522,Bd du PrÃ©sident Franklin Roosevelt / R. de la FraternitÃ©,M,"44,8202360"," -0,5813840",33,2019,50.0,1.0,1.0,4.0,2257910,1.0,1,1,2,5.0,,0.0,0,1967.0,C01,138Â 209Â 837,8.0,0.0,-1.0,1723473,1.0,7,,0.0,2.0,4.0,D01,138Â 209Â 838,1.0
1009697,201900051228,6,7,16:25,1,2,4,1.0,4.0,33522,Bd du PrÃ©sident Franklin Roosevelt / R. de la FraternitÃ©,M,"44,8202360"," -0,5813840",33,2019,50.0,1.0,1.0,4.0,2257911,1.0,1,1,1,5.0,,0.0,0,1994.0,D01,138Â 209Â 838,8.0,0.0,-1.0,1723470,1.0,7,,0.0,2.0,1.0,A01,138Â 209Â 835,1.0
1009697,201900051228,6,7,16:25,1,2,4,1.0,4.0,33522,Bd du PrÃ©sident Franklin Roosevelt / R. de la FraternitÃ©,M,"44,8202360"," -0,5813840",33,2019,50.0,1.0,1.0,4.0,2257911,1.0,1,1,1,5.0,,0.0,0,1994.0,D01,138Â 209Â 838,8.0,0.0,-1.0,1723471,1.0,7,,0.0,2.0,4.0,B01,138Â 209Â 836,1.0
1009697,201900051228,6,7,16:25,1,2,4,1.0,4.0,33522,Bd du PrÃ©sident Franklin Roosevelt / R. de la FraternitÃ©,M,"44,8202360"," -0,5813840",33,2019,50.0,1.0,1.0,4.0,2257911,1.0,1,1,1,5.0,,0.0,0,1994.0,D01,138Â 209Â 838,8.0,0.0,-1.0,1723472,1.0,7,,0.0,2.0,4.0,C01,138Â 209Â 837,1.0
1009697,201900051228,6,7,16:25,1,2,4,1.0,4.0,33522,Bd du PrÃ©sident Franklin Roosevelt / R. de la FraternitÃ©,M,"44,8202360"," -0,5813840",33,2019,50.0,1.0,1.0,4.0,2257911,1.0,1,1,1,5.0,,0.0,0,1994.0,D01,138Â 209Â 838,8.0,0.0,-1.0,1723473,1.0,7,,0.0,2.0,4.0,D01,138Â 209Â 838,1.0
1009698,201900051229,6,7,11:27,1,1,1,1.0,6.0,33249,RUE DES CAVAILLES,M,"44,8640800"," -0,5248500",33,2019,70.0,6.0,2.0,4.0,2257912,10.0,3,4,1,2.0,,2.0,3,2003.0,A01,138Â 209Â 834,8.0,0.0,-1.0,1723474,0.0,40,,0.0,1.0,2.0,A01,138Â 209Â 834,3.0
1009698,201900051229,6,7,11:27,1,1,1,1.0,6.0,33249,RUE DES CAVAILLES,M,"44,8640800"," -0,5248500",33,2019,70.0,6.0,2.0,4.0,2257913,1.0,1,1,2,4.0,,-1.0, -1,1980.0,A01,138Â 209Â 834,8.0,0.0,-1.0,1723474,0.0,40,,0.0,1.0,2.0,A01,138Â 209Â 834,3.0
1009699,201900051230,7,13,02:30,5,2,1,1.0,3.0,33063,RUE DE BEGLES,M,"44,8178400"," -0,5662000",33,2019,50.0,1.0,1.0,4.0,2257914,1.0,1,4,1,0.0,,-1.0, -1,1995.0,A01,138Â 209Â 832,8.0,0.0,-1.0,1723475,1.0,1,,0.0,2.0,0.0,A01,138Â 209Â 832,5.0
1009699,201900051230,7,13,02:30,5,2,1,1.0,3.0,33063,RUE DE BEGLES,M,"44,8178400"," -0,5662000",33,2019,50.0,1.0,1.0,4.0,2257914,1.0,1,4,1,0.0,,-1.0, -1,1995.0,A01,138Â 209Â 832,8.0,0.0,-1.0,1723476,1.0,50,,0.0,2.0,0.0,B01,138Â 209Â 833,3.0
1009699,201900051230,7,13,02:30,5,2,1,1.0,3.0,33063,RUE DE BEGLES,M,"44,8178400"," -0,5662000",33,2019,50.0,1.0,1.0,4.0,2257915,1.0,1,4,1,0.0,,-1.0, -1,1987.0,B01,138Â 209Â 833,8.0,0.0,-1.0,1723475,1.0,1,,0.0,2.0,0.0,A01,138Â 209Â 832,5.0
1009699,201900051230,7,13,02:30,5,2,1,1.0,3.0,33063,RUE DE BEGLES,M,"44,8178400"," -0,5662000",33,2019,50.0,1.0,1.0,4.0,2257915,1.0,1,4,1,0.0,,-1.0, -1,1987.0,B01,138Â 209Â 833,8.0,0.0,-1.0,1723476,1.0,50,,0.0,2.0,0.0,B01,138Â 209Â 833,3.0
1009700,201900051231,5,15,17:05,1,2,3,1.0,6.0,33522,AVE ROUL,M,"44,8059400"," -0,5983800",33,2019,50.0,1.0,1.0,4.0,2257916,10.0,3,1,1,0.0,,2.0,3,1999.0,A01,138Â 209Â 831,8.0,0.0,-1.0,1723477,0.0,32,,0.0,1.0,1.0,A01,138Â 209Â 831,1.0
1009700,201900051231,5,15,17:05,1,2,3,1.0,6.0,33522,AVE ROUL,M,"44,8059400"," -0,5983800",33,2019,50.0,1.0,1.0,4.0,2257917,2.0,2,1,1,5.0,,0.0,0,2002.0,A01,138Â 209Â 831,2.0,0.0,-1.0,1723477,0.0,32,,0.0,1.0,1.0,A01,138Â 209Â 831,1.0