Unnamed: 0_x,num_acc,mois,jour,hrmn,lum,agg,int,atm,col,com,adr,gps,lat,long,dep,annee,vma,situ,surf,catr,Unnamed: 0_y,place,catu,grav,sexe,trajet,secu,locp,actp,an_nais,num_veh_x,id_vehicule_x,secu1,secu2,secu3,Unnamed: 0,senc,catv,occutc,obs,obsm,choc,num_veh_y,id_vehicule_y,motor
1009700,201900051231,5,15,17:05,1,2,3,1.0,6.0,33522,AVE ROUL,M,"44,8059400"," -0,5983800",33,2019,50.0,1.0,1.0,4.0,2257918,1.0,1,4,2,5.0,,0.0,0,2003.0,A01,138Â 209Â 831,8.0,0.0,-1.0,1723477,0.0,32,,0.0,1.0,1.0,A01,138Â 209Â 831,1.0
1009701,201900051232,6,7,07:35,1,2,1,3.0,3.0,33063,QUAI DES CHARTRONS,M,"44,8507100"," -0,5694200",33,2019,50.0,1.0,2.0,4.0,2257919,1.0,1,3,1,1.0,,-1.0, -1,1957.0,B01,138Â 209Â 829,2.0,0.0,-1.0,1723478,1.0,2,,0.0,2.0,0.0,B01,138Â 209Â 829,1.0
1009701,201900051232,6,7,07:35,1,2,1,3.0,3.0,33063,QUAI DES CHARTRONS,M,"44,8507100"," -0,5694200",33,2019,50.0,1.0,2.0,4.0,2257919,1.0,1,3,1,1.0,,-1.0, -1,1957.0,B01,138Â 209Â 829,2.0,0.0,-1.0,1723479,1.0,7,,0.0,2.0,0.0,A01,138Â 209Â 830,1.0
1009701,201900051232,6,7,07:35,1,2,1,3.0,3.0,33063,QUAI DES CHARTRONS,M,"44,8507100"," -0,5694200",33,2019,50.0,1.0,2.0,4.0,2257920,1.0,1,1,1,0.0,,-1.0, -1,1978.0,A01,138Â 209Â 830,8.0,0.0,-1.0,1723478,1.0,2,,0.0,2.0,0.0,B01,138Â 209Â 829,1.0
1009701,201900051232,6,7,07:35,1,2,1,3.0,3.0,33063,QUAI DES CHARTRONS,M,"44,8507100"," -0,5694200",33,2019,50.0,1.0,2.0,4.0,2257920,1.0,1,1,1,0.0,,-1.0, -1,1978.0,A01,138Â 209Â 830,8.0,0.0,-1.0,1723479,1.0,7,,0.0,2.0,0.0,A01,138Â 209Â 830,1.0
1009702,201900051233,5,15,11:20,1,2,1,1.0,5.0,33063,BD ALFRED DANEY,M,"44,8687900"," -0,5689300",33,2019,50.0,1.0,1.0,4.0,2257921,1.0,1,1,1,0.0,,-1.0, -1,1970.0,C01,138Â 209Â 826,1.0,0.0,-1.0,1723480,0.0,7,,0.0,2.0,4.0,C01,138Â 209Â 826,1.0
1009702,201900051233,5,15,11:20,1,2,1,1.0,5.0,33063,BD ALFRED DANEY,M,"44,8687900"," -0,5689300",33,2019,50.0,1.0,1.0,4.0,2257921,1.0,1,1,1,0.0,,-1.0, -1,1970.0,C01,138Â 209Â 826,1.0,0.0,-1.0,1723481,0.0,7,,0.0,2.0,4.0,B01,138Â 209Â 827,1.0
1009702,201900051233,5,15,11:20,1,2,1,1.0,5.0,33063,BD ALFRED DANEY,M,"44,8687900"," -0,5689300",33,2019,50.0,1.0,1.0,4.0,2257921,1.0,1,1,1,0.0,,-1.0, -1,1970.0,C01,138Â 209Â 826,1.0,0.0,-1.0,1723482,0.0,7,,0.0,2.0,1.0,A01,138Â 209Â 828,1.0
1009702,201900051233,5,15,11:20,1,2,1,1.0,5.0,33063,BD ALFRED DANEY,M,"44,8687900"," -0,5689300",33,2019,50.0,1.0,1.0,4.0,2257922,1.0,1,4,2,0.0,,-1.0, -1,1967.0,B01,138Â 209Â 827,8.0,0.0,-1.0,1723480,0.0,7,,0.0,2.0,4.0,C01,138Â 209Â 826,1.0
1009702,201900051233,5,15,11:20,1,2,1,1.0,5.0,33063,BD ALFRED DANEY,M,"44,8687900"," -0,5689300",33,2019,50.0,1.0,1.0,4.0,2257922,1.0,1,4,2,0.0,,-1.0, -1,1967.0,B01,138Â 209Â 827,8.0,0.0,-1.0,1723481,0.0,7,,0.0,2.0,4.0,B01,138Â 209Â 827,1.0
1009702,201900051233,5,15,11:20,1,2,1,1.0,5.0,33063,BD ALFRED DANEY,M,"44,8687900"," -0,5689300",33,2019,50.0,1.0,1.0,4.0,2257922,1.0,1,4,2,0.0,,-1.0, -1,1967.0,B01,138Â 209Â 827,8.0,0.0,-1.0,1723482,0.0,7,,0.0,2.0,1.0,A01,138Â 209Â 828,1.0
1009702,201900051233,5,15,11:20,1,2,1,1.0,5.0,33063,BD ALFRED DANEY,M,"44,8687900"," -0,5689300",33,2019,50.0,1.0,1.0,4.0,2257923,1.0,1,4,2,0.0,,-1.0, -1,1996.0,A01,138Â 209Â 828,8.0,0.0,-1.0,1723480,0.0,7,,0.0,2.0,4.0,C01,138Â 209Â 826,1.0
1009702,201900051233,5,15,11:20,1,2,1,1.0,5.0,33063,BD ALFRED DANEY,M,"44,8687900"," -0,5689300",33,2019,50.0,1.0,1.0,4.0,2257923,1.0,1,4,2,0.0,,-1.0, -1,1996.0,A01,138Â 209Â 828,8.0,0.0,-1.0,1723481,0.0,7,,0.0,2.0,4.0,B01,138Â 209Â 827,1.0
1009702,201900051233,5,15,11:20,1,2,1,1.0,5.0,33063,BD ALFRED DANEY,M,"44,8687900"," -0,5689300",33,2019,50.0,1.0,1.0,4.0,2257923,1.0,1,4,2,0.0,,-1.0, -1,1996.0,A01,138Â 209Â 828,8.0,0.0,-1.0,1723482,0.0,7,,0.0,2.0,1.0,A01,138Â 209Â 828,1.0
1009703,201900051234,6,6,15:20,1,2,3,1.0,3.0,33200,Av  Pasteur / Av de l'Aiglon,M,"44,8670060"," -0,6685710",33,2019,50.0,1.0,1.0,4.0,2257924,1.0,1,4,2,0.0,,0.0,0,1987.0,B01,138Â 209Â 824,8.0,6.0,-1.0,1723483,1.0,33,,0.0,2.0,7.0,B01,138Â 209Â 824,1.0
1009703,201900051234,6,6,15:20,1,2,3,1.0,3.0,33200,Av  Pasteur / Av de l'Aiglon,M,"44,8670060"," -0,6685710",33,2019,50.0,1.0,1.0,4.0,2257924,1.0,1,4,2,0.0,,0.0,0,1987.0,B01,138Â 209Â 824,8.0,6.0,-1.0,1723484,1.0,7,,0.0,2.0,3.0,A01,138Â 209Â 825,1.0
1009703,201900051234,6,6,15:20,1,2,3,1.0,3.0,33200,Av  Pasteur / Av de l'Aiglon,M,"44,8670060"," -0,6685710",33,2019,50.0,1.0,1.0,4.0,2257925,1.0,1,1,2,9.0,,0.0,0,1954.0,A01,138Â 209Â 825,8.0,0.0,-1.0,1723483,1.0,33,,0.0,2.0,7.0,B01,138Â 209Â 824,1.0
1009703,201900051234,6,6,15:20,1,2,3,1.0,3.0,33200,Av  Pasteur / Av de l'Aiglon,M,"44,8670060"," -0,6685710",33,2019,50.0,1.0,1.0,4.0,2257925,1.0,1,1,2,9.0,,0.0,0,1954.0,A01,138Â 209Â 825,8.0,0.0,-1.0,1723484,1.0,7,,0.0,2.0,3.0,A01,138Â 209Â 825,1.0
1009704,201900051235,6,6,13:50,1,2,1,1.0,4.0,33063,AVE DE NONTRASTE,M,"44,8773700"," -0,5650300",33,2019,50.0,1.0,1.0,4.0,2257926,1.0,1,4,2,1.0,,-1.0, -1,1986.0,A01,138Â 209Â 821,1.0,8.0,-1.0,1723485,1.0,7,,0.0,2.0,1.0,A01,138Â 209Â 821,1.0
1009704,201900051235,6,6,13:50,1,2,1,1.0,4.0,33063,AVE DE NONTRASTE,M,"44,8773700"," -0,5650300",33,2019,50.0,1.0,1.0,4.0,2257926,1.0,1,4,2,1.0,,-1.0, -1,1986.0,A01,138Â 209Â 821,1.0,8.0,-1.0,1723486,1.0,7,,0.0,2.0,4.0,B01,138Â 209Â 822,1.0
1009704,201900051235,6,6,13:50,1,2,1,1.0,4.0,33063,AVE DE NONTRASTE,M,"44,8773700"," -0,5650300",33,2019,50.0,1.0,1.0,4.0,2257926,1.0,1,4,2,1.0,,-1.0, -1,1986.0,A01,138Â 209Â 821,1.0,8.0,-1.0,1723487,1.0,7,,0.0,2.0,4.0,C01,138Â 209Â 823,1.0
1009704,201900051235,6,6,13:50,1,2,1,1.0,4.0,33063,AVE DE NONTRASTE,M,"44,8773700"," -0,5650300",33,2019,50.0,1.0,1.0,4.0,2257927,1.0,1,4,1,1.0,,-1.0, -1,1982.0,B01,138Â 209Â 822,1.0,8.0,-1.0,1723485,1.0,7,,0.0,2.0,1.0,A01,138Â 209Â 821,1.0
1009704,201900051235,6,6,13:50,1,2,1,1.0,4.0,33063,AVE DE NONTRASTE,M,"44,8773700"," -0,5650300",33,2019,50.0,1.0,1.0,4.0,2257927,1.0,1,4,1,1.0,,-1.0, -1,1982.0,B01,138Â 209Â 822,1.0,8.0,-1.0,1723486,1.0,7,,0.0,2.0,4.0,B01,138Â 209Â 822,1.0
1009704,201900051235,6,6,13:50,1,2,1,1.0,4.0,33063,AVE DE NONTRASTE,M,"44,8773700"," -0,5650300",33,2019,50.0,1.0,1.0,4.0,2257927,1.0,1,4,1,1.0,,-1.0, -1,1982.0,B01,138Â 209Â 822,1.0,8.0,-1.0,1723487,1.0,7,,0.0,2.0,4.0,C01,138Â 209Â 823,1.0
1009704,201900051235,6,6,13:50,1,2,1,1.0,4.0,33063,AVE DE NONTRASTE,M,"44,8773700"," -0,5650300",33,2019,50.0,1.0,1.0,4.0,2257928,1.0,1,4,2,5.0,,-1.0, -1,1968.0,C01,138Â 209Â 823,1.0,8.0,-1.0,1723485,1.0,7,,0.0,2.0,1.0,A01,138Â 209Â 821,1.0
1009704,201900051235,6,6,13:50,1,2,1,1.0,4.0,33063,AVE DE NONTRASTE,M,"44,8773700"," -0,5650300",33,2019,50.0,1.0,1.0,4.0,2257928,1.0,1,4,2,5.0,,-1.0, -1,1968.0,C01,138Â 209Â 823,1.0,8.0,-1.0,1723486,1.0,7,,0.0,2.0,4.0,B01,138Â 209Â 822,1.0
1009704,201900051235,6,6,13:50,1,2,1,1.0,4.0,33063,AVE DE NONTRASTE,M,"44,8773700"," -0,5650300",33,2019,50.0,1.0,1.0,4.0,2257928,1.0,1,4,2,5.0,,-1.0, -1,1968.0,C01,138Â 209Â 823,1.0,8.0,-1.0,1723487,1.0,7,,0.0,2.0,4.0,C01,138Â 209Â 823,1.0
1009704,201900051235,6,6,13:50,1,2,1,1.0,4.0,33063,AVE DE NONTRASTE,M,"44,8773700"," -0,5650300",33,2019,50.0,1.0,1.0,4.0,2257929,2.0,2,1,1,5.0,,-1.0, -1,1955.0,C01,138Â 209Â 823,1.0,8.0,-1.0,1723485,1.0,7,,0.0,2.0,1.0,A01,138Â 209Â 821,1.0
1009704,201900051235,6,6,13:50,1,2,1,1.0,4.0,33063,AVE DE NONTRASTE,M,"44,8773700"," -0,5650300",33,2019,50.0,1.0,1.0,4.0,2257929,2.0,2,1,1,5.0,,-1.0, -1,1955.0,C01,138Â 209Â 823,1.0,8.0,-1.0,1723486,1.0,7,,0.0,2.0,4.0,B01,138Â 209Â 822,1.0
1009704,201900051235,6,6,13:50,1,2,1,1.0,4.0,33063,AVE DE NONTRASTE,M,"44,8773700"," -0,5650300",33,2019,50.0,1.0,1.0,4.0,2257929,2.0,2,1,1,5.0,,-1.0, -1,1955.0,C01,138Â 209Â 823,1.0,8.0,-1.0,1723487,1.0,7,,0.0,2.0,4.0,C01,138Â 209Â 823,1.0
1009705,201900051236,6,5,11:20,1,2,1,3.0,6.0,33069,RUE PASTEUR,M,"44,8592700"," -0,6017300",33,2019,30.0,1.0,2.0,4.0,2257930,1.0,1,4,1,0.0,,-1.0, -1,1957.0,A01,138Â 209Â 820,8.0,0.0,-1.0,1723488,0.0,7,,1.0,0.0,2.0,A01,138Â 209Â 820,2.0
1009706,201900051237,6,6,07:55,1,2,3,1.0,3.0,33162,AVE DE SAINT-MEDARD,M,"44,8630400"," -0,6552400",33,2019,50.0,1.0,1.0,4.0,2257931,1.0,1,4,1,0.0,,-1.0, -1,1990.0,A01,138Â 209Â 818,2.0,8.0,-1.0,1723489,1.0,33,,0.0,2.0,7.0,A01,138Â 209Â 818,1.0
1009706,201900051237,6,6,07:55,1,2,3,1.0,3.0,33162,AVE DE SAINT-MEDARD,M,"44,8630400"," -0,6552400",33,2019,50.0,1.0,1.0,4.0,2257931,1.0,1,4,1,0.0,,-1.0, -1,1990.0,A01,138Â 209Â 818,2.0,8.0,-1.0,1723490,1.0,7,,0.0,2.0,1.0,B01,138Â 209Â 819,1.0
1009706,201900051237,6,6,07:55,1,2,3,1.0,3.0,33162,AVE DE SAINT-MEDARD,M,"44,8630400"," -0,6552400",33,2019,50.0,1.0,1.0,4.0,2257932,1.0,1,4,1,0.0,,-1.0, -1,2001.0,B01,138Â 209Â 819,1.0,8.0,-1.0,1723489,1.0,33,,0.0,2.0,7.0,A01,138Â 209Â 818,1.0
1009706,201900051237,6,6,07:55,1,2,3,1.0,3.0,33162,AVE DE SAINT-MEDARD,M,"44,8630400"," -0,6552400",33,2019,50.0,1.0,1.0,4.0,2257932,1.0,1,4,1,0.0,,-1.0, -1,2001.0,B01,138Â 209Â 819,1.0,8.0,-1.0,1723490,1.0,7,,0.0,2.0,1.0,B01,138Â 209Â 819,1.0
1009707,201900051238,5,29,19:10,1,1,1,1.0,6.0,33281,AVE FRANCOIS MITTERRAND,M,"44,8152000"," -0,6833100",33,2019,70.0,1.0,1.0,4.0,2257933,1.0,1,4,1,0.0,,-1.0, -1,2000.0,B01,138Â 209Â 816,8.0,0.0,-1.0,1723491,0.0,7,,0.0,2.0,9.0,B01,138Â 209Â 816,1.0
1009707,201900051238,5,29,19:10,1,1,1,1.0,6.0,33281,AVE FRANCOIS MITTERRAND,M,"44,8152000"," -0,6833100",33,2019,70.0,1.0,1.0,4.0,2257933,1.0,1,4,1,0.0,,-1.0, -1,2000.0,B01,138Â 209Â 816,8.0,0.0,-1.0,1723492,0.0,7,,0.0,2.0,8.0,A01,138Â 209Â 817,1.0
1009707,201900051238,5,29,19:10,1,1,1,1.0,6.0,33281,AVE FRANCOIS MITTERRAND,M,"44,8152000"," -0,6833100",33,2019,70.0,1.0,1.0,4.0,2257934,1.0,1,1,1,0.0,,-1.0, -1,1986.0,A01,138Â 209Â 817,8.0,0.0,-1.0,1723491,0.0,7,,0.0,2.0,9.0,B01,138Â 209Â 816,1.0
1009707,201900051238,5,29,19:10,1,1,1,1.0,6.0,33281,AVE FRANCOIS MITTERRAND,M,"44,8152000"," -0,6833100",33,2019,70.0,1.0,1.0,4.0,2257934,1.0,1,1,1,0.0,,-1.0, -1,1986.0,A01,138Â 209Â 817,8.0,0.0,-1.0,1723492,0.0,7,,0.0,2.0,8.0,A01,138Â 209Â 817,1.0
1009708,201900051239,5,26,21:20,5,2,1,1.0,3.0,33069,65 AVE DE L'HIPPODROME - cyclo sort du parking cotÃ© nÂ°impairs vers Rte du MÃ©doc puis est percutÃ© par VT A ne respectant pas feu rouge chantier,M,"44,8740600"," -0,6287800",33,2019,50.0,1.0,1.0,4.0,2257935,1.0,1,1,2,5.0,,-1.0, -1,1995.0,A01,138Â 209Â 814,1.0,0.0,-1.0,1723493,1.0,7,,0.0,2.0,7.0,A01,138Â 209Â 814,1.0
1009708,201900051239,5,26,21:20,5,2,1,1.0,3.0,33069,65 AVE DE L'HIPPODROME - cyclo sort du parking cotÃ© nÂ°impairs vers Rte du MÃ©doc puis est percutÃ© par VT A ne respectant pas feu rouge chantier,M,"44,8740600"," -0,6287800",33,2019,50.0,1.0,1.0,4.0,2257935,1.0,1,1,2,5.0,,-1.0, -1,1995.0,A01,138Â 209Â 814,1.0,0.0,-1.0,1723494,1.0,30,,0.0,2.0,3.0,B01,138Â 209Â 815,1.0
1009708,201900051239,5,26,21:20,5,2,1,1.0,3.0,33069,65 AVE DE L'HIPPODROME - cyclo sort du parking cotÃ© nÂ°impairs vers Rte du MÃ©doc puis est percutÃ© par VT A ne respectant pas feu rouge chantier,M,"44,8740600"," -0,6287800",33,2019,50.0,1.0,1.0,4.0,2257936,1.0,1,4,1,4.0,,0.0, -1,1991.0,B01,138Â 209Â 815,2.0,0.0,-1.0,1723493,1.0,7,,0.0,2.0,7.0,A01,138Â 209Â 814,1.0
1009708,201900051239,5,26,21:20,5,2,1,1.0,3.0,33069,65 AVE DE L'HIPPODROME - cyclo sort du parking cotÃ© nÂ°impairs vers Rte du MÃ©doc puis est percutÃ© par VT A ne respectant pas feu rouge chantier,M,"44,8740600"," -0,6287800",33,2019,50.0,1.0,1.0,4.0,2257936,1.0,1,4,1,4.0,,0.0, -1,1991.0,B01,138Â 209Â 815,2.0,0.0,-1.0,1723494,1.0,30,,0.0,2.0,3.0,B01,138Â 209Â 815,1.0
1009709,201900051240,5,22,17:15,1,2,2,1.0,6.0,33063,RUE ROBERT SCHUMAN,M,"44,8581600"," -0,5845900",33,2019,50.0,1.0,1.0,4.0,2257937,10.0,3,4,1,0.0,,2.0,3,2005.0,Z01,138Â 209Â 813,8.0,0.0,-1.0,1723495,0.0,7,,0.0,1.0,0.0,Z01,138Â 209Â 813,1.0
1009710,201900051241,5,30,01:55,5,2,2,1.0,6.0,33063,RUE JUDAIQUE,M,"44,8407710"," -0,5922770",33,2019,50.0,1.0,1.0,4.0,2257938,1.0,1,4,2,5.0,,-1.0, -1,1987.0,A01,138Â 209Â 812,8.0,0.0,-1.0,1723496,0.0,32,,8.0,0.0,1.0,A01,138Â 209Â 812,1.0
1009711,201900051242,5,21,14:30,1,2,2,1.0,3.0,33281,Av Roland Garros/AccÃ¨s HÃ´tel/R. des Avions Antoinette,M,"44,8322900"," -0,6908800",33,2019,50.0,1.0,1.0,4.0,2257939,1.0,1,1,1,0.0,,0.0, -1,1964.0,A01,138Â 209Â 810,8.0,0.0,-1.0,1723497,0.0,7,,0.0,2.0,8.0,A01,138Â 209Â 810,1.0
1009711,201900051242,5,21,14:30,1,2,2,1.0,3.0,33281,Av Roland Garros/AccÃ¨s HÃ´tel/R. des Avions Antoinette,M,"44,8322900"," -0,6908800",33,2019,50.0,1.0,1.0,4.0,2257939,1.0,1,1,1,0.0,,0.0, -1,1964.0,A01,138Â 209Â 810,8.0,0.0,-1.0,1723498,0.0,7,,0.0,2.0,1.0,B01,138Â 209Â 811,1.0
1009711,201900051242,5,21,14:30,1,2,2,1.0,3.0,33281,Av Roland Garros/AccÃ¨s HÃ´tel/R. des Avions Antoinette,M,"44,8322900"," -0,6908800",33,2019,50.0,1.0,1.0,4.0,2257940,1.0,1,4,1,0.0,,0.0, -1,1978.0,B01,138Â 209Â 811,8.0,0.0,-1.0,1723497,0.0,7,,0.0,2.0,8.0,A01,138Â 209Â 810,1.0
1009711,201900051242,5,21,14:30,1,2,2,1.0,3.0,33281,Av Roland Garros/AccÃ¨s HÃ´tel/R. des Avions Antoinette,M,"44,8322900"," -0,6908800",33,2019,50.0,1.0,1.0,4.0,2257940,1.0,1,4,1,0.0,,0.0, -1,1978.0,B01,138Â 209Â 811,8.0,0.0,-1.0,1723498,0.0,7,,0.0,2.0,1.0,B01,138Â 209Â 811,1.0
1009712,201900051243,6,4,12:00,1,2,1,1.0,6.0,33200,Av.DE MAGUDAS,M,"44,8581700"," -0,6796900",33,2019,50.0,1.0,1.0,4.0,2257941,1.0,1,4,1,5.0,,-1.0, -1,1949.0,A01,138Â 209Â 809,2.0,6.0,-1.0,1723499,1.0,31,,8.0,0.0,8.0,A01,138Â 209Â 809,1.0
1009713,201900051244,6,4,19:47,1,2,3,1.0,6.0,33249,DUPIN (RUE ANDRE),M,"44,8797000"," -0,5229600",33,2019,50.0,1.0,1.0,4.0,2257942,10.0,3,4,2,5.0,,2.0,5,2017.0,A01,138Â 209Â 808,8.0,0.0,-1.0,1723500,0.0,13,,0.0,1.0,2.0,A01,138Â 209Â 808,1.0
1009713,201900051244,6,4,19:47,1,2,3,1.0,6.0,33249,DUPIN (RUE ANDRE),M,"44,8797000"," -0,5229600",33,2019,50.0,1.0,1.0,4.0,2257943,1.0,1,1,1,4.0,,-1.0, -1,1999.0,A01,138Â 209Â 808,1.0,0.0,-1.0,1723500,0.0,13,,0.0,1.0,2.0,A01,138Â 209Â 808,1.0
1009714,201900051245,6,4,17:45,1,2,3,1.0,6.0,33063,RUE DE L'EGLISE CAUD,M,"44,8506600"," -0,6140200",33,2019,50.0,1.0,1.0,4.0,2257944,10.0,3,4,1,5.0,,2.0,3,1947.0,A01,138Â 209Â 807,8.0,0.0,-1.0,1723501,1.0,7,,0.0,1.0,2.0,A01,138Â 209Â 807,1.0
1009714,201900051245,6,4,17:45,1,2,3,1.0,6.0,33063,RUE DE L'EGLISE CAUD,M,"44,8506600"," -0,6140200",33,2019,50.0,1.0,1.0,4.0,2257945,10.0,3,4,2,5.0,,2.0,3,1946.0,A01,138Â 209Â 807,8.0,0.0,-1.0,1723501,1.0,7,,0.0,1.0,2.0,A01,138Â 209Â 807,1.0
1009714,201900051245,6,4,17:45,1,2,3,1.0,6.0,33063,RUE DE L'EGLISE CAUD,M,"44,8506600"," -0,6140200",33,2019,50.0,1.0,1.0,4.0,2257946,1.0,1,1,2,5.0,,-1.0, -1,1949.0,A01,138Â 209Â 807,1.0,0.0,-1.0,1723501,1.0,7,,0.0,1.0,2.0,A01,138Â 209Â 807,1.0
1009714,201900051245,6,4,17:45,1,2,3,1.0,6.0,33063,RUE DE L'EGLISE CAUD,M,"44,8506600"," -0,6140200",33,2019,50.0,1.0,1.0,4.0,2257947,2.0,2,1,1,0.0,,-1.0, -1,1949.0,A01,138Â 209Â 807,1.0,0.0,-1.0,1723501,1.0,7,,0.0,1.0,2.0,A01,138Â 209Â 807,1.0
1009715,201900051246,5,19,18:00,1,2,3,1.0,3.0,33069,Av de Tivoli/R. Bourbaki,M,"44,8607020"," -0,5926610",33,2019,50.0,1.0,1.0,4.0,2257948,1.0,1,1,2,5.0,,0.0,0,1960.0,A01,138Â 209Â 805,8.0,0.0,-1.0,1723502,0.0,7,,0.0,2.0,2.0,A01,138Â 209Â 805,1.0
1009715,201900051246,5,19,18:00,1,2,3,1.0,3.0,33069,Av de Tivoli/R. Bourbaki,M,"44,8607020"," -0,5926610",33,2019,50.0,1.0,1.0,4.0,2257948,1.0,1,1,2,5.0,,0.0,0,1960.0,A01,138Â 209Â 805,8.0,0.0,-1.0,1723503,0.0,32,,0.0,2.0,0.0,B01,138Â 209Â 806,1.0
1009715,201900051246,5,19,18:00,1,2,3,1.0,3.0,33069,Av de Tivoli/R. Bourbaki,M,"44,8607020"," -0,5926610",33,2019,50.0,1.0,1.0,4.0,2257949,1.0,1,4,1,5.0,,0.0,0,2001.0,B01,138Â 209Â 806,2.0,6.0,-1.0,1723502,0.0,7,,0.0,2.0,2.0,A01,138Â 209Â 805,1.0
1009715,201900051246,5,19,18:00,1,2,3,1.0,3.0,33069,Av de Tivoli/R. Bourbaki,M,"44,8607020"," -0,5926610",33,2019,50.0,1.0,1.0,4.0,2257949,1.0,1,4,1,5.0,,0.0,0,2001.0,B01,138Â 209Â 806,2.0,6.0,-1.0,1723503,0.0,32,,0.0,2.0,0.0,B01,138Â 209Â 806,1.0
1009716,201900051247,6,4,14:15,1,2,3,1.0,3.0,33069,GODARD (BD ),M,"44,8657300"," -0,5763900",33,2019,50.0,1.0,1.0,4.0,2257950,1.0,1,4,1,0.0,,-1.0, -1,1990.0,B01,138Â 209Â 803,8.0,0.0,-1.0,1723504,2.0,7,,0.0,2.0,3.0,B01,138Â 209Â 803,1.0
1009716,201900051247,6,4,14:15,1,2,3,1.0,3.0,33069,GODARD (BD ),M,"44,8657300"," -0,5763900",33,2019,50.0,1.0,1.0,4.0,2257950,1.0,1,4,1,0.0,,-1.0, -1,1990.0,B01,138Â 209Â 803,8.0,0.0,-1.0,1723505,2.0,10,,0.0,2.0,0.0,A01,138Â 209Â 804,1.0
1009716,201900051247,6,4,14:15,1,2,3,1.0,3.0,33069,GODARD (BD ),M,"44,8657300"," -0,5763900",33,2019,50.0,1.0,1.0,4.0,2257951,2.0,2,4,2,1.0,,-1.0, -1,1999.0,B01,138Â 209Â 803,1.0,0.0,-1.0,1723504,2.0,7,,0.0,2.0,3.0,B01,138Â 209Â 803,1.0
1009716,201900051247,6,4,14:15,1,2,3,1.0,3.0,33069,GODARD (BD ),M,"44,8657300"," -0,5763900",33,2019,50.0,1.0,1.0,4.0,2257951,2.0,2,4,2,1.0,,-1.0, -1,1999.0,B01,138Â 209Â 803,1.0,0.0,-1.0,1723505,2.0,10,,0.0,2.0,0.0,A01,138Â 209Â 804,1.0
1009716,201900051247,6,4,14:15,1,2,3,1.0,3.0,33069,GODARD (BD ),M,"44,8657300"," -0,5763900",33,2019,50.0,1.0,1.0,4.0,2257952,1.0,1,1,1,0.0,,-1.0, -1,1984.0,A01,138Â 209Â 804,8.0,0.0,-1.0,1723504,2.0,7,,0.0,2.0,3.0,B01,138Â 209Â 803,1.0
1009716,201900051247,6,4,14:15,1,2,3,1.0,3.0,33069,GODARD (BD ),M,"44,8657300"," -0,5763900",33,2019,50.0,1.0,1.0,4.0,2257952,1.0,1,1,1,0.0,,-1.0, -1,1984.0,A01,138Â 209Â 804,8.0,0.0,-1.0,1723505,2.0,10,,0.0,2.0,0.0,A01,138Â 209Â 804,1.0
1009717,201900051248,5,14,12:00,1,2,3,1.0,1.0,33119,R. Jules Guesde/R. Albert Dupeyron,M,"44,8569980"," -0,5373950",33,2019,50.0,8.0,1.0,4.0,2257953,1.0,1,1,1,5.0,,-1.0,0,1990.0,B01,138Â 209Â 801,1.0,0.0,-1.0,1723506,2.0,7,,0.0,2.0,3.0,B01,138Â 209Â 801,1.0
1009717,201900051248,5,14,12:00,1,2,3,1.0,1.0,33119,R. Jules Guesde/R. Albert Dupeyron,M,"44,8569980"," -0,5373950",33,2019,50.0,8.0,1.0,4.0,2257953,1.0,1,1,1,5.0,,-1.0,0,1990.0,B01,138Â 209Â 801,1.0,0.0,-1.0,1723507,1.0,7,,0.0,2.0,3.0,A01,138Â 209Â 802,1.0
1009717,201900051248,5,14,12:00,1,2,3,1.0,1.0,33119,R. Jules Guesde/R. Albert Dupeyron,M,"44,8569980"," -0,5373950",33,2019,50.0,8.0,1.0,4.0,2257954,2.0,2,4,1,5.0,,0.0,0,2017.0,B01,138Â 209Â 801,1.0,0.0,-1.0,1723506,2.0,7,,0.0,2.0,3.0,B01,138Â 209Â 801,1.0
1009717,201900051248,5,14,12:00,1,2,3,1.0,1.0,33119,R. Jules Guesde/R. Albert Dupeyron,M,"44,8569980"," -0,5373950",33,2019,50.0,8.0,1.0,4.0,2257954,2.0,2,4,1,5.0,,0.0,0,2017.0,B01,138Â 209Â 801,1.0,0.0,-1.0,1723507,1.0,7,,0.0,2.0,3.0,A01,138Â 209Â 802,1.0
1009717,201900051248,5,14,12:00,1,2,3,1.0,1.0,33119,R. Jules Guesde/R. Albert Dupeyron,M,"44,8569980"," -0,5373950",33,2019,50.0,8.0,1.0,4.0,2257955,2.0,2,3,2,5.0,,0.0,0,1990.0,B01,138Â 209Â 801,1.0,0.0,-1.0,1723506,2.0,7,,0.0,2.0,3.0,B01,138Â 209Â 801,1.0
1009717,201900051248,5,14,12:00,1,2,3,1.0,1.0,33119,R. Jules Guesde/R. Albert Dupeyron,M,"44,8569980"," -0,5373950",33,2019,50.0,8.0,1.0,4.0,2257955,2.0,2,3,2,5.0,,0.0,0,1990.0,B01,138Â 209Â 801,1.0,0.0,-1.0,1723507,1.0,7,,0.0,2.0,3.0,A01,138Â 209Â 802,1.0
1009717,201900051248,5,14,12:00,1,2,3,1.0,1.0,33119,R. Jules Guesde/R. Albert Dupeyron,M,"44,8569980"," -0,5373950",33,2019,50.0,8.0,1.0,4.0,2257956,1.0,1,1,1,0.0,,0.0,0,1985.0,A01,138Â 209Â 802,1.0,0.0,-1.0,1723506,2.0,7,,0.0,2.0,3.0,B01,138Â 209Â 801,1.0