Unnamed: 0_x,num_acc,mois,jour,hrmn,lum,agg,int,atm,col,com,adr,gps,lat,long,dep,annee,vma,situ,surf,catr,Unnamed: 0_y,place,catu,grav,sexe,trajet,secu,locp,actp,an_nais,num_veh_x,id_vehicule_x,secu1,secu2,secu3,Unnamed: 0,senc,catv,occutc,obs,obsm,choc,num_veh_y,id_vehicule_y,motor
1009717,201900051248,5,14,12:00,1,2,3,1.0,1.0,33119,R. Jules Guesde/R. Albert Dupeyron,M,"44,8569980"," -0,5373950",33,2019,50.0,8.0,1.0,4.0,2257956,1.0,1,1,1,0.0,,0.0,0,1985.0,A01,138Â 209Â 802,1.0,0.0,-1.0,1723507,1.0,7,,0.0,2.0,3.0,A01,138Â 209Â 802,1.0
1009718,201900051249,5,10,02:00,5,2,3,1.0,6.0,33063,CRS BALGUERIE STUTTENBERG,M,"44,8599767"," -0,5645395",33,2019,50.0,1.0,1.0,4.0,2257957,1.0,1,4,1,0.0,,0.0,0,1983.0,B01,138Â 209Â 799,8.0,0.0,-1.0,1723508,0.0,1,,0.0,2.0,0.0,B01,138Â 209Â 799,5.0
1009718,201900051249,5,10,02:00,5,2,3,1.0,6.0,33063,CRS BALGUERIE STUTTENBERG,M,"44,8599767"," -0,5645395",33,2019,50.0,1.0,1.0,4.0,2257957,1.0,1,4,1,0.0,,0.0,0,1983.0,B01,138Â 209Â 799,8.0,0.0,-1.0,1723509,0.0,7,,0.0,0.0,0.0,Z01,138Â 209Â 800,0.0
1009719,201900051250,6,4,00:30,5,2,2,1.0,1.0,33069,BD PIERRE 1ER,M,"44,8569700"," -0,5911000",33,2019,5.0,1.0,1.0,4.0,2257958,1.0,1,1,2,5.0,,-1.0, -1,1959.0,A01,138Â 209Â 797,1.0,0.0,-1.0,1723510,2.0,7,,0.0,2.0,2.0,A01,138Â 209Â 797,1.0
1009719,201900051250,6,4,00:30,5,2,2,1.0,1.0,33069,BD PIERRE 1ER,M,"44,8569700"," -0,5911000",33,2019,5.0,1.0,1.0,4.0,2257958,1.0,1,1,2,5.0,,-1.0, -1,1959.0,A01,138Â 209Â 797,1.0,0.0,-1.0,1723511,1.0,32,,0.0,2.0,2.0,B01,138Â 209Â 798,1.0
1009719,201900051250,6,4,00:30,5,2,2,1.0,1.0,33069,BD PIERRE 1ER,M,"44,8569700"," -0,5911000",33,2019,5.0,1.0,1.0,4.0,2257959,1.0,1,4,1,0.0,,-1.0, -1,1995.0,B01,138Â 209Â 798,8.0,0.0,-1.0,1723510,2.0,7,,0.0,2.0,2.0,A01,138Â 209Â 797,1.0
1009719,201900051250,6,4,00:30,5,2,2,1.0,1.0,33069,BD PIERRE 1ER,M,"44,8569700"," -0,5911000",33,2019,5.0,1.0,1.0,4.0,2257959,1.0,1,4,1,0.0,,-1.0, -1,1995.0,B01,138Â 209Â 798,8.0,0.0,-1.0,1723511,1.0,32,,0.0,2.0,2.0,B01,138Â 209Â 798,1.0
1009720,201900051251,6,1,02:30,5,2,1,1.0,6.0,33063,PONT SAINT JEAN,M,"44,8302300"," -0,5552200",33,2019,50.0,1.0,1.0,4.0,2257960,1.0,1,4,1,5.0,,-1.0, -1,1988.0,A01,138Â 209Â 796,1.0,0.0,-1.0,1723512,0.0,7,,6.0,0.0,0.0,A01,138Â 209Â 796,1.0
1009720,201900051251,6,1,02:30,5,2,1,1.0,6.0,33063,PONT SAINT JEAN,M,"44,8302300"," -0,5552200",33,2019,50.0,1.0,1.0,4.0,2257961,2.0,2,4,1,5.0,,-1.0, -1,1984.0,A01,138Â 209Â 796,1.0,0.0,-1.0,1723512,0.0,7,,6.0,0.0,0.0,A01,138Â 209Â 796,1.0
1009721,201900051252,5,30,21:00,2,2,3,1.0,3.0,33200,AVE DE LA REPUBLIQUE,M,"44,8728200"," -0,6814700",33,2019,30.0,1.0,1.0,4.0,2257962,1.0,1,3,1,5.0,,0.0, -1,1977.0,B01,138Â 209Â 794,2.0,0.0,-1.0,1723513,2.0,2,,0.0,2.0,1.0,B01,138Â 209Â 794,1.0
1009721,201900051252,5,30,21:00,2,2,3,1.0,3.0,33200,AVE DE LA REPUBLIQUE,M,"44,8728200"," -0,6814700",33,2019,30.0,1.0,1.0,4.0,2257962,1.0,1,3,1,5.0,,0.0, -1,1977.0,B01,138Â 209Â 794,2.0,0.0,-1.0,1723514,1.0,7,,0.0,2.0,1.0,A01,138Â 209Â 795,1.0
1009721,201900051252,5,30,21:00,2,2,3,1.0,3.0,33200,AVE DE LA REPUBLIQUE,M,"44,8728200"," -0,6814700",33,2019,30.0,1.0,1.0,4.0,2257963,1.0,1,1,2,0.0,,-1.0, -1,1996.0,A01,138Â 209Â 795,8.0,0.0,-1.0,1723513,2.0,2,,0.0,2.0,1.0,B01,138Â 209Â 794,1.0
1009721,201900051252,5,30,21:00,2,2,3,1.0,3.0,33200,AVE DE LA REPUBLIQUE,M,"44,8728200"," -0,6814700",33,2019,30.0,1.0,1.0,4.0,2257963,1.0,1,1,2,0.0,,-1.0, -1,1996.0,A01,138Â 209Â 795,8.0,0.0,-1.0,1723514,1.0,7,,0.0,2.0,1.0,A01,138Â 209Â 795,1.0
1009722,201900051253,6,6,09:30,1,2,2,1.0,3.0,33075,RUE DE LA TOUR DE GASSIES,M,"44,8819300"," -0,6207900",33,2019,50.0,1.0,1.0,4.0,2257964,1.0,1,4,1,0.0,,0.0,0,1946.0,B01,138Â 209Â 792,1.0,0.0,-1.0,1723515,0.0,7,,0.0,2.0,8.0,B01,138Â 209Â 792,1.0
1009722,201900051253,6,6,09:30,1,2,2,1.0,3.0,33075,RUE DE LA TOUR DE GASSIES,M,"44,8819300"," -0,6207900",33,2019,50.0,1.0,1.0,4.0,2257964,1.0,1,4,1,0.0,,0.0,0,1946.0,B01,138Â 209Â 792,1.0,0.0,-1.0,1723516,0.0,33,,0.0,2.0,1.0,A01,138Â 209Â 793,1.0
1009722,201900051253,6,6,09:30,1,2,2,1.0,3.0,33075,RUE DE LA TOUR DE GASSIES,M,"44,8819300"," -0,6207900",33,2019,50.0,1.0,1.0,4.0,2257965,1.0,1,4,1,0.0,,0.0,0,1984.0,A01,138Â 209Â 793,2.0,6.0,-1.0,1723515,0.0,7,,0.0,2.0,8.0,B01,138Â 209Â 792,1.0
1009722,201900051253,6,6,09:30,1,2,2,1.0,3.0,33075,RUE DE LA TOUR DE GASSIES,M,"44,8819300"," -0,6207900",33,2019,50.0,1.0,1.0,4.0,2257965,1.0,1,4,1,0.0,,0.0,0,1984.0,A01,138Â 209Â 793,2.0,6.0,-1.0,1723516,0.0,33,,0.0,2.0,1.0,A01,138Â 209Â 793,1.0
1009723,201900051254,5,29,07:10,1,2,1,1.0,6.0,33249,RTE DE CARBON-BLANC,M,"44,8807000"," -0,5237500",33,2019,30.0,1.0,1.0,6.0,2257966,1.0,1,1,1,1.0,,-1.0, -1,1990.0,B01,138Â 209Â 790,8.0,0.0,-1.0,1723517,0.0,1,,0.0,2.0,1.0,B01,138Â 209Â 790,5.0
1009723,201900051254,5,29,07:10,1,2,1,1.0,6.0,33249,RTE DE CARBON-BLANC,M,"44,8807000"," -0,5237500",33,2019,30.0,1.0,1.0,6.0,2257966,1.0,1,1,1,1.0,,-1.0, -1,1990.0,B01,138Â 209Â 790,8.0,0.0,-1.0,1723518,0.0,1,,0.0,2.0,1.0,A01,138Â 209Â 791,5.0
1009723,201900051254,5,29,07:10,1,2,1,1.0,6.0,33249,RTE DE CARBON-BLANC,M,"44,8807000"," -0,5237500",33,2019,30.0,1.0,1.0,6.0,2257967,1.0,1,4,1,1.0,,-1.0, -1,1982.0,A01,138Â 209Â 791,8.0,0.0,-1.0,1723517,0.0,1,,0.0,2.0,1.0,B01,138Â 209Â 790,5.0
1009723,201900051254,5,29,07:10,1,2,1,1.0,6.0,33249,RTE DE CARBON-BLANC,M,"44,8807000"," -0,5237500",33,2019,30.0,1.0,1.0,6.0,2257967,1.0,1,4,1,1.0,,-1.0, -1,1982.0,A01,138Â 209Â 791,8.0,0.0,-1.0,1723518,0.0,1,,0.0,2.0,1.0,A01,138Â 209Â 791,5.0
1009724,201900051255,6,9,17:10,1,2,1,1.0,6.0,33009,PLAGE (BD DE LA)  53,M,"44,6589300"," -1,1518300",33,2019,50.0,1.0,1.0,3.0,2257968,1.0,1,4,1,0.0,,-1.0, -1,1992.0,A01,138Â 209Â 789,8.0,0.0,-1.0,1723519,1.0,3,,1.0,0.0,1.0,A01,138Â 209Â 789,1.0
1009725,201900051256,6,12,16:10,1,1,9,1.0,2.0,33529,RN250 (BONNEVAL - LA HUME) - Z.A.,M,"44,6165800"," -1,1382100",33,2019,80.0,1.0,1.0,2.0,2257969,2.0,2,4,2,0.0,,-1.0, -1,1954.0,A01,138Â 209Â 787,1.0,0.0,-1.0,1723520,2.0,7,,0.0,2.0,4.0,A01,138Â 209Â 787,1.0
1009725,201900051256,6,12,16:10,1,1,9,1.0,2.0,33529,RN250 (BONNEVAL - LA HUME) - Z.A.,M,"44,6165800"," -1,1382100",33,2019,80.0,1.0,1.0,2.0,2257969,2.0,2,4,2,0.0,,-1.0, -1,1954.0,A01,138Â 209Â 787,1.0,0.0,-1.0,1723521,2.0,7,,0.0,2.0,1.0,B01,138Â 209Â 788,1.0
1009725,201900051256,6,12,16:10,1,1,9,1.0,2.0,33529,RN250 (BONNEVAL - LA HUME) - Z.A.,M,"44,6165800"," -1,1382100",33,2019,80.0,1.0,1.0,2.0,2257970,1.0,1,1,1,0.0,,-1.0, -1,1989.0,A01,138Â 209Â 787,1.0,0.0,-1.0,1723520,2.0,7,,0.0,2.0,4.0,A01,138Â 209Â 787,1.0
1009725,201900051256,6,12,16:10,1,1,9,1.0,2.0,33529,RN250 (BONNEVAL - LA HUME) - Z.A.,M,"44,6165800"," -1,1382100",33,2019,80.0,1.0,1.0,2.0,2257970,1.0,1,1,1,0.0,,-1.0, -1,1989.0,A01,138Â 209Â 787,1.0,0.0,-1.0,1723521,2.0,7,,0.0,2.0,1.0,B01,138Â 209Â 788,1.0
1009725,201900051256,6,12,16:10,1,1,9,1.0,2.0,33529,RN250 (BONNEVAL - LA HUME) - Z.A.,M,"44,6165800"," -1,1382100",33,2019,80.0,1.0,1.0,2.0,2257971,1.0,1,1,2,0.0,,-1.0, -1,1967.0,B01,138Â 209Â 788,1.0,0.0,-1.0,1723520,2.0,7,,0.0,2.0,4.0,A01,138Â 209Â 787,1.0
1009725,201900051256,6,12,16:10,1,1,9,1.0,2.0,33529,RN250 (BONNEVAL - LA HUME) - Z.A.,M,"44,6165800"," -1,1382100",33,2019,80.0,1.0,1.0,2.0,2257971,1.0,1,1,2,0.0,,-1.0, -1,1967.0,B01,138Â 209Â 788,1.0,0.0,-1.0,1723521,2.0,7,,0.0,2.0,1.0,B01,138Â 209Â 788,1.0
1009726,201900051257,6,11,17:25,1,2,9,2.0,2.0,33529,INDUSTRIE (BD DE L') DU 02 ET +,M,"44,6125500"," -1,1284400",33,2019,50.0,1.0,1.0,4.0,2257972,2.0,2,4,1,0.0,,-1.0, -1,1995.0,A01,138Â 209Â 785,2.0,6.0,-1.0,1723522,1.0,31,,0.0,2.0,2.0,A01,138Â 209Â 785,1.0
1009726,201900051257,6,11,17:25,1,2,9,2.0,2.0,33529,INDUSTRIE (BD DE L') DU 02 ET +,M,"44,6125500"," -1,1284400",33,2019,50.0,1.0,1.0,4.0,2257972,2.0,2,4,1,0.0,,-1.0, -1,1995.0,A01,138Â 209Â 785,2.0,6.0,-1.0,1723523,1.0,1,,0.0,2.0,4.0,B01,138Â 209Â 786,5.0
1009726,201900051257,6,11,17:25,1,2,9,2.0,2.0,33529,INDUSTRIE (BD DE L') DU 02 ET +,M,"44,6125500"," -1,1284400",33,2019,50.0,1.0,1.0,4.0,2257973,1.0,1,1,1,0.0,,-1.0, -1,1997.0,A01,138Â 209Â 785,2.0,6.0,-1.0,1723522,1.0,31,,0.0,2.0,2.0,A01,138Â 209Â 785,1.0
1009726,201900051257,6,11,17:25,1,2,9,2.0,2.0,33529,INDUSTRIE (BD DE L') DU 02 ET +,M,"44,6125500"," -1,1284400",33,2019,50.0,1.0,1.0,4.0,2257973,1.0,1,1,1,0.0,,-1.0, -1,1997.0,A01,138Â 209Â 785,2.0,6.0,-1.0,1723523,1.0,1,,0.0,2.0,4.0,B01,138Â 209Â 786,5.0
1009726,201900051257,6,11,17:25,1,2,9,2.0,2.0,33529,INDUSTRIE (BD DE L') DU 02 ET +,M,"44,6125500"," -1,1284400",33,2019,50.0,1.0,1.0,4.0,2257974,1.0,1,4,1,1.0,,-1.0, -1,1968.0,B01,138Â 209Â 786,2.0,6.0,-1.0,1723522,1.0,31,,0.0,2.0,2.0,A01,138Â 209Â 785,1.0
1009726,201900051257,6,11,17:25,1,2,9,2.0,2.0,33529,INDUSTRIE (BD DE L') DU 02 ET +,M,"44,6125500"," -1,1284400",33,2019,50.0,1.0,1.0,4.0,2257974,1.0,1,4,1,1.0,,-1.0, -1,1968.0,B01,138Â 209Â 786,2.0,6.0,-1.0,1723523,1.0,1,,0.0,2.0,4.0,B01,138Â 209Â 786,5.0
1009727,201900051258,6,7,12:25,1,2,3,1.0,3.0,33529,Av de l'Europe / Av.Curie ,M,"44,6166500"," -1,1133800",33,2019,50.0,1.0,1.0,4.0,2257975,1.0,1,1,2,4.0,,-1.0, -1,1965.0,A01,138Â 209Â 783,1.0,0.0,-1.0,1723524,2.0,7,,0.0,2.0,3.0,A01,138Â 209Â 783,1.0
1009727,201900051258,6,7,12:25,1,2,3,1.0,3.0,33529,Av de l'Europe / Av.Curie ,M,"44,6166500"," -1,1133800",33,2019,50.0,1.0,1.0,4.0,2257975,1.0,1,1,2,4.0,,-1.0, -1,1965.0,A01,138Â 209Â 783,1.0,0.0,-1.0,1723525,1.0,33,,0.0,2.0,2.0,B01,138Â 209Â 784,1.0
1009727,201900051258,6,7,12:25,1,2,3,1.0,3.0,33529,Av de l'Europe / Av.Curie ,M,"44,6166500"," -1,1133800",33,2019,50.0,1.0,1.0,4.0,2257976,1.0,1,4,1,5.0,,-1.0, -1,1989.0,B01,138Â 209Â 784,2.0,6.0,-1.0,1723524,2.0,7,,0.0,2.0,3.0,A01,138Â 209Â 783,1.0
1009727,201900051258,6,7,12:25,1,2,3,1.0,3.0,33529,Av de l'Europe / Av.Curie ,M,"44,6166500"," -1,1133800",33,2019,50.0,1.0,1.0,4.0,2257976,1.0,1,4,1,5.0,,-1.0, -1,1989.0,B01,138Â 209Â 784,2.0,6.0,-1.0,1723525,1.0,33,,0.0,2.0,2.0,B01,138Â 209Â 784,1.0
1009728,201900051259,5,31,10:20,1,2,2,1.0,3.0,33529,PARC DES EXPOSITIONS (Ave du),M,"44,6148600"," -1,1187400",33,2019,50.0,1.0,1.0,4.0,2257977,1.0,1,1,1,5.0,,0.0, -1,1948.0,A01,138Â 209Â 781,1.0,8.0,-1.0,1723526,2.0,7,,0.0,2.0,3.0,A01,138Â 209Â 781,1.0
1009728,201900051259,5,31,10:20,1,2,2,1.0,3.0,33529,PARC DES EXPOSITIONS (Ave du),M,"44,6148600"," -1,1187400",33,2019,50.0,1.0,1.0,4.0,2257977,1.0,1,1,1,5.0,,0.0, -1,1948.0,A01,138Â 209Â 781,1.0,8.0,-1.0,1723527,2.0,33,,0.0,2.0,2.0,B01,138Â 209Â 782,2.0
1009728,201900051259,5,31,10:20,1,2,2,1.0,3.0,33529,PARC DES EXPOSITIONS (Ave du),M,"44,6148600"," -1,1187400",33,2019,50.0,1.0,1.0,4.0,2257978,1.0,1,4,1,5.0,,0.0, -1,1954.0,B01,138Â 209Â 782,2.0,6.0,-1.0,1723526,2.0,7,,0.0,2.0,3.0,A01,138Â 209Â 781,1.0
1009728,201900051259,5,31,10:20,1,2,2,1.0,3.0,33529,PARC DES EXPOSITIONS (Ave du),M,"44,6148600"," -1,1187400",33,2019,50.0,1.0,1.0,4.0,2257978,1.0,1,4,1,5.0,,0.0, -1,1954.0,B01,138Â 209Â 782,2.0,6.0,-1.0,1723527,2.0,33,,0.0,2.0,2.0,B01,138Â 209Â 782,2.0
1009729,201900051260,6,4,10:20,1,1,1,1.0,6.0,32013,ARCADIE (CHEMIN D'),M,"43,6495400","0,5606800",32,2019,30.0,1.0,9.0,5.0,2257979,1.0,1,4,2,5.0,,0.0,0,1994.0,A01,138Â 209Â 780,1.0,0.0,-1.0,1723528,3.0,7,,13.0,0.0,9.0,A01,138Â 209Â 780,1.0
1009729,201900051260,6,4,10:20,1,1,1,1.0,6.0,32013,ARCADIE (CHEMIN D'),M,"43,6495400","0,5606800",32,2019,30.0,1.0,9.0,5.0,2257980,3.0,2,4,1,5.0,,0.0,0,2016.0,A01,138Â 209Â 780,3.0,0.0,-1.0,1723528,3.0,7,,13.0,0.0,9.0,A01,138Â 209Â 780,1.0
1009730,201900051261,6,18,06:15,1,1,1,1.0,5.0,31555,VA007331 A620,M,"43,6123400","1,4174300",31,2019,90.0,1.0,1.0,1.0,2257981,2.0,2,1,1,9.0,,-1.0,0,1974.0,A01,138Â 209Â 777,1.0,8.0,-1.0,1723529,2.0,7,,0.0,2.0,2.0,A01,138Â 209Â 777,1.0
1009730,201900051261,6,18,06:15,1,1,1,1.0,5.0,31555,VA007331 A620,M,"43,6123400","1,4174300",31,2019,90.0,1.0,1.0,1.0,2257981,2.0,2,1,1,9.0,,-1.0,0,1974.0,A01,138Â 209Â 777,1.0,8.0,-1.0,1723530,2.0,7,,0.0,2.0,4.0,B01,138Â 209Â 778,1.0
1009730,201900051261,6,18,06:15,1,1,1,1.0,5.0,31555,VA007331 A620,M,"43,6123400","1,4174300",31,2019,90.0,1.0,1.0,1.0,2257981,2.0,2,1,1,9.0,,-1.0,0,1974.0,A01,138Â 209Â 777,1.0,8.0,-1.0,1723531,2.0,7,,0.0,2.0,2.0,C01,138Â 209Â 779,1.0
1009730,201900051261,6,18,06:15,1,1,1,1.0,5.0,31555,VA007331 A620,M,"43,6123400","1,4174300",31,2019,90.0,1.0,1.0,1.0,2257982,3.0,2,1,1,9.0,,-1.0,0,1989.0,A01,138Â 209Â 777,1.0,8.0,-1.0,1723529,2.0,7,,0.0,2.0,2.0,A01,138Â 209Â 777,1.0
1009730,201900051261,6,18,06:15,1,1,1,1.0,5.0,31555,VA007331 A620,M,"43,6123400","1,4174300",31,2019,90.0,1.0,1.0,1.0,2257982,3.0,2,1,1,9.0,,-1.0,0,1989.0,A01,138Â 209Â 777,1.0,8.0,-1.0,1723530,2.0,7,,0.0,2.0,4.0,B01,138Â 209Â 778,1.0
1009730,201900051261,6,18,06:15,1,1,1,1.0,5.0,31555,VA007331 A620,M,"43,6123400","1,4174300",31,2019,90.0,1.0,1.0,1.0,2257982,3.0,2,1,1,9.0,,-1.0,0,1989.0,A01,138Â 209Â 777,1.0,8.0,-1.0,1723531,2.0,7,,0.0,2.0,2.0,C01,138Â 209Â 779,1.0
1009730,201900051261,6,18,06:15,1,1,1,1.0,5.0,31555,VA007331 A620,M,"43,6123400","1,4174300",31,2019,90.0,1.0,1.0,1.0,2257983,4.0,2,4,2,9.0,,-1.0,0,1985.0,A01,138Â 209Â 777,1.0,7.0,-1.0,1723529,2.0,7,,0.0,2.0,2.0,A01,138Â 209Â 777,1.0
1009730,201900051261,6,18,06:15,1,1,1,1.0,5.0,31555,VA007331 A620,M,"43,6123400","1,4174300",31,2019,90.0,1.0,1.0,1.0,2257983,4.0,2,4,2,9.0,,-1.0,0,1985.0,A01,138Â 209Â 777,1.0,7.0,-1.0,1723530,2.0,7,,0.0,2.0,4.0,B01,138Â 209Â 778,1.0
1009730,201900051261,6,18,06:15,1,1,1,1.0,5.0,31555,VA007331 A620,M,"43,6123400","1,4174300",31,2019,90.0,1.0,1.0,1.0,2257983,4.0,2,4,2,9.0,,-1.0,0,1985.0,A01,138Â 209Â 777,1.0,7.0,-1.0,1723531,2.0,7,,0.0,2.0,2.0,C01,138Â 209Â 779,1.0
1009730,201900051261,6,18,06:15,1,1,1,1.0,5.0,31555,VA007331 A620,M,"43,6123400","1,4174300",31,2019,90.0,1.0,1.0,1.0,2257984,5.0,2,4,1,9.0,,-1.0,0,1989.0,A01,138Â 209Â 777,1.0,0.0,-1.0,1723529,2.0,7,,0.0,2.0,2.0,A01,138Â 209Â 777,1.0
1009730,201900051261,6,18,06:15,1,1,1,1.0,5.0,31555,VA007331 A620,M,"43,6123400","1,4174300",31,2019,90.0,1.0,1.0,1.0,2257984,5.0,2,4,1,9.0,,-1.0,0,1989.0,A01,138Â 209Â 777,1.0,0.0,-1.0,1723530,2.0,7,,0.0,2.0,4.0,B01,138Â 209Â 778,1.0
1009730,201900051261,6,18,06:15,1,1,1,1.0,5.0,31555,VA007331 A620,M,"43,6123400","1,4174300",31,2019,90.0,1.0,1.0,1.0,2257984,5.0,2,4,1,9.0,,-1.0,0,1989.0,A01,138Â 209Â 777,1.0,0.0,-1.0,1723531,2.0,7,,0.0,2.0,2.0,C01,138Â 209Â 779,1.0
1009730,201900051261,6,18,06:15,1,1,1,1.0,5.0,31555,VA007331 A620,M,"43,6123400","1,4174300",31,2019,90.0,1.0,1.0,1.0,2257985,1.0,1,1,1,9.0,,-1.0,0,1973.0,A01,138Â 209Â 777,1.0,8.0,-1.0,1723529,2.0,7,,0.0,2.0,2.0,A01,138Â 209Â 777,1.0
1009730,201900051261,6,18,06:15,1,1,1,1.0,5.0,31555,VA007331 A620,M,"43,6123400","1,4174300",31,2019,90.0,1.0,1.0,1.0,2257985,1.0,1,1,1,9.0,,-1.0,0,1973.0,A01,138Â 209Â 777,1.0,8.0,-1.0,1723530,2.0,7,,0.0,2.0,4.0,B01,138Â 209Â 778,1.0
1009730,201900051261,6,18,06:15,1,1,1,1.0,5.0,31555,VA007331 A620,M,"43,6123400","1,4174300",31,2019,90.0,1.0,1.0,1.0,2257985,1.0,1,1,1,9.0,,-1.0,0,1973.0,A01,138Â 209Â 777,1.0,8.0,-1.0,1723531,2.0,7,,0.0,2.0,2.0,C01,138Â 209Â 779,1.0
1009730,201900051261,6,18,06:15,1,1,1,1.0,5.0,31555,VA007331 A620,M,"43,6123400","1,4174300",31,2019,90.0,1.0,1.0,1.0,2257986,1.0,1,4,2,9.0,,-1.0,0,1967.0,B01,138Â 209Â 778,1.0,8.0,-1.0,1723529,2.0,7,,0.0,2.0,2.0,A01,138Â 209Â 777,1.0
1009730,201900051261,6,18,06:15,1,1,1,1.0,5.0,31555,VA007331 A620,M,"43,6123400","1,4174300",31,2019,90.0,1.0,1.0,1.0,2257986,1.0,1,4,2,9.0,,-1.0,0,1967.0,B01,138Â 209Â 778,1.0,8.0,-1.0,1723530,2.0,7,,0.0,2.0,4.0,B01,138Â 209Â 778,1.0
1009730,201900051261,6,18,06:15,1,1,1,1.0,5.0,31555,VA007331 A620,M,"43,6123400","1,4174300",31,2019,90.0,1.0,1.0,1.0,2257986,1.0,1,4,2,9.0,,-1.0,0,1967.0,B01,138Â 209Â 778,1.0,8.0,-1.0,1723531,2.0,7,,0.0,2.0,2.0,C01,138Â 209Â 779,1.0
1009730,201900051261,6,18,06:15,1,1,1,1.0,5.0,31555,VA007331 A620,M,"43,6123400","1,4174300",31,2019,90.0,1.0,1.0,1.0,2257987,1.0,1,1,1,4.0,,-1.0,0,1982.0,C01,138Â 209Â 779,1.0,8.0,-1.0,1723529,2.0,7,,0.0,2.0,2.0,A01,138Â 209Â 777,1.0
1009730,201900051261,6,18,06:15,1,1,1,1.0,5.0,31555,VA007331 A620,M,"43,6123400","1,4174300",31,2019,90.0,1.0,1.0,1.0,2257987,1.0,1,1,1,4.0,,-1.0,0,1982.0,C01,138Â 209Â 779,1.0,8.0,-1.0,1723530,2.0,7,,0.0,2.0,4.0,B01,138Â 209Â 778,1.0
1009730,201900051261,6,18,06:15,1,1,1,1.0,5.0,31555,VA007331 A620,M,"43,6123400","1,4174300",31,2019,90.0,1.0,1.0,1.0,2257987,1.0,1,1,1,4.0,,-1.0,0,1982.0,C01,138Â 209Â 779,1.0,8.0,-1.0,1723531,2.0,7,,0.0,2.0,2.0,C01,138Â 209Â 779,1.0
1009730,201900051261,6,18,06:15,1,1,1,1.0,5.0,31555,VA007331 A620,M,"43,6123400","1,4174300",31,2019,90.0,1.0,1.0,1.0,2257988,2.0,2,1,1,4.0,,-1.0,0,1975.0,C01,138Â 209Â 779,1.0,8.0,-1.0,1723529,2.0,7,,0.0,2.0,2.0,A01,138Â 209Â 777,1.0
1009730,201900051261,6,18,06:15,1,1,1,1.0,5.0,31555,VA007331 A620,M,"43,6123400","1,4174300",31,2019,90.0,1.0,1.0,1.0,2257988,2.0,2,1,1,4.0,,-1.0,0,1975.0,C01,138Â 209Â 779,1.0,8.0,-1.0,1723530,2.0,7,,0.0,2.0,4.0,B01,138Â 209Â 778,1.0
1009730,201900051261,6,18,06:15,1,1,1,1.0,5.0,31555,VA007331 A620,M,"43,6123400","1,4174300",31,2019,90.0,1.0,1.0,1.0,2257988,2.0,2,1,1,4.0,,-1.0,0,1975.0,C01,138Â 209Â 779,1.0,8.0,-1.0,1723531,2.0,7,,0.0,2.0,2.0,C01,138Â 209Â 779,1.0
1009731,201900051262,6,17,07:55,1,2,1,1.0,3.0,31555,RUE DU DR MARCEL BOUVIER,M,"43,6247400","1,4568000",31,2019,50.0,1.0,1.0,4.0,2257989,1.0,1,3,1,9.0,,-1.0,0,1960.0,A01,138Â 209Â 775,2.0,8.0,-1.0,1723532,0.0,33,,0.0,2.0,2.0,A01,138Â 209Â 775,1.0
1009731,201900051262,6,17,07:55,1,2,1,1.0,3.0,31555,RUE DU DR MARCEL BOUVIER,M,"43,6247400","1,4568000",31,2019,50.0,1.0,1.0,4.0,2257989,1.0,1,3,1,9.0,,-1.0,0,1960.0,A01,138Â 209Â 775,2.0,8.0,-1.0,1723533,1.0,7,,0.0,2.0,2.0,B01,138Â 209Â 776,1.0
1009731,201900051262,6,17,07:55,1,2,1,1.0,3.0,31555,RUE DU DR MARCEL BOUVIER,M,"43,6247400","1,4568000",31,2019,50.0,1.0,1.0,4.0,2257990,1.0,1,1,2,9.0,,-1.0,0,1991.0,B01,138Â 209Â 776,1.0,7.0,-1.0,1723532,0.0,33,,0.0,2.0,2.0,A01,138Â 209Â 775,1.0
1009731,201900051262,6,17,07:55,1,2,1,1.0,3.0,31555,RUE DU DR MARCEL BOUVIER,M,"43,6247400","1,4568000",31,2019,50.0,1.0,1.0,4.0,2257990,1.0,1,1,2,9.0,,-1.0,0,1991.0,B01,138Â 209Â 776,1.0,7.0,-1.0,1723533,1.0,7,,0.0,2.0,2.0,B01,138Â 209Â 776,1.0
1009732,201900051263,6,17,10:20,1,2,1,1.0,6.0,31555,RUE DE LIMAYRAC,M,"43,5928500","1,4750000",31,2019,50.0,1.0,1.0,4.0,2257991,1.0,1,4,2,5.0,,-1.0,0,1966.0,B01,138Â 209Â 773,1.0,0.0,-1.0,1723534,1.0,80,,0.0,2.0,1.0,B01,138Â 209Â 773,3.0
1009732,201900051263,6,17,10:20,1,2,1,1.0,6.0,31555,RUE DE LIMAYRAC,M,"43,5928500","1,4750000",31,2019,50.0,1.0,1.0,4.0,2257991,1.0,1,4,2,5.0,,-1.0,0,1966.0,B01,138Â 209Â 773,1.0,0.0,-1.0,1723535,1.0,10,,0.0,2.0,8.0,A01,138Â 209Â 774,1.0
1009732,201900051263,6,17,10:20,1,2,1,1.0,6.0,31555,RUE DE LIMAYRAC,M,"43,5928500","1,4750000",31,2019,50.0,1.0,1.0,4.0,2257992,1.0,1,1,1,4.0,,-1.0,0,1966.0,A01,138Â 209Â 774,1.0,0.0,-1.0,1723534,1.0,80,,0.0,2.0,1.0,B01,138Â 209Â 773,3.0
1009732,201900051263,6,17,10:20,1,2,1,1.0,6.0,31555,RUE DE LIMAYRAC,M,"43,5928500","1,4750000",31,2019,50.0,1.0,1.0,4.0,2257992,1.0,1,1,1,4.0,,-1.0,0,1966.0,A01,138Â 209Â 774,1.0,0.0,-1.0,1723535,1.0,10,,0.0,2.0,8.0,A01,138Â 209Â 774,1.0