Unnamed: 0_x,num_acc,mois,jour,hrmn,lum,agg,int,atm,col,com,adr,gps,lat,long,dep,annee,vma,situ,surf,catr,Unnamed: 0_y,place,catu,grav,sexe,trajet,secu,locp,actp,an_nais,num_veh_x,id_vehicule_x,secu1,secu2,secu3,Unnamed: 0,senc,catv,occutc,obs,obsm,choc,num_veh_y,id_vehicule_y,motor
1009733,201900051264,6,16,03:10,4,2,2,1.0,3.0,31555,RTE D AGDE,M,"43,6281300","1,4793600",31,2019,50.0,1.0,1.0,3.0,2257993,2.0,2,1,2,5.0,,-1.0,0,1999.0,B01,138Â 209Â 771,1.0,7.0,-1.0,1723536,3.0,7,,0.0,2.0,1.0,B01,138Â 209Â 771,1.0
1009733,201900051264,6,16,03:10,4,2,2,1.0,3.0,31555,RTE D AGDE,M,"43,6281300","1,4793600",31,2019,50.0,1.0,1.0,3.0,2257993,2.0,2,1,2,5.0,,-1.0,0,1999.0,B01,138Â 209Â 771,1.0,7.0,-1.0,1723537,1.0,7,,0.0,2.0,9.0,A01,138Â 209Â 772,1.0
1009733,201900051264,6,16,03:10,4,2,2,1.0,3.0,31555,RTE D AGDE,M,"43,6281300","1,4793600",31,2019,50.0,1.0,1.0,3.0,2257994,3.0,2,1,2,5.0,,-1.0,0,1998.0,B01,138Â 209Â 771,1.0,7.0,-1.0,1723536,3.0,7,,0.0,2.0,1.0,B01,138Â 209Â 771,1.0
1009733,201900051264,6,16,03:10,4,2,2,1.0,3.0,31555,RTE D AGDE,M,"43,6281300","1,4793600",31,2019,50.0,1.0,1.0,3.0,2257994,3.0,2,1,2,5.0,,-1.0,0,1998.0,B01,138Â 209Â 771,1.0,7.0,-1.0,1723537,1.0,7,,0.0,2.0,9.0,A01,138Â 209Â 772,1.0
1009733,201900051264,6,16,03:10,4,2,2,1.0,3.0,31555,RTE D AGDE,M,"43,6281300","1,4793600",31,2019,50.0,1.0,1.0,3.0,2257995,1.0,1,1,1,5.0,,-1.0,0,1993.0,B01,138Â 209Â 771,1.0,8.0,-1.0,1723536,3.0,7,,0.0,2.0,1.0,B01,138Â 209Â 771,1.0
1009733,201900051264,6,16,03:10,4,2,2,1.0,3.0,31555,RTE D AGDE,M,"43,6281300","1,4793600",31,2019,50.0,1.0,1.0,3.0,2257995,1.0,1,1,1,5.0,,-1.0,0,1993.0,B01,138Â 209Â 771,1.0,8.0,-1.0,1723537,1.0,7,,0.0,2.0,9.0,A01,138Â 209Â 772,1.0
1009733,201900051264,6,16,03:10,4,2,2,1.0,3.0,31555,RTE D AGDE,M,"43,6281300","1,4793600",31,2019,50.0,1.0,1.0,3.0,2257996,4.0,2,1,2,5.0,,-1.0,0,1999.0,B01,138Â 209Â 771,1.0,8.0,-1.0,1723536,3.0,7,,0.0,2.0,1.0,B01,138Â 209Â 771,1.0
1009733,201900051264,6,16,03:10,4,2,2,1.0,3.0,31555,RTE D AGDE,M,"43,6281300","1,4793600",31,2019,50.0,1.0,1.0,3.0,2257996,4.0,2,1,2,5.0,,-1.0,0,1999.0,B01,138Â 209Â 771,1.0,8.0,-1.0,1723537,1.0,7,,0.0,2.0,9.0,A01,138Â 209Â 772,1.0
1009733,201900051264,6,16,03:10,4,2,2,1.0,3.0,31555,RTE D AGDE,M,"43,6281300","1,4793600",31,2019,50.0,1.0,1.0,3.0,2257997,1.0,1,4,1,5.0,,-1.0,0,1996.0,A01,138Â 209Â 772,1.0,8.0,-1.0,1723536,3.0,7,,0.0,2.0,1.0,B01,138Â 209Â 771,1.0
1009733,201900051264,6,16,03:10,4,2,2,1.0,3.0,31555,RTE D AGDE,M,"43,6281300","1,4793600",31,2019,50.0,1.0,1.0,3.0,2257997,1.0,1,4,1,5.0,,-1.0,0,1996.0,A01,138Â 209Â 772,1.0,8.0,-1.0,1723537,1.0,7,,0.0,2.0,9.0,A01,138Â 209Â 772,1.0
1009733,201900051264,6,16,03:10,4,2,2,1.0,3.0,31555,RTE D AGDE,M,"43,6281300","1,4793600",31,2019,50.0,1.0,1.0,3.0,2257998,3.0,2,4,1,5.0,,-1.0,0,1997.0,A01,138Â 209Â 772,1.0,8.0,-1.0,1723536,3.0,7,,0.0,2.0,1.0,B01,138Â 209Â 771,1.0
1009733,201900051264,6,16,03:10,4,2,2,1.0,3.0,31555,RTE D AGDE,M,"43,6281300","1,4793600",31,2019,50.0,1.0,1.0,3.0,2257998,3.0,2,4,1,5.0,,-1.0,0,1997.0,A01,138Â 209Â 772,1.0,8.0,-1.0,1723537,1.0,7,,0.0,2.0,9.0,A01,138Â 209Â 772,1.0
1009733,201900051264,6,16,03:10,4,2,2,1.0,3.0,31555,RTE D AGDE,M,"43,6281300","1,4793600",31,2019,50.0,1.0,1.0,3.0,2257999,5.0,2,4,2,5.0,,-1.0,0,1999.0,A01,138Â 209Â 772,1.0,8.0,-1.0,1723536,3.0,7,,0.0,2.0,1.0,B01,138Â 209Â 771,1.0
1009733,201900051264,6,16,03:10,4,2,2,1.0,3.0,31555,RTE D AGDE,M,"43,6281300","1,4793600",31,2019,50.0,1.0,1.0,3.0,2257999,5.0,2,4,2,5.0,,-1.0,0,1999.0,A01,138Â 209Â 772,1.0,8.0,-1.0,1723537,1.0,7,,0.0,2.0,9.0,A01,138Â 209Â 772,1.0
1009733,201900051264,6,16,03:10,4,2,2,1.0,3.0,31555,RTE D AGDE,M,"43,6281300","1,4793600",31,2019,50.0,1.0,1.0,3.0,2258000,2.0,2,4,2,5.0,,-1.0,0,1999.0,A01,138Â 209Â 772,1.0,8.0,-1.0,1723536,3.0,7,,0.0,2.0,1.0,B01,138Â 209Â 771,1.0
1009733,201900051264,6,16,03:10,4,2,2,1.0,3.0,31555,RTE D AGDE,M,"43,6281300","1,4793600",31,2019,50.0,1.0,1.0,3.0,2258000,2.0,2,4,2,5.0,,-1.0,0,1999.0,A01,138Â 209Â 772,1.0,8.0,-1.0,1723537,1.0,7,,0.0,2.0,9.0,A01,138Â 209Â 772,1.0
1009733,201900051264,6,16,03:10,4,2,2,1.0,3.0,31555,RTE D AGDE,M,"43,6281300","1,4793600",31,2019,50.0,1.0,1.0,3.0,2258001,4.0,2,4,1,4.0,,-1.0,0,1993.0,A01,138Â 209Â 772,1.0,8.0,-1.0,1723536,3.0,7,,0.0,2.0,1.0,B01,138Â 209Â 771,1.0
1009733,201900051264,6,16,03:10,4,2,2,1.0,3.0,31555,RTE D AGDE,M,"43,6281300","1,4793600",31,2019,50.0,1.0,1.0,3.0,2258001,4.0,2,4,1,4.0,,-1.0,0,1993.0,A01,138Â 209Â 772,1.0,8.0,-1.0,1723537,1.0,7,,0.0,2.0,9.0,A01,138Â 209Â 772,1.0
1009734,201900051265,6,16,00:01,5,2,1,1.0,6.0,31555,BD DE STRASBOURG,M,"43,6075900","1,4467400",31,2019,50.0,1.0,1.0,4.0,2258002,10.0,3,4,2,5.0,,1.0,A,2002.0,Z01,138Â 209Â 770,8.0,0.0,-1.0,1723538,0.0,30,,0.0,1.0,0.0,Z01,138Â 209Â 770,6.0
1009735,201900051266,6,15,19:10,1,2,2,1.0,3.0,31555,CHE DE CROIX BENITE,M,"43,6639700","1,4330200",31,2019,50.0,1.0,1.0,4.0,2258003,1.0,1,1,2,9.0,,-1.0,0,1962.0,B01,138Â 209Â 768,1.0,8.0,-1.0,1723539,3.0,7,,0.0,2.0,1.0,B01,138Â 209Â 768,1.0
1009735,201900051266,6,15,19:10,1,2,2,1.0,3.0,31555,CHE DE CROIX BENITE,M,"43,6639700","1,4330200",31,2019,50.0,1.0,1.0,4.0,2258003,1.0,1,1,2,9.0,,-1.0,0,1962.0,B01,138Â 209Â 768,1.0,8.0,-1.0,1723540,3.0,10,,0.0,2.0,1.0,A01,138Â 209Â 769,1.0
1009735,201900051266,6,15,19:10,1,2,2,1.0,3.0,31555,CHE DE CROIX BENITE,M,"43,6639700","1,4330200",31,2019,50.0,1.0,1.0,4.0,2258004,1.0,1,4,2,9.0,,-1.0,0,1995.0,A01,138Â 209Â 769,1.0,8.0,-1.0,1723539,3.0,7,,0.0,2.0,1.0,B01,138Â 209Â 768,1.0
1009735,201900051266,6,15,19:10,1,2,2,1.0,3.0,31555,CHE DE CROIX BENITE,M,"43,6639700","1,4330200",31,2019,50.0,1.0,1.0,4.0,2258004,1.0,1,4,2,9.0,,-1.0,0,1995.0,A01,138Â 209Â 769,1.0,8.0,-1.0,1723540,3.0,10,,0.0,2.0,1.0,A01,138Â 209Â 769,1.0
1009736,201900051267,6,15,14:15,1,2,1,1.0,3.0,31555,RTE DE LAUNAGUET,M,"43,6600600","1,4389600",31,2019,50.0,1.0,1.0,3.0,2258005,1.0,1,1,1,9.0,,-1.0,0,1981.0,A01,138Â 209Â 766,1.0,0.0,-1.0,1723541,0.0,7,,0.0,2.0,3.0,A01,138Â 209Â 766,1.0
1009736,201900051267,6,15,14:15,1,2,1,1.0,3.0,31555,RTE DE LAUNAGUET,M,"43,6600600","1,4389600",31,2019,50.0,1.0,1.0,3.0,2258005,1.0,1,1,1,9.0,,-1.0,0,1981.0,A01,138Â 209Â 766,1.0,0.0,-1.0,1723542,1.0,33,,0.0,2.0,7.0,B01,138Â 209Â 767,1.0
1009736,201900051267,6,15,14:15,1,2,1,1.0,3.0,31555,RTE DE LAUNAGUET,M,"43,6600600","1,4389600",31,2019,50.0,1.0,1.0,3.0,2258006,1.0,1,4,1,9.0,,-1.0,0,1977.0,B01,138Â 209Â 767,2.0,0.0,-1.0,1723541,0.0,7,,0.0,2.0,3.0,A01,138Â 209Â 766,1.0
1009736,201900051267,6,15,14:15,1,2,1,1.0,3.0,31555,RTE DE LAUNAGUET,M,"43,6600600","1,4389600",31,2019,50.0,1.0,1.0,3.0,2258006,1.0,1,4,1,9.0,,-1.0,0,1977.0,B01,138Â 209Â 767,2.0,0.0,-1.0,1723542,1.0,33,,0.0,2.0,7.0,B01,138Â 209Â 767,1.0
1009737,201900051268,6,15,03:30,5,2,1,1.0,6.0,31149,SAINT GRANIER (AVENUE DE),M,"43,5975600","1,3633900",31,2019,50.0,1.0,1.0,4.0,2258007,1.0,1,3,2,5.0,,-1.0,0,1987.0,A01,138Â 209Â 765,1.0,8.0,-1.0,1723543,1.0,7,,6.0,0.0,1.0,A01,138Â 209Â 765,1.0
1009737,201900051268,6,15,03:30,5,2,1,1.0,6.0,31149,SAINT GRANIER (AVENUE DE),M,"43,5975600","1,3633900",31,2019,50.0,1.0,1.0,4.0,2258008,2.0,2,4,2,5.0,,-1.0,0,1987.0,A01,138Â 209Â 765,1.0,0.0,-1.0,1723543,1.0,7,,6.0,0.0,1.0,A01,138Â 209Â 765,1.0
1009738,201900051269,6,14,20:15,1,2,1,1.0,2.0,31555,GLOIRE (AV DE LA) DU 2AU 160,M,"43,6055200","1,4589500",31,2019,50.0,1.0,1.0,4.0,2258009,1.0,1,1,2,0.0,,-1.0,0,1982.0,A01,138Â 209Â 763,1.0,0.0,-1.0,1723544,0.0,7,,0.0,2.0,1.0,A01,138Â 209Â 763,1.0
1009738,201900051269,6,14,20:15,1,2,1,1.0,2.0,31555,GLOIRE (AV DE LA) DU 2AU 160,M,"43,6055200","1,4589500",31,2019,50.0,1.0,1.0,4.0,2258009,1.0,1,1,2,0.0,,-1.0,0,1982.0,A01,138Â 209Â 763,1.0,0.0,-1.0,1723545,1.0,1,,0.0,2.0,1.0,B01,138Â 209Â 764,5.0
1009738,201900051269,6,14,20:15,1,2,1,1.0,2.0,31555,GLOIRE (AV DE LA) DU 2AU 160,M,"43,6055200","1,4589500",31,2019,50.0,1.0,1.0,4.0,2258010,1.0,1,4,1,0.0,,-1.0,0,2005.0,B01,138Â 209Â 764,8.0,0.0,-1.0,1723544,0.0,7,,0.0,2.0,1.0,A01,138Â 209Â 763,1.0
1009738,201900051269,6,14,20:15,1,2,1,1.0,2.0,31555,GLOIRE (AV DE LA) DU 2AU 160,M,"43,6055200","1,4589500",31,2019,50.0,1.0,1.0,4.0,2258010,1.0,1,4,1,0.0,,-1.0,0,2005.0,B01,138Â 209Â 764,8.0,0.0,-1.0,1723545,1.0,1,,0.0,2.0,1.0,B01,138Â 209Â 764,5.0
1009739,201900051270,6,14,19:15,1,2,1,1.0,3.0,31555,PL ROQUELAINE,M,"43,6127500","1,4487500",31,2019,50.0,1.0,1.0,4.0,2258011,1.0,1,1,1,9.0,,-1.0,0,1974.0,A01,138Â 209Â 761,1.0,7.0,-1.0,1723546,1.0,7,,0.0,2.0,3.0,A01,138Â 209Â 761,1.0
1009739,201900051270,6,14,19:15,1,2,1,1.0,3.0,31555,PL ROQUELAINE,M,"43,6127500","1,4487500",31,2019,50.0,1.0,1.0,4.0,2258011,1.0,1,1,1,9.0,,-1.0,0,1974.0,A01,138Â 209Â 761,1.0,7.0,-1.0,1723547,2.0,1,,0.0,2.0,8.0,B01,138Â 209Â 762,5.0
1009739,201900051270,6,14,19:15,1,2,1,1.0,3.0,31555,PL ROQUELAINE,M,"43,6127500","1,4487500",31,2019,50.0,1.0,1.0,4.0,2258012,1.0,1,4,2,5.0,,-1.0,0,1951.0,B01,138Â 209Â 762,2.0,8.0,-1.0,1723546,1.0,7,,0.0,2.0,3.0,A01,138Â 209Â 761,1.0
1009739,201900051270,6,14,19:15,1,2,1,1.0,3.0,31555,PL ROQUELAINE,M,"43,6127500","1,4487500",31,2019,50.0,1.0,1.0,4.0,2258012,1.0,1,4,2,5.0,,-1.0,0,1951.0,B01,138Â 209Â 762,2.0,8.0,-1.0,1723547,2.0,1,,0.0,2.0,8.0,B01,138Â 209Â 762,5.0
1009740,201900051271,6,14,16:00,1,1,1,1.0,4.0,31555,VA007331 A620,M,"43,5749800","1,4091400",31,2019,90.0,1.0,1.0,1.0,2258013,1.0,1,1,2,9.0,,-1.0,0,1984.0,D01,138Â 209Â 757,1.0,8.0,-1.0,1723548,2.0,7,,0.0,2.0,4.0,D01,138Â 209Â 757,1.0
1009740,201900051271,6,14,16:00,1,1,1,1.0,4.0,31555,VA007331 A620,M,"43,5749800","1,4091400",31,2019,90.0,1.0,1.0,1.0,2258013,1.0,1,1,2,9.0,,-1.0,0,1984.0,D01,138Â 209Â 757,1.0,8.0,-1.0,1723549,2.0,7,,0.0,2.0,4.0,C01,138Â 209Â 758,1.0
1009740,201900051271,6,14,16:00,1,1,1,1.0,4.0,31555,VA007331 A620,M,"43,5749800","1,4091400",31,2019,90.0,1.0,1.0,1.0,2258013,1.0,1,1,2,9.0,,-1.0,0,1984.0,D01,138Â 209Â 757,1.0,8.0,-1.0,1723550,2.0,7,,0.0,2.0,4.0,B01,138Â 209Â 759,1.0
1009740,201900051271,6,14,16:00,1,1,1,1.0,4.0,31555,VA007331 A620,M,"43,5749800","1,4091400",31,2019,90.0,1.0,1.0,1.0,2258013,1.0,1,1,2,9.0,,-1.0,0,1984.0,D01,138Â 209Â 757,1.0,8.0,-1.0,1723551,2.0,7,,0.0,2.0,1.0,A01,138Â 209Â 760,1.0
1009740,201900051271,6,14,16:00,1,1,1,1.0,4.0,31555,VA007331 A620,M,"43,5749800","1,4091400",31,2019,90.0,1.0,1.0,1.0,2258014,1.0,1,4,1,9.0,,-1.0,0,1990.0,C01,138Â 209Â 758,1.0,7.0,-1.0,1723548,2.0,7,,0.0,2.0,4.0,D01,138Â 209Â 757,1.0
1009740,201900051271,6,14,16:00,1,1,1,1.0,4.0,31555,VA007331 A620,M,"43,5749800","1,4091400",31,2019,90.0,1.0,1.0,1.0,2258014,1.0,1,4,1,9.0,,-1.0,0,1990.0,C01,138Â 209Â 758,1.0,7.0,-1.0,1723549,2.0,7,,0.0,2.0,4.0,C01,138Â 209Â 758,1.0
1009740,201900051271,6,14,16:00,1,1,1,1.0,4.0,31555,VA007331 A620,M,"43,5749800","1,4091400",31,2019,90.0,1.0,1.0,1.0,2258014,1.0,1,4,1,9.0,,-1.0,0,1990.0,C01,138Â 209Â 758,1.0,7.0,-1.0,1723550,2.0,7,,0.0,2.0,4.0,B01,138Â 209Â 759,1.0
1009740,201900051271,6,14,16:00,1,1,1,1.0,4.0,31555,VA007331 A620,M,"43,5749800","1,4091400",31,2019,90.0,1.0,1.0,1.0,2258014,1.0,1,4,1,9.0,,-1.0,0,1990.0,C01,138Â 209Â 758,1.0,7.0,-1.0,1723551,2.0,7,,0.0,2.0,1.0,A01,138Â 209Â 760,1.0
1009740,201900051271,6,14,16:00,1,1,1,1.0,4.0,31555,VA007331 A620,M,"43,5749800","1,4091400",31,2019,90.0,1.0,1.0,1.0,2258015,1.0,1,4,1,9.0,,-1.0,0,1989.0,B01,138Â 209Â 759,1.0,8.0,-1.0,1723548,2.0,7,,0.0,2.0,4.0,D01,138Â 209Â 757,1.0
1009740,201900051271,6,14,16:00,1,1,1,1.0,4.0,31555,VA007331 A620,M,"43,5749800","1,4091400",31,2019,90.0,1.0,1.0,1.0,2258015,1.0,1,4,1,9.0,,-1.0,0,1989.0,B01,138Â 209Â 759,1.0,8.0,-1.0,1723549,2.0,7,,0.0,2.0,4.0,C01,138Â 209Â 758,1.0
1009740,201900051271,6,14,16:00,1,1,1,1.0,4.0,31555,VA007331 A620,M,"43,5749800","1,4091400",31,2019,90.0,1.0,1.0,1.0,2258015,1.0,1,4,1,9.0,,-1.0,0,1989.0,B01,138Â 209Â 759,1.0,8.0,-1.0,1723550,2.0,7,,0.0,2.0,4.0,B01,138Â 209Â 759,1.0
1009740,201900051271,6,14,16:00,1,1,1,1.0,4.0,31555,VA007331 A620,M,"43,5749800","1,4091400",31,2019,90.0,1.0,1.0,1.0,2258015,1.0,1,4,1,9.0,,-1.0,0,1989.0,B01,138Â 209Â 759,1.0,8.0,-1.0,1723551,2.0,7,,0.0,2.0,1.0,A01,138Â 209Â 760,1.0
1009740,201900051271,6,14,16:00,1,1,1,1.0,4.0,31555,VA007331 A620,M,"43,5749800","1,4091400",31,2019,90.0,1.0,1.0,1.0,2258016,1.0,1,1,1,9.0,,-1.0,0,1997.0,A01,138Â 209Â 760,1.0,8.0,-1.0,1723548,2.0,7,,0.0,2.0,4.0,D01,138Â 209Â 757,1.0
1009740,201900051271,6,14,16:00,1,1,1,1.0,4.0,31555,VA007331 A620,M,"43,5749800","1,4091400",31,2019,90.0,1.0,1.0,1.0,2258016,1.0,1,1,1,9.0,,-1.0,0,1997.0,A01,138Â 209Â 760,1.0,8.0,-1.0,1723549,2.0,7,,0.0,2.0,4.0,C01,138Â 209Â 758,1.0
1009740,201900051271,6,14,16:00,1,1,1,1.0,4.0,31555,VA007331 A620,M,"43,5749800","1,4091400",31,2019,90.0,1.0,1.0,1.0,2258016,1.0,1,1,1,9.0,,-1.0,0,1997.0,A01,138Â 209Â 760,1.0,8.0,-1.0,1723550,2.0,7,,0.0,2.0,4.0,B01,138Â 209Â 759,1.0
1009740,201900051271,6,14,16:00,1,1,1,1.0,4.0,31555,VA007331 A620,M,"43,5749800","1,4091400",31,2019,90.0,1.0,1.0,1.0,2258016,1.0,1,1,1,9.0,,-1.0,0,1997.0,A01,138Â 209Â 760,1.0,8.0,-1.0,1723551,2.0,7,,0.0,2.0,1.0,A01,138Â 209Â 760,1.0
1009741,201900051272,6,13,18:30,1,2,3,1.0,3.0,31555,SALADE PONSAN (CHE DE LA) DU 19AU 181,M,"43,5987100","1,4514300",31,2019,50.0,1.0,1.0,4.0,2258017,1.0,1,1,1,5.0,,-1.0,0,1995.0,A01,138Â 209Â 755,1.0,0.0,-1.0,1723552,0.0,7,,0.0,2.0,3.0,A01,138Â 209Â 755,1.0
1009741,201900051272,6,13,18:30,1,2,3,1.0,3.0,31555,SALADE PONSAN (CHE DE LA) DU 19AU 181,M,"43,5987100","1,4514300",31,2019,50.0,1.0,1.0,4.0,2258017,1.0,1,1,1,5.0,,-1.0,0,1995.0,A01,138Â 209Â 755,1.0,0.0,-1.0,1723553,0.0,1,,0.0,2.0,1.0,B01,138Â 209Â 756,5.0
1009741,201900051272,6,13,18:30,1,2,3,1.0,3.0,31555,SALADE PONSAN (CHE DE LA) DU 19AU 181,M,"43,5987100","1,4514300",31,2019,50.0,1.0,1.0,4.0,2258018,1.0,1,4,2,9.0,,-1.0,0,2001.0,B01,138Â 209Â 756,8.0,0.0,-1.0,1723552,0.0,7,,0.0,2.0,3.0,A01,138Â 209Â 755,1.0
1009741,201900051272,6,13,18:30,1,2,3,1.0,3.0,31555,SALADE PONSAN (CHE DE LA) DU 19AU 181,M,"43,5987100","1,4514300",31,2019,50.0,1.0,1.0,4.0,2258018,1.0,1,4,2,9.0,,-1.0,0,2001.0,B01,138Â 209Â 756,8.0,0.0,-1.0,1723553,0.0,1,,0.0,2.0,1.0,B01,138Â 209Â 756,5.0
1009742,201900051273,6,12,20:50,2,2,3,1.0,3.0,31555,MARCAISSONNE (AV DE LA) DU 1AU 157,M,"43,5732800","1,5003400",31,2019,50.0,1.0,1.0,3.0,2258019,1.0,1,3,1,9.0,,-1.0,0,1998.0,B01,138Â 209Â 753,2.0,0.0,-1.0,1723554,0.0,33,,0.0,2.0,1.0,B01,138Â 209Â 753,1.0
1009742,201900051273,6,12,20:50,2,2,3,1.0,3.0,31555,MARCAISSONNE (AV DE LA) DU 1AU 157,M,"43,5732800","1,5003400",31,2019,50.0,1.0,1.0,3.0,2258019,1.0,1,3,1,9.0,,-1.0,0,1998.0,B01,138Â 209Â 753,2.0,0.0,-1.0,1723555,0.0,7,,0.0,2.0,9.0,A01,138Â 209Â 754,1.0
1009742,201900051273,6,12,20:50,2,2,3,1.0,3.0,31555,MARCAISSONNE (AV DE LA) DU 1AU 157,M,"43,5732800","1,5003400",31,2019,50.0,1.0,1.0,3.0,2258020,1.0,1,1,2,9.0,,-1.0,0,2000.0,A01,138Â 209Â 754,1.0,0.0,-1.0,1723554,0.0,33,,0.0,2.0,1.0,B01,138Â 209Â 753,1.0
1009742,201900051273,6,12,20:50,2,2,3,1.0,3.0,31555,MARCAISSONNE (AV DE LA) DU 1AU 157,M,"43,5732800","1,5003400",31,2019,50.0,1.0,1.0,3.0,2258020,1.0,1,1,2,9.0,,-1.0,0,2000.0,A01,138Â 209Â 754,1.0,0.0,-1.0,1723555,0.0,7,,0.0,2.0,9.0,A01,138Â 209Â 754,1.0
1009743,201900051274,6,12,13:55,1,2,1,1.0,2.0,31555,RUE DU CHER,M,"43,5817900","1,4064500",31,2019,50.0,1.0,1.0,4.0,2258021,1.0,1,1,1,4.0,,-1.0, -1,1992.0,A01,138Â 209Â 751,1.0,0.0,-1.0,1723556,3.0,10,,0.0,2.0,5.0,A01,138Â 209Â 751,1.0
1009743,201900051274,6,12,13:55,1,2,1,1.0,2.0,31555,RUE DU CHER,M,"43,5817900","1,4064500",31,2019,50.0,1.0,1.0,4.0,2258021,1.0,1,1,1,4.0,,-1.0, -1,1992.0,A01,138Â 209Â 751,1.0,0.0,-1.0,1723557,0.0,30,,0.0,2.0,0.0,B01,138Â 209Â 752,0.0
1009743,201900051274,6,12,13:55,1,2,1,1.0,2.0,31555,RUE DU CHER,M,"43,5817900","1,4064500",31,2019,50.0,1.0,1.0,4.0,2258022,1.0,1,4,1,0.0,,-1.0, -1,2003.0,B01,138Â 209Â 752,2.0,0.0,-1.0,1723556,3.0,10,,0.0,2.0,5.0,A01,138Â 209Â 751,1.0
1009743,201900051274,6,12,13:55,1,2,1,1.0,2.0,31555,RUE DU CHER,M,"43,5817900","1,4064500",31,2019,50.0,1.0,1.0,4.0,2258022,1.0,1,4,1,0.0,,-1.0, -1,2003.0,B01,138Â 209Â 752,2.0,0.0,-1.0,1723557,0.0,30,,0.0,2.0,0.0,B01,138Â 209Â 752,0.0
1009744,201900051275,6,11,15:00,1,1,1,1.0,6.0,31555,VA008482 A624,M,"43,6051600","1,3972800",31,2019,90.0,1.0,1.0,1.0,2258023,1.0,1,1,2,9.0,,-1.0,0,1997.0,C01,138Â 209Â 748,1.0,0.0,-1.0,1723558,1.0,7,,0.0,2.0,7.0,C01,138Â 209Â 748,1.0
1009744,201900051275,6,11,15:00,1,1,1,1.0,6.0,31555,VA008482 A624,M,"43,6051600","1,3972800",31,2019,90.0,1.0,1.0,1.0,2258023,1.0,1,1,2,9.0,,-1.0,0,1997.0,C01,138Â 209Â 748,1.0,0.0,-1.0,1723559,1.0,10,,0.0,2.0,8.0,B01,138Â 209Â 749,1.0
1009744,201900051275,6,11,15:00,1,1,1,1.0,6.0,31555,VA008482 A624,M,"43,6051600","1,3972800",31,2019,90.0,1.0,1.0,1.0,2258023,1.0,1,1,2,9.0,,-1.0,0,1997.0,C01,138Â 209Â 748,1.0,0.0,-1.0,1723560,1.0,31,,0.0,2.0,9.0,A01,138Â 209Â 750,1.0
1009744,201900051275,6,11,15:00,1,1,1,1.0,6.0,31555,VA008482 A624,M,"43,6051600","1,3972800",31,2019,90.0,1.0,1.0,1.0,2258024,1.0,1,1,1,9.0,,-1.0,0,1964.0,B01,138Â 209Â 749,1.0,0.0,-1.0,1723558,1.0,7,,0.0,2.0,7.0,C01,138Â 209Â 748,1.0
1009744,201900051275,6,11,15:00,1,1,1,1.0,6.0,31555,VA008482 A624,M,"43,6051600","1,3972800",31,2019,90.0,1.0,1.0,1.0,2258024,1.0,1,1,1,9.0,,-1.0,0,1964.0,B01,138Â 209Â 749,1.0,0.0,-1.0,1723559,1.0,10,,0.0,2.0,8.0,B01,138Â 209Â 749,1.0
1009744,201900051275,6,11,15:00,1,1,1,1.0,6.0,31555,VA008482 A624,M,"43,6051600","1,3972800",31,2019,90.0,1.0,1.0,1.0,2258024,1.0,1,1,1,9.0,,-1.0,0,1964.0,B01,138Â 209Â 749,1.0,0.0,-1.0,1723560,1.0,31,,0.0,2.0,9.0,A01,138Â 209Â 750,1.0
1009744,201900051275,6,11,15:00,1,1,1,1.0,6.0,31555,VA008482 A624,M,"43,6051600","1,3972800",31,2019,90.0,1.0,1.0,1.0,2258025,1.0,1,4,1,9.0,,-1.0,0,1997.0,A01,138Â 209Â 750,2.0,0.0,-1.0,1723558,1.0,7,,0.0,2.0,7.0,C01,138Â 209Â 748,1.0
1009744,201900051275,6,11,15:00,1,1,1,1.0,6.0,31555,VA008482 A624,M,"43,6051600","1,3972800",31,2019,90.0,1.0,1.0,1.0,2258025,1.0,1,4,1,9.0,,-1.0,0,1997.0,A01,138Â 209Â 750,2.0,0.0,-1.0,1723559,1.0,10,,0.0,2.0,8.0,B01,138Â 209Â 749,1.0
1009744,201900051275,6,11,15:00,1,1,1,1.0,6.0,31555,VA008482 A624,M,"43,6051600","1,3972800",31,2019,90.0,1.0,1.0,1.0,2258025,1.0,1,4,1,9.0,,-1.0,0,1997.0,A01,138Â 209Â 750,2.0,0.0,-1.0,1723560,1.0,31,,0.0,2.0,9.0,A01,138Â 209Â 750,1.0
1009745,201900051276,6,11,08:35,1,2,3,2.0,3.0,31555,CHE DU SEMINAIRE,M,"43,6394000","1,4391800",31,2019,50.0,1.0,2.0,3.0,2258026,1.0,1,1,1,9.0,,-1.0,0,1991.0,A01,138Â 209Â 746,1.0,0.0,-1.0,1723561,0.0,7,,0.0,2.0,1.0,A01,138Â 209Â 746,1.0
1009745,201900051276,6,11,08:35,1,2,3,2.0,3.0,31555,CHE DU SEMINAIRE,M,"43,6394000","1,4391800",31,2019,50.0,1.0,2.0,3.0,2258026,1.0,1,1,1,9.0,,-1.0,0,1991.0,A01,138Â 209Â 746,1.0,0.0,-1.0,1723562,0.0,33,,0.0,2.0,1.0,B01,138Â 209Â 747,1.0
1009745,201900051276,6,11,08:35,1,2,3,2.0,3.0,31555,CHE DU SEMINAIRE,M,"43,6394000","1,4391800",31,2019,50.0,1.0,2.0,3.0,2258027,1.0,1,4,1,1.0,,-1.0,0,1971.0,B01,138Â 209Â 747,2.0,0.0,-1.0,1723561,0.0,7,,0.0,2.0,1.0,A01,138Â 209Â 746,1.0