Unnamed: 0_x,num_acc,mois,jour,hrmn,lum,agg,int,atm,col,com,adr,gps,lat,long,dep,annee,vma,situ,surf,catr,Unnamed: 0_y,place,catu,grav,sexe,trajet,secu,locp,actp,an_nais,num_veh_x,id_vehicule_x,secu1,secu2,secu3,Unnamed: 0,senc,catv,occutc,obs,obsm,choc,num_veh_y,id_vehicule_y,motor
1009745,201900051276,6,11,08:35,1,2,3,2.0,3.0,31555,CHE DU SEMINAIRE,M,"43,6394000","1,4391800",31,2019,50.0,1.0,2.0,3.0,2258027,1.0,1,4,1,1.0,,-1.0,0,1971.0,B01,138Â 209Â 747,2.0,0.0,-1.0,1723562,0.0,33,,0.0,2.0,1.0,B01,138Â 209Â 747,1.0
1009746,201900051277,6,10,18:05,1,2,1,1.0,3.0,31555,ALL DE BRIENNE,M,"43,6056400","1,4316900",31,2019,50.0,1.0,1.0,4.0,2258028,1.0,1,4,1,9.0,,-1.0,0,1994.0,A01,138Â 209Â 744,1.0,0.0,-1.0,1723563,1.0,7,,0.0,2.0,3.0,A01,138Â 209Â 744,1.0
1009746,201900051277,6,10,18:05,1,2,1,1.0,3.0,31555,ALL DE BRIENNE,M,"43,6056400","1,4316900",31,2019,50.0,1.0,1.0,4.0,2258028,1.0,1,4,1,9.0,,-1.0,0,1994.0,A01,138Â 209Â 744,1.0,0.0,-1.0,1723564,2.0,7,,0.0,2.0,3.0,B01,138Â 209Â 745,1.0
1009746,201900051277,6,10,18:05,1,2,1,1.0,3.0,31555,ALL DE BRIENNE,M,"43,6056400","1,4316900",31,2019,50.0,1.0,1.0,4.0,2258029,1.0,1,1,1,9.0,,-1.0,0,1987.0,B01,138Â 209Â 745,1.0,0.0,-1.0,1723563,1.0,7,,0.0,2.0,3.0,A01,138Â 209Â 744,1.0
1009746,201900051277,6,10,18:05,1,2,1,1.0,3.0,31555,ALL DE BRIENNE,M,"43,6056400","1,4316900",31,2019,50.0,1.0,1.0,4.0,2258029,1.0,1,1,1,9.0,,-1.0,0,1987.0,B01,138Â 209Â 745,1.0,0.0,-1.0,1723564,2.0,7,,0.0,2.0,3.0,B01,138Â 209Â 745,1.0
1009747,201900051278,6,10,07:45,1,1,1,3.0,7.0,31555,VA007331 A620,M,"43,5735900","1,4657000",31,2019,90.0,1.0,2.0,1.0,2258030,8.0,2,2,1,4.0,,-1.0,0,1988.0,A01,138Â 209Â 743,8.0,0.0,-1.0,1723565,0.0,14,,0.0,0.0,9.0,A01,138Â 209Â 743,1.0
1009747,201900051278,6,10,07:45,1,1,1,3.0,7.0,31555,VA007331 A620,M,"43,5735900","1,4657000",31,2019,90.0,1.0,2.0,1.0,2258031,1.0,1,4,1,4.0,,-1.0,0,1982.0,A01,138Â 209Â 743,8.0,0.0,-1.0,1723565,0.0,14,,0.0,0.0,9.0,A01,138Â 209Â 743,1.0
1009747,201900051278,6,10,07:45,1,1,1,3.0,7.0,31555,VA007331 A620,M,"43,5735900","1,4657000",31,2019,90.0,1.0,2.0,1.0,2258032,2.0,2,4,1,4.0,,-1.0,0,1973.0,A01,138Â 209Â 743,8.0,0.0,-1.0,1723565,0.0,14,,0.0,0.0,9.0,A01,138Â 209Â 743,1.0
1009748,201900051279,6,8,19:00,1,2,1,1.0,1.0,31555,CHE DU CHAPITRE,M,"43,5594000","1,4109400",31,2019,50.0,1.0,1.0,4.0,2258033,1.0,1,1,1,0.0,,-1.0,0,1989.0,A01,138Â 209Â 741,2.0,0.0,-1.0,1723566,1.0,33,,0.0,2.0,0.0,A01,138Â 209Â 741,1.0
1009748,201900051279,6,8,19:00,1,2,1,1.0,1.0,31555,CHE DU CHAPITRE,M,"43,5594000","1,4109400",31,2019,50.0,1.0,1.0,4.0,2258033,1.0,1,1,1,0.0,,-1.0,0,1989.0,A01,138Â 209Â 741,2.0,0.0,-1.0,1723567,0.0,1,,0.0,2.0,0.0,B01,138Â 209Â 742,5.0
1009748,201900051279,6,8,19:00,1,2,1,1.0,1.0,31555,CHE DU CHAPITRE,M,"43,5594000","1,4109400",31,2019,50.0,1.0,1.0,4.0,2258034,1.0,1,3,1,9.0,,-1.0,0,1966.0,B01,138Â 209Â 742,8.0,0.0,-1.0,1723566,1.0,33,,0.0,2.0,0.0,A01,138Â 209Â 741,1.0
1009748,201900051279,6,8,19:00,1,2,1,1.0,1.0,31555,CHE DU CHAPITRE,M,"43,5594000","1,4109400",31,2019,50.0,1.0,1.0,4.0,2258034,1.0,1,3,1,9.0,,-1.0,0,1966.0,B01,138Â 209Â 742,8.0,0.0,-1.0,1723567,0.0,1,,0.0,2.0,0.0,B01,138Â 209Â 742,5.0
1009749,201900051280,6,7,17:16,1,2,1,1.0,1.0,31555,IMP DES VERGERS,M,"43,5913000","1,3986100",31,2019,50.0,1.0,9.0,4.0,2258035,1.0,1,3,1,9.0,,-1.0,0,2005.0,B01,138Â 209Â 739,8.0,0.0,-1.0,1723568,0.0,60,,0.0,2.0,1.0,B01,138Â 209Â 739,5.0
1009749,201900051280,6,7,17:16,1,2,1,1.0,1.0,31555,IMP DES VERGERS,M,"43,5913000","1,3986100",31,2019,50.0,1.0,9.0,4.0,2258035,1.0,1,3,1,9.0,,-1.0,0,2005.0,B01,138Â 209Â 739,8.0,0.0,-1.0,1723569,0.0,7,,0.0,2.0,1.0,A01,138Â 209Â 740,1.0
1009749,201900051280,6,7,17:16,1,2,1,1.0,1.0,31555,IMP DES VERGERS,M,"43,5913000","1,3986100",31,2019,50.0,1.0,9.0,4.0,2258036,1.0,1,1,2,0.0,,-1.0,0,1997.0,A01,138Â 209Â 740,1.0,0.0,-1.0,1723568,0.0,60,,0.0,2.0,1.0,B01,138Â 209Â 739,5.0
1009749,201900051280,6,7,17:16,1,2,1,1.0,1.0,31555,IMP DES VERGERS,M,"43,5913000","1,3986100",31,2019,50.0,1.0,9.0,4.0,2258036,1.0,1,1,2,0.0,,-1.0,0,1997.0,A01,138Â 209Â 740,1.0,0.0,-1.0,1723569,0.0,7,,0.0,2.0,1.0,A01,138Â 209Â 740,1.0
1009750,201900051281,6,7,13:20,1,2,1,1.0,3.0,31555,RUE DE LA CHARENTE,M,"43,5828900","1,4093900",31,2019,50.0,1.0,1.0,4.0,2258037,2.0,2,3,1,9.0,,-1.0,0,1999.0,A01,138Â 209Â 737,8.0,0.0,-1.0,1723570,0.0,31,,0.0,2.0,9.0,A01,138Â 209Â 737,1.0
1009750,201900051281,6,7,13:20,1,2,1,1.0,3.0,31555,RUE DE LA CHARENTE,M,"43,5828900","1,4093900",31,2019,50.0,1.0,1.0,4.0,2258037,2.0,2,3,1,9.0,,-1.0,0,1999.0,A01,138Â 209Â 737,8.0,0.0,-1.0,1723571,0.0,7,,0.0,2.0,3.0,B01,138Â 209Â 738,1.0
1009750,201900051281,6,7,13:20,1,2,1,1.0,3.0,31555,RUE DE LA CHARENTE,M,"43,5828900","1,4093900",31,2019,50.0,1.0,1.0,4.0,2258038,1.0,1,3,1,9.0,,-1.0,0,2002.0,A01,138Â 209Â 737,8.0,0.0,-1.0,1723570,0.0,31,,0.0,2.0,9.0,A01,138Â 209Â 737,1.0
1009750,201900051281,6,7,13:20,1,2,1,1.0,3.0,31555,RUE DE LA CHARENTE,M,"43,5828900","1,4093900",31,2019,50.0,1.0,1.0,4.0,2258038,1.0,1,3,1,9.0,,-1.0,0,2002.0,A01,138Â 209Â 737,8.0,0.0,-1.0,1723571,0.0,7,,0.0,2.0,3.0,B01,138Â 209Â 738,1.0
1009750,201900051281,6,7,13:20,1,2,1,1.0,3.0,31555,RUE DE LA CHARENTE,M,"43,5828900","1,4093900",31,2019,50.0,1.0,1.0,4.0,2258039,1.0,1,1,1,9.0,,-1.0,0,2000.0,B01,138Â 209Â 738,1.0,0.0,-1.0,1723570,0.0,31,,0.0,2.0,9.0,A01,138Â 209Â 737,1.0
1009750,201900051281,6,7,13:20,1,2,1,1.0,3.0,31555,RUE DE LA CHARENTE,M,"43,5828900","1,4093900",31,2019,50.0,1.0,1.0,4.0,2258039,1.0,1,1,1,9.0,,-1.0,0,2000.0,B01,138Â 209Â 738,1.0,0.0,-1.0,1723571,0.0,7,,0.0,2.0,3.0,B01,138Â 209Â 738,1.0
1009751,201900051282,6,7,08:40,1,2,1,1.0,3.0,31555,RUE MICHEL ANGE,M,"43,6271900","1,4458400",31,2019,50.0,1.0,1.0,4.0,2258040,1.0,1,4,2,1.0,,-1.0, -1,1990.0,B01,138Â 209Â 735,8.0,0.0,-1.0,1723572,0.0,1,,0.0,2.0,7.0,B01,138Â 209Â 735,5.0
1009751,201900051282,6,7,08:40,1,2,1,1.0,3.0,31555,RUE MICHEL ANGE,M,"43,6271900","1,4458400",31,2019,50.0,1.0,1.0,4.0,2258040,1.0,1,4,2,1.0,,-1.0, -1,1990.0,B01,138Â 209Â 735,8.0,0.0,-1.0,1723573,0.0,7,,0.0,2.0,1.0,A01,138Â 209Â 736,1.0
1009751,201900051282,6,7,08:40,1,2,1,1.0,3.0,31555,RUE MICHEL ANGE,M,"43,6271900","1,4458400",31,2019,50.0,1.0,1.0,4.0,2258041,1.0,1,1,1,1.0,,-1.0,0,1966.0,A01,138Â 209Â 736,1.0,0.0,-1.0,1723572,0.0,1,,0.0,2.0,7.0,B01,138Â 209Â 735,5.0
1009751,201900051282,6,7,08:40,1,2,1,1.0,3.0,31555,RUE MICHEL ANGE,M,"43,6271900","1,4458400",31,2019,50.0,1.0,1.0,4.0,2258041,1.0,1,1,1,1.0,,-1.0,0,1966.0,A01,138Â 209Â 736,1.0,0.0,-1.0,1723573,0.0,7,,0.0,2.0,1.0,A01,138Â 209Â 736,1.0
1009752,201900051283,6,6,17:08,1,2,6,1.0,3.0,31555,RTE DE REVEL,M,"43,5667000","1,5089100",31,2019,50.0,1.0,1.0,3.0,2258042,1.0,1,4,1,9.0,,-1.0,0,1979.0,A01,138Â 209Â 734,2.0,0.0,-1.0,1723574,0.0,7,,0.0,2.0,0.0,Z01,138Â 209Â 733,0.0
1009752,201900051283,6,6,17:08,1,2,6,1.0,3.0,31555,RTE DE REVEL,M,"43,5667000","1,5089100",31,2019,50.0,1.0,1.0,3.0,2258042,1.0,1,4,1,9.0,,-1.0,0,1979.0,A01,138Â 209Â 734,2.0,0.0,-1.0,1723575,0.0,31,,0.0,2.0,2.0,A01,138Â 209Â 734,1.0
1009753,201900051284,6,6,13:30,1,2,1,1.0,6.0,31555,REYNERIE (AV DE) DU 66AU 85,M,"43,5750300","1,4056600",31,2019,50.0,1.0,1.0,4.0,2258043,10.0,3,4,2,9.0,,5.0,2,1965.0,A01,138Â 209Â 732,8.0,0.0,-1.0,1723576,0.0,7,,0.0,1.0,1.0,A01,138Â 209Â 732,1.0
1009753,201900051284,6,6,13:30,1,2,1,1.0,6.0,31555,REYNERIE (AV DE) DU 66AU 85,M,"43,5750300","1,4056600",31,2019,50.0,1.0,1.0,4.0,2258044,1.0,1,1,1,9.0,,-1.0,0,1995.0,A01,138Â 209Â 732,1.0,0.0,-1.0,1723576,0.0,7,,0.0,1.0,1.0,A01,138Â 209Â 732,1.0
1009754,201900051285,6,3,17:14,1,1,1,1.0,7.0,31069,VOIE LACTEE (RD902),M,"43,6498300","1,3655100",31,2019,90.0,1.0,1.0,3.0,2258045,1.0,1,3,1,0.0,,-1.0,0,1964.0,A01,138Â 209Â 731,1.0,0.0,-1.0,1723577,0.0,7,,3.0,0.0,3.0,A01,138Â 209Â 731,1.0
1009755,201900051286,6,4,19:25,1,1,1,1.0,3.0,31555,VA007473 A62,M,"43,6499500","1,4320900",31,2019,90.0,1.0,1.0,1.0,2258046,1.0,1,3,1,9.0,,-1.0,0,1989.0,B01,138Â 209Â 729,2.0,0.0,-1.0,1723578,0.0,33,,0.0,2.0,5.0,B01,138Â 209Â 729,1.0
1009755,201900051286,6,4,19:25,1,1,1,1.0,3.0,31555,VA007473 A62,M,"43,6499500","1,4320900",31,2019,90.0,1.0,1.0,1.0,2258046,1.0,1,3,1,9.0,,-1.0,0,1989.0,B01,138Â 209Â 729,2.0,0.0,-1.0,1723579,0.0,7,,0.0,2.0,3.0,A01,138Â 209Â 730,1.0
1009755,201900051286,6,4,19:25,1,1,1,1.0,3.0,31555,VA007473 A62,M,"43,6499500","1,4320900",31,2019,90.0,1.0,1.0,1.0,2258047,1.0,1,1,1,9.0,,-1.0,0,1974.0,A01,138Â 209Â 730,1.0,0.0,-1.0,1723578,0.0,33,,0.0,2.0,5.0,B01,138Â 209Â 729,1.0
1009755,201900051286,6,4,19:25,1,1,1,1.0,3.0,31555,VA007473 A62,M,"43,6499500","1,4320900",31,2019,90.0,1.0,1.0,1.0,2258047,1.0,1,1,1,9.0,,-1.0,0,1974.0,A01,138Â 209Â 730,1.0,0.0,-1.0,1723579,0.0,7,,0.0,2.0,3.0,A01,138Â 209Â 730,1.0
1009756,201900051287,6,2,03:00,5,2,7,1.0,3.0,31555,PL ROGER SALENGRO,M,"43,6029600","1,4448400",31,2019,50.0,1.0,1.0,4.0,2258048,1.0,1,4,1,0.0,,-1.0,0,1995.0,A01,138Â 209Â 727,2.0,0.0,-1.0,1723580,0.0,31,,0.0,2.0,7.0,A01,138Â 209Â 727,1.0
1009756,201900051287,6,2,03:00,5,2,7,1.0,3.0,31555,PL ROGER SALENGRO,M,"43,6029600","1,4448400",31,2019,50.0,1.0,1.0,4.0,2258048,1.0,1,4,1,0.0,,-1.0,0,1995.0,A01,138Â 209Â 727,2.0,0.0,-1.0,1723581,1.0,31,,0.0,2.0,7.0,B01,138Â 209Â 728,1.0
1009756,201900051287,6,2,03:00,5,2,7,1.0,3.0,31555,PL ROGER SALENGRO,M,"43,6029600","1,4448400",31,2019,50.0,1.0,1.0,4.0,2258049,1.0,1,1,1,4.0,,-1.0,0,1995.0,B01,138Â 209Â 728,2.0,0.0,-1.0,1723580,0.0,31,,0.0,2.0,7.0,A01,138Â 209Â 727,1.0
1009756,201900051287,6,2,03:00,5,2,7,1.0,3.0,31555,PL ROGER SALENGRO,M,"43,6029600","1,4448400",31,2019,50.0,1.0,1.0,4.0,2258049,1.0,1,1,1,4.0,,-1.0,0,1995.0,B01,138Â 209Â 728,2.0,0.0,-1.0,1723581,1.0,31,,0.0,2.0,7.0,B01,138Â 209Â 728,1.0
1009757,201900051288,6,1,06:25,2,2,1,1.0,6.0,31555,CHE DE MOULIS,M,"43,6655900","1,4388500",31,2019,50.0,1.0,1.0,3.0,2258050,2.0,2,4,1,9.0,,-1.0,0,1999.0,A01,138Â 209Â 726,1.0,0.0,-1.0,1723582,0.0,7,,1.0,0.0,9.0,A01,138Â 209Â 726,1.0
1009757,201900051288,6,1,06:25,2,2,1,1.0,6.0,31555,CHE DE MOULIS,M,"43,6655900","1,4388500",31,2019,50.0,1.0,1.0,3.0,2258051,1.0,1,4,1,9.0,,-1.0,0,1999.0,A01,138Â 209Â 726,1.0,0.0,-1.0,1723582,0.0,7,,1.0,0.0,9.0,A01,138Â 209Â 726,1.0
1009758,201900051289,6,1,18:29,1,1,1,1.0,3.0,31555,SAINT SIMON (RTE DE) DU 3 AU 108,M,"43,5857800","1,4037800",31,2019,50.0,1.0,1.0,4.0,2258052,1.0,1,1,2,9.0,,-1.0,0,1967.0,B01,138Â 209Â 724,1.0,0.0,-1.0,1723583,2.0,7,,0.0,2.0,2.0,B01,138Â 209Â 724,1.0
1009758,201900051289,6,1,18:29,1,1,1,1.0,3.0,31555,SAINT SIMON (RTE DE) DU 3 AU 108,M,"43,5857800","1,4037800",31,2019,50.0,1.0,1.0,4.0,2258052,1.0,1,1,2,9.0,,-1.0,0,1967.0,B01,138Â 209Â 724,1.0,0.0,-1.0,1723584,1.0,7,,0.0,2.0,3.0,A01,138Â 209Â 725,3.0
1009758,201900051289,6,1,18:29,1,1,1,1.0,3.0,31555,SAINT SIMON (RTE DE) DU 3 AU 108,M,"43,5857800","1,4037800",31,2019,50.0,1.0,1.0,4.0,2258053,1.0,1,4,1,9.0,,-1.0,0,1986.0,A01,138Â 209Â 725,1.0,0.0,-1.0,1723583,2.0,7,,0.0,2.0,2.0,B01,138Â 209Â 724,1.0
1009758,201900051289,6,1,18:29,1,1,1,1.0,3.0,31555,SAINT SIMON (RTE DE) DU 3 AU 108,M,"43,5857800","1,4037800",31,2019,50.0,1.0,1.0,4.0,2258053,1.0,1,4,1,9.0,,-1.0,0,1986.0,A01,138Â 209Â 725,1.0,0.0,-1.0,1723584,1.0,7,,0.0,2.0,3.0,A01,138Â 209Â 725,3.0
1009758,201900051289,6,1,18:29,1,1,1,1.0,3.0,31555,SAINT SIMON (RTE DE) DU 3 AU 108,M,"43,5857800","1,4037800",31,2019,50.0,1.0,1.0,4.0,2258054,2.0,2,4,1,0.0,,-1.0,0,2003.0,A01,138Â 209Â 725,1.0,0.0,-1.0,1723583,2.0,7,,0.0,2.0,2.0,B01,138Â 209Â 724,1.0
1009758,201900051289,6,1,18:29,1,1,1,1.0,3.0,31555,SAINT SIMON (RTE DE) DU 3 AU 108,M,"43,5857800","1,4037800",31,2019,50.0,1.0,1.0,4.0,2258054,2.0,2,4,1,0.0,,-1.0,0,2003.0,A01,138Â 209Â 725,1.0,0.0,-1.0,1723584,1.0,7,,0.0,2.0,3.0,A01,138Â 209Â 725,3.0
1009759,201900051290,5,31,19:23,1,2,1,1.0,4.0,31555,CHE DE RISPET,M,"43,6486600","1,4394700",31,2019,30.0,1.0,1.0,4.0,2258055,1.0,1,1,2,9.0,,-1.0,0,1983.0,B01,138Â 209Â 722,1.0,0.0,-1.0,1723585,1.0,7,,0.0,2.0,0.0,A01,138Â 209Â 721,1.0
1009759,201900051290,5,31,19:23,1,2,1,1.0,4.0,31555,CHE DE RISPET,M,"43,6486600","1,4394700",31,2019,30.0,1.0,1.0,4.0,2258055,1.0,1,1,2,9.0,,-1.0,0,1983.0,B01,138Â 209Â 722,1.0,0.0,-1.0,1723586,1.0,7,,0.0,2.0,6.0,B01,138Â 209Â 722,1.0
1009759,201900051290,5,31,19:23,1,2,1,1.0,4.0,31555,CHE DE RISPET,M,"43,6486600","1,4394700",31,2019,30.0,1.0,1.0,4.0,2258055,1.0,1,1,2,9.0,,-1.0,0,1983.0,B01,138Â 209Â 722,1.0,0.0,-1.0,1723587,1.0,31,,0.0,2.0,1.0,C01,138Â 209Â 723,1.0
1009759,201900051290,5,31,19:23,1,2,1,1.0,4.0,31555,CHE DE RISPET,M,"43,6486600","1,4394700",31,2019,30.0,1.0,1.0,4.0,2258056,1.0,1,4,1,9.0,,-1.0,0,1983.0,C01,138Â 209Â 723,2.0,0.0,-1.0,1723585,1.0,7,,0.0,2.0,0.0,A01,138Â 209Â 721,1.0
1009759,201900051290,5,31,19:23,1,2,1,1.0,4.0,31555,CHE DE RISPET,M,"43,6486600","1,4394700",31,2019,30.0,1.0,1.0,4.0,2258056,1.0,1,4,1,9.0,,-1.0,0,1983.0,C01,138Â 209Â 723,2.0,0.0,-1.0,1723586,1.0,7,,0.0,2.0,6.0,B01,138Â 209Â 722,1.0
1009759,201900051290,5,31,19:23,1,2,1,1.0,4.0,31555,CHE DE RISPET,M,"43,6486600","1,4394700",31,2019,30.0,1.0,1.0,4.0,2258056,1.0,1,4,1,9.0,,-1.0,0,1983.0,C01,138Â 209Â 723,2.0,0.0,-1.0,1723587,1.0,31,,0.0,2.0,1.0,C01,138Â 209Â 723,1.0
1009760,201900051291,5,31,15:00,1,2,2,1.0,3.0,31555,AV DE BIARRITZ,M,"43,6074700","1,4096500",31,2019,50.0,1.0,1.0,4.0,2258057,1.0,1,1,1,0.0,,-1.0,0,1973.0,B01,138Â 209Â 719,1.0,0.0,-1.0,1723588,0.0,7,,0.0,2.0,1.0,B01,138Â 209Â 719,1.0
1009760,201900051291,5,31,15:00,1,2,2,1.0,3.0,31555,AV DE BIARRITZ,M,"43,6074700","1,4096500",31,2019,50.0,1.0,1.0,4.0,2258057,1.0,1,1,1,0.0,,-1.0,0,1973.0,B01,138Â 209Â 719,1.0,0.0,-1.0,1723589,0.0,2,,0.0,2.0,3.0,A01,138Â 209Â 720,1.0
1009760,201900051291,5,31,15:00,1,2,2,1.0,3.0,31555,AV DE BIARRITZ,M,"43,6074700","1,4096500",31,2019,50.0,1.0,1.0,4.0,2258058,2.0,2,4,2,0.0,,-1.0,0,2002.0,A01,138Â 209Â 720,2.0,0.0,-1.0,1723588,0.0,7,,0.0,2.0,1.0,B01,138Â 209Â 719,1.0
1009760,201900051291,5,31,15:00,1,2,2,1.0,3.0,31555,AV DE BIARRITZ,M,"43,6074700","1,4096500",31,2019,50.0,1.0,1.0,4.0,2258058,2.0,2,4,2,0.0,,-1.0,0,2002.0,A01,138Â 209Â 720,2.0,0.0,-1.0,1723589,0.0,2,,0.0,2.0,3.0,A01,138Â 209Â 720,1.0
1009760,201900051291,5,31,15:00,1,2,2,1.0,3.0,31555,AV DE BIARRITZ,M,"43,6074700","1,4096500",31,2019,50.0,1.0,1.0,4.0,2258059,1.0,1,4,2,0.0,,-1.0,0,2002.0,A01,138Â 209Â 720,2.0,0.0,-1.0,1723588,0.0,7,,0.0,2.0,1.0,B01,138Â 209Â 719,1.0
1009760,201900051291,5,31,15:00,1,2,2,1.0,3.0,31555,AV DE BIARRITZ,M,"43,6074700","1,4096500",31,2019,50.0,1.0,1.0,4.0,2258059,1.0,1,4,2,0.0,,-1.0,0,2002.0,A01,138Â 209Â 720,2.0,0.0,-1.0,1723589,0.0,2,,0.0,2.0,3.0,A01,138Â 209Â 720,1.0
1009761,201900051292,5,31,02:00,5,2,1,1.0,1.0,31555,PORT DE L EMBOUCHURE,M,"43,6109100","1,4187000",31,2019,50.0,1.0,1.0,4.0,2258060,1.0,1,4,1,4.0,,-1.0, -1,1990.0,B01,138Â 209Â 717,1.0,0.0,-1.0,1723590,0.0,7,,0.0,2.0,3.0,B01,138Â 209Â 717,1.0
1009761,201900051292,5,31,02:00,5,2,1,1.0,1.0,31555,PORT DE L EMBOUCHURE,M,"43,6109100","1,4187000",31,2019,50.0,1.0,1.0,4.0,2258060,1.0,1,4,1,4.0,,-1.0, -1,1990.0,B01,138Â 209Â 717,1.0,0.0,-1.0,1723591,0.0,7,,0.0,2.0,3.0,A01,138Â 209Â 718,1.0
1009761,201900051292,5,31,02:00,5,2,1,1.0,1.0,31555,PORT DE L EMBOUCHURE,M,"43,6109100","1,4187000",31,2019,50.0,1.0,1.0,4.0,2258061,2.0,2,1,1,4.0,,-1.0,0,1972.0,B01,138Â 209Â 717,1.0,0.0,-1.0,1723590,0.0,7,,0.0,2.0,3.0,B01,138Â 209Â 717,1.0
1009761,201900051292,5,31,02:00,5,2,1,1.0,1.0,31555,PORT DE L EMBOUCHURE,M,"43,6109100","1,4187000",31,2019,50.0,1.0,1.0,4.0,2258061,2.0,2,1,1,4.0,,-1.0,0,1972.0,B01,138Â 209Â 717,1.0,0.0,-1.0,1723591,0.0,7,,0.0,2.0,3.0,A01,138Â 209Â 718,1.0
1009761,201900051292,5,31,02:00,5,2,1,1.0,1.0,31555,PORT DE L EMBOUCHURE,M,"43,6109100","1,4187000",31,2019,50.0,1.0,1.0,4.0,2258062,3.0,2,4,1,4.0,,-1.0,0,1974.0,B01,138Â 209Â 717,1.0,0.0,-1.0,1723590,0.0,7,,0.0,2.0,3.0,B01,138Â 209Â 717,1.0
1009761,201900051292,5,31,02:00,5,2,1,1.0,1.0,31555,PORT DE L EMBOUCHURE,M,"43,6109100","1,4187000",31,2019,50.0,1.0,1.0,4.0,2258062,3.0,2,4,1,4.0,,-1.0,0,1974.0,B01,138Â 209Â 717,1.0,0.0,-1.0,1723591,0.0,7,,0.0,2.0,3.0,A01,138Â 209Â 718,1.0
1009761,201900051292,5,31,02:00,5,2,1,1.0,1.0,31555,PORT DE L EMBOUCHURE,M,"43,6109100","1,4187000",31,2019,50.0,1.0,1.0,4.0,2258063,1.0,1,1,2,9.0,,-1.0,0,1985.0,A01,138Â 209Â 718,1.0,0.0,-1.0,1723590,0.0,7,,0.0,2.0,3.0,B01,138Â 209Â 717,1.0
1009761,201900051292,5,31,02:00,5,2,1,1.0,1.0,31555,PORT DE L EMBOUCHURE,M,"43,6109100","1,4187000",31,2019,50.0,1.0,1.0,4.0,2258063,1.0,1,1,2,9.0,,-1.0,0,1985.0,A01,138Â 209Â 718,1.0,0.0,-1.0,1723591,0.0,7,,0.0,2.0,3.0,A01,138Â 209Â 718,1.0
1009761,201900051292,5,31,02:00,5,2,1,1.0,1.0,31555,PORT DE L EMBOUCHURE,M,"43,6109100","1,4187000",31,2019,50.0,1.0,1.0,4.0,2258064,3.0,2,1,2,9.0,,-1.0,0,2000.0,A01,138Â 209Â 718,1.0,0.0,-1.0,1723590,0.0,7,,0.0,2.0,3.0,B01,138Â 209Â 717,1.0
1009761,201900051292,5,31,02:00,5,2,1,1.0,1.0,31555,PORT DE L EMBOUCHURE,M,"43,6109100","1,4187000",31,2019,50.0,1.0,1.0,4.0,2258064,3.0,2,1,2,9.0,,-1.0,0,2000.0,A01,138Â 209Â 718,1.0,0.0,-1.0,1723591,0.0,7,,0.0,2.0,3.0,A01,138Â 209Â 718,1.0
1009761,201900051292,5,31,02:00,5,2,1,1.0,1.0,31555,PORT DE L EMBOUCHURE,M,"43,6109100","1,4187000",31,2019,50.0,1.0,1.0,4.0,2258065,2.0,2,1,2,9.0,,-1.0,0,1993.0,A01,138Â 209Â 718,1.0,0.0,-1.0,1723590,0.0,7,,0.0,2.0,3.0,B01,138Â 209Â 717,1.0
1009761,201900051292,5,31,02:00,5,2,1,1.0,1.0,31555,PORT DE L EMBOUCHURE,M,"43,6109100","1,4187000",31,2019,50.0,1.0,1.0,4.0,2258065,2.0,2,1,2,9.0,,-1.0,0,1993.0,A01,138Â 209Â 718,1.0,0.0,-1.0,1723591,0.0,7,,0.0,2.0,3.0,A01,138Â 209Â 718,1.0
1009762,201900051293,5,30,11:50,1,1,1,1.0,2.0,31555,VA007553 A61,M,"43,6202200","1,4818600",31,2019,90.0,1.0,1.0,1.0,2258066,1.0,1,1,1,4.0,,-1.0,0,1981.0,A01,138Â 209Â 715,1.0,0.0,-1.0,1723592,1.0,14,,0.0,2.0,1.0,A01,138Â 209Â 715,1.0
1009762,201900051293,5,30,11:50,1,1,1,1.0,2.0,31555,VA007553 A61,M,"43,6202200","1,4818600",31,2019,90.0,1.0,1.0,1.0,2258066,1.0,1,1,1,4.0,,-1.0,0,1981.0,A01,138Â 209Â 715,1.0,0.0,-1.0,1723593,1.0,7,,0.0,2.0,4.0,B01,138Â 209Â 716,1.0
1009762,201900051293,5,30,11:50,1,1,1,1.0,2.0,31555,VA007553 A61,M,"43,6202200","1,4818600",31,2019,90.0,1.0,1.0,1.0,2258067,1.0,1,4,2,9.0,,-1.0,0,1987.0,B01,138Â 209Â 716,1.0,0.0,-1.0,1723592,1.0,14,,0.0,2.0,1.0,A01,138Â 209Â 715,1.0
1009762,201900051293,5,30,11:50,1,1,1,1.0,2.0,31555,VA007553 A61,M,"43,6202200","1,4818600",31,2019,90.0,1.0,1.0,1.0,2258067,1.0,1,4,2,9.0,,-1.0,0,1987.0,B01,138Â 209Â 716,1.0,0.0,-1.0,1723593,1.0,7,,0.0,2.0,4.0,B01,138Â 209Â 716,1.0
1009763,201900051294,5,29,15:50,1,2,1,1.0,6.0,31149,AMPERE (AVENUE ANDRE MARIE),M,"43,6111200","1,3058800",31,2019,50.0,1.0,1.0,4.0,2258068,1.0,1,4,2,9.0,,-1.0, -1,1971.0,A01,138Â 209Â 714,1.0,0.0,-1.0,1723594,0.0,7,,1.0,0.0,1.0,A01,138Â 209Â 714,1.0
1009764,201900051295,6,14,01:05,5,2,3,1.0,6.0,30189,ALOUETTE (CHEMIN),M,"43,8364500","4,3370100",30,2019,50.0,1.0,1.0,4.0,2258069,2.0,2,1,1,0.0,,-1.0, -1,2000.0,A01,138Â 209Â 713,8.0,0.0,-1.0,1723595,0.0,7,,6.0,0.0,1.0,A01,138Â 209Â 713,1.0