Unnamed: 0_x,num_acc,mois,jour,hrmn,lum,agg,int,atm,col,com,adr,gps,lat,long,dep,annee,vma,situ,surf,catr,Unnamed: 0_y,place,catu,grav,sexe,trajet,secu,locp,actp,an_nais,num_veh_x,id_vehicule_x,secu1,secu2,secu3,Unnamed: 0,senc,catv,occutc,obs,obsm,choc,num_veh_y,id_vehicule_y,motor
1009764,201900051295,6,14,01:05,5,2,3,1.0,6.0,30189,ALOUETTE (CHEMIN),M,"43,8364500","4,3370100",30,2019,50.0,1.0,1.0,4.0,2258070,1.0,1,1,1,0.0,,-1.0, -1,1996.0,A01,138Â 209Â 713,8.0,0.0,-1.0,1723595,0.0,7,,6.0,0.0,1.0,A01,138Â 209Â 713,1.0
1009764,201900051295,6,14,01:05,5,2,3,1.0,6.0,30189,ALOUETTE (CHEMIN),M,"43,8364500","4,3370100",30,2019,50.0,1.0,1.0,4.0,2258071,5.0,2,1,1,0.0,,-1.0, -1,2002.0,A01,138Â 209Â 713,8.0,0.0,-1.0,1723595,0.0,7,,6.0,0.0,1.0,A01,138Â 209Â 713,1.0
1009764,201900051295,6,14,01:05,5,2,3,1.0,6.0,30189,ALOUETTE (CHEMIN),M,"43,8364500","4,3370100",30,2019,50.0,1.0,1.0,4.0,2258072,3.0,2,4,1,0.0,,-1.0, -1,2004.0,A01,138Â 209Â 713,8.0,0.0,-1.0,1723595,0.0,7,,6.0,0.0,1.0,A01,138Â 209Â 713,1.0
1009764,201900051295,6,14,01:05,5,2,3,1.0,6.0,30189,ALOUETTE (CHEMIN),M,"43,8364500","4,3370100",30,2019,50.0,1.0,1.0,4.0,2258073,4.0,2,1,1,0.0,,-1.0, -1,2019.0,A01,138Â 209Â 713,8.0,0.0,-1.0,1723595,0.0,7,,6.0,0.0,1.0,A01,138Â 209Â 713,1.0
1009765,201900051296,6,12,22:40,5,2,1,1.0,6.0,30189,ALLENDE SALVADOR (RUE),M,"43,8326000","4,3850000",30,2019,30.0,2.0,1.0,4.0,2258074,1.0,1,1,1,5.0,,-1.0, -1,1975.0,A01,138Â 209Â 711,1.0,0.0,-1.0,1723596,3.0,7,,9.0,0.0,1.0,A01,138Â 209Â 711,1.0
1009765,201900051296,6,12,22:40,5,2,1,1.0,6.0,30189,ALLENDE SALVADOR (RUE),M,"43,8326000","4,3850000",30,2019,30.0,2.0,1.0,4.0,2258074,1.0,1,1,1,5.0,,-1.0, -1,1975.0,A01,138Â 209Â 711,1.0,0.0,-1.0,1723597,3.0,7,,15.0,0.0,6.0,B01,138Â 209Â 712,1.0
1009765,201900051296,6,12,22:40,5,2,1,1.0,6.0,30189,ALLENDE SALVADOR (RUE),M,"43,8326000","4,3850000",30,2019,30.0,2.0,1.0,4.0,2258075,2.0,2,4,1,5.0,,-1.0, -1,1971.0,A01,138Â 209Â 711,1.0,0.0,-1.0,1723596,3.0,7,,9.0,0.0,1.0,A01,138Â 209Â 711,1.0
1009765,201900051296,6,12,22:40,5,2,1,1.0,6.0,30189,ALLENDE SALVADOR (RUE),M,"43,8326000","4,3850000",30,2019,30.0,2.0,1.0,4.0,2258075,2.0,2,4,1,5.0,,-1.0, -1,1971.0,A01,138Â 209Â 711,1.0,0.0,-1.0,1723597,3.0,7,,15.0,0.0,6.0,B01,138Â 209Â 712,1.0
1009765,201900051296,6,12,22:40,5,2,1,1.0,6.0,30189,ALLENDE SALVADOR (RUE),M,"43,8326000","4,3850000",30,2019,30.0,2.0,1.0,4.0,2258076,1.0,1,1,1,0.0,,-1.0, -1,1973.0,B01,138Â 209Â 712,1.0,0.0,-1.0,1723596,3.0,7,,9.0,0.0,1.0,A01,138Â 209Â 711,1.0
1009765,201900051296,6,12,22:40,5,2,1,1.0,6.0,30189,ALLENDE SALVADOR (RUE),M,"43,8326000","4,3850000",30,2019,30.0,2.0,1.0,4.0,2258076,1.0,1,1,1,0.0,,-1.0, -1,1973.0,B01,138Â 209Â 712,1.0,0.0,-1.0,1723597,3.0,7,,15.0,0.0,6.0,B01,138Â 209Â 712,1.0
1009766,201900051297,6,9,02:50,5,2,3,1.0,3.0,30189,FAITA VINCENT (RUE),M,"43,8456900","4,3716500",30,2019,50.0,1.0,1.0,4.0,2258077,1.0,1,3,1,0.0,,-1.0,0,1994.0,B01,138Â 209Â 710,8.0,0.0,-1.0,1723598,1.0,7,,0.0,2.0,0.0,A01,138Â 209Â 709,0.0
1009766,201900051297,6,9,02:50,5,2,3,1.0,3.0,30189,FAITA VINCENT (RUE),M,"43,8456900","4,3716500",30,2019,50.0,1.0,1.0,4.0,2258077,1.0,1,3,1,0.0,,-1.0,0,1994.0,B01,138Â 209Â 710,8.0,0.0,-1.0,1723599,2.0,1,,0.0,2.0,3.0,B01,138Â 209Â 710,5.0
1009767,201900051298,6,17,08:42,1,2,1,1.0,3.0,30028,ROUTE D'AVIGNON,M,"44,1554860","4,6398160",30,2019,70.0,1.0,1.0,2.0,2258078,1.0,1,3,1,1.0,,-1.0, -1,1999.0,A01,138Â 209Â 707,2.0,6.0,-1.0,1723600,1.0,33,,0.0,2.0,1.0,A01,138Â 209Â 707,1.0
1009767,201900051298,6,17,08:42,1,2,1,1.0,3.0,30028,ROUTE D'AVIGNON,M,"44,1554860","4,6398160",30,2019,70.0,1.0,1.0,2.0,2258078,1.0,1,3,1,1.0,,-1.0, -1,1999.0,A01,138Â 209Â 707,2.0,6.0,-1.0,1723601,1.0,7,,0.0,2.0,1.0,B01,138Â 209Â 708,1.0
1009767,201900051298,6,17,08:42,1,2,1,1.0,3.0,30028,ROUTE D'AVIGNON,M,"44,1554860","4,6398160",30,2019,70.0,1.0,1.0,2.0,2258079,1.0,1,1,1,1.0,,-1.0, -1,1984.0,B01,138Â 209Â 708,1.0,0.0,-1.0,1723600,1.0,33,,0.0,2.0,1.0,A01,138Â 209Â 707,1.0
1009767,201900051298,6,17,08:42,1,2,1,1.0,3.0,30028,ROUTE D'AVIGNON,M,"44,1554860","4,6398160",30,2019,70.0,1.0,1.0,2.0,2258079,1.0,1,1,1,1.0,,-1.0, -1,1984.0,B01,138Â 209Â 708,1.0,0.0,-1.0,1723601,1.0,7,,0.0,2.0,1.0,B01,138Â 209Â 708,1.0
1009768,201900051299,5,31,08:40,1,1,2,1.0,3.0,30007,BAGNOLS (ROUTE DE),M,"44,1306400","4,1132500",30,2019,70.0,1.0,1.0,3.0,2258080,1.0,1,3,1,5.0,,-1.0, -1,1956.0,B01,138Â 209Â 699,2.0,6.0,-1.0,1723602,2.0,33,,0.0,2.0,1.0,B01,138Â 209Â 699,1.0
1009768,201900051299,5,31,08:40,1,1,2,1.0,3.0,30007,BAGNOLS (ROUTE DE),M,"44,1306400","4,1132500",30,2019,70.0,1.0,1.0,3.0,2258080,1.0,1,3,1,5.0,,-1.0, -1,1956.0,B01,138Â 209Â 699,2.0,6.0,-1.0,1723603,2.0,10,,0.0,2.0,7.0,A01,138Â 209Â 700,1.0
1009768,201900051299,5,31,08:40,1,1,2,1.0,3.0,30007,BAGNOLS (ROUTE DE),M,"44,1306400","4,1132500",30,2019,70.0,1.0,1.0,3.0,2258081,1.0,1,1,1,3.0,,-1.0, -1,1985.0,A01,138Â 209Â 700,1.0,5.0,-1.0,1723602,2.0,33,,0.0,2.0,1.0,B01,138Â 209Â 699,1.0
1009768,201900051299,5,31,08:40,1,1,2,1.0,3.0,30007,BAGNOLS (ROUTE DE),M,"44,1306400","4,1132500",30,2019,70.0,1.0,1.0,3.0,2258081,1.0,1,1,1,3.0,,-1.0, -1,1985.0,A01,138Â 209Â 700,1.0,5.0,-1.0,1723603,2.0,10,,0.0,2.0,7.0,A01,138Â 209Â 700,1.0
1009769,201900051300,6,17,16:00,1,2,6,1.0,6.0,29232,ERGUE ARMEL  ROND POINT D',M,"47,9836633"," -4,0746596",29,2019,50.0,1.0,1.0,4.0,2258082,1.0,1,1,2,9.0,,-1.0,0,1988.0,A01,138Â 209Â 698,1.0,8.0,-1.0,1723604,1.0,7,,0.0,1.0,6.0,A01,138Â 209Â 698,1.0
1009769,201900051300,6,17,16:00,1,2,6,1.0,6.0,29232,ERGUE ARMEL  ROND POINT D',M,"47,9836633"," -4,0746596",29,2019,50.0,1.0,1.0,4.0,2258083,10.0,3,4,2,1.0,,3.0,3,1973.0,A01,138Â 209Â 698,8.0,0.0,-1.0,1723604,1.0,7,,0.0,1.0,6.0,A01,138Â 209Â 698,1.0
1009770,201900051301,6,12,20:23,1,1,9,2.0,7.0,29232,RN 165,M,"48,0272600"," -4,0860400",29,2019,110.0,1.0,2.0,2.0,2258084,1.0,1,3,2,0.0,,-1.0,0,1998.0,A01,138Â 209Â 697,1.0,8.0,-1.0,1723605,1.0,7,,3.0,0.0,1.0,A01,138Â 209Â 697,1.0
1009771,201900051302,6,14,14:32,1,2,9,1.0,7.0,29232,TREQUEFFELEC  ROND POINT DE,M,"48,0034499"," -4,0838770",29,2019,50.0,1.0,1.0,3.0,2258085,1.0,1,4,2,5.0,,0.0,0,1934.0,A01,138Â 209Â 696,1.0,0.0,-1.0,1723606,1.0,7,,8.0,0.0,1.0,A01,138Â 209Â 696,1.0
1009772,201900051303,6,11,17:00,1,2,1,2.0,6.0,29232,LE DEAN AIME JEAN RUE,M,"47,9927800"," -4,0918000",29,2019,50.0,1.0,2.0,4.0,2258086,10.0,3,4,2,1.0,,3.0,3,1979.0,A01,138Â 209Â 695,8.0,0.0,-1.0,1723607,3.0,7,,0.0,1.0,1.0,A01,138Â 209Â 695,6.0
1009772,201900051303,6,11,17:00,1,2,1,2.0,6.0,29232,LE DEAN AIME JEAN RUE,M,"47,9927800"," -4,0918000",29,2019,50.0,1.0,2.0,4.0,2258087,1.0,1,1,1,0.0,,0.0,0,1959.0,A01,138Â 209Â 695,8.0,0.0,-1.0,1723607,3.0,7,,0.0,1.0,1.0,A01,138Â 209Â 695,6.0
1009773,201900051304,6,8,18:35,1,2,6,1.0,3.0,29232,FLANDRES DUNKERQUE 1940 BOULEVARD,M,"47,9793000"," -4,0940000",29,2019,70.0,2.0,1.0,3.0,2258088,1.0,1,4,1,5.0,,0.0,0,1990.0,B01,138Â 209Â 693,2.0,0.0,-1.0,1723608,1.0,31,,0.0,2.0,8.0,B01,138Â 209Â 693,1.0
1009773,201900051304,6,8,18:35,1,2,6,1.0,3.0,29232,FLANDRES DUNKERQUE 1940 BOULEVARD,M,"47,9793000"," -4,0940000",29,2019,70.0,2.0,1.0,3.0,2258088,1.0,1,4,1,5.0,,0.0,0,1990.0,B01,138Â 209Â 693,2.0,0.0,-1.0,1723609,1.0,7,,0.0,2.0,2.0,A01,138Â 209Â 694,1.0
1009773,201900051304,6,8,18:35,1,2,6,1.0,3.0,29232,FLANDRES DUNKERQUE 1940 BOULEVARD,M,"47,9793000"," -4,0940000",29,2019,70.0,2.0,1.0,3.0,2258089,1.0,1,1,1,1.0,,0.0,0,1990.0,A01,138Â 209Â 694,8.0,0.0,-1.0,1723608,1.0,31,,0.0,2.0,8.0,B01,138Â 209Â 693,1.0
1009773,201900051304,6,8,18:35,1,2,6,1.0,3.0,29232,FLANDRES DUNKERQUE 1940 BOULEVARD,M,"47,9793000"," -4,0940000",29,2019,70.0,2.0,1.0,3.0,2258089,1.0,1,1,1,1.0,,0.0,0,1990.0,A01,138Â 209Â 694,8.0,0.0,-1.0,1723609,1.0,7,,0.0,2.0,2.0,A01,138Â 209Â 694,1.0
1009774,201900051305,6,5,20:20,1,1,1,1.0,1.0,29051,STANGALA ROUTE,M,"48,0049768"," -4,0572765",29,2019,50.0,1.0,1.0,4.0,2258090,1.0,1,4,1,1.0,,0.0,0,1980.0,A01,138Â 209Â 691,1.0,0.0,-1.0,1723610,1.0,7,,0.0,2.0,1.0,A01,138Â 209Â 691,1.0
1009774,201900051305,6,5,20:20,1,1,1,1.0,1.0,29051,STANGALA ROUTE,M,"48,0049768"," -4,0572765",29,2019,50.0,1.0,1.0,4.0,2258090,1.0,1,4,1,1.0,,0.0,0,1980.0,A01,138Â 209Â 691,1.0,0.0,-1.0,1723611,2.0,7,,0.0,2.0,1.0,B01,138Â 209Â 692,1.0
1009774,201900051305,6,5,20:20,1,1,1,1.0,1.0,29051,STANGALA ROUTE,M,"48,0049768"," -4,0572765",29,2019,50.0,1.0,1.0,4.0,2258091,1.0,1,4,2,1.0,,0.0,0,1996.0,B01,138Â 209Â 692,1.0,5.0,-1.0,1723610,1.0,7,,0.0,2.0,1.0,A01,138Â 209Â 691,1.0
1009774,201900051305,6,5,20:20,1,1,1,1.0,1.0,29051,STANGALA ROUTE,M,"48,0049768"," -4,0572765",29,2019,50.0,1.0,1.0,4.0,2258091,1.0,1,4,2,1.0,,0.0,0,1996.0,B01,138Â 209Â 692,1.0,5.0,-1.0,1723611,2.0,7,,0.0,2.0,1.0,B01,138Â 209Â 692,1.0
1009775,201900051306,6,5,10:20,1,2,1,1.0,6.0,29232,PONT L'ABBE ROUTE DE,M,"47,9880400"," -4,1196700",29,2019,50.0,1.0,2.0,4.0,2258092,10.0,3,3,2,0.0,,3.0,3,1987.0,B01,138Â 209Â 690,8.0,0.0,-1.0,1723612,0.0,7,,0.0,1.0,2.0,B01,138Â 209Â 690,1.0
1009775,201900051306,6,5,10:20,1,2,1,1.0,6.0,29232,PONT L'ABBE ROUTE DE,M,"47,9880400"," -4,1196700",29,2019,50.0,1.0,2.0,4.0,2258093,1.0,1,1,1,0.0,,0.0,0,1983.0,B01,138Â 209Â 690,1.0,0.0,-1.0,1723612,0.0,7,,0.0,1.0,2.0,B01,138Â 209Â 690,1.0
1009776,201900051307,6,16,12:05,1,1,1,2.0,2.0,29254,ROUTE NATIONALE 12,M,"48,5646000"," -3,8609500",29,2019,110.0,1.0,2.0,2.0,2258094,1.0,1,1,2,5.0,,-1.0,0,1962.0,B01,138Â 209Â 688,1.0,8.0,-1.0,1723613,1.0,7,,0.0,2.0,6.0,B01,138Â 209Â 688,1.0
1009776,201900051307,6,16,12:05,1,1,1,2.0,2.0,29254,ROUTE NATIONALE 12,M,"48,5646000"," -3,8609500",29,2019,110.0,1.0,2.0,2.0,2258094,1.0,1,1,2,5.0,,-1.0,0,1962.0,B01,138Â 209Â 688,1.0,8.0,-1.0,1723614,1.0,7,,0.0,2.0,2.0,A01,138Â 209Â 689,1.0
1009776,201900051307,6,16,12:05,1,1,1,2.0,2.0,29254,ROUTE NATIONALE 12,M,"48,5646000"," -3,8609500",29,2019,110.0,1.0,2.0,2.0,2258095,2.0,2,4,1,5.0,,0.0,0,2001.0,A01,138Â 209Â 689,1.0,8.0,-1.0,1723613,1.0,7,,0.0,2.0,6.0,B01,138Â 209Â 688,1.0
1009776,201900051307,6,16,12:05,1,1,1,2.0,2.0,29254,ROUTE NATIONALE 12,M,"48,5646000"," -3,8609500",29,2019,110.0,1.0,2.0,2.0,2258095,2.0,2,4,1,5.0,,0.0,0,2001.0,A01,138Â 209Â 689,1.0,8.0,-1.0,1723614,1.0,7,,0.0,2.0,2.0,A01,138Â 209Â 689,1.0
1009776,201900051307,6,16,12:05,1,1,1,2.0,2.0,29254,ROUTE NATIONALE 12,M,"48,5646000"," -3,8609500",29,2019,110.0,1.0,2.0,2.0,2258096,1.0,1,1,1,5.0,,-1.0,0,1995.0,A01,138Â 209Â 689,1.0,8.0,-1.0,1723613,1.0,7,,0.0,2.0,6.0,B01,138Â 209Â 688,1.0
1009776,201900051307,6,16,12:05,1,1,1,2.0,2.0,29254,ROUTE NATIONALE 12,M,"48,5646000"," -3,8609500",29,2019,110.0,1.0,2.0,2.0,2258096,1.0,1,1,1,5.0,,-1.0,0,1995.0,A01,138Â 209Â 689,1.0,8.0,-1.0,1723614,1.0,7,,0.0,2.0,2.0,A01,138Â 209Â 689,1.0
1009777,201900051308,6,6,17:00,1,2,9,1.0,2.0,29039,CHARLEMAGNE ( COURS),M,"47,8645200"," -3,9025000",29,2019,30.0,2.0,1.0,4.0,2258097,1.0,1,4,1,2.0,,0.0,0,2004.0,A01,138Â 209Â 686,2.0,6.0,-1.0,1723615,3.0,30,,0.0,2.0,1.0,A01,138Â 209Â 686,1.0
1009777,201900051308,6,6,17:00,1,2,9,1.0,2.0,29039,CHARLEMAGNE ( COURS),M,"47,8645200"," -3,9025000",29,2019,30.0,2.0,1.0,4.0,2258097,1.0,1,4,1,2.0,,0.0,0,2004.0,A01,138Â 209Â 686,2.0,6.0,-1.0,1723616,3.0,30,,0.0,2.0,6.0,B01,138Â 209Â 687,1.0
1009777,201900051308,6,6,17:00,1,2,9,1.0,2.0,29039,CHARLEMAGNE ( COURS),M,"47,8645200"," -3,9025000",29,2019,30.0,2.0,1.0,4.0,2258098,1.0,1,1,1,2.0,,0.0,0,2004.0,B01,138Â 209Â 687,2.0,6.0,-1.0,1723615,3.0,30,,0.0,2.0,1.0,A01,138Â 209Â 686,1.0
1009777,201900051308,6,6,17:00,1,2,9,1.0,2.0,29039,CHARLEMAGNE ( COURS),M,"47,8645200"," -3,9025000",29,2019,30.0,2.0,1.0,4.0,2258098,1.0,1,1,1,2.0,,0.0,0,2004.0,B01,138Â 209Â 687,2.0,6.0,-1.0,1723616,3.0,30,,0.0,2.0,6.0,B01,138Â 209Â 687,1.0
1009778,201900051309,5,30,20:20,1,1,2,1.0,3.0,29039,KEROSE ( RUE DE ),M,"47,8742000"," -3,8982900",29,2019,50.0,1.0,1.0,3.0,2258099,1.0,1,1,2,5.0,,-1.0,0,1952.0,B01,138Â 209Â 684,1.0,0.0,-1.0,1723617,1.0,7,,0.0,2.0,3.0,B01,138Â 209Â 684,1.0
1009778,201900051309,5,30,20:20,1,1,2,1.0,3.0,29039,KEROSE ( RUE DE ),M,"47,8742000"," -3,8982900",29,2019,50.0,1.0,1.0,3.0,2258099,1.0,1,1,2,5.0,,-1.0,0,1952.0,B01,138Â 209Â 684,1.0,0.0,-1.0,1723618,2.0,30,,0.0,2.0,2.0,A01,138Â 209Â 685,1.0
1009778,201900051309,5,30,20:20,1,1,2,1.0,3.0,29039,KEROSE ( RUE DE ),M,"47,8742000"," -3,8982900",29,2019,50.0,1.0,1.0,3.0,2258100,1.0,1,4,1,5.0,,-1.0,0,2002.0,A01,138Â 209Â 685,2.0,6.0,-1.0,1723617,1.0,7,,0.0,2.0,3.0,B01,138Â 209Â 684,1.0
1009778,201900051309,5,30,20:20,1,1,2,1.0,3.0,29039,KEROSE ( RUE DE ),M,"47,8742000"," -3,8982900",29,2019,50.0,1.0,1.0,3.0,2258100,1.0,1,4,1,5.0,,-1.0,0,2002.0,A01,138Â 209Â 685,2.0,6.0,-1.0,1723618,2.0,30,,0.0,2.0,2.0,A01,138Â 209Â 685,1.0
1009779,201900051310,6,13,13:45,1,2,6,1.0,2.0,29019,PEN AR CH'LEUZ (ROND POINT),M,"48,4145000"," -4,4787000",29,2019,50.0,1.0,1.0,4.0,2258101,1.0,1,4,2,1.0,,-1.0,0,1973.0,A01,138Â 209Â 682,1.0,0.0,-1.0,1723619,0.0,7,,0.0,2.0,1.0,A01,138Â 209Â 682,0.0
1009779,201900051310,6,13,13:45,1,2,6,1.0,2.0,29019,PEN AR CH'LEUZ (ROND POINT),M,"48,4145000"," -4,4787000",29,2019,50.0,1.0,1.0,4.0,2258101,1.0,1,4,2,1.0,,-1.0,0,1973.0,A01,138Â 209Â 682,1.0,0.0,-1.0,1723620,0.0,7,,0.0,0.0,4.0,B01,138Â 209Â 683,0.0
1009779,201900051310,6,13,13:45,1,2,6,1.0,2.0,29019,PEN AR CH'LEUZ (ROND POINT),M,"48,4145000"," -4,4787000",29,2019,50.0,1.0,1.0,4.0,2258102,1.0,1,1,2,0.0,,-1.0,0,1994.0,B01,138Â 209Â 683,1.0,0.0,-1.0,1723619,0.0,7,,0.0,2.0,1.0,A01,138Â 209Â 682,0.0
1009779,201900051310,6,13,13:45,1,2,6,1.0,2.0,29019,PEN AR CH'LEUZ (ROND POINT),M,"48,4145000"," -4,4787000",29,2019,50.0,1.0,1.0,4.0,2258102,1.0,1,1,2,0.0,,-1.0,0,1994.0,B01,138Â 209Â 683,1.0,0.0,-1.0,1723620,0.0,7,,0.0,0.0,4.0,B01,138Â 209Â 683,0.0
1009780,201900051311,6,11,14:46,1,2,1,1.0,3.0,29019,PLYMOUTH (DE 89 A 135 ET 54 A 118),M,"48,3846000"," -4,5357200",29,2019,50.0,1.0,1.0,4.0,2258103,1.0,1,1,2,4.0,,-1.0,0,1973.0,B01,138Â 209Â 680,1.0,8.0,-1.0,1723621,1.0,40,,0.0,2.0,1.0,B01,138Â 209Â 680,3.0
1009780,201900051311,6,11,14:46,1,2,1,1.0,3.0,29019,PLYMOUTH (DE 89 A 135 ET 54 A 118),M,"48,3846000"," -4,5357200",29,2019,50.0,1.0,1.0,4.0,2258103,1.0,1,1,2,4.0,,-1.0,0,1973.0,B01,138Â 209Â 680,1.0,8.0,-1.0,1723622,1.0,7,,0.0,4.0,3.0,A01,138Â 209Â 681,1.0
1009780,201900051311,6,11,14:46,1,2,1,1.0,3.0,29019,PLYMOUTH (DE 89 A 135 ET 54 A 118),M,"48,3846000"," -4,5357200",29,2019,50.0,1.0,1.0,4.0,2258104,1.0,1,4,2,9.0,,-1.0,0,1970.0,A01,138Â 209Â 681,1.0,8.0,-1.0,1723621,1.0,40,,0.0,2.0,1.0,B01,138Â 209Â 680,3.0
1009780,201900051311,6,11,14:46,1,2,1,1.0,3.0,29019,PLYMOUTH (DE 89 A 135 ET 54 A 118),M,"48,3846000"," -4,5357200",29,2019,50.0,1.0,1.0,4.0,2258104,1.0,1,4,2,9.0,,-1.0,0,1970.0,A01,138Â 209Â 681,1.0,8.0,-1.0,1723622,1.0,7,,0.0,4.0,3.0,A01,138Â 209Â 681,1.0
1009781,201900051312,6,17,19:48,1,2,1,1.0,6.0,29019,EUSEN VICTOR,M,"48,4000000"," -4,4900000",29,2019,50.0,1.0,1.0,4.0,2258105,1.0,1,1,2,9.0,,-1.0,0,1949.0,A01,138Â 209Â 679,1.0,0.0,-1.0,1723623,0.0,7,,0.0,1.0,1.0,A01,138Â 209Â 679,1.0
1009781,201900051312,6,17,19:48,1,2,1,1.0,6.0,29019,EUSEN VICTOR,M,"48,4000000"," -4,4900000",29,2019,50.0,1.0,1.0,4.0,2258106,10.0,3,4,1,9.0,,3.0,3,1968.0,A01,138Â 209Â 679,8.0,0.0,-1.0,1723623,0.0,7,,0.0,1.0,1.0,A01,138Â 209Â 679,1.0
1009782,201900051313,5,31,19:10,1,2,1,1.0,1.0,29019,MAISSIN,M,"48,3877889"," -4,5033564",29,2019,30.0,1.0,1.0,4.0,2258107,1.0,1,4,2,1.0,,-1.0,0,1993.0,B01,138Â 209Â 677,1.0,0.0,-1.0,1723624,2.0,7,,0.0,2.0,1.0,B01,138Â 209Â 677,1.0
1009782,201900051313,5,31,19:10,1,2,1,1.0,1.0,29019,MAISSIN,M,"48,3877889"," -4,5033564",29,2019,30.0,1.0,1.0,4.0,2258107,1.0,1,4,2,1.0,,-1.0,0,1993.0,B01,138Â 209Â 677,1.0,0.0,-1.0,1723625,1.0,7,,0.0,2.0,1.0,A01,138Â 209Â 678,1.0
1009782,201900051313,5,31,19:10,1,2,1,1.0,1.0,29019,MAISSIN,M,"48,3877889"," -4,5033564",29,2019,30.0,1.0,1.0,4.0,2258108,1.0,1,3,2,5.0,,-1.0,0,1937.0,A01,138Â 209Â 678,1.0,0.0,-1.0,1723624,2.0,7,,0.0,2.0,1.0,B01,138Â 209Â 677,1.0
1009782,201900051313,5,31,19:10,1,2,1,1.0,1.0,29019,MAISSIN,M,"48,3877889"," -4,5033564",29,2019,30.0,1.0,1.0,4.0,2258108,1.0,1,3,2,5.0,,-1.0,0,1937.0,A01,138Â 209Â 678,1.0,0.0,-1.0,1723625,1.0,7,,0.0,2.0,1.0,A01,138Â 209Â 678,1.0
1009783,201900051314,5,27,08:48,1,2,1,1.0,2.0,29019,GOUESNOU (DE 221 ET 214 A FIN),M,"48,4153631"," -4,4683709",29,2019,30.0,1.0,1.0,4.0,2258109,1.0,1,1,2,0.0,,0.0,0,1981.0,B01,138Â 209Â 675,1.0,0.0,-1.0,1723626,3.0,7,,0.0,2.0,1.0,B01,138Â 209Â 675,1.0
1009783,201900051314,5,27,08:48,1,2,1,1.0,2.0,29019,GOUESNOU (DE 221 ET 214 A FIN),M,"48,4153631"," -4,4683709",29,2019,30.0,1.0,1.0,4.0,2258109,1.0,1,1,2,0.0,,0.0,0,1981.0,B01,138Â 209Â 675,1.0,0.0,-1.0,1723627,3.0,2,,0.0,2.0,1.0,A01,138Â 209Â 676,1.0
1009783,201900051314,5,27,08:48,1,2,1,1.0,2.0,29019,GOUESNOU (DE 221 ET 214 A FIN),M,"48,4153631"," -4,4683709",29,2019,30.0,1.0,1.0,4.0,2258110,1.0,1,4,1,9.0,,0.0,0,2004.0,A01,138Â 209Â 676,8.0,0.0,-1.0,1723626,3.0,7,,0.0,2.0,1.0,B01,138Â 209Â 675,1.0
1009783,201900051314,5,27,08:48,1,2,1,1.0,2.0,29019,GOUESNOU (DE 221 ET 214 A FIN),M,"48,4153631"," -4,4683709",29,2019,30.0,1.0,1.0,4.0,2258110,1.0,1,4,1,9.0,,0.0,0,2004.0,A01,138Â 209Â 676,8.0,0.0,-1.0,1723627,3.0,2,,0.0,2.0,1.0,A01,138Â 209Â 676,1.0
1009784,201900051315,6,15,18:45,1,2,9,1.0,3.0,28134,D 929,M,"48,7318645","1,3758888",28,2019,50.0,1.0,1.0,3.0,2258111,1.0,1,3,2,3.0,,0.0,0,1969.0,B01,138Â 209Â 671,1.0,0.0,-1.0,1723628,3.0,3,,0.0,2.0,8.0,B01,138Â 209Â 671,0.0
1009784,201900051315,6,15,18:45,1,2,9,1.0,3.0,28134,D 929,M,"48,7318645","1,3758888",28,2019,50.0,1.0,1.0,3.0,2258111,1.0,1,3,2,3.0,,0.0,0,1969.0,B01,138Â 209Â 671,1.0,0.0,-1.0,1723629,1.0,7,,0.0,2.0,1.0,A01,138Â 209Â 672,0.0
1009784,201900051315,6,15,18:45,1,2,9,1.0,3.0,28134,D 929,M,"48,7318645","1,3758888",28,2019,50.0,1.0,1.0,3.0,2258112,2.0,2,4,1,0.0,,0.0,0,1995.0,A01,138Â 209Â 672,1.0,0.0,-1.0,1723628,3.0,3,,0.0,2.0,8.0,B01,138Â 209Â 671,0.0
1009784,201900051315,6,15,18:45,1,2,9,1.0,3.0,28134,D 929,M,"48,7318645","1,3758888",28,2019,50.0,1.0,1.0,3.0,2258112,2.0,2,4,1,0.0,,0.0,0,1995.0,A01,138Â 209Â 672,1.0,0.0,-1.0,1723629,1.0,7,,0.0,2.0,1.0,A01,138Â 209Â 672,0.0
1009784,201900051315,6,15,18:45,1,2,9,1.0,3.0,28134,D 929,M,"48,7318645","1,3758888",28,2019,50.0,1.0,1.0,3.0,2258113,1.0,1,4,1,0.0,,-1.0, -1,1993.0,A01,138Â 209Â 672,1.0,0.0,-1.0,1723628,3.0,3,,0.0,2.0,8.0,B01,138Â 209Â 671,0.0
1009784,201900051315,6,15,18:45,1,2,9,1.0,3.0,28134,D 929,M,"48,7318645","1,3758888",28,2019,50.0,1.0,1.0,3.0,2258113,1.0,1,4,1,0.0,,-1.0, -1,1993.0,A01,138Â 209Â 672,1.0,0.0,-1.0,1723629,1.0,7,,0.0,2.0,1.0,A01,138Â 209Â 672,0.0
1009785,201900051316,6,1,20:05,1,2,1,1.0,2.0,28134,LIVRAINDIERES (RUE DES),M,"48,7485000","1,3552300",28,2019,50.0,1.0,1.0,4.0,2258114,1.0,1,1,1,0.0,,0.0,0,1953.0,B01,138Â 209Â 669,1.0,0.0,0.0,1723630,2.0,7,,0.0,2.0,4.0,B01,138Â 209Â 669,0.0
1009785,201900051316,6,1,20:05,1,2,1,1.0,2.0,28134,LIVRAINDIERES (RUE DES),M,"48,7485000","1,3552300",28,2019,50.0,1.0,1.0,4.0,2258114,1.0,1,1,1,0.0,,0.0,0,1953.0,B01,138Â 209Â 669,1.0,0.0,0.0,1723631,2.0,33,,0.0,2.0,4.0,A01,138Â 209Â 670,0.0