Unnamed: 0_x,num_acc,mois,jour,hrmn,lum,agg,int,atm,col,com,adr,gps,lat,long,dep,annee,vma,situ,surf,catr,Unnamed: 0_y,place,catu,grav,sexe,trajet,secu,locp,actp,an_nais,num_veh_x,id_vehicule_x,secu1,secu2,secu3,Unnamed: 0,senc,catv,occutc,obs,obsm,choc,num_veh_y,id_vehicule_y,motor
1009785,201900051316,6,1,20:05,1,2,1,1.0,2.0,28134,LIVRAINDIERES (RUE DES),M,"48,7485000","1,3552300",28,2019,50.0,1.0,1.0,4.0,2258115,1.0,1,3,1,5.0,,-1.0, -1,1992.0,A01,138Â 209Â 670,2.0,8.0,-1.0,1723630,2.0,7,,0.0,2.0,4.0,B01,138Â 209Â 669,0.0
1009785,201900051316,6,1,20:05,1,2,1,1.0,2.0,28134,LIVRAINDIERES (RUE DES),M,"48,7485000","1,3552300",28,2019,50.0,1.0,1.0,4.0,2258115,1.0,1,3,1,5.0,,-1.0, -1,1992.0,A01,138Â 209Â 670,2.0,8.0,-1.0,1723631,2.0,33,,0.0,2.0,4.0,A01,138Â 209Â 670,0.0
1009786,201900051317,5,28,20:55,1,2,1,1.0,6.0,28085,CHASLES (BOULEVARD),M,"48,4421900","1,4886800",28,2019,30.0,1.0,1.0,4.0,2258116,1.0,1,1,2,9.0,,-1.0, -1,1974.0,A01,138Â 209Â 665,1.0,8.0,-1.0,1723632,1.0,7,,0.0,1.0,1.0,A01,138Â 209Â 665,1.0
1009786,201900051317,5,28,20:55,1,2,1,1.0,6.0,28085,CHASLES (BOULEVARD),M,"48,4421900","1,4886800",28,2019,30.0,1.0,1.0,4.0,2258117,10.0,3,3,1,5.0,,2.0,3,1992.0,A01,138Â 209Â 665,8.0,0.0,-1.0,1723632,1.0,7,,0.0,1.0,1.0,A01,138Â 209Â 665,1.0
1009787,201900051318,6,10,19:15,1,2,9,1.0,1.0,28229,CHATEAU D'EAU (RUE DU),M,"48,4497600","1,4569600",28,2019,50.0,1.0,1.0,4.0,2258118,1.0,1,3,1,5.0,,0.0,0,1986.0,A01,138Â 209Â 663,2.0,6.0,-1.0,1723633,1.0,30,,0.0,2.0,1.0,A01,138Â 209Â 663,1.0
1009787,201900051318,6,10,19:15,1,2,9,1.0,1.0,28229,CHATEAU D'EAU (RUE DU),M,"48,4497600","1,4569600",28,2019,50.0,1.0,1.0,4.0,2258118,1.0,1,3,1,5.0,,0.0,0,1986.0,A01,138Â 209Â 663,2.0,6.0,-1.0,1723634,1.0,7,,0.0,2.0,1.0,B01,138Â 209Â 664,1.0
1009787,201900051318,6,10,19:15,1,2,9,1.0,1.0,28229,CHATEAU D'EAU (RUE DU),M,"48,4497600","1,4569600",28,2019,50.0,1.0,1.0,4.0,2258119,1.0,1,1,2,0.0,,-1.0, -1,1993.0,B01,138Â 209Â 664,1.0,0.0,-1.0,1723633,1.0,30,,0.0,2.0,1.0,A01,138Â 209Â 663,1.0
1009787,201900051318,6,10,19:15,1,2,9,1.0,1.0,28229,CHATEAU D'EAU (RUE DU),M,"48,4497600","1,4569600",28,2019,50.0,1.0,1.0,4.0,2258119,1.0,1,1,2,0.0,,-1.0, -1,1993.0,B01,138Â 209Â 664,1.0,0.0,-1.0,1723634,1.0,7,,0.0,2.0,1.0,B01,138Â 209Â 664,1.0
1009788,201900051319,6,1,21:40,5,2,1,1.0,6.0,28218,EUROPE (AVENUE DE L'),M,"48,4415100","1,4517800",28,2019,50.0,1.0,1.0,3.0,2258120,1.0,1,4,1,0.0,,-1.0, -1,2000.0,A01,138Â 209Â 658,8.0,0.0,-1.0,1723635,1.0,7,,4.0,0.0,3.0,A01,138Â 209Â 658,1.0
1009788,201900051319,6,1,21:40,5,2,1,1.0,6.0,28218,EUROPE (AVENUE DE L'),M,"48,4415100","1,4517800",28,2019,50.0,1.0,1.0,3.0,2258121,2.0,2,3,1,0.0,,0.0,0,2002.0,A01,138Â 209Â 658,1.0,0.0,-1.0,1723635,1.0,7,,4.0,0.0,3.0,A01,138Â 209Â 658,1.0
1009789,201900051320,6,7,17:05,1,2,1,2.0,2.0,27681,ROUTE DEPARTEMENTALE 313 Route de Magny,M,"49,0990900","1,5051100",27,2019,50.0,1.0,2.0,3.0,2258122,1.0,1,4,2,0.0,,-1.0,0,1979.0,B01,138Â 209Â 653,1.0,0.0,-1.0,1723636,1.0,7,,0.0,2.0,4.0,B01,138Â 209Â 653,1.0
1009789,201900051320,6,7,17:05,1,2,1,2.0,2.0,27681,ROUTE DEPARTEMENTALE 313 Route de Magny,M,"49,0990900","1,5051100",27,2019,50.0,1.0,2.0,3.0,2258122,1.0,1,4,2,0.0,,-1.0,0,1979.0,B01,138Â 209Â 653,1.0,0.0,-1.0,1723637,3.0,7,,0.0,2.0,1.0,A01,138Â 209Â 654,0.0
1009789,201900051320,6,7,17:05,1,2,1,2.0,2.0,27681,ROUTE DEPARTEMENTALE 313 Route de Magny,M,"49,0990900","1,5051100",27,2019,50.0,1.0,2.0,3.0,2258123,2.0,2,1,1,0.0,,-1.0,0,1996.0,A01,138Â 209Â 654,1.0,0.0,-1.0,1723636,1.0,7,,0.0,2.0,4.0,B01,138Â 209Â 653,1.0
1009789,201900051320,6,7,17:05,1,2,1,2.0,2.0,27681,ROUTE DEPARTEMENTALE 313 Route de Magny,M,"49,0990900","1,5051100",27,2019,50.0,1.0,2.0,3.0,2258123,2.0,2,1,1,0.0,,-1.0,0,1996.0,A01,138Â 209Â 654,1.0,0.0,-1.0,1723637,3.0,7,,0.0,2.0,1.0,A01,138Â 209Â 654,0.0
1009789,201900051320,6,7,17:05,1,2,1,2.0,2.0,27681,ROUTE DEPARTEMENTALE 313 Route de Magny,M,"49,0990900","1,5051100",27,2019,50.0,1.0,2.0,3.0,2258124,1.0,1,1,1,0.0,,0.0,0,1980.0,A01,138Â 209Â 654,1.0,0.0,-1.0,1723636,1.0,7,,0.0,2.0,4.0,B01,138Â 209Â 653,1.0
1009789,201900051320,6,7,17:05,1,2,1,2.0,2.0,27681,ROUTE DEPARTEMENTALE 313 Route de Magny,M,"49,0990900","1,5051100",27,2019,50.0,1.0,2.0,3.0,2258124,1.0,1,1,1,0.0,,0.0,0,1980.0,A01,138Â 209Â 654,1.0,0.0,-1.0,1723637,3.0,7,,0.0,2.0,1.0,A01,138Â 209Â 654,0.0
1009790,201900051321,6,6,18:25,1,2,1,1.0,2.0,27562,ROUEN (ROUTE DE ),M,"49,1084700","1,4546800",27,2019,50.0,1.0,1.0,4.0,2258125,1.0,1,1,1,1.0,,-1.0,0,2003.0,A01,138Â 209Â 651,2.0,6.0,-1.0,1723638,2.0,30,,0.0,2.0,1.0,A01,138Â 209Â 651,1.0
1009790,201900051321,6,6,18:25,1,2,1,1.0,2.0,27562,ROUEN (ROUTE DE ),M,"49,1084700","1,4546800",27,2019,50.0,1.0,1.0,4.0,2258125,1.0,1,1,1,1.0,,-1.0,0,2003.0,A01,138Â 209Â 651,2.0,6.0,-1.0,1723639,2.0,7,,0.0,2.0,4.0,B01,138Â 209Â 652,1.0
1009790,201900051321,6,6,18:25,1,2,1,1.0,2.0,27562,ROUEN (ROUTE DE ),M,"49,1084700","1,4546800",27,2019,50.0,1.0,1.0,4.0,2258126,1.0,1,4,1,0.0,,-1.0,0,1992.0,B01,138Â 209Â 652,1.0,0.0,-1.0,1723638,2.0,30,,0.0,2.0,1.0,A01,138Â 209Â 651,1.0
1009790,201900051321,6,6,18:25,1,2,1,1.0,2.0,27562,ROUEN (ROUTE DE ),M,"49,1084700","1,4546800",27,2019,50.0,1.0,1.0,4.0,2258126,1.0,1,4,1,0.0,,-1.0,0,1992.0,B01,138Â 209Â 652,1.0,0.0,-1.0,1723639,2.0,7,,0.0,2.0,4.0,B01,138Â 209Â 652,1.0
1009791,201900051322,6,19,00:35,3,2,2,1.0,3.0,27701,LOUVIERS (ROUTE DE) BLANCHE A LERY,M,"49,2715180","1,2061288",27,2019,30.0,1.0,1.0,3.0,2258127,1.0,1,1,2,0.0,,0.0,0,1998.0,B01,138Â 209Â 647,1.0,0.0,-1.0,1723640,3.0,7,,0.0,2.0,7.0,B01,138Â 209Â 647,1.0
1009791,201900051322,6,19,00:35,3,2,2,1.0,3.0,27701,LOUVIERS (ROUTE DE) BLANCHE A LERY,M,"49,2715180","1,2061288",27,2019,30.0,1.0,1.0,3.0,2258127,1.0,1,1,2,0.0,,0.0,0,1998.0,B01,138Â 209Â 647,1.0,0.0,-1.0,1723641,3.0,30,,0.0,2.0,1.0,A01,138Â 209Â 648,1.0
1009791,201900051322,6,19,00:35,3,2,2,1.0,3.0,27701,LOUVIERS (ROUTE DE) BLANCHE A LERY,M,"49,2715180","1,2061288",27,2019,30.0,1.0,1.0,3.0,2258128,1.0,1,3,1,0.0,,0.0,0,1983.0,A01,138Â 209Â 648,2.0,8.0,-1.0,1723640,3.0,7,,0.0,2.0,7.0,B01,138Â 209Â 647,1.0
1009791,201900051322,6,19,00:35,3,2,2,1.0,3.0,27701,LOUVIERS (ROUTE DE) BLANCHE A LERY,M,"49,2715180","1,2061288",27,2019,30.0,1.0,1.0,3.0,2258128,1.0,1,3,1,0.0,,0.0,0,1983.0,A01,138Â 209Â 648,2.0,8.0,-1.0,1723641,3.0,30,,0.0,2.0,1.0,A01,138Â 209Â 648,1.0
1009792,201900051323,6,16,06:55,2,1,1,1.0,6.0,27701,RD6015,M,"49,2651500","1,1614700",27,2019,90.0,1.0,1.0,3.0,2258129,1.0,1,3,1,5.0,,0.0,0,1994.0,A01,138Â 209Â 646,1.0,0.0,-1.0,1723642,1.0,7,,2.0,0.0,1.0,A01,138Â 209Â 646,1.0
1009793,201900051324,6,6,12:20,1,2,1,1.0,6.0,27375,DUNANT (AVENUE HENRI),M,"49,2054000","1,1682200",27,2019,50.0,1.0,1.0,3.0,2258130,1.0,1,1,1,0.0,,0.0,0,1985.0,A01,138Â 209Â 645,1.0,0.0,-1.0,1723643,1.0,7,,0.0,1.0,2.0,A01,138Â 209Â 645,1.0
1009793,201900051324,6,6,12:20,1,2,1,1.0,6.0,27375,DUNANT (AVENUE HENRI),M,"49,2054000","1,1682200",27,2019,50.0,1.0,1.0,3.0,2258131,10.0,3,4,2,0.0,,1.0,3,2006.0,A01,138Â 209Â 645,8.0,0.0,-1.0,1723643,1.0,7,,0.0,1.0,2.0,A01,138Â 209Â 645,1.0
1009794,201900051325,6,6,22:25,5,2,1,1.0,6.0,27375,MENDES FRANCE (RUE PIERRE),M,"49,2134100","1,1694600",27,2019,50.0,1.0,1.0,4.0,2258132,10.0,3,4,1,5.0,,5.0,1,2000.0,A01,138Â 209Â 644,8.0,0.0,-1.0,1723644,1.0,3,,0.0,1.0,1.0,A01,138Â 209Â 644,1.0
1009795,201900051326,6,1,02:45,5,2,1,1.0,6.0,27375,MONTFORT (ROUTE DE),M,"49,2125930","1,1556180",27,2019,50.0,1.0,1.0,4.0,2258133,1.0,1,4,1,0.0,,-1.0,0,1998.0,A01,138Â 209Â 643,1.0,0.0,-1.0,1723645,2.0,7,,2.0,0.0,1.0,A01,138Â 209Â 643,1.0
1009796,201900051327,6,17,09:25,1,2,1,1.0,6.0,26362,VERDUN AVENUE DE (301),M,"44,9384000","4,9005000",26,2019,50.0,1.0,1.0,4.0,2258134,1.0,1,4,1,1.0,,0.0,0,1998.0,A01,138Â 209Â 641,2.0,6.0,-1.0,1723646,0.0,33,,0.0,1.0,1.0,A01,138Â 209Â 641,1.0
1009796,201900051327,6,17,09:25,1,2,1,1.0,6.0,26362,VERDUN AVENUE DE (301),M,"44,9384000","4,9005000",26,2019,50.0,1.0,1.0,4.0,2258135,10.0,3,2,1,5.0,,2.0,3,1934.0,A01,138Â 209Â 641,8.0,8.0,8.0,1723646,0.0,33,,0.0,1.0,1.0,A01,138Â 209Â 641,1.0
1009797,201900051328,2,13,19:05,5,2,1,1.0,6.0,91345,CORBEIL (ROUTE DE),M,"48,6886500","2,3023400",91,2019,50.0,1.0,1.0,3.0,2258136,1.0,1,3,1,5.0,,0.0,0,1990.0,A01,138Â 209Â 640,2.0,8.0,-1.0,1723647,1.0,33,,14.0,0.0,2.0,A01,138Â 209Â 640,1.0
1009797,201900051328,2,13,19:05,5,2,1,1.0,6.0,91345,CORBEIL (ROUTE DE),M,"48,6886500","2,3023400",91,2019,50.0,1.0,1.0,3.0,2258137,2.0,2,4,1,5.0,,0.0,0,1988.0,A01,138Â 209Â 640,2.0,8.0,-1.0,1723647,1.0,33,,14.0,0.0,2.0,A01,138Â 209Â 640,1.0
1009798,201900051329,2,19,13:50,1,1,9,1.0,4.0,91223,R.N.20,M,"48,4338700","2,1676600",91,2019,50.0,1.0,1.0,2.0,2258138,1.0,1,4,2,0.0,,0.0,0,1971.0,A01,138Â 209Â 637,1.0,8.0,-1.0,1723648,1.0,7,,0.0,2.0,1.0,A01,138Â 209Â 637,1.0
1009798,201900051329,2,19,13:50,1,1,9,1.0,4.0,91223,R.N.20,M,"48,4338700","2,1676600",91,2019,50.0,1.0,1.0,2.0,2258138,1.0,1,4,2,0.0,,0.0,0,1971.0,A01,138Â 209Â 637,1.0,8.0,-1.0,1723649,1.0,7,,0.0,2.0,4.0,B01,138Â 209Â 638,1.0
1009798,201900051329,2,19,13:50,1,1,9,1.0,4.0,91223,R.N.20,M,"48,4338700","2,1676600",91,2019,50.0,1.0,1.0,2.0,2258138,1.0,1,4,2,0.0,,0.0,0,1971.0,A01,138Â 209Â 637,1.0,8.0,-1.0,1723650,1.0,7,,0.0,2.0,4.0,C01,138Â 209Â 639,1.0
1009798,201900051329,2,19,13:50,1,1,9,1.0,4.0,91223,R.N.20,M,"48,4338700","2,1676600",91,2019,50.0,1.0,1.0,2.0,2258139,1.0,1,1,1,0.0,,0.0,0,2000.0,B01,138Â 209Â 638,1.0,8.0,-1.0,1723648,1.0,7,,0.0,2.0,1.0,A01,138Â 209Â 637,1.0
1009798,201900051329,2,19,13:50,1,1,9,1.0,4.0,91223,R.N.20,M,"48,4338700","2,1676600",91,2019,50.0,1.0,1.0,2.0,2258139,1.0,1,1,1,0.0,,0.0,0,2000.0,B01,138Â 209Â 638,1.0,8.0,-1.0,1723649,1.0,7,,0.0,2.0,4.0,B01,138Â 209Â 638,1.0
1009798,201900051329,2,19,13:50,1,1,9,1.0,4.0,91223,R.N.20,M,"48,4338700","2,1676600",91,2019,50.0,1.0,1.0,2.0,2258139,1.0,1,1,1,0.0,,0.0,0,2000.0,B01,138Â 209Â 638,1.0,8.0,-1.0,1723650,1.0,7,,0.0,2.0,4.0,C01,138Â 209Â 639,1.0
1009798,201900051329,2,19,13:50,1,1,9,1.0,4.0,91223,R.N.20,M,"48,4338700","2,1676600",91,2019,50.0,1.0,1.0,2.0,2258140,1.0,1,1,2,0.0,,0.0,0,1972.0,C01,138Â 209Â 639,1.0,8.0,-1.0,1723648,1.0,7,,0.0,2.0,1.0,A01,138Â 209Â 637,1.0
1009798,201900051329,2,19,13:50,1,1,9,1.0,4.0,91223,R.N.20,M,"48,4338700","2,1676600",91,2019,50.0,1.0,1.0,2.0,2258140,1.0,1,1,2,0.0,,0.0,0,1972.0,C01,138Â 209Â 639,1.0,8.0,-1.0,1723649,1.0,7,,0.0,2.0,4.0,B01,138Â 209Â 638,1.0
1009798,201900051329,2,19,13:50,1,1,9,1.0,4.0,91223,R.N.20,M,"48,4338700","2,1676600",91,2019,50.0,1.0,1.0,2.0,2258140,1.0,1,1,2,0.0,,0.0,0,1972.0,C01,138Â 209Â 639,1.0,8.0,-1.0,1723650,1.0,7,,0.0,2.0,4.0,C01,138Â 209Â 639,1.0
1009799,201900051330,2,18,22:25,5,2,1,8.0,1.0,86194,BEL AIR (RUE),M,"46,5937500","0,3349500",86,2019,50.0,1.0,1.0,4.0,2258141,1.0,1,4,1,5.0,,-1.0,0,1997.0,B01,138Â 209Â 635,8.0,0.0,-1.0,1723651,2.0,1,,0.0,2.0,1.0,B01,138Â 209Â 635,0.0
1009799,201900051330,2,18,22:25,5,2,1,8.0,1.0,86194,BEL AIR (RUE),M,"46,5937500","0,3349500",86,2019,50.0,1.0,1.0,4.0,2258141,1.0,1,4,1,5.0,,-1.0,0,1997.0,B01,138Â 209Â 635,8.0,0.0,-1.0,1723652,1.0,7,,0.0,2.0,1.0,A01,138Â 209Â 636,0.0
1009799,201900051330,2,18,22:25,5,2,1,8.0,1.0,86194,BEL AIR (RUE),M,"46,5937500","0,3349500",86,2019,50.0,1.0,1.0,4.0,2258142,1.0,1,1,1,5.0,,-1.0,0,1992.0,A01,138Â 209Â 636,1.0,0.0,-1.0,1723651,2.0,1,,0.0,2.0,1.0,B01,138Â 209Â 635,0.0
1009799,201900051330,2,18,22:25,5,2,1,8.0,1.0,86194,BEL AIR (RUE),M,"46,5937500","0,3349500",86,2019,50.0,1.0,1.0,4.0,2258142,1.0,1,1,1,5.0,,-1.0,0,1992.0,A01,138Â 209Â 636,1.0,0.0,-1.0,1723652,1.0,7,,0.0,2.0,1.0,A01,138Â 209Â 636,0.0
1009800,201900051331,2,19,15:20,1,2,1,1.0,3.0,80021,"342, R DE ROUEN",M,"49,8863600","2,2771400",80,2019,50.0,1.0,1.0,4.0,2258143,1.0,1,4,1,0.0,,0.0,0,2001.0,B01,138Â 209Â 631,2.0,0.0,-1.0,1723653,0.0,1,,0.0,2.0,0.0,B01,138Â 209Â 631,5.0
1009800,201900051331,2,19,15:20,1,2,1,1.0,3.0,80021,"342, R DE ROUEN",M,"49,8863600","2,2771400",80,2019,50.0,1.0,1.0,4.0,2258143,1.0,1,4,1,0.0,,0.0,0,2001.0,B01,138Â 209Â 631,2.0,0.0,-1.0,1723654,0.0,7,,0.0,2.0,1.0,A01,138Â 209Â 632,1.0
1009800,201900051331,2,19,15:20,1,2,1,1.0,3.0,80021,"342, R DE ROUEN",M,"49,8863600","2,2771400",80,2019,50.0,1.0,1.0,4.0,2258144,1.0,1,1,1,0.0,,0.0,0,1948.0,A01,138Â 209Â 632,1.0,0.0,-1.0,1723653,0.0,1,,0.0,2.0,0.0,B01,138Â 209Â 631,5.0
1009800,201900051331,2,19,15:20,1,2,1,1.0,3.0,80021,"342, R DE ROUEN",M,"49,8863600","2,2771400",80,2019,50.0,1.0,1.0,4.0,2258144,1.0,1,1,1,0.0,,0.0,0,1948.0,A01,138Â 209Â 632,1.0,0.0,-1.0,1723654,0.0,7,,0.0,2.0,1.0,A01,138Â 209Â 632,1.0
1009801,201900051332,2,20,17:30,1,2,9,1.0,3.0,77514,D105 X CH. DE LA COURONNEAURES (RUE),M,"48,9392700","2,6093700",77,2019,50.0,1.0,1.0,3.0,2258145,1.0,1,1,2,0.0,,-1.0,0,1972.0,A01,138Â 209Â 627,1.0,0.0,-1.0,1723655,2.0,7,,0.0,2.0,7.0,A01,138Â 209Â 627,1.0
1009801,201900051332,2,20,17:30,1,2,9,1.0,3.0,77514,D105 X CH. DE LA COURONNEAURES (RUE),M,"48,9392700","2,6093700",77,2019,50.0,1.0,1.0,3.0,2258145,1.0,1,1,2,0.0,,-1.0,0,1972.0,A01,138Â 209Â 627,1.0,0.0,-1.0,1723656,1.0,33,,0.0,2.0,1.0,B01,138Â 209Â 628,1.0
1009801,201900051332,2,20,17:30,1,2,9,1.0,3.0,77514,D105 X CH. DE LA COURONNEAURES (RUE),M,"48,9392700","2,6093700",77,2019,50.0,1.0,1.0,3.0,2258146,4.0,2,1,2,0.0,,-1.0,0,2011.0,A01,138Â 209Â 627,3.0,0.0,-1.0,1723655,2.0,7,,0.0,2.0,7.0,A01,138Â 209Â 627,1.0
1009801,201900051332,2,20,17:30,1,2,9,1.0,3.0,77514,D105 X CH. DE LA COURONNEAURES (RUE),M,"48,9392700","2,6093700",77,2019,50.0,1.0,1.0,3.0,2258146,4.0,2,1,2,0.0,,-1.0,0,2011.0,A01,138Â 209Â 627,3.0,0.0,-1.0,1723656,1.0,33,,0.0,2.0,1.0,B01,138Â 209Â 628,1.0
1009801,201900051332,2,20,17:30,1,2,9,1.0,3.0,77514,D105 X CH. DE LA COURONNEAURES (RUE),M,"48,9392700","2,6093700",77,2019,50.0,1.0,1.0,3.0,2258147,1.0,1,4,1,0.0,,-1.0,0,1980.0,B01,138Â 209Â 628,2.0,0.0,-1.0,1723655,2.0,7,,0.0,2.0,7.0,A01,138Â 209Â 627,1.0
1009801,201900051332,2,20,17:30,1,2,9,1.0,3.0,77514,D105 X CH. DE LA COURONNEAURES (RUE),M,"48,9392700","2,6093700",77,2019,50.0,1.0,1.0,3.0,2258147,1.0,1,4,1,0.0,,-1.0,0,1980.0,B01,138Â 209Â 628,2.0,0.0,-1.0,1723656,1.0,33,,0.0,2.0,1.0,B01,138Â 209Â 628,1.0
1009802,201900051333,2,20,12:10,1,2,6,1.0,3.0,77514,D84 X BD MARCEL SEMBAT,M,"48,9513800","2,6052000",77,2019,50.0,1.0,1.0,3.0,2258148,1.0,1,1,1,0.0,,-1.0,0,1939.0,A01,138Â 209Â 625,1.0,0.0,-1.0,1723657,2.0,7,,0.0,2.0,2.0,A01,138Â 209Â 625,0.0
1009802,201900051333,2,20,12:10,1,2,6,1.0,3.0,77514,D84 X BD MARCEL SEMBAT,M,"48,9513800","2,6052000",77,2019,50.0,1.0,1.0,3.0,2258148,1.0,1,1,1,0.0,,-1.0,0,1939.0,A01,138Â 209Â 625,1.0,0.0,-1.0,1723658,2.0,1,,0.0,2.0,5.0,B01,138Â 209Â 626,5.0
1009802,201900051333,2,20,12:10,1,2,6,1.0,3.0,77514,D84 X BD MARCEL SEMBAT,M,"48,9513800","2,6052000",77,2019,50.0,1.0,1.0,3.0,2258149,1.0,1,3,1,0.0,,-1.0,0,1940.0,B01,138Â 209Â 626,8.0,0.0,-1.0,1723657,2.0,7,,0.0,2.0,2.0,A01,138Â 209Â 625,0.0
1009802,201900051333,2,20,12:10,1,2,6,1.0,3.0,77514,D84 X BD MARCEL SEMBAT,M,"48,9513800","2,6052000",77,2019,50.0,1.0,1.0,3.0,2258149,1.0,1,3,1,0.0,,-1.0,0,1940.0,B01,138Â 209Â 626,8.0,0.0,-1.0,1723658,2.0,1,,0.0,2.0,5.0,B01,138Â 209Â 626,5.0
1009803,201900051334,1,28,19:05,3,2,1,1.0,2.0,76575,ROUSSILLON. RUE DU,M,"49,3714500","1,1074600",76,2019,50.0,1.0,1.0,4.0,2258150,2.0,2,4,2,0.0,,0.0,0,2004.0,A01,138Â 209Â 623,1.0,0.0,-1.0,1723659,3.0,7,,0.0,2.0,4.0,A01,138Â 209Â 623,1.0
1009803,201900051334,1,28,19:05,3,2,1,1.0,2.0,76575,ROUSSILLON. RUE DU,M,"49,3714500","1,1074600",76,2019,50.0,1.0,1.0,4.0,2258150,2.0,2,4,2,0.0,,0.0,0,2004.0,A01,138Â 209Â 623,1.0,0.0,-1.0,1723660,3.0,7,,0.0,2.0,0.0,B01,138Â 209Â 624,0.0
1009803,201900051334,1,28,19:05,3,2,1,1.0,2.0,76575,ROUSSILLON. RUE DU,M,"49,3714500","1,1074600",76,2019,50.0,1.0,1.0,4.0,2258151,1.0,1,1,1,0.0,,0.0,0,1976.0,A01,138Â 209Â 623,1.0,0.0,-1.0,1723659,3.0,7,,0.0,2.0,4.0,A01,138Â 209Â 623,1.0
1009803,201900051334,1,28,19:05,3,2,1,1.0,2.0,76575,ROUSSILLON. RUE DU,M,"49,3714500","1,1074600",76,2019,50.0,1.0,1.0,4.0,2258151,1.0,1,1,1,0.0,,0.0,0,1976.0,A01,138Â 209Â 623,1.0,0.0,-1.0,1723660,3.0,7,,0.0,2.0,0.0,B01,138Â 209Â 624,0.0
1009804,201900051335,2,19,19:55,5,2,6,1.0,6.0,74012,VALLEES (ROUTE DES),M,"46,1941070","6,2407300",74,2019,50.0,1.0,1.0,3.0,2258152,1.0,1,1,1,0.0,,0.0,0,1949.0,A01,138Â 209Â 618,1.0,0.0,-1.0,1723661,1.0,7,,0.0,1.0,1.0,A01,138Â 209Â 618,0.0
1009804,201900051335,2,19,19:55,5,2,6,1.0,6.0,74012,VALLEES (ROUTE DES),M,"46,1941070","6,2407300",74,2019,50.0,1.0,1.0,3.0,2258153,10.0,3,4,1,0.0,,4.0,3,1995.0,A01,138Â 209Â 618,8.0,0.0,-1.0,1723661,1.0,7,,0.0,1.0,1.0,A01,138Â 209Â 618,0.0
1009805,201900051336,2,20,16:40,1,2,1,1.0,6.0,71270,Rue Simone Veil,M,"46,3262700","4,8269000",71,2019,50.0,1.0,1.0,4.0,2258154,1.0,1,3,1,9.0,,0.0,0,2002.0,A01,138Â 209Â 617,8.0,0.0,-1.0,1723662,3.0,30,,8.0,0.0,7.0,A01,138Â 209Â 617,1.0
1009806,201900051337,2,19,11:20,1,2,1,1.0,6.0,69290,GRENOBLE (DE)  -  RN 6              (RO),M,"45,7144900","4,9653600",69,2019,50.0,1.0,1.0,3.0,2258155,10.0,3,3,1,3.0,,1.0,3,1952.0,A01,138Â 209Â 616,8.0,0.0,-1.0,1723663,1.0,7,,0.0,1.0,2.0,A01,138Â 209Â 616,1.0
1009806,201900051337,2,19,11:20,1,2,1,1.0,6.0,69290,GRENOBLE (DE)  -  RN 6              (RO),M,"45,7144900","4,9653600",69,2019,50.0,1.0,1.0,3.0,2258156,10.0,3,4,1,3.0,,1.0,3,1958.0,A01,138Â 209Â 616,8.0,0.0,-1.0,1723663,1.0,7,,0.0,1.0,2.0,A01,138Â 209Â 616,1.0
1009806,201900051337,2,19,11:20,1,2,1,1.0,6.0,69290,GRENOBLE (DE)  -  RN 6              (RO),M,"45,7144900","4,9653600",69,2019,50.0,1.0,1.0,3.0,2258157,1.0,1,1,1,3.0,,0.0,0,1981.0,A01,138Â 209Â 616,1.0,0.0,-1.0,1723663,1.0,7,,0.0,1.0,2.0,A01,138Â 209Â 616,1.0
1009807,201900051338,2,20,08:35,2,2,9,7.0,6.0,65286,ROMAIN (BOULEVARD DU CDT CELESTIN),M,"43,0999190"," -0,0519820",65,2019,50.0,1.0,1.0,3.0,2258158,1.0,1,1,1,0.0,,0.0,0,1978.0,A01,138Â 209Â 615,8.0,0.0,-1.0,1723664,1.0,7,,0.0,1.0,1.0,A01,138Â 209Â 615,1.0
1009807,201900051338,2,20,08:35,2,2,9,7.0,6.0,65286,ROMAIN (BOULEVARD DU CDT CELESTIN),M,"43,0999190"," -0,0519820",65,2019,50.0,1.0,1.0,3.0,2258159,10.0,3,3,2,0.0,,3.0,3,1940.0,A01,138Â 209Â 615,8.0,0.0,-1.0,1723664,1.0,7,,0.0,1.0,1.0,A01,138Â 209Â 615,1.0
1009808,201900051339,2,20,14:20,1,2,1,1.0,6.0,64189,OLASCUAGA GEORGES  (RUE),M,"43,3831700"," -1,6656600",64,2019,50.0,1.0,1.0,4.0,2258160,1.0,1,1,1,0.0,,0.0,0,1957.0,A01,138Â 209Â 614,1.0,0.0,-1.0,1723665,0.0,7,,0.0,1.0,1.0,A01,138Â 209Â 614,1.0
1009808,201900051339,2,20,14:20,1,2,1,1.0,6.0,64189,OLASCUAGA GEORGES  (RUE),M,"43,3831700"," -1,6656600",64,2019,50.0,1.0,1.0,4.0,2258161,10.0,3,3,2,5.0,,1.0,3,1936.0,A01,138Â 209Â 614,8.0,0.0,-1.0,1723665,0.0,7,,0.0,1.0,1.0,A01,138Â 209Â 614,1.0
1009809,201900051340,2,20,01:50,5,2,1,1.0,6.0,62188,LILLERS (DE),M,"50,5417500","2,4702000",62,2019,50.0,1.0,1.0,4.0,2258162,1.0,1,2,1,5.0,,-1.0, -1,1987.0,A01,138Â 209Â 613,2.0,8.0,-1.0,1723666,3.0,31,,8.0,0.0,1.0,A01,138Â 209Â 613,0.0
1009810,201900051341,2,13,15:00,1,2,3,1.0,6.0,59183,ROYER,M,"51,0343900","2,3806000",59,2019,50.0,1.0,1.0,9.0,2258163,1.0,1,1,1,4.0,,-1.0,0,1984.0,A01,138Â 209Â 610,1.0,8.0,-1.0,1723667,2.0,10,,0.0,1.0,1.0,A01,138Â 209Â 610,1.0