Unnamed: 0_x,num_acc,mois,jour,hrmn,lum,agg,int,atm,col,com,adr,gps,lat,long,dep,annee,vma,situ,surf,catr,Unnamed: 0_y,place,catu,grav,sexe,trajet,secu,locp,actp,an_nais,num_veh_x,id_vehicule_x,secu1,secu2,secu3,Unnamed: 0,senc,catv,occutc,obs,obsm,choc,num_veh_y,id_vehicule_y,motor
1009810,201900051341,2,13,15:00,1,2,3,1.0,6.0,59183,ROYER,M,"51,0343900","2,3806000",59,2019,50.0,1.0,1.0,9.0,2258164,10.0,3,3,2,5.0,,4.0,3,1937.0,A01,138Â 209Â 610,8.0,0.0,-1.0,1723667,2.0,10,,0.0,1.0,1.0,A01,138Â 209Â 610,1.0
1009811,201900051342,2,20,17:05,1,1,1,1.0,7.0,48095,RD 42,M,"44,5282630","3,4340910",48,2019,80.0,1.0,1.0,3.0,2258165,4.0,2,4,1,9.0,,-1.0, -1,1986.0,A01,138Â 209Â 608,1.0,0.0,-1.0,1723668,1.0,7,,0.0,0.0,0.0,A01,138Â 209Â 608,0.0
1009811,201900051342,2,20,17:05,1,1,1,1.0,7.0,48095,RD 42,M,"44,5282630","3,4340910",48,2019,80.0,1.0,1.0,3.0,2258166,3.0,2,4,1,9.0,,-1.0, -1,1970.0,A01,138Â 209Â 608,1.0,0.0,-1.0,1723668,1.0,7,,0.0,0.0,0.0,A01,138Â 209Â 608,0.0
1009811,201900051342,2,20,17:05,1,1,1,1.0,7.0,48095,RD 42,M,"44,5282630","3,4340910",48,2019,80.0,1.0,1.0,3.0,2258167,5.0,2,4,1,9.0,,-1.0, -1,1989.0,A01,138Â 209Â 608,1.0,0.0,-1.0,1723668,1.0,7,,0.0,0.0,0.0,A01,138Â 209Â 608,0.0
1009811,201900051342,2,20,17:05,1,1,1,1.0,7.0,48095,RD 42,M,"44,5282630","3,4340910",48,2019,80.0,1.0,1.0,3.0,2258168,2.0,2,4,1,0.0,,-1.0, -1,1986.0,A01,138Â 209Â 608,1.0,0.0,-1.0,1723668,1.0,7,,0.0,0.0,0.0,A01,138Â 209Â 608,0.0
1009811,201900051342,2,20,17:05,1,1,1,1.0,7.0,48095,RD 42,M,"44,5282630","3,4340910",48,2019,80.0,1.0,1.0,3.0,2258169,1.0,1,1,1,4.0,,-1.0, -1,1997.0,A01,138Â 209Â 608,1.0,0.0,-1.0,1723668,1.0,7,,0.0,0.0,0.0,A01,138Â 209Â 608,0.0
1009812,201900051343,2,20,17:36,1,2,3,1.0,3.0,45285,R DES AMETHYSTES - R DES CORNALINES,M,"47,9225200","1,8822200",45,2019,30.0,1.0,1.0,4.0,2258170,1.0,1,4,2,0.0,,0.0,0,2005.0,A01,138Â 209Â 606,8.0,0.0,-1.0,1723669,2.0,1,,0.0,2.0,7.0,A01,138Â 209Â 606,5.0
1009812,201900051343,2,20,17:36,1,2,3,1.0,3.0,45285,R DES AMETHYSTES - R DES CORNALINES,M,"47,9225200","1,8822200",45,2019,30.0,1.0,1.0,4.0,2258170,1.0,1,4,2,0.0,,0.0,0,2005.0,A01,138Â 209Â 606,8.0,0.0,-1.0,1723670,1.0,37,2.0,0.0,2.0,1.0,B01,138Â 209Â 607,1.0
1009812,201900051343,2,20,17:36,1,2,3,1.0,3.0,45285,R DES AMETHYSTES - R DES CORNALINES,M,"47,9225200","1,8822200",45,2019,30.0,1.0,1.0,4.0,2258171,4.0,2,4,2,0.0,,-1.0, -1,1996.0,B01,138Â 209Â 607,8.0,0.0,-1.0,1723669,2.0,1,,0.0,2.0,7.0,A01,138Â 209Â 606,5.0
1009812,201900051343,2,20,17:36,1,2,3,1.0,3.0,45285,R DES AMETHYSTES - R DES CORNALINES,M,"47,9225200","1,8822200",45,2019,30.0,1.0,1.0,4.0,2258171,4.0,2,4,2,0.0,,-1.0, -1,1996.0,B01,138Â 209Â 607,8.0,0.0,-1.0,1723670,1.0,37,2.0,0.0,2.0,1.0,B01,138Â 209Â 607,1.0
1009812,201900051343,2,20,17:36,1,2,3,1.0,3.0,45285,R DES AMETHYSTES - R DES CORNALINES,M,"47,9225200","1,8822200",45,2019,30.0,1.0,1.0,4.0,2258172,1.0,1,1,1,4.0,,-1.0, -1,1966.0,B01,138Â 209Â 607,1.0,8.0,-1.0,1723669,2.0,1,,0.0,2.0,7.0,A01,138Â 209Â 606,5.0
1009812,201900051343,2,20,17:36,1,2,3,1.0,3.0,45285,R DES AMETHYSTES - R DES CORNALINES,M,"47,9225200","1,8822200",45,2019,30.0,1.0,1.0,4.0,2258172,1.0,1,1,1,4.0,,-1.0, -1,1966.0,B01,138Â 209Â 607,1.0,8.0,-1.0,1723670,1.0,37,2.0,0.0,2.0,1.0,B01,138Â 209Â 607,1.0
1009813,201900051344,2,20,14:00,1,2,1,1.0,4.0,45235,RUE DES CHATAIGNIERS,M,"47,9509800","1,8430800",45,2019,70.0,1.0,1.0,4.0,2258173,1.0,1,1,1,0.0,,0.0,0,1975.0,C01,138Â 209Â 603,1.0,0.0,-1.0,1723671,1.0,7,,0.0,2.0,4.0,C01,138Â 209Â 603,1.0
1009813,201900051344,2,20,14:00,1,2,1,1.0,4.0,45235,RUE DES CHATAIGNIERS,M,"47,9509800","1,8430800",45,2019,70.0,1.0,1.0,4.0,2258173,1.0,1,1,1,0.0,,0.0,0,1975.0,C01,138Â 209Â 603,1.0,0.0,-1.0,1723672,1.0,7,,0.0,2.0,4.0,B01,138Â 209Â 604,1.0
1009813,201900051344,2,20,14:00,1,2,1,1.0,4.0,45235,RUE DES CHATAIGNIERS,M,"47,9509800","1,8430800",45,2019,70.0,1.0,1.0,4.0,2258173,1.0,1,1,1,0.0,,0.0,0,1975.0,C01,138Â 209Â 603,1.0,0.0,-1.0,1723673,1.0,10,,0.0,2.0,1.0,A01,138Â 209Â 605,1.0
1009813,201900051344,2,20,14:00,1,2,1,1.0,4.0,45235,RUE DES CHATAIGNIERS,M,"47,9509800","1,8430800",45,2019,70.0,1.0,1.0,4.0,2258174,1.0,1,4,2,0.0,,0.0,0,1988.0,B01,138Â 209Â 604,1.0,0.0,-1.0,1723671,1.0,7,,0.0,2.0,4.0,C01,138Â 209Â 603,1.0
1009813,201900051344,2,20,14:00,1,2,1,1.0,4.0,45235,RUE DES CHATAIGNIERS,M,"47,9509800","1,8430800",45,2019,70.0,1.0,1.0,4.0,2258174,1.0,1,4,2,0.0,,0.0,0,1988.0,B01,138Â 209Â 604,1.0,0.0,-1.0,1723672,1.0,7,,0.0,2.0,4.0,B01,138Â 209Â 604,1.0
1009813,201900051344,2,20,14:00,1,2,1,1.0,4.0,45235,RUE DES CHATAIGNIERS,M,"47,9509800","1,8430800",45,2019,70.0,1.0,1.0,4.0,2258174,1.0,1,4,2,0.0,,0.0,0,1988.0,B01,138Â 209Â 604,1.0,0.0,-1.0,1723673,1.0,10,,0.0,2.0,1.0,A01,138Â 209Â 605,1.0
1009813,201900051344,2,20,14:00,1,2,1,1.0,4.0,45235,RUE DES CHATAIGNIERS,M,"47,9509800","1,8430800",45,2019,70.0,1.0,1.0,4.0,2258175,1.0,1,1,1,4.0,,-1.0, -1,1991.0,A01,138Â 209Â 605,1.0,0.0,-1.0,1723671,1.0,7,,0.0,2.0,4.0,C01,138Â 209Â 603,1.0
1009813,201900051344,2,20,14:00,1,2,1,1.0,4.0,45235,RUE DES CHATAIGNIERS,M,"47,9509800","1,8430800",45,2019,70.0,1.0,1.0,4.0,2258175,1.0,1,1,1,4.0,,-1.0, -1,1991.0,A01,138Â 209Â 605,1.0,0.0,-1.0,1723672,1.0,7,,0.0,2.0,4.0,B01,138Â 209Â 604,1.0
1009813,201900051344,2,20,14:00,1,2,1,1.0,4.0,45235,RUE DES CHATAIGNIERS,M,"47,9509800","1,8430800",45,2019,70.0,1.0,1.0,4.0,2258175,1.0,1,1,1,4.0,,-1.0, -1,1991.0,A01,138Â 209Â 605,1.0,0.0,-1.0,1723673,1.0,10,,0.0,2.0,1.0,A01,138Â 209Â 605,1.0
1009814,201900051345,2,16,23:30,5,2,2,1.0,6.0,42207,VARIZELLE ROUTE DE LA,M,"45,4644240","4,4919410",42,2019,50.0,1.0,1.0,3.0,2258176,2.0,2,3,2,0.0,,0.0,0,1954.0,B01,138Â 209Â 602,1.0,0.0,-1.0,1723674,2.0,7,,0.0,2.0,3.0,B01,138Â 209Â 602,1.0
1009814,201900051345,2,16,23:30,5,2,2,1.0,6.0,42207,VARIZELLE ROUTE DE LA,M,"45,4644240","4,4919410",42,2019,50.0,1.0,1.0,3.0,2258177,1.0,1,3,1,5.0,,0.0,0,1959.0,B01,138Â 209Â 602,1.0,8.0,-1.0,1723674,2.0,7,,0.0,2.0,3.0,B01,138Â 209Â 602,1.0
1009815,201900051346,2,20,18:54,5,2,3,1.0,4.0,37261,BERGONIE (RUE DOCTEUR),M,"47,3785652","0,7107485",37,2019,30.0,1.0,1.0,4.0,2258178,1.0,1,4,2,0.0,,-1.0,0,1994.0,B01,138Â 209Â 599,1.0,8.0,-1.0,1723675,1.0,7,,0.0,2.0,4.0,B01,138Â 209Â 599,1.0
1009815,201900051346,2,20,18:54,5,2,3,1.0,4.0,37261,BERGONIE (RUE DOCTEUR),M,"47,3785652","0,7107485",37,2019,30.0,1.0,1.0,4.0,2258178,1.0,1,4,2,0.0,,-1.0,0,1994.0,B01,138Â 209Â 599,1.0,8.0,-1.0,1723676,1.0,7,,0.0,2.0,1.0,A01,138Â 209Â 600,1.0
1009815,201900051346,2,20,18:54,5,2,3,1.0,4.0,37261,BERGONIE (RUE DOCTEUR),M,"47,3785652","0,7107485",37,2019,30.0,1.0,1.0,4.0,2258178,1.0,1,4,2,0.0,,-1.0,0,1994.0,B01,138Â 209Â 599,1.0,8.0,-1.0,1723677,1.0,7,,0.0,2.0,4.0,C01,138Â 209Â 601,1.0
1009815,201900051346,2,20,18:54,5,2,3,1.0,4.0,37261,BERGONIE (RUE DOCTEUR),M,"47,3785652","0,7107485",37,2019,30.0,1.0,1.0,4.0,2258179,2.0,2,1,2,9.0,,-1.0,0,1996.0,A01,138Â 209Â 600,1.0,8.0,-1.0,1723675,1.0,7,,0.0,2.0,4.0,B01,138Â 209Â 599,1.0
1009815,201900051346,2,20,18:54,5,2,3,1.0,4.0,37261,BERGONIE (RUE DOCTEUR),M,"47,3785652","0,7107485",37,2019,30.0,1.0,1.0,4.0,2258179,2.0,2,1,2,9.0,,-1.0,0,1996.0,A01,138Â 209Â 600,1.0,8.0,-1.0,1723676,1.0,7,,0.0,2.0,1.0,A01,138Â 209Â 600,1.0
1009815,201900051346,2,20,18:54,5,2,3,1.0,4.0,37261,BERGONIE (RUE DOCTEUR),M,"47,3785652","0,7107485",37,2019,30.0,1.0,1.0,4.0,2258179,2.0,2,1,2,9.0,,-1.0,0,1996.0,A01,138Â 209Â 600,1.0,8.0,-1.0,1723677,1.0,7,,0.0,2.0,4.0,C01,138Â 209Â 601,1.0
1009815,201900051346,2,20,18:54,5,2,3,1.0,4.0,37261,BERGONIE (RUE DOCTEUR),M,"47,3785652","0,7107485",37,2019,30.0,1.0,1.0,4.0,2258180,1.0,1,1,2,5.0,,-1.0,0,1987.0,A01,138Â 209Â 600,1.0,8.0,-1.0,1723675,1.0,7,,0.0,2.0,4.0,B01,138Â 209Â 599,1.0
1009815,201900051346,2,20,18:54,5,2,3,1.0,4.0,37261,BERGONIE (RUE DOCTEUR),M,"47,3785652","0,7107485",37,2019,30.0,1.0,1.0,4.0,2258180,1.0,1,1,2,5.0,,-1.0,0,1987.0,A01,138Â 209Â 600,1.0,8.0,-1.0,1723676,1.0,7,,0.0,2.0,1.0,A01,138Â 209Â 600,1.0
1009815,201900051346,2,20,18:54,5,2,3,1.0,4.0,37261,BERGONIE (RUE DOCTEUR),M,"47,3785652","0,7107485",37,2019,30.0,1.0,1.0,4.0,2258180,1.0,1,1,2,5.0,,-1.0,0,1987.0,A01,138Â 209Â 600,1.0,8.0,-1.0,1723677,1.0,7,,0.0,2.0,4.0,C01,138Â 209Â 601,1.0
1009815,201900051346,2,20,18:54,5,2,3,1.0,4.0,37261,BERGONIE (RUE DOCTEUR),M,"47,3785652","0,7107485",37,2019,30.0,1.0,1.0,4.0,2258181,4.0,2,4,2,0.0,,-1.0,0,1963.0,A01,138Â 209Â 600,1.0,8.0,-1.0,1723675,1.0,7,,0.0,2.0,4.0,B01,138Â 209Â 599,1.0
1009815,201900051346,2,20,18:54,5,2,3,1.0,4.0,37261,BERGONIE (RUE DOCTEUR),M,"47,3785652","0,7107485",37,2019,30.0,1.0,1.0,4.0,2258181,4.0,2,4,2,0.0,,-1.0,0,1963.0,A01,138Â 209Â 600,1.0,8.0,-1.0,1723676,1.0,7,,0.0,2.0,1.0,A01,138Â 209Â 600,1.0
1009815,201900051346,2,20,18:54,5,2,3,1.0,4.0,37261,BERGONIE (RUE DOCTEUR),M,"47,3785652","0,7107485",37,2019,30.0,1.0,1.0,4.0,2258181,4.0,2,4,2,0.0,,-1.0,0,1963.0,A01,138Â 209Â 600,1.0,8.0,-1.0,1723677,1.0,7,,0.0,2.0,4.0,C01,138Â 209Â 601,1.0
1009815,201900051346,2,20,18:54,5,2,3,1.0,4.0,37261,BERGONIE (RUE DOCTEUR),M,"47,3785652","0,7107485",37,2019,30.0,1.0,1.0,4.0,2258182,2.0,2,1,2,0.0,,-1.0,0,1981.0,C01,138Â 209Â 601,1.0,8.0,-1.0,1723675,1.0,7,,0.0,2.0,4.0,B01,138Â 209Â 599,1.0
1009815,201900051346,2,20,18:54,5,2,3,1.0,4.0,37261,BERGONIE (RUE DOCTEUR),M,"47,3785652","0,7107485",37,2019,30.0,1.0,1.0,4.0,2258182,2.0,2,1,2,0.0,,-1.0,0,1981.0,C01,138Â 209Â 601,1.0,8.0,-1.0,1723676,1.0,7,,0.0,2.0,1.0,A01,138Â 209Â 600,1.0
1009815,201900051346,2,20,18:54,5,2,3,1.0,4.0,37261,BERGONIE (RUE DOCTEUR),M,"47,3785652","0,7107485",37,2019,30.0,1.0,1.0,4.0,2258182,2.0,2,1,2,0.0,,-1.0,0,1981.0,C01,138Â 209Â 601,1.0,8.0,-1.0,1723677,1.0,7,,0.0,2.0,4.0,C01,138Â 209Â 601,1.0
1009815,201900051346,2,20,18:54,5,2,3,1.0,4.0,37261,BERGONIE (RUE DOCTEUR),M,"47,3785652","0,7107485",37,2019,30.0,1.0,1.0,4.0,2258183,1.0,1,1,1,0.0,,-1.0,0,1979.0,C01,138Â 209Â 601,1.0,8.0,-1.0,1723675,1.0,7,,0.0,2.0,4.0,B01,138Â 209Â 599,1.0
1009815,201900051346,2,20,18:54,5,2,3,1.0,4.0,37261,BERGONIE (RUE DOCTEUR),M,"47,3785652","0,7107485",37,2019,30.0,1.0,1.0,4.0,2258183,1.0,1,1,1,0.0,,-1.0,0,1979.0,C01,138Â 209Â 601,1.0,8.0,-1.0,1723676,1.0,7,,0.0,2.0,1.0,A01,138Â 209Â 600,1.0
1009815,201900051346,2,20,18:54,5,2,3,1.0,4.0,37261,BERGONIE (RUE DOCTEUR),M,"47,3785652","0,7107485",37,2019,30.0,1.0,1.0,4.0,2258183,1.0,1,1,1,0.0,,-1.0,0,1979.0,C01,138Â 209Â 601,1.0,8.0,-1.0,1723677,1.0,7,,0.0,2.0,4.0,C01,138Â 209Â 601,1.0
1009816,201900051347,2,20,17:54,1,2,3,1.0,3.0,37233,ERIDENCE (RUE DE L'),M,"47,3949086","0,7221094",37,2019,30.0,1.0,1.0,4.0,2258184,1.0,1,4,1,0.0,,0.0,0,1979.0,B01,138Â 209Â 597,8.0,0.0,-1.0,1723678,1.0,1,,0.0,2.0,7.0,B01,138Â 209Â 597,5.0
1009816,201900051347,2,20,17:54,1,2,3,1.0,3.0,37233,ERIDENCE (RUE DE L'),M,"47,3949086","0,7221094",37,2019,30.0,1.0,1.0,4.0,2258184,1.0,1,4,1,0.0,,0.0,0,1979.0,B01,138Â 209Â 597,8.0,0.0,-1.0,1723679,1.0,7,,0.0,1.0,1.0,X01,138Â 209Â 598,0.0
1009817,201900051348,2,20,13:18,1,2,1,1.0,6.0,37122,GAMARD (RUE),M,"47,3492480","0,6631949",37,2019,50.0,1.0,1.0,4.0,2258185,1.0,1,1,1,5.0,,-1.0,0,1963.0,A01,138Â 209Â 596,1.0,0.0,-1.0,1723680,1.0,7,,0.0,1.0,4.0,A01,138Â 209Â 596,1.0
1009817,201900051348,2,20,13:18,1,2,1,1.0,6.0,37122,GAMARD (RUE),M,"47,3492480","0,6631949",37,2019,50.0,1.0,1.0,4.0,2258186,10.0,3,4,2,0.0,,2.0,3,1961.0,A01,138Â 209Â 596,0.0,0.0,-1.0,1723680,1.0,7,,0.0,1.0,4.0,A01,138Â 209Â 596,1.0
1009818,201900051349,2,19,08:15,1,2,1,8.0,3.0,37122,RENAN (RUE ERNEST),M,"47,3522300","0,6725400",37,2019,50.0,1.0,2.0,4.0,2258187,1.0,1,4,2,1.0,,-1.0,0,1967.0,B01,138Â 209Â 594,1.0,8.0,-1.0,1723681,3.0,7,,0.0,2.0,1.0,B01,138Â 209Â 594,1.0
1009818,201900051349,2,19,08:15,1,2,1,8.0,3.0,37122,RENAN (RUE ERNEST),M,"47,3522300","0,6725400",37,2019,50.0,1.0,2.0,4.0,2258187,1.0,1,4,2,1.0,,-1.0,0,1967.0,B01,138Â 209Â 594,1.0,8.0,-1.0,1723682,3.0,7,,0.0,2.0,7.0,A01,138Â 209Â 595,0.0
1009818,201900051349,2,19,08:15,1,2,1,8.0,3.0,37122,RENAN (RUE ERNEST),M,"47,3522300","0,6725400",37,2019,50.0,1.0,2.0,4.0,2258188,1.0,1,1,2,1.0,,-1.0,0,1994.0,A01,138Â 209Â 595,1.0,8.0,-1.0,1723681,3.0,7,,0.0,2.0,1.0,B01,138Â 209Â 594,1.0
1009818,201900051349,2,19,08:15,1,2,1,8.0,3.0,37122,RENAN (RUE ERNEST),M,"47,3522300","0,6725400",37,2019,50.0,1.0,2.0,4.0,2258188,1.0,1,1,2,1.0,,-1.0,0,1994.0,A01,138Â 209Â 595,1.0,8.0,-1.0,1723682,3.0,7,,0.0,2.0,7.0,A01,138Â 209Â 595,0.0
1009819,201900051350,2,20,18:10,2,2,1,1.0,3.0,34172,GAMBETTA (COURS),M,"43,6061700","3,8727300",34,2019,50.0,1.0,1.0,4.0,2258189,1.0,1,4,2,5.0,,-1.0,0,2004.0,B01,138Â 209Â 592,8.0,0.0,-1.0,1723683,2.0,1,,0.0,2.0,1.0,B01,138Â 209Â 592,0.0
1009819,201900051350,2,20,18:10,2,2,1,1.0,3.0,34172,GAMBETTA (COURS),M,"43,6061700","3,8727300",34,2019,50.0,1.0,1.0,4.0,2258189,1.0,1,4,2,5.0,,-1.0,0,2004.0,B01,138Â 209Â 592,8.0,0.0,-1.0,1723684,2.0,7,,0.0,6.0,2.0,A01,138Â 209Â 593,1.0
1009819,201900051350,2,20,18:10,2,2,1,1.0,3.0,34172,GAMBETTA (COURS),M,"43,6061700","3,8727300",34,2019,50.0,1.0,1.0,4.0,2258190,1.0,1,1,2,5.0,,-1.0,0,1995.0,A01,138Â 209Â 593,1.0,0.0,-1.0,1723683,2.0,1,,0.0,2.0,1.0,B01,138Â 209Â 592,0.0
1009819,201900051350,2,20,18:10,2,2,1,1.0,3.0,34172,GAMBETTA (COURS),M,"43,6061700","3,8727300",34,2019,50.0,1.0,1.0,4.0,2258190,1.0,1,1,2,5.0,,-1.0,0,1995.0,A01,138Â 209Â 593,1.0,0.0,-1.0,1723684,2.0,7,,0.0,6.0,2.0,A01,138Â 209Â 593,1.0
1009820,201900051351,2,20,07:50,1,2,3,1.0,3.0,34172,MONTPELLIERET (RUE),M,"43,6111600","3,8800000",34,2019,50.0,1.0,1.0,4.0,2258191,2.0,1,4,1,2.0,,-1.0,0,1999.0,B01,138Â 209Â 590,8.0,0.0,-1.0,1723685,1.0,1,,0.0,2.0,0.0,B01,138Â 209Â 590,0.0
1009820,201900051351,2,20,07:50,1,2,3,1.0,3.0,34172,MONTPELLIERET (RUE),M,"43,6111600","3,8800000",34,2019,50.0,1.0,1.0,4.0,2258191,2.0,1,4,1,2.0,,-1.0,0,1999.0,B01,138Â 209Â 590,8.0,0.0,-1.0,1723686,1.0,7,,0.0,6.0,3.0,A01,138Â 209Â 591,1.0
1009820,201900051351,2,20,07:50,1,2,3,1.0,3.0,34172,MONTPELLIERET (RUE),M,"43,6111600","3,8800000",34,2019,50.0,1.0,1.0,4.0,2258192,1.0,1,1,1,1.0,,-1.0,0,1977.0,A01,138Â 209Â 591,1.0,0.0,-1.0,1723685,1.0,1,,0.0,2.0,0.0,B01,138Â 209Â 590,0.0
1009820,201900051351,2,20,07:50,1,2,3,1.0,3.0,34172,MONTPELLIERET (RUE),M,"43,6111600","3,8800000",34,2019,50.0,1.0,1.0,4.0,2258192,1.0,1,1,1,1.0,,-1.0,0,1977.0,A01,138Â 209Â 591,1.0,0.0,-1.0,1723686,1.0,7,,0.0,6.0,3.0,A01,138Â 209Â 591,1.0
1009821,201900051352,2,13,08:30,1,2,4,1.0,6.0,33063,PAUL (RUE SAINT VINCENT DE),M,"44,8274400"," -0,5584200",33,2019,50.0,1.0,1.0,4.0,2258193,1.0,1,1,1,0.0,,-1.0, -1,1968.0,A01,138Â 209Â 589,8.0,0.0,-1.0,1723687,1.0,14,,0.0,1.0,1.0,A01,138Â 209Â 589,1.0
1009821,201900051352,2,13,08:30,1,2,4,1.0,6.0,33063,PAUL (RUE SAINT VINCENT DE),M,"44,8274400"," -0,5584200",33,2019,50.0,1.0,1.0,4.0,2258194,10.0,3,3,2,0.0,,9.0,3,1949.0,A01,138Â 209Â 589,8.0,0.0,-1.0,1723687,1.0,14,,0.0,1.0,1.0,A01,138Â 209Â 589,1.0
1009822,201900051353,2,17,15:15,1,2,2,1.0,3.0,33063,RUE LAGRANGE,M,"44,8509700"," -0,5828900",33,2019,50.0,1.0,1.0,4.0,2258195,1.0,1,4,1,5.0,,-1.0, -1,1984.0,A01,138Â 209Â 587,2.0,0.0,-1.0,1723688,1.0,33,,0.0,2.0,7.0,A01,138Â 209Â 587,1.0
1009822,201900051353,2,17,15:15,1,2,2,1.0,3.0,33063,RUE LAGRANGE,M,"44,8509700"," -0,5828900",33,2019,50.0,1.0,1.0,4.0,2258195,1.0,1,4,1,5.0,,-1.0, -1,1984.0,A01,138Â 209Â 587,2.0,0.0,-1.0,1723689,1.0,7,,0.0,2.0,1.0,B01,138Â 209Â 588,1.0
1009822,201900051353,2,17,15:15,1,2,2,1.0,3.0,33063,RUE LAGRANGE,M,"44,8509700"," -0,5828900",33,2019,50.0,1.0,1.0,4.0,2258196,1.0,1,1,2,9.0,,-1.0, -1,1981.0,B01,138Â 209Â 588,0.0,0.0,-1.0,1723688,1.0,33,,0.0,2.0,7.0,A01,138Â 209Â 587,1.0
1009822,201900051353,2,17,15:15,1,2,2,1.0,3.0,33063,RUE LAGRANGE,M,"44,8509700"," -0,5828900",33,2019,50.0,1.0,1.0,4.0,2258196,1.0,1,1,2,9.0,,-1.0, -1,1981.0,B01,138Â 209Â 588,0.0,0.0,-1.0,1723689,1.0,7,,0.0,2.0,1.0,B01,138Â 209Â 588,1.0
1009823,201900051354,2,18,14:24,1,2,1,1.0,2.0,33009,CHAPELLE (ALL.) DU 01 ET +,M,"44,6620000"," -1,1812400",33,2019,50.0,1.0,1.0,3.0,2258197,1.0,1,4,2,4.0,,0.0,0,1968.0,B01,138Â 209Â 585,2.0,4.0,-1.0,1723690,2.0,80,,0.0,2.0,1.0,B01,138Â 209Â 585,3.0
1009823,201900051354,2,18,14:24,1,2,1,1.0,2.0,33009,CHAPELLE (ALL.) DU 01 ET +,M,"44,6620000"," -1,1812400",33,2019,50.0,1.0,1.0,3.0,2258197,1.0,1,4,2,4.0,,0.0,0,1968.0,B01,138Â 209Â 585,2.0,4.0,-1.0,1723691,1.0,10,,0.0,2.0,6.0,A01,138Â 209Â 586,1.0
1009823,201900051354,2,18,14:24,1,2,1,1.0,2.0,33009,CHAPELLE (ALL.) DU 01 ET +,M,"44,6620000"," -1,1812400",33,2019,50.0,1.0,1.0,3.0,2258198,1.0,1,1,1,4.0,,-1.0, -1,1967.0,A01,138Â 209Â 586,1.0,0.0,-1.0,1723690,2.0,80,,0.0,2.0,1.0,B01,138Â 209Â 585,3.0
1009823,201900051354,2,18,14:24,1,2,1,1.0,2.0,33009,CHAPELLE (ALL.) DU 01 ET +,M,"44,6620000"," -1,1812400",33,2019,50.0,1.0,1.0,3.0,2258198,1.0,1,1,1,4.0,,-1.0, -1,1967.0,A01,138Â 209Â 586,1.0,0.0,-1.0,1723691,1.0,10,,0.0,2.0,6.0,A01,138Â 209Â 586,1.0
1009824,201900051355,2,20,13:40,1,1,1,1.0,4.0,31555,VA008482 A624,M,"43,6055000","1,3959200",31,2019,90.0,1.0,1.0,1.0,2258199,1.0,1,1,1,9.0,,-1.0,0,1982.0,A01,138Â 209Â 582,1.0,8.0,-1.0,1723692,1.0,7,,0.0,2.0,4.0,A01,138Â 209Â 582,1.0
1009824,201900051355,2,20,13:40,1,1,1,1.0,4.0,31555,VA008482 A624,M,"43,6055000","1,3959200",31,2019,90.0,1.0,1.0,1.0,2258199,1.0,1,1,1,9.0,,-1.0,0,1982.0,A01,138Â 209Â 582,1.0,8.0,-1.0,1723693,2.0,7,,0.0,2.0,1.0,C01,138Â 209Â 583,1.0
1009824,201900051355,2,20,13:40,1,1,1,1.0,4.0,31555,VA008482 A624,M,"43,6055000","1,3959200",31,2019,90.0,1.0,1.0,1.0,2258199,1.0,1,1,1,9.0,,-1.0,0,1982.0,A01,138Â 209Â 582,1.0,8.0,-1.0,1723694,2.0,7,,0.0,2.0,1.0,B01,138Â 209Â 584,1.0
1009824,201900051355,2,20,13:40,1,1,1,1.0,4.0,31555,VA008482 A624,M,"43,6055000","1,3959200",31,2019,90.0,1.0,1.0,1.0,2258200,1.0,1,1,1,9.0,,-1.0,0,1979.0,C01,138Â 209Â 583,1.0,8.0,-1.0,1723692,1.0,7,,0.0,2.0,4.0,A01,138Â 209Â 582,1.0
1009824,201900051355,2,20,13:40,1,1,1,1.0,4.0,31555,VA008482 A624,M,"43,6055000","1,3959200",31,2019,90.0,1.0,1.0,1.0,2258200,1.0,1,1,1,9.0,,-1.0,0,1979.0,C01,138Â 209Â 583,1.0,8.0,-1.0,1723693,2.0,7,,0.0,2.0,1.0,C01,138Â 209Â 583,1.0
1009824,201900051355,2,20,13:40,1,1,1,1.0,4.0,31555,VA008482 A624,M,"43,6055000","1,3959200",31,2019,90.0,1.0,1.0,1.0,2258200,1.0,1,1,1,9.0,,-1.0,0,1979.0,C01,138Â 209Â 583,1.0,8.0,-1.0,1723694,2.0,7,,0.0,2.0,1.0,B01,138Â 209Â 584,1.0
1009824,201900051355,2,20,13:40,1,1,1,1.0,4.0,31555,VA008482 A624,M,"43,6055000","1,3959200",31,2019,90.0,1.0,1.0,1.0,2258201,1.0,1,4,2,9.0,,-1.0,0,1983.0,B01,138Â 209Â 584,1.0,8.0,-1.0,1723692,1.0,7,,0.0,2.0,4.0,A01,138Â 209Â 582,1.0
1009824,201900051355,2,20,13:40,1,1,1,1.0,4.0,31555,VA008482 A624,M,"43,6055000","1,3959200",31,2019,90.0,1.0,1.0,1.0,2258201,1.0,1,4,2,9.0,,-1.0,0,1983.0,B01,138Â 209Â 584,1.0,8.0,-1.0,1723693,2.0,7,,0.0,2.0,1.0,C01,138Â 209Â 583,1.0
1009824,201900051355,2,20,13:40,1,1,1,1.0,4.0,31555,VA008482 A624,M,"43,6055000","1,3959200",31,2019,90.0,1.0,1.0,1.0,2258201,1.0,1,4,2,9.0,,-1.0,0,1983.0,B01,138Â 209Â 584,1.0,8.0,-1.0,1723694,2.0,7,,0.0,2.0,1.0,B01,138Â 209Â 584,1.0