Unnamed: 0_x,num_acc,mois,jour,hrmn,lum,agg,int,atm,col,com,adr,gps,lat,long,dep,annee,vma,situ,surf,catr,Unnamed: 0_y,place,catu,grav,sexe,trajet,secu,locp,actp,an_nais,num_veh_x,id_vehicule_x,secu1,secu2,secu3,Unnamed: 0,senc,catv,occutc,obs,obsm,choc,num_veh_y,id_vehicule_y,motor
1009825,201900051356,2,19,15:30,1,2,1,1.0,6.0,31555,NARBONNE (ROUTE DE),M,"43,5693100","1,4560400",31,2019,50.0,1.0,1.0,3.0,2258202,10.0,3,4,2,5.0,,4.0,3,1964.0,A01,138Â 209Â 581,8.0,0.0,-1.0,1723695,3.0,7,,0.0,1.0,3.0,A01,138Â 209Â 581,1.0
1009825,201900051356,2,19,15:30,1,2,1,1.0,6.0,31555,NARBONNE (ROUTE DE),M,"43,5693100","1,4560400",31,2019,50.0,1.0,1.0,3.0,2258203,1.0,1,1,2,9.0,,-1.0,0,1972.0,A01,138Â 209Â 581,1.0,8.0,-1.0,1723695,3.0,7,,0.0,1.0,3.0,A01,138Â 209Â 581,1.0
1009826,201900051357,2,20,06:30,5,1,1,1.0,7.0,31555,VA007331 A620,M,"43,5851200","1,4028700",31,2019,90.0,1.0,1.0,1.0,2258204,1.0,1,4,1,9.0,,-1.0,0,1993.0,A01,138Â 209Â 580,1.0,0.0,-1.0,1723696,1.0,7,,0.0,0.0,9.0,A01,138Â 209Â 580,1.0
1009827,201900051358,2,19,22:00,5,2,1,1.0,3.0,31555,AV DES ETATS UNIS,M,"43,6588500","1,4190600",31,2019,50.0,1.0,1.0,3.0,2258205,1.0,1,4,1,1.0,,-1.0,0,1964.0,B01,138Â 209Â 578,2.0,0.0,-1.0,1723697,1.0,43,,0.0,2.0,7.0,B01,138Â 209Â 578,1.0
1009827,201900051358,2,19,22:00,5,2,1,1.0,3.0,31555,AV DES ETATS UNIS,M,"43,6588500","1,4190600",31,2019,50.0,1.0,1.0,3.0,2258205,1.0,1,4,1,1.0,,-1.0,0,1964.0,B01,138Â 209Â 578,2.0,0.0,-1.0,1723698,2.0,7,,0.0,2.0,0.0,Z01,138Â 209Â 579,0.0
1009828,201900051359,2,19,08:55,1,1,1,1.0,4.0,31555,VA007306 A64,M,"43,5632500","1,4180700",31,2019,90.0,1.0,1.0,1.0,2258206,1.0,1,4,1,0.0,,-1.0,0,1983.0,A01,138Â 209Â 575,1.0,0.0,-1.0,1723699,1.0,7,,0.0,2.0,1.0,A01,138Â 209Â 575,1.0
1009828,201900051359,2,19,08:55,1,1,1,1.0,4.0,31555,VA007306 A64,M,"43,5632500","1,4180700",31,2019,90.0,1.0,1.0,1.0,2258206,1.0,1,4,1,0.0,,-1.0,0,1983.0,A01,138Â 209Â 575,1.0,0.0,-1.0,1723700,1.0,7,,0.0,2.0,4.0,C01,138Â 209Â 576,1.0
1009828,201900051359,2,19,08:55,1,1,1,1.0,4.0,31555,VA007306 A64,M,"43,5632500","1,4180700",31,2019,90.0,1.0,1.0,1.0,2258206,1.0,1,4,1,0.0,,-1.0,0,1983.0,A01,138Â 209Â 575,1.0,0.0,-1.0,1723701,1.0,7,,0.0,2.0,9.0,B01,138Â 209Â 577,1.0
1009828,201900051359,2,19,08:55,1,1,1,1.0,4.0,31555,VA007306 A64,M,"43,5632500","1,4180700",31,2019,90.0,1.0,1.0,1.0,2258207,1.0,1,1,2,9.0,,-1.0,0,1965.0,C01,138Â 209Â 576,1.0,0.0,-1.0,1723699,1.0,7,,0.0,2.0,1.0,A01,138Â 209Â 575,1.0
1009828,201900051359,2,19,08:55,1,1,1,1.0,4.0,31555,VA007306 A64,M,"43,5632500","1,4180700",31,2019,90.0,1.0,1.0,1.0,2258207,1.0,1,1,2,9.0,,-1.0,0,1965.0,C01,138Â 209Â 576,1.0,0.0,-1.0,1723700,1.0,7,,0.0,2.0,4.0,C01,138Â 209Â 576,1.0
1009828,201900051359,2,19,08:55,1,1,1,1.0,4.0,31555,VA007306 A64,M,"43,5632500","1,4180700",31,2019,90.0,1.0,1.0,1.0,2258207,1.0,1,1,2,9.0,,-1.0,0,1965.0,C01,138Â 209Â 576,1.0,0.0,-1.0,1723701,1.0,7,,0.0,2.0,9.0,B01,138Â 209Â 577,1.0
1009828,201900051359,2,19,08:55,1,1,1,1.0,4.0,31555,VA007306 A64,M,"43,5632500","1,4180700",31,2019,90.0,1.0,1.0,1.0,2258208,1.0,1,4,2,0.0,,-1.0,0,1993.0,B01,138Â 209Â 577,1.0,0.0,-1.0,1723699,1.0,7,,0.0,2.0,1.0,A01,138Â 209Â 575,1.0
1009828,201900051359,2,19,08:55,1,1,1,1.0,4.0,31555,VA007306 A64,M,"43,5632500","1,4180700",31,2019,90.0,1.0,1.0,1.0,2258208,1.0,1,4,2,0.0,,-1.0,0,1993.0,B01,138Â 209Â 577,1.0,0.0,-1.0,1723700,1.0,7,,0.0,2.0,4.0,C01,138Â 209Â 576,1.0
1009828,201900051359,2,19,08:55,1,1,1,1.0,4.0,31555,VA007306 A64,M,"43,5632500","1,4180700",31,2019,90.0,1.0,1.0,1.0,2258208,1.0,1,4,2,0.0,,-1.0,0,1993.0,B01,138Â 209Â 577,1.0,0.0,-1.0,1723701,1.0,7,,0.0,2.0,9.0,B01,138Â 209Â 577,1.0
1009829,201900051360,2,17,20:00,5,2,1,1.0,3.0,13106,8 MAI 1945 (AVENUE DU),M,"43,4065200","5,3712300",13,2019,50.0,1.0,1.0,3.0,2258209,1.0,1,4,1,5.0,,-1.0, -1,1982.0,A01,138Â 209Â 571,1.0,8.0,-1.0,1723702,0.0,10,,0.0,2.0,7.0,Z01,138Â 209Â 570,0.0
1009829,201900051360,2,17,20:00,5,2,1,1.0,3.0,13106,8 MAI 1945 (AVENUE DU),M,"43,4065200","5,3712300",13,2019,50.0,1.0,1.0,3.0,2258209,1.0,1,4,1,5.0,,-1.0, -1,1982.0,A01,138Â 209Â 571,1.0,8.0,-1.0,1723703,0.0,7,,0.0,2.0,3.0,A01,138Â 209Â 571,1.0
1009830,201900051361,2,19,17:37,2,1,1,1.0,3.0,13108,RD 99 ROUTE DE SAINT REMY,M,"43,7958500","4,6947400",13,2019,80.0,1.0,1.0,3.0,2258210,1.0,1,1,1,4.0,,-1.0, -1,1985.0,A01,138Â 209Â 568,1.0,0.0,-1.0,1723704,3.0,7,,0.0,2.0,8.0,A01,138Â 209Â 568,1.0
1009830,201900051361,2,19,17:37,2,1,1,1.0,3.0,13108,RD 99 ROUTE DE SAINT REMY,M,"43,7958500","4,6947400",13,2019,80.0,1.0,1.0,3.0,2258210,1.0,1,1,1,4.0,,-1.0, -1,1985.0,A01,138Â 209Â 568,1.0,0.0,-1.0,1723705,3.0,33,,0.0,2.0,1.0,B01,138Â 209Â 569,1.0
1009830,201900051361,2,19,17:37,2,1,1,1.0,3.0,13108,RD 99 ROUTE DE SAINT REMY,M,"43,7958500","4,6947400",13,2019,80.0,1.0,1.0,3.0,2258211,1.0,1,3,1,5.0,,-1.0, -1,1964.0,B01,138Â 209Â 569,2.0,6.0,-1.0,1723704,3.0,7,,0.0,2.0,8.0,A01,138Â 209Â 568,1.0
1009830,201900051361,2,19,17:37,2,1,1,1.0,3.0,13108,RD 99 ROUTE DE SAINT REMY,M,"43,7958500","4,6947400",13,2019,80.0,1.0,1.0,3.0,2258211,1.0,1,3,1,5.0,,-1.0, -1,1964.0,B01,138Â 209Â 569,2.0,6.0,-1.0,1723705,3.0,33,,0.0,2.0,1.0,B01,138Â 209Â 569,1.0
1009831,201900051362,2,19,19:46,5,2,1,1.0,5.0,13056,TURCAN FRANCIS,M,"43,4122500","5,0470600",13,2019,50.0,1.0,1.0,4.0,2258212,2.0,2,1,2,5.0,,-1.0, -1,1963.0,B01,138Â 209Â 565,1.0,0.0,-1.0,1723706,0.0,7,,0.0,2.0,3.0,B01,138Â 209Â 565,1.0
1009831,201900051362,2,19,19:46,5,2,1,1.0,5.0,13056,TURCAN FRANCIS,M,"43,4122500","5,0470600",13,2019,50.0,1.0,1.0,4.0,2258212,2.0,2,1,2,5.0,,-1.0, -1,1963.0,B01,138Â 209Â 565,1.0,0.0,-1.0,1723707,0.0,7,,0.0,2.0,3.0,C01,138Â 209Â 566,1.0
1009831,201900051362,2,19,19:46,5,2,1,1.0,5.0,13056,TURCAN FRANCIS,M,"43,4122500","5,0470600",13,2019,50.0,1.0,1.0,4.0,2258212,2.0,2,1,2,5.0,,-1.0, -1,1963.0,B01,138Â 209Â 565,1.0,0.0,-1.0,1723708,0.0,7,,0.0,2.0,1.0,A01,138Â 209Â 567,1.0
1009831,201900051362,2,19,19:46,5,2,1,1.0,5.0,13056,TURCAN FRANCIS,M,"43,4122500","5,0470600",13,2019,50.0,1.0,1.0,4.0,2258213,1.0,1,4,1,5.0,,-1.0, -1,1958.0,B01,138Â 209Â 565,1.0,0.0,-1.0,1723706,0.0,7,,0.0,2.0,3.0,B01,138Â 209Â 565,1.0
1009831,201900051362,2,19,19:46,5,2,1,1.0,5.0,13056,TURCAN FRANCIS,M,"43,4122500","5,0470600",13,2019,50.0,1.0,1.0,4.0,2258213,1.0,1,4,1,5.0,,-1.0, -1,1958.0,B01,138Â 209Â 565,1.0,0.0,-1.0,1723707,0.0,7,,0.0,2.0,3.0,C01,138Â 209Â 566,1.0
1009831,201900051362,2,19,19:46,5,2,1,1.0,5.0,13056,TURCAN FRANCIS,M,"43,4122500","5,0470600",13,2019,50.0,1.0,1.0,4.0,2258213,1.0,1,4,1,5.0,,-1.0, -1,1958.0,B01,138Â 209Â 565,1.0,0.0,-1.0,1723708,0.0,7,,0.0,2.0,1.0,A01,138Â 209Â 567,1.0
1009831,201900051362,2,19,19:46,5,2,1,1.0,5.0,13056,TURCAN FRANCIS,M,"43,4122500","5,0470600",13,2019,50.0,1.0,1.0,4.0,2258214,1.0,1,4,1,1.0,,-1.0, -1,1975.0,C01,138Â 209Â 566,1.0,0.0,-1.0,1723706,0.0,7,,0.0,2.0,3.0,B01,138Â 209Â 565,1.0
1009831,201900051362,2,19,19:46,5,2,1,1.0,5.0,13056,TURCAN FRANCIS,M,"43,4122500","5,0470600",13,2019,50.0,1.0,1.0,4.0,2258214,1.0,1,4,1,1.0,,-1.0, -1,1975.0,C01,138Â 209Â 566,1.0,0.0,-1.0,1723707,0.0,7,,0.0,2.0,3.0,C01,138Â 209Â 566,1.0
1009831,201900051362,2,19,19:46,5,2,1,1.0,5.0,13056,TURCAN FRANCIS,M,"43,4122500","5,0470600",13,2019,50.0,1.0,1.0,4.0,2258214,1.0,1,4,1,1.0,,-1.0, -1,1975.0,C01,138Â 209Â 566,1.0,0.0,-1.0,1723708,0.0,7,,0.0,2.0,1.0,A01,138Â 209Â 567,1.0
1009831,201900051362,2,19,19:46,5,2,1,1.0,5.0,13056,TURCAN FRANCIS,M,"43,4122500","5,0470600",13,2019,50.0,1.0,1.0,4.0,2258215,1.0,1,3,1,0.0,,-1.0, -1,1964.0,A01,138Â 209Â 567,1.0,0.0,-1.0,1723706,0.0,7,,0.0,2.0,3.0,B01,138Â 209Â 565,1.0
1009831,201900051362,2,19,19:46,5,2,1,1.0,5.0,13056,TURCAN FRANCIS,M,"43,4122500","5,0470600",13,2019,50.0,1.0,1.0,4.0,2258215,1.0,1,3,1,0.0,,-1.0, -1,1964.0,A01,138Â 209Â 567,1.0,0.0,-1.0,1723707,0.0,7,,0.0,2.0,3.0,C01,138Â 209Â 566,1.0
1009831,201900051362,2,19,19:46,5,2,1,1.0,5.0,13056,TURCAN FRANCIS,M,"43,4122500","5,0470600",13,2019,50.0,1.0,1.0,4.0,2258215,1.0,1,3,1,0.0,,-1.0, -1,1964.0,A01,138Â 209Â 567,1.0,0.0,-1.0,1723708,0.0,7,,0.0,2.0,1.0,A01,138Â 209Â 567,1.0
1009832,201900051363,2,19,11:30,1,2,1,1.0,6.0,13206,LODI (RUE DE),M,"43,2887700","5,3877900",13,2019,50.0,1.0,1.0,4.0,2258216,1.0,1,1,1,0.0,,-1.0, -1,1987.0,A01,138Â 209Â 564,1.0,8.0,-1.0,1723709,0.0,7,,0.0,1.0,4.0,A01,138Â 209Â 564,0.0
1009832,201900051363,2,19,11:30,1,2,1,1.0,6.0,13206,LODI (RUE DE),M,"43,2887700","5,3877900",13,2019,50.0,1.0,1.0,4.0,2258217,10.0,3,4,2,3.0,,8.0,2,1939.0,A01,138Â 209Â 564,8.0,0.0,-1.0,1723709,0.0,7,,0.0,1.0,4.0,A01,138Â 209Â 564,0.0
1009833,201900051364,2,20,13:35,1,1,1,1.0,6.0,13001,RN 296,M,"43,5413600","5,4323500",13,2019,90.0,1.0,1.0,2.0,2258218,1.0,1,4,1,0.0,,-1.0, -1,1944.0,A01,138Â 209Â 562,2.0,6.0,-1.0,1723710,3.0,32,,0.0,2.0,0.0,A01,138Â 209Â 562,1.0
1009833,201900051364,2,20,13:35,1,1,1,1.0,6.0,13001,RN 296,M,"43,5413600","5,4323500",13,2019,90.0,1.0,1.0,2.0,2258218,1.0,1,4,1,0.0,,-1.0, -1,1944.0,A01,138Â 209Â 562,2.0,6.0,-1.0,1723711,3.0,0,,0.0,0.0,0.0,Z01,138Â 209Â 563,0.0
1009834,201900051365,2,19,18:36,2,2,2,1.0,3.0,10387,JACQUIN (RUE),M,"48,3039900","4,0809200",10,2019,50.0,1.0,1.0,4.0,2258219,1.0,1,4,1,5.0,,-1.0, -1,2002.0,B01,138Â 209Â 560,8.0,0.0,-1.0,1723712,2.0,1,,0.0,2.0,1.0,B01,138Â 209Â 560,5.0
1009834,201900051365,2,19,18:36,2,2,2,1.0,3.0,10387,JACQUIN (RUE),M,"48,3039900","4,0809200",10,2019,50.0,1.0,1.0,4.0,2258219,1.0,1,4,1,5.0,,-1.0, -1,2002.0,B01,138Â 209Â 560,8.0,0.0,-1.0,1723713,1.0,7,,0.0,6.0,2.0,A01,138Â 209Â 561,1.0
1009834,201900051365,2,19,18:36,2,2,2,1.0,3.0,10387,JACQUIN (RUE),M,"48,3039900","4,0809200",10,2019,50.0,1.0,1.0,4.0,2258220,1.0,1,1,2,5.0,,-1.0, -1,1967.0,A01,138Â 209Â 561,1.0,8.0,-1.0,1723712,2.0,1,,0.0,2.0,1.0,B01,138Â 209Â 560,5.0
1009834,201900051365,2,19,18:36,2,2,2,1.0,3.0,10387,JACQUIN (RUE),M,"48,3039900","4,0809200",10,2019,50.0,1.0,1.0,4.0,2258220,1.0,1,1,2,5.0,,-1.0, -1,1967.0,A01,138Â 209Â 561,1.0,8.0,-1.0,1723713,1.0,7,,0.0,6.0,2.0,A01,138Â 209Â 561,1.0
1009835,201900051366,2,19,16:09,1,2,6,1.0,3.0,10333,ABBAYES (RUE DES),M,"48,2857500","4,0529300",10,2019,50.0,1.0,1.0,4.0,2258221,1.0,1,4,1,0.0,,-1.0, -1,1985.0,B01,138Â 209Â 558,2.0,6.0,-1.0,1723714,3.0,33,,0.0,2.0,7.0,B01,138Â 209Â 558,1.0
1009835,201900051366,2,19,16:09,1,2,6,1.0,3.0,10333,ABBAYES (RUE DES),M,"48,2857500","4,0529300",10,2019,50.0,1.0,1.0,4.0,2258221,1.0,1,4,1,0.0,,-1.0, -1,1985.0,B01,138Â 209Â 558,2.0,6.0,-1.0,1723715,3.0,7,,0.0,2.0,1.0,A01,138Â 209Â 559,1.0
1009835,201900051366,2,19,16:09,1,2,6,1.0,3.0,10333,ABBAYES (RUE DES),M,"48,2857500","4,0529300",10,2019,50.0,1.0,1.0,4.0,2258222,1.0,1,1,1,0.0,,-1.0, -1,1974.0,A01,138Â 209Â 559,1.0,8.0,-1.0,1723714,3.0,33,,0.0,2.0,7.0,B01,138Â 209Â 558,1.0
1009835,201900051366,2,19,16:09,1,2,6,1.0,3.0,10333,ABBAYES (RUE DES),M,"48,2857500","4,0529300",10,2019,50.0,1.0,1.0,4.0,2258222,1.0,1,1,1,0.0,,-1.0, -1,1974.0,A01,138Â 209Â 559,1.0,8.0,-1.0,1723715,3.0,7,,0.0,2.0,1.0,A01,138Â 209Â 559,1.0
1009836,201900051367,2,18,17:01,1,1,9,1.0,2.0,10362,RD 660,M,"48,3015800","4,0244700",10,2019,80.0,1.0,1.0,3.0,2258223,1.0,1,1,1,4.0,,-1.0, -1,1966.0,B01,138Â 209Â 556,1.0,8.0,-1.0,1723716,3.0,15,,0.0,2.0,1.0,B01,138Â 209Â 556,1.0
1009836,201900051367,2,18,17:01,1,1,9,1.0,2.0,10362,RD 660,M,"48,3015800","4,0244700",10,2019,80.0,1.0,1.0,3.0,2258223,1.0,1,1,1,4.0,,-1.0, -1,1966.0,B01,138Â 209Â 556,1.0,8.0,-1.0,1723717,3.0,7,,0.0,2.0,4.0,A01,138Â 209Â 557,1.0
1009836,201900051367,2,18,17:01,1,1,9,1.0,2.0,10362,RD 660,M,"48,3015800","4,0244700",10,2019,80.0,1.0,1.0,3.0,2258224,2.0,2,1,1,0.0,,-1.0, -1,1967.0,A01,138Â 209Â 557,1.0,8.0,-1.0,1723716,3.0,15,,0.0,2.0,1.0,B01,138Â 209Â 556,1.0
1009836,201900051367,2,18,17:01,1,1,9,1.0,2.0,10362,RD 660,M,"48,3015800","4,0244700",10,2019,80.0,1.0,1.0,3.0,2258224,2.0,2,1,1,0.0,,-1.0, -1,1967.0,A01,138Â 209Â 557,1.0,8.0,-1.0,1723717,3.0,7,,0.0,2.0,4.0,A01,138Â 209Â 557,1.0
1009836,201900051367,2,18,17:01,1,1,9,1.0,2.0,10362,RD 660,M,"48,3015800","4,0244700",10,2019,80.0,1.0,1.0,3.0,2258225,1.0,1,4,2,0.0,,-1.0, -1,1972.0,A01,138Â 209Â 557,1.0,8.0,-1.0,1723716,3.0,15,,0.0,2.0,1.0,B01,138Â 209Â 556,1.0
1009836,201900051367,2,18,17:01,1,1,9,1.0,2.0,10362,RD 660,M,"48,3015800","4,0244700",10,2019,80.0,1.0,1.0,3.0,2258225,1.0,1,4,2,0.0,,-1.0, -1,1972.0,A01,138Â 209Â 557,1.0,8.0,-1.0,1723717,3.0,7,,0.0,2.0,4.0,A01,138Â 209Â 557,1.0
1009837,201900051368,2,16,17:20,1,2,1,1.0,6.0,07102,SADI-CARNOT (AV.) [DU NÂ° AU NÂ°],M,"44,9246250","4,8679960",7,2019,50.0,1.0,1.0,4.0,2258226,10.0,3,3,1,5.0,,3.0,3,1944.0,A01,138Â 209Â 555,8.0,0.0,-1.0,1723718,1.0,7,,0.0,1.0,1.0,A01,138Â 209Â 555,1.0
1009837,201900051368,2,16,17:20,1,2,1,1.0,6.0,07102,SADI-CARNOT (AV.) [DU NÂ° AU NÂ°],M,"44,9246250","4,8679960",7,2019,50.0,1.0,1.0,4.0,2258227,1.0,1,1,2,5.0,,-1.0, -1,1982.0,A01,138Â 209Â 555,1.0,0.0,-1.0,1723718,1.0,7,,0.0,1.0,1.0,A01,138Â 209Â 555,1.0
1009838,201900051369,2,19,13:46,1,2,1,1.0,4.0,06027,ALPES AVENUE DES,M,"43,6614900","7,1331500",6,2019,50.0,1.0,1.0,7.0,2258228,1.0,1,4,1,0.0,,0.0,0,1972.0,B01,138Â 209Â 552,1.0,0.0,-1.0,1723719,3.0,7,,0.0,2.0,6.0,B01,138Â 209Â 552,1.0
1009838,201900051369,2,19,13:46,1,2,1,1.0,4.0,06027,ALPES AVENUE DES,M,"43,6614900","7,1331500",6,2019,50.0,1.0,1.0,7.0,2258228,1.0,1,4,1,0.0,,0.0,0,1972.0,B01,138Â 209Â 552,1.0,0.0,-1.0,1723720,3.0,7,,0.0,2.0,4.0,C01,138Â 209Â 553,1.0
1009838,201900051369,2,19,13:46,1,2,1,1.0,4.0,06027,ALPES AVENUE DES,M,"43,6614900","7,1331500",6,2019,50.0,1.0,1.0,7.0,2258228,1.0,1,4,1,0.0,,0.0,0,1972.0,B01,138Â 209Â 552,1.0,0.0,-1.0,1723721,3.0,7,,0.0,2.0,2.0,A01,138Â 209Â 554,1.0
1009838,201900051369,2,19,13:46,1,2,1,1.0,4.0,06027,ALPES AVENUE DES,M,"43,6614900","7,1331500",6,2019,50.0,1.0,1.0,7.0,2258229,1.0,1,1,1,5.0,,0.0,0,1951.0,C01,138Â 209Â 553,1.0,0.0,-1.0,1723719,3.0,7,,0.0,2.0,6.0,B01,138Â 209Â 552,1.0
1009838,201900051369,2,19,13:46,1,2,1,1.0,4.0,06027,ALPES AVENUE DES,M,"43,6614900","7,1331500",6,2019,50.0,1.0,1.0,7.0,2258229,1.0,1,1,1,5.0,,0.0,0,1951.0,C01,138Â 209Â 553,1.0,0.0,-1.0,1723720,3.0,7,,0.0,2.0,4.0,C01,138Â 209Â 553,1.0
1009838,201900051369,2,19,13:46,1,2,1,1.0,4.0,06027,ALPES AVENUE DES,M,"43,6614900","7,1331500",6,2019,50.0,1.0,1.0,7.0,2258229,1.0,1,1,1,5.0,,0.0,0,1951.0,C01,138Â 209Â 553,1.0,0.0,-1.0,1723721,3.0,7,,0.0,2.0,2.0,A01,138Â 209Â 554,1.0
1009838,201900051369,2,19,13:46,1,2,1,1.0,4.0,06027,ALPES AVENUE DES,M,"43,6614900","7,1331500",6,2019,50.0,1.0,1.0,7.0,2258230,1.0,1,1,1,1.0,,0.0,0,1971.0,A01,138Â 209Â 554,1.0,0.0,-1.0,1723719,3.0,7,,0.0,2.0,6.0,B01,138Â 209Â 552,1.0
1009838,201900051369,2,19,13:46,1,2,1,1.0,4.0,06027,ALPES AVENUE DES,M,"43,6614900","7,1331500",6,2019,50.0,1.0,1.0,7.0,2258230,1.0,1,1,1,1.0,,0.0,0,1971.0,A01,138Â 209Â 554,1.0,0.0,-1.0,1723720,3.0,7,,0.0,2.0,4.0,C01,138Â 209Â 553,1.0
1009838,201900051369,2,19,13:46,1,2,1,1.0,4.0,06027,ALPES AVENUE DES,M,"43,6614900","7,1331500",6,2019,50.0,1.0,1.0,7.0,2258230,1.0,1,1,1,1.0,,0.0,0,1971.0,A01,138Â 209Â 554,1.0,0.0,-1.0,1723721,3.0,7,,0.0,2.0,2.0,A01,138Â 209Â 554,1.0
1009839,201900051370,2,20,17:00,2,2,4,1.0,3.0,75112,ECHANGEUR BERCY,M,"48,8275850","2,3903190",75,2019,50.0,1.0,1.0,4.0,2258231,1.0,1,1,1,4.0,,0.0,0,1959.0,A01,138Â 209Â 549,1.0,0.0,-1.0,1723722,1.0,15,,0.0,2.0,2.0,A01,138Â 209Â 549,1.0
1009839,201900051370,2,20,17:00,2,2,4,1.0,3.0,75112,ECHANGEUR BERCY,M,"48,8275850","2,3903190",75,2019,50.0,1.0,1.0,4.0,2258231,1.0,1,1,1,4.0,,0.0,0,1959.0,A01,138Â 209Â 549,1.0,0.0,-1.0,1723723,1.0,33,,0.0,2.0,1.0,B01,138Â 209Â 550,1.0
1009839,201900051370,2,20,17:00,2,2,4,1.0,3.0,75112,ECHANGEUR BERCY,M,"48,8275850","2,3903190",75,2019,50.0,1.0,1.0,4.0,2258232,2.0,1,4,1,5.0,,0.0,0,1977.0,B01,138Â 209Â 550,2.0,6.0,-1.0,1723722,1.0,15,,0.0,2.0,2.0,A01,138Â 209Â 549,1.0
1009839,201900051370,2,20,17:00,2,2,4,1.0,3.0,75112,ECHANGEUR BERCY,M,"48,8275850","2,3903190",75,2019,50.0,1.0,1.0,4.0,2258232,2.0,1,4,1,5.0,,0.0,0,1977.0,B01,138Â 209Â 550,2.0,6.0,-1.0,1723723,1.0,33,,0.0,2.0,1.0,B01,138Â 209Â 550,1.0
1009840,201900051371,2,19,16:20,1,2,1,1.0,2.0,75120,PORTE DE BAGNOLET,M,"48,8608230","2,4138820",75,2019,70.0,1.0,1.0,4.0,2258233,1.0,1,4,1,5.0,,0.0,0,1959.0,A01,138Â 209Â 547,2.0,6.0,-1.0,1723724,1.0,32,,0.0,2.0,1.0,A01,138Â 209Â 547,1.0
1009840,201900051371,2,19,16:20,1,2,1,1.0,2.0,75120,PORTE DE BAGNOLET,M,"48,8608230","2,4138820",75,2019,70.0,1.0,1.0,4.0,2258233,1.0,1,4,1,5.0,,0.0,0,1959.0,A01,138Â 209Â 547,2.0,6.0,-1.0,1723725,1.0,7,,0.0,2.0,6.0,B01,138Â 209Â 548,1.0
1009840,201900051371,2,19,16:20,1,2,1,1.0,2.0,75120,PORTE DE BAGNOLET,M,"48,8608230","2,4138820",75,2019,70.0,1.0,1.0,4.0,2258234,1.0,1,1,1,5.0,,0.0,0,1949.0,B01,138Â 209Â 548,1.0,0.0,-1.0,1723724,1.0,32,,0.0,2.0,1.0,A01,138Â 209Â 547,1.0
1009840,201900051371,2,19,16:20,1,2,1,1.0,2.0,75120,PORTE DE BAGNOLET,M,"48,8608230","2,4138820",75,2019,70.0,1.0,1.0,4.0,2258234,1.0,1,1,1,5.0,,0.0,0,1949.0,B01,138Â 209Â 548,1.0,0.0,-1.0,1723725,1.0,7,,0.0,2.0,6.0,B01,138Â 209Â 548,1.0
1009841,201900051372,2,19,08:30,1,2,1,1.0,3.0,75120,PORTE DE MONTREUIL,M,"48,8581330","2,4141100",75,2019,70.0,1.0,1.0,4.0,2258235,1.0,1,4,1,1.0,,0.0,0,1978.0,B01,138Â 209Â 545,2.0,0.0,-1.0,1723726,1.0,31,,0.0,2.0,3.0,B01,138Â 209Â 545,1.0
1009841,201900051372,2,19,08:30,1,2,1,1.0,3.0,75120,PORTE DE MONTREUIL,M,"48,8581330","2,4141100",75,2019,70.0,1.0,1.0,4.0,2258235,1.0,1,4,1,1.0,,0.0,0,1978.0,B01,138Â 209Â 545,2.0,0.0,-1.0,1723727,1.0,7,,0.0,2.0,2.0,A01,138Â 209Â 546,1.0
1009841,201900051372,2,19,08:30,1,2,1,1.0,3.0,75120,PORTE DE MONTREUIL,M,"48,8581330","2,4141100",75,2019,70.0,1.0,1.0,4.0,2258236,1.0,1,1,1,1.0,,0.0,0,1970.0,A01,138Â 209Â 546,1.0,0.0,-1.0,1723726,1.0,31,,0.0,2.0,3.0,B01,138Â 209Â 545,1.0
1009841,201900051372,2,19,08:30,1,2,1,1.0,3.0,75120,PORTE DE MONTREUIL,M,"48,8581330","2,4141100",75,2019,70.0,1.0,1.0,4.0,2258236,1.0,1,1,1,1.0,,0.0,0,1970.0,A01,138Â 209Â 546,1.0,0.0,-1.0,1723727,1.0,7,,0.0,2.0,2.0,A01,138Â 209Â 546,1.0
1009842,201900051373,2,18,12:05,1,2,1,1.0,4.0,75116,PORTE DE PASSY,M,"48,8572460","2,2584890",75,2019,70.0,1.0,1.0,4.0,2258237,1.0,1,1,1,4.0,,0.0,0,1978.0,C01,138Â 209Â 542,1.0,0.0,-1.0,1723728,2.0,7,,0.0,2.0,4.0,C01,138Â 209Â 542,1.0
1009842,201900051373,2,18,12:05,1,2,1,1.0,4.0,75116,PORTE DE PASSY,M,"48,8572460","2,2584890",75,2019,70.0,1.0,1.0,4.0,2258237,1.0,1,1,1,4.0,,0.0,0,1978.0,C01,138Â 209Â 542,1.0,0.0,-1.0,1723729,2.0,7,,0.0,2.0,4.0,B01,138Â 209Â 543,1.0
1009842,201900051373,2,18,12:05,1,2,1,1.0,4.0,75116,PORTE DE PASSY,M,"48,8572460","2,2584890",75,2019,70.0,1.0,1.0,4.0,2258237,1.0,1,1,1,4.0,,0.0,0,1978.0,C01,138Â 209Â 542,1.0,0.0,-1.0,1723730,2.0,7,,0.0,2.0,1.0,A01,138Â 209Â 544,1.0
1009842,201900051373,2,18,12:05,1,2,1,1.0,4.0,75116,PORTE DE PASSY,M,"48,8572460","2,2584890",75,2019,70.0,1.0,1.0,4.0,2258238,1.0,1,4,2,1.0,,0.0,0,1983.0,B01,138Â 209Â 543,1.0,0.0,-1.0,1723728,2.0,7,,0.0,2.0,4.0,C01,138Â 209Â 542,1.0
1009842,201900051373,2,18,12:05,1,2,1,1.0,4.0,75116,PORTE DE PASSY,M,"48,8572460","2,2584890",75,2019,70.0,1.0,1.0,4.0,2258238,1.0,1,4,2,1.0,,0.0,0,1983.0,B01,138Â 209Â 543,1.0,0.0,-1.0,1723729,2.0,7,,0.0,2.0,4.0,B01,138Â 209Â 543,1.0