Unnamed: 0_x,num_acc,mois,jour,hrmn,lum,agg,int,atm,col,com,adr,gps,lat,long,dep,annee,vma,situ,surf,catr,Unnamed: 0_y,place,catu,grav,sexe,trajet,secu,locp,actp,an_nais,num_veh_x,id_vehicule_x,secu1,secu2,secu3,Unnamed: 0,senc,catv,occutc,obs,obsm,choc,num_veh_y,id_vehicule_y,motor
1009842,201900051373,2,18,12:05,1,2,1,1.0,4.0,75116,PORTE DE PASSY,M,"48,8572460","2,2584890",75,2019,70.0,1.0,1.0,4.0,2258238,1.0,1,4,2,1.0,,0.0,0,1983.0,B01,138Â 209Â 543,1.0,0.0,-1.0,1723730,2.0,7,,0.0,2.0,1.0,A01,138Â 209Â 544,1.0
1009842,201900051373,2,18,12:05,1,2,1,1.0,4.0,75116,PORTE DE PASSY,M,"48,8572460","2,2584890",75,2019,70.0,1.0,1.0,4.0,2258239,1.0,1,1,1,5.0,,0.0,0,1974.0,A01,138Â 209Â 544,1.0,0.0,-1.0,1723728,2.0,7,,0.0,2.0,4.0,C01,138Â 209Â 542,1.0
1009842,201900051373,2,18,12:05,1,2,1,1.0,4.0,75116,PORTE DE PASSY,M,"48,8572460","2,2584890",75,2019,70.0,1.0,1.0,4.0,2258239,1.0,1,1,1,5.0,,0.0,0,1974.0,A01,138Â 209Â 544,1.0,0.0,-1.0,1723729,2.0,7,,0.0,2.0,4.0,B01,138Â 209Â 543,1.0
1009842,201900051373,2,18,12:05,1,2,1,1.0,4.0,75116,PORTE DE PASSY,M,"48,8572460","2,2584890",75,2019,70.0,1.0,1.0,4.0,2258239,1.0,1,1,1,5.0,,0.0,0,1974.0,A01,138Â 209Â 544,1.0,0.0,-1.0,1723730,2.0,7,,0.0,2.0,1.0,A01,138Â 209Â 544,1.0
1009843,201900051374,2,20,16:53,1,2,2,1.0,3.0,75116,RUE D AUTEUIL,M,"48,8475660","2,2663210",75,2019,50.0,1.0,1.0,4.0,2258240,1.0,1,4,1,5.0,,0.0,0,2012.0,B01,138Â 209Â 540,0.0,0.0,-1.0,1723731,3.0,60,,0.0,2.0,0.0,B01,138Â 209Â 540,5.0
1009843,201900051374,2,20,16:53,1,2,2,1.0,3.0,75116,RUE D AUTEUIL,M,"48,8475660","2,2663210",75,2019,50.0,1.0,1.0,4.0,2258240,1.0,1,4,1,5.0,,0.0,0,2012.0,B01,138Â 209Â 540,0.0,0.0,-1.0,1723732,2.0,10,,0.0,2.0,5.0,A01,138Â 209Â 541,1.0
1009843,201900051374,2,20,16:53,1,2,2,1.0,3.0,75116,RUE D AUTEUIL,M,"48,8475660","2,2663210",75,2019,50.0,1.0,1.0,4.0,2258241,1.0,1,1,1,4.0,,0.0,0,1966.0,A01,138Â 209Â 541,1.0,0.0,-1.0,1723731,3.0,60,,0.0,2.0,0.0,B01,138Â 209Â 540,5.0
1009843,201900051374,2,20,16:53,1,2,2,1.0,3.0,75116,RUE D AUTEUIL,M,"48,8475660","2,2663210",75,2019,50.0,1.0,1.0,4.0,2258241,1.0,1,1,1,4.0,,0.0,0,1966.0,A01,138Â 209Â 541,1.0,0.0,-1.0,1723732,2.0,10,,0.0,2.0,5.0,A01,138Â 209Â 541,1.0
1009844,201900051375,2,20,07:18,5,2,2,1.0,3.0,75116,AVENUE RAYMOND POINCARE,M,"48,8726830","2,2845640",75,2019,50.0,1.0,1.0,4.0,2258242,1.0,1,1,1,4.0,,0.0,0,1995.0,B01,138Â 209Â 538,1.0,0.0,-1.0,1723733,2.0,10,,0.0,2.0,3.0,B01,138Â 209Â 538,1.0
1009844,201900051375,2,20,07:18,5,2,2,1.0,3.0,75116,AVENUE RAYMOND POINCARE,M,"48,8726830","2,2845640",75,2019,50.0,1.0,1.0,4.0,2258242,1.0,1,1,1,4.0,,0.0,0,1995.0,B01,138Â 209Â 538,1.0,0.0,-1.0,1723734,1.0,7,,0.0,2.0,2.0,A01,138Â 209Â 539,1.0
1009844,201900051375,2,20,07:18,5,2,2,1.0,3.0,75116,AVENUE RAYMOND POINCARE,M,"48,8726830","2,2845640",75,2019,50.0,1.0,1.0,4.0,2258243,4.0,2,4,1,4.0,,0.0,0,1988.0,A01,138Â 209Â 539,1.0,0.0,-1.0,1723733,2.0,10,,0.0,2.0,3.0,B01,138Â 209Â 538,1.0
1009844,201900051375,2,20,07:18,5,2,2,1.0,3.0,75116,AVENUE RAYMOND POINCARE,M,"48,8726830","2,2845640",75,2019,50.0,1.0,1.0,4.0,2258243,4.0,2,4,1,4.0,,0.0,0,1988.0,A01,138Â 209Â 539,1.0,0.0,-1.0,1723734,1.0,7,,0.0,2.0,2.0,A01,138Â 209Â 539,1.0
1009844,201900051375,2,20,07:18,5,2,2,1.0,3.0,75116,AVENUE RAYMOND POINCARE,M,"48,8726830","2,2845640",75,2019,50.0,1.0,1.0,4.0,2258244,2.0,2,4,1,4.0,,0.0,0,1993.0,A01,138Â 209Â 539,1.0,0.0,-1.0,1723733,2.0,10,,0.0,2.0,3.0,B01,138Â 209Â 538,1.0
1009844,201900051375,2,20,07:18,5,2,2,1.0,3.0,75116,AVENUE RAYMOND POINCARE,M,"48,8726830","2,2845640",75,2019,50.0,1.0,1.0,4.0,2258244,2.0,2,4,1,4.0,,0.0,0,1993.0,A01,138Â 209Â 539,1.0,0.0,-1.0,1723734,1.0,7,,0.0,2.0,2.0,A01,138Â 209Â 539,1.0
1009844,201900051375,2,20,07:18,5,2,2,1.0,3.0,75116,AVENUE RAYMOND POINCARE,M,"48,8726830","2,2845640",75,2019,50.0,1.0,1.0,4.0,2258245,1.0,1,1,1,4.0,,0.0,0,1975.0,A01,138Â 209Â 539,1.0,0.0,-1.0,1723733,2.0,10,,0.0,2.0,3.0,B01,138Â 209Â 538,1.0
1009844,201900051375,2,20,07:18,5,2,2,1.0,3.0,75116,AVENUE RAYMOND POINCARE,M,"48,8726830","2,2845640",75,2019,50.0,1.0,1.0,4.0,2258245,1.0,1,1,1,4.0,,0.0,0,1975.0,A01,138Â 209Â 539,1.0,0.0,-1.0,1723734,1.0,7,,0.0,2.0,2.0,A01,138Â 209Â 539,1.0
1009845,201900051376,2,19,21:30,5,2,4,1.0,2.0,75117,AVENUE DE LA PORTE DE CLICHY,M,"48,8962780","2,3100000",75,2019,50.0,1.0,1.0,4.0,2258246,1.0,1,3,1,0.0,,0.0,0,1978.0,B01,138Â 209Â 536,2.0,0.0,-1.0,1723735,3.0,2,,0.0,2.0,1.0,B01,138Â 209Â 536,1.0
1009845,201900051376,2,19,21:30,5,2,4,1.0,2.0,75117,AVENUE DE LA PORTE DE CLICHY,M,"48,8962780","2,3100000",75,2019,50.0,1.0,1.0,4.0,2258246,1.0,1,3,1,0.0,,0.0,0,1978.0,B01,138Â 209Â 536,2.0,0.0,-1.0,1723736,3.0,7,,0.0,2.0,3.0,A01,138Â 209Â 537,1.0
1009845,201900051376,2,19,21:30,5,2,4,1.0,2.0,75117,AVENUE DE LA PORTE DE CLICHY,M,"48,8962780","2,3100000",75,2019,50.0,1.0,1.0,4.0,2258247,1.0,1,1,1,0.0,,0.0,0,1997.0,A01,138Â 209Â 537,1.0,0.0,-1.0,1723735,3.0,2,,0.0,2.0,1.0,B01,138Â 209Â 536,1.0
1009845,201900051376,2,19,21:30,5,2,4,1.0,2.0,75117,AVENUE DE LA PORTE DE CLICHY,M,"48,8962780","2,3100000",75,2019,50.0,1.0,1.0,4.0,2258247,1.0,1,1,1,0.0,,0.0,0,1997.0,A01,138Â 209Â 537,1.0,0.0,-1.0,1723736,3.0,7,,0.0,2.0,3.0,A01,138Â 209Â 537,1.0
1009846,201900051377,2,20,09:56,1,2,3,1.0,3.0,75105,RUE SAINT JACQUES,M,"48,8455950","2,3426730",75,2019,30.0,1.0,1.0,4.0,2258248,1.0,1,1,1,0.0,,0.0,0,1988.0,A01,138Â 209Â 534,8.0,0.0,-1.0,1723737,1.0,10,,0.0,2.0,3.0,A01,138Â 209Â 534,1.0
1009846,201900051377,2,20,09:56,1,2,3,1.0,3.0,75105,RUE SAINT JACQUES,M,"48,8455950","2,3426730",75,2019,30.0,1.0,1.0,4.0,2258248,1.0,1,1,1,0.0,,0.0,0,1988.0,A01,138Â 209Â 534,8.0,0.0,-1.0,1723738,1.0,80,,0.0,2.0,1.0,B01,138Â 209Â 535,3.0
1009846,201900051377,2,20,09:56,1,2,3,1.0,3.0,75105,RUE SAINT JACQUES,M,"48,8455950","2,3426730",75,2019,30.0,1.0,1.0,4.0,2258249,1.0,1,4,2,1.0,,0.0,0,1961.0,B01,138Â 209Â 535,0.0,0.0,-1.0,1723737,1.0,10,,0.0,2.0,3.0,A01,138Â 209Â 534,1.0
1009846,201900051377,2,20,09:56,1,2,3,1.0,3.0,75105,RUE SAINT JACQUES,M,"48,8455950","2,3426730",75,2019,30.0,1.0,1.0,4.0,2258249,1.0,1,4,2,1.0,,0.0,0,1961.0,B01,138Â 209Â 535,0.0,0.0,-1.0,1723738,1.0,80,,0.0,2.0,1.0,B01,138Â 209Â 535,3.0
1009847,201900051378,2,20,16:50,1,2,2,1.0,3.0,75120,AVENUE IBSEN,M,"48,8656490","2,4118840",75,2019,50.0,1.0,1.0,4.0,2258250,1.0,1,1,1,5.0,,0.0,0,1997.0,A01,138Â 209Â 532,1.0,0.0,-1.0,1723739,3.0,7,,0.0,2.0,5.0,A01,138Â 209Â 532,1.0
1009847,201900051378,2,20,16:50,1,2,2,1.0,3.0,75120,AVENUE IBSEN,M,"48,8656490","2,4118840",75,2019,50.0,1.0,1.0,4.0,2258250,1.0,1,1,1,5.0,,0.0,0,1997.0,A01,138Â 209Â 532,1.0,0.0,-1.0,1723740,3.0,31,,0.0,2.0,8.0,B01,138Â 209Â 533,1.0
1009847,201900051378,2,20,16:50,1,2,2,1.0,3.0,75120,AVENUE IBSEN,M,"48,8656490","2,4118840",75,2019,50.0,1.0,1.0,4.0,2258251,1.0,1,4,1,1.0,,0.0,0,1975.0,B01,138Â 209Â 533,2.0,6.0,-1.0,1723739,3.0,7,,0.0,2.0,5.0,A01,138Â 209Â 532,1.0
1009847,201900051378,2,20,16:50,1,2,2,1.0,3.0,75120,AVENUE IBSEN,M,"48,8656490","2,4118840",75,2019,50.0,1.0,1.0,4.0,2258251,1.0,1,4,1,1.0,,0.0,0,1975.0,B01,138Â 209Â 533,2.0,6.0,-1.0,1723740,3.0,31,,0.0,2.0,8.0,B01,138Â 209Â 533,1.0
1009848,201900051379,2,20,17:35,1,2,3,1.0,3.0,75120,RUE BELGRAND,M,"48,8646090","2,4059850",75,2019,50.0,1.0,1.0,4.0,2258252,1.0,1,3,1,0.0,,0.0,0,1984.0,A01,138Â 209Â 530,2.0,0.0,-1.0,1723741,2.0,32,,0.0,2.0,7.0,A01,138Â 209Â 530,1.0
1009848,201900051379,2,20,17:35,1,2,3,1.0,3.0,75120,RUE BELGRAND,M,"48,8646090","2,4059850",75,2019,50.0,1.0,1.0,4.0,2258252,1.0,1,3,1,0.0,,0.0,0,1984.0,A01,138Â 209Â 530,2.0,0.0,-1.0,1723742,2.0,7,,0.0,2.0,2.0,B01,138Â 209Â 531,1.0
1009848,201900051379,2,20,17:35,1,2,3,1.0,3.0,75120,RUE BELGRAND,M,"48,8646090","2,4059850",75,2019,50.0,1.0,1.0,4.0,2258253,3.0,2,1,2,0.0,,0.0,0,1984.0,B01,138Â 209Â 531,1.0,0.0,-1.0,1723741,2.0,32,,0.0,2.0,7.0,A01,138Â 209Â 530,1.0
1009848,201900051379,2,20,17:35,1,2,3,1.0,3.0,75120,RUE BELGRAND,M,"48,8646090","2,4059850",75,2019,50.0,1.0,1.0,4.0,2258253,3.0,2,1,2,0.0,,0.0,0,1984.0,B01,138Â 209Â 531,1.0,0.0,-1.0,1723742,2.0,7,,0.0,2.0,2.0,B01,138Â 209Â 531,1.0
1009848,201900051379,2,20,17:35,1,2,3,1.0,3.0,75120,RUE BELGRAND,M,"48,8646090","2,4059850",75,2019,50.0,1.0,1.0,4.0,2258254,1.0,1,1,1,4.0,,0.0,0,1995.0,B01,138Â 209Â 531,1.0,0.0,-1.0,1723741,2.0,32,,0.0,2.0,7.0,A01,138Â 209Â 530,1.0
1009848,201900051379,2,20,17:35,1,2,3,1.0,3.0,75120,RUE BELGRAND,M,"48,8646090","2,4059850",75,2019,50.0,1.0,1.0,4.0,2258254,1.0,1,1,1,4.0,,0.0,0,1995.0,B01,138Â 209Â 531,1.0,0.0,-1.0,1723742,2.0,7,,0.0,2.0,2.0,B01,138Â 209Â 531,1.0
1009849,201900051380,2,20,03:00,5,2,2,1.0,6.0,75118,AVENUE DE LA PORTE DE LA CHAPELLE,M,"48,8987000","2,3593490",75,2019,50.0,1.0,1.0,4.0,2258255,10.0,3,4,1,0.0,,2.0,3,1979.0,Z01,138Â 209Â 529,8.0,0.0,-1.0,1723743,3.0,7,,0.0,1.0,0.0,Z01,138Â 209Â 529,0.0
1009850,201900051381,2,20,11:00,1,2,1,1.0,3.0,75117,BOULEVARD DE DOUAUMONT,M,"48,8949460","2,3056840",75,2019,30.0,1.0,1.0,4.0,2258256,1.0,1,1,2,4.0,,0.0,0,1967.0,A01,138Â 209Â 527,1.0,0.0,-1.0,1723744,1.0,7,,0.0,2.0,3.0,A01,138Â 209Â 527,1.0
1009850,201900051381,2,20,11:00,1,2,1,1.0,3.0,75117,BOULEVARD DE DOUAUMONT,M,"48,8949460","2,3056840",75,2019,30.0,1.0,1.0,4.0,2258256,1.0,1,1,2,4.0,,0.0,0,1967.0,A01,138Â 209Â 527,1.0,0.0,-1.0,1723745,1.0,2,,0.0,2.0,1.0,B01,138Â 209Â 528,1.0
1009850,201900051381,2,20,11:00,1,2,1,1.0,3.0,75117,BOULEVARD DE DOUAUMONT,M,"48,8949460","2,3056840",75,2019,30.0,1.0,1.0,4.0,2258257,1.0,1,4,2,0.0,,0.0,0,1992.0,B01,138Â 209Â 528,2.0,6.0,-1.0,1723744,1.0,7,,0.0,2.0,3.0,A01,138Â 209Â 527,1.0
1009850,201900051381,2,20,11:00,1,2,1,1.0,3.0,75117,BOULEVARD DE DOUAUMONT,M,"48,8949460","2,3056840",75,2019,30.0,1.0,1.0,4.0,2258257,1.0,1,4,2,0.0,,0.0,0,1992.0,B01,138Â 209Â 528,2.0,6.0,-1.0,1723745,1.0,2,,0.0,2.0,1.0,B01,138Â 209Â 528,1.0
1009851,201900051382,2,19,18:00,1,2,5,1.0,6.0,75117,RUE DE PHALSBOURG,M,"48,8827990","2,3089720",75,2019,30.0,1.0,1.0,4.0,2258258,1.0,1,1,1,1.0,,0.0,0,1966.0,A01,138Â 209Â 526,1.0,0.0,-1.0,1723746,2.0,7,,0.0,1.0,3.0,A01,138Â 209Â 526,1.0
1009851,201900051382,2,19,18:00,1,2,5,1.0,6.0,75117,RUE DE PHALSBOURG,M,"48,8827990","2,3089720",75,2019,30.0,1.0,1.0,4.0,2258259,10.0,3,4,1,0.0,,4.0,3,1946.0,A01,138Â 209Â 526,8.0,0.0,-1.0,1723746,2.0,7,,0.0,1.0,3.0,A01,138Â 209Â 526,1.0
1009852,201900051383,2,19,12:30,1,2,1,1.0,6.0,75116,ALLEE DE LONGCHAMP,M,"48,8706520","2,2592310",75,2019,50.0,1.0,1.0,4.0,2258260,1.0,1,1,1,0.0,,0.0,0,1954.0,A01,138Â 209Â 524,1.0,8.0,-1.0,1723747,2.0,7,,0.0,1.0,6.0,A01,138Â 209Â 524,1.0
1009852,201900051383,2,19,12:30,1,2,1,1.0,6.0,75116,ALLEE DE LONGCHAMP,M,"48,8706520","2,2592310",75,2019,50.0,1.0,1.0,4.0,2258260,1.0,1,1,1,0.0,,0.0,0,1954.0,A01,138Â 209Â 524,1.0,8.0,-1.0,1723748,2.0,7,,0.0,2.0,1.0,B01,138Â 209Â 525,1.0
1009852,201900051383,2,19,12:30,1,2,1,1.0,6.0,75116,ALLEE DE LONGCHAMP,M,"48,8706520","2,2592310",75,2019,50.0,1.0,1.0,4.0,2258261,10.0,3,4,2,5.0,,3.0,3,1983.0,A01,138Â 209Â 524,8.0,0.0,-1.0,1723747,2.0,7,,0.0,1.0,6.0,A01,138Â 209Â 524,1.0
1009852,201900051383,2,19,12:30,1,2,1,1.0,6.0,75116,ALLEE DE LONGCHAMP,M,"48,8706520","2,2592310",75,2019,50.0,1.0,1.0,4.0,2258261,10.0,3,4,2,5.0,,3.0,3,1983.0,A01,138Â 209Â 524,8.0,0.0,-1.0,1723748,2.0,7,,0.0,2.0,1.0,B01,138Â 209Â 525,1.0
1009852,201900051383,2,19,12:30,1,2,1,1.0,6.0,75116,ALLEE DE LONGCHAMP,M,"48,8706520","2,2592310",75,2019,50.0,1.0,1.0,4.0,2258262,1.0,1,1,2,0.0,,0.0,0,1975.0,B01,138Â 209Â 525,1.0,0.0,-1.0,1723747,2.0,7,,0.0,1.0,6.0,A01,138Â 209Â 524,1.0
1009852,201900051383,2,19,12:30,1,2,1,1.0,6.0,75116,ALLEE DE LONGCHAMP,M,"48,8706520","2,2592310",75,2019,50.0,1.0,1.0,4.0,2258262,1.0,1,1,2,0.0,,0.0,0,1975.0,B01,138Â 209Â 525,1.0,0.0,-1.0,1723748,2.0,7,,0.0,2.0,1.0,B01,138Â 209Â 525,1.0
1009853,201900051384,2,20,16:45,1,2,2,1.0,3.0,75114,AVENUE DE LA PORTE D ORLEANS,M,"48,8202560","2,3257380",75,2019,50.0,1.0,1.0,4.0,2258263,1.0,1,1,1,4.0,,0.0,0,1978.0,A01,138Â 209Â 522,1.0,0.0,-1.0,1723749,3.0,10,,0.0,2.0,1.0,A01,138Â 209Â 522,1.0
1009853,201900051384,2,20,16:45,1,2,2,1.0,3.0,75114,AVENUE DE LA PORTE D ORLEANS,M,"48,8202560","2,3257380",75,2019,50.0,1.0,1.0,4.0,2258263,1.0,1,1,1,4.0,,0.0,0,1978.0,A01,138Â 209Â 522,1.0,0.0,-1.0,1723750,3.0,7,,0.0,2.0,7.0,B01,138Â 209Â 523,1.0
1009853,201900051384,2,20,16:45,1,2,2,1.0,3.0,75114,AVENUE DE LA PORTE D ORLEANS,M,"48,8202560","2,3257380",75,2019,50.0,1.0,1.0,4.0,2258264,1.0,1,4,1,4.0,,0.0,0,1984.0,B01,138Â 209Â 523,1.0,0.0,-1.0,1723749,3.0,10,,0.0,2.0,1.0,A01,138Â 209Â 522,1.0
1009853,201900051384,2,20,16:45,1,2,2,1.0,3.0,75114,AVENUE DE LA PORTE D ORLEANS,M,"48,8202560","2,3257380",75,2019,50.0,1.0,1.0,4.0,2258264,1.0,1,4,1,4.0,,0.0,0,1984.0,B01,138Â 209Â 523,1.0,0.0,-1.0,1723750,3.0,7,,0.0,2.0,7.0,B01,138Â 209Â 523,1.0
1009854,201900051385,2,20,20:45,5,2,1,1.0,6.0,75110,BOULEVARD DE MAGENTA,M,"48,8724850","2,3594590",75,2019,50.0,1.0,1.0,4.0,2258265,10.0,3,4,1,5.0,,2.0,3,1975.0,Z01,138Â 209Â 521,8.0,0.0,-1.0,1723751,1.0,30,,0.0,1.0,0.0,Z01,138Â 209Â 521,0.0
1009855,201900051386,2,20,16:35,1,2,1,1.0,3.0,75117,BOULEVARD DE COURCELLES,M,"48,8810610","2,3143750",75,2019,50.0,1.0,1.0,4.0,2258266,1.0,1,4,1,1.0,,0.0,0,1984.0,B01,138Â 209Â 519,2.0,6.0,-1.0,1723752,1.0,33,,0.0,2.0,1.0,B01,138Â 209Â 519,1.0
1009855,201900051386,2,20,16:35,1,2,1,1.0,3.0,75117,BOULEVARD DE COURCELLES,M,"48,8810610","2,3143750",75,2019,50.0,1.0,1.0,4.0,2258266,1.0,1,4,1,1.0,,0.0,0,1984.0,B01,138Â 209Â 519,2.0,6.0,-1.0,1723753,1.0,7,,0.0,2.0,2.0,A01,138Â 209Â 520,1.0
1009855,201900051386,2,20,16:35,1,2,1,1.0,3.0,75117,BOULEVARD DE COURCELLES,M,"48,8810610","2,3143750",75,2019,50.0,1.0,1.0,4.0,2258267,1.0,1,1,1,5.0,,0.0,0,1952.0,A01,138Â 209Â 520,1.0,0.0,-1.0,1723752,1.0,33,,0.0,2.0,1.0,B01,138Â 209Â 519,1.0
1009855,201900051386,2,20,16:35,1,2,1,1.0,3.0,75117,BOULEVARD DE COURCELLES,M,"48,8810610","2,3143750",75,2019,50.0,1.0,1.0,4.0,2258267,1.0,1,1,1,5.0,,0.0,0,1952.0,A01,138Â 209Â 520,1.0,0.0,-1.0,1723753,1.0,7,,0.0,2.0,2.0,A01,138Â 209Â 520,1.0
1009856,201900051387,2,20,09:05,1,2,2,1.0,3.0,75108,BOULEVARD HAUSSMANN,M,"48,8749420","2,3184790",75,2019,50.0,1.0,1.0,4.0,2258268,1.0,1,4,1,1.0,,0.0,0,1984.0,A01,138Â 209Â 517,2.0,6.0,-1.0,1723754,2.0,33,,0.0,2.0,1.0,A01,138Â 209Â 517,1.0
1009856,201900051387,2,20,09:05,1,2,2,1.0,3.0,75108,BOULEVARD HAUSSMANN,M,"48,8749420","2,3184790",75,2019,50.0,1.0,1.0,4.0,2258268,1.0,1,4,1,1.0,,0.0,0,1984.0,A01,138Â 209Â 517,2.0,6.0,-1.0,1723755,2.0,7,,0.0,2.0,3.0,B01,138Â 209Â 518,1.0
1009856,201900051387,2,20,09:05,1,2,2,1.0,3.0,75108,BOULEVARD HAUSSMANN,M,"48,8749420","2,3184790",75,2019,50.0,1.0,1.0,4.0,2258269,1.0,1,1,2,0.0,,0.0,0,1984.0,B01,138Â 209Â 518,1.0,0.0,-1.0,1723754,2.0,33,,0.0,2.0,1.0,A01,138Â 209Â 517,1.0
1009856,201900051387,2,20,09:05,1,2,2,1.0,3.0,75108,BOULEVARD HAUSSMANN,M,"48,8749420","2,3184790",75,2019,50.0,1.0,1.0,4.0,2258269,1.0,1,1,2,0.0,,0.0,0,1984.0,B01,138Â 209Â 518,1.0,0.0,-1.0,1723755,2.0,7,,0.0,2.0,3.0,B01,138Â 209Â 518,1.0
1009857,201900051388,2,19,20:25,5,2,7,1.0,6.0,75108,PLACE DE LA CONCORDE,M,"48,8656550","2,3217980",75,2019,50.0,1.0,1.0,4.0,2258270,1.0,1,3,1,9.0,,0.0,0,1973.0,A01,138Â 209Â 516,2.0,0.0,-1.0,1723756,3.0,31,,12.0,0.0,2.0,A01,138Â 209Â 516,1.0
1009858,201900051389,2,20,01:40,5,2,2,1.0,6.0,75104,RUE DE RIVOLI,M,"48,8559550","2,3579760",75,2019,50.0,1.0,1.0,4.0,2258271,1.0,1,4,1,0.0,,0.0,0,1997.0,A01,138Â 209Â 515,2.0,6.0,-1.0,1723757,1.0,30,,15.0,0.0,1.0,A01,138Â 209Â 515,1.0
1009859,201900051390,2,19,23:40,5,2,1,1.0,6.0,75104,RUE DES NONNAINS D HYERES,M,"48,8540550","2,3584460",75,2019,50.0,1.0,1.0,4.0,2258272,1.0,1,4,1,5.0,,0.0,0,1963.0,A01,138Â 209Â 513,8.0,8.0,-1.0,1723758,1.0,1,,0.0,2.0,7.0,A01,138Â 209Â 513,5.0
1009859,201900051390,2,19,23:40,5,2,1,1.0,6.0,75104,RUE DES NONNAINS D HYERES,M,"48,8540550","2,3584460",75,2019,50.0,1.0,1.0,4.0,2258272,1.0,1,4,1,5.0,,0.0,0,1963.0,A01,138Â 209Â 513,8.0,8.0,-1.0,1723759,1.0,30,,0.0,2.0,1.0,Z01,138Â 209Â 514,0.0
1009860,201900051391,2,19,08:34,1,2,2,1.0,6.0,75103,RUE DU TEMPLE,M,"48,8668040","2,3620060",75,2019,50.0,1.0,1.0,4.0,2258273,10.0,3,4,2,1.0,,4.0,3,1969.0,A01,138Â 209Â 512,8.0,0.0,-1.0,1723760,2.0,10,,0.0,1.0,1.0,A01,138Â 209Â 512,1.0
1009860,201900051391,2,19,08:34,1,2,2,1.0,6.0,75103,RUE DU TEMPLE,M,"48,8668040","2,3620060",75,2019,50.0,1.0,1.0,4.0,2258274,1.0,1,1,1,1.0,,0.0,0,1992.0,A01,138Â 209Â 512,1.0,8.0,-1.0,1723760,2.0,10,,0.0,1.0,1.0,A01,138Â 209Â 512,1.0
1009861,201900051392,2,19,13:22,1,2,4,1.0,3.0,75101,BOULEVARD DE LA MADELEINE,M,"48,8699140","2,3280070",75,2019,50.0,6.0,1.0,4.0,2258275,1.0,1,1,1,5.0,,0.0,0,1967.0,B01,138Â 209Â 510,1.0,0.0,-1.0,1723761,3.0,7,,0.0,2.0,7.0,B01,138Â 209Â 510,1.0
1009861,201900051392,2,19,13:22,1,2,4,1.0,3.0,75101,BOULEVARD DE LA MADELEINE,M,"48,8699140","2,3280070",75,2019,50.0,6.0,1.0,4.0,2258275,1.0,1,1,1,5.0,,0.0,0,1967.0,B01,138Â 209Â 510,1.0,0.0,-1.0,1723762,3.0,32,,0.0,2.0,1.0,A01,138Â 209Â 511,1.0
1009861,201900051392,2,19,13:22,1,2,4,1.0,3.0,75101,BOULEVARD DE LA MADELEINE,M,"48,8699140","2,3280070",75,2019,50.0,6.0,1.0,4.0,2258276,1.0,1,4,1,1.0,,0.0,0,1990.0,A01,138Â 209Â 511,2.0,0.0,-1.0,1723761,3.0,7,,0.0,2.0,7.0,B01,138Â 209Â 510,1.0
1009861,201900051392,2,19,13:22,1,2,4,1.0,3.0,75101,BOULEVARD DE LA MADELEINE,M,"48,8699140","2,3280070",75,2019,50.0,6.0,1.0,4.0,2258276,1.0,1,4,1,1.0,,0.0,0,1990.0,A01,138Â 209Â 511,2.0,0.0,-1.0,1723762,3.0,32,,0.0,2.0,1.0,A01,138Â 209Â 511,1.0
1009862,201900051393,2,19,11:30,1,2,1,1.0,6.0,94080,FONTENAY (R DE),M,"48,8480600","2,4388000",94,2019,50.0,1.0,1.0,3.0,2258277,10.0,3,2,1,5.0,,1.0,3,1949.0,A01,138Â 209Â 509,8.0,0.0,-1.0,1723763,2.0,37,1.0,0.0,1.0,1.0,A01,138Â 209Â 509,1.0
1009862,201900051393,2,19,11:30,1,2,1,1.0,6.0,94080,FONTENAY (R DE),M,"48,8480600","2,4388000",94,2019,50.0,1.0,1.0,3.0,2258278,1.0,1,1,1,4.0,,-1.0,0,1985.0,A01,138Â 209Â 509,1.0,0.0,-1.0,1723763,2.0,37,1.0,0.0,1.0,1.0,A01,138Â 209Â 509,1.0
1009863,201900051394,2,19,21:00,5,2,2,1.0,3.0,94068,CHANZY (AV),M,"48,7900000","2,5100000",94,2019,50.0,1.0,1.0,4.0,2258279,1.0,1,1,1,0.0,,-1.0, -1,2000.0,A01,138Â 209Â 506,1.0,0.0,-1.0,1723764,1.0,7,,0.0,2.0,2.0,A01,138Â 209Â 506,1.0
1009863,201900051394,2,19,21:00,5,2,2,1.0,3.0,94068,CHANZY (AV),M,"48,7900000","2,5100000",94,2019,50.0,1.0,1.0,4.0,2258279,1.0,1,1,1,0.0,,-1.0, -1,2000.0,A01,138Â 209Â 506,1.0,0.0,-1.0,1723765,1.0,7,,0.0,2.0,3.0,B01,138Â 209Â 507,1.0
1009863,201900051394,2,19,21:00,5,2,2,1.0,3.0,94068,CHANZY (AV),M,"48,7900000","2,5100000",94,2019,50.0,1.0,1.0,4.0,2258280,1.0,1,4,1,0.0,,-1.0, -1,1959.0,B01,138Â 209Â 507,1.0,0.0,-1.0,1723764,1.0,7,,0.0,2.0,2.0,A01,138Â 209Â 506,1.0
1009863,201900051394,2,19,21:00,5,2,2,1.0,3.0,94068,CHANZY (AV),M,"48,7900000","2,5100000",94,2019,50.0,1.0,1.0,4.0,2258280,1.0,1,4,1,0.0,,-1.0, -1,1959.0,B01,138Â 209Â 507,1.0,0.0,-1.0,1723765,1.0,7,,0.0,2.0,3.0,B01,138Â 209Â 507,1.0