Unnamed: 0_x,num_acc,mois,jour,hrmn,lum,agg,int,atm,col,com,adr,gps,lat,long,dep,annee,vma,situ,surf,catr,Unnamed: 0_y,place,catu,grav,sexe,trajet,secu,locp,actp,an_nais,num_veh_x,id_vehicule_x,secu1,secu2,secu3,Unnamed: 0,senc,catv,occutc,obs,obsm,choc,num_veh_y,id_vehicule_y,motor
1009864,201900051395,2,20,08:00,2,2,2,5.0,6.0,94076,KARL MARX (AV),M,"48,7844723","2,3621985",94,2019,50.0,2.0,1.0,4.0,2258281,1.0,1,1,1,1.0,,0.0,0,1954.0,A01,138Â 209Â 505,1.0,8.0,-1.0,1723766,1.0,7,,0.0,1.0,3.0,A01,138Â 209Â 505,1.0
1009864,201900051395,2,20,08:00,2,2,2,5.0,6.0,94076,KARL MARX (AV),M,"48,7844723","2,3621985",94,2019,50.0,2.0,1.0,4.0,2258282,10.0,3,4,1,0.0,,3.0,3,1970.0,A01,138Â 209Â 505,8.0,0.0,-1.0,1723766,1.0,7,,0.0,1.0,3.0,A01,138Â 209Â 505,1.0
1009865,201900051396,2,19,15:30,1,2,1,1.0,6.0,94016,DIVISION LECLERC (AV DE LA),M,"48,7862850","2,3292920",94,2019,50.0,1.0,1.0,3.0,2258283,10.0,3,4,2,9.0,,2.0,3,1997.0,A01,138Â 209Â 504,8.0,0.0,-1.0,1723767,1.0,10,,0.0,1.0,2.0,A01,138Â 209Â 504,1.0
1009865,201900051396,2,19,15:30,1,2,1,1.0,6.0,94016,DIVISION LECLERC (AV DE LA),M,"48,7862850","2,3292920",94,2019,50.0,1.0,1.0,3.0,2258284,1.0,1,1,2,9.0,,0.0,0,1975.0,A01,138Â 209Â 504,1.0,0.0,-1.0,1723767,1.0,10,,0.0,1.0,2.0,A01,138Â 209Â 504,1.0
1009866,201900051397,2,16,13:45,1,2,1,1.0,3.0,94037,PAUL VAILLANT COUTURIER (AV),M,"48,8169704","2,3321459",94,2019,50.0,1.0,1.0,3.0,2258285,1.0,1,1,2,5.0,,0.0,0,1994.0,A01,138Â 209Â 502,8.0,0.0,-1.0,1723768,2.0,7,,0.0,2.0,3.0,A01,138Â 209Â 502,1.0
1009866,201900051397,2,16,13:45,1,2,1,1.0,3.0,94037,PAUL VAILLANT COUTURIER (AV),M,"48,8169704","2,3321459",94,2019,50.0,1.0,1.0,3.0,2258285,1.0,1,1,2,5.0,,0.0,0,1994.0,A01,138Â 209Â 502,8.0,0.0,-1.0,1723769,2.0,33,,0.0,2.0,2.0,B01,138Â 209Â 503,1.0
1009866,201900051397,2,16,13:45,1,2,1,1.0,3.0,94037,PAUL VAILLANT COUTURIER (AV),M,"48,8169704","2,3321459",94,2019,50.0,1.0,1.0,3.0,2258286,1.0,1,4,1,5.0,,0.0,0,1960.0,B01,138Â 209Â 503,2.0,8.0,-1.0,1723768,2.0,7,,0.0,2.0,3.0,A01,138Â 209Â 502,1.0
1009866,201900051397,2,16,13:45,1,2,1,1.0,3.0,94037,PAUL VAILLANT COUTURIER (AV),M,"48,8169704","2,3321459",94,2019,50.0,1.0,1.0,3.0,2258286,1.0,1,4,1,5.0,,0.0,0,1960.0,B01,138Â 209Â 503,2.0,8.0,-1.0,1723769,2.0,33,,0.0,2.0,2.0,B01,138Â 209Â 503,1.0
1009867,201900051398,2,11,16:00,1,2,1,1.0,3.0,94076,AMBROISE CROIZAT (R),M,"48,8023015","2,3630382",94,2019,50.0,1.0,1.0,4.0,2258287,1.0,1,1,2,1.0,,0.0,0,1993.0,A01,138Â 209Â 500,1.0,0.0,-1.0,1723770,1.0,7,,0.0,1.0,3.0,A01,138Â 209Â 500,1.0
1009867,201900051398,2,11,16:00,1,2,1,1.0,3.0,94076,AMBROISE CROIZAT (R),M,"48,8023015","2,3630382",94,2019,50.0,1.0,1.0,4.0,2258287,1.0,1,1,2,1.0,,0.0,0,1993.0,A01,138Â 209Â 500,1.0,0.0,-1.0,1723771,1.0,60,,0.0,1.0,1.0,B01,138Â 209Â 501,5.0
1009867,201900051398,2,11,16:00,1,2,1,1.0,3.0,94076,AMBROISE CROIZAT (R),M,"48,8023015","2,3630382",94,2019,50.0,1.0,1.0,4.0,2258288,10.0,3,4,1,0.0,,2.0,5,2007.0,B01,138Â 209Â 501,8.0,0.0,-1.0,1723770,1.0,7,,0.0,1.0,3.0,A01,138Â 209Â 500,1.0
1009867,201900051398,2,11,16:00,1,2,1,1.0,3.0,94076,AMBROISE CROIZAT (R),M,"48,8023015","2,3630382",94,2019,50.0,1.0,1.0,4.0,2258288,10.0,3,4,1,0.0,,2.0,5,2007.0,B01,138Â 209Â 501,8.0,0.0,-1.0,1723771,1.0,60,,0.0,1.0,1.0,B01,138Â 209Â 501,5.0
1009868,201900051399,2,10,13:20,1,2,2,1.0,3.0,94076,STALINGRAD (AV DE),M,"48,7843400","2,3659600",94,2019,50.0,1.0,2.0,3.0,2258289,1.0,1,4,2,9.0,,-1.0,0,1978.0,A01,138Â 209Â 498,1.0,0.0,-1.0,1723772,1.0,10,,0.0,2.0,6.0,A01,138Â 209Â 498,1.0
1009868,201900051399,2,10,13:20,1,2,2,1.0,3.0,94076,STALINGRAD (AV DE),M,"48,7843400","2,3659600",94,2019,50.0,1.0,2.0,3.0,2258289,1.0,1,4,2,9.0,,-1.0,0,1978.0,A01,138Â 209Â 498,1.0,0.0,-1.0,1723773,1.0,10,,0.0,2.0,1.0,B01,138Â 209Â 499,1.0
1009868,201900051399,2,10,13:20,1,2,2,1.0,3.0,94076,STALINGRAD (AV DE),M,"48,7843400","2,3659600",94,2019,50.0,1.0,2.0,3.0,2258290,1.0,1,1,1,9.0,,-1.0,0,1997.0,B01,138Â 209Â 499,1.0,0.0,-1.0,1723772,1.0,10,,0.0,2.0,6.0,A01,138Â 209Â 498,1.0
1009868,201900051399,2,10,13:20,1,2,2,1.0,3.0,94076,STALINGRAD (AV DE),M,"48,7843400","2,3659600",94,2019,50.0,1.0,2.0,3.0,2258290,1.0,1,1,1,9.0,,-1.0,0,1997.0,B01,138Â 209Â 499,1.0,0.0,-1.0,1723773,1.0,10,,0.0,2.0,1.0,B01,138Â 209Â 499,1.0
1009869,201900051400,2,8,08:45,1,2,1,8.0,6.0,94076,MAXIME GORKI (BD),M,"48,7956600","2,3687500",94,2019,50.0,1.0,2.0,3.0,2258291,1.0,1,1,1,4.0,,-1.0,0,1987.0,B01,138Â 209Â 496,1.0,0.0,-1.0,1723774,2.0,7,,0.0,0.0,0.0,C01,138Â 209Â 495,1.0
1009869,201900051400,2,8,08:45,1,2,1,8.0,6.0,94076,MAXIME GORKI (BD),M,"48,7956600","2,3687500",94,2019,50.0,1.0,2.0,3.0,2258291,1.0,1,1,1,4.0,,-1.0,0,1987.0,B01,138Â 209Â 496,1.0,0.0,-1.0,1723775,2.0,14,,1.0,0.0,0.0,B01,138Â 209Â 496,1.0
1009869,201900051400,2,8,08:45,1,2,1,8.0,6.0,94076,MAXIME GORKI (BD),M,"48,7956600","2,3687500",94,2019,50.0,1.0,2.0,3.0,2258291,1.0,1,1,1,4.0,,-1.0,0,1987.0,B01,138Â 209Â 496,1.0,0.0,-1.0,1723776,2.0,30,,1.0,2.0,1.0,A01,138Â 209Â 497,1.0
1009869,201900051400,2,8,08:45,1,2,1,8.0,6.0,94076,MAXIME GORKI (BD),M,"48,7956600","2,3687500",94,2019,50.0,1.0,2.0,3.0,2258292,1.0,1,4,1,0.0,,-1.0,0,1961.0,A01,138Â 209Â 497,2.0,0.0,-1.0,1723774,2.0,7,,0.0,0.0,0.0,C01,138Â 209Â 495,1.0
1009869,201900051400,2,8,08:45,1,2,1,8.0,6.0,94076,MAXIME GORKI (BD),M,"48,7956600","2,3687500",94,2019,50.0,1.0,2.0,3.0,2258292,1.0,1,4,1,0.0,,-1.0,0,1961.0,A01,138Â 209Â 497,2.0,0.0,-1.0,1723775,2.0,14,,1.0,0.0,0.0,B01,138Â 209Â 496,1.0
1009869,201900051400,2,8,08:45,1,2,1,8.0,6.0,94076,MAXIME GORKI (BD),M,"48,7956600","2,3687500",94,2019,50.0,1.0,2.0,3.0,2258292,1.0,1,4,1,0.0,,-1.0,0,1961.0,A01,138Â 209Â 497,2.0,0.0,-1.0,1723776,2.0,30,,1.0,2.0,1.0,A01,138Â 209Â 497,1.0
1009870,201900051401,2,7,17:00,1,2,1,1.0,2.0,94003,ARISTIDE BRIAND (AV),M,"48,8071000","2,3263000",94,2019,50.0,1.0,1.0,3.0,2258293,1.0,1,4,2,0.0,,-1.0, -1,1983.0,A01,138Â 209Â 493,1.0,8.0,-1.0,1723777,2.0,7,,0.0,2.0,4.0,A01,138Â 209Â 493,1.0
1009870,201900051401,2,7,17:00,1,2,1,1.0,2.0,94003,ARISTIDE BRIAND (AV),M,"48,8071000","2,3263000",94,2019,50.0,1.0,1.0,3.0,2258293,1.0,1,4,2,0.0,,-1.0, -1,1983.0,A01,138Â 209Â 493,1.0,8.0,-1.0,1723778,2.0,10,,0.0,2.0,1.0,B01,138Â 209Â 494,1.0
1009870,201900051401,2,7,17:00,1,2,1,1.0,2.0,94003,ARISTIDE BRIAND (AV),M,"48,8071000","2,3263000",94,2019,50.0,1.0,1.0,3.0,2258294,1.0,1,1,1,0.0,,-1.0, -1,1979.0,B01,138Â 209Â 494,1.0,8.0,-1.0,1723777,2.0,7,,0.0,2.0,4.0,A01,138Â 209Â 493,1.0
1009870,201900051401,2,7,17:00,1,2,1,1.0,2.0,94003,ARISTIDE BRIAND (AV),M,"48,8071000","2,3263000",94,2019,50.0,1.0,1.0,3.0,2258294,1.0,1,1,1,0.0,,-1.0, -1,1979.0,B01,138Â 209Â 494,1.0,8.0,-1.0,1723778,2.0,10,,0.0,2.0,1.0,B01,138Â 209Â 494,1.0
1009871,201900051402,2,5,20:15,5,2,1,1.0,6.0,94043,DOCTEUR ANTOINE LACROIX (AV DU),M,"48,8151900","2,3581600",94,2019,50.0,1.0,1.0,4.0,2258295,10.0,3,4,2,9.0,,2.0,3,1959.0,A01,138Â 209Â 492,8.0,0.0,-1.0,1723779,2.0,10,,0.0,1.0,2.0,A01,138Â 209Â 492,1.0
1009871,201900051402,2,5,20:15,5,2,1,1.0,6.0,94043,DOCTEUR ANTOINE LACROIX (AV DU),M,"48,8151900","2,3581600",94,2019,50.0,1.0,1.0,4.0,2258296,1.0,1,1,1,9.0,,-1.0, -1,1991.0,A01,138Â 209Â 492,1.0,0.0,-1.0,1723779,2.0,10,,0.0,1.0,2.0,A01,138Â 209Â 492,1.0
1009872,201900051403,2,3,15:10,1,2,1,1.0,5.0,94043,FONTAINEBLEAU (AV DE),M,"48,8091700","2,3628000",94,2019,50.0,1.0,1.0,3.0,2258297,1.0,1,4,1,0.0,,-1.0,0,1998.0,B01,138Â 209Â 489,2.0,6.0,-1.0,1723780,2.0,2,,0.0,6.0,1.0,B01,138Â 209Â 489,1.0
1009872,201900051403,2,3,15:10,1,2,1,1.0,5.0,94043,FONTAINEBLEAU (AV DE),M,"48,8091700","2,3628000",94,2019,50.0,1.0,1.0,3.0,2258297,1.0,1,4,1,0.0,,-1.0,0,1998.0,B01,138Â 209Â 489,2.0,6.0,-1.0,1723781,2.0,7,,0.0,2.0,6.0,C01,138Â 209Â 490,2.0
1009872,201900051403,2,3,15:10,1,2,1,1.0,5.0,94043,FONTAINEBLEAU (AV DE),M,"48,8091700","2,3628000",94,2019,50.0,1.0,1.0,3.0,2258297,1.0,1,4,1,0.0,,-1.0,0,1998.0,B01,138Â 209Â 489,2.0,6.0,-1.0,1723782,2.0,7,,0.0,2.0,3.0,A01,138Â 209Â 491,1.0
1009872,201900051403,2,3,15:10,1,2,1,1.0,5.0,94043,FONTAINEBLEAU (AV DE),M,"48,8091700","2,3628000",94,2019,50.0,1.0,1.0,3.0,2258298,1.0,1,1,2,0.0,,-1.0,0,1959.0,C01,138Â 209Â 490,8.0,0.0,-1.0,1723780,2.0,2,,0.0,6.0,1.0,B01,138Â 209Â 489,1.0
1009872,201900051403,2,3,15:10,1,2,1,1.0,5.0,94043,FONTAINEBLEAU (AV DE),M,"48,8091700","2,3628000",94,2019,50.0,1.0,1.0,3.0,2258298,1.0,1,1,2,0.0,,-1.0,0,1959.0,C01,138Â 209Â 490,8.0,0.0,-1.0,1723781,2.0,7,,0.0,2.0,6.0,C01,138Â 209Â 490,2.0
1009872,201900051403,2,3,15:10,1,2,1,1.0,5.0,94043,FONTAINEBLEAU (AV DE),M,"48,8091700","2,3628000",94,2019,50.0,1.0,1.0,3.0,2258298,1.0,1,1,2,0.0,,-1.0,0,1959.0,C01,138Â 209Â 490,8.0,0.0,-1.0,1723782,2.0,7,,0.0,2.0,3.0,A01,138Â 209Â 491,1.0
1009872,201900051403,2,3,15:10,1,2,1,1.0,5.0,94043,FONTAINEBLEAU (AV DE),M,"48,8091700","2,3628000",94,2019,50.0,1.0,1.0,3.0,2258299,1.0,1,1,1,0.0,,-1.0,0,1961.0,A01,138Â 209Â 491,1.0,0.0,-1.0,1723780,2.0,2,,0.0,6.0,1.0,B01,138Â 209Â 489,1.0
1009872,201900051403,2,3,15:10,1,2,1,1.0,5.0,94043,FONTAINEBLEAU (AV DE),M,"48,8091700","2,3628000",94,2019,50.0,1.0,1.0,3.0,2258299,1.0,1,1,1,0.0,,-1.0,0,1961.0,A01,138Â 209Â 491,1.0,0.0,-1.0,1723781,2.0,7,,0.0,2.0,6.0,C01,138Â 209Â 490,2.0
1009872,201900051403,2,3,15:10,1,2,1,1.0,5.0,94043,FONTAINEBLEAU (AV DE),M,"48,8091700","2,3628000",94,2019,50.0,1.0,1.0,3.0,2258299,1.0,1,1,1,0.0,,-1.0,0,1961.0,A01,138Â 209Â 491,1.0,0.0,-1.0,1723782,2.0,7,,0.0,2.0,3.0,A01,138Â 209Â 491,1.0
1009873,201900051404,2,2,11:20,1,2,1,1.0,6.0,94076,AUGUSTE DELAUNE (R),M,"48,7884200","2,3617100",94,2019,50.0,1.0,1.0,3.0,2258300,1.0,1,1,1,5.0,,-1.0,0,1961.0,A01,138Â 209Â 488,1.0,0.0,-1.0,1723783,1.0,7,,0.0,1.0,2.0,A01,138Â 209Â 488,1.0
1009873,201900051404,2,2,11:20,1,2,1,1.0,6.0,94076,AUGUSTE DELAUNE (R),M,"48,7884200","2,3617100",94,2019,50.0,1.0,1.0,3.0,2258301,10.0,3,4,1,5.0,,2.0,3,1965.0,A01,138Â 209Â 488,8.0,0.0,-1.0,1723783,1.0,7,,0.0,1.0,2.0,A01,138Â 209Â 488,1.0
1009874,201900051405,2,20,09:40,1,2,3,1.0,3.0,94065,CHARLES LINDBERGH (AV),M,"48,7555100","2,3468400",94,2019,30.0,1.0,1.0,2.0,2258302,1.0,1,4,1,5.0,,-1.0,0,1957.0,A01,138Â 209Â 486,1.0,5.0,-1.0,1723784,2.0,10,,0.0,2.0,2.0,A01,138Â 209Â 486,1.0
1009874,201900051405,2,20,09:40,1,2,3,1.0,3.0,94065,CHARLES LINDBERGH (AV),M,"48,7555100","2,3468400",94,2019,30.0,1.0,1.0,2.0,2258302,1.0,1,4,1,5.0,,-1.0,0,1957.0,A01,138Â 209Â 486,1.0,5.0,-1.0,1723785,1.0,7,,0.0,2.0,3.0,B01,138Â 209Â 487,1.0
1009874,201900051405,2,20,09:40,1,2,3,1.0,3.0,94065,CHARLES LINDBERGH (AV),M,"48,7555100","2,3468400",94,2019,30.0,1.0,1.0,2.0,2258303,1.0,1,1,1,1.0,,-1.0,0,1989.0,B01,138Â 209Â 487,1.0,5.0,-1.0,1723784,2.0,10,,0.0,2.0,2.0,A01,138Â 209Â 486,1.0
1009874,201900051405,2,20,09:40,1,2,3,1.0,3.0,94065,CHARLES LINDBERGH (AV),M,"48,7555100","2,3468400",94,2019,30.0,1.0,1.0,2.0,2258303,1.0,1,1,1,1.0,,-1.0,0,1989.0,B01,138Â 209Â 487,1.0,5.0,-1.0,1723785,1.0,7,,0.0,2.0,3.0,B01,138Â 209Â 487,1.0
1009875,201900051406,2,20,14:30,1,2,3,1.0,3.0,94065,CHARLES LINDBERGH (AV),M,"48,7555100","2,3468400",94,2019,50.0,1.0,1.0,2.0,2258304,1.0,1,4,1,4.0,,-1.0, -1,1986.0,A01,138Â 209Â 484,2.0,0.0,-1.0,1723786,2.0,30,,0.0,2.0,1.0,A01,138Â 209Â 484,1.0
1009875,201900051406,2,20,14:30,1,2,3,1.0,3.0,94065,CHARLES LINDBERGH (AV),M,"48,7555100","2,3468400",94,2019,50.0,1.0,1.0,2.0,2258304,1.0,1,4,1,4.0,,-1.0, -1,1986.0,A01,138Â 209Â 484,2.0,0.0,-1.0,1723787,2.0,0,,0.0,2.0,4.0,B01,138Â 209Â 485,0.0
1009876,201900051407,2,20,12:58,1,2,9,1.0,6.0,94022,VICTOR HUGO (AV),M,"48,7691400","2,4214600",94,2019,50.0,1.0,1.0,3.0,2258305,10.0,3,4,1,2.0,,1.0,3,2007.0,A01,138Â 209Â 483,8.0,0.0,-1.0,1723788,2.0,7,,0.0,1.0,2.0,A01,138Â 209Â 483,1.0
1009876,201900051407,2,20,12:58,1,2,9,1.0,6.0,94022,VICTOR HUGO (AV),M,"48,7691400","2,4214600",94,2019,50.0,1.0,1.0,3.0,2258306,2.0,2,1,1,5.0,,-1.0, -1,1969.0,A01,138Â 209Â 483,1.0,0.0,-1.0,1723788,2.0,7,,0.0,1.0,2.0,A01,138Â 209Â 483,1.0
1009876,201900051407,2,20,12:58,1,2,9,1.0,6.0,94022,VICTOR HUGO (AV),M,"48,7691400","2,4214600",94,2019,50.0,1.0,1.0,3.0,2258307,1.0,1,1,1,5.0,,0.0,0,1960.0,A01,138Â 209Â 483,1.0,0.0,-1.0,1723788,2.0,7,,0.0,1.0,2.0,A01,138Â 209Â 483,1.0
1009877,201900051408,2,18,11:10,1,2,1,1.0,6.0,94022,JEAN JAURES (R),M,"48,7654000","2,4088400",94,2019,50.0,1.0,1.0,3.0,2258308,1.0,1,1,1,5.0,,-1.0, -1,1942.0,A01,138Â 209Â 482,1.0,0.0,-1.0,1723789,1.0,10,,0.0,1.0,2.0,A01,138Â 209Â 482,1.0
1009877,201900051408,2,18,11:10,1,2,1,1.0,6.0,94022,JEAN JAURES (R),M,"48,7654000","2,4088400",94,2019,50.0,1.0,1.0,3.0,2258309,10.0,3,4,2,0.0,,4.0,3,1994.0,A01,138Â 209Â 482,8.0,0.0,-1.0,1723789,1.0,10,,0.0,1.0,2.0,A01,138Â 209Â 482,1.0
1009878,201900051409,2,15,14:05,1,2,1,1.0,3.0,94022,GUYNEMER (AV),M,"48,7607400","2,4163500",94,2019,50.0,1.0,1.0,4.0,2258310,1.0,1,1,1,4.0,,-1.0, -1,1962.0,B01,138Â 209Â 480,1.0,0.0,-1.0,1723790,1.0,14,,1.0,0.0,2.0,B01,138Â 209Â 480,1.0
1009878,201900051409,2,15,14:05,1,2,1,1.0,3.0,94022,GUYNEMER (AV),M,"48,7607400","2,4163500",94,2019,50.0,1.0,1.0,4.0,2258310,1.0,1,1,1,4.0,,-1.0, -1,1962.0,B01,138Â 209Â 480,1.0,0.0,-1.0,1723791,1.0,7,,1.0,0.0,2.0,A01,138Â 209Â 481,1.0
1009878,201900051409,2,15,14:05,1,2,1,1.0,3.0,94022,GUYNEMER (AV),M,"48,7607400","2,4163500",94,2019,50.0,1.0,1.0,4.0,2258311,1.0,2,4,2,3.0,,-1.0, -1,2006.0,A01,138Â 209Â 481,1.0,0.0,-1.0,1723790,1.0,14,,1.0,0.0,2.0,B01,138Â 209Â 480,1.0
1009878,201900051409,2,15,14:05,1,2,1,1.0,3.0,94022,GUYNEMER (AV),M,"48,7607400","2,4163500",94,2019,50.0,1.0,1.0,4.0,2258311,1.0,2,4,2,3.0,,-1.0, -1,2006.0,A01,138Â 209Â 481,1.0,0.0,-1.0,1723791,1.0,7,,1.0,0.0,2.0,A01,138Â 209Â 481,1.0
1009878,201900051409,2,15,14:05,1,2,1,1.0,3.0,94022,GUYNEMER (AV),M,"48,7607400","2,4163500",94,2019,50.0,1.0,1.0,4.0,2258312,1.0,1,4,2,3.0,,-1.0, -1,1986.0,A01,138Â 209Â 481,1.0,0.0,-1.0,1723790,1.0,14,,1.0,0.0,2.0,B01,138Â 209Â 480,1.0
1009878,201900051409,2,15,14:05,1,2,1,1.0,3.0,94022,GUYNEMER (AV),M,"48,7607400","2,4163500",94,2019,50.0,1.0,1.0,4.0,2258312,1.0,1,4,2,3.0,,-1.0, -1,1986.0,A01,138Â 209Â 481,1.0,0.0,-1.0,1723791,1.0,7,,1.0,0.0,2.0,A01,138Â 209Â 481,1.0
1009879,201900051410,2,12,10:25,1,2,1,1.0,6.0,94054,JEAN MERMOZ (R),M,"48,7489700","2,4147700",94,2019,50.0,1.0,1.0,4.0,2258313,1.0,1,4,1,1.0,,0.0,0,1995.0,A01,138Â 209Â 479,1.0,8.0,-1.0,1723792,2.0,7,,1.0,0.0,2.0,A01,138Â 209Â 479,1.0
1009880,201900051411,2,13,11:25,1,2,1,1.0,2.0,94069,CANADIENS (AV DES),M,"48,8171800","2,4572500",94,2019,70.0,1.0,1.0,3.0,2258314,1.0,1,1,2,0.0,,-1.0,0,1956.0,B01,138Â 209Â 477,1.0,0.0,-1.0,1723793,2.0,7,,0.0,2.0,4.0,B01,138Â 209Â 477,1.0
1009880,201900051411,2,13,11:25,1,2,1,1.0,2.0,94069,CANADIENS (AV DES),M,"48,8171800","2,4572500",94,2019,70.0,1.0,1.0,3.0,2258314,1.0,1,1,2,0.0,,-1.0,0,1956.0,B01,138Â 209Â 477,1.0,0.0,-1.0,1723794,2.0,7,,0.0,2.0,1.0,A01,138Â 209Â 478,1.0
1009880,201900051411,2,13,11:25,1,2,1,1.0,2.0,94069,CANADIENS (AV DES),M,"48,8171800","2,4572500",94,2019,70.0,1.0,1.0,3.0,2258315,1.0,1,1,1,0.0,,-1.0,0,1982.0,A01,138Â 209Â 478,1.0,5.0,-1.0,1723793,2.0,7,,0.0,2.0,4.0,B01,138Â 209Â 477,1.0
1009880,201900051411,2,13,11:25,1,2,1,1.0,2.0,94069,CANADIENS (AV DES),M,"48,8171800","2,4572500",94,2019,70.0,1.0,1.0,3.0,2258315,1.0,1,1,1,0.0,,-1.0,0,1982.0,A01,138Â 209Â 478,1.0,5.0,-1.0,1723794,2.0,7,,0.0,2.0,1.0,A01,138Â 209Â 478,1.0
1009880,201900051411,2,13,11:25,1,2,1,1.0,2.0,94069,CANADIENS (AV DES),M,"48,8171800","2,4572500",94,2019,70.0,1.0,1.0,3.0,2258316,2.0,2,4,2,0.0,,-1.0,0,1981.0,A01,138Â 209Â 478,1.0,5.0,-1.0,1723793,2.0,7,,0.0,2.0,4.0,B01,138Â 209Â 477,1.0
1009880,201900051411,2,13,11:25,1,2,1,1.0,2.0,94069,CANADIENS (AV DES),M,"48,8171800","2,4572500",94,2019,70.0,1.0,1.0,3.0,2258316,2.0,2,4,2,0.0,,-1.0,0,1981.0,A01,138Â 209Â 478,1.0,5.0,-1.0,1723794,2.0,7,,0.0,2.0,1.0,A01,138Â 209Â 478,1.0
1009881,201900051412,2,20,18:20,1,2,1,1.0,6.0,93073,VERT (CHEMIN),M,"48,9803400","2,5610500",93,2019,50.0,1.0,1.0,4.0,2258317,10.0,3,4,2,1.0,,1.0,B,1998.0,A01,138Â 209Â 476,8.0,0.0,-1.0,1723795,3.0,7,,0.0,1.0,6.0,A01,138Â 209Â 476,1.0
1009881,201900051412,2,20,18:20,1,2,1,1.0,6.0,93073,VERT (CHEMIN),M,"48,9803400","2,5610500",93,2019,50.0,1.0,1.0,4.0,2258318,1.0,1,1,1,1.0,,-1.0, -1,1998.0,A01,138Â 209Â 476,1.0,0.0,-1.0,1723795,3.0,7,,0.0,1.0,6.0,A01,138Â 209Â 476,1.0
1009882,201900051413,2,20,15:50,1,2,1,1.0,6.0,93070,MICHELET(AV):NÂ°1AU 103,M,"48,9105000","2,3441000",93,2019,50.0,1.0,1.0,4.0,2258319,1.0,1,4,1,0.0,,-1.0, -1,1982.0,A01,138Â 209Â 475,0.0,-1.0,-1.0,1723796,2.0,99,,0.0,0.0,0.0,B01,138Â 209Â 474,0.0
1009882,201900051413,2,20,15:50,1,2,1,1.0,6.0,93070,MICHELET(AV):NÂ°1AU 103,M,"48,9105000","2,3441000",93,2019,50.0,1.0,1.0,4.0,2258319,1.0,1,4,1,0.0,,-1.0, -1,1982.0,A01,138Â 209Â 475,0.0,-1.0,-1.0,1723797,2.0,1,,0.0,0.0,7.0,A01,138Â 209Â 475,6.0
1009883,201900051414,2,19,15:20,1,2,1,1.0,6.0,93070,CAPITAINE-GLARNER (AV),M,"48,9043800","2,3287600",93,2019,50.0,1.0,1.0,4.0,2258320,1.0,1,1,1,5.0,,0.0,0,1981.0,A01,138Â 209Â 473,1.0,0.0,-1.0,1723798,1.0,7,,0.0,1.0,1.0,A01,138Â 209Â 473,0.0
1009883,201900051414,2,19,15:20,1,2,1,1.0,6.0,93070,CAPITAINE-GLARNER (AV),M,"48,9043800","2,3287600",93,2019,50.0,1.0,1.0,4.0,2258321,10.0,3,3,1,2.0,,4.0,3,2006.0,A01,138Â 209Â 473,8.0,0.0,-1.0,1723798,1.0,7,,0.0,1.0,1.0,A01,138Â 209Â 473,0.0
1009884,201900051415,2,19,19:35,5,2,3,1.0,1.0,93049,PAUL DOUMER (AVENUE),M,"48,8593700","2,5183100",93,2019,50.0,1.0,1.0,4.0,2258322,1.0,1,1,2,0.0,,-1.0, -1,1958.0,B01,138Â 209Â 471,1.0,0.0,-1.0,1723799,1.0,7,,0.0,2.0,3.0,B01,138Â 209Â 471,0.0
1009884,201900051415,2,19,19:35,5,2,3,1.0,1.0,93049,PAUL DOUMER (AVENUE),M,"48,8593700","2,5183100",93,2019,50.0,1.0,1.0,4.0,2258322,1.0,1,1,2,0.0,,-1.0, -1,1958.0,B01,138Â 209Â 471,1.0,0.0,-1.0,1723800,2.0,7,,0.0,2.0,3.0,A01,138Â 209Â 472,0.0
1009884,201900051415,2,19,19:35,5,2,3,1.0,1.0,93049,PAUL DOUMER (AVENUE),M,"48,8593700","2,5183100",93,2019,50.0,1.0,1.0,4.0,2258323,5.0,2,4,2,0.0,,-1.0, -1,1939.0,B01,138Â 209Â 471,1.0,0.0,-1.0,1723799,1.0,7,,0.0,2.0,3.0,B01,138Â 209Â 471,0.0
1009884,201900051415,2,19,19:35,5,2,3,1.0,1.0,93049,PAUL DOUMER (AVENUE),M,"48,8593700","2,5183100",93,2019,50.0,1.0,1.0,4.0,2258323,5.0,2,4,2,0.0,,-1.0, -1,1939.0,B01,138Â 209Â 471,1.0,0.0,-1.0,1723800,2.0,7,,0.0,2.0,3.0,A01,138Â 209Â 472,0.0
1009884,201900051415,2,19,19:35,5,2,3,1.0,1.0,93049,PAUL DOUMER (AVENUE),M,"48,8593700","2,5183100",93,2019,50.0,1.0,1.0,4.0,2258324,3.0,2,4,2,0.0,,-1.0, -1,2004.0,B01,138Â 209Â 471,1.0,0.0,-1.0,1723799,1.0,7,,0.0,2.0,3.0,B01,138Â 209Â 471,0.0
1009884,201900051415,2,19,19:35,5,2,3,1.0,1.0,93049,PAUL DOUMER (AVENUE),M,"48,8593700","2,5183100",93,2019,50.0,1.0,1.0,4.0,2258324,3.0,2,4,2,0.0,,-1.0, -1,2004.0,B01,138Â 209Â 471,1.0,0.0,-1.0,1723800,2.0,7,,0.0,2.0,3.0,A01,138Â 209Â 472,0.0
1009884,201900051415,2,19,19:35,5,2,3,1.0,1.0,93049,PAUL DOUMER (AVENUE),M,"48,8593700","2,5183100",93,2019,50.0,1.0,1.0,4.0,2258325,4.0,2,1,2,0.0,,-1.0, -1,1970.0,B01,138Â 209Â 471,1.0,0.0,-1.0,1723799,1.0,7,,0.0,2.0,3.0,B01,138Â 209Â 471,0.0