Unnamed: 0_x,num_acc,mois,jour,hrmn,lum,agg,int,atm,col,com,adr,gps,lat,long,dep,annee,vma,situ,surf,catr,Unnamed: 0_y,place,catu,grav,sexe,trajet,secu,locp,actp,an_nais,num_veh_x,id_vehicule_x,secu1,secu2,secu3,Unnamed: 0,senc,catv,occutc,obs,obsm,choc,num_veh_y,id_vehicule_y,motor
1009884,201900051415,2,19,19:35,5,2,3,1.0,1.0,93049,PAUL DOUMER (AVENUE),M,"48,8593700","2,5183100",93,2019,50.0,1.0,1.0,4.0,2258325,4.0,2,1,2,0.0,,-1.0, -1,1970.0,B01,138Â 209Â 471,1.0,0.0,-1.0,1723800,2.0,7,,0.0,2.0,3.0,A01,138Â 209Â 472,0.0
1009884,201900051415,2,19,19:35,5,2,3,1.0,1.0,93049,PAUL DOUMER (AVENUE),M,"48,8593700","2,5183100",93,2019,50.0,1.0,1.0,4.0,2258326,2.0,2,4,1,0.0,,-1.0, -1,1939.0,B01,138Â 209Â 471,1.0,0.0,-1.0,1723799,1.0,7,,0.0,2.0,3.0,B01,138Â 209Â 471,0.0
1009884,201900051415,2,19,19:35,5,2,3,1.0,1.0,93049,PAUL DOUMER (AVENUE),M,"48,8593700","2,5183100",93,2019,50.0,1.0,1.0,4.0,2258326,2.0,2,4,1,0.0,,-1.0, -1,1939.0,B01,138Â 209Â 471,1.0,0.0,-1.0,1723800,2.0,7,,0.0,2.0,3.0,A01,138Â 209Â 472,0.0
1009884,201900051415,2,19,19:35,5,2,3,1.0,1.0,93049,PAUL DOUMER (AVENUE),M,"48,8593700","2,5183100",93,2019,50.0,1.0,1.0,4.0,2258327,1.0,1,1,1,0.0,,-1.0, -1,1982.0,A01,138Â 209Â 472,8.0,0.0,-1.0,1723799,1.0,7,,0.0,2.0,3.0,B01,138Â 209Â 471,0.0
1009884,201900051415,2,19,19:35,5,2,3,1.0,1.0,93049,PAUL DOUMER (AVENUE),M,"48,8593700","2,5183100",93,2019,50.0,1.0,1.0,4.0,2258327,1.0,1,1,1,0.0,,-1.0, -1,1982.0,A01,138Â 209Â 472,8.0,0.0,-1.0,1723800,2.0,7,,0.0,2.0,3.0,A01,138Â 209Â 472,0.0
1009885,201900051416,2,19,06:50,5,2,2,1.0,5.0,93045,JUIN AVENUE DU MARECHAL,M,"48,8783110","2,4225000",93,2019,50.0,1.0,1.0,3.0,2258328,1.0,1,1,1,1.0,,-1.0,0,1969.0,A01,138Â 209Â 467,1.0,0.0,-1.0,1723801,1.0,7,,0.0,2.0,6.0,A01,138Â 209Â 467,0.0
1009885,201900051416,2,19,06:50,5,2,2,1.0,5.0,93045,JUIN AVENUE DU MARECHAL,M,"48,8783110","2,4225000",93,2019,50.0,1.0,1.0,3.0,2258328,1.0,1,1,1,1.0,,-1.0,0,1969.0,A01,138Â 209Â 467,1.0,0.0,-1.0,1723802,3.0,34,,0.0,2.0,7.0,C01,138Â 209Â 468,0.0
1009885,201900051416,2,19,06:50,5,2,2,1.0,5.0,93045,JUIN AVENUE DU MARECHAL,M,"48,8783110","2,4225000",93,2019,50.0,1.0,1.0,3.0,2258328,1.0,1,1,1,1.0,,-1.0,0,1969.0,A01,138Â 209Â 467,1.0,0.0,-1.0,1723803,3.0,34,,0.0,2.0,7.0,D01,138Â 209Â 469,0.0
1009885,201900051416,2,19,06:50,5,2,2,1.0,5.0,93045,JUIN AVENUE DU MARECHAL,M,"48,8783110","2,4225000",93,2019,50.0,1.0,1.0,3.0,2258328,1.0,1,1,1,1.0,,-1.0,0,1969.0,A01,138Â 209Â 467,1.0,0.0,-1.0,1723804,2.0,7,,0.0,2.0,3.0,B01,138Â 209Â 470,0.0
1009885,201900051416,2,19,06:50,5,2,2,1.0,5.0,93045,JUIN AVENUE DU MARECHAL,M,"48,8783110","2,4225000",93,2019,50.0,1.0,1.0,3.0,2258329,1.0,1,4,2,0.0,,-1.0, -1,1947.0,B01,138Â 209Â 470,1.0,0.0,-1.0,1723801,1.0,7,,0.0,2.0,6.0,A01,138Â 209Â 467,0.0
1009885,201900051416,2,19,06:50,5,2,2,1.0,5.0,93045,JUIN AVENUE DU MARECHAL,M,"48,8783110","2,4225000",93,2019,50.0,1.0,1.0,3.0,2258329,1.0,1,4,2,0.0,,-1.0, -1,1947.0,B01,138Â 209Â 470,1.0,0.0,-1.0,1723802,3.0,34,,0.0,2.0,7.0,C01,138Â 209Â 468,0.0
1009885,201900051416,2,19,06:50,5,2,2,1.0,5.0,93045,JUIN AVENUE DU MARECHAL,M,"48,8783110","2,4225000",93,2019,50.0,1.0,1.0,3.0,2258329,1.0,1,4,2,0.0,,-1.0, -1,1947.0,B01,138Â 209Â 470,1.0,0.0,-1.0,1723803,3.0,34,,0.0,2.0,7.0,D01,138Â 209Â 469,0.0
1009885,201900051416,2,19,06:50,5,2,2,1.0,5.0,93045,JUIN AVENUE DU MARECHAL,M,"48,8783110","2,4225000",93,2019,50.0,1.0,1.0,3.0,2258329,1.0,1,4,2,0.0,,-1.0, -1,1947.0,B01,138Â 209Â 470,1.0,0.0,-1.0,1723804,2.0,7,,0.0,2.0,3.0,B01,138Â 209Â 470,0.0
1009886,201900051417,2,20,16:30,1,2,1,1.0,5.0,93029,HENRI BARBUSSE (AVE) NÂ°126-280,M,"48,9199700","2,4517700",93,2019,50.0,1.0,1.0,3.0,2258330,1.0,1,1,1,4.0,,-1.0, -1,1971.0,C01,138Â 209Â 464,1.0,8.0,-1.0,1723805,2.0,10,,0.0,2.0,3.0,C01,138Â 209Â 464,1.0
1009886,201900051417,2,20,16:30,1,2,1,1.0,5.0,93029,HENRI BARBUSSE (AVE) NÂ°126-280,M,"48,9199700","2,4517700",93,2019,50.0,1.0,1.0,3.0,2258330,1.0,1,1,1,4.0,,-1.0, -1,1971.0,C01,138Â 209Â 464,1.0,8.0,-1.0,1723806,1.0,7,,0.0,2.0,3.0,B01,138Â 209Â 465,1.0
1009886,201900051417,2,20,16:30,1,2,1,1.0,5.0,93029,HENRI BARBUSSE (AVE) NÂ°126-280,M,"48,9199700","2,4517700",93,2019,50.0,1.0,1.0,3.0,2258330,1.0,1,1,1,4.0,,-1.0, -1,1971.0,C01,138Â 209Â 464,1.0,8.0,-1.0,1723807,1.0,33,,0.0,2.0,1.0,A01,138Â 209Â 466,1.0
1009886,201900051417,2,20,16:30,1,2,1,1.0,5.0,93029,HENRI BARBUSSE (AVE) NÂ°126-280,M,"48,9199700","2,4517700",93,2019,50.0,1.0,1.0,3.0,2258331,1.0,1,1,1,1.0,,-1.0, -1,1986.0,B01,138Â 209Â 465,1.0,8.0,-1.0,1723805,2.0,10,,0.0,2.0,3.0,C01,138Â 209Â 464,1.0
1009886,201900051417,2,20,16:30,1,2,1,1.0,5.0,93029,HENRI BARBUSSE (AVE) NÂ°126-280,M,"48,9199700","2,4517700",93,2019,50.0,1.0,1.0,3.0,2258331,1.0,1,1,1,1.0,,-1.0, -1,1986.0,B01,138Â 209Â 465,1.0,8.0,-1.0,1723806,1.0,7,,0.0,2.0,3.0,B01,138Â 209Â 465,1.0
1009886,201900051417,2,20,16:30,1,2,1,1.0,5.0,93029,HENRI BARBUSSE (AVE) NÂ°126-280,M,"48,9199700","2,4517700",93,2019,50.0,1.0,1.0,3.0,2258331,1.0,1,1,1,1.0,,-1.0, -1,1986.0,B01,138Â 209Â 465,1.0,8.0,-1.0,1723807,1.0,33,,0.0,2.0,1.0,A01,138Â 209Â 466,1.0
1009886,201900051417,2,20,16:30,1,2,1,1.0,5.0,93029,HENRI BARBUSSE (AVE) NÂ°126-280,M,"48,9199700","2,4517700",93,2019,50.0,1.0,1.0,3.0,2258332,1.0,1,3,1,1.0,,-1.0, -1,1982.0,A01,138Â 209Â 466,2.0,6.0,-1.0,1723805,2.0,10,,0.0,2.0,3.0,C01,138Â 209Â 464,1.0
1009886,201900051417,2,20,16:30,1,2,1,1.0,5.0,93029,HENRI BARBUSSE (AVE) NÂ°126-280,M,"48,9199700","2,4517700",93,2019,50.0,1.0,1.0,3.0,2258332,1.0,1,3,1,1.0,,-1.0, -1,1982.0,A01,138Â 209Â 466,2.0,6.0,-1.0,1723806,1.0,7,,0.0,2.0,3.0,B01,138Â 209Â 465,1.0
1009886,201900051417,2,20,16:30,1,2,1,1.0,5.0,93029,HENRI BARBUSSE (AVE) NÂ°126-280,M,"48,9199700","2,4517700",93,2019,50.0,1.0,1.0,3.0,2258332,1.0,1,3,1,1.0,,-1.0, -1,1982.0,A01,138Â 209Â 466,2.0,6.0,-1.0,1723807,1.0,33,,0.0,2.0,1.0,A01,138Â 209Â 466,1.0
1009887,201900051418,2,19,14:30,1,2,1,1.0,2.0,93027,SALENGRO (AVENUE ROGER),M,"48,9389600","2,3878800",93,2019,50.0,1.0,1.0,3.0,2258333,1.0,1,4,1,4.0,,-1.0, -1,1993.0,A01,138Â 209Â 462,1.0,8.0,-1.0,1723808,1.0,15,,0.0,2.0,4.0,A01,138Â 209Â 462,1.0
1009887,201900051418,2,19,14:30,1,2,1,1.0,2.0,93027,SALENGRO (AVENUE ROGER),M,"48,9389600","2,3878800",93,2019,50.0,1.0,1.0,3.0,2258333,1.0,1,4,1,4.0,,-1.0, -1,1993.0,A01,138Â 209Â 462,1.0,8.0,-1.0,1723809,1.0,33,,0.0,2.0,1.0,B01,138Â 209Â 463,1.0
1009887,201900051418,2,19,14:30,1,2,1,1.0,2.0,93027,SALENGRO (AVENUE ROGER),M,"48,9389600","2,3878800",93,2019,50.0,1.0,1.0,3.0,2258334,1.0,1,4,1,9.0,,-1.0, -1,1998.0,B01,138Â 209Â 463,8.0,0.0,-1.0,1723808,1.0,15,,0.0,2.0,4.0,A01,138Â 209Â 462,1.0
1009887,201900051418,2,19,14:30,1,2,1,1.0,2.0,93027,SALENGRO (AVENUE ROGER),M,"48,9389600","2,3878800",93,2019,50.0,1.0,1.0,3.0,2258334,1.0,1,4,1,9.0,,-1.0, -1,1998.0,B01,138Â 209Â 463,8.0,0.0,-1.0,1723809,1.0,33,,0.0,2.0,1.0,B01,138Â 209Â 463,1.0
1009888,201900051419,1,29,08:50,1,2,4,1.0,6.0,92046,JULES GUESDE (RUE),M,"48,8140000","2,2871500",92,2019,30.0,1.0,1.0,7.0,2258335,1.0,1,1,2,1.0,,-1.0,0,1980.0,A01,138Â 209Â 461,1.0,0.0,-1.0,1723810,3.0,7,,0.0,1.0,7.0,A01,138Â 209Â 461,1.0
1009888,201900051419,1,29,08:50,1,2,4,1.0,6.0,92046,JULES GUESDE (RUE),M,"48,8140000","2,2871500",92,2019,30.0,1.0,1.0,7.0,2258336,10.0,3,4,1,0.0,,3.0,3,2007.0,A01,138Â 209Â 461,8.0,0.0,-1.0,1723810,3.0,7,,0.0,1.0,7.0,A01,138Â 209Â 461,1.0
1009889,201900051420,2,16,22:20,5,2,3,1.0,6.0,92050,REPUBLIQUE AVENUE DE LA,M,"48,9074700","2,2128500",92,2019,50.0,1.0,1.0,3.0,2258337,2.0,2,4,1,0.0,,-1.0,0,2001.0,A01,138Â 209Â 460,1.0,0.0,-1.0,1723811,3.0,7,,4.0,2.0,1.0,A01,138Â 209Â 460,1.0
1009889,201900051420,2,16,22:20,5,2,3,1.0,6.0,92050,REPUBLIQUE AVENUE DE LA,M,"48,9074700","2,2128500",92,2019,50.0,1.0,1.0,3.0,2258338,3.0,2,1,1,0.0,,-1.0,0,2001.0,A01,138Â 209Â 460,8.0,0.0,-1.0,1723811,3.0,7,,4.0,2.0,1.0,A01,138Â 209Â 460,1.0
1009889,201900051420,2,16,22:20,5,2,3,1.0,6.0,92050,REPUBLIQUE AVENUE DE LA,M,"48,9074700","2,2128500",92,2019,50.0,1.0,1.0,3.0,2258339,1.0,1,4,1,0.0,,-1.0,0,1999.0,A01,138Â 209Â 460,1.0,0.0,-1.0,1723811,3.0,7,,4.0,2.0,1.0,A01,138Â 209Â 460,1.0
1009890,201900051421,2,20,09:40,1,2,1,1.0,3.0,92049,BROSSOLETTE AVENUE PIERRE,M,"48,8122327","2,3009703",92,2019,50.0,1.0,1.0,3.0,2258340,1.0,1,3,1,0.0,,-1.0,0,1976.0,B01,138Â 209Â 458,2.0,8.0,-1.0,1723812,2.0,34,,0.0,2.0,3.0,B01,138Â 209Â 458,0.0
1009890,201900051421,2,20,09:40,1,2,1,1.0,3.0,92049,BROSSOLETTE AVENUE PIERRE,M,"48,8122327","2,3009703",92,2019,50.0,1.0,1.0,3.0,2258340,1.0,1,3,1,0.0,,-1.0,0,1976.0,B01,138Â 209Â 458,2.0,8.0,-1.0,1723813,2.0,7,,0.0,2.0,2.0,A01,138Â 209Â 459,0.0
1009890,201900051421,2,20,09:40,1,2,1,1.0,3.0,92049,BROSSOLETTE AVENUE PIERRE,M,"48,8122327","2,3009703",92,2019,50.0,1.0,1.0,3.0,2258341,1.0,1,1,1,1.0,,-1.0,0,1967.0,A01,138Â 209Â 459,1.0,8.0,-1.0,1723812,2.0,34,,0.0,2.0,3.0,B01,138Â 209Â 458,0.0
1009890,201900051421,2,20,09:40,1,2,1,1.0,3.0,92049,BROSSOLETTE AVENUE PIERRE,M,"48,8122327","2,3009703",92,2019,50.0,1.0,1.0,3.0,2258341,1.0,1,1,1,1.0,,-1.0,0,1967.0,A01,138Â 209Â 459,1.0,8.0,-1.0,1723813,2.0,7,,0.0,2.0,2.0,A01,138Â 209Â 459,0.0
1009891,201900051422,2,10,12:45,1,2,1,2.0,6.0,92020,EXUPERY AVENUE SAINT,M,"48,8089300","2,2983600",92,2019,50.0,1.0,2.0,3.0,2258342,10.0,3,3,2,5.0,,3.0,3,1932.0,A01,138Â 209Â 457,8.0,0.0,-1.0,1723814,1.0,7,,0.0,1.0,3.0,A01,138Â 209Â 457,1.0
1009891,201900051422,2,10,12:45,1,2,1,2.0,6.0,92020,EXUPERY AVENUE SAINT,M,"48,8089300","2,2983600",92,2019,50.0,1.0,2.0,3.0,2258343,1.0,1,1,1,5.0,,-1.0,0,1996.0,A01,138Â 209Â 457,1.0,8.0,-1.0,1723814,1.0,7,,0.0,1.0,3.0,A01,138Â 209Â 457,1.0
1009892,201900051423,2,20,14:00,1,2,1,1.0,6.0,92004,PONT DE CLICHY,M,"48,9093390","2,2996560",92,2019,50.0,1.0,1.0,3.0,2258344,1.0,1,4,1,0.0,,-1.0,0,1987.0,B01,138Â 209Â 455,2.0,8.0,-1.0,1723815,3.0,2,,0.0,2.0,3.0,B01,138Â 209Â 455,1.0
1009892,201900051423,2,20,14:00,1,2,1,1.0,6.0,92004,PONT DE CLICHY,M,"48,9093390","2,2996560",92,2019,50.0,1.0,1.0,3.0,2258344,1.0,1,4,1,0.0,,-1.0,0,1987.0,B01,138Â 209Â 455,2.0,8.0,-1.0,1723816,3.0,7,,0.0,1.0,2.0,A01,138Â 209Â 456,1.0
1009892,201900051423,2,20,14:00,1,2,1,1.0,6.0,92004,PONT DE CLICHY,M,"48,9093390","2,2996560",92,2019,50.0,1.0,1.0,3.0,2258345,1.0,1,1,1,0.0,,-1.0,0,1986.0,A01,138Â 209Â 456,1.0,8.0,-1.0,1723815,3.0,2,,0.0,2.0,3.0,B01,138Â 209Â 455,1.0
1009892,201900051423,2,20,14:00,1,2,1,1.0,6.0,92004,PONT DE CLICHY,M,"48,9093390","2,2996560",92,2019,50.0,1.0,1.0,3.0,2258345,1.0,1,1,1,0.0,,-1.0,0,1986.0,A01,138Â 209Â 456,1.0,8.0,-1.0,1723816,3.0,7,,0.0,1.0,2.0,A01,138Â 209Â 456,1.0
1009893,201900051424,2,20,23:15,3,1,1,1.0,7.0,50066,Lieu dit Milha - SAINT MICHEL DES LOUPS,M,"48,7743880"," -1,5664620",50,2019,80.0,3.0,1.0,4.0,2258346,1.0,1,3,1,5.0,,0.0,0,1990.0,A01,138Â 209Â 454,8.0,-1.0,-1.0,1723817,0.0,7,,2.0,0.0,1.0,A01,138Â 209Â 454,1.0
1009894,201900051425,2,20,16:30,1,1,2,1.0,6.0,86111,Route de OyrÃ©,M,"46,8739990","0,5747930",86,2019,80.0,1.0,1.0,3.0,2258347,1.0,1,3,1,5.0,,0.0,0,1998.0,B01,138Â 209Â 452,1.0,-1.0,-1.0,1723818,2.0,7,,0.0,0.0,7.0,B01,138Â 209Â 452,1.0
1009894,201900051425,2,20,16:30,1,1,2,1.0,6.0,86111,Route de OyrÃ©,M,"46,8739990","0,5747930",86,2019,80.0,1.0,1.0,3.0,2258347,1.0,1,3,1,5.0,,0.0,0,1998.0,B01,138Â 209Â 452,1.0,-1.0,-1.0,1723819,1.0,10,,0.0,2.0,1.0,A01,138Â 209Â 453,1.0
1009894,201900051425,2,20,16:30,1,1,2,1.0,6.0,86111,Route de OyrÃ©,M,"46,8739990","0,5747930",86,2019,80.0,1.0,1.0,3.0,2258348,1.0,1,1,1,4.0,,0.0,0,1958.0,A01,138Â 209Â 453,1.0,-1.0,-1.0,1723818,2.0,7,,0.0,0.0,7.0,B01,138Â 209Â 452,1.0
1009894,201900051425,2,20,16:30,1,1,2,1.0,6.0,86111,Route de OyrÃ©,M,"46,8739990","0,5747930",86,2019,80.0,1.0,1.0,3.0,2258348,1.0,1,1,1,4.0,,0.0,0,1958.0,A01,138Â 209Â 453,1.0,-1.0,-1.0,1723819,1.0,10,,0.0,2.0,1.0,A01,138Â 209Â 453,1.0
1009894,201900051425,2,20,16:30,1,1,2,1.0,6.0,86111,Route de OyrÃ©,M,"46,8739990","0,5747930",86,2019,80.0,1.0,1.0,3.0,2258349,2.0,2,1,1,4.0,,0.0,0,1994.0,A01,138Â 209Â 453,1.0,-1.0,-1.0,1723818,2.0,7,,0.0,0.0,7.0,B01,138Â 209Â 452,1.0
1009894,201900051425,2,20,16:30,1,1,2,1.0,6.0,86111,Route de OyrÃ©,M,"46,8739990","0,5747930",86,2019,80.0,1.0,1.0,3.0,2258349,2.0,2,1,1,4.0,,0.0,0,1994.0,A01,138Â 209Â 453,1.0,-1.0,-1.0,1723819,1.0,10,,0.0,2.0,1.0,A01,138Â 209Â 453,1.0
1009895,201900051426,2,20,17:35,2,1,9,1.0,5.0,83148,RN7,M,"43,4270580","6,4314120",83,2019,80.0,1.0,1.0,3.0,2258350,1.0,1,2,1,5.0,,0.0,0,1995.0,A01,138Â 209Â 449,2.0,-1.0,-1.0,1723820,1.0,31,,0.0,2.0,1.0,A01,138Â 209Â 449,1.0
1009895,201900051426,2,20,17:35,2,1,9,1.0,5.0,83148,RN7,M,"43,4270580","6,4314120",83,2019,80.0,1.0,1.0,3.0,2258350,1.0,1,2,1,5.0,,0.0,0,1995.0,A01,138Â 209Â 449,2.0,-1.0,-1.0,1723821,1.0,7,,0.0,2.0,6.0,B01,138Â 209Â 450,1.0
1009895,201900051426,2,20,17:35,2,1,9,1.0,5.0,83148,RN7,M,"43,4270580","6,4314120",83,2019,80.0,1.0,1.0,3.0,2258350,1.0,1,2,1,5.0,,0.0,0,1995.0,A01,138Â 209Â 449,2.0,-1.0,-1.0,1723822,2.0,7,,0.0,9.0,8.0,C01,138Â 209Â 451,1.0
1009895,201900051426,2,20,17:35,2,1,9,1.0,5.0,83148,RN7,M,"43,4270580","6,4314120",83,2019,80.0,1.0,1.0,3.0,2258351,1.0,1,1,2,5.0,,0.0,0,1991.0,B01,138Â 209Â 450,1.0,-1.0,-1.0,1723820,1.0,31,,0.0,2.0,1.0,A01,138Â 209Â 449,1.0
1009895,201900051426,2,20,17:35,2,1,9,1.0,5.0,83148,RN7,M,"43,4270580","6,4314120",83,2019,80.0,1.0,1.0,3.0,2258351,1.0,1,1,2,5.0,,0.0,0,1991.0,B01,138Â 209Â 450,1.0,-1.0,-1.0,1723821,1.0,7,,0.0,2.0,6.0,B01,138Â 209Â 450,1.0
1009895,201900051426,2,20,17:35,2,1,9,1.0,5.0,83148,RN7,M,"43,4270580","6,4314120",83,2019,80.0,1.0,1.0,3.0,2258351,1.0,1,1,2,5.0,,0.0,0,1991.0,B01,138Â 209Â 450,1.0,-1.0,-1.0,1723822,2.0,7,,0.0,9.0,8.0,C01,138Â 209Â 451,1.0
1009895,201900051426,2,20,17:35,2,1,9,1.0,5.0,83148,RN7,M,"43,4270580","6,4314120",83,2019,80.0,1.0,1.0,3.0,2258352,9.0,2,1,2,5.0,,0.0,0,2016.0,B01,138Â 209Â 450,3.0,-1.0,-1.0,1723820,1.0,31,,0.0,2.0,1.0,A01,138Â 209Â 449,1.0
1009895,201900051426,2,20,17:35,2,1,9,1.0,5.0,83148,RN7,M,"43,4270580","6,4314120",83,2019,80.0,1.0,1.0,3.0,2258352,9.0,2,1,2,5.0,,0.0,0,2016.0,B01,138Â 209Â 450,3.0,-1.0,-1.0,1723821,1.0,7,,0.0,2.0,6.0,B01,138Â 209Â 450,1.0
1009895,201900051426,2,20,17:35,2,1,9,1.0,5.0,83148,RN7,M,"43,4270580","6,4314120",83,2019,80.0,1.0,1.0,3.0,2258352,9.0,2,1,2,5.0,,0.0,0,2016.0,B01,138Â 209Â 450,3.0,-1.0,-1.0,1723822,2.0,7,,0.0,9.0,8.0,C01,138Â 209Â 451,1.0
1009895,201900051426,2,20,17:35,2,1,9,1.0,5.0,83148,RN7,M,"43,4270580","6,4314120",83,2019,80.0,1.0,1.0,3.0,2258353,1.0,1,1,2,5.0,,0.0,0,1951.0,C01,138Â 209Â 451,1.0,-1.0,-1.0,1723820,1.0,31,,0.0,2.0,1.0,A01,138Â 209Â 449,1.0
1009895,201900051426,2,20,17:35,2,1,9,1.0,5.0,83148,RN7,M,"43,4270580","6,4314120",83,2019,80.0,1.0,1.0,3.0,2258353,1.0,1,1,2,5.0,,0.0,0,1951.0,C01,138Â 209Â 451,1.0,-1.0,-1.0,1723821,1.0,7,,0.0,2.0,6.0,B01,138Â 209Â 450,1.0
1009895,201900051426,2,20,17:35,2,1,9,1.0,5.0,83148,RN7,M,"43,4270580","6,4314120",83,2019,80.0,1.0,1.0,3.0,2258353,1.0,1,1,2,5.0,,0.0,0,1951.0,C01,138Â 209Â 451,1.0,-1.0,-1.0,1723822,2.0,7,,0.0,9.0,8.0,C01,138Â 209Â 451,1.0
1009896,201900051427,2,21,07:35,2,1,1,1.0,6.0,23247,D76 / route de la brionne,M,"46,2003570","1,7594060",23,2019,50.0,3.0,1.0,3.0,2258354,1.0,1,2,1,0.0,,0.0,0,1990.0,A01,138Â 209Â 448,2.0,6.0,-1.0,1723823,2.0,33,,15.0,0.0,1.0,A01,138Â 209Â 448,1.0
1009897,201900051428,2,21,00:30,5,1,3,1.0,6.0,38133,Route de Chartreuse,M,"45,3652300","5,6212000",38,2019,50.0,1.0,1.0,3.0,2258355,1.0,1,3,2,5.0,,0.0,0,1995.0,A01,138Â 209Â 447,1.0,-1.0,-1.0,1723824,1.0,7,,6.0,0.0,1.0,A01,138Â 209Â 447,1.0
1009898,201900051429,2,20,17:45,1,1,1,1.0,3.0,84039,D72,M,"44,0973470","4,8532370",84,2019,80.0,1.0,1.0,3.0,2258356,2.0,2,3,2,0.0,,0.0,0,1995.0,B01,138Â 209Â 445,2.0,6.0,-1.0,1723825,1.0,33,,0.0,2.0,1.0,B01,138Â 209Â 445,1.0
1009898,201900051429,2,20,17:45,1,1,1,1.0,3.0,84039,D72,M,"44,0973470","4,8532370",84,2019,80.0,1.0,1.0,3.0,2258356,2.0,2,3,2,0.0,,0.0,0,1995.0,B01,138Â 209Â 445,2.0,6.0,-1.0,1723826,1.0,7,,0.0,2.0,8.0,A01,138Â 209Â 446,1.0
1009898,201900051429,2,20,17:45,1,1,1,1.0,3.0,84039,D72,M,"44,0973470","4,8532370",84,2019,80.0,1.0,1.0,3.0,2258357,1.0,1,3,2,0.0,,0.0,0,1993.0,B01,138Â 209Â 445,2.0,6.0,-1.0,1723825,1.0,33,,0.0,2.0,1.0,B01,138Â 209Â 445,1.0
1009898,201900051429,2,20,17:45,1,1,1,1.0,3.0,84039,D72,M,"44,0973470","4,8532370",84,2019,80.0,1.0,1.0,3.0,2258357,1.0,1,3,2,0.0,,0.0,0,1993.0,B01,138Â 209Â 445,2.0,6.0,-1.0,1723826,1.0,7,,0.0,2.0,8.0,A01,138Â 209Â 446,1.0
1009898,201900051429,2,20,17:45,1,1,1,1.0,3.0,84039,D72,M,"44,0973470","4,8532370",84,2019,80.0,1.0,1.0,3.0,2258358,1.0,1,1,1,0.0,,0.0,0,1983.0,A01,138Â 209Â 446,1.0,-1.0,-1.0,1723825,1.0,33,,0.0,2.0,1.0,B01,138Â 209Â 445,1.0
1009898,201900051429,2,20,17:45,1,1,1,1.0,3.0,84039,D72,M,"44,0973470","4,8532370",84,2019,80.0,1.0,1.0,3.0,2258358,1.0,1,1,1,0.0,,0.0,0,1983.0,A01,138Â 209Â 446,1.0,-1.0,-1.0,1723826,1.0,7,,0.0,2.0,8.0,A01,138Â 209Â 446,1.0
1009899,201900051430,2,20,20:00,3,1,1,1.0,2.0,15259,autoroute A75 - PK 085+685,M,"45,1083120","3,1334880",15,2019,110.0,1.0,1.0,1.0,2258359,1.0,1,1,1,4.0,,0.0,0,1979.0,B01,138Â 209Â 443,1.0,-1.0,-1.0,1723827,1.0,17,,0.0,2.0,4.0,B01,138Â 209Â 443,1.0
1009899,201900051430,2,20,20:00,3,1,1,1.0,2.0,15259,autoroute A75 - PK 085+685,M,"45,1083120","3,1334880",15,2019,110.0,1.0,1.0,1.0,2258359,1.0,1,1,1,4.0,,0.0,0,1979.0,B01,138Â 209Â 443,1.0,-1.0,-1.0,1723828,1.0,7,,0.0,2.0,1.0,A01,138Â 209Â 444,1.0
1009899,201900051430,2,20,20:00,3,1,1,1.0,2.0,15259,autoroute A75 - PK 085+685,M,"45,1083120","3,1334880",15,2019,110.0,1.0,1.0,1.0,2258360,1.0,1,4,1,1.0,,0.0,0,1981.0,A01,138Â 209Â 444,1.0,-1.0,-1.0,1723827,1.0,17,,0.0,2.0,4.0,B01,138Â 209Â 443,1.0
1009899,201900051430,2,20,20:00,3,1,1,1.0,2.0,15259,autoroute A75 - PK 085+685,M,"45,1083120","3,1334880",15,2019,110.0,1.0,1.0,1.0,2258360,1.0,1,4,1,1.0,,0.0,0,1981.0,A01,138Â 209Â 444,1.0,-1.0,-1.0,1723828,1.0,7,,0.0,2.0,1.0,A01,138Â 209Â 444,1.0
1009900,201900051431,1,28,21:08,3,2,1,1.0,1.0,57358,Rue de BOUZONVILLE,M,"49,3049753","6,3379712",57,2019,50.0,1.0,1.0,3.0,2258361,1.0,1,3,1,0.0,,0.0,0,2000.0,A01,138Â 209Â 441,1.0,-1.0,-1.0,1723829,1.0,7,,0.0,2.0,1.0,A01,138Â 209Â 441,0.0
1009900,201900051431,1,28,21:08,3,2,1,1.0,1.0,57358,Rue de BOUZONVILLE,M,"49,3049753","6,3379712",57,2019,50.0,1.0,1.0,3.0,2258361,1.0,1,3,1,0.0,,0.0,0,2000.0,A01,138Â 209Â 441,1.0,-1.0,-1.0,1723830,2.0,7,,0.0,2.0,1.0,B01,138Â 209Â 442,1.0
1009900,201900051431,1,28,21:08,3,2,1,1.0,1.0,57358,Rue de BOUZONVILLE,M,"49,3049753","6,3379712",57,2019,50.0,1.0,1.0,3.0,2258362,1.0,1,4,2,0.0,,0.0,0,1994.0,B01,138Â 209Â 442,1.0,-1.0,-1.0,1723829,1.0,7,,0.0,2.0,1.0,A01,138Â 209Â 441,0.0
1009900,201900051431,1,28,21:08,3,2,1,1.0,1.0,57358,Rue de BOUZONVILLE,M,"49,3049753","6,3379712",57,2019,50.0,1.0,1.0,3.0,2258362,1.0,1,4,2,0.0,,0.0,0,1994.0,B01,138Â 209Â 442,1.0,-1.0,-1.0,1723830,2.0,7,,0.0,2.0,1.0,B01,138Â 209Â 442,1.0
1009900,201900051431,1,28,21:08,3,2,1,1.0,1.0,57358,Rue de BOUZONVILLE,M,"49,3049753","6,3379712",57,2019,50.0,1.0,1.0,3.0,2258363,2.0,2,3,1,0.0,,0.0,0,1995.0,B01,138Â 209Â 442,1.0,-1.0,-1.0,1723829,1.0,7,,0.0,2.0,1.0,A01,138Â 209Â 441,0.0