Unnamed: 0_x,num_acc,mois,jour,hrmn,lum,agg,int,atm,col,com,adr,gps,lat,long,dep,annee,vma,situ,surf,catr,Unnamed: 0_y,place,catu,grav,sexe,trajet,secu,locp,actp,an_nais,num_veh_x,id_vehicule_x,secu1,secu2,secu3,Unnamed: 0,senc,catv,occutc,obs,obsm,choc,num_veh_y,id_vehicule_y,motor
1009900,201900051431,1,28,21:08,3,2,1,1.0,1.0,57358,Rue de BOUZONVILLE,M,"49,3049753","6,3379712",57,2019,50.0,1.0,1.0,3.0,2258363,2.0,2,3,1,0.0,,0.0,0,1995.0,B01,138Â 209Â 442,1.0,-1.0,-1.0,1723830,2.0,7,,0.0,2.0,1.0,B01,138Â 209Â 442,1.0
1009901,201900051432,2,21,16:45,1,1,1,1.0,7.0,76471,CD 81,M,"49,4758160","0,6310520",76,2019,80.0,1.0,1.0,3.0,2258364,1.0,1,4,1,5.0,,0.0,0,1971.0,A01,138Â 209Â 440,2.0,6.0,-1.0,1723831,0.0,36,,0.0,0.0,0.0,A01,138Â 209Â 440,1.0
1009901,201900051432,2,21,16:45,1,1,1,1.0,7.0,76471,CD 81,M,"49,4758160","0,6310520",76,2019,80.0,1.0,1.0,3.0,2258365,7.0,2,4,2,5.0,,0.0,0,2003.0,A01,138Â 209Â 440,2.0,6.0,-1.0,1723831,0.0,36,,0.0,0.0,0.0,A01,138Â 209Â 440,1.0
1009902,201900051433,2,21,10:00,1,1,2,1.0,4.0,33296,D119/D15/D119E1,M,"44,8457770"," -0,0490890",33,2019,80.0,1.0,1.0,3.0,2258366,1.0,1,4,2,1.0,,0.0,0,1956.0,C01,138Â 209Â 435,1.0,-1.0,-1.0,1723832,2.0,7,,0.0,2.0,1.0,C01,138Â 209Â 435,1.0
1009902,201900051433,2,21,10:00,1,1,2,1.0,4.0,33296,D119/D15/D119E1,M,"44,8457770"," -0,0490890",33,2019,80.0,1.0,1.0,3.0,2258366,1.0,1,4,2,1.0,,0.0,0,1956.0,C01,138Â 209Â 435,1.0,-1.0,-1.0,1723833,2.0,7,,0.0,2.0,8.0,B01,138Â 209Â 436,1.0
1009902,201900051433,2,21,10:00,1,1,2,1.0,4.0,33296,D119/D15/D119E1,M,"44,8457770"," -0,0490890",33,2019,80.0,1.0,1.0,3.0,2258366,1.0,1,4,2,1.0,,0.0,0,1956.0,C01,138Â 209Â 435,1.0,-1.0,-1.0,1723834,1.0,7,,0.0,2.0,1.0,A01,138Â 209Â 437,1.0
1009902,201900051433,2,21,10:00,1,1,2,1.0,4.0,33296,D119/D15/D119E1,M,"44,8457770"," -0,0490890",33,2019,80.0,1.0,1.0,3.0,2258367,1.0,1,1,2,5.0,,0.0,0,1958.0,B01,138Â 209Â 436,1.0,-1.0,-1.0,1723832,2.0,7,,0.0,2.0,1.0,C01,138Â 209Â 435,1.0
1009902,201900051433,2,21,10:00,1,1,2,1.0,4.0,33296,D119/D15/D119E1,M,"44,8457770"," -0,0490890",33,2019,80.0,1.0,1.0,3.0,2258367,1.0,1,1,2,5.0,,0.0,0,1958.0,B01,138Â 209Â 436,1.0,-1.0,-1.0,1723833,2.0,7,,0.0,2.0,8.0,B01,138Â 209Â 436,1.0
1009902,201900051433,2,21,10:00,1,1,2,1.0,4.0,33296,D119/D15/D119E1,M,"44,8457770"," -0,0490890",33,2019,80.0,1.0,1.0,3.0,2258367,1.0,1,1,2,5.0,,0.0,0,1958.0,B01,138Â 209Â 436,1.0,-1.0,-1.0,1723834,1.0,7,,0.0,2.0,1.0,A01,138Â 209Â 437,1.0
1009902,201900051433,2,21,10:00,1,1,2,1.0,4.0,33296,D119/D15/D119E1,M,"44,8457770"," -0,0490890",33,2019,80.0,1.0,1.0,3.0,2258368,1.0,1,1,2,5.0,,0.0,0,1946.0,A01,138Â 209Â 437,1.0,-1.0,-1.0,1723832,2.0,7,,0.0,2.0,1.0,C01,138Â 209Â 435,1.0
1009902,201900051433,2,21,10:00,1,1,2,1.0,4.0,33296,D119/D15/D119E1,M,"44,8457770"," -0,0490890",33,2019,80.0,1.0,1.0,3.0,2258368,1.0,1,1,2,5.0,,0.0,0,1946.0,A01,138Â 209Â 437,1.0,-1.0,-1.0,1723833,2.0,7,,0.0,2.0,8.0,B01,138Â 209Â 436,1.0
1009902,201900051433,2,21,10:00,1,1,2,1.0,4.0,33296,D119/D15/D119E1,M,"44,8457770"," -0,0490890",33,2019,80.0,1.0,1.0,3.0,2258368,1.0,1,1,2,5.0,,0.0,0,1946.0,A01,138Â 209Â 437,1.0,-1.0,-1.0,1723834,1.0,7,,0.0,2.0,1.0,A01,138Â 209Â 437,1.0
1009903,201900051434,2,20,07:00,2,1,1,5.0,1.0,11102,RD 118,M,"43,1743100","2,3035440",11,2019,70.0,1.0,1.0,3.0,2258369,1.0,1,3,1,1.0,,0.0,0,1997.0,A01,138Â 209Â 433,1.0,-1.0,-1.0,1723835,1.0,7,,0.0,2.0,3.0,A01,138Â 209Â 433,1.0
1009903,201900051434,2,20,07:00,2,1,1,5.0,1.0,11102,RD 118,M,"43,1743100","2,3035440",11,2019,70.0,1.0,1.0,3.0,2258369,1.0,1,3,1,1.0,,0.0,0,1997.0,A01,138Â 209Â 433,1.0,-1.0,-1.0,1723836,2.0,7,,0.0,2.0,3.0,B01,138Â 209Â 434,1.0
1009903,201900051434,2,20,07:00,2,1,1,5.0,1.0,11102,RD 118,M,"43,1743100","2,3035440",11,2019,70.0,1.0,1.0,3.0,2258370,1.0,1,1,1,1.0,,0.0,0,1970.0,B01,138Â 209Â 434,1.0,-1.0,-1.0,1723835,1.0,7,,0.0,2.0,3.0,A01,138Â 209Â 433,1.0
1009903,201900051434,2,20,07:00,2,1,1,5.0,1.0,11102,RD 118,M,"43,1743100","2,3035440",11,2019,70.0,1.0,1.0,3.0,2258370,1.0,1,1,1,1.0,,0.0,0,1970.0,B01,138Â 209Â 434,1.0,-1.0,-1.0,1723836,2.0,7,,0.0,2.0,3.0,B01,138Â 209Â 434,1.0
1009904,201900051435,2,21,08:20,1,1,1,5.0,5.0,61075,PK 05.450,M,"48,5035880"," -0,6339040",61,2019,80.0,1.0,1.0,3.0,2258371,1.0,1,1,1,4.0,,0.0,0,1956.0,C01,138Â 209Â 430,1.0,-1.0,-1.0,1723837,1.0,15,,0.0,9.0,2.0,C01,138Â 209Â 430,1.0
1009904,201900051435,2,21,08:20,1,1,1,5.0,5.0,61075,PK 05.450,M,"48,5035880"," -0,6339040",61,2019,80.0,1.0,1.0,3.0,2258371,1.0,1,1,1,4.0,,0.0,0,1956.0,C01,138Â 209Â 430,1.0,-1.0,-1.0,1723838,2.0,33,,0.0,2.0,1.0,B01,138Â 209Â 431,1.0
1009904,201900051435,2,21,08:20,1,1,1,5.0,5.0,61075,PK 05.450,M,"48,5035880"," -0,6339040",61,2019,80.0,1.0,1.0,3.0,2258371,1.0,1,1,1,4.0,,0.0,0,1956.0,C01,138Â 209Â 430,1.0,-1.0,-1.0,1723839,1.0,7,,0.0,2.0,2.0,A01,138Â 209Â 432,1.0
1009904,201900051435,2,21,08:20,1,1,1,5.0,5.0,61075,PK 05.450,M,"48,5035880"," -0,6339040",61,2019,80.0,1.0,1.0,3.0,2258372,1.0,1,3,1,1.0,,0.0,0,1997.0,B01,138Â 209Â 431,2.0,6.0,9.0,1723837,1.0,15,,0.0,9.0,2.0,C01,138Â 209Â 430,1.0
1009904,201900051435,2,21,08:20,1,1,1,5.0,5.0,61075,PK 05.450,M,"48,5035880"," -0,6339040",61,2019,80.0,1.0,1.0,3.0,2258372,1.0,1,3,1,1.0,,0.0,0,1997.0,B01,138Â 209Â 431,2.0,6.0,9.0,1723838,2.0,33,,0.0,2.0,1.0,B01,138Â 209Â 431,1.0
1009904,201900051435,2,21,08:20,1,1,1,5.0,5.0,61075,PK 05.450,M,"48,5035880"," -0,6339040",61,2019,80.0,1.0,1.0,3.0,2258372,1.0,1,3,1,1.0,,0.0,0,1997.0,B01,138Â 209Â 431,2.0,6.0,9.0,1723839,1.0,7,,0.0,2.0,2.0,A01,138Â 209Â 432,1.0
1009904,201900051435,2,21,08:20,1,1,1,5.0,5.0,61075,PK 05.450,M,"48,5035880"," -0,6339040",61,2019,80.0,1.0,1.0,3.0,2258373,1.0,1,1,1,4.0,,0.0,0,1970.0,A01,138Â 209Â 432,1.0,-1.0,-1.0,1723837,1.0,15,,0.0,9.0,2.0,C01,138Â 209Â 430,1.0
1009904,201900051435,2,21,08:20,1,1,1,5.0,5.0,61075,PK 05.450,M,"48,5035880"," -0,6339040",61,2019,80.0,1.0,1.0,3.0,2258373,1.0,1,1,1,4.0,,0.0,0,1970.0,A01,138Â 209Â 432,1.0,-1.0,-1.0,1723838,2.0,33,,0.0,2.0,1.0,B01,138Â 209Â 431,1.0
1009904,201900051435,2,21,08:20,1,1,1,5.0,5.0,61075,PK 05.450,M,"48,5035880"," -0,6339040",61,2019,80.0,1.0,1.0,3.0,2258373,1.0,1,1,1,4.0,,0.0,0,1970.0,A01,138Â 209Â 432,1.0,-1.0,-1.0,1723839,1.0,7,,0.0,2.0,2.0,A01,138Â 209Â 432,1.0
1009904,201900051435,2,21,08:20,1,1,1,5.0,5.0,61075,PK 05.450,M,"48,5035880"," -0,6339040",61,2019,80.0,1.0,1.0,3.0,2258374,2.0,2,1,1,4.0,,0.0,0,1990.0,A01,138Â 209Â 432,1.0,-1.0,-1.0,1723837,1.0,15,,0.0,9.0,2.0,C01,138Â 209Â 430,1.0
1009904,201900051435,2,21,08:20,1,1,1,5.0,5.0,61075,PK 05.450,M,"48,5035880"," -0,6339040",61,2019,80.0,1.0,1.0,3.0,2258374,2.0,2,1,1,4.0,,0.0,0,1990.0,A01,138Â 209Â 432,1.0,-1.0,-1.0,1723838,2.0,33,,0.0,2.0,1.0,B01,138Â 209Â 431,1.0
1009904,201900051435,2,21,08:20,1,1,1,5.0,5.0,61075,PK 05.450,M,"48,5035880"," -0,6339040",61,2019,80.0,1.0,1.0,3.0,2258374,2.0,2,1,1,4.0,,0.0,0,1990.0,A01,138Â 209Â 432,1.0,-1.0,-1.0,1723839,1.0,7,,0.0,2.0,2.0,A01,138Â 209Â 432,1.0
1009905,201900051436,2,21,15:35,1,1,5,1.0,3.0,47208,lieu dit auba,M,"44,2361400","0,0891410",47,2019,-1.0,1.0,1.0,3.0,2258375,1.0,1,3,2,5.0,,0.0,0,1947.0,B01,138Â 209Â 428,1.0,-1.0,-1.0,1723840,1.0,7,,0.0,2.0,1.0,B01,138Â 209Â 428,0.0
1009905,201900051436,2,21,15:35,1,1,5,1.0,3.0,47208,lieu dit auba,M,"44,2361400","0,0891410",47,2019,-1.0,1.0,1.0,3.0,2258375,1.0,1,3,2,5.0,,0.0,0,1947.0,B01,138Â 209Â 428,1.0,-1.0,-1.0,1723841,3.0,7,,2.0,2.0,8.0,A01,138Â 209Â 429,1.0
1009905,201900051436,2,21,15:35,1,1,5,1.0,3.0,47208,lieu dit auba,M,"44,2361400","0,0891410",47,2019,-1.0,1.0,1.0,3.0,2258376,1.0,1,2,1,5.0,,0.0,0,1948.0,A01,138Â 209Â 429,1.0,-1.0,-1.0,1723840,1.0,7,,0.0,2.0,1.0,B01,138Â 209Â 428,0.0
1009905,201900051436,2,21,15:35,1,1,5,1.0,3.0,47208,lieu dit auba,M,"44,2361400","0,0891410",47,2019,-1.0,1.0,1.0,3.0,2258376,1.0,1,2,1,5.0,,0.0,0,1948.0,A01,138Â 209Â 429,1.0,-1.0,-1.0,1723841,3.0,7,,2.0,2.0,8.0,A01,138Â 209Â 429,1.0
1009906,201900051437,2,13,09:30,1,1,9,1.0,6.0,31093,lieu dit pouchot,M,"43,7845210","1,1312510",31,2019,70.0,8.0,1.0,4.0,2258377,1.0,1,3,2,5.0,,0.0,0,1990.0,A01,138Â 209Â 427,1.0,-1.0,-1.0,1723842,3.0,7,,13.0,0.0,1.0,A01,138Â 209Â 427,1.0
1009907,201900051438,2,20,21:35,3,1,9,1.0,7.0,31118,ROUTE DEPARTEMENTALE 29,M,"43,7969230","1,3603880",31,2019,80.0,3.0,1.0,3.0,2258378,2.0,2,1,2,5.0,,0.0,0,1999.0,A01,138Â 209Â 426,1.0,-1.0,-1.0,1723843,2.0,7,,0.0,0.0,0.0,A01,138Â 209Â 426,1.0
1009907,201900051438,2,20,21:35,3,1,9,1.0,7.0,31118,ROUTE DEPARTEMENTALE 29,M,"43,7969230","1,3603880",31,2019,80.0,3.0,1.0,3.0,2258379,1.0,1,3,1,5.0,,0.0,0,1999.0,A01,138Â 209Â 426,0.0,-1.0,-1.0,1723843,2.0,7,,0.0,0.0,0.0,A01,138Â 209Â 426,1.0
1009908,201900051439,2,21,14:30,1,1,2,1.0,3.0,02827,RN2,M,"49,6988120","3,7148210",2,2019,80.0,1.0,1.0,2.0,2258380,1.0,1,4,2,5.0,,0.0,0,1959.0,A01,138Â 209Â 424,1.0,-1.0,-1.0,1723844,2.0,7,,0.0,2.0,3.0,A01,138Â 209Â 424,1.0
1009908,201900051439,2,21,14:30,1,1,2,1.0,3.0,02827,RN2,M,"49,6988120","3,7148210",2,2019,80.0,1.0,1.0,2.0,2258380,1.0,1,4,2,5.0,,0.0,0,1959.0,A01,138Â 209Â 424,1.0,-1.0,-1.0,1723845,2.0,7,,0.0,2.0,1.0,B01,138Â 209Â 425,1.0
1009908,201900051439,2,21,14:30,1,1,2,1.0,3.0,02827,RN2,M,"49,6988120","3,7148210",2,2019,80.0,1.0,1.0,2.0,2258381,1.0,1,1,1,3.0,,0.0,0,1968.0,B01,138Â 209Â 425,1.0,9.0,-1.0,1723844,2.0,7,,0.0,2.0,3.0,A01,138Â 209Â 424,1.0
1009908,201900051439,2,21,14:30,1,1,2,1.0,3.0,02827,RN2,M,"49,6988120","3,7148210",2,2019,80.0,1.0,1.0,2.0,2258381,1.0,1,1,1,3.0,,0.0,0,1968.0,B01,138Â 209Â 425,1.0,9.0,-1.0,1723845,2.0,7,,0.0,2.0,1.0,B01,138Â 209Â 425,1.0
1009908,201900051439,2,21,14:30,1,1,2,1.0,3.0,02827,RN2,M,"49,6988120","3,7148210",2,2019,80.0,1.0,1.0,2.0,2258382,2.0,2,4,2,5.0,,0.0,0,2009.0,B01,138Â 209Â 425,1.0,-1.0,-1.0,1723844,2.0,7,,0.0,2.0,3.0,A01,138Â 209Â 424,1.0
1009908,201900051439,2,21,14:30,1,1,2,1.0,3.0,02827,RN2,M,"49,6988120","3,7148210",2,2019,80.0,1.0,1.0,2.0,2258382,2.0,2,4,2,5.0,,0.0,0,2009.0,B01,138Â 209Â 425,1.0,-1.0,-1.0,1723845,2.0,7,,0.0,2.0,1.0,B01,138Â 209Â 425,1.0
1009909,201900051440,2,21,10:30,1,2,1,1.0,6.0,58046,Pont du canal du Nivernais,M,"46,8682660","3,6446030",58,2019,50.0,1.0,1.0,3.0,2258383,1.0,1,1,2,4.0,,0.0,0,1988.0,A01,138Â 209Â 423,1.0,-1.0,-1.0,1723846,1.0,10,,0.0,1.0,7.0,A01,138Â 209Â 423,1.0
1009909,201900051440,2,21,10:30,1,2,1,1.0,6.0,58046,Pont du canal du Nivernais,M,"46,8682660","3,6446030",58,2019,50.0,1.0,1.0,3.0,2258384,10.0,3,4,2,5.0,,1.0,1,1960.0,A01,138Â 209Â 423,0.0,-1.0,-1.0,1723846,1.0,10,,0.0,1.0,7.0,A01,138Â 209Â 423,1.0
1009910,201900051441,1,21,15:15,1,2,2,1.0,3.0,06032,Avenue Prince Rainier III,M,"43,7310950","7,4098460",6,2019,50.0,1.0,1.0,3.0,2258385,2.0,2,1,2,5.0,,0.0,0,1961.0,A01,138Â 209Â 417,1.0,-1.0,-1.0,1723847,0.0,7,,0.0,2.0,8.0,A01,138Â 209Â 417,1.0
1009910,201900051441,1,21,15:15,1,2,2,1.0,3.0,06032,Avenue Prince Rainier III,M,"43,7310950","7,4098460",6,2019,50.0,1.0,1.0,3.0,2258385,2.0,2,1,2,5.0,,0.0,0,1961.0,A01,138Â 209Â 417,1.0,-1.0,-1.0,1723848,0.0,33,,0.0,2.0,1.0,B01,138Â 209Â 418,1.0
1009910,201900051441,1,21,15:15,1,2,2,1.0,3.0,06032,Avenue Prince Rainier III,M,"43,7310950","7,4098460",6,2019,50.0,1.0,1.0,3.0,2258386,1.0,1,1,1,5.0,,0.0,0,1958.0,A01,138Â 209Â 417,1.0,-1.0,-1.0,1723847,0.0,7,,0.0,2.0,8.0,A01,138Â 209Â 417,1.0
1009910,201900051441,1,21,15:15,1,2,2,1.0,3.0,06032,Avenue Prince Rainier III,M,"43,7310950","7,4098460",6,2019,50.0,1.0,1.0,3.0,2258386,1.0,1,1,1,5.0,,0.0,0,1958.0,A01,138Â 209Â 417,1.0,-1.0,-1.0,1723848,0.0,33,,0.0,2.0,1.0,B01,138Â 209Â 418,1.0
1009910,201900051441,1,21,15:15,1,2,2,1.0,3.0,06032,Avenue Prince Rainier III,M,"43,7310950","7,4098460",6,2019,50.0,1.0,1.0,3.0,2258387,1.0,1,4,1,1.0,,0.0,0,1990.0,B01,138Â 209Â 418,2.0,-1.0,-1.0,1723847,0.0,7,,0.0,2.0,8.0,A01,138Â 209Â 417,1.0
1009910,201900051441,1,21,15:15,1,2,2,1.0,3.0,06032,Avenue Prince Rainier III,M,"43,7310950","7,4098460",6,2019,50.0,1.0,1.0,3.0,2258387,1.0,1,4,1,1.0,,0.0,0,1990.0,B01,138Â 209Â 418,2.0,-1.0,-1.0,1723848,0.0,33,,0.0,2.0,1.0,B01,138Â 209Â 418,1.0
1009911,201900051442,2,19,11:20,1,2,2,1.0,3.0,60513,D 17,M,"49,2018070","2,3765720",60,2019,50.0,1.0,1.0,3.0,2258388,1.0,1,1,1,0.0,,0.0,0,1973.0,A01,138Â 209Â 413,1.0,-1.0,-1.0,1723849,2.0,7,,0.0,2.0,1.0,A01,138Â 209Â 413,1.0
1009911,201900051442,2,19,11:20,1,2,2,1.0,3.0,60513,D 17,M,"49,2018070","2,3765720",60,2019,50.0,1.0,1.0,3.0,2258388,1.0,1,1,1,0.0,,0.0,0,1973.0,A01,138Â 209Â 413,1.0,-1.0,-1.0,1723850,0.0,7,,8.0,2.0,5.0,B01,138Â 209Â 414,1.0
1009911,201900051442,2,19,11:20,1,2,2,1.0,3.0,60513,D 17,M,"49,2018070","2,3765720",60,2019,50.0,1.0,1.0,3.0,2258389,1.0,1,4,1,4.0,,0.0,0,1988.0,B01,138Â 209Â 414,1.0,-1.0,-1.0,1723849,2.0,7,,0.0,2.0,1.0,A01,138Â 209Â 413,1.0
1009911,201900051442,2,19,11:20,1,2,2,1.0,3.0,60513,D 17,M,"49,2018070","2,3765720",60,2019,50.0,1.0,1.0,3.0,2258389,1.0,1,4,1,4.0,,0.0,0,1988.0,B01,138Â 209Â 414,1.0,-1.0,-1.0,1723850,0.0,7,,8.0,2.0,5.0,B01,138Â 209Â 414,1.0
1009912,201900051443,2,19,00:05,3,1,9,1.0,6.0,40197,route de marsan,M,"44,0088010"," -0,8214450",40,2019,80.0,1.0,1.0,3.0,2258390,1.0,1,3,1,0.0,,0.0,0,1963.0,A01,138Â 209Â 412,1.0,-1.0,-1.0,1723851,2.0,7,,13.0,6.0,0.0,A01,138Â 209Â 412,1.0
1009913,201900051444,2,20,15:10,1,2,9,1.0,7.0,85232,Rue du Cormier,M,"46,6843900"," -1,1299700",85,2019,50.0,1.0,1.0,3.0,2258391,1.0,1,4,1,5.0,,0.0,0,1957.0,A01,138Â 209Â 411,2.0,-1.0,-1.0,1723852,2.0,1,,14.0,0.0,1.0,A01,138Â 209Â 411,5.0
1009914,201900051445,2,20,14:20,1,2,1,1.0,7.0,48122,rue de la source minÃ©rale,M,"44,3723470","3,5242600",48,2019,50.0,1.0,1.0,9.0,2258392,1.0,1,4,1,5.0,,0.0,0,2004.0,A01,138Â 209Â 410,2.0,6.0,-1.0,1723853,3.0,2,,0.0,0.0,9.0,A01,138Â 209Â 410,1.0
1009915,201900051446,2,21,03:35,3,1,1,1.0,2.0,31181,A64,M,"43,4009260","1,2903820",31,2019,130.0,1.0,1.0,1.0,2258393,1.0,1,2,1,1.0,,0.0,0,1959.0,B01,138Â 209Â 408,2.0,-1.0,-1.0,1723854,1.0,33,,0.0,0.0,4.0,B01,138Â 209Â 408,1.0
1009915,201900051446,2,21,03:35,3,1,1,1.0,2.0,31181,A64,M,"43,4009260","1,2903820",31,2019,130.0,1.0,1.0,1.0,2258393,1.0,1,2,1,1.0,,0.0,0,1959.0,B01,138Â 209Â 408,2.0,-1.0,-1.0,1723855,1.0,7,,0.0,2.0,2.0,A01,138Â 209Â 409,1.0
1009915,201900051446,2,21,03:35,3,1,1,1.0,2.0,31181,A64,M,"43,4009260","1,2903820",31,2019,130.0,1.0,1.0,1.0,2258394,1.0,1,1,1,5.0,,0.0,0,1987.0,A01,138Â 209Â 409,1.0,-1.0,-1.0,1723854,1.0,33,,0.0,0.0,4.0,B01,138Â 209Â 408,1.0
1009915,201900051446,2,21,03:35,3,1,1,1.0,2.0,31181,A64,M,"43,4009260","1,2903820",31,2019,130.0,1.0,1.0,1.0,2258394,1.0,1,1,1,5.0,,0.0,0,1987.0,A01,138Â 209Â 409,1.0,-1.0,-1.0,1723855,1.0,7,,0.0,2.0,2.0,A01,138Â 209Â 409,1.0
1009916,201900051447,2,20,16:30,1,1,1,1.0,7.0,01228,A40,M,"46,1331756","5,5225410",1,2019,70.0,2.0,1.0,1.0,2258395,1.0,1,2,1,4.0,,0.0,0,1960.0,A01,138Â 209Â 407,8.0,-1.0,-1.0,1723856,2.0,15,,13.0,0.0,7.0,A01,138Â 209Â 407,1.0
1009917,201900051448,2,18,00:45,3,1,1,1.0,7.0,51428,A4,M,"49,1257798","4,2342194",51,2019,110.0,8.0,1.0,1.0,2258396,2.0,2,1,2,5.0,,0.0,0,1998.0,A01,138Â 209Â 406,1.0,-1.0,-1.0,1723857,1.0,7,,3.0,0.0,7.0,A01,138Â 209Â 406,1.0
1009917,201900051448,2,18,00:45,3,1,1,1.0,7.0,51428,A4,M,"49,1257798","4,2342194",51,2019,110.0,8.0,1.0,1.0,2258397,1.0,1,3,1,5.0,,0.0,0,2000.0,A01,138Â 209Â 406,1.0,-1.0,-1.0,1723857,1.0,7,,3.0,0.0,7.0,A01,138Â 209Â 406,1.0
1009917,201900051448,2,18,00:45,3,1,1,1.0,7.0,51428,A4,M,"49,1257798","4,2342194",51,2019,110.0,8.0,1.0,1.0,2258398,3.0,2,1,1,5.0,,0.0,0,1998.0,A01,138Â 209Â 406,1.0,-1.0,-1.0,1723857,1.0,7,,3.0,0.0,7.0,A01,138Â 209Â 406,1.0
1009917,201900051448,2,18,00:45,3,1,1,1.0,7.0,51428,A4,M,"49,1257798","4,2342194",51,2019,110.0,8.0,1.0,1.0,2258399,4.0,2,1,2,5.0,,0.0,0,1999.0,A01,138Â 209Â 406,1.0,-1.0,-1.0,1723857,1.0,7,,3.0,0.0,7.0,A01,138Â 209Â 406,1.0
1009918,201900051449,2,20,14:40,1,1,1,1.0,2.0,17181,A 10,M,"45,8878230"," -0,6126100",17,2019,130.0,1.0,1.0,1.0,2258400,1.0,1,1,1,5.0,,0.0,0,1955.0,A01,138Â 209Â 404,1.0,-1.0,-1.0,1723858,2.0,7,,3.0,2.0,1.0,A01,138Â 209Â 404,1.0
1009918,201900051449,2,20,14:40,1,1,1,1.0,2.0,17181,A 10,M,"45,8878230"," -0,6126100",17,2019,130.0,1.0,1.0,1.0,2258400,1.0,1,1,1,5.0,,0.0,0,1955.0,A01,138Â 209Â 404,1.0,-1.0,-1.0,1723859,2.0,15,,0.0,0.0,4.0,B01,138Â 209Â 405,1.0
1009918,201900051449,2,20,14:40,1,1,1,1.0,2.0,17181,A 10,M,"45,8878230"," -0,6126100",17,2019,130.0,1.0,1.0,1.0,2258401,2.0,2,4,2,5.0,,0.0,0,1957.0,A01,138Â 209Â 404,1.0,-1.0,-1.0,1723858,2.0,7,,3.0,2.0,1.0,A01,138Â 209Â 404,1.0
1009918,201900051449,2,20,14:40,1,1,1,1.0,2.0,17181,A 10,M,"45,8878230"," -0,6126100",17,2019,130.0,1.0,1.0,1.0,2258401,2.0,2,4,2,5.0,,0.0,0,1957.0,A01,138Â 209Â 404,1.0,-1.0,-1.0,1723859,2.0,15,,0.0,0.0,4.0,B01,138Â 209Â 405,1.0
1009918,201900051449,2,20,14:40,1,1,1,1.0,2.0,17181,A 10,M,"45,8878230"," -0,6126100",17,2019,130.0,1.0,1.0,1.0,2258402,3.0,2,1,1,5.0,,0.0,0,1995.0,A01,138Â 209Â 404,1.0,-1.0,-1.0,1723858,2.0,7,,3.0,2.0,1.0,A01,138Â 209Â 404,1.0
1009918,201900051449,2,20,14:40,1,1,1,1.0,2.0,17181,A 10,M,"45,8878230"," -0,6126100",17,2019,130.0,1.0,1.0,1.0,2258402,3.0,2,1,1,5.0,,0.0,0,1995.0,A01,138Â 209Â 404,1.0,-1.0,-1.0,1723859,2.0,15,,0.0,0.0,4.0,B01,138Â 209Â 405,1.0
1009918,201900051449,2,20,14:40,1,1,1,1.0,2.0,17181,A 10,M,"45,8878230"," -0,6126100",17,2019,130.0,1.0,1.0,1.0,2258403,4.0,2,1,2,5.0,,0.0,0,1992.0,A01,138Â 209Â 404,1.0,-1.0,-1.0,1723858,2.0,7,,3.0,2.0,1.0,A01,138Â 209Â 404,1.0
1009918,201900051449,2,20,14:40,1,1,1,1.0,2.0,17181,A 10,M,"45,8878230"," -0,6126100",17,2019,130.0,1.0,1.0,1.0,2258403,4.0,2,1,2,5.0,,0.0,0,1992.0,A01,138Â 209Â 404,1.0,-1.0,-1.0,1723859,2.0,15,,0.0,0.0,4.0,B01,138Â 209Â 405,1.0
1009918,201900051449,2,20,14:40,1,1,1,1.0,2.0,17181,A 10,M,"45,8878230"," -0,6126100",17,2019,130.0,1.0,1.0,1.0,2258404,1.0,1,1,1,4.0,,0.0,0,1964.0,B01,138Â 209Â 405,1.0,-1.0,-1.0,1723858,2.0,7,,3.0,2.0,1.0,A01,138Â 209Â 404,1.0
1009918,201900051449,2,20,14:40,1,1,1,1.0,2.0,17181,A 10,M,"45,8878230"," -0,6126100",17,2019,130.0,1.0,1.0,1.0,2258404,1.0,1,1,1,4.0,,0.0,0,1964.0,B01,138Â 209Â 405,1.0,-1.0,-1.0,1723859,2.0,15,,0.0,0.0,4.0,B01,138Â 209Â 405,1.0
1009919,201900051450,2,20,20:25,3,1,1,1.0,6.0,27701,autoroute A13 PK 95+650,M,"49,2328530","1,2041600",27,2019,130.0,8.0,1.0,1.0,2258405,1.0,1,3,2,5.0,,0.0,0,1993.0,A01,138Â 209Â 403,1.0,-1.0,-1.0,1723860,2.0,7,,4.0,0.0,1.0,A01,138Â 209Â 403,1.0
1009919,201900051450,2,20,20:25,3,1,1,1.0,6.0,27701,autoroute A13 PK 95+650,M,"49,2328530","1,2041600",27,2019,130.0,8.0,1.0,1.0,2258406,2.0,2,4,1,5.0,,0.0,0,2000.0,A01,138Â 209Â 403,1.0,-1.0,-1.0,1723860,2.0,7,,4.0,0.0,1.0,A01,138Â 209Â 403,1.0
1009920,201900051451,2,21,19:50,3,1,1,1.0,6.0,98821,savexpress,M," -22,1647200","166,3882600",988,2019,110.0,1.0,1.0,1.0,2258407,10.0,3,3,1,5.0,,1.0,3,1979.0,A01,138Â 209Â 402,0.0,-1.0,-1.0,1723861,1.0,7,,0.0,1.0,3.0,A01,138Â 209Â 402,1.0
1009920,201900051451,2,21,19:50,3,1,1,1.0,6.0,98821,savexpress,M," -22,1647200","166,3882600",988,2019,110.0,1.0,1.0,1.0,2258408,1.0,1,1,2,1.0,,0.0,0,1988.0,A01,138Â 209Â 402,8.0,-1.0,-1.0,1723861,1.0,7,,0.0,1.0,3.0,A01,138Â 209Â 402,1.0