Unnamed: 0_x,num_acc,mois,jour,hrmn,lum,agg,int,atm,col,com,adr,gps,lat,long,dep,annee,vma,situ,surf,catr,Unnamed: 0_y,place,catu,grav,sexe,trajet,secu,locp,actp,an_nais,num_veh_x,id_vehicule_x,secu1,secu2,secu3,Unnamed: 0,senc,catv,occutc,obs,obsm,choc,num_veh_y,id_vehicule_y,motor
1009921,201900051452,2,20,14:55,1,1,1,1.0,7.0,97111,chemin de Bornave,M,"16,2734730"," -61,7981040",971,2019,50.0,1.0,1.0,4.0,2258409,1.0,1,3,1,5.0,,0.0,0,1976.0,A01,138Â 209Â 401,2.0,-1.0,-1.0,1723862,3.0,34,,12.0,0.0,8.0,A01,138Â 209Â 401,1.0
1009921,201900051452,2,20,14:55,1,1,1,1.0,7.0,97111,chemin de Bornave,M,"16,2734730"," -61,7981040",971,2019,50.0,1.0,1.0,4.0,2258410,2.0,2,3,2,5.0,,0.0,0,1996.0,A01,138Â 209Â 401,2.0,-1.0,-1.0,1723862,3.0,34,,12.0,0.0,8.0,A01,138Â 209Â 401,1.0
1009922,201900051453,2,15,08:00,1,1,1,2.0,2.0,97121,RN2 - route de la source,M,"16,2406260"," -61,7908660",971,2019,80.0,1.0,2.0,2.0,2258411,1.0,1,4,2,1.0,,0.0,0,1961.0,B01,138Â 209Â 399,1.0,-1.0,-1.0,1723863,2.0,7,,0.0,0.0,5.0,B01,138Â 209Â 399,0.0
1009922,201900051453,2,15,08:00,1,1,1,2.0,2.0,97121,RN2 - route de la source,M,"16,2406260"," -61,7908660",971,2019,80.0,1.0,2.0,2.0,2258411,1.0,1,4,2,1.0,,0.0,0,1961.0,B01,138Â 209Â 399,1.0,-1.0,-1.0,1723864,2.0,7,,13.0,0.0,3.0,A01,138Â 209Â 400,0.0
1009922,201900051453,2,15,08:00,1,1,1,2.0,2.0,97121,RN2 - route de la source,M,"16,2406260"," -61,7908660",971,2019,80.0,1.0,2.0,2.0,2258412,9.0,2,1,1,2.0,,0.0,0,2004.0,A01,138Â 209Â 400,1.0,-1.0,-1.0,1723863,2.0,7,,0.0,0.0,5.0,B01,138Â 209Â 399,0.0
1009922,201900051453,2,15,08:00,1,1,1,2.0,2.0,97121,RN2 - route de la source,M,"16,2406260"," -61,7908660",971,2019,80.0,1.0,2.0,2.0,2258412,9.0,2,1,1,2.0,,0.0,0,2004.0,A01,138Â 209Â 400,1.0,-1.0,-1.0,1723864,2.0,7,,13.0,0.0,3.0,A01,138Â 209Â 400,0.0
1009922,201900051453,2,15,08:00,1,1,1,2.0,2.0,97121,RN2 - route de la source,M,"16,2406260"," -61,7908660",971,2019,80.0,1.0,2.0,2.0,2258413,1.0,1,1,1,2.0,,0.0,0,1966.0,A01,138Â 209Â 400,1.0,-1.0,-1.0,1723863,2.0,7,,0.0,0.0,5.0,B01,138Â 209Â 399,0.0
1009922,201900051453,2,15,08:00,1,1,1,2.0,2.0,97121,RN2 - route de la source,M,"16,2406260"," -61,7908660",971,2019,80.0,1.0,2.0,2.0,2258413,1.0,1,1,1,2.0,,0.0,0,1966.0,A01,138Â 209Â 400,1.0,-1.0,-1.0,1723864,2.0,7,,13.0,0.0,3.0,A01,138Â 209Â 400,0.0
1009922,201900051453,2,15,08:00,1,1,1,2.0,2.0,97121,RN2 - route de la source,M,"16,2406260"," -61,7908660",971,2019,80.0,1.0,2.0,2.0,2258414,2.0,2,1,1,5.0,,0.0,0,1936.0,A01,138Â 209Â 400,1.0,-1.0,-1.0,1723863,2.0,7,,0.0,0.0,5.0,B01,138Â 209Â 399,0.0
1009922,201900051453,2,15,08:00,1,1,1,2.0,2.0,97121,RN2 - route de la source,M,"16,2406260"," -61,7908660",971,2019,80.0,1.0,2.0,2.0,2258414,2.0,2,1,1,5.0,,0.0,0,1936.0,A01,138Â 209Â 400,1.0,-1.0,-1.0,1723864,2.0,7,,13.0,0.0,3.0,A01,138Â 209Â 400,0.0
1009922,201900051453,2,15,08:00,1,1,1,2.0,2.0,97121,RN2 - route de la source,M,"16,2406260"," -61,7908660",971,2019,80.0,1.0,2.0,2.0,2258415,7.0,2,1,1,2.0,,0.0,0,2008.0,A01,138Â 209Â 400,1.0,-1.0,-1.0,1723863,2.0,7,,0.0,0.0,5.0,B01,138Â 209Â 399,0.0
1009922,201900051453,2,15,08:00,1,1,1,2.0,2.0,97121,RN2 - route de la source,M,"16,2406260"," -61,7908660",971,2019,80.0,1.0,2.0,2.0,2258415,7.0,2,1,1,2.0,,0.0,0,2008.0,A01,138Â 209Â 400,1.0,-1.0,-1.0,1723864,2.0,7,,13.0,0.0,3.0,A01,138Â 209Â 400,0.0
1009923,201900051454,2,20,11:45,1,1,1,1.0,7.0,95308,D927,M,"49,0947490","2,1207080",95,2019,80.0,8.0,1.0,3.0,2258416,1.0,1,3,2,1.0,,0.0,0,1959.0,A01,138Â 209Â 398,1.0,-1.0,-1.0,1723865,1.0,7,,0.0,0.0,0.0,A01,138Â 209Â 398,1.0
1009924,201900051455,2,20,19:30,3,1,1,1.0,6.0,2B148,D107 strada di a canonica,M,"42,5424800","9,4691500",2B,2019,80.0,1.0,1.0,3.0,2258417,1.0,1,1,2,3.0,,0.0,0,1947.0,A01,138Â 209Â 397,1.0,-1.0,-1.0,1723866,1.0,7,,0.0,1.0,2.0,A01,138Â 209Â 397,1.0
1009924,201900051455,2,20,19:30,3,1,1,1.0,6.0,2B148,D107 strada di a canonica,M,"42,5424800","9,4691500",2B,2019,80.0,1.0,1.0,3.0,2258418,10.0,3,3,1,1.0,,1.0,1,1963.0,A01,138Â 209Â 397,0.0,-1.0,-1.0,1723866,1.0,7,,0.0,1.0,2.0,A01,138Â 209Â 397,1.0
1009925,201900051456,2,21,16:35,1,2,2,1.0,3.0,30211,Avenue de la poste,M,"43,8282000","4,4960300",30,2019,50.0,1.0,1.0,3.0,2258419,1.0,1,3,1,5.0,,0.0,0,1990.0,B01,138Â 209Â 395,0.0,-1.0,-1.0,1723867,3.0,33,,6.0,2.0,1.0,B01,138Â 209Â 395,1.0
1009925,201900051456,2,21,16:35,1,2,2,1.0,3.0,30211,Avenue de la poste,M,"43,8282000","4,4960300",30,2019,50.0,1.0,1.0,3.0,2258419,1.0,1,3,1,5.0,,0.0,0,1990.0,B01,138Â 209Â 395,0.0,-1.0,-1.0,1723868,3.0,7,,0.0,2.0,8.0,A01,138Â 209Â 396,1.0
1009925,201900051456,2,21,16:35,1,2,2,1.0,3.0,30211,Avenue de la poste,M,"43,8282000","4,4960300",30,2019,50.0,1.0,1.0,3.0,2258420,1.0,1,1,2,5.0,,0.0,0,1970.0,A01,138Â 209Â 396,1.0,-1.0,-1.0,1723867,3.0,33,,6.0,2.0,1.0,B01,138Â 209Â 395,1.0
1009925,201900051456,2,21,16:35,1,2,2,1.0,3.0,30211,Avenue de la poste,M,"43,8282000","4,4960300",30,2019,50.0,1.0,1.0,3.0,2258420,1.0,1,1,2,5.0,,0.0,0,1970.0,A01,138Â 209Â 396,1.0,-1.0,-1.0,1723868,3.0,7,,0.0,2.0,8.0,A01,138Â 209Â 396,1.0
1009926,201900051457,2,20,15:40,1,1,2,7.0,3.0,52116,RN19 pk 74+756,M,"47,8460095","5,4431008",52,2019,80.0,1.0,1.0,2.0,2258421,1.0,1,3,2,3.0,,0.0,0,1948.0,B01,138Â 209Â 393,1.0,-1.0,-1.0,1723869,1.0,7,,0.0,2.0,3.0,B01,138Â 209Â 393,1.0
1009926,201900051457,2,20,15:40,1,1,2,7.0,3.0,52116,RN19 pk 74+756,M,"47,8460095","5,4431008",52,2019,80.0,1.0,1.0,2.0,2258421,1.0,1,3,2,3.0,,0.0,0,1948.0,B01,138Â 209Â 393,1.0,-1.0,-1.0,1723870,2.0,7,,0.0,2.0,7.0,A01,138Â 209Â 394,1.0
1009926,201900051457,2,20,15:40,1,1,2,7.0,3.0,52116,RN19 pk 74+756,M,"47,8460095","5,4431008",52,2019,80.0,1.0,1.0,2.0,2258422,1.0,1,1,2,5.0,,0.0,0,1929.0,A01,138Â 209Â 394,1.0,-1.0,-1.0,1723869,1.0,7,,0.0,2.0,3.0,B01,138Â 209Â 393,1.0
1009926,201900051457,2,20,15:40,1,1,2,7.0,3.0,52116,RN19 pk 74+756,M,"47,8460095","5,4431008",52,2019,80.0,1.0,1.0,2.0,2258422,1.0,1,1,2,5.0,,0.0,0,1929.0,A01,138Â 209Â 394,1.0,-1.0,-1.0,1723870,2.0,7,,0.0,2.0,7.0,A01,138Â 209Â 394,1.0
1009927,201900051458,2,20,16:35,1,1,1,1.0,6.0,38449,rue des oiseaux,M,"45,6278800","5,0923700",38,2019,80.0,3.0,1.0,3.0,2258423,10.0,3,3,2,5.0,,6.0,0,1946.0,A01,138Â 209Â 392,0.0,-1.0,-1.0,1723871,2.0,21,,8.0,0.0,4.0,A01,138Â 209Â 392,1.0
1009927,201900051458,2,20,16:35,1,1,1,1.0,6.0,38449,rue des oiseaux,M,"45,6278800","5,0923700",38,2019,80.0,3.0,1.0,3.0,2258424,10.0,3,3,2,5.0,,6.0,0,1966.0,A01,138Â 209Â 392,0.0,-1.0,-1.0,1723871,2.0,21,,8.0,0.0,4.0,A01,138Â 209Â 392,1.0
1009928,201900051459,2,20,17:40,1,2,1,1.0,1.0,69245,D385,M,"45,9452600","4,5375360",69,2019,-1.0,1.0,1.0,3.0,2258425,1.0,1,3,1,5.0,,0.0,0,1956.0,A01,138Â 209Â 390,2.0,-1.0,-1.0,1723872,0.0,33,,0.0,2.0,1.0,A01,138Â 209Â 390,0.0
1009928,201900051459,2,20,17:40,1,2,1,1.0,1.0,69245,D385,M,"45,9452600","4,5375360",69,2019,-1.0,1.0,1.0,3.0,2258425,1.0,1,3,1,5.0,,0.0,0,1956.0,A01,138Â 209Â 390,2.0,-1.0,-1.0,1723873,3.0,10,,0.0,2.0,1.0,B01,138Â 209Â 391,0.0
1009928,201900051459,2,20,17:40,1,2,1,1.0,1.0,69245,D385,M,"45,9452600","4,5375360",69,2019,-1.0,1.0,1.0,3.0,2258426,1.0,1,1,1,4.0,,0.0,0,1981.0,B01,138Â 209Â 391,1.0,-1.0,-1.0,1723872,0.0,33,,0.0,2.0,1.0,A01,138Â 209Â 390,0.0
1009928,201900051459,2,20,17:40,1,2,1,1.0,1.0,69245,D385,M,"45,9452600","4,5375360",69,2019,-1.0,1.0,1.0,3.0,2258426,1.0,1,1,1,4.0,,0.0,0,1981.0,B01,138Â 209Â 391,1.0,-1.0,-1.0,1723873,3.0,10,,0.0,2.0,1.0,B01,138Â 209Â 391,0.0
1009929,201900051460,2,12,15:15,1,2,3,1.0,1.0,69284,rue centrale,M,"45,8783000","4,8592900",69,2019,50.0,1.0,1.0,4.0,2258427,1.0,1,4,2,1.0,,0.0,0,1991.0,B01,138Â 209Â 388,1.0,-1.0,-1.0,1723874,1.0,7,,0.0,2.0,1.0,B01,138Â 209Â 388,1.0
1009929,201900051460,2,12,15:15,1,2,3,1.0,1.0,69284,rue centrale,M,"45,8783000","4,8592900",69,2019,50.0,1.0,1.0,4.0,2258427,1.0,1,4,2,1.0,,0.0,0,1991.0,B01,138Â 209Â 388,1.0,-1.0,-1.0,1723875,2.0,7,,0.0,2.0,2.0,A01,138Â 209Â 389,1.0
1009929,201900051460,2,12,15:15,1,2,3,1.0,1.0,69284,rue centrale,M,"45,8783000","4,8592900",69,2019,50.0,1.0,1.0,4.0,2258428,1.0,1,1,1,5.0,,0.0,0,1955.0,A01,138Â 209Â 389,1.0,-1.0,-1.0,1723874,1.0,7,,0.0,2.0,1.0,B01,138Â 209Â 388,1.0
1009929,201900051460,2,12,15:15,1,2,3,1.0,1.0,69284,rue centrale,M,"45,8783000","4,8592900",69,2019,50.0,1.0,1.0,4.0,2258428,1.0,1,1,1,5.0,,0.0,0,1955.0,A01,138Â 209Â 389,1.0,-1.0,-1.0,1723875,2.0,7,,0.0,2.0,2.0,A01,138Â 209Â 389,1.0
1009930,201900051461,2,21,07:50,2,1,1,5.0,2.0,85211,,M,"46,6106500"," -1,6343700",85,2019,110.0,1.0,1.0,3.0,2258429,1.0,1,1,2,4.0,,0.0,0,1979.0,B01,138Â 209Â 384,1.0,-1.0,-1.0,1723876,2.0,15,,0.0,2.0,4.0,B01,138Â 209Â 384,6.0
1009930,201900051461,2,21,07:50,2,1,1,5.0,2.0,85211,,M,"46,6106500"," -1,6343700",85,2019,110.0,1.0,1.0,3.0,2258429,1.0,1,1,2,4.0,,0.0,0,1979.0,B01,138Â 209Â 384,1.0,-1.0,-1.0,1723877,2.0,7,,0.0,2.0,1.0,A01,138Â 209Â 385,6.0
1009930,201900051461,2,21,07:50,2,1,1,5.0,2.0,85211,,M,"46,6106500"," -1,6343700",85,2019,110.0,1.0,1.0,3.0,2258430,1.0,1,3,1,0.0,,0.0,0,1990.0,A01,138Â 209Â 385,1.0,-1.0,-1.0,1723876,2.0,15,,0.0,2.0,4.0,B01,138Â 209Â 384,6.0
1009930,201900051461,2,21,07:50,2,1,1,5.0,2.0,85211,,M,"46,6106500"," -1,6343700",85,2019,110.0,1.0,1.0,3.0,2258430,1.0,1,3,1,0.0,,0.0,0,1990.0,A01,138Â 209Â 385,1.0,-1.0,-1.0,1723877,2.0,7,,0.0,2.0,1.0,A01,138Â 209Â 385,6.0
1009931,201900051462,2,20,17:12,1,1,1,1.0,7.0,50564,d971 SAINTENY,M,"49,2563420"," -1,3028820",50,2019,80.0,3.0,1.0,3.0,2258431,1.0,1,3,1,5.0,,0.0,0,1934.0,A01,138Â 209Â 383,8.0,-1.0,-1.0,1723878,3.0,7,,0.0,0.0,2.0,A01,138Â 209Â 383,0.0
1009932,201900051463,2,20,14:10,1,2,1,1.0,6.0,60589,rue de la libertÃ©,M,"49,2419690","2,4698630",60,2019,50.0,8.0,1.0,4.0,2258432,10.0,3,3,2,5.0,,3.0,3,1977.0,A01,138Â 209Â 382,0.0,-1.0,-1.0,1723879,0.0,7,,0.0,1.0,1.0,A01,138Â 209Â 382,0.0
1009932,201900051463,2,20,14:10,1,2,1,1.0,6.0,60589,rue de la libertÃ©,M,"49,2419690","2,4698630",60,2019,50.0,8.0,1.0,4.0,2258433,1.0,1,1,1,5.0,,0.0,0,1945.0,A01,138Â 209Â 382,1.0,-1.0,-1.0,1723879,0.0,7,,0.0,1.0,1.0,A01,138Â 209Â 382,0.0
1009933,201900051464,2,20,17:13,1,1,1,1.0,4.0,13071,A51-Sens Aix en Provence vers Marseille,M,"43,4100000","5,3600000",13,2019,90.0,1.0,1.0,1.0,2258434,1.0,1,1,2,4.0,,-1.0, -1,1981.0,A01,138Â 209Â 379,1.0,4.0,-1.0,1723880,2.0,14,,0.0,2.0,4.0,A01,138Â 209Â 379,1.0
1009933,201900051464,2,20,17:13,1,1,1,1.0,4.0,13071,A51-Sens Aix en Provence vers Marseille,M,"43,4100000","5,3600000",13,2019,90.0,1.0,1.0,1.0,2258434,1.0,1,1,2,4.0,,-1.0, -1,1981.0,A01,138Â 209Â 379,1.0,4.0,-1.0,1723881,2.0,7,,0.0,2.0,4.0,B01,138Â 209Â 380,1.0
1009933,201900051464,2,20,17:13,1,1,1,1.0,4.0,13071,A51-Sens Aix en Provence vers Marseille,M,"43,4100000","5,3600000",13,2019,90.0,1.0,1.0,1.0,2258434,1.0,1,1,2,4.0,,-1.0, -1,1981.0,A01,138Â 209Â 379,1.0,4.0,-1.0,1723882,2.0,7,,0.0,2.0,1.0,C01,138Â 209Â 381,1.0
1009933,201900051464,2,20,17:13,1,1,1,1.0,4.0,13071,A51-Sens Aix en Provence vers Marseille,M,"43,4100000","5,3600000",13,2019,90.0,1.0,1.0,1.0,2258435,1.0,1,4,1,1.0,,-1.0, -1,1968.0,B01,138Â 209Â 380,1.0,4.0,-1.0,1723880,2.0,14,,0.0,2.0,4.0,A01,138Â 209Â 379,1.0
1009933,201900051464,2,20,17:13,1,1,1,1.0,4.0,13071,A51-Sens Aix en Provence vers Marseille,M,"43,4100000","5,3600000",13,2019,90.0,1.0,1.0,1.0,2258435,1.0,1,4,1,1.0,,-1.0, -1,1968.0,B01,138Â 209Â 380,1.0,4.0,-1.0,1723881,2.0,7,,0.0,2.0,4.0,B01,138Â 209Â 380,1.0
1009933,201900051464,2,20,17:13,1,1,1,1.0,4.0,13071,A51-Sens Aix en Provence vers Marseille,M,"43,4100000","5,3600000",13,2019,90.0,1.0,1.0,1.0,2258435,1.0,1,4,1,1.0,,-1.0, -1,1968.0,B01,138Â 209Â 380,1.0,4.0,-1.0,1723882,2.0,7,,0.0,2.0,1.0,C01,138Â 209Â 381,1.0
1009933,201900051464,2,20,17:13,1,1,1,1.0,4.0,13071,A51-Sens Aix en Provence vers Marseille,M,"43,4100000","5,3600000",13,2019,90.0,1.0,1.0,1.0,2258436,1.0,1,1,1,1.0,,-1.0, -1,1956.0,C01,138Â 209Â 381,1.0,4.0,-1.0,1723880,2.0,14,,0.0,2.0,4.0,A01,138Â 209Â 379,1.0
1009933,201900051464,2,20,17:13,1,1,1,1.0,4.0,13071,A51-Sens Aix en Provence vers Marseille,M,"43,4100000","5,3600000",13,2019,90.0,1.0,1.0,1.0,2258436,1.0,1,1,1,1.0,,-1.0, -1,1956.0,C01,138Â 209Â 381,1.0,4.0,-1.0,1723881,2.0,7,,0.0,2.0,4.0,B01,138Â 209Â 380,1.0
1009933,201900051464,2,20,17:13,1,1,1,1.0,4.0,13071,A51-Sens Aix en Provence vers Marseille,M,"43,4100000","5,3600000",13,2019,90.0,1.0,1.0,1.0,2258436,1.0,1,1,1,1.0,,-1.0, -1,1956.0,C01,138Â 209Â 381,1.0,4.0,-1.0,1723882,2.0,7,,0.0,2.0,1.0,C01,138Â 209Â 381,1.0
1009934,201900051465,2,20,16:25,1,1,1,1.0,2.0,33039,ROUTE NATIONALE 230,M,"44,8056300"," -0,5303700",33,2019,90.0,1.0,1.0,2.0,2258437,1.0,1,1,1,4.0,,-1.0, -1,1971.0,B01,138Â 209Â 377,1.0,8.0,-1.0,1723883,1.0,17,,0.0,2.0,4.0,B01,138Â 209Â 377,1.0
1009934,201900051465,2,20,16:25,1,1,1,1.0,2.0,33039,ROUTE NATIONALE 230,M,"44,8056300"," -0,5303700",33,2019,90.0,1.0,1.0,2.0,2258437,1.0,1,1,1,4.0,,-1.0, -1,1971.0,B01,138Â 209Â 377,1.0,8.0,-1.0,1723884,1.0,14,,0.0,2.0,1.0,A01,138Â 209Â 378,1.0
1009934,201900051465,2,20,16:25,1,1,1,1.0,2.0,33039,ROUTE NATIONALE 230,M,"44,8056300"," -0,5303700",33,2019,90.0,1.0,1.0,2.0,2258438,1.0,1,4,1,4.0,,-1.0, -1,1969.0,A01,138Â 209Â 378,1.0,8.0,-1.0,1723883,1.0,17,,0.0,2.0,4.0,B01,138Â 209Â 377,1.0
1009934,201900051465,2,20,16:25,1,1,1,1.0,2.0,33039,ROUTE NATIONALE 230,M,"44,8056300"," -0,5303700",33,2019,90.0,1.0,1.0,2.0,2258438,1.0,1,4,1,4.0,,-1.0, -1,1969.0,A01,138Â 209Â 378,1.0,8.0,-1.0,1723884,1.0,14,,0.0,2.0,1.0,A01,138Â 209Â 378,1.0
1009935,201900051466,2,19,07:30,3,1,1,1.0,2.0,94003,AUTOROUTE A6B,M,"48,7988000","2,3438000",94,2019,70.0,1.0,1.0,1.0,2258439,1.0,1,1,2,1.0,,-1.0, -1,1978.0,A01,138Â 209Â 375,1.0,8.0,-1.0,1723885,1.0,7,,14.0,0.0,1.0,A01,138Â 209Â 375,1.0
1009935,201900051466,2,19,07:30,3,1,1,1.0,2.0,94003,AUTOROUTE A6B,M,"48,7988000","2,3438000",94,2019,70.0,1.0,1.0,1.0,2258439,1.0,1,1,2,1.0,,-1.0, -1,1978.0,A01,138Â 209Â 375,1.0,8.0,-1.0,1723886,1.0,7,,0.0,2.0,4.0,B01,138Â 209Â 376,1.0
1009935,201900051466,2,19,07:30,3,1,1,1.0,2.0,94003,AUTOROUTE A6B,M,"48,7988000","2,3438000",94,2019,70.0,1.0,1.0,1.0,2258440,2.0,2,4,2,0.0,,-1.0,0,1972.0,B01,138Â 209Â 376,1.0,0.0,-1.0,1723885,1.0,7,,14.0,0.0,1.0,A01,138Â 209Â 375,1.0
1009935,201900051466,2,19,07:30,3,1,1,1.0,2.0,94003,AUTOROUTE A6B,M,"48,7988000","2,3438000",94,2019,70.0,1.0,1.0,1.0,2258440,2.0,2,4,2,0.0,,-1.0,0,1972.0,B01,138Â 209Â 376,1.0,0.0,-1.0,1723886,1.0,7,,0.0,2.0,4.0,B01,138Â 209Â 376,1.0
1009935,201900051466,2,19,07:30,3,1,1,1.0,2.0,94003,AUTOROUTE A6B,M,"48,7988000","2,3438000",94,2019,70.0,1.0,1.0,1.0,2258441,1.0,1,4,1,5.0,,-1.0,0,1950.0,B01,138Â 209Â 376,1.0,8.0,-1.0,1723885,1.0,7,,14.0,0.0,1.0,A01,138Â 209Â 375,1.0
1009935,201900051466,2,19,07:30,3,1,1,1.0,2.0,94003,AUTOROUTE A6B,M,"48,7988000","2,3438000",94,2019,70.0,1.0,1.0,1.0,2258441,1.0,1,4,1,5.0,,-1.0,0,1950.0,B01,138Â 209Â 376,1.0,8.0,-1.0,1723886,1.0,7,,0.0,2.0,4.0,B01,138Â 209Â 376,1.0
1009936,201900051467,2,19,17:25,1,1,1,1.0,3.0,92064,A13,M,"48,8398367","2,2071470",92,2019,70.0,1.0,1.0,1.0,2258442,1.0,1,4,1,5.0,,-1.0,0,1979.0,B01,138Â 209Â 373,2.0,6.0,-1.0,1723887,1.0,33,,0.0,2.0,7.0,B01,138Â 209Â 373,1.0
1009936,201900051467,2,19,17:25,1,1,1,1.0,3.0,92064,A13,M,"48,8398367","2,2071470",92,2019,70.0,1.0,1.0,1.0,2258442,1.0,1,4,1,5.0,,-1.0,0,1979.0,B01,138Â 209Â 373,2.0,6.0,-1.0,1723888,1.0,10,,0.0,2.0,8.0,A01,138Â 209Â 374,1.0
1009936,201900051467,2,19,17:25,1,1,1,1.0,3.0,92064,A13,M,"48,8398367","2,2071470",92,2019,70.0,1.0,1.0,1.0,2258443,1.0,1,1,1,5.0,,-1.0,0,1975.0,A01,138Â 209Â 374,8.0,0.0,-1.0,1723887,1.0,33,,0.0,2.0,7.0,B01,138Â 209Â 373,1.0
1009936,201900051467,2,19,17:25,1,1,1,1.0,3.0,92064,A13,M,"48,8398367","2,2071470",92,2019,70.0,1.0,1.0,1.0,2258443,1.0,1,1,1,5.0,,-1.0,0,1975.0,A01,138Â 209Â 374,8.0,0.0,-1.0,1723888,1.0,10,,0.0,2.0,8.0,A01,138Â 209Â 374,1.0
1009937,201900051468,2,19,07:15,2,1,1,1.0,3.0,78043,A12 Y,M,"48,8408190","2,0933500",78,2019,110.0,1.0,1.0,1.0,2258444,1.0,1,1,1,0.0,,-1.0,0,1993.0,A01,138Â 209Â 371,1.0,0.0,-1.0,1723889,1.0,7,,4.0,0.0,3.0,A01,138Â 209Â 371,1.0
1009937,201900051468,2,19,07:15,2,1,1,1.0,3.0,78043,A12 Y,M,"48,8408190","2,0933500",78,2019,110.0,1.0,1.0,1.0,2258444,1.0,1,1,1,0.0,,-1.0,0,1993.0,A01,138Â 209Â 371,1.0,0.0,-1.0,1723890,1.0,7,,0.0,2.0,0.0,B01,138Â 209Â 372,0.0
1009937,201900051468,2,19,07:15,2,1,1,1.0,3.0,78043,A12 Y,M,"48,8408190","2,0933500",78,2019,110.0,1.0,1.0,1.0,2258445,1.0,1,4,2,1.0,,-1.0,0,1978.0,B01,138Â 209Â 372,1.0,0.0,-1.0,1723889,1.0,7,,4.0,0.0,3.0,A01,138Â 209Â 371,1.0
1009937,201900051468,2,19,07:15,2,1,1,1.0,3.0,78043,A12 Y,M,"48,8408190","2,0933500",78,2019,110.0,1.0,1.0,1.0,2258445,1.0,1,4,2,1.0,,-1.0,0,1978.0,B01,138Â 209Â 372,1.0,0.0,-1.0,1723890,1.0,7,,0.0,2.0,0.0,B01,138Â 209Â 372,0.0
1009938,201900051469,2,19,08:50,1,1,1,1.0,3.0,93001,AUTOROUTE A86,M,"48,9214800","2,3757600",93,2019,90.0,1.0,1.0,1.0,2258446,1.0,1,4,1,0.0,,-1.0, -1,1972.0,B01,138Â 209Â 369,2.0,8.0,-1.0,1723891,2.0,33,,0.0,2.0,8.0,B01,138Â 209Â 369,1.0
1009938,201900051469,2,19,08:50,1,1,1,1.0,3.0,93001,AUTOROUTE A86,M,"48,9214800","2,3757600",93,2019,90.0,1.0,1.0,1.0,2258446,1.0,1,4,1,0.0,,-1.0, -1,1972.0,B01,138Â 209Â 369,2.0,8.0,-1.0,1723892,2.0,7,,0.0,2.0,2.0,A01,138Â 209Â 370,1.0
1009938,201900051469,2,19,08:50,1,1,1,1.0,3.0,93001,AUTOROUTE A86,M,"48,9214800","2,3757600",93,2019,90.0,1.0,1.0,1.0,2258447,1.0,1,1,1,0.0,,-1.0, -1,1992.0,A01,138Â 209Â 370,1.0,0.0,-1.0,1723891,2.0,33,,0.0,2.0,8.0,B01,138Â 209Â 369,1.0
1009938,201900051469,2,19,08:50,1,1,1,1.0,3.0,93001,AUTOROUTE A86,M,"48,9214800","2,3757600",93,2019,90.0,1.0,1.0,1.0,2258447,1.0,1,1,1,0.0,,-1.0, -1,1992.0,A01,138Â 209Â 370,1.0,0.0,-1.0,1723892,2.0,7,,0.0,2.0,2.0,A01,138Â 209Â 370,1.0
1009939,201900051470,2,19,09:05,1,1,1,1.0,2.0,94028,A86 INT,M,"48,7764852","2,4365932",94,2019,90.0,1.0,1.0,1.0,2258448,1.0,1,1,1,1.0,,-1.0, -1,1980.0,A01,138Â 209Â 367,1.0,0.0,-1.0,1723893,1.0,7,,0.0,2.0,2.0,A01,138Â 209Â 367,1.0
1009939,201900051470,2,19,09:05,1,1,1,1.0,2.0,94028,A86 INT,M,"48,7764852","2,4365932",94,2019,90.0,1.0,1.0,1.0,2258448,1.0,1,1,1,1.0,,-1.0, -1,1980.0,A01,138Â 209Â 367,1.0,0.0,-1.0,1723894,1.0,31,,0.0,2.0,4.0,B01,138Â 209Â 368,1.0
1009939,201900051470,2,19,09:05,1,1,1,1.0,2.0,94028,A86 INT,M,"48,7764852","2,4365932",94,2019,90.0,1.0,1.0,1.0,2258449,1.0,1,4,1,1.0,,-1.0,0,1978.0,B01,138Â 209Â 368,2.0,6.0,-1.0,1723893,1.0,7,,0.0,2.0,2.0,A01,138Â 209Â 367,1.0
1009939,201900051470,2,19,09:05,1,1,1,1.0,2.0,94028,A86 INT,M,"48,7764852","2,4365932",94,2019,90.0,1.0,1.0,1.0,2258449,1.0,1,4,1,1.0,,-1.0,0,1978.0,B01,138Â 209Â 368,2.0,6.0,-1.0,1723894,1.0,31,,0.0,2.0,4.0,B01,138Â 209Â 368,1.0
1009940,201900051471,2,18,00:00,3,1,1,1.0,7.0,77337,A4,M,"48,8299700","2,6145900",77,2019,110.0,1.0,1.0,1.0,2258450,1.0,1,4,2,5.0,,-1.0,0,1996.0,A01,138Â 209Â 366,1.0,0.0,-1.0,1723895,2.0,7,,4.0,2.0,3.0,A01,138Â 209Â 366,1.0
1009941,201900051472,2,19,15:10,1,1,2,1.0,2.0,14715,AGUESSEAU (ROUTE D'),M,"49,3711372","0,1190400",14,2019,80.0,1.0,1.0,3.0,2258451,1.0,1,4,2,0.0,,-1.0,0,1999.0,A01,138Â 209Â 360,2.0,6.0,-1.0,1723896,1.0,33,,0.0,2.0,5.0,A01,138Â 209Â 360,1.0