Unnamed: 0_x,num_acc,mois,jour,hrmn,lum,agg,int,atm,col,com,adr,gps,lat,long,dep,annee,vma,situ,surf,catr,Unnamed: 0_y,place,catu,grav,sexe,trajet,secu,locp,actp,an_nais,num_veh_x,id_vehicule_x,secu1,secu2,secu3,Unnamed: 0,senc,catv,occutc,obs,obsm,choc,num_veh_y,id_vehicule_y,motor
1009941,201900051472,2,19,15:10,1,1,2,1.0,2.0,14715,AGUESSEAU (ROUTE D'),M,"49,3711372","0,1190400",14,2019,80.0,1.0,1.0,3.0,2258451,1.0,1,4,2,0.0,,-1.0,0,1999.0,A01,138Â 209Â 360,2.0,6.0,-1.0,1723897,1.0,7,,0.0,2.0,5.0,B01,138Â 209Â 361,1.0
1009941,201900051472,2,19,15:10,1,1,2,1.0,2.0,14715,AGUESSEAU (ROUTE D'),M,"49,3711372","0,1190400",14,2019,80.0,1.0,1.0,3.0,2258452,1.0,1,1,1,5.0,,-1.0, -1,1936.0,B01,138Â 209Â 361,1.0,-1.0,-1.0,1723896,1.0,33,,0.0,2.0,5.0,A01,138Â 209Â 360,1.0
1009941,201900051472,2,19,15:10,1,1,2,1.0,2.0,14715,AGUESSEAU (ROUTE D'),M,"49,3711372","0,1190400",14,2019,80.0,1.0,1.0,3.0,2258452,1.0,1,1,1,5.0,,-1.0, -1,1936.0,B01,138Â 209Â 361,1.0,-1.0,-1.0,1723897,1.0,7,,0.0,2.0,5.0,B01,138Â 209Â 361,1.0
1009942,201900051473,2,19,18:16,1,2,1,1.0,3.0,97416,STEPHANE (CHEMIN),M," -21,2759000","55,4880000",974,2019,50.0,1.0,1.0,3.0,2258453,1.0,1,4,1,0.0,,0.0,0,1986.0,A01,138Â 209Â 358,2.0,8.0,-1.0,1723898,1.0,30,,0.0,2.0,1.0,A01,138Â 209Â 358,0.0
1009942,201900051473,2,19,18:16,1,2,1,1.0,3.0,97416,STEPHANE (CHEMIN),M," -21,2759000","55,4880000",974,2019,50.0,1.0,1.0,3.0,2258453,1.0,1,4,1,0.0,,0.0,0,1986.0,A01,138Â 209Â 358,2.0,8.0,-1.0,1723899,3.0,38,1.0,0.0,2.0,3.0,B01,138Â 209Â 359,0.0
1009942,201900051473,2,19,18:16,1,2,1,1.0,3.0,97416,STEPHANE (CHEMIN),M," -21,2759000","55,4880000",974,2019,50.0,1.0,1.0,3.0,2258454,1.0,1,1,1,0.0,,0.0,0,1993.0,B01,138Â 209Â 359,1.0,0.0,-1.0,1723898,1.0,30,,0.0,2.0,1.0,A01,138Â 209Â 358,0.0
1009942,201900051473,2,19,18:16,1,2,1,1.0,3.0,97416,STEPHANE (CHEMIN),M," -21,2759000","55,4880000",974,2019,50.0,1.0,1.0,3.0,2258454,1.0,1,1,1,0.0,,0.0,0,1993.0,B01,138Â 209Â 359,1.0,0.0,-1.0,1723899,3.0,38,1.0,0.0,2.0,3.0,B01,138Â 209Â 359,0.0
1009943,201900051474,2,1,17:25,1,2,3,1.0,6.0,97416,Rue de l'Amiral de Caen,M," -21,3020380","55,4298050",974,2019,30.0,1.0,1.0,4.0,2258455,10.0,3,4,1,9.0,,3.0,3,1969.0,A01,138Â 209Â 357,8.0,0.0,-1.0,1723900,3.0,37,1.0,0.0,1.0,1.0,A01,138Â 209Â 357,1.0
1009943,201900051474,2,1,17:25,1,2,3,1.0,6.0,97416,Rue de l'Amiral de Caen,M," -21,3020380","55,4298050",974,2019,30.0,1.0,1.0,4.0,2258456,1.0,1,1,1,4.0,,0.0,0,1967.0,A01,138Â 209Â 357,1.0,0.0,-1.0,1723900,3.0,37,1.0,0.0,1.0,1.0,A01,138Â 209Â 357,1.0
1009944,201900051475,2,18,11:20,1,2,6,1.0,3.0,91471,PARIS (RUE DE),M,"48,6963990","2,1965700",91,2019,50.0,1.0,1.0,4.0,2258457,1.0,1,4,2,0.0,,0.0,0,1948.0,B01,138Â 209Â 353,8.0,0.0,-1.0,1723901,3.0,1,,0.0,0.0,0.0,B01,138Â 209Â 353,0.0
1009944,201900051475,2,18,11:20,1,2,6,1.0,3.0,91471,PARIS (RUE DE),M,"48,6963990","2,1965700",91,2019,50.0,1.0,1.0,4.0,2258457,1.0,1,4,2,0.0,,0.0,0,1948.0,B01,138Â 209Â 353,8.0,0.0,-1.0,1723902,3.0,32,,0.0,0.0,0.0,A01,138Â 209Â 354,0.0
1009944,201900051475,2,18,11:20,1,2,6,1.0,3.0,91471,PARIS (RUE DE),M,"48,6963990","2,1965700",91,2019,50.0,1.0,1.0,4.0,2258458,1.0,1,1,2,1.0,,0.0,0,1958.0,A01,138Â 209Â 354,5.0,-1.0,-1.0,1723901,3.0,1,,0.0,0.0,0.0,B01,138Â 209Â 353,0.0
1009944,201900051475,2,18,11:20,1,2,6,1.0,3.0,91471,PARIS (RUE DE),M,"48,6963990","2,1965700",91,2019,50.0,1.0,1.0,4.0,2258458,1.0,1,1,2,1.0,,0.0,0,1958.0,A01,138Â 209Â 354,5.0,-1.0,-1.0,1723902,3.0,32,,0.0,0.0,0.0,A01,138Â 209Â 354,0.0
1009945,201900051476,2,19,11:50,1,2,1,1.0,5.0,91687,GENERAL DE GAULLE (AVENUE DU),M,"48,6781980","2,3828040",91,2019,50.0,1.0,1.0,2.0,2258459,1.0,1,1,1,9.0,,0.0,0,1942.0,B01,138Â 209Â 347,1.0,0.0,-1.0,1723903,0.0,7,,0.0,2.0,6.0,B01,138Â 209Â 347,1.0
1009945,201900051476,2,19,11:50,1,2,1,1.0,5.0,91687,GENERAL DE GAULLE (AVENUE DU),M,"48,6781980","2,3828040",91,2019,50.0,1.0,1.0,2.0,2258459,1.0,1,1,1,9.0,,0.0,0,1942.0,B01,138Â 209Â 347,1.0,0.0,-1.0,1723904,1.0,15,,0.0,2.0,3.0,D01,138Â 209Â 348,1.0
1009945,201900051476,2,19,11:50,1,2,1,1.0,5.0,91687,GENERAL DE GAULLE (AVENUE DU),M,"48,6781980","2,3828040",91,2019,50.0,1.0,1.0,2.0,2258459,1.0,1,1,1,9.0,,0.0,0,1942.0,B01,138Â 209Â 347,1.0,0.0,-1.0,1723905,0.0,7,,0.0,2.0,1.0,C01,138Â 209Â 349,1.0
1009945,201900051476,2,19,11:50,1,2,1,1.0,5.0,91687,GENERAL DE GAULLE (AVENUE DU),M,"48,6781980","2,3828040",91,2019,50.0,1.0,1.0,2.0,2258459,1.0,1,1,1,9.0,,0.0,0,1942.0,B01,138Â 209Â 347,1.0,0.0,-1.0,1723906,0.0,3,,0.0,2.0,5.0,A01,138Â 209Â 350,1.0
1009945,201900051476,2,19,11:50,1,2,1,1.0,5.0,91687,GENERAL DE GAULLE (AVENUE DU),M,"48,6781980","2,3828040",91,2019,50.0,1.0,1.0,2.0,2258460,1.0,1,1,1,4.0,,0.0,0,1983.0,D01,138Â 209Â 348,1.0,0.0,-1.0,1723903,0.0,7,,0.0,2.0,6.0,B01,138Â 209Â 347,1.0
1009945,201900051476,2,19,11:50,1,2,1,1.0,5.0,91687,GENERAL DE GAULLE (AVENUE DU),M,"48,6781980","2,3828040",91,2019,50.0,1.0,1.0,2.0,2258460,1.0,1,1,1,4.0,,0.0,0,1983.0,D01,138Â 209Â 348,1.0,0.0,-1.0,1723904,1.0,15,,0.0,2.0,3.0,D01,138Â 209Â 348,1.0
1009945,201900051476,2,19,11:50,1,2,1,1.0,5.0,91687,GENERAL DE GAULLE (AVENUE DU),M,"48,6781980","2,3828040",91,2019,50.0,1.0,1.0,2.0,2258460,1.0,1,1,1,4.0,,0.0,0,1983.0,D01,138Â 209Â 348,1.0,0.0,-1.0,1723905,0.0,7,,0.0,2.0,1.0,C01,138Â 209Â 349,1.0
1009945,201900051476,2,19,11:50,1,2,1,1.0,5.0,91687,GENERAL DE GAULLE (AVENUE DU),M,"48,6781980","2,3828040",91,2019,50.0,1.0,1.0,2.0,2258460,1.0,1,1,1,4.0,,0.0,0,1983.0,D01,138Â 209Â 348,1.0,0.0,-1.0,1723906,0.0,3,,0.0,2.0,5.0,A01,138Â 209Â 350,1.0
1009945,201900051476,2,19,11:50,1,2,1,1.0,5.0,91687,GENERAL DE GAULLE (AVENUE DU),M,"48,6781980","2,3828040",91,2019,50.0,1.0,1.0,2.0,2258461,1.0,1,1,1,5.0,,0.0,0,1942.0,C01,138Â 209Â 349,1.0,0.0,-1.0,1723903,0.0,7,,0.0,2.0,6.0,B01,138Â 209Â 347,1.0
1009945,201900051476,2,19,11:50,1,2,1,1.0,5.0,91687,GENERAL DE GAULLE (AVENUE DU),M,"48,6781980","2,3828040",91,2019,50.0,1.0,1.0,2.0,2258461,1.0,1,1,1,5.0,,0.0,0,1942.0,C01,138Â 209Â 349,1.0,0.0,-1.0,1723904,1.0,15,,0.0,2.0,3.0,D01,138Â 209Â 348,1.0
1009945,201900051476,2,19,11:50,1,2,1,1.0,5.0,91687,GENERAL DE GAULLE (AVENUE DU),M,"48,6781980","2,3828040",91,2019,50.0,1.0,1.0,2.0,2258461,1.0,1,1,1,5.0,,0.0,0,1942.0,C01,138Â 209Â 349,1.0,0.0,-1.0,1723905,0.0,7,,0.0,2.0,1.0,C01,138Â 209Â 349,1.0
1009945,201900051476,2,19,11:50,1,2,1,1.0,5.0,91687,GENERAL DE GAULLE (AVENUE DU),M,"48,6781980","2,3828040",91,2019,50.0,1.0,1.0,2.0,2258461,1.0,1,1,1,5.0,,0.0,0,1942.0,C01,138Â 209Â 349,1.0,0.0,-1.0,1723906,0.0,3,,0.0,2.0,5.0,A01,138Â 209Â 350,1.0
1009945,201900051476,2,19,11:50,1,2,1,1.0,5.0,91687,GENERAL DE GAULLE (AVENUE DU),M,"48,6781980","2,3828040",91,2019,50.0,1.0,1.0,2.0,2258462,1.0,1,3,1,9.0,,0.0,0,1959.0,A01,138Â 209Â 350,1.0,0.0,-1.0,1723903,0.0,7,,0.0,2.0,6.0,B01,138Â 209Â 347,1.0
1009945,201900051476,2,19,11:50,1,2,1,1.0,5.0,91687,GENERAL DE GAULLE (AVENUE DU),M,"48,6781980","2,3828040",91,2019,50.0,1.0,1.0,2.0,2258462,1.0,1,3,1,9.0,,0.0,0,1959.0,A01,138Â 209Â 350,1.0,0.0,-1.0,1723904,1.0,15,,0.0,2.0,3.0,D01,138Â 209Â 348,1.0
1009945,201900051476,2,19,11:50,1,2,1,1.0,5.0,91687,GENERAL DE GAULLE (AVENUE DU),M,"48,6781980","2,3828040",91,2019,50.0,1.0,1.0,2.0,2258462,1.0,1,3,1,9.0,,0.0,0,1959.0,A01,138Â 209Â 350,1.0,0.0,-1.0,1723905,0.0,7,,0.0,2.0,1.0,C01,138Â 209Â 349,1.0
1009945,201900051476,2,19,11:50,1,2,1,1.0,5.0,91687,GENERAL DE GAULLE (AVENUE DU),M,"48,6781980","2,3828040",91,2019,50.0,1.0,1.0,2.0,2258462,1.0,1,3,1,9.0,,0.0,0,1959.0,A01,138Â 209Â 350,1.0,0.0,-1.0,1723906,0.0,3,,0.0,2.0,5.0,A01,138Â 209Â 350,1.0
1009946,201900051477,2,18,16:10,1,1,1,1.0,2.0,91433,R.N. 20,M,"48,4412230","2,1743330",91,2019,90.0,1.0,1.0,2.0,2258463,1.0,1,4,2,0.0,,0.0,0,1957.0,A01,138Â 209Â 345,1.0,8.0,-1.0,1723907,0.0,7,,0.0,2.0,1.0,A01,138Â 209Â 345,1.0
1009946,201900051477,2,18,16:10,1,1,1,1.0,2.0,91433,R.N. 20,M,"48,4412230","2,1743330",91,2019,90.0,1.0,1.0,2.0,2258463,1.0,1,4,2,0.0,,0.0,0,1957.0,A01,138Â 209Â 345,1.0,8.0,-1.0,1723908,1.0,15,,0.0,2.0,4.0,B01,138Â 209Â 346,1.0
1009946,201900051477,2,18,16:10,1,1,1,1.0,2.0,91433,R.N. 20,M,"48,4412230","2,1743330",91,2019,90.0,1.0,1.0,2.0,2258464,1.0,1,1,2,4.0,,0.0,0,1976.0,B01,138Â 209Â 346,1.0,8.0,-1.0,1723907,0.0,7,,0.0,2.0,1.0,A01,138Â 209Â 345,1.0
1009946,201900051477,2,18,16:10,1,1,1,1.0,2.0,91433,R.N. 20,M,"48,4412230","2,1743330",91,2019,90.0,1.0,1.0,2.0,2258464,1.0,1,1,2,4.0,,0.0,0,1976.0,B01,138Â 209Â 346,1.0,8.0,-1.0,1723908,1.0,15,,0.0,2.0,4.0,B01,138Â 209Â 346,1.0
1009947,201900051478,2,16,12:40,1,2,2,1.0,3.0,91657,CACTUS (RUE DES ),M,"48,6938080","2,4342860",91,2019,50.0,1.0,1.0,4.0,2258465,1.0,1,1,1,0.0,,0.0,0,1967.0,A01,138Â 209Â 343,1.0,0.0,-1.0,1723909,1.0,7,,0.0,2.0,2.0,A01,138Â 209Â 343,1.0
1009947,201900051478,2,16,12:40,1,2,2,1.0,3.0,91657,CACTUS (RUE DES ),M,"48,6938080","2,4342860",91,2019,50.0,1.0,1.0,4.0,2258465,1.0,1,1,1,0.0,,0.0,0,1967.0,A01,138Â 209Â 343,1.0,0.0,-1.0,1723910,2.0,34,,0.0,2.0,8.0,B01,138Â 209Â 344,1.0
1009947,201900051478,2,16,12:40,1,2,2,1.0,3.0,91657,CACTUS (RUE DES ),M,"48,6938080","2,4342860",91,2019,50.0,1.0,1.0,4.0,2258466,1.0,1,4,1,4.0,,0.0,0,1993.0,B01,138Â 209Â 344,2.0,6.0,-1.0,1723909,1.0,7,,0.0,2.0,2.0,A01,138Â 209Â 343,1.0
1009947,201900051478,2,16,12:40,1,2,2,1.0,3.0,91657,CACTUS (RUE DES ),M,"48,6938080","2,4342860",91,2019,50.0,1.0,1.0,4.0,2258466,1.0,1,4,1,4.0,,0.0,0,1993.0,B01,138Â 209Â 344,2.0,6.0,-1.0,1723910,2.0,34,,0.0,2.0,8.0,B01,138Â 209Â 344,1.0
1009948,201900051479,2,19,14:40,1,2,1,1.0,4.0,91174,PAPETERIE(RUE),M,"48,5918650","2,4704930",91,2019,50.0,1.0,1.0,4.0,2258467,1.0,1,1,1,1.0,,0.0,0,1977.0,A01,138Â 209Â 340,1.0,5.0,-1.0,1723911,0.0,7,,14.0,2.0,2.0,A01,138Â 209Â 340,6.0
1009948,201900051479,2,19,14:40,1,2,1,1.0,4.0,91174,PAPETERIE(RUE),M,"48,5918650","2,4704930",91,2019,50.0,1.0,1.0,4.0,2258467,1.0,1,1,1,1.0,,0.0,0,1977.0,A01,138Â 209Â 340,1.0,5.0,-1.0,1723912,0.0,7,,0.0,2.0,3.0,C01,138Â 209Â 341,6.0
1009948,201900051479,2,19,14:40,1,2,1,1.0,4.0,91174,PAPETERIE(RUE),M,"48,5918650","2,4704930",91,2019,50.0,1.0,1.0,4.0,2258467,1.0,1,1,1,1.0,,0.0,0,1977.0,A01,138Â 209Â 340,1.0,5.0,-1.0,1723913,0.0,10,,0.0,2.0,3.0,B01,138Â 209Â 342,6.0
1009948,201900051479,2,19,14:40,1,2,1,1.0,4.0,91174,PAPETERIE(RUE),M,"48,5918650","2,4704930",91,2019,50.0,1.0,1.0,4.0,2258468,1.0,1,4,2,1.0,,0.0,0,1989.0,C01,138Â 209Â 341,1.0,5.0,-1.0,1723911,0.0,7,,14.0,2.0,2.0,A01,138Â 209Â 340,6.0
1009948,201900051479,2,19,14:40,1,2,1,1.0,4.0,91174,PAPETERIE(RUE),M,"48,5918650","2,4704930",91,2019,50.0,1.0,1.0,4.0,2258468,1.0,1,4,2,1.0,,0.0,0,1989.0,C01,138Â 209Â 341,1.0,5.0,-1.0,1723912,0.0,7,,0.0,2.0,3.0,C01,138Â 209Â 341,6.0
1009948,201900051479,2,19,14:40,1,2,1,1.0,4.0,91174,PAPETERIE(RUE),M,"48,5918650","2,4704930",91,2019,50.0,1.0,1.0,4.0,2258468,1.0,1,4,2,1.0,,0.0,0,1989.0,C01,138Â 209Â 341,1.0,5.0,-1.0,1723913,0.0,10,,0.0,2.0,3.0,B01,138Â 209Â 342,6.0
1009948,201900051479,2,19,14:40,1,2,1,1.0,4.0,91174,PAPETERIE(RUE),M,"48,5918650","2,4704930",91,2019,50.0,1.0,1.0,4.0,2258469,1.0,1,1,1,1.0,,0.0,0,1976.0,B01,138Â 209Â 342,1.0,8.0,-1.0,1723911,0.0,7,,14.0,2.0,2.0,A01,138Â 209Â 340,6.0
1009948,201900051479,2,19,14:40,1,2,1,1.0,4.0,91174,PAPETERIE(RUE),M,"48,5918650","2,4704930",91,2019,50.0,1.0,1.0,4.0,2258469,1.0,1,1,1,1.0,,0.0,0,1976.0,B01,138Â 209Â 342,1.0,8.0,-1.0,1723912,0.0,7,,0.0,2.0,3.0,C01,138Â 209Â 341,6.0
1009948,201900051479,2,19,14:40,1,2,1,1.0,4.0,91174,PAPETERIE(RUE),M,"48,5918650","2,4704930",91,2019,50.0,1.0,1.0,4.0,2258469,1.0,1,1,1,1.0,,0.0,0,1976.0,B01,138Â 209Â 342,1.0,8.0,-1.0,1723913,0.0,10,,0.0,2.0,3.0,B01,138Â 209Â 342,6.0
1009949,201900051480,2,19,17:45,1,2,3,1.0,6.0,91027,DUNANT (AVENUE HENRI),M,"48,7107740","2,3883850",91,2019,30.0,1.0,1.0,3.0,2258470,2.0,2,1,1,5.0,,0.0,0,2004.0,A01,138Â 209Â 339,2.0,8.0,-1.0,1723914,2.0,30,,0.0,1.0,0.0,A01,138Â 209Â 339,1.0
1009949,201900051480,2,19,17:45,1,2,3,1.0,6.0,91027,DUNANT (AVENUE HENRI),M,"48,7107740","2,3883850",91,2019,30.0,1.0,1.0,3.0,2258471,10.0,3,4,1,5.0,,4.0,3,2002.0,A01,138Â 209Â 339,8.0,0.0,-1.0,1723914,2.0,30,,0.0,1.0,0.0,A01,138Â 209Â 339,1.0
1009949,201900051480,2,19,17:45,1,2,3,1.0,6.0,91027,DUNANT (AVENUE HENRI),M,"48,7107740","2,3883850",91,2019,30.0,1.0,1.0,3.0,2258472,2.0,1,4,1,5.0,,0.0,0,1997.0,A01,138Â 209Â 339,8.0,0.0,-1.0,1723914,2.0,30,,0.0,1.0,0.0,A01,138Â 209Â 339,1.0
1009950,201900051481,2,15,17:09,1,2,1,1.0,3.0,87114,DE-GAULLE (AVENUE DU GENERAL-),M,"45,8327200","1,3009500",87,2019,50.0,1.0,1.0,4.0,2258473,1.0,1,4,1,5.0,,0.0,0,2003.0,B01,138Â 209Â 337,2.0,0.0,-1.0,1723915,1.0,2,,0.0,2.0,7.0,B01,138Â 209Â 337,1.0
1009950,201900051481,2,15,17:09,1,2,1,1.0,3.0,87114,DE-GAULLE (AVENUE DU GENERAL-),M,"45,8327200","1,3009500",87,2019,50.0,1.0,1.0,4.0,2258473,1.0,1,4,1,5.0,,0.0,0,2003.0,B01,138Â 209Â 337,2.0,0.0,-1.0,1723916,2.0,7,,0.0,2.0,3.0,A01,138Â 209Â 338,1.0
1009950,201900051481,2,15,17:09,1,2,1,1.0,3.0,87114,DE-GAULLE (AVENUE DU GENERAL-),M,"45,8327200","1,3009500",87,2019,50.0,1.0,1.0,4.0,2258474,1.0,1,1,2,5.0,,-1.0,0,1940.0,A01,138Â 209Â 338,1.0,0.0,-1.0,1723915,1.0,2,,0.0,2.0,7.0,B01,138Â 209Â 337,1.0
1009950,201900051481,2,15,17:09,1,2,1,1.0,3.0,87114,DE-GAULLE (AVENUE DU GENERAL-),M,"45,8327200","1,3009500",87,2019,50.0,1.0,1.0,4.0,2258474,1.0,1,1,2,5.0,,-1.0,0,1940.0,A01,138Â 209Â 338,1.0,0.0,-1.0,1723916,2.0,7,,0.0,2.0,3.0,A01,138Â 209Â 338,1.0
1009951,201900051482,2,18,14:00,1,2,1,1.0,6.0,80021,"28, BD DU PORT D'AMONT",M,"49,8949400","2,3081500",80,2019,50.0,1.0,1.0,4.0,2258475,1.0,1,1,1,0.0,,0.0,0,1984.0,A01,138Â 209Â 336,1.0,0.0,-1.0,1723917,0.0,10,,0.0,1.0,1.0,A01,138Â 209Â 336,1.0
1009951,201900051482,2,18,14:00,1,2,1,1.0,6.0,80021,"28, BD DU PORT D'AMONT",M,"49,8949400","2,3081500",80,2019,50.0,1.0,1.0,4.0,2258476,10.0,3,4,2,0.0,,9.0,9,1947.0,A01,138Â 209Â 336,8.0,0.0,-1.0,1723917,0.0,10,,0.0,1.0,1.0,A01,138Â 209Â 336,1.0
1009952,201900051483,2,17,11:10,1,2,6,1.0,6.0,77458,ROLLIN (RUE),M,"48,1828900","2,7344800",77,2019,50.0,1.0,1.0,4.0,2258477,1.0,1,1,1,5.0,,-1.0,0,1979.0,A01,138Â 209Â 328,8.0,0.0,-1.0,1723918,1.0,3,,0.0,1.0,3.0,A01,138Â 209Â 328,1.0
1009952,201900051483,2,17,11:10,1,2,6,1.0,6.0,77458,ROLLIN (RUE),M,"48,1828900","2,7344800",77,2019,50.0,1.0,1.0,4.0,2258478,10.0,3,3,2,5.0,,1.0,3,1952.0,A01,138Â 209Â 328,8.0,0.0,-1.0,1723918,1.0,3,,0.0,1.0,3.0,A01,138Â 209Â 328,1.0
1009953,201900051484,2,19,14:30,1,2,3,1.0,6.0,74281,THUYSET (AVENUE DE),M,"46,3823600","6,5026600",74,2019,50.0,1.0,1.0,4.0,2258479,1.0,1,3,1,0.0,,0.0,0,1988.0,B01,138Â 209Â 323,2.0,6.0,-1.0,1723919,3.0,33,,0.0,2.0,1.0,B01,138Â 209Â 323,1.0
1009953,201900051484,2,19,14:30,1,2,3,1.0,6.0,74281,THUYSET (AVENUE DE),M,"46,3823600","6,5026600",74,2019,50.0,1.0,1.0,4.0,2258479,1.0,1,3,1,0.0,,0.0,0,1988.0,B01,138Â 209Â 323,2.0,6.0,-1.0,1723920,3.0,7,,0.0,2.0,1.0,C01,138Â 209Â 324,1.0
1009953,201900051484,2,19,14:30,1,2,3,1.0,6.0,74281,THUYSET (AVENUE DE),M,"46,3823600","6,5026600",74,2019,50.0,1.0,1.0,4.0,2258479,1.0,1,3,1,0.0,,0.0,0,1988.0,B01,138Â 209Â 323,2.0,6.0,-1.0,1723921,3.0,7,,0.0,2.0,8.0,A01,138Â 209Â 325,1.0
1009953,201900051484,2,19,14:30,1,2,3,1.0,6.0,74281,THUYSET (AVENUE DE),M,"46,3823600","6,5026600",74,2019,50.0,1.0,1.0,4.0,2258480,4.0,2,1,2,0.0,,0.0,0,2018.0,C01,138Â 209Â 324,3.0,0.0,-1.0,1723919,3.0,33,,0.0,2.0,1.0,B01,138Â 209Â 323,1.0
1009953,201900051484,2,19,14:30,1,2,3,1.0,6.0,74281,THUYSET (AVENUE DE),M,"46,3823600","6,5026600",74,2019,50.0,1.0,1.0,4.0,2258480,4.0,2,1,2,0.0,,0.0,0,2018.0,C01,138Â 209Â 324,3.0,0.0,-1.0,1723920,3.0,7,,0.0,2.0,1.0,C01,138Â 209Â 324,1.0
1009953,201900051484,2,19,14:30,1,2,3,1.0,6.0,74281,THUYSET (AVENUE DE),M,"46,3823600","6,5026600",74,2019,50.0,1.0,1.0,4.0,2258480,4.0,2,1,2,0.0,,0.0,0,2018.0,C01,138Â 209Â 324,3.0,0.0,-1.0,1723921,3.0,7,,0.0,2.0,8.0,A01,138Â 209Â 325,1.0
1009953,201900051484,2,19,14:30,1,2,3,1.0,6.0,74281,THUYSET (AVENUE DE),M,"46,3823600","6,5026600",74,2019,50.0,1.0,1.0,4.0,2258481,1.0,1,1,2,0.0,,0.0,0,1990.0,C01,138Â 209Â 324,1.0,0.0,-1.0,1723919,3.0,33,,0.0,2.0,1.0,B01,138Â 209Â 323,1.0
1009953,201900051484,2,19,14:30,1,2,3,1.0,6.0,74281,THUYSET (AVENUE DE),M,"46,3823600","6,5026600",74,2019,50.0,1.0,1.0,4.0,2258481,1.0,1,1,2,0.0,,0.0,0,1990.0,C01,138Â 209Â 324,1.0,0.0,-1.0,1723920,3.0,7,,0.0,2.0,1.0,C01,138Â 209Â 324,1.0
1009953,201900051484,2,19,14:30,1,2,3,1.0,6.0,74281,THUYSET (AVENUE DE),M,"46,3823600","6,5026600",74,2019,50.0,1.0,1.0,4.0,2258481,1.0,1,1,2,0.0,,0.0,0,1990.0,C01,138Â 209Â 324,1.0,0.0,-1.0,1723921,3.0,7,,0.0,2.0,8.0,A01,138Â 209Â 325,1.0
1009953,201900051484,2,19,14:30,1,2,3,1.0,6.0,74281,THUYSET (AVENUE DE),M,"46,3823600","6,5026600",74,2019,50.0,1.0,1.0,4.0,2258482,3.0,2,1,2,0.0,,0.0,0,2015.0,C01,138Â 209Â 324,3.0,0.0,-1.0,1723919,3.0,33,,0.0,2.0,1.0,B01,138Â 209Â 323,1.0
1009953,201900051484,2,19,14:30,1,2,3,1.0,6.0,74281,THUYSET (AVENUE DE),M,"46,3823600","6,5026600",74,2019,50.0,1.0,1.0,4.0,2258482,3.0,2,1,2,0.0,,0.0,0,2015.0,C01,138Â 209Â 324,3.0,0.0,-1.0,1723920,3.0,7,,0.0,2.0,1.0,C01,138Â 209Â 324,1.0
1009953,201900051484,2,19,14:30,1,2,3,1.0,6.0,74281,THUYSET (AVENUE DE),M,"46,3823600","6,5026600",74,2019,50.0,1.0,1.0,4.0,2258482,3.0,2,1,2,0.0,,0.0,0,2015.0,C01,138Â 209Â 324,3.0,0.0,-1.0,1723921,3.0,7,,0.0,2.0,8.0,A01,138Â 209Â 325,1.0
1009953,201900051484,2,19,14:30,1,2,3,1.0,6.0,74281,THUYSET (AVENUE DE),M,"46,3823600","6,5026600",74,2019,50.0,1.0,1.0,4.0,2258483,1.0,1,1,2,5.0,,0.0,0,1951.0,A01,138Â 209Â 325,1.0,0.0,-1.0,1723919,3.0,33,,0.0,2.0,1.0,B01,138Â 209Â 323,1.0
1009953,201900051484,2,19,14:30,1,2,3,1.0,6.0,74281,THUYSET (AVENUE DE),M,"46,3823600","6,5026600",74,2019,50.0,1.0,1.0,4.0,2258483,1.0,1,1,2,5.0,,0.0,0,1951.0,A01,138Â 209Â 325,1.0,0.0,-1.0,1723920,3.0,7,,0.0,2.0,1.0,C01,138Â 209Â 324,1.0
1009953,201900051484,2,19,14:30,1,2,3,1.0,6.0,74281,THUYSET (AVENUE DE),M,"46,3823600","6,5026600",74,2019,50.0,1.0,1.0,4.0,2258483,1.0,1,1,2,5.0,,0.0,0,1951.0,A01,138Â 209Â 325,1.0,0.0,-1.0,1723921,3.0,7,,0.0,2.0,8.0,A01,138Â 209Â 325,1.0
1009954,201900051485,2,18,10:50,1,2,1,1.0,7.0,74012,ETREMBIERES (ROUTE D'),M,"46,1850600","6,2302800",74,2019,50.0,1.0,1.0,3.0,2258484,1.0,1,4,1,3.0,,0.0,0,1991.0,A01,138Â 209Â 322,2.0,0.0,-1.0,1723922,1.0,32,,0.0,0.0,7.0,A01,138Â 209Â 322,1.0
1009955,201900051486,2,14,17:30,2,2,1,1.0,6.0,72181,HERRIOT EDOUARD (RUE),M,"47,9947200","0,2295800",72,2019,50.0,1.0,1.0,4.0,2258485,10.0,3,4,1,5.0,,5.0,0,2011.0,Z01,138Â 209Â 321,8.0,0.0,-1.0,1723923,0.0,32,,0.0,1.0,0.0,Z01,138Â 209Â 321,1.0
1009956,201900051487,2,19,17:05,1,2,1,1.0,6.0,69266,CHARNY      (Rue),M,"45,7549100","4,8903000",69,2019,50.0,1.0,1.0,4.0,2258486,10.0,3,1,1,0.0,,2.0,3,1999.0,A01,138Â 209Â 320,0.0,0.0,-1.0,1723924,1.0,1,,0.0,1.0,1.0,A01,138Â 209Â 320,6.0
1009956,201900051487,2,19,17:05,1,2,1,1.0,6.0,69266,CHARNY      (Rue),M,"45,7549100","4,8903000",69,2019,50.0,1.0,1.0,4.0,2258487,1.0,1,4,2,1.0,,0.0,0,1999.0,A01,138Â 209Â 320,8.0,0.0,-1.0,1723924,1.0,1,,0.0,1.0,1.0,A01,138Â 209Â 320,6.0