Unnamed: 0_x,num_acc,mois,jour,hrmn,lum,agg,int,atm,col,com,adr,gps,lat,long,dep,annee,vma,situ,surf,catr,Unnamed: 0_y,place,catu,grav,sexe,trajet,secu,locp,actp,an_nais,num_veh_x,id_vehicule_x,secu1,secu2,secu3,Unnamed: 0,senc,catv,occutc,obs,obsm,choc,num_veh_y,id_vehicule_y,motor
1009957,201900051488,2,19,07:30,1,2,2,1.0,3.0,69256,GARIBALDI                           (AV),M,"45,7669400","4,9326100",69,2019,50.0,1.0,1.0,4.0,2258488,1.0,1,1,1,1.0,,0.0,0,1971.0,B01,138Â 209Â 318,1.0,0.0,-1.0,1723925,1.0,7,,0.0,2.0,3.0,B01,138Â 209Â 318,1.0
1009957,201900051488,2,19,07:30,1,2,2,1.0,3.0,69256,GARIBALDI                           (AV),M,"45,7669400","4,9326100",69,2019,50.0,1.0,1.0,4.0,2258488,1.0,1,1,1,1.0,,0.0,0,1971.0,B01,138Â 209Â 318,1.0,0.0,-1.0,1723926,1.0,31,,12.0,2.0,6.0,A01,138Â 209Â 319,1.0
1009957,201900051488,2,19,07:30,1,2,2,1.0,3.0,69256,GARIBALDI                           (AV),M,"45,7669400","4,9326100",69,2019,50.0,1.0,1.0,4.0,2258489,1.0,1,3,1,0.0,,0.0,0,1969.0,A01,138Â 209Â 319,2.0,6.0,-1.0,1723925,1.0,7,,0.0,2.0,3.0,B01,138Â 209Â 318,1.0
1009957,201900051488,2,19,07:30,1,2,2,1.0,3.0,69256,GARIBALDI                           (AV),M,"45,7669400","4,9326100",69,2019,50.0,1.0,1.0,4.0,2258489,1.0,1,3,1,0.0,,0.0,0,1969.0,A01,138Â 209Â 319,2.0,6.0,-1.0,1723926,1.0,31,,12.0,2.0,6.0,A01,138Â 209Â 319,1.0
1009958,201900051489,2,20,00:15,5,2,2,1.0,1.0,69264,LECLERC GENERAL  BD,M,"45,9983800","4,7086300",69,2019,50.0,2.0,1.0,4.0,2258490,3.0,2,1,1,0.0,,0.0,0,1990.0,B01,138Â 209Â 316,1.0,8.0,-1.0,1723927,3.0,7,,0.0,2.0,2.0,B01,138Â 209Â 316,1.0
1009958,201900051489,2,20,00:15,5,2,2,1.0,1.0,69264,LECLERC GENERAL  BD,M,"45,9983800","4,7086300",69,2019,50.0,2.0,1.0,4.0,2258490,3.0,2,1,1,0.0,,0.0,0,1990.0,B01,138Â 209Â 316,1.0,8.0,-1.0,1723928,3.0,7,,0.0,2.0,2.0,A01,138Â 209Â 317,1.0
1009958,201900051489,2,20,00:15,5,2,2,1.0,1.0,69264,LECLERC GENERAL  BD,M,"45,9983800","4,7086300",69,2019,50.0,2.0,1.0,4.0,2258491,2.0,2,4,1,0.0,,-1.0, -1,1992.0,B01,138Â 209Â 316,1.0,0.0,-1.0,1723927,3.0,7,,0.0,2.0,2.0,B01,138Â 209Â 316,1.0
1009958,201900051489,2,20,00:15,5,2,2,1.0,1.0,69264,LECLERC GENERAL  BD,M,"45,9983800","4,7086300",69,2019,50.0,2.0,1.0,4.0,2258491,2.0,2,4,1,0.0,,-1.0, -1,1992.0,B01,138Â 209Â 316,1.0,0.0,-1.0,1723928,3.0,7,,0.0,2.0,2.0,A01,138Â 209Â 317,1.0
1009958,201900051489,2,20,00:15,5,2,2,1.0,1.0,69264,LECLERC GENERAL  BD,M,"45,9983800","4,7086300",69,2019,50.0,2.0,1.0,4.0,2258492,1.0,1,4,1,5.0,,0.0,0,1994.0,B01,138Â 209Â 316,1.0,8.0,-1.0,1723927,3.0,7,,0.0,2.0,2.0,B01,138Â 209Â 316,1.0
1009958,201900051489,2,20,00:15,5,2,2,1.0,1.0,69264,LECLERC GENERAL  BD,M,"45,9983800","4,7086300",69,2019,50.0,2.0,1.0,4.0,2258492,1.0,1,4,1,5.0,,0.0,0,1994.0,B01,138Â 209Â 316,1.0,8.0,-1.0,1723928,3.0,7,,0.0,2.0,2.0,A01,138Â 209Â 317,1.0
1009958,201900051489,2,20,00:15,5,2,2,1.0,1.0,69264,LECLERC GENERAL  BD,M,"45,9983800","4,7086300",69,2019,50.0,2.0,1.0,4.0,2258493,4.0,2,1,1,5.0,,0.0,0,1990.0,B01,138Â 209Â 316,1.0,8.0,-1.0,1723927,3.0,7,,0.0,2.0,2.0,B01,138Â 209Â 316,1.0
1009958,201900051489,2,20,00:15,5,2,2,1.0,1.0,69264,LECLERC GENERAL  BD,M,"45,9983800","4,7086300",69,2019,50.0,2.0,1.0,4.0,2258493,4.0,2,1,1,5.0,,0.0,0,1990.0,B01,138Â 209Â 316,1.0,8.0,-1.0,1723928,3.0,7,,0.0,2.0,2.0,A01,138Â 209Â 317,1.0
1009958,201900051489,2,20,00:15,5,2,2,1.0,1.0,69264,LECLERC GENERAL  BD,M,"45,9983800","4,7086300",69,2019,50.0,2.0,1.0,4.0,2258494,1.0,1,1,1,9.0,,0.0,0,2003.0,A01,138Â 209Â 317,8.0,8.0,-1.0,1723927,3.0,7,,0.0,2.0,2.0,B01,138Â 209Â 316,1.0
1009958,201900051489,2,20,00:15,5,2,2,1.0,1.0,69264,LECLERC GENERAL  BD,M,"45,9983800","4,7086300",69,2019,50.0,2.0,1.0,4.0,2258494,1.0,1,1,1,9.0,,0.0,0,2003.0,A01,138Â 209Â 317,8.0,8.0,-1.0,1723928,3.0,7,,0.0,2.0,2.0,A01,138Â 209Â 317,1.0
1009959,201900051490,2,15,14:00,1,2,1,1.0,6.0,66136,LECLERC (AVENUE DU GENERAL),M,"42,7017128","2,8912731",66,2019,50.0,1.0,1.0,4.0,2258495,1.0,1,4,1,9.0,,0.0,0,2001.0,B01,138Â 209Â 312,2.0,8.0,-1.0,1723929,0.0,31,,0.0,2.0,1.0,B01,138Â 209Â 312,1.0
1009959,201900051490,2,15,14:00,1,2,1,1.0,6.0,66136,LECLERC (AVENUE DU GENERAL),M,"42,7017128","2,8912731",66,2019,50.0,1.0,1.0,4.0,2258495,1.0,1,4,1,9.0,,0.0,0,2001.0,B01,138Â 209Â 312,2.0,8.0,-1.0,1723930,0.0,7,,0.0,2.0,3.0,A01,138Â 209Â 313,1.0
1009959,201900051490,2,15,14:00,1,2,1,1.0,6.0,66136,LECLERC (AVENUE DU GENERAL),M,"42,7017128","2,8912731",66,2019,50.0,1.0,1.0,4.0,2258496,1.0,1,1,1,4.0,,0.0,0,1978.0,A01,138Â 209Â 313,1.0,8.0,-1.0,1723929,0.0,31,,0.0,2.0,1.0,B01,138Â 209Â 312,1.0
1009959,201900051490,2,15,14:00,1,2,1,1.0,6.0,66136,LECLERC (AVENUE DU GENERAL),M,"42,7017128","2,8912731",66,2019,50.0,1.0,1.0,4.0,2258496,1.0,1,1,1,4.0,,0.0,0,1978.0,A01,138Â 209Â 313,1.0,8.0,-1.0,1723930,0.0,7,,0.0,2.0,3.0,A01,138Â 209Â 313,1.0
1009960,201900051491,2,18,22:30,3,2,3,1.0,3.0,66136,MOULIN (PLACE JEAN),M,"42,6962200","2,8988300",66,2019,30.0,1.0,1.0,4.0,2258497,1.0,1,4,1,0.0,,0.0,0,1967.0,B01,138Â 209Â 310,1.0,0.0,-1.0,1723931,0.0,7,,0.0,2.0,2.0,B01,138Â 209Â 310,2.0
1009960,201900051491,2,18,22:30,3,2,3,1.0,3.0,66136,MOULIN (PLACE JEAN),M,"42,6962200","2,8988300",66,2019,30.0,1.0,1.0,4.0,2258497,1.0,1,4,1,0.0,,0.0,0,1967.0,B01,138Â 209Â 310,1.0,0.0,-1.0,1723932,1.0,7,,0.0,2.0,3.0,A01,138Â 209Â 311,1.0
1009960,201900051491,2,18,22:30,3,2,3,1.0,3.0,66136,MOULIN (PLACE JEAN),M,"42,6962200","2,8988300",66,2019,30.0,1.0,1.0,4.0,2258498,1.0,1,4,2,5.0,,0.0,0,1999.0,A01,138Â 209Â 311,1.0,8.0,-1.0,1723931,0.0,7,,0.0,2.0,2.0,B01,138Â 209Â 310,2.0
1009960,201900051491,2,18,22:30,3,2,3,1.0,3.0,66136,MOULIN (PLACE JEAN),M,"42,6962200","2,8988300",66,2019,30.0,1.0,1.0,4.0,2258498,1.0,1,4,2,5.0,,0.0,0,1999.0,A01,138Â 209Â 311,1.0,8.0,-1.0,1723932,1.0,7,,0.0,2.0,3.0,A01,138Â 209Â 311,1.0
1009961,201900051492,2,16,15:00,3,2,1,1.0,3.0,66136,Cours Escarguel (pont Arago),M,"42,7000400","2,8865300",66,2019,50.0,1.0,1.0,4.0,2258499,1.0,1,1,1,4.0,,0.0,0,1977.0,A01,138Â 209Â 308,1.0,8.0,-1.0,1723933,1.0,7,,0.0,2.0,1.0,A01,138Â 209Â 308,1.0
1009961,201900051492,2,16,15:00,3,2,1,1.0,3.0,66136,Cours Escarguel (pont Arago),M,"42,7000400","2,8865300",66,2019,50.0,1.0,1.0,4.0,2258499,1.0,1,1,1,4.0,,0.0,0,1977.0,A01,138Â 209Â 308,1.0,8.0,-1.0,1723934,1.0,7,,0.0,2.0,4.0,B01,138Â 209Â 309,1.0
1009961,201900051492,2,16,15:00,3,2,1,1.0,3.0,66136,Cours Escarguel (pont Arago),M,"42,7000400","2,8865300",66,2019,50.0,1.0,1.0,4.0,2258500,1.0,1,4,2,4.0,,0.0,0,2000.0,B01,138Â 209Â 309,1.0,8.0,-1.0,1723933,1.0,7,,0.0,2.0,1.0,A01,138Â 209Â 308,1.0
1009961,201900051492,2,16,15:00,3,2,1,1.0,3.0,66136,Cours Escarguel (pont Arago),M,"42,7000400","2,8865300",66,2019,50.0,1.0,1.0,4.0,2258500,1.0,1,4,2,4.0,,0.0,0,2000.0,B01,138Â 209Â 309,1.0,8.0,-1.0,1723934,1.0,7,,0.0,2.0,4.0,B01,138Â 209Â 309,1.0
1009962,201900051493,2,18,15:01,1,2,1,1.0,6.0,66136,ALDUY (Paul),M,"42,6808678","2,9027315",66,2019,30.0,1.0,1.0,4.0,2258501,10.0,3,4,2,5.0,,3.0,3,1948.0,A01,138Â 209Â 307,8.0,0.0,-1.0,1723935,3.0,7,,0.0,1.0,1.0,A01,138Â 209Â 307,1.0
1009962,201900051493,2,18,15:01,1,2,1,1.0,6.0,66136,ALDUY (Paul),M,"42,6808678","2,9027315",66,2019,30.0,1.0,1.0,4.0,2258502,1.0,1,1,1,1.0,,0.0,0,1976.0,A01,138Â 209Â 307,1.0,8.0,-1.0,1723935,3.0,7,,0.0,1.0,1.0,A01,138Â 209Â 307,1.0
1009963,201900051494,2,19,17:50,1,2,1,1.0,6.0,65440,PAUL (BOULEVARD JEAN RAOUL),M,"43,2283500","0,0887680",65,2019,50.0,1.0,1.0,2.0,2258503,1.0,1,1,1,9.0,,0.0,0,1983.0,A01,138Â 209Â 306,1.0,8.0,-1.0,1723936,1.0,7,,0.0,1.0,1.0,A01,138Â 209Â 306,0.0
1009963,201900051494,2,19,17:50,1,2,1,1.0,6.0,65440,PAUL (BOULEVARD JEAN RAOUL),M,"43,2283500","0,0887680",65,2019,50.0,1.0,1.0,2.0,2258504,10.0,3,3,2,5.0,,3.0,3,1946.0,A01,138Â 209Â 306,8.0,0.0,-1.0,1723936,1.0,7,,0.0,1.0,1.0,A01,138Â 209Â 306,0.0
1009964,201900051495,2,19,13:55,1,2,2,1.0,6.0,65440,RENAUDET (BOULEVARD PIERRE),M,"43,2444800","0,0734400",65,2019,50.0,1.0,1.0,3.0,2258505,2.0,2,1,2,5.0,,0.0,0,1953.0,A01,138Â 209Â 305,1.0,8.0,-1.0,1723937,1.0,7,,0.0,1.0,1.0,A01,138Â 209Â 305,1.0
1009964,201900051495,2,19,13:55,1,2,2,1.0,6.0,65440,RENAUDET (BOULEVARD PIERRE),M,"43,2444800","0,0734400",65,2019,50.0,1.0,1.0,3.0,2258506,1.0,1,1,1,5.0,,0.0,0,1949.0,A01,138Â 209Â 305,1.0,8.0,-1.0,1723937,1.0,7,,0.0,1.0,1.0,A01,138Â 209Â 305,1.0
1009964,201900051495,2,19,13:55,1,2,2,1.0,6.0,65440,RENAUDET (BOULEVARD PIERRE),M,"43,2444800","0,0734400",65,2019,50.0,1.0,1.0,3.0,2258507,10.0,3,3,2,9.0,,4.0,3,1938.0,A01,138Â 209Â 305,8.0,0.0,-1.0,1723937,1.0,7,,0.0,1.0,1.0,A01,138Â 209Â 305,1.0
1009965,201900051496,2,18,14:21,1,2,1,1.0,1.0,64445,GENERAL POEYMIRAU DU,M,"43,2952900"," -0,3586500",64,2019,50.0,1.0,1.0,4.0,2258508,1.0,1,4,1,5.0,,-1.0, -1,1988.0,A01,138Â 209Â 303,2.0,8.0,-1.0,1723938,1.0,33,,0.0,2.0,1.0,A01,138Â 209Â 303,1.0
1009965,201900051496,2,18,14:21,1,2,1,1.0,1.0,64445,GENERAL POEYMIRAU DU,M,"43,2952900"," -0,3586500",64,2019,50.0,1.0,1.0,4.0,2258508,1.0,1,4,1,5.0,,-1.0, -1,1988.0,A01,138Â 209Â 303,2.0,8.0,-1.0,1723939,2.0,7,,0.0,2.0,3.0,B01,138Â 209Â 304,1.0
1009965,201900051496,2,18,14:21,1,2,1,1.0,1.0,64445,GENERAL POEYMIRAU DU,M,"43,2952900"," -0,3586500",64,2019,50.0,1.0,1.0,4.0,2258509,1.0,1,1,1,5.0,,-1.0, -1,1950.0,B01,138Â 209Â 304,1.0,0.0,-1.0,1723938,1.0,33,,0.0,2.0,1.0,A01,138Â 209Â 303,1.0
1009965,201900051496,2,18,14:21,1,2,1,1.0,1.0,64445,GENERAL POEYMIRAU DU,M,"43,2952900"," -0,3586500",64,2019,50.0,1.0,1.0,4.0,2258509,1.0,1,1,1,5.0,,-1.0, -1,1950.0,B01,138Â 209Â 304,1.0,0.0,-1.0,1723939,2.0,7,,0.0,2.0,3.0,B01,138Â 209Â 304,1.0
1009966,201900051497,2,15,09:40,1,2,1,1.0,3.0,64102,LAHARIE (CHEMIN DE),M,"43,5052760"," -1,4709910",64,2019,50.0,1.0,1.0,4.0,2258510,2.0,2,4,2,5.0,,0.0,0,2000.0,A01,138Â 209Â 301,2.0,6.0,-1.0,1723940,1.0,30,,0.0,2.0,2.0,A01,138Â 209Â 301,1.0
1009966,201900051497,2,15,09:40,1,2,1,1.0,3.0,64102,LAHARIE (CHEMIN DE),M,"43,5052760"," -1,4709910",64,2019,50.0,1.0,1.0,4.0,2258510,2.0,2,4,2,5.0,,0.0,0,2000.0,A01,138Â 209Â 301,2.0,6.0,-1.0,1723941,1.0,7,,0.0,2.0,3.0,B01,138Â 209Â 302,1.0
1009966,201900051497,2,15,09:40,1,2,1,1.0,3.0,64102,LAHARIE (CHEMIN DE),M,"43,5052760"," -1,4709910",64,2019,50.0,1.0,1.0,4.0,2258511,1.0,1,4,2,5.0,,0.0,0,2002.0,A01,138Â 209Â 301,2.0,6.0,-1.0,1723940,1.0,30,,0.0,2.0,2.0,A01,138Â 209Â 301,1.0
1009966,201900051497,2,15,09:40,1,2,1,1.0,3.0,64102,LAHARIE (CHEMIN DE),M,"43,5052760"," -1,4709910",64,2019,50.0,1.0,1.0,4.0,2258511,1.0,1,4,2,5.0,,0.0,0,2002.0,A01,138Â 209Â 301,2.0,6.0,-1.0,1723941,1.0,7,,0.0,2.0,3.0,B01,138Â 209Â 302,1.0
1009966,201900051497,2,15,09:40,1,2,1,1.0,3.0,64102,LAHARIE (CHEMIN DE),M,"43,5052760"," -1,4709910",64,2019,50.0,1.0,1.0,4.0,2258512,1.0,1,1,1,1.0,,0.0,0,1959.0,B01,138Â 209Â 302,1.0,0.0,-1.0,1723940,1.0,30,,0.0,2.0,2.0,A01,138Â 209Â 301,1.0
1009966,201900051497,2,15,09:40,1,2,1,1.0,3.0,64102,LAHARIE (CHEMIN DE),M,"43,5052760"," -1,4709910",64,2019,50.0,1.0,1.0,4.0,2258512,1.0,1,1,1,1.0,,0.0,0,1959.0,B01,138Â 209Â 302,1.0,0.0,-1.0,1723941,1.0,7,,0.0,2.0,3.0,B01,138Â 209Â 302,1.0
1009967,201900051498,2,17,18:00,1,2,3,1.0,6.0,58194,MARZY,M,"46,9874500","3,1392400",58,2019,50.0,1.0,1.0,4.0,2258513,1.0,1,1,1,5.0,,-1.0, -1,1949.0,B01,138Â 209Â 299,1.0,0.0,-1.0,1723942,3.0,7,,0.0,2.0,8.0,B01,138Â 209Â 299,1.0
1009967,201900051498,2,17,18:00,1,2,3,1.0,6.0,58194,MARZY,M,"46,9874500","3,1392400",58,2019,50.0,1.0,1.0,4.0,2258513,1.0,1,1,1,5.0,,-1.0, -1,1949.0,B01,138Â 209Â 299,1.0,0.0,-1.0,1723943,3.0,33,,0.0,2.0,3.0,A01,138Â 209Â 300,1.0
1009967,201900051498,2,17,18:00,1,2,3,1.0,6.0,58194,MARZY,M,"46,9874500","3,1392400",58,2019,50.0,1.0,1.0,4.0,2258514,1.0,1,4,1,1.0,,-1.0, -1,1995.0,A01,138Â 209Â 300,2.0,8.0,-1.0,1723942,3.0,7,,0.0,2.0,8.0,B01,138Â 209Â 299,1.0
1009967,201900051498,2,17,18:00,1,2,3,1.0,6.0,58194,MARZY,M,"46,9874500","3,1392400",58,2019,50.0,1.0,1.0,4.0,2258514,1.0,1,4,1,1.0,,-1.0, -1,1995.0,A01,138Â 209Â 300,2.0,8.0,-1.0,1723943,3.0,33,,0.0,2.0,3.0,A01,138Â 209Â 300,1.0
1009968,201900051499,2,15,08:45,1,2,3,1.0,3.0,58194,CAMILLE BAYNAC,M,"46,9888300","3,1332500",58,2019,50.0,1.0,1.0,4.0,2258515,1.0,1,4,1,5.0,,-1.0, -1,1996.0,A01,138Â 209Â 297,2.0,0.0,-1.0,1723944,3.0,2,,0.0,2.0,1.0,A01,138Â 209Â 297,1.0
1009968,201900051499,2,15,08:45,1,2,3,1.0,3.0,58194,CAMILLE BAYNAC,M,"46,9888300","3,1332500",58,2019,50.0,1.0,1.0,4.0,2258515,1.0,1,4,1,5.0,,-1.0, -1,1996.0,A01,138Â 209Â 297,2.0,0.0,-1.0,1723945,3.0,7,,0.0,2.0,1.0,B01,138Â 209Â 298,1.0
1009968,201900051499,2,15,08:45,1,2,3,1.0,3.0,58194,CAMILLE BAYNAC,M,"46,9888300","3,1332500",58,2019,50.0,1.0,1.0,4.0,2258516,1.0,1,1,1,5.0,,-1.0, -1,1952.0,B01,138Â 209Â 298,1.0,0.0,-1.0,1723944,3.0,2,,0.0,2.0,1.0,A01,138Â 209Â 297,1.0
1009968,201900051499,2,15,08:45,1,2,3,1.0,3.0,58194,CAMILLE BAYNAC,M,"46,9888300","3,1332500",58,2019,50.0,1.0,1.0,4.0,2258516,1.0,1,1,1,5.0,,-1.0, -1,1952.0,B01,138Â 209Â 298,1.0,0.0,-1.0,1723945,3.0,7,,0.0,2.0,1.0,B01,138Â 209Â 298,1.0
1009969,201900051500,2,18,19:25,5,2,6,1.0,3.0,56121,BLUM ( BD LEON ),M,"47,7491950"," -3,3735520",56,2019,50.0,1.0,1.0,4.0,2258517,1.0,1,1,1,5.0,,0.0,0,1994.0,A01,138Â 209Â 295,1.0,8.0,-1.0,1723946,2.0,7,,0.0,2.0,7.0,A01,138Â 209Â 295,1.0
1009969,201900051500,2,18,19:25,5,2,6,1.0,3.0,56121,BLUM ( BD LEON ),M,"47,7491950"," -3,3735520",56,2019,50.0,1.0,1.0,4.0,2258517,1.0,1,1,1,5.0,,0.0,0,1994.0,A01,138Â 209Â 295,1.0,8.0,-1.0,1723947,1.0,7,,0.0,2.0,1.0,B01,138Â 209Â 296,1.0
1009969,201900051500,2,18,19:25,5,2,6,1.0,3.0,56121,BLUM ( BD LEON ),M,"47,7491950"," -3,3735520",56,2019,50.0,1.0,1.0,4.0,2258518,2.0,2,4,2,5.0,,0.0,0,2001.0,A01,138Â 209Â 295,1.0,8.0,-1.0,1723946,2.0,7,,0.0,2.0,7.0,A01,138Â 209Â 295,1.0
1009969,201900051500,2,18,19:25,5,2,6,1.0,3.0,56121,BLUM ( BD LEON ),M,"47,7491950"," -3,3735520",56,2019,50.0,1.0,1.0,4.0,2258518,2.0,2,4,2,5.0,,0.0,0,2001.0,A01,138Â 209Â 295,1.0,8.0,-1.0,1723947,1.0,7,,0.0,2.0,1.0,B01,138Â 209Â 296,1.0
1009969,201900051500,2,18,19:25,5,2,6,1.0,3.0,56121,BLUM ( BD LEON ),M,"47,7491950"," -3,3735520",56,2019,50.0,1.0,1.0,4.0,2258519,1.0,1,1,1,5.0,,0.0,0,1960.0,B01,138Â 209Â 296,1.0,8.0,-1.0,1723946,2.0,7,,0.0,2.0,7.0,A01,138Â 209Â 295,1.0
1009969,201900051500,2,18,19:25,5,2,6,1.0,3.0,56121,BLUM ( BD LEON ),M,"47,7491950"," -3,3735520",56,2019,50.0,1.0,1.0,4.0,2258519,1.0,1,1,1,5.0,,0.0,0,1960.0,B01,138Â 209Â 296,1.0,8.0,-1.0,1723947,1.0,7,,0.0,2.0,1.0,B01,138Â 209Â 296,1.0
1009970,201900051501,2,15,16:55,1,2,1,1.0,7.0,55545,ANTHOUARD  (CITE D' ),M,"49,1570000","5,3840000",55,2019,50.0,1.0,1.0,4.0,2258520,10.0,3,4,1,0.0,,3.0,3,2014.0,A01,138Â 209Â 294,8.0,0.0,-1.0,1723948,1.0,10,,0.0,1.0,1.0,A01,138Â 209Â 294,0.0
1009970,201900051501,2,15,16:55,1,2,1,1.0,7.0,55545,ANTHOUARD  (CITE D' ),M,"49,1570000","5,3840000",55,2019,50.0,1.0,1.0,4.0,2258521,1.0,1,1,1,5.0,,-1.0,0,1951.0,A01,138Â 209Â 294,1.0,0.0,-1.0,1723948,1.0,10,,0.0,1.0,1.0,A01,138Â 209Â 294,0.0
1009971,201900051502,2,15,15:20,1,2,1,1.0,3.0,55545,JULES FERRY ( AVENUE ),M,"49,1470000","5,3920000",55,2019,50.0,1.0,1.0,4.0,2258522,1.0,1,1,1,5.0,,-1.0, -1,1969.0,A01,138Â 209Â 292,1.0,0.0,-1.0,1723949,1.0,10,,0.0,2.0,2.0,A01,138Â 209Â 292,0.0
1009971,201900051502,2,15,15:20,1,2,1,1.0,3.0,55545,JULES FERRY ( AVENUE ),M,"49,1470000","5,3920000",55,2019,50.0,1.0,1.0,4.0,2258522,1.0,1,1,1,5.0,,-1.0, -1,1969.0,A01,138Â 209Â 292,1.0,0.0,-1.0,1723950,0.0,33,,0.0,2.0,1.0,B01,138Â 209Â 293,0.0
1009971,201900051502,2,15,15:20,1,2,1,1.0,3.0,55545,JULES FERRY ( AVENUE ),M,"49,1470000","5,3920000",55,2019,50.0,1.0,1.0,4.0,2258523,1.0,1,4,1,5.0,,-1.0, -1,1993.0,B01,138Â 209Â 293,2.0,8.0,-1.0,1723949,1.0,10,,0.0,2.0,2.0,A01,138Â 209Â 292,0.0
1009971,201900051502,2,15,15:20,1,2,1,1.0,3.0,55545,JULES FERRY ( AVENUE ),M,"49,1470000","5,3920000",55,2019,50.0,1.0,1.0,4.0,2258523,1.0,1,4,1,5.0,,-1.0, -1,1993.0,B01,138Â 209Â 293,2.0,8.0,-1.0,1723950,0.0,33,,0.0,2.0,1.0,B01,138Â 209Â 293,0.0
1009972,201900051503,2,15,07:45,1,2,1,1.0,6.0,54547,BRIAND (RUE ARISTIDE),M,"48,6722060","6,1813720",54,2019,50.0,1.0,1.0,4.0,2258524,1.0,1,1,1,-1.0,,-1.0, -1,1993.0,Z01,138Â 209Â 290,8.0,-1.0,-1.0,1723951,1.0,10,,0.0,2.0,0.0,Z01,138Â 209Â 290,1.0
1009972,201900051503,2,15,07:45,1,2,1,1.0,6.0,54547,BRIAND (RUE ARISTIDE),M,"48,6722060","6,1813720",54,2019,50.0,1.0,1.0,4.0,2258524,1.0,1,1,1,-1.0,,-1.0, -1,1993.0,Z01,138Â 209Â 290,8.0,-1.0,-1.0,1723952,1.0,7,,0.0,2.0,0.0,B01,138Â 209Â 291,1.0
1009972,201900051503,2,15,07:45,1,2,1,1.0,6.0,54547,BRIAND (RUE ARISTIDE),M,"48,6722060","6,1813720",54,2019,50.0,1.0,1.0,4.0,2258525,1.0,1,4,1,0.0,,-1.0,0,1979.0,B01,138Â 209Â 291,1.0,0.0,-1.0,1723951,1.0,10,,0.0,2.0,0.0,Z01,138Â 209Â 290,1.0
1009972,201900051503,2,15,07:45,1,2,1,1.0,6.0,54547,BRIAND (RUE ARISTIDE),M,"48,6722060","6,1813720",54,2019,50.0,1.0,1.0,4.0,2258525,1.0,1,4,1,0.0,,-1.0,0,1979.0,B01,138Â 209Â 291,1.0,0.0,-1.0,1723952,1.0,7,,0.0,2.0,0.0,B01,138Â 209Â 291,1.0
1009973,201900051504,2,16,23:15,5,2,1,1.0,7.0,54395,SAINT JEAN (RUE),M,"48,6901500","6,1804120",54,2019,30.0,1.0,1.0,9.0,2258526,1.0,1,1,1,9.0,,-1.0,0,1972.0,A01,138Â 209Â 289,1.0,0.0,-1.0,1723953,1.0,40,,0.0,1.0,0.0,A01,138Â 209Â 289,3.0
1009973,201900051504,2,16,23:15,5,2,1,1.0,7.0,54395,SAINT JEAN (RUE),M,"48,6901500","6,1804120",54,2019,30.0,1.0,1.0,9.0,2258527,10.0,3,4,2,0.0,,2.0,3,1990.0,A01,138Â 209Â 289,8.0,0.0,-1.0,1723953,1.0,40,,0.0,1.0,0.0,A01,138Â 209Â 289,3.0
1009974,201900051505,10,29,09:20,1,1,1,1.0,7.0,94021,AUTOROUTE A6B,M,"48,7703000","2,3459000",94,2019,90.0,1.0,1.0,1.0,2258528,1.0,1,4,1,1.0,,-1.0, -1,1992.0,A01,138Â 209Â 288,2.0,6.0,-1.0,1723954,2.0,33,,0.0,2.0,7.0,A01,138Â 209Â 288,1.0
1009975,201900051506,10,29,06:15,3,1,1,2.0,5.0,92002,AUTOROUTE A86,M,"48,7614695","2,2972064",92,2019,70.0,1.0,2.0,1.0,2258529,1.0,1,4,1,0.0,,-1.0,0,1980.0,A01,138Â 209Â 284,1.0,0.0,-1.0,1723955,2.0,7,,0.0,2.0,1.0,A01,138Â 209Â 284,1.0
1009975,201900051506,10,29,06:15,3,1,1,2.0,5.0,92002,AUTOROUTE A86,M,"48,7614695","2,2972064",92,2019,70.0,1.0,2.0,1.0,2258529,1.0,1,4,1,0.0,,-1.0,0,1980.0,A01,138Â 209Â 284,1.0,0.0,-1.0,1723956,2.0,7,,0.0,2.0,1.0,B01,138Â 209Â 285,1.0
1009975,201900051506,10,29,06:15,3,1,1,2.0,5.0,92002,AUTOROUTE A86,M,"48,7614695","2,2972064",92,2019,70.0,1.0,2.0,1.0,2258529,1.0,1,4,1,0.0,,-1.0,0,1980.0,A01,138Â 209Â 284,1.0,0.0,-1.0,1723957,2.0,7,,0.0,2.0,1.0,C01,138Â 209Â 286,1.0
1009975,201900051506,10,29,06:15,3,1,1,2.0,5.0,92002,AUTOROUTE A86,M,"48,7614695","2,2972064",92,2019,70.0,1.0,2.0,1.0,2258529,1.0,1,4,1,0.0,,-1.0,0,1980.0,A01,138Â 209Â 284,1.0,0.0,-1.0,1723958,2.0,7,,0.0,2.0,1.0,D01,138Â 209Â 287,1.0
1009975,201900051506,10,29,06:15,3,1,1,2.0,5.0,92002,AUTOROUTE A86,M,"48,7614695","2,2972064",92,2019,70.0,1.0,2.0,1.0,2258530,1.0,1,4,1,0.0,,-1.0,0,1986.0,B01,138Â 209Â 285,1.0,0.0,-1.0,1723955,2.0,7,,0.0,2.0,1.0,A01,138Â 209Â 284,1.0
1009975,201900051506,10,29,06:15,3,1,1,2.0,5.0,92002,AUTOROUTE A86,M,"48,7614695","2,2972064",92,2019,70.0,1.0,2.0,1.0,2258530,1.0,1,4,1,0.0,,-1.0,0,1986.0,B01,138Â 209Â 285,1.0,0.0,-1.0,1723956,2.0,7,,0.0,2.0,1.0,B01,138Â 209Â 285,1.0