Unnamed: 0_x,num_acc,mois,jour,hrmn,lum,agg,int,atm,col,com,adr,gps,lat,long,dep,annee,vma,situ,surf,catr,Unnamed: 0_y,place,catu,grav,sexe,trajet,secu,locp,actp,an_nais,num_veh_x,id_vehicule_x,secu1,secu2,secu3,Unnamed: 0,senc,catv,occutc,obs,obsm,choc,num_veh_y,id_vehicule_y,motor
1009975,201900051506,10,29,06:15,3,1,1,2.0,5.0,92002,AUTOROUTE A86,M,"48,7614695","2,2972064",92,2019,70.0,1.0,2.0,1.0,2258530,1.0,1,4,1,0.0,,-1.0,0,1986.0,B01,138Â 209Â 285,1.0,0.0,-1.0,1723957,2.0,7,,0.0,2.0,1.0,C01,138Â 209Â 286,1.0
1009975,201900051506,10,29,06:15,3,1,1,2.0,5.0,92002,AUTOROUTE A86,M,"48,7614695","2,2972064",92,2019,70.0,1.0,2.0,1.0,2258530,1.0,1,4,1,0.0,,-1.0,0,1986.0,B01,138Â 209Â 285,1.0,0.0,-1.0,1723958,2.0,7,,0.0,2.0,1.0,D01,138Â 209Â 287,1.0
1009975,201900051506,10,29,06:15,3,1,1,2.0,5.0,92002,AUTOROUTE A86,M,"48,7614695","2,2972064",92,2019,70.0,1.0,2.0,1.0,2258531,1.0,1,1,1,0.0,,-1.0,0,1977.0,C01,138Â 209Â 286,1.0,0.0,-1.0,1723955,2.0,7,,0.0,2.0,1.0,A01,138Â 209Â 284,1.0
1009975,201900051506,10,29,06:15,3,1,1,2.0,5.0,92002,AUTOROUTE A86,M,"48,7614695","2,2972064",92,2019,70.0,1.0,2.0,1.0,2258531,1.0,1,1,1,0.0,,-1.0,0,1977.0,C01,138Â 209Â 286,1.0,0.0,-1.0,1723956,2.0,7,,0.0,2.0,1.0,B01,138Â 209Â 285,1.0
1009975,201900051506,10,29,06:15,3,1,1,2.0,5.0,92002,AUTOROUTE A86,M,"48,7614695","2,2972064",92,2019,70.0,1.0,2.0,1.0,2258531,1.0,1,1,1,0.0,,-1.0,0,1977.0,C01,138Â 209Â 286,1.0,0.0,-1.0,1723957,2.0,7,,0.0,2.0,1.0,C01,138Â 209Â 286,1.0
1009975,201900051506,10,29,06:15,3,1,1,2.0,5.0,92002,AUTOROUTE A86,M,"48,7614695","2,2972064",92,2019,70.0,1.0,2.0,1.0,2258531,1.0,1,1,1,0.0,,-1.0,0,1977.0,C01,138Â 209Â 286,1.0,0.0,-1.0,1723958,2.0,7,,0.0,2.0,1.0,D01,138Â 209Â 287,1.0
1009975,201900051506,10,29,06:15,3,1,1,2.0,5.0,92002,AUTOROUTE A86,M,"48,7614695","2,2972064",92,2019,70.0,1.0,2.0,1.0,2258532,1.0,1,1,1,0.0,,-1.0,0,1969.0,D01,138Â 209Â 287,1.0,0.0,-1.0,1723955,2.0,7,,0.0,2.0,1.0,A01,138Â 209Â 284,1.0
1009975,201900051506,10,29,06:15,3,1,1,2.0,5.0,92002,AUTOROUTE A86,M,"48,7614695","2,2972064",92,2019,70.0,1.0,2.0,1.0,2258532,1.0,1,1,1,0.0,,-1.0,0,1969.0,D01,138Â 209Â 287,1.0,0.0,-1.0,1723956,2.0,7,,0.0,2.0,1.0,B01,138Â 209Â 285,1.0
1009975,201900051506,10,29,06:15,3,1,1,2.0,5.0,92002,AUTOROUTE A86,M,"48,7614695","2,2972064",92,2019,70.0,1.0,2.0,1.0,2258532,1.0,1,1,1,0.0,,-1.0,0,1969.0,D01,138Â 209Â 287,1.0,0.0,-1.0,1723957,2.0,7,,0.0,2.0,1.0,C01,138Â 209Â 286,1.0
1009975,201900051506,10,29,06:15,3,1,1,2.0,5.0,92002,AUTOROUTE A86,M,"48,7614695","2,2972064",92,2019,70.0,1.0,2.0,1.0,2258532,1.0,1,1,1,0.0,,-1.0,0,1969.0,D01,138Â 209Â 287,1.0,0.0,-1.0,1723958,2.0,7,,0.0,2.0,1.0,D01,138Â 209Â 287,1.0
1009976,201900051507,10,28,15:50,1,1,1,1.0,3.0,91182,RN 104,M,"48,6280000","2,4135000",91,2019,50.0,1.0,1.0,2.0,2258533,1.0,1,4,2,5.0,,0.0,0,1989.0,A01,138Â 209Â 282,8.0,8.0,-1.0,1723959,2.0,7,,0.0,2.0,3.0,A01,138Â 209Â 282,1.0
1009976,201900051507,10,28,15:50,1,1,1,1.0,3.0,91182,RN 104,M,"48,6280000","2,4135000",91,2019,50.0,1.0,1.0,2.0,2258533,1.0,1,4,2,5.0,,0.0,0,1989.0,A01,138Â 209Â 282,8.0,8.0,-1.0,1723960,2.0,17,,0.0,2.0,2.0,B01,138Â 209Â 283,1.0
1009976,201900051507,10,28,15:50,1,1,1,1.0,3.0,91182,RN 104,M,"48,6280000","2,4135000",91,2019,50.0,1.0,1.0,2.0,2258534,1.0,1,1,1,4.0,,0.0,0,1966.0,B01,138Â 209Â 283,1.0,8.0,-1.0,1723959,2.0,7,,0.0,2.0,3.0,A01,138Â 209Â 282,1.0
1009976,201900051507,10,28,15:50,1,1,1,1.0,3.0,91182,RN 104,M,"48,6280000","2,4135000",91,2019,50.0,1.0,1.0,2.0,2258534,1.0,1,1,1,4.0,,0.0,0,1966.0,B01,138Â 209Â 283,1.0,8.0,-1.0,1723960,2.0,17,,0.0,2.0,2.0,B01,138Â 209Â 283,1.0
1009977,201900051508,10,28,21:10,5,2,1,1.0,6.0,78238,A13,M,"48,9688000","1,8654000",78,2019,50.0,1.0,1.0,1.0,2258535,1.0,1,4,2,0.0,,-1.0, -1,1994.0,A01,138Â 209Â 281,1.0,8.0,-1.0,1723961,2.0,7,,4.0,0.0,3.0,A01,138Â 209Â 281,1.0
1009978,201900051509,10,27,16:00,1,1,1,2.0,5.0,94018,A4,M,"48,8196161","2,4053199",94,2019,70.0,1.0,2.0,1.0,2258536,1.0,1,1,1,5.0,,-1.0,0,1962.0,A01,138Â 209Â 277,1.0,0.0,-1.0,1723962,2.0,7,,0.0,2.0,3.0,A01,138Â 209Â 277,1.0
1009978,201900051509,10,27,16:00,1,1,1,2.0,5.0,94018,A4,M,"48,8196161","2,4053199",94,2019,70.0,1.0,2.0,1.0,2258536,1.0,1,1,1,5.0,,-1.0,0,1962.0,A01,138Â 209Â 277,1.0,0.0,-1.0,1723963,2.0,7,,0.0,2.0,3.0,B01,138Â 209Â 278,1.0
1009978,201900051509,10,27,16:00,1,1,1,2.0,5.0,94018,A4,M,"48,8196161","2,4053199",94,2019,70.0,1.0,2.0,1.0,2258536,1.0,1,1,1,5.0,,-1.0,0,1962.0,A01,138Â 209Â 277,1.0,0.0,-1.0,1723964,2.0,7,,0.0,2.0,6.0,C01,138Â 209Â 279,1.0
1009978,201900051509,10,27,16:00,1,1,1,2.0,5.0,94018,A4,M,"48,8196161","2,4053199",94,2019,70.0,1.0,2.0,1.0,2258537,1.0,1,1,2,5.0,,-1.0,0,1968.0,B01,138Â 209Â 278,1.0,0.0,-1.0,1723962,2.0,7,,0.0,2.0,3.0,A01,138Â 209Â 277,1.0
1009978,201900051509,10,27,16:00,1,1,1,2.0,5.0,94018,A4,M,"48,8196161","2,4053199",94,2019,70.0,1.0,2.0,1.0,2258537,1.0,1,1,2,5.0,,-1.0,0,1968.0,B01,138Â 209Â 278,1.0,0.0,-1.0,1723963,2.0,7,,0.0,2.0,3.0,B01,138Â 209Â 278,1.0
1009978,201900051509,10,27,16:00,1,1,1,2.0,5.0,94018,A4,M,"48,8196161","2,4053199",94,2019,70.0,1.0,2.0,1.0,2258537,1.0,1,1,2,5.0,,-1.0,0,1968.0,B01,138Â 209Â 278,1.0,0.0,-1.0,1723964,2.0,7,,0.0,2.0,6.0,C01,138Â 209Â 279,1.0
1009978,201900051509,10,27,16:00,1,1,1,2.0,5.0,94018,A4,M,"48,8196161","2,4053199",94,2019,70.0,1.0,2.0,1.0,2258538,1.0,1,4,2,5.0,,-1.0,0,1950.0,C01,138Â 209Â 279,1.0,0.0,-1.0,1723962,2.0,7,,0.0,2.0,3.0,A01,138Â 209Â 277,1.0
1009978,201900051509,10,27,16:00,1,1,1,2.0,5.0,94018,A4,M,"48,8196161","2,4053199",94,2019,70.0,1.0,2.0,1.0,2258538,1.0,1,4,2,5.0,,-1.0,0,1950.0,C01,138Â 209Â 279,1.0,0.0,-1.0,1723963,2.0,7,,0.0,2.0,3.0,B01,138Â 209Â 278,1.0
1009978,201900051509,10,27,16:00,1,1,1,2.0,5.0,94018,A4,M,"48,8196161","2,4053199",94,2019,70.0,1.0,2.0,1.0,2258538,1.0,1,4,2,5.0,,-1.0,0,1950.0,C01,138Â 209Â 279,1.0,0.0,-1.0,1723964,2.0,7,,0.0,2.0,6.0,C01,138Â 209Â 279,1.0
1009979,201900051510,10,25,11:45,1,2,2,8.0,3.0,45284,AV P M FRANCE - AV JEAN MERMOZ,M,"47,9145634","1,9778961",45,2019,50.0,1.0,1.0,4.0,2258539,1.0,1,4,1,5.0,,0.0,0,1974.0,B01,138Â 209Â 275,2.0,6.0,-1.0,1723965,3.0,2,,0.0,2.0,7.0,B01,138Â 209Â 275,1.0
1009979,201900051510,10,25,11:45,1,2,2,8.0,3.0,45284,AV P M FRANCE - AV JEAN MERMOZ,M,"47,9145634","1,9778961",45,2019,50.0,1.0,1.0,4.0,2258539,1.0,1,4,1,5.0,,0.0,0,1974.0,B01,138Â 209Â 275,2.0,6.0,-1.0,1723966,3.0,7,,0.0,2.0,3.0,A01,138Â 209Â 276,1.0
1009979,201900051510,10,25,11:45,1,2,2,8.0,3.0,45284,AV P M FRANCE - AV JEAN MERMOZ,M,"47,9145634","1,9778961",45,2019,50.0,1.0,1.0,4.0,2258540,1.0,1,1,2,5.0,,0.0,0,1948.0,A01,138Â 209Â 276,1.0,8.0,-1.0,1723965,3.0,2,,0.0,2.0,7.0,B01,138Â 209Â 275,1.0
1009979,201900051510,10,25,11:45,1,2,2,8.0,3.0,45284,AV P M FRANCE - AV JEAN MERMOZ,M,"47,9145634","1,9778961",45,2019,50.0,1.0,1.0,4.0,2258540,1.0,1,1,2,5.0,,0.0,0,1948.0,A01,138Â 209Â 276,1.0,8.0,-1.0,1723966,3.0,7,,0.0,2.0,3.0,A01,138Â 209Â 276,1.0
1009980,201900051511,10,17,09:40,1,2,1,1.0,7.0,22187,VIEUX MOULIN (RUE DU),M,"48,5244757"," -2,7553990",22,2019,50.0,1.0,8.0,3.0,2258541,1.0,1,3,2,1.0,,0.0,0,2003.0,A01,138Â 209Â 274,2.0,0.0,-1.0,1723967,1.0,2,,0.0,0.0,7.0,A01,138Â 209Â 274,1.0
1009981,201900051512,10,26,10:10,1,2,3,1.0,3.0,07102,DUNANT (RUE HENRI),M,"44,9391320","4,8738060",7,2019,50.0,1.0,1.0,4.0,2258542,1.0,1,4,2,5.0,,-1.0, -1,1943.0,A01,138Â 209Â 272,1.0,8.0,-1.0,1723968,3.0,7,,0.0,2.0,8.0,A01,138Â 209Â 272,6.0
1009981,201900051512,10,26,10:10,1,2,3,1.0,3.0,07102,DUNANT (RUE HENRI),M,"44,9391320","4,8738060",7,2019,50.0,1.0,1.0,4.0,2258542,1.0,1,4,2,5.0,,-1.0, -1,1943.0,A01,138Â 209Â 272,1.0,8.0,-1.0,1723969,3.0,7,,0.0,2.0,1.0,B01,138Â 209Â 273,6.0
1009981,201900051512,10,26,10:10,1,2,3,1.0,3.0,07102,DUNANT (RUE HENRI),M,"44,9391320","4,8738060",7,2019,50.0,1.0,1.0,4.0,2258543,1.0,1,1,2,0.0,,-1.0, -1,1972.0,B01,138Â 209Â 273,1.0,8.0,-1.0,1723968,3.0,7,,0.0,2.0,8.0,A01,138Â 209Â 272,6.0
1009981,201900051512,10,26,10:10,1,2,3,1.0,3.0,07102,DUNANT (RUE HENRI),M,"44,9391320","4,8738060",7,2019,50.0,1.0,1.0,4.0,2258543,1.0,1,1,2,0.0,,-1.0, -1,1972.0,B01,138Â 209Â 273,1.0,8.0,-1.0,1723969,3.0,7,,0.0,2.0,1.0,B01,138Â 209Â 273,6.0
1009982,201900051513,10,29,07:00,1,1,1,1.0,2.0,98818,IEKAWE (RUE JACQUES),M," -22,2250900","166,4808900",988,2019,50.0,1.0,1.0,4.0,2258544,1.0,1,4,1,2.0,,0.0,0,2004.0,A01,138Â 209Â 268,2.0,6.0,-1.0,1723970,1.0,2,,0.0,2.0,1.0,A01,138Â 209Â 268,1.0
1009982,201900051513,10,29,07:00,1,1,1,1.0,2.0,98818,IEKAWE (RUE JACQUES),M," -22,2250900","166,4808900",988,2019,50.0,1.0,1.0,4.0,2258544,1.0,1,4,1,2.0,,0.0,0,2004.0,A01,138Â 209Â 268,2.0,6.0,-1.0,1723971,1.0,7,,0.0,2.0,4.0,B01,138Â 209Â 269,1.0
1009982,201900051513,10,29,07:00,1,1,1,1.0,2.0,98818,IEKAWE (RUE JACQUES),M," -22,2250900","166,4808900",988,2019,50.0,1.0,1.0,4.0,2258545,1.0,1,1,1,1.0,,0.0,0,1977.0,B01,138Â 209Â 269,1.0,8.0,-1.0,1723970,1.0,2,,0.0,2.0,1.0,A01,138Â 209Â 268,1.0
1009982,201900051513,10,29,07:00,1,1,1,1.0,2.0,98818,IEKAWE (RUE JACQUES),M," -22,2250900","166,4808900",988,2019,50.0,1.0,1.0,4.0,2258545,1.0,1,1,1,1.0,,0.0,0,1977.0,B01,138Â 209Â 269,1.0,8.0,-1.0,1723971,1.0,7,,0.0,2.0,4.0,B01,138Â 209Â 269,1.0
1009983,201900051514,10,25,18:50,5,1,1,1.0,7.0,97416,REBECCA (CHEMIN STEPHEN),M," -21,3140300","55,4715000",974,2019,50.0,1.0,1.0,4.0,2258546,1.0,1,4,1,5.0,,-1.0,0,1996.0,A01,138Â 209Â 267,2.0,8.0,-1.0,1723972,1.0,31,,0.0,0.0,0.0,A01,138Â 209Â 267,1.0
1009984,201900051515,10,28,14:45,1,2,2,1.0,3.0,69388,JEAN MERMOZ                         (AV),M,"45,7304800","4,8876900",69,2019,50.0,1.0,1.0,4.0,2258547,1.0,1,4,1,5.0,,-1.0, -1,1971.0,B01,138Â 209Â 265,8.0,0.0,-1.0,1723973,3.0,1,,0.0,2.0,8.0,B01,138Â 209Â 265,5.0
1009984,201900051515,10,28,14:45,1,2,2,1.0,3.0,69388,JEAN MERMOZ                         (AV),M,"45,7304800","4,8876900",69,2019,50.0,1.0,1.0,4.0,2258547,1.0,1,4,1,5.0,,-1.0, -1,1971.0,B01,138Â 209Â 265,8.0,0.0,-1.0,1723974,3.0,7,,0.0,2.0,1.0,A01,138Â 209Â 266,1.0
1009984,201900051515,10,28,14:45,1,2,2,1.0,3.0,69388,JEAN MERMOZ                         (AV),M,"45,7304800","4,8876900",69,2019,50.0,1.0,1.0,4.0,2258548,1.0,1,1,1,5.0,,-1.0, -1,1951.0,A01,138Â 209Â 266,8.0,0.0,-1.0,1723973,3.0,1,,0.0,2.0,8.0,B01,138Â 209Â 265,5.0
1009984,201900051515,10,28,14:45,1,2,2,1.0,3.0,69388,JEAN MERMOZ                         (AV),M,"45,7304800","4,8876900",69,2019,50.0,1.0,1.0,4.0,2258548,1.0,1,1,1,5.0,,-1.0, -1,1951.0,A01,138Â 209Â 266,8.0,0.0,-1.0,1723974,3.0,7,,0.0,2.0,1.0,A01,138Â 209Â 266,1.0
1009985,201900051516,10,28,18:15,5,2,1,2.0,6.0,69387,REPOS (DU)                          (R ),M,"45,7461800","4,8503900",69,2019,50.0,4.0,2.0,4.0,2258549,1.0,1,4,2,0.0,,-1.0, -1,1961.0,A01,138Â 209Â 264,1.0,0.0,-1.0,1723975,1.0,7,,8.0,0.0,1.0,A01,138Â 209Â 264,1.0
1009986,201900051517,10,28,13:15,1,2,2,8.0,3.0,69383,VILLETTE (DE LA)                    (R ),M,"45,7591300","4,8618500",69,2019,30.0,6.0,1.0,4.0,2258550,2.0,2,4,1,0.0,,-1.0, -1,1972.0,A01,138Â 209Â 262,1.0,0.0,-1.0,1723976,1.0,7,,0.0,-1.0,8.0,A01,138Â 209Â 262,1.0
1009986,201900051517,10,28,13:15,1,2,2,8.0,3.0,69383,VILLETTE (DE LA)                    (R ),M,"45,7591300","4,8618500",69,2019,30.0,6.0,1.0,4.0,2258550,2.0,2,4,1,0.0,,-1.0, -1,1972.0,A01,138Â 209Â 262,1.0,0.0,-1.0,1723977,1.0,40,,0.0,2.0,1.0,B01,138Â 209Â 263,0.0
1009986,201900051517,10,28,13:15,1,2,2,8.0,3.0,69383,VILLETTE (DE LA)                    (R ),M,"45,7591300","4,8618500",69,2019,30.0,6.0,1.0,4.0,2258551,1.0,1,1,1,0.0,,-1.0, -1,1939.0,A01,138Â 209Â 262,1.0,0.0,-1.0,1723976,1.0,7,,0.0,-1.0,8.0,A01,138Â 209Â 262,1.0
1009986,201900051517,10,28,13:15,1,2,2,8.0,3.0,69383,VILLETTE (DE LA)                    (R ),M,"45,7591300","4,8618500",69,2019,30.0,6.0,1.0,4.0,2258551,1.0,1,1,1,0.0,,-1.0, -1,1939.0,A01,138Â 209Â 262,1.0,0.0,-1.0,1723977,1.0,40,,0.0,2.0,1.0,B01,138Â 209Â 263,0.0
1009986,201900051517,10,28,13:15,1,2,2,8.0,3.0,69383,VILLETTE (DE LA)                    (R ),M,"45,7591300","4,8618500",69,2019,30.0,6.0,1.0,4.0,2258552,1.0,1,1,1,4.0,,-1.0, -1,1965.0,B01,138Â 209Â 263,8.0,0.0,-1.0,1723976,1.0,7,,0.0,-1.0,8.0,A01,138Â 209Â 262,1.0
1009986,201900051517,10,28,13:15,1,2,2,8.0,3.0,69383,VILLETTE (DE LA)                    (R ),M,"45,7591300","4,8618500",69,2019,30.0,6.0,1.0,4.0,2258552,1.0,1,1,1,4.0,,-1.0, -1,1965.0,B01,138Â 209Â 263,8.0,0.0,-1.0,1723977,1.0,40,,0.0,2.0,1.0,B01,138Â 209Â 263,0.0
1009987,201900051518,10,28,14:28,1,2,2,1.0,3.0,69387,JEAN JAURES                         (AV),M,"45,7473300","4,8431000",69,2019,50.0,1.0,1.0,4.0,2258553,1.0,1,4,2,0.0,,-1.0, -1,1999.0,A01,138Â 209Â 260,1.0,0.0,-1.0,1723978,2.0,7,,0.0,2.0,3.0,A01,138Â 209Â 260,1.0
1009987,201900051518,10,28,14:28,1,2,2,1.0,3.0,69387,JEAN JAURES                         (AV),M,"45,7473300","4,8431000",69,2019,50.0,1.0,1.0,4.0,2258553,1.0,1,4,2,0.0,,-1.0, -1,1999.0,A01,138Â 209Â 260,1.0,0.0,-1.0,1723979,1.0,37,1.0,0.0,2.0,2.0,B01,138Â 209Â 261,1.0
1009987,201900051518,10,28,14:28,1,2,2,1.0,3.0,69387,JEAN JAURES                         (AV),M,"45,7473300","4,8431000",69,2019,50.0,1.0,1.0,4.0,2258554,1.0,1,1,2,4.0,,-1.0, -1,1986.0,B01,138Â 209Â 261,1.0,0.0,-1.0,1723978,2.0,7,,0.0,2.0,3.0,A01,138Â 209Â 260,1.0
1009987,201900051518,10,28,14:28,1,2,2,1.0,3.0,69387,JEAN JAURES                         (AV),M,"45,7473300","4,8431000",69,2019,50.0,1.0,1.0,4.0,2258554,1.0,1,1,2,4.0,,-1.0, -1,1986.0,B01,138Â 209Â 261,1.0,0.0,-1.0,1723979,1.0,37,1.0,0.0,2.0,2.0,B01,138Â 209Â 261,1.0
1009988,201900051519,10,27,21:30,5,2,2,1.0,2.0,69383,ALBERT THOMAS                       (CO),M,"45,7480220","4,8641500",69,2019,50.0,1.0,1.0,4.0,2258555,1.0,1,4,1,0.0,,-1.0, -1,1970.0,B01,138Â 209Â 258,2.0,8.0,-1.0,1723980,2.0,2,,0.0,2.0,4.0,B01,138Â 209Â 258,1.0
1009988,201900051519,10,27,21:30,5,2,2,1.0,2.0,69383,ALBERT THOMAS                       (CO),M,"45,7480220","4,8641500",69,2019,50.0,1.0,1.0,4.0,2258555,1.0,1,4,1,0.0,,-1.0, -1,1970.0,B01,138Â 209Â 258,2.0,8.0,-1.0,1723981,2.0,7,,0.0,2.0,2.0,A01,138Â 209Â 259,1.0
1009988,201900051519,10,27,21:30,5,2,2,1.0,2.0,69383,ALBERT THOMAS                       (CO),M,"45,7480220","4,8641500",69,2019,50.0,1.0,1.0,4.0,2258556,1.0,1,1,1,5.0,,-1.0, -1,1998.0,A01,138Â 209Â 259,1.0,0.0,-1.0,1723980,2.0,2,,0.0,2.0,4.0,B01,138Â 209Â 258,1.0
1009988,201900051519,10,27,21:30,5,2,2,1.0,2.0,69383,ALBERT THOMAS                       (CO),M,"45,7480220","4,8641500",69,2019,50.0,1.0,1.0,4.0,2258556,1.0,1,1,1,5.0,,-1.0, -1,1998.0,A01,138Â 209Â 259,1.0,0.0,-1.0,1723981,2.0,7,,0.0,2.0,2.0,A01,138Â 209Â 259,1.0
1009989,201900051520,10,28,15:05,1,1,1,1.0,1.0,97213,DUCHESNES 1,M,"14,6594000"," -60,9679100",972,2019,30.0,1.0,1.0,3.0,2258557,1.0,1,1,1,1.0,,-1.0,0,1964.0,A01,138Â 209Â 256,1.0,0.0,-1.0,1723982,1.0,7,,0.0,9.0,1.0,A01,138Â 209Â 256,1.0
1009989,201900051520,10,28,15:05,1,1,1,1.0,1.0,97213,DUCHESNES 1,M,"14,6594000"," -60,9679100",972,2019,30.0,1.0,1.0,3.0,2258557,1.0,1,1,1,1.0,,-1.0,0,1964.0,A01,138Â 209Â 256,1.0,0.0,-1.0,1723983,2.0,0,,0.0,2.0,1.0,B01,138Â 209Â 257,5.0
1009989,201900051520,10,28,15:05,1,1,1,1.0,1.0,97213,DUCHESNES 1,M,"14,6594000"," -60,9679100",972,2019,30.0,1.0,1.0,3.0,2258558,1.0,1,4,1,5.0,,-1.0,0,2007.0,B01,138Â 209Â 257,8.0,0.0,-1.0,1723982,1.0,7,,0.0,9.0,1.0,A01,138Â 209Â 256,1.0
1009989,201900051520,10,28,15:05,1,1,1,1.0,1.0,97213,DUCHESNES 1,M,"14,6594000"," -60,9679100",972,2019,30.0,1.0,1.0,3.0,2258558,1.0,1,4,1,5.0,,-1.0,0,2007.0,B01,138Â 209Â 257,8.0,0.0,-1.0,1723983,2.0,0,,0.0,2.0,1.0,B01,138Â 209Â 257,5.0
1009990,201900051521,10,27,03:45,3,1,1,2.0,7.0,97213,ROUTE NATIONALE 5,M,"14,5949000"," -60,9846000",972,2019,90.0,1.0,2.0,2.0,2258559,1.0,1,4,1,9.0,,-1.0,0,1993.0,A01,138Â 209Â 255,1.0,0.0,-1.0,1723984,1.0,7,,0.0,0.0,1.0,A01,138Â 209Â 255,1.0
1009991,201900051522,9,27,08:50,1,1,1,1.0,1.0,97209,TIVOLI (ROUTE DE ),M,"14,6412900"," -61,0708500",972,2019,30.0,2.0,1.0,4.0,2258560,1.0,1,4,2,0.0,,-1.0,0,1965.0,B01,138Â 209Â 253,1.0,8.0,-1.0,1723985,3.0,7,,0.0,2.0,3.0,B01,138Â 209Â 253,1.0
1009991,201900051522,9,27,08:50,1,1,1,1.0,1.0,97209,TIVOLI (ROUTE DE ),M,"14,6412900"," -61,0708500",972,2019,30.0,2.0,1.0,4.0,2258560,1.0,1,4,2,0.0,,-1.0,0,1965.0,B01,138Â 209Â 253,1.0,8.0,-1.0,1723986,3.0,7,,0.0,2.0,3.0,A01,138Â 209Â 254,1.0
1009991,201900051522,9,27,08:50,1,1,1,1.0,1.0,97209,TIVOLI (ROUTE DE ),M,"14,6412900"," -61,0708500",972,2019,30.0,2.0,1.0,4.0,2258561,1.0,1,4,2,0.0,,-1.0,0,1965.0,A01,138Â 209Â 254,1.0,8.0,-1.0,1723985,3.0,7,,0.0,2.0,3.0,B01,138Â 209Â 253,1.0
1009991,201900051522,9,27,08:50,1,1,1,1.0,1.0,97209,TIVOLI (ROUTE DE ),M,"14,6412900"," -61,0708500",972,2019,30.0,2.0,1.0,4.0,2258561,1.0,1,4,2,0.0,,-1.0,0,1965.0,A01,138Â 209Â 254,1.0,8.0,-1.0,1723986,3.0,7,,0.0,2.0,3.0,A01,138Â 209Â 254,1.0
1009992,201900051523,10,28,18:30,5,2,3,2.0,3.0,69389,ROGER SALENGRO                      (R ),M,"45,7781000","4,8057500",69,2019,50.0,1.0,2.0,7.0,2258562,1.0,1,4,2,0.0,,-1.0, -1,1993.0,A01,138Â 209Â 251,1.0,0.0,-1.0,1723987,3.0,7,,0.0,2.0,7.0,A01,138Â 209Â 251,1.0
1009992,201900051523,10,28,18:30,5,2,3,2.0,3.0,69389,ROGER SALENGRO                      (R ),M,"45,7781000","4,8057500",69,2019,50.0,1.0,2.0,7.0,2258562,1.0,1,4,2,0.0,,-1.0, -1,1993.0,A01,138Â 209Â 251,1.0,0.0,-1.0,1723988,1.0,7,,0.0,2.0,1.0,B01,138Â 209Â 252,1.0
1009992,201900051523,10,28,18:30,5,2,3,2.0,3.0,69389,ROGER SALENGRO                      (R ),M,"45,7781000","4,8057500",69,2019,50.0,1.0,2.0,7.0,2258563,1.0,1,1,1,0.0,,-1.0, -1,1999.0,B01,138Â 209Â 252,1.0,0.0,-1.0,1723987,3.0,7,,0.0,2.0,7.0,A01,138Â 209Â 251,1.0
1009992,201900051523,10,28,18:30,5,2,3,2.0,3.0,69389,ROGER SALENGRO                      (R ),M,"45,7781000","4,8057500",69,2019,50.0,1.0,2.0,7.0,2258563,1.0,1,1,1,0.0,,-1.0, -1,1999.0,B01,138Â 209Â 252,1.0,0.0,-1.0,1723988,1.0,7,,0.0,2.0,1.0,B01,138Â 209Â 252,1.0
1009993,201900051524,10,28,09:00,1,2,1,2.0,6.0,69389,SERGENT MICHEL BERTHET (DU)         (R ),M,"45,7669200","4,8054800",69,2019,50.0,1.0,2.0,4.0,2258564,1.0,1,1,2,1.0,,-1.0, -1,1995.0,A01,138Â 209Â 249,1.0,0.0,-1.0,1723989,2.0,7,,0.0,2.0,7.0,A01,138Â 209Â 249,1.0
1009993,201900051524,10,28,09:00,1,2,1,2.0,6.0,69389,SERGENT MICHEL BERTHET (DU)         (R ),M,"45,7669200","4,8054800",69,2019,50.0,1.0,2.0,4.0,2258564,1.0,1,1,2,1.0,,-1.0, -1,1995.0,A01,138Â 209Â 249,1.0,0.0,-1.0,1723990,2.0,31,,0.0,2.0,1.0,B01,138Â 209Â 250,1.0
1009993,201900051524,10,28,09:00,1,2,1,2.0,6.0,69389,SERGENT MICHEL BERTHET (DU)         (R ),M,"45,7669200","4,8054800",69,2019,50.0,1.0,2.0,4.0,2258565,1.0,1,4,1,1.0,,-1.0, -1,1967.0,B01,138Â 209Â 250,2.0,6.0,-1.0,1723989,2.0,7,,0.0,2.0,7.0,A01,138Â 209Â 249,1.0
1009993,201900051524,10,28,09:00,1,2,1,2.0,6.0,69389,SERGENT MICHEL BERTHET (DU)         (R ),M,"45,7669200","4,8054800",69,2019,50.0,1.0,2.0,4.0,2258565,1.0,1,4,1,1.0,,-1.0, -1,1967.0,B01,138Â 209Â 250,2.0,6.0,-1.0,1723990,2.0,31,,0.0,2.0,1.0,B01,138Â 209Â 250,1.0