Unnamed: 0_x,num_acc,mois,jour,hrmn,lum,agg,int,atm,col,com,adr,gps,lat,long,dep,annee,vma,situ,surf,catr,Unnamed: 0_y,place,catu,grav,sexe,trajet,secu,locp,actp,an_nais,num_veh_x,id_vehicule_x,secu1,secu2,secu3,Unnamed: 0,senc,catv,occutc,obs,obsm,choc,num_veh_y,id_vehicule_y,motor
1009994,201900051525,10,28,18:10,5,2,1,1.0,6.0,91691,HUIT MAI 1945 (PLACE DU),M,"48,7123300","2,4878600",91,2019,50.0,1.0,1.0,4.0,2258566,1.0,1,4,1,0.0,,-1.0, -1,1949.0,A01,138Â 209Â 248,8.0,0.0,-1.0,1723991,3.0,7,,9.0,0.0,2.0,A01,138Â 209Â 248,1.0
1009995,201900051526,10,28,10:30,1,2,1,1.0,3.0,91021,GRANDE (RUE),M,"48,5878000","2,2468000",91,2019,50.0,1.0,1.0,4.0,2258567,1.0,1,1,2,5.0,,0.0,0,1983.0,A01,138Â 209Â 246,1.0,0.0,-1.0,1723992,1.0,7,,0.0,2.0,3.0,A01,138Â 209Â 246,1.0
1009995,201900051526,10,28,10:30,1,2,1,1.0,3.0,91021,GRANDE (RUE),M,"48,5878000","2,2468000",91,2019,50.0,1.0,1.0,4.0,2258567,1.0,1,1,2,5.0,,0.0,0,1983.0,A01,138Â 209Â 246,1.0,0.0,-1.0,1723993,1.0,2,,0.0,2.0,1.0,B01,138Â 209Â 247,1.0
1009995,201900051526,10,28,10:30,1,2,1,1.0,3.0,91021,GRANDE (RUE),M,"48,5878000","2,2468000",91,2019,50.0,1.0,1.0,4.0,2258568,1.0,1,4,1,5.0,,0.0,0,1958.0,B01,138Â 209Â 247,2.0,6.0,-1.0,1723992,1.0,7,,0.0,2.0,3.0,A01,138Â 209Â 246,1.0
1009995,201900051526,10,28,10:30,1,2,1,1.0,3.0,91021,GRANDE (RUE),M,"48,5878000","2,2468000",91,2019,50.0,1.0,1.0,4.0,2258568,1.0,1,4,1,5.0,,0.0,0,1958.0,B01,138Â 209Â 247,2.0,6.0,-1.0,1723993,1.0,2,,0.0,2.0,1.0,B01,138Â 209Â 247,1.0
1009996,201900051527,10,26,16:40,1,2,2,1.0,3.0,88160,GAULLE (AV. ET PL. GEN. DE),M,"48,1763150","6,4426730",88,2019,50.0,1.0,1.0,4.0,2258569,2.0,2,4,2,5.0,,0.0,0,2002.0,B01,138Â 209Â 244,2.0,0.0,-1.0,1723994,2.0,2,,0.0,6.0,8.0,B01,138Â 209Â 244,1.0
1009996,201900051527,10,26,16:40,1,2,2,1.0,3.0,88160,GAULLE (AV. ET PL. GEN. DE),M,"48,1763150","6,4426730",88,2019,50.0,1.0,1.0,4.0,2258569,2.0,2,4,2,5.0,,0.0,0,2002.0,B01,138Â 209Â 244,2.0,0.0,-1.0,1723995,1.0,99,,0.0,2.0,1.0,A01,138Â 209Â 245,3.0
1009996,201900051527,10,26,16:40,1,2,2,1.0,3.0,88160,GAULLE (AV. ET PL. GEN. DE),M,"48,1763150","6,4426730",88,2019,50.0,1.0,1.0,4.0,2258570,1.0,1,1,1,5.0,,0.0,0,2000.0,B01,138Â 209Â 244,2.0,0.0,-1.0,1723994,2.0,2,,0.0,6.0,8.0,B01,138Â 209Â 244,1.0
1009996,201900051527,10,26,16:40,1,2,2,1.0,3.0,88160,GAULLE (AV. ET PL. GEN. DE),M,"48,1763150","6,4426730",88,2019,50.0,1.0,1.0,4.0,2258570,1.0,1,1,1,5.0,,0.0,0,2000.0,B01,138Â 209Â 244,2.0,0.0,-1.0,1723995,1.0,99,,0.0,2.0,1.0,A01,138Â 209Â 245,3.0
1009996,201900051527,10,26,16:40,1,2,2,1.0,3.0,88160,GAULLE (AV. ET PL. GEN. DE),M,"48,1763150","6,4426730",88,2019,50.0,1.0,1.0,4.0,2258571,1.0,1,3,1,5.0,,0.0,0,1985.0,A01,138Â 209Â 245,8.0,0.0,-1.0,1723994,2.0,2,,0.0,6.0,8.0,B01,138Â 209Â 244,1.0
1009996,201900051527,10,26,16:40,1,2,2,1.0,3.0,88160,GAULLE (AV. ET PL. GEN. DE),M,"48,1763150","6,4426730",88,2019,50.0,1.0,1.0,4.0,2258571,1.0,1,3,1,5.0,,0.0,0,1985.0,A01,138Â 209Â 245,8.0,0.0,-1.0,1723995,1.0,99,,0.0,2.0,1.0,A01,138Â 209Â 245,3.0
1009997,201900051528,10,28,10:57,1,2,1,2.0,6.0,87085,ABBE PIERRE (Rue),M,"45,8402200","1,1942900",87,2019,30.0,1.0,2.0,4.0,2258572,1.0,1,1,1,4.0,,0.0,0,1964.0,A01,138Â 209Â 243,1.0,8.0,-1.0,1723996,2.0,10,,0.0,1.0,6.0,A01,138Â 209Â 243,1.0
1009997,201900051528,10,28,10:57,1,2,1,2.0,6.0,87085,ABBE PIERRE (Rue),M,"45,8402200","1,1942900",87,2019,30.0,1.0,2.0,4.0,2258573,10.0,3,4,2,5.0,,8.0,3,1953.0,A01,138Â 209Â 243,8.0,0.0,-1.0,1723996,2.0,10,,0.0,1.0,6.0,A01,138Â 209Â 243,1.0
1009998,201900051529,10,26,17:08,1,2,3,1.0,3.0,87065,VANNIERS (RUE),M,"45,7881700","1,3193800",87,2019,30.0,1.0,1.0,4.0,2258574,1.0,1,1,1,5.0,,-1.0, -1,1947.0,A01,138Â 209Â 241,1.0,8.0,-1.0,1723997,1.0,7,,0.0,2.0,1.0,A01,138Â 209Â 241,1.0
1009998,201900051529,10,26,17:08,1,2,3,1.0,3.0,87065,VANNIERS (RUE),M,"45,7881700","1,3193800",87,2019,30.0,1.0,1.0,4.0,2258574,1.0,1,1,1,5.0,,-1.0, -1,1947.0,A01,138Â 209Â 241,1.0,8.0,-1.0,1723998,1.0,33,,0.0,2.0,7.0,B01,138Â 209Â 242,1.0
1009998,201900051529,10,26,17:08,1,2,3,1.0,3.0,87065,VANNIERS (RUE),M,"45,7881700","1,3193800",87,2019,30.0,1.0,1.0,4.0,2258575,1.0,1,3,1,5.0,,-1.0, -1,1956.0,B01,138Â 209Â 242,2.0,6.0,-1.0,1723997,1.0,7,,0.0,2.0,1.0,A01,138Â 209Â 241,1.0
1009998,201900051529,10,26,17:08,1,2,3,1.0,3.0,87065,VANNIERS (RUE),M,"45,7881700","1,3193800",87,2019,30.0,1.0,1.0,4.0,2258575,1.0,1,3,1,5.0,,-1.0, -1,1956.0,B01,138Â 209Â 242,2.0,6.0,-1.0,1723998,1.0,33,,0.0,2.0,7.0,B01,138Â 209Â 242,1.0
1009999,201900051530,10,26,13:13,1,2,1,1.0,6.0,87085,BLANC LOUIS (BOULEVARD),M,"45,8276400","1,2600000",87,2019,50.0,1.0,1.0,4.0,2258576,1.0,1,4,2,5.0,,-1.0, -1,1990.0,B01,138Â 209Â 239,8.0,0.0,-1.0,1723999,1.0,1,,1.0,0.0,1.0,B01,138Â 209Â 239,5.0
1009999,201900051530,10,26,13:13,1,2,1,1.0,6.0,87085,BLANC LOUIS (BOULEVARD),M,"45,8276400","1,2600000",87,2019,50.0,1.0,1.0,4.0,2258576,1.0,1,4,2,5.0,,-1.0, -1,1990.0,B01,138Â 209Â 239,8.0,0.0,-1.0,1724000,2.0,7,,0.0,2.0,3.0,A01,138Â 209Â 240,1.0
1009999,201900051530,10,26,13:13,1,2,1,1.0,6.0,87085,BLANC LOUIS (BOULEVARD),M,"45,8276400","1,2600000",87,2019,50.0,1.0,1.0,4.0,2258577,1.0,1,1,2,5.0,,-1.0, -1,1979.0,A01,138Â 209Â 240,8.0,0.0,-1.0,1723999,1.0,1,,1.0,0.0,1.0,B01,138Â 209Â 239,5.0
1009999,201900051530,10,26,13:13,1,2,1,1.0,6.0,87085,BLANC LOUIS (BOULEVARD),M,"45,8276400","1,2600000",87,2019,50.0,1.0,1.0,4.0,2258577,1.0,1,1,2,5.0,,-1.0, -1,1979.0,A01,138Â 209Â 240,8.0,0.0,-1.0,1724000,2.0,7,,0.0,2.0,3.0,A01,138Â 209Â 240,1.0
1010000,201900051531,10,27,21:00,4,2,1,1.0,6.0,85194,RUE DES SAUNIERS ,M,"46,5053300"," -1,7982100",85,2019,30.0,1.0,1.0,4.0,2258578,1.0,1,3,1,5.0,,-1.0, -1,1946.0,A01,138Â 209Â 238,1.0,0.0,-1.0,1724001,1.0,7,,2.0,0.0,1.0,A01,138Â 209Â 238,1.0
1010001,201900051532,10,28,17:00,5,2,9,1.0,3.0,83144,UNIVERSITE (AVE DE L'),M,"43,1371200","6,0045100",83,2019,50.0,1.0,1.0,4.0,2258579,1.0,1,1,1,5.0,,-1.0, -1,1999.0,B01,138Â 209Â 236,1.0,8.0,-1.0,1724002,0.0,7,,0.0,2.0,8.0,B01,138Â 209Â 236,1.0
1010001,201900051532,10,28,17:00,5,2,9,1.0,3.0,83144,UNIVERSITE (AVE DE L'),M,"43,1371200","6,0045100",83,2019,50.0,1.0,1.0,4.0,2258579,1.0,1,1,1,5.0,,-1.0, -1,1999.0,B01,138Â 209Â 236,1.0,8.0,-1.0,1724003,3.0,30,,0.0,2.0,1.0,A01,138Â 209Â 237,1.0
1010001,201900051532,10,28,17:00,5,2,9,1.0,3.0,83144,UNIVERSITE (AVE DE L'),M,"43,1371200","6,0045100",83,2019,50.0,1.0,1.0,4.0,2258580,2.0,2,3,1,5.0,,-1.0, -1,2002.0,A01,138Â 209Â 237,2.0,8.0,-1.0,1724002,0.0,7,,0.0,2.0,8.0,B01,138Â 209Â 236,1.0
1010001,201900051532,10,28,17:00,5,2,9,1.0,3.0,83144,UNIVERSITE (AVE DE L'),M,"43,1371200","6,0045100",83,2019,50.0,1.0,1.0,4.0,2258580,2.0,2,3,1,5.0,,-1.0, -1,2002.0,A01,138Â 209Â 237,2.0,8.0,-1.0,1724003,3.0,30,,0.0,2.0,1.0,A01,138Â 209Â 237,1.0
1010001,201900051532,10,28,17:00,5,2,9,1.0,3.0,83144,UNIVERSITE (AVE DE L'),M,"43,1371200","6,0045100",83,2019,50.0,1.0,1.0,4.0,2258581,1.0,1,4,1,5.0,,-1.0, -1,2002.0,A01,138Â 209Â 237,2.0,8.0,-1.0,1724002,0.0,7,,0.0,2.0,8.0,B01,138Â 209Â 236,1.0
1010001,201900051532,10,28,17:00,5,2,9,1.0,3.0,83144,UNIVERSITE (AVE DE L'),M,"43,1371200","6,0045100",83,2019,50.0,1.0,1.0,4.0,2258581,1.0,1,4,1,5.0,,-1.0, -1,2002.0,A01,138Â 209Â 237,2.0,8.0,-1.0,1724003,3.0,30,,0.0,2.0,1.0,A01,138Â 209Â 237,1.0
1010002,201900051533,10,27,14:30,1,2,1,1.0,6.0,83137,LECLERC (AVE GENERAL),M,"43,1257700","5,9282400",83,2019,50.0,1.0,1.0,4.0,2258582,10.0,3,4,1,5.0,,4.0,3,2013.0,A01,138Â 209Â 235,8.0,0.0,-1.0,1724004,1.0,7,,0.0,1.0,2.0,A01,138Â 209Â 235,1.0
1010002,201900051533,10,27,14:30,1,2,1,1.0,6.0,83137,LECLERC (AVE GENERAL),M,"43,1257700","5,9282400",83,2019,50.0,1.0,1.0,4.0,2258583,1.0,1,1,1,5.0,,-1.0, -1,1936.0,A01,138Â 209Â 235,1.0,0.0,0.0,1724004,1.0,7,,0.0,1.0,2.0,A01,138Â 209Â 235,1.0
1010003,201900051534,10,25,15:20,1,2,1,1.0,2.0,80021,PIERRE ROLLIN (RUE),M,"49,8773400","2,3126300",80,2019,50.0,1.0,1.0,4.0,2258584,1.0,1,4,1,0.0,,-1.0, -1,1992.0,I01,138Â 209Â 231,2.0,6.0,-1.0,1724005,0.0,31,,0.0,2.0,1.0,I01,138Â 209Â 231,1.0
1010003,201900051534,10,25,15:20,1,2,1,1.0,2.0,80021,PIERRE ROLLIN (RUE),M,"49,8773400","2,3126300",80,2019,50.0,1.0,1.0,4.0,2258584,1.0,1,4,1,0.0,,-1.0, -1,1992.0,I01,138Â 209Â 231,2.0,6.0,-1.0,1724006,0.0,7,,0.0,2.0,4.0,B01,138Â 209Â 232,1.0
1010003,201900051534,10,25,15:20,1,2,1,1.0,2.0,80021,PIERRE ROLLIN (RUE),M,"49,8773400","2,3126300",80,2019,50.0,1.0,1.0,4.0,2258585,1.0,1,1,1,0.0,,-1.0, -1,1970.0,B01,138Â 209Â 232,1.0,0.0,-1.0,1724005,0.0,31,,0.0,2.0,1.0,I01,138Â 209Â 231,1.0
1010003,201900051534,10,25,15:20,1,2,1,1.0,2.0,80021,PIERRE ROLLIN (RUE),M,"49,8773400","2,3126300",80,2019,50.0,1.0,1.0,4.0,2258585,1.0,1,1,1,0.0,,-1.0, -1,1970.0,B01,138Â 209Â 232,1.0,0.0,-1.0,1724006,0.0,7,,0.0,2.0,4.0,B01,138Â 209Â 232,1.0
1010004,201900051535,10,25,07:10,2,1,6,1.0,6.0,78208,DEPARTEMENTALE 912 (ROUTE),M,"48,7894260","1,9737310",78,2019,50.0,1.0,1.0,3.0,2258586,10.0,3,3,1,0.0,,3.0,3,1972.0,A01,138Â 209Â 230,0.0,-1.0,-1.0,1724007,2.0,7,,0.0,1.0,3.0,A01,138Â 209Â 230,2.0
1010004,201900051535,10,25,07:10,2,1,6,1.0,6.0,78208,DEPARTEMENTALE 912 (ROUTE),M,"48,7894260","1,9737310",78,2019,50.0,1.0,1.0,3.0,2258587,1.0,1,1,1,1.0,,-1.0, -1,1964.0,A01,138Â 209Â 230,1.0,0.0,-1.0,1724007,2.0,7,,0.0,1.0,3.0,A01,138Â 209Â 230,2.0
1010005,201900051536,10,28,08:15,1,1,1,1.0,2.0,77291,NATIONALE 1104 (ROUTE),M,"49,0213300","2,5834200",77,2019,50.0,1.0,1.0,2.0,2258588,1.0,1,4,1,1.0,,-1.0,0,1987.0,B01,138Â 209Â 228,8.0,0.0,-1.0,1724008,2.0,7,,0.0,9.0,4.0,B01,138Â 209Â 228,0.0
1010005,201900051536,10,28,08:15,1,1,1,1.0,2.0,77291,NATIONALE 1104 (ROUTE),M,"49,0213300","2,5834200",77,2019,50.0,1.0,1.0,2.0,2258588,1.0,1,4,1,1.0,,-1.0,0,1987.0,B01,138Â 209Â 228,8.0,0.0,-1.0,1724009,2.0,14,,0.0,2.0,1.0,A01,138Â 209Â 229,0.0
1010005,201900051536,10,28,08:15,1,1,1,1.0,2.0,77291,NATIONALE 1104 (ROUTE),M,"49,0213300","2,5834200",77,2019,50.0,1.0,1.0,2.0,2258589,1.0,1,1,1,4.0,,-1.0, -1,1997.0,A01,138Â 209Â 229,8.0,0.0,-1.0,1724008,2.0,7,,0.0,9.0,4.0,B01,138Â 209Â 228,0.0
1010005,201900051536,10,28,08:15,1,1,1,1.0,2.0,77291,NATIONALE 1104 (ROUTE),M,"49,0213300","2,5834200",77,2019,50.0,1.0,1.0,2.0,2258589,1.0,1,1,1,4.0,,-1.0, -1,1997.0,A01,138Â 209Â 229,8.0,0.0,-1.0,1724009,2.0,14,,0.0,2.0,1.0,A01,138Â 209Â 229,0.0
1010006,201900051537,10,27,19:00,3,1,1,8.0,4.0,77350,RN4 HORS AGGLOMERATION,M,"48,7582300","2,6689100",77,2019,110.0,1.0,2.0,2.0,2258590,1.0,1,1,1,0.0,,-1.0, -1,1994.0,A01,138Â 209Â 224,1.0,0.0,-1.0,1724010,2.0,7,,14.0,9.0,3.0,A01,138Â 209Â 224,1.0
1010006,201900051537,10,27,19:00,3,1,1,8.0,4.0,77350,RN4 HORS AGGLOMERATION,M,"48,7582300","2,6689100",77,2019,110.0,1.0,2.0,2.0,2258590,1.0,1,1,1,0.0,,-1.0, -1,1994.0,A01,138Â 209Â 224,1.0,0.0,-1.0,1724011,2.0,7,,0.0,2.0,5.0,B01,138Â 209Â 225,1.0
1010006,201900051537,10,27,19:00,3,1,1,8.0,4.0,77350,RN4 HORS AGGLOMERATION,M,"48,7582300","2,6689100",77,2019,110.0,1.0,2.0,2.0,2258590,1.0,1,1,1,0.0,,-1.0, -1,1994.0,A01,138Â 209Â 224,1.0,0.0,-1.0,1724012,2.0,7,,0.0,2.0,4.0,C01,138Â 209Â 226,1.0
1010006,201900051537,10,27,19:00,3,1,1,8.0,4.0,77350,RN4 HORS AGGLOMERATION,M,"48,7582300","2,6689100",77,2019,110.0,1.0,2.0,2.0,2258590,1.0,1,1,1,0.0,,-1.0, -1,1994.0,A01,138Â 209Â 224,1.0,0.0,-1.0,1724013,2.0,7,,0.0,2.0,4.0,D01,138Â 209Â 227,1.0
1010006,201900051537,10,27,19:00,3,1,1,8.0,4.0,77350,RN4 HORS AGGLOMERATION,M,"48,7582300","2,6689100",77,2019,110.0,1.0,2.0,2.0,2258591,2.0,2,1,2,0.0,,-1.0,0,1994.0,B01,138Â 209Â 225,1.0,0.0,-1.0,1724010,2.0,7,,14.0,9.0,3.0,A01,138Â 209Â 224,1.0
1010006,201900051537,10,27,19:00,3,1,1,8.0,4.0,77350,RN4 HORS AGGLOMERATION,M,"48,7582300","2,6689100",77,2019,110.0,1.0,2.0,2.0,2258591,2.0,2,1,2,0.0,,-1.0,0,1994.0,B01,138Â 209Â 225,1.0,0.0,-1.0,1724011,2.0,7,,0.0,2.0,5.0,B01,138Â 209Â 225,1.0
1010006,201900051537,10,27,19:00,3,1,1,8.0,4.0,77350,RN4 HORS AGGLOMERATION,M,"48,7582300","2,6689100",77,2019,110.0,1.0,2.0,2.0,2258591,2.0,2,1,2,0.0,,-1.0,0,1994.0,B01,138Â 209Â 225,1.0,0.0,-1.0,1724012,2.0,7,,0.0,2.0,4.0,C01,138Â 209Â 226,1.0
1010006,201900051537,10,27,19:00,3,1,1,8.0,4.0,77350,RN4 HORS AGGLOMERATION,M,"48,7582300","2,6689100",77,2019,110.0,1.0,2.0,2.0,2258591,2.0,2,1,2,0.0,,-1.0,0,1994.0,B01,138Â 209Â 225,1.0,0.0,-1.0,1724013,2.0,7,,0.0,2.0,4.0,D01,138Â 209Â 227,1.0
1010006,201900051537,10,27,19:00,3,1,1,8.0,4.0,77350,RN4 HORS AGGLOMERATION,M,"48,7582300","2,6689100",77,2019,110.0,1.0,2.0,2.0,2258592,1.0,1,1,1,0.0,,-1.0, -1,1988.0,B01,138Â 209Â 225,1.0,0.0,-1.0,1724010,2.0,7,,14.0,9.0,3.0,A01,138Â 209Â 224,1.0
1010006,201900051537,10,27,19:00,3,1,1,8.0,4.0,77350,RN4 HORS AGGLOMERATION,M,"48,7582300","2,6689100",77,2019,110.0,1.0,2.0,2.0,2258592,1.0,1,1,1,0.0,,-1.0, -1,1988.0,B01,138Â 209Â 225,1.0,0.0,-1.0,1724011,2.0,7,,0.0,2.0,5.0,B01,138Â 209Â 225,1.0
1010006,201900051537,10,27,19:00,3,1,1,8.0,4.0,77350,RN4 HORS AGGLOMERATION,M,"48,7582300","2,6689100",77,2019,110.0,1.0,2.0,2.0,2258592,1.0,1,1,1,0.0,,-1.0, -1,1988.0,B01,138Â 209Â 225,1.0,0.0,-1.0,1724012,2.0,7,,0.0,2.0,4.0,C01,138Â 209Â 226,1.0
1010006,201900051537,10,27,19:00,3,1,1,8.0,4.0,77350,RN4 HORS AGGLOMERATION,M,"48,7582300","2,6689100",77,2019,110.0,1.0,2.0,2.0,2258592,1.0,1,1,1,0.0,,-1.0, -1,1988.0,B01,138Â 209Â 225,1.0,0.0,-1.0,1724013,2.0,7,,0.0,2.0,4.0,D01,138Â 209Â 227,1.0
1010006,201900051537,10,27,19:00,3,1,1,8.0,4.0,77350,RN4 HORS AGGLOMERATION,M,"48,7582300","2,6689100",77,2019,110.0,1.0,2.0,2.0,2258593,1.0,1,4,1,5.0,,-1.0,0,1977.0,C01,138Â 209Â 226,1.0,0.0,-1.0,1724010,2.0,7,,14.0,9.0,3.0,A01,138Â 209Â 224,1.0
1010006,201900051537,10,27,19:00,3,1,1,8.0,4.0,77350,RN4 HORS AGGLOMERATION,M,"48,7582300","2,6689100",77,2019,110.0,1.0,2.0,2.0,2258593,1.0,1,4,1,5.0,,-1.0,0,1977.0,C01,138Â 209Â 226,1.0,0.0,-1.0,1724011,2.0,7,,0.0,2.0,5.0,B01,138Â 209Â 225,1.0
1010006,201900051537,10,27,19:00,3,1,1,8.0,4.0,77350,RN4 HORS AGGLOMERATION,M,"48,7582300","2,6689100",77,2019,110.0,1.0,2.0,2.0,2258593,1.0,1,4,1,5.0,,-1.0,0,1977.0,C01,138Â 209Â 226,1.0,0.0,-1.0,1724012,2.0,7,,0.0,2.0,4.0,C01,138Â 209Â 226,1.0
1010006,201900051537,10,27,19:00,3,1,1,8.0,4.0,77350,RN4 HORS AGGLOMERATION,M,"48,7582300","2,6689100",77,2019,110.0,1.0,2.0,2.0,2258593,1.0,1,4,1,5.0,,-1.0,0,1977.0,C01,138Â 209Â 226,1.0,0.0,-1.0,1724013,2.0,7,,0.0,2.0,4.0,D01,138Â 209Â 227,1.0
1010006,201900051537,10,27,19:00,3,1,1,8.0,4.0,77350,RN4 HORS AGGLOMERATION,M,"48,7582300","2,6689100",77,2019,110.0,1.0,2.0,2.0,2258594,3.0,2,4,1,5.0,,-1.0,0,2014.0,C01,138Â 209Â 226,3.0,0.0,-1.0,1724010,2.0,7,,14.0,9.0,3.0,A01,138Â 209Â 224,1.0
1010006,201900051537,10,27,19:00,3,1,1,8.0,4.0,77350,RN4 HORS AGGLOMERATION,M,"48,7582300","2,6689100",77,2019,110.0,1.0,2.0,2.0,2258594,3.0,2,4,1,5.0,,-1.0,0,2014.0,C01,138Â 209Â 226,3.0,0.0,-1.0,1724011,2.0,7,,0.0,2.0,5.0,B01,138Â 209Â 225,1.0
1010006,201900051537,10,27,19:00,3,1,1,8.0,4.0,77350,RN4 HORS AGGLOMERATION,M,"48,7582300","2,6689100",77,2019,110.0,1.0,2.0,2.0,2258594,3.0,2,4,1,5.0,,-1.0,0,2014.0,C01,138Â 209Â 226,3.0,0.0,-1.0,1724012,2.0,7,,0.0,2.0,4.0,C01,138Â 209Â 226,1.0
1010006,201900051537,10,27,19:00,3,1,1,8.0,4.0,77350,RN4 HORS AGGLOMERATION,M,"48,7582300","2,6689100",77,2019,110.0,1.0,2.0,2.0,2258594,3.0,2,4,1,5.0,,-1.0,0,2014.0,C01,138Â 209Â 226,3.0,0.0,-1.0,1724013,2.0,7,,0.0,2.0,4.0,D01,138Â 209Â 227,1.0
1010006,201900051537,10,27,19:00,3,1,1,8.0,4.0,77350,RN4 HORS AGGLOMERATION,M,"48,7582300","2,6689100",77,2019,110.0,1.0,2.0,2.0,2258595,4.0,2,4,2,5.0,,-1.0, -1,2015.0,C01,138Â 209Â 226,3.0,0.0,-1.0,1724010,2.0,7,,14.0,9.0,3.0,A01,138Â 209Â 224,1.0
1010006,201900051537,10,27,19:00,3,1,1,8.0,4.0,77350,RN4 HORS AGGLOMERATION,M,"48,7582300","2,6689100",77,2019,110.0,1.0,2.0,2.0,2258595,4.0,2,4,2,5.0,,-1.0, -1,2015.0,C01,138Â 209Â 226,3.0,0.0,-1.0,1724011,2.0,7,,0.0,2.0,5.0,B01,138Â 209Â 225,1.0
1010006,201900051537,10,27,19:00,3,1,1,8.0,4.0,77350,RN4 HORS AGGLOMERATION,M,"48,7582300","2,6689100",77,2019,110.0,1.0,2.0,2.0,2258595,4.0,2,4,2,5.0,,-1.0, -1,2015.0,C01,138Â 209Â 226,3.0,0.0,-1.0,1724012,2.0,7,,0.0,2.0,4.0,C01,138Â 209Â 226,1.0
1010006,201900051537,10,27,19:00,3,1,1,8.0,4.0,77350,RN4 HORS AGGLOMERATION,M,"48,7582300","2,6689100",77,2019,110.0,1.0,2.0,2.0,2258595,4.0,2,4,2,5.0,,-1.0, -1,2015.0,C01,138Â 209Â 226,3.0,0.0,-1.0,1724013,2.0,7,,0.0,2.0,4.0,D01,138Â 209Â 227,1.0
1010006,201900051537,10,27,19:00,3,1,1,8.0,4.0,77350,RN4 HORS AGGLOMERATION,M,"48,7582300","2,6689100",77,2019,110.0,1.0,2.0,2.0,2258596,2.0,2,1,2,0.0,,-1.0, -1,1940.0,D01,138Â 209Â 227,1.0,0.0,-1.0,1724010,2.0,7,,14.0,9.0,3.0,A01,138Â 209Â 224,1.0
1010006,201900051537,10,27,19:00,3,1,1,8.0,4.0,77350,RN4 HORS AGGLOMERATION,M,"48,7582300","2,6689100",77,2019,110.0,1.0,2.0,2.0,2258596,2.0,2,1,2,0.0,,-1.0, -1,1940.0,D01,138Â 209Â 227,1.0,0.0,-1.0,1724011,2.0,7,,0.0,2.0,5.0,B01,138Â 209Â 225,1.0
1010006,201900051537,10,27,19:00,3,1,1,8.0,4.0,77350,RN4 HORS AGGLOMERATION,M,"48,7582300","2,6689100",77,2019,110.0,1.0,2.0,2.0,2258596,2.0,2,1,2,0.0,,-1.0, -1,1940.0,D01,138Â 209Â 227,1.0,0.0,-1.0,1724012,2.0,7,,0.0,2.0,4.0,C01,138Â 209Â 226,1.0
1010006,201900051537,10,27,19:00,3,1,1,8.0,4.0,77350,RN4 HORS AGGLOMERATION,M,"48,7582300","2,6689100",77,2019,110.0,1.0,2.0,2.0,2258596,2.0,2,1,2,0.0,,-1.0, -1,1940.0,D01,138Â 209Â 227,1.0,0.0,-1.0,1724013,2.0,7,,0.0,2.0,4.0,D01,138Â 209Â 227,1.0
1010006,201900051537,10,27,19:00,3,1,1,8.0,4.0,77350,RN4 HORS AGGLOMERATION,M,"48,7582300","2,6689100",77,2019,110.0,1.0,2.0,2.0,2258597,1.0,1,1,1,0.0,,-1.0, -1,1966.0,D01,138Â 209Â 227,1.0,0.0,-1.0,1724010,2.0,7,,14.0,9.0,3.0,A01,138Â 209Â 224,1.0
1010006,201900051537,10,27,19:00,3,1,1,8.0,4.0,77350,RN4 HORS AGGLOMERATION,M,"48,7582300","2,6689100",77,2019,110.0,1.0,2.0,2.0,2258597,1.0,1,1,1,0.0,,-1.0, -1,1966.0,D01,138Â 209Â 227,1.0,0.0,-1.0,1724011,2.0,7,,0.0,2.0,5.0,B01,138Â 209Â 225,1.0
1010006,201900051537,10,27,19:00,3,1,1,8.0,4.0,77350,RN4 HORS AGGLOMERATION,M,"48,7582300","2,6689100",77,2019,110.0,1.0,2.0,2.0,2258597,1.0,1,1,1,0.0,,-1.0, -1,1966.0,D01,138Â 209Â 227,1.0,0.0,-1.0,1724012,2.0,7,,0.0,2.0,4.0,C01,138Â 209Â 226,1.0
1010006,201900051537,10,27,19:00,3,1,1,8.0,4.0,77350,RN4 HORS AGGLOMERATION,M,"48,7582300","2,6689100",77,2019,110.0,1.0,2.0,2.0,2258597,1.0,1,1,1,0.0,,-1.0, -1,1966.0,D01,138Â 209Â 227,1.0,0.0,-1.0,1724013,2.0,7,,0.0,2.0,4.0,D01,138Â 209Â 227,1.0
1010007,201900051538,10,26,06:45,5,2,1,1.0,3.0,76540,CAEN. AVENUE DE,M,"49,4299600","1,0759600",76,2019,50.0,1.0,1.0,3.0,2258598,2.0,2,1,2,5.0,,-1.0, -1,1998.0,A01,138Â 209Â 221,2.0,6.0,-1.0,1724014,2.0,33,,0.0,2.0,5.0,A01,138Â 209Â 221,1.0
1010007,201900051538,10,26,06:45,5,2,1,1.0,3.0,76540,CAEN. AVENUE DE,M,"49,4299600","1,0759600",76,2019,50.0,1.0,1.0,3.0,2258598,2.0,2,1,2,5.0,,-1.0, -1,1998.0,A01,138Â 209Â 221,2.0,6.0,-1.0,1724015,2.0,7,,0.0,2.0,3.0,B01,138Â 209Â 222,1.0
1010007,201900051538,10,26,06:45,5,2,1,1.0,3.0,76540,CAEN. AVENUE DE,M,"49,4299600","1,0759600",76,2019,50.0,1.0,1.0,3.0,2258599,1.0,1,4,1,5.0,,0.0,0,1997.0,A01,138Â 209Â 221,2.0,6.0,-1.0,1724014,2.0,33,,0.0,2.0,5.0,A01,138Â 209Â 221,1.0