Unnamed: 0_x,num_acc,mois,jour,hrmn,lum,agg,int,atm,col,com,adr,gps,lat,long,dep,annee,vma,situ,surf,catr,Unnamed: 0_y,place,catu,grav,sexe,trajet,secu,locp,actp,an_nais,num_veh_x,id_vehicule_x,secu1,secu2,secu3,Unnamed: 0,senc,catv,occutc,obs,obsm,choc,num_veh_y,id_vehicule_y,motor
1010007,201900051538,10,26,06:45,5,2,1,1.0,3.0,76540,CAEN. AVENUE DE,M,"49,4299600","1,0759600",76,2019,50.0,1.0,1.0,3.0,2258599,1.0,1,4,1,5.0,,0.0,0,1997.0,A01,138Â 209Â 221,2.0,6.0,-1.0,1724015,2.0,7,,0.0,2.0,3.0,B01,138Â 209Â 222,1.0
1010007,201900051538,10,26,06:45,5,2,1,1.0,3.0,76540,CAEN. AVENUE DE,M,"49,4299600","1,0759600",76,2019,50.0,1.0,1.0,3.0,2258600,1.0,1,1,1,5.0,,0.0,0,1988.0,B01,138Â 209Â 222,1.0,0.0,-1.0,1724014,2.0,33,,0.0,2.0,5.0,A01,138Â 209Â 221,1.0
1010007,201900051538,10,26,06:45,5,2,1,1.0,3.0,76540,CAEN. AVENUE DE,M,"49,4299600","1,0759600",76,2019,50.0,1.0,1.0,3.0,2258600,1.0,1,1,1,5.0,,0.0,0,1988.0,B01,138Â 209Â 222,1.0,0.0,-1.0,1724015,2.0,7,,0.0,2.0,3.0,B01,138Â 209Â 222,1.0
1010008,201900051539,10,25,17:20,1,2,1,2.0,2.0,76351,PIERRE MENDES FRANCE,M,"49,5157000","0,1550000",76,2019,50.0,1.0,2.0,3.0,2258601,2.0,2,4,2,5.0,,-1.0,0,2001.0,A01,138Â 209Â 216,2.0,0.0,-1.0,1724016,1.0,2,,0.0,2.0,1.0,A01,138Â 209Â 216,1.0
1010008,201900051539,10,25,17:20,1,2,1,2.0,2.0,76351,PIERRE MENDES FRANCE,M,"49,5157000","0,1550000",76,2019,50.0,1.0,2.0,3.0,2258601,2.0,2,4,2,5.0,,-1.0,0,2001.0,A01,138Â 209Â 216,2.0,0.0,-1.0,1724017,1.0,7,,0.0,0.0,4.0,B01,138Â 209Â 217,1.0
1010008,201900051539,10,25,17:20,1,2,1,2.0,2.0,76351,PIERRE MENDES FRANCE,M,"49,5157000","0,1550000",76,2019,50.0,1.0,2.0,3.0,2258602,1.0,1,4,1,5.0,,-1.0,0,2000.0,A01,138Â 209Â 216,2.0,0.0,-1.0,1724016,1.0,2,,0.0,2.0,1.0,A01,138Â 209Â 216,1.0
1010008,201900051539,10,25,17:20,1,2,1,2.0,2.0,76351,PIERRE MENDES FRANCE,M,"49,5157000","0,1550000",76,2019,50.0,1.0,2.0,3.0,2258602,1.0,1,4,1,5.0,,-1.0,0,2000.0,A01,138Â 209Â 216,2.0,0.0,-1.0,1724017,1.0,7,,0.0,0.0,4.0,B01,138Â 209Â 217,1.0
1010008,201900051539,10,25,17:20,1,2,1,2.0,2.0,76351,PIERRE MENDES FRANCE,M,"49,5157000","0,1550000",76,2019,50.0,1.0,2.0,3.0,2258603,1.0,1,1,1,5.0,,-1.0,0,1976.0,B01,138Â 209Â 217,1.0,0.0,-1.0,1724016,1.0,2,,0.0,2.0,1.0,A01,138Â 209Â 216,1.0
1010008,201900051539,10,25,17:20,1,2,1,2.0,2.0,76351,PIERRE MENDES FRANCE,M,"49,5157000","0,1550000",76,2019,50.0,1.0,2.0,3.0,2258603,1.0,1,1,1,5.0,,-1.0,0,1976.0,B01,138Â 209Â 217,1.0,0.0,-1.0,1724017,1.0,7,,0.0,0.0,4.0,B01,138Â 209Â 217,1.0
1010009,201900051540,10,28,08:05,1,2,3,2.0,6.0,74008,JURA (RUE DU),M,"46,1992300","6,2260000",74,2019,50.0,1.0,2.0,4.0,2258604,10.0,3,3,2,0.0,,4.0,3,1938.0,A01,138Â 209Â 215,0.0,-1.0,-1.0,1724018,1.0,7,,0.0,1.0,2.0,A01,138Â 209Â 215,1.0
1010009,201900051540,10,28,08:05,1,2,3,2.0,6.0,74008,JURA (RUE DU),M,"46,1992300","6,2260000",74,2019,50.0,1.0,2.0,4.0,2258605,1.0,1,1,2,1.0,,-1.0, -1,1976.0,A01,138Â 209Â 215,1.0,0.0,-1.0,1724018,1.0,7,,0.0,1.0,2.0,A01,138Â 209Â 215,1.0
1010010,201900051541,10,28,20:45,5,2,1,2.0,6.0,72181,CLEMENCEAU GEORGES ( BD) NÂ° IMP,M,"47,9785600","0,2139400",72,2019,50.0,1.0,2.0,4.0,2258606,1.0,1,1,1,5.0,,0.0,0,1999.0,A01,138Â 209Â 212,1.0,0.0,-1.0,1724019,2.0,7,,0.0,2.0,1.0,A01,138Â 209Â 212,1.0
1010010,201900051541,10,28,20:45,5,2,1,2.0,6.0,72181,CLEMENCEAU GEORGES ( BD) NÂ° IMP,M,"47,9785600","0,2139400",72,2019,50.0,1.0,2.0,4.0,2258606,1.0,1,1,1,5.0,,0.0,0,1999.0,A01,138Â 209Â 212,1.0,0.0,-1.0,1724020,1.0,7,,0.0,2.0,1.0,B01,138Â 209Â 213,1.0
1010010,201900051541,10,28,20:45,5,2,1,2.0,6.0,72181,CLEMENCEAU GEORGES ( BD) NÂ° IMP,M,"47,9785600","0,2139400",72,2019,50.0,1.0,2.0,4.0,2258606,1.0,1,1,1,5.0,,0.0,0,1999.0,A01,138Â 209Â 212,1.0,0.0,-1.0,1724021,1.0,7,,0.0,2.0,1.0,C01,138Â 209Â 214,1.0
1010010,201900051541,10,28,20:45,5,2,1,2.0,6.0,72181,CLEMENCEAU GEORGES ( BD) NÂ° IMP,M,"47,9785600","0,2139400",72,2019,50.0,1.0,2.0,4.0,2258607,2.0,2,4,1,5.0,,0.0,0,2002.0,A01,138Â 209Â 212,8.0,0.0,-1.0,1724019,2.0,7,,0.0,2.0,1.0,A01,138Â 209Â 212,1.0
1010010,201900051541,10,28,20:45,5,2,1,2.0,6.0,72181,CLEMENCEAU GEORGES ( BD) NÂ° IMP,M,"47,9785600","0,2139400",72,2019,50.0,1.0,2.0,4.0,2258607,2.0,2,4,1,5.0,,0.0,0,2002.0,A01,138Â 209Â 212,8.0,0.0,-1.0,1724020,1.0,7,,0.0,2.0,1.0,B01,138Â 209Â 213,1.0
1010010,201900051541,10,28,20:45,5,2,1,2.0,6.0,72181,CLEMENCEAU GEORGES ( BD) NÂ° IMP,M,"47,9785600","0,2139400",72,2019,50.0,1.0,2.0,4.0,2258607,2.0,2,4,1,5.0,,0.0,0,2002.0,A01,138Â 209Â 212,8.0,0.0,-1.0,1724021,1.0,7,,0.0,2.0,1.0,C01,138Â 209Â 214,1.0
1010010,201900051541,10,28,20:45,5,2,1,2.0,6.0,72181,CLEMENCEAU GEORGES ( BD) NÂ° IMP,M,"47,9785600","0,2139400",72,2019,50.0,1.0,2.0,4.0,2258608,1.0,1,4,2,5.0,,0.0,0,1986.0,B01,138Â 209Â 213,1.0,0.0,-1.0,1724019,2.0,7,,0.0,2.0,1.0,A01,138Â 209Â 212,1.0
1010010,201900051541,10,28,20:45,5,2,1,2.0,6.0,72181,CLEMENCEAU GEORGES ( BD) NÂ° IMP,M,"47,9785600","0,2139400",72,2019,50.0,1.0,2.0,4.0,2258608,1.0,1,4,2,5.0,,0.0,0,1986.0,B01,138Â 209Â 213,1.0,0.0,-1.0,1724020,1.0,7,,0.0,2.0,1.0,B01,138Â 209Â 213,1.0
1010010,201900051541,10,28,20:45,5,2,1,2.0,6.0,72181,CLEMENCEAU GEORGES ( BD) NÂ° IMP,M,"47,9785600","0,2139400",72,2019,50.0,1.0,2.0,4.0,2258608,1.0,1,4,2,5.0,,0.0,0,1986.0,B01,138Â 209Â 213,1.0,0.0,-1.0,1724021,1.0,7,,0.0,2.0,1.0,C01,138Â 209Â 214,1.0
1010010,201900051541,10,28,20:45,5,2,1,2.0,6.0,72181,CLEMENCEAU GEORGES ( BD) NÂ° IMP,M,"47,9785600","0,2139400",72,2019,50.0,1.0,2.0,4.0,2258609,1.0,1,1,1,5.0,,0.0,0,1962.0,C01,138Â 209Â 214,1.0,0.0,-1.0,1724019,2.0,7,,0.0,2.0,1.0,A01,138Â 209Â 212,1.0
1010010,201900051541,10,28,20:45,5,2,1,2.0,6.0,72181,CLEMENCEAU GEORGES ( BD) NÂ° IMP,M,"47,9785600","0,2139400",72,2019,50.0,1.0,2.0,4.0,2258609,1.0,1,1,1,5.0,,0.0,0,1962.0,C01,138Â 209Â 214,1.0,0.0,-1.0,1724020,1.0,7,,0.0,2.0,1.0,B01,138Â 209Â 213,1.0
1010010,201900051541,10,28,20:45,5,2,1,2.0,6.0,72181,CLEMENCEAU GEORGES ( BD) NÂ° IMP,M,"47,9785600","0,2139400",72,2019,50.0,1.0,2.0,4.0,2258609,1.0,1,1,1,5.0,,0.0,0,1962.0,C01,138Â 209Â 214,1.0,0.0,-1.0,1724021,1.0,7,,0.0,2.0,1.0,C01,138Â 209Â 214,1.0
1010011,201900051542,10,28,11:40,1,1,1,2.0,6.0,72003,GRAND CHENE (RUE DU),M,"47,9547400","0,1341800",72,2019,80.0,1.0,9.0,4.0,2258610,2.0,2,4,1,5.0,,0.0,0,2007.0,A01,138Â 209Â 211,1.0,0.0,-1.0,1724022,3.0,10,,13.0,0.0,2.0,A01,138Â 209Â 211,1.0
1010011,201900051542,10,28,11:40,1,1,1,2.0,6.0,72003,GRAND CHENE (RUE DU),M,"47,9547400","0,1341800",72,2019,80.0,1.0,9.0,4.0,2258611,1.0,1,4,2,5.0,,0.0,0,1981.0,A01,138Â 209Â 211,1.0,0.0,-1.0,1724022,3.0,10,,13.0,0.0,2.0,A01,138Â 209Â 211,1.0
1010011,201900051542,10,28,11:40,1,1,1,2.0,6.0,72003,GRAND CHENE (RUE DU),M,"47,9547400","0,1341800",72,2019,80.0,1.0,9.0,4.0,2258612,3.0,2,4,1,5.0,,0.0,0,2011.0,A01,138Â 209Â 211,3.0,0.0,-1.0,1724022,3.0,10,,13.0,0.0,2.0,A01,138Â 209Â 211,1.0
1010011,201900051542,10,28,11:40,1,1,1,2.0,6.0,72003,GRAND CHENE (RUE DU),M,"47,9547400","0,1341800",72,2019,80.0,1.0,9.0,4.0,2258613,4.0,2,4,1,5.0,,0.0,0,2017.0,A01,138Â 209Â 211,3.0,0.0,-1.0,1724022,3.0,10,,13.0,0.0,2.0,A01,138Â 209Â 211,1.0
1010012,201900051543,10,27,18:10,5,2,1,2.0,6.0,72181,JAURES JEAN (AV) NÂ° PAIRS 60 ET >,M,"47,9800000","0,2000000",72,2019,50.0,1.0,2.0,4.0,2258614,1.0,1,1,1,0.0,,-1.0, -1,1971.0,A01,138Â 209Â 210,1.0,0.0,-1.0,1724023,2.0,7,,0.0,1.0,1.0,A01,138Â 209Â 210,1.0
1010012,201900051543,10,27,18:10,5,2,1,2.0,6.0,72181,JAURES JEAN (AV) NÂ° PAIRS 60 ET >,M,"47,9800000","0,2000000",72,2019,50.0,1.0,2.0,4.0,2258615,10.0,3,4,2,0.0,,4.0,3,2004.0,A01,138Â 209Â 210,8.0,0.0,-1.0,1724023,2.0,7,,0.0,1.0,1.0,A01,138Â 209Â 210,1.0
1010013,201900051544,10,27,18:50,5,2,2,1.0,3.0,69266,POIZAT      (Rue),M,"45,7582000","4,8933000",69,2019,50.0,1.0,1.0,4.0,2258616,1.0,1,1,1,0.0,,-1.0, -1,1983.0,B01,138Â 209Â 208,1.0,0.0,-1.0,1724024,2.0,7,,0.0,2.0,8.0,B01,138Â 209Â 208,0.0
1010013,201900051544,10,27,18:50,5,2,2,1.0,3.0,69266,POIZAT      (Rue),M,"45,7582000","4,8933000",69,2019,50.0,1.0,1.0,4.0,2258616,1.0,1,1,1,0.0,,-1.0, -1,1983.0,B01,138Â 209Â 208,1.0,0.0,-1.0,1724025,1.0,7,,0.0,2.0,1.0,A01,138Â 209Â 209,0.0
1010013,201900051544,10,27,18:50,5,2,2,1.0,3.0,69266,POIZAT      (Rue),M,"45,7582000","4,8933000",69,2019,50.0,1.0,1.0,4.0,2258617,2.0,2,1,1,0.0,,-1.0, -1,1981.0,B01,138Â 209Â 208,1.0,0.0,-1.0,1724024,2.0,7,,0.0,2.0,8.0,B01,138Â 209Â 208,0.0
1010013,201900051544,10,27,18:50,5,2,2,1.0,3.0,69266,POIZAT      (Rue),M,"45,7582000","4,8933000",69,2019,50.0,1.0,1.0,4.0,2258617,2.0,2,1,1,0.0,,-1.0, -1,1981.0,B01,138Â 209Â 208,1.0,0.0,-1.0,1724025,1.0,7,,0.0,2.0,1.0,A01,138Â 209Â 209,0.0
1010013,201900051544,10,27,18:50,5,2,2,1.0,3.0,69266,POIZAT      (Rue),M,"45,7582000","4,8933000",69,2019,50.0,1.0,1.0,4.0,2258618,2.0,2,4,2,0.0,,-1.0, -1,1985.0,A01,138Â 209Â 209,1.0,0.0,-1.0,1724024,2.0,7,,0.0,2.0,8.0,B01,138Â 209Â 208,0.0
1010013,201900051544,10,27,18:50,5,2,2,1.0,3.0,69266,POIZAT      (Rue),M,"45,7582000","4,8933000",69,2019,50.0,1.0,1.0,4.0,2258618,2.0,2,4,2,0.0,,-1.0, -1,1985.0,A01,138Â 209Â 209,1.0,0.0,-1.0,1724025,1.0,7,,0.0,2.0,1.0,A01,138Â 209Â 209,0.0
1010013,201900051544,10,27,18:50,5,2,2,1.0,3.0,69266,POIZAT      (Rue),M,"45,7582000","4,8933000",69,2019,50.0,1.0,1.0,4.0,2258619,3.0,2,4,2,0.0,,-1.0, -1,2015.0,A01,138Â 209Â 209,1.0,0.0,-1.0,1724024,2.0,7,,0.0,2.0,8.0,B01,138Â 209Â 208,0.0
1010013,201900051544,10,27,18:50,5,2,2,1.0,3.0,69266,POIZAT      (Rue),M,"45,7582000","4,8933000",69,2019,50.0,1.0,1.0,4.0,2258619,3.0,2,4,2,0.0,,-1.0, -1,2015.0,A01,138Â 209Â 209,1.0,0.0,-1.0,1724025,1.0,7,,0.0,2.0,1.0,A01,138Â 209Â 209,0.0
1010013,201900051544,10,27,18:50,5,2,2,1.0,3.0,69266,POIZAT      (Rue),M,"45,7582000","4,8933000",69,2019,50.0,1.0,1.0,4.0,2258620,4.0,2,4,2,0.0,,-1.0, -1,2018.0,A01,138Â 209Â 209,1.0,0.0,-1.0,1724024,2.0,7,,0.0,2.0,8.0,B01,138Â 209Â 208,0.0
1010013,201900051544,10,27,18:50,5,2,2,1.0,3.0,69266,POIZAT      (Rue),M,"45,7582000","4,8933000",69,2019,50.0,1.0,1.0,4.0,2258620,4.0,2,4,2,0.0,,-1.0, -1,2018.0,A01,138Â 209Â 209,1.0,0.0,-1.0,1724025,1.0,7,,0.0,2.0,1.0,A01,138Â 209Â 209,0.0
1010013,201900051544,10,27,18:50,5,2,2,1.0,3.0,69266,POIZAT      (Rue),M,"45,7582000","4,8933000",69,2019,50.0,1.0,1.0,4.0,2258621,1.0,1,1,1,0.0,,-1.0, -1,1985.0,A01,138Â 209Â 209,1.0,0.0,-1.0,1724024,2.0,7,,0.0,2.0,8.0,B01,138Â 209Â 208,0.0
1010013,201900051544,10,27,18:50,5,2,2,1.0,3.0,69266,POIZAT      (Rue),M,"45,7582000","4,8933000",69,2019,50.0,1.0,1.0,4.0,2258621,1.0,1,1,1,0.0,,-1.0, -1,1985.0,A01,138Â 209Â 209,1.0,0.0,-1.0,1724025,1.0,7,,0.0,2.0,1.0,A01,138Â 209Â 209,0.0
1010014,201900051545,10,25,16:00,1,2,2,1.0,6.0,66136,FERMAT (PIERRE DE),M,"42,7091000","2,8925700",66,2019,50.0,1.0,1.0,4.0,2258622,1.0,1,1,2,5.0,,-1.0, -1,1941.0,A01,138Â 209Â 206,1.0,0.0,-1.0,1724026,1.0,7,,0.0,2.0,1.0,A01,138Â 209Â 206,1.0
1010014,201900051545,10,25,16:00,1,2,2,1.0,6.0,66136,FERMAT (PIERRE DE),M,"42,7091000","2,8925700",66,2019,50.0,1.0,1.0,4.0,2258622,1.0,1,1,2,5.0,,-1.0, -1,1941.0,A01,138Â 209Â 206,1.0,0.0,-1.0,1724027,1.0,32,,0.0,2.0,1.0,B01,138Â 209Â 207,1.0
1010014,201900051545,10,25,16:00,1,2,2,1.0,6.0,66136,FERMAT (PIERRE DE),M,"42,7091000","2,8925700",66,2019,50.0,1.0,1.0,4.0,2258623,1.0,1,3,1,4.0,,-1.0, -1,1954.0,B01,138Â 209Â 207,2.0,8.0,-1.0,1724026,1.0,7,,0.0,2.0,1.0,A01,138Â 209Â 206,1.0
1010014,201900051545,10,25,16:00,1,2,2,1.0,6.0,66136,FERMAT (PIERRE DE),M,"42,7091000","2,8925700",66,2019,50.0,1.0,1.0,4.0,2258623,1.0,1,3,1,4.0,,-1.0, -1,1954.0,B01,138Â 209Â 207,2.0,8.0,-1.0,1724027,1.0,32,,0.0,2.0,1.0,B01,138Â 209Â 207,1.0
1010015,201900051546,10,26,11:00,1,2,1,1.0,6.0,66136,LAVOISIER (ANTOINE),M,"42,6625300","2,9071900",66,2019,50.0,1.0,1.0,4.0,2258624,1.0,1,4,1,5.0,,-1.0, -1,1965.0,A01,138Â 209Â 204,8.0,0.0,-1.0,1724028,1.0,1,,0.0,2.0,1.0,A01,138Â 209Â 204,5.0
1010015,201900051546,10,26,11:00,1,2,1,1.0,6.0,66136,LAVOISIER (ANTOINE),M,"42,6625300","2,9071900",66,2019,50.0,1.0,1.0,4.0,2258624,1.0,1,4,1,5.0,,-1.0, -1,1965.0,A01,138Â 209Â 204,8.0,0.0,-1.0,1724029,2.0,7,,0.0,2.0,2.0,B01,138Â 209Â 205,0.0
1010015,201900051546,10,26,11:00,1,2,1,1.0,6.0,66136,LAVOISIER (ANTOINE),M,"42,6625300","2,9071900",66,2019,50.0,1.0,1.0,4.0,2258625,1.0,1,1,2,5.0,,-1.0, -1,1970.0,B01,138Â 209Â 205,1.0,8.0,-1.0,1724028,1.0,1,,0.0,2.0,1.0,A01,138Â 209Â 204,5.0
1010015,201900051546,10,26,11:00,1,2,1,1.0,6.0,66136,LAVOISIER (ANTOINE),M,"42,6625300","2,9071900",66,2019,50.0,1.0,1.0,4.0,2258625,1.0,1,1,2,5.0,,-1.0, -1,1970.0,B01,138Â 209Â 205,1.0,8.0,-1.0,1724029,2.0,7,,0.0,2.0,2.0,B01,138Â 209Â 205,0.0
1010016,201900051547,10,28,17:30,2,1,1,1.0,3.0,64335,SAULT DE NAVAILLES DE,M,"43,3470347"," -0,4359556",64,2019,70.0,1.0,1.0,3.0,2258626,1.0,1,4,1,5.0,,-1.0,0,1956.0,A01,138Â 209Â 202,1.0,0.0,-1.0,1724030,2.0,7,,0.0,2.0,7.0,A01,138Â 209Â 202,1.0
1010016,201900051547,10,28,17:30,2,1,1,1.0,3.0,64335,SAULT DE NAVAILLES DE,M,"43,3470347"," -0,4359556",64,2019,70.0,1.0,1.0,3.0,2258626,1.0,1,4,1,5.0,,-1.0,0,1956.0,A01,138Â 209Â 202,1.0,0.0,-1.0,1724031,2.0,7,,0.0,2.0,1.0,B01,138Â 209Â 203,1.0
1010016,201900051547,10,28,17:30,2,1,1,1.0,3.0,64335,SAULT DE NAVAILLES DE,M,"43,3470347"," -0,4359556",64,2019,70.0,1.0,1.0,3.0,2258627,1.0,1,4,1,5.0,,-1.0,0,1986.0,B01,138Â 209Â 203,1.0,0.0,-1.0,1724030,2.0,7,,0.0,2.0,7.0,A01,138Â 209Â 202,1.0
1010016,201900051547,10,28,17:30,2,1,1,1.0,3.0,64335,SAULT DE NAVAILLES DE,M,"43,3470347"," -0,4359556",64,2019,70.0,1.0,1.0,3.0,2258627,1.0,1,4,1,5.0,,-1.0,0,1986.0,B01,138Â 209Â 203,1.0,0.0,-1.0,1724031,2.0,7,,0.0,2.0,1.0,B01,138Â 209Â 203,1.0
1010017,201900051548,10,28,17:35,1,2,1,1.0,3.0,64445,ROGER SALENGRO,M,"43,3154940"," -0,3267532",64,2019,50.0,1.0,1.0,4.0,2258628,1.0,1,1,1,1.0,,-1.0,0,1996.0,A01,138Â 209Â 200,1.0,8.0,-1.0,1724032,3.0,7,,0.0,2.0,8.0,A01,138Â 209Â 200,1.0
1010017,201900051548,10,28,17:35,1,2,1,1.0,3.0,64445,ROGER SALENGRO,M,"43,3154940"," -0,3267532",64,2019,50.0,1.0,1.0,4.0,2258628,1.0,1,1,1,1.0,,-1.0,0,1996.0,A01,138Â 209Â 200,1.0,8.0,-1.0,1724033,3.0,33,,0.0,2.0,1.0,B01,138Â 209Â 201,1.0
1010017,201900051548,10,28,17:35,1,2,1,1.0,3.0,64445,ROGER SALENGRO,M,"43,3154940"," -0,3267532",64,2019,50.0,1.0,1.0,4.0,2258629,1.0,1,4,1,1.0,,-1.0,0,1990.0,B01,138Â 209Â 201,2.0,8.0,-1.0,1724032,3.0,7,,0.0,2.0,8.0,A01,138Â 209Â 200,1.0
1010017,201900051548,10,28,17:35,1,2,1,1.0,3.0,64445,ROGER SALENGRO,M,"43,3154940"," -0,3267532",64,2019,50.0,1.0,1.0,4.0,2258629,1.0,1,4,1,1.0,,-1.0,0,1990.0,B01,138Â 209Â 201,2.0,8.0,-1.0,1724033,3.0,33,,0.0,2.0,1.0,B01,138Â 209Â 201,1.0
1010018,201900051549,10,27,20:45,5,2,1,1.0,3.0,64102,SOULT (AVENUE MARECHAL),M,"43,4872105"," -1,4851292",64,2019,50.0,1.0,1.0,3.0,2258630,1.0,1,4,1,5.0,,-1.0,0,1994.0,B01,138Â 209Â 198,2.0,6.0,-1.0,1724034,2.0,32,,0.0,2.0,1.0,B01,138Â 209Â 198,1.0
1010018,201900051549,10,27,20:45,5,2,1,1.0,3.0,64102,SOULT (AVENUE MARECHAL),M,"43,4872105"," -1,4851292",64,2019,50.0,1.0,1.0,3.0,2258630,1.0,1,4,1,5.0,,-1.0,0,1994.0,B01,138Â 209Â 198,2.0,6.0,-1.0,1724035,2.0,7,,0.0,2.0,2.0,A01,138Â 209Â 199,1.0
1010018,201900051549,10,27,20:45,5,2,1,1.0,3.0,64102,SOULT (AVENUE MARECHAL),M,"43,4872105"," -1,4851292",64,2019,50.0,1.0,1.0,3.0,2258631,1.0,1,1,2,5.0,,-1.0,0,2001.0,A01,138Â 209Â 199,1.0,0.0,-1.0,1724034,2.0,32,,0.0,2.0,1.0,B01,138Â 209Â 198,1.0
1010018,201900051549,10,27,20:45,5,2,1,1.0,3.0,64102,SOULT (AVENUE MARECHAL),M,"43,4872105"," -1,4851292",64,2019,50.0,1.0,1.0,3.0,2258631,1.0,1,1,2,5.0,,-1.0,0,2001.0,A01,138Â 209Â 199,1.0,0.0,-1.0,1724035,2.0,7,,0.0,2.0,2.0,A01,138Â 209Â 199,1.0
1010019,201900051550,10,17,18:00,1,2,1,1.0,6.0,62215,RUE DE TOULOUSE,M,"50,4402600","2,8434500",62,2019,30.0,1.0,1.0,4.0,2258632,10.0,3,3,1,5.0,,1.0,3,2014.0,A01,138Â 209Â 195,8.0,0.0,-1.0,1724036,2.0,7,,0.0,1.0,2.0,A01,138Â 209Â 195,1.0
1010019,201900051550,10,17,18:00,1,2,1,1.0,6.0,62215,RUE DE TOULOUSE,M,"50,4402600","2,8434500",62,2019,30.0,1.0,1.0,4.0,2258633,1.0,1,1,2,5.0,,0.0,0,1999.0,A01,138Â 209Â 195,1.0,0.0,-1.0,1724036,2.0,7,,0.0,1.0,2.0,A01,138Â 209Â 195,1.0
1010020,201900051551,10,25,09:30,1,2,1,1.0,6.0,60463,PAIX (RUE DE LA),M,"49,2755800","2,4650200",60,2019,50.0,1.0,1.0,4.0,2258634,1.0,1,1,2,9.0,,-1.0,0,1981.0,A01,138Â 209Â 194,1.0,8.0,-1.0,1724037,3.0,7,,0.0,1.0,1.0,A01,138Â 209Â 194,1.0
1010020,201900051551,10,25,09:30,1,2,1,1.0,6.0,60463,PAIX (RUE DE LA),M,"49,2755800","2,4650200",60,2019,50.0,1.0,1.0,4.0,2258635,10.0,3,3,1,0.0,,3.0,3,1942.0,A01,138Â 209Â 194,0.0,-1.0,-1.0,1724037,3.0,7,,0.0,1.0,1.0,A01,138Â 209Â 194,1.0
1010021,201900051552,10,28,14:00,1,2,2,1.0,3.0,59009,TRADITION RUE DE LA,M,"50,6146800","3,1421600",59,2019,50.0,1.0,1.0,4.0,2258636,1.0,1,1,1,0.0,,-1.0, -1,1987.0,A01,138Â 209Â 190,1.0,0.0,-1.0,1724038,3.0,7,,0.0,2.0,2.0,A01,138Â 209Â 190,1.0
1010021,201900051552,10,28,14:00,1,2,2,1.0,3.0,59009,TRADITION RUE DE LA,M,"50,6146800","3,1421600",59,2019,50.0,1.0,1.0,4.0,2258636,1.0,1,1,1,0.0,,-1.0, -1,1987.0,A01,138Â 209Â 190,1.0,0.0,-1.0,1724039,3.0,2,,0.0,2.0,8.0,B01,138Â 209Â 191,3.0
1010021,201900051552,10,28,14:00,1,2,2,1.0,3.0,59009,TRADITION RUE DE LA,M,"50,6146800","3,1421600",59,2019,50.0,1.0,1.0,4.0,2258637,1.0,1,4,1,1.0,,-1.0, -1,1979.0,B01,138Â 209Â 191,2.0,6.0,-1.0,1724038,3.0,7,,0.0,2.0,2.0,A01,138Â 209Â 190,1.0
1010021,201900051552,10,28,14:00,1,2,2,1.0,3.0,59009,TRADITION RUE DE LA,M,"50,6146800","3,1421600",59,2019,50.0,1.0,1.0,4.0,2258637,1.0,1,4,1,1.0,,-1.0, -1,1979.0,B01,138Â 209Â 191,2.0,6.0,-1.0,1724039,3.0,2,,0.0,2.0,8.0,B01,138Â 209Â 191,3.0
1010022,201900051553,10,21,20:45,5,2,2,1.0,3.0,59560,GONDECOURT RUE DE,M,"50,5432959","3,0223829",59,2019,50.0,1.0,1.0,7.0,2258638,1.0,1,1,1,4.0,,-1.0,0,1977.0,B01,138Â 209Â 188,1.0,0.0,-1.0,1724040,3.0,37,1.0,0.0,2.0,1.0,B01,138Â 209Â 188,1.0
1010022,201900051553,10,21,20:45,5,2,2,1.0,3.0,59560,GONDECOURT RUE DE,M,"50,5432959","3,0223829",59,2019,50.0,1.0,1.0,7.0,2258638,1.0,1,1,1,4.0,,-1.0,0,1977.0,B01,138Â 209Â 188,1.0,0.0,-1.0,1724041,3.0,34,,0.0,2.0,8.0,A01,138Â 209Â 189,1.0
1010022,201900051553,10,21,20:45,5,2,2,1.0,3.0,59560,GONDECOURT RUE DE,M,"50,5432959","3,0223829",59,2019,50.0,1.0,1.0,7.0,2258639,1.0,1,4,1,9.0,,-1.0,0,1986.0,A01,138Â 209Â 189,8.0,0.0,-1.0,1724040,3.0,37,1.0,0.0,2.0,1.0,B01,138Â 209Â 188,1.0
1010022,201900051553,10,21,20:45,5,2,2,1.0,3.0,59560,GONDECOURT RUE DE,M,"50,5432959","3,0223829",59,2019,50.0,1.0,1.0,7.0,2258639,1.0,1,4,1,9.0,,-1.0,0,1986.0,A01,138Â 209Â 189,8.0,0.0,-1.0,1724041,3.0,34,,0.0,2.0,8.0,A01,138Â 209Â 189,1.0
1010023,201900051554,10,24,15:25,1,2,3,1.0,1.0,54274,CARNOT (RUE),M,"48,6718370","6,2049360",54,2019,50.0,1.0,1.0,4.0,2258640,1.0,1,4,2,0.0,,-1.0, -1,1978.0,B01,138Â 209Â 186,1.0,0.0,-1.0,1724042,1.0,7,,0.0,2.0,3.0,B01,138Â 209Â 186,1.0
1010023,201900051554,10,24,15:25,1,2,3,1.0,1.0,54274,CARNOT (RUE),M,"48,6718370","6,2049360",54,2019,50.0,1.0,1.0,4.0,2258640,1.0,1,4,2,0.0,,-1.0, -1,1978.0,B01,138Â 209Â 186,1.0,0.0,-1.0,1724043,1.0,7,,0.0,2.0,1.0,A01,138Â 209Â 187,1.0
1010023,201900051554,10,24,15:25,1,2,3,1.0,1.0,54274,CARNOT (RUE),M,"48,6718370","6,2049360",54,2019,50.0,1.0,1.0,4.0,2258641,1.0,1,1,1,0.0,,-1.0,0,1981.0,A01,138Â 209Â 187,1.0,0.0,-1.0,1724042,1.0,7,,0.0,2.0,3.0,B01,138Â 209Â 186,1.0