Unnamed: 0_x,num_acc,mois,jour,hrmn,lum,agg,int,atm,col,com,adr,gps,lat,long,dep,annee,vma,situ,surf,catr,Unnamed: 0_y,place,catu,grav,sexe,trajet,secu,locp,actp,an_nais,num_veh_x,id_vehicule_x,secu1,secu2,secu3,Unnamed: 0,senc,catv,occutc,obs,obsm,choc,num_veh_y,id_vehicule_y,motor
1010023,201900051554,10,24,15:25,1,2,3,1.0,1.0,54274,CARNOT (RUE),M,"48,6718370","6,2049360",54,2019,50.0,1.0,1.0,4.0,2258641,1.0,1,1,1,0.0,,-1.0,0,1981.0,A01,138Â 209Â 187,1.0,0.0,-1.0,1724043,1.0,7,,0.0,2.0,1.0,A01,138Â 209Â 187,1.0
1010024,201900051555,10,23,17:00,1,2,1,1.0,7.0,54395,VINGTIEME CORPS (AVENUE DU),M,"48,6975300","6,1989200",54,2019,50.0,1.0,1.0,4.0,2258642,10.0,3,4,2,1.0,,1.0,3,1998.0,Z01,138Â 209Â 185,8.0,0.0,-1.0,1724044,1.0,0,,0.0,1.0,3.0,Z01,138Â 209Â 185,0.0
1010025,201900051556,10,23,15:40,1,2,4,1.0,3.0,54323,GIRAUD (PLACE),M,"49,5149000","5,7688100",54,2019,50.0,1.0,1.0,4.0,2258643,1.0,1,1,1,3.0,,-1.0,0,1945.0,A01,138Â 209Â 183,1.0,5.0,-1.0,1724045,3.0,7,,0.0,2.0,3.0,A01,138Â 209Â 183,1.0
1010025,201900051556,10,23,15:40,1,2,4,1.0,3.0,54323,GIRAUD (PLACE),M,"49,5149000","5,7688100",54,2019,50.0,1.0,1.0,4.0,2258643,1.0,1,1,1,3.0,,-1.0,0,1945.0,A01,138Â 209Â 183,1.0,5.0,-1.0,1724046,3.0,7,,0.0,2.0,2.0,B01,138Â 209Â 184,1.0
1010025,201900051556,10,23,15:40,1,2,4,1.0,3.0,54323,GIRAUD (PLACE),M,"49,5149000","5,7688100",54,2019,50.0,1.0,1.0,4.0,2258644,1.0,1,4,1,5.0,,-1.0,0,1931.0,B01,138Â 209Â 184,1.0,5.0,-1.0,1724045,3.0,7,,0.0,2.0,3.0,A01,138Â 209Â 183,1.0
1010025,201900051556,10,23,15:40,1,2,4,1.0,3.0,54323,GIRAUD (PLACE),M,"49,5149000","5,7688100",54,2019,50.0,1.0,1.0,4.0,2258644,1.0,1,4,1,5.0,,-1.0,0,1931.0,B01,138Â 209Â 184,1.0,5.0,-1.0,1724046,3.0,7,,0.0,2.0,2.0,B01,138Â 209Â 184,1.0
1010026,201900051557,10,27,13:00,1,2,1,2.0,3.0,49007,BIRGE BOULEVARD,M,"47,4811400"," -0,5221200",49,2019,60.0,1.0,2.0,4.0,2258645,1.0,1,4,1,0.0,,-1.0, -1,1995.0,A01,138Â 209Â 181,2.0,8.0,-1.0,1724047,1.0,33,,0.0,2.0,9.0,A01,138Â 209Â 181,1.0
1010026,201900051557,10,27,13:00,1,2,1,2.0,3.0,49007,BIRGE BOULEVARD,M,"47,4811400"," -0,5221200",49,2019,60.0,1.0,2.0,4.0,2258645,1.0,1,4,1,0.0,,-1.0, -1,1995.0,A01,138Â 209Â 181,2.0,8.0,-1.0,1724048,1.0,7,,0.0,2.0,8.0,B01,138Â 209Â 182,1.0
1010026,201900051557,10,27,13:00,1,2,1,2.0,3.0,49007,BIRGE BOULEVARD,M,"47,4811400"," -0,5221200",49,2019,60.0,1.0,2.0,4.0,2258646,1.0,1,1,1,0.0,,-1.0, -1,1978.0,B01,138Â 209Â 182,1.0,8.0,-1.0,1724047,1.0,33,,0.0,2.0,9.0,A01,138Â 209Â 181,1.0
1010026,201900051557,10,27,13:00,1,2,1,2.0,3.0,49007,BIRGE BOULEVARD,M,"47,4811400"," -0,5221200",49,2019,60.0,1.0,2.0,4.0,2258646,1.0,1,1,1,0.0,,-1.0, -1,1978.0,B01,138Â 209Â 182,1.0,8.0,-1.0,1724048,1.0,7,,0.0,2.0,8.0,B01,138Â 209Â 182,1.0
1010027,201900051558,10,24,16:44,1,2,1,1.0,1.0,49007,PYRAMIDE ROUTE,M,"47,4519000"," -0,5222000",49,2019,60.0,1.0,1.0,4.0,2258647,1.0,1,1,2,0.0,,-1.0,0,1999.0,A01,138Â 209Â 179,1.0,8.0,-1.0,1724049,1.0,7,,0.0,2.0,1.0,A01,138Â 209Â 179,1.0
1010027,201900051558,10,24,16:44,1,2,1,1.0,1.0,49007,PYRAMIDE ROUTE,M,"47,4519000"," -0,5222000",49,2019,60.0,1.0,1.0,4.0,2258647,1.0,1,1,2,0.0,,-1.0,0,1999.0,A01,138Â 209Â 179,1.0,8.0,-1.0,1724050,1.0,2,,0.0,2.0,1.0,B01,138Â 209Â 180,1.0
1010027,201900051558,10,24,16:44,1,2,1,1.0,1.0,49007,PYRAMIDE ROUTE,M,"47,4519000"," -0,5222000",49,2019,60.0,1.0,1.0,4.0,2258648,1.0,1,4,1,0.0,,-1.0,0,1996.0,B01,138Â 209Â 180,2.0,8.0,-1.0,1724049,1.0,7,,0.0,2.0,1.0,A01,138Â 209Â 179,1.0
1010027,201900051558,10,24,16:44,1,2,1,1.0,1.0,49007,PYRAMIDE ROUTE,M,"47,4519000"," -0,5222000",49,2019,60.0,1.0,1.0,4.0,2258648,1.0,1,4,1,0.0,,-1.0,0,1996.0,B01,138Â 209Â 180,2.0,8.0,-1.0,1724050,1.0,2,,0.0,2.0,1.0,B01,138Â 209Â 180,1.0
1010028,201900051559,10,27,13:35,1,1,2,1.0,6.0,44184,BD VICTOR HUGO / RUE ARISTIDE BRIAND,M,"47,2777700"," -2,2172200",44,2019,50.0,1.0,1.0,4.0,2258649,2.0,2,4,1,5.0,,-1.0, -1,2002.0,A01,138Â 209Â 177,8.0,0.0,-1.0,1724051,3.0,30,,0.0,2.0,1.0,A01,138Â 209Â 177,1.0
1010028,201900051559,10,27,13:35,1,1,2,1.0,6.0,44184,BD VICTOR HUGO / RUE ARISTIDE BRIAND,M,"47,2777700"," -2,2172200",44,2019,50.0,1.0,1.0,4.0,2258649,2.0,2,4,1,5.0,,-1.0, -1,2002.0,A01,138Â 209Â 177,8.0,0.0,-1.0,1724052,3.0,10,,0.0,2.0,3.0,B01,138Â 209Â 178,1.0
1010028,201900051559,10,27,13:35,1,1,2,1.0,6.0,44184,BD VICTOR HUGO / RUE ARISTIDE BRIAND,M,"47,2777700"," -2,2172200",44,2019,50.0,1.0,1.0,4.0,2258650,1.0,1,1,1,5.0,,0.0,0,1998.0,B01,138Â 209Â 178,1.0,0.0,-1.0,1724051,3.0,30,,0.0,2.0,1.0,A01,138Â 209Â 177,1.0
1010028,201900051559,10,27,13:35,1,1,2,1.0,6.0,44184,BD VICTOR HUGO / RUE ARISTIDE BRIAND,M,"47,2777700"," -2,2172200",44,2019,50.0,1.0,1.0,4.0,2258650,1.0,1,1,1,5.0,,0.0,0,1998.0,B01,138Â 209Â 178,1.0,0.0,-1.0,1724052,3.0,10,,0.0,2.0,3.0,B01,138Â 209Â 178,1.0
1010029,201900051560,10,28,18:30,5,2,3,2.0,7.0,37122,CHERISY (RUE DE),M,"47,3566770","0,6892114",37,2019,50.0,1.0,2.0,4.0,2258651,1.0,1,3,1,3.0,,-1.0, -1,1989.0,A01,138Â 209Â 176,2.0,6.0,-1.0,1724053,2.0,30,,15.0,0.0,3.0,A01,138Â 209Â 176,0.0
1010030,201900051561,10,28,10:14,1,2,3,1.0,3.0,37261,MALRAUX (QUAI ANDRE),M,"47,3974432","0,6924427",37,2019,50.0,2.0,2.0,4.0,2258652,1.0,1,1,1,5.0,,-1.0, -1,1981.0,B01,138Â 209Â 174,1.0,0.0,-1.0,1724054,3.0,7,,0.0,2.0,8.0,B01,138Â 209Â 174,1.0
1010030,201900051561,10,28,10:14,1,2,3,1.0,3.0,37261,MALRAUX (QUAI ANDRE),M,"47,3974432","0,6924427",37,2019,50.0,2.0,2.0,4.0,2258652,1.0,1,1,1,5.0,,-1.0, -1,1981.0,B01,138Â 209Â 174,1.0,0.0,-1.0,1724055,3.0,7,,0.0,2.0,2.0,A01,138Â 209Â 175,1.0
1010030,201900051561,10,28,10:14,1,2,3,1.0,3.0,37261,MALRAUX (QUAI ANDRE),M,"47,3974432","0,6924427",37,2019,50.0,2.0,2.0,4.0,2258653,2.0,2,4,1,5.0,,-1.0, -1,1977.0,B01,138Â 209Â 174,1.0,0.0,-1.0,1724054,3.0,7,,0.0,2.0,8.0,B01,138Â 209Â 174,1.0
1010030,201900051561,10,28,10:14,1,2,3,1.0,3.0,37261,MALRAUX (QUAI ANDRE),M,"47,3974432","0,6924427",37,2019,50.0,2.0,2.0,4.0,2258653,2.0,2,4,1,5.0,,-1.0, -1,1977.0,B01,138Â 209Â 174,1.0,0.0,-1.0,1724055,3.0,7,,0.0,2.0,2.0,A01,138Â 209Â 175,1.0
1010030,201900051561,10,28,10:14,1,2,3,1.0,3.0,37261,MALRAUX (QUAI ANDRE),M,"47,3974432","0,6924427",37,2019,50.0,2.0,2.0,4.0,2258654,1.0,1,1,1,1.0,,-1.0, -1,1996.0,A01,138Â 209Â 175,1.0,0.0,-1.0,1724054,3.0,7,,0.0,2.0,8.0,B01,138Â 209Â 174,1.0
1010030,201900051561,10,28,10:14,1,2,3,1.0,3.0,37261,MALRAUX (QUAI ANDRE),M,"47,3974432","0,6924427",37,2019,50.0,2.0,2.0,4.0,2258654,1.0,1,1,1,1.0,,-1.0, -1,1996.0,A01,138Â 209Â 175,1.0,0.0,-1.0,1724055,3.0,7,,0.0,2.0,2.0,A01,138Â 209Â 175,1.0
1010031,201900051562,10,28,19:50,3,1,1,2.0,3.0,35051,PIED (LIEU-DIT MOUILLE),M,"48,1181280"," -1,5654670",35,2019,80.0,1.0,2.0,4.0,2258655,1.0,1,4,1,4.0,,-1.0,0,1964.0,B01,138Â 209Â 172,1.0,0.0,-1.0,1724056,3.0,7,,0.0,2.0,1.0,B01,138Â 209Â 172,1.0
1010031,201900051562,10,28,19:50,3,1,1,2.0,3.0,35051,PIED (LIEU-DIT MOUILLE),M,"48,1181280"," -1,5654670",35,2019,80.0,1.0,2.0,4.0,2258655,1.0,1,4,1,4.0,,-1.0,0,1964.0,B01,138Â 209Â 172,1.0,0.0,-1.0,1724057,3.0,7,,0.0,2.0,5.0,A01,138Â 209Â 173,1.0
1010031,201900051562,10,28,19:50,3,1,1,2.0,3.0,35051,PIED (LIEU-DIT MOUILLE),M,"48,1181280"," -1,5654670",35,2019,80.0,1.0,2.0,4.0,2258656,1.0,1,4,2,1.0,,-1.0, -1,1996.0,A01,138Â 209Â 173,1.0,0.0,-1.0,1724056,3.0,7,,0.0,2.0,1.0,B01,138Â 209Â 172,1.0
1010031,201900051562,10,28,19:50,3,1,1,2.0,3.0,35051,PIED (LIEU-DIT MOUILLE),M,"48,1181280"," -1,5654670",35,2019,80.0,1.0,2.0,4.0,2258656,1.0,1,4,2,1.0,,-1.0, -1,1996.0,A01,138Â 209Â 173,1.0,0.0,-1.0,1724057,3.0,7,,0.0,2.0,5.0,A01,138Â 209Â 173,1.0
1010032,201900051563,10,28,09:30,1,2,6,2.0,3.0,35238,MOUNIER (BD EMMANUEL),M,"48,1245000"," -1,6619000",35,2019,50.0,1.0,2.0,4.0,2258657,1.0,1,4,1,1.0,,-1.0, -1,1997.0,A01,138Â 209Â 170,2.0,0.0,-1.0,1724058,0.0,50,,0.0,2.0,2.0,A01,138Â 209Â 170,3.0
1010032,201900051563,10,28,09:30,1,2,6,2.0,3.0,35238,MOUNIER (BD EMMANUEL),M,"48,1245000"," -1,6619000",35,2019,50.0,1.0,2.0,4.0,2258657,1.0,1,4,1,1.0,,-1.0, -1,1997.0,A01,138Â 209Â 170,2.0,0.0,-1.0,1724059,3.0,7,,0.0,2.0,3.0,B01,138Â 209Â 171,1.0
1010032,201900051563,10,28,09:30,1,2,6,2.0,3.0,35238,MOUNIER (BD EMMANUEL),M,"48,1245000"," -1,6619000",35,2019,50.0,1.0,2.0,4.0,2258658,1.0,1,1,1,3.0,,-1.0,0,1952.0,B01,138Â 209Â 171,1.0,0.0,-1.0,1724058,0.0,50,,0.0,2.0,2.0,A01,138Â 209Â 170,3.0
1010032,201900051563,10,28,09:30,1,2,6,2.0,3.0,35238,MOUNIER (BD EMMANUEL),M,"48,1245000"," -1,6619000",35,2019,50.0,1.0,2.0,4.0,2258658,1.0,1,1,1,3.0,,-1.0,0,1952.0,B01,138Â 209Â 171,1.0,0.0,-1.0,1724059,3.0,7,,0.0,2.0,3.0,B01,138Â 209Â 171,1.0
1010033,201900051564,10,13,22:25,5,2,1,1.0,6.0,33119,CRS DE VERDUN,M,"44,8517000"," -0,5379000",33,2019,50.0,1.0,1.0,4.0,2258659,10.0,3,4,2,0.0,,1.0,9,1964.0,Z01,138Â 209Â 169,8.0,0.0,-1.0,1724060,2.0,7,,0.0,1.0,0.0,Z01,138Â 209Â 169,1.0
1010034,201900051565,10,17,15:45,1,2,1,1.0,3.0,33063,RUE D'ARMAGNAC,M,"44,8213400"," -0,5516300",33,2019,50.0,1.0,1.0,4.0,2258660,1.0,1,1,1,0.0,,-1.0, -1,1981.0,A01,138Â 209Â 167,8.0,0.0,-1.0,1724061,2.0,7,,0.0,2.0,8.0,A01,138Â 209Â 167,1.0
1010034,201900051565,10,17,15:45,1,2,1,1.0,3.0,33063,RUE D'ARMAGNAC,M,"44,8213400"," -0,5516300",33,2019,50.0,1.0,1.0,4.0,2258660,1.0,1,1,1,0.0,,-1.0, -1,1981.0,A01,138Â 209Â 167,8.0,0.0,-1.0,1724062,2.0,33,,0.0,2.0,1.0,B01,138Â 209Â 168,1.0
1010034,201900051565,10,17,15:45,1,2,1,1.0,3.0,33063,RUE D'ARMAGNAC,M,"44,8213400"," -0,5516300",33,2019,50.0,1.0,1.0,4.0,2258661,1.0,1,4,1,0.0,,-1.0, -1,1989.0,B01,138Â 209Â 168,2.0,0.0,-1.0,1724061,2.0,7,,0.0,2.0,8.0,A01,138Â 209Â 167,1.0
1010034,201900051565,10,17,15:45,1,2,1,1.0,3.0,33063,RUE D'ARMAGNAC,M,"44,8213400"," -0,5516300",33,2019,50.0,1.0,1.0,4.0,2258661,1.0,1,4,1,0.0,,-1.0, -1,1989.0,B01,138Â 209Â 168,2.0,0.0,-1.0,1724062,2.0,33,,0.0,2.0,1.0,B01,138Â 209Â 168,1.0
1010035,201900051566,10,27,21:00,5,2,2,1.0,3.0,33249,Rue Joachim du BELLAY,M,"44,8731900"," -0,5118900",33,2019,50.0,1.0,1.0,4.0,2258662,1.0,1,4,1,0.0,,-1.0, -1,2005.0,B01,138Â 209Â 165,8.0,0.0,-1.0,1724063,1.0,2,,0.0,2.0,0.0,B01,138Â 209Â 165,0.0
1010035,201900051566,10,27,21:00,5,2,2,1.0,3.0,33249,Rue Joachim du BELLAY,M,"44,8731900"," -0,5118900",33,2019,50.0,1.0,1.0,4.0,2258662,1.0,1,4,1,0.0,,-1.0, -1,2005.0,B01,138Â 209Â 165,8.0,0.0,-1.0,1724064,2.0,7,,0.0,2.0,0.0,A01,138Â 209Â 166,1.0
1010035,201900051566,10,27,21:00,5,2,2,1.0,3.0,33249,Rue Joachim du BELLAY,M,"44,8731900"," -0,5118900",33,2019,50.0,1.0,1.0,4.0,2258663,1.0,1,1,2,0.0,,-1.0, -1,1990.0,A01,138Â 209Â 166,8.0,0.0,-1.0,1724063,1.0,2,,0.0,2.0,0.0,B01,138Â 209Â 165,0.0
1010035,201900051566,10,27,21:00,5,2,2,1.0,3.0,33249,Rue Joachim du BELLAY,M,"44,8731900"," -0,5118900",33,2019,50.0,1.0,1.0,4.0,2258663,1.0,1,1,2,0.0,,-1.0, -1,1990.0,A01,138Â 209Â 166,8.0,0.0,-1.0,1724064,2.0,7,,0.0,2.0,0.0,A01,138Â 209Â 166,1.0
1010036,201900051567,10,27,18:50,5,1,1,1.0,4.0,31555,VA007331 A620,M,"43,6488000","1,4217400",31,2019,90.0,1.0,1.0,1.0,2258664,1.0,1,1,1,9.0,,-1.0,0,1972.0,C01,138Â 209Â 162,1.0,8.0,-1.0,1724065,1.0,7,,0.0,2.0,4.0,C01,138Â 209Â 162,1.0
1010036,201900051567,10,27,18:50,5,1,1,1.0,4.0,31555,VA007331 A620,M,"43,6488000","1,4217400",31,2019,90.0,1.0,1.0,1.0,2258664,1.0,1,1,1,9.0,,-1.0,0,1972.0,C01,138Â 209Â 162,1.0,8.0,-1.0,1724066,1.0,7,,0.0,2.0,4.0,B01,138Â 209Â 163,1.0
1010036,201900051567,10,27,18:50,5,1,1,1.0,4.0,31555,VA007331 A620,M,"43,6488000","1,4217400",31,2019,90.0,1.0,1.0,1.0,2258664,1.0,1,1,1,9.0,,-1.0,0,1972.0,C01,138Â 209Â 162,1.0,8.0,-1.0,1724067,1.0,7,,0.0,2.0,1.0,A01,138Â 209Â 164,1.0
1010036,201900051567,10,27,18:50,5,1,1,1.0,4.0,31555,VA007331 A620,M,"43,6488000","1,4217400",31,2019,90.0,1.0,1.0,1.0,2258665,2.0,2,4,2,5.0,,-1.0,0,1995.0,B01,138Â 209Â 163,1.0,8.0,-1.0,1724065,1.0,7,,0.0,2.0,4.0,C01,138Â 209Â 162,1.0
1010036,201900051567,10,27,18:50,5,1,1,1.0,4.0,31555,VA007331 A620,M,"43,6488000","1,4217400",31,2019,90.0,1.0,1.0,1.0,2258665,2.0,2,4,2,5.0,,-1.0,0,1995.0,B01,138Â 209Â 163,1.0,8.0,-1.0,1724066,1.0,7,,0.0,2.0,4.0,B01,138Â 209Â 163,1.0
1010036,201900051567,10,27,18:50,5,1,1,1.0,4.0,31555,VA007331 A620,M,"43,6488000","1,4217400",31,2019,90.0,1.0,1.0,1.0,2258665,2.0,2,4,2,5.0,,-1.0,0,1995.0,B01,138Â 209Â 163,1.0,8.0,-1.0,1724067,1.0,7,,0.0,2.0,1.0,A01,138Â 209Â 164,1.0
1010036,201900051567,10,27,18:50,5,1,1,1.0,4.0,31555,VA007331 A620,M,"43,6488000","1,4217400",31,2019,90.0,1.0,1.0,1.0,2258666,1.0,1,1,1,5.0,,-1.0,0,1995.0,B01,138Â 209Â 163,1.0,7.0,-1.0,1724065,1.0,7,,0.0,2.0,4.0,C01,138Â 209Â 162,1.0
1010036,201900051567,10,27,18:50,5,1,1,1.0,4.0,31555,VA007331 A620,M,"43,6488000","1,4217400",31,2019,90.0,1.0,1.0,1.0,2258666,1.0,1,1,1,5.0,,-1.0,0,1995.0,B01,138Â 209Â 163,1.0,7.0,-1.0,1724066,1.0,7,,0.0,2.0,4.0,B01,138Â 209Â 163,1.0
1010036,201900051567,10,27,18:50,5,1,1,1.0,4.0,31555,VA007331 A620,M,"43,6488000","1,4217400",31,2019,90.0,1.0,1.0,1.0,2258666,1.0,1,1,1,5.0,,-1.0,0,1995.0,B01,138Â 209Â 163,1.0,7.0,-1.0,1724067,1.0,7,,0.0,2.0,1.0,A01,138Â 209Â 164,1.0
1010036,201900051567,10,27,18:50,5,1,1,1.0,4.0,31555,VA007331 A620,M,"43,6488000","1,4217400",31,2019,90.0,1.0,1.0,1.0,2258667,4.0,2,1,2,4.0,,-1.0,0,2008.0,A01,138Â 209Â 164,1.0,8.0,-1.0,1724065,1.0,7,,0.0,2.0,4.0,C01,138Â 209Â 162,1.0
1010036,201900051567,10,27,18:50,5,1,1,1.0,4.0,31555,VA007331 A620,M,"43,6488000","1,4217400",31,2019,90.0,1.0,1.0,1.0,2258667,4.0,2,1,2,4.0,,-1.0,0,2008.0,A01,138Â 209Â 164,1.0,8.0,-1.0,1724066,1.0,7,,0.0,2.0,4.0,B01,138Â 209Â 163,1.0
1010036,201900051567,10,27,18:50,5,1,1,1.0,4.0,31555,VA007331 A620,M,"43,6488000","1,4217400",31,2019,90.0,1.0,1.0,1.0,2258667,4.0,2,1,2,4.0,,-1.0,0,2008.0,A01,138Â 209Â 164,1.0,8.0,-1.0,1724067,1.0,7,,0.0,2.0,1.0,A01,138Â 209Â 164,1.0
1010036,201900051567,10,27,18:50,5,1,1,1.0,4.0,31555,VA007331 A620,M,"43,6488000","1,4217400",31,2019,90.0,1.0,1.0,1.0,2258668,3.0,2,1,1,5.0,,-1.0,0,2012.0,A01,138Â 209Â 164,1.0,8.0,-1.0,1724065,1.0,7,,0.0,2.0,4.0,C01,138Â 209Â 162,1.0
1010036,201900051567,10,27,18:50,5,1,1,1.0,4.0,31555,VA007331 A620,M,"43,6488000","1,4217400",31,2019,90.0,1.0,1.0,1.0,2258668,3.0,2,1,1,5.0,,-1.0,0,2012.0,A01,138Â 209Â 164,1.0,8.0,-1.0,1724066,1.0,7,,0.0,2.0,4.0,B01,138Â 209Â 163,1.0
1010036,201900051567,10,27,18:50,5,1,1,1.0,4.0,31555,VA007331 A620,M,"43,6488000","1,4217400",31,2019,90.0,1.0,1.0,1.0,2258668,3.0,2,1,1,5.0,,-1.0,0,2012.0,A01,138Â 209Â 164,1.0,8.0,-1.0,1724067,1.0,7,,0.0,2.0,1.0,A01,138Â 209Â 164,1.0
1010036,201900051567,10,27,18:50,5,1,1,1.0,4.0,31555,VA007331 A620,M,"43,6488000","1,4217400",31,2019,90.0,1.0,1.0,1.0,2258669,2.0,2,4,1,5.0,,-1.0,0,2010.0,A01,138Â 209Â 164,1.0,8.0,-1.0,1724065,1.0,7,,0.0,2.0,4.0,C01,138Â 209Â 162,1.0
1010036,201900051567,10,27,18:50,5,1,1,1.0,4.0,31555,VA007331 A620,M,"43,6488000","1,4217400",31,2019,90.0,1.0,1.0,1.0,2258669,2.0,2,4,1,5.0,,-1.0,0,2010.0,A01,138Â 209Â 164,1.0,8.0,-1.0,1724066,1.0,7,,0.0,2.0,4.0,B01,138Â 209Â 163,1.0
1010036,201900051567,10,27,18:50,5,1,1,1.0,4.0,31555,VA007331 A620,M,"43,6488000","1,4217400",31,2019,90.0,1.0,1.0,1.0,2258669,2.0,2,4,1,5.0,,-1.0,0,2010.0,A01,138Â 209Â 164,1.0,8.0,-1.0,1724067,1.0,7,,0.0,2.0,1.0,A01,138Â 209Â 164,1.0
1010036,201900051567,10,27,18:50,5,1,1,1.0,4.0,31555,VA007331 A620,M,"43,6488000","1,4217400",31,2019,90.0,1.0,1.0,1.0,2258670,1.0,1,1,2,5.0,,-1.0,0,1985.0,A01,138Â 209Â 164,1.0,8.0,-1.0,1724065,1.0,7,,0.0,2.0,4.0,C01,138Â 209Â 162,1.0
1010036,201900051567,10,27,18:50,5,1,1,1.0,4.0,31555,VA007331 A620,M,"43,6488000","1,4217400",31,2019,90.0,1.0,1.0,1.0,2258670,1.0,1,1,2,5.0,,-1.0,0,1985.0,A01,138Â 209Â 164,1.0,8.0,-1.0,1724066,1.0,7,,0.0,2.0,4.0,B01,138Â 209Â 163,1.0
1010036,201900051567,10,27,18:50,5,1,1,1.0,4.0,31555,VA007331 A620,M,"43,6488000","1,4217400",31,2019,90.0,1.0,1.0,1.0,2258670,1.0,1,1,2,5.0,,-1.0,0,1985.0,A01,138Â 209Â 164,1.0,8.0,-1.0,1724067,1.0,7,,0.0,2.0,1.0,A01,138Â 209Â 164,1.0
1010037,201900051568,10,27,05:45,4,1,1,1.0,2.0,31555,VA007331 A620,M,"43,5986400","1,3972500",31,2019,90.0,1.0,1.0,1.0,2258671,1.0,1,4,1,0.0,,-1.0, -1,1974.0,B01,138Â 209Â 161,1.0,0.0,-1.0,1724068,1.0,7,,0.0,2.0,1.0,A01,138Â 209Â 160,1.0
1010037,201900051568,10,27,05:45,4,1,1,1.0,2.0,31555,VA007331 A620,M,"43,5986400","1,3972500",31,2019,90.0,1.0,1.0,1.0,2258671,1.0,1,4,1,0.0,,-1.0, -1,1974.0,B01,138Â 209Â 161,1.0,0.0,-1.0,1724069,0.0,10,,0.0,2.0,4.0,B01,138Â 209Â 161,1.0
1010038,201900051569,10,25,20:00,2,2,1,1.0,1.0,31555,CHE DE RISPET,M,"43,6479100","1,4422000",31,2019,50.0,1.0,1.0,3.0,2258672,1.0,1,1,1,0.0,,-1.0, -1,1969.0,B01,138Â 209Â 158,1.0,0.0,-1.0,1724070,1.0,7,,0.0,2.0,1.0,B01,138Â 209Â 158,1.0
1010038,201900051569,10,25,20:00,2,2,1,1.0,1.0,31555,CHE DE RISPET,M,"43,6479100","1,4422000",31,2019,50.0,1.0,1.0,3.0,2258672,1.0,1,1,1,0.0,,-1.0, -1,1969.0,B01,138Â 209Â 158,1.0,0.0,-1.0,1724071,0.0,2,,0.0,2.0,1.0,A01,138Â 209Â 159,1.0
1010038,201900051569,10,25,20:00,2,2,1,1.0,1.0,31555,CHE DE RISPET,M,"43,6479100","1,4422000",31,2019,50.0,1.0,1.0,3.0,2258673,1.0,1,3,1,0.0,,-1.0, -1,1991.0,A01,138Â 209Â 159,2.0,0.0,-1.0,1724070,1.0,7,,0.0,2.0,1.0,B01,138Â 209Â 158,1.0
1010038,201900051569,10,25,20:00,2,2,1,1.0,1.0,31555,CHE DE RISPET,M,"43,6479100","1,4422000",31,2019,50.0,1.0,1.0,3.0,2258673,1.0,1,3,1,0.0,,-1.0, -1,1991.0,A01,138Â 209Â 159,2.0,0.0,-1.0,1724071,0.0,2,,0.0,2.0,1.0,A01,138Â 209Â 159,1.0
1010039,201900051570,10,28,17:30,1,2,1,1.0,3.0,17300,MOITESSIER  PLACE BERNARD,M,"46,1488500"," -1,1510700",17,2019,30.0,1.0,1.0,4.0,2258674,1.0,1,4,2,2.0,,-1.0, -1,1997.0,B01,138Â 209Â 156,2.0,0.0,-1.0,1724072,3.0,1,,0.0,2.0,8.0,B01,138Â 209Â 156,5.0
1010039,201900051570,10,28,17:30,1,2,1,1.0,3.0,17300,MOITESSIER  PLACE BERNARD,M,"46,1488500"," -1,1510700",17,2019,30.0,1.0,1.0,4.0,2258674,1.0,1,4,2,2.0,,-1.0, -1,1997.0,B01,138Â 209Â 156,2.0,0.0,-1.0,1724073,3.0,7,,0.0,2.0,3.0,A01,138Â 209Â 157,1.0
1010039,201900051570,10,28,17:30,1,2,1,1.0,3.0,17300,MOITESSIER  PLACE BERNARD,M,"46,1488500"," -1,1510700",17,2019,30.0,1.0,1.0,4.0,2258675,1.0,1,1,1,0.0,,-1.0, -1,1995.0,A01,138Â 209Â 157,1.0,0.0,-1.0,1724072,3.0,1,,0.0,2.0,8.0,B01,138Â 209Â 156,5.0
1010039,201900051570,10,28,17:30,1,2,1,1.0,3.0,17300,MOITESSIER  PLACE BERNARD,M,"46,1488500"," -1,1510700",17,2019,30.0,1.0,1.0,4.0,2258675,1.0,1,1,1,0.0,,-1.0, -1,1995.0,A01,138Â 209Â 157,1.0,0.0,-1.0,1724073,3.0,7,,0.0,2.0,3.0,A01,138Â 209Â 157,1.0
1010040,201900051571,10,28,17:10,1,1,1,3.0,4.0,14101,RN 814,M,"49,1644700"," -0,4284400",14,2019,-1.0,1.0,2.0,2.0,2258676,1.0,1,1,1,-1.0,,-1.0,0,1988.0,A01,138Â 209Â 152,1.0,-1.0,-1.0,1724074,2.0,7,,0.0,2.0,1.0,A01,138Â 209Â 152,1.0
1010040,201900051571,10,28,17:10,1,1,1,3.0,4.0,14101,RN 814,M,"49,1644700"," -0,4284400",14,2019,-1.0,1.0,2.0,2.0,2258676,1.0,1,1,1,-1.0,,-1.0,0,1988.0,A01,138Â 209Â 152,1.0,-1.0,-1.0,1724075,2.0,7,,0.0,2.0,9.0,B01,138Â 209Â 153,1.0
1010040,201900051571,10,28,17:10,1,1,1,3.0,4.0,14101,RN 814,M,"49,1644700"," -0,4284400",14,2019,-1.0,1.0,2.0,2.0,2258676,1.0,1,1,1,-1.0,,-1.0,0,1988.0,A01,138Â 209Â 152,1.0,-1.0,-1.0,1724076,2.0,7,,0.0,2.0,9.0,C01,138Â 209Â 154,1.0