Unnamed: 0_x,num_acc,mois,jour,hrmn,lum,agg,int,atm,col,com,adr,gps,lat,long,dep,annee,vma,situ,surf,catr,Unnamed: 0_y,place,catu,grav,sexe,trajet,secu,locp,actp,an_nais,num_veh_x,id_vehicule_x,secu1,secu2,secu3,Unnamed: 0,senc,catv,occutc,obs,obsm,choc,num_veh_y,id_vehicule_y,motor
1010040,201900051571,10,28,17:10,1,1,1,3.0,4.0,14101,RN 814,M,"49,1644700"," -0,4284400",14,2019,-1.0,1.0,2.0,2.0,2258676,1.0,1,1,1,-1.0,,-1.0,0,1988.0,A01,138Â 209Â 152,1.0,-1.0,-1.0,1724077,2.0,7,,0.0,2.0,4.0,D01,138Â 209Â 155,1.0
1010040,201900051571,10,28,17:10,1,1,1,3.0,4.0,14101,RN 814,M,"49,1644700"," -0,4284400",14,2019,-1.0,1.0,2.0,2.0,2258677,1.0,1,4,1,-1.0,,-1.0,0,1967.0,B01,138Â 209Â 153,1.0,-1.0,-1.0,1724074,2.0,7,,0.0,2.0,1.0,A01,138Â 209Â 152,1.0
1010040,201900051571,10,28,17:10,1,1,1,3.0,4.0,14101,RN 814,M,"49,1644700"," -0,4284400",14,2019,-1.0,1.0,2.0,2.0,2258677,1.0,1,4,1,-1.0,,-1.0,0,1967.0,B01,138Â 209Â 153,1.0,-1.0,-1.0,1724075,2.0,7,,0.0,2.0,9.0,B01,138Â 209Â 153,1.0
1010040,201900051571,10,28,17:10,1,1,1,3.0,4.0,14101,RN 814,M,"49,1644700"," -0,4284400",14,2019,-1.0,1.0,2.0,2.0,2258677,1.0,1,4,1,-1.0,,-1.0,0,1967.0,B01,138Â 209Â 153,1.0,-1.0,-1.0,1724076,2.0,7,,0.0,2.0,9.0,C01,138Â 209Â 154,1.0
1010040,201900051571,10,28,17:10,1,1,1,3.0,4.0,14101,RN 814,M,"49,1644700"," -0,4284400",14,2019,-1.0,1.0,2.0,2.0,2258677,1.0,1,4,1,-1.0,,-1.0,0,1967.0,B01,138Â 209Â 153,1.0,-1.0,-1.0,1724077,2.0,7,,0.0,2.0,4.0,D01,138Â 209Â 155,1.0
1010040,201900051571,10,28,17:10,1,1,1,3.0,4.0,14101,RN 814,M,"49,1644700"," -0,4284400",14,2019,-1.0,1.0,2.0,2.0,2258678,1.0,1,1,1,-1.0,,-1.0,0,1972.0,C01,138Â 209Â 154,1.0,-1.0,-1.0,1724074,2.0,7,,0.0,2.0,1.0,A01,138Â 209Â 152,1.0
1010040,201900051571,10,28,17:10,1,1,1,3.0,4.0,14101,RN 814,M,"49,1644700"," -0,4284400",14,2019,-1.0,1.0,2.0,2.0,2258678,1.0,1,1,1,-1.0,,-1.0,0,1972.0,C01,138Â 209Â 154,1.0,-1.0,-1.0,1724075,2.0,7,,0.0,2.0,9.0,B01,138Â 209Â 153,1.0
1010040,201900051571,10,28,17:10,1,1,1,3.0,4.0,14101,RN 814,M,"49,1644700"," -0,4284400",14,2019,-1.0,1.0,2.0,2.0,2258678,1.0,1,1,1,-1.0,,-1.0,0,1972.0,C01,138Â 209Â 154,1.0,-1.0,-1.0,1724076,2.0,7,,0.0,2.0,9.0,C01,138Â 209Â 154,1.0
1010040,201900051571,10,28,17:10,1,1,1,3.0,4.0,14101,RN 814,M,"49,1644700"," -0,4284400",14,2019,-1.0,1.0,2.0,2.0,2258678,1.0,1,1,1,-1.0,,-1.0,0,1972.0,C01,138Â 209Â 154,1.0,-1.0,-1.0,1724077,2.0,7,,0.0,2.0,4.0,D01,138Â 209Â 155,1.0
1010040,201900051571,10,28,17:10,1,1,1,3.0,4.0,14101,RN 814,M,"49,1644700"," -0,4284400",14,2019,-1.0,1.0,2.0,2.0,2258679,1.0,1,1,1,-1.0,,-1.0,0,1978.0,D01,138Â 209Â 155,1.0,-1.0,-1.0,1724074,2.0,7,,0.0,2.0,1.0,A01,138Â 209Â 152,1.0
1010040,201900051571,10,28,17:10,1,1,1,3.0,4.0,14101,RN 814,M,"49,1644700"," -0,4284400",14,2019,-1.0,1.0,2.0,2.0,2258679,1.0,1,1,1,-1.0,,-1.0,0,1978.0,D01,138Â 209Â 155,1.0,-1.0,-1.0,1724075,2.0,7,,0.0,2.0,9.0,B01,138Â 209Â 153,1.0
1010040,201900051571,10,28,17:10,1,1,1,3.0,4.0,14101,RN 814,M,"49,1644700"," -0,4284400",14,2019,-1.0,1.0,2.0,2.0,2258679,1.0,1,1,1,-1.0,,-1.0,0,1978.0,D01,138Â 209Â 155,1.0,-1.0,-1.0,1724076,2.0,7,,0.0,2.0,9.0,C01,138Â 209Â 154,1.0
1010040,201900051571,10,28,17:10,1,1,1,3.0,4.0,14101,RN 814,M,"49,1644700"," -0,4284400",14,2019,-1.0,1.0,2.0,2.0,2258679,1.0,1,1,1,-1.0,,-1.0,0,1978.0,D01,138Â 209Â 155,1.0,-1.0,-1.0,1724077,2.0,7,,0.0,2.0,4.0,D01,138Â 209Â 155,1.0
1010041,201900051572,10,25,19:20,5,2,1,1.0,6.0,13077,MILLAT JOSEPH (avenue),M,"43,4134800","4,9857500",13,2019,50.0,1.0,1.0,4.0,2258680,10.0,3,4,2,5.0,,4.0,3,1959.0,A01,138Â 209Â 151,8.0,0.0,-1.0,1724078,3.0,7,,0.0,1.0,3.0,A01,138Â 209Â 151,1.0
1010041,201900051572,10,25,19:20,5,2,1,1.0,6.0,13077,MILLAT JOSEPH (avenue),M,"43,4134800","4,9857500",13,2019,50.0,1.0,1.0,4.0,2258681,10.0,3,4,2,5.0,,4.0,3,1958.0,A01,138Â 209Â 151,8.0,0.0,-1.0,1724078,3.0,7,,0.0,1.0,3.0,A01,138Â 209Â 151,1.0
1010041,201900051572,10,25,19:20,5,2,1,1.0,6.0,13077,MILLAT JOSEPH (avenue),M,"43,4134800","4,9857500",13,2019,50.0,1.0,1.0,4.0,2258682,1.0,1,1,1,5.0,,-1.0, -1,1999.0,A01,138Â 209Â 151,1.0,0.0,-1.0,1724078,3.0,7,,0.0,1.0,3.0,A01,138Â 209Â 151,1.0
1010042,201900051573,10,28,22:40,5,2,1,1.0,2.0,13211,SAINT MARCEL (BOULEVARD DE ),M,"43,2887700","5,4618300",13,2019,50.0,1.0,1.0,4.0,2258683,2.0,2,1,2,0.0,,-1.0,0,1999.0,A01,138Â 209Â 150,1.0,0.0,-1.0,1724079,2.0,7,,0.0,2.0,0.0,Z01,138Â 209Â 149,0.0
1010042,201900051573,10,28,22:40,5,2,1,1.0,2.0,13211,SAINT MARCEL (BOULEVARD DE ),M,"43,2887700","5,4618300",13,2019,50.0,1.0,1.0,4.0,2258683,2.0,2,1,2,0.0,,-1.0,0,1999.0,A01,138Â 209Â 150,1.0,0.0,-1.0,1724080,2.0,7,,0.0,2.0,2.0,A01,138Â 209Â 150,1.0
1010042,201900051573,10,28,22:40,5,2,1,1.0,2.0,13211,SAINT MARCEL (BOULEVARD DE ),M,"43,2887700","5,4618300",13,2019,50.0,1.0,1.0,4.0,2258684,1.0,1,4,2,0.0,,-1.0,0,2001.0,A01,138Â 209Â 150,1.0,8.0,-1.0,1724079,2.0,7,,0.0,2.0,0.0,Z01,138Â 209Â 149,0.0
1010042,201900051573,10,28,22:40,5,2,1,1.0,2.0,13211,SAINT MARCEL (BOULEVARD DE ),M,"43,2887700","5,4618300",13,2019,50.0,1.0,1.0,4.0,2258684,1.0,1,4,2,0.0,,-1.0,0,2001.0,A01,138Â 209Â 150,1.0,8.0,-1.0,1724080,2.0,7,,0.0,2.0,2.0,A01,138Â 209Â 150,1.0
1010043,201900051574,10,27,05:20,5,2,1,1.0,7.0,13063,MARECHAL JUIN AVENUE,M,"43,5821000","4,9965900",13,2019,50.0,1.0,1.0,4.0,2258685,2.0,2,4,2,5.0,,0.0,0,1998.0,A01,138Â 209Â 148,1.0,5.0,-1.0,1724081,1.0,7,,2.0,0.0,1.0,A01,138Â 209Â 148,1.0
1010043,201900051574,10,27,05:20,5,2,1,1.0,7.0,13063,MARECHAL JUIN AVENUE,M,"43,5821000","4,9965900",13,2019,50.0,1.0,1.0,4.0,2258686,1.0,1,4,1,5.0,,0.0,0,1997.0,A01,138Â 209Â 148,1.0,7.0,-1.0,1724081,1.0,7,,2.0,0.0,1.0,A01,138Â 209Â 148,1.0
1010044,201900051575,10,27,11:45,1,1,1,1.0,7.0,12089,ESTAQUES (LES),M,"44,5858800","2,2477600",12,2019,80.0,1.0,1.0,3.0,2258687,1.0,1,3,1,5.0,,-1.0, -1,1952.0,A01,138Â 209Â 147,2.0,-1.0,-1.0,1724082,0.0,33,,3.0,0.0,0.0,A01,138Â 209Â 147,1.0
1010045,201900051576,10,26,14:21,1,2,1,1.0,2.0,11262,LECLERC (AVENUE DU GENERAL),M,"43,1806200","3,0068800",11,2019,50.0,1.0,1.0,4.0,2258688,1.0,1,4,2,9.0,,-1.0, -1,2002.0,B01,138Â 209Â 145,0.0,0.0,-1.0,1724083,1.0,7,,0.0,2.0,4.0,B01,138Â 209Â 145,1.0
1010045,201900051576,10,26,14:21,1,2,1,1.0,2.0,11262,LECLERC (AVENUE DU GENERAL),M,"43,1806200","3,0068800",11,2019,50.0,1.0,1.0,4.0,2258688,1.0,1,4,2,9.0,,-1.0, -1,2002.0,B01,138Â 209Â 145,0.0,0.0,-1.0,1724084,1.0,30,,0.0,2.0,1.0,A01,138Â 209Â 146,1.0
1010045,201900051576,10,26,14:21,1,2,1,1.0,2.0,11262,LECLERC (AVENUE DU GENERAL),M,"43,1806200","3,0068800",11,2019,50.0,1.0,1.0,4.0,2258689,1.0,1,1,1,9.0,,0.0,0,2002.0,A01,138Â 209Â 146,2.0,0.0,-1.0,1724083,1.0,7,,0.0,2.0,4.0,B01,138Â 209Â 145,1.0
1010045,201900051576,10,26,14:21,1,2,1,1.0,2.0,11262,LECLERC (AVENUE DU GENERAL),M,"43,1806200","3,0068800",11,2019,50.0,1.0,1.0,4.0,2258689,1.0,1,1,1,9.0,,0.0,0,2002.0,A01,138Â 209Â 146,2.0,0.0,-1.0,1724084,1.0,30,,0.0,2.0,1.0,A01,138Â 209Â 146,1.0
1010046,201900051577,10,28,11:05,1,2,1,1.0,3.0,06088,CASSIN (BD RENE),M,"43,6697740","7,2163550",6,2019,50.0,6.0,1.0,4.0,2258690,2.0,2,4,2,0.0,,0.0,0,1967.0,B01,138Â 209Â 143,8.0,8.0,-1.0,1724085,1.0,40,,0.0,2.0,3.0,B01,138Â 209Â 143,0.0
1010046,201900051577,10,28,11:05,1,2,1,1.0,3.0,06088,CASSIN (BD RENE),M,"43,6697740","7,2163550",6,2019,50.0,6.0,1.0,4.0,2258690,2.0,2,4,2,0.0,,0.0,0,1967.0,B01,138Â 209Â 143,8.0,8.0,-1.0,1724086,3.0,10,,0.0,-1.0,2.0,A01,138Â 209Â 144,0.0
1010046,201900051577,10,28,11:05,1,2,1,1.0,3.0,06088,CASSIN (BD RENE),M,"43,6697740","7,2163550",6,2019,50.0,6.0,1.0,4.0,2258691,1.0,1,1,1,4.0,,0.0,0,1988.0,B01,138Â 209Â 143,1.0,8.0,-1.0,1724085,1.0,40,,0.0,2.0,3.0,B01,138Â 209Â 143,0.0
1010046,201900051577,10,28,11:05,1,2,1,1.0,3.0,06088,CASSIN (BD RENE),M,"43,6697740","7,2163550",6,2019,50.0,6.0,1.0,4.0,2258691,1.0,1,1,1,4.0,,0.0,0,1988.0,B01,138Â 209Â 143,1.0,8.0,-1.0,1724086,3.0,10,,0.0,-1.0,2.0,A01,138Â 209Â 144,0.0
1010046,201900051577,10,28,11:05,1,2,1,1.0,3.0,06088,CASSIN (BD RENE),M,"43,6697740","7,2163550",6,2019,50.0,6.0,1.0,4.0,2258692,1.0,1,1,1,4.0,,0.0,0,1976.0,A01,138Â 209Â 144,1.0,8.0,-1.0,1724085,1.0,40,,0.0,2.0,3.0,B01,138Â 209Â 143,0.0
1010046,201900051577,10,28,11:05,1,2,1,1.0,3.0,06088,CASSIN (BD RENE),M,"43,6697740","7,2163550",6,2019,50.0,6.0,1.0,4.0,2258692,1.0,1,1,1,4.0,,0.0,0,1976.0,A01,138Â 209Â 144,1.0,8.0,-1.0,1724086,3.0,10,,0.0,-1.0,2.0,A01,138Â 209Â 144,0.0
1010047,201900051578,10,26,13:50,1,2,9,1.0,3.0,05061,PARKING DECATHLON,M,"44,5673500","6,0952100",5,2019,50.0,8.0,1.0,6.0,2258693,1.0,1,1,1,5.0,,0.0,0,1971.0,B01,138Â 209Â 141,1.0,0.0,-1.0,1724087,3.0,7,,0.0,2.0,8.0,B01,138Â 209Â 141,1.0
1010047,201900051578,10,26,13:50,1,2,9,1.0,3.0,05061,PARKING DECATHLON,M,"44,5673500","6,0952100",5,2019,50.0,8.0,1.0,6.0,2258693,1.0,1,1,1,5.0,,0.0,0,1971.0,B01,138Â 209Â 141,1.0,0.0,-1.0,1724088,3.0,7,,0.0,2.0,2.0,A01,138Â 209Â 142,1.0
1010047,201900051578,10,26,13:50,1,2,9,1.0,3.0,05061,PARKING DECATHLON,M,"44,5673500","6,0952100",5,2019,50.0,8.0,1.0,6.0,2258694,2.0,2,4,1,5.0,,0.0,0,1996.0,A01,138Â 209Â 142,1.0,0.0,-1.0,1724087,3.0,7,,0.0,2.0,8.0,B01,138Â 209Â 141,1.0
1010047,201900051578,10,26,13:50,1,2,9,1.0,3.0,05061,PARKING DECATHLON,M,"44,5673500","6,0952100",5,2019,50.0,8.0,1.0,6.0,2258694,2.0,2,4,1,5.0,,0.0,0,1996.0,A01,138Â 209Â 142,1.0,0.0,-1.0,1724088,3.0,7,,0.0,2.0,2.0,A01,138Â 209Â 142,1.0
1010047,201900051578,10,26,13:50,1,2,9,1.0,3.0,05061,PARKING DECATHLON,M,"44,5673500","6,0952100",5,2019,50.0,8.0,1.0,6.0,2258695,1.0,1,1,2,5.0,,0.0,0,1973.0,A01,138Â 209Â 142,1.0,0.0,-1.0,1724087,3.0,7,,0.0,2.0,8.0,B01,138Â 209Â 141,1.0
1010047,201900051578,10,26,13:50,1,2,9,1.0,3.0,05061,PARKING DECATHLON,M,"44,5673500","6,0952100",5,2019,50.0,8.0,1.0,6.0,2258695,1.0,1,1,2,5.0,,0.0,0,1973.0,A01,138Â 209Â 142,1.0,0.0,-1.0,1724088,3.0,7,,0.0,2.0,2.0,A01,138Â 209Â 142,1.0
1010048,201900051579,10,26,13:00,1,2,3,1.0,5.0,05061,SAGNIERES ( RUE DES ),M,"44,5497600","6,0651500",5,2019,50.0,1.0,1.0,4.0,2258696,1.0,1,1,1,9.0,,-1.0,0,1997.0,B01,138Â 209Â 138,1.0,0.0,-1.0,1724089,2.0,7,,0.0,2.0,3.0,B01,138Â 209Â 138,1.0
1010048,201900051579,10,26,13:00,1,2,3,1.0,5.0,05061,SAGNIERES ( RUE DES ),M,"44,5497600","6,0651500",5,2019,50.0,1.0,1.0,4.0,2258696,1.0,1,1,1,9.0,,-1.0,0,1997.0,B01,138Â 209Â 138,1.0,0.0,-1.0,1724090,2.0,7,,0.0,2.0,2.0,A01,138Â 209Â 139,1.0
1010048,201900051579,10,26,13:00,1,2,3,1.0,5.0,05061,SAGNIERES ( RUE DES ),M,"44,5497600","6,0651500",5,2019,50.0,1.0,1.0,4.0,2258696,1.0,1,1,1,9.0,,-1.0,0,1997.0,B01,138Â 209Â 138,1.0,0.0,-1.0,1724091,1.0,7,,0.0,2.0,3.0,C01,138Â 209Â 140,1.0
1010048,201900051579,10,26,13:00,1,2,3,1.0,5.0,05061,SAGNIERES ( RUE DES ),M,"44,5497600","6,0651500",5,2019,50.0,1.0,1.0,4.0,2258697,2.0,2,4,1,9.0,,-1.0,0,2002.0,A01,138Â 209Â 139,1.0,0.0,-1.0,1724089,2.0,7,,0.0,2.0,3.0,B01,138Â 209Â 138,1.0
1010048,201900051579,10,26,13:00,1,2,3,1.0,5.0,05061,SAGNIERES ( RUE DES ),M,"44,5497600","6,0651500",5,2019,50.0,1.0,1.0,4.0,2258697,2.0,2,4,1,9.0,,-1.0,0,2002.0,A01,138Â 209Â 139,1.0,0.0,-1.0,1724090,2.0,7,,0.0,2.0,2.0,A01,138Â 209Â 139,1.0
1010048,201900051579,10,26,13:00,1,2,3,1.0,5.0,05061,SAGNIERES ( RUE DES ),M,"44,5497600","6,0651500",5,2019,50.0,1.0,1.0,4.0,2258697,2.0,2,4,1,9.0,,-1.0,0,2002.0,A01,138Â 209Â 139,1.0,0.0,-1.0,1724091,1.0,7,,0.0,2.0,3.0,C01,138Â 209Â 140,1.0
1010048,201900051579,10,26,13:00,1,2,3,1.0,5.0,05061,SAGNIERES ( RUE DES ),M,"44,5497600","6,0651500",5,2019,50.0,1.0,1.0,4.0,2258698,1.0,1,1,2,0.0,,-1.0,0,1967.0,A01,138Â 209Â 139,1.0,0.0,-1.0,1724089,2.0,7,,0.0,2.0,3.0,B01,138Â 209Â 138,1.0
1010048,201900051579,10,26,13:00,1,2,3,1.0,5.0,05061,SAGNIERES ( RUE DES ),M,"44,5497600","6,0651500",5,2019,50.0,1.0,1.0,4.0,2258698,1.0,1,1,2,0.0,,-1.0,0,1967.0,A01,138Â 209Â 139,1.0,0.0,-1.0,1724090,2.0,7,,0.0,2.0,2.0,A01,138Â 209Â 139,1.0
1010048,201900051579,10,26,13:00,1,2,3,1.0,5.0,05061,SAGNIERES ( RUE DES ),M,"44,5497600","6,0651500",5,2019,50.0,1.0,1.0,4.0,2258698,1.0,1,1,2,0.0,,-1.0,0,1967.0,A01,138Â 209Â 139,1.0,0.0,-1.0,1724091,1.0,7,,0.0,2.0,3.0,C01,138Â 209Â 140,1.0
1010048,201900051579,10,26,13:00,1,2,3,1.0,5.0,05061,SAGNIERES ( RUE DES ),M,"44,5497600","6,0651500",5,2019,50.0,1.0,1.0,4.0,2258699,1.0,1,1,1,0.0,,-1.0,0,1994.0,C01,138Â 209Â 140,1.0,0.0,-1.0,1724089,2.0,7,,0.0,2.0,3.0,B01,138Â 209Â 138,1.0
1010048,201900051579,10,26,13:00,1,2,3,1.0,5.0,05061,SAGNIERES ( RUE DES ),M,"44,5497600","6,0651500",5,2019,50.0,1.0,1.0,4.0,2258699,1.0,1,1,1,0.0,,-1.0,0,1994.0,C01,138Â 209Â 140,1.0,0.0,-1.0,1724090,2.0,7,,0.0,2.0,2.0,A01,138Â 209Â 139,1.0
1010048,201900051579,10,26,13:00,1,2,3,1.0,5.0,05061,SAGNIERES ( RUE DES ),M,"44,5497600","6,0651500",5,2019,50.0,1.0,1.0,4.0,2258699,1.0,1,1,1,0.0,,-1.0,0,1994.0,C01,138Â 209Â 140,1.0,0.0,-1.0,1724091,1.0,7,,0.0,2.0,3.0,C01,138Â 209Â 140,1.0
1010049,201900051580,10,28,15:20,1,2,4,1.0,3.0,75116,ECHANGEUR SAINT CLOUD,M,"48,8411157","2,2539462",75,2019,70.0,1.0,1.0,4.0,2258700,1.0,1,4,1,5.0,,0.0,0,1987.0,A01,138Â 209Â 136,2.0,6.0,-1.0,1724092,2.0,33,,0.0,2.0,2.0,A01,138Â 209Â 136,1.0
1010049,201900051580,10,28,15:20,1,2,4,1.0,3.0,75116,ECHANGEUR SAINT CLOUD,M,"48,8411157","2,2539462",75,2019,70.0,1.0,1.0,4.0,2258700,1.0,1,4,1,5.0,,0.0,0,1987.0,A01,138Â 209Â 136,2.0,6.0,-1.0,1724093,2.0,7,,0.0,2.0,3.0,B01,138Â 209Â 137,1.0
1010049,201900051580,10,28,15:20,1,2,4,1.0,3.0,75116,ECHANGEUR SAINT CLOUD,M,"48,8411157","2,2539462",75,2019,70.0,1.0,1.0,4.0,2258701,1.0,1,1,1,5.0,,0.0,0,1973.0,B01,138Â 209Â 137,1.0,0.0,-1.0,1724092,2.0,33,,0.0,2.0,2.0,A01,138Â 209Â 136,1.0
1010049,201900051580,10,28,15:20,1,2,4,1.0,3.0,75116,ECHANGEUR SAINT CLOUD,M,"48,8411157","2,2539462",75,2019,70.0,1.0,1.0,4.0,2258701,1.0,1,1,1,5.0,,0.0,0,1973.0,B01,138Â 209Â 137,1.0,0.0,-1.0,1724093,2.0,7,,0.0,2.0,3.0,B01,138Â 209Â 137,1.0
1010050,201900051581,10,28,18:00,5,2,2,1.0,6.0,75120,AVENUE DE LA PORTE DES LILAS,M,"48,8770891","2,4069000",75,2019,50.0,1.0,1.0,4.0,2258702,1.0,1,1,1,0.0,,0.0,0,1999.0,A01,138Â 209Â 134,2.0,6.0,-1.0,1724094,1.0,32,,0.0,1.0,1.0,A01,138Â 209Â 134,1.0
1010050,201900051581,10,28,18:00,5,2,2,1.0,6.0,75120,AVENUE DE LA PORTE DES LILAS,M,"48,8770891","2,4069000",75,2019,50.0,1.0,1.0,4.0,2258703,10.0,3,4,1,0.0,,4.0,3,1969.0,A01,138Â 209Â 134,0.0,-1.0,-1.0,1724094,1.0,32,,0.0,1.0,1.0,A01,138Â 209Â 134,1.0
1010051,201900051582,1,9,19:45,3,1,1,9.0,2.0,74042,3326 route de GenÃ¨ve,M,"46,0954750","6,3687550",74,2019,70.0,1.0,7.0,3.0,2258704,1.0,1,1,2,0.0,,0.0,0,1986.0,B01,138Â 209Â 131,1.0,-1.0,-1.0,1724095,2.0,7,,0.0,2.0,1.0,B01,138Â 209Â 131,1.0
1010051,201900051582,1,9,19:45,3,1,1,9.0,2.0,74042,3326 route de GenÃ¨ve,M,"46,0954750","6,3687550",74,2019,70.0,1.0,7.0,3.0,2258704,1.0,1,1,2,0.0,,0.0,0,1986.0,B01,138Â 209Â 131,1.0,-1.0,-1.0,1724096,2.0,7,,3.0,0.0,4.0,A01,138Â 209Â 133,1.0
1010051,201900051582,1,9,19:45,3,1,1,9.0,2.0,74042,3326 route de GenÃ¨ve,M,"46,0954750","6,3687550",74,2019,70.0,1.0,7.0,3.0,2258705,1.0,1,4,2,1.0,,0.0,0,1968.0,A01,138Â 209Â 133,9.0,1.0,-1.0,1724095,2.0,7,,0.0,2.0,1.0,B01,138Â 209Â 131,1.0
1010051,201900051582,1,9,19:45,3,1,1,9.0,2.0,74042,3326 route de GenÃ¨ve,M,"46,0954750","6,3687550",74,2019,70.0,1.0,7.0,3.0,2258705,1.0,1,4,2,1.0,,0.0,0,1968.0,A01,138Â 209Â 133,9.0,1.0,-1.0,1724096,2.0,7,,3.0,0.0,4.0,A01,138Â 209Â 133,1.0
1010052,201900051583,10,28,08:35,1,2,1,1.0,3.0,75120,AVENUE GAMBETTA,M,"48,8635600","2,3900320",75,2019,30.0,1.0,1.0,4.0,2258706,1.0,1,4,1,0.0,,0.0,0,1999.0,B01,138Â 209Â 130,8.0,2.0,-1.0,1724097,1.0,1,,0.0,2.0,1.0,B01,138Â 209Â 130,5.0
1010052,201900051583,10,28,08:35,1,2,1,1.0,3.0,75120,AVENUE GAMBETTA,M,"48,8635600","2,3900320",75,2019,30.0,1.0,1.0,4.0,2258706,1.0,1,4,1,0.0,,0.0,0,1999.0,B01,138Â 209Â 130,8.0,2.0,-1.0,1724098,1.0,7,,0.0,2.0,8.0,A01,138Â 209Â 132,1.0
1010052,201900051583,10,28,08:35,1,2,1,1.0,3.0,75120,AVENUE GAMBETTA,M,"48,8635600","2,3900320",75,2019,30.0,1.0,1.0,4.0,2258707,1.0,1,1,1,9.0,,0.0,0,1984.0,A01,138Â 209Â 132,1.0,0.0,-1.0,1724097,1.0,1,,0.0,2.0,1.0,B01,138Â 209Â 130,5.0
1010052,201900051583,10,28,08:35,1,2,1,1.0,3.0,75120,AVENUE GAMBETTA,M,"48,8635600","2,3900320",75,2019,30.0,1.0,1.0,4.0,2258707,1.0,1,1,1,9.0,,0.0,0,1984.0,A01,138Â 209Â 132,1.0,0.0,-1.0,1724098,1.0,7,,0.0,2.0,8.0,A01,138Â 209Â 132,1.0
1010053,201900051584,1,11,14:40,1,2,1,1.0,6.0,42147,boulevard Carnot,M,"45,6081550","4,0679830",42,2019,50.0,1.0,1.0,4.0,2258708,1.0,1,1,2,0.0,,0.0,0,1937.0,A01,138Â 209Â 129,1.0,-1.0,-1.0,1724099,1.0,7,,0.0,1.0,2.0,A01,138Â 209Â 129,1.0
1010053,201900051584,1,11,14:40,1,2,1,1.0,6.0,42147,boulevard Carnot,M,"45,6081550","4,0679830",42,2019,50.0,1.0,1.0,4.0,2258709,10.0,3,3,2,0.0,,3.0,3,1947.0,A01,138Â 209Â 129,0.0,-1.0,-1.0,1724099,1.0,7,,0.0,1.0,2.0,A01,138Â 209Â 129,1.0
1010054,201900051585,10,28,20:45,5,2,2,1.0,6.0,75118,RUE ORDENER,M,"48,8933650","2,3382625",75,2019,50.0,1.0,1.0,4.0,2258710,10.0,3,4,2,1.0,,3.0,3,1990.0,A01,138Â 209Â 128,0.0,-1.0,-1.0,1724100,2.0,30,,0.0,1.0,8.0,A01,138Â 209Â 128,1.0
1010054,201900051585,10,28,20:45,5,2,2,1.0,6.0,75118,RUE ORDENER,M,"48,8933650","2,3382625",75,2019,50.0,1.0,1.0,4.0,2258711,1.0,1,1,1,0.0,,0.0,0,1994.0,A01,138Â 209Â 128,2.0,6.0,-1.0,1724100,2.0,30,,0.0,1.0,8.0,A01,138Â 209Â 128,1.0
1010055,201900051586,1,10,18:35,5,2,1,9.0,1.0,42299,lieu-dit LA BRUYÃRE - D496,M,"45,6106230","4,0982080",42,2019,70.0,1.0,2.0,3.0,2258712,1.0,1,3,2,1.0,,0.0,0,1961.0,A01,138Â 209Â 126,1.0,-1.0,-1.0,1724101,3.0,7,,0.0,2.0,1.0,A01,138Â 209Â 126,1.0
1010055,201900051586,1,10,18:35,5,2,1,9.0,1.0,42299,lieu-dit LA BRUYÃRE - D496,M,"45,6106230","4,0982080",42,2019,70.0,1.0,2.0,3.0,2258712,1.0,1,3,2,1.0,,0.0,0,1961.0,A01,138Â 209Â 126,1.0,-1.0,-1.0,1724102,3.0,7,,0.0,2.0,1.0,B01,138Â 209Â 127,1.0
1010055,201900051586,1,10,18:35,5,2,1,9.0,1.0,42299,lieu-dit LA BRUYÃRE - D496,M,"45,6106230","4,0982080",42,2019,70.0,1.0,2.0,3.0,2258713,1.0,1,4,1,0.0,,0.0,0,1988.0,B01,138Â 209Â 127,1.0,-1.0,-1.0,1724101,3.0,7,,0.0,2.0,1.0,A01,138Â 209Â 126,1.0
1010055,201900051586,1,10,18:35,5,2,1,9.0,1.0,42299,lieu-dit LA BRUYÃRE - D496,M,"45,6106230","4,0982080",42,2019,70.0,1.0,2.0,3.0,2258713,1.0,1,4,1,0.0,,0.0,0,1988.0,B01,138Â 209Â 127,1.0,-1.0,-1.0,1724102,3.0,7,,0.0,2.0,1.0,B01,138Â 209Â 127,1.0
1010056,201900051587,10,28,09:20,1,2,1,1.0,3.0,75118,BOULEVARD NEY,M,"48,8986130","2,3620400",75,2019,50.0,1.0,1.0,4.0,2258714,1.0,1,4,1,9.0,,0.0,0,1992.0,B01,138Â 209Â 124,2.0,6.0,-1.0,1724103,2.0,33,,0.0,2.0,7.0,B01,138Â 209Â 124,1.0
1010056,201900051587,10,28,09:20,1,2,1,1.0,3.0,75118,BOULEVARD NEY,M,"48,8986130","2,3620400",75,2019,50.0,1.0,1.0,4.0,2258714,1.0,1,4,1,9.0,,0.0,0,1992.0,B01,138Â 209Â 124,2.0,6.0,-1.0,1724104,2.0,17,,0.0,2.0,3.0,A01,138Â 209Â 125,1.0
1010056,201900051587,10,28,09:20,1,2,1,1.0,3.0,75118,BOULEVARD NEY,M,"48,8986130","2,3620400",75,2019,50.0,1.0,1.0,4.0,2258715,1.0,1,1,1,4.0,,0.0,0,1974.0,A01,138Â 209Â 125,1.0,0.0,-1.0,1724103,2.0,33,,0.0,2.0,7.0,B01,138Â 209Â 124,1.0