Unnamed: 0_x,num_acc,mois,jour,hrmn,lum,agg,int,atm,col,com,adr,gps,lat,long,dep,annee,vma,situ,surf,catr,Unnamed: 0_y,place,catu,grav,sexe,trajet,secu,locp,actp,an_nais,num_veh_x,id_vehicule_x,secu1,secu2,secu3,Unnamed: 0,senc,catv,occutc,obs,obsm,choc,num_veh_y,id_vehicule_y,motor
1010056,201900051587,10,28,09:20,1,2,1,1.0,3.0,75118,BOULEVARD NEY,M,"48,8986130","2,3620400",75,2019,50.0,1.0,1.0,4.0,2258715,1.0,1,1,1,4.0,,0.0,0,1974.0,A01,138Â 209Â 125,1.0,0.0,-1.0,1724104,2.0,17,,0.0,2.0,3.0,A01,138Â 209Â 125,1.0
1010057,201900051588,10,27,23:50,5,2,2,1.0,6.0,75115,QUAI BRANLY,M,"48,8545784","2,2888558",75,2019,50.0,1.0,1.0,4.0,2258716,1.0,1,4,1,5.0,,0.0,0,1953.0,A01,138Â 209Â 122,2.0,6.0,-1.0,1724105,2.0,34,,14.0,0.0,1.0,A01,138Â 209Â 122,1.0
1010058,201900051589,1,9,17:45,5,1,2,2.0,3.0,38051,Route de Chanas - D519 Grange Neuve,M,"45,3271560","4,8753300",38,2019,70.0,1.0,2.0,3.0,2258717,1.0,1,4,1,1.0,,0.0,0,2000.0,A01,138Â 209Â 121,1.0,5.0,-1.0,1724106,0.0,7,,0.0,2.0,1.0,A01,138Â 209Â 121,1.0
1010058,201900051589,1,9,17:45,5,1,2,2.0,3.0,38051,Route de Chanas - D519 Grange Neuve,M,"45,3271560","4,8753300",38,2019,70.0,1.0,2.0,3.0,2258717,1.0,1,4,1,1.0,,0.0,0,2000.0,A01,138Â 209Â 121,1.0,5.0,-1.0,1724107,0.0,7,,0.0,2.0,8.0,B01,138Â 209Â 123,1.0
1010058,201900051589,1,9,17:45,5,1,2,2.0,3.0,38051,Route de Chanas - D519 Grange Neuve,M,"45,3271560","4,8753300",38,2019,70.0,1.0,2.0,3.0,2258718,2.0,2,4,2,3.0,,0.0,0,1968.0,B01,138Â 209Â 123,1.0,-1.0,-1.0,1724106,0.0,7,,0.0,2.0,1.0,A01,138Â 209Â 121,1.0
1010058,201900051589,1,9,17:45,5,1,2,2.0,3.0,38051,Route de Chanas - D519 Grange Neuve,M,"45,3271560","4,8753300",38,2019,70.0,1.0,2.0,3.0,2258718,2.0,2,4,2,3.0,,0.0,0,1968.0,B01,138Â 209Â 123,1.0,-1.0,-1.0,1724107,0.0,7,,0.0,2.0,8.0,B01,138Â 209Â 123,1.0
1010058,201900051589,1,9,17:45,5,1,2,2.0,3.0,38051,Route de Chanas - D519 Grange Neuve,M,"45,3271560","4,8753300",38,2019,70.0,1.0,2.0,3.0,2258719,1.0,1,3,1,3.0,,0.0,0,1958.0,B01,138Â 209Â 123,1.0,-1.0,-1.0,1724106,0.0,7,,0.0,2.0,1.0,A01,138Â 209Â 121,1.0
1010058,201900051589,1,9,17:45,5,1,2,2.0,3.0,38051,Route de Chanas - D519 Grange Neuve,M,"45,3271560","4,8753300",38,2019,70.0,1.0,2.0,3.0,2258719,1.0,1,3,1,3.0,,0.0,0,1958.0,B01,138Â 209Â 123,1.0,-1.0,-1.0,1724107,0.0,7,,0.0,2.0,8.0,B01,138Â 209Â 123,1.0
1010059,201900051590,1,9,07:50,2,2,1,2.0,6.0,38247,D1075 - Grande Rue,M,"45,8175400","5,4049100",38,2019,50.0,1.0,2.0,3.0,2258720,1.0,1,1,1,1.0,,0.0,0,1990.0,A01,138Â 209Â 119,1.0,-1.0,-1.0,1724108,1.0,7,,0.0,1.0,2.0,A01,138Â 209Â 119,1.0
1010059,201900051590,1,9,07:50,2,2,1,2.0,6.0,38247,D1075 - Grande Rue,M,"45,8175400","5,4049100",38,2019,50.0,1.0,2.0,3.0,2258721,10.0,3,2,2,9.0,,2.0,3,1956.0,A01,138Â 209Â 119,0.0,-1.0,-1.0,1724108,1.0,7,,0.0,1.0,2.0,A01,138Â 209Â 119,1.0
1010060,201900051591,10,28,19:00,5,2,5,1.0,3.0,75111,BOULEVARD VOLTAIRE,M,"48,8503712","2,3925573",75,2019,50.0,1.0,1.0,4.0,2258722,2.0,2,4,1,0.0,,0.0,0,1953.0,B01,138Â 209Â 118,1.0,0.0,-1.0,1724109,1.0,7,,0.0,2.0,1.0,B01,138Â 209Â 118,1.0
1010060,201900051591,10,28,19:00,5,2,5,1.0,3.0,75111,BOULEVARD VOLTAIRE,M,"48,8503712","2,3925573",75,2019,50.0,1.0,1.0,4.0,2258722,2.0,2,4,1,0.0,,0.0,0,1953.0,B01,138Â 209Â 118,1.0,0.0,-1.0,1724110,2.0,7,,0.0,2.0,1.0,A01,138Â 209Â 120,1.0
1010060,201900051591,10,28,19:00,5,2,5,1.0,3.0,75111,BOULEVARD VOLTAIRE,M,"48,8503712","2,3925573",75,2019,50.0,1.0,1.0,4.0,2258723,1.0,1,4,2,5.0,,0.0,0,1957.0,B01,138Â 209Â 118,1.0,0.0,-1.0,1724109,1.0,7,,0.0,2.0,1.0,B01,138Â 209Â 118,1.0
1010060,201900051591,10,28,19:00,5,2,5,1.0,3.0,75111,BOULEVARD VOLTAIRE,M,"48,8503712","2,3925573",75,2019,50.0,1.0,1.0,4.0,2258723,1.0,1,4,2,5.0,,0.0,0,1957.0,B01,138Â 209Â 118,1.0,0.0,-1.0,1724110,2.0,7,,0.0,2.0,1.0,A01,138Â 209Â 120,1.0
1010060,201900051591,10,28,19:00,5,2,5,1.0,3.0,75111,BOULEVARD VOLTAIRE,M,"48,8503712","2,3925573",75,2019,50.0,1.0,1.0,4.0,2258724,1.0,1,1,1,0.0,,0.0,0,1990.0,A01,138Â 209Â 120,1.0,0.0,-1.0,1724109,1.0,7,,0.0,2.0,1.0,B01,138Â 209Â 118,1.0
1010060,201900051591,10,28,19:00,5,2,5,1.0,3.0,75111,BOULEVARD VOLTAIRE,M,"48,8503712","2,3925573",75,2019,50.0,1.0,1.0,4.0,2258724,1.0,1,1,1,0.0,,0.0,0,1990.0,A01,138Â 209Â 120,1.0,0.0,-1.0,1724110,2.0,7,,0.0,2.0,1.0,A01,138Â 209Â 120,1.0
1010061,201900051592,1,12,20:40,3,1,1,1.0,6.0,07156,cd536,M,"44,6914670","4,2616910",7,2019,-1.0,3.0,1.0,3.0,2258725,1.0,1,3,1,5.0,,0.0,0,1973.0,A01,138Â 209Â 117,8.0,-1.0,-1.0,1724111,2.0,7,,15.0,0.0,1.0,A01,138Â 209Â 117,1.0
1010062,201900051593,1,12,06:10,3,2,1,1.0,6.0,07156,Route du gerbier de jonc- Champagne de Meyras,M,"44,6972730","4,2429010",7,2019,50.0,4.0,1.0,3.0,2258726,1.0,1,3,1,1.0,,0.0,0,1971.0,A01,138Â 209Â 115,1.0,-1.0,-1.0,1724112,3.0,7,,6.0,0.0,3.0,A01,138Â 209Â 115,0.0
1010063,201900051594,10,28,16:20,1,2,2,8.0,3.0,75107,BOULEVARD RASPAIL,M,"48,8534139","2,3261957",75,2019,50.0,1.0,1.0,4.0,2258727,1.0,1,1,1,0.0,,0.0,0,1951.0,B01,138Â 209Â 114,1.0,0.0,-1.0,1724113,1.0,7,,0.0,2.0,3.0,B01,138Â 209Â 114,1.0
1010063,201900051594,10,28,16:20,1,2,2,8.0,3.0,75107,BOULEVARD RASPAIL,M,"48,8534139","2,3261957",75,2019,50.0,1.0,1.0,4.0,2258727,1.0,1,1,1,0.0,,0.0,0,1951.0,B01,138Â 209Â 114,1.0,0.0,-1.0,1724114,1.0,32,,0.0,2.0,2.0,A01,138Â 209Â 116,1.0
1010063,201900051594,10,28,16:20,1,2,2,8.0,3.0,75107,BOULEVARD RASPAIL,M,"48,8534139","2,3261957",75,2019,50.0,1.0,1.0,4.0,2258728,1.0,1,4,1,0.0,,0.0,0,1971.0,A01,138Â 209Â 116,2.0,6.0,-1.0,1724113,1.0,7,,0.0,2.0,3.0,B01,138Â 209Â 114,1.0
1010063,201900051594,10,28,16:20,1,2,2,8.0,3.0,75107,BOULEVARD RASPAIL,M,"48,8534139","2,3261957",75,2019,50.0,1.0,1.0,4.0,2258728,1.0,1,4,1,0.0,,0.0,0,1971.0,A01,138Â 209Â 116,2.0,6.0,-1.0,1724114,1.0,32,,0.0,2.0,2.0,A01,138Â 209Â 116,1.0
1010064,201900051595,1,9,09:00,1,1,1,4.0,4.0,01012,Route dÃ©partementale 8,M,"46,0052260","5,5364510",1,2019,80.0,1.0,5.0,3.0,2258729,1.0,1,1,2,4.0,,0.0,0,1961.0,C01,138Â 209Â 110,1.0,-1.0,-1.0,1724115,2.0,7,,0.0,2.0,1.0,C01,138Â 209Â 110,1.0
1010064,201900051595,1,9,09:00,1,1,1,4.0,4.0,01012,Route dÃ©partementale 8,M,"46,0052260","5,5364510",1,2019,80.0,1.0,5.0,3.0,2258729,1.0,1,1,2,4.0,,0.0,0,1961.0,C01,138Â 209Â 110,1.0,-1.0,-1.0,1724116,2.0,10,,0.0,0.0,4.0,B01,138Â 209Â 112,1.0
1010064,201900051595,1,9,09:00,1,1,1,4.0,4.0,01012,Route dÃ©partementale 8,M,"46,0052260","5,5364510",1,2019,80.0,1.0,5.0,3.0,2258729,1.0,1,1,2,4.0,,0.0,0,1961.0,C01,138Â 209Â 110,1.0,-1.0,-1.0,1724117,2.0,7,,0.0,2.0,1.0,A01,138Â 209Â 113,1.0
1010064,201900051595,1,9,09:00,1,1,1,4.0,4.0,01012,Route dÃ©partementale 8,M,"46,0052260","5,5364510",1,2019,80.0,1.0,5.0,3.0,2258730,1.0,1,4,1,4.0,,0.0,0,1986.0,B01,138Â 209Â 112,1.0,-1.0,-1.0,1724115,2.0,7,,0.0,2.0,1.0,C01,138Â 209Â 110,1.0
1010064,201900051595,1,9,09:00,1,1,1,4.0,4.0,01012,Route dÃ©partementale 8,M,"46,0052260","5,5364510",1,2019,80.0,1.0,5.0,3.0,2258730,1.0,1,4,1,4.0,,0.0,0,1986.0,B01,138Â 209Â 112,1.0,-1.0,-1.0,1724116,2.0,10,,0.0,0.0,4.0,B01,138Â 209Â 112,1.0
1010064,201900051595,1,9,09:00,1,1,1,4.0,4.0,01012,Route dÃ©partementale 8,M,"46,0052260","5,5364510",1,2019,80.0,1.0,5.0,3.0,2258730,1.0,1,4,1,4.0,,0.0,0,1986.0,B01,138Â 209Â 112,1.0,-1.0,-1.0,1724117,2.0,7,,0.0,2.0,1.0,A01,138Â 209Â 113,1.0
1010064,201900051595,1,9,09:00,1,1,1,4.0,4.0,01012,Route dÃ©partementale 8,M,"46,0052260","5,5364510",1,2019,80.0,1.0,5.0,3.0,2258731,2.0,2,4,1,4.0,,0.0,0,1991.0,B01,138Â 209Â 112,1.0,-1.0,-1.0,1724115,2.0,7,,0.0,2.0,1.0,C01,138Â 209Â 110,1.0
1010064,201900051595,1,9,09:00,1,1,1,4.0,4.0,01012,Route dÃ©partementale 8,M,"46,0052260","5,5364510",1,2019,80.0,1.0,5.0,3.0,2258731,2.0,2,4,1,4.0,,0.0,0,1991.0,B01,138Â 209Â 112,1.0,-1.0,-1.0,1724116,2.0,10,,0.0,0.0,4.0,B01,138Â 209Â 112,1.0
1010064,201900051595,1,9,09:00,1,1,1,4.0,4.0,01012,Route dÃ©partementale 8,M,"46,0052260","5,5364510",1,2019,80.0,1.0,5.0,3.0,2258731,2.0,2,4,1,4.0,,0.0,0,1991.0,B01,138Â 209Â 112,1.0,-1.0,-1.0,1724117,2.0,7,,0.0,2.0,1.0,A01,138Â 209Â 113,1.0
1010064,201900051595,1,9,09:00,1,1,1,4.0,4.0,01012,Route dÃ©partementale 8,M,"46,0052260","5,5364510",1,2019,80.0,1.0,5.0,3.0,2258732,1.0,1,1,2,0.0,,0.0,0,1996.0,A01,138Â 209Â 113,1.0,-1.0,-1.0,1724115,2.0,7,,0.0,2.0,1.0,C01,138Â 209Â 110,1.0
1010064,201900051595,1,9,09:00,1,1,1,4.0,4.0,01012,Route dÃ©partementale 8,M,"46,0052260","5,5364510",1,2019,80.0,1.0,5.0,3.0,2258732,1.0,1,1,2,0.0,,0.0,0,1996.0,A01,138Â 209Â 113,1.0,-1.0,-1.0,1724116,2.0,10,,0.0,0.0,4.0,B01,138Â 209Â 112,1.0
1010064,201900051595,1,9,09:00,1,1,1,4.0,4.0,01012,Route dÃ©partementale 8,M,"46,0052260","5,5364510",1,2019,80.0,1.0,5.0,3.0,2258732,1.0,1,1,2,0.0,,0.0,0,1996.0,A01,138Â 209Â 113,1.0,-1.0,-1.0,1724117,2.0,7,,0.0,2.0,1.0,A01,138Â 209Â 113,1.0
1010065,201900051596,10,28,17:40,5,2,7,1.0,3.0,75103,PLACE DE LA REPUBLIQUE,M,"48,8673292","2,3633995",75,2019,30.0,1.0,1.0,4.0,2258733,1.0,1,1,2,0.0,,0.0,0,1961.0,A01,138Â 209Â 109,1.0,0.0,-1.0,1724118,1.0,7,,0.0,2.0,8.0,A01,138Â 209Â 109,1.0
1010065,201900051596,10,28,17:40,5,2,7,1.0,3.0,75103,PLACE DE LA REPUBLIQUE,M,"48,8673292","2,3633995",75,2019,30.0,1.0,1.0,4.0,2258733,1.0,1,1,2,0.0,,0.0,0,1961.0,A01,138Â 209Â 109,1.0,0.0,-1.0,1724119,1.0,30,,0.0,2.0,7.0,B01,138Â 209Â 111,3.0
1010065,201900051596,10,28,17:40,5,2,7,1.0,3.0,75103,PLACE DE LA REPUBLIQUE,M,"48,8673292","2,3633995",75,2019,30.0,1.0,1.0,4.0,2258734,1.0,1,4,1,0.0,,0.0,0,1980.0,B01,138Â 209Â 111,2.0,6.0,-1.0,1724118,1.0,7,,0.0,2.0,8.0,A01,138Â 209Â 109,1.0
1010065,201900051596,10,28,17:40,5,2,7,1.0,3.0,75103,PLACE DE LA REPUBLIQUE,M,"48,8673292","2,3633995",75,2019,30.0,1.0,1.0,4.0,2258734,1.0,1,4,1,0.0,,0.0,0,1980.0,B01,138Â 209Â 111,2.0,6.0,-1.0,1724119,1.0,30,,0.0,2.0,7.0,B01,138Â 209Â 111,3.0
1010066,201900051597,10,28,02:40,5,2,7,1.0,7.0,75104,PLACE DE LA BASTILLE,M,"48,8529291","2,3684186",75,2019,50.0,1.0,1.0,4.0,2258735,1.0,1,4,1,5.0,,0.0,0,1999.0,A01,138Â 209Â 107,8.0,2.0,-1.0,1724120,3.0,50,,12.0,0.0,1.0,A01,138Â 209Â 107,3.0
1010067,201900051598,1,11,17:45,3,1,2,1.0,3.0,69163,Lieu dit Chamalan,M,"45,9355100","4,7745200",69,2019,90.0,1.0,1.0,3.0,2258736,1.0,1,3,2,5.0,,0.0,0,2004.0,A01,138Â 209Â 105,1.0,-1.0,-1.0,1724121,1.0,3,,0.0,2.0,2.0,A01,138Â 209Â 105,1.0
1010067,201900051598,1,11,17:45,3,1,2,1.0,3.0,69163,Lieu dit Chamalan,M,"45,9355100","4,7745200",69,2019,90.0,1.0,1.0,3.0,2258736,1.0,1,3,2,5.0,,0.0,0,2004.0,A01,138Â 209Â 105,1.0,-1.0,-1.0,1724122,2.0,7,,0.0,2.0,1.0,B01,138Â 209Â 106,1.0
1010067,201900051598,1,11,17:45,3,1,2,1.0,3.0,69163,Lieu dit Chamalan,M,"45,9355100","4,7745200",69,2019,90.0,1.0,1.0,3.0,2258737,1.0,1,4,1,1.0,,0.0,0,1984.0,B01,138Â 209Â 106,1.0,-1.0,-1.0,1724121,1.0,3,,0.0,2.0,2.0,A01,138Â 209Â 105,1.0
1010067,201900051598,1,11,17:45,3,1,2,1.0,3.0,69163,Lieu dit Chamalan,M,"45,9355100","4,7745200",69,2019,90.0,1.0,1.0,3.0,2258737,1.0,1,4,1,1.0,,0.0,0,1984.0,B01,138Â 209Â 106,1.0,-1.0,-1.0,1724122,2.0,7,,0.0,2.0,1.0,B01,138Â 209Â 106,1.0
1010068,201900051599,1,9,03:30,3,1,1,8.0,6.0,69163,Route dÃ©partementale 51,M,"45,9178940","4,7660840",69,2019,90.0,3.0,2.0,3.0,2258738,1.0,1,3,1,5.0,,0.0,0,1997.0,A01,138Â 209Â 102,1.0,-1.0,-1.0,1724123,1.0,7,,8.0,0.0,6.0,A01,138Â 209Â 102,1.0
1010069,201900051600,1,7,18:15,5,2,1,1.0,1.0,69069,1 Avenue Edouard Millaud,M,"45,7473600","4,7474550",69,2019,50.0,1.0,1.0,3.0,2258739,1.0,1,1,1,0.0,,0.0,0,1974.0,B01,138Â 209Â 099,1.0,-1.0,-1.0,1724124,1.0,7,,0.0,2.0,3.0,B01,138Â 209Â 099,1.0
1010069,201900051600,1,7,18:15,5,2,1,1.0,1.0,69069,1 Avenue Edouard Millaud,M,"45,7473600","4,7474550",69,2019,50.0,1.0,1.0,3.0,2258739,1.0,1,1,1,0.0,,0.0,0,1974.0,B01,138Â 209Â 099,1.0,-1.0,-1.0,1724125,2.0,34,,0.0,2.0,3.0,A01,138Â 209Â 101,1.0
1010069,201900051600,1,7,18:15,5,2,1,1.0,1.0,69069,1 Avenue Edouard Millaud,M,"45,7473600","4,7474550",69,2019,50.0,1.0,1.0,3.0,2258740,1.0,1,3,1,0.0,,0.0,0,1971.0,A01,138Â 209Â 101,2.0,-1.0,-1.0,1724124,1.0,7,,0.0,2.0,3.0,B01,138Â 209Â 099,1.0
1010069,201900051600,1,7,18:15,5,2,1,1.0,1.0,69069,1 Avenue Edouard Millaud,M,"45,7473600","4,7474550",69,2019,50.0,1.0,1.0,3.0,2258740,1.0,1,3,1,0.0,,0.0,0,1971.0,A01,138Â 209Â 101,2.0,-1.0,-1.0,1724125,2.0,34,,0.0,2.0,3.0,A01,138Â 209Â 101,1.0
1010070,201900051601,10,27,12:30,1,2,2,2.0,6.0,94052,GENERAL FAIDHERBE (R DU),M,"48,8371100","2,4765000",94,2019,50.0,1.0,2.0,3.0,2258741,10.0,3,4,1,3.0,,4.0,3,1978.0,A01,138Â 209Â 100,8.0,0.0,-1.0,1724126,1.0,7,,0.0,1.0,3.0,A01,138Â 209Â 100,1.0
1010070,201900051601,10,27,12:30,1,2,2,2.0,6.0,94052,GENERAL FAIDHERBE (R DU),M,"48,8371100","2,4765000",94,2019,50.0,1.0,2.0,3.0,2258742,1.0,1,1,1,5.0,,-1.0,0,1937.0,A01,138Â 209Â 100,1.0,0.0,-1.0,1724126,1.0,7,,0.0,1.0,3.0,A01,138Â 209Â 100,1.0
1010071,201900051602,1,10,08:50,3,1,1,1.0,1.0,09262,D117 route de BÃ©lesta,M,"42,9242950","1,8669550",9,2019,70.0,1.0,1.0,3.0,2258743,1.0,1,3,1,0.0,,0.0,0,1958.0,B01,138Â 209Â 096,1.0,-1.0,-1.0,1724127,2.0,7,,0.0,2.0,3.0,B01,138Â 209Â 096,1.0
1010071,201900051602,1,10,08:50,3,1,1,1.0,1.0,09262,D117 route de BÃ©lesta,M,"42,9242950","1,8669550",9,2019,70.0,1.0,1.0,3.0,2258743,1.0,1,3,1,0.0,,0.0,0,1958.0,B01,138Â 209Â 096,1.0,-1.0,-1.0,1724128,1.0,7,,0.0,2.0,3.0,A01,138Â 209Â 098,1.0
1010071,201900051602,1,10,08:50,3,1,1,1.0,1.0,09262,D117 route de BÃ©lesta,M,"42,9242950","1,8669550",9,2019,70.0,1.0,1.0,3.0,2258744,1.0,1,3,1,0.0,,0.0,0,1984.0,A01,138Â 209Â 098,1.0,-1.0,-1.0,1724127,2.0,7,,0.0,2.0,3.0,B01,138Â 209Â 096,1.0
1010071,201900051602,1,10,08:50,3,1,1,1.0,1.0,09262,D117 route de BÃ©lesta,M,"42,9242950","1,8669550",9,2019,70.0,1.0,1.0,3.0,2258744,1.0,1,3,1,0.0,,0.0,0,1984.0,A01,138Â 209Â 098,1.0,-1.0,-1.0,1724128,1.0,7,,0.0,2.0,3.0,A01,138Â 209Â 098,1.0
1010071,201900051602,1,10,08:50,3,1,1,1.0,1.0,09262,D117 route de BÃ©lesta,M,"42,9242950","1,8669550",9,2019,70.0,1.0,1.0,3.0,2258745,2.0,2,4,1,5.0,,0.0,0,1973.0,A01,138Â 209Â 098,1.0,-1.0,-1.0,1724127,2.0,7,,0.0,2.0,3.0,B01,138Â 209Â 096,1.0
1010071,201900051602,1,10,08:50,3,1,1,1.0,1.0,09262,D117 route de BÃ©lesta,M,"42,9242950","1,8669550",9,2019,70.0,1.0,1.0,3.0,2258745,2.0,2,4,1,5.0,,0.0,0,1973.0,A01,138Â 209Â 098,1.0,-1.0,-1.0,1724128,1.0,7,,0.0,2.0,3.0,A01,138Â 209Â 098,1.0
1010072,201900051603,10,28,07:05,1,2,1,1.0,6.0,94037,DOCTEUR TENINE (R DU),M,"48,8150000","2,3470000",94,2019,50.0,1.0,1.0,4.0,2258746,1.0,1,1,2,5.0,,-1.0,0,1936.0,A01,138Â 209Â 097,1.0,0.0,-1.0,1724129,1.0,7,,0.0,1.0,2.0,A01,138Â 209Â 097,1.0
1010072,201900051603,10,28,07:05,1,2,1,1.0,6.0,94037,DOCTEUR TENINE (R DU),M,"48,8150000","2,3470000",94,2019,50.0,1.0,1.0,4.0,2258747,10.0,3,4,1,1.0,,3.0,3,1985.0,A01,138Â 209Â 097,8.0,0.0,-1.0,1724129,1.0,7,,0.0,1.0,2.0,A01,138Â 209Â 097,1.0
1010073,201900051604,1,10,22:20,3,1,1,1.0,6.0,47326,Lieu-dit Le Moulin d'AnÃ©,M,"44,4936630","0,2459070",47,2019,80.0,3.0,1.0,3.0,2258748,1.0,1,3,1,5.0,,0.0,0,1944.0,A01,138Â 209Â 095,1.0,-1.0,-1.0,1724130,2.0,7,,10.0,0.0,3.0,A01,138Â 209Â 095,1.0
1010074,201900051605,10,28,13:40,1,2,1,1.0,2.0,94073,RENE PANHARD (AV),M,"48,7638000","2,3939300",94,2019,50.0,1.0,1.0,3.0,2258749,1.0,1,4,1,0.0,,-1.0, -1,1974.0,A01,138Â 209Â 093,2.0,0.0,-1.0,1724131,2.0,1,,0.0,2.0,1.0,A01,138Â 209Â 093,5.0
1010074,201900051605,10,28,13:40,1,2,1,1.0,2.0,94073,RENE PANHARD (AV),M,"48,7638000","2,3939300",94,2019,50.0,1.0,1.0,3.0,2258749,1.0,1,4,1,0.0,,-1.0, -1,1974.0,A01,138Â 209Â 093,2.0,0.0,-1.0,1724132,2.0,7,,1.0,2.0,5.0,B01,138Â 209Â 094,1.0
1010074,201900051605,10,28,13:40,1,2,1,1.0,2.0,94073,RENE PANHARD (AV),M,"48,7638000","2,3939300",94,2019,50.0,1.0,1.0,3.0,2258750,1.0,1,1,1,0.0,,-1.0, -1,1962.0,B01,138Â 209Â 094,1.0,0.0,-1.0,1724131,2.0,1,,0.0,2.0,1.0,A01,138Â 209Â 093,5.0
1010074,201900051605,10,28,13:40,1,2,1,1.0,2.0,94073,RENE PANHARD (AV),M,"48,7638000","2,3939300",94,2019,50.0,1.0,1.0,3.0,2258750,1.0,1,1,1,0.0,,-1.0, -1,1962.0,B01,138Â 209Â 094,1.0,0.0,-1.0,1724132,2.0,7,,1.0,2.0,5.0,B01,138Â 209Â 094,1.0
1010075,201900051606,1,9,11:45,1,1,1,8.0,6.0,24242,"route dÃ©partementale 32, pk 38",M,"44,8988990","0,6474660",24,2019,80.0,3.0,2.0,3.0,2258751,1.0,1,2,1,0.0,,0.0,0,1925.0,A01,138Â 209Â 092,0.0,-1.0,-1.0,1724133,2.0,7,,2.0,0.0,1.0,A01,138Â 209Â 092,1.0
1010076,201900051607,10,28,10:00,1,1,1,1.0,3.0,94073,ROUTE NATIONALE 186,M,"48,7539900","2,3698000",94,2019,70.0,1.0,1.0,2.0,2258752,1.0,1,4,1,4.0,,-1.0, -1,1981.0,A01,138Â 209Â 090,8.0,8.0,-1.0,1724134,1.0,17,,0.0,2.0,3.0,A01,138Â 209Â 090,1.0
1010076,201900051607,10,28,10:00,1,1,1,1.0,3.0,94073,ROUTE NATIONALE 186,M,"48,7539900","2,3698000",94,2019,70.0,1.0,1.0,2.0,2258752,1.0,1,4,1,4.0,,-1.0, -1,1981.0,A01,138Â 209Â 090,8.0,8.0,-1.0,1724135,1.0,17,,0.0,2.0,5.0,B01,138Â 209Â 091,1.0
1010076,201900051607,10,28,10:00,1,1,1,1.0,3.0,94073,ROUTE NATIONALE 186,M,"48,7539900","2,3698000",94,2019,70.0,1.0,1.0,2.0,2258753,1.0,1,1,1,4.0,,-1.0,0,1977.0,B01,138Â 209Â 091,1.0,0.0,-1.0,1724134,1.0,17,,0.0,2.0,3.0,A01,138Â 209Â 090,1.0
1010076,201900051607,10,28,10:00,1,1,1,1.0,3.0,94073,ROUTE NATIONALE 186,M,"48,7539900","2,3698000",94,2019,70.0,1.0,1.0,2.0,2258753,1.0,1,1,1,4.0,,-1.0,0,1977.0,B01,138Â 209Â 091,1.0,0.0,-1.0,1724135,1.0,17,,0.0,2.0,5.0,B01,138Â 209Â 091,1.0
1010077,201900051608,10,27,16:45,1,2,3,1.0,3.0,94011,PARIS(AVENUE DE),M,"48,7767000","2,4794000",94,2019,50.0,1.0,1.0,3.0,2258754,1.0,1,1,1,5.0,,-1.0,0,1995.0,A01,138Â 209Â 087,1.0,0.0,-1.0,1724136,1.0,7,,0.0,2.0,5.0,A01,138Â 209Â 087,1.0
1010077,201900051608,10,27,16:45,1,2,3,1.0,3.0,94011,PARIS(AVENUE DE),M,"48,7767000","2,4794000",94,2019,50.0,1.0,1.0,3.0,2258754,1.0,1,1,1,5.0,,-1.0,0,1995.0,A01,138Â 209Â 087,1.0,0.0,-1.0,1724137,2.0,31,,0.0,2.0,3.0,B01,138Â 209Â 088,1.0
1010077,201900051608,10,27,16:45,1,2,3,1.0,3.0,94011,PARIS(AVENUE DE),M,"48,7767000","2,4794000",94,2019,50.0,1.0,1.0,3.0,2258755,1.0,1,4,1,5.0,,-1.0,0,1990.0,B01,138Â 209Â 088,2.0,0.0,-1.0,1724136,1.0,7,,0.0,2.0,5.0,A01,138Â 209Â 087,1.0
1010077,201900051608,10,27,16:45,1,2,3,1.0,3.0,94011,PARIS(AVENUE DE),M,"48,7767000","2,4794000",94,2019,50.0,1.0,1.0,3.0,2258755,1.0,1,4,1,5.0,,-1.0,0,1990.0,B01,138Â 209Â 088,2.0,0.0,-1.0,1724137,2.0,31,,0.0,2.0,3.0,B01,138Â 209Â 088,1.0
1010078,201900051609,1,13,00:40,3,1,3,8.0,3.0,33362,intersection D.910 / D.910 E.1,M,"45,0350160"," -0,1850090",33,2019,80.0,8.0,2.0,3.0,2258756,1.0,1,3,2,5.0,,0.0,0,1934.0,A01,138Â 209Â 086,1.0,-1.0,-1.0,1724138,2.0,7,,0.0,2.0,3.0,A01,138Â 209Â 086,1.0
1010078,201900051609,1,13,00:40,3,1,3,8.0,3.0,33362,intersection D.910 / D.910 E.1,M,"45,0350160"," -0,1850090",33,2019,80.0,8.0,2.0,3.0,2258756,1.0,1,3,2,5.0,,0.0,0,1934.0,A01,138Â 209Â 086,1.0,-1.0,-1.0,1724139,1.0,7,,0.0,2.0,1.0,B01,138Â 209Â 089,1.0
1010078,201900051609,1,13,00:40,3,1,3,8.0,3.0,33362,intersection D.910 / D.910 E.1,M,"45,0350160"," -0,1850090",33,2019,80.0,8.0,2.0,3.0,2258757,1.0,1,1,2,5.0,,0.0,0,1985.0,B01,138Â 209Â 089,1.0,-1.0,-1.0,1724138,2.0,7,,0.0,2.0,3.0,A01,138Â 209Â 086,1.0
1010078,201900051609,1,13,00:40,3,1,3,8.0,3.0,33362,intersection D.910 / D.910 E.1,M,"45,0350160"," -0,1850090",33,2019,80.0,8.0,2.0,3.0,2258757,1.0,1,1,2,5.0,,0.0,0,1985.0,B01,138Â 209Â 089,1.0,-1.0,-1.0,1724139,1.0,7,,0.0,2.0,1.0,B01,138Â 209Â 089,1.0