Unnamed: 0_x,num_acc,mois,jour,hrmn,lum,agg,int,atm,col,com,adr,gps,lat,long,dep,annee,vma,situ,surf,catr,Unnamed: 0_y,place,catu,grav,sexe,trajet,secu,locp,actp,an_nais,num_veh_x,id_vehicule_x,secu1,secu2,secu3,Unnamed: 0,senc,catv,occutc,obs,obsm,choc,num_veh_y,id_vehicule_y,motor
1010078,201900051609,1,13,00:40,3,1,3,8.0,3.0,33362,intersection D.910 / D.910 E.1,M,"45,0350160"," -0,1850090",33,2019,80.0,8.0,2.0,3.0,2258758,9.0,2,1,2,5.0,,0.0,0,2015.0,B01,138Â 209Â 089,1.0,-1.0,-1.0,1724138,2.0,7,,0.0,2.0,3.0,A01,138Â 209Â 086,1.0
1010078,201900051609,1,13,00:40,3,1,3,8.0,3.0,33362,intersection D.910 / D.910 E.1,M,"45,0350160"," -0,1850090",33,2019,80.0,8.0,2.0,3.0,2258758,9.0,2,1,2,5.0,,0.0,0,2015.0,B01,138Â 209Â 089,1.0,-1.0,-1.0,1724139,1.0,7,,0.0,2.0,1.0,B01,138Â 209Â 089,1.0
1010078,201900051609,1,13,00:40,3,1,3,8.0,3.0,33362,intersection D.910 / D.910 E.1,M,"45,0350160"," -0,1850090",33,2019,80.0,8.0,2.0,3.0,2258759,2.0,2,1,1,5.0,,0.0,0,1982.0,B01,138Â 209Â 089,1.0,-1.0,-1.0,1724138,2.0,7,,0.0,2.0,3.0,A01,138Â 209Â 086,1.0
1010078,201900051609,1,13,00:40,3,1,3,8.0,3.0,33362,intersection D.910 / D.910 E.1,M,"45,0350160"," -0,1850090",33,2019,80.0,8.0,2.0,3.0,2258759,2.0,2,1,1,5.0,,0.0,0,1982.0,B01,138Â 209Â 089,1.0,-1.0,-1.0,1724139,1.0,7,,0.0,2.0,1.0,B01,138Â 209Â 089,1.0
1010079,201900051610,10,27,22:00,5,2,1,8.0,1.0,94028,SAVAR.(RUE JULIETTE),M,"48,7822300","2,4644300",94,2019,50.0,1.0,1.0,4.0,2258760,1.0,1,1,1,0.0,,-1.0,0,1989.0,A01,138Â 209Â 084,1.0,0.0,-1.0,1724140,1.0,7,,0.0,2.0,3.0,A01,138Â 209Â 084,1.0
1010079,201900051610,10,27,22:00,5,2,1,8.0,1.0,94028,SAVAR.(RUE JULIETTE),M,"48,7822300","2,4644300",94,2019,50.0,1.0,1.0,4.0,2258760,1.0,1,1,1,0.0,,-1.0,0,1989.0,A01,138Â 209Â 084,1.0,0.0,-1.0,1724141,2.0,7,,0.0,2.0,3.0,B01,138Â 209Â 085,1.0
1010079,201900051610,10,27,22:00,5,2,1,8.0,1.0,94028,SAVAR.(RUE JULIETTE),M,"48,7822300","2,4644300",94,2019,50.0,1.0,1.0,4.0,2258761,2.0,2,4,1,0.0,,-1.0, -1,2006.0,B01,138Â 209Â 085,1.0,0.0,-1.0,1724140,1.0,7,,0.0,2.0,3.0,A01,138Â 209Â 084,1.0
1010079,201900051610,10,27,22:00,5,2,1,8.0,1.0,94028,SAVAR.(RUE JULIETTE),M,"48,7822300","2,4644300",94,2019,50.0,1.0,1.0,4.0,2258761,2.0,2,4,1,0.0,,-1.0, -1,2006.0,B01,138Â 209Â 085,1.0,0.0,-1.0,1724141,2.0,7,,0.0,2.0,3.0,B01,138Â 209Â 085,1.0
1010079,201900051610,10,27,22:00,5,2,1,8.0,1.0,94028,SAVAR.(RUE JULIETTE),M,"48,7822300","2,4644300",94,2019,50.0,1.0,1.0,4.0,2258762,1.0,1,4,2,0.0,,-1.0, -1,1998.0,B01,138Â 209Â 085,1.0,0.0,-1.0,1724140,1.0,7,,0.0,2.0,3.0,A01,138Â 209Â 084,1.0
1010079,201900051610,10,27,22:00,5,2,1,8.0,1.0,94028,SAVAR.(RUE JULIETTE),M,"48,7822300","2,4644300",94,2019,50.0,1.0,1.0,4.0,2258762,1.0,1,4,2,0.0,,-1.0, -1,1998.0,B01,138Â 209Â 085,1.0,0.0,-1.0,1724141,2.0,7,,0.0,2.0,3.0,B01,138Â 209Â 085,1.0
1010080,201900051611,1,9,18:30,3,1,1,1.0,3.0,33433,D242,M,"44,9223500"," -0,4614600",33,2019,80.0,1.0,1.0,3.0,2258763,1.0,1,1,2,5.0,,0.0,0,1987.0,A01,138Â 209Â 082,1.0,-1.0,-1.0,1724142,1.0,7,,0.0,2.0,3.0,A01,138Â 209Â 082,1.0
1010080,201900051611,1,9,18:30,3,1,1,1.0,3.0,33433,D242,M,"44,9223500"," -0,4614600",33,2019,80.0,1.0,1.0,3.0,2258763,1.0,1,1,2,5.0,,0.0,0,1987.0,A01,138Â 209Â 082,1.0,-1.0,-1.0,1724143,1.0,31,,0.0,2.0,7.0,B01,138Â 209Â 083,1.0
1010080,201900051611,1,9,18:30,3,1,1,1.0,3.0,33433,D242,M,"44,9223500"," -0,4614600",33,2019,80.0,1.0,1.0,3.0,2258764,1.0,1,4,1,5.0,,0.0,0,1981.0,B01,138Â 209Â 083,2.0,6.0,9.0,1724142,1.0,7,,0.0,2.0,3.0,A01,138Â 209Â 082,1.0
1010080,201900051611,1,9,18:30,3,1,1,1.0,3.0,33433,D242,M,"44,9223500"," -0,4614600",33,2019,80.0,1.0,1.0,3.0,2258764,1.0,1,4,1,5.0,,0.0,0,1981.0,B01,138Â 209Â 083,2.0,6.0,9.0,1724143,1.0,31,,0.0,2.0,7.0,B01,138Â 209Â 083,1.0
1010081,201900051612,10,27,17:25,5,2,9,9.0,6.0,94054,PIERRE CURIE (AV),M,"48,7399100","2,4037700",94,2019,50.0,-1.0,2.0,4.0,2258765,3.0,2,1,1,5.0,,-1.0, -1,2018.0,A01,138Â 209Â 081,1.0,0.0,-1.0,1724144,2.0,3,,1.0,0.0,3.0,A01,138Â 209Â 081,1.0
1010081,201900051612,10,27,17:25,5,2,9,9.0,6.0,94054,PIERRE CURIE (AV),M,"48,7399100","2,4037700",94,2019,50.0,-1.0,2.0,4.0,2258766,4.0,2,4,1,5.0,,-1.0, -1,2011.0,A01,138Â 209Â 081,1.0,0.0,-1.0,1724144,2.0,3,,1.0,0.0,3.0,A01,138Â 209Â 081,1.0
1010081,201900051612,10,27,17:25,5,2,9,9.0,6.0,94054,PIERRE CURIE (AV),M,"48,7399100","2,4037700",94,2019,50.0,-1.0,2.0,4.0,2258767,1.0,1,4,2,5.0,,-1.0, -1,1981.0,A01,138Â 209Â 081,1.0,8.0,-1.0,1724144,2.0,3,,1.0,0.0,3.0,A01,138Â 209Â 081,1.0
1010082,201900051613,1,11,01:00,3,1,1,1.0,6.0,33422,D211 E2 - rte de boulac,M,"44,8179800"," -0,7524200",33,2019,80.0,3.0,1.0,3.0,2258768,9.0,2,3,1,5.0,,0.0,0,1993.0,A01,138Â 209Â 080,8.0,-1.0,-1.0,1724145,1.0,7,,2.0,0.0,8.0,A01,138Â 209Â 080,1.0
1010082,201900051613,1,11,01:00,3,1,1,1.0,6.0,33422,D211 E2 - rte de boulac,M,"44,8179800"," -0,7524200",33,2019,80.0,3.0,1.0,3.0,2258769,1.0,1,3,1,5.0,,0.0,0,1995.0,A01,138Â 209Â 080,8.0,-1.0,-1.0,1724145,1.0,7,,2.0,0.0,8.0,A01,138Â 209Â 080,1.0
1010082,201900051613,1,11,01:00,3,1,1,1.0,6.0,33422,D211 E2 - rte de boulac,M,"44,8179800"," -0,7524200",33,2019,80.0,3.0,1.0,3.0,2258770,2.0,2,3,1,5.0,,0.0,0,1996.0,A01,138Â 209Â 080,8.0,-1.0,-1.0,1724145,1.0,7,,2.0,0.0,8.0,A01,138Â 209Â 080,1.0
1010083,201900051614,10,28,07:55,1,2,1,1.0,3.0,94017,GENERAL DE GAULLE (AV DU),M,"48,8208500","2,4874900",94,2019,50.0,1.0,1.0,3.0,2258771,1.0,1,4,1,9.0,,-1.0, -1,1997.0,A01,138Â 209Â 078,2.0,4.0,-1.0,1724146,1.0,30,,0.0,2.0,3.0,A01,138Â 209Â 078,1.0
1010083,201900051614,10,28,07:55,1,2,1,1.0,3.0,94017,GENERAL DE GAULLE (AV DU),M,"48,8208500","2,4874900",94,2019,50.0,1.0,1.0,3.0,2258771,1.0,1,4,1,9.0,,-1.0, -1,1997.0,A01,138Â 209Â 078,2.0,4.0,-1.0,1724147,1.0,7,,0.0,2.0,2.0,B01,138Â 209Â 079,1.0
1010083,201900051614,10,28,07:55,1,2,1,1.0,3.0,94017,GENERAL DE GAULLE (AV DU),M,"48,8208500","2,4874900",94,2019,50.0,1.0,1.0,3.0,2258772,1.0,1,1,1,9.0,,-1.0, -1,1973.0,B01,138Â 209Â 079,1.0,8.0,-1.0,1724146,1.0,30,,0.0,2.0,3.0,A01,138Â 209Â 078,1.0
1010083,201900051614,10,28,07:55,1,2,1,1.0,3.0,94017,GENERAL DE GAULLE (AV DU),M,"48,8208500","2,4874900",94,2019,50.0,1.0,1.0,3.0,2258772,1.0,1,1,1,9.0,,-1.0, -1,1973.0,B01,138Â 209Â 079,1.0,8.0,-1.0,1724147,1.0,7,,0.0,2.0,2.0,B01,138Â 209Â 079,1.0
1010084,201900051615,10,27,14:50,1,2,1,1.0,3.0,94002,BLANQUI (QU),M,"48,8057200","2,4108200",94,2019,50.0,1.0,1.0,3.0,2258773,1.0,1,4,1,5.0,,-1.0,0,2001.0,A01,138Â 209Â 073,2.0,6.0,-1.0,1724148,1.0,30,,0.0,2.0,1.0,A01,138Â 209Â 073,1.0
1010084,201900051615,10,27,14:50,1,2,1,1.0,3.0,94002,BLANQUI (QU),M,"48,8057200","2,4108200",94,2019,50.0,1.0,1.0,3.0,2258773,1.0,1,4,1,5.0,,-1.0,0,2001.0,A01,138Â 209Â 073,2.0,6.0,-1.0,1724149,1.0,7,,0.0,2.0,6.0,B01,138Â 209Â 075,0.0
1010085,201900051616,1,11,18:30,3,1,1,2.0,5.0,14762,D407,M,"48,8636020"," -0,8685670",14,2019,80.0,1.0,2.0,3.0,2258774,1.0,1,4,1,5.0,,0.0,0,1994.0,A01,138Â 209Â 072,8.0,-1.0,-1.0,1724150,2.0,7,,3.0,2.0,1.0,A01,138Â 209Â 072,1.0
1010085,201900051616,1,11,18:30,3,1,1,2.0,5.0,14762,D407,M,"48,8636020"," -0,8685670",14,2019,80.0,1.0,2.0,3.0,2258774,1.0,1,4,1,5.0,,0.0,0,1994.0,A01,138Â 209Â 072,8.0,-1.0,-1.0,1724151,1.0,7,,0.0,2.0,1.0,B01,138Â 209Â 074,1.0
1010085,201900051616,1,11,18:30,3,1,1,2.0,5.0,14762,D407,M,"48,8636020"," -0,8685670",14,2019,80.0,1.0,2.0,3.0,2258774,1.0,1,4,1,5.0,,0.0,0,1994.0,A01,138Â 209Â 072,8.0,-1.0,-1.0,1724152,2.0,7,,0.0,2.0,8.0,C01,138Â 209Â 076,1.0
1010085,201900051616,1,11,18:30,3,1,1,2.0,5.0,14762,D407,M,"48,8636020"," -0,8685670",14,2019,80.0,1.0,2.0,3.0,2258774,1.0,1,4,1,5.0,,0.0,0,1994.0,A01,138Â 209Â 072,8.0,-1.0,-1.0,1724153,2.0,14,,0.0,2.0,3.0,E01,138Â 209Â 077,1.0
1010085,201900051616,1,11,18:30,3,1,1,2.0,5.0,14762,D407,M,"48,8636020"," -0,8685670",14,2019,80.0,1.0,2.0,3.0,2258775,1.0,1,3,2,5.0,,0.0,0,1961.0,B01,138Â 209Â 074,8.0,-1.0,-1.0,1724150,2.0,7,,3.0,2.0,1.0,A01,138Â 209Â 072,1.0
1010085,201900051616,1,11,18:30,3,1,1,2.0,5.0,14762,D407,M,"48,8636020"," -0,8685670",14,2019,80.0,1.0,2.0,3.0,2258775,1.0,1,3,2,5.0,,0.0,0,1961.0,B01,138Â 209Â 074,8.0,-1.0,-1.0,1724151,1.0,7,,0.0,2.0,1.0,B01,138Â 209Â 074,1.0
1010085,201900051616,1,11,18:30,3,1,1,2.0,5.0,14762,D407,M,"48,8636020"," -0,8685670",14,2019,80.0,1.0,2.0,3.0,2258775,1.0,1,3,2,5.0,,0.0,0,1961.0,B01,138Â 209Â 074,8.0,-1.0,-1.0,1724152,2.0,7,,0.0,2.0,8.0,C01,138Â 209Â 076,1.0
1010085,201900051616,1,11,18:30,3,1,1,2.0,5.0,14762,D407,M,"48,8636020"," -0,8685670",14,2019,80.0,1.0,2.0,3.0,2258775,1.0,1,3,2,5.0,,0.0,0,1961.0,B01,138Â 209Â 074,8.0,-1.0,-1.0,1724153,2.0,14,,0.0,2.0,3.0,E01,138Â 209Â 077,1.0
1010085,201900051616,1,11,18:30,3,1,1,2.0,5.0,14762,D407,M,"48,8636020"," -0,8685670",14,2019,80.0,1.0,2.0,3.0,2258776,1.0,1,3,2,5.0,,0.0,0,1995.0,C01,138Â 209Â 076,8.0,-1.0,-1.0,1724150,2.0,7,,3.0,2.0,1.0,A01,138Â 209Â 072,1.0
1010085,201900051616,1,11,18:30,3,1,1,2.0,5.0,14762,D407,M,"48,8636020"," -0,8685670",14,2019,80.0,1.0,2.0,3.0,2258776,1.0,1,3,2,5.0,,0.0,0,1995.0,C01,138Â 209Â 076,8.0,-1.0,-1.0,1724151,1.0,7,,0.0,2.0,1.0,B01,138Â 209Â 074,1.0
1010085,201900051616,1,11,18:30,3,1,1,2.0,5.0,14762,D407,M,"48,8636020"," -0,8685670",14,2019,80.0,1.0,2.0,3.0,2258776,1.0,1,3,2,5.0,,0.0,0,1995.0,C01,138Â 209Â 076,8.0,-1.0,-1.0,1724152,2.0,7,,0.0,2.0,8.0,C01,138Â 209Â 076,1.0
1010085,201900051616,1,11,18:30,3,1,1,2.0,5.0,14762,D407,M,"48,8636020"," -0,8685670",14,2019,80.0,1.0,2.0,3.0,2258776,1.0,1,3,2,5.0,,0.0,0,1995.0,C01,138Â 209Â 076,8.0,-1.0,-1.0,1724153,2.0,14,,0.0,2.0,3.0,E01,138Â 209Â 077,1.0
1010085,201900051616,1,11,18:30,3,1,1,2.0,5.0,14762,D407,M,"48,8636020"," -0,8685670",14,2019,80.0,1.0,2.0,3.0,2258777,1.0,1,1,1,4.0,,0.0,0,1981.0,E01,138Â 209Â 077,8.0,-1.0,-1.0,1724150,2.0,7,,3.0,2.0,1.0,A01,138Â 209Â 072,1.0
1010085,201900051616,1,11,18:30,3,1,1,2.0,5.0,14762,D407,M,"48,8636020"," -0,8685670",14,2019,80.0,1.0,2.0,3.0,2258777,1.0,1,1,1,4.0,,0.0,0,1981.0,E01,138Â 209Â 077,8.0,-1.0,-1.0,1724151,1.0,7,,0.0,2.0,1.0,B01,138Â 209Â 074,1.0
1010085,201900051616,1,11,18:30,3,1,1,2.0,5.0,14762,D407,M,"48,8636020"," -0,8685670",14,2019,80.0,1.0,2.0,3.0,2258777,1.0,1,1,1,4.0,,0.0,0,1981.0,E01,138Â 209Â 077,8.0,-1.0,-1.0,1724152,2.0,7,,0.0,2.0,8.0,C01,138Â 209Â 076,1.0
1010085,201900051616,1,11,18:30,3,1,1,2.0,5.0,14762,D407,M,"48,8636020"," -0,8685670",14,2019,80.0,1.0,2.0,3.0,2258777,1.0,1,1,1,4.0,,0.0,0,1981.0,E01,138Â 209Â 077,8.0,-1.0,-1.0,1724153,2.0,14,,0.0,2.0,3.0,E01,138Â 209Â 077,1.0
1010086,201900051617,10,28,02:40,5,2,2,1.0,3.0,94002,GENERAL CHARLES DE GAULLE (R DU),M,"48,8145400","2,4118300",94,2019,50.0,1.0,1.0,3.0,2258778,1.0,1,1,1,5.0,,-1.0, -1,1980.0,A01,138Â 209Â 070,1.0,0.0,-1.0,1724154,2.0,7,,0.0,2.0,3.0,A01,138Â 209Â 070,1.0
1010086,201900051617,10,28,02:40,5,2,2,1.0,3.0,94002,GENERAL CHARLES DE GAULLE (R DU),M,"48,8145400","2,4118300",94,2019,50.0,1.0,1.0,3.0,2258778,1.0,1,1,1,5.0,,-1.0, -1,1980.0,A01,138Â 209Â 070,1.0,0.0,-1.0,1724155,1.0,7,,0.0,2.0,3.0,B01,138Â 209Â 071,1.0
1010086,201900051617,10,28,02:40,5,2,2,1.0,3.0,94002,GENERAL CHARLES DE GAULLE (R DU),M,"48,8145400","2,4118300",94,2019,50.0,1.0,1.0,3.0,2258779,2.0,2,1,1,0.0,,-1.0,0,1980.0,A01,138Â 209Â 070,1.0,0.0,-1.0,1724154,2.0,7,,0.0,2.0,3.0,A01,138Â 209Â 070,1.0
1010086,201900051617,10,28,02:40,5,2,2,1.0,3.0,94002,GENERAL CHARLES DE GAULLE (R DU),M,"48,8145400","2,4118300",94,2019,50.0,1.0,1.0,3.0,2258779,2.0,2,1,1,0.0,,-1.0,0,1980.0,A01,138Â 209Â 070,1.0,0.0,-1.0,1724155,1.0,7,,0.0,2.0,3.0,B01,138Â 209Â 071,1.0
1010086,201900051617,10,28,02:40,5,2,2,1.0,3.0,94002,GENERAL CHARLES DE GAULLE (R DU),M,"48,8145400","2,4118300",94,2019,50.0,1.0,1.0,3.0,2258780,2.0,2,1,1,0.0,,-1.0,0,1980.0,A01,138Â 209Â 070,1.0,0.0,-1.0,1724154,2.0,7,,0.0,2.0,3.0,A01,138Â 209Â 070,1.0
1010086,201900051617,10,28,02:40,5,2,2,1.0,3.0,94002,GENERAL CHARLES DE GAULLE (R DU),M,"48,8145400","2,4118300",94,2019,50.0,1.0,1.0,3.0,2258780,2.0,2,1,1,0.0,,-1.0,0,1980.0,A01,138Â 209Â 070,1.0,0.0,-1.0,1724155,1.0,7,,0.0,2.0,3.0,B01,138Â 209Â 071,1.0
1010086,201900051617,10,28,02:40,5,2,2,1.0,3.0,94002,GENERAL CHARLES DE GAULLE (R DU),M,"48,8145400","2,4118300",94,2019,50.0,1.0,1.0,3.0,2258781,1.0,1,1,1,5.0,,-1.0,0,1957.0,B01,138Â 209Â 071,1.0,0.0,-1.0,1724154,2.0,7,,0.0,2.0,3.0,A01,138Â 209Â 070,1.0
1010086,201900051617,10,28,02:40,5,2,2,1.0,3.0,94002,GENERAL CHARLES DE GAULLE (R DU),M,"48,8145400","2,4118300",94,2019,50.0,1.0,1.0,3.0,2258781,1.0,1,1,1,5.0,,-1.0,0,1957.0,B01,138Â 209Â 071,1.0,0.0,-1.0,1724155,1.0,7,,0.0,2.0,3.0,B01,138Â 209Â 071,1.0
1010086,201900051617,10,28,02:40,5,2,2,1.0,3.0,94002,GENERAL CHARLES DE GAULLE (R DU),M,"48,8145400","2,4118300",94,2019,50.0,1.0,1.0,3.0,2258782,4.0,2,1,1,5.0,,-1.0,0,1972.0,B01,138Â 209Â 071,1.0,0.0,-1.0,1724154,2.0,7,,0.0,2.0,3.0,A01,138Â 209Â 070,1.0
1010086,201900051617,10,28,02:40,5,2,2,1.0,3.0,94002,GENERAL CHARLES DE GAULLE (R DU),M,"48,8145400","2,4118300",94,2019,50.0,1.0,1.0,3.0,2258782,4.0,2,1,1,5.0,,-1.0,0,1972.0,B01,138Â 209Â 071,1.0,0.0,-1.0,1724155,1.0,7,,0.0,2.0,3.0,B01,138Â 209Â 071,1.0
1010086,201900051617,10,28,02:40,5,2,2,1.0,3.0,94002,GENERAL CHARLES DE GAULLE (R DU),M,"48,8145400","2,4118300",94,2019,50.0,1.0,1.0,3.0,2258783,3.0,2,4,2,5.0,,-1.0,0,1955.0,B01,138Â 209Â 071,1.0,0.0,-1.0,1724154,2.0,7,,0.0,2.0,3.0,A01,138Â 209Â 070,1.0
1010086,201900051617,10,28,02:40,5,2,2,1.0,3.0,94002,GENERAL CHARLES DE GAULLE (R DU),M,"48,8145400","2,4118300",94,2019,50.0,1.0,1.0,3.0,2258783,3.0,2,4,2,5.0,,-1.0,0,1955.0,B01,138Â 209Â 071,1.0,0.0,-1.0,1724155,1.0,7,,0.0,2.0,3.0,B01,138Â 209Â 071,1.0
1010086,201900051617,10,28,02:40,5,2,2,1.0,3.0,94002,GENERAL CHARLES DE GAULLE (R DU),M,"48,8145400","2,4118300",94,2019,50.0,1.0,1.0,3.0,2258784,2.0,2,1,2,5.0,,-1.0,0,1956.0,B01,138Â 209Â 071,1.0,0.0,-1.0,1724154,2.0,7,,0.0,2.0,3.0,A01,138Â 209Â 070,1.0
1010086,201900051617,10,28,02:40,5,2,2,1.0,3.0,94002,GENERAL CHARLES DE GAULLE (R DU),M,"48,8145400","2,4118300",94,2019,50.0,1.0,1.0,3.0,2258784,2.0,2,1,2,5.0,,-1.0,0,1956.0,B01,138Â 209Â 071,1.0,0.0,-1.0,1724155,1.0,7,,0.0,2.0,3.0,B01,138Â 209Â 071,1.0
1010087,201900051618,10,28,20:05,5,2,1,1.0,7.0,93077,ROSNY (AVENUE DE),M,"48,8829700","2,4987000",93,2019,50.0,1.0,1.0,3.0,2258785,1.0,1,1,1,4.0,,-1.0, -1,1987.0,A01,138Â 209Â 068,2.0,0.0,-1.0,1724156,1.0,30,,0.0,1.0,1.0,A01,138Â 209Â 068,0.0
1010087,201900051618,10,28,20:05,5,2,1,1.0,7.0,93077,ROSNY (AVENUE DE),M,"48,8829700","2,4987000",93,2019,50.0,1.0,1.0,3.0,2258786,10.0,3,4,1,5.0,,2.0,3,1964.0,A01,138Â 209Â 068,8.0,0.0,-1.0,1724156,1.0,30,,0.0,1.0,1.0,A01,138Â 209Â 068,0.0
1010088,201900051619,1,9,10:20,1,2,1,1.0,6.0,22259,rue de cassepot,M,"48,4475998"," -2,0725441",22,2019,50.0,1.0,1.0,3.0,2258787,10.0,3,3,1,3.0,,2.0,3,1944.0,A01,138Â 209Â 067,0.0,-1.0,-1.0,1724157,1.0,7,,0.0,1.0,3.0,A01,138Â 209Â 067,1.0
1010088,201900051619,1,9,10:20,1,2,1,1.0,6.0,22259,rue de cassepot,M,"48,4475998"," -2,0725441",22,2019,50.0,1.0,1.0,3.0,2258788,1.0,1,1,2,3.0,,0.0,0,1929.0,A01,138Â 209Â 067,1.0,-1.0,-1.0,1724157,1.0,7,,0.0,1.0,3.0,A01,138Â 209Â 067,1.0
1010089,201900051620,1,13,17:30,4,2,1,1.0,6.0,76057,Rue des martyrs de la rÃ©sistance,M,"49,5428620","0,9472650",76,2019,50.0,1.0,1.0,3.0,2258789,10.0,3,3,1,1.0,,3.0,3,1999.0,A01,138Â 209Â 064,0.0,-1.0,-1.0,1724158,1.0,7,,0.0,1.0,1.0,A01,138Â 209Â 064,6.0
1010089,201900051620,1,13,17:30,4,2,1,1.0,6.0,76057,Rue des martyrs de la rÃ©sistance,M,"49,5428620","0,9472650",76,2019,50.0,1.0,1.0,3.0,2258790,1.0,1,1,1,5.0,,0.0,0,1964.0,A01,138Â 209Â 064,8.0,-1.0,-1.0,1724158,1.0,7,,0.0,1.0,1.0,A01,138Â 209Â 064,6.0
1010090,201900051621,10,27,14:45,1,2,1,2.0,2.0,93001,FELIX FAURE (BLD) =>174,M,"48,9056900","2,3810300",93,2019,50.0,1.0,2.0,3.0,2258791,1.0,1,4,1,9.0,,-1.0, -1,2002.0,A01,138Â 209Â 065,2.0,6.0,-1.0,1724159,2.0,32,,0.0,2.0,0.0,A01,138Â 209Â 065,1.0
1010090,201900051621,10,27,14:45,1,2,1,2.0,2.0,93001,FELIX FAURE (BLD) =>174,M,"48,9056900","2,3810300",93,2019,50.0,1.0,2.0,3.0,2258791,1.0,1,4,1,9.0,,-1.0, -1,2002.0,A01,138Â 209Â 065,2.0,6.0,-1.0,1724160,2.0,7,,0.0,2.0,8.0,B01,138Â 209Â 066,1.0
1010090,201900051621,10,27,14:45,1,2,1,2.0,2.0,93001,FELIX FAURE (BLD) =>174,M,"48,9056900","2,3810300",93,2019,50.0,1.0,2.0,3.0,2258792,1.0,1,1,1,9.0,,-1.0, -1,1988.0,B01,138Â 209Â 066,1.0,0.0,-1.0,1724159,2.0,32,,0.0,2.0,0.0,A01,138Â 209Â 065,1.0
1010090,201900051621,10,27,14:45,1,2,1,2.0,2.0,93001,FELIX FAURE (BLD) =>174,M,"48,9056900","2,3810300",93,2019,50.0,1.0,2.0,3.0,2258792,1.0,1,1,1,9.0,,-1.0, -1,1988.0,B01,138Â 209Â 066,1.0,0.0,-1.0,1724160,2.0,7,,0.0,2.0,8.0,B01,138Â 209Â 066,1.0
1010091,201900051622,10,28,16:35,1,2,1,1.0,6.0,92073,SELLIER (BOULEVARD HENRI),M,"48,8623000","2,2163000",92,2019,50.0,1.0,1.0,3.0,2258793,2.0,1,4,1,5.0,,-1.0,0,1996.0,A01,138Â 209Â 061,2.0,0.0,-1.0,1724161,1.0,30,,12.0,0.0,1.0,A01,138Â 209Â 061,1.0
1010092,201900051623,1,9,17:30,5,2,1,1.0,2.0,13207,Tunnel Prado CarÃ©nage,M,"43,3126600","5,3682200",13,2019,50.0,1.0,1.0,1.0,2258794,1.0,1,4,1,1.0,,-1.0, -1,1990.0,A01,138Â 209Â 060,1.0,0.0,-1.0,1724162,1.0,7,,0.0,0.0,4.0,A01,138Â 209Â 060,1.0
1010092,201900051623,1,9,17:30,5,2,1,1.0,2.0,13207,Tunnel Prado CarÃ©nage,M,"43,3126600","5,3682200",13,2019,50.0,1.0,1.0,1.0,2258794,1.0,1,4,1,1.0,,-1.0, -1,1990.0,A01,138Â 209Â 060,1.0,0.0,-1.0,1724163,1.0,7,,0.0,2.0,1.0,B01,138Â 209Â 062,1.0
1010092,201900051623,1,9,17:30,5,2,1,1.0,2.0,13207,Tunnel Prado CarÃ©nage,M,"43,3126600","5,3682200",13,2019,50.0,1.0,1.0,1.0,2258795,2.0,2,4,2,1.0,,-1.0, -1,1985.0,A01,138Â 209Â 060,1.0,0.0,-1.0,1724162,1.0,7,,0.0,0.0,4.0,A01,138Â 209Â 060,1.0
1010092,201900051623,1,9,17:30,5,2,1,1.0,2.0,13207,Tunnel Prado CarÃ©nage,M,"43,3126600","5,3682200",13,2019,50.0,1.0,1.0,1.0,2258795,2.0,2,4,2,1.0,,-1.0, -1,1985.0,A01,138Â 209Â 060,1.0,0.0,-1.0,1724163,1.0,7,,0.0,2.0,1.0,B01,138Â 209Â 062,1.0
1010092,201900051623,1,9,17:30,5,2,1,1.0,2.0,13207,Tunnel Prado CarÃ©nage,M,"43,3126600","5,3682200",13,2019,50.0,1.0,1.0,1.0,2258796,1.0,1,1,1,0.0,,-1.0, -1,1999.0,B01,138Â 209Â 062,1.0,0.0,-1.0,1724162,1.0,7,,0.0,0.0,4.0,A01,138Â 209Â 060,1.0
1010092,201900051623,1,9,17:30,5,2,1,1.0,2.0,13207,Tunnel Prado CarÃ©nage,M,"43,3126600","5,3682200",13,2019,50.0,1.0,1.0,1.0,2258796,1.0,1,1,1,0.0,,-1.0, -1,1999.0,B01,138Â 209Â 062,1.0,0.0,-1.0,1724163,1.0,7,,0.0,2.0,1.0,B01,138Â 209Â 062,1.0
1010093,201900051624,1,9,09:00,1,2,1,1.0,2.0,13202,A55-Sens Marseille vers Martigues,M,"43,2922000","5,3656100",13,2019,50.0,1.0,1.0,1.0,2258797,1.0,1,1,2,0.0,,-1.0, -1,1987.0,A01,138Â 209Â 058,1.0,0.0,-1.0,1724164,1.0,7,,0.0,2.0,4.0,A01,138Â 209Â 058,1.0
1010093,201900051624,1,9,09:00,1,2,1,1.0,2.0,13202,A55-Sens Marseille vers Martigues,M,"43,2922000","5,3656100",13,2019,50.0,1.0,1.0,1.0,2258797,1.0,1,1,2,0.0,,-1.0, -1,1987.0,A01,138Â 209Â 058,1.0,0.0,-1.0,1724165,1.0,34,,0.0,2.0,1.0,B01,138Â 209Â 059,1.0
1010093,201900051624,1,9,09:00,1,2,1,1.0,2.0,13202,A55-Sens Marseille vers Martigues,M,"43,2922000","5,3656100",13,2019,50.0,1.0,1.0,1.0,2258798,1.0,1,4,1,9.0,,-1.0, -1,1959.0,B01,138Â 209Â 059,2.0,0.0,-1.0,1724164,1.0,7,,0.0,2.0,4.0,A01,138Â 209Â 058,1.0