Unnamed: 0_x,num_acc,mois,jour,hrmn,lum,agg,int,atm,col,com,adr,gps,lat,long,dep,annee,vma,situ,surf,catr,Unnamed: 0_y,place,catu,grav,sexe,trajet,secu,locp,actp,an_nais,num_veh_x,id_vehicule_x,secu1,secu2,secu3,Unnamed: 0,senc,catv,occutc,obs,obsm,choc,num_veh_y,id_vehicule_y,motor
1010093,201900051624,1,9,09:00,1,2,1,1.0,2.0,13202,A55-Sens Marseille vers Martigues,M,"43,2922000","5,3656100",13,2019,50.0,1.0,1.0,1.0,2258798,1.0,1,4,1,9.0,,-1.0, -1,1959.0,B01,138Â 209Â 059,2.0,0.0,-1.0,1724165,1.0,34,,0.0,2.0,1.0,B01,138Â 209Â 059,1.0
1010094,201900051625,10,28,18:20,5,2,3,1.0,5.0,92044,CHARLES PASQUA (QUAI) 32 A 58,M,"48,9008363","2,2844171",92,2019,50.0,5.0,1.0,3.0,2258799,1.0,1,4,2,1.0,,-1.0,0,1989.0,B01,138Â 209Â 055,8.0,0.0,-1.0,1724166,3.0,1,,0.0,2.0,8.0,B01,138Â 209Â 055,6.0
1010094,201900051625,10,28,18:20,5,2,3,1.0,5.0,92044,CHARLES PASQUA (QUAI) 32 A 58,M,"48,9008363","2,2844171",92,2019,50.0,5.0,1.0,3.0,2258799,1.0,1,4,2,1.0,,-1.0,0,1989.0,B01,138Â 209Â 055,8.0,0.0,-1.0,1724167,2.0,10,,0.0,2.0,3.0,A01,138Â 209Â 056,1.0
1010094,201900051625,10,28,18:20,5,2,3,1.0,5.0,92044,CHARLES PASQUA (QUAI) 32 A 58,M,"48,9008363","2,2844171",92,2019,50.0,5.0,1.0,3.0,2258799,1.0,1,4,2,1.0,,-1.0,0,1989.0,B01,138Â 209Â 055,8.0,0.0,-1.0,1724168,2.0,10,,0.0,2.0,0.0,C01,138Â 209Â 057,1.0
1010094,201900051625,10,28,18:20,5,2,3,1.0,5.0,92044,CHARLES PASQUA (QUAI) 32 A 58,M,"48,9008363","2,2844171",92,2019,50.0,5.0,1.0,3.0,2258800,1.0,1,1,1,5.0,,-1.0,0,1998.0,A01,138Â 209Â 056,1.0,0.0,-1.0,1724166,3.0,1,,0.0,2.0,8.0,B01,138Â 209Â 055,6.0
1010094,201900051625,10,28,18:20,5,2,3,1.0,5.0,92044,CHARLES PASQUA (QUAI) 32 A 58,M,"48,9008363","2,2844171",92,2019,50.0,5.0,1.0,3.0,2258800,1.0,1,1,1,5.0,,-1.0,0,1998.0,A01,138Â 209Â 056,1.0,0.0,-1.0,1724167,2.0,10,,0.0,2.0,3.0,A01,138Â 209Â 056,1.0
1010094,201900051625,10,28,18:20,5,2,3,1.0,5.0,92044,CHARLES PASQUA (QUAI) 32 A 58,M,"48,9008363","2,2844171",92,2019,50.0,5.0,1.0,3.0,2258800,1.0,1,1,1,5.0,,-1.0,0,1998.0,A01,138Â 209Â 056,1.0,0.0,-1.0,1724168,2.0,10,,0.0,2.0,0.0,C01,138Â 209Â 057,1.0
1010094,201900051625,10,28,18:20,5,2,3,1.0,5.0,92044,CHARLES PASQUA (QUAI) 32 A 58,M,"48,9008363","2,2844171",92,2019,50.0,5.0,1.0,3.0,2258801,1.0,1,1,1,9.0,,-1.0,0,1965.0,C01,138Â 209Â 057,1.0,0.0,-1.0,1724166,3.0,1,,0.0,2.0,8.0,B01,138Â 209Â 055,6.0
1010094,201900051625,10,28,18:20,5,2,3,1.0,5.0,92044,CHARLES PASQUA (QUAI) 32 A 58,M,"48,9008363","2,2844171",92,2019,50.0,5.0,1.0,3.0,2258801,1.0,1,1,1,9.0,,-1.0,0,1965.0,C01,138Â 209Â 057,1.0,0.0,-1.0,1724167,2.0,10,,0.0,2.0,3.0,A01,138Â 209Â 056,1.0
1010094,201900051625,10,28,18:20,5,2,3,1.0,5.0,92044,CHARLES PASQUA (QUAI) 32 A 58,M,"48,9008363","2,2844171",92,2019,50.0,5.0,1.0,3.0,2258801,1.0,1,1,1,9.0,,-1.0,0,1965.0,C01,138Â 209Â 057,1.0,0.0,-1.0,1724168,2.0,10,,0.0,2.0,0.0,C01,138Â 209Â 057,1.0
1010095,201900051626,10,25,13:30,1,2,1,1.0,3.0,92025,STALINGRAD (AV DE),M,"48,9287980","2,2688651",92,2019,50.0,1.0,1.0,3.0,2258802,1.0,1,1,2,0.0,,-1.0,0,1999.0,A01,138Â 209Â 050,1.0,0.0,-1.0,1724169,1.0,7,,0.0,2.0,8.0,A01,138Â 209Â 050,1.0
1010095,201900051626,10,25,13:30,1,2,1,1.0,3.0,92025,STALINGRAD (AV DE),M,"48,9287980","2,2688651",92,2019,50.0,1.0,1.0,3.0,2258802,1.0,1,1,2,0.0,,-1.0,0,1999.0,A01,138Â 209Â 050,1.0,0.0,-1.0,1724170,1.0,1,,1.0,0.0,7.0,B01,138Â 209Â 052,5.0
1010095,201900051626,10,25,13:30,1,2,1,1.0,3.0,92025,STALINGRAD (AV DE),M,"48,9287980","2,2688651",92,2019,50.0,1.0,1.0,3.0,2258803,1.0,1,4,1,0.0,,-1.0,0,1986.0,B01,138Â 209Â 052,2.0,0.0,-1.0,1724169,1.0,7,,0.0,2.0,8.0,A01,138Â 209Â 050,1.0
1010095,201900051626,10,25,13:30,1,2,1,1.0,3.0,92025,STALINGRAD (AV DE),M,"48,9287980","2,2688651",92,2019,50.0,1.0,1.0,3.0,2258803,1.0,1,4,1,0.0,,-1.0,0,1986.0,B01,138Â 209Â 052,2.0,0.0,-1.0,1724170,1.0,1,,1.0,0.0,7.0,B01,138Â 209Â 052,5.0
1010096,201900051627,1,9,12:30,1,1,1,1.0,4.0,13056,A55-Sens Martigues vers Marseille,M,"43,4095100","5,0371200",13,2019,50.0,1.0,1.0,1.0,2258804,1.0,1,1,1,9.0,,-1.0,0,1957.0,A01,138Â 209Â 051,1.0,8.0,-1.0,1724171,1.0,7,,4.0,2.0,4.0,A01,138Â 209Â 051,1.0
1010096,201900051627,1,9,12:30,1,1,1,1.0,4.0,13056,A55-Sens Martigues vers Marseille,M,"43,4095100","5,0371200",13,2019,50.0,1.0,1.0,1.0,2258804,1.0,1,1,1,9.0,,-1.0,0,1957.0,A01,138Â 209Â 051,1.0,8.0,-1.0,1724172,1.0,7,,4.0,2.0,4.0,B01,138Â 209Â 053,1.0
1010096,201900051627,1,9,12:30,1,1,1,1.0,4.0,13056,A55-Sens Martigues vers Marseille,M,"43,4095100","5,0371200",13,2019,50.0,1.0,1.0,1.0,2258804,1.0,1,1,1,9.0,,-1.0,0,1957.0,A01,138Â 209Â 051,1.0,8.0,-1.0,1724173,1.0,7,,4.0,2.0,1.0,C01,138Â 209Â 054,1.0
1010096,201900051627,1,9,12:30,1,1,1,1.0,4.0,13056,A55-Sens Martigues vers Marseille,M,"43,4095100","5,0371200",13,2019,50.0,1.0,1.0,1.0,2258805,1.0,1,4,2,4.0,,-1.0,0,1990.0,B01,138Â 209Â 053,1.0,0.0,-1.0,1724171,1.0,7,,4.0,2.0,4.0,A01,138Â 209Â 051,1.0
1010096,201900051627,1,9,12:30,1,1,1,1.0,4.0,13056,A55-Sens Martigues vers Marseille,M,"43,4095100","5,0371200",13,2019,50.0,1.0,1.0,1.0,2258805,1.0,1,4,2,4.0,,-1.0,0,1990.0,B01,138Â 209Â 053,1.0,0.0,-1.0,1724172,1.0,7,,4.0,2.0,4.0,B01,138Â 209Â 053,1.0
1010096,201900051627,1,9,12:30,1,1,1,1.0,4.0,13056,A55-Sens Martigues vers Marseille,M,"43,4095100","5,0371200",13,2019,50.0,1.0,1.0,1.0,2258805,1.0,1,4,2,4.0,,-1.0,0,1990.0,B01,138Â 209Â 053,1.0,0.0,-1.0,1724173,1.0,7,,4.0,2.0,1.0,C01,138Â 209Â 054,1.0
1010096,201900051627,1,9,12:30,1,1,1,1.0,4.0,13056,A55-Sens Martigues vers Marseille,M,"43,4095100","5,0371200",13,2019,50.0,1.0,1.0,1.0,2258806,1.0,1,4,2,9.0,,-1.0,0,1982.0,C01,138Â 209Â 054,1.0,0.0,-1.0,1724171,1.0,7,,4.0,2.0,4.0,A01,138Â 209Â 051,1.0
1010096,201900051627,1,9,12:30,1,1,1,1.0,4.0,13056,A55-Sens Martigues vers Marseille,M,"43,4095100","5,0371200",13,2019,50.0,1.0,1.0,1.0,2258806,1.0,1,4,2,9.0,,-1.0,0,1982.0,C01,138Â 209Â 054,1.0,0.0,-1.0,1724172,1.0,7,,4.0,2.0,4.0,B01,138Â 209Â 053,1.0
1010096,201900051627,1,9,12:30,1,1,1,1.0,4.0,13056,A55-Sens Martigues vers Marseille,M,"43,4095100","5,0371200",13,2019,50.0,1.0,1.0,1.0,2258806,1.0,1,4,2,9.0,,-1.0,0,1982.0,C01,138Â 209Â 054,1.0,0.0,-1.0,1724173,1.0,7,,4.0,2.0,1.0,C01,138Â 209Â 054,1.0
1010097,201900051628,10,28,16:20,1,1,1,1.0,3.0,29038,D764,M,"48,4047540"," -3,9470200",29,2019,70.0,1.0,2.0,3.0,2258807,1.0,1,1,1,1.0,,0.0,0,1968.0,A01,138Â 209Â 048,1.0,-1.0,-1.0,1724174,2.0,15,,0.0,2.0,2.0,A01,138Â 209Â 048,1.0
1010097,201900051628,10,28,16:20,1,1,1,1.0,3.0,29038,D764,M,"48,4047540"," -3,9470200",29,2019,70.0,1.0,2.0,3.0,2258807,1.0,1,1,1,1.0,,0.0,0,1968.0,A01,138Â 209Â 048,1.0,-1.0,-1.0,1724175,1.0,7,,0.0,2.0,6.0,B01,138Â 209Â 049,1.0
1010097,201900051628,10,28,16:20,1,1,1,1.0,3.0,29038,D764,M,"48,4047540"," -3,9470200",29,2019,70.0,1.0,2.0,3.0,2258808,1.0,1,4,2,5.0,,0.0,0,1956.0,B01,138Â 209Â 049,1.0,-1.0,-1.0,1724174,2.0,15,,0.0,2.0,2.0,A01,138Â 209Â 048,1.0
1010097,201900051628,10,28,16:20,1,1,1,1.0,3.0,29038,D764,M,"48,4047540"," -3,9470200",29,2019,70.0,1.0,2.0,3.0,2258808,1.0,1,4,2,5.0,,0.0,0,1956.0,B01,138Â 209Â 049,1.0,-1.0,-1.0,1724175,1.0,7,,0.0,2.0,6.0,B01,138Â 209Â 049,1.0
1010098,201900051629,10,13,18:20,1,1,1,1.0,3.0,47178,Route de Saint Aubin,M,"44,4853110","0,8785540",47,2019,80.0,1.0,1.0,4.0,2258809,1.0,1,3,1,5.0,,0.0,0,1937.0,B01,138Â 209Â 045,2.0,-1.0,-1.0,1724176,3.0,2,,0.0,2.0,8.0,B01,138Â 209Â 045,1.0
1010098,201900051629,10,13,18:20,1,1,1,1.0,3.0,47178,Route de Saint Aubin,M,"44,4853110","0,8785540",47,2019,80.0,1.0,1.0,4.0,2258809,1.0,1,3,1,5.0,,0.0,0,1937.0,B01,138Â 209Â 045,2.0,-1.0,-1.0,1724177,3.0,7,,0.0,2.0,7.0,A01,138Â 209Â 046,1.0
1010098,201900051629,10,13,18:20,1,1,1,1.0,3.0,47178,Route de Saint Aubin,M,"44,4853110","0,8785540",47,2019,80.0,1.0,1.0,4.0,2258810,1.0,1,1,1,5.0,,0.0,0,1977.0,A01,138Â 209Â 046,1.0,-1.0,-1.0,1724176,3.0,2,,0.0,2.0,8.0,B01,138Â 209Â 045,1.0
1010098,201900051629,10,13,18:20,1,1,1,1.0,3.0,47178,Route de Saint Aubin,M,"44,4853110","0,8785540",47,2019,80.0,1.0,1.0,4.0,2258810,1.0,1,1,1,5.0,,0.0,0,1977.0,A01,138Â 209Â 046,1.0,-1.0,-1.0,1724177,3.0,7,,0.0,2.0,7.0,A01,138Â 209Â 046,1.0
1010099,201900051630,10,28,17:30,2,1,3,2.0,2.0,38134,D38,M,"45,4556000","4,9969090",38,2019,80.0,1.0,2.0,3.0,2258811,7.0,2,4,2,5.0,,0.0,0,2010.0,A01,138Â 209Â 043,1.0,-1.0,-1.0,1724178,3.0,7,,0.0,2.0,1.0,A01,138Â 209Â 043,1.0
1010099,201900051630,10,28,17:30,2,1,3,2.0,2.0,38134,D38,M,"45,4556000","4,9969090",38,2019,80.0,1.0,2.0,3.0,2258811,7.0,2,4,2,5.0,,0.0,0,2010.0,A01,138Â 209Â 043,1.0,-1.0,-1.0,1724179,1.0,7,,2.0,0.0,4.0,B01,138Â 209Â 044,1.0
1010099,201900051630,10,28,17:30,2,1,3,2.0,2.0,38134,D38,M,"45,4556000","4,9969090",38,2019,80.0,1.0,2.0,3.0,2258812,1.0,1,1,1,5.0,,0.0,0,1944.0,A01,138Â 209Â 043,1.0,-1.0,-1.0,1724178,3.0,7,,0.0,2.0,1.0,A01,138Â 209Â 043,1.0
1010099,201900051630,10,28,17:30,2,1,3,2.0,2.0,38134,D38,M,"45,4556000","4,9969090",38,2019,80.0,1.0,2.0,3.0,2258812,1.0,1,1,1,5.0,,0.0,0,1944.0,A01,138Â 209Â 043,1.0,-1.0,-1.0,1724179,1.0,7,,2.0,0.0,4.0,B01,138Â 209Â 044,1.0
1010099,201900051630,10,28,17:30,2,1,3,2.0,2.0,38134,D38,M,"45,4556000","4,9969090",38,2019,80.0,1.0,2.0,3.0,2258813,9.0,2,4,2,5.0,,0.0,0,2013.0,A01,138Â 209Â 043,1.0,-1.0,-1.0,1724178,3.0,7,,0.0,2.0,1.0,A01,138Â 209Â 043,1.0
1010099,201900051630,10,28,17:30,2,1,3,2.0,2.0,38134,D38,M,"45,4556000","4,9969090",38,2019,80.0,1.0,2.0,3.0,2258813,9.0,2,4,2,5.0,,0.0,0,2013.0,A01,138Â 209Â 043,1.0,-1.0,-1.0,1724179,1.0,7,,2.0,0.0,4.0,B01,138Â 209Â 044,1.0
1010099,201900051630,10,28,17:30,2,1,3,2.0,2.0,38134,D38,M,"45,4556000","4,9969090",38,2019,80.0,1.0,2.0,3.0,2258814,2.0,2,4,2,5.0,,0.0,0,1946.0,A01,138Â 209Â 043,1.0,-1.0,-1.0,1724178,3.0,7,,0.0,2.0,1.0,A01,138Â 209Â 043,1.0
1010099,201900051630,10,28,17:30,2,1,3,2.0,2.0,38134,D38,M,"45,4556000","4,9969090",38,2019,80.0,1.0,2.0,3.0,2258814,2.0,2,4,2,5.0,,0.0,0,1946.0,A01,138Â 209Â 043,1.0,-1.0,-1.0,1724179,1.0,7,,2.0,0.0,4.0,B01,138Â 209Â 044,1.0
1010099,201900051630,10,28,17:30,2,1,3,2.0,2.0,38134,D38,M,"45,4556000","4,9969090",38,2019,80.0,1.0,2.0,3.0,2258815,1.0,1,4,1,5.0,,0.0,0,1971.0,B01,138Â 209Â 044,1.0,-1.0,-1.0,1724178,3.0,7,,0.0,2.0,1.0,A01,138Â 209Â 043,1.0
1010099,201900051630,10,28,17:30,2,1,3,2.0,2.0,38134,D38,M,"45,4556000","4,9969090",38,2019,80.0,1.0,2.0,3.0,2258815,1.0,1,4,1,5.0,,0.0,0,1971.0,B01,138Â 209Â 044,1.0,-1.0,-1.0,1724179,1.0,7,,2.0,0.0,4.0,B01,138Â 209Â 044,1.0
1010100,201900051631,10,28,20:10,5,1,1,2.0,3.0,38160,D538,M,"45,4718500","4,9734000",38,2019,80.0,1.0,2.0,3.0,2258816,1.0,1,4,2,5.0,,0.0,0,1947.0,B01,138Â 209Â 041,1.0,-1.0,-1.0,1724180,2.0,7,,0.0,2.0,1.0,B01,138Â 209Â 041,1.0
1010100,201900051631,10,28,20:10,5,1,1,2.0,3.0,38160,D538,M,"45,4718500","4,9734000",38,2019,80.0,1.0,2.0,3.0,2258816,1.0,1,4,2,5.0,,0.0,0,1947.0,B01,138Â 209Â 041,1.0,-1.0,-1.0,1724181,1.0,7,,0.0,2.0,7.0,A01,138Â 209Â 042,1.0
1010100,201900051631,10,28,20:10,5,1,1,2.0,3.0,38160,D538,M,"45,4718500","4,9734000",38,2019,80.0,1.0,2.0,3.0,2258817,1.0,1,4,1,5.0,,0.0,0,1994.0,A01,138Â 209Â 042,1.0,-1.0,-1.0,1724180,2.0,7,,0.0,2.0,1.0,B01,138Â 209Â 041,1.0
1010100,201900051631,10,28,20:10,5,1,1,2.0,3.0,38160,D538,M,"45,4718500","4,9734000",38,2019,80.0,1.0,2.0,3.0,2258817,1.0,1,4,1,5.0,,0.0,0,1994.0,A01,138Â 209Â 042,1.0,-1.0,-1.0,1724181,1.0,7,,0.0,2.0,7.0,A01,138Â 209Â 042,1.0
1010101,201900051632,10,28,07:35,2,1,6,5.0,6.0,13078,D268,M,"43,4176740","4,8058440",13,2019,80.0,8.0,1.0,3.0,2258818,1.0,1,3,1,0.0,,0.0,0,1990.0,A01,138Â 209Â 040,2.0,6.0,-1.0,1724182,0.0,34,,12.0,0.0,2.0,A01,138Â 209Â 040,1.0
1010102,201900051633,10,28,19:05,3,1,9,2.0,2.0,22225,Guingamp,M,"48,5497216"," -3,1480624",22,2019,110.0,1.0,2.0,2.0,2258819,1.0,1,4,2,1.0,,0.0,0,1988.0,A01,138Â 209Â 035,1.0,-1.0,-1.0,1724183,1.0,7,,0.0,0.0,6.0,A01,138Â 209Â 035,1.0
1010102,201900051633,10,28,19:05,3,1,9,2.0,2.0,22225,Guingamp,M,"48,5497216"," -3,1480624",22,2019,110.0,1.0,2.0,2.0,2258819,1.0,1,4,2,1.0,,0.0,0,1988.0,A01,138Â 209Â 035,1.0,-1.0,-1.0,1724184,1.0,7,,0.0,2.0,2.0,B01,138Â 209Â 037,1.0
1010102,201900051633,10,28,19:05,3,1,9,2.0,2.0,22225,Guingamp,M,"48,5497216"," -3,1480624",22,2019,110.0,1.0,2.0,2.0,2258820,1.0,1,1,1,5.0,,0.0,0,1956.0,B01,138Â 209Â 037,1.0,-1.0,-1.0,1724183,1.0,7,,0.0,0.0,6.0,A01,138Â 209Â 035,1.0
1010102,201900051633,10,28,19:05,3,1,9,2.0,2.0,22225,Guingamp,M,"48,5497216"," -3,1480624",22,2019,110.0,1.0,2.0,2.0,2258820,1.0,1,1,1,5.0,,0.0,0,1956.0,B01,138Â 209Â 037,1.0,-1.0,-1.0,1724184,1.0,7,,0.0,2.0,2.0,B01,138Â 209Â 037,1.0
1010103,201900051634,10,20,11:55,1,1,1,3.0,6.0,58215,A77,M,"47,2923770","2,9559090",58,2019,130.0,1.0,2.0,1.0,2258821,1.0,1,1,1,5.0,,0.0,0,1946.0,A01,138Â 209Â 034,8.0,-1.0,-1.0,1724185,1.0,7,,3.0,0.0,1.0,A01,138Â 209Â 034,1.0
1010103,201900051634,10,20,11:55,1,1,1,3.0,6.0,58215,A77,M,"47,2923770","2,9559090",58,2019,130.0,1.0,2.0,1.0,2258822,2.0,2,4,2,5.0,,0.0,0,1941.0,A01,138Â 209Â 034,8.0,-1.0,-1.0,1724185,1.0,7,,3.0,0.0,1.0,A01,138Â 209Â 034,1.0
1010104,201900051635,10,29,18:30,3,1,1,1.0,6.0,62341,Route dÃ©partementale 6,M,"50,1462000","2,6043670",62,2019,80.0,1.0,1.0,3.0,2258823,3.0,2,4,1,5.0,,0.0,0,2016.0,B01,138Â 209Â 032,3.0,-1.0,-1.0,1724186,1.0,7,,0.0,2.0,8.0,B01,138Â 209Â 032,1.0
1010104,201900051635,10,29,18:30,3,1,1,1.0,6.0,62341,Route dÃ©partementale 6,M,"50,1462000","2,6043670",62,2019,80.0,1.0,1.0,3.0,2258823,3.0,2,4,1,5.0,,0.0,0,2016.0,B01,138Â 209Â 032,3.0,-1.0,-1.0,1724187,2.0,7,,0.0,2.0,9.0,A01,138Â 209Â 033,1.0
1010104,201900051635,10,29,18:30,3,1,1,1.0,6.0,62341,Route dÃ©partementale 6,M,"50,1462000","2,6043670",62,2019,80.0,1.0,1.0,3.0,2258824,4.0,2,4,2,5.0,,0.0,0,2014.0,B01,138Â 209Â 032,3.0,-1.0,-1.0,1724186,1.0,7,,0.0,2.0,8.0,B01,138Â 209Â 032,1.0
1010104,201900051635,10,29,18:30,3,1,1,1.0,6.0,62341,Route dÃ©partementale 6,M,"50,1462000","2,6043670",62,2019,80.0,1.0,1.0,3.0,2258824,4.0,2,4,2,5.0,,0.0,0,2014.0,B01,138Â 209Â 032,3.0,-1.0,-1.0,1724187,2.0,7,,0.0,2.0,9.0,A01,138Â 209Â 033,1.0
1010104,201900051635,10,29,18:30,3,1,1,1.0,6.0,62341,Route dÃ©partementale 6,M,"50,1462000","2,6043670",62,2019,80.0,1.0,1.0,3.0,2258825,1.0,1,4,2,5.0,,0.0,0,1961.0,B01,138Â 209Â 032,1.0,-1.0,-1.0,1724186,1.0,7,,0.0,2.0,8.0,B01,138Â 209Â 032,1.0
1010104,201900051635,10,29,18:30,3,1,1,1.0,6.0,62341,Route dÃ©partementale 6,M,"50,1462000","2,6043670",62,2019,80.0,1.0,1.0,3.0,2258825,1.0,1,4,2,5.0,,0.0,0,1961.0,B01,138Â 209Â 032,1.0,-1.0,-1.0,1724187,2.0,7,,0.0,2.0,9.0,A01,138Â 209Â 033,1.0
1010104,201900051635,10,29,18:30,3,1,1,1.0,6.0,62341,Route dÃ©partementale 6,M,"50,1462000","2,6043670",62,2019,80.0,1.0,1.0,3.0,2258826,2.0,2,3,1,5.0,,0.0,0,1990.0,A01,138Â 209Â 033,1.0,-1.0,-1.0,1724186,1.0,7,,0.0,2.0,8.0,B01,138Â 209Â 032,1.0
1010104,201900051635,10,29,18:30,3,1,1,1.0,6.0,62341,Route dÃ©partementale 6,M,"50,1462000","2,6043670",62,2019,80.0,1.0,1.0,3.0,2258826,2.0,2,3,1,5.0,,0.0,0,1990.0,A01,138Â 209Â 033,1.0,-1.0,-1.0,1724187,2.0,7,,0.0,2.0,9.0,A01,138Â 209Â 033,1.0
1010104,201900051635,10,29,18:30,3,1,1,1.0,6.0,62341,Route dÃ©partementale 6,M,"50,1462000","2,6043670",62,2019,80.0,1.0,1.0,3.0,2258827,1.0,1,4,1,5.0,,0.0,0,1987.0,A01,138Â 209Â 033,1.0,-1.0,-1.0,1724186,1.0,7,,0.0,2.0,8.0,B01,138Â 209Â 032,1.0
1010104,201900051635,10,29,18:30,3,1,1,1.0,6.0,62341,Route dÃ©partementale 6,M,"50,1462000","2,6043670",62,2019,80.0,1.0,1.0,3.0,2258827,1.0,1,4,1,5.0,,0.0,0,1987.0,A01,138Â 209Â 033,1.0,-1.0,-1.0,1724187,2.0,7,,0.0,2.0,9.0,A01,138Â 209Â 033,1.0
1010104,201900051635,10,29,18:30,3,1,1,1.0,6.0,62341,Route dÃ©partementale 6,M,"50,1462000","2,6043670",62,2019,80.0,1.0,1.0,3.0,2258828,4.0,2,4,2,5.0,,0.0,0,2000.0,A01,138Â 209Â 033,1.0,-1.0,-1.0,1724186,1.0,7,,0.0,2.0,8.0,B01,138Â 209Â 032,1.0
1010104,201900051635,10,29,18:30,3,1,1,1.0,6.0,62341,Route dÃ©partementale 6,M,"50,1462000","2,6043670",62,2019,80.0,1.0,1.0,3.0,2258828,4.0,2,4,2,5.0,,0.0,0,2000.0,A01,138Â 209Â 033,1.0,-1.0,-1.0,1724187,2.0,7,,0.0,2.0,9.0,A01,138Â 209Â 033,1.0
1010104,201900051635,10,29,18:30,3,1,1,1.0,6.0,62341,Route dÃ©partementale 6,M,"50,1462000","2,6043670",62,2019,80.0,1.0,1.0,3.0,2258829,3.0,2,4,1,5.0,,0.0,0,1999.0,A01,138Â 209Â 033,1.0,-1.0,-1.0,1724186,1.0,7,,0.0,2.0,8.0,B01,138Â 209Â 032,1.0
1010104,201900051635,10,29,18:30,3,1,1,1.0,6.0,62341,Route dÃ©partementale 6,M,"50,1462000","2,6043670",62,2019,80.0,1.0,1.0,3.0,2258829,3.0,2,4,1,5.0,,0.0,0,1999.0,A01,138Â 209Â 033,1.0,-1.0,-1.0,1724187,2.0,7,,0.0,2.0,9.0,A01,138Â 209Â 033,1.0
1010105,201900051636,1,10,08:30,2,2,1,1.0,2.0,13071,A7-Sens Lyon vers Marseille,M,"43,2848610","5,4180680",13,2019,90.0,1.0,1.0,1.0,2258830,1.0,1,4,2,1.0,,-1.0, -1,1995.0,A01,138Â 209Â 036,1.0,0.0,-1.0,1724188,2.0,10,,0.0,2.0,4.0,A01,138Â 209Â 036,1.0
1010105,201900051636,1,10,08:30,2,2,1,1.0,2.0,13071,A7-Sens Lyon vers Marseille,M,"43,2848610","5,4180680",13,2019,90.0,1.0,1.0,1.0,2258830,1.0,1,4,2,1.0,,-1.0, -1,1995.0,A01,138Â 209Â 036,1.0,0.0,-1.0,1724189,2.0,10,,0.0,2.0,1.0,B01,138Â 209Â 047,1.0
1010105,201900051636,1,10,08:30,2,2,1,1.0,2.0,13071,A7-Sens Lyon vers Marseille,M,"43,2848610","5,4180680",13,2019,90.0,1.0,1.0,1.0,2258831,1.0,1,4,2,1.0,,-1.0, -1,1993.0,B01,138Â 209Â 047,1.0,0.0,-1.0,1724188,2.0,10,,0.0,2.0,4.0,A01,138Â 209Â 036,1.0
1010105,201900051636,1,10,08:30,2,2,1,1.0,2.0,13071,A7-Sens Lyon vers Marseille,M,"43,2848610","5,4180680",13,2019,90.0,1.0,1.0,1.0,2258831,1.0,1,4,2,1.0,,-1.0, -1,1993.0,B01,138Â 209Â 047,1.0,0.0,-1.0,1724189,2.0,10,,0.0,2.0,1.0,B01,138Â 209Â 047,1.0
1010106,201900051637,10,17,11:00,1,2,6,1.0,3.0,51569,RD 275,M,"49,2615274","3,9615764",51,2019,50.0,1.0,1.0,3.0,2258832,1.0,1,3,2,1.0,,0.0,0,1992.0,B01,138Â 209Â 029,0.0,-1.0,-1.0,1724190,1.0,50,,0.0,2.0,5.0,B01,138Â 209Â 029,3.0
1010106,201900051637,10,17,11:00,1,2,6,1.0,3.0,51569,RD 275,M,"49,2615274","3,9615764",51,2019,50.0,1.0,1.0,3.0,2258832,1.0,1,3,2,1.0,,0.0,0,1992.0,B01,138Â 209Â 029,0.0,-1.0,-1.0,1724191,2.0,7,,0.0,2.0,2.0,A01,138Â 209Â 030,1.0
1010106,201900051637,10,17,11:00,1,2,6,1.0,3.0,51569,RD 275,M,"49,2615274","3,9615764",51,2019,50.0,1.0,1.0,3.0,2258833,1.0,1,1,2,3.0,,0.0,0,1934.0,A01,138Â 209Â 030,1.0,-1.0,-1.0,1724190,1.0,50,,0.0,2.0,5.0,B01,138Â 209Â 029,3.0
1010106,201900051637,10,17,11:00,1,2,6,1.0,3.0,51569,RD 275,M,"49,2615274","3,9615764",51,2019,50.0,1.0,1.0,3.0,2258833,1.0,1,1,2,3.0,,0.0,0,1934.0,A01,138Â 209Â 030,1.0,-1.0,-1.0,1724191,2.0,7,,0.0,2.0,2.0,A01,138Â 209Â 030,1.0
1010107,201900051638,1,9,22:45,3,1,1,1.0,1.0,13001,A51-Sens Marseille vers Aix en Provence,M,"43,5113200","5,4207100",13,2019,70.0,1.0,1.0,1.0,2258834,1.0,1,2,1,5.0,,-1.0, -1,1937.0,B01,138Â 209Â 028,1.0,0.0,-1.0,1724192,1.0,10,,0.0,2.0,1.0,B01,138Â 209Â 028,1.0
1010107,201900051638,1,9,22:45,3,1,1,1.0,1.0,13001,A51-Sens Marseille vers Aix en Provence,M,"43,5113200","5,4207100",13,2019,70.0,1.0,1.0,1.0,2258834,1.0,1,2,1,5.0,,-1.0, -1,1937.0,B01,138Â 209Â 028,1.0,0.0,-1.0,1724193,1.0,10,,0.0,2.0,1.0,A01,138Â 209Â 031,1.0