Unnamed: 0_x,num_acc,mois,jour,hrmn,lum,agg,int,atm,col,com,adr,gps,lat,long,dep,annee,vma,situ,surf,catr,Unnamed: 0_y,place,catu,grav,sexe,trajet,secu,locp,actp,an_nais,num_veh_x,id_vehicule_x,secu1,secu2,secu3,Unnamed: 0,senc,catv,occutc,obs,obsm,choc,num_veh_y,id_vehicule_y,motor
1010107,201900051638,1,9,22:45,3,1,1,1.0,1.0,13001,A51-Sens Marseille vers Aix en Provence,M,"43,5113200","5,4207100",13,2019,70.0,1.0,1.0,1.0,2258835,1.0,1,3,1,5.0,,-1.0, -1,1994.0,A01,138Â 209Â 031,1.0,0.0,-1.0,1724192,1.0,10,,0.0,2.0,1.0,B01,138Â 209Â 028,1.0
1010107,201900051638,1,9,22:45,3,1,1,1.0,1.0,13001,A51-Sens Marseille vers Aix en Provence,M,"43,5113200","5,4207100",13,2019,70.0,1.0,1.0,1.0,2258835,1.0,1,3,1,5.0,,-1.0, -1,1994.0,A01,138Â 209Â 031,1.0,0.0,-1.0,1724193,1.0,10,,0.0,2.0,1.0,A01,138Â 209Â 031,1.0
1010108,201900051639,10,27,22:30,5,2,1,1.0,7.0,51193,98 RUE SAINT JULIEN,M,"48,9881060","4,5575770",51,2019,50.0,1.0,1.0,4.0,2258836,1.0,1,3,1,5.0,,0.0,0,2003.0,A01,138Â 209Â 027,2.0,6.0,-1.0,1724194,1.0,2,,1.0,0.0,1.0,A01,138Â 209Â 027,1.0
1010109,201900051640,1,9,10:50,1,2,1,1.0,2.0,13081,A7-Sens Lyon vers Marseille,M,"43,4619320","5,2348590",13,2019,90.0,1.0,1.0,1.0,2258837,1.0,1,1,1,5.0,,-1.0, -1,1965.0,A01,138Â 209Â 025,1.0,0.0,-1.0,1724195,1.0,10,,0.0,2.0,4.0,A01,138Â 209Â 025,1.0
1010109,201900051640,1,9,10:50,1,2,1,1.0,2.0,13081,A7-Sens Lyon vers Marseille,M,"43,4619320","5,2348590",13,2019,90.0,1.0,1.0,1.0,2258837,1.0,1,1,1,5.0,,-1.0, -1,1965.0,A01,138Â 209Â 025,1.0,0.0,-1.0,1724196,1.0,10,,0.0,2.0,1.0,B01,138Â 209Â 026,1.0
1010109,201900051640,1,9,10:50,1,2,1,1.0,2.0,13081,A7-Sens Lyon vers Marseille,M,"43,4619320","5,2348590",13,2019,90.0,1.0,1.0,1.0,2258838,2.0,2,4,2,5.0,,-1.0, -1,1968.0,A01,138Â 209Â 025,1.0,0.0,-1.0,1724195,1.0,10,,0.0,2.0,4.0,A01,138Â 209Â 025,1.0
1010109,201900051640,1,9,10:50,1,2,1,1.0,2.0,13081,A7-Sens Lyon vers Marseille,M,"43,4619320","5,2348590",13,2019,90.0,1.0,1.0,1.0,2258838,2.0,2,4,2,5.0,,-1.0, -1,1968.0,A01,138Â 209Â 025,1.0,0.0,-1.0,1724196,1.0,10,,0.0,2.0,1.0,B01,138Â 209Â 026,1.0
1010109,201900051640,1,9,10:50,1,2,1,1.0,2.0,13081,A7-Sens Lyon vers Marseille,M,"43,4619320","5,2348590",13,2019,90.0,1.0,1.0,1.0,2258839,1.0,1,4,2,1.0,,-1.0, -1,1995.0,B01,138Â 209Â 026,1.0,0.0,-1.0,1724195,1.0,10,,0.0,2.0,4.0,A01,138Â 209Â 025,1.0
1010109,201900051640,1,9,10:50,1,2,1,1.0,2.0,13081,A7-Sens Lyon vers Marseille,M,"43,4619320","5,2348590",13,2019,90.0,1.0,1.0,1.0,2258839,1.0,1,4,2,1.0,,-1.0, -1,1995.0,B01,138Â 209Â 026,1.0,0.0,-1.0,1724196,1.0,10,,0.0,2.0,1.0,B01,138Â 209Â 026,1.0
1010110,201900051641,10,28,15:25,1,1,4,1.0,7.0,67134,D655,M,"48,8577560","7,1192980",67,2019,80.0,3.0,1.0,3.0,2258840,1.0,1,3,2,5.0,,0.0,0,1957.0,A01,138Â 209Â 024,2.0,6.0,-1.0,1724197,2.0,31,,13.0,0.0,8.0,A01,138Â 209Â 024,1.0
1010111,201900051642,9,14,17:10,1,1,2,1.0,3.0,79126,,M,"46,1780260"," -0,3664600",79,2019,80.0,1.0,1.0,3.0,2258841,2.0,2,3,1,5.0,,0.0,0,1985.0,A01,138Â 209Â 020,1.0,-1.0,-1.0,1724198,1.0,7,,7.0,2.0,1.0,A01,138Â 209Â 020,0.0
1010111,201900051642,9,14,17:10,1,1,2,1.0,3.0,79126,,M,"46,1780260"," -0,3664600",79,2019,80.0,1.0,1.0,3.0,2258841,2.0,2,3,1,5.0,,0.0,0,1985.0,A01,138Â 209Â 020,1.0,-1.0,-1.0,1724199,2.0,7,,7.0,2.0,8.0,B01,138Â 209Â 022,0.0
1010111,201900051642,9,14,17:10,1,1,2,1.0,3.0,79126,,M,"46,1780260"," -0,3664600",79,2019,80.0,1.0,1.0,3.0,2258842,1.0,1,1,2,5.0,,0.0,0,1994.0,A01,138Â 209Â 020,1.0,-1.0,-1.0,1724198,1.0,7,,7.0,2.0,1.0,A01,138Â 209Â 020,0.0
1010111,201900051642,9,14,17:10,1,1,2,1.0,3.0,79126,,M,"46,1780260"," -0,3664600",79,2019,80.0,1.0,1.0,3.0,2258842,1.0,1,1,2,5.0,,0.0,0,1994.0,A01,138Â 209Â 020,1.0,-1.0,-1.0,1724199,2.0,7,,7.0,2.0,8.0,B01,138Â 209Â 022,0.0
1010111,201900051642,9,14,17:10,1,1,2,1.0,3.0,79126,,M,"46,1780260"," -0,3664600",79,2019,80.0,1.0,1.0,3.0,2258843,9.0,2,1,1,5.0,,0.0,0,2017.0,A01,138Â 209Â 020,3.0,-1.0,-1.0,1724198,1.0,7,,7.0,2.0,1.0,A01,138Â 209Â 020,0.0
1010111,201900051642,9,14,17:10,1,1,2,1.0,3.0,79126,,M,"46,1780260"," -0,3664600",79,2019,80.0,1.0,1.0,3.0,2258843,9.0,2,1,1,5.0,,0.0,0,2017.0,A01,138Â 209Â 020,3.0,-1.0,-1.0,1724199,2.0,7,,7.0,2.0,8.0,B01,138Â 209Â 022,0.0
1010111,201900051642,9,14,17:10,1,1,2,1.0,3.0,79126,,M,"46,1780260"," -0,3664600",79,2019,80.0,1.0,1.0,3.0,2258844,2.0,2,1,2,5.0,,0.0,0,1998.0,B01,138Â 209Â 022,1.0,-1.0,-1.0,1724198,1.0,7,,7.0,2.0,1.0,A01,138Â 209Â 020,0.0
1010111,201900051642,9,14,17:10,1,1,2,1.0,3.0,79126,,M,"46,1780260"," -0,3664600",79,2019,80.0,1.0,1.0,3.0,2258844,2.0,2,1,2,5.0,,0.0,0,1998.0,B01,138Â 209Â 022,1.0,-1.0,-1.0,1724199,2.0,7,,7.0,2.0,8.0,B01,138Â 209Â 022,0.0
1010111,201900051642,9,14,17:10,1,1,2,1.0,3.0,79126,,M,"46,1780260"," -0,3664600",79,2019,80.0,1.0,1.0,3.0,2258845,1.0,1,3,1,5.0,,0.0,0,1998.0,B01,138Â 209Â 022,1.0,-1.0,-1.0,1724198,1.0,7,,7.0,2.0,1.0,A01,138Â 209Â 020,0.0
1010111,201900051642,9,14,17:10,1,1,2,1.0,3.0,79126,,M,"46,1780260"," -0,3664600",79,2019,80.0,1.0,1.0,3.0,2258845,1.0,1,3,1,5.0,,0.0,0,1998.0,B01,138Â 209Â 022,1.0,-1.0,-1.0,1724199,2.0,7,,7.0,2.0,8.0,B01,138Â 209Â 022,0.0
1010112,201900051643,1,8,12:00,1,1,1,6.0,2.0,13055,A507 sens Aubagne- Marseille,M,"43,3212500","5,4226600",13,2019,70.0,1.0,1.0,1.0,2258846,1.0,1,1,1,2.0,,-1.0,0,1994.0,B01,138Â 209Â 021,1.0,0.0,-1.0,1724200,1.0,7,,0.0,2.0,1.0,B01,138Â 209Â 021,1.0
1010112,201900051643,1,8,12:00,1,1,1,6.0,2.0,13055,A507 sens Aubagne- Marseille,M,"43,3212500","5,4226600",13,2019,70.0,1.0,1.0,1.0,2258846,1.0,1,1,1,2.0,,-1.0,0,1994.0,B01,138Â 209Â 021,1.0,0.0,-1.0,1724201,1.0,7,,0.0,2.0,4.0,A01,138Â 209Â 023,1.0
1010112,201900051643,1,8,12:00,1,1,1,6.0,2.0,13055,A507 sens Aubagne- Marseille,M,"43,3212500","5,4226600",13,2019,70.0,1.0,1.0,1.0,2258847,2.0,2,1,2,0.0,,-1.0,0,1951.0,A01,138Â 209Â 023,1.0,0.0,-1.0,1724200,1.0,7,,0.0,2.0,1.0,B01,138Â 209Â 021,1.0
1010112,201900051643,1,8,12:00,1,1,1,6.0,2.0,13055,A507 sens Aubagne- Marseille,M,"43,3212500","5,4226600",13,2019,70.0,1.0,1.0,1.0,2258847,2.0,2,1,2,0.0,,-1.0,0,1951.0,A01,138Â 209Â 023,1.0,0.0,-1.0,1724201,1.0,7,,0.0,2.0,4.0,A01,138Â 209Â 023,1.0
1010112,201900051643,1,8,12:00,1,1,1,6.0,2.0,13055,A507 sens Aubagne- Marseille,M,"43,3212500","5,4226600",13,2019,70.0,1.0,1.0,1.0,2258848,3.0,2,1,2,5.0,,-1.0,0,1958.0,A01,138Â 209Â 023,1.0,0.0,-1.0,1724200,1.0,7,,0.0,2.0,1.0,B01,138Â 209Â 021,1.0
1010112,201900051643,1,8,12:00,1,1,1,6.0,2.0,13055,A507 sens Aubagne- Marseille,M,"43,3212500","5,4226600",13,2019,70.0,1.0,1.0,1.0,2258848,3.0,2,1,2,5.0,,-1.0,0,1958.0,A01,138Â 209Â 023,1.0,0.0,-1.0,1724201,1.0,7,,0.0,2.0,4.0,A01,138Â 209Â 023,1.0
1010112,201900051643,1,8,12:00,1,1,1,6.0,2.0,13055,A507 sens Aubagne- Marseille,M,"43,3212500","5,4226600",13,2019,70.0,1.0,1.0,1.0,2258849,1.0,1,4,1,4.0,,-1.0,0,1973.0,A01,138Â 209Â 023,1.0,0.0,-1.0,1724200,1.0,7,,0.0,2.0,1.0,B01,138Â 209Â 021,1.0
1010112,201900051643,1,8,12:00,1,1,1,6.0,2.0,13055,A507 sens Aubagne- Marseille,M,"43,3212500","5,4226600",13,2019,70.0,1.0,1.0,1.0,2258849,1.0,1,4,1,4.0,,-1.0,0,1973.0,A01,138Â 209Â 023,1.0,0.0,-1.0,1724201,1.0,7,,0.0,2.0,4.0,A01,138Â 209Â 023,1.0
1010113,201900051644,1,7,18:50,3,1,1,1.0,6.0,13022,A50-Sens Aubagne vers Toulon,M,"43,2143000","5,6068800",13,2019,90.0,1.0,1.0,1.0,2258850,1.0,1,4,1,4.0,,-1.0, -1,1984.0,A01,138Â 209Â 019,1.0,0.0,-1.0,1724202,1.0,17,,3.0,0.0,8.0,A01,138Â 209Â 019,1.0
1010114,201900051645,9,25,14:15,1,1,1,2.0,1.0,49018,Route des Sourches (Saint-Quentin-lÃ¨s-Beaurepaire),M,"47,6252520"," -0,0950730",49,2019,80.0,1.0,2.0,4.0,2258851,1.0,1,3,1,5.0,,0.0,0,2005.0,A01,138Â 209Â 017,2.0,-1.0,-1.0,1724203,2.0,1,,0.0,2.0,1.0,A01,138Â 209Â 017,0.0
1010114,201900051645,9,25,14:15,1,1,1,2.0,1.0,49018,Route des Sourches (Saint-Quentin-lÃ¨s-Beaurepaire),M,"47,6252520"," -0,0950730",49,2019,80.0,1.0,2.0,4.0,2258851,1.0,1,3,1,5.0,,0.0,0,2005.0,A01,138Â 209Â 017,2.0,-1.0,-1.0,1724204,1.0,7,,0.0,9.0,1.0,B01,138Â 209Â 018,1.0
1010114,201900051645,9,25,14:15,1,1,1,2.0,1.0,49018,Route des Sourches (Saint-Quentin-lÃ¨s-Beaurepaire),M,"47,6252520"," -0,0950730",49,2019,80.0,1.0,2.0,4.0,2258852,2.0,2,1,1,5.0,,0.0,0,2002.0,B01,138Â 209Â 018,1.0,-1.0,-1.0,1724203,2.0,1,,0.0,2.0,1.0,A01,138Â 209Â 017,0.0
1010114,201900051645,9,25,14:15,1,1,1,2.0,1.0,49018,Route des Sourches (Saint-Quentin-lÃ¨s-Beaurepaire),M,"47,6252520"," -0,0950730",49,2019,80.0,1.0,2.0,4.0,2258852,2.0,2,1,1,5.0,,0.0,0,2002.0,B01,138Â 209Â 018,1.0,-1.0,-1.0,1724204,1.0,7,,0.0,9.0,1.0,B01,138Â 209Â 018,1.0
1010114,201900051645,9,25,14:15,1,1,1,2.0,1.0,49018,Route des Sourches (Saint-Quentin-lÃ¨s-Beaurepaire),M,"47,6252520"," -0,0950730",49,2019,80.0,1.0,2.0,4.0,2258853,9.0,2,1,1,5.0,,0.0,0,2003.0,B01,138Â 209Â 018,1.0,-1.0,-1.0,1724203,2.0,1,,0.0,2.0,1.0,A01,138Â 209Â 017,0.0
1010114,201900051645,9,25,14:15,1,1,1,2.0,1.0,49018,Route des Sourches (Saint-Quentin-lÃ¨s-Beaurepaire),M,"47,6252520"," -0,0950730",49,2019,80.0,1.0,2.0,4.0,2258853,9.0,2,1,1,5.0,,0.0,0,2003.0,B01,138Â 209Â 018,1.0,-1.0,-1.0,1724204,1.0,7,,0.0,9.0,1.0,B01,138Â 209Â 018,1.0
1010114,201900051645,9,25,14:15,1,1,1,2.0,1.0,49018,Route des Sourches (Saint-Quentin-lÃ¨s-Beaurepaire),M,"47,6252520"," -0,0950730",49,2019,80.0,1.0,2.0,4.0,2258854,1.0,1,1,2,5.0,,0.0,0,1969.0,B01,138Â 209Â 018,1.0,-1.0,-1.0,1724203,2.0,1,,0.0,2.0,1.0,A01,138Â 209Â 017,0.0
1010114,201900051645,9,25,14:15,1,1,1,2.0,1.0,49018,Route des Sourches (Saint-Quentin-lÃ¨s-Beaurepaire),M,"47,6252520"," -0,0950730",49,2019,80.0,1.0,2.0,4.0,2258854,1.0,1,1,2,5.0,,0.0,0,1969.0,B01,138Â 209Â 018,1.0,-1.0,-1.0,1724204,1.0,7,,0.0,9.0,1.0,B01,138Â 209Â 018,1.0
1010115,201900051646,10,29,09:15,1,2,1,1.0,6.0,12044,18 Avenue de Saint Affrique,M,"43,8285080","2,8755200",12,2019,50.0,1.0,1.0,3.0,2258855,1.0,1,1,2,0.0,,0.0,0,1996.0,A01,138Â 209Â 014,1.0,-1.0,-1.0,1724205,2.0,7,,0.0,1.0,1.0,A01,138Â 209Â 014,1.0
1010115,201900051646,10,29,09:15,1,2,1,1.0,6.0,12044,18 Avenue de Saint Affrique,M,"43,8285080","2,8755200",12,2019,50.0,1.0,1.0,3.0,2258856,10.0,3,2,1,0.0,,2.0,3,1985.0,A01,138Â 209Â 014,0.0,-1.0,-1.0,1724205,2.0,7,,0.0,1.0,1.0,A01,138Â 209Â 014,1.0
1010116,201900051647,1,7,18:10,3,1,1,1.0,4.0,13055,A507 sens Marseille - Aubagne,M,"43,2959150","5,4247280",13,2019,70.0,1.0,1.0,1.0,2258857,1.0,1,1,1,5.0,,-1.0,0,1991.0,A01,138Â 209Â 013,1.0,0.0,-1.0,1724206,2.0,7,,0.0,2.0,4.0,A01,138Â 209Â 013,0.0
1010116,201900051647,1,7,18:10,3,1,1,1.0,4.0,13055,A507 sens Marseille - Aubagne,M,"43,2959150","5,4247280",13,2019,70.0,1.0,1.0,1.0,2258857,1.0,1,1,1,5.0,,-1.0,0,1991.0,A01,138Â 209Â 013,1.0,0.0,-1.0,1724207,2.0,7,,0.0,2.0,4.0,B01,138Â 209Â 015,0.0
1010116,201900051647,1,7,18:10,3,1,1,1.0,4.0,13055,A507 sens Marseille - Aubagne,M,"43,2959150","5,4247280",13,2019,70.0,1.0,1.0,1.0,2258857,1.0,1,1,1,5.0,,-1.0,0,1991.0,A01,138Â 209Â 013,1.0,0.0,-1.0,1724208,2.0,7,,0.0,2.0,1.0,C01,138Â 209Â 016,0.0
1010116,201900051647,1,7,18:10,3,1,1,1.0,4.0,13055,A507 sens Marseille - Aubagne,M,"43,2959150","5,4247280",13,2019,70.0,1.0,1.0,1.0,2258858,2.0,2,1,1,5.0,,-1.0,0,1986.0,A01,138Â 209Â 013,1.0,0.0,-1.0,1724206,2.0,7,,0.0,2.0,4.0,A01,138Â 209Â 013,0.0
1010116,201900051647,1,7,18:10,3,1,1,1.0,4.0,13055,A507 sens Marseille - Aubagne,M,"43,2959150","5,4247280",13,2019,70.0,1.0,1.0,1.0,2258858,2.0,2,1,1,5.0,,-1.0,0,1986.0,A01,138Â 209Â 013,1.0,0.0,-1.0,1724207,2.0,7,,0.0,2.0,4.0,B01,138Â 209Â 015,0.0
1010116,201900051647,1,7,18:10,3,1,1,1.0,4.0,13055,A507 sens Marseille - Aubagne,M,"43,2959150","5,4247280",13,2019,70.0,1.0,1.0,1.0,2258858,2.0,2,1,1,5.0,,-1.0,0,1986.0,A01,138Â 209Â 013,1.0,0.0,-1.0,1724208,2.0,7,,0.0,2.0,1.0,C01,138Â 209Â 016,0.0
1010116,201900051647,1,7,18:10,3,1,1,1.0,4.0,13055,A507 sens Marseille - Aubagne,M,"43,2959150","5,4247280",13,2019,70.0,1.0,1.0,1.0,2258859,1.0,1,1,2,5.0,,-1.0,0,1966.0,B01,138Â 209Â 015,1.0,0.0,-1.0,1724206,2.0,7,,0.0,2.0,4.0,A01,138Â 209Â 013,0.0
1010116,201900051647,1,7,18:10,3,1,1,1.0,4.0,13055,A507 sens Marseille - Aubagne,M,"43,2959150","5,4247280",13,2019,70.0,1.0,1.0,1.0,2258859,1.0,1,1,2,5.0,,-1.0,0,1966.0,B01,138Â 209Â 015,1.0,0.0,-1.0,1724207,2.0,7,,0.0,2.0,4.0,B01,138Â 209Â 015,0.0
1010116,201900051647,1,7,18:10,3,1,1,1.0,4.0,13055,A507 sens Marseille - Aubagne,M,"43,2959150","5,4247280",13,2019,70.0,1.0,1.0,1.0,2258859,1.0,1,1,2,5.0,,-1.0,0,1966.0,B01,138Â 209Â 015,1.0,0.0,-1.0,1724208,2.0,7,,0.0,2.0,1.0,C01,138Â 209Â 016,0.0
1010116,201900051647,1,7,18:10,3,1,1,1.0,4.0,13055,A507 sens Marseille - Aubagne,M,"43,2959150","5,4247280",13,2019,70.0,1.0,1.0,1.0,2258860,2.0,2,4,1,5.0,,-1.0,0,1960.0,B01,138Â 209Â 015,1.0,0.0,-1.0,1724206,2.0,7,,0.0,2.0,4.0,A01,138Â 209Â 013,0.0
1010116,201900051647,1,7,18:10,3,1,1,1.0,4.0,13055,A507 sens Marseille - Aubagne,M,"43,2959150","5,4247280",13,2019,70.0,1.0,1.0,1.0,2258860,2.0,2,4,1,5.0,,-1.0,0,1960.0,B01,138Â 209Â 015,1.0,0.0,-1.0,1724207,2.0,7,,0.0,2.0,4.0,B01,138Â 209Â 015,0.0
1010116,201900051647,1,7,18:10,3,1,1,1.0,4.0,13055,A507 sens Marseille - Aubagne,M,"43,2959150","5,4247280",13,2019,70.0,1.0,1.0,1.0,2258860,2.0,2,4,1,5.0,,-1.0,0,1960.0,B01,138Â 209Â 015,1.0,0.0,-1.0,1724208,2.0,7,,0.0,2.0,1.0,C01,138Â 209Â 016,0.0
1010116,201900051647,1,7,18:10,3,1,1,1.0,4.0,13055,A507 sens Marseille - Aubagne,M,"43,2959150","5,4247280",13,2019,70.0,1.0,1.0,1.0,2258861,1.0,1,1,2,5.0,,-1.0,0,1995.0,C01,138Â 209Â 016,1.0,0.0,-1.0,1724206,2.0,7,,0.0,2.0,4.0,A01,138Â 209Â 013,0.0
1010116,201900051647,1,7,18:10,3,1,1,1.0,4.0,13055,A507 sens Marseille - Aubagne,M,"43,2959150","5,4247280",13,2019,70.0,1.0,1.0,1.0,2258861,1.0,1,1,2,5.0,,-1.0,0,1995.0,C01,138Â 209Â 016,1.0,0.0,-1.0,1724207,2.0,7,,0.0,2.0,4.0,B01,138Â 209Â 015,0.0
1010116,201900051647,1,7,18:10,3,1,1,1.0,4.0,13055,A507 sens Marseille - Aubagne,M,"43,2959150","5,4247280",13,2019,70.0,1.0,1.0,1.0,2258861,1.0,1,1,2,5.0,,-1.0,0,1995.0,C01,138Â 209Â 016,1.0,0.0,-1.0,1724208,2.0,7,,0.0,2.0,1.0,C01,138Â 209Â 016,0.0
1010117,201900051648,10,28,20:30,5,2,1,1.0,7.0,68374,avenue de l'europe logelbach,M,"48,0826860","7,3166870",68,2019,50.0,1.0,1.0,3.0,2258862,1.0,1,3,2,5.0,,0.0,0,2002.0,A01,138Â 209Â 012,2.0,6.0,-1.0,1724209,2.0,2,,0.0,0.0,9.0,A01,138Â 209Â 012,1.0
1010118,201900051649,10,27,20:55,3,1,1,8.0,6.0,22251,AÃ©roport de Saint-Brieuc (AÃ©rodrome),M,"48,5364650"," -2,8478800",22,2019,80.0,1.0,2.0,3.0,2258863,1.0,1,1,2,1.0,,0.0,0,1985.0,A01,138Â 209Â 008,1.0,-1.0,-1.0,1724210,3.0,7,,0.0,1.0,2.0,A01,138Â 209Â 008,1.0
1010118,201900051649,10,27,20:55,3,1,1,8.0,6.0,22251,AÃ©roport de Saint-Brieuc (AÃ©rodrome),M,"48,5364650"," -2,8478800",22,2019,80.0,1.0,2.0,3.0,2258864,10.0,3,2,2,0.0,,9.0,B,1975.0,A01,138Â 209Â 008,0.0,-1.0,-1.0,1724210,3.0,7,,0.0,1.0,2.0,A01,138Â 209Â 008,1.0
1010118,201900051649,10,27,20:55,3,1,1,8.0,6.0,22251,AÃ©roport de Saint-Brieuc (AÃ©rodrome),M,"48,5364650"," -2,8478800",22,2019,80.0,1.0,2.0,3.0,2258865,10.0,3,2,1,0.0,,6.0,3,1978.0,A01,138Â 209Â 008,0.0,-1.0,-1.0,1724210,3.0,7,,0.0,1.0,2.0,A01,138Â 209Â 008,1.0
1010119,201900051650,1,7,21:50,3,1,1,1.0,5.0,83035,,M,"43,1614400","5,7674300",83,2019,130.0,1.0,1.0,1.0,2258866,1.0,1,1,1,5.0,,-1.0,0,1992.0,C01,138Â 209Â 009,1.0,8.0,-1.0,1724211,1.0,7,,0.0,2.0,1.0,C01,138Â 209Â 009,1.0
1010119,201900051650,1,7,21:50,3,1,1,1.0,5.0,83035,,M,"43,1614400","5,7674300",83,2019,130.0,1.0,1.0,1.0,2258866,1.0,1,1,1,5.0,,-1.0,0,1992.0,C01,138Â 209Â 009,1.0,8.0,-1.0,1724212,1.0,7,,0.0,2.0,4.0,B01,138Â 209Â 010,1.0
1010119,201900051650,1,7,21:50,3,1,1,1.0,5.0,83035,,M,"43,1614400","5,7674300",83,2019,130.0,1.0,1.0,1.0,2258866,1.0,1,1,1,5.0,,-1.0,0,1992.0,C01,138Â 209Â 009,1.0,8.0,-1.0,1724213,1.0,7,,0.0,2.0,1.0,A01,138Â 209Â 011,1.0
1010119,201900051650,1,7,21:50,3,1,1,1.0,5.0,83035,,M,"43,1614400","5,7674300",83,2019,130.0,1.0,1.0,1.0,2258867,1.0,1,4,2,9.0,,-1.0,0,1954.0,B01,138Â 209Â 010,1.0,8.0,-1.0,1724211,1.0,7,,0.0,2.0,1.0,C01,138Â 209Â 009,1.0
1010119,201900051650,1,7,21:50,3,1,1,1.0,5.0,83035,,M,"43,1614400","5,7674300",83,2019,130.0,1.0,1.0,1.0,2258867,1.0,1,4,2,9.0,,-1.0,0,1954.0,B01,138Â 209Â 010,1.0,8.0,-1.0,1724212,1.0,7,,0.0,2.0,4.0,B01,138Â 209Â 010,1.0
1010119,201900051650,1,7,21:50,3,1,1,1.0,5.0,83035,,M,"43,1614400","5,7674300",83,2019,130.0,1.0,1.0,1.0,2258867,1.0,1,4,2,9.0,,-1.0,0,1954.0,B01,138Â 209Â 010,1.0,8.0,-1.0,1724213,1.0,7,,0.0,2.0,1.0,A01,138Â 209Â 011,1.0
1010119,201900051650,1,7,21:50,3,1,1,1.0,5.0,83035,,M,"43,1614400","5,7674300",83,2019,130.0,1.0,1.0,1.0,2258868,1.0,1,1,1,5.0,,-1.0,0,1979.0,A01,138Â 209Â 011,8.0,8.0,-1.0,1724211,1.0,7,,0.0,2.0,1.0,C01,138Â 209Â 009,1.0
1010119,201900051650,1,7,21:50,3,1,1,1.0,5.0,83035,,M,"43,1614400","5,7674300",83,2019,130.0,1.0,1.0,1.0,2258868,1.0,1,1,1,5.0,,-1.0,0,1979.0,A01,138Â 209Â 011,8.0,8.0,-1.0,1724212,1.0,7,,0.0,2.0,4.0,B01,138Â 209Â 010,1.0
1010119,201900051650,1,7,21:50,3,1,1,1.0,5.0,83035,,M,"43,1614400","5,7674300",83,2019,130.0,1.0,1.0,1.0,2258868,1.0,1,1,1,5.0,,-1.0,0,1979.0,A01,138Â 209Â 011,8.0,8.0,-1.0,1724213,1.0,7,,0.0,2.0,1.0,A01,138Â 209Â 011,1.0
1010120,201900051651,10,28,17:15,2,1,1,2.0,1.0,35263,LE HINDRE,M,"48,6787210"," -1,8885590",35,2019,80.0,1.0,2.0,3.0,2258869,1.0,1,1,1,5.0,,0.0,0,1971.0,A01,138Â 209Â 006,1.0,-1.0,-1.0,1724214,1.0,7,,0.0,2.0,3.0,A01,138Â 209Â 006,1.0
1010120,201900051651,10,28,17:15,2,1,1,2.0,1.0,35263,LE HINDRE,M,"48,6787210"," -1,8885590",35,2019,80.0,1.0,2.0,3.0,2258869,1.0,1,1,1,5.0,,0.0,0,1971.0,A01,138Â 209Â 006,1.0,-1.0,-1.0,1724215,2.0,7,,0.0,2.0,3.0,B01,138Â 209Â 007,1.0
1010120,201900051651,10,28,17:15,2,1,1,2.0,1.0,35263,LE HINDRE,M,"48,6787210"," -1,8885590",35,2019,80.0,1.0,2.0,3.0,2258870,2.0,2,1,1,5.0,,0.0,0,1946.0,B01,138Â 209Â 007,1.0,-1.0,-1.0,1724214,1.0,7,,0.0,2.0,3.0,A01,138Â 209Â 006,1.0
1010120,201900051651,10,28,17:15,2,1,1,2.0,1.0,35263,LE HINDRE,M,"48,6787210"," -1,8885590",35,2019,80.0,1.0,2.0,3.0,2258870,2.0,2,1,1,5.0,,0.0,0,1946.0,B01,138Â 209Â 007,1.0,-1.0,-1.0,1724215,2.0,7,,0.0,2.0,3.0,B01,138Â 209Â 007,1.0
1010120,201900051651,10,28,17:15,2,1,1,2.0,1.0,35263,LE HINDRE,M,"48,6787210"," -1,8885590",35,2019,80.0,1.0,2.0,3.0,2258871,9.0,2,1,1,5.0,,0.0,0,1980.0,B01,138Â 209Â 007,1.0,-1.0,-1.0,1724214,1.0,7,,0.0,2.0,3.0,A01,138Â 209Â 006,1.0
1010120,201900051651,10,28,17:15,2,1,1,2.0,1.0,35263,LE HINDRE,M,"48,6787210"," -1,8885590",35,2019,80.0,1.0,2.0,3.0,2258871,9.0,2,1,1,5.0,,0.0,0,1980.0,B01,138Â 209Â 007,1.0,-1.0,-1.0,1724215,2.0,7,,0.0,2.0,3.0,B01,138Â 209Â 007,1.0
1010120,201900051651,10,28,17:15,2,1,1,2.0,1.0,35263,LE HINDRE,M,"48,6787210"," -1,8885590",35,2019,80.0,1.0,2.0,3.0,2258872,1.0,1,3,2,5.0,,0.0,0,1945.0,B01,138Â 209Â 007,1.0,-1.0,-1.0,1724214,1.0,7,,0.0,2.0,3.0,A01,138Â 209Â 006,1.0
1010120,201900051651,10,28,17:15,2,1,1,2.0,1.0,35263,LE HINDRE,M,"48,6787210"," -1,8885590",35,2019,80.0,1.0,2.0,3.0,2258872,1.0,1,3,2,5.0,,0.0,0,1945.0,B01,138Â 209Â 007,1.0,-1.0,-1.0,1724215,2.0,7,,0.0,2.0,3.0,B01,138Â 209Â 007,1.0