Unnamed: 0_x,num_acc,mois,jour,hrmn,lum,agg,int,atm,col,com,adr,gps,lat,long,dep,annee,vma,situ,surf,catr,Unnamed: 0_y,place,catu,grav,sexe,trajet,secu,locp,actp,an_nais,num_veh_x,id_vehicule_x,secu1,secu2,secu3,Unnamed: 0,senc,catv,occutc,obs,obsm,choc,num_veh_y,id_vehicule_y,motor
1010121,201900051652,10,26,01:45,4,2,1,1.0,7.0,29075,133 Rue de Brest,M,"48,4298000"," -4,4092190",29,2019,50.0,4.0,1.0,4.0,2258873,1.0,1,1,2,5.0,,0.0,0,1999.0,A01,138Â 209Â 004,1.0,-1.0,-1.0,1724216,2.0,7,,6.0,0.0,2.0,A01,138Â 209Â 004,1.0
1010121,201900051652,10,26,01:45,4,2,1,1.0,7.0,29075,133 Rue de Brest,M,"48,4298000"," -4,4092190",29,2019,50.0,4.0,1.0,4.0,2258874,2.0,2,4,2,5.0,,0.0,0,1998.0,A01,138Â 209Â 004,1.0,-1.0,-1.0,1724216,2.0,7,,6.0,0.0,2.0,A01,138Â 209Â 004,1.0
1010122,201900051653,1,11,03:00,5,2,9,1.0,6.0,69266,RD383   3.750 A 7.640,M,"45,7812200","4,8935000",69,2019,50.0,1.0,1.0,3.0,2258875,2.0,2,3,1,0.0,,0.0,0,1992.0,A01,138Â 209Â 005,1.0,0.0,-1.0,1724217,2.0,7,,3.0,0.0,1.0,A01,138Â 209Â 005,1.0
1010122,201900051653,1,11,03:00,5,2,9,1.0,6.0,69266,RD383   3.750 A 7.640,M,"45,7812200","4,8935000",69,2019,50.0,1.0,1.0,3.0,2258876,1.0,1,3,2,0.0,,0.0,0,1984.0,A01,138Â 209Â 005,1.0,0.0,-1.0,1724217,2.0,7,,3.0,0.0,1.0,A01,138Â 209Â 005,1.0
1010123,201900051654,10,13,09:05,1,1,1,1.0,1.0,31563,Chemin des Sudres,M,"43,8016140","1,4960970",31,2019,80.0,1.0,1.0,4.0,2258877,1.0,1,3,1,5.0,,0.0,0,1961.0,B01,138Â 209Â 001,1.0,-1.0,-1.0,1724218,0.0,7,,0.0,2.0,1.0,B01,138Â 209Â 001,1.0
1010123,201900051654,10,13,09:05,1,1,1,1.0,1.0,31563,Chemin des Sudres,M,"43,8016140","1,4960970",31,2019,80.0,1.0,1.0,4.0,2258877,1.0,1,3,1,5.0,,0.0,0,1961.0,B01,138Â 209Â 001,1.0,-1.0,-1.0,1724219,0.0,7,,0.0,2.0,1.0,A01,138Â 209Â 002,1.0
1010123,201900051654,10,13,09:05,1,1,1,1.0,1.0,31563,Chemin des Sudres,M,"43,8016140","1,4960970",31,2019,80.0,1.0,1.0,4.0,2258878,1.0,1,1,2,4.0,,0.0,0,1967.0,A01,138Â 209Â 002,1.0,-1.0,-1.0,1724218,0.0,7,,0.0,2.0,1.0,B01,138Â 209Â 001,1.0
1010123,201900051654,10,13,09:05,1,1,1,1.0,1.0,31563,Chemin des Sudres,M,"43,8016140","1,4960970",31,2019,80.0,1.0,1.0,4.0,2258878,1.0,1,1,2,4.0,,0.0,0,1967.0,A01,138Â 209Â 002,1.0,-1.0,-1.0,1724219,0.0,7,,0.0,2.0,1.0,A01,138Â 209Â 002,1.0
1010124,201900051655,1,6,04:05,5,2,4,1.0,6.0,69382,A7   0.000 A 2.278,M,"45,7477800","4,8300800",69,2019,50.0,1.0,1.0,7.0,2258879,2.0,2,3,1,5.0,,-1.0,0,1991.0,A01,138Â 209Â 000,1.0,0.0,-1.0,1724220,2.0,7,,4.0,0.0,1.0,A01,138Â 209Â 000,1.0
1010124,201900051655,1,6,04:05,5,2,4,1.0,6.0,69382,A7   0.000 A 2.278,M,"45,7477800","4,8300800",69,2019,50.0,1.0,1.0,7.0,2258880,4.0,2,3,1,5.0,,-1.0,0,1994.0,A01,138Â 209Â 000,1.0,0.0,-1.0,1724220,2.0,7,,4.0,0.0,1.0,A01,138Â 209Â 000,1.0
1010124,201900051655,1,6,04:05,5,2,4,1.0,6.0,69382,A7   0.000 A 2.278,M,"45,7477800","4,8300800",69,2019,50.0,1.0,1.0,7.0,2258881,3.0,2,2,2,0.0,,-1.0,0,1994.0,A01,138Â 209Â 000,1.0,0.0,-1.0,1724220,2.0,7,,4.0,0.0,1.0,A01,138Â 209Â 000,1.0
1010124,201900051655,1,6,04:05,5,2,4,1.0,6.0,69382,A7   0.000 A 2.278,M,"45,7477800","4,8300800",69,2019,50.0,1.0,1.0,7.0,2258882,1.0,1,2,1,5.0,,-1.0,0,1991.0,A01,138Â 209Â 000,1.0,0.0,-1.0,1724220,2.0,7,,4.0,0.0,1.0,A01,138Â 209Â 000,1.0
1010125,201900051656,10,28,08:40,1,1,3,2.0,5.0,01024,Route de Montrevel,M,"46,2961710","5,1540490",1,2019,80.0,1.0,2.0,3.0,2258883,1.0,1,4,2,5.0,,0.0,0,1965.0,B01,138Â 208Â 995,1.0,-1.0,-1.0,1724221,2.0,7,,0.0,2.0,4.0,B01,138Â 208Â 995,1.0
1010125,201900051656,10,28,08:40,1,1,3,2.0,5.0,01024,Route de Montrevel,M,"46,2961710","5,1540490",1,2019,80.0,1.0,2.0,3.0,2258883,1.0,1,4,2,5.0,,0.0,0,1965.0,B01,138Â 208Â 995,1.0,-1.0,-1.0,1724222,2.0,10,,0.0,2.0,1.0,A01,138Â 208Â 998,1.0
1010125,201900051656,10,28,08:40,1,1,3,2.0,5.0,01024,Route de Montrevel,M,"46,2961710","5,1540490",1,2019,80.0,1.0,2.0,3.0,2258883,1.0,1,4,2,5.0,,0.0,0,1965.0,B01,138Â 208Â 995,1.0,-1.0,-1.0,1724223,1.0,7,,0.0,2.0,3.0,C01,138Â 208Â 999,1.0
1010125,201900051656,10,28,08:40,1,1,3,2.0,5.0,01024,Route de Montrevel,M,"46,2961710","5,1540490",1,2019,80.0,1.0,2.0,3.0,2258884,2.0,2,4,2,5.0,,0.0,0,1944.0,B01,138Â 208Â 995,1.0,-1.0,-1.0,1724221,2.0,7,,0.0,2.0,4.0,B01,138Â 208Â 995,1.0
1010125,201900051656,10,28,08:40,1,1,3,2.0,5.0,01024,Route de Montrevel,M,"46,2961710","5,1540490",1,2019,80.0,1.0,2.0,3.0,2258884,2.0,2,4,2,5.0,,0.0,0,1944.0,B01,138Â 208Â 995,1.0,-1.0,-1.0,1724222,2.0,10,,0.0,2.0,1.0,A01,138Â 208Â 998,1.0
1010125,201900051656,10,28,08:40,1,1,3,2.0,5.0,01024,Route de Montrevel,M,"46,2961710","5,1540490",1,2019,80.0,1.0,2.0,3.0,2258884,2.0,2,4,2,5.0,,0.0,0,1944.0,B01,138Â 208Â 995,1.0,-1.0,-1.0,1724223,1.0,7,,0.0,2.0,3.0,C01,138Â 208Â 999,1.0
1010125,201900051656,10,28,08:40,1,1,3,2.0,5.0,01024,Route de Montrevel,M,"46,2961710","5,1540490",1,2019,80.0,1.0,2.0,3.0,2258885,1.0,1,1,1,4.0,,0.0,0,1990.0,A01,138Â 208Â 998,1.0,-1.0,-1.0,1724221,2.0,7,,0.0,2.0,4.0,B01,138Â 208Â 995,1.0
1010125,201900051656,10,28,08:40,1,1,3,2.0,5.0,01024,Route de Montrevel,M,"46,2961710","5,1540490",1,2019,80.0,1.0,2.0,3.0,2258885,1.0,1,1,1,4.0,,0.0,0,1990.0,A01,138Â 208Â 998,1.0,-1.0,-1.0,1724222,2.0,10,,0.0,2.0,1.0,A01,138Â 208Â 998,1.0
1010125,201900051656,10,28,08:40,1,1,3,2.0,5.0,01024,Route de Montrevel,M,"46,2961710","5,1540490",1,2019,80.0,1.0,2.0,3.0,2258885,1.0,1,1,1,4.0,,0.0,0,1990.0,A01,138Â 208Â 998,1.0,-1.0,-1.0,1724223,1.0,7,,0.0,2.0,3.0,C01,138Â 208Â 999,1.0
1010125,201900051656,10,28,08:40,1,1,3,2.0,5.0,01024,Route de Montrevel,M,"46,2961710","5,1540490",1,2019,80.0,1.0,2.0,3.0,2258886,2.0,2,4,2,5.0,,0.0,0,1956.0,C01,138Â 208Â 999,1.0,-1.0,-1.0,1724221,2.0,7,,0.0,2.0,4.0,B01,138Â 208Â 995,1.0
1010125,201900051656,10,28,08:40,1,1,3,2.0,5.0,01024,Route de Montrevel,M,"46,2961710","5,1540490",1,2019,80.0,1.0,2.0,3.0,2258886,2.0,2,4,2,5.0,,0.0,0,1956.0,C01,138Â 208Â 999,1.0,-1.0,-1.0,1724222,2.0,10,,0.0,2.0,1.0,A01,138Â 208Â 998,1.0
1010125,201900051656,10,28,08:40,1,1,3,2.0,5.0,01024,Route de Montrevel,M,"46,2961710","5,1540490",1,2019,80.0,1.0,2.0,3.0,2258886,2.0,2,4,2,5.0,,0.0,0,1956.0,C01,138Â 208Â 999,1.0,-1.0,-1.0,1724223,1.0,7,,0.0,2.0,3.0,C01,138Â 208Â 999,1.0
1010125,201900051656,10,28,08:40,1,1,3,2.0,5.0,01024,Route de Montrevel,M,"46,2961710","5,1540490",1,2019,80.0,1.0,2.0,3.0,2258887,1.0,1,4,1,5.0,,0.0,0,1951.0,C01,138Â 208Â 999,1.0,-1.0,-1.0,1724221,2.0,7,,0.0,2.0,4.0,B01,138Â 208Â 995,1.0
1010125,201900051656,10,28,08:40,1,1,3,2.0,5.0,01024,Route de Montrevel,M,"46,2961710","5,1540490",1,2019,80.0,1.0,2.0,3.0,2258887,1.0,1,4,1,5.0,,0.0,0,1951.0,C01,138Â 208Â 999,1.0,-1.0,-1.0,1724222,2.0,10,,0.0,2.0,1.0,A01,138Â 208Â 998,1.0
1010125,201900051656,10,28,08:40,1,1,3,2.0,5.0,01024,Route de Montrevel,M,"46,2961710","5,1540490",1,2019,80.0,1.0,2.0,3.0,2258887,1.0,1,4,1,5.0,,0.0,0,1951.0,C01,138Â 208Â 999,1.0,-1.0,-1.0,1724223,1.0,7,,0.0,2.0,3.0,C01,138Â 208Â 999,1.0
1010126,201900051657,1,10,22:15,3,1,1,1.0,2.0,54312,Autoroute 31,M,"48,9333300","6,1115600",54,2019,110.0,1.0,1.0,1.0,2258888,1.0,1,1,1,1.0,,-1.0,0,1977.0,A01,138Â 208Â 996,1.0,0.0,-1.0,1724224,2.0,10,,0.0,2.0,1.0,A01,138Â 208Â 996,1.0
1010126,201900051657,1,10,22:15,3,1,1,1.0,2.0,54312,Autoroute 31,M,"48,9333300","6,1115600",54,2019,110.0,1.0,1.0,1.0,2258888,1.0,1,1,1,1.0,,-1.0,0,1977.0,A01,138Â 208Â 996,1.0,0.0,-1.0,1724225,2.0,7,,3.0,2.0,4.0,B01,138Â 208Â 997,1.0
1010126,201900051657,1,10,22:15,3,1,1,1.0,2.0,54312,Autoroute 31,M,"48,9333300","6,1115600",54,2019,110.0,1.0,1.0,1.0,2258889,1.0,1,4,1,5.0,,-1.0,0,1975.0,B01,138Â 208Â 997,1.0,0.0,-1.0,1724224,2.0,10,,0.0,2.0,1.0,A01,138Â 208Â 996,1.0
1010126,201900051657,1,10,22:15,3,1,1,1.0,2.0,54312,Autoroute 31,M,"48,9333300","6,1115600",54,2019,110.0,1.0,1.0,1.0,2258889,1.0,1,4,1,5.0,,-1.0,0,1975.0,B01,138Â 208Â 997,1.0,0.0,-1.0,1724225,2.0,7,,3.0,2.0,4.0,B01,138Â 208Â 997,1.0
1010127,201900051658,1,8,11:55,1,1,1,1.0,6.0,67482,Bretelle sortie autoroute,M,"48,5929500","7,7401500",67,2019,50.0,1.0,2.0,1.0,2258890,1.0,1,4,2,9.0,,-1.0,0,1963.0,A01,138Â 208Â 994,1.0,0.0,-1.0,1724226,3.0,7,,13.0,0.0,1.0,A01,138Â 208Â 994,6.0
1010128,201900051659,10,29,08:00,1,1,2,1.0,3.0,64023,Chemin du Pont de Boeil,M,"43,2284350"," -0,2393600",64,2019,80.0,1.0,1.0,3.0,2258891,1.0,1,4,1,1.0,,0.0,0,1976.0,A01,138Â 208Â 991,1.0,-1.0,-1.0,1724227,1.0,7,,6.0,2.0,1.0,A01,138Â 208Â 991,1.0
1010128,201900051659,10,29,08:00,1,1,2,1.0,3.0,64023,Chemin du Pont de Boeil,M,"43,2284350"," -0,2393600",64,2019,80.0,1.0,1.0,3.0,2258891,1.0,1,4,1,1.0,,0.0,0,1976.0,A01,138Â 208Â 991,1.0,-1.0,-1.0,1724228,2.0,7,,0.0,2.0,2.0,B01,138Â 208Â 993,1.0
1010128,201900051659,10,29,08:00,1,1,2,1.0,3.0,64023,Chemin du Pont de Boeil,M,"43,2284350"," -0,2393600",64,2019,80.0,1.0,1.0,3.0,2258892,1.0,1,4,1,5.0,,0.0,0,1943.0,B01,138Â 208Â 993,1.0,-1.0,-1.0,1724227,1.0,7,,6.0,2.0,1.0,A01,138Â 208Â 991,1.0
1010128,201900051659,10,29,08:00,1,1,2,1.0,3.0,64023,Chemin du Pont de Boeil,M,"43,2284350"," -0,2393600",64,2019,80.0,1.0,1.0,3.0,2258892,1.0,1,4,1,5.0,,0.0,0,1943.0,B01,138Â 208Â 993,1.0,-1.0,-1.0,1724228,2.0,7,,0.0,2.0,2.0,B01,138Â 208Â 993,1.0
1010129,201900051660,1,7,18:50,3,1,1,2.0,2.0,67482,N.4 CONTOURNEMENT-SUD,M,"48,5724600","7,7297400",67,2019,70.0,1.0,2.0,2.0,2258893,1.0,1,4,1,0.0,,-1.0,0,1997.0,B01,138Â 208Â 990,2.0,8.0,-1.0,1724229,1.0,33,,0.0,2.0,8.0,B01,138Â 208Â 990,1.0
1010129,201900051660,1,7,18:50,3,1,1,2.0,2.0,67482,N.4 CONTOURNEMENT-SUD,M,"48,5724600","7,7297400",67,2019,70.0,1.0,2.0,2.0,2258893,1.0,1,4,1,0.0,,-1.0,0,1997.0,B01,138Â 208Â 990,2.0,8.0,-1.0,1724230,1.0,10,,0.0,2.0,5.0,A01,138Â 208Â 992,1.0
1010129,201900051660,1,7,18:50,3,1,1,2.0,2.0,67482,N.4 CONTOURNEMENT-SUD,M,"48,5724600","7,7297400",67,2019,70.0,1.0,2.0,2.0,2258894,1.0,1,1,1,4.0,,-1.0,0,1988.0,A01,138Â 208Â 992,1.0,8.0,-1.0,1724229,1.0,33,,0.0,2.0,8.0,B01,138Â 208Â 990,1.0
1010129,201900051660,1,7,18:50,3,1,1,2.0,2.0,67482,N.4 CONTOURNEMENT-SUD,M,"48,5724600","7,7297400",67,2019,70.0,1.0,2.0,2.0,2258894,1.0,1,1,1,4.0,,-1.0,0,1988.0,A01,138Â 208Â 992,1.0,8.0,-1.0,1724230,1.0,10,,0.0,2.0,5.0,A01,138Â 208Â 992,1.0
1010130,201900051661,10,29,08:15,2,1,1,5.0,6.0,18111,Lieu Dit Cevry,M,"47,2698170","2,6513920",18,2019,80.0,3.0,2.0,4.0,2258895,1.0,1,3,1,3.0,,0.0,0,1951.0,A01,138Â 208Â 989,8.0,-1.0,-1.0,1724231,3.0,3,,2.0,0.0,2.0,A01,138Â 208Â 989,1.0
1010131,201900051662,10,26,12:20,1,1,1,1.0,3.0,36035,,M,"46,4346500","1,3023550",36,2019,70.0,1.0,1.0,3.0,2258896,1.0,1,3,1,5.0,,0.0,0,1991.0,A01,138Â 208Â 987,6.0,2.0,0.0,1724232,2.0,33,,0.0,2.0,1.0,A01,138Â 208Â 987,1.0
1010131,201900051662,10,26,12:20,1,1,1,1.0,3.0,36035,,M,"46,4346500","1,3023550",36,2019,70.0,1.0,1.0,3.0,2258896,1.0,1,3,1,5.0,,0.0,0,1991.0,A01,138Â 208Â 987,6.0,2.0,0.0,1724233,1.0,7,,0.0,2.0,3.0,B01,138Â 208Â 988,1.0
1010131,201900051662,10,26,12:20,1,1,1,1.0,3.0,36035,,M,"46,4346500","1,3023550",36,2019,70.0,1.0,1.0,3.0,2258897,1.0,1,1,1,5.0,,0.0,0,1940.0,B01,138Â 208Â 988,1.0,-1.0,-1.0,1724232,2.0,33,,0.0,2.0,1.0,A01,138Â 208Â 987,1.0
1010131,201900051662,10,26,12:20,1,1,1,1.0,3.0,36035,,M,"46,4346500","1,3023550",36,2019,70.0,1.0,1.0,3.0,2258897,1.0,1,1,1,5.0,,0.0,0,1940.0,B01,138Â 208Â 988,1.0,-1.0,-1.0,1724233,1.0,7,,0.0,2.0,3.0,B01,138Â 208Â 988,1.0
1010131,201900051662,10,26,12:20,1,1,1,1.0,3.0,36035,,M,"46,4346500","1,3023550",36,2019,70.0,1.0,1.0,3.0,2258898,8.0,2,1,2,5.0,,0.0,0,2009.0,B01,138Â 208Â 988,1.0,-1.0,-1.0,1724232,2.0,33,,0.0,2.0,1.0,A01,138Â 208Â 987,1.0
1010131,201900051662,10,26,12:20,1,1,1,1.0,3.0,36035,,M,"46,4346500","1,3023550",36,2019,70.0,1.0,1.0,3.0,2258898,8.0,2,1,2,5.0,,0.0,0,2009.0,B01,138Â 208Â 988,1.0,-1.0,-1.0,1724233,1.0,7,,0.0,2.0,3.0,B01,138Â 208Â 988,1.0
1010131,201900051662,10,26,12:20,1,1,1,1.0,3.0,36035,,M,"46,4346500","1,3023550",36,2019,70.0,1.0,1.0,3.0,2258899,9.0,2,1,2,5.0,,0.0,0,2009.0,B01,138Â 208Â 988,1.0,-1.0,-1.0,1724232,2.0,33,,0.0,2.0,1.0,A01,138Â 208Â 987,1.0
1010131,201900051662,10,26,12:20,1,1,1,1.0,3.0,36035,,M,"46,4346500","1,3023550",36,2019,70.0,1.0,1.0,3.0,2258899,9.0,2,1,2,5.0,,0.0,0,2009.0,B01,138Â 208Â 988,1.0,-1.0,-1.0,1724233,1.0,7,,0.0,2.0,3.0,B01,138Â 208Â 988,1.0
1010131,201900051662,10,26,12:20,1,1,1,1.0,3.0,36035,,M,"46,4346500","1,3023550",36,2019,70.0,1.0,1.0,3.0,2258900,7.0,2,1,2,5.0,,0.0,0,1974.0,B01,138Â 208Â 988,1.0,-1.0,-1.0,1724232,2.0,33,,0.0,2.0,1.0,A01,138Â 208Â 987,1.0
1010131,201900051662,10,26,12:20,1,1,1,1.0,3.0,36035,,M,"46,4346500","1,3023550",36,2019,70.0,1.0,1.0,3.0,2258900,7.0,2,1,2,5.0,,0.0,0,1974.0,B01,138Â 208Â 988,1.0,-1.0,-1.0,1724233,1.0,7,,0.0,2.0,3.0,B01,138Â 208Â 988,1.0
1010131,201900051662,10,26,12:20,1,1,1,1.0,3.0,36035,,M,"46,4346500","1,3023550",36,2019,70.0,1.0,1.0,3.0,2258901,2.0,2,1,2,5.0,,0.0,0,1945.0,B01,138Â 208Â 988,1.0,-1.0,-1.0,1724232,2.0,33,,0.0,2.0,1.0,A01,138Â 208Â 987,1.0
1010131,201900051662,10,26,12:20,1,1,1,1.0,3.0,36035,,M,"46,4346500","1,3023550",36,2019,70.0,1.0,1.0,3.0,2258901,2.0,2,1,2,5.0,,0.0,0,1945.0,B01,138Â 208Â 988,1.0,-1.0,-1.0,1724233,1.0,7,,0.0,2.0,3.0,B01,138Â 208Â 988,1.0
1010132,201900051663,10,29,12:15,1,2,6,1.0,3.0,16107,D40,M,"45,8098080","0,2851200",16,2019,50.0,1.0,1.0,3.0,2258902,1.0,1,1,1,4.0,,0.0,0,1983.0,A01,138Â 208Â 985,1.0,-1.0,-1.0,1724234,1.0,17,,0.0,2.0,2.0,A01,138Â 208Â 985,1.0
1010132,201900051663,10,29,12:15,1,2,6,1.0,3.0,16107,D40,M,"45,8098080","0,2851200",16,2019,50.0,1.0,1.0,3.0,2258902,1.0,1,1,1,4.0,,0.0,0,1983.0,A01,138Â 208Â 985,1.0,-1.0,-1.0,1724235,1.0,2,,0.0,2.0,2.0,B01,138Â 208Â 986,1.0
1010132,201900051663,10,29,12:15,1,2,6,1.0,3.0,16107,D40,M,"45,8098080","0,2851200",16,2019,50.0,1.0,1.0,3.0,2258903,1.0,1,3,1,1.0,,0.0,0,2003.0,B01,138Â 208Â 986,2.0,6.0,-1.0,1724234,1.0,17,,0.0,2.0,2.0,A01,138Â 208Â 985,1.0
1010132,201900051663,10,29,12:15,1,2,6,1.0,3.0,16107,D40,M,"45,8098080","0,2851200",16,2019,50.0,1.0,1.0,3.0,2258903,1.0,1,3,1,1.0,,0.0,0,2003.0,B01,138Â 208Â 986,2.0,6.0,-1.0,1724235,1.0,2,,0.0,2.0,2.0,B01,138Â 208Â 986,1.0
1010133,201900051664,10,27,16:45,2,1,1,2.0,6.0,21129,D22,M,"47,8008090","4,8957730",21,2019,80.0,3.0,2.0,3.0,2258904,1.0,1,4,1,5.0,,0.0,0,1964.0,A01,138Â 208Â 984,1.0,-1.0,-1.0,1724236,1.0,7,,2.0,0.0,3.0,A01,138Â 208Â 984,1.0
1010134,201900051665,1,12,20:20,3,1,1,1.0,5.0,33249,AUTOROUTE A 10,M,"44,8864500"," -0,5069800",33,2019,70.0,1.0,1.0,1.0,2258905,2.0,2,3,2,5.0,,-1.0, -1,1942.0,C01,138Â 208Â 981,1.0,8.0,-1.0,1724237,1.0,7,,0.0,2.0,1.0,C01,138Â 208Â 981,1.0
1010134,201900051665,1,12,20:20,3,1,1,1.0,5.0,33249,AUTOROUTE A 10,M,"44,8864500"," -0,5069800",33,2019,70.0,1.0,1.0,1.0,2258905,2.0,2,3,2,5.0,,-1.0, -1,1942.0,C01,138Â 208Â 981,1.0,8.0,-1.0,1724238,1.0,7,,0.0,1.0,6.0,B01,138Â 208Â 982,1.0
1010134,201900051665,1,12,20:20,3,1,1,1.0,5.0,33249,AUTOROUTE A 10,M,"44,8864500"," -0,5069800",33,2019,70.0,1.0,1.0,1.0,2258905,2.0,2,3,2,5.0,,-1.0, -1,1942.0,C01,138Â 208Â 981,1.0,8.0,-1.0,1724239,1.0,17,,0.0,2.0,2.0,A01,138Â 208Â 983,1.0
1010134,201900051665,1,12,20:20,3,1,1,1.0,5.0,33249,AUTOROUTE A 10,M,"44,8864500"," -0,5069800",33,2019,70.0,1.0,1.0,1.0,2258906,1.0,1,3,1,5.0,,-1.0, -1,1941.0,C01,138Â 208Â 981,1.0,8.0,-1.0,1724237,1.0,7,,0.0,2.0,1.0,C01,138Â 208Â 981,1.0
1010134,201900051665,1,12,20:20,3,1,1,1.0,5.0,33249,AUTOROUTE A 10,M,"44,8864500"," -0,5069800",33,2019,70.0,1.0,1.0,1.0,2258906,1.0,1,3,1,5.0,,-1.0, -1,1941.0,C01,138Â 208Â 981,1.0,8.0,-1.0,1724238,1.0,7,,0.0,1.0,6.0,B01,138Â 208Â 982,1.0
1010134,201900051665,1,12,20:20,3,1,1,1.0,5.0,33249,AUTOROUTE A 10,M,"44,8864500"," -0,5069800",33,2019,70.0,1.0,1.0,1.0,2258906,1.0,1,3,1,5.0,,-1.0, -1,1941.0,C01,138Â 208Â 981,1.0,8.0,-1.0,1724239,1.0,17,,0.0,2.0,2.0,A01,138Â 208Â 983,1.0
1010134,201900051665,1,12,20:20,3,1,1,1.0,5.0,33249,AUTOROUTE A 10,M,"44,8864500"," -0,5069800",33,2019,70.0,1.0,1.0,1.0,2258907,2.0,2,4,1,5.0,,-1.0, -1,2002.0,B01,138Â 208Â 982,1.0,8.0,-1.0,1724237,1.0,7,,0.0,2.0,1.0,C01,138Â 208Â 981,1.0
1010134,201900051665,1,12,20:20,3,1,1,1.0,5.0,33249,AUTOROUTE A 10,M,"44,8864500"," -0,5069800",33,2019,70.0,1.0,1.0,1.0,2258907,2.0,2,4,1,5.0,,-1.0, -1,2002.0,B01,138Â 208Â 982,1.0,8.0,-1.0,1724238,1.0,7,,0.0,1.0,6.0,B01,138Â 208Â 982,1.0
1010134,201900051665,1,12,20:20,3,1,1,1.0,5.0,33249,AUTOROUTE A 10,M,"44,8864500"," -0,5069800",33,2019,70.0,1.0,1.0,1.0,2258907,2.0,2,4,1,5.0,,-1.0, -1,2002.0,B01,138Â 208Â 982,1.0,8.0,-1.0,1724239,1.0,17,,0.0,2.0,2.0,A01,138Â 208Â 983,1.0
1010134,201900051665,1,12,20:20,3,1,1,1.0,5.0,33249,AUTOROUTE A 10,M,"44,8864500"," -0,5069800",33,2019,70.0,1.0,1.0,1.0,2258908,1.0,1,4,2,5.0,,-1.0, -1,1966.0,B01,138Â 208Â 982,1.0,8.0,-1.0,1724237,1.0,7,,0.0,2.0,1.0,C01,138Â 208Â 981,1.0
1010134,201900051665,1,12,20:20,3,1,1,1.0,5.0,33249,AUTOROUTE A 10,M,"44,8864500"," -0,5069800",33,2019,70.0,1.0,1.0,1.0,2258908,1.0,1,4,2,5.0,,-1.0, -1,1966.0,B01,138Â 208Â 982,1.0,8.0,-1.0,1724238,1.0,7,,0.0,1.0,6.0,B01,138Â 208Â 982,1.0
1010134,201900051665,1,12,20:20,3,1,1,1.0,5.0,33249,AUTOROUTE A 10,M,"44,8864500"," -0,5069800",33,2019,70.0,1.0,1.0,1.0,2258908,1.0,1,4,2,5.0,,-1.0, -1,1966.0,B01,138Â 208Â 982,1.0,8.0,-1.0,1724239,1.0,17,,0.0,2.0,2.0,A01,138Â 208Â 983,1.0
1010134,201900051665,1,12,20:20,3,1,1,1.0,5.0,33249,AUTOROUTE A 10,M,"44,8864500"," -0,5069800",33,2019,70.0,1.0,1.0,1.0,2258909,1.0,1,1,1,4.0,,-1.0, -1,1989.0,A01,138Â 208Â 983,1.0,8.0,-1.0,1724237,1.0,7,,0.0,2.0,1.0,C01,138Â 208Â 981,1.0
1010134,201900051665,1,12,20:20,3,1,1,1.0,5.0,33249,AUTOROUTE A 10,M,"44,8864500"," -0,5069800",33,2019,70.0,1.0,1.0,1.0,2258909,1.0,1,1,1,4.0,,-1.0, -1,1989.0,A01,138Â 208Â 983,1.0,8.0,-1.0,1724238,1.0,7,,0.0,1.0,6.0,B01,138Â 208Â 982,1.0
1010134,201900051665,1,12,20:20,3,1,1,1.0,5.0,33249,AUTOROUTE A 10,M,"44,8864500"," -0,5069800",33,2019,70.0,1.0,1.0,1.0,2258909,1.0,1,1,1,4.0,,-1.0, -1,1989.0,A01,138Â 208Â 983,1.0,8.0,-1.0,1724239,1.0,17,,0.0,2.0,2.0,A01,138Â 208Â 983,1.0
1010135,201900051666,10,28,08:20,1,1,3,1.0,3.0,40175,Route de Mont de Marsan,M,"43,8344290"," -0,3669700",40,2019,70.0,1.0,1.0,3.0,2258910,1.0,1,1,1,5.0,,0.0,0,1942.0,A01,138Â 208Â 979,1.0,-1.0,-1.0,1724240,2.0,7,,0.0,2.0,1.0,A01,138Â 208Â 979,1.0
1010135,201900051666,10,28,08:20,1,1,3,1.0,3.0,40175,Route de Mont de Marsan,M,"43,8344290"," -0,3669700",40,2019,70.0,1.0,1.0,3.0,2258910,1.0,1,1,1,5.0,,0.0,0,1942.0,A01,138Â 208Â 979,1.0,-1.0,-1.0,1724241,2.0,1,,0.0,2.0,8.0,B01,138Â 208Â 980,5.0
1010135,201900051666,10,28,08:20,1,1,3,1.0,3.0,40175,Route de Mont de Marsan,M,"43,8344290"," -0,3669700",40,2019,70.0,1.0,1.0,3.0,2258911,1.0,1,3,1,5.0,,0.0,0,1952.0,B01,138Â 208Â 980,0.0,-1.0,-1.0,1724240,2.0,7,,0.0,2.0,1.0,A01,138Â 208Â 979,1.0
1010135,201900051666,10,28,08:20,1,1,3,1.0,3.0,40175,Route de Mont de Marsan,M,"43,8344290"," -0,3669700",40,2019,70.0,1.0,1.0,3.0,2258911,1.0,1,3,1,5.0,,0.0,0,1952.0,B01,138Â 208Â 980,0.0,-1.0,-1.0,1724241,2.0,1,,0.0,2.0,8.0,B01,138Â 208Â 980,5.0
1010136,201900051667,10,27,11:30,1,1,1,1.0,3.0,04135,RD 952,M,"43,8058097","6,2540637",4,2019,80.0,1.0,1.0,3.0,2258912,1.0,1,4,1,5.0,,0.0,0,1972.0,B01,138Â 208Â 975,2.0,6.0,-1.0,1724242,1.0,33,,0.0,2.0,1.0,B01,138Â 208Â 975,1.0