Unnamed: 0_x,num_acc,mois,jour,hrmn,lum,agg,int,atm,col,com,adr,gps,lat,long,dep,annee,vma,situ,surf,catr,Unnamed: 0_y,place,catu,grav,sexe,trajet,secu,locp,actp,an_nais,num_veh_x,id_vehicule_x,secu1,secu2,secu3,Unnamed: 0,senc,catv,occutc,obs,obsm,choc,num_veh_y,id_vehicule_y,motor
1010136,201900051667,10,27,11:30,1,1,1,1.0,3.0,04135,RD 952,M,"43,8058097","6,2540637",4,2019,80.0,1.0,1.0,3.0,2258912,1.0,1,4,1,5.0,,0.0,0,1972.0,B01,138Â 208Â 975,2.0,6.0,-1.0,1724243,1.0,7,,0.0,2.0,0.0,A01,138Â 208Â 976,1.0
1010136,201900051667,10,27,11:30,1,1,1,1.0,3.0,04135,RD 952,M,"43,8058097","6,2540637",4,2019,80.0,1.0,1.0,3.0,2258913,1.0,1,1,1,5.0,,0.0,0,1952.0,A01,138Â 208Â 976,1.0,-1.0,-1.0,1724242,1.0,33,,0.0,2.0,1.0,B01,138Â 208Â 975,1.0
1010136,201900051667,10,27,11:30,1,1,1,1.0,3.0,04135,RD 952,M,"43,8058097","6,2540637",4,2019,80.0,1.0,1.0,3.0,2258913,1.0,1,1,1,5.0,,0.0,0,1952.0,A01,138Â 208Â 976,1.0,-1.0,-1.0,1724243,1.0,7,,0.0,2.0,0.0,A01,138Â 208Â 976,1.0
1010137,201900051668,1,12,08:30,1,1,1,1.0,3.0,33003,AUTOROUTE A 10,M,"44,9267900"," -0,4716400",33,2019,110.0,1.0,1.0,1.0,2258914,1.0,1,1,1,5.0,,-1.0, -1,1981.0,B01,138Â 208Â 977,1.0,8.0,-1.0,1724244,2.0,10,,0.0,2.0,8.0,B01,138Â 208Â 977,1.0
1010137,201900051668,1,12,08:30,1,1,1,1.0,3.0,33003,AUTOROUTE A 10,M,"44,9267900"," -0,4716400",33,2019,110.0,1.0,1.0,1.0,2258914,1.0,1,1,1,5.0,,-1.0, -1,1981.0,B01,138Â 208Â 977,1.0,8.0,-1.0,1724245,2.0,7,,4.0,2.0,1.0,A01,138Â 208Â 978,1.0
1010137,201900051668,1,12,08:30,1,1,1,1.0,3.0,33003,AUTOROUTE A 10,M,"44,9267900"," -0,4716400",33,2019,110.0,1.0,1.0,1.0,2258915,1.0,1,4,2,1.0,,-1.0, -1,1990.0,A01,138Â 208Â 978,1.0,8.0,-1.0,1724244,2.0,10,,0.0,2.0,8.0,B01,138Â 208Â 977,1.0
1010137,201900051668,1,12,08:30,1,1,1,1.0,3.0,33003,AUTOROUTE A 10,M,"44,9267900"," -0,4716400",33,2019,110.0,1.0,1.0,1.0,2258915,1.0,1,4,2,1.0,,-1.0, -1,1990.0,A01,138Â 208Â 978,1.0,8.0,-1.0,1724245,2.0,7,,4.0,2.0,1.0,A01,138Â 208Â 978,1.0
1010138,201900051669,10,28,16:40,1,1,3,7.0,3.0,97307,route nationale 1,M,"4,8924030"," -52,3484560",973,2019,80.0,1.0,1.0,2.0,2258916,1.0,1,3,1,9.0,,0.0,0,1944.0,B01,138Â 208Â 973,0.0,-1.0,-1.0,1724246,1.0,1,,0.0,2.0,3.0,B01,138Â 208Â 973,5.0
1010138,201900051669,10,28,16:40,1,1,3,7.0,3.0,97307,route nationale 1,M,"4,8924030"," -52,3484560",973,2019,80.0,1.0,1.0,2.0,2258916,1.0,1,3,1,9.0,,0.0,0,1944.0,B01,138Â 208Â 973,0.0,-1.0,-1.0,1724247,1.0,7,,0.0,9.0,2.0,A01,138Â 208Â 974,1.0
1010138,201900051669,10,28,16:40,1,1,3,7.0,3.0,97307,route nationale 1,M,"4,8924030"," -52,3484560",973,2019,80.0,1.0,1.0,2.0,2258917,1.0,1,1,1,1.0,,0.0,0,1971.0,A01,138Â 208Â 974,8.0,-1.0,-1.0,1724246,1.0,1,,0.0,2.0,3.0,B01,138Â 208Â 973,5.0
1010138,201900051669,10,28,16:40,1,1,3,7.0,3.0,97307,route nationale 1,M,"4,8924030"," -52,3484560",973,2019,80.0,1.0,1.0,2.0,2258917,1.0,1,1,1,1.0,,0.0,0,1971.0,A01,138Â 208Â 974,8.0,-1.0,-1.0,1724247,1.0,7,,0.0,9.0,2.0,A01,138Â 208Â 974,1.0
1010139,201900051670,1,10,01:35,3,1,1,1.0,2.0,33080,AUTOROUTE A 62,M,"44,7271900"," -0,5274600",33,2019,130.0,1.0,1.0,1.0,2258918,1.0,1,4,2,0.0,,-1.0, -1,1968.0,B01,138Â 208Â 971,1.0,8.0,-1.0,1724248,2.0,7,,0.0,2.0,4.0,B01,138Â 208Â 971,1.0
1010139,201900051670,1,10,01:35,3,1,1,1.0,2.0,33080,AUTOROUTE A 62,M,"44,7271900"," -0,5274600",33,2019,130.0,1.0,1.0,1.0,2258918,1.0,1,4,2,0.0,,-1.0, -1,1968.0,B01,138Â 208Â 971,1.0,8.0,-1.0,1724249,2.0,7,,0.0,2.0,1.0,A01,138Â 208Â 972,1.0
1010139,201900051670,1,10,01:35,3,1,1,1.0,2.0,33080,AUTOROUTE A 62,M,"44,7271900"," -0,5274600",33,2019,130.0,1.0,1.0,1.0,2258919,1.0,1,1,1,0.0,,-1.0, -1,1984.0,A01,138Â 208Â 972,1.0,0.0,-1.0,1724248,2.0,7,,0.0,2.0,4.0,B01,138Â 208Â 971,1.0
1010139,201900051670,1,10,01:35,3,1,1,1.0,2.0,33080,AUTOROUTE A 62,M,"44,7271900"," -0,5274600",33,2019,130.0,1.0,1.0,1.0,2258919,1.0,1,1,1,0.0,,-1.0, -1,1984.0,A01,138Â 208Â 972,1.0,0.0,-1.0,1724249,2.0,7,,0.0,2.0,1.0,A01,138Â 208Â 972,1.0
1010140,201900051671,10,24,10:00,1,1,1,1.0,6.0,82050,"A62 - PK 143+100, SENS Bordeaux/Toulouse",M,"44,0837990","0,7961740",82,2019,130.0,3.0,2.0,1.0,2258920,1.0,1,4,2,5.0,,0.0,0,1958.0,A01,138Â 208Â 970,1.0,-1.0,-1.0,1724250,1.0,7,,13.0,0.0,1.0,A01,138Â 208Â 970,1.0
1010141,201900051672,10,29,16:35,2,1,1,1.0,6.0,67089,A4,M,"48,7735930","7,4454980",67,2019,90.0,1.0,1.0,1.0,2258921,1.0,1,1,1,4.0,,0.0,0,1967.0,A01,138Â 208Â 967,8.0,-1.0,-1.0,1724251,2.0,15,,0.0,1.0,3.0,A01,138Â 208Â 967,1.0
1010141,201900051672,10,29,16:35,2,1,1,1.0,6.0,67089,A4,M,"48,7735930","7,4454980",67,2019,90.0,1.0,1.0,1.0,2258922,10.0,3,3,2,5.0,,1.0,9,1970.0,A01,138Â 208Â 967,0.0,-1.0,-1.0,1724251,2.0,15,,0.0,1.0,3.0,A01,138Â 208Â 967,1.0
1010142,201900051673,1,8,14:55,1,1,1,2.0,5.0,33039,ROCADE A 630,M,"44,7942800"," -0,5395500",33,2019,90.0,1.0,8.0,1.0,2258923,1.0,1,1,1,4.0,,-1.0, -1,1978.0,A01,138Â 208Â 964,1.0,8.0,-1.0,1724252,2.0,14,,0.0,0.0,0.0,A01,138Â 208Â 964,1.0
1010142,201900051673,1,8,14:55,1,1,1,2.0,5.0,33039,ROCADE A 630,M,"44,7942800"," -0,5395500",33,2019,90.0,1.0,8.0,1.0,2258923,1.0,1,1,1,4.0,,-1.0, -1,1978.0,A01,138Â 208Â 964,1.0,8.0,-1.0,1724253,2.0,7,,4.0,2.0,1.0,B01,138Â 208Â 965,1.0
1010142,201900051673,1,8,14:55,1,1,1,2.0,5.0,33039,ROCADE A 630,M,"44,7942800"," -0,5395500",33,2019,90.0,1.0,8.0,1.0,2258923,1.0,1,1,1,4.0,,-1.0, -1,1978.0,A01,138Â 208Â 964,1.0,8.0,-1.0,1724254,2.0,7,,0.0,2.0,8.0,C01,138Â 208Â 966,1.0
1010142,201900051673,1,8,14:55,1,1,1,2.0,5.0,33039,ROCADE A 630,M,"44,7942800"," -0,5395500",33,2019,90.0,1.0,8.0,1.0,2258923,1.0,1,1,1,4.0,,-1.0, -1,1978.0,A01,138Â 208Â 964,1.0,8.0,-1.0,1724255,2.0,7,,0.0,2.0,1.0,D01,138Â 208Â 968,1.0
1010142,201900051673,1,8,14:55,1,1,1,2.0,5.0,33039,ROCADE A 630,M,"44,7942800"," -0,5395500",33,2019,90.0,1.0,8.0,1.0,2258923,1.0,1,1,1,4.0,,-1.0, -1,1978.0,A01,138Â 208Â 964,1.0,8.0,-1.0,1724256,2.0,7,,4.0,0.0,1.0,E01,138Â 208Â 969,1.0
1010142,201900051673,1,8,14:55,1,1,1,2.0,5.0,33039,ROCADE A 630,M,"44,7942800"," -0,5395500",33,2019,90.0,1.0,8.0,1.0,2258924,1.0,1,4,2,5.0,,-1.0, -1,1958.0,B01,138Â 208Â 965,1.0,8.0,-1.0,1724252,2.0,14,,0.0,0.0,0.0,A01,138Â 208Â 964,1.0
1010142,201900051673,1,8,14:55,1,1,1,2.0,5.0,33039,ROCADE A 630,M,"44,7942800"," -0,5395500",33,2019,90.0,1.0,8.0,1.0,2258924,1.0,1,4,2,5.0,,-1.0, -1,1958.0,B01,138Â 208Â 965,1.0,8.0,-1.0,1724253,2.0,7,,4.0,2.0,1.0,B01,138Â 208Â 965,1.0
1010142,201900051673,1,8,14:55,1,1,1,2.0,5.0,33039,ROCADE A 630,M,"44,7942800"," -0,5395500",33,2019,90.0,1.0,8.0,1.0,2258924,1.0,1,4,2,5.0,,-1.0, -1,1958.0,B01,138Â 208Â 965,1.0,8.0,-1.0,1724254,2.0,7,,0.0,2.0,8.0,C01,138Â 208Â 966,1.0
1010142,201900051673,1,8,14:55,1,1,1,2.0,5.0,33039,ROCADE A 630,M,"44,7942800"," -0,5395500",33,2019,90.0,1.0,8.0,1.0,2258924,1.0,1,4,2,5.0,,-1.0, -1,1958.0,B01,138Â 208Â 965,1.0,8.0,-1.0,1724255,2.0,7,,0.0,2.0,1.0,D01,138Â 208Â 968,1.0
1010142,201900051673,1,8,14:55,1,1,1,2.0,5.0,33039,ROCADE A 630,M,"44,7942800"," -0,5395500",33,2019,90.0,1.0,8.0,1.0,2258924,1.0,1,4,2,5.0,,-1.0, -1,1958.0,B01,138Â 208Â 965,1.0,8.0,-1.0,1724256,2.0,7,,4.0,0.0,1.0,E01,138Â 208Â 969,1.0
1010142,201900051673,1,8,14:55,1,1,1,2.0,5.0,33039,ROCADE A 630,M,"44,7942800"," -0,5395500",33,2019,90.0,1.0,8.0,1.0,2258925,1.0,1,1,2,1.0,,-1.0, -1,1987.0,C01,138Â 208Â 966,1.0,8.0,-1.0,1724252,2.0,14,,0.0,0.0,0.0,A01,138Â 208Â 964,1.0
1010142,201900051673,1,8,14:55,1,1,1,2.0,5.0,33039,ROCADE A 630,M,"44,7942800"," -0,5395500",33,2019,90.0,1.0,8.0,1.0,2258925,1.0,1,1,2,1.0,,-1.0, -1,1987.0,C01,138Â 208Â 966,1.0,8.0,-1.0,1724253,2.0,7,,4.0,2.0,1.0,B01,138Â 208Â 965,1.0
1010142,201900051673,1,8,14:55,1,1,1,2.0,5.0,33039,ROCADE A 630,M,"44,7942800"," -0,5395500",33,2019,90.0,1.0,8.0,1.0,2258925,1.0,1,1,2,1.0,,-1.0, -1,1987.0,C01,138Â 208Â 966,1.0,8.0,-1.0,1724254,2.0,7,,0.0,2.0,8.0,C01,138Â 208Â 966,1.0
1010142,201900051673,1,8,14:55,1,1,1,2.0,5.0,33039,ROCADE A 630,M,"44,7942800"," -0,5395500",33,2019,90.0,1.0,8.0,1.0,2258925,1.0,1,1,2,1.0,,-1.0, -1,1987.0,C01,138Â 208Â 966,1.0,8.0,-1.0,1724255,2.0,7,,0.0,2.0,1.0,D01,138Â 208Â 968,1.0
1010142,201900051673,1,8,14:55,1,1,1,2.0,5.0,33039,ROCADE A 630,M,"44,7942800"," -0,5395500",33,2019,90.0,1.0,8.0,1.0,2258925,1.0,1,1,2,1.0,,-1.0, -1,1987.0,C01,138Â 208Â 966,1.0,8.0,-1.0,1724256,2.0,7,,4.0,0.0,1.0,E01,138Â 208Â 969,1.0
1010142,201900051673,1,8,14:55,1,1,1,2.0,5.0,33039,ROCADE A 630,M,"44,7942800"," -0,5395500",33,2019,90.0,1.0,8.0,1.0,2258926,1.0,1,1,2,0.0,,-1.0, -1,1986.0,D01,138Â 208Â 968,1.0,8.0,-1.0,1724252,2.0,14,,0.0,0.0,0.0,A01,138Â 208Â 964,1.0
1010142,201900051673,1,8,14:55,1,1,1,2.0,5.0,33039,ROCADE A 630,M,"44,7942800"," -0,5395500",33,2019,90.0,1.0,8.0,1.0,2258926,1.0,1,1,2,0.0,,-1.0, -1,1986.0,D01,138Â 208Â 968,1.0,8.0,-1.0,1724253,2.0,7,,4.0,2.0,1.0,B01,138Â 208Â 965,1.0
1010142,201900051673,1,8,14:55,1,1,1,2.0,5.0,33039,ROCADE A 630,M,"44,7942800"," -0,5395500",33,2019,90.0,1.0,8.0,1.0,2258926,1.0,1,1,2,0.0,,-1.0, -1,1986.0,D01,138Â 208Â 968,1.0,8.0,-1.0,1724254,2.0,7,,0.0,2.0,8.0,C01,138Â 208Â 966,1.0
1010142,201900051673,1,8,14:55,1,1,1,2.0,5.0,33039,ROCADE A 630,M,"44,7942800"," -0,5395500",33,2019,90.0,1.0,8.0,1.0,2258926,1.0,1,1,2,0.0,,-1.0, -1,1986.0,D01,138Â 208Â 968,1.0,8.0,-1.0,1724255,2.0,7,,0.0,2.0,1.0,D01,138Â 208Â 968,1.0
1010142,201900051673,1,8,14:55,1,1,1,2.0,5.0,33039,ROCADE A 630,M,"44,7942800"," -0,5395500",33,2019,90.0,1.0,8.0,1.0,2258926,1.0,1,1,2,0.0,,-1.0, -1,1986.0,D01,138Â 208Â 968,1.0,8.0,-1.0,1724256,2.0,7,,4.0,0.0,1.0,E01,138Â 208Â 969,1.0
1010142,201900051673,1,8,14:55,1,1,1,2.0,5.0,33039,ROCADE A 630,M,"44,7942800"," -0,5395500",33,2019,90.0,1.0,8.0,1.0,2258927,1.0,1,1,2,1.0,,-1.0, -1,1975.0,E01,138Â 208Â 969,1.0,8.0,-1.0,1724252,2.0,14,,0.0,0.0,0.0,A01,138Â 208Â 964,1.0
1010142,201900051673,1,8,14:55,1,1,1,2.0,5.0,33039,ROCADE A 630,M,"44,7942800"," -0,5395500",33,2019,90.0,1.0,8.0,1.0,2258927,1.0,1,1,2,1.0,,-1.0, -1,1975.0,E01,138Â 208Â 969,1.0,8.0,-1.0,1724253,2.0,7,,4.0,2.0,1.0,B01,138Â 208Â 965,1.0
1010142,201900051673,1,8,14:55,1,1,1,2.0,5.0,33039,ROCADE A 630,M,"44,7942800"," -0,5395500",33,2019,90.0,1.0,8.0,1.0,2258927,1.0,1,1,2,1.0,,-1.0, -1,1975.0,E01,138Â 208Â 969,1.0,8.0,-1.0,1724254,2.0,7,,0.0,2.0,8.0,C01,138Â 208Â 966,1.0
1010142,201900051673,1,8,14:55,1,1,1,2.0,5.0,33039,ROCADE A 630,M,"44,7942800"," -0,5395500",33,2019,90.0,1.0,8.0,1.0,2258927,1.0,1,1,2,1.0,,-1.0, -1,1975.0,E01,138Â 208Â 969,1.0,8.0,-1.0,1724255,2.0,7,,0.0,2.0,1.0,D01,138Â 208Â 968,1.0
1010142,201900051673,1,8,14:55,1,1,1,2.0,5.0,33039,ROCADE A 630,M,"44,7942800"," -0,5395500",33,2019,90.0,1.0,8.0,1.0,2258927,1.0,1,1,2,1.0,,-1.0, -1,1975.0,E01,138Â 208Â 969,1.0,8.0,-1.0,1724256,2.0,7,,4.0,0.0,1.0,E01,138Â 208Â 969,1.0
1010143,201900051674,1,8,09:00,1,1,1,1.0,3.0,33039,ROCADE A 630,M,"44,7881300"," -0,5411500",33,2019,90.0,1.0,1.0,1.0,2258928,1.0,1,4,2,1.0,,-1.0, -1,1971.0,B01,138Â 208Â 961,2.0,6.0,-1.0,1724257,2.0,43,,0.0,2.0,2.0,B01,138Â 208Â 961,1.0
1010143,201900051674,1,8,09:00,1,1,1,1.0,3.0,33039,ROCADE A 630,M,"44,7881300"," -0,5411500",33,2019,90.0,1.0,1.0,1.0,2258928,1.0,1,4,2,1.0,,-1.0, -1,1971.0,B01,138Â 208Â 961,2.0,6.0,-1.0,1724258,2.0,7,,0.0,2.0,1.0,A01,138Â 208Â 962,1.0
1010143,201900051674,1,8,09:00,1,1,1,1.0,3.0,33039,ROCADE A 630,M,"44,7881300"," -0,5411500",33,2019,90.0,1.0,1.0,1.0,2258929,1.0,1,1,2,1.0,,-1.0, -1,1993.0,A01,138Â 208Â 962,1.0,8.0,-1.0,1724257,2.0,43,,0.0,2.0,2.0,B01,138Â 208Â 961,1.0
1010143,201900051674,1,8,09:00,1,1,1,1.0,3.0,33039,ROCADE A 630,M,"44,7881300"," -0,5411500",33,2019,90.0,1.0,1.0,1.0,2258929,1.0,1,1,2,1.0,,-1.0, -1,1993.0,A01,138Â 208Â 962,1.0,8.0,-1.0,1724258,2.0,7,,0.0,2.0,1.0,A01,138Â 208Â 962,1.0
1010144,201900051675,10,28,20:30,5,2,6,1.0,7.0,98821,Rond point de la Karikouie,M," -22,1308700","166,3710820",988,2019,50.0,3.0,1.0,2.0,2258930,1.0,1,4,1,9.0,,0.0,0,2000.0,A01,138Â 208Â 960,0.0,-1.0,-1.0,1724259,3.0,31,,0.0,0.0,1.0,A01,138Â 208Â 960,1.0
1010144,201900051675,10,28,20:30,5,2,6,1.0,7.0,98821,Rond point de la Karikouie,M," -22,1308700","166,3710820",988,2019,50.0,3.0,1.0,2.0,2258931,3.0,2,3,1,5.0,,0.0,0,1992.0,A01,138Â 208Â 960,0.0,-1.0,-1.0,1724259,3.0,31,,0.0,0.0,1.0,A01,138Â 208Â 960,1.0
1010144,201900051675,10,28,20:30,5,2,6,1.0,7.0,98821,Rond point de la Karikouie,M," -22,1308700","166,3710820",988,2019,50.0,3.0,1.0,2.0,2258932,2.0,2,3,1,9.0,,0.0,0,1997.0,A01,138Â 208Â 960,0.0,-1.0,-1.0,1724259,3.0,31,,0.0,0.0,1.0,A01,138Â 208Â 960,1.0
1010145,201900051676,10,29,14:20,1,2,3,1.0,3.0,97801,rue de hollande,M,"18,0736052"," -63,0801286",978,2019,50.0,1.0,1.0,2.0,2258933,1.0,1,1,2,0.0,,0.0,0,1976.0,A01,138Â 208Â 955,1.0,-1.0,-1.0,1724260,3.0,3,,0.0,0.0,6.0,A01,138Â 208Â 955,0.0
1010145,201900051676,10,29,14:20,1,2,3,1.0,3.0,97801,rue de hollande,M,"18,0736052"," -63,0801286",978,2019,50.0,1.0,1.0,2.0,2258933,1.0,1,1,2,0.0,,0.0,0,1976.0,A01,138Â 208Â 955,1.0,-1.0,-1.0,1724261,1.0,2,,0.0,0.0,3.0,B01,138Â 208Â 957,0.0
1010145,201900051676,10,29,14:20,1,2,3,1.0,3.0,97801,rue de hollande,M,"18,0736052"," -63,0801286",978,2019,50.0,1.0,1.0,2.0,2258934,1.0,1,4,1,0.0,,0.0,0,2000.0,B01,138Â 208Â 957,2.0,-1.0,-1.0,1724260,3.0,3,,0.0,0.0,6.0,A01,138Â 208Â 955,0.0
1010145,201900051676,10,29,14:20,1,2,3,1.0,3.0,97801,rue de hollande,M,"18,0736052"," -63,0801286",978,2019,50.0,1.0,1.0,2.0,2258934,1.0,1,4,1,0.0,,0.0,0,2000.0,B01,138Â 208Â 957,2.0,-1.0,-1.0,1724261,1.0,2,,0.0,0.0,3.0,B01,138Â 208Â 957,0.0
1010146,201900051677,1,8,07:30,3,1,1,1.0,4.0,33090,AUTOROUTE A 63,M,"44,7715000"," -0,6592400",33,2019,110.0,1.0,2.0,1.0,2258935,1.0,1,1,1,4.0,,-1.0, -1,1981.0,C01,138Â 208Â 956,1.0,8.0,-1.0,1724262,2.0,7,,0.0,2.0,4.0,C01,138Â 208Â 956,1.0
1010146,201900051677,1,8,07:30,3,1,1,1.0,4.0,33090,AUTOROUTE A 63,M,"44,7715000"," -0,6592400",33,2019,110.0,1.0,2.0,1.0,2258935,1.0,1,1,1,4.0,,-1.0, -1,1981.0,C01,138Â 208Â 956,1.0,8.0,-1.0,1724263,2.0,7,,0.0,2.0,4.0,B01,138Â 208Â 958,1.0
1010146,201900051677,1,8,07:30,3,1,1,1.0,4.0,33090,AUTOROUTE A 63,M,"44,7715000"," -0,6592400",33,2019,110.0,1.0,2.0,1.0,2258935,1.0,1,1,1,4.0,,-1.0, -1,1981.0,C01,138Â 208Â 956,1.0,8.0,-1.0,1724264,2.0,7,,0.0,2.0,1.0,A01,138Â 208Â 959,1.0
1010146,201900051677,1,8,07:30,3,1,1,1.0,4.0,33090,AUTOROUTE A 63,M,"44,7715000"," -0,6592400",33,2019,110.0,1.0,2.0,1.0,2258936,1.0,1,1,1,1.0,,-1.0, -1,1999.0,B01,138Â 208Â 958,1.0,8.0,-1.0,1724262,2.0,7,,0.0,2.0,4.0,C01,138Â 208Â 956,1.0
1010146,201900051677,1,8,07:30,3,1,1,1.0,4.0,33090,AUTOROUTE A 63,M,"44,7715000"," -0,6592400",33,2019,110.0,1.0,2.0,1.0,2258936,1.0,1,1,1,1.0,,-1.0, -1,1999.0,B01,138Â 208Â 958,1.0,8.0,-1.0,1724263,2.0,7,,0.0,2.0,4.0,B01,138Â 208Â 958,1.0
1010146,201900051677,1,8,07:30,3,1,1,1.0,4.0,33090,AUTOROUTE A 63,M,"44,7715000"," -0,6592400",33,2019,110.0,1.0,2.0,1.0,2258936,1.0,1,1,1,1.0,,-1.0, -1,1999.0,B01,138Â 208Â 958,1.0,8.0,-1.0,1724264,2.0,7,,0.0,2.0,1.0,A01,138Â 208Â 959,1.0
1010146,201900051677,1,8,07:30,3,1,1,1.0,4.0,33090,AUTOROUTE A 63,M,"44,7715000"," -0,6592400",33,2019,110.0,1.0,2.0,1.0,2258937,1.0,1,4,2,4.0,,-1.0, -1,1987.0,A01,138Â 208Â 959,1.0,8.0,-1.0,1724262,2.0,7,,0.0,2.0,4.0,C01,138Â 208Â 956,1.0
1010146,201900051677,1,8,07:30,3,1,1,1.0,4.0,33090,AUTOROUTE A 63,M,"44,7715000"," -0,6592400",33,2019,110.0,1.0,2.0,1.0,2258937,1.0,1,4,2,4.0,,-1.0, -1,1987.0,A01,138Â 208Â 959,1.0,8.0,-1.0,1724263,2.0,7,,0.0,2.0,4.0,B01,138Â 208Â 958,1.0
1010146,201900051677,1,8,07:30,3,1,1,1.0,4.0,33090,AUTOROUTE A 63,M,"44,7715000"," -0,6592400",33,2019,110.0,1.0,2.0,1.0,2258937,1.0,1,4,2,4.0,,-1.0, -1,1987.0,A01,138Â 208Â 959,1.0,8.0,-1.0,1724264,2.0,7,,0.0,2.0,1.0,A01,138Â 208Â 959,1.0
1010147,201900051678,1,8,14:00,1,1,1,1.0,5.0,59646,ROUTE DEPARTEMENTALE 656,M,"50,6737700","3,1184500",59,2019,90.0,1.0,1.0,7.0,2258938,1.0,1,1,1,1.0,,-1.0, -1,1961.0,A01,138Â 208Â 948,1.0,0.0,-1.0,1724265,2.0,7,,0.0,2.0,4.0,A01,138Â 208Â 948,1.0
1010147,201900051678,1,8,14:00,1,1,1,1.0,5.0,59646,ROUTE DEPARTEMENTALE 656,M,"50,6737700","3,1184500",59,2019,90.0,1.0,1.0,7.0,2258938,1.0,1,1,1,1.0,,-1.0, -1,1961.0,A01,138Â 208Â 948,1.0,0.0,-1.0,1724266,2.0,7,,0.0,2.0,4.0,B01,138Â 208Â 949,1.0
1010147,201900051678,1,8,14:00,1,1,1,1.0,5.0,59646,ROUTE DEPARTEMENTALE 656,M,"50,6737700","3,1184500",59,2019,90.0,1.0,1.0,7.0,2258938,1.0,1,1,1,1.0,,-1.0, -1,1961.0,A01,138Â 208Â 948,1.0,0.0,-1.0,1724267,0.0,7,,0.0,2.0,4.0,C01,138Â 208Â 950,1.0
1010147,201900051678,1,8,14:00,1,1,1,1.0,5.0,59646,ROUTE DEPARTEMENTALE 656,M,"50,6737700","3,1184500",59,2019,90.0,1.0,1.0,7.0,2258938,1.0,1,1,1,1.0,,-1.0, -1,1961.0,A01,138Â 208Â 948,1.0,0.0,-1.0,1724268,2.0,7,,0.0,2.0,1.0,D01,138Â 208Â 953,1.0
1010147,201900051678,1,8,14:00,1,1,1,1.0,5.0,59646,ROUTE DEPARTEMENTALE 656,M,"50,6737700","3,1184500",59,2019,90.0,1.0,1.0,7.0,2258939,1.0,1,4,2,0.0,,-1.0, -1,1983.0,B01,138Â 208Â 949,1.0,0.0,-1.0,1724265,2.0,7,,0.0,2.0,4.0,A01,138Â 208Â 948,1.0
1010147,201900051678,1,8,14:00,1,1,1,1.0,5.0,59646,ROUTE DEPARTEMENTALE 656,M,"50,6737700","3,1184500",59,2019,90.0,1.0,1.0,7.0,2258939,1.0,1,4,2,0.0,,-1.0, -1,1983.0,B01,138Â 208Â 949,1.0,0.0,-1.0,1724266,2.0,7,,0.0,2.0,4.0,B01,138Â 208Â 949,1.0
1010147,201900051678,1,8,14:00,1,1,1,1.0,5.0,59646,ROUTE DEPARTEMENTALE 656,M,"50,6737700","3,1184500",59,2019,90.0,1.0,1.0,7.0,2258939,1.0,1,4,2,0.0,,-1.0, -1,1983.0,B01,138Â 208Â 949,1.0,0.0,-1.0,1724267,0.0,7,,0.0,2.0,4.0,C01,138Â 208Â 950,1.0
1010147,201900051678,1,8,14:00,1,1,1,1.0,5.0,59646,ROUTE DEPARTEMENTALE 656,M,"50,6737700","3,1184500",59,2019,90.0,1.0,1.0,7.0,2258939,1.0,1,4,2,0.0,,-1.0, -1,1983.0,B01,138Â 208Â 949,1.0,0.0,-1.0,1724268,2.0,7,,0.0,2.0,1.0,D01,138Â 208Â 953,1.0
1010147,201900051678,1,8,14:00,1,1,1,1.0,5.0,59646,ROUTE DEPARTEMENTALE 656,M,"50,6737700","3,1184500",59,2019,90.0,1.0,1.0,7.0,2258940,1.0,1,1,1,1.0,,-1.0, -1,1991.0,C01,138Â 208Â 950,1.0,0.0,-1.0,1724265,2.0,7,,0.0,2.0,4.0,A01,138Â 208Â 948,1.0
1010147,201900051678,1,8,14:00,1,1,1,1.0,5.0,59646,ROUTE DEPARTEMENTALE 656,M,"50,6737700","3,1184500",59,2019,90.0,1.0,1.0,7.0,2258940,1.0,1,1,1,1.0,,-1.0, -1,1991.0,C01,138Â 208Â 950,1.0,0.0,-1.0,1724266,2.0,7,,0.0,2.0,4.0,B01,138Â 208Â 949,1.0
1010147,201900051678,1,8,14:00,1,1,1,1.0,5.0,59646,ROUTE DEPARTEMENTALE 656,M,"50,6737700","3,1184500",59,2019,90.0,1.0,1.0,7.0,2258940,1.0,1,1,1,1.0,,-1.0, -1,1991.0,C01,138Â 208Â 950,1.0,0.0,-1.0,1724267,0.0,7,,0.0,2.0,4.0,C01,138Â 208Â 950,1.0
1010147,201900051678,1,8,14:00,1,1,1,1.0,5.0,59646,ROUTE DEPARTEMENTALE 656,M,"50,6737700","3,1184500",59,2019,90.0,1.0,1.0,7.0,2258940,1.0,1,1,1,1.0,,-1.0, -1,1991.0,C01,138Â 208Â 950,1.0,0.0,-1.0,1724268,2.0,7,,0.0,2.0,1.0,D01,138Â 208Â 953,1.0
1010147,201900051678,1,8,14:00,1,1,1,1.0,5.0,59646,ROUTE DEPARTEMENTALE 656,M,"50,6737700","3,1184500",59,2019,90.0,1.0,1.0,7.0,2258941,1.0,1,1,1,1.0,,-1.0, -1,1980.0,D01,138Â 208Â 953,1.0,0.0,-1.0,1724265,2.0,7,,0.0,2.0,4.0,A01,138Â 208Â 948,1.0
1010147,201900051678,1,8,14:00,1,1,1,1.0,5.0,59646,ROUTE DEPARTEMENTALE 656,M,"50,6737700","3,1184500",59,2019,90.0,1.0,1.0,7.0,2258941,1.0,1,1,1,1.0,,-1.0, -1,1980.0,D01,138Â 208Â 953,1.0,0.0,-1.0,1724266,2.0,7,,0.0,2.0,4.0,B01,138Â 208Â 949,1.0