Unnamed: 0_x,num_acc,mois,jour,hrmn,lum,agg,int,atm,col,com,adr,gps,lat,long,dep,annee,vma,situ,surf,catr,Unnamed: 0_y,place,catu,grav,sexe,trajet,secu,locp,actp,an_nais,num_veh_x,id_vehicule_x,secu1,secu2,secu3,Unnamed: 0,senc,catv,occutc,obs,obsm,choc,num_veh_y,id_vehicule_y,motor
1010147,201900051678,1,8,14:00,1,1,1,1.0,5.0,59646,ROUTE DEPARTEMENTALE 656,M,"50,6737700","3,1184500",59,2019,90.0,1.0,1.0,7.0,2258941,1.0,1,1,1,1.0,,-1.0, -1,1980.0,D01,138Â 208Â 953,1.0,0.0,-1.0,1724267,0.0,7,,0.0,2.0,4.0,C01,138Â 208Â 950,1.0
1010147,201900051678,1,8,14:00,1,1,1,1.0,5.0,59646,ROUTE DEPARTEMENTALE 656,M,"50,6737700","3,1184500",59,2019,90.0,1.0,1.0,7.0,2258941,1.0,1,1,1,1.0,,-1.0, -1,1980.0,D01,138Â 208Â 953,1.0,0.0,-1.0,1724268,2.0,7,,0.0,2.0,1.0,D01,138Â 208Â 953,1.0
1010148,201900051679,10,28,18:00,2,1,1,2.0,4.0,91041,D19,M,"48,5733770","2,2457660",91,2019,90.0,1.0,1.0,3.0,2258942,1.0,1,3,1,1.0,,0.0,0,1997.0,A01,138Â 208Â 951,1.0,-1.0,-1.0,1724269,2.0,7,,0.0,2.0,1.0,A01,138Â 208Â 951,1.0
1010148,201900051679,10,28,18:00,2,1,1,2.0,4.0,91041,D19,M,"48,5733770","2,2457660",91,2019,90.0,1.0,1.0,3.0,2258942,1.0,1,3,1,1.0,,0.0,0,1997.0,A01,138Â 208Â 951,1.0,-1.0,-1.0,1724270,2.0,7,,0.0,2.0,4.0,B01,138Â 208Â 952,1.0
1010148,201900051679,10,28,18:00,2,1,1,2.0,4.0,91041,D19,M,"48,5733770","2,2457660",91,2019,90.0,1.0,1.0,3.0,2258942,1.0,1,3,1,1.0,,0.0,0,1997.0,A01,138Â 208Â 951,1.0,-1.0,-1.0,1724271,2.0,7,,0.0,0.0,4.0,C01,138Â 208Â 954,1.0
1010148,201900051679,10,28,18:00,2,1,1,2.0,4.0,91041,D19,M,"48,5733770","2,2457660",91,2019,90.0,1.0,1.0,3.0,2258943,1.0,1,1,2,1.0,,0.0,0,1981.0,B01,138Â 208Â 952,1.0,-1.0,-1.0,1724269,2.0,7,,0.0,2.0,1.0,A01,138Â 208Â 951,1.0
1010148,201900051679,10,28,18:00,2,1,1,2.0,4.0,91041,D19,M,"48,5733770","2,2457660",91,2019,90.0,1.0,1.0,3.0,2258943,1.0,1,1,2,1.0,,0.0,0,1981.0,B01,138Â 208Â 952,1.0,-1.0,-1.0,1724270,2.0,7,,0.0,2.0,4.0,B01,138Â 208Â 952,1.0
1010148,201900051679,10,28,18:00,2,1,1,2.0,4.0,91041,D19,M,"48,5733770","2,2457660",91,2019,90.0,1.0,1.0,3.0,2258943,1.0,1,1,2,1.0,,0.0,0,1981.0,B01,138Â 208Â 952,1.0,-1.0,-1.0,1724271,2.0,7,,0.0,0.0,4.0,C01,138Â 208Â 954,1.0
1010148,201900051679,10,28,18:00,2,1,1,2.0,4.0,91041,D19,M,"48,5733770","2,2457660",91,2019,90.0,1.0,1.0,3.0,2258944,1.0,1,1,2,1.0,,0.0,0,1980.0,C01,138Â 208Â 954,1.0,-1.0,-1.0,1724269,2.0,7,,0.0,2.0,1.0,A01,138Â 208Â 951,1.0
1010148,201900051679,10,28,18:00,2,1,1,2.0,4.0,91041,D19,M,"48,5733770","2,2457660",91,2019,90.0,1.0,1.0,3.0,2258944,1.0,1,1,2,1.0,,0.0,0,1980.0,C01,138Â 208Â 954,1.0,-1.0,-1.0,1724270,2.0,7,,0.0,2.0,4.0,B01,138Â 208Â 952,1.0
1010148,201900051679,10,28,18:00,2,1,1,2.0,4.0,91041,D19,M,"48,5733770","2,2457660",91,2019,90.0,1.0,1.0,3.0,2258944,1.0,1,1,2,1.0,,0.0,0,1980.0,C01,138Â 208Â 954,1.0,-1.0,-1.0,1724271,2.0,7,,0.0,0.0,4.0,C01,138Â 208Â 954,1.0
1010149,201900051680,10,25,19:35,3,1,1,1.0,7.0,30258,4492 Route de Beaucaire,M,"43,7010410","4,4506230",30,2019,80.0,3.0,1.0,3.0,2258945,1.0,1,3,1,0.0,,0.0,0,1973.0,A01,138Â 208Â 946,2.0,-1.0,-1.0,1724272,1.0,2,,0.0,0.0,0.0,A01,138Â 208Â 946,1.0
1010150,201900051681,10,29,12:10,1,1,1,8.0,1.0,71106,D985 PR 52+500,M,"46,4232760","4,2726190",71,2019,80.0,1.0,2.0,3.0,2258946,2.0,2,4,2,5.0,,0.0,0,1961.0,B01,138Â 208Â 942,1.0,-1.0,-1.0,1724273,1.0,7,,0.0,2.0,1.0,B01,138Â 208Â 942,1.0
1010150,201900051681,10,29,12:10,1,1,1,8.0,1.0,71106,D985 PR 52+500,M,"46,4232760","4,2726190",71,2019,80.0,1.0,2.0,3.0,2258946,2.0,2,4,2,5.0,,0.0,0,1961.0,B01,138Â 208Â 942,1.0,-1.0,-1.0,1724274,2.0,7,,0.0,2.0,2.0,A01,138Â 208Â 943,1.0
1010150,201900051681,10,29,12:10,1,1,1,8.0,1.0,71106,D985 PR 52+500,M,"46,4232760","4,2726190",71,2019,80.0,1.0,2.0,3.0,2258947,1.0,1,1,1,5.0,,0.0,0,1961.0,B01,138Â 208Â 942,1.0,-1.0,-1.0,1724273,1.0,7,,0.0,2.0,1.0,B01,138Â 208Â 942,1.0
1010150,201900051681,10,29,12:10,1,1,1,8.0,1.0,71106,D985 PR 52+500,M,"46,4232760","4,2726190",71,2019,80.0,1.0,2.0,3.0,2258947,1.0,1,1,1,5.0,,0.0,0,1961.0,B01,138Â 208Â 942,1.0,-1.0,-1.0,1724274,2.0,7,,0.0,2.0,2.0,A01,138Â 208Â 943,1.0
1010150,201900051681,10,29,12:10,1,1,1,8.0,1.0,71106,D985 PR 52+500,M,"46,4232760","4,2726190",71,2019,80.0,1.0,2.0,3.0,2258948,1.0,1,3,2,1.0,,0.0,0,1960.0,A01,138Â 208Â 943,1.0,-1.0,-1.0,1724273,1.0,7,,0.0,2.0,1.0,B01,138Â 208Â 942,1.0
1010150,201900051681,10,29,12:10,1,1,1,8.0,1.0,71106,D985 PR 52+500,M,"46,4232760","4,2726190",71,2019,80.0,1.0,2.0,3.0,2258948,1.0,1,3,2,1.0,,0.0,0,1960.0,A01,138Â 208Â 943,1.0,-1.0,-1.0,1724274,2.0,7,,0.0,2.0,2.0,A01,138Â 208Â 943,1.0
1010151,201900051682,10,23,18:50,5,2,1,8.0,7.0,68193,Rue de la Mairie,M,"48,0314920","7,1184560",68,2019,50.0,1.0,2.0,4.0,2258949,1.0,1,3,1,0.0,,0.0,0,2003.0,A01,138Â 208Â 941,2.0,6.0,-1.0,1724275,3.0,2,,1.0,0.0,1.0,A01,138Â 208Â 941,1.0
1010152,201900051683,10,29,17:55,5,2,1,1.0,3.0,55351,2 Avenue de Verdun,M,"49,5152930","5,3715930",55,2019,50.0,1.0,1.0,3.0,2258950,1.0,1,1,1,5.0,,0.0,0,1986.0,A01,138Â 208Â 939,1.0,9.0,-1.0,1724276,2.0,7,,0.0,2.0,2.0,A01,138Â 208Â 939,1.0
1010152,201900051683,10,29,17:55,5,2,1,1.0,3.0,55351,2 Avenue de Verdun,M,"49,5152930","5,3715930",55,2019,50.0,1.0,1.0,3.0,2258950,1.0,1,1,1,5.0,,0.0,0,1986.0,A01,138Â 208Â 939,1.0,9.0,-1.0,1724277,2.0,7,,0.0,2.0,2.0,B01,138Â 208Â 940,1.0
1010152,201900051683,10,29,17:55,5,2,1,1.0,3.0,55351,2 Avenue de Verdun,M,"49,5152930","5,3715930",55,2019,50.0,1.0,1.0,3.0,2258951,1.0,1,4,2,1.0,,0.0,0,1994.0,B01,138Â 208Â 940,1.0,9.0,-1.0,1724276,2.0,7,,0.0,2.0,2.0,A01,138Â 208Â 939,1.0
1010152,201900051683,10,29,17:55,5,2,1,1.0,3.0,55351,2 Avenue de Verdun,M,"49,5152930","5,3715930",55,2019,50.0,1.0,1.0,3.0,2258951,1.0,1,4,2,1.0,,0.0,0,1994.0,B01,138Â 208Â 940,1.0,9.0,-1.0,1724277,2.0,7,,0.0,2.0,2.0,B01,138Â 208Â 940,1.0
1010153,201900051684,10,29,12:00,1,2,1,1.0,1.0,57752,Rue de Nancy,M,"49,0722290","7,0048610",57,2019,50.0,1.0,1.0,3.0,2258952,1.0,1,1,2,5.0,,0.0,0,1995.0,A01,138Â 208Â 936,1.0,-1.0,-1.0,1724278,3.0,7,,0.0,2.0,3.0,A01,138Â 208Â 936,1.0
1010153,201900051684,10,29,12:00,1,2,1,1.0,1.0,57752,Rue de Nancy,M,"49,0722290","7,0048610",57,2019,50.0,1.0,1.0,3.0,2258952,1.0,1,1,2,5.0,,0.0,0,1995.0,A01,138Â 208Â 936,1.0,-1.0,-1.0,1724279,3.0,33,,0.0,2.0,1.0,B01,138Â 208Â 937,1.0
1010153,201900051684,10,29,12:00,1,2,1,1.0,1.0,57752,Rue de Nancy,M,"49,0722290","7,0048610",57,2019,50.0,1.0,1.0,3.0,2258953,1.0,1,4,2,9.0,,0.0,0,1979.0,B01,138Â 208Â 937,2.0,6.0,9.0,1724278,3.0,7,,0.0,2.0,3.0,A01,138Â 208Â 936,1.0
1010153,201900051684,10,29,12:00,1,2,1,1.0,1.0,57752,Rue de Nancy,M,"49,0722290","7,0048610",57,2019,50.0,1.0,1.0,3.0,2258953,1.0,1,4,2,9.0,,0.0,0,1979.0,B01,138Â 208Â 937,2.0,6.0,9.0,1724279,3.0,33,,0.0,2.0,1.0,B01,138Â 208Â 937,1.0
1010154,201900051685,10,25,14:10,1,1,3,8.0,3.0,57337,D656,M,"49,0677730","6,8931660",57,2019,80.0,1.0,1.0,3.0,2258954,1.0,1,1,1,5.0,,0.0,0,1930.0,B01,138Â 208Â 934,1.0,-1.0,-1.0,1724280,0.0,7,,0.0,2.0,1.0,B01,138Â 208Â 934,1.0
1010154,201900051685,10,25,14:10,1,1,3,8.0,3.0,57337,D656,M,"49,0677730","6,8931660",57,2019,80.0,1.0,1.0,3.0,2258954,1.0,1,1,1,5.0,,0.0,0,1930.0,B01,138Â 208Â 934,1.0,-1.0,-1.0,1724281,0.0,7,,0.0,0.0,7.0,A01,138Â 208Â 935,1.0
1010154,201900051685,10,25,14:10,1,1,3,8.0,3.0,57337,D656,M,"49,0677730","6,8931660",57,2019,80.0,1.0,1.0,3.0,2258955,1.0,1,3,2,0.0,,0.0,0,1995.0,A01,138Â 208Â 935,1.0,-1.0,-1.0,1724280,0.0,7,,0.0,2.0,1.0,B01,138Â 208Â 934,1.0
1010154,201900051685,10,25,14:10,1,1,3,8.0,3.0,57337,D656,M,"49,0677730","6,8931660",57,2019,80.0,1.0,1.0,3.0,2258955,1.0,1,3,2,0.0,,0.0,0,1995.0,A01,138Â 208Â 935,1.0,-1.0,-1.0,1724281,0.0,7,,0.0,0.0,7.0,A01,138Â 208Â 935,1.0
1010155,201900051686,10,28,10:30,1,2,3,2.0,3.0,74124,Route de PrÃ©silly,M,"46,1086490","6,0786790",74,2019,80.0,1.0,2.0,3.0,2258956,1.0,1,3,1,1.0,,0.0,0,1963.0,B01,138Â 208Â 932,2.0,-1.0,-1.0,1724282,1.0,32,,0.0,2.0,8.0,B01,138Â 208Â 932,1.0
1010155,201900051686,10,28,10:30,1,2,3,2.0,3.0,74124,Route de PrÃ©silly,M,"46,1086490","6,0786790",74,2019,80.0,1.0,2.0,3.0,2258956,1.0,1,3,1,1.0,,0.0,0,1963.0,B01,138Â 208Â 932,2.0,-1.0,-1.0,1724283,1.0,7,,0.0,2.0,6.0,A01,138Â 208Â 933,1.0
1010155,201900051686,10,28,10:30,1,2,3,2.0,3.0,74124,Route de PrÃ©silly,M,"46,1086490","6,0786790",74,2019,80.0,1.0,2.0,3.0,2258957,1.0,1,1,2,5.0,,0.0,0,1998.0,A01,138Â 208Â 933,1.0,-1.0,-1.0,1724282,1.0,32,,0.0,2.0,8.0,B01,138Â 208Â 932,1.0
1010155,201900051686,10,28,10:30,1,2,3,2.0,3.0,74124,Route de PrÃ©silly,M,"46,1086490","6,0786790",74,2019,80.0,1.0,2.0,3.0,2258957,1.0,1,1,2,5.0,,0.0,0,1998.0,A01,138Â 208Â 933,1.0,-1.0,-1.0,1724283,1.0,7,,0.0,2.0,6.0,A01,138Â 208Â 933,1.0
1010156,201900051687,1,11,18:15,2,1,1,1.0,4.0,94038,AUTOROUTE A6A,M,"48,7802000","2,3465900",94,2019,90.0,1.0,1.0,1.0,2258958,1.0,1,4,1,0.0,,0.0,0,1994.0,B01,138Â 208Â 944,1.0,8.0,-1.0,1724284,1.0,7,,0.0,2.0,4.0,B01,138Â 208Â 944,1.0
1010156,201900051687,1,11,18:15,2,1,1,1.0,4.0,94038,AUTOROUTE A6A,M,"48,7802000","2,3465900",94,2019,90.0,1.0,1.0,1.0,2258958,1.0,1,4,1,0.0,,0.0,0,1994.0,B01,138Â 208Â 944,1.0,8.0,-1.0,1724285,1.0,7,,0.0,2.0,4.0,C01,138Â 208Â 945,1.0
1010156,201900051687,1,11,18:15,2,1,1,1.0,4.0,94038,AUTOROUTE A6A,M,"48,7802000","2,3465900",94,2019,90.0,1.0,1.0,1.0,2258958,1.0,1,4,1,0.0,,0.0,0,1994.0,B01,138Â 208Â 944,1.0,8.0,-1.0,1724286,1.0,7,,0.0,2.0,1.0,A01,138Â 208Â 947,1.0
1010156,201900051687,1,11,18:15,2,1,1,1.0,4.0,94038,AUTOROUTE A6A,M,"48,7802000","2,3465900",94,2019,90.0,1.0,1.0,1.0,2258959,1.0,1,1,2,0.0,,0.0,0,1985.0,C01,138Â 208Â 945,1.0,8.0,-1.0,1724284,1.0,7,,0.0,2.0,4.0,B01,138Â 208Â 944,1.0
1010156,201900051687,1,11,18:15,2,1,1,1.0,4.0,94038,AUTOROUTE A6A,M,"48,7802000","2,3465900",94,2019,90.0,1.0,1.0,1.0,2258959,1.0,1,1,2,0.0,,0.0,0,1985.0,C01,138Â 208Â 945,1.0,8.0,-1.0,1724285,1.0,7,,0.0,2.0,4.0,C01,138Â 208Â 945,1.0
1010156,201900051687,1,11,18:15,2,1,1,1.0,4.0,94038,AUTOROUTE A6A,M,"48,7802000","2,3465900",94,2019,90.0,1.0,1.0,1.0,2258959,1.0,1,1,2,0.0,,0.0,0,1985.0,C01,138Â 208Â 945,1.0,8.0,-1.0,1724286,1.0,7,,0.0,2.0,1.0,A01,138Â 208Â 947,1.0
1010156,201900051687,1,11,18:15,2,1,1,1.0,4.0,94038,AUTOROUTE A6A,M,"48,7802000","2,3465900",94,2019,90.0,1.0,1.0,1.0,2258960,1.0,1,1,2,0.0,,-1.0, -1,1996.0,A01,138Â 208Â 947,1.0,8.0,-1.0,1724284,1.0,7,,0.0,2.0,4.0,B01,138Â 208Â 944,1.0
1010156,201900051687,1,11,18:15,2,1,1,1.0,4.0,94038,AUTOROUTE A6A,M,"48,7802000","2,3465900",94,2019,90.0,1.0,1.0,1.0,2258960,1.0,1,1,2,0.0,,-1.0, -1,1996.0,A01,138Â 208Â 947,1.0,8.0,-1.0,1724285,1.0,7,,0.0,2.0,4.0,C01,138Â 208Â 945,1.0
1010156,201900051687,1,11,18:15,2,1,1,1.0,4.0,94038,AUTOROUTE A6A,M,"48,7802000","2,3465900",94,2019,90.0,1.0,1.0,1.0,2258960,1.0,1,1,2,0.0,,-1.0, -1,1996.0,A01,138Â 208Â 947,1.0,8.0,-1.0,1724286,1.0,7,,0.0,2.0,1.0,A01,138Â 208Â 947,1.0
1010157,201900051688,10,29,00:40,3,1,1,2.0,6.0,38507,Chemin de Vavres,M,"45,7311010","5,2000550",38,2019,80.0,8.0,2.0,4.0,2258961,8.0,2,4,2,5.0,,0.0,0,1997.0,A01,138Â 208Â 931,8.0,-1.0,-1.0,1724287,3.0,7,,2.0,0.0,1.0,A01,138Â 208Â 931,1.0
1010157,201900051688,10,29,00:40,3,1,1,2.0,6.0,38507,Chemin de Vavres,M,"45,7311010","5,2000550",38,2019,80.0,8.0,2.0,4.0,2258962,2.0,2,4,2,5.0,,0.0,0,2000.0,A01,138Â 208Â 931,8.0,-1.0,-1.0,1724287,3.0,7,,2.0,0.0,1.0,A01,138Â 208Â 931,1.0
1010157,201900051688,10,29,00:40,3,1,1,2.0,6.0,38507,Chemin de Vavres,M,"45,7311010","5,2000550",38,2019,80.0,8.0,2.0,4.0,2258963,1.0,1,3,1,5.0,,0.0,0,2000.0,A01,138Â 208Â 931,9.0,-1.0,-1.0,1724287,3.0,7,,2.0,0.0,1.0,A01,138Â 208Â 931,1.0
1010158,201900051689,1,11,15:30,1,1,1,8.0,3.0,91161,AUTOROUTE A126,M,"48,7107200","2,2994100",91,2019,90.0,1.0,1.0,1.0,2258964,1.0,1,1,1,0.0,,0.0,0,1962.0,B01,138Â 208Â 929,1.0,8.0,-1.0,1724288,1.0,99,,0.0,2.0,1.0,B01,138Â 208Â 929,1.0
1010158,201900051689,1,11,15:30,1,1,1,8.0,3.0,91161,AUTOROUTE A126,M,"48,7107200","2,2994100",91,2019,90.0,1.0,1.0,1.0,2258964,1.0,1,1,1,0.0,,0.0,0,1962.0,B01,138Â 208Â 929,1.0,8.0,-1.0,1724289,1.0,7,,0.0,2.0,8.0,A01,138Â 208Â 930,1.0
1010158,201900051689,1,11,15:30,1,1,1,8.0,3.0,91161,AUTOROUTE A126,M,"48,7107200","2,2994100",91,2019,90.0,1.0,1.0,1.0,2258965,1.0,1,4,2,0.0,,0.0,0,1996.0,A01,138Â 208Â 930,1.0,8.0,-1.0,1724288,1.0,99,,0.0,2.0,1.0,B01,138Â 208Â 929,1.0
1010158,201900051689,1,11,15:30,1,1,1,8.0,3.0,91161,AUTOROUTE A126,M,"48,7107200","2,2994100",91,2019,90.0,1.0,1.0,1.0,2258965,1.0,1,4,2,0.0,,0.0,0,1996.0,A01,138Â 208Â 930,1.0,8.0,-1.0,1724289,1.0,7,,0.0,2.0,8.0,A01,138Â 208Â 930,1.0
1010159,201900051690,10,29,02:35,3,1,1,2.0,1.0,38557,d142z,M,"45,7712840","5,1260470",38,2019,80.0,1.0,2.0,3.0,2258966,1.0,1,1,1,4.0,,0.0,0,1968.0,B01,138Â 208Â 927,1.0,-1.0,-1.0,1724290,2.0,15,,3.0,2.0,3.0,B01,138Â 208Â 927,1.0
1010159,201900051690,10,29,02:35,3,1,1,2.0,1.0,38557,d142z,M,"45,7712840","5,1260470",38,2019,80.0,1.0,2.0,3.0,2258966,1.0,1,1,1,4.0,,0.0,0,1968.0,B01,138Â 208Â 927,1.0,-1.0,-1.0,1724291,1.0,7,,0.0,2.0,3.0,A01,138Â 208Â 928,1.0
1010159,201900051690,10,29,02:35,3,1,1,2.0,1.0,38557,d142z,M,"45,7712840","5,1260470",38,2019,80.0,1.0,2.0,3.0,2258967,1.0,1,4,2,5.0,,0.0,0,1981.0,A01,138Â 208Â 928,1.0,-1.0,-1.0,1724290,2.0,15,,3.0,2.0,3.0,B01,138Â 208Â 927,1.0
1010159,201900051690,10,29,02:35,3,1,1,2.0,1.0,38557,d142z,M,"45,7712840","5,1260470",38,2019,80.0,1.0,2.0,3.0,2258967,1.0,1,4,2,5.0,,0.0,0,1981.0,A01,138Â 208Â 928,1.0,-1.0,-1.0,1724291,1.0,7,,0.0,2.0,3.0,A01,138Â 208Â 928,1.0
1010160,201900051691,1,9,19:52,3,1,1,1.0,3.0,94003,AUTOROUTE A6A,M,"48,8001400","2,3420400",94,2019,90.0,1.0,2.0,1.0,2258968,1.0,1,4,1,5.0,,0.0,0,1981.0,B01,138Â 208Â 925,2.0,8.0,-1.0,1724292,1.0,33,,0.0,2.0,2.0,B01,138Â 208Â 925,0.0
1010160,201900051691,1,9,19:52,3,1,1,1.0,3.0,94003,AUTOROUTE A6A,M,"48,8001400","2,3420400",94,2019,90.0,1.0,2.0,1.0,2258968,1.0,1,4,1,5.0,,0.0,0,1981.0,B01,138Â 208Â 925,2.0,8.0,-1.0,1724293,1.0,7,,0.0,2.0,6.0,A01,138Â 208Â 926,1.0
1010160,201900051691,1,9,19:52,3,1,1,1.0,3.0,94003,AUTOROUTE A6A,M,"48,8001400","2,3420400",94,2019,90.0,1.0,2.0,1.0,2258969,2.0,2,4,2,5.0,,0.0,0,1984.0,B01,138Â 208Â 925,2.0,8.0,-1.0,1724292,1.0,33,,0.0,2.0,2.0,B01,138Â 208Â 925,0.0
1010160,201900051691,1,9,19:52,3,1,1,1.0,3.0,94003,AUTOROUTE A6A,M,"48,8001400","2,3420400",94,2019,90.0,1.0,2.0,1.0,2258969,2.0,2,4,2,5.0,,0.0,0,1984.0,B01,138Â 208Â 925,2.0,8.0,-1.0,1724293,1.0,7,,0.0,2.0,6.0,A01,138Â 208Â 926,1.0
1010160,201900051691,1,9,19:52,3,1,1,1.0,3.0,94003,AUTOROUTE A6A,M,"48,8001400","2,3420400",94,2019,90.0,1.0,2.0,1.0,2258970,1.0,1,1,1,4.0,,0.0,0,1974.0,A01,138Â 208Â 926,1.0,8.0,-1.0,1724292,1.0,33,,0.0,2.0,2.0,B01,138Â 208Â 925,0.0
1010160,201900051691,1,9,19:52,3,1,1,1.0,3.0,94003,AUTOROUTE A6A,M,"48,8001400","2,3420400",94,2019,90.0,1.0,2.0,1.0,2258970,1.0,1,1,1,4.0,,0.0,0,1974.0,A01,138Â 208Â 926,1.0,8.0,-1.0,1724293,1.0,7,,0.0,2.0,6.0,A01,138Â 208Â 926,1.0
1010161,201900051692,1,9,16:00,1,1,1,2.0,1.0,91377,AUTOROUTE A10,M,"48,7145750","2,2891530",91,2019,90.0,1.0,2.0,1.0,2258971,1.0,1,1,2,4.0,,0.0,0,1974.0,B01,138Â 208Â 921,1.0,8.0,-1.0,1724294,1.0,7,,0.0,2.0,3.0,B01,138Â 208Â 921,1.0
1010161,201900051692,1,9,16:00,1,1,1,2.0,1.0,91377,AUTOROUTE A10,M,"48,7145750","2,2891530",91,2019,90.0,1.0,2.0,1.0,2258971,1.0,1,1,2,4.0,,0.0,0,1974.0,B01,138Â 208Â 921,1.0,8.0,-1.0,1724295,1.0,7,,0.0,2.0,1.0,A01,138Â 208Â 922,1.0
1010161,201900051692,1,9,16:00,1,1,1,2.0,1.0,91377,AUTOROUTE A10,M,"48,7145750","2,2891530",91,2019,90.0,1.0,2.0,1.0,2258972,1.0,1,4,2,5.0,,0.0,0,1995.0,A01,138Â 208Â 922,1.0,8.0,-1.0,1724294,1.0,7,,0.0,2.0,3.0,B01,138Â 208Â 921,1.0
1010161,201900051692,1,9,16:00,1,1,1,2.0,1.0,91377,AUTOROUTE A10,M,"48,7145750","2,2891530",91,2019,90.0,1.0,2.0,1.0,2258972,1.0,1,4,2,5.0,,0.0,0,1995.0,A01,138Â 208Â 922,1.0,8.0,-1.0,1724295,1.0,7,,0.0,2.0,1.0,A01,138Â 208Â 922,1.0
1010162,201900051693,10,28,22:50,3,1,1,1.0,6.0,56176,Route de Kerzuhen,M,"47,6609900"," -2,9357000",56,2019,80.0,3.0,1.0,4.0,2258973,2.0,2,3,1,5.0,,0.0,0,2001.0,A01,138Â 208Â 920,1.0,-1.0,-1.0,1724296,3.0,7,,6.0,0.0,0.0,A01,138Â 208Â 920,1.0
1010162,201900051693,10,28,22:50,3,1,1,1.0,6.0,56176,Route de Kerzuhen,M,"47,6609900"," -2,9357000",56,2019,80.0,3.0,1.0,4.0,2258974,1.0,1,2,1,5.0,,0.0,0,2001.0,A01,138Â 208Â 920,0.0,-1.0,-1.0,1724296,3.0,7,,6.0,0.0,0.0,A01,138Â 208Â 920,1.0
1010163,201900051694,1,9,12:15,1,1,1,2.0,7.0,94037,AUTOROUTE A6A,M,"48,8138800","2,3363800",94,2019,70.0,1.0,2.0,1.0,2258975,1.0,1,4,2,0.0,,0.0,0,1992.0,A01,138Â 208Â 919,2.0,6.0,-1.0,1724297,2.0,33,,16.0,0.0,7.0,A01,138Â 208Â 919,1.0
1010164,201900051695,10,27,19:31,3,2,1,1.0,6.0,59268,1210 Rue de la Lys,M,"50,6417710","2,7508640",59,2019,50.0,4.0,1.0,3.0,2258976,2.0,1,3,1,5.0,,0.0,0,1986.0,A01,138Â 208Â 918,1.0,-1.0,-1.0,1724298,1.0,7,,0.0,0.0,4.0,B01,138Â 208Â 917,1.0
1010164,201900051695,10,27,19:31,3,2,1,1.0,6.0,59268,1210 Rue de la Lys,M,"50,6417710","2,7508640",59,2019,50.0,4.0,1.0,3.0,2258976,2.0,1,3,1,5.0,,0.0,0,1986.0,A01,138Â 208Â 918,1.0,-1.0,-1.0,1724299,2.0,7,,1.0,0.0,7.0,A01,138Â 208Â 918,1.0
1010165,201900051696,1,9,09:45,1,1,1,1.0,7.0,94037,AUTOROUTE A6B,M,"48,8094900","2,3491680",94,2019,70.0,1.0,1.0,1.0,2258977,1.0,1,4,1,0.0,,-1.0,0,1968.0,A01,138Â 208Â 916,2.0,6.0,-1.0,1724300,2.0,32,,0.0,2.0,3.0,A01,138Â 208Â 916,1.0
1010166,201900051697,10,29,11:00,1,2,1,1.0,6.0,59497,32 Rue Gaston Robbe,M,"50,7292590","2,3726400",59,2019,50.0,4.0,1.0,3.0,2258978,10.0,3,3,1,9.0,,5.0,9,1982.0,A01,138Â 208Â 915,4.0,-1.0,-1.0,1724301,1.0,15,,0.0,1.0,0.0,A01,138Â 208Â 915,0.0
1010167,201900051698,1,8,21:25,3,1,1,1.0,7.0,91235,RN 104,M,"48,6259400","2,3531900",91,2019,50.0,1.0,1.0,2.0,2258979,1.0,1,4,1,0.0,,0.0,0,1990.0,A01,138Â 208Â 914,1.0,8.0,-1.0,1724302,2.0,7,,16.0,0.0,1.0,A01,138Â 208Â 914,1.0
1010168,201900051699,10,28,00:20,3,1,1,1.0,6.0,13216,A55-Sens Martigues vers Marseille,M,"43,3496278","5,3459125",13,2019,90.0,2.0,1.0,1.0,2258980,1.0,1,4,2,5.0,,-1.0, -1,1995.0,A01,138Â 208Â 913,1.0,8.0,-1.0,1724303,1.0,10,,4.0,0.0,7.0,A01,138Â 208Â 913,1.0
1010169,201900051700,1,8,08:15,2,1,1,1.0,2.0,91161,AUTOROUTE A6,M,"48,6968000","2,3159000",91,2019,90.0,1.0,1.0,1.0,2258981,1.0,1,1,1,0.0,,0.0,0,1998.0,A01,138Â 208Â 911,1.0,8.0,-1.0,1724304,1.0,10,,0.0,2.0,1.0,A01,138Â 208Â 911,1.0
1010169,201900051700,1,8,08:15,2,1,1,1.0,2.0,91161,AUTOROUTE A6,M,"48,6968000","2,3159000",91,2019,90.0,1.0,1.0,1.0,2258981,1.0,1,1,1,0.0,,0.0,0,1998.0,A01,138Â 208Â 911,1.0,8.0,-1.0,1724305,1.0,7,,0.0,2.0,4.0,B01,138Â 208Â 912,1.0
1010169,201900051700,1,8,08:15,2,1,1,1.0,2.0,91161,AUTOROUTE A6,M,"48,6968000","2,3159000",91,2019,90.0,1.0,1.0,1.0,2258982,1.0,1,4,1,0.0,,0.0,0,1967.0,B01,138Â 208Â 912,1.0,8.0,-1.0,1724304,1.0,10,,0.0,2.0,1.0,A01,138Â 208Â 911,1.0
1010169,201900051700,1,8,08:15,2,1,1,1.0,2.0,91161,AUTOROUTE A6,M,"48,6968000","2,3159000",91,2019,90.0,1.0,1.0,1.0,2258982,1.0,1,4,1,0.0,,0.0,0,1967.0,B01,138Â 208Â 912,1.0,8.0,-1.0,1724305,1.0,7,,0.0,2.0,4.0,B01,138Â 208Â 912,1.0