Unnamed: 0_x,num_acc,mois,jour,hrmn,lum,agg,int,atm,col,com,adr,gps,lat,long,dep,annee,vma,situ,surf,catr,Unnamed: 0_y,place,catu,grav,sexe,trajet,secu,locp,actp,an_nais,num_veh_x,id_vehicule_x,secu1,secu2,secu3,Unnamed: 0,senc,catv,occutc,obs,obsm,choc,num_veh_y,id_vehicule_y,motor
1010170,201900051701,10,28,00:15,3,1,1,1.0,3.0,13071,A51-Sens Aix en Provence vers Marseille,M,"43,4141452","5,3645619",13,2019,90.0,1.0,1.0,1.0,2258983,1.0,1,4,1,5.0,,-1.0, -1,1961.0,B01,138Â 208Â 909,1.0,8.0,-1.0,1724306,2.0,7,,0.0,2.0,5.0,B01,138Â 208Â 909,1.0
1010170,201900051701,10,28,00:15,3,1,1,1.0,3.0,13071,A51-Sens Aix en Provence vers Marseille,M,"43,4141452","5,3645619",13,2019,90.0,1.0,1.0,1.0,2258983,1.0,1,4,1,5.0,,-1.0, -1,1961.0,B01,138Â 208Â 909,1.0,8.0,-1.0,1724307,2.0,7,,4.0,2.0,3.0,A01,138Â 208Â 910,1.0
1010170,201900051701,10,28,00:15,3,1,1,1.0,3.0,13071,A51-Sens Aix en Provence vers Marseille,M,"43,4141452","5,3645619",13,2019,90.0,1.0,1.0,1.0,2258984,1.0,1,4,1,5.0,,-1.0, -1,1981.0,A01,138Â 208Â 910,1.0,8.0,-1.0,1724306,2.0,7,,0.0,2.0,5.0,B01,138Â 208Â 909,1.0
1010170,201900051701,10,28,00:15,3,1,1,1.0,3.0,13071,A51-Sens Aix en Provence vers Marseille,M,"43,4141452","5,3645619",13,2019,90.0,1.0,1.0,1.0,2258984,1.0,1,4,1,5.0,,-1.0, -1,1981.0,A01,138Â 208Â 910,1.0,8.0,-1.0,1724307,2.0,7,,4.0,2.0,3.0,A01,138Â 208Â 910,1.0
1010171,201900051702,10,19,18:25,3,1,1,2.0,6.0,38336,A7   32.870 A 35.680,M,"45,4992800","4,8392900",38,2019,110.0,1.0,2.0,1.0,2258985,1.0,1,4,1,5.0,,-1.0, -1,1999.0,A01,138Â 208Â 907,1.0,0.0,-1.0,1724308,2.0,7,,3.0,0.0,2.0,A01,138Â 208Â 907,1.0
1010172,201900051703,10,28,19:45,2,1,1,1.0,4.0,33039,ROCADE A 630,M,"44,8002500"," -0,5353900",33,2019,90.0,1.0,1.0,1.0,2258986,1.0,1,1,1,4.0,,-1.0, -1,1967.0,A01,138Â 208Â 903,1.0,8.0,-1.0,1724309,2.0,10,,0.0,2.0,1.0,A01,138Â 208Â 903,1.0
1010172,201900051703,10,28,19:45,2,1,1,1.0,4.0,33039,ROCADE A 630,M,"44,8002500"," -0,5353900",33,2019,90.0,1.0,1.0,1.0,2258986,1.0,1,1,1,4.0,,-1.0, -1,1967.0,A01,138Â 208Â 903,1.0,8.0,-1.0,1724310,2.0,7,,0.0,2.0,4.0,B01,138Â 208Â 904,1.0
1010172,201900051703,10,28,19:45,2,1,1,1.0,4.0,33039,ROCADE A 630,M,"44,8002500"," -0,5353900",33,2019,90.0,1.0,1.0,1.0,2258986,1.0,1,1,1,4.0,,-1.0, -1,1967.0,A01,138Â 208Â 903,1.0,8.0,-1.0,1724311,2.0,7,,0.0,2.0,4.0,C01,138Â 208Â 905,1.0
1010172,201900051703,10,28,19:45,2,1,1,1.0,4.0,33039,ROCADE A 630,M,"44,8002500"," -0,5353900",33,2019,90.0,1.0,1.0,1.0,2258987,1.0,1,4,1,1.0,,-1.0, -1,1985.0,B01,138Â 208Â 904,1.0,8.0,-1.0,1724309,2.0,10,,0.0,2.0,1.0,A01,138Â 208Â 903,1.0
1010172,201900051703,10,28,19:45,2,1,1,1.0,4.0,33039,ROCADE A 630,M,"44,8002500"," -0,5353900",33,2019,90.0,1.0,1.0,1.0,2258987,1.0,1,4,1,1.0,,-1.0, -1,1985.0,B01,138Â 208Â 904,1.0,8.0,-1.0,1724310,2.0,7,,0.0,2.0,4.0,B01,138Â 208Â 904,1.0
1010172,201900051703,10,28,19:45,2,1,1,1.0,4.0,33039,ROCADE A 630,M,"44,8002500"," -0,5353900",33,2019,90.0,1.0,1.0,1.0,2258987,1.0,1,4,1,1.0,,-1.0, -1,1985.0,B01,138Â 208Â 904,1.0,8.0,-1.0,1724311,2.0,7,,0.0,2.0,4.0,C01,138Â 208Â 905,1.0
1010172,201900051703,10,28,19:45,2,1,1,1.0,4.0,33039,ROCADE A 630,M,"44,8002500"," -0,5353900",33,2019,90.0,1.0,1.0,1.0,2258988,1.0,1,1,2,4.0,,-1.0, -1,1964.0,C01,138Â 208Â 905,1.0,8.0,-1.0,1724309,2.0,10,,0.0,2.0,1.0,A01,138Â 208Â 903,1.0
1010172,201900051703,10,28,19:45,2,1,1,1.0,4.0,33039,ROCADE A 630,M,"44,8002500"," -0,5353900",33,2019,90.0,1.0,1.0,1.0,2258988,1.0,1,1,2,4.0,,-1.0, -1,1964.0,C01,138Â 208Â 905,1.0,8.0,-1.0,1724310,2.0,7,,0.0,2.0,4.0,B01,138Â 208Â 904,1.0
1010172,201900051703,10,28,19:45,2,1,1,1.0,4.0,33039,ROCADE A 630,M,"44,8002500"," -0,5353900",33,2019,90.0,1.0,1.0,1.0,2258988,1.0,1,1,2,4.0,,-1.0, -1,1964.0,C01,138Â 208Â 905,1.0,8.0,-1.0,1724311,2.0,7,,0.0,2.0,4.0,C01,138Â 208Â 905,1.0
1010173,201900051704,1,7,18:25,3,1,1,1.0,2.0,91659,AUTOROUTE A6,M,"48,5796000","2,4615000",91,2019,110.0,1.0,1.0,1.0,2258989,1.0,1,1,1,0.0,,0.0,0,1989.0,A01,138Â 208Â 906,1.0,8.0,-1.0,1724312,1.0,7,,0.0,2.0,4.0,A01,138Â 208Â 906,1.0
1010173,201900051704,1,7,18:25,3,1,1,1.0,2.0,91659,AUTOROUTE A6,M,"48,5796000","2,4615000",91,2019,110.0,1.0,1.0,1.0,2258989,1.0,1,1,1,0.0,,0.0,0,1989.0,A01,138Â 208Â 906,1.0,8.0,-1.0,1724313,1.0,33,,0.0,2.0,1.0,B01,138Â 208Â 908,1.0
1010173,201900051704,1,7,18:25,3,1,1,1.0,2.0,91659,AUTOROUTE A6,M,"48,5796000","2,4615000",91,2019,110.0,1.0,1.0,1.0,2258990,1.0,1,4,1,0.0,,0.0,0,1998.0,B01,138Â 208Â 908,2.0,6.0,-1.0,1724312,1.0,7,,0.0,2.0,4.0,A01,138Â 208Â 906,1.0
1010173,201900051704,1,7,18:25,3,1,1,1.0,2.0,91659,AUTOROUTE A6,M,"48,5796000","2,4615000",91,2019,110.0,1.0,1.0,1.0,2258990,1.0,1,4,1,0.0,,0.0,0,1998.0,B01,138Â 208Â 908,2.0,6.0,-1.0,1724313,1.0,33,,0.0,2.0,1.0,B01,138Â 208Â 908,1.0
1010174,201900051705,10,28,18:35,3,1,1,1.0,2.0,91174,RN 104,M,"48,6224000","2,4642000",91,2019,90.0,1.0,1.0,2.0,2258991,1.0,1,4,2,0.0,,0.0,0,1990.0,A01,138Â 208Â 901,1.0,0.0,-1.0,1724314,2.0,7,,0.0,2.0,1.0,A01,138Â 208Â 901,1.0
1010174,201900051705,10,28,18:35,3,1,1,1.0,2.0,91174,RN 104,M,"48,6224000","2,4642000",91,2019,90.0,1.0,1.0,2.0,2258991,1.0,1,4,2,0.0,,0.0,0,1990.0,A01,138Â 208Â 901,1.0,0.0,-1.0,1724315,2.0,7,,0.0,2.0,4.0,B01,138Â 208Â 902,1.0
1010174,201900051705,10,28,18:35,3,1,1,1.0,2.0,91174,RN 104,M,"48,6224000","2,4642000",91,2019,90.0,1.0,1.0,2.0,2258992,1.0,1,1,1,0.0,,0.0,0,1987.0,B01,138Â 208Â 902,1.0,0.0,-1.0,1724314,2.0,7,,0.0,2.0,1.0,A01,138Â 208Â 901,1.0
1010174,201900051705,10,28,18:35,3,1,1,1.0,2.0,91174,RN 104,M,"48,6224000","2,4642000",91,2019,90.0,1.0,1.0,2.0,2258992,1.0,1,1,1,0.0,,0.0,0,1987.0,B01,138Â 208Â 902,1.0,0.0,-1.0,1724315,2.0,7,,0.0,2.0,4.0,B01,138Â 208Â 902,1.0
1010175,201900051706,1,7,17:10,3,1,1,2.0,2.0,91340,RN 104,M,"48,6080000","2,4374000",91,2019,110.0,1.0,2.0,2.0,2258993,1.0,1,1,1,0.0,,0.0,0,1999.0,A01,138Â 208Â 899,1.0,8.0,-1.0,1724316,1.0,7,,0.0,2.0,2.0,A01,138Â 208Â 899,1.0
1010175,201900051706,1,7,17:10,3,1,1,2.0,2.0,91340,RN 104,M,"48,6080000","2,4374000",91,2019,110.0,1.0,2.0,2.0,2258993,1.0,1,1,1,0.0,,0.0,0,1999.0,A01,138Â 208Â 899,1.0,8.0,-1.0,1724317,1.0,7,,0.0,2.0,5.0,B01,138Â 208Â 900,1.0
1010175,201900051706,1,7,17:10,3,1,1,2.0,2.0,91340,RN 104,M,"48,6080000","2,4374000",91,2019,110.0,1.0,2.0,2.0,2258994,1.0,1,4,1,0.0,,0.0,0,1985.0,B01,138Â 208Â 900,1.0,8.0,-1.0,1724316,1.0,7,,0.0,2.0,2.0,A01,138Â 208Â 899,1.0
1010175,201900051706,1,7,17:10,3,1,1,2.0,2.0,91340,RN 104,M,"48,6080000","2,4374000",91,2019,110.0,1.0,2.0,2.0,2258994,1.0,1,4,1,0.0,,0.0,0,1985.0,B01,138Â 208Â 900,1.0,8.0,-1.0,1724317,1.0,7,,0.0,2.0,5.0,B01,138Â 208Â 900,1.0
1010176,201900051707,9,21,03:30,3,1,1,1.0,6.0,91689,AUTOROUTE A6B,M,"48,7333000","2,3333300",91,2019,110.0,1.0,1.0,1.0,2258995,10.0,3,2,1,1.0,,1.0,3,1972.0,Z01,138Â 208Â 898,8.0,0.0,-1.0,1724318,2.0,99,,0.0,1.0,0.0,Z01,138Â 208Â 898,0.0
1010177,201900051708,1,7,09:15,1,1,1,1.0,3.0,94003,AUTOROUTE A6A,M,"48,8118100","2,3372300",94,2019,70.0,1.0,1.0,1.0,2258996,1.0,1,4,1,0.0,,0.0,0,1977.0,B01,138Â 208Â 896,2.0,6.0,-1.0,1724319,2.0,33,,0.0,2.0,1.0,B01,138Â 208Â 896,1.0
1010177,201900051708,1,7,09:15,1,1,1,1.0,3.0,94003,AUTOROUTE A6A,M,"48,8118100","2,3372300",94,2019,70.0,1.0,1.0,1.0,2258996,1.0,1,4,1,0.0,,0.0,0,1977.0,B01,138Â 208Â 896,2.0,6.0,-1.0,1724320,2.0,7,,0.0,2.0,6.0,A01,138Â 208Â 897,1.0
1010177,201900051708,1,7,09:15,1,1,1,1.0,3.0,94003,AUTOROUTE A6A,M,"48,8118100","2,3372300",94,2019,70.0,1.0,1.0,1.0,2258997,1.0,1,1,1,0.0,,0.0,0,1962.0,A01,138Â 208Â 897,1.0,8.0,-1.0,1724319,2.0,33,,0.0,2.0,1.0,B01,138Â 208Â 896,1.0
1010177,201900051708,1,7,09:15,1,1,1,1.0,3.0,94003,AUTOROUTE A6A,M,"48,8118100","2,3372300",94,2019,70.0,1.0,1.0,1.0,2258997,1.0,1,1,1,0.0,,0.0,0,1962.0,A01,138Â 208Â 897,1.0,8.0,-1.0,1724320,2.0,7,,0.0,2.0,6.0,A01,138Â 208Â 897,1.0
1010178,201900051709,10,27,13:03,1,1,1,2.0,6.0,91521,RN 104,M,"48,6291500","2,4005600",91,2019,90.0,1.0,2.0,2.0,2258998,1.0,1,4,1,5.0,,0.0,0,1998.0,A01,138Â 208Â 895,8.0,0.0,-1.0,1724321,1.0,7,,4.0,0.0,1.0,A01,138Â 208Â 895,1.0
1010179,201900051710,1,12,13:15,1,1,1,1.0,6.0,92036,A86,M,"48,9343155","2,2801566",92,2019,90.0,1.0,1.0,1.0,2258999,3.0,2,4,2,5.0,,-1.0,0,1999.0,A01,138Â 208Â 894,1.0,8.0,-1.0,1724322,2.0,7,,4.0,0.0,6.0,A01,138Â 208Â 894,1.0
1010179,201900051710,1,12,13:15,1,1,1,1.0,6.0,92036,A86,M,"48,9343155","2,2801566",92,2019,90.0,1.0,1.0,1.0,2259000,2.0,2,1,2,5.0,,-1.0,0,1998.0,A01,138Â 208Â 894,1.0,8.0,-1.0,1724322,2.0,7,,4.0,0.0,6.0,A01,138Â 208Â 894,1.0
1010179,201900051710,1,12,13:15,1,1,1,1.0,6.0,92036,A86,M,"48,9343155","2,2801566",92,2019,90.0,1.0,1.0,1.0,2259001,4.0,2,4,2,9.0,,-1.0,0,1999.0,A01,138Â 208Â 894,1.0,8.0,-1.0,1724322,2.0,7,,4.0,0.0,6.0,A01,138Â 208Â 894,1.0
1010179,201900051710,1,12,13:15,1,1,1,1.0,6.0,92036,A86,M,"48,9343155","2,2801566",92,2019,90.0,1.0,1.0,1.0,2259002,1.0,1,1,1,5.0,,-1.0,0,1997.0,A01,138Â 208Â 894,1.0,8.0,-1.0,1724322,2.0,7,,4.0,0.0,6.0,A01,138Â 208Â 894,1.0
1010180,201900051711,10,28,12:55,1,1,1,1.0,4.0,92036,A86,M,"48,9336854","2,2767478",92,2019,90.0,1.0,1.0,1.0,2259003,1.0,1,1,1,5.0,,-1.0,0,1976.0,D01,138Â 208Â 890,1.0,0.0,-1.0,1724323,2.0,7,,0.0,2.0,1.0,D01,138Â 208Â 890,1.0
1010180,201900051711,10,28,12:55,1,1,1,1.0,4.0,92036,A86,M,"48,9336854","2,2767478",92,2019,90.0,1.0,1.0,1.0,2259003,1.0,1,1,1,5.0,,-1.0,0,1976.0,D01,138Â 208Â 890,1.0,0.0,-1.0,1724324,2.0,7,,0.0,2.0,4.0,C01,138Â 208Â 891,1.0
1010180,201900051711,10,28,12:55,1,1,1,1.0,4.0,92036,A86,M,"48,9336854","2,2767478",92,2019,90.0,1.0,1.0,1.0,2259003,1.0,1,1,1,5.0,,-1.0,0,1976.0,D01,138Â 208Â 890,1.0,0.0,-1.0,1724325,2.0,7,,0.0,2.0,4.0,B01,138Â 208Â 892,1.0
1010180,201900051711,10,28,12:55,1,1,1,1.0,4.0,92036,A86,M,"48,9336854","2,2767478",92,2019,90.0,1.0,1.0,1.0,2259003,1.0,1,1,1,5.0,,-1.0,0,1976.0,D01,138Â 208Â 890,1.0,0.0,-1.0,1724326,2.0,7,,0.0,2.0,1.0,A01,138Â 208Â 893,1.0
1010180,201900051711,10,28,12:55,1,1,1,1.0,4.0,92036,A86,M,"48,9336854","2,2767478",92,2019,90.0,1.0,1.0,1.0,2259004,1.0,1,1,1,1.0,,-1.0,0,1975.0,C01,138Â 208Â 891,1.0,0.0,-1.0,1724323,2.0,7,,0.0,2.0,1.0,D01,138Â 208Â 890,1.0
1010180,201900051711,10,28,12:55,1,1,1,1.0,4.0,92036,A86,M,"48,9336854","2,2767478",92,2019,90.0,1.0,1.0,1.0,2259004,1.0,1,1,1,1.0,,-1.0,0,1975.0,C01,138Â 208Â 891,1.0,0.0,-1.0,1724324,2.0,7,,0.0,2.0,4.0,C01,138Â 208Â 891,1.0
1010180,201900051711,10,28,12:55,1,1,1,1.0,4.0,92036,A86,M,"48,9336854","2,2767478",92,2019,90.0,1.0,1.0,1.0,2259004,1.0,1,1,1,1.0,,-1.0,0,1975.0,C01,138Â 208Â 891,1.0,0.0,-1.0,1724325,2.0,7,,0.0,2.0,4.0,B01,138Â 208Â 892,1.0
1010180,201900051711,10,28,12:55,1,1,1,1.0,4.0,92036,A86,M,"48,9336854","2,2767478",92,2019,90.0,1.0,1.0,1.0,2259004,1.0,1,1,1,1.0,,-1.0,0,1975.0,C01,138Â 208Â 891,1.0,0.0,-1.0,1724326,2.0,7,,0.0,2.0,1.0,A01,138Â 208Â 893,1.0
1010180,201900051711,10,28,12:55,1,1,1,1.0,4.0,92036,A86,M,"48,9336854","2,2767478",92,2019,90.0,1.0,1.0,1.0,2259005,1.0,1,1,1,1.0,,-1.0,0,1980.0,B01,138Â 208Â 892,1.0,0.0,-1.0,1724323,2.0,7,,0.0,2.0,1.0,D01,138Â 208Â 890,1.0
1010180,201900051711,10,28,12:55,1,1,1,1.0,4.0,92036,A86,M,"48,9336854","2,2767478",92,2019,90.0,1.0,1.0,1.0,2259005,1.0,1,1,1,1.0,,-1.0,0,1980.0,B01,138Â 208Â 892,1.0,0.0,-1.0,1724324,2.0,7,,0.0,2.0,4.0,C01,138Â 208Â 891,1.0
1010180,201900051711,10,28,12:55,1,1,1,1.0,4.0,92036,A86,M,"48,9336854","2,2767478",92,2019,90.0,1.0,1.0,1.0,2259005,1.0,1,1,1,1.0,,-1.0,0,1980.0,B01,138Â 208Â 892,1.0,0.0,-1.0,1724325,2.0,7,,0.0,2.0,4.0,B01,138Â 208Â 892,1.0
1010180,201900051711,10,28,12:55,1,1,1,1.0,4.0,92036,A86,M,"48,9336854","2,2767478",92,2019,90.0,1.0,1.0,1.0,2259005,1.0,1,1,1,1.0,,-1.0,0,1980.0,B01,138Â 208Â 892,1.0,0.0,-1.0,1724326,2.0,7,,0.0,2.0,1.0,A01,138Â 208Â 893,1.0
1010180,201900051711,10,28,12:55,1,1,1,1.0,4.0,92036,A86,M,"48,9336854","2,2767478",92,2019,90.0,1.0,1.0,1.0,2259006,1.0,1,3,2,5.0,,-1.0,0,1928.0,A01,138Â 208Â 893,1.0,0.0,-1.0,1724323,2.0,7,,0.0,2.0,1.0,D01,138Â 208Â 890,1.0
1010180,201900051711,10,28,12:55,1,1,1,1.0,4.0,92036,A86,M,"48,9336854","2,2767478",92,2019,90.0,1.0,1.0,1.0,2259006,1.0,1,3,2,5.0,,-1.0,0,1928.0,A01,138Â 208Â 893,1.0,0.0,-1.0,1724324,2.0,7,,0.0,2.0,4.0,C01,138Â 208Â 891,1.0
1010180,201900051711,10,28,12:55,1,1,1,1.0,4.0,92036,A86,M,"48,9336854","2,2767478",92,2019,90.0,1.0,1.0,1.0,2259006,1.0,1,3,2,5.0,,-1.0,0,1928.0,A01,138Â 208Â 893,1.0,0.0,-1.0,1724325,2.0,7,,0.0,2.0,4.0,B01,138Â 208Â 892,1.0
1010180,201900051711,10,28,12:55,1,1,1,1.0,4.0,92036,A86,M,"48,9336854","2,2767478",92,2019,90.0,1.0,1.0,1.0,2259006,1.0,1,3,2,5.0,,-1.0,0,1928.0,A01,138Â 208Â 893,1.0,0.0,-1.0,1724326,2.0,7,,0.0,2.0,1.0,A01,138Â 208Â 893,1.0
1010181,201900051712,1,11,20:00,3,1,1,1.0,6.0,92025,A86,M,"48,9242594","2,2309633",92,2019,90.0,1.0,2.0,1.0,2259007,1.0,1,1,1,9.0,,-1.0,0,1999.0,B01,138Â 208Â 888,1.0,8.0,-1.0,1724327,1.0,7,,0.0,2.0,6.0,B01,138Â 208Â 888,1.0
1010181,201900051712,1,11,20:00,3,1,1,1.0,6.0,92025,A86,M,"48,9242594","2,2309633",92,2019,90.0,1.0,2.0,1.0,2259007,1.0,1,1,1,9.0,,-1.0,0,1999.0,B01,138Â 208Â 888,1.0,8.0,-1.0,1724328,1.0,31,,0.0,2.0,2.0,A01,138Â 208Â 889,1.0
1010181,201900051712,1,11,20:00,3,1,1,1.0,6.0,92025,A86,M,"48,9242594","2,2309633",92,2019,90.0,1.0,2.0,1.0,2259008,1.0,1,4,1,9.0,,-1.0,0,1987.0,A01,138Â 208Â 889,2.0,8.0,-1.0,1724327,1.0,7,,0.0,2.0,6.0,B01,138Â 208Â 888,1.0
1010181,201900051712,1,11,20:00,3,1,1,1.0,6.0,92025,A86,M,"48,9242594","2,2309633",92,2019,90.0,1.0,2.0,1.0,2259008,1.0,1,4,1,9.0,,-1.0,0,1987.0,A01,138Â 208Â 889,2.0,8.0,-1.0,1724328,1.0,31,,0.0,2.0,2.0,A01,138Â 208Â 889,1.0
1010182,201900051713,10,28,07:30,2,1,1,1.0,6.0,92050,A86,M,"48,9073538","2,2124605",92,2019,90.0,1.0,1.0,1.0,2259009,1.0,1,4,1,0.0,,-1.0,0,1988.0,B01,138Â 208Â 886,2.0,0.0,-1.0,1724329,2.0,33,,0.0,2.0,3.0,B01,138Â 208Â 886,1.0
1010182,201900051713,10,28,07:30,2,1,1,1.0,6.0,92050,A86,M,"48,9073538","2,2124605",92,2019,90.0,1.0,1.0,1.0,2259009,1.0,1,4,1,0.0,,-1.0,0,1988.0,B01,138Â 208Â 886,2.0,0.0,-1.0,1724330,2.0,7,,0.0,2.0,3.0,A01,138Â 208Â 887,1.0
1010182,201900051713,10,28,07:30,2,1,1,1.0,6.0,92050,A86,M,"48,9073538","2,2124605",92,2019,90.0,1.0,1.0,1.0,2259010,1.0,1,1,1,4.0,,-1.0, -1,1964.0,A01,138Â 208Â 887,1.0,0.0,-1.0,1724329,2.0,33,,0.0,2.0,3.0,B01,138Â 208Â 886,1.0
1010182,201900051713,10,28,07:30,2,1,1,1.0,6.0,92050,A86,M,"48,9073538","2,2124605",92,2019,90.0,1.0,1.0,1.0,2259010,1.0,1,1,1,4.0,,-1.0, -1,1964.0,A01,138Â 208Â 887,1.0,0.0,-1.0,1724330,2.0,7,,0.0,2.0,3.0,A01,138Â 208Â 887,1.0
1010183,201900051714,1,11,11:00,1,1,1,1.0,4.0,78007,A13W,M,"48,8966250","2,0066860",78,2019,110.0,1.0,1.0,1.0,2259011,1.0,1,4,1,0.0,,-1.0,0,1996.0,C01,138Â 208Â 883,1.0,8.0,-1.0,1724331,2.0,7,,0.0,2.0,6.0,C01,138Â 208Â 883,1.0
1010183,201900051714,1,11,11:00,1,1,1,1.0,4.0,78007,A13W,M,"48,8966250","2,0066860",78,2019,110.0,1.0,1.0,1.0,2259011,1.0,1,4,1,0.0,,-1.0,0,1996.0,C01,138Â 208Â 883,1.0,8.0,-1.0,1724332,2.0,7,,0.0,2.0,6.0,B01,138Â 208Â 884,1.0
1010183,201900051714,1,11,11:00,1,1,1,1.0,4.0,78007,A13W,M,"48,8966250","2,0066860",78,2019,110.0,1.0,1.0,1.0,2259011,1.0,1,4,1,0.0,,-1.0,0,1996.0,C01,138Â 208Â 883,1.0,8.0,-1.0,1724333,2.0,10,,0.0,2.0,1.0,A01,138Â 208Â 885,1.0
1010183,201900051714,1,11,11:00,1,1,1,1.0,4.0,78007,A13W,M,"48,8966250","2,0066860",78,2019,110.0,1.0,1.0,1.0,2259012,1.0,1,4,1,0.0,,-1.0,0,1989.0,B01,138Â 208Â 884,1.0,8.0,-1.0,1724331,2.0,7,,0.0,2.0,6.0,C01,138Â 208Â 883,1.0
1010183,201900051714,1,11,11:00,1,1,1,1.0,4.0,78007,A13W,M,"48,8966250","2,0066860",78,2019,110.0,1.0,1.0,1.0,2259012,1.0,1,4,1,0.0,,-1.0,0,1989.0,B01,138Â 208Â 884,1.0,8.0,-1.0,1724332,2.0,7,,0.0,2.0,6.0,B01,138Â 208Â 884,1.0
1010183,201900051714,1,11,11:00,1,1,1,1.0,4.0,78007,A13W,M,"48,8966250","2,0066860",78,2019,110.0,1.0,1.0,1.0,2259012,1.0,1,4,1,0.0,,-1.0,0,1989.0,B01,138Â 208Â 884,1.0,8.0,-1.0,1724333,2.0,10,,0.0,2.0,1.0,A01,138Â 208Â 885,1.0
1010183,201900051714,1,11,11:00,1,1,1,1.0,4.0,78007,A13W,M,"48,8966250","2,0066860",78,2019,110.0,1.0,1.0,1.0,2259013,1.0,1,1,1,4.0,,-1.0,0,1967.0,A01,138Â 208Â 885,1.0,8.0,-1.0,1724331,2.0,7,,0.0,2.0,6.0,C01,138Â 208Â 883,1.0
1010183,201900051714,1,11,11:00,1,1,1,1.0,4.0,78007,A13W,M,"48,8966250","2,0066860",78,2019,110.0,1.0,1.0,1.0,2259013,1.0,1,1,1,4.0,,-1.0,0,1967.0,A01,138Â 208Â 885,1.0,8.0,-1.0,1724332,2.0,7,,0.0,2.0,6.0,B01,138Â 208Â 884,1.0
1010183,201900051714,1,11,11:00,1,1,1,1.0,4.0,78007,A13W,M,"48,8966250","2,0066860",78,2019,110.0,1.0,1.0,1.0,2259013,1.0,1,1,1,4.0,,-1.0,0,1967.0,A01,138Â 208Â 885,1.0,8.0,-1.0,1724333,2.0,10,,0.0,2.0,1.0,A01,138Â 208Â 885,1.0
1010184,201900051715,10,27,12:20,1,1,1,2.0,6.0,78646,RN12,M,"48,7934500","2,0758500",78,2019,110.0,1.0,3.0,2.0,2259014,1.0,1,1,1,5.0,,-1.0, -1,1996.0,A01,138Â 208Â 882,1.0,8.0,-1.0,1724334,1.0,7,,4.0,0.0,3.0,A01,138Â 208Â 882,1.0
1010184,201900051715,10,27,12:20,1,1,1,2.0,6.0,78646,RN12,M,"48,7934500","2,0758500",78,2019,110.0,1.0,3.0,2.0,2259015,3.0,2,4,1,5.0,,-1.0, -1,2008.0,A01,138Â 208Â 882,1.0,8.0,-1.0,1724334,1.0,7,,4.0,0.0,3.0,A01,138Â 208Â 882,1.0
1010184,201900051715,10,27,12:20,1,1,1,2.0,6.0,78646,RN12,M,"48,7934500","2,0758500",78,2019,110.0,1.0,3.0,2.0,2259016,2.0,2,4,2,5.0,,-1.0, -1,1998.0,A01,138Â 208Â 882,1.0,8.0,-1.0,1724334,1.0,7,,4.0,0.0,3.0,A01,138Â 208Â 882,1.0
1010185,201900051716,1,11,09:20,1,1,1,2.0,2.0,92025,A86,M,"48,9203180","2,2250369",92,2019,90.0,1.0,2.0,1.0,2259017,1.0,1,1,1,0.0,,0.0,0,1994.0,A01,138Â 208Â 880,8.0,0.0,-1.0,1724335,1.0,7,,0.0,2.0,1.0,A01,138Â 208Â 880,1.0
1010185,201900051716,1,11,09:20,1,1,1,2.0,2.0,92025,A86,M,"48,9203180","2,2250369",92,2019,90.0,1.0,2.0,1.0,2259017,1.0,1,1,1,0.0,,0.0,0,1994.0,A01,138Â 208Â 880,8.0,0.0,-1.0,1724336,1.0,33,,0.0,2.0,3.0,B01,138Â 208Â 881,1.0
1010185,201900051716,1,11,09:20,1,1,1,2.0,2.0,92025,A86,M,"48,9203180","2,2250369",92,2019,90.0,1.0,2.0,1.0,2259018,1.0,1,4,1,0.0,,0.0,0,1958.0,B01,138Â 208Â 881,2.0,0.0,-1.0,1724335,1.0,7,,0.0,2.0,1.0,A01,138Â 208Â 880,1.0
1010185,201900051716,1,11,09:20,1,1,1,2.0,2.0,92025,A86,M,"48,9203180","2,2250369",92,2019,90.0,1.0,2.0,1.0,2259018,1.0,1,4,1,0.0,,0.0,0,1958.0,B01,138Â 208Â 881,2.0,0.0,-1.0,1724336,1.0,33,,0.0,2.0,3.0,B01,138Â 208Â 881,1.0
1010186,201900051717,1,10,09:00,1,1,1,1.0,2.0,92050,A86,M,"48,8954181","2,1942390",92,2019,70.0,1.0,1.0,1.0,2259019,1.0,1,1,1,0.0,,-1.0,0,1960.0,A01,138Â 208Â 877,1.0,0.0,-1.0,1724337,2.0,10,,0.0,2.0,4.0,A01,138Â 208Â 877,1.0
1010186,201900051717,1,10,09:00,1,1,1,1.0,2.0,92050,A86,M,"48,8954181","2,1942390",92,2019,70.0,1.0,1.0,1.0,2259019,1.0,1,1,1,0.0,,-1.0,0,1960.0,A01,138Â 208Â 877,1.0,0.0,-1.0,1724338,2.0,32,,0.0,2.0,3.0,B01,138Â 208Â 878,1.0
1010186,201900051717,1,10,09:00,1,1,1,1.0,2.0,92050,A86,M,"48,8954181","2,1942390",92,2019,70.0,1.0,1.0,1.0,2259020,1.0,1,4,1,1.0,,-1.0,0,1960.0,B01,138Â 208Â 878,2.0,0.0,-1.0,1724337,2.0,10,,0.0,2.0,4.0,A01,138Â 208Â 877,1.0
1010186,201900051717,1,10,09:00,1,1,1,1.0,2.0,92050,A86,M,"48,8954181","2,1942390",92,2019,70.0,1.0,1.0,1.0,2259020,1.0,1,4,1,1.0,,-1.0,0,1960.0,B01,138Â 208Â 878,2.0,0.0,-1.0,1724338,2.0,32,,0.0,2.0,3.0,B01,138Â 208Â 878,1.0