Unnamed: 0_x,num_acc,mois,jour,hrmn,lum,agg,int,atm,col,com,adr,gps,lat,long,dep,annee,vma,situ,surf,catr,Unnamed: 0_y,place,catu,grav,sexe,trajet,secu,locp,actp,an_nais,num_veh_x,id_vehicule_x,secu1,secu2,secu3,Unnamed: 0,senc,catv,occutc,obs,obsm,choc,num_veh_y,id_vehicule_y,motor
1010187,201900051718,10,27,07:40,3,1,1,2.0,2.0,78322,RN12 EXT,M,"48,7815680","2,1661370",78,2019,110.0,1.0,2.0,2.0,2259021,2.0,2,1,1,0.0,,-1.0, -1,2005.0,B01,138Â 208Â 876,1.0,0.0,-1.0,1724339,2.0,7,,0.0,2.0,1.0,B01,138Â 208Â 876,1.0
1010187,201900051718,10,27,07:40,3,1,1,2.0,2.0,78322,RN12 EXT,M,"48,7815680","2,1661370",78,2019,110.0,1.0,2.0,2.0,2259021,2.0,2,1,1,0.0,,-1.0, -1,2005.0,B01,138Â 208Â 876,1.0,0.0,-1.0,1724340,2.0,7,,0.0,2.0,4.0,A01,138Â 208Â 879,1.0
1010187,201900051718,10,27,07:40,3,1,1,2.0,2.0,78322,RN12 EXT,M,"48,7815680","2,1661370",78,2019,110.0,1.0,2.0,2.0,2259022,2.0,2,1,2,0.0,,-1.0, -1,2001.0,B01,138Â 208Â 876,1.0,0.0,-1.0,1724339,2.0,7,,0.0,2.0,1.0,B01,138Â 208Â 876,1.0
1010187,201900051718,10,27,07:40,3,1,1,2.0,2.0,78322,RN12 EXT,M,"48,7815680","2,1661370",78,2019,110.0,1.0,2.0,2.0,2259022,2.0,2,1,2,0.0,,-1.0, -1,2001.0,B01,138Â 208Â 876,1.0,0.0,-1.0,1724340,2.0,7,,0.0,2.0,4.0,A01,138Â 208Â 879,1.0
1010187,201900051718,10,27,07:40,3,1,1,2.0,2.0,78322,RN12 EXT,M,"48,7815680","2,1661370",78,2019,110.0,1.0,2.0,2.0,2259023,2.0,2,4,2,0.0,,-1.0, -1,1971.0,B01,138Â 208Â 876,1.0,0.0,-1.0,1724339,2.0,7,,0.0,2.0,1.0,B01,138Â 208Â 876,1.0
1010187,201900051718,10,27,07:40,3,1,1,2.0,2.0,78322,RN12 EXT,M,"48,7815680","2,1661370",78,2019,110.0,1.0,2.0,2.0,2259023,2.0,2,4,2,0.0,,-1.0, -1,1971.0,B01,138Â 208Â 876,1.0,0.0,-1.0,1724340,2.0,7,,0.0,2.0,4.0,A01,138Â 208Â 879,1.0
1010187,201900051718,10,27,07:40,3,1,1,2.0,2.0,78322,RN12 EXT,M,"48,7815680","2,1661370",78,2019,110.0,1.0,2.0,2.0,2259024,1.0,1,4,1,0.0,,-1.0, -1,1966.0,B01,138Â 208Â 876,1.0,0.0,-1.0,1724339,2.0,7,,0.0,2.0,1.0,B01,138Â 208Â 876,1.0
1010187,201900051718,10,27,07:40,3,1,1,2.0,2.0,78322,RN12 EXT,M,"48,7815680","2,1661370",78,2019,110.0,1.0,2.0,2.0,2259024,1.0,1,4,1,0.0,,-1.0, -1,1966.0,B01,138Â 208Â 876,1.0,0.0,-1.0,1724340,2.0,7,,0.0,2.0,4.0,A01,138Â 208Â 879,1.0
1010187,201900051718,10,27,07:40,3,1,1,2.0,2.0,78322,RN12 EXT,M,"48,7815680","2,1661370",78,2019,110.0,1.0,2.0,2.0,2259025,2.0,2,1,1,0.0,,-1.0, -1,1990.0,A01,138Â 208Â 879,1.0,0.0,-1.0,1724339,2.0,7,,0.0,2.0,1.0,B01,138Â 208Â 876,1.0
1010187,201900051718,10,27,07:40,3,1,1,2.0,2.0,78322,RN12 EXT,M,"48,7815680","2,1661370",78,2019,110.0,1.0,2.0,2.0,2259025,2.0,2,1,1,0.0,,-1.0, -1,1990.0,A01,138Â 208Â 879,1.0,0.0,-1.0,1724340,2.0,7,,0.0,2.0,4.0,A01,138Â 208Â 879,1.0
1010187,201900051718,10,27,07:40,3,1,1,2.0,2.0,78322,RN12 EXT,M,"48,7815680","2,1661370",78,2019,110.0,1.0,2.0,2.0,2259026,2.0,2,1,1,5.0,,-1.0, -1,1989.0,A01,138Â 208Â 879,1.0,0.0,-1.0,1724339,2.0,7,,0.0,2.0,1.0,B01,138Â 208Â 876,1.0
1010187,201900051718,10,27,07:40,3,1,1,2.0,2.0,78322,RN12 EXT,M,"48,7815680","2,1661370",78,2019,110.0,1.0,2.0,2.0,2259026,2.0,2,1,1,5.0,,-1.0, -1,1989.0,A01,138Â 208Â 879,1.0,0.0,-1.0,1724340,2.0,7,,0.0,2.0,4.0,A01,138Â 208Â 879,1.0
1010187,201900051718,10,27,07:40,3,1,1,2.0,2.0,78322,RN12 EXT,M,"48,7815680","2,1661370",78,2019,110.0,1.0,2.0,2.0,2259027,1.0,1,1,1,5.0,,-1.0, -1,1989.0,A01,138Â 208Â 879,1.0,8.0,-1.0,1724339,2.0,7,,0.0,2.0,1.0,B01,138Â 208Â 876,1.0
1010187,201900051718,10,27,07:40,3,1,1,2.0,2.0,78322,RN12 EXT,M,"48,7815680","2,1661370",78,2019,110.0,1.0,2.0,2.0,2259027,1.0,1,1,1,5.0,,-1.0, -1,1989.0,A01,138Â 208Â 879,1.0,8.0,-1.0,1724340,2.0,7,,0.0,2.0,4.0,A01,138Â 208Â 879,1.0
1010187,201900051718,10,27,07:40,3,1,1,2.0,2.0,78322,RN12 EXT,M,"48,7815680","2,1661370",78,2019,110.0,1.0,2.0,2.0,2259028,2.0,2,1,1,0.0,,-1.0, -1,1990.0,A01,138Â 208Â 879,1.0,0.0,-1.0,1724339,2.0,7,,0.0,2.0,1.0,B01,138Â 208Â 876,1.0
1010187,201900051718,10,27,07:40,3,1,1,2.0,2.0,78322,RN12 EXT,M,"48,7815680","2,1661370",78,2019,110.0,1.0,2.0,2.0,2259028,2.0,2,1,1,0.0,,-1.0, -1,1990.0,A01,138Â 208Â 879,1.0,0.0,-1.0,1724340,2.0,7,,0.0,2.0,4.0,A01,138Â 208Â 879,1.0
1010187,201900051718,10,27,07:40,3,1,1,2.0,2.0,78322,RN12 EXT,M,"48,7815680","2,1661370",78,2019,110.0,1.0,2.0,2.0,2259029,2.0,2,1,1,0.0,,-1.0, -1,1992.0,A01,138Â 208Â 879,1.0,0.0,-1.0,1724339,2.0,7,,0.0,2.0,1.0,B01,138Â 208Â 876,1.0
1010187,201900051718,10,27,07:40,3,1,1,2.0,2.0,78322,RN12 EXT,M,"48,7815680","2,1661370",78,2019,110.0,1.0,2.0,2.0,2259029,2.0,2,1,1,0.0,,-1.0, -1,1992.0,A01,138Â 208Â 879,1.0,0.0,-1.0,1724340,2.0,7,,0.0,2.0,4.0,A01,138Â 208Â 879,1.0
1010188,201900051719,1,9,09:50,1,1,1,1.0,5.0,92048,N118,M,"48,8035845","2,2142064",92,2019,90.0,1.0,1.0,2.0,2259030,1.0,1,4,1,1.0,,0.0,0,1995.0,A01,138Â 208Â 873,2.0,0.0,-1.0,1724341,2.0,31,,0.0,2.0,7.0,A01,138Â 208Â 873,0.0
1010188,201900051719,1,9,09:50,1,1,1,1.0,5.0,92048,N118,M,"48,8035845","2,2142064",92,2019,90.0,1.0,1.0,2.0,2259030,1.0,1,4,1,1.0,,0.0,0,1995.0,A01,138Â 208Â 873,2.0,0.0,-1.0,1724342,2.0,7,,0.0,2.0,6.0,B01,138Â 208Â 874,0.0
1010188,201900051719,1,9,09:50,1,1,1,1.0,5.0,92048,N118,M,"48,8035845","2,2142064",92,2019,90.0,1.0,1.0,2.0,2259030,1.0,1,4,1,1.0,,0.0,0,1995.0,A01,138Â 208Â 873,2.0,0.0,-1.0,1724343,2.0,32,,0.0,2.0,1.0,C01,138Â 208Â 875,0.0
1010188,201900051719,1,9,09:50,1,1,1,1.0,5.0,92048,N118,M,"48,8035845","2,2142064",92,2019,90.0,1.0,1.0,2.0,2259031,1.0,1,1,1,1.0,,0.0,0,1981.0,B01,138Â 208Â 874,1.0,0.0,-1.0,1724341,2.0,31,,0.0,2.0,7.0,A01,138Â 208Â 873,0.0
1010188,201900051719,1,9,09:50,1,1,1,1.0,5.0,92048,N118,M,"48,8035845","2,2142064",92,2019,90.0,1.0,1.0,2.0,2259031,1.0,1,1,1,1.0,,0.0,0,1981.0,B01,138Â 208Â 874,1.0,0.0,-1.0,1724342,2.0,7,,0.0,2.0,6.0,B01,138Â 208Â 874,0.0
1010188,201900051719,1,9,09:50,1,1,1,1.0,5.0,92048,N118,M,"48,8035845","2,2142064",92,2019,90.0,1.0,1.0,2.0,2259031,1.0,1,1,1,1.0,,0.0,0,1981.0,B01,138Â 208Â 874,1.0,0.0,-1.0,1724343,2.0,32,,0.0,2.0,1.0,C01,138Â 208Â 875,0.0
1010188,201900051719,1,9,09:50,1,1,1,1.0,5.0,92048,N118,M,"48,8035845","2,2142064",92,2019,90.0,1.0,1.0,2.0,2259032,1.0,1,1,1,1.0,,0.0,0,1993.0,C01,138Â 208Â 875,2.0,0.0,-1.0,1724341,2.0,31,,0.0,2.0,7.0,A01,138Â 208Â 873,0.0
1010188,201900051719,1,9,09:50,1,1,1,1.0,5.0,92048,N118,M,"48,8035845","2,2142064",92,2019,90.0,1.0,1.0,2.0,2259032,1.0,1,1,1,1.0,,0.0,0,1993.0,C01,138Â 208Â 875,2.0,0.0,-1.0,1724342,2.0,7,,0.0,2.0,6.0,B01,138Â 208Â 874,0.0
1010188,201900051719,1,9,09:50,1,1,1,1.0,5.0,92048,N118,M,"48,8035845","2,2142064",92,2019,90.0,1.0,1.0,2.0,2259032,1.0,1,1,1,1.0,,0.0,0,1993.0,C01,138Â 208Â 875,2.0,0.0,-1.0,1724343,2.0,32,,0.0,2.0,1.0,C01,138Â 208Â 875,0.0
1010189,201900051720,1,8,10:55,1,1,1,1.0,6.0,78423,A12 W,M,"48,7890110","2,0375540",78,2019,30.0,1.0,1.0,1.0,2259033,2.0,2,4,2,1.0,,-1.0, -1,1990.0,A01,138Â 208Â 870,8.0,0.0,-1.0,1724344,2.0,7,,4.0,0.0,2.0,A01,138Â 208Â 870,0.0
1010189,201900051720,1,8,10:55,1,1,1,1.0,6.0,78423,A12 W,M,"48,7890110","2,0375540",78,2019,30.0,1.0,1.0,1.0,2259034,1.0,1,4,2,1.0,,-1.0, -1,1992.0,A01,138Â 208Â 870,1.0,0.0,-1.0,1724344,2.0,7,,4.0,0.0,2.0,A01,138Â 208Â 870,0.0
1010190,201900051721,1,7,19:00,4,1,1,1.0,3.0,92025,A86,M,"48,9335229","2,2533518",92,2019,90.0,1.0,2.0,1.0,2259035,1.0,1,4,1,1.0,,-1.0,0,1962.0,B01,138Â 208Â 868,2.0,0.0,-1.0,1724345,1.0,34,,0.0,2.0,2.0,B01,138Â 208Â 868,1.0
1010190,201900051721,1,7,19:00,4,1,1,1.0,3.0,92025,A86,M,"48,9335229","2,2533518",92,2019,90.0,1.0,2.0,1.0,2259035,1.0,1,4,1,1.0,,-1.0,0,1962.0,B01,138Â 208Â 868,2.0,0.0,-1.0,1724346,1.0,10,,0.0,2.0,6.0,A01,138Â 208Â 869,1.0
1010190,201900051721,1,7,19:00,4,1,1,1.0,3.0,92025,A86,M,"48,9335229","2,2533518",92,2019,90.0,1.0,2.0,1.0,2259036,1.0,1,1,1,0.0,,-1.0,0,1979.0,A01,138Â 208Â 869,1.0,0.0,-1.0,1724345,1.0,34,,0.0,2.0,2.0,B01,138Â 208Â 868,1.0
1010190,201900051721,1,7,19:00,4,1,1,1.0,3.0,92025,A86,M,"48,9335229","2,2533518",92,2019,90.0,1.0,2.0,1.0,2259036,1.0,1,1,1,0.0,,-1.0,0,1979.0,A01,138Â 208Â 869,1.0,0.0,-1.0,1724346,1.0,10,,0.0,2.0,6.0,A01,138Â 208Â 869,1.0
1010191,201900051722,10,26,18:50,3,1,1,1.0,2.0,92048,N118,M,"48,7929740","2,2191184",92,2019,110.0,1.0,1.0,2.0,2259037,2.0,2,1,2,5.0,,-1.0,0,1987.0,A01,138Â 208Â 871,1.0,0.0,-1.0,1724347,2.0,7,,0.0,2.0,5.0,A01,138Â 208Â 871,1.0
1010191,201900051722,10,26,18:50,3,1,1,1.0,2.0,92048,N118,M,"48,7929740","2,2191184",92,2019,110.0,1.0,1.0,2.0,2259037,2.0,2,1,2,5.0,,-1.0,0,1987.0,A01,138Â 208Â 871,1.0,0.0,-1.0,1724348,2.0,33,,0.0,2.0,3.0,B01,138Â 208Â 872,1.0
1010191,201900051722,10,26,18:50,3,1,1,1.0,2.0,92048,N118,M,"48,7929740","2,2191184",92,2019,110.0,1.0,1.0,2.0,2259038,1.0,1,1,1,5.0,,-1.0,0,1977.0,A01,138Â 208Â 871,1.0,0.0,-1.0,1724347,2.0,7,,0.0,2.0,5.0,A01,138Â 208Â 871,1.0
1010191,201900051722,10,26,18:50,3,1,1,1.0,2.0,92048,N118,M,"48,7929740","2,2191184",92,2019,110.0,1.0,1.0,2.0,2259038,1.0,1,1,1,5.0,,-1.0,0,1977.0,A01,138Â 208Â 871,1.0,0.0,-1.0,1724348,2.0,33,,0.0,2.0,3.0,B01,138Â 208Â 872,1.0
1010191,201900051722,10,26,18:50,3,1,1,1.0,2.0,92048,N118,M,"48,7929740","2,2191184",92,2019,110.0,1.0,1.0,2.0,2259039,1.0,1,4,1,5.0,,-1.0,0,1989.0,B01,138Â 208Â 872,2.0,6.0,-1.0,1724347,2.0,7,,0.0,2.0,5.0,A01,138Â 208Â 871,1.0
1010191,201900051722,10,26,18:50,3,1,1,1.0,2.0,92048,N118,M,"48,7929740","2,2191184",92,2019,110.0,1.0,1.0,2.0,2259039,1.0,1,4,1,5.0,,-1.0,0,1989.0,B01,138Â 208Â 872,2.0,6.0,-1.0,1724348,2.0,33,,0.0,2.0,3.0,B01,138Â 208Â 872,1.0
1010192,201900051723,1,12,20:30,4,1,1,2.0,2.0,93066,AUTOROUTE A86,M,"48,9220700","2,3586100",93,2019,90.0,1.0,2.0,1.0,2259040,1.0,1,4,1,5.0,,-1.0, -1,1990.0,A01,138Â 208Â 866,1.0,0.0,-1.0,1724349,1.0,7,,4.0,2.0,3.0,A01,138Â 208Â 866,1.0
1010192,201900051723,1,12,20:30,4,1,1,2.0,2.0,93066,AUTOROUTE A86,M,"48,9220700","2,3586100",93,2019,90.0,1.0,2.0,1.0,2259040,1.0,1,4,1,5.0,,-1.0, -1,1990.0,A01,138Â 208Â 866,1.0,0.0,-1.0,1724350,1.0,7,,0.0,2.0,6.0,Z01,138Â 208Â 867,1.0
1010192,201900051723,1,12,20:30,4,1,1,2.0,2.0,93066,AUTOROUTE A86,M,"48,9220700","2,3586100",93,2019,90.0,1.0,2.0,1.0,2259041,2.0,2,4,2,5.0,,-1.0, -1,1993.0,A01,138Â 208Â 866,1.0,0.0,-1.0,1724349,1.0,7,,4.0,2.0,3.0,A01,138Â 208Â 866,1.0
1010192,201900051723,1,12,20:30,4,1,1,2.0,2.0,93066,AUTOROUTE A86,M,"48,9220700","2,3586100",93,2019,90.0,1.0,2.0,1.0,2259041,2.0,2,4,2,5.0,,-1.0, -1,1993.0,A01,138Â 208Â 866,1.0,0.0,-1.0,1724350,1.0,7,,0.0,2.0,6.0,Z01,138Â 208Â 867,1.0
1010192,201900051723,1,12,20:30,4,1,1,2.0,2.0,93066,AUTOROUTE A86,M,"48,9220700","2,3586100",93,2019,90.0,1.0,2.0,1.0,2259042,1.0,1,1,1,9.0,,-1.0, -1,1972.0,Z01,138Â 208Â 867,1.0,0.0,-1.0,1724349,1.0,7,,4.0,2.0,3.0,A01,138Â 208Â 866,1.0
1010192,201900051723,1,12,20:30,4,1,1,2.0,2.0,93066,AUTOROUTE A86,M,"48,9220700","2,3586100",93,2019,90.0,1.0,2.0,1.0,2259042,1.0,1,1,1,9.0,,-1.0, -1,1972.0,Z01,138Â 208Â 867,1.0,0.0,-1.0,1724350,1.0,7,,0.0,2.0,6.0,Z01,138Â 208Â 867,1.0
1010193,201900051724,10,27,12:10,1,1,1,2.0,6.0,95365,RN 104,M,"49,0649200","2,4062100",95,2019,50.0,1.0,2.0,2.0,2259043,1.0,1,4,2,5.0,,-1.0, -1,1998.0,A01,138Â 208Â 865,1.0,8.0,-1.0,1724351,1.0,7,,4.0,0.0,3.0,A01,138Â 208Â 865,1.0
1010194,201900051725,10,27,11:00,1,1,1,2.0,6.0,95277,AUTOROUTE A3,M,"48,9736400","2,4856100",95,2019,50.0,1.0,2.0,1.0,2259044,1.0,1,4,2,5.0,,-1.0, -1,1980.0,A01,138Â 208Â 862,1.0,8.0,-1.0,1724352,2.0,7,,0.0,0.0,3.0,A01,138Â 208Â 862,1.0
1010194,201900051725,10,27,11:00,1,1,1,2.0,6.0,95277,AUTOROUTE A3,M,"48,9736400","2,4856100",95,2019,50.0,1.0,2.0,1.0,2259045,2.0,2,4,2,5.0,,-1.0, -1,1979.0,A01,138Â 208Â 862,1.0,8.0,-1.0,1724352,2.0,7,,0.0,0.0,3.0,A01,138Â 208Â 862,1.0
1010195,201900051726,1,11,19:20,3,1,1,1.0,4.0,93005,AUTOROUTE A3,M,"48,9312600","2,4809600",93,2019,110.0,1.0,2.0,1.0,2259046,1.0,1,1,1,0.0,,-1.0, -1,1950.0,B01,138Â 208Â 861,1.0,0.0,-1.0,1724353,2.0,7,,0.0,2.0,4.0,B01,138Â 208Â 861,2.0
1010195,201900051726,1,11,19:20,3,1,1,1.0,4.0,93005,AUTOROUTE A3,M,"48,9312600","2,4809600",93,2019,110.0,1.0,2.0,1.0,2259046,1.0,1,1,1,0.0,,-1.0, -1,1950.0,B01,138Â 208Â 861,1.0,0.0,-1.0,1724354,2.0,7,,0.0,2.0,1.0,C01,138Â 208Â 863,1.0
1010195,201900051726,1,11,19:20,3,1,1,1.0,4.0,93005,AUTOROUTE A3,M,"48,9312600","2,4809600",93,2019,110.0,1.0,2.0,1.0,2259046,1.0,1,1,1,0.0,,-1.0, -1,1950.0,B01,138Â 208Â 861,1.0,0.0,-1.0,1724355,2.0,10,,0.0,2.0,4.0,A01,138Â 208Â 864,1.0
1010195,201900051726,1,11,19:20,3,1,1,1.0,4.0,93005,AUTOROUTE A3,M,"48,9312600","2,4809600",93,2019,110.0,1.0,2.0,1.0,2259047,1.0,1,1,1,0.0,,-1.0, -1,1950.0,C01,138Â 208Â 863,1.0,0.0,-1.0,1724353,2.0,7,,0.0,2.0,4.0,B01,138Â 208Â 861,2.0
1010195,201900051726,1,11,19:20,3,1,1,1.0,4.0,93005,AUTOROUTE A3,M,"48,9312600","2,4809600",93,2019,110.0,1.0,2.0,1.0,2259047,1.0,1,1,1,0.0,,-1.0, -1,1950.0,C01,138Â 208Â 863,1.0,0.0,-1.0,1724354,2.0,7,,0.0,2.0,1.0,C01,138Â 208Â 863,1.0
1010195,201900051726,1,11,19:20,3,1,1,1.0,4.0,93005,AUTOROUTE A3,M,"48,9312600","2,4809600",93,2019,110.0,1.0,2.0,1.0,2259047,1.0,1,1,1,0.0,,-1.0, -1,1950.0,C01,138Â 208Â 863,1.0,0.0,-1.0,1724355,2.0,10,,0.0,2.0,4.0,A01,138Â 208Â 864,1.0
1010195,201900051726,1,11,19:20,3,1,1,1.0,4.0,93005,AUTOROUTE A3,M,"48,9312600","2,4809600",93,2019,110.0,1.0,2.0,1.0,2259048,3.0,2,4,1,0.0,,-1.0, -1,1955.0,C01,138Â 208Â 863,1.0,0.0,-1.0,1724353,2.0,7,,0.0,2.0,4.0,B01,138Â 208Â 861,2.0
1010195,201900051726,1,11,19:20,3,1,1,1.0,4.0,93005,AUTOROUTE A3,M,"48,9312600","2,4809600",93,2019,110.0,1.0,2.0,1.0,2259048,3.0,2,4,1,0.0,,-1.0, -1,1955.0,C01,138Â 208Â 863,1.0,0.0,-1.0,1724354,2.0,7,,0.0,2.0,1.0,C01,138Â 208Â 863,1.0
1010195,201900051726,1,11,19:20,3,1,1,1.0,4.0,93005,AUTOROUTE A3,M,"48,9312600","2,4809600",93,2019,110.0,1.0,2.0,1.0,2259048,3.0,2,4,1,0.0,,-1.0, -1,1955.0,C01,138Â 208Â 863,1.0,0.0,-1.0,1724355,2.0,10,,0.0,2.0,4.0,A01,138Â 208Â 864,1.0
1010195,201900051726,1,11,19:20,3,1,1,1.0,4.0,93005,AUTOROUTE A3,M,"48,9312600","2,4809600",93,2019,110.0,1.0,2.0,1.0,2259049,1.0,1,1,1,0.0,,-1.0, -1,1967.0,A01,138Â 208Â 864,1.0,0.0,-1.0,1724353,2.0,7,,0.0,2.0,4.0,B01,138Â 208Â 861,2.0
1010195,201900051726,1,11,19:20,3,1,1,1.0,4.0,93005,AUTOROUTE A3,M,"48,9312600","2,4809600",93,2019,110.0,1.0,2.0,1.0,2259049,1.0,1,1,1,0.0,,-1.0, -1,1967.0,A01,138Â 208Â 864,1.0,0.0,-1.0,1724354,2.0,7,,0.0,2.0,1.0,C01,138Â 208Â 863,1.0
1010195,201900051726,1,11,19:20,3,1,1,1.0,4.0,93005,AUTOROUTE A3,M,"48,9312600","2,4809600",93,2019,110.0,1.0,2.0,1.0,2259049,1.0,1,1,1,0.0,,-1.0, -1,1967.0,A01,138Â 208Â 864,1.0,0.0,-1.0,1724355,2.0,10,,0.0,2.0,4.0,A01,138Â 208Â 864,1.0
1010196,201900051727,10,27,09:30,1,1,1,3.0,6.0,95582,AUTOROUTE A15,M,"48,9665400","2,2559700",95,2019,110.0,1.0,3.0,1.0,2259050,1.0,1,4,1,1.0,,-1.0, -1,1987.0,A01,138Â 208Â 860,1.0,0.0,-1.0,1724356,2.0,7,,3.0,0.0,1.0,A01,138Â 208Â 860,1.0
1010197,201900051728,1,11,18:40,3,1,1,8.0,6.0,92036,AUTOROUTE A15,M,"48,9370435","2,2952178",92,2019,50.0,1.0,2.0,1.0,2259051,2.0,2,4,2,5.0,,-1.0,0,1981.0,A01,138Â 208Â 859,1.0,8.0,-1.0,1724357,2.0,7,,4.0,0.0,2.0,A01,138Â 208Â 859,1.0
1010197,201900051728,1,11,18:40,3,1,1,8.0,6.0,92036,AUTOROUTE A15,M,"48,9370435","2,2952178",92,2019,50.0,1.0,2.0,1.0,2259052,1.0,1,1,1,5.0,,-1.0,0,1981.0,A01,138Â 208Â 859,1.0,8.0,-1.0,1724357,2.0,7,,4.0,0.0,2.0,A01,138Â 208Â 859,1.0
1010198,201900051729,10,27,05:50,3,1,1,3.0,6.0,92078,AUTOROUTE A86,M,"48,9309854","2,3232930",92,2019,90.0,1.0,2.0,1.0,2259053,3.0,2,4,2,0.0,,-1.0,0,1992.0,A01,138Â 208Â 858,1.0,0.0,-1.0,1724358,1.0,7,,4.0,0.0,3.0,A01,138Â 208Â 858,1.0
1010198,201900051729,10,27,05:50,3,1,1,3.0,6.0,92078,AUTOROUTE A86,M,"48,9309854","2,3232930",92,2019,90.0,1.0,2.0,1.0,2259054,1.0,1,4,1,0.0,,-1.0,0,1993.0,A01,138Â 208Â 858,1.0,0.0,-1.0,1724358,1.0,7,,4.0,0.0,3.0,A01,138Â 208Â 858,1.0
1010198,201900051729,10,27,05:50,3,1,1,3.0,6.0,92078,AUTOROUTE A86,M,"48,9309854","2,3232930",92,2019,90.0,1.0,2.0,1.0,2259055,4.0,2,4,2,0.0,,-1.0,0,1999.0,A01,138Â 208Â 858,1.0,0.0,-1.0,1724358,1.0,7,,4.0,0.0,3.0,A01,138Â 208Â 858,1.0
1010198,201900051729,10,27,05:50,3,1,1,3.0,6.0,92078,AUTOROUTE A86,M,"48,9309854","2,3232930",92,2019,90.0,1.0,2.0,1.0,2259056,2.0,2,4,1,0.0,,-1.0,0,1987.0,A01,138Â 208Â 858,1.0,0.0,-1.0,1724358,1.0,7,,4.0,0.0,3.0,A01,138Â 208Â 858,1.0
1010199,201900051730,1,11,14:50,1,1,1,8.0,6.0,92036,AUTOROUTE A15,M,"48,9371213","2,2955972",92,2019,50.0,1.0,2.0,1.0,2259057,1.0,1,4,1,0.0,,-1.0,0,1965.0,A01,138Â 208Â 857,1.0,0.0,-1.0,1724359,2.0,7,,4.0,0.0,2.0,A01,138Â 208Â 857,1.0
1010200,201900051731,10,28,18:00,5,1,1,1.0,2.0,94017,A4,M,"48,8279244","2,5042838",94,2019,90.0,1.0,1.0,1.0,2259058,1.0,1,1,1,1.0,,-1.0,0,1953.0,B01,138Â 208Â 855,1.0,0.0,-1.0,1724360,2.0,7,,0.0,2.0,6.0,B01,138Â 208Â 855,1.0
1010200,201900051731,10,28,18:00,5,1,1,1.0,2.0,94017,A4,M,"48,8279244","2,5042838",94,2019,90.0,1.0,1.0,1.0,2259058,1.0,1,1,1,1.0,,-1.0,0,1953.0,B01,138Â 208Â 855,1.0,0.0,-1.0,1724361,2.0,33,,0.0,2.0,2.0,A01,138Â 208Â 856,1.0
1010200,201900051731,10,28,18:00,5,1,1,1.0,2.0,94017,A4,M,"48,8279244","2,5042838",94,2019,90.0,1.0,1.0,1.0,2259059,1.0,1,4,1,4.0,,-1.0,0,1999.0,A01,138Â 208Â 856,2.0,6.0,-1.0,1724360,2.0,7,,0.0,2.0,6.0,B01,138Â 208Â 855,1.0
1010200,201900051731,10,28,18:00,5,1,1,1.0,2.0,94017,A4,M,"48,8279244","2,5042838",94,2019,90.0,1.0,1.0,1.0,2259059,1.0,1,4,1,4.0,,-1.0,0,1999.0,A01,138Â 208Â 856,2.0,6.0,-1.0,1724361,2.0,33,,0.0,2.0,2.0,A01,138Â 208Â 856,1.0
1010201,201900051732,10,28,14:40,1,1,1,1.0,6.0,94017,A4,M,"48,8282016","2,5028891",94,2019,90.0,1.0,1.0,1.0,2259060,1.0,1,4,1,5.0,,-1.0,0,1997.0,A01,138Â 208Â 851,2.0,6.0,-1.0,1724362,2.0,33,,16.0,0.0,7.0,A01,138Â 208Â 851,1.0
1010202,201900051733,10,28,08:00,1,1,1,1.0,2.0,94028,A86 EXT,M,"48,7934741","2,4417029",94,2019,90.0,1.0,1.0,1.0,2259061,1.0,1,4,1,0.0,,-1.0,0,1976.0,B01,138Â 208Â 848,2.0,0.0,-1.0,1724363,2.0,33,,0.0,2.0,1.0,B01,138Â 208Â 848,1.0
1010202,201900051733,10,28,08:00,1,1,1,1.0,2.0,94028,A86 EXT,M,"48,7934741","2,4417029",94,2019,90.0,1.0,1.0,1.0,2259061,1.0,1,4,1,0.0,,-1.0,0,1976.0,B01,138Â 208Â 848,2.0,0.0,-1.0,1724364,2.0,10,,0.0,2.0,5.0,A01,138Â 208Â 849,1.0
1010202,201900051733,10,28,08:00,1,1,1,1.0,2.0,94028,A86 EXT,M,"48,7934741","2,4417029",94,2019,90.0,1.0,1.0,1.0,2259062,1.0,1,1,1,1.0,,-1.0,0,1989.0,A01,138Â 208Â 849,1.0,0.0,-1.0,1724363,2.0,33,,0.0,2.0,1.0,B01,138Â 208Â 848,1.0
1010202,201900051733,10,28,08:00,1,1,1,1.0,2.0,94028,A86 EXT,M,"48,7934741","2,4417029",94,2019,90.0,1.0,1.0,1.0,2259062,1.0,1,1,1,1.0,,-1.0,0,1989.0,A01,138Â 208Â 849,1.0,0.0,-1.0,1724364,2.0,10,,0.0,2.0,5.0,A01,138Â 208Â 849,1.0
1010203,201900051734,1,11,07:35,3,1,1,1.0,4.0,93027,AUTOROUTE A86,M,"48,9278600","2,4095700",93,2019,90.0,1.0,1.0,1.0,2259063,1.0,1,4,1,9.0,,-1.0,0,1968.0,A01,138Â 208Â 850,2.0,6.0,-1.0,1724365,2.0,43,,0.0,2.0,1.0,A01,138Â 208Â 850,1.0
1010203,201900051734,1,11,07:35,3,1,1,1.0,4.0,93027,AUTOROUTE A86,M,"48,9278600","2,4095700",93,2019,90.0,1.0,1.0,1.0,2259063,1.0,1,4,1,9.0,,-1.0,0,1968.0,A01,138Â 208Â 850,2.0,6.0,-1.0,1724366,2.0,7,,0.0,2.0,4.0,D01,138Â 208Â 852,1.0