Unnamed: 0_x,num_acc,mois,jour,hrmn,lum,agg,int,atm,col,com,adr,gps,lat,long,dep,annee,vma,situ,surf,catr,Unnamed: 0_y,place,catu,grav,sexe,trajet,secu,locp,actp,an_nais,num_veh_x,id_vehicule_x,secu1,secu2,secu3,Unnamed: 0,senc,catv,occutc,obs,obsm,choc,num_veh_y,id_vehicule_y,motor
1010203,201900051734,1,11,07:35,3,1,1,1.0,4.0,93027,AUTOROUTE A86,M,"48,9278600","2,4095700",93,2019,90.0,1.0,1.0,1.0,2259063,1.0,1,4,1,9.0,,-1.0,0,1968.0,A01,138Â 208Â 850,2.0,6.0,-1.0,1724367,2.0,7,,0.0,2.0,1.0,Z01,138Â 208Â 853,0.0
1010203,201900051734,1,11,07:35,3,1,1,1.0,4.0,93027,AUTOROUTE A86,M,"48,9278600","2,4095700",93,2019,90.0,1.0,1.0,1.0,2259063,1.0,1,4,1,9.0,,-1.0,0,1968.0,A01,138Â 208Â 850,2.0,6.0,-1.0,1724368,2.0,10,,0.0,2.0,1.0,B01,138Â 208Â 854,1.0
1010203,201900051734,1,11,07:35,3,1,1,1.0,4.0,93027,AUTOROUTE A86,M,"48,9278600","2,4095700",93,2019,90.0,1.0,1.0,1.0,2259064,1.0,1,1,1,9.0,,-1.0,0,1987.0,D01,138Â 208Â 852,1.0,8.0,-1.0,1724365,2.0,43,,0.0,2.0,1.0,A01,138Â 208Â 850,1.0
1010203,201900051734,1,11,07:35,3,1,1,1.0,4.0,93027,AUTOROUTE A86,M,"48,9278600","2,4095700",93,2019,90.0,1.0,1.0,1.0,2259064,1.0,1,1,1,9.0,,-1.0,0,1987.0,D01,138Â 208Â 852,1.0,8.0,-1.0,1724366,2.0,7,,0.0,2.0,4.0,D01,138Â 208Â 852,1.0
1010203,201900051734,1,11,07:35,3,1,1,1.0,4.0,93027,AUTOROUTE A86,M,"48,9278600","2,4095700",93,2019,90.0,1.0,1.0,1.0,2259064,1.0,1,1,1,9.0,,-1.0,0,1987.0,D01,138Â 208Â 852,1.0,8.0,-1.0,1724367,2.0,7,,0.0,2.0,1.0,Z01,138Â 208Â 853,0.0
1010203,201900051734,1,11,07:35,3,1,1,1.0,4.0,93027,AUTOROUTE A86,M,"48,9278600","2,4095700",93,2019,90.0,1.0,1.0,1.0,2259064,1.0,1,1,1,9.0,,-1.0,0,1987.0,D01,138Â 208Â 852,1.0,8.0,-1.0,1724368,2.0,10,,0.0,2.0,1.0,B01,138Â 208Â 854,1.0
1010203,201900051734,1,11,07:35,3,1,1,1.0,4.0,93027,AUTOROUTE A86,M,"48,9278600","2,4095700",93,2019,90.0,1.0,1.0,1.0,2259065,1.0,1,1,1,9.0,,-1.0,0,1982.0,B01,138Â 208Â 854,1.0,8.0,-1.0,1724365,2.0,43,,0.0,2.0,1.0,A01,138Â 208Â 850,1.0
1010203,201900051734,1,11,07:35,3,1,1,1.0,4.0,93027,AUTOROUTE A86,M,"48,9278600","2,4095700",93,2019,90.0,1.0,1.0,1.0,2259065,1.0,1,1,1,9.0,,-1.0,0,1982.0,B01,138Â 208Â 854,1.0,8.0,-1.0,1724366,2.0,7,,0.0,2.0,4.0,D01,138Â 208Â 852,1.0
1010203,201900051734,1,11,07:35,3,1,1,1.0,4.0,93027,AUTOROUTE A86,M,"48,9278600","2,4095700",93,2019,90.0,1.0,1.0,1.0,2259065,1.0,1,1,1,9.0,,-1.0,0,1982.0,B01,138Â 208Â 854,1.0,8.0,-1.0,1724367,2.0,7,,0.0,2.0,1.0,Z01,138Â 208Â 853,0.0
1010203,201900051734,1,11,07:35,3,1,1,1.0,4.0,93027,AUTOROUTE A86,M,"48,9278600","2,4095700",93,2019,90.0,1.0,1.0,1.0,2259065,1.0,1,1,1,9.0,,-1.0,0,1982.0,B01,138Â 208Â 854,1.0,8.0,-1.0,1724368,2.0,10,,0.0,2.0,1.0,B01,138Â 208Â 854,1.0
1010204,201900051735,10,28,00:54,5,1,1,1.0,6.0,75112,A4,M,"48,8247354","2,4633569",75,2019,90.0,1.0,1.0,1.0,2259066,1.0,1,4,1,5.0,,0.0,0,1989.0,A01,138Â 208Â 847,2.0,6.0,-1.0,1724369,2.0,33,,4.0,0.0,0.0,A01,138Â 208Â 847,1.0
1010205,201900051736,1,10,21:20,3,1,1,1.0,4.0,93053,AUTOROUTE A86,M,"48,9028000","2,4673200",93,2019,90.0,1.0,1.0,1.0,2259067,1.0,1,1,1,0.0,,-1.0, -1,1971.0,A01,138Â 208Â 844,1.0,0.0,-1.0,1724370,1.0,7,,0.0,2.0,1.0,A01,138Â 208Â 844,1.0
1010205,201900051736,1,10,21:20,3,1,1,1.0,4.0,93053,AUTOROUTE A86,M,"48,9028000","2,4673200",93,2019,90.0,1.0,1.0,1.0,2259067,1.0,1,1,1,0.0,,-1.0, -1,1971.0,A01,138Â 208Â 844,1.0,0.0,-1.0,1724371,1.0,7,,0.0,2.0,4.0,B01,138Â 208Â 845,1.0
1010205,201900051736,1,10,21:20,3,1,1,1.0,4.0,93053,AUTOROUTE A86,M,"48,9028000","2,4673200",93,2019,90.0,1.0,1.0,1.0,2259067,1.0,1,1,1,0.0,,-1.0, -1,1971.0,A01,138Â 208Â 844,1.0,0.0,-1.0,1724372,1.0,7,,0.0,2.0,4.0,C01,138Â 208Â 846,1.0
1010205,201900051736,1,10,21:20,3,1,1,1.0,4.0,93053,AUTOROUTE A86,M,"48,9028000","2,4673200",93,2019,90.0,1.0,1.0,1.0,2259068,1.0,1,4,1,9.0,,-1.0, -1,1991.0,B01,138Â 208Â 845,1.0,0.0,-1.0,1724370,1.0,7,,0.0,2.0,1.0,A01,138Â 208Â 844,1.0
1010205,201900051736,1,10,21:20,3,1,1,1.0,4.0,93053,AUTOROUTE A86,M,"48,9028000","2,4673200",93,2019,90.0,1.0,1.0,1.0,2259068,1.0,1,4,1,9.0,,-1.0, -1,1991.0,B01,138Â 208Â 845,1.0,0.0,-1.0,1724371,1.0,7,,0.0,2.0,4.0,B01,138Â 208Â 845,1.0
1010205,201900051736,1,10,21:20,3,1,1,1.0,4.0,93053,AUTOROUTE A86,M,"48,9028000","2,4673200",93,2019,90.0,1.0,1.0,1.0,2259068,1.0,1,4,1,9.0,,-1.0, -1,1991.0,B01,138Â 208Â 845,1.0,0.0,-1.0,1724372,1.0,7,,0.0,2.0,4.0,C01,138Â 208Â 846,1.0
1010205,201900051736,1,10,21:20,3,1,1,1.0,4.0,93053,AUTOROUTE A86,M,"48,9028000","2,4673200",93,2019,90.0,1.0,1.0,1.0,2259069,1.0,1,1,1,9.0,,-1.0, -1,1963.0,C01,138Â 208Â 846,1.0,0.0,-1.0,1724370,1.0,7,,0.0,2.0,1.0,A01,138Â 208Â 844,1.0
1010205,201900051736,1,10,21:20,3,1,1,1.0,4.0,93053,AUTOROUTE A86,M,"48,9028000","2,4673200",93,2019,90.0,1.0,1.0,1.0,2259069,1.0,1,1,1,9.0,,-1.0, -1,1963.0,C01,138Â 208Â 846,1.0,0.0,-1.0,1724371,1.0,7,,0.0,2.0,4.0,B01,138Â 208Â 845,1.0
1010205,201900051736,1,10,21:20,3,1,1,1.0,4.0,93053,AUTOROUTE A86,M,"48,9028000","2,4673200",93,2019,90.0,1.0,1.0,1.0,2259069,1.0,1,1,1,9.0,,-1.0, -1,1963.0,C01,138Â 208Â 846,1.0,0.0,-1.0,1724372,1.0,7,,0.0,2.0,4.0,C01,138Â 208Â 846,1.0
1010206,201900051737,10,27,14:25,1,1,1,2.0,6.0,77337,A4,M,"48,8299570","2,6185600",77,2019,50.0,1.0,2.0,1.0,2259070,1.0,1,4,2,5.0,,-1.0,0,1991.0,A01,138Â 208Â 843,1.0,0.0,-1.0,1724373,2.0,7,,4.0,0.0,3.0,A01,138Â 208Â 843,1.0
1010207,201900051738,10,26,16:00,1,2,1,1.0,6.0,69264,LOUVET  PIERRE  R,M,"45,9797500","4,7385400",69,2019,50.0,1.0,1.0,4.0,2259071,1.0,1,1,1,1.0,,0.0,0,1986.0,A01,138Â 208Â 840,1.0,0.0,-1.0,1724374,1.0,7,,0.0,1.0,1.0,A01,138Â 208Â 840,1.0
1010207,201900051738,10,26,16:00,1,2,1,1.0,6.0,69264,LOUVET  PIERRE  R,M,"45,9797500","4,7385400",69,2019,50.0,1.0,1.0,4.0,2259072,10.0,3,4,2,5.0,,1.0,1,2011.0,A01,138Â 208Â 840,8.0,0.0,-1.0,1724374,1.0,7,,0.0,1.0,1.0,A01,138Â 208Â 840,1.0
1010208,201900051739,10,26,19:20,5,1,3,1.0,3.0,69013,LONGSARD (route de),M,"46,0153100","4,7073800",69,2019,70.0,1.0,1.0,3.0,2259073,1.0,1,1,2,1.0,,0.0,0,1966.0,A01,138Â 208Â 838,1.0,0.0,-1.0,1724375,2.0,7,,0.0,2.0,6.0,A01,138Â 208Â 838,1.0
1010208,201900051739,10,26,19:20,5,1,3,1.0,3.0,69013,LONGSARD (route de),M,"46,0153100","4,7073800",69,2019,70.0,1.0,1.0,3.0,2259073,1.0,1,1,2,1.0,,0.0,0,1966.0,A01,138Â 208Â 838,1.0,0.0,-1.0,1724376,1.0,33,,0.0,2.0,3.0,B01,138Â 208Â 839,1.0
1010208,201900051739,10,26,19:20,5,1,3,1.0,3.0,69013,LONGSARD (route de),M,"46,0153100","4,7073800",69,2019,70.0,1.0,1.0,3.0,2259074,1.0,1,4,1,5.0,,0.0,0,1993.0,B01,138Â 208Â 839,2.0,6.0,-1.0,1724375,2.0,7,,0.0,2.0,6.0,A01,138Â 208Â 838,1.0
1010208,201900051739,10,26,19:20,5,1,3,1.0,3.0,69013,LONGSARD (route de),M,"46,0153100","4,7073800",69,2019,70.0,1.0,1.0,3.0,2259074,1.0,1,4,1,5.0,,0.0,0,1993.0,B01,138Â 208Â 839,2.0,6.0,-1.0,1724376,1.0,33,,0.0,2.0,3.0,B01,138Â 208Â 839,1.0
1010209,201900051740,10,27,14:45,1,2,3,1.0,3.0,97416,HUBERT DE LISLE(BOULEVARD),M," -21,3426200","55,4657400",974,2019,30.0,1.0,1.0,4.0,2259075,1.0,1,3,1,5.0,,-1.0, -1,1960.0,A01,138Â 208Â 836,1.0,8.0,-1.0,1724377,1.0,7,,0.0,9.0,8.0,A01,138Â 208Â 836,1.0
1010209,201900051740,10,27,14:45,1,2,3,1.0,3.0,97416,HUBERT DE LISLE(BOULEVARD),M," -21,3426200","55,4657400",974,2019,30.0,1.0,1.0,4.0,2259075,1.0,1,3,1,5.0,,-1.0, -1,1960.0,A01,138Â 208Â 836,1.0,8.0,-1.0,1724378,1.0,33,,0.0,2.0,7.0,B01,138Â 208Â 837,1.0
1010209,201900051740,10,27,14:45,1,2,3,1.0,3.0,97416,HUBERT DE LISLE(BOULEVARD),M," -21,3426200","55,4657400",974,2019,30.0,1.0,1.0,4.0,2259076,1.0,1,3,1,9.0,,-1.0, -1,2000.0,B01,138Â 208Â 837,2.0,8.0,-1.0,1724377,1.0,7,,0.0,9.0,8.0,A01,138Â 208Â 836,1.0
1010209,201900051740,10,27,14:45,1,2,3,1.0,3.0,97416,HUBERT DE LISLE(BOULEVARD),M," -21,3426200","55,4657400",974,2019,30.0,1.0,1.0,4.0,2259076,1.0,1,3,1,9.0,,-1.0, -1,2000.0,B01,138Â 208Â 837,2.0,8.0,-1.0,1724378,1.0,33,,0.0,2.0,7.0,B01,138Â 208Â 837,1.0
1010210,201900051741,10,27,21:00,5,2,2,1.0,3.0,69383,FERDINAND BUISSON                   (R ),M,"45,7516600","4,8949300",69,2019,50.0,1.0,1.0,4.0,2259077,1.0,1,1,1,5.0,,-1.0, -1,2000.0,B01,138Â 208Â 834,1.0,0.0,-1.0,1724379,1.0,7,,0.0,2.0,0.0,B01,138Â 208Â 834,0.0
1010210,201900051741,10,27,21:00,5,2,2,1.0,3.0,69383,FERDINAND BUISSON                   (R ),M,"45,7516600","4,8949300",69,2019,50.0,1.0,1.0,4.0,2259077,1.0,1,1,1,5.0,,-1.0, -1,2000.0,B01,138Â 208Â 834,1.0,0.0,-1.0,1724380,2.0,2,,0.0,2.0,3.0,A01,138Â 208Â 835,0.0
1010210,201900051741,10,27,21:00,5,2,2,1.0,3.0,69383,FERDINAND BUISSON                   (R ),M,"45,7516600","4,8949300",69,2019,50.0,1.0,1.0,4.0,2259078,1.0,1,4,1,0.0,,-1.0, -1,1994.0,A01,138Â 208Â 835,2.0,6.0,-1.0,1724379,1.0,7,,0.0,2.0,0.0,B01,138Â 208Â 834,0.0
1010210,201900051741,10,27,21:00,5,2,2,1.0,3.0,69383,FERDINAND BUISSON                   (R ),M,"45,7516600","4,8949300",69,2019,50.0,1.0,1.0,4.0,2259078,1.0,1,4,1,0.0,,-1.0, -1,1994.0,A01,138Â 208Â 835,2.0,6.0,-1.0,1724380,2.0,2,,0.0,2.0,3.0,A01,138Â 208Â 835,0.0
1010211,201900051742,1,10,17:10,2,1,1,1.0,4.0,95572,RN 184,M,"49,0378300","2,1230500",95,2019,90.0,1.0,2.0,2.0,2259079,1.0,1,4,1,0.0,,-1.0,0,1946.0,C01,138Â 208Â 833,1.0,0.0,-1.0,1724381,2.0,7,,0.0,2.0,1.0,C01,138Â 208Â 833,1.0
1010211,201900051742,1,10,17:10,2,1,1,1.0,4.0,95572,RN 184,M,"49,0378300","2,1230500",95,2019,90.0,1.0,2.0,2.0,2259079,1.0,1,4,1,0.0,,-1.0,0,1946.0,C01,138Â 208Â 833,1.0,0.0,-1.0,1724382,2.0,7,,0.0,2.0,4.0,B01,138Â 208Â 841,1.0
1010211,201900051742,1,10,17:10,2,1,1,1.0,4.0,95572,RN 184,M,"49,0378300","2,1230500",95,2019,90.0,1.0,2.0,2.0,2259079,1.0,1,4,1,0.0,,-1.0,0,1946.0,C01,138Â 208Â 833,1.0,0.0,-1.0,1724383,2.0,7,,0.0,2.0,4.0,A01,138Â 208Â 842,1.0
1010211,201900051742,1,10,17:10,2,1,1,1.0,4.0,95572,RN 184,M,"49,0378300","2,1230500",95,2019,90.0,1.0,2.0,2.0,2259080,4.0,2,4,2,0.0,,-1.0,0,1955.0,B01,138Â 208Â 841,1.0,0.0,-1.0,1724381,2.0,7,,0.0,2.0,1.0,C01,138Â 208Â 833,1.0
1010211,201900051742,1,10,17:10,2,1,1,1.0,4.0,95572,RN 184,M,"49,0378300","2,1230500",95,2019,90.0,1.0,2.0,2.0,2259080,4.0,2,4,2,0.0,,-1.0,0,1955.0,B01,138Â 208Â 841,1.0,0.0,-1.0,1724382,2.0,7,,0.0,2.0,4.0,B01,138Â 208Â 841,1.0
1010211,201900051742,1,10,17:10,2,1,1,1.0,4.0,95572,RN 184,M,"49,0378300","2,1230500",95,2019,90.0,1.0,2.0,2.0,2259080,4.0,2,4,2,0.0,,-1.0,0,1955.0,B01,138Â 208Â 841,1.0,0.0,-1.0,1724383,2.0,7,,0.0,2.0,4.0,A01,138Â 208Â 842,1.0
1010211,201900051742,1,10,17:10,2,1,1,1.0,4.0,95572,RN 184,M,"49,0378300","2,1230500",95,2019,90.0,1.0,2.0,2.0,2259081,2.0,2,4,2,0.0,,-1.0,0,1957.0,B01,138Â 208Â 841,1.0,0.0,-1.0,1724381,2.0,7,,0.0,2.0,1.0,C01,138Â 208Â 833,1.0
1010211,201900051742,1,10,17:10,2,1,1,1.0,4.0,95572,RN 184,M,"49,0378300","2,1230500",95,2019,90.0,1.0,2.0,2.0,2259081,2.0,2,4,2,0.0,,-1.0,0,1957.0,B01,138Â 208Â 841,1.0,0.0,-1.0,1724382,2.0,7,,0.0,2.0,4.0,B01,138Â 208Â 841,1.0
1010211,201900051742,1,10,17:10,2,1,1,1.0,4.0,95572,RN 184,M,"49,0378300","2,1230500",95,2019,90.0,1.0,2.0,2.0,2259081,2.0,2,4,2,0.0,,-1.0,0,1957.0,B01,138Â 208Â 841,1.0,0.0,-1.0,1724383,2.0,7,,0.0,2.0,4.0,A01,138Â 208Â 842,1.0
1010211,201900051742,1,10,17:10,2,1,1,1.0,4.0,95572,RN 184,M,"49,0378300","2,1230500",95,2019,90.0,1.0,2.0,2.0,2259082,1.0,1,1,1,0.0,,-1.0,0,1977.0,B01,138Â 208Â 841,1.0,0.0,-1.0,1724381,2.0,7,,0.0,2.0,1.0,C01,138Â 208Â 833,1.0
1010211,201900051742,1,10,17:10,2,1,1,1.0,4.0,95572,RN 184,M,"49,0378300","2,1230500",95,2019,90.0,1.0,2.0,2.0,2259082,1.0,1,1,1,0.0,,-1.0,0,1977.0,B01,138Â 208Â 841,1.0,0.0,-1.0,1724382,2.0,7,,0.0,2.0,4.0,B01,138Â 208Â 841,1.0
1010211,201900051742,1,10,17:10,2,1,1,1.0,4.0,95572,RN 184,M,"49,0378300","2,1230500",95,2019,90.0,1.0,2.0,2.0,2259082,1.0,1,1,1,0.0,,-1.0,0,1977.0,B01,138Â 208Â 841,1.0,0.0,-1.0,1724383,2.0,7,,0.0,2.0,4.0,A01,138Â 208Â 842,1.0
1010211,201900051742,1,10,17:10,2,1,1,1.0,4.0,95572,RN 184,M,"49,0378300","2,1230500",95,2019,90.0,1.0,2.0,2.0,2259083,1.0,1,1,1,0.0,,-1.0,0,1955.0,A01,138Â 208Â 842,1.0,0.0,-1.0,1724381,2.0,7,,0.0,2.0,1.0,C01,138Â 208Â 833,1.0
1010211,201900051742,1,10,17:10,2,1,1,1.0,4.0,95572,RN 184,M,"49,0378300","2,1230500",95,2019,90.0,1.0,2.0,2.0,2259083,1.0,1,1,1,0.0,,-1.0,0,1955.0,A01,138Â 208Â 842,1.0,0.0,-1.0,1724382,2.0,7,,0.0,2.0,4.0,B01,138Â 208Â 841,1.0
1010211,201900051742,1,10,17:10,2,1,1,1.0,4.0,95572,RN 184,M,"49,0378300","2,1230500",95,2019,90.0,1.0,2.0,2.0,2259083,1.0,1,1,1,0.0,,-1.0,0,1955.0,A01,138Â 208Â 842,1.0,0.0,-1.0,1724383,2.0,7,,0.0,2.0,4.0,A01,138Â 208Â 842,1.0
1010212,201900051743,10,27,11:00,1,2,7,1.0,3.0,69386,RENE DEROUDILLE                        (,M,"45,7659300","4,8559400",69,2019,50.0,1.0,1.0,7.0,2259084,1.0,1,4,2,1.0,,-1.0, -1,1991.0,A01,138Â 208Â 831,8.0,0.0,-1.0,1724384,3.0,50,,0.0,2.0,2.0,A01,138Â 208Â 831,3.0
1010212,201900051743,10,27,11:00,1,2,7,1.0,3.0,69386,RENE DEROUDILLE                        (,M,"45,7659300","4,8559400",69,2019,50.0,1.0,1.0,7.0,2259084,1.0,1,4,2,1.0,,-1.0, -1,1991.0,A01,138Â 208Â 831,8.0,0.0,-1.0,1724385,3.0,7,,0.0,9.0,8.0,B01,138Â 208Â 832,1.0
1010212,201900051743,10,27,11:00,1,2,7,1.0,3.0,69386,RENE DEROUDILLE                        (,M,"45,7659300","4,8559400",69,2019,50.0,1.0,1.0,7.0,2259085,1.0,1,1,1,0.0,,-1.0, -1,1965.0,B01,138Â 208Â 832,8.0,0.0,-1.0,1724384,3.0,50,,0.0,2.0,2.0,A01,138Â 208Â 831,3.0
1010212,201900051743,10,27,11:00,1,2,7,1.0,3.0,69386,RENE DEROUDILLE                        (,M,"45,7659300","4,8559400",69,2019,50.0,1.0,1.0,7.0,2259085,1.0,1,1,1,0.0,,-1.0, -1,1965.0,B01,138Â 208Â 832,8.0,0.0,-1.0,1724385,3.0,7,,0.0,9.0,8.0,B01,138Â 208Â 832,1.0
1010213,201900051744,1,9,12:20,1,1,1,1.0,6.0,95607,AUTOROUTE A115,M,"49,0292500","2,2016500",95,2019,70.0,1.0,1.0,1.0,2259086,2.0,2,3,2,0.0,,-1.0,0,1999.0,A01,138Â 208Â 830,8.0,0.0,-1.0,1724386,2.0,7,,3.0,0.0,9.0,A01,138Â 208Â 830,1.0
1010213,201900051744,1,9,12:20,1,1,1,1.0,6.0,95607,AUTOROUTE A115,M,"49,0292500","2,2016500",95,2019,70.0,1.0,1.0,1.0,2259087,1.0,1,3,1,0.0,,-1.0,0,1998.0,A01,138Â 208Â 830,8.0,0.0,-1.0,1724386,2.0,7,,3.0,0.0,9.0,A01,138Â 208Â 830,1.0
1010214,201900051745,1,8,09:30,1,1,1,1.0,2.0,93063,AUTOROUTE A3,M,"48,8752400","2,4403800",93,2019,90.0,1.0,1.0,1.0,2259088,1.0,1,1,1,0.0,,-1.0, -1,1967.0,A01,138Â 208Â 828,1.0,0.0,-1.0,1724387,1.0,7,,0.0,2.0,4.0,A01,138Â 208Â 828,1.0
1010214,201900051745,1,8,09:30,1,1,1,1.0,2.0,93063,AUTOROUTE A3,M,"48,8752400","2,4403800",93,2019,90.0,1.0,1.0,1.0,2259088,1.0,1,1,1,0.0,,-1.0, -1,1967.0,A01,138Â 208Â 828,1.0,0.0,-1.0,1724388,1.0,33,,0.0,2.0,1.0,B01,138Â 208Â 829,1.0
1010214,201900051745,1,8,09:30,1,1,1,1.0,2.0,93063,AUTOROUTE A3,M,"48,8752400","2,4403800",93,2019,90.0,1.0,1.0,1.0,2259089,1.0,1,4,1,9.0,,-1.0,0,1990.0,B01,138Â 208Â 829,2.0,0.0,-1.0,1724387,1.0,7,,0.0,2.0,4.0,A01,138Â 208Â 828,1.0
1010214,201900051745,1,8,09:30,1,1,1,1.0,2.0,93063,AUTOROUTE A3,M,"48,8752400","2,4403800",93,2019,90.0,1.0,1.0,1.0,2259089,1.0,1,4,1,9.0,,-1.0,0,1990.0,B01,138Â 208Â 829,2.0,0.0,-1.0,1724388,1.0,33,,0.0,2.0,1.0,B01,138Â 208Â 829,1.0
1010215,201900051746,1,8,09:35,1,1,1,1.0,6.0,95582,RD 170,M,"48,9626100","2,2642600",95,2019,50.0,1.0,2.0,3.0,2259090,1.0,1,4,2,0.0,,-1.0,0,1996.0,A01,138Â 208Â 826,1.0,0.0,-1.0,1724389,1.0,7,,4.0,0.0,2.0,A01,138Â 208Â 826,1.0
1010216,201900051747,10,27,02:20,3,2,2,1.0,3.0,69386,DUQUESNE (R),M,"45,7724500","4,8411500",69,2019,50.0,1.0,1.0,4.0,2259091,1.0,1,3,1,0.0,,0.0,0,1974.0,B01,138Â 208Â 825,2.0,0.0,-1.0,1724390,3.0,31,,0.0,2.0,7.0,B01,138Â 208Â 825,1.0
1010216,201900051747,10,27,02:20,3,2,2,1.0,3.0,69386,DUQUESNE (R),M,"45,7724500","4,8411500",69,2019,50.0,1.0,1.0,4.0,2259091,1.0,1,3,1,0.0,,0.0,0,1974.0,B01,138Â 208Â 825,2.0,0.0,-1.0,1724391,3.0,7,,0.0,2.0,2.0,A01,138Â 208Â 827,1.0
1010216,201900051747,10,27,02:20,3,2,2,1.0,3.0,69386,DUQUESNE (R),M,"45,7724500","4,8411500",69,2019,50.0,1.0,1.0,4.0,2259092,1.0,1,1,1,5.0,,-1.0, -1,1995.0,A01,138Â 208Â 827,1.0,0.0,-1.0,1724390,3.0,31,,0.0,2.0,7.0,B01,138Â 208Â 825,1.0
1010216,201900051747,10,27,02:20,3,2,2,1.0,3.0,69386,DUQUESNE (R),M,"45,7724500","4,8411500",69,2019,50.0,1.0,1.0,4.0,2259092,1.0,1,1,1,5.0,,-1.0, -1,1995.0,A01,138Â 208Â 827,1.0,0.0,-1.0,1724391,3.0,7,,0.0,2.0,2.0,A01,138Â 208Â 827,1.0
1010217,201900051748,1,8,07:50,2,1,1,1.0,6.0,95572,AUTOROUTE A15,M,"49,0319700","2,1071200",95,2019,50.0,1.0,2.0,1.0,2259093,1.0,1,4,1,0.0,,-1.0,0,1993.0,A01,138Â 208Â 824,1.0,0.0,-1.0,1724392,2.0,7,,4.0,0.0,3.0,A01,138Â 208Â 824,1.0
1010217,201900051748,1,8,07:50,2,1,1,1.0,6.0,95572,AUTOROUTE A15,M,"49,0319700","2,1071200",95,2019,50.0,1.0,2.0,1.0,2259094,4.0,2,4,2,0.0,,-1.0,0,2017.0,A01,138Â 208Â 824,3.0,0.0,-1.0,1724392,2.0,7,,4.0,0.0,3.0,A01,138Â 208Â 824,1.0
1010218,201900051749,1,7,17:00,2,1,1,2.0,3.0,93066,AUTOROUTE A86,M,"48,9224100","2,3572100",93,2019,90.0,1.0,2.0,1.0,2259095,1.0,1,1,2,0.0,,-1.0,0,1997.0,B01,138Â 208Â 821,1.0,0.0,-1.0,1724393,2.0,7,,0.0,2.0,8.0,B01,138Â 208Â 821,1.0
1010218,201900051749,1,7,17:00,2,1,1,2.0,3.0,93066,AUTOROUTE A86,M,"48,9224100","2,3572100",93,2019,90.0,1.0,2.0,1.0,2259095,1.0,1,1,2,0.0,,-1.0,0,1997.0,B01,138Â 208Â 821,1.0,0.0,-1.0,1724394,2.0,33,,0.0,2.0,2.0,A01,138Â 208Â 823,1.0
1010218,201900051749,1,7,17:00,2,1,1,2.0,3.0,93066,AUTOROUTE A86,M,"48,9224100","2,3572100",93,2019,90.0,1.0,2.0,1.0,2259096,1.0,1,4,1,0.0,,0.0,0,1987.0,A01,138Â 208Â 823,2.0,0.0,-1.0,1724393,2.0,7,,0.0,2.0,8.0,B01,138Â 208Â 821,1.0
1010218,201900051749,1,7,17:00,2,1,1,2.0,3.0,93066,AUTOROUTE A86,M,"48,9224100","2,3572100",93,2019,90.0,1.0,2.0,1.0,2259096,1.0,1,4,1,0.0,,0.0,0,1987.0,A01,138Â 208Â 823,2.0,0.0,-1.0,1724394,2.0,33,,0.0,2.0,2.0,A01,138Â 208Â 823,1.0
1010219,201900051750,1,7,18:00,3,1,1,1.0,3.0,95572,RN 184,M,"49,0491600","2,1379400",95,2019,90.0,1.0,2.0,2.0,2259097,1.0,1,1,1,1.0,,-1.0,0,1972.0,A01,138Â 208Â 818,1.0,0.0,-1.0,1724395,2.0,7,,0.0,2.0,6.0,A01,138Â 208Â 818,1.0
1010219,201900051750,1,7,18:00,3,1,1,1.0,3.0,95572,RN 184,M,"49,0491600","2,1379400",95,2019,90.0,1.0,2.0,2.0,2259097,1.0,1,1,1,1.0,,-1.0,0,1972.0,A01,138Â 208Â 818,1.0,0.0,-1.0,1724396,2.0,31,,0.0,2.0,2.0,B01,138Â 208Â 819,1.0
1010219,201900051750,1,7,18:00,3,1,1,1.0,3.0,95572,RN 184,M,"49,0491600","2,1379400",95,2019,90.0,1.0,2.0,2.0,2259098,1.0,1,4,1,2.0,,-1.0,0,2001.0,B01,138Â 208Â 819,2.0,0.0,-1.0,1724395,2.0,7,,0.0,2.0,6.0,A01,138Â 208Â 818,1.0
1010219,201900051750,1,7,18:00,3,1,1,1.0,3.0,95572,RN 184,M,"49,0491600","2,1379400",95,2019,90.0,1.0,2.0,2.0,2259098,1.0,1,4,1,2.0,,-1.0,0,2001.0,B01,138Â 208Â 819,2.0,0.0,-1.0,1724396,2.0,31,,0.0,2.0,2.0,B01,138Â 208Â 819,1.0
1010220,201900051751,1,12,12:00,1,1,1,1.0,6.0,77146,A4.Y,M,"48,8323000","2,6570700",77,2019,110.0,1.0,1.0,1.0,2259099,1.0,1,4,1,5.0,,0.0,0,1992.0,A01,138Â 208Â 817,1.0,0.0,-1.0,1724397,1.0,7,,15.0,0.0,1.0,A01,138Â 208Â 817,1.0
1010220,201900051751,1,12,12:00,1,1,1,1.0,6.0,77146,A4.Y,M,"48,8323000","2,6570700",77,2019,110.0,1.0,1.0,1.0,2259100,2.0,2,4,2,5.0,,0.0,0,1988.0,A01,138Â 208Â 817,1.0,0.0,-1.0,1724397,1.0,7,,15.0,0.0,1.0,A01,138Â 208Â 817,1.0
1010221,201900051752,10,25,21:30,3,1,6,1.0,1.0,97213,ROUTE NATIONALE 1,M,"14,6488140"," -60,9751500",972,2019,70.0,1.0,1.0,2.0,2259101,1.0,1,1,1,0.0,,-1.0,0,1974.0,B01,138Â 208Â 820,1.0,0.0,-1.0,1724398,1.0,7,,0.0,2.0,0.0,B01,138Â 208Â 820,1.0