Unnamed: 0_x,num_acc,mois,jour,hrmn,lum,agg,int,atm,col,com,adr,gps,lat,long,dep,annee,vma,situ,surf,catr,Unnamed: 0_y,place,catu,grav,sexe,trajet,secu,locp,actp,an_nais,num_veh_x,id_vehicule_x,secu1,secu2,secu3,Unnamed: 0,senc,catv,occutc,obs,obsm,choc,num_veh_y,id_vehicule_y,motor
1010221,201900051752,10,25,21:30,3,1,6,1.0,1.0,97213,ROUTE NATIONALE 1,M,"14,6488140"," -60,9751500",972,2019,70.0,1.0,1.0,2.0,2259101,1.0,1,1,1,0.0,,-1.0,0,1974.0,B01,138Â 208Â 820,1.0,0.0,-1.0,1724399,1.0,7,,0.0,2.0,1.0,A01,138Â 208Â 822,1.0
1010221,201900051752,10,25,21:30,3,1,6,1.0,1.0,97213,ROUTE NATIONALE 1,M,"14,6488140"," -60,9751500",972,2019,70.0,1.0,1.0,2.0,2259102,2.0,2,4,2,0.0,,-1.0,0,1957.0,A01,138Â 208Â 822,1.0,0.0,-1.0,1724398,1.0,7,,0.0,2.0,0.0,B01,138Â 208Â 820,1.0
1010221,201900051752,10,25,21:30,3,1,6,1.0,1.0,97213,ROUTE NATIONALE 1,M,"14,6488140"," -60,9751500",972,2019,70.0,1.0,1.0,2.0,2259102,2.0,2,4,2,0.0,,-1.0,0,1957.0,A01,138Â 208Â 822,1.0,0.0,-1.0,1724399,1.0,7,,0.0,2.0,1.0,A01,138Â 208Â 822,1.0
1010221,201900051752,10,25,21:30,3,1,6,1.0,1.0,97213,ROUTE NATIONALE 1,M,"14,6488140"," -60,9751500",972,2019,70.0,1.0,1.0,2.0,2259103,1.0,1,1,1,0.0,,-1.0,0,1950.0,A01,138Â 208Â 822,8.0,0.0,-1.0,1724398,1.0,7,,0.0,2.0,0.0,B01,138Â 208Â 820,1.0
1010221,201900051752,10,25,21:30,3,1,6,1.0,1.0,97213,ROUTE NATIONALE 1,M,"14,6488140"," -60,9751500",972,2019,70.0,1.0,1.0,2.0,2259103,1.0,1,1,1,0.0,,-1.0,0,1950.0,A01,138Â 208Â 822,8.0,0.0,-1.0,1724399,1.0,7,,0.0,2.0,1.0,A01,138Â 208Â 822,1.0
1010222,201900051753,1,11,14:30,1,1,1,8.0,7.0,77258,A4.W,M,"48,8322400","2,6523400",77,2019,110.0,1.0,2.0,1.0,2259104,1.0,1,4,1,5.0,,0.0,0,1972.0,A01,138Â 208Â 816,2.0,6.0,-1.0,1724400,2.0,33,,0.0,0.0,8.0,A01,138Â 208Â 816,1.0
1010223,201900051754,10,25,19:15,2,2,3,1.0,3.0,91201,PIERRE BROSSOLETTE (RUE),M,"48,6917800","2,4263300",91,2019,50.0,1.0,1.0,4.0,2259105,1.0,1,4,1,2.0,,0.0,0,1999.0,A01,138Â 208Â 814,2.0,0.0,-1.0,1724401,1.0,33,,12.0,2.0,7.0,A01,138Â 208Â 814,1.0
1010223,201900051754,10,25,19:15,2,2,3,1.0,3.0,91201,PIERRE BROSSOLETTE (RUE),M,"48,6917800","2,4263300",91,2019,50.0,1.0,1.0,4.0,2259105,1.0,1,4,1,2.0,,0.0,0,1999.0,A01,138Â 208Â 814,2.0,0.0,-1.0,1724402,1.0,7,,0.0,2.0,8.0,B01,138Â 208Â 815,1.0
1010223,201900051754,10,25,19:15,2,2,3,1.0,3.0,91201,PIERRE BROSSOLETTE (RUE),M,"48,6917800","2,4263300",91,2019,50.0,1.0,1.0,4.0,2259106,3.0,2,1,2,5.0,,0.0,0,2016.0,B01,138Â 208Â 815,3.0,8.0,-1.0,1724401,1.0,33,,12.0,2.0,7.0,A01,138Â 208Â 814,1.0
1010223,201900051754,10,25,19:15,2,2,3,1.0,3.0,91201,PIERRE BROSSOLETTE (RUE),M,"48,6917800","2,4263300",91,2019,50.0,1.0,1.0,4.0,2259106,3.0,2,1,2,5.0,,0.0,0,2016.0,B01,138Â 208Â 815,3.0,8.0,-1.0,1724402,1.0,7,,0.0,2.0,8.0,B01,138Â 208Â 815,1.0
1010223,201900051754,10,25,19:15,2,2,3,1.0,3.0,91201,PIERRE BROSSOLETTE (RUE),M,"48,6917800","2,4263300",91,2019,50.0,1.0,1.0,4.0,2259107,1.0,1,1,1,5.0,,0.0,0,1985.0,B01,138Â 208Â 815,1.0,0.0,-1.0,1724401,1.0,33,,12.0,2.0,7.0,A01,138Â 208Â 814,1.0
1010223,201900051754,10,25,19:15,2,2,3,1.0,3.0,91201,PIERRE BROSSOLETTE (RUE),M,"48,6917800","2,4263300",91,2019,50.0,1.0,1.0,4.0,2259107,1.0,1,1,1,5.0,,0.0,0,1985.0,B01,138Â 208Â 815,1.0,0.0,-1.0,1724402,1.0,7,,0.0,2.0,8.0,B01,138Â 208Â 815,1.0
1010224,201900051755,1,10,09:00,1,1,1,1.0,4.0,77251,RN104,M,"48,6452900","2,5484100",77,2019,110.0,1.0,1.0,2.0,2259108,1.0,1,4,1,9.0,,0.0,0,1993.0,B01,138Â 208Â 806,1.0,4.0,-1.0,1724403,1.0,7,,0.0,2.0,4.0,B01,138Â 208Â 806,1.0
1010224,201900051755,1,10,09:00,1,1,1,1.0,4.0,77251,RN104,M,"48,6452900","2,5484100",77,2019,110.0,1.0,1.0,2.0,2259108,1.0,1,4,1,9.0,,0.0,0,1993.0,B01,138Â 208Â 806,1.0,4.0,-1.0,1724404,1.0,7,,0.0,2.0,4.0,D01,138Â 208Â 808,1.0
1010224,201900051755,1,10,09:00,1,1,1,1.0,4.0,77251,RN104,M,"48,6452900","2,5484100",77,2019,110.0,1.0,1.0,2.0,2259108,1.0,1,4,1,9.0,,0.0,0,1993.0,B01,138Â 208Â 806,1.0,4.0,-1.0,1724405,1.0,15,,0.0,2.0,4.0,E01,138Â 208Â 809,1.0
1010224,201900051755,1,10,09:00,1,1,1,1.0,4.0,77251,RN104,M,"48,6452900","2,5484100",77,2019,110.0,1.0,1.0,2.0,2259108,1.0,1,4,1,9.0,,0.0,0,1993.0,B01,138Â 208Â 806,1.0,4.0,-1.0,1724406,1.0,7,,0.0,2.0,4.0,C01,138Â 208Â 810,1.0
1010224,201900051755,1,10,09:00,1,1,1,1.0,4.0,77251,RN104,M,"48,6452900","2,5484100",77,2019,110.0,1.0,1.0,2.0,2259108,1.0,1,4,1,9.0,,0.0,0,1993.0,B01,138Â 208Â 806,1.0,4.0,-1.0,1724407,1.0,17,,0.0,2.0,1.0,A01,138Â 208Â 811,1.0
1010224,201900051755,1,10,09:00,1,1,1,1.0,4.0,77251,RN104,M,"48,6452900","2,5484100",77,2019,110.0,1.0,1.0,2.0,2259109,1.0,1,4,2,1.0,,0.0,0,1982.0,D01,138Â 208Â 808,1.0,4.0,-1.0,1724403,1.0,7,,0.0,2.0,4.0,B01,138Â 208Â 806,1.0
1010224,201900051755,1,10,09:00,1,1,1,1.0,4.0,77251,RN104,M,"48,6452900","2,5484100",77,2019,110.0,1.0,1.0,2.0,2259109,1.0,1,4,2,1.0,,0.0,0,1982.0,D01,138Â 208Â 808,1.0,4.0,-1.0,1724404,1.0,7,,0.0,2.0,4.0,D01,138Â 208Â 808,1.0
1010224,201900051755,1,10,09:00,1,1,1,1.0,4.0,77251,RN104,M,"48,6452900","2,5484100",77,2019,110.0,1.0,1.0,2.0,2259109,1.0,1,4,2,1.0,,0.0,0,1982.0,D01,138Â 208Â 808,1.0,4.0,-1.0,1724405,1.0,15,,0.0,2.0,4.0,E01,138Â 208Â 809,1.0
1010224,201900051755,1,10,09:00,1,1,1,1.0,4.0,77251,RN104,M,"48,6452900","2,5484100",77,2019,110.0,1.0,1.0,2.0,2259109,1.0,1,4,2,1.0,,0.0,0,1982.0,D01,138Â 208Â 808,1.0,4.0,-1.0,1724406,1.0,7,,0.0,2.0,4.0,C01,138Â 208Â 810,1.0
1010224,201900051755,1,10,09:00,1,1,1,1.0,4.0,77251,RN104,M,"48,6452900","2,5484100",77,2019,110.0,1.0,1.0,2.0,2259109,1.0,1,4,2,1.0,,0.0,0,1982.0,D01,138Â 208Â 808,1.0,4.0,-1.0,1724407,1.0,17,,0.0,2.0,1.0,A01,138Â 208Â 811,1.0
1010224,201900051755,1,10,09:00,1,1,1,1.0,4.0,77251,RN104,M,"48,6452900","2,5484100",77,2019,110.0,1.0,1.0,2.0,2259110,1.0,1,1,1,4.0,,0.0,0,1971.0,E01,138Â 208Â 809,1.0,4.0,-1.0,1724403,1.0,7,,0.0,2.0,4.0,B01,138Â 208Â 806,1.0
1010224,201900051755,1,10,09:00,1,1,1,1.0,4.0,77251,RN104,M,"48,6452900","2,5484100",77,2019,110.0,1.0,1.0,2.0,2259110,1.0,1,1,1,4.0,,0.0,0,1971.0,E01,138Â 208Â 809,1.0,4.0,-1.0,1724404,1.0,7,,0.0,2.0,4.0,D01,138Â 208Â 808,1.0
1010224,201900051755,1,10,09:00,1,1,1,1.0,4.0,77251,RN104,M,"48,6452900","2,5484100",77,2019,110.0,1.0,1.0,2.0,2259110,1.0,1,1,1,4.0,,0.0,0,1971.0,E01,138Â 208Â 809,1.0,4.0,-1.0,1724405,1.0,15,,0.0,2.0,4.0,E01,138Â 208Â 809,1.0
1010224,201900051755,1,10,09:00,1,1,1,1.0,4.0,77251,RN104,M,"48,6452900","2,5484100",77,2019,110.0,1.0,1.0,2.0,2259110,1.0,1,1,1,4.0,,0.0,0,1971.0,E01,138Â 208Â 809,1.0,4.0,-1.0,1724406,1.0,7,,0.0,2.0,4.0,C01,138Â 208Â 810,1.0
1010224,201900051755,1,10,09:00,1,1,1,1.0,4.0,77251,RN104,M,"48,6452900","2,5484100",77,2019,110.0,1.0,1.0,2.0,2259110,1.0,1,1,1,4.0,,0.0,0,1971.0,E01,138Â 208Â 809,1.0,4.0,-1.0,1724407,1.0,17,,0.0,2.0,1.0,A01,138Â 208Â 811,1.0
1010224,201900051755,1,10,09:00,1,1,1,1.0,4.0,77251,RN104,M,"48,6452900","2,5484100",77,2019,110.0,1.0,1.0,2.0,2259111,1.0,1,4,1,1.0,,0.0,0,1984.0,C01,138Â 208Â 810,1.0,4.0,-1.0,1724403,1.0,7,,0.0,2.0,4.0,B01,138Â 208Â 806,1.0
1010224,201900051755,1,10,09:00,1,1,1,1.0,4.0,77251,RN104,M,"48,6452900","2,5484100",77,2019,110.0,1.0,1.0,2.0,2259111,1.0,1,4,1,1.0,,0.0,0,1984.0,C01,138Â 208Â 810,1.0,4.0,-1.0,1724404,1.0,7,,0.0,2.0,4.0,D01,138Â 208Â 808,1.0
1010224,201900051755,1,10,09:00,1,1,1,1.0,4.0,77251,RN104,M,"48,6452900","2,5484100",77,2019,110.0,1.0,1.0,2.0,2259111,1.0,1,4,1,1.0,,0.0,0,1984.0,C01,138Â 208Â 810,1.0,4.0,-1.0,1724405,1.0,15,,0.0,2.0,4.0,E01,138Â 208Â 809,1.0
1010224,201900051755,1,10,09:00,1,1,1,1.0,4.0,77251,RN104,M,"48,6452900","2,5484100",77,2019,110.0,1.0,1.0,2.0,2259111,1.0,1,4,1,1.0,,0.0,0,1984.0,C01,138Â 208Â 810,1.0,4.0,-1.0,1724406,1.0,7,,0.0,2.0,4.0,C01,138Â 208Â 810,1.0
1010224,201900051755,1,10,09:00,1,1,1,1.0,4.0,77251,RN104,M,"48,6452900","2,5484100",77,2019,110.0,1.0,1.0,2.0,2259111,1.0,1,4,1,1.0,,0.0,0,1984.0,C01,138Â 208Â 810,1.0,4.0,-1.0,1724407,1.0,17,,0.0,2.0,1.0,A01,138Â 208Â 811,1.0
1010224,201900051755,1,10,09:00,1,1,1,1.0,4.0,77251,RN104,M,"48,6452900","2,5484100",77,2019,110.0,1.0,1.0,2.0,2259112,1.0,1,1,1,4.0,,0.0,0,1974.0,A01,138Â 208Â 811,1.0,4.0,-1.0,1724403,1.0,7,,0.0,2.0,4.0,B01,138Â 208Â 806,1.0
1010224,201900051755,1,10,09:00,1,1,1,1.0,4.0,77251,RN104,M,"48,6452900","2,5484100",77,2019,110.0,1.0,1.0,2.0,2259112,1.0,1,1,1,4.0,,0.0,0,1974.0,A01,138Â 208Â 811,1.0,4.0,-1.0,1724404,1.0,7,,0.0,2.0,4.0,D01,138Â 208Â 808,1.0
1010224,201900051755,1,10,09:00,1,1,1,1.0,4.0,77251,RN104,M,"48,6452900","2,5484100",77,2019,110.0,1.0,1.0,2.0,2259112,1.0,1,1,1,4.0,,0.0,0,1974.0,A01,138Â 208Â 811,1.0,4.0,-1.0,1724405,1.0,15,,0.0,2.0,4.0,E01,138Â 208Â 809,1.0
1010224,201900051755,1,10,09:00,1,1,1,1.0,4.0,77251,RN104,M,"48,6452900","2,5484100",77,2019,110.0,1.0,1.0,2.0,2259112,1.0,1,1,1,4.0,,0.0,0,1974.0,A01,138Â 208Â 811,1.0,4.0,-1.0,1724406,1.0,7,,0.0,2.0,4.0,C01,138Â 208Â 810,1.0
1010224,201900051755,1,10,09:00,1,1,1,1.0,4.0,77251,RN104,M,"48,6452900","2,5484100",77,2019,110.0,1.0,1.0,2.0,2259112,1.0,1,1,1,4.0,,0.0,0,1974.0,A01,138Â 208Â 811,1.0,4.0,-1.0,1724407,1.0,17,,0.0,2.0,1.0,A01,138Â 208Â 811,1.0
1010225,201900051756,10,27,17:00,1,2,3,8.0,7.0,77350,MAURICE CHEVALIER (AVENUE),M,"48,7656900","2,6817900",77,2019,50.0,1.0,2.0,4.0,2259113,1.0,1,4,1,5.0,,-1.0,0,2003.0,A01,138Â 208Â 804,2.0,6.0,-1.0,1724408,3.0,32,,0.0,0.0,8.0,A01,138Â 208Â 804,1.0
1010226,201900051757,1,9,09:05,1,1,1,1.0,2.0,77337,A4,M,"48,8300500","2,6158400",77,2019,110.0,1.0,1.0,1.0,2259114,1.0,1,1,1,2.0,,0.0,0,1996.0,A01,138Â 208Â 802,1.0,0.0,-1.0,1724409,2.0,7,,0.0,2.0,8.0,A01,138Â 208Â 802,1.0
1010226,201900051757,1,9,09:05,1,1,1,1.0,2.0,77337,A4,M,"48,8300500","2,6158400",77,2019,110.0,1.0,1.0,1.0,2259114,1.0,1,1,1,2.0,,0.0,0,1996.0,A01,138Â 208Â 802,1.0,0.0,-1.0,1724410,2.0,33,,0.0,2.0,7.0,B01,138Â 208Â 803,1.0
1010226,201900051757,1,9,09:05,1,1,1,1.0,2.0,77337,A4,M,"48,8300500","2,6158400",77,2019,110.0,1.0,1.0,1.0,2259115,1.0,1,4,1,1.0,,0.0,0,1997.0,B01,138Â 208Â 803,2.0,6.0,-1.0,1724409,2.0,7,,0.0,2.0,8.0,A01,138Â 208Â 802,1.0
1010226,201900051757,1,9,09:05,1,1,1,1.0,2.0,77337,A4,M,"48,8300500","2,6158400",77,2019,110.0,1.0,1.0,1.0,2259115,1.0,1,4,1,1.0,,0.0,0,1997.0,B01,138Â 208Â 803,2.0,6.0,-1.0,1724410,2.0,33,,0.0,2.0,7.0,B01,138Â 208Â 803,1.0
1010227,201900051758,1,8,12:10,1,1,1,1.0,2.0,77237,A4,M,"48,8293800","2,7406800",77,2019,130.0,1.0,1.0,1.0,2259116,1.0,1,4,1,5.0,,0.0,0,1968.0,A01,138Â 208Â 799,1.0,4.0,-1.0,1724411,2.0,7,,0.0,2.0,2.0,A01,138Â 208Â 799,1.0
1010227,201900051758,1,8,12:10,1,1,1,1.0,2.0,77237,A4,M,"48,8293800","2,7406800",77,2019,130.0,1.0,1.0,1.0,2259116,1.0,1,4,1,5.0,,0.0,0,1968.0,A01,138Â 208Â 799,1.0,4.0,-1.0,1724412,2.0,7,,0.0,2.0,4.0,B01,138Â 208Â 800,1.0
1010227,201900051758,1,8,12:10,1,1,1,1.0,2.0,77237,A4,M,"48,8293800","2,7406800",77,2019,130.0,1.0,1.0,1.0,2259117,1.0,1,1,2,5.0,,0.0,0,1989.0,B01,138Â 208Â 800,1.0,4.0,-1.0,1724411,2.0,7,,0.0,2.0,2.0,A01,138Â 208Â 799,1.0
1010227,201900051758,1,8,12:10,1,1,1,1.0,2.0,77237,A4,M,"48,8293800","2,7406800",77,2019,130.0,1.0,1.0,1.0,2259117,1.0,1,1,2,5.0,,0.0,0,1989.0,B01,138Â 208Â 800,1.0,4.0,-1.0,1724412,2.0,7,,0.0,2.0,4.0,B01,138Â 208Â 800,1.0
1010228,201900051759,10,27,13:40,1,2,2,1.0,3.0,71153,EPINAC (ROUTE D'),M,"46,8230100","4,4548900",71,2019,50.0,1.0,1.0,3.0,2259118,2.0,2,4,1,9.0,,0.0,0,1986.0,B01,138Â 208Â 796,1.0,0.0,-1.0,1724413,2.0,7,,0.0,2.0,7.0,B01,138Â 208Â 796,1.0
1010228,201900051759,10,27,13:40,1,2,2,1.0,3.0,71153,EPINAC (ROUTE D'),M,"46,8230100","4,4548900",71,2019,50.0,1.0,1.0,3.0,2259118,2.0,2,4,1,9.0,,0.0,0,1986.0,B01,138Â 208Â 796,1.0,0.0,-1.0,1724414,1.0,7,,0.0,2.0,1.0,A01,138Â 208Â 797,1.0
1010228,201900051759,10,27,13:40,1,2,2,1.0,3.0,71153,EPINAC (ROUTE D'),M,"46,8230100","4,4548900",71,2019,50.0,1.0,1.0,3.0,2259119,1.0,1,1,2,5.0,,0.0,0,1969.0,B01,138Â 208Â 796,1.0,0.0,-1.0,1724413,2.0,7,,0.0,2.0,7.0,B01,138Â 208Â 796,1.0
1010228,201900051759,10,27,13:40,1,2,2,1.0,3.0,71153,EPINAC (ROUTE D'),M,"46,8230100","4,4548900",71,2019,50.0,1.0,1.0,3.0,2259119,1.0,1,1,2,5.0,,0.0,0,1969.0,B01,138Â 208Â 796,1.0,0.0,-1.0,1724414,1.0,7,,0.0,2.0,1.0,A01,138Â 208Â 797,1.0
1010228,201900051759,10,27,13:40,1,2,2,1.0,3.0,71153,EPINAC (ROUTE D'),M,"46,8230100","4,4548900",71,2019,50.0,1.0,1.0,3.0,2259120,1.0,1,1,1,3.0,,0.0,0,1926.0,A01,138Â 208Â 797,1.0,0.0,-1.0,1724413,2.0,7,,0.0,2.0,7.0,B01,138Â 208Â 796,1.0
1010228,201900051759,10,27,13:40,1,2,2,1.0,3.0,71153,EPINAC (ROUTE D'),M,"46,8230100","4,4548900",71,2019,50.0,1.0,1.0,3.0,2259120,1.0,1,1,1,3.0,,0.0,0,1926.0,A01,138Â 208Â 797,1.0,0.0,-1.0,1724414,1.0,7,,0.0,2.0,1.0,A01,138Â 208Â 797,1.0
1010228,201900051759,10,27,13:40,1,2,2,1.0,3.0,71153,EPINAC (ROUTE D'),M,"46,8230100","4,4548900",71,2019,50.0,1.0,1.0,3.0,2259121,2.0,2,1,2,3.0,,0.0,0,1933.0,A01,138Â 208Â 797,1.0,0.0,-1.0,1724413,2.0,7,,0.0,2.0,7.0,B01,138Â 208Â 796,1.0
1010228,201900051759,10,27,13:40,1,2,2,1.0,3.0,71153,EPINAC (ROUTE D'),M,"46,8230100","4,4548900",71,2019,50.0,1.0,1.0,3.0,2259121,2.0,2,1,2,3.0,,0.0,0,1933.0,A01,138Â 208Â 797,1.0,0.0,-1.0,1724414,1.0,7,,0.0,2.0,1.0,A01,138Â 208Â 797,1.0
1010229,201900051760,1,4,21:15,3,1,1,1.0,6.0,91021,RN 20,M,"48,5954400","2,2434200",91,2019,90.0,1.0,1.0,2.0,2259122,2.0,2,4,2,5.0,,-1.0,0,1995.0,A01,138Â 208Â 795,1.0,0.0,-1.0,1724415,1.0,7,,3.0,0.0,9.0,A01,138Â 208Â 795,1.0
1010229,201900051760,1,4,21:15,3,1,1,1.0,6.0,91021,RN 20,M,"48,5954400","2,2434200",91,2019,90.0,1.0,1.0,2.0,2259123,1.0,1,4,2,5.0,,-1.0,0,1996.0,A01,138Â 208Â 795,1.0,8.0,-1.0,1724415,1.0,7,,3.0,0.0,9.0,A01,138Â 208Â 795,1.0
1010230,201900051761,1,4,14:25,1,2,1,1.0,6.0,91339,RN 20,M,"48,5867200","2,2348800",91,2019,70.0,1.0,1.0,2.0,2259124,1.0,1,4,1,0.0,,0.0,0,1970.0,A01,138Â 208Â 793,1.0,8.0,-1.0,1724416,1.0,7,,12.0,0.0,1.0,A01,138Â 208Â 793,1.0
1010231,201900051762,10,26,17:45,1,2,2,1.0,1.0,69282,PLANTEES (DES)                      (AV),M,"45,7610800","5,0087500",69,2019,50.0,1.0,1.0,7.0,2259125,2.0,2,4,2,5.0,,-1.0, -1,2006.0,B01,138Â 208Â 792,1.0,0.0,-1.0,1724417,1.0,7,,0.0,2.0,1.0,B01,138Â 208Â 792,1.0
1010231,201900051762,10,26,17:45,1,2,2,1.0,1.0,69282,PLANTEES (DES)                      (AV),M,"45,7610800","5,0087500",69,2019,50.0,1.0,1.0,7.0,2259125,2.0,2,4,2,5.0,,-1.0, -1,2006.0,B01,138Â 208Â 792,1.0,0.0,-1.0,1724418,2.0,7,,0.0,2.0,1.0,A01,138Â 208Â 794,1.0
1010231,201900051762,10,26,17:45,1,2,2,1.0,1.0,69282,PLANTEES (DES)                      (AV),M,"45,7610800","5,0087500",69,2019,50.0,1.0,1.0,7.0,2259126,1.0,1,1,1,5.0,,-1.0, -1,1973.0,B01,138Â 208Â 792,1.0,0.0,-1.0,1724417,1.0,7,,0.0,2.0,1.0,B01,138Â 208Â 792,1.0
1010231,201900051762,10,26,17:45,1,2,2,1.0,1.0,69282,PLANTEES (DES)                      (AV),M,"45,7610800","5,0087500",69,2019,50.0,1.0,1.0,7.0,2259126,1.0,1,1,1,5.0,,-1.0, -1,1973.0,B01,138Â 208Â 792,1.0,0.0,-1.0,1724418,2.0,7,,0.0,2.0,1.0,A01,138Â 208Â 794,1.0
1010231,201900051762,10,26,17:45,1,2,2,1.0,1.0,69282,PLANTEES (DES)                      (AV),M,"45,7610800","5,0087500",69,2019,50.0,1.0,1.0,7.0,2259127,1.0,1,1,1,5.0,,-1.0, -1,1994.0,A01,138Â 208Â 794,1.0,0.0,-1.0,1724417,1.0,7,,0.0,2.0,1.0,B01,138Â 208Â 792,1.0
1010231,201900051762,10,26,17:45,1,2,2,1.0,1.0,69282,PLANTEES (DES)                      (AV),M,"45,7610800","5,0087500",69,2019,50.0,1.0,1.0,7.0,2259127,1.0,1,1,1,5.0,,-1.0, -1,1994.0,A01,138Â 208Â 794,1.0,0.0,-1.0,1724418,2.0,7,,0.0,2.0,1.0,A01,138Â 208Â 794,1.0
1010232,201900051763,1,5,13:15,1,1,1,1.0,7.0,71306,RN 70 (ROUTE EXPRESS),M,"46,6899717","4,3801247",71,2019,110.0,1.0,1.0,2.0,2259128,1.0,1,4,1,5.0,,0.0,0,1975.0,A01,138Â 208Â 791,1.0,0.0,-1.0,1724419,1.0,7,,13.0,0.0,7.0,A01,138Â 208Â 791,1.0
1010233,201900051764,1,7,10:40,1,2,1,1.0,6.0,97611,kaweni-Centrale EDM (rue de la ),M," -12,7613664","45,2262920",976,2019,50.0,1.0,1.0,2.0,2259129,10.0,3,4,1,9.0,,2.0,5,2016.0,A01,138Â 208Â 789,8.0,0.0,-1.0,1724420,1.0,7,,0.0,2.0,2.0,A01,138Â 208Â 789,1.0
1010233,201900051764,1,7,10:40,1,2,1,1.0,6.0,97611,kaweni-Centrale EDM (rue de la ),M," -12,7613664","45,2262920",976,2019,50.0,1.0,1.0,2.0,2259130,1.0,1,1,1,9.0,,-1.0,0,1989.0,A01,138Â 208Â 789,1.0,8.0,-1.0,1724420,1.0,7,,0.0,2.0,2.0,A01,138Â 208Â 789,1.0
1010234,201900051765,10,27,02:45,5,1,1,1.0,1.0,64348,EUROPE DE L',M,"43,3395157"," -0,3853430",64,2019,70.0,1.0,1.0,3.0,2259131,1.0,1,1,1,0.0,,0.0,0,1993.0,A01,138Â 208Â 788,8.0,0.0,-1.0,1724421,1.0,7,,0.0,2.0,1.0,A01,138Â 208Â 788,1.0
1010234,201900051765,10,27,02:45,5,1,1,1.0,1.0,64348,EUROPE DE L',M,"43,3395157"," -0,3853430",64,2019,70.0,1.0,1.0,3.0,2259131,1.0,1,1,1,0.0,,0.0,0,1993.0,A01,138Â 208Â 788,8.0,0.0,-1.0,1724422,2.0,7,,0.0,2.0,1.0,B01,138Â 208Â 790,1.0
1010234,201900051765,10,27,02:45,5,1,1,1.0,1.0,64348,EUROPE DE L',M,"43,3395157"," -0,3853430",64,2019,70.0,1.0,1.0,3.0,2259132,5.0,2,4,2,5.0,,0.0,0,2001.0,B01,138Â 208Â 790,1.0,0.0,-1.0,1724421,1.0,7,,0.0,2.0,1.0,A01,138Â 208Â 788,1.0
1010234,201900051765,10,27,02:45,5,1,1,1.0,1.0,64348,EUROPE DE L',M,"43,3395157"," -0,3853430",64,2019,70.0,1.0,1.0,3.0,2259132,5.0,2,4,2,5.0,,0.0,0,2001.0,B01,138Â 208Â 790,1.0,0.0,-1.0,1724422,2.0,7,,0.0,2.0,1.0,B01,138Â 208Â 790,1.0
1010234,201900051765,10,27,02:45,5,1,1,1.0,1.0,64348,EUROPE DE L',M,"43,3395157"," -0,3853430",64,2019,70.0,1.0,1.0,3.0,2259133,4.0,2,4,1,5.0,,0.0,0,2001.0,B01,138Â 208Â 790,1.0,0.0,-1.0,1724421,1.0,7,,0.0,2.0,1.0,A01,138Â 208Â 788,1.0
1010234,201900051765,10,27,02:45,5,1,1,1.0,1.0,64348,EUROPE DE L',M,"43,3395157"," -0,3853430",64,2019,70.0,1.0,1.0,3.0,2259133,4.0,2,4,1,5.0,,0.0,0,2001.0,B01,138Â 208Â 790,1.0,0.0,-1.0,1724422,2.0,7,,0.0,2.0,1.0,B01,138Â 208Â 790,1.0
1010234,201900051765,10,27,02:45,5,1,1,1.0,1.0,64348,EUROPE DE L',M,"43,3395157"," -0,3853430",64,2019,70.0,1.0,1.0,3.0,2259134,3.0,2,4,1,0.0,,0.0,0,2001.0,B01,138Â 208Â 790,1.0,0.0,-1.0,1724421,1.0,7,,0.0,2.0,1.0,A01,138Â 208Â 788,1.0
1010234,201900051765,10,27,02:45,5,1,1,1.0,1.0,64348,EUROPE DE L',M,"43,3395157"," -0,3853430",64,2019,70.0,1.0,1.0,3.0,2259134,3.0,2,4,1,0.0,,0.0,0,2001.0,B01,138Â 208Â 790,1.0,0.0,-1.0,1724422,2.0,7,,0.0,2.0,1.0,B01,138Â 208Â 790,1.0
1010234,201900051765,10,27,02:45,5,1,1,1.0,1.0,64348,EUROPE DE L',M,"43,3395157"," -0,3853430",64,2019,70.0,1.0,1.0,3.0,2259135,2.0,2,1,1,5.0,,0.0,0,2001.0,B01,138Â 208Â 790,1.0,0.0,-1.0,1724421,1.0,7,,0.0,2.0,1.0,A01,138Â 208Â 788,1.0
1010234,201900051765,10,27,02:45,5,1,1,1.0,1.0,64348,EUROPE DE L',M,"43,3395157"," -0,3853430",64,2019,70.0,1.0,1.0,3.0,2259135,2.0,2,1,1,5.0,,0.0,0,2001.0,B01,138Â 208Â 790,1.0,0.0,-1.0,1724422,2.0,7,,0.0,2.0,1.0,B01,138Â 208Â 790,1.0
1010234,201900051765,10,27,02:45,5,1,1,1.0,1.0,64348,EUROPE DE L',M,"43,3395157"," -0,3853430",64,2019,70.0,1.0,1.0,3.0,2259136,1.0,1,1,1,5.0,,0.0,0,2001.0,B01,138Â 208Â 790,1.0,0.0,-1.0,1724421,1.0,7,,0.0,2.0,1.0,A01,138Â 208Â 788,1.0
1010234,201900051765,10,27,02:45,5,1,1,1.0,1.0,64348,EUROPE DE L',M,"43,3395157"," -0,3853430",64,2019,70.0,1.0,1.0,3.0,2259136,1.0,1,1,1,5.0,,0.0,0,2001.0,B01,138Â 208Â 790,1.0,0.0,-1.0,1724422,2.0,7,,0.0,2.0,1.0,B01,138Â 208Â 790,1.0