Unnamed: 0_x,num_acc,mois,jour,hrmn,lum,agg,int,atm,col,com,adr,gps,lat,long,dep,annee,vma,situ,surf,catr,Unnamed: 0_y,place,catu,grav,sexe,trajet,secu,locp,actp,an_nais,num_veh_x,id_vehicule_x,secu1,secu2,secu3,Unnamed: 0,senc,catv,occutc,obs,obsm,choc,num_veh_y,id_vehicule_y,motor
1010235,201900051766,1,6,18:35,1,2,1,1.0,7.0,97411,Avenue Stanislas Gimart,M," -20,8952400","55,4744300",974,2019,50.0,2.0,1.0,4.0,2259137,1.0,1,4,1,0.0,,0.0,0,1996.0,A01,138Â 208Â 787,2.0,0.0,-1.0,1724423,3.0,32,,0.0,2.0,1.0,A01,138Â 208Â 787,1.0
1010236,201900051767,10,27,15:10,1,2,1,1.0,1.0,62737,RACINE (RUE),M,"50,4395800","2,6721700",62,2019,50.0,1.0,1.0,9.0,2259138,9.0,2,1,1,5.0,,0.0,0,2009.0,A01,138Â 208Â 785,1.0,0.0,-1.0,1724424,1.0,7,,0.0,2.0,1.0,A01,138Â 208Â 785,0.0
1010236,201900051767,10,27,15:10,1,2,1,1.0,1.0,62737,RACINE (RUE),M,"50,4395800","2,6721700",62,2019,50.0,1.0,1.0,9.0,2259138,9.0,2,1,1,5.0,,0.0,0,2009.0,A01,138Â 208Â 785,1.0,0.0,-1.0,1724425,2.0,7,,0.0,2.0,1.0,B01,138Â 208Â 786,0.0
1010236,201900051767,10,27,15:10,1,2,1,1.0,1.0,62737,RACINE (RUE),M,"50,4395800","2,6721700",62,2019,50.0,1.0,1.0,9.0,2259139,1.0,1,4,1,5.0,,-1.0, -1,1986.0,A01,138Â 208Â 785,1.0,0.0,-1.0,1724424,1.0,7,,0.0,2.0,1.0,A01,138Â 208Â 785,0.0
1010236,201900051767,10,27,15:10,1,2,1,1.0,1.0,62737,RACINE (RUE),M,"50,4395800","2,6721700",62,2019,50.0,1.0,1.0,9.0,2259139,1.0,1,4,1,5.0,,-1.0, -1,1986.0,A01,138Â 208Â 785,1.0,0.0,-1.0,1724425,2.0,7,,0.0,2.0,1.0,B01,138Â 208Â 786,0.0
1010236,201900051767,10,27,15:10,1,2,1,1.0,1.0,62737,RACINE (RUE),M,"50,4395800","2,6721700",62,2019,50.0,1.0,1.0,9.0,2259140,5.0,2,1,2,5.0,,0.0,0,2010.0,A01,138Â 208Â 785,1.0,4.0,-1.0,1724424,1.0,7,,0.0,2.0,1.0,A01,138Â 208Â 785,0.0
1010236,201900051767,10,27,15:10,1,2,1,1.0,1.0,62737,RACINE (RUE),M,"50,4395800","2,6721700",62,2019,50.0,1.0,1.0,9.0,2259140,5.0,2,1,2,5.0,,0.0,0,2010.0,A01,138Â 208Â 785,1.0,4.0,-1.0,1724425,2.0,7,,0.0,2.0,1.0,B01,138Â 208Â 786,0.0
1010236,201900051767,10,27,15:10,1,2,1,1.0,1.0,62737,RACINE (RUE),M,"50,4395800","2,6721700",62,2019,50.0,1.0,1.0,9.0,2259141,2.0,2,4,2,5.0,,-1.0, -1,1985.0,A01,138Â 208Â 785,1.0,0.0,-1.0,1724424,1.0,7,,0.0,2.0,1.0,A01,138Â 208Â 785,0.0
1010236,201900051767,10,27,15:10,1,2,1,1.0,1.0,62737,RACINE (RUE),M,"50,4395800","2,6721700",62,2019,50.0,1.0,1.0,9.0,2259141,2.0,2,4,2,5.0,,-1.0, -1,1985.0,A01,138Â 208Â 785,1.0,0.0,-1.0,1724425,2.0,7,,0.0,2.0,1.0,B01,138Â 208Â 786,0.0
1010236,201900051767,10,27,15:10,1,2,1,1.0,1.0,62737,RACINE (RUE),M,"50,4395800","2,6721700",62,2019,50.0,1.0,1.0,9.0,2259142,4.0,2,1,2,5.0,,0.0,0,2018.0,A01,138Â 208Â 785,1.0,0.0,-1.0,1724424,1.0,7,,0.0,2.0,1.0,A01,138Â 208Â 785,0.0
1010236,201900051767,10,27,15:10,1,2,1,1.0,1.0,62737,RACINE (RUE),M,"50,4395800","2,6721700",62,2019,50.0,1.0,1.0,9.0,2259142,4.0,2,1,2,5.0,,0.0,0,2018.0,A01,138Â 208Â 785,1.0,0.0,-1.0,1724425,2.0,7,,0.0,2.0,1.0,B01,138Â 208Â 786,0.0
1010236,201900051767,10,27,15:10,1,2,1,1.0,1.0,62737,RACINE (RUE),M,"50,4395800","2,6721700",62,2019,50.0,1.0,1.0,9.0,2259143,9.0,2,1,2,4.0,,-1.0, -1,2014.0,A01,138Â 208Â 785,1.0,0.0,-1.0,1724424,1.0,7,,0.0,2.0,1.0,A01,138Â 208Â 785,0.0
1010236,201900051767,10,27,15:10,1,2,1,1.0,1.0,62737,RACINE (RUE),M,"50,4395800","2,6721700",62,2019,50.0,1.0,1.0,9.0,2259143,9.0,2,1,2,4.0,,-1.0, -1,2014.0,A01,138Â 208Â 785,1.0,0.0,-1.0,1724425,2.0,7,,0.0,2.0,1.0,B01,138Â 208Â 786,0.0
1010236,201900051767,10,27,15:10,1,2,1,1.0,1.0,62737,RACINE (RUE),M,"50,4395800","2,6721700",62,2019,50.0,1.0,1.0,9.0,2259144,3.0,2,1,1,5.0,,0.0,0,2013.0,B01,138Â 208Â 786,1.0,0.0,-1.0,1724424,1.0,7,,0.0,2.0,1.0,A01,138Â 208Â 785,0.0
1010236,201900051767,10,27,15:10,1,2,1,1.0,1.0,62737,RACINE (RUE),M,"50,4395800","2,6721700",62,2019,50.0,1.0,1.0,9.0,2259144,3.0,2,1,1,5.0,,0.0,0,2013.0,B01,138Â 208Â 786,1.0,0.0,-1.0,1724425,2.0,7,,0.0,2.0,1.0,B01,138Â 208Â 786,0.0
1010236,201900051767,10,27,15:10,1,2,1,1.0,1.0,62737,RACINE (RUE),M,"50,4395800","2,6721700",62,2019,50.0,1.0,1.0,9.0,2259145,1.0,1,4,1,5.0,,0.0,0,1979.0,B01,138Â 208Â 786,1.0,0.0,-1.0,1724424,1.0,7,,0.0,2.0,1.0,A01,138Â 208Â 785,0.0
1010236,201900051767,10,27,15:10,1,2,1,1.0,1.0,62737,RACINE (RUE),M,"50,4395800","2,6721700",62,2019,50.0,1.0,1.0,9.0,2259145,1.0,1,4,1,5.0,,0.0,0,1979.0,B01,138Â 208Â 786,1.0,0.0,-1.0,1724425,2.0,7,,0.0,2.0,1.0,B01,138Â 208Â 786,0.0
1010237,201900051768,1,7,17:45,1,1,6,8.0,6.0,97409,Avenue de Tamatave,M," -20,9305000","55,3078900",974,2019,110.0,1.0,2.0,2.0,2259146,1.0,1,3,1,0.0,,0.0,0,1996.0,A01,138Â 208Â 784,1.0,0.0,-1.0,1724426,1.0,7,,6.0,0.0,2.0,A01,138Â 208Â 784,1.0
1010238,201900051769,1,7,16:00,1,1,1,1.0,2.0,97302,ROUTE NATIONALE 1,M,"4,9134811"," -52,3286963",973,2019,80.0,1.0,1.0,2.0,2259147,1.0,1,1,2,3.0,,-1.0,0,1996.0,A01,138Â 208Â 779,1.0,8.0,-1.0,1724427,1.0,7,,0.0,2.0,5.0,A01,138Â 208Â 779,1.0
1010238,201900051769,1,7,16:00,1,1,1,1.0,2.0,97302,ROUTE NATIONALE 1,M,"4,9134811"," -52,3286963",973,2019,80.0,1.0,1.0,2.0,2259147,1.0,1,1,2,3.0,,-1.0,0,1996.0,A01,138Â 208Â 779,1.0,8.0,-1.0,1724428,1.0,2,,0.0,2.0,8.0,B01,138Â 208Â 781,1.0
1010238,201900051769,1,7,16:00,1,1,1,1.0,2.0,97302,ROUTE NATIONALE 1,M,"4,9134811"," -52,3286963",973,2019,80.0,1.0,1.0,2.0,2259148,2.0,2,4,2,2.0,,-1.0,0,2001.0,B01,138Â 208Â 781,2.0,8.0,-1.0,1724427,1.0,7,,0.0,2.0,5.0,A01,138Â 208Â 779,1.0
1010238,201900051769,1,7,16:00,1,1,1,1.0,2.0,97302,ROUTE NATIONALE 1,M,"4,9134811"," -52,3286963",973,2019,80.0,1.0,1.0,2.0,2259148,2.0,2,4,2,2.0,,-1.0,0,2001.0,B01,138Â 208Â 781,2.0,8.0,-1.0,1724428,1.0,2,,0.0,2.0,8.0,B01,138Â 208Â 781,1.0
1010238,201900051769,1,7,16:00,1,1,1,1.0,2.0,97302,ROUTE NATIONALE 1,M,"4,9134811"," -52,3286963",973,2019,80.0,1.0,1.0,2.0,2259149,1.0,1,4,1,3.0,,-1.0,0,1987.0,B01,138Â 208Â 781,2.0,8.0,-1.0,1724427,1.0,7,,0.0,2.0,5.0,A01,138Â 208Â 779,1.0
1010238,201900051769,1,7,16:00,1,1,1,1.0,2.0,97302,ROUTE NATIONALE 1,M,"4,9134811"," -52,3286963",973,2019,80.0,1.0,1.0,2.0,2259149,1.0,1,4,1,3.0,,-1.0,0,1987.0,B01,138Â 208Â 781,2.0,8.0,-1.0,1724428,1.0,2,,0.0,2.0,8.0,B01,138Â 208Â 781,1.0
1010239,201900051770,1,7,06:40,5,2,2,2.0,3.0,69385,MENIVAL (DE)                        (AV),M,"45,7546500","4,7885100",69,2019,50.0,1.0,2.0,4.0,2259150,1.0,1,4,2,0.0,,-1.0,0,1988.0,B01,138Â 208Â 775,1.0,0.0,-1.0,1724429,1.0,7,,0.0,2.0,1.0,B01,138Â 208Â 775,1.0
1010239,201900051770,1,7,06:40,5,2,2,2.0,3.0,69385,MENIVAL (DE)                        (AV),M,"45,7546500","4,7885100",69,2019,50.0,1.0,2.0,4.0,2259150,1.0,1,4,2,0.0,,-1.0,0,1988.0,B01,138Â 208Â 775,1.0,0.0,-1.0,1724430,2.0,7,,0.0,2.0,2.0,A01,138Â 208Â 778,1.0
1010239,201900051770,1,7,06:40,5,2,2,2.0,3.0,69385,MENIVAL (DE)                        (AV),M,"45,7546500","4,7885100",69,2019,50.0,1.0,2.0,4.0,2259151,1.0,1,1,1,0.0,,-1.0,0,1965.0,A01,138Â 208Â 778,1.0,0.0,-1.0,1724429,1.0,7,,0.0,2.0,1.0,B01,138Â 208Â 775,1.0
1010239,201900051770,1,7,06:40,5,2,2,2.0,3.0,69385,MENIVAL (DE)                        (AV),M,"45,7546500","4,7885100",69,2019,50.0,1.0,2.0,4.0,2259151,1.0,1,1,1,0.0,,-1.0,0,1965.0,A01,138Â 208Â 778,1.0,0.0,-1.0,1724430,2.0,7,,0.0,2.0,2.0,A01,138Â 208Â 778,1.0
1010240,201900051771,10,27,11:05,1,2,1,1.0,2.0,54547,GEMBLOUX (RUE DE),M,"48,6616080","6,1783090",54,2019,30.0,1.0,1.0,4.0,2259152,1.0,1,1,1,0.0,,-1.0,0,1953.0,B01,138Â 208Â 776,1.0,0.0,-1.0,1724431,1.0,7,,0.0,2.0,4.0,B01,138Â 208Â 776,1.0
1010240,201900051771,10,27,11:05,1,2,1,1.0,2.0,54547,GEMBLOUX (RUE DE),M,"48,6616080","6,1783090",54,2019,30.0,1.0,1.0,4.0,2259152,1.0,1,1,1,0.0,,-1.0,0,1953.0,B01,138Â 208Â 776,1.0,0.0,-1.0,1724432,1.0,32,,0.0,2.0,1.0,A01,138Â 208Â 777,1.0
1010240,201900051771,10,27,11:05,1,2,1,1.0,2.0,54547,GEMBLOUX (RUE DE),M,"48,6616080","6,1783090",54,2019,30.0,1.0,1.0,4.0,2259153,1.0,1,4,1,0.0,,-1.0,0,1974.0,A01,138Â 208Â 777,2.0,0.0,-1.0,1724431,1.0,7,,0.0,2.0,4.0,B01,138Â 208Â 776,1.0
1010240,201900051771,10,27,11:05,1,2,1,1.0,2.0,54547,GEMBLOUX (RUE DE),M,"48,6616080","6,1783090",54,2019,30.0,1.0,1.0,4.0,2259153,1.0,1,4,1,0.0,,-1.0,0,1974.0,A01,138Â 208Â 777,2.0,0.0,-1.0,1724432,1.0,32,,0.0,2.0,1.0,A01,138Â 208Â 777,1.0
1010241,201900051772,1,7,15:00,1,2,9,2.0,2.0,95539,MARAINVAL  (ROUTE DE),M,"49,0061700","2,3582700",95,2019,50.0,1.0,2.0,4.0,2259154,1.0,1,4,1,0.0,,-1.0,0,1984.0,B01,138Â 208Â 773,1.0,0.0,-1.0,1724433,3.0,7,,0.0,2.0,0.0,B01,138Â 208Â 773,0.0
1010241,201900051772,1,7,15:00,1,2,9,2.0,2.0,95539,MARAINVAL  (ROUTE DE),M,"49,0061700","2,3582700",95,2019,50.0,1.0,2.0,4.0,2259154,1.0,1,4,1,0.0,,-1.0,0,1984.0,B01,138Â 208Â 773,1.0,0.0,-1.0,1724434,3.0,7,,0.0,2.0,5.0,A01,138Â 208Â 774,0.0
1010241,201900051772,1,7,15:00,1,2,9,2.0,2.0,95539,MARAINVAL  (ROUTE DE),M,"49,0061700","2,3582700",95,2019,50.0,1.0,2.0,4.0,2259155,1.0,1,1,1,4.0,,-1.0,0,1990.0,A01,138Â 208Â 774,5.0,-1.0,-1.0,1724433,3.0,7,,0.0,2.0,0.0,B01,138Â 208Â 773,0.0
1010241,201900051772,1,7,15:00,1,2,9,2.0,2.0,95539,MARAINVAL  (ROUTE DE),M,"49,0061700","2,3582700",95,2019,50.0,1.0,2.0,4.0,2259155,1.0,1,1,1,4.0,,-1.0,0,1990.0,A01,138Â 208Â 774,5.0,-1.0,-1.0,1724434,3.0,7,,0.0,2.0,5.0,A01,138Â 208Â 774,0.0
1010241,201900051772,1,7,15:00,1,2,9,2.0,2.0,95539,MARAINVAL  (ROUTE DE),M,"49,0061700","2,3582700",95,2019,50.0,1.0,2.0,4.0,2259156,2.0,2,1,1,0.0,,-1.0,0,1978.0,A01,138Â 208Â 774,1.0,0.0,-1.0,1724433,3.0,7,,0.0,2.0,0.0,B01,138Â 208Â 773,0.0
1010241,201900051772,1,7,15:00,1,2,9,2.0,2.0,95539,MARAINVAL  (ROUTE DE),M,"49,0061700","2,3582700",95,2019,50.0,1.0,2.0,4.0,2259156,2.0,2,1,1,0.0,,-1.0,0,1978.0,A01,138Â 208Â 774,1.0,0.0,-1.0,1724434,3.0,7,,0.0,2.0,5.0,A01,138Â 208Â 774,0.0
1010242,201900051773,1,6,22:20,5,2,1,1.0,7.0,91432,SAVIGNY (RUE DE),M,"48,6927100","2,3378000",91,2019,50.0,1.0,2.0,4.0,2259157,1.0,1,4,1,5.0,,0.0,0,1998.0,A01,138Â 208Â 771,1.0,5.0,-1.0,1724435,1.0,7,,12.0,0.0,1.0,A01,138Â 208Â 771,0.0
1010243,201900051774,1,7,09:35,5,1,1,2.0,6.0,91689,ARAGO (BOULEVARD),M,"48,7293000","2,3176500",91,2019,30.0,1.0,1.0,4.0,2259158,1.0,1,1,1,4.0,,0.0,0,1984.0,A01,138Â 208Â 770,8.0,0.0,-1.0,1724436,2.0,10,,0.0,1.0,4.0,A01,138Â 208Â 770,1.0
1010243,201900051774,1,7,09:35,5,1,1,2.0,6.0,91689,ARAGO (BOULEVARD),M,"48,7293000","2,3176500",91,2019,30.0,1.0,1.0,4.0,2259159,10.0,3,4,1,9.0,,1.0,9,1928.0,A01,138Â 208Â 770,8.0,0.0,-1.0,1724436,2.0,10,,0.0,1.0,4.0,A01,138Â 208Â 770,1.0
1010244,201900051775,1,7,17:30,5,1,1,2.0,4.0,91689,ARAGO (BOULEVARD),M,"48,7293000","2,3176500",91,2019,50.0,1.0,2.0,4.0,2259160,1.0,1,4,1,9.0,,0.0,0,1964.0,B01,138Â 208Â 767,1.0,0.0,-1.0,1724437,1.0,7,,1.0,0.0,0.0,B01,138Â 208Â 767,0.0
1010244,201900051775,1,7,17:30,5,1,1,2.0,4.0,91689,ARAGO (BOULEVARD),M,"48,7293000","2,3176500",91,2019,50.0,1.0,2.0,4.0,2259160,1.0,1,4,1,9.0,,0.0,0,1964.0,B01,138Â 208Â 767,1.0,0.0,-1.0,1724438,1.0,10,,0.0,2.0,1.0,C01,138Â 208Â 768,0.0
1010244,201900051775,1,7,17:30,5,1,1,2.0,4.0,91689,ARAGO (BOULEVARD),M,"48,7293000","2,3176500",91,2019,50.0,1.0,2.0,4.0,2259160,1.0,1,4,1,9.0,,0.0,0,1964.0,B01,138Â 208Â 767,1.0,0.0,-1.0,1724439,1.0,7,,0.0,2.0,4.0,A01,138Â 208Â 769,6.0
1010244,201900051775,1,7,17:30,5,1,1,2.0,4.0,91689,ARAGO (BOULEVARD),M,"48,7293000","2,3176500",91,2019,50.0,1.0,2.0,4.0,2259161,2.0,2,1,1,1.0,,0.0,0,1990.0,A01,138Â 208Â 769,1.0,0.0,-1.0,1724437,1.0,7,,1.0,0.0,0.0,B01,138Â 208Â 767,0.0
1010244,201900051775,1,7,17:30,5,1,1,2.0,4.0,91689,ARAGO (BOULEVARD),M,"48,7293000","2,3176500",91,2019,50.0,1.0,2.0,4.0,2259161,2.0,2,1,1,1.0,,0.0,0,1990.0,A01,138Â 208Â 769,1.0,0.0,-1.0,1724438,1.0,10,,0.0,2.0,1.0,C01,138Â 208Â 768,0.0
1010244,201900051775,1,7,17:30,5,1,1,2.0,4.0,91689,ARAGO (BOULEVARD),M,"48,7293000","2,3176500",91,2019,50.0,1.0,2.0,4.0,2259161,2.0,2,1,1,1.0,,0.0,0,1990.0,A01,138Â 208Â 769,1.0,0.0,-1.0,1724439,1.0,7,,0.0,2.0,4.0,A01,138Â 208Â 769,6.0
1010244,201900051775,1,7,17:30,5,1,1,2.0,4.0,91689,ARAGO (BOULEVARD),M,"48,7293000","2,3176500",91,2019,50.0,1.0,2.0,4.0,2259162,1.0,1,1,1,9.0,,0.0,0,1985.0,A01,138Â 208Â 769,1.0,0.0,-1.0,1724437,1.0,7,,1.0,0.0,0.0,B01,138Â 208Â 767,0.0
1010244,201900051775,1,7,17:30,5,1,1,2.0,4.0,91689,ARAGO (BOULEVARD),M,"48,7293000","2,3176500",91,2019,50.0,1.0,2.0,4.0,2259162,1.0,1,1,1,9.0,,0.0,0,1985.0,A01,138Â 208Â 769,1.0,0.0,-1.0,1724438,1.0,10,,0.0,2.0,1.0,C01,138Â 208Â 768,0.0
1010244,201900051775,1,7,17:30,5,1,1,2.0,4.0,91689,ARAGO (BOULEVARD),M,"48,7293000","2,3176500",91,2019,50.0,1.0,2.0,4.0,2259162,1.0,1,1,1,9.0,,0.0,0,1985.0,A01,138Â 208Â 769,1.0,0.0,-1.0,1724439,1.0,7,,0.0,2.0,4.0,A01,138Â 208Â 769,6.0
1010245,201900051776,1,7,17:35,5,2,1,2.0,6.0,91377,SCHUMAN (RUE ROBERT),M,"48,7294650","2,2579780",91,2019,50.0,1.0,2.0,4.0,2259163,10.0,3,4,2,9.0,,4.0,3,1995.0,A01,138Â 208Â 766,8.0,0.0,-1.0,1724440,3.0,7,,0.0,1.0,3.0,A01,138Â 208Â 766,1.0
1010245,201900051776,1,7,17:35,5,2,1,2.0,6.0,91377,SCHUMAN (RUE ROBERT),M,"48,7294650","2,2579780",91,2019,50.0,1.0,2.0,4.0,2259164,1.0,1,1,2,5.0,,0.0,0,1975.0,A01,138Â 208Â 766,1.0,8.0,-1.0,1724440,3.0,7,,0.0,1.0,3.0,A01,138Â 208Â 766,1.0
1010246,201900051777,1,5,15:25,1,2,1,1.0,7.0,91021,BRIAND ARISTIDE (RUE),M,"48,5869800","2,2448100",91,2019,50.0,1.0,1.0,4.0,2259165,1.0,1,1,2,5.0,,0.0,0,1980.0,A01,138Â 208Â 763,1.0,8.0,-1.0,1724441,3.0,7,,0.0,1.0,1.0,A01,138Â 208Â 763,1.0
1010246,201900051777,1,5,15:25,1,2,1,1.0,7.0,91021,BRIAND ARISTIDE (RUE),M,"48,5869800","2,2448100",91,2019,50.0,1.0,1.0,4.0,2259166,10.0,3,4,2,5.0,,2.0,3,1995.0,A01,138Â 208Â 763,8.0,0.0,-1.0,1724441,3.0,7,,0.0,1.0,1.0,A01,138Â 208Â 763,1.0
1010247,201900051778,1,6,13:00,1,2,2,1.0,3.0,80021,R COMMANDANT DEFONTAINE,M,"49,8966510","2,2886700",80,2019,50.0,1.0,1.0,4.0,2259167,1.0,1,4,1,0.0,,-1.0,0,1998.0,A01,138Â 208Â 758,2.0,0.0,-1.0,1724442,0.0,2,,0.0,2.0,0.0,A01,138Â 208Â 758,1.0
1010247,201900051778,1,6,13:00,1,2,2,1.0,3.0,80021,R COMMANDANT DEFONTAINE,M,"49,8966510","2,2886700",80,2019,50.0,1.0,1.0,4.0,2259167,1.0,1,4,1,0.0,,-1.0,0,1998.0,A01,138Â 208Â 758,2.0,0.0,-1.0,1724443,0.0,7,,0.0,2.0,2.0,B01,138Â 208Â 759,1.0
1010247,201900051778,1,6,13:00,1,2,2,1.0,3.0,80021,R COMMANDANT DEFONTAINE,M,"49,8966510","2,2886700",80,2019,50.0,1.0,1.0,4.0,2259168,1.0,1,1,1,0.0,,-1.0,0,1977.0,B01,138Â 208Â 759,1.0,0.0,-1.0,1724442,0.0,2,,0.0,2.0,0.0,A01,138Â 208Â 758,1.0
1010247,201900051778,1,6,13:00,1,2,2,1.0,3.0,80021,R COMMANDANT DEFONTAINE,M,"49,8966510","2,2886700",80,2019,50.0,1.0,1.0,4.0,2259168,1.0,1,1,1,0.0,,-1.0,0,1977.0,B01,138Â 208Â 759,1.0,0.0,-1.0,1724443,0.0,7,,0.0,2.0,2.0,B01,138Â 208Â 759,1.0
1010248,201900051779,1,4,18:24,5,2,1,1.0,3.0,80021,"124, R ALEXANDRE DUMAS",M,"49,8746000","2,2866700",80,2019,50.0,1.0,1.0,4.0,2259169,1.0,1,1,1,0.0,,-1.0,0,1951.0,A01,138Â 208Â 756,1.0,0.0,-1.0,1724444,0.0,7,,0.0,2.0,0.0,A01,138Â 208Â 756,1.0
1010248,201900051779,1,4,18:24,5,2,1,1.0,3.0,80021,"124, R ALEXANDRE DUMAS",M,"49,8746000","2,2866700",80,2019,50.0,1.0,1.0,4.0,2259169,1.0,1,1,1,0.0,,-1.0,0,1951.0,A01,138Â 208Â 756,1.0,0.0,-1.0,1724445,0.0,1,,0.0,2.0,0.0,B01,138Â 208Â 757,5.0
1010248,201900051779,1,4,18:24,5,2,1,1.0,3.0,80021,"124, R ALEXANDRE DUMAS",M,"49,8746000","2,2866700",80,2019,50.0,1.0,1.0,4.0,2259170,1.0,1,4,1,0.0,,-1.0,0,2000.0,B01,138Â 208Â 757,2.0,0.0,-1.0,1724444,0.0,7,,0.0,2.0,0.0,A01,138Â 208Â 756,1.0
1010248,201900051779,1,4,18:24,5,2,1,1.0,3.0,80021,"124, R ALEXANDRE DUMAS",M,"49,8746000","2,2866700",80,2019,50.0,1.0,1.0,4.0,2259170,1.0,1,4,1,0.0,,-1.0,0,2000.0,B01,138Â 208Â 757,2.0,0.0,-1.0,1724445,0.0,1,,0.0,2.0,0.0,B01,138Â 208Â 757,5.0
1010249,201900051780,1,6,16:25,1,2,1,1.0,7.0,77288,D415A - NOTRE DAME  (PONT),M,"48,5337500","2,6589200",77,2019,30.0,1.0,1.0,3.0,2259171,1.0,1,3,1,0.0,,0.0,0,1991.0,A01,138Â 208Â 755,2.0,6.0,-1.0,1724446,2.0,32,,12.0,0.0,0.0,A01,138Â 208Â 755,1.0
1010249,201900051780,1,6,16:25,1,2,1,1.0,7.0,77288,D415A - NOTRE DAME  (PONT),M,"48,5337500","2,6589200",77,2019,30.0,1.0,1.0,3.0,2259172,2.0,2,3,2,0.0,,0.0,0,1993.0,A01,138Â 208Â 755,2.0,6.0,-1.0,1724446,2.0,32,,12.0,0.0,0.0,A01,138Â 208Â 755,1.0
1010250,201900051781,1,6,02:45,5,2,2,1.0,3.0,76540,EUROPE. BOULEVARD DE L',M,"49,4272400","1,0836300",76,2019,50.0,1.0,1.0,4.0,2259173,1.0,1,1,1,4.0,,0.0,0,1975.0,B01,138Â 208Â 753,1.0,0.0,-1.0,1724447,0.0,37,1.0,0.0,2.0,7.0,B01,138Â 208Â 753,1.0
1010250,201900051781,1,6,02:45,5,2,2,1.0,3.0,76540,EUROPE. BOULEVARD DE L',M,"49,4272400","1,0836300",76,2019,50.0,1.0,1.0,4.0,2259173,1.0,1,1,1,4.0,,0.0,0,1975.0,B01,138Â 208Â 753,1.0,0.0,-1.0,1724448,0.0,7,,0.0,2.0,1.0,A01,138Â 208Â 754,1.0
1010250,201900051781,1,6,02:45,5,2,2,1.0,3.0,76540,EUROPE. BOULEVARD DE L',M,"49,4272400","1,0836300",76,2019,50.0,1.0,1.0,4.0,2259174,1.0,1,4,1,5.0,,0.0,0,1997.0,A01,138Â 208Â 754,1.0,0.0,-1.0,1724447,0.0,37,1.0,0.0,2.0,7.0,B01,138Â 208Â 753,1.0
1010250,201900051781,1,6,02:45,5,2,2,1.0,3.0,76540,EUROPE. BOULEVARD DE L',M,"49,4272400","1,0836300",76,2019,50.0,1.0,1.0,4.0,2259174,1.0,1,4,1,5.0,,0.0,0,1997.0,A01,138Â 208Â 754,1.0,0.0,-1.0,1724448,0.0,7,,0.0,2.0,1.0,A01,138Â 208Â 754,1.0
1010251,201900051782,1,4,11:00,1,2,1,1.0,6.0,76351,THEOPHILE GAUTIER,M,"49,5169100","0,0935100",76,2019,50.0,1.0,1.0,4.0,2259175,10.0,3,3,2,0.0,,2.0,3,1944.0,A01,138Â 208Â 752,0.0,0.0,-1.0,1724449,0.0,7,,0.0,1.0,1.0,A01,138Â 208Â 752,1.0
1010251,201900051782,1,4,11:00,1,2,1,1.0,6.0,76351,THEOPHILE GAUTIER,M,"49,5169100","0,0935100",76,2019,50.0,1.0,1.0,4.0,2259176,1.0,1,1,1,0.0,,-1.0,0,1944.0,A01,138Â 208Â 752,1.0,0.0,-1.0,1724449,0.0,7,,0.0,1.0,1.0,A01,138Â 208Â 752,1.0
1010252,201900051783,1,5,09:30,1,2,3,4.0,2.0,67482,PRESIDENT POINCARE (BOULEVARD DU),M,"48,5898800","7,7425200",67,2019,50.0,1.0,2.0,4.0,2259177,1.0,1,1,1,0.0,,-1.0,0,1957.0,B01,138Â 208Â 744,1.0,8.0,-1.0,1724450,2.0,7,,0.0,2.0,2.0,B01,138Â 208Â 744,1.0
1010252,201900051783,1,5,09:30,1,2,3,4.0,2.0,67482,PRESIDENT POINCARE (BOULEVARD DU),M,"48,5898800","7,7425200",67,2019,50.0,1.0,2.0,4.0,2259177,1.0,1,1,1,0.0,,-1.0,0,1957.0,B01,138Â 208Â 744,1.0,8.0,-1.0,1724451,1.0,7,,0.0,2.0,3.0,A01,138Â 208Â 745,1.0
1010252,201900051783,1,5,09:30,1,2,3,4.0,2.0,67482,PRESIDENT POINCARE (BOULEVARD DU),M,"48,5898800","7,7425200",67,2019,50.0,1.0,2.0,4.0,2259178,2.0,2,4,2,0.0,,-1.0,0,1960.0,B01,138Â 208Â 744,1.0,8.0,-1.0,1724450,2.0,7,,0.0,2.0,2.0,B01,138Â 208Â 744,1.0
1010252,201900051783,1,5,09:30,1,2,3,4.0,2.0,67482,PRESIDENT POINCARE (BOULEVARD DU),M,"48,5898800","7,7425200",67,2019,50.0,1.0,2.0,4.0,2259178,2.0,2,4,2,0.0,,-1.0,0,1960.0,B01,138Â 208Â 744,1.0,8.0,-1.0,1724451,1.0,7,,0.0,2.0,3.0,A01,138Â 208Â 745,1.0
1010252,201900051783,1,5,09:30,1,2,3,4.0,2.0,67482,PRESIDENT POINCARE (BOULEVARD DU),M,"48,5898800","7,7425200",67,2019,50.0,1.0,2.0,4.0,2259179,1.0,1,1,1,9.0,,-1.0,0,1977.0,A01,138Â 208Â 745,1.0,8.0,-1.0,1724450,2.0,7,,0.0,2.0,2.0,B01,138Â 208Â 744,1.0
1010252,201900051783,1,5,09:30,1,2,3,4.0,2.0,67482,PRESIDENT POINCARE (BOULEVARD DU),M,"48,5898800","7,7425200",67,2019,50.0,1.0,2.0,4.0,2259179,1.0,1,1,1,9.0,,-1.0,0,1977.0,A01,138Â 208Â 745,1.0,8.0,-1.0,1724451,1.0,7,,0.0,2.0,3.0,A01,138Â 208Â 745,1.0