Unnamed: 0_x,num_acc,mois,jour,hrmn,lum,agg,int,atm,col,com,adr,gps,lat,long,dep,annee,vma,situ,surf,catr,Unnamed: 0_y,place,catu,grav,sexe,trajet,secu,locp,actp,an_nais,num_veh_x,id_vehicule_x,secu1,secu2,secu3,Unnamed: 0,senc,catv,occutc,obs,obsm,choc,num_veh_y,id_vehicule_y,motor
1010252,201900051783,1,5,09:30,1,2,3,4.0,2.0,67482,PRESIDENT POINCARE (BOULEVARD DU),M,"48,5898800","7,7425200",67,2019,50.0,1.0,2.0,4.0,2259180,2.0,2,4,2,0.0,,-1.0,0,2009.0,A01,138Â 208Â 745,3.0,8.0,-1.0,1724450,2.0,7,,0.0,2.0,2.0,B01,138Â 208Â 744,1.0
1010252,201900051783,1,5,09:30,1,2,3,4.0,2.0,67482,PRESIDENT POINCARE (BOULEVARD DU),M,"48,5898800","7,7425200",67,2019,50.0,1.0,2.0,4.0,2259180,2.0,2,4,2,0.0,,-1.0,0,2009.0,A01,138Â 208Â 745,3.0,8.0,-1.0,1724451,1.0,7,,0.0,2.0,3.0,A01,138Â 208Â 745,1.0
1010253,201900051784,1,6,03:40,5,2,1,1.0,6.0,64122,MARCEL DASSAULT (BD),M,"43,4515900"," -1,5560800",64,2019,50.0,1.0,1.0,3.0,2259181,2.0,2,1,1,5.0,,-1.0,0,1993.0,A01,138Â 208Â 743,8.0,0.0,-1.0,1724452,2.0,7,,8.0,0.0,1.0,A01,138Â 208Â 743,1.0
1010253,201900051784,1,6,03:40,5,2,1,1.0,6.0,64122,MARCEL DASSAULT (BD),M,"43,4515900"," -1,5560800",64,2019,50.0,1.0,1.0,3.0,2259182,1.0,1,1,1,5.0,,-1.0,0,1993.0,A01,138Â 208Â 743,1.0,8.0,-1.0,1724452,2.0,7,,8.0,0.0,1.0,A01,138Â 208Â 743,1.0
1010253,201900051784,1,6,03:40,5,2,1,1.0,6.0,64122,MARCEL DASSAULT (BD),M,"43,4515900"," -1,5560800",64,2019,50.0,1.0,1.0,3.0,2259183,4.0,2,1,1,5.0,,-1.0,0,1998.0,A01,138Â 208Â 743,1.0,8.0,-1.0,1724452,2.0,7,,8.0,0.0,1.0,A01,138Â 208Â 743,1.0
1010253,201900051784,1,6,03:40,5,2,1,1.0,6.0,64122,MARCEL DASSAULT (BD),M,"43,4515900"," -1,5560800",64,2019,50.0,1.0,1.0,3.0,2259184,2.0,2,4,2,5.0,,-1.0,0,2001.0,A01,138Â 208Â 743,1.0,8.0,-1.0,1724452,2.0,7,,8.0,0.0,1.0,A01,138Â 208Â 743,1.0
1010254,201900051785,1,4,16:40,1,2,1,1.0,6.0,64125,BURRUNTZ (RUE),M,"43,4364800"," -1,5651000",64,2019,50.0,1.0,1.0,4.0,2259185,1.0,1,4,1,5.0,,0.0,0,2003.0,A01,138Â 208Â 742,2.0,0.0,-1.0,1724453,1.0,1,,12.0,0.0,0.0,A01,138Â 208Â 742,5.0
1010255,201900051786,1,5,15:15,1,2,1,1.0,6.0,64102,LACHEPAILLET (RUE DES REMPARTS),M,"43,4902500"," -1,4790600",64,2019,30.0,1.0,1.0,4.0,2259186,10.0,3,4,2,5.0,,0.0,3,1984.0,A01,138Â 208Â 741,8.0,0.0,-1.0,1724454,1.0,7,,0.0,1.0,0.0,A01,138Â 208Â 741,1.0
1010255,201900051786,1,5,15:15,1,2,1,1.0,6.0,64102,LACHEPAILLET (RUE DES REMPARTS),M,"43,4902500"," -1,4790600",64,2019,30.0,1.0,1.0,4.0,2259187,1.0,1,1,1,4.0,,0.0,0,1961.0,A01,138Â 208Â 741,8.0,5.0,-1.0,1724454,1.0,7,,0.0,1.0,0.0,A01,138Â 208Â 741,1.0
1010256,201900051787,1,3,20:00,5,2,3,1.0,3.0,63113,COTE BLATIN (BD),M,"45,7718800","3,0938200",63,2019,50.0,1.0,1.0,4.0,2259188,1.0,1,1,1,0.0,,0.0,0,1997.0,A01,138Â 208Â 739,1.0,8.0,-1.0,1724455,2.0,7,,0.0,2.0,1.0,A01,138Â 208Â 739,1.0
1010256,201900051787,1,3,20:00,5,2,3,1.0,3.0,63113,COTE BLATIN (BD),M,"45,7718800","3,0938200",63,2019,50.0,1.0,1.0,4.0,2259188,1.0,1,1,1,0.0,,0.0,0,1997.0,A01,138Â 208Â 739,1.0,8.0,-1.0,1724456,2.0,2,,0.0,2.0,7.0,B01,138Â 208Â 740,1.0
1010256,201900051787,1,3,20:00,5,2,3,1.0,3.0,63113,COTE BLATIN (BD),M,"45,7718800","3,0938200",63,2019,50.0,1.0,1.0,4.0,2259189,1.0,1,3,1,0.0,,0.0,0,1992.0,B01,138Â 208Â 740,2.0,8.0,-1.0,1724455,2.0,7,,0.0,2.0,1.0,A01,138Â 208Â 739,1.0
1010256,201900051787,1,3,20:00,5,2,3,1.0,3.0,63113,COTE BLATIN (BD),M,"45,7718800","3,0938200",63,2019,50.0,1.0,1.0,4.0,2259189,1.0,1,3,1,0.0,,0.0,0,1992.0,B01,138Â 208Â 740,2.0,8.0,-1.0,1724456,2.0,2,,0.0,2.0,7.0,B01,138Â 208Â 740,1.0
1010257,201900051788,1,7,17:40,2,2,1,1.0,6.0,59350,COURBET GUSTAVE  RUE,M,"50,6086400","3,0400800",59,2019,50.0,1.0,1.0,7.0,2259190,10.0,3,4,2,0.0,,3.0,3,2002.0,A01,138Â 208Â 738,8.0,0.0,-1.0,1724457,3.0,7,,12.0,1.0,3.0,A01,138Â 208Â 738,1.0
1010257,201900051788,1,7,17:40,2,2,1,1.0,6.0,59350,COURBET GUSTAVE  RUE,M,"50,6086400","3,0400800",59,2019,50.0,1.0,1.0,7.0,2259191,1.0,1,1,2,0.0,,-1.0,0,1945.0,A01,138Â 208Â 738,1.0,0.0,-1.0,1724457,3.0,7,,12.0,1.0,3.0,A01,138Â 208Â 738,1.0
1010258,201900051789,1,4,17:10,1,2,1,1.0,6.0,56121,BLUM ( BD LEON ),M,"47,7483000"," -3,3743700",56,2019,50.0,1.0,1.0,4.0,2259192,1.0,1,1,2,5.0,,-1.0,0,1959.0,A01,138Â 208Â 737,1.0,8.0,-1.0,1724458,1.0,7,,0.0,1.0,2.0,A01,138Â 208Â 737,1.0
1010258,201900051789,1,4,17:10,1,2,1,1.0,6.0,56121,BLUM ( BD LEON ),M,"47,7483000"," -3,3743700",56,2019,50.0,1.0,1.0,4.0,2259193,2.0,2,1,2,5.0,,-1.0,0,1980.0,A01,138Â 208Â 737,1.0,8.0,-1.0,1724458,1.0,7,,0.0,1.0,2.0,A01,138Â 208Â 737,1.0
1010258,201900051789,1,4,17:10,1,2,1,1.0,6.0,56121,BLUM ( BD LEON ),M,"47,7483000"," -3,3743700",56,2019,50.0,1.0,1.0,4.0,2259194,10.0,3,4,2,5.0,,3.0,0,1936.0,A01,138Â 208Â 737,8.0,0.0,-1.0,1724458,1.0,7,,0.0,1.0,2.0,A01,138Â 208Â 737,1.0
1010259,201900051790,1,4,14:00,1,2,2,1.0,3.0,56121,SCHUMAN (RUE  ROBERT ),M,"47,7655000"," -3,3891100",56,2019,50.0,1.0,1.0,4.0,2259195,1.0,1,1,1,0.0,,-1.0,0,1981.0,A01,138Â 208Â 735,1.0,8.0,-1.0,1724459,1.0,7,,0.0,2.0,1.0,A01,138Â 208Â 735,1.0
1010259,201900051790,1,4,14:00,1,2,2,1.0,3.0,56121,SCHUMAN (RUE  ROBERT ),M,"47,7655000"," -3,3891100",56,2019,50.0,1.0,1.0,4.0,2259195,1.0,1,1,1,0.0,,-1.0,0,1981.0,A01,138Â 208Â 735,1.0,8.0,-1.0,1724460,1.0,7,,0.0,2.0,5.0,B01,138Â 208Â 736,1.0
1010259,201900051790,1,4,14:00,1,2,2,1.0,3.0,56121,SCHUMAN (RUE  ROBERT ),M,"47,7655000"," -3,3891100",56,2019,50.0,1.0,1.0,4.0,2259196,3.0,2,1,1,0.0,,-1.0, -1,2015.0,A01,138Â 208Â 735,3.0,8.0,-1.0,1724459,1.0,7,,0.0,2.0,1.0,A01,138Â 208Â 735,1.0
1010259,201900051790,1,4,14:00,1,2,2,1.0,3.0,56121,SCHUMAN (RUE  ROBERT ),M,"47,7655000"," -3,3891100",56,2019,50.0,1.0,1.0,4.0,2259196,3.0,2,1,1,0.0,,-1.0, -1,2015.0,A01,138Â 208Â 735,3.0,8.0,-1.0,1724460,1.0,7,,0.0,2.0,5.0,B01,138Â 208Â 736,1.0
1010259,201900051790,1,4,14:00,1,2,2,1.0,3.0,56121,SCHUMAN (RUE  ROBERT ),M,"47,7655000"," -3,3891100",56,2019,50.0,1.0,1.0,4.0,2259197,4.0,2,1,1,0.0,,-1.0, -1,2007.0,A01,138Â 208Â 735,1.0,8.0,-1.0,1724459,1.0,7,,0.0,2.0,1.0,A01,138Â 208Â 735,1.0
1010259,201900051790,1,4,14:00,1,2,2,1.0,3.0,56121,SCHUMAN (RUE  ROBERT ),M,"47,7655000"," -3,3891100",56,2019,50.0,1.0,1.0,4.0,2259197,4.0,2,1,1,0.0,,-1.0, -1,2007.0,A01,138Â 208Â 735,1.0,8.0,-1.0,1724460,1.0,7,,0.0,2.0,5.0,B01,138Â 208Â 736,1.0
1010259,201900051790,1,4,14:00,1,2,2,1.0,3.0,56121,SCHUMAN (RUE  ROBERT ),M,"47,7655000"," -3,3891100",56,2019,50.0,1.0,1.0,4.0,2259198,2.0,2,4,2,0.0,,-1.0, -1,1986.0,A01,138Â 208Â 735,1.0,8.0,-1.0,1724459,1.0,7,,0.0,2.0,1.0,A01,138Â 208Â 735,1.0
1010259,201900051790,1,4,14:00,1,2,2,1.0,3.0,56121,SCHUMAN (RUE  ROBERT ),M,"47,7655000"," -3,3891100",56,2019,50.0,1.0,1.0,4.0,2259198,2.0,2,4,2,0.0,,-1.0, -1,1986.0,A01,138Â 208Â 735,1.0,8.0,-1.0,1724460,1.0,7,,0.0,2.0,5.0,B01,138Â 208Â 736,1.0
1010259,201900051790,1,4,14:00,1,2,2,1.0,3.0,56121,SCHUMAN (RUE  ROBERT ),M,"47,7655000"," -3,3891100",56,2019,50.0,1.0,1.0,4.0,2259199,1.0,1,1,1,0.0,,-1.0, -1,1987.0,B01,138Â 208Â 736,1.0,8.0,-1.0,1724459,1.0,7,,0.0,2.0,1.0,A01,138Â 208Â 735,1.0
1010259,201900051790,1,4,14:00,1,2,2,1.0,3.0,56121,SCHUMAN (RUE  ROBERT ),M,"47,7655000"," -3,3891100",56,2019,50.0,1.0,1.0,4.0,2259199,1.0,1,1,1,0.0,,-1.0, -1,1987.0,B01,138Â 208Â 736,1.0,8.0,-1.0,1724460,1.0,7,,0.0,2.0,5.0,B01,138Â 208Â 736,1.0
1010259,201900051790,1,4,14:00,1,2,2,1.0,3.0,56121,SCHUMAN (RUE  ROBERT ),M,"47,7655000"," -3,3891100",56,2019,50.0,1.0,1.0,4.0,2259200,2.0,2,1,2,0.0,,-1.0, -1,1992.0,B01,138Â 208Â 736,1.0,8.0,-1.0,1724459,1.0,7,,0.0,2.0,1.0,A01,138Â 208Â 735,1.0
1010259,201900051790,1,4,14:00,1,2,2,1.0,3.0,56121,SCHUMAN (RUE  ROBERT ),M,"47,7655000"," -3,3891100",56,2019,50.0,1.0,1.0,4.0,2259200,2.0,2,1,2,0.0,,-1.0, -1,1992.0,B01,138Â 208Â 736,1.0,8.0,-1.0,1724460,1.0,7,,0.0,2.0,5.0,B01,138Â 208Â 736,1.0
1010260,201900051791,1,6,18:25,5,2,1,1.0,3.0,51454,62 BOULEVARD SAINT MARCEAUX,M,"49,2558600","4,0467200",51,2019,50.0,1.0,1.0,4.0,2259201,2.0,2,3,1,5.0,,-1.0,0,2002.0,B01,138Â 208Â 732,2.0,6.0,-1.0,1724461,2.0,2,,0.0,2.0,0.0,B01,138Â 208Â 732,1.0
1010260,201900051791,1,6,18:25,5,2,1,1.0,3.0,51454,62 BOULEVARD SAINT MARCEAUX,M,"49,2558600","4,0467200",51,2019,50.0,1.0,1.0,4.0,2259201,2.0,2,3,1,5.0,,-1.0,0,2002.0,B01,138Â 208Â 732,2.0,6.0,-1.0,1724462,2.0,7,,0.0,2.0,3.0,A01,138Â 208Â 733,1.0
1010260,201900051791,1,6,18:25,5,2,1,1.0,3.0,51454,62 BOULEVARD SAINT MARCEAUX,M,"49,2558600","4,0467200",51,2019,50.0,1.0,1.0,4.0,2259202,1.0,1,4,1,5.0,,-1.0,0,2002.0,B01,138Â 208Â 732,2.0,0.0,-1.0,1724461,2.0,2,,0.0,2.0,0.0,B01,138Â 208Â 732,1.0
1010260,201900051791,1,6,18:25,5,2,1,1.0,3.0,51454,62 BOULEVARD SAINT MARCEAUX,M,"49,2558600","4,0467200",51,2019,50.0,1.0,1.0,4.0,2259202,1.0,1,4,1,5.0,,-1.0,0,2002.0,B01,138Â 208Â 732,2.0,0.0,-1.0,1724462,2.0,7,,0.0,2.0,3.0,A01,138Â 208Â 733,1.0
1010260,201900051791,1,6,18:25,5,2,1,1.0,3.0,51454,62 BOULEVARD SAINT MARCEAUX,M,"49,2558600","4,0467200",51,2019,50.0,1.0,1.0,4.0,2259203,1.0,1,1,2,5.0,,-1.0,0,1994.0,A01,138Â 208Â 733,1.0,8.0,-1.0,1724461,2.0,2,,0.0,2.0,0.0,B01,138Â 208Â 732,1.0
1010260,201900051791,1,6,18:25,5,2,1,1.0,3.0,51454,62 BOULEVARD SAINT MARCEAUX,M,"49,2558600","4,0467200",51,2019,50.0,1.0,1.0,4.0,2259203,1.0,1,1,2,5.0,,-1.0,0,1994.0,A01,138Â 208Â 733,1.0,8.0,-1.0,1724462,2.0,7,,0.0,2.0,3.0,A01,138Â 208Â 733,1.0
1010261,201900051792,1,5,15:20,1,2,1,1.0,6.0,49328,ROUEN rue,M,"47,2714457"," -0,0650449",49,2019,50.0,1.0,1.0,4.0,2259204,10.0,3,4,2,5.0,,5.0,B,2009.0,A01,138Â 208Â 731,8.0,0.0,-1.0,1724463,0.0,3,,0.0,1.0,1.0,A01,138Â 208Â 731,1.0
1010261,201900051792,1,5,15:20,1,2,1,1.0,6.0,49328,ROUEN rue,M,"47,2714457"," -0,0650449",49,2019,50.0,1.0,1.0,4.0,2259205,1.0,1,1,1,3.0,,0.0,0,1946.0,A01,138Â 208Â 731,1.0,0.0,-1.0,1724463,0.0,3,,0.0,1.0,1.0,A01,138Â 208Â 731,1.0
1010262,201900051793,1,6,03:16,5,2,1,1.0,7.0,49015,MENDES FRANCE AVENUE PIERRE,M,"47,5081900"," -0,5908600",49,2019,30.0,1.0,2.0,4.0,2259206,1.0,1,4,1,0.0,,-1.0,0,1982.0,A01,138Â 208Â 730,2.0,8.0,-1.0,1724464,3.0,30,,0.0,0.0,1.0,A01,138Â 208Â 730,1.0
1010263,201900051794,1,6,12:22,1,2,2,1.0,3.0,49007,PASTEUR AVENUE,M,"47,4797900"," -0,5265200",49,2019,50.0,1.0,1.0,4.0,2259207,1.0,1,1,2,0.0,,-1.0, -1,1987.0,B01,138Â 208Â 728,1.0,8.0,-1.0,1724465,1.0,7,,0.0,2.0,3.0,B01,138Â 208Â 728,0.0
1010263,201900051794,1,6,12:22,1,2,2,1.0,3.0,49007,PASTEUR AVENUE,M,"47,4797900"," -0,5265200",49,2019,50.0,1.0,1.0,4.0,2259207,1.0,1,1,2,0.0,,-1.0, -1,1987.0,B01,138Â 208Â 728,1.0,8.0,-1.0,1724466,1.0,1,,0.0,2.0,1.0,A01,138Â 208Â 729,5.0
1010263,201900051794,1,6,12:22,1,2,2,1.0,3.0,49007,PASTEUR AVENUE,M,"47,4797900"," -0,5265200",49,2019,50.0,1.0,1.0,4.0,2259208,1.0,1,4,1,0.0,,-1.0, -1,2000.0,A01,138Â 208Â 729,2.0,0.0,-1.0,1724465,1.0,7,,0.0,2.0,3.0,B01,138Â 208Â 728,0.0
1010263,201900051794,1,6,12:22,1,2,2,1.0,3.0,49007,PASTEUR AVENUE,M,"47,4797900"," -0,5265200",49,2019,50.0,1.0,1.0,4.0,2259208,1.0,1,4,1,0.0,,-1.0, -1,2000.0,A01,138Â 208Â 729,2.0,0.0,-1.0,1724466,1.0,1,,0.0,2.0,1.0,A01,138Â 208Â 729,5.0
1010264,201900051795,1,7,23:10,5,1,1,2.0,6.0,45302,RD 9701,M,"47,9425000","1,8836000",45,2019,90.0,1.0,2.0,3.0,2259209,10.0,3,3,1,0.0,,9.0,B,1963.0,A01,138Â 208Â 727,8.0,0.0,-1.0,1724467,1.0,7,,0.0,1.0,3.0,A01,138Â 208Â 727,1.0
1010264,201900051795,1,7,23:10,5,1,1,2.0,6.0,45302,RD 9701,M,"47,9425000","1,8836000",45,2019,90.0,1.0,2.0,3.0,2259210,1.0,1,1,1,1.0,,0.0,0,1982.0,A01,138Â 208Â 727,1.0,0.0,-1.0,1724467,1.0,7,,0.0,1.0,3.0,A01,138Â 208Â 727,1.0
1010265,201900051796,1,7,18:55,5,2,1,1.0,3.0,44109,BOULEVARD LOUIS MILLET,M,"47,2262300"," -1,5215500",44,2019,50.0,1.0,1.0,4.0,2259211,1.0,1,1,1,3.0,,0.0,0,1970.0,A01,138Â 208Â 725,1.0,0.0,0.0,1724468,1.0,7,,0.0,2.0,8.0,A01,138Â 208Â 725,1.0
1010265,201900051796,1,7,18:55,5,2,1,1.0,3.0,44109,BOULEVARD LOUIS MILLET,M,"47,2262300"," -1,5215500",44,2019,50.0,1.0,1.0,4.0,2259211,1.0,1,1,1,3.0,,0.0,0,1970.0,A01,138Â 208Â 725,1.0,0.0,0.0,1724469,1.0,30,,0.0,2.0,1.0,B01,138Â 208Â 726,1.0
1010265,201900051796,1,7,18:55,5,2,1,1.0,3.0,44109,BOULEVARD LOUIS MILLET,M,"47,2262300"," -1,5215500",44,2019,50.0,1.0,1.0,4.0,2259212,1.0,1,4,1,9.0,,0.0,0,1968.0,B01,138Â 208Â 726,2.0,0.0,-1.0,1724468,1.0,7,,0.0,2.0,8.0,A01,138Â 208Â 725,1.0
1010265,201900051796,1,7,18:55,5,2,1,1.0,3.0,44109,BOULEVARD LOUIS MILLET,M,"47,2262300"," -1,5215500",44,2019,50.0,1.0,1.0,4.0,2259212,1.0,1,4,1,9.0,,0.0,0,1968.0,B01,138Â 208Â 726,2.0,0.0,-1.0,1724469,1.0,30,,0.0,2.0,1.0,B01,138Â 208Â 726,1.0
1010266,201900051797,1,7,07:45,3,2,3,1.0,6.0,44109,Rues Paul Bellamy/Bel Aair,M,"47,2250000"," -1,5590300",44,2019,50.0,1.0,1.0,4.0,2259213,1.0,1,4,1,1.0,,0.0,0,1988.0,B01,138Â 208Â 723,2.0,0.0,-1.0,1724470,2.0,33,,0.0,2.0,1.0,B01,138Â 208Â 723,1.0
1010266,201900051797,1,7,07:45,3,2,3,1.0,6.0,44109,Rues Paul Bellamy/Bel Aair,M,"47,2250000"," -1,5590300",44,2019,50.0,1.0,1.0,4.0,2259213,1.0,1,4,1,1.0,,0.0,0,1988.0,B01,138Â 208Â 723,2.0,0.0,-1.0,1724471,1.0,7,,0.0,2.0,7.0,A01,138Â 208Â 724,1.0
1010266,201900051797,1,7,07:45,3,2,3,1.0,6.0,44109,Rues Paul Bellamy/Bel Aair,M,"47,2250000"," -1,5590300",44,2019,50.0,1.0,1.0,4.0,2259214,1.0,1,1,2,1.0,,0.0,0,1961.0,A01,138Â 208Â 724,1.0,0.0,-1.0,1724470,2.0,33,,0.0,2.0,1.0,B01,138Â 208Â 723,1.0
1010266,201900051797,1,7,07:45,3,2,3,1.0,6.0,44109,Rues Paul Bellamy/Bel Aair,M,"47,2250000"," -1,5590300",44,2019,50.0,1.0,1.0,4.0,2259214,1.0,1,1,2,1.0,,0.0,0,1961.0,A01,138Â 208Â 724,1.0,0.0,-1.0,1724471,1.0,7,,0.0,2.0,7.0,A01,138Â 208Â 724,1.0
1010267,201900051798,1,4,17:00,1,2,1,1.0,6.0,41018,AUVERGNE (RUE D'),M,"47,5956500","1,3343300",41,2019,50.0,1.0,1.0,4.0,2259215,10.0,3,4,1,1.0,,2.0,3,1971.0,A01,138Â 208Â 722,8.0,0.0,-1.0,1724472,1.0,7,,0.0,1.0,1.0,A01,138Â 208Â 722,1.0
1010267,201900051798,1,4,17:00,1,2,1,1.0,6.0,41018,AUVERGNE (RUE D'),M,"47,5956500","1,3343300",41,2019,50.0,1.0,1.0,4.0,2259216,1.0,1,1,1,1.0,,-1.0,0,2000.0,A01,138Â 208Â 722,1.0,0.0,-1.0,1724472,1.0,7,,0.0,1.0,1.0,A01,138Â 208Â 722,1.0
1010268,201900051799,1,3,18:15,5,2,3,1.0,3.0,35288,ROULAIS (PLACE DE LA ),M,"48,6336870"," -2,0127560",35,2019,50.0,1.0,1.0,4.0,2259217,1.0,1,4,2,3.0,,-1.0,0,1960.0,B01,138Â 208Â 720,8.0,8.0,-1.0,1724473,0.0,1,,0.0,2.0,3.0,B01,138Â 208Â 720,5.0
1010268,201900051799,1,3,18:15,5,2,3,1.0,3.0,35288,ROULAIS (PLACE DE LA ),M,"48,6336870"," -2,0127560",35,2019,50.0,1.0,1.0,4.0,2259217,1.0,1,4,2,3.0,,-1.0,0,1960.0,B01,138Â 208Â 720,8.0,8.0,-1.0,1724474,3.0,7,,16.0,2.0,2.0,A01,138Â 208Â 721,1.0
1010268,201900051799,1,3,18:15,5,2,3,1.0,3.0,35288,ROULAIS (PLACE DE LA ),M,"48,6336870"," -2,0127560",35,2019,50.0,1.0,1.0,4.0,2259218,1.0,1,1,1,5.0,,-1.0,0,1957.0,A01,138Â 208Â 721,1.0,0.0,-1.0,1724473,0.0,1,,0.0,2.0,3.0,B01,138Â 208Â 720,5.0
1010268,201900051799,1,3,18:15,5,2,3,1.0,3.0,35288,ROULAIS (PLACE DE LA ),M,"48,6336870"," -2,0127560",35,2019,50.0,1.0,1.0,4.0,2259218,1.0,1,1,1,5.0,,-1.0,0,1957.0,A01,138Â 208Â 721,1.0,0.0,-1.0,1724474,3.0,7,,16.0,2.0,2.0,A01,138Â 208Â 721,1.0
1010269,201900051800,1,7,19:20,5,2,1,1.0,3.0,35238,ALMA (DE L'),M,"48,0987100"," -1,6755200",35,2019,50.0,1.0,1.0,4.0,2259219,1.0,1,1,2,3.0,,-1.0,0,1980.0,B01,138Â 208Â 718,1.0,0.0,-1.0,1724475,0.0,7,,0.0,2.0,3.0,B01,138Â 208Â 718,1.0
1010269,201900051800,1,7,19:20,5,2,1,1.0,3.0,35238,ALMA (DE L'),M,"48,0987100"," -1,6755200",35,2019,50.0,1.0,1.0,4.0,2259219,1.0,1,1,2,3.0,,-1.0,0,1980.0,B01,138Â 208Â 718,1.0,0.0,-1.0,1724476,0.0,33,,0.0,2.0,7.0,A01,138Â 208Â 719,1.0
1010269,201900051800,1,7,19:20,5,2,1,1.0,3.0,35238,ALMA (DE L'),M,"48,0987100"," -1,6755200",35,2019,50.0,1.0,1.0,4.0,2259220,1.0,1,4,1,3.0,,-1.0,0,1992.0,A01,138Â 208Â 719,2.0,8.0,-1.0,1724475,0.0,7,,0.0,2.0,3.0,B01,138Â 208Â 718,1.0
1010269,201900051800,1,7,19:20,5,2,1,1.0,3.0,35238,ALMA (DE L'),M,"48,0987100"," -1,6755200",35,2019,50.0,1.0,1.0,4.0,2259220,1.0,1,4,1,3.0,,-1.0,0,1992.0,A01,138Â 208Â 719,2.0,8.0,-1.0,1724476,0.0,33,,0.0,2.0,7.0,A01,138Â 208Â 719,1.0
1010270,201900051801,1,7,12:15,1,2,1,1.0,6.0,35238,LAMARTINE (QUAI),M,"48,1101600"," -1,6791900",35,2019,20.0,1.0,1.0,4.0,2259221,1.0,1,1,1,3.0,,-1.0,0,1994.0,A01,138Â 208Â 717,8.0,0.0,-1.0,1724477,1.0,1,,0.0,1.0,1.0,A01,138Â 208Â 717,5.0
1010270,201900051801,1,7,12:15,1,2,1,1.0,6.0,35238,LAMARTINE (QUAI),M,"48,1101600"," -1,6791900",35,2019,20.0,1.0,1.0,4.0,2259222,10.0,3,4,2,3.0,,3.0,3,1993.0,A01,138Â 208Â 717,8.0,0.0,-1.0,1724477,1.0,1,,0.0,1.0,1.0,A01,138Â 208Â 717,5.0
1010271,201900051802,1,7,22:17,3,2,1,1.0,3.0,30189,GRETRY (RUE),M,"43,8382000","4,3511000",30,2019,50.0,1.0,1.0,9.0,2259223,1.0,1,3,1,0.0,,-1.0,0,1965.0,A01,138Â 208Â 715,2.0,0.0,-1.0,1724478,3.0,30,,0.0,2.0,8.0,A01,138Â 208Â 715,1.0
1010271,201900051802,1,7,22:17,3,2,1,1.0,3.0,30189,GRETRY (RUE),M,"43,8382000","4,3511000",30,2019,50.0,1.0,1.0,9.0,2259223,1.0,1,3,1,0.0,,-1.0,0,1965.0,A01,138Â 208Â 715,2.0,0.0,-1.0,1724479,3.0,7,,0.0,2.0,2.0,B01,138Â 208Â 716,1.0
1010271,201900051802,1,7,22:17,3,2,1,1.0,3.0,30189,GRETRY (RUE),M,"43,8382000","4,3511000",30,2019,50.0,1.0,1.0,9.0,2259224,3.0,2,1,1,0.0,,-1.0, -1,2018.0,B01,138Â 208Â 716,1.0,0.0,-1.0,1724478,3.0,30,,0.0,2.0,8.0,A01,138Â 208Â 715,1.0
1010271,201900051802,1,7,22:17,3,2,1,1.0,3.0,30189,GRETRY (RUE),M,"43,8382000","4,3511000",30,2019,50.0,1.0,1.0,9.0,2259224,3.0,2,1,1,0.0,,-1.0, -1,2018.0,B01,138Â 208Â 716,1.0,0.0,-1.0,1724479,3.0,7,,0.0,2.0,2.0,B01,138Â 208Â 716,1.0
1010271,201900051802,1,7,22:17,3,2,1,1.0,3.0,30189,GRETRY (RUE),M,"43,8382000","4,3511000",30,2019,50.0,1.0,1.0,9.0,2259225,1.0,1,1,1,0.0,,-1.0,0,1994.0,B01,138Â 208Â 716,1.0,0.0,-1.0,1724478,3.0,30,,0.0,2.0,8.0,A01,138Â 208Â 715,1.0
1010271,201900051802,1,7,22:17,3,2,1,1.0,3.0,30189,GRETRY (RUE),M,"43,8382000","4,3511000",30,2019,50.0,1.0,1.0,9.0,2259225,1.0,1,1,1,0.0,,-1.0,0,1994.0,B01,138Â 208Â 716,1.0,0.0,-1.0,1724479,3.0,7,,0.0,2.0,2.0,B01,138Â 208Â 716,1.0
1010271,201900051802,1,7,22:17,3,2,1,1.0,3.0,30189,GRETRY (RUE),M,"43,8382000","4,3511000",30,2019,50.0,1.0,1.0,9.0,2259226,4.0,2,1,2,0.0,,-1.0, -1,1996.0,B01,138Â 208Â 716,1.0,0.0,-1.0,1724478,3.0,30,,0.0,2.0,8.0,A01,138Â 208Â 715,1.0
1010271,201900051802,1,7,22:17,3,2,1,1.0,3.0,30189,GRETRY (RUE),M,"43,8382000","4,3511000",30,2019,50.0,1.0,1.0,9.0,2259226,4.0,2,1,2,0.0,,-1.0, -1,1996.0,B01,138Â 208Â 716,1.0,0.0,-1.0,1724479,3.0,7,,0.0,2.0,2.0,B01,138Â 208Â 716,1.0
1010272,201900051803,1,7,08:50,1,2,1,2.0,3.0,29232,LIBERATION AVENUE DE LA,M,"47,9925000"," -4,0832300",29,2019,50.0,3.0,2.0,4.0,2259227,1.0,1,1,1,1.0,,0.0,0,1984.0,B01,138Â 208Â 713,1.0,0.0,-1.0,1724480,1.0,7,,0.0,2.0,8.0,B01,138Â 208Â 713,1.0
1010272,201900051803,1,7,08:50,1,2,1,2.0,3.0,29232,LIBERATION AVENUE DE LA,M,"47,9925000"," -4,0832300",29,2019,50.0,3.0,2.0,4.0,2259227,1.0,1,1,1,1.0,,0.0,0,1984.0,B01,138Â 208Â 713,1.0,0.0,-1.0,1724481,1.0,32,,0.0,2.0,7.0,A01,138Â 208Â 714,1.0
1010272,201900051803,1,7,08:50,1,2,1,2.0,3.0,29232,LIBERATION AVENUE DE LA,M,"47,9925000"," -4,0832300",29,2019,50.0,3.0,2.0,4.0,2259228,1.0,1,4,1,2.0,,0.0,0,2001.0,A01,138Â 208Â 714,2.0,6.0,-1.0,1724480,1.0,7,,0.0,2.0,8.0,B01,138Â 208Â 713,1.0
1010272,201900051803,1,7,08:50,1,2,1,2.0,3.0,29232,LIBERATION AVENUE DE LA,M,"47,9925000"," -4,0832300",29,2019,50.0,3.0,2.0,4.0,2259228,1.0,1,4,1,2.0,,0.0,0,2001.0,A01,138Â 208Â 714,2.0,6.0,-1.0,1724481,1.0,32,,0.0,2.0,7.0,A01,138Â 208Â 714,1.0