Unnamed: 0_x,num_acc,mois,jour,hrmn,lum,agg,int,atm,col,com,adr,gps,lat,long,dep,annee,vma,situ,surf,catr,Unnamed: 0_y,place,catu,grav,sexe,trajet,secu,locp,actp,an_nais,num_veh_x,id_vehicule_x,secu1,secu2,secu3,Unnamed: 0,senc,catv,occutc,obs,obsm,choc,num_veh_y,id_vehicule_y,motor
1010273,201900051804,1,6,16:53,1,2,1,1.0,3.0,29019,PARIS (DE 1 A 31 ET 2 A 40),M,"48,4049400"," -4,4636700",29,2019,50.0,1.0,1.0,4.0,2259229,2.0,2,4,2,9.0,,0.0,0,2000.0,A01,138Â 208Â 711,1.0,0.0,-1.0,1724482,1.0,7,,0.0,2.0,8.0,A01,138Â 208Â 711,1.0
1010273,201900051804,1,6,16:53,1,2,1,1.0,3.0,29019,PARIS (DE 1 A 31 ET 2 A 40),M,"48,4049400"," -4,4636700",29,2019,50.0,1.0,1.0,4.0,2259229,2.0,2,4,2,9.0,,0.0,0,2000.0,A01,138Â 208Â 711,1.0,0.0,-1.0,1724483,1.0,7,,0.0,2.0,1.0,B01,138Â 208Â 712,1.0
1010273,201900051804,1,6,16:53,1,2,1,1.0,3.0,29019,PARIS (DE 1 A 31 ET 2 A 40),M,"48,4049400"," -4,4636700",29,2019,50.0,1.0,1.0,4.0,2259230,1.0,1,1,1,9.0,,0.0,0,1996.0,A01,138Â 208Â 711,1.0,8.0,-1.0,1724482,1.0,7,,0.0,2.0,8.0,A01,138Â 208Â 711,1.0
1010273,201900051804,1,6,16:53,1,2,1,1.0,3.0,29019,PARIS (DE 1 A 31 ET 2 A 40),M,"48,4049400"," -4,4636700",29,2019,50.0,1.0,1.0,4.0,2259230,1.0,1,1,1,9.0,,0.0,0,1996.0,A01,138Â 208Â 711,1.0,8.0,-1.0,1724483,1.0,7,,0.0,2.0,1.0,B01,138Â 208Â 712,1.0
1010273,201900051804,1,6,16:53,1,2,1,1.0,3.0,29019,PARIS (DE 1 A 31 ET 2 A 40),M,"48,4049400"," -4,4636700",29,2019,50.0,1.0,1.0,4.0,2259231,1.0,1,1,2,9.0,,0.0,0,1991.0,B01,138Â 208Â 712,1.0,0.0,-1.0,1724482,1.0,7,,0.0,2.0,8.0,A01,138Â 208Â 711,1.0
1010273,201900051804,1,6,16:53,1,2,1,1.0,3.0,29019,PARIS (DE 1 A 31 ET 2 A 40),M,"48,4049400"," -4,4636700",29,2019,50.0,1.0,1.0,4.0,2259231,1.0,1,1,2,9.0,,0.0,0,1991.0,B01,138Â 208Â 712,1.0,0.0,-1.0,1724483,1.0,7,,0.0,2.0,1.0,B01,138Â 208Â 712,1.0
1010274,201900051805,1,6,12:10,1,2,2,1.0,2.0,29019,PORTE (DE 1 A 75 ET 2 A 64),M,"48,3841914"," -4,5008122",29,2019,50.0,1.0,1.0,4.0,2259232,1.0,1,4,1,0.0,,-1.0, -1,1999.0,B01,138Â 208Â 709,1.0,0.0,-1.0,1724484,2.0,7,,0.0,2.0,5.0,B01,138Â 208Â 709,1.0
1010274,201900051805,1,6,12:10,1,2,2,1.0,2.0,29019,PORTE (DE 1 A 75 ET 2 A 64),M,"48,3841914"," -4,5008122",29,2019,50.0,1.0,1.0,4.0,2259232,1.0,1,4,1,0.0,,-1.0, -1,1999.0,B01,138Â 208Â 709,1.0,0.0,-1.0,1724485,2.0,1,,0.0,2.0,1.0,A01,138Â 208Â 710,5.0
1010274,201900051805,1,6,12:10,1,2,2,1.0,2.0,29019,PORTE (DE 1 A 75 ET 2 A 64),M,"48,3841914"," -4,5008122",29,2019,50.0,1.0,1.0,4.0,2259233,1.0,1,4,1,5.0,,-1.0, -1,1976.0,A01,138Â 208Â 710,8.0,0.0,-1.0,1724484,2.0,7,,0.0,2.0,5.0,B01,138Â 208Â 709,1.0
1010274,201900051805,1,6,12:10,1,2,2,1.0,2.0,29019,PORTE (DE 1 A 75 ET 2 A 64),M,"48,3841914"," -4,5008122",29,2019,50.0,1.0,1.0,4.0,2259233,1.0,1,4,1,5.0,,-1.0, -1,1976.0,A01,138Â 208Â 710,8.0,0.0,-1.0,1724485,2.0,1,,0.0,2.0,1.0,A01,138Â 208Â 710,5.0
1010275,201900051806,1,4,17:05,1,2,3,1.0,3.0,19031,PASTEUR (AVENUE),M,"45,1676600","1,5314800",19,2019,50.0,1.0,1.0,4.0,2259234,1.0,1,1,1,9.0,,-1.0, -1,1987.0,B01,138Â 208Â 706,1.0,0.0,-1.0,1724486,1.0,7,,0.0,2.0,2.0,B01,138Â 208Â 706,1.0
1010275,201900051806,1,4,17:05,1,2,3,1.0,3.0,19031,PASTEUR (AVENUE),M,"45,1676600","1,5314800",19,2019,50.0,1.0,1.0,4.0,2259234,1.0,1,1,1,9.0,,-1.0, -1,1987.0,B01,138Â 208Â 706,1.0,0.0,-1.0,1724487,2.0,7,,0.0,2.0,2.0,A01,138Â 208Â 707,1.0
1010275,201900051806,1,4,17:05,1,2,3,1.0,3.0,19031,PASTEUR (AVENUE),M,"45,1676600","1,5314800",19,2019,50.0,1.0,1.0,4.0,2259235,1.0,1,4,1,1.0,,-1.0, -1,2000.0,A01,138Â 208Â 707,1.0,0.0,-1.0,1724486,1.0,7,,0.0,2.0,2.0,B01,138Â 208Â 706,1.0
1010275,201900051806,1,4,17:05,1,2,3,1.0,3.0,19031,PASTEUR (AVENUE),M,"45,1676600","1,5314800",19,2019,50.0,1.0,1.0,4.0,2259235,1.0,1,4,1,1.0,,-1.0, -1,2000.0,A01,138Â 208Â 707,1.0,0.0,-1.0,1724487,2.0,7,,0.0,2.0,2.0,A01,138Â 208Â 707,1.0
1010276,201900051807,1,7,19:45,2,2,2,1.0,3.0,17300,GUITON   AVENUE JEAN (1-7 et 2),M,"46,1587300"," -1,1595100",17,2019,50.0,1.0,1.0,4.0,2259236,1.0,1,1,2,1.0,,-1.0, -1,1958.0,A01,138Â 208Â 704,1.0,8.0,-1.0,1724488,1.0,7,,0.0,2.0,8.0,A01,138Â 208Â 704,1.0
1010276,201900051807,1,7,19:45,2,2,2,1.0,3.0,17300,GUITON   AVENUE JEAN (1-7 et 2),M,"46,1587300"," -1,1595100",17,2019,50.0,1.0,1.0,4.0,2259236,1.0,1,1,2,1.0,,-1.0, -1,1958.0,A01,138Â 208Â 704,1.0,8.0,-1.0,1724489,2.0,32,,0.0,2.0,0.0,B01,138Â 208Â 705,0.0
1010276,201900051807,1,7,19:45,2,2,2,1.0,3.0,17300,GUITON   AVENUE JEAN (1-7 et 2),M,"46,1587300"," -1,1595100",17,2019,50.0,1.0,1.0,4.0,2259237,1.0,1,3,1,1.0,,-1.0, -1,1998.0,B01,138Â 208Â 705,2.0,8.0,-1.0,1724488,1.0,7,,0.0,2.0,8.0,A01,138Â 208Â 704,1.0
1010276,201900051807,1,7,19:45,2,2,2,1.0,3.0,17300,GUITON   AVENUE JEAN (1-7 et 2),M,"46,1587300"," -1,1595100",17,2019,50.0,1.0,1.0,4.0,2259237,1.0,1,3,1,1.0,,-1.0, -1,1998.0,B01,138Â 208Â 705,2.0,8.0,-1.0,1724489,2.0,32,,0.0,2.0,0.0,B01,138Â 208Â 705,0.0
1010277,201900051808,1,7,18:20,3,2,3,1.0,6.0,17300,JUIN   AVENUE DU MARECHAL,M,"46,1598500"," -1,1795800",17,2019,40.0,1.0,1.0,4.0,2259238,1.0,1,1,2,1.0,,0.0,0,1977.0,A01,138Â 208Â 703,1.0,8.0,-1.0,1724490,3.0,7,,0.0,1.0,3.0,A01,138Â 208Â 703,1.0
1010277,201900051808,1,7,18:20,3,2,3,1.0,6.0,17300,JUIN   AVENUE DU MARECHAL,M,"46,1598500"," -1,1795800",17,2019,40.0,1.0,1.0,4.0,2259239,10.0,3,3,2,9.0,,4.0,3,1942.0,A01,138Â 208Â 703,8.0,0.0,-1.0,1724490,3.0,7,,0.0,1.0,3.0,A01,138Â 208Â 703,1.0
1010278,201900051809,1,7,20:50,5,2,4,1.0,3.0,13206,VINCENT DELPUECH (BOULEVARD),M,"43,2829800","5,3900300",13,2019,50.0,1.0,1.0,4.0,2259240,1.0,1,3,1,5.0,,-1.0, -1,1990.0,A01,138Â 208Â 699,2.0,8.0,-1.0,1724491,3.0,0,,0.0,2.0,1.0,Z01,138Â 208Â 698,0.0
1010278,201900051809,1,7,20:50,5,2,4,1.0,3.0,13206,VINCENT DELPUECH (BOULEVARD),M,"43,2829800","5,3900300",13,2019,50.0,1.0,1.0,4.0,2259240,1.0,1,3,1,5.0,,-1.0, -1,1990.0,A01,138Â 208Â 699,2.0,8.0,-1.0,1724492,3.0,32,,0.0,2.0,2.0,A01,138Â 208Â 699,0.0
1010279,201900051810,1,7,17:00,1,2,1,7.0,6.0,13002,VALLON VERT (AVENUE DU ),M,"43,3378200","5,4653400",13,2019,50.0,1.0,1.0,3.0,2259241,10.0,3,4,2,5.0,,3.0,1,1940.0,A01,138Â 208Â 697,8.0,0.0,-1.0,1724493,1.0,7,,0.0,1.0,7.0,A01,138Â 208Â 697,1.0
1010279,201900051810,1,7,17:00,1,2,1,7.0,6.0,13002,VALLON VERT (AVENUE DU ),M,"43,3378200","5,4653400",13,2019,50.0,1.0,1.0,3.0,2259242,1.0,1,1,1,2.0,,-1.0, -1,1999.0,A01,138Â 208Â 697,1.0,0.0,-1.0,1724493,1.0,7,,0.0,1.0,7.0,A01,138Â 208Â 697,1.0
1010280,201900051811,1,7,16:45,1,2,1,1.0,6.0,13212,WILLIAM BOOTH (AVENUE),M,"43,2944240","5,4423930",13,2019,50.0,1.0,1.0,4.0,2259243,1.0,1,4,1,5.0,,-1.0, -1,2003.0,A01,138Â 208Â 695,2.0,0.0,-1.0,1724494,2.0,30,,0.0,2.0,0.0,A01,138Â 208Â 695,0.0
1010280,201900051811,1,7,16:45,1,2,1,1.0,6.0,13212,WILLIAM BOOTH (AVENUE),M,"43,2944240","5,4423930",13,2019,50.0,1.0,1.0,4.0,2259243,1.0,1,4,1,5.0,,-1.0, -1,2003.0,A01,138Â 208Â 695,2.0,0.0,-1.0,1724495,2.0,7,,0.0,0.0,0.0,Z01,138Â 208Â 696,0.0
1010281,201900051812,1,7,14:10,1,2,1,1.0,1.0,13212,LA MARTINE (TRAVERSE),M,"43,3008190","5,4673180",13,2019,50.0,1.0,1.0,4.0,2259244,1.0,1,1,2,0.0,,-1.0, -1,2000.0,A01,138Â 208Â 693,1.0,0.0,-1.0,1724496,1.0,7,,0.0,2.0,3.0,A01,138Â 208Â 693,1.0
1010281,201900051812,1,7,14:10,1,2,1,1.0,1.0,13212,LA MARTINE (TRAVERSE),M,"43,3008190","5,4673180",13,2019,50.0,1.0,1.0,4.0,2259244,1.0,1,1,2,0.0,,-1.0, -1,2000.0,A01,138Â 208Â 693,1.0,0.0,-1.0,1724497,0.0,7,,0.0,2.0,3.0,B01,138Â 208Â 694,0.0
1010281,201900051812,1,7,14:10,1,2,1,1.0,1.0,13212,LA MARTINE (TRAVERSE),M,"43,3008190","5,4673180",13,2019,50.0,1.0,1.0,4.0,2259245,1.0,1,4,1,5.0,,-1.0, -1,1954.0,B01,138Â 208Â 694,1.0,0.0,-1.0,1724496,1.0,7,,0.0,2.0,3.0,A01,138Â 208Â 693,1.0
1010281,201900051812,1,7,14:10,1,2,1,1.0,1.0,13212,LA MARTINE (TRAVERSE),M,"43,3008190","5,4673180",13,2019,50.0,1.0,1.0,4.0,2259245,1.0,1,4,1,5.0,,-1.0, -1,1954.0,B01,138Â 208Â 694,1.0,0.0,-1.0,1724497,0.0,7,,0.0,2.0,3.0,B01,138Â 208Â 694,0.0
1010282,201900051813,1,7,16:20,1,2,1,1.0,6.0,13001,EUROPE (AV),M,"43,5243100","5,4318100",13,2019,50.0,1.0,1.0,4.0,2259246,10.0,3,4,2,5.0,,3.0,3,2010.0,A01,138Â 208Â 692,8.0,0.0,-1.0,1724498,1.0,7,,0.0,1.0,2.0,A01,138Â 208Â 692,1.0
1010282,201900051813,1,7,16:20,1,2,1,1.0,6.0,13001,EUROPE (AV),M,"43,5243100","5,4318100",13,2019,50.0,1.0,1.0,4.0,2259247,1.0,1,1,2,9.0,,-1.0, -1,1958.0,A01,138Â 208Â 692,1.0,0.0,-1.0,1724498,1.0,7,,0.0,1.0,2.0,A01,138Â 208Â 692,1.0
1010283,201900051814,1,7,22:30,5,2,3,1.0,3.0,06123,PAGNOL MARCEL BOULEVARD,M,"43,6668300","7,1809400",6,2019,50.0,1.0,1.0,4.0,2259248,1.0,1,4,1,0.0,,-1.0, -1,1993.0,B01,138Â 208Â 690,2.0,0.0,-1.0,1724499,2.0,34,,0.0,2.0,1.0,B01,138Â 208Â 690,1.0
1010283,201900051814,1,7,22:30,5,2,3,1.0,3.0,06123,PAGNOL MARCEL BOULEVARD,M,"43,6668300","7,1809400",6,2019,50.0,1.0,1.0,4.0,2259248,1.0,1,4,1,0.0,,-1.0, -1,1993.0,B01,138Â 208Â 690,2.0,0.0,-1.0,1724500,3.0,7,,0.0,2.0,3.0,A01,138Â 208Â 691,1.0
1010283,201900051814,1,7,22:30,5,2,3,1.0,3.0,06123,PAGNOL MARCEL BOULEVARD,M,"43,6668300","7,1809400",6,2019,50.0,1.0,1.0,4.0,2259249,1.0,1,4,1,0.0,,-1.0, -1,1956.0,A01,138Â 208Â 691,1.0,0.0,-1.0,1724499,2.0,34,,0.0,2.0,1.0,B01,138Â 208Â 690,1.0
1010283,201900051814,1,7,22:30,5,2,3,1.0,3.0,06123,PAGNOL MARCEL BOULEVARD,M,"43,6668300","7,1809400",6,2019,50.0,1.0,1.0,4.0,2259249,1.0,1,4,1,0.0,,-1.0, -1,1956.0,A01,138Â 208Â 691,1.0,0.0,-1.0,1724500,3.0,7,,0.0,2.0,3.0,A01,138Â 208Â 691,1.0
1010284,201900051815,1,5,03:30,3,1,1,1.0,6.0,03095,,M,"46,1642500","3,5012935",3,2019,80.0,1.0,1.0,3.0,2259250,2.0,2,3,1,5.0,,0.0,0,2008.0,A01,138Â 208Â 689,1.0,8.0,-1.0,1724501,2.0,7,,2.0,0.0,2.0,A01,138Â 208Â 689,1.0
1010284,201900051815,1,5,03:30,3,1,1,1.0,6.0,03095,,M,"46,1642500","3,5012935",3,2019,80.0,1.0,1.0,3.0,2259251,1.0,1,2,2,5.0,,0.0,0,1981.0,A01,138Â 208Â 689,1.0,8.0,-1.0,1724501,2.0,7,,2.0,0.0,2.0,A01,138Â 208Â 689,1.0
1010285,201900051816,1,6,19:30,5,2,1,1.0,2.0,75113,PORTE DE GENTILLY,M,"48,8164670","2,3445500",75,2019,70.0,1.0,1.0,4.0,2259252,1.0,1,1,1,4.0,,0.0,0,1977.0,B01,138Â 208Â 687,1.0,0.0,-1.0,1724502,1.0,7,,0.0,2.0,4.0,B01,138Â 208Â 687,1.0
1010285,201900051816,1,6,19:30,5,2,1,1.0,2.0,75113,PORTE DE GENTILLY,M,"48,8164670","2,3445500",75,2019,70.0,1.0,1.0,4.0,2259252,1.0,1,1,1,4.0,,0.0,0,1977.0,B01,138Â 208Â 687,1.0,0.0,-1.0,1724503,1.0,10,,0.0,2.0,1.0,A01,138Â 208Â 688,1.0
1010285,201900051816,1,6,19:30,5,2,1,1.0,2.0,75113,PORTE DE GENTILLY,M,"48,8164670","2,3445500",75,2019,70.0,1.0,1.0,4.0,2259253,3.0,2,4,1,4.0,,-1.0,0,1966.0,B01,138Â 208Â 687,1.0,0.0,-1.0,1724502,1.0,7,,0.0,2.0,4.0,B01,138Â 208Â 687,1.0
1010285,201900051816,1,6,19:30,5,2,1,1.0,2.0,75113,PORTE DE GENTILLY,M,"48,8164670","2,3445500",75,2019,70.0,1.0,1.0,4.0,2259253,3.0,2,4,1,4.0,,-1.0,0,1966.0,B01,138Â 208Â 687,1.0,0.0,-1.0,1724503,1.0,10,,0.0,2.0,1.0,A01,138Â 208Â 688,1.0
1010285,201900051816,1,6,19:30,5,2,1,1.0,2.0,75113,PORTE DE GENTILLY,M,"48,8164670","2,3445500",75,2019,70.0,1.0,1.0,4.0,2259254,1.0,1,1,1,5.0,,0.0,0,1959.0,A01,138Â 208Â 688,1.0,0.0,-1.0,1724502,1.0,7,,0.0,2.0,4.0,B01,138Â 208Â 687,1.0
1010285,201900051816,1,6,19:30,5,2,1,1.0,2.0,75113,PORTE DE GENTILLY,M,"48,8164670","2,3445500",75,2019,70.0,1.0,1.0,4.0,2259254,1.0,1,1,1,5.0,,0.0,0,1959.0,A01,138Â 208Â 688,1.0,0.0,-1.0,1724503,1.0,10,,0.0,2.0,1.0,A01,138Â 208Â 688,1.0
1010286,201900051817,1,6,00:10,5,2,3,1.0,6.0,75116,AVENUE ALBERT DE MUN,M,"48,8625340","2,2925610",75,2019,50.0,1.0,1.0,4.0,2259255,10.0,3,3,1,5.0,,4.0,3,1968.0,Z01,138Â 208Â 686,8.0,0.0,-1.0,1724504,1.0,7,,0.0,1.0,1.0,Z01,138Â 208Â 686,0.0
1010287,201900051818,1,5,15:20,1,2,1,8.0,6.0,75114,RUE EMILE FAGUET,M,"48,8213140","2,3299440",75,2019,30.0,1.0,1.0,4.0,2259256,1.0,1,1,1,4.0,,0.0,0,1958.0,A01,138Â 208Â 685,1.0,0.0,-1.0,1724505,1.0,7,,0.0,1.0,3.0,A01,138Â 208Â 685,2.0
1010287,201900051818,1,5,15:20,1,2,1,8.0,6.0,75114,RUE EMILE FAGUET,M,"48,8213140","2,3299440",75,2019,30.0,1.0,1.0,4.0,2259257,10.0,3,2,1,5.0,,2.0,5,2010.0,A01,138Â 208Â 685,8.0,0.0,-1.0,1724505,1.0,7,,0.0,1.0,3.0,A01,138Â 208Â 685,2.0
1010288,201900051819,1,7,07:40,5,2,2,1.0,2.0,75105,BOULEVARD SAINT GERMAIN,M,"48,8495130","2,3528800",75,2019,50.0,1.0,1.0,4.0,2259258,1.0,1,4,1,1.0,,0.0,0,1985.0,A01,138Â 208Â 683,2.0,6.0,-1.0,1724506,2.0,32,,0.0,2.0,1.0,A01,138Â 208Â 683,1.0
1010288,201900051819,1,7,07:40,5,2,2,1.0,2.0,75105,BOULEVARD SAINT GERMAIN,M,"48,8495130","2,3528800",75,2019,50.0,1.0,1.0,4.0,2259258,1.0,1,4,1,1.0,,0.0,0,1985.0,A01,138Â 208Â 683,2.0,6.0,-1.0,1724507,2.0,10,,0.0,2.0,4.0,B01,138Â 208Â 684,1.0
1010288,201900051819,1,7,07:40,5,2,2,1.0,2.0,75105,BOULEVARD SAINT GERMAIN,M,"48,8495130","2,3528800",75,2019,50.0,1.0,1.0,4.0,2259259,1.0,1,1,1,4.0,,0.0,0,1977.0,B01,138Â 208Â 684,1.0,0.0,-1.0,1724506,2.0,32,,0.0,2.0,1.0,A01,138Â 208Â 683,1.0
1010288,201900051819,1,7,07:40,5,2,2,1.0,2.0,75105,BOULEVARD SAINT GERMAIN,M,"48,8495130","2,3528800",75,2019,50.0,1.0,1.0,4.0,2259259,1.0,1,1,1,4.0,,0.0,0,1977.0,B01,138Â 208Â 684,1.0,0.0,-1.0,1724507,2.0,10,,0.0,2.0,4.0,B01,138Â 208Â 684,1.0
1010289,201900051820,1,7,19:55,5,2,1,1.0,3.0,75120,RUE DE LA CHINE,M,"48,8685620","2,3976060",75,2019,50.0,5.0,1.0,4.0,2259260,1.0,1,4,1,0.0,,0.0,0,1986.0,B01,138Â 208Â 681,2.0,4.0,-1.0,1724508,2.0,1,,0.0,2.0,1.0,B01,138Â 208Â 681,5.0
1010289,201900051820,1,7,19:55,5,2,1,1.0,3.0,75120,RUE DE LA CHINE,M,"48,8685620","2,3976060",75,2019,50.0,5.0,1.0,4.0,2259260,1.0,1,4,1,0.0,,0.0,0,1986.0,B01,138Â 208Â 681,2.0,4.0,-1.0,1724509,2.0,30,,0.0,2.0,3.0,A01,138Â 208Â 682,3.0
1010289,201900051820,1,7,19:55,5,2,1,1.0,3.0,75120,RUE DE LA CHINE,M,"48,8685620","2,3976060",75,2019,50.0,5.0,1.0,4.0,2259261,1.0,1,1,1,1.0,,0.0,0,2000.0,A01,138Â 208Â 682,2.0,6.0,-1.0,1724508,2.0,1,,0.0,2.0,1.0,B01,138Â 208Â 681,5.0
1010289,201900051820,1,7,19:55,5,2,1,1.0,3.0,75120,RUE DE LA CHINE,M,"48,8685620","2,3976060",75,2019,50.0,5.0,1.0,4.0,2259261,1.0,1,1,1,1.0,,0.0,0,2000.0,A01,138Â 208Â 682,2.0,6.0,-1.0,1724509,2.0,30,,0.0,2.0,3.0,A01,138Â 208Â 682,3.0
1010290,201900051821,1,7,17:50,5,2,1,2.0,6.0,75120,AVENUE LEON GAUMONT,M,"48,8509870","2,4158940",75,2019,50.0,1.0,2.0,4.0,2259262,1.0,1,1,1,1.0,,0.0,0,1975.0,A01,138Â 208Â 680,1.0,0.0,-1.0,1724510,1.0,7,,0.0,1.0,3.0,A01,138Â 208Â 680,1.0
1010290,201900051821,1,7,17:50,5,2,1,2.0,6.0,75120,AVENUE LEON GAUMONT,M,"48,8509870","2,4158940",75,2019,50.0,1.0,2.0,4.0,2259263,10.0,3,4,2,1.0,,3.0,3,1964.0,A01,138Â 208Â 680,8.0,0.0,-1.0,1724510,1.0,7,,0.0,1.0,3.0,A01,138Â 208Â 680,1.0
1010291,201900051822,1,7,16:45,1,2,2,2.0,6.0,75120,RUE LE BUA,M,"48,8678100","2,4035770",75,2019,50.0,1.0,2.0,4.0,2259264,10.0,3,4,2,2.0,,3.0,5,2008.0,A01,138Â 208Â 679,8.0,0.0,-1.0,1724511,2.0,7,,0.0,1.0,2.0,A01,138Â 208Â 679,1.0
1010291,201900051822,1,7,16:45,1,2,2,2.0,6.0,75120,RUE LE BUA,M,"48,8678100","2,4035770",75,2019,50.0,1.0,2.0,4.0,2259265,1.0,1,1,1,0.0,,0.0,0,1996.0,A01,138Â 208Â 679,1.0,0.0,-1.0,1724511,2.0,7,,0.0,1.0,2.0,A01,138Â 208Â 679,1.0
1010292,201900051823,1,7,08:50,1,2,2,1.0,3.0,75119,BOULEVARD MACDONALD,M,"48,8987420","2,3711040",75,2019,30.0,1.0,1.0,4.0,2259266,1.0,1,4,1,1.0,,0.0,0,1966.0,B01,138Â 208Â 677,2.0,6.0,-1.0,1724512,2.0,33,,0.0,2.0,8.0,B01,138Â 208Â 677,1.0
1010292,201900051823,1,7,08:50,1,2,2,1.0,3.0,75119,BOULEVARD MACDONALD,M,"48,8987420","2,3711040",75,2019,30.0,1.0,1.0,4.0,2259266,1.0,1,4,1,1.0,,0.0,0,1966.0,B01,138Â 208Â 677,2.0,6.0,-1.0,1724513,2.0,10,,0.0,2.0,2.0,A01,138Â 208Â 678,1.0
1010292,201900051823,1,7,08:50,1,2,2,1.0,3.0,75119,BOULEVARD MACDONALD,M,"48,8987420","2,3711040",75,2019,30.0,1.0,1.0,4.0,2259267,1.0,1,1,1,1.0,,0.0,0,1980.0,A01,138Â 208Â 678,1.0,0.0,-1.0,1724512,2.0,33,,0.0,2.0,8.0,B01,138Â 208Â 677,1.0
1010292,201900051823,1,7,08:50,1,2,2,1.0,3.0,75119,BOULEVARD MACDONALD,M,"48,8987420","2,3711040",75,2019,30.0,1.0,1.0,4.0,2259267,1.0,1,1,1,1.0,,0.0,0,1980.0,A01,138Â 208Â 678,1.0,0.0,-1.0,1724513,2.0,10,,0.0,2.0,2.0,A01,138Â 208Â 678,1.0
1010293,201900051824,1,6,17:55,5,2,2,1.0,6.0,75116,RUE MOLITOR,M,"48,8452380","2,2619050",75,2019,50.0,1.0,1.0,4.0,2259268,10.0,3,4,1,5.0,,2.0,3,1960.0,A01,138Â 208Â 676,8.0,0.0,-1.0,1724514,1.0,7,,0.0,1.0,0.0,A01,138Â 208Â 676,1.0
1010293,201900051824,1,6,17:55,5,2,2,1.0,6.0,75116,RUE MOLITOR,M,"48,8452380","2,2619050",75,2019,50.0,1.0,1.0,4.0,2259269,1.0,1,1,2,5.0,,0.0,0,1950.0,A01,138Â 208Â 676,1.0,0.0,-1.0,1724514,1.0,7,,0.0,1.0,0.0,A01,138Â 208Â 676,1.0
1010294,201900051825,1,7,21:25,5,2,3,2.0,3.0,75113,AVENUE D ITALIE,M,"48,8251400","2,3575820",75,2019,50.0,1.0,2.0,4.0,2259270,1.0,1,1,2,5.0,,0.0,0,1992.0,A01,138Â 208Â 674,1.0,0.0,-1.0,1724515,1.0,7,,0.0,2.0,3.0,A01,138Â 208Â 674,1.0
1010294,201900051825,1,7,21:25,5,2,3,2.0,3.0,75113,AVENUE D ITALIE,M,"48,8251400","2,3575820",75,2019,50.0,1.0,2.0,4.0,2259270,1.0,1,1,2,5.0,,0.0,0,1992.0,A01,138Â 208Â 674,1.0,0.0,-1.0,1724516,1.0,32,,0.0,2.0,3.0,B01,138Â 208Â 675,1.0
1010294,201900051825,1,7,21:25,5,2,3,2.0,3.0,75113,AVENUE D ITALIE,M,"48,8251400","2,3575820",75,2019,50.0,1.0,2.0,4.0,2259271,1.0,1,4,1,5.0,,0.0,0,1989.0,B01,138Â 208Â 675,2.0,6.0,-1.0,1724515,1.0,7,,0.0,2.0,3.0,A01,138Â 208Â 674,1.0
1010294,201900051825,1,7,21:25,5,2,3,2.0,3.0,75113,AVENUE D ITALIE,M,"48,8251400","2,3575820",75,2019,50.0,1.0,2.0,4.0,2259271,1.0,1,4,1,5.0,,0.0,0,1989.0,B01,138Â 208Â 675,2.0,6.0,-1.0,1724516,1.0,32,,0.0,2.0,3.0,B01,138Â 208Â 675,1.0
1010295,201900051826,1,7,15:25,1,2,3,2.0,6.0,75112,AVENUE DU GENERAL MICHEL BIZOT,M,"48,8376870","2,4038140",75,2019,30.0,1.0,2.0,4.0,2259272,1.0,1,1,1,0.0,,0.0,0,1993.0,A01,138Â 208Â 673,2.0,6.0,-1.0,1724517,1.0,30,,0.0,1.0,1.0,A01,138Â 208Â 673,1.0
1010295,201900051826,1,7,15:25,1,2,3,2.0,6.0,75112,AVENUE DU GENERAL MICHEL BIZOT,M,"48,8376870","2,4038140",75,2019,30.0,1.0,2.0,4.0,2259273,10.0,3,4,2,0.0,,3.0,3,1934.0,A01,138Â 208Â 673,8.0,0.0,-1.0,1724517,1.0,30,,0.0,1.0,1.0,A01,138Â 208Â 673,1.0
1010296,201900051827,1,7,07:25,5,2,2,1.0,3.0,75109,RUE DE CHATEAUDUN,M,"48,8760870","2,3371220",75,2019,50.0,6.0,1.0,4.0,2259274,1.0,1,1,1,1.0,,-1.0,0,1957.0,B01,138Â 208Â 671,1.0,0.0,-1.0,1724518,2.0,10,,0.0,2.0,3.0,B01,138Â 208Â 671,1.0
1010296,201900051827,1,7,07:25,5,2,2,1.0,3.0,75109,RUE DE CHATEAUDUN,M,"48,8760870","2,3371220",75,2019,50.0,6.0,1.0,4.0,2259274,1.0,1,1,1,1.0,,-1.0,0,1957.0,B01,138Â 208Â 671,1.0,0.0,-1.0,1724519,1.0,1,,0.0,2.0,1.0,A01,138Â 208Â 672,5.0
1010296,201900051827,1,7,07:25,5,2,2,1.0,3.0,75109,RUE DE CHATEAUDUN,M,"48,8760870","2,3371220",75,2019,50.0,6.0,1.0,4.0,2259275,1.0,1,4,2,1.0,,0.0,0,1993.0,A01,138Â 208Â 672,2.0,0.0,-1.0,1724518,2.0,10,,0.0,2.0,3.0,B01,138Â 208Â 671,1.0
1010296,201900051827,1,7,07:25,5,2,2,1.0,3.0,75109,RUE DE CHATEAUDUN,M,"48,8760870","2,3371220",75,2019,50.0,6.0,1.0,4.0,2259275,1.0,1,4,2,1.0,,0.0,0,1993.0,A01,138Â 208Â 672,2.0,0.0,-1.0,1724519,1.0,1,,0.0,2.0,1.0,A01,138Â 208Â 672,5.0
1010297,201900051828,1,5,20:40,5,2,2,8.0,3.0,75102,BOULEVARD DES CAPUCINES,M,"48,8709690","2,3341540",75,2019,50.0,1.0,1.0,4.0,2259276,2.0,2,1,2,0.0,,0.0,0,1973.0,A01,138Â 208Â 669,1.0,0.0,-1.0,1724520,2.0,7,,0.0,2.0,6.0,A01,138Â 208Â 669,1.0