Unnamed: 0_x,num_acc,mois,jour,hrmn,lum,agg,int,atm,col,com,adr,gps,lat,long,dep,annee,vma,situ,surf,catr,Unnamed: 0_y,place,catu,grav,sexe,trajet,secu,locp,actp,an_nais,num_veh_x,id_vehicule_x,secu1,secu2,secu3,Unnamed: 0,senc,catv,occutc,obs,obsm,choc,num_veh_y,id_vehicule_y,motor
1010297,201900051828,1,5,20:40,5,2,2,8.0,3.0,75102,BOULEVARD DES CAPUCINES,M,"48,8709690","2,3341540",75,2019,50.0,1.0,1.0,4.0,2259276,2.0,2,1,2,0.0,,0.0,0,1973.0,A01,138Â 208Â 669,1.0,0.0,-1.0,1724521,2.0,30,,0.0,2.0,1.0,B01,138Â 208Â 670,1.0
1010297,201900051828,1,5,20:40,5,2,2,8.0,3.0,75102,BOULEVARD DES CAPUCINES,M,"48,8709690","2,3341540",75,2019,50.0,1.0,1.0,4.0,2259277,1.0,1,1,1,5.0,,0.0,0,1975.0,A01,138Â 208Â 669,1.0,0.0,-1.0,1724520,2.0,7,,0.0,2.0,6.0,A01,138Â 208Â 669,1.0
1010297,201900051828,1,5,20:40,5,2,2,8.0,3.0,75102,BOULEVARD DES CAPUCINES,M,"48,8709690","2,3341540",75,2019,50.0,1.0,1.0,4.0,2259277,1.0,1,1,1,5.0,,0.0,0,1975.0,A01,138Â 208Â 669,1.0,0.0,-1.0,1724521,2.0,30,,0.0,2.0,1.0,B01,138Â 208Â 670,1.0
1010297,201900051828,1,5,20:40,5,2,2,8.0,3.0,75102,BOULEVARD DES CAPUCINES,M,"48,8709690","2,3341540",75,2019,50.0,1.0,1.0,4.0,2259278,2.0,2,1,1,0.0,,0.0,0,2000.0,B01,138Â 208Â 670,2.0,6.0,-1.0,1724520,2.0,7,,0.0,2.0,6.0,A01,138Â 208Â 669,1.0
1010297,201900051828,1,5,20:40,5,2,2,8.0,3.0,75102,BOULEVARD DES CAPUCINES,M,"48,8709690","2,3341540",75,2019,50.0,1.0,1.0,4.0,2259278,2.0,2,1,1,0.0,,0.0,0,2000.0,B01,138Â 208Â 670,2.0,6.0,-1.0,1724521,2.0,30,,0.0,2.0,1.0,B01,138Â 208Â 670,1.0
1010297,201900051828,1,5,20:40,5,2,2,8.0,3.0,75102,BOULEVARD DES CAPUCINES,M,"48,8709690","2,3341540",75,2019,50.0,1.0,1.0,4.0,2259279,1.0,1,4,1,0.0,,0.0,0,2001.0,B01,138Â 208Â 670,2.0,6.0,-1.0,1724520,2.0,7,,0.0,2.0,6.0,A01,138Â 208Â 669,1.0
1010297,201900051828,1,5,20:40,5,2,2,8.0,3.0,75102,BOULEVARD DES CAPUCINES,M,"48,8709690","2,3341540",75,2019,50.0,1.0,1.0,4.0,2259279,1.0,1,4,1,0.0,,0.0,0,2001.0,B01,138Â 208Â 670,2.0,6.0,-1.0,1724521,2.0,30,,0.0,2.0,1.0,B01,138Â 208Â 670,1.0
1010298,201900051829,1,7,17:20,2,2,5,2.0,6.0,75103,RUE DE TURBIGO,M,"48,8653570","2,3556710",75,2019,30.0,1.0,2.0,4.0,2259280,10.0,3,3,2,3.0,,2.0,3,1965.0,A01,138Â 208Â 668,8.0,0.0,-1.0,1724522,2.0,7,,0.0,1.0,2.0,A01,138Â 208Â 668,1.0
1010298,201900051829,1,7,17:20,2,2,5,2.0,6.0,75103,RUE DE TURBIGO,M,"48,8653570","2,3556710",75,2019,30.0,1.0,2.0,4.0,2259281,1.0,1,1,2,9.0,,0.0,0,1948.0,A01,138Â 208Â 668,1.0,0.0,-1.0,1724522,2.0,7,,0.0,1.0,2.0,A01,138Â 208Â 668,1.0
1010299,201900051830,1,3,14:55,1,2,9,1.0,6.0,94081,CAMILLE GROULT (R),M,"48,7860790","2,3918340",94,2019,50.0,1.0,2.0,3.0,2259282,10.0,3,4,2,0.0,,4.0,3,2008.0,A01,138Â 208Â 667,8.0,0.0,-1.0,1724523,1.0,15,,0.0,1.0,1.0,A01,138Â 208Â 667,1.0
1010299,201900051830,1,3,14:55,1,2,9,1.0,6.0,94081,CAMILLE GROULT (R),M,"48,7860790","2,3918340",94,2019,50.0,1.0,2.0,3.0,2259283,1.0,1,1,2,0.0,,-1.0,0,1951.0,A01,138Â 208Â 667,1.0,8.0,-1.0,1724523,1.0,15,,0.0,1.0,1.0,A01,138Â 208Â 667,1.0
1010300,201900051831,1,7,13:55,1,2,1,1.0,7.0,94059,KIOSQUES (ALL DES),M,"48,8010600","2,5886600",94,2019,30.0,1.0,1.0,4.0,2259284,1.0,1,4,1,0.0,,-1.0, -1,1973.0,A01,138Â 208Â 664,2.0,8.0,-1.0,1724524,3.0,30,,15.0,0.0,8.0,A01,138Â 208Â 664,1.0
1010301,201900051832,1,7,20:35,5,2,9,2.0,2.0,93010,GALLIENI (AV.) DE 1 A 109,M,"48,9050350","2,4758830",93,2019,50.0,1.0,2.0,3.0,2259285,1.0,1,4,2,0.0,,-1.0, -1,1944.0,A01,138Â 208Â 662,1.0,0.0,-1.0,1724525,1.0,7,,0.0,0.0,0.0,A01,138Â 208Â 662,6.0
1010301,201900051832,1,7,20:35,5,2,9,2.0,2.0,93010,GALLIENI (AV.) DE 1 A 109,M,"48,9050350","2,4758830",93,2019,50.0,1.0,2.0,3.0,2259285,1.0,1,4,2,0.0,,-1.0, -1,1944.0,A01,138Â 208Â 662,1.0,0.0,-1.0,1724526,1.0,7,,0.0,0.0,0.0,B01,138Â 208Â 663,6.0
1010301,201900051832,1,7,20:35,5,2,9,2.0,2.0,93010,GALLIENI (AV.) DE 1 A 109,M,"48,9050350","2,4758830",93,2019,50.0,1.0,2.0,3.0,2259286,2.0,2,1,1,0.0,,-1.0, -1,1979.0,A01,138Â 208Â 662,1.0,0.0,-1.0,1724525,1.0,7,,0.0,0.0,0.0,A01,138Â 208Â 662,6.0
1010301,201900051832,1,7,20:35,5,2,9,2.0,2.0,93010,GALLIENI (AV.) DE 1 A 109,M,"48,9050350","2,4758830",93,2019,50.0,1.0,2.0,3.0,2259286,2.0,2,1,1,0.0,,-1.0, -1,1979.0,A01,138Â 208Â 662,1.0,0.0,-1.0,1724526,1.0,7,,0.0,0.0,0.0,B01,138Â 208Â 663,6.0
1010302,201900051833,1,7,08:00,1,2,4,1.0,2.0,92050,COMMUNE DE PARIS (AVENUE DE LA),M,"48,9075674","2,2122145",92,2019,50.0,1.0,1.0,4.0,2259287,1.0,1,4,1,1.0,,-1.0,0,1985.0,A01,138Â 208Â 658,8.0,0.0,-1.0,1724527,1.0,7,,0.0,2.0,1.0,A01,138Â 208Â 658,6.0
1010302,201900051833,1,7,08:00,1,2,4,1.0,2.0,92050,COMMUNE DE PARIS (AVENUE DE LA),M,"48,9075674","2,2122145",92,2019,50.0,1.0,1.0,4.0,2259287,1.0,1,4,1,1.0,,-1.0,0,1985.0,A01,138Â 208Â 658,8.0,0.0,-1.0,1724528,1.0,10,,0.0,2.0,4.0,B01,138Â 208Â 659,6.0
1010302,201900051833,1,7,08:00,1,2,4,1.0,2.0,92050,COMMUNE DE PARIS (AVENUE DE LA),M,"48,9075674","2,2122145",92,2019,50.0,1.0,1.0,4.0,2259288,1.0,1,1,1,1.0,,-1.0,0,1969.0,B01,138Â 208Â 659,1.0,0.0,-1.0,1724527,1.0,7,,0.0,2.0,1.0,A01,138Â 208Â 658,6.0
1010302,201900051833,1,7,08:00,1,2,4,1.0,2.0,92050,COMMUNE DE PARIS (AVENUE DE LA),M,"48,9075674","2,2122145",92,2019,50.0,1.0,1.0,4.0,2259288,1.0,1,1,1,1.0,,-1.0,0,1969.0,B01,138Â 208Â 659,1.0,0.0,-1.0,1724528,1.0,10,,0.0,2.0,4.0,B01,138Â 208Â 659,6.0
1010303,201900051834,1,6,14:15,1,2,1,1.0,6.0,97231,D7,M,"14,5362120"," -61,0336340",972,2019,50.0,1.0,1.0,3.0,2259289,1.0,1,1,1,5.0,,0.0,0,1998.0,A01,138Â 208Â 657,0.0,-1.0,-1.0,1724529,1.0,2,,0.0,1.0,0.0,A01,138Â 208Â 657,1.0
1010303,201900051834,1,6,14:15,1,2,1,1.0,6.0,97231,D7,M,"14,5362120"," -61,0336340",972,2019,50.0,1.0,1.0,3.0,2259290,10.0,3,3,1,5.0,,2.0,3,1973.0,A01,138Â 208Â 657,0.0,-1.0,-1.0,1724529,1.0,2,,0.0,1.0,0.0,A01,138Â 208Â 657,1.0
1010304,201900051835,1,6,10:45,1,1,1,1.0,7.0,97221,Quartier LÃ -haut,M,"14,5224170"," -60,9664110",972,2019,-1.0,1.0,1.0,3.0,2259291,1.0,1,3,1,5.0,,0.0,0,2002.0,A01,138Â 208Â 656,0.0,-1.0,-1.0,1724530,1.0,1,,0.0,0.0,0.0,A01,138Â 208Â 656,5.0
1010305,201900051836,1,8,02:35,3,2,4,1.0,6.0,71256,route de villegaudin,M,"46,7448490","5,0835060",71,2019,50.0,3.0,1.0,3.0,2259292,1.0,1,3,1,5.0,,0.0,0,1985.0,A01,138Â 208Â 653,1.0,-1.0,-1.0,1724531,2.0,7,,8.0,0.0,7.0,A01,138Â 208Â 653,1.0
1010306,201900051837,1,5,16:50,1,1,1,1.0,6.0,87177,lieu-dit le moulin de la mie,M,"45,8097790","1,1152660",87,2019,80.0,3.0,1.0,3.0,2259293,1.0,1,3,2,5.0,,0.0,0,1987.0,A01,138Â 208Â 652,1.0,-1.0,-1.0,1724532,1.0,7,,15.0,0.0,2.0,A01,138Â 208Â 652,1.0
1010307,201900051838,1,6,10:30,1,2,1,1.0,3.0,62750,rue principale,M,"50,5749420","2,4111240",62,2019,50.0,1.0,1.0,3.0,2259294,1.0,1,1,1,4.0,,0.0,0,1972.0,A01,138Â 208Â 650,0.0,-1.0,-1.0,1724533,2.0,21,,0.0,2.0,1.0,A01,138Â 208Â 650,1.0
1010307,201900051838,1,6,10:30,1,2,1,1.0,3.0,62750,rue principale,M,"50,5749420","2,4111240",62,2019,50.0,1.0,1.0,3.0,2259294,1.0,1,1,1,4.0,,0.0,0,1972.0,A01,138Â 208Â 650,0.0,-1.0,-1.0,1724534,1.0,1,,0.0,2.0,1.0,B01,138Â 208Â 651,5.0
1010307,201900051838,1,6,10:30,1,2,1,1.0,3.0,62750,rue principale,M,"50,5749420","2,4111240",62,2019,50.0,1.0,1.0,3.0,2259295,1.0,1,3,1,5.0,,0.0,0,1949.0,B01,138Â 208Â 651,2.0,-1.0,-1.0,1724533,2.0,21,,0.0,2.0,1.0,A01,138Â 208Â 650,1.0
1010307,201900051838,1,6,10:30,1,2,1,1.0,3.0,62750,rue principale,M,"50,5749420","2,4111240",62,2019,50.0,1.0,1.0,3.0,2259295,1.0,1,3,1,5.0,,0.0,0,1949.0,B01,138Â 208Â 651,2.0,-1.0,-1.0,1724534,1.0,1,,0.0,2.0,1.0,B01,138Â 208Â 651,5.0
1010308,201900051839,1,7,06:55,3,1,1,1.0,6.0,57178,RD 674 PK 45+285,M,"49,0122035","6,8599051",57,2019,80.0,8.0,1.0,3.0,2259296,1.0,1,3,1,5.0,,0.0,0,1998.0,A01,138Â 208Â 649,1.0,-1.0,-1.0,1724535,1.0,7,,0.0,0.0,9.0,A01,138Â 208Â 649,1.0
1010309,201900051840,1,7,13:50,1,1,1,7.0,6.0,57422,D910,M,"48,9563550","6,1787300",57,2019,80.0,3.0,1.0,3.0,2259297,10.0,3,1,1,9.0,,6.0,2,1993.0,A01,138Â 208Â 648,0.0,-1.0,-1.0,1724536,2.0,10,,0.0,1.0,2.0,A01,138Â 208Â 648,0.0
1010309,201900051840,1,7,13:50,1,1,1,7.0,6.0,57422,D910,M,"48,9563550","6,1787300",57,2019,80.0,3.0,1.0,3.0,2259298,10.0,3,3,1,9.0,,6.0,2,1968.0,A01,138Â 208Â 648,0.0,-1.0,-1.0,1724536,2.0,10,,0.0,1.0,2.0,A01,138Â 208Â 648,0.0
1010310,201900051841,1,7,19:30,3,1,1,1.0,7.0,56022,KerdrÃ©an la ForÃªt,M,"47,7924000"," -2,8946200",56,2019,80.0,3.0,1.0,3.0,2259299,1.0,1,3,1,1.0,,0.0,0,1989.0,A01,138Â 208Â 647,2.0,6.0,-1.0,1724537,1.0,33,,0.0,0.0,0.0,A01,138Â 208Â 647,1.0
1010311,201900051842,1,4,18:45,5,2,1,1.0,6.0,82101,01 Avenue de quercy,M,"44,0915730","0,9720450",82,2019,50.0,1.0,1.0,3.0,2259300,10.0,3,3,2,3.0,,2.0,3,1956.0,A01,138Â 208Â 646,0.0,-1.0,-1.0,1724538,1.0,7,,0.0,1.0,3.0,A01,138Â 208Â 646,1.0
1010311,201900051842,1,4,18:45,5,2,1,1.0,6.0,82101,01 Avenue de quercy,M,"44,0915730","0,9720450",82,2019,50.0,1.0,1.0,3.0,2259301,1.0,1,1,1,5.0,,0.0,0,1999.0,A01,138Â 208Â 646,1.0,-1.0,-1.0,1724538,1.0,7,,0.0,1.0,3.0,A01,138Â 208Â 646,1.0
1010312,201900051843,1,7,16:45,1,2,1,8.0,6.0,82134,1 rue du 11 novembre 1918,M,"44,0761190","1,5212320",82,2019,50.0,1.0,1.0,3.0,2259302,10.0,3,3,2,2.0,,2.0,3,2014.0,A01,138Â 208Â 645,0.0,-1.0,-1.0,1724539,1.0,7,,0.0,1.0,0.0,A01,138Â 208Â 645,1.0
1010312,201900051843,1,7,16:45,1,2,1,8.0,6.0,82134,1 rue du 11 novembre 1918,M,"44,0761190","1,5212320",82,2019,50.0,1.0,1.0,3.0,2259303,1.0,1,1,2,2.0,,0.0,0,1992.0,A01,138Â 208Â 645,8.0,-1.0,-1.0,1724539,1.0,7,,0.0,1.0,0.0,A01,138Â 208Â 645,1.0
1010313,201900051844,1,7,17:30,3,1,3,1.0,3.0,61126,D509,M,"48,5381170","0,3949060",61,2019,80.0,1.0,1.0,3.0,2259304,1.0,1,1,1,4.0,,0.0,0,1960.0,B01,138Â 208Â 643,1.0,-1.0,-1.0,1724540,2.0,37,2.0,0.0,2.0,8.0,B01,138Â 208Â 643,1.0
1010313,201900051844,1,7,17:30,3,1,3,1.0,3.0,61126,D509,M,"48,5381170","0,3949060",61,2019,80.0,1.0,1.0,3.0,2259304,1.0,1,1,1,4.0,,0.0,0,1960.0,B01,138Â 208Â 643,1.0,-1.0,-1.0,1724541,3.0,21,,0.0,2.0,1.0,A01,138Â 208Â 644,1.0
1010313,201900051844,1,7,17:30,3,1,3,1.0,3.0,61126,D509,M,"48,5381170","0,3949060",61,2019,80.0,1.0,1.0,3.0,2259305,2.0,2,4,2,4.0,,0.0,0,1971.0,B01,138Â 208Â 643,1.0,-1.0,-1.0,1724540,2.0,37,2.0,0.0,2.0,8.0,B01,138Â 208Â 643,1.0
1010313,201900051844,1,7,17:30,3,1,3,1.0,3.0,61126,D509,M,"48,5381170","0,3949060",61,2019,80.0,1.0,1.0,3.0,2259305,2.0,2,4,2,4.0,,0.0,0,1971.0,B01,138Â 208Â 643,1.0,-1.0,-1.0,1724541,3.0,21,,0.0,2.0,1.0,A01,138Â 208Â 644,1.0
1010313,201900051844,1,7,17:30,3,1,3,1.0,3.0,61126,D509,M,"48,5381170","0,3949060",61,2019,80.0,1.0,1.0,3.0,2259306,1.0,1,1,1,4.0,,0.0,0,1967.0,A01,138Â 208Â 644,0.0,-1.0,-1.0,1724540,2.0,37,2.0,0.0,2.0,8.0,B01,138Â 208Â 643,1.0
1010313,201900051844,1,7,17:30,3,1,3,1.0,3.0,61126,D509,M,"48,5381170","0,3949060",61,2019,80.0,1.0,1.0,3.0,2259306,1.0,1,1,1,4.0,,0.0,0,1967.0,A01,138Â 208Â 644,0.0,-1.0,-1.0,1724541,3.0,21,,0.0,2.0,1.0,A01,138Â 208Â 644,1.0
1010314,201900051845,1,7,19:10,5,2,1,1.0,6.0,49002,rue albert pottier,M,"47,2932680","0,0233760",49,2019,50.0,1.0,1.0,3.0,2259307,1.0,1,1,1,-1.0,,-1.0, -1,1959.0,B01,138Â 208Â 642,1.0,-1.0,-1.0,1724542,1.0,7,,0.0,1.0,1.0,B01,138Â 208Â 642,1.0
1010314,201900051845,1,7,19:10,5,2,1,1.0,6.0,49002,rue albert pottier,M,"47,2932680","0,0233760",49,2019,50.0,1.0,1.0,3.0,2259308,10.0,3,3,1,9.0,,0.0,0,1943.0,B01,138Â 208Â 642,0.0,0.0,0.0,1724542,1.0,7,,0.0,1.0,1.0,B01,138Â 208Â 642,1.0
1010315,201900051846,1,7,14:18,1,1,1,1.0,6.0,12224,lieu dit le GOUTAL,M,"44,4697530","2,9448500",12,2019,80.0,3.0,1.0,3.0,2259309,1.0,1,3,2,4.0,,0.0,0,1961.0,A01,138Â 208Â 641,1.0,-1.0,-1.0,1724543,2.0,7,,13.0,0.0,1.0,A01,138Â 208Â 641,1.0
1010316,201900051847,1,7,16:30,1,2,3,1.0,1.0,44041,intersection D65 et rue de la michellerie,M,"47,0993970"," -1,6084540",44,2019,50.0,1.0,1.0,3.0,2259310,1.0,1,3,1,3.0,,0.0,0,1967.0,B01,138Â 208Â 639,9.0,-1.0,-1.0,1724544,1.0,30,,0.0,2.0,1.0,B01,138Â 208Â 639,0.0
1010316,201900051847,1,7,16:30,1,2,3,1.0,1.0,44041,intersection D65 et rue de la michellerie,M,"47,0993970"," -1,6084540",44,2019,50.0,1.0,1.0,3.0,2259310,1.0,1,3,1,3.0,,0.0,0,1967.0,B01,138Â 208Â 639,9.0,-1.0,-1.0,1724545,2.0,7,,0.0,2.0,2.0,A01,138Â 208Â 640,0.0
1010316,201900051847,1,7,16:30,1,2,3,1.0,1.0,44041,intersection D65 et rue de la michellerie,M,"47,0993970"," -1,6084540",44,2019,50.0,1.0,1.0,3.0,2259311,1.0,1,1,1,3.0,,0.0,0,1943.0,A01,138Â 208Â 640,1.0,-1.0,-1.0,1724544,1.0,30,,0.0,2.0,1.0,B01,138Â 208Â 639,0.0
1010316,201900051847,1,7,16:30,1,2,3,1.0,1.0,44041,intersection D65 et rue de la michellerie,M,"47,0993970"," -1,6084540",44,2019,50.0,1.0,1.0,3.0,2259311,1.0,1,1,1,3.0,,0.0,0,1943.0,A01,138Â 208Â 640,1.0,-1.0,-1.0,1724545,2.0,7,,0.0,2.0,2.0,A01,138Â 208Â 640,0.0
1010317,201900051848,1,5,17:40,2,1,1,1.0,6.0,29235,N165,M,"48,3959570"," -4,4080970",29,2019,70.0,1.0,1.0,2.0,2259312,1.0,1,1,1,4.0,,0.0,0,1980.0,B01,138Â 208Â 637,2.0,6.0,-1.0,1724546,1.0,33,,0.0,0.0,8.0,B01,138Â 208Â 637,1.0
1010317,201900051848,1,5,17:40,2,1,1,1.0,6.0,29235,N165,M,"48,3959570"," -4,4080970",29,2019,70.0,1.0,1.0,2.0,2259312,1.0,1,1,1,4.0,,0.0,0,1980.0,B01,138Â 208Â 637,2.0,6.0,-1.0,1724547,1.0,33,,1.0,0.0,1.0,A01,138Â 208Â 638,1.0
1010317,201900051848,1,5,17:40,2,1,1,1.0,6.0,29235,N165,M,"48,3959570"," -4,4080970",29,2019,70.0,1.0,1.0,2.0,2259313,1.0,1,4,1,1.0,,0.0,0,1962.0,A01,138Â 208Â 638,2.0,6.0,9.0,1724546,1.0,33,,0.0,0.0,8.0,B01,138Â 208Â 637,1.0
1010317,201900051848,1,5,17:40,2,1,1,1.0,6.0,29235,N165,M,"48,3959570"," -4,4080970",29,2019,70.0,1.0,1.0,2.0,2259313,1.0,1,4,1,1.0,,0.0,0,1962.0,A01,138Â 208Â 638,2.0,6.0,9.0,1724547,1.0,33,,1.0,0.0,1.0,A01,138Â 208Â 638,1.0
1010318,201900051849,1,8,07:00,2,1,1,1.0,1.0,02063,D1044,M,"49,9144160","3,2556040",2,2019,80.0,1.0,1.0,3.0,2259314,1.0,1,4,1,1.0,,0.0,0,1972.0,B01,138Â 208Â 635,1.0,9.0,-1.0,1724548,1.0,7,,0.0,0.0,2.0,B01,138Â 208Â 635,1.0
1010318,201900051849,1,8,07:00,2,1,1,1.0,1.0,02063,D1044,M,"49,9144160","3,2556040",2,2019,80.0,1.0,1.0,3.0,2259314,1.0,1,4,1,1.0,,0.0,0,1972.0,B01,138Â 208Â 635,1.0,9.0,-1.0,1724549,2.0,7,,3.0,0.0,2.0,A01,138Â 208Â 636,1.0
1010318,201900051849,1,8,07:00,2,1,1,1.0,1.0,02063,D1044,M,"49,9144160","3,2556040",2,2019,80.0,1.0,1.0,3.0,2259315,1.0,1,4,1,1.0,,0.0,0,1973.0,A01,138Â 208Â 636,1.0,9.0,-1.0,1724548,1.0,7,,0.0,0.0,2.0,B01,138Â 208Â 635,1.0
1010318,201900051849,1,8,07:00,2,1,1,1.0,1.0,02063,D1044,M,"49,9144160","3,2556040",2,2019,80.0,1.0,1.0,3.0,2259315,1.0,1,4,1,1.0,,0.0,0,1973.0,A01,138Â 208Â 636,1.0,9.0,-1.0,1724549,2.0,7,,3.0,0.0,2.0,A01,138Â 208Â 636,1.0
1010319,201900051850,1,8,08:15,2,1,2,1.0,3.0,50200,lieu dit le bouillonnet,M,"48,6720960"," -0,8322800",50,2019,80.0,1.0,2.0,3.0,2259316,1.0,1,1,1,0.0,,0.0,0,1950.0,B01,138Â 208Â 631,1.0,-1.0,-1.0,1724550,0.0,7,,0.0,2.0,3.0,B01,138Â 208Â 631,1.0
1010319,201900051850,1,8,08:15,2,1,2,1.0,3.0,50200,lieu dit le bouillonnet,M,"48,6720960"," -0,8322800",50,2019,80.0,1.0,2.0,3.0,2259316,1.0,1,1,1,0.0,,0.0,0,1950.0,B01,138Â 208Â 631,1.0,-1.0,-1.0,1724551,3.0,2,,0.0,0.0,7.0,A01,138Â 208Â 632,1.0
1010319,201900051850,1,8,08:15,2,1,2,1.0,3.0,50200,lieu dit le bouillonnet,M,"48,6720960"," -0,8322800",50,2019,80.0,1.0,2.0,3.0,2259317,1.0,1,3,2,0.0,,0.0,0,1994.0,A01,138Â 208Â 632,6.0,2.0,-1.0,1724550,0.0,7,,0.0,2.0,3.0,B01,138Â 208Â 631,1.0
1010319,201900051850,1,8,08:15,2,1,2,1.0,3.0,50200,lieu dit le bouillonnet,M,"48,6720960"," -0,8322800",50,2019,80.0,1.0,2.0,3.0,2259317,1.0,1,3,2,0.0,,0.0,0,1994.0,A01,138Â 208Â 632,6.0,2.0,-1.0,1724551,3.0,2,,0.0,0.0,7.0,A01,138Â 208Â 632,1.0
1010320,201900051851,1,8,01:10,3,1,1,1.0,7.0,40078,Route du pontic,M,"43,6842220"," -0,7590700",40,2019,80.0,3.0,1.0,4.0,2259318,1.0,1,3,1,4.0,,0.0,0,1974.0,A01,138Â 208Â 630,1.0,-1.0,-1.0,1724552,3.0,13,,8.0,0.0,8.0,A01,138Â 208Â 630,1.0
1010321,201900051852,1,8,17:55,3,1,1,2.0,1.0,24353,D 939 - PK 53 + 600,M,"45,4886000","0,4004900",24,2019,80.0,1.0,2.0,3.0,2259319,1.0,1,2,1,5.0,,0.0,0,1936.0,A01,138Â 208Â 628,1.0,-1.0,-1.0,1724553,1.0,7,,0.0,2.0,3.0,A01,138Â 208Â 628,0.0
1010321,201900051852,1,8,17:55,3,1,1,2.0,1.0,24353,D 939 - PK 53 + 600,M,"45,4886000","0,4004900",24,2019,80.0,1.0,2.0,3.0,2259319,1.0,1,2,1,5.0,,0.0,0,1936.0,A01,138Â 208Â 628,1.0,-1.0,-1.0,1724554,2.0,7,,0.0,2.0,3.0,B01,138Â 208Â 629,0.0
1010321,201900051852,1,8,17:55,3,1,1,2.0,1.0,24353,D 939 - PK 53 + 600,M,"45,4886000","0,4004900",24,2019,80.0,1.0,2.0,3.0,2259320,1.0,1,1,1,4.0,,0.0,0,1969.0,B01,138Â 208Â 629,1.0,-1.0,-1.0,1724553,1.0,7,,0.0,2.0,3.0,A01,138Â 208Â 628,0.0
1010321,201900051852,1,8,17:55,3,1,1,2.0,1.0,24353,D 939 - PK 53 + 600,M,"45,4886000","0,4004900",24,2019,80.0,1.0,2.0,3.0,2259320,1.0,1,1,1,4.0,,0.0,0,1969.0,B01,138Â 208Â 629,1.0,-1.0,-1.0,1724554,2.0,7,,0.0,2.0,3.0,B01,138Â 208Â 629,0.0
1010321,201900051852,1,8,17:55,3,1,1,2.0,1.0,24353,D 939 - PK 53 + 600,M,"45,4886000","0,4004900",24,2019,80.0,1.0,2.0,3.0,2259321,2.0,2,1,1,4.0,,0.0,0,1999.0,B01,138Â 208Â 629,1.0,-1.0,-1.0,1724553,1.0,7,,0.0,2.0,3.0,A01,138Â 208Â 628,0.0
1010321,201900051852,1,8,17:55,3,1,1,2.0,1.0,24353,D 939 - PK 53 + 600,M,"45,4886000","0,4004900",24,2019,80.0,1.0,2.0,3.0,2259321,2.0,2,1,1,4.0,,0.0,0,1999.0,B01,138Â 208Â 629,1.0,-1.0,-1.0,1724554,2.0,7,,0.0,2.0,3.0,B01,138Â 208Â 629,0.0
1010322,201900051853,1,8,10:15,1,1,1,1.0,7.0,04162,D5,M,"43,9828370","5,6532750",4,2019,80.0,3.0,1.0,3.0,2259322,1.0,1,4,1,1.0,,0.0,0,1995.0,A01,138Â 208Â 627,2.0,-1.0,-1.0,1724555,1.0,2,,0.0,0.0,0.0,A01,138Â 208Â 627,1.0
1010323,201900051854,1,8,07:10,3,1,1,1.0,6.0,27427,RD 830,M,"48,8795390","0,7416000",27,2019,-1.0,1.0,2.0,3.0,2259323,10.0,3,3,1,0.0,,1.0,1,1975.0,A01,138Â 208Â 626,0.0,-1.0,-1.0,1724556,1.0,7,,0.0,1.0,3.0,A01,138Â 208Â 626,1.0
1010323,201900051854,1,8,07:10,3,1,1,1.0,6.0,27427,RD 830,M,"48,8795390","0,7416000",27,2019,-1.0,1.0,2.0,3.0,2259324,1.0,1,1,2,1.0,,0.0,0,1966.0,A01,138Â 208Â 626,1.0,-1.0,-1.0,1724556,1.0,7,,0.0,1.0,3.0,A01,138Â 208Â 626,1.0
1010324,201900051855,1,8,10:50,1,1,1,1.0,7.0,17463,"route de la Rochelle, canal de Rochefort",M,"45,9810690"," -1,0003730",17,2019,80.0,8.0,1.0,4.0,2259325,1.0,1,2,1,5.0,,0.0,0,1979.0,A01,138Â 208Â 625,0.0,-1.0,-1.0,1724557,3.0,10,,13.0,0.0,8.0,A01,138Â 208Â 625,1.0
1010325,201900051856,1,3,11:50,1,1,1,1.0,7.0,88472,D18 - PK24 + 100,M,"48,1622560","6,0037430",88,2019,80.0,8.0,1.0,3.0,2259326,1.0,1,1,1,3.0,,0.0,0,1966.0,A01,138Â 208Â 624,1.0,-1.0,-1.0,1724558,1.0,7,,16.0,0.0,1.0,A01,138Â 208Â 624,1.0
1010325,201900051856,1,3,11:50,1,1,1,1.0,7.0,88472,D18 - PK24 + 100,M,"48,1622560","6,0037430",88,2019,80.0,8.0,1.0,3.0,2259327,2.0,2,3,1,3.0,,0.0,0,1984.0,A01,138Â 208Â 624,1.0,-1.0,-1.0,1724558,1.0,7,,16.0,0.0,1.0,A01,138Â 208Â 624,1.0
1010326,201900051857,1,8,09:00,1,1,1,1.0,3.0,13044,RD 69,M,"43,6194080","5,0377120",13,2019,80.0,1.0,1.0,3.0,2259328,1.0,1,4,1,5.0,,0.0,0,1988.0,B01,138Â 208Â 622,1.0,-1.0,-1.0,1724559,1.0,7,,0.0,2.0,8.0,B01,138Â 208Â 622,1.0
1010326,201900051857,1,8,09:00,1,1,1,1.0,3.0,13044,RD 69,M,"43,6194080","5,0377120",13,2019,80.0,1.0,1.0,3.0,2259328,1.0,1,4,1,5.0,,0.0,0,1988.0,B01,138Â 208Â 622,1.0,-1.0,-1.0,1724560,2.0,7,,0.0,2.0,8.0,A01,138Â 208Â 623,1.0