Unnamed: 0_x,num_acc,mois,jour,hrmn,lum,agg,int,atm,col,com,adr,gps,lat,long,dep,annee,vma,situ,surf,catr,Unnamed: 0_y,place,catu,grav,sexe,trajet,secu,locp,actp,an_nais,num_veh_x,id_vehicule_x,secu1,secu2,secu3,Unnamed: 0,senc,catv,occutc,obs,obsm,choc,num_veh_y,id_vehicule_y,motor
1010326,201900051857,1,8,09:00,1,1,1,1.0,3.0,13044,RD 69,M,"43,6194080","5,0377120",13,2019,80.0,1.0,1.0,3.0,2259329,1.0,1,3,1,5.0,,0.0,0,1942.0,A01,138Â 208Â 623,1.0,-1.0,-1.0,1724559,1.0,7,,0.0,2.0,8.0,B01,138Â 208Â 622,1.0
1010326,201900051857,1,8,09:00,1,1,1,1.0,3.0,13044,RD 69,M,"43,6194080","5,0377120",13,2019,80.0,1.0,1.0,3.0,2259329,1.0,1,3,1,5.0,,0.0,0,1942.0,A01,138Â 208Â 623,1.0,-1.0,-1.0,1724560,2.0,7,,0.0,2.0,8.0,A01,138Â 208Â 623,1.0
1010327,201900051858,1,7,17:15,5,2,1,2.0,6.0,78043,14 rue de Maule,M,"48,8409150","2,0767750",78,2019,50.0,5.0,2.0,4.0,2259330,10.0,3,4,1,2.0,,3.0,3,2005.0,A01,138Â 208Â 621,0.0,-1.0,-1.0,1724561,2.0,7,,0.0,1.0,1.0,A01,138Â 208Â 621,1.0
1010327,201900051858,1,7,17:15,5,2,1,2.0,6.0,78043,14 rue de Maule,M,"48,8409150","2,0767750",78,2019,50.0,5.0,2.0,4.0,2259331,1.0,1,1,1,0.0,,0.0,0,1952.0,A01,138Â 208Â 621,1.0,-1.0,-1.0,1724561,2.0,7,,0.0,1.0,1.0,A01,138Â 208Â 621,1.0
1010328,201900051859,1,7,12:12,1,2,1,1.0,1.0,97309,boulevard docteur edmard lama,M,"4,9048380"," -52,2750440",973,2019,50.0,1.0,1.0,4.0,2259332,1.0,1,3,1,2.0,,0.0,0,2005.0,B01,138Â 208Â 619,0.0,-1.0,-1.0,1724562,3.0,1,,0.0,2.0,7.0,B01,138Â 208Â 619,5.0
1010328,201900051859,1,7,12:12,1,2,1,1.0,1.0,97309,boulevard docteur edmard lama,M,"4,9048380"," -52,2750440",973,2019,50.0,1.0,1.0,4.0,2259332,1.0,1,3,1,2.0,,0.0,0,2005.0,B01,138Â 208Â 619,0.0,-1.0,-1.0,1724563,3.0,7,,0.0,9.0,1.0,A01,138Â 208Â 620,1.0
1010328,201900051859,1,7,12:12,1,2,1,1.0,1.0,97309,boulevard docteur edmard lama,M,"4,9048380"," -52,2750440",973,2019,50.0,1.0,1.0,4.0,2259333,1.0,1,1,1,0.0,,0.0,0,1965.0,A01,138Â 208Â 620,1.0,-1.0,-1.0,1724562,3.0,1,,0.0,2.0,7.0,B01,138Â 208Â 619,5.0
1010328,201900051859,1,7,12:12,1,2,1,1.0,1.0,97309,boulevard docteur edmard lama,M,"4,9048380"," -52,2750440",973,2019,50.0,1.0,1.0,4.0,2259333,1.0,1,1,1,0.0,,0.0,0,1965.0,A01,138Â 208Â 620,1.0,-1.0,-1.0,1724563,3.0,7,,0.0,9.0,1.0,A01,138Â 208Â 620,1.0
1010329,201900051860,1,7,23:20,5,2,6,1.0,6.0,06152,carrefour des Bouillides,M,"43,6172400","7,0380640",6,2019,70.0,1.0,1.0,3.0,2259334,1.0,1,4,2,5.0,,0.0,0,1996.0,A01,138Â 208Â 618,1.0,-1.0,-1.0,1724564,1.0,7,,16.0,0.0,0.0,A01,138Â 208Â 618,1.0
1010329,201900051860,1,7,23:20,5,2,6,1.0,6.0,06152,carrefour des Bouillides,M,"43,6172400","7,0380640",6,2019,70.0,1.0,1.0,3.0,2259335,2.0,2,1,1,5.0,,0.0,0,1998.0,A01,138Â 208Â 618,1.0,-1.0,-1.0,1724564,1.0,7,,16.0,0.0,0.0,A01,138Â 208Â 618,1.0
1010330,201900051861,1,7,17:25,1,1,1,1.0,2.0,97607,IRONI BE,M," -12,8531390","45,1760570",976,2019,-1.0,1.0,1.0,2.0,2259336,1.0,1,4,1,0.0,,0.0,0,1989.0,B01,138Â 208Â 616,2.0,-1.0,-1.0,1724565,0.0,2,,0.0,2.0,1.0,B01,138Â 208Â 616,0.0
1010330,201900051861,1,7,17:25,1,1,1,1.0,2.0,97607,IRONI BE,M," -12,8531390","45,1760570",976,2019,-1.0,1.0,1.0,2.0,2259336,1.0,1,4,1,0.0,,0.0,0,1989.0,B01,138Â 208Â 616,2.0,-1.0,-1.0,1724566,3.0,7,,0.0,2.0,5.0,A01,138Â 208Â 617,1.0
1010330,201900051861,1,7,17:25,1,1,1,1.0,2.0,97607,IRONI BE,M," -12,8531390","45,1760570",976,2019,-1.0,1.0,1.0,2.0,2259337,1.0,1,1,1,5.0,,0.0,0,1970.0,A01,138Â 208Â 617,1.0,-1.0,-1.0,1724565,0.0,2,,0.0,2.0,1.0,B01,138Â 208Â 616,0.0
1010330,201900051861,1,7,17:25,1,1,1,1.0,2.0,97607,IRONI BE,M," -12,8531390","45,1760570",976,2019,-1.0,1.0,1.0,2.0,2259337,1.0,1,1,1,5.0,,0.0,0,1970.0,A01,138Â 208Â 617,1.0,-1.0,-1.0,1724566,3.0,7,,0.0,2.0,5.0,A01,138Â 208Â 617,1.0
1010331,201900051862,1,8,14:45,1,1,1,1.0,7.0,97131,route de pompierre,M,"15,8715960"," -61,5733440",971,2019,50.0,3.0,2.0,4.0,2259338,1.0,1,3,1,5.0,,0.0,0,1950.0,A01,138Â 208Â 615,0.0,-1.0,-1.0,1724567,3.0,2,,13.0,0.0,8.0,A01,138Â 208Â 615,1.0
1010332,201900051863,1,8,19:00,3,1,1,2.0,3.0,11243,D6113 - PK 103.700 -,M,"43,3571300","1,8201060",11,2019,80.0,1.0,2.0,3.0,2259339,1.0,1,1,2,5.0,,0.0,0,1996.0,A01,138Â 208Â 613,1.0,-1.0,-1.0,1724568,1.0,7,,0.0,2.0,7.0,A01,138Â 208Â 613,1.0
1010332,201900051863,1,8,19:00,3,1,1,2.0,3.0,11243,D6113 - PK 103.700 -,M,"43,3571300","1,8201060",11,2019,80.0,1.0,2.0,3.0,2259339,1.0,1,1,2,5.0,,0.0,0,1996.0,A01,138Â 208Â 613,1.0,-1.0,-1.0,1724569,2.0,33,,0.0,2.0,1.0,B01,138Â 208Â 614,1.0
1010332,201900051863,1,8,19:00,3,1,1,2.0,3.0,11243,D6113 - PK 103.700 -,M,"43,3571300","1,8201060",11,2019,80.0,1.0,2.0,3.0,2259340,1.0,1,3,2,2.0,,0.0,0,1992.0,B01,138Â 208Â 614,2.0,6.0,9.0,1724568,1.0,7,,0.0,2.0,7.0,A01,138Â 208Â 613,1.0
1010332,201900051863,1,8,19:00,3,1,1,2.0,3.0,11243,D6113 - PK 103.700 -,M,"43,3571300","1,8201060",11,2019,80.0,1.0,2.0,3.0,2259340,1.0,1,3,2,2.0,,0.0,0,1992.0,B01,138Â 208Â 614,2.0,6.0,9.0,1724569,2.0,33,,0.0,2.0,1.0,B01,138Â 208Â 614,1.0
1010333,201900051864,1,7,16:00,1,2,1,1.0,6.0,34344,avenue du plein soleil,M,"43,5609140","4,0689150",34,2019,50.0,1.0,1.0,4.0,2259341,1.0,1,1,1,2.0,,0.0,0,1994.0,A01,138Â 208Â 612,1.0,-1.0,-1.0,1724570,1.0,7,,0.0,1.0,3.0,A01,138Â 208Â 612,1.0
1010333,201900051864,1,7,16:00,1,2,1,1.0,6.0,34344,avenue du plein soleil,M,"43,5609140","4,0689150",34,2019,50.0,1.0,1.0,4.0,2259342,10.0,3,3,1,5.0,,3.0,3,1942.0,A01,138Â 208Â 612,0.0,-1.0,-1.0,1724570,1.0,7,,0.0,1.0,3.0,A01,138Â 208Â 612,1.0
1010334,201900051865,1,8,11:20,1,2,1,1.0,6.0,84081,Rue GÃ©rard Philippe,M,"43,9506500","4,9027150",84,2019,50.0,8.0,1.0,4.0,2259343,1.0,1,1,1,0.0,,0.0,0,1982.0,A01,138Â 208Â 611,1.0,-1.0,-1.0,1724571,0.0,7,,0.0,1.0,1.0,A01,138Â 208Â 611,0.0
1010334,201900051865,1,8,11:20,1,2,1,1.0,6.0,84081,Rue GÃ©rard Philippe,M,"43,9506500","4,9027150",84,2019,50.0,8.0,1.0,4.0,2259344,10.0,3,3,1,3.0,,3.0,3,1951.0,A01,138Â 208Â 611,0.0,-1.0,-1.0,1724571,0.0,7,,0.0,1.0,1.0,A01,138Â 208Â 611,0.0
1010334,201900051865,1,8,11:20,1,2,1,1.0,6.0,84081,Rue GÃ©rard Philippe,M,"43,9506500","4,9027150",84,2019,50.0,8.0,1.0,4.0,2259345,10.0,3,3,2,3.0,,3.0,3,1956.0,A01,138Â 208Â 611,0.0,-1.0,-1.0,1724571,0.0,7,,0.0,1.0,1.0,A01,138Â 208Â 611,0.0
1010335,201900051866,1,7,08:30,1,2,3,1.0,6.0,06122,route de saint laurent,M,"43,7422240","7,1449660",6,2019,50.0,1.0,1.0,7.0,2259346,1.0,1,1,2,5.0,,0.0,0,1950.0,A01,138Â 208Â 610,8.0,-1.0,-1.0,1724572,1.0,7,,0.0,0.0,1.0,A01,138Â 208Â 610,0.0
1010335,201900051866,1,7,08:30,1,2,3,1.0,6.0,06122,route de saint laurent,M,"43,7422240","7,1449660",6,2019,50.0,1.0,1.0,7.0,2259347,10.0,3,3,2,5.0,,2.0,3,1959.0,A01,138Â 208Â 610,0.0,-1.0,-1.0,1724572,1.0,7,,0.0,0.0,1.0,A01,138Â 208Â 610,0.0
1010336,201900051867,9,25,11:55,1,1,1,2.0,6.0,60106,D1016,M,"49,3803363","2,4360977",60,2019,50.0,1.0,2.0,3.0,2259348,1.0,1,3,1,0.0,,0.0,0,1958.0,A01,138Â 208Â 609,1.0,-1.0,-1.0,1724573,1.0,7,,4.0,0.0,1.0,A01,138Â 208Â 609,1.0
1010337,201900051868,9,26,14:15,1,1,1,2.0,1.0,33508,D12,M,"44,5275300"," -0,1036190",33,2019,80.0,1.0,2.0,3.0,2259349,1.0,1,3,1,5.0,,0.0,0,1935.0,A01,138Â 208Â 607,1.0,-1.0,-1.0,1724574,1.0,7,,0.0,2.0,3.0,A01,138Â 208Â 607,1.0
1010337,201900051868,9,26,14:15,1,1,1,2.0,1.0,33508,D12,M,"44,5275300"," -0,1036190",33,2019,80.0,1.0,2.0,3.0,2259349,1.0,1,3,1,5.0,,0.0,0,1935.0,A01,138Â 208Â 607,1.0,-1.0,-1.0,1724575,2.0,7,,0.0,2.0,3.0,B01,138Â 208Â 608,1.0
1010337,201900051868,9,26,14:15,1,1,1,2.0,1.0,33508,D12,M,"44,5275300"," -0,1036190",33,2019,80.0,1.0,2.0,3.0,2259350,1.0,1,4,2,5.0,,0.0,0,1932.0,B01,138Â 208Â 608,1.0,-1.0,-1.0,1724574,1.0,7,,0.0,2.0,3.0,A01,138Â 208Â 607,1.0
1010337,201900051868,9,26,14:15,1,1,1,2.0,1.0,33508,D12,M,"44,5275300"," -0,1036190",33,2019,80.0,1.0,2.0,3.0,2259350,1.0,1,4,2,5.0,,0.0,0,1932.0,B01,138Â 208Â 608,1.0,-1.0,-1.0,1724575,2.0,7,,0.0,2.0,3.0,B01,138Â 208Â 608,1.0
1010338,201900051869,9,26,11:35,1,2,2,1.0,1.0,69288,Avenue Jean MOULIN,M,"45,6858600","5,0566000",69,2019,50.0,1.0,1.0,3.0,2259351,1.0,1,4,2,0.0,,0.0,0,1980.0,B01,138Â 208Â 605,1.0,-1.0,-1.0,1724576,2.0,7,,0.0,0.0,3.0,B01,138Â 208Â 605,1.0
1010338,201900051869,9,26,11:35,1,2,2,1.0,1.0,69288,Avenue Jean MOULIN,M,"45,6858600","5,0566000",69,2019,50.0,1.0,1.0,3.0,2259351,1.0,1,4,2,0.0,,0.0,0,1980.0,B01,138Â 208Â 605,1.0,-1.0,-1.0,1724577,1.0,7,,6.0,0.0,2.0,A01,138Â 208Â 606,1.0
1010338,201900051869,9,26,11:35,1,2,2,1.0,1.0,69288,Avenue Jean MOULIN,M,"45,6858600","5,0566000",69,2019,50.0,1.0,1.0,3.0,2259352,1.0,1,4,2,4.0,,0.0,0,1998.0,A01,138Â 208Â 606,1.0,-1.0,-1.0,1724576,2.0,7,,0.0,0.0,3.0,B01,138Â 208Â 605,1.0
1010338,201900051869,9,26,11:35,1,2,2,1.0,1.0,69288,Avenue Jean MOULIN,M,"45,6858600","5,0566000",69,2019,50.0,1.0,1.0,3.0,2259352,1.0,1,4,2,4.0,,0.0,0,1998.0,A01,138Â 208Â 606,1.0,-1.0,-1.0,1724577,1.0,7,,6.0,0.0,2.0,A01,138Â 208Â 606,1.0
1010339,201900051870,9,22,12:35,1,1,1,1.0,6.0,51199,CHEMIN DE VIGNE,M,"49,1331070","3,8167472",51,2019,50.0,1.0,1.0,4.0,2259353,1.0,1,1,1,4.0,,0.0,0,1997.0,A01,138Â 208Â 604,1.0,-1.0,-1.0,1724578,0.0,10,,17.0,0.0,1.0,A01,138Â 208Â 604,1.0
1010339,201900051870,9,22,12:35,1,1,1,1.0,6.0,51199,CHEMIN DE VIGNE,M,"49,1331070","3,8167472",51,2019,50.0,1.0,1.0,4.0,2259354,7.0,2,3,1,4.0,,0.0,0,1998.0,A01,138Â 208Â 604,0.0,-1.0,-1.0,1724578,0.0,10,,17.0,0.0,1.0,A01,138Â 208Â 604,1.0
1010339,201900051870,9,22,12:35,1,1,1,1.0,6.0,51199,CHEMIN DE VIGNE,M,"49,1331070","3,8167472",51,2019,50.0,1.0,1.0,4.0,2259355,7.0,2,1,1,4.0,,0.0,0,1972.0,A01,138Â 208Â 604,0.0,-1.0,-1.0,1724578,0.0,10,,17.0,0.0,1.0,A01,138Â 208Â 604,1.0
1010339,201900051870,9,22,12:35,1,1,1,1.0,6.0,51199,CHEMIN DE VIGNE,M,"49,1331070","3,8167472",51,2019,50.0,1.0,1.0,4.0,2259356,5.0,2,1,2,4.0,,0.0,0,1976.0,A01,138Â 208Â 604,8.0,-1.0,-1.0,1724578,0.0,10,,17.0,0.0,1.0,A01,138Â 208Â 604,1.0
1010339,201900051870,9,22,12:35,1,1,1,1.0,6.0,51199,CHEMIN DE VIGNE,M,"49,1331070","3,8167472",51,2019,50.0,1.0,1.0,4.0,2259357,9.0,2,4,1,4.0,,0.0,0,1968.0,A01,138Â 208Â 604,1.0,-1.0,-1.0,1724578,0.0,10,,17.0,0.0,1.0,A01,138Â 208Â 604,1.0
1010339,201900051870,9,22,12:35,1,1,1,1.0,6.0,51199,CHEMIN DE VIGNE,M,"49,1331070","3,8167472",51,2019,50.0,1.0,1.0,4.0,2259358,3.0,2,4,2,4.0,,0.0,0,1975.0,A01,138Â 208Â 604,8.0,-1.0,-1.0,1724578,0.0,10,,17.0,0.0,1.0,A01,138Â 208Â 604,1.0
1010339,201900051870,9,22,12:35,1,1,1,1.0,6.0,51199,CHEMIN DE VIGNE,M,"49,1331070","3,8167472",51,2019,50.0,1.0,1.0,4.0,2259359,8.0,2,1,2,4.0,,0.0,0,2001.0,A01,138Â 208Â 604,8.0,-1.0,-1.0,1724578,0.0,10,,17.0,0.0,1.0,A01,138Â 208Â 604,1.0
1010340,201900051871,9,25,20:45,3,1,1,3.0,1.0,01194,departementale 131,M,"45,9964410","4,7582510",1,2019,80.0,1.0,2.0,3.0,2259360,1.0,1,3,1,5.0,,0.0,0,1954.0,A01,138Â 208Â 601,8.0,-1.0,-1.0,1724579,2.0,21,,0.0,0.0,4.0,B01,138Â 208Â 600,0.0
1010340,201900051871,9,25,20:45,3,1,1,3.0,1.0,01194,departementale 131,M,"45,9964410","4,7582510",1,2019,80.0,1.0,2.0,3.0,2259360,1.0,1,3,1,5.0,,0.0,0,1954.0,A01,138Â 208Â 601,8.0,-1.0,-1.0,1724580,1.0,7,,0.0,9.0,1.0,A01,138Â 208Â 601,1.0
1010341,201900051872,9,26,16:28,1,1,1,1.0,2.0,22182,"Route nationale 12,  pr 71+200, sens RENNES-BREST",M,"48,5311780"," -2,9215550",22,2019,110.0,1.0,1.0,2.0,2259361,1.0,1,1,1,4.0,,0.0,0,1986.0,A01,138Â 208Â 598,1.0,-1.0,-1.0,1724581,1.0,14,,0.0,2.0,2.0,A01,138Â 208Â 598,1.0
1010341,201900051872,9,26,16:28,1,1,1,1.0,2.0,22182,"Route nationale 12,  pr 71+200, sens RENNES-BREST",M,"48,5311780"," -2,9215550",22,2019,110.0,1.0,1.0,2.0,2259361,1.0,1,1,1,4.0,,0.0,0,1986.0,A01,138Â 208Â 598,1.0,-1.0,-1.0,1724582,1.0,7,,13.0,0.0,4.0,B01,138Â 208Â 599,1.0
1010341,201900051872,9,26,16:28,1,1,1,1.0,2.0,22182,"Route nationale 12,  pr 71+200, sens RENNES-BREST",M,"48,5311780"," -2,9215550",22,2019,110.0,1.0,1.0,2.0,2259362,1.0,1,4,1,9.0,,0.0,0,1963.0,B01,138Â 208Â 599,1.0,-1.0,-1.0,1724581,1.0,14,,0.0,2.0,2.0,A01,138Â 208Â 598,1.0
1010341,201900051872,9,26,16:28,1,1,1,1.0,2.0,22182,"Route nationale 12,  pr 71+200, sens RENNES-BREST",M,"48,5311780"," -2,9215550",22,2019,110.0,1.0,1.0,2.0,2259362,1.0,1,4,1,9.0,,0.0,0,1963.0,B01,138Â 208Â 599,1.0,-1.0,-1.0,1724582,1.0,7,,13.0,0.0,4.0,B01,138Â 208Â 599,1.0
1010342,201900051873,9,26,10:05,1,1,1,2.0,7.0,44113,La Touche d'Aguenais,M,"47,5948680"," -1,5885150",44,2019,80.0,1.0,2.0,4.0,2259363,1.0,1,4,1,4.0,,0.0,0,1978.0,A01,138Â 208Â 597,2.0,7.0,-1.0,1724583,3.0,33,,13.0,0.0,8.0,A01,138Â 208Â 597,1.0
1010343,201900051874,9,26,10:15,1,1,1,8.0,6.0,71420,D197,M,"46,7163440","4,9902090",71,2019,80.0,3.0,1.0,3.0,2259364,1.0,1,2,1,3.0,,0.0,0,1957.0,A01,138Â 208Â 596,1.0,-1.0,-1.0,1724584,0.0,7,,8.0,0.0,1.0,A01,138Â 208Â 596,1.0
1010344,201900051875,9,25,11:20,1,1,1,1.0,3.0,83130,Chemin de Sauvebonne,M,"43,1793205","6,0695107",83,2019,70.0,1.0,1.0,3.0,2259365,1.0,1,1,2,5.0,,0.0,0,1950.0,A01,138Â 208Â 594,1.0,-1.0,-1.0,1724585,1.0,7,,0.0,2.0,3.0,A01,138Â 208Â 594,0.0
1010344,201900051875,9,25,11:20,1,1,1,1.0,3.0,83130,Chemin de Sauvebonne,M,"43,1793205","6,0695107",83,2019,70.0,1.0,1.0,3.0,2259365,1.0,1,1,2,5.0,,0.0,0,1950.0,A01,138Â 208Â 594,1.0,-1.0,-1.0,1724586,2.0,33,,0.0,2.0,1.0,B01,138Â 208Â 595,0.0
1010344,201900051875,9,25,11:20,1,1,1,1.0,3.0,83130,Chemin de Sauvebonne,M,"43,1793205","6,0695107",83,2019,70.0,1.0,1.0,3.0,2259366,1.0,1,3,1,5.0,,0.0,0,1957.0,B01,138Â 208Â 595,2.0,6.0,-1.0,1724585,1.0,7,,0.0,2.0,3.0,A01,138Â 208Â 594,0.0
1010344,201900051875,9,25,11:20,1,1,1,1.0,3.0,83130,Chemin de Sauvebonne,M,"43,1793205","6,0695107",83,2019,70.0,1.0,1.0,3.0,2259366,1.0,1,3,1,5.0,,0.0,0,1957.0,B01,138Â 208Â 595,2.0,6.0,-1.0,1724586,2.0,33,,0.0,2.0,1.0,B01,138Â 208Â 595,0.0
1010345,201900051876,9,25,19:35,3,1,1,3.0,7.0,37141,A85,M,"47,2851140","1,0628010",37,2019,130.0,1.0,2.0,1.0,2259367,4.0,2,4,2,5.0,,0.0,0,1991.0,A01,138Â 208Â 593,1.0,-1.0,-1.0,1724587,2.0,7,,13.0,0.0,1.0,A01,138Â 208Â 593,1.0
1010345,201900051876,9,25,19:35,3,1,1,3.0,7.0,37141,A85,M,"47,2851140","1,0628010",37,2019,130.0,1.0,2.0,1.0,2259368,1.0,1,4,1,5.0,,0.0,0,1991.0,A01,138Â 208Â 593,1.0,-1.0,-1.0,1724587,2.0,7,,13.0,0.0,1.0,A01,138Â 208Â 593,1.0
1010345,201900051876,9,25,19:35,3,1,1,3.0,7.0,37141,A85,M,"47,2851140","1,0628010",37,2019,130.0,1.0,2.0,1.0,2259369,2.0,2,1,1,5.0,,0.0,0,2019.0,A01,138Â 208Â 593,3.0,-1.0,-1.0,1724587,2.0,7,,13.0,0.0,1.0,A01,138Â 208Â 593,1.0
1010346,201900051877,9,21,17:15,2,2,1,3.0,1.0,83031,ROUTE DU THORONET,M,"43,3944710","6,3501140",83,2019,70.0,1.0,1.0,3.0,2259370,1.0,1,3,2,1.0,,0.0,0,1986.0,B01,138Â 208Â 589,1.0,-1.0,-1.0,1724588,1.0,7,,0.0,0.0,1.0,B01,138Â 208Â 589,0.0
1010346,201900051877,9,21,17:15,2,2,1,3.0,1.0,83031,ROUTE DU THORONET,M,"43,3944710","6,3501140",83,2019,70.0,1.0,1.0,3.0,2259370,1.0,1,3,2,1.0,,0.0,0,1986.0,B01,138Â 208Â 589,1.0,-1.0,-1.0,1724589,2.0,7,,0.0,0.0,1.0,A01,138Â 208Â 590,0.0
1010346,201900051877,9,21,17:15,2,2,1,3.0,1.0,83031,ROUTE DU THORONET,M,"43,3944710","6,3501140",83,2019,70.0,1.0,1.0,3.0,2259371,1.0,1,4,2,1.0,,0.0,0,1988.0,A01,138Â 208Â 590,1.0,-1.0,-1.0,1724588,1.0,7,,0.0,0.0,1.0,B01,138Â 208Â 589,0.0
1010346,201900051877,9,21,17:15,2,2,1,3.0,1.0,83031,ROUTE DU THORONET,M,"43,3944710","6,3501140",83,2019,70.0,1.0,1.0,3.0,2259371,1.0,1,4,2,1.0,,0.0,0,1988.0,A01,138Â 208Â 590,1.0,-1.0,-1.0,1724589,2.0,7,,0.0,0.0,1.0,A01,138Â 208Â 590,0.0
1010347,201900051878,9,25,14:30,1,1,1,1.0,2.0,30135,RD 999,M,"43,8313800","4,5762250",30,2019,80.0,1.0,1.0,3.0,2259372,2.0,2,1,2,5.0,,0.0,0,1935.0,B01,138Â 208Â 587,8.0,-1.0,-1.0,1724590,2.0,7,,0.0,0.0,4.0,B01,138Â 208Â 587,0.0
1010347,201900051878,9,25,14:30,1,1,1,1.0,2.0,30135,RD 999,M,"43,8313800","4,5762250",30,2019,80.0,1.0,1.0,3.0,2259372,2.0,2,1,2,5.0,,0.0,0,1935.0,B01,138Â 208Â 587,8.0,-1.0,-1.0,1724591,2.0,7,,0.0,2.0,1.0,A01,138Â 208Â 588,0.0
1010347,201900051878,9,25,14:30,1,1,1,1.0,2.0,30135,RD 999,M,"43,8313800","4,5762250",30,2019,80.0,1.0,1.0,3.0,2259373,1.0,1,1,1,5.0,,0.0,0,1939.0,B01,138Â 208Â 587,8.0,-1.0,-1.0,1724590,2.0,7,,0.0,0.0,4.0,B01,138Â 208Â 587,0.0
1010347,201900051878,9,25,14:30,1,1,1,1.0,2.0,30135,RD 999,M,"43,8313800","4,5762250",30,2019,80.0,1.0,1.0,3.0,2259373,1.0,1,1,1,5.0,,0.0,0,1939.0,B01,138Â 208Â 587,8.0,-1.0,-1.0,1724591,2.0,7,,0.0,2.0,1.0,A01,138Â 208Â 588,0.0
1010347,201900051878,9,25,14:30,1,1,1,1.0,2.0,30135,RD 999,M,"43,8313800","4,5762250",30,2019,80.0,1.0,1.0,3.0,2259374,1.0,1,3,1,0.0,,0.0,0,1932.0,A01,138Â 208Â 588,8.0,-1.0,-1.0,1724590,2.0,7,,0.0,0.0,4.0,B01,138Â 208Â 587,0.0
1010347,201900051878,9,25,14:30,1,1,1,1.0,2.0,30135,RD 999,M,"43,8313800","4,5762250",30,2019,80.0,1.0,1.0,3.0,2259374,1.0,1,3,1,0.0,,0.0,0,1932.0,A01,138Â 208Â 588,8.0,-1.0,-1.0,1724591,2.0,7,,0.0,2.0,1.0,A01,138Â 208Â 588,0.0
1010348,201900051879,9,24,08:30,1,2,3,1.0,5.0,31157,Avenue du Comminges,M,"43,5349750","1,3630530",31,2019,50.0,1.0,1.0,3.0,2259375,1.0,1,1,1,1.0,,0.0,0,1982.0,A01,138Â 208Â 584,1.0,-1.0,-1.0,1724592,2.0,7,,0.0,0.0,3.0,A01,138Â 208Â 584,0.0
1010348,201900051879,9,24,08:30,1,2,3,1.0,5.0,31157,Avenue du Comminges,M,"43,5349750","1,3630530",31,2019,50.0,1.0,1.0,3.0,2259375,1.0,1,1,1,1.0,,0.0,0,1982.0,A01,138Â 208Â 584,1.0,-1.0,-1.0,1724593,1.0,7,,0.0,0.0,1.0,B01,138Â 208Â 585,0.0
1010348,201900051879,9,24,08:30,1,2,3,1.0,5.0,31157,Avenue du Comminges,M,"43,5349750","1,3630530",31,2019,50.0,1.0,1.0,3.0,2259375,1.0,1,1,1,1.0,,0.0,0,1982.0,A01,138Â 208Â 584,1.0,-1.0,-1.0,1724594,1.0,33,,0.0,2.0,1.0,C01,138Â 208Â 586,0.0
1010348,201900051879,9,24,08:30,1,2,3,1.0,5.0,31157,Avenue du Comminges,M,"43,5349750","1,3630530",31,2019,50.0,1.0,1.0,3.0,2259376,1.0,1,1,2,5.0,,0.0,0,1946.0,B01,138Â 208Â 585,1.0,-1.0,-1.0,1724592,2.0,7,,0.0,0.0,3.0,A01,138Â 208Â 584,0.0
1010348,201900051879,9,24,08:30,1,2,3,1.0,5.0,31157,Avenue du Comminges,M,"43,5349750","1,3630530",31,2019,50.0,1.0,1.0,3.0,2259376,1.0,1,1,2,5.0,,0.0,0,1946.0,B01,138Â 208Â 585,1.0,-1.0,-1.0,1724593,1.0,7,,0.0,0.0,1.0,B01,138Â 208Â 585,0.0
1010348,201900051879,9,24,08:30,1,2,3,1.0,5.0,31157,Avenue du Comminges,M,"43,5349750","1,3630530",31,2019,50.0,1.0,1.0,3.0,2259376,1.0,1,1,2,5.0,,0.0,0,1946.0,B01,138Â 208Â 585,1.0,-1.0,-1.0,1724594,1.0,33,,0.0,2.0,1.0,C01,138Â 208Â 586,0.0
1010348,201900051879,9,24,08:30,1,2,3,1.0,5.0,31157,Avenue du Comminges,M,"43,5349750","1,3630530",31,2019,50.0,1.0,1.0,3.0,2259377,1.0,1,3,1,1.0,,0.0,0,1960.0,C01,138Â 208Â 586,2.0,-1.0,-1.0,1724592,2.0,7,,0.0,0.0,3.0,A01,138Â 208Â 584,0.0
1010348,201900051879,9,24,08:30,1,2,3,1.0,5.0,31157,Avenue du Comminges,M,"43,5349750","1,3630530",31,2019,50.0,1.0,1.0,3.0,2259377,1.0,1,3,1,1.0,,0.0,0,1960.0,C01,138Â 208Â 586,2.0,-1.0,-1.0,1724593,1.0,7,,0.0,0.0,1.0,B01,138Â 208Â 585,0.0
1010348,201900051879,9,24,08:30,1,2,3,1.0,5.0,31157,Avenue du Comminges,M,"43,5349750","1,3630530",31,2019,50.0,1.0,1.0,3.0,2259377,1.0,1,3,1,1.0,,0.0,0,1960.0,C01,138Â 208Â 586,2.0,-1.0,-1.0,1724594,1.0,33,,0.0,2.0,1.0,C01,138Â 208Â 586,0.0
1010349,201900051880,9,24,16:57,1,1,1,1.0,1.0,57099,D955,M,"48,7230970","6,7221910",57,2019,80.0,1.0,2.0,3.0,2259378,2.0,2,1,1,5.0,,0.0,0,2001.0,B01,138Â 208Â 582,1.0,-1.0,-1.0,1724595,2.0,7,,0.0,2.0,3.0,B01,138Â 208Â 582,1.0