Unnamed: 0_x,num_acc,mois,jour,hrmn,lum,agg,int,atm,col,com,adr,gps,lat,long,dep,annee,vma,situ,surf,catr,Unnamed: 0_y,place,catu,grav,sexe,trajet,secu,locp,actp,an_nais,num_veh_x,id_vehicule_x,secu1,secu2,secu3,Unnamed: 0,senc,catv,occutc,obs,obsm,choc,num_veh_y,id_vehicule_y,motor
1010349,201900051880,9,24,16:57,1,1,1,1.0,1.0,57099,D955,M,"48,7230970","6,7221910",57,2019,80.0,1.0,2.0,3.0,2259378,2.0,2,1,1,5.0,,0.0,0,2001.0,B01,138Â 208Â 582,1.0,-1.0,-1.0,1724596,1.0,7,,0.0,2.0,1.0,A01,138Â 208Â 583,1.0
1010349,201900051880,9,24,16:57,1,1,1,1.0,1.0,57099,D955,M,"48,7230970","6,7221910",57,2019,80.0,1.0,2.0,3.0,2259379,1.0,1,1,1,5.0,,0.0,0,1952.0,B01,138Â 208Â 582,1.0,-1.0,-1.0,1724595,2.0,7,,0.0,2.0,3.0,B01,138Â 208Â 582,1.0
1010349,201900051880,9,24,16:57,1,1,1,1.0,1.0,57099,D955,M,"48,7230970","6,7221910",57,2019,80.0,1.0,2.0,3.0,2259379,1.0,1,1,1,5.0,,0.0,0,1952.0,B01,138Â 208Â 582,1.0,-1.0,-1.0,1724596,1.0,7,,0.0,2.0,1.0,A01,138Â 208Â 583,1.0
1010349,201900051880,9,24,16:57,1,1,1,1.0,1.0,57099,D955,M,"48,7230970","6,7221910",57,2019,80.0,1.0,2.0,3.0,2259380,1.0,1,3,1,5.0,,0.0,0,1958.0,A01,138Â 208Â 583,1.0,-1.0,-1.0,1724595,2.0,7,,0.0,2.0,3.0,B01,138Â 208Â 582,1.0
1010349,201900051880,9,24,16:57,1,1,1,1.0,1.0,57099,D955,M,"48,7230970","6,7221910",57,2019,80.0,1.0,2.0,3.0,2259380,1.0,1,3,1,5.0,,0.0,0,1958.0,A01,138Â 208Â 583,1.0,-1.0,-1.0,1724596,1.0,7,,0.0,2.0,1.0,A01,138Â 208Â 583,1.0
1010350,201900051881,9,24,17:00,1,2,6,1.0,6.0,65388,ROUTE D'AUTUN,M,"42,8217450","0,3280660",65,2019,50.0,1.0,8.0,3.0,2259381,1.0,1,1,1,4.0,,0.0,0,1976.0,A01,138Â 208Â 580,8.0,-1.0,-1.0,1724597,1.0,15,,0.0,0.0,0.0,A01,138Â 208Â 580,1.0
1010350,201900051881,9,24,17:00,1,2,6,1.0,6.0,65388,ROUTE D'AUTUN,M,"42,8217450","0,3280660",65,2019,50.0,1.0,8.0,3.0,2259381,1.0,1,1,1,4.0,,0.0,0,1976.0,A01,138Â 208Â 580,8.0,-1.0,-1.0,1724598,1.0,80,,0.0,9.0,0.0,B01,138Â 208Â 581,3.0
1010350,201900051881,9,24,17:00,1,2,6,1.0,6.0,65388,ROUTE D'AUTUN,M,"42,8217450","0,3280660",65,2019,50.0,1.0,8.0,3.0,2259382,1.0,1,3,2,5.0,,0.0,0,1957.0,B01,138Â 208Â 581,2.0,-1.0,-1.0,1724597,1.0,15,,0.0,0.0,0.0,A01,138Â 208Â 580,1.0
1010350,201900051881,9,24,17:00,1,2,6,1.0,6.0,65388,ROUTE D'AUTUN,M,"42,8217450","0,3280660",65,2019,50.0,1.0,8.0,3.0,2259382,1.0,1,3,2,5.0,,0.0,0,1957.0,B01,138Â 208Â 581,2.0,-1.0,-1.0,1724598,1.0,80,,0.0,9.0,0.0,B01,138Â 208Â 581,3.0
1010351,201900051882,9,26,17:36,1,1,1,1.0,7.0,71109,D109,M,"46,8813910","4,6981050",71,2019,80.0,8.0,1.0,3.0,2259383,2.0,2,4,1,2.0,,0.0,0,2001.0,A01,138Â 208Â 579,1.0,-1.0,-1.0,1724599,2.0,7,,0.0,0.0,6.0,A01,138Â 208Â 579,1.0
1010351,201900051882,9,26,17:36,1,1,1,1.0,7.0,71109,D109,M,"46,8813910","4,6981050",71,2019,80.0,8.0,1.0,3.0,2259384,1.0,1,4,1,2.0,,0.0,0,2000.0,A01,138Â 208Â 579,1.0,-1.0,-1.0,1724599,2.0,7,,0.0,0.0,6.0,A01,138Â 208Â 579,1.0
1010352,201900051883,9,26,09:55,1,1,1,2.0,3.0,89086,Les Bonnins (Saint-Martin-sur-Ouanne),M,"47,8684017","3,1127238",89,2019,80.0,1.0,2.0,3.0,2259385,1.0,1,3,2,3.0,,0.0,0,1981.0,A01,138Â 208Â 577,1.0,5.0,-1.0,1724600,1.0,7,,0.0,2.0,2.0,A01,138Â 208Â 577,1.0
1010352,201900051883,9,26,09:55,1,1,1,2.0,3.0,89086,Les Bonnins (Saint-Martin-sur-Ouanne),M,"47,8684017","3,1127238",89,2019,80.0,1.0,2.0,3.0,2259385,1.0,1,3,2,3.0,,0.0,0,1981.0,A01,138Â 208Â 577,1.0,5.0,-1.0,1724601,2.0,10,,15.0,2.0,8.0,B01,138Â 208Â 578,1.0
1010352,201900051883,9,26,09:55,1,1,1,2.0,3.0,89086,Les Bonnins (Saint-Martin-sur-Ouanne),M,"47,8684017","3,1127238",89,2019,80.0,1.0,2.0,3.0,2259386,1.0,1,1,1,1.0,,0.0,0,1984.0,B01,138Â 208Â 578,1.0,5.0,-1.0,1724600,1.0,7,,0.0,2.0,2.0,A01,138Â 208Â 577,1.0
1010352,201900051883,9,26,09:55,1,1,1,2.0,3.0,89086,Les Bonnins (Saint-Martin-sur-Ouanne),M,"47,8684017","3,1127238",89,2019,80.0,1.0,2.0,3.0,2259386,1.0,1,1,1,1.0,,0.0,0,1984.0,B01,138Â 208Â 578,1.0,5.0,-1.0,1724601,2.0,10,,15.0,2.0,8.0,B01,138Â 208Â 578,1.0
1010353,201900051884,9,25,17:45,1,2,3,1.0,2.0,63050,Av CoussonniÃ¨re /av Grand Champ,M,"45,4173210","3,3202450",63,2019,-1.0,1.0,1.0,4.0,2259387,1.0,1,1,1,5.0,,0.0,0,1988.0,B01,138Â 208Â 575,1.0,-1.0,-1.0,1724602,1.0,7,,0.0,0.0,6.0,B01,138Â 208Â 575,1.0
1010353,201900051884,9,25,17:45,1,2,3,1.0,2.0,63050,Av CoussonniÃ¨re /av Grand Champ,M,"45,4173210","3,3202450",63,2019,-1.0,1.0,1.0,4.0,2259387,1.0,1,1,1,5.0,,0.0,0,1988.0,B01,138Â 208Â 575,1.0,-1.0,-1.0,1724603,1.0,2,,0.0,2.0,1.0,A01,138Â 208Â 576,1.0
1010353,201900051884,9,25,17:45,1,2,3,1.0,2.0,63050,Av CoussonniÃ¨re /av Grand Champ,M,"45,4173210","3,3202450",63,2019,-1.0,1.0,1.0,4.0,2259388,1.0,1,4,1,5.0,,0.0,0,2004.0,A01,138Â 208Â 576,2.0,-1.0,-1.0,1724602,1.0,7,,0.0,0.0,6.0,B01,138Â 208Â 575,1.0
1010353,201900051884,9,25,17:45,1,2,3,1.0,2.0,63050,Av CoussonniÃ¨re /av Grand Champ,M,"45,4173210","3,3202450",63,2019,-1.0,1.0,1.0,4.0,2259388,1.0,1,4,1,5.0,,0.0,0,2004.0,A01,138Â 208Â 576,2.0,-1.0,-1.0,1724603,1.0,2,,0.0,2.0,1.0,A01,138Â 208Â 576,1.0
1010354,201900051885,9,26,08:00,2,2,2,3.0,3.0,29146,D22,M,"47,9044640"," -3,8381860",29,2019,-1.0,1.0,2.0,3.0,2259389,1.0,1,1,1,2.0,,0.0,0,1985.0,A01,138Â 208Â 572,1.0,-1.0,-1.0,1724604,2.0,7,,0.0,2.0,3.0,A01,138Â 208Â 572,1.0
1010354,201900051885,9,26,08:00,2,2,2,3.0,3.0,29146,D22,M,"47,9044640"," -3,8381860",29,2019,-1.0,1.0,2.0,3.0,2259389,1.0,1,1,1,2.0,,0.0,0,1985.0,A01,138Â 208Â 572,1.0,-1.0,-1.0,1724605,1.0,2,,0.0,2.0,1.0,B01,138Â 208Â 573,1.0
1010354,201900051885,9,26,08:00,2,2,2,3.0,3.0,29146,D22,M,"47,9044640"," -3,8381860",29,2019,-1.0,1.0,2.0,3.0,2259390,1.0,1,3,1,1.0,,0.0,0,2003.0,B01,138Â 208Â 573,2.0,-1.0,-1.0,1724604,2.0,7,,0.0,2.0,3.0,A01,138Â 208Â 572,1.0
1010354,201900051885,9,26,08:00,2,2,2,3.0,3.0,29146,D22,M,"47,9044640"," -3,8381860",29,2019,-1.0,1.0,2.0,3.0,2259390,1.0,1,3,1,1.0,,0.0,0,2003.0,B01,138Â 208Â 573,2.0,-1.0,-1.0,1724605,1.0,2,,0.0,2.0,1.0,B01,138Â 208Â 573,1.0
1010355,201900051886,9,25,16:50,1,1,1,2.0,1.0,29259,feunteun ven,M,"48,6673210"," -4,0033040",29,2019,80.0,1.0,2.0,3.0,2259391,1.0,1,1,1,5.0,,0.0,0,1995.0,A01,138Â 208Â 570,1.0,-1.0,-1.0,1724606,2.0,7,,0.0,2.0,3.0,A01,138Â 208Â 570,1.0
1010355,201900051886,9,25,16:50,1,1,1,2.0,1.0,29259,feunteun ven,M,"48,6673210"," -4,0033040",29,2019,80.0,1.0,2.0,3.0,2259391,1.0,1,1,1,5.0,,0.0,0,1995.0,A01,138Â 208Â 570,1.0,-1.0,-1.0,1724607,1.0,17,,0.0,2.0,3.0,B01,138Â 208Â 571,1.0
1010355,201900051886,9,25,16:50,1,1,1,2.0,1.0,29259,feunteun ven,M,"48,6673210"," -4,0033040",29,2019,80.0,1.0,2.0,3.0,2259392,1.0,1,3,2,4.0,,0.0,0,1965.0,B01,138Â 208Â 571,1.0,-1.0,-1.0,1724606,2.0,7,,0.0,2.0,3.0,A01,138Â 208Â 570,1.0
1010355,201900051886,9,25,16:50,1,1,1,2.0,1.0,29259,feunteun ven,M,"48,6673210"," -4,0033040",29,2019,80.0,1.0,2.0,3.0,2259392,1.0,1,3,2,4.0,,0.0,0,1965.0,B01,138Â 208Â 571,1.0,-1.0,-1.0,1724607,1.0,17,,0.0,2.0,3.0,B01,138Â 208Â 571,1.0
1010356,201900051887,9,15,14:45,1,2,1,1.0,6.0,29260,Rue de l'Ãtain,M,"48,4398140"," -4,6202990",29,2019,30.0,1.0,1.0,3.0,2259393,1.0,1,1,1,5.0,,0.0,0,1940.0,A01,138Â 208Â 569,1.0,-1.0,-1.0,1724608,1.0,7,,0.0,1.0,2.0,A01,138Â 208Â 569,1.0
1010356,201900051887,9,15,14:45,1,2,1,1.0,6.0,29260,Rue de l'Ãtain,M,"48,4398140"," -4,6202990",29,2019,30.0,1.0,1.0,3.0,2259394,10.0,3,4,2,5.0,,3.0,3,2009.0,A01,138Â 208Â 569,0.0,-1.0,-1.0,1724608,1.0,7,,0.0,1.0,2.0,A01,138Â 208Â 569,1.0
1010356,201900051887,9,15,14:45,1,2,1,1.0,6.0,29260,Rue de l'Ãtain,M,"48,4398140"," -4,6202990",29,2019,30.0,1.0,1.0,3.0,2259395,10.0,3,4,2,5.0,,3.0,3,1977.0,A01,138Â 208Â 569,0.0,-1.0,-1.0,1724608,1.0,7,,0.0,1.0,2.0,A01,138Â 208Â 569,1.0
1010357,201900051888,9,24,08:10,1,1,2,2.0,3.0,29035,Milin Ar Roc'H,M,"48,5052680"," -4,5469140",29,2019,80.0,1.0,2.0,3.0,2259396,1.0,1,4,1,1.0,,0.0,0,1979.0,B01,138Â 208Â 567,2.0,6.0,-1.0,1724609,2.0,33,,0.0,2.0,3.0,B01,138Â 208Â 567,1.0
1010357,201900051888,9,24,08:10,1,1,2,2.0,3.0,29035,Milin Ar Roc'H,M,"48,5052680"," -4,5469140",29,2019,80.0,1.0,2.0,3.0,2259396,1.0,1,4,1,1.0,,0.0,0,1979.0,B01,138Â 208Â 567,2.0,6.0,-1.0,1724610,2.0,7,,0.0,2.0,5.0,A01,138Â 208Â 568,1.0
1010357,201900051888,9,24,08:10,1,1,2,2.0,3.0,29035,Milin Ar Roc'H,M,"48,5052680"," -4,5469140",29,2019,80.0,1.0,2.0,3.0,2259397,1.0,1,1,1,1.0,,0.0,0,1989.0,A01,138Â 208Â 568,1.0,-1.0,-1.0,1724609,2.0,33,,0.0,2.0,3.0,B01,138Â 208Â 567,1.0
1010357,201900051888,9,24,08:10,1,1,2,2.0,3.0,29035,Milin Ar Roc'H,M,"48,5052680"," -4,5469140",29,2019,80.0,1.0,2.0,3.0,2259397,1.0,1,1,1,1.0,,0.0,0,1989.0,A01,138Â 208Â 568,1.0,-1.0,-1.0,1724610,2.0,7,,0.0,2.0,5.0,A01,138Â 208Â 568,1.0
1010358,201900051889,9,25,20:35,3,2,1,1.0,3.0,31451,Route de Castelnaudary,M,"43,4531940","1,9875330",31,2019,70.0,1.0,1.0,3.0,2259398,1.0,1,2,1,5.0,,0.0,0,1997.0,B01,138Â 208Â 565,2.0,6.0,-1.0,1724611,2.0,33,,0.0,2.0,1.0,B01,138Â 208Â 565,1.0
1010358,201900051889,9,25,20:35,3,2,1,1.0,3.0,31451,Route de Castelnaudary,M,"43,4531940","1,9875330",31,2019,70.0,1.0,1.0,3.0,2259398,1.0,1,2,1,5.0,,0.0,0,1997.0,B01,138Â 208Â 565,2.0,6.0,-1.0,1724612,1.0,10,,0.0,0.0,5.0,A01,138Â 208Â 566,1.0
1010358,201900051889,9,25,20:35,3,2,1,1.0,3.0,31451,Route de Castelnaudary,M,"43,4531940","1,9875330",31,2019,70.0,1.0,1.0,3.0,2259399,2.0,2,1,2,3.0,,0.0,0,2008.0,A01,138Â 208Â 566,8.0,-1.0,-1.0,1724611,2.0,33,,0.0,2.0,1.0,B01,138Â 208Â 565,1.0
1010358,201900051889,9,25,20:35,3,2,1,1.0,3.0,31451,Route de Castelnaudary,M,"43,4531940","1,9875330",31,2019,70.0,1.0,1.0,3.0,2259399,2.0,2,1,2,3.0,,0.0,0,2008.0,A01,138Â 208Â 566,8.0,-1.0,-1.0,1724612,1.0,10,,0.0,0.0,5.0,A01,138Â 208Â 566,1.0
1010358,201900051889,9,25,20:35,3,2,1,1.0,3.0,31451,Route de Castelnaudary,M,"43,4531940","1,9875330",31,2019,70.0,1.0,1.0,3.0,2259400,6.0,2,1,2,3.0,,0.0,0,2011.0,A01,138Â 208Â 566,8.0,-1.0,-1.0,1724611,2.0,33,,0.0,2.0,1.0,B01,138Â 208Â 565,1.0
1010358,201900051889,9,25,20:35,3,2,1,1.0,3.0,31451,Route de Castelnaudary,M,"43,4531940","1,9875330",31,2019,70.0,1.0,1.0,3.0,2259400,6.0,2,1,2,3.0,,0.0,0,2011.0,A01,138Â 208Â 566,8.0,-1.0,-1.0,1724612,1.0,10,,0.0,0.0,5.0,A01,138Â 208Â 566,1.0
1010358,201900051889,9,25,20:35,3,2,1,1.0,3.0,31451,Route de Castelnaudary,M,"43,4531940","1,9875330",31,2019,70.0,1.0,1.0,3.0,2259401,1.0,1,1,1,3.0,,0.0,0,1978.0,A01,138Â 208Â 566,8.0,-1.0,-1.0,1724611,2.0,33,,0.0,2.0,1.0,B01,138Â 208Â 565,1.0
1010358,201900051889,9,25,20:35,3,2,1,1.0,3.0,31451,Route de Castelnaudary,M,"43,4531940","1,9875330",31,2019,70.0,1.0,1.0,3.0,2259401,1.0,1,1,1,3.0,,0.0,0,1978.0,A01,138Â 208Â 566,8.0,-1.0,-1.0,1724612,1.0,10,,0.0,0.0,5.0,A01,138Â 208Â 566,1.0
1010359,201900051890,9,25,14:45,1,1,1,1.0,2.0,38409,d1532,M,"45,0624860","5,2637300",38,2019,70.0,1.0,1.0,3.0,2259402,2.0,2,4,2,9.0,,0.0,0,1984.0,B01,138Â 208Â 563,1.0,-1.0,-1.0,1724613,2.0,7,,0.0,2.0,4.0,B01,138Â 208Â 563,1.0
1010359,201900051890,9,25,14:45,1,1,1,1.0,2.0,38409,d1532,M,"45,0624860","5,2637300",38,2019,70.0,1.0,1.0,3.0,2259402,2.0,2,4,2,9.0,,0.0,0,1984.0,B01,138Â 208Â 563,1.0,-1.0,-1.0,1724614,2.0,7,,0.0,2.0,1.0,A01,138Â 208Â 564,1.0
1010359,201900051890,9,25,14:45,1,1,1,1.0,2.0,38409,d1532,M,"45,0624860","5,2637300",38,2019,70.0,1.0,1.0,3.0,2259403,1.0,1,1,1,9.0,,0.0,0,1985.0,B01,138Â 208Â 563,1.0,-1.0,-1.0,1724613,2.0,7,,0.0,2.0,4.0,B01,138Â 208Â 563,1.0
1010359,201900051890,9,25,14:45,1,1,1,1.0,2.0,38409,d1532,M,"45,0624860","5,2637300",38,2019,70.0,1.0,1.0,3.0,2259403,1.0,1,1,1,9.0,,0.0,0,1985.0,B01,138Â 208Â 563,1.0,-1.0,-1.0,1724614,2.0,7,,0.0,2.0,1.0,A01,138Â 208Â 564,1.0
1010359,201900051890,9,25,14:45,1,1,1,1.0,2.0,38409,d1532,M,"45,0624860","5,2637300",38,2019,70.0,1.0,1.0,3.0,2259404,1.0,1,1,1,0.0,,0.0,0,1967.0,A01,138Â 208Â 564,1.0,-1.0,-1.0,1724613,2.0,7,,0.0,2.0,4.0,B01,138Â 208Â 563,1.0
1010359,201900051890,9,25,14:45,1,1,1,1.0,2.0,38409,d1532,M,"45,0624860","5,2637300",38,2019,70.0,1.0,1.0,3.0,2259404,1.0,1,1,1,0.0,,0.0,0,1967.0,A01,138Â 208Â 564,1.0,-1.0,-1.0,1724614,2.0,7,,0.0,2.0,1.0,A01,138Â 208Â 564,1.0
1010360,201900051891,9,26,08:45,1,1,1,2.0,6.0,15152,Route dÃ©partementale 990,M,"44,9268400","2,8462700",15,2019,80.0,3.0,2.0,3.0,2259405,1.0,1,2,2,1.0,,0.0,0,1960.0,A01,138Â 208Â 562,1.0,-1.0,-1.0,1724615,1.0,7,,2.0,0.0,8.0,A01,138Â 208Â 562,1.0
1010361,201900051892,9,15,17:50,1,1,1,1.0,3.0,26243,CD540,M,"44,5302720","5,0142200",26,2019,70.0,1.0,1.0,3.0,2259406,1.0,1,1,1,9.0,,0.0,0,1991.0,B01,138Â 208Â 560,0.0,-1.0,-1.0,1724616,2.0,1,,0.0,2.0,8.0,B01,138Â 208Â 560,6.0
1010361,201900051892,9,15,17:50,1,1,1,1.0,3.0,26243,CD540,M,"44,5302720","5,0142200",26,2019,70.0,1.0,1.0,3.0,2259406,1.0,1,1,1,9.0,,0.0,0,1991.0,B01,138Â 208Â 560,0.0,-1.0,-1.0,1724617,2.0,33,,0.0,2.0,7.0,A01,138Â 208Â 561,0.0
1010361,201900051892,9,15,17:50,1,1,1,1.0,3.0,26243,CD540,M,"44,5302720","5,0142200",26,2019,70.0,1.0,1.0,3.0,2259407,1.0,1,4,2,5.0,,0.0,0,1991.0,A01,138Â 208Â 561,2.0,6.0,-1.0,1724616,2.0,1,,0.0,2.0,8.0,B01,138Â 208Â 560,6.0
1010361,201900051892,9,15,17:50,1,1,1,1.0,3.0,26243,CD540,M,"44,5302720","5,0142200",26,2019,70.0,1.0,1.0,3.0,2259407,1.0,1,4,2,5.0,,0.0,0,1991.0,A01,138Â 208Â 561,2.0,6.0,-1.0,1724617,2.0,33,,0.0,2.0,7.0,A01,138Â 208Â 561,0.0
1010362,201900051893,9,26,16:45,1,1,1,1.0,6.0,73070,D1516  Rue des Tulliers,M,"45,6134050","5,6522030",73,2019,70.0,8.0,1.0,3.0,2259408,2.0,2,3,1,5.0,,0.0,0,1999.0,A01,138Â 208Â 559,1.0,-1.0,-1.0,1724618,2.0,7,,2.0,0.0,1.0,A01,138Â 208Â 559,1.0
1010362,201900051893,9,26,16:45,1,1,1,1.0,6.0,73070,D1516  Rue des Tulliers,M,"45,6134050","5,6522030",73,2019,70.0,8.0,1.0,3.0,2259409,1.0,1,3,1,5.0,,0.0,0,1997.0,A01,138Â 208Â 559,1.0,-1.0,-1.0,1724618,2.0,7,,2.0,0.0,1.0,A01,138Â 208Â 559,1.0
1010363,201900051894,9,26,09:30,1,1,6,8.0,3.0,36165,,M,"46,6821393","1,0414969",36,2019,70.0,1.0,1.0,3.0,2259410,1.0,1,2,1,1.0,,0.0,0,1988.0,A01,138Â 208Â 555,2.0,6.0,-1.0,1724619,2.0,33,,0.0,2.0,1.0,A01,138Â 208Â 555,1.0
1010363,201900051894,9,26,09:30,1,1,6,8.0,3.0,36165,,M,"46,6821393","1,0414969",36,2019,70.0,1.0,1.0,3.0,2259410,1.0,1,2,1,1.0,,0.0,0,1988.0,A01,138Â 208Â 555,2.0,6.0,-1.0,1724620,1.0,10,,0.0,2.0,2.0,B01,138Â 208Â 556,0.0
1010363,201900051894,9,26,09:30,1,1,6,8.0,3.0,36165,,M,"46,6821393","1,0414969",36,2019,70.0,1.0,1.0,3.0,2259411,1.0,1,4,1,4.0,,0.0,0,1985.0,B01,138Â 208Â 556,1.0,-1.0,-1.0,1724619,2.0,33,,0.0,2.0,1.0,A01,138Â 208Â 555,1.0
1010363,201900051894,9,26,09:30,1,1,6,8.0,3.0,36165,,M,"46,6821393","1,0414969",36,2019,70.0,1.0,1.0,3.0,2259411,1.0,1,4,1,4.0,,0.0,0,1985.0,B01,138Â 208Â 556,1.0,-1.0,-1.0,1724620,1.0,10,,0.0,2.0,2.0,B01,138Â 208Â 556,0.0
1010364,201900051895,9,24,17:00,1,2,3,1.0,3.0,07319,Avenue Henri Barbusse,M,"44,5398230","4,6853040",7,2019,30.0,1.0,1.0,4.0,2259412,1.0,1,1,1,0.0,,0.0,0,1991.0,A01,138Â 208Â 553,8.0,-1.0,-1.0,1724621,2.0,7,,0.0,2.0,6.0,A01,138Â 208Â 553,0.0
1010364,201900051895,9,24,17:00,1,2,3,1.0,3.0,07319,Avenue Henri Barbusse,M,"44,5398230","4,6853040",7,2019,30.0,1.0,1.0,4.0,2259412,1.0,1,1,1,0.0,,0.0,0,1991.0,A01,138Â 208Â 553,8.0,-1.0,-1.0,1724622,1.0,2,,0.0,2.0,1.0,B01,138Â 208Â 554,0.0
1010364,201900051895,9,24,17:00,1,2,3,1.0,3.0,07319,Avenue Henri Barbusse,M,"44,5398230","4,6853040",7,2019,30.0,1.0,1.0,4.0,2259413,2.0,2,4,1,2.0,,0.0,0,2006.0,B01,138Â 208Â 554,2.0,6.0,-1.0,1724621,2.0,7,,0.0,2.0,6.0,A01,138Â 208Â 553,0.0
1010364,201900051895,9,24,17:00,1,2,3,1.0,3.0,07319,Avenue Henri Barbusse,M,"44,5398230","4,6853040",7,2019,30.0,1.0,1.0,4.0,2259413,2.0,2,4,1,2.0,,0.0,0,2006.0,B01,138Â 208Â 554,2.0,6.0,-1.0,1724622,1.0,2,,0.0,2.0,1.0,B01,138Â 208Â 554,0.0
1010364,201900051895,9,24,17:00,1,2,3,1.0,3.0,07319,Avenue Henri Barbusse,M,"44,5398230","4,6853040",7,2019,30.0,1.0,1.0,4.0,2259414,1.0,1,3,1,2.0,,0.0,0,2002.0,B01,138Â 208Â 554,2.0,6.0,-1.0,1724621,2.0,7,,0.0,2.0,6.0,A01,138Â 208Â 553,0.0
1010364,201900051895,9,24,17:00,1,2,3,1.0,3.0,07319,Avenue Henri Barbusse,M,"44,5398230","4,6853040",7,2019,30.0,1.0,1.0,4.0,2259414,1.0,1,3,1,2.0,,0.0,0,2002.0,B01,138Â 208Â 554,2.0,6.0,-1.0,1724622,1.0,2,,0.0,2.0,1.0,B01,138Â 208Â 554,0.0
1010365,201900051896,9,25,20:00,3,1,1,2.0,1.0,24115,la Monnerie,M,"45,2623210","0,6824200",24,2019,80.0,1.0,2.0,3.0,2259415,1.0,1,3,2,1.0,,0.0,0,1975.0,B01,138Â 208Â 551,1.0,5.0,-1.0,1724623,2.0,7,,8.0,2.0,3.0,B01,138Â 208Â 551,1.0
1010365,201900051896,9,25,20:00,3,1,1,2.0,1.0,24115,la Monnerie,M,"45,2623210","0,6824200",24,2019,80.0,1.0,2.0,3.0,2259415,1.0,1,3,2,1.0,,0.0,0,1975.0,B01,138Â 208Â 551,1.0,5.0,-1.0,1724624,1.0,7,,0.0,2.0,1.0,A01,138Â 208Â 552,1.0
1010365,201900051896,9,25,20:00,3,1,1,2.0,1.0,24115,la Monnerie,M,"45,2623210","0,6824200",24,2019,80.0,1.0,2.0,3.0,2259416,1.0,1,3,1,1.0,,0.0,0,1980.0,A01,138Â 208Â 552,1.0,-1.0,-1.0,1724623,2.0,7,,8.0,2.0,3.0,B01,138Â 208Â 551,1.0
1010365,201900051896,9,25,20:00,3,1,1,2.0,1.0,24115,la Monnerie,M,"45,2623210","0,6824200",24,2019,80.0,1.0,2.0,3.0,2259416,1.0,1,3,1,1.0,,0.0,0,1980.0,A01,138Â 208Â 552,1.0,-1.0,-1.0,1724624,1.0,7,,0.0,2.0,1.0,A01,138Â 208Â 552,1.0
1010366,201900051897,9,25,11:15,1,2,1,1.0,1.0,04088,Av de Verdun,M,"43,9584403","5,7777067",4,2019,50.0,1.0,1.0,4.0,2259417,1.0,1,1,1,5.0,,0.0,0,1960.0,A01,138Â 208Â 549,1.0,-1.0,-1.0,1724625,1.0,7,,0.0,2.0,3.0,A01,138Â 208Â 549,1.0
1010366,201900051897,9,25,11:15,1,2,1,1.0,1.0,04088,Av de Verdun,M,"43,9584403","5,7777067",4,2019,50.0,1.0,1.0,4.0,2259417,1.0,1,1,1,5.0,,0.0,0,1960.0,A01,138Â 208Â 549,1.0,-1.0,-1.0,1724626,3.0,7,,0.0,2.0,3.0,B01,138Â 208Â 550,1.0
1010366,201900051897,9,25,11:15,1,2,1,1.0,1.0,04088,Av de Verdun,M,"43,9584403","5,7777067",4,2019,50.0,1.0,1.0,4.0,2259418,1.0,1,1,1,5.0,,0.0,0,1953.0,B01,138Â 208Â 550,1.0,-1.0,-1.0,1724625,1.0,7,,0.0,2.0,3.0,A01,138Â 208Â 549,1.0
1010366,201900051897,9,25,11:15,1,2,1,1.0,1.0,04088,Av de Verdun,M,"43,9584403","5,7777067",4,2019,50.0,1.0,1.0,4.0,2259418,1.0,1,1,1,5.0,,0.0,0,1953.0,B01,138Â 208Â 550,1.0,-1.0,-1.0,1724626,3.0,7,,0.0,2.0,3.0,B01,138Â 208Â 550,1.0
1010366,201900051897,9,25,11:15,1,2,1,1.0,1.0,04088,Av de Verdun,M,"43,9584403","5,7777067",4,2019,50.0,1.0,1.0,4.0,2259419,2.0,2,4,2,5.0,,0.0,0,1958.0,B01,138Â 208Â 550,1.0,-1.0,-1.0,1724625,1.0,7,,0.0,2.0,3.0,A01,138Â 208Â 549,1.0
1010366,201900051897,9,25,11:15,1,2,1,1.0,1.0,04088,Av de Verdun,M,"43,9584403","5,7777067",4,2019,50.0,1.0,1.0,4.0,2259419,2.0,2,4,2,5.0,,0.0,0,1958.0,B01,138Â 208Â 550,1.0,-1.0,-1.0,1724626,3.0,7,,0.0,2.0,3.0,B01,138Â 208Â 550,1.0
1010367,201900051898,9,26,05:45,3,1,1,2.0,6.0,85190,D7,M,"46,9329000"," -1,5152700",85,2019,80.0,1.0,2.0,3.0,2259420,2.0,2,1,1,1.0,,0.0,0,1999.0,A01,138Â 208Â 548,1.0,-1.0,-1.0,1724627,1.0,7,,2.0,0.0,1.0,A01,138Â 208Â 548,1.0
1010367,201900051898,9,26,05:45,3,1,1,2.0,6.0,85190,D7,M,"46,9329000"," -1,5152700",85,2019,80.0,1.0,2.0,3.0,2259421,1.0,1,3,1,1.0,,0.0,0,1985.0,A01,138Â 208Â 548,1.0,-1.0,-1.0,1724627,1.0,7,,2.0,0.0,1.0,A01,138Â 208Â 548,1.0
1010368,201900051899,9,25,18:25,1,2,2,8.0,1.0,08078,Place de la Roquette,M,"49,8901900","4,5402620",8,2019,50.0,1.0,2.0,3.0,2259422,1.0,1,1,1,0.0,,0.0,0,1978.0,B01,138Â 208Â 546,1.0,-1.0,-1.0,1724628,2.0,7,,0.0,9.0,5.0,B01,138Â 208Â 546,1.0