Unnamed: 0_x,num_acc,mois,jour,hrmn,lum,agg,int,atm,col,com,adr,gps,lat,long,dep,annee,vma,situ,surf,catr,Unnamed: 0_y,place,catu,grav,sexe,trajet,secu,locp,actp,an_nais,num_veh_x,id_vehicule_x,secu1,secu2,secu3,Unnamed: 0,senc,catv,occutc,obs,obsm,choc,num_veh_y,id_vehicule_y,motor
1010368,201900051899,9,25,18:25,1,2,2,8.0,1.0,08078,Place de la Roquette,M,"49,8901900","4,5402620",8,2019,50.0,1.0,2.0,3.0,2259422,1.0,1,1,1,0.0,,0.0,0,1978.0,B01,138Â 208Â 546,1.0,-1.0,-1.0,1724629,2.0,2,,0.0,2.0,7.0,A01,138Â 208Â 547,1.0
1010368,201900051899,9,25,18:25,1,2,2,8.0,1.0,08078,Place de la Roquette,M,"49,8901900","4,5402620",8,2019,50.0,1.0,2.0,3.0,2259423,1.0,1,3,1,0.0,,0.0,0,1992.0,A01,138Â 208Â 547,2.0,-1.0,-1.0,1724628,2.0,7,,0.0,9.0,5.0,B01,138Â 208Â 546,1.0
1010368,201900051899,9,25,18:25,1,2,2,8.0,1.0,08078,Place de la Roquette,M,"49,8901900","4,5402620",8,2019,50.0,1.0,2.0,3.0,2259423,1.0,1,3,1,0.0,,0.0,0,1992.0,A01,138Â 208Â 547,2.0,-1.0,-1.0,1724629,2.0,2,,0.0,2.0,7.0,A01,138Â 208Â 547,1.0
1010369,201900051900,9,25,23:20,3,1,1,2.0,6.0,88165,Avenue de Bellefontaine,M,"48,3543380","6,8831560",88,2019,80.0,4.0,2.0,3.0,2259424,9.0,2,4,1,5.0,,0.0,0,1999.0,A01,138Â 208Â 545,1.0,-1.0,-1.0,1724630,1.0,7,,6.0,0.0,2.0,A01,138Â 208Â 545,0.0
1010369,201900051900,9,25,23:20,3,1,1,2.0,6.0,88165,Avenue de Bellefontaine,M,"48,3543380","6,8831560",88,2019,80.0,4.0,2.0,3.0,2259425,1.0,1,4,2,5.0,,0.0,0,2001.0,A01,138Â 208Â 545,1.0,-1.0,-1.0,1724630,1.0,7,,6.0,0.0,2.0,A01,138Â 208Â 545,0.0
1010369,201900051900,9,25,23:20,3,1,1,2.0,6.0,88165,Avenue de Bellefontaine,M,"48,3543380","6,8831560",88,2019,80.0,4.0,2.0,3.0,2259426,2.0,2,4,2,5.0,,0.0,0,2001.0,A01,138Â 208Â 545,1.0,-1.0,-1.0,1724630,1.0,7,,6.0,0.0,2.0,A01,138Â 208Â 545,0.0
1010370,201900051901,9,21,14:45,1,1,1,1.0,3.0,67388,D53,M,"48,9509410","7,6768650",67,2019,80.0,1.0,1.0,3.0,2259427,1.0,1,4,1,5.0,,0.0,0,1994.0,A01,138Â 208Â 543,2.0,6.0,-1.0,1724631,0.0,33,,0.0,0.0,5.0,A01,138Â 208Â 543,1.0
1010370,201900051901,9,21,14:45,1,1,1,1.0,3.0,67388,D53,M,"48,9509410","7,6768650",67,2019,80.0,1.0,1.0,3.0,2259427,1.0,1,4,1,5.0,,0.0,0,1994.0,A01,138Â 208Â 543,2.0,6.0,-1.0,1724632,0.0,33,,0.0,2.0,1.0,B01,138Â 208Â 544,1.0
1010370,201900051901,9,21,14:45,1,1,1,1.0,3.0,67388,D53,M,"48,9509410","7,6768650",67,2019,80.0,1.0,1.0,3.0,2259428,1.0,1,1,1,5.0,,0.0,0,1997.0,B01,138Â 208Â 544,2.0,6.0,-1.0,1724631,0.0,33,,0.0,0.0,5.0,A01,138Â 208Â 543,1.0
1010370,201900051901,9,21,14:45,1,1,1,1.0,3.0,67388,D53,M,"48,9509410","7,6768650",67,2019,80.0,1.0,1.0,3.0,2259428,1.0,1,1,1,5.0,,0.0,0,1997.0,B01,138Â 208Â 544,2.0,6.0,-1.0,1724632,0.0,33,,0.0,2.0,1.0,B01,138Â 208Â 544,1.0
1010371,201900051902,9,25,11:30,1,1,1,1.0,2.0,13080,Route de Saint-Canadet,M,"43,6306190","5,4561420",13,2019,60.0,5.0,1.0,3.0,2259429,1.0,1,3,2,5.0,,0.0,0,1971.0,B01,138Â 208Â 541,2.0,4.0,-1.0,1724633,1.0,1,,0.0,0.0,4.0,B01,138Â 208Â 541,5.0
1010371,201900051902,9,25,11:30,1,1,1,1.0,2.0,13080,Route de Saint-Canadet,M,"43,6306190","5,4561420",13,2019,60.0,5.0,1.0,3.0,2259429,1.0,1,3,2,5.0,,0.0,0,1971.0,B01,138Â 208Â 541,2.0,4.0,-1.0,1724634,1.0,7,,0.0,9.0,2.0,A01,138Â 208Â 542,1.0
1010371,201900051902,9,25,11:30,1,1,1,1.0,2.0,13080,Route de Saint-Canadet,M,"43,6306190","5,4561420",13,2019,60.0,5.0,1.0,3.0,2259430,1.0,1,1,1,0.0,,0.0,0,1971.0,A01,138Â 208Â 542,1.0,-1.0,-1.0,1724633,1.0,1,,0.0,0.0,4.0,B01,138Â 208Â 541,5.0
1010371,201900051902,9,25,11:30,1,1,1,1.0,2.0,13080,Route de Saint-Canadet,M,"43,6306190","5,4561420",13,2019,60.0,5.0,1.0,3.0,2259430,1.0,1,1,1,0.0,,0.0,0,1971.0,A01,138Â 208Â 542,1.0,-1.0,-1.0,1724634,1.0,7,,0.0,9.0,2.0,A01,138Â 208Â 542,1.0
1010372,201900051903,9,26,07:55,1,1,1,1.0,3.0,13001,A51 PK 023.400,M,"43,5630200","5,4600260",13,2019,130.0,1.0,1.0,1.0,2259431,1.0,1,3,1,1.0,,0.0,0,1980.0,A01,138Â 208Â 539,2.0,6.0,9.0,1724635,2.0,33,,0.0,2.0,8.0,A01,138Â 208Â 539,1.0
1010372,201900051903,9,26,07:55,1,1,1,1.0,3.0,13001,A51 PK 023.400,M,"43,5630200","5,4600260",13,2019,130.0,1.0,1.0,1.0,2259431,1.0,1,3,1,1.0,,0.0,0,1980.0,A01,138Â 208Â 539,2.0,6.0,9.0,1724636,2.0,7,,0.0,2.0,7.0,B01,138Â 208Â 540,1.0
1010372,201900051903,9,26,07:55,1,1,1,1.0,3.0,13001,A51 PK 023.400,M,"43,5630200","5,4600260",13,2019,130.0,1.0,1.0,1.0,2259432,1.0,1,1,1,1.0,,0.0,0,1994.0,B01,138Â 208Â 540,1.0,-1.0,-1.0,1724635,2.0,33,,0.0,2.0,8.0,A01,138Â 208Â 539,1.0
1010372,201900051903,9,26,07:55,1,1,1,1.0,3.0,13001,A51 PK 023.400,M,"43,5630200","5,4600260",13,2019,130.0,1.0,1.0,1.0,2259432,1.0,1,1,1,1.0,,0.0,0,1994.0,B01,138Â 208Â 540,1.0,-1.0,-1.0,1724636,2.0,7,,0.0,2.0,7.0,B01,138Â 208Â 540,1.0
1010373,201900051904,9,26,08:05,1,2,3,1.0,3.0,97309,Avenue Gaston Monnerville,M,"4,8875820"," -52,2783530",973,2019,50.0,1.0,1.0,3.0,2259433,1.0,1,4,1,1.0,,0.0,0,2000.0,A01,138Â 208Â 537,2.0,-1.0,-1.0,1724637,1.0,2,,0.0,2.0,1.0,A01,138Â 208Â 537,1.0
1010373,201900051904,9,26,08:05,1,2,3,1.0,3.0,97309,Avenue Gaston Monnerville,M,"4,8875820"," -52,2783530",973,2019,50.0,1.0,1.0,3.0,2259433,1.0,1,4,1,1.0,,0.0,0,2000.0,A01,138Â 208Â 537,2.0,-1.0,-1.0,1724638,1.0,7,,0.0,2.0,8.0,B01,138Â 208Â 538,1.0
1010373,201900051904,9,26,08:05,1,2,3,1.0,3.0,97309,Avenue Gaston Monnerville,M,"4,8875820"," -52,2783530",973,2019,50.0,1.0,1.0,3.0,2259434,1.0,1,1,1,1.0,,0.0,0,1987.0,B01,138Â 208Â 538,1.0,-1.0,-1.0,1724637,1.0,2,,0.0,2.0,1.0,A01,138Â 208Â 537,1.0
1010373,201900051904,9,26,08:05,1,2,3,1.0,3.0,97309,Avenue Gaston Monnerville,M,"4,8875820"," -52,2783530",973,2019,50.0,1.0,1.0,3.0,2259434,1.0,1,1,1,1.0,,0.0,0,1987.0,B01,138Â 208Â 538,1.0,-1.0,-1.0,1724638,1.0,7,,0.0,2.0,8.0,B01,138Â 208Â 538,1.0
1010374,201900051905,9,26,07:10,1,2,2,1.0,7.0,97309,Rue des Bougainvilliers,M,"4,9100820"," -52,2838290",973,2019,30.0,1.0,1.0,4.0,2259435,1.0,1,4,2,2.0,,0.0,0,2007.0,A01,138Â 208Â 536,0.0,-1.0,-1.0,1724639,2.0,1,,16.0,0.0,7.0,A01,138Â 208Â 536,5.0
1010375,201900051906,9,26,15:20,1,1,3,1.0,1.0,06152,Route des Macarons,M,"43,6380950","7,0462300",6,2019,70.0,1.0,1.0,3.0,2259436,1.0,1,3,1,1.0,,0.0,0,1996.0,A01,138Â 208Â 534,2.0,6.0,-1.0,1724640,2.0,33,,0.0,2.0,1.0,A01,138Â 208Â 534,1.0
1010375,201900051906,9,26,15:20,1,1,3,1.0,1.0,06152,Route des Macarons,M,"43,6380950","7,0462300",6,2019,70.0,1.0,1.0,3.0,2259436,1.0,1,3,1,1.0,,0.0,0,1996.0,A01,138Â 208Â 534,2.0,6.0,-1.0,1724641,1.0,7,,0.0,2.0,1.0,B01,138Â 208Â 535,1.0
1010375,201900051906,9,26,15:20,1,1,3,1.0,1.0,06152,Route des Macarons,M,"43,6380950","7,0462300",6,2019,70.0,1.0,1.0,3.0,2259437,1.0,1,4,1,1.0,,0.0,0,1961.0,B01,138Â 208Â 535,1.0,-1.0,-1.0,1724640,2.0,33,,0.0,2.0,1.0,A01,138Â 208Â 534,1.0
1010375,201900051906,9,26,15:20,1,1,3,1.0,1.0,06152,Route des Macarons,M,"43,6380950","7,0462300",6,2019,70.0,1.0,1.0,3.0,2259437,1.0,1,4,1,1.0,,0.0,0,1961.0,B01,138Â 208Â 535,1.0,-1.0,-1.0,1724641,1.0,7,,0.0,2.0,1.0,B01,138Â 208Â 535,1.0
1010376,201900051907,9,19,10:55,1,2,1,1.0,1.0,06152,route des lucioles,M,"43,6179800","7,0571430",6,2019,70.0,1.0,1.0,3.0,2259438,1.0,1,4,1,1.0,,0.0,0,1994.0,A01,138Â 208Â 532,2.0,-1.0,-1.0,1724642,2.0,34,,0.0,2.0,1.0,A01,138Â 208Â 532,1.0
1010376,201900051907,9,19,10:55,1,2,1,1.0,1.0,06152,route des lucioles,M,"43,6179800","7,0571430",6,2019,70.0,1.0,1.0,3.0,2259438,1.0,1,4,1,1.0,,0.0,0,1994.0,A01,138Â 208Â 532,2.0,-1.0,-1.0,1724643,1.0,7,,0.0,2.0,5.0,B01,138Â 208Â 533,1.0
1010376,201900051907,9,19,10:55,1,2,1,1.0,1.0,06152,route des lucioles,M,"43,6179800","7,0571430",6,2019,70.0,1.0,1.0,3.0,2259439,1.0,1,1,1,5.0,,0.0,0,1950.0,B01,138Â 208Â 533,1.0,-1.0,-1.0,1724642,2.0,34,,0.0,2.0,1.0,A01,138Â 208Â 532,1.0
1010376,201900051907,9,19,10:55,1,2,1,1.0,1.0,06152,route des lucioles,M,"43,6179800","7,0571430",6,2019,70.0,1.0,1.0,3.0,2259439,1.0,1,1,1,5.0,,0.0,0,1950.0,B01,138Â 208Â 533,1.0,-1.0,-1.0,1724643,1.0,7,,0.0,2.0,5.0,B01,138Â 208Â 533,1.0
1010377,201900051908,8,20,14:15,1,2,6,3.0,6.0,74010,Boulevard du Semnoz (Seynod),M,"45,8984040","6,1296950",74,2019,30.0,1.0,2.0,9.0,2259440,10.0,3,4,1,5.0,,3.0,3,2017.0,A01,138Â 208Â 531,9.0,-1.0,-1.0,1724644,0.0,7,,0.0,1.0,1.0,A01,138Â 208Â 531,0.0
1010377,201900051908,8,20,14:15,1,2,6,3.0,6.0,74010,Boulevard du Semnoz (Seynod),M,"45,8984040","6,1296950",74,2019,30.0,1.0,2.0,9.0,2259441,10.0,3,4,2,5.0,,3.0,3,1996.0,A01,138Â 208Â 531,0.0,-1.0,-1.0,1724644,0.0,7,,0.0,1.0,1.0,A01,138Â 208Â 531,0.0
1010377,201900051908,8,20,14:15,1,2,6,3.0,6.0,74010,Boulevard du Semnoz (Seynod),M,"45,8984040","6,1296950",74,2019,30.0,1.0,2.0,9.0,2259442,1.0,1,1,1,4.0,,0.0,0,1991.0,A01,138Â 208Â 531,8.0,-1.0,-1.0,1724644,0.0,7,,0.0,1.0,1.0,A01,138Â 208Â 531,0.0
1010377,201900051908,8,20,14:15,1,2,6,3.0,6.0,74010,Boulevard du Semnoz (Seynod),M,"45,8984040","6,1296950",74,2019,30.0,1.0,2.0,9.0,2259443,10.0,3,4,2,5.0,,3.0,3,2019.0,A01,138Â 208Â 531,9.0,-1.0,-1.0,1724644,0.0,7,,0.0,1.0,1.0,A01,138Â 208Â 531,0.0
1010378,201900051909,9,25,08:10,1,1,1,1.0,2.0,67239,A35 PK 444.4,M,"48,2476180","7,4101600",67,2019,110.0,1.0,1.0,1.0,2259444,2.0,2,1,2,5.0,,0.0,0,1964.0,A01,138Â 208Â 529,1.0,-1.0,-1.0,1724645,1.0,7,,0.0,2.0,1.0,A01,138Â 208Â 529,1.0
1010378,201900051909,9,25,08:10,1,1,1,1.0,2.0,67239,A35 PK 444.4,M,"48,2476180","7,4101600",67,2019,110.0,1.0,1.0,1.0,2259444,2.0,2,1,2,5.0,,0.0,0,1964.0,A01,138Â 208Â 529,1.0,-1.0,-1.0,1724646,1.0,13,,0.0,2.0,4.0,B01,138Â 208Â 530,1.0
1010378,201900051909,9,25,08:10,1,1,1,1.0,2.0,67239,A35 PK 444.4,M,"48,2476180","7,4101600",67,2019,110.0,1.0,1.0,1.0,2259445,1.0,1,1,1,5.0,,0.0,0,1998.0,A01,138Â 208Â 529,1.0,-1.0,-1.0,1724645,1.0,7,,0.0,2.0,1.0,A01,138Â 208Â 529,1.0
1010378,201900051909,9,25,08:10,1,1,1,1.0,2.0,67239,A35 PK 444.4,M,"48,2476180","7,4101600",67,2019,110.0,1.0,1.0,1.0,2259445,1.0,1,1,1,5.0,,0.0,0,1998.0,A01,138Â 208Â 529,1.0,-1.0,-1.0,1724646,1.0,13,,0.0,2.0,4.0,B01,138Â 208Â 530,1.0
1010378,201900051909,9,25,08:10,1,1,1,1.0,2.0,67239,A35 PK 444.4,M,"48,2476180","7,4101600",67,2019,110.0,1.0,1.0,1.0,2259446,9.0,2,3,2,5.0,,0.0,0,2000.0,A01,138Â 208Â 529,1.0,-1.0,-1.0,1724645,1.0,7,,0.0,2.0,1.0,A01,138Â 208Â 529,1.0
1010378,201900051909,9,25,08:10,1,1,1,1.0,2.0,67239,A35 PK 444.4,M,"48,2476180","7,4101600",67,2019,110.0,1.0,1.0,1.0,2259446,9.0,2,3,2,5.0,,0.0,0,2000.0,A01,138Â 208Â 529,1.0,-1.0,-1.0,1724646,1.0,13,,0.0,2.0,4.0,B01,138Â 208Â 530,1.0
1010378,201900051909,9,25,08:10,1,1,1,1.0,2.0,67239,A35 PK 444.4,M,"48,2476180","7,4101600",67,2019,110.0,1.0,1.0,1.0,2259447,2.0,2,1,1,4.0,,0.0,0,1994.0,B01,138Â 208Â 530,1.0,-1.0,-1.0,1724645,1.0,7,,0.0,2.0,1.0,A01,138Â 208Â 529,1.0
1010378,201900051909,9,25,08:10,1,1,1,1.0,2.0,67239,A35 PK 444.4,M,"48,2476180","7,4101600",67,2019,110.0,1.0,1.0,1.0,2259447,2.0,2,1,1,4.0,,0.0,0,1994.0,B01,138Â 208Â 530,1.0,-1.0,-1.0,1724646,1.0,13,,0.0,2.0,4.0,B01,138Â 208Â 530,1.0
1010378,201900051909,9,25,08:10,1,1,1,1.0,2.0,67239,A35 PK 444.4,M,"48,2476180","7,4101600",67,2019,110.0,1.0,1.0,1.0,2259448,1.0,1,1,1,4.0,,0.0,0,1996.0,B01,138Â 208Â 530,8.0,-1.0,-1.0,1724645,1.0,7,,0.0,2.0,1.0,A01,138Â 208Â 529,1.0
1010378,201900051909,9,25,08:10,1,1,1,1.0,2.0,67239,A35 PK 444.4,M,"48,2476180","7,4101600",67,2019,110.0,1.0,1.0,1.0,2259448,1.0,1,1,1,4.0,,0.0,0,1996.0,B01,138Â 208Â 530,8.0,-1.0,-1.0,1724646,1.0,13,,0.0,2.0,4.0,B01,138Â 208Â 530,1.0
1010379,201900051910,9,26,02:00,3,1,1,2.0,1.0,44048,A11 PK 324.800,M,"47,3749640"," -1,2692670",44,2019,130.0,1.0,2.0,1.0,2259449,1.0,1,2,1,5.0,,0.0,0,1980.0,A01,138Â 208Â 527,0.0,-1.0,-1.0,1724647,2.0,7,,0.0,2.0,1.0,A01,138Â 208Â 527,1.0
1010379,201900051910,9,26,02:00,3,1,1,2.0,1.0,44048,A11 PK 324.800,M,"47,3749640"," -1,2692670",44,2019,130.0,1.0,2.0,1.0,2259449,1.0,1,2,1,5.0,,0.0,0,1980.0,A01,138Â 208Â 527,0.0,-1.0,-1.0,1724648,1.0,7,,0.0,2.0,1.0,B01,138Â 208Â 528,1.0
1010379,201900051910,9,26,02:00,3,1,1,2.0,1.0,44048,A11 PK 324.800,M,"47,3749640"," -1,2692670",44,2019,130.0,1.0,2.0,1.0,2259450,2.0,2,2,1,5.0,,0.0,0,1981.0,A01,138Â 208Â 527,0.0,-1.0,-1.0,1724647,2.0,7,,0.0,2.0,1.0,A01,138Â 208Â 527,1.0
1010379,201900051910,9,26,02:00,3,1,1,2.0,1.0,44048,A11 PK 324.800,M,"47,3749640"," -1,2692670",44,2019,130.0,1.0,2.0,1.0,2259450,2.0,2,2,1,5.0,,0.0,0,1981.0,A01,138Â 208Â 527,0.0,-1.0,-1.0,1724648,1.0,7,,0.0,2.0,1.0,B01,138Â 208Â 528,1.0
1010379,201900051910,9,26,02:00,3,1,1,2.0,1.0,44048,A11 PK 324.800,M,"47,3749640"," -1,2692670",44,2019,130.0,1.0,2.0,1.0,2259451,1.0,1,2,1,5.0,,0.0,0,1991.0,B01,138Â 208Â 528,1.0,-1.0,-1.0,1724647,2.0,7,,0.0,2.0,1.0,A01,138Â 208Â 527,1.0
1010379,201900051910,9,26,02:00,3,1,1,2.0,1.0,44048,A11 PK 324.800,M,"47,3749640"," -1,2692670",44,2019,130.0,1.0,2.0,1.0,2259451,1.0,1,2,1,5.0,,0.0,0,1991.0,B01,138Â 208Â 528,1.0,-1.0,-1.0,1724648,1.0,7,,0.0,2.0,1.0,B01,138Â 208Â 528,1.0
1010379,201900051910,9,26,02:00,3,1,1,2.0,1.0,44048,A11 PK 324.800,M,"47,3749640"," -1,2692670",44,2019,130.0,1.0,2.0,1.0,2259452,2.0,2,3,1,5.0,,0.0,0,1998.0,B01,138Â 208Â 528,8.0,-1.0,-1.0,1724647,2.0,7,,0.0,2.0,1.0,A01,138Â 208Â 527,1.0
1010379,201900051910,9,26,02:00,3,1,1,2.0,1.0,44048,A11 PK 324.800,M,"47,3749640"," -1,2692670",44,2019,130.0,1.0,2.0,1.0,2259452,2.0,2,3,1,5.0,,0.0,0,1998.0,B01,138Â 208Â 528,8.0,-1.0,-1.0,1724648,1.0,7,,0.0,2.0,1.0,B01,138Â 208Â 528,1.0
1010380,201900051911,9,25,21:00,4,1,1,2.0,6.0,69086,A89,M,"45,8446500","4,6739800",69,2019,50.0,1.0,2.0,1.0,2259453,1.0,1,4,2,1.0,,0.0,0,1993.0,A01,138Â 208Â 526,1.0,-1.0,-1.0,1724649,3.0,7,,13.0,0.0,9.0,A01,138Â 208Â 526,1.0
1010381,201900051912,9,26,10:40,1,1,1,1.0,3.0,17188,RD 739,M,"45,8713660"," -0,2492100",17,2019,80.0,1.0,1.0,3.0,2259454,1.0,1,1,1,4.0,,0.0,0,1965.0,B01,138Â 208Â 524,1.0,-1.0,-1.0,1724650,1.0,17,,0.0,2.0,2.0,B01,138Â 208Â 524,1.0
1010381,201900051912,9,26,10:40,1,1,1,1.0,3.0,17188,RD 739,M,"45,8713660"," -0,2492100",17,2019,80.0,1.0,1.0,3.0,2259454,1.0,1,1,1,4.0,,0.0,0,1965.0,B01,138Â 208Â 524,1.0,-1.0,-1.0,1724651,1.0,7,,0.0,2.0,8.0,A01,138Â 208Â 525,1.0
1010381,201900051912,9,26,10:40,1,1,1,1.0,3.0,17188,RD 739,M,"45,8713660"," -0,2492100",17,2019,80.0,1.0,1.0,3.0,2259455,1.0,1,3,2,0.0,,0.0,0,1960.0,A01,138Â 208Â 525,1.0,-1.0,-1.0,1724650,1.0,17,,0.0,2.0,2.0,B01,138Â 208Â 524,1.0
1010381,201900051912,9,26,10:40,1,1,1,1.0,3.0,17188,RD 739,M,"45,8713660"," -0,2492100",17,2019,80.0,1.0,1.0,3.0,2259455,1.0,1,3,2,0.0,,0.0,0,1960.0,A01,138Â 208Â 525,1.0,-1.0,-1.0,1724651,1.0,7,,0.0,2.0,8.0,A01,138Â 208Â 525,1.0
1010382,201900051913,9,25,17:45,1,2,1,1.0,2.0,68278,rue de l'ile napolÃ©on,M,"47,7680050","7,3918320",68,2019,50.0,1.0,1.0,3.0,2259456,1.0,1,4,1,5.0,,0.0,0,1939.0,A01,138Â 208Â 522,1.0,-1.0,-1.0,1724652,1.0,7,,0.0,2.0,1.0,A01,138Â 208Â 522,1.0
1010382,201900051913,9,25,17:45,1,2,1,1.0,2.0,68278,rue de l'ile napolÃ©on,M,"47,7680050","7,3918320",68,2019,50.0,1.0,1.0,3.0,2259456,1.0,1,4,1,5.0,,0.0,0,1939.0,A01,138Â 208Â 522,1.0,-1.0,-1.0,1724653,1.0,14,,0.0,0.0,4.0,B01,138Â 208Â 523,1.0
1010382,201900051913,9,25,17:45,1,2,1,1.0,2.0,68278,rue de l'ile napolÃ©on,M,"47,7680050","7,3918320",68,2019,50.0,1.0,1.0,3.0,2259457,1.0,1,1,1,4.0,,0.0,0,1974.0,B01,138Â 208Â 523,1.0,-1.0,-1.0,1724652,1.0,7,,0.0,2.0,1.0,A01,138Â 208Â 522,1.0
1010382,201900051913,9,25,17:45,1,2,1,1.0,2.0,68278,rue de l'ile napolÃ©on,M,"47,7680050","7,3918320",68,2019,50.0,1.0,1.0,3.0,2259457,1.0,1,1,1,4.0,,0.0,0,1974.0,B01,138Â 208Â 523,1.0,-1.0,-1.0,1724653,1.0,14,,0.0,0.0,4.0,B01,138Â 208Â 523,1.0
1010383,201900051914,9,21,07:25,1,1,1,1.0,1.0,97106,Route de la Traversee,M,"16,1792300"," -61,7481200",971,2019,70.0,1.0,8.0,3.0,2259458,3.0,2,1,1,3.0,,0.0,0,1961.0,B01,138Â 208Â 520,1.0,-1.0,-1.0,1724654,1.0,7,,0.0,2.0,3.0,B01,138Â 208Â 520,1.0
1010383,201900051914,9,21,07:25,1,1,1,1.0,1.0,97106,Route de la Traversee,M,"16,1792300"," -61,7481200",971,2019,70.0,1.0,8.0,3.0,2259458,3.0,2,1,1,3.0,,0.0,0,1961.0,B01,138Â 208Â 520,1.0,-1.0,-1.0,1724655,2.0,7,,0.0,2.0,1.0,A01,138Â 208Â 521,1.0
1010383,201900051914,9,21,07:25,1,1,1,1.0,1.0,97106,Route de la Traversee,M,"16,1792300"," -61,7481200",971,2019,70.0,1.0,8.0,3.0,2259459,9.0,2,1,1,3.0,,0.0,0,1980.0,B01,138Â 208Â 520,1.0,-1.0,-1.0,1724654,1.0,7,,0.0,2.0,3.0,B01,138Â 208Â 520,1.0
1010383,201900051914,9,21,07:25,1,1,1,1.0,1.0,97106,Route de la Traversee,M,"16,1792300"," -61,7481200",971,2019,70.0,1.0,8.0,3.0,2259459,9.0,2,1,1,3.0,,0.0,0,1980.0,B01,138Â 208Â 520,1.0,-1.0,-1.0,1724655,2.0,7,,0.0,2.0,1.0,A01,138Â 208Â 521,1.0
1010383,201900051914,9,21,07:25,1,1,1,1.0,1.0,97106,Route de la Traversee,M,"16,1792300"," -61,7481200",971,2019,70.0,1.0,8.0,3.0,2259460,1.0,1,1,1,4.0,,0.0,0,1977.0,B01,138Â 208Â 520,1.0,-1.0,-1.0,1724654,1.0,7,,0.0,2.0,3.0,B01,138Â 208Â 520,1.0
1010383,201900051914,9,21,07:25,1,1,1,1.0,1.0,97106,Route de la Traversee,M,"16,1792300"," -61,7481200",971,2019,70.0,1.0,8.0,3.0,2259460,1.0,1,1,1,4.0,,0.0,0,1977.0,B01,138Â 208Â 520,1.0,-1.0,-1.0,1724655,2.0,7,,0.0,2.0,1.0,A01,138Â 208Â 521,1.0
1010383,201900051914,9,21,07:25,1,1,1,1.0,1.0,97106,Route de la Traversee,M,"16,1792300"," -61,7481200",971,2019,70.0,1.0,8.0,3.0,2259461,4.0,2,1,2,3.0,,0.0,0,1976.0,B01,138Â 208Â 520,1.0,-1.0,-1.0,1724654,1.0,7,,0.0,2.0,3.0,B01,138Â 208Â 520,1.0
1010383,201900051914,9,21,07:25,1,1,1,1.0,1.0,97106,Route de la Traversee,M,"16,1792300"," -61,7481200",971,2019,70.0,1.0,8.0,3.0,2259461,4.0,2,1,2,3.0,,0.0,0,1976.0,B01,138Â 208Â 520,1.0,-1.0,-1.0,1724655,2.0,7,,0.0,2.0,1.0,A01,138Â 208Â 521,1.0
1010383,201900051914,9,21,07:25,1,1,1,1.0,1.0,97106,Route de la Traversee,M,"16,1792300"," -61,7481200",971,2019,70.0,1.0,8.0,3.0,2259462,2.0,2,1,2,1.0,,0.0,0,1963.0,B01,138Â 208Â 520,1.0,-1.0,-1.0,1724654,1.0,7,,0.0,2.0,3.0,B01,138Â 208Â 520,1.0
1010383,201900051914,9,21,07:25,1,1,1,1.0,1.0,97106,Route de la Traversee,M,"16,1792300"," -61,7481200",971,2019,70.0,1.0,8.0,3.0,2259462,2.0,2,1,2,1.0,,0.0,0,1963.0,B01,138Â 208Â 520,1.0,-1.0,-1.0,1724655,2.0,7,,0.0,2.0,1.0,A01,138Â 208Â 521,1.0
1010383,201900051914,9,21,07:25,1,1,1,1.0,1.0,97106,Route de la Traversee,M,"16,1792300"," -61,7481200",971,2019,70.0,1.0,8.0,3.0,2259463,7.0,2,1,2,3.0,,0.0,0,1968.0,B01,138Â 208Â 520,1.0,-1.0,-1.0,1724654,1.0,7,,0.0,2.0,3.0,B01,138Â 208Â 520,1.0
1010383,201900051914,9,21,07:25,1,1,1,1.0,1.0,97106,Route de la Traversee,M,"16,1792300"," -61,7481200",971,2019,70.0,1.0,8.0,3.0,2259463,7.0,2,1,2,3.0,,0.0,0,1968.0,B01,138Â 208Â 520,1.0,-1.0,-1.0,1724655,2.0,7,,0.0,2.0,1.0,A01,138Â 208Â 521,1.0
1010383,201900051914,9,21,07:25,1,1,1,1.0,1.0,97106,Route de la Traversee,M,"16,1792300"," -61,7481200",971,2019,70.0,1.0,8.0,3.0,2259464,1.0,1,1,1,5.0,,0.0,0,1990.0,A01,138Â 208Â 521,1.0,-1.0,-1.0,1724654,1.0,7,,0.0,2.0,3.0,B01,138Â 208Â 520,1.0
1010383,201900051914,9,21,07:25,1,1,1,1.0,1.0,97106,Route de la Traversee,M,"16,1792300"," -61,7481200",971,2019,70.0,1.0,8.0,3.0,2259464,1.0,1,1,1,5.0,,0.0,0,1990.0,A01,138Â 208Â 521,1.0,-1.0,-1.0,1724655,2.0,7,,0.0,2.0,1.0,A01,138Â 208Â 521,1.0