Unnamed: 0_x,num_acc,mois,jour,hrmn,lum,agg,int,atm,col,com,adr,gps,lat,long,dep,annee,vma,situ,surf,catr,Unnamed: 0_y,place,catu,grav,sexe,trajet,secu,locp,actp,an_nais,num_veh_x,id_vehicule_x,secu1,secu2,secu3,Unnamed: 0,senc,catv,occutc,obs,obsm,choc,num_veh_y,id_vehicule_y,motor
1010383,201900051914,9,21,07:25,1,1,1,1.0,1.0,97106,Route de la Traversee,M,"16,1792300"," -61,7481200",971,2019,70.0,1.0,8.0,3.0,2259465,2.0,2,3,2,5.0,,0.0,0,1989.0,A01,138Â 208Â 521,1.0,-1.0,-1.0,1724654,1.0,7,,0.0,2.0,3.0,B01,138Â 208Â 520,1.0
1010383,201900051914,9,21,07:25,1,1,1,1.0,1.0,97106,Route de la Traversee,M,"16,1792300"," -61,7481200",971,2019,70.0,1.0,8.0,3.0,2259465,2.0,2,3,2,5.0,,0.0,0,1989.0,A01,138Â 208Â 521,1.0,-1.0,-1.0,1724655,2.0,7,,0.0,2.0,1.0,A01,138Â 208Â 521,1.0
1010384,201900051915,9,26,09:00,1,1,2,1.0,3.0,84132,D25,M,"43,9263851","4,9853316",84,2019,80.0,3.0,1.0,3.0,2259466,2.0,2,3,2,2.0,,0.0,0,1991.0,A01,138Â 208Â 518,1.0,-1.0,-1.0,1724656,1.0,7,,0.0,2.0,7.0,A01,138Â 208Â 518,1.0
1010384,201900051915,9,26,09:00,1,1,2,1.0,3.0,84132,D25,M,"43,9263851","4,9853316",84,2019,80.0,3.0,1.0,3.0,2259466,2.0,2,3,2,2.0,,0.0,0,1991.0,A01,138Â 208Â 518,1.0,-1.0,-1.0,1724657,1.0,7,,0.0,2.0,1.0,B01,138Â 208Â 519,1.0
1010384,201900051915,9,26,09:00,1,1,2,1.0,3.0,84132,D25,M,"43,9263851","4,9853316",84,2019,80.0,3.0,1.0,3.0,2259467,1.0,1,4,1,2.0,,0.0,0,1944.0,A01,138Â 208Â 518,1.0,-1.0,-1.0,1724656,1.0,7,,0.0,2.0,7.0,A01,138Â 208Â 518,1.0
1010384,201900051915,9,26,09:00,1,1,2,1.0,3.0,84132,D25,M,"43,9263851","4,9853316",84,2019,80.0,3.0,1.0,3.0,2259467,1.0,1,4,1,2.0,,0.0,0,1944.0,A01,138Â 208Â 518,1.0,-1.0,-1.0,1724657,1.0,7,,0.0,2.0,1.0,B01,138Â 208Â 519,1.0
1010384,201900051915,9,26,09:00,1,1,2,1.0,3.0,84132,D25,M,"43,9263851","4,9853316",84,2019,80.0,3.0,1.0,3.0,2259468,1.0,1,4,1,1.0,,0.0,0,1988.0,B01,138Â 208Â 519,1.0,-1.0,-1.0,1724656,1.0,7,,0.0,2.0,7.0,A01,138Â 208Â 518,1.0
1010384,201900051915,9,26,09:00,1,1,2,1.0,3.0,84132,D25,M,"43,9263851","4,9853316",84,2019,80.0,3.0,1.0,3.0,2259468,1.0,1,4,1,1.0,,0.0,0,1988.0,B01,138Â 208Â 519,1.0,-1.0,-1.0,1724657,1.0,7,,0.0,2.0,1.0,B01,138Â 208Â 519,1.0
1010385,201900051916,9,26,16:25,1,1,3,1.0,2.0,83016,Route de Toulon Ã  Marseille,M,"43,1795170","5,8248820",83,2019,80.0,1.0,1.0,3.0,2259469,1.0,1,3,1,5.0,,0.0,0,1981.0,B01,138Â 208Â 516,2.0,6.0,-1.0,1724658,2.0,33,,0.0,2.0,1.0,B01,138Â 208Â 516,1.0
1010385,201900051916,9,26,16:25,1,1,3,1.0,2.0,83016,Route de Toulon Ã  Marseille,M,"43,1795170","5,8248820",83,2019,80.0,1.0,1.0,3.0,2259469,1.0,1,3,1,5.0,,0.0,0,1981.0,B01,138Â 208Â 516,2.0,6.0,-1.0,1724659,3.0,21,,0.0,0.0,5.0,A01,138Â 208Â 517,1.0
1010385,201900051916,9,26,16:25,1,1,3,1.0,2.0,83016,Route de Toulon Ã  Marseille,M,"43,1795170","5,8248820",83,2019,80.0,1.0,1.0,3.0,2259470,2.0,2,3,2,5.0,,0.0,0,1983.0,B01,138Â 208Â 516,2.0,6.0,-1.0,1724658,2.0,33,,0.0,2.0,1.0,B01,138Â 208Â 516,1.0
1010385,201900051916,9,26,16:25,1,1,3,1.0,2.0,83016,Route de Toulon Ã  Marseille,M,"43,1795170","5,8248820",83,2019,80.0,1.0,1.0,3.0,2259470,2.0,2,3,2,5.0,,0.0,0,1983.0,B01,138Â 208Â 516,2.0,6.0,-1.0,1724659,3.0,21,,0.0,0.0,5.0,A01,138Â 208Â 517,1.0
1010385,201900051916,9,26,16:25,1,1,3,1.0,2.0,83016,Route de Toulon Ã  Marseille,M,"43,1795170","5,8248820",83,2019,80.0,1.0,1.0,3.0,2259471,1.0,1,1,1,4.0,,0.0,0,1948.0,A01,138Â 208Â 517,0.0,-1.0,-1.0,1724658,2.0,33,,0.0,2.0,1.0,B01,138Â 208Â 516,1.0
1010385,201900051916,9,26,16:25,1,1,3,1.0,2.0,83016,Route de Toulon Ã  Marseille,M,"43,1795170","5,8248820",83,2019,80.0,1.0,1.0,3.0,2259471,1.0,1,1,1,4.0,,0.0,0,1948.0,A01,138Â 208Â 517,0.0,-1.0,-1.0,1724659,3.0,21,,0.0,0.0,5.0,A01,138Â 208Â 517,1.0
1010386,201900051917,9,26,07:57,1,1,1,1.0,5.0,81050,RN 126 PK 19+315,M,"43,5796080","1,8395710",81,2019,80.0,1.0,1.0,2.0,2259472,1.0,1,1,1,4.0,,0.0,0,1962.0,C01,138Â 208Â 513,1.0,-1.0,-1.0,1724660,2.0,14,,0.0,0.0,3.0,C01,138Â 208Â 513,1.0
1010386,201900051917,9,26,07:57,1,1,1,1.0,5.0,81050,RN 126 PK 19+315,M,"43,5796080","1,8395710",81,2019,80.0,1.0,1.0,2.0,2259472,1.0,1,1,1,4.0,,0.0,0,1962.0,C01,138Â 208Â 513,1.0,-1.0,-1.0,1724661,2.0,7,,0.0,0.0,8.0,B01,138Â 208Â 514,1.0
1010386,201900051917,9,26,07:57,1,1,1,1.0,5.0,81050,RN 126 PK 19+315,M,"43,5796080","1,8395710",81,2019,80.0,1.0,1.0,2.0,2259472,1.0,1,1,1,4.0,,0.0,0,1962.0,C01,138Â 208Â 513,1.0,-1.0,-1.0,1724662,1.0,7,,0.0,0.0,3.0,A01,138Â 208Â 515,1.0
1010386,201900051917,9,26,07:57,1,1,1,1.0,5.0,81050,RN 126 PK 19+315,M,"43,5796080","1,8395710",81,2019,80.0,1.0,1.0,2.0,2259473,1.0,1,4,1,1.0,,0.0,0,1956.0,B01,138Â 208Â 514,1.0,-1.0,-1.0,1724660,2.0,14,,0.0,0.0,3.0,C01,138Â 208Â 513,1.0
1010386,201900051917,9,26,07:57,1,1,1,1.0,5.0,81050,RN 126 PK 19+315,M,"43,5796080","1,8395710",81,2019,80.0,1.0,1.0,2.0,2259473,1.0,1,4,1,1.0,,0.0,0,1956.0,B01,138Â 208Â 514,1.0,-1.0,-1.0,1724661,2.0,7,,0.0,0.0,8.0,B01,138Â 208Â 514,1.0
1010386,201900051917,9,26,07:57,1,1,1,1.0,5.0,81050,RN 126 PK 19+315,M,"43,5796080","1,8395710",81,2019,80.0,1.0,1.0,2.0,2259473,1.0,1,4,1,1.0,,0.0,0,1956.0,B01,138Â 208Â 514,1.0,-1.0,-1.0,1724662,1.0,7,,0.0,0.0,3.0,A01,138Â 208Â 515,1.0
1010386,201900051917,9,26,07:57,1,1,1,1.0,5.0,81050,RN 126 PK 19+315,M,"43,5796080","1,8395710",81,2019,80.0,1.0,1.0,2.0,2259474,8.0,2,2,1,5.0,,0.0,0,1959.0,A01,138Â 208Â 515,0.0,-1.0,-1.0,1724660,2.0,14,,0.0,0.0,3.0,C01,138Â 208Â 513,1.0
1010386,201900051917,9,26,07:57,1,1,1,1.0,5.0,81050,RN 126 PK 19+315,M,"43,5796080","1,8395710",81,2019,80.0,1.0,1.0,2.0,2259474,8.0,2,2,1,5.0,,0.0,0,1959.0,A01,138Â 208Â 515,0.0,-1.0,-1.0,1724661,2.0,7,,0.0,0.0,8.0,B01,138Â 208Â 514,1.0
1010386,201900051917,9,26,07:57,1,1,1,1.0,5.0,81050,RN 126 PK 19+315,M,"43,5796080","1,8395710",81,2019,80.0,1.0,1.0,2.0,2259474,8.0,2,2,1,5.0,,0.0,0,1959.0,A01,138Â 208Â 515,0.0,-1.0,-1.0,1724662,1.0,7,,0.0,0.0,3.0,A01,138Â 208Â 515,1.0
1010386,201900051917,9,26,07:57,1,1,1,1.0,5.0,81050,RN 126 PK 19+315,M,"43,5796080","1,8395710",81,2019,80.0,1.0,1.0,2.0,2259475,2.0,2,3,1,5.0,,0.0,0,1959.0,A01,138Â 208Â 515,1.0,-1.0,-1.0,1724660,2.0,14,,0.0,0.0,3.0,C01,138Â 208Â 513,1.0
1010386,201900051917,9,26,07:57,1,1,1,1.0,5.0,81050,RN 126 PK 19+315,M,"43,5796080","1,8395710",81,2019,80.0,1.0,1.0,2.0,2259475,2.0,2,3,1,5.0,,0.0,0,1959.0,A01,138Â 208Â 515,1.0,-1.0,-1.0,1724661,2.0,7,,0.0,0.0,8.0,B01,138Â 208Â 514,1.0
1010386,201900051917,9,26,07:57,1,1,1,1.0,5.0,81050,RN 126 PK 19+315,M,"43,5796080","1,8395710",81,2019,80.0,1.0,1.0,2.0,2259475,2.0,2,3,1,5.0,,0.0,0,1959.0,A01,138Â 208Â 515,1.0,-1.0,-1.0,1724662,1.0,7,,0.0,0.0,3.0,A01,138Â 208Â 515,1.0
1010386,201900051917,9,26,07:57,1,1,1,1.0,5.0,81050,RN 126 PK 19+315,M,"43,5796080","1,8395710",81,2019,80.0,1.0,1.0,2.0,2259476,1.0,1,2,1,0.0,,0.0,0,1954.0,A01,138Â 208Â 515,8.0,-1.0,-1.0,1724660,2.0,14,,0.0,0.0,3.0,C01,138Â 208Â 513,1.0
1010386,201900051917,9,26,07:57,1,1,1,1.0,5.0,81050,RN 126 PK 19+315,M,"43,5796080","1,8395710",81,2019,80.0,1.0,1.0,2.0,2259476,1.0,1,2,1,0.0,,0.0,0,1954.0,A01,138Â 208Â 515,8.0,-1.0,-1.0,1724661,2.0,7,,0.0,0.0,8.0,B01,138Â 208Â 514,1.0
1010386,201900051917,9,26,07:57,1,1,1,1.0,5.0,81050,RN 126 PK 19+315,M,"43,5796080","1,8395710",81,2019,80.0,1.0,1.0,2.0,2259476,1.0,1,2,1,0.0,,0.0,0,1954.0,A01,138Â 208Â 515,8.0,-1.0,-1.0,1724662,1.0,7,,0.0,0.0,3.0,A01,138Â 208Â 515,1.0
1010387,201900051918,9,25,12:45,1,2,2,3.0,3.0,17219,Rue de la gataudiÃ¨re,M,"45,8328360"," -1,1127980",17,2019,50.0,1.0,2.0,4.0,2259477,1.0,1,1,2,4.0,,0.0,0,1992.0,B01,138Â 208Â 511,1.0,-1.0,-1.0,1724663,1.0,7,,0.0,2.0,7.0,B01,138Â 208Â 511,1.0
1010387,201900051918,9,25,12:45,1,2,2,3.0,3.0,17219,Rue de la gataudiÃ¨re,M,"45,8328360"," -1,1127980",17,2019,50.0,1.0,2.0,4.0,2259477,1.0,1,1,2,4.0,,0.0,0,1992.0,B01,138Â 208Â 511,1.0,-1.0,-1.0,1724664,1.0,2,,0.0,2.0,1.0,A01,138Â 208Â 512,1.0
1010387,201900051918,9,25,12:45,1,2,2,3.0,3.0,17219,Rue de la gataudiÃ¨re,M,"45,8328360"," -1,1127980",17,2019,50.0,1.0,2.0,4.0,2259478,1.0,1,3,1,2.0,,0.0,0,2005.0,A01,138Â 208Â 512,2.0,6.0,-1.0,1724663,1.0,7,,0.0,2.0,7.0,B01,138Â 208Â 511,1.0
1010387,201900051918,9,25,12:45,1,2,2,3.0,3.0,17219,Rue de la gataudiÃ¨re,M,"45,8328360"," -1,1127980",17,2019,50.0,1.0,2.0,4.0,2259478,1.0,1,3,1,2.0,,0.0,0,2005.0,A01,138Â 208Â 512,2.0,6.0,-1.0,1724664,1.0,2,,0.0,2.0,1.0,A01,138Â 208Â 512,1.0
1010388,201900051919,9,14,15:00,1,1,1,1.0,3.0,85002,Sainte-Jeanne,M,"46,6724000"," -1,7824500",85,2019,80.0,1.0,1.0,3.0,2259479,2.0,2,4,2,5.0,,0.0,0,1955.0,B01,138Â 208Â 509,2.0,-1.0,-1.0,1724665,2.0,33,,0.0,2.0,1.0,B01,138Â 208Â 509,1.0
1010388,201900051919,9,14,15:00,1,1,1,1.0,3.0,85002,Sainte-Jeanne,M,"46,6724000"," -1,7824500",85,2019,80.0,1.0,1.0,3.0,2259479,2.0,2,4,2,5.0,,0.0,0,1955.0,B01,138Â 208Â 509,2.0,-1.0,-1.0,1724666,1.0,7,,0.0,2.0,8.0,A01,138Â 208Â 510,1.0
1010388,201900051919,9,14,15:00,1,1,1,1.0,3.0,85002,Sainte-Jeanne,M,"46,6724000"," -1,7824500",85,2019,80.0,1.0,1.0,3.0,2259480,1.0,1,4,1,5.0,,0.0,0,1958.0,B01,138Â 208Â 509,2.0,-1.0,-1.0,1724665,2.0,33,,0.0,2.0,1.0,B01,138Â 208Â 509,1.0
1010388,201900051919,9,14,15:00,1,1,1,1.0,3.0,85002,Sainte-Jeanne,M,"46,6724000"," -1,7824500",85,2019,80.0,1.0,1.0,3.0,2259480,1.0,1,4,1,5.0,,0.0,0,1958.0,B01,138Â 208Â 509,2.0,-1.0,-1.0,1724666,1.0,7,,0.0,2.0,8.0,A01,138Â 208Â 510,1.0
1010388,201900051919,9,14,15:00,1,1,1,1.0,3.0,85002,Sainte-Jeanne,M,"46,6724000"," -1,7824500",85,2019,80.0,1.0,1.0,3.0,2259481,1.0,1,1,1,5.0,,0.0,0,1938.0,A01,138Â 208Â 510,1.0,-1.0,-1.0,1724665,2.0,33,,0.0,2.0,1.0,B01,138Â 208Â 509,1.0
1010388,201900051919,9,14,15:00,1,1,1,1.0,3.0,85002,Sainte-Jeanne,M,"46,6724000"," -1,7824500",85,2019,80.0,1.0,1.0,3.0,2259481,1.0,1,1,1,5.0,,0.0,0,1938.0,A01,138Â 208Â 510,1.0,-1.0,-1.0,1724666,1.0,7,,0.0,2.0,8.0,A01,138Â 208Â 510,1.0
1010389,201900051920,9,25,18:10,1,1,1,2.0,6.0,85155,7 Le Coq Vert,M,"46,6981500"," -1,4891600",85,2019,110.0,3.0,2.0,3.0,2259482,1.0,1,3,1,5.0,,0.0,0,1988.0,A01,138Â 208Â 508,1.0,-1.0,-1.0,1724667,2.0,7,,3.0,0.0,2.0,A01,138Â 208Â 508,1.0
1010390,201900051921,9,25,18:15,1,1,1,2.0,3.0,35212,La PinconniÃ¨re,M,"47,8845590"," -1,6259850",35,2019,80.0,1.0,2.0,3.0,2259483,1.0,1,1,1,5.0,,0.0,0,1957.0,A01,138Â 208Â 506,1.0,-1.0,-1.0,1724668,1.0,7,,0.0,2.0,7.0,A01,138Â 208Â 506,1.0
1010390,201900051921,9,25,18:15,1,1,1,2.0,3.0,35212,La PinconniÃ¨re,M,"47,8845590"," -1,6259850",35,2019,80.0,1.0,2.0,3.0,2259483,1.0,1,1,1,5.0,,0.0,0,1957.0,A01,138Â 208Â 506,1.0,-1.0,-1.0,1724669,1.0,2,,0.0,2.0,8.0,B01,138Â 208Â 507,1.0
1010390,201900051921,9,25,18:15,1,1,1,2.0,3.0,35212,La PinconniÃ¨re,M,"47,8845590"," -1,6259850",35,2019,80.0,1.0,2.0,3.0,2259484,1.0,1,3,1,5.0,,0.0,0,1964.0,B01,138Â 208Â 507,4.0,6.0,-1.0,1724668,1.0,7,,0.0,2.0,7.0,A01,138Â 208Â 506,1.0
1010390,201900051921,9,25,18:15,1,1,1,2.0,3.0,35212,La PinconniÃ¨re,M,"47,8845590"," -1,6259850",35,2019,80.0,1.0,2.0,3.0,2259484,1.0,1,3,1,5.0,,0.0,0,1964.0,B01,138Â 208Â 507,4.0,6.0,-1.0,1724669,1.0,2,,0.0,2.0,8.0,B01,138Â 208Â 507,1.0
1010391,201900051922,9,6,15:10,1,1,1,1.0,4.0,13055,A507 sens Aubagne- Marseille,M,"43,3347223","5,3825659",13,2019,70.0,1.0,1.0,1.0,2259485,1.0,1,1,2,5.0,,-1.0,0,1963.0,C01,138Â 208Â 501,1.0,8.0,-1.0,1724670,2.0,10,,0.0,2.0,3.0,C01,138Â 208Â 501,1.0
1010391,201900051922,9,6,15:10,1,1,1,1.0,4.0,13055,A507 sens Aubagne- Marseille,M,"43,3347223","5,3825659",13,2019,70.0,1.0,1.0,1.0,2259485,1.0,1,1,2,5.0,,-1.0,0,1963.0,C01,138Â 208Â 501,1.0,8.0,-1.0,1724671,2.0,7,,0.0,2.0,5.0,B01,138Â 208Â 502,1.0
1010391,201900051922,9,6,15:10,1,1,1,1.0,4.0,13055,A507 sens Aubagne- Marseille,M,"43,3347223","5,3825659",13,2019,70.0,1.0,1.0,1.0,2259485,1.0,1,1,2,5.0,,-1.0,0,1963.0,C01,138Â 208Â 501,1.0,8.0,-1.0,1724672,2.0,10,,0.0,2.0,7.0,A01,138Â 208Â 503,1.0
1010391,201900051922,9,6,15:10,1,1,1,1.0,4.0,13055,A507 sens Aubagne- Marseille,M,"43,3347223","5,3825659",13,2019,70.0,1.0,1.0,1.0,2259486,1.0,1,1,1,5.0,,-1.0,0,1963.0,B01,138Â 208Â 502,1.0,8.0,-1.0,1724670,2.0,10,,0.0,2.0,3.0,C01,138Â 208Â 501,1.0
1010391,201900051922,9,6,15:10,1,1,1,1.0,4.0,13055,A507 sens Aubagne- Marseille,M,"43,3347223","5,3825659",13,2019,70.0,1.0,1.0,1.0,2259486,1.0,1,1,1,5.0,,-1.0,0,1963.0,B01,138Â 208Â 502,1.0,8.0,-1.0,1724671,2.0,7,,0.0,2.0,5.0,B01,138Â 208Â 502,1.0
1010391,201900051922,9,6,15:10,1,1,1,1.0,4.0,13055,A507 sens Aubagne- Marseille,M,"43,3347223","5,3825659",13,2019,70.0,1.0,1.0,1.0,2259486,1.0,1,1,1,5.0,,-1.0,0,1963.0,B01,138Â 208Â 502,1.0,8.0,-1.0,1724672,2.0,10,,0.0,2.0,7.0,A01,138Â 208Â 503,1.0
1010391,201900051922,9,6,15:10,1,1,1,1.0,4.0,13055,A507 sens Aubagne- Marseille,M,"43,3347223","5,3825659",13,2019,70.0,1.0,1.0,1.0,2259487,1.0,1,4,2,5.0,,-1.0,0,1992.0,A01,138Â 208Â 503,1.0,8.0,-1.0,1724670,2.0,10,,0.0,2.0,3.0,C01,138Â 208Â 501,1.0
1010391,201900051922,9,6,15:10,1,1,1,1.0,4.0,13055,A507 sens Aubagne- Marseille,M,"43,3347223","5,3825659",13,2019,70.0,1.0,1.0,1.0,2259487,1.0,1,4,2,5.0,,-1.0,0,1992.0,A01,138Â 208Â 503,1.0,8.0,-1.0,1724671,2.0,7,,0.0,2.0,5.0,B01,138Â 208Â 502,1.0
1010391,201900051922,9,6,15:10,1,1,1,1.0,4.0,13055,A507 sens Aubagne- Marseille,M,"43,3347223","5,3825659",13,2019,70.0,1.0,1.0,1.0,2259487,1.0,1,4,2,5.0,,-1.0,0,1992.0,A01,138Â 208Â 503,1.0,8.0,-1.0,1724672,2.0,10,,0.0,2.0,7.0,A01,138Â 208Â 503,1.0
1010392,201900051923,9,24,05:35,3,1,1,1.0,6.0,54578,Autoroute33,M,"48,6725700","6,1214900",54,2019,130.0,1.0,1.0,1.0,2259488,1.0,1,3,1,5.0,,-1.0,0,1998.0,A01,138Â 208Â 500,1.0,0.0,-1.0,1724673,1.0,7,,13.0,0.0,2.0,A01,138Â 208Â 500,1.0
1010393,201900051924,9,25,19:18,2,1,1,8.0,7.0,91363,RN 118,M,"48,6682400","2,1941200",91,2019,90.0,1.0,1.0,2.0,2259489,1.0,1,4,1,5.0,,0.0,0,1998.0,A01,138Â 208Â 499,2.0,6.0,-1.0,1724674,1.0,33,,0.0,0.0,0.0,A01,138Â 208Â 499,1.0
1010394,201900051925,9,25,16:30,1,1,1,1.0,3.0,91161,AUTOROUTE A6,M,"48,7053200","2,3060400",91,2019,110.0,1.0,1.0,1.0,2259490,1.0,1,1,1,1.0,,0.0,0,1944.0,B01,138Â 208Â 497,1.0,0.0,-1.0,1724675,1.0,7,,0.0,2.0,3.0,B01,138Â 208Â 497,1.0
1010394,201900051925,9,25,16:30,1,1,1,1.0,3.0,91161,AUTOROUTE A6,M,"48,7053200","2,3060400",91,2019,110.0,1.0,1.0,1.0,2259490,1.0,1,1,1,1.0,,0.0,0,1944.0,B01,138Â 208Â 497,1.0,0.0,-1.0,1724676,1.0,33,,0.0,2.0,2.0,A01,138Â 208Â 498,1.0
1010394,201900051925,9,25,16:30,1,1,1,1.0,3.0,91161,AUTOROUTE A6,M,"48,7053200","2,3060400",91,2019,110.0,1.0,1.0,1.0,2259491,1.0,1,4,2,1.0,,0.0,0,1981.0,A01,138Â 208Â 498,2.0,6.0,-1.0,1724675,1.0,7,,0.0,2.0,3.0,B01,138Â 208Â 497,1.0
1010394,201900051925,9,25,16:30,1,1,1,1.0,3.0,91161,AUTOROUTE A6,M,"48,7053200","2,3060400",91,2019,110.0,1.0,1.0,1.0,2259491,1.0,1,4,2,1.0,,0.0,0,1981.0,A01,138Â 208Â 498,2.0,6.0,-1.0,1724676,1.0,33,,0.0,2.0,2.0,A01,138Â 208Â 498,1.0
1010395,201900051926,9,25,07:30,2,1,1,2.0,3.0,91534,RN 118,M,"48,7362000","2,1748000",91,2019,90.0,1.0,2.0,2.0,2259492,1.0,1,4,1,1.0,,0.0,0,1973.0,B01,138Â 208Â 495,2.0,6.0,-1.0,1724677,2.0,33,,0.0,2.0,1.0,B01,138Â 208Â 495,1.0
1010395,201900051926,9,25,07:30,2,1,1,2.0,3.0,91534,RN 118,M,"48,7362000","2,1748000",91,2019,90.0,1.0,2.0,2.0,2259492,1.0,1,4,1,1.0,,0.0,0,1973.0,B01,138Â 208Â 495,2.0,6.0,-1.0,1724678,2.0,10,,0.0,2.0,8.0,A01,138Â 208Â 496,1.0
1010395,201900051926,9,25,07:30,2,1,1,2.0,3.0,91534,RN 118,M,"48,7362000","2,1748000",91,2019,90.0,1.0,2.0,2.0,2259493,1.0,1,1,1,1.0,,0.0,0,1971.0,A01,138Â 208Â 496,1.0,0.0,-1.0,1724677,2.0,33,,0.0,2.0,1.0,B01,138Â 208Â 495,1.0
1010395,201900051926,9,25,07:30,2,1,1,2.0,3.0,91534,RN 118,M,"48,7362000","2,1748000",91,2019,90.0,1.0,2.0,2.0,2259493,1.0,1,1,1,1.0,,0.0,0,1971.0,A01,138Â 208Â 496,1.0,0.0,-1.0,1724678,2.0,10,,0.0,2.0,8.0,A01,138Â 208Â 496,1.0
1010396,201900051927,9,25,07:00,3,1,1,2.0,3.0,94038,AUTOROUTE A6A,M,"48,7888100","2,3445300",94,2019,70.0,1.0,2.0,1.0,2259494,1.0,1,4,2,1.0,,-1.0, -1,1986.0,A01,138Â 208Â 493,1.0,0.0,-1.0,1724679,2.0,7,,0.0,2.0,3.0,A01,138Â 208Â 493,1.0
1010396,201900051927,9,25,07:00,3,1,1,2.0,3.0,94038,AUTOROUTE A6A,M,"48,7888100","2,3445300",94,2019,70.0,1.0,2.0,1.0,2259494,1.0,1,4,2,1.0,,-1.0, -1,1986.0,A01,138Â 208Â 493,1.0,0.0,-1.0,1724680,2.0,7,,0.0,2.0,7.0,B01,138Â 208Â 494,1.0
1010396,201900051927,9,25,07:00,3,1,1,2.0,3.0,94038,AUTOROUTE A6A,M,"48,7888100","2,3445300",94,2019,70.0,1.0,2.0,1.0,2259495,1.0,1,1,2,1.0,,-1.0, -1,1996.0,B01,138Â 208Â 494,1.0,4.0,-1.0,1724679,2.0,7,,0.0,2.0,3.0,A01,138Â 208Â 493,1.0
1010396,201900051927,9,25,07:00,3,1,1,2.0,3.0,94038,AUTOROUTE A6A,M,"48,7888100","2,3445300",94,2019,70.0,1.0,2.0,1.0,2259495,1.0,1,1,2,1.0,,-1.0, -1,1996.0,B01,138Â 208Â 494,1.0,4.0,-1.0,1724680,2.0,7,,0.0,2.0,7.0,B01,138Â 208Â 494,1.0
1010397,201900051928,9,25,17:00,1,1,1,1.0,2.0,78545,A12 Y,M,"48,8054660","2,0507390",78,2019,90.0,1.0,1.0,1.0,2259496,1.0,1,4,2,0.0,,-1.0, -1,1999.0,A01,138Â 208Â 491,1.0,0.0,-1.0,1724681,1.0,7,,0.0,2.0,1.0,A01,138Â 208Â 491,1.0
1010397,201900051928,9,25,17:00,1,1,1,1.0,2.0,78545,A12 Y,M,"48,8054660","2,0507390",78,2019,90.0,1.0,1.0,1.0,2259496,1.0,1,4,2,0.0,,-1.0, -1,1999.0,A01,138Â 208Â 491,1.0,0.0,-1.0,1724682,1.0,13,,0.0,2.0,4.0,B01,138Â 208Â 492,1.0
1010397,201900051928,9,25,17:00,1,1,1,1.0,2.0,78545,A12 Y,M,"48,8054660","2,0507390",78,2019,90.0,1.0,1.0,1.0,2259497,1.0,1,1,1,4.0,,-1.0, -1,1980.0,B01,138Â 208Â 492,1.0,0.0,-1.0,1724681,1.0,7,,0.0,2.0,1.0,A01,138Â 208Â 491,1.0
1010397,201900051928,9,25,17:00,1,1,1,1.0,2.0,78545,A12 Y,M,"48,8054660","2,0507390",78,2019,90.0,1.0,1.0,1.0,2259497,1.0,1,1,1,4.0,,-1.0, -1,1980.0,B01,138Â 208Â 492,1.0,0.0,-1.0,1724682,1.0,13,,0.0,2.0,4.0,B01,138Â 208Â 492,1.0
1010398,201900051929,9,24,22:30,4,1,9,2.0,6.0,92050,A86,M,"48,9144481","2,2195986",92,2019,90.0,1.0,2.0,1.0,2259498,1.0,1,4,2,0.0,,-1.0,0,1993.0,A01,138Â 208Â 490,1.0,8.0,-1.0,1724683,1.0,7,,0.0,0.0,1.0,A01,138Â 208Â 490,1.0
1010399,201900051930,9,24,19:45,2,1,1,2.0,3.0,92036,AUTOROUTE A86,M,"48,9381790","2,3134203",92,2019,90.0,1.0,2.0,1.0,2259499,1.0,1,1,1,0.0,,-1.0,0,1972.0,A01,138Â 208Â 488,1.0,0.0,-1.0,1724684,1.0,7,,0.0,2.0,3.0,A01,138Â 208Â 488,1.0
1010399,201900051930,9,24,19:45,2,1,1,2.0,3.0,92036,AUTOROUTE A86,M,"48,9381790","2,3134203",92,2019,90.0,1.0,2.0,1.0,2259499,1.0,1,1,1,0.0,,-1.0,0,1972.0,A01,138Â 208Â 488,1.0,0.0,-1.0,1724685,1.0,33,,0.0,2.0,2.0,B01,138Â 208Â 489,1.0
1010399,201900051930,9,24,19:45,2,1,1,2.0,3.0,92036,AUTOROUTE A86,M,"48,9381790","2,3134203",92,2019,90.0,1.0,2.0,1.0,2259500,1.0,1,3,1,0.0,,-1.0,0,1997.0,B01,138Â 208Â 489,2.0,0.0,-1.0,1724684,1.0,7,,0.0,2.0,3.0,A01,138Â 208Â 488,1.0
1010399,201900051930,9,24,19:45,2,1,1,2.0,3.0,92036,AUTOROUTE A86,M,"48,9381790","2,3134203",92,2019,90.0,1.0,2.0,1.0,2259500,1.0,1,3,1,0.0,,-1.0,0,1997.0,B01,138Â 208Â 489,2.0,0.0,-1.0,1724685,1.0,33,,0.0,2.0,2.0,B01,138Â 208Â 489,1.0
1010400,201900051931,9,24,21:45,3,1,1,2.0,6.0,93027,AUTOROUTE A86,M,"48,9286000","2,4145000",93,2019,70.0,1.0,2.0,1.0,2259501,1.0,1,4,1,5.0,,-1.0, -1,1982.0,A01,138Â 208Â 487,1.0,8.0,-1.0,1724686,2.0,7,,4.0,0.0,7.0,A01,138Â 208Â 487,1.0
1010401,201900051932,9,25,00:50,3,1,1,1.0,7.0,95277,AUTOROUTE A104,M,"48,9723300","2,4847400",95,2019,70.0,1.0,2.0,1.0,2259502,1.0,1,4,1,5.0,,-1.0,0,1977.0,A01,138Â 208Â 486,2.0,6.0,-1.0,1724687,2.0,43,,0.0,0.0,9.0,A01,138Â 208Â 486,1.0