Unnamed: 0_x,num_acc,mois,jour,hrmn,lum,agg,int,atm,col,com,adr,gps,lat,long,dep,annee,vma,situ,surf,catr,Unnamed: 0_y,place,catu,grav,sexe,trajet,secu,locp,actp,an_nais,num_veh_x,id_vehicule_x,secu1,secu2,secu3,Unnamed: 0,senc,catv,occutc,obs,obsm,choc,num_veh_y,id_vehicule_y,motor
1010402,201900051933,9,24,22:45,3,1,1,2.0,6.0,93078,AUTOROUTE A104,M,"48,9647100","2,5192700",93,2019,90.0,1.0,2.0,1.0,2259503,1.0,1,4,1,5.0,,-1.0, -1,2000.0,A01,138Â 208Â 485,1.0,8.0,-1.0,1724688,2.0,7,,4.0,0.0,3.0,A01,138Â 208Â 485,1.0
1010403,201900051934,9,24,16:45,1,1,1,2.0,3.0,95241,RN 104,M,"49,0475200","2,4603400",95,2019,110.0,1.0,2.0,2.0,2259504,1.0,1,4,2,1.0,,-1.0,0,1986.0,A01,138Â 208Â 483,1.0,0.0,-1.0,1724689,2.0,7,,4.0,2.0,9.0,A01,138Â 208Â 483,1.0
1010403,201900051934,9,24,16:45,1,1,1,2.0,3.0,95241,RN 104,M,"49,0475200","2,4603400",95,2019,110.0,1.0,2.0,2.0,2259504,1.0,1,4,2,1.0,,-1.0,0,1986.0,A01,138Â 208Â 483,1.0,0.0,-1.0,1724690,2.0,7,,0.0,2.0,1.0,B01,138Â 208Â 484,1.0
1010403,201900051934,9,24,16:45,1,1,1,2.0,3.0,95241,RN 104,M,"49,0475200","2,4603400",95,2019,110.0,1.0,2.0,2.0,2259505,1.0,1,4,1,1.0,,-1.0,0,1962.0,B01,138Â 208Â 484,1.0,0.0,-1.0,1724689,2.0,7,,4.0,2.0,9.0,A01,138Â 208Â 483,1.0
1010403,201900051934,9,24,16:45,1,1,1,2.0,3.0,95241,RN 104,M,"49,0475200","2,4603400",95,2019,110.0,1.0,2.0,2.0,2259505,1.0,1,4,1,1.0,,-1.0,0,1962.0,B01,138Â 208Â 484,1.0,0.0,-1.0,1724690,2.0,7,,0.0,2.0,1.0,B01,138Â 208Â 484,1.0
1010404,201900051935,9,23,14:20,1,1,1,1.0,4.0,93010,AUTOROUTE A3,M,"48,8920200","2,4731700",93,2019,70.0,1.0,1.0,1.0,2259506,1.0,1,1,1,0.0,,-1.0, -1,1966.0,E01,138Â 208Â 478,1.0,8.0,-1.0,1724691,1.0,10,,0.0,2.0,2.0,E01,138Â 208Â 478,1.0
1010404,201900051935,9,23,14:20,1,1,1,1.0,4.0,93010,AUTOROUTE A3,M,"48,8920200","2,4731700",93,2019,70.0,1.0,1.0,1.0,2259506,1.0,1,1,1,0.0,,-1.0, -1,1966.0,E01,138Â 208Â 478,1.0,8.0,-1.0,1724692,1.0,7,,0.0,2.0,1.0,D01,138Â 208Â 479,1.0
1010404,201900051935,9,23,14:20,1,1,1,1.0,4.0,93010,AUTOROUTE A3,M,"48,8920200","2,4731700",93,2019,70.0,1.0,1.0,1.0,2259506,1.0,1,1,1,0.0,,-1.0, -1,1966.0,E01,138Â 208Â 478,1.0,8.0,-1.0,1724693,1.0,7,,0.0,2.0,4.0,C01,138Â 208Â 480,1.0
1010404,201900051935,9,23,14:20,1,1,1,1.0,4.0,93010,AUTOROUTE A3,M,"48,8920200","2,4731700",93,2019,70.0,1.0,1.0,1.0,2259506,1.0,1,1,1,0.0,,-1.0, -1,1966.0,E01,138Â 208Â 478,1.0,8.0,-1.0,1724694,1.0,7,,0.0,2.0,4.0,B01,138Â 208Â 481,1.0
1010404,201900051935,9,23,14:20,1,1,1,1.0,4.0,93010,AUTOROUTE A3,M,"48,8920200","2,4731700",93,2019,70.0,1.0,1.0,1.0,2259506,1.0,1,1,1,0.0,,-1.0, -1,1966.0,E01,138Â 208Â 478,1.0,8.0,-1.0,1724695,1.0,7,,0.0,2.0,1.0,A01,138Â 208Â 482,1.0
1010404,201900051935,9,23,14:20,1,1,1,1.0,4.0,93010,AUTOROUTE A3,M,"48,8920200","2,4731700",93,2019,70.0,1.0,1.0,1.0,2259507,1.0,1,1,1,0.0,,-1.0, -1,1969.0,D01,138Â 208Â 479,1.0,8.0,-1.0,1724691,1.0,10,,0.0,2.0,2.0,E01,138Â 208Â 478,1.0
1010404,201900051935,9,23,14:20,1,1,1,1.0,4.0,93010,AUTOROUTE A3,M,"48,8920200","2,4731700",93,2019,70.0,1.0,1.0,1.0,2259507,1.0,1,1,1,0.0,,-1.0, -1,1969.0,D01,138Â 208Â 479,1.0,8.0,-1.0,1724692,1.0,7,,0.0,2.0,1.0,D01,138Â 208Â 479,1.0
1010404,201900051935,9,23,14:20,1,1,1,1.0,4.0,93010,AUTOROUTE A3,M,"48,8920200","2,4731700",93,2019,70.0,1.0,1.0,1.0,2259507,1.0,1,1,1,0.0,,-1.0, -1,1969.0,D01,138Â 208Â 479,1.0,8.0,-1.0,1724693,1.0,7,,0.0,2.0,4.0,C01,138Â 208Â 480,1.0
1010404,201900051935,9,23,14:20,1,1,1,1.0,4.0,93010,AUTOROUTE A3,M,"48,8920200","2,4731700",93,2019,70.0,1.0,1.0,1.0,2259507,1.0,1,1,1,0.0,,-1.0, -1,1969.0,D01,138Â 208Â 479,1.0,8.0,-1.0,1724694,1.0,7,,0.0,2.0,4.0,B01,138Â 208Â 481,1.0
1010404,201900051935,9,23,14:20,1,1,1,1.0,4.0,93010,AUTOROUTE A3,M,"48,8920200","2,4731700",93,2019,70.0,1.0,1.0,1.0,2259507,1.0,1,1,1,0.0,,-1.0, -1,1969.0,D01,138Â 208Â 479,1.0,8.0,-1.0,1724695,1.0,7,,0.0,2.0,1.0,A01,138Â 208Â 482,1.0
1010404,201900051935,9,23,14:20,1,1,1,1.0,4.0,93010,AUTOROUTE A3,M,"48,8920200","2,4731700",93,2019,70.0,1.0,1.0,1.0,2259508,1.0,1,1,1,0.0,,-1.0, -1,1970.0,C01,138Â 208Â 480,1.0,8.0,-1.0,1724691,1.0,10,,0.0,2.0,2.0,E01,138Â 208Â 478,1.0
1010404,201900051935,9,23,14:20,1,1,1,1.0,4.0,93010,AUTOROUTE A3,M,"48,8920200","2,4731700",93,2019,70.0,1.0,1.0,1.0,2259508,1.0,1,1,1,0.0,,-1.0, -1,1970.0,C01,138Â 208Â 480,1.0,8.0,-1.0,1724692,1.0,7,,0.0,2.0,1.0,D01,138Â 208Â 479,1.0
1010404,201900051935,9,23,14:20,1,1,1,1.0,4.0,93010,AUTOROUTE A3,M,"48,8920200","2,4731700",93,2019,70.0,1.0,1.0,1.0,2259508,1.0,1,1,1,0.0,,-1.0, -1,1970.0,C01,138Â 208Â 480,1.0,8.0,-1.0,1724693,1.0,7,,0.0,2.0,4.0,C01,138Â 208Â 480,1.0
1010404,201900051935,9,23,14:20,1,1,1,1.0,4.0,93010,AUTOROUTE A3,M,"48,8920200","2,4731700",93,2019,70.0,1.0,1.0,1.0,2259508,1.0,1,1,1,0.0,,-1.0, -1,1970.0,C01,138Â 208Â 480,1.0,8.0,-1.0,1724694,1.0,7,,0.0,2.0,4.0,B01,138Â 208Â 481,1.0
1010404,201900051935,9,23,14:20,1,1,1,1.0,4.0,93010,AUTOROUTE A3,M,"48,8920200","2,4731700",93,2019,70.0,1.0,1.0,1.0,2259508,1.0,1,1,1,0.0,,-1.0, -1,1970.0,C01,138Â 208Â 480,1.0,8.0,-1.0,1724695,1.0,7,,0.0,2.0,1.0,A01,138Â 208Â 482,1.0
1010404,201900051935,9,23,14:20,1,1,1,1.0,4.0,93010,AUTOROUTE A3,M,"48,8920200","2,4731700",93,2019,70.0,1.0,1.0,1.0,2259509,1.0,1,1,1,0.0,,-1.0,0,1989.0,B01,138Â 208Â 481,1.0,8.0,-1.0,1724691,1.0,10,,0.0,2.0,2.0,E01,138Â 208Â 478,1.0
1010404,201900051935,9,23,14:20,1,1,1,1.0,4.0,93010,AUTOROUTE A3,M,"48,8920200","2,4731700",93,2019,70.0,1.0,1.0,1.0,2259509,1.0,1,1,1,0.0,,-1.0,0,1989.0,B01,138Â 208Â 481,1.0,8.0,-1.0,1724692,1.0,7,,0.0,2.0,1.0,D01,138Â 208Â 479,1.0
1010404,201900051935,9,23,14:20,1,1,1,1.0,4.0,93010,AUTOROUTE A3,M,"48,8920200","2,4731700",93,2019,70.0,1.0,1.0,1.0,2259509,1.0,1,1,1,0.0,,-1.0,0,1989.0,B01,138Â 208Â 481,1.0,8.0,-1.0,1724693,1.0,7,,0.0,2.0,4.0,C01,138Â 208Â 480,1.0
1010404,201900051935,9,23,14:20,1,1,1,1.0,4.0,93010,AUTOROUTE A3,M,"48,8920200","2,4731700",93,2019,70.0,1.0,1.0,1.0,2259509,1.0,1,1,1,0.0,,-1.0,0,1989.0,B01,138Â 208Â 481,1.0,8.0,-1.0,1724694,1.0,7,,0.0,2.0,4.0,B01,138Â 208Â 481,1.0
1010404,201900051935,9,23,14:20,1,1,1,1.0,4.0,93010,AUTOROUTE A3,M,"48,8920200","2,4731700",93,2019,70.0,1.0,1.0,1.0,2259509,1.0,1,1,1,0.0,,-1.0,0,1989.0,B01,138Â 208Â 481,1.0,8.0,-1.0,1724695,1.0,7,,0.0,2.0,1.0,A01,138Â 208Â 482,1.0
1010404,201900051935,9,23,14:20,1,1,1,1.0,4.0,93010,AUTOROUTE A3,M,"48,8920200","2,4731700",93,2019,70.0,1.0,1.0,1.0,2259510,1.0,1,4,1,0.0,,-1.0, -1,1988.0,A01,138Â 208Â 482,1.0,8.0,-1.0,1724691,1.0,10,,0.0,2.0,2.0,E01,138Â 208Â 478,1.0
1010404,201900051935,9,23,14:20,1,1,1,1.0,4.0,93010,AUTOROUTE A3,M,"48,8920200","2,4731700",93,2019,70.0,1.0,1.0,1.0,2259510,1.0,1,4,1,0.0,,-1.0, -1,1988.0,A01,138Â 208Â 482,1.0,8.0,-1.0,1724692,1.0,7,,0.0,2.0,1.0,D01,138Â 208Â 479,1.0
1010404,201900051935,9,23,14:20,1,1,1,1.0,4.0,93010,AUTOROUTE A3,M,"48,8920200","2,4731700",93,2019,70.0,1.0,1.0,1.0,2259510,1.0,1,4,1,0.0,,-1.0, -1,1988.0,A01,138Â 208Â 482,1.0,8.0,-1.0,1724693,1.0,7,,0.0,2.0,4.0,C01,138Â 208Â 480,1.0
1010404,201900051935,9,23,14:20,1,1,1,1.0,4.0,93010,AUTOROUTE A3,M,"48,8920200","2,4731700",93,2019,70.0,1.0,1.0,1.0,2259510,1.0,1,4,1,0.0,,-1.0, -1,1988.0,A01,138Â 208Â 482,1.0,8.0,-1.0,1724694,1.0,7,,0.0,2.0,4.0,B01,138Â 208Â 481,1.0
1010404,201900051935,9,23,14:20,1,1,1,1.0,4.0,93010,AUTOROUTE A3,M,"48,8920200","2,4731700",93,2019,70.0,1.0,1.0,1.0,2259510,1.0,1,4,1,0.0,,-1.0, -1,1988.0,A01,138Â 208Â 482,1.0,8.0,-1.0,1724695,1.0,7,,0.0,2.0,1.0,A01,138Â 208Â 482,1.0
1010405,201900051936,9,23,13:00,1,1,1,1.0,3.0,77053,RN104,M,"48,6906000","2,5954000",77,2019,90.0,1.0,1.0,2.0,2259511,1.0,1,1,1,4.0,,-1.0, -1,1968.0,A01,138Â 208Â 476,1.0,4.0,-1.0,1724696,2.0,17,,0.0,2.0,8.0,A01,138Â 208Â 476,1.0
1010405,201900051936,9,23,13:00,1,1,1,1.0,3.0,77053,RN104,M,"48,6906000","2,5954000",77,2019,90.0,1.0,1.0,2.0,2259511,1.0,1,1,1,4.0,,-1.0, -1,1968.0,A01,138Â 208Â 476,1.0,4.0,-1.0,1724697,2.0,7,,0.0,2.0,2.0,B01,138Â 208Â 477,1.0
1010405,201900051936,9,23,13:00,1,1,1,1.0,3.0,77053,RN104,M,"48,6906000","2,5954000",77,2019,90.0,1.0,1.0,2.0,2259512,1.0,1,4,1,1.0,,-1.0,0,1980.0,B01,138Â 208Â 477,1.0,4.0,-1.0,1724696,2.0,17,,0.0,2.0,8.0,A01,138Â 208Â 476,1.0
1010405,201900051936,9,23,13:00,1,1,1,1.0,3.0,77053,RN104,M,"48,6906000","2,5954000",77,2019,90.0,1.0,1.0,2.0,2259512,1.0,1,4,1,1.0,,-1.0,0,1980.0,B01,138Â 208Â 477,1.0,4.0,-1.0,1724697,2.0,7,,0.0,2.0,2.0,B01,138Â 208Â 477,1.0
1010406,201900051937,9,23,08:00,1,2,3,1.0,3.0,91471,MONTHLERY (ROUTE DE),M,"48,6882500","2,1831700",91,2019,50.0,1.0,1.0,4.0,2259513,1.0,1,1,1,0.0,,0.0,0,1969.0,A01,138Â 208Â 474,1.0,0.0,-1.0,1724698,2.0,7,,0.0,2.0,1.0,A01,138Â 208Â 474,1.0
1010406,201900051937,9,23,08:00,1,2,3,1.0,3.0,91471,MONTHLERY (ROUTE DE),M,"48,6882500","2,1831700",91,2019,50.0,1.0,1.0,4.0,2259513,1.0,1,1,1,0.0,,0.0,0,1969.0,A01,138Â 208Â 474,1.0,0.0,-1.0,1724699,1.0,33,,0.0,2.0,1.0,B01,138Â 208Â 475,1.0
1010406,201900051937,9,23,08:00,1,2,3,1.0,3.0,91471,MONTHLERY (ROUTE DE),M,"48,6882500","2,1831700",91,2019,50.0,1.0,1.0,4.0,2259514,1.0,1,4,1,0.0,,0.0,0,1964.0,B01,138Â 208Â 475,2.0,0.0,-1.0,1724698,2.0,7,,0.0,2.0,1.0,A01,138Â 208Â 474,1.0
1010406,201900051937,9,23,08:00,1,2,3,1.0,3.0,91471,MONTHLERY (ROUTE DE),M,"48,6882500","2,1831700",91,2019,50.0,1.0,1.0,4.0,2259514,1.0,1,4,1,0.0,,0.0,0,1964.0,B01,138Â 208Â 475,2.0,0.0,-1.0,1724699,1.0,33,,0.0,2.0,1.0,B01,138Â 208Â 475,1.0
1010407,201900051938,9,23,15:20,1,2,1,1.0,6.0,45169,RUE DE CHANGELIN,M,"47,9211100","1,8261100",45,2019,50.0,4.0,1.0,4.0,2259515,1.0,1,4,2,0.0,,0.0,0,1965.0,A01,138Â 208Â 471,1.0,0.0,-1.0,1724700,2.0,7,,8.0,0.0,2.0,A01,138Â 208Â 471,1.0
1010408,201900051939,9,24,08:50,1,1,1,2.0,7.0,17274,RD 108,M,"46,1608700"," -1,0829100",17,2019,80.0,1.0,2.0,3.0,2259516,1.0,1,4,1,1.0,,-1.0,0,2002.0,A01,138Â 208Â 470,2.0,6.0,-1.0,1724701,1.0,2,,0.0,0.0,8.0,A01,138Â 208Â 470,1.0
1010409,201900051940,9,22,18:30,1,2,2,2.0,3.0,10081,TEILHARD DE CHARDIN (RUE),M,"48,3042700","4,0329500",10,2019,50.0,1.0,2.0,4.0,2259517,1.0,1,4,1,5.0,,-1.0,0,1983.0,B01,138Â 208Â 468,1.0,8.0,-1.0,1724702,1.0,7,,0.0,2.0,1.0,B01,138Â 208Â 468,1.0
1010409,201900051940,9,22,18:30,1,2,2,2.0,3.0,10081,TEILHARD DE CHARDIN (RUE),M,"48,3042700","4,0329500",10,2019,50.0,1.0,2.0,4.0,2259517,1.0,1,4,1,5.0,,-1.0,0,1983.0,B01,138Â 208Â 468,1.0,8.0,-1.0,1724703,1.0,7,,0.0,2.0,5.0,A01,138Â 208Â 469,1.0
1010409,201900051940,9,22,18:30,1,2,2,2.0,3.0,10081,TEILHARD DE CHARDIN (RUE),M,"48,3042700","4,0329500",10,2019,50.0,1.0,2.0,4.0,2259518,2.0,2,4,2,5.0,,-1.0,0,1971.0,A01,138Â 208Â 469,1.0,8.0,-1.0,1724702,1.0,7,,0.0,2.0,1.0,B01,138Â 208Â 468,1.0
1010409,201900051940,9,22,18:30,1,2,2,2.0,3.0,10081,TEILHARD DE CHARDIN (RUE),M,"48,3042700","4,0329500",10,2019,50.0,1.0,2.0,4.0,2259518,2.0,2,4,2,5.0,,-1.0,0,1971.0,A01,138Â 208Â 469,1.0,8.0,-1.0,1724703,1.0,7,,0.0,2.0,5.0,A01,138Â 208Â 469,1.0
1010409,201900051940,9,22,18:30,1,2,2,2.0,3.0,10081,TEILHARD DE CHARDIN (RUE),M,"48,3042700","4,0329500",10,2019,50.0,1.0,2.0,4.0,2259519,1.0,1,1,2,5.0,,-1.0,0,2001.0,A01,138Â 208Â 469,1.0,8.0,-1.0,1724702,1.0,7,,0.0,2.0,1.0,B01,138Â 208Â 468,1.0
1010409,201900051940,9,22,18:30,1,2,2,2.0,3.0,10081,TEILHARD DE CHARDIN (RUE),M,"48,3042700","4,0329500",10,2019,50.0,1.0,2.0,4.0,2259519,1.0,1,1,2,5.0,,-1.0,0,2001.0,A01,138Â 208Â 469,1.0,8.0,-1.0,1724703,1.0,7,,0.0,2.0,5.0,A01,138Â 208Â 469,1.0
1010410,201900051941,9,24,17:00,1,1,1,1.0,6.0,97611,passamanty-VahibÃ© ( route ),M," -12,7944400","45,1964600",976,2019,70.0,1.0,1.0,3.0,2259520,1.0,1,3,1,9.0,,-1.0, -1,1978.0,A01,138Â 208Â 467,1.0,8.0,-1.0,1724704,2.0,7,,6.0,0.0,7.0,A01,138Â 208Â 467,1.0
1010411,201900051942,9,22,18:53,3,1,1,1.0,6.0,97407,TAMATAVE (BOULEVARD),M," -20,9304400","55,3031000",974,2019,50.0,1.0,1.0,4.0,2259521,10.0,3,4,2,0.0,,1.0,3,1968.0,A01,138Â 208Â 466,0.0,-1.0,-1.0,1724705,3.0,7,,0.0,1.0,2.0,A01,138Â 208Â 466,1.0
1010411,201900051942,9,22,18:53,3,1,1,1.0,6.0,97407,TAMATAVE (BOULEVARD),M," -20,9304400","55,3031000",974,2019,50.0,1.0,1.0,4.0,2259522,1.0,1,1,2,5.0,,-1.0, -1,1985.0,A01,138Â 208Â 466,1.0,0.0,-1.0,1724705,3.0,7,,0.0,1.0,2.0,A01,138Â 208Â 466,1.0
1010412,201900051943,9,22,11:30,1,2,2,1.0,3.0,97407,CARPAYE(AVENUE),M," -20,9474680","55,2991420",974,2019,50.0,1.0,1.0,2.0,2259523,1.0,1,4,1,5.0,,-1.0, -1,1987.0,A01,138Â 208Â 464,2.0,8.0,-1.0,1724706,3.0,33,,0.0,2.0,1.0,A01,138Â 208Â 464,1.0
1010412,201900051943,9,22,11:30,1,2,2,1.0,3.0,97407,CARPAYE(AVENUE),M," -20,9474680","55,2991420",974,2019,50.0,1.0,1.0,2.0,2259523,1.0,1,4,1,5.0,,-1.0, -1,1987.0,A01,138Â 208Â 464,2.0,8.0,-1.0,1724707,3.0,7,,0.0,2.0,0.0,B01,138Â 208Â 465,1.0
1010412,201900051943,9,22,11:30,1,2,2,1.0,3.0,97407,CARPAYE(AVENUE),M," -20,9474680","55,2991420",974,2019,50.0,1.0,1.0,2.0,2259524,3.0,2,1,2,0.0,,-1.0, -1,2017.0,B01,138Â 208Â 465,1.0,8.0,-1.0,1724706,3.0,33,,0.0,2.0,1.0,A01,138Â 208Â 464,1.0
1010412,201900051943,9,22,11:30,1,2,2,1.0,3.0,97407,CARPAYE(AVENUE),M," -20,9474680","55,2991420",974,2019,50.0,1.0,1.0,2.0,2259524,3.0,2,1,2,0.0,,-1.0, -1,2017.0,B01,138Â 208Â 465,1.0,8.0,-1.0,1724707,3.0,7,,0.0,2.0,0.0,B01,138Â 208Â 465,1.0
1010412,201900051943,9,22,11:30,1,2,2,1.0,3.0,97407,CARPAYE(AVENUE),M," -20,9474680","55,2991420",974,2019,50.0,1.0,1.0,2.0,2259525,1.0,1,1,2,0.0,,-1.0, -1,1995.0,B01,138Â 208Â 465,1.0,0.0,-1.0,1724706,3.0,33,,0.0,2.0,1.0,A01,138Â 208Â 464,1.0
1010412,201900051943,9,22,11:30,1,2,2,1.0,3.0,97407,CARPAYE(AVENUE),M," -20,9474680","55,2991420",974,2019,50.0,1.0,1.0,2.0,2259525,1.0,1,1,2,0.0,,-1.0, -1,1995.0,B01,138Â 208Â 465,1.0,0.0,-1.0,1724707,3.0,7,,0.0,2.0,0.0,B01,138Â 208Â 465,1.0
1010413,201900051944,9,24,13:00,1,2,1,1.0,2.0,69259,CHARLES DE GAULLE                   (AV),M,"45,7204000","4,8874800",69,2019,50.0,1.0,1.0,3.0,2259526,1.0,1,4,1,1.0,,-1.0,0,1989.0,B01,138Â 208Â 462,8.0,0.0,-1.0,1724708,3.0,34,,0.0,2.0,2.0,B01,138Â 208Â 462,0.0
1010413,201900051944,9,24,13:00,1,2,1,1.0,2.0,69259,CHARLES DE GAULLE                   (AV),M,"45,7204000","4,8874800",69,2019,50.0,1.0,1.0,3.0,2259526,1.0,1,4,1,1.0,,-1.0,0,1989.0,B01,138Â 208Â 462,8.0,0.0,-1.0,1724709,3.0,7,,0.0,9.0,4.0,A01,138Â 208Â 463,0.0
1010413,201900051944,9,24,13:00,1,2,1,1.0,2.0,69259,CHARLES DE GAULLE                   (AV),M,"45,7204000","4,8874800",69,2019,50.0,1.0,1.0,3.0,2259527,1.0,1,1,1,0.0,,-1.0,0,1993.0,A01,138Â 208Â 463,8.0,0.0,-1.0,1724708,3.0,34,,0.0,2.0,2.0,B01,138Â 208Â 462,0.0
1010413,201900051944,9,24,13:00,1,2,1,1.0,2.0,69259,CHARLES DE GAULLE                   (AV),M,"45,7204000","4,8874800",69,2019,50.0,1.0,1.0,3.0,2259527,1.0,1,1,1,0.0,,-1.0,0,1993.0,A01,138Â 208Â 463,8.0,0.0,-1.0,1724709,3.0,7,,0.0,9.0,4.0,A01,138Â 208Â 463,0.0
1010414,201900051945,9,24,12:50,1,2,2,2.0,3.0,69386,CHARLES DE GAULLE                   (QU),M,"45,7843900","4,8505600",69,2019,50.0,1.0,2.0,4.0,2259528,1.0,1,4,2,1.0,,-1.0,0,1983.0,B01,138Â 208Â 460,1.0,0.0,-1.0,1724710,3.0,7,,0.0,0.0,2.0,B01,138Â 208Â 460,1.0
1010414,201900051945,9,24,12:50,1,2,2,2.0,3.0,69386,CHARLES DE GAULLE                   (QU),M,"45,7843900","4,8505600",69,2019,50.0,1.0,2.0,4.0,2259528,1.0,1,4,2,1.0,,-1.0,0,1983.0,B01,138Â 208Â 460,1.0,0.0,-1.0,1724711,3.0,7,,0.0,2.0,3.0,A01,138Â 208Â 461,1.0
1010414,201900051945,9,24,12:50,1,2,2,2.0,3.0,69386,CHARLES DE GAULLE                   (QU),M,"45,7843900","4,8505600",69,2019,50.0,1.0,2.0,4.0,2259529,1.0,1,1,2,1.0,,-1.0,0,1980.0,A01,138Â 208Â 461,1.0,8.0,-1.0,1724710,3.0,7,,0.0,0.0,2.0,B01,138Â 208Â 460,1.0
1010414,201900051945,9,24,12:50,1,2,2,2.0,3.0,69386,CHARLES DE GAULLE                   (QU),M,"45,7843900","4,8505600",69,2019,50.0,1.0,2.0,4.0,2259529,1.0,1,1,2,1.0,,-1.0,0,1980.0,A01,138Â 208Â 461,1.0,8.0,-1.0,1724711,3.0,7,,0.0,2.0,3.0,A01,138Â 208Â 461,1.0
1010415,201900051946,9,19,09:30,1,2,9,1.0,3.0,69259,IRENE JOLIOT CURIE                  (BD),M,"45,7168400","4,8758300",69,2019,50.0,5.0,1.0,4.0,2259530,1.0,1,3,1,0.0,,-1.0,0,1978.0,B01,138Â 208Â 458,8.0,0.0,-1.0,1724712,2.0,50,,0.0,2.0,7.0,B01,138Â 208Â 458,3.0
1010415,201900051946,9,19,09:30,1,2,9,1.0,3.0,69259,IRENE JOLIOT CURIE                  (BD),M,"45,7168400","4,8758300",69,2019,50.0,5.0,1.0,4.0,2259530,1.0,1,3,1,0.0,,-1.0,0,1978.0,B01,138Â 208Â 458,8.0,0.0,-1.0,1724713,2.0,7,,0.0,9.0,3.0,A01,138Â 208Â 459,1.0
1010415,201900051946,9,19,09:30,1,2,9,1.0,3.0,69259,IRENE JOLIOT CURIE                  (BD),M,"45,7168400","4,8758300",69,2019,50.0,5.0,1.0,4.0,2259531,1.0,1,1,1,0.0,,-1.0,0,1972.0,A01,138Â 208Â 459,1.0,0.0,-1.0,1724712,2.0,50,,0.0,2.0,7.0,B01,138Â 208Â 458,3.0
1010415,201900051946,9,19,09:30,1,2,9,1.0,3.0,69259,IRENE JOLIOT CURIE                  (BD),M,"45,7168400","4,8758300",69,2019,50.0,5.0,1.0,4.0,2259531,1.0,1,1,1,0.0,,-1.0,0,1972.0,A01,138Â 208Â 459,1.0,0.0,-1.0,1724713,2.0,7,,0.0,9.0,3.0,A01,138Â 208Â 459,1.0
1010416,201900051947,9,24,06:45,2,2,1,1.0,6.0,69386,VIABERT (DE LA)                     (R ),M,"45,7663500","4,8667700",69,2019,50.0,1.0,1.0,4.0,2259532,1.0,1,4,1,0.0,,-1.0,0,1986.0,B01,138Â 208Â 456,8.0,0.0,-1.0,1724714,2.0,1,,1.0,0.0,1.0,B01,138Â 208Â 456,0.0
1010416,201900051947,9,24,06:45,2,2,1,1.0,6.0,69386,VIABERT (DE LA)                     (R ),M,"45,7663500","4,8667700",69,2019,50.0,1.0,1.0,4.0,2259532,1.0,1,4,1,0.0,,-1.0,0,1986.0,B01,138Â 208Â 456,8.0,0.0,-1.0,1724715,2.0,7,,0.0,0.0,3.0,A01,138Â 208Â 457,1.0
1010416,201900051947,9,24,06:45,2,2,1,1.0,6.0,69386,VIABERT (DE LA)                     (R ),M,"45,7663500","4,8667700",69,2019,50.0,1.0,1.0,4.0,2259533,1.0,1,1,1,1.0,,-1.0, -1,1969.0,A01,138Â 208Â 457,8.0,0.0,-1.0,1724714,2.0,1,,1.0,0.0,1.0,B01,138Â 208Â 456,0.0
1010416,201900051947,9,24,06:45,2,2,1,1.0,6.0,69386,VIABERT (DE LA)                     (R ),M,"45,7663500","4,8667700",69,2019,50.0,1.0,1.0,4.0,2259533,1.0,1,1,1,1.0,,-1.0, -1,1969.0,A01,138Â 208Â 457,8.0,0.0,-1.0,1724715,2.0,7,,0.0,0.0,3.0,A01,138Â 208Â 457,1.0
1010417,201900051948,9,23,16:46,1,1,1,1.0,3.0,97213,PELLETIER (ROUTE DE),M,"14,6579300"," -60,9860000",972,2019,60.0,1.0,1.0,4.0,2259534,1.0,2,1,1,0.0,,-1.0,0,1980.0,A01,138Â 208Â 454,1.0,5.0,-1.0,1724716,1.0,7,,0.0,2.0,1.0,A01,138Â 208Â 454,1.0
1010417,201900051948,9,23,16:46,1,1,1,1.0,3.0,97213,PELLETIER (ROUTE DE),M,"14,6579300"," -60,9860000",972,2019,60.0,1.0,1.0,4.0,2259534,1.0,2,1,1,0.0,,-1.0,0,1980.0,A01,138Â 208Â 454,1.0,5.0,-1.0,1724717,1.0,7,,0.0,2.0,8.0,B01,138Â 208Â 455,1.0
1010417,201900051948,9,23,16:46,1,1,1,1.0,3.0,97213,PELLETIER (ROUTE DE),M,"14,6579300"," -60,9860000",972,2019,60.0,1.0,1.0,4.0,2259535,1.0,1,1,1,1.0,,-1.0,0,1982.0,A01,138Â 208Â 454,1.0,5.0,-1.0,1724716,1.0,7,,0.0,2.0,1.0,A01,138Â 208Â 454,1.0
1010417,201900051948,9,23,16:46,1,1,1,1.0,3.0,97213,PELLETIER (ROUTE DE),M,"14,6579300"," -60,9860000",972,2019,60.0,1.0,1.0,4.0,2259535,1.0,1,1,1,1.0,,-1.0,0,1982.0,A01,138Â 208Â 454,1.0,5.0,-1.0,1724717,1.0,7,,0.0,2.0,8.0,B01,138Â 208Â 455,1.0
1010417,201900051948,9,23,16:46,1,1,1,1.0,3.0,97213,PELLETIER (ROUTE DE),M,"14,6579300"," -60,9860000",972,2019,60.0,1.0,1.0,4.0,2259536,1.0,1,4,2,1.0,,-1.0,0,1979.0,B01,138Â 208Â 455,1.0,5.0,-1.0,1724716,1.0,7,,0.0,2.0,1.0,A01,138Â 208Â 454,1.0