Unnamed: 0_x,num_acc,mois,jour,hrmn,lum,agg,int,atm,col,com,adr,gps,lat,long,dep,annee,vma,situ,surf,catr,Unnamed: 0_y,place,catu,grav,sexe,trajet,secu,locp,actp,an_nais,num_veh_x,id_vehicule_x,secu1,secu2,secu3,Unnamed: 0,senc,catv,occutc,obs,obsm,choc,num_veh_y,id_vehicule_y,motor
1010417,201900051948,9,23,16:46,1,1,1,1.0,3.0,97213,PELLETIER (ROUTE DE),M,"14,6579300"," -60,9860000",972,2019,60.0,1.0,1.0,4.0,2259536,1.0,1,4,2,1.0,,-1.0,0,1979.0,B01,138Â 208Â 455,1.0,5.0,-1.0,1724717,1.0,7,,0.0,2.0,8.0,B01,138Â 208Â 455,1.0
1010418,201900051949,9,23,07:31,1,2,1,1.0,6.0,69385,BARTHELEMY BUYER                    (AV),M,"45,7635800","4,7967900",69,2019,50.0,1.0,1.0,4.0,2259537,1.0,1,1,1,4.0,,-1.0,0,1975.0,A01,138Â 208Â 453,1.0,0.0,-1.0,1724718,2.0,7,,0.0,1.0,1.0,A01,138Â 208Â 453,1.0
1010418,201900051949,9,23,07:31,1,2,1,1.0,6.0,69385,BARTHELEMY BUYER                    (AV),M,"45,7635800","4,7967900",69,2019,50.0,1.0,1.0,4.0,2259538,10.0,3,2,1,5.0,,3.0,3,1929.0,A01,138Â 208Â 453,8.0,0.0,-1.0,1724718,2.0,7,,0.0,1.0,1.0,A01,138Â 208Â 453,1.0
1010419,201900051950,9,24,11:25,1,2,1,1.0,6.0,2B120,IMPERIALE (Route) D464 ,M,"42,6580600","9,4317500",2B,2019,2.0,1.0,1.0,4.0,2259539,1.0,1,4,2,0.0,,0.0,0,1978.0,A01,138Â 208Â 452,1.0,8.0,-1.0,1724719,3.0,7,,8.0,0.0,2.0,A01,138Â 208Â 452,1.0
1010420,201900051951,9,24,10:35,1,2,9,1.0,6.0,97101,PROVIDENCE,M,"16,2644000"," -61,5118700",971,2019,50.0,1.0,1.0,2.0,2259540,1.0,1,1,1,3.0,,0.0,0,1949.0,A01,138Â 208Â 451,1.0,0.0,-1.0,1724720,1.0,7,,0.0,1.0,3.0,A01,138Â 208Â 451,1.0
1010420,201900051951,9,24,10:35,1,2,9,1.0,6.0,97101,PROVIDENCE,M,"16,2644000"," -61,5118700",971,2019,50.0,1.0,1.0,2.0,2259541,10.0,3,3,2,0.0,,9.0,B,1956.0,A01,138Â 208Â 451,8.0,0.0,-1.0,1724720,1.0,7,,0.0,1.0,3.0,A01,138Â 208Â 451,1.0
1010421,201900051952,9,21,20:45,5,2,3,1.0,3.0,95598,AVENUE DE LA DIVISION LECLERC,M,"48,9794100","2,3041000",95,2019,50.0,1.0,1.0,3.0,2259542,1.0,1,4,1,5.0,,-1.0,0,1987.0,A01,138Â 208Â 449,2.0,8.0,-1.0,1724721,2.0,32,,0.0,2.0,1.0,A01,138Â 208Â 449,1.0
1010421,201900051952,9,21,20:45,5,2,3,1.0,3.0,95598,AVENUE DE LA DIVISION LECLERC,M,"48,9794100","2,3041000",95,2019,50.0,1.0,1.0,3.0,2259542,1.0,1,4,1,5.0,,-1.0,0,1987.0,A01,138Â 208Â 449,2.0,8.0,-1.0,1724722,2.0,7,,0.0,2.0,8.0,B01,138Â 208Â 450,1.0
1010421,201900051952,9,21,20:45,5,2,3,1.0,3.0,95598,AVENUE DE LA DIVISION LECLERC,M,"48,9794100","2,3041000",95,2019,50.0,1.0,1.0,3.0,2259543,1.0,1,1,1,5.0,,-1.0,0,1995.0,B01,138Â 208Â 450,1.0,0.0,-1.0,1724721,2.0,32,,0.0,2.0,1.0,A01,138Â 208Â 449,1.0
1010421,201900051952,9,21,20:45,5,2,3,1.0,3.0,95598,AVENUE DE LA DIVISION LECLERC,M,"48,9794100","2,3041000",95,2019,50.0,1.0,1.0,3.0,2259543,1.0,1,1,1,5.0,,-1.0,0,1995.0,B01,138Â 208Â 450,1.0,0.0,-1.0,1724722,2.0,7,,0.0,2.0,8.0,B01,138Â 208Â 450,1.0
1010422,201900051953,9,23,11:12,1,2,1,1.0,6.0,95428,CHARLES DE GAULLE  AVENUE,M,"48,9841058","2,3280834",95,2019,50.0,4.0,1.0,3.0,2259544,1.0,1,1,1,4.0,,-1.0,0,1989.0,A01,138Â 208Â 448,1.0,0.0,-1.0,1724723,1.0,10,,0.0,1.0,6.0,A01,138Â 208Â 448,0.0
1010422,201900051953,9,23,11:12,1,2,1,1.0,6.0,95428,CHARLES DE GAULLE  AVENUE,M,"48,9841058","2,3280834",95,2019,50.0,4.0,1.0,3.0,2259545,10.0,3,4,1,1.0,,5.0,2,1995.0,A01,138Â 208Â 448,0.0,-1.0,-1.0,1724723,1.0,10,,0.0,1.0,6.0,A01,138Â 208Â 448,0.0
1010423,201900051954,9,24,20:05,5,2,1,2.0,1.0,91097,GEORGES COUBARD (RUE),M,"48,6937600","2,5356900",91,2019,30.0,1.0,2.0,7.0,2259546,1.0,1,1,2,9.0,,0.0,0,1961.0,A01,138Â 208Â 444,1.0,0.0,-1.0,1724724,1.0,7,,0.0,2.0,1.0,A01,138Â 208Â 444,1.0
1010423,201900051954,9,24,20:05,5,2,1,2.0,1.0,91097,GEORGES COUBARD (RUE),M,"48,6937600","2,5356900",91,2019,30.0,1.0,2.0,7.0,2259546,1.0,1,1,2,9.0,,0.0,0,1961.0,A01,138Â 208Â 444,1.0,0.0,-1.0,1724725,2.0,7,,0.0,2.0,1.0,B01,138Â 208Â 445,1.0
1010423,201900051954,9,24,20:05,5,2,1,2.0,1.0,91097,GEORGES COUBARD (RUE),M,"48,6937600","2,5356900",91,2019,30.0,1.0,2.0,7.0,2259547,2.0,2,4,2,0.0,,-1.0, -1,1960.0,A01,138Â 208Â 444,1.0,0.0,-1.0,1724724,1.0,7,,0.0,2.0,1.0,A01,138Â 208Â 444,1.0
1010423,201900051954,9,24,20:05,5,2,1,2.0,1.0,91097,GEORGES COUBARD (RUE),M,"48,6937600","2,5356900",91,2019,30.0,1.0,2.0,7.0,2259547,2.0,2,4,2,0.0,,-1.0, -1,1960.0,A01,138Â 208Â 444,1.0,0.0,-1.0,1724725,2.0,7,,0.0,2.0,1.0,B01,138Â 208Â 445,1.0
1010423,201900051954,9,24,20:05,5,2,1,2.0,1.0,91097,GEORGES COUBARD (RUE),M,"48,6937600","2,5356900",91,2019,30.0,1.0,2.0,7.0,2259548,1.0,1,1,1,9.0,,0.0,0,1961.0,B01,138Â 208Â 445,1.0,0.0,-1.0,1724724,1.0,7,,0.0,2.0,1.0,A01,138Â 208Â 444,1.0
1010423,201900051954,9,24,20:05,5,2,1,2.0,1.0,91097,GEORGES COUBARD (RUE),M,"48,6937600","2,5356900",91,2019,30.0,1.0,2.0,7.0,2259548,1.0,1,1,1,9.0,,0.0,0,1961.0,B01,138Â 208Â 445,1.0,0.0,-1.0,1724725,2.0,7,,0.0,2.0,1.0,B01,138Â 208Â 445,1.0
1010424,201900051955,9,24,10:06,1,1,1,2.0,6.0,87085,A20 -Diffuseur 33,M,"45,8390500","1,2811500",87,2019,70.0,1.0,2.0,1.0,2259549,1.0,1,4,2,2.0,,0.0,0,1986.0,A01,138Â 208Â 443,1.0,-1.0,-1.0,1724726,1.0,7,,4.0,0.0,1.0,A01,138Â 208Â 443,1.0
1010425,201900051956,9,24,09:53,1,2,1,2.0,6.0,87113,CARNOT (AVENUE SADI),M,"45,8677700","1,3241400",87,2019,50.0,1.0,2.0,3.0,2259550,1.0,1,4,2,1.0,,0.0,0,2001.0,A01,138Â 208Â 442,2.0,8.0,-1.0,1724727,2.0,30,,0.0,0.0,7.0,A01,138Â 208Â 442,1.0
1010426,201900051957,9,23,09:39,1,2,1,1.0,7.0,87085,11 BERTHELOT (AVENUE),M,"45,8372300","1,2518400",87,2019,50.0,1.0,1.0,4.0,2259551,1.0,1,4,2,5.0,,0.0,0,1989.0,A01,138Â 208Â 441,8.0,-1.0,-1.0,1724728,2.0,1,,0.0,0.0,1.0,A01,138Â 208Â 441,5.0
1010427,201900051958,9,21,17:10,1,2,3,1.0,3.0,87085,BEAUBREUIL (PLACE DE),M,"45,8807900","1,2941100",87,2019,50.0,1.0,1.0,4.0,2259552,1.0,1,3,1,5.0,,0.0,0,1995.0,A01,138Â 208Â 439,2.0,6.0,-1.0,1724729,0.0,31,,0.0,2.0,1.0,A01,138Â 208Â 439,1.0
1010427,201900051958,9,21,17:10,1,2,3,1.0,3.0,87085,BEAUBREUIL (PLACE DE),M,"45,8807900","1,2941100",87,2019,50.0,1.0,1.0,4.0,2259552,1.0,1,3,1,5.0,,0.0,0,1995.0,A01,138Â 208Â 439,2.0,6.0,-1.0,1724730,0.0,7,,0.0,2.0,6.0,B01,138Â 208Â 440,1.0
1010427,201900051958,9,21,17:10,1,2,3,1.0,3.0,87085,BEAUBREUIL (PLACE DE),M,"45,8807900","1,2941100",87,2019,50.0,1.0,1.0,4.0,2259553,1.0,1,1,2,5.0,,0.0,0,1970.0,B01,138Â 208Â 440,1.0,-1.0,-1.0,1724729,0.0,31,,0.0,2.0,1.0,A01,138Â 208Â 439,1.0
1010427,201900051958,9,21,17:10,1,2,3,1.0,3.0,87085,BEAUBREUIL (PLACE DE),M,"45,8807900","1,2941100",87,2019,50.0,1.0,1.0,4.0,2259553,1.0,1,1,2,5.0,,0.0,0,1970.0,B01,138Â 208Â 440,1.0,-1.0,-1.0,1724730,0.0,7,,0.0,2.0,6.0,B01,138Â 208Â 440,1.0
1010428,201900051959,9,21,00:35,5,2,1,1.0,7.0,87085,NEXON (RUE DE),M,"45,8182100","1,2636700",87,2019,50.0,1.0,1.0,3.0,2259554,1.0,1,4,1,5.0,,0.0,0,1986.0,A01,138Â 208Â 438,2.0,6.0,-1.0,1724731,1.0,30,,0.0,0.0,7.0,A01,138Â 208Â 438,1.0
1010429,201900051960,9,21,00:15,5,2,9,1.0,3.0,80021,PARMENTIER (PLACE),M,"49,8955300","2,3053800",80,2019,50.0,1.0,1.0,4.0,2259555,1.0,1,1,1,0.0,,-1.0, -1,1990.0,A01,138Â 208Â 436,1.0,0.0,-1.0,1724732,0.0,7,,0.0,2.0,1.0,A01,138Â 208Â 436,1.0
1010429,201900051960,9,21,00:15,5,2,9,1.0,3.0,80021,PARMENTIER (PLACE),M,"49,8955300","2,3053800",80,2019,50.0,1.0,1.0,4.0,2259555,1.0,1,1,1,0.0,,-1.0, -1,1990.0,A01,138Â 208Â 436,1.0,0.0,-1.0,1724733,0.0,30,,0.0,2.0,8.0,B01,138Â 208Â 437,1.0
1010429,201900051960,9,21,00:15,5,2,9,1.0,3.0,80021,PARMENTIER (PLACE),M,"49,8955300","2,3053800",80,2019,50.0,1.0,1.0,4.0,2259556,1.0,1,4,1,0.0,,-1.0, -1,1988.0,B01,138Â 208Â 437,2.0,0.0,-1.0,1724732,0.0,7,,0.0,2.0,1.0,A01,138Â 208Â 436,1.0
1010429,201900051960,9,21,00:15,5,2,9,1.0,3.0,80021,PARMENTIER (PLACE),M,"49,8955300","2,3053800",80,2019,50.0,1.0,1.0,4.0,2259556,1.0,1,4,1,0.0,,-1.0, -1,1988.0,B01,138Â 208Â 437,2.0,0.0,-1.0,1724733,0.0,30,,0.0,2.0,8.0,B01,138Â 208Â 437,1.0
1010430,201900051961,9,19,18:30,1,2,1,1.0,2.0,80131,DEPORTES RESISTANTS (RUE DES),M,"49,8486100","2,3925500",80,2019,50.0,1.0,1.0,4.0,2259557,1.0,1,1,2,0.0,,-1.0, -1,1995.0,B01,138Â 208Â 434,1.0,0.0,-1.0,1724734,0.0,7,,0.0,2.0,4.0,B01,138Â 208Â 434,1.0
1010430,201900051961,9,19,18:30,1,2,1,1.0,2.0,80131,DEPORTES RESISTANTS (RUE DES),M,"49,8486100","2,3925500",80,2019,50.0,1.0,1.0,4.0,2259557,1.0,1,1,2,0.0,,-1.0, -1,1995.0,B01,138Â 208Â 434,1.0,0.0,-1.0,1724735,0.0,7,,0.0,2.0,1.0,A01,138Â 208Â 435,1.0
1010430,201900051961,9,19,18:30,1,2,1,1.0,2.0,80131,DEPORTES RESISTANTS (RUE DES),M,"49,8486100","2,3925500",80,2019,50.0,1.0,1.0,4.0,2259558,1.0,1,4,2,0.0,,-1.0, -1,1999.0,A01,138Â 208Â 435,1.0,0.0,-1.0,1724734,0.0,7,,0.0,2.0,4.0,B01,138Â 208Â 434,1.0
1010430,201900051961,9,19,18:30,1,2,1,1.0,2.0,80131,DEPORTES RESISTANTS (RUE DES),M,"49,8486100","2,3925500",80,2019,50.0,1.0,1.0,4.0,2259558,1.0,1,4,2,0.0,,-1.0, -1,1999.0,A01,138Â 208Â 435,1.0,0.0,-1.0,1724735,0.0,7,,0.0,2.0,1.0,A01,138Â 208Â 435,1.0
1010431,201900051962,9,23,17:00,1,2,6,1.0,3.0,77146,D10P X D1406-SOUBRIARDE (AVENUE DE LA),M,"48,8235661","2,6408182",77,2019,50.0,1.0,1.0,3.0,2259559,1.0,1,4,1,5.0,,-1.0,0,1939.0,B01,138Â 208Â 432,2.0,6.0,-1.0,1724736,1.0,1,,0.0,2.0,7.0,B01,138Â 208Â 432,5.0
1010431,201900051962,9,23,17:00,1,2,6,1.0,3.0,77146,D10P X D1406-SOUBRIARDE (AVENUE DE LA),M,"48,8235661","2,6408182",77,2019,50.0,1.0,1.0,3.0,2259559,1.0,1,4,1,5.0,,-1.0,0,1939.0,B01,138Â 208Â 432,2.0,6.0,-1.0,1724737,1.0,7,,0.0,2.0,6.0,A01,138Â 208Â 433,3.0
1010431,201900051962,9,23,17:00,1,2,6,1.0,3.0,77146,D10P X D1406-SOUBRIARDE (AVENUE DE LA),M,"48,8235661","2,6408182",77,2019,50.0,1.0,1.0,3.0,2259560,1.0,1,1,1,4.0,,-1.0,0,1961.0,A01,138Â 208Â 433,1.0,8.0,-1.0,1724736,1.0,1,,0.0,2.0,7.0,B01,138Â 208Â 432,5.0
1010431,201900051962,9,23,17:00,1,2,6,1.0,3.0,77146,D10P X D1406-SOUBRIARDE (AVENUE DE LA),M,"48,8235661","2,6408182",77,2019,50.0,1.0,1.0,3.0,2259560,1.0,1,1,1,4.0,,-1.0,0,1961.0,A01,138Â 208Â 433,1.0,8.0,-1.0,1724737,1.0,7,,0.0,2.0,6.0,A01,138Â 208Â 433,3.0
1010432,201900051963,9,21,19:15,1,2,1,1.0,7.0,76351,SAINT QUENTIN (DE),M,"49,5153200","0,1134700",76,2019,30.0,1.0,1.0,4.0,2259561,1.0,1,3,1,0.0,,-1.0, -1,1984.0,A01,138Â 208Â 430,2.0,6.0,-1.0,1724738,3.0,30,,0.0,0.0,0.0,A01,138Â 208Â 430,0.0
1010433,201900051964,9,21,16:20,1,2,2,1.0,3.0,76351,ARISTIDE BRIAND,M,"49,5005200","0,1392000",76,2019,50.0,1.0,1.0,3.0,2259562,1.0,1,4,2,5.0,,-1.0, -1,1994.0,B01,138Â 208Â 425,1.0,0.0,-1.0,1724739,2.0,7,,0.0,2.0,1.0,B01,138Â 208Â 425,1.0
1010433,201900051964,9,21,16:20,1,2,2,1.0,3.0,76351,ARISTIDE BRIAND,M,"49,5005200","0,1392000",76,2019,50.0,1.0,1.0,3.0,2259562,1.0,1,4,2,5.0,,-1.0, -1,1994.0,B01,138Â 208Â 425,1.0,0.0,-1.0,1724740,1.0,7,,0.0,2.0,8.0,A01,138Â 208Â 426,1.0
1010433,201900051964,9,21,16:20,1,2,2,1.0,3.0,76351,ARISTIDE BRIAND,M,"49,5005200","0,1392000",76,2019,50.0,1.0,1.0,3.0,2259563,1.0,1,1,1,5.0,,0.0,0,1963.0,A01,138Â 208Â 426,1.0,8.0,-1.0,1724739,2.0,7,,0.0,2.0,1.0,B01,138Â 208Â 425,1.0
1010433,201900051964,9,21,16:20,1,2,2,1.0,3.0,76351,ARISTIDE BRIAND,M,"49,5005200","0,1392000",76,2019,50.0,1.0,1.0,3.0,2259563,1.0,1,1,1,5.0,,0.0,0,1963.0,A01,138Â 208Â 426,1.0,8.0,-1.0,1724740,1.0,7,,0.0,2.0,8.0,A01,138Â 208Â 426,1.0
1010434,201900051965,9,23,22:15,3,2,1,1.0,3.0,74298,BONNEVILLE (ROUTE DE ),M,"46,1687124","6,2591939",74,2019,70.0,1.0,1.0,3.0,2259564,1.0,1,4,1,0.0,,0.0,0,1971.0,A01,138Â 208Â 421,1.0,0.0,-1.0,1724741,2.0,7,,0.0,2.0,3.0,A01,138Â 208Â 421,1.0
1010434,201900051965,9,23,22:15,3,2,1,1.0,3.0,74298,BONNEVILLE (ROUTE DE ),M,"46,1687124","6,2591939",74,2019,70.0,1.0,1.0,3.0,2259564,1.0,1,4,1,0.0,,0.0,0,1971.0,A01,138Â 208Â 421,1.0,0.0,-1.0,1724742,2.0,7,,0.0,2.0,3.0,B01,138Â 208Â 422,1.0
1010434,201900051965,9,23,22:15,3,2,1,1.0,3.0,74298,BONNEVILLE (ROUTE DE ),M,"46,1687124","6,2591939",74,2019,70.0,1.0,1.0,3.0,2259565,1.0,1,4,1,0.0,,0.0,0,1990.0,B01,138Â 208Â 422,1.0,0.0,-1.0,1724741,2.0,7,,0.0,2.0,3.0,A01,138Â 208Â 421,1.0
1010434,201900051965,9,23,22:15,3,2,1,1.0,3.0,74298,BONNEVILLE (ROUTE DE ),M,"46,1687124","6,2591939",74,2019,70.0,1.0,1.0,3.0,2259565,1.0,1,4,1,0.0,,0.0,0,1990.0,B01,138Â 208Â 422,1.0,0.0,-1.0,1724742,2.0,7,,0.0,2.0,3.0,B01,138Â 208Â 422,1.0
1010435,201900051966,9,24,08:15,1,2,3,1.0,6.0,67482,FAUBOURG DE PIERRE (PONT DU),M,"48,5869400","7,7464900",67,2019,30.0,1.0,1.0,4.0,2259566,1.0,1,1,1,2.0,,-1.0,0,1993.0,A01,138Â 208Â 418,8.0,0.0,-1.0,1724743,1.0,1,,0.0,1.0,1.0,A01,138Â 208Â 418,5.0
1010435,201900051966,9,24,08:15,1,2,3,1.0,6.0,67482,FAUBOURG DE PIERRE (PONT DU),M,"48,5869400","7,7464900",67,2019,30.0,1.0,1.0,4.0,2259567,10.0,3,4,2,1.0,,4.0,3,1994.0,A01,138Â 208Â 418,8.0,0.0,-1.0,1724743,1.0,1,,0.0,1.0,1.0,A01,138Â 208Â 418,5.0
1010436,201900051967,9,22,13:30,1,2,3,1.0,3.0,67482,MONTAGNE VERTE (PONT DE LA),M,"48,5705330","7,7258150",67,2019,50.0,1.0,1.0,4.0,2259568,1.0,1,4,2,0.0,,-1.0,0,1984.0,A01,138Â 208Â 416,1.0,8.0,-1.0,1724744,0.0,7,,0.0,2.0,3.0,A01,138Â 208Â 416,1.0
1010436,201900051967,9,22,13:30,1,2,3,1.0,3.0,67482,MONTAGNE VERTE (PONT DE LA),M,"48,5705330","7,7258150",67,2019,50.0,1.0,1.0,4.0,2259568,1.0,1,4,2,0.0,,-1.0,0,1984.0,A01,138Â 208Â 416,1.0,8.0,-1.0,1724745,2.0,40,,0.0,2.0,1.0,B01,138Â 208Â 417,3.0
1010436,201900051967,9,22,13:30,1,2,3,1.0,3.0,67482,MONTAGNE VERTE (PONT DE LA),M,"48,5705330","7,7258150",67,2019,50.0,1.0,1.0,4.0,2259569,1.0,1,1,1,4.0,,-1.0,0,1977.0,B01,138Â 208Â 417,8.0,8.0,-1.0,1724744,0.0,7,,0.0,2.0,3.0,A01,138Â 208Â 416,1.0
1010436,201900051967,9,22,13:30,1,2,3,1.0,3.0,67482,MONTAGNE VERTE (PONT DE LA),M,"48,5705330","7,7258150",67,2019,50.0,1.0,1.0,4.0,2259569,1.0,1,1,1,4.0,,-1.0,0,1977.0,B01,138Â 208Â 417,8.0,8.0,-1.0,1724745,2.0,40,,0.0,2.0,1.0,B01,138Â 208Â 417,3.0
1010437,201900051968,9,21,12:30,1,2,1,1.0,6.0,67482,RIMBACH (RUE),M,"48,5589500","7,7836300",67,2019,50.0,1.0,1.0,4.0,2259570,1.0,1,4,1,0.0,,-1.0,0,1944.0,A01,138Â 208Â 415,1.0,8.0,-1.0,1724746,1.0,7,,1.0,0.0,1.0,A01,138Â 208Â 415,1.0
1010438,201900051969,9,20,13:30,1,2,1,1.0,2.0,67482,GENERAL KOENIG (QUAI DU),M,"48,5752460","7,7583090",67,2019,50.0,1.0,1.0,4.0,2259571,1.0,1,4,2,0.0,,-1.0,0,1980.0,A01,138Â 208Â 413,1.0,8.0,-1.0,1724747,1.0,7,,0.0,2.0,4.0,A01,138Â 208Â 413,1.0
1010438,201900051969,9,20,13:30,1,2,1,1.0,2.0,67482,GENERAL KOENIG (QUAI DU),M,"48,5752460","7,7583090",67,2019,50.0,1.0,1.0,4.0,2259571,1.0,1,4,2,0.0,,-1.0,0,1980.0,A01,138Â 208Â 413,1.0,8.0,-1.0,1724748,2.0,7,,0.0,2.0,1.0,B01,138Â 208Â 414,1.0
1010438,201900051969,9,20,13:30,1,2,1,1.0,2.0,67482,GENERAL KOENIG (QUAI DU),M,"48,5752460","7,7583090",67,2019,50.0,1.0,1.0,4.0,2259572,2.0,1,1,1,0.0,,-1.0,0,1994.0,B01,138Â 208Â 414,1.0,8.0,-1.0,1724747,1.0,7,,0.0,2.0,4.0,A01,138Â 208Â 413,1.0
1010438,201900051969,9,20,13:30,1,2,1,1.0,2.0,67482,GENERAL KOENIG (QUAI DU),M,"48,5752460","7,7583090",67,2019,50.0,1.0,1.0,4.0,2259572,2.0,1,1,1,0.0,,-1.0,0,1994.0,B01,138Â 208Â 414,1.0,8.0,-1.0,1724748,2.0,7,,0.0,2.0,1.0,B01,138Â 208Â 414,1.0
1010439,201900051970,9,24,07:10,5,2,1,1.0,3.0,64445,PAIX,M,"43,3221922"," -0,3666053",64,2019,50.0,1.0,1.0,4.0,2259573,1.0,1,1,1,1.0,,0.0,0,1971.0,A01,138Â 208Â 411,1.0,0.0,-1.0,1724749,1.0,7,,0.0,2.0,5.0,A01,138Â 208Â 411,1.0
1010439,201900051970,9,24,07:10,5,2,1,1.0,3.0,64445,PAIX,M,"43,3221922"," -0,3666053",64,2019,50.0,1.0,1.0,4.0,2259573,1.0,1,1,1,1.0,,0.0,0,1971.0,A01,138Â 208Â 411,1.0,0.0,-1.0,1724750,2.0,33,,0.0,2.0,1.0,B01,138Â 208Â 412,1.0
1010439,201900051970,9,24,07:10,5,2,1,1.0,3.0,64445,PAIX,M,"43,3221922"," -0,3666053",64,2019,50.0,1.0,1.0,4.0,2259574,1.0,1,4,1,1.0,,0.0,0,1955.0,B01,138Â 208Â 412,2.0,8.0,-1.0,1724749,1.0,7,,0.0,2.0,5.0,A01,138Â 208Â 411,1.0
1010439,201900051970,9,24,07:10,5,2,1,1.0,3.0,64445,PAIX,M,"43,3221922"," -0,3666053",64,2019,50.0,1.0,1.0,4.0,2259574,1.0,1,4,1,1.0,,0.0,0,1955.0,B01,138Â 208Â 412,2.0,8.0,-1.0,1724750,2.0,33,,0.0,2.0,1.0,B01,138Â 208Â 412,1.0
1010440,201900051971,9,22,11:44,1,2,1,2.0,2.0,64348,CHARLES DE GAULLE,M,"43,3135873"," -0,4173297",64,2019,50.0,3.0,2.0,4.0,2259575,1.0,1,4,2,0.0,,0.0,0,1956.0,B01,138Â 208Â 409,1.0,0.0,-1.0,1724751,1.0,7,,0.0,2.0,4.0,B01,138Â 208Â 409,1.0
1010440,201900051971,9,22,11:44,1,2,1,2.0,2.0,64348,CHARLES DE GAULLE,M,"43,3135873"," -0,4173297",64,2019,50.0,3.0,2.0,4.0,2259575,1.0,1,4,2,0.0,,0.0,0,1956.0,B01,138Â 208Â 409,1.0,0.0,-1.0,1724752,1.0,7,,0.0,2.0,1.0,A01,138Â 208Â 410,1.0
1010440,201900051971,9,22,11:44,1,2,1,2.0,2.0,64348,CHARLES DE GAULLE,M,"43,3135873"," -0,4173297",64,2019,50.0,3.0,2.0,4.0,2259576,1.0,1,1,1,0.0,,0.0,0,1987.0,A01,138Â 208Â 410,1.0,8.0,-1.0,1724751,1.0,7,,0.0,2.0,4.0,B01,138Â 208Â 409,1.0
1010440,201900051971,9,22,11:44,1,2,1,2.0,2.0,64348,CHARLES DE GAULLE,M,"43,3135873"," -0,4173297",64,2019,50.0,3.0,2.0,4.0,2259576,1.0,1,1,1,0.0,,0.0,0,1987.0,A01,138Â 208Â 410,1.0,8.0,-1.0,1724752,1.0,7,,0.0,2.0,1.0,A01,138Â 208Â 410,1.0
1010441,201900051972,9,23,08:05,2,2,1,1.0,5.0,64024,BAB (Boulevard),M,"43,4933873"," -1,5302602",64,2019,50.0,1.0,1.0,4.0,2259577,3.0,2,4,1,2.0,,0.0,0,2011.0,C01,138Â 208Â 406,1.0,0.0,-1.0,1724753,3.0,7,,0.0,2.0,8.0,C01,138Â 208Â 406,1.0
1010441,201900051972,9,23,08:05,2,2,1,1.0,5.0,64024,BAB (Boulevard),M,"43,4933873"," -1,5302602",64,2019,50.0,1.0,1.0,4.0,2259577,3.0,2,4,1,2.0,,0.0,0,2011.0,C01,138Â 208Â 406,1.0,0.0,-1.0,1724754,3.0,7,,0.0,2.0,3.0,B01,138Â 208Â 407,1.0
1010441,201900051972,9,23,08:05,2,2,1,1.0,5.0,64024,BAB (Boulevard),M,"43,4933873"," -1,5302602",64,2019,50.0,1.0,1.0,4.0,2259577,3.0,2,4,1,2.0,,0.0,0,2011.0,C01,138Â 208Â 406,1.0,0.0,-1.0,1724755,3.0,7,,0.0,2.0,3.0,A01,138Â 208Â 408,1.0
1010441,201900051972,9,23,08:05,2,2,1,1.0,5.0,64024,BAB (Boulevard),M,"43,4933873"," -1,5302602",64,2019,50.0,1.0,1.0,4.0,2259578,1.0,1,4,2,2.0,,0.0,0,1974.0,C01,138Â 208Â 406,1.0,0.0,-1.0,1724753,3.0,7,,0.0,2.0,8.0,C01,138Â 208Â 406,1.0
1010441,201900051972,9,23,08:05,2,2,1,1.0,5.0,64024,BAB (Boulevard),M,"43,4933873"," -1,5302602",64,2019,50.0,1.0,1.0,4.0,2259578,1.0,1,4,2,2.0,,0.0,0,1974.0,C01,138Â 208Â 406,1.0,0.0,-1.0,1724754,3.0,7,,0.0,2.0,3.0,B01,138Â 208Â 407,1.0
1010441,201900051972,9,23,08:05,2,2,1,1.0,5.0,64024,BAB (Boulevard),M,"43,4933873"," -1,5302602",64,2019,50.0,1.0,1.0,4.0,2259578,1.0,1,4,2,2.0,,0.0,0,1974.0,C01,138Â 208Â 406,1.0,0.0,-1.0,1724755,3.0,7,,0.0,2.0,3.0,A01,138Â 208Â 408,1.0
1010441,201900051972,9,23,08:05,2,2,1,1.0,5.0,64024,BAB (Boulevard),M,"43,4933873"," -1,5302602",64,2019,50.0,1.0,1.0,4.0,2259579,2.0,2,4,1,2.0,,0.0,0,2009.0,C01,138Â 208Â 406,1.0,0.0,-1.0,1724753,3.0,7,,0.0,2.0,8.0,C01,138Â 208Â 406,1.0
1010441,201900051972,9,23,08:05,2,2,1,1.0,5.0,64024,BAB (Boulevard),M,"43,4933873"," -1,5302602",64,2019,50.0,1.0,1.0,4.0,2259579,2.0,2,4,1,2.0,,0.0,0,2009.0,C01,138Â 208Â 406,1.0,0.0,-1.0,1724754,3.0,7,,0.0,2.0,3.0,B01,138Â 208Â 407,1.0
1010441,201900051972,9,23,08:05,2,2,1,1.0,5.0,64024,BAB (Boulevard),M,"43,4933873"," -1,5302602",64,2019,50.0,1.0,1.0,4.0,2259579,2.0,2,4,1,2.0,,0.0,0,2009.0,C01,138Â 208Â 406,1.0,0.0,-1.0,1724755,3.0,7,,0.0,2.0,3.0,A01,138Â 208Â 408,1.0