Unnamed: 0_x,num_acc,mois,jour,hrmn,lum,agg,int,atm,col,com,adr,gps,lat,long,dep,annee,vma,situ,surf,catr,Unnamed: 0_y,place,catu,grav,sexe,trajet,secu,locp,actp,an_nais,num_veh_x,id_vehicule_x,secu1,secu2,secu3,Unnamed: 0,senc,catv,occutc,obs,obsm,choc,num_veh_y,id_vehicule_y,motor
1010441,201900051972,9,23,08:05,2,2,1,1.0,5.0,64024,BAB (Boulevard),M,"43,4933873"," -1,5302602",64,2019,50.0,1.0,1.0,4.0,2259580,1.0,1,4,2,1.0,,0.0,0,1979.0,B01,138Â 208Â 407,1.0,8.0,-1.0,1724753,3.0,7,,0.0,2.0,8.0,C01,138Â 208Â 406,1.0
1010441,201900051972,9,23,08:05,2,2,1,1.0,5.0,64024,BAB (Boulevard),M,"43,4933873"," -1,5302602",64,2019,50.0,1.0,1.0,4.0,2259580,1.0,1,4,2,1.0,,0.0,0,1979.0,B01,138Â 208Â 407,1.0,8.0,-1.0,1724754,3.0,7,,0.0,2.0,3.0,B01,138Â 208Â 407,1.0
1010441,201900051972,9,23,08:05,2,2,1,1.0,5.0,64024,BAB (Boulevard),M,"43,4933873"," -1,5302602",64,2019,50.0,1.0,1.0,4.0,2259580,1.0,1,4,2,1.0,,0.0,0,1979.0,B01,138Â 208Â 407,1.0,8.0,-1.0,1724755,3.0,7,,0.0,2.0,3.0,A01,138Â 208Â 408,1.0
1010441,201900051972,9,23,08:05,2,2,1,1.0,5.0,64024,BAB (Boulevard),M,"43,4933873"," -1,5302602",64,2019,50.0,1.0,1.0,4.0,2259581,1.0,1,4,1,1.0,,0.0,0,1999.0,A01,138Â 208Â 408,1.0,8.0,-1.0,1724753,3.0,7,,0.0,2.0,8.0,C01,138Â 208Â 406,1.0
1010441,201900051972,9,23,08:05,2,2,1,1.0,5.0,64024,BAB (Boulevard),M,"43,4933873"," -1,5302602",64,2019,50.0,1.0,1.0,4.0,2259581,1.0,1,4,1,1.0,,0.0,0,1999.0,A01,138Â 208Â 408,1.0,8.0,-1.0,1724754,3.0,7,,0.0,2.0,3.0,B01,138Â 208Â 407,1.0
1010441,201900051972,9,23,08:05,2,2,1,1.0,5.0,64024,BAB (Boulevard),M,"43,4933873"," -1,5302602",64,2019,50.0,1.0,1.0,4.0,2259581,1.0,1,4,1,1.0,,0.0,0,1999.0,A01,138Â 208Â 408,1.0,8.0,-1.0,1724755,3.0,7,,0.0,2.0,3.0,A01,138Â 208Â 408,1.0
1010442,201900051973,9,22,21:00,4,2,1,3.0,1.0,63063,FONTENILLE (RUE DE),M,"45,8414659","3,1055409",63,2019,50.0,1.0,3.0,7.0,2259582,1.0,1,4,2,5.0,,0.0,0,1994.0,A01,138Â 208Â 404,1.0,8.0,-1.0,1724756,3.0,7,,0.0,2.0,1.0,A01,138Â 208Â 404,1.0
1010442,201900051973,9,22,21:00,4,2,1,3.0,1.0,63063,FONTENILLE (RUE DE),M,"45,8414659","3,1055409",63,2019,50.0,1.0,3.0,7.0,2259582,1.0,1,4,2,5.0,,0.0,0,1994.0,A01,138Â 208Â 404,1.0,8.0,-1.0,1724757,3.0,7,,0.0,2.0,1.0,B01,138Â 208Â 405,1.0
1010442,201900051973,9,22,21:00,4,2,1,3.0,1.0,63063,FONTENILLE (RUE DE),M,"45,8414659","3,1055409",63,2019,50.0,1.0,3.0,7.0,2259583,1.0,1,1,1,5.0,,0.0,0,1948.0,B01,138Â 208Â 405,1.0,8.0,-1.0,1724756,3.0,7,,0.0,2.0,1.0,A01,138Â 208Â 404,1.0
1010442,201900051973,9,22,21:00,4,2,1,3.0,1.0,63063,FONTENILLE (RUE DE),M,"45,8414659","3,1055409",63,2019,50.0,1.0,3.0,7.0,2259583,1.0,1,1,1,5.0,,0.0,0,1948.0,B01,138Â 208Â 405,1.0,8.0,-1.0,1724757,3.0,7,,0.0,2.0,1.0,B01,138Â 208Â 405,1.0
1010442,201900051973,9,22,21:00,4,2,1,3.0,1.0,63063,FONTENILLE (RUE DE),M,"45,8414659","3,1055409",63,2019,50.0,1.0,3.0,7.0,2259584,3.0,2,3,2,5.0,,0.0,0,1957.0,B01,138Â 208Â 405,1.0,8.0,-1.0,1724756,3.0,7,,0.0,2.0,1.0,A01,138Â 208Â 404,1.0
1010442,201900051973,9,22,21:00,4,2,1,3.0,1.0,63063,FONTENILLE (RUE DE),M,"45,8414659","3,1055409",63,2019,50.0,1.0,3.0,7.0,2259584,3.0,2,3,2,5.0,,0.0,0,1957.0,B01,138Â 208Â 405,1.0,8.0,-1.0,1724757,3.0,7,,0.0,2.0,1.0,B01,138Â 208Â 405,1.0
1010442,201900051973,9,22,21:00,4,2,1,3.0,1.0,63063,FONTENILLE (RUE DE),M,"45,8414659","3,1055409",63,2019,50.0,1.0,3.0,7.0,2259585,4.0,2,3,2,5.0,,0.0,0,1948.0,B01,138Â 208Â 405,1.0,8.0,-1.0,1724756,3.0,7,,0.0,2.0,1.0,A01,138Â 208Â 404,1.0
1010442,201900051973,9,22,21:00,4,2,1,3.0,1.0,63063,FONTENILLE (RUE DE),M,"45,8414659","3,1055409",63,2019,50.0,1.0,3.0,7.0,2259585,4.0,2,3,2,5.0,,0.0,0,1948.0,B01,138Â 208Â 405,1.0,8.0,-1.0,1724757,3.0,7,,0.0,2.0,1.0,B01,138Â 208Â 405,1.0
1010442,201900051973,9,22,21:00,4,2,1,3.0,1.0,63063,FONTENILLE (RUE DE),M,"45,8414659","3,1055409",63,2019,50.0,1.0,3.0,7.0,2259586,2.0,2,4,1,5.0,,0.0,0,1947.0,B01,138Â 208Â 405,1.0,8.0,-1.0,1724756,3.0,7,,0.0,2.0,1.0,A01,138Â 208Â 404,1.0
1010442,201900051973,9,22,21:00,4,2,1,3.0,1.0,63063,FONTENILLE (RUE DE),M,"45,8414659","3,1055409",63,2019,50.0,1.0,3.0,7.0,2259586,2.0,2,4,1,5.0,,0.0,0,1947.0,B01,138Â 208Â 405,1.0,8.0,-1.0,1724757,3.0,7,,0.0,2.0,1.0,B01,138Â 208Â 405,1.0
1010443,201900051974,9,24,02:30,5,2,1,1.0,6.0,62510,GOULET (R SILAS),M,"50,4223000","2,7792000",62,2019,50.0,1.0,1.0,4.0,2259587,4.0,2,2,1,5.0,,0.0,0,1963.0,A01,138Â 208Â 403,1.0,0.0,-1.0,1724758,1.0,7,,15.0,6.0,7.0,A01,138Â 208Â 403,1.0
1010443,201900051974,9,24,02:30,5,2,1,1.0,6.0,62510,GOULET (R SILAS),M,"50,4223000","2,7792000",62,2019,50.0,1.0,1.0,4.0,2259588,3.0,2,4,2,5.0,,0.0,0,1961.0,A01,138Â 208Â 403,1.0,0.0,-1.0,1724758,1.0,7,,15.0,6.0,7.0,A01,138Â 208Â 403,1.0
1010443,201900051974,9,24,02:30,5,2,1,1.0,6.0,62510,GOULET (R SILAS),M,"50,4223000","2,7792000",62,2019,50.0,1.0,1.0,4.0,2259589,2.0,2,4,2,5.0,,0.0,0,1986.0,A01,138Â 208Â 403,1.0,0.0,-1.0,1724758,1.0,7,,15.0,6.0,7.0,A01,138Â 208Â 403,1.0
1010443,201900051974,9,24,02:30,5,2,1,1.0,6.0,62510,GOULET (R SILAS),M,"50,4223000","2,7792000",62,2019,50.0,1.0,1.0,4.0,2259590,1.0,1,1,1,5.0,,0.0,0,1981.0,A01,138Â 208Â 403,1.0,0.0,-1.0,1724758,1.0,7,,15.0,6.0,7.0,A01,138Â 208Â 403,1.0
1010444,201900051975,9,24,10:10,1,2,1,1.0,3.0,59508,LOEUL (AVENUE ALPHONSE),M,"50,7588000","3,1214600",59,2019,50.0,1.0,1.0,4.0,2259591,1.0,1,4,1,4.0,,-1.0, -1,1985.0,B01,138Â 208Â 401,2.0,4.0,-1.0,1724759,2.0,1,,1.0,0.0,2.0,B01,138Â 208Â 401,5.0
1010444,201900051975,9,24,10:10,1,2,1,1.0,3.0,59508,LOEUL (AVENUE ALPHONSE),M,"50,7588000","3,1214600",59,2019,50.0,1.0,1.0,4.0,2259591,1.0,1,4,1,4.0,,-1.0, -1,1985.0,B01,138Â 208Â 401,2.0,4.0,-1.0,1724760,2.0,7,,0.0,2.0,8.0,A01,138Â 208Â 402,1.0
1010444,201900051975,9,24,10:10,1,2,1,1.0,3.0,59508,LOEUL (AVENUE ALPHONSE),M,"50,7588000","3,1214600",59,2019,50.0,1.0,1.0,4.0,2259592,1.0,1,1,2,4.0,,-1.0, -1,1978.0,A01,138Â 208Â 402,1.0,0.0,-1.0,1724759,2.0,1,,1.0,0.0,2.0,B01,138Â 208Â 401,5.0
1010444,201900051975,9,24,10:10,1,2,1,1.0,3.0,59508,LOEUL (AVENUE ALPHONSE),M,"50,7588000","3,1214600",59,2019,50.0,1.0,1.0,4.0,2259592,1.0,1,1,2,4.0,,-1.0, -1,1978.0,A01,138Â 208Â 402,1.0,0.0,-1.0,1724760,2.0,7,,0.0,2.0,8.0,A01,138Â 208Â 402,1.0
1010445,201900051976,9,24,10:00,1,2,1,1.0,6.0,59512,LAGACHE (AVENUE JULIEN),M,"50,6830600","3,1969700",59,2019,50.0,1.0,1.0,4.0,2259593,1.0,1,1,2,0.0,,-1.0,0,1987.0,A01,138Â 208Â 400,1.0,0.0,-1.0,1724761,2.0,7,,0.0,1.0,1.0,A01,138Â 208Â 400,1.0
1010445,201900051976,9,24,10:00,1,2,1,1.0,6.0,59512,LAGACHE (AVENUE JULIEN),M,"50,6830600","3,1969700",59,2019,50.0,1.0,1.0,4.0,2259594,10.0,3,4,1,0.0,,1.0,3,1974.0,A01,138Â 208Â 400,8.0,0.0,-1.0,1724761,2.0,7,,0.0,1.0,1.0,A01,138Â 208Â 400,1.0
1010446,201900051977,9,20,14:25,1,2,2,1.0,3.0,57463,LOTHAIRE (RUE ),M,"49,1006800","6,1885600",57,2019,50.0,1.0,1.0,4.0,2259595,1.0,1,1,1,9.0,,0.0,0,1991.0,Z01,138Â 208Â 398,8.0,-1.0,-1.0,1724762,3.0,7,,0.0,2.0,9.0,Z01,138Â 208Â 398,1.0
1010446,201900051977,9,20,14:25,1,2,2,1.0,3.0,57463,LOTHAIRE (RUE ),M,"49,1006800","6,1885600",57,2019,50.0,1.0,1.0,4.0,2259595,1.0,1,1,1,9.0,,0.0,0,1991.0,Z01,138Â 208Â 398,8.0,-1.0,-1.0,1724763,3.0,7,,0.0,2.0,1.0,A01,138Â 208Â 399,1.0
1010446,201900051977,9,20,14:25,1,2,2,1.0,3.0,57463,LOTHAIRE (RUE ),M,"49,1006800","6,1885600",57,2019,50.0,1.0,1.0,4.0,2259596,4.0,2,4,1,1.0,,0.0,0,2019.0,A01,138Â 208Â 399,1.0,0.0,-1.0,1724762,3.0,7,,0.0,2.0,9.0,Z01,138Â 208Â 398,1.0
1010446,201900051977,9,20,14:25,1,2,2,1.0,3.0,57463,LOTHAIRE (RUE ),M,"49,1006800","6,1885600",57,2019,50.0,1.0,1.0,4.0,2259596,4.0,2,4,1,1.0,,0.0,0,2019.0,A01,138Â 208Â 399,1.0,0.0,-1.0,1724763,3.0,7,,0.0,2.0,1.0,A01,138Â 208Â 399,1.0
1010446,201900051977,9,20,14:25,1,2,2,1.0,3.0,57463,LOTHAIRE (RUE ),M,"49,1006800","6,1885600",57,2019,50.0,1.0,1.0,4.0,2259597,1.0,1,4,2,1.0,,-1.0, -1,1988.0,A01,138Â 208Â 399,1.0,8.0,-1.0,1724762,3.0,7,,0.0,2.0,9.0,Z01,138Â 208Â 398,1.0
1010446,201900051977,9,20,14:25,1,2,2,1.0,3.0,57463,LOTHAIRE (RUE ),M,"49,1006800","6,1885600",57,2019,50.0,1.0,1.0,4.0,2259597,1.0,1,4,2,1.0,,-1.0, -1,1988.0,A01,138Â 208Â 399,1.0,8.0,-1.0,1724763,3.0,7,,0.0,2.0,1.0,A01,138Â 208Â 399,1.0
1010447,201900051978,9,21,20:30,2,2,1,1.0,3.0,56121,BELGIQUE (RUE  DE ),M,"47,7604900"," -3,3840900",56,2019,50.0,1.0,1.0,4.0,2259598,1.0,1,4,1,5.0,,0.0,0,1996.0,B01,138Â 208Â 392,2.0,8.0,-1.0,1724764,1.0,30,,0.0,2.0,2.0,B01,138Â 208Â 392,1.0
1010447,201900051978,9,21,20:30,2,2,1,1.0,3.0,56121,BELGIQUE (RUE  DE ),M,"47,7604900"," -3,3840900",56,2019,50.0,1.0,1.0,4.0,2259598,1.0,1,4,1,5.0,,0.0,0,1996.0,B01,138Â 208Â 392,2.0,8.0,-1.0,1724765,1.0,7,,0.0,2.0,3.0,A01,138Â 208Â 393,1.0
1010447,201900051978,9,21,20:30,2,2,1,1.0,3.0,56121,BELGIQUE (RUE  DE ),M,"47,7604900"," -3,3840900",56,2019,50.0,1.0,1.0,4.0,2259599,1.0,1,1,1,5.0,,0.0,0,1977.0,A01,138Â 208Â 393,1.0,8.0,-1.0,1724764,1.0,30,,0.0,2.0,2.0,B01,138Â 208Â 392,1.0
1010447,201900051978,9,21,20:30,2,2,1,1.0,3.0,56121,BELGIQUE (RUE  DE ),M,"47,7604900"," -3,3840900",56,2019,50.0,1.0,1.0,4.0,2259599,1.0,1,1,1,5.0,,0.0,0,1977.0,A01,138Â 208Â 393,1.0,8.0,-1.0,1724765,1.0,7,,0.0,2.0,3.0,A01,138Â 208Â 393,1.0
1010448,201900051979,9,21,16:00,1,2,6,1.0,3.0,56121,BLUM ( BD LEON ),M,"47,7472118"," -3,3764740",56,2019,50.0,1.0,1.0,4.0,2259600,1.0,1,4,1,5.0,,0.0,0,1946.0,B01,138Â 208Â 390,2.0,0.0,-1.0,1724766,2.0,1,,0.0,2.0,1.0,B01,138Â 208Â 390,5.0
1010448,201900051979,9,21,16:00,1,2,6,1.0,3.0,56121,BLUM ( BD LEON ),M,"47,7472118"," -3,3764740",56,2019,50.0,1.0,1.0,4.0,2259600,1.0,1,4,1,5.0,,0.0,0,1946.0,B01,138Â 208Â 390,2.0,0.0,-1.0,1724767,1.0,7,,0.0,2.0,3.0,A01,138Â 208Â 391,1.0
1010448,201900051979,9,21,16:00,1,2,6,1.0,3.0,56121,BLUM ( BD LEON ),M,"47,7472118"," -3,3764740",56,2019,50.0,1.0,1.0,4.0,2259601,1.0,1,1,2,5.0,,0.0,0,1943.0,A01,138Â 208Â 391,1.0,8.0,-1.0,1724766,2.0,1,,0.0,2.0,1.0,B01,138Â 208Â 390,5.0
1010448,201900051979,9,21,16:00,1,2,6,1.0,3.0,56121,BLUM ( BD LEON ),M,"47,7472118"," -3,3764740",56,2019,50.0,1.0,1.0,4.0,2259601,1.0,1,1,2,5.0,,0.0,0,1943.0,A01,138Â 208Â 391,1.0,8.0,-1.0,1724767,1.0,7,,0.0,2.0,3.0,A01,138Â 208Â 391,1.0
1010449,201900051980,9,20,20:40,2,2,2,1.0,3.0,56098,MAURICE (RUE  JEAN-MARIE ),M,"47,7561600"," -3,3405900",56,2019,50.0,1.0,1.0,4.0,2259602,1.0,1,1,1,5.0,,0.0,0,1994.0,B01,138Â 208Â 388,1.0,8.0,-1.0,1724768,2.0,7,,0.0,2.0,1.0,B01,138Â 208Â 388,1.0
1010449,201900051980,9,20,20:40,2,2,2,1.0,3.0,56098,MAURICE (RUE  JEAN-MARIE ),M,"47,7561600"," -3,3405900",56,2019,50.0,1.0,1.0,4.0,2259602,1.0,1,1,1,5.0,,0.0,0,1994.0,B01,138Â 208Â 388,1.0,8.0,-1.0,1724769,1.0,7,,0.0,2.0,7.0,A01,138Â 208Â 389,1.0
1010449,201900051980,9,20,20:40,2,2,2,1.0,3.0,56098,MAURICE (RUE  JEAN-MARIE ),M,"47,7561600"," -3,3405900",56,2019,50.0,1.0,1.0,4.0,2259603,1.0,1,1,1,5.0,,0.0,0,2000.0,A01,138Â 208Â 389,1.0,8.0,-1.0,1724768,2.0,7,,0.0,2.0,1.0,B01,138Â 208Â 388,1.0
1010449,201900051980,9,20,20:40,2,2,2,1.0,3.0,56098,MAURICE (RUE  JEAN-MARIE ),M,"47,7561600"," -3,3405900",56,2019,50.0,1.0,1.0,4.0,2259603,1.0,1,1,1,5.0,,0.0,0,2000.0,A01,138Â 208Â 389,1.0,8.0,-1.0,1724769,1.0,7,,0.0,2.0,7.0,A01,138Â 208Â 389,1.0
1010449,201900051980,9,20,20:40,2,2,2,1.0,3.0,56098,MAURICE (RUE  JEAN-MARIE ),M,"47,7561600"," -3,3405900",56,2019,50.0,1.0,1.0,4.0,2259604,3.0,2,4,1,5.0,,0.0,0,1999.0,A01,138Â 208Â 389,1.0,8.0,-1.0,1724768,2.0,7,,0.0,2.0,1.0,B01,138Â 208Â 388,1.0
1010449,201900051980,9,20,20:40,2,2,2,1.0,3.0,56098,MAURICE (RUE  JEAN-MARIE ),M,"47,7561600"," -3,3405900",56,2019,50.0,1.0,1.0,4.0,2259604,3.0,2,4,1,5.0,,0.0,0,1999.0,A01,138Â 208Â 389,1.0,8.0,-1.0,1724769,1.0,7,,0.0,2.0,7.0,A01,138Â 208Â 389,1.0
1010450,201900051981,3,15,05:19,3,2,2,3.0,6.0,54395,BOUDONVILLE (Rue de),M,"48,6988800","6,1679100",54,2019,50.0,1.0,2.0,4.0,2259605,1.0,1,4,2,0.0,,-1.0,0,1979.0,A01,138Â 208Â 386,1.0,0.0,-1.0,1724770,1.0,7,,1.0,2.0,1.0,A01,138Â 208Â 386,0.0
1010450,201900051981,3,15,05:19,3,2,2,3.0,6.0,54395,BOUDONVILLE (Rue de),M,"48,6988800","6,1679100",54,2019,50.0,1.0,2.0,4.0,2259605,1.0,1,4,2,0.0,,-1.0,0,1979.0,A01,138Â 208Â 386,1.0,0.0,-1.0,1724771,1.0,7,,0.0,2.0,0.0,B01,138Â 208Â 387,1.0
1010450,201900051981,3,15,05:19,3,2,2,3.0,6.0,54395,BOUDONVILLE (Rue de),M,"48,6988800","6,1679100",54,2019,50.0,1.0,2.0,4.0,2259606,1.0,1,4,2,0.0,,-1.0,0,1984.0,B01,138Â 208Â 387,1.0,0.0,-1.0,1724770,1.0,7,,1.0,2.0,1.0,A01,138Â 208Â 386,0.0
1010450,201900051981,3,15,05:19,3,2,2,3.0,6.0,54395,BOUDONVILLE (Rue de),M,"48,6988800","6,1679100",54,2019,50.0,1.0,2.0,4.0,2259606,1.0,1,4,2,0.0,,-1.0,0,1984.0,B01,138Â 208Â 387,1.0,0.0,-1.0,1724771,1.0,7,,0.0,2.0,0.0,B01,138Â 208Â 387,1.0
1010451,201900051982,9,17,18:30,1,2,1,1.0,3.0,54395,TOMBLAINE (RUE DE),M,"48,6865000","6,2000900",54,2019,50.0,1.0,1.0,4.0,2259607,1.0,1,1,1,9.0,,-1.0,0,1997.0,B01,138Â 208Â 384,1.0,0.0,-1.0,1724772,1.0,7,,0.0,2.0,3.0,B01,138Â 208Â 384,1.0
1010451,201900051982,9,17,18:30,1,2,1,1.0,3.0,54395,TOMBLAINE (RUE DE),M,"48,6865000","6,2000900",54,2019,50.0,1.0,1.0,4.0,2259607,1.0,1,1,1,9.0,,-1.0,0,1997.0,B01,138Â 208Â 384,1.0,0.0,-1.0,1724773,1.0,30,,0.0,2.0,1.0,A01,138Â 208Â 385,1.0
1010451,201900051982,9,17,18:30,1,2,1,1.0,3.0,54395,TOMBLAINE (RUE DE),M,"48,6865000","6,2000900",54,2019,50.0,1.0,1.0,4.0,2259608,1.0,1,3,1,9.0,,-1.0,0,1985.0,A01,138Â 208Â 385,2.0,6.0,-1.0,1724772,1.0,7,,0.0,2.0,3.0,B01,138Â 208Â 384,1.0
1010451,201900051982,9,17,18:30,1,2,1,1.0,3.0,54395,TOMBLAINE (RUE DE),M,"48,6865000","6,2000900",54,2019,50.0,1.0,1.0,4.0,2259608,1.0,1,3,1,9.0,,-1.0,0,1985.0,A01,138Â 208Â 385,2.0,6.0,-1.0,1724773,1.0,30,,0.0,2.0,1.0,A01,138Â 208Â 385,1.0
1010452,201900051983,3,12,23:00,3,2,3,3.0,1.0,54395,LOUIS (RUE BARON),M,"48,6966500","6,1743000",54,2019,30.0,1.0,2.0,4.0,2259609,1.0,1,4,1,1.0,,-1.0,0,1999.0,B01,138Â 208Â 382,8.0,0.0,-1.0,1724774,1.0,1,,0.0,2.0,0.0,B01,138Â 208Â 382,0.0
1010452,201900051983,3,12,23:00,3,2,3,3.0,1.0,54395,LOUIS (RUE BARON),M,"48,6966500","6,1743000",54,2019,30.0,1.0,2.0,4.0,2259609,1.0,1,4,1,1.0,,-1.0,0,1999.0,B01,138Â 208Â 382,8.0,0.0,-1.0,1724775,1.0,7,,0.0,2.0,1.0,A01,138Â 208Â 383,0.0
1010452,201900051983,3,12,23:00,3,2,3,3.0,1.0,54395,LOUIS (RUE BARON),M,"48,6966500","6,1743000",54,2019,30.0,1.0,2.0,4.0,2259610,1.0,1,1,2,0.0,,-1.0,0,1993.0,A01,138Â 208Â 383,1.0,0.0,-1.0,1724774,1.0,1,,0.0,2.0,0.0,B01,138Â 208Â 382,0.0
1010452,201900051983,3,12,23:00,3,2,3,3.0,1.0,54395,LOUIS (RUE BARON),M,"48,6966500","6,1743000",54,2019,30.0,1.0,2.0,4.0,2259610,1.0,1,1,2,0.0,,-1.0,0,1993.0,A01,138Â 208Â 383,1.0,0.0,-1.0,1724775,1.0,7,,0.0,2.0,1.0,A01,138Â 208Â 383,0.0
1010453,201900051984,9,24,10:40,1,2,1,1.0,3.0,54395,LIBERATION (AVENUE DE LA),M,"48,6962790","6,1516700",54,2019,50.0,1.0,1.0,4.0,2259611,1.0,1,4,1,0.0,,-1.0,0,1960.0,B01,138Â 208Â 380,1.0,0.0,-1.0,1724776,1.0,7,,0.0,2.0,0.0,B01,138Â 208Â 380,1.0
1010453,201900051984,9,24,10:40,1,2,1,1.0,3.0,54395,LIBERATION (AVENUE DE LA),M,"48,6962790","6,1516700",54,2019,50.0,1.0,1.0,4.0,2259611,1.0,1,4,1,0.0,,-1.0,0,1960.0,B01,138Â 208Â 380,1.0,0.0,-1.0,1724777,1.0,99,,0.0,2.0,0.0,A01,138Â 208Â 381,1.0
1010453,201900051984,9,24,10:40,1,2,1,1.0,3.0,54395,LIBERATION (AVENUE DE LA),M,"48,6962790","6,1516700",54,2019,50.0,1.0,1.0,4.0,2259612,1.0,1,4,1,0.0,,-1.0,0,1988.0,A01,138Â 208Â 381,1.0,0.0,-1.0,1724776,1.0,7,,0.0,2.0,0.0,B01,138Â 208Â 380,1.0
1010453,201900051984,9,24,10:40,1,2,1,1.0,3.0,54395,LIBERATION (AVENUE DE LA),M,"48,6962790","6,1516700",54,2019,50.0,1.0,1.0,4.0,2259612,1.0,1,4,1,0.0,,-1.0,0,1988.0,A01,138Â 208Â 381,1.0,0.0,-1.0,1724777,1.0,99,,0.0,2.0,0.0,A01,138Â 208Â 381,1.0
1010454,201900051985,3,7,13:35,1,2,1,1.0,5.0,54395,METZ (RUE DE),M,"48,7006000","6,1722700",54,2019,30.0,1.0,1.0,4.0,2259613,2.0,2,4,2,0.0,,-1.0,0,1996.0,C01,138Â 208Â 377,1.0,0.0,-1.0,1724778,1.0,7,,0.0,2.0,4.0,C01,138Â 208Â 377,0.0
1010454,201900051985,3,7,13:35,1,2,1,1.0,5.0,54395,METZ (RUE DE),M,"48,7006000","6,1722700",54,2019,30.0,1.0,1.0,4.0,2259613,2.0,2,4,2,0.0,,-1.0,0,1996.0,C01,138Â 208Â 377,1.0,0.0,-1.0,1724779,1.0,7,,0.0,2.0,1.0,B01,138Â 208Â 378,0.0
1010454,201900051985,3,7,13:35,1,2,1,1.0,5.0,54395,METZ (RUE DE),M,"48,7006000","6,1722700",54,2019,30.0,1.0,1.0,4.0,2259613,2.0,2,4,2,0.0,,-1.0,0,1996.0,C01,138Â 208Â 377,1.0,0.0,-1.0,1724780,1.0,7,,0.0,2.0,1.0,A01,138Â 208Â 379,0.0
1010454,201900051985,3,7,13:35,1,2,1,1.0,5.0,54395,METZ (RUE DE),M,"48,7006000","6,1722700",54,2019,30.0,1.0,1.0,4.0,2259614,1.0,1,1,1,0.0,,-1.0,0,1996.0,C01,138Â 208Â 377,1.0,0.0,-1.0,1724778,1.0,7,,0.0,2.0,4.0,C01,138Â 208Â 377,0.0
1010454,201900051985,3,7,13:35,1,2,1,1.0,5.0,54395,METZ (RUE DE),M,"48,7006000","6,1722700",54,2019,30.0,1.0,1.0,4.0,2259614,1.0,1,1,1,0.0,,-1.0,0,1996.0,C01,138Â 208Â 377,1.0,0.0,-1.0,1724779,1.0,7,,0.0,2.0,1.0,B01,138Â 208Â 378,0.0
1010454,201900051985,3,7,13:35,1,2,1,1.0,5.0,54395,METZ (RUE DE),M,"48,7006000","6,1722700",54,2019,30.0,1.0,1.0,4.0,2259614,1.0,1,1,1,0.0,,-1.0,0,1996.0,C01,138Â 208Â 377,1.0,0.0,-1.0,1724780,1.0,7,,0.0,2.0,1.0,A01,138Â 208Â 379,0.0
1010454,201900051985,3,7,13:35,1,2,1,1.0,5.0,54395,METZ (RUE DE),M,"48,7006000","6,1722700",54,2019,30.0,1.0,1.0,4.0,2259615,1.0,1,4,2,0.0,,-1.0,0,1997.0,B01,138Â 208Â 378,1.0,0.0,-1.0,1724778,1.0,7,,0.0,2.0,4.0,C01,138Â 208Â 377,0.0
1010454,201900051985,3,7,13:35,1,2,1,1.0,5.0,54395,METZ (RUE DE),M,"48,7006000","6,1722700",54,2019,30.0,1.0,1.0,4.0,2259615,1.0,1,4,2,0.0,,-1.0,0,1997.0,B01,138Â 208Â 378,1.0,0.0,-1.0,1724779,1.0,7,,0.0,2.0,1.0,B01,138Â 208Â 378,0.0
1010454,201900051985,3,7,13:35,1,2,1,1.0,5.0,54395,METZ (RUE DE),M,"48,7006000","6,1722700",54,2019,30.0,1.0,1.0,4.0,2259615,1.0,1,4,2,0.0,,-1.0,0,1997.0,B01,138Â 208Â 378,1.0,0.0,-1.0,1724780,1.0,7,,0.0,2.0,1.0,A01,138Â 208Â 379,0.0
1010454,201900051985,3,7,13:35,1,2,1,1.0,5.0,54395,METZ (RUE DE),M,"48,7006000","6,1722700",54,2019,30.0,1.0,1.0,4.0,2259616,1.0,1,1,1,0.0,,-1.0,0,1991.0,A01,138Â 208Â 379,1.0,0.0,-1.0,1724778,1.0,7,,0.0,2.0,4.0,C01,138Â 208Â 377,0.0
1010454,201900051985,3,7,13:35,1,2,1,1.0,5.0,54395,METZ (RUE DE),M,"48,7006000","6,1722700",54,2019,30.0,1.0,1.0,4.0,2259616,1.0,1,1,1,0.0,,-1.0,0,1991.0,A01,138Â 208Â 379,1.0,0.0,-1.0,1724779,1.0,7,,0.0,2.0,1.0,B01,138Â 208Â 378,0.0
1010454,201900051985,3,7,13:35,1,2,1,1.0,5.0,54395,METZ (RUE DE),M,"48,7006000","6,1722700",54,2019,30.0,1.0,1.0,4.0,2259616,1.0,1,1,1,0.0,,-1.0,0,1991.0,A01,138Â 208Â 379,1.0,0.0,-1.0,1724780,1.0,7,,0.0,2.0,1.0,A01,138Â 208Â 379,0.0
1010455,201900051986,9,24,08:35,1,2,1,1.0,4.0,54395,FRANCE (AVENUE ANATOLE),M,"48,6867510","6,1615480",54,2019,50.0,1.0,1.0,4.0,2259617,1.0,1,4,1,0.0,,-1.0,0,1998.0,A01,138Â 208Â 374,1.0,0.0,-1.0,1724781,1.0,7,,0.0,2.0,0.0,A01,138Â 208Â 374,1.0
1010455,201900051986,9,24,08:35,1,2,1,1.0,4.0,54395,FRANCE (AVENUE ANATOLE),M,"48,6867510","6,1615480",54,2019,50.0,1.0,1.0,4.0,2259617,1.0,1,4,1,0.0,,-1.0,0,1998.0,A01,138Â 208Â 374,1.0,0.0,-1.0,1724782,1.0,7,,0.0,2.0,0.0,B01,138Â 208Â 375,1.0
1010455,201900051986,9,24,08:35,1,2,1,1.0,4.0,54395,FRANCE (AVENUE ANATOLE),M,"48,6867510","6,1615480",54,2019,50.0,1.0,1.0,4.0,2259617,1.0,1,4,1,0.0,,-1.0,0,1998.0,A01,138Â 208Â 374,1.0,0.0,-1.0,1724783,1.0,7,,0.0,2.0,0.0,C01,138Â 208Â 376,1.0