Unnamed: 0_x,num_acc,mois,jour,hrmn,lum,agg,int,atm,col,com,adr,gps,lat,long,dep,annee,vma,situ,surf,catr,Unnamed: 0_y,place,catu,grav,sexe,trajet,secu,locp,actp,an_nais,num_veh_x,id_vehicule_x,secu1,secu2,secu3,Unnamed: 0,senc,catv,occutc,obs,obsm,choc,num_veh_y,id_vehicule_y,motor
1010455,201900051986,9,24,08:35,1,2,1,1.0,4.0,54395,FRANCE (AVENUE ANATOLE),M,"48,6867510","6,1615480",54,2019,50.0,1.0,1.0,4.0,2259618,1.0,1,1,1,0.0,,-1.0,0,1985.0,B01,138Â 208Â 375,1.0,0.0,-1.0,1724781,1.0,7,,0.0,2.0,0.0,A01,138Â 208Â 374,1.0
1010455,201900051986,9,24,08:35,1,2,1,1.0,4.0,54395,FRANCE (AVENUE ANATOLE),M,"48,6867510","6,1615480",54,2019,50.0,1.0,1.0,4.0,2259618,1.0,1,1,1,0.0,,-1.0,0,1985.0,B01,138Â 208Â 375,1.0,0.0,-1.0,1724782,1.0,7,,0.0,2.0,0.0,B01,138Â 208Â 375,1.0
1010455,201900051986,9,24,08:35,1,2,1,1.0,4.0,54395,FRANCE (AVENUE ANATOLE),M,"48,6867510","6,1615480",54,2019,50.0,1.0,1.0,4.0,2259618,1.0,1,1,1,0.0,,-1.0,0,1985.0,B01,138Â 208Â 375,1.0,0.0,-1.0,1724783,1.0,7,,0.0,2.0,0.0,C01,138Â 208Â 376,1.0
1010455,201900051986,9,24,08:35,1,2,1,1.0,4.0,54395,FRANCE (AVENUE ANATOLE),M,"48,6867510","6,1615480",54,2019,50.0,1.0,1.0,4.0,2259619,1.0,1,1,2,0.0,,-1.0,0,1964.0,C01,138Â 208Â 376,1.0,0.0,-1.0,1724781,1.0,7,,0.0,2.0,0.0,A01,138Â 208Â 374,1.0
1010455,201900051986,9,24,08:35,1,2,1,1.0,4.0,54395,FRANCE (AVENUE ANATOLE),M,"48,6867510","6,1615480",54,2019,50.0,1.0,1.0,4.0,2259619,1.0,1,1,2,0.0,,-1.0,0,1964.0,C01,138Â 208Â 376,1.0,0.0,-1.0,1724782,1.0,7,,0.0,2.0,0.0,B01,138Â 208Â 375,1.0
1010455,201900051986,9,24,08:35,1,2,1,1.0,4.0,54395,FRANCE (AVENUE ANATOLE),M,"48,6867510","6,1615480",54,2019,50.0,1.0,1.0,4.0,2259619,1.0,1,1,2,0.0,,-1.0,0,1964.0,C01,138Â 208Â 376,1.0,0.0,-1.0,1724783,1.0,7,,0.0,2.0,0.0,C01,138Â 208Â 376,1.0
1010456,201900051987,9,22,22:30,5,2,1,1.0,2.0,52121,TREFOUSSE (RUE JULES),M,"48,1103000","5,1412000",52,2019,50.0,1.0,1.0,4.0,2259620,1.0,1,1,1,5.0,,-1.0, -1,1969.0,B01,138Â 208Â 370,1.0,0.0,-1.0,1724784,1.0,7,,1.0,0.0,1.0,B01,138Â 208Â 370,1.0
1010456,201900051987,9,22,22:30,5,2,1,1.0,2.0,52121,TREFOUSSE (RUE JULES),M,"48,1103000","5,1412000",52,2019,50.0,1.0,1.0,4.0,2259620,1.0,1,1,1,5.0,,-1.0, -1,1969.0,B01,138Â 208Â 370,1.0,0.0,-1.0,1724785,1.0,7,,0.0,2.0,4.0,A01,138Â 208Â 371,1.0
1010456,201900051987,9,22,22:30,5,2,1,1.0,2.0,52121,TREFOUSSE (RUE JULES),M,"48,1103000","5,1412000",52,2019,50.0,1.0,1.0,4.0,2259621,1.0,1,4,1,4.0,,-1.0, -1,1998.0,A01,138Â 208Â 371,1.0,0.0,-1.0,1724784,1.0,7,,1.0,0.0,1.0,B01,138Â 208Â 370,1.0
1010456,201900051987,9,22,22:30,5,2,1,1.0,2.0,52121,TREFOUSSE (RUE JULES),M,"48,1103000","5,1412000",52,2019,50.0,1.0,1.0,4.0,2259621,1.0,1,4,1,4.0,,-1.0, -1,1998.0,A01,138Â 208Â 371,1.0,0.0,-1.0,1724785,1.0,7,,0.0,2.0,4.0,A01,138Â 208Â 371,1.0
1010457,201900051988,9,24,08:30,1,2,6,1.0,2.0,51454,ALLEE DU VIGNOBLE,M,"49,2134143","4,0147707",51,2019,50.0,1.0,1.0,4.0,2259622,1.0,1,1,2,1.0,,-1.0,0,1995.0,A01,138Â 208Â 368,1.0,0.0,-1.0,1724786,0.0,7,,0.0,2.0,1.0,A01,138Â 208Â 368,0.0
1010457,201900051988,9,24,08:30,1,2,6,1.0,2.0,51454,ALLEE DU VIGNOBLE,M,"49,2134143","4,0147707",51,2019,50.0,1.0,1.0,4.0,2259622,1.0,1,1,2,1.0,,-1.0,0,1995.0,A01,138Â 208Â 368,1.0,0.0,-1.0,1724787,0.0,2,,0.0,2.0,4.0,B01,138Â 208Â 369,0.0
1010457,201900051988,9,24,08:30,1,2,6,1.0,2.0,51454,ALLEE DU VIGNOBLE,M,"49,2134143","4,0147707",51,2019,50.0,1.0,1.0,4.0,2259623,1.0,1,4,2,1.0,,-1.0,0,1985.0,B01,138Â 208Â 369,2.0,0.0,-1.0,1724786,0.0,7,,0.0,2.0,1.0,A01,138Â 208Â 368,0.0
1010457,201900051988,9,24,08:30,1,2,6,1.0,2.0,51454,ALLEE DU VIGNOBLE,M,"49,2134143","4,0147707",51,2019,50.0,1.0,1.0,4.0,2259623,1.0,1,4,2,1.0,,-1.0,0,1985.0,B01,138Â 208Â 369,2.0,0.0,-1.0,1724787,0.0,2,,0.0,2.0,4.0,B01,138Â 208Â 369,0.0
1010458,201900051989,9,24,07:45,1,2,2,1.0,7.0,51454,BOULEVARD PASTEUR,M,"49,2496031","4,0428185",51,2019,50.0,1.0,1.0,3.0,2259624,10.0,3,3,2,2.0,,3.0,3,2000.0,A01,138Â 208Â 367,8.0,0.0,-1.0,1724788,1.0,7,,0.0,1.0,1.0,A01,138Â 208Â 367,1.0
1010458,201900051989,9,24,07:45,1,2,2,1.0,7.0,51454,BOULEVARD PASTEUR,M,"49,2496031","4,0428185",51,2019,50.0,1.0,1.0,3.0,2259625,1.0,1,1,1,1.0,,-1.0,0,1979.0,A01,138Â 208Â 367,1.0,8.0,-1.0,1724788,1.0,7,,0.0,1.0,1.0,A01,138Â 208Â 367,1.0
1010458,201900051989,9,24,07:45,1,2,2,1.0,7.0,51454,BOULEVARD PASTEUR,M,"49,2496031","4,0428185",51,2019,50.0,1.0,1.0,3.0,2259626,10.0,3,4,2,2.0,,3.0,3,2000.0,A01,138Â 208Â 367,8.0,0.0,-1.0,1724788,1.0,7,,0.0,1.0,1.0,A01,138Â 208Â 367,1.0
1010459,201900051990,9,23,15:40,1,1,1,8.0,7.0,49099,SARTHE (RUE DE LA),M,"47,0772400"," -0,8579200",49,2019,50.0,1.0,2.0,4.0,2259627,1.0,1,4,1,5.0,,-1.0, -1,1994.0,A01,138Â 208Â 366,2.0,8.0,-1.0,1724789,1.0,33,,13.0,0.0,8.0,A01,138Â 208Â 366,1.0
1010460,201900051991,9,23,07:52,3,2,1,1.0,7.0,49007,PARMENTIER,M,"47,4531077"," -0,5183262",49,2019,50.0,1.0,1.0,4.0,2259628,1.0,1,4,1,0.0,,-1.0, -1,1993.0,A01,138Â 208Â 365,2.0,8.0,-1.0,1724790,1.0,33,,0.0,0.0,0.0,A01,138Â 208Â 365,1.0
1010461,201900051992,9,23,17:06,1,2,2,1.0,6.0,49007,MARIANNE BOULEVARD,M,"47,4521600"," -0,5252800",49,2019,50.0,1.0,1.0,4.0,2259629,10.0,3,4,2,0.0,,3.0,1,1968.0,A01,138Â 208Â 364,8.0,0.0,-1.0,1724791,1.0,7,,0.0,1.0,1.0,A01,138Â 208Â 364,0.0
1010461,201900051992,9,23,17:06,1,2,2,1.0,6.0,49007,MARIANNE BOULEVARD,M,"47,4521600"," -0,5252800",49,2019,50.0,1.0,1.0,4.0,2259630,1.0,1,1,2,0.0,,-1.0, -1,1945.0,A01,138Â 208Â 364,1.0,8.0,-1.0,1724791,1.0,7,,0.0,1.0,1.0,A01,138Â 208Â 364,0.0
1010462,201900051993,9,24,09:10,1,2,1,2.0,6.0,47323,GENERAL DE GAULLE (AVENUE DU),M,"44,4162900","0,7159700",47,2019,30.0,2.0,2.0,3.0,2259631,1.0,1,1,1,0.0,,0.0, -1,1931.0,A01,138Â 208Â 363,1.0,-1.0,-1.0,1724792,2.0,7,,0.0,1.0,3.0,A01,138Â 208Â 363,1.0
1010462,201900051993,9,24,09:10,1,2,1,2.0,6.0,47323,GENERAL DE GAULLE (AVENUE DU),M,"44,4162900","0,7159700",47,2019,30.0,2.0,2.0,3.0,2259632,10.0,3,3,2,5.0,,3.0,3,1934.0,A01,138Â 208Â 363,8.0,0.0,-1.0,1724792,2.0,7,,0.0,1.0,3.0,A01,138Â 208Â 363,1.0
1010463,201900051994,9,24,10:45,1,2,1,2.0,6.0,45234,AV DES DROITS DE L'HOMME,M,"47,9119600","1,9233000",45,2019,50.0,1.0,2.0,4.0,2259633,1.0,1,1,1,5.0,,0.0,0,1939.0,A01,138Â 208Â 362,1.0,0.0,-1.0,1724793,0.0,7,,0.0,1.0,1.0,A01,138Â 208Â 362,1.0
1010463,201900051994,9,24,10:45,1,2,1,2.0,6.0,45234,AV DES DROITS DE L'HOMME,M,"47,9119600","1,9233000",45,2019,50.0,1.0,2.0,4.0,2259634,10.0,3,4,2,0.0,,4.0,3,1979.0,A01,138Â 208Â 362,8.0,0.0,-1.0,1724793,0.0,7,,0.0,1.0,1.0,A01,138Â 208Â 362,1.0
1010464,201900051995,9,24,13:45,1,2,2,1.0,3.0,44184,BOULEVARD EMILE ZOLA / RUE CHAILLON,M,"47,2992420"," -2,1918543",44,2019,50.0,1.0,1.0,4.0,2259635,1.0,1,3,1,5.0,,0.0,0,2002.0,A01,138Â 208Â 360,2.0,8.0,-1.0,1724794,1.0,2,,0.0,2.0,1.0,A01,138Â 208Â 360,1.0
1010464,201900051995,9,24,13:45,1,2,2,1.0,3.0,44184,BOULEVARD EMILE ZOLA / RUE CHAILLON,M,"47,2992420"," -2,1918543",44,2019,50.0,1.0,1.0,4.0,2259635,1.0,1,3,1,5.0,,0.0,0,2002.0,A01,138Â 208Â 360,2.0,8.0,-1.0,1724795,1.0,7,,0.0,2.0,3.0,B01,138Â 208Â 361,1.0
1010464,201900051995,9,24,13:45,1,2,2,1.0,3.0,44184,BOULEVARD EMILE ZOLA / RUE CHAILLON,M,"47,2992420"," -2,1918543",44,2019,50.0,1.0,1.0,4.0,2259636,1.0,1,1,1,1.0,,0.0,0,1982.0,B01,138Â 208Â 361,1.0,8.0,-1.0,1724794,1.0,2,,0.0,2.0,1.0,A01,138Â 208Â 360,1.0
1010464,201900051995,9,24,13:45,1,2,2,1.0,3.0,44184,BOULEVARD EMILE ZOLA / RUE CHAILLON,M,"47,2992420"," -2,1918543",44,2019,50.0,1.0,1.0,4.0,2259636,1.0,1,1,1,1.0,,0.0,0,1982.0,B01,138Â 208Â 361,1.0,8.0,-1.0,1724795,1.0,7,,0.0,2.0,3.0,B01,138Â 208Â 361,1.0
1010465,201900051996,9,24,12:00,1,2,3,2.0,3.0,41018,FRANCE (AVENUE DE)  1,M,"47,5923970","1,3132950",41,2019,50.0,1.0,2.0,4.0,2259637,1.0,1,1,2,5.0,,-1.0, -1,1996.0,B01,138Â 208Â 358,1.0,8.0,-1.0,1724796,2.0,7,,0.0,2.0,7.0,B01,138Â 208Â 358,1.0
1010465,201900051996,9,24,12:00,1,2,3,2.0,3.0,41018,FRANCE (AVENUE DE)  1,M,"47,5923970","1,3132950",41,2019,50.0,1.0,2.0,4.0,2259637,1.0,1,1,2,5.0,,-1.0, -1,1996.0,B01,138Â 208Â 358,1.0,8.0,-1.0,1724797,1.0,7,,0.0,2.0,1.0,A01,138Â 208Â 359,1.0
1010465,201900051996,9,24,12:00,1,2,3,2.0,3.0,41018,FRANCE (AVENUE DE)  1,M,"47,5923970","1,3132950",41,2019,50.0,1.0,2.0,4.0,2259638,1.0,1,4,2,5.0,,-1.0, -1,1988.0,A01,138Â 208Â 359,1.0,8.0,-1.0,1724796,2.0,7,,0.0,2.0,7.0,B01,138Â 208Â 358,1.0
1010465,201900051996,9,24,12:00,1,2,3,2.0,3.0,41018,FRANCE (AVENUE DE)  1,M,"47,5923970","1,3132950",41,2019,50.0,1.0,2.0,4.0,2259638,1.0,1,4,2,5.0,,-1.0, -1,1988.0,A01,138Â 208Â 359,1.0,8.0,-1.0,1724797,1.0,7,,0.0,2.0,1.0,A01,138Â 208Â 359,1.0
1010466,201900051997,7,27,11:58,1,2,1,1.0,6.0,36044,24 RUE BOURDILLON,M,"46,8084698","1,6962747",36,2019,50.0,1.0,1.0,4.0,2259639,1.0,1,4,2,9.0,,0.0,0,1941.0,A01,138Â 208Â 357,1.0,8.0,-1.0,1724798,2.0,7,,1.0,0.0,1.0,A01,138Â 208Â 357,1.0
1010467,201900051998,7,26,20:30,1,2,2,1.0,6.0,36044,AVENUE DE VERDUN,M,"46,8036334","1,6954605",36,2019,50.0,1.0,1.0,4.0,2259640,1.0,1,4,1,9.0,,0.0,0,1976.0,A01,138Â 208Â 356,1.0,8.0,-1.0,1724799,2.0,7,,8.0,0.0,1.0,A01,138Â 208Â 356,1.0
1010468,201900051999,7,21,10:55,1,2,1,1.0,3.0,36044,78 BIS AVENUE JOHN KENNEDY,M,"46,8007971","1,6923886",36,2019,50.0,1.0,1.0,4.0,2259641,1.0,1,1,2,9.0,,0.0,0,1935.0,A01,138Â 208Â 354,1.0,8.0,-1.0,1724800,1.0,7,,0.0,2.0,1.0,A01,138Â 208Â 354,1.0
1010468,201900051999,7,21,10:55,1,2,1,1.0,3.0,36044,78 BIS AVENUE JOHN KENNEDY,M,"46,8007971","1,6923886",36,2019,50.0,1.0,1.0,4.0,2259641,1.0,1,1,2,9.0,,0.0,0,1935.0,A01,138Â 208Â 354,1.0,8.0,-1.0,1724801,1.0,7,,0.0,2.0,8.0,B01,138Â 208Â 355,1.0
1010468,201900051999,7,21,10:55,1,2,1,1.0,3.0,36044,78 BIS AVENUE JOHN KENNEDY,M,"46,8007971","1,6923886",36,2019,50.0,1.0,1.0,4.0,2259642,1.0,1,4,1,9.0,,0.0,0,1972.0,B01,138Â 208Â 355,1.0,8.0,-1.0,1724800,1.0,7,,0.0,2.0,1.0,A01,138Â 208Â 354,1.0
1010468,201900051999,7,21,10:55,1,2,1,1.0,3.0,36044,78 BIS AVENUE JOHN KENNEDY,M,"46,8007971","1,6923886",36,2019,50.0,1.0,1.0,4.0,2259642,1.0,1,4,1,9.0,,0.0,0,1972.0,B01,138Â 208Â 355,1.0,8.0,-1.0,1724801,1.0,7,,0.0,2.0,8.0,B01,138Â 208Â 355,1.0
1010469,201900052000,7,20,23:07,5,2,2,1.0,3.0,36044,BOULEVARD DE BRYAS/BOULEVARD DE CLUIS,M,"46,8088000","1,7048000",36,2019,50.0,1.0,1.0,4.0,2259643,2.0,2,1,2,9.0,,0.0,0,1994.0,A01,138Â 208Â 352,1.0,8.0,-1.0,1724802,2.0,7,,0.0,2.0,2.0,A01,138Â 208Â 352,1.0
1010469,201900052000,7,20,23:07,5,2,2,1.0,3.0,36044,BOULEVARD DE BRYAS/BOULEVARD DE CLUIS,M,"46,8088000","1,7048000",36,2019,50.0,1.0,1.0,4.0,2259643,2.0,2,1,2,9.0,,0.0,0,1994.0,A01,138Â 208Â 352,1.0,8.0,-1.0,1724803,2.0,33,,0.0,2.0,1.0,B01,138Â 208Â 353,1.0
1010469,201900052000,7,20,23:07,5,2,2,1.0,3.0,36044,BOULEVARD DE BRYAS/BOULEVARD DE CLUIS,M,"46,8088000","1,7048000",36,2019,50.0,1.0,1.0,4.0,2259644,1.0,1,1,1,9.0,,0.0,0,1997.0,A01,138Â 208Â 352,1.0,8.0,-1.0,1724802,2.0,7,,0.0,2.0,2.0,A01,138Â 208Â 352,1.0
1010469,201900052000,7,20,23:07,5,2,2,1.0,3.0,36044,BOULEVARD DE BRYAS/BOULEVARD DE CLUIS,M,"46,8088000","1,7048000",36,2019,50.0,1.0,1.0,4.0,2259644,1.0,1,1,1,9.0,,0.0,0,1997.0,A01,138Â 208Â 352,1.0,8.0,-1.0,1724803,2.0,33,,0.0,2.0,1.0,B01,138Â 208Â 353,1.0
1010469,201900052000,7,20,23:07,5,2,2,1.0,3.0,36044,BOULEVARD DE BRYAS/BOULEVARD DE CLUIS,M,"46,8088000","1,7048000",36,2019,50.0,1.0,1.0,4.0,2259645,2.0,2,4,1,9.0,,0.0,0,1957.0,B01,138Â 208Â 353,2.0,8.0,-1.0,1724802,2.0,7,,0.0,2.0,2.0,A01,138Â 208Â 352,1.0
1010469,201900052000,7,20,23:07,5,2,2,1.0,3.0,36044,BOULEVARD DE BRYAS/BOULEVARD DE CLUIS,M,"46,8088000","1,7048000",36,2019,50.0,1.0,1.0,4.0,2259645,2.0,2,4,1,9.0,,0.0,0,1957.0,B01,138Â 208Â 353,2.0,8.0,-1.0,1724803,2.0,33,,0.0,2.0,1.0,B01,138Â 208Â 353,1.0
1010469,201900052000,7,20,23:07,5,2,2,1.0,3.0,36044,BOULEVARD DE BRYAS/BOULEVARD DE CLUIS,M,"46,8088000","1,7048000",36,2019,50.0,1.0,1.0,4.0,2259646,1.0,1,3,1,9.0,,0.0,0,1991.0,B01,138Â 208Â 353,2.0,0.0,-1.0,1724802,2.0,7,,0.0,2.0,2.0,A01,138Â 208Â 352,1.0
1010469,201900052000,7,20,23:07,5,2,2,1.0,3.0,36044,BOULEVARD DE BRYAS/BOULEVARD DE CLUIS,M,"46,8088000","1,7048000",36,2019,50.0,1.0,1.0,4.0,2259646,1.0,1,3,1,9.0,,0.0,0,1991.0,B01,138Â 208Â 353,2.0,0.0,-1.0,1724803,2.0,33,,0.0,2.0,1.0,B01,138Â 208Â 353,1.0
1010470,201900052001,9,24,11:25,1,2,3,2.0,3.0,35238,STRASBOURG (BOULEVARD DE),M,"48,1117000"," -1,6560700",35,2019,50.0,1.0,2.0,4.0,2259647,1.0,1,4,1,4.0,,-1.0,0,1965.0,A01,138Â 208Â 349,1.0,0.0,-1.0,1724804,3.0,7,,0.0,2.0,3.0,A01,138Â 208Â 349,0.0
1010470,201900052001,9,24,11:25,1,2,3,2.0,3.0,35238,STRASBOURG (BOULEVARD DE),M,"48,1117000"," -1,6560700",35,2019,50.0,1.0,2.0,4.0,2259647,1.0,1,4,1,4.0,,-1.0,0,1965.0,A01,138Â 208Â 349,1.0,0.0,-1.0,1724805,0.0,7,,0.0,2.0,2.0,B01,138Â 208Â 350,1.0
1010470,201900052001,9,24,11:25,1,2,3,2.0,3.0,35238,STRASBOURG (BOULEVARD DE),M,"48,1117000"," -1,6560700",35,2019,50.0,1.0,2.0,4.0,2259648,1.0,1,4,2,0.0,,-1.0,0,1937.0,B01,138Â 208Â 350,1.0,0.0,-1.0,1724804,3.0,7,,0.0,2.0,3.0,A01,138Â 208Â 349,0.0
1010470,201900052001,9,24,11:25,1,2,3,2.0,3.0,35238,STRASBOURG (BOULEVARD DE),M,"48,1117000"," -1,6560700",35,2019,50.0,1.0,2.0,4.0,2259648,1.0,1,4,2,0.0,,-1.0,0,1937.0,B01,138Â 208Â 350,1.0,0.0,-1.0,1724805,0.0,7,,0.0,2.0,2.0,B01,138Â 208Â 350,1.0
1010471,201900052002,9,23,13:20,1,2,5,2.0,3.0,35238,NANTES (DE),M,"48,1000100"," -1,6866900",35,2019,50.0,1.0,2.0,4.0,2259649,2.0,1,4,1,9.0,,-1.0,0,2001.0,A01,138Â 208Â 347,2.0,6.0,-1.0,1724806,3.0,32,,0.0,2.0,2.0,A01,138Â 208Â 347,1.0
1010471,201900052002,9,23,13:20,1,2,5,2.0,3.0,35238,NANTES (DE),M,"48,1000100"," -1,6866900",35,2019,50.0,1.0,2.0,4.0,2259649,2.0,1,4,1,9.0,,-1.0,0,2001.0,A01,138Â 208Â 347,2.0,6.0,-1.0,1724807,3.0,7,,0.0,2.0,1.0,B01,138Â 208Â 348,1.0
1010471,201900052002,9,23,13:20,1,2,5,2.0,3.0,35238,NANTES (DE),M,"48,1000100"," -1,6866900",35,2019,50.0,1.0,2.0,4.0,2259650,1.0,1,1,2,2.0,,-1.0, -1,1969.0,B01,138Â 208Â 348,1.0,0.0,-1.0,1724806,3.0,32,,0.0,2.0,2.0,A01,138Â 208Â 347,1.0
1010471,201900052002,9,23,13:20,1,2,5,2.0,3.0,35238,NANTES (DE),M,"48,1000100"," -1,6866900",35,2019,50.0,1.0,2.0,4.0,2259650,1.0,1,1,2,2.0,,-1.0, -1,1969.0,B01,138Â 208Â 348,1.0,0.0,-1.0,1724807,3.0,7,,0.0,2.0,1.0,B01,138Â 208Â 348,1.0
1010471,201900052002,9,23,13:20,1,2,5,2.0,3.0,35238,NANTES (DE),M,"48,1000100"," -1,6866900",35,2019,50.0,1.0,2.0,4.0,2259651,2.0,2,4,2,0.0,,-1.0,0,2009.0,B01,138Â 208Â 348,1.0,0.0,-1.0,1724806,3.0,32,,0.0,2.0,2.0,A01,138Â 208Â 347,1.0
1010471,201900052002,9,23,13:20,1,2,5,2.0,3.0,35238,NANTES (DE),M,"48,1000100"," -1,6866900",35,2019,50.0,1.0,2.0,4.0,2259651,2.0,2,4,2,0.0,,-1.0,0,2009.0,B01,138Â 208Â 348,1.0,0.0,-1.0,1724807,3.0,7,,0.0,2.0,1.0,B01,138Â 208Â 348,1.0
1010472,201900052003,9,24,15:20,1,2,1,1.0,2.0,34172,DUBOUT (AVENUE ALBERT),M,"43,5979600","3,8880500",34,2019,50.0,1.0,1.0,4.0,2259652,1.0,1,4,1,0.0,,0.0,0,1969.0,B01,138Â 208Â 345,2.0,8.0,-1.0,1724808,1.0,32,,0.0,2.0,4.0,B01,138Â 208Â 345,0.0
1010472,201900052003,9,24,15:20,1,2,1,1.0,2.0,34172,DUBOUT (AVENUE ALBERT),M,"43,5979600","3,8880500",34,2019,50.0,1.0,1.0,4.0,2259652,1.0,1,4,1,0.0,,0.0,0,1969.0,B01,138Â 208Â 345,2.0,8.0,-1.0,1724809,1.0,7,,0.0,2.0,1.0,A01,138Â 208Â 346,0.0
1010472,201900052003,9,24,15:20,1,2,1,1.0,2.0,34172,DUBOUT (AVENUE ALBERT),M,"43,5979600","3,8880500",34,2019,50.0,1.0,1.0,4.0,2259653,1.0,1,1,1,0.0,,0.0,0,1983.0,A01,138Â 208Â 346,1.0,8.0,-1.0,1724808,1.0,32,,0.0,2.0,4.0,B01,138Â 208Â 345,0.0
1010472,201900052003,9,24,15:20,1,2,1,1.0,2.0,34172,DUBOUT (AVENUE ALBERT),M,"43,5979600","3,8880500",34,2019,50.0,1.0,1.0,4.0,2259653,1.0,1,1,1,0.0,,0.0,0,1983.0,A01,138Â 208Â 346,1.0,8.0,-1.0,1724809,1.0,7,,0.0,2.0,1.0,A01,138Â 208Â 346,0.0
1010473,201900052004,9,25,00:25,5,2,2,1.0,1.0,33063,Crs d'Albret / Crs du MarÃ©chal Juin,M,"44,8364400"," -0,5810700",33,2019,50.0,1.0,1.0,4.0,2259654,1.0,1,4,2,0.0,,-1.0, -1,2000.0,A01,138Â 208Â 343,8.0,0.0,-1.0,1724810,2.0,7,,0.0,2.0,1.0,A01,138Â 208Â 343,1.0
1010473,201900052004,9,25,00:25,5,2,2,1.0,1.0,33063,Crs d'Albret / Crs du MarÃ©chal Juin,M,"44,8364400"," -0,5810700",33,2019,50.0,1.0,1.0,4.0,2259654,1.0,1,4,2,0.0,,-1.0, -1,2000.0,A01,138Â 208Â 343,8.0,0.0,-1.0,1724811,1.0,7,,0.0,2.0,3.0,B01,138Â 208Â 344,1.0
1010473,201900052004,9,25,00:25,5,2,2,1.0,1.0,33063,Crs d'Albret / Crs du MarÃ©chal Juin,M,"44,8364400"," -0,5810700",33,2019,50.0,1.0,1.0,4.0,2259655,1.0,1,1,1,0.0,,-1.0, -1,1987.0,B01,138Â 208Â 344,8.0,0.0,-1.0,1724810,2.0,7,,0.0,2.0,1.0,A01,138Â 208Â 343,1.0
1010473,201900052004,9,25,00:25,5,2,2,1.0,1.0,33063,Crs d'Albret / Crs du MarÃ©chal Juin,M,"44,8364400"," -0,5810700",33,2019,50.0,1.0,1.0,4.0,2259655,1.0,1,1,1,0.0,,-1.0, -1,1987.0,B01,138Â 208Â 344,8.0,0.0,-1.0,1724811,1.0,7,,0.0,2.0,3.0,B01,138Â 208Â 344,1.0
1010474,201900052005,9,24,00:25,5,2,4,1.0,6.0,33063,PCE MARTYRS DE LA RESISTANCE,M,"44,8418800"," -0,5843100",33,2019,50.0,1.0,1.0,4.0,2259656,1.0,1,1,1,0.0,,-1.0, -1,1988.0,A01,138Â 208Â 342,8.0,0.0,-1.0,1724812,0.0,2,,0.0,1.0,1.0,A01,138Â 208Â 342,1.0
1010474,201900052005,9,24,00:25,5,2,4,1.0,6.0,33063,PCE MARTYRS DE LA RESISTANCE,M,"44,8418800"," -0,5843100",33,2019,50.0,1.0,1.0,4.0,2259657,10.0,3,4,2,0.0,,2.0,3,2001.0,A01,138Â 208Â 342,8.0,0.0,-1.0,1724812,0.0,2,,0.0,1.0,1.0,A01,138Â 208Â 342,1.0
1010475,201900052006,9,24,08:00,1,2,2,2.0,6.0,33318,CHATEAUBRIAND (RUE ),M,"44,8050500"," -0,6258900",33,2019,30.0,1.0,2.0,4.0,2259658,10.0,3,4,2,0.0,,4.0,3,1997.0,A01,138Â 208Â 341,8.0,0.0,-1.0,1724813,0.0,7,,0.0,1.0,1.0,A01,138Â 208Â 341,1.0
1010475,201900052006,9,24,08:00,1,2,2,2.0,6.0,33318,CHATEAUBRIAND (RUE ),M,"44,8050500"," -0,6258900",33,2019,30.0,1.0,2.0,4.0,2259659,1.0,1,1,2,0.0,,-1.0, -1,1975.0,A01,138Â 208Â 341,8.0,0.0,-1.0,1724813,0.0,7,,0.0,1.0,1.0,A01,138Â 208Â 341,1.0
1010476,201900052007,9,23,23:30,5,2,3,1.0,2.0,33063,Bd Georges Pompidou / R. du Commandant Marchand,M,"44,8333820"," -0,6003550",33,2019,50.0,1.0,1.0,4.0,2259660,1.0,1,3,1,5.0,,-1.0, -1,1998.0,B01,138Â 208Â 339,8.0,0.0,-1.0,1724814,0.0,1,,0.0,0.0,6.0,B01,138Â 208Â 339,5.0
1010476,201900052007,9,23,23:30,5,2,3,1.0,2.0,33063,Bd Georges Pompidou / R. du Commandant Marchand,M,"44,8333820"," -0,6003550",33,2019,50.0,1.0,1.0,4.0,2259660,1.0,1,3,1,5.0,,-1.0, -1,1998.0,B01,138Â 208Â 339,8.0,0.0,-1.0,1724815,0.0,7,,0.0,2.0,1.0,A01,138Â 208Â 340,1.0
1010476,201900052007,9,23,23:30,5,2,3,1.0,2.0,33063,Bd Georges Pompidou / R. du Commandant Marchand,M,"44,8333820"," -0,6003550",33,2019,50.0,1.0,1.0,4.0,2259661,1.0,1,1,1,5.0,,-1.0, -1,1999.0,A01,138Â 208Â 340,1.0,0.0,-1.0,1724814,0.0,1,,0.0,0.0,6.0,B01,138Â 208Â 339,5.0
1010476,201900052007,9,23,23:30,5,2,3,1.0,2.0,33063,Bd Georges Pompidou / R. du Commandant Marchand,M,"44,8333820"," -0,6003550",33,2019,50.0,1.0,1.0,4.0,2259661,1.0,1,1,1,5.0,,-1.0, -1,1999.0,A01,138Â 208Â 340,1.0,0.0,-1.0,1724815,0.0,7,,0.0,2.0,1.0,A01,138Â 208Â 340,1.0
1010477,201900052008,9,23,17:25,1,2,3,1.0,3.0,33063,Q. Deschamps / R. Letellier,M,"44,8377500"," -0,5574100",33,2019,50.0,1.0,1.0,4.0,2259662,1.0,1,3,1,0.0,,-1.0,0,2003.0,A01,138Â 208Â 337,8.0,0.0,-1.0,1724816,1.0,30,,0.0,2.0,1.0,A01,138Â 208Â 337,1.0