Unnamed: 0_x,num_acc,mois,jour,hrmn,lum,agg,int,atm,col,com,adr,gps,lat,long,dep,annee,vma,situ,surf,catr,Unnamed: 0_y,place,catu,grav,sexe,trajet,secu,locp,actp,an_nais,num_veh_x,id_vehicule_x,secu1,secu2,secu3,Unnamed: 0,senc,catv,occutc,obs,obsm,choc,num_veh_y,id_vehicule_y,motor
1010477,201900052008,9,23,17:25,1,2,3,1.0,3.0,33063,Q. Deschamps / R. Letellier,M,"44,8377500"," -0,5574100",33,2019,50.0,1.0,1.0,4.0,2259662,1.0,1,3,1,0.0,,-1.0,0,2003.0,A01,138Â 208Â 337,8.0,0.0,-1.0,1724817,1.0,99,,0.0,2.0,2.0,B01,138Â 208Â 338,1.0
1010477,201900052008,9,23,17:25,1,2,3,1.0,3.0,33063,Q. Deschamps / R. Letellier,M,"44,8377500"," -0,5574100",33,2019,50.0,1.0,1.0,4.0,2259663,1.0,1,1,1,0.0,,-1.0, -1,1983.0,B01,138Â 208Â 338,1.0,0.0,-1.0,1724816,1.0,30,,0.0,2.0,1.0,A01,138Â 208Â 337,1.0
1010477,201900052008,9,23,17:25,1,2,3,1.0,3.0,33063,Q. Deschamps / R. Letellier,M,"44,8377500"," -0,5574100",33,2019,50.0,1.0,1.0,4.0,2259663,1.0,1,1,1,0.0,,-1.0, -1,1983.0,B01,138Â 208Â 338,1.0,0.0,-1.0,1724817,1.0,99,,0.0,2.0,2.0,B01,138Â 208Â 338,1.0
1010478,201900052009,9,23,08:35,1,2,2,1.0,3.0,33192,RUE DE CANTARANNE,M,"44,7818400"," -0,6234100",33,2019,50.0,1.0,1.0,4.0,2259664,1.0,1,1,1,0.0,,-1.0, -1,1956.0,A01,138Â 208Â 335,8.0,0.0,-1.0,1724818,2.0,13,,0.0,2.0,3.0,A01,138Â 208Â 335,1.0
1010478,201900052009,9,23,08:35,1,2,2,1.0,3.0,33192,RUE DE CANTARANNE,M,"44,7818400"," -0,6234100",33,2019,50.0,1.0,1.0,4.0,2259664,1.0,1,1,1,0.0,,-1.0, -1,1956.0,A01,138Â 208Â 335,8.0,0.0,-1.0,1724819,2.0,33,,0.0,2.0,8.0,B01,138Â 208Â 336,1.0
1010478,201900052009,9,23,08:35,1,2,2,1.0,3.0,33192,RUE DE CANTARANNE,M,"44,7818400"," -0,6234100",33,2019,50.0,1.0,1.0,4.0,2259665,1.0,1,3,1,0.0,,-1.0, -1,1959.0,B01,138Â 208Â 336,2.0,0.0,-1.0,1724818,2.0,13,,0.0,2.0,3.0,A01,138Â 208Â 335,1.0
1010478,201900052009,9,23,08:35,1,2,2,1.0,3.0,33192,RUE DE CANTARANNE,M,"44,7818400"," -0,6234100",33,2019,50.0,1.0,1.0,4.0,2259665,1.0,1,3,1,0.0,,-1.0, -1,1959.0,B01,138Â 208Â 336,2.0,0.0,-1.0,1724819,2.0,33,,0.0,2.0,8.0,B01,138Â 208Â 336,1.0
1010479,201900052010,9,24,09:15,1,2,1,1.0,6.0,31069,GRENADE (ROUTE DE),M,"43,6499200","1,3817400",31,2019,50.0,1.0,1.0,3.0,2259666,10.0,3,3,2,9.0,,3.0,3,1932.0,A01,138Â 208Â 334,8.0,0.0,-1.0,1724820,0.0,7,,0.0,1.0,1.0,A01,138Â 208Â 334,1.0
1010479,201900052010,9,24,09:15,1,2,1,1.0,6.0,31069,GRENADE (ROUTE DE),M,"43,6499200","1,3817400",31,2019,50.0,1.0,1.0,3.0,2259667,1.0,1,1,2,9.0,,-1.0,0,1950.0,A01,138Â 208Â 334,1.0,0.0,-1.0,1724820,0.0,7,,0.0,1.0,1.0,A01,138Â 208Â 334,1.0
1010480,201900052011,9,23,18:10,1,2,4,1.0,3.0,31149,SELERY (BOULEVARD DE),M,"43,6191100","1,3203600",31,2019,50.0,1.0,1.0,4.0,2259668,1.0,1,3,1,1.0,,-1.0,0,1983.0,B01,138Â 208Â 332,2.0,8.0,-1.0,1724821,1.0,32,,0.0,2.0,1.0,B01,138Â 208Â 332,1.0
1010480,201900052011,9,23,18:10,1,2,4,1.0,3.0,31149,SELERY (BOULEVARD DE),M,"43,6191100","1,3203600",31,2019,50.0,1.0,1.0,4.0,2259668,1.0,1,3,1,1.0,,-1.0,0,1983.0,B01,138Â 208Â 332,2.0,8.0,-1.0,1724822,2.0,7,,0.0,2.0,7.0,A01,138Â 208Â 333,1.0
1010480,201900052011,9,23,18:10,1,2,4,1.0,3.0,31149,SELERY (BOULEVARD DE),M,"43,6191100","1,3203600",31,2019,50.0,1.0,1.0,4.0,2259669,1.0,1,1,2,9.0,,-1.0,0,1973.0,A01,138Â 208Â 333,1.0,8.0,-1.0,1724821,1.0,32,,0.0,2.0,1.0,B01,138Â 208Â 332,1.0
1010480,201900052011,9,23,18:10,1,2,4,1.0,3.0,31149,SELERY (BOULEVARD DE),M,"43,6191100","1,3203600",31,2019,50.0,1.0,1.0,4.0,2259669,1.0,1,1,2,9.0,,-1.0,0,1973.0,A01,138Â 208Â 333,1.0,8.0,-1.0,1724822,2.0,7,,0.0,2.0,7.0,A01,138Â 208Â 333,1.0
1010481,201900052012,9,23,23:00,4,2,2,1.0,3.0,31555,AGDE (RTE D) DU 1AU 67,M,"43,6281300","1,4794000",31,2019,50.0,1.0,1.0,3.0,2259670,1.0,1,4,1,9.0,,-1.0,0,1999.0,A01,138Â 208Â 330,2.0,6.0,-1.0,1724823,2.0,33,,0.0,2.0,1.0,A01,138Â 208Â 330,1.0
1010481,201900052012,9,23,23:00,4,2,2,1.0,3.0,31555,AGDE (RTE D) DU 1AU 67,M,"43,6281300","1,4794000",31,2019,50.0,1.0,1.0,3.0,2259670,1.0,1,4,1,9.0,,-1.0,0,1999.0,A01,138Â 208Â 330,2.0,6.0,-1.0,1724824,3.0,7,,0.0,2.0,7.0,B01,138Â 208Â 331,1.0
1010481,201900052012,9,23,23:00,4,2,2,1.0,3.0,31555,AGDE (RTE D) DU 1AU 67,M,"43,6281300","1,4794000",31,2019,50.0,1.0,1.0,3.0,2259671,1.0,1,1,2,9.0,,-1.0,0,1984.0,B01,138Â 208Â 331,1.0,8.0,-1.0,1724823,2.0,33,,0.0,2.0,1.0,A01,138Â 208Â 330,1.0
1010481,201900052012,9,23,23:00,4,2,2,1.0,3.0,31555,AGDE (RTE D) DU 1AU 67,M,"43,6281300","1,4794000",31,2019,50.0,1.0,1.0,3.0,2259671,1.0,1,1,2,9.0,,-1.0,0,1984.0,B01,138Â 208Â 331,1.0,8.0,-1.0,1724824,3.0,7,,0.0,2.0,7.0,B01,138Â 208Â 331,1.0
1010482,201900052013,9,24,08:25,1,2,1,1.0,6.0,30189,ALLENDE SALVADOR (RUE),M,"43,8225500","4,3660000",30,2019,50.0,1.0,1.0,4.0,2259672,1.0,1,1,1,4.0,,-1.0, -1,1971.0,C01,138Â 208Â 327,1.0,0.0,-1.0,1724825,1.0,7,,0.0,2.0,3.0,C01,138Â 208Â 327,1.0
1010482,201900052013,9,24,08:25,1,2,1,1.0,6.0,30189,ALLENDE SALVADOR (RUE),M,"43,8225500","4,3660000",30,2019,50.0,1.0,1.0,4.0,2259672,1.0,1,1,1,4.0,,-1.0, -1,1971.0,C01,138Â 208Â 327,1.0,0.0,-1.0,1724826,1.0,7,,0.0,2.0,4.0,B01,138Â 208Â 328,1.0
1010482,201900052013,9,24,08:25,1,2,1,1.0,6.0,30189,ALLENDE SALVADOR (RUE),M,"43,8225500","4,3660000",30,2019,50.0,1.0,1.0,4.0,2259672,1.0,1,1,1,4.0,,-1.0, -1,1971.0,C01,138Â 208Â 327,1.0,0.0,-1.0,1724827,1.0,33,,0.0,2.0,1.0,A01,138Â 208Â 329,1.0
1010482,201900052013,9,24,08:25,1,2,1,1.0,6.0,30189,ALLENDE SALVADOR (RUE),M,"43,8225500","4,3660000",30,2019,50.0,1.0,1.0,4.0,2259673,1.0,1,1,1,9.0,,-1.0, -1,1966.0,B01,138Â 208Â 328,1.0,0.0,-1.0,1724825,1.0,7,,0.0,2.0,3.0,C01,138Â 208Â 327,1.0
1010482,201900052013,9,24,08:25,1,2,1,1.0,6.0,30189,ALLENDE SALVADOR (RUE),M,"43,8225500","4,3660000",30,2019,50.0,1.0,1.0,4.0,2259673,1.0,1,1,1,9.0,,-1.0, -1,1966.0,B01,138Â 208Â 328,1.0,0.0,-1.0,1724826,1.0,7,,0.0,2.0,4.0,B01,138Â 208Â 328,1.0
1010482,201900052013,9,24,08:25,1,2,1,1.0,6.0,30189,ALLENDE SALVADOR (RUE),M,"43,8225500","4,3660000",30,2019,50.0,1.0,1.0,4.0,2259673,1.0,1,1,1,9.0,,-1.0, -1,1966.0,B01,138Â 208Â 328,1.0,0.0,-1.0,1724827,1.0,33,,0.0,2.0,1.0,A01,138Â 208Â 329,1.0
1010482,201900052013,9,24,08:25,1,2,1,1.0,6.0,30189,ALLENDE SALVADOR (RUE),M,"43,8225500","4,3660000",30,2019,50.0,1.0,1.0,4.0,2259674,1.0,1,3,1,1.0,,-1.0, -1,1986.0,A01,138Â 208Â 329,2.0,0.0,-1.0,1724825,1.0,7,,0.0,2.0,3.0,C01,138Â 208Â 327,1.0
1010482,201900052013,9,24,08:25,1,2,1,1.0,6.0,30189,ALLENDE SALVADOR (RUE),M,"43,8225500","4,3660000",30,2019,50.0,1.0,1.0,4.0,2259674,1.0,1,3,1,1.0,,-1.0, -1,1986.0,A01,138Â 208Â 329,2.0,0.0,-1.0,1724826,1.0,7,,0.0,2.0,4.0,B01,138Â 208Â 328,1.0
1010482,201900052013,9,24,08:25,1,2,1,1.0,6.0,30189,ALLENDE SALVADOR (RUE),M,"43,8225500","4,3660000",30,2019,50.0,1.0,1.0,4.0,2259674,1.0,1,3,1,1.0,,-1.0, -1,1986.0,A01,138Â 208Â 329,2.0,0.0,-1.0,1724827,1.0,33,,0.0,2.0,1.0,A01,138Â 208Â 329,1.0
1010483,201900052014,9,24,10:45,1,2,1,2.0,2.0,27681,HUGO (AVENUE VICTOR),M,"49,0930000","1,4820000",27,2019,50.0,3.0,2.0,4.0,2259675,2.0,2,4,2,5.0,,0.0,0,2002.0,A01,138Â 208Â 325,1.0,0.0,-1.0,1724828,2.0,7,,0.0,2.0,7.0,A01,138Â 208Â 325,1.0
1010483,201900052014,9,24,10:45,1,2,1,2.0,2.0,27681,HUGO (AVENUE VICTOR),M,"49,0930000","1,4820000",27,2019,50.0,3.0,2.0,4.0,2259675,2.0,2,4,2,5.0,,0.0,0,2002.0,A01,138Â 208Â 325,1.0,0.0,-1.0,1724829,3.0,7,,0.0,2.0,4.0,B01,138Â 208Â 326,1.0
1010483,201900052014,9,24,10:45,1,2,1,2.0,2.0,27681,HUGO (AVENUE VICTOR),M,"49,0930000","1,4820000",27,2019,50.0,3.0,2.0,4.0,2259676,3.0,2,1,2,5.0,,0.0,0,2001.0,A01,138Â 208Â 325,1.0,0.0,-1.0,1724828,2.0,7,,0.0,2.0,7.0,A01,138Â 208Â 325,1.0
1010483,201900052014,9,24,10:45,1,2,1,2.0,2.0,27681,HUGO (AVENUE VICTOR),M,"49,0930000","1,4820000",27,2019,50.0,3.0,2.0,4.0,2259676,3.0,2,1,2,5.0,,0.0,0,2001.0,A01,138Â 208Â 325,1.0,0.0,-1.0,1724829,3.0,7,,0.0,2.0,4.0,B01,138Â 208Â 326,1.0
1010483,201900052014,9,24,10:45,1,2,1,2.0,2.0,27681,HUGO (AVENUE VICTOR),M,"49,0930000","1,4820000",27,2019,50.0,3.0,2.0,4.0,2259677,1.0,1,1,1,5.0,,0.0,0,2001.0,A01,138Â 208Â 325,1.0,0.0,-1.0,1724828,2.0,7,,0.0,2.0,7.0,A01,138Â 208Â 325,1.0
1010483,201900052014,9,24,10:45,1,2,1,2.0,2.0,27681,HUGO (AVENUE VICTOR),M,"49,0930000","1,4820000",27,2019,50.0,3.0,2.0,4.0,2259677,1.0,1,1,1,5.0,,0.0,0,2001.0,A01,138Â 208Â 325,1.0,0.0,-1.0,1724829,3.0,7,,0.0,2.0,4.0,B01,138Â 208Â 326,1.0
1010483,201900052014,9,24,10:45,1,2,1,2.0,2.0,27681,HUGO (AVENUE VICTOR),M,"49,0930000","1,4820000",27,2019,50.0,3.0,2.0,4.0,2259678,4.0,2,1,1,5.0,,0.0,0,2002.0,A01,138Â 208Â 325,1.0,0.0,-1.0,1724828,2.0,7,,0.0,2.0,7.0,A01,138Â 208Â 325,1.0
1010483,201900052014,9,24,10:45,1,2,1,2.0,2.0,27681,HUGO (AVENUE VICTOR),M,"49,0930000","1,4820000",27,2019,50.0,3.0,2.0,4.0,2259678,4.0,2,1,1,5.0,,0.0,0,2002.0,A01,138Â 208Â 325,1.0,0.0,-1.0,1724829,3.0,7,,0.0,2.0,4.0,B01,138Â 208Â 326,1.0
1010483,201900052014,9,24,10:45,1,2,1,2.0,2.0,27681,HUGO (AVENUE VICTOR),M,"49,0930000","1,4820000",27,2019,50.0,3.0,2.0,4.0,2259679,2.0,2,4,2,5.0,,0.0,0,1975.0,B01,138Â 208Â 326,1.0,0.0,-1.0,1724828,2.0,7,,0.0,2.0,7.0,A01,138Â 208Â 325,1.0
1010483,201900052014,9,24,10:45,1,2,1,2.0,2.0,27681,HUGO (AVENUE VICTOR),M,"49,0930000","1,4820000",27,2019,50.0,3.0,2.0,4.0,2259679,2.0,2,4,2,5.0,,0.0,0,1975.0,B01,138Â 208Â 326,1.0,0.0,-1.0,1724829,3.0,7,,0.0,2.0,4.0,B01,138Â 208Â 326,1.0
1010483,201900052014,9,24,10:45,1,2,1,2.0,2.0,27681,HUGO (AVENUE VICTOR),M,"49,0930000","1,4820000",27,2019,50.0,3.0,2.0,4.0,2259680,1.0,1,4,1,5.0,,0.0,0,1937.0,B01,138Â 208Â 326,1.0,0.0,-1.0,1724828,2.0,7,,0.0,2.0,7.0,A01,138Â 208Â 325,1.0
1010483,201900052014,9,24,10:45,1,2,1,2.0,2.0,27681,HUGO (AVENUE VICTOR),M,"49,0930000","1,4820000",27,2019,50.0,3.0,2.0,4.0,2259680,1.0,1,4,1,5.0,,0.0,0,1937.0,B01,138Â 208Â 326,1.0,0.0,-1.0,1724829,3.0,7,,0.0,2.0,4.0,B01,138Â 208Â 326,1.0
1010484,201900052015,9,22,20:50,5,2,1,3.0,1.0,26281,VOLTAIRE (BOULVEVARD),M,"45,0433600","5,0583400",26,2019,50.0,1.0,2.0,4.0,2259681,1.0,1,4,1,0.0,,-1.0, -1,1971.0,B01,138Â 208Â 323,1.0,8.0,-1.0,1724830,3.0,7,,1.0,2.0,3.0,B01,138Â 208Â 323,1.0
1010484,201900052015,9,22,20:50,5,2,1,3.0,1.0,26281,VOLTAIRE (BOULVEVARD),M,"45,0433600","5,0583400",26,2019,50.0,1.0,2.0,4.0,2259681,1.0,1,4,1,0.0,,-1.0, -1,1971.0,B01,138Â 208Â 323,1.0,8.0,-1.0,1724831,3.0,7,,0.0,2.0,3.0,A01,138Â 208Â 324,1.0
1010484,201900052015,9,22,20:50,5,2,1,3.0,1.0,26281,VOLTAIRE (BOULVEVARD),M,"45,0433600","5,0583400",26,2019,50.0,1.0,2.0,4.0,2259682,1.0,1,1,1,0.0,,-1.0, -1,1988.0,A01,138Â 208Â 324,1.0,8.0,-1.0,1724830,3.0,7,,1.0,2.0,3.0,B01,138Â 208Â 323,1.0
1010484,201900052015,9,22,20:50,5,2,1,3.0,1.0,26281,VOLTAIRE (BOULVEVARD),M,"45,0433600","5,0583400",26,2019,50.0,1.0,2.0,4.0,2259682,1.0,1,1,1,0.0,,-1.0, -1,1988.0,A01,138Â 208Â 324,1.0,8.0,-1.0,1724831,3.0,7,,0.0,2.0,3.0,A01,138Â 208Â 324,1.0
1010485,201900052016,9,23,09:45,1,2,9,1.0,3.0,25056,EDISON RUE THOMAS,M,"47,2326800","5,9733600",25,2019,50.0,1.0,1.0,4.0,2259683,1.0,1,4,1,0.0,,-1.0,0,1990.0,A01,138Â 208Â 321,2.0,0.0,-1.0,1724832,3.0,1,,0.0,2.0,8.0,A01,138Â 208Â 321,5.0
1010485,201900052016,9,23,09:45,1,2,9,1.0,3.0,25056,EDISON RUE THOMAS,M,"47,2326800","5,9733600",25,2019,50.0,1.0,1.0,4.0,2259683,1.0,1,4,1,0.0,,-1.0,0,1990.0,A01,138Â 208Â 321,2.0,0.0,-1.0,1724833,3.0,10,,0.0,6.0,1.0,B01,138Â 208Â 322,1.0
1010485,201900052016,9,23,09:45,1,2,9,1.0,3.0,25056,EDISON RUE THOMAS,M,"47,2326800","5,9733600",25,2019,50.0,1.0,1.0,4.0,2259684,1.0,1,1,1,4.0,,-1.0,0,1955.0,B01,138Â 208Â 322,1.0,0.0,-1.0,1724832,3.0,1,,0.0,2.0,8.0,A01,138Â 208Â 321,5.0
1010485,201900052016,9,23,09:45,1,2,9,1.0,3.0,25056,EDISON RUE THOMAS,M,"47,2326800","5,9733600",25,2019,50.0,1.0,1.0,4.0,2259684,1.0,1,1,1,4.0,,-1.0,0,1955.0,B01,138Â 208Â 322,1.0,0.0,-1.0,1724833,3.0,10,,0.0,6.0,1.0,B01,138Â 208Â 322,1.0
1010486,201900052017,9,20,08:20,1,1,1,7.0,2.0,14574,D.613 ( SAINT DESIR),M,"49,1241600","0,2056530",14,2019,110.0,1.0,1.0,3.0,2259685,1.0,1,4,1,4.0,,-1.0, -1,1981.0,A01,138Â 208Â 319,8.0,0.0,-1.0,1724834,2.0,21,,0.0,2.0,4.0,A01,138Â 208Â 319,1.0
1010486,201900052017,9,20,08:20,1,1,1,7.0,2.0,14574,D.613 ( SAINT DESIR),M,"49,1241600","0,2056530",14,2019,110.0,1.0,1.0,3.0,2259685,1.0,1,4,1,4.0,,-1.0, -1,1981.0,A01,138Â 208Â 319,8.0,0.0,-1.0,1724835,2.0,7,,0.0,2.0,1.0,B01,138Â 208Â 320,1.0
1010486,201900052017,9,20,08:20,1,1,1,7.0,2.0,14574,D.613 ( SAINT DESIR),M,"49,1241600","0,2056530",14,2019,110.0,1.0,1.0,3.0,2259686,3.0,2,3,1,2.0,,0.0,0,2012.0,B01,138Â 208Â 320,1.0,8.0,-1.0,1724834,2.0,21,,0.0,2.0,4.0,A01,138Â 208Â 319,1.0
1010486,201900052017,9,20,08:20,1,1,1,7.0,2.0,14574,D.613 ( SAINT DESIR),M,"49,1241600","0,2056530",14,2019,110.0,1.0,1.0,3.0,2259686,3.0,2,3,1,2.0,,0.0,0,2012.0,B01,138Â 208Â 320,1.0,8.0,-1.0,1724835,2.0,7,,0.0,2.0,1.0,B01,138Â 208Â 320,1.0
1010486,201900052017,9,20,08:20,1,1,1,7.0,2.0,14574,D.613 ( SAINT DESIR),M,"49,1241600","0,2056530",14,2019,110.0,1.0,1.0,3.0,2259687,1.0,1,4,2,2.0,,0.0,0,1981.0,B01,138Â 208Â 320,1.0,8.0,-1.0,1724834,2.0,21,,0.0,2.0,4.0,A01,138Â 208Â 319,1.0
1010486,201900052017,9,20,08:20,1,1,1,7.0,2.0,14574,D.613 ( SAINT DESIR),M,"49,1241600","0,2056530",14,2019,110.0,1.0,1.0,3.0,2259687,1.0,1,4,2,2.0,,0.0,0,1981.0,B01,138Â 208Â 320,1.0,8.0,-1.0,1724835,2.0,7,,0.0,2.0,1.0,B01,138Â 208Â 320,1.0
1010487,201900052018,9,17,17:45,1,2,1,1.0,3.0,13039,POMPIDOU GEORGES (avenue),M,"43,4623200","4,9411600",13,2019,50.0,1.0,1.0,4.0,2259688,1.0,1,1,1,5.0,,-1.0, -1,1978.0,B01,138Â 208Â 317,1.0,8.0,-1.0,1724836,0.0,7,,0.0,2.0,8.0,B01,138Â 208Â 317,1.0
1010487,201900052018,9,17,17:45,1,2,1,1.0,3.0,13039,POMPIDOU GEORGES (avenue),M,"43,4623200","4,9411600",13,2019,50.0,1.0,1.0,4.0,2259688,1.0,1,1,1,5.0,,-1.0, -1,1978.0,B01,138Â 208Â 317,1.0,8.0,-1.0,1724837,3.0,15,,14.0,0.0,3.0,A01,138Â 208Â 318,1.0
1010487,201900052018,9,17,17:45,1,2,1,1.0,3.0,13039,POMPIDOU GEORGES (avenue),M,"43,4623200","4,9411600",13,2019,50.0,1.0,1.0,4.0,2259689,1.0,1,4,1,5.0,,-1.0, -1,1962.0,A01,138Â 208Â 318,1.0,8.0,-1.0,1724836,0.0,7,,0.0,2.0,8.0,B01,138Â 208Â 317,1.0
1010487,201900052018,9,17,17:45,1,2,1,1.0,3.0,13039,POMPIDOU GEORGES (avenue),M,"43,4623200","4,9411600",13,2019,50.0,1.0,1.0,4.0,2259689,1.0,1,4,1,5.0,,-1.0, -1,1962.0,A01,138Â 208Â 318,1.0,8.0,-1.0,1724837,3.0,15,,14.0,0.0,3.0,A01,138Â 208Â 318,1.0
1010488,201900052019,9,24,17:15,1,2,1,1.0,6.0,13208,PRADO (AVENUE DU),M,"43,2626210","5,3759370",13,2019,50.0,1.0,1.0,4.0,2259690,10.0,3,4,1,9.0,,8.0,3,1968.0,A01,138Â 208Â 316,8.0,0.0,-1.0,1724838,0.0,7,,0.0,1.0,2.0,A01,138Â 208Â 316,1.0
1010488,201900052019,9,24,17:15,1,2,1,1.0,6.0,13208,PRADO (AVENUE DU),M,"43,2626210","5,3759370",13,2019,50.0,1.0,1.0,4.0,2259691,1.0,1,1,1,0.0,,-1.0, -1,1973.0,A01,138Â 208Â 316,1.0,0.0,-1.0,1724838,0.0,7,,0.0,1.0,2.0,A01,138Â 208Â 316,1.0
1010489,201900052020,9,24,09:30,1,2,1,1.0,2.0,13213,CROIX ROUGE (AVENUE),M,"43,3317590","5,4339180",13,2019,50.0,1.0,1.0,3.0,2259692,2.0,2,3,2,9.0,,-1.0, -1,1988.0,B01,138Â 208Â 314,0.0,0.0,-1.0,1724839,1.0,7,,0.0,2.0,4.0,B01,138Â 208Â 314,1.0
1010489,201900052020,9,24,09:30,1,2,1,1.0,2.0,13213,CROIX ROUGE (AVENUE),M,"43,3317590","5,4339180",13,2019,50.0,1.0,1.0,3.0,2259692,2.0,2,3,2,9.0,,-1.0, -1,1988.0,B01,138Â 208Â 314,0.0,0.0,-1.0,1724840,2.0,7,,0.0,0.0,0.0,A01,138Â 208Â 315,1.0
1010489,201900052020,9,24,09:30,1,2,1,1.0,2.0,13213,CROIX ROUGE (AVENUE),M,"43,3317590","5,4339180",13,2019,50.0,1.0,1.0,3.0,2259693,1.0,1,1,1,0.0,,-1.0, -1,1942.0,A01,138Â 208Â 315,1.0,0.0,-1.0,1724839,1.0,7,,0.0,2.0,4.0,B01,138Â 208Â 314,1.0
1010489,201900052020,9,24,09:30,1,2,1,1.0,2.0,13213,CROIX ROUGE (AVENUE),M,"43,3317590","5,4339180",13,2019,50.0,1.0,1.0,3.0,2259693,1.0,1,1,1,0.0,,-1.0, -1,1942.0,A01,138Â 208Â 315,1.0,0.0,-1.0,1724840,2.0,7,,0.0,0.0,0.0,A01,138Â 208Â 315,1.0
1010490,201900052021,9,25,21:02,3,1,1,1.0,7.0,13047,MARTIGUES ROUTE DE,M,"43,4733020","4,9979390",13,2019,80.0,1.0,1.0,3.0,2259694,1.0,1,4,1,0.0,,-1.0,0,1995.0,A01,138Â 208Â 313,2.0,0.0,-1.0,1724841,3.0,1,,0.0,0.0,0.0,A01,138Â 208Â 313,5.0
1010491,201900052022,9,24,18:33,1,2,1,3.0,3.0,10357,GENERAL DE GAULLE (RUE DU),M,"48,2982400","4,1193600",10,2019,50.0,3.0,2.0,4.0,2259695,1.0,1,4,1,3.0,,-1.0, -1,1964.0,B01,138Â 208Â 309,8.0,0.0,-1.0,1724842,3.0,1,,0.0,2.0,8.0,B01,138Â 208Â 309,5.0
1010491,201900052022,9,24,18:33,1,2,1,3.0,3.0,10357,GENERAL DE GAULLE (RUE DU),M,"48,2982400","4,1193600",10,2019,50.0,3.0,2.0,4.0,2259695,1.0,1,4,1,3.0,,-1.0, -1,1964.0,B01,138Â 208Â 309,8.0,0.0,-1.0,1724843,3.0,7,,0.0,1.0,1.0,A01,138Â 208Â 310,1.0
1010491,201900052022,9,24,18:33,1,2,1,3.0,3.0,10357,GENERAL DE GAULLE (RUE DU),M,"48,2982400","4,1193600",10,2019,50.0,3.0,2.0,4.0,2259696,1.0,1,1,1,0.0,,-1.0, -1,1976.0,A01,138Â 208Â 310,1.0,0.0,-1.0,1724842,3.0,1,,0.0,2.0,8.0,B01,138Â 208Â 309,5.0
1010491,201900052022,9,24,18:33,1,2,1,3.0,3.0,10357,GENERAL DE GAULLE (RUE DU),M,"48,2982400","4,1193600",10,2019,50.0,3.0,2.0,4.0,2259696,1.0,1,1,1,0.0,,-1.0, -1,1976.0,A01,138Â 208Â 310,1.0,0.0,-1.0,1724843,3.0,7,,0.0,1.0,1.0,A01,138Â 208Â 310,1.0
1010492,201900052023,9,24,16:55,1,1,1,1.0,6.0,09225,BELPECH ROUTE DE,M,"43,1264590","1,6488100",9,2019,80.0,1.0,1.0,3.0,2259697,1.0,1,1,1,5.0,,-1.0,0,1937.0,A01,138Â 208Â 304,1.0,8.0,-1.0,1724844,2.0,7,,0.0,1.0,2.0,A01,138Â 208Â 304,1.0
1010492,201900052023,9,24,16:55,1,1,1,1.0,6.0,09225,BELPECH ROUTE DE,M,"43,1264590","1,6488100",9,2019,80.0,1.0,1.0,3.0,2259698,10.0,3,3,1,2.0,,6.0,1,2005.0,A01,138Â 208Â 304,0.0,-1.0,-1.0,1724844,2.0,7,,0.0,1.0,2.0,A01,138Â 208Â 304,1.0
1010492,201900052023,9,24,16:55,1,1,1,1.0,6.0,09225,BELPECH ROUTE DE,M,"43,1264590","1,6488100",9,2019,80.0,1.0,1.0,3.0,2259699,10.0,3,1,1,2.0,,6.0,1,2004.0,A01,138Â 208Â 304,8.0,8.0,-1.0,1724844,2.0,7,,0.0,1.0,2.0,A01,138Â 208Â 304,1.0
1010493,201900052024,9,21,00:10,3,1,1,1.0,3.0,07070,COLONNEL ROUSSET (AVENUE DU),M,"44,9732900","4,8517100",7,2019,80.0,1.0,1.0,3.0,2259700,2.0,2,4,1,0.0,,-1.0, -1,1992.0,A01,138Â 208Â 302,1.0,0.0,-1.0,1724845,2.0,7,,0.0,2.0,2.0,A01,138Â 208Â 302,1.0
1010493,201900052024,9,21,00:10,3,1,1,1.0,3.0,07070,COLONNEL ROUSSET (AVENUE DU),M,"44,9732900","4,8517100",7,2019,80.0,1.0,1.0,3.0,2259700,2.0,2,4,1,0.0,,-1.0, -1,1992.0,A01,138Â 208Â 302,1.0,0.0,-1.0,1724846,1.0,7,,0.0,2.0,0.0,B01,138Â 208Â 303,1.0
1010493,201900052024,9,21,00:10,3,1,1,1.0,3.0,07070,COLONNEL ROUSSET (AVENUE DU),M,"44,9732900","4,8517100",7,2019,80.0,1.0,1.0,3.0,2259701,1.0,1,4,1,5.0,,-1.0, -1,1990.0,A01,138Â 208Â 302,1.0,0.0,-1.0,1724845,2.0,7,,0.0,2.0,2.0,A01,138Â 208Â 302,1.0
1010493,201900052024,9,21,00:10,3,1,1,1.0,3.0,07070,COLONNEL ROUSSET (AVENUE DU),M,"44,9732900","4,8517100",7,2019,80.0,1.0,1.0,3.0,2259701,1.0,1,4,1,5.0,,-1.0, -1,1990.0,A01,138Â 208Â 302,1.0,0.0,-1.0,1724846,1.0,7,,0.0,2.0,0.0,B01,138Â 208Â 303,1.0
1010493,201900052024,9,21,00:10,3,1,1,1.0,3.0,07070,COLONNEL ROUSSET (AVENUE DU),M,"44,9732900","4,8517100",7,2019,80.0,1.0,1.0,3.0,2259702,1.0,1,4,1,9.0,,-1.0, -1,1990.0,B01,138Â 208Â 303,8.0,0.0,-1.0,1724845,2.0,7,,0.0,2.0,2.0,A01,138Â 208Â 302,1.0