Unnamed: 0_x,num_acc,mois,jour,hrmn,lum,agg,int,atm,col,com,adr,gps,lat,long,dep,annee,vma,situ,surf,catr,Unnamed: 0_y,place,catu,grav,sexe,trajet,secu,locp,actp,an_nais,num_veh_x,id_vehicule_x,secu1,secu2,secu3,Unnamed: 0,senc,catv,occutc,obs,obsm,choc,num_veh_y,id_vehicule_y,motor
1010493,201900052024,9,21,00:10,3,1,1,1.0,3.0,07070,COLONNEL ROUSSET (AVENUE DU),M,"44,9732900","4,8517100",7,2019,80.0,1.0,1.0,3.0,2259702,1.0,1,4,1,9.0,,-1.0, -1,1990.0,B01,138Â 208Â 303,8.0,0.0,-1.0,1724846,1.0,7,,0.0,2.0,0.0,B01,138Â 208Â 303,1.0
1010494,201900052025,9,18,12:00,1,2,7,1.0,3.0,07229,ROUTE DE MONTELIMAR,M,"44,6087690","4,4132260",7,2019,50.0,1.0,1.0,2.0,2259703,1.0,1,4,1,9.0,,-1.0, -1,1993.0,A01,138Â 208Â 300,2.0,6.0,-1.0,1724847,1.0,33,,0.0,2.0,1.0,A01,138Â 208Â 300,1.0
1010494,201900052025,9,18,12:00,1,2,7,1.0,3.0,07229,ROUTE DE MONTELIMAR,M,"44,6087690","4,4132260",7,2019,50.0,1.0,1.0,2.0,2259703,1.0,1,4,1,9.0,,-1.0, -1,1993.0,A01,138Â 208Â 300,2.0,6.0,-1.0,1724848,1.0,7,,0.0,2.0,3.0,B01,138Â 208Â 301,1.0
1010494,201900052025,9,18,12:00,1,2,7,1.0,3.0,07229,ROUTE DE MONTELIMAR,M,"44,6087690","4,4132260",7,2019,50.0,1.0,1.0,2.0,2259704,1.0,1,1,2,5.0,,-1.0, -1,1977.0,B01,138Â 208Â 301,1.0,0.0,-1.0,1724847,1.0,33,,0.0,2.0,1.0,A01,138Â 208Â 300,1.0
1010494,201900052025,9,18,12:00,1,2,7,1.0,3.0,07229,ROUTE DE MONTELIMAR,M,"44,6087690","4,4132260",7,2019,50.0,1.0,1.0,2.0,2259704,1.0,1,1,2,5.0,,-1.0, -1,1977.0,B01,138Â 208Â 301,1.0,0.0,-1.0,1724848,1.0,7,,0.0,2.0,3.0,B01,138Â 208Â 301,1.0
1010495,201900052026,9,23,19:25,5,2,3,1.0,1.0,06069,6 AVENUE VICTORIA,M,"43,6638260","6,9280370",6,2019,50.0,1.0,1.0,3.0,2259705,1.0,1,4,1,0.0,,0.0,0,1990.0,B01,138Â 208Â 298,2.0,8.0,-1.0,1724849,3.0,31,,0.0,2.0,1.0,B01,138Â 208Â 298,1.0
1010495,201900052026,9,23,19:25,5,2,3,1.0,1.0,06069,6 AVENUE VICTORIA,M,"43,6638260","6,9280370",6,2019,50.0,1.0,1.0,3.0,2259705,1.0,1,4,1,0.0,,0.0,0,1990.0,B01,138Â 208Â 298,2.0,8.0,-1.0,1724850,3.0,10,,0.0,2.0,1.0,A01,138Â 208Â 299,1.0
1010495,201900052026,9,23,19:25,5,2,3,1.0,1.0,06069,6 AVENUE VICTORIA,M,"43,6638260","6,9280370",6,2019,50.0,1.0,1.0,3.0,2259706,1.0,1,1,1,0.0,,0.0,0,1968.0,A01,138Â 208Â 299,1.0,8.0,-1.0,1724849,3.0,31,,0.0,2.0,1.0,B01,138Â 208Â 298,1.0
1010495,201900052026,9,23,19:25,5,2,3,1.0,1.0,06069,6 AVENUE VICTORIA,M,"43,6638260","6,9280370",6,2019,50.0,1.0,1.0,3.0,2259706,1.0,1,1,1,0.0,,0.0,0,1968.0,A01,138Â 208Â 299,1.0,8.0,-1.0,1724850,3.0,10,,0.0,2.0,1.0,A01,138Â 208Â 299,1.0
1010495,201900052026,9,23,19:25,5,2,3,1.0,1.0,06069,6 AVENUE VICTORIA,M,"43,6638260","6,9280370",6,2019,50.0,1.0,1.0,3.0,2259707,2.0,2,1,1,0.0,,0.0,0,1994.0,A01,138Â 208Â 299,1.0,8.0,-1.0,1724849,3.0,31,,0.0,2.0,1.0,B01,138Â 208Â 298,1.0
1010495,201900052026,9,23,19:25,5,2,3,1.0,1.0,06069,6 AVENUE VICTORIA,M,"43,6638260","6,9280370",6,2019,50.0,1.0,1.0,3.0,2259707,2.0,2,1,1,0.0,,0.0,0,1994.0,A01,138Â 208Â 299,1.0,8.0,-1.0,1724850,3.0,10,,0.0,2.0,1.0,A01,138Â 208Â 299,1.0
1010496,201900052027,9,24,07:10,1,2,9,1.0,3.0,06123,CURIE PIERRE ET MARIE AVENUE,M,"43,6885860","7,1864650",6,2019,50.0,1.0,1.0,7.0,2259708,1.0,1,1,1,1.0,,0.0,0,1968.0,A01,138Â 208Â 296,1.0,0.0,-1.0,1724851,1.0,7,,0.0,2.0,3.0,A01,138Â 208Â 296,0.0
1010496,201900052027,9,24,07:10,1,2,9,1.0,3.0,06123,CURIE PIERRE ET MARIE AVENUE,M,"43,6885860","7,1864650",6,2019,50.0,1.0,1.0,7.0,2259708,1.0,1,1,1,1.0,,0.0,0,1968.0,A01,138Â 208Â 296,1.0,0.0,-1.0,1724852,1.0,33,,0.0,2.0,2.0,B01,138Â 208Â 297,0.0
1010496,201900052027,9,24,07:10,1,2,9,1.0,3.0,06123,CURIE PIERRE ET MARIE AVENUE,M,"43,6885860","7,1864650",6,2019,50.0,1.0,1.0,7.0,2259709,1.0,1,4,1,1.0,,0.0,0,1973.0,B01,138Â 208Â 297,2.0,6.0,-1.0,1724851,1.0,7,,0.0,2.0,3.0,A01,138Â 208Â 296,0.0
1010496,201900052027,9,24,07:10,1,2,9,1.0,3.0,06123,CURIE PIERRE ET MARIE AVENUE,M,"43,6885860","7,1864650",6,2019,50.0,1.0,1.0,7.0,2259709,1.0,1,4,1,1.0,,0.0,0,1973.0,B01,138Â 208Â 297,2.0,6.0,-1.0,1724852,1.0,33,,0.0,2.0,2.0,B01,138Â 208Â 297,0.0
1010497,201900052028,9,23,14:05,1,2,1,1.0,7.0,05061,Bernard GIVAUDAN (Avenue) D900B,M,"44,5370600","6,0627000",5,2019,50.0,4.0,9.0,3.0,2259710,1.0,1,4,1,5.0,,0.0,0,2005.0,A01,138Â 208Â 295,2.0,0.0,-1.0,1724853,1.0,1,,0.0,0.0,0.0,A01,138Â 208Â 295,5.0
1010498,201900052029,9,24,17:15,1,2,1,1.0,2.0,75119,BD PERIPHERIQUE INTERIEUR,M,"48,8820440","2,4014770",75,2019,70.0,1.0,1.0,4.0,2259711,1.0,1,4,2,1.0,,0.0,0,1985.0,A01,138Â 208Â 293,1.0,0.0,-1.0,1724854,1.0,7,,0.0,2.0,1.0,A01,138Â 208Â 293,1.0
1010498,201900052029,9,24,17:15,1,2,1,1.0,2.0,75119,BD PERIPHERIQUE INTERIEUR,M,"48,8820440","2,4014770",75,2019,70.0,1.0,1.0,4.0,2259711,1.0,1,4,2,1.0,,0.0,0,1985.0,A01,138Â 208Â 293,1.0,0.0,-1.0,1724855,1.0,7,,0.0,2.0,4.0,B01,138Â 208Â 294,1.0
1010498,201900052029,9,24,17:15,1,2,1,1.0,2.0,75119,BD PERIPHERIQUE INTERIEUR,M,"48,8820440","2,4014770",75,2019,70.0,1.0,1.0,4.0,2259712,1.0,1,1,1,4.0,,0.0,0,1965.0,B01,138Â 208Â 294,1.0,0.0,-1.0,1724854,1.0,7,,0.0,2.0,1.0,A01,138Â 208Â 293,1.0
1010498,201900052029,9,24,17:15,1,2,1,1.0,2.0,75119,BD PERIPHERIQUE INTERIEUR,M,"48,8820440","2,4014770",75,2019,70.0,1.0,1.0,4.0,2259712,1.0,1,1,1,4.0,,0.0,0,1965.0,B01,138Â 208Â 294,1.0,0.0,-1.0,1724855,1.0,7,,0.0,2.0,4.0,B01,138Â 208Â 294,1.0
1010499,201900052030,9,24,12:00,1,2,4,2.0,2.0,75119,PORTE DE PANTIN,M,"48,8925784","2,3956954",75,2019,50.0,1.0,3.0,4.0,2259713,1.0,1,1,1,4.0,,0.0,0,1984.0,B01,138Â 208Â 291,1.0,0.0,-1.0,1724856,2.0,10,,0.0,2.0,4.0,B01,138Â 208Â 291,1.0
1010499,201900052030,9,24,12:00,1,2,4,2.0,2.0,75119,PORTE DE PANTIN,M,"48,8925784","2,3956954",75,2019,50.0,1.0,3.0,4.0,2259713,1.0,1,1,1,4.0,,0.0,0,1984.0,B01,138Â 208Â 291,1.0,0.0,-1.0,1724857,2.0,43,,0.0,2.0,1.0,A01,138Â 208Â 292,1.0
1010499,201900052030,9,24,12:00,1,2,4,2.0,2.0,75119,PORTE DE PANTIN,M,"48,8925784","2,3956954",75,2019,50.0,1.0,3.0,4.0,2259714,1.0,1,4,1,4.0,,-1.0,0,1971.0,A01,138Â 208Â 292,2.0,6.0,-1.0,1724856,2.0,10,,0.0,2.0,4.0,B01,138Â 208Â 291,1.0
1010499,201900052030,9,24,12:00,1,2,4,2.0,2.0,75119,PORTE DE PANTIN,M,"48,8925784","2,3956954",75,2019,50.0,1.0,3.0,4.0,2259714,1.0,1,4,1,4.0,,-1.0,0,1971.0,A01,138Â 208Â 292,2.0,6.0,-1.0,1724857,2.0,43,,0.0,2.0,1.0,A01,138Â 208Â 292,1.0
1010500,201900052031,9,23,19:15,2,2,4,1.0,6.0,75120,BD PERIPHERIQUE EXTERIEUR,M,"48,8565086","2,4141621",75,2019,70.0,1.0,1.0,4.0,2259715,1.0,1,4,1,4.0,,0.0,0,1991.0,A01,138Â 208Â 290,2.0,6.0,-1.0,1724858,2.0,7,,0.0,2.0,5.0,B01,138Â 208Â 289,0.0
1010500,201900052031,9,23,19:15,2,2,4,1.0,6.0,75120,BD PERIPHERIQUE EXTERIEUR,M,"48,8565086","2,4141621",75,2019,70.0,1.0,1.0,4.0,2259715,1.0,1,4,1,4.0,,0.0,0,1991.0,A01,138Â 208Â 290,2.0,6.0,-1.0,1724859,2.0,33,,0.0,2.0,8.0,A01,138Â 208Â 290,1.0
1010501,201900052032,9,23,12:50,1,2,4,1.0,4.0,75119,BD PERIPHERIQUE EXTERIEUR,M,"48,8927250","2,3955280",75,2019,50.0,1.0,1.0,4.0,2259716,1.0,1,1,1,4.0,,0.0,0,1957.0,A01,138Â 208Â 285,1.0,0.0,-1.0,1724860,2.0,10,,0.0,2.0,1.0,A01,138Â 208Â 285,1.0
1010501,201900052032,9,23,12:50,1,2,4,1.0,4.0,75119,BD PERIPHERIQUE EXTERIEUR,M,"48,8927250","2,3955280",75,2019,50.0,1.0,1.0,4.0,2259716,1.0,1,1,1,4.0,,0.0,0,1957.0,A01,138Â 208Â 285,1.0,0.0,-1.0,1724861,2.0,7,,0.0,2.0,4.0,B01,138Â 208Â 286,3.0
1010501,201900052032,9,23,12:50,1,2,4,1.0,4.0,75119,BD PERIPHERIQUE EXTERIEUR,M,"48,8927250","2,3955280",75,2019,50.0,1.0,1.0,4.0,2259716,1.0,1,1,1,4.0,,0.0,0,1957.0,A01,138Â 208Â 285,1.0,0.0,-1.0,1724862,2.0,7,,0.0,2.0,1.0,C01,138Â 208Â 287,1.0
1010501,201900052032,9,23,12:50,1,2,4,1.0,4.0,75119,BD PERIPHERIQUE EXTERIEUR,M,"48,8927250","2,3955280",75,2019,50.0,1.0,1.0,4.0,2259716,1.0,1,1,1,4.0,,0.0,0,1957.0,A01,138Â 208Â 285,1.0,0.0,-1.0,1724863,2.0,7,,0.0,2.0,4.0,D01,138Â 208Â 288,1.0
1010501,201900052032,9,23,12:50,1,2,4,1.0,4.0,75119,BD PERIPHERIQUE EXTERIEUR,M,"48,8927250","2,3955280",75,2019,50.0,1.0,1.0,4.0,2259717,1.0,1,1,1,5.0,,0.0,0,1965.0,B01,138Â 208Â 286,1.0,0.0,-1.0,1724860,2.0,10,,0.0,2.0,1.0,A01,138Â 208Â 285,1.0
1010501,201900052032,9,23,12:50,1,2,4,1.0,4.0,75119,BD PERIPHERIQUE EXTERIEUR,M,"48,8927250","2,3955280",75,2019,50.0,1.0,1.0,4.0,2259717,1.0,1,1,1,5.0,,0.0,0,1965.0,B01,138Â 208Â 286,1.0,0.0,-1.0,1724861,2.0,7,,0.0,2.0,4.0,B01,138Â 208Â 286,3.0
1010501,201900052032,9,23,12:50,1,2,4,1.0,4.0,75119,BD PERIPHERIQUE EXTERIEUR,M,"48,8927250","2,3955280",75,2019,50.0,1.0,1.0,4.0,2259717,1.0,1,1,1,5.0,,0.0,0,1965.0,B01,138Â 208Â 286,1.0,0.0,-1.0,1724862,2.0,7,,0.0,2.0,1.0,C01,138Â 208Â 287,1.0
1010501,201900052032,9,23,12:50,1,2,4,1.0,4.0,75119,BD PERIPHERIQUE EXTERIEUR,M,"48,8927250","2,3955280",75,2019,50.0,1.0,1.0,4.0,2259717,1.0,1,1,1,5.0,,0.0,0,1965.0,B01,138Â 208Â 286,1.0,0.0,-1.0,1724863,2.0,7,,0.0,2.0,4.0,D01,138Â 208Â 288,1.0
1010501,201900052032,9,23,12:50,1,2,4,1.0,4.0,75119,BD PERIPHERIQUE EXTERIEUR,M,"48,8927250","2,3955280",75,2019,50.0,1.0,1.0,4.0,2259718,1.0,1,1,2,5.0,,0.0,0,1999.0,C01,138Â 208Â 287,1.0,0.0,-1.0,1724860,2.0,10,,0.0,2.0,1.0,A01,138Â 208Â 285,1.0
1010501,201900052032,9,23,12:50,1,2,4,1.0,4.0,75119,BD PERIPHERIQUE EXTERIEUR,M,"48,8927250","2,3955280",75,2019,50.0,1.0,1.0,4.0,2259718,1.0,1,1,2,5.0,,0.0,0,1999.0,C01,138Â 208Â 287,1.0,0.0,-1.0,1724861,2.0,7,,0.0,2.0,4.0,B01,138Â 208Â 286,3.0
1010501,201900052032,9,23,12:50,1,2,4,1.0,4.0,75119,BD PERIPHERIQUE EXTERIEUR,M,"48,8927250","2,3955280",75,2019,50.0,1.0,1.0,4.0,2259718,1.0,1,1,2,5.0,,0.0,0,1999.0,C01,138Â 208Â 287,1.0,0.0,-1.0,1724862,2.0,7,,0.0,2.0,1.0,C01,138Â 208Â 287,1.0
1010501,201900052032,9,23,12:50,1,2,4,1.0,4.0,75119,BD PERIPHERIQUE EXTERIEUR,M,"48,8927250","2,3955280",75,2019,50.0,1.0,1.0,4.0,2259718,1.0,1,1,2,5.0,,0.0,0,1999.0,C01,138Â 208Â 287,1.0,0.0,-1.0,1724863,2.0,7,,0.0,2.0,4.0,D01,138Â 208Â 288,1.0
1010501,201900052032,9,23,12:50,1,2,4,1.0,4.0,75119,BD PERIPHERIQUE EXTERIEUR,M,"48,8927250","2,3955280",75,2019,50.0,1.0,1.0,4.0,2259719,1.0,1,4,1,4.0,,0.0,0,1967.0,D01,138Â 208Â 288,1.0,0.0,-1.0,1724860,2.0,10,,0.0,2.0,1.0,A01,138Â 208Â 285,1.0
1010501,201900052032,9,23,12:50,1,2,4,1.0,4.0,75119,BD PERIPHERIQUE EXTERIEUR,M,"48,8927250","2,3955280",75,2019,50.0,1.0,1.0,4.0,2259719,1.0,1,4,1,4.0,,0.0,0,1967.0,D01,138Â 208Â 288,1.0,0.0,-1.0,1724861,2.0,7,,0.0,2.0,4.0,B01,138Â 208Â 286,3.0
1010501,201900052032,9,23,12:50,1,2,4,1.0,4.0,75119,BD PERIPHERIQUE EXTERIEUR,M,"48,8927250","2,3955280",75,2019,50.0,1.0,1.0,4.0,2259719,1.0,1,4,1,4.0,,0.0,0,1967.0,D01,138Â 208Â 288,1.0,0.0,-1.0,1724862,2.0,7,,0.0,2.0,1.0,C01,138Â 208Â 287,1.0
1010501,201900052032,9,23,12:50,1,2,4,1.0,4.0,75119,BD PERIPHERIQUE EXTERIEUR,M,"48,8927250","2,3955280",75,2019,50.0,1.0,1.0,4.0,2259719,1.0,1,4,1,4.0,,0.0,0,1967.0,D01,138Â 208Â 288,1.0,0.0,-1.0,1724863,2.0,7,,0.0,2.0,4.0,D01,138Â 208Â 288,1.0
1010502,201900052033,9,23,10:40,1,2,1,1.0,4.0,75113,BD PERIPHERIQUE EXTERIEUR,M,"48,8184538","2,3700774",75,2019,70.0,1.0,1.0,4.0,2259720,1.0,1,1,2,1.0,,0.0,0,1967.0,C01,138Â 208Â 282,1.0,0.0,-1.0,1724864,2.0,7,,0.0,2.0,4.0,C01,138Â 208Â 282,1.0
1010502,201900052033,9,23,10:40,1,2,1,1.0,4.0,75113,BD PERIPHERIQUE EXTERIEUR,M,"48,8184538","2,3700774",75,2019,70.0,1.0,1.0,4.0,2259720,1.0,1,1,2,1.0,,0.0,0,1967.0,C01,138Â 208Â 282,1.0,0.0,-1.0,1724865,2.0,10,,0.0,2.0,5.0,B01,138Â 208Â 283,1.0
1010502,201900052033,9,23,10:40,1,2,1,1.0,4.0,75113,BD PERIPHERIQUE EXTERIEUR,M,"48,8184538","2,3700774",75,2019,70.0,1.0,1.0,4.0,2259720,1.0,1,1,2,1.0,,0.0,0,1967.0,C01,138Â 208Â 282,1.0,0.0,-1.0,1724866,2.0,7,,0.0,2.0,3.0,A01,138Â 208Â 284,1.0
1010502,201900052033,9,23,10:40,1,2,1,1.0,4.0,75113,BD PERIPHERIQUE EXTERIEUR,M,"48,8184538","2,3700774",75,2019,70.0,1.0,1.0,4.0,2259721,1.0,1,4,1,1.0,,0.0,0,1986.0,B01,138Â 208Â 283,1.0,0.0,-1.0,1724864,2.0,7,,0.0,2.0,4.0,C01,138Â 208Â 282,1.0
1010502,201900052033,9,23,10:40,1,2,1,1.0,4.0,75113,BD PERIPHERIQUE EXTERIEUR,M,"48,8184538","2,3700774",75,2019,70.0,1.0,1.0,4.0,2259721,1.0,1,4,1,1.0,,0.0,0,1986.0,B01,138Â 208Â 283,1.0,0.0,-1.0,1724865,2.0,10,,0.0,2.0,5.0,B01,138Â 208Â 283,1.0
1010502,201900052033,9,23,10:40,1,2,1,1.0,4.0,75113,BD PERIPHERIQUE EXTERIEUR,M,"48,8184538","2,3700774",75,2019,70.0,1.0,1.0,4.0,2259721,1.0,1,4,1,1.0,,0.0,0,1986.0,B01,138Â 208Â 283,1.0,0.0,-1.0,1724866,2.0,7,,0.0,2.0,3.0,A01,138Â 208Â 284,1.0
1010502,201900052033,9,23,10:40,1,2,1,1.0,4.0,75113,BD PERIPHERIQUE EXTERIEUR,M,"48,8184538","2,3700774",75,2019,70.0,1.0,1.0,4.0,2259722,1.0,1,1,1,1.0,,0.0,0,1982.0,A01,138Â 208Â 284,1.0,0.0,-1.0,1724864,2.0,7,,0.0,2.0,4.0,C01,138Â 208Â 282,1.0
1010502,201900052033,9,23,10:40,1,2,1,1.0,4.0,75113,BD PERIPHERIQUE EXTERIEUR,M,"48,8184538","2,3700774",75,2019,70.0,1.0,1.0,4.0,2259722,1.0,1,1,1,1.0,,0.0,0,1982.0,A01,138Â 208Â 284,1.0,0.0,-1.0,1724865,2.0,10,,0.0,2.0,5.0,B01,138Â 208Â 283,1.0
1010502,201900052033,9,23,10:40,1,2,1,1.0,4.0,75113,BD PERIPHERIQUE EXTERIEUR,M,"48,8184538","2,3700774",75,2019,70.0,1.0,1.0,4.0,2259722,1.0,1,1,1,1.0,,0.0,0,1982.0,A01,138Â 208Â 284,1.0,0.0,-1.0,1724866,2.0,7,,0.0,2.0,3.0,A01,138Â 208Â 284,1.0
1010503,201900052034,9,23,10:00,1,2,1,1.0,3.0,75117,BD PERIPHERIQUE INTERIEUR,M,"48,8931720","2,3035210",75,2019,70.0,1.0,1.0,4.0,2259723,1.0,1,1,1,4.0,,0.0,0,1975.0,A01,138Â 208Â 280,1.0,0.0,-1.0,1724867,1.0,7,,0.0,2.0,8.0,A01,138Â 208Â 280,1.0
1010503,201900052034,9,23,10:00,1,2,1,1.0,3.0,75117,BD PERIPHERIQUE INTERIEUR,M,"48,8931720","2,3035210",75,2019,70.0,1.0,1.0,4.0,2259723,1.0,1,1,1,4.0,,0.0,0,1975.0,A01,138Â 208Â 280,1.0,0.0,-1.0,1724868,1.0,32,,0.0,2.0,7.0,B01,138Â 208Â 281,1.0
1010503,201900052034,9,23,10:00,1,2,1,1.0,3.0,75117,BD PERIPHERIQUE INTERIEUR,M,"48,8931720","2,3035210",75,2019,70.0,1.0,1.0,4.0,2259724,1.0,1,4,1,4.0,,-1.0, -1,1992.0,B01,138Â 208Â 281,2.0,6.0,-1.0,1724867,1.0,7,,0.0,2.0,8.0,A01,138Â 208Â 280,1.0
1010503,201900052034,9,23,10:00,1,2,1,1.0,3.0,75117,BD PERIPHERIQUE INTERIEUR,M,"48,8931720","2,3035210",75,2019,70.0,1.0,1.0,4.0,2259724,1.0,1,4,1,4.0,,-1.0, -1,1992.0,B01,138Â 208Â 281,2.0,6.0,-1.0,1724868,1.0,32,,0.0,2.0,7.0,B01,138Â 208Â 281,1.0
1010504,201900052035,9,20,18:55,1,2,1,1.0,4.0,75112,BD PERIPHERIQUE INTERIEUR,M,"48,8368700","2,4124010",75,2019,70.0,1.0,1.0,4.0,2259725,1.0,1,1,2,1.0,,0.0,0,1974.0,A01,138Â 208Â 277,1.0,0.0,-1.0,1724869,1.0,7,,0.0,2.0,1.0,A01,138Â 208Â 277,1.0
1010504,201900052035,9,20,18:55,1,2,1,1.0,4.0,75112,BD PERIPHERIQUE INTERIEUR,M,"48,8368700","2,4124010",75,2019,70.0,1.0,1.0,4.0,2259725,1.0,1,1,2,1.0,,0.0,0,1974.0,A01,138Â 208Â 277,1.0,0.0,-1.0,1724870,1.0,7,,0.0,2.0,2.0,B01,138Â 208Â 278,1.0
1010504,201900052035,9,20,18:55,1,2,1,1.0,4.0,75112,BD PERIPHERIQUE INTERIEUR,M,"48,8368700","2,4124010",75,2019,70.0,1.0,1.0,4.0,2259725,1.0,1,1,2,1.0,,0.0,0,1974.0,A01,138Â 208Â 277,1.0,0.0,-1.0,1724871,1.0,7,,0.0,2.0,4.0,C01,138Â 208Â 279,2.0
1010504,201900052035,9,20,18:55,1,2,1,1.0,4.0,75112,BD PERIPHERIQUE INTERIEUR,M,"48,8368700","2,4124010",75,2019,70.0,1.0,1.0,4.0,2259726,1.0,1,4,2,1.0,,0.0,0,1979.0,B01,138Â 208Â 278,1.0,0.0,-1.0,1724869,1.0,7,,0.0,2.0,1.0,A01,138Â 208Â 277,1.0
1010504,201900052035,9,20,18:55,1,2,1,1.0,4.0,75112,BD PERIPHERIQUE INTERIEUR,M,"48,8368700","2,4124010",75,2019,70.0,1.0,1.0,4.0,2259726,1.0,1,4,2,1.0,,0.0,0,1979.0,B01,138Â 208Â 278,1.0,0.0,-1.0,1724870,1.0,7,,0.0,2.0,2.0,B01,138Â 208Â 278,1.0
1010504,201900052035,9,20,18:55,1,2,1,1.0,4.0,75112,BD PERIPHERIQUE INTERIEUR,M,"48,8368700","2,4124010",75,2019,70.0,1.0,1.0,4.0,2259726,1.0,1,4,2,1.0,,0.0,0,1979.0,B01,138Â 208Â 278,1.0,0.0,-1.0,1724871,1.0,7,,0.0,2.0,4.0,C01,138Â 208Â 279,2.0
1010504,201900052035,9,20,18:55,1,2,1,1.0,4.0,75112,BD PERIPHERIQUE INTERIEUR,M,"48,8368700","2,4124010",75,2019,70.0,1.0,1.0,4.0,2259727,1.0,1,1,1,1.0,,0.0,0,1969.0,C01,138Â 208Â 279,1.0,0.0,-1.0,1724869,1.0,7,,0.0,2.0,1.0,A01,138Â 208Â 277,1.0
1010504,201900052035,9,20,18:55,1,2,1,1.0,4.0,75112,BD PERIPHERIQUE INTERIEUR,M,"48,8368700","2,4124010",75,2019,70.0,1.0,1.0,4.0,2259727,1.0,1,1,1,1.0,,0.0,0,1969.0,C01,138Â 208Â 279,1.0,0.0,-1.0,1724870,1.0,7,,0.0,2.0,2.0,B01,138Â 208Â 278,1.0
1010504,201900052035,9,20,18:55,1,2,1,1.0,4.0,75112,BD PERIPHERIQUE INTERIEUR,M,"48,8368700","2,4124010",75,2019,70.0,1.0,1.0,4.0,2259727,1.0,1,1,1,1.0,,0.0,0,1969.0,C01,138Â 208Â 279,1.0,0.0,-1.0,1724871,1.0,7,,0.0,2.0,4.0,C01,138Â 208Â 279,2.0
1010505,201900052036,9,23,23:24,5,2,2,1.0,6.0,75116,ALLEE DE LONGCHAMP,M,"48,8733060","2,2665890",75,2019,50.0,1.0,2.0,4.0,2259728,10.0,3,3,1,0.0,,2.0,3,1996.0,A01,138Â 208Â 276,0.0,-1.0,-1.0,1724872,1.0,7,,0.0,1.0,1.0,A01,138Â 208Â 276,1.0
1010505,201900052036,9,23,23:24,5,2,2,1.0,6.0,75116,ALLEE DE LONGCHAMP,M,"48,8733060","2,2665890",75,2019,50.0,1.0,2.0,4.0,2259729,1.0,1,1,1,4.0,,0.0,0,1961.0,A01,138Â 208Â 276,1.0,0.0,-1.0,1724872,1.0,7,,0.0,1.0,1.0,A01,138Â 208Â 276,1.0
1010506,201900052037,9,24,12:40,1,2,2,2.0,2.0,75106,QUAI MALAQUAIS,M,"48,8578163","2,3352839",75,2019,50.0,1.0,2.0,4.0,2259730,1.0,1,1,1,0.0,,0.0,0,1992.0,B01,138Â 208Â 274,1.0,0.0,-1.0,1724873,1.0,7,,0.0,2.0,5.0,B01,138Â 208Â 274,1.0
1010506,201900052037,9,24,12:40,1,2,2,2.0,2.0,75106,QUAI MALAQUAIS,M,"48,8578163","2,3352839",75,2019,50.0,1.0,2.0,4.0,2259730,1.0,1,1,1,0.0,,0.0,0,1992.0,B01,138Â 208Â 274,1.0,0.0,-1.0,1724874,1.0,32,,0.0,2.0,1.0,A01,138Â 208Â 275,1.0
1010506,201900052037,9,24,12:40,1,2,2,2.0,2.0,75106,QUAI MALAQUAIS,M,"48,8578163","2,3352839",75,2019,50.0,1.0,2.0,4.0,2259731,1.0,1,4,1,0.0,,0.0,0,1985.0,A01,138Â 208Â 275,2.0,6.0,-1.0,1724873,1.0,7,,0.0,2.0,5.0,B01,138Â 208Â 274,1.0
1010506,201900052037,9,24,12:40,1,2,2,2.0,2.0,75106,QUAI MALAQUAIS,M,"48,8578163","2,3352839",75,2019,50.0,1.0,2.0,4.0,2259731,1.0,1,4,1,0.0,,0.0,0,1985.0,A01,138Â 208Â 275,2.0,6.0,-1.0,1724874,1.0,32,,0.0,2.0,1.0,A01,138Â 208Â 275,1.0
1010507,201900052038,9,24,11:00,1,2,3,2.0,1.0,75120,RUE DE MENILMONTANT,M,"48,8675450","2,3850910",75,2019,50.0,1.0,2.0,4.0,2259732,1.0,1,4,1,9.0,,0.0,0,1995.0,B01,138Â 208Â 272,8.0,2.0,-1.0,1724875,1.0,1,,0.0,2.0,8.0,B01,138Â 208Â 272,5.0
1010507,201900052038,9,24,11:00,1,2,3,2.0,1.0,75120,RUE DE MENILMONTANT,M,"48,8675450","2,3850910",75,2019,50.0,1.0,2.0,4.0,2259732,1.0,1,4,1,9.0,,0.0,0,1995.0,B01,138Â 208Â 272,8.0,2.0,-1.0,1724876,2.0,37,1.0,0.0,2.0,3.0,A01,138Â 208Â 273,1.0
1010507,201900052038,9,24,11:00,1,2,3,2.0,1.0,75120,RUE DE MENILMONTANT,M,"48,8675450","2,3850910",75,2019,50.0,1.0,2.0,4.0,2259733,1.0,1,1,1,4.0,,0.0,0,1982.0,A01,138Â 208Â 273,1.0,0.0,-1.0,1724875,1.0,1,,0.0,2.0,8.0,B01,138Â 208Â 272,5.0
1010507,201900052038,9,24,11:00,1,2,3,2.0,1.0,75120,RUE DE MENILMONTANT,M,"48,8675450","2,3850910",75,2019,50.0,1.0,2.0,4.0,2259733,1.0,1,1,1,4.0,,0.0,0,1982.0,A01,138Â 208Â 273,1.0,0.0,-1.0,1724876,2.0,37,1.0,0.0,2.0,3.0,A01,138Â 208Â 273,1.0
1010508,201900052039,9,24,08:00,1,2,2,1.0,6.0,75120,RUE DES MARAICHERS,M,"48,8561152","2,4055087",75,2019,50.0,5.0,2.0,4.0,2259734,10.0,3,4,2,0.0,,4.0,3,1963.0,A01,138Â 208Â 271,0.0,-1.0,-1.0,1724877,2.0,50,,0.0,1.0,1.0,A01,138Â 208Â 271,3.0
1010508,201900052039,9,24,08:00,1,2,2,1.0,6.0,75120,RUE DES MARAICHERS,M,"48,8561152","2,4055087",75,2019,50.0,5.0,2.0,4.0,2259735,1.0,1,1,1,0.0,,0.0,0,1997.0,A01,138Â 208Â 271,8.0,2.0,-1.0,1724877,2.0,50,,0.0,1.0,1.0,A01,138Â 208Â 271,3.0