Unnamed: 0_x,num_acc,mois,jour,hrmn,lum,agg,int,atm,col,com,adr,gps,lat,long,dep,annee,vma,situ,surf,catr,Unnamed: 0_y,place,catu,grav,sexe,trajet,secu,locp,actp,an_nais,num_veh_x,id_vehicule_x,secu1,secu2,secu3,Unnamed: 0,senc,catv,occutc,obs,obsm,choc,num_veh_y,id_vehicule_y,motor
1010509,201900052040,9,24,16:20,1,2,1,1.0,2.0,75119,AVENUE DE FLANDRE,M,"48,8936960","2,3805600",75,2019,30.0,1.0,2.0,4.0,2259736,1.0,1,4,1,1.0,,0.0,0,1969.0,A01,138Â 208Â 269,2.0,6.0,-1.0,1724878,2.0,31,,0.0,2.0,1.0,A01,138Â 208Â 269,1.0
1010509,201900052040,9,24,16:20,1,2,1,1.0,2.0,75119,AVENUE DE FLANDRE,M,"48,8936960","2,3805600",75,2019,30.0,1.0,2.0,4.0,2259736,1.0,1,4,1,1.0,,0.0,0,1969.0,A01,138Â 208Â 269,2.0,6.0,-1.0,1724879,2.0,7,,0.0,2.0,4.0,B01,138Â 208Â 270,1.0
1010509,201900052040,9,24,16:20,1,2,1,1.0,2.0,75119,AVENUE DE FLANDRE,M,"48,8936960","2,3805600",75,2019,30.0,1.0,2.0,4.0,2259737,1.0,1,1,2,9.0,,0.0,0,1978.0,B01,138Â 208Â 270,1.0,0.0,-1.0,1724878,2.0,31,,0.0,2.0,1.0,A01,138Â 208Â 269,1.0
1010509,201900052040,9,24,16:20,1,2,1,1.0,2.0,75119,AVENUE DE FLANDRE,M,"48,8936960","2,3805600",75,2019,30.0,1.0,2.0,4.0,2259737,1.0,1,1,2,9.0,,0.0,0,1978.0,B01,138Â 208Â 270,1.0,0.0,-1.0,1724879,2.0,7,,0.0,2.0,4.0,B01,138Â 208Â 270,1.0
1010510,201900052041,9,24,16:00,1,2,5,8.0,6.0,75119,AVENUE SECRETAN,M,"48,8801510","2,3757000",75,2019,50.0,1.0,2.0,4.0,2259738,1.0,1,4,1,5.0,,0.0,0,1995.0,A01,138Â 208Â 268,2.0,6.0,-1.0,1724880,1.0,32,,1.0,0.0,8.0,A01,138Â 208Â 268,1.0
1010511,201900052042,9,24,07:30,1,2,2,1.0,6.0,75118,AVENUE DE LA PORTE DE CLIGNANCOURT,M,"48,8993669","2,3441495",75,2019,50.0,5.0,1.0,4.0,2259739,1.0,1,4,1,1.0,,0.0,0,1954.0,A01,138Â 208Â 266,2.0,8.0,-1.0,1724881,1.0,1,,0.0,2.0,8.0,A01,138Â 208Â 266,5.0
1010511,201900052042,9,24,07:30,1,2,2,1.0,6.0,75118,AVENUE DE LA PORTE DE CLIGNANCOURT,M,"48,8993669","2,3441495",75,2019,50.0,5.0,1.0,4.0,2259739,1.0,1,4,1,1.0,,0.0,0,1954.0,A01,138Â 208Â 266,2.0,8.0,-1.0,1724882,1.0,7,,0.0,2.0,7.0,Z01,138Â 208Â 267,0.0
1010512,201900052043,9,23,17:00,1,2,2,1.0,3.0,75117,AVENUE DE LA PORTE DES TERNES,M,"48,8815060","2,2818120",75,2019,30.0,1.0,1.0,4.0,2259740,1.0,1,1,1,9.0,,0.0,0,1977.0,B01,138Â 208Â 264,1.0,0.0,-1.0,1724883,1.0,7,,0.0,2.0,8.0,B01,138Â 208Â 264,1.0
1010512,201900052043,9,23,17:00,1,2,2,1.0,3.0,75117,AVENUE DE LA PORTE DES TERNES,M,"48,8815060","2,2818120",75,2019,30.0,1.0,1.0,4.0,2259740,1.0,1,1,1,9.0,,0.0,0,1977.0,B01,138Â 208Â 264,1.0,0.0,-1.0,1724884,1.0,34,,0.0,2.0,2.0,A01,138Â 208Â 265,1.0
1010512,201900052043,9,23,17:00,1,2,2,1.0,3.0,75117,AVENUE DE LA PORTE DES TERNES,M,"48,8815060","2,2818120",75,2019,30.0,1.0,1.0,4.0,2259741,1.0,1,4,1,4.0,,0.0,0,1986.0,A01,138Â 208Â 265,2.0,6.0,-1.0,1724883,1.0,7,,0.0,2.0,8.0,B01,138Â 208Â 264,1.0
1010512,201900052043,9,23,17:00,1,2,2,1.0,3.0,75117,AVENUE DE LA PORTE DES TERNES,M,"48,8815060","2,2818120",75,2019,30.0,1.0,1.0,4.0,2259741,1.0,1,4,1,4.0,,0.0,0,1986.0,A01,138Â 208Â 265,2.0,6.0,-1.0,1724884,1.0,34,,0.0,2.0,2.0,A01,138Â 208Â 265,1.0
1010513,201900052044,9,23,20:20,5,2,7,1.0,6.0,75116,ROUTE DE LA PTE DES SABLONS A LA PTE MAI,M,"48,8773255","2,2703934",75,2019,50.0,1.0,1.0,4.0,2259742,3.0,2,1,1,1.0,,0.0,0,1966.0,A01,138Â 208Â 263,1.0,0.0,-1.0,1724885,1.0,7,,9.0,0.0,1.0,A01,138Â 208Â 263,2.0
1010513,201900052044,9,23,20:20,5,2,7,1.0,6.0,75116,ROUTE DE LA PTE DES SABLONS A LA PTE MAI,M,"48,8773255","2,2703934",75,2019,50.0,1.0,1.0,4.0,2259743,1.0,1,4,1,4.0,,0.0,0,1957.0,A01,138Â 208Â 263,1.0,0.0,-1.0,1724885,1.0,7,,9.0,0.0,1.0,A01,138Â 208Â 263,2.0
1010513,201900052044,9,23,20:20,5,2,7,1.0,6.0,75116,ROUTE DE LA PTE DES SABLONS A LA PTE MAI,M,"48,8773255","2,2703934",75,2019,50.0,1.0,1.0,4.0,2259744,4.0,2,1,2,0.0,,0.0,0,1984.0,A01,138Â 208Â 263,1.0,0.0,-1.0,1724885,1.0,7,,9.0,0.0,1.0,A01,138Â 208Â 263,2.0
1010514,201900052045,9,23,22:15,5,2,3,1.0,6.0,75116,AVENUE D IENA,M,"48,8671310","2,2954980",75,2019,50.0,1.0,1.0,4.0,2259745,1.0,1,4,2,5.0,,0.0,0,1984.0,A01,138Â 208Â 262,8.0,2.0,-1.0,1724886,2.0,50,,12.0,0.0,1.0,A01,138Â 208Â 262,3.0
1010515,201900052046,9,24,17:50,1,2,1,2.0,3.0,75115,RUE DE LA CROIX NIVERT,M,"48,8469740","2,3002030",75,2019,50.0,1.0,2.0,4.0,2259746,1.0,1,1,1,4.0,,0.0,0,1990.0,A01,138Â 208Â 260,1.0,0.0,-1.0,1724887,2.0,7,,0.0,2.0,3.0,A01,138Â 208Â 260,1.0
1010515,201900052046,9,24,17:50,1,2,1,2.0,3.0,75115,RUE DE LA CROIX NIVERT,M,"48,8469740","2,3002030",75,2019,50.0,1.0,2.0,4.0,2259746,1.0,1,1,1,4.0,,0.0,0,1990.0,A01,138Â 208Â 260,1.0,0.0,-1.0,1724888,2.0,1,,0.0,2.0,2.0,B01,138Â 208Â 261,5.0
1010515,201900052046,9,24,17:50,1,2,1,2.0,3.0,75115,RUE DE LA CROIX NIVERT,M,"48,8469740","2,3002030",75,2019,50.0,1.0,2.0,4.0,2259747,1.0,1,4,1,5.0,,0.0,0,1979.0,B01,138Â 208Â 261,8.0,2.0,-1.0,1724887,2.0,7,,0.0,2.0,3.0,A01,138Â 208Â 260,1.0
1010515,201900052046,9,24,17:50,1,2,1,2.0,3.0,75115,RUE DE LA CROIX NIVERT,M,"48,8469740","2,3002030",75,2019,50.0,1.0,2.0,4.0,2259747,1.0,1,4,1,5.0,,0.0,0,1979.0,B01,138Â 208Â 261,8.0,2.0,-1.0,1724888,2.0,1,,0.0,2.0,2.0,B01,138Â 208Â 261,5.0
1010516,201900052047,8,23,05:30,3,1,1,1.0,3.0,91129,D191,M,"48,4765580","2,3275420",91,2019,80.0,1.0,1.0,3.0,2259748,1.0,1,1,1,1.0,,0.0,0,1985.0,B01,138Â 208Â 258,1.0,-1.0,-1.0,1724889,3.0,7,,0.0,0.0,3.0,B01,138Â 208Â 258,1.0
1010516,201900052047,8,23,05:30,3,1,1,1.0,3.0,91129,D191,M,"48,4765580","2,3275420",91,2019,80.0,1.0,1.0,3.0,2259748,1.0,1,1,1,1.0,,0.0,0,1985.0,B01,138Â 208Â 258,1.0,-1.0,-1.0,1724890,3.0,7,,13.0,0.0,0.0,A01,138Â 208Â 259,1.0
1010516,201900052047,8,23,05:30,3,1,1,1.0,3.0,91129,D191,M,"48,4765580","2,3275420",91,2019,80.0,1.0,1.0,3.0,2259749,1.0,1,3,2,1.0,,0.0,0,1978.0,A01,138Â 208Â 259,1.0,-1.0,-1.0,1724889,3.0,7,,0.0,0.0,3.0,B01,138Â 208Â 258,1.0
1010516,201900052047,8,23,05:30,3,1,1,1.0,3.0,91129,D191,M,"48,4765580","2,3275420",91,2019,80.0,1.0,1.0,3.0,2259749,1.0,1,3,2,1.0,,0.0,0,1978.0,A01,138Â 208Â 259,1.0,-1.0,-1.0,1724890,3.0,7,,13.0,0.0,0.0,A01,138Â 208Â 259,1.0
1010517,201900052048,8,24,02:15,3,1,1,1.0,6.0,34063,d 13 E5,M,"43,4865350","3,3889260",34,2019,80.0,3.0,1.0,3.0,2259750,1.0,1,3,1,5.0,,0.0,0,1992.0,A01,138Â 208Â 257,2.0,6.0,-1.0,1724891,1.0,33,,13.0,0.0,1.0,A01,138Â 208Â 257,1.0
1010518,201900052049,8,21,00:30,3,1,1,1.0,6.0,34141,D52,M,"43,3040383","2,6348000",34,2019,80.0,3.0,1.0,3.0,2259751,1.0,1,3,1,1.0,,0.0,0,2000.0,A01,138Â 208Â 256,1.0,-1.0,-1.0,1724892,1.0,7,,2.0,0.0,0.0,A01,138Â 208Â 256,1.0
1010519,201900052050,8,22,23:20,3,1,3,1.0,3.0,34154,D189,M,"43,6221850","3,9923170",34,2019,70.0,1.0,1.0,3.0,2259752,2.0,2,1,2,5.0,,0.0,0,2003.0,B01,138Â 208Â 254,1.0,-1.0,-1.0,1724893,2.0,7,,0.0,2.0,3.0,B01,138Â 208Â 254,1.0
1010519,201900052050,8,22,23:20,3,1,3,1.0,3.0,34154,D189,M,"43,6221850","3,9923170",34,2019,70.0,1.0,1.0,3.0,2259752,2.0,2,1,2,5.0,,0.0,0,2003.0,B01,138Â 208Â 254,1.0,-1.0,-1.0,1724894,2.0,7,,0.0,2.0,2.0,A01,138Â 208Â 255,1.0
1010519,201900052050,8,22,23:20,3,1,3,1.0,3.0,34154,D189,M,"43,6221850","3,9923170",34,2019,70.0,1.0,1.0,3.0,2259753,1.0,1,1,2,5.0,,0.0,0,2000.0,B01,138Â 208Â 254,1.0,-1.0,-1.0,1724893,2.0,7,,0.0,2.0,3.0,B01,138Â 208Â 254,1.0
1010519,201900052050,8,22,23:20,3,1,3,1.0,3.0,34154,D189,M,"43,6221850","3,9923170",34,2019,70.0,1.0,1.0,3.0,2259753,1.0,1,1,2,5.0,,0.0,0,2000.0,B01,138Â 208Â 254,1.0,-1.0,-1.0,1724894,2.0,7,,0.0,2.0,2.0,A01,138Â 208Â 255,1.0
1010519,201900052050,8,22,23:20,3,1,3,1.0,3.0,34154,D189,M,"43,6221850","3,9923170",34,2019,70.0,1.0,1.0,3.0,2259754,2.0,2,3,2,5.0,,0.0,0,1946.0,A01,138Â 208Â 255,1.0,-1.0,-1.0,1724893,2.0,7,,0.0,2.0,3.0,B01,138Â 208Â 254,1.0
1010519,201900052050,8,22,23:20,3,1,3,1.0,3.0,34154,D189,M,"43,6221850","3,9923170",34,2019,70.0,1.0,1.0,3.0,2259754,2.0,2,3,2,5.0,,0.0,0,1946.0,A01,138Â 208Â 255,1.0,-1.0,-1.0,1724894,2.0,7,,0.0,2.0,2.0,A01,138Â 208Â 255,1.0
1010519,201900052050,8,22,23:20,3,1,3,1.0,3.0,34154,D189,M,"43,6221850","3,9923170",34,2019,70.0,1.0,1.0,3.0,2259755,1.0,1,1,2,5.0,,0.0,0,1975.0,A01,138Â 208Â 255,1.0,-1.0,-1.0,1724893,2.0,7,,0.0,2.0,3.0,B01,138Â 208Â 254,1.0
1010519,201900052050,8,22,23:20,3,1,3,1.0,3.0,34154,D189,M,"43,6221850","3,9923170",34,2019,70.0,1.0,1.0,3.0,2259755,1.0,1,1,2,5.0,,0.0,0,1975.0,A01,138Â 208Â 255,1.0,-1.0,-1.0,1724894,2.0,7,,0.0,2.0,2.0,A01,138Â 208Â 255,1.0
1010519,201900052050,8,22,23:20,3,1,3,1.0,3.0,34154,D189,M,"43,6221850","3,9923170",34,2019,70.0,1.0,1.0,3.0,2259756,9.0,2,4,1,5.0,,0.0,0,1971.0,A01,138Â 208Â 255,1.0,-1.0,-1.0,1724893,2.0,7,,0.0,2.0,3.0,B01,138Â 208Â 254,1.0
1010519,201900052050,8,22,23:20,3,1,3,1.0,3.0,34154,D189,M,"43,6221850","3,9923170",34,2019,70.0,1.0,1.0,3.0,2259756,9.0,2,4,1,5.0,,0.0,0,1971.0,A01,138Â 208Â 255,1.0,-1.0,-1.0,1724894,2.0,7,,0.0,2.0,2.0,A01,138Â 208Â 255,1.0
1010520,201900052051,8,24,16:30,1,2,6,1.0,6.0,34145,Rue Jules Ferry,M,"43,6725279","4,1475534",34,2019,80.0,1.0,1.0,3.0,2259757,10.0,3,3,1,1.0,,3.0,3,1978.0,A01,138Â 208Â 253,0.0,-1.0,-1.0,1724895,3.0,7,,0.0,1.0,1.0,A01,138Â 208Â 253,1.0
1010520,201900052051,8,24,16:30,1,2,6,1.0,6.0,34145,Rue Jules Ferry,M,"43,6725279","4,1475534",34,2019,80.0,1.0,1.0,3.0,2259758,1.0,1,1,1,1.0,,0.0,0,1985.0,A01,138Â 208Â 253,1.0,-1.0,-1.0,1724895,3.0,7,,0.0,1.0,1.0,A01,138Â 208Â 253,1.0
1010521,201900052052,8,25,12:45,1,1,6,1.0,6.0,84065,ROUTE E CAVAILLON,M,"43,7458890","5,3067530",84,2019,50.0,1.0,1.0,3.0,2259759,1.0,1,3,1,5.0,,0.0,0,1961.0,A01,138Â 208Â 252,2.0,6.0,-1.0,1724896,1.0,33,,8.0,0.0,1.0,A01,138Â 208Â 252,1.0
1010522,201900052053,6,9,12:00,1,2,1,1.0,6.0,83047,Avenue Ãdouard Aiguier,M,"43,1200680","6,0691620",83,2019,30.0,4.0,1.0,4.0,2259760,10.0,3,4,1,5.0,,5.0,9,1966.0,A01,138Â 208Â 251,0.0,-1.0,-1.0,1724897,3.0,3,,9.0,0.0,3.0,A01,138Â 208Â 251,1.0
1010522,201900052053,6,9,12:00,1,2,1,1.0,6.0,83047,Avenue Ãdouard Aiguier,M,"43,1200680","6,0691620",83,2019,30.0,4.0,1.0,4.0,2259761,1.0,1,1,1,5.0,,0.0,0,2002.0,A01,138Â 208Â 251,1.0,-1.0,-1.0,1724897,3.0,3,,9.0,0.0,3.0,A01,138Â 208Â 251,1.0
1010523,201900052054,8,24,12:15,1,2,1,1.0,5.0,83150,Avenue de la RÃ©publique,M,"43,7231210","5,8104730",83,2019,50.0,1.0,1.0,3.0,2259762,1.0,1,1,2,5.0,,0.0,0,1963.0,A01,138Â 208Â 245,1.0,-1.0,-1.0,1724898,1.0,7,,0.0,0.0,4.0,A01,138Â 208Â 245,1.0
1010523,201900052054,8,24,12:15,1,2,1,1.0,5.0,83150,Avenue de la RÃ©publique,M,"43,7231210","5,8104730",83,2019,50.0,1.0,1.0,3.0,2259762,1.0,1,1,2,5.0,,0.0,0,1963.0,A01,138Â 208Â 245,1.0,-1.0,-1.0,1724899,1.0,33,,0.0,2.0,4.0,B01,138Â 208Â 246,1.0
1010523,201900052054,8,24,12:15,1,2,1,1.0,5.0,83150,Avenue de la RÃ©publique,M,"43,7231210","5,8104730",83,2019,50.0,1.0,1.0,3.0,2259762,1.0,1,1,2,5.0,,0.0,0,1963.0,A01,138Â 208Â 245,1.0,-1.0,-1.0,1724900,1.0,7,,0.0,2.0,4.0,C01,138Â 208Â 247,1.0
1010523,201900052054,8,24,12:15,1,2,1,1.0,5.0,83150,Avenue de la RÃ©publique,M,"43,7231210","5,8104730",83,2019,50.0,1.0,1.0,3.0,2259762,1.0,1,1,2,5.0,,0.0,0,1963.0,A01,138Â 208Â 245,1.0,-1.0,-1.0,1724901,1.0,7,,0.0,2.0,4.0,D01,138Â 208Â 248,1.0
1010523,201900052054,8,24,12:15,1,2,1,1.0,5.0,83150,Avenue de la RÃ©publique,M,"43,7231210","5,8104730",83,2019,50.0,1.0,1.0,3.0,2259762,1.0,1,1,2,5.0,,0.0,0,1963.0,A01,138Â 208Â 245,1.0,-1.0,-1.0,1724902,1.0,7,,0.0,2.0,4.0,E01,138Â 208Â 249,1.0
1010523,201900052054,8,24,12:15,1,2,1,1.0,5.0,83150,Avenue de la RÃ©publique,M,"43,7231210","5,8104730",83,2019,50.0,1.0,1.0,3.0,2259762,1.0,1,1,2,5.0,,0.0,0,1963.0,A01,138Â 208Â 245,1.0,-1.0,-1.0,1724903,1.0,7,,0.0,2.0,1.0,F01,138Â 208Â 250,1.0
1010523,201900052054,8,24,12:15,1,2,1,1.0,5.0,83150,Avenue de la RÃ©publique,M,"43,7231210","5,8104730",83,2019,50.0,1.0,1.0,3.0,2259763,1.0,1,1,1,0.0,,0.0,0,1952.0,B01,138Â 208Â 246,2.0,6.0,-1.0,1724898,1.0,7,,0.0,0.0,4.0,A01,138Â 208Â 245,1.0
1010523,201900052054,8,24,12:15,1,2,1,1.0,5.0,83150,Avenue de la RÃ©publique,M,"43,7231210","5,8104730",83,2019,50.0,1.0,1.0,3.0,2259763,1.0,1,1,1,0.0,,0.0,0,1952.0,B01,138Â 208Â 246,2.0,6.0,-1.0,1724899,1.0,33,,0.0,2.0,4.0,B01,138Â 208Â 246,1.0
1010523,201900052054,8,24,12:15,1,2,1,1.0,5.0,83150,Avenue de la RÃ©publique,M,"43,7231210","5,8104730",83,2019,50.0,1.0,1.0,3.0,2259763,1.0,1,1,1,0.0,,0.0,0,1952.0,B01,138Â 208Â 246,2.0,6.0,-1.0,1724900,1.0,7,,0.0,2.0,4.0,C01,138Â 208Â 247,1.0
1010523,201900052054,8,24,12:15,1,2,1,1.0,5.0,83150,Avenue de la RÃ©publique,M,"43,7231210","5,8104730",83,2019,50.0,1.0,1.0,3.0,2259763,1.0,1,1,1,0.0,,0.0,0,1952.0,B01,138Â 208Â 246,2.0,6.0,-1.0,1724901,1.0,7,,0.0,2.0,4.0,D01,138Â 208Â 248,1.0
1010523,201900052054,8,24,12:15,1,2,1,1.0,5.0,83150,Avenue de la RÃ©publique,M,"43,7231210","5,8104730",83,2019,50.0,1.0,1.0,3.0,2259763,1.0,1,1,1,0.0,,0.0,0,1952.0,B01,138Â 208Â 246,2.0,6.0,-1.0,1724902,1.0,7,,0.0,2.0,4.0,E01,138Â 208Â 249,1.0
1010523,201900052054,8,24,12:15,1,2,1,1.0,5.0,83150,Avenue de la RÃ©publique,M,"43,7231210","5,8104730",83,2019,50.0,1.0,1.0,3.0,2259763,1.0,1,1,1,0.0,,0.0,0,1952.0,B01,138Â 208Â 246,2.0,6.0,-1.0,1724903,1.0,7,,0.0,2.0,1.0,F01,138Â 208Â 250,1.0
1010523,201900052054,8,24,12:15,1,2,1,1.0,5.0,83150,Avenue de la RÃ©publique,M,"43,7231210","5,8104730",83,2019,50.0,1.0,1.0,3.0,2259764,2.0,2,4,2,5.0,,0.0,0,1956.0,B01,138Â 208Â 246,2.0,6.0,-1.0,1724898,1.0,7,,0.0,0.0,4.0,A01,138Â 208Â 245,1.0
1010523,201900052054,8,24,12:15,1,2,1,1.0,5.0,83150,Avenue de la RÃ©publique,M,"43,7231210","5,8104730",83,2019,50.0,1.0,1.0,3.0,2259764,2.0,2,4,2,5.0,,0.0,0,1956.0,B01,138Â 208Â 246,2.0,6.0,-1.0,1724899,1.0,33,,0.0,2.0,4.0,B01,138Â 208Â 246,1.0
1010523,201900052054,8,24,12:15,1,2,1,1.0,5.0,83150,Avenue de la RÃ©publique,M,"43,7231210","5,8104730",83,2019,50.0,1.0,1.0,3.0,2259764,2.0,2,4,2,5.0,,0.0,0,1956.0,B01,138Â 208Â 246,2.0,6.0,-1.0,1724900,1.0,7,,0.0,2.0,4.0,C01,138Â 208Â 247,1.0
1010523,201900052054,8,24,12:15,1,2,1,1.0,5.0,83150,Avenue de la RÃ©publique,M,"43,7231210","5,8104730",83,2019,50.0,1.0,1.0,3.0,2259764,2.0,2,4,2,5.0,,0.0,0,1956.0,B01,138Â 208Â 246,2.0,6.0,-1.0,1724901,1.0,7,,0.0,2.0,4.0,D01,138Â 208Â 248,1.0
1010523,201900052054,8,24,12:15,1,2,1,1.0,5.0,83150,Avenue de la RÃ©publique,M,"43,7231210","5,8104730",83,2019,50.0,1.0,1.0,3.0,2259764,2.0,2,4,2,5.0,,0.0,0,1956.0,B01,138Â 208Â 246,2.0,6.0,-1.0,1724902,1.0,7,,0.0,2.0,4.0,E01,138Â 208Â 249,1.0
1010523,201900052054,8,24,12:15,1,2,1,1.0,5.0,83150,Avenue de la RÃ©publique,M,"43,7231210","5,8104730",83,2019,50.0,1.0,1.0,3.0,2259764,2.0,2,4,2,5.0,,0.0,0,1956.0,B01,138Â 208Â 246,2.0,6.0,-1.0,1724903,1.0,7,,0.0,2.0,1.0,F01,138Â 208Â 250,1.0
1010523,201900052054,8,24,12:15,1,2,1,1.0,5.0,83150,Avenue de la RÃ©publique,M,"43,7231210","5,8104730",83,2019,50.0,1.0,1.0,3.0,2259765,1.0,1,4,2,5.0,,0.0,0,1992.0,C01,138Â 208Â 247,1.0,-1.0,-1.0,1724898,1.0,7,,0.0,0.0,4.0,A01,138Â 208Â 245,1.0
1010523,201900052054,8,24,12:15,1,2,1,1.0,5.0,83150,Avenue de la RÃ©publique,M,"43,7231210","5,8104730",83,2019,50.0,1.0,1.0,3.0,2259765,1.0,1,4,2,5.0,,0.0,0,1992.0,C01,138Â 208Â 247,1.0,-1.0,-1.0,1724899,1.0,33,,0.0,2.0,4.0,B01,138Â 208Â 246,1.0
1010523,201900052054,8,24,12:15,1,2,1,1.0,5.0,83150,Avenue de la RÃ©publique,M,"43,7231210","5,8104730",83,2019,50.0,1.0,1.0,3.0,2259765,1.0,1,4,2,5.0,,0.0,0,1992.0,C01,138Â 208Â 247,1.0,-1.0,-1.0,1724900,1.0,7,,0.0,2.0,4.0,C01,138Â 208Â 247,1.0
1010523,201900052054,8,24,12:15,1,2,1,1.0,5.0,83150,Avenue de la RÃ©publique,M,"43,7231210","5,8104730",83,2019,50.0,1.0,1.0,3.0,2259765,1.0,1,4,2,5.0,,0.0,0,1992.0,C01,138Â 208Â 247,1.0,-1.0,-1.0,1724901,1.0,7,,0.0,2.0,4.0,D01,138Â 208Â 248,1.0
1010523,201900052054,8,24,12:15,1,2,1,1.0,5.0,83150,Avenue de la RÃ©publique,M,"43,7231210","5,8104730",83,2019,50.0,1.0,1.0,3.0,2259765,1.0,1,4,2,5.0,,0.0,0,1992.0,C01,138Â 208Â 247,1.0,-1.0,-1.0,1724902,1.0,7,,0.0,2.0,4.0,E01,138Â 208Â 249,1.0
1010523,201900052054,8,24,12:15,1,2,1,1.0,5.0,83150,Avenue de la RÃ©publique,M,"43,7231210","5,8104730",83,2019,50.0,1.0,1.0,3.0,2259765,1.0,1,4,2,5.0,,0.0,0,1992.0,C01,138Â 208Â 247,1.0,-1.0,-1.0,1724903,1.0,7,,0.0,2.0,1.0,F01,138Â 208Â 250,1.0
1010523,201900052054,8,24,12:15,1,2,1,1.0,5.0,83150,Avenue de la RÃ©publique,M,"43,7231210","5,8104730",83,2019,50.0,1.0,1.0,3.0,2259766,1.0,1,4,1,1.0,,0.0,0,1969.0,D01,138Â 208Â 248,1.0,-1.0,-1.0,1724898,1.0,7,,0.0,0.0,4.0,A01,138Â 208Â 245,1.0
1010523,201900052054,8,24,12:15,1,2,1,1.0,5.0,83150,Avenue de la RÃ©publique,M,"43,7231210","5,8104730",83,2019,50.0,1.0,1.0,3.0,2259766,1.0,1,4,1,1.0,,0.0,0,1969.0,D01,138Â 208Â 248,1.0,-1.0,-1.0,1724899,1.0,33,,0.0,2.0,4.0,B01,138Â 208Â 246,1.0
1010523,201900052054,8,24,12:15,1,2,1,1.0,5.0,83150,Avenue de la RÃ©publique,M,"43,7231210","5,8104730",83,2019,50.0,1.0,1.0,3.0,2259766,1.0,1,4,1,1.0,,0.0,0,1969.0,D01,138Â 208Â 248,1.0,-1.0,-1.0,1724900,1.0,7,,0.0,2.0,4.0,C01,138Â 208Â 247,1.0
1010523,201900052054,8,24,12:15,1,2,1,1.0,5.0,83150,Avenue de la RÃ©publique,M,"43,7231210","5,8104730",83,2019,50.0,1.0,1.0,3.0,2259766,1.0,1,4,1,1.0,,0.0,0,1969.0,D01,138Â 208Â 248,1.0,-1.0,-1.0,1724901,1.0,7,,0.0,2.0,4.0,D01,138Â 208Â 248,1.0
1010523,201900052054,8,24,12:15,1,2,1,1.0,5.0,83150,Avenue de la RÃ©publique,M,"43,7231210","5,8104730",83,2019,50.0,1.0,1.0,3.0,2259766,1.0,1,4,1,1.0,,0.0,0,1969.0,D01,138Â 208Â 248,1.0,-1.0,-1.0,1724902,1.0,7,,0.0,2.0,4.0,E01,138Â 208Â 249,1.0
1010523,201900052054,8,24,12:15,1,2,1,1.0,5.0,83150,Avenue de la RÃ©publique,M,"43,7231210","5,8104730",83,2019,50.0,1.0,1.0,3.0,2259766,1.0,1,4,1,1.0,,0.0,0,1969.0,D01,138Â 208Â 248,1.0,-1.0,-1.0,1724903,1.0,7,,0.0,2.0,1.0,F01,138Â 208Â 250,1.0
1010523,201900052054,8,24,12:15,1,2,1,1.0,5.0,83150,Avenue de la RÃ©publique,M,"43,7231210","5,8104730",83,2019,50.0,1.0,1.0,3.0,2259767,2.0,2,4,2,9.0,,0.0,0,1969.0,E01,138Â 208Â 249,1.0,-1.0,-1.0,1724898,1.0,7,,0.0,0.0,4.0,A01,138Â 208Â 245,1.0
1010523,201900052054,8,24,12:15,1,2,1,1.0,5.0,83150,Avenue de la RÃ©publique,M,"43,7231210","5,8104730",83,2019,50.0,1.0,1.0,3.0,2259767,2.0,2,4,2,9.0,,0.0,0,1969.0,E01,138Â 208Â 249,1.0,-1.0,-1.0,1724899,1.0,33,,0.0,2.0,4.0,B01,138Â 208Â 246,1.0
1010523,201900052054,8,24,12:15,1,2,1,1.0,5.0,83150,Avenue de la RÃ©publique,M,"43,7231210","5,8104730",83,2019,50.0,1.0,1.0,3.0,2259767,2.0,2,4,2,9.0,,0.0,0,1969.0,E01,138Â 208Â 249,1.0,-1.0,-1.0,1724900,1.0,7,,0.0,2.0,4.0,C01,138Â 208Â 247,1.0
1010523,201900052054,8,24,12:15,1,2,1,1.0,5.0,83150,Avenue de la RÃ©publique,M,"43,7231210","5,8104730",83,2019,50.0,1.0,1.0,3.0,2259767,2.0,2,4,2,9.0,,0.0,0,1969.0,E01,138Â 208Â 249,1.0,-1.0,-1.0,1724901,1.0,7,,0.0,2.0,4.0,D01,138Â 208Â 248,1.0
1010523,201900052054,8,24,12:15,1,2,1,1.0,5.0,83150,Avenue de la RÃ©publique,M,"43,7231210","5,8104730",83,2019,50.0,1.0,1.0,3.0,2259767,2.0,2,4,2,9.0,,0.0,0,1969.0,E01,138Â 208Â 249,1.0,-1.0,-1.0,1724902,1.0,7,,0.0,2.0,4.0,E01,138Â 208Â 249,1.0
1010523,201900052054,8,24,12:15,1,2,1,1.0,5.0,83150,Avenue de la RÃ©publique,M,"43,7231210","5,8104730",83,2019,50.0,1.0,1.0,3.0,2259767,2.0,2,4,2,9.0,,0.0,0,1969.0,E01,138Â 208Â 249,1.0,-1.0,-1.0,1724903,1.0,7,,0.0,2.0,1.0,F01,138Â 208Â 250,1.0