Unnamed: 0_x,num_acc,mois,jour,hrmn,lum,agg,int,atm,col,com,adr,gps,lat,long,dep,annee,vma,situ,surf,catr,Unnamed: 0_y,place,catu,grav,sexe,trajet,secu,locp,actp,an_nais,num_veh_x,id_vehicule_x,secu1,secu2,secu3,Unnamed: 0,senc,catv,occutc,obs,obsm,choc,num_veh_y,id_vehicule_y,motor
1010523,201900052054,8,24,12:15,1,2,1,1.0,5.0,83150,Avenue de la RÃ©publique,M,"43,7231210","5,8104730",83,2019,50.0,1.0,1.0,3.0,2259768,9.0,2,4,2,5.0,,0.0,0,1933.0,E01,138Â 208Â 249,1.0,-1.0,-1.0,1724898,1.0,7,,0.0,0.0,4.0,A01,138Â 208Â 245,1.0
1010523,201900052054,8,24,12:15,1,2,1,1.0,5.0,83150,Avenue de la RÃ©publique,M,"43,7231210","5,8104730",83,2019,50.0,1.0,1.0,3.0,2259768,9.0,2,4,2,5.0,,0.0,0,1933.0,E01,138Â 208Â 249,1.0,-1.0,-1.0,1724899,1.0,33,,0.0,2.0,4.0,B01,138Â 208Â 246,1.0
1010523,201900052054,8,24,12:15,1,2,1,1.0,5.0,83150,Avenue de la RÃ©publique,M,"43,7231210","5,8104730",83,2019,50.0,1.0,1.0,3.0,2259768,9.0,2,4,2,5.0,,0.0,0,1933.0,E01,138Â 208Â 249,1.0,-1.0,-1.0,1724900,1.0,7,,0.0,2.0,4.0,C01,138Â 208Â 247,1.0
1010523,201900052054,8,24,12:15,1,2,1,1.0,5.0,83150,Avenue de la RÃ©publique,M,"43,7231210","5,8104730",83,2019,50.0,1.0,1.0,3.0,2259768,9.0,2,4,2,5.0,,0.0,0,1933.0,E01,138Â 208Â 249,1.0,-1.0,-1.0,1724901,1.0,7,,0.0,2.0,4.0,D01,138Â 208Â 248,1.0
1010523,201900052054,8,24,12:15,1,2,1,1.0,5.0,83150,Avenue de la RÃ©publique,M,"43,7231210","5,8104730",83,2019,50.0,1.0,1.0,3.0,2259768,9.0,2,4,2,5.0,,0.0,0,1933.0,E01,138Â 208Â 249,1.0,-1.0,-1.0,1724902,1.0,7,,0.0,2.0,4.0,E01,138Â 208Â 249,1.0
1010523,201900052054,8,24,12:15,1,2,1,1.0,5.0,83150,Avenue de la RÃ©publique,M,"43,7231210","5,8104730",83,2019,50.0,1.0,1.0,3.0,2259768,9.0,2,4,2,5.0,,0.0,0,1933.0,E01,138Â 208Â 249,1.0,-1.0,-1.0,1724903,1.0,7,,0.0,2.0,1.0,F01,138Â 208Â 250,1.0
1010523,201900052054,8,24,12:15,1,2,1,1.0,5.0,83150,Avenue de la RÃ©publique,M,"43,7231210","5,8104730",83,2019,50.0,1.0,1.0,3.0,2259769,1.0,1,1,1,5.0,,0.0,0,2001.0,E01,138Â 208Â 249,1.0,-1.0,-1.0,1724898,1.0,7,,0.0,0.0,4.0,A01,138Â 208Â 245,1.0
1010523,201900052054,8,24,12:15,1,2,1,1.0,5.0,83150,Avenue de la RÃ©publique,M,"43,7231210","5,8104730",83,2019,50.0,1.0,1.0,3.0,2259769,1.0,1,1,1,5.0,,0.0,0,2001.0,E01,138Â 208Â 249,1.0,-1.0,-1.0,1724899,1.0,33,,0.0,2.0,4.0,B01,138Â 208Â 246,1.0
1010523,201900052054,8,24,12:15,1,2,1,1.0,5.0,83150,Avenue de la RÃ©publique,M,"43,7231210","5,8104730",83,2019,50.0,1.0,1.0,3.0,2259769,1.0,1,1,1,5.0,,0.0,0,2001.0,E01,138Â 208Â 249,1.0,-1.0,-1.0,1724900,1.0,7,,0.0,2.0,4.0,C01,138Â 208Â 247,1.0
1010523,201900052054,8,24,12:15,1,2,1,1.0,5.0,83150,Avenue de la RÃ©publique,M,"43,7231210","5,8104730",83,2019,50.0,1.0,1.0,3.0,2259769,1.0,1,1,1,5.0,,0.0,0,2001.0,E01,138Â 208Â 249,1.0,-1.0,-1.0,1724901,1.0,7,,0.0,2.0,4.0,D01,138Â 208Â 248,1.0
1010523,201900052054,8,24,12:15,1,2,1,1.0,5.0,83150,Avenue de la RÃ©publique,M,"43,7231210","5,8104730",83,2019,50.0,1.0,1.0,3.0,2259769,1.0,1,1,1,5.0,,0.0,0,2001.0,E01,138Â 208Â 249,1.0,-1.0,-1.0,1724902,1.0,7,,0.0,2.0,4.0,E01,138Â 208Â 249,1.0
1010523,201900052054,8,24,12:15,1,2,1,1.0,5.0,83150,Avenue de la RÃ©publique,M,"43,7231210","5,8104730",83,2019,50.0,1.0,1.0,3.0,2259769,1.0,1,1,1,5.0,,0.0,0,2001.0,E01,138Â 208Â 249,1.0,-1.0,-1.0,1724903,1.0,7,,0.0,2.0,1.0,F01,138Â 208Â 250,1.0
1010523,201900052054,8,24,12:15,1,2,1,1.0,5.0,83150,Avenue de la RÃ©publique,M,"43,7231210","5,8104730",83,2019,50.0,1.0,1.0,3.0,2259770,1.0,1,1,1,5.0,,0.0,0,1963.0,F01,138Â 208Â 250,1.0,-1.0,-1.0,1724898,1.0,7,,0.0,0.0,4.0,A01,138Â 208Â 245,1.0
1010523,201900052054,8,24,12:15,1,2,1,1.0,5.0,83150,Avenue de la RÃ©publique,M,"43,7231210","5,8104730",83,2019,50.0,1.0,1.0,3.0,2259770,1.0,1,1,1,5.0,,0.0,0,1963.0,F01,138Â 208Â 250,1.0,-1.0,-1.0,1724899,1.0,33,,0.0,2.0,4.0,B01,138Â 208Â 246,1.0
1010523,201900052054,8,24,12:15,1,2,1,1.0,5.0,83150,Avenue de la RÃ©publique,M,"43,7231210","5,8104730",83,2019,50.0,1.0,1.0,3.0,2259770,1.0,1,1,1,5.0,,0.0,0,1963.0,F01,138Â 208Â 250,1.0,-1.0,-1.0,1724900,1.0,7,,0.0,2.0,4.0,C01,138Â 208Â 247,1.0
1010523,201900052054,8,24,12:15,1,2,1,1.0,5.0,83150,Avenue de la RÃ©publique,M,"43,7231210","5,8104730",83,2019,50.0,1.0,1.0,3.0,2259770,1.0,1,1,1,5.0,,0.0,0,1963.0,F01,138Â 208Â 250,1.0,-1.0,-1.0,1724901,1.0,7,,0.0,2.0,4.0,D01,138Â 208Â 248,1.0
1010523,201900052054,8,24,12:15,1,2,1,1.0,5.0,83150,Avenue de la RÃ©publique,M,"43,7231210","5,8104730",83,2019,50.0,1.0,1.0,3.0,2259770,1.0,1,1,1,5.0,,0.0,0,1963.0,F01,138Â 208Â 250,1.0,-1.0,-1.0,1724902,1.0,7,,0.0,2.0,4.0,E01,138Â 208Â 249,1.0
1010523,201900052054,8,24,12:15,1,2,1,1.0,5.0,83150,Avenue de la RÃ©publique,M,"43,7231210","5,8104730",83,2019,50.0,1.0,1.0,3.0,2259770,1.0,1,1,1,5.0,,0.0,0,1963.0,F01,138Â 208Â 250,1.0,-1.0,-1.0,1724903,1.0,7,,0.0,2.0,1.0,F01,138Â 208Â 250,1.0
1010524,201900052055,8,23,21:15,5,2,1,1.0,1.0,05065,Le Villard,M,"44,6614930","6,6199870",5,2019,50.0,1.0,1.0,4.0,2259771,2.0,2,4,2,5.0,,0.0,0,2001.0,A01,138Â 208Â 243,1.0,-1.0,-1.0,1724904,2.0,7,,0.0,2.0,3.0,A01,138Â 208Â 243,1.0
1010524,201900052055,8,23,21:15,5,2,1,1.0,1.0,05065,Le Villard,M,"44,6614930","6,6199870",5,2019,50.0,1.0,1.0,4.0,2259771,2.0,2,4,2,5.0,,0.0,0,2001.0,A01,138Â 208Â 243,1.0,-1.0,-1.0,1724905,1.0,7,,0.0,2.0,3.0,B01,138Â 208Â 244,1.0
1010524,201900052055,8,23,21:15,5,2,1,1.0,1.0,05065,Le Villard,M,"44,6614930","6,6199870",5,2019,50.0,1.0,1.0,4.0,2259772,1.0,1,1,1,5.0,,0.0,0,1996.0,A01,138Â 208Â 243,1.0,-1.0,-1.0,1724904,2.0,7,,0.0,2.0,3.0,A01,138Â 208Â 243,1.0
1010524,201900052055,8,23,21:15,5,2,1,1.0,1.0,05065,Le Villard,M,"44,6614930","6,6199870",5,2019,50.0,1.0,1.0,4.0,2259772,1.0,1,1,1,5.0,,0.0,0,1996.0,A01,138Â 208Â 243,1.0,-1.0,-1.0,1724905,1.0,7,,0.0,2.0,3.0,B01,138Â 208Â 244,1.0
1010524,201900052055,8,23,21:15,5,2,1,1.0,1.0,05065,Le Villard,M,"44,6614930","6,6199870",5,2019,50.0,1.0,1.0,4.0,2259773,1.0,1,4,2,9.0,,0.0,0,1951.0,B01,138Â 208Â 244,1.0,-1.0,-1.0,1724904,2.0,7,,0.0,2.0,3.0,A01,138Â 208Â 243,1.0
1010524,201900052055,8,23,21:15,5,2,1,1.0,1.0,05065,Le Villard,M,"44,6614930","6,6199870",5,2019,50.0,1.0,1.0,4.0,2259773,1.0,1,4,2,9.0,,0.0,0,1951.0,B01,138Â 208Â 244,1.0,-1.0,-1.0,1724905,1.0,7,,0.0,2.0,3.0,B01,138Â 208Â 244,1.0
1010525,201900052056,8,24,03:45,5,2,1,1.0,6.0,04039,RD 952,M,"43,8458820","6,5071790",4,2019,50.0,4.0,1.0,3.0,2259774,1.0,1,3,1,5.0,,0.0,0,1992.0,A01,138Â 208Â 242,1.0,-1.0,-1.0,1724906,1.0,7,,8.0,2.0,3.0,A01,138Â 208Â 242,1.0
1010526,201900052057,8,14,16:00,1,1,1,1.0,1.0,04143,Ch des Buissonnades,M,"43,8852700","5,9056170",4,2019,80.0,1.0,1.0,4.0,2259775,1.0,1,4,1,9.0,,0.0,0,1983.0,A01,138Â 208Â 240,8.0,-1.0,-1.0,1724907,3.0,10,,0.0,2.0,3.0,A01,138Â 208Â 240,1.0
1010526,201900052057,8,14,16:00,1,1,1,1.0,1.0,04143,Ch des Buissonnades,M,"43,8852700","5,9056170",4,2019,80.0,1.0,1.0,4.0,2259775,1.0,1,4,1,9.0,,0.0,0,1983.0,A01,138Â 208Â 240,8.0,-1.0,-1.0,1724908,3.0,7,,0.0,0.0,3.0,B01,138Â 208Â 241,1.0
1010526,201900052057,8,14,16:00,1,1,1,1.0,1.0,04143,Ch des Buissonnades,M,"43,8852700","5,9056170",4,2019,80.0,1.0,1.0,4.0,2259776,1.0,1,4,1,5.0,,0.0,0,1976.0,B01,138Â 208Â 241,1.0,-1.0,-1.0,1724907,3.0,10,,0.0,2.0,3.0,A01,138Â 208Â 240,1.0
1010526,201900052057,8,14,16:00,1,1,1,1.0,1.0,04143,Ch des Buissonnades,M,"43,8852700","5,9056170",4,2019,80.0,1.0,1.0,4.0,2259776,1.0,1,4,1,5.0,,0.0,0,1976.0,B01,138Â 208Â 241,1.0,-1.0,-1.0,1724908,3.0,7,,0.0,0.0,3.0,B01,138Â 208Â 241,1.0
1010527,201900052058,8,23,09:16,1,2,6,1.0,6.0,13022,avenue du 11 novembre,M,"43,2175240","5,5417370",13,2019,50.0,1.0,1.0,4.0,2259777,1.0,1,3,1,5.0,,0.0,0,1970.0,A01,138Â 208Â 239,0.0,-1.0,-1.0,1724909,0.0,50,,0.0,0.0,4.0,A01,138Â 208Â 239,3.0
1010528,201900052059,8,17,13:30,1,2,1,1.0,6.0,13041,avenue lieutaud,M,"43,4540290","5,4752560",13,2019,50.0,4.0,1.0,4.0,2259778,1.0,1,3,1,0.0,,0.0,0,1984.0,A01,138Â 208Â 238,2.0,-1.0,-1.0,1724910,0.0,2,,6.0,0.0,1.0,A01,138Â 208Â 238,6.0
1010529,201900052060,8,23,12:20,1,1,1,1.0,7.0,70577,RD 18,M,"47,6486990","6,4906620",70,2019,80.0,3.0,1.0,3.0,2259779,1.0,1,2,1,1.0,,0.0,0,1960.0,A01,138Â 208Â 237,2.0,6.0,-1.0,1724911,1.0,33,,8.0,0.0,1.0,A01,138Â 208Â 237,1.0
1010530,201900052061,8,25,15:15,1,2,4,1.0,6.0,71342,4 Rue Parmentier,M,"46,4556290","4,1161220",71,2019,30.0,4.0,1.0,4.0,2259780,1.0,1,3,1,5.0,,0.0,0,2004.0,A01,138Â 208Â 236,2.0,-1.0,-1.0,1724912,1.0,2,,6.0,0.0,2.0,A01,138Â 208Â 236,1.0
1010531,201900052062,8,1,19:15,1,2,2,1.0,3.0,71176,Avenue des Platanes,M,"46,4828590","3,9787010",71,2019,50.0,1.0,1.0,3.0,2259781,1.0,1,4,2,1.0,,0.0,0,1979.0,B01,138Â 208Â 234,1.0,-1.0,-1.0,1724913,2.0,7,,0.0,2.0,3.0,B01,138Â 208Â 234,1.0
1010531,201900052062,8,1,19:15,1,2,2,1.0,3.0,71176,Avenue des Platanes,M,"46,4828590","3,9787010",71,2019,50.0,1.0,1.0,3.0,2259781,1.0,1,4,2,1.0,,0.0,0,1979.0,B01,138Â 208Â 234,1.0,-1.0,-1.0,1724914,1.0,7,,0.0,2.0,1.0,A01,138Â 208Â 235,1.0
1010531,201900052062,8,1,19:15,1,2,2,1.0,3.0,71176,Avenue des Platanes,M,"46,4828590","3,9787010",71,2019,50.0,1.0,1.0,3.0,2259782,1.0,1,4,2,1.0,,0.0,0,1968.0,A01,138Â 208Â 235,1.0,-1.0,-1.0,1724913,2.0,7,,0.0,2.0,3.0,B01,138Â 208Â 234,1.0
1010531,201900052062,8,1,19:15,1,2,2,1.0,3.0,71176,Avenue des Platanes,M,"46,4828590","3,9787010",71,2019,50.0,1.0,1.0,3.0,2259782,1.0,1,4,2,1.0,,0.0,0,1968.0,A01,138Â 208Â 235,1.0,-1.0,-1.0,1724914,1.0,7,,0.0,2.0,1.0,A01,138Â 208Â 235,1.0
1010532,201900052063,8,23,19:10,1,2,1,1.0,1.0,68360,1 rue principale,M,"48,0051050","7,5122430",68,2019,50.0,1.0,1.0,3.0,2259783,1.0,1,4,1,5.0,,0.0,0,1982.0,A01,138Â 208Â 232,1.0,-1.0,-1.0,1724915,1.0,7,,7.0,2.0,1.0,A01,138Â 208Â 232,1.0
1010532,201900052063,8,23,19:10,1,2,1,1.0,1.0,68360,1 rue principale,M,"48,0051050","7,5122430",68,2019,50.0,1.0,1.0,3.0,2259783,1.0,1,4,1,5.0,,0.0,0,1982.0,A01,138Â 208Â 232,1.0,-1.0,-1.0,1724916,2.0,7,,0.0,2.0,1.0,B01,138Â 208Â 233,1.0
1010532,201900052063,8,23,19:10,1,2,1,1.0,1.0,68360,1 rue principale,M,"48,0051050","7,5122430",68,2019,50.0,1.0,1.0,3.0,2259784,2.0,2,3,2,5.0,,0.0,0,1963.0,B01,138Â 208Â 233,1.0,-1.0,-1.0,1724915,1.0,7,,7.0,2.0,1.0,A01,138Â 208Â 232,1.0
1010532,201900052063,8,23,19:10,1,2,1,1.0,1.0,68360,1 rue principale,M,"48,0051050","7,5122430",68,2019,50.0,1.0,1.0,3.0,2259784,2.0,2,3,2,5.0,,0.0,0,1963.0,B01,138Â 208Â 233,1.0,-1.0,-1.0,1724916,2.0,7,,0.0,2.0,1.0,B01,138Â 208Â 233,1.0
1010532,201900052063,8,23,19:10,1,2,1,1.0,1.0,68360,1 rue principale,M,"48,0051050","7,5122430",68,2019,50.0,1.0,1.0,3.0,2259785,1.0,1,1,1,5.0,,0.0,0,1959.0,B01,138Â 208Â 233,1.0,-1.0,-1.0,1724915,1.0,7,,7.0,2.0,1.0,A01,138Â 208Â 232,1.0
1010532,201900052063,8,23,19:10,1,2,1,1.0,1.0,68360,1 rue principale,M,"48,0051050","7,5122430",68,2019,50.0,1.0,1.0,3.0,2259785,1.0,1,1,1,5.0,,0.0,0,1959.0,B01,138Â 208Â 233,1.0,-1.0,-1.0,1724916,2.0,7,,0.0,2.0,1.0,B01,138Â 208Â 233,1.0
1010533,201900052064,8,23,17:30,1,1,1,1.0,1.0,68368,DÃ©partementale 417 - PK 24.300,M,"48,0507530","7,2176060",68,2019,80.0,1.0,1.0,3.0,2259786,1.0,1,3,1,5.0,,0.0,0,1940.0,A01,138Â 208Â 230,1.0,-1.0,-1.0,1724917,2.0,7,,0.0,2.0,3.0,A01,138Â 208Â 230,1.0
1010533,201900052064,8,23,17:30,1,1,1,1.0,1.0,68368,DÃ©partementale 417 - PK 24.300,M,"48,0507530","7,2176060",68,2019,80.0,1.0,1.0,3.0,2259786,1.0,1,3,1,5.0,,0.0,0,1940.0,A01,138Â 208Â 230,1.0,-1.0,-1.0,1724918,1.0,7,,0.0,2.0,1.0,B01,138Â 208Â 231,1.0
1010533,201900052064,8,23,17:30,1,1,1,1.0,1.0,68368,DÃ©partementale 417 - PK 24.300,M,"48,0507530","7,2176060",68,2019,80.0,1.0,1.0,3.0,2259787,1.0,1,3,1,4.0,,0.0,0,1981.0,B01,138Â 208Â 231,1.0,-1.0,-1.0,1724917,2.0,7,,0.0,2.0,3.0,A01,138Â 208Â 230,1.0
1010533,201900052064,8,23,17:30,1,1,1,1.0,1.0,68368,DÃ©partementale 417 - PK 24.300,M,"48,0507530","7,2176060",68,2019,80.0,1.0,1.0,3.0,2259787,1.0,1,3,1,4.0,,0.0,0,1981.0,B01,138Â 208Â 231,1.0,-1.0,-1.0,1724918,1.0,7,,0.0,2.0,1.0,B01,138Â 208Â 231,1.0
1010533,201900052064,8,23,17:30,1,1,1,1.0,1.0,68368,DÃ©partementale 417 - PK 24.300,M,"48,0507530","7,2176060",68,2019,80.0,1.0,1.0,3.0,2259788,2.0,2,3,1,4.0,,0.0,0,1966.0,B01,138Â 208Â 231,1.0,-1.0,-1.0,1724917,2.0,7,,0.0,2.0,3.0,A01,138Â 208Â 230,1.0
1010533,201900052064,8,23,17:30,1,1,1,1.0,1.0,68368,DÃ©partementale 417 - PK 24.300,M,"48,0507530","7,2176060",68,2019,80.0,1.0,1.0,3.0,2259788,2.0,2,3,1,4.0,,0.0,0,1966.0,B01,138Â 208Â 231,1.0,-1.0,-1.0,1724918,1.0,7,,0.0,2.0,1.0,B01,138Â 208Â 231,1.0
1010534,201900052065,8,21,18:00,1,2,2,1.0,3.0,67118,rue de Lingolsheim,M,"48,5747120","7,6868550",67,2019,50.0,1.0,1.0,7.0,2259789,1.0,1,3,1,5.0,,0.0,0,1966.0,B01,138Â 208Â 228,2.0,-1.0,-1.0,1724919,3.0,1,,0.0,2.0,8.0,B01,138Â 208Â 228,5.0
1010534,201900052065,8,21,18:00,1,2,2,1.0,3.0,67118,rue de Lingolsheim,M,"48,5747120","7,6868550",67,2019,50.0,1.0,1.0,7.0,2259789,1.0,1,3,1,5.0,,0.0,0,1966.0,B01,138Â 208Â 228,2.0,-1.0,-1.0,1724920,3.0,7,,0.0,9.0,2.0,A01,138Â 208Â 229,1.0
1010534,201900052065,8,21,18:00,1,2,2,1.0,3.0,67118,rue de Lingolsheim,M,"48,5747120","7,6868550",67,2019,50.0,1.0,1.0,7.0,2259790,1.0,1,1,2,0.0,,0.0,0,1954.0,A01,138Â 208Â 229,1.0,-1.0,-1.0,1724919,3.0,1,,0.0,2.0,8.0,B01,138Â 208Â 228,5.0
1010534,201900052065,8,21,18:00,1,2,2,1.0,3.0,67118,rue de Lingolsheim,M,"48,5747120","7,6868550",67,2019,50.0,1.0,1.0,7.0,2259790,1.0,1,1,2,0.0,,0.0,0,1954.0,A01,138Â 208Â 229,1.0,-1.0,-1.0,1724920,3.0,7,,0.0,9.0,2.0,A01,138Â 208Â 229,1.0
1010535,201900052066,8,23,16:42,1,1,1,1.0,6.0,67397,CD20,M,"48,3194230","7,7026290",67,2019,80.0,3.0,1.0,3.0,2259791,1.0,1,3,1,9.0,,0.0,0,1948.0,A01,138Â 208Â 227,1.0,-1.0,-1.0,1724921,2.0,7,,15.0,0.0,1.0,A01,138Â 208Â 227,0.0
1010536,201900052067,8,23,09:15,1,2,1,1.0,6.0,55514,82 Rue Raymod POINCARÃ,M,"48,7460740","5,0515080",55,2019,50.0,1.0,1.0,3.0,2259792,10.0,3,3,2,5.0,,5.0,5,2008.0,A01,138Â 208Â 226,0.0,-1.0,-1.0,1724922,1.0,7,,0.0,1.0,2.0,A01,138Â 208Â 226,1.0
1010536,201900052067,8,23,09:15,1,2,1,1.0,6.0,55514,82 Rue Raymod POINCARÃ,M,"48,7460740","5,0515080",55,2019,50.0,1.0,1.0,3.0,2259793,1.0,1,1,1,5.0,,0.0,0,1958.0,A01,138Â 208Â 226,1.0,-1.0,-1.0,1724922,1.0,7,,0.0,1.0,2.0,A01,138Â 208Â 226,1.0
1010537,201900052068,8,23,14:45,1,1,1,1.0,1.0,03256,,M,"46,3487320","2,9107532",3,2019,80.0,1.0,1.0,3.0,2259794,1.0,1,1,1,4.0,,0.0,0,1968.0,A01,138Â 208Â 224,1.0,-1.0,-1.0,1724923,2.0,15,,0.0,2.0,1.0,A01,138Â 208Â 224,1.0
1010537,201900052068,8,23,14:45,1,1,1,1.0,1.0,03256,,M,"46,3487320","2,9107532",3,2019,80.0,1.0,1.0,3.0,2259794,1.0,1,1,1,4.0,,0.0,0,1968.0,A01,138Â 208Â 224,1.0,-1.0,-1.0,1724924,1.0,7,,0.0,2.0,1.0,B01,138Â 208Â 225,1.0
1010537,201900052068,8,23,14:45,1,1,1,1.0,1.0,03256,,M,"46,3487320","2,9107532",3,2019,80.0,1.0,1.0,3.0,2259795,1.0,1,3,2,1.0,,0.0,0,2000.0,B01,138Â 208Â 225,1.0,-1.0,-1.0,1724923,2.0,15,,0.0,2.0,1.0,A01,138Â 208Â 224,1.0
1010537,201900052068,8,23,14:45,1,1,1,1.0,1.0,03256,,M,"46,3487320","2,9107532",3,2019,80.0,1.0,1.0,3.0,2259795,1.0,1,3,2,1.0,,0.0,0,2000.0,B01,138Â 208Â 225,1.0,-1.0,-1.0,1724924,1.0,7,,0.0,2.0,1.0,B01,138Â 208Â 225,1.0
1010538,201900052069,8,24,00:15,3,1,1,8.0,6.0,74032,D236,M,"46,2141340","6,5665580",74,2019,80.0,1.0,1.0,3.0,2259796,1.0,1,4,1,5.0,,0.0,0,2000.0,A01,138Â 208Â 223,0.0,-1.0,-1.0,1724925,2.0,7,,8.0,0.0,9.0,A01,138Â 208Â 223,6.0
1010539,201900052070,8,24,11:30,1,2,1,1.0,6.0,42056,Grande rue,M,"45,4137410","4,7298010",42,2019,50.0,4.0,1.0,3.0,2259797,10.0,3,4,2,3.0,,5.0,1,1986.0,A01,138Â 208Â 222,0.0,-1.0,-1.0,1724926,1.0,7,,0.0,1.0,2.0,A01,138Â 208Â 222,1.0
1010539,201900052070,8,24,11:30,1,2,1,1.0,6.0,42056,Grande rue,M,"45,4137410","4,7298010",42,2019,50.0,4.0,1.0,3.0,2259798,1.0,1,1,1,4.0,,0.0,0,1995.0,A01,138Â 208Â 222,8.0,-1.0,-1.0,1724926,1.0,7,,0.0,1.0,2.0,A01,138Â 208Â 222,1.0
1010539,201900052070,8,24,11:30,1,2,1,1.0,6.0,42056,Grande rue,M,"45,4137410","4,7298010",42,2019,50.0,4.0,1.0,3.0,2259799,10.0,3,3,1,5.0,,5.0,1,2015.0,A01,138Â 208Â 222,0.0,-1.0,-1.0,1724926,1.0,7,,0.0,1.0,2.0,A01,138Â 208Â 222,1.0
1010540,201900052071,8,22,17:05,1,1,1,1.0,6.0,38475,Rue des etraits,M,"45,6928590","5,1293970",38,2019,80.0,3.0,1.0,4.0,2259800,1.0,1,3,1,5.0,,0.0,0,1971.0,A01,138Â 208Â 221,2.0,6.0,-1.0,1724927,0.0,33,,16.0,0.0,3.0,A01,138Â 208Â 221,1.0
1010541,201900052072,8,23,07:45,1,2,2,1.0,3.0,26313,rue de la roche- rue emile zola,M,"44,9642570","4,9411780",26,2019,30.0,1.0,1.0,4.0,2259801,1.0,1,1,1,4.0,,0.0,0,1969.0,A01,138Â 208Â 219,1.0,-1.0,-1.0,1724928,0.0,7,,0.0,2.0,3.0,A01,138Â 208Â 219,1.0
1010541,201900052072,8,23,07:45,1,2,2,1.0,3.0,26313,rue de la roche- rue emile zola,M,"44,9642570","4,9411780",26,2019,30.0,1.0,1.0,4.0,2259801,1.0,1,1,1,4.0,,0.0,0,1969.0,A01,138Â 208Â 219,1.0,-1.0,-1.0,1724929,0.0,1,,0.0,2.0,1.0,B01,138Â 208Â 220,5.0
1010541,201900052072,8,23,07:45,1,2,2,1.0,3.0,26313,rue de la roche- rue emile zola,M,"44,9642570","4,9411780",26,2019,30.0,1.0,1.0,4.0,2259802,1.0,1,3,1,1.0,,0.0,0,1965.0,B01,138Â 208Â 220,2.0,-1.0,-1.0,1724928,0.0,7,,0.0,2.0,3.0,A01,138Â 208Â 219,1.0
1010541,201900052072,8,23,07:45,1,2,2,1.0,3.0,26313,rue de la roche- rue emile zola,M,"44,9642570","4,9411780",26,2019,30.0,1.0,1.0,4.0,2259802,1.0,1,3,1,1.0,,0.0,0,1965.0,B01,138Â 208Â 220,2.0,-1.0,-1.0,1724929,0.0,1,,0.0,2.0,1.0,B01,138Â 208Â 220,5.0
1010542,201900052073,8,20,16:50,1,2,1,2.0,6.0,26313,ZA de Laye,M,"44,9586620","4,9346980",26,2019,30.0,1.0,2.0,6.0,2259803,1.0,1,1,2,3.0,,0.0,0,1949.0,A01,138Â 208Â 218,8.0,-1.0,-1.0,1724930,3.0,7,,0.0,1.0,3.0,A01,138Â 208Â 218,0.0
1010542,201900052073,8,20,16:50,1,2,1,2.0,6.0,26313,ZA de Laye,M,"44,9586620","4,9346980",26,2019,30.0,1.0,2.0,6.0,2259804,10.0,3,4,1,3.0,,2.0,3,1977.0,A01,138Â 208Â 218,0.0,-1.0,-1.0,1724930,3.0,7,,0.0,1.0,3.0,A01,138Â 208Â 218,0.0
1010543,201900052074,8,24,20:25,2,1,1,1.0,6.0,01386,Route du Port via rhona,M,"45,8851614","5,3502828",1,2019,20.0,5.0,1.0,3.0,2259805,1.0,1,3,1,5.0,,0.0,0,1992.0,A01,138Â 208Â 217,0.0,-1.0,-1.0,1724931,2.0,7,,2.0,0.0,3.0,A01,138Â 208Â 217,0.0
1010544,201900052075,8,23,03:50,5,2,1,1.0,7.0,01224,02 Rue du Bugey,M,"45,7739240","5,2055080",1,2019,50.0,1.0,1.0,3.0,2259806,1.0,1,4,1,5.0,,0.0,0,1999.0,A01,138Â 208Â 216,1.0,-1.0,-1.0,1724932,2.0,7,,0.0,0.0,9.0,A01,138Â 208Â 216,0.0
1010544,201900052075,8,23,03:50,5,2,1,1.0,7.0,01224,02 Rue du Bugey,M,"45,7739240","5,2055080",1,2019,50.0,1.0,1.0,3.0,2259807,2.0,2,1,1,5.0,,0.0,0,1998.0,A01,138Â 208Â 216,1.0,-1.0,-1.0,1724932,2.0,7,,0.0,0.0,9.0,A01,138Â 208Â 216,0.0
1010545,201900052076,8,23,23:30,5,2,1,1.0,6.0,69273,5 Avenue des Dauphins,M,"45,6653100","4,9050900",69,2019,50.0,4.0,1.0,4.0,2259808,1.0,1,1,1,5.0,,0.0,0,1945.0,A01,138Â 208Â 215,1.0,-1.0,-1.0,1724933,3.0,7,,0.0,1.0,4.0,A01,138Â 208Â 215,1.0
1010545,201900052076,8,23,23:30,5,2,1,1.0,6.0,69273,5 Avenue des Dauphins,M,"45,6653100","4,9050900",69,2019,50.0,4.0,1.0,4.0,2259809,10.0,3,3,1,9.0,,8.0,4,1946.0,A01,138Â 208Â 215,8.0,-1.0,-1.0,1724933,3.0,7,,0.0,1.0,4.0,A01,138Â 208Â 215,1.0
1010546,201900052077,8,23,17:30,1,2,1,1.0,6.0,81038,Avenue de la Fedarie,M,"43,8855313","1,9086732",81,2019,50.0,3.0,1.0,3.0,2259810,1.0,1,3,1,5.0,,0.0,0,1930.0,A01,138Â 208Â 214,1.0,-1.0,-1.0,1724934,1.0,7,,13.0,0.0,1.0,A01,138Â 208Â 214,1.0