Unnamed: 0_x,num_acc,mois,jour,hrmn,lum,agg,int,atm,col,com,adr,gps,lat,long,dep,annee,vma,situ,surf,catr,Unnamed: 0_y,place,catu,grav,sexe,trajet,secu,locp,actp,an_nais,num_veh_x,id_vehicule_x,secu1,secu2,secu3,Unnamed: 0,senc,catv,occutc,obs,obsm,choc,num_veh_y,id_vehicule_y,motor
1010547,201900052078,8,23,18:15,1,2,1,1.0,6.0,81140,route du pech,M,"43,6903140","1,8148090",81,2019,50.0,4.0,1.0,4.0,2259811,1.0,1,1,1,1.0,,0.0,0,1985.0,A01,138Â 208Â 213,1.0,-1.0,-1.0,1724935,3.0,7,,0.0,1.0,1.0,A01,138Â 208Â 213,0.0
1010547,201900052078,8,23,18:15,1,2,1,1.0,6.0,81140,route du pech,M,"43,6903140","1,8148090",81,2019,50.0,4.0,1.0,4.0,2259812,10.0,3,4,1,5.0,,5.0,2,1956.0,A01,138Â 208Â 213,0.0,-1.0,-1.0,1724935,3.0,7,,0.0,1.0,1.0,A01,138Â 208Â 213,0.0
1010548,201900052079,8,23,20:15,1,1,1,1.0,7.0,64460,D24 Sens OLORON-LASEUBE PR33,M,"43,2073095"," -0,5656949",64,2019,50.0,1.0,1.0,3.0,2259813,1.0,1,2,1,0.0,,0.0,0,1956.0,A01,138Â 208Â 212,8.0,-1.0,-1.0,1724936,2.0,7,,10.0,0.0,1.0,A01,138Â 208Â 212,0.0
1010549,201900052080,8,23,17:00,1,1,2,1.0,3.0,33436,Intersection D110 E6 et D651,M,"44,5214100"," -0,6268600",33,2019,80.0,8.0,1.0,3.0,2259814,1.0,1,1,2,1.0,,0.0,0,1980.0,B01,138Â 208Â 210,1.0,-1.0,-1.0,1724937,2.0,7,,0.0,2.0,1.0,B01,138Â 208Â 210,1.0
1010549,201900052080,8,23,17:00,1,1,2,1.0,3.0,33436,Intersection D110 E6 et D651,M,"44,5214100"," -0,6268600",33,2019,80.0,8.0,1.0,3.0,2259814,1.0,1,1,2,1.0,,0.0,0,1980.0,B01,138Â 208Â 210,1.0,-1.0,-1.0,1724938,2.0,7,,0.0,2.0,7.0,A01,138Â 208Â 211,1.0
1010549,201900052080,8,23,17:00,1,1,2,1.0,3.0,33436,Intersection D110 E6 et D651,M,"44,5214100"," -0,6268600",33,2019,80.0,8.0,1.0,3.0,2259815,2.0,2,3,2,5.0,,0.0,0,1957.0,A01,138Â 208Â 211,1.0,-1.0,-1.0,1724937,2.0,7,,0.0,2.0,1.0,B01,138Â 208Â 210,1.0
1010549,201900052080,8,23,17:00,1,1,2,1.0,3.0,33436,Intersection D110 E6 et D651,M,"44,5214100"," -0,6268600",33,2019,80.0,8.0,1.0,3.0,2259815,2.0,2,3,2,5.0,,0.0,0,1957.0,A01,138Â 208Â 211,1.0,-1.0,-1.0,1724938,2.0,7,,0.0,2.0,7.0,A01,138Â 208Â 211,1.0
1010549,201900052080,8,23,17:00,1,1,2,1.0,3.0,33436,Intersection D110 E6 et D651,M,"44,5214100"," -0,6268600",33,2019,80.0,8.0,1.0,3.0,2259816,4.0,2,1,1,5.0,,0.0,0,2015.0,A01,138Â 208Â 211,1.0,-1.0,-1.0,1724937,2.0,7,,0.0,2.0,1.0,B01,138Â 208Â 210,1.0
1010549,201900052080,8,23,17:00,1,1,2,1.0,3.0,33436,Intersection D110 E6 et D651,M,"44,5214100"," -0,6268600",33,2019,80.0,8.0,1.0,3.0,2259816,4.0,2,1,1,5.0,,0.0,0,2015.0,A01,138Â 208Â 211,1.0,-1.0,-1.0,1724938,2.0,7,,0.0,2.0,7.0,A01,138Â 208Â 211,1.0
1010549,201900052080,8,23,17:00,1,1,2,1.0,3.0,33436,Intersection D110 E6 et D651,M,"44,5214100"," -0,6268600",33,2019,80.0,8.0,1.0,3.0,2259817,1.0,1,3,2,5.0,,0.0,0,1981.0,A01,138Â 208Â 211,1.0,-1.0,-1.0,1724937,2.0,7,,0.0,2.0,1.0,B01,138Â 208Â 210,1.0
1010549,201900052080,8,23,17:00,1,1,2,1.0,3.0,33436,Intersection D110 E6 et D651,M,"44,5214100"," -0,6268600",33,2019,80.0,8.0,1.0,3.0,2259817,1.0,1,3,2,5.0,,0.0,0,1981.0,A01,138Â 208Â 211,1.0,-1.0,-1.0,1724938,2.0,7,,0.0,2.0,7.0,A01,138Â 208Â 211,1.0
1010550,201900052081,8,22,15:15,1,2,2,1.0,3.0,85222,Rue Ambroise ParÃ©,M,"46,6947600"," -1,9167200",85,2019,50.0,1.0,1.0,3.0,2259818,1.0,1,1,1,5.0,,0.0,0,1932.0,A01,138Â 208Â 208,1.0,-1.0,-1.0,1724939,1.0,7,,0.0,2.0,3.0,A01,138Â 208Â 208,1.0
1010550,201900052081,8,22,15:15,1,2,2,1.0,3.0,85222,Rue Ambroise ParÃ©,M,"46,6947600"," -1,9167200",85,2019,50.0,1.0,1.0,3.0,2259818,1.0,1,1,1,5.0,,0.0,0,1932.0,A01,138Â 208Â 208,1.0,-1.0,-1.0,1724940,2.0,30,,0.0,2.0,1.0,B01,138Â 208Â 209,1.0
1010550,201900052081,8,22,15:15,1,2,2,1.0,3.0,85222,Rue Ambroise ParÃ©,M,"46,6947600"," -1,9167200",85,2019,50.0,1.0,1.0,3.0,2259819,1.0,1,3,1,5.0,,0.0,0,2004.0,B01,138Â 208Â 209,2.0,-1.0,-1.0,1724939,1.0,7,,0.0,2.0,3.0,A01,138Â 208Â 208,1.0
1010550,201900052081,8,22,15:15,1,2,2,1.0,3.0,85222,Rue Ambroise ParÃ©,M,"46,6947600"," -1,9167200",85,2019,50.0,1.0,1.0,3.0,2259819,1.0,1,3,1,5.0,,0.0,0,2004.0,B01,138Â 208Â 209,2.0,-1.0,-1.0,1724940,2.0,30,,0.0,2.0,1.0,B01,138Â 208Â 209,1.0
1010551,201900052082,8,23,17:20,1,2,2,1.0,3.0,22170,route du petit moulin,M,"48,4477880"," -2,8576110",22,2019,50.0,1.0,1.0,4.0,2259820,1.0,1,3,2,3.0,,0.0,0,1959.0,A01,138Â 208Â 206,0.0,-1.0,-1.0,1724941,3.0,1,,0.0,2.0,2.0,A01,138Â 208Â 206,5.0
1010551,201900052082,8,23,17:20,1,2,2,1.0,3.0,22170,route du petit moulin,M,"48,4477880"," -2,8576110",22,2019,50.0,1.0,1.0,4.0,2259820,1.0,1,3,2,3.0,,0.0,0,1959.0,A01,138Â 208Â 206,0.0,-1.0,-1.0,1724942,3.0,7,,0.0,2.0,3.0,B01,138Â 208Â 207,1.0
1010551,201900052082,8,23,17:20,1,2,2,1.0,3.0,22170,route du petit moulin,M,"48,4477880"," -2,8576110",22,2019,50.0,1.0,1.0,4.0,2259821,1.0,1,1,1,9.0,,0.0,0,1948.0,B01,138Â 208Â 207,1.0,-1.0,-1.0,1724941,3.0,1,,0.0,2.0,2.0,A01,138Â 208Â 206,5.0
1010551,201900052082,8,23,17:20,1,2,2,1.0,3.0,22170,route du petit moulin,M,"48,4477880"," -2,8576110",22,2019,50.0,1.0,1.0,4.0,2259821,1.0,1,1,1,9.0,,0.0,0,1948.0,B01,138Â 208Â 207,1.0,-1.0,-1.0,1724942,3.0,7,,0.0,2.0,3.0,B01,138Â 208Â 207,1.0
1010552,201900052083,8,24,20:30,1,2,2,1.0,6.0,27147,1 Rue du Champ du Four,M,"49,1042070","1,1765490",27,2019,-1.0,-1.0,-1.0,4.0,2259822,1.0,1,4,1,5.0,,0.0,0,1979.0,A01,138Â 208Â 205,1.0,-1.0,-1.0,1724943,2.0,7,,6.0,0.0,1.0,A01,138Â 208Â 205,1.0
1010553,201900052084,8,24,17:50,1,1,1,1.0,1.0,76718,Route DÃ©partementale 6015,M,"49,6151960","0,6890720",76,2019,80.0,1.0,1.0,3.0,2259823,1.0,1,4,2,1.0,,0.0,0,1994.0,B01,138Â 208Â 202,1.0,-1.0,-1.0,1724944,1.0,7,,0.0,2.0,1.0,B01,138Â 208Â 202,2.0
1010553,201900052084,8,24,17:50,1,1,1,1.0,1.0,76718,Route DÃ©partementale 6015,M,"49,6151960","0,6890720",76,2019,80.0,1.0,1.0,3.0,2259823,1.0,1,4,2,1.0,,0.0,0,1994.0,B01,138Â 208Â 202,1.0,-1.0,-1.0,1724945,2.0,7,,0.0,2.0,1.0,A01,138Â 208Â 203,1.0
1010553,201900052084,8,24,17:50,1,1,1,1.0,1.0,76718,Route DÃ©partementale 6015,M,"49,6151960","0,6890720",76,2019,80.0,1.0,1.0,3.0,2259824,1.0,1,1,1,5.0,,0.0,0,1993.0,A01,138Â 208Â 203,1.0,-1.0,-1.0,1724944,1.0,7,,0.0,2.0,1.0,B01,138Â 208Â 202,2.0
1010553,201900052084,8,24,17:50,1,1,1,1.0,1.0,76718,Route DÃ©partementale 6015,M,"49,6151960","0,6890720",76,2019,80.0,1.0,1.0,3.0,2259824,1.0,1,1,1,5.0,,0.0,0,1993.0,A01,138Â 208Â 203,1.0,-1.0,-1.0,1724945,2.0,7,,0.0,2.0,1.0,A01,138Â 208Â 203,1.0
1010553,201900052084,8,24,17:50,1,1,1,1.0,1.0,76718,Route DÃ©partementale 6015,M,"49,6151960","0,6890720",76,2019,80.0,1.0,1.0,3.0,2259825,2.0,2,1,2,5.0,,0.0,0,1992.0,A01,138Â 208Â 203,1.0,-1.0,-1.0,1724944,1.0,7,,0.0,2.0,1.0,B01,138Â 208Â 202,2.0
1010553,201900052084,8,24,17:50,1,1,1,1.0,1.0,76718,Route DÃ©partementale 6015,M,"49,6151960","0,6890720",76,2019,80.0,1.0,1.0,3.0,2259825,2.0,2,1,2,5.0,,0.0,0,1992.0,A01,138Â 208Â 203,1.0,-1.0,-1.0,1724945,2.0,7,,0.0,2.0,1.0,A01,138Â 208Â 203,1.0
1010553,201900052084,8,24,17:50,1,1,1,1.0,1.0,76718,Route DÃ©partementale 6015,M,"49,6151960","0,6890720",76,2019,80.0,1.0,1.0,3.0,2259826,9.0,2,1,2,5.0,,0.0,0,2019.0,A01,138Â 208Â 203,3.0,-1.0,-1.0,1724944,1.0,7,,0.0,2.0,1.0,B01,138Â 208Â 202,2.0
1010553,201900052084,8,24,17:50,1,1,1,1.0,1.0,76718,Route DÃ©partementale 6015,M,"49,6151960","0,6890720",76,2019,80.0,1.0,1.0,3.0,2259826,9.0,2,1,2,5.0,,0.0,0,2019.0,A01,138Â 208Â 203,3.0,-1.0,-1.0,1724945,2.0,7,,0.0,2.0,1.0,A01,138Â 208Â 203,1.0
1010553,201900052084,8,24,17:50,1,1,1,1.0,1.0,76718,Route DÃ©partementale 6015,M,"49,6151960","0,6890720",76,2019,80.0,1.0,1.0,3.0,2259827,7.0,2,4,2,5.0,,0.0,0,2015.0,A01,138Â 208Â 203,3.0,-1.0,-1.0,1724944,1.0,7,,0.0,2.0,1.0,B01,138Â 208Â 202,2.0
1010553,201900052084,8,24,17:50,1,1,1,1.0,1.0,76718,Route DÃ©partementale 6015,M,"49,6151960","0,6890720",76,2019,80.0,1.0,1.0,3.0,2259827,7.0,2,4,2,5.0,,0.0,0,2015.0,A01,138Â 208Â 203,3.0,-1.0,-1.0,1724945,2.0,7,,0.0,2.0,1.0,A01,138Â 208Â 203,1.0
1010554,201900052085,8,25,11:30,1,1,1,7.0,7.0,60446,Route nationale 2,M,"49,1319800","2,7966090",60,2019,110.0,3.0,1.0,2.0,2259828,1.0,1,4,2,1.0,,0.0,0,1992.0,A01,138Â 208Â 201,8.0,-1.0,-1.0,1724946,1.0,7,,0.0,0.0,9.0,A01,138Â 208Â 201,1.0
1010555,201900052086,8,22,16:20,1,2,1,1.0,7.0,02381,Rue Alfred Godon ProlongÃ©e,M,"49,9148210","4,0895920",2,2019,50.0,1.0,1.0,4.0,2259829,1.0,1,1,1,5.0,,0.0,0,2002.0,A01,138Â 208Â 200,0.0,-1.0,-1.0,1724947,3.0,35,,0.0,0.0,0.0,A01,138Â 208Â 200,0.0
1010555,201900052086,8,22,16:20,1,2,1,1.0,7.0,02381,Rue Alfred Godon ProlongÃ©e,M,"49,9148210","4,0895920",2,2019,50.0,1.0,1.0,4.0,2259830,2.0,2,3,1,5.0,,0.0,0,2007.0,A01,138Â 208Â 200,0.0,-1.0,-1.0,1724947,3.0,35,,0.0,0.0,0.0,A01,138Â 208Â 200,0.0
1010556,201900052087,8,22,17:25,1,1,9,1.0,3.0,02381,rd 3050,M,"49,9283470","4,1046270",2,2019,80.0,1.0,1.0,3.0,2259831,1.0,1,1,1,4.0,,0.0,0,1978.0,A01,138Â 208Â 198,1.0,9.0,-1.0,1724948,1.0,10,,0.0,2.0,1.0,A01,138Â 208Â 198,1.0
1010556,201900052087,8,22,17:25,1,1,9,1.0,3.0,02381,rd 3050,M,"49,9283470","4,1046270",2,2019,80.0,1.0,1.0,3.0,2259831,1.0,1,1,1,4.0,,0.0,0,1978.0,A01,138Â 208Â 198,1.0,9.0,-1.0,1724949,2.0,7,,13.0,0.0,8.0,B01,138Â 208Â 199,1.0
1010556,201900052087,8,22,17:25,1,1,9,1.0,3.0,02381,rd 3050,M,"49,9283470","4,1046270",2,2019,80.0,1.0,1.0,3.0,2259832,2.0,2,2,2,5.0,,0.0,0,2007.0,B01,138Â 208Â 199,8.0,-1.0,-1.0,1724948,1.0,10,,0.0,2.0,1.0,A01,138Â 208Â 198,1.0
1010556,201900052087,8,22,17:25,1,1,9,1.0,3.0,02381,rd 3050,M,"49,9283470","4,1046270",2,2019,80.0,1.0,1.0,3.0,2259832,2.0,2,2,2,5.0,,0.0,0,2007.0,B01,138Â 208Â 199,8.0,-1.0,-1.0,1724949,2.0,7,,13.0,0.0,8.0,B01,138Â 208Â 199,1.0
1010556,201900052087,8,22,17:25,1,1,9,1.0,3.0,02381,rd 3050,M,"49,9283470","4,1046270",2,2019,80.0,1.0,1.0,3.0,2259833,1.0,1,2,2,0.0,,0.0,0,1964.0,B01,138Â 208Â 199,8.0,-1.0,-1.0,1724948,1.0,10,,0.0,2.0,1.0,A01,138Â 208Â 198,1.0
1010556,201900052087,8,22,17:25,1,1,9,1.0,3.0,02381,rd 3050,M,"49,9283470","4,1046270",2,2019,80.0,1.0,1.0,3.0,2259833,1.0,1,2,2,0.0,,0.0,0,1964.0,B01,138Â 208Â 199,8.0,-1.0,-1.0,1724949,2.0,7,,13.0,0.0,8.0,B01,138Â 208Â 199,1.0
1010557,201900052088,8,25,01:40,3,1,1,1.0,6.0,80101,Autoroute A PK 093.100 sens Lille/Paris,M,"49,6444140","2,7675180",80,2019,130.0,1.0,1.0,1.0,2259834,1.0,1,1,1,9.0,,0.0,0,1979.0,B01,138Â 208Â 194,1.0,-1.0,-1.0,1724950,2.0,7,,0.0,2.0,2.0,B01,138Â 208Â 194,1.0
1010557,201900052088,8,25,01:40,3,1,1,1.0,6.0,80101,Autoroute A PK 093.100 sens Lille/Paris,M,"49,6444140","2,7675180",80,2019,130.0,1.0,1.0,1.0,2259834,1.0,1,1,1,9.0,,0.0,0,1979.0,B01,138Â 208Â 194,1.0,-1.0,-1.0,1724951,2.0,13,,0.0,2.0,6.0,A01,138Â 208Â 195,1.0
1010557,201900052088,8,25,01:40,3,1,1,1.0,6.0,80101,Autoroute A PK 093.100 sens Lille/Paris,M,"49,6444140","2,7675180",80,2019,130.0,1.0,1.0,1.0,2259835,7.0,2,4,2,9.0,,0.0,0,1957.0,B01,138Â 208Â 194,1.0,-1.0,-1.0,1724950,2.0,7,,0.0,2.0,2.0,B01,138Â 208Â 194,1.0
1010557,201900052088,8,25,01:40,3,1,1,1.0,6.0,80101,Autoroute A PK 093.100 sens Lille/Paris,M,"49,6444140","2,7675180",80,2019,130.0,1.0,1.0,1.0,2259835,7.0,2,4,2,9.0,,0.0,0,1957.0,B01,138Â 208Â 194,1.0,-1.0,-1.0,1724951,2.0,13,,0.0,2.0,6.0,A01,138Â 208Â 195,1.0
1010557,201900052088,8,25,01:40,3,1,1,1.0,6.0,80101,Autoroute A PK 093.100 sens Lille/Paris,M,"49,6444140","2,7675180",80,2019,130.0,1.0,1.0,1.0,2259836,2.0,2,4,2,9.0,,0.0,0,1977.0,B01,138Â 208Â 194,1.0,-1.0,-1.0,1724950,2.0,7,,0.0,2.0,2.0,B01,138Â 208Â 194,1.0
1010557,201900052088,8,25,01:40,3,1,1,1.0,6.0,80101,Autoroute A PK 093.100 sens Lille/Paris,M,"49,6444140","2,7675180",80,2019,130.0,1.0,1.0,1.0,2259836,2.0,2,4,2,9.0,,0.0,0,1977.0,B01,138Â 208Â 194,1.0,-1.0,-1.0,1724951,2.0,13,,0.0,2.0,6.0,A01,138Â 208Â 195,1.0
1010557,201900052088,8,25,01:40,3,1,1,1.0,6.0,80101,Autoroute A PK 093.100 sens Lille/Paris,M,"49,6444140","2,7675180",80,2019,130.0,1.0,1.0,1.0,2259837,1.0,1,1,1,4.0,,0.0,0,1961.0,A01,138Â 208Â 195,1.0,-1.0,-1.0,1724950,2.0,7,,0.0,2.0,2.0,B01,138Â 208Â 194,1.0
1010557,201900052088,8,25,01:40,3,1,1,1.0,6.0,80101,Autoroute A PK 093.100 sens Lille/Paris,M,"49,6444140","2,7675180",80,2019,130.0,1.0,1.0,1.0,2259837,1.0,1,1,1,4.0,,0.0,0,1961.0,A01,138Â 208Â 195,1.0,-1.0,-1.0,1724951,2.0,13,,0.0,2.0,6.0,A01,138Â 208Â 195,1.0
1010558,201900052089,8,21,10:05,1,1,1,1.0,5.0,62226,D77,M,"50,6458370","2,2764880",62,2019,80.0,1.0,1.0,2.0,2259838,1.0,1,3,1,3.0,,0.0,0,1979.0,C01,138Â 208Â 191,1.0,-1.0,-1.0,1724952,1.0,7,,0.0,2.0,1.0,C01,138Â 208Â 191,6.0
1010558,201900052089,8,21,10:05,1,1,1,1.0,5.0,62226,D77,M,"50,6458370","2,2764880",62,2019,80.0,1.0,1.0,2.0,2259838,1.0,1,3,1,3.0,,0.0,0,1979.0,C01,138Â 208Â 191,1.0,-1.0,-1.0,1724953,2.0,7,,0.0,2.0,1.0,B01,138Â 208Â 192,6.0
1010558,201900052089,8,21,10:05,1,1,1,1.0,5.0,62226,D77,M,"50,6458370","2,2764880",62,2019,80.0,1.0,1.0,2.0,2259838,1.0,1,3,1,3.0,,0.0,0,1979.0,C01,138Â 208Â 191,1.0,-1.0,-1.0,1724954,2.0,7,,0.0,2.0,8.0,A01,138Â 208Â 193,6.0
1010558,201900052089,8,21,10:05,1,1,1,1.0,5.0,62226,D77,M,"50,6458370","2,2764880",62,2019,80.0,1.0,1.0,2.0,2259839,3.0,2,4,1,5.0,,0.0,0,2016.0,B01,138Â 208Â 192,1.0,-1.0,-1.0,1724952,1.0,7,,0.0,2.0,1.0,C01,138Â 208Â 191,6.0
1010558,201900052089,8,21,10:05,1,1,1,1.0,5.0,62226,D77,M,"50,6458370","2,2764880",62,2019,80.0,1.0,1.0,2.0,2259839,3.0,2,4,1,5.0,,0.0,0,2016.0,B01,138Â 208Â 192,1.0,-1.0,-1.0,1724953,2.0,7,,0.0,2.0,1.0,B01,138Â 208Â 192,6.0
1010558,201900052089,8,21,10:05,1,1,1,1.0,5.0,62226,D77,M,"50,6458370","2,2764880",62,2019,80.0,1.0,1.0,2.0,2259839,3.0,2,4,1,5.0,,0.0,0,2016.0,B01,138Â 208Â 192,1.0,-1.0,-1.0,1724954,2.0,7,,0.0,2.0,8.0,A01,138Â 208Â 193,6.0
1010558,201900052089,8,21,10:05,1,1,1,1.0,5.0,62226,D77,M,"50,6458370","2,2764880",62,2019,80.0,1.0,1.0,2.0,2259840,4.0,2,1,1,5.0,,0.0,0,2016.0,B01,138Â 208Â 192,1.0,-1.0,-1.0,1724952,1.0,7,,0.0,2.0,1.0,C01,138Â 208Â 191,6.0
1010558,201900052089,8,21,10:05,1,1,1,1.0,5.0,62226,D77,M,"50,6458370","2,2764880",62,2019,80.0,1.0,1.0,2.0,2259840,4.0,2,1,1,5.0,,0.0,0,2016.0,B01,138Â 208Â 192,1.0,-1.0,-1.0,1724953,2.0,7,,0.0,2.0,1.0,B01,138Â 208Â 192,6.0
1010558,201900052089,8,21,10:05,1,1,1,1.0,5.0,62226,D77,M,"50,6458370","2,2764880",62,2019,80.0,1.0,1.0,2.0,2259840,4.0,2,1,1,5.0,,0.0,0,2016.0,B01,138Â 208Â 192,1.0,-1.0,-1.0,1724954,2.0,7,,0.0,2.0,8.0,A01,138Â 208Â 193,6.0
1010558,201900052089,8,21,10:05,1,1,1,1.0,5.0,62226,D77,M,"50,6458370","2,2764880",62,2019,80.0,1.0,1.0,2.0,2259841,2.0,2,2,2,5.0,,0.0,0,1989.0,B01,138Â 208Â 192,1.0,-1.0,-1.0,1724952,1.0,7,,0.0,2.0,1.0,C01,138Â 208Â 191,6.0
1010558,201900052089,8,21,10:05,1,1,1,1.0,5.0,62226,D77,M,"50,6458370","2,2764880",62,2019,80.0,1.0,1.0,2.0,2259841,2.0,2,2,2,5.0,,0.0,0,1989.0,B01,138Â 208Â 192,1.0,-1.0,-1.0,1724953,2.0,7,,0.0,2.0,1.0,B01,138Â 208Â 192,6.0
1010558,201900052089,8,21,10:05,1,1,1,1.0,5.0,62226,D77,M,"50,6458370","2,2764880",62,2019,80.0,1.0,1.0,2.0,2259841,2.0,2,2,2,5.0,,0.0,0,1989.0,B01,138Â 208Â 192,1.0,-1.0,-1.0,1724954,2.0,7,,0.0,2.0,8.0,A01,138Â 208Â 193,6.0
1010558,201900052089,8,21,10:05,1,1,1,1.0,5.0,62226,D77,M,"50,6458370","2,2764880",62,2019,80.0,1.0,1.0,2.0,2259842,1.0,1,3,1,5.0,,0.0,0,1989.0,B01,138Â 208Â 192,1.0,-1.0,-1.0,1724952,1.0,7,,0.0,2.0,1.0,C01,138Â 208Â 191,6.0
1010558,201900052089,8,21,10:05,1,1,1,1.0,5.0,62226,D77,M,"50,6458370","2,2764880",62,2019,80.0,1.0,1.0,2.0,2259842,1.0,1,3,1,5.0,,0.0,0,1989.0,B01,138Â 208Â 192,1.0,-1.0,-1.0,1724953,2.0,7,,0.0,2.0,1.0,B01,138Â 208Â 192,6.0
1010558,201900052089,8,21,10:05,1,1,1,1.0,5.0,62226,D77,M,"50,6458370","2,2764880",62,2019,80.0,1.0,1.0,2.0,2259842,1.0,1,3,1,5.0,,0.0,0,1989.0,B01,138Â 208Â 192,1.0,-1.0,-1.0,1724954,2.0,7,,0.0,2.0,8.0,A01,138Â 208Â 193,6.0
1010558,201900052089,8,21,10:05,1,1,1,1.0,5.0,62226,D77,M,"50,6458370","2,2764880",62,2019,80.0,1.0,1.0,2.0,2259843,1.0,1,1,1,1.0,,0.0,0,1987.0,A01,138Â 208Â 193,1.0,-1.0,-1.0,1724952,1.0,7,,0.0,2.0,1.0,C01,138Â 208Â 191,6.0
1010558,201900052089,8,21,10:05,1,1,1,1.0,5.0,62226,D77,M,"50,6458370","2,2764880",62,2019,80.0,1.0,1.0,2.0,2259843,1.0,1,1,1,1.0,,0.0,0,1987.0,A01,138Â 208Â 193,1.0,-1.0,-1.0,1724953,2.0,7,,0.0,2.0,1.0,B01,138Â 208Â 192,6.0
1010558,201900052089,8,21,10:05,1,1,1,1.0,5.0,62226,D77,M,"50,6458370","2,2764880",62,2019,80.0,1.0,1.0,2.0,2259843,1.0,1,1,1,1.0,,0.0,0,1987.0,A01,138Â 208Â 193,1.0,-1.0,-1.0,1724954,2.0,7,,0.0,2.0,8.0,A01,138Â 208Â 193,6.0
1010559,201900052090,8,25,11:15,1,1,3,1.0,3.0,62054,Hameau d'Haringzelle,M,"50,8389662","1,5981820",62,2019,80.0,1.0,1.0,3.0,2259844,1.0,1,3,1,5.0,,0.0,0,1964.0,B01,138Â 208Â 189,2.0,-1.0,-1.0,1724955,2.0,1,,0.0,2.0,1.0,B01,138Â 208Â 189,5.0
1010559,201900052090,8,25,11:15,1,1,3,1.0,3.0,62054,Hameau d'Haringzelle,M,"50,8389662","1,5981820",62,2019,80.0,1.0,1.0,3.0,2259844,1.0,1,3,1,5.0,,0.0,0,1964.0,B01,138Â 208Â 189,2.0,-1.0,-1.0,1724956,1.0,7,,0.0,9.0,2.0,A01,138Â 208Â 190,6.0
1010559,201900052090,8,25,11:15,1,1,3,1.0,3.0,62054,Hameau d'Haringzelle,M,"50,8389662","1,5981820",62,2019,80.0,1.0,1.0,3.0,2259845,1.0,1,1,1,5.0,,0.0,0,1998.0,A01,138Â 208Â 190,1.0,-1.0,-1.0,1724955,2.0,1,,0.0,2.0,1.0,B01,138Â 208Â 189,5.0
1010559,201900052090,8,25,11:15,1,1,3,1.0,3.0,62054,Hameau d'Haringzelle,M,"50,8389662","1,5981820",62,2019,80.0,1.0,1.0,3.0,2259845,1.0,1,1,1,5.0,,0.0,0,1998.0,A01,138Â 208Â 190,1.0,-1.0,-1.0,1724956,1.0,7,,0.0,9.0,2.0,A01,138Â 208Â 190,6.0
1010560,201900052091,8,24,01:15,3,1,1,1.0,6.0,62865,DÃ©partementale 950,M,"50,3344750","2,9402880",62,2019,110.0,3.0,1.0,3.0,2259846,1.0,1,2,1,5.0,,0.0,0,1972.0,A01,138Â 208Â 188,1.0,-1.0,-1.0,1724957,2.0,7,,2.0,0.0,1.0,A01,138Â 208Â 188,1.0
1010561,201900052092,8,24,01:20,3,2,9,1.0,3.0,59659,Rue LÃ©o Lagrange,M,"50,0180710","4,0153570",59,2019,50.0,3.0,2.0,4.0,2259847,10.0,3,3,2,9.0,,6.0,A,1958.0,B01,138Â 208Â 186,0.0,-1.0,-1.0,1724958,0.0,7,,6.0,1.0,3.0,B01,138Â 208Â 186,1.0
1010561,201900052092,8,24,01:20,3,2,9,1.0,3.0,59659,Rue LÃ©o Lagrange,M,"50,0180710","4,0153570",59,2019,50.0,3.0,2.0,4.0,2259847,10.0,3,3,2,9.0,,6.0,A,1958.0,B01,138Â 208Â 186,0.0,-1.0,-1.0,1724959,1.0,7,,1.0,0.0,1.0,A01,138Â 208Â 187,1.0
1010561,201900052092,8,24,01:20,3,2,9,1.0,3.0,59659,Rue LÃ©o Lagrange,M,"50,0180710","4,0153570",59,2019,50.0,3.0,2.0,4.0,2259848,10.0,3,1,1,9.0,,6.0,A,1955.0,B01,138Â 208Â 186,0.0,-1.0,-1.0,1724958,0.0,7,,6.0,1.0,3.0,B01,138Â 208Â 186,1.0
1010561,201900052092,8,24,01:20,3,2,9,1.0,3.0,59659,Rue LÃ©o Lagrange,M,"50,0180710","4,0153570",59,2019,50.0,3.0,2.0,4.0,2259848,10.0,3,1,1,9.0,,6.0,A,1955.0,B01,138Â 208Â 186,0.0,-1.0,-1.0,1724959,1.0,7,,1.0,0.0,1.0,A01,138Â 208Â 187,1.0
1010561,201900052092,8,24,01:20,3,2,9,1.0,3.0,59659,Rue LÃ©o Lagrange,M,"50,0180710","4,0153570",59,2019,50.0,3.0,2.0,4.0,2259849,1.0,1,1,1,5.0,,0.0,0,1996.0,A01,138Â 208Â 187,8.0,-1.0,-1.0,1724958,0.0,7,,6.0,1.0,3.0,B01,138Â 208Â 186,1.0
1010561,201900052092,8,24,01:20,3,2,9,1.0,3.0,59659,Rue LÃ©o Lagrange,M,"50,0180710","4,0153570",59,2019,50.0,3.0,2.0,4.0,2259849,1.0,1,1,1,5.0,,0.0,0,1996.0,A01,138Â 208Â 187,8.0,-1.0,-1.0,1724959,1.0,7,,1.0,0.0,1.0,A01,138Â 208Â 187,1.0
1010561,201900052092,8,24,01:20,3,2,9,1.0,3.0,59659,Rue LÃ©o Lagrange,M,"50,0180710","4,0153570",59,2019,50.0,3.0,2.0,4.0,2259850,2.0,2,1,1,5.0,,0.0,0,1983.0,A01,138Â 208Â 187,8.0,-1.0,-1.0,1724958,0.0,7,,6.0,1.0,3.0,B01,138Â 208Â 186,1.0