Unnamed: 0_x,num_acc,mois,jour,hrmn,lum,agg,int,atm,col,com,adr,gps,lat,long,dep,annee,vma,situ,surf,catr,Unnamed: 0_y,place,catu,grav,sexe,trajet,secu,locp,actp,an_nais,num_veh_x,id_vehicule_x,secu1,secu2,secu3,Unnamed: 0,senc,catv,occutc,obs,obsm,choc,num_veh_y,id_vehicule_y,motor
1010561,201900052092,8,24,01:20,3,2,9,1.0,3.0,59659,Rue LÃ©o Lagrange,M,"50,0180710","4,0153570",59,2019,50.0,3.0,2.0,4.0,2259850,2.0,2,1,1,5.0,,0.0,0,1983.0,A01,138Â 208Â 187,8.0,-1.0,-1.0,1724959,1.0,7,,1.0,0.0,1.0,A01,138Â 208Â 187,1.0
1010562,201900052093,8,25,09:55,1,2,2,1.0,3.0,59374,d962,M,"50,1282240","3,8410270",59,2019,50.0,1.0,1.0,3.0,2259851,1.0,1,4,1,5.0,,0.0,0,1979.0,B01,138Â 208Â 184,2.0,6.0,9.0,1724960,1.0,33,,1.0,0.0,8.0,B01,138Â 208Â 184,6.0
1010562,201900052093,8,25,09:55,1,2,2,1.0,3.0,59374,d962,M,"50,1282240","3,8410270",59,2019,50.0,1.0,1.0,3.0,2259851,1.0,1,4,1,5.0,,0.0,0,1979.0,B01,138Â 208Â 184,2.0,6.0,9.0,1724961,1.0,7,,0.0,2.0,3.0,A01,138Â 208Â 185,6.0
1010562,201900052093,8,25,09:55,1,2,2,1.0,3.0,59374,d962,M,"50,1282240","3,8410270",59,2019,50.0,1.0,1.0,3.0,2259852,2.0,2,4,2,5.0,,0.0,0,1989.0,B01,138Â 208Â 184,2.0,6.0,9.0,1724960,1.0,33,,1.0,0.0,8.0,B01,138Â 208Â 184,6.0
1010562,201900052093,8,25,09:55,1,2,2,1.0,3.0,59374,d962,M,"50,1282240","3,8410270",59,2019,50.0,1.0,1.0,3.0,2259852,2.0,2,4,2,5.0,,0.0,0,1989.0,B01,138Â 208Â 184,2.0,6.0,9.0,1724961,1.0,7,,0.0,2.0,3.0,A01,138Â 208Â 185,6.0
1010562,201900052093,8,25,09:55,1,2,2,1.0,3.0,59374,d962,M,"50,1282240","3,8410270",59,2019,50.0,1.0,1.0,3.0,2259853,1.0,1,1,2,5.0,,0.0,0,1962.0,A01,138Â 208Â 185,1.0,-1.0,-1.0,1724960,1.0,33,,1.0,0.0,8.0,B01,138Â 208Â 184,6.0
1010562,201900052093,8,25,09:55,1,2,2,1.0,3.0,59374,d962,M,"50,1282240","3,8410270",59,2019,50.0,1.0,1.0,3.0,2259853,1.0,1,1,2,5.0,,0.0,0,1962.0,A01,138Â 208Â 185,1.0,-1.0,-1.0,1724961,1.0,7,,0.0,2.0,3.0,A01,138Â 208Â 185,6.0
1010563,201900052094,8,24,04:15,3,2,1,1.0,7.0,59387,Route d'Abscon,M,"50,2963840","3,2686110",59,2019,50.0,3.0,1.0,4.0,2259854,1.0,1,3,1,5.0,,0.0,0,1999.0,A01,138Â 208Â 183,8.0,-1.0,-1.0,1724962,3.0,7,,2.0,0.0,1.0,A01,138Â 208Â 183,1.0
1010564,201900052095,8,24,12:30,1,1,1,1.0,7.0,13203,A557-Liaison A7 Marseille-A55 Marseille,M,"43,3171100","5,3639500",13,2019,70.0,1.0,1.0,1.0,2259855,1.0,1,4,1,0.0,,0.0,0,1998.0,A01,138Â 208Â 179,1.0,0.0,-1.0,1724963,2.0,7,,0.0,0.0,0.0,A01,138Â 208Â 179,1.0
1010565,201900052096,8,23,04:30,3,1,1,1.0,6.0,13085,A50-Sens Aubagne vers Toulon,M,"43,2576100","5,5925190",13,2019,110.0,1.0,1.0,1.0,2259856,1.0,1,4,1,0.0,,-1.0,0,2000.0,A01,138Â 208Â 178,1.0,8.0,-1.0,1724964,1.0,7,,3.0,0.0,7.0,A01,138Â 208Â 178,1.0
1010566,201900052097,8,21,08:45,1,1,1,1.0,5.0,13056,A55-Sens Marseille vers Martigues,M,"43,3991290","5,0899660",13,2019,110.0,1.0,1.0,1.0,2259857,1.0,1,1,2,0.0,,-1.0,0,1969.0,A01,138Â 208Â 175,1.0,0.0,-1.0,1724965,1.0,7,,0.0,2.0,5.0,A01,138Â 208Â 175,1.0
1010566,201900052097,8,21,08:45,1,1,1,1.0,5.0,13056,A55-Sens Marseille vers Martigues,M,"43,3991290","5,0899660",13,2019,110.0,1.0,1.0,1.0,2259857,1.0,1,1,2,0.0,,-1.0,0,1969.0,A01,138Â 208Â 175,1.0,0.0,-1.0,1724966,1.0,7,,0.0,2.0,3.0,B01,138Â 208Â 176,1.0
1010566,201900052097,8,21,08:45,1,1,1,1.0,5.0,13056,A55-Sens Marseille vers Martigues,M,"43,3991290","5,0899660",13,2019,110.0,1.0,1.0,1.0,2259857,1.0,1,1,2,0.0,,-1.0,0,1969.0,A01,138Â 208Â 175,1.0,0.0,-1.0,1724967,1.0,7,,0.0,2.0,1.0,C01,138Â 208Â 177,1.0
1010566,201900052097,8,21,08:45,1,1,1,1.0,5.0,13056,A55-Sens Marseille vers Martigues,M,"43,3991290","5,0899660",13,2019,110.0,1.0,1.0,1.0,2259858,2.0,2,4,1,0.0,,-1.0,0,1999.0,B01,138Â 208Â 176,1.0,0.0,-1.0,1724965,1.0,7,,0.0,2.0,5.0,A01,138Â 208Â 175,1.0
1010566,201900052097,8,21,08:45,1,1,1,1.0,5.0,13056,A55-Sens Marseille vers Martigues,M,"43,3991290","5,0899660",13,2019,110.0,1.0,1.0,1.0,2259858,2.0,2,4,1,0.0,,-1.0,0,1999.0,B01,138Â 208Â 176,1.0,0.0,-1.0,1724966,1.0,7,,0.0,2.0,3.0,B01,138Â 208Â 176,1.0
1010566,201900052097,8,21,08:45,1,1,1,1.0,5.0,13056,A55-Sens Marseille vers Martigues,M,"43,3991290","5,0899660",13,2019,110.0,1.0,1.0,1.0,2259858,2.0,2,4,1,0.0,,-1.0,0,1999.0,B01,138Â 208Â 176,1.0,0.0,-1.0,1724967,1.0,7,,0.0,2.0,1.0,C01,138Â 208Â 177,1.0
1010566,201900052097,8,21,08:45,1,1,1,1.0,5.0,13056,A55-Sens Marseille vers Martigues,M,"43,3991290","5,0899660",13,2019,110.0,1.0,1.0,1.0,2259859,1.0,1,4,1,0.0,,-1.0,0,1966.0,B01,138Â 208Â 176,1.0,0.0,-1.0,1724965,1.0,7,,0.0,2.0,5.0,A01,138Â 208Â 175,1.0
1010566,201900052097,8,21,08:45,1,1,1,1.0,5.0,13056,A55-Sens Marseille vers Martigues,M,"43,3991290","5,0899660",13,2019,110.0,1.0,1.0,1.0,2259859,1.0,1,4,1,0.0,,-1.0,0,1966.0,B01,138Â 208Â 176,1.0,0.0,-1.0,1724966,1.0,7,,0.0,2.0,3.0,B01,138Â 208Â 176,1.0
1010566,201900052097,8,21,08:45,1,1,1,1.0,5.0,13056,A55-Sens Marseille vers Martigues,M,"43,3991290","5,0899660",13,2019,110.0,1.0,1.0,1.0,2259859,1.0,1,4,1,0.0,,-1.0,0,1966.0,B01,138Â 208Â 176,1.0,0.0,-1.0,1724967,1.0,7,,0.0,2.0,1.0,C01,138Â 208Â 177,1.0
1010566,201900052097,8,21,08:45,1,1,1,1.0,5.0,13056,A55-Sens Marseille vers Martigues,M,"43,3991290","5,0899660",13,2019,110.0,1.0,1.0,1.0,2259860,1.0,1,1,1,4.0,,-1.0,0,1984.0,C01,138Â 208Â 177,1.0,0.0,-1.0,1724965,1.0,7,,0.0,2.0,5.0,A01,138Â 208Â 175,1.0
1010566,201900052097,8,21,08:45,1,1,1,1.0,5.0,13056,A55-Sens Marseille vers Martigues,M,"43,3991290","5,0899660",13,2019,110.0,1.0,1.0,1.0,2259860,1.0,1,1,1,4.0,,-1.0,0,1984.0,C01,138Â 208Â 177,1.0,0.0,-1.0,1724966,1.0,7,,0.0,2.0,3.0,B01,138Â 208Â 176,1.0
1010566,201900052097,8,21,08:45,1,1,1,1.0,5.0,13056,A55-Sens Marseille vers Martigues,M,"43,3991290","5,0899660",13,2019,110.0,1.0,1.0,1.0,2259860,1.0,1,1,1,4.0,,-1.0,0,1984.0,C01,138Â 208Â 177,1.0,0.0,-1.0,1724967,1.0,7,,0.0,2.0,1.0,C01,138Â 208Â 177,1.0
1010567,201900052098,8,21,23:00,3,1,1,1.0,6.0,54265,Autoroute 33,M,"48,6404600","6,1703200",54,2019,90.0,1.0,1.0,1.0,2259861,1.0,1,2,1,5.0,,-1.0, -1,1991.0,A01,138Â 208Â 174,1.0,0.0,-1.0,1724968,1.0,7,,13.0,0.0,9.0,A01,138Â 208Â 174,1.0
1010568,201900052099,8,24,15:10,1,1,1,1.0,2.0,33065,ROUTE NATIONALE 230,M,"44,8181200"," -0,5206100",33,2019,90.0,1.0,1.0,2.0,2259862,1.0,1,1,1,5.0,,0.0, -1,1983.0,B01,138Â 208Â 172,1.0,8.0,-1.0,1724969,1.0,7,,0.0,2.0,4.0,B01,138Â 208Â 172,1.0
1010568,201900052099,8,24,15:10,1,1,1,1.0,2.0,33065,ROUTE NATIONALE 230,M,"44,8181200"," -0,5206100",33,2019,90.0,1.0,1.0,2.0,2259862,1.0,1,1,1,5.0,,0.0, -1,1983.0,B01,138Â 208Â 172,1.0,8.0,-1.0,1724970,1.0,7,,0.0,2.0,1.0,A01,138Â 208Â 173,1.0
1010568,201900052099,8,24,15:10,1,1,1,1.0,2.0,33065,ROUTE NATIONALE 230,M,"44,8181200"," -0,5206100",33,2019,90.0,1.0,1.0,2.0,2259863,2.0,2,1,1,5.0,,0.0, -1,1985.0,B01,138Â 208Â 172,1.0,8.0,-1.0,1724969,1.0,7,,0.0,2.0,4.0,B01,138Â 208Â 172,1.0
1010568,201900052099,8,24,15:10,1,1,1,1.0,2.0,33065,ROUTE NATIONALE 230,M,"44,8181200"," -0,5206100",33,2019,90.0,1.0,1.0,2.0,2259863,2.0,2,1,1,5.0,,0.0, -1,1985.0,B01,138Â 208Â 172,1.0,8.0,-1.0,1724970,1.0,7,,0.0,2.0,1.0,A01,138Â 208Â 173,1.0
1010568,201900052099,8,24,15:10,1,1,1,1.0,2.0,33065,ROUTE NATIONALE 230,M,"44,8181200"," -0,5206100",33,2019,90.0,1.0,1.0,2.0,2259864,3.0,2,4,1,5.0,,0.0, -1,2011.0,B01,138Â 208Â 172,1.0,8.0,-1.0,1724969,1.0,7,,0.0,2.0,4.0,B01,138Â 208Â 172,1.0
1010568,201900052099,8,24,15:10,1,1,1,1.0,2.0,33065,ROUTE NATIONALE 230,M,"44,8181200"," -0,5206100",33,2019,90.0,1.0,1.0,2.0,2259864,3.0,2,4,1,5.0,,0.0, -1,2011.0,B01,138Â 208Â 172,1.0,8.0,-1.0,1724970,1.0,7,,0.0,2.0,1.0,A01,138Â 208Â 173,1.0
1010568,201900052099,8,24,15:10,1,1,1,1.0,2.0,33065,ROUTE NATIONALE 230,M,"44,8181200"," -0,5206100",33,2019,90.0,1.0,1.0,2.0,2259865,2.0,2,1,1,5.0,,0.0, -1,1994.0,A01,138Â 208Â 173,1.0,8.0,-1.0,1724969,1.0,7,,0.0,2.0,4.0,B01,138Â 208Â 172,1.0
1010568,201900052099,8,24,15:10,1,1,1,1.0,2.0,33065,ROUTE NATIONALE 230,M,"44,8181200"," -0,5206100",33,2019,90.0,1.0,1.0,2.0,2259865,2.0,2,1,1,5.0,,0.0, -1,1994.0,A01,138Â 208Â 173,1.0,8.0,-1.0,1724970,1.0,7,,0.0,2.0,1.0,A01,138Â 208Â 173,1.0
1010568,201900052099,8,24,15:10,1,1,1,1.0,2.0,33065,ROUTE NATIONALE 230,M,"44,8181200"," -0,5206100",33,2019,90.0,1.0,1.0,2.0,2259866,1.0,1,1,1,5.0,,0.0, -1,1984.0,A01,138Â 208Â 173,1.0,8.0,-1.0,1724969,1.0,7,,0.0,2.0,4.0,B01,138Â 208Â 172,1.0
1010568,201900052099,8,24,15:10,1,1,1,1.0,2.0,33065,ROUTE NATIONALE 230,M,"44,8181200"," -0,5206100",33,2019,90.0,1.0,1.0,2.0,2259866,1.0,1,1,1,5.0,,0.0, -1,1984.0,A01,138Â 208Â 173,1.0,8.0,-1.0,1724970,1.0,7,,0.0,2.0,1.0,A01,138Â 208Â 173,1.0
1010568,201900052099,8,24,15:10,1,1,1,1.0,2.0,33065,ROUTE NATIONALE 230,M,"44,8181200"," -0,5206100",33,2019,90.0,1.0,1.0,2.0,2259867,4.0,2,1,2,5.0,,0.0, -1,1992.0,A01,138Â 208Â 173,1.0,8.0,-1.0,1724969,1.0,7,,0.0,2.0,4.0,B01,138Â 208Â 172,1.0
1010568,201900052099,8,24,15:10,1,1,1,1.0,2.0,33065,ROUTE NATIONALE 230,M,"44,8181200"," -0,5206100",33,2019,90.0,1.0,1.0,2.0,2259867,4.0,2,1,2,5.0,,0.0, -1,1992.0,A01,138Â 208Â 173,1.0,8.0,-1.0,1724970,1.0,7,,0.0,2.0,1.0,A01,138Â 208Â 173,1.0
1010568,201900052099,8,24,15:10,1,1,1,1.0,2.0,33065,ROUTE NATIONALE 230,M,"44,8181200"," -0,5206100",33,2019,90.0,1.0,1.0,2.0,2259868,3.0,2,1,1,5.0,,0.0, -1,1993.0,A01,138Â 208Â 173,1.0,8.0,-1.0,1724969,1.0,7,,0.0,2.0,4.0,B01,138Â 208Â 172,1.0
1010568,201900052099,8,24,15:10,1,1,1,1.0,2.0,33065,ROUTE NATIONALE 230,M,"44,8181200"," -0,5206100",33,2019,90.0,1.0,1.0,2.0,2259868,3.0,2,1,1,5.0,,0.0, -1,1993.0,A01,138Â 208Â 173,1.0,8.0,-1.0,1724970,1.0,7,,0.0,2.0,1.0,A01,138Â 208Â 173,1.0
1010569,201900052100,8,16,02:05,3,1,1,1.0,2.0,59447,AUTOROUTE A2,M,"50,3865800","3,6118000",59,2019,130.0,3.0,1.0,1.0,2259869,1.0,1,2,1,0.0,,-1.0, -1,1987.0,B01,138Â 208Â 170,1.0,0.0,-1.0,1724971,1.0,7,,0.0,2.0,1.0,B01,138Â 208Â 170,0.0
1010569,201900052100,8,16,02:05,3,1,1,1.0,2.0,59447,AUTOROUTE A2,M,"50,3865800","3,6118000",59,2019,130.0,3.0,1.0,1.0,2259869,1.0,1,2,1,0.0,,-1.0, -1,1987.0,B01,138Â 208Â 170,1.0,0.0,-1.0,1724972,1.0,15,,0.0,2.0,4.0,A01,138Â 208Â 171,1.0
1010569,201900052100,8,16,02:05,3,1,1,1.0,2.0,59447,AUTOROUTE A2,M,"50,3865800","3,6118000",59,2019,130.0,3.0,1.0,1.0,2259870,1.0,1,1,1,4.0,,-1.0, -1,1973.0,A01,138Â 208Â 171,1.0,0.0,-1.0,1724971,1.0,7,,0.0,2.0,1.0,B01,138Â 208Â 170,0.0
1010569,201900052100,8,16,02:05,3,1,1,1.0,2.0,59447,AUTOROUTE A2,M,"50,3865800","3,6118000",59,2019,130.0,3.0,1.0,1.0,2259870,1.0,1,1,1,4.0,,-1.0, -1,1973.0,A01,138Â 208Â 171,1.0,0.0,-1.0,1724972,1.0,15,,0.0,2.0,4.0,A01,138Â 208Â 171,1.0
1010570,201900052101,8,24,02:40,3,1,1,1.0,2.0,91216,AUTOROUTE A6,M,"48,6834800","2,3285100",91,2019,110.0,1.0,1.0,1.0,2259871,1.0,1,1,1,5.0,,0.0,0,1965.0,A01,138Â 208Â 168,1.0,0.0,-1.0,1724973,1.0,7,,0.0,2.0,1.0,A01,138Â 208Â 168,0.0
1010570,201900052101,8,24,02:40,3,1,1,1.0,2.0,91216,AUTOROUTE A6,M,"48,6834800","2,3285100",91,2019,110.0,1.0,1.0,1.0,2259871,1.0,1,1,1,5.0,,0.0,0,1965.0,A01,138Â 208Â 168,1.0,0.0,-1.0,1724974,1.0,7,,0.0,2.0,4.0,B01,138Â 208Â 169,0.0
1010570,201900052101,8,24,02:40,3,1,1,1.0,2.0,91216,AUTOROUTE A6,M,"48,6834800","2,3285100",91,2019,110.0,1.0,1.0,1.0,2259872,1.0,1,4,1,5.0,,0.0,0,1996.0,B01,138Â 208Â 169,1.0,0.0,-1.0,1724973,1.0,7,,0.0,2.0,1.0,A01,138Â 208Â 168,0.0
1010570,201900052101,8,24,02:40,3,1,1,1.0,2.0,91216,AUTOROUTE A6,M,"48,6834800","2,3285100",91,2019,110.0,1.0,1.0,1.0,2259872,1.0,1,4,1,5.0,,0.0,0,1996.0,B01,138Â 208Â 169,1.0,0.0,-1.0,1724974,1.0,7,,0.0,2.0,4.0,B01,138Â 208Â 169,0.0
1010571,201900052102,8,23,13:00,1,1,1,1.0,2.0,91689,RN 385 INT,M,"48,7462350","2,3253250",91,2019,110.0,1.0,1.0,1.0,2259873,1.0,1,4,1,5.0,,-1.0, -1,1981.0,A01,138Â 208Â 166,2.0,8.0,-1.0,1724975,1.0,33,,0.0,2.0,6.0,A01,138Â 208Â 166,1.0
1010571,201900052102,8,23,13:00,1,1,1,1.0,2.0,91689,RN 385 INT,M,"48,7462350","2,3253250",91,2019,110.0,1.0,1.0,1.0,2259873,1.0,1,4,1,5.0,,-1.0, -1,1981.0,A01,138Â 208Â 166,2.0,8.0,-1.0,1724976,1.0,7,,0.0,9.0,8.0,B01,138Â 208Â 167,1.0
1010571,201900052102,8,23,13:00,1,1,1,1.0,2.0,91689,RN 385 INT,M,"48,7462350","2,3253250",91,2019,110.0,1.0,1.0,1.0,2259874,1.0,1,1,1,4.0,,-1.0,0,1965.0,B01,138Â 208Â 167,1.0,4.0,-1.0,1724975,1.0,33,,0.0,2.0,6.0,A01,138Â 208Â 166,1.0
1010571,201900052102,8,23,13:00,1,1,1,1.0,2.0,91689,RN 385 INT,M,"48,7462350","2,3253250",91,2019,110.0,1.0,1.0,1.0,2259874,1.0,1,1,1,4.0,,-1.0,0,1965.0,B01,138Â 208Â 167,1.0,4.0,-1.0,1724976,1.0,7,,0.0,9.0,8.0,B01,138Â 208Â 167,1.0
1010572,201900052103,8,22,18:00,1,1,1,1.0,2.0,91434,AUTOROUTE A6,M,"48,6693000","2,3508000",91,2019,70.0,3.0,1.0,1.0,2259875,1.0,1,1,1,1.0,,0.0,0,1975.0,B01,138Â 208Â 164,1.0,0.0,-1.0,1724977,1.0,10,,0.0,2.0,4.0,B01,138Â 208Â 164,1.0
1010572,201900052103,8,22,18:00,1,1,1,1.0,2.0,91434,AUTOROUTE A6,M,"48,6693000","2,3508000",91,2019,70.0,3.0,1.0,1.0,2259875,1.0,1,1,1,1.0,,0.0,0,1975.0,B01,138Â 208Â 164,1.0,0.0,-1.0,1724978,1.0,10,,0.0,2.0,1.0,A01,138Â 208Â 165,1.0
1010572,201900052103,8,22,18:00,1,1,1,1.0,2.0,91434,AUTOROUTE A6,M,"48,6693000","2,3508000",91,2019,70.0,3.0,1.0,1.0,2259876,1.0,1,4,1,1.0,,0.0,0,1968.0,A01,138Â 208Â 165,1.0,8.0,-1.0,1724977,1.0,10,,0.0,2.0,4.0,B01,138Â 208Â 164,1.0
1010572,201900052103,8,22,18:00,1,1,1,1.0,2.0,91434,AUTOROUTE A6,M,"48,6693000","2,3508000",91,2019,70.0,3.0,1.0,1.0,2259876,1.0,1,4,1,1.0,,0.0,0,1968.0,A01,138Â 208Â 165,1.0,8.0,-1.0,1724978,1.0,10,,0.0,2.0,1.0,A01,138Â 208Â 165,1.0
1010573,201900052104,8,22,08:25,1,1,1,1.0,5.0,94037,AUTOROUTE A6B,M,"48,8158735","2,3594690",94,2019,50.0,1.0,1.0,1.0,2259877,1.0,1,1,1,5.0,,-1.0,0,1983.0,A01,138Â 208Â 160,1.0,0.0,-1.0,1724979,2.0,10,,0.0,2.0,3.0,A01,138Â 208Â 160,1.0
1010573,201900052104,8,22,08:25,1,1,1,1.0,5.0,94037,AUTOROUTE A6B,M,"48,8158735","2,3594690",94,2019,50.0,1.0,1.0,1.0,2259877,1.0,1,1,1,5.0,,-1.0,0,1983.0,A01,138Â 208Â 160,1.0,0.0,-1.0,1724980,2.0,10,,0.0,0.0,4.0,B01,138Â 208Â 161,1.0
1010573,201900052104,8,22,08:25,1,1,1,1.0,5.0,94037,AUTOROUTE A6B,M,"48,8158735","2,3594690",94,2019,50.0,1.0,1.0,1.0,2259877,1.0,1,1,1,5.0,,-1.0,0,1983.0,A01,138Â 208Â 160,1.0,0.0,-1.0,1724981,2.0,31,,0.0,2.0,1.0,C01,138Â 208Â 162,1.0
1010573,201900052104,8,22,08:25,1,1,1,1.0,5.0,94037,AUTOROUTE A6B,M,"48,8158735","2,3594690",94,2019,50.0,1.0,1.0,1.0,2259877,1.0,1,1,1,5.0,,-1.0,0,1983.0,A01,138Â 208Â 160,1.0,0.0,-1.0,1724982,2.0,31,,0.0,2.0,1.0,D01,138Â 208Â 163,1.0
1010573,201900052104,8,22,08:25,1,1,1,1.0,5.0,94037,AUTOROUTE A6B,M,"48,8158735","2,3594690",94,2019,50.0,1.0,1.0,1.0,2259878,1.0,1,1,1,5.0,,-1.0,0,1977.0,B01,138Â 208Â 161,1.0,0.0,-1.0,1724979,2.0,10,,0.0,2.0,3.0,A01,138Â 208Â 160,1.0
1010573,201900052104,8,22,08:25,1,1,1,1.0,5.0,94037,AUTOROUTE A6B,M,"48,8158735","2,3594690",94,2019,50.0,1.0,1.0,1.0,2259878,1.0,1,1,1,5.0,,-1.0,0,1977.0,B01,138Â 208Â 161,1.0,0.0,-1.0,1724980,2.0,10,,0.0,0.0,4.0,B01,138Â 208Â 161,1.0
1010573,201900052104,8,22,08:25,1,1,1,1.0,5.0,94037,AUTOROUTE A6B,M,"48,8158735","2,3594690",94,2019,50.0,1.0,1.0,1.0,2259878,1.0,1,1,1,5.0,,-1.0,0,1977.0,B01,138Â 208Â 161,1.0,0.0,-1.0,1724981,2.0,31,,0.0,2.0,1.0,C01,138Â 208Â 162,1.0
1010573,201900052104,8,22,08:25,1,1,1,1.0,5.0,94037,AUTOROUTE A6B,M,"48,8158735","2,3594690",94,2019,50.0,1.0,1.0,1.0,2259878,1.0,1,1,1,5.0,,-1.0,0,1977.0,B01,138Â 208Â 161,1.0,0.0,-1.0,1724982,2.0,31,,0.0,2.0,1.0,D01,138Â 208Â 163,1.0
1010573,201900052104,8,22,08:25,1,1,1,1.0,5.0,94037,AUTOROUTE A6B,M,"48,8158735","2,3594690",94,2019,50.0,1.0,1.0,1.0,2259879,1.0,1,4,1,5.0,,-1.0,0,1992.0,C01,138Â 208Â 162,2.0,0.0,-1.0,1724979,2.0,10,,0.0,2.0,3.0,A01,138Â 208Â 160,1.0
1010573,201900052104,8,22,08:25,1,1,1,1.0,5.0,94037,AUTOROUTE A6B,M,"48,8158735","2,3594690",94,2019,50.0,1.0,1.0,1.0,2259879,1.0,1,4,1,5.0,,-1.0,0,1992.0,C01,138Â 208Â 162,2.0,0.0,-1.0,1724980,2.0,10,,0.0,0.0,4.0,B01,138Â 208Â 161,1.0
1010573,201900052104,8,22,08:25,1,1,1,1.0,5.0,94037,AUTOROUTE A6B,M,"48,8158735","2,3594690",94,2019,50.0,1.0,1.0,1.0,2259879,1.0,1,4,1,5.0,,-1.0,0,1992.0,C01,138Â 208Â 162,2.0,0.0,-1.0,1724981,2.0,31,,0.0,2.0,1.0,C01,138Â 208Â 162,1.0
1010573,201900052104,8,22,08:25,1,1,1,1.0,5.0,94037,AUTOROUTE A6B,M,"48,8158735","2,3594690",94,2019,50.0,1.0,1.0,1.0,2259879,1.0,1,4,1,5.0,,-1.0,0,1992.0,C01,138Â 208Â 162,2.0,0.0,-1.0,1724982,2.0,31,,0.0,2.0,1.0,D01,138Â 208Â 163,1.0
1010573,201900052104,8,22,08:25,1,1,1,1.0,5.0,94037,AUTOROUTE A6B,M,"48,8158735","2,3594690",94,2019,50.0,1.0,1.0,1.0,2259880,1.0,1,1,1,9.0,,-1.0,0,1990.0,D01,138Â 208Â 163,2.0,0.0,-1.0,1724979,2.0,10,,0.0,2.0,3.0,A01,138Â 208Â 160,1.0
1010573,201900052104,8,22,08:25,1,1,1,1.0,5.0,94037,AUTOROUTE A6B,M,"48,8158735","2,3594690",94,2019,50.0,1.0,1.0,1.0,2259880,1.0,1,1,1,9.0,,-1.0,0,1990.0,D01,138Â 208Â 163,2.0,0.0,-1.0,1724980,2.0,10,,0.0,0.0,4.0,B01,138Â 208Â 161,1.0
1010573,201900052104,8,22,08:25,1,1,1,1.0,5.0,94037,AUTOROUTE A6B,M,"48,8158735","2,3594690",94,2019,50.0,1.0,1.0,1.0,2259880,1.0,1,1,1,9.0,,-1.0,0,1990.0,D01,138Â 208Â 163,2.0,0.0,-1.0,1724981,2.0,31,,0.0,2.0,1.0,C01,138Â 208Â 162,1.0
1010573,201900052104,8,22,08:25,1,1,1,1.0,5.0,94037,AUTOROUTE A6B,M,"48,8158735","2,3594690",94,2019,50.0,1.0,1.0,1.0,2259880,1.0,1,1,1,9.0,,-1.0,0,1990.0,D01,138Â 208Â 163,2.0,0.0,-1.0,1724982,2.0,31,,0.0,2.0,1.0,D01,138Â 208Â 163,1.0
1010574,201900052105,8,24,14:20,1,1,1,1.0,7.0,92050,A86,M,"48,9017136","2,2029617",92,2019,50.0,2.0,1.0,1.0,2259881,1.0,1,4,2,1.0,,-1.0, -1,1970.0,A01,138Â 208Â 159,2.0,6.0,-1.0,1724983,2.0,31,,0.0,0.0,8.0,A01,138Â 208Â 159,1.0
1010575,201900052106,8,22,13:50,1,1,1,1.0,3.0,92050,A86,M,"48,9017031","2,2029449",92,2019,90.0,1.0,1.0,1.0,2259882,1.0,1,4,1,1.0,,-1.0,0,1976.0,B01,138Â 208Â 157,1.0,4.0,-1.0,1724984,2.0,7,,0.0,2.0,7.0,B01,138Â 208Â 157,1.0
1010575,201900052106,8,22,13:50,1,1,1,1.0,3.0,92050,A86,M,"48,9017031","2,2029449",92,2019,90.0,1.0,1.0,1.0,2259882,1.0,1,4,1,1.0,,-1.0,0,1976.0,B01,138Â 208Â 157,1.0,4.0,-1.0,1724985,2.0,10,,0.0,2.0,8.0,A01,138Â 208Â 158,1.0
1010575,201900052106,8,22,13:50,1,1,1,1.0,3.0,92050,A86,M,"48,9017031","2,2029449",92,2019,90.0,1.0,1.0,1.0,2259883,1.0,1,1,1,4.0,,-1.0,0,1976.0,A01,138Â 208Â 158,1.0,4.0,-1.0,1724984,2.0,7,,0.0,2.0,7.0,B01,138Â 208Â 157,1.0
1010575,201900052106,8,22,13:50,1,1,1,1.0,3.0,92050,A86,M,"48,9017031","2,2029449",92,2019,90.0,1.0,1.0,1.0,2259883,1.0,1,1,1,4.0,,-1.0,0,1976.0,A01,138Â 208Â 158,1.0,4.0,-1.0,1724985,2.0,10,,0.0,2.0,8.0,A01,138Â 208Â 158,1.0
1010576,201900052107,8,21,23:25,3,1,1,1.0,4.0,78545,A12 Y,M,"48,8194670","2,0671900",78,2019,110.0,1.0,1.0,1.0,2259884,1.0,1,1,1,0.0,,-1.0, -1,1993.0,A01,138Â 208Â 153,1.0,0.0,-1.0,1724986,1.0,7,,0.0,2.0,2.0,A01,138Â 208Â 153,1.0
1010576,201900052107,8,21,23:25,3,1,1,1.0,4.0,78545,A12 Y,M,"48,8194670","2,0671900",78,2019,110.0,1.0,1.0,1.0,2259884,1.0,1,1,1,0.0,,-1.0, -1,1993.0,A01,138Â 208Â 153,1.0,0.0,-1.0,1724987,1.0,7,,0.0,0.0,6.0,B01,138Â 208Â 154,1.0
1010576,201900052107,8,21,23:25,3,1,1,1.0,4.0,78545,A12 Y,M,"48,8194670","2,0671900",78,2019,110.0,1.0,1.0,1.0,2259884,1.0,1,1,1,0.0,,-1.0, -1,1993.0,A01,138Â 208Â 153,1.0,0.0,-1.0,1724988,1.0,7,,0.0,2.0,1.0,C01,138Â 208Â 155,1.0