Unnamed: 0_x,num_acc,mois,jour,hrmn,lum,agg,int,atm,col,com,adr,gps,lat,long,dep,annee,vma,situ,surf,catr,Unnamed: 0_y,place,catu,grav,sexe,trajet,secu,locp,actp,an_nais,num_veh_x,id_vehicule_x,secu1,secu2,secu3,Unnamed: 0,senc,catv,occutc,obs,obsm,choc,num_veh_y,id_vehicule_y,motor
1010576,201900052107,8,21,23:25,3,1,1,1.0,4.0,78545,A12 Y,M,"48,8194670","2,0671900",78,2019,110.0,1.0,1.0,1.0,2259884,1.0,1,1,1,0.0,,-1.0, -1,1993.0,A01,138Â 208Â 153,1.0,0.0,-1.0,1724989,1.0,7,,0.0,2.0,1.0,D01,138Â 208Â 156,1.0
1010576,201900052107,8,21,23:25,3,1,1,1.0,4.0,78545,A12 Y,M,"48,8194670","2,0671900",78,2019,110.0,1.0,1.0,1.0,2259885,2.0,2,1,2,0.0,,-1.0, -1,1983.0,B01,138Â 208Â 154,1.0,0.0,-1.0,1724986,1.0,7,,0.0,2.0,2.0,A01,138Â 208Â 153,1.0
1010576,201900052107,8,21,23:25,3,1,1,1.0,4.0,78545,A12 Y,M,"48,8194670","2,0671900",78,2019,110.0,1.0,1.0,1.0,2259885,2.0,2,1,2,0.0,,-1.0, -1,1983.0,B01,138Â 208Â 154,1.0,0.0,-1.0,1724987,1.0,7,,0.0,0.0,6.0,B01,138Â 208Â 154,1.0
1010576,201900052107,8,21,23:25,3,1,1,1.0,4.0,78545,A12 Y,M,"48,8194670","2,0671900",78,2019,110.0,1.0,1.0,1.0,2259885,2.0,2,1,2,0.0,,-1.0, -1,1983.0,B01,138Â 208Â 154,1.0,0.0,-1.0,1724988,1.0,7,,0.0,2.0,1.0,C01,138Â 208Â 155,1.0
1010576,201900052107,8,21,23:25,3,1,1,1.0,4.0,78545,A12 Y,M,"48,8194670","2,0671900",78,2019,110.0,1.0,1.0,1.0,2259885,2.0,2,1,2,0.0,,-1.0, -1,1983.0,B01,138Â 208Â 154,1.0,0.0,-1.0,1724989,1.0,7,,0.0,2.0,1.0,D01,138Â 208Â 156,1.0
1010576,201900052107,8,21,23:25,3,1,1,1.0,4.0,78545,A12 Y,M,"48,8194670","2,0671900",78,2019,110.0,1.0,1.0,1.0,2259886,1.0,1,1,1,0.0,,-1.0, -1,1989.0,B01,138Â 208Â 154,1.0,0.0,-1.0,1724986,1.0,7,,0.0,2.0,2.0,A01,138Â 208Â 153,1.0
1010576,201900052107,8,21,23:25,3,1,1,1.0,4.0,78545,A12 Y,M,"48,8194670","2,0671900",78,2019,110.0,1.0,1.0,1.0,2259886,1.0,1,1,1,0.0,,-1.0, -1,1989.0,B01,138Â 208Â 154,1.0,0.0,-1.0,1724987,1.0,7,,0.0,0.0,6.0,B01,138Â 208Â 154,1.0
1010576,201900052107,8,21,23:25,3,1,1,1.0,4.0,78545,A12 Y,M,"48,8194670","2,0671900",78,2019,110.0,1.0,1.0,1.0,2259886,1.0,1,1,1,0.0,,-1.0, -1,1989.0,B01,138Â 208Â 154,1.0,0.0,-1.0,1724988,1.0,7,,0.0,2.0,1.0,C01,138Â 208Â 155,1.0
1010576,201900052107,8,21,23:25,3,1,1,1.0,4.0,78545,A12 Y,M,"48,8194670","2,0671900",78,2019,110.0,1.0,1.0,1.0,2259886,1.0,1,1,1,0.0,,-1.0, -1,1989.0,B01,138Â 208Â 154,1.0,0.0,-1.0,1724989,1.0,7,,0.0,2.0,1.0,D01,138Â 208Â 156,1.0
1010576,201900052107,8,21,23:25,3,1,1,1.0,4.0,78545,A12 Y,M,"48,8194670","2,0671900",78,2019,110.0,1.0,1.0,1.0,2259887,4.0,2,1,2,0.0,,-1.0, -1,2008.0,B01,138Â 208Â 154,1.0,0.0,-1.0,1724986,1.0,7,,0.0,2.0,2.0,A01,138Â 208Â 153,1.0
1010576,201900052107,8,21,23:25,3,1,1,1.0,4.0,78545,A12 Y,M,"48,8194670","2,0671900",78,2019,110.0,1.0,1.0,1.0,2259887,4.0,2,1,2,0.0,,-1.0, -1,2008.0,B01,138Â 208Â 154,1.0,0.0,-1.0,1724987,1.0,7,,0.0,0.0,6.0,B01,138Â 208Â 154,1.0
1010576,201900052107,8,21,23:25,3,1,1,1.0,4.0,78545,A12 Y,M,"48,8194670","2,0671900",78,2019,110.0,1.0,1.0,1.0,2259887,4.0,2,1,2,0.0,,-1.0, -1,2008.0,B01,138Â 208Â 154,1.0,0.0,-1.0,1724988,1.0,7,,0.0,2.0,1.0,C01,138Â 208Â 155,1.0
1010576,201900052107,8,21,23:25,3,1,1,1.0,4.0,78545,A12 Y,M,"48,8194670","2,0671900",78,2019,110.0,1.0,1.0,1.0,2259887,4.0,2,1,2,0.0,,-1.0, -1,2008.0,B01,138Â 208Â 154,1.0,0.0,-1.0,1724989,1.0,7,,0.0,2.0,1.0,D01,138Â 208Â 156,1.0
1010576,201900052107,8,21,23:25,3,1,1,1.0,4.0,78545,A12 Y,M,"48,8194670","2,0671900",78,2019,110.0,1.0,1.0,1.0,2259888,3.0,2,1,1,0.0,,-1.0, -1,2011.0,B01,138Â 208Â 154,1.0,0.0,-1.0,1724986,1.0,7,,0.0,2.0,2.0,A01,138Â 208Â 153,1.0
1010576,201900052107,8,21,23:25,3,1,1,1.0,4.0,78545,A12 Y,M,"48,8194670","2,0671900",78,2019,110.0,1.0,1.0,1.0,2259888,3.0,2,1,1,0.0,,-1.0, -1,2011.0,B01,138Â 208Â 154,1.0,0.0,-1.0,1724987,1.0,7,,0.0,0.0,6.0,B01,138Â 208Â 154,1.0
1010576,201900052107,8,21,23:25,3,1,1,1.0,4.0,78545,A12 Y,M,"48,8194670","2,0671900",78,2019,110.0,1.0,1.0,1.0,2259888,3.0,2,1,1,0.0,,-1.0, -1,2011.0,B01,138Â 208Â 154,1.0,0.0,-1.0,1724988,1.0,7,,0.0,2.0,1.0,C01,138Â 208Â 155,1.0
1010576,201900052107,8,21,23:25,3,1,1,1.0,4.0,78545,A12 Y,M,"48,8194670","2,0671900",78,2019,110.0,1.0,1.0,1.0,2259888,3.0,2,1,1,0.0,,-1.0, -1,2011.0,B01,138Â 208Â 154,1.0,0.0,-1.0,1724989,1.0,7,,0.0,2.0,1.0,D01,138Â 208Â 156,1.0
1010576,201900052107,8,21,23:25,3,1,1,1.0,4.0,78545,A12 Y,M,"48,8194670","2,0671900",78,2019,110.0,1.0,1.0,1.0,2259889,1.0,1,4,1,0.0,,-1.0, -1,1994.0,C01,138Â 208Â 155,1.0,0.0,-1.0,1724986,1.0,7,,0.0,2.0,2.0,A01,138Â 208Â 153,1.0
1010576,201900052107,8,21,23:25,3,1,1,1.0,4.0,78545,A12 Y,M,"48,8194670","2,0671900",78,2019,110.0,1.0,1.0,1.0,2259889,1.0,1,4,1,0.0,,-1.0, -1,1994.0,C01,138Â 208Â 155,1.0,0.0,-1.0,1724987,1.0,7,,0.0,0.0,6.0,B01,138Â 208Â 154,1.0
1010576,201900052107,8,21,23:25,3,1,1,1.0,4.0,78545,A12 Y,M,"48,8194670","2,0671900",78,2019,110.0,1.0,1.0,1.0,2259889,1.0,1,4,1,0.0,,-1.0, -1,1994.0,C01,138Â 208Â 155,1.0,0.0,-1.0,1724988,1.0,7,,0.0,2.0,1.0,C01,138Â 208Â 155,1.0
1010576,201900052107,8,21,23:25,3,1,1,1.0,4.0,78545,A12 Y,M,"48,8194670","2,0671900",78,2019,110.0,1.0,1.0,1.0,2259889,1.0,1,4,1,0.0,,-1.0, -1,1994.0,C01,138Â 208Â 155,1.0,0.0,-1.0,1724989,1.0,7,,0.0,2.0,1.0,D01,138Â 208Â 156,1.0
1010576,201900052107,8,21,23:25,3,1,1,1.0,4.0,78545,A12 Y,M,"48,8194670","2,0671900",78,2019,110.0,1.0,1.0,1.0,2259890,2.0,2,4,2,0.0,,-1.0, -1,1998.0,C01,138Â 208Â 155,1.0,0.0,-1.0,1724986,1.0,7,,0.0,2.0,2.0,A01,138Â 208Â 153,1.0
1010576,201900052107,8,21,23:25,3,1,1,1.0,4.0,78545,A12 Y,M,"48,8194670","2,0671900",78,2019,110.0,1.0,1.0,1.0,2259890,2.0,2,4,2,0.0,,-1.0, -1,1998.0,C01,138Â 208Â 155,1.0,0.0,-1.0,1724987,1.0,7,,0.0,0.0,6.0,B01,138Â 208Â 154,1.0
1010576,201900052107,8,21,23:25,3,1,1,1.0,4.0,78545,A12 Y,M,"48,8194670","2,0671900",78,2019,110.0,1.0,1.0,1.0,2259890,2.0,2,4,2,0.0,,-1.0, -1,1998.0,C01,138Â 208Â 155,1.0,0.0,-1.0,1724988,1.0,7,,0.0,2.0,1.0,C01,138Â 208Â 155,1.0
1010576,201900052107,8,21,23:25,3,1,1,1.0,4.0,78545,A12 Y,M,"48,8194670","2,0671900",78,2019,110.0,1.0,1.0,1.0,2259890,2.0,2,4,2,0.0,,-1.0, -1,1998.0,C01,138Â 208Â 155,1.0,0.0,-1.0,1724989,1.0,7,,0.0,2.0,1.0,D01,138Â 208Â 156,1.0
1010576,201900052107,8,21,23:25,3,1,1,1.0,4.0,78545,A12 Y,M,"48,8194670","2,0671900",78,2019,110.0,1.0,1.0,1.0,2259891,1.0,1,1,2,0.0,,-1.0, -1,1990.0,D01,138Â 208Â 156,1.0,0.0,-1.0,1724986,1.0,7,,0.0,2.0,2.0,A01,138Â 208Â 153,1.0
1010576,201900052107,8,21,23:25,3,1,1,1.0,4.0,78545,A12 Y,M,"48,8194670","2,0671900",78,2019,110.0,1.0,1.0,1.0,2259891,1.0,1,1,2,0.0,,-1.0, -1,1990.0,D01,138Â 208Â 156,1.0,0.0,-1.0,1724987,1.0,7,,0.0,0.0,6.0,B01,138Â 208Â 154,1.0
1010576,201900052107,8,21,23:25,3,1,1,1.0,4.0,78545,A12 Y,M,"48,8194670","2,0671900",78,2019,110.0,1.0,1.0,1.0,2259891,1.0,1,1,2,0.0,,-1.0, -1,1990.0,D01,138Â 208Â 156,1.0,0.0,-1.0,1724988,1.0,7,,0.0,2.0,1.0,C01,138Â 208Â 155,1.0
1010576,201900052107,8,21,23:25,3,1,1,1.0,4.0,78545,A12 Y,M,"48,8194670","2,0671900",78,2019,110.0,1.0,1.0,1.0,2259891,1.0,1,1,2,0.0,,-1.0, -1,1990.0,D01,138Â 208Â 156,1.0,0.0,-1.0,1724989,1.0,7,,0.0,2.0,1.0,D01,138Â 208Â 156,1.0
1010577,201900052108,8,21,18:40,1,1,1,1.0,2.0,92064,A13,M,"48,8380067","2,1903289",92,2019,110.0,1.0,1.0,1.0,2259892,1.0,1,3,1,1.0,,-1.0,0,1992.0,A01,138Â 208Â 151,2.0,6.0,-1.0,1724990,1.0,33,,0.0,2.0,1.0,A01,138Â 208Â 151,1.0
1010577,201900052108,8,21,18:40,1,1,1,1.0,2.0,92064,A13,M,"48,8380067","2,1903289",92,2019,110.0,1.0,1.0,1.0,2259892,1.0,1,3,1,1.0,,-1.0,0,1992.0,A01,138Â 208Â 151,2.0,6.0,-1.0,1724991,1.0,10,,0.0,2.0,4.0,B01,138Â 208Â 152,1.0
1010577,201900052108,8,21,18:40,1,1,1,1.0,2.0,92064,A13,M,"48,8380067","2,1903289",92,2019,110.0,1.0,1.0,1.0,2259893,1.0,1,1,1,4.0,,-1.0,0,1997.0,B01,138Â 208Â 152,1.0,0.0,-1.0,1724990,1.0,33,,0.0,2.0,1.0,A01,138Â 208Â 151,1.0
1010577,201900052108,8,21,18:40,1,1,1,1.0,2.0,92064,A13,M,"48,8380067","2,1903289",92,2019,110.0,1.0,1.0,1.0,2259893,1.0,1,1,1,4.0,,-1.0,0,1997.0,B01,138Â 208Â 152,1.0,0.0,-1.0,1724991,1.0,10,,0.0,2.0,4.0,B01,138Â 208Â 152,1.0
1010578,201900052109,8,24,02:45,3,1,1,1.0,2.0,93053,AUTOROUTE A3,M,"48,8928600","2,4727500",93,2019,70.0,1.0,1.0,1.0,2259894,1.0,1,4,1,0.0,,-1.0, -1,1965.0,B01,138Â 208Â 149,1.0,0.0,-1.0,1724992,1.0,7,,0.0,2.0,5.0,B01,138Â 208Â 149,1.0
1010578,201900052109,8,24,02:45,3,1,1,1.0,2.0,93053,AUTOROUTE A3,M,"48,8928600","2,4727500",93,2019,70.0,1.0,1.0,1.0,2259894,1.0,1,4,1,0.0,,-1.0, -1,1965.0,B01,138Â 208Â 149,1.0,0.0,-1.0,1724993,1.0,10,,1.0,0.0,3.0,A01,138Â 208Â 150,1.0
1010578,201900052109,8,24,02:45,3,1,1,1.0,2.0,93053,AUTOROUTE A3,M,"48,8928600","2,4727500",93,2019,70.0,1.0,1.0,1.0,2259895,1.0,1,4,1,0.0,,-1.0, -1,1989.0,A01,138Â 208Â 150,1.0,8.0,-1.0,1724992,1.0,7,,0.0,2.0,5.0,B01,138Â 208Â 149,1.0
1010578,201900052109,8,24,02:45,3,1,1,1.0,2.0,93053,AUTOROUTE A3,M,"48,8928600","2,4727500",93,2019,70.0,1.0,1.0,1.0,2259895,1.0,1,4,1,0.0,,-1.0, -1,1989.0,A01,138Â 208Â 150,1.0,8.0,-1.0,1724993,1.0,10,,1.0,0.0,3.0,A01,138Â 208Â 150,1.0
1010579,201900052110,8,23,18:15,1,1,1,1.0,6.0,93010,AUTOROUTE A3,M,"48,9060700","2,4728400",93,2019,50.0,1.0,1.0,1.0,2259896,1.0,1,4,2,0.0,,-1.0, -1,2000.0,A01,138Â 208Â 148,1.0,0.0,-1.0,1724994,1.0,7,,6.0,0.0,0.0,A01,138Â 208Â 148,1.0
1010580,201900052111,8,22,18:15,1,1,1,1.0,2.0,95351,RN 104,M,"49,0283100","2,5241900",95,2019,110.0,1.0,1.0,2.0,2259897,1.0,1,4,1,1.0,,-1.0,0,1971.0,A01,138Â 208Â 146,2.0,6.0,-1.0,1724995,2.0,33,,0.0,2.0,1.0,A01,138Â 208Â 146,1.0
1010580,201900052111,8,22,18:15,1,1,1,1.0,2.0,95351,RN 104,M,"49,0283100","2,5241900",95,2019,110.0,1.0,1.0,2.0,2259897,1.0,1,4,1,1.0,,-1.0,0,1971.0,A01,138Â 208Â 146,2.0,6.0,-1.0,1724996,2.0,7,,0.0,2.0,4.0,B01,138Â 208Â 147,1.0
1010580,201900052111,8,22,18:15,1,1,1,1.0,2.0,95351,RN 104,M,"49,0283100","2,5241900",95,2019,110.0,1.0,1.0,2.0,2259898,1.0,1,1,1,5.0,,-1.0,0,1950.0,B01,138Â 208Â 147,1.0,8.0,-1.0,1724995,2.0,33,,0.0,2.0,1.0,A01,138Â 208Â 146,1.0
1010580,201900052111,8,22,18:15,1,1,1,1.0,2.0,95351,RN 104,M,"49,0283100","2,5241900",95,2019,110.0,1.0,1.0,2.0,2259898,1.0,1,1,1,5.0,,-1.0,0,1950.0,B01,138Â 208Â 147,1.0,8.0,-1.0,1724996,2.0,7,,0.0,2.0,4.0,B01,138Â 208Â 147,1.0
1010581,201900052112,8,22,10:15,1,1,1,1.0,3.0,93066,AUTOROUTE A86,M,"48,9223600","2,3545500",93,2019,90.0,1.0,1.0,1.0,2259899,1.0,1,3,1,4.0,,-1.0, -1,1982.0,A01,138Â 208Â 144,2.0,8.0,-1.0,1724997,1.0,32,,0.0,2.0,8.0,A01,138Â 208Â 144,1.0
1010581,201900052112,8,22,10:15,1,1,1,1.0,3.0,93066,AUTOROUTE A86,M,"48,9223600","2,3545500",93,2019,90.0,1.0,1.0,1.0,2259899,1.0,1,3,1,4.0,,-1.0, -1,1982.0,A01,138Â 208Â 144,2.0,8.0,-1.0,1724998,1.0,10,,0.0,2.0,0.0,Z01,138Â 208Â 145,1.0
1010582,201900052113,8,21,19:40,1,1,1,1.0,3.0,60631,AUTOROUTE A1,M,"49,1457400","2,5773500",60,2019,90.0,1.0,1.0,1.0,2259900,1.0,1,1,2,5.0,,-1.0,0,1983.0,A01,138Â 208Â 142,1.0,8.0,-1.0,1724999,2.0,7,,4.0,2.0,2.0,A01,138Â 208Â 142,1.0
1010582,201900052113,8,21,19:40,1,1,1,1.0,3.0,60631,AUTOROUTE A1,M,"49,1457400","2,5773500",60,2019,90.0,1.0,1.0,1.0,2259900,1.0,1,1,2,5.0,,-1.0,0,1983.0,A01,138Â 208Â 142,1.0,8.0,-1.0,1725000,2.0,17,,0.0,2.0,8.0,B01,138Â 208Â 143,1.0
1010582,201900052113,8,21,19:40,1,1,1,1.0,3.0,60631,AUTOROUTE A1,M,"49,1457400","2,5773500",60,2019,90.0,1.0,1.0,1.0,2259901,2.0,2,4,1,5.0,,-1.0,0,2009.0,A01,138Â 208Â 142,1.0,8.0,-1.0,1724999,2.0,7,,4.0,2.0,2.0,A01,138Â 208Â 142,1.0
1010582,201900052113,8,21,19:40,1,1,1,1.0,3.0,60631,AUTOROUTE A1,M,"49,1457400","2,5773500",60,2019,90.0,1.0,1.0,1.0,2259901,2.0,2,4,1,5.0,,-1.0,0,2009.0,A01,138Â 208Â 142,1.0,8.0,-1.0,1725000,2.0,17,,0.0,2.0,8.0,B01,138Â 208Â 143,1.0
1010582,201900052113,8,21,19:40,1,1,1,1.0,3.0,60631,AUTOROUTE A1,M,"49,1457400","2,5773500",60,2019,90.0,1.0,1.0,1.0,2259902,1.0,1,1,1,4.0,,-1.0,0,1960.0,B01,138Â 208Â 143,1.0,8.0,-1.0,1724999,2.0,7,,4.0,2.0,2.0,A01,138Â 208Â 142,1.0
1010582,201900052113,8,21,19:40,1,1,1,1.0,3.0,60631,AUTOROUTE A1,M,"49,1457400","2,5773500",60,2019,90.0,1.0,1.0,1.0,2259902,1.0,1,1,1,4.0,,-1.0,0,1960.0,B01,138Â 208Â 143,1.0,8.0,-1.0,1725000,2.0,17,,0.0,2.0,8.0,B01,138Â 208Â 143,1.0
1010583,201900052114,8,23,15:00,1,1,1,1.0,2.0,75112,A4,M,"48,8246274","2,4635285",75,2019,90.0,1.0,1.0,1.0,2259903,1.0,1,3,1,5.0,,0.0,0,1984.0,B01,138Â 208Â 138,1.0,8.0,-1.0,1725001,1.0,7,,0.0,2.0,4.0,B01,138Â 208Â 138,1.0
1010583,201900052114,8,23,15:00,1,1,1,1.0,2.0,75112,A4,M,"48,8246274","2,4635285",75,2019,90.0,1.0,1.0,1.0,2259903,1.0,1,3,1,5.0,,0.0,0,1984.0,B01,138Â 208Â 138,1.0,8.0,-1.0,1725002,1.0,7,,0.0,2.0,1.0,A01,138Â 208Â 139,1.0
1010583,201900052114,8,23,15:00,1,1,1,1.0,2.0,75112,A4,M,"48,8246274","2,4635285",75,2019,90.0,1.0,1.0,1.0,2259904,1.0,1,1,1,1.0,,0.0,0,1976.0,A01,138Â 208Â 139,1.0,0.0,-1.0,1725001,1.0,7,,0.0,2.0,4.0,B01,138Â 208Â 138,1.0
1010583,201900052114,8,23,15:00,1,1,1,1.0,2.0,75112,A4,M,"48,8246274","2,4635285",75,2019,90.0,1.0,1.0,1.0,2259904,1.0,1,1,1,1.0,,0.0,0,1976.0,A01,138Â 208Â 139,1.0,0.0,-1.0,1725002,1.0,7,,0.0,2.0,1.0,A01,138Â 208Â 139,1.0
1010584,201900052115,8,23,12:15,1,1,1,1.0,2.0,77083,A4.W,M,"48,8332450","2,5935670",77,2019,110.0,3.0,1.0,1.0,2259905,1.0,1,4,2,5.0,,-1.0,0,1977.0,A01,138Â 208Â 137,1.0,0.0,-1.0,1725003,2.0,7,,0.0,2.0,5.0,B01,138Â 208Â 136,1.0
1010584,201900052115,8,23,12:15,1,1,1,1.0,2.0,77083,A4.W,M,"48,8332450","2,5935670",77,2019,110.0,3.0,1.0,1.0,2259905,1.0,1,4,2,5.0,,-1.0,0,1977.0,A01,138Â 208Â 137,1.0,0.0,-1.0,1725004,2.0,7,,0.0,2.0,3.0,A01,138Â 208Â 137,1.0
1010585,201900052116,8,22,19:00,1,1,1,1.0,2.0,94018,A4,M,"48,8176712","2,4171617",94,2019,90.0,1.0,1.0,1.0,2259906,1.0,1,4,1,1.0,,-1.0, -1,1996.0,A01,138Â 208Â 134,2.0,6.0,-1.0,1725005,1.0,33,,0.0,2.0,4.0,A01,138Â 208Â 134,1.0
1010585,201900052116,8,22,19:00,1,1,1,1.0,2.0,94018,A4,M,"48,8176712","2,4171617",94,2019,90.0,1.0,1.0,1.0,2259906,1.0,1,4,1,1.0,,-1.0, -1,1996.0,A01,138Â 208Â 134,2.0,6.0,-1.0,1725006,1.0,7,,0.0,2.0,2.0,B01,138Â 208Â 135,1.0
1010585,201900052116,8,22,19:00,1,1,1,1.0,2.0,94018,A4,M,"48,8176712","2,4171617",94,2019,90.0,1.0,1.0,1.0,2259907,1.0,1,4,1,1.0,,0.0,0,1991.0,B01,138Â 208Â 135,1.0,4.0,-1.0,1725005,1.0,33,,0.0,2.0,4.0,A01,138Â 208Â 134,1.0
1010585,201900052116,8,22,19:00,1,1,1,1.0,2.0,94018,A4,M,"48,8176712","2,4171617",94,2019,90.0,1.0,1.0,1.0,2259907,1.0,1,4,1,1.0,,0.0,0,1991.0,B01,138Â 208Â 135,1.0,4.0,-1.0,1725006,1.0,7,,0.0,2.0,2.0,B01,138Â 208Â 135,1.0
1010586,201900052117,8,22,10:50,1,1,1,1.0,3.0,94052,A86.EXT,M,"48,8453900","2,4926200",94,2019,90.0,1.0,1.0,1.0,2259908,1.0,1,1,1,4.0,,0.0,0,1957.0,B01,138Â 208Â 132,1.0,4.0,-1.0,1725007,2.0,17,,0.0,2.0,2.0,B01,138Â 208Â 132,1.0
1010586,201900052117,8,22,10:50,1,1,1,1.0,3.0,94052,A86.EXT,M,"48,8453900","2,4926200",94,2019,90.0,1.0,1.0,1.0,2259908,1.0,1,1,1,4.0,,0.0,0,1957.0,B01,138Â 208Â 132,1.0,4.0,-1.0,1725008,2.0,7,,6.0,2.0,6.0,A01,138Â 208Â 133,1.0
1010586,201900052117,8,22,10:50,1,1,1,1.0,3.0,94052,A86.EXT,M,"48,8453900","2,4926200",94,2019,90.0,1.0,1.0,1.0,2259909,1.0,1,4,2,5.0,,0.0,0,1948.0,A01,138Â 208Â 133,1.0,0.0,-1.0,1725007,2.0,17,,0.0,2.0,2.0,B01,138Â 208Â 132,1.0
1010586,201900052117,8,22,10:50,1,1,1,1.0,3.0,94052,A86.EXT,M,"48,8453900","2,4926200",94,2019,90.0,1.0,1.0,1.0,2259909,1.0,1,4,2,5.0,,0.0,0,1948.0,A01,138Â 208Â 133,1.0,0.0,-1.0,1725008,2.0,7,,6.0,2.0,6.0,A01,138Â 208Â 133,1.0
1010587,201900052118,8,19,18:00,1,2,1,1.0,2.0,58194,MARECHAL JUIN,M,"47,0030200","3,1546100",58,2019,50.0,1.0,1.0,4.0,2259910,2.0,2,4,2,3.0,,-1.0, -1,1986.0,B01,138Â 208Â 128,1.0,0.0,-1.0,1725009,3.0,7,,0.0,2.0,4.0,B01,138Â 208Â 128,1.0
1010587,201900052118,8,19,18:00,1,2,1,1.0,2.0,58194,MARECHAL JUIN,M,"47,0030200","3,1546100",58,2019,50.0,1.0,1.0,4.0,2259910,2.0,2,4,2,3.0,,-1.0, -1,1986.0,B01,138Â 208Â 128,1.0,0.0,-1.0,1725010,3.0,7,,0.0,2.0,1.0,A01,138Â 208Â 129,1.0
1010587,201900052118,8,19,18:00,1,2,1,1.0,2.0,58194,MARECHAL JUIN,M,"47,0030200","3,1546100",58,2019,50.0,1.0,1.0,4.0,2259911,1.0,1,4,1,3.0,,-1.0, -1,1987.0,B01,138Â 208Â 128,1.0,0.0,-1.0,1725009,3.0,7,,0.0,2.0,4.0,B01,138Â 208Â 128,1.0
1010587,201900052118,8,19,18:00,1,2,1,1.0,2.0,58194,MARECHAL JUIN,M,"47,0030200","3,1546100",58,2019,50.0,1.0,1.0,4.0,2259911,1.0,1,4,1,3.0,,-1.0, -1,1987.0,B01,138Â 208Â 128,1.0,0.0,-1.0,1725010,3.0,7,,0.0,2.0,1.0,A01,138Â 208Â 129,1.0
1010587,201900052118,8,19,18:00,1,2,1,1.0,2.0,58194,MARECHAL JUIN,M,"47,0030200","3,1546100",58,2019,50.0,1.0,1.0,4.0,2259912,1.0,1,1,2,5.0,,-1.0, -1,1953.0,A01,138Â 208Â 129,1.0,0.0,-1.0,1725009,3.0,7,,0.0,2.0,4.0,B01,138Â 208Â 128,1.0
1010587,201900052118,8,19,18:00,1,2,1,1.0,2.0,58194,MARECHAL JUIN,M,"47,0030200","3,1546100",58,2019,50.0,1.0,1.0,4.0,2259912,1.0,1,1,2,5.0,,-1.0, -1,1953.0,A01,138Â 208Â 129,1.0,0.0,-1.0,1725010,3.0,7,,0.0,2.0,1.0,A01,138Â 208Â 129,1.0
1010588,201900052119,6,19,01:20,5,2,2,1.0,3.0,06088,NOTRE-DAME (AV.),M,"43,7041400","7,2684600",6,2019,50.0,1.0,1.0,4.0,2259913,1.0,1,1,1,4.0,,0.0,0,1991.0,B01,138Â 208Â 126,1.0,0.0,-1.0,1725011,0.0,37,1.0,0.0,0.0,0.0,B01,138Â 208Â 126,0.0
1010588,201900052119,6,19,01:20,5,2,2,1.0,3.0,06088,NOTRE-DAME (AV.),M,"43,7041400","7,2684600",6,2019,50.0,1.0,1.0,4.0,2259913,1.0,1,1,1,4.0,,0.0,0,1991.0,B01,138Â 208Â 126,1.0,0.0,-1.0,1725012,0.0,30,,0.0,2.0,1.0,A01,138Â 208Â 127,0.0
1010588,201900052119,6,19,01:20,5,2,2,1.0,3.0,06088,NOTRE-DAME (AV.),M,"43,7041400","7,2684600",6,2019,50.0,1.0,1.0,4.0,2259914,1.0,1,3,1,0.0,,0.0,0,1981.0,A01,138Â 208Â 127,2.0,6.0,-1.0,1725011,0.0,37,1.0,0.0,0.0,0.0,B01,138Â 208Â 126,0.0
1010588,201900052119,6,19,01:20,5,2,2,1.0,3.0,06088,NOTRE-DAME (AV.),M,"43,7041400","7,2684600",6,2019,50.0,1.0,1.0,4.0,2259914,1.0,1,3,1,0.0,,0.0,0,1981.0,A01,138Â 208Â 127,2.0,6.0,-1.0,1725012,0.0,30,,0.0,2.0,1.0,A01,138Â 208Â 127,0.0
1010589,201900052120,8,21,16:50,1,2,9,1.0,6.0,97416,LEBLOND 2 (RUE MARIUS ET ARY),M," -21,3341400","55,4608500",974,2019,10.0,1.0,1.0,5.0,2259915,10.0,3,3,2,0.0,,0.0,9,1962.0,A01,138Â 208Â 125,8.0,0.0,-1.0,1725013,3.0,7,,0.0,1.0,1.0,A01,138Â 208Â 125,1.0
1010589,201900052120,8,21,16:50,1,2,9,1.0,6.0,97416,LEBLOND 2 (RUE MARIUS ET ARY),M," -21,3341400","55,4608500",974,2019,10.0,1.0,1.0,5.0,2259916,1.0,1,1,1,0.0,,-1.0,0,1981.0,A01,138Â 208Â 125,1.0,8.0,-1.0,1725013,3.0,7,,0.0,1.0,1.0,A01,138Â 208Â 125,1.0
1010590,201900052121,8,21,15:25,1,2,3,1.0,3.0,97411,CHAUDRON  (BLD 1 DU),M," -20,8960600","55,4953300",974,2019,50.0,1.0,1.0,4.0,2259917,1.0,1,4,2,5.0,,-1.0, -1,1987.0,A01,138Â 208Â 123,1.0,0.0,-1.0,1725014,3.0,7,,0.0,2.0,3.0,A01,138Â 208Â 123,1.0
1010590,201900052121,8,21,15:25,1,2,3,1.0,3.0,97411,CHAUDRON  (BLD 1 DU),M," -20,8960600","55,4953300",974,2019,50.0,1.0,1.0,4.0,2259917,1.0,1,4,2,5.0,,-1.0, -1,1987.0,A01,138Â 208Â 123,1.0,0.0,-1.0,1725015,3.0,7,,0.0,2.0,3.0,B01,138Â 208Â 124,1.0
1010590,201900052121,8,21,15:25,1,2,3,1.0,3.0,97411,CHAUDRON  (BLD 1 DU),M," -20,8960600","55,4953300",974,2019,50.0,1.0,1.0,4.0,2259918,2.0,2,4,2,5.0,,-1.0, -1,2018.0,B01,138Â 208Â 124,3.0,8.0,-1.0,1725014,3.0,7,,0.0,2.0,3.0,A01,138Â 208Â 123,1.0