Unnamed: 0_x,num_acc,mois,jour,hrmn,lum,agg,int,atm,col,com,adr,gps,lat,long,dep,annee,vma,situ,surf,catr,Unnamed: 0_y,place,catu,grav,sexe,trajet,secu,locp,actp,an_nais,num_veh_x,id_vehicule_x,secu1,secu2,secu3,Unnamed: 0,senc,catv,occutc,obs,obsm,choc,num_veh_y,id_vehicule_y,motor
1010590,201900052121,8,21,15:25,1,2,3,1.0,3.0,97411,CHAUDRON  (BLD 1 DU),M," -20,8960600","55,4953300",974,2019,50.0,1.0,1.0,4.0,2259918,2.0,2,4,2,5.0,,-1.0, -1,2018.0,B01,138Â 208Â 124,3.0,8.0,-1.0,1725015,3.0,7,,0.0,2.0,3.0,B01,138Â 208Â 124,1.0
1010590,201900052121,8,21,15:25,1,2,3,1.0,3.0,97411,CHAUDRON  (BLD 1 DU),M," -20,8960600","55,4953300",974,2019,50.0,1.0,1.0,4.0,2259919,4.0,2,4,2,5.0,,-1.0, -1,1960.0,B01,138Â 208Â 124,8.0,0.0,-1.0,1725014,3.0,7,,0.0,2.0,3.0,A01,138Â 208Â 123,1.0
1010590,201900052121,8,21,15:25,1,2,3,1.0,3.0,97411,CHAUDRON  (BLD 1 DU),M," -20,8960600","55,4953300",974,2019,50.0,1.0,1.0,4.0,2259919,4.0,2,4,2,5.0,,-1.0, -1,1960.0,B01,138Â 208Â 124,8.0,0.0,-1.0,1725015,3.0,7,,0.0,2.0,3.0,B01,138Â 208Â 124,1.0
1010590,201900052121,8,21,15:25,1,2,3,1.0,3.0,97411,CHAUDRON  (BLD 1 DU),M," -20,8960600","55,4953300",974,2019,50.0,1.0,1.0,4.0,2259920,1.0,1,4,2,5.0,,-1.0, -1,1995.0,B01,138Â 208Â 124,8.0,8.0,-1.0,1725014,3.0,7,,0.0,2.0,3.0,A01,138Â 208Â 123,1.0
1010590,201900052121,8,21,15:25,1,2,3,1.0,3.0,97411,CHAUDRON  (BLD 1 DU),M," -20,8960600","55,4953300",974,2019,50.0,1.0,1.0,4.0,2259920,1.0,1,4,2,5.0,,-1.0, -1,1995.0,B01,138Â 208Â 124,8.0,8.0,-1.0,1725015,3.0,7,,0.0,2.0,3.0,B01,138Â 208Â 124,1.0
1010591,201900052122,8,21,11:15,1,2,2,1.0,3.0,97411,JAURES (BOULEVARD JEAN),M," -20,8887000","55,4463000",974,2019,70.0,1.0,1.0,2.0,2259921,1.0,1,4,1,1.0,,-1.0, -1,1979.0,B01,138Â 208Â 121,2.0,6.0,-1.0,1725016,1.0,33,,0.0,2.0,1.0,B01,138Â 208Â 121,1.0
1010591,201900052122,8,21,11:15,1,2,2,1.0,3.0,97411,JAURES (BOULEVARD JEAN),M," -20,8887000","55,4463000",974,2019,70.0,1.0,1.0,2.0,2259921,1.0,1,4,1,1.0,,-1.0, -1,1979.0,B01,138Â 208Â 121,2.0,6.0,-1.0,1725017,2.0,7,,0.0,2.0,8.0,A01,138Â 208Â 122,1.0
1010591,201900052122,8,21,11:15,1,2,2,1.0,3.0,97411,JAURES (BOULEVARD JEAN),M," -20,8887000","55,4463000",974,2019,70.0,1.0,1.0,2.0,2259922,1.0,1,1,1,0.0,,-1.0, -1,1963.0,A01,138Â 208Â 122,1.0,8.0,-1.0,1725016,1.0,33,,0.0,2.0,1.0,B01,138Â 208Â 121,1.0
1010591,201900052122,8,21,11:15,1,2,2,1.0,3.0,97411,JAURES (BOULEVARD JEAN),M," -20,8887000","55,4463000",974,2019,70.0,1.0,1.0,2.0,2259922,1.0,1,1,1,0.0,,-1.0, -1,1963.0,A01,138Â 208Â 122,1.0,8.0,-1.0,1725017,2.0,7,,0.0,2.0,8.0,A01,138Â 208Â 122,1.0
1010592,201900052123,8,21,22:20,5,2,9,1.0,2.0,69387,TONY GARNIER                        (AV),M,"45,7266700","4,8284600",69,2019,50.0,1.0,1.0,4.0,2259923,1.0,1,1,1,0.0,,-1.0,0,2000.0,A01,138Â 208Â 119,1.0,0.0,-1.0,1725018,3.0,7,,0.0,2.0,1.0,A01,138Â 208Â 119,1.0
1010592,201900052123,8,21,22:20,5,2,9,1.0,2.0,69387,TONY GARNIER                        (AV),M,"45,7266700","4,8284600",69,2019,50.0,1.0,1.0,4.0,2259923,1.0,1,1,1,0.0,,-1.0,0,2000.0,A01,138Â 208Â 119,1.0,0.0,-1.0,1725019,3.0,7,,0.0,2.0,4.0,B01,138Â 208Â 120,1.0
1010592,201900052123,8,21,22:20,5,2,9,1.0,2.0,69387,TONY GARNIER                        (AV),M,"45,7266700","4,8284600",69,2019,50.0,1.0,1.0,4.0,2259924,2.0,2,4,2,0.0,,-1.0, -1,2000.0,A01,138Â 208Â 119,1.0,0.0,-1.0,1725018,3.0,7,,0.0,2.0,1.0,A01,138Â 208Â 119,1.0
1010592,201900052123,8,21,22:20,5,2,9,1.0,2.0,69387,TONY GARNIER                        (AV),M,"45,7266700","4,8284600",69,2019,50.0,1.0,1.0,4.0,2259924,2.0,2,4,2,0.0,,-1.0, -1,2000.0,A01,138Â 208Â 119,1.0,0.0,-1.0,1725019,3.0,7,,0.0,2.0,4.0,B01,138Â 208Â 120,1.0
1010592,201900052123,8,21,22:20,5,2,9,1.0,2.0,69387,TONY GARNIER                        (AV),M,"45,7266700","4,8284600",69,2019,50.0,1.0,1.0,4.0,2259925,1.0,1,1,1,0.0,,-1.0, -1,1982.0,B01,138Â 208Â 120,1.0,0.0,-1.0,1725018,3.0,7,,0.0,2.0,1.0,A01,138Â 208Â 119,1.0
1010592,201900052123,8,21,22:20,5,2,9,1.0,2.0,69387,TONY GARNIER                        (AV),M,"45,7266700","4,8284600",69,2019,50.0,1.0,1.0,4.0,2259925,1.0,1,1,1,0.0,,-1.0, -1,1982.0,B01,138Â 208Â 120,1.0,0.0,-1.0,1725019,3.0,7,,0.0,2.0,4.0,B01,138Â 208Â 120,1.0
1010593,201900052124,8,18,18:55,5,2,5,1.0,3.0,97107,LEOPOLD DORVAL ( RUE ),M,"16,0453563"," -61,5652853",971,2019,30.0,1.0,1.0,4.0,2259926,2.0,2,2,2,5.0,,-1.0, -1,1994.0,B01,138Â 208Â 117,8.0,0.0,-1.0,1725020,1.0,34,,1.0,2.0,8.0,B01,138Â 208Â 117,1.0
1010593,201900052124,8,18,18:55,5,2,5,1.0,3.0,97107,LEOPOLD DORVAL ( RUE ),M,"16,0453563"," -61,5652853",971,2019,30.0,1.0,1.0,4.0,2259926,2.0,2,2,2,5.0,,-1.0, -1,1994.0,B01,138Â 208Â 117,8.0,0.0,-1.0,1725021,1.0,10,,0.0,2.0,3.0,A01,138Â 208Â 118,1.0
1010593,201900052124,8,18,18:55,5,2,5,1.0,3.0,97107,LEOPOLD DORVAL ( RUE ),M,"16,0453563"," -61,5652853",971,2019,30.0,1.0,1.0,4.0,2259927,1.0,1,3,1,5.0,,-1.0, -1,1993.0,B01,138Â 208Â 117,8.0,0.0,-1.0,1725020,1.0,34,,1.0,2.0,8.0,B01,138Â 208Â 117,1.0
1010593,201900052124,8,18,18:55,5,2,5,1.0,3.0,97107,LEOPOLD DORVAL ( RUE ),M,"16,0453563"," -61,5652853",971,2019,30.0,1.0,1.0,4.0,2259927,1.0,1,3,1,5.0,,-1.0, -1,1993.0,B01,138Â 208Â 117,8.0,0.0,-1.0,1725021,1.0,10,,0.0,2.0,3.0,A01,138Â 208Â 118,1.0
1010593,201900052124,8,18,18:55,5,2,5,1.0,3.0,97107,LEOPOLD DORVAL ( RUE ),M,"16,0453563"," -61,5652853",971,2019,30.0,1.0,1.0,4.0,2259928,1.0,1,1,2,5.0,,-1.0, -1,1996.0,A01,138Â 208Â 118,1.0,0.0,-1.0,1725020,1.0,34,,1.0,2.0,8.0,B01,138Â 208Â 117,1.0
1010593,201900052124,8,18,18:55,5,2,5,1.0,3.0,97107,LEOPOLD DORVAL ( RUE ),M,"16,0453563"," -61,5652853",971,2019,30.0,1.0,1.0,4.0,2259928,1.0,1,1,2,5.0,,-1.0, -1,1996.0,A01,138Â 208Â 118,1.0,0.0,-1.0,1725021,1.0,10,,0.0,2.0,3.0,A01,138Â 208Â 118,1.0
1010594,201900052125,8,20,07:40,1,2,9,1.0,1.0,97105,GOUVERNEUR DU LYON (AVE),M,"16,0029293"," -61,7387914",971,2019,50.0,1.0,1.0,2.0,2259929,1.0,1,3,1,1.0,,-1.0, -1,1992.0,A01,138Â 208Â 115,2.0,0.0,-1.0,1725022,1.0,33,,15.0,2.0,2.0,A01,138Â 208Â 115,1.0
1010594,201900052125,8,20,07:40,1,2,9,1.0,1.0,97105,GOUVERNEUR DU LYON (AVE),M,"16,0029293"," -61,7387914",971,2019,50.0,1.0,1.0,2.0,2259929,1.0,1,3,1,1.0,,-1.0, -1,1992.0,A01,138Â 208Â 115,2.0,0.0,-1.0,1725023,2.0,7,,0.0,2.0,2.0,B01,138Â 208Â 116,1.0
1010594,201900052125,8,20,07:40,1,2,9,1.0,1.0,97105,GOUVERNEUR DU LYON (AVE),M,"16,0029293"," -61,7387914",971,2019,50.0,1.0,1.0,2.0,2259930,1.0,1,1,2,5.0,,-1.0, -1,1983.0,B01,138Â 208Â 116,1.0,0.0,-1.0,1725022,1.0,33,,15.0,2.0,2.0,A01,138Â 208Â 115,1.0
1010594,201900052125,8,20,07:40,1,2,9,1.0,1.0,97105,GOUVERNEUR DU LYON (AVE),M,"16,0029293"," -61,7387914",971,2019,50.0,1.0,1.0,2.0,2259930,1.0,1,1,2,5.0,,-1.0, -1,1983.0,B01,138Â 208Â 116,1.0,0.0,-1.0,1725023,2.0,7,,0.0,2.0,2.0,B01,138Â 208Â 116,1.0
1010595,201900052126,8,12,08:00,1,1,1,1.0,2.0,91421,NATIONALE 6 (GLACIERE),M,"48,7051600","2,4435000",91,2019,90.0,1.0,1.0,2.0,2259931,1.0,1,3,1,1.0,,0.0,0,1980.0,B01,138Â 208Â 113,2.0,6.0,-1.0,1725024,2.0,2,,0.0,2.0,4.0,B01,138Â 208Â 113,1.0
1010595,201900052126,8,12,08:00,1,1,1,1.0,2.0,91421,NATIONALE 6 (GLACIERE),M,"48,7051600","2,4435000",91,2019,90.0,1.0,1.0,2.0,2259931,1.0,1,3,1,1.0,,0.0,0,1980.0,B01,138Â 208Â 113,2.0,6.0,-1.0,1725025,2.0,7,,0.0,2.0,2.0,A01,138Â 208Â 114,1.0
1010595,201900052126,8,12,08:00,1,1,1,1.0,2.0,91421,NATIONALE 6 (GLACIERE),M,"48,7051600","2,4435000",91,2019,90.0,1.0,1.0,2.0,2259932,1.0,1,1,1,1.0,,0.0,0,1986.0,A01,138Â 208Â 114,1.0,0.0,-1.0,1725024,2.0,2,,0.0,2.0,4.0,B01,138Â 208Â 113,1.0
1010595,201900052126,8,12,08:00,1,1,1,1.0,2.0,91421,NATIONALE 6 (GLACIERE),M,"48,7051600","2,4435000",91,2019,90.0,1.0,1.0,2.0,2259932,1.0,1,1,1,1.0,,0.0,0,1986.0,A01,138Â 208Â 114,1.0,0.0,-1.0,1725025,2.0,7,,0.0,2.0,2.0,A01,138Â 208Â 114,1.0
1010596,201900052127,8,20,17:52,1,2,1,1.0,6.0,91103,MOINEAUX (SQUARE DES),M,"48,6020000","2,3080000",91,2019,50.0,1.0,1.0,4.0,2259933,10.0,3,4,1,5.0,,2.0,9,2001.0,Z01,138Â 208Â 112,8.0,0.0,-1.0,1725026,1.0,7,,0.0,6.0,1.0,Z01,138Â 208Â 112,0.0
1010596,201900052127,8,20,17:52,1,2,1,1.0,6.0,91103,MOINEAUX (SQUARE DES),M,"48,6020000","2,3080000",91,2019,50.0,1.0,1.0,4.0,2259934,1.0,1,1,1,5.0,,0.0,0,1993.0,Z01,138Â 208Â 112,8.0,0.0,-1.0,1725026,1.0,7,,0.0,6.0,1.0,Z01,138Â 208Â 112,0.0
1010597,201900052128,8,21,13:45,1,2,3,1.0,5.0,88413,RÃ©sistance ( Quai de la ),M,"48,2858900","6,9653600",88,2019,50.0,1.0,1.0,4.0,2259935,1.0,1,1,1,0.0,,-1.0, -1,1960.0,B01,138Â 208Â 109,1.0,0.0,-1.0,1725027,3.0,7,,0.0,2.0,2.0,B01,138Â 208Â 109,1.0
1010597,201900052128,8,21,13:45,1,2,3,1.0,5.0,88413,RÃ©sistance ( Quai de la ),M,"48,2858900","6,9653600",88,2019,50.0,1.0,1.0,4.0,2259935,1.0,1,1,1,0.0,,-1.0, -1,1960.0,B01,138Â 208Â 109,1.0,0.0,-1.0,1725028,1.0,7,,0.0,1.0,8.0,C01,138Â 208Â 110,1.0
1010597,201900052128,8,21,13:45,1,2,3,1.0,5.0,88413,RÃ©sistance ( Quai de la ),M,"48,2858900","6,9653600",88,2019,50.0,1.0,1.0,4.0,2259935,1.0,1,1,1,0.0,,-1.0, -1,1960.0,B01,138Â 208Â 109,1.0,0.0,-1.0,1725029,2.0,32,,14.0,2.0,7.0,A01,138Â 208Â 111,1.0
1010597,201900052128,8,21,13:45,1,2,3,1.0,5.0,88413,RÃ©sistance ( Quai de la ),M,"48,2858900","6,9653600",88,2019,50.0,1.0,1.0,4.0,2259936,1.0,1,1,2,0.0,,-1.0, -1,1985.0,C01,138Â 208Â 110,1.0,0.0,-1.0,1725027,3.0,7,,0.0,2.0,2.0,B01,138Â 208Â 109,1.0
1010597,201900052128,8,21,13:45,1,2,3,1.0,5.0,88413,RÃ©sistance ( Quai de la ),M,"48,2858900","6,9653600",88,2019,50.0,1.0,1.0,4.0,2259936,1.0,1,1,2,0.0,,-1.0, -1,1985.0,C01,138Â 208Â 110,1.0,0.0,-1.0,1725028,1.0,7,,0.0,1.0,8.0,C01,138Â 208Â 110,1.0
1010597,201900052128,8,21,13:45,1,2,3,1.0,5.0,88413,RÃ©sistance ( Quai de la ),M,"48,2858900","6,9653600",88,2019,50.0,1.0,1.0,4.0,2259936,1.0,1,1,2,0.0,,-1.0, -1,1985.0,C01,138Â 208Â 110,1.0,0.0,-1.0,1725029,2.0,32,,14.0,2.0,7.0,A01,138Â 208Â 111,1.0
1010597,201900052128,8,21,13:45,1,2,3,1.0,5.0,88413,RÃ©sistance ( Quai de la ),M,"48,2858900","6,9653600",88,2019,50.0,1.0,1.0,4.0,2259937,2.0,2,3,2,5.0,,-1.0, -1,2001.0,A01,138Â 208Â 111,2.0,0.0,-1.0,1725027,3.0,7,,0.0,2.0,2.0,B01,138Â 208Â 109,1.0
1010597,201900052128,8,21,13:45,1,2,3,1.0,5.0,88413,RÃ©sistance ( Quai de la ),M,"48,2858900","6,9653600",88,2019,50.0,1.0,1.0,4.0,2259937,2.0,2,3,2,5.0,,-1.0, -1,2001.0,A01,138Â 208Â 111,2.0,0.0,-1.0,1725028,1.0,7,,0.0,1.0,8.0,C01,138Â 208Â 110,1.0
1010597,201900052128,8,21,13:45,1,2,3,1.0,5.0,88413,RÃ©sistance ( Quai de la ),M,"48,2858900","6,9653600",88,2019,50.0,1.0,1.0,4.0,2259937,2.0,2,3,2,5.0,,-1.0, -1,2001.0,A01,138Â 208Â 111,2.0,0.0,-1.0,1725029,2.0,32,,14.0,2.0,7.0,A01,138Â 208Â 111,1.0
1010597,201900052128,8,21,13:45,1,2,3,1.0,5.0,88413,RÃ©sistance ( Quai de la ),M,"48,2858900","6,9653600",88,2019,50.0,1.0,1.0,4.0,2259938,1.0,1,1,1,5.0,,-1.0, -1,2004.0,A01,138Â 208Â 111,2.0,0.0,-1.0,1725027,3.0,7,,0.0,2.0,2.0,B01,138Â 208Â 109,1.0
1010597,201900052128,8,21,13:45,1,2,3,1.0,5.0,88413,RÃ©sistance ( Quai de la ),M,"48,2858900","6,9653600",88,2019,50.0,1.0,1.0,4.0,2259938,1.0,1,1,1,5.0,,-1.0, -1,2004.0,A01,138Â 208Â 111,2.0,0.0,-1.0,1725028,1.0,7,,0.0,1.0,8.0,C01,138Â 208Â 110,1.0
1010597,201900052128,8,21,13:45,1,2,3,1.0,5.0,88413,RÃ©sistance ( Quai de la ),M,"48,2858900","6,9653600",88,2019,50.0,1.0,1.0,4.0,2259938,1.0,1,1,1,5.0,,-1.0, -1,2004.0,A01,138Â 208Â 111,2.0,0.0,-1.0,1725029,2.0,32,,14.0,2.0,7.0,A01,138Â 208Â 111,1.0
1010598,201900052129,8,21,11:24,1,2,3,1.0,3.0,87085,MATISSE (RUE HENRI),M,"45,8517100","1,2726600",87,2019,50.0,1.0,1.0,4.0,2259939,1.0,1,4,2,5.0,,0.0,0,1982.0,B01,138Â 208Â 107,1.0,0.0,-1.0,1725030,2.0,7,,0.0,2.0,7.0,B01,138Â 208Â 107,1.0
1010598,201900052129,8,21,11:24,1,2,3,1.0,3.0,87085,MATISSE (RUE HENRI),M,"45,8517100","1,2726600",87,2019,50.0,1.0,1.0,4.0,2259939,1.0,1,4,2,5.0,,0.0,0,1982.0,B01,138Â 208Â 107,1.0,0.0,-1.0,1725031,2.0,7,,0.0,2.0,1.0,A01,138Â 208Â 108,1.0
1010598,201900052129,8,21,11:24,1,2,3,1.0,3.0,87085,MATISSE (RUE HENRI),M,"45,8517100","1,2726600",87,2019,50.0,1.0,1.0,4.0,2259940,1.0,1,1,1,5.0,,0.0,0,1978.0,A01,138Â 208Â 108,1.0,0.0,-1.0,1725030,2.0,7,,0.0,2.0,7.0,B01,138Â 208Â 107,1.0
1010598,201900052129,8,21,11:24,1,2,3,1.0,3.0,87085,MATISSE (RUE HENRI),M,"45,8517100","1,2726600",87,2019,50.0,1.0,1.0,4.0,2259940,1.0,1,1,1,5.0,,0.0,0,1978.0,A01,138Â 208Â 108,1.0,0.0,-1.0,1725031,2.0,7,,0.0,2.0,1.0,A01,138Â 208Â 108,1.0
1010599,201900052130,8,20,11:50,1,2,1,1.0,6.0,85194,RUE BEAUSEJOUR,M,"46,4984800"," -1,7766500",85,2019,50.0,1.0,1.0,4.0,2259941,10.0,3,4,2,4.0,,5.0,3,1970.0,A01,138Â 208Â 106,8.0,0.0,-1.0,1725032,3.0,1,,0.0,1.0,1.0,A01,138Â 208Â 106,5.0
1010599,201900052130,8,20,11:50,1,2,1,1.0,6.0,85194,RUE BEAUSEJOUR,M,"46,4984800"," -1,7766500",85,2019,50.0,1.0,1.0,4.0,2259942,1.0,1,4,2,1.0,,0.0,0,2000.0,A01,138Â 208Â 106,8.0,0.0,-1.0,1725032,3.0,1,,0.0,1.0,1.0,A01,138Â 208Â 106,5.0
1010600,201900052131,8,20,10:30,1,2,1,1.0,3.0,83062,FERRY (RUE ET AVENUE JULES),M,"43,1246600","6,0173300",83,2019,50.0,1.0,1.0,4.0,2259943,1.0,1,3,1,5.0,,-1.0, -1,1948.0,B01,138Â 208Â 104,2.0,0.0,-1.0,1725033,3.0,80,,0.0,2.0,2.0,B01,138Â 208Â 104,3.0
1010600,201900052131,8,20,10:30,1,2,1,1.0,3.0,83062,FERRY (RUE ET AVENUE JULES),M,"43,1246600","6,0173300",83,2019,50.0,1.0,1.0,4.0,2259943,1.0,1,3,1,5.0,,-1.0, -1,1948.0,B01,138Â 208Â 104,2.0,0.0,-1.0,1725034,3.0,20,,0.0,2.0,8.0,A01,138Â 208Â 105,3.0
1010600,201900052131,8,20,10:30,1,2,1,1.0,3.0,83062,FERRY (RUE ET AVENUE JULES),M,"43,1246600","6,0173300",83,2019,50.0,1.0,1.0,4.0,2259944,1.0,1,1,1,4.0,,-1.0,0,1966.0,A01,138Â 208Â 105,8.0,0.0,-1.0,1725033,3.0,80,,0.0,2.0,2.0,B01,138Â 208Â 104,3.0
1010600,201900052131,8,20,10:30,1,2,1,1.0,3.0,83062,FERRY (RUE ET AVENUE JULES),M,"43,1246600","6,0173300",83,2019,50.0,1.0,1.0,4.0,2259944,1.0,1,1,1,4.0,,-1.0,0,1966.0,A01,138Â 208Â 105,8.0,0.0,-1.0,1725034,3.0,20,,0.0,2.0,8.0,A01,138Â 208Â 105,3.0
1010601,201900052132,8,20,23:00,5,2,1,1.0,6.0,82121,ARLETTY (rue),M,"44,0097500","1,3768600",82,2019,50.0,1.0,1.0,4.0,2259945,1.0,1,3,1,5.0,,0.0,0,1989.0,A01,138Â 208Â 103,2.0,6.0,-1.0,1725035,2.0,31,,12.0,0.0,0.0,A01,138Â 208Â 103,1.0
1010602,201900052133,8,9,16:48,1,1,1,1.0,4.0,81065,LAUTREC RD 83 (RTE DE),M,"43,6394700","2,1940800",81,2019,80.0,1.0,1.0,3.0,2259946,1.0,1,1,1,5.0,,0.0,0,1993.0,C01,138Â 208Â 100,1.0,-1.0,-1.0,1725036,2.0,7,,0.0,2.0,7.0,C01,138Â 208Â 100,1.0
1010602,201900052133,8,9,16:48,1,1,1,1.0,4.0,81065,LAUTREC RD 83 (RTE DE),M,"43,6394700","2,1940800",81,2019,80.0,1.0,1.0,3.0,2259946,1.0,1,1,1,5.0,,0.0,0,1993.0,C01,138Â 208Â 100,1.0,-1.0,-1.0,1725037,1.0,7,,0.0,2.0,1.0,B01,138Â 208Â 101,1.0
1010602,201900052133,8,9,16:48,1,1,1,1.0,4.0,81065,LAUTREC RD 83 (RTE DE),M,"43,6394700","2,1940800",81,2019,80.0,1.0,1.0,3.0,2259946,1.0,1,1,1,5.0,,0.0,0,1993.0,C01,138Â 208Â 100,1.0,-1.0,-1.0,1725038,2.0,7,,0.0,2.0,1.0,A01,138Â 208Â 102,1.0
1010602,201900052133,8,9,16:48,1,1,1,1.0,4.0,81065,LAUTREC RD 83 (RTE DE),M,"43,6394700","2,1940800",81,2019,80.0,1.0,1.0,3.0,2259947,4.0,2,2,1,5.0,,0.0,0,1963.0,B01,138Â 208Â 101,1.0,8.0,-1.0,1725036,2.0,7,,0.0,2.0,7.0,C01,138Â 208Â 100,1.0
1010602,201900052133,8,9,16:48,1,1,1,1.0,4.0,81065,LAUTREC RD 83 (RTE DE),M,"43,6394700","2,1940800",81,2019,80.0,1.0,1.0,3.0,2259947,4.0,2,2,1,5.0,,0.0,0,1963.0,B01,138Â 208Â 101,1.0,8.0,-1.0,1725037,1.0,7,,0.0,2.0,1.0,B01,138Â 208Â 101,1.0
1010602,201900052133,8,9,16:48,1,1,1,1.0,4.0,81065,LAUTREC RD 83 (RTE DE),M,"43,6394700","2,1940800",81,2019,80.0,1.0,1.0,3.0,2259947,4.0,2,2,1,5.0,,0.0,0,1963.0,B01,138Â 208Â 101,1.0,8.0,-1.0,1725038,2.0,7,,0.0,2.0,1.0,A01,138Â 208Â 102,1.0
1010602,201900052133,8,9,16:48,1,1,1,1.0,4.0,81065,LAUTREC RD 83 (RTE DE),M,"43,6394700","2,1940800",81,2019,80.0,1.0,1.0,3.0,2259948,1.0,1,3,1,5.0,,0.0,0,1956.0,B01,138Â 208Â 101,1.0,0.0,-1.0,1725036,2.0,7,,0.0,2.0,7.0,C01,138Â 208Â 100,1.0
1010602,201900052133,8,9,16:48,1,1,1,1.0,4.0,81065,LAUTREC RD 83 (RTE DE),M,"43,6394700","2,1940800",81,2019,80.0,1.0,1.0,3.0,2259948,1.0,1,3,1,5.0,,0.0,0,1956.0,B01,138Â 208Â 101,1.0,0.0,-1.0,1725037,1.0,7,,0.0,2.0,1.0,B01,138Â 208Â 101,1.0
1010602,201900052133,8,9,16:48,1,1,1,1.0,4.0,81065,LAUTREC RD 83 (RTE DE),M,"43,6394700","2,1940800",81,2019,80.0,1.0,1.0,3.0,2259948,1.0,1,3,1,5.0,,0.0,0,1956.0,B01,138Â 208Â 101,1.0,0.0,-1.0,1725038,2.0,7,,0.0,2.0,1.0,A01,138Â 208Â 102,1.0
1010602,201900052133,8,9,16:48,1,1,1,1.0,4.0,81065,LAUTREC RD 83 (RTE DE),M,"43,6394700","2,1940800",81,2019,80.0,1.0,1.0,3.0,2259949,1.0,1,4,2,5.0,,0.0,0,1966.0,A01,138Â 208Â 102,1.0,0.0,-1.0,1725036,2.0,7,,0.0,2.0,7.0,C01,138Â 208Â 100,1.0
1010602,201900052133,8,9,16:48,1,1,1,1.0,4.0,81065,LAUTREC RD 83 (RTE DE),M,"43,6394700","2,1940800",81,2019,80.0,1.0,1.0,3.0,2259949,1.0,1,4,2,5.0,,0.0,0,1966.0,A01,138Â 208Â 102,1.0,0.0,-1.0,1725037,1.0,7,,0.0,2.0,1.0,B01,138Â 208Â 101,1.0
1010602,201900052133,8,9,16:48,1,1,1,1.0,4.0,81065,LAUTREC RD 83 (RTE DE),M,"43,6394700","2,1940800",81,2019,80.0,1.0,1.0,3.0,2259949,1.0,1,4,2,5.0,,0.0,0,1966.0,A01,138Â 208Â 102,1.0,0.0,-1.0,1725038,2.0,7,,0.0,2.0,1.0,A01,138Â 208Â 102,1.0
1010603,201900052134,8,10,12:20,1,1,1,1.0,2.0,78486,RN 10,M,"48,7100500","1,8689600",78,2019,110.0,1.0,1.0,2.0,2259950,1.0,1,3,2,5.0,,-1.0, -1,1988.0,A01,138Â 208Â 095,2.0,8.0,-1.0,1725039,2.0,33,,0.0,2.0,1.0,A01,138Â 208Â 095,1.0
1010603,201900052134,8,10,12:20,1,1,1,1.0,2.0,78486,RN 10,M,"48,7100500","1,8689600",78,2019,110.0,1.0,1.0,2.0,2259950,1.0,1,3,2,5.0,,-1.0, -1,1988.0,A01,138Â 208Â 095,2.0,8.0,-1.0,1725040,2.0,7,,0.0,2.0,6.0,B01,138Â 208Â 096,1.0
1010603,201900052134,8,10,12:20,1,1,1,1.0,2.0,78486,RN 10,M,"48,7100500","1,8689600",78,2019,110.0,1.0,1.0,2.0,2259951,1.0,1,1,1,5.0,,-1.0, -1,1995.0,B01,138Â 208Â 096,1.0,0.0,-1.0,1725039,2.0,33,,0.0,2.0,1.0,A01,138Â 208Â 095,1.0
1010603,201900052134,8,10,12:20,1,1,1,1.0,2.0,78486,RN 10,M,"48,7100500","1,8689600",78,2019,110.0,1.0,1.0,2.0,2259951,1.0,1,1,1,5.0,,-1.0, -1,1995.0,B01,138Â 208Â 096,1.0,0.0,-1.0,1725040,2.0,7,,0.0,2.0,6.0,B01,138Â 208Â 096,1.0
1010604,201900052135,8,12,18:35,1,1,3,1.0,6.0,78335,R.D 146,M,"48,9890000","1,7320800",78,2019,70.0,1.0,1.0,3.0,2259952,10.0,3,3,1,0.0,,2.0,5,2010.0,A01,138Â 208Â 094,0.0,0.0,-1.0,1725041,1.0,7,,0.0,1.0,7.0,A01,138Â 208Â 094,6.0
1010605,201900052136,8,19,17:30,1,2,1,1.0,2.0,78335,AVENUE J.B COROT,M,"48,9933600","1,7264100",78,2019,50.0,1.0,1.0,3.0,2259953,1.0,1,1,1,1.0,,-1.0, -1,1994.0,A01,138Â 208Â 092,1.0,0.0,-1.0,1725042,1.0,7,,0.0,2.0,1.0,A01,138Â 208Â 092,1.0
1010605,201900052136,8,19,17:30,1,2,1,1.0,2.0,78335,AVENUE J.B COROT,M,"48,9933600","1,7264100",78,2019,50.0,1.0,1.0,3.0,2259953,1.0,1,1,1,1.0,,-1.0, -1,1994.0,A01,138Â 208Â 092,1.0,0.0,-1.0,1725043,1.0,33,,0.0,2.0,4.0,B01,138Â 208Â 093,1.0
1010605,201900052136,8,19,17:30,1,2,1,1.0,2.0,78335,AVENUE J.B COROT,M,"48,9933600","1,7264100",78,2019,50.0,1.0,1.0,3.0,2259954,2.0,2,3,2,5.0,,-1.0, -1,1957.0,B01,138Â 208Â 093,2.0,8.0,-1.0,1725042,1.0,7,,0.0,2.0,1.0,A01,138Â 208Â 092,1.0
1010605,201900052136,8,19,17:30,1,2,1,1.0,2.0,78335,AVENUE J.B COROT,M,"48,9933600","1,7264100",78,2019,50.0,1.0,1.0,3.0,2259954,2.0,2,3,2,5.0,,-1.0, -1,1957.0,B01,138Â 208Â 093,2.0,8.0,-1.0,1725043,1.0,33,,0.0,2.0,4.0,B01,138Â 208Â 093,1.0