Unnamed: 0_x,num_acc,mois,jour,hrmn,lum,agg,int,atm,col,com,adr,gps,lat,long,dep,annee,vma,situ,surf,catr,Unnamed: 0_y,place,catu,grav,sexe,trajet,secu,locp,actp,an_nais,num_veh_x,id_vehicule_x,secu1,secu2,secu3,Unnamed: 0,senc,catv,occutc,obs,obsm,choc,num_veh_y,id_vehicule_y,motor
1010605,201900052136,8,19,17:30,1,2,1,1.0,2.0,78335,AVENUE J.B COROT,M,"48,9933600","1,7264100",78,2019,50.0,1.0,1.0,3.0,2259955,1.0,1,4,1,5.0,,-1.0, -1,1957.0,B01,138Â 208Â 093,2.0,8.0,-1.0,1725042,1.0,7,,0.0,2.0,1.0,A01,138Â 208Â 092,1.0
1010605,201900052136,8,19,17:30,1,2,1,1.0,2.0,78335,AVENUE J.B COROT,M,"48,9933600","1,7264100",78,2019,50.0,1.0,1.0,3.0,2259955,1.0,1,4,1,5.0,,-1.0, -1,1957.0,B01,138Â 208Â 093,2.0,8.0,-1.0,1725043,1.0,33,,0.0,2.0,4.0,B01,138Â 208Â 093,1.0
1010606,201900052137,8,21,00:00,5,2,1,1.0,3.0,64122,MARECHAL JOFFRE (RUE DU),M,"43,4780799"," -1,5622805",64,2019,50.0,1.0,1.0,4.0,2259956,1.0,1,1,1,5.0,,0.0,0,1967.0,A01,138Â 208Â 090,1.0,8.0,-1.0,1725044,1.0,7,,0.0,2.0,3.0,A01,138Â 208Â 090,1.0
1010606,201900052137,8,21,00:00,5,2,1,1.0,3.0,64122,MARECHAL JOFFRE (RUE DU),M,"43,4780799"," -1,5622805",64,2019,50.0,1.0,1.0,4.0,2259956,1.0,1,1,1,5.0,,0.0,0,1967.0,A01,138Â 208Â 090,1.0,8.0,-1.0,1725045,1.0,2,,0.0,2.0,7.0,B01,138Â 208Â 091,1.0
1010606,201900052137,8,21,00:00,5,2,1,1.0,3.0,64122,MARECHAL JOFFRE (RUE DU),M,"43,4780799"," -1,5622805",64,2019,50.0,1.0,1.0,4.0,2259957,1.0,1,4,1,1.0,,0.0,0,2001.0,B01,138Â 208Â 091,2.0,6.0,-1.0,1725044,1.0,7,,0.0,2.0,3.0,A01,138Â 208Â 090,1.0
1010606,201900052137,8,21,00:00,5,2,1,1.0,3.0,64122,MARECHAL JOFFRE (RUE DU),M,"43,4780799"," -1,5622805",64,2019,50.0,1.0,1.0,4.0,2259957,1.0,1,4,1,1.0,,0.0,0,2001.0,B01,138Â 208Â 091,2.0,6.0,-1.0,1725045,1.0,2,,0.0,2.0,7.0,B01,138Â 208Â 091,1.0
1010607,201900052138,8,20,18:40,1,1,3,1.0,2.0,62200,NOYELLES ( RUE DE ),M,"50,5043300","2,7353700",62,2019,80.0,1.0,1.0,3.0,2259958,1.0,1,4,1,0.0,,0.0,0,1987.0,B01,138Â 208Â 088,1.0,0.0,-1.0,1725046,2.0,7,,0.0,2.0,4.0,B01,138Â 208Â 088,1.0
1010607,201900052138,8,20,18:40,1,1,3,1.0,2.0,62200,NOYELLES ( RUE DE ),M,"50,5043300","2,7353700",62,2019,80.0,1.0,1.0,3.0,2259958,1.0,1,4,1,0.0,,0.0,0,1987.0,B01,138Â 208Â 088,1.0,0.0,-1.0,1725047,2.0,33,,0.0,2.0,1.0,A01,138Â 208Â 089,1.0
1010607,201900052138,8,20,18:40,1,1,3,1.0,2.0,62200,NOYELLES ( RUE DE ),M,"50,5043300","2,7353700",62,2019,80.0,1.0,1.0,3.0,2259959,1.0,1,3,1,5.0,,0.0,0,1994.0,A01,138Â 208Â 089,2.0,6.0,-1.0,1725046,2.0,7,,0.0,2.0,4.0,B01,138Â 208Â 088,1.0
1010607,201900052138,8,20,18:40,1,1,3,1.0,2.0,62200,NOYELLES ( RUE DE ),M,"50,5043300","2,7353700",62,2019,80.0,1.0,1.0,3.0,2259959,1.0,1,3,1,5.0,,0.0,0,1994.0,A01,138Â 208Â 089,2.0,6.0,-1.0,1725047,2.0,33,,0.0,2.0,1.0,A01,138Â 208Â 089,1.0
1010608,201900052139,7,10,11:35,1,2,1,1.0,6.0,62041,FAIDHERBE ( BOULEVARD ),M,"50,2921770","2,7823090",62,2019,50.0,1.0,1.0,6.0,2259960,10.0,3,3,2,5.0,,5.0,9,1937.0,A01,138Â 208Â 087,8.0,0.0,-1.0,1725048,1.0,10,,0.0,1.0,4.0,A01,138Â 208Â 087,1.0
1010608,201900052139,7,10,11:35,1,2,1,1.0,6.0,62041,FAIDHERBE ( BOULEVARD ),M,"50,2921770","2,7823090",62,2019,50.0,1.0,1.0,6.0,2259961,10.0,3,3,1,5.0,,5.0,0,1936.0,A01,138Â 208Â 087,8.0,0.0,-1.0,1725048,1.0,10,,0.0,1.0,4.0,A01,138Â 208Â 087,1.0
1010608,201900052139,7,10,11:35,1,2,1,1.0,6.0,62041,FAIDHERBE ( BOULEVARD ),M,"50,2921770","2,7823090",62,2019,50.0,1.0,1.0,6.0,2259962,1.0,1,1,2,0.0,,-1.0, -1,1981.0,A01,138Â 208Â 087,1.0,0.0,-1.0,1725048,1.0,10,,0.0,1.0,4.0,A01,138Â 208Â 087,1.0
1010609,201900052140,8,21,19:55,1,2,1,1.0,3.0,59457,LOMME RUE DE,M,"50,6594900","2,9761800",59,2019,30.0,1.0,1.0,7.0,2259963,1.0,1,1,2,5.0,,-1.0,0,1989.0,A01,138Â 208Â 083,1.0,0.0,-1.0,1725049,1.0,7,,0.0,2.0,7.0,A01,138Â 208Â 083,1.0
1010609,201900052140,8,21,19:55,1,2,1,1.0,3.0,59457,LOMME RUE DE,M,"50,6594900","2,9761800",59,2019,30.0,1.0,1.0,7.0,2259963,1.0,1,1,2,5.0,,-1.0,0,1989.0,A01,138Â 208Â 083,1.0,0.0,-1.0,1725050,1.0,33,,0.0,2.0,7.0,B01,138Â 208Â 084,1.0
1010609,201900052140,8,21,19:55,1,2,1,1.0,3.0,59457,LOMME RUE DE,M,"50,6594900","2,9761800",59,2019,30.0,1.0,1.0,7.0,2259964,2.0,2,2,2,5.0,,-1.0,0,1973.0,B01,138Â 208Â 084,2.0,6.0,-1.0,1725049,1.0,7,,0.0,2.0,7.0,A01,138Â 208Â 083,1.0
1010609,201900052140,8,21,19:55,1,2,1,1.0,3.0,59457,LOMME RUE DE,M,"50,6594900","2,9761800",59,2019,30.0,1.0,1.0,7.0,2259964,2.0,2,2,2,5.0,,-1.0,0,1973.0,B01,138Â 208Â 084,2.0,6.0,-1.0,1725050,1.0,33,,0.0,2.0,7.0,B01,138Â 208Â 084,1.0
1010609,201900052140,8,21,19:55,1,2,1,1.0,3.0,59457,LOMME RUE DE,M,"50,6594900","2,9761800",59,2019,30.0,1.0,1.0,7.0,2259965,1.0,1,2,1,5.0,,-1.0,0,1977.0,B01,138Â 208Â 084,2.0,6.0,-1.0,1725049,1.0,7,,0.0,2.0,7.0,A01,138Â 208Â 083,1.0
1010609,201900052140,8,21,19:55,1,2,1,1.0,3.0,59457,LOMME RUE DE,M,"50,6594900","2,9761800",59,2019,30.0,1.0,1.0,7.0,2259965,1.0,1,2,1,5.0,,-1.0,0,1977.0,B01,138Â 208Â 084,2.0,6.0,-1.0,1725050,1.0,33,,0.0,2.0,7.0,B01,138Â 208Â 084,1.0
1010610,201900052141,8,21,04:35,3,2,1,1.0,1.0,59355,LAVOISIER RUE,M,"50,6441510","3,0082370",59,2019,50.0,1.0,1.0,4.0,2259966,2.0,2,1,1,0.0,,-1.0,0,2000.0,B01,138Â 208Â 081,1.0,0.0,-1.0,1725051,1.0,10,,0.0,2.0,1.0,B01,138Â 208Â 081,1.0
1010610,201900052141,8,21,04:35,3,2,1,1.0,1.0,59355,LAVOISIER RUE,M,"50,6441510","3,0082370",59,2019,50.0,1.0,1.0,4.0,2259966,2.0,2,1,1,0.0,,-1.0,0,2000.0,B01,138Â 208Â 081,1.0,0.0,-1.0,1725052,3.0,7,,0.0,2.0,1.0,A01,138Â 208Â 082,1.0
1010610,201900052141,8,21,04:35,3,2,1,1.0,1.0,59355,LAVOISIER RUE,M,"50,6441510","3,0082370",59,2019,50.0,1.0,1.0,4.0,2259967,1.0,1,4,1,0.0,,-1.0, -1,1991.0,B01,138Â 208Â 081,1.0,0.0,-1.0,1725051,1.0,10,,0.0,2.0,1.0,B01,138Â 208Â 081,1.0
1010610,201900052141,8,21,04:35,3,2,1,1.0,1.0,59355,LAVOISIER RUE,M,"50,6441510","3,0082370",59,2019,50.0,1.0,1.0,4.0,2259967,1.0,1,4,1,0.0,,-1.0, -1,1991.0,B01,138Â 208Â 081,1.0,0.0,-1.0,1725052,3.0,7,,0.0,2.0,1.0,A01,138Â 208Â 082,1.0
1010611,201900052142,8,20,17:00,1,2,1,1.0,2.0,59350,MOSELLE BOULEVARD NÂ°IMPAIRS,M,"50,6293900","3,0341000",59,2019,50.0,1.0,1.0,7.0,2259968,1.0,1,4,2,0.0,,-1.0, -1,1993.0,Y01,138Â 208Â 079,8.0,0.0,-1.0,1725053,3.0,50,,0.0,2.0,6.0,Y01,138Â 208Â 079,3.0
1010611,201900052142,8,20,17:00,1,2,1,1.0,2.0,59350,MOSELLE BOULEVARD NÂ°IMPAIRS,M,"50,6293900","3,0341000",59,2019,50.0,1.0,1.0,7.0,2259968,1.0,1,4,2,0.0,,-1.0, -1,1993.0,Y01,138Â 208Â 079,8.0,0.0,-1.0,1725054,3.0,7,,0.0,1.0,0.0,Z01,138Â 208Â 080,0.0
1010612,201900052143,7,21,02:20,5,1,2,1.0,3.0,59295,CD 916,M,"50,7453000","2,5509100",59,2019,80.0,3.0,1.0,3.0,2259969,1.0,1,1,2,5.0,,-1.0,0,1974.0,A01,138Â 208Â 077,1.0,0.0,-1.0,1725055,3.0,7,,3.0,2.0,6.0,A01,138Â 208Â 077,1.0
1010612,201900052143,7,21,02:20,5,1,2,1.0,3.0,59295,CD 916,M,"50,7453000","2,5509100",59,2019,80.0,3.0,1.0,3.0,2259969,1.0,1,1,2,5.0,,-1.0,0,1974.0,A01,138Â 208Â 077,1.0,0.0,-1.0,1725056,1.0,7,,0.0,2.0,1.0,B01,138Â 208Â 078,1.0
1010612,201900052143,7,21,02:20,5,1,2,1.0,3.0,59295,CD 916,M,"50,7453000","2,5509100",59,2019,80.0,3.0,1.0,3.0,2259970,2.0,2,1,1,5.0,,-1.0,0,1983.0,A01,138Â 208Â 077,1.0,0.0,-1.0,1725055,3.0,7,,3.0,2.0,6.0,A01,138Â 208Â 077,1.0
1010612,201900052143,7,21,02:20,5,1,2,1.0,3.0,59295,CD 916,M,"50,7453000","2,5509100",59,2019,80.0,3.0,1.0,3.0,2259970,2.0,2,1,1,5.0,,-1.0,0,1983.0,A01,138Â 208Â 077,1.0,0.0,-1.0,1725056,1.0,7,,0.0,2.0,1.0,B01,138Â 208Â 078,1.0
1010612,201900052143,7,21,02:20,5,1,2,1.0,3.0,59295,CD 916,M,"50,7453000","2,5509100",59,2019,80.0,3.0,1.0,3.0,2259971,2.0,2,1,1,5.0,,-1.0,0,1994.0,B01,138Â 208Â 078,1.0,0.0,-1.0,1725055,3.0,7,,3.0,2.0,6.0,A01,138Â 208Â 077,1.0
1010612,201900052143,7,21,02:20,5,1,2,1.0,3.0,59295,CD 916,M,"50,7453000","2,5509100",59,2019,80.0,3.0,1.0,3.0,2259971,2.0,2,1,1,5.0,,-1.0,0,1994.0,B01,138Â 208Â 078,1.0,0.0,-1.0,1725056,1.0,7,,0.0,2.0,1.0,B01,138Â 208Â 078,1.0
1010612,201900052143,7,21,02:20,5,1,2,1.0,3.0,59295,CD 916,M,"50,7453000","2,5509100",59,2019,80.0,3.0,1.0,3.0,2259972,1.0,1,4,2,5.0,,-1.0,0,1995.0,B01,138Â 208Â 078,1.0,0.0,-1.0,1725055,3.0,7,,3.0,2.0,6.0,A01,138Â 208Â 077,1.0
1010612,201900052143,7,21,02:20,5,1,2,1.0,3.0,59295,CD 916,M,"50,7453000","2,5509100",59,2019,80.0,3.0,1.0,3.0,2259972,1.0,1,4,2,5.0,,-1.0,0,1995.0,B01,138Â 208Â 078,1.0,0.0,-1.0,1725056,1.0,7,,0.0,2.0,1.0,B01,138Â 208Â 078,1.0
1010613,201900052144,8,20,20:45,1,2,6,1.0,3.0,49099,LYAUTEY (RUE DU MARECHAL),M,"47,0563400"," -0,8638300",49,2019,50.0,1.0,1.0,7.0,2259973,1.0,1,4,1,5.0,,-1.0,0,2001.0,Z01,138Â 208Â 075,8.0,8.0,8.0,1725057,1.0,0,,0.0,2.0,1.0,Z01,138Â 208Â 075,1.0
1010613,201900052144,8,20,20:45,1,2,6,1.0,3.0,49099,LYAUTEY (RUE DU MARECHAL),M,"47,0563400"," -0,8638300",49,2019,50.0,1.0,1.0,7.0,2259973,1.0,1,4,1,5.0,,-1.0,0,2001.0,Z01,138Â 208Â 075,8.0,8.0,8.0,1725058,1.0,7,,0.0,2.0,2.0,B01,138Â 208Â 076,1.0
1010613,201900052144,8,20,20:45,1,2,6,1.0,3.0,49099,LYAUTEY (RUE DU MARECHAL),M,"47,0563400"," -0,8638300",49,2019,50.0,1.0,1.0,7.0,2259974,1.0,1,1,2,5.0,,-1.0, -1,1991.0,B01,138Â 208Â 076,1.0,8.0,-1.0,1725057,1.0,0,,0.0,2.0,1.0,Z01,138Â 208Â 075,1.0
1010613,201900052144,8,20,20:45,1,2,6,1.0,3.0,49099,LYAUTEY (RUE DU MARECHAL),M,"47,0563400"," -0,8638300",49,2019,50.0,1.0,1.0,7.0,2259974,1.0,1,1,2,5.0,,-1.0, -1,1991.0,B01,138Â 208Â 076,1.0,8.0,-1.0,1725058,1.0,7,,0.0,2.0,2.0,B01,138Â 208Â 076,1.0
1010614,201900052145,8,20,21:58,5,2,3,1.0,1.0,35238,FOUGERES (RUE DE),M,"48,1289400"," -1,6456800",35,2019,50.0,1.0,1.0,4.0,2259975,1.0,1,1,1,5.0,,-1.0, -1,1972.0,A01,138Â 208Â 073,1.0,4.0,-1.0,1725059,3.0,7,,0.0,2.0,3.0,A01,138Â 208Â 073,1.0
1010614,201900052145,8,20,21:58,5,2,3,1.0,1.0,35238,FOUGERES (RUE DE),M,"48,1289400"," -1,6456800",35,2019,50.0,1.0,1.0,4.0,2259975,1.0,1,1,1,5.0,,-1.0, -1,1972.0,A01,138Â 208Â 073,1.0,4.0,-1.0,1725060,3.0,2,,0.0,2.0,4.0,B01,138Â 208Â 074,1.0
1010614,201900052145,8,20,21:58,5,2,3,1.0,1.0,35238,FOUGERES (RUE DE),M,"48,1289400"," -1,6456800",35,2019,50.0,1.0,1.0,4.0,2259976,1.0,1,4,1,4.0,,-1.0, -1,1992.0,B01,138Â 208Â 074,2.0,0.0,-1.0,1725059,3.0,7,,0.0,2.0,3.0,A01,138Â 208Â 073,1.0
1010614,201900052145,8,20,21:58,5,2,3,1.0,1.0,35238,FOUGERES (RUE DE),M,"48,1289400"," -1,6456800",35,2019,50.0,1.0,1.0,4.0,2259976,1.0,1,4,1,4.0,,-1.0, -1,1992.0,B01,138Â 208Â 074,2.0,0.0,-1.0,1725060,3.0,2,,0.0,2.0,4.0,B01,138Â 208Â 074,1.0
1010615,201900052146,8,21,12:50,1,2,1,1.0,3.0,34172,MARIE DE MONTPELLIER,M,"43,6007500","3,8975000",34,2019,50.0,1.0,1.0,4.0,2259977,1.0,1,1,1,0.0,,0.0,0,1999.0,A01,138Â 208Â 071,1.0,5.0,-1.0,1725061,2.0,7,,0.0,2.0,6.0,A01,138Â 208Â 071,1.0
1010615,201900052146,8,21,12:50,1,2,1,1.0,3.0,34172,MARIE DE MONTPELLIER,M,"43,6007500","3,8975000",34,2019,50.0,1.0,1.0,4.0,2259977,1.0,1,1,1,0.0,,0.0,0,1999.0,A01,138Â 208Â 071,1.0,5.0,-1.0,1725062,1.0,33,,0.0,2.0,1.0,B01,138Â 208Â 072,1.0
1010615,201900052146,8,21,12:50,1,2,1,1.0,3.0,34172,MARIE DE MONTPELLIER,M,"43,6007500","3,8975000",34,2019,50.0,1.0,1.0,4.0,2259978,1.0,1,4,1,9.0,,0.0,0,1996.0,B01,138Â 208Â 072,2.0,0.0,-1.0,1725061,2.0,7,,0.0,2.0,6.0,A01,138Â 208Â 071,1.0
1010615,201900052146,8,21,12:50,1,2,1,1.0,3.0,34172,MARIE DE MONTPELLIER,M,"43,6007500","3,8975000",34,2019,50.0,1.0,1.0,4.0,2259978,1.0,1,4,1,9.0,,0.0,0,1996.0,B01,138Â 208Â 072,2.0,0.0,-1.0,1725062,1.0,33,,0.0,2.0,1.0,B01,138Â 208Â 072,1.0
1010616,201900052147,8,8,15:20,1,2,1,1.0,3.0,34003,ROCHELONGUE (H7 A L6,M,"43,2800800","3,4809500",34,2019,50.0,1.0,1.0,4.0,2259979,1.0,1,1,1,5.0,,0.0,0,1933.0,A01,138Â 208Â 069,8.0,0.0,-1.0,1725063,2.0,7,,0.0,2.0,1.0,A01,138Â 208Â 069,1.0
1010616,201900052147,8,8,15:20,1,2,1,1.0,3.0,34003,ROCHELONGUE (H7 A L6,M,"43,2800800","3,4809500",34,2019,50.0,1.0,1.0,4.0,2259979,1.0,1,1,1,5.0,,0.0,0,1933.0,A01,138Â 208Â 069,8.0,0.0,-1.0,1725064,1.0,1,,0.0,2.0,8.0,B01,138Â 208Â 070,5.0
1010616,201900052147,8,8,15:20,1,2,1,1.0,3.0,34003,ROCHELONGUE (H7 A L6,M,"43,2800800","3,4809500",34,2019,50.0,1.0,1.0,4.0,2259980,1.0,1,3,1,1.0,,0.0,0,1976.0,B01,138Â 208Â 070,2.0,0.0,-1.0,1725063,2.0,7,,0.0,2.0,1.0,A01,138Â 208Â 069,1.0
1010616,201900052147,8,8,15:20,1,2,1,1.0,3.0,34003,ROCHELONGUE (H7 A L6,M,"43,2800800","3,4809500",34,2019,50.0,1.0,1.0,4.0,2259980,1.0,1,3,1,1.0,,0.0,0,1976.0,B01,138Â 208Â 070,2.0,0.0,-1.0,1725064,1.0,1,,0.0,2.0,8.0,B01,138Â 208Â 070,5.0
1010617,201900052148,8,11,17:50,1,2,1,1.0,3.0,34003,NOTRE DAME A ST. MARTIN (O8 A Q13,M,"43,2915600","3,4608900",34,2019,50.0,1.0,1.0,4.0,2259981,1.0,1,1,2,5.0,,0.0,0,1985.0,A01,138Â 208Â 067,8.0,0.0,-1.0,1725065,1.0,7,,0.0,2.0,8.0,A01,138Â 208Â 067,1.0
1010617,201900052148,8,11,17:50,1,2,1,1.0,3.0,34003,NOTRE DAME A ST. MARTIN (O8 A Q13,M,"43,2915600","3,4608900",34,2019,50.0,1.0,1.0,4.0,2259981,1.0,1,1,2,5.0,,0.0,0,1985.0,A01,138Â 208Â 067,8.0,0.0,-1.0,1725066,1.0,32,,0.0,2.0,1.0,B01,138Â 208Â 068,1.0
1010617,201900052148,8,11,17:50,1,2,1,1.0,3.0,34003,NOTRE DAME A ST. MARTIN (O8 A Q13,M,"43,2915600","3,4608900",34,2019,50.0,1.0,1.0,4.0,2259982,1.0,1,3,1,1.0,,0.0,0,2001.0,B01,138Â 208Â 068,2.0,0.0,-1.0,1725065,1.0,7,,0.0,2.0,8.0,A01,138Â 208Â 067,1.0
1010617,201900052148,8,11,17:50,1,2,1,1.0,3.0,34003,NOTRE DAME A ST. MARTIN (O8 A Q13,M,"43,2915600","3,4608900",34,2019,50.0,1.0,1.0,4.0,2259982,1.0,1,3,1,1.0,,0.0,0,2001.0,B01,138Â 208Â 068,2.0,0.0,-1.0,1725066,1.0,32,,0.0,2.0,1.0,B01,138Â 208Â 068,1.0
1010618,201900052149,8,21,00:50,5,2,3,1.0,3.0,33063,Quai Louis XVIII / All de Munich,M,"44,8449700"," -0,5705700",33,2019,50.0,1.0,1.0,4.0,2259983,1.0,1,1,1,0.0,,-1.0, -1,1953.0,A01,138Â 208Â 065,8.0,0.0,-1.0,1725067,1.0,7,,0.0,6.0,3.0,A01,138Â 208Â 065,1.0
1010618,201900052149,8,21,00:50,5,2,3,1.0,3.0,33063,Quai Louis XVIII / All de Munich,M,"44,8449700"," -0,5705700",33,2019,50.0,1.0,1.0,4.0,2259983,1.0,1,1,1,0.0,,-1.0, -1,1953.0,A01,138Â 208Â 065,8.0,0.0,-1.0,1725068,0.0,50,,0.0,2.0,1.0,B01,138Â 208Â 066,3.0
1010618,201900052149,8,21,00:50,5,2,3,1.0,3.0,33063,Quai Louis XVIII / All de Munich,M,"44,8449700"," -0,5705700",33,2019,50.0,1.0,1.0,4.0,2259984,1.0,1,4,1,1.0,,-1.0, -1,1991.0,B01,138Â 208Â 066,8.0,0.0,-1.0,1725067,1.0,7,,0.0,6.0,3.0,A01,138Â 208Â 065,1.0
1010618,201900052149,8,21,00:50,5,2,3,1.0,3.0,33063,Quai Louis XVIII / All de Munich,M,"44,8449700"," -0,5705700",33,2019,50.0,1.0,1.0,4.0,2259984,1.0,1,4,1,1.0,,-1.0, -1,1991.0,B01,138Â 208Â 066,8.0,0.0,-1.0,1725068,0.0,50,,0.0,2.0,1.0,B01,138Â 208Â 066,3.0
1010619,201900052150,8,20,15:10,1,2,2,1.0,3.0,33063,R. Camille Godard / Crs Portal / Crs Saint Louis,M,"44,8550240"," -0,5718230",33,2019,50.0,8.0,1.0,4.0,2259985,1.0,1,4,1,0.0,,-1.0, -1,1997.0,B01,138Â 208Â 063,8.0,0.0,-1.0,1725069,2.0,1,,0.0,2.0,1.0,B01,138Â 208Â 063,5.0
1010619,201900052150,8,20,15:10,1,2,2,1.0,3.0,33063,R. Camille Godard / Crs Portal / Crs Saint Louis,M,"44,8550240"," -0,5718230",33,2019,50.0,8.0,1.0,4.0,2259985,1.0,1,4,1,0.0,,-1.0, -1,1997.0,B01,138Â 208Â 063,8.0,0.0,-1.0,1725070,2.0,10,,0.0,2.0,7.0,A01,138Â 208Â 064,1.0
1010619,201900052150,8,20,15:10,1,2,2,1.0,3.0,33063,R. Camille Godard / Crs Portal / Crs Saint Louis,M,"44,8550240"," -0,5718230",33,2019,50.0,8.0,1.0,4.0,2259986,1.0,1,1,1,0.0,,-1.0, -1,1984.0,A01,138Â 208Â 064,1.0,0.0,-1.0,1725069,2.0,1,,0.0,2.0,1.0,B01,138Â 208Â 063,5.0
1010619,201900052150,8,20,15:10,1,2,2,1.0,3.0,33063,R. Camille Godard / Crs Portal / Crs Saint Louis,M,"44,8550240"," -0,5718230",33,2019,50.0,8.0,1.0,4.0,2259986,1.0,1,1,1,0.0,,-1.0, -1,1984.0,A01,138Â 208Â 064,1.0,0.0,-1.0,1725070,2.0,10,,0.0,2.0,7.0,A01,138Â 208Â 064,1.0
1010620,201900052151,8,20,15:15,1,1,1,1.0,4.0,31555,3 COLOMIERS EST (A624),M,"43,6095700","1,3865800",31,2019,70.0,1.0,1.0,1.0,2259987,1.0,1,1,1,5.0,,-1.0,0,2001.0,D01,138Â 208Â 058,1.0,0.0,-1.0,1725071,1.0,7,,0.0,2.0,4.0,D01,138Â 208Â 058,1.0
1010620,201900052151,8,20,15:15,1,1,1,1.0,4.0,31555,3 COLOMIERS EST (A624),M,"43,6095700","1,3865800",31,2019,70.0,1.0,1.0,1.0,2259987,1.0,1,1,1,5.0,,-1.0,0,2001.0,D01,138Â 208Â 058,1.0,0.0,-1.0,1725072,1.0,7,,0.0,2.0,1.0,E01,138Â 208Â 059,1.0
1010620,201900052151,8,20,15:15,1,1,1,1.0,4.0,31555,3 COLOMIERS EST (A624),M,"43,6095700","1,3865800",31,2019,70.0,1.0,1.0,1.0,2259987,1.0,1,1,1,5.0,,-1.0,0,2001.0,D01,138Â 208Â 058,1.0,0.0,-1.0,1725073,1.0,7,,0.0,2.0,1.0,A01,138Â 208Â 060,1.0
1010620,201900052151,8,20,15:15,1,1,1,1.0,4.0,31555,3 COLOMIERS EST (A624),M,"43,6095700","1,3865800",31,2019,70.0,1.0,1.0,1.0,2259987,1.0,1,1,1,5.0,,-1.0,0,2001.0,D01,138Â 208Â 058,1.0,0.0,-1.0,1725074,1.0,7,,0.0,2.0,4.0,B01,138Â 208Â 061,1.0
1010620,201900052151,8,20,15:15,1,1,1,1.0,4.0,31555,3 COLOMIERS EST (A624),M,"43,6095700","1,3865800",31,2019,70.0,1.0,1.0,1.0,2259987,1.0,1,1,1,5.0,,-1.0,0,2001.0,D01,138Â 208Â 058,1.0,0.0,-1.0,1725075,1.0,7,,0.0,2.0,4.0,C01,138Â 208Â 062,1.0
1010620,201900052151,8,20,15:15,1,1,1,1.0,4.0,31555,3 COLOMIERS EST (A624),M,"43,6095700","1,3865800",31,2019,70.0,1.0,1.0,1.0,2259988,1.0,1,1,1,9.0,,-1.0,0,1976.0,E01,138Â 208Â 059,1.0,0.0,-1.0,1725071,1.0,7,,0.0,2.0,4.0,D01,138Â 208Â 058,1.0
1010620,201900052151,8,20,15:15,1,1,1,1.0,4.0,31555,3 COLOMIERS EST (A624),M,"43,6095700","1,3865800",31,2019,70.0,1.0,1.0,1.0,2259988,1.0,1,1,1,9.0,,-1.0,0,1976.0,E01,138Â 208Â 059,1.0,0.0,-1.0,1725072,1.0,7,,0.0,2.0,1.0,E01,138Â 208Â 059,1.0
1010620,201900052151,8,20,15:15,1,1,1,1.0,4.0,31555,3 COLOMIERS EST (A624),M,"43,6095700","1,3865800",31,2019,70.0,1.0,1.0,1.0,2259988,1.0,1,1,1,9.0,,-1.0,0,1976.0,E01,138Â 208Â 059,1.0,0.0,-1.0,1725073,1.0,7,,0.0,2.0,1.0,A01,138Â 208Â 060,1.0
1010620,201900052151,8,20,15:15,1,1,1,1.0,4.0,31555,3 COLOMIERS EST (A624),M,"43,6095700","1,3865800",31,2019,70.0,1.0,1.0,1.0,2259988,1.0,1,1,1,9.0,,-1.0,0,1976.0,E01,138Â 208Â 059,1.0,0.0,-1.0,1725074,1.0,7,,0.0,2.0,4.0,B01,138Â 208Â 061,1.0
1010620,201900052151,8,20,15:15,1,1,1,1.0,4.0,31555,3 COLOMIERS EST (A624),M,"43,6095700","1,3865800",31,2019,70.0,1.0,1.0,1.0,2259988,1.0,1,1,1,9.0,,-1.0,0,1976.0,E01,138Â 208Â 059,1.0,0.0,-1.0,1725075,1.0,7,,0.0,2.0,4.0,C01,138Â 208Â 062,1.0
1010620,201900052151,8,20,15:15,1,1,1,1.0,4.0,31555,3 COLOMIERS EST (A624),M,"43,6095700","1,3865800",31,2019,70.0,1.0,1.0,1.0,2259989,3.0,2,4,2,9.0,,-1.0,0,2016.0,A01,138Â 208Â 060,3.0,8.0,-1.0,1725071,1.0,7,,0.0,2.0,4.0,D01,138Â 208Â 058,1.0
1010620,201900052151,8,20,15:15,1,1,1,1.0,4.0,31555,3 COLOMIERS EST (A624),M,"43,6095700","1,3865800",31,2019,70.0,1.0,1.0,1.0,2259989,3.0,2,4,2,9.0,,-1.0,0,2016.0,A01,138Â 208Â 060,3.0,8.0,-1.0,1725072,1.0,7,,0.0,2.0,1.0,E01,138Â 208Â 059,1.0
1010620,201900052151,8,20,15:15,1,1,1,1.0,4.0,31555,3 COLOMIERS EST (A624),M,"43,6095700","1,3865800",31,2019,70.0,1.0,1.0,1.0,2259989,3.0,2,4,2,9.0,,-1.0,0,2016.0,A01,138Â 208Â 060,3.0,8.0,-1.0,1725073,1.0,7,,0.0,2.0,1.0,A01,138Â 208Â 060,1.0
1010620,201900052151,8,20,15:15,1,1,1,1.0,4.0,31555,3 COLOMIERS EST (A624),M,"43,6095700","1,3865800",31,2019,70.0,1.0,1.0,1.0,2259989,3.0,2,4,2,9.0,,-1.0,0,2016.0,A01,138Â 208Â 060,3.0,8.0,-1.0,1725074,1.0,7,,0.0,2.0,4.0,B01,138Â 208Â 061,1.0