Unnamed: 0_x,num_acc,mois,jour,hrmn,lum,agg,int,atm,col,com,adr,gps,lat,long,dep,annee,vma,situ,surf,catr,Unnamed: 0_y,place,catu,grav,sexe,trajet,secu,locp,actp,an_nais,num_veh_x,id_vehicule_x,secu1,secu2,secu3,Unnamed: 0,senc,catv,occutc,obs,obsm,choc,num_veh_y,id_vehicule_y,motor
1010620,201900052151,8,20,15:15,1,1,1,1.0,4.0,31555,3 COLOMIERS EST (A624),M,"43,6095700","1,3865800",31,2019,70.0,1.0,1.0,1.0,2259989,3.0,2,4,2,9.0,,-1.0,0,2016.0,A01,138Â 208Â 060,3.0,8.0,-1.0,1725075,1.0,7,,0.0,2.0,4.0,C01,138Â 208Â 062,1.0
1010620,201900052151,8,20,15:15,1,1,1,1.0,4.0,31555,3 COLOMIERS EST (A624),M,"43,6095700","1,3865800",31,2019,70.0,1.0,1.0,1.0,2259990,1.0,1,4,2,9.0,,-1.0,0,1997.0,A01,138Â 208Â 060,1.0,6.0,-1.0,1725071,1.0,7,,0.0,2.0,4.0,D01,138Â 208Â 058,1.0
1010620,201900052151,8,20,15:15,1,1,1,1.0,4.0,31555,3 COLOMIERS EST (A624),M,"43,6095700","1,3865800",31,2019,70.0,1.0,1.0,1.0,2259990,1.0,1,4,2,9.0,,-1.0,0,1997.0,A01,138Â 208Â 060,1.0,6.0,-1.0,1725072,1.0,7,,0.0,2.0,1.0,E01,138Â 208Â 059,1.0
1010620,201900052151,8,20,15:15,1,1,1,1.0,4.0,31555,3 COLOMIERS EST (A624),M,"43,6095700","1,3865800",31,2019,70.0,1.0,1.0,1.0,2259990,1.0,1,4,2,9.0,,-1.0,0,1997.0,A01,138Â 208Â 060,1.0,6.0,-1.0,1725073,1.0,7,,0.0,2.0,1.0,A01,138Â 208Â 060,1.0
1010620,201900052151,8,20,15:15,1,1,1,1.0,4.0,31555,3 COLOMIERS EST (A624),M,"43,6095700","1,3865800",31,2019,70.0,1.0,1.0,1.0,2259990,1.0,1,4,2,9.0,,-1.0,0,1997.0,A01,138Â 208Â 060,1.0,6.0,-1.0,1725074,1.0,7,,0.0,2.0,4.0,B01,138Â 208Â 061,1.0
1010620,201900052151,8,20,15:15,1,1,1,1.0,4.0,31555,3 COLOMIERS EST (A624),M,"43,6095700","1,3865800",31,2019,70.0,1.0,1.0,1.0,2259990,1.0,1,4,2,9.0,,-1.0,0,1997.0,A01,138Â 208Â 060,1.0,6.0,-1.0,1725075,1.0,7,,0.0,2.0,4.0,C01,138Â 208Â 062,1.0
1010620,201900052151,8,20,15:15,1,1,1,1.0,4.0,31555,3 COLOMIERS EST (A624),M,"43,6095700","1,3865800",31,2019,70.0,1.0,1.0,1.0,2259991,1.0,1,1,2,9.0,,-1.0,0,1974.0,B01,138Â 208Â 061,1.0,8.0,-1.0,1725071,1.0,7,,0.0,2.0,4.0,D01,138Â 208Â 058,1.0
1010620,201900052151,8,20,15:15,1,1,1,1.0,4.0,31555,3 COLOMIERS EST (A624),M,"43,6095700","1,3865800",31,2019,70.0,1.0,1.0,1.0,2259991,1.0,1,1,2,9.0,,-1.0,0,1974.0,B01,138Â 208Â 061,1.0,8.0,-1.0,1725072,1.0,7,,0.0,2.0,1.0,E01,138Â 208Â 059,1.0
1010620,201900052151,8,20,15:15,1,1,1,1.0,4.0,31555,3 COLOMIERS EST (A624),M,"43,6095700","1,3865800",31,2019,70.0,1.0,1.0,1.0,2259991,1.0,1,1,2,9.0,,-1.0,0,1974.0,B01,138Â 208Â 061,1.0,8.0,-1.0,1725073,1.0,7,,0.0,2.0,1.0,A01,138Â 208Â 060,1.0
1010620,201900052151,8,20,15:15,1,1,1,1.0,4.0,31555,3 COLOMIERS EST (A624),M,"43,6095700","1,3865800",31,2019,70.0,1.0,1.0,1.0,2259991,1.0,1,1,2,9.0,,-1.0,0,1974.0,B01,138Â 208Â 061,1.0,8.0,-1.0,1725074,1.0,7,,0.0,2.0,4.0,B01,138Â 208Â 061,1.0
1010620,201900052151,8,20,15:15,1,1,1,1.0,4.0,31555,3 COLOMIERS EST (A624),M,"43,6095700","1,3865800",31,2019,70.0,1.0,1.0,1.0,2259991,1.0,1,1,2,9.0,,-1.0,0,1974.0,B01,138Â 208Â 061,1.0,8.0,-1.0,1725075,1.0,7,,0.0,2.0,4.0,C01,138Â 208Â 062,1.0
1010620,201900052151,8,20,15:15,1,1,1,1.0,4.0,31555,3 COLOMIERS EST (A624),M,"43,6095700","1,3865800",31,2019,70.0,1.0,1.0,1.0,2259992,1.0,1,1,1,9.0,,-1.0,0,1940.0,C01,138Â 208Â 062,1.0,8.0,-1.0,1725071,1.0,7,,0.0,2.0,4.0,D01,138Â 208Â 058,1.0
1010620,201900052151,8,20,15:15,1,1,1,1.0,4.0,31555,3 COLOMIERS EST (A624),M,"43,6095700","1,3865800",31,2019,70.0,1.0,1.0,1.0,2259992,1.0,1,1,1,9.0,,-1.0,0,1940.0,C01,138Â 208Â 062,1.0,8.0,-1.0,1725072,1.0,7,,0.0,2.0,1.0,E01,138Â 208Â 059,1.0
1010620,201900052151,8,20,15:15,1,1,1,1.0,4.0,31555,3 COLOMIERS EST (A624),M,"43,6095700","1,3865800",31,2019,70.0,1.0,1.0,1.0,2259992,1.0,1,1,1,9.0,,-1.0,0,1940.0,C01,138Â 208Â 062,1.0,8.0,-1.0,1725073,1.0,7,,0.0,2.0,1.0,A01,138Â 208Â 060,1.0
1010620,201900052151,8,20,15:15,1,1,1,1.0,4.0,31555,3 COLOMIERS EST (A624),M,"43,6095700","1,3865800",31,2019,70.0,1.0,1.0,1.0,2259992,1.0,1,1,1,9.0,,-1.0,0,1940.0,C01,138Â 208Â 062,1.0,8.0,-1.0,1725074,1.0,7,,0.0,2.0,4.0,B01,138Â 208Â 061,1.0
1010620,201900052151,8,20,15:15,1,1,1,1.0,4.0,31555,3 COLOMIERS EST (A624),M,"43,6095700","1,3865800",31,2019,70.0,1.0,1.0,1.0,2259992,1.0,1,1,1,9.0,,-1.0,0,1940.0,C01,138Â 208Â 062,1.0,8.0,-1.0,1725075,1.0,7,,0.0,2.0,4.0,C01,138Â 208Â 062,1.0
1010621,201900052152,8,21,13:25,1,1,1,1.0,7.0,29151,LANNION (ROUTE DE),M,"48,5917500"," -3,8233800",29,2019,50.0,1.0,1.0,3.0,2259993,1.0,1,3,1,1.0,,0.0,0,1981.0,A01,138Â 208Â 057,2.0,6.0,-1.0,1725076,2.0,33,,0.0,0.0,3.0,A01,138Â 208Â 057,6.0
1010622,201900052153,8,21,18:20,1,2,6,1.0,2.0,29019,SAUPIN L'ANSE,M,"48,3969600"," -4,5144600",29,2019,50.0,1.0,1.0,4.0,2259994,1.0,1,4,2,1.0,,0.0,0,1986.0,B01,138Â 208Â 055,1.0,0.0,-1.0,1725077,1.0,7,,0.0,2.0,4.0,B01,138Â 208Â 055,1.0
1010622,201900052153,8,21,18:20,1,2,6,1.0,2.0,29019,SAUPIN L'ANSE,M,"48,3969600"," -4,5144600",29,2019,50.0,1.0,1.0,4.0,2259994,1.0,1,4,2,1.0,,0.0,0,1986.0,B01,138Â 208Â 055,1.0,0.0,-1.0,1725078,1.0,7,,0.0,2.0,1.0,A01,138Â 208Â 056,1.0
1010622,201900052153,8,21,18:20,1,2,6,1.0,2.0,29019,SAUPIN L'ANSE,M,"48,3969600"," -4,5144600",29,2019,50.0,1.0,1.0,4.0,2259995,1.0,1,1,1,0.0,,-1.0,0,1979.0,A01,138Â 208Â 056,1.0,8.0,-1.0,1725077,1.0,7,,0.0,2.0,4.0,B01,138Â 208Â 055,1.0
1010622,201900052153,8,21,18:20,1,2,6,1.0,2.0,29019,SAUPIN L'ANSE,M,"48,3969600"," -4,5144600",29,2019,50.0,1.0,1.0,4.0,2259995,1.0,1,1,1,0.0,,-1.0,0,1979.0,A01,138Â 208Â 056,1.0,8.0,-1.0,1725078,1.0,7,,0.0,2.0,1.0,A01,138Â 208Â 056,1.0
1010623,201900052154,8,22,00:50,5,2,6,1.0,6.0,27375,FOCH (RUE DU ML),M,"49,2103000","1,1707500",27,2019,50.0,1.0,1.0,4.0,2259996,10.0,3,4,1,5.0,,3.0,3,1976.0,A01,138Â 208Â 054,8.0,0.0,-1.0,1725079,3.0,7,,0.0,1.0,1.0,A01,138Â 208Â 054,0.0
1010624,201900052155,8,18,08:55,1,2,9,1.0,1.0,22106,croix sanson (RUE DE LA),M,"48,4924230"," -2,7092230",22,2019,50.0,1.0,1.0,4.0,2259997,1.0,1,1,1,5.0,,0.0,0,1982.0,A01,138Â 208Â 050,1.0,8.0,-1.0,1725080,3.0,7,,0.0,2.0,1.0,A01,138Â 208Â 050,1.0
1010624,201900052155,8,18,08:55,1,2,9,1.0,1.0,22106,croix sanson (RUE DE LA),M,"48,4924230"," -2,7092230",22,2019,50.0,1.0,1.0,4.0,2259997,1.0,1,1,1,5.0,,0.0,0,1982.0,A01,138Â 208Â 050,1.0,8.0,-1.0,1725081,3.0,1,,0.0,2.0,3.0,B01,138Â 208Â 051,0.0
1010624,201900052155,8,18,08:55,1,2,9,1.0,1.0,22106,croix sanson (RUE DE LA),M,"48,4924230"," -2,7092230",22,2019,50.0,1.0,1.0,4.0,2259998,1.0,1,4,1,3.0,,0.0,0,1967.0,B01,138Â 208Â 051,2.0,8.0,-1.0,1725080,3.0,7,,0.0,2.0,1.0,A01,138Â 208Â 050,1.0
1010624,201900052155,8,18,08:55,1,2,9,1.0,1.0,22106,croix sanson (RUE DE LA),M,"48,4924230"," -2,7092230",22,2019,50.0,1.0,1.0,4.0,2259998,1.0,1,4,1,3.0,,0.0,0,1967.0,B01,138Â 208Â 051,2.0,8.0,-1.0,1725081,3.0,1,,0.0,2.0,3.0,B01,138Â 208Â 051,0.0
1010625,201900052156,8,20,11:45,1,2,2,1.0,3.0,19031,DOUMER (AVENUE PAUL),M,"45,1658800","1,5179700",19,2019,30.0,1.0,1.0,4.0,2259999,1.0,1,4,1,5.0,,-1.0, -1,1999.0,A01,138Â 208Â 048,2.0,6.0,-1.0,1725082,1.0,30,,0.0,2.0,1.0,A01,138Â 208Â 048,1.0
1010625,201900052156,8,20,11:45,1,2,2,1.0,3.0,19031,DOUMER (AVENUE PAUL),M,"45,1658800","1,5179700",19,2019,30.0,1.0,1.0,4.0,2259999,1.0,1,4,1,5.0,,-1.0, -1,1999.0,A01,138Â 208Â 048,2.0,6.0,-1.0,1725083,1.0,7,,0.0,2.0,8.0,B01,138Â 208Â 049,1.0
1010625,201900052156,8,20,11:45,1,2,2,1.0,3.0,19031,DOUMER (AVENUE PAUL),M,"45,1658800","1,5179700",19,2019,30.0,1.0,1.0,4.0,2260000,1.0,1,1,1,5.0,,-1.0, -1,1975.0,B01,138Â 208Â 049,1.0,0.0,-1.0,1725082,1.0,30,,0.0,2.0,1.0,A01,138Â 208Â 048,1.0
1010625,201900052156,8,20,11:45,1,2,2,1.0,3.0,19031,DOUMER (AVENUE PAUL),M,"45,1658800","1,5179700",19,2019,30.0,1.0,1.0,4.0,2260000,1.0,1,1,1,5.0,,-1.0, -1,1975.0,B01,138Â 208Â 049,1.0,0.0,-1.0,1725083,1.0,7,,0.0,2.0,8.0,B01,138Â 208Â 049,1.0
1010626,201900052157,8,20,15:30,1,2,2,1.0,5.0,17028,GAULLE   AVENUE DU GENERAL DE,M,"46,1297700"," -1,1169300",17,2019,50.0,1.0,1.0,4.0,2260001,1.0,1,1,1,5.0,,-1.0,0,1946.0,D01,138Â 208Â 042,1.0,0.0,-1.0,1725084,2.0,7,,0.0,2.0,4.0,D01,138Â 208Â 042,1.0
1010626,201900052157,8,20,15:30,1,2,2,1.0,5.0,17028,GAULLE   AVENUE DU GENERAL DE,M,"46,1297700"," -1,1169300",17,2019,50.0,1.0,1.0,4.0,2260001,1.0,1,1,1,5.0,,-1.0,0,1946.0,D01,138Â 208Â 042,1.0,0.0,-1.0,1725085,2.0,7,,0.0,2.0,4.0,C01,138Â 208Â 043,1.0
1010626,201900052157,8,20,15:30,1,2,2,1.0,5.0,17028,GAULLE   AVENUE DU GENERAL DE,M,"46,1297700"," -1,1169300",17,2019,50.0,1.0,1.0,4.0,2260001,1.0,1,1,1,5.0,,-1.0,0,1946.0,D01,138Â 208Â 042,1.0,0.0,-1.0,1725086,2.0,7,,0.0,2.0,5.0,B01,138Â 208Â 044,1.0
1010626,201900052157,8,20,15:30,1,2,2,1.0,5.0,17028,GAULLE   AVENUE DU GENERAL DE,M,"46,1297700"," -1,1169300",17,2019,50.0,1.0,1.0,4.0,2260001,1.0,1,1,1,5.0,,-1.0,0,1946.0,D01,138Â 208Â 042,1.0,0.0,-1.0,1725087,2.0,7,,1.0,2.0,1.0,A01,138Â 208Â 045,1.0
1010626,201900052157,8,20,15:30,1,2,2,1.0,5.0,17028,GAULLE   AVENUE DU GENERAL DE,M,"46,1297700"," -1,1169300",17,2019,50.0,1.0,1.0,4.0,2260002,1.0,1,1,2,5.0,,-1.0,0,1941.0,C01,138Â 208Â 043,1.0,0.0,-1.0,1725084,2.0,7,,0.0,2.0,4.0,D01,138Â 208Â 042,1.0
1010626,201900052157,8,20,15:30,1,2,2,1.0,5.0,17028,GAULLE   AVENUE DU GENERAL DE,M,"46,1297700"," -1,1169300",17,2019,50.0,1.0,1.0,4.0,2260002,1.0,1,1,2,5.0,,-1.0,0,1941.0,C01,138Â 208Â 043,1.0,0.0,-1.0,1725085,2.0,7,,0.0,2.0,4.0,C01,138Â 208Â 043,1.0
1010626,201900052157,8,20,15:30,1,2,2,1.0,5.0,17028,GAULLE   AVENUE DU GENERAL DE,M,"46,1297700"," -1,1169300",17,2019,50.0,1.0,1.0,4.0,2260002,1.0,1,1,2,5.0,,-1.0,0,1941.0,C01,138Â 208Â 043,1.0,0.0,-1.0,1725086,2.0,7,,0.0,2.0,5.0,B01,138Â 208Â 044,1.0
1010626,201900052157,8,20,15:30,1,2,2,1.0,5.0,17028,GAULLE   AVENUE DU GENERAL DE,M,"46,1297700"," -1,1169300",17,2019,50.0,1.0,1.0,4.0,2260002,1.0,1,1,2,5.0,,-1.0,0,1941.0,C01,138Â 208Â 043,1.0,0.0,-1.0,1725087,2.0,7,,1.0,2.0,1.0,A01,138Â 208Â 045,1.0
1010626,201900052157,8,20,15:30,1,2,2,1.0,5.0,17028,GAULLE   AVENUE DU GENERAL DE,M,"46,1297700"," -1,1169300",17,2019,50.0,1.0,1.0,4.0,2260003,1.0,1,1,1,5.0,,-1.0,0,1982.0,B01,138Â 208Â 044,1.0,0.0,-1.0,1725084,2.0,7,,0.0,2.0,4.0,D01,138Â 208Â 042,1.0
1010626,201900052157,8,20,15:30,1,2,2,1.0,5.0,17028,GAULLE   AVENUE DU GENERAL DE,M,"46,1297700"," -1,1169300",17,2019,50.0,1.0,1.0,4.0,2260003,1.0,1,1,1,5.0,,-1.0,0,1982.0,B01,138Â 208Â 044,1.0,0.0,-1.0,1725085,2.0,7,,0.0,2.0,4.0,C01,138Â 208Â 043,1.0
1010626,201900052157,8,20,15:30,1,2,2,1.0,5.0,17028,GAULLE   AVENUE DU GENERAL DE,M,"46,1297700"," -1,1169300",17,2019,50.0,1.0,1.0,4.0,2260003,1.0,1,1,1,5.0,,-1.0,0,1982.0,B01,138Â 208Â 044,1.0,0.0,-1.0,1725086,2.0,7,,0.0,2.0,5.0,B01,138Â 208Â 044,1.0
1010626,201900052157,8,20,15:30,1,2,2,1.0,5.0,17028,GAULLE   AVENUE DU GENERAL DE,M,"46,1297700"," -1,1169300",17,2019,50.0,1.0,1.0,4.0,2260003,1.0,1,1,1,5.0,,-1.0,0,1982.0,B01,138Â 208Â 044,1.0,0.0,-1.0,1725087,2.0,7,,1.0,2.0,1.0,A01,138Â 208Â 045,1.0
1010626,201900052157,8,20,15:30,1,2,2,1.0,5.0,17028,GAULLE   AVENUE DU GENERAL DE,M,"46,1297700"," -1,1169300",17,2019,50.0,1.0,1.0,4.0,2260004,2.0,2,4,2,5.0,,-1.0,0,2001.0,A01,138Â 208Â 045,1.0,0.0,-1.0,1725084,2.0,7,,0.0,2.0,4.0,D01,138Â 208Â 042,1.0
1010626,201900052157,8,20,15:30,1,2,2,1.0,5.0,17028,GAULLE   AVENUE DU GENERAL DE,M,"46,1297700"," -1,1169300",17,2019,50.0,1.0,1.0,4.0,2260004,2.0,2,4,2,5.0,,-1.0,0,2001.0,A01,138Â 208Â 045,1.0,0.0,-1.0,1725085,2.0,7,,0.0,2.0,4.0,C01,138Â 208Â 043,1.0
1010626,201900052157,8,20,15:30,1,2,2,1.0,5.0,17028,GAULLE   AVENUE DU GENERAL DE,M,"46,1297700"," -1,1169300",17,2019,50.0,1.0,1.0,4.0,2260004,2.0,2,4,2,5.0,,-1.0,0,2001.0,A01,138Â 208Â 045,1.0,0.0,-1.0,1725086,2.0,7,,0.0,2.0,5.0,B01,138Â 208Â 044,1.0
1010626,201900052157,8,20,15:30,1,2,2,1.0,5.0,17028,GAULLE   AVENUE DU GENERAL DE,M,"46,1297700"," -1,1169300",17,2019,50.0,1.0,1.0,4.0,2260004,2.0,2,4,2,5.0,,-1.0,0,2001.0,A01,138Â 208Â 045,1.0,0.0,-1.0,1725087,2.0,7,,1.0,2.0,1.0,A01,138Â 208Â 045,1.0
1010626,201900052157,8,20,15:30,1,2,2,1.0,5.0,17028,GAULLE   AVENUE DU GENERAL DE,M,"46,1297700"," -1,1169300",17,2019,50.0,1.0,1.0,4.0,2260005,1.0,1,4,2,5.0,,-1.0,0,1967.0,A01,138Â 208Â 045,1.0,0.0,-1.0,1725084,2.0,7,,0.0,2.0,4.0,D01,138Â 208Â 042,1.0
1010626,201900052157,8,20,15:30,1,2,2,1.0,5.0,17028,GAULLE   AVENUE DU GENERAL DE,M,"46,1297700"," -1,1169300",17,2019,50.0,1.0,1.0,4.0,2260005,1.0,1,4,2,5.0,,-1.0,0,1967.0,A01,138Â 208Â 045,1.0,0.0,-1.0,1725085,2.0,7,,0.0,2.0,4.0,C01,138Â 208Â 043,1.0
1010626,201900052157,8,20,15:30,1,2,2,1.0,5.0,17028,GAULLE   AVENUE DU GENERAL DE,M,"46,1297700"," -1,1169300",17,2019,50.0,1.0,1.0,4.0,2260005,1.0,1,4,2,5.0,,-1.0,0,1967.0,A01,138Â 208Â 045,1.0,0.0,-1.0,1725086,2.0,7,,0.0,2.0,5.0,B01,138Â 208Â 044,1.0
1010626,201900052157,8,20,15:30,1,2,2,1.0,5.0,17028,GAULLE   AVENUE DU GENERAL DE,M,"46,1297700"," -1,1169300",17,2019,50.0,1.0,1.0,4.0,2260005,1.0,1,4,2,5.0,,-1.0,0,1967.0,A01,138Â 208Â 045,1.0,0.0,-1.0,1725087,2.0,7,,1.0,2.0,1.0,A01,138Â 208Â 045,1.0
1010627,201900052158,8,21,17:20,1,2,1,1.0,6.0,13216,LITTORAL (CHEMIN DU),M,"43,3582450","5,3217414",13,2019,50.0,4.0,1.0,4.0,2260006,1.0,1,4,1,4.0,,-1.0,0,1984.0,A01,138Â 208Â 041,2.0,6.0,-1.0,1725088,1.0,32,,8.0,0.0,2.0,A01,138Â 208Â 041,0.0
1010628,201900052159,8,21,09:00,1,2,2,1.0,3.0,13213,ROSE (AVENUE DE LA),M,"43,3289700","5,4274500",13,2019,50.0,1.0,1.0,3.0,2260007,1.0,1,1,1,1.0,,-1.0, -1,1974.0,B01,138Â 208Â 039,1.0,0.0,-1.0,1725089,0.0,7,,0.0,2.0,2.0,B01,138Â 208Â 039,1.0
1010628,201900052159,8,21,09:00,1,2,2,1.0,3.0,13213,ROSE (AVENUE DE LA),M,"43,3289700","5,4274500",13,2019,50.0,1.0,1.0,3.0,2260007,1.0,1,1,1,1.0,,-1.0, -1,1974.0,B01,138Â 208Â 039,1.0,0.0,-1.0,1725090,0.0,33,,0.0,2.0,1.0,A01,138Â 208Â 040,1.0
1010628,201900052159,8,21,09:00,1,2,2,1.0,3.0,13213,ROSE (AVENUE DE LA),M,"43,3289700","5,4274500",13,2019,50.0,1.0,1.0,3.0,2260008,1.0,1,4,1,1.0,,-1.0, -1,1981.0,A01,138Â 208Â 040,2.0,6.0,-1.0,1725089,0.0,7,,0.0,2.0,2.0,B01,138Â 208Â 039,1.0
1010628,201900052159,8,21,09:00,1,2,2,1.0,3.0,13213,ROSE (AVENUE DE LA),M,"43,3289700","5,4274500",13,2019,50.0,1.0,1.0,3.0,2260008,1.0,1,4,1,1.0,,-1.0, -1,1981.0,A01,138Â 208Â 040,2.0,6.0,-1.0,1725090,0.0,33,,0.0,2.0,1.0,A01,138Â 208Â 040,1.0
1010629,201900052160,8,21,09:40,1,1,1,1.0,1.0,06088,CAL DE SPAGNOL SOUBRAN (CH.),M,"43,6952891","7,2021168",6,2019,30.0,1.0,9.0,9.0,2260009,1.0,1,1,2,4.0,,-1.0, -1,1987.0,A01,138Â 208Â 037,1.0,0.0,-1.0,1725091,3.0,7,,0.0,6.0,3.0,A01,138Â 208Â 037,1.0
1010629,201900052160,8,21,09:40,1,1,1,1.0,1.0,06088,CAL DE SPAGNOL SOUBRAN (CH.),M,"43,6952891","7,2021168",6,2019,30.0,1.0,9.0,9.0,2260009,1.0,1,1,2,4.0,,-1.0, -1,1987.0,A01,138Â 208Â 037,1.0,0.0,-1.0,1725092,3.0,32,,0.0,0.0,0.0,B01,138Â 208Â 038,1.0
1010629,201900052160,8,21,09:40,1,1,1,1.0,1.0,06088,CAL DE SPAGNOL SOUBRAN (CH.),M,"43,6952891","7,2021168",6,2019,30.0,1.0,9.0,9.0,2260010,1.0,1,3,1,0.0,,0.0,0,1995.0,B01,138Â 208Â 038,2.0,0.0,-1.0,1725091,3.0,7,,0.0,6.0,3.0,A01,138Â 208Â 037,1.0
1010629,201900052160,8,21,09:40,1,1,1,1.0,1.0,06088,CAL DE SPAGNOL SOUBRAN (CH.),M,"43,6952891","7,2021168",6,2019,30.0,1.0,9.0,9.0,2260010,1.0,1,3,1,0.0,,0.0,0,1995.0,B01,138Â 208Â 038,2.0,0.0,-1.0,1725092,3.0,32,,0.0,0.0,0.0,B01,138Â 208Â 038,1.0
1010630,201900052161,8,21,15:50,1,2,1,1.0,3.0,06069,MARCEL PAGNOL (AVENUE),M,"43,6452980","6,9434410",6,2019,50.0,1.0,1.0,4.0,2260011,1.0,1,1,1,5.0,,0.0,0,1996.0,B01,138Â 208Â 035,1.0,0.0,-1.0,1725093,2.0,7,,0.0,2.0,3.0,B01,138Â 208Â 035,1.0
1010630,201900052161,8,21,15:50,1,2,1,1.0,3.0,06069,MARCEL PAGNOL (AVENUE),M,"43,6452980","6,9434410",6,2019,50.0,1.0,1.0,4.0,2260011,1.0,1,1,1,5.0,,0.0,0,1996.0,B01,138Â 208Â 035,1.0,0.0,-1.0,1725094,2.0,33,,0.0,2.0,1.0,A01,138Â 208Â 036,1.0
1010630,201900052161,8,21,15:50,1,2,1,1.0,3.0,06069,MARCEL PAGNOL (AVENUE),M,"43,6452980","6,9434410",6,2019,50.0,1.0,1.0,4.0,2260012,1.0,1,3,1,5.0,,0.0,0,1997.0,A01,138Â 208Â 036,2.0,8.0,-1.0,1725093,2.0,7,,0.0,2.0,3.0,B01,138Â 208Â 035,1.0
1010630,201900052161,8,21,15:50,1,2,1,1.0,3.0,06069,MARCEL PAGNOL (AVENUE),M,"43,6452980","6,9434410",6,2019,50.0,1.0,1.0,4.0,2260012,1.0,1,3,1,5.0,,0.0,0,1997.0,A01,138Â 208Â 036,2.0,8.0,-1.0,1725094,2.0,33,,0.0,2.0,1.0,A01,138Â 208Â 036,1.0
1010631,201900052162,8,21,16:10,1,2,4,1.0,5.0,75116,PORTE D AUTEUIL,M,"48,8499248","2,2523582",75,2019,50.0,1.0,1.0,4.0,2260013,1.0,1,1,1,4.0,,0.0,0,1989.0,A01,138Â 208Â 026,1.0,0.0,-1.0,1725095,1.0,10,,0.0,2.0,2.0,A01,138Â 208Â 026,1.0
1010631,201900052162,8,21,16:10,1,2,4,1.0,5.0,75116,PORTE D AUTEUIL,M,"48,8499248","2,2523582",75,2019,50.0,1.0,1.0,4.0,2260013,1.0,1,1,1,4.0,,0.0,0,1989.0,A01,138Â 208Â 026,1.0,0.0,-1.0,1725096,1.0,7,,0.0,2.0,5.0,C01,138Â 208Â 027,0.0
1010631,201900052162,8,21,16:10,1,2,4,1.0,5.0,75116,PORTE D AUTEUIL,M,"48,8499248","2,2523582",75,2019,50.0,1.0,1.0,4.0,2260013,1.0,1,1,1,4.0,,0.0,0,1989.0,A01,138Â 208Â 026,1.0,0.0,-1.0,1725097,1.0,7,,0.0,2.0,6.0,B01,138Â 208Â 028,1.0
1010631,201900052162,8,21,16:10,1,2,4,1.0,5.0,75116,PORTE D AUTEUIL,M,"48,8499248","2,2523582",75,2019,50.0,1.0,1.0,4.0,2260013,1.0,1,1,1,4.0,,0.0,0,1989.0,A01,138Â 208Â 026,1.0,0.0,-1.0,1725098,1.0,10,,0.0,2.0,5.0,D01,138Â 208Â 029,1.0
1010631,201900052162,8,21,16:10,1,2,4,1.0,5.0,75116,PORTE D AUTEUIL,M,"48,8499248","2,2523582",75,2019,50.0,1.0,1.0,4.0,2260014,1.0,1,1,2,5.0,,0.0,0,1977.0,C01,138Â 208Â 027,1.0,0.0,-1.0,1725095,1.0,10,,0.0,2.0,2.0,A01,138Â 208Â 026,1.0
1010631,201900052162,8,21,16:10,1,2,4,1.0,5.0,75116,PORTE D AUTEUIL,M,"48,8499248","2,2523582",75,2019,50.0,1.0,1.0,4.0,2260014,1.0,1,1,2,5.0,,0.0,0,1977.0,C01,138Â 208Â 027,1.0,0.0,-1.0,1725096,1.0,7,,0.0,2.0,5.0,C01,138Â 208Â 027,0.0
1010631,201900052162,8,21,16:10,1,2,4,1.0,5.0,75116,PORTE D AUTEUIL,M,"48,8499248","2,2523582",75,2019,50.0,1.0,1.0,4.0,2260014,1.0,1,1,2,5.0,,0.0,0,1977.0,C01,138Â 208Â 027,1.0,0.0,-1.0,1725097,1.0,7,,0.0,2.0,6.0,B01,138Â 208Â 028,1.0
1010631,201900052162,8,21,16:10,1,2,4,1.0,5.0,75116,PORTE D AUTEUIL,M,"48,8499248","2,2523582",75,2019,50.0,1.0,1.0,4.0,2260014,1.0,1,1,2,5.0,,0.0,0,1977.0,C01,138Â 208Â 027,1.0,0.0,-1.0,1725098,1.0,10,,0.0,2.0,5.0,D01,138Â 208Â 029,1.0
1010631,201900052162,8,21,16:10,1,2,4,1.0,5.0,75116,PORTE D AUTEUIL,M,"48,8499248","2,2523582",75,2019,50.0,1.0,1.0,4.0,2260015,1.0,1,4,2,5.0,,0.0,0,1993.0,B01,138Â 208Â 028,1.0,0.0,-1.0,1725095,1.0,10,,0.0,2.0,2.0,A01,138Â 208Â 026,1.0
1010631,201900052162,8,21,16:10,1,2,4,1.0,5.0,75116,PORTE D AUTEUIL,M,"48,8499248","2,2523582",75,2019,50.0,1.0,1.0,4.0,2260015,1.0,1,4,2,5.0,,0.0,0,1993.0,B01,138Â 208Â 028,1.0,0.0,-1.0,1725096,1.0,7,,0.0,2.0,5.0,C01,138Â 208Â 027,0.0
1010631,201900052162,8,21,16:10,1,2,4,1.0,5.0,75116,PORTE D AUTEUIL,M,"48,8499248","2,2523582",75,2019,50.0,1.0,1.0,4.0,2260015,1.0,1,4,2,5.0,,0.0,0,1993.0,B01,138Â 208Â 028,1.0,0.0,-1.0,1725097,1.0,7,,0.0,2.0,6.0,B01,138Â 208Â 028,1.0
1010631,201900052162,8,21,16:10,1,2,4,1.0,5.0,75116,PORTE D AUTEUIL,M,"48,8499248","2,2523582",75,2019,50.0,1.0,1.0,4.0,2260015,1.0,1,4,2,5.0,,0.0,0,1993.0,B01,138Â 208Â 028,1.0,0.0,-1.0,1725098,1.0,10,,0.0,2.0,5.0,D01,138Â 208Â 029,1.0
1010631,201900052162,8,21,16:10,1,2,4,1.0,5.0,75116,PORTE D AUTEUIL,M,"48,8499248","2,2523582",75,2019,50.0,1.0,1.0,4.0,2260016,1.0,1,1,1,4.0,,-1.0, -1,1966.0,D01,138Â 208Â 029,1.0,0.0,-1.0,1725095,1.0,10,,0.0,2.0,2.0,A01,138Â 208Â 026,1.0