Unnamed: 0_x,num_acc,mois,jour,hrmn,lum,agg,int,atm,col,com,adr,gps,lat,long,dep,annee,vma,situ,surf,catr,Unnamed: 0_y,place,catu,grav,sexe,trajet,secu,locp,actp,an_nais,num_veh_x,id_vehicule_x,secu1,secu2,secu3,Unnamed: 0,senc,catv,occutc,obs,obsm,choc,num_veh_y,id_vehicule_y,motor
1010631,201900052162,8,21,16:10,1,2,4,1.0,5.0,75116,PORTE D AUTEUIL,M,"48,8499248","2,2523582",75,2019,50.0,1.0,1.0,4.0,2260016,1.0,1,1,1,4.0,,-1.0, -1,1966.0,D01,138Â 208Â 029,1.0,0.0,-1.0,1725096,1.0,7,,0.0,2.0,5.0,C01,138Â 208Â 027,0.0
1010631,201900052162,8,21,16:10,1,2,4,1.0,5.0,75116,PORTE D AUTEUIL,M,"48,8499248","2,2523582",75,2019,50.0,1.0,1.0,4.0,2260016,1.0,1,1,1,4.0,,-1.0, -1,1966.0,D01,138Â 208Â 029,1.0,0.0,-1.0,1725097,1.0,7,,0.0,2.0,6.0,B01,138Â 208Â 028,1.0
1010631,201900052162,8,21,16:10,1,2,4,1.0,5.0,75116,PORTE D AUTEUIL,M,"48,8499248","2,2523582",75,2019,50.0,1.0,1.0,4.0,2260016,1.0,1,1,1,4.0,,-1.0, -1,1966.0,D01,138Â 208Â 029,1.0,0.0,-1.0,1725098,1.0,10,,0.0,2.0,5.0,D01,138Â 208Â 029,1.0
1010631,201900052162,8,21,16:10,1,2,4,1.0,5.0,75116,PORTE D AUTEUIL,M,"48,8499248","2,2523582",75,2019,50.0,1.0,1.0,4.0,2260017,2.0,2,4,1,4.0,,0.0,0,1961.0,D01,138Â 208Â 029,1.0,0.0,-1.0,1725095,1.0,10,,0.0,2.0,2.0,A01,138Â 208Â 026,1.0
1010631,201900052162,8,21,16:10,1,2,4,1.0,5.0,75116,PORTE D AUTEUIL,M,"48,8499248","2,2523582",75,2019,50.0,1.0,1.0,4.0,2260017,2.0,2,4,1,4.0,,0.0,0,1961.0,D01,138Â 208Â 029,1.0,0.0,-1.0,1725096,1.0,7,,0.0,2.0,5.0,C01,138Â 208Â 027,0.0
1010631,201900052162,8,21,16:10,1,2,4,1.0,5.0,75116,PORTE D AUTEUIL,M,"48,8499248","2,2523582",75,2019,50.0,1.0,1.0,4.0,2260017,2.0,2,4,1,4.0,,0.0,0,1961.0,D01,138Â 208Â 029,1.0,0.0,-1.0,1725097,1.0,7,,0.0,2.0,6.0,B01,138Â 208Â 028,1.0
1010631,201900052162,8,21,16:10,1,2,4,1.0,5.0,75116,PORTE D AUTEUIL,M,"48,8499248","2,2523582",75,2019,50.0,1.0,1.0,4.0,2260017,2.0,2,4,1,4.0,,0.0,0,1961.0,D01,138Â 208Â 029,1.0,0.0,-1.0,1725098,1.0,10,,0.0,2.0,5.0,D01,138Â 208Â 029,1.0
1010632,201900052163,8,20,23:25,5,2,4,1.0,2.0,75116,BD PERIPHERIQUE INTERIEUR,M,"48,8750509","2,2766032",75,2019,70.0,1.0,1.0,4.0,2260018,1.0,1,4,2,5.0,,0.0,0,1995.0,A01,138Â 208Â 024,1.0,0.0,-1.0,1725099,1.0,7,,0.0,2.0,1.0,A01,138Â 208Â 024,1.0
1010632,201900052163,8,20,23:25,5,2,4,1.0,2.0,75116,BD PERIPHERIQUE INTERIEUR,M,"48,8750509","2,2766032",75,2019,70.0,1.0,1.0,4.0,2260018,1.0,1,4,2,5.0,,0.0,0,1995.0,A01,138Â 208Â 024,1.0,0.0,-1.0,1725100,1.0,7,,0.0,2.0,4.0,B01,138Â 208Â 025,1.0
1010632,201900052163,8,20,23:25,5,2,4,1.0,2.0,75116,BD PERIPHERIQUE INTERIEUR,M,"48,8750509","2,2766032",75,2019,70.0,1.0,1.0,4.0,2260019,1.0,1,1,2,5.0,,0.0,0,1993.0,B01,138Â 208Â 025,1.0,0.0,-1.0,1725099,1.0,7,,0.0,2.0,1.0,A01,138Â 208Â 024,1.0
1010632,201900052163,8,20,23:25,5,2,4,1.0,2.0,75116,BD PERIPHERIQUE INTERIEUR,M,"48,8750509","2,2766032",75,2019,70.0,1.0,1.0,4.0,2260019,1.0,1,1,2,5.0,,0.0,0,1993.0,B01,138Â 208Â 025,1.0,0.0,-1.0,1725100,1.0,7,,0.0,2.0,4.0,B01,138Â 208Â 025,1.0
1010633,201900052164,8,20,20:15,2,2,3,1.0,6.0,75112,RUE CROZATIER,M,"48,8496531","2,3794419",75,2019,50.0,1.0,1.0,4.0,2260020,10.0,3,3,1,0.0,,2.0,4,2008.0,Z01,138Â 208Â 023,0.0,0.0,0.0,1725101,1.0,43,,0.0,1.0,1.0,Z01,138Â 208Â 023,1.0
1010633,201900052164,8,20,20:15,2,2,3,1.0,6.0,75112,RUE CROZATIER,M,"48,8496531","2,3794419",75,2019,50.0,1.0,1.0,4.0,2260021,1.0,1,1,1,5.0,,0.0,0,1985.0,Z01,138Â 208Â 023,2.0,6.0,-1.0,1725101,1.0,43,,0.0,1.0,1.0,Z01,138Â 208Â 023,1.0
1010634,201900052165,8,21,19:50,1,2,2,1.0,2.0,75117,AVENUE DE LA PORTE D ASNIERES,M,"48,8901130","2,3038325",75,2019,50.0,1.0,1.0,4.0,2260022,1.0,1,4,1,1.0,,0.0,0,1955.0,B01,138Â 208Â 021,2.0,6.0,-1.0,1725102,1.0,33,,0.0,2.0,4.0,B01,138Â 208Â 021,1.0
1010634,201900052165,8,21,19:50,1,2,2,1.0,2.0,75117,AVENUE DE LA PORTE D ASNIERES,M,"48,8901130","2,3038325",75,2019,50.0,1.0,1.0,4.0,2260022,1.0,1,4,1,1.0,,0.0,0,1955.0,B01,138Â 208Â 021,2.0,6.0,-1.0,1725103,1.0,7,,0.0,2.0,1.0,A01,138Â 208Â 022,2.0
1010634,201900052165,8,21,19:50,1,2,2,1.0,2.0,75117,AVENUE DE LA PORTE D ASNIERES,M,"48,8901130","2,3038325",75,2019,50.0,1.0,1.0,4.0,2260023,1.0,1,1,1,1.0,,0.0,0,1990.0,A01,138Â 208Â 022,1.0,0.0,-1.0,1725102,1.0,33,,0.0,2.0,4.0,B01,138Â 208Â 021,1.0
1010634,201900052165,8,21,19:50,1,2,2,1.0,2.0,75117,AVENUE DE LA PORTE D ASNIERES,M,"48,8901130","2,3038325",75,2019,50.0,1.0,1.0,4.0,2260023,1.0,1,1,1,1.0,,0.0,0,1990.0,A01,138Â 208Â 022,1.0,0.0,-1.0,1725103,1.0,7,,0.0,2.0,1.0,A01,138Â 208Â 022,2.0
1010635,201900052166,8,20,07:10,1,2,1,1.0,6.0,75116,VOIE GEORGES POMPIDOU,M,"48,8412117","2,2690251",75,2019,50.0,1.0,1.0,4.0,2260024,1.0,1,4,1,1.0,,0.0,0,1974.0,A01,138Â 208Â 020,1.0,0.0,-1.0,1725104,1.0,7,,11.0,0.0,2.0,A01,138Â 208Â 020,1.0
1010636,201900052167,8,21,08:45,1,2,1,1.0,2.0,75112,AVENUE DE GRAVELLE,M,"48,8242006","2,4226909",75,2019,30.0,5.0,1.0,4.0,2260025,1.0,1,4,2,1.0,,0.0,0,1972.0,B01,138Â 208Â 018,2.0,8.0,-1.0,1725105,1.0,1,,0.0,2.0,4.0,B01,138Â 208Â 018,5.0
1010636,201900052167,8,21,08:45,1,2,1,1.0,2.0,75112,AVENUE DE GRAVELLE,M,"48,8242006","2,4226909",75,2019,30.0,5.0,1.0,4.0,2260025,1.0,1,4,2,1.0,,0.0,0,1972.0,B01,138Â 208Â 018,2.0,8.0,-1.0,1725106,1.0,80,,0.0,2.0,1.0,A01,138Â 208Â 019,2.0
1010636,201900052167,8,21,08:45,1,2,1,1.0,2.0,75112,AVENUE DE GRAVELLE,M,"48,8242006","2,4226909",75,2019,30.0,5.0,1.0,4.0,2260026,1.0,1,1,1,1.0,,0.0,0,1992.0,A01,138Â 208Â 019,2.0,0.0,-1.0,1725105,1.0,1,,0.0,2.0,4.0,B01,138Â 208Â 018,5.0
1010636,201900052167,8,21,08:45,1,2,1,1.0,2.0,75112,AVENUE DE GRAVELLE,M,"48,8242006","2,4226909",75,2019,30.0,5.0,1.0,4.0,2260026,1.0,1,1,1,1.0,,0.0,0,1992.0,A01,138Â 208Â 019,2.0,0.0,-1.0,1725106,1.0,80,,0.0,2.0,1.0,A01,138Â 208Â 019,2.0
1010637,201900052168,8,21,19:35,1,2,2,1.0,3.0,75104,RUE FRANCOIS MIRON,M,"48,8555180","2,3577480",75,2019,30.0,5.0,1.0,4.0,2260027,1.0,1,1,1,4.0,,0.0,0,1991.0,A01,138Â 208Â 014,1.0,0.0,-1.0,1725107,3.0,7,,0.0,2.0,3.0,A01,138Â 208Â 014,1.0
1010637,201900052168,8,21,19:35,1,2,2,1.0,3.0,75104,RUE FRANCOIS MIRON,M,"48,8555180","2,3577480",75,2019,30.0,5.0,1.0,4.0,2260027,1.0,1,1,1,4.0,,0.0,0,1991.0,A01,138Â 208Â 014,1.0,0.0,-1.0,1725108,3.0,1,,0.0,2.0,1.0,B01,138Â 208Â 015,5.0
1010637,201900052168,8,21,19:35,1,2,2,1.0,3.0,75104,RUE FRANCOIS MIRON,M,"48,8555180","2,3577480",75,2019,30.0,5.0,1.0,4.0,2260028,1.0,1,4,2,5.0,,0.0,0,1995.0,B01,138Â 208Â 015,2.0,0.0,-1.0,1725107,3.0,7,,0.0,2.0,3.0,A01,138Â 208Â 014,1.0
1010637,201900052168,8,21,19:35,1,2,2,1.0,3.0,75104,RUE FRANCOIS MIRON,M,"48,8555180","2,3577480",75,2019,30.0,5.0,1.0,4.0,2260028,1.0,1,4,2,5.0,,0.0,0,1995.0,B01,138Â 208Â 015,2.0,0.0,-1.0,1725108,3.0,1,,0.0,2.0,1.0,B01,138Â 208Â 015,5.0
1010638,201900052169,8,21,08:30,1,2,9,1.0,2.0,94058,FONTENAY (BD DE),M,"48,8488000","2,4942200",94,2019,40.0,1.0,1.0,9.0,2260029,1.0,1,4,1,4.0,,-1.0,0,1997.0,A01,138Â 208Â 012,1.0,5.0,-1.0,1725109,1.0,10,,0.0,2.0,1.0,A01,138Â 208Â 012,1.0
1010638,201900052169,8,21,08:30,1,2,9,1.0,2.0,94058,FONTENAY (BD DE),M,"48,8488000","2,4942200",94,2019,40.0,1.0,1.0,9.0,2260029,1.0,1,4,1,4.0,,-1.0,0,1997.0,A01,138Â 208Â 012,1.0,5.0,-1.0,1725110,1.0,10,,0.0,2.0,4.0,B01,138Â 208Â 013,1.0
1010638,201900052169,8,21,08:30,1,2,9,1.0,2.0,94058,FONTENAY (BD DE),M,"48,8488000","2,4942200",94,2019,40.0,1.0,1.0,9.0,2260030,1.0,1,4,1,1.0,,-1.0,0,1976.0,B01,138Â 208Â 013,1.0,5.0,-1.0,1725109,1.0,10,,0.0,2.0,1.0,A01,138Â 208Â 012,1.0
1010638,201900052169,8,21,08:30,1,2,9,1.0,2.0,94058,FONTENAY (BD DE),M,"48,8488000","2,4942200",94,2019,40.0,1.0,1.0,9.0,2260030,1.0,1,4,1,1.0,,-1.0,0,1976.0,B01,138Â 208Â 013,1.0,5.0,-1.0,1725110,1.0,10,,0.0,2.0,4.0,B01,138Â 208Â 013,1.0
1010639,201900052170,8,21,08:50,1,2,9,1.0,3.0,93078,AUDAT (RUE),M,"48,9589000","2,5443000",93,2019,50.0,1.0,1.0,9.0,2260031,1.0,1,1,2,1.0,,-1.0, -1,1985.0,A01,138Â 208Â 010,1.0,0.0,-1.0,1725111,3.0,7,,0.0,2.0,1.0,A01,138Â 208Â 010,0.0
1010639,201900052170,8,21,08:50,1,2,9,1.0,3.0,93078,AUDAT (RUE),M,"48,9589000","2,5443000",93,2019,50.0,1.0,1.0,9.0,2260031,1.0,1,1,2,1.0,,-1.0, -1,1985.0,A01,138Â 208Â 010,1.0,0.0,-1.0,1725112,3.0,17,,0.0,0.0,7.0,B01,138Â 208Â 011,0.0
1010639,201900052170,8,21,08:50,1,2,9,1.0,3.0,93078,AUDAT (RUE),M,"48,9589000","2,5443000",93,2019,50.0,1.0,1.0,9.0,2260032,1.0,1,3,2,4.0,,-1.0, -1,1990.0,B01,138Â 208Â 011,8.0,0.0,-1.0,1725111,3.0,7,,0.0,2.0,1.0,A01,138Â 208Â 010,0.0
1010639,201900052170,8,21,08:50,1,2,9,1.0,3.0,93078,AUDAT (RUE),M,"48,9589000","2,5443000",93,2019,50.0,1.0,1.0,9.0,2260032,1.0,1,3,2,4.0,,-1.0, -1,1990.0,B01,138Â 208Â 011,8.0,0.0,-1.0,1725112,3.0,17,,0.0,0.0,7.0,B01,138Â 208Â 011,0.0
1010640,201900052171,8,21,18:30,1,2,1,1.0,3.0,93051,RU DE NESLE (BOULEVARD),M,"48,8315000","2,5841400",93,2019,50.0,1.0,1.0,3.0,2260033,2.0,2,4,1,5.0,,-1.0, -1,2006.0,B01,138Â 208Â 008,1.0,0.0,-1.0,1725113,3.0,3,,0.0,2.0,7.0,B01,138Â 208Â 008,0.0
1010640,201900052171,8,21,18:30,1,2,1,1.0,3.0,93051,RU DE NESLE (BOULEVARD),M,"48,8315000","2,5841400",93,2019,50.0,1.0,1.0,3.0,2260033,2.0,2,4,1,5.0,,-1.0, -1,2006.0,B01,138Â 208Â 008,1.0,0.0,-1.0,1725114,3.0,10,,0.0,2.0,3.0,A01,138Â 208Â 009,0.0
1010640,201900052171,8,21,18:30,1,2,1,1.0,3.0,93051,RU DE NESLE (BOULEVARD),M,"48,8315000","2,5841400",93,2019,50.0,1.0,1.0,3.0,2260034,1.0,1,1,1,5.0,,-1.0, -1,1995.0,B01,138Â 208Â 008,1.0,0.0,-1.0,1725113,3.0,3,,0.0,2.0,7.0,B01,138Â 208Â 008,0.0
1010640,201900052171,8,21,18:30,1,2,1,1.0,3.0,93051,RU DE NESLE (BOULEVARD),M,"48,8315000","2,5841400",93,2019,50.0,1.0,1.0,3.0,2260034,1.0,1,1,1,5.0,,-1.0, -1,1995.0,B01,138Â 208Â 008,1.0,0.0,-1.0,1725114,3.0,10,,0.0,2.0,3.0,A01,138Â 208Â 009,0.0
1010640,201900052171,8,21,18:30,1,2,1,1.0,3.0,93051,RU DE NESLE (BOULEVARD),M,"48,8315000","2,5841400",93,2019,50.0,1.0,1.0,3.0,2260035,1.0,1,1,1,1.0,,-1.0, -1,1983.0,A01,138Â 208Â 009,1.0,0.0,-1.0,1725113,3.0,3,,0.0,2.0,7.0,B01,138Â 208Â 008,0.0
1010640,201900052171,8,21,18:30,1,2,1,1.0,3.0,93051,RU DE NESLE (BOULEVARD),M,"48,8315000","2,5841400",93,2019,50.0,1.0,1.0,3.0,2260035,1.0,1,1,1,1.0,,-1.0, -1,1983.0,A01,138Â 208Â 009,1.0,0.0,-1.0,1725114,3.0,10,,0.0,2.0,3.0,A01,138Â 208Â 009,0.0
1010641,201900052172,8,21,11:15,1,2,1,1.0,6.0,93050,GASTON NAVAILLE (RUE),M,"48,8708200","2,5330700",93,2019,50.0,1.0,1.0,4.0,2260036,10.0,3,4,2,5.0,,9.0,B,1982.0,A01,138Â 208Â 007,8.0,0.0,-1.0,1725115,1.0,7,,0.0,1.0,2.0,A01,138Â 208Â 007,1.0
1010641,201900052172,8,21,11:15,1,2,1,1.0,6.0,93050,GASTON NAVAILLE (RUE),M,"48,8708200","2,5330700",93,2019,50.0,1.0,1.0,4.0,2260037,1.0,1,1,2,5.0,,-1.0, -1,1954.0,A01,138Â 208Â 007,1.0,0.0,-1.0,1725115,1.0,7,,0.0,1.0,2.0,A01,138Â 208Â 007,1.0
1010642,201900052173,8,21,12:11,1,2,2,1.0,3.0,93046,JEAN JAURES BOULEVARD,M,"48,9225600","2,5243600",93,2019,50.0,1.0,1.0,3.0,2260038,1.0,1,4,1,1.0,,-1.0, -1,1988.0,B01,138Â 208Â 005,1.0,8.0,-1.0,1725116,3.0,10,,0.0,2.0,3.0,B01,138Â 208Â 005,1.0
1010642,201900052173,8,21,12:11,1,2,2,1.0,3.0,93046,JEAN JAURES BOULEVARD,M,"48,9225600","2,5243600",93,2019,50.0,1.0,1.0,3.0,2260038,1.0,1,4,1,1.0,,-1.0, -1,1988.0,B01,138Â 208Â 005,1.0,8.0,-1.0,1725117,3.0,10,,0.0,2.0,3.0,A01,138Â 208Â 006,1.0
1010642,201900052173,8,21,12:11,1,2,2,1.0,3.0,93046,JEAN JAURES BOULEVARD,M,"48,9225600","2,5243600",93,2019,50.0,1.0,1.0,3.0,2260039,1.0,1,4,1,1.0,,-1.0, -1,1980.0,A01,138Â 208Â 006,1.0,8.0,-1.0,1725116,3.0,10,,0.0,2.0,3.0,B01,138Â 208Â 005,1.0
1010642,201900052173,8,21,12:11,1,2,2,1.0,3.0,93046,JEAN JAURES BOULEVARD,M,"48,9225600","2,5243600",93,2019,50.0,1.0,1.0,3.0,2260039,1.0,1,4,1,1.0,,-1.0, -1,1980.0,A01,138Â 208Â 006,1.0,8.0,-1.0,1725117,3.0,10,,0.0,2.0,3.0,A01,138Â 208Â 006,1.0
1010643,201900052174,8,20,22:00,2,2,3,1.0,3.0,93046,JEAN JAURES BOULEVARD,M,"48,9161900","2,5307700",93,2019,50.0,1.0,1.0,3.0,2260040,2.0,2,1,2,4.0,,-1.0, -1,1983.0,A01,138Â 208Â 003,1.0,0.0,-1.0,1725118,0.0,10,,0.0,2.0,3.0,A01,138Â 208Â 003,1.0
1010643,201900052174,8,20,22:00,2,2,3,1.0,3.0,93046,JEAN JAURES BOULEVARD,M,"48,9161900","2,5307700",93,2019,50.0,1.0,1.0,3.0,2260040,2.0,2,1,2,4.0,,-1.0, -1,1983.0,A01,138Â 208Â 003,1.0,0.0,-1.0,1725119,0.0,7,,0.0,2.0,1.0,B01,138Â 208Â 004,1.0
1010643,201900052174,8,20,22:00,2,2,3,1.0,3.0,93046,JEAN JAURES BOULEVARD,M,"48,9161900","2,5307700",93,2019,50.0,1.0,1.0,3.0,2260041,1.0,1,1,1,4.0,,-1.0, -1,1974.0,A01,138Â 208Â 003,1.0,0.0,-1.0,1725118,0.0,10,,0.0,2.0,3.0,A01,138Â 208Â 003,1.0
1010643,201900052174,8,20,22:00,2,2,3,1.0,3.0,93046,JEAN JAURES BOULEVARD,M,"48,9161900","2,5307700",93,2019,50.0,1.0,1.0,3.0,2260041,1.0,1,1,1,4.0,,-1.0, -1,1974.0,A01,138Â 208Â 003,1.0,0.0,-1.0,1725119,0.0,7,,0.0,2.0,1.0,B01,138Â 208Â 004,1.0
1010643,201900052174,8,20,22:00,2,2,3,1.0,3.0,93046,JEAN JAURES BOULEVARD,M,"48,9161900","2,5307700",93,2019,50.0,1.0,1.0,3.0,2260042,1.0,1,1,1,0.0,,-1.0, -1,1999.0,B01,138Â 208Â 004,1.0,0.0,-1.0,1725118,0.0,10,,0.0,2.0,3.0,A01,138Â 208Â 003,1.0
1010643,201900052174,8,20,22:00,2,2,3,1.0,3.0,93046,JEAN JAURES BOULEVARD,M,"48,9161900","2,5307700",93,2019,50.0,1.0,1.0,3.0,2260042,1.0,1,1,1,0.0,,-1.0, -1,1999.0,B01,138Â 208Â 004,1.0,0.0,-1.0,1725119,0.0,7,,0.0,2.0,1.0,B01,138Â 208Â 004,1.0
1010643,201900052174,8,20,22:00,2,2,3,1.0,3.0,93046,JEAN JAURES BOULEVARD,M,"48,9161900","2,5307700",93,2019,50.0,1.0,1.0,3.0,2260043,2.0,2,4,1,0.0,,-1.0, -1,2000.0,B01,138Â 208Â 004,1.0,0.0,-1.0,1725118,0.0,10,,0.0,2.0,3.0,A01,138Â 208Â 003,1.0
1010643,201900052174,8,20,22:00,2,2,3,1.0,3.0,93046,JEAN JAURES BOULEVARD,M,"48,9161900","2,5307700",93,2019,50.0,1.0,1.0,3.0,2260043,2.0,2,4,1,0.0,,-1.0, -1,2000.0,B01,138Â 208Â 004,1.0,0.0,-1.0,1725119,0.0,7,,0.0,2.0,1.0,B01,138Â 208Â 004,1.0
1010644,201900052175,8,21,20:05,1,2,1,7.0,6.0,93005,NONNEVILLE (AVENUE DE),M,"48,9239360","2,5011480",93,2019,50.0,1.0,1.0,4.0,2260044,10.0,3,4,2,0.0,,0.0,1,2012.0,A01,138Â 208Â 002,8.0,0.0,-1.0,1725120,1.0,7,,0.0,1.0,3.0,A01,138Â 208Â 002,0.0
1010644,201900052175,8,21,20:05,1,2,1,7.0,6.0,93005,NONNEVILLE (AVENUE DE),M,"48,9239360","2,5011480",93,2019,50.0,1.0,1.0,4.0,2260045,1.0,1,1,2,0.0,,-1.0, -1,1998.0,A01,138Â 208Â 002,1.0,0.0,-1.0,1725120,1.0,7,,0.0,1.0,3.0,A01,138Â 208Â 002,0.0
1010645,201900052176,8,19,12:46,1,2,2,1.0,3.0,92050,BOULEVARD DE LA DEFENSE,M,"48,8972580","2,2243019",92,2019,50.0,1.0,1.0,3.0,2260046,1.0,1,1,1,9.0,,-1.0,0,1983.0,A01,138Â 208Â 000,1.0,0.0,-1.0,1725121,3.0,10,,0.0,2.0,2.0,A01,138Â 208Â 000,1.0
1010645,201900052176,8,19,12:46,1,2,2,1.0,3.0,92050,BOULEVARD DE LA DEFENSE,M,"48,8972580","2,2243019",92,2019,50.0,1.0,1.0,3.0,2260046,1.0,1,1,1,9.0,,-1.0,0,1983.0,A01,138Â 208Â 000,1.0,0.0,-1.0,1725122,3.0,10,,0.0,2.0,3.0,B01,138Â 208Â 001,1.0
1010645,201900052176,8,19,12:46,1,2,2,1.0,3.0,92050,BOULEVARD DE LA DEFENSE,M,"48,8972580","2,2243019",92,2019,50.0,1.0,1.0,3.0,2260047,2.0,2,4,2,9.0,,-1.0,0,1982.0,B01,138Â 208Â 001,8.0,0.0,-1.0,1725121,3.0,10,,0.0,2.0,2.0,A01,138Â 208Â 000,1.0
1010645,201900052176,8,19,12:46,1,2,2,1.0,3.0,92050,BOULEVARD DE LA DEFENSE,M,"48,8972580","2,2243019",92,2019,50.0,1.0,1.0,3.0,2260047,2.0,2,4,2,9.0,,-1.0,0,1982.0,B01,138Â 208Â 001,8.0,0.0,-1.0,1725122,3.0,10,,0.0,2.0,3.0,B01,138Â 208Â 001,1.0
1010645,201900052176,8,19,12:46,1,2,2,1.0,3.0,92050,BOULEVARD DE LA DEFENSE,M,"48,8972580","2,2243019",92,2019,50.0,1.0,1.0,3.0,2260048,1.0,1,1,1,9.0,,-1.0,0,1982.0,B01,138Â 208Â 001,1.0,0.0,-1.0,1725121,3.0,10,,0.0,2.0,2.0,A01,138Â 208Â 000,1.0
1010645,201900052176,8,19,12:46,1,2,2,1.0,3.0,92050,BOULEVARD DE LA DEFENSE,M,"48,8972580","2,2243019",92,2019,50.0,1.0,1.0,3.0,2260048,1.0,1,1,1,9.0,,-1.0,0,1982.0,B01,138Â 208Â 001,1.0,0.0,-1.0,1725122,3.0,10,,0.0,2.0,3.0,B01,138Â 208Â 001,1.0
1010646,201900052177,8,21,18:30,1,2,3,1.0,3.0,92026,SAINT-DENIS BD DE (01 A 197 / 02 A 118),M,"48,8980060","2,2637220",92,2019,50.0,1.0,1.0,3.0,2260049,1.0,1,1,1,0.0,,-1.0,0,2001.0,A01,138Â 207Â 998,2.0,6.0,-1.0,1725123,1.0,30,,0.0,2.0,8.0,A01,138Â 207Â 998,1.0
1010646,201900052177,8,21,18:30,1,2,3,1.0,3.0,92026,SAINT-DENIS BD DE (01 A 197 / 02 A 118),M,"48,8980060","2,2637220",92,2019,50.0,1.0,1.0,3.0,2260049,1.0,1,1,1,0.0,,-1.0,0,2001.0,A01,138Â 207Â 998,2.0,6.0,-1.0,1725124,3.0,30,,0.0,2.0,2.0,B01,138Â 207Â 999,1.0
1010646,201900052177,8,21,18:30,1,2,3,1.0,3.0,92026,SAINT-DENIS BD DE (01 A 197 / 02 A 118),M,"48,8980060","2,2637220",92,2019,50.0,1.0,1.0,3.0,2260050,1.0,1,4,1,0.0,,-1.0,0,1990.0,B01,138Â 207Â 999,2.0,6.0,-1.0,1725123,1.0,30,,0.0,2.0,8.0,A01,138Â 207Â 998,1.0
1010646,201900052177,8,21,18:30,1,2,3,1.0,3.0,92026,SAINT-DENIS BD DE (01 A 197 / 02 A 118),M,"48,8980060","2,2637220",92,2019,50.0,1.0,1.0,3.0,2260050,1.0,1,4,1,0.0,,-1.0,0,1990.0,B01,138Â 207Â 999,2.0,6.0,-1.0,1725124,3.0,30,,0.0,2.0,2.0,B01,138Â 207Â 999,1.0
1010647,201900052178,8,18,12:30,1,2,1,2.0,4.0,92025,EUROPE (AV DE L'),M,"48,9263840","2,2436360",92,2019,50.0,1.0,2.0,4.0,2260051,1.0,1,1,1,5.0,,-1.0,0,1976.0,C01,138Â 207Â 995,1.0,0.0,-1.0,1725125,3.0,7,,0.0,2.0,4.0,C01,138Â 207Â 995,1.0
1010647,201900052178,8,18,12:30,1,2,1,2.0,4.0,92025,EUROPE (AV DE L'),M,"48,9263840","2,2436360",92,2019,50.0,1.0,2.0,4.0,2260051,1.0,1,1,1,5.0,,-1.0,0,1976.0,C01,138Â 207Â 995,1.0,0.0,-1.0,1725126,3.0,7,,0.0,2.0,9.0,B01,138Â 207Â 996,1.0
1010647,201900052178,8,18,12:30,1,2,1,2.0,4.0,92025,EUROPE (AV DE L'),M,"48,9263840","2,2436360",92,2019,50.0,1.0,2.0,4.0,2260051,1.0,1,1,1,5.0,,-1.0,0,1976.0,C01,138Â 207Â 995,1.0,0.0,-1.0,1725127,3.0,10,,0.0,2.0,1.0,A01,138Â 207Â 997,1.0
1010647,201900052178,8,18,12:30,1,2,1,2.0,4.0,92025,EUROPE (AV DE L'),M,"48,9263840","2,2436360",92,2019,50.0,1.0,2.0,4.0,2260052,1.0,1,4,1,4.0,,-1.0,0,1972.0,B01,138Â 207Â 996,1.0,0.0,-1.0,1725125,3.0,7,,0.0,2.0,4.0,C01,138Â 207Â 995,1.0
1010647,201900052178,8,18,12:30,1,2,1,2.0,4.0,92025,EUROPE (AV DE L'),M,"48,9263840","2,2436360",92,2019,50.0,1.0,2.0,4.0,2260052,1.0,1,4,1,4.0,,-1.0,0,1972.0,B01,138Â 207Â 996,1.0,0.0,-1.0,1725126,3.0,7,,0.0,2.0,9.0,B01,138Â 207Â 996,1.0
1010647,201900052178,8,18,12:30,1,2,1,2.0,4.0,92025,EUROPE (AV DE L'),M,"48,9263840","2,2436360",92,2019,50.0,1.0,2.0,4.0,2260052,1.0,1,4,1,4.0,,-1.0,0,1972.0,B01,138Â 207Â 996,1.0,0.0,-1.0,1725127,3.0,10,,0.0,2.0,1.0,A01,138Â 207Â 997,1.0
1010647,201900052178,8,18,12:30,1,2,1,2.0,4.0,92025,EUROPE (AV DE L'),M,"48,9263840","2,2436360",92,2019,50.0,1.0,2.0,4.0,2260053,1.0,1,1,1,4.0,,-1.0,0,1997.0,A01,138Â 207Â 997,1.0,0.0,-1.0,1725125,3.0,7,,0.0,2.0,4.0,C01,138Â 207Â 995,1.0
1010647,201900052178,8,18,12:30,1,2,1,2.0,4.0,92025,EUROPE (AV DE L'),M,"48,9263840","2,2436360",92,2019,50.0,1.0,2.0,4.0,2260053,1.0,1,1,1,4.0,,-1.0,0,1997.0,A01,138Â 207Â 997,1.0,0.0,-1.0,1725126,3.0,7,,0.0,2.0,9.0,B01,138Â 207Â 996,1.0
1010647,201900052178,8,18,12:30,1,2,1,2.0,4.0,92025,EUROPE (AV DE L'),M,"48,9263840","2,2436360",92,2019,50.0,1.0,2.0,4.0,2260053,1.0,1,1,1,4.0,,-1.0,0,1997.0,A01,138Â 207Â 997,1.0,0.0,-1.0,1725127,3.0,10,,0.0,2.0,1.0,A01,138Â 207Â 997,1.0