Unnamed: 0_x,num_acc,mois,jour,hrmn,lum,agg,int,atm,col,com,adr,gps,lat,long,dep,annee,vma,situ,surf,catr,Unnamed: 0_y,place,catu,grav,sexe,trajet,secu,locp,actp,an_nais,num_veh_x,id_vehicule_x,secu1,secu2,secu3,Unnamed: 0,senc,catv,occutc,obs,obsm,choc,num_veh_y,id_vehicule_y,motor
1010648,201900052179,8,21,17:45,1,2,3,1.0,3.0,92060,MOULIN DE LA TOUR (BOULEVARD DU),M,"48,7888500","2,2662900",92,2019,30.0,1.0,1.0,4.0,2260054,1.0,1,1,1,4.0,,-1.0,0,1998.0,A01,138Â 207Â 993,1.0,0.0,-1.0,1725128,0.0,10,,0.0,2.0,3.0,A01,138Â 207Â 993,1.0
1010648,201900052179,8,21,17:45,1,2,3,1.0,3.0,92060,MOULIN DE LA TOUR (BOULEVARD DU),M,"48,7888500","2,2662900",92,2019,30.0,1.0,1.0,4.0,2260054,1.0,1,1,1,4.0,,-1.0,0,1998.0,A01,138Â 207Â 993,1.0,0.0,-1.0,1725129,1.0,7,,0.0,2.0,6.0,B01,138Â 207Â 994,1.0
1010648,201900052179,8,21,17:45,1,2,3,1.0,3.0,92060,MOULIN DE LA TOUR (BOULEVARD DU),M,"48,7888500","2,2662900",92,2019,30.0,1.0,1.0,4.0,2260055,1.0,1,4,1,3.0,,-1.0,0,1980.0,B01,138Â 207Â 994,1.0,0.0,-1.0,1725128,0.0,10,,0.0,2.0,3.0,A01,138Â 207Â 993,1.0
1010648,201900052179,8,21,17:45,1,2,3,1.0,3.0,92060,MOULIN DE LA TOUR (BOULEVARD DU),M,"48,7888500","2,2662900",92,2019,30.0,1.0,1.0,4.0,2260055,1.0,1,4,1,3.0,,-1.0,0,1980.0,B01,138Â 207Â 994,1.0,0.0,-1.0,1725129,1.0,7,,0.0,2.0,6.0,B01,138Â 207Â 994,1.0
1010649,201900052180,8,21,13:50,1,2,1,1.0,6.0,92004,CHANZY ( RUE DE ),M,"48,9100400","2,2724900",92,2019,50.0,1.0,1.0,4.0,2260056,1.0,1,1,2,4.0,,-1.0,0,1975.0,A01,138Â 207Â 992,1.0,8.0,-1.0,1725130,3.0,10,,1.0,1.0,2.0,A01,138Â 207Â 992,1.0
1010649,201900052180,8,21,13:50,1,2,1,1.0,6.0,92004,CHANZY ( RUE DE ),M,"48,9100400","2,2724900",92,2019,50.0,1.0,1.0,4.0,2260057,10.0,3,4,1,9.0,,3.0,3,2014.0,A01,138Â 207Â 992,8.0,0.0,-1.0,1725130,3.0,10,,1.0,1.0,2.0,A01,138Â 207Â 992,1.0
1010650,201900052181,8,6,19:45,1,2,1,1.0,1.0,86165,32 Rue Charles Dubois,M,"46,4218900","0,8662360",86,2019,50.0,1.0,1.0,3.0,2260058,1.0,1,3,1,5.0,,0.0,0,2003.0,A01,138Â 207Â 988,0.0,-1.0,-1.0,1725131,2.0,1,,0.0,2.0,7.0,A01,138Â 207Â 988,5.0
1010650,201900052181,8,6,19:45,1,2,1,1.0,1.0,86165,32 Rue Charles Dubois,M,"46,4218900","0,8662360",86,2019,50.0,1.0,1.0,3.0,2260058,1.0,1,3,1,5.0,,0.0,0,2003.0,A01,138Â 207Â 988,0.0,-1.0,-1.0,1725132,1.0,7,,0.0,2.0,8.0,B01,138Â 207Â 989,1.0
1010650,201900052181,8,6,19:45,1,2,1,1.0,1.0,86165,32 Rue Charles Dubois,M,"46,4218900","0,8662360",86,2019,50.0,1.0,1.0,3.0,2260059,1.0,1,1,1,3.0,,0.0,0,1940.0,B01,138Â 207Â 989,1.0,-1.0,-1.0,1725131,2.0,1,,0.0,2.0,7.0,A01,138Â 207Â 988,5.0
1010650,201900052181,8,6,19:45,1,2,1,1.0,1.0,86165,32 Rue Charles Dubois,M,"46,4218900","0,8662360",86,2019,50.0,1.0,1.0,3.0,2260059,1.0,1,1,1,3.0,,0.0,0,1940.0,B01,138Â 207Â 989,1.0,-1.0,-1.0,1725132,1.0,7,,0.0,2.0,8.0,B01,138Â 207Â 989,1.0
1010651,201900052182,8,21,23:55,3,1,1,1.0,7.0,2A189,Vigna Maggiore,M,"41,6982690","8,8985830",2A,2019,80.0,1.0,1.0,2.0,2260060,2.0,2,3,2,5.0,,0.0,0,1992.0,A01,138Â 207Â 987,2.0,6.0,-1.0,1725133,2.0,33,,0.0,0.0,7.0,A01,138Â 207Â 987,1.0
1010651,201900052182,8,21,23:55,3,1,1,1.0,7.0,2A189,Vigna Maggiore,M,"41,6982690","8,8985830",2A,2019,80.0,1.0,1.0,2.0,2260061,1.0,1,4,1,5.0,,0.0,0,1989.0,A01,138Â 207Â 987,2.0,6.0,-1.0,1725133,2.0,33,,0.0,0.0,7.0,A01,138Â 207Â 987,1.0
1010652,201900052183,8,21,12:20,1,1,1,1.0,2.0,68156,83,M,"47,8946710","7,2571470",68,2019,110.0,1.0,1.0,3.0,2260062,9.0,2,1,2,5.0,,0.0,0,2017.0,B01,138Â 207Â 983,3.0,-1.0,-1.0,1725134,1.0,7,,0.0,0.0,4.0,B01,138Â 207Â 983,1.0
1010652,201900052183,8,21,12:20,1,1,1,1.0,2.0,68156,83,M,"47,8946710","7,2571470",68,2019,110.0,1.0,1.0,3.0,2260062,9.0,2,1,2,5.0,,0.0,0,2017.0,B01,138Â 207Â 983,3.0,-1.0,-1.0,1725135,1.0,7,,0.0,2.0,1.0,A01,138Â 207Â 984,1.0
1010652,201900052183,8,21,12:20,1,1,1,1.0,2.0,68156,83,M,"47,8946710","7,2571470",68,2019,110.0,1.0,1.0,3.0,2260063,1.0,1,4,2,5.0,,0.0,0,1995.0,B01,138Â 207Â 983,1.0,-1.0,-1.0,1725134,1.0,7,,0.0,0.0,4.0,B01,138Â 207Â 983,1.0
1010652,201900052183,8,21,12:20,1,1,1,1.0,2.0,68156,83,M,"47,8946710","7,2571470",68,2019,110.0,1.0,1.0,3.0,2260063,1.0,1,4,2,5.0,,0.0,0,1995.0,B01,138Â 207Â 983,1.0,-1.0,-1.0,1725135,1.0,7,,0.0,2.0,1.0,A01,138Â 207Â 984,1.0
1010652,201900052183,8,21,12:20,1,1,1,1.0,2.0,68156,83,M,"47,8946710","7,2571470",68,2019,110.0,1.0,1.0,3.0,2260064,1.0,1,1,2,1.0,,0.0,0,1997.0,A01,138Â 207Â 984,1.0,-1.0,-1.0,1725134,1.0,7,,0.0,0.0,4.0,B01,138Â 207Â 983,1.0
1010652,201900052183,8,21,12:20,1,1,1,1.0,2.0,68156,83,M,"47,8946710","7,2571470",68,2019,110.0,1.0,1.0,3.0,2260064,1.0,1,1,2,1.0,,0.0,0,1997.0,A01,138Â 207Â 984,1.0,-1.0,-1.0,1725135,1.0,7,,0.0,2.0,1.0,A01,138Â 207Â 984,1.0
1010653,201900052184,8,21,11:58,1,1,1,1.0,1.0,67116,D210,M,"48,3105220","7,5372410",67,2019,80.0,1.0,1.0,3.0,2260065,1.0,1,4,1,0.0,,0.0,0,1982.0,B01,138Â 207Â 980,1.0,-1.0,-1.0,1725136,2.0,7,,0.0,2.0,1.0,B01,138Â 207Â 980,1.0
1010653,201900052184,8,21,11:58,1,1,1,1.0,1.0,67116,D210,M,"48,3105220","7,5372410",67,2019,80.0,1.0,1.0,3.0,2260065,1.0,1,4,1,0.0,,0.0,0,1982.0,B01,138Â 207Â 980,1.0,-1.0,-1.0,1725137,1.0,7,,0.0,2.0,1.0,A01,138Â 207Â 981,1.0
1010653,201900052184,8,21,11:58,1,1,1,1.0,1.0,67116,D210,M,"48,3105220","7,5372410",67,2019,80.0,1.0,1.0,3.0,2260066,1.0,1,3,2,0.0,,0.0,0,1971.0,A01,138Â 207Â 981,1.0,-1.0,-1.0,1725136,2.0,7,,0.0,2.0,1.0,B01,138Â 207Â 980,1.0
1010653,201900052184,8,21,11:58,1,1,1,1.0,1.0,67116,D210,M,"48,3105220","7,5372410",67,2019,80.0,1.0,1.0,3.0,2260066,1.0,1,3,2,0.0,,0.0,0,1971.0,A01,138Â 207Â 981,1.0,-1.0,-1.0,1725137,1.0,7,,0.0,2.0,1.0,A01,138Â 207Â 981,1.0
1010654,201900052185,8,15,15:45,1,2,1,1.0,1.0,83019,Route du Baguier,M,"43,1567020","6,3449770",83,2019,-1.0,1.0,1.0,9.0,2260067,1.0,1,1,1,5.0,,0.0,0,1962.0,B01,138Â 207Â 978,1.0,-1.0,-1.0,1725138,3.0,7,,0.0,2.0,1.0,B01,138Â 207Â 978,1.0
1010654,201900052185,8,15,15:45,1,2,1,1.0,1.0,83019,Route du Baguier,M,"43,1567020","6,3449770",83,2019,-1.0,1.0,1.0,9.0,2260067,1.0,1,1,1,5.0,,0.0,0,1962.0,B01,138Â 207Â 978,1.0,-1.0,-1.0,1725139,3.0,7,,0.0,2.0,1.0,A01,138Â 207Â 979,1.0
1010654,201900052185,8,15,15:45,1,2,1,1.0,1.0,83019,Route du Baguier,M,"43,1567020","6,3449770",83,2019,-1.0,1.0,1.0,9.0,2260068,2.0,2,4,2,5.0,,0.0,0,1965.0,B01,138Â 207Â 978,1.0,-1.0,-1.0,1725138,3.0,7,,0.0,2.0,1.0,B01,138Â 207Â 978,1.0
1010654,201900052185,8,15,15:45,1,2,1,1.0,1.0,83019,Route du Baguier,M,"43,1567020","6,3449770",83,2019,-1.0,1.0,1.0,9.0,2260068,2.0,2,4,2,5.0,,0.0,0,1965.0,B01,138Â 207Â 978,1.0,-1.0,-1.0,1725139,3.0,7,,0.0,2.0,1.0,A01,138Â 207Â 979,1.0
1010654,201900052185,8,15,15:45,1,2,1,1.0,1.0,83019,Route du Baguier,M,"43,1567020","6,3449770",83,2019,-1.0,1.0,1.0,9.0,2260069,1.0,1,1,1,5.0,,0.0,0,1997.0,A01,138Â 207Â 979,1.0,-1.0,-1.0,1725138,3.0,7,,0.0,2.0,1.0,B01,138Â 207Â 978,1.0
1010654,201900052185,8,15,15:45,1,2,1,1.0,1.0,83019,Route du Baguier,M,"43,1567020","6,3449770",83,2019,-1.0,1.0,1.0,9.0,2260069,1.0,1,1,1,5.0,,0.0,0,1997.0,A01,138Â 207Â 979,1.0,-1.0,-1.0,1725139,3.0,7,,0.0,2.0,1.0,A01,138Â 207Â 979,1.0
1010654,201900052185,8,15,15:45,1,2,1,1.0,1.0,83019,Route du Baguier,M,"43,1567020","6,3449770",83,2019,-1.0,1.0,1.0,9.0,2260070,9.0,2,3,2,5.0,,0.0,0,2000.0,A01,138Â 207Â 979,1.0,-1.0,-1.0,1725138,3.0,7,,0.0,2.0,1.0,B01,138Â 207Â 978,1.0
1010654,201900052185,8,15,15:45,1,2,1,1.0,1.0,83019,Route du Baguier,M,"43,1567020","6,3449770",83,2019,-1.0,1.0,1.0,9.0,2260070,9.0,2,3,2,5.0,,0.0,0,2000.0,A01,138Â 207Â 979,1.0,-1.0,-1.0,1725139,3.0,7,,0.0,2.0,1.0,A01,138Â 207Â 979,1.0
1010654,201900052185,8,15,15:45,1,2,1,1.0,1.0,83019,Route du Baguier,M,"43,1567020","6,3449770",83,2019,-1.0,1.0,1.0,9.0,2260071,2.0,2,1,1,5.0,,0.0,0,2000.0,A01,138Â 207Â 979,1.0,-1.0,-1.0,1725138,3.0,7,,0.0,2.0,1.0,B01,138Â 207Â 978,1.0
1010654,201900052185,8,15,15:45,1,2,1,1.0,1.0,83019,Route du Baguier,M,"43,1567020","6,3449770",83,2019,-1.0,1.0,1.0,9.0,2260071,2.0,2,1,1,5.0,,0.0,0,2000.0,A01,138Â 207Â 979,1.0,-1.0,-1.0,1725139,3.0,7,,0.0,2.0,1.0,A01,138Â 207Â 979,1.0
1010655,201900052186,8,19,17:30,1,1,9,1.0,7.0,63052,A 75 - PK 40+800 sens sud Nord  - Echangeur 17,M,"45,4631700","3,2559090",63,2019,90.0,1.0,1.0,1.0,2260072,1.0,1,4,2,1.0,,0.0,0,2000.0,A01,138Â 207Â 977,1.0,-1.0,-1.0,1725140,2.0,7,,3.0,0.0,1.0,A01,138Â 207Â 977,1.0
1010656,201900052187,8,20,20:00,2,1,1,1.0,7.0,22175,Saint-Aubin,M,"48,4843350"," -2,3741680",22,2019,80.0,1.0,1.0,3.0,2260073,1.0,1,3,1,1.0,,0.0,0,1971.0,A01,138Â 207Â 976,2.0,6.0,-1.0,1725141,2.0,33,,0.0,0.0,8.0,A01,138Â 207Â 976,1.0
1010657,201900052188,8,21,17:25,1,1,1,1.0,6.0,37166,A10,M,"47,5131760","0,9032630",37,2019,130.0,8.0,1.0,1.0,2260074,1.0,1,3,1,1.0,,-1.0, -1,1968.0,A01,138Â 207Â 974,0.0,-1.0,-1.0,1725142,1.0,7,,0.0,0.0,6.0,A01,138Â 207Â 974,1.0
1010657,201900052188,8,21,17:25,1,1,1,1.0,6.0,37166,A10,M,"47,5131760","0,9032630",37,2019,130.0,8.0,1.0,1.0,2260074,1.0,1,3,1,1.0,,-1.0, -1,1968.0,A01,138Â 207Â 974,0.0,-1.0,-1.0,1725143,1.0,17,,1.0,1.0,5.0,B01,138Â 207Â 975,1.0
1010657,201900052188,8,21,17:25,1,1,1,1.0,6.0,37166,A10,M,"47,5131760","0,9032630",37,2019,130.0,8.0,1.0,1.0,2260075,1.0,1,1,1,4.0,,0.0,0,1967.0,B01,138Â 207Â 975,1.0,-1.0,-1.0,1725142,1.0,7,,0.0,0.0,6.0,A01,138Â 207Â 974,1.0
1010657,201900052188,8,21,17:25,1,1,1,1.0,6.0,37166,A10,M,"47,5131760","0,9032630",37,2019,130.0,8.0,1.0,1.0,2260075,1.0,1,1,1,4.0,,0.0,0,1967.0,B01,138Â 207Â 975,1.0,-1.0,-1.0,1725143,1.0,17,,1.0,1.0,5.0,B01,138Â 207Â 975,1.0
1010658,201900052189,8,21,16:50,1,1,1,1.0,6.0,34217,D68,M,"43,7281680","3,8648150",34,2019,80.0,1.0,1.0,3.0,2260076,2.0,2,1,2,0.0,,0.0,0,1963.0,B01,138Â 207Â 972,2.0,6.0,-1.0,1725144,2.0,33,,0.0,2.0,8.0,B01,138Â 207Â 972,1.0
1010658,201900052189,8,21,16:50,1,1,1,1.0,6.0,34217,D68,M,"43,7281680","3,8648150",34,2019,80.0,1.0,1.0,3.0,2260076,2.0,2,1,2,0.0,,0.0,0,1963.0,B01,138Â 207Â 972,2.0,6.0,-1.0,1725145,1.0,7,,0.0,2.0,8.0,A01,138Â 207Â 973,1.0
1010658,201900052189,8,21,16:50,1,1,1,1.0,6.0,34217,D68,M,"43,7281680","3,8648150",34,2019,80.0,1.0,1.0,3.0,2260077,1.0,1,3,2,0.0,,0.0,0,1963.0,B01,138Â 207Â 972,2.0,6.0,-1.0,1725144,2.0,33,,0.0,2.0,8.0,B01,138Â 207Â 972,1.0
1010658,201900052189,8,21,16:50,1,1,1,1.0,6.0,34217,D68,M,"43,7281680","3,8648150",34,2019,80.0,1.0,1.0,3.0,2260077,1.0,1,3,2,0.0,,0.0,0,1963.0,B01,138Â 207Â 972,2.0,6.0,-1.0,1725145,1.0,7,,0.0,2.0,8.0,A01,138Â 207Â 973,1.0
1010658,201900052189,8,21,16:50,1,1,1,1.0,6.0,34217,D68,M,"43,7281680","3,8648150",34,2019,80.0,1.0,1.0,3.0,2260078,1.0,1,1,1,5.0,,0.0,0,1986.0,A01,138Â 207Â 973,1.0,-1.0,-1.0,1725144,2.0,33,,0.0,2.0,8.0,B01,138Â 207Â 972,1.0
1010658,201900052189,8,21,16:50,1,1,1,1.0,6.0,34217,D68,M,"43,7281680","3,8648150",34,2019,80.0,1.0,1.0,3.0,2260078,1.0,1,1,1,5.0,,0.0,0,1986.0,A01,138Â 207Â 973,1.0,-1.0,-1.0,1725145,1.0,7,,0.0,2.0,8.0,A01,138Â 207Â 973,1.0
1010659,201900052190,8,21,16:30,1,1,1,1.0,6.0,83031,"RD17, PR 12b",M,"43,3911860","6,3403720",83,2019,80.0,8.0,1.0,3.0,2260079,1.0,1,3,1,1.0,,0.0,0,1968.0,A01,138Â 207Â 971,2.0,6.0,-1.0,1725146,1.0,33,,13.0,0.0,1.0,A01,138Â 207Â 971,0.0
1010660,201900052191,8,22,08:55,1,1,2,1.0,3.0,19202,D44,M,"45,2193210","1,5856190",19,2019,80.0,1.0,1.0,3.0,2260080,1.0,1,4,1,1.0,,0.0,0,1979.0,B01,138Â 207Â 969,1.0,-1.0,-1.0,1725147,1.0,7,,0.0,2.0,1.0,B01,138Â 207Â 969,1.0
1010660,201900052191,8,22,08:55,1,1,2,1.0,3.0,19202,D44,M,"45,2193210","1,5856190",19,2019,80.0,1.0,1.0,3.0,2260080,1.0,1,4,1,1.0,,0.0,0,1979.0,B01,138Â 207Â 969,1.0,-1.0,-1.0,1725148,3.0,7,,0.0,2.0,8.0,A01,138Â 207Â 970,1.0
1010660,201900052191,8,22,08:55,1,1,2,1.0,3.0,19202,D44,M,"45,2193210","1,5856190",19,2019,80.0,1.0,1.0,3.0,2260081,1.0,1,3,2,5.0,,0.0,0,1950.0,A01,138Â 207Â 970,1.0,-1.0,-1.0,1725147,1.0,7,,0.0,2.0,1.0,B01,138Â 207Â 969,1.0
1010660,201900052191,8,22,08:55,1,1,2,1.0,3.0,19202,D44,M,"45,2193210","1,5856190",19,2019,80.0,1.0,1.0,3.0,2260081,1.0,1,3,2,5.0,,0.0,0,1950.0,A01,138Â 207Â 970,1.0,-1.0,-1.0,1725148,3.0,7,,0.0,2.0,8.0,A01,138Â 207Â 970,1.0
1010661,201900052192,8,18,16:14,1,1,1,1.0,7.0,56063,Rue de Kergornet,M,"47,8078000"," -3,4350000",56,2019,80.0,1.0,1.0,3.0,2260082,1.0,1,3,1,5.0,,0.0,0,1989.0,A01,138Â 207Â 968,0.0,-1.0,-1.0,1725149,2.0,33,,13.0,0.0,1.0,A01,138Â 207Â 968,1.0
1010662,201900052193,8,22,11:30,1,2,3,1.0,3.0,74215,120 Route de MegÃ¨ve,M,"45,8382793","6,5728734",74,2019,30.0,1.0,1.0,3.0,2260083,1.0,1,4,2,5.0,,0.0,0,1986.0,B01,138Â 207Â 966,2.0,-1.0,-1.0,1725150,1.0,33,,0.0,2.0,2.0,B01,138Â 207Â 966,1.0
1010662,201900052193,8,22,11:30,1,2,3,1.0,3.0,74215,120 Route de MegÃ¨ve,M,"45,8382793","6,5728734",74,2019,30.0,1.0,1.0,3.0,2260083,1.0,1,4,2,5.0,,0.0,0,1986.0,B01,138Â 207Â 966,2.0,-1.0,-1.0,1725151,1.0,7,,0.0,0.0,3.0,A01,138Â 207Â 967,1.0
1010662,201900052193,8,22,11:30,1,2,3,1.0,3.0,74215,120 Route de MegÃ¨ve,M,"45,8382793","6,5728734",74,2019,30.0,1.0,1.0,3.0,2260084,1.0,1,1,1,5.0,,0.0,0,1947.0,A01,138Â 207Â 967,1.0,-1.0,-1.0,1725150,1.0,33,,0.0,2.0,2.0,B01,138Â 207Â 966,1.0
1010662,201900052193,8,22,11:30,1,2,3,1.0,3.0,74215,120 Route de MegÃ¨ve,M,"45,8382793","6,5728734",74,2019,30.0,1.0,1.0,3.0,2260084,1.0,1,1,1,5.0,,0.0,0,1947.0,A01,138Â 207Â 967,1.0,-1.0,-1.0,1725151,1.0,7,,0.0,0.0,3.0,A01,138Â 207Â 967,1.0
1010662,201900052193,8,22,11:30,1,2,3,1.0,3.0,74215,120 Route de MegÃ¨ve,M,"45,8382793","6,5728734",74,2019,30.0,1.0,1.0,3.0,2260085,2.0,2,1,2,5.0,,0.0,0,1949.0,A01,138Â 207Â 967,1.0,-1.0,-1.0,1725150,1.0,33,,0.0,2.0,2.0,B01,138Â 207Â 966,1.0
1010662,201900052193,8,22,11:30,1,2,3,1.0,3.0,74215,120 Route de MegÃ¨ve,M,"45,8382793","6,5728734",74,2019,30.0,1.0,1.0,3.0,2260085,2.0,2,1,2,5.0,,0.0,0,1949.0,A01,138Â 207Â 967,1.0,-1.0,-1.0,1725151,1.0,7,,0.0,0.0,3.0,A01,138Â 207Â 967,1.0
1010663,201900052194,8,21,21:15,3,1,1,1.0,1.0,2A031,ROUTE DÃPARTEMENTALE 27,M,"41,9829160","9,0198620",2A,2019,80.0,1.0,1.0,3.0,2260086,1.0,1,4,2,5.0,,0.0,0,1996.0,B01,138Â 207Â 964,1.0,-1.0,-1.0,1725152,2.0,7,,0.0,2.0,3.0,B01,138Â 207Â 964,1.0
1010663,201900052194,8,21,21:15,3,1,1,1.0,1.0,2A031,ROUTE DÃPARTEMENTALE 27,M,"41,9829160","9,0198620",2A,2019,80.0,1.0,1.0,3.0,2260086,1.0,1,4,2,5.0,,0.0,0,1996.0,B01,138Â 207Â 964,1.0,-1.0,-1.0,1725153,1.0,7,,0.0,2.0,3.0,A01,138Â 207Â 965,1.0
1010663,201900052194,8,21,21:15,3,1,1,1.0,1.0,2A031,ROUTE DÃPARTEMENTALE 27,M,"41,9829160","9,0198620",2A,2019,80.0,1.0,1.0,3.0,2260087,2.0,2,4,2,5.0,,0.0,0,1997.0,B01,138Â 207Â 964,1.0,-1.0,-1.0,1725152,2.0,7,,0.0,2.0,3.0,B01,138Â 207Â 964,1.0
1010663,201900052194,8,21,21:15,3,1,1,1.0,1.0,2A031,ROUTE DÃPARTEMENTALE 27,M,"41,9829160","9,0198620",2A,2019,80.0,1.0,1.0,3.0,2260087,2.0,2,4,2,5.0,,0.0,0,1997.0,B01,138Â 207Â 964,1.0,-1.0,-1.0,1725153,1.0,7,,0.0,2.0,3.0,A01,138Â 207Â 965,1.0
1010663,201900052194,8,21,21:15,3,1,1,1.0,1.0,2A031,ROUTE DÃPARTEMENTALE 27,M,"41,9829160","9,0198620",2A,2019,80.0,1.0,1.0,3.0,2260088,1.0,1,4,1,5.0,,0.0,0,1983.0,A01,138Â 207Â 965,1.0,-1.0,-1.0,1725152,2.0,7,,0.0,2.0,3.0,B01,138Â 207Â 964,1.0
1010663,201900052194,8,21,21:15,3,1,1,1.0,1.0,2A031,ROUTE DÃPARTEMENTALE 27,M,"41,9829160","9,0198620",2A,2019,80.0,1.0,1.0,3.0,2260088,1.0,1,4,1,5.0,,0.0,0,1983.0,A01,138Â 207Â 965,1.0,-1.0,-1.0,1725153,1.0,7,,0.0,2.0,3.0,A01,138Â 207Â 965,1.0
1010664,201900052195,8,22,18:00,1,2,2,7.0,3.0,61389,Grande Rue,M,"48,7142620","0,4291540",61,2019,50.0,1.0,1.0,3.0,2260089,1.0,1,1,1,4.0,,0.0,0,1952.0,A01,138Â 207Â 961,1.0,-1.0,-1.0,1725154,1.0,7,,0.0,2.0,3.0,A01,138Â 207Â 961,1.0
1010664,201900052195,8,22,18:00,1,2,2,7.0,3.0,61389,Grande Rue,M,"48,7142620","0,4291540",61,2019,50.0,1.0,1.0,3.0,2260089,1.0,1,1,1,4.0,,0.0,0,1952.0,A01,138Â 207Â 961,1.0,-1.0,-1.0,1725155,2.0,33,,0.0,2.0,1.0,B01,138Â 207Â 962,1.0
1010664,201900052195,8,22,18:00,1,2,2,7.0,3.0,61389,Grande Rue,M,"48,7142620","0,4291540",61,2019,50.0,1.0,1.0,3.0,2260090,1.0,1,3,1,5.0,,0.0,0,1995.0,B01,138Â 207Â 962,2.0,6.0,-1.0,1725154,1.0,7,,0.0,2.0,3.0,A01,138Â 207Â 961,1.0
1010664,201900052195,8,22,18:00,1,2,2,7.0,3.0,61389,Grande Rue,M,"48,7142620","0,4291540",61,2019,50.0,1.0,1.0,3.0,2260090,1.0,1,3,1,5.0,,0.0,0,1995.0,B01,138Â 207Â 962,2.0,6.0,-1.0,1725155,2.0,33,,0.0,2.0,1.0,B01,138Â 207Â 962,1.0
1010665,201900052196,8,22,10:30,1,1,1,1.0,1.0,34018,d909,M,"43,4978980","3,1876310",34,2019,80.0,1.0,1.0,3.0,2260091,1.0,1,3,2,0.0,,0.0,0,1988.0,A01,138Â 207Â 959,1.0,-1.0,-1.0,1725156,1.0,7,,0.0,2.0,1.0,A01,138Â 207Â 959,1.0
1010665,201900052196,8,22,10:30,1,1,1,1.0,1.0,34018,d909,M,"43,4978980","3,1876310",34,2019,80.0,1.0,1.0,3.0,2260091,1.0,1,3,2,0.0,,0.0,0,1988.0,A01,138Â 207Â 959,1.0,-1.0,-1.0,1725157,2.0,7,,0.0,2.0,1.0,B01,138Â 207Â 960,1.0
1010665,201900052196,8,22,10:30,1,1,1,1.0,1.0,34018,d909,M,"43,4978980","3,1876310",34,2019,80.0,1.0,1.0,3.0,2260092,5.0,2,3,1,0.0,,0.0,0,2010.0,A01,138Â 207Â 959,1.0,-1.0,-1.0,1725156,1.0,7,,0.0,2.0,1.0,A01,138Â 207Â 959,1.0
1010665,201900052196,8,22,10:30,1,1,1,1.0,1.0,34018,d909,M,"43,4978980","3,1876310",34,2019,80.0,1.0,1.0,3.0,2260092,5.0,2,3,1,0.0,,0.0,0,2010.0,A01,138Â 207Â 959,1.0,-1.0,-1.0,1725157,2.0,7,,0.0,2.0,1.0,B01,138Â 207Â 960,1.0
1010665,201900052196,8,22,10:30,1,1,1,1.0,1.0,34018,d909,M,"43,4978980","3,1876310",34,2019,80.0,1.0,1.0,3.0,2260093,2.0,2,3,1,0.0,,0.0,0,2007.0,A01,138Â 207Â 959,1.0,-1.0,-1.0,1725156,1.0,7,,0.0,2.0,1.0,A01,138Â 207Â 959,1.0
1010665,201900052196,8,22,10:30,1,1,1,1.0,1.0,34018,d909,M,"43,4978980","3,1876310",34,2019,80.0,1.0,1.0,3.0,2260093,2.0,2,3,1,0.0,,0.0,0,2007.0,A01,138Â 207Â 959,1.0,-1.0,-1.0,1725157,2.0,7,,0.0,2.0,1.0,B01,138Â 207Â 960,1.0
1010665,201900052196,8,22,10:30,1,1,1,1.0,1.0,34018,d909,M,"43,4978980","3,1876310",34,2019,80.0,1.0,1.0,3.0,2260094,3.0,2,1,2,0.0,,0.0,0,2016.0,A01,138Â 207Â 959,1.0,-1.0,-1.0,1725156,1.0,7,,0.0,2.0,1.0,A01,138Â 207Â 959,1.0
1010665,201900052196,8,22,10:30,1,1,1,1.0,1.0,34018,d909,M,"43,4978980","3,1876310",34,2019,80.0,1.0,1.0,3.0,2260094,3.0,2,1,2,0.0,,0.0,0,2016.0,A01,138Â 207Â 959,1.0,-1.0,-1.0,1725157,2.0,7,,0.0,2.0,1.0,B01,138Â 207Â 960,1.0
1010665,201900052196,8,22,10:30,1,1,1,1.0,1.0,34018,d909,M,"43,4978980","3,1876310",34,2019,80.0,1.0,1.0,3.0,2260095,4.0,2,3,1,0.0,,0.0,0,2011.0,A01,138Â 207Â 959,1.0,-1.0,-1.0,1725156,1.0,7,,0.0,2.0,1.0,A01,138Â 207Â 959,1.0
1010665,201900052196,8,22,10:30,1,1,1,1.0,1.0,34018,d909,M,"43,4978980","3,1876310",34,2019,80.0,1.0,1.0,3.0,2260095,4.0,2,3,1,0.0,,0.0,0,2011.0,A01,138Â 207Â 959,1.0,-1.0,-1.0,1725157,2.0,7,,0.0,2.0,1.0,B01,138Â 207Â 960,1.0
1010665,201900052196,8,22,10:30,1,1,1,1.0,1.0,34018,d909,M,"43,4978980","3,1876310",34,2019,80.0,1.0,1.0,3.0,2260096,1.0,1,3,2,0.0,,0.0,0,1953.0,B01,138Â 207Â 960,1.0,-1.0,-1.0,1725156,1.0,7,,0.0,2.0,1.0,A01,138Â 207Â 959,1.0
1010665,201900052196,8,22,10:30,1,1,1,1.0,1.0,34018,d909,M,"43,4978980","3,1876310",34,2019,80.0,1.0,1.0,3.0,2260096,1.0,1,3,2,0.0,,0.0,0,1953.0,B01,138Â 207Â 960,1.0,-1.0,-1.0,1725157,2.0,7,,0.0,2.0,1.0,B01,138Â 207Â 960,1.0
1010666,201900052197,8,22,10:15,1,2,1,1.0,1.0,15153,21 avenue du puy mary,M,"45,1395010","2,2302690",15,2019,50.0,1.0,1.0,3.0,2260097,1.0,1,1,2,5.0,,0.0,0,1947.0,A01,138Â 207Â 957,1.0,-1.0,-1.0,1725158,1.0,7,,0.0,9.0,3.0,A01,138Â 207Â 957,1.0