Unnamed: 0_x,num_acc,mois,jour,hrmn,lum,agg,int,atm,col,com,adr,gps,lat,long,dep,annee,vma,situ,surf,catr,Unnamed: 0_y,place,catu,grav,sexe,trajet,secu,locp,actp,an_nais,num_veh_x,id_vehicule_x,secu1,secu2,secu3,Unnamed: 0,senc,catv,occutc,obs,obsm,choc,num_veh_y,id_vehicule_y,motor
1010666,201900052197,8,22,10:15,1,2,1,1.0,1.0,15153,21 avenue du puy mary,M,"45,1395010","2,2302690",15,2019,50.0,1.0,1.0,3.0,2260097,1.0,1,1,2,5.0,,0.0,0,1947.0,A01,138Â 207Â 957,1.0,-1.0,-1.0,1725159,2.0,1,,0.0,2.0,1.0,B01,138Â 207Â 958,5.0
1010666,201900052197,8,22,10:15,1,2,1,1.0,1.0,15153,21 avenue du puy mary,M,"45,1395010","2,2302690",15,2019,50.0,1.0,1.0,3.0,2260098,1.0,1,4,2,5.0,,0.0,0,1965.0,B01,138Â 207Â 958,2.0,6.0,-1.0,1725158,1.0,7,,0.0,9.0,3.0,A01,138Â 207Â 957,1.0
1010666,201900052197,8,22,10:15,1,2,1,1.0,1.0,15153,21 avenue du puy mary,M,"45,1395010","2,2302690",15,2019,50.0,1.0,1.0,3.0,2260098,1.0,1,4,2,5.0,,0.0,0,1965.0,B01,138Â 207Â 958,2.0,6.0,-1.0,1725159,2.0,1,,0.0,2.0,1.0,B01,138Â 207Â 958,5.0
1010667,201900052198,8,21,15:00,1,1,1,1.0,3.0,01073,RD 37,M,"45,8452740","5,7360790",1,2019,80.0,1.0,1.0,3.0,2260099,1.0,1,3,1,5.0,,0.0,0,1994.0,A01,138Â 207Â 955,1.0,-1.0,-1.0,1725160,2.0,7,,0.0,2.0,8.0,A01,138Â 207Â 955,1.0
1010667,201900052198,8,21,15:00,1,1,1,1.0,3.0,01073,RD 37,M,"45,8452740","5,7360790",1,2019,80.0,1.0,1.0,3.0,2260099,1.0,1,3,1,5.0,,0.0,0,1994.0,A01,138Â 207Â 955,1.0,-1.0,-1.0,1725161,2.0,7,,0.0,2.0,1.0,B01,138Â 207Â 956,1.0
1010667,201900052198,8,21,15:00,1,1,1,1.0,3.0,01073,RD 37,M,"45,8452740","5,7360790",1,2019,80.0,1.0,1.0,3.0,2260100,1.0,1,3,1,5.0,,0.0,0,1960.0,B01,138Â 207Â 956,1.0,-1.0,-1.0,1725160,2.0,7,,0.0,2.0,8.0,A01,138Â 207Â 955,1.0
1010667,201900052198,8,21,15:00,1,1,1,1.0,3.0,01073,RD 37,M,"45,8452740","5,7360790",1,2019,80.0,1.0,1.0,3.0,2260100,1.0,1,3,1,5.0,,0.0,0,1960.0,B01,138Â 207Â 956,1.0,-1.0,-1.0,1725161,2.0,7,,0.0,2.0,1.0,B01,138Â 207Â 956,1.0
1010667,201900052198,8,21,15:00,1,1,1,1.0,3.0,01073,RD 37,M,"45,8452740","5,7360790",1,2019,80.0,1.0,1.0,3.0,2260101,9.0,2,4,1,5.0,,0.0,0,1993.0,B01,138Â 207Â 956,1.0,-1.0,-1.0,1725160,2.0,7,,0.0,2.0,8.0,A01,138Â 207Â 955,1.0
1010667,201900052198,8,21,15:00,1,1,1,1.0,3.0,01073,RD 37,M,"45,8452740","5,7360790",1,2019,80.0,1.0,1.0,3.0,2260101,9.0,2,4,1,5.0,,0.0,0,1993.0,B01,138Â 207Â 956,1.0,-1.0,-1.0,1725161,2.0,7,,0.0,2.0,1.0,B01,138Â 207Â 956,1.0
1010667,201900052198,8,21,15:00,1,1,1,1.0,3.0,01073,RD 37,M,"45,8452740","5,7360790",1,2019,80.0,1.0,1.0,3.0,2260102,2.0,2,4,2,5.0,,0.0,0,2001.0,B01,138Â 207Â 956,1.0,-1.0,-1.0,1725160,2.0,7,,0.0,2.0,8.0,A01,138Â 207Â 955,1.0
1010667,201900052198,8,21,15:00,1,1,1,1.0,3.0,01073,RD 37,M,"45,8452740","5,7360790",1,2019,80.0,1.0,1.0,3.0,2260102,2.0,2,4,2,5.0,,0.0,0,2001.0,B01,138Â 207Â 956,1.0,-1.0,-1.0,1725161,2.0,7,,0.0,2.0,1.0,B01,138Â 207Â 956,1.0
1010667,201900052198,8,21,15:00,1,1,1,1.0,3.0,01073,RD 37,M,"45,8452740","5,7360790",1,2019,80.0,1.0,1.0,3.0,2260103,2.0,2,2,1,5.0,,0.0,0,1995.0,B01,138Â 207Â 956,0.0,-1.0,-1.0,1725160,2.0,7,,0.0,2.0,8.0,A01,138Â 207Â 955,1.0
1010667,201900052198,8,21,15:00,1,1,1,1.0,3.0,01073,RD 37,M,"45,8452740","5,7360790",1,2019,80.0,1.0,1.0,3.0,2260103,2.0,2,2,1,5.0,,0.0,0,1995.0,B01,138Â 207Â 956,0.0,-1.0,-1.0,1725161,2.0,7,,0.0,2.0,1.0,B01,138Â 207Â 956,1.0
1010668,201900052199,8,22,16:10,1,1,2,1.0,3.0,01337,D933,M,"46,4463310","4,9471220",1,2019,80.0,1.0,1.0,3.0,2260104,1.0,1,1,2,5.0,,0.0,0,1993.0,A01,138Â 207Â 953,1.0,-1.0,-1.0,1725162,1.0,7,,0.0,2.0,7.0,A01,138Â 207Â 953,1.0
1010668,201900052199,8,22,16:10,1,1,2,1.0,3.0,01337,D933,M,"46,4463310","4,9471220",1,2019,80.0,1.0,1.0,3.0,2260104,1.0,1,1,2,5.0,,0.0,0,1993.0,A01,138Â 207Â 953,1.0,-1.0,-1.0,1725163,2.0,32,,0.0,2.0,1.0,B01,138Â 207Â 954,1.0
1010668,201900052199,8,22,16:10,1,1,2,1.0,3.0,01337,D933,M,"46,4463310","4,9471220",1,2019,80.0,1.0,1.0,3.0,2260105,1.0,1,2,1,5.0,,0.0,0,1979.0,B01,138Â 207Â 954,2.0,9.0,-1.0,1725162,1.0,7,,0.0,2.0,7.0,A01,138Â 207Â 953,1.0
1010668,201900052199,8,22,16:10,1,1,2,1.0,3.0,01337,D933,M,"46,4463310","4,9471220",1,2019,80.0,1.0,1.0,3.0,2260105,1.0,1,2,1,5.0,,0.0,0,1979.0,B01,138Â 207Â 954,2.0,9.0,-1.0,1725163,2.0,32,,0.0,2.0,1.0,B01,138Â 207Â 954,1.0
1010669,201900052200,8,16,10:15,1,1,1,7.0,1.0,58271,"D128 - lieu-dit ""vaux""",M,"47,3408330","3,6869950",58,2019,80.0,3.0,1.0,3.0,2260106,2.0,2,3,2,5.0,,0.0,0,1954.0,B01,138Â 207Â 951,1.0,-1.0,-1.0,1725164,3.0,7,,0.0,2.0,3.0,B01,138Â 207Â 951,1.0
1010669,201900052200,8,16,10:15,1,1,1,7.0,1.0,58271,"D128 - lieu-dit ""vaux""",M,"47,3408330","3,6869950",58,2019,80.0,3.0,1.0,3.0,2260106,2.0,2,3,2,5.0,,0.0,0,1954.0,B01,138Â 207Â 951,1.0,-1.0,-1.0,1725165,3.0,7,,0.0,2.0,3.0,A01,138Â 207Â 952,1.0
1010669,201900052200,8,16,10:15,1,1,1,7.0,1.0,58271,"D128 - lieu-dit ""vaux""",M,"47,3408330","3,6869950",58,2019,80.0,3.0,1.0,3.0,2260107,1.0,1,4,1,5.0,,0.0,0,1950.0,B01,138Â 207Â 951,1.0,-1.0,-1.0,1725164,3.0,7,,0.0,2.0,3.0,B01,138Â 207Â 951,1.0
1010669,201900052200,8,16,10:15,1,1,1,7.0,1.0,58271,"D128 - lieu-dit ""vaux""",M,"47,3408330","3,6869950",58,2019,80.0,3.0,1.0,3.0,2260107,1.0,1,4,1,5.0,,0.0,0,1950.0,B01,138Â 207Â 951,1.0,-1.0,-1.0,1725165,3.0,7,,0.0,2.0,3.0,A01,138Â 207Â 952,1.0
1010669,201900052200,8,16,10:15,1,1,1,7.0,1.0,58271,"D128 - lieu-dit ""vaux""",M,"47,3408330","3,6869950",58,2019,80.0,3.0,1.0,3.0,2260108,1.0,1,1,2,4.0,,0.0,0,1975.0,A01,138Â 207Â 952,1.0,-1.0,-1.0,1725164,3.0,7,,0.0,2.0,3.0,B01,138Â 207Â 951,1.0
1010669,201900052200,8,16,10:15,1,1,1,7.0,1.0,58271,"D128 - lieu-dit ""vaux""",M,"47,3408330","3,6869950",58,2019,80.0,3.0,1.0,3.0,2260108,1.0,1,1,2,4.0,,0.0,0,1975.0,A01,138Â 207Â 952,1.0,-1.0,-1.0,1725165,3.0,7,,0.0,2.0,3.0,A01,138Â 207Â 952,1.0
1010670,201900052201,8,21,10:45,1,2,1,1.0,3.0,58095,11 Rue Joseph Boigues,M,"46,8280600","3,4733230",58,2019,50.0,1.0,1.0,4.0,2260109,1.0,1,4,1,5.0,,0.0,0,1942.0,B01,138Â 207Â 949,0.0,-1.0,-1.0,1725166,1.0,7,,0.0,2.0,3.0,B01,138Â 207Â 949,1.0
1010670,201900052201,8,21,10:45,1,2,1,1.0,3.0,58095,11 Rue Joseph Boigues,M,"46,8280600","3,4733230",58,2019,50.0,1.0,1.0,4.0,2260109,1.0,1,4,1,5.0,,0.0,0,1942.0,B01,138Â 207Â 949,0.0,-1.0,-1.0,1725167,2.0,7,,1.0,0.0,3.0,A01,138Â 207Â 950,1.0
1010670,201900052201,8,21,10:45,1,2,1,1.0,3.0,58095,11 Rue Joseph Boigues,M,"46,8280600","3,4733230",58,2019,50.0,1.0,1.0,4.0,2260110,1.0,1,1,1,0.0,,0.0,0,1949.0,A01,138Â 207Â 950,8.0,-1.0,-1.0,1725166,1.0,7,,0.0,2.0,3.0,B01,138Â 207Â 949,1.0
1010670,201900052201,8,21,10:45,1,2,1,1.0,3.0,58095,11 Rue Joseph Boigues,M,"46,8280600","3,4733230",58,2019,50.0,1.0,1.0,4.0,2260110,1.0,1,1,1,0.0,,0.0,0,1949.0,A01,138Â 207Â 950,8.0,-1.0,-1.0,1725167,2.0,7,,1.0,0.0,3.0,A01,138Â 207Â 950,1.0
1010671,201900052202,8,22,08:15,1,2,1,7.0,1.0,58095,115 BIS Avenue de Verdun,M,"46,8280300","3,4816500",58,2019,50.0,1.0,1.0,4.0,2260111,1.0,1,4,2,5.0,,0.0,0,1997.0,B01,138Â 207Â 947,1.0,-1.0,-1.0,1725168,1.0,7,,0.0,2.0,1.0,B01,138Â 207Â 947,1.0
1010671,201900052202,8,22,08:15,1,2,1,7.0,1.0,58095,115 BIS Avenue de Verdun,M,"46,8280300","3,4816500",58,2019,50.0,1.0,1.0,4.0,2260111,1.0,1,4,2,5.0,,0.0,0,1997.0,B01,138Â 207Â 947,1.0,-1.0,-1.0,1725169,2.0,7,,0.0,2.0,1.0,A01,138Â 207Â 948,1.0
1010671,201900052202,8,22,08:15,1,2,1,7.0,1.0,58095,115 BIS Avenue de Verdun,M,"46,8280300","3,4816500",58,2019,50.0,1.0,1.0,4.0,2260112,1.0,1,4,1,3.0,,0.0,0,1931.0,A01,138Â 207Â 948,1.0,-1.0,-1.0,1725168,1.0,7,,0.0,2.0,1.0,B01,138Â 207Â 947,1.0
1010671,201900052202,8,22,08:15,1,2,1,7.0,1.0,58095,115 BIS Avenue de Verdun,M,"46,8280300","3,4816500",58,2019,50.0,1.0,1.0,4.0,2260112,1.0,1,4,1,3.0,,0.0,0,1931.0,A01,138Â 207Â 948,1.0,-1.0,-1.0,1725169,2.0,7,,0.0,2.0,1.0,A01,138Â 207Â 948,1.0
1010672,201900052203,8,22,17:30,1,1,1,1.0,1.0,50082,rd 50,M,"49,4597940"," -1,6308300",50,2019,80.0,1.0,1.0,3.0,2260113,1.0,1,3,1,5.0,,0.0,0,1993.0,A01,138Â 207Â 945,2.0,-1.0,-1.0,1725170,2.0,31,,0.0,2.0,1.0,A01,138Â 207Â 945,1.0
1010672,201900052203,8,22,17:30,1,1,1,1.0,1.0,50082,rd 50,M,"49,4597940"," -1,6308300",50,2019,80.0,1.0,1.0,3.0,2260113,1.0,1,3,1,5.0,,0.0,0,1993.0,A01,138Â 207Â 945,2.0,-1.0,-1.0,1725171,1.0,31,,0.0,2.0,1.0,B01,138Â 207Â 946,1.0
1010672,201900052203,8,22,17:30,1,1,1,1.0,1.0,50082,rd 50,M,"49,4597940"," -1,6308300",50,2019,80.0,1.0,1.0,3.0,2260114,1.0,1,2,1,5.0,,0.0,0,1985.0,B01,138Â 207Â 946,2.0,-1.0,-1.0,1725170,2.0,31,,0.0,2.0,1.0,A01,138Â 207Â 945,1.0
1010672,201900052203,8,22,17:30,1,1,1,1.0,1.0,50082,rd 50,M,"49,4597940"," -1,6308300",50,2019,80.0,1.0,1.0,3.0,2260114,1.0,1,2,1,5.0,,0.0,0,1985.0,B01,138Â 207Â 946,2.0,-1.0,-1.0,1725171,1.0,31,,0.0,2.0,1.0,B01,138Â 207Â 946,1.0
1010673,201900052204,8,22,15:10,1,2,1,1.0,6.0,50639,8 Rue Carnot (Villedieu-les-PoÃªles),M,"48,8393390"," -1,2213580",50,2019,-1.0,4.0,1.0,3.0,2260115,10.0,3,4,2,4.0,,5.0,1,1946.0,A01,138Â 207Â 944,0.0,-1.0,-1.0,1725172,2.0,7,,0.0,1.0,2.0,A01,138Â 207Â 944,1.0
1010673,201900052204,8,22,15:10,1,2,1,1.0,6.0,50639,8 Rue Carnot (Villedieu-les-PoÃªles),M,"48,8393390"," -1,2213580",50,2019,-1.0,4.0,1.0,3.0,2260116,1.0,1,1,1,5.0,,0.0,0,1951.0,A01,138Â 207Â 944,1.0,-1.0,-1.0,1725172,2.0,7,,0.0,1.0,2.0,A01,138Â 207Â 944,1.0
1010674,201900052205,8,22,14:45,1,1,1,1.0,1.0,50483,6 La Landette,M,"49,1026960"," -1,1577300",50,2019,80.0,1.0,1.0,3.0,2260117,1.0,1,2,1,5.0,,0.0,0,1979.0,A01,138Â 207Â 942,2.0,-1.0,-1.0,1725173,1.0,33,,0.0,2.0,1.0,A01,138Â 207Â 942,1.0
1010674,201900052205,8,22,14:45,1,1,1,1.0,1.0,50483,6 La Landette,M,"49,1026960"," -1,1577300",50,2019,80.0,1.0,1.0,3.0,2260117,1.0,1,2,1,5.0,,0.0,0,1979.0,A01,138Â 207Â 942,2.0,-1.0,-1.0,1725174,2.0,7,,0.0,2.0,1.0,B01,138Â 207Â 943,1.0
1010674,201900052205,8,22,14:45,1,1,1,1.0,1.0,50483,6 La Landette,M,"49,1026960"," -1,1577300",50,2019,80.0,1.0,1.0,3.0,2260118,1.0,1,1,1,5.0,,0.0,0,1999.0,B01,138Â 207Â 943,1.0,-1.0,-1.0,1725173,1.0,33,,0.0,2.0,1.0,A01,138Â 207Â 942,1.0
1010674,201900052205,8,22,14:45,1,1,1,1.0,1.0,50483,6 La Landette,M,"49,1026960"," -1,1577300",50,2019,80.0,1.0,1.0,3.0,2260118,1.0,1,1,1,5.0,,0.0,0,1999.0,B01,138Â 207Â 943,1.0,-1.0,-1.0,1725174,2.0,7,,0.0,2.0,1.0,B01,138Â 207Â 943,1.0
1010675,201900052206,8,21,23:18,5,2,1,1.0,6.0,43038,Route de Brioude,M,"45,3626210","3,3130680",43,2019,50.0,1.0,1.0,2.0,2260119,1.0,1,3,1,0.0,,0.0,0,1995.0,A01,138Â 207Â 941,2.0,6.0,-1.0,1725175,1.0,2,,14.0,0.0,1.0,A01,138Â 207Â 941,1.0
1010676,201900052207,8,22,09:50,1,2,9,1.0,6.0,10401,Rue du Pont Chevallier,M,"48,2374840","4,4670000",10,2019,50.0,4.0,1.0,4.0,2260120,10.0,3,3,2,5.0,,5.0,9,1954.0,A01,138Â 207Â 940,0.0,-1.0,-1.0,1725176,3.0,7,,0.0,1.0,7.0,A01,138Â 207Â 940,1.0
1010676,201900052207,8,22,09:50,1,2,9,1.0,6.0,10401,Rue du Pont Chevallier,M,"48,2374840","4,4670000",10,2019,50.0,4.0,1.0,4.0,2260121,1.0,1,1,1,5.0,,0.0,0,1963.0,A01,138Â 207Â 940,8.0,-1.0,-1.0,1725176,3.0,7,,0.0,1.0,7.0,A01,138Â 207Â 940,1.0
1010677,201900052208,8,22,00:10,3,1,1,1.0,6.0,36018,La Petite Planchette,M,"46,6170030","1,1143500",36,2019,80.0,3.0,1.0,3.0,2260122,1.0,1,2,1,5.0,,0.0,0,1980.0,A01,138Â 207Â 939,1.0,-1.0,-1.0,1725177,1.0,7,,2.0,0.0,7.0,A01,138Â 207Â 939,1.0
1010678,201900052209,8,21,13:00,1,1,1,1.0,7.0,07018,PK75 ,M,"44,6825810","4,0682780",7,2019,80.0,1.0,1.0,2.0,2260123,1.0,1,3,1,5.0,,0.0,0,1956.0,A01,138Â 207Â 938,2.0,6.0,9.0,1725178,2.0,32,,0.0,0.0,8.0,A01,138Â 207Â 938,1.0
1010679,201900052210,8,22,00:10,3,1,1,1.0,7.0,24413,La Fargue Basse,M,"44,9054000","0,3755300",24,2019,80.0,3.0,1.0,3.0,2260124,1.0,1,3,1,5.0,,0.0,0,1982.0,A01,138Â 207Â 936,1.0,-1.0,-1.0,1725179,1.0,10,,0.0,0.0,1.0,A01,138Â 207Â 936,1.0
1010679,201900052210,8,22,00:10,3,1,1,1.0,7.0,24413,La Fargue Basse,M,"44,9054000","0,3755300",24,2019,80.0,3.0,1.0,3.0,2260125,2.0,2,1,1,5.0,,0.0,0,2017.0,A01,138Â 207Â 936,9.0,-1.0,-1.0,1725179,1.0,10,,0.0,0.0,1.0,A01,138Â 207Â 936,1.0
1010680,201900052211,8,22,18:00,1,1,1,1.0,6.0,28310,RD 318,M,"48,6058410","0,9627600",28,2019,80.0,3.0,1.0,3.0,2260126,1.0,1,4,1,9.0,,0.0,0,1950.0,A01,138Â 207Â 935,8.0,-1.0,-1.0,1725180,2.0,7,,8.0,0.0,1.0,A01,138Â 207Â 935,1.0
1010680,201900052211,8,22,18:00,1,1,1,1.0,6.0,28310,RD 318,M,"48,6058410","0,9627600",28,2019,80.0,3.0,1.0,3.0,2260127,2.0,2,3,2,9.0,,0.0,0,1951.0,A01,138Â 207Â 935,1.0,-1.0,-1.0,1725180,2.0,7,,8.0,0.0,1.0,A01,138Â 207Â 935,1.0
1010681,201900052212,8,21,18:20,1,1,3,1.0,3.0,17050,Rue des Burettes,M,"45,4923630"," -0,6135460",17,2019,80.0,1.0,1.0,3.0,2260128,1.0,1,1,1,4.0,,0.0,0,1981.0,B01,138Â 207Â 933,1.0,9.0,-1.0,1725181,2.0,13,,0.0,2.0,6.0,B01,138Â 207Â 933,1.0
1010681,201900052212,8,21,18:20,1,1,3,1.0,3.0,17050,Rue des Burettes,M,"45,4923630"," -0,6135460",17,2019,80.0,1.0,1.0,3.0,2260128,1.0,1,1,1,4.0,,0.0,0,1981.0,B01,138Â 207Â 933,1.0,9.0,-1.0,1725182,1.0,7,,0.0,2.0,1.0,A01,138Â 207Â 934,1.0
1010681,201900052212,8,21,18:20,1,1,3,1.0,3.0,17050,Rue des Burettes,M,"45,4923630"," -0,6135460",17,2019,80.0,1.0,1.0,3.0,2260129,1.0,1,3,2,0.0,,0.0,0,1939.0,A01,138Â 207Â 934,1.0,-1.0,-1.0,1725181,2.0,13,,0.0,2.0,6.0,B01,138Â 207Â 933,1.0
1010681,201900052212,8,21,18:20,1,1,3,1.0,3.0,17050,Rue des Burettes,M,"45,4923630"," -0,6135460",17,2019,80.0,1.0,1.0,3.0,2260129,1.0,1,3,2,0.0,,0.0,0,1939.0,A01,138Â 207Â 934,1.0,-1.0,-1.0,1725182,1.0,7,,0.0,2.0,1.0,A01,138Â 207Â 934,1.0
1010682,201900052213,8,18,15:06,1,1,1,1.0,5.0,31587,Autoroute A 62,M,"43,7705930","1,3844950",31,2019,130.0,1.0,1.0,1.0,2260130,5.0,2,1,1,5.0,,0.0,0,1934.0,G01,138Â 207Â 926,1.0,-1.0,-1.0,1725183,1.0,7,,0.0,9.0,7.0,G01,138Â 207Â 926,1.0
1010682,201900052213,8,18,15:06,1,1,1,1.0,5.0,31587,Autoroute A 62,M,"43,7705930","1,3844950",31,2019,130.0,1.0,1.0,1.0,2260130,5.0,2,1,1,5.0,,0.0,0,1934.0,G01,138Â 207Â 926,1.0,-1.0,-1.0,1725184,1.0,7,,0.0,0.0,1.0,F01,138Â 207Â 927,1.0
1010682,201900052213,8,18,15:06,1,1,1,1.0,5.0,31587,Autoroute A 62,M,"43,7705930","1,3844950",31,2019,130.0,1.0,1.0,1.0,2260130,5.0,2,1,1,5.0,,0.0,0,1934.0,G01,138Â 207Â 926,1.0,-1.0,-1.0,1725185,1.0,7,,0.0,2.0,1.0,E01,138Â 207Â 928,1.0
1010682,201900052213,8,18,15:06,1,1,1,1.0,5.0,31587,Autoroute A 62,M,"43,7705930","1,3844950",31,2019,130.0,1.0,1.0,1.0,2260130,5.0,2,1,1,5.0,,0.0,0,1934.0,G01,138Â 207Â 926,1.0,-1.0,-1.0,1725186,1.0,99,,0.0,2.0,1.0,D01,138Â 207Â 929,1.0
1010682,201900052213,8,18,15:06,1,1,1,1.0,5.0,31587,Autoroute A 62,M,"43,7705930","1,3844950",31,2019,130.0,1.0,1.0,1.0,2260130,5.0,2,1,1,5.0,,0.0,0,1934.0,G01,138Â 207Â 926,1.0,-1.0,-1.0,1725187,1.0,7,,0.0,2.0,1.0,C01,138Â 207Â 930,1.0
1010682,201900052213,8,18,15:06,1,1,1,1.0,5.0,31587,Autoroute A 62,M,"43,7705930","1,3844950",31,2019,130.0,1.0,1.0,1.0,2260130,5.0,2,1,1,5.0,,0.0,0,1934.0,G01,138Â 207Â 926,1.0,-1.0,-1.0,1725188,1.0,7,,0.0,2.0,1.0,B01,138Â 207Â 931,1.0
1010682,201900052213,8,18,15:06,1,1,1,1.0,5.0,31587,Autoroute A 62,M,"43,7705930","1,3844950",31,2019,130.0,1.0,1.0,1.0,2260130,5.0,2,1,1,5.0,,0.0,0,1934.0,G01,138Â 207Â 926,1.0,-1.0,-1.0,1725189,2.0,7,,0.0,2.0,1.0,A01,138Â 207Â 932,1.0
1010682,201900052213,8,18,15:06,1,1,1,1.0,5.0,31587,Autoroute A 62,M,"43,7705930","1,3844950",31,2019,130.0,1.0,1.0,1.0,2260131,8.0,2,4,2,5.0,,0.0,0,2013.0,G01,138Â 207Â 926,1.0,-1.0,-1.0,1725183,1.0,7,,0.0,9.0,7.0,G01,138Â 207Â 926,1.0
1010682,201900052213,8,18,15:06,1,1,1,1.0,5.0,31587,Autoroute A 62,M,"43,7705930","1,3844950",31,2019,130.0,1.0,1.0,1.0,2260131,8.0,2,4,2,5.0,,0.0,0,2013.0,G01,138Â 207Â 926,1.0,-1.0,-1.0,1725184,1.0,7,,0.0,0.0,1.0,F01,138Â 207Â 927,1.0
1010682,201900052213,8,18,15:06,1,1,1,1.0,5.0,31587,Autoroute A 62,M,"43,7705930","1,3844950",31,2019,130.0,1.0,1.0,1.0,2260131,8.0,2,4,2,5.0,,0.0,0,2013.0,G01,138Â 207Â 926,1.0,-1.0,-1.0,1725185,1.0,7,,0.0,2.0,1.0,E01,138Â 207Â 928,1.0
1010682,201900052213,8,18,15:06,1,1,1,1.0,5.0,31587,Autoroute A 62,M,"43,7705930","1,3844950",31,2019,130.0,1.0,1.0,1.0,2260131,8.0,2,4,2,5.0,,0.0,0,2013.0,G01,138Â 207Â 926,1.0,-1.0,-1.0,1725186,1.0,99,,0.0,2.0,1.0,D01,138Â 207Â 929,1.0
1010682,201900052213,8,18,15:06,1,1,1,1.0,5.0,31587,Autoroute A 62,M,"43,7705930","1,3844950",31,2019,130.0,1.0,1.0,1.0,2260131,8.0,2,4,2,5.0,,0.0,0,2013.0,G01,138Â 207Â 926,1.0,-1.0,-1.0,1725187,1.0,7,,0.0,2.0,1.0,C01,138Â 207Â 930,1.0
1010682,201900052213,8,18,15:06,1,1,1,1.0,5.0,31587,Autoroute A 62,M,"43,7705930","1,3844950",31,2019,130.0,1.0,1.0,1.0,2260131,8.0,2,4,2,5.0,,0.0,0,2013.0,G01,138Â 207Â 926,1.0,-1.0,-1.0,1725188,1.0,7,,0.0,2.0,1.0,B01,138Â 207Â 931,1.0
1010682,201900052213,8,18,15:06,1,1,1,1.0,5.0,31587,Autoroute A 62,M,"43,7705930","1,3844950",31,2019,130.0,1.0,1.0,1.0,2260131,8.0,2,4,2,5.0,,0.0,0,2013.0,G01,138Â 207Â 926,1.0,-1.0,-1.0,1725189,2.0,7,,0.0,2.0,1.0,A01,138Â 207Â 932,1.0
1010682,201900052213,8,18,15:06,1,1,1,1.0,5.0,31587,Autoroute A 62,M,"43,7705930","1,3844950",31,2019,130.0,1.0,1.0,1.0,2260132,9.0,2,1,2,5.0,,0.0,0,2013.0,G01,138Â 207Â 926,1.0,-1.0,-1.0,1725183,1.0,7,,0.0,9.0,7.0,G01,138Â 207Â 926,1.0
1010682,201900052213,8,18,15:06,1,1,1,1.0,5.0,31587,Autoroute A 62,M,"43,7705930","1,3844950",31,2019,130.0,1.0,1.0,1.0,2260132,9.0,2,1,2,5.0,,0.0,0,2013.0,G01,138Â 207Â 926,1.0,-1.0,-1.0,1725184,1.0,7,,0.0,0.0,1.0,F01,138Â 207Â 927,1.0
1010682,201900052213,8,18,15:06,1,1,1,1.0,5.0,31587,Autoroute A 62,M,"43,7705930","1,3844950",31,2019,130.0,1.0,1.0,1.0,2260132,9.0,2,1,2,5.0,,0.0,0,2013.0,G01,138Â 207Â 926,1.0,-1.0,-1.0,1725185,1.0,7,,0.0,2.0,1.0,E01,138Â 207Â 928,1.0
1010682,201900052213,8,18,15:06,1,1,1,1.0,5.0,31587,Autoroute A 62,M,"43,7705930","1,3844950",31,2019,130.0,1.0,1.0,1.0,2260132,9.0,2,1,2,5.0,,0.0,0,2013.0,G01,138Â 207Â 926,1.0,-1.0,-1.0,1725186,1.0,99,,0.0,2.0,1.0,D01,138Â 207Â 929,1.0
1010682,201900052213,8,18,15:06,1,1,1,1.0,5.0,31587,Autoroute A 62,M,"43,7705930","1,3844950",31,2019,130.0,1.0,1.0,1.0,2260132,9.0,2,1,2,5.0,,0.0,0,2013.0,G01,138Â 207Â 926,1.0,-1.0,-1.0,1725187,1.0,7,,0.0,2.0,1.0,C01,138Â 207Â 930,1.0
1010682,201900052213,8,18,15:06,1,1,1,1.0,5.0,31587,Autoroute A 62,M,"43,7705930","1,3844950",31,2019,130.0,1.0,1.0,1.0,2260132,9.0,2,1,2,5.0,,0.0,0,2013.0,G01,138Â 207Â 926,1.0,-1.0,-1.0,1725188,1.0,7,,0.0,2.0,1.0,B01,138Â 207Â 931,1.0
1010682,201900052213,8,18,15:06,1,1,1,1.0,5.0,31587,Autoroute A 62,M,"43,7705930","1,3844950",31,2019,130.0,1.0,1.0,1.0,2260132,9.0,2,1,2,5.0,,0.0,0,2013.0,G01,138Â 207Â 926,1.0,-1.0,-1.0,1725189,2.0,7,,0.0,2.0,1.0,A01,138Â 207Â 932,1.0
1010682,201900052213,8,18,15:06,1,1,1,1.0,5.0,31587,Autoroute A 62,M,"43,7705930","1,3844950",31,2019,130.0,1.0,1.0,1.0,2260133,6.0,2,1,2,5.0,,0.0,0,1965.0,G01,138Â 207Â 926,1.0,-1.0,-1.0,1725183,1.0,7,,0.0,9.0,7.0,G01,138Â 207Â 926,1.0
1010682,201900052213,8,18,15:06,1,1,1,1.0,5.0,31587,Autoroute A 62,M,"43,7705930","1,3844950",31,2019,130.0,1.0,1.0,1.0,2260133,6.0,2,1,2,5.0,,0.0,0,1965.0,G01,138Â 207Â 926,1.0,-1.0,-1.0,1725184,1.0,7,,0.0,0.0,1.0,F01,138Â 207Â 927,1.0
1010682,201900052213,8,18,15:06,1,1,1,1.0,5.0,31587,Autoroute A 62,M,"43,7705930","1,3844950",31,2019,130.0,1.0,1.0,1.0,2260133,6.0,2,1,2,5.0,,0.0,0,1965.0,G01,138Â 207Â 926,1.0,-1.0,-1.0,1725185,1.0,7,,0.0,2.0,1.0,E01,138Â 207Â 928,1.0