Unnamed: 0_x,num_acc,mois,jour,hrmn,lum,agg,int,atm,col,com,adr,gps,lat,long,dep,annee,vma,situ,surf,catr,Unnamed: 0_y,place,catu,grav,sexe,trajet,secu,locp,actp,an_nais,num_veh_x,id_vehicule_x,secu1,secu2,secu3,Unnamed: 0,senc,catv,occutc,obs,obsm,choc,num_veh_y,id_vehicule_y,motor
1010682,201900052213,8,18,15:06,1,1,1,1.0,5.0,31587,Autoroute A 62,M,"43,7705930","1,3844950",31,2019,130.0,1.0,1.0,1.0,2260133,6.0,2,1,2,5.0,,0.0,0,1965.0,G01,138Â 207Â 926,1.0,-1.0,-1.0,1725186,1.0,99,,0.0,2.0,1.0,D01,138Â 207Â 929,1.0
1010682,201900052213,8,18,15:06,1,1,1,1.0,5.0,31587,Autoroute A 62,M,"43,7705930","1,3844950",31,2019,130.0,1.0,1.0,1.0,2260133,6.0,2,1,2,5.0,,0.0,0,1965.0,G01,138Â 207Â 926,1.0,-1.0,-1.0,1725187,1.0,7,,0.0,2.0,1.0,C01,138Â 207Â 930,1.0
1010682,201900052213,8,18,15:06,1,1,1,1.0,5.0,31587,Autoroute A 62,M,"43,7705930","1,3844950",31,2019,130.0,1.0,1.0,1.0,2260133,6.0,2,1,2,5.0,,0.0,0,1965.0,G01,138Â 207Â 926,1.0,-1.0,-1.0,1725188,1.0,7,,0.0,2.0,1.0,B01,138Â 207Â 931,1.0
1010682,201900052213,8,18,15:06,1,1,1,1.0,5.0,31587,Autoroute A 62,M,"43,7705930","1,3844950",31,2019,130.0,1.0,1.0,1.0,2260133,6.0,2,1,2,5.0,,0.0,0,1965.0,G01,138Â 207Â 926,1.0,-1.0,-1.0,1725189,2.0,7,,0.0,2.0,1.0,A01,138Â 207Â 932,1.0
1010682,201900052213,8,18,15:06,1,1,1,1.0,5.0,31587,Autoroute A 62,M,"43,7705930","1,3844950",31,2019,130.0,1.0,1.0,1.0,2260134,2.0,2,1,2,5.0,,0.0,0,1939.0,G01,138Â 207Â 926,1.0,-1.0,-1.0,1725183,1.0,7,,0.0,9.0,7.0,G01,138Â 207Â 926,1.0
1010682,201900052213,8,18,15:06,1,1,1,1.0,5.0,31587,Autoroute A 62,M,"43,7705930","1,3844950",31,2019,130.0,1.0,1.0,1.0,2260134,2.0,2,1,2,5.0,,0.0,0,1939.0,G01,138Â 207Â 926,1.0,-1.0,-1.0,1725184,1.0,7,,0.0,0.0,1.0,F01,138Â 207Â 927,1.0
1010682,201900052213,8,18,15:06,1,1,1,1.0,5.0,31587,Autoroute A 62,M,"43,7705930","1,3844950",31,2019,130.0,1.0,1.0,1.0,2260134,2.0,2,1,2,5.0,,0.0,0,1939.0,G01,138Â 207Â 926,1.0,-1.0,-1.0,1725185,1.0,7,,0.0,2.0,1.0,E01,138Â 207Â 928,1.0
1010682,201900052213,8,18,15:06,1,1,1,1.0,5.0,31587,Autoroute A 62,M,"43,7705930","1,3844950",31,2019,130.0,1.0,1.0,1.0,2260134,2.0,2,1,2,5.0,,0.0,0,1939.0,G01,138Â 207Â 926,1.0,-1.0,-1.0,1725186,1.0,99,,0.0,2.0,1.0,D01,138Â 207Â 929,1.0
1010682,201900052213,8,18,15:06,1,1,1,1.0,5.0,31587,Autoroute A 62,M,"43,7705930","1,3844950",31,2019,130.0,1.0,1.0,1.0,2260134,2.0,2,1,2,5.0,,0.0,0,1939.0,G01,138Â 207Â 926,1.0,-1.0,-1.0,1725187,1.0,7,,0.0,2.0,1.0,C01,138Â 207Â 930,1.0
1010682,201900052213,8,18,15:06,1,1,1,1.0,5.0,31587,Autoroute A 62,M,"43,7705930","1,3844950",31,2019,130.0,1.0,1.0,1.0,2260134,2.0,2,1,2,5.0,,0.0,0,1939.0,G01,138Â 207Â 926,1.0,-1.0,-1.0,1725188,1.0,7,,0.0,2.0,1.0,B01,138Â 207Â 931,1.0
1010682,201900052213,8,18,15:06,1,1,1,1.0,5.0,31587,Autoroute A 62,M,"43,7705930","1,3844950",31,2019,130.0,1.0,1.0,1.0,2260134,2.0,2,1,2,5.0,,0.0,0,1939.0,G01,138Â 207Â 926,1.0,-1.0,-1.0,1725189,2.0,7,,0.0,2.0,1.0,A01,138Â 207Â 932,1.0
1010682,201900052213,8,18,15:06,1,1,1,1.0,5.0,31587,Autoroute A 62,M,"43,7705930","1,3844950",31,2019,130.0,1.0,1.0,1.0,2260135,7.0,2,1,2,5.0,,0.0,0,1969.0,G01,138Â 207Â 926,1.0,-1.0,-1.0,1725183,1.0,7,,0.0,9.0,7.0,G01,138Â 207Â 926,1.0
1010682,201900052213,8,18,15:06,1,1,1,1.0,5.0,31587,Autoroute A 62,M,"43,7705930","1,3844950",31,2019,130.0,1.0,1.0,1.0,2260135,7.0,2,1,2,5.0,,0.0,0,1969.0,G01,138Â 207Â 926,1.0,-1.0,-1.0,1725184,1.0,7,,0.0,0.0,1.0,F01,138Â 207Â 927,1.0
1010682,201900052213,8,18,15:06,1,1,1,1.0,5.0,31587,Autoroute A 62,M,"43,7705930","1,3844950",31,2019,130.0,1.0,1.0,1.0,2260135,7.0,2,1,2,5.0,,0.0,0,1969.0,G01,138Â 207Â 926,1.0,-1.0,-1.0,1725185,1.0,7,,0.0,2.0,1.0,E01,138Â 207Â 928,1.0
1010682,201900052213,8,18,15:06,1,1,1,1.0,5.0,31587,Autoroute A 62,M,"43,7705930","1,3844950",31,2019,130.0,1.0,1.0,1.0,2260135,7.0,2,1,2,5.0,,0.0,0,1969.0,G01,138Â 207Â 926,1.0,-1.0,-1.0,1725186,1.0,99,,0.0,2.0,1.0,D01,138Â 207Â 929,1.0
1010682,201900052213,8,18,15:06,1,1,1,1.0,5.0,31587,Autoroute A 62,M,"43,7705930","1,3844950",31,2019,130.0,1.0,1.0,1.0,2260135,7.0,2,1,2,5.0,,0.0,0,1969.0,G01,138Â 207Â 926,1.0,-1.0,-1.0,1725187,1.0,7,,0.0,2.0,1.0,C01,138Â 207Â 930,1.0
1010682,201900052213,8,18,15:06,1,1,1,1.0,5.0,31587,Autoroute A 62,M,"43,7705930","1,3844950",31,2019,130.0,1.0,1.0,1.0,2260135,7.0,2,1,2,5.0,,0.0,0,1969.0,G01,138Â 207Â 926,1.0,-1.0,-1.0,1725188,1.0,7,,0.0,2.0,1.0,B01,138Â 207Â 931,1.0
1010682,201900052213,8,18,15:06,1,1,1,1.0,5.0,31587,Autoroute A 62,M,"43,7705930","1,3844950",31,2019,130.0,1.0,1.0,1.0,2260135,7.0,2,1,2,5.0,,0.0,0,1969.0,G01,138Â 207Â 926,1.0,-1.0,-1.0,1725189,2.0,7,,0.0,2.0,1.0,A01,138Â 207Â 932,1.0
1010682,201900052213,8,18,15:06,1,1,1,1.0,5.0,31587,Autoroute A 62,M,"43,7705930","1,3844950",31,2019,130.0,1.0,1.0,1.0,2260136,1.0,1,1,1,5.0,,0.0,0,1966.0,G01,138Â 207Â 926,1.0,-1.0,-1.0,1725183,1.0,7,,0.0,9.0,7.0,G01,138Â 207Â 926,1.0
1010682,201900052213,8,18,15:06,1,1,1,1.0,5.0,31587,Autoroute A 62,M,"43,7705930","1,3844950",31,2019,130.0,1.0,1.0,1.0,2260136,1.0,1,1,1,5.0,,0.0,0,1966.0,G01,138Â 207Â 926,1.0,-1.0,-1.0,1725184,1.0,7,,0.0,0.0,1.0,F01,138Â 207Â 927,1.0
1010682,201900052213,8,18,15:06,1,1,1,1.0,5.0,31587,Autoroute A 62,M,"43,7705930","1,3844950",31,2019,130.0,1.0,1.0,1.0,2260136,1.0,1,1,1,5.0,,0.0,0,1966.0,G01,138Â 207Â 926,1.0,-1.0,-1.0,1725185,1.0,7,,0.0,2.0,1.0,E01,138Â 207Â 928,1.0
1010682,201900052213,8,18,15:06,1,1,1,1.0,5.0,31587,Autoroute A 62,M,"43,7705930","1,3844950",31,2019,130.0,1.0,1.0,1.0,2260136,1.0,1,1,1,5.0,,0.0,0,1966.0,G01,138Â 207Â 926,1.0,-1.0,-1.0,1725186,1.0,99,,0.0,2.0,1.0,D01,138Â 207Â 929,1.0
1010682,201900052213,8,18,15:06,1,1,1,1.0,5.0,31587,Autoroute A 62,M,"43,7705930","1,3844950",31,2019,130.0,1.0,1.0,1.0,2260136,1.0,1,1,1,5.0,,0.0,0,1966.0,G01,138Â 207Â 926,1.0,-1.0,-1.0,1725187,1.0,7,,0.0,2.0,1.0,C01,138Â 207Â 930,1.0
1010682,201900052213,8,18,15:06,1,1,1,1.0,5.0,31587,Autoroute A 62,M,"43,7705930","1,3844950",31,2019,130.0,1.0,1.0,1.0,2260136,1.0,1,1,1,5.0,,0.0,0,1966.0,G01,138Â 207Â 926,1.0,-1.0,-1.0,1725188,1.0,7,,0.0,2.0,1.0,B01,138Â 207Â 931,1.0
1010682,201900052213,8,18,15:06,1,1,1,1.0,5.0,31587,Autoroute A 62,M,"43,7705930","1,3844950",31,2019,130.0,1.0,1.0,1.0,2260136,1.0,1,1,1,5.0,,0.0,0,1966.0,G01,138Â 207Â 926,1.0,-1.0,-1.0,1725189,2.0,7,,0.0,2.0,1.0,A01,138Â 207Â 932,1.0
1010682,201900052213,8,18,15:06,1,1,1,1.0,5.0,31587,Autoroute A 62,M,"43,7705930","1,3844950",31,2019,130.0,1.0,1.0,1.0,2260137,7.0,2,1,2,3.0,,0.0,0,1973.0,F01,138Â 207Â 927,1.0,-1.0,-1.0,1725183,1.0,7,,0.0,9.0,7.0,G01,138Â 207Â 926,1.0
1010682,201900052213,8,18,15:06,1,1,1,1.0,5.0,31587,Autoroute A 62,M,"43,7705930","1,3844950",31,2019,130.0,1.0,1.0,1.0,2260137,7.0,2,1,2,3.0,,0.0,0,1973.0,F01,138Â 207Â 927,1.0,-1.0,-1.0,1725184,1.0,7,,0.0,0.0,1.0,F01,138Â 207Â 927,1.0
1010682,201900052213,8,18,15:06,1,1,1,1.0,5.0,31587,Autoroute A 62,M,"43,7705930","1,3844950",31,2019,130.0,1.0,1.0,1.0,2260137,7.0,2,1,2,3.0,,0.0,0,1973.0,F01,138Â 207Â 927,1.0,-1.0,-1.0,1725185,1.0,7,,0.0,2.0,1.0,E01,138Â 207Â 928,1.0
1010682,201900052213,8,18,15:06,1,1,1,1.0,5.0,31587,Autoroute A 62,M,"43,7705930","1,3844950",31,2019,130.0,1.0,1.0,1.0,2260137,7.0,2,1,2,3.0,,0.0,0,1973.0,F01,138Â 207Â 927,1.0,-1.0,-1.0,1725186,1.0,99,,0.0,2.0,1.0,D01,138Â 207Â 929,1.0
1010682,201900052213,8,18,15:06,1,1,1,1.0,5.0,31587,Autoroute A 62,M,"43,7705930","1,3844950",31,2019,130.0,1.0,1.0,1.0,2260137,7.0,2,1,2,3.0,,0.0,0,1973.0,F01,138Â 207Â 927,1.0,-1.0,-1.0,1725187,1.0,7,,0.0,2.0,1.0,C01,138Â 207Â 930,1.0
1010682,201900052213,8,18,15:06,1,1,1,1.0,5.0,31587,Autoroute A 62,M,"43,7705930","1,3844950",31,2019,130.0,1.0,1.0,1.0,2260137,7.0,2,1,2,3.0,,0.0,0,1973.0,F01,138Â 207Â 927,1.0,-1.0,-1.0,1725188,1.0,7,,0.0,2.0,1.0,B01,138Â 207Â 931,1.0
1010682,201900052213,8,18,15:06,1,1,1,1.0,5.0,31587,Autoroute A 62,M,"43,7705930","1,3844950",31,2019,130.0,1.0,1.0,1.0,2260137,7.0,2,1,2,3.0,,0.0,0,1973.0,F01,138Â 207Â 927,1.0,-1.0,-1.0,1725189,2.0,7,,0.0,2.0,1.0,A01,138Â 207Â 932,1.0
1010682,201900052213,8,18,15:06,1,1,1,1.0,5.0,31587,Autoroute A 62,M,"43,7705930","1,3844950",31,2019,130.0,1.0,1.0,1.0,2260138,2.0,2,1,2,3.0,,0.0,0,1947.0,F01,138Â 207Â 927,1.0,-1.0,-1.0,1725183,1.0,7,,0.0,9.0,7.0,G01,138Â 207Â 926,1.0
1010682,201900052213,8,18,15:06,1,1,1,1.0,5.0,31587,Autoroute A 62,M,"43,7705930","1,3844950",31,2019,130.0,1.0,1.0,1.0,2260138,2.0,2,1,2,3.0,,0.0,0,1947.0,F01,138Â 207Â 927,1.0,-1.0,-1.0,1725184,1.0,7,,0.0,0.0,1.0,F01,138Â 207Â 927,1.0
1010682,201900052213,8,18,15:06,1,1,1,1.0,5.0,31587,Autoroute A 62,M,"43,7705930","1,3844950",31,2019,130.0,1.0,1.0,1.0,2260138,2.0,2,1,2,3.0,,0.0,0,1947.0,F01,138Â 207Â 927,1.0,-1.0,-1.0,1725185,1.0,7,,0.0,2.0,1.0,E01,138Â 207Â 928,1.0
1010682,201900052213,8,18,15:06,1,1,1,1.0,5.0,31587,Autoroute A 62,M,"43,7705930","1,3844950",31,2019,130.0,1.0,1.0,1.0,2260138,2.0,2,1,2,3.0,,0.0,0,1947.0,F01,138Â 207Â 927,1.0,-1.0,-1.0,1725186,1.0,99,,0.0,2.0,1.0,D01,138Â 207Â 929,1.0
1010682,201900052213,8,18,15:06,1,1,1,1.0,5.0,31587,Autoroute A 62,M,"43,7705930","1,3844950",31,2019,130.0,1.0,1.0,1.0,2260138,2.0,2,1,2,3.0,,0.0,0,1947.0,F01,138Â 207Â 927,1.0,-1.0,-1.0,1725187,1.0,7,,0.0,2.0,1.0,C01,138Â 207Â 930,1.0
1010682,201900052213,8,18,15:06,1,1,1,1.0,5.0,31587,Autoroute A 62,M,"43,7705930","1,3844950",31,2019,130.0,1.0,1.0,1.0,2260138,2.0,2,1,2,3.0,,0.0,0,1947.0,F01,138Â 207Â 927,1.0,-1.0,-1.0,1725188,1.0,7,,0.0,2.0,1.0,B01,138Â 207Â 931,1.0
1010682,201900052213,8,18,15:06,1,1,1,1.0,5.0,31587,Autoroute A 62,M,"43,7705930","1,3844950",31,2019,130.0,1.0,1.0,1.0,2260138,2.0,2,1,2,3.0,,0.0,0,1947.0,F01,138Â 207Â 927,1.0,-1.0,-1.0,1725189,2.0,7,,0.0,2.0,1.0,A01,138Â 207Â 932,1.0
1010682,201900052213,8,18,15:06,1,1,1,1.0,5.0,31587,Autoroute A 62,M,"43,7705930","1,3844950",31,2019,130.0,1.0,1.0,1.0,2260139,1.0,1,1,1,5.0,,0.0,0,1978.0,F01,138Â 207Â 927,1.0,-1.0,-1.0,1725183,1.0,7,,0.0,9.0,7.0,G01,138Â 207Â 926,1.0
1010682,201900052213,8,18,15:06,1,1,1,1.0,5.0,31587,Autoroute A 62,M,"43,7705930","1,3844950",31,2019,130.0,1.0,1.0,1.0,2260139,1.0,1,1,1,5.0,,0.0,0,1978.0,F01,138Â 207Â 927,1.0,-1.0,-1.0,1725184,1.0,7,,0.0,0.0,1.0,F01,138Â 207Â 927,1.0
1010682,201900052213,8,18,15:06,1,1,1,1.0,5.0,31587,Autoroute A 62,M,"43,7705930","1,3844950",31,2019,130.0,1.0,1.0,1.0,2260139,1.0,1,1,1,5.0,,0.0,0,1978.0,F01,138Â 207Â 927,1.0,-1.0,-1.0,1725185,1.0,7,,0.0,2.0,1.0,E01,138Â 207Â 928,1.0
1010682,201900052213,8,18,15:06,1,1,1,1.0,5.0,31587,Autoroute A 62,M,"43,7705930","1,3844950",31,2019,130.0,1.0,1.0,1.0,2260139,1.0,1,1,1,5.0,,0.0,0,1978.0,F01,138Â 207Â 927,1.0,-1.0,-1.0,1725186,1.0,99,,0.0,2.0,1.0,D01,138Â 207Â 929,1.0
1010682,201900052213,8,18,15:06,1,1,1,1.0,5.0,31587,Autoroute A 62,M,"43,7705930","1,3844950",31,2019,130.0,1.0,1.0,1.0,2260139,1.0,1,1,1,5.0,,0.0,0,1978.0,F01,138Â 207Â 927,1.0,-1.0,-1.0,1725187,1.0,7,,0.0,2.0,1.0,C01,138Â 207Â 930,1.0
1010682,201900052213,8,18,15:06,1,1,1,1.0,5.0,31587,Autoroute A 62,M,"43,7705930","1,3844950",31,2019,130.0,1.0,1.0,1.0,2260139,1.0,1,1,1,5.0,,0.0,0,1978.0,F01,138Â 207Â 927,1.0,-1.0,-1.0,1725188,1.0,7,,0.0,2.0,1.0,B01,138Â 207Â 931,1.0
1010682,201900052213,8,18,15:06,1,1,1,1.0,5.0,31587,Autoroute A 62,M,"43,7705930","1,3844950",31,2019,130.0,1.0,1.0,1.0,2260139,1.0,1,1,1,5.0,,0.0,0,1978.0,F01,138Â 207Â 927,1.0,-1.0,-1.0,1725189,2.0,7,,0.0,2.0,1.0,A01,138Â 207Â 932,1.0
1010682,201900052213,8,18,15:06,1,1,1,1.0,5.0,31587,Autoroute A 62,M,"43,7705930","1,3844950",31,2019,130.0,1.0,1.0,1.0,2260140,1.0,1,1,1,5.0,,0.0,0,1954.0,E01,138Â 207Â 928,1.0,-1.0,-1.0,1725183,1.0,7,,0.0,9.0,7.0,G01,138Â 207Â 926,1.0
1010682,201900052213,8,18,15:06,1,1,1,1.0,5.0,31587,Autoroute A 62,M,"43,7705930","1,3844950",31,2019,130.0,1.0,1.0,1.0,2260140,1.0,1,1,1,5.0,,0.0,0,1954.0,E01,138Â 207Â 928,1.0,-1.0,-1.0,1725184,1.0,7,,0.0,0.0,1.0,F01,138Â 207Â 927,1.0
1010682,201900052213,8,18,15:06,1,1,1,1.0,5.0,31587,Autoroute A 62,M,"43,7705930","1,3844950",31,2019,130.0,1.0,1.0,1.0,2260140,1.0,1,1,1,5.0,,0.0,0,1954.0,E01,138Â 207Â 928,1.0,-1.0,-1.0,1725185,1.0,7,,0.0,2.0,1.0,E01,138Â 207Â 928,1.0
1010682,201900052213,8,18,15:06,1,1,1,1.0,5.0,31587,Autoroute A 62,M,"43,7705930","1,3844950",31,2019,130.0,1.0,1.0,1.0,2260140,1.0,1,1,1,5.0,,0.0,0,1954.0,E01,138Â 207Â 928,1.0,-1.0,-1.0,1725186,1.0,99,,0.0,2.0,1.0,D01,138Â 207Â 929,1.0
1010682,201900052213,8,18,15:06,1,1,1,1.0,5.0,31587,Autoroute A 62,M,"43,7705930","1,3844950",31,2019,130.0,1.0,1.0,1.0,2260140,1.0,1,1,1,5.0,,0.0,0,1954.0,E01,138Â 207Â 928,1.0,-1.0,-1.0,1725187,1.0,7,,0.0,2.0,1.0,C01,138Â 207Â 930,1.0
1010682,201900052213,8,18,15:06,1,1,1,1.0,5.0,31587,Autoroute A 62,M,"43,7705930","1,3844950",31,2019,130.0,1.0,1.0,1.0,2260140,1.0,1,1,1,5.0,,0.0,0,1954.0,E01,138Â 207Â 928,1.0,-1.0,-1.0,1725188,1.0,7,,0.0,2.0,1.0,B01,138Â 207Â 931,1.0
1010682,201900052213,8,18,15:06,1,1,1,1.0,5.0,31587,Autoroute A 62,M,"43,7705930","1,3844950",31,2019,130.0,1.0,1.0,1.0,2260140,1.0,1,1,1,5.0,,0.0,0,1954.0,E01,138Â 207Â 928,1.0,-1.0,-1.0,1725189,2.0,7,,0.0,2.0,1.0,A01,138Â 207Â 932,1.0
1010682,201900052213,8,18,15:06,1,1,1,1.0,5.0,31587,Autoroute A 62,M,"43,7705930","1,3844950",31,2019,130.0,1.0,1.0,1.0,2260141,2.0,2,1,2,5.0,,0.0,0,1967.0,E01,138Â 207Â 928,1.0,-1.0,-1.0,1725183,1.0,7,,0.0,9.0,7.0,G01,138Â 207Â 926,1.0
1010682,201900052213,8,18,15:06,1,1,1,1.0,5.0,31587,Autoroute A 62,M,"43,7705930","1,3844950",31,2019,130.0,1.0,1.0,1.0,2260141,2.0,2,1,2,5.0,,0.0,0,1967.0,E01,138Â 207Â 928,1.0,-1.0,-1.0,1725184,1.0,7,,0.0,0.0,1.0,F01,138Â 207Â 927,1.0
1010682,201900052213,8,18,15:06,1,1,1,1.0,5.0,31587,Autoroute A 62,M,"43,7705930","1,3844950",31,2019,130.0,1.0,1.0,1.0,2260141,2.0,2,1,2,5.0,,0.0,0,1967.0,E01,138Â 207Â 928,1.0,-1.0,-1.0,1725185,1.0,7,,0.0,2.0,1.0,E01,138Â 207Â 928,1.0
1010682,201900052213,8,18,15:06,1,1,1,1.0,5.0,31587,Autoroute A 62,M,"43,7705930","1,3844950",31,2019,130.0,1.0,1.0,1.0,2260141,2.0,2,1,2,5.0,,0.0,0,1967.0,E01,138Â 207Â 928,1.0,-1.0,-1.0,1725186,1.0,99,,0.0,2.0,1.0,D01,138Â 207Â 929,1.0
1010682,201900052213,8,18,15:06,1,1,1,1.0,5.0,31587,Autoroute A 62,M,"43,7705930","1,3844950",31,2019,130.0,1.0,1.0,1.0,2260141,2.0,2,1,2,5.0,,0.0,0,1967.0,E01,138Â 207Â 928,1.0,-1.0,-1.0,1725187,1.0,7,,0.0,2.0,1.0,C01,138Â 207Â 930,1.0
1010682,201900052213,8,18,15:06,1,1,1,1.0,5.0,31587,Autoroute A 62,M,"43,7705930","1,3844950",31,2019,130.0,1.0,1.0,1.0,2260141,2.0,2,1,2,5.0,,0.0,0,1967.0,E01,138Â 207Â 928,1.0,-1.0,-1.0,1725188,1.0,7,,0.0,2.0,1.0,B01,138Â 207Â 931,1.0
1010682,201900052213,8,18,15:06,1,1,1,1.0,5.0,31587,Autoroute A 62,M,"43,7705930","1,3844950",31,2019,130.0,1.0,1.0,1.0,2260141,2.0,2,1,2,5.0,,0.0,0,1967.0,E01,138Â 207Â 928,1.0,-1.0,-1.0,1725189,2.0,7,,0.0,2.0,1.0,A01,138Â 207Â 932,1.0
1010682,201900052213,8,18,15:06,1,1,1,1.0,5.0,31587,Autoroute A 62,M,"43,7705930","1,3844950",31,2019,130.0,1.0,1.0,1.0,2260142,1.0,1,1,1,5.0,,0.0,0,1983.0,D01,138Â 207Â 929,1.0,-1.0,-1.0,1725183,1.0,7,,0.0,9.0,7.0,G01,138Â 207Â 926,1.0
1010682,201900052213,8,18,15:06,1,1,1,1.0,5.0,31587,Autoroute A 62,M,"43,7705930","1,3844950",31,2019,130.0,1.0,1.0,1.0,2260142,1.0,1,1,1,5.0,,0.0,0,1983.0,D01,138Â 207Â 929,1.0,-1.0,-1.0,1725184,1.0,7,,0.0,0.0,1.0,F01,138Â 207Â 927,1.0
1010682,201900052213,8,18,15:06,1,1,1,1.0,5.0,31587,Autoroute A 62,M,"43,7705930","1,3844950",31,2019,130.0,1.0,1.0,1.0,2260142,1.0,1,1,1,5.0,,0.0,0,1983.0,D01,138Â 207Â 929,1.0,-1.0,-1.0,1725185,1.0,7,,0.0,2.0,1.0,E01,138Â 207Â 928,1.0
1010682,201900052213,8,18,15:06,1,1,1,1.0,5.0,31587,Autoroute A 62,M,"43,7705930","1,3844950",31,2019,130.0,1.0,1.0,1.0,2260142,1.0,1,1,1,5.0,,0.0,0,1983.0,D01,138Â 207Â 929,1.0,-1.0,-1.0,1725186,1.0,99,,0.0,2.0,1.0,D01,138Â 207Â 929,1.0
1010682,201900052213,8,18,15:06,1,1,1,1.0,5.0,31587,Autoroute A 62,M,"43,7705930","1,3844950",31,2019,130.0,1.0,1.0,1.0,2260142,1.0,1,1,1,5.0,,0.0,0,1983.0,D01,138Â 207Â 929,1.0,-1.0,-1.0,1725187,1.0,7,,0.0,2.0,1.0,C01,138Â 207Â 930,1.0
1010682,201900052213,8,18,15:06,1,1,1,1.0,5.0,31587,Autoroute A 62,M,"43,7705930","1,3844950",31,2019,130.0,1.0,1.0,1.0,2260142,1.0,1,1,1,5.0,,0.0,0,1983.0,D01,138Â 207Â 929,1.0,-1.0,-1.0,1725188,1.0,7,,0.0,2.0,1.0,B01,138Â 207Â 931,1.0
1010682,201900052213,8,18,15:06,1,1,1,1.0,5.0,31587,Autoroute A 62,M,"43,7705930","1,3844950",31,2019,130.0,1.0,1.0,1.0,2260142,1.0,1,1,1,5.0,,0.0,0,1983.0,D01,138Â 207Â 929,1.0,-1.0,-1.0,1725189,2.0,7,,0.0,2.0,1.0,A01,138Â 207Â 932,1.0
1010682,201900052213,8,18,15:06,1,1,1,1.0,5.0,31587,Autoroute A 62,M,"43,7705930","1,3844950",31,2019,130.0,1.0,1.0,1.0,2260143,9.0,2,1,1,5.0,,0.0,0,2009.0,D01,138Â 207Â 929,1.0,-1.0,-1.0,1725183,1.0,7,,0.0,9.0,7.0,G01,138Â 207Â 926,1.0
1010682,201900052213,8,18,15:06,1,1,1,1.0,5.0,31587,Autoroute A 62,M,"43,7705930","1,3844950",31,2019,130.0,1.0,1.0,1.0,2260143,9.0,2,1,1,5.0,,0.0,0,2009.0,D01,138Â 207Â 929,1.0,-1.0,-1.0,1725184,1.0,7,,0.0,0.0,1.0,F01,138Â 207Â 927,1.0
1010682,201900052213,8,18,15:06,1,1,1,1.0,5.0,31587,Autoroute A 62,M,"43,7705930","1,3844950",31,2019,130.0,1.0,1.0,1.0,2260143,9.0,2,1,1,5.0,,0.0,0,2009.0,D01,138Â 207Â 929,1.0,-1.0,-1.0,1725185,1.0,7,,0.0,2.0,1.0,E01,138Â 207Â 928,1.0
1010682,201900052213,8,18,15:06,1,1,1,1.0,5.0,31587,Autoroute A 62,M,"43,7705930","1,3844950",31,2019,130.0,1.0,1.0,1.0,2260143,9.0,2,1,1,5.0,,0.0,0,2009.0,D01,138Â 207Â 929,1.0,-1.0,-1.0,1725186,1.0,99,,0.0,2.0,1.0,D01,138Â 207Â 929,1.0
1010682,201900052213,8,18,15:06,1,1,1,1.0,5.0,31587,Autoroute A 62,M,"43,7705930","1,3844950",31,2019,130.0,1.0,1.0,1.0,2260143,9.0,2,1,1,5.0,,0.0,0,2009.0,D01,138Â 207Â 929,1.0,-1.0,-1.0,1725187,1.0,7,,0.0,2.0,1.0,C01,138Â 207Â 930,1.0
1010682,201900052213,8,18,15:06,1,1,1,1.0,5.0,31587,Autoroute A 62,M,"43,7705930","1,3844950",31,2019,130.0,1.0,1.0,1.0,2260143,9.0,2,1,1,5.0,,0.0,0,2009.0,D01,138Â 207Â 929,1.0,-1.0,-1.0,1725188,1.0,7,,0.0,2.0,1.0,B01,138Â 207Â 931,1.0
1010682,201900052213,8,18,15:06,1,1,1,1.0,5.0,31587,Autoroute A 62,M,"43,7705930","1,3844950",31,2019,130.0,1.0,1.0,1.0,2260143,9.0,2,1,1,5.0,,0.0,0,2009.0,D01,138Â 207Â 929,1.0,-1.0,-1.0,1725189,2.0,7,,0.0,2.0,1.0,A01,138Â 207Â 932,1.0
1010682,201900052213,8,18,15:06,1,1,1,1.0,5.0,31587,Autoroute A 62,M,"43,7705930","1,3844950",31,2019,130.0,1.0,1.0,1.0,2260144,7.0,2,1,1,5.0,,0.0,0,2015.0,D01,138Â 207Â 929,1.0,-1.0,-1.0,1725183,1.0,7,,0.0,9.0,7.0,G01,138Â 207Â 926,1.0
1010682,201900052213,8,18,15:06,1,1,1,1.0,5.0,31587,Autoroute A 62,M,"43,7705930","1,3844950",31,2019,130.0,1.0,1.0,1.0,2260144,7.0,2,1,1,5.0,,0.0,0,2015.0,D01,138Â 207Â 929,1.0,-1.0,-1.0,1725184,1.0,7,,0.0,0.0,1.0,F01,138Â 207Â 927,1.0
1010682,201900052213,8,18,15:06,1,1,1,1.0,5.0,31587,Autoroute A 62,M,"43,7705930","1,3844950",31,2019,130.0,1.0,1.0,1.0,2260144,7.0,2,1,1,5.0,,0.0,0,2015.0,D01,138Â 207Â 929,1.0,-1.0,-1.0,1725185,1.0,7,,0.0,2.0,1.0,E01,138Â 207Â 928,1.0
1010682,201900052213,8,18,15:06,1,1,1,1.0,5.0,31587,Autoroute A 62,M,"43,7705930","1,3844950",31,2019,130.0,1.0,1.0,1.0,2260144,7.0,2,1,1,5.0,,0.0,0,2015.0,D01,138Â 207Â 929,1.0,-1.0,-1.0,1725186,1.0,99,,0.0,2.0,1.0,D01,138Â 207Â 929,1.0