Unnamed: 0_x,num_acc,mois,jour,hrmn,lum,agg,int,atm,col,com,adr,gps,lat,long,dep,annee,vma,situ,surf,catr,Unnamed: 0_y,place,catu,grav,sexe,trajet,secu,locp,actp,an_nais,num_veh_x,id_vehicule_x,secu1,secu2,secu3,Unnamed: 0,senc,catv,occutc,obs,obsm,choc,num_veh_y,id_vehicule_y,motor
1010682,201900052213,8,18,15:06,1,1,1,1.0,5.0,31587,Autoroute A 62,M,"43,7705930","1,3844950",31,2019,130.0,1.0,1.0,1.0,2260144,7.0,2,1,1,5.0,,0.0,0,2015.0,D01,138Â 207Â 929,1.0,-1.0,-1.0,1725187,1.0,7,,0.0,2.0,1.0,C01,138Â 207Â 930,1.0
1010682,201900052213,8,18,15:06,1,1,1,1.0,5.0,31587,Autoroute A 62,M,"43,7705930","1,3844950",31,2019,130.0,1.0,1.0,1.0,2260144,7.0,2,1,1,5.0,,0.0,0,2015.0,D01,138Â 207Â 929,1.0,-1.0,-1.0,1725188,1.0,7,,0.0,2.0,1.0,B01,138Â 207Â 931,1.0
1010682,201900052213,8,18,15:06,1,1,1,1.0,5.0,31587,Autoroute A 62,M,"43,7705930","1,3844950",31,2019,130.0,1.0,1.0,1.0,2260144,7.0,2,1,1,5.0,,0.0,0,2015.0,D01,138Â 207Â 929,1.0,-1.0,-1.0,1725189,2.0,7,,0.0,2.0,1.0,A01,138Â 207Â 932,1.0
1010682,201900052213,8,18,15:06,1,1,1,1.0,5.0,31587,Autoroute A 62,M,"43,7705930","1,3844950",31,2019,130.0,1.0,1.0,1.0,2260145,2.0,2,4,1,9.0,,0.0,0,1982.0,C01,138Â 207Â 930,1.0,-1.0,-1.0,1725183,1.0,7,,0.0,9.0,7.0,G01,138Â 207Â 926,1.0
1010682,201900052213,8,18,15:06,1,1,1,1.0,5.0,31587,Autoroute A 62,M,"43,7705930","1,3844950",31,2019,130.0,1.0,1.0,1.0,2260145,2.0,2,4,1,9.0,,0.0,0,1982.0,C01,138Â 207Â 930,1.0,-1.0,-1.0,1725184,1.0,7,,0.0,0.0,1.0,F01,138Â 207Â 927,1.0
1010682,201900052213,8,18,15:06,1,1,1,1.0,5.0,31587,Autoroute A 62,M,"43,7705930","1,3844950",31,2019,130.0,1.0,1.0,1.0,2260145,2.0,2,4,1,9.0,,0.0,0,1982.0,C01,138Â 207Â 930,1.0,-1.0,-1.0,1725185,1.0,7,,0.0,2.0,1.0,E01,138Â 207Â 928,1.0
1010682,201900052213,8,18,15:06,1,1,1,1.0,5.0,31587,Autoroute A 62,M,"43,7705930","1,3844950",31,2019,130.0,1.0,1.0,1.0,2260145,2.0,2,4,1,9.0,,0.0,0,1982.0,C01,138Â 207Â 930,1.0,-1.0,-1.0,1725186,1.0,99,,0.0,2.0,1.0,D01,138Â 207Â 929,1.0
1010682,201900052213,8,18,15:06,1,1,1,1.0,5.0,31587,Autoroute A 62,M,"43,7705930","1,3844950",31,2019,130.0,1.0,1.0,1.0,2260145,2.0,2,4,1,9.0,,0.0,0,1982.0,C01,138Â 207Â 930,1.0,-1.0,-1.0,1725187,1.0,7,,0.0,2.0,1.0,C01,138Â 207Â 930,1.0
1010682,201900052213,8,18,15:06,1,1,1,1.0,5.0,31587,Autoroute A 62,M,"43,7705930","1,3844950",31,2019,130.0,1.0,1.0,1.0,2260145,2.0,2,4,1,9.0,,0.0,0,1982.0,C01,138Â 207Â 930,1.0,-1.0,-1.0,1725188,1.0,7,,0.0,2.0,1.0,B01,138Â 207Â 931,1.0
1010682,201900052213,8,18,15:06,1,1,1,1.0,5.0,31587,Autoroute A 62,M,"43,7705930","1,3844950",31,2019,130.0,1.0,1.0,1.0,2260145,2.0,2,4,1,9.0,,0.0,0,1982.0,C01,138Â 207Â 930,1.0,-1.0,-1.0,1725189,2.0,7,,0.0,2.0,1.0,A01,138Â 207Â 932,1.0
1010682,201900052213,8,18,15:06,1,1,1,1.0,5.0,31587,Autoroute A 62,M,"43,7705930","1,3844950",31,2019,130.0,1.0,1.0,1.0,2260146,9.0,2,4,2,5.0,,0.0,0,1954.0,C01,138Â 207Â 930,1.0,-1.0,-1.0,1725183,1.0,7,,0.0,9.0,7.0,G01,138Â 207Â 926,1.0
1010682,201900052213,8,18,15:06,1,1,1,1.0,5.0,31587,Autoroute A 62,M,"43,7705930","1,3844950",31,2019,130.0,1.0,1.0,1.0,2260146,9.0,2,4,2,5.0,,0.0,0,1954.0,C01,138Â 207Â 930,1.0,-1.0,-1.0,1725184,1.0,7,,0.0,0.0,1.0,F01,138Â 207Â 927,1.0
1010682,201900052213,8,18,15:06,1,1,1,1.0,5.0,31587,Autoroute A 62,M,"43,7705930","1,3844950",31,2019,130.0,1.0,1.0,1.0,2260146,9.0,2,4,2,5.0,,0.0,0,1954.0,C01,138Â 207Â 930,1.0,-1.0,-1.0,1725185,1.0,7,,0.0,2.0,1.0,E01,138Â 207Â 928,1.0
1010682,201900052213,8,18,15:06,1,1,1,1.0,5.0,31587,Autoroute A 62,M,"43,7705930","1,3844950",31,2019,130.0,1.0,1.0,1.0,2260146,9.0,2,4,2,5.0,,0.0,0,1954.0,C01,138Â 207Â 930,1.0,-1.0,-1.0,1725186,1.0,99,,0.0,2.0,1.0,D01,138Â 207Â 929,1.0
1010682,201900052213,8,18,15:06,1,1,1,1.0,5.0,31587,Autoroute A 62,M,"43,7705930","1,3844950",31,2019,130.0,1.0,1.0,1.0,2260146,9.0,2,4,2,5.0,,0.0,0,1954.0,C01,138Â 207Â 930,1.0,-1.0,-1.0,1725187,1.0,7,,0.0,2.0,1.0,C01,138Â 207Â 930,1.0
1010682,201900052213,8,18,15:06,1,1,1,1.0,5.0,31587,Autoroute A 62,M,"43,7705930","1,3844950",31,2019,130.0,1.0,1.0,1.0,2260146,9.0,2,4,2,5.0,,0.0,0,1954.0,C01,138Â 207Â 930,1.0,-1.0,-1.0,1725188,1.0,7,,0.0,2.0,1.0,B01,138Â 207Â 931,1.0
1010682,201900052213,8,18,15:06,1,1,1,1.0,5.0,31587,Autoroute A 62,M,"43,7705930","1,3844950",31,2019,130.0,1.0,1.0,1.0,2260146,9.0,2,4,2,5.0,,0.0,0,1954.0,C01,138Â 207Â 930,1.0,-1.0,-1.0,1725189,2.0,7,,0.0,2.0,1.0,A01,138Â 207Â 932,1.0
1010682,201900052213,8,18,15:06,1,1,1,1.0,5.0,31587,Autoroute A 62,M,"43,7705930","1,3844950",31,2019,130.0,1.0,1.0,1.0,2260147,9.0,2,4,1,9.0,,0.0,0,1986.0,C01,138Â 207Â 930,1.0,-1.0,-1.0,1725183,1.0,7,,0.0,9.0,7.0,G01,138Â 207Â 926,1.0
1010682,201900052213,8,18,15:06,1,1,1,1.0,5.0,31587,Autoroute A 62,M,"43,7705930","1,3844950",31,2019,130.0,1.0,1.0,1.0,2260147,9.0,2,4,1,9.0,,0.0,0,1986.0,C01,138Â 207Â 930,1.0,-1.0,-1.0,1725184,1.0,7,,0.0,0.0,1.0,F01,138Â 207Â 927,1.0
1010682,201900052213,8,18,15:06,1,1,1,1.0,5.0,31587,Autoroute A 62,M,"43,7705930","1,3844950",31,2019,130.0,1.0,1.0,1.0,2260147,9.0,2,4,1,9.0,,0.0,0,1986.0,C01,138Â 207Â 930,1.0,-1.0,-1.0,1725185,1.0,7,,0.0,2.0,1.0,E01,138Â 207Â 928,1.0
1010682,201900052213,8,18,15:06,1,1,1,1.0,5.0,31587,Autoroute A 62,M,"43,7705930","1,3844950",31,2019,130.0,1.0,1.0,1.0,2260147,9.0,2,4,1,9.0,,0.0,0,1986.0,C01,138Â 207Â 930,1.0,-1.0,-1.0,1725186,1.0,99,,0.0,2.0,1.0,D01,138Â 207Â 929,1.0
1010682,201900052213,8,18,15:06,1,1,1,1.0,5.0,31587,Autoroute A 62,M,"43,7705930","1,3844950",31,2019,130.0,1.0,1.0,1.0,2260147,9.0,2,4,1,9.0,,0.0,0,1986.0,C01,138Â 207Â 930,1.0,-1.0,-1.0,1725187,1.0,7,,0.0,2.0,1.0,C01,138Â 207Â 930,1.0
1010682,201900052213,8,18,15:06,1,1,1,1.0,5.0,31587,Autoroute A 62,M,"43,7705930","1,3844950",31,2019,130.0,1.0,1.0,1.0,2260147,9.0,2,4,1,9.0,,0.0,0,1986.0,C01,138Â 207Â 930,1.0,-1.0,-1.0,1725188,1.0,7,,0.0,2.0,1.0,B01,138Â 207Â 931,1.0
1010682,201900052213,8,18,15:06,1,1,1,1.0,5.0,31587,Autoroute A 62,M,"43,7705930","1,3844950",31,2019,130.0,1.0,1.0,1.0,2260147,9.0,2,4,1,9.0,,0.0,0,1986.0,C01,138Â 207Â 930,1.0,-1.0,-1.0,1725189,2.0,7,,0.0,2.0,1.0,A01,138Â 207Â 932,1.0
1010682,201900052213,8,18,15:06,1,1,1,1.0,5.0,31587,Autoroute A 62,M,"43,7705930","1,3844950",31,2019,130.0,1.0,1.0,1.0,2260148,1.0,1,1,2,5.0,,0.0,0,1991.0,C01,138Â 207Â 930,1.0,-1.0,-1.0,1725183,1.0,7,,0.0,9.0,7.0,G01,138Â 207Â 926,1.0
1010682,201900052213,8,18,15:06,1,1,1,1.0,5.0,31587,Autoroute A 62,M,"43,7705930","1,3844950",31,2019,130.0,1.0,1.0,1.0,2260148,1.0,1,1,2,5.0,,0.0,0,1991.0,C01,138Â 207Â 930,1.0,-1.0,-1.0,1725184,1.0,7,,0.0,0.0,1.0,F01,138Â 207Â 927,1.0
1010682,201900052213,8,18,15:06,1,1,1,1.0,5.0,31587,Autoroute A 62,M,"43,7705930","1,3844950",31,2019,130.0,1.0,1.0,1.0,2260148,1.0,1,1,2,5.0,,0.0,0,1991.0,C01,138Â 207Â 930,1.0,-1.0,-1.0,1725185,1.0,7,,0.0,2.0,1.0,E01,138Â 207Â 928,1.0
1010682,201900052213,8,18,15:06,1,1,1,1.0,5.0,31587,Autoroute A 62,M,"43,7705930","1,3844950",31,2019,130.0,1.0,1.0,1.0,2260148,1.0,1,1,2,5.0,,0.0,0,1991.0,C01,138Â 207Â 930,1.0,-1.0,-1.0,1725186,1.0,99,,0.0,2.0,1.0,D01,138Â 207Â 929,1.0
1010682,201900052213,8,18,15:06,1,1,1,1.0,5.0,31587,Autoroute A 62,M,"43,7705930","1,3844950",31,2019,130.0,1.0,1.0,1.0,2260148,1.0,1,1,2,5.0,,0.0,0,1991.0,C01,138Â 207Â 930,1.0,-1.0,-1.0,1725187,1.0,7,,0.0,2.0,1.0,C01,138Â 207Â 930,1.0
1010682,201900052213,8,18,15:06,1,1,1,1.0,5.0,31587,Autoroute A 62,M,"43,7705930","1,3844950",31,2019,130.0,1.0,1.0,1.0,2260148,1.0,1,1,2,5.0,,0.0,0,1991.0,C01,138Â 207Â 930,1.0,-1.0,-1.0,1725188,1.0,7,,0.0,2.0,1.0,B01,138Â 207Â 931,1.0
1010682,201900052213,8,18,15:06,1,1,1,1.0,5.0,31587,Autoroute A 62,M,"43,7705930","1,3844950",31,2019,130.0,1.0,1.0,1.0,2260148,1.0,1,1,2,5.0,,0.0,0,1991.0,C01,138Â 207Â 930,1.0,-1.0,-1.0,1725189,2.0,7,,0.0,2.0,1.0,A01,138Â 207Â 932,1.0
1010682,201900052213,8,18,15:06,1,1,1,1.0,5.0,31587,Autoroute A 62,M,"43,7705930","1,3844950",31,2019,130.0,1.0,1.0,1.0,2260149,7.0,2,1,2,5.0,,0.0,0,2016.0,B01,138Â 207Â 931,1.0,-1.0,-1.0,1725183,1.0,7,,0.0,9.0,7.0,G01,138Â 207Â 926,1.0
1010682,201900052213,8,18,15:06,1,1,1,1.0,5.0,31587,Autoroute A 62,M,"43,7705930","1,3844950",31,2019,130.0,1.0,1.0,1.0,2260149,7.0,2,1,2,5.0,,0.0,0,2016.0,B01,138Â 207Â 931,1.0,-1.0,-1.0,1725184,1.0,7,,0.0,0.0,1.0,F01,138Â 207Â 927,1.0
1010682,201900052213,8,18,15:06,1,1,1,1.0,5.0,31587,Autoroute A 62,M,"43,7705930","1,3844950",31,2019,130.0,1.0,1.0,1.0,2260149,7.0,2,1,2,5.0,,0.0,0,2016.0,B01,138Â 207Â 931,1.0,-1.0,-1.0,1725185,1.0,7,,0.0,2.0,1.0,E01,138Â 207Â 928,1.0
1010682,201900052213,8,18,15:06,1,1,1,1.0,5.0,31587,Autoroute A 62,M,"43,7705930","1,3844950",31,2019,130.0,1.0,1.0,1.0,2260149,7.0,2,1,2,5.0,,0.0,0,2016.0,B01,138Â 207Â 931,1.0,-1.0,-1.0,1725186,1.0,99,,0.0,2.0,1.0,D01,138Â 207Â 929,1.0
1010682,201900052213,8,18,15:06,1,1,1,1.0,5.0,31587,Autoroute A 62,M,"43,7705930","1,3844950",31,2019,130.0,1.0,1.0,1.0,2260149,7.0,2,1,2,5.0,,0.0,0,2016.0,B01,138Â 207Â 931,1.0,-1.0,-1.0,1725187,1.0,7,,0.0,2.0,1.0,C01,138Â 207Â 930,1.0
1010682,201900052213,8,18,15:06,1,1,1,1.0,5.0,31587,Autoroute A 62,M,"43,7705930","1,3844950",31,2019,130.0,1.0,1.0,1.0,2260149,7.0,2,1,2,5.0,,0.0,0,2016.0,B01,138Â 207Â 931,1.0,-1.0,-1.0,1725188,1.0,7,,0.0,2.0,1.0,B01,138Â 207Â 931,1.0
1010682,201900052213,8,18,15:06,1,1,1,1.0,5.0,31587,Autoroute A 62,M,"43,7705930","1,3844950",31,2019,130.0,1.0,1.0,1.0,2260149,7.0,2,1,2,5.0,,0.0,0,2016.0,B01,138Â 207Â 931,1.0,-1.0,-1.0,1725189,2.0,7,,0.0,2.0,1.0,A01,138Â 207Â 932,1.0
1010682,201900052213,8,18,15:06,1,1,1,1.0,5.0,31587,Autoroute A 62,M,"43,7705930","1,3844950",31,2019,130.0,1.0,1.0,1.0,2260150,2.0,2,4,2,5.0,,0.0,0,1987.0,B01,138Â 207Â 931,1.0,-1.0,-1.0,1725183,1.0,7,,0.0,9.0,7.0,G01,138Â 207Â 926,1.0
1010682,201900052213,8,18,15:06,1,1,1,1.0,5.0,31587,Autoroute A 62,M,"43,7705930","1,3844950",31,2019,130.0,1.0,1.0,1.0,2260150,2.0,2,4,2,5.0,,0.0,0,1987.0,B01,138Â 207Â 931,1.0,-1.0,-1.0,1725184,1.0,7,,0.0,0.0,1.0,F01,138Â 207Â 927,1.0
1010682,201900052213,8,18,15:06,1,1,1,1.0,5.0,31587,Autoroute A 62,M,"43,7705930","1,3844950",31,2019,130.0,1.0,1.0,1.0,2260150,2.0,2,4,2,5.0,,0.0,0,1987.0,B01,138Â 207Â 931,1.0,-1.0,-1.0,1725185,1.0,7,,0.0,2.0,1.0,E01,138Â 207Â 928,1.0
1010682,201900052213,8,18,15:06,1,1,1,1.0,5.0,31587,Autoroute A 62,M,"43,7705930","1,3844950",31,2019,130.0,1.0,1.0,1.0,2260150,2.0,2,4,2,5.0,,0.0,0,1987.0,B01,138Â 207Â 931,1.0,-1.0,-1.0,1725186,1.0,99,,0.0,2.0,1.0,D01,138Â 207Â 929,1.0
1010682,201900052213,8,18,15:06,1,1,1,1.0,5.0,31587,Autoroute A 62,M,"43,7705930","1,3844950",31,2019,130.0,1.0,1.0,1.0,2260150,2.0,2,4,2,5.0,,0.0,0,1987.0,B01,138Â 207Â 931,1.0,-1.0,-1.0,1725187,1.0,7,,0.0,2.0,1.0,C01,138Â 207Â 930,1.0
1010682,201900052213,8,18,15:06,1,1,1,1.0,5.0,31587,Autoroute A 62,M,"43,7705930","1,3844950",31,2019,130.0,1.0,1.0,1.0,2260150,2.0,2,4,2,5.0,,0.0,0,1987.0,B01,138Â 207Â 931,1.0,-1.0,-1.0,1725188,1.0,7,,0.0,2.0,1.0,B01,138Â 207Â 931,1.0
1010682,201900052213,8,18,15:06,1,1,1,1.0,5.0,31587,Autoroute A 62,M,"43,7705930","1,3844950",31,2019,130.0,1.0,1.0,1.0,2260150,2.0,2,4,2,5.0,,0.0,0,1987.0,B01,138Â 207Â 931,1.0,-1.0,-1.0,1725189,2.0,7,,0.0,2.0,1.0,A01,138Â 207Â 932,1.0
1010682,201900052213,8,18,15:06,1,1,1,1.0,5.0,31587,Autoroute A 62,M,"43,7705930","1,3844950",31,2019,130.0,1.0,1.0,1.0,2260151,1.0,1,4,1,5.0,,0.0,0,1985.0,B01,138Â 207Â 931,1.0,-1.0,-1.0,1725183,1.0,7,,0.0,9.0,7.0,G01,138Â 207Â 926,1.0
1010682,201900052213,8,18,15:06,1,1,1,1.0,5.0,31587,Autoroute A 62,M,"43,7705930","1,3844950",31,2019,130.0,1.0,1.0,1.0,2260151,1.0,1,4,1,5.0,,0.0,0,1985.0,B01,138Â 207Â 931,1.0,-1.0,-1.0,1725184,1.0,7,,0.0,0.0,1.0,F01,138Â 207Â 927,1.0
1010682,201900052213,8,18,15:06,1,1,1,1.0,5.0,31587,Autoroute A 62,M,"43,7705930","1,3844950",31,2019,130.0,1.0,1.0,1.0,2260151,1.0,1,4,1,5.0,,0.0,0,1985.0,B01,138Â 207Â 931,1.0,-1.0,-1.0,1725185,1.0,7,,0.0,2.0,1.0,E01,138Â 207Â 928,1.0
1010682,201900052213,8,18,15:06,1,1,1,1.0,5.0,31587,Autoroute A 62,M,"43,7705930","1,3844950",31,2019,130.0,1.0,1.0,1.0,2260151,1.0,1,4,1,5.0,,0.0,0,1985.0,B01,138Â 207Â 931,1.0,-1.0,-1.0,1725186,1.0,99,,0.0,2.0,1.0,D01,138Â 207Â 929,1.0
1010682,201900052213,8,18,15:06,1,1,1,1.0,5.0,31587,Autoroute A 62,M,"43,7705930","1,3844950",31,2019,130.0,1.0,1.0,1.0,2260151,1.0,1,4,1,5.0,,0.0,0,1985.0,B01,138Â 207Â 931,1.0,-1.0,-1.0,1725187,1.0,7,,0.0,2.0,1.0,C01,138Â 207Â 930,1.0
1010682,201900052213,8,18,15:06,1,1,1,1.0,5.0,31587,Autoroute A 62,M,"43,7705930","1,3844950",31,2019,130.0,1.0,1.0,1.0,2260151,1.0,1,4,1,5.0,,0.0,0,1985.0,B01,138Â 207Â 931,1.0,-1.0,-1.0,1725188,1.0,7,,0.0,2.0,1.0,B01,138Â 207Â 931,1.0
1010682,201900052213,8,18,15:06,1,1,1,1.0,5.0,31587,Autoroute A 62,M,"43,7705930","1,3844950",31,2019,130.0,1.0,1.0,1.0,2260151,1.0,1,4,1,5.0,,0.0,0,1985.0,B01,138Â 207Â 931,1.0,-1.0,-1.0,1725189,2.0,7,,0.0,2.0,1.0,A01,138Â 207Â 932,1.0
1010682,201900052213,8,18,15:06,1,1,1,1.0,5.0,31587,Autoroute A 62,M,"43,7705930","1,3844950",31,2019,130.0,1.0,1.0,1.0,2260152,7.0,2,4,1,5.0,,0.0,0,2011.0,B01,138Â 207Â 931,1.0,-1.0,-1.0,1725183,1.0,7,,0.0,9.0,7.0,G01,138Â 207Â 926,1.0
1010682,201900052213,8,18,15:06,1,1,1,1.0,5.0,31587,Autoroute A 62,M,"43,7705930","1,3844950",31,2019,130.0,1.0,1.0,1.0,2260152,7.0,2,4,1,5.0,,0.0,0,2011.0,B01,138Â 207Â 931,1.0,-1.0,-1.0,1725184,1.0,7,,0.0,0.0,1.0,F01,138Â 207Â 927,1.0
1010682,201900052213,8,18,15:06,1,1,1,1.0,5.0,31587,Autoroute A 62,M,"43,7705930","1,3844950",31,2019,130.0,1.0,1.0,1.0,2260152,7.0,2,4,1,5.0,,0.0,0,2011.0,B01,138Â 207Â 931,1.0,-1.0,-1.0,1725185,1.0,7,,0.0,2.0,1.0,E01,138Â 207Â 928,1.0
1010682,201900052213,8,18,15:06,1,1,1,1.0,5.0,31587,Autoroute A 62,M,"43,7705930","1,3844950",31,2019,130.0,1.0,1.0,1.0,2260152,7.0,2,4,1,5.0,,0.0,0,2011.0,B01,138Â 207Â 931,1.0,-1.0,-1.0,1725186,1.0,99,,0.0,2.0,1.0,D01,138Â 207Â 929,1.0
1010682,201900052213,8,18,15:06,1,1,1,1.0,5.0,31587,Autoroute A 62,M,"43,7705930","1,3844950",31,2019,130.0,1.0,1.0,1.0,2260152,7.0,2,4,1,5.0,,0.0,0,2011.0,B01,138Â 207Â 931,1.0,-1.0,-1.0,1725187,1.0,7,,0.0,2.0,1.0,C01,138Â 207Â 930,1.0
1010682,201900052213,8,18,15:06,1,1,1,1.0,5.0,31587,Autoroute A 62,M,"43,7705930","1,3844950",31,2019,130.0,1.0,1.0,1.0,2260152,7.0,2,4,1,5.0,,0.0,0,2011.0,B01,138Â 207Â 931,1.0,-1.0,-1.0,1725188,1.0,7,,0.0,2.0,1.0,B01,138Â 207Â 931,1.0
1010682,201900052213,8,18,15:06,1,1,1,1.0,5.0,31587,Autoroute A 62,M,"43,7705930","1,3844950",31,2019,130.0,1.0,1.0,1.0,2260152,7.0,2,4,1,5.0,,0.0,0,2011.0,B01,138Â 207Â 931,1.0,-1.0,-1.0,1725189,2.0,7,,0.0,2.0,1.0,A01,138Â 207Â 932,1.0
1010682,201900052213,8,18,15:06,1,1,1,1.0,5.0,31587,Autoroute A 62,M,"43,7705930","1,3844950",31,2019,130.0,1.0,1.0,1.0,2260153,1.0,1,3,1,5.0,,0.0,0,1992.0,A01,138Â 207Â 932,1.0,-1.0,-1.0,1725183,1.0,7,,0.0,9.0,7.0,G01,138Â 207Â 926,1.0
1010682,201900052213,8,18,15:06,1,1,1,1.0,5.0,31587,Autoroute A 62,M,"43,7705930","1,3844950",31,2019,130.0,1.0,1.0,1.0,2260153,1.0,1,3,1,5.0,,0.0,0,1992.0,A01,138Â 207Â 932,1.0,-1.0,-1.0,1725184,1.0,7,,0.0,0.0,1.0,F01,138Â 207Â 927,1.0
1010682,201900052213,8,18,15:06,1,1,1,1.0,5.0,31587,Autoroute A 62,M,"43,7705930","1,3844950",31,2019,130.0,1.0,1.0,1.0,2260153,1.0,1,3,1,5.0,,0.0,0,1992.0,A01,138Â 207Â 932,1.0,-1.0,-1.0,1725185,1.0,7,,0.0,2.0,1.0,E01,138Â 207Â 928,1.0
1010682,201900052213,8,18,15:06,1,1,1,1.0,5.0,31587,Autoroute A 62,M,"43,7705930","1,3844950",31,2019,130.0,1.0,1.0,1.0,2260153,1.0,1,3,1,5.0,,0.0,0,1992.0,A01,138Â 207Â 932,1.0,-1.0,-1.0,1725186,1.0,99,,0.0,2.0,1.0,D01,138Â 207Â 929,1.0
1010682,201900052213,8,18,15:06,1,1,1,1.0,5.0,31587,Autoroute A 62,M,"43,7705930","1,3844950",31,2019,130.0,1.0,1.0,1.0,2260153,1.0,1,3,1,5.0,,0.0,0,1992.0,A01,138Â 207Â 932,1.0,-1.0,-1.0,1725187,1.0,7,,0.0,2.0,1.0,C01,138Â 207Â 930,1.0
1010682,201900052213,8,18,15:06,1,1,1,1.0,5.0,31587,Autoroute A 62,M,"43,7705930","1,3844950",31,2019,130.0,1.0,1.0,1.0,2260153,1.0,1,3,1,5.0,,0.0,0,1992.0,A01,138Â 207Â 932,1.0,-1.0,-1.0,1725188,1.0,7,,0.0,2.0,1.0,B01,138Â 207Â 931,1.0
1010682,201900052213,8,18,15:06,1,1,1,1.0,5.0,31587,Autoroute A 62,M,"43,7705930","1,3844950",31,2019,130.0,1.0,1.0,1.0,2260153,1.0,1,3,1,5.0,,0.0,0,1992.0,A01,138Â 207Â 932,1.0,-1.0,-1.0,1725189,2.0,7,,0.0,2.0,1.0,A01,138Â 207Â 932,1.0
1010683,201900052214,8,22,12:55,1,2,1,1.0,2.0,97309,Route de Montjoly,M,"4,9131066"," -52,2730410",973,2019,50.0,1.0,1.0,3.0,2260154,1.0,1,3,1,5.0,,0.0,0,1995.0,A01,138Â 207Â 924,2.0,-1.0,-1.0,1725190,1.0,2,,0.0,2.0,1.0,A01,138Â 207Â 924,1.0
1010683,201900052214,8,22,12:55,1,2,1,1.0,2.0,97309,Route de Montjoly,M,"4,9131066"," -52,2730410",973,2019,50.0,1.0,1.0,3.0,2260154,1.0,1,3,1,5.0,,0.0,0,1995.0,A01,138Â 207Â 924,2.0,-1.0,-1.0,1725191,1.0,7,,0.0,2.0,6.0,B01,138Â 207Â 925,1.0
1010683,201900052214,8,22,12:55,1,2,1,1.0,2.0,97309,Route de Montjoly,M,"4,9131066"," -52,2730410",973,2019,50.0,1.0,1.0,3.0,2260155,1.0,1,1,1,5.0,,0.0,0,1997.0,B01,138Â 207Â 925,1.0,-1.0,-1.0,1725190,1.0,2,,0.0,2.0,1.0,A01,138Â 207Â 924,1.0
1010683,201900052214,8,22,12:55,1,2,1,1.0,2.0,97309,Route de Montjoly,M,"4,9131066"," -52,2730410",973,2019,50.0,1.0,1.0,3.0,2260155,1.0,1,1,1,5.0,,0.0,0,1997.0,B01,138Â 207Â 925,1.0,-1.0,-1.0,1725191,1.0,7,,0.0,2.0,6.0,B01,138Â 207Â 925,1.0
1010684,201900052215,8,21,20:00,1,1,1,1.0,3.0,68300,autoroute A36,M,"47,7761060","7,3905390",68,2019,110.0,1.0,1.0,1.0,2260156,7.0,2,4,2,3.0,,0.0,0,2006.0,B01,138Â 207Â 922,1.0,-1.0,-1.0,1725192,2.0,7,,0.0,0.0,3.0,B01,138Â 207Â 922,1.0
1010684,201900052215,8,21,20:00,1,1,1,1.0,3.0,68300,autoroute A36,M,"47,7761060","7,3905390",68,2019,110.0,1.0,1.0,1.0,2260156,7.0,2,4,2,3.0,,0.0,0,2006.0,B01,138Â 207Â 922,1.0,-1.0,-1.0,1725193,2.0,7,,0.0,2.0,2.0,A01,138Â 207Â 923,1.0
1010684,201900052215,8,21,20:00,1,1,1,1.0,3.0,68300,autoroute A36,M,"47,7761060","7,3905390",68,2019,110.0,1.0,1.0,1.0,2260157,1.0,1,4,2,3.0,,0.0,0,1968.0,B01,138Â 207Â 922,1.0,-1.0,-1.0,1725192,2.0,7,,0.0,0.0,3.0,B01,138Â 207Â 922,1.0
1010684,201900052215,8,21,20:00,1,1,1,1.0,3.0,68300,autoroute A36,M,"47,7761060","7,3905390",68,2019,110.0,1.0,1.0,1.0,2260157,1.0,1,4,2,3.0,,0.0,0,1968.0,B01,138Â 207Â 922,1.0,-1.0,-1.0,1725193,2.0,7,,0.0,2.0,2.0,A01,138Â 207Â 923,1.0
1010684,201900052215,8,21,20:00,1,1,1,1.0,3.0,68300,autoroute A36,M,"47,7761060","7,3905390",68,2019,110.0,1.0,1.0,1.0,2260158,2.0,2,4,1,3.0,,0.0,0,2009.0,B01,138Â 207Â 922,1.0,-1.0,-1.0,1725192,2.0,7,,0.0,0.0,3.0,B01,138Â 207Â 922,1.0
1010684,201900052215,8,21,20:00,1,1,1,1.0,3.0,68300,autoroute A36,M,"47,7761060","7,3905390",68,2019,110.0,1.0,1.0,1.0,2260158,2.0,2,4,1,3.0,,0.0,0,2009.0,B01,138Â 207Â 922,1.0,-1.0,-1.0,1725193,2.0,7,,0.0,2.0,2.0,A01,138Â 207Â 923,1.0
1010684,201900052215,8,21,20:00,1,1,1,1.0,3.0,68300,autoroute A36,M,"47,7761060","7,3905390",68,2019,110.0,1.0,1.0,1.0,2260159,2.0,2,1,1,5.0,,0.0,0,1992.0,A01,138Â 207Â 923,1.0,-1.0,-1.0,1725192,2.0,7,,0.0,0.0,3.0,B01,138Â 207Â 922,1.0