Unnamed: 0_x,num_acc,mois,jour,hrmn,lum,agg,int,atm,col,com,adr,gps,lat,long,dep,annee,vma,situ,surf,catr,Unnamed: 0_y,place,catu,grav,sexe,trajet,secu,locp,actp,an_nais,num_veh_x,id_vehicule_x,secu1,secu2,secu3,Unnamed: 0,senc,catv,occutc,obs,obsm,choc,num_veh_y,id_vehicule_y,motor
1010684,201900052215,8,21,20:00,1,1,1,1.0,3.0,68300,autoroute A36,M,"47,7761060","7,3905390",68,2019,110.0,1.0,1.0,1.0,2260159,2.0,2,1,1,5.0,,0.0,0,1992.0,A01,138Â 207Â 923,1.0,-1.0,-1.0,1725193,2.0,7,,0.0,2.0,2.0,A01,138Â 207Â 923,1.0
1010684,201900052215,8,21,20:00,1,1,1,1.0,3.0,68300,autoroute A36,M,"47,7761060","7,3905390",68,2019,110.0,1.0,1.0,1.0,2260160,1.0,1,1,1,5.0,,0.0,0,1994.0,A01,138Â 207Â 923,1.0,-1.0,-1.0,1725192,2.0,7,,0.0,0.0,3.0,B01,138Â 207Â 922,1.0
1010684,201900052215,8,21,20:00,1,1,1,1.0,3.0,68300,autoroute A36,M,"47,7761060","7,3905390",68,2019,110.0,1.0,1.0,1.0,2260160,1.0,1,1,1,5.0,,0.0,0,1994.0,A01,138Â 207Â 923,1.0,-1.0,-1.0,1725193,2.0,7,,0.0,2.0,2.0,A01,138Â 207Â 923,1.0
1010685,201900052216,8,18,11:30,1,1,1,1.0,6.0,57630,"ROUTE NATIONAL 4 - PR 18+200 - sens ""SARREBOURG-PHALSBOURG""",M,"48,7169960","7,0484770",57,2019,50.0,3.0,1.0,2.0,2260161,1.0,1,3,2,5.0,,0.0,0,1937.0,A01,138Â 207Â 921,1.0,-1.0,-1.0,1725194,1.0,7,,3.0,0.0,1.0,A01,138Â 207Â 921,1.0
1010686,201900052217,8,22,16:20,1,1,1,1.0,7.0,13114,A8 PK 5+500 sens Aix / Salon,M,"43,5550040","5,2852420",13,2019,130.0,2.0,1.0,1.0,2260162,1.0,1,3,1,1.0,,0.0,0,1967.0,A01,138Â 207Â 920,8.0,-1.0,-1.0,1725195,2.0,7,,13.0,0.0,9.0,A01,138Â 207Â 920,1.0
1010686,201900052217,8,22,16:20,1,1,1,1.0,7.0,13114,A8 PK 5+500 sens Aix / Salon,M,"43,5550040","5,2852420",13,2019,130.0,2.0,1.0,1.0,2260163,2.0,2,2,1,4.0,,0.0,0,1960.0,A01,138Â 207Â 920,1.0,-1.0,-1.0,1725195,2.0,7,,13.0,0.0,9.0,A01,138Â 207Â 920,1.0
1010687,201900052218,8,20,14:15,1,1,1,1.0,7.0,98817,route du col de la fontaine de PLUM,M," -22,2597200","166,6185500",988,2019,70.0,8.0,1.0,3.0,2260164,1.0,1,3,1,0.0,,0.0,0,1943.0,A01,138Â 207Â 919,1.0,-1.0,-1.0,1725196,3.0,7,,3.0,0.0,0.0,A01,138Â 207Â 919,6.0
1010687,201900052218,8,20,14:15,1,1,1,1.0,7.0,98817,route du col de la fontaine de PLUM,M," -22,2597200","166,6185500",988,2019,70.0,8.0,1.0,3.0,2260165,2.0,2,1,1,9.0,,0.0,0,2004.0,A01,138Â 207Â 919,1.0,-1.0,-1.0,1725196,3.0,7,,3.0,0.0,0.0,A01,138Â 207Â 919,6.0
1010688,201900052219,8,21,18:05,1,1,1,1.0,6.0,33097,RD207,M,"45,0793430"," -1,0292300",33,2019,80.0,3.0,1.0,3.0,2260166,1.0,1,4,1,5.0,,0.0,0,1954.0,A01,138Â 207Â 916,1.0,-1.0,-1.0,1725197,1.0,7,,8.0,0.0,1.0,A01,138Â 207Â 916,1.0
1010689,201900052220,8,22,19:05,1,1,3,1.0,3.0,77392,D401 X RTE DE ROUVRES,M,"49,0550500","2,7155900",77,2019,50.0,1.0,1.0,3.0,2260167,2.0,2,1,2,0.0,,0.0,0,2010.0,A01,138Â 207Â 914,1.0,-1.0,-1.0,1725198,0.0,7,,0.0,0.0,3.0,A01,138Â 207Â 914,1.0
1010689,201900052220,8,22,19:05,1,1,3,1.0,3.0,77392,D401 X RTE DE ROUVRES,M,"49,0550500","2,7155900",77,2019,50.0,1.0,1.0,3.0,2260167,2.0,2,1,2,0.0,,0.0,0,2010.0,A01,138Â 207Â 914,1.0,-1.0,-1.0,1725199,1.0,34,,0.0,2.0,1.0,B01,138Â 207Â 915,1.0
1010689,201900052220,8,22,19:05,1,1,3,1.0,3.0,77392,D401 X RTE DE ROUVRES,M,"49,0550500","2,7155900",77,2019,50.0,1.0,1.0,3.0,2260168,1.0,1,1,2,0.0,,0.0,0,1982.0,A01,138Â 207Â 914,1.0,-1.0,-1.0,1725198,0.0,7,,0.0,0.0,3.0,A01,138Â 207Â 914,1.0
1010689,201900052220,8,22,19:05,1,1,3,1.0,3.0,77392,D401 X RTE DE ROUVRES,M,"49,0550500","2,7155900",77,2019,50.0,1.0,1.0,3.0,2260168,1.0,1,1,2,0.0,,0.0,0,1982.0,A01,138Â 207Â 914,1.0,-1.0,-1.0,1725199,1.0,34,,0.0,2.0,1.0,B01,138Â 207Â 915,1.0
1010689,201900052220,8,22,19:05,1,1,3,1.0,3.0,77392,D401 X RTE DE ROUVRES,M,"49,0550500","2,7155900",77,2019,50.0,1.0,1.0,3.0,2260169,1.0,1,4,1,0.0,,0.0,0,1965.0,B01,138Â 207Â 915,2.0,6.0,-1.0,1725198,0.0,7,,0.0,0.0,3.0,A01,138Â 207Â 914,1.0
1010689,201900052220,8,22,19:05,1,1,3,1.0,3.0,77392,D401 X RTE DE ROUVRES,M,"49,0550500","2,7155900",77,2019,50.0,1.0,1.0,3.0,2260169,1.0,1,4,1,0.0,,0.0,0,1965.0,B01,138Â 207Â 915,2.0,6.0,-1.0,1725199,1.0,34,,0.0,2.0,1.0,B01,138Â 207Â 915,1.0
1010690,201900052221,8,22,15:00,1,1,2,1.0,3.0,95483,Route dÃ©partemenale 51,M,"49,1072020","1,9269680",95,2019,80.0,1.0,1.0,3.0,2260170,1.0,1,3,1,5.0,,0.0,0,1952.0,B01,138Â 207Â 912,2.0,-1.0,-1.0,1725200,1.0,1,,0.0,2.0,8.0,B01,138Â 207Â 912,5.0
1010690,201900052221,8,22,15:00,1,1,2,1.0,3.0,95483,Route dÃ©partemenale 51,M,"49,1072020","1,9269680",95,2019,80.0,1.0,1.0,3.0,2260170,1.0,1,3,1,5.0,,0.0,0,1952.0,B01,138Â 207Â 912,2.0,-1.0,-1.0,1725201,2.0,10,,0.0,2.0,1.0,A01,138Â 207Â 913,1.0
1010690,201900052221,8,22,15:00,1,1,2,1.0,3.0,95483,Route dÃ©partemenale 51,M,"49,1072020","1,9269680",95,2019,80.0,1.0,1.0,3.0,2260171,1.0,1,1,1,4.0,,0.0,0,1991.0,A01,138Â 207Â 913,1.0,-1.0,-1.0,1725200,1.0,1,,0.0,2.0,8.0,B01,138Â 207Â 912,5.0
1010690,201900052221,8,22,15:00,1,1,2,1.0,3.0,95483,Route dÃ©partemenale 51,M,"49,1072020","1,9269680",95,2019,80.0,1.0,1.0,3.0,2260171,1.0,1,1,1,4.0,,0.0,0,1991.0,A01,138Â 207Â 913,1.0,-1.0,-1.0,1725201,2.0,10,,0.0,2.0,1.0,A01,138Â 207Â 913,1.0
1010690,201900052221,8,22,15:00,1,1,2,1.0,3.0,95483,Route dÃ©partemenale 51,M,"49,1072020","1,9269680",95,2019,80.0,1.0,1.0,3.0,2260172,6.0,2,1,1,4.0,,0.0,0,1994.0,A01,138Â 207Â 913,1.0,-1.0,-1.0,1725200,1.0,1,,0.0,2.0,8.0,B01,138Â 207Â 912,5.0
1010690,201900052221,8,22,15:00,1,1,2,1.0,3.0,95483,Route dÃ©partemenale 51,M,"49,1072020","1,9269680",95,2019,80.0,1.0,1.0,3.0,2260172,6.0,2,1,1,4.0,,0.0,0,1994.0,A01,138Â 207Â 913,1.0,-1.0,-1.0,1725201,2.0,10,,0.0,2.0,1.0,A01,138Â 207Â 913,1.0
1010690,201900052221,8,22,15:00,1,1,2,1.0,3.0,95483,Route dÃ©partemenale 51,M,"49,1072020","1,9269680",95,2019,80.0,1.0,1.0,3.0,2260173,2.0,2,1,1,4.0,,0.0,0,1975.0,A01,138Â 207Â 913,1.0,-1.0,-1.0,1725200,1.0,1,,0.0,2.0,8.0,B01,138Â 207Â 912,5.0
1010690,201900052221,8,22,15:00,1,1,2,1.0,3.0,95483,Route dÃ©partemenale 51,M,"49,1072020","1,9269680",95,2019,80.0,1.0,1.0,3.0,2260173,2.0,2,1,1,4.0,,0.0,0,1975.0,A01,138Â 207Â 913,1.0,-1.0,-1.0,1725201,2.0,10,,0.0,2.0,1.0,A01,138Â 207Â 913,1.0
1010691,201900052222,8,21,05:30,5,2,6,1.0,7.0,83042,rond poin st maure,M,"43,2519140","6,5293950",83,2019,50.0,1.0,1.0,3.0,2260174,1.0,1,3,1,0.0,,0.0,0,1996.0,A01,138Â 207Â 909,2.0,6.0,-1.0,1725202,1.0,33,,0.0,0.0,1.0,A01,138Â 207Â 909,6.0
1010692,201900052223,8,22,07:00,1,1,1,1.0,6.0,05173,RD 51,M,"44,3200380","5,8855750",5,2019,80.0,3.0,1.0,3.0,2260175,1.0,1,3,1,0.0,,0.0,0,1983.0,A01,138Â 207Â 908,2.0,-1.0,-1.0,1725203,2.0,31,,2.0,0.0,9.0,A01,138Â 207Â 908,1.0
1010693,201900052224,3,27,16:00,1,1,1,1.0,3.0,59043,ESTAIRES (ROUTE D'),M,"50,7263200","2,7114400",59,2019,70.0,1.0,1.0,3.0,2260176,1.0,1,3,2,5.0,,-1.0,0,1996.0,A01,138Â 207Â 906,1.0,5.0,-1.0,1725204,1.0,7,,0.0,2.0,5.0,A01,138Â 207Â 906,1.0
1010693,201900052224,3,27,16:00,1,1,1,1.0,3.0,59043,ESTAIRES (ROUTE D'),M,"50,7263200","2,7114400",59,2019,70.0,1.0,1.0,3.0,2260176,1.0,1,3,2,5.0,,-1.0,0,1996.0,A01,138Â 207Â 906,1.0,5.0,-1.0,1725205,2.0,7,,0.0,2.0,1.0,B01,138Â 207Â 907,1.0
1010693,201900052224,3,27,16:00,1,1,1,1.0,3.0,59043,ESTAIRES (ROUTE D'),M,"50,7263200","2,7114400",59,2019,70.0,1.0,1.0,3.0,2260177,1.0,1,1,2,5.0,,-1.0,0,1974.0,B01,138Â 207Â 907,1.0,0.0,-1.0,1725204,1.0,7,,0.0,2.0,5.0,A01,138Â 207Â 906,1.0
1010693,201900052224,3,27,16:00,1,1,1,1.0,3.0,59043,ESTAIRES (ROUTE D'),M,"50,7263200","2,7114400",59,2019,70.0,1.0,1.0,3.0,2260177,1.0,1,1,2,5.0,,-1.0,0,1974.0,B01,138Â 207Â 907,1.0,0.0,-1.0,1725205,2.0,7,,0.0,2.0,1.0,B01,138Â 207Â 907,1.0
1010694,201900052225,3,26,16:00,1,2,1,1.0,6.0,57672,GENERAL DE CASTELNAU (RUE DU),M,"49,3526900","6,1608500",57,2019,50.0,1.0,1.0,4.0,2260178,1.0,1,1,1,4.0,,-1.0, -1,1986.0,A01,138Â 207Â 905,1.0,0.0,-1.0,1725206,1.0,7,,0.0,1.0,3.0,A01,138Â 207Â 905,1.0
1010694,201900052225,3,26,16:00,1,2,1,1.0,6.0,57672,GENERAL DE CASTELNAU (RUE DU),M,"49,3526900","6,1608500",57,2019,50.0,1.0,1.0,4.0,2260179,10.0,3,3,2,5.0,,3.0,3,1999.0,A01,138Â 207Â 905,8.0,0.0,-1.0,1725206,1.0,7,,0.0,1.0,3.0,A01,138Â 207Â 905,1.0
1010695,201900052226,3,27,19:15,2,2,1,1.0,6.0,56121,LANVEUR (rue de),M,"47,7421400"," -3,3862500",56,2019,50.0,1.0,1.0,4.0,2260180,1.0,1,3,1,5.0,,0.0,0,1988.0,A01,138Â 207Â 901,2.0,8.0,-1.0,1725207,1.0,30,,1.0,0.0,1.0,A01,138Â 207Â 901,1.0
1010696,201900052227,3,27,14:30,1,2,1,1.0,2.0,54547,AIGUILLETTES (BD 1 A 3),M,"48,6672300","6,1646000",54,2019,50.0,1.0,1.0,4.0,2260181,1.0,1,1,2,0.0,,-1.0,0,1967.0,A01,138Â 207Â 899,1.0,0.0,-1.0,1725208,1.0,7,,0.0,2.0,1.0,A01,138Â 207Â 899,1.0
1010696,201900052227,3,27,14:30,1,2,1,1.0,2.0,54547,AIGUILLETTES (BD 1 A 3),M,"48,6672300","6,1646000",54,2019,50.0,1.0,1.0,4.0,2260181,1.0,1,1,2,0.0,,-1.0,0,1967.0,A01,138Â 207Â 899,1.0,0.0,-1.0,1725209,1.0,33,,0.0,2.0,4.0,B01,138Â 207Â 900,1.0
1010696,201900052227,3,27,14:30,1,2,1,1.0,2.0,54547,AIGUILLETTES (BD 1 A 3),M,"48,6672300","6,1646000",54,2019,50.0,1.0,1.0,4.0,2260182,1.0,1,4,1,9.0,,-1.0,0,1977.0,B01,138Â 207Â 900,2.0,0.0,-1.0,1725208,1.0,7,,0.0,2.0,1.0,A01,138Â 207Â 899,1.0
1010696,201900052227,3,27,14:30,1,2,1,1.0,2.0,54547,AIGUILLETTES (BD 1 A 3),M,"48,6672300","6,1646000",54,2019,50.0,1.0,1.0,4.0,2260182,1.0,1,4,1,9.0,,-1.0,0,1977.0,B01,138Â 207Â 900,2.0,0.0,-1.0,1725209,1.0,33,,0.0,2.0,4.0,B01,138Â 207Â 900,1.0
1010697,201900052228,3,29,15:54,1,2,1,1.0,6.0,54323,AVIATION (AVENUE DE L'),M,"49,5183000","5,7582000",54,2019,30.0,2.0,1.0,4.0,2260183,10.0,3,3,1,2.0,,3.0,3,2003.0,A01,138Â 207Â 898,8.0,0.0,-1.0,1725210,1.0,7,,0.0,1.0,1.0,A01,138Â 207Â 898,1.0
1010697,201900052228,3,29,15:54,1,2,1,1.0,6.0,54323,AVIATION (AVENUE DE L'),M,"49,5183000","5,7582000",54,2019,30.0,2.0,1.0,4.0,2260184,1.0,1,1,2,9.0,,-1.0, -1,1972.0,A01,138Â 207Â 898,1.0,-1.0,-1.0,1725210,1.0,7,,0.0,1.0,1.0,A01,138Â 207Â 898,1.0
1010698,201900052229,3,28,17:10,1,1,1,1.0,1.0,54367,RN52,M,"49,5054750","5,7650730",54,2019,80.0,1.0,1.0,2.0,2260185,1.0,1,4,1,1.0,,-1.0,0,1952.0,A01,138Â 207Â 896,1.0,8.0,-1.0,1725211,1.0,7,,0.0,2.0,1.0,A01,138Â 207Â 896,1.0
1010698,201900052229,3,28,17:10,1,1,1,1.0,1.0,54367,RN52,M,"49,5054750","5,7650730",54,2019,80.0,1.0,1.0,2.0,2260185,1.0,1,4,1,1.0,,-1.0,0,1952.0,A01,138Â 207Â 896,1.0,8.0,-1.0,1725212,2.0,7,,0.0,2.0,1.0,B01,138Â 207Â 897,1.0
1010698,201900052229,3,28,17:10,1,1,1,1.0,1.0,54367,RN52,M,"49,5054750","5,7650730",54,2019,80.0,1.0,1.0,2.0,2260186,1.0,1,4,1,5.0,,-1.0,0,2000.0,B01,138Â 207Â 897,1.0,8.0,-1.0,1725211,1.0,7,,0.0,2.0,1.0,A01,138Â 207Â 896,1.0
1010698,201900052229,3,28,17:10,1,1,1,1.0,1.0,54367,RN52,M,"49,5054750","5,7650730",54,2019,80.0,1.0,1.0,2.0,2260186,1.0,1,4,1,5.0,,-1.0,0,2000.0,B01,138Â 207Â 897,1.0,8.0,-1.0,1725212,2.0,7,,0.0,2.0,1.0,B01,138Â 207Â 897,1.0
1010699,201900052230,3,27,17:05,1,2,3,1.0,2.0,52121,SIMON (RUE PIERRE),M,"48,1111900","5,1280600",52,2019,50.0,1.0,1.0,4.0,2260187,1.0,1,1,1,5.0,,-1.0, -1,1957.0,A01,138Â 207Â 893,1.0,0.0,-1.0,1725213,1.0,7,,0.0,2.0,4.0,A01,138Â 207Â 893,1.0
1010699,201900052230,3,27,17:05,1,2,3,1.0,2.0,52121,SIMON (RUE PIERRE),M,"48,1111900","5,1280600",52,2019,50.0,1.0,1.0,4.0,2260187,1.0,1,1,1,5.0,,-1.0, -1,1957.0,A01,138Â 207Â 893,1.0,0.0,-1.0,1725214,1.0,2,,0.0,2.0,1.0,B01,138Â 207Â 894,1.0
1010699,201900052230,3,27,17:05,1,2,3,1.0,2.0,52121,SIMON (RUE PIERRE),M,"48,1111900","5,1280600",52,2019,50.0,1.0,1.0,4.0,2260188,1.0,1,4,1,5.0,,-1.0, -1,1973.0,B01,138Â 207Â 894,2.0,0.0,-1.0,1725213,1.0,7,,0.0,2.0,4.0,A01,138Â 207Â 893,1.0
1010699,201900052230,3,27,17:05,1,2,3,1.0,2.0,52121,SIMON (RUE PIERRE),M,"48,1111900","5,1280600",52,2019,50.0,1.0,1.0,4.0,2260188,1.0,1,4,1,5.0,,-1.0, -1,1973.0,B01,138Â 207Â 894,2.0,0.0,-1.0,1725214,1.0,2,,0.0,2.0,1.0,B01,138Â 207Â 894,1.0
1010700,201900052231,3,30,17:55,1,2,2,1.0,3.0,51172,AVENUE DU ROUSSILLON,M,"49,2211200","4,0412300",51,2019,50.0,1.0,1.0,4.0,2260189,1.0,1,4,2,0.0,,-1.0,0,1996.0,A01,138Â 207Â 891,2.0,0.0,-1.0,1725215,0.0,30,,0.0,2.0,8.0,A01,138Â 207Â 891,1.0
1010700,201900052231,3,30,17:55,1,2,2,1.0,3.0,51172,AVENUE DU ROUSSILLON,M,"49,2211200","4,0412300",51,2019,50.0,1.0,1.0,4.0,2260189,1.0,1,4,2,0.0,,-1.0,0,1996.0,A01,138Â 207Â 891,2.0,0.0,-1.0,1725216,0.0,7,,0.0,2.0,2.0,B01,138Â 207Â 892,1.0
1010700,201900052231,3,30,17:55,1,2,2,1.0,3.0,51172,AVENUE DU ROUSSILLON,M,"49,2211200","4,0412300",51,2019,50.0,1.0,1.0,4.0,2260190,1.0,1,1,1,0.0,,-1.0,0,1988.0,B01,138Â 207Â 892,1.0,0.0,-1.0,1725215,0.0,30,,0.0,2.0,8.0,A01,138Â 207Â 891,1.0
1010700,201900052231,3,30,17:55,1,2,2,1.0,3.0,51172,AVENUE DU ROUSSILLON,M,"49,2211200","4,0412300",51,2019,50.0,1.0,1.0,4.0,2260190,1.0,1,1,1,0.0,,-1.0,0,1988.0,B01,138Â 207Â 892,1.0,0.0,-1.0,1725216,0.0,7,,0.0,2.0,2.0,B01,138Â 207Â 892,1.0
1010701,201900052232,3,29,18:00,1,2,2,1.0,1.0,51454,BOULEVARD CHARLES ARNOULD,M,"49,2692400","4,0200900",51,2019,50.0,1.0,1.0,4.0,2260191,1.0,1,4,2,5.0,,-1.0,0,1952.0,B01,138Â 207Â 889,1.0,0.0,-1.0,1725217,2.0,7,,0.0,2.0,1.0,B01,138Â 207Â 889,1.0
1010701,201900052232,3,29,18:00,1,2,2,1.0,1.0,51454,BOULEVARD CHARLES ARNOULD,M,"49,2692400","4,0200900",51,2019,50.0,1.0,1.0,4.0,2260191,1.0,1,4,2,5.0,,-1.0,0,1952.0,B01,138Â 207Â 889,1.0,0.0,-1.0,1725218,1.0,7,,0.0,2.0,2.0,A01,138Â 207Â 890,1.0
1010701,201900052232,3,29,18:00,1,2,2,1.0,1.0,51454,BOULEVARD CHARLES ARNOULD,M,"49,2692400","4,0200900",51,2019,50.0,1.0,1.0,4.0,2260192,1.0,1,1,1,0.0,,-1.0,0,1993.0,A01,138Â 207Â 890,1.0,0.0,-1.0,1725217,2.0,7,,0.0,2.0,1.0,B01,138Â 207Â 889,1.0
1010701,201900052232,3,29,18:00,1,2,2,1.0,1.0,51454,BOULEVARD CHARLES ARNOULD,M,"49,2692400","4,0200900",51,2019,50.0,1.0,1.0,4.0,2260192,1.0,1,1,1,0.0,,-1.0,0,1993.0,A01,138Â 207Â 890,1.0,0.0,-1.0,1725218,1.0,7,,0.0,2.0,2.0,A01,138Â 207Â 890,1.0
1010702,201900052233,3,29,16:15,1,2,7,1.0,3.0,51454,RUE DE LA MAISON BLANCHE,M,"49,2350400","4,0250600",51,2019,50.0,1.0,1.0,4.0,2260193,1.0,1,1,2,0.0,,0.0,0,1991.0,A01,138Â 207Â 887,1.0,0.0,-1.0,1725219,2.0,10,,0.0,1.0,6.0,A01,138Â 207Â 887,1.0
1010702,201900052233,3,29,16:15,1,2,7,1.0,3.0,51454,RUE DE LA MAISON BLANCHE,M,"49,2350400","4,0250600",51,2019,50.0,1.0,1.0,4.0,2260193,1.0,1,1,2,0.0,,0.0,0,1991.0,A01,138Â 207Â 887,1.0,0.0,-1.0,1725220,2.0,50,,0.0,2.0,8.0,B01,138Â 207Â 888,3.0
1010702,201900052233,3,29,16:15,1,2,7,1.0,3.0,51454,RUE DE LA MAISON BLANCHE,M,"49,2350400","4,0250600",51,2019,50.0,1.0,1.0,4.0,2260194,1.0,1,4,1,-1.0,,0.0,0,1984.0,B01,138Â 207Â 888,8.0,-1.0,-1.0,1725219,2.0,10,,0.0,1.0,6.0,A01,138Â 207Â 887,1.0
1010702,201900052233,3,29,16:15,1,2,7,1.0,3.0,51454,RUE DE LA MAISON BLANCHE,M,"49,2350400","4,0250600",51,2019,50.0,1.0,1.0,4.0,2260194,1.0,1,4,1,-1.0,,0.0,0,1984.0,B01,138Â 207Â 888,8.0,-1.0,-1.0,1725220,2.0,50,,0.0,2.0,8.0,B01,138Â 207Â 888,3.0
1010703,201900052234,3,30,14:00,1,2,1,1.0,6.0,50218,VILLEDIEU LES POELES (ROUTE),M,"48,8376570"," -1,5442530",50,2019,30.0,1.0,1.0,6.0,2260195,1.0,1,1,1,4.0,,-1.0,0,1998.0,A01,138Â 207Â 886,1.0,0.0,-1.0,1725221,3.0,7,,0.0,1.0,5.0,A01,138Â 207Â 886,1.0
1010703,201900052234,3,30,14:00,1,2,1,1.0,6.0,50218,VILLEDIEU LES POELES (ROUTE),M,"48,8376570"," -1,5442530",50,2019,30.0,1.0,1.0,6.0,2260196,10.0,3,3,2,5.0,,2.0,B,1957.0,A01,138Â 207Â 886,8.0,0.0,-1.0,1725221,3.0,7,,0.0,1.0,5.0,A01,138Â 207Â 886,1.0
1010704,201900052235,3,30,09:28,1,2,9,1.0,3.0,50218,VILLEDIEU LES POELES (ROUTE),M,"48,8376200"," -1,5510100",50,2019,50.0,1.0,1.0,3.0,2260197,1.0,1,4,1,5.0,,0.0,0,2004.0,B01,138Â 207Â 884,2.0,0.0,-1.0,1725222,2.0,2,,0.0,2.0,1.0,B01,138Â 207Â 884,1.0
1010704,201900052235,3,30,09:28,1,2,9,1.0,3.0,50218,VILLEDIEU LES POELES (ROUTE),M,"48,8376200"," -1,5510100",50,2019,50.0,1.0,1.0,3.0,2260197,1.0,1,4,1,5.0,,0.0,0,2004.0,B01,138Â 207Â 884,2.0,0.0,-1.0,1725223,2.0,7,,0.0,2.0,8.0,A01,138Â 207Â 885,1.0
1010704,201900052235,3,30,09:28,1,2,9,1.0,3.0,50218,VILLEDIEU LES POELES (ROUTE),M,"48,8376200"," -1,5510100",50,2019,50.0,1.0,1.0,3.0,2260198,1.0,1,1,1,5.0,,0.0,0,1939.0,A01,138Â 207Â 885,1.0,0.0,-1.0,1725222,2.0,2,,0.0,2.0,1.0,B01,138Â 207Â 884,1.0
1010704,201900052235,3,30,09:28,1,2,9,1.0,3.0,50218,VILLEDIEU LES POELES (ROUTE),M,"48,8376200"," -1,5510100",50,2019,50.0,1.0,1.0,3.0,2260198,1.0,1,1,1,5.0,,0.0,0,1939.0,A01,138Â 207Â 885,1.0,0.0,-1.0,1725223,2.0,7,,0.0,2.0,8.0,A01,138Â 207Â 885,1.0
1010705,201900052236,3,27,11:40,1,2,3,1.0,3.0,50129,LEMONNIER (AVENUE AMIRAL),M,"49,6337800"," -1,6062600",50,2019,50.0,1.0,1.0,3.0,2260199,1.0,1,1,1,9.0,,-1.0,0,1981.0,A01,138Â 207Â 882,1.0,8.0,-1.0,1725224,1.0,10,,0.0,2.0,2.0,A01,138Â 207Â 882,1.0
1010705,201900052236,3,27,11:40,1,2,3,1.0,3.0,50129,LEMONNIER (AVENUE AMIRAL),M,"49,6337800"," -1,6062600",50,2019,50.0,1.0,1.0,3.0,2260199,1.0,1,1,1,9.0,,-1.0,0,1981.0,A01,138Â 207Â 882,1.0,8.0,-1.0,1725225,1.0,1,,0.0,2.0,4.0,B01,138Â 207Â 883,5.0
1010705,201900052236,3,27,11:40,1,2,3,1.0,3.0,50129,LEMONNIER (AVENUE AMIRAL),M,"49,6337800"," -1,6062600",50,2019,50.0,1.0,1.0,3.0,2260200,1.0,1,4,2,2.0,,-1.0,0,2005.0,B01,138Â 207Â 883,8.0,0.0,-1.0,1725224,1.0,10,,0.0,2.0,2.0,A01,138Â 207Â 882,1.0
1010705,201900052236,3,27,11:40,1,2,3,1.0,3.0,50129,LEMONNIER (AVENUE AMIRAL),M,"49,6337800"," -1,6062600",50,2019,50.0,1.0,1.0,3.0,2260200,1.0,1,4,2,2.0,,-1.0,0,2005.0,B01,138Â 207Â 883,8.0,0.0,-1.0,1725225,1.0,1,,0.0,2.0,4.0,B01,138Â 207Â 883,5.0
1010706,201900052237,3,27,17:36,1,2,3,1.0,7.0,49007,MILLET,M,"47,4719000"," -0,5560400",49,2019,30.0,1.0,1.0,4.0,2260201,10.0,3,4,2,1.0,,3.0,3,1999.0,A01,138Â 207Â 881,8.0,0.0,-1.0,1725226,2.0,7,,0.0,1.0,1.0,A01,138Â 207Â 881,1.0
1010706,201900052237,3,27,17:36,1,2,3,1.0,7.0,49007,MILLET,M,"47,4719000"," -0,5560400",49,2019,30.0,1.0,1.0,4.0,2260202,1.0,1,1,1,5.0,,-1.0,0,1991.0,A01,138Â 207Â 881,1.0,8.0,-1.0,1725226,2.0,7,,0.0,1.0,1.0,A01,138Â 207Â 881,1.0
1010707,201900052238,3,27,17:21,1,2,3,1.0,3.0,49246,EUROPE AVENUE,M,"47,4407300"," -0,5288500",49,2019,50.0,1.0,1.0,4.0,2260203,1.0,1,4,1,4.0,,-1.0,0,1998.0,B01,138Â 207Â 879,8.0,8.0,-1.0,1725227,2.0,1,,0.0,2.0,1.0,B01,138Â 207Â 879,5.0
1010707,201900052238,3,27,17:21,1,2,3,1.0,3.0,49246,EUROPE AVENUE,M,"47,4407300"," -0,5288500",49,2019,50.0,1.0,1.0,4.0,2260203,1.0,1,4,1,4.0,,-1.0,0,1998.0,B01,138Â 207Â 879,8.0,8.0,-1.0,1725228,2.0,7,,0.0,2.0,2.0,A01,138Â 207Â 880,1.0
1010707,201900052238,3,27,17:21,1,2,3,1.0,3.0,49246,EUROPE AVENUE,M,"47,4407300"," -0,5288500",49,2019,50.0,1.0,1.0,4.0,2260204,1.0,1,1,2,0.0,,-1.0,0,1988.0,A01,138Â 207Â 880,1.0,8.0,-1.0,1725227,2.0,1,,0.0,2.0,1.0,B01,138Â 207Â 879,5.0
1010707,201900052238,3,27,17:21,1,2,3,1.0,3.0,49246,EUROPE AVENUE,M,"47,4407300"," -0,5288500",49,2019,50.0,1.0,1.0,4.0,2260204,1.0,1,1,2,0.0,,-1.0,0,1988.0,A01,138Â 207Â 880,1.0,8.0,-1.0,1725228,2.0,7,,0.0,2.0,2.0,A01,138Â 207Â 880,1.0
1010708,201900052239,3,27,18:50,1,2,1,1.0,2.0,49353,DAUTEL BOULEVARD,M,"47,4424800"," -0,4834600",49,2019,50.0,1.0,1.0,4.0,2260205,1.0,1,1,1,0.0,,-1.0,0,1962.0,A01,138Â 207Â 877,1.0,0.0,-1.0,1725229,1.0,7,,0.0,2.0,1.0,A01,138Â 207Â 877,1.0
1010708,201900052239,3,27,18:50,1,2,1,1.0,2.0,49353,DAUTEL BOULEVARD,M,"47,4424800"," -0,4834600",49,2019,50.0,1.0,1.0,4.0,2260205,1.0,1,1,1,0.0,,-1.0,0,1962.0,A01,138Â 207Â 877,1.0,0.0,-1.0,1725230,1.0,7,,0.0,2.0,4.0,B01,138Â 207Â 878,1.0