Unnamed: 0_x,num_acc,mois,jour,hrmn,lum,agg,int,atm,col,com,adr,gps,lat,long,dep,annee,vma,situ,surf,catr,Unnamed: 0_y,place,catu,grav,sexe,trajet,secu,locp,actp,an_nais,num_veh_x,id_vehicule_x,secu1,secu2,secu3,Unnamed: 0,senc,catv,occutc,obs,obsm,choc,num_veh_y,id_vehicule_y,motor
1010708,201900052239,3,27,18:50,1,2,1,1.0,2.0,49353,DAUTEL BOULEVARD,M,"47,4424800"," -0,4834600",49,2019,50.0,1.0,1.0,4.0,2260206,1.0,1,4,2,0.0,,-1.0,0,1977.0,B01,138Â 207Â 878,1.0,8.0,-1.0,1725229,1.0,7,,0.0,2.0,1.0,A01,138Â 207Â 877,1.0
1010708,201900052239,3,27,18:50,1,2,1,1.0,2.0,49353,DAUTEL BOULEVARD,M,"47,4424800"," -0,4834600",49,2019,50.0,1.0,1.0,4.0,2260206,1.0,1,4,2,0.0,,-1.0,0,1977.0,B01,138Â 207Â 878,1.0,8.0,-1.0,1725230,1.0,7,,0.0,2.0,4.0,B01,138Â 207Â 878,1.0
1010709,201900052240,3,29,17:40,1,2,1,1.0,2.0,45285,Chemin de Halage,M,"47,8958900","1,8649700",45,2019,50.0,1.0,1.0,4.0,2260207,1.0,1,1,1,5.0,,0.0,0,1992.0,A01,138Â 207Â 875,1.0,0.0,-1.0,1725231,3.0,7,,0.0,2.0,1.0,A01,138Â 207Â 875,1.0
1010709,201900052240,3,29,17:40,1,2,1,1.0,2.0,45285,Chemin de Halage,M,"47,8958900","1,8649700",45,2019,50.0,1.0,1.0,4.0,2260207,1.0,1,1,1,5.0,,0.0,0,1992.0,A01,138Â 207Â 875,1.0,0.0,-1.0,1725232,3.0,7,,0.0,2.0,4.0,B01,138Â 207Â 876,1.0
1010709,201900052240,3,29,17:40,1,2,1,1.0,2.0,45285,Chemin de Halage,M,"47,8958900","1,8649700",45,2019,50.0,1.0,1.0,4.0,2260208,2.0,2,4,2,5.0,,0.0,0,1995.0,A01,138Â 207Â 875,1.0,0.0,-1.0,1725231,3.0,7,,0.0,2.0,1.0,A01,138Â 207Â 875,1.0
1010709,201900052240,3,29,17:40,1,2,1,1.0,2.0,45285,Chemin de Halage,M,"47,8958900","1,8649700",45,2019,50.0,1.0,1.0,4.0,2260208,2.0,2,4,2,5.0,,0.0,0,1995.0,A01,138Â 207Â 875,1.0,0.0,-1.0,1725232,3.0,7,,0.0,2.0,4.0,B01,138Â 207Â 876,1.0
1010709,201900052240,3,29,17:40,1,2,1,1.0,2.0,45285,Chemin de Halage,M,"47,8958900","1,8649700",45,2019,50.0,1.0,1.0,4.0,2260209,2.0,2,4,2,5.0,,0.0,0,1986.0,B01,138Â 207Â 876,1.0,0.0,-1.0,1725231,3.0,7,,0.0,2.0,1.0,A01,138Â 207Â 875,1.0
1010709,201900052240,3,29,17:40,1,2,1,1.0,2.0,45285,Chemin de Halage,M,"47,8958900","1,8649700",45,2019,50.0,1.0,1.0,4.0,2260209,2.0,2,4,2,5.0,,0.0,0,1986.0,B01,138Â 207Â 876,1.0,0.0,-1.0,1725232,3.0,7,,0.0,2.0,4.0,B01,138Â 207Â 876,1.0
1010709,201900052240,3,29,17:40,1,2,1,1.0,2.0,45285,Chemin de Halage,M,"47,8958900","1,8649700",45,2019,50.0,1.0,1.0,4.0,2260210,1.0,1,1,1,5.0,,0.0,0,1987.0,B01,138Â 207Â 876,1.0,0.0,-1.0,1725231,3.0,7,,0.0,2.0,1.0,A01,138Â 207Â 875,1.0
1010709,201900052240,3,29,17:40,1,2,1,1.0,2.0,45285,Chemin de Halage,M,"47,8958900","1,8649700",45,2019,50.0,1.0,1.0,4.0,2260210,1.0,1,1,1,5.0,,0.0,0,1987.0,B01,138Â 207Â 876,1.0,0.0,-1.0,1725232,3.0,7,,0.0,2.0,4.0,B01,138Â 207Â 876,1.0
1010710,201900052241,3,29,09:00,1,2,3,1.0,3.0,45286,RTE DE SANDILLON - RTE DE ST CYR,M,"47,8801400","1,9345500",45,2019,50.0,1.0,1.0,3.0,2260211,1.0,1,4,1,2.0,,-1.0, -1,2006.0,B01,138Â 207Â 873,8.0,0.0,-1.0,1725233,2.0,1,,0.0,0.0,0.0,B01,138Â 207Â 873,5.0
1010710,201900052241,3,29,09:00,1,2,3,1.0,3.0,45286,RTE DE SANDILLON - RTE DE ST CYR,M,"47,8801400","1,9345500",45,2019,50.0,1.0,1.0,3.0,2260211,1.0,1,4,1,2.0,,-1.0, -1,2006.0,B01,138Â 207Â 873,8.0,0.0,-1.0,1725234,2.0,7,,0.0,2.0,2.0,A01,138Â 207Â 874,0.0
1010711,201900052242,3,28,14:40,1,2,1,1.0,3.0,45285,PARKING AUCHAN,M,"47,9043400","1,8631400",45,2019,10.0,1.0,1.0,6.0,2260212,1.0,1,1,1,3.0,,0.0,0,1971.0,A01,138Â 207Â 871,1.0,0.0,-1.0,1725235,3.0,7,,0.0,2.0,2.0,A01,138Â 207Â 871,0.0
1010711,201900052242,3,28,14:40,1,2,1,1.0,3.0,45285,PARKING AUCHAN,M,"47,9043400","1,8631400",45,2019,10.0,1.0,1.0,6.0,2260212,1.0,1,1,1,3.0,,0.0,0,1971.0,A01,138Â 207Â 871,1.0,0.0,-1.0,1725236,3.0,7,,0.0,2.0,3.0,B01,138Â 207Â 872,1.0
1010711,201900052242,3,28,14:40,1,2,1,1.0,3.0,45285,PARKING AUCHAN,M,"47,9043400","1,8631400",45,2019,10.0,1.0,1.0,6.0,2260213,2.0,2,1,2,3.0,,0.0,0,1992.0,B01,138Â 207Â 872,1.0,0.0,-1.0,1725235,3.0,7,,0.0,2.0,2.0,A01,138Â 207Â 871,0.0
1010711,201900052242,3,28,14:40,1,2,1,1.0,3.0,45285,PARKING AUCHAN,M,"47,9043400","1,8631400",45,2019,10.0,1.0,1.0,6.0,2260213,2.0,2,1,2,3.0,,0.0,0,1992.0,B01,138Â 207Â 872,1.0,0.0,-1.0,1725236,3.0,7,,0.0,2.0,3.0,B01,138Â 207Â 872,1.0
1010711,201900052242,3,28,14:40,1,2,1,1.0,3.0,45285,PARKING AUCHAN,M,"47,9043400","1,8631400",45,2019,10.0,1.0,1.0,6.0,2260214,1.0,1,4,2,3.0,,0.0,0,1992.0,B01,138Â 207Â 872,1.0,0.0,-1.0,1725235,3.0,7,,0.0,2.0,2.0,A01,138Â 207Â 871,0.0
1010711,201900052242,3,28,14:40,1,2,1,1.0,3.0,45285,PARKING AUCHAN,M,"47,9043400","1,8631400",45,2019,10.0,1.0,1.0,6.0,2260214,1.0,1,4,2,3.0,,0.0,0,1992.0,B01,138Â 207Â 872,1.0,0.0,-1.0,1725236,3.0,7,,0.0,2.0,3.0,B01,138Â 207Â 872,1.0
1010712,201900052243,3,28,13:00,1,2,1,1.0,6.0,45234,AVENUE DES DROITS DE L'HOMME,M,"47,9183889","1,9244903",45,2019,10.0,1.0,1.0,4.0,2260215,10.0,3,4,2,1.0,,9.0,B,1963.0,A01,138Â 207Â 870,8.0,0.0,-1.0,1725237,3.0,7,,0.0,1.0,4.0,A01,138Â 207Â 870,1.0
1010712,201900052243,3,28,13:00,1,2,1,1.0,6.0,45234,AVENUE DES DROITS DE L'HOMME,M,"47,9183889","1,9244903",45,2019,10.0,1.0,1.0,4.0,2260216,1.0,1,1,1,1.0,,0.0,0,1958.0,A01,138Â 207Â 870,8.0,0.0,-1.0,1725237,3.0,7,,0.0,1.0,4.0,A01,138Â 207Â 870,1.0
1010713,201900052244,3,27,14:48,1,2,1,1.0,3.0,45004,RUE DES HAUTS DE VIROY,M,"47,9892237","2,7642141",45,2019,50.0,1.0,1.0,4.0,2260217,1.0,1,4,2,9.0,,0.0,0,2003.0,B01,138Â 207Â 868,1.0,0.0,-1.0,1725238,2.0,7,,0.0,2.0,7.0,B01,138Â 207Â 868,1.0
1010713,201900052244,3,27,14:48,1,2,1,1.0,3.0,45004,RUE DES HAUTS DE VIROY,M,"47,9892237","2,7642141",45,2019,50.0,1.0,1.0,4.0,2260217,1.0,1,4,2,9.0,,0.0,0,2003.0,B01,138Â 207Â 868,1.0,0.0,-1.0,1725239,1.0,7,,0.0,2.0,2.0,A01,138Â 207Â 869,1.0
1010713,201900052244,3,27,14:48,1,2,1,1.0,3.0,45004,RUE DES HAUTS DE VIROY,M,"47,9892237","2,7642141",45,2019,50.0,1.0,1.0,4.0,2260218,2.0,2,4,2,0.0,,0.0,0,1983.0,B01,138Â 207Â 868,1.0,0.0,-1.0,1725238,2.0,7,,0.0,2.0,7.0,B01,138Â 207Â 868,1.0
1010713,201900052244,3,27,14:48,1,2,1,1.0,3.0,45004,RUE DES HAUTS DE VIROY,M,"47,9892237","2,7642141",45,2019,50.0,1.0,1.0,4.0,2260218,2.0,2,4,2,0.0,,0.0,0,1983.0,B01,138Â 207Â 868,1.0,0.0,-1.0,1725239,1.0,7,,0.0,2.0,2.0,A01,138Â 207Â 869,1.0
1010713,201900052244,3,27,14:48,1,2,1,1.0,3.0,45004,RUE DES HAUTS DE VIROY,M,"47,9892237","2,7642141",45,2019,50.0,1.0,1.0,4.0,2260219,1.0,1,4,1,0.0,,0.0,0,1952.0,A01,138Â 207Â 869,8.0,0.0,-1.0,1725238,2.0,7,,0.0,2.0,7.0,B01,138Â 207Â 868,1.0
1010713,201900052244,3,27,14:48,1,2,1,1.0,3.0,45004,RUE DES HAUTS DE VIROY,M,"47,9892237","2,7642141",45,2019,50.0,1.0,1.0,4.0,2260219,1.0,1,4,1,0.0,,0.0,0,1952.0,A01,138Â 207Â 869,8.0,0.0,-1.0,1725239,1.0,7,,0.0,2.0,2.0,A01,138Â 207Â 869,1.0
1010714,201900052245,3,29,07:35,1,2,1,1.0,5.0,44109,FOSSE ( QUAI DE LA ),M,"47,2070200"," -1,5723000",44,2019,50.0,1.0,1.0,7.0,2260220,1.0,1,3,1,1.0,,0.0,0,1989.0,B01,138Â 207Â 865,2.0,0.0,-1.0,1725240,0.0,1,,0.0,2.0,0.0,B01,138Â 207Â 865,5.0
1010714,201900052245,3,29,07:35,1,2,1,1.0,5.0,44109,FOSSE ( QUAI DE LA ),M,"47,2070200"," -1,5723000",44,2019,50.0,1.0,1.0,7.0,2260220,1.0,1,3,1,1.0,,0.0,0,1989.0,B01,138Â 207Â 865,2.0,0.0,-1.0,1725241,0.0,7,,0.0,2.0,3.0,C01,138Â 207Â 866,0.0
1010714,201900052245,3,29,07:35,1,2,1,1.0,5.0,44109,FOSSE ( QUAI DE LA ),M,"47,2070200"," -1,5723000",44,2019,50.0,1.0,1.0,7.0,2260220,1.0,1,3,1,1.0,,0.0,0,1989.0,B01,138Â 207Â 865,2.0,0.0,-1.0,1725242,0.0,7,,0.0,2.0,1.0,A01,138Â 207Â 867,0.0
1010714,201900052245,3,29,07:35,1,2,1,1.0,5.0,44109,FOSSE ( QUAI DE LA ),M,"47,2070200"," -1,5723000",44,2019,50.0,1.0,1.0,7.0,2260221,1.0,1,1,2,4.0,,0.0,0,1986.0,C01,138Â 207Â 866,1.0,0.0,-1.0,1725240,0.0,1,,0.0,2.0,0.0,B01,138Â 207Â 865,5.0
1010714,201900052245,3,29,07:35,1,2,1,1.0,5.0,44109,FOSSE ( QUAI DE LA ),M,"47,2070200"," -1,5723000",44,2019,50.0,1.0,1.0,7.0,2260221,1.0,1,1,2,4.0,,0.0,0,1986.0,C01,138Â 207Â 866,1.0,0.0,-1.0,1725241,0.0,7,,0.0,2.0,3.0,C01,138Â 207Â 866,0.0
1010714,201900052245,3,29,07:35,1,2,1,1.0,5.0,44109,FOSSE ( QUAI DE LA ),M,"47,2070200"," -1,5723000",44,2019,50.0,1.0,1.0,7.0,2260221,1.0,1,1,2,4.0,,0.0,0,1986.0,C01,138Â 207Â 866,1.0,0.0,-1.0,1725242,0.0,7,,0.0,2.0,1.0,A01,138Â 207Â 867,0.0
1010714,201900052245,3,29,07:35,1,2,1,1.0,5.0,44109,FOSSE ( QUAI DE LA ),M,"47,2070200"," -1,5723000",44,2019,50.0,1.0,1.0,7.0,2260222,1.0,1,1,1,4.0,,0.0,0,1985.0,A01,138Â 207Â 867,1.0,0.0,-1.0,1725240,0.0,1,,0.0,2.0,0.0,B01,138Â 207Â 865,5.0
1010714,201900052245,3,29,07:35,1,2,1,1.0,5.0,44109,FOSSE ( QUAI DE LA ),M,"47,2070200"," -1,5723000",44,2019,50.0,1.0,1.0,7.0,2260222,1.0,1,1,1,4.0,,0.0,0,1985.0,A01,138Â 207Â 867,1.0,0.0,-1.0,1725241,0.0,7,,0.0,2.0,3.0,C01,138Â 207Â 866,0.0
1010714,201900052245,3,29,07:35,1,2,1,1.0,5.0,44109,FOSSE ( QUAI DE LA ),M,"47,2070200"," -1,5723000",44,2019,50.0,1.0,1.0,7.0,2260222,1.0,1,1,1,4.0,,0.0,0,1985.0,A01,138Â 207Â 867,1.0,0.0,-1.0,1725242,0.0,7,,0.0,2.0,1.0,A01,138Â 207Â 867,0.0
1010715,201900052246,3,29,00:30,5,2,2,1.0,3.0,44109,RUES DE STRASBOURG / GAL LECLERC HAUTECLOQUE,M,"47,2179760"," -1,5529273",44,2019,30.0,1.0,1.0,7.0,2260223,1.0,1,1,1,4.0,,0.0,0,1956.0,B01,138Â 207Â 863,8.0,0.0,-1.0,1725243,0.0,37,1.0,0.0,2.0,0.0,B01,138Â 207Â 863,0.0
1010715,201900052246,3,29,00:30,5,2,2,1.0,3.0,44109,RUES DE STRASBOURG / GAL LECLERC HAUTECLOQUE,M,"47,2179760"," -1,5529273",44,2019,30.0,1.0,1.0,7.0,2260223,1.0,1,1,1,4.0,,0.0,0,1956.0,B01,138Â 207Â 863,8.0,0.0,-1.0,1725244,0.0,33,,0.0,2.0,1.0,A01,138Â 207Â 864,6.0
1010715,201900052246,3,29,00:30,5,2,2,1.0,3.0,44109,RUES DE STRASBOURG / GAL LECLERC HAUTECLOQUE,M,"47,2179760"," -1,5529273",44,2019,30.0,1.0,1.0,7.0,2260224,1.0,1,3,1,0.0,,0.0,0,1982.0,A01,138Â 207Â 864,2.0,0.0,-1.0,1725243,0.0,37,1.0,0.0,2.0,0.0,B01,138Â 207Â 863,0.0
1010715,201900052246,3,29,00:30,5,2,2,1.0,3.0,44109,RUES DE STRASBOURG / GAL LECLERC HAUTECLOQUE,M,"47,2179760"," -1,5529273",44,2019,30.0,1.0,1.0,7.0,2260224,1.0,1,3,1,0.0,,0.0,0,1982.0,A01,138Â 207Â 864,2.0,0.0,-1.0,1725244,0.0,33,,0.0,2.0,1.0,A01,138Â 207Â 864,6.0
1010716,201900052247,3,25,17:50,1,2,1,1.0,6.0,44162,PLACE DE LA REVOLUTION FRANCAISE,M,"47,2286980"," -1,6052350",44,2019,50.0,1.0,1.0,7.0,2260225,10.0,3,2,1,5.0,,2.0,3,1932.0,A01,138Â 207Â 862,8.0,0.0,-1.0,1725245,0.0,7,,0.0,1.0,1.0,A01,138Â 207Â 862,0.0
1010716,201900052247,3,25,17:50,1,2,1,1.0,6.0,44162,PLACE DE LA REVOLUTION FRANCAISE,M,"47,2286980"," -1,6052350",44,2019,50.0,1.0,1.0,7.0,2260226,1.0,1,1,1,9.0,,0.0,0,1951.0,A01,138Â 207Â 862,1.0,0.0,-1.0,1725245,0.0,7,,0.0,1.0,1.0,A01,138Â 207Â 862,0.0
1010717,201900052248,7,11,01:30,3,1,1,1.0,5.0,95582,AUTOROUTE A15,M,"48,9750700","2,2425900",95,2019,110.0,1.0,1.0,1.0,2260227,1.0,1,4,2,0.0,,-1.0,0,1984.0,A01,138Â 207Â 859,1.0,0.0,-1.0,1725246,2.0,7,,0.0,2.0,4.0,A01,138Â 207Â 859,1.0
1010717,201900052248,7,11,01:30,3,1,1,1.0,5.0,95582,AUTOROUTE A15,M,"48,9750700","2,2425900",95,2019,110.0,1.0,1.0,1.0,2260227,1.0,1,4,2,0.0,,-1.0,0,1984.0,A01,138Â 207Â 859,1.0,0.0,-1.0,1725247,2.0,7,,1.0,0.0,1.0,B01,138Â 207Â 860,1.0
1010717,201900052248,7,11,01:30,3,1,1,1.0,5.0,95582,AUTOROUTE A15,M,"48,9750700","2,2425900",95,2019,110.0,1.0,1.0,1.0,2260227,1.0,1,4,2,0.0,,-1.0,0,1984.0,A01,138Â 207Â 859,1.0,0.0,-1.0,1725248,2.0,7,,0.0,2.0,2.0,C01,138Â 207Â 861,1.0
1010717,201900052248,7,11,01:30,3,1,1,1.0,5.0,95582,AUTOROUTE A15,M,"48,9750700","2,2425900",95,2019,110.0,1.0,1.0,1.0,2260228,1.0,1,1,1,5.0,,-1.0,0,1986.0,B01,138Â 207Â 860,1.0,0.0,-1.0,1725246,2.0,7,,0.0,2.0,4.0,A01,138Â 207Â 859,1.0
1010717,201900052248,7,11,01:30,3,1,1,1.0,5.0,95582,AUTOROUTE A15,M,"48,9750700","2,2425900",95,2019,110.0,1.0,1.0,1.0,2260228,1.0,1,1,1,5.0,,-1.0,0,1986.0,B01,138Â 207Â 860,1.0,0.0,-1.0,1725247,2.0,7,,1.0,0.0,1.0,B01,138Â 207Â 860,1.0
1010717,201900052248,7,11,01:30,3,1,1,1.0,5.0,95582,AUTOROUTE A15,M,"48,9750700","2,2425900",95,2019,110.0,1.0,1.0,1.0,2260228,1.0,1,1,1,5.0,,-1.0,0,1986.0,B01,138Â 207Â 860,1.0,0.0,-1.0,1725248,2.0,7,,0.0,2.0,2.0,C01,138Â 207Â 861,1.0
1010717,201900052248,7,11,01:30,3,1,1,1.0,5.0,95582,AUTOROUTE A15,M,"48,9750700","2,2425900",95,2019,110.0,1.0,1.0,1.0,2260229,1.0,1,1,1,5.0,,-1.0,0,1988.0,C01,138Â 207Â 861,1.0,0.0,-1.0,1725246,2.0,7,,0.0,2.0,4.0,A01,138Â 207Â 859,1.0
1010717,201900052248,7,11,01:30,3,1,1,1.0,5.0,95582,AUTOROUTE A15,M,"48,9750700","2,2425900",95,2019,110.0,1.0,1.0,1.0,2260229,1.0,1,1,1,5.0,,-1.0,0,1988.0,C01,138Â 207Â 861,1.0,0.0,-1.0,1725247,2.0,7,,1.0,0.0,1.0,B01,138Â 207Â 860,1.0
1010717,201900052248,7,11,01:30,3,1,1,1.0,5.0,95582,AUTOROUTE A15,M,"48,9750700","2,2425900",95,2019,110.0,1.0,1.0,1.0,2260229,1.0,1,1,1,5.0,,-1.0,0,1988.0,C01,138Â 207Â 861,1.0,0.0,-1.0,1725248,2.0,7,,0.0,2.0,2.0,C01,138Â 207Â 861,1.0
1010718,201900052249,3,26,08:00,1,2,1,1.0,6.0,44162,AVENUE DU PARNASSE,M,"47,2351600"," -1,5957700",44,2019,50.0,1.0,1.0,7.0,2260230,10.0,3,2,1,3.0,,3.0,3,1942.0,A01,138Â 207Â 858,8.0,0.0,-1.0,1725249,0.0,3,,0.0,1.0,1.0,A01,138Â 207Â 858,3.0
1010718,201900052249,3,26,08:00,1,2,1,1.0,6.0,44162,AVENUE DU PARNASSE,M,"47,2351600"," -1,5957700",44,2019,50.0,1.0,1.0,7.0,2260231,1.0,1,1,1,1.0,,0.0,0,1994.0,A01,138Â 207Â 858,1.0,0.0,-1.0,1725249,0.0,3,,0.0,1.0,1.0,A01,138Â 207Â 858,3.0
1010719,201900052250,7,13,10:20,1,2,1,1.0,5.0,98818,NÂ°88 RUE A. BENEBIG,M," -22,2682500","166,4556900",988,2019,50.0,1.0,1.0,4.0,2260232,2.0,2,4,1,5.0,,0.0,0,1999.0,A01,138Â 207Â 855,1.0,8.0,-1.0,1725250,3.0,7,,0.0,2.0,1.0,A01,138Â 207Â 855,1.0
1010719,201900052250,7,13,10:20,1,2,1,1.0,5.0,98818,NÂ°88 RUE A. BENEBIG,M," -22,2682500","166,4556900",988,2019,50.0,1.0,1.0,4.0,2260232,2.0,2,4,1,5.0,,0.0,0,1999.0,A01,138Â 207Â 855,1.0,8.0,-1.0,1725251,3.0,7,,0.0,2.0,2.0,B01,138Â 207Â 856,1.0
1010719,201900052250,7,13,10:20,1,2,1,1.0,5.0,98818,NÂ°88 RUE A. BENEBIG,M," -22,2682500","166,4556900",988,2019,50.0,1.0,1.0,4.0,2260232,2.0,2,4,1,5.0,,0.0,0,1999.0,A01,138Â 207Â 855,1.0,8.0,-1.0,1725252,3.0,7,,0.0,2.0,1.0,C01,138Â 207Â 857,1.0
1010719,201900052250,7,13,10:20,1,2,1,1.0,5.0,98818,NÂ°88 RUE A. BENEBIG,M," -22,2682500","166,4556900",988,2019,50.0,1.0,1.0,4.0,2260233,3.0,2,4,2,5.0,,0.0,0,2000.0,A01,138Â 207Â 855,8.0,8.0,-1.0,1725250,3.0,7,,0.0,2.0,1.0,A01,138Â 207Â 855,1.0
1010719,201900052250,7,13,10:20,1,2,1,1.0,5.0,98818,NÂ°88 RUE A. BENEBIG,M," -22,2682500","166,4556900",988,2019,50.0,1.0,1.0,4.0,2260233,3.0,2,4,2,5.0,,0.0,0,2000.0,A01,138Â 207Â 855,8.0,8.0,-1.0,1725251,3.0,7,,0.0,2.0,2.0,B01,138Â 207Â 856,1.0
1010719,201900052250,7,13,10:20,1,2,1,1.0,5.0,98818,NÂ°88 RUE A. BENEBIG,M," -22,2682500","166,4556900",988,2019,50.0,1.0,1.0,4.0,2260233,3.0,2,4,2,5.0,,0.0,0,2000.0,A01,138Â 207Â 855,8.0,8.0,-1.0,1725252,3.0,7,,0.0,2.0,1.0,C01,138Â 207Â 857,1.0
1010719,201900052250,7,13,10:20,1,2,1,1.0,5.0,98818,NÂ°88 RUE A. BENEBIG,M," -22,2682500","166,4556900",988,2019,50.0,1.0,1.0,4.0,2260234,4.0,2,4,1,5.0,,0.0,0,1997.0,A01,138Â 207Â 855,8.0,8.0,-1.0,1725250,3.0,7,,0.0,2.0,1.0,A01,138Â 207Â 855,1.0
1010719,201900052250,7,13,10:20,1,2,1,1.0,5.0,98818,NÂ°88 RUE A. BENEBIG,M," -22,2682500","166,4556900",988,2019,50.0,1.0,1.0,4.0,2260234,4.0,2,4,1,5.0,,0.0,0,1997.0,A01,138Â 207Â 855,8.0,8.0,-1.0,1725251,3.0,7,,0.0,2.0,2.0,B01,138Â 207Â 856,1.0
1010719,201900052250,7,13,10:20,1,2,1,1.0,5.0,98818,NÂ°88 RUE A. BENEBIG,M," -22,2682500","166,4556900",988,2019,50.0,1.0,1.0,4.0,2260234,4.0,2,4,1,5.0,,0.0,0,1997.0,A01,138Â 207Â 855,8.0,8.0,-1.0,1725252,3.0,7,,0.0,2.0,1.0,C01,138Â 207Â 857,1.0
1010719,201900052250,7,13,10:20,1,2,1,1.0,5.0,98818,NÂ°88 RUE A. BENEBIG,M," -22,2682500","166,4556900",988,2019,50.0,1.0,1.0,4.0,2260235,1.0,1,1,1,5.0,,0.0,0,1997.0,A01,138Â 207Â 855,1.0,8.0,-1.0,1725250,3.0,7,,0.0,2.0,1.0,A01,138Â 207Â 855,1.0
1010719,201900052250,7,13,10:20,1,2,1,1.0,5.0,98818,NÂ°88 RUE A. BENEBIG,M," -22,2682500","166,4556900",988,2019,50.0,1.0,1.0,4.0,2260235,1.0,1,1,1,5.0,,0.0,0,1997.0,A01,138Â 207Â 855,1.0,8.0,-1.0,1725251,3.0,7,,0.0,2.0,2.0,B01,138Â 207Â 856,1.0
1010719,201900052250,7,13,10:20,1,2,1,1.0,5.0,98818,NÂ°88 RUE A. BENEBIG,M," -22,2682500","166,4556900",988,2019,50.0,1.0,1.0,4.0,2260235,1.0,1,1,1,5.0,,0.0,0,1997.0,A01,138Â 207Â 855,1.0,8.0,-1.0,1725252,3.0,7,,0.0,2.0,1.0,C01,138Â 207Â 857,1.0
1010719,201900052250,7,13,10:20,1,2,1,1.0,5.0,98818,NÂ°88 RUE A. BENEBIG,M," -22,2682500","166,4556900",988,2019,50.0,1.0,1.0,4.0,2260236,2.0,2,4,2,5.0,,0.0,0,1943.0,B01,138Â 207Â 856,8.0,8.0,-1.0,1725250,3.0,7,,0.0,2.0,1.0,A01,138Â 207Â 855,1.0
1010719,201900052250,7,13,10:20,1,2,1,1.0,5.0,98818,NÂ°88 RUE A. BENEBIG,M," -22,2682500","166,4556900",988,2019,50.0,1.0,1.0,4.0,2260236,2.0,2,4,2,5.0,,0.0,0,1943.0,B01,138Â 207Â 856,8.0,8.0,-1.0,1725251,3.0,7,,0.0,2.0,2.0,B01,138Â 207Â 856,1.0
1010719,201900052250,7,13,10:20,1,2,1,1.0,5.0,98818,NÂ°88 RUE A. BENEBIG,M," -22,2682500","166,4556900",988,2019,50.0,1.0,1.0,4.0,2260236,2.0,2,4,2,5.0,,0.0,0,1943.0,B01,138Â 207Â 856,8.0,8.0,-1.0,1725252,3.0,7,,0.0,2.0,1.0,C01,138Â 207Â 857,1.0
1010719,201900052250,7,13,10:20,1,2,1,1.0,5.0,98818,NÂ°88 RUE A. BENEBIG,M," -22,2682500","166,4556900",988,2019,50.0,1.0,1.0,4.0,2260237,1.0,1,4,2,5.0,,0.0,0,1977.0,B01,138Â 207Â 856,8.0,8.0,-1.0,1725250,3.0,7,,0.0,2.0,1.0,A01,138Â 207Â 855,1.0
1010719,201900052250,7,13,10:20,1,2,1,1.0,5.0,98818,NÂ°88 RUE A. BENEBIG,M," -22,2682500","166,4556900",988,2019,50.0,1.0,1.0,4.0,2260237,1.0,1,4,2,5.0,,0.0,0,1977.0,B01,138Â 207Â 856,8.0,8.0,-1.0,1725251,3.0,7,,0.0,2.0,2.0,B01,138Â 207Â 856,1.0
1010719,201900052250,7,13,10:20,1,2,1,1.0,5.0,98818,NÂ°88 RUE A. BENEBIG,M," -22,2682500","166,4556900",988,2019,50.0,1.0,1.0,4.0,2260237,1.0,1,4,2,5.0,,0.0,0,1977.0,B01,138Â 207Â 856,8.0,8.0,-1.0,1725252,3.0,7,,0.0,2.0,1.0,C01,138Â 207Â 857,1.0
1010719,201900052250,7,13,10:20,1,2,1,1.0,5.0,98818,NÂ°88 RUE A. BENEBIG,M," -22,2682500","166,4556900",988,2019,50.0,1.0,1.0,4.0,2260238,1.0,1,1,1,0.0,,0.0,0,1965.0,C01,138Â 207Â 857,8.0,8.0,-1.0,1725250,3.0,7,,0.0,2.0,1.0,A01,138Â 207Â 855,1.0
1010719,201900052250,7,13,10:20,1,2,1,1.0,5.0,98818,NÂ°88 RUE A. BENEBIG,M," -22,2682500","166,4556900",988,2019,50.0,1.0,1.0,4.0,2260238,1.0,1,1,1,0.0,,0.0,0,1965.0,C01,138Â 207Â 857,8.0,8.0,-1.0,1725251,3.0,7,,0.0,2.0,2.0,B01,138Â 207Â 856,1.0
1010719,201900052250,7,13,10:20,1,2,1,1.0,5.0,98818,NÂ°88 RUE A. BENEBIG,M," -22,2682500","166,4556900",988,2019,50.0,1.0,1.0,4.0,2260238,1.0,1,1,1,0.0,,0.0,0,1965.0,C01,138Â 207Â 857,8.0,8.0,-1.0,1725252,3.0,7,,0.0,2.0,1.0,C01,138Â 207Â 857,1.0
1010719,201900052250,7,13,10:20,1,2,1,1.0,5.0,98818,NÂ°88 RUE A. BENEBIG,M," -22,2682500","166,4556900",988,2019,50.0,1.0,1.0,4.0,2260239,2.0,2,1,2,0.0,,0.0,0,1970.0,C01,138Â 207Â 857,8.0,-1.0,-1.0,1725250,3.0,7,,0.0,2.0,1.0,A01,138Â 207Â 855,1.0
1010719,201900052250,7,13,10:20,1,2,1,1.0,5.0,98818,NÂ°88 RUE A. BENEBIG,M," -22,2682500","166,4556900",988,2019,50.0,1.0,1.0,4.0,2260239,2.0,2,1,2,0.0,,0.0,0,1970.0,C01,138Â 207Â 857,8.0,-1.0,-1.0,1725251,3.0,7,,0.0,2.0,2.0,B01,138Â 207Â 856,1.0