Unnamed: 0_x,num_acc,mois,jour,hrmn,lum,agg,int,atm,col,com,adr,gps,lat,long,dep,annee,vma,situ,surf,catr,Unnamed: 0_y,place,catu,grav,sexe,trajet,secu,locp,actp,an_nais,num_veh_x,id_vehicule_x,secu1,secu2,secu3,Unnamed: 0,senc,catv,occutc,obs,obsm,choc,num_veh_y,id_vehicule_y,motor
1010719,201900052250,7,13,10:20,1,2,1,1.0,5.0,98818,NÂ°88 RUE A. BENEBIG,M," -22,2682500","166,4556900",988,2019,50.0,1.0,1.0,4.0,2260239,2.0,2,1,2,0.0,,0.0,0,1970.0,C01,138Â 207Â 857,8.0,-1.0,-1.0,1725252,3.0,7,,0.0,2.0,1.0,C01,138Â 207Â 857,1.0
1010720,201900052251,3,28,18:50,1,2,1,1.0,3.0,43041,GENEBRET (RUE DE),M,"45,0501500","3,9059300",43,2019,50.0,1.0,1.0,4.0,2260240,1.0,1,4,1,3.0,,-1.0,0,1961.0,A01,138Â 207Â 853,1.0,8.0,-1.0,1725253,1.0,7,,0.0,2.0,1.0,A01,138Â 207Â 853,1.0
1010720,201900052251,3,28,18:50,1,2,1,1.0,3.0,43041,GENEBRET (RUE DE),M,"45,0501500","3,9059300",43,2019,50.0,1.0,1.0,4.0,2260240,1.0,1,4,1,3.0,,-1.0,0,1961.0,A01,138Â 207Â 853,1.0,8.0,-1.0,1725254,2.0,14,,0.0,2.0,1.0,B01,138Â 207Â 854,1.0
1010720,201900052251,3,28,18:50,1,2,1,1.0,3.0,43041,GENEBRET (RUE DE),M,"45,0501500","3,9059300",43,2019,50.0,1.0,1.0,4.0,2260241,1.0,1,1,1,4.0,,-1.0,0,1951.0,B01,138Â 207Â 854,1.0,8.0,-1.0,1725253,1.0,7,,0.0,2.0,1.0,A01,138Â 207Â 853,1.0
1010720,201900052251,3,28,18:50,1,2,1,1.0,3.0,43041,GENEBRET (RUE DE),M,"45,0501500","3,9059300",43,2019,50.0,1.0,1.0,4.0,2260241,1.0,1,1,1,4.0,,-1.0,0,1951.0,B01,138Â 207Â 854,1.0,8.0,-1.0,1725254,2.0,14,,0.0,2.0,1.0,B01,138Â 207Â 854,1.0
1010721,201900052252,7,12,15:00,1,2,1,1.0,4.0,98818,RUE JACQUES IEKAWE,M," -22,2470000","166,4590900",988,2019,50.0,3.0,1.0,4.0,2260242,1.0,1,1,1,5.0,,0.0,0,1966.0,C01,138Â 207Â 849,1.0,0.0,-1.0,1725255,3.0,7,,0.0,2.0,4.0,C01,138Â 207Â 849,1.0
1010721,201900052252,7,12,15:00,1,2,1,1.0,4.0,98818,RUE JACQUES IEKAWE,M," -22,2470000","166,4590900",988,2019,50.0,3.0,1.0,4.0,2260242,1.0,1,1,1,5.0,,0.0,0,1966.0,C01,138Â 207Â 849,1.0,0.0,-1.0,1725256,3.0,7,,0.0,2.0,4.0,B01,138Â 207Â 850,1.0
1010721,201900052252,7,12,15:00,1,2,1,1.0,4.0,98818,RUE JACQUES IEKAWE,M," -22,2470000","166,4590900",988,2019,50.0,3.0,1.0,4.0,2260242,1.0,1,1,1,5.0,,0.0,0,1966.0,C01,138Â 207Â 849,1.0,0.0,-1.0,1725257,3.0,10,,0.0,2.0,1.0,A01,138Â 207Â 852,1.0
1010721,201900052252,7,12,15:00,1,2,1,1.0,4.0,98818,RUE JACQUES IEKAWE,M," -22,2470000","166,4590900",988,2019,50.0,3.0,1.0,4.0,2260243,1.0,1,4,2,1.0,,0.0,0,1991.0,B01,138Â 207Â 850,1.0,0.0,-1.0,1725255,3.0,7,,0.0,2.0,4.0,C01,138Â 207Â 849,1.0
1010721,201900052252,7,12,15:00,1,2,1,1.0,4.0,98818,RUE JACQUES IEKAWE,M," -22,2470000","166,4590900",988,2019,50.0,3.0,1.0,4.0,2260243,1.0,1,4,2,1.0,,0.0,0,1991.0,B01,138Â 207Â 850,1.0,0.0,-1.0,1725256,3.0,7,,0.0,2.0,4.0,B01,138Â 207Â 850,1.0
1010721,201900052252,7,12,15:00,1,2,1,1.0,4.0,98818,RUE JACQUES IEKAWE,M," -22,2470000","166,4590900",988,2019,50.0,3.0,1.0,4.0,2260243,1.0,1,4,2,1.0,,0.0,0,1991.0,B01,138Â 207Â 850,1.0,0.0,-1.0,1725257,3.0,10,,0.0,2.0,1.0,A01,138Â 207Â 852,1.0
1010721,201900052252,7,12,15:00,1,2,1,1.0,4.0,98818,RUE JACQUES IEKAWE,M," -22,2470000","166,4590900",988,2019,50.0,3.0,1.0,4.0,2260244,1.0,1,1,1,4.0,,0.0,0,1971.0,A01,138Â 207Â 852,1.0,0.0,-1.0,1725255,3.0,7,,0.0,2.0,4.0,C01,138Â 207Â 849,1.0
1010721,201900052252,7,12,15:00,1,2,1,1.0,4.0,98818,RUE JACQUES IEKAWE,M," -22,2470000","166,4590900",988,2019,50.0,3.0,1.0,4.0,2260244,1.0,1,1,1,4.0,,0.0,0,1971.0,A01,138Â 207Â 852,1.0,0.0,-1.0,1725256,3.0,7,,0.0,2.0,4.0,B01,138Â 207Â 850,1.0
1010721,201900052252,7,12,15:00,1,2,1,1.0,4.0,98818,RUE JACQUES IEKAWE,M," -22,2470000","166,4590900",988,2019,50.0,3.0,1.0,4.0,2260244,1.0,1,1,1,4.0,,0.0,0,1971.0,A01,138Â 207Â 852,1.0,0.0,-1.0,1725257,3.0,10,,0.0,2.0,1.0,A01,138Â 207Â 852,1.0
1010722,201900052253,7,13,16:15,1,2,1,1.0,6.0,97611,mamoudzou centre-Commandant Passot (Plac,M," -12,7781300","45,2314000",976,2019,50.0,1.0,1.0,4.0,2260245,10.0,3,4,2,0.0,,8.0,3,1997.0,A01,138Â 207Â 848,0.0,0.0,0.0,1725258,2.0,7,,0.0,2.0,2.0,A01,138Â 207Â 848,1.0
1010722,201900052253,7,13,16:15,1,2,1,1.0,6.0,97611,mamoudzou centre-Commandant Passot (Plac,M," -12,7781300","45,2314000",976,2019,50.0,1.0,1.0,4.0,2260246,1.0,1,1,1,9.0,,0.0,0,1985.0,A01,138Â 207Â 848,1.0,8.0,-1.0,1725258,2.0,7,,0.0,2.0,2.0,A01,138Â 207Â 848,1.0
1010723,201900052254,7,12,09:20,1,1,1,1.0,2.0,97611,kaweni-Europe (avenue),M," -12,7603400","45,2266300",976,2019,50.0,1.0,1.0,2.0,2260247,1.0,1,1,1,9.0,,-1.0,0,1971.0,B01,138Â 207Â 846,1.0,8.0,-1.0,1725259,2.0,7,,0.0,2.0,4.0,B01,138Â 207Â 846,1.0
1010723,201900052254,7,12,09:20,1,1,1,1.0,2.0,97611,kaweni-Europe (avenue),M," -12,7603400","45,2266300",976,2019,50.0,1.0,1.0,2.0,2260247,1.0,1,1,1,9.0,,-1.0,0,1971.0,B01,138Â 207Â 846,1.0,8.0,-1.0,1725260,2.0,30,,0.0,2.0,1.0,A01,138Â 207Â 847,1.0
1010723,201900052254,7,12,09:20,1,1,1,1.0,2.0,97611,kaweni-Europe (avenue),M," -12,7603400","45,2266300",976,2019,50.0,1.0,1.0,2.0,2260248,1.0,1,1,1,9.0,,-1.0,0,1971.0,A01,138Â 207Â 847,2.0,8.0,-1.0,1725259,2.0,7,,0.0,2.0,4.0,B01,138Â 207Â 846,1.0
1010723,201900052254,7,12,09:20,1,1,1,1.0,2.0,97611,kaweni-Europe (avenue),M," -12,7603400","45,2266300",976,2019,50.0,1.0,1.0,2.0,2260248,1.0,1,1,1,9.0,,-1.0,0,1971.0,A01,138Â 207Â 847,2.0,8.0,-1.0,1725260,2.0,30,,0.0,2.0,1.0,A01,138Â 207Â 847,1.0
1010723,201900052254,7,12,09:20,1,1,1,1.0,2.0,97611,kaweni-Europe (avenue),M," -12,7603400","45,2266300",976,2019,50.0,1.0,1.0,2.0,2260249,2.0,2,4,2,9.0,,-1.0,0,1999.0,A01,138Â 207Â 847,2.0,8.0,-1.0,1725259,2.0,7,,0.0,2.0,4.0,B01,138Â 207Â 846,1.0
1010723,201900052254,7,12,09:20,1,1,1,1.0,2.0,97611,kaweni-Europe (avenue),M," -12,7603400","45,2266300",976,2019,50.0,1.0,1.0,2.0,2260249,2.0,2,4,2,9.0,,-1.0,0,1999.0,A01,138Â 207Â 847,2.0,8.0,-1.0,1725260,2.0,30,,0.0,2.0,1.0,A01,138Â 207Â 847,1.0
1010724,201900052255,3,28,09:50,1,2,1,1.0,6.0,42071,LIBERATION (AVENUE DE LA),M,"46,0313700","4,0826500",42,2019,50.0,1.0,1.0,4.0,2260250,10.0,3,4,1,5.0,,3.0,3,1921.0,A01,138Â 207Â 845,8.0,0.0,-1.0,1725261,2.0,10,,0.0,1.0,7.0,A01,138Â 207Â 845,1.0
1010724,201900052255,3,28,09:50,1,2,1,1.0,6.0,42071,LIBERATION (AVENUE DE LA),M,"46,0313700","4,0826500",42,2019,50.0,1.0,1.0,4.0,2260251,1.0,1,1,1,4.0,,0.0,0,1970.0,A01,138Â 207Â 845,1.0,8.0,-1.0,1725261,2.0,10,,0.0,1.0,7.0,A01,138Â 207Â 845,1.0
1010725,201900052256,6,18,11:50,1,2,1,1.0,7.0,97611,mamoudzou centre-Mariage (place -mamoudz,M," -12,7777700","45,2302500",976,2019,50.0,3.0,1.0,4.0,2260252,1.0,1,4,1,0.0,,-1.0,0,1994.0,A01,138Â 207Â 844,2.0,8.0,-1.0,1725262,1.0,30,,0.0,0.0,8.0,A01,138Â 207Â 844,1.0
1010726,201900052257,7,10,11:40,1,2,1,1.0,3.0,97611,kaweni-Mangrove (route de la),M," -12,7586400","45,2309600",976,2019,15.0,1.0,1.0,2.0,2260253,2.0,1,4,1,0.0,,-1.0,0,1975.0,B01,138Â 207Â 841,2.0,8.0,-1.0,1725263,1.0,30,,0.0,0.0,0.0,B01,138Â 207Â 841,0.0
1010726,201900052257,7,10,11:40,1,2,1,1.0,3.0,97611,kaweni-Mangrove (route de la),M," -12,7586400","45,2309600",976,2019,15.0,1.0,1.0,2.0,2260253,2.0,1,4,1,0.0,,-1.0,0,1975.0,B01,138Â 207Â 841,2.0,8.0,-1.0,1725264,1.0,7,,14.0,2.0,3.0,A01,138Â 207Â 842,6.0
1010726,201900052257,7,10,11:40,1,2,1,1.0,3.0,97611,kaweni-Mangrove (route de la),M," -12,7586400","45,2309600",976,2019,15.0,1.0,1.0,2.0,2260254,1.0,1,1,1,9.0,,-1.0,0,1975.0,A01,138Â 207Â 842,1.0,8.0,-1.0,1725263,1.0,30,,0.0,0.0,0.0,B01,138Â 207Â 841,0.0
1010726,201900052257,7,10,11:40,1,2,1,1.0,3.0,97611,kaweni-Mangrove (route de la),M," -12,7586400","45,2309600",976,2019,15.0,1.0,1.0,2.0,2260254,1.0,1,1,1,9.0,,-1.0,0,1975.0,A01,138Â 207Â 842,1.0,8.0,-1.0,1725264,1.0,7,,14.0,2.0,3.0,A01,138Â 207Â 842,6.0
1010727,201900052258,7,13,16:00,1,2,1,1.0,3.0,97416,GENERAL DE GAULLE(AVENUE),M," -21,3618800","55,5312400",974,2019,50.0,1.0,1.0,2.0,2260255,1.0,1,1,1,5.0,,-1.0, -1,1952.0,A01,138Â 207Â 837,1.0,0.0,-1.0,1725265,2.0,7,,0.0,2.0,2.0,A01,138Â 207Â 837,1.0
1010727,201900052258,7,13,16:00,1,2,1,1.0,3.0,97416,GENERAL DE GAULLE(AVENUE),M," -21,3618800","55,5312400",974,2019,50.0,1.0,1.0,2.0,2260255,1.0,1,1,1,5.0,,-1.0, -1,1952.0,A01,138Â 207Â 837,1.0,0.0,-1.0,1725266,1.0,33,,0.0,2.0,1.0,B01,138Â 207Â 839,1.0
1010727,201900052258,7,13,16:00,1,2,1,1.0,3.0,97416,GENERAL DE GAULLE(AVENUE),M," -21,3618800","55,5312400",974,2019,50.0,1.0,1.0,2.0,2260256,1.0,1,3,1,5.0,,-1.0, -1,1982.0,B01,138Â 207Â 839,8.0,0.0,-1.0,1725265,2.0,7,,0.0,2.0,2.0,A01,138Â 207Â 837,1.0
1010727,201900052258,7,13,16:00,1,2,1,1.0,3.0,97416,GENERAL DE GAULLE(AVENUE),M," -21,3618800","55,5312400",974,2019,50.0,1.0,1.0,2.0,2260256,1.0,1,3,1,5.0,,-1.0, -1,1982.0,B01,138Â 207Â 839,8.0,0.0,-1.0,1725266,1.0,33,,0.0,2.0,1.0,B01,138Â 207Â 839,1.0
1010728,201900052259,3,28,08:04,1,2,1,1.0,2.0,41047,RD 2152,M,"47,6121200","1,3597900",41,2019,50.0,1.0,1.0,3.0,2260257,1.0,1,1,1,0.0,,0.0, -1,1972.0,B01,138Â 207Â 836,1.0,0.0,-1.0,1725267,1.0,7,,0.0,2.0,4.0,B01,138Â 207Â 836,1.0
1010728,201900052259,3,28,08:04,1,2,1,1.0,2.0,41047,RD 2152,M,"47,6121200","1,3597900",41,2019,50.0,1.0,1.0,3.0,2260257,1.0,1,1,1,0.0,,0.0, -1,1972.0,B01,138Â 207Â 836,1.0,0.0,-1.0,1725268,1.0,2,,0.0,2.0,1.0,A01,138Â 207Â 838,1.0
1010728,201900052259,3,28,08:04,1,2,1,1.0,2.0,41047,RD 2152,M,"47,6121200","1,3597900",41,2019,50.0,1.0,1.0,3.0,2260258,1.0,1,3,1,2.0,,0.0, -1,2000.0,A01,138Â 207Â 838,2.0,0.0,-1.0,1725267,1.0,7,,0.0,2.0,4.0,B01,138Â 207Â 836,1.0
1010728,201900052259,3,28,08:04,1,2,1,1.0,2.0,41047,RD 2152,M,"47,6121200","1,3597900",41,2019,50.0,1.0,1.0,3.0,2260258,1.0,1,3,1,2.0,,0.0, -1,2000.0,A01,138Â 207Â 838,2.0,0.0,-1.0,1725268,1.0,2,,0.0,2.0,1.0,A01,138Â 207Â 838,1.0
1010729,201900052260,7,11,08:42,1,1,1,1.0,2.0,97416,RN1 (ROUTE NATIONALE),M," -21,3214000","55,4464100",974,2019,110.0,1.0,1.0,2.0,2260259,1.0,1,1,2,0.0,,-1.0, -1,1993.0,A01,138Â 207Â 834,1.0,4.0,-1.0,1725269,1.0,7,,0.0,2.0,1.0,A01,138Â 207Â 834,0.0
1010729,201900052260,7,11,08:42,1,1,1,1.0,2.0,97416,RN1 (ROUTE NATIONALE),M," -21,3214000","55,4464100",974,2019,110.0,1.0,1.0,2.0,2260259,1.0,1,1,2,0.0,,-1.0, -1,1993.0,A01,138Â 207Â 834,1.0,4.0,-1.0,1725270,1.0,33,,0.0,2.0,4.0,B01,138Â 207Â 835,1.0
1010729,201900052260,7,11,08:42,1,1,1,1.0,2.0,97416,RN1 (ROUTE NATIONALE),M," -21,3214000","55,4464100",974,2019,110.0,1.0,1.0,2.0,2260260,1.0,1,4,1,0.0,,-1.0,0,1971.0,B01,138Â 207Â 835,2.0,6.0,-1.0,1725269,1.0,7,,0.0,2.0,1.0,A01,138Â 207Â 834,0.0
1010729,201900052260,7,11,08:42,1,1,1,1.0,2.0,97416,RN1 (ROUTE NATIONALE),M," -21,3214000","55,4464100",974,2019,110.0,1.0,1.0,2.0,2260260,1.0,1,4,1,0.0,,-1.0,0,1971.0,B01,138Â 207Â 835,2.0,6.0,-1.0,1725270,1.0,33,,0.0,2.0,4.0,B01,138Â 207Â 835,1.0
1010730,201900052261,3,30,17:30,1,2,1,1.0,6.0,38185,REY (BOULEVARD E.),M,"45,1901400","5,7241200",38,2019,50.0,1.0,1.0,3.0,2260261,1.0,1,1,1,0.0,,-1.0, -1,1971.0,A01,138Â 207Â 833,2.0,8.0,-1.0,1725271,3.0,33,,0.0,2.0,1.0,A01,138Â 207Â 833,1.0
1010730,201900052261,3,30,17:30,1,2,1,1.0,6.0,38185,REY (BOULEVARD E.),M,"45,1901400","5,7241200",38,2019,50.0,1.0,1.0,3.0,2260262,10.0,3,4,1,0.0,,3.0,3,1983.0,A01,138Â 207Â 833,8.0,0.0,-1.0,1725271,3.0,33,,0.0,2.0,1.0,A01,138Â 207Â 833,1.0
1010731,201900052262,7,12,13:00,1,1,1,1.0,2.0,97416,OLIVINES (RUE DES),M," -21,3253400","55,4724300",974,2019,50.0,3.0,1.0,9.0,2260263,1.0,1,1,2,9.0,,-1.0, -1,1998.0,A01,138Â 207Â 831,1.0,8.0,-1.0,1725272,1.0,7,,0.0,2.0,1.0,A01,138Â 207Â 831,1.0
1010731,201900052262,7,12,13:00,1,1,1,1.0,2.0,97416,OLIVINES (RUE DES),M," -21,3253400","55,4724300",974,2019,50.0,3.0,1.0,9.0,2260263,1.0,1,1,2,9.0,,-1.0, -1,1998.0,A01,138Â 207Â 831,1.0,8.0,-1.0,1725273,1.0,7,,0.0,2.0,4.0,B01,138Â 207Â 832,1.0
1010731,201900052262,7,12,13:00,1,1,1,1.0,2.0,97416,OLIVINES (RUE DES),M," -21,3253400","55,4724300",974,2019,50.0,3.0,1.0,9.0,2260264,1.0,1,1,1,9.0,,-1.0, -1,1977.0,B01,138Â 207Â 832,1.0,8.0,-1.0,1725272,1.0,7,,0.0,2.0,1.0,A01,138Â 207Â 831,1.0
1010731,201900052262,7,12,13:00,1,1,1,1.0,2.0,97416,OLIVINES (RUE DES),M," -21,3253400","55,4724300",974,2019,50.0,3.0,1.0,9.0,2260264,1.0,1,1,1,9.0,,-1.0, -1,1977.0,B01,138Â 207Â 832,1.0,8.0,-1.0,1725273,1.0,7,,0.0,2.0,4.0,B01,138Â 207Â 832,1.0
1010731,201900052262,7,12,13:00,1,1,1,1.0,2.0,97416,OLIVINES (RUE DES),M," -21,3253400","55,4724300",974,2019,50.0,3.0,1.0,9.0,2260265,4.0,2,4,2,9.0,,-1.0, -1,2001.0,B01,138Â 207Â 832,1.0,8.0,-1.0,1725272,1.0,7,,0.0,2.0,1.0,A01,138Â 207Â 831,1.0
1010731,201900052262,7,12,13:00,1,1,1,1.0,2.0,97416,OLIVINES (RUE DES),M," -21,3253400","55,4724300",974,2019,50.0,3.0,1.0,9.0,2260265,4.0,2,4,2,9.0,,-1.0, -1,2001.0,B01,138Â 207Â 832,1.0,8.0,-1.0,1725273,1.0,7,,0.0,2.0,4.0,B01,138Â 207Â 832,1.0
1010732,201900052263,3,29,09:00,1,2,1,1.0,1.0,38423,ROBESPIERRE(RUE),M,"45,2141020","5,6881070",38,2019,50.0,3.0,1.0,4.0,2260266,1.0,1,4,1,0.0,,0.0,0,1981.0,A01,138Â 207Â 829,2.0,8.0,-1.0,1725274,3.0,33,,0.0,2.0,1.0,A01,138Â 207Â 829,1.0
1010732,201900052263,3,29,09:00,1,2,1,1.0,1.0,38423,ROBESPIERRE(RUE),M,"45,2141020","5,6881070",38,2019,50.0,3.0,1.0,4.0,2260266,1.0,1,4,1,0.0,,0.0,0,1981.0,A01,138Â 207Â 829,2.0,8.0,-1.0,1725275,3.0,7,,0.0,2.0,2.0,B01,138Â 207Â 830,1.0
1010732,201900052263,3,29,09:00,1,2,1,1.0,1.0,38423,ROBESPIERRE(RUE),M,"45,2141020","5,6881070",38,2019,50.0,3.0,1.0,4.0,2260267,1.0,1,1,1,0.0,,0.0,0,1970.0,B01,138Â 207Â 830,1.0,8.0,-1.0,1725274,3.0,33,,0.0,2.0,1.0,A01,138Â 207Â 829,1.0
1010732,201900052263,3,29,09:00,1,2,1,1.0,1.0,38423,ROBESPIERRE(RUE),M,"45,2141020","5,6881070",38,2019,50.0,3.0,1.0,4.0,2260267,1.0,1,1,1,0.0,,0.0,0,1970.0,B01,138Â 207Â 830,1.0,8.0,-1.0,1725275,3.0,7,,0.0,2.0,2.0,B01,138Â 207Â 830,1.0
1010733,201900052264,7,11,12:50,1,2,9,1.0,3.0,97416,DU LYCEE(RUE),M," -21,3456800","55,4917400",974,2019,50.0,2.0,1.0,4.0,2260268,1.0,1,4,1,5.0,,-1.0, -1,1995.0,B01,138Â 207Â 827,2.0,8.0,-1.0,1725276,2.0,2,,0.0,2.0,2.0,B01,138Â 207Â 827,1.0
1010733,201900052264,7,11,12:50,1,2,9,1.0,3.0,97416,DU LYCEE(RUE),M," -21,3456800","55,4917400",974,2019,50.0,2.0,1.0,4.0,2260268,1.0,1,4,1,5.0,,-1.0, -1,1995.0,B01,138Â 207Â 827,2.0,8.0,-1.0,1725277,2.0,7,,0.0,2.0,3.0,A01,138Â 207Â 828,1.0
1010733,201900052264,7,11,12:50,1,2,9,1.0,3.0,97416,DU LYCEE(RUE),M," -21,3456800","55,4917400",974,2019,50.0,2.0,1.0,4.0,2260269,1.0,1,1,1,1.0,,-1.0, -1,1972.0,A01,138Â 207Â 828,1.0,8.0,-1.0,1725276,2.0,2,,0.0,2.0,2.0,B01,138Â 207Â 827,1.0
1010733,201900052264,7,11,12:50,1,2,9,1.0,3.0,97416,DU LYCEE(RUE),M," -21,3456800","55,4917400",974,2019,50.0,2.0,1.0,4.0,2260269,1.0,1,1,1,1.0,,-1.0, -1,1972.0,A01,138Â 207Â 828,1.0,8.0,-1.0,1725277,2.0,7,,0.0,2.0,3.0,A01,138Â 207Â 828,1.0
1010734,201900052265,3,29,17:47,1,2,1,1.0,3.0,37122,JEAN JAURES,M,"47,3492901","0,6667968",37,2019,50.0,1.0,1.0,4.0,2260270,1.0,1,4,1,5.0,,-1.0,0,1943.0,B01,138Â 207Â 825,2.0,8.0,-1.0,1725278,3.0,1,,0.0,2.0,8.0,B01,138Â 207Â 825,5.0
1010734,201900052265,3,29,17:47,1,2,1,1.0,3.0,37122,JEAN JAURES,M,"47,3492901","0,6667968",37,2019,50.0,1.0,1.0,4.0,2260270,1.0,1,4,1,5.0,,-1.0,0,1943.0,B01,138Â 207Â 825,2.0,8.0,-1.0,1725279,3.0,7,,0.0,2.0,1.0,A01,138Â 207Â 826,1.0
1010734,201900052265,3,29,17:47,1,2,1,1.0,3.0,37122,JEAN JAURES,M,"47,3492901","0,6667968",37,2019,50.0,1.0,1.0,4.0,2260271,1.0,1,1,2,5.0,,-1.0,0,1990.0,A01,138Â 207Â 826,1.0,8.0,-1.0,1725278,3.0,1,,0.0,2.0,8.0,B01,138Â 207Â 825,5.0
1010734,201900052265,3,29,17:47,1,2,1,1.0,3.0,37122,JEAN JAURES,M,"47,3492901","0,6667968",37,2019,50.0,1.0,1.0,4.0,2260271,1.0,1,1,2,5.0,,-1.0,0,1990.0,A01,138Â 207Â 826,1.0,8.0,-1.0,1725279,3.0,7,,0.0,2.0,1.0,A01,138Â 207Â 826,1.0
1010735,201900052266,7,11,08:15,1,1,9,1.0,6.0,97416,DELISLES (ROUTE HUBERT) CD3,M," -21,3434000","55,4813000",974,2019,50.0,1.0,1.0,4.0,2260272,3.0,2,4,1,9.0,,-1.0, -1,2015.0,A01,138Â 207Â 824,1.0,8.0,-1.0,1725280,1.0,7,,13.0,0.0,2.0,A01,138Â 207Â 824,1.0
1010735,201900052266,7,11,08:15,1,1,9,1.0,6.0,97416,DELISLES (ROUTE HUBERT) CD3,M," -21,3434000","55,4813000",974,2019,50.0,1.0,1.0,4.0,2260273,1.0,1,1,1,0.0,,-1.0, -1,1974.0,A01,138Â 207Â 824,1.0,8.0,-1.0,1725280,1.0,7,,13.0,0.0,2.0,A01,138Â 207Â 824,1.0
1010735,201900052266,7,11,08:15,1,1,9,1.0,6.0,97416,DELISLES (ROUTE HUBERT) CD3,M," -21,3434000","55,4813000",974,2019,50.0,1.0,1.0,4.0,2260274,2.0,2,1,1,9.0,,-1.0, -1,2016.0,A01,138Â 207Â 824,1.0,8.0,-1.0,1725280,1.0,7,,13.0,0.0,2.0,A01,138Â 207Â 824,1.0
1010736,201900052267,3,29,10:35,1,2,1,1.0,2.0,37122,COMTE DE MONTS (RUE DU),M,"47,3517900","0,6616300",37,2019,50.0,1.0,1.0,4.0,2260275,1.0,1,1,1,0.0,,-1.0,0,1950.0,B01,138Â 207Â 822,1.0,8.0,-1.0,1725281,2.0,36,,0.0,2.0,4.0,B01,138Â 207Â 822,1.0
1010736,201900052267,3,29,10:35,1,2,1,1.0,2.0,37122,COMTE DE MONTS (RUE DU),M,"47,3517900","0,6616300",37,2019,50.0,1.0,1.0,4.0,2260275,1.0,1,1,1,0.0,,-1.0,0,1950.0,B01,138Â 207Â 822,1.0,8.0,-1.0,1725282,2.0,1,,0.0,2.0,1.0,A01,138Â 207Â 823,5.0
1010736,201900052267,3,29,10:35,1,2,1,1.0,2.0,37122,COMTE DE MONTS (RUE DU),M,"47,3517900","0,6616300",37,2019,50.0,1.0,1.0,4.0,2260276,1.0,1,4,1,0.0,,-1.0,0,1982.0,A01,138Â 207Â 823,8.0,0.0,-1.0,1725281,2.0,36,,0.0,2.0,4.0,B01,138Â 207Â 822,1.0
1010736,201900052267,3,29,10:35,1,2,1,1.0,2.0,37122,COMTE DE MONTS (RUE DU),M,"47,3517900","0,6616300",37,2019,50.0,1.0,1.0,4.0,2260276,1.0,1,4,1,0.0,,-1.0,0,1982.0,A01,138Â 207Â 823,8.0,0.0,-1.0,1725282,2.0,1,,0.0,2.0,1.0,A01,138Â 207Â 823,5.0
1010737,201900052268,7,11,22:20,5,2,1,1.0,6.0,97411,JAURES (BOULEVARD JEAN),M," -20,8898200","55,4620800",974,2019,50.0,1.0,1.0,2.0,2260277,10.0,3,3,1,9.0,,1.0,3,1949.0,A01,138Â 207Â 821,8.0,0.0,-1.0,1725283,0.0,7,,0.0,1.0,1.0,A01,138Â 207Â 821,1.0
1010737,201900052268,7,11,22:20,5,2,1,1.0,6.0,97411,JAURES (BOULEVARD JEAN),M," -20,8898200","55,4620800",974,2019,50.0,1.0,1.0,2.0,2260278,1.0,1,1,1,5.0,,-1.0,0,1996.0,A01,138Â 207Â 821,1.0,0.0,-1.0,1725283,0.0,7,,0.0,1.0,1.0,A01,138Â 207Â 821,1.0
1010738,201900052269,3,29,07:20,1,2,4,1.0,2.0,37233,LOIRE (LEVEE DE LA),M,"47,3966880","0,7260212",37,2019,80.0,1.0,1.0,4.0,2260279,1.0,1,1,1,2.0,,-1.0,0,2001.0,B01,138Â 207Â 819,1.0,8.0,-1.0,1725284,2.0,7,,0.0,2.0,4.0,B01,138Â 207Â 819,1.0
1010738,201900052269,3,29,07:20,1,2,4,1.0,2.0,37233,LOIRE (LEVEE DE LA),M,"47,3966880","0,7260212",37,2019,80.0,1.0,1.0,4.0,2260279,1.0,1,1,1,2.0,,-1.0,0,2001.0,B01,138Â 207Â 819,1.0,8.0,-1.0,1725285,2.0,7,,0.0,2.0,1.0,A01,138Â 207Â 820,1.0
1010738,201900052269,3,29,07:20,1,2,4,1.0,2.0,37233,LOIRE (LEVEE DE LA),M,"47,3966880","0,7260212",37,2019,80.0,1.0,1.0,4.0,2260280,1.0,1,4,2,1.0,,-1.0,0,1997.0,A01,138Â 207Â 820,1.0,8.0,-1.0,1725284,2.0,7,,0.0,2.0,4.0,B01,138Â 207Â 819,1.0
1010738,201900052269,3,29,07:20,1,2,4,1.0,2.0,37233,LOIRE (LEVEE DE LA),M,"47,3966880","0,7260212",37,2019,80.0,1.0,1.0,4.0,2260280,1.0,1,4,2,1.0,,-1.0,0,1997.0,A01,138Â 207Â 820,1.0,8.0,-1.0,1725285,2.0,7,,0.0,2.0,1.0,A01,138Â 207Â 820,1.0
1010739,201900052270,7,11,14:45,1,1,1,1.0,6.0,97409,Route de Salazie,M," -21,0001600","55,5928200",974,2019,70.0,1.0,1.0,3.0,2260281,1.0,1,4,2,0.0,,-1.0, -1,1958.0,A01,138Â 207Â 818,1.0,0.0,-1.0,1725286,1.0,7,,0.0,0.0,2.0,A01,138Â 207Â 818,1.0
1010740,201900052271,7,11,10:00,1,2,3,1.0,3.0,97409,CHEMIN AGENOR,M," -20,9411733","55,6785380",974,2019,50.0,3.0,1.0,3.0,2260282,1.0,1,1,1,5.0,,-1.0, -1,1993.0,A01,138Â 207Â 815,1.0,0.0,-1.0,1725287,3.0,7,,0.0,2.0,6.0,A01,138Â 207Â 815,1.0