Unnamed: 0_x,num_acc,mois,jour,hrmn,lum,agg,int,atm,col,com,adr,gps,lat,long,dep,annee,vma,situ,surf,catr,Unnamed: 0_y,place,catu,grav,sexe,trajet,secu,locp,actp,an_nais,num_veh_x,id_vehicule_x,secu1,secu2,secu3,Unnamed: 0,senc,catv,occutc,obs,obsm,choc,num_veh_y,id_vehicule_y,motor
1010740,201900052271,7,11,10:00,1,2,3,1.0,3.0,97409,CHEMIN AGENOR,M," -20,9411733","55,6785380",974,2019,50.0,3.0,1.0,3.0,2260282,1.0,1,1,1,5.0,,-1.0, -1,1993.0,A01,138Â 207Â 815,1.0,0.0,-1.0,1725288,3.0,33,,0.0,2.0,3.0,B01,138Â 207Â 816,1.0
1010740,201900052271,7,11,10:00,1,2,3,1.0,3.0,97409,CHEMIN AGENOR,M," -20,9411733","55,6785380",974,2019,50.0,3.0,1.0,3.0,2260283,1.0,1,4,1,1.0,,-1.0, -1,1993.0,B01,138Â 207Â 816,2.0,0.0,-1.0,1725287,3.0,7,,0.0,2.0,6.0,A01,138Â 207Â 815,1.0
1010740,201900052271,7,11,10:00,1,2,3,1.0,3.0,97409,CHEMIN AGENOR,M," -20,9411733","55,6785380",974,2019,50.0,3.0,1.0,3.0,2260283,1.0,1,4,1,1.0,,-1.0, -1,1993.0,B01,138Â 207Â 816,2.0,0.0,-1.0,1725288,3.0,33,,0.0,2.0,3.0,B01,138Â 207Â 816,1.0
1010741,201900052272,3,28,05:55,5,2,1,1.0,7.0,37261,PORTILLON (RUE DE),M,"47,4044800","0,6790500",37,2019,50.0,1.0,1.0,4.0,2260284,1.0,1,4,2,3.0,,-1.0,0,1994.0,A01,138Â 207Â 817,2.0,8.0,-1.0,1725289,2.0,34,,0.0,0.0,1.0,A01,138Â 207Â 817,1.0
1010742,201900052273,3,30,20:27,5,1,6,1.0,3.0,35278,MELESSE (ROND POINT DE),M,"48,1617000"," -1,6898000",35,2019,80.0,1.0,1.0,3.0,2260285,1.0,1,1,2,1.0,,-1.0,0,1968.0,A01,138Â 207Â 811,1.0,8.0,-1.0,1725290,1.0,7,,0.0,2.0,3.0,A01,138Â 207Â 811,1.0
1010742,201900052273,3,30,20:27,5,1,6,1.0,3.0,35278,MELESSE (ROND POINT DE),M,"48,1617000"," -1,6898000",35,2019,80.0,1.0,1.0,3.0,2260285,1.0,1,1,2,1.0,,-1.0,0,1968.0,A01,138Â 207Â 811,1.0,8.0,-1.0,1725291,1.0,2,,0.0,2.0,7.0,B01,138Â 207Â 812,1.0
1010742,201900052273,3,30,20:27,5,1,6,1.0,3.0,35278,MELESSE (ROND POINT DE),M,"48,1617000"," -1,6898000",35,2019,80.0,1.0,1.0,3.0,2260286,1.0,1,4,1,0.0,,-1.0, -1,1993.0,B01,138Â 207Â 812,2.0,8.0,-1.0,1725290,1.0,7,,0.0,2.0,3.0,A01,138Â 207Â 811,1.0
1010742,201900052273,3,30,20:27,5,1,6,1.0,3.0,35278,MELESSE (ROND POINT DE),M,"48,1617000"," -1,6898000",35,2019,80.0,1.0,1.0,3.0,2260286,1.0,1,4,1,0.0,,-1.0, -1,1993.0,B01,138Â 207Â 812,2.0,8.0,-1.0,1725291,1.0,2,,0.0,2.0,7.0,B01,138Â 207Â 812,1.0
1010743,201900052274,7,12,08:30,1,2,1,1.0,3.0,97302,LEBLOND (ROND POINT),M,"4,9215623"," -52,3297584",973,2019,50.0,1.0,1.0,2.0,2260287,1.0,1,4,2,4.0,,-1.0,0,1973.0,B01,138Â 207Â 807,1.0,8.0,-1.0,1725292,1.0,7,,0.0,2.0,6.0,B01,138Â 207Â 807,0.0
1010743,201900052274,7,12,08:30,1,2,1,1.0,3.0,97302,LEBLOND (ROND POINT),M,"4,9215623"," -52,3297584",973,2019,50.0,1.0,1.0,2.0,2260287,1.0,1,4,2,4.0,,-1.0,0,1973.0,B01,138Â 207Â 807,1.0,8.0,-1.0,1725293,1.0,7,,0.0,2.0,2.0,A01,138Â 207Â 808,0.0
1010743,201900052274,7,12,08:30,1,2,1,1.0,3.0,97302,LEBLOND (ROND POINT),M,"4,9215623"," -52,3297584",973,2019,50.0,1.0,1.0,2.0,2260288,1.0,1,1,2,0.0,,-1.0,0,1991.0,A01,138Â 207Â 808,8.0,0.0,-1.0,1725292,1.0,7,,0.0,2.0,6.0,B01,138Â 207Â 807,0.0
1010743,201900052274,7,12,08:30,1,2,1,1.0,3.0,97302,LEBLOND (ROND POINT),M,"4,9215623"," -52,3297584",973,2019,50.0,1.0,1.0,2.0,2260288,1.0,1,1,2,0.0,,-1.0,0,1991.0,A01,138Â 207Â 808,8.0,0.0,-1.0,1725293,1.0,7,,0.0,2.0,2.0,A01,138Â 207Â 808,0.0
1010744,201900052275,3,28,16:55,1,2,3,1.0,6.0,35238,SUEDE (DE),M,"48,0867100"," -1,6764700",35,2019,50.0,1.0,1.0,4.0,2260289,1.0,1,1,1,0.0,,0.0,0,2002.0,A01,138Â 207Â 806,8.0,0.0,-1.0,1725294,3.0,50,,0.0,1.0,8.0,A01,138Â 207Â 806,3.0
1010744,201900052275,3,28,16:55,1,2,3,1.0,6.0,35238,SUEDE (DE),M,"48,0867100"," -1,6764700",35,2019,50.0,1.0,1.0,4.0,2260290,10.0,3,4,1,5.0,,5.0,3,2010.0,A01,138Â 207Â 806,8.0,0.0,-1.0,1725294,3.0,50,,0.0,1.0,8.0,A01,138Â 207Â 806,3.0
1010745,201900052276,7,11,06:40,2,2,1,1.0,6.0,97302,BARTHELEMY (RENE),M,"4,9342183"," -52,3305738",973,2019,50.0,1.0,1.0,4.0,2260291,1.0,1,1,1,0.0,,-1.0,0,1975.0,B01,138Â 207Â 801,1.0,8.0,-1.0,1725295,1.0,7,,0.0,1.0,1.0,B01,138Â 207Â 801,6.0
1010745,201900052276,7,11,06:40,2,2,1,1.0,6.0,97302,BARTHELEMY (RENE),M,"4,9342183"," -52,3305738",973,2019,50.0,1.0,1.0,4.0,2260292,10.0,3,4,2,0.0,,1.0,3,1975.0,B01,138Â 207Â 801,8.0,0.0,-1.0,1725295,1.0,7,,0.0,1.0,1.0,B01,138Â 207Â 801,6.0
1010746,201900052277,3,28,17:15,1,1,1,1.0,4.0,35238,RN136,M,"48,1032200"," -1,7165500",35,2019,90.0,1.0,1.0,2.0,2260293,4.0,2,1,2,5.0,,-1.0,0,1985.0,B01,138Â 207Â 800,1.0,0.0,-1.0,1725296,2.0,7,,0.0,2.0,6.0,B01,138Â 207Â 800,1.0
1010746,201900052277,3,28,17:15,1,1,1,1.0,4.0,35238,RN136,M,"48,1032200"," -1,7165500",35,2019,90.0,1.0,1.0,2.0,2260293,4.0,2,1,2,5.0,,-1.0,0,1985.0,B01,138Â 207Â 800,1.0,0.0,-1.0,1725297,2.0,7,,0.0,2.0,5.0,C01,138Â 207Â 802,1.0
1010746,201900052277,3,28,17:15,1,1,1,1.0,4.0,35238,RN136,M,"48,1032200"," -1,7165500",35,2019,90.0,1.0,1.0,2.0,2260293,4.0,2,1,2,5.0,,-1.0,0,1985.0,B01,138Â 207Â 800,1.0,0.0,-1.0,1725298,2.0,33,,0.0,2.0,1.0,A01,138Â 207Â 803,1.0
1010746,201900052277,3,28,17:15,1,1,1,1.0,4.0,35238,RN136,M,"48,1032200"," -1,7165500",35,2019,90.0,1.0,1.0,2.0,2260294,3.0,2,1,2,5.0,,-1.0,0,1957.0,B01,138Â 207Â 800,1.0,0.0,-1.0,1725296,2.0,7,,0.0,2.0,6.0,B01,138Â 207Â 800,1.0
1010746,201900052277,3,28,17:15,1,1,1,1.0,4.0,35238,RN136,M,"48,1032200"," -1,7165500",35,2019,90.0,1.0,1.0,2.0,2260294,3.0,2,1,2,5.0,,-1.0,0,1957.0,B01,138Â 207Â 800,1.0,0.0,-1.0,1725297,2.0,7,,0.0,2.0,5.0,C01,138Â 207Â 802,1.0
1010746,201900052277,3,28,17:15,1,1,1,1.0,4.0,35238,RN136,M,"48,1032200"," -1,7165500",35,2019,90.0,1.0,1.0,2.0,2260294,3.0,2,1,2,5.0,,-1.0,0,1957.0,B01,138Â 207Â 800,1.0,0.0,-1.0,1725298,2.0,33,,0.0,2.0,1.0,A01,138Â 207Â 803,1.0
1010746,201900052277,3,28,17:15,1,1,1,1.0,4.0,35238,RN136,M,"48,1032200"," -1,7165500",35,2019,90.0,1.0,1.0,2.0,2260295,2.0,2,1,1,5.0,,-1.0,0,1954.0,B01,138Â 207Â 800,1.0,0.0,-1.0,1725296,2.0,7,,0.0,2.0,6.0,B01,138Â 207Â 800,1.0
1010746,201900052277,3,28,17:15,1,1,1,1.0,4.0,35238,RN136,M,"48,1032200"," -1,7165500",35,2019,90.0,1.0,1.0,2.0,2260295,2.0,2,1,1,5.0,,-1.0,0,1954.0,B01,138Â 207Â 800,1.0,0.0,-1.0,1725297,2.0,7,,0.0,2.0,5.0,C01,138Â 207Â 802,1.0
1010746,201900052277,3,28,17:15,1,1,1,1.0,4.0,35238,RN136,M,"48,1032200"," -1,7165500",35,2019,90.0,1.0,1.0,2.0,2260295,2.0,2,1,1,5.0,,-1.0,0,1954.0,B01,138Â 207Â 800,1.0,0.0,-1.0,1725298,2.0,33,,0.0,2.0,1.0,A01,138Â 207Â 803,1.0
1010746,201900052277,3,28,17:15,1,1,1,1.0,4.0,35238,RN136,M,"48,1032200"," -1,7165500",35,2019,90.0,1.0,1.0,2.0,2260296,1.0,1,1,1,5.0,,-1.0,0,1983.0,B01,138Â 207Â 800,1.0,0.0,-1.0,1725296,2.0,7,,0.0,2.0,6.0,B01,138Â 207Â 800,1.0
1010746,201900052277,3,28,17:15,1,1,1,1.0,4.0,35238,RN136,M,"48,1032200"," -1,7165500",35,2019,90.0,1.0,1.0,2.0,2260296,1.0,1,1,1,5.0,,-1.0,0,1983.0,B01,138Â 207Â 800,1.0,0.0,-1.0,1725297,2.0,7,,0.0,2.0,5.0,C01,138Â 207Â 802,1.0
1010746,201900052277,3,28,17:15,1,1,1,1.0,4.0,35238,RN136,M,"48,1032200"," -1,7165500",35,2019,90.0,1.0,1.0,2.0,2260296,1.0,1,1,1,5.0,,-1.0,0,1983.0,B01,138Â 207Â 800,1.0,0.0,-1.0,1725298,2.0,33,,0.0,2.0,1.0,A01,138Â 207Â 803,1.0
1010746,201900052277,3,28,17:15,1,1,1,1.0,4.0,35238,RN136,M,"48,1032200"," -1,7165500",35,2019,90.0,1.0,1.0,2.0,2260297,2.0,2,1,1,0.0,,-1.0,0,1983.0,C01,138Â 207Â 802,1.0,0.0,-1.0,1725296,2.0,7,,0.0,2.0,6.0,B01,138Â 207Â 800,1.0
1010746,201900052277,3,28,17:15,1,1,1,1.0,4.0,35238,RN136,M,"48,1032200"," -1,7165500",35,2019,90.0,1.0,1.0,2.0,2260297,2.0,2,1,1,0.0,,-1.0,0,1983.0,C01,138Â 207Â 802,1.0,0.0,-1.0,1725297,2.0,7,,0.0,2.0,5.0,C01,138Â 207Â 802,1.0
1010746,201900052277,3,28,17:15,1,1,1,1.0,4.0,35238,RN136,M,"48,1032200"," -1,7165500",35,2019,90.0,1.0,1.0,2.0,2260297,2.0,2,1,1,0.0,,-1.0,0,1983.0,C01,138Â 207Â 802,1.0,0.0,-1.0,1725298,2.0,33,,0.0,2.0,1.0,A01,138Â 207Â 803,1.0
1010746,201900052277,3,28,17:15,1,1,1,1.0,4.0,35238,RN136,M,"48,1032200"," -1,7165500",35,2019,90.0,1.0,1.0,2.0,2260298,1.0,1,1,1,0.0,,-1.0,0,1976.0,C01,138Â 207Â 802,1.0,0.0,-1.0,1725296,2.0,7,,0.0,2.0,6.0,B01,138Â 207Â 800,1.0
1010746,201900052277,3,28,17:15,1,1,1,1.0,4.0,35238,RN136,M,"48,1032200"," -1,7165500",35,2019,90.0,1.0,1.0,2.0,2260298,1.0,1,1,1,0.0,,-1.0,0,1976.0,C01,138Â 207Â 802,1.0,0.0,-1.0,1725297,2.0,7,,0.0,2.0,5.0,C01,138Â 207Â 802,1.0
1010746,201900052277,3,28,17:15,1,1,1,1.0,4.0,35238,RN136,M,"48,1032200"," -1,7165500",35,2019,90.0,1.0,1.0,2.0,2260298,1.0,1,1,1,0.0,,-1.0,0,1976.0,C01,138Â 207Â 802,1.0,0.0,-1.0,1725298,2.0,33,,0.0,2.0,1.0,A01,138Â 207Â 803,1.0
1010746,201900052277,3,28,17:15,1,1,1,1.0,4.0,35238,RN136,M,"48,1032200"," -1,7165500",35,2019,90.0,1.0,1.0,2.0,2260299,1.0,1,4,1,0.0,,-1.0,0,1997.0,A01,138Â 207Â 803,2.0,6.0,-1.0,1725296,2.0,7,,0.0,2.0,6.0,B01,138Â 207Â 800,1.0
1010746,201900052277,3,28,17:15,1,1,1,1.0,4.0,35238,RN136,M,"48,1032200"," -1,7165500",35,2019,90.0,1.0,1.0,2.0,2260299,1.0,1,4,1,0.0,,-1.0,0,1997.0,A01,138Â 207Â 803,2.0,6.0,-1.0,1725297,2.0,7,,0.0,2.0,5.0,C01,138Â 207Â 802,1.0
1010746,201900052277,3,28,17:15,1,1,1,1.0,4.0,35238,RN136,M,"48,1032200"," -1,7165500",35,2019,90.0,1.0,1.0,2.0,2260299,1.0,1,4,1,0.0,,-1.0,0,1997.0,A01,138Â 207Â 803,2.0,6.0,-1.0,1725298,2.0,33,,0.0,2.0,1.0,A01,138Â 207Â 803,1.0
1010747,201900052278,7,13,17:50,1,2,2,1.0,3.0,69383,LAFAYETTE                           (CO),M,"45,7636600","4,8580800",69,2019,50.0,1.0,1.0,4.0,2260300,1.0,1,1,1,4.0,,-1.0, -1,1955.0,B01,138Â 207Â 798,8.0,0.0,-1.0,1725299,2.0,7,,0.0,2.0,3.0,B01,138Â 207Â 798,1.0
1010747,201900052278,7,13,17:50,1,2,2,1.0,3.0,69383,LAFAYETTE                           (CO),M,"45,7636600","4,8580800",69,2019,50.0,1.0,1.0,4.0,2260300,1.0,1,1,1,4.0,,-1.0, -1,1955.0,B01,138Â 207Â 798,8.0,0.0,-1.0,1725300,1.0,50,,0.0,2.0,1.0,A01,138Â 207Â 799,3.0
1010747,201900052278,7,13,17:50,1,2,2,1.0,3.0,69383,LAFAYETTE                           (CO),M,"45,7636600","4,8580800",69,2019,50.0,1.0,1.0,4.0,2260301,1.0,1,3,1,0.0,,0.0,0,1964.0,A01,138Â 207Â 799,8.0,0.0,-1.0,1725299,2.0,7,,0.0,2.0,3.0,B01,138Â 207Â 798,1.0
1010747,201900052278,7,13,17:50,1,2,2,1.0,3.0,69383,LAFAYETTE                           (CO),M,"45,7636600","4,8580800",69,2019,50.0,1.0,1.0,4.0,2260301,1.0,1,3,1,0.0,,0.0,0,1964.0,A01,138Â 207Â 799,8.0,0.0,-1.0,1725300,1.0,50,,0.0,2.0,1.0,A01,138Â 207Â 799,3.0
1010748,201900052279,3,27,17:30,1,2,1,1.0,4.0,35238,PORTE DES LOGES,M,"48,0904600"," -1,6297400",35,2019,90.0,1.0,1.0,2.0,2260302,1.0,1,1,1,4.0,,-1.0,0,1981.0,B01,138Â 207Â 795,1.0,0.0,-1.0,1725301,1.0,13,,0.0,2.0,2.0,B01,138Â 207Â 795,0.0
1010748,201900052279,3,27,17:30,1,2,1,1.0,4.0,35238,PORTE DES LOGES,M,"48,0904600"," -1,6297400",35,2019,90.0,1.0,1.0,2.0,2260302,1.0,1,1,1,4.0,,-1.0,0,1981.0,B01,138Â 207Â 795,1.0,0.0,-1.0,1725302,1.0,7,,0.0,2.0,1.0,C01,138Â 207Â 796,1.0
1010748,201900052279,3,27,17:30,1,2,1,1.0,4.0,35238,PORTE DES LOGES,M,"48,0904600"," -1,6297400",35,2019,90.0,1.0,1.0,2.0,2260302,1.0,1,1,1,4.0,,-1.0,0,1981.0,B01,138Â 207Â 795,1.0,0.0,-1.0,1725303,1.0,7,,0.0,2.0,1.0,A01,138Â 207Â 797,1.0
1010748,201900052279,3,27,17:30,1,2,1,1.0,4.0,35238,PORTE DES LOGES,M,"48,0904600"," -1,6297400",35,2019,90.0,1.0,1.0,2.0,2260303,1.0,1,1,1,0.0,,-1.0,0,1959.0,C01,138Â 207Â 796,1.0,0.0,-1.0,1725301,1.0,13,,0.0,2.0,2.0,B01,138Â 207Â 795,0.0
1010748,201900052279,3,27,17:30,1,2,1,1.0,4.0,35238,PORTE DES LOGES,M,"48,0904600"," -1,6297400",35,2019,90.0,1.0,1.0,2.0,2260303,1.0,1,1,1,0.0,,-1.0,0,1959.0,C01,138Â 207Â 796,1.0,0.0,-1.0,1725302,1.0,7,,0.0,2.0,1.0,C01,138Â 207Â 796,1.0
1010748,201900052279,3,27,17:30,1,2,1,1.0,4.0,35238,PORTE DES LOGES,M,"48,0904600"," -1,6297400",35,2019,90.0,1.0,1.0,2.0,2260303,1.0,1,1,1,0.0,,-1.0,0,1959.0,C01,138Â 207Â 796,1.0,0.0,-1.0,1725303,1.0,7,,0.0,2.0,1.0,A01,138Â 207Â 797,1.0
1010748,201900052279,3,27,17:30,1,2,1,1.0,4.0,35238,PORTE DES LOGES,M,"48,0904600"," -1,6297400",35,2019,90.0,1.0,1.0,2.0,2260304,1.0,1,4,2,0.0,,-1.0,0,1996.0,A01,138Â 207Â 797,1.0,0.0,-1.0,1725301,1.0,13,,0.0,2.0,2.0,B01,138Â 207Â 795,0.0
1010748,201900052279,3,27,17:30,1,2,1,1.0,4.0,35238,PORTE DES LOGES,M,"48,0904600"," -1,6297400",35,2019,90.0,1.0,1.0,2.0,2260304,1.0,1,4,2,0.0,,-1.0,0,1996.0,A01,138Â 207Â 797,1.0,0.0,-1.0,1725302,1.0,7,,0.0,2.0,1.0,C01,138Â 207Â 796,1.0
1010748,201900052279,3,27,17:30,1,2,1,1.0,4.0,35238,PORTE DES LOGES,M,"48,0904600"," -1,6297400",35,2019,90.0,1.0,1.0,2.0,2260304,1.0,1,4,2,0.0,,-1.0,0,1996.0,A01,138Â 207Â 797,1.0,0.0,-1.0,1725303,1.0,7,,0.0,2.0,1.0,A01,138Â 207Â 797,1.0
1010749,201900052280,7,13,03:08,5,2,1,1.0,7.0,69259,CHAUSSON                            (R ),M,"45,7284500","4,8550000",69,2019,30.0,1.0,1.0,4.0,2260305,1.0,1,4,1,5.0,,0.0,0,1997.0,A01,138Â 207Â 794,8.0,0.0,-1.0,1725304,1.0,50,,0.0,0.0,1.0,A01,138Â 207Â 794,3.0
1010750,201900052281,3,27,12:30,1,2,1,1.0,2.0,35238,CLOS COURTEL (DU),M,"48,1262700"," -1,6283600",35,2019,50.0,1.0,1.0,3.0,2260306,1.0,1,4,1,4.0,,-1.0,0,2000.0,A01,138Â 207Â 792,2.0,0.0,-1.0,1725305,1.0,30,,14.0,0.0,1.0,A01,138Â 207Â 792,1.0
1010750,201900052281,3,27,12:30,1,2,1,1.0,2.0,35238,CLOS COURTEL (DU),M,"48,1262700"," -1,6283600",35,2019,50.0,1.0,1.0,3.0,2260306,1.0,1,4,1,4.0,,-1.0,0,2000.0,A01,138Â 207Â 792,2.0,0.0,-1.0,1725306,1.0,7,,0.0,2.0,4.0,B01,138Â 207Â 793,1.0
1010750,201900052281,3,27,12:30,1,2,1,1.0,2.0,35238,CLOS COURTEL (DU),M,"48,1262700"," -1,6283600",35,2019,50.0,1.0,1.0,3.0,2260307,1.0,1,1,1,1.0,,-1.0,0,1961.0,B01,138Â 207Â 793,1.0,0.0,-1.0,1725305,1.0,30,,14.0,0.0,1.0,A01,138Â 207Â 792,1.0
1010750,201900052281,3,27,12:30,1,2,1,1.0,2.0,35238,CLOS COURTEL (DU),M,"48,1262700"," -1,6283600",35,2019,50.0,1.0,1.0,3.0,2260307,1.0,1,1,1,1.0,,-1.0,0,1961.0,B01,138Â 207Â 793,1.0,0.0,-1.0,1725306,1.0,7,,0.0,2.0,4.0,B01,138Â 207Â 793,1.0
1010751,201900052282,3,27,12:25,1,2,9,1.0,2.0,35238,ROUTE DE SAINT-MALO,M,"48,1327000"," -1,6910000",35,2019,50.0,1.0,1.0,3.0,2260308,1.0,1,1,2,1.0,,-1.0,0,1974.0,B01,138Â 207Â 790,1.0,0.0,-1.0,1725307,1.0,7,,0.0,2.0,6.0,B01,138Â 207Â 790,1.0
1010751,201900052282,3,27,12:25,1,2,9,1.0,2.0,35238,ROUTE DE SAINT-MALO,M,"48,1327000"," -1,6910000",35,2019,50.0,1.0,1.0,3.0,2260308,1.0,1,1,2,1.0,,-1.0,0,1974.0,B01,138Â 207Â 790,1.0,0.0,-1.0,1725308,1.0,34,,0.0,2.0,1.0,A01,138Â 207Â 791,1.0
1010751,201900052282,3,27,12:25,1,2,9,1.0,2.0,35238,ROUTE DE SAINT-MALO,M,"48,1327000"," -1,6910000",35,2019,50.0,1.0,1.0,3.0,2260309,1.0,1,3,1,0.0,,-1.0,0,1973.0,A01,138Â 207Â 791,2.0,8.0,-1.0,1725307,1.0,7,,0.0,2.0,6.0,B01,138Â 207Â 790,1.0
1010751,201900052282,3,27,12:25,1,2,9,1.0,2.0,35238,ROUTE DE SAINT-MALO,M,"48,1327000"," -1,6910000",35,2019,50.0,1.0,1.0,3.0,2260309,1.0,1,3,1,0.0,,-1.0,0,1973.0,A01,138Â 207Â 791,2.0,8.0,-1.0,1725308,1.0,34,,0.0,2.0,1.0,A01,138Â 207Â 791,1.0
1010752,201900052283,7,12,21:10,2,2,1,1.0,1.0,69383,ANTOINE CHARIAL                             (R ),M,"45,7576400","4,8706100",69,2019,50.0,1.0,1.0,7.0,2260310,1.0,1,1,2,0.0,,-1.0,0,1955.0,A01,138Â 207Â 788,8.0,0.0,-1.0,1725309,2.0,7,,0.0,2.0,1.0,A01,138Â 207Â 788,1.0
1010752,201900052283,7,12,21:10,2,2,1,1.0,1.0,69383,ANTOINE CHARIAL                             (R ),M,"45,7576400","4,8706100",69,2019,50.0,1.0,1.0,7.0,2260310,1.0,1,1,2,0.0,,-1.0,0,1955.0,A01,138Â 207Â 788,8.0,0.0,-1.0,1725310,1.0,50,,0.0,2.0,1.0,B01,138Â 207Â 789,3.0
1010752,201900052283,7,12,21:10,2,2,1,1.0,1.0,69383,ANTOINE CHARIAL                             (R ),M,"45,7576400","4,8706100",69,2019,50.0,1.0,1.0,7.0,2260311,1.0,1,4,1,0.0,,0.0,0,2000.0,B01,138Â 207Â 789,8.0,0.0,-1.0,1725309,2.0,7,,0.0,2.0,1.0,A01,138Â 207Â 788,1.0
1010752,201900052283,7,12,21:10,2,2,1,1.0,1.0,69383,ANTOINE CHARIAL                             (R ),M,"45,7576400","4,8706100",69,2019,50.0,1.0,1.0,7.0,2260311,1.0,1,4,1,0.0,,0.0,0,2000.0,B01,138Â 207Â 789,8.0,0.0,-1.0,1725310,1.0,50,,0.0,2.0,1.0,B01,138Â 207Â 789,3.0
1010753,201900052284,7,12,09:10,1,2,2,1.0,7.0,69388,AUDIBERT ET LAVIROTTE               (R ),M,"45,7406900","4,8600700",69,2019,-1.0,8.0,1.0,7.0,2260312,10.0,3,3,1,0.0,,2.0,3,1993.0,A01,138Â 207Â 786,8.0,0.0,-1.0,1725311,1.0,7,,0.0,1.0,4.0,A01,138Â 207Â 786,1.0
1010754,201900052285,7,12,09:30,1,2,2,1.0,3.0,69383,CREQUI (DE)                         (R ),M,"45,7596000","4,8478000",69,2019,50.0,1.0,1.0,7.0,2260313,1.0,1,1,1,0.0,,-1.0, -1,1972.0,B01,138Â 207Â 784,1.0,0.0,-1.0,1725312,2.0,7,,0.0,6.0,5.0,B01,138Â 207Â 784,1.0
1010754,201900052285,7,12,09:30,1,2,2,1.0,3.0,69383,CREQUI (DE)                         (R ),M,"45,7596000","4,8478000",69,2019,50.0,1.0,1.0,7.0,2260313,1.0,1,1,1,0.0,,-1.0, -1,1972.0,B01,138Â 207Â 784,1.0,0.0,-1.0,1725313,2.0,1,,0.0,2.0,1.0,A01,138Â 207Â 785,5.0
1010754,201900052285,7,12,09:30,1,2,2,1.0,3.0,69383,CREQUI (DE)                         (R ),M,"45,7596000","4,8478000",69,2019,50.0,1.0,1.0,7.0,2260314,1.0,1,4,1,0.0,,-1.0, -1,1968.0,A01,138Â 207Â 785,2.0,0.0,-1.0,1725312,2.0,7,,0.0,6.0,5.0,B01,138Â 207Â 784,1.0
1010754,201900052285,7,12,09:30,1,2,2,1.0,3.0,69383,CREQUI (DE)                         (R ),M,"45,7596000","4,8478000",69,2019,50.0,1.0,1.0,7.0,2260314,1.0,1,4,1,0.0,,-1.0, -1,1968.0,A01,138Â 207Â 785,2.0,0.0,-1.0,1725313,2.0,1,,0.0,2.0,1.0,A01,138Â 207Â 785,5.0
1010755,201900052286,7,11,21:20,5,2,1,1.0,6.0,69199,YVES FARGE                          (BD),M,"45,7013700","4,8557800",69,2019,50.0,1.0,1.0,3.0,2260315,2.0,2,4,2,5.0,,0.0,0,2001.0,A01,138Â 207Â 783,1.0,0.0,-1.0,1725314,3.0,7,,14.0,0.0,3.0,A01,138Â 207Â 783,1.0
1010755,201900052286,7,11,21:20,5,2,1,1.0,6.0,69199,YVES FARGE                          (BD),M,"45,7013700","4,8557800",69,2019,50.0,1.0,1.0,3.0,2260316,1.0,1,4,2,5.0,,0.0,0,1999.0,A01,138Â 207Â 783,1.0,0.0,-1.0,1725314,3.0,7,,14.0,0.0,3.0,A01,138Â 207Â 783,1.0
1010756,201900052287,7,11,07:45,1,2,1,1.0,2.0,69387,GAMBETTA                            (CO),M,"45,7543600","4,8456500",69,2019,50.0,1.0,1.0,4.0,2260317,1.0,1,4,1,0.0,,0.0,0,1994.0,A01,138Â 207Â 781,8.0,0.0,-1.0,1725315,2.0,1,,0.0,2.0,1.0,A01,138Â 207Â 781,5.0
1010756,201900052287,7,11,07:45,1,2,1,1.0,2.0,69387,GAMBETTA                            (CO),M,"45,7543600","4,8456500",69,2019,50.0,1.0,1.0,4.0,2260317,1.0,1,4,1,0.0,,0.0,0,1994.0,A01,138Â 207Â 781,8.0,0.0,-1.0,1725316,2.0,7,,0.0,2.0,4.0,B01,138Â 207Â 782,1.0
1010756,201900052287,7,11,07:45,1,2,1,1.0,2.0,69387,GAMBETTA                            (CO),M,"45,7543600","4,8456500",69,2019,50.0,1.0,1.0,4.0,2260318,1.0,1,1,1,0.0,,0.0,0,1985.0,B01,138Â 207Â 782,1.0,8.0,-1.0,1725315,2.0,1,,0.0,2.0,1.0,A01,138Â 207Â 781,5.0
1010756,201900052287,7,11,07:45,1,2,1,1.0,2.0,69387,GAMBETTA                            (CO),M,"45,7543600","4,8456500",69,2019,50.0,1.0,1.0,4.0,2260318,1.0,1,1,1,0.0,,0.0,0,1985.0,B01,138Â 207Â 782,1.0,8.0,-1.0,1725316,2.0,7,,0.0,2.0,4.0,B01,138Â 207Â 782,1.0
1010757,201900052288,7,10,11:30,1,2,5,1.0,2.0,69383,GAMBETTA                            (CO),M,"45,7552100","4,8434100",69,2019,50.0,1.0,1.0,4.0,2260319,1.0,1,4,1,0.0,,0.0,0,1960.0,B01,138Â 207Â 779,2.0,0.0,-1.0,1725317,0.0,33,,0.0,2.0,4.0,B01,138Â 207Â 779,0.0