Unnamed: 0_x,num_acc,mois,jour,hrmn,lum,agg,int,atm,col,com,adr,gps,lat,long,dep,annee,vma,situ,surf,catr,Unnamed: 0_y,place,catu,grav,sexe,trajet,secu,locp,actp,an_nais,num_veh_x,id_vehicule_x,secu1,secu2,secu3,Unnamed: 0,senc,catv,occutc,obs,obsm,choc,num_veh_y,id_vehicule_y,motor
1010757,201900052288,7,10,11:30,1,2,5,1.0,2.0,69383,GAMBETTA                            (CO),M,"45,7552100","4,8434100",69,2019,50.0,1.0,1.0,4.0,2260319,1.0,1,4,1,0.0,,0.0,0,1960.0,B01,138Â 207Â 779,2.0,0.0,-1.0,1725318,0.0,7,,14.0,0.0,1.0,A01,138Â 207Â 780,0.0
1010757,201900052288,7,10,11:30,1,2,5,1.0,2.0,69383,GAMBETTA                            (CO),M,"45,7552100","4,8434100",69,2019,50.0,1.0,1.0,4.0,2260320,1.0,1,1,1,0.0,,0.0,0,1961.0,A01,138Â 207Â 780,1.0,0.0,-1.0,1725317,0.0,33,,0.0,2.0,4.0,B01,138Â 207Â 779,0.0
1010757,201900052288,7,10,11:30,1,2,5,1.0,2.0,69383,GAMBETTA                            (CO),M,"45,7552100","4,8434100",69,2019,50.0,1.0,1.0,4.0,2260320,1.0,1,1,1,0.0,,0.0,0,1961.0,A01,138Â 207Â 780,1.0,0.0,-1.0,1725318,0.0,7,,14.0,0.0,1.0,A01,138Â 207Â 780,0.0
1010758,201900052289,7,11,11:10,1,2,1,1.0,6.0,97209,CHATEAUBOEUF (ROUTE DE),M,"14,6207800"," -61,0432000",972,2019,50.0,2.0,1.0,3.0,2260321,1.0,1,1,1,0.0,,-1.0,0,1948.0,A01,138Â 207Â 778,1.0,0.0,-1.0,1725319,2.0,7,,0.0,1.0,1.0,A01,138Â 207Â 778,1.0
1010758,201900052289,7,11,11:10,1,2,1,1.0,6.0,97209,CHATEAUBOEUF (ROUTE DE),M,"14,6207800"," -61,0432000",972,2019,50.0,2.0,1.0,3.0,2260322,10.0,3,4,1,0.0,,2.0,3,1936.0,A01,138Â 207Â 778,0.0,0.0,0.0,1725319,2.0,7,,0.0,1.0,1.0,A01,138Â 207Â 778,1.0
1010759,201900052290,3,28,08:40,1,2,1,1.0,2.0,34172,ABRIVADO (RUE DE L'),M,"43,5894100","3,8891800",34,2019,50.0,1.0,1.0,4.0,2260323,1.0,1,1,2,0.0,,0.0,0,1986.0,A01,138Â 207Â 772,1.0,0.0,-1.0,1725320,1.0,7,,0.0,2.0,1.0,A01,138Â 207Â 772,1.0
1010759,201900052290,3,28,08:40,1,2,1,1.0,2.0,34172,ABRIVADO (RUE DE L'),M,"43,5894100","3,8891800",34,2019,50.0,1.0,1.0,4.0,2260323,1.0,1,1,2,0.0,,0.0,0,1986.0,A01,138Â 207Â 772,1.0,0.0,-1.0,1725321,1.0,10,,0.0,2.0,3.0,B01,138Â 207Â 773,0.0
1010759,201900052290,3,28,08:40,1,2,1,1.0,2.0,34172,ABRIVADO (RUE DE L'),M,"43,5894100","3,8891800",34,2019,50.0,1.0,1.0,4.0,2260324,1.0,1,4,1,0.0,,0.0,0,1981.0,B01,138Â 207Â 773,1.0,0.0,-1.0,1725320,1.0,7,,0.0,2.0,1.0,A01,138Â 207Â 772,1.0
1010759,201900052290,3,28,08:40,1,2,1,1.0,2.0,34172,ABRIVADO (RUE DE L'),M,"43,5894100","3,8891800",34,2019,50.0,1.0,1.0,4.0,2260324,1.0,1,4,1,0.0,,0.0,0,1981.0,B01,138Â 207Â 773,1.0,0.0,-1.0,1725321,1.0,10,,0.0,2.0,3.0,B01,138Â 207Â 773,0.0
1010760,201900052291,7,10,18:25,2,2,3,1.0,3.0,97209,FRANCOIS ARAGO (RUE),M,"14,6047800"," -61,0725500",972,2019,30.0,1.0,1.0,4.0,2260325,1.0,1,4,2,0.0,,-1.0,0,1965.0,A01,138Â 207Â 774,1.0,0.0,-1.0,1725322,1.0,7,,0.0,2.0,8.0,A01,138Â 207Â 774,1.0
1010760,201900052291,7,10,18:25,2,2,3,1.0,3.0,97209,FRANCOIS ARAGO (RUE),M,"14,6047800"," -61,0725500",972,2019,30.0,1.0,1.0,4.0,2260325,1.0,1,4,2,0.0,,-1.0,0,1965.0,A01,138Â 207Â 774,1.0,0.0,-1.0,1725323,1.0,7,,0.0,2.0,1.0,B01,138Â 207Â 775,1.0
1010760,201900052291,7,10,18:25,2,2,3,1.0,3.0,97209,FRANCOIS ARAGO (RUE),M,"14,6047800"," -61,0725500",972,2019,30.0,1.0,1.0,4.0,2260326,1.0,1,4,2,0.0,,-1.0,0,1998.0,B01,138Â 207Â 775,1.0,0.0,-1.0,1725322,1.0,7,,0.0,2.0,8.0,A01,138Â 207Â 774,1.0
1010760,201900052291,7,10,18:25,2,2,3,1.0,3.0,97209,FRANCOIS ARAGO (RUE),M,"14,6047800"," -61,0725500",972,2019,30.0,1.0,1.0,4.0,2260326,1.0,1,4,2,0.0,,-1.0,0,1998.0,B01,138Â 207Â 775,1.0,0.0,-1.0,1725323,1.0,7,,0.0,2.0,1.0,B01,138Â 207Â 775,1.0
1010761,201900052292,3,26,15:40,1,2,3,1.0,3.0,33318,AVE DE BEUTRE,M,"44,8000000"," -0,6723500",33,2019,50.0,1.0,1.0,4.0,2260327,1.0,1,1,1,0.0,,-1.0, -1,1984.0,A01,138Â 207Â 770,1.0,0.0,-1.0,1725324,2.0,7,,0.0,2.0,1.0,A01,138Â 207Â 770,1.0
1010761,201900052292,3,26,15:40,1,2,3,1.0,3.0,33318,AVE DE BEUTRE,M,"44,8000000"," -0,6723500",33,2019,50.0,1.0,1.0,4.0,2260327,1.0,1,1,1,0.0,,-1.0, -1,1984.0,A01,138Â 207Â 770,1.0,0.0,-1.0,1725325,1.0,7,,0.0,2.0,1.0,B01,138Â 207Â 771,1.0
1010761,201900052292,3,26,15:40,1,2,3,1.0,3.0,33318,AVE DE BEUTRE,M,"44,8000000"," -0,6723500",33,2019,50.0,1.0,1.0,4.0,2260328,1.0,1,4,2,5.0,,-1.0, -1,1984.0,B01,138Â 207Â 771,1.0,0.0,-1.0,1725324,2.0,7,,0.0,2.0,1.0,A01,138Â 207Â 770,1.0
1010761,201900052292,3,26,15:40,1,2,3,1.0,3.0,33318,AVE DE BEUTRE,M,"44,8000000"," -0,6723500",33,2019,50.0,1.0,1.0,4.0,2260328,1.0,1,4,2,5.0,,-1.0, -1,1984.0,B01,138Â 207Â 771,1.0,0.0,-1.0,1725325,1.0,7,,0.0,2.0,1.0,B01,138Â 207Â 771,1.0
1010762,201900052293,7,12,23:25,5,2,2,1.0,6.0,69149,FLEURY                              (R ),M,"45,7150776","4,8080038",69,2019,50.0,1.0,1.0,4.0,2260329,1.0,1,1,1,0.0,,0.0,0,1999.0,A01,138Â 207Â 769,8.0,0.0,-1.0,1725326,2.0,7,,0.0,1.0,1.0,A01,138Â 207Â 769,1.0
1010762,201900052293,7,12,23:25,5,2,2,1.0,6.0,69149,FLEURY                              (R ),M,"45,7150776","4,8080038",69,2019,50.0,1.0,1.0,4.0,2260330,10.0,3,4,1,0.0,,5.0,9,2010.0,A01,138Â 207Â 769,8.0,0.0,-1.0,1725326,2.0,7,,0.0,1.0,1.0,A01,138Â 207Â 769,1.0
1010763,201900052294,3,24,11:50,1,2,1,1.0,3.0,33063,QUAI DE BRAZZA vers Pont Chaban,M,"44,8543600"," -0,5526800",33,2019,50.0,1.0,1.0,4.0,2260331,1.0,1,1,2,5.0,,-1.0, -1,1963.0,A01,138Â 207Â 767,8.0,0.0,-1.0,1725327,1.0,7,,0.0,2.0,8.0,A01,138Â 207Â 767,1.0
1010763,201900052294,3,24,11:50,1,2,1,1.0,3.0,33063,QUAI DE BRAZZA vers Pont Chaban,M,"44,8543600"," -0,5526800",33,2019,50.0,1.0,1.0,4.0,2260331,1.0,1,1,2,5.0,,-1.0, -1,1963.0,A01,138Â 207Â 767,8.0,0.0,-1.0,1725328,1.0,33,,0.0,2.0,1.0,B01,138Â 207Â 768,1.0
1010763,201900052294,3,24,11:50,1,2,1,1.0,3.0,33063,QUAI DE BRAZZA vers Pont Chaban,M,"44,8543600"," -0,5526800",33,2019,50.0,1.0,1.0,4.0,2260332,1.0,1,4,1,5.0,,-1.0, -1,1971.0,B01,138Â 207Â 768,2.0,6.0,-1.0,1725327,1.0,7,,0.0,2.0,8.0,A01,138Â 207Â 767,1.0
1010763,201900052294,3,24,11:50,1,2,1,1.0,3.0,33063,QUAI DE BRAZZA vers Pont Chaban,M,"44,8543600"," -0,5526800",33,2019,50.0,1.0,1.0,4.0,2260332,1.0,1,4,1,5.0,,-1.0, -1,1971.0,B01,138Â 207Â 768,2.0,6.0,-1.0,1725328,1.0,33,,0.0,2.0,1.0,B01,138Â 207Â 768,1.0
1010763,201900052294,3,24,11:50,1,2,1,1.0,3.0,33063,QUAI DE BRAZZA vers Pont Chaban,M,"44,8543600"," -0,5526800",33,2019,50.0,1.0,1.0,4.0,2260333,2.0,2,4,2,5.0,,-1.0, -1,1973.0,B01,138Â 207Â 768,2.0,6.0,-1.0,1725327,1.0,7,,0.0,2.0,8.0,A01,138Â 207Â 767,1.0
1010763,201900052294,3,24,11:50,1,2,1,1.0,3.0,33063,QUAI DE BRAZZA vers Pont Chaban,M,"44,8543600"," -0,5526800",33,2019,50.0,1.0,1.0,4.0,2260333,2.0,2,4,2,5.0,,-1.0, -1,1973.0,B01,138Â 207Â 768,2.0,6.0,-1.0,1725328,1.0,33,,0.0,2.0,1.0,B01,138Â 207Â 768,1.0
1010764,201900052295,7,11,23:50,5,2,9,1.0,3.0,69382,BELLECOUR                           (PL),M,"45,7584240","4,8323429",69,2019,50.0,1.0,1.0,4.0,2260334,1.0,1,4,1,0.0,,0.0,0,1989.0,B01,138Â 207Â 765,2.0,0.0,-1.0,1725329,3.0,2,,0.0,2.0,1.0,B01,138Â 207Â 765,1.0
1010764,201900052295,7,11,23:50,5,2,9,1.0,3.0,69382,BELLECOUR                           (PL),M,"45,7584240","4,8323429",69,2019,50.0,1.0,1.0,4.0,2260334,1.0,1,4,1,0.0,,0.0,0,1989.0,B01,138Â 207Â 765,2.0,0.0,-1.0,1725330,1.0,7,,0.0,2.0,8.0,A01,138Â 207Â 766,1.0
1010764,201900052295,7,11,23:50,5,2,9,1.0,3.0,69382,BELLECOUR                           (PL),M,"45,7584240","4,8323429",69,2019,50.0,1.0,1.0,4.0,2260335,1.0,1,1,1,5.0,,0.0,0,1992.0,A01,138Â 207Â 766,1.0,0.0,-1.0,1725329,3.0,2,,0.0,2.0,1.0,B01,138Â 207Â 765,1.0
1010764,201900052295,7,11,23:50,5,2,9,1.0,3.0,69382,BELLECOUR                           (PL),M,"45,7584240","4,8323429",69,2019,50.0,1.0,1.0,4.0,2260335,1.0,1,1,1,5.0,,0.0,0,1992.0,A01,138Â 207Â 766,1.0,0.0,-1.0,1725330,1.0,7,,0.0,2.0,8.0,A01,138Â 207Â 766,1.0
1010765,201900052296,7,12,19:15,1,2,1,1.0,7.0,69385,DEBROUSSE                           (AV),M,"45,7508500","4,8147600",69,2019,50.0,1.0,1.0,4.0,2260336,1.0,1,4,1,5.0,,0.0,0,1973.0,A01,138Â 207Â 764,1.0,0.0,-1.0,1725331,1.0,3,,9.0,0.0,1.0,A01,138Â 207Â 764,1.0
1010766,201900052297,3,26,17:00,1,2,2,1.0,3.0,33063,CRS DE L'YSER,M,"44,8242300"," -0,5703600",33,2019,50.0,1.0,1.0,4.0,2260337,1.0,1,4,1,0.0,,-1.0, -1,2003.0,B01,138Â 207Â 762,8.0,0.0,-1.0,1725332,0.0,1,,0.0,2.0,1.0,B01,138Â 207Â 762,5.0
1010766,201900052297,3,26,17:00,1,2,2,1.0,3.0,33063,CRS DE L'YSER,M,"44,8242300"," -0,5703600",33,2019,50.0,1.0,1.0,4.0,2260337,1.0,1,4,1,0.0,,-1.0, -1,2003.0,B01,138Â 207Â 762,8.0,0.0,-1.0,1725333,0.0,7,,0.0,2.0,0.0,A01,138Â 207Â 763,1.0
1010766,201900052297,3,26,17:00,1,2,2,1.0,3.0,33063,CRS DE L'YSER,M,"44,8242300"," -0,5703600",33,2019,50.0,1.0,1.0,4.0,2260338,1.0,1,1,1,0.0,,-1.0, -1,1974.0,A01,138Â 207Â 763,1.0,0.0,-1.0,1725332,0.0,1,,0.0,2.0,1.0,B01,138Â 207Â 762,5.0
1010766,201900052297,3,26,17:00,1,2,2,1.0,3.0,33063,CRS DE L'YSER,M,"44,8242300"," -0,5703600",33,2019,50.0,1.0,1.0,4.0,2260338,1.0,1,1,1,0.0,,-1.0, -1,1974.0,A01,138Â 207Â 763,1.0,0.0,-1.0,1725333,0.0,7,,0.0,2.0,0.0,A01,138Â 207Â 763,1.0
1010767,201900052298,7,10,11:10,1,2,2,1.0,3.0,69034,SOLDATS (DES)                       (MO),M,"45,7909900","4,8607100",69,2019,50.0,1.0,1.0,4.0,2260339,1.0,1,4,2,9.0,,0.0,0,1985.0,A01,138Â 207Â 760,1.0,0.0,-1.0,1725334,3.0,7,,0.0,2.0,3.0,A01,138Â 207Â 760,1.0
1010767,201900052298,7,10,11:10,1,2,2,1.0,3.0,69034,SOLDATS (DES)                       (MO),M,"45,7909900","4,8607100",69,2019,50.0,1.0,1.0,4.0,2260339,1.0,1,4,2,9.0,,0.0,0,1985.0,A01,138Â 207Â 760,1.0,0.0,-1.0,1725335,3.0,7,,0.0,2.0,1.0,B01,138Â 207Â 761,1.0
1010767,201900052298,7,10,11:10,1,2,2,1.0,3.0,69034,SOLDATS (DES)                       (MO),M,"45,7909900","4,8607100",69,2019,50.0,1.0,1.0,4.0,2260340,2.0,2,4,1,9.0,,0.0,0,1970.0,B01,138Â 207Â 761,1.0,0.0,-1.0,1725334,3.0,7,,0.0,2.0,3.0,A01,138Â 207Â 760,1.0
1010767,201900052298,7,10,11:10,1,2,2,1.0,3.0,69034,SOLDATS (DES)                       (MO),M,"45,7909900","4,8607100",69,2019,50.0,1.0,1.0,4.0,2260340,2.0,2,4,1,9.0,,0.0,0,1970.0,B01,138Â 207Â 761,1.0,0.0,-1.0,1725335,3.0,7,,0.0,2.0,1.0,B01,138Â 207Â 761,1.0
1010767,201900052298,7,10,11:10,1,2,2,1.0,3.0,69034,SOLDATS (DES)                       (MO),M,"45,7909900","4,8607100",69,2019,50.0,1.0,1.0,4.0,2260341,1.0,1,1,1,9.0,,0.0,0,1998.0,B01,138Â 207Â 761,1.0,0.0,-1.0,1725334,3.0,7,,0.0,2.0,3.0,A01,138Â 207Â 760,1.0
1010767,201900052298,7,10,11:10,1,2,2,1.0,3.0,69034,SOLDATS (DES)                       (MO),M,"45,7909900","4,8607100",69,2019,50.0,1.0,1.0,4.0,2260341,1.0,1,1,1,9.0,,0.0,0,1998.0,B01,138Â 207Â 761,1.0,0.0,-1.0,1725335,3.0,7,,0.0,2.0,1.0,B01,138Â 207Â 761,1.0
1010768,201900052299,7,12,08:10,1,2,1,1.0,7.0,69034,GENERAL LECLERC                     (AV),M,"45,8003247","4,8541423",69,2019,50.0,1.0,1.0,4.0,2260342,1.0,1,4,1,0.0,,-1.0, -1,1992.0,A01,138Â 207Â 758,8.0,0.0,-1.0,1725336,2.0,99,,0.0,0.0,1.0,A01,138Â 207Â 758,5.0
1010769,201900052300,7,12,05:00,5,2,1,1.0,2.0,69389,JOANNES MASSET                      (AV),M,"45,7695300","4,8008800",69,2019,50.0,1.0,1.0,4.0,2260343,1.0,1,4,1,1.0,,-1.0, -1,1974.0,A01,138Â 207Â 756,1.0,0.0,-1.0,1725337,1.0,7,,0.0,2.0,0.0,B01,138Â 207Â 754,1.0
1010769,201900052300,7,12,05:00,5,2,1,1.0,2.0,69389,JOANNES MASSET                      (AV),M,"45,7695300","4,8008800",69,2019,50.0,1.0,1.0,4.0,2260343,1.0,1,4,1,1.0,,-1.0, -1,1974.0,A01,138Â 207Â 756,1.0,0.0,-1.0,1725338,1.0,7,,0.0,2.0,5.0,A01,138Â 207Â 756,1.0
1010770,201900052301,3,29,13:06,1,2,1,1.0,3.0,31149,ST EXUPERY (CH DE),M,"43,5897900","1,3596100",31,2019,50.0,1.0,1.0,4.0,2260344,1.0,1,4,2,9.0,,-1.0,0,1999.0,A01,138Â 207Â 753,1.0,7.0,-1.0,1725339,0.0,7,,0.0,2.0,3.0,A01,138Â 207Â 753,1.0
1010770,201900052301,3,29,13:06,1,2,1,1.0,3.0,31149,ST EXUPERY (CH DE),M,"43,5897900","1,3596100",31,2019,50.0,1.0,1.0,4.0,2260344,1.0,1,4,2,9.0,,-1.0,0,1999.0,A01,138Â 207Â 753,1.0,7.0,-1.0,1725340,0.0,7,,0.0,2.0,2.0,B01,138Â 207Â 755,1.0
1010770,201900052301,3,29,13:06,1,2,1,1.0,3.0,31149,ST EXUPERY (CH DE),M,"43,5897900","1,3596100",31,2019,50.0,1.0,1.0,4.0,2260345,2.0,2,4,1,9.0,,-1.0,0,1997.0,A01,138Â 207Â 753,1.0,8.0,-1.0,1725339,0.0,7,,0.0,2.0,3.0,A01,138Â 207Â 753,1.0
1010770,201900052301,3,29,13:06,1,2,1,1.0,3.0,31149,ST EXUPERY (CH DE),M,"43,5897900","1,3596100",31,2019,50.0,1.0,1.0,4.0,2260345,2.0,2,4,1,9.0,,-1.0,0,1997.0,A01,138Â 207Â 753,1.0,8.0,-1.0,1725340,0.0,7,,0.0,2.0,2.0,B01,138Â 207Â 755,1.0
1010770,201900052301,3,29,13:06,1,2,1,1.0,3.0,31149,ST EXUPERY (CH DE),M,"43,5897900","1,3596100",31,2019,50.0,1.0,1.0,4.0,2260346,1.0,1,1,1,9.0,,-1.0,0,1984.0,B01,138Â 207Â 755,1.0,8.0,-1.0,1725339,0.0,7,,0.0,2.0,3.0,A01,138Â 207Â 753,1.0
1010770,201900052301,3,29,13:06,1,2,1,1.0,3.0,31149,ST EXUPERY (CH DE),M,"43,5897900","1,3596100",31,2019,50.0,1.0,1.0,4.0,2260346,1.0,1,1,1,9.0,,-1.0,0,1984.0,B01,138Â 207Â 755,1.0,8.0,-1.0,1725340,0.0,7,,0.0,2.0,2.0,B01,138Â 207Â 755,1.0
1010771,201900052302,7,11,00:55,5,2,1,1.0,1.0,69385,CHOULANS (DE)                       (CH),M,"45,7525000","4,8203900",69,2019,50.0,1.0,1.0,4.0,2260347,1.0,1,3,1,0.0,,0.0,0,1982.0,B01,138Â 207Â 751,2.0,0.0,-1.0,1725341,3.0,33,,0.0,2.0,1.0,B01,138Â 207Â 751,1.0
1010771,201900052302,7,11,00:55,5,2,1,1.0,1.0,69385,CHOULANS (DE)                       (CH),M,"45,7525000","4,8203900",69,2019,50.0,1.0,1.0,4.0,2260347,1.0,1,3,1,0.0,,0.0,0,1982.0,B01,138Â 207Â 751,2.0,0.0,-1.0,1725342,3.0,7,,0.0,2.0,2.0,A01,138Â 207Â 752,1.0
1010771,201900052302,7,11,00:55,5,2,1,1.0,1.0,69385,CHOULANS (DE)                       (CH),M,"45,7525000","4,8203900",69,2019,50.0,1.0,1.0,4.0,2260348,1.0,1,1,1,5.0,,0.0,0,1994.0,A01,138Â 207Â 752,1.0,0.0,-1.0,1725341,3.0,33,,0.0,2.0,1.0,B01,138Â 207Â 751,1.0
1010771,201900052302,7,11,00:55,5,2,1,1.0,1.0,69385,CHOULANS (DE)                       (CH),M,"45,7525000","4,8203900",69,2019,50.0,1.0,1.0,4.0,2260348,1.0,1,1,1,5.0,,0.0,0,1994.0,A01,138Â 207Â 752,1.0,0.0,-1.0,1725342,3.0,7,,0.0,2.0,2.0,A01,138Â 207Â 752,1.0
1010772,201900052303,3,29,08:06,1,2,3,1.0,3.0,31557,COUDRIERS (RUE DES),M,"43,5769000","1,3280600",31,2019,50.0,1.0,1.0,4.0,2260349,1.0,1,3,1,2.0,,-1.0,0,2005.0,A01,138Â 207Â 749,2.0,0.0,-1.0,1725343,0.0,1,,0.0,2.0,0.0,A01,138Â 207Â 749,5.0
1010772,201900052303,3,29,08:06,1,2,3,1.0,3.0,31557,COUDRIERS (RUE DES),M,"43,5769000","1,3280600",31,2019,50.0,1.0,1.0,4.0,2260349,1.0,1,3,1,2.0,,-1.0,0,2005.0,A01,138Â 207Â 749,2.0,0.0,-1.0,1725344,0.0,7,,0.0,2.0,0.0,B01,138Â 207Â 750,1.0
1010772,201900052303,3,29,08:06,1,2,3,1.0,3.0,31557,COUDRIERS (RUE DES),M,"43,5769000","1,3280600",31,2019,50.0,1.0,1.0,4.0,2260350,1.0,1,1,2,9.0,,-1.0,0,1972.0,B01,138Â 207Â 750,1.0,0.0,-1.0,1725343,0.0,1,,0.0,2.0,0.0,A01,138Â 207Â 749,5.0
1010772,201900052303,3,29,08:06,1,2,3,1.0,3.0,31557,COUDRIERS (RUE DES),M,"43,5769000","1,3280600",31,2019,50.0,1.0,1.0,4.0,2260350,1.0,1,1,2,9.0,,-1.0,0,1972.0,B01,138Â 207Â 750,1.0,0.0,-1.0,1725344,0.0,7,,0.0,2.0,0.0,B01,138Â 207Â 750,1.0
1010773,201900052304,3,28,12:25,1,2,1,1.0,3.0,31555,AV D ATLANTA,M,"43,6355700","1,4730300",31,2019,50.0,1.0,1.0,4.0,2260351,1.0,1,1,2,9.0,,-1.0,0,1989.0,A01,138Â 207Â 746,1.0,8.0,-1.0,1725345,1.0,7,,0.0,2.0,1.0,A01,138Â 207Â 746,1.0
1010773,201900052304,3,28,12:25,1,2,1,1.0,3.0,31555,AV D ATLANTA,M,"43,6355700","1,4730300",31,2019,50.0,1.0,1.0,4.0,2260351,1.0,1,1,2,9.0,,-1.0,0,1989.0,A01,138Â 207Â 746,1.0,8.0,-1.0,1725346,2.0,43,,0.0,2.0,3.0,B01,138Â 207Â 747,1.0
1010773,201900052304,3,28,12:25,1,2,1,1.0,3.0,31555,AV D ATLANTA,M,"43,6355700","1,4730300",31,2019,50.0,1.0,1.0,4.0,2260352,1.0,1,4,1,9.0,,-1.0,0,1973.0,B01,138Â 207Â 747,2.0,8.0,-1.0,1725345,1.0,7,,0.0,2.0,1.0,A01,138Â 207Â 746,1.0
1010773,201900052304,3,28,12:25,1,2,1,1.0,3.0,31555,AV D ATLANTA,M,"43,6355700","1,4730300",31,2019,50.0,1.0,1.0,4.0,2260352,1.0,1,4,1,9.0,,-1.0,0,1973.0,B01,138Â 207Â 747,2.0,8.0,-1.0,1725346,2.0,43,,0.0,2.0,3.0,B01,138Â 207Â 747,1.0
1010774,201900052305,7,10,19:40,1,2,1,1.0,6.0,69142,BUISSET (DU)                        (CH),M,"45,7240500","4,8049000",69,2019,50.0,1.0,1.0,4.0,2260353,4.0,2,4,1,0.0,,0.0,0,2009.0,A01,138Â 207Â 748,1.0,0.0,-1.0,1725347,2.0,7,,15.0,0.0,2.0,A01,138Â 207Â 748,1.0
1010774,201900052305,7,10,19:40,1,2,1,1.0,6.0,69142,BUISSET (DU)                        (CH),M,"45,7240500","4,8049000",69,2019,50.0,1.0,1.0,4.0,2260354,1.0,1,4,2,0.0,,0.0,0,1966.0,A01,138Â 207Â 748,1.0,0.0,-1.0,1725347,2.0,7,,15.0,0.0,2.0,A01,138Â 207Â 748,1.0
1010775,201900052306,3,28,19:50,5,2,1,1.0,6.0,31555,CHE DE GARRIC,M,"43,6212400","1,4082600",31,2019,50.0,1.0,1.0,4.0,2260355,10.0,3,3,1,9.0,,1.0,3,1987.0,Z01,138Â 207Â 745,8.0,0.0,-1.0,1725348,3.0,7,,0.0,1.0,0.0,Z01,138Â 207Â 745,1.0
1010775,201900052306,3,28,19:50,5,2,1,1.0,6.0,31555,CHE DE GARRIC,M,"43,6212400","1,4082600",31,2019,50.0,1.0,1.0,4.0,2260356,10.0,3,3,2,5.0,,9.0,B,1991.0,Z01,138Â 207Â 745,8.0,0.0,-1.0,1725348,3.0,7,,0.0,1.0,0.0,Z01,138Â 207Â 745,1.0
1010776,201900052307,7,12,12:38,1,2,3,1.0,3.0,2A004,MARECHAL MONCEY AVENUE,M,"41,9299928","8,7333833",2A,2019,30.0,1.0,1.0,4.0,2260357,1.0,1,1,2,1.0,,0.0,0,1997.0,B01,138Â 207Â 742,1.0,8.0,-1.0,1725349,3.0,7,,0.0,2.0,3.0,B01,138Â 207Â 742,1.0
1010776,201900052307,7,12,12:38,1,2,3,1.0,3.0,2A004,MARECHAL MONCEY AVENUE,M,"41,9299928","8,7333833",2A,2019,30.0,1.0,1.0,4.0,2260357,1.0,1,1,2,1.0,,0.0,0,1997.0,B01,138Â 207Â 742,1.0,8.0,-1.0,1725350,3.0,31,,0.0,2.0,1.0,A01,138Â 207Â 744,1.0
1010776,201900052307,7,12,12:38,1,2,3,1.0,3.0,2A004,MARECHAL MONCEY AVENUE,M,"41,9299928","8,7333833",2A,2019,30.0,1.0,1.0,4.0,2260358,1.0,1,4,1,9.0,,0.0,0,1988.0,A01,138Â 207Â 744,2.0,6.0,-1.0,1725349,3.0,7,,0.0,2.0,3.0,B01,138Â 207Â 742,1.0
1010776,201900052307,7,12,12:38,1,2,3,1.0,3.0,2A004,MARECHAL MONCEY AVENUE,M,"41,9299928","8,7333833",2A,2019,30.0,1.0,1.0,4.0,2260358,1.0,1,4,1,9.0,,0.0,0,1988.0,A01,138Â 207Â 744,2.0,6.0,-1.0,1725350,3.0,31,,0.0,2.0,1.0,A01,138Â 207Â 744,1.0
1010777,201900052308,3,28,19:10,1,2,1,1.0,6.0,31555,ESQUIROL (PL ETIENNE ) DU 1AU 23,M,"43,6004100","1,4443100",31,2019,50.0,1.0,1.0,4.0,2260359,1.0,1,1,1,4.0,,-1.0,0,1966.0,A01,138Â 207Â 743,1.0,0.0,-1.0,1725351,1.0,37,1.0,0.0,1.0,2.0,A01,138Â 207Â 743,0.0
1010777,201900052308,3,28,19:10,1,2,1,1.0,6.0,31555,ESQUIROL (PL ETIENNE ) DU 1AU 23,M,"43,6004100","1,4443100",31,2019,50.0,1.0,1.0,4.0,2260360,10.0,3,3,2,9.0,,2.0,3,1962.0,A01,138Â 207Â 743,8.0,0.0,-1.0,1725351,1.0,37,1.0,0.0,1.0,2.0,A01,138Â 207Â 743,0.0
1010778,201900052309,3,27,15:33,1,2,1,1.0,6.0,31555,ALL HENRI SELLIER,M,"43,5774000","1,4386100",31,2019,50.0,1.0,1.0,4.0,2260361,1.0,1,1,1,4.0,,-1.0,0,1980.0,A01,138Â 207Â 740,1.0,7.0,-1.0,1725352,1.0,10,,0.0,1.0,1.0,A01,138Â 207Â 740,1.0
1010778,201900052309,3,27,15:33,1,2,1,1.0,6.0,31555,ALL HENRI SELLIER,M,"43,5774000","1,4386100",31,2019,50.0,1.0,1.0,4.0,2260362,10.0,3,3,2,2.0,,2.0,3,2008.0,A01,138Â 207Â 740,8.0,0.0,-1.0,1725352,1.0,10,,0.0,1.0,1.0,A01,138Â 207Â 740,1.0
1010779,201900052310,7,13,08:40,1,2,1,1.0,6.0,95585,DIVISION LECLERC (AVENUE DE LA),M,"48,9858600","2,3716500",95,2019,50.0,1.0,1.0,3.0,2260363,10.0,3,4,1,5.0,,4.0,3,1990.0,A01,138Â 207Â 741,8.0,8.0,-1.0,1725353,1.0,99,,0.0,2.0,1.0,Y01,138Â 207Â 739,5.0