Unnamed: 0_x,num_acc,mois,jour,hrmn,lum,agg,int,atm,col,com,adr,gps,lat,long,dep,annee,vma,situ,surf,catr,Unnamed: 0_y,place,catu,grav,sexe,trajet,secu,locp,actp,an_nais,num_veh_x,id_vehicule_x,secu1,secu2,secu3,Unnamed: 0,senc,catv,occutc,obs,obsm,choc,num_veh_y,id_vehicule_y,motor
1010779,201900052310,7,13,08:40,1,2,1,1.0,6.0,95585,DIVISION LECLERC (AVENUE DE LA),M,"48,9858600","2,3716500",95,2019,50.0,1.0,1.0,3.0,2260363,10.0,3,4,1,5.0,,4.0,3,1990.0,A01,138Â 207Â 741,8.0,8.0,-1.0,1725354,1.0,7,,0.0,1.0,1.0,A01,138Â 207Â 741,1.0
1010779,201900052310,7,13,08:40,1,2,1,1.0,6.0,95585,DIVISION LECLERC (AVENUE DE LA),M,"48,9858600","2,3716500",95,2019,50.0,1.0,1.0,3.0,2260364,1.0,1,4,1,5.0,,-1.0,0,1948.0,A01,138Â 207Â 741,1.0,0.0,-1.0,1725353,1.0,99,,0.0,2.0,1.0,Y01,138Â 207Â 739,5.0
1010779,201900052310,7,13,08:40,1,2,1,1.0,6.0,95585,DIVISION LECLERC (AVENUE DE LA),M,"48,9858600","2,3716500",95,2019,50.0,1.0,1.0,3.0,2260364,1.0,1,4,1,5.0,,-1.0,0,1948.0,A01,138Â 207Â 741,1.0,0.0,-1.0,1725354,1.0,7,,0.0,1.0,1.0,A01,138Â 207Â 741,1.0
1010780,201900052311,3,27,09:30,1,1,1,1.0,5.0,31555,VA007331 A620,M,"43,5813300","1,4051800",31,2019,90.0,1.0,1.0,1.0,2260365,1.0,1,4,2,9.0,,-1.0,0,1960.0,B01,138Â 207Â 735,1.0,0.0,-1.0,1725355,0.0,7,,0.0,2.0,9.0,B01,138Â 207Â 735,1.0
1010780,201900052311,3,27,09:30,1,1,1,1.0,5.0,31555,VA007331 A620,M,"43,5813300","1,4051800",31,2019,90.0,1.0,1.0,1.0,2260365,1.0,1,4,2,9.0,,-1.0,0,1960.0,B01,138Â 207Â 735,1.0,0.0,-1.0,1725356,0.0,15,,0.0,2.0,2.0,C01,138Â 207Â 737,1.0
1010780,201900052311,3,27,09:30,1,1,1,1.0,5.0,31555,VA007331 A620,M,"43,5813300","1,4051800",31,2019,90.0,1.0,1.0,1.0,2260365,1.0,1,4,2,9.0,,-1.0,0,1960.0,B01,138Â 207Â 735,1.0,0.0,-1.0,1725357,0.0,7,,0.0,2.0,1.0,A01,138Â 207Â 738,1.0
1010780,201900052311,3,27,09:30,1,1,1,1.0,5.0,31555,VA007331 A620,M,"43,5813300","1,4051800",31,2019,90.0,1.0,1.0,1.0,2260366,1.0,1,1,1,4.0,,-1.0,0,1974.0,C01,138Â 207Â 737,1.0,0.0,-1.0,1725355,0.0,7,,0.0,2.0,9.0,B01,138Â 207Â 735,1.0
1010780,201900052311,3,27,09:30,1,1,1,1.0,5.0,31555,VA007331 A620,M,"43,5813300","1,4051800",31,2019,90.0,1.0,1.0,1.0,2260366,1.0,1,1,1,4.0,,-1.0,0,1974.0,C01,138Â 207Â 737,1.0,0.0,-1.0,1725356,0.0,15,,0.0,2.0,2.0,C01,138Â 207Â 737,1.0
1010780,201900052311,3,27,09:30,1,1,1,1.0,5.0,31555,VA007331 A620,M,"43,5813300","1,4051800",31,2019,90.0,1.0,1.0,1.0,2260366,1.0,1,1,1,4.0,,-1.0,0,1974.0,C01,138Â 207Â 737,1.0,0.0,-1.0,1725357,0.0,7,,0.0,2.0,1.0,A01,138Â 207Â 738,1.0
1010780,201900052311,3,27,09:30,1,1,1,1.0,5.0,31555,VA007331 A620,M,"43,5813300","1,4051800",31,2019,90.0,1.0,1.0,1.0,2260367,1.0,1,1,1,5.0,,-1.0,0,1969.0,A01,138Â 207Â 738,1.0,0.0,-1.0,1725355,0.0,7,,0.0,2.0,9.0,B01,138Â 207Â 735,1.0
1010780,201900052311,3,27,09:30,1,1,1,1.0,5.0,31555,VA007331 A620,M,"43,5813300","1,4051800",31,2019,90.0,1.0,1.0,1.0,2260367,1.0,1,1,1,5.0,,-1.0,0,1969.0,A01,138Â 207Â 738,1.0,0.0,-1.0,1725356,0.0,15,,0.0,2.0,2.0,C01,138Â 207Â 737,1.0
1010780,201900052311,3,27,09:30,1,1,1,1.0,5.0,31555,VA007331 A620,M,"43,5813300","1,4051800",31,2019,90.0,1.0,1.0,1.0,2260367,1.0,1,1,1,5.0,,-1.0,0,1969.0,A01,138Â 207Â 738,1.0,0.0,-1.0,1725357,0.0,7,,0.0,2.0,1.0,A01,138Â 207Â 738,1.0
1010781,201900052312,7,12,23:45,5,2,3,1.0,1.0,95450,DAGNAUDES (CHEMIN DES),M,"49,0143673","2,0579034",95,2019,70.0,1.0,1.0,4.0,2260368,1.0,1,4,2,5.0,,-1.0,0,1978.0,A01,138Â 207Â 734,1.0,0.0,-1.0,1725358,3.0,7,,14.0,2.0,1.0,A01,138Â 207Â 734,0.0
1010781,201900052312,7,12,23:45,5,2,3,1.0,1.0,95450,DAGNAUDES (CHEMIN DES),M,"49,0143673","2,0579034",95,2019,70.0,1.0,1.0,4.0,2260368,1.0,1,4,2,5.0,,-1.0,0,1978.0,A01,138Â 207Â 734,1.0,0.0,-1.0,1725359,3.0,7,,0.0,2.0,1.0,B01,138Â 207Â 736,0.0
1010781,201900052312,7,12,23:45,5,2,3,1.0,1.0,95450,DAGNAUDES (CHEMIN DES),M,"49,0143673","2,0579034",95,2019,70.0,1.0,1.0,4.0,2260369,2.0,2,4,1,5.0,,-1.0,0,1976.0,A01,138Â 207Â 734,1.0,0.0,-1.0,1725358,3.0,7,,14.0,2.0,1.0,A01,138Â 207Â 734,0.0
1010781,201900052312,7,12,23:45,5,2,3,1.0,1.0,95450,DAGNAUDES (CHEMIN DES),M,"49,0143673","2,0579034",95,2019,70.0,1.0,1.0,4.0,2260369,2.0,2,4,1,5.0,,-1.0,0,1976.0,A01,138Â 207Â 734,1.0,0.0,-1.0,1725359,3.0,7,,0.0,2.0,1.0,B01,138Â 207Â 736,0.0
1010781,201900052312,7,12,23:45,5,2,3,1.0,1.0,95450,DAGNAUDES (CHEMIN DES),M,"49,0143673","2,0579034",95,2019,70.0,1.0,1.0,4.0,2260370,1.0,1,4,1,5.0,,-1.0,0,1995.0,B01,138Â 207Â 736,1.0,0.0,-1.0,1725358,3.0,7,,14.0,2.0,1.0,A01,138Â 207Â 734,0.0
1010781,201900052312,7,12,23:45,5,2,3,1.0,1.0,95450,DAGNAUDES (CHEMIN DES),M,"49,0143673","2,0579034",95,2019,70.0,1.0,1.0,4.0,2260370,1.0,1,4,1,5.0,,-1.0,0,1995.0,B01,138Â 207Â 736,1.0,0.0,-1.0,1725359,3.0,7,,0.0,2.0,1.0,B01,138Â 207Â 736,0.0
1010781,201900052312,7,12,23:45,5,2,3,1.0,1.0,95450,DAGNAUDES (CHEMIN DES),M,"49,0143673","2,0579034",95,2019,70.0,1.0,1.0,4.0,2260371,3.0,2,1,1,5.0,,-1.0,0,1996.0,B01,138Â 207Â 736,1.0,0.0,-1.0,1725358,3.0,7,,14.0,2.0,1.0,A01,138Â 207Â 734,0.0
1010781,201900052312,7,12,23:45,5,2,3,1.0,1.0,95450,DAGNAUDES (CHEMIN DES),M,"49,0143673","2,0579034",95,2019,70.0,1.0,1.0,4.0,2260371,3.0,2,1,1,5.0,,-1.0,0,1996.0,B01,138Â 207Â 736,1.0,0.0,-1.0,1725359,3.0,7,,0.0,2.0,1.0,B01,138Â 207Â 736,0.0
1010781,201900052312,7,12,23:45,5,2,3,1.0,1.0,95450,DAGNAUDES (CHEMIN DES),M,"49,0143673","2,0579034",95,2019,70.0,1.0,1.0,4.0,2260372,2.0,2,4,1,5.0,,-1.0,0,1994.0,B01,138Â 207Â 736,1.0,0.0,-1.0,1725358,3.0,7,,14.0,2.0,1.0,A01,138Â 207Â 734,0.0
1010781,201900052312,7,12,23:45,5,2,3,1.0,1.0,95450,DAGNAUDES (CHEMIN DES),M,"49,0143673","2,0579034",95,2019,70.0,1.0,1.0,4.0,2260372,2.0,2,4,1,5.0,,-1.0,0,1994.0,B01,138Â 207Â 736,1.0,0.0,-1.0,1725359,3.0,7,,0.0,2.0,1.0,B01,138Â 207Â 736,0.0
1010782,201900052313,3,27,08:00,1,1,1,1.0,3.0,31555,VA007331 A620,M,"43,6040200","1,4015700",31,2019,90.0,1.0,1.0,1.0,2260373,1.0,1,1,1,9.0,,-1.0,0,1974.0,B01,138Â 207Â 732,1.0,8.0,-1.0,1725360,1.0,7,,0.0,2.0,0.0,B01,138Â 207Â 732,1.0
1010782,201900052313,3,27,08:00,1,1,1,1.0,3.0,31555,VA007331 A620,M,"43,6040200","1,4015700",31,2019,90.0,1.0,1.0,1.0,2260373,1.0,1,1,1,9.0,,-1.0,0,1974.0,B01,138Â 207Â 732,1.0,8.0,-1.0,1725361,1.0,31,,0.0,2.0,8.0,A01,138Â 207Â 733,1.0
1010782,201900052313,3,27,08:00,1,1,1,1.0,3.0,31555,VA007331 A620,M,"43,6040200","1,4015700",31,2019,90.0,1.0,1.0,1.0,2260374,1.0,1,4,1,9.0,,-1.0,0,1987.0,A01,138Â 207Â 733,2.0,8.0,-1.0,1725360,1.0,7,,0.0,2.0,0.0,B01,138Â 207Â 732,1.0
1010782,201900052313,3,27,08:00,1,1,1,1.0,3.0,31555,VA007331 A620,M,"43,6040200","1,4015700",31,2019,90.0,1.0,1.0,1.0,2260374,1.0,1,4,1,9.0,,-1.0,0,1987.0,A01,138Â 207Â 733,2.0,8.0,-1.0,1725361,1.0,31,,0.0,2.0,8.0,A01,138Â 207Â 733,1.0
1010783,201900052314,7,11,12:15,1,2,1,1.0,3.0,95063,RUE EMILE ZOLA,M,"48,9234100","2,2107500",95,2019,50.0,1.0,1.0,3.0,2260375,1.0,1,1,1,1.0,,-1.0,0,1988.0,A01,138Â 207Â 730,1.0,0.0,-1.0,1725362,1.0,7,,0.0,2.0,3.0,A01,138Â 207Â 730,1.0
1010783,201900052314,7,11,12:15,1,2,1,1.0,3.0,95063,RUE EMILE ZOLA,M,"48,9234100","2,2107500",95,2019,50.0,1.0,1.0,3.0,2260375,1.0,1,1,1,1.0,,-1.0,0,1988.0,A01,138Â 207Â 730,1.0,0.0,-1.0,1725363,1.0,34,,0.0,2.0,7.0,B01,138Â 207Â 731,1.0
1010783,201900052314,7,11,12:15,1,2,1,1.0,3.0,95063,RUE EMILE ZOLA,M,"48,9234100","2,2107500",95,2019,50.0,1.0,1.0,3.0,2260376,1.0,1,4,1,1.0,,-1.0,0,1980.0,B01,138Â 207Â 731,2.0,7.0,-1.0,1725362,1.0,7,,0.0,2.0,3.0,A01,138Â 207Â 730,1.0
1010783,201900052314,7,11,12:15,1,2,1,1.0,3.0,95063,RUE EMILE ZOLA,M,"48,9234100","2,2107500",95,2019,50.0,1.0,1.0,3.0,2260376,1.0,1,4,1,1.0,,-1.0,0,1980.0,B01,138Â 207Â 731,2.0,7.0,-1.0,1725363,1.0,34,,0.0,2.0,7.0,B01,138Â 207Â 731,1.0
1010784,201900052315,3,29,19:54,5,2,1,1.0,6.0,30189,SERRE PARADIS (CHEMIN),M,"43,8476700","4,3837100",30,2019,50.0,1.0,1.0,4.0,2260377,1.0,1,1,1,0.0,,-1.0,0,1995.0,A01,138Â 207Â 729,1.0,0.0,-1.0,1725364,3.0,7,,0.0,1.0,1.0,A01,138Â 207Â 729,1.0
1010784,201900052315,3,29,19:54,5,2,1,1.0,6.0,30189,SERRE PARADIS (CHEMIN),M,"43,8476700","4,3837100",30,2019,50.0,1.0,1.0,4.0,2260378,10.0,3,4,2,0.0,,9.0,3,2000.0,A01,138Â 207Â 729,8.0,0.0,-1.0,1725364,3.0,7,,0.0,1.0,1.0,A01,138Â 207Â 729,1.0
1010785,201900052316,3,29,08:50,1,2,1,1.0,6.0,30189,MENDES FRANCE PIERRE (AVENUE),M,"43,8267000","4,3759000",30,2019,50.0,1.0,1.0,4.0,2260379,1.0,1,2,1,5.0,,-1.0,0,1936.0,A01,138Â 207Â 726,8.0,0.0,-1.0,1725365,2.0,7,,12.0,0.0,2.0,A01,138Â 207Â 726,1.0
1010786,201900052317,7,12,20:10,1,2,3,7.0,6.0,91657,HENRI CHARON (AVENUE),M,"48,7041100","2,4287400",91,2019,50.0,3.0,1.0,4.0,2260380,1.0,1,1,1,0.0,,0.0,0,1994.0,A01,138Â 207Â 727,1.0,0.0,-1.0,1725366,1.0,7,,0.0,6.0,1.0,A01,138Â 207Â 727,0.0
1010786,201900052317,7,12,20:10,1,2,3,7.0,6.0,91657,HENRI CHARON (AVENUE),M,"48,7041100","2,4287400",91,2019,50.0,3.0,1.0,4.0,2260380,1.0,1,1,1,0.0,,0.0,0,1994.0,A01,138Â 207Â 727,1.0,0.0,-1.0,1725367,2.0,1,,0.0,2.0,1.0,B01,138Â 207Â 728,6.0
1010786,201900052317,7,12,20:10,1,2,3,7.0,6.0,91657,HENRI CHARON (AVENUE),M,"48,7041100","2,4287400",91,2019,50.0,3.0,1.0,4.0,2260381,1.0,1,4,2,0.0,,0.0,0,1954.0,B01,138Â 207Â 728,8.0,0.0,-1.0,1725366,1.0,7,,0.0,6.0,1.0,A01,138Â 207Â 727,0.0
1010786,201900052317,7,12,20:10,1,2,3,7.0,6.0,91657,HENRI CHARON (AVENUE),M,"48,7041100","2,4287400",91,2019,50.0,3.0,1.0,4.0,2260381,1.0,1,4,2,0.0,,0.0,0,1954.0,B01,138Â 207Â 728,8.0,0.0,-1.0,1725367,2.0,1,,0.0,2.0,1.0,B01,138Â 207Â 728,6.0
1010787,201900052318,3,13,12:25,1,2,1,1.0,6.0,30028,CHARRIER (AVENUE),M,"44,1613200","4,6241300",30,2019,50.0,1.0,1.0,4.0,2260382,1.0,1,1,1,5.0,,0.0,0,2001.0,A01,138Â 207Â 725,2.0,0.0,-1.0,1725368,3.0,33,,0.0,1.0,1.0,A01,138Â 207Â 725,1.0
1010787,201900052318,3,13,12:25,1,2,1,1.0,6.0,30028,CHARRIER (AVENUE),M,"44,1613200","4,6241300",30,2019,50.0,1.0,1.0,4.0,2260383,10.0,3,4,2,3.0,,1.0,1,1947.0,A01,138Â 207Â 725,8.0,0.0,-1.0,1725368,3.0,33,,0.0,1.0,1.0,A01,138Â 207Â 725,1.0
1010788,201900052319,3,30,08:25,1,2,1,1.0,6.0,29232,LIBERATION AVENUE DE LA,M,"47,9917325"," -4,0765306",29,2019,50.0,1.0,1.0,4.0,2260384,1.0,1,1,2,9.0,,0.0,0,1971.0,A01,138Â 207Â 721,8.0,0.0,-1.0,1725369,2.0,7,,0.0,1.0,7.0,A01,138Â 207Â 721,1.0
1010788,201900052319,3,30,08:25,1,2,1,1.0,6.0,29232,LIBERATION AVENUE DE LA,M,"47,9917325"," -4,0765306",29,2019,50.0,1.0,1.0,4.0,2260385,10.0,3,4,1,3.0,,3.0,3,1937.0,A01,138Â 207Â 721,8.0,0.0,-1.0,1725369,2.0,7,,0.0,1.0,7.0,A01,138Â 207Â 721,1.0
1010789,201900052320,3,28,16:45,1,2,4,1.0,3.0,29232,MADEC RENE RUE,M,"47,9942300"," -4,1060000",29,2019,50.0,1.0,1.0,4.0,2260386,1.0,1,4,1,2.0,,0.0,0,2006.0,B01,138Â 207Â 718,8.0,0.0,-1.0,1725370,0.0,1,,0.0,2.0,2.0,B01,138Â 207Â 718,5.0
1010789,201900052320,3,28,16:45,1,2,4,1.0,3.0,29232,MADEC RENE RUE,M,"47,9942300"," -4,1060000",29,2019,50.0,1.0,1.0,4.0,2260386,1.0,1,4,1,2.0,,0.0,0,2006.0,B01,138Â 207Â 718,8.0,0.0,-1.0,1725371,0.0,7,,0.0,2.0,3.0,A01,138Â 207Â 720,1.0
1010789,201900052320,3,28,16:45,1,2,4,1.0,3.0,29232,MADEC RENE RUE,M,"47,9942300"," -4,1060000",29,2019,50.0,1.0,1.0,4.0,2260387,1.0,1,1,2,5.0,,0.0,0,1950.0,A01,138Â 207Â 720,1.0,8.0,-1.0,1725370,0.0,1,,0.0,2.0,2.0,B01,138Â 207Â 718,5.0
1010789,201900052320,3,28,16:45,1,2,4,1.0,3.0,29232,MADEC RENE RUE,M,"47,9942300"," -4,1060000",29,2019,50.0,1.0,1.0,4.0,2260387,1.0,1,1,2,5.0,,0.0,0,1950.0,A01,138Â 207Â 720,1.0,8.0,-1.0,1725371,0.0,7,,0.0,2.0,3.0,A01,138Â 207Â 720,1.0
1010790,201900052321,6,29,17:55,1,2,1,1.0,6.0,89387,EMILE ZOLA (RUE),M,"48,1977200","3,2732300",89,2019,50.0,1.0,1.0,4.0,2260388,10.0,3,3,2,0.0,,5.0,9,1999.0,A01,138Â 207Â 717,0.0,0.0,0.0,1725372,2.0,7,,8.0,1.0,4.0,A01,138Â 207Â 717,2.0
1010790,201900052321,6,29,17:55,1,2,1,1.0,6.0,89387,EMILE ZOLA (RUE),M,"48,1977200","3,2732300",89,2019,50.0,1.0,1.0,4.0,2260389,1.0,1,1,1,5.0,,-1.0, -1,1963.0,A01,138Â 207Â 717,1.0,0.0,-1.0,1725372,2.0,7,,8.0,1.0,4.0,A01,138Â 207Â 717,2.0
1010791,201900052322,3,30,15:40,1,2,6,1.0,6.0,29019,CHATEAU (DE 37 A 55 ET 34 A 50),M,"48,3863095"," -4,4872131",29,2019,30.0,1.0,1.0,4.0,2260390,10.0,3,3,1,0.0,,3.0,3,1973.0,A01,138Â 207Â 713,8.0,0.0,-1.0,1725373,1.0,7,,0.0,2.0,1.0,A01,138Â 207Â 713,1.0
1010791,201900052322,3,30,15:40,1,2,6,1.0,6.0,29019,CHATEAU (DE 37 A 55 ET 34 A 50),M,"48,3863095"," -4,4872131",29,2019,30.0,1.0,1.0,4.0,2260390,10.0,3,3,1,0.0,,3.0,3,1973.0,A01,138Â 207Â 713,8.0,0.0,-1.0,1725374,1.0,7,,0.0,1.0,1.0,B01,138Â 207Â 716,1.0
1010791,201900052322,3,30,15:40,1,2,6,1.0,6.0,29019,CHATEAU (DE 37 A 55 ET 34 A 50),M,"48,3863095"," -4,4872131",29,2019,30.0,1.0,1.0,4.0,2260391,1.0,1,1,1,5.0,,0.0,0,1949.0,A01,138Â 207Â 713,1.0,0.0,-1.0,1725373,1.0,7,,0.0,2.0,1.0,A01,138Â 207Â 713,1.0
1010791,201900052322,3,30,15:40,1,2,6,1.0,6.0,29019,CHATEAU (DE 37 A 55 ET 34 A 50),M,"48,3863095"," -4,4872131",29,2019,30.0,1.0,1.0,4.0,2260391,1.0,1,1,1,5.0,,0.0,0,1949.0,A01,138Â 207Â 713,1.0,0.0,-1.0,1725374,1.0,7,,0.0,1.0,1.0,B01,138Â 207Â 716,1.0
1010791,201900052322,3,30,15:40,1,2,6,1.0,6.0,29019,CHATEAU (DE 37 A 55 ET 34 A 50),M,"48,3863095"," -4,4872131",29,2019,30.0,1.0,1.0,4.0,2260392,1.0,1,1,1,5.0,,0.0,0,1949.0,B01,138Â 207Â 716,1.0,0.0,-1.0,1725373,1.0,7,,0.0,2.0,1.0,A01,138Â 207Â 713,1.0
1010791,201900052322,3,30,15:40,1,2,6,1.0,6.0,29019,CHATEAU (DE 37 A 55 ET 34 A 50),M,"48,3863095"," -4,4872131",29,2019,30.0,1.0,1.0,4.0,2260392,1.0,1,1,1,5.0,,0.0,0,1949.0,B01,138Â 207Â 716,1.0,0.0,-1.0,1725374,1.0,7,,0.0,1.0,1.0,B01,138Â 207Â 716,1.0
1010792,201900052323,7,11,16:58,1,2,1,1.0,6.0,87085,PERRIN (RUE FRANCOIS),M,"45,8247700","1,2288200",87,2019,50.0,1.0,1.0,4.0,2260393,1.0,1,4,1,5.0,,0.0,0,1999.0,B01,138Â 207Â 714,2.0,0.0,-1.0,1725375,2.0,1,,1.0,0.0,1.0,B01,138Â 207Â 714,5.0
1010792,201900052323,7,11,16:58,1,2,1,1.0,6.0,87085,PERRIN (RUE FRANCOIS),M,"45,8247700","1,2288200",87,2019,50.0,1.0,1.0,4.0,2260393,1.0,1,4,1,5.0,,0.0,0,1999.0,B01,138Â 207Â 714,2.0,0.0,-1.0,1725376,2.0,7,,0.0,2.0,8.0,A01,138Â 207Â 715,1.0
1010792,201900052323,7,11,16:58,1,2,1,1.0,6.0,87085,PERRIN (RUE FRANCOIS),M,"45,8247700","1,2288200",87,2019,50.0,1.0,1.0,4.0,2260394,1.0,1,1,1,5.0,,0.0,0,1945.0,A01,138Â 207Â 715,1.0,0.0,-1.0,1725375,2.0,1,,1.0,0.0,1.0,B01,138Â 207Â 714,5.0
1010792,201900052323,7,11,16:58,1,2,1,1.0,6.0,87085,PERRIN (RUE FRANCOIS),M,"45,8247700","1,2288200",87,2019,50.0,1.0,1.0,4.0,2260394,1.0,1,1,1,5.0,,0.0,0,1945.0,A01,138Â 207Â 715,1.0,0.0,-1.0,1725376,2.0,7,,0.0,2.0,8.0,A01,138Â 207Â 715,1.0
1010793,201900052324,3,29,18:35,1,2,4,1.0,6.0,29019,DUPLEIX,M,"48,3928937"," -4,4841076",29,2019,30.0,1.0,1.0,4.0,2260395,1.0,1,1,2,0.0,,0.0,0,1990.0,B01,138Â 207Â 711,1.0,0.0,-1.0,1725377,0.0,7,,0.0,0.0,0.0,B01,138Â 207Â 711,1.0
1010793,201900052324,3,29,18:35,1,2,4,1.0,6.0,29019,DUPLEIX,M,"48,3928937"," -4,4841076",29,2019,30.0,1.0,1.0,4.0,2260395,1.0,1,1,2,0.0,,0.0,0,1990.0,B01,138Â 207Â 711,1.0,0.0,-1.0,1725378,0.0,2,,0.0,1.0,1.0,A01,138Â 207Â 712,1.0
1010793,201900052324,3,29,18:35,1,2,4,1.0,6.0,29019,DUPLEIX,M,"48,3928937"," -4,4841076",29,2019,30.0,1.0,1.0,4.0,2260396,1.0,1,1,1,9.0,,0.0,0,1989.0,A01,138Â 207Â 712,8.0,0.0,-1.0,1725377,0.0,7,,0.0,0.0,0.0,B01,138Â 207Â 711,1.0
1010793,201900052324,3,29,18:35,1,2,4,1.0,6.0,29019,DUPLEIX,M,"48,3928937"," -4,4841076",29,2019,30.0,1.0,1.0,4.0,2260396,1.0,1,1,1,9.0,,0.0,0,1989.0,A01,138Â 207Â 712,8.0,0.0,-1.0,1725378,0.0,2,,0.0,1.0,1.0,A01,138Â 207Â 712,1.0
1010793,201900052324,3,29,18:35,1,2,4,1.0,6.0,29019,DUPLEIX,M,"48,3928937"," -4,4841076",29,2019,30.0,1.0,1.0,4.0,2260397,10.0,3,4,1,0.0,,2.0,3,1953.0,A01,138Â 207Â 712,0.0,0.0,0.0,1725377,0.0,7,,0.0,0.0,0.0,B01,138Â 207Â 711,1.0
1010793,201900052324,3,29,18:35,1,2,4,1.0,6.0,29019,DUPLEIX,M,"48,3928937"," -4,4841076",29,2019,30.0,1.0,1.0,4.0,2260397,10.0,3,4,1,0.0,,2.0,3,1953.0,A01,138Â 207Â 712,0.0,0.0,0.0,1725378,0.0,2,,0.0,1.0,1.0,A01,138Â 207Â 712,1.0
1010794,201900052325,3,27,16:10,1,2,1,1.0,6.0,28404,CHAPPEY (AVE MARC),M,"48,7302100","1,3398700",28,2019,30.0,1.0,1.0,4.0,2260398,10.0,3,4,1,3.0,,5.0,3,1938.0,A01,138Â 207Â 709,8.0,0.0,-1.0,1725379,3.0,7,,0.0,1.0,4.0,A01,138Â 207Â 709,1.0
1010794,201900052325,3,27,16:10,1,2,1,1.0,6.0,28404,CHAPPEY (AVE MARC),M,"48,7302100","1,3398700",28,2019,30.0,1.0,1.0,4.0,2260399,1.0,1,1,2,5.0,,0.0,0,1997.0,A01,138Â 207Â 709,1.0,0.0,0.0,1725379,3.0,7,,0.0,1.0,4.0,A01,138Â 207Â 709,1.0
1010795,201900052326,7,10,21:45,1,2,5,1.0,3.0,87085,LIBERATION (AVENUE DE LA),M,"45,8341400","1,2598700",87,2019,50.0,1.0,1.0,4.0,2260400,1.0,1,4,1,5.0,,0.0,0,1971.0,B01,138Â 207Â 708,2.0,0.0,-1.0,1725380,2.0,1,,0.0,2.0,1.0,B01,138Â 207Â 708,5.0
1010795,201900052326,7,10,21:45,1,2,5,1.0,3.0,87085,LIBERATION (AVENUE DE LA),M,"45,8341400","1,2598700",87,2019,50.0,1.0,1.0,4.0,2260400,1.0,1,4,1,5.0,,0.0,0,1971.0,B01,138Â 207Â 708,2.0,0.0,-1.0,1725381,2.0,7,,0.0,2.0,2.0,A01,138Â 207Â 710,1.0
1010795,201900052326,7,10,21:45,1,2,5,1.0,3.0,87085,LIBERATION (AVENUE DE LA),M,"45,8341400","1,2598700",87,2019,50.0,1.0,1.0,4.0,2260401,1.0,1,1,1,5.0,,0.0,0,1995.0,A01,138Â 207Â 710,1.0,0.0,-1.0,1725380,2.0,1,,0.0,2.0,1.0,B01,138Â 207Â 708,5.0
1010795,201900052326,7,10,21:45,1,2,5,1.0,3.0,87085,LIBERATION (AVENUE DE LA),M,"45,8341400","1,2598700",87,2019,50.0,1.0,1.0,4.0,2260401,1.0,1,1,1,5.0,,0.0,0,1995.0,A01,138Â 207Â 710,1.0,0.0,-1.0,1725381,2.0,7,,0.0,2.0,2.0,A01,138Â 207Â 710,1.0
1010796,201900052327,3,29,12:50,1,2,9,1.0,6.0,28134,MARCHE COUVERT (PLACE DU),M,"48,7350300","1,3642400",28,2019,30.0,1.0,1.0,9.0,2260402,10.0,3,4,2,0.0,,9.0,3,1946.0,A01,138Â 207Â 707,8.0,0.0,-1.0,1725382,3.0,10,,0.0,1.0,4.0,A01,138Â 207Â 707,1.0
1010796,201900052327,3,29,12:50,1,2,9,1.0,6.0,28134,MARCHE COUVERT (PLACE DU),M,"48,7350300","1,3642400",28,2019,30.0,1.0,1.0,9.0,2260403,1.0,1,1,1,1.0,,-1.0, -1,1946.0,A01,138Â 207Â 707,1.0,0.0,-1.0,1725382,3.0,10,,0.0,1.0,4.0,A01,138Â 207Â 707,1.0
1010797,201900052328,7,11,12:06,1,2,3,1.0,3.0,87085,ISLE (RUE D'),M,"45,8247100","1,2345800",87,2019,50.0,1.0,2.0,4.0,2260404,5.0,2,1,1,5.0,,0.0,0,2011.0,A01,138Â 207Â 705,3.0,8.0,-1.0,1725383,1.0,7,,0.0,2.0,1.0,A01,138Â 207Â 705,1.0
1010797,201900052328,7,11,12:06,1,2,3,1.0,3.0,87085,ISLE (RUE D'),M,"45,8247100","1,2345800",87,2019,50.0,1.0,2.0,4.0,2260404,5.0,2,1,1,5.0,,0.0,0,2011.0,A01,138Â 207Â 705,3.0,8.0,-1.0,1725384,2.0,7,,0.0,2.0,1.0,B01,138Â 207Â 706,1.0
1010797,201900052328,7,11,12:06,1,2,3,1.0,3.0,87085,ISLE (RUE D'),M,"45,8247100","1,2345800",87,2019,50.0,1.0,2.0,4.0,2260405,4.0,2,1,1,5.0,,0.0,0,2009.0,A01,138Â 207Â 705,3.0,8.0,-1.0,1725383,1.0,7,,0.0,2.0,1.0,A01,138Â 207Â 705,1.0
1010797,201900052328,7,11,12:06,1,2,3,1.0,3.0,87085,ISLE (RUE D'),M,"45,8247100","1,2345800",87,2019,50.0,1.0,2.0,4.0,2260405,4.0,2,1,1,5.0,,0.0,0,2009.0,A01,138Â 207Â 705,3.0,8.0,-1.0,1725384,2.0,7,,0.0,2.0,1.0,B01,138Â 207Â 706,1.0
1010797,201900052328,7,11,12:06,1,2,3,1.0,3.0,87085,ISLE (RUE D'),M,"45,8247100","1,2345800",87,2019,50.0,1.0,2.0,4.0,2260406,1.0,1,1,1,5.0,,0.0,0,1970.0,A01,138Â 207Â 705,1.0,0.0,-1.0,1725383,1.0,7,,0.0,2.0,1.0,A01,138Â 207Â 705,1.0