Unnamed: 0_x,num_acc,mois,jour,hrmn,lum,agg,int,atm,col,com,adr,gps,lat,long,dep,annee,vma,situ,surf,catr,Unnamed: 0_y,place,catu,grav,sexe,trajet,secu,locp,actp,an_nais,num_veh_x,id_vehicule_x,secu1,secu2,secu3,Unnamed: 0,senc,catv,occutc,obs,obsm,choc,num_veh_y,id_vehicule_y,motor
1010797,201900052328,7,11,12:06,1,2,3,1.0,3.0,87085,ISLE (RUE D'),M,"45,8247100","1,2345800",87,2019,50.0,1.0,2.0,4.0,2260406,1.0,1,1,1,5.0,,0.0,0,1970.0,A01,138Â 207Â 705,1.0,0.0,-1.0,1725384,2.0,7,,0.0,2.0,1.0,B01,138Â 207Â 706,1.0
1010797,201900052328,7,11,12:06,1,2,3,1.0,3.0,87085,ISLE (RUE D'),M,"45,8247100","1,2345800",87,2019,50.0,1.0,2.0,4.0,2260407,3.0,2,1,1,5.0,,0.0,0,2015.0,A01,138Â 207Â 705,3.0,8.0,-1.0,1725383,1.0,7,,0.0,2.0,1.0,A01,138Â 207Â 705,1.0
1010797,201900052328,7,11,12:06,1,2,3,1.0,3.0,87085,ISLE (RUE D'),M,"45,8247100","1,2345800",87,2019,50.0,1.0,2.0,4.0,2260407,3.0,2,1,1,5.0,,0.0,0,2015.0,A01,138Â 207Â 705,3.0,8.0,-1.0,1725384,2.0,7,,0.0,2.0,1.0,B01,138Â 207Â 706,1.0
1010797,201900052328,7,11,12:06,1,2,3,1.0,3.0,87085,ISLE (RUE D'),M,"45,8247100","1,2345800",87,2019,50.0,1.0,2.0,4.0,2260408,1.0,1,4,2,5.0,,0.0,0,1952.0,B01,138Â 207Â 706,1.0,0.0,-1.0,1725383,1.0,7,,0.0,2.0,1.0,A01,138Â 207Â 705,1.0
1010797,201900052328,7,11,12:06,1,2,3,1.0,3.0,87085,ISLE (RUE D'),M,"45,8247100","1,2345800",87,2019,50.0,1.0,2.0,4.0,2260408,1.0,1,4,2,5.0,,0.0,0,1952.0,B01,138Â 207Â 706,1.0,0.0,-1.0,1725384,2.0,7,,0.0,2.0,1.0,B01,138Â 207Â 706,1.0
1010798,201900052329,3,28,16:10,1,2,9,1.0,6.0,22113,SAINT MARC (RUE DE),M,"48,7338774"," -3,4422915",22,2019,50.0,1.0,1.0,4.0,2260409,1.0,1,1,1,4.0,,0.0,0,1983.0,A01,138Â 207Â 700,1.0,8.0,-1.0,1725385,3.0,14,,0.0,1.0,1.0,A01,138Â 207Â 700,1.0
1010798,201900052329,3,28,16:10,1,2,9,1.0,6.0,22113,SAINT MARC (RUE DE),M,"48,7338774"," -3,4422915",22,2019,50.0,1.0,1.0,4.0,2260410,10.0,3,2,1,5.0,,3.0,3,1941.0,A01,138Â 207Â 700,8.0,0.0,-1.0,1725385,3.0,14,,0.0,1.0,1.0,A01,138Â 207Â 700,1.0
1010799,201900052330,3,28,13:55,1,2,3,1.0,3.0,19031,PAIX (RUE DE LA),M,"45,1674958","1,5356384",19,2019,50.0,1.0,1.0,4.0,2260411,1.0,1,1,1,0.0,,-1.0, -1,1998.0,A01,138Â 207Â 698,1.0,0.0,-1.0,1725386,1.0,7,,0.0,2.0,6.0,A01,138Â 207Â 698,1.0
1010799,201900052330,3,28,13:55,1,2,3,1.0,3.0,19031,PAIX (RUE DE LA),M,"45,1674958","1,5356384",19,2019,50.0,1.0,1.0,4.0,2260411,1.0,1,1,1,0.0,,-1.0, -1,1998.0,A01,138Â 207Â 698,1.0,0.0,-1.0,1725387,3.0,2,,0.0,2.0,1.0,B01,138Â 207Â 699,1.0
1010799,201900052330,3,28,13:55,1,2,3,1.0,3.0,19031,PAIX (RUE DE LA),M,"45,1674958","1,5356384",19,2019,50.0,1.0,1.0,4.0,2260412,1.0,1,4,2,1.0,,-1.0, -1,1964.0,B01,138Â 207Â 699,2.0,0.0,-1.0,1725386,1.0,7,,0.0,2.0,6.0,A01,138Â 207Â 698,1.0
1010799,201900052330,3,28,13:55,1,2,3,1.0,3.0,19031,PAIX (RUE DE LA),M,"45,1674958","1,5356384",19,2019,50.0,1.0,1.0,4.0,2260412,1.0,1,4,2,1.0,,-1.0, -1,1964.0,B01,138Â 207Â 699,2.0,0.0,-1.0,1725387,3.0,2,,0.0,2.0,1.0,B01,138Â 207Â 699,1.0
1010800,201900052331,7,10,11:25,1,1,1,1.0,2.0,87085,A20  DIFFUSEUR 28,M,"45,8937200","1,2936100",87,2019,50.0,1.0,1.0,1.0,2260413,1.0,1,4,2,1.0,,0.0,0,1981.0,B01,138Â 207Â 701,1.0,-1.0,-1.0,1725388,2.0,7,,0.0,2.0,4.0,B01,138Â 207Â 701,1.0
1010800,201900052331,7,10,11:25,1,1,1,1.0,2.0,87085,A20  DIFFUSEUR 28,M,"45,8937200","1,2936100",87,2019,50.0,1.0,1.0,1.0,2260413,1.0,1,4,2,1.0,,0.0,0,1981.0,B01,138Â 207Â 701,1.0,-1.0,-1.0,1725389,2.0,7,,0.0,2.0,1.0,A01,138Â 207Â 702,1.0
1010800,201900052331,7,10,11:25,1,1,1,1.0,2.0,87085,A20  DIFFUSEUR 28,M,"45,8937200","1,2936100",87,2019,50.0,1.0,1.0,1.0,2260414,1.0,1,1,2,5.0,,0.0,0,1973.0,A01,138Â 207Â 702,1.0,-1.0,-1.0,1725388,2.0,7,,0.0,2.0,4.0,B01,138Â 207Â 701,1.0
1010800,201900052331,7,10,11:25,1,1,1,1.0,2.0,87085,A20  DIFFUSEUR 28,M,"45,8937200","1,2936100",87,2019,50.0,1.0,1.0,1.0,2260414,1.0,1,1,2,5.0,,0.0,0,1973.0,A01,138Â 207Â 702,1.0,-1.0,-1.0,1725389,2.0,7,,0.0,2.0,1.0,A01,138Â 207Â 702,1.0
1010801,201900052332,3,31,00:45,3,2,1,1.0,6.0,17415,RD 24,M,"45,7402300"," -0,6668800",17,2019,50.0,1.0,1.0,3.0,2260415,1.0,1,4,1,5.0,,-1.0, -1,1996.0,A01,138Â 207Â 697,1.0,0.0,-1.0,1725390,2.0,7,,4.0,0.0,1.0,A01,138Â 207Â 697,1.0
1010801,201900052332,3,31,00:45,3,2,1,1.0,6.0,17415,RD 24,M,"45,7402300"," -0,6668800",17,2019,50.0,1.0,1.0,3.0,2260416,5.0,2,4,1,5.0,,-1.0, -1,1996.0,A01,138Â 207Â 697,1.0,0.0,-1.0,1725390,2.0,7,,4.0,0.0,1.0,A01,138Â 207Â 697,1.0
1010801,201900052332,3,31,00:45,3,2,1,1.0,6.0,17415,RD 24,M,"45,7402300"," -0,6668800",17,2019,50.0,1.0,1.0,3.0,2260417,4.0,2,4,1,5.0,,-1.0, -1,2000.0,A01,138Â 207Â 697,1.0,0.0,-1.0,1725390,2.0,7,,4.0,0.0,1.0,A01,138Â 207Â 697,1.0
1010801,201900052332,3,31,00:45,3,2,1,1.0,6.0,17415,RD 24,M,"45,7402300"," -0,6668800",17,2019,50.0,1.0,1.0,3.0,2260418,2.0,2,3,1,5.0,,-1.0, -1,1996.0,A01,138Â 207Â 697,1.0,0.0,-1.0,1725390,2.0,7,,4.0,0.0,1.0,A01,138Â 207Â 697,1.0
1010801,201900052332,3,31,00:45,3,2,1,1.0,6.0,17415,RD 24,M,"45,7402300"," -0,6668800",17,2019,50.0,1.0,1.0,3.0,2260419,3.0,2,4,1,5.0,,-1.0, -1,1998.0,A01,138Â 207Â 697,1.0,0.0,-1.0,1725390,2.0,7,,4.0,0.0,1.0,A01,138Â 207Â 697,1.0
1010802,201900052333,3,28,08:13,1,1,9,1.0,6.0,14327,GAULLE (AVENUE DU GENERAL DE),M,"49,2054400"," -0,3507100",14,2019,50.0,1.0,1.0,3.0,2260420,1.0,1,4,1,-1.0,,-1.0, -1,1971.0,C01,138Â 207Â 695,1.0,0.0,-1.0,1725391,2.0,7,,0.0,0.0,7.0,C01,138Â 207Â 695,1.0
1010803,201900052334,7,9,14:44,1,2,2,1.0,2.0,87085,LECLERC (AVENUE DU GENERAL),M,"45,8517900","1,2648600",87,2019,50.0,1.0,1.0,4.0,2260421,1.0,1,4,1,1.0,,0.0,0,1983.0,B01,138Â 207Â 694,2.0,6.0,-1.0,1725392,2.0,33,,0.0,2.0,4.0,B01,138Â 207Â 694,1.0
1010803,201900052334,7,9,14:44,1,2,2,1.0,2.0,87085,LECLERC (AVENUE DU GENERAL),M,"45,8517900","1,2648600",87,2019,50.0,1.0,1.0,4.0,2260421,1.0,1,4,1,1.0,,0.0,0,1983.0,B01,138Â 207Â 694,2.0,6.0,-1.0,1725393,2.0,10,,0.0,2.0,1.0,A01,138Â 207Â 696,1.0
1010803,201900052334,7,9,14:44,1,2,2,1.0,2.0,87085,LECLERC (AVENUE DU GENERAL),M,"45,8517900","1,2648600",87,2019,50.0,1.0,1.0,4.0,2260422,1.0,1,1,1,4.0,,0.0,0,1956.0,A01,138Â 207Â 696,1.0,0.0,-1.0,1725392,2.0,33,,0.0,2.0,4.0,B01,138Â 207Â 694,1.0
1010803,201900052334,7,9,14:44,1,2,2,1.0,2.0,87085,LECLERC (AVENUE DU GENERAL),M,"45,8517900","1,2648600",87,2019,50.0,1.0,1.0,4.0,2260422,1.0,1,1,1,4.0,,0.0,0,1956.0,A01,138Â 207Â 696,1.0,0.0,-1.0,1725393,2.0,10,,0.0,2.0,1.0,A01,138Â 207Â 696,1.0
1010804,201900052335,3,28,17:35,1,2,1,1.0,4.0,13054,LIBERATION (AV DE LA ),M,"43,4193100","5,2175000",13,2019,30.0,2.0,1.0,4.0,2260423,1.0,1,3,1,0.0,,-1.0, -1,1995.0,A01,138Â 207Â 690,2.0,6.0,-1.0,1725394,2.0,33,,0.0,2.0,6.0,A01,138Â 207Â 690,1.0
1010804,201900052335,3,28,17:35,1,2,1,1.0,4.0,13054,LIBERATION (AV DE LA ),M,"43,4193100","5,2175000",13,2019,30.0,2.0,1.0,4.0,2260423,1.0,1,3,1,0.0,,-1.0, -1,1995.0,A01,138Â 207Â 690,2.0,6.0,-1.0,1725395,2.0,10,,0.0,6.0,6.0,B01,138Â 207Â 692,1.0
1010804,201900052335,3,28,17:35,1,2,1,1.0,4.0,13054,LIBERATION (AV DE LA ),M,"43,4193100","5,2175000",13,2019,30.0,2.0,1.0,4.0,2260423,1.0,1,3,1,0.0,,-1.0, -1,1995.0,A01,138Â 207Â 690,2.0,6.0,-1.0,1725396,1.0,10,,0.0,6.0,3.0,C01,138Â 207Â 693,1.0
1010804,201900052335,3,28,17:35,1,2,1,1.0,4.0,13054,LIBERATION (AV DE LA ),M,"43,4193100","5,2175000",13,2019,30.0,2.0,1.0,4.0,2260424,1.0,1,1,1,9.0,,-1.0, -1,1984.0,B01,138Â 207Â 692,1.0,0.0,-1.0,1725394,2.0,33,,0.0,2.0,6.0,A01,138Â 207Â 690,1.0
1010804,201900052335,3,28,17:35,1,2,1,1.0,4.0,13054,LIBERATION (AV DE LA ),M,"43,4193100","5,2175000",13,2019,30.0,2.0,1.0,4.0,2260424,1.0,1,1,1,9.0,,-1.0, -1,1984.0,B01,138Â 207Â 692,1.0,0.0,-1.0,1725395,2.0,10,,0.0,6.0,6.0,B01,138Â 207Â 692,1.0
1010804,201900052335,3,28,17:35,1,2,1,1.0,4.0,13054,LIBERATION (AV DE LA ),M,"43,4193100","5,2175000",13,2019,30.0,2.0,1.0,4.0,2260424,1.0,1,1,1,9.0,,-1.0, -1,1984.0,B01,138Â 207Â 692,1.0,0.0,-1.0,1725396,1.0,10,,0.0,6.0,3.0,C01,138Â 207Â 693,1.0
1010804,201900052335,3,28,17:35,1,2,1,1.0,4.0,13054,LIBERATION (AV DE LA ),M,"43,4193100","5,2175000",13,2019,30.0,2.0,1.0,4.0,2260425,1.0,1,1,1,9.0,,-1.0, -1,1999.0,C01,138Â 207Â 693,1.0,0.0,-1.0,1725394,2.0,33,,0.0,2.0,6.0,A01,138Â 207Â 690,1.0
1010804,201900052335,3,28,17:35,1,2,1,1.0,4.0,13054,LIBERATION (AV DE LA ),M,"43,4193100","5,2175000",13,2019,30.0,2.0,1.0,4.0,2260425,1.0,1,1,1,9.0,,-1.0, -1,1999.0,C01,138Â 207Â 693,1.0,0.0,-1.0,1725395,2.0,10,,0.0,6.0,6.0,B01,138Â 207Â 692,1.0
1010804,201900052335,3,28,17:35,1,2,1,1.0,4.0,13054,LIBERATION (AV DE LA ),M,"43,4193100","5,2175000",13,2019,30.0,2.0,1.0,4.0,2260425,1.0,1,1,1,9.0,,-1.0, -1,1999.0,C01,138Â 207Â 693,1.0,0.0,-1.0,1725396,1.0,10,,0.0,6.0,3.0,C01,138Â 207Â 693,1.0
1010805,201900052336,7,10,18:26,1,2,3,1.0,2.0,87085,HALEVY (RUE),M,"45,8527600","1,2592500",87,2019,50.0,1.0,1.0,4.0,2260426,1.0,1,1,2,5.0,,0.0,0,1956.0,B01,138Â 207Â 689,1.0,0.0,-1.0,1725397,2.0,7,,0.0,2.0,4.0,B01,138Â 207Â 689,1.0
1010805,201900052336,7,10,18:26,1,2,3,1.0,2.0,87085,HALEVY (RUE),M,"45,8527600","1,2592500",87,2019,50.0,1.0,1.0,4.0,2260426,1.0,1,1,2,5.0,,0.0,0,1956.0,B01,138Â 207Â 689,1.0,0.0,-1.0,1725398,1.0,33,,0.0,2.0,1.0,A01,138Â 207Â 691,1.0
1010805,201900052336,7,10,18:26,1,2,3,1.0,2.0,87085,HALEVY (RUE),M,"45,8527600","1,2592500",87,2019,50.0,1.0,1.0,4.0,2260427,1.0,1,4,1,5.0,,0.0,0,1990.0,A01,138Â 207Â 691,2.0,0.0,-1.0,1725397,2.0,7,,0.0,2.0,4.0,B01,138Â 207Â 689,1.0
1010805,201900052336,7,10,18:26,1,2,3,1.0,2.0,87085,HALEVY (RUE),M,"45,8527600","1,2592500",87,2019,50.0,1.0,1.0,4.0,2260427,1.0,1,4,1,5.0,,0.0,0,1990.0,A01,138Â 207Â 691,2.0,0.0,-1.0,1725398,1.0,33,,0.0,2.0,1.0,A01,138Â 207Â 691,1.0
1010806,201900052337,7,11,05:50,5,2,1,1.0,6.0,85194,AVENUE DU COMMANDANT BELMONT ,M,"46,4870200"," -1,7523700",85,2019,50.0,1.0,1.0,4.0,2260428,1.0,1,3,2,5.0,,0.0,0,2000.0,A01,138Â 207Â 687,2.0,8.0,-1.0,1725399,3.0,30,,2.0,0.0,1.0,A01,138Â 207Â 687,1.0
1010807,201900052338,3,30,21:45,5,2,1,1.0,3.0,13208,CORAIL (AVENUE DU),M,"43,2401600","5,3772000",13,2019,50.0,1.0,1.0,4.0,2260429,1.0,1,4,1,5.0,,-1.0, -1,1999.0,B01,138Â 207Â 686,2.0,8.0,-1.0,1725400,1.0,32,,0.0,2.0,7.0,B01,138Â 207Â 686,1.0
1010807,201900052338,3,30,21:45,5,2,1,1.0,3.0,13208,CORAIL (AVENUE DU),M,"43,2401600","5,3772000",13,2019,50.0,1.0,1.0,4.0,2260429,1.0,1,4,1,5.0,,-1.0, -1,1999.0,B01,138Â 207Â 686,2.0,8.0,-1.0,1725401,3.0,7,,0.0,2.0,3.0,A01,138Â 207Â 688,1.0
1010807,201900052338,3,30,21:45,5,2,1,1.0,3.0,13208,CORAIL (AVENUE DU),M,"43,2401600","5,3772000",13,2019,50.0,1.0,1.0,4.0,2260430,1.0,1,1,1,5.0,,-1.0, -1,1993.0,A01,138Â 207Â 688,1.0,8.0,-1.0,1725400,1.0,32,,0.0,2.0,7.0,B01,138Â 207Â 686,1.0
1010807,201900052338,3,30,21:45,5,2,1,1.0,3.0,13208,CORAIL (AVENUE DU),M,"43,2401600","5,3772000",13,2019,50.0,1.0,1.0,4.0,2260430,1.0,1,1,1,5.0,,-1.0, -1,1993.0,A01,138Â 207Â 688,1.0,8.0,-1.0,1725401,3.0,7,,0.0,2.0,3.0,A01,138Â 207Â 688,1.0
1010808,201900052339,7,9,19:00,1,2,3,1.0,3.0,84007,CHEVALIER de FOLARD (avenue du),M,"43,9314900","4,8169900",84,2019,50.0,1.0,1.0,4.0,2260431,1.0,1,1,1,1.0,,-1.0, -1,1974.0,B01,138Â 207Â 684,1.0,0.0,-1.0,1725402,3.0,7,,0.0,2.0,8.0,B01,138Â 207Â 684,1.0
1010808,201900052339,7,9,19:00,1,2,3,1.0,3.0,84007,CHEVALIER de FOLARD (avenue du),M,"43,9314900","4,8169900",84,2019,50.0,1.0,1.0,4.0,2260431,1.0,1,1,1,1.0,,-1.0, -1,1974.0,B01,138Â 207Â 684,1.0,0.0,-1.0,1725403,3.0,32,,9.0,2.0,1.0,A01,138Â 207Â 685,1.0
1010808,201900052339,7,9,19:00,1,2,3,1.0,3.0,84007,CHEVALIER de FOLARD (avenue du),M,"43,9314900","4,8169900",84,2019,50.0,1.0,1.0,4.0,2260432,1.0,1,3,1,5.0,,-1.0, -1,1994.0,A01,138Â 207Â 685,8.0,0.0,-1.0,1725402,3.0,7,,0.0,2.0,8.0,B01,138Â 207Â 684,1.0
1010808,201900052339,7,9,19:00,1,2,3,1.0,3.0,84007,CHEVALIER de FOLARD (avenue du),M,"43,9314900","4,8169900",84,2019,50.0,1.0,1.0,4.0,2260432,1.0,1,3,1,5.0,,-1.0, -1,1994.0,A01,138Â 207Â 685,8.0,0.0,-1.0,1725403,3.0,32,,9.0,2.0,1.0,A01,138Â 207Â 685,1.0
1010809,201900052340,3,30,20:00,5,2,1,1.0,3.0,13002,7 RMENT DE TIRAILLEURS ALGERIENS (AVENUE,M,"43,3383200","5,4741300",13,2019,50.0,1.0,1.0,4.0,2260433,1.0,1,1,2,1.0,,-1.0, -1,1967.0,B01,138Â 207Â 682,1.0,8.0,-1.0,1725404,0.0,7,,0.0,2.0,7.0,B01,138Â 207Â 682,1.0
1010809,201900052340,3,30,20:00,5,2,1,1.0,3.0,13002,7 RMENT DE TIRAILLEURS ALGERIENS (AVENUE,M,"43,3383200","5,4741300",13,2019,50.0,1.0,1.0,4.0,2260433,1.0,1,1,2,1.0,,-1.0, -1,1967.0,B01,138Â 207Â 682,1.0,8.0,-1.0,1725405,2.0,33,,0.0,2.0,1.0,A01,138Â 207Â 683,1.0
1010809,201900052340,3,30,20:00,5,2,1,1.0,3.0,13002,7 RMENT DE TIRAILLEURS ALGERIENS (AVENUE,M,"43,3383200","5,4741300",13,2019,50.0,1.0,1.0,4.0,2260434,1.0,1,4,1,5.0,,-1.0, -1,1949.0,A01,138Â 207Â 683,2.0,6.0,-1.0,1725404,0.0,7,,0.0,2.0,7.0,B01,138Â 207Â 682,1.0
1010809,201900052340,3,30,20:00,5,2,1,1.0,3.0,13002,7 RMENT DE TIRAILLEURS ALGERIENS (AVENUE,M,"43,3383200","5,4741300",13,2019,50.0,1.0,1.0,4.0,2260434,1.0,1,4,1,5.0,,-1.0, -1,1949.0,A01,138Â 207Â 683,2.0,6.0,-1.0,1725405,2.0,33,,0.0,2.0,1.0,A01,138Â 207Â 683,1.0
1010810,201900052341,3,30,18:30,3,2,1,1.0,2.0,13209,MICHELET (BOULEVARD),M,"43,2615480","5,3975890",13,2019,50.0,1.0,1.0,4.0,2260435,3.0,2,1,1,4.0,,-1.0,0,2018.0,B01,138Â 207Â 679,1.0,8.0,-1.0,1725406,1.0,3,,0.0,2.0,1.0,B01,138Â 207Â 679,1.0
1010810,201900052341,3,30,18:30,3,2,1,1.0,2.0,13209,MICHELET (BOULEVARD),M,"43,2615480","5,3975890",13,2019,50.0,1.0,1.0,4.0,2260435,3.0,2,1,1,4.0,,-1.0,0,2018.0,B01,138Â 207Â 679,1.0,8.0,-1.0,1725407,1.0,3,,0.0,2.0,1.0,A01,138Â 207Â 680,1.0
1010810,201900052341,3,30,18:30,3,2,1,1.0,2.0,13209,MICHELET (BOULEVARD),M,"43,2615480","5,3975890",13,2019,50.0,1.0,1.0,4.0,2260436,4.0,2,1,2,5.0,,-1.0, -1,2016.0,B01,138Â 207Â 679,1.0,7.0,-1.0,1725406,1.0,3,,0.0,2.0,1.0,B01,138Â 207Â 679,1.0
1010810,201900052341,3,30,18:30,3,2,1,1.0,2.0,13209,MICHELET (BOULEVARD),M,"43,2615480","5,3975890",13,2019,50.0,1.0,1.0,4.0,2260436,4.0,2,1,2,5.0,,-1.0, -1,2016.0,B01,138Â 207Â 679,1.0,7.0,-1.0,1725407,1.0,3,,0.0,2.0,1.0,A01,138Â 207Â 680,1.0
1010810,201900052341,3,30,18:30,3,2,1,1.0,2.0,13209,MICHELET (BOULEVARD),M,"43,2615480","5,3975890",13,2019,50.0,1.0,1.0,4.0,2260437,1.0,1,4,2,4.0,,-1.0,0,1990.0,B01,138Â 207Â 679,1.0,8.0,-1.0,1725406,1.0,3,,0.0,2.0,1.0,B01,138Â 207Â 679,1.0
1010810,201900052341,3,30,18:30,3,2,1,1.0,2.0,13209,MICHELET (BOULEVARD),M,"43,2615480","5,3975890",13,2019,50.0,1.0,1.0,4.0,2260437,1.0,1,4,2,4.0,,-1.0,0,1990.0,B01,138Â 207Â 679,1.0,8.0,-1.0,1725407,1.0,3,,0.0,2.0,1.0,A01,138Â 207Â 680,1.0
1010810,201900052341,3,30,18:30,3,2,1,1.0,2.0,13209,MICHELET (BOULEVARD),M,"43,2615480","5,3975890",13,2019,50.0,1.0,1.0,4.0,2260438,1.0,1,4,1,5.0,,-1.0,0,1979.0,A01,138Â 207Â 680,1.0,8.0,-1.0,1725406,1.0,3,,0.0,2.0,1.0,B01,138Â 207Â 679,1.0
1010810,201900052341,3,30,18:30,3,2,1,1.0,2.0,13209,MICHELET (BOULEVARD),M,"43,2615480","5,3975890",13,2019,50.0,1.0,1.0,4.0,2260438,1.0,1,4,1,5.0,,-1.0,0,1979.0,A01,138Â 207Â 680,1.0,8.0,-1.0,1725407,1.0,3,,0.0,2.0,1.0,A01,138Â 207Â 680,1.0
1010811,201900052342,7,13,01:50,3,1,1,1.0,6.0,82121,SAINT-MARTIAL (4935 ROUTE DE),M,"43,9849240","1,4346330",82,2019,70.0,1.0,1.0,3.0,2260439,1.0,1,3,2,5.0,,-1.0,0,1999.0,A01,138Â 207Â 678,1.0,8.0,-1.0,1725408,2.0,7,,0.0,0.0,1.0,A01,138Â 207Â 678,1.0
1010811,201900052342,7,13,01:50,3,1,1,1.0,6.0,82121,SAINT-MARTIAL (4935 ROUTE DE),M,"43,9849240","1,4346330",82,2019,70.0,1.0,1.0,3.0,2260440,2.0,2,4,2,5.0,,-1.0,0,2000.0,A01,138Â 207Â 678,1.0,8.0,-1.0,1725408,2.0,7,,0.0,0.0,1.0,A01,138Â 207Â 678,1.0
1010811,201900052342,7,13,01:50,3,1,1,1.0,6.0,82121,SAINT-MARTIAL (4935 ROUTE DE),M,"43,9849240","1,4346330",82,2019,70.0,1.0,1.0,3.0,2260441,4.0,2,3,1,5.0,,-1.0,0,1993.0,A01,138Â 207Â 678,1.0,8.0,-1.0,1725408,2.0,7,,0.0,0.0,1.0,A01,138Â 207Â 678,1.0
1010812,201900052343,3,30,11:30,1,2,1,1.0,6.0,13212,GASTON FLOTTE (RUE),M,"43,2972890","5,4276350",13,2019,50.0,1.0,1.0,6.0,2260442,10.0,3,4,2,9.0,,9.0,9,1962.0,A01,138Â 207Â 677,8.0,0.0,-1.0,1725409,0.0,43,,1.0,0.0,1.0,A01,138Â 207Â 677,1.0
1010812,201900052343,3,30,11:30,1,2,1,1.0,6.0,13212,GASTON FLOTTE (RUE),M,"43,2972890","5,4276350",13,2019,50.0,1.0,1.0,6.0,2260443,1.0,1,1,2,5.0,,-1.0,0,1958.0,A01,138Â 207Â 677,2.0,6.0,-1.0,1725409,0.0,43,,1.0,0.0,1.0,A01,138Â 207Â 677,1.0
1010812,201900052343,3,30,11:30,1,2,1,1.0,6.0,13212,GASTON FLOTTE (RUE),M,"43,2972890","5,4276350",13,2019,50.0,1.0,1.0,6.0,2260444,10.0,3,4,1,3.0,,8.0,A,1988.0,A01,138Â 207Â 677,8.0,0.0,-1.0,1725409,0.0,43,,1.0,0.0,1.0,A01,138Â 207Â 677,1.0
1010813,201900052344,3,30,09:50,1,2,1,1.0,2.0,13216,MILLIE MATHYS (AVENUE),M,"43,3656270","5,3505950",13,2019,50.0,1.0,1.0,4.0,2260445,1.0,1,4,1,4.0,,-1.0,0,1990.0,A01,138Â 207Â 673,1.0,0.0,-1.0,1725410,0.0,10,,0.0,2.0,2.0,A01,138Â 207Â 673,1.0
1010813,201900052344,3,30,09:50,1,2,1,1.0,2.0,13216,MILLIE MATHYS (AVENUE),M,"43,3656270","5,3505950",13,2019,50.0,1.0,1.0,4.0,2260445,1.0,1,4,1,4.0,,-1.0,0,1990.0,A01,138Â 207Â 673,1.0,0.0,-1.0,1725411,0.0,10,,0.0,2.0,6.0,B01,138Â 207Â 675,1.0
1010813,201900052344,3,30,09:50,1,2,1,1.0,2.0,13216,MILLIE MATHYS (AVENUE),M,"43,3656270","5,3505950",13,2019,50.0,1.0,1.0,4.0,2260446,1.0,1,4,1,5.0,,-1.0,0,1965.0,B01,138Â 207Â 675,1.0,0.0,-1.0,1725410,0.0,10,,0.0,2.0,2.0,A01,138Â 207Â 673,1.0
1010813,201900052344,3,30,09:50,1,2,1,1.0,2.0,13216,MILLIE MATHYS (AVENUE),M,"43,3656270","5,3505950",13,2019,50.0,1.0,1.0,4.0,2260446,1.0,1,4,1,5.0,,-1.0,0,1965.0,B01,138Â 207Â 675,1.0,0.0,-1.0,1725411,0.0,10,,0.0,2.0,6.0,B01,138Â 207Â 675,1.0
1010814,201900052345,3,30,08:25,1,2,1,1.0,2.0,13211,SAINT MENET (AVENUE DE),M,"43,2908900","5,4875100",13,2019,50.0,1.0,1.0,4.0,2260447,1.0,1,1,2,5.0,,-1.0, -1,1969.0,A01,138Â 207Â 669,1.0,8.0,-1.0,1725412,0.0,10,,0.0,2.0,2.0,A01,138Â 207Â 669,1.0
1010814,201900052345,3,30,08:25,1,2,1,1.0,2.0,13211,SAINT MENET (AVENUE DE),M,"43,2908900","5,4875100",13,2019,50.0,1.0,1.0,4.0,2260447,1.0,1,1,2,5.0,,-1.0, -1,1969.0,A01,138Â 207Â 669,1.0,8.0,-1.0,1725413,0.0,1,,0.0,0.0,0.0,B01,138Â 207Â 670,0.0
1010814,201900052345,3,30,08:25,1,2,1,1.0,2.0,13211,SAINT MENET (AVENUE DE),M,"43,2908900","5,4875100",13,2019,50.0,1.0,1.0,4.0,2260448,1.0,1,4,1,5.0,,-1.0, -1,1949.0,B01,138Â 207Â 670,2.0,0.0,-1.0,1725412,0.0,10,,0.0,2.0,2.0,A01,138Â 207Â 669,1.0
1010814,201900052345,3,30,08:25,1,2,1,1.0,2.0,13211,SAINT MENET (AVENUE DE),M,"43,2908900","5,4875100",13,2019,50.0,1.0,1.0,4.0,2260448,1.0,1,4,1,5.0,,-1.0, -1,1949.0,B01,138Â 207Â 670,2.0,0.0,-1.0,1725413,0.0,1,,0.0,0.0,0.0,B01,138Â 207Â 670,0.0
1010815,201900052346,3,30,00:20,5,2,1,1.0,3.0,13208,RABATAU (BOULEVARD),M,"43,2765100","5,3975400",13,2019,50.0,1.0,1.0,4.0,2260449,1.0,1,4,1,5.0,,-1.0, -1,1992.0,B01,138Â 207Â 665,2.0,6.0,-1.0,1725414,2.0,43,,0.0,2.0,8.0,B01,138Â 207Â 665,1.0
1010815,201900052346,3,30,00:20,5,2,1,1.0,3.0,13208,RABATAU (BOULEVARD),M,"43,2765100","5,3975400",13,2019,50.0,1.0,1.0,4.0,2260449,1.0,1,4,1,5.0,,-1.0, -1,1992.0,B01,138Â 207Â 665,2.0,6.0,-1.0,1725415,2.0,7,,0.0,2.0,2.0,A01,138Â 207Â 666,1.0
1010815,201900052346,3,30,00:20,5,2,1,1.0,3.0,13208,RABATAU (BOULEVARD),M,"43,2765100","5,3975400",13,2019,50.0,1.0,1.0,4.0,2260450,1.0,1,1,1,9.0,,-1.0,0,1982.0,A01,138Â 207Â 666,1.0,0.0,-1.0,1725414,2.0,43,,0.0,2.0,8.0,B01,138Â 207Â 665,1.0