Unnamed: 0_x,num_acc,mois,jour,hrmn,lum,agg,int,atm,col,com,adr,gps,lat,long,dep,annee,vma,situ,surf,catr,Unnamed: 0_y,place,catu,grav,sexe,trajet,secu,locp,actp,an_nais,num_veh_x,id_vehicule_x,secu1,secu2,secu3,Unnamed: 0,senc,catv,occutc,obs,obsm,choc,num_veh_y,id_vehicule_y,motor
1010815,201900052346,3,30,00:20,5,2,1,1.0,3.0,13208,RABATAU (BOULEVARD),M,"43,2765100","5,3975400",13,2019,50.0,1.0,1.0,4.0,2260450,1.0,1,1,1,9.0,,-1.0,0,1982.0,A01,138Â 207Â 666,1.0,0.0,-1.0,1725415,2.0,7,,0.0,2.0,2.0,A01,138Â 207Â 666,1.0
1010816,201900052347,3,29,22:40,5,2,1,1.0,2.0,13204,SAKAKINI (BOULEVARD),M,"43,2965400","5,4004500",13,2019,50.0,1.0,1.0,4.0,2260451,1.0,1,4,1,4.0,,-1.0,0,1994.0,A01,138Â 207Â 664,2.0,6.0,-1.0,1725416,0.0,7,,0.0,2.0,4.0,Z01,138Â 207Â 663,0.0
1010816,201900052347,3,29,22:40,5,2,1,1.0,2.0,13204,SAKAKINI (BOULEVARD),M,"43,2965400","5,4004500",13,2019,50.0,1.0,1.0,4.0,2260451,1.0,1,4,1,4.0,,-1.0,0,1994.0,A01,138Â 207Â 664,2.0,6.0,-1.0,1725417,2.0,30,,0.0,2.0,1.0,A01,138Â 207Â 664,1.0
1010817,201900052348,3,29,16:20,1,2,1,1.0,6.0,13205,CAMAS (RUE DU),M,"43,2978500","5,3931400",13,2019,50.0,2.0,1.0,4.0,2260452,10.0,3,4,2,0.0,,5.0,9,2012.0,A01,138Â 207Â 661,8.0,0.0,-1.0,1725418,1.0,7,,1.0,1.0,2.0,A01,138Â 207Â 661,1.0
1010817,201900052348,3,29,16:20,1,2,1,1.0,6.0,13205,CAMAS (RUE DU),M,"43,2978500","5,3931400",13,2019,50.0,2.0,1.0,4.0,2260453,1.0,1,1,2,0.0,,-1.0, -1,1997.0,A01,138Â 207Â 661,1.0,0.0,-1.0,1725418,1.0,7,,1.0,1.0,2.0,A01,138Â 207Â 661,1.0
1010818,201900052349,7,11,10:45,1,2,1,1.0,6.0,78372,ABREUVOIR (AVENUE DE L'),M,"48,8684600","2,1025000",78,2019,50.0,3.0,1.0,3.0,2260454,1.0,1,3,1,1.0,,-1.0,0,1988.0,A01,138Â 207Â 662,2.0,6.0,-1.0,1725419,1.0,33,,12.0,0.0,1.0,A01,138Â 207Â 662,1.0
1010819,201900052350,3,29,13:50,1,2,3,1.0,6.0,13206,TROIS FRERES (RUE DES),M,"43,2930400","5,3854400",13,2019,50.0,1.0,1.0,4.0,2260455,1.0,1,4,1,4.0,,-1.0,0,1997.0,A01,138Â 207Â 660,2.0,0.0,-1.0,1725420,1.0,30,,0.0,0.0,8.0,A01,138Â 207Â 660,1.0
1010820,201900052351,3,28,15:10,1,2,1,1.0,1.0,13214,AMPERE (BOULEVARD),M,"43,3383700","5,3732920",13,2019,50.0,1.0,1.0,4.0,2260456,1.0,1,4,1,0.0,,-1.0, -1,1988.0,B01,138Â 207Â 655,1.0,8.0,-1.0,1725421,1.0,7,,0.0,2.0,3.0,B01,138Â 207Â 655,1.0
1010820,201900052351,3,28,15:10,1,2,1,1.0,1.0,13214,AMPERE (BOULEVARD),M,"43,3383700","5,3732920",13,2019,50.0,1.0,1.0,4.0,2260456,1.0,1,4,1,0.0,,-1.0, -1,1988.0,B01,138Â 207Â 655,1.0,8.0,-1.0,1725422,2.0,7,,0.0,2.0,3.0,A01,138Â 207Â 657,1.0
1010820,201900052351,3,28,15:10,1,2,1,1.0,1.0,13214,AMPERE (BOULEVARD),M,"43,3383700","5,3732920",13,2019,50.0,1.0,1.0,4.0,2260457,1.0,1,4,1,0.0,,-1.0,0,1997.0,A01,138Â 207Â 657,8.0,8.0,-1.0,1725421,1.0,7,,0.0,2.0,3.0,B01,138Â 207Â 655,1.0
1010820,201900052351,3,28,15:10,1,2,1,1.0,1.0,13214,AMPERE (BOULEVARD),M,"43,3383700","5,3732920",13,2019,50.0,1.0,1.0,4.0,2260457,1.0,1,4,1,0.0,,-1.0,0,1997.0,A01,138Â 207Â 657,8.0,8.0,-1.0,1725422,2.0,7,,0.0,2.0,3.0,A01,138Â 207Â 657,1.0
1010821,201900052352,3,28,13:00,1,2,3,1.0,3.0,13206,GOUFFE (COURS),M,"43,2853900","5,3898100",13,2019,50.0,1.0,1.0,4.0,2260458,1.0,1,1,1,4.0,,-1.0, -1,1975.0,A01,138Â 207Â 651,1.0,0.0,-1.0,1725423,1.0,7,,0.0,2.0,8.0,A01,138Â 207Â 651,1.0
1010821,201900052352,3,28,13:00,1,2,3,1.0,3.0,13206,GOUFFE (COURS),M,"43,2853900","5,3898100",13,2019,50.0,1.0,1.0,4.0,2260458,1.0,1,1,1,4.0,,-1.0, -1,1975.0,A01,138Â 207Â 651,1.0,0.0,-1.0,1725424,2.0,7,,0.0,2.0,1.0,B01,138Â 207Â 652,1.0
1010821,201900052352,3,28,13:00,1,2,3,1.0,3.0,13206,GOUFFE (COURS),M,"43,2853900","5,3898100",13,2019,50.0,1.0,1.0,4.0,2260459,1.0,2,1,1,0.0,,-1.0, -1,1980.0,B01,138Â 207Â 652,1.0,0.0,-1.0,1725423,1.0,7,,0.0,2.0,8.0,A01,138Â 207Â 651,1.0
1010821,201900052352,3,28,13:00,1,2,3,1.0,3.0,13206,GOUFFE (COURS),M,"43,2853900","5,3898100",13,2019,50.0,1.0,1.0,4.0,2260459,1.0,2,1,1,0.0,,-1.0, -1,1980.0,B01,138Â 207Â 652,1.0,0.0,-1.0,1725424,2.0,7,,0.0,2.0,1.0,B01,138Â 207Â 652,1.0
1010821,201900052352,3,28,13:00,1,2,3,1.0,3.0,13206,GOUFFE (COURS),M,"43,2853900","5,3898100",13,2019,50.0,1.0,1.0,4.0,2260460,1.0,1,4,1,9.0,,-1.0, -1,2000.0,B01,138Â 207Â 652,1.0,0.0,-1.0,1725423,1.0,7,,0.0,2.0,8.0,A01,138Â 207Â 651,1.0
1010821,201900052352,3,28,13:00,1,2,3,1.0,3.0,13206,GOUFFE (COURS),M,"43,2853900","5,3898100",13,2019,50.0,1.0,1.0,4.0,2260460,1.0,1,4,1,9.0,,-1.0, -1,2000.0,B01,138Â 207Â 652,1.0,0.0,-1.0,1725424,2.0,7,,0.0,2.0,1.0,B01,138Â 207Â 652,1.0
1010822,201900052353,6,27,18:00,1,2,3,1.0,3.0,78498,DEVAUX BD,M,"48,9293500","2,0428000",78,2019,30.0,1.0,1.0,4.0,2260461,1.0,1,4,2,9.0,,-1.0,0,1995.0,B01,138Â 207Â 649,1.0,0.0,-1.0,1725425,2.0,7,,0.0,2.0,2.0,A01,138Â 207Â 648,0.0
1010822,201900052353,6,27,18:00,1,2,3,1.0,3.0,78498,DEVAUX BD,M,"48,9293500","2,0428000",78,2019,30.0,1.0,1.0,4.0,2260461,1.0,1,4,2,9.0,,-1.0,0,1995.0,B01,138Â 207Â 649,1.0,0.0,-1.0,1725426,1.0,7,,0.0,2.0,3.0,B01,138Â 207Â 649,1.0
1010823,201900052354,3,30,15:30,1,1,1,1.0,2.0,13047,RASSUEN ROUTE DE,M,"43,4971570","4,9752140",13,2019,30.0,1.0,1.0,4.0,2260462,1.0,1,3,1,5.0,,-1.0,0,1937.0,B01,138Â 207Â 647,8.0,0.0,-1.0,1725427,3.0,1,,0.0,2.0,8.0,B01,138Â 207Â 647,0.0
1010823,201900052354,3,30,15:30,1,1,1,1.0,2.0,13047,RASSUEN ROUTE DE,M,"43,4971570","4,9752140",13,2019,30.0,1.0,1.0,4.0,2260462,1.0,1,3,1,5.0,,-1.0,0,1937.0,B01,138Â 207Â 647,8.0,0.0,-1.0,1725428,3.0,7,,0.0,6.0,2.0,A01,138Â 207Â 650,0.0
1010824,201900052355,3,26,20:00,5,2,1,1.0,3.0,13028,BODIN (AVENUE EMILE),M,"43,1892600","5,6042400",13,2019,50.0,1.0,1.0,4.0,2260463,1.0,1,3,1,0.0,,-1.0, -1,1963.0,A01,138Â 207Â 644,2.0,0.0,-1.0,1725429,2.0,32,,0.0,2.0,1.0,A01,138Â 207Â 644,1.0
1010824,201900052355,3,26,20:00,5,2,1,1.0,3.0,13028,BODIN (AVENUE EMILE),M,"43,1892600","5,6042400",13,2019,50.0,1.0,1.0,4.0,2260463,1.0,1,3,1,0.0,,-1.0, -1,1963.0,A01,138Â 207Â 644,2.0,0.0,-1.0,1725430,2.0,7,,0.0,2.0,3.0,B01,138Â 207Â 645,1.0
1010824,201900052355,3,26,20:00,5,2,1,1.0,3.0,13028,BODIN (AVENUE EMILE),M,"43,1892600","5,6042400",13,2019,50.0,1.0,1.0,4.0,2260464,1.0,1,1,1,5.0,,-1.0, -1,1970.0,B01,138Â 207Â 645,1.0,0.0,-1.0,1725429,2.0,32,,0.0,2.0,1.0,A01,138Â 207Â 644,1.0
1010824,201900052355,3,26,20:00,5,2,1,1.0,3.0,13028,BODIN (AVENUE EMILE),M,"43,1892600","5,6042400",13,2019,50.0,1.0,1.0,4.0,2260464,1.0,1,1,1,5.0,,-1.0, -1,1970.0,B01,138Â 207Â 645,1.0,0.0,-1.0,1725430,2.0,7,,0.0,2.0,3.0,B01,138Â 207Â 645,1.0
1010825,201900052356,3,30,04:00,5,2,1,1.0,6.0,13001,ROI RENE (BD DU),M,"43,5241110","5,4514090",13,2019,50.0,2.0,1.0,9.0,2260465,1.0,1,4,1,0.0,,-1.0,0,1994.0,A01,138Â 207Â 641,2.0,8.0,-1.0,1725431,0.0,33,,15.0,0.0,1.0,A01,138Â 207Â 641,1.0
1010826,201900052357,7,10,10:20,1,2,2,1.0,5.0,77152,D372 MONTEBELLUNA(ROND POINT DE),M,"48,5249400","2,6426200",77,2019,50.0,1.0,1.0,3.0,2260466,1.0,1,4,1,5.0,,-1.0,0,1935.0,B01,138Â 207Â 640,1.0,0.0,-1.0,1725432,1.0,7,,15.0,0.0,3.0,B01,138Â 207Â 640,1.0
1010826,201900052357,7,10,10:20,1,2,2,1.0,5.0,77152,D372 MONTEBELLUNA(ROND POINT DE),M,"48,5249400","2,6426200",77,2019,50.0,1.0,1.0,3.0,2260466,1.0,1,4,1,5.0,,-1.0,0,1935.0,B01,138Â 207Â 640,1.0,0.0,-1.0,1725433,1.0,30,,0.0,2.0,8.0,C01,138Â 207Â 642,1.0
1010826,201900052357,7,10,10:20,1,2,2,1.0,5.0,77152,D372 MONTEBELLUNA(ROND POINT DE),M,"48,5249400","2,6426200",77,2019,50.0,1.0,1.0,3.0,2260466,1.0,1,4,1,5.0,,-1.0,0,1935.0,B01,138Â 207Â 640,1.0,0.0,-1.0,1725434,1.0,7,,0.0,2.0,1.0,A01,138Â 207Â 643,1.0
1010826,201900052357,7,10,10:20,1,2,2,1.0,5.0,77152,D372 MONTEBELLUNA(ROND POINT DE),M,"48,5249400","2,6426200",77,2019,50.0,1.0,1.0,3.0,2260467,1.0,1,2,1,5.0,,-1.0,0,1987.0,C01,138Â 207Â 642,2.0,8.0,-1.0,1725432,1.0,7,,15.0,0.0,3.0,B01,138Â 207Â 640,1.0
1010826,201900052357,7,10,10:20,1,2,2,1.0,5.0,77152,D372 MONTEBELLUNA(ROND POINT DE),M,"48,5249400","2,6426200",77,2019,50.0,1.0,1.0,3.0,2260467,1.0,1,2,1,5.0,,-1.0,0,1987.0,C01,138Â 207Â 642,2.0,8.0,-1.0,1725433,1.0,30,,0.0,2.0,8.0,C01,138Â 207Â 642,1.0
1010826,201900052357,7,10,10:20,1,2,2,1.0,5.0,77152,D372 MONTEBELLUNA(ROND POINT DE),M,"48,5249400","2,6426200",77,2019,50.0,1.0,1.0,3.0,2260467,1.0,1,2,1,5.0,,-1.0,0,1987.0,C01,138Â 207Â 642,2.0,8.0,-1.0,1725434,1.0,7,,0.0,2.0,1.0,A01,138Â 207Â 643,1.0
1010826,201900052357,7,10,10:20,1,2,2,1.0,5.0,77152,D372 MONTEBELLUNA(ROND POINT DE),M,"48,5249400","2,6426200",77,2019,50.0,1.0,1.0,3.0,2260468,1.0,1,1,2,5.0,,-1.0,0,1959.0,A01,138Â 207Â 643,1.0,8.0,-1.0,1725432,1.0,7,,15.0,0.0,3.0,B01,138Â 207Â 640,1.0
1010826,201900052357,7,10,10:20,1,2,2,1.0,5.0,77152,D372 MONTEBELLUNA(ROND POINT DE),M,"48,5249400","2,6426200",77,2019,50.0,1.0,1.0,3.0,2260468,1.0,1,1,2,5.0,,-1.0,0,1959.0,A01,138Â 207Â 643,1.0,8.0,-1.0,1725433,1.0,30,,0.0,2.0,8.0,C01,138Â 207Â 642,1.0
1010826,201900052357,7,10,10:20,1,2,2,1.0,5.0,77152,D372 MONTEBELLUNA(ROND POINT DE),M,"48,5249400","2,6426200",77,2019,50.0,1.0,1.0,3.0,2260468,1.0,1,1,2,5.0,,-1.0,0,1959.0,A01,138Â 207Â 643,1.0,8.0,-1.0,1725434,1.0,7,,0.0,2.0,1.0,A01,138Â 207Â 643,1.0
1010827,201900052358,3,29,16:00,1,2,1,1.0,2.0,13001,VAIR GUILLAUME DU (RUE),M,"43,5076440","5,4024620",13,2019,50.0,1.0,1.0,4.0,2260469,1.0,1,4,1,4.0,,-1.0,0,1957.0,B01,138Â 207Â 637,2.0,6.0,-1.0,1725435,2.0,33,,0.0,2.0,4.0,B01,138Â 207Â 637,1.0
1010827,201900052358,3,29,16:00,1,2,1,1.0,2.0,13001,VAIR GUILLAUME DU (RUE),M,"43,5076440","5,4024620",13,2019,50.0,1.0,1.0,4.0,2260469,1.0,1,4,1,4.0,,-1.0,0,1957.0,B01,138Â 207Â 637,2.0,6.0,-1.0,1725436,2.0,10,,0.0,2.0,1.0,A01,138Â 207Â 639,1.0
1010827,201900052358,3,29,16:00,1,2,1,1.0,2.0,13001,VAIR GUILLAUME DU (RUE),M,"43,5076440","5,4024620",13,2019,50.0,1.0,1.0,4.0,2260470,1.0,1,1,1,4.0,,-1.0,0,1990.0,A01,138Â 207Â 639,1.0,8.0,-1.0,1725435,2.0,33,,0.0,2.0,4.0,B01,138Â 207Â 637,1.0
1010827,201900052358,3,29,16:00,1,2,1,1.0,2.0,13001,VAIR GUILLAUME DU (RUE),M,"43,5076440","5,4024620",13,2019,50.0,1.0,1.0,4.0,2260470,1.0,1,1,1,4.0,,-1.0,0,1990.0,A01,138Â 207Â 639,1.0,8.0,-1.0,1725436,2.0,10,,0.0,2.0,1.0,A01,138Â 207Â 639,1.0
1010828,201900052359,3,26,17:00,1,1,1,1.0,3.0,11069,ROCADE OUEST,M,"43,2181300","2,3234700",11,2019,80.0,1.0,1.0,3.0,2260471,4.0,2,1,1,2.0,,0.0,0,2007.0,B01,138Â 207Â 634,1.0,0.0,-1.0,1725437,2.0,7,,0.0,2.0,2.0,B01,138Â 207Â 634,1.0
1010828,201900052359,3,26,17:00,1,1,1,1.0,3.0,11069,ROCADE OUEST,M,"43,2181300","2,3234700",11,2019,80.0,1.0,1.0,3.0,2260471,4.0,2,1,1,2.0,,0.0,0,2007.0,B01,138Â 207Â 634,1.0,0.0,-1.0,1725438,2.0,7,,0.0,2.0,3.0,A01,138Â 207Â 635,1.0
1010828,201900052359,3,26,17:00,1,1,1,1.0,3.0,11069,ROCADE OUEST,M,"43,2181300","2,3234700",11,2019,80.0,1.0,1.0,3.0,2260472,1.0,1,4,1,5.0,,0.0,0,1951.0,B01,138Â 207Â 634,1.0,0.0,-1.0,1725437,2.0,7,,0.0,2.0,2.0,B01,138Â 207Â 634,1.0
1010828,201900052359,3,26,17:00,1,1,1,1.0,3.0,11069,ROCADE OUEST,M,"43,2181300","2,3234700",11,2019,80.0,1.0,1.0,3.0,2260472,1.0,1,4,1,5.0,,0.0,0,1951.0,B01,138Â 207Â 634,1.0,0.0,-1.0,1725438,2.0,7,,0.0,2.0,3.0,A01,138Â 207Â 635,1.0
1010828,201900052359,3,26,17:00,1,1,1,1.0,3.0,11069,ROCADE OUEST,M,"43,2181300","2,3234700",11,2019,80.0,1.0,1.0,3.0,2260473,2.0,2,4,2,5.0,,0.0,0,1959.0,B01,138Â 207Â 634,1.0,0.0,-1.0,1725437,2.0,7,,0.0,2.0,2.0,B01,138Â 207Â 634,1.0
1010828,201900052359,3,26,17:00,1,1,1,1.0,3.0,11069,ROCADE OUEST,M,"43,2181300","2,3234700",11,2019,80.0,1.0,1.0,3.0,2260473,2.0,2,4,2,5.0,,0.0,0,1959.0,B01,138Â 207Â 634,1.0,0.0,-1.0,1725438,2.0,7,,0.0,2.0,3.0,A01,138Â 207Â 635,1.0
1010828,201900052359,3,26,17:00,1,1,1,1.0,3.0,11069,ROCADE OUEST,M,"43,2181300","2,3234700",11,2019,80.0,1.0,1.0,3.0,2260474,3.0,2,1,1,5.0,,0.0,0,1981.0,B01,138Â 207Â 634,1.0,0.0,-1.0,1725437,2.0,7,,0.0,2.0,2.0,B01,138Â 207Â 634,1.0
1010828,201900052359,3,26,17:00,1,1,1,1.0,3.0,11069,ROCADE OUEST,M,"43,2181300","2,3234700",11,2019,80.0,1.0,1.0,3.0,2260474,3.0,2,1,1,5.0,,0.0,0,1981.0,B01,138Â 207Â 634,1.0,0.0,-1.0,1725438,2.0,7,,0.0,2.0,3.0,A01,138Â 207Â 635,1.0
1010828,201900052359,3,26,17:00,1,1,1,1.0,3.0,11069,ROCADE OUEST,M,"43,2181300","2,3234700",11,2019,80.0,1.0,1.0,3.0,2260475,1.0,1,4,2,1.0,,0.0,0,1979.0,A01,138Â 207Â 635,1.0,0.0,-1.0,1725437,2.0,7,,0.0,2.0,2.0,B01,138Â 207Â 634,1.0
1010828,201900052359,3,26,17:00,1,1,1,1.0,3.0,11069,ROCADE OUEST,M,"43,2181300","2,3234700",11,2019,80.0,1.0,1.0,3.0,2260475,1.0,1,4,2,1.0,,0.0,0,1979.0,A01,138Â 207Â 635,1.0,0.0,-1.0,1725438,2.0,7,,0.0,2.0,3.0,A01,138Â 207Â 635,1.0
1010829,201900052360,3,30,16:00,1,2,1,1.0,6.0,06088,DEUDON (RUE YON),M,"43,7013390","7,2684663",6,2019,20.0,1.0,1.0,4.0,2260476,10.0,3,1,2,0.0,,9.0,3,1990.0,A01,138Â 207Â 627,8.0,0.0,8.0,1725439,0.0,30,,0.0,1.0,6.0,A01,138Â 207Â 627,1.0
1010829,201900052360,3,30,16:00,1,2,1,1.0,6.0,06088,DEUDON (RUE YON),M,"43,7013390","7,2684663",6,2019,20.0,1.0,1.0,4.0,2260477,10.0,3,4,1,0.0,,9.0,3,2013.0,A01,138Â 207Â 627,8.0,8.0,8.0,1725439,0.0,30,,0.0,1.0,6.0,A01,138Â 207Â 627,1.0
1010829,201900052360,3,30,16:00,1,2,1,1.0,6.0,06088,DEUDON (RUE YON),M,"43,7013390","7,2684663",6,2019,20.0,1.0,1.0,4.0,2260478,2.0,2,1,1,0.0,,0.0,0,2002.0,A01,138Â 207Â 627,2.0,0.0,-1.0,1725439,0.0,30,,0.0,1.0,6.0,A01,138Â 207Â 627,1.0
1010829,201900052360,3,30,16:00,1,2,1,1.0,6.0,06088,DEUDON (RUE YON),M,"43,7013390","7,2684663",6,2019,20.0,1.0,1.0,4.0,2260479,1.0,1,1,1,0.0,,0.0,0,2002.0,A01,138Â 207Â 627,2.0,0.0,-1.0,1725439,0.0,30,,0.0,1.0,6.0,A01,138Â 207Â 627,1.0
1010830,201900052361,7,11,10:30,1,2,2,1.0,3.0,76322,POUDRIERE. CHEMIN DE LA,M,"49,3963708","1,0610175",76,2019,50.0,1.0,1.0,3.0,2260480,1.0,1,1,2,0.0,,0.0,0,1983.0,B01,138Â 207Â 628,1.0,0.0,-1.0,1725440,2.0,7,,0.0,2.0,1.0,B01,138Â 207Â 628,1.0
1010830,201900052361,7,11,10:30,1,2,2,1.0,3.0,76322,POUDRIERE. CHEMIN DE LA,M,"49,3963708","1,0610175",76,2019,50.0,1.0,1.0,3.0,2260480,1.0,1,1,2,0.0,,0.0,0,1983.0,B01,138Â 207Â 628,1.0,0.0,-1.0,1725441,0.0,7,,0.0,2.0,7.0,A01,138Â 207Â 629,1.0
1010830,201900052361,7,11,10:30,1,2,2,1.0,3.0,76322,POUDRIERE. CHEMIN DE LA,M,"49,3963708","1,0610175",76,2019,50.0,1.0,1.0,3.0,2260481,1.0,1,4,2,0.0,,0.0,0,1988.0,A01,138Â 207Â 629,1.0,0.0,-1.0,1725440,2.0,7,,0.0,2.0,1.0,B01,138Â 207Â 628,1.0
1010830,201900052361,7,11,10:30,1,2,2,1.0,3.0,76322,POUDRIERE. CHEMIN DE LA,M,"49,3963708","1,0610175",76,2019,50.0,1.0,1.0,3.0,2260481,1.0,1,4,2,0.0,,0.0,0,1988.0,A01,138Â 207Â 629,1.0,0.0,-1.0,1725441,0.0,7,,0.0,2.0,7.0,A01,138Â 207Â 629,1.0
1010831,201900052362,3,29,14:05,1,2,9,1.0,1.0,06088,VAUBAN (R. MARECHAL),M,"43,7116000","7,2864200",6,2019,50.0,1.0,1.0,4.0,2260482,1.0,1,4,1,5.0,,-1.0, -1,1990.0,B01,138Â 207Â 625,1.0,0.0,-1.0,1725442,2.0,7,,0.0,2.0,1.0,B01,138Â 207Â 625,1.0
1010831,201900052362,3,29,14:05,1,2,9,1.0,1.0,06088,VAUBAN (R. MARECHAL),M,"43,7116000","7,2864200",6,2019,50.0,1.0,1.0,4.0,2260482,1.0,1,4,1,5.0,,-1.0, -1,1990.0,B01,138Â 207Â 625,1.0,0.0,-1.0,1725443,1.0,7,,0.0,2.0,2.0,A01,138Â 207Â 626,1.0
1010831,201900052362,3,29,14:05,1,2,9,1.0,1.0,06088,VAUBAN (R. MARECHAL),M,"43,7116000","7,2864200",6,2019,50.0,1.0,1.0,4.0,2260483,1.0,1,4,1,5.0,,-1.0, -1,1998.0,A01,138Â 207Â 626,1.0,0.0,-1.0,1725442,2.0,7,,0.0,2.0,1.0,B01,138Â 207Â 625,1.0
1010831,201900052362,3,29,14:05,1,2,9,1.0,1.0,06088,VAUBAN (R. MARECHAL),M,"43,7116000","7,2864200",6,2019,50.0,1.0,1.0,4.0,2260483,1.0,1,4,1,5.0,,-1.0, -1,1998.0,A01,138Â 207Â 626,1.0,0.0,-1.0,1725443,1.0,7,,0.0,2.0,2.0,A01,138Â 207Â 626,1.0
1010832,201900052363,7,11,13:00,1,2,2,1.0,3.0,76540,MALOUET. RUE,M,"49,4322700","1,0913900",76,2019,50.0,1.0,1.0,4.0,2260484,1.0,1,1,2,5.0,,0.0,0,1962.0,A01,138Â 207Â 623,1.0,0.0,-1.0,1725444,0.0,7,,0.0,2.0,2.0,A01,138Â 207Â 623,1.0
1010832,201900052363,7,11,13:00,1,2,2,1.0,3.0,76540,MALOUET. RUE,M,"49,4322700","1,0913900",76,2019,50.0,1.0,1.0,4.0,2260484,1.0,1,1,2,5.0,,0.0,0,1962.0,A01,138Â 207Â 623,1.0,0.0,-1.0,1725445,0.0,50,,0.0,2.0,7.0,B01,138Â 207Â 624,3.0
1010832,201900052363,7,11,13:00,1,2,2,1.0,3.0,76540,MALOUET. RUE,M,"49,4322700","1,0913900",76,2019,50.0,1.0,1.0,4.0,2260485,1.0,1,4,2,5.0,,0.0,0,1965.0,B01,138Â 207Â 624,8.0,0.0,-1.0,1725444,0.0,7,,0.0,2.0,2.0,A01,138Â 207Â 623,1.0
1010832,201900052363,7,11,13:00,1,2,2,1.0,3.0,76540,MALOUET. RUE,M,"49,4322700","1,0913900",76,2019,50.0,1.0,1.0,4.0,2260485,1.0,1,4,2,5.0,,0.0,0,1965.0,B01,138Â 207Â 624,8.0,0.0,-1.0,1725445,0.0,50,,0.0,2.0,7.0,B01,138Â 207Â 624,3.0
1010833,201900052364,7,10,23:05,3,1,1,1.0,7.0,76157,MAUPASSANT. COTE GUY DE,M,"49,4475600","1,0439400",76,2019,50.0,1.0,1.0,3.0,2260486,1.0,1,4,2,5.0,,0.0,0,1991.0,A01,138Â 207Â 622,1.0,0.0,-1.0,1725446,0.0,7,,8.0,0.0,7.0,A01,138Â 207Â 622,1.0
1010834,201900052365,3,30,02:26,5,2,1,1.0,6.0,06104,KENNEDY (AVENUE PRESIDENT),M,"43,7544600","7,4407200",6,2019,50.0,1.0,1.0,3.0,2260487,1.0,1,2,1,5.0,,0.0,0,1969.0,A01,138Â 207Â 621,8.0,0.0,-1.0,1725447,1.0,32,,2.0,0.0,2.0,A01,138Â 207Â 621,1.0
1010835,201900052366,7,10,13:35,1,1,1,1.0,4.0,76540,MATHILDE. PONT,M,"49,4301700","1,1010900",76,2019,70.0,1.0,1.0,3.0,2260488,1.0,1,1,1,4.0,,0.0,0,1968.0,C01,138Â 207Â 616,1.0,0.0,-1.0,1725448,1.0,17,,0.0,2.0,4.0,C01,138Â 207Â 616,1.0
1010835,201900052366,7,10,13:35,1,1,1,1.0,4.0,76540,MATHILDE. PONT,M,"49,4301700","1,1010900",76,2019,70.0,1.0,1.0,3.0,2260488,1.0,1,1,1,4.0,,0.0,0,1968.0,C01,138Â 207Â 616,1.0,0.0,-1.0,1725449,1.0,7,,0.0,2.0,5.0,B01,138Â 207Â 618,1.0
1010835,201900052366,7,10,13:35,1,1,1,1.0,4.0,76540,MATHILDE. PONT,M,"49,4301700","1,1010900",76,2019,70.0,1.0,1.0,3.0,2260488,1.0,1,1,1,4.0,,0.0,0,1968.0,C01,138Â 207Â 616,1.0,0.0,-1.0,1725450,1.0,7,,0.0,2.0,1.0,A01,138Â 207Â 620,1.0
1010835,201900052366,7,10,13:35,1,1,1,1.0,4.0,76540,MATHILDE. PONT,M,"49,4301700","1,1010900",76,2019,70.0,1.0,1.0,3.0,2260489,1.0,1,4,2,9.0,,0.0,0,1969.0,B01,138Â 207Â 618,1.0,0.0,-1.0,1725448,1.0,17,,0.0,2.0,4.0,C01,138Â 207Â 616,1.0
1010835,201900052366,7,10,13:35,1,1,1,1.0,4.0,76540,MATHILDE. PONT,M,"49,4301700","1,1010900",76,2019,70.0,1.0,1.0,3.0,2260489,1.0,1,4,2,9.0,,0.0,0,1969.0,B01,138Â 207Â 618,1.0,0.0,-1.0,1725449,1.0,7,,0.0,2.0,5.0,B01,138Â 207Â 618,1.0
1010835,201900052366,7,10,13:35,1,1,1,1.0,4.0,76540,MATHILDE. PONT,M,"49,4301700","1,1010900",76,2019,70.0,1.0,1.0,3.0,2260489,1.0,1,4,2,9.0,,0.0,0,1969.0,B01,138Â 207Â 618,1.0,0.0,-1.0,1725450,1.0,7,,0.0,2.0,1.0,A01,138Â 207Â 620,1.0
1010835,201900052366,7,10,13:35,1,1,1,1.0,4.0,76540,MATHILDE. PONT,M,"49,4301700","1,1010900",76,2019,70.0,1.0,1.0,3.0,2260490,1.0,1,1,1,5.0,,0.0,0,1992.0,A01,138Â 207Â 620,1.0,0.0,-1.0,1725448,1.0,17,,0.0,2.0,4.0,C01,138Â 207Â 616,1.0
1010835,201900052366,7,10,13:35,1,1,1,1.0,4.0,76540,MATHILDE. PONT,M,"49,4301700","1,1010900",76,2019,70.0,1.0,1.0,3.0,2260490,1.0,1,1,1,5.0,,0.0,0,1992.0,A01,138Â 207Â 620,1.0,0.0,-1.0,1725449,1.0,7,,0.0,2.0,5.0,B01,138Â 207Â 618,1.0
1010835,201900052366,7,10,13:35,1,1,1,1.0,4.0,76540,MATHILDE. PONT,M,"49,4301700","1,1010900",76,2019,70.0,1.0,1.0,3.0,2260490,1.0,1,1,1,5.0,,0.0,0,1992.0,A01,138Â 207Â 620,1.0,0.0,-1.0,1725450,1.0,7,,0.0,2.0,1.0,A01,138Â 207Â 620,1.0
1010836,201900052367,3,29,19:55,5,2,1,1.0,2.0,06027,RENOIR AVENUE AUGUSTE,M,"43,6650100","7,1529000",6,2019,50.0,1.0,1.0,7.0,2260491,2.0,2,1,1,5.0,,0.0,0,2001.0,A01,138Â 207Â 610,1.0,0.0,-1.0,1725451,1.0,7,,0.0,2.0,1.0,A01,138Â 207Â 610,1.0