Unnamed: 0_x,num_acc,mois,jour,hrmn,lum,agg,int,atm,col,com,adr,gps,lat,long,dep,annee,vma,situ,surf,catr,Unnamed: 0_y,place,catu,grav,sexe,trajet,secu,locp,actp,an_nais,num_veh_x,id_vehicule_x,secu1,secu2,secu3,Unnamed: 0,senc,catv,occutc,obs,obsm,choc,num_veh_y,id_vehicule_y,motor
1010836,201900052367,3,29,19:55,5,2,1,1.0,2.0,06027,RENOIR AVENUE AUGUSTE,M,"43,6650100","7,1529000",6,2019,50.0,1.0,1.0,7.0,2260491,2.0,2,1,1,5.0,,0.0,0,2001.0,A01,138Â 207Â 610,1.0,0.0,-1.0,1725452,1.0,7,,0.0,1.0,4.0,B01,138Â 207Â 611,1.0
1010836,201900052367,3,29,19:55,5,2,1,1.0,2.0,06027,RENOIR AVENUE AUGUSTE,M,"43,6650100","7,1529000",6,2019,50.0,1.0,1.0,7.0,2260492,10.0,3,1,1,5.0,,3.0,3,1967.0,A01,138Â 207Â 610,8.0,0.0,-1.0,1725451,1.0,7,,0.0,2.0,1.0,A01,138Â 207Â 610,1.0
1010836,201900052367,3,29,19:55,5,2,1,1.0,2.0,06027,RENOIR AVENUE AUGUSTE,M,"43,6650100","7,1529000",6,2019,50.0,1.0,1.0,7.0,2260492,10.0,3,1,1,5.0,,3.0,3,1967.0,A01,138Â 207Â 610,8.0,0.0,-1.0,1725452,1.0,7,,0.0,1.0,4.0,B01,138Â 207Â 611,1.0
1010836,201900052367,3,29,19:55,5,2,1,1.0,2.0,06027,RENOIR AVENUE AUGUSTE,M,"43,6650100","7,1529000",6,2019,50.0,1.0,1.0,7.0,2260493,1.0,1,1,1,5.0,,0.0,0,2001.0,A01,138Â 207Â 610,1.0,0.0,-1.0,1725451,1.0,7,,0.0,2.0,1.0,A01,138Â 207Â 610,1.0
1010836,201900052367,3,29,19:55,5,2,1,1.0,2.0,06027,RENOIR AVENUE AUGUSTE,M,"43,6650100","7,1529000",6,2019,50.0,1.0,1.0,7.0,2260493,1.0,1,1,1,5.0,,0.0,0,2001.0,A01,138Â 207Â 610,1.0,0.0,-1.0,1725452,1.0,7,,0.0,1.0,4.0,B01,138Â 207Â 611,1.0
1010836,201900052367,3,29,19:55,5,2,1,1.0,2.0,06027,RENOIR AVENUE AUGUSTE,M,"43,6650100","7,1529000",6,2019,50.0,1.0,1.0,7.0,2260494,2.0,2,4,1,5.0,,0.0,0,2003.0,B01,138Â 207Â 611,1.0,0.0,-1.0,1725451,1.0,7,,0.0,2.0,1.0,A01,138Â 207Â 610,1.0
1010836,201900052367,3,29,19:55,5,2,1,1.0,2.0,06027,RENOIR AVENUE AUGUSTE,M,"43,6650100","7,1529000",6,2019,50.0,1.0,1.0,7.0,2260494,2.0,2,4,1,5.0,,0.0,0,2003.0,B01,138Â 207Â 611,1.0,0.0,-1.0,1725452,1.0,7,,0.0,1.0,4.0,B01,138Â 207Â 611,1.0
1010836,201900052367,3,29,19:55,5,2,1,1.0,2.0,06027,RENOIR AVENUE AUGUSTE,M,"43,6650100","7,1529000",6,2019,50.0,1.0,1.0,7.0,2260495,1.0,1,1,1,5.0,,0.0,0,1999.0,B01,138Â 207Â 611,1.0,0.0,-1.0,1725451,1.0,7,,0.0,2.0,1.0,A01,138Â 207Â 610,1.0
1010836,201900052367,3,29,19:55,5,2,1,1.0,2.0,06027,RENOIR AVENUE AUGUSTE,M,"43,6650100","7,1529000",6,2019,50.0,1.0,1.0,7.0,2260495,1.0,1,1,1,5.0,,0.0,0,1999.0,B01,138Â 207Â 611,1.0,0.0,-1.0,1725452,1.0,7,,0.0,1.0,4.0,B01,138Â 207Â 611,1.0
1010837,201900052368,3,28,12:20,1,2,1,1.0,4.0,06027,VAL FLEURI CHEMIN DU,M,"43,6632010","7,1722430",6,2019,50.0,1.0,1.0,4.0,2260496,1.0,1,1,2,1.0,,0.0,0,1972.0,A01,138Â 207Â 604,1.0,0.0,-1.0,1725453,3.0,10,,0.0,2.0,1.0,A01,138Â 207Â 604,1.0
1010837,201900052368,3,28,12:20,1,2,1,1.0,4.0,06027,VAL FLEURI CHEMIN DU,M,"43,6632010","7,1722430",6,2019,50.0,1.0,1.0,4.0,2260496,1.0,1,1,2,1.0,,0.0,0,1972.0,A01,138Â 207Â 604,1.0,0.0,-1.0,1725454,0.0,7,,0.0,2.0,4.0,C01,138Â 207Â 606,1.0
1010837,201900052368,3,28,12:20,1,2,1,1.0,4.0,06027,VAL FLEURI CHEMIN DU,M,"43,6632010","7,1722430",6,2019,50.0,1.0,1.0,4.0,2260496,1.0,1,1,2,1.0,,0.0,0,1972.0,A01,138Â 207Â 604,1.0,0.0,-1.0,1725455,3.0,7,,0.0,2.0,4.0,B01,138Â 207Â 607,1.0
1010837,201900052368,3,28,12:20,1,2,1,1.0,4.0,06027,VAL FLEURI CHEMIN DU,M,"43,6632010","7,1722430",6,2019,50.0,1.0,1.0,4.0,2260497,1.0,1,4,2,1.0,,0.0,0,1994.0,C01,138Â 207Â 606,1.0,0.0,-1.0,1725453,3.0,10,,0.0,2.0,1.0,A01,138Â 207Â 604,1.0
1010837,201900052368,3,28,12:20,1,2,1,1.0,4.0,06027,VAL FLEURI CHEMIN DU,M,"43,6632010","7,1722430",6,2019,50.0,1.0,1.0,4.0,2260497,1.0,1,4,2,1.0,,0.0,0,1994.0,C01,138Â 207Â 606,1.0,0.0,-1.0,1725454,0.0,7,,0.0,2.0,4.0,C01,138Â 207Â 606,1.0
1010837,201900052368,3,28,12:20,1,2,1,1.0,4.0,06027,VAL FLEURI CHEMIN DU,M,"43,6632010","7,1722430",6,2019,50.0,1.0,1.0,4.0,2260497,1.0,1,4,2,1.0,,0.0,0,1994.0,C01,138Â 207Â 606,1.0,0.0,-1.0,1725455,3.0,7,,0.0,2.0,4.0,B01,138Â 207Â 607,1.0
1010837,201900052368,3,28,12:20,1,2,1,1.0,4.0,06027,VAL FLEURI CHEMIN DU,M,"43,6632010","7,1722430",6,2019,50.0,1.0,1.0,4.0,2260498,1.0,1,1,1,1.0,,0.0,0,1965.0,B01,138Â 207Â 607,1.0,0.0,-1.0,1725453,3.0,10,,0.0,2.0,1.0,A01,138Â 207Â 604,1.0
1010837,201900052368,3,28,12:20,1,2,1,1.0,4.0,06027,VAL FLEURI CHEMIN DU,M,"43,6632010","7,1722430",6,2019,50.0,1.0,1.0,4.0,2260498,1.0,1,1,1,1.0,,0.0,0,1965.0,B01,138Â 207Â 607,1.0,0.0,-1.0,1725454,0.0,7,,0.0,2.0,4.0,C01,138Â 207Â 606,1.0
1010837,201900052368,3,28,12:20,1,2,1,1.0,4.0,06027,VAL FLEURI CHEMIN DU,M,"43,6632010","7,1722430",6,2019,50.0,1.0,1.0,4.0,2260498,1.0,1,1,1,1.0,,0.0,0,1965.0,B01,138Â 207Â 607,1.0,0.0,-1.0,1725455,3.0,7,,0.0,2.0,4.0,B01,138Â 207Â 607,1.0
1010838,201900052369,3,28,10:45,1,2,9,1.0,3.0,06004,GAROUPE BD DE LA,M,"43,5553345","7,1336321",6,2019,50.0,1.0,1.0,4.0,2260499,1.0,1,3,1,5.0,,0.0,0,1956.0,B01,138Â 207Â 601,2.0,0.0,-1.0,1725456,2.0,1,,0.0,2.0,1.0,B01,138Â 207Â 601,5.0
1010838,201900052369,3,28,10:45,1,2,9,1.0,3.0,06004,GAROUPE BD DE LA,M,"43,5553345","7,1336321",6,2019,50.0,1.0,1.0,4.0,2260499,1.0,1,3,1,5.0,,0.0,0,1956.0,B01,138Â 207Â 601,2.0,0.0,-1.0,1725457,2.0,1,,0.0,2.0,3.0,A01,138Â 207Â 602,5.0
1010838,201900052369,3,28,10:45,1,2,9,1.0,3.0,06004,GAROUPE BD DE LA,M,"43,5553345","7,1336321",6,2019,50.0,1.0,1.0,4.0,2260500,1.0,1,3,2,5.0,,0.0,0,1956.0,A01,138Â 207Â 602,2.0,0.0,-1.0,1725456,2.0,1,,0.0,2.0,1.0,B01,138Â 207Â 601,5.0
1010838,201900052369,3,28,10:45,1,2,9,1.0,3.0,06004,GAROUPE BD DE LA,M,"43,5553345","7,1336321",6,2019,50.0,1.0,1.0,4.0,2260500,1.0,1,3,2,5.0,,0.0,0,1956.0,A01,138Â 207Â 602,2.0,0.0,-1.0,1725457,2.0,1,,0.0,2.0,3.0,A01,138Â 207Â 602,5.0
1010839,201900052370,3,16,12:00,1,2,2,1.0,3.0,04112,RD 4096 / Av RenÃ© Cassin,M,"43,8217700","5,7875800",4,2019,50.0,1.0,1.0,3.0,2260501,1.0,1,1,2,5.0,,-1.0, -1,1973.0,D01,138Â 207Â 596,1.0,-1.0,-1.0,1725458,2.0,7,,0.0,2.0,3.0,D01,138Â 207Â 596,1.0
1010839,201900052370,3,16,12:00,1,2,2,1.0,3.0,04112,RD 4096 / Av RenÃ© Cassin,M,"43,8217700","5,7875800",4,2019,50.0,1.0,1.0,3.0,2260501,1.0,1,1,2,5.0,,-1.0, -1,1973.0,D01,138Â 207Â 596,1.0,-1.0,-1.0,1725459,1.0,33,,0.0,2.0,1.0,C01,138Â 207Â 598,-1.0
1010839,201900052370,3,16,12:00,1,2,2,1.0,3.0,04112,RD 4096 / Av RenÃ© Cassin,M,"43,8217700","5,7875800",4,2019,50.0,1.0,1.0,3.0,2260502,1.0,1,4,1,5.0,,-1.0, -1,1997.0,C01,138Â 207Â 598,2.0,-1.0,-1.0,1725458,2.0,7,,0.0,2.0,3.0,D01,138Â 207Â 596,1.0
1010839,201900052370,3,16,12:00,1,2,2,1.0,3.0,04112,RD 4096 / Av RenÃ© Cassin,M,"43,8217700","5,7875800",4,2019,50.0,1.0,1.0,3.0,2260502,1.0,1,4,1,5.0,,-1.0, -1,1997.0,C01,138Â 207Â 598,2.0,-1.0,-1.0,1725459,1.0,33,,0.0,2.0,1.0,C01,138Â 207Â 598,-1.0
1010840,201900052371,7,11,15:30,1,2,1,1.0,3.0,72181,LEDRU ROLLIN QUAI NÂ° 103 ET plus,M,"47,9958100","0,2073800",72,2019,50.0,1.0,1.0,4.0,2260503,1.0,1,1,1,0.0,,0.0,0,1937.0,A01,138Â 207Â 593,1.0,0.0,-1.0,1725460,1.0,7,,0.0,2.0,2.0,A01,138Â 207Â 593,1.0
1010840,201900052371,7,11,15:30,1,2,1,1.0,3.0,72181,LEDRU ROLLIN QUAI NÂ° 103 ET plus,M,"47,9958100","0,2073800",72,2019,50.0,1.0,1.0,4.0,2260503,1.0,1,1,1,0.0,,0.0,0,1937.0,A01,138Â 207Â 593,1.0,0.0,-1.0,1725461,1.0,33,,0.0,2.0,7.0,B01,138Â 207Â 594,1.0
1010840,201900052371,7,11,15:30,1,2,1,1.0,3.0,72181,LEDRU ROLLIN QUAI NÂ° 103 ET plus,M,"47,9958100","0,2073800",72,2019,50.0,1.0,1.0,4.0,2260504,2.0,2,4,2,0.0,,0.0,0,2000.0,B01,138Â 207Â 594,2.0,6.0,-1.0,1725460,1.0,7,,0.0,2.0,2.0,A01,138Â 207Â 593,1.0
1010840,201900052371,7,11,15:30,1,2,1,1.0,3.0,72181,LEDRU ROLLIN QUAI NÂ° 103 ET plus,M,"47,9958100","0,2073800",72,2019,50.0,1.0,1.0,4.0,2260504,2.0,2,4,2,0.0,,0.0,0,2000.0,B01,138Â 207Â 594,2.0,6.0,-1.0,1725461,1.0,33,,0.0,2.0,7.0,B01,138Â 207Â 594,1.0
1010840,201900052371,7,11,15:30,1,2,1,1.0,3.0,72181,LEDRU ROLLIN QUAI NÂ° 103 ET plus,M,"47,9958100","0,2073800",72,2019,50.0,1.0,1.0,4.0,2260505,1.0,1,1,1,0.0,,0.0,0,1971.0,B01,138Â 207Â 594,2.0,6.0,-1.0,1725460,1.0,7,,0.0,2.0,2.0,A01,138Â 207Â 593,1.0
1010840,201900052371,7,11,15:30,1,2,1,1.0,3.0,72181,LEDRU ROLLIN QUAI NÂ° 103 ET plus,M,"47,9958100","0,2073800",72,2019,50.0,1.0,1.0,4.0,2260505,1.0,1,1,1,0.0,,0.0,0,1971.0,B01,138Â 207Â 594,2.0,6.0,-1.0,1725461,1.0,33,,0.0,2.0,7.0,B01,138Â 207Â 594,1.0
1010841,201900052372,3,30,13:10,1,2,1,1.0,4.0,75116,ECHANGEUR MUETTE,M,"48,8642390","2,2666410",75,2019,70.0,1.0,1.0,4.0,2260506,1.0,1,4,2,5.0,,0.0,0,1993.0,A01,138Â 207Â 588,1.0,0.0,-1.0,1725462,2.0,7,,0.0,2.0,1.0,A01,138Â 207Â 588,1.0
1010841,201900052372,3,30,13:10,1,2,1,1.0,4.0,75116,ECHANGEUR MUETTE,M,"48,8642390","2,2666410",75,2019,70.0,1.0,1.0,4.0,2260506,1.0,1,4,2,5.0,,0.0,0,1993.0,A01,138Â 207Â 588,1.0,0.0,-1.0,1725463,2.0,7,,0.0,2.0,4.0,B01,138Â 207Â 590,1.0
1010841,201900052372,3,30,13:10,1,2,1,1.0,4.0,75116,ECHANGEUR MUETTE,M,"48,8642390","2,2666410",75,2019,70.0,1.0,1.0,4.0,2260506,1.0,1,4,2,5.0,,0.0,0,1993.0,A01,138Â 207Â 588,1.0,0.0,-1.0,1725464,2.0,7,,0.0,2.0,4.0,C01,138Â 207Â 592,1.0
1010841,201900052372,3,30,13:10,1,2,1,1.0,4.0,75116,ECHANGEUR MUETTE,M,"48,8642390","2,2666410",75,2019,70.0,1.0,1.0,4.0,2260507,1.0,1,1,2,5.0,,0.0,0,1981.0,B01,138Â 207Â 590,1.0,0.0,-1.0,1725462,2.0,7,,0.0,2.0,1.0,A01,138Â 207Â 588,1.0
1010841,201900052372,3,30,13:10,1,2,1,1.0,4.0,75116,ECHANGEUR MUETTE,M,"48,8642390","2,2666410",75,2019,70.0,1.0,1.0,4.0,2260507,1.0,1,1,2,5.0,,0.0,0,1981.0,B01,138Â 207Â 590,1.0,0.0,-1.0,1725463,2.0,7,,0.0,2.0,4.0,B01,138Â 207Â 590,1.0
1010841,201900052372,3,30,13:10,1,2,1,1.0,4.0,75116,ECHANGEUR MUETTE,M,"48,8642390","2,2666410",75,2019,70.0,1.0,1.0,4.0,2260507,1.0,1,1,2,5.0,,0.0,0,1981.0,B01,138Â 207Â 590,1.0,0.0,-1.0,1725464,2.0,7,,0.0,2.0,4.0,C01,138Â 207Â 592,1.0
1010841,201900052372,3,30,13:10,1,2,1,1.0,4.0,75116,ECHANGEUR MUETTE,M,"48,8642390","2,2666410",75,2019,70.0,1.0,1.0,4.0,2260508,1.0,1,1,2,5.0,,0.0,0,1970.0,C01,138Â 207Â 592,1.0,0.0,-1.0,1725462,2.0,7,,0.0,2.0,1.0,A01,138Â 207Â 588,1.0
1010841,201900052372,3,30,13:10,1,2,1,1.0,4.0,75116,ECHANGEUR MUETTE,M,"48,8642390","2,2666410",75,2019,70.0,1.0,1.0,4.0,2260508,1.0,1,1,2,5.0,,0.0,0,1970.0,C01,138Â 207Â 592,1.0,0.0,-1.0,1725463,2.0,7,,0.0,2.0,4.0,B01,138Â 207Â 590,1.0
1010841,201900052372,3,30,13:10,1,2,1,1.0,4.0,75116,ECHANGEUR MUETTE,M,"48,8642390","2,2666410",75,2019,70.0,1.0,1.0,4.0,2260508,1.0,1,1,2,5.0,,0.0,0,1970.0,C01,138Â 207Â 592,1.0,0.0,-1.0,1725464,2.0,7,,0.0,2.0,4.0,C01,138Â 207Â 592,1.0
1010842,201900052373,7,11,15:50,1,1,1,1.0,1.0,71059,R.D 290,M,"46,7776200","4,4748300",71,2019,50.0,1.0,1.0,3.0,2260509,1.0,1,4,2,5.0,,0.0,0,1962.0,B01,138Â 207Â 589,1.0,0.0,-1.0,1725465,2.0,7,,0.0,2.0,8.0,B01,138Â 207Â 589,1.0
1010842,201900052373,7,11,15:50,1,1,1,1.0,1.0,71059,R.D 290,M,"46,7776200","4,4748300",71,2019,50.0,1.0,1.0,3.0,2260509,1.0,1,4,2,5.0,,0.0,0,1962.0,B01,138Â 207Â 589,1.0,0.0,-1.0,1725466,1.0,7,,0.0,5.0,8.0,A01,138Â 207Â 591,1.0
1010842,201900052373,7,11,15:50,1,1,1,1.0,1.0,71059,R.D 290,M,"46,7776200","4,4748300",71,2019,50.0,1.0,1.0,3.0,2260510,1.0,1,1,2,5.0,,0.0,0,1999.0,A01,138Â 207Â 591,1.0,0.0,-1.0,1725465,2.0,7,,0.0,2.0,8.0,B01,138Â 207Â 589,1.0
1010842,201900052373,7,11,15:50,1,1,1,1.0,1.0,71059,R.D 290,M,"46,7776200","4,4748300",71,2019,50.0,1.0,1.0,3.0,2260510,1.0,1,1,2,5.0,,0.0,0,1999.0,A01,138Â 207Â 591,1.0,0.0,-1.0,1725466,1.0,7,,0.0,5.0,8.0,A01,138Â 207Â 591,1.0
1010843,201900052374,3,29,16:15,1,2,1,1.0,5.0,75118,PORTE DE LA CHAPELLE,M,"48,9009110","2,3602460",75,2019,70.0,1.0,1.0,4.0,2260511,1.0,1,4,1,5.0,,0.0,0,1993.0,A01,138Â 207Â 585,2.0,6.0,-1.0,1725467,2.0,33,,0.0,2.0,3.0,A01,138Â 207Â 585,1.0
1010843,201900052374,3,29,16:15,1,2,1,1.0,5.0,75118,PORTE DE LA CHAPELLE,M,"48,9009110","2,3602460",75,2019,70.0,1.0,1.0,4.0,2260511,1.0,1,4,1,5.0,,0.0,0,1993.0,A01,138Â 207Â 585,2.0,6.0,-1.0,1725468,2.0,7,,0.0,2.0,5.0,B01,138Â 207Â 586,1.0
1010843,201900052374,3,29,16:15,1,2,1,1.0,5.0,75118,PORTE DE LA CHAPELLE,M,"48,9009110","2,3602460",75,2019,70.0,1.0,1.0,4.0,2260511,1.0,1,4,1,5.0,,0.0,0,1993.0,A01,138Â 207Â 585,2.0,6.0,-1.0,1725469,2.0,7,,0.0,2.0,8.0,C01,138Â 207Â 587,1.0
1010843,201900052374,3,29,16:15,1,2,1,1.0,5.0,75118,PORTE DE LA CHAPELLE,M,"48,9009110","2,3602460",75,2019,70.0,1.0,1.0,4.0,2260512,2.0,2,4,2,5.0,,0.0,0,1999.0,A01,138Â 207Â 585,2.0,6.0,-1.0,1725467,2.0,33,,0.0,2.0,3.0,A01,138Â 207Â 585,1.0
1010843,201900052374,3,29,16:15,1,2,1,1.0,5.0,75118,PORTE DE LA CHAPELLE,M,"48,9009110","2,3602460",75,2019,70.0,1.0,1.0,4.0,2260512,2.0,2,4,2,5.0,,0.0,0,1999.0,A01,138Â 207Â 585,2.0,6.0,-1.0,1725468,2.0,7,,0.0,2.0,5.0,B01,138Â 207Â 586,1.0
1010843,201900052374,3,29,16:15,1,2,1,1.0,5.0,75118,PORTE DE LA CHAPELLE,M,"48,9009110","2,3602460",75,2019,70.0,1.0,1.0,4.0,2260512,2.0,2,4,2,5.0,,0.0,0,1999.0,A01,138Â 207Â 585,2.0,6.0,-1.0,1725469,2.0,7,,0.0,2.0,8.0,C01,138Â 207Â 587,1.0
1010843,201900052374,3,29,16:15,1,2,1,1.0,5.0,75118,PORTE DE LA CHAPELLE,M,"48,9009110","2,3602460",75,2019,70.0,1.0,1.0,4.0,2260513,1.0,1,1,1,5.0,,0.0,0,1948.0,B01,138Â 207Â 586,1.0,0.0,-1.0,1725467,2.0,33,,0.0,2.0,3.0,A01,138Â 207Â 585,1.0
1010843,201900052374,3,29,16:15,1,2,1,1.0,5.0,75118,PORTE DE LA CHAPELLE,M,"48,9009110","2,3602460",75,2019,70.0,1.0,1.0,4.0,2260513,1.0,1,1,1,5.0,,0.0,0,1948.0,B01,138Â 207Â 586,1.0,0.0,-1.0,1725468,2.0,7,,0.0,2.0,5.0,B01,138Â 207Â 586,1.0
1010843,201900052374,3,29,16:15,1,2,1,1.0,5.0,75118,PORTE DE LA CHAPELLE,M,"48,9009110","2,3602460",75,2019,70.0,1.0,1.0,4.0,2260513,1.0,1,1,1,5.0,,0.0,0,1948.0,B01,138Â 207Â 586,1.0,0.0,-1.0,1725469,2.0,7,,0.0,2.0,8.0,C01,138Â 207Â 587,1.0
1010843,201900052374,3,29,16:15,1,2,1,1.0,5.0,75118,PORTE DE LA CHAPELLE,M,"48,9009110","2,3602460",75,2019,70.0,1.0,1.0,4.0,2260514,1.0,1,1,1,0.0,,0.0,0,1973.0,C01,138Â 207Â 587,1.0,0.0,-1.0,1725467,2.0,33,,0.0,2.0,3.0,A01,138Â 207Â 585,1.0
1010843,201900052374,3,29,16:15,1,2,1,1.0,5.0,75118,PORTE DE LA CHAPELLE,M,"48,9009110","2,3602460",75,2019,70.0,1.0,1.0,4.0,2260514,1.0,1,1,1,0.0,,0.0,0,1973.0,C01,138Â 207Â 587,1.0,0.0,-1.0,1725468,2.0,7,,0.0,2.0,5.0,B01,138Â 207Â 586,1.0
1010843,201900052374,3,29,16:15,1,2,1,1.0,5.0,75118,PORTE DE LA CHAPELLE,M,"48,9009110","2,3602460",75,2019,70.0,1.0,1.0,4.0,2260514,1.0,1,1,1,0.0,,0.0,0,1973.0,C01,138Â 207Â 587,1.0,0.0,-1.0,1725469,2.0,7,,0.0,2.0,8.0,C01,138Â 207Â 587,1.0
1010844,201900052375,3,29,09:40,1,2,1,1.0,6.0,75118,PORTE DE CLIGNANCOURT,M,"48,9011040","2,3466460",75,2019,70.0,1.0,1.0,4.0,2260515,1.0,1,4,1,1.0,,0.0,0,1981.0,A01,138Â 207Â 582,1.0,8.0,-1.0,1725470,2.0,7,,0.0,2.0,0.0,Z01,138Â 207Â 581,1.0
1010844,201900052375,3,29,09:40,1,2,1,1.0,6.0,75118,PORTE DE CLIGNANCOURT,M,"48,9011040","2,3466460",75,2019,70.0,1.0,1.0,4.0,2260515,1.0,1,4,1,1.0,,0.0,0,1981.0,A01,138Â 207Â 582,1.0,8.0,-1.0,1725471,2.0,10,,0.0,2.0,6.0,A01,138Â 207Â 582,1.0
1010845,201900052376,7,12,07:40,1,2,2,1.0,5.0,69290,TEMPS MODERNES (DES)            (AV),M,"45,7112120","4,9122959",69,2019,50.0,1.0,1.0,4.0,2260516,1.0,1,4,1,1.0,,0.0,0,1979.0,B01,138Â 207Â 580,1.0,0.0,-1.0,1725472,3.0,7,,0.0,2.0,6.0,B01,138Â 207Â 580,1.0
1010845,201900052376,7,12,07:40,1,2,2,1.0,5.0,69290,TEMPS MODERNES (DES)            (AV),M,"45,7112120","4,9122959",69,2019,50.0,1.0,1.0,4.0,2260516,1.0,1,4,1,1.0,,0.0,0,1979.0,B01,138Â 207Â 580,1.0,0.0,-1.0,1725473,3.0,7,,0.0,2.0,7.0,C01,138Â 207Â 583,1.0
1010845,201900052376,7,12,07:40,1,2,2,1.0,5.0,69290,TEMPS MODERNES (DES)            (AV),M,"45,7112120","4,9122959",69,2019,50.0,1.0,1.0,4.0,2260516,1.0,1,4,1,1.0,,0.0,0,1979.0,B01,138Â 207Â 580,1.0,0.0,-1.0,1725474,3.0,7,,0.0,2.0,1.0,A01,138Â 207Â 584,1.0
1010845,201900052376,7,12,07:40,1,2,2,1.0,5.0,69290,TEMPS MODERNES (DES)            (AV),M,"45,7112120","4,9122959",69,2019,50.0,1.0,1.0,4.0,2260517,1.0,1,1,1,1.0,,0.0,0,1999.0,C01,138Â 207Â 583,1.0,0.0,-1.0,1725472,3.0,7,,0.0,2.0,6.0,B01,138Â 207Â 580,1.0
1010845,201900052376,7,12,07:40,1,2,2,1.0,5.0,69290,TEMPS MODERNES (DES)            (AV),M,"45,7112120","4,9122959",69,2019,50.0,1.0,1.0,4.0,2260517,1.0,1,1,1,1.0,,0.0,0,1999.0,C01,138Â 207Â 583,1.0,0.0,-1.0,1725473,3.0,7,,0.0,2.0,7.0,C01,138Â 207Â 583,1.0
1010845,201900052376,7,12,07:40,1,2,2,1.0,5.0,69290,TEMPS MODERNES (DES)            (AV),M,"45,7112120","4,9122959",69,2019,50.0,1.0,1.0,4.0,2260517,1.0,1,1,1,1.0,,0.0,0,1999.0,C01,138Â 207Â 583,1.0,0.0,-1.0,1725474,3.0,7,,0.0,2.0,1.0,A01,138Â 207Â 584,1.0
1010845,201900052376,7,12,07:40,1,2,2,1.0,5.0,69290,TEMPS MODERNES (DES)            (AV),M,"45,7112120","4,9122959",69,2019,50.0,1.0,1.0,4.0,2260518,1.0,1,1,1,5.0,,0.0,0,1947.0,A01,138Â 207Â 584,1.0,0.0,-1.0,1725472,3.0,7,,0.0,2.0,6.0,B01,138Â 207Â 580,1.0
1010845,201900052376,7,12,07:40,1,2,2,1.0,5.0,69290,TEMPS MODERNES (DES)            (AV),M,"45,7112120","4,9122959",69,2019,50.0,1.0,1.0,4.0,2260518,1.0,1,1,1,5.0,,0.0,0,1947.0,A01,138Â 207Â 584,1.0,0.0,-1.0,1725473,3.0,7,,0.0,2.0,7.0,C01,138Â 207Â 583,1.0
1010845,201900052376,7,12,07:40,1,2,2,1.0,5.0,69290,TEMPS MODERNES (DES)            (AV),M,"45,7112120","4,9122959",69,2019,50.0,1.0,1.0,4.0,2260518,1.0,1,1,1,5.0,,0.0,0,1947.0,A01,138Â 207Â 584,1.0,0.0,-1.0,1725474,3.0,7,,0.0,2.0,1.0,A01,138Â 207Â 584,1.0
1010846,201900052377,7,10,20:20,2,2,1,1.0,6.0,69029,FRANKLIN ROOSEVELT                  (AV),M,"45,7378400","4,8958200",69,2019,50.0,1.0,1.0,7.0,2260519,10.0,3,3,2,5.0,,1.0,3,2000.0,A01,138Â 207Â 578,8.0,0.0,-1.0,1725475,2.0,99,,0.0,1.0,1.0,A01,138Â 207Â 578,0.0
1010846,201900052377,7,10,20:20,2,2,1,1.0,6.0,69029,FRANKLIN ROOSEVELT                  (AV),M,"45,7378400","4,8958200",69,2019,50.0,1.0,1.0,7.0,2260520,1.0,1,1,1,5.0,,0.0,0,1942.0,A01,138Â 207Â 578,1.0,0.0,-1.0,1725475,2.0,99,,0.0,1.0,1.0,A01,138Â 207Â 578,0.0
1010847,201900052378,3,27,19:45,5,2,1,1.0,3.0,75116,PORTE DAUPHINE,M,"48,8721470","2,2741430",75,2019,70.0,1.0,1.0,4.0,2260521,1.0,1,3,1,5.0,,0.0,0,1964.0,A01,138Â 207Â 577,2.0,0.0,-1.0,1725476,1.0,33,,0.0,2.0,3.0,A01,138Â 207Â 577,1.0
1010847,201900052378,3,27,19:45,5,2,1,1.0,3.0,75116,PORTE DAUPHINE,M,"48,8721470","2,2741430",75,2019,70.0,1.0,1.0,4.0,2260521,1.0,1,3,1,5.0,,0.0,0,1964.0,A01,138Â 207Â 577,2.0,0.0,-1.0,1725477,1.0,7,,0.0,2.0,5.0,B01,138Â 207Â 579,1.0
1010847,201900052378,3,27,19:45,5,2,1,1.0,3.0,75116,PORTE DAUPHINE,M,"48,8721470","2,2741430",75,2019,70.0,1.0,1.0,4.0,2260522,1.0,1,1,1,1.0,,0.0,0,1958.0,B01,138Â 207Â 579,1.0,0.0,-1.0,1725476,1.0,33,,0.0,2.0,3.0,A01,138Â 207Â 577,1.0
1010847,201900052378,3,27,19:45,5,2,1,1.0,3.0,75116,PORTE DAUPHINE,M,"48,8721470","2,2741430",75,2019,70.0,1.0,1.0,4.0,2260522,1.0,1,1,1,1.0,,0.0,0,1958.0,B01,138Â 207Â 579,1.0,0.0,-1.0,1725477,1.0,7,,0.0,2.0,5.0,B01,138Â 207Â 579,1.0
1010848,201900052379,7,10,17:45,1,2,1,1.0,3.0,69283,JOSEPH MARIE JACQUARD     R,M,"45,6773800","4,9605600",69,2019,50.0,1.0,1.0,4.0,2260523,1.0,1,3,1,1.0,,-1.0,0,1960.0,B01,138Â 207Â 574,2.0,8.0,-1.0,1725478,1.0,31,,0.0,2.0,7.0,B01,138Â 207Â 574,1.0