Unnamed: 0_x,num_acc,mois,jour,hrmn,lum,agg,int,atm,col,com,adr,gps,lat,long,dep,annee,vma,situ,surf,catr,Unnamed: 0_y,place,catu,grav,sexe,trajet,secu,locp,actp,an_nais,num_veh_x,id_vehicule_x,secu1,secu2,secu3,Unnamed: 0,senc,catv,occutc,obs,obsm,choc,num_veh_y,id_vehicule_y,motor
1010848,201900052379,7,10,17:45,1,2,1,1.0,3.0,69283,JOSEPH MARIE JACQUARD     R,M,"45,6773800","4,9605600",69,2019,50.0,1.0,1.0,4.0,2260523,1.0,1,3,1,1.0,,-1.0,0,1960.0,B01,138Â 207Â 574,2.0,8.0,-1.0,1725479,3.0,99,,16.0,2.0,3.0,A01,138Â 207Â 576,1.0
1010848,201900052379,7,10,17:45,1,2,1,1.0,3.0,69283,JOSEPH MARIE JACQUARD     R,M,"45,6773800","4,9605600",69,2019,50.0,1.0,1.0,4.0,2260524,1.0,1,1,1,9.0,,-1.0,0,1978.0,A01,138Â 207Â 576,8.0,0.0,-1.0,1725478,1.0,31,,0.0,2.0,7.0,B01,138Â 207Â 574,1.0
1010848,201900052379,7,10,17:45,1,2,1,1.0,3.0,69283,JOSEPH MARIE JACQUARD     R,M,"45,6773800","4,9605600",69,2019,50.0,1.0,1.0,4.0,2260524,1.0,1,1,1,9.0,,-1.0,0,1978.0,A01,138Â 207Â 576,8.0,0.0,-1.0,1725479,3.0,99,,16.0,2.0,3.0,A01,138Â 207Â 576,1.0
1010849,201900052380,3,27,16:40,1,2,1,1.0,3.0,75112,PORTE DOREE,M,"48,8367960","2,4126110",75,2019,70.0,1.0,1.0,4.0,2260525,1.0,1,4,1,1.0,,0.0,0,1972.0,B01,138Â 207Â 573,2.0,6.0,-1.0,1725480,2.0,34,,0.0,2.0,8.0,B01,138Â 207Â 573,1.0
1010849,201900052380,3,27,16:40,1,2,1,1.0,3.0,75112,PORTE DOREE,M,"48,8367960","2,4126110",75,2019,70.0,1.0,1.0,4.0,2260525,1.0,1,4,1,1.0,,0.0,0,1972.0,B01,138Â 207Â 573,2.0,6.0,-1.0,1725481,2.0,7,,0.0,2.0,7.0,A01,138Â 207Â 575,1.0
1010849,201900052380,3,27,16:40,1,2,1,1.0,3.0,75112,PORTE DOREE,M,"48,8367960","2,4126110",75,2019,70.0,1.0,1.0,4.0,2260526,1.0,1,1,1,4.0,,0.0,0,1979.0,A01,138Â 207Â 575,1.0,0.0,-1.0,1725480,2.0,34,,0.0,2.0,8.0,B01,138Â 207Â 573,1.0
1010849,201900052380,3,27,16:40,1,2,1,1.0,3.0,75112,PORTE DOREE,M,"48,8367960","2,4126110",75,2019,70.0,1.0,1.0,4.0,2260526,1.0,1,1,1,4.0,,0.0,0,1979.0,A01,138Â 207Â 575,1.0,0.0,-1.0,1725481,2.0,7,,0.0,2.0,7.0,A01,138Â 207Â 575,1.0
1010850,201900052381,7,12,02:05,5,2,3,1.0,3.0,67482,RHIN TORTU (RUE DU),M,"48,5451150","7,7583370",67,2019,50.0,1.0,1.0,4.0,2260527,1.0,1,4,1,0.0,,0.0,0,2001.0,A01,138Â 207Â 570,2.0,6.0,-1.0,1725482,1.0,30,,0.0,2.0,1.0,A01,138Â 207Â 570,1.0
1010850,201900052381,7,12,02:05,5,2,3,1.0,3.0,67482,RHIN TORTU (RUE DU),M,"48,5451150","7,7583370",67,2019,50.0,1.0,1.0,4.0,2260527,1.0,1,4,1,0.0,,0.0,0,2001.0,A01,138Â 207Â 570,2.0,6.0,-1.0,1725483,2.0,32,,0.0,2.0,1.0,B01,138Â 207Â 572,1.0
1010850,201900052381,7,12,02:05,5,2,3,1.0,3.0,67482,RHIN TORTU (RUE DU),M,"48,5451150","7,7583370",67,2019,50.0,1.0,1.0,4.0,2260528,1.0,1,1,1,0.0,,0.0,0,1998.0,B01,138Â 207Â 572,8.0,6.0,-1.0,1725482,1.0,30,,0.0,2.0,1.0,A01,138Â 207Â 570,1.0
1010850,201900052381,7,12,02:05,5,2,3,1.0,3.0,67482,RHIN TORTU (RUE DU),M,"48,5451150","7,7583370",67,2019,50.0,1.0,1.0,4.0,2260528,1.0,1,1,1,0.0,,0.0,0,1998.0,B01,138Â 207Â 572,8.0,6.0,-1.0,1725483,2.0,32,,0.0,2.0,1.0,B01,138Â 207Â 572,1.0
1010851,201900052382,3,27,12:20,1,2,1,1.0,4.0,75120,PORTE DES LILAS,M,"48,8731820","2,4119050",75,2019,70.0,1.0,1.0,4.0,2260529,1.0,1,1,1,5.0,,0.0,0,1982.0,C01,138Â 207Â 568,1.0,0.0,-1.0,1725484,1.0,7,,0.0,2.0,4.0,C01,138Â 207Â 568,1.0
1010851,201900052382,3,27,12:20,1,2,1,1.0,4.0,75120,PORTE DES LILAS,M,"48,8731820","2,4119050",75,2019,70.0,1.0,1.0,4.0,2260529,1.0,1,1,1,5.0,,0.0,0,1982.0,C01,138Â 207Â 568,1.0,0.0,-1.0,1725485,1.0,10,,0.0,2.0,4.0,B01,138Â 207Â 569,1.0
1010851,201900052382,3,27,12:20,1,2,1,1.0,4.0,75120,PORTE DES LILAS,M,"48,8731820","2,4119050",75,2019,70.0,1.0,1.0,4.0,2260529,1.0,1,1,1,5.0,,0.0,0,1982.0,C01,138Â 207Â 568,1.0,0.0,-1.0,1725486,1.0,10,,0.0,2.0,1.0,A01,138Â 207Â 571,1.0
1010851,201900052382,3,27,12:20,1,2,1,1.0,4.0,75120,PORTE DES LILAS,M,"48,8731820","2,4119050",75,2019,70.0,1.0,1.0,4.0,2260530,1.0,1,4,1,4.0,,0.0,0,1985.0,B01,138Â 207Â 569,1.0,0.0,-1.0,1725484,1.0,7,,0.0,2.0,4.0,C01,138Â 207Â 568,1.0
1010851,201900052382,3,27,12:20,1,2,1,1.0,4.0,75120,PORTE DES LILAS,M,"48,8731820","2,4119050",75,2019,70.0,1.0,1.0,4.0,2260530,1.0,1,4,1,4.0,,0.0,0,1985.0,B01,138Â 207Â 569,1.0,0.0,-1.0,1725485,1.0,10,,0.0,2.0,4.0,B01,138Â 207Â 569,1.0
1010851,201900052382,3,27,12:20,1,2,1,1.0,4.0,75120,PORTE DES LILAS,M,"48,8731820","2,4119050",75,2019,70.0,1.0,1.0,4.0,2260530,1.0,1,4,1,4.0,,0.0,0,1985.0,B01,138Â 207Â 569,1.0,0.0,-1.0,1725486,1.0,10,,0.0,2.0,1.0,A01,138Â 207Â 571,1.0
1010851,201900052382,3,27,12:20,1,2,1,1.0,4.0,75120,PORTE DES LILAS,M,"48,8731820","2,4119050",75,2019,70.0,1.0,1.0,4.0,2260531,1.0,1,1,1,4.0,,0.0,0,1992.0,A01,138Â 207Â 571,1.0,0.0,-1.0,1725484,1.0,7,,0.0,2.0,4.0,C01,138Â 207Â 568,1.0
1010851,201900052382,3,27,12:20,1,2,1,1.0,4.0,75120,PORTE DES LILAS,M,"48,8731820","2,4119050",75,2019,70.0,1.0,1.0,4.0,2260531,1.0,1,1,1,4.0,,0.0,0,1992.0,A01,138Â 207Â 571,1.0,0.0,-1.0,1725485,1.0,10,,0.0,2.0,4.0,B01,138Â 207Â 569,1.0
1010851,201900052382,3,27,12:20,1,2,1,1.0,4.0,75120,PORTE DES LILAS,M,"48,8731820","2,4119050",75,2019,70.0,1.0,1.0,4.0,2260531,1.0,1,1,1,4.0,,0.0,0,1992.0,A01,138Â 207Â 571,1.0,0.0,-1.0,1725486,1.0,10,,0.0,2.0,1.0,A01,138Â 207Â 571,1.0
1010852,201900052383,3,29,11:35,1,2,1,1.0,3.0,75105,BOULEVARD DE L HOPITAL,M,"48,8416200","2,3630250",75,2019,50.0,6.0,1.0,4.0,2260532,2.0,2,1,1,4.0,,0.0,0,1971.0,A01,138Â 207Â 565,8.0,0.0,-1.0,1725487,2.0,7,,0.0,2.0,3.0,A01,138Â 207Â 565,1.0
1010852,201900052383,3,29,11:35,1,2,1,1.0,3.0,75105,BOULEVARD DE L HOPITAL,M,"48,8416200","2,3630250",75,2019,50.0,6.0,1.0,4.0,2260532,2.0,2,1,1,4.0,,0.0,0,1971.0,A01,138Â 207Â 565,8.0,0.0,-1.0,1725488,2.0,1,,0.0,2.0,1.0,B01,138Â 207Â 567,5.0
1010852,201900052383,3,29,11:35,1,2,1,1.0,3.0,75105,BOULEVARD DE L HOPITAL,M,"48,8416200","2,3630250",75,2019,50.0,6.0,1.0,4.0,2260533,1.0,1,1,1,4.0,,0.0,0,1991.0,A01,138Â 207Â 565,8.0,0.0,-1.0,1725487,2.0,7,,0.0,2.0,3.0,A01,138Â 207Â 565,1.0
1010852,201900052383,3,29,11:35,1,2,1,1.0,3.0,75105,BOULEVARD DE L HOPITAL,M,"48,8416200","2,3630250",75,2019,50.0,6.0,1.0,4.0,2260533,1.0,1,1,1,4.0,,0.0,0,1991.0,A01,138Â 207Â 565,8.0,0.0,-1.0,1725488,2.0,1,,0.0,2.0,1.0,B01,138Â 207Â 567,5.0
1010852,201900052383,3,29,11:35,1,2,1,1.0,3.0,75105,BOULEVARD DE L HOPITAL,M,"48,8416200","2,3630250",75,2019,50.0,6.0,1.0,4.0,2260534,1.0,1,3,1,0.0,,0.0,0,1964.0,B01,138Â 207Â 567,8.0,0.0,-1.0,1725487,2.0,7,,0.0,2.0,3.0,A01,138Â 207Â 565,1.0
1010852,201900052383,3,29,11:35,1,2,1,1.0,3.0,75105,BOULEVARD DE L HOPITAL,M,"48,8416200","2,3630250",75,2019,50.0,6.0,1.0,4.0,2260534,1.0,1,3,1,0.0,,0.0,0,1964.0,B01,138Â 207Â 567,8.0,0.0,-1.0,1725488,2.0,1,,0.0,2.0,1.0,B01,138Â 207Â 567,5.0
1010853,201900052384,7,10,18:45,1,2,3,1.0,3.0,67482,MICHEL ANGE (RUE),M,"48,5645770","7,7264340",67,2019,50.0,1.0,1.0,4.0,2260535,1.0,1,1,1,0.0,,0.0,0,1997.0,B01,138Â 207Â 564,1.0,8.0,-1.0,1725489,1.0,7,,0.0,2.0,2.0,B01,138Â 207Â 564,1.0
1010853,201900052384,7,10,18:45,1,2,3,1.0,3.0,67482,MICHEL ANGE (RUE),M,"48,5645770","7,7264340",67,2019,50.0,1.0,1.0,4.0,2260535,1.0,1,1,1,0.0,,0.0,0,1997.0,B01,138Â 207Â 564,1.0,8.0,-1.0,1725490,1.0,2,,0.0,2.0,1.0,A01,138Â 207Â 566,1.0
1010853,201900052384,7,10,18:45,1,2,3,1.0,3.0,67482,MICHEL ANGE (RUE),M,"48,5645770","7,7264340",67,2019,50.0,1.0,1.0,4.0,2260536,1.0,1,4,1,0.0,,0.0,0,2001.0,A01,138Â 207Â 566,8.0,0.0,-1.0,1725489,1.0,7,,0.0,2.0,2.0,B01,138Â 207Â 564,1.0
1010853,201900052384,7,10,18:45,1,2,3,1.0,3.0,67482,MICHEL ANGE (RUE),M,"48,5645770","7,7264340",67,2019,50.0,1.0,1.0,4.0,2260536,1.0,1,4,1,0.0,,0.0,0,2001.0,A01,138Â 207Â 566,8.0,0.0,-1.0,1725490,1.0,2,,0.0,2.0,1.0,A01,138Â 207Â 566,1.0
1010854,201900052385,3,30,18:20,1,2,2,1.0,6.0,75105,BOULEVARD SAINT MICHEL,M,"48,8439280","2,3389800",75,2019,50.0,1.0,1.0,4.0,2260537,1.0,1,1,1,0.0,,0.0,0,1969.0,A01,138Â 207Â 563,2.0,6.0,-1.0,1725491,1.0,33,,0.0,1.0,1.0,A01,138Â 207Â 563,1.0
1010854,201900052385,3,30,18:20,1,2,2,1.0,6.0,75105,BOULEVARD SAINT MICHEL,M,"48,8439280","2,3389800",75,2019,50.0,1.0,1.0,4.0,2260538,10.0,3,4,2,5.0,,4.0,3,1939.0,A01,138Â 207Â 563,8.0,0.0,-1.0,1725491,1.0,33,,0.0,1.0,1.0,A01,138Â 207Â 563,1.0
1010855,201900052386,7,10,18:00,1,2,1,1.0,2.0,67447,MARAIS (RUE DU),M,"48,6094401","7,7652554",67,2019,50.0,1.0,1.0,4.0,2260539,2.0,2,4,2,0.0,,-1.0,0,1992.0,B01,138Â 207Â 561,1.0,0.0,-1.0,1725492,1.0,7,,0.0,2.0,5.0,B01,138Â 207Â 561,1.0
1010855,201900052386,7,10,18:00,1,2,1,1.0,2.0,67447,MARAIS (RUE DU),M,"48,6094401","7,7652554",67,2019,50.0,1.0,1.0,4.0,2260539,2.0,2,4,2,0.0,,-1.0,0,1992.0,B01,138Â 207Â 561,1.0,0.0,-1.0,1725493,1.0,7,,0.0,2.0,0.0,A01,138Â 207Â 562,1.0
1010855,201900052386,7,10,18:00,1,2,1,1.0,2.0,67447,MARAIS (RUE DU),M,"48,6094401","7,7652554",67,2019,50.0,1.0,1.0,4.0,2260540,1.0,1,4,2,0.0,,-1.0,0,1992.0,B01,138Â 207Â 561,1.0,8.0,-1.0,1725492,1.0,7,,0.0,2.0,5.0,B01,138Â 207Â 561,1.0
1010855,201900052386,7,10,18:00,1,2,1,1.0,2.0,67447,MARAIS (RUE DU),M,"48,6094401","7,7652554",67,2019,50.0,1.0,1.0,4.0,2260540,1.0,1,4,2,0.0,,-1.0,0,1992.0,B01,138Â 207Â 561,1.0,8.0,-1.0,1725493,1.0,7,,0.0,2.0,0.0,A01,138Â 207Â 562,1.0
1010855,201900052386,7,10,18:00,1,2,1,1.0,2.0,67447,MARAIS (RUE DU),M,"48,6094401","7,7652554",67,2019,50.0,1.0,1.0,4.0,2260541,1.0,1,1,2,0.0,,-1.0,0,1981.0,A01,138Â 207Â 562,1.0,8.0,-1.0,1725492,1.0,7,,0.0,2.0,5.0,B01,138Â 207Â 561,1.0
1010855,201900052386,7,10,18:00,1,2,1,1.0,2.0,67447,MARAIS (RUE DU),M,"48,6094401","7,7652554",67,2019,50.0,1.0,1.0,4.0,2260541,1.0,1,1,2,0.0,,-1.0,0,1981.0,A01,138Â 207Â 562,1.0,8.0,-1.0,1725493,1.0,7,,0.0,2.0,0.0,A01,138Â 207Â 562,1.0
1010856,201900052387,3,30,16:10,1,2,2,1.0,6.0,75105,QUAI DE LA TOURNELLE,M,"48,8511370","2,3513000",75,2019,50.0,5.0,1.0,4.0,2260542,10.0,3,4,2,5.0,,2.0,3,1968.0,A01,138Â 207Â 560,8.0,0.0,-1.0,1725494,1.0,1,,0.0,1.0,1.0,A01,138Â 207Â 560,5.0
1010856,201900052387,3,30,16:10,1,2,2,1.0,6.0,75105,QUAI DE LA TOURNELLE,M,"48,8511370","2,3513000",75,2019,50.0,5.0,1.0,4.0,2260543,1.0,1,4,1,5.0,,0.0,0,1988.0,A01,138Â 207Â 560,2.0,0.0,-1.0,1725494,1.0,1,,0.0,1.0,1.0,A01,138Â 207Â 560,5.0
1010857,201900052388,7,10,17:15,1,2,1,1.0,6.0,67482,SEBASTOPOL (RUE DE),M,"48,5867670","7,7426290",67,2019,50.0,1.0,1.0,4.0,2260544,10.0,3,4,2,1.0,,3.0,3,1969.0,A01,138Â 207Â 559,8.0,0.0,-1.0,1725495,1.0,7,,0.0,1.0,1.0,A01,138Â 207Â 559,1.0
1010857,201900052388,7,10,17:15,1,2,1,1.0,6.0,67482,SEBASTOPOL (RUE DE),M,"48,5867670","7,7426290",67,2019,50.0,1.0,1.0,4.0,2260545,1.0,1,1,2,3.0,,-1.0,0,1974.0,A01,138Â 207Â 559,1.0,8.0,-1.0,1725495,1.0,7,,0.0,1.0,1.0,A01,138Â 207Â 559,1.0
1010858,201900052389,3,29,12:55,1,2,1,1.0,2.0,75105,RUE DE L EPEE DE BOIS,M,"48,8415360","2,3505590",75,2019,50.0,1.0,1.0,4.0,2260546,1.0,1,1,1,0.0,,0.0,0,1975.0,A01,138Â 207Â 557,1.0,0.0,-1.0,1725496,2.0,7,,0.0,2.0,4.0,A01,138Â 207Â 557,1.0
1010858,201900052389,3,29,12:55,1,2,1,1.0,2.0,75105,RUE DE L EPEE DE BOIS,M,"48,8415360","2,3505590",75,2019,50.0,1.0,1.0,4.0,2260546,1.0,1,1,1,0.0,,0.0,0,1975.0,A01,138Â 207Â 557,1.0,0.0,-1.0,1725497,2.0,30,,0.0,2.0,1.0,B01,138Â 207Â 558,1.0
1010858,201900052389,3,29,12:55,1,2,1,1.0,2.0,75105,RUE DE L EPEE DE BOIS,M,"48,8415360","2,3505590",75,2019,50.0,1.0,1.0,4.0,2260547,1.0,1,4,2,0.0,,0.0,0,1969.0,B01,138Â 207Â 558,2.0,0.0,-1.0,1725496,2.0,7,,0.0,2.0,4.0,A01,138Â 207Â 557,1.0
1010858,201900052389,3,29,12:55,1,2,1,1.0,2.0,75105,RUE DE L EPEE DE BOIS,M,"48,8415360","2,3505590",75,2019,50.0,1.0,1.0,4.0,2260547,1.0,1,4,2,0.0,,0.0,0,1969.0,B01,138Â 207Â 558,2.0,0.0,-1.0,1725497,2.0,30,,0.0,2.0,1.0,B01,138Â 207Â 558,1.0
1010859,201900052390,7,11,14:20,1,2,1,1.0,6.0,66136,ESPAGNE (ROUTE D'),M,"42,6785600","2,8908000",66,2019,50.0,1.0,1.0,4.0,2260548,1.0,1,1,1,5.0,,-1.0, -1,1934.0,B01,138Â 207Â 555,1.0,8.0,-1.0,1725498,1.0,7,,0.0,2.0,3.0,B01,138Â 207Â 555,1.0
1010859,201900052390,7,11,14:20,1,2,1,1.0,6.0,66136,ESPAGNE (ROUTE D'),M,"42,6785600","2,8908000",66,2019,50.0,1.0,1.0,4.0,2260548,1.0,1,1,1,5.0,,-1.0, -1,1934.0,B01,138Â 207Â 555,1.0,8.0,-1.0,1725499,1.0,32,,0.0,2.0,5.0,A01,138Â 207Â 556,1.0
1010859,201900052390,7,11,14:20,1,2,1,1.0,6.0,66136,ESPAGNE (ROUTE D'),M,"42,6785600","2,8908000",66,2019,50.0,1.0,1.0,4.0,2260549,1.0,1,4,1,5.0,,-1.0, -1,1970.0,A01,138Â 207Â 556,2.0,8.0,-1.0,1725498,1.0,7,,0.0,2.0,3.0,B01,138Â 207Â 555,1.0
1010859,201900052390,7,11,14:20,1,2,1,1.0,6.0,66136,ESPAGNE (ROUTE D'),M,"42,6785600","2,8908000",66,2019,50.0,1.0,1.0,4.0,2260549,1.0,1,4,1,5.0,,-1.0, -1,1970.0,A01,138Â 207Â 556,2.0,8.0,-1.0,1725499,1.0,32,,0.0,2.0,5.0,A01,138Â 207Â 556,1.0
1010860,201900052391,3,28,14:40,1,2,2,1.0,3.0,75106,RUE DE VAUGIRARD,M,"48,8484150","2,3316640",75,2019,30.0,1.0,1.0,4.0,2260550,1.0,1,1,1,9.0,,0.0,0,1975.0,A01,138Â 207Â 553,1.0,0.0,-1.0,1725500,2.0,13,,0.0,2.0,7.0,A01,138Â 207Â 553,1.0
1010860,201900052391,3,28,14:40,1,2,2,1.0,3.0,75106,RUE DE VAUGIRARD,M,"48,8484150","2,3316640",75,2019,30.0,1.0,1.0,4.0,2260550,1.0,1,1,1,9.0,,0.0,0,1975.0,A01,138Â 207Â 553,1.0,0.0,-1.0,1725501,2.0,1,,0.0,2.0,1.0,B01,138Â 207Â 554,5.0
1010860,201900052391,3,28,14:40,1,2,2,1.0,3.0,75106,RUE DE VAUGIRARD,M,"48,8484150","2,3316640",75,2019,30.0,1.0,1.0,4.0,2260551,2.0,2,1,1,0.0,,0.0,0,1987.0,A01,138Â 207Â 553,1.0,0.0,-1.0,1725500,2.0,13,,0.0,2.0,7.0,A01,138Â 207Â 553,1.0
1010860,201900052391,3,28,14:40,1,2,2,1.0,3.0,75106,RUE DE VAUGIRARD,M,"48,8484150","2,3316640",75,2019,30.0,1.0,1.0,4.0,2260551,2.0,2,1,1,0.0,,0.0,0,1987.0,A01,138Â 207Â 553,1.0,0.0,-1.0,1725501,2.0,1,,0.0,2.0,1.0,B01,138Â 207Â 554,5.0
1010860,201900052391,3,28,14:40,1,2,2,1.0,3.0,75106,RUE DE VAUGIRARD,M,"48,8484150","2,3316640",75,2019,30.0,1.0,1.0,4.0,2260552,1.0,1,4,1,5.0,,0.0,0,1961.0,B01,138Â 207Â 554,2.0,0.0,-1.0,1725500,2.0,13,,0.0,2.0,7.0,A01,138Â 207Â 553,1.0
1010860,201900052391,3,28,14:40,1,2,2,1.0,3.0,75106,RUE DE VAUGIRARD,M,"48,8484150","2,3316640",75,2019,30.0,1.0,1.0,4.0,2260552,1.0,1,4,1,5.0,,0.0,0,1961.0,B01,138Â 207Â 554,2.0,0.0,-1.0,1725501,2.0,1,,0.0,2.0,1.0,B01,138Â 207Â 554,5.0
1010861,201900052392,7,11,17:10,1,2,1,1.0,2.0,66136,ARGELES SUR MER AVENUE D',M,"42,6697300","2,9170500",66,2019,50.0,1.0,1.0,4.0,2260553,1.0,1,4,2,5.0,,0.0,0,1977.0,B01,138Â 207Â 551,1.0,8.0,-1.0,1725502,1.0,7,,0.0,2.0,4.0,B01,138Â 207Â 551,1.0
1010861,201900052392,7,11,17:10,1,2,1,1.0,2.0,66136,ARGELES SUR MER AVENUE D',M,"42,6697300","2,9170500",66,2019,50.0,1.0,1.0,4.0,2260553,1.0,1,4,2,5.0,,0.0,0,1977.0,B01,138Â 207Â 551,1.0,8.0,-1.0,1725503,1.0,7,,0.0,2.0,1.0,A01,138Â 207Â 552,1.0
1010861,201900052392,7,11,17:10,1,2,1,1.0,2.0,66136,ARGELES SUR MER AVENUE D',M,"42,6697300","2,9170500",66,2019,50.0,1.0,1.0,4.0,2260554,1.0,1,4,2,0.0,,-1.0, -1,1996.0,A01,138Â 207Â 552,1.0,8.0,-1.0,1725502,1.0,7,,0.0,2.0,4.0,B01,138Â 207Â 551,1.0
1010861,201900052392,7,11,17:10,1,2,1,1.0,2.0,66136,ARGELES SUR MER AVENUE D',M,"42,6697300","2,9170500",66,2019,50.0,1.0,1.0,4.0,2260554,1.0,1,4,2,0.0,,-1.0, -1,1996.0,A01,138Â 207Â 552,1.0,8.0,-1.0,1725503,1.0,7,,0.0,2.0,1.0,A01,138Â 207Â 552,1.0
1010862,201900052393,3,28,11:00,1,2,2,1.0,3.0,75105,PONT DE SULLY,M,"48,8494090","2,3567870",75,2019,30.0,5.0,1.0,4.0,2260555,1.0,1,1,1,4.0,,0.0,0,1955.0,A01,138Â 207Â 549,1.0,0.0,-1.0,1725504,3.0,14,,0.0,2.0,2.0,A01,138Â 207Â 549,1.0
1010862,201900052393,3,28,11:00,1,2,2,1.0,3.0,75105,PONT DE SULLY,M,"48,8494090","2,3567870",75,2019,30.0,5.0,1.0,4.0,2260555,1.0,1,1,1,4.0,,0.0,0,1955.0,A01,138Â 207Â 549,1.0,0.0,-1.0,1725505,3.0,1,,0.0,2.0,1.0,B01,138Â 207Â 550,5.0
1010862,201900052393,3,28,11:00,1,2,2,1.0,3.0,75105,PONT DE SULLY,M,"48,8494090","2,3567870",75,2019,30.0,5.0,1.0,4.0,2260556,1.0,1,4,1,2.0,,0.0,0,1998.0,B01,138Â 207Â 550,2.0,0.0,-1.0,1725504,3.0,14,,0.0,2.0,2.0,A01,138Â 207Â 549,1.0
1010862,201900052393,3,28,11:00,1,2,2,1.0,3.0,75105,PONT DE SULLY,M,"48,8494090","2,3567870",75,2019,30.0,5.0,1.0,4.0,2260556,1.0,1,4,1,2.0,,0.0,0,1998.0,B01,138Â 207Â 550,2.0,0.0,-1.0,1725505,3.0,1,,0.0,2.0,1.0,B01,138Â 207Â 550,5.0
1010863,201900052394,3,27,14:05,1,2,1,1.0,3.0,75105,RUE DES FOSSES SAINT BERNARD,M,"48,8479890","2,3540730",75,2019,50.0,1.0,1.0,4.0,2260557,1.0,1,1,1,4.0,,0.0,0,1984.0,A01,138Â 207Â 547,1.0,0.0,-1.0,1725506,1.0,10,,0.0,2.0,2.0,A01,138Â 207Â 547,1.0
1010863,201900052394,3,27,14:05,1,2,1,1.0,3.0,75105,RUE DES FOSSES SAINT BERNARD,M,"48,8479890","2,3540730",75,2019,50.0,1.0,1.0,4.0,2260557,1.0,1,1,1,4.0,,0.0,0,1984.0,A01,138Â 207Â 547,1.0,0.0,-1.0,1725507,2.0,33,,0.0,2.0,3.0,B01,138Â 207Â 548,1.0
1010863,201900052394,3,27,14:05,1,2,1,1.0,3.0,75105,RUE DES FOSSES SAINT BERNARD,M,"48,8479890","2,3540730",75,2019,50.0,1.0,1.0,4.0,2260558,1.0,1,4,1,1.0,,0.0,0,1977.0,B01,138Â 207Â 548,2.0,0.0,-1.0,1725506,1.0,10,,0.0,2.0,2.0,A01,138Â 207Â 547,1.0
1010863,201900052394,3,27,14:05,1,2,1,1.0,3.0,75105,RUE DES FOSSES SAINT BERNARD,M,"48,8479890","2,3540730",75,2019,50.0,1.0,1.0,4.0,2260558,1.0,1,4,1,1.0,,0.0,0,1977.0,B01,138Â 207Â 548,2.0,0.0,-1.0,1725507,2.0,33,,0.0,2.0,3.0,B01,138Â 207Â 548,1.0
1010864,201900052395,3,29,08:45,1,2,3,1.0,3.0,75120,RUE DES MARAICHERS,M,"48,8525230","2,4066970",75,2019,50.0,1.0,1.0,4.0,2260559,1.0,1,1,2,1.0,,0.0,0,1972.0,A01,138Â 207Â 545,1.0,0.0,-1.0,1725508,1.0,7,,0.0,2.0,3.0,A01,138Â 207Â 545,1.0
1010864,201900052395,3,29,08:45,1,2,3,1.0,3.0,75120,RUE DES MARAICHERS,M,"48,8525230","2,4066970",75,2019,50.0,1.0,1.0,4.0,2260559,1.0,1,1,2,1.0,,0.0,0,1972.0,A01,138Â 207Â 545,1.0,0.0,-1.0,1725509,1.0,1,,0.0,2.0,1.0,B01,138Â 207Â 546,5.0
1010864,201900052395,3,29,08:45,1,2,3,1.0,3.0,75120,RUE DES MARAICHERS,M,"48,8525230","2,4066970",75,2019,50.0,1.0,1.0,4.0,2260560,1.0,1,4,1,2.0,,0.0,0,2005.0,B01,138Â 207Â 546,8.0,0.0,-1.0,1725508,1.0,7,,0.0,2.0,3.0,A01,138Â 207Â 545,1.0
1010864,201900052395,3,29,08:45,1,2,3,1.0,3.0,75120,RUE DES MARAICHERS,M,"48,8525230","2,4066970",75,2019,50.0,1.0,1.0,4.0,2260560,1.0,1,4,1,2.0,,0.0,0,2005.0,B01,138Â 207Â 546,8.0,0.0,-1.0,1725509,1.0,1,,0.0,2.0,1.0,B01,138Â 207Â 546,5.0
1010865,201900052396,7,11,21:00,5,2,1,1.0,6.0,66136,LESAGE (ALAIN),M,"42,6897700","2,8867600",66,2019,30.0,1.0,1.0,4.0,2260561,1.0,1,1,1,0.0,,0.0,0,1973.0,A01,138Â 207Â 544,1.0,8.0,-1.0,1725510,1.0,7,,0.0,1.0,1.0,A01,138Â 207Â 544,1.0
1010865,201900052396,7,11,21:00,5,2,1,1.0,6.0,66136,LESAGE (ALAIN),M,"42,6897700","2,8867600",66,2019,30.0,1.0,1.0,4.0,2260562,10.0,3,4,1,5.0,,2.0,3,2008.0,A01,138Â 207Â 544,8.0,0.0,-1.0,1725510,1.0,7,,0.0,1.0,1.0,A01,138Â 207Â 544,1.0
1010866,201900052397,3,30,18:00,1,2,1,1.0,3.0,75119,AVENUE CORENTIN CARIOU,M,"48,8968940","2,3846700",75,2019,50.0,1.0,1.0,4.0,2260563,1.0,1,1,1,0.0,,0.0,0,1964.0,A01,138Â 207Â 542,1.0,0.0,-1.0,1725511,1.0,7,,0.0,2.0,1.0,A01,138Â 207Â 542,1.0
1010866,201900052397,3,30,18:00,1,2,1,1.0,3.0,75119,AVENUE CORENTIN CARIOU,M,"48,8968940","2,3846700",75,2019,50.0,1.0,1.0,4.0,2260563,1.0,1,1,1,0.0,,0.0,0,1964.0,A01,138Â 207Â 542,1.0,0.0,-1.0,1725512,1.0,2,,0.0,2.0,7.0,B01,138Â 207Â 543,1.0
1010866,201900052397,3,30,18:00,1,2,1,1.0,3.0,75119,AVENUE CORENTIN CARIOU,M,"48,8968940","2,3846700",75,2019,50.0,1.0,1.0,4.0,2260564,1.0,1,4,1,0.0,,0.0,0,1994.0,B01,138Â 207Â 543,2.0,6.0,-1.0,1725511,1.0,7,,0.0,2.0,1.0,A01,138Â 207Â 542,1.0