Unnamed: 0_x,num_acc,mois,jour,hrmn,lum,agg,int,atm,col,com,adr,gps,lat,long,dep,annee,vma,situ,surf,catr,Unnamed: 0_y,place,catu,grav,sexe,trajet,secu,locp,actp,an_nais,num_veh_x,id_vehicule_x,secu1,secu2,secu3,Unnamed: 0,senc,catv,occutc,obs,obsm,choc,num_veh_y,id_vehicule_y,motor
1010866,201900052397,3,30,18:00,1,2,1,1.0,3.0,75119,AVENUE CORENTIN CARIOU,M,"48,8968940","2,3846700",75,2019,50.0,1.0,1.0,4.0,2260564,1.0,1,4,1,0.0,,0.0,0,1994.0,B01,138Â 207Â 543,2.0,6.0,-1.0,1725512,1.0,2,,0.0,2.0,7.0,B01,138Â 207Â 543,1.0
1010867,201900052398,7,10,16:20,1,2,1,1.0,7.0,66136,CABESTANY-A-BOMPAS CHEMIN DE,M,"42,6996700","2,9283000",66,2019,50.0,1.0,1.0,4.0,2260565,1.0,1,3,1,0.0,,0.0,0,1988.0,A01,138Â 207Â 541,8.0,0.0,-1.0,1725513,2.0,1,,0.0,2.0,0.0,A01,138Â 207Â 541,5.0
1010868,201900052399,3,30,18:25,1,2,2,1.0,3.0,75119,BOULEVARD DE LA VILLETTE,M,"48,8824800","2,3703850",75,2019,50.0,1.0,1.0,4.0,2260566,1.0,1,1,1,0.0,,0.0,0,1966.0,A01,138Â 207Â 538,1.0,0.0,-1.0,1725514,1.0,10,,0.0,2.0,2.0,A01,138Â 207Â 538,1.0
1010868,201900052399,3,30,18:25,1,2,2,1.0,3.0,75119,BOULEVARD DE LA VILLETTE,M,"48,8824800","2,3703850",75,2019,50.0,1.0,1.0,4.0,2260566,1.0,1,1,1,0.0,,0.0,0,1966.0,A01,138Â 207Â 538,1.0,0.0,-1.0,1725515,1.0,2,,0.0,2.0,8.0,B01,138Â 207Â 540,1.0
1010868,201900052399,3,30,18:25,1,2,2,1.0,3.0,75119,BOULEVARD DE LA VILLETTE,M,"48,8824800","2,3703850",75,2019,50.0,1.0,1.0,4.0,2260567,1.0,1,4,1,0.0,,0.0,0,1985.0,B01,138Â 207Â 540,2.0,6.0,-1.0,1725514,1.0,10,,0.0,2.0,2.0,A01,138Â 207Â 538,1.0
1010868,201900052399,3,30,18:25,1,2,2,1.0,3.0,75119,BOULEVARD DE LA VILLETTE,M,"48,8824800","2,3703850",75,2019,50.0,1.0,1.0,4.0,2260567,1.0,1,4,1,0.0,,0.0,0,1985.0,B01,138Â 207Â 540,2.0,6.0,-1.0,1725515,1.0,2,,0.0,2.0,8.0,B01,138Â 207Â 540,1.0
1010869,201900052400,7,11,20:20,1,2,1,1.0,2.0,64189,Route de la Corniche,M,"43,3901390"," -1,6856560",64,2019,50.0,3.0,1.0,3.0,2260568,1.0,1,1,2,0.0,,-1.0,0,1995.0,B01,138Â 207Â 537,1.0,0.0,-1.0,1725516,1.0,7,,0.0,2.0,4.0,B01,138Â 207Â 537,1.0
1010869,201900052400,7,11,20:20,1,2,1,1.0,2.0,64189,Route de la Corniche,M,"43,3901390"," -1,6856560",64,2019,50.0,3.0,1.0,3.0,2260568,1.0,1,1,2,0.0,,-1.0,0,1995.0,B01,138Â 207Â 537,1.0,0.0,-1.0,1725517,1.0,2,,0.0,2.0,1.0,A01,138Â 207Â 539,1.0
1010869,201900052400,7,11,20:20,1,2,1,1.0,2.0,64189,Route de la Corniche,M,"43,3901390"," -1,6856560",64,2019,50.0,3.0,1.0,3.0,2260569,1.0,1,4,2,0.0,,-1.0,0,2001.0,A01,138Â 207Â 539,2.0,6.0,-1.0,1725516,1.0,7,,0.0,2.0,4.0,B01,138Â 207Â 537,1.0
1010869,201900052400,7,11,20:20,1,2,1,1.0,2.0,64189,Route de la Corniche,M,"43,3901390"," -1,6856560",64,2019,50.0,3.0,1.0,3.0,2260569,1.0,1,4,2,0.0,,-1.0,0,2001.0,A01,138Â 207Â 539,2.0,6.0,-1.0,1725517,1.0,2,,0.0,2.0,1.0,A01,138Â 207Â 539,1.0
1010870,201900052401,3,30,08:50,1,2,2,1.0,6.0,75110,BOULEVARD DE LA VILLETTE,M,"48,8814910","2,3700460",75,2019,50.0,1.0,1.0,4.0,2260570,1.0,1,4,1,5.0,,0.0,0,1970.0,A01,138Â 207Â 536,1.0,0.0,-1.0,1725518,1.0,7,,0.0,2.0,6.0,Z01,138Â 207Â 535,1.0
1010870,201900052401,3,30,08:50,1,2,2,1.0,6.0,75110,BOULEVARD DE LA VILLETTE,M,"48,8814910","2,3700460",75,2019,50.0,1.0,1.0,4.0,2260570,1.0,1,4,1,5.0,,0.0,0,1970.0,A01,138Â 207Â 536,1.0,0.0,-1.0,1725519,2.0,10,,0.0,2.0,1.0,A01,138Â 207Â 536,1.0
1010870,201900052401,3,30,08:50,1,2,2,1.0,6.0,75110,BOULEVARD DE LA VILLETTE,M,"48,8814910","2,3700460",75,2019,50.0,1.0,1.0,4.0,2260571,3.0,2,4,2,0.0,,0.0,0,2009.0,A01,138Â 207Â 536,1.0,0.0,-1.0,1725518,1.0,7,,0.0,2.0,6.0,Z01,138Â 207Â 535,1.0
1010870,201900052401,3,30,08:50,1,2,2,1.0,6.0,75110,BOULEVARD DE LA VILLETTE,M,"48,8814910","2,3700460",75,2019,50.0,1.0,1.0,4.0,2260571,3.0,2,4,2,0.0,,0.0,0,2009.0,A01,138Â 207Â 536,1.0,0.0,-1.0,1725519,2.0,10,,0.0,2.0,1.0,A01,138Â 207Â 536,1.0
1010870,201900052401,3,30,08:50,1,2,2,1.0,6.0,75110,BOULEVARD DE LA VILLETTE,M,"48,8814910","2,3700460",75,2019,50.0,1.0,1.0,4.0,2260572,4.0,2,4,2,0.0,,0.0,0,2011.0,A01,138Â 207Â 536,1.0,0.0,-1.0,1725518,1.0,7,,0.0,2.0,6.0,Z01,138Â 207Â 535,1.0
1010870,201900052401,3,30,08:50,1,2,2,1.0,6.0,75110,BOULEVARD DE LA VILLETTE,M,"48,8814910","2,3700460",75,2019,50.0,1.0,1.0,4.0,2260572,4.0,2,4,2,0.0,,0.0,0,2011.0,A01,138Â 207Â 536,1.0,0.0,-1.0,1725519,2.0,10,,0.0,2.0,1.0,A01,138Â 207Â 536,1.0
1010871,201900052402,3,29,08:25,1,2,1,1.0,6.0,75119,AVENUE SIMON BOLIVAR,M,"48,8764590","2,3780370",75,2019,50.0,1.0,1.0,4.0,2260573,10.0,3,1,1,2.0,,4.0,3,2014.0,A01,138Â 207Â 531,8.0,0.0,-1.0,1725520,1.0,1,,11.0,1.0,1.0,A01,138Â 207Â 531,5.0
1010871,201900052402,3,29,08:25,1,2,1,1.0,6.0,75119,AVENUE SIMON BOLIVAR,M,"48,8764590","2,3780370",75,2019,50.0,1.0,1.0,4.0,2260574,1.0,1,1,2,1.0,,0.0,0,1988.0,A01,138Â 207Â 531,8.0,0.0,-1.0,1725520,1.0,1,,11.0,1.0,1.0,A01,138Â 207Â 531,5.0
1010871,201900052402,3,29,08:25,1,2,1,1.0,6.0,75119,AVENUE SIMON BOLIVAR,M,"48,8764590","2,3780370",75,2019,50.0,1.0,1.0,4.0,2260575,10.0,3,4,2,2.0,,4.0,3,1971.0,A01,138Â 207Â 531,8.0,0.0,-1.0,1725520,1.0,1,,11.0,1.0,1.0,A01,138Â 207Â 531,5.0
1010872,201900052403,3,28,20:38,5,2,2,1.0,6.0,75119,RUE RIQUET,M,"48,8892500","2,3712850",75,2019,50.0,1.0,1.0,4.0,2260576,10.0,3,4,1,0.0,,2.0,3,2002.0,A01,138Â 207Â 530,8.0,0.0,-1.0,1725521,1.0,10,,0.0,1.0,3.0,A01,138Â 207Â 530,1.0
1010872,201900052403,3,28,20:38,5,2,2,1.0,6.0,75119,RUE RIQUET,M,"48,8892500","2,3712850",75,2019,50.0,1.0,1.0,4.0,2260577,1.0,1,1,1,1.0,,0.0,0,1963.0,A01,138Â 207Â 530,1.0,0.0,-1.0,1725521,1.0,10,,0.0,1.0,3.0,A01,138Â 207Â 530,1.0
1010873,201900052404,3,29,19:40,5,2,5,1.0,3.0,75118,AVENUE DE LA PORTE DE CLIGNANCOURT,M,"48,8980760","2,3443710",75,2019,50.0,1.0,1.0,4.0,2260578,1.0,1,1,1,9.0,,0.0,0,1987.0,A01,138Â 207Â 528,1.0,8.0,-1.0,1725522,1.0,7,,0.0,2.0,1.0,A01,138Â 207Â 528,1.0
1010873,201900052404,3,29,19:40,5,2,5,1.0,3.0,75118,AVENUE DE LA PORTE DE CLIGNANCOURT,M,"48,8980760","2,3443710",75,2019,50.0,1.0,1.0,4.0,2260578,1.0,1,1,1,9.0,,0.0,0,1987.0,A01,138Â 207Â 528,1.0,8.0,-1.0,1725523,1.0,30,,0.0,2.0,8.0,B01,138Â 207Â 529,1.0
1010873,201900052404,3,29,19:40,5,2,5,1.0,3.0,75118,AVENUE DE LA PORTE DE CLIGNANCOURT,M,"48,8980760","2,3443710",75,2019,50.0,1.0,1.0,4.0,2260579,2.0,2,4,2,9.0,,0.0,0,1983.0,B01,138Â 207Â 529,2.0,8.0,-1.0,1725522,1.0,7,,0.0,2.0,1.0,A01,138Â 207Â 528,1.0
1010873,201900052404,3,29,19:40,5,2,5,1.0,3.0,75118,AVENUE DE LA PORTE DE CLIGNANCOURT,M,"48,8980760","2,3443710",75,2019,50.0,1.0,1.0,4.0,2260579,2.0,2,4,2,9.0,,0.0,0,1983.0,B01,138Â 207Â 529,2.0,8.0,-1.0,1725523,1.0,30,,0.0,2.0,8.0,B01,138Â 207Â 529,1.0
1010873,201900052404,3,29,19:40,5,2,5,1.0,3.0,75118,AVENUE DE LA PORTE DE CLIGNANCOURT,M,"48,8980760","2,3443710",75,2019,50.0,1.0,1.0,4.0,2260580,1.0,1,4,2,9.0,,0.0,0,1987.0,B01,138Â 207Â 529,2.0,8.0,-1.0,1725522,1.0,7,,0.0,2.0,1.0,A01,138Â 207Â 528,1.0
1010873,201900052404,3,29,19:40,5,2,5,1.0,3.0,75118,AVENUE DE LA PORTE DE CLIGNANCOURT,M,"48,8980760","2,3443710",75,2019,50.0,1.0,1.0,4.0,2260580,1.0,1,4,2,9.0,,0.0,0,1987.0,B01,138Â 207Â 529,2.0,8.0,-1.0,1725523,1.0,30,,0.0,2.0,8.0,B01,138Â 207Â 529,1.0
1010874,201900052405,7,3,23:15,5,2,1,1.0,2.0,64483,HUGO VICTOR (BOULEVARD),M,"43,3882330"," -1,6595880",64,2019,30.0,1.0,1.0,4.0,2260581,1.0,1,1,2,0.0,,-1.0,0,1983.0,A01,138Â 207Â 533,1.0,0.0,-1.0,1725524,2.0,7,,0.0,2.0,8.0,A01,138Â 207Â 533,0.0
1010874,201900052405,7,3,23:15,5,2,1,1.0,2.0,64483,HUGO VICTOR (BOULEVARD),M,"43,3882330"," -1,6595880",64,2019,30.0,1.0,1.0,4.0,2260581,1.0,1,1,2,0.0,,-1.0,0,1983.0,A01,138Â 207Â 533,1.0,0.0,-1.0,1725525,2.0,2,,0.0,2.0,1.0,B01,138Â 207Â 534,1.0
1010874,201900052405,7,3,23:15,5,2,1,1.0,2.0,64483,HUGO VICTOR (BOULEVARD),M,"43,3882330"," -1,6595880",64,2019,30.0,1.0,1.0,4.0,2260582,1.0,1,4,2,0.0,,-1.0,0,2000.0,B01,138Â 207Â 534,2.0,6.0,-1.0,1725524,2.0,7,,0.0,2.0,8.0,A01,138Â 207Â 533,0.0
1010874,201900052405,7,3,23:15,5,2,1,1.0,2.0,64483,HUGO VICTOR (BOULEVARD),M,"43,3882330"," -1,6595880",64,2019,30.0,1.0,1.0,4.0,2260582,1.0,1,4,2,0.0,,-1.0,0,2000.0,B01,138Â 207Â 534,2.0,6.0,-1.0,1725525,2.0,2,,0.0,2.0,1.0,B01,138Â 207Â 534,1.0
1010875,201900052406,3,28,23:10,5,2,2,1.0,6.0,75118,AVENUE DE LA PORTE DE CLIGNANCOURT,M,"48,8978720","2,3443210",75,2019,50.0,1.0,1.0,4.0,2260583,4.0,2,3,2,5.0,,0.0,0,1955.0,A01,138Â 207Â 527,2.0,6.0,-1.0,1725526,1.0,7,,0.0,0.0,0.0,Z01,138Â 207Â 525,0.0
1010875,201900052406,3,28,23:10,5,2,2,1.0,6.0,75118,AVENUE DE LA PORTE DE CLIGNANCOURT,M,"48,8978720","2,3443210",75,2019,50.0,1.0,1.0,4.0,2260583,4.0,2,3,2,5.0,,0.0,0,1955.0,A01,138Â 207Â 527,2.0,6.0,-1.0,1725527,1.0,32,,0.0,2.0,2.0,A01,138Â 207Â 527,1.0
1010875,201900052406,3,28,23:10,5,2,2,1.0,6.0,75118,AVENUE DE LA PORTE DE CLIGNANCOURT,M,"48,8978720","2,3443210",75,2019,50.0,1.0,1.0,4.0,2260584,1.0,1,1,1,5.0,,0.0,0,1957.0,A01,138Â 207Â 527,2.0,6.0,-1.0,1725526,1.0,7,,0.0,0.0,0.0,Z01,138Â 207Â 525,0.0
1010875,201900052406,3,28,23:10,5,2,2,1.0,6.0,75118,AVENUE DE LA PORTE DE CLIGNANCOURT,M,"48,8978720","2,3443210",75,2019,50.0,1.0,1.0,4.0,2260584,1.0,1,1,1,5.0,,0.0,0,1957.0,A01,138Â 207Â 527,2.0,6.0,-1.0,1725527,1.0,32,,0.0,2.0,2.0,A01,138Â 207Â 527,1.0
1010876,201900052407,3,28,08:30,1,2,2,1.0,3.0,75118,RUE DE LA CHAPELLE,M,"48,8954980","2,3593240",75,2019,50.0,1.0,1.0,4.0,2260585,1.0,1,4,1,1.0,,0.0,0,1974.0,B01,138Â 207Â 521,2.0,6.0,-1.0,1725528,2.0,32,,0.0,2.0,7.0,B01,138Â 207Â 521,1.0
1010876,201900052407,3,28,08:30,1,2,2,1.0,3.0,75118,RUE DE LA CHAPELLE,M,"48,8954980","2,3593240",75,2019,50.0,1.0,1.0,4.0,2260585,1.0,1,4,1,1.0,,0.0,0,1974.0,B01,138Â 207Â 521,2.0,6.0,-1.0,1725529,2.0,10,,0.0,2.0,8.0,A01,138Â 207Â 522,1.0
1010876,201900052407,3,28,08:30,1,2,2,1.0,3.0,75118,RUE DE LA CHAPELLE,M,"48,8954980","2,3593240",75,2019,50.0,1.0,1.0,4.0,2260586,1.0,1,1,1,1.0,,0.0,0,1967.0,A01,138Â 207Â 522,1.0,0.0,-1.0,1725528,2.0,32,,0.0,2.0,7.0,B01,138Â 207Â 521,1.0
1010876,201900052407,3,28,08:30,1,2,2,1.0,3.0,75118,RUE DE LA CHAPELLE,M,"48,8954980","2,3593240",75,2019,50.0,1.0,1.0,4.0,2260586,1.0,1,1,1,1.0,,0.0,0,1967.0,A01,138Â 207Â 522,1.0,0.0,-1.0,1725529,2.0,10,,0.0,2.0,8.0,A01,138Â 207Â 522,1.0
1010877,201900052408,7,11,14:15,1,2,1,1.0,4.0,64129,BAYONNE DE,M,"43,3011300"," -0,3945400",64,2019,50.0,1.0,1.0,4.0,2260587,1.0,1,4,2,0.0,,-1.0,0,1992.0,C01,138Â 207Â 523,1.0,0.0,-1.0,1725530,1.0,7,,0.0,2.0,4.0,C01,138Â 207Â 523,1.0
1010877,201900052408,7,11,14:15,1,2,1,1.0,4.0,64129,BAYONNE DE,M,"43,3011300"," -0,3945400",64,2019,50.0,1.0,1.0,4.0,2260587,1.0,1,4,2,0.0,,-1.0,0,1992.0,C01,138Â 207Â 523,1.0,0.0,-1.0,1725531,1.0,7,,0.0,2.0,4.0,B01,138Â 207Â 524,1.0
1010877,201900052408,7,11,14:15,1,2,1,1.0,4.0,64129,BAYONNE DE,M,"43,3011300"," -0,3945400",64,2019,50.0,1.0,1.0,4.0,2260587,1.0,1,4,2,0.0,,-1.0,0,1992.0,C01,138Â 207Â 523,1.0,0.0,-1.0,1725532,1.0,7,,0.0,2.0,1.0,A01,138Â 207Â 526,1.0
1010877,201900052408,7,11,14:15,1,2,1,1.0,4.0,64129,BAYONNE DE,M,"43,3011300"," -0,3945400",64,2019,50.0,1.0,1.0,4.0,2260588,1.0,1,4,2,0.0,,0.0,0,1971.0,B01,138Â 207Â 524,1.0,0.0,-1.0,1725530,1.0,7,,0.0,2.0,4.0,C01,138Â 207Â 523,1.0
1010877,201900052408,7,11,14:15,1,2,1,1.0,4.0,64129,BAYONNE DE,M,"43,3011300"," -0,3945400",64,2019,50.0,1.0,1.0,4.0,2260588,1.0,1,4,2,0.0,,0.0,0,1971.0,B01,138Â 207Â 524,1.0,0.0,-1.0,1725531,1.0,7,,0.0,2.0,4.0,B01,138Â 207Â 524,1.0
1010877,201900052408,7,11,14:15,1,2,1,1.0,4.0,64129,BAYONNE DE,M,"43,3011300"," -0,3945400",64,2019,50.0,1.0,1.0,4.0,2260588,1.0,1,4,2,0.0,,0.0,0,1971.0,B01,138Â 207Â 524,1.0,0.0,-1.0,1725532,1.0,7,,0.0,2.0,1.0,A01,138Â 207Â 526,1.0
1010877,201900052408,7,11,14:15,1,2,1,1.0,4.0,64129,BAYONNE DE,M,"43,3011300"," -0,3945400",64,2019,50.0,1.0,1.0,4.0,2260589,1.0,1,1,1,0.0,,0.0,0,1995.0,A01,138Â 207Â 526,1.0,0.0,-1.0,1725530,1.0,7,,0.0,2.0,4.0,C01,138Â 207Â 523,1.0
1010877,201900052408,7,11,14:15,1,2,1,1.0,4.0,64129,BAYONNE DE,M,"43,3011300"," -0,3945400",64,2019,50.0,1.0,1.0,4.0,2260589,1.0,1,1,1,0.0,,0.0,0,1995.0,A01,138Â 207Â 526,1.0,0.0,-1.0,1725531,1.0,7,,0.0,2.0,4.0,B01,138Â 207Â 524,1.0
1010877,201900052408,7,11,14:15,1,2,1,1.0,4.0,64129,BAYONNE DE,M,"43,3011300"," -0,3945400",64,2019,50.0,1.0,1.0,4.0,2260589,1.0,1,1,1,0.0,,0.0,0,1995.0,A01,138Â 207Â 526,1.0,0.0,-1.0,1725532,1.0,7,,0.0,2.0,1.0,A01,138Â 207Â 526,1.0
1010878,201900052409,3,30,20:30,5,2,1,1.0,2.0,75117,BOULEVARD GOUVION SAINT CYR,M,"48,8804250","2,2852410",75,2019,30.0,1.0,1.0,4.0,2260590,2.0,2,4,2,0.0,,0.0,0,1993.0,A01,138Â 207Â 519,1.0,0.0,-1.0,1725533,2.0,7,,0.0,2.0,1.0,A01,138Â 207Â 519,1.0
1010878,201900052409,3,30,20:30,5,2,1,1.0,2.0,75117,BOULEVARD GOUVION SAINT CYR,M,"48,8804250","2,2852410",75,2019,30.0,1.0,1.0,4.0,2260590,2.0,2,4,2,0.0,,0.0,0,1993.0,A01,138Â 207Â 519,1.0,0.0,-1.0,1725534,2.0,38,1.0,0.0,2.0,4.0,B01,138Â 207Â 520,1.0
1010878,201900052409,3,30,20:30,5,2,1,1.0,2.0,75117,BOULEVARD GOUVION SAINT CYR,M,"48,8804250","2,2852410",75,2019,30.0,1.0,1.0,4.0,2260591,1.0,1,1,1,0.0,,0.0,0,1990.0,A01,138Â 207Â 519,1.0,0.0,-1.0,1725533,2.0,7,,0.0,2.0,1.0,A01,138Â 207Â 519,1.0
1010878,201900052409,3,30,20:30,5,2,1,1.0,2.0,75117,BOULEVARD GOUVION SAINT CYR,M,"48,8804250","2,2852410",75,2019,30.0,1.0,1.0,4.0,2260591,1.0,1,1,1,0.0,,0.0,0,1990.0,A01,138Â 207Â 519,1.0,0.0,-1.0,1725534,2.0,38,1.0,0.0,2.0,4.0,B01,138Â 207Â 520,1.0
1010878,201900052409,3,30,20:30,5,2,1,1.0,2.0,75117,BOULEVARD GOUVION SAINT CYR,M,"48,8804250","2,2852410",75,2019,30.0,1.0,1.0,4.0,2260592,1.0,1,1,1,4.0,,0.0,0,1968.0,B01,138Â 207Â 520,1.0,0.0,-1.0,1725533,2.0,7,,0.0,2.0,1.0,A01,138Â 207Â 519,1.0
1010878,201900052409,3,30,20:30,5,2,1,1.0,2.0,75117,BOULEVARD GOUVION SAINT CYR,M,"48,8804250","2,2852410",75,2019,30.0,1.0,1.0,4.0,2260592,1.0,1,1,1,4.0,,0.0,0,1968.0,B01,138Â 207Â 520,1.0,0.0,-1.0,1725534,2.0,38,1.0,0.0,2.0,4.0,B01,138Â 207Â 520,1.0
1010879,201900052410,7,11,12:00,1,2,1,1.0,3.0,64445,TOURASSE,M,"43,3084000"," -0,3402800",64,2019,50.0,3.0,1.0,4.0,2260593,1.0,1,4,1,1.0,,-1.0,0,1996.0,A01,138Â 207Â 517,2.0,6.0,-1.0,1725535,2.0,33,,0.0,2.0,1.0,A01,138Â 207Â 517,1.0
1010879,201900052410,7,11,12:00,1,2,1,1.0,3.0,64445,TOURASSE,M,"43,3084000"," -0,3402800",64,2019,50.0,3.0,1.0,4.0,2260593,1.0,1,4,1,1.0,,-1.0,0,1996.0,A01,138Â 207Â 517,2.0,6.0,-1.0,1725536,2.0,7,,0.0,2.0,6.0,B01,138Â 207Â 518,1.0
1010879,201900052410,7,11,12:00,1,2,1,1.0,3.0,64445,TOURASSE,M,"43,3084000"," -0,3402800",64,2019,50.0,3.0,1.0,4.0,2260594,1.0,1,1,1,1.0,,-1.0,0,1972.0,B01,138Â 207Â 518,1.0,0.0,-1.0,1725535,2.0,33,,0.0,2.0,1.0,A01,138Â 207Â 517,1.0
1010879,201900052410,7,11,12:00,1,2,1,1.0,3.0,64445,TOURASSE,M,"43,3084000"," -0,3402800",64,2019,50.0,3.0,1.0,4.0,2260594,1.0,1,1,1,1.0,,-1.0,0,1972.0,B01,138Â 207Â 518,1.0,0.0,-1.0,1725536,2.0,7,,0.0,2.0,6.0,B01,138Â 207Â 518,1.0
1010880,201900052411,3,29,06:07,1,2,2,1.0,6.0,75117,RUE JEAN OESTREICHER,M,"48,8870780","2,2895650",75,2019,30.0,1.0,1.0,4.0,2260595,1.0,1,1,1,5.0,,0.0,0,1982.0,A01,138Â 207Â 516,1.0,0.0,-1.0,1725537,1.0,7,,0.0,1.0,1.0,A01,138Â 207Â 516,1.0
1010880,201900052411,3,29,06:07,1,2,2,1.0,6.0,75117,RUE JEAN OESTREICHER,M,"48,8870780","2,2895650",75,2019,30.0,1.0,1.0,4.0,2260596,10.0,3,4,2,0.0,,3.0,3,1961.0,A01,138Â 207Â 516,8.0,0.0,-1.0,1725537,1.0,7,,0.0,1.0,1.0,A01,138Â 207Â 516,1.0
1010881,201900052412,7,11,08:30,1,2,1,1.0,1.0,64335,D817,M,"43,3422231"," -0,4107541",64,2019,70.0,1.0,1.0,3.0,2260597,1.0,1,4,1,0.0,,-1.0, -1,1960.0,B01,138Â 207Â 514,1.0,0.0,-1.0,1725538,1.0,7,,0.0,2.0,8.0,B01,138Â 207Â 514,1.0
1010881,201900052412,7,11,08:30,1,2,1,1.0,1.0,64335,D817,M,"43,3422231"," -0,4107541",64,2019,70.0,1.0,1.0,3.0,2260597,1.0,1,4,1,0.0,,-1.0, -1,1960.0,B01,138Â 207Â 514,1.0,0.0,-1.0,1725539,1.0,7,,0.0,2.0,9.0,A01,138Â 207Â 515,1.0
1010881,201900052412,7,11,08:30,1,2,1,1.0,1.0,64335,D817,M,"43,3422231"," -0,4107541",64,2019,70.0,1.0,1.0,3.0,2260598,1.0,1,4,2,1.0,,-1.0, -1,1966.0,A01,138Â 207Â 515,1.0,0.0,-1.0,1725538,1.0,7,,0.0,2.0,8.0,B01,138Â 207Â 514,1.0
1010881,201900052412,7,11,08:30,1,2,1,1.0,1.0,64335,D817,M,"43,3422231"," -0,4107541",64,2019,70.0,1.0,1.0,3.0,2260598,1.0,1,4,2,1.0,,-1.0, -1,1966.0,A01,138Â 207Â 515,1.0,0.0,-1.0,1725539,1.0,7,,0.0,2.0,9.0,A01,138Â 207Â 515,1.0
1010882,201900052413,3,30,16:35,1,2,2,1.0,6.0,75108,AVENUE CESAR CAIRE,M,"48,8767130","2,3193020",75,2019,50.0,1.0,1.0,4.0,2260599,2.0,2,4,2,5.0,,0.0,0,1987.0,A01,138Â 207Â 512,2.0,6.0,-1.0,1725540,1.0,33,,0.0,2.0,7.0,A01,138Â 207Â 512,1.0
1010882,201900052413,3,30,16:35,1,2,2,1.0,6.0,75108,AVENUE CESAR CAIRE,M,"48,8767130","2,3193020",75,2019,50.0,1.0,1.0,4.0,2260599,2.0,2,4,2,5.0,,0.0,0,1987.0,A01,138Â 207Â 512,2.0,6.0,-1.0,1725541,1.0,7,,0.0,2.0,1.0,Z01,138Â 207Â 513,1.0
1010882,201900052413,3,30,16:35,1,2,2,1.0,6.0,75108,AVENUE CESAR CAIRE,M,"48,8767130","2,3193020",75,2019,50.0,1.0,1.0,4.0,2260600,1.0,1,4,1,5.0,,0.0,0,1986.0,A01,138Â 207Â 512,2.0,6.0,-1.0,1725540,1.0,33,,0.0,2.0,7.0,A01,138Â 207Â 512,1.0
1010882,201900052413,3,30,16:35,1,2,2,1.0,6.0,75108,AVENUE CESAR CAIRE,M,"48,8767130","2,3193020",75,2019,50.0,1.0,1.0,4.0,2260600,1.0,1,4,1,5.0,,0.0,0,1986.0,A01,138Â 207Â 512,2.0,6.0,-1.0,1725541,1.0,7,,0.0,2.0,1.0,Z01,138Â 207Â 513,1.0
1010883,201900052414,3,30,01:40,5,2,2,1.0,3.0,75116,AVENUE KLEBER,M,"48,8650530","2,2887160",75,2019,50.0,1.0,1.0,4.0,2260601,1.0,1,1,1,4.0,,0.0,0,1973.0,A01,138Â 207Â 508,1.0,0.0,-1.0,1725542,1.0,7,,0.0,2.0,3.0,A01,138Â 207Â 508,1.0
1010883,201900052414,3,30,01:40,5,2,2,1.0,3.0,75116,AVENUE KLEBER,M,"48,8650530","2,2887160",75,2019,50.0,1.0,1.0,4.0,2260601,1.0,1,1,1,4.0,,0.0,0,1973.0,A01,138Â 207Â 508,1.0,0.0,-1.0,1725543,2.0,2,,0.0,2.0,1.0,B01,138Â 207Â 509,3.0
1010883,201900052414,3,30,01:40,5,2,2,1.0,3.0,75116,AVENUE KLEBER,M,"48,8650530","2,2887160",75,2019,50.0,1.0,1.0,4.0,2260602,1.0,1,4,1,9.0,,0.0,0,1992.0,B01,138Â 207Â 509,2.0,6.0,-1.0,1725542,1.0,7,,0.0,2.0,3.0,A01,138Â 207Â 508,1.0
1010883,201900052414,3,30,01:40,5,2,2,1.0,3.0,75116,AVENUE KLEBER,M,"48,8650530","2,2887160",75,2019,50.0,1.0,1.0,4.0,2260602,1.0,1,4,1,9.0,,0.0,0,1992.0,B01,138Â 207Â 509,2.0,6.0,-1.0,1725543,2.0,2,,0.0,2.0,1.0,B01,138Â 207Â 509,3.0
1010884,201900052415,7,10,17:20,1,2,1,1.0,3.0,64122,7 RUE LUIS MARIANO ,M,"43,4593933"," -1,5426900",64,2019,30.0,1.0,1.0,3.0,2260603,1.0,1,1,1,5.0,,0.0,0,1989.0,A01,138Â 207Â 510,1.0,5.0,-1.0,1725544,1.0,7,,0.0,2.0,8.0,A01,138Â 207Â 510,1.0
1010884,201900052415,7,10,17:20,1,2,1,1.0,3.0,64122,7 RUE LUIS MARIANO ,M,"43,4593933"," -1,5426900",64,2019,30.0,1.0,1.0,3.0,2260603,1.0,1,1,1,5.0,,0.0,0,1989.0,A01,138Â 207Â 510,1.0,5.0,-1.0,1725545,1.0,32,,1.0,2.0,1.0,B01,138Â 207Â 511,1.0
1010884,201900052415,7,10,17:20,1,2,1,1.0,3.0,64122,7 RUE LUIS MARIANO ,M,"43,4593933"," -1,5426900",64,2019,30.0,1.0,1.0,3.0,2260604,2.0,2,1,1,5.0,,0.0,0,2004.0,B01,138Â 207Â 511,2.0,6.0,-1.0,1725544,1.0,7,,0.0,2.0,8.0,A01,138Â 207Â 510,1.0
1010884,201900052415,7,10,17:20,1,2,1,1.0,3.0,64122,7 RUE LUIS MARIANO ,M,"43,4593933"," -1,5426900",64,2019,30.0,1.0,1.0,3.0,2260604,2.0,2,1,1,5.0,,0.0,0,2004.0,B01,138Â 207Â 511,2.0,6.0,-1.0,1725545,1.0,32,,1.0,2.0,1.0,B01,138Â 207Â 511,1.0