Unnamed: 0_x,num_acc,mois,jour,hrmn,lum,agg,int,atm,col,com,adr,gps,lat,long,dep,annee,vma,situ,surf,catr,Unnamed: 0_y,place,catu,grav,sexe,trajet,secu,locp,actp,an_nais,num_veh_x,id_vehicule_x,secu1,secu2,secu3,Unnamed: 0,senc,catv,occutc,obs,obsm,choc,num_veh_y,id_vehicule_y,motor
1010884,201900052415,7,10,17:20,1,2,1,1.0,3.0,64122,7 RUE LUIS MARIANO ,M,"43,4593933"," -1,5426900",64,2019,30.0,1.0,1.0,3.0,2260605,1.0,1,3,1,5.0,,0.0,0,1976.0,B01,138Â 207Â 511,2.0,6.0,-1.0,1725544,1.0,7,,0.0,2.0,8.0,A01,138Â 207Â 510,1.0
1010884,201900052415,7,10,17:20,1,2,1,1.0,3.0,64122,7 RUE LUIS MARIANO ,M,"43,4593933"," -1,5426900",64,2019,30.0,1.0,1.0,3.0,2260605,1.0,1,3,1,5.0,,0.0,0,1976.0,B01,138Â 207Â 511,2.0,6.0,-1.0,1725545,1.0,32,,1.0,2.0,1.0,B01,138Â 207Â 511,1.0
1010885,201900052416,3,29,15:30,1,2,2,1.0,6.0,75116,AVENUE FOCH,M,"48,8735930","2,2927870",75,2019,50.0,1.0,1.0,4.0,2260606,1.0,1,4,2,0.0,,0.0,0,1982.0,A01,138Â 207Â 507,1.0,0.0,-1.0,1725546,2.0,7,,7.0,0.0,1.0,A01,138Â 207Â 507,1.0
1010886,201900052417,3,28,07:40,1,2,3,1.0,4.0,75117,AVENUE DE LA GRANDE ARMEE,M,"48,8748310","2,2917260",75,2019,50.0,1.0,1.0,4.0,2260607,1.0,1,4,1,0.0,,0.0,0,1952.0,A01,138Â 207Â 503,1.0,0.0,-1.0,1725547,2.0,7,,0.0,2.0,7.0,A01,138Â 207Â 503,1.0
1010886,201900052417,3,28,07:40,1,2,3,1.0,4.0,75117,AVENUE DE LA GRANDE ARMEE,M,"48,8748310","2,2917260",75,2019,50.0,1.0,1.0,4.0,2260607,1.0,1,4,1,0.0,,0.0,0,1952.0,A01,138Â 207Â 503,1.0,0.0,-1.0,1725548,2.0,15,,0.0,2.0,2.0,B01,138Â 207Â 504,1.0
1010886,201900052417,3,28,07:40,1,2,3,1.0,4.0,75117,AVENUE DE LA GRANDE ARMEE,M,"48,8748310","2,2917260",75,2019,50.0,1.0,1.0,4.0,2260607,1.0,1,4,1,0.0,,0.0,0,1952.0,A01,138Â 207Â 503,1.0,0.0,-1.0,1725549,2.0,10,,0.0,2.0,6.0,C01,138Â 207Â 505,1.0
1010886,201900052417,3,28,07:40,1,2,3,1.0,4.0,75117,AVENUE DE LA GRANDE ARMEE,M,"48,8748310","2,2917260",75,2019,50.0,1.0,1.0,4.0,2260608,1.0,1,1,1,1.0,,0.0,0,1978.0,B01,138Â 207Â 504,1.0,0.0,-1.0,1725547,2.0,7,,0.0,2.0,7.0,A01,138Â 207Â 503,1.0
1010886,201900052417,3,28,07:40,1,2,3,1.0,4.0,75117,AVENUE DE LA GRANDE ARMEE,M,"48,8748310","2,2917260",75,2019,50.0,1.0,1.0,4.0,2260608,1.0,1,1,1,1.0,,0.0,0,1978.0,B01,138Â 207Â 504,1.0,0.0,-1.0,1725548,2.0,15,,0.0,2.0,2.0,B01,138Â 207Â 504,1.0
1010886,201900052417,3,28,07:40,1,2,3,1.0,4.0,75117,AVENUE DE LA GRANDE ARMEE,M,"48,8748310","2,2917260",75,2019,50.0,1.0,1.0,4.0,2260608,1.0,1,1,1,1.0,,0.0,0,1978.0,B01,138Â 207Â 504,1.0,0.0,-1.0,1725549,2.0,10,,0.0,2.0,6.0,C01,138Â 207Â 505,1.0
1010886,201900052417,3,28,07:40,1,2,3,1.0,4.0,75117,AVENUE DE LA GRANDE ARMEE,M,"48,8748310","2,2917260",75,2019,50.0,1.0,1.0,4.0,2260609,1.0,1,1,1,1.0,,0.0,0,1988.0,C01,138Â 207Â 505,1.0,0.0,-1.0,1725547,2.0,7,,0.0,2.0,7.0,A01,138Â 207Â 503,1.0
1010886,201900052417,3,28,07:40,1,2,3,1.0,4.0,75117,AVENUE DE LA GRANDE ARMEE,M,"48,8748310","2,2917260",75,2019,50.0,1.0,1.0,4.0,2260609,1.0,1,1,1,1.0,,0.0,0,1988.0,C01,138Â 207Â 505,1.0,0.0,-1.0,1725548,2.0,15,,0.0,2.0,2.0,B01,138Â 207Â 504,1.0
1010886,201900052417,3,28,07:40,1,2,3,1.0,4.0,75117,AVENUE DE LA GRANDE ARMEE,M,"48,8748310","2,2917260",75,2019,50.0,1.0,1.0,4.0,2260609,1.0,1,1,1,1.0,,0.0,0,1988.0,C01,138Â 207Â 505,1.0,0.0,-1.0,1725549,2.0,10,,0.0,2.0,6.0,C01,138Â 207Â 505,1.0
1010887,201900052418,7,12,01:40,5,2,1,1.0,7.0,64024,ETCHECOPAR (ALLEE),M,"43,4649140"," -1,5298876",64,2019,50.0,3.0,1.0,4.0,2260610,1.0,1,3,1,1.0,,-1.0,0,1965.0,A01,138Â 207Â 506,2.0,6.0,-1.0,1725550,1.0,31,,0.0,0.0,7.0,A01,138Â 207Â 506,1.0
1010888,201900052419,3,30,18:30,1,2,3,1.0,3.0,75115,RUE DE LA CROIX NIVERT,M,"48,8356700","2,2897030",75,2019,50.0,1.0,1.0,4.0,2260611,2.0,2,1,1,0.0,,0.0,0,1980.0,A01,138Â 207Â 501,1.0,0.0,-1.0,1725551,2.0,10,,0.0,2.0,3.0,A01,138Â 207Â 501,1.0
1010888,201900052419,3,30,18:30,1,2,3,1.0,3.0,75115,RUE DE LA CROIX NIVERT,M,"48,8356700","2,2897030",75,2019,50.0,1.0,1.0,4.0,2260611,2.0,2,1,1,0.0,,0.0,0,1980.0,A01,138Â 207Â 501,1.0,0.0,-1.0,1725552,2.0,33,,0.0,2.0,7.0,B01,138Â 207Â 502,1.0
1010888,201900052419,3,30,18:30,1,2,3,1.0,3.0,75115,RUE DE LA CROIX NIVERT,M,"48,8356700","2,2897030",75,2019,50.0,1.0,1.0,4.0,2260612,1.0,1,1,1,4.0,,0.0,0,1992.0,A01,138Â 207Â 501,1.0,0.0,-1.0,1725551,2.0,10,,0.0,2.0,3.0,A01,138Â 207Â 501,1.0
1010888,201900052419,3,30,18:30,1,2,3,1.0,3.0,75115,RUE DE LA CROIX NIVERT,M,"48,8356700","2,2897030",75,2019,50.0,1.0,1.0,4.0,2260612,1.0,1,1,1,4.0,,0.0,0,1992.0,A01,138Â 207Â 501,1.0,0.0,-1.0,1725552,2.0,33,,0.0,2.0,7.0,B01,138Â 207Â 502,1.0
1010888,201900052419,3,30,18:30,1,2,3,1.0,3.0,75115,RUE DE LA CROIX NIVERT,M,"48,8356700","2,2897030",75,2019,50.0,1.0,1.0,4.0,2260613,1.0,1,4,1,1.0,,0.0,0,1997.0,B01,138Â 207Â 502,2.0,6.0,-1.0,1725551,2.0,10,,0.0,2.0,3.0,A01,138Â 207Â 501,1.0
1010888,201900052419,3,30,18:30,1,2,3,1.0,3.0,75115,RUE DE LA CROIX NIVERT,M,"48,8356700","2,2897030",75,2019,50.0,1.0,1.0,4.0,2260613,1.0,1,4,1,1.0,,0.0,0,1997.0,B01,138Â 207Â 502,2.0,6.0,-1.0,1725552,2.0,33,,0.0,2.0,7.0,B01,138Â 207Â 502,1.0
1010889,201900052420,7,13,13:30,1,2,1,1.0,1.0,62548,RUE ROBELIN,M,"50,9802100","1,9596900",62,2019,50.0,1.0,1.0,4.0,2260614,1.0,1,4,2,0.0,,-1.0, -1,1968.0,B01,138Â 207Â 498,1.0,0.0,-1.0,1725553,3.0,7,,0.0,2.0,1.0,B01,138Â 207Â 498,1.0
1010889,201900052420,7,13,13:30,1,2,1,1.0,1.0,62548,RUE ROBELIN,M,"50,9802100","1,9596900",62,2019,50.0,1.0,1.0,4.0,2260614,1.0,1,4,2,0.0,,-1.0, -1,1968.0,B01,138Â 207Â 498,1.0,0.0,-1.0,1725554,3.0,10,,0.0,2.0,1.0,A01,138Â 207Â 500,1.0
1010889,201900052420,7,13,13:30,1,2,1,1.0,1.0,62548,RUE ROBELIN,M,"50,9802100","1,9596900",62,2019,50.0,1.0,1.0,4.0,2260615,2.0,2,1,1,9.0,,-1.0, -1,2003.0,B01,138Â 207Â 498,1.0,0.0,-1.0,1725553,3.0,7,,0.0,2.0,1.0,B01,138Â 207Â 498,1.0
1010889,201900052420,7,13,13:30,1,2,1,1.0,1.0,62548,RUE ROBELIN,M,"50,9802100","1,9596900",62,2019,50.0,1.0,1.0,4.0,2260615,2.0,2,1,1,9.0,,-1.0, -1,2003.0,B01,138Â 207Â 498,1.0,0.0,-1.0,1725554,3.0,10,,0.0,2.0,1.0,A01,138Â 207Â 500,1.0
1010889,201900052420,7,13,13:30,1,2,1,1.0,1.0,62548,RUE ROBELIN,M,"50,9802100","1,9596900",62,2019,50.0,1.0,1.0,4.0,2260616,1.0,1,1,1,5.0,,-1.0, -1,1993.0,A01,138Â 207Â 500,1.0,0.0,-1.0,1725553,3.0,7,,0.0,2.0,1.0,B01,138Â 207Â 498,1.0
1010889,201900052420,7,13,13:30,1,2,1,1.0,1.0,62548,RUE ROBELIN,M,"50,9802100","1,9596900",62,2019,50.0,1.0,1.0,4.0,2260616,1.0,1,1,1,5.0,,-1.0, -1,1993.0,A01,138Â 207Â 500,1.0,0.0,-1.0,1725554,3.0,10,,0.0,2.0,1.0,A01,138Â 207Â 500,1.0
1010890,201900052421,3,29,19:15,2,2,2,1.0,3.0,75115,RUE PEGOUD,M,"48,8345746","2,2669455",75,2019,50.0,1.0,1.0,4.0,2260617,1.0,1,4,1,9.0,,0.0,0,1974.0,B01,138Â 207Â 497,2.0,0.0,-1.0,1725555,1.0,33,,0.0,2.0,7.0,B01,138Â 207Â 497,1.0
1010890,201900052421,3,29,19:15,2,2,2,1.0,3.0,75115,RUE PEGOUD,M,"48,8345746","2,2669455",75,2019,50.0,1.0,1.0,4.0,2260617,1.0,1,4,1,9.0,,0.0,0,1974.0,B01,138Â 207Â 497,2.0,0.0,-1.0,1725556,1.0,7,,0.0,2.0,8.0,A01,138Â 207Â 499,1.0
1010890,201900052421,3,29,19:15,2,2,2,1.0,3.0,75115,RUE PEGOUD,M,"48,8345746","2,2669455",75,2019,50.0,1.0,1.0,4.0,2260618,2.0,2,4,2,9.0,,0.0,0,1983.0,B01,138Â 207Â 497,2.0,0.0,-1.0,1725555,1.0,33,,0.0,2.0,7.0,B01,138Â 207Â 497,1.0
1010890,201900052421,3,29,19:15,2,2,2,1.0,3.0,75115,RUE PEGOUD,M,"48,8345746","2,2669455",75,2019,50.0,1.0,1.0,4.0,2260618,2.0,2,4,2,9.0,,0.0,0,1983.0,B01,138Â 207Â 497,2.0,0.0,-1.0,1725556,1.0,7,,0.0,2.0,8.0,A01,138Â 207Â 499,1.0
1010890,201900052421,3,29,19:15,2,2,2,1.0,3.0,75115,RUE PEGOUD,M,"48,8345746","2,2669455",75,2019,50.0,1.0,1.0,4.0,2260619,1.0,1,1,1,5.0,,0.0,0,1985.0,A01,138Â 207Â 499,1.0,0.0,-1.0,1725555,1.0,33,,0.0,2.0,7.0,B01,138Â 207Â 497,1.0
1010890,201900052421,3,29,19:15,2,2,2,1.0,3.0,75115,RUE PEGOUD,M,"48,8345746","2,2669455",75,2019,50.0,1.0,1.0,4.0,2260619,1.0,1,1,1,5.0,,0.0,0,1985.0,A01,138Â 207Â 499,1.0,0.0,-1.0,1725556,1.0,7,,0.0,2.0,8.0,A01,138Â 207Â 499,1.0
1010891,201900052422,3,29,11:40,1,2,1,1.0,3.0,75115,RUE DE LA PORTE D ISSY,M,"48,8325410","2,2814040",75,2019,50.0,1.0,1.0,4.0,2260620,1.0,1,4,2,5.0,,0.0,0,1992.0,B01,138Â 207Â 493,2.0,6.0,-1.0,1725557,1.0,32,,0.0,2.0,7.0,B01,138Â 207Â 493,1.0
1010891,201900052422,3,29,11:40,1,2,1,1.0,3.0,75115,RUE DE LA PORTE D ISSY,M,"48,8325410","2,2814040",75,2019,50.0,1.0,1.0,4.0,2260620,1.0,1,4,2,5.0,,0.0,0,1992.0,B01,138Â 207Â 493,2.0,6.0,-1.0,1725558,1.0,10,,0.0,2.0,3.0,A01,138Â 207Â 494,1.0
1010891,201900052422,3,29,11:40,1,2,1,1.0,3.0,75115,RUE DE LA PORTE D ISSY,M,"48,8325410","2,2814040",75,2019,50.0,1.0,1.0,4.0,2260621,1.0,1,1,1,4.0,,0.0,0,1975.0,A01,138Â 207Â 494,1.0,0.0,-1.0,1725557,1.0,32,,0.0,2.0,7.0,B01,138Â 207Â 493,1.0
1010891,201900052422,3,29,11:40,1,2,1,1.0,3.0,75115,RUE DE LA PORTE D ISSY,M,"48,8325410","2,2814040",75,2019,50.0,1.0,1.0,4.0,2260621,1.0,1,1,1,4.0,,0.0,0,1975.0,A01,138Â 207Â 494,1.0,0.0,-1.0,1725558,1.0,10,,0.0,2.0,3.0,A01,138Â 207Â 494,1.0
1010892,201900052423,3,28,19:05,2,2,7,1.0,6.0,75115,AVENUE ERNEST RENAN,M,"48,8323510","2,2876780",75,2019,50.0,1.0,1.0,4.0,2260622,10.0,3,4,2,0.0,,2.0,3,1975.0,A01,138Â 207Â 492,8.0,0.0,-1.0,1725559,1.0,7,,0.0,1.0,2.0,A01,138Â 207Â 492,1.0
1010892,201900052423,3,28,19:05,2,2,7,1.0,6.0,75115,AVENUE ERNEST RENAN,M,"48,8323510","2,2876780",75,2019,50.0,1.0,1.0,4.0,2260623,1.0,1,1,2,5.0,,0.0,0,1974.0,A01,138Â 207Â 492,1.0,0.0,-1.0,1725559,1.0,7,,0.0,1.0,2.0,A01,138Â 207Â 492,1.0
1010893,201900052424,7,11,13:50,1,2,1,1.0,2.0,62193,DORET (RUE M.),M,"50,9517415","1,9109717",62,2019,50.0,1.0,1.0,4.0,2260624,1.0,1,3,1,5.0,,-1.0, -1,1988.0,A01,138Â 207Â 495,2.0,6.0,-1.0,1725560,1.0,2,,0.0,2.0,1.0,A01,138Â 207Â 495,1.0
1010893,201900052424,7,11,13:50,1,2,1,1.0,2.0,62193,DORET (RUE M.),M,"50,9517415","1,9109717",62,2019,50.0,1.0,1.0,4.0,2260624,1.0,1,3,1,5.0,,-1.0, -1,1988.0,A01,138Â 207Â 495,2.0,6.0,-1.0,1725561,1.0,7,,0.0,2.0,4.0,B01,138Â 207Â 496,1.0
1010893,201900052424,7,11,13:50,1,2,1,1.0,2.0,62193,DORET (RUE M.),M,"50,9517415","1,9109717",62,2019,50.0,1.0,1.0,4.0,2260625,1.0,1,1,1,1.0,,-1.0, -1,1988.0,B01,138Â 207Â 496,1.0,0.0,-1.0,1725560,1.0,2,,0.0,2.0,1.0,A01,138Â 207Â 495,1.0
1010893,201900052424,7,11,13:50,1,2,1,1.0,2.0,62193,DORET (RUE M.),M,"50,9517415","1,9109717",62,2019,50.0,1.0,1.0,4.0,2260625,1.0,1,1,1,1.0,,-1.0, -1,1988.0,B01,138Â 207Â 496,1.0,0.0,-1.0,1725561,1.0,7,,0.0,2.0,4.0,B01,138Â 207Â 496,1.0
1010894,201900052425,3,28,10:37,1,2,2,1.0,6.0,75115,RUE FONDARY,M,"48,8459440","2,2987000",75,2019,50.0,1.0,1.0,4.0,2260626,1.0,1,1,1,4.0,,0.0,0,1968.0,A01,138Â 207Â 491,1.0,0.0,-1.0,1725562,1.0,10,,0.0,1.0,6.0,A01,138Â 207Â 491,1.0
1010894,201900052425,3,28,10:37,1,2,2,1.0,6.0,75115,RUE FONDARY,M,"48,8459440","2,2987000",75,2019,50.0,1.0,1.0,4.0,2260627,10.0,3,4,1,4.0,,2.0,9,1958.0,A01,138Â 207Â 491,8.0,0.0,-1.0,1725562,1.0,10,,0.0,1.0,6.0,A01,138Â 207Â 491,1.0
1010895,201900052426,6,28,09:35,1,2,1,1.0,6.0,59350,MONTEBELLO BD PAIRS DE 78 -196,M,"50,6225600","3,0447100",59,2019,50.0,1.0,1.0,4.0,2260628,10.0,3,3,2,0.0,,3.0,3,1967.0,A01,138Â 207Â 490,8.0,0.0,-1.0,1725563,3.0,7,,0.0,1.0,3.0,A01,138Â 207Â 490,1.0
1010895,201900052426,6,28,09:35,1,2,1,1.0,6.0,59350,MONTEBELLO BD PAIRS DE 78 -196,M,"50,6225600","3,0447100",59,2019,50.0,1.0,1.0,4.0,2260629,1.0,1,1,1,0.0,,-1.0,0,1959.0,A01,138Â 207Â 490,1.0,0.0,-1.0,1725563,3.0,7,,0.0,1.0,3.0,A01,138Â 207Â 490,1.0
1010896,201900052427,3,30,14:00,1,2,1,1.0,6.0,75114,RUE D ODESSA,M,"48,8419060","2,3246600",75,2019,50.0,1.0,1.0,4.0,2260630,10.0,3,4,1,5.0,,2.0,3,1970.0,A01,138Â 207Â 489,8.0,0.0,-1.0,1725564,1.0,30,,0.0,1.0,1.0,A01,138Â 207Â 489,2.0
1010896,201900052427,3,30,14:00,1,2,1,1.0,6.0,75114,RUE D ODESSA,M,"48,8419060","2,3246600",75,2019,50.0,1.0,1.0,4.0,2260631,1.0,1,1,1,0.0,,0.0,0,2000.0,A01,138Â 207Â 489,2.0,6.0,-1.0,1725564,1.0,30,,0.0,1.0,1.0,A01,138Â 207Â 489,2.0
1010897,201900052428,3,30,11:40,1,2,4,1.0,2.0,75113,AVENUE PIERRE DE COUBERTIN,M,"48,8168250","2,3441310",75,2019,50.0,1.0,1.0,4.0,2260632,1.0,1,1,1,5.0,,0.0,0,1959.0,B01,138Â 207Â 485,1.0,0.0,-1.0,1725565,3.0,7,,0.0,2.0,4.0,B01,138Â 207Â 485,1.0
1010897,201900052428,3,30,11:40,1,2,4,1.0,2.0,75113,AVENUE PIERRE DE COUBERTIN,M,"48,8168250","2,3441310",75,2019,50.0,1.0,1.0,4.0,2260632,1.0,1,1,1,5.0,,0.0,0,1959.0,B01,138Â 207Â 485,1.0,0.0,-1.0,1725566,3.0,7,,0.0,2.0,1.0,A01,138Â 207Â 487,1.0
1010897,201900052428,3,30,11:40,1,2,4,1.0,2.0,75113,AVENUE PIERRE DE COUBERTIN,M,"48,8168250","2,3441310",75,2019,50.0,1.0,1.0,4.0,2260633,1.0,1,4,1,5.0,,0.0,0,1995.0,A01,138Â 207Â 487,1.0,0.0,-1.0,1725565,3.0,7,,0.0,2.0,4.0,B01,138Â 207Â 485,1.0
1010897,201900052428,3,30,11:40,1,2,4,1.0,2.0,75113,AVENUE PIERRE DE COUBERTIN,M,"48,8168250","2,3441310",75,2019,50.0,1.0,1.0,4.0,2260633,1.0,1,4,1,5.0,,0.0,0,1995.0,A01,138Â 207Â 487,1.0,0.0,-1.0,1725566,3.0,7,,0.0,2.0,1.0,A01,138Â 207Â 487,1.0
1010898,201900052429,6,24,08:20,1,2,9,1.0,3.0,59346,CHANZY RUE,M,"50,6073700","3,1275300",59,2019,50.0,1.0,1.0,7.0,2260634,1.0,1,1,1,4.0,,-1.0, -1,1990.0,A01,138Â 207Â 486,8.0,0.0,-1.0,1725567,3.0,10,,0.0,6.0,2.0,A01,138Â 207Â 486,0.0
1010898,201900052429,6,24,08:20,1,2,9,1.0,3.0,59346,CHANZY RUE,M,"50,6073700","3,1275300",59,2019,50.0,1.0,1.0,7.0,2260634,1.0,1,1,1,4.0,,-1.0, -1,1990.0,A01,138Â 207Â 486,8.0,0.0,-1.0,1725568,3.0,1,,0.0,2.0,1.0,B01,138Â 207Â 488,5.0
1010898,201900052429,6,24,08:20,1,2,9,1.0,3.0,59346,CHANZY RUE,M,"50,6073700","3,1275300",59,2019,50.0,1.0,1.0,7.0,2260635,1.0,1,4,1,4.0,,-1.0, -1,1990.0,B01,138Â 207Â 488,8.0,0.0,-1.0,1725567,3.0,10,,0.0,6.0,2.0,A01,138Â 207Â 486,0.0
1010898,201900052429,6,24,08:20,1,2,9,1.0,3.0,59346,CHANZY RUE,M,"50,6073700","3,1275300",59,2019,50.0,1.0,1.0,7.0,2260635,1.0,1,4,1,4.0,,-1.0, -1,1990.0,B01,138Â 207Â 488,8.0,0.0,-1.0,1725568,3.0,1,,0.0,2.0,1.0,B01,138Â 207Â 488,5.0
1010899,201900052430,3,29,16:18,1,2,1,1.0,6.0,75113,BOULEVARD VINCENT AURIOL,M,"48,8317140","2,3591330",75,2019,30.0,1.0,1.0,4.0,2260636,1.0,1,4,2,9.0,,0.0,0,1986.0,A01,138Â 207Â 484,8.0,0.0,-1.0,1725569,2.0,10,,0.0,2.0,1.0,Z01,138Â 207Â 482,1.0
1010899,201900052430,3,29,16:18,1,2,1,1.0,6.0,75113,BOULEVARD VINCENT AURIOL,M,"48,8317140","2,3591330",75,2019,30.0,1.0,1.0,4.0,2260636,1.0,1,4,2,9.0,,0.0,0,1986.0,A01,138Â 207Â 484,8.0,0.0,-1.0,1725570,2.0,7,,0.0,2.0,4.0,A01,138Â 207Â 484,1.0
1010900,201900052431,3,28,18:20,1,2,3,1.0,6.0,75113,AVENUE DE FRANCE,M,"48,8276200","2,3796610",75,2019,50.0,1.0,1.0,4.0,2260637,10.0,3,4,1,5.0,,2.0,3,2004.0,A01,138Â 207Â 480,8.0,0.0,-1.0,1725571,1.0,32,,0.0,1.0,1.0,A01,138Â 207Â 480,1.0
1010900,201900052431,3,28,18:20,1,2,3,1.0,6.0,75113,AVENUE DE FRANCE,M,"48,8276200","2,3796610",75,2019,50.0,1.0,1.0,4.0,2260638,1.0,1,1,1,1.0,,0.0,0,1965.0,A01,138Â 207Â 480,2.0,6.0,-1.0,1725571,1.0,32,,0.0,1.0,1.0,A01,138Â 207Â 480,1.0
1010901,201900052432,3,28,06:30,1,2,7,1.0,3.0,75113,PLACE VALHUBERT,M,"48,8438650","2,3648070",75,2019,50.0,1.0,1.0,4.0,2260639,1.0,1,1,1,1.0,,0.0,0,1983.0,B01,138Â 207Â 477,1.0,0.0,-1.0,1725572,1.0,7,,0.0,2.0,2.0,B01,138Â 207Â 477,1.0
1010901,201900052432,3,28,06:30,1,2,7,1.0,3.0,75113,PLACE VALHUBERT,M,"48,8438650","2,3648070",75,2019,50.0,1.0,1.0,4.0,2260639,1.0,1,1,1,1.0,,0.0,0,1983.0,B01,138Â 207Â 477,1.0,0.0,-1.0,1725573,1.0,32,,0.0,2.0,8.0,A01,138Â 207Â 478,1.0
1010901,201900052432,3,28,06:30,1,2,7,1.0,3.0,75113,PLACE VALHUBERT,M,"48,8438650","2,3648070",75,2019,50.0,1.0,1.0,4.0,2260640,1.0,1,4,1,1.0,,0.0,0,1988.0,A01,138Â 207Â 478,2.0,6.0,-1.0,1725572,1.0,7,,0.0,2.0,2.0,B01,138Â 207Â 477,1.0
1010901,201900052432,3,28,06:30,1,2,7,1.0,3.0,75113,PLACE VALHUBERT,M,"48,8438650","2,3648070",75,2019,50.0,1.0,1.0,4.0,2260640,1.0,1,4,1,1.0,,0.0,0,1988.0,A01,138Â 207Â 478,2.0,6.0,-1.0,1725573,1.0,32,,0.0,2.0,8.0,A01,138Â 207Â 478,1.0
1010902,201900052433,7,10,20:15,1,2,2,1.0,3.0,58194,CHAUVELLES,M,"46,9973000","3,1589000",58,2019,50.0,1.0,1.0,4.0,2260641,1.0,1,1,1,5.0,,-1.0, -1,1998.0,A01,138Â 207Â 475,1.0,8.0,-1.0,1725574,1.0,7,,0.0,2.0,1.0,A01,138Â 207Â 475,1.0
1010902,201900052433,7,10,20:15,1,2,2,1.0,3.0,58194,CHAUVELLES,M,"46,9973000","3,1589000",58,2019,50.0,1.0,1.0,4.0,2260641,1.0,1,1,1,5.0,,-1.0, -1,1998.0,A01,138Â 207Â 475,1.0,8.0,-1.0,1725575,1.0,7,,0.0,2.0,7.0,B01,138Â 207Â 476,1.0
1010902,201900052433,7,10,20:15,1,2,2,1.0,3.0,58194,CHAUVELLES,M,"46,9973000","3,1589000",58,2019,50.0,1.0,1.0,4.0,2260642,1.0,1,4,2,1.0,,-1.0, -1,1997.0,B01,138Â 207Â 476,1.0,8.0,-1.0,1725574,1.0,7,,0.0,2.0,1.0,A01,138Â 207Â 475,1.0
1010902,201900052433,7,10,20:15,1,2,2,1.0,3.0,58194,CHAUVELLES,M,"46,9973000","3,1589000",58,2019,50.0,1.0,1.0,4.0,2260642,1.0,1,4,2,1.0,,-1.0, -1,1997.0,B01,138Â 207Â 476,1.0,8.0,-1.0,1725575,1.0,7,,0.0,2.0,7.0,B01,138Â 207Â 476,1.0
1010903,201900052434,3,29,11:25,1,2,1,1.0,3.0,75112,AVENUE DE SAINT MAURICE,M,"48,8320210","2,4205110",75,2019,50.0,1.0,1.0,4.0,2260643,1.0,1,1,2,1.0,,0.0,0,1976.0,B01,138Â 207Â 473,1.0,8.0,-1.0,1725576,1.0,10,,0.0,2.0,3.0,B01,138Â 207Â 473,1.0
1010903,201900052434,3,29,11:25,1,2,1,1.0,3.0,75112,AVENUE DE SAINT MAURICE,M,"48,8320210","2,4205110",75,2019,50.0,1.0,1.0,4.0,2260643,1.0,1,1,2,1.0,,0.0,0,1976.0,B01,138Â 207Â 473,1.0,8.0,-1.0,1725577,1.0,30,,0.0,2.0,2.0,A01,138Â 207Â 474,1.0
1010903,201900052434,3,29,11:25,1,2,1,1.0,3.0,75112,AVENUE DE SAINT MAURICE,M,"48,8320210","2,4205110",75,2019,50.0,1.0,1.0,4.0,2260644,1.0,1,4,1,4.0,,0.0,0,1989.0,A01,138Â 207Â 474,2.0,0.0,-1.0,1725576,1.0,10,,0.0,2.0,3.0,B01,138Â 207Â 473,1.0
1010903,201900052434,3,29,11:25,1,2,1,1.0,3.0,75112,AVENUE DE SAINT MAURICE,M,"48,8320210","2,4205110",75,2019,50.0,1.0,1.0,4.0,2260644,1.0,1,4,1,4.0,,0.0,0,1989.0,A01,138Â 207Â 474,2.0,0.0,-1.0,1725577,1.0,30,,0.0,2.0,2.0,A01,138Â 207Â 474,1.0
1010904,201900052435,3,29,09:20,1,2,5,1.0,6.0,75111,AVENUE LEDRU ROLLIN,M,"48,8513040","2,3761370",75,2019,50.0,1.0,1.0,4.0,2260645,1.0,1,1,1,1.0,,0.0,0,1977.0,A01,138Â 207Â 472,2.0,8.0,-1.0,1725578,2.0,30,,0.0,1.0,7.0,A01,138Â 207Â 472,3.0
1010904,201900052435,3,29,09:20,1,2,5,1.0,6.0,75111,AVENUE LEDRU ROLLIN,M,"48,8513040","2,3761370",75,2019,50.0,1.0,1.0,4.0,2260646,10.0,3,4,1,5.0,,4.0,3,1959.0,A01,138Â 207Â 472,8.0,0.0,-1.0,1725578,2.0,30,,0.0,1.0,7.0,A01,138Â 207Â 472,3.0
1010905,201900052436,3,29,04:00,5,2,2,1.0,6.0,75112,RUE DE BERCY,M,"48,8443190","2,3724300",75,2019,50.0,1.0,1.0,4.0,2260647,1.0,1,4,1,4.0,,0.0,0,1987.0,A01,138Â 207Â 471,1.0,8.0,-1.0,1725579,1.0,7,,8.0,0.0,3.0,A01,138Â 207Â 471,1.0
1010906,201900052437,3,28,17:40,1,2,1,1.0,3.0,75112,AVENUE DE SAINT MAURICE,M,"48,8326100","2,4203770",75,2019,50.0,1.0,1.0,4.0,2260648,1.0,1,4,1,1.0,,0.0,0,1969.0,B01,138Â 207Â 469,2.0,6.0,-1.0,1725580,2.0,43,,0.0,2.0,1.0,B01,138Â 207Â 469,1.0
1010906,201900052437,3,28,17:40,1,2,1,1.0,3.0,75112,AVENUE DE SAINT MAURICE,M,"48,8326100","2,4203770",75,2019,50.0,1.0,1.0,4.0,2260648,1.0,1,4,1,1.0,,0.0,0,1969.0,B01,138Â 207Â 469,2.0,6.0,-1.0,1725581,2.0,7,,0.0,2.0,3.0,A01,138Â 207Â 470,1.0
1010906,201900052437,3,28,17:40,1,2,1,1.0,3.0,75112,AVENUE DE SAINT MAURICE,M,"48,8326100","2,4203770",75,2019,50.0,1.0,1.0,4.0,2260649,2.0,2,1,1,0.0,,0.0,0,1989.0,A01,138Â 207Â 470,1.0,0.0,-1.0,1725580,2.0,43,,0.0,2.0,1.0,B01,138Â 207Â 469,1.0