Unnamed: 0_x,num_acc,mois,jour,hrmn,lum,agg,int,atm,col,com,adr,gps,lat,long,dep,annee,vma,situ,surf,catr,Unnamed: 0_y,place,catu,grav,sexe,trajet,secu,locp,actp,an_nais,num_veh_x,id_vehicule_x,secu1,secu2,secu3,Unnamed: 0,senc,catv,occutc,obs,obsm,choc,num_veh_y,id_vehicule_y,motor
1010906,201900052437,3,28,17:40,1,2,1,1.0,3.0,75112,AVENUE DE SAINT MAURICE,M,"48,8326100","2,4203770",75,2019,50.0,1.0,1.0,4.0,2260649,2.0,2,1,1,0.0,,0.0,0,1989.0,A01,138Â 207Â 470,1.0,0.0,-1.0,1725581,2.0,7,,0.0,2.0,3.0,A01,138Â 207Â 470,1.0
1010906,201900052437,3,28,17:40,1,2,1,1.0,3.0,75112,AVENUE DE SAINT MAURICE,M,"48,8326100","2,4203770",75,2019,50.0,1.0,1.0,4.0,2260650,1.0,1,1,2,0.0,,0.0,0,1987.0,A01,138Â 207Â 470,1.0,0.0,-1.0,1725580,2.0,43,,0.0,2.0,1.0,B01,138Â 207Â 469,1.0
1010906,201900052437,3,28,17:40,1,2,1,1.0,3.0,75112,AVENUE DE SAINT MAURICE,M,"48,8326100","2,4203770",75,2019,50.0,1.0,1.0,4.0,2260650,1.0,1,1,2,0.0,,0.0,0,1987.0,A01,138Â 207Â 470,1.0,0.0,-1.0,1725581,2.0,7,,0.0,2.0,3.0,A01,138Â 207Â 470,1.0
1010907,201900052438,3,29,20:30,5,2,3,1.0,3.0,75110,RUE DU FAUBOURG SAINT MARTIN,M,"48,8761160","2,3605790",75,2019,50.0,1.0,1.0,4.0,2260651,1.0,1,1,1,0.0,,0.0,0,1981.0,A01,138Â 207Â 465,1.0,0.0,-1.0,1725582,2.0,7,,0.0,2.0,3.0,A01,138Â 207Â 465,1.0
1010907,201900052438,3,29,20:30,5,2,3,1.0,3.0,75110,RUE DU FAUBOURG SAINT MARTIN,M,"48,8761160","2,3605790",75,2019,50.0,1.0,1.0,4.0,2260651,1.0,1,1,1,0.0,,0.0,0,1981.0,A01,138Â 207Â 465,1.0,0.0,-1.0,1725583,2.0,33,,0.0,2.0,7.0,B01,138Â 207Â 466,1.0
1010907,201900052438,3,29,20:30,5,2,3,1.0,3.0,75110,RUE DU FAUBOURG SAINT MARTIN,M,"48,8761160","2,3605790",75,2019,50.0,1.0,1.0,4.0,2260652,1.0,1,4,1,0.0,,0.0,0,1993.0,B01,138Â 207Â 466,2.0,6.0,-1.0,1725582,2.0,7,,0.0,2.0,3.0,A01,138Â 207Â 465,1.0
1010907,201900052438,3,29,20:30,5,2,3,1.0,3.0,75110,RUE DU FAUBOURG SAINT MARTIN,M,"48,8761160","2,3605790",75,2019,50.0,1.0,1.0,4.0,2260652,1.0,1,4,1,0.0,,0.0,0,1993.0,B01,138Â 207Â 466,2.0,6.0,-1.0,1725583,2.0,33,,0.0,2.0,7.0,B01,138Â 207Â 466,1.0
1010908,201900052439,7,9,17:30,1,2,4,1.0,3.0,58194,COLBERT,M,"46,9996000","3,1559000",58,2019,50.0,1.0,1.0,4.0,2260653,1.0,1,1,1,5.0,,-1.0, -1,1949.0,B01,138Â 207Â 461,1.0,8.0,-1.0,1725584,1.0,7,,0.0,2.0,6.0,B01,138Â 207Â 461,1.0
1010908,201900052439,7,9,17:30,1,2,4,1.0,3.0,58194,COLBERT,M,"46,9996000","3,1559000",58,2019,50.0,1.0,1.0,4.0,2260653,1.0,1,1,1,5.0,,-1.0, -1,1949.0,B01,138Â 207Â 461,1.0,8.0,-1.0,1725585,1.0,30,,0.0,2.0,2.0,A01,138Â 207Â 464,1.0
1010908,201900052439,7,9,17:30,1,2,4,1.0,3.0,58194,COLBERT,M,"46,9996000","3,1559000",58,2019,50.0,1.0,1.0,4.0,2260654,2.0,2,4,2,5.0,,-1.0, -1,2001.0,A01,138Â 207Â 464,2.0,6.0,-1.0,1725584,1.0,7,,0.0,2.0,6.0,B01,138Â 207Â 461,1.0
1010908,201900052439,7,9,17:30,1,2,4,1.0,3.0,58194,COLBERT,M,"46,9996000","3,1559000",58,2019,50.0,1.0,1.0,4.0,2260654,2.0,2,4,2,5.0,,-1.0, -1,2001.0,A01,138Â 207Â 464,2.0,6.0,-1.0,1725585,1.0,30,,0.0,2.0,2.0,A01,138Â 207Â 464,1.0
1010908,201900052439,7,9,17:30,1,2,4,1.0,3.0,58194,COLBERT,M,"46,9996000","3,1559000",58,2019,50.0,1.0,1.0,4.0,2260655,1.0,1,1,1,5.0,,-1.0, -1,2001.0,A01,138Â 207Â 464,2.0,6.0,-1.0,1725584,1.0,7,,0.0,2.0,6.0,B01,138Â 207Â 461,1.0
1010908,201900052439,7,9,17:30,1,2,4,1.0,3.0,58194,COLBERT,M,"46,9996000","3,1559000",58,2019,50.0,1.0,1.0,4.0,2260655,1.0,1,1,1,5.0,,-1.0, -1,2001.0,A01,138Â 207Â 464,2.0,6.0,-1.0,1725585,1.0,30,,0.0,2.0,2.0,A01,138Â 207Â 464,1.0
1010909,201900052440,3,28,10:00,1,2,1,1.0,3.0,75108,AVENUE DES CHAMPS ELYSEES,M,"48,8696240","2,3081370",75,2019,50.0,1.0,1.0,4.0,2260656,1.0,1,4,1,0.0,,-1.0,0,1989.0,B01,138Â 207Â 459,2.0,6.0,-1.0,1725586,2.0,32,,0.0,2.0,2.0,B01,138Â 207Â 459,1.0
1010909,201900052440,3,28,10:00,1,2,1,1.0,3.0,75108,AVENUE DES CHAMPS ELYSEES,M,"48,8696240","2,3081370",75,2019,50.0,1.0,1.0,4.0,2260656,1.0,1,4,1,0.0,,-1.0,0,1989.0,B01,138Â 207Â 459,2.0,6.0,-1.0,1725587,2.0,7,,0.0,2.0,8.0,A01,138Â 207Â 460,1.0
1010909,201900052440,3,28,10:00,1,2,1,1.0,3.0,75108,AVENUE DES CHAMPS ELYSEES,M,"48,8696240","2,3081370",75,2019,50.0,1.0,1.0,4.0,2260657,1.0,1,1,1,1.0,,0.0,0,1966.0,A01,138Â 207Â 460,1.0,0.0,-1.0,1725586,2.0,32,,0.0,2.0,2.0,B01,138Â 207Â 459,1.0
1010909,201900052440,3,28,10:00,1,2,1,1.0,3.0,75108,AVENUE DES CHAMPS ELYSEES,M,"48,8696240","2,3081370",75,2019,50.0,1.0,1.0,4.0,2260657,1.0,1,1,1,1.0,,0.0,0,1966.0,A01,138Â 207Â 460,1.0,0.0,-1.0,1725587,2.0,7,,0.0,2.0,8.0,A01,138Â 207Â 460,1.0
1010910,201900052441,7,11,18:00,1,2,6,1.0,3.0,56121,FRANCE ( AVE ANATOLE ),M,"47,7467200"," -3,3663200",56,2019,30.0,1.0,1.0,4.0,2260658,1.0,1,1,1,5.0,,0.0,0,1961.0,A01,138Â 207Â 457,1.0,8.0,-1.0,1725588,1.0,7,,0.0,2.0,2.0,A01,138Â 207Â 457,1.0
1010910,201900052441,7,11,18:00,1,2,6,1.0,3.0,56121,FRANCE ( AVE ANATOLE ),M,"47,7467200"," -3,3663200",56,2019,30.0,1.0,1.0,4.0,2260658,1.0,1,1,1,5.0,,0.0,0,1961.0,A01,138Â 207Â 457,1.0,8.0,-1.0,1725589,1.0,1,,0.0,2.0,1.0,B01,138Â 207Â 458,5.0
1010910,201900052441,7,11,18:00,1,2,6,1.0,3.0,56121,FRANCE ( AVE ANATOLE ),M,"47,7467200"," -3,3663200",56,2019,30.0,1.0,1.0,4.0,2260659,1.0,1,4,1,9.0,,0.0,0,1983.0,B01,138Â 207Â 458,8.0,0.0,-1.0,1725588,1.0,7,,0.0,2.0,2.0,A01,138Â 207Â 457,1.0
1010910,201900052441,7,11,18:00,1,2,6,1.0,3.0,56121,FRANCE ( AVE ANATOLE ),M,"47,7467200"," -3,3663200",56,2019,30.0,1.0,1.0,4.0,2260659,1.0,1,4,1,9.0,,0.0,0,1983.0,B01,138Â 207Â 458,8.0,0.0,-1.0,1725589,1.0,1,,0.0,2.0,1.0,B01,138Â 207Â 458,5.0
1010911,201900052442,3,28,09:48,1,2,2,1.0,3.0,75107,PONT ALEXANDRE III,M,"48,8628490","2,3134450",75,2019,50.0,1.0,1.0,4.0,2260660,1.0,1,1,2,0.0,,0.0,0,1949.0,A01,138Â 207Â 455,1.0,0.0,-1.0,1725590,2.0,7,,0.0,2.0,1.0,A01,138Â 207Â 455,1.0
1010911,201900052442,3,28,09:48,1,2,2,1.0,3.0,75107,PONT ALEXANDRE III,M,"48,8628490","2,3134450",75,2019,50.0,1.0,1.0,4.0,2260660,1.0,1,1,2,0.0,,0.0,0,1949.0,A01,138Â 207Â 455,1.0,0.0,-1.0,1725591,1.0,32,,0.0,2.0,1.0,B01,138Â 207Â 456,1.0
1010911,201900052442,3,28,09:48,1,2,2,1.0,3.0,75107,PONT ALEXANDRE III,M,"48,8628490","2,3134450",75,2019,50.0,1.0,1.0,4.0,2260661,1.0,1,4,1,0.0,,0.0,0,1966.0,B01,138Â 207Â 456,2.0,6.0,-1.0,1725590,2.0,7,,0.0,2.0,1.0,A01,138Â 207Â 455,1.0
1010911,201900052442,3,28,09:48,1,2,2,1.0,3.0,75107,PONT ALEXANDRE III,M,"48,8628490","2,3134450",75,2019,50.0,1.0,1.0,4.0,2260661,1.0,1,4,1,0.0,,0.0,0,1966.0,B01,138Â 207Â 456,2.0,6.0,-1.0,1725591,1.0,32,,0.0,2.0,1.0,B01,138Â 207Â 456,1.0
1010912,201900052443,7,11,15:58,1,2,6,1.0,3.0,56121,LE MAUX ( BD JEAN ),M,"47,7572900"," -3,3876500",56,2019,50.0,1.0,1.0,4.0,2260662,1.0,1,1,2,0.0,,0.0,0,1929.0,A01,138Â 207Â 453,1.0,8.0,-1.0,1725592,1.0,7,,0.0,2.0,2.0,A01,138Â 207Â 453,1.0
1010912,201900052443,7,11,15:58,1,2,6,1.0,3.0,56121,LE MAUX ( BD JEAN ),M,"47,7572900"," -3,3876500",56,2019,50.0,1.0,1.0,4.0,2260662,1.0,1,1,2,0.0,,0.0,0,1929.0,A01,138Â 207Â 453,1.0,8.0,-1.0,1725593,1.0,1,,0.0,2.0,0.0,B01,138Â 207Â 454,5.0
1010912,201900052443,7,11,15:58,1,2,6,1.0,3.0,56121,LE MAUX ( BD JEAN ),M,"47,7572900"," -3,3876500",56,2019,50.0,1.0,1.0,4.0,2260663,1.0,1,3,1,0.0,,0.0,0,1958.0,B01,138Â 207Â 454,8.0,8.0,-1.0,1725592,1.0,7,,0.0,2.0,2.0,A01,138Â 207Â 453,1.0
1010912,201900052443,7,11,15:58,1,2,6,1.0,3.0,56121,LE MAUX ( BD JEAN ),M,"47,7572900"," -3,3876500",56,2019,50.0,1.0,1.0,4.0,2260663,1.0,1,3,1,0.0,,0.0,0,1958.0,B01,138Â 207Â 454,8.0,8.0,-1.0,1725593,1.0,1,,0.0,2.0,0.0,B01,138Â 207Â 454,5.0
1010913,201900052444,3,28,23:27,5,2,3,1.0,3.0,75103,RUE DU TEMPLE,M,"48,8658190","2,3608920",75,2019,50.0,1.0,1.0,4.0,2260664,1.0,1,4,1,5.0,,0.0,0,1947.0,B01,138Â 207Â 451,2.0,6.0,-1.0,1725594,1.0,33,,0.0,2.0,8.0,B01,138Â 207Â 451,1.0
1010913,201900052444,3,28,23:27,5,2,3,1.0,3.0,75103,RUE DU TEMPLE,M,"48,8658190","2,3608920",75,2019,50.0,1.0,1.0,4.0,2260664,1.0,1,4,1,5.0,,0.0,0,1947.0,B01,138Â 207Â 451,2.0,6.0,-1.0,1725595,1.0,7,,0.0,2.0,2.0,A01,138Â 207Â 452,1.0
1010913,201900052444,3,28,23:27,5,2,3,1.0,3.0,75103,RUE DU TEMPLE,M,"48,8658190","2,3608920",75,2019,50.0,1.0,1.0,4.0,2260665,1.0,1,1,1,9.0,,0.0,0,1984.0,A01,138Â 207Â 452,1.0,0.0,-1.0,1725594,1.0,33,,0.0,2.0,8.0,B01,138Â 207Â 451,1.0
1010913,201900052444,3,28,23:27,5,2,3,1.0,3.0,75103,RUE DU TEMPLE,M,"48,8658190","2,3608920",75,2019,50.0,1.0,1.0,4.0,2260665,1.0,1,1,1,9.0,,0.0,0,1984.0,A01,138Â 207Â 452,1.0,0.0,-1.0,1725595,1.0,7,,0.0,2.0,2.0,A01,138Â 207Â 452,1.0
1010914,201900052445,3,30,18:20,1,2,1,7.0,2.0,75101,QUAI DE LA MEGISSERIE,M,"48,8574290","2,3463900",75,2019,50.0,1.0,1.0,4.0,2260666,1.0,1,1,1,1.0,,0.0,0,1974.0,A01,138Â 207Â 448,1.0,0.0,-1.0,1725596,2.0,7,,0.0,2.0,4.0,A01,138Â 207Â 448,1.0
1010914,201900052445,3,30,18:20,1,2,1,7.0,2.0,75101,QUAI DE LA MEGISSERIE,M,"48,8574290","2,3463900",75,2019,50.0,1.0,1.0,4.0,2260666,1.0,1,1,1,1.0,,0.0,0,1974.0,A01,138Â 207Â 448,1.0,0.0,-1.0,1725597,2.0,7,,0.0,2.0,0.0,B01,138Â 207Â 449,1.0
1010914,201900052445,3,30,18:20,1,2,1,7.0,2.0,75101,QUAI DE LA MEGISSERIE,M,"48,8574290","2,3463900",75,2019,50.0,1.0,1.0,4.0,2260667,4.0,2,4,2,5.0,,0.0,0,1956.0,B01,138Â 207Â 449,1.0,0.0,-1.0,1725596,2.0,7,,0.0,2.0,4.0,A01,138Â 207Â 448,1.0
1010914,201900052445,3,30,18:20,1,2,1,7.0,2.0,75101,QUAI DE LA MEGISSERIE,M,"48,8574290","2,3463900",75,2019,50.0,1.0,1.0,4.0,2260667,4.0,2,4,2,5.0,,0.0,0,1956.0,B01,138Â 207Â 449,1.0,0.0,-1.0,1725597,2.0,7,,0.0,2.0,0.0,B01,138Â 207Â 449,1.0
1010914,201900052445,3,30,18:20,1,2,1,7.0,2.0,75101,QUAI DE LA MEGISSERIE,M,"48,8574290","2,3463900",75,2019,50.0,1.0,1.0,4.0,2260668,1.0,1,1,2,5.0,,0.0,0,1985.0,B01,138Â 207Â 449,1.0,0.0,-1.0,1725596,2.0,7,,0.0,2.0,4.0,A01,138Â 207Â 448,1.0
1010914,201900052445,3,30,18:20,1,2,1,7.0,2.0,75101,QUAI DE LA MEGISSERIE,M,"48,8574290","2,3463900",75,2019,50.0,1.0,1.0,4.0,2260668,1.0,1,1,2,5.0,,0.0,0,1985.0,B01,138Â 207Â 449,1.0,0.0,-1.0,1725597,2.0,7,,0.0,2.0,0.0,B01,138Â 207Â 449,1.0
1010915,201900052446,7,10,18:00,1,2,1,1.0,7.0,56162,PENHER (ROUTE DU),M,"47,7120400"," -3,4702600",56,2019,50.0,1.0,1.0,4.0,2260669,1.0,1,4,2,0.0,,0.0,0,1980.0,A01,138Â 207Â 450,8.0,8.0,-1.0,1725598,1.0,1,,12.0,0.0,0.0,A01,138Â 207Â 450,5.0
1010916,201900052447,3,30,16:50,1,2,3,1.0,3.0,75101,AVENUE GENERAL LEMONNIER,M,"48,8608460","2,3301320",75,2019,50.0,1.0,1.0,4.0,2260670,1.0,1,4,2,5.0,,0.0,0,1960.0,B01,138Â 207Â 446,2.0,0.0,-1.0,1725599,2.0,1,,0.0,2.0,1.0,B01,138Â 207Â 446,5.0
1010916,201900052447,3,30,16:50,1,2,3,1.0,3.0,75101,AVENUE GENERAL LEMONNIER,M,"48,8608460","2,3301320",75,2019,50.0,1.0,1.0,4.0,2260670,1.0,1,4,2,5.0,,0.0,0,1960.0,B01,138Â 207Â 446,2.0,0.0,-1.0,1725600,1.0,1,,0.0,2.0,4.0,A01,138Â 207Â 447,5.0
1010916,201900052447,3,30,16:50,1,2,3,1.0,3.0,75101,AVENUE GENERAL LEMONNIER,M,"48,8608460","2,3301320",75,2019,50.0,1.0,1.0,4.0,2260671,1.0,1,1,1,5.0,,0.0,0,2002.0,A01,138Â 207Â 447,2.0,0.0,-1.0,1725599,2.0,1,,0.0,2.0,1.0,B01,138Â 207Â 446,5.0
1010916,201900052447,3,30,16:50,1,2,3,1.0,3.0,75101,AVENUE GENERAL LEMONNIER,M,"48,8608460","2,3301320",75,2019,50.0,1.0,1.0,4.0,2260671,1.0,1,1,1,5.0,,0.0,0,2002.0,A01,138Â 207Â 447,2.0,0.0,-1.0,1725600,1.0,1,,0.0,2.0,4.0,A01,138Â 207Â 447,5.0
1010917,201900052448,7,9,21:50,2,2,1,2.0,7.0,56121,SAINT-MARCEL (RUE),M,"47,7470600"," -3,3823200",56,2019,50.0,1.0,1.0,9.0,2260672,1.0,1,4,1,0.0,,0.0,0,1994.0,A01,138Â 207Â 445,2.0,8.0,-1.0,1725601,1.0,33,,0.0,0.0,0.0,A01,138Â 207Â 445,1.0
1010918,201900052449,3,30,10:40,1,2,1,1.0,3.0,94081,ROUGET DE L ISLE (AV),M,"48,7810000","2,3940000",94,2019,30.0,4.0,1.0,3.0,2260673,2.0,2,4,2,0.0,,-1.0, -1,1996.0,Y01,138Â 207Â 444,0.0,0.0,-1.0,1725602,2.0,99,,0.0,9.0,1.0,A01,138Â 207Â 443,0.0
1010918,201900052449,3,30,10:40,1,2,1,1.0,3.0,94081,ROUGET DE L ISLE (AV),M,"48,7810000","2,3940000",94,2019,30.0,4.0,1.0,3.0,2260673,2.0,2,4,2,0.0,,-1.0, -1,1996.0,Y01,138Â 207Â 444,0.0,0.0,-1.0,1725603,2.0,80,,0.0,2.0,4.0,Y01,138Â 207Â 444,3.0
1010918,201900052449,3,30,10:40,1,2,1,1.0,3.0,94081,ROUGET DE L ISLE (AV),M,"48,7810000","2,3940000",94,2019,30.0,4.0,1.0,3.0,2260674,1.0,1,4,1,5.0,,-1.0, -1,2000.0,Y01,138Â 207Â 444,8.0,0.0,-1.0,1725602,2.0,99,,0.0,9.0,1.0,A01,138Â 207Â 443,0.0
1010918,201900052449,3,30,10:40,1,2,1,1.0,3.0,94081,ROUGET DE L ISLE (AV),M,"48,7810000","2,3940000",94,2019,30.0,4.0,1.0,3.0,2260674,1.0,1,4,1,5.0,,-1.0, -1,2000.0,Y01,138Â 207Â 444,8.0,0.0,-1.0,1725603,2.0,80,,0.0,2.0,4.0,Y01,138Â 207Â 444,3.0
1010919,201900052450,6,27,14:50,1,2,1,1.0,3.0,54304,ONZE NOVEMBRE 1918 (RUE DU),M,"48,6810000","6,1510000",54,2019,50.0,1.0,1.0,4.0,2260675,1.0,1,4,2,0.0,,-1.0,0,1994.0,B01,138Â 207Â 441,1.0,0.0,-1.0,1725604,1.0,7,,0.0,2.0,1.0,B01,138Â 207Â 441,1.0
1010919,201900052450,6,27,14:50,1,2,1,1.0,3.0,54304,ONZE NOVEMBRE 1918 (RUE DU),M,"48,6810000","6,1510000",54,2019,50.0,1.0,1.0,4.0,2260675,1.0,1,4,2,0.0,,-1.0,0,1994.0,B01,138Â 207Â 441,1.0,0.0,-1.0,1725605,1.0,7,,0.0,2.0,0.0,A01,138Â 207Â 442,1.0
1010919,201900052450,6,27,14:50,1,2,1,1.0,3.0,54304,ONZE NOVEMBRE 1918 (RUE DU),M,"48,6810000","6,1510000",54,2019,50.0,1.0,1.0,4.0,2260676,1.0,1,1,1,0.0,,-1.0,0,1973.0,A01,138Â 207Â 442,1.0,0.0,-1.0,1725604,1.0,7,,0.0,2.0,1.0,B01,138Â 207Â 441,1.0
1010919,201900052450,6,27,14:50,1,2,1,1.0,3.0,54304,ONZE NOVEMBRE 1918 (RUE DU),M,"48,6810000","6,1510000",54,2019,50.0,1.0,1.0,4.0,2260676,1.0,1,1,1,0.0,,-1.0,0,1973.0,A01,138Â 207Â 442,1.0,0.0,-1.0,1725605,1.0,7,,0.0,2.0,0.0,A01,138Â 207Â 442,1.0
1010920,201900052451,3,27,22:35,5,2,2,1.0,3.0,94080,REPUBLIQUE (AV DE LA),M,"48,8475400","2,4307500",94,2019,50.0,1.0,1.0,4.0,2260677,2.0,2,1,1,4.0,,-1.0,0,1987.0,B01,138Â 207Â 439,1.0,0.0,-1.0,1725606,1.0,7,,0.0,2.0,3.0,B01,138Â 207Â 439,1.0
1010920,201900052451,3,27,22:35,5,2,2,1.0,3.0,94080,REPUBLIQUE (AV DE LA),M,"48,8475400","2,4307500",94,2019,50.0,1.0,1.0,4.0,2260677,2.0,2,1,1,4.0,,-1.0,0,1987.0,B01,138Â 207Â 439,1.0,0.0,-1.0,1725607,1.0,34,,0.0,2.0,7.0,A01,138Â 207Â 440,0.0
1010920,201900052451,3,27,22:35,5,2,2,1.0,3.0,94080,REPUBLIQUE (AV DE LA),M,"48,8475400","2,4307500",94,2019,50.0,1.0,1.0,4.0,2260678,1.0,1,1,1,9.0,,-1.0,0,1986.0,B01,138Â 207Â 439,1.0,0.0,-1.0,1725606,1.0,7,,0.0,2.0,3.0,B01,138Â 207Â 439,1.0
1010920,201900052451,3,27,22:35,5,2,2,1.0,3.0,94080,REPUBLIQUE (AV DE LA),M,"48,8475400","2,4307500",94,2019,50.0,1.0,1.0,4.0,2260678,1.0,1,1,1,9.0,,-1.0,0,1986.0,B01,138Â 207Â 439,1.0,0.0,-1.0,1725607,1.0,34,,0.0,2.0,7.0,A01,138Â 207Â 440,0.0
1010920,201900052451,3,27,22:35,5,2,2,1.0,3.0,94080,REPUBLIQUE (AV DE LA),M,"48,8475400","2,4307500",94,2019,50.0,1.0,1.0,4.0,2260679,4.0,2,1,1,4.0,,-1.0,0,1979.0,B01,138Â 207Â 439,1.0,0.0,-1.0,1725606,1.0,7,,0.0,2.0,3.0,B01,138Â 207Â 439,1.0
1010920,201900052451,3,27,22:35,5,2,2,1.0,3.0,94080,REPUBLIQUE (AV DE LA),M,"48,8475400","2,4307500",94,2019,50.0,1.0,1.0,4.0,2260679,4.0,2,1,1,4.0,,-1.0,0,1979.0,B01,138Â 207Â 439,1.0,0.0,-1.0,1725607,1.0,34,,0.0,2.0,7.0,A01,138Â 207Â 440,0.0
1010920,201900052451,3,27,22:35,5,2,2,1.0,3.0,94080,REPUBLIQUE (AV DE LA),M,"48,8475400","2,4307500",94,2019,50.0,1.0,1.0,4.0,2260680,1.0,1,4,1,0.0,,-1.0,0,1987.0,A01,138Â 207Â 440,2.0,6.0,-1.0,1725606,1.0,7,,0.0,2.0,3.0,B01,138Â 207Â 439,1.0
1010920,201900052451,3,27,22:35,5,2,2,1.0,3.0,94080,REPUBLIQUE (AV DE LA),M,"48,8475400","2,4307500",94,2019,50.0,1.0,1.0,4.0,2260680,1.0,1,4,1,0.0,,-1.0,0,1987.0,A01,138Â 207Â 440,2.0,6.0,-1.0,1725607,1.0,34,,0.0,2.0,7.0,A01,138Â 207Â 440,0.0
1010921,201900052452,6,21,10:30,1,2,2,1.0,3.0,54184,BRIGACHTAL (AVENUE DE),M,"48,7005710","6,2247000",54,2019,50.0,1.0,1.0,4.0,2260681,1.0,1,4,2,0.0,,-1.0,0,1996.0,B01,138Â 207Â 436,1.0,0.0,-1.0,1725608,1.0,7,,0.0,0.0,0.0,B01,138Â 207Â 436,0.0
1010921,201900052452,6,21,10:30,1,2,2,1.0,3.0,54184,BRIGACHTAL (AVENUE DE),M,"48,7005710","6,2247000",54,2019,50.0,1.0,1.0,4.0,2260681,1.0,1,4,2,0.0,,-1.0,0,1996.0,B01,138Â 207Â 436,1.0,0.0,-1.0,1725609,1.0,7,,0.0,2.0,2.0,A01,138Â 207Â 438,1.0
1010921,201900052452,6,21,10:30,1,2,2,1.0,3.0,54184,BRIGACHTAL (AVENUE DE),M,"48,7005710","6,2247000",54,2019,50.0,1.0,1.0,4.0,2260682,1.0,1,1,1,0.0,,-1.0,0,1948.0,A01,138Â 207Â 438,1.0,0.0,-1.0,1725608,1.0,7,,0.0,0.0,0.0,B01,138Â 207Â 436,0.0
1010921,201900052452,6,21,10:30,1,2,2,1.0,3.0,54184,BRIGACHTAL (AVENUE DE),M,"48,7005710","6,2247000",54,2019,50.0,1.0,1.0,4.0,2260682,1.0,1,1,1,0.0,,-1.0,0,1948.0,A01,138Â 207Â 438,1.0,0.0,-1.0,1725609,1.0,7,,0.0,2.0,2.0,A01,138Â 207Â 438,1.0
1010922,201900052453,3,29,21:00,5,2,2,1.0,3.0,94068,BONNEUIL (QU DE),M,"48,7845000","2,4921300",94,2019,50.0,1.0,1.0,3.0,2260683,1.0,1,4,1,0.0,,-1.0, -1,1991.0,A01,138Â 207Â 435,2.0,0.0,-1.0,1725610,1.0,33,,0.0,2.0,1.0,A01,138Â 207Â 435,1.0
1010922,201900052453,3,29,21:00,5,2,2,1.0,3.0,94068,BONNEUIL (QU DE),M,"48,7845000","2,4921300",94,2019,50.0,1.0,1.0,3.0,2260683,1.0,1,4,1,0.0,,-1.0, -1,1991.0,A01,138Â 207Â 435,2.0,0.0,-1.0,1725611,2.0,7,,0.0,2.0,3.0,B01,138Â 207Â 437,1.0
1010922,201900052453,3,29,21:00,5,2,2,1.0,3.0,94068,BONNEUIL (QU DE),M,"48,7845000","2,4921300",94,2019,50.0,1.0,1.0,3.0,2260684,1.0,1,1,2,5.0,,-1.0, -1,1993.0,B01,138Â 207Â 437,1.0,0.0,-1.0,1725610,1.0,33,,0.0,2.0,1.0,A01,138Â 207Â 435,1.0
1010922,201900052453,3,29,21:00,5,2,2,1.0,3.0,94068,BONNEUIL (QU DE),M,"48,7845000","2,4921300",94,2019,50.0,1.0,1.0,3.0,2260684,1.0,1,1,2,5.0,,-1.0, -1,1993.0,B01,138Â 207Â 437,1.0,0.0,-1.0,1725611,2.0,7,,0.0,2.0,3.0,B01,138Â 207Â 437,1.0
1010923,201900052454,6,4,10:00,1,2,2,1.0,7.0,54274,MALGRANGE (AVENUE DE LA),M,"48,6658000","6,1977000",54,2019,50.0,1.0,1.0,4.0,2260685,10.0,3,4,1,9.0,,4.0,3,2006.0,A01,138Â 207Â 433,8.0,0.0,-1.0,1725612,2.0,7,,0.0,1.0,1.0,A01,138Â 207Â 433,1.0
1010923,201900052454,6,4,10:00,1,2,2,1.0,7.0,54274,MALGRANGE (AVENUE DE LA),M,"48,6658000","6,1977000",54,2019,50.0,1.0,1.0,4.0,2260686,1.0,1,1,1,0.0,,-1.0,0,1941.0,A01,138Â 207Â 433,1.0,-1.0,-1.0,1725612,2.0,7,,0.0,1.0,1.0,A01,138Â 207Â 433,1.0
1010923,201900052454,6,4,10:00,1,2,2,1.0,7.0,54274,MALGRANGE (AVENUE DE LA),M,"48,6658000","6,1977000",54,2019,50.0,1.0,1.0,4.0,2260687,10.0,3,1,1,0.0,,4.0,3,2006.0,A01,138Â 207Â 433,8.0,0.0,-1.0,1725612,2.0,7,,0.0,1.0,1.0,A01,138Â 207Â 433,1.0
1010924,201900052455,3,27,16:00,1,2,2,1.0,3.0,94068,BOIS DES MOINES (R DU),M,"48,7859370","2,5047970",94,2019,50.0,1.0,1.0,4.0,2260688,1.0,1,1,1,5.0,,-1.0, -1,1997.0,A01,138Â 207Â 432,1.0,0.0,-1.0,1725613,2.0,7,,0.0,2.0,1.0,A01,138Â 207Â 432,1.0
1010924,201900052455,3,27,16:00,1,2,2,1.0,3.0,94068,BOIS DES MOINES (R DU),M,"48,7859370","2,5047970",94,2019,50.0,1.0,1.0,4.0,2260688,1.0,1,1,1,5.0,,-1.0, -1,1997.0,A01,138Â 207Â 432,1.0,0.0,-1.0,1725614,1.0,7,,0.0,2.0,8.0,B01,138Â 207Â 434,1.0
1010924,201900052455,3,27,16:00,1,2,2,1.0,3.0,94068,BOIS DES MOINES (R DU),M,"48,7859370","2,5047970",94,2019,50.0,1.0,1.0,4.0,2260689,1.0,1,4,2,5.0,,-1.0, -1,1978.0,B01,138Â 207Â 434,1.0,5.0,-1.0,1725613,2.0,7,,0.0,2.0,1.0,A01,138Â 207Â 432,1.0
1010924,201900052455,3,27,16:00,1,2,2,1.0,3.0,94068,BOIS DES MOINES (R DU),M,"48,7859370","2,5047970",94,2019,50.0,1.0,1.0,4.0,2260689,1.0,1,4,2,5.0,,-1.0, -1,1978.0,B01,138Â 207Â 434,1.0,5.0,-1.0,1725614,1.0,7,,0.0,2.0,8.0,B01,138Â 207Â 434,1.0