Unnamed: 0_x,num_acc,mois,jour,hrmn,lum,agg,int,atm,col,com,adr,gps,lat,long,dep,annee,vma,situ,surf,catr,Unnamed: 0_y,place,catu,grav,sexe,trajet,secu,locp,actp,an_nais,num_veh_x,id_vehicule_x,secu1,secu2,secu3,Unnamed: 0,senc,catv,occutc,obs,obsm,choc,num_veh_y,id_vehicule_y,motor
1010925,201900052456,6,12,14:00,1,2,1,1.0,3.0,54395,JAURES (BOULEVARD JE,M,"48,6799500","6,1792400",54,2019,50.0,1.0,1.0,4.0,2260690,1.0,1,1,1,0.0,,-1.0,0,1984.0,B01,138Â 207Â 429,1.0,0.0,-1.0,1725615,2.0,7,,0.0,2.0,0.0,B01,138Â 207Â 429,1.0
1010925,201900052456,6,12,14:00,1,2,1,1.0,3.0,54395,JAURES (BOULEVARD JE,M,"48,6799500","6,1792400",54,2019,50.0,1.0,1.0,4.0,2260690,1.0,1,1,1,0.0,,-1.0,0,1984.0,B01,138Â 207Â 429,1.0,0.0,-1.0,1725616,2.0,50,,0.0,2.0,0.0,A01,138Â 207Â 431,3.0
1010925,201900052456,6,12,14:00,1,2,1,1.0,3.0,54395,JAURES (BOULEVARD JE,M,"48,6799500","6,1792400",54,2019,50.0,1.0,1.0,4.0,2260691,1.0,1,4,1,0.0,,-1.0,0,1998.0,A01,138Â 207Â 431,1.0,0.0,-1.0,1725615,2.0,7,,0.0,2.0,0.0,B01,138Â 207Â 429,1.0
1010925,201900052456,6,12,14:00,1,2,1,1.0,3.0,54395,JAURES (BOULEVARD JE,M,"48,6799500","6,1792400",54,2019,50.0,1.0,1.0,4.0,2260691,1.0,1,4,1,0.0,,-1.0,0,1998.0,A01,138Â 207Â 431,1.0,0.0,-1.0,1725616,2.0,50,,0.0,2.0,0.0,A01,138Â 207Â 431,3.0
1010926,201900052457,3,28,08:45,1,2,1,1.0,2.0,94042,GENERAL GALLIENI (AV DU),M,"48,8201200","2,4748800",94,2019,50.0,1.0,1.0,3.0,2260692,1.0,1,1,1,1.0,,-1.0, -1,1990.0,A01,138Â 207Â 428,1.0,0.0,-1.0,1725617,2.0,7,,0.0,6.0,1.0,A01,138Â 207Â 428,1.0
1010926,201900052457,3,28,08:45,1,2,1,1.0,2.0,94042,GENERAL GALLIENI (AV DU),M,"48,8201200","2,4748800",94,2019,50.0,1.0,1.0,3.0,2260692,1.0,1,1,1,1.0,,-1.0, -1,1990.0,A01,138Â 207Â 428,1.0,0.0,-1.0,1725618,2.0,1,,0.0,2.0,4.0,B01,138Â 207Â 430,5.0
1010926,201900052457,3,28,08:45,1,2,1,1.0,2.0,94042,GENERAL GALLIENI (AV DU),M,"48,8201200","2,4748800",94,2019,50.0,1.0,1.0,3.0,2260693,1.0,1,4,1,1.0,,-1.0, -1,1965.0,B01,138Â 207Â 430,8.0,0.0,-1.0,1725617,2.0,7,,0.0,6.0,1.0,A01,138Â 207Â 428,1.0
1010926,201900052457,3,28,08:45,1,2,1,1.0,2.0,94042,GENERAL GALLIENI (AV DU),M,"48,8201200","2,4748800",94,2019,50.0,1.0,1.0,3.0,2260693,1.0,1,4,1,1.0,,-1.0, -1,1965.0,B01,138Â 207Â 430,8.0,0.0,-1.0,1725618,2.0,1,,0.0,2.0,4.0,B01,138Â 207Â 430,5.0
1010927,201900052458,3,28,11:15,1,2,2,1.0,3.0,94046,LEON BLUM (AV),M,"48,8005972","2,4352356",94,2019,50.0,1.0,1.0,3.0,2260694,1.0,1,1,2,5.0,,-1.0,0,1982.0,A01,138Â 207Â 424,1.0,8.0,-1.0,1725619,1.0,7,,0.0,2.0,1.0,A01,138Â 207Â 424,1.0
1010927,201900052458,3,28,11:15,1,2,2,1.0,3.0,94046,LEON BLUM (AV),M,"48,8005972","2,4352356",94,2019,50.0,1.0,1.0,3.0,2260694,1.0,1,1,2,5.0,,-1.0,0,1982.0,A01,138Â 207Â 424,1.0,8.0,-1.0,1725620,1.0,32,,0.0,2.0,3.0,B01,138Â 207Â 426,1.0
1010927,201900052458,3,28,11:15,1,2,2,1.0,3.0,94046,LEON BLUM (AV),M,"48,8005972","2,4352356",94,2019,50.0,1.0,1.0,3.0,2260695,1.0,1,4,1,1.0,,-1.0,0,1979.0,B01,138Â 207Â 426,2.0,8.0,-1.0,1725619,1.0,7,,0.0,2.0,1.0,A01,138Â 207Â 424,1.0
1010927,201900052458,3,28,11:15,1,2,2,1.0,3.0,94046,LEON BLUM (AV),M,"48,8005972","2,4352356",94,2019,50.0,1.0,1.0,3.0,2260695,1.0,1,4,1,1.0,,-1.0,0,1979.0,B01,138Â 207Â 426,2.0,8.0,-1.0,1725620,1.0,32,,0.0,2.0,3.0,B01,138Â 207Â 426,1.0
1010928,201900052459,6,30,19:20,1,2,6,1.0,3.0,54304,av des quatre vents,M,"48,7009300","6,1358500",54,2019,50.0,1.0,1.0,4.0,2260696,1.0,1,4,1,0.0,,-1.0,0,1995.0,B01,138Â 207Â 425,2.0,0.0,-1.0,1725621,1.0,2,,0.0,2.0,1.0,B01,138Â 207Â 425,1.0
1010928,201900052459,6,30,19:20,1,2,6,1.0,3.0,54304,av des quatre vents,M,"48,7009300","6,1358500",54,2019,50.0,1.0,1.0,4.0,2260696,1.0,1,4,1,0.0,,-1.0,0,1995.0,B01,138Â 207Â 425,2.0,0.0,-1.0,1725622,1.0,7,,0.0,2.0,1.0,A01,138Â 207Â 427,1.0
1010928,201900052459,6,30,19:20,1,2,6,1.0,3.0,54304,av des quatre vents,M,"48,7009300","6,1358500",54,2019,50.0,1.0,1.0,4.0,2260697,1.0,1,1,2,0.0,,-1.0,0,1985.0,A01,138Â 207Â 427,1.0,0.0,-1.0,1725621,1.0,2,,0.0,2.0,1.0,B01,138Â 207Â 425,1.0
1010928,201900052459,6,30,19:20,1,2,6,1.0,3.0,54304,av des quatre vents,M,"48,7009300","6,1358500",54,2019,50.0,1.0,1.0,4.0,2260697,1.0,1,1,2,0.0,,-1.0,0,1985.0,A01,138Â 207Â 427,1.0,0.0,-1.0,1725622,1.0,7,,0.0,2.0,1.0,A01,138Â 207Â 427,1.0
1010929,201900052460,3,30,14:04,1,2,1,1.0,6.0,94043,PROFESSEUR BERGONIE (R DU),M,"48,8042800","2,3459900",94,2019,5.0,1.0,1.0,5.0,2260698,10.0,3,3,2,0.0,,5.0,1,2015.0,A01,138Â 207Â 423,8.0,0.0,-1.0,1725623,0.0,1,,0.0,1.0,1.0,A01,138Â 207Â 423,5.0
1010929,201900052460,3,30,14:04,1,2,1,1.0,6.0,94043,PROFESSEUR BERGONIE (R DU),M,"48,8042800","2,3459900",94,2019,5.0,1.0,1.0,5.0,2260699,1.0,1,1,1,5.0,,-1.0, -1,2006.0,A01,138Â 207Â 423,8.0,0.0,-1.0,1725623,0.0,1,,0.0,1.0,1.0,A01,138Â 207Â 423,5.0
1010930,201900052461,3,29,14:00,1,2,2,7.0,3.0,94043,FONTAINEBLEAU (AV DE),M,"48,8071600","2,3630700",94,2019,50.0,1.0,1.0,3.0,2260700,1.0,1,1,1,0.0,,-1.0, -1,1974.0,A01,138Â 207Â 420,1.0,0.0,-1.0,1725624,1.0,7,,0.0,2.0,7.0,A01,138Â 207Â 420,1.0
1010930,201900052461,3,29,14:00,1,2,2,7.0,3.0,94043,FONTAINEBLEAU (AV DE),M,"48,8071600","2,3630700",94,2019,50.0,1.0,1.0,3.0,2260700,1.0,1,1,1,0.0,,-1.0, -1,1974.0,A01,138Â 207Â 420,1.0,0.0,-1.0,1725625,1.0,33,,0.0,2.0,1.0,B01,138Â 207Â 421,1.0
1010930,201900052461,3,29,14:00,1,2,2,7.0,3.0,94043,FONTAINEBLEAU (AV DE),M,"48,8071600","2,3630700",94,2019,50.0,1.0,1.0,3.0,2260701,1.0,1,3,1,0.0,,-1.0, -1,1954.0,B01,138Â 207Â 421,2.0,6.0,-1.0,1725624,1.0,7,,0.0,2.0,7.0,A01,138Â 207Â 420,1.0
1010930,201900052461,3,29,14:00,1,2,2,7.0,3.0,94043,FONTAINEBLEAU (AV DE),M,"48,8071600","2,3630700",94,2019,50.0,1.0,1.0,3.0,2260701,1.0,1,3,1,0.0,,-1.0, -1,1954.0,B01,138Â 207Â 421,2.0,6.0,-1.0,1725625,1.0,33,,0.0,2.0,1.0,B01,138Â 207Â 421,1.0
1010931,201900052462,6,29,14:20,1,2,2,1.0,3.0,54304,RESISTANCE (AV. DE LA -IMPAIR-),M,"48,6948600","6,1380500",54,2019,50.0,1.0,1.0,4.0,2260702,1.0,1,1,1,0.0,,-1.0,0,1989.0,A01,138Â 207Â 419,1.0,0.0,-1.0,1725626,1.0,7,,0.0,2.0,1.0,A01,138Â 207Â 419,1.0
1010931,201900052462,6,29,14:20,1,2,2,1.0,3.0,54304,RESISTANCE (AV. DE LA -IMPAIR-),M,"48,6948600","6,1380500",54,2019,50.0,1.0,1.0,4.0,2260702,1.0,1,1,1,0.0,,-1.0,0,1989.0,A01,138Â 207Â 419,1.0,0.0,-1.0,1725627,1.0,7,,0.0,2.0,0.0,B01,138Â 207Â 422,1.0
1010931,201900052462,6,29,14:20,1,2,2,1.0,3.0,54304,RESISTANCE (AV. DE LA -IMPAIR-),M,"48,6948600","6,1380500",54,2019,50.0,1.0,1.0,4.0,2260703,2.0,2,4,2,0.0,,-1.0,0,1990.0,A01,138Â 207Â 419,1.0,0.0,-1.0,1725626,1.0,7,,0.0,2.0,1.0,A01,138Â 207Â 419,1.0
1010931,201900052462,6,29,14:20,1,2,2,1.0,3.0,54304,RESISTANCE (AV. DE LA -IMPAIR-),M,"48,6948600","6,1380500",54,2019,50.0,1.0,1.0,4.0,2260703,2.0,2,4,2,0.0,,-1.0,0,1990.0,A01,138Â 207Â 419,1.0,0.0,-1.0,1725627,1.0,7,,0.0,2.0,0.0,B01,138Â 207Â 422,1.0
1010931,201900052462,6,29,14:20,1,2,2,1.0,3.0,54304,RESISTANCE (AV. DE LA -IMPAIR-),M,"48,6948600","6,1380500",54,2019,50.0,1.0,1.0,4.0,2260704,1.0,1,1,1,0.0,,-1.0,0,1970.0,B01,138Â 207Â 422,1.0,0.0,-1.0,1725626,1.0,7,,0.0,2.0,1.0,A01,138Â 207Â 419,1.0
1010931,201900052462,6,29,14:20,1,2,2,1.0,3.0,54304,RESISTANCE (AV. DE LA -IMPAIR-),M,"48,6948600","6,1380500",54,2019,50.0,1.0,1.0,4.0,2260704,1.0,1,1,1,0.0,,-1.0,0,1970.0,B01,138Â 207Â 422,1.0,0.0,-1.0,1725627,1.0,7,,0.0,2.0,0.0,B01,138Â 207Â 422,1.0
1010932,201900052463,7,8,20:30,1,2,2,1.0,3.0,54547,GEMBLOUX (RUE DE),M,"48,6642200","6,1742700",54,2019,50.0,3.0,1.0,4.0,2260705,1.0,1,1,2,9.0,,0.0,0,1962.0,A01,138Â 207Â 415,1.0,0.0,-1.0,1725628,1.0,7,,0.0,2.0,1.0,A01,138Â 207Â 415,1.0
1010932,201900052463,7,8,20:30,1,2,2,1.0,3.0,54547,GEMBLOUX (RUE DE),M,"48,6642200","6,1742700",54,2019,50.0,3.0,1.0,4.0,2260705,1.0,1,1,2,9.0,,0.0,0,1962.0,A01,138Â 207Â 415,1.0,0.0,-1.0,1725629,1.0,7,,0.0,2.0,1.0,B01,138Â 207Â 417,1.0
1010932,201900052463,7,8,20:30,1,2,2,1.0,3.0,54547,GEMBLOUX (RUE DE),M,"48,6642200","6,1742700",54,2019,50.0,3.0,1.0,4.0,2260706,1.0,1,4,2,9.0,,-1.0, -1,1997.0,B01,138Â 207Â 417,1.0,0.0,-1.0,1725628,1.0,7,,0.0,2.0,1.0,A01,138Â 207Â 415,1.0
1010932,201900052463,7,8,20:30,1,2,2,1.0,3.0,54547,GEMBLOUX (RUE DE),M,"48,6642200","6,1742700",54,2019,50.0,3.0,1.0,4.0,2260706,1.0,1,4,2,9.0,,-1.0, -1,1997.0,B01,138Â 207Â 417,1.0,0.0,-1.0,1725629,1.0,7,,0.0,2.0,1.0,B01,138Â 207Â 417,1.0
1010933,201900052464,3,28,12:15,1,2,1,1.0,6.0,94041,VERDUN (AV DE),M,"48,8171400","2,3670500",94,2019,50.0,1.0,1.0,3.0,2260707,1.0,1,1,1,4.0,,0.0,0,1967.0,A01,138Â 207Â 414,8.0,0.0,-1.0,1725630,2.0,10,,0.0,1.0,2.0,A01,138Â 207Â 414,1.0
1010933,201900052464,3,28,12:15,1,2,1,1.0,6.0,94041,VERDUN (AV DE),M,"48,8171400","2,3670500",94,2019,50.0,1.0,1.0,3.0,2260708,10.0,3,4,2,0.0,,4.0,3,2014.0,A01,138Â 207Â 414,8.0,0.0,-1.0,1725630,2.0,10,,0.0,1.0,2.0,A01,138Â 207Â 414,1.0
1010934,201900052465,3,27,20:10,5,2,9,1.0,6.0,94041,CARNOT (R),M,"48,8083800","2,3695800",94,2019,50.0,1.0,1.0,4.0,2260709,2.0,2,4,1,0.0,,0.0,0,1986.0,A01,138Â 207Â 412,1.0,0.0,-1.0,1725631,2.0,7,,1.0,0.0,3.0,A01,138Â 207Â 412,1.0
1010934,201900052465,3,27,20:10,5,2,9,1.0,6.0,94041,CARNOT (R),M,"48,8083800","2,3695800",94,2019,50.0,1.0,1.0,4.0,2260710,1.0,1,4,1,0.0,,0.0,0,1978.0,A01,138Â 207Â 412,1.0,0.0,-1.0,1725631,2.0,7,,1.0,0.0,3.0,A01,138Â 207Â 412,1.0
1010935,201900052466,7,10,08:35,1,2,1,1.0,3.0,52121,BOURGOGNE (RUE DE),M,"48,0979000","5,1431800",52,2019,50.0,1.0,1.0,4.0,2260711,1.0,1,4,1,5.0,,0.0,0,1999.0,A01,138Â 207Â 407,2.0,0.0,-1.0,1725632,1.0,2,,0.0,2.0,1.0,A01,138Â 207Â 407,1.0
1010935,201900052466,7,10,08:35,1,2,1,1.0,3.0,52121,BOURGOGNE (RUE DE),M,"48,0979000","5,1431800",52,2019,50.0,1.0,1.0,4.0,2260711,1.0,1,4,1,5.0,,0.0,0,1999.0,A01,138Â 207Â 407,2.0,0.0,-1.0,1725633,1.0,7,,0.0,2.0,3.0,B01,138Â 207Â 409,1.0
1010935,201900052466,7,10,08:35,1,2,1,1.0,3.0,52121,BOURGOGNE (RUE DE),M,"48,0979000","5,1431800",52,2019,50.0,1.0,1.0,4.0,2260712,1.0,1,1,1,1.0,,0.0,0,1987.0,B01,138Â 207Â 409,1.0,0.0,-1.0,1725632,1.0,2,,0.0,2.0,1.0,A01,138Â 207Â 407,1.0
1010935,201900052466,7,10,08:35,1,2,1,1.0,3.0,52121,BOURGOGNE (RUE DE),M,"48,0979000","5,1431800",52,2019,50.0,1.0,1.0,4.0,2260712,1.0,1,1,1,1.0,,0.0,0,1987.0,B01,138Â 207Â 409,1.0,0.0,-1.0,1725633,1.0,7,,0.0,2.0,3.0,B01,138Â 207Â 409,1.0
1010936,201900052467,3,28,16:40,1,2,2,1.0,3.0,94054,MARCEL CACHIN (AV),M,"48,7435600","2,4086000",94,2019,50.0,1.0,1.0,3.0,2260713,1.0,1,4,1,4.0,,-1.0, -1,1979.0,B01,138Â 207Â 406,1.0,0.0,-1.0,1725634,3.0,37,1.0,0.0,2.0,8.0,B01,138Â 207Â 406,0.0
1010936,201900052467,3,28,16:40,1,2,2,1.0,3.0,94054,MARCEL CACHIN (AV),M,"48,7435600","2,4086000",94,2019,50.0,1.0,1.0,3.0,2260713,1.0,1,4,1,4.0,,-1.0, -1,1979.0,B01,138Â 207Â 406,1.0,0.0,-1.0,1725635,3.0,7,,0.0,2.0,1.0,A01,138Â 207Â 408,0.0
1010936,201900052467,3,28,16:40,1,2,2,1.0,3.0,94054,MARCEL CACHIN (AV),M,"48,7435600","2,4086000",94,2019,50.0,1.0,1.0,3.0,2260714,2.0,2,1,1,3.0,,-1.0, -1,1929.0,A01,138Â 207Â 408,1.0,0.0,-1.0,1725634,3.0,37,1.0,0.0,2.0,8.0,B01,138Â 207Â 406,0.0
1010936,201900052467,3,28,16:40,1,2,2,1.0,3.0,94054,MARCEL CACHIN (AV),M,"48,7435600","2,4086000",94,2019,50.0,1.0,1.0,3.0,2260714,2.0,2,1,1,3.0,,-1.0, -1,1929.0,A01,138Â 207Â 408,1.0,0.0,-1.0,1725635,3.0,7,,0.0,2.0,1.0,A01,138Â 207Â 408,0.0
1010936,201900052467,3,28,16:40,1,2,2,1.0,3.0,94054,MARCEL CACHIN (AV),M,"48,7435600","2,4086000",94,2019,50.0,1.0,1.0,3.0,2260715,1.0,1,1,1,3.0,,-1.0, -1,1934.0,A01,138Â 207Â 408,1.0,0.0,-1.0,1725634,3.0,37,1.0,0.0,2.0,8.0,B01,138Â 207Â 406,0.0
1010936,201900052467,3,28,16:40,1,2,2,1.0,3.0,94054,MARCEL CACHIN (AV),M,"48,7435600","2,4086000",94,2019,50.0,1.0,1.0,3.0,2260715,1.0,1,1,1,3.0,,-1.0, -1,1934.0,A01,138Â 207Â 408,1.0,0.0,-1.0,1725635,3.0,7,,0.0,2.0,1.0,A01,138Â 207Â 408,0.0
1010937,201900052468,3,28,10:57,1,2,2,1.0,3.0,94022,GAMBETTA (AV),M,"48,7632500","2,4015500",94,2019,50.0,6.0,1.0,3.0,2260716,1.0,1,1,2,5.0,,-1.0, -1,1946.0,A01,138Â 207Â 403,1.0,0.0,-1.0,1725636,2.0,7,,0.0,2.0,8.0,A01,138Â 207Â 403,0.0
1010937,201900052468,3,28,10:57,1,2,2,1.0,3.0,94022,GAMBETTA (AV),M,"48,7632500","2,4015500",94,2019,50.0,6.0,1.0,3.0,2260716,1.0,1,1,2,5.0,,-1.0, -1,1946.0,A01,138Â 207Â 403,1.0,0.0,-1.0,1725637,1.0,37,4.0,0.0,2.0,2.0,B01,138Â 207Â 404,0.0
1010937,201900052468,3,28,10:57,1,2,2,1.0,3.0,94022,GAMBETTA (AV),M,"48,7632500","2,4015500",94,2019,50.0,6.0,1.0,3.0,2260717,4.0,2,4,1,5.0,,-1.0, -1,1997.0,B01,138Â 207Â 404,8.0,0.0,-1.0,1725636,2.0,7,,0.0,2.0,8.0,A01,138Â 207Â 403,0.0
1010937,201900052468,3,28,10:57,1,2,2,1.0,3.0,94022,GAMBETTA (AV),M,"48,7632500","2,4015500",94,2019,50.0,6.0,1.0,3.0,2260717,4.0,2,4,1,5.0,,-1.0, -1,1997.0,B01,138Â 207Â 404,8.0,0.0,-1.0,1725637,1.0,37,4.0,0.0,2.0,2.0,B01,138Â 207Â 404,0.0
1010937,201900052468,3,28,10:57,1,2,2,1.0,3.0,94022,GAMBETTA (AV),M,"48,7632500","2,4015500",94,2019,50.0,6.0,1.0,3.0,2260718,8.0,2,4,1,1.0,,-1.0, -1,1970.0,B01,138Â 207Â 404,1.0,0.0,-1.0,1725636,2.0,7,,0.0,2.0,8.0,A01,138Â 207Â 403,0.0
1010937,201900052468,3,28,10:57,1,2,2,1.0,3.0,94022,GAMBETTA (AV),M,"48,7632500","2,4015500",94,2019,50.0,6.0,1.0,3.0,2260718,8.0,2,4,1,1.0,,-1.0, -1,1970.0,B01,138Â 207Â 404,1.0,0.0,-1.0,1725637,1.0,37,4.0,0.0,2.0,2.0,B01,138Â 207Â 404,0.0
1010937,201900052468,3,28,10:57,1,2,2,1.0,3.0,94022,GAMBETTA (AV),M,"48,7632500","2,4015500",94,2019,50.0,6.0,1.0,3.0,2260719,3.0,2,4,1,5.0,,-1.0, -1,1968.0,B01,138Â 207Â 404,8.0,0.0,-1.0,1725636,2.0,7,,0.0,2.0,8.0,A01,138Â 207Â 403,0.0
1010937,201900052468,3,28,10:57,1,2,2,1.0,3.0,94022,GAMBETTA (AV),M,"48,7632500","2,4015500",94,2019,50.0,6.0,1.0,3.0,2260719,3.0,2,4,1,5.0,,-1.0, -1,1968.0,B01,138Â 207Â 404,8.0,0.0,-1.0,1725637,1.0,37,4.0,0.0,2.0,2.0,B01,138Â 207Â 404,0.0
1010937,201900052468,3,28,10:57,1,2,2,1.0,3.0,94022,GAMBETTA (AV),M,"48,7632500","2,4015500",94,2019,50.0,6.0,1.0,3.0,2260720,1.0,1,1,1,4.0,,-1.0, -1,1976.0,B01,138Â 207Â 404,1.0,0.0,-1.0,1725636,2.0,7,,0.0,2.0,8.0,A01,138Â 207Â 403,0.0
1010937,201900052468,3,28,10:57,1,2,2,1.0,3.0,94022,GAMBETTA (AV),M,"48,7632500","2,4015500",94,2019,50.0,6.0,1.0,3.0,2260720,1.0,1,1,1,4.0,,-1.0, -1,1976.0,B01,138Â 207Â 404,1.0,0.0,-1.0,1725637,1.0,37,4.0,0.0,2.0,2.0,B01,138Â 207Â 404,0.0
1010938,201900052469,3,28,14:30,1,2,3,1.0,3.0,94060,PONT BANNERET (RTE DU),M,"48,7861100","2,5775800",94,2019,50.0,1.0,1.0,4.0,2260721,1.0,1,4,1,1.0,,0.0,0,1987.0,B01,138Â 207Â 400,8.0,0.0,-1.0,1725638,3.0,1,,0.0,2.0,8.0,B01,138Â 207Â 400,6.0
1010938,201900052469,3,28,14:30,1,2,3,1.0,3.0,94060,PONT BANNERET (RTE DU),M,"48,7861100","2,5775800",94,2019,50.0,1.0,1.0,4.0,2260721,1.0,1,4,1,1.0,,0.0,0,1987.0,B01,138Â 207Â 400,8.0,0.0,-1.0,1725639,3.0,7,,0.0,6.0,7.0,Z01,138Â 207Â 402,0.0
1010939,201900052470,7,12,07:50,1,2,6,1.0,3.0,51454,RUE DU GENERAL KOENIG,M,"49,2266600","4,0252300",51,2019,50.0,1.0,1.0,4.0,2260722,1.0,1,1,2,0.0,,-1.0,0,1974.0,A01,138Â 207Â 401,1.0,0.0,-1.0,1725640,0.0,10,,0.0,2.0,3.0,A01,138Â 207Â 401,1.0
1010939,201900052470,7,12,07:50,1,2,6,1.0,3.0,51454,RUE DU GENERAL KOENIG,M,"49,2266600","4,0252300",51,2019,50.0,1.0,1.0,4.0,2260722,1.0,1,1,2,0.0,,-1.0,0,1974.0,A01,138Â 207Â 401,1.0,0.0,-1.0,1725641,0.0,1,,0.0,2.0,0.0,B01,138Â 207Â 405,5.0
1010939,201900052470,7,12,07:50,1,2,6,1.0,3.0,51454,RUE DU GENERAL KOENIG,M,"49,2266600","4,0252300",51,2019,50.0,1.0,1.0,4.0,2260723,1.0,1,4,1,0.0,,-1.0,0,1970.0,B01,138Â 207Â 405,8.0,0.0,-1.0,1725640,0.0,10,,0.0,2.0,3.0,A01,138Â 207Â 401,1.0
1010939,201900052470,7,12,07:50,1,2,6,1.0,3.0,51454,RUE DU GENERAL KOENIG,M,"49,2266600","4,0252300",51,2019,50.0,1.0,1.0,4.0,2260723,1.0,1,4,1,0.0,,-1.0,0,1970.0,B01,138Â 207Â 405,8.0,0.0,-1.0,1725641,0.0,1,,0.0,2.0,0.0,B01,138Â 207Â 405,5.0
1010940,201900052471,3,28,21:35,5,2,2,1.0,3.0,94069,NATIONALE 6 - PONT DE CHARENTON (RTE),M,"48,8178187","2,4198533",94,2019,50.0,1.0,1.0,3.0,2260724,3.0,2,1,2,5.0,,-1.0, -1,1999.0,B01,138Â 207Â 396,1.0,8.0,-1.0,1725642,1.0,7,,0.0,2.0,2.0,B01,138Â 207Â 396,1.0
1010940,201900052471,3,28,21:35,5,2,2,1.0,3.0,94069,NATIONALE 6 - PONT DE CHARENTON (RTE),M,"48,8178187","2,4198533",94,2019,50.0,1.0,1.0,3.0,2260724,3.0,2,1,2,5.0,,-1.0, -1,1999.0,B01,138Â 207Â 396,1.0,8.0,-1.0,1725643,1.0,33,,0.0,2.0,1.0,A01,138Â 207Â 399,1.0
1010940,201900052471,3,28,21:35,5,2,2,1.0,3.0,94069,NATIONALE 6 - PONT DE CHARENTON (RTE),M,"48,8178187","2,4198533",94,2019,50.0,1.0,1.0,3.0,2260725,1.0,1,1,1,5.0,,-1.0, -1,1999.0,B01,138Â 207Â 396,1.0,0.0,-1.0,1725642,1.0,7,,0.0,2.0,2.0,B01,138Â 207Â 396,1.0
1010940,201900052471,3,28,21:35,5,2,2,1.0,3.0,94069,NATIONALE 6 - PONT DE CHARENTON (RTE),M,"48,8178187","2,4198533",94,2019,50.0,1.0,1.0,3.0,2260725,1.0,1,1,1,5.0,,-1.0, -1,1999.0,B01,138Â 207Â 396,1.0,0.0,-1.0,1725643,1.0,33,,0.0,2.0,1.0,A01,138Â 207Â 399,1.0
1010940,201900052471,3,28,21:35,5,2,2,1.0,3.0,94069,NATIONALE 6 - PONT DE CHARENTON (RTE),M,"48,8178187","2,4198533",94,2019,50.0,1.0,1.0,3.0,2260726,2.0,2,1,2,5.0,,-1.0, -1,1999.0,B01,138Â 207Â 396,1.0,8.0,-1.0,1725642,1.0,7,,0.0,2.0,2.0,B01,138Â 207Â 396,1.0
1010940,201900052471,3,28,21:35,5,2,2,1.0,3.0,94069,NATIONALE 6 - PONT DE CHARENTON (RTE),M,"48,8178187","2,4198533",94,2019,50.0,1.0,1.0,3.0,2260726,2.0,2,1,2,5.0,,-1.0, -1,1999.0,B01,138Â 207Â 396,1.0,8.0,-1.0,1725643,1.0,33,,0.0,2.0,1.0,A01,138Â 207Â 399,1.0
1010940,201900052471,3,28,21:35,5,2,2,1.0,3.0,94069,NATIONALE 6 - PONT DE CHARENTON (RTE),M,"48,8178187","2,4198533",94,2019,50.0,1.0,1.0,3.0,2260727,1.0,1,4,1,5.0,,-1.0, -1,1996.0,A01,138Â 207Â 399,2.0,8.0,-1.0,1725642,1.0,7,,0.0,2.0,2.0,B01,138Â 207Â 396,1.0
1010940,201900052471,3,28,21:35,5,2,2,1.0,3.0,94069,NATIONALE 6 - PONT DE CHARENTON (RTE),M,"48,8178187","2,4198533",94,2019,50.0,1.0,1.0,3.0,2260727,1.0,1,4,1,5.0,,-1.0, -1,1996.0,A01,138Â 207Â 399,2.0,8.0,-1.0,1725643,1.0,33,,0.0,2.0,1.0,A01,138Â 207Â 399,1.0
1010941,201900052472,7,11,16:50,1,2,1,1.0,3.0,51506,AVENUE DU PRESIDENT ROOSEVELT,M,"48,9449765","4,3826167",51,2019,50.0,1.0,1.0,3.0,2260728,1.0,1,3,1,5.0,,-1.0,0,1933.0,B01,138Â 207Â 397,8.0,0.0,-1.0,1725644,1.0,1,,0.0,2.0,8.0,B01,138Â 207Â 397,5.0
1010941,201900052472,7,11,16:50,1,2,1,1.0,3.0,51506,AVENUE DU PRESIDENT ROOSEVELT,M,"48,9449765","4,3826167",51,2019,50.0,1.0,1.0,3.0,2260728,1.0,1,3,1,5.0,,-1.0,0,1933.0,B01,138Â 207Â 397,8.0,0.0,-1.0,1725645,1.0,7,,0.0,2.0,3.0,A01,138Â 207Â 398,1.0
1010941,201900052472,7,11,16:50,1,2,1,1.0,3.0,51506,AVENUE DU PRESIDENT ROOSEVELT,M,"48,9449765","4,3826167",51,2019,50.0,1.0,1.0,3.0,2260729,1.0,1,1,2,5.0,,-1.0,0,1965.0,A01,138Â 207Â 398,1.0,0.0,-1.0,1725644,1.0,1,,0.0,2.0,8.0,B01,138Â 207Â 397,5.0
1010941,201900052472,7,11,16:50,1,2,1,1.0,3.0,51506,AVENUE DU PRESIDENT ROOSEVELT,M,"48,9449765","4,3826167",51,2019,50.0,1.0,1.0,3.0,2260729,1.0,1,1,2,5.0,,-1.0,0,1965.0,A01,138Â 207Â 398,1.0,0.0,-1.0,1725645,1.0,7,,0.0,2.0,3.0,A01,138Â 207Â 398,1.0
1010942,201900052473,3,28,18:20,1,2,1,1.0,4.0,94017,STALINGRAD (BD DE),M,"48,8174400","2,5093000",94,2019,50.0,1.0,1.0,3.0,2260730,1.0,1,4,1,1.0,,-1.0,0,1979.0,B01,138Â 207Â 392,1.0,4.0,-1.0,1725646,1.0,7,,0.0,2.0,9.0,B01,138Â 207Â 392,1.0