Unnamed: 0_x,num_acc,mois,jour,hrmn,lum,agg,int,atm,col,com,adr,gps,lat,long,dep,annee,vma,situ,surf,catr,Unnamed: 0_y,place,catu,grav,sexe,trajet,secu,locp,actp,an_nais,num_veh_x,id_vehicule_x,secu1,secu2,secu3,Unnamed: 0,senc,catv,occutc,obs,obsm,choc,num_veh_y,id_vehicule_y,motor
1010942,201900052473,3,28,18:20,1,2,1,1.0,4.0,94017,STALINGRAD (BD DE),M,"48,8174400","2,5093000",94,2019,50.0,1.0,1.0,3.0,2260730,1.0,1,4,1,1.0,,-1.0,0,1979.0,B01,138Â 207Â 392,1.0,4.0,-1.0,1725647,1.0,7,,0.0,2.0,4.0,D01,138Â 207Â 393,1.0
1010942,201900052473,3,28,18:20,1,2,1,1.0,4.0,94017,STALINGRAD (BD DE),M,"48,8174400","2,5093000",94,2019,50.0,1.0,1.0,3.0,2260730,1.0,1,4,1,1.0,,-1.0,0,1979.0,B01,138Â 207Â 392,1.0,4.0,-1.0,1725648,1.0,10,,0.0,2.0,1.0,C01,138Â 207Â 394,1.0
1010942,201900052473,3,28,18:20,1,2,1,1.0,4.0,94017,STALINGRAD (BD DE),M,"48,8174400","2,5093000",94,2019,50.0,1.0,1.0,3.0,2260730,1.0,1,4,1,1.0,,-1.0,0,1979.0,B01,138Â 207Â 392,1.0,4.0,-1.0,1725649,1.0,10,,0.0,2.0,1.0,A01,138Â 207Â 395,1.0
1010942,201900052473,3,28,18:20,1,2,1,1.0,4.0,94017,STALINGRAD (BD DE),M,"48,8174400","2,5093000",94,2019,50.0,1.0,1.0,3.0,2260731,1.0,1,1,2,1.0,,-1.0, -1,1967.0,D01,138Â 207Â 393,1.0,4.0,-1.0,1725646,1.0,7,,0.0,2.0,9.0,B01,138Â 207Â 392,1.0
1010942,201900052473,3,28,18:20,1,2,1,1.0,4.0,94017,STALINGRAD (BD DE),M,"48,8174400","2,5093000",94,2019,50.0,1.0,1.0,3.0,2260731,1.0,1,1,2,1.0,,-1.0, -1,1967.0,D01,138Â 207Â 393,1.0,4.0,-1.0,1725647,1.0,7,,0.0,2.0,4.0,D01,138Â 207Â 393,1.0
1010942,201900052473,3,28,18:20,1,2,1,1.0,4.0,94017,STALINGRAD (BD DE),M,"48,8174400","2,5093000",94,2019,50.0,1.0,1.0,3.0,2260731,1.0,1,1,2,1.0,,-1.0, -1,1967.0,D01,138Â 207Â 393,1.0,4.0,-1.0,1725648,1.0,10,,0.0,2.0,1.0,C01,138Â 207Â 394,1.0
1010942,201900052473,3,28,18:20,1,2,1,1.0,4.0,94017,STALINGRAD (BD DE),M,"48,8174400","2,5093000",94,2019,50.0,1.0,1.0,3.0,2260731,1.0,1,1,2,1.0,,-1.0, -1,1967.0,D01,138Â 207Â 393,1.0,4.0,-1.0,1725649,1.0,10,,0.0,2.0,1.0,A01,138Â 207Â 395,1.0
1010942,201900052473,3,28,18:20,1,2,1,1.0,4.0,94017,STALINGRAD (BD DE),M,"48,8174400","2,5093000",94,2019,50.0,1.0,1.0,3.0,2260732,1.0,1,1,1,1.0,,-1.0,0,1970.0,C01,138Â 207Â 394,1.0,8.0,-1.0,1725646,1.0,7,,0.0,2.0,9.0,B01,138Â 207Â 392,1.0
1010942,201900052473,3,28,18:20,1,2,1,1.0,4.0,94017,STALINGRAD (BD DE),M,"48,8174400","2,5093000",94,2019,50.0,1.0,1.0,3.0,2260732,1.0,1,1,1,1.0,,-1.0,0,1970.0,C01,138Â 207Â 394,1.0,8.0,-1.0,1725647,1.0,7,,0.0,2.0,4.0,D01,138Â 207Â 393,1.0
1010942,201900052473,3,28,18:20,1,2,1,1.0,4.0,94017,STALINGRAD (BD DE),M,"48,8174400","2,5093000",94,2019,50.0,1.0,1.0,3.0,2260732,1.0,1,1,1,1.0,,-1.0,0,1970.0,C01,138Â 207Â 394,1.0,8.0,-1.0,1725648,1.0,10,,0.0,2.0,1.0,C01,138Â 207Â 394,1.0
1010942,201900052473,3,28,18:20,1,2,1,1.0,4.0,94017,STALINGRAD (BD DE),M,"48,8174400","2,5093000",94,2019,50.0,1.0,1.0,3.0,2260732,1.0,1,1,1,1.0,,-1.0,0,1970.0,C01,138Â 207Â 394,1.0,8.0,-1.0,1725649,1.0,10,,0.0,2.0,1.0,A01,138Â 207Â 395,1.0
1010942,201900052473,3,28,18:20,1,2,1,1.0,4.0,94017,STALINGRAD (BD DE),M,"48,8174400","2,5093000",94,2019,50.0,1.0,1.0,3.0,2260733,1.0,1,4,2,3.0,,-1.0,0,1946.0,A01,138Â 207Â 395,1.0,8.0,-1.0,1725646,1.0,7,,0.0,2.0,9.0,B01,138Â 207Â 392,1.0
1010942,201900052473,3,28,18:20,1,2,1,1.0,4.0,94017,STALINGRAD (BD DE),M,"48,8174400","2,5093000",94,2019,50.0,1.0,1.0,3.0,2260733,1.0,1,4,2,3.0,,-1.0,0,1946.0,A01,138Â 207Â 395,1.0,8.0,-1.0,1725647,1.0,7,,0.0,2.0,4.0,D01,138Â 207Â 393,1.0
1010942,201900052473,3,28,18:20,1,2,1,1.0,4.0,94017,STALINGRAD (BD DE),M,"48,8174400","2,5093000",94,2019,50.0,1.0,1.0,3.0,2260733,1.0,1,4,2,3.0,,-1.0,0,1946.0,A01,138Â 207Â 395,1.0,8.0,-1.0,1725648,1.0,10,,0.0,2.0,1.0,C01,138Â 207Â 394,1.0
1010942,201900052473,3,28,18:20,1,2,1,1.0,4.0,94017,STALINGRAD (BD DE),M,"48,8174400","2,5093000",94,2019,50.0,1.0,1.0,3.0,2260733,1.0,1,4,2,3.0,,-1.0,0,1946.0,A01,138Â 207Â 395,1.0,8.0,-1.0,1725649,1.0,10,,0.0,2.0,1.0,A01,138Â 207Â 395,1.0
1010943,201900052474,7,10,08:35,1,1,1,1.0,6.0,50602,Axe Nord-Sud,M,"49,6335600"," -1,5778700",50,2019,90.0,1.0,1.0,2.0,2260734,1.0,1,4,1,4.0,,-1.0,0,1990.0,A01,138Â 207Â 389,1.0,0.0,-1.0,1725650,2.0,10,,3.0,0.0,2.0,A01,138Â 207Â 389,1.0
1010944,201900052475,3,28,08:39,1,2,1,1.0,3.0,94004,LEON REVILLON (BD),M,"48,7480400","2,5128000",94,2019,50.0,1.0,1.0,4.0,2260735,1.0,1,4,1,1.0,,-1.0, -1,1976.0,A01,138Â 207Â 388,2.0,0.0,-1.0,1725651,3.0,31,,0.0,2.0,2.0,A01,138Â 207Â 388,1.0
1010944,201900052475,3,28,08:39,1,2,1,1.0,3.0,94004,LEON REVILLON (BD),M,"48,7480400","2,5128000",94,2019,50.0,1.0,1.0,4.0,2260735,1.0,1,4,1,1.0,,-1.0, -1,1976.0,A01,138Â 207Â 388,2.0,0.0,-1.0,1725652,3.0,7,,0.0,2.0,3.0,B01,138Â 207Â 390,1.0
1010944,201900052475,3,28,08:39,1,2,1,1.0,3.0,94004,LEON REVILLON (BD),M,"48,7480400","2,5128000",94,2019,50.0,1.0,1.0,4.0,2260736,1.0,1,1,2,1.0,,-1.0, -1,1971.0,B01,138Â 207Â 390,1.0,0.0,-1.0,1725651,3.0,31,,0.0,2.0,2.0,A01,138Â 207Â 388,1.0
1010944,201900052475,3,28,08:39,1,2,1,1.0,3.0,94004,LEON REVILLON (BD),M,"48,7480400","2,5128000",94,2019,50.0,1.0,1.0,4.0,2260736,1.0,1,1,2,1.0,,-1.0, -1,1971.0,B01,138Â 207Â 390,1.0,0.0,-1.0,1725652,3.0,7,,0.0,2.0,3.0,B01,138Â 207Â 390,1.0
1010945,201900052476,7,9,08:50,1,2,1,1.0,3.0,50129,ABBAYE (RUE DE L'),M,"49,6458600"," -1,6400900",50,2019,50.0,1.0,1.0,4.0,2260737,1.0,1,1,1,5.0,,-1.0,0,1946.0,A01,138Â 207Â 385,1.0,0.0,-1.0,1725653,2.0,7,,0.0,2.0,7.0,A01,138Â 207Â 385,1.0
1010945,201900052476,7,9,08:50,1,2,1,1.0,3.0,50129,ABBAYE (RUE DE L'),M,"49,6458600"," -1,6400900",50,2019,50.0,1.0,1.0,4.0,2260737,1.0,1,1,1,5.0,,-1.0,0,1946.0,A01,138Â 207Â 385,1.0,0.0,-1.0,1725654,2.0,33,,0.0,2.0,1.0,B01,138Â 207Â 387,1.0
1010945,201900052476,7,9,08:50,1,2,1,1.0,3.0,50129,ABBAYE (RUE DE L'),M,"49,6458600"," -1,6400900",50,2019,50.0,1.0,1.0,4.0,2260738,1.0,1,3,1,1.0,,-1.0,0,1998.0,B01,138Â 207Â 387,2.0,0.0,-1.0,1725653,2.0,7,,0.0,2.0,7.0,A01,138Â 207Â 385,1.0
1010945,201900052476,7,9,08:50,1,2,1,1.0,3.0,50129,ABBAYE (RUE DE L'),M,"49,6458600"," -1,6400900",50,2019,50.0,1.0,1.0,4.0,2260738,1.0,1,3,1,1.0,,-1.0,0,1998.0,B01,138Â 207Â 387,2.0,0.0,-1.0,1725654,2.0,33,,0.0,2.0,1.0,B01,138Â 207Â 387,1.0
1010946,201900052477,3,28,15:30,1,1,9,1.0,3.0,93073,CHAPIT RE ( RUE DU),M,"49,0030910","2,5368530",93,2019,90.0,1.0,1.0,4.0,2260739,1.0,1,4,1,0.0,,-1.0, -1,1992.0,A01,138Â 207Â 384,2.0,8.0,-1.0,1725655,3.0,34,,4.0,0.0,7.0,A01,138Â 207Â 384,1.0
1010946,201900052477,3,28,15:30,1,1,9,1.0,3.0,93073,CHAPIT RE ( RUE DU),M,"49,0030910","2,5368530",93,2019,90.0,1.0,1.0,4.0,2260739,1.0,1,4,1,0.0,,-1.0, -1,1992.0,A01,138Â 207Â 384,2.0,8.0,-1.0,1725656,3.0,0,,0.0,0.0,0.0,B01,138Â 207Â 386,0.0
1010946,201900052477,3,28,15:30,1,1,9,1.0,3.0,93073,CHAPIT RE ( RUE DU),M,"49,0030910","2,5368530",93,2019,90.0,1.0,1.0,4.0,2260740,2.0,2,3,1,0.0,,-1.0, -1,1993.0,A01,138Â 207Â 384,2.0,0.0,-1.0,1725655,3.0,34,,4.0,0.0,7.0,A01,138Â 207Â 384,1.0
1010946,201900052477,3,28,15:30,1,1,9,1.0,3.0,93073,CHAPIT RE ( RUE DU),M,"49,0030910","2,5368530",93,2019,90.0,1.0,1.0,4.0,2260740,2.0,2,3,1,0.0,,-1.0, -1,1993.0,A01,138Â 207Â 384,2.0,0.0,-1.0,1725656,3.0,0,,0.0,0.0,0.0,B01,138Â 207Â 386,0.0
1010947,201900052478,7,12,01:25,5,2,1,1.0,6.0,49007,BOUCHEMAINE ROUTE,M,"47,4500000"," -0,5726700",49,2019,50.0,1.0,1.0,4.0,2260741,3.0,2,4,1,0.0,,-1.0,0,2014.0,A01,138Â 207Â 382,3.0,8.0,-1.0,1725657,1.0,7,,6.0,0.0,1.0,A01,138Â 207Â 382,1.0
1010947,201900052478,7,12,01:25,5,2,1,1.0,6.0,49007,BOUCHEMAINE ROUTE,M,"47,4500000"," -0,5726700",49,2019,50.0,1.0,1.0,4.0,2260742,4.0,2,4,2,0.0,,-1.0,0,2014.0,A01,138Â 207Â 382,3.0,8.0,-1.0,1725657,1.0,7,,6.0,0.0,1.0,A01,138Â 207Â 382,1.0
1010947,201900052478,7,12,01:25,5,2,1,1.0,6.0,49007,BOUCHEMAINE ROUTE,M,"47,4500000"," -0,5726700",49,2019,50.0,1.0,1.0,4.0,2260743,1.0,1,4,2,0.0,,-1.0,0,1980.0,A01,138Â 207Â 382,1.0,8.0,-1.0,1725657,1.0,7,,6.0,0.0,1.0,A01,138Â 207Â 382,1.0
1010948,201900052479,3,28,08:30,1,2,1,1.0,5.0,93078,VAUBAN (AVENUE),M,"48,9672000","2,5517000",93,2019,50.0,1.0,1.0,3.0,2260744,1.0,1,4,2,1.0,,-1.0, -1,1988.0,A01,138Â 207Â 380,1.0,0.0,-1.0,1725658,3.0,7,,0.0,2.0,4.0,A01,138Â 207Â 380,0.0
1010948,201900052479,3,28,08:30,1,2,1,1.0,5.0,93078,VAUBAN (AVENUE),M,"48,9672000","2,5517000",93,2019,50.0,1.0,1.0,3.0,2260744,1.0,1,4,2,1.0,,-1.0, -1,1988.0,A01,138Â 207Â 380,1.0,0.0,-1.0,1725659,3.0,7,,14.0,0.0,1.0,C01,138Â 207Â 381,0.0
1010948,201900052479,3,28,08:30,1,2,1,1.0,5.0,93078,VAUBAN (AVENUE),M,"48,9672000","2,5517000",93,2019,50.0,1.0,1.0,3.0,2260744,1.0,1,4,2,1.0,,-1.0, -1,1988.0,A01,138Â 207Â 380,1.0,0.0,-1.0,1725660,3.0,7,,0.0,2.0,4.0,B01,138Â 207Â 383,0.0
1010948,201900052479,3,28,08:30,1,2,1,1.0,5.0,93078,VAUBAN (AVENUE),M,"48,9672000","2,5517000",93,2019,50.0,1.0,1.0,3.0,2260745,1.0,1,4,1,1.0,,-1.0, -1,1999.0,C01,138Â 207Â 381,1.0,0.0,-1.0,1725658,3.0,7,,0.0,2.0,4.0,A01,138Â 207Â 380,0.0
1010948,201900052479,3,28,08:30,1,2,1,1.0,5.0,93078,VAUBAN (AVENUE),M,"48,9672000","2,5517000",93,2019,50.0,1.0,1.0,3.0,2260745,1.0,1,4,1,1.0,,-1.0, -1,1999.0,C01,138Â 207Â 381,1.0,0.0,-1.0,1725659,3.0,7,,14.0,0.0,1.0,C01,138Â 207Â 381,0.0
1010948,201900052479,3,28,08:30,1,2,1,1.0,5.0,93078,VAUBAN (AVENUE),M,"48,9672000","2,5517000",93,2019,50.0,1.0,1.0,3.0,2260745,1.0,1,4,1,1.0,,-1.0, -1,1999.0,C01,138Â 207Â 381,1.0,0.0,-1.0,1725660,3.0,7,,0.0,2.0,4.0,B01,138Â 207Â 383,0.0
1010948,201900052479,3,28,08:30,1,2,1,1.0,5.0,93078,VAUBAN (AVENUE),M,"48,9672000","2,5517000",93,2019,50.0,1.0,1.0,3.0,2260746,1.0,1,1,1,0.0,,-1.0, -1,1974.0,B01,138Â 207Â 383,1.0,0.0,-1.0,1725658,3.0,7,,0.0,2.0,4.0,A01,138Â 207Â 380,0.0
1010948,201900052479,3,28,08:30,1,2,1,1.0,5.0,93078,VAUBAN (AVENUE),M,"48,9672000","2,5517000",93,2019,50.0,1.0,1.0,3.0,2260746,1.0,1,1,1,0.0,,-1.0, -1,1974.0,B01,138Â 207Â 383,1.0,0.0,-1.0,1725659,3.0,7,,14.0,0.0,1.0,C01,138Â 207Â 381,0.0
1010948,201900052479,3,28,08:30,1,2,1,1.0,5.0,93078,VAUBAN (AVENUE),M,"48,9672000","2,5517000",93,2019,50.0,1.0,1.0,3.0,2260746,1.0,1,1,1,0.0,,-1.0, -1,1974.0,B01,138Â 207Â 383,1.0,0.0,-1.0,1725660,3.0,7,,0.0,2.0,4.0,B01,138Â 207Â 383,0.0
1010949,201900052480,7,11,17:35,1,2,1,1.0,3.0,49007,JOFFRE BOULEVARD,M,"47,4720500"," -0,5455900",49,2019,50.0,1.0,1.0,4.0,2260747,1.0,1,1,2,0.0,,-1.0,0,1959.0,A01,138Â 207Â 378,1.0,8.0,-1.0,1725661,1.0,7,,0.0,2.0,3.0,A01,138Â 207Â 378,1.0
1010949,201900052480,7,11,17:35,1,2,1,1.0,3.0,49007,JOFFRE BOULEVARD,M,"47,4720500"," -0,5455900",49,2019,50.0,1.0,1.0,4.0,2260747,1.0,1,1,2,0.0,,-1.0,0,1959.0,A01,138Â 207Â 378,1.0,8.0,-1.0,1725662,1.0,2,,0.0,2.0,1.0,B01,138Â 207Â 379,1.0
1010949,201900052480,7,11,17:35,1,2,1,1.0,3.0,49007,JOFFRE BOULEVARD,M,"47,4720500"," -0,5455900",49,2019,50.0,1.0,1.0,4.0,2260748,1.0,1,4,1,0.0,,-1.0,0,1974.0,B01,138Â 207Â 379,2.0,0.0,-1.0,1725661,1.0,7,,0.0,2.0,3.0,A01,138Â 207Â 378,1.0
1010949,201900052480,7,11,17:35,1,2,1,1.0,3.0,49007,JOFFRE BOULEVARD,M,"47,4720500"," -0,5455900",49,2019,50.0,1.0,1.0,4.0,2260748,1.0,1,4,1,0.0,,-1.0,0,1974.0,B01,138Â 207Â 379,2.0,0.0,-1.0,1725662,1.0,2,,0.0,2.0,1.0,B01,138Â 207Â 379,1.0
1010950,201900052481,3,27,23:30,5,2,9,1.0,6.0,93073,CHAPIT RE ( RUE DU),M,"48,9496000","2,5684000",93,2019,70.0,1.0,1.0,9.0,2260749,1.0,1,4,1,1.0,,-1.0, -1,1987.0,A01,138Â 207Â 377,1.0,0.0,-1.0,1725663,1.0,7,,0.0,1.0,1.0,A01,138Â 207Â 377,1.0
1010950,201900052481,3,27,23:30,5,2,9,1.0,6.0,93073,CHAPIT RE ( RUE DU),M,"48,9496000","2,5684000",93,2019,70.0,1.0,1.0,9.0,2260750,10.0,3,3,1,0.0,,2.0,3,1973.0,A01,138Â 207Â 377,8.0,0.0,-1.0,1725663,1.0,7,,0.0,1.0,1.0,A01,138Â 207Â 377,1.0
1010951,201900052482,7,11,19:01,1,2,1,1.0,2.0,49007,RAMON BOULEVARD,M,"47,4863167"," -0,5361468",49,2019,50.0,1.0,1.0,4.0,2260751,1.0,1,1,2,0.0,,-1.0,0,2000.0,A01,138Â 207Â 375,2.0,8.0,-1.0,1725664,2.0,2,,0.0,2.0,1.0,A01,138Â 207Â 375,1.0
1010951,201900052482,7,11,19:01,1,2,1,1.0,2.0,49007,RAMON BOULEVARD,M,"47,4863167"," -0,5361468",49,2019,50.0,1.0,1.0,4.0,2260751,1.0,1,1,2,0.0,,-1.0,0,2000.0,A01,138Â 207Â 375,2.0,8.0,-1.0,1725665,1.0,1,,0.0,2.0,4.0,B01,138Â 207Â 376,5.0
1010951,201900052482,7,11,19:01,1,2,1,1.0,2.0,49007,RAMON BOULEVARD,M,"47,4863167"," -0,5361468",49,2019,50.0,1.0,1.0,4.0,2260752,1.0,1,4,1,0.0,,-1.0,0,1956.0,B01,138Â 207Â 376,8.0,0.0,-1.0,1725664,2.0,2,,0.0,2.0,1.0,A01,138Â 207Â 375,1.0
1010951,201900052482,7,11,19:01,1,2,1,1.0,2.0,49007,RAMON BOULEVARD,M,"47,4863167"," -0,5361468",49,2019,50.0,1.0,1.0,4.0,2260752,1.0,1,4,1,0.0,,-1.0,0,1956.0,B01,138Â 207Â 376,8.0,0.0,-1.0,1725665,1.0,1,,0.0,2.0,4.0,B01,138Â 207Â 376,5.0
1010952,201900052483,3,30,15:20,1,2,1,1.0,6.0,93039,EPINAY (AVENUE DU PONT D' ),M,"48,9503200","2,3067800",93,2019,50.0,1.0,1.0,3.0,2260753,1.0,1,1,2,9.0,,0.0, -1,1984.0,A01,138Â 207Â 374,1.0,8.0,-1.0,1725666,3.0,7,,0.0,1.0,3.0,A01,138Â 207Â 374,2.0
1010952,201900052483,3,30,15:20,1,2,1,1.0,6.0,93039,EPINAY (AVENUE DU PONT D' ),M,"48,9503200","2,3067800",93,2019,50.0,1.0,1.0,3.0,2260754,10.0,3,4,1,0.0,,9.0,B,1990.0,A01,138Â 207Â 374,8.0,0.0,-1.0,1725666,3.0,7,,0.0,1.0,3.0,A01,138Â 207Â 374,2.0
1010953,201900052484,7,10,09:05,1,2,2,1.0,6.0,49007,MAINE,M,"47,4778300"," -0,5473300",49,2019,50.0,1.0,1.0,4.0,2260755,3.0,2,4,1,0.0,,-1.0,0,2017.0,B01,138Â 207Â 372,1.0,0.0,-1.0,1725667,1.0,7,,1.0,2.0,5.0,B01,138Â 207Â 372,0.0
1010953,201900052484,7,10,09:05,1,2,2,1.0,6.0,49007,MAINE,M,"47,4778300"," -0,5473300",49,2019,50.0,1.0,1.0,4.0,2260755,3.0,2,4,1,0.0,,-1.0,0,2017.0,B01,138Â 207Â 372,1.0,0.0,-1.0,1725668,1.0,7,,0.0,2.0,1.0,A01,138Â 207Â 373,0.0
1010953,201900052484,7,10,09:05,1,2,2,1.0,6.0,49007,MAINE,M,"47,4778300"," -0,5473300",49,2019,50.0,1.0,1.0,4.0,2260756,1.0,1,4,2,9.0,,-1.0,0,1989.0,B01,138Â 207Â 372,1.0,0.0,-1.0,1725667,1.0,7,,1.0,2.0,5.0,B01,138Â 207Â 372,0.0
1010953,201900052484,7,10,09:05,1,2,2,1.0,6.0,49007,MAINE,M,"47,4778300"," -0,5473300",49,2019,50.0,1.0,1.0,4.0,2260756,1.0,1,4,2,9.0,,-1.0,0,1989.0,B01,138Â 207Â 372,1.0,0.0,-1.0,1725668,1.0,7,,0.0,2.0,1.0,A01,138Â 207Â 373,0.0
1010953,201900052484,7,10,09:05,1,2,2,1.0,6.0,49007,MAINE,M,"47,4778300"," -0,5473300",49,2019,50.0,1.0,1.0,4.0,2260757,1.0,1,1,1,0.0,,-1.0,0,1970.0,A01,138Â 207Â 373,1.0,0.0,-1.0,1725667,1.0,7,,1.0,2.0,5.0,B01,138Â 207Â 372,0.0
1010953,201900052484,7,10,09:05,1,2,2,1.0,6.0,49007,MAINE,M,"47,4778300"," -0,5473300",49,2019,50.0,1.0,1.0,4.0,2260757,1.0,1,1,1,0.0,,-1.0,0,1970.0,A01,138Â 207Â 373,1.0,0.0,-1.0,1725668,1.0,7,,0.0,2.0,1.0,A01,138Â 207Â 373,0.0
1010954,201900052485,3,27,07:45,1,2,3,1.0,3.0,93066,ROUSSEAU JEAN JACQUES,M,"48,9653100","2,3792500",93,2019,50.0,1.0,1.0,4.0,2260758,1.0,1,4,1,1.0,,-1.0, -1,2003.0,B01,138Â 207Â 370,8.0,0.0,-1.0,1725669,3.0,1,,0.0,2.0,7.0,B01,138Â 207Â 370,5.0
1010954,201900052485,3,27,07:45,1,2,3,1.0,3.0,93066,ROUSSEAU JEAN JACQUES,M,"48,9653100","2,3792500",93,2019,50.0,1.0,1.0,4.0,2260758,1.0,1,4,1,1.0,,-1.0, -1,2003.0,B01,138Â 207Â 370,8.0,0.0,-1.0,1725670,3.0,7,,0.0,2.0,1.0,A01,138Â 207Â 371,1.0
1010954,201900052485,3,27,07:45,1,2,3,1.0,3.0,93066,ROUSSEAU JEAN JACQUES,M,"48,9653100","2,3792500",93,2019,50.0,1.0,1.0,4.0,2260759,1.0,1,1,2,9.0,,-1.0, -1,1970.0,A01,138Â 207Â 371,8.0,0.0,-1.0,1725669,3.0,1,,0.0,2.0,7.0,B01,138Â 207Â 370,5.0
1010954,201900052485,3,27,07:45,1,2,3,1.0,3.0,93066,ROUSSEAU JEAN JACQUES,M,"48,9653100","2,3792500",93,2019,50.0,1.0,1.0,4.0,2260759,1.0,1,1,2,9.0,,-1.0, -1,1970.0,A01,138Â 207Â 371,8.0,0.0,-1.0,1725670,3.0,7,,0.0,2.0,1.0,A01,138Â 207Â 371,1.0
1010955,201900052486,3,28,16:00,1,2,1,1.0,6.0,93055,SCANDICCI,M,"48,8914790","2,3986200",93,2019,50.0,1.0,1.0,4.0,2260760,10.0,3,4,1,0.0,,3.0,3,2016.0,A01,138Â 207Â 367,0.0,0.0,-1.0,1725671,2.0,34,,0.0,1.0,1.0,A01,138Â 207Â 367,0.0
1010955,201900052486,3,28,16:00,1,2,1,1.0,6.0,93055,SCANDICCI,M,"48,8914790","2,3986200",93,2019,50.0,1.0,1.0,4.0,2260761,1.0,1,1,1,9.0,,-1.0, -1,1988.0,A01,138Â 207Â 367,2.0,8.0,-1.0,1725671,2.0,34,,0.0,1.0,1.0,A01,138Â 207Â 367,0.0
1010956,201900052487,7,13,20:25,1,2,1,1.0,6.0,45234,38 AV DE LA MOUILLERE,M,"47,8849500","1,9079600",45,2019,50.0,1.0,1.0,5.0,2260762,1.0,1,4,2,5.0,,0.0,0,1936.0,A01,138Â 207Â 366,1.0,0.0,-1.0,1725672,3.0,7,,6.0,0.0,4.0,A01,138Â 207Â 366,1.0
1010957,201900052488,3,28,14:08,1,2,1,1.0,5.0,93055,ANATOLE FRANCE (AVENUE),M,"48,8925600","2,4238900",93,2019,50.0,1.0,1.0,3.0,2260763,1.0,1,4,1,0.0,,-1.0, -1,1991.0,B01,138Â 207Â 363,2.0,0.0,-1.0,1725673,2.0,7,,0.0,2.0,0.0,D01,138Â 207Â 362,1.0
1010957,201900052488,3,28,14:08,1,2,1,1.0,5.0,93055,ANATOLE FRANCE (AVENUE),M,"48,8925600","2,4238900",93,2019,50.0,1.0,1.0,3.0,2260763,1.0,1,4,1,0.0,,-1.0, -1,1991.0,B01,138Â 207Â 363,2.0,0.0,-1.0,1725674,2.0,32,,0.0,2.0,1.0,B01,138Â 207Â 363,1.0
1010957,201900052488,3,28,14:08,1,2,1,1.0,5.0,93055,ANATOLE FRANCE (AVENUE),M,"48,8925600","2,4238900",93,2019,50.0,1.0,1.0,3.0,2260763,1.0,1,4,1,0.0,,-1.0, -1,1991.0,B01,138Â 207Â 363,2.0,0.0,-1.0,1725675,2.0,7,,0.0,2.0,0.0,C01,138Â 207Â 364,1.0
1010957,201900052488,3,28,14:08,1,2,1,1.0,5.0,93055,ANATOLE FRANCE (AVENUE),M,"48,8925600","2,4238900",93,2019,50.0,1.0,1.0,3.0,2260763,1.0,1,4,1,0.0,,-1.0, -1,1991.0,B01,138Â 207Â 363,2.0,0.0,-1.0,1725676,2.0,7,,0.0,2.0,1.0,A01,138Â 207Â 365,1.0
1010957,201900052488,3,28,14:08,1,2,1,1.0,5.0,93055,ANATOLE FRANCE (AVENUE),M,"48,8925600","2,4238900",93,2019,50.0,1.0,1.0,3.0,2260764,1.0,1,1,2,0.0,,-1.0, -1,1991.0,A01,138Â 207Â 365,1.0,0.0,-1.0,1725673,2.0,7,,0.0,2.0,0.0,D01,138Â 207Â 362,1.0
1010957,201900052488,3,28,14:08,1,2,1,1.0,5.0,93055,ANATOLE FRANCE (AVENUE),M,"48,8925600","2,4238900",93,2019,50.0,1.0,1.0,3.0,2260764,1.0,1,1,2,0.0,,-1.0, -1,1991.0,A01,138Â 207Â 365,1.0,0.0,-1.0,1725674,2.0,32,,0.0,2.0,1.0,B01,138Â 207Â 363,1.0
1010957,201900052488,3,28,14:08,1,2,1,1.0,5.0,93055,ANATOLE FRANCE (AVENUE),M,"48,8925600","2,4238900",93,2019,50.0,1.0,1.0,3.0,2260764,1.0,1,1,2,0.0,,-1.0, -1,1991.0,A01,138Â 207Â 365,1.0,0.0,-1.0,1725675,2.0,7,,0.0,2.0,0.0,C01,138Â 207Â 364,1.0
1010957,201900052488,3,28,14:08,1,2,1,1.0,5.0,93055,ANATOLE FRANCE (AVENUE),M,"48,8925600","2,4238900",93,2019,50.0,1.0,1.0,3.0,2260764,1.0,1,1,2,0.0,,-1.0, -1,1991.0,A01,138Â 207Â 365,1.0,0.0,-1.0,1725676,2.0,7,,0.0,2.0,1.0,A01,138Â 207Â 365,1.0
1010958,201900052489,7,12,19:10,1,2,1,1.0,6.0,45234,AVENUE DE LA MARNE,M,"47,9163296","1,9353648",45,2019,50.0,1.0,1.0,4.0,2260765,1.0,1,1,1,5.0,,0.0,0,1973.0,A01,138Â 207Â 361,1.0,0.0,-1.0,1725677,2.0,7,,0.0,1.0,2.0,A01,138Â 207Â 361,1.0
1010958,201900052489,7,12,19:10,1,2,1,1.0,6.0,45234,AVENUE DE LA MARNE,M,"47,9163296","1,9353648",45,2019,50.0,1.0,1.0,4.0,2260766,10.0,3,4,1,5.0,,1.0,5,2015.0,A01,138Â 207Â 361,8.0,0.0,-1.0,1725677,2.0,7,,0.0,1.0,2.0,A01,138Â 207Â 361,1.0
1010959,201900052490,3,27,12:05,1,2,3,1.0,3.0,93048,MARCEAU (RUE),M,"48,8530040","2,4260570",93,2019,50.0,1.0,1.0,4.0,2260767,1.0,1,1,2,0.0,,-1.0, -1,1965.0,A01,138Â 207Â 358,1.0,0.0,-1.0,1725678,1.0,7,,0.0,6.0,2.0,A01,138Â 207Â 358,1.0
1010959,201900052490,3,27,12:05,1,2,3,1.0,3.0,93048,MARCEAU (RUE),M,"48,8530040","2,4260570",93,2019,50.0,1.0,1.0,4.0,2260767,1.0,1,1,2,0.0,,-1.0, -1,1965.0,A01,138Â 207Â 358,1.0,0.0,-1.0,1725679,2.0,50,,0.0,2.0,9.0,B01,138Â 207Â 360,3.0