Unnamed: 0_x,num_acc,mois,jour,hrmn,lum,agg,int,atm,col,com,adr,gps,lat,long,dep,annee,vma,situ,surf,catr,Unnamed: 0_y,place,catu,grav,sexe,trajet,secu,locp,actp,an_nais,num_veh_x,id_vehicule_x,secu1,secu2,secu3,Unnamed: 0,senc,catv,occutc,obs,obsm,choc,num_veh_y,id_vehicule_y,motor
1010959,201900052490,3,27,12:05,1,2,3,1.0,3.0,93048,MARCEAU (RUE),M,"48,8530040","2,4260570",93,2019,50.0,1.0,1.0,4.0,2260768,1.0,1,3,1,0.0,,-1.0, -1,1983.0,B01,138Â 207Â 360,2.0,0.0,-1.0,1725678,1.0,7,,0.0,6.0,2.0,A01,138Â 207Â 358,1.0
1010959,201900052490,3,27,12:05,1,2,3,1.0,3.0,93048,MARCEAU (RUE),M,"48,8530040","2,4260570",93,2019,50.0,1.0,1.0,4.0,2260768,1.0,1,3,1,0.0,,-1.0, -1,1983.0,B01,138Â 207Â 360,2.0,0.0,-1.0,1725679,2.0,50,,0.0,2.0,9.0,B01,138Â 207Â 360,3.0
1010960,201900052491,7,12,08:25,1,2,2,1.0,3.0,45302,R A FAUCHEUX - CH DU MOULIN,M,"47,9311300","1,8609700",45,2019,50.0,1.0,1.0,4.0,2260769,1.0,1,4,2,0.0,,-1.0, -1,1970.0,B01,138Â 207Â 357,1.0,0.0,-1.0,1725680,1.0,7,,0.0,2.0,7.0,B01,138Â 207Â 357,0.0
1010960,201900052491,7,12,08:25,1,2,2,1.0,3.0,45302,R A FAUCHEUX - CH DU MOULIN,M,"47,9311300","1,8609700",45,2019,50.0,1.0,1.0,4.0,2260769,1.0,1,4,2,0.0,,-1.0, -1,1970.0,B01,138Â 207Â 357,1.0,0.0,-1.0,1725681,1.0,7,,0.0,2.0,1.0,A01,138Â 207Â 359,0.0
1010960,201900052491,7,12,08:25,1,2,2,1.0,3.0,45302,R A FAUCHEUX - CH DU MOULIN,M,"47,9311300","1,8609700",45,2019,50.0,1.0,1.0,4.0,2260770,2.0,2,1,1,0.0,,0.0,0,1999.0,A01,138Â 207Â 359,8.0,8.0,-1.0,1725680,1.0,7,,0.0,2.0,7.0,B01,138Â 207Â 357,0.0
1010960,201900052491,7,12,08:25,1,2,2,1.0,3.0,45302,R A FAUCHEUX - CH DU MOULIN,M,"47,9311300","1,8609700",45,2019,50.0,1.0,1.0,4.0,2260770,2.0,2,1,1,0.0,,0.0,0,1999.0,A01,138Â 207Â 359,8.0,8.0,-1.0,1725681,1.0,7,,0.0,2.0,1.0,A01,138Â 207Â 359,0.0
1010960,201900052491,7,12,08:25,1,2,2,1.0,3.0,45302,R A FAUCHEUX - CH DU MOULIN,M,"47,9311300","1,8609700",45,2019,50.0,1.0,1.0,4.0,2260771,1.0,1,1,1,0.0,,0.0,0,1998.0,A01,138Â 207Â 359,1.0,8.0,-1.0,1725680,1.0,7,,0.0,2.0,7.0,B01,138Â 207Â 357,0.0
1010960,201900052491,7,12,08:25,1,2,2,1.0,3.0,45302,R A FAUCHEUX - CH DU MOULIN,M,"47,9311300","1,8609700",45,2019,50.0,1.0,1.0,4.0,2260771,1.0,1,1,1,0.0,,0.0,0,1998.0,A01,138Â 207Â 359,1.0,8.0,-1.0,1725681,1.0,7,,0.0,2.0,1.0,A01,138Â 207Â 359,0.0
1010961,201900052492,3,28,07:10,2,2,1,1.0,3.0,93046,WINSTON CHURCHILL AVENUE,M,"48,9145730","2,5368720",93,2019,50.0,1.0,1.0,3.0,2260772,1.0,1,1,2,1.0,,-1.0, -1,1986.0,A01,138Â 207Â 354,1.0,0.0,-1.0,1725682,3.0,7,,0.0,2.0,6.0,A01,138Â 207Â 354,0.0
1010961,201900052492,3,28,07:10,2,2,1,1.0,3.0,93046,WINSTON CHURCHILL AVENUE,M,"48,9145730","2,5368720",93,2019,50.0,1.0,1.0,3.0,2260772,1.0,1,1,2,1.0,,-1.0, -1,1986.0,A01,138Â 207Â 354,1.0,0.0,-1.0,1725683,3.0,32,,0.0,2.0,7.0,B01,138Â 207Â 356,0.0
1010961,201900052492,3,28,07:10,2,2,1,1.0,3.0,93046,WINSTON CHURCHILL AVENUE,M,"48,9145730","2,5368720",93,2019,50.0,1.0,1.0,3.0,2260773,1.0,1,4,1,1.0,,-1.0, -1,1988.0,B01,138Â 207Â 356,2.0,0.0,-1.0,1725682,3.0,7,,0.0,2.0,6.0,A01,138Â 207Â 354,0.0
1010961,201900052492,3,28,07:10,2,2,1,1.0,3.0,93046,WINSTON CHURCHILL AVENUE,M,"48,9145730","2,5368720",93,2019,50.0,1.0,1.0,3.0,2260773,1.0,1,4,1,1.0,,-1.0, -1,1988.0,B01,138Â 207Â 356,2.0,0.0,-1.0,1725683,3.0,32,,0.0,2.0,7.0,B01,138Â 207Â 356,0.0
1010962,201900052493,7,13,18:00,3,2,1,1.0,6.0,44109,Bd de la ChauviniÃ¨re,M,"47,2519600"," -1,5731600",44,2019,30.0,1.0,1.0,4.0,2260774,1.0,1,1,1,0.0,,-1.0,0,1974.0,B01,138Â 207Â 353,1.0,0.0,-1.0,1725684,0.0,7,,0.0,0.0,8.0,B01,138Â 207Â 353,1.0
1010962,201900052493,7,13,18:00,3,2,1,1.0,6.0,44109,Bd de la ChauviniÃ¨re,M,"47,2519600"," -1,5731600",44,2019,30.0,1.0,1.0,4.0,2260774,1.0,1,1,1,0.0,,-1.0,0,1974.0,B01,138Â 207Â 353,1.0,0.0,-1.0,1725685,0.0,30,,0.0,2.0,1.0,A01,138Â 207Â 355,3.0
1010962,201900052493,7,13,18:00,3,2,1,1.0,6.0,44109,Bd de la ChauviniÃ¨re,M,"47,2519600"," -1,5731600",44,2019,30.0,1.0,1.0,4.0,2260775,1.0,1,3,1,5.0,,-1.0,0,1932.0,A01,138Â 207Â 355,2.0,0.0,-1.0,1725684,0.0,7,,0.0,0.0,8.0,B01,138Â 207Â 353,1.0
1010962,201900052493,7,13,18:00,3,2,1,1.0,6.0,44109,Bd de la ChauviniÃ¨re,M,"47,2519600"," -1,5731600",44,2019,30.0,1.0,1.0,4.0,2260775,1.0,1,3,1,5.0,,-1.0,0,1932.0,A01,138Â 207Â 355,2.0,0.0,-1.0,1725685,0.0,30,,0.0,2.0,1.0,A01,138Â 207Â 355,3.0
1010963,201900052494,3,29,21:20,5,2,1,1.0,2.0,93063,KERAUTRET AVENUE PIERRE,M,"48,8817500","2,4459700",93,2019,50.0,1.0,1.0,3.0,2260776,2.0,1,4,1,9.0,,-1.0, -1,1990.0,A01,138Â 207Â 351,2.0,0.0,-1.0,1725686,2.0,30,,0.0,2.0,1.0,A01,138Â 207Â 351,0.0
1010963,201900052494,3,29,21:20,5,2,1,1.0,2.0,93063,KERAUTRET AVENUE PIERRE,M,"48,8817500","2,4459700",93,2019,50.0,1.0,1.0,3.0,2260776,2.0,1,4,1,9.0,,-1.0, -1,1990.0,A01,138Â 207Â 351,2.0,0.0,-1.0,1725687,2.0,10,,0.0,2.0,4.0,B01,138Â 207Â 352,0.0
1010963,201900052494,3,29,21:20,5,2,1,1.0,2.0,93063,KERAUTRET AVENUE PIERRE,M,"48,8817500","2,4459700",93,2019,50.0,1.0,1.0,3.0,2260777,1.0,1,1,1,0.0,,-1.0, -1,1994.0,B01,138Â 207Â 352,1.0,0.0,-1.0,1725686,2.0,30,,0.0,2.0,1.0,A01,138Â 207Â 351,0.0
1010963,201900052494,3,29,21:20,5,2,1,1.0,2.0,93063,KERAUTRET AVENUE PIERRE,M,"48,8817500","2,4459700",93,2019,50.0,1.0,1.0,3.0,2260777,1.0,1,1,1,0.0,,-1.0, -1,1994.0,B01,138Â 207Â 352,1.0,0.0,-1.0,1725687,2.0,10,,0.0,2.0,4.0,B01,138Â 207Â 352,0.0
1010964,201900052495,3,28,22:10,5,2,1,1.0,6.0,93031,RESISTANCE (PONT),M,"48,9566200","2,3041100",93,2019,50.0,1.0,1.0,4.0,2260778,10.0,3,4,1,5.0,,2.0,1,1996.0,Z01,138Â 207Â 349,0.0,-1.0,-1.0,1725688,3.0,30,,0.0,1.0,1.0,Z01,138Â 207Â 349,0.0
1010965,201900052496,7,13,11:55,1,2,1,1.0,6.0,44109,STRASBOURG ( RUE DE ),M,"47,2170100"," -1,5519900",44,2019,50.0,1.0,1.0,4.0,2260779,10.0,3,4,2,5.0,,3.0,3,1994.0,A01,138Â 207Â 350,8.0,0.0,-1.0,1725689,0.0,7,,0.0,1.0,1.0,A01,138Â 207Â 350,1.0
1010965,201900052496,7,13,11:55,1,2,1,1.0,6.0,44109,STRASBOURG ( RUE DE ),M,"47,2170100"," -1,5519900",44,2019,50.0,1.0,1.0,4.0,2260780,1.0,1,1,2,5.0,,0.0,0,1978.0,A01,138Â 207Â 350,1.0,0.0,-1.0,1725689,0.0,7,,0.0,1.0,1.0,A01,138Â 207Â 350,1.0
1010966,201900052497,3,28,19:55,5,2,9,1.0,6.0,93031,PARIS (RUE DE),M,"48,9526500","2,3150300",93,2019,10.0,4.0,1.0,3.0,2260781,10.0,3,4,1,5.0,,5.0,1,2010.0,A01,138Â 207Â 348,0.0,-1.0,-1.0,1725690,3.0,30,,0.0,1.0,2.0,A01,138Â 207Â 348,0.0
1010966,201900052497,3,28,19:55,5,2,9,1.0,6.0,93031,PARIS (RUE DE),M,"48,9526500","2,3150300",93,2019,10.0,4.0,1.0,3.0,2260782,1.0,1,1,1,4.0,,0.0,0,1988.0,A01,138Â 207Â 348,2.0,8.0,-1.0,1725690,3.0,30,,0.0,1.0,2.0,A01,138Â 207Â 348,0.0
1010967,201900052498,3,29,08:25,1,2,9,1.0,6.0,93029,RAYMOND JUSTICE,M,"48,9181600","2,4398000",93,2019,50.0,1.0,1.0,4.0,2260783,10.0,3,3,1,5.0,,5.0,3,2015.0,A01,138Â 207Â 346,8.0,0.0,-1.0,1725691,1.0,7,,0.0,1.0,3.0,A01,138Â 207Â 346,0.0
1010967,201900052498,3,29,08:25,1,2,9,1.0,6.0,93029,RAYMOND JUSTICE,M,"48,9181600","2,4398000",93,2019,50.0,1.0,1.0,4.0,2260784,1.0,1,1,2,1.0,,0.0,0,1966.0,A01,138Â 207Â 346,1.0,8.0,-1.0,1725691,1.0,7,,0.0,1.0,3.0,A01,138Â 207Â 346,0.0
1010968,201900052499,7,11,19:45,1,2,1,1.0,1.0,44162,rue du danube,M,"47,2445300"," -1,6171760",44,2019,50.0,1.0,1.0,4.0,2260785,1.0,1,4,2,3.0,,-1.0,0,1971.0,B01,138Â 207Â 343,1.0,0.0,-1.0,1725692,0.0,7,,0.0,2.0,2.0,B01,138Â 207Â 343,1.0
1010968,201900052499,7,11,19:45,1,2,1,1.0,1.0,44162,rue du danube,M,"47,2445300"," -1,6171760",44,2019,50.0,1.0,1.0,4.0,2260785,1.0,1,4,2,3.0,,-1.0,0,1971.0,B01,138Â 207Â 343,1.0,0.0,-1.0,1725693,0.0,7,,0.0,2.0,2.0,A01,138Â 207Â 344,6.0
1010968,201900052499,7,11,19:45,1,2,1,1.0,1.0,44162,rue du danube,M,"47,2445300"," -1,6171760",44,2019,50.0,1.0,1.0,4.0,2260786,1.0,1,1,1,9.0,,-1.0,0,1993.0,A01,138Â 207Â 344,1.0,0.0,-1.0,1725692,0.0,7,,0.0,2.0,2.0,B01,138Â 207Â 343,1.0
1010968,201900052499,7,11,19:45,1,2,1,1.0,1.0,44162,rue du danube,M,"47,2445300"," -1,6171760",44,2019,50.0,1.0,1.0,4.0,2260786,1.0,1,1,1,9.0,,-1.0,0,1993.0,A01,138Â 207Â 344,1.0,0.0,-1.0,1725693,0.0,7,,0.0,2.0,2.0,A01,138Â 207Â 344,6.0
1010969,201900052500,7,11,18:30,1,2,2,1.0,3.0,44109,BOULEVARD DE LA BEAUJOIRE,M,"47,2595170"," -1,5111900",44,2019,50.0,1.0,1.0,4.0,2260787,1.0,1,1,1,0.0,,0.0,0,1996.0,A01,138Â 207Â 340,1.0,0.0,-1.0,1725694,0.0,7,,0.0,2.0,1.0,A01,138Â 207Â 340,0.0
1010969,201900052500,7,11,18:30,1,2,2,1.0,3.0,44109,BOULEVARD DE LA BEAUJOIRE,M,"47,2595170"," -1,5111900",44,2019,50.0,1.0,1.0,4.0,2260787,1.0,1,1,1,0.0,,0.0,0,1996.0,A01,138Â 207Â 340,1.0,0.0,-1.0,1725695,0.0,1,,0.0,2.0,1.0,B01,138Â 207Â 341,5.0
1010969,201900052500,7,11,18:30,1,2,2,1.0,3.0,44109,BOULEVARD DE LA BEAUJOIRE,M,"47,2595170"," -1,5111900",44,2019,50.0,1.0,1.0,4.0,2260788,1.0,1,4,1,0.0,,0.0,0,1977.0,B01,138Â 207Â 341,2.0,0.0,-1.0,1725694,0.0,7,,0.0,2.0,1.0,A01,138Â 207Â 340,0.0
1010969,201900052500,7,11,18:30,1,2,2,1.0,3.0,44109,BOULEVARD DE LA BEAUJOIRE,M,"47,2595170"," -1,5111900",44,2019,50.0,1.0,1.0,4.0,2260788,1.0,1,4,1,0.0,,0.0,0,1977.0,B01,138Â 207Â 341,2.0,0.0,-1.0,1725695,0.0,1,,0.0,2.0,1.0,B01,138Â 207Â 341,5.0
1010970,201900052501,7,11,18:55,1,1,1,1.0,6.0,42270,RD 108,M,"45,3947800","4,2261100",42,2019,70.0,1.0,1.0,3.0,2260789,1.0,1,4,1,5.0,,-1.0,0,2003.0,A01,138Â 207Â 338,2.0,0.0,-1.0,1725696,2.0,2,,12.0,0.0,2.0,A01,138Â 207Â 338,1.0
1010971,201900052502,3,30,13:00,1,2,3,1.0,6.0,93013,LECLERC (AVENU DE LA DIVISION),M,"48,9345300","2,4259900",93,2019,50.0,1.0,1.0,3.0,2260790,1.0,1,1,1,5.0,,0.0,0,1984.0,A01,138Â 207Â 342,1.0,0.0,-1.0,1725697,1.0,7,,0.0,1.0,6.0,A01,138Â 207Â 342,0.0
1010971,201900052502,3,30,13:00,1,2,3,1.0,6.0,93013,LECLERC (AVENU DE LA DIVISION),M,"48,9345300","2,4259900",93,2019,50.0,1.0,1.0,3.0,2260791,10.0,3,4,1,0.0,,4.0,3,2010.0,A01,138Â 207Â 342,8.0,0.0,-1.0,1725697,1.0,7,,0.0,1.0,6.0,A01,138Â 207Â 342,0.0
1010972,201900052503,3,28,09:30,1,2,9,1.0,3.0,93027,JOLLOIS (RUE),M,"48,9214500","2,3847900",93,2019,50.0,1.0,1.0,4.0,2260792,1.0,1,1,1,1.0,,-1.0, -1,1996.0,A01,138Â 207Â 334,8.0,8.0,-1.0,1725698,3.0,3,,0.0,2.0,3.0,A01,138Â 207Â 334,0.0
1010972,201900052503,3,28,09:30,1,2,9,1.0,3.0,93027,JOLLOIS (RUE),M,"48,9214500","2,3847900",93,2019,50.0,1.0,1.0,4.0,2260792,1.0,1,1,1,1.0,,-1.0, -1,1996.0,A01,138Â 207Â 334,8.0,8.0,-1.0,1725699,3.0,33,,0.0,2.0,3.0,B01,138Â 207Â 336,0.0
1010972,201900052503,3,28,09:30,1,2,9,1.0,3.0,93027,JOLLOIS (RUE),M,"48,9214500","2,3847900",93,2019,50.0,1.0,1.0,4.0,2260793,1.0,1,4,1,1.0,,-1.0, -1,1993.0,B01,138Â 207Â 336,8.0,8.0,-1.0,1725698,3.0,3,,0.0,2.0,3.0,A01,138Â 207Â 334,0.0
1010972,201900052503,3,28,09:30,1,2,9,1.0,3.0,93027,JOLLOIS (RUE),M,"48,9214500","2,3847900",93,2019,50.0,1.0,1.0,4.0,2260793,1.0,1,4,1,1.0,,-1.0, -1,1993.0,B01,138Â 207Â 336,8.0,8.0,-1.0,1725699,3.0,33,,0.0,2.0,3.0,B01,138Â 207Â 336,0.0
1010973,201900052504,3,29,08:30,1,2,1,1.0,4.0,93057,BRIAND ( AV. ARISTIDE) 31 A 91,M,"48,9087810","2,4996720",93,2019,50.0,1.0,1.0,3.0,2260794,1.0,1,1,2,2.0,,-1.0, -1,1989.0,A01,138Â 207Â 331,1.0,0.0,-1.0,1725700,1.0,7,,0.0,2.0,8.0,A01,138Â 207Â 331,1.0
1010973,201900052504,3,29,08:30,1,2,1,1.0,4.0,93057,BRIAND ( AV. ARISTIDE) 31 A 91,M,"48,9087810","2,4996720",93,2019,50.0,1.0,1.0,3.0,2260794,1.0,1,1,2,2.0,,-1.0, -1,1989.0,A01,138Â 207Â 331,1.0,0.0,-1.0,1725701,1.0,32,,0.0,2.0,1.0,B01,138Â 207Â 332,0.0
1010973,201900052504,3,29,08:30,1,2,1,1.0,4.0,93057,BRIAND ( AV. ARISTIDE) 31 A 91,M,"48,9087810","2,4996720",93,2019,50.0,1.0,1.0,3.0,2260794,1.0,1,1,2,2.0,,-1.0, -1,1989.0,A01,138Â 207Â 331,1.0,0.0,-1.0,1725702,1.0,7,,0.0,2.0,5.0,C01,138Â 207Â 333,1.0
1010973,201900052504,3,29,08:30,1,2,1,1.0,4.0,93057,BRIAND ( AV. ARISTIDE) 31 A 91,M,"48,9087810","2,4996720",93,2019,50.0,1.0,1.0,3.0,2260795,1.0,1,4,2,1.0,,-1.0, -1,1980.0,B01,138Â 207Â 332,2.0,8.0,-1.0,1725700,1.0,7,,0.0,2.0,8.0,A01,138Â 207Â 331,1.0
1010973,201900052504,3,29,08:30,1,2,1,1.0,4.0,93057,BRIAND ( AV. ARISTIDE) 31 A 91,M,"48,9087810","2,4996720",93,2019,50.0,1.0,1.0,3.0,2260795,1.0,1,4,2,1.0,,-1.0, -1,1980.0,B01,138Â 207Â 332,2.0,8.0,-1.0,1725701,1.0,32,,0.0,2.0,1.0,B01,138Â 207Â 332,0.0
1010973,201900052504,3,29,08:30,1,2,1,1.0,4.0,93057,BRIAND ( AV. ARISTIDE) 31 A 91,M,"48,9087810","2,4996720",93,2019,50.0,1.0,1.0,3.0,2260795,1.0,1,4,2,1.0,,-1.0, -1,1980.0,B01,138Â 207Â 332,2.0,8.0,-1.0,1725702,1.0,7,,0.0,2.0,5.0,C01,138Â 207Â 333,1.0
1010973,201900052504,3,29,08:30,1,2,1,1.0,4.0,93057,BRIAND ( AV. ARISTIDE) 31 A 91,M,"48,9087810","2,4996720",93,2019,50.0,1.0,1.0,3.0,2260796,1.0,1,1,2,1.0,,-1.0, -1,1989.0,C01,138Â 207Â 333,1.0,8.0,-1.0,1725700,1.0,7,,0.0,2.0,8.0,A01,138Â 207Â 331,1.0
1010973,201900052504,3,29,08:30,1,2,1,1.0,4.0,93057,BRIAND ( AV. ARISTIDE) 31 A 91,M,"48,9087810","2,4996720",93,2019,50.0,1.0,1.0,3.0,2260796,1.0,1,1,2,1.0,,-1.0, -1,1989.0,C01,138Â 207Â 333,1.0,8.0,-1.0,1725701,1.0,32,,0.0,2.0,1.0,B01,138Â 207Â 332,0.0
1010973,201900052504,3,29,08:30,1,2,1,1.0,4.0,93057,BRIAND ( AV. ARISTIDE) 31 A 91,M,"48,9087810","2,4996720",93,2019,50.0,1.0,1.0,3.0,2260796,1.0,1,1,2,1.0,,-1.0, -1,1989.0,C01,138Â 207Â 333,1.0,8.0,-1.0,1725702,1.0,7,,0.0,2.0,5.0,C01,138Â 207Â 333,1.0
1010974,201900052505,3,28,17:00,1,2,1,1.0,6.0,93010,SAKHAROV (RUE ANDREI),M,"48,9106490","2,4755260",93,2019,30.0,1.0,1.0,3.0,2260797,1.0,1,4,1,1.0,,-1.0, -1,1995.0,A01,138Â 207Â 330,1.0,0.0,-1.0,1725703,1.0,7,,1.0,0.0,1.0,A01,138Â 207Â 330,1.0
1010975,201900052506,3,28,17:53,1,2,9,7.0,1.0,93007,ARISTIDE BRIAND (AVENUE COTE PAIRS),M,"48,9434600","2,4440700",93,2019,50.0,2.0,1.0,3.0,2260798,1.0,1,1,1,9.0,,-1.0, -1,1992.0,A01,138Â 207Â 328,1.0,8.0,-1.0,1725704,2.0,10,,0.0,2.0,3.0,A01,138Â 207Â 328,1.0
1010975,201900052506,3,28,17:53,1,2,9,7.0,1.0,93007,ARISTIDE BRIAND (AVENUE COTE PAIRS),M,"48,9434600","2,4440700",93,2019,50.0,2.0,1.0,3.0,2260798,1.0,1,1,1,9.0,,-1.0, -1,1992.0,A01,138Â 207Â 328,1.0,8.0,-1.0,1725705,1.0,33,,0.0,2.0,1.0,B01,138Â 207Â 329,2.0
1010975,201900052506,3,28,17:53,1,2,9,7.0,1.0,93007,ARISTIDE BRIAND (AVENUE COTE PAIRS),M,"48,9434600","2,4440700",93,2019,50.0,2.0,1.0,3.0,2260799,1.0,1,4,1,0.0,,-1.0, -1,1987.0,B01,138Â 207Â 329,2.0,0.0,-1.0,1725704,2.0,10,,0.0,2.0,3.0,A01,138Â 207Â 328,1.0
1010975,201900052506,3,28,17:53,1,2,9,7.0,1.0,93007,ARISTIDE BRIAND (AVENUE COTE PAIRS),M,"48,9434600","2,4440700",93,2019,50.0,2.0,1.0,3.0,2260799,1.0,1,4,1,0.0,,-1.0, -1,1987.0,B01,138Â 207Â 329,2.0,0.0,-1.0,1725705,1.0,33,,0.0,2.0,1.0,B01,138Â 207Â 329,2.0
1010976,201900052507,3,28,11:36,1,2,1,1.0,3.0,93007,"""REPUBLIQUE (AVENUE DE LA """"COTE PAIRS""""",M,"48,9366400","2,4649100",93,2019,50.0,1.0,1.0,4.0,2260800,1.0,1,4,1,0.0,,-1.0, -1,1951.0,B01,138Â 207Â 326,2.0,0.0,-1.0,1725706,1.0,1,,0.0,2.0,2.0,B01,138Â 207Â 326,0.0
1010976,201900052507,3,28,11:36,1,2,1,1.0,3.0,93007,"""REPUBLIQUE (AVENUE DE LA """"COTE PAIRS""""",M,"48,9366400","2,4649100",93,2019,50.0,1.0,1.0,4.0,2260800,1.0,1,4,1,0.0,,-1.0, -1,1951.0,B01,138Â 207Â 326,2.0,0.0,-1.0,1725707,1.0,7,,0.0,6.0,3.0,A01,138Â 207Â 327,0.0
1010976,201900052507,3,28,11:36,1,2,1,1.0,3.0,93007,"""REPUBLIQUE (AVENUE DE LA """"COTE PAIRS""""",M,"48,9366400","2,4649100",93,2019,50.0,1.0,1.0,4.0,2260801,1.0,1,1,2,0.0,,-1.0, -1,1999.0,A01,138Â 207Â 327,1.0,8.0,-1.0,1725706,1.0,1,,0.0,2.0,2.0,B01,138Â 207Â 326,0.0
1010976,201900052507,3,28,11:36,1,2,1,1.0,3.0,93007,"""REPUBLIQUE (AVENUE DE LA """"COTE PAIRS""""",M,"48,9366400","2,4649100",93,2019,50.0,1.0,1.0,4.0,2260801,1.0,1,1,2,0.0,,-1.0, -1,1999.0,A01,138Â 207Â 327,1.0,8.0,-1.0,1725707,1.0,7,,0.0,6.0,3.0,A01,138Â 207Â 327,0.0
1010977,201900052508,3,30,10:40,1,2,4,1.0,3.0,93005,MARECHAL JUIN (AVENUE DU),M,"48,9357350","2,5032210",93,2019,50.0,1.0,1.0,4.0,2260802,1.0,1,1,1,0.0,,-1.0, -1,1955.0,A01,138Â 207Â 324,1.0,0.0,-1.0,1725708,1.0,7,,0.0,1.0,2.0,A01,138Â 207Â 324,1.0
1010977,201900052508,3,30,10:40,1,2,4,1.0,3.0,93005,MARECHAL JUIN (AVENUE DU),M,"48,9357350","2,5032210",93,2019,50.0,1.0,1.0,4.0,2260802,1.0,1,1,1,0.0,,-1.0, -1,1955.0,A01,138Â 207Â 324,1.0,0.0,-1.0,1725709,1.0,1,,0.0,2.0,3.0,B01,138Â 207Â 325,5.0
1010977,201900052508,3,30,10:40,1,2,4,1.0,3.0,93005,MARECHAL JUIN (AVENUE DU),M,"48,9357350","2,5032210",93,2019,50.0,1.0,1.0,4.0,2260803,1.0,1,4,2,5.0,,-1.0, -1,1973.0,B01,138Â 207Â 325,2.0,0.0,-1.0,1725708,1.0,7,,0.0,1.0,2.0,A01,138Â 207Â 324,1.0
1010977,201900052508,3,30,10:40,1,2,4,1.0,3.0,93005,MARECHAL JUIN (AVENUE DU),M,"48,9357350","2,5032210",93,2019,50.0,1.0,1.0,4.0,2260803,1.0,1,4,2,5.0,,-1.0, -1,1973.0,B01,138Â 207Â 325,2.0,0.0,-1.0,1725709,1.0,1,,0.0,2.0,3.0,B01,138Â 207Â 325,5.0
1010978,201900052509,3,29,15:00,1,2,1,1.0,3.0,93005,JEAN CHARCOT [CD115] (RUE),M,"48,9335330","2,4901350",93,2019,50.0,1.0,1.0,3.0,2260804,1.0,1,1,1,9.0,,-1.0, -1,1995.0,A01,138Â 207Â 322,2.0,0.0,-1.0,1725710,2.0,30,,0.0,2.0,3.0,A01,138Â 207Â 322,1.0
1010978,201900052509,3,29,15:00,1,2,1,1.0,3.0,93005,JEAN CHARCOT [CD115] (RUE),M,"48,9335330","2,4901350",93,2019,50.0,1.0,1.0,3.0,2260804,1.0,1,1,1,9.0,,-1.0, -1,1995.0,A01,138Â 207Â 322,2.0,0.0,-1.0,1725711,3.0,50,,0.0,2.0,0.0,B01,138Â 207Â 323,3.0
1010978,201900052509,3,29,15:00,1,2,1,1.0,3.0,93005,JEAN CHARCOT [CD115] (RUE),M,"48,9335330","2,4901350",93,2019,50.0,1.0,1.0,3.0,2260805,1.0,1,4,2,0.0,,-1.0, -1,1983.0,B01,138Â 207Â 323,8.0,0.0,-1.0,1725710,2.0,30,,0.0,2.0,3.0,A01,138Â 207Â 322,1.0
1010978,201900052509,3,29,15:00,1,2,1,1.0,3.0,93005,JEAN CHARCOT [CD115] (RUE),M,"48,9335330","2,4901350",93,2019,50.0,1.0,1.0,3.0,2260805,1.0,1,4,2,0.0,,-1.0, -1,1983.0,B01,138Â 207Â 323,8.0,0.0,-1.0,1725711,3.0,50,,0.0,2.0,0.0,B01,138Â 207Â 323,3.0
1010979,201900052510,3,29,12:10,1,2,1,1.0,3.0,93005,PAUL CEZANNE (RUE),M,"48,9526780","2,4918490",93,2019,50.0,1.0,1.0,3.0,2260806,1.0,1,4,2,0.0,,-1.0, -1,1999.0,A01,138Â 207Â 320,8.0,0.0,-1.0,1725712,1.0,7,,0.0,2.0,3.0,A01,138Â 207Â 320,1.0
1010979,201900052510,3,29,12:10,1,2,1,1.0,3.0,93005,PAUL CEZANNE (RUE),M,"48,9526780","2,4918490",93,2019,50.0,1.0,1.0,3.0,2260806,1.0,1,4,2,0.0,,-1.0, -1,1999.0,A01,138Â 207Â 320,8.0,0.0,-1.0,1725713,1.0,15,,0.0,2.0,2.0,B01,138Â 207Â 321,1.0
1010979,201900052510,3,29,12:10,1,2,1,1.0,3.0,93005,PAUL CEZANNE (RUE),M,"48,9526780","2,4918490",93,2019,50.0,1.0,1.0,3.0,2260807,1.0,1,1,1,0.0,,-1.0, -1,1988.0,B01,138Â 207Â 321,1.0,0.0,-1.0,1725712,1.0,7,,0.0,2.0,3.0,A01,138Â 207Â 320,1.0
1010979,201900052510,3,29,12:10,1,2,1,1.0,3.0,93005,PAUL CEZANNE (RUE),M,"48,9526780","2,4918490",93,2019,50.0,1.0,1.0,3.0,2260807,1.0,1,1,1,0.0,,-1.0, -1,1988.0,B01,138Â 207Â 321,1.0,0.0,-1.0,1725713,1.0,15,,0.0,2.0,2.0,B01,138Â 207Â 321,1.0
1010980,201900052511,6,19,12:10,1,2,1,1.0,3.0,40088,CHAULET (RUE GEORGES),M,"43,7159000"," -1,0525200",40,2019,50.0,1.0,1.0,4.0,2260808,1.0,1,4,1,2.0,,0.0,0,2001.0,A01,138Â 207Â 316,2.0,6.0,-1.0,1725714,1.0,2,,0.0,2.0,2.0,A01,138Â 207Â 316,1.0
1010980,201900052511,6,19,12:10,1,2,1,1.0,3.0,40088,CHAULET (RUE GEORGES),M,"43,7159000"," -1,0525200",40,2019,50.0,1.0,1.0,4.0,2260808,1.0,1,4,1,2.0,,0.0,0,2001.0,A01,138Â 207Â 316,2.0,6.0,-1.0,1725715,1.0,1,,0.0,2.0,3.0,B01,138Â 207Â 318,5.0