Unnamed: 0_x,num_acc,mois,jour,hrmn,lum,agg,int,atm,col,com,adr,gps,lat,long,dep,annee,vma,situ,surf,catr,Unnamed: 0_y,place,catu,grav,sexe,trajet,secu,locp,actp,an_nais,num_veh_x,id_vehicule_x,secu1,secu2,secu3,Unnamed: 0,senc,catv,occutc,obs,obsm,choc,num_veh_y,id_vehicule_y,motor
1010980,201900052511,6,19,12:10,1,2,1,1.0,3.0,40088,CHAULET (RUE GEORGES),M,"43,7159000"," -1,0525200",40,2019,50.0,1.0,1.0,4.0,2260809,1.0,1,3,1,5.0,,0.0,1,1977.0,B01,138Â 207Â 318,8.0,0.0,-1.0,1725714,1.0,2,,0.0,2.0,2.0,A01,138Â 207Â 316,1.0
1010980,201900052511,6,19,12:10,1,2,1,1.0,3.0,40088,CHAULET (RUE GEORGES),M,"43,7159000"," -1,0525200",40,2019,50.0,1.0,1.0,4.0,2260809,1.0,1,3,1,5.0,,0.0,1,1977.0,B01,138Â 207Â 318,8.0,0.0,-1.0,1725715,1.0,1,,0.0,2.0,3.0,B01,138Â 207Â 318,5.0
1010981,201900052512,7,12,18:50,1,2,1,1.0,7.0,37261,FUYE( RUE DE LE ),M,"47,3869200","0,7033100",37,2019,50.0,1.0,1.0,4.0,2260810,1.0,1,4,1,5.0,,-1.0,0,1985.0,A01,138Â 207Â 315,2.0,8.0,-1.0,1725716,3.0,30,,0.0,0.0,1.0,A01,138Â 207Â 315,1.0
1010982,201900052513,3,29,18:50,2,2,3,1.0,3.0,93001,JEAN JAURES (AVE)  => 53,M,"48,9038380","2,3918180",93,2019,50.0,1.0,1.0,3.0,2260811,1.0,1,4,2,1.0,,0.0,0,1978.0,B01,138Â 207Â 317,2.0,8.0,-1.0,1725717,2.0,1,,0.0,2.0,3.0,B01,138Â 207Â 317,5.0
1010982,201900052513,3,29,18:50,2,2,3,1.0,3.0,93001,JEAN JAURES (AVE)  => 53,M,"48,9038380","2,3918180",93,2019,50.0,1.0,1.0,3.0,2260811,1.0,1,4,2,1.0,,0.0,0,1978.0,B01,138Â 207Â 317,2.0,8.0,-1.0,1725718,2.0,7,,0.0,6.0,8.0,A01,138Â 207Â 319,1.0
1010982,201900052513,3,29,18:50,2,2,3,1.0,3.0,93001,JEAN JAURES (AVE)  => 53,M,"48,9038380","2,3918180",93,2019,50.0,1.0,1.0,3.0,2260812,1.0,1,1,1,1.0,,0.0,0,1987.0,A01,138Â 207Â 319,1.0,8.0,-1.0,1725717,2.0,1,,0.0,2.0,3.0,B01,138Â 207Â 317,5.0
1010982,201900052513,3,29,18:50,2,2,3,1.0,3.0,93001,JEAN JAURES (AVE)  => 53,M,"48,9038380","2,3918180",93,2019,50.0,1.0,1.0,3.0,2260812,1.0,1,1,1,1.0,,0.0,0,1987.0,A01,138Â 207Â 319,1.0,8.0,-1.0,1725718,2.0,7,,0.0,6.0,8.0,A01,138Â 207Â 319,1.0
1010983,201900052514,7,12,19:10,1,2,2,1.0,3.0,35238,VOLCLAIR (BD LOUIS),M,"48,0883100"," -1,6691200",35,2019,50.0,1.0,1.0,4.0,2260813,2.0,2,1,1,0.0,,-1.0,0,1997.0,B01,138Â 207Â 313,8.0,0.0,-1.0,1725719,3.0,7,,0.0,2.0,1.0,B01,138Â 207Â 313,1.0
1010983,201900052514,7,12,19:10,1,2,2,1.0,3.0,35238,VOLCLAIR (BD LOUIS),M,"48,0883100"," -1,6691200",35,2019,50.0,1.0,1.0,4.0,2260813,2.0,2,1,1,0.0,,-1.0,0,1997.0,B01,138Â 207Â 313,8.0,0.0,-1.0,1725720,3.0,7,,0.0,2.0,8.0,A01,138Â 207Â 314,1.0
1010983,201900052514,7,12,19:10,1,2,2,1.0,3.0,35238,VOLCLAIR (BD LOUIS),M,"48,0883100"," -1,6691200",35,2019,50.0,1.0,1.0,4.0,2260814,4.0,2,1,2,0.0,,-1.0,0,2006.0,B01,138Â 207Â 313,8.0,0.0,-1.0,1725719,3.0,7,,0.0,2.0,1.0,B01,138Â 207Â 313,1.0
1010983,201900052514,7,12,19:10,1,2,2,1.0,3.0,35238,VOLCLAIR (BD LOUIS),M,"48,0883100"," -1,6691200",35,2019,50.0,1.0,1.0,4.0,2260814,4.0,2,1,2,0.0,,-1.0,0,2006.0,B01,138Â 207Â 313,8.0,0.0,-1.0,1725720,3.0,7,,0.0,2.0,8.0,A01,138Â 207Â 314,1.0
1010983,201900052514,7,12,19:10,1,2,2,1.0,3.0,35238,VOLCLAIR (BD LOUIS),M,"48,0883100"," -1,6691200",35,2019,50.0,1.0,1.0,4.0,2260815,1.0,1,1,2,0.0,,-1.0, -1,1994.0,B01,138Â 207Â 313,8.0,0.0,-1.0,1725719,3.0,7,,0.0,2.0,1.0,B01,138Â 207Â 313,1.0
1010983,201900052514,7,12,19:10,1,2,2,1.0,3.0,35238,VOLCLAIR (BD LOUIS),M,"48,0883100"," -1,6691200",35,2019,50.0,1.0,1.0,4.0,2260815,1.0,1,1,2,0.0,,-1.0, -1,1994.0,B01,138Â 207Â 313,8.0,0.0,-1.0,1725720,3.0,7,,0.0,2.0,8.0,A01,138Â 207Â 314,1.0
1010983,201900052514,7,12,19:10,1,2,2,1.0,3.0,35238,VOLCLAIR (BD LOUIS),M,"48,0883100"," -1,6691200",35,2019,50.0,1.0,1.0,4.0,2260816,1.0,1,4,2,1.0,,-1.0, -1,1996.0,A01,138Â 207Â 314,1.0,0.0,-1.0,1725719,3.0,7,,0.0,2.0,1.0,B01,138Â 207Â 313,1.0
1010983,201900052514,7,12,19:10,1,2,2,1.0,3.0,35238,VOLCLAIR (BD LOUIS),M,"48,0883100"," -1,6691200",35,2019,50.0,1.0,1.0,4.0,2260816,1.0,1,4,2,1.0,,-1.0, -1,1996.0,A01,138Â 207Â 314,1.0,0.0,-1.0,1725720,3.0,7,,0.0,2.0,8.0,A01,138Â 207Â 314,1.0
1010984,201900052515,3,27,19:10,2,2,1,1.0,6.0,92064,MONT VALERIEN,M,"48,8534400","2,2156000",92,2019,5.0,1.0,1.0,9.0,2260817,1.0,1,1,1,5.0,,-1.0,0,1952.0,A01,138Â 207Â 312,1.0,0.0,-1.0,1725721,3.0,7,,0.0,1.0,3.0,A01,138Â 207Â 312,1.0
1010984,201900052515,3,27,19:10,2,2,1,1.0,6.0,92064,MONT VALERIEN,M,"48,8534400","2,2156000",92,2019,5.0,1.0,1.0,9.0,2260818,10.0,3,4,1,5.0,,5.0,9,2013.0,A01,138Â 207Â 312,8.0,0.0,-1.0,1725721,3.0,7,,0.0,1.0,3.0,A01,138Â 207Â 312,1.0
1010985,201900052516,7,12,19:45,1,1,1,1.0,2.0,35238,RN 137,M,"48,0909940"," -1,6288470",35,2019,90.0,1.0,1.0,2.0,2260819,2.0,2,4,1,5.0,,-1.0,0,1990.0,B01,138Â 207Â 310,1.0,8.0,-1.0,1725722,1.0,7,,0.0,2.0,4.0,B01,138Â 207Â 310,1.0
1010985,201900052516,7,12,19:45,1,1,1,1.0,2.0,35238,RN 137,M,"48,0909940"," -1,6288470",35,2019,90.0,1.0,1.0,2.0,2260819,2.0,2,4,1,5.0,,-1.0,0,1990.0,B01,138Â 207Â 310,1.0,8.0,-1.0,1725723,1.0,7,,0.0,2.0,1.0,A01,138Â 207Â 311,1.0
1010985,201900052516,7,12,19:45,1,1,1,1.0,2.0,35238,RN 137,M,"48,0909940"," -1,6288470",35,2019,90.0,1.0,1.0,2.0,2260820,1.0,1,4,2,5.0,,-1.0, -1,1991.0,B01,138Â 207Â 310,1.0,8.0,-1.0,1725722,1.0,7,,0.0,2.0,4.0,B01,138Â 207Â 310,1.0
1010985,201900052516,7,12,19:45,1,1,1,1.0,2.0,35238,RN 137,M,"48,0909940"," -1,6288470",35,2019,90.0,1.0,1.0,2.0,2260820,1.0,1,4,2,5.0,,-1.0, -1,1991.0,B01,138Â 207Â 310,1.0,8.0,-1.0,1725723,1.0,7,,0.0,2.0,1.0,A01,138Â 207Â 311,1.0
1010985,201900052516,7,12,19:45,1,1,1,1.0,2.0,35238,RN 137,M,"48,0909940"," -1,6288470",35,2019,90.0,1.0,1.0,2.0,2260821,1.0,1,4,2,0.0,,-1.0,0,1995.0,A01,138Â 207Â 311,1.0,0.0,-1.0,1725722,1.0,7,,0.0,2.0,4.0,B01,138Â 207Â 310,1.0
1010985,201900052516,7,12,19:45,1,1,1,1.0,2.0,35238,RN 137,M,"48,0909940"," -1,6288470",35,2019,90.0,1.0,1.0,2.0,2260821,1.0,1,4,2,0.0,,-1.0,0,1995.0,A01,138Â 207Â 311,1.0,0.0,-1.0,1725723,1.0,7,,0.0,2.0,1.0,A01,138Â 207Â 311,1.0
1010986,201900052517,3,27,14:00,1,2,1,1.0,2.0,92063,BONAPARTE (AVENUE NAPOLEON) SUD,M,"48,8704254","2,1590608",92,2019,50.0,1.0,1.0,3.0,2260822,1.0,1,1,1,5.0,,-1.0,0,1992.0,B01,138Â 207Â 308,1.0,8.0,-1.0,1725724,2.0,7,,0.0,2.0,4.0,B01,138Â 207Â 308,1.0
1010986,201900052517,3,27,14:00,1,2,1,1.0,2.0,92063,BONAPARTE (AVENUE NAPOLEON) SUD,M,"48,8704254","2,1590608",92,2019,50.0,1.0,1.0,3.0,2260822,1.0,1,1,1,5.0,,-1.0,0,1992.0,B01,138Â 207Â 308,1.0,8.0,-1.0,1725725,2.0,33,,0.0,2.0,1.0,A01,138Â 207Â 309,1.0
1010986,201900052517,3,27,14:00,1,2,1,1.0,2.0,92063,BONAPARTE (AVENUE NAPOLEON) SUD,M,"48,8704254","2,1590608",92,2019,50.0,1.0,1.0,3.0,2260823,1.0,1,4,1,5.0,,-1.0,0,1989.0,A01,138Â 207Â 309,2.0,8.0,-1.0,1725724,2.0,7,,0.0,2.0,4.0,B01,138Â 207Â 308,1.0
1010986,201900052517,3,27,14:00,1,2,1,1.0,2.0,92063,BONAPARTE (AVENUE NAPOLEON) SUD,M,"48,8704254","2,1590608",92,2019,50.0,1.0,1.0,3.0,2260823,1.0,1,4,1,5.0,,-1.0,0,1989.0,A01,138Â 207Â 309,2.0,8.0,-1.0,1725725,2.0,33,,0.0,2.0,1.0,A01,138Â 207Â 309,1.0
1010987,201900052518,7,12,16:50,1,1,1,1.0,5.0,35189,RD 137,M,"48,1461850"," -1,6988550",35,2019,90.0,1.0,1.0,3.0,2260824,1.0,1,1,1,4.0,,-1.0,0,1996.0,A01,138Â 207Â 305,8.0,0.0,-1.0,1725726,2.0,10,,0.0,2.0,1.0,A01,138Â 207Â 305,1.0
1010987,201900052518,7,12,16:50,1,1,1,1.0,5.0,35189,RD 137,M,"48,1461850"," -1,6988550",35,2019,90.0,1.0,1.0,3.0,2260824,1.0,1,1,1,4.0,,-1.0,0,1996.0,A01,138Â 207Â 305,8.0,0.0,-1.0,1725727,2.0,7,,0.0,2.0,9.0,B01,138Â 207Â 306,1.0
1010987,201900052518,7,12,16:50,1,1,1,1.0,5.0,35189,RD 137,M,"48,1461850"," -1,6988550",35,2019,90.0,1.0,1.0,3.0,2260824,1.0,1,1,1,4.0,,-1.0,0,1996.0,A01,138Â 207Â 305,8.0,0.0,-1.0,1725728,2.0,7,,0.0,2.0,0.0,C01,138Â 207Â 307,1.0
1010987,201900052518,7,12,16:50,1,1,1,1.0,5.0,35189,RD 137,M,"48,1461850"," -1,6988550",35,2019,90.0,1.0,1.0,3.0,2260825,2.0,2,4,2,0.0,,-1.0,0,1995.0,B01,138Â 207Â 306,1.0,0.0,-1.0,1725726,2.0,10,,0.0,2.0,1.0,A01,138Â 207Â 305,1.0
1010987,201900052518,7,12,16:50,1,1,1,1.0,5.0,35189,RD 137,M,"48,1461850"," -1,6988550",35,2019,90.0,1.0,1.0,3.0,2260825,2.0,2,4,2,0.0,,-1.0,0,1995.0,B01,138Â 207Â 306,1.0,0.0,-1.0,1725727,2.0,7,,0.0,2.0,9.0,B01,138Â 207Â 306,1.0
1010987,201900052518,7,12,16:50,1,1,1,1.0,5.0,35189,RD 137,M,"48,1461850"," -1,6988550",35,2019,90.0,1.0,1.0,3.0,2260825,2.0,2,4,2,0.0,,-1.0,0,1995.0,B01,138Â 207Â 306,1.0,0.0,-1.0,1725728,2.0,7,,0.0,2.0,0.0,C01,138Â 207Â 307,1.0
1010987,201900052518,7,12,16:50,1,1,1,1.0,5.0,35189,RD 137,M,"48,1461850"," -1,6988550",35,2019,90.0,1.0,1.0,3.0,2260826,1.0,1,3,2,0.0,,-1.0,0,1997.0,B01,138Â 207Â 306,1.0,0.0,-1.0,1725726,2.0,10,,0.0,2.0,1.0,A01,138Â 207Â 305,1.0
1010987,201900052518,7,12,16:50,1,1,1,1.0,5.0,35189,RD 137,M,"48,1461850"," -1,6988550",35,2019,90.0,1.0,1.0,3.0,2260826,1.0,1,3,2,0.0,,-1.0,0,1997.0,B01,138Â 207Â 306,1.0,0.0,-1.0,1725727,2.0,7,,0.0,2.0,9.0,B01,138Â 207Â 306,1.0
1010987,201900052518,7,12,16:50,1,1,1,1.0,5.0,35189,RD 137,M,"48,1461850"," -1,6988550",35,2019,90.0,1.0,1.0,3.0,2260826,1.0,1,3,2,0.0,,-1.0,0,1997.0,B01,138Â 207Â 306,1.0,0.0,-1.0,1725728,2.0,7,,0.0,2.0,0.0,C01,138Â 207Â 307,1.0
1010987,201900052518,7,12,16:50,1,1,1,1.0,5.0,35189,RD 137,M,"48,1461850"," -1,6988550",35,2019,90.0,1.0,1.0,3.0,2260827,1.0,1,1,2,0.0,,-1.0,0,1989.0,C01,138Â 207Â 307,1.0,0.0,-1.0,1725726,2.0,10,,0.0,2.0,1.0,A01,138Â 207Â 305,1.0
1010987,201900052518,7,12,16:50,1,1,1,1.0,5.0,35189,RD 137,M,"48,1461850"," -1,6988550",35,2019,90.0,1.0,1.0,3.0,2260827,1.0,1,1,2,0.0,,-1.0,0,1989.0,C01,138Â 207Â 307,1.0,0.0,-1.0,1725727,2.0,7,,0.0,2.0,9.0,B01,138Â 207Â 306,1.0
1010987,201900052518,7,12,16:50,1,1,1,1.0,5.0,35189,RD 137,M,"48,1461850"," -1,6988550",35,2019,90.0,1.0,1.0,3.0,2260827,1.0,1,1,2,0.0,,-1.0,0,1989.0,C01,138Â 207Â 307,1.0,0.0,-1.0,1725728,2.0,7,,0.0,2.0,0.0,C01,138Â 207Â 307,1.0
1010988,201900052519,3,29,16:45,1,2,1,1.0,6.0,92062,BRAZZA (RUE),M,"48,8847200","2,2378000",92,2019,50.0,1.0,1.0,4.0,2260828,1.0,1,4,1,5.0,,-1.0,0,1944.0,A01,138Â 207Â 304,1.0,8.0,-1.0,1725729,2.0,7,,2.0,0.0,1.0,A01,138Â 207Â 304,1.0
1010989,201900052520,3,28,18:30,1,2,1,1.0,3.0,92051,CHATEAU (RUE DU),M,"48,8867860","2,2623310",92,2019,50.0,1.0,1.0,4.0,2260829,1.0,1,4,1,1.0,,-1.0,0,1982.0,A01,138Â 207Â 301,8.0,0.0,-1.0,1725730,0.0,1,,0.0,2.0,7.0,A01,138Â 207Â 301,0.0
1010989,201900052520,3,28,18:30,1,2,1,1.0,3.0,92051,CHATEAU (RUE DU),M,"48,8867860","2,2623310",92,2019,50.0,1.0,1.0,4.0,2260829,1.0,1,4,1,1.0,,-1.0,0,1982.0,A01,138Â 207Â 301,8.0,0.0,-1.0,1725731,0.0,10,,0.0,0.0,8.0,B01,138Â 207Â 302,0.0
1010989,201900052520,3,28,18:30,1,2,1,1.0,3.0,92051,CHATEAU (RUE DU),M,"48,8867860","2,2623310",92,2019,50.0,1.0,1.0,4.0,2260830,1.0,1,1,1,1.0,,-1.0,0,1961.0,B01,138Â 207Â 302,1.0,0.0,-1.0,1725730,0.0,1,,0.0,2.0,7.0,A01,138Â 207Â 301,0.0
1010989,201900052520,3,28,18:30,1,2,1,1.0,3.0,92051,CHATEAU (RUE DU),M,"48,8867860","2,2623310",92,2019,50.0,1.0,1.0,4.0,2260830,1.0,1,1,1,1.0,,-1.0,0,1961.0,B01,138Â 207Â 302,1.0,0.0,-1.0,1725731,0.0,10,,0.0,0.0,8.0,B01,138Â 207Â 302,0.0
1010990,201900052521,7,12,13:45,1,2,9,1.0,1.0,35238,CUCILLE (AVENUE DE),M,"48,1283370"," -1,7010420",35,2019,-1.0,1.0,1.0,5.0,2260831,2.0,1,4,1,1.0,,-1.0,0,1996.0,B01,138Â 207Â 300,8.0,0.0,-1.0,1725732,3.0,80,,0.0,2.0,0.0,B01,138Â 207Â 300,3.0
1010990,201900052521,7,12,13:45,1,2,9,1.0,1.0,35238,CUCILLE (AVENUE DE),M,"48,1283370"," -1,7010420",35,2019,-1.0,1.0,1.0,5.0,2260831,2.0,1,4,1,1.0,,-1.0,0,1996.0,B01,138Â 207Â 300,8.0,0.0,-1.0,1725733,3.0,7,,2.0,0.0,2.0,A01,138Â 207Â 303,1.0
1010990,201900052521,7,12,13:45,1,2,9,1.0,1.0,35238,CUCILLE (AVENUE DE),M,"48,1283370"," -1,7010420",35,2019,-1.0,1.0,1.0,5.0,2260832,1.0,1,1,2,5.0,,-1.0,0,1962.0,A01,138Â 207Â 303,8.0,0.0,-1.0,1725732,3.0,80,,0.0,2.0,0.0,B01,138Â 207Â 300,3.0
1010990,201900052521,7,12,13:45,1,2,9,1.0,1.0,35238,CUCILLE (AVENUE DE),M,"48,1283370"," -1,7010420",35,2019,-1.0,1.0,1.0,5.0,2260832,1.0,1,1,2,5.0,,-1.0,0,1962.0,A01,138Â 207Â 303,8.0,0.0,-1.0,1725733,3.0,7,,2.0,0.0,2.0,A01,138Â 207Â 303,1.0
1010991,201900052522,7,12,12:30,1,2,6,1.0,3.0,35238,ROCHESTER (AVENUE DE),M,"48,1270000"," -1,6520000",35,2019,50.0,1.0,1.0,4.0,2260833,1.0,1,1,2,4.0,,-1.0, -1,1960.0,A01,138Â 207Â 298,1.0,0.0,-1.0,1725734,3.0,7,,0.0,2.0,8.0,A01,138Â 207Â 298,1.0
1010991,201900052522,7,12,12:30,1,2,6,1.0,3.0,35238,ROCHESTER (AVENUE DE),M,"48,1270000"," -1,6520000",35,2019,50.0,1.0,1.0,4.0,2260833,1.0,1,1,2,4.0,,-1.0, -1,1960.0,A01,138Â 207Â 298,1.0,0.0,-1.0,1725735,3.0,80,,0.0,2.0,8.0,B01,138Â 207Â 299,3.0
1010991,201900052522,7,12,12:30,1,2,6,1.0,3.0,35238,ROCHESTER (AVENUE DE),M,"48,1270000"," -1,6520000",35,2019,50.0,1.0,1.0,4.0,2260834,1.0,1,4,1,5.0,,-1.0,0,1957.0,B01,138Â 207Â 299,2.0,8.0,-1.0,1725734,3.0,7,,0.0,2.0,8.0,A01,138Â 207Â 298,1.0
1010991,201900052522,7,12,12:30,1,2,6,1.0,3.0,35238,ROCHESTER (AVENUE DE),M,"48,1270000"," -1,6520000",35,2019,50.0,1.0,1.0,4.0,2260834,1.0,1,4,1,5.0,,-1.0,0,1957.0,B01,138Â 207Â 299,2.0,8.0,-1.0,1725735,3.0,80,,0.0,2.0,8.0,B01,138Â 207Â 299,3.0
1010992,201900052523,7,11,16:15,1,1,1,1.0,4.0,35206,ROCADE 6-7,M,"48,0794900"," -1,6862100",35,2019,90.0,1.0,1.0,2.0,2260835,1.0,1,1,1,0.0,,-1.0,0,1969.0,C01,138Â 207Â 295,1.0,0.0,-1.0,1725736,2.0,7,,0.0,2.0,6.0,C01,138Â 207Â 295,1.0
1010992,201900052523,7,11,16:15,1,1,1,1.0,4.0,35206,ROCADE 6-7,M,"48,0794900"," -1,6862100",35,2019,90.0,1.0,1.0,2.0,2260835,1.0,1,1,1,0.0,,-1.0,0,1969.0,C01,138Â 207Â 295,1.0,0.0,-1.0,1725737,2.0,14,,0.0,2.0,7.0,B01,138Â 207Â 296,1.0
1010992,201900052523,7,11,16:15,1,1,1,1.0,4.0,35206,ROCADE 6-7,M,"48,0794900"," -1,6862100",35,2019,90.0,1.0,1.0,2.0,2260835,1.0,1,1,1,0.0,,-1.0,0,1969.0,C01,138Â 207Â 295,1.0,0.0,-1.0,1725738,2.0,7,,0.0,2.0,2.0,A01,138Â 207Â 297,1.0
1010992,201900052523,7,11,16:15,1,1,1,1.0,4.0,35206,ROCADE 6-7,M,"48,0794900"," -1,6862100",35,2019,90.0,1.0,1.0,2.0,2260836,1.0,1,1,1,0.0,,-1.0, -1,1996.0,B01,138Â 207Â 296,1.0,0.0,-1.0,1725736,2.0,7,,0.0,2.0,6.0,C01,138Â 207Â 295,1.0
1010992,201900052523,7,11,16:15,1,1,1,1.0,4.0,35206,ROCADE 6-7,M,"48,0794900"," -1,6862100",35,2019,90.0,1.0,1.0,2.0,2260836,1.0,1,1,1,0.0,,-1.0, -1,1996.0,B01,138Â 207Â 296,1.0,0.0,-1.0,1725737,2.0,14,,0.0,2.0,7.0,B01,138Â 207Â 296,1.0
1010992,201900052523,7,11,16:15,1,1,1,1.0,4.0,35206,ROCADE 6-7,M,"48,0794900"," -1,6862100",35,2019,90.0,1.0,1.0,2.0,2260836,1.0,1,1,1,0.0,,-1.0, -1,1996.0,B01,138Â 207Â 296,1.0,0.0,-1.0,1725738,2.0,7,,0.0,2.0,2.0,A01,138Â 207Â 297,1.0
1010992,201900052523,7,11,16:15,1,1,1,1.0,4.0,35206,ROCADE 6-7,M,"48,0794900"," -1,6862100",35,2019,90.0,1.0,1.0,2.0,2260837,2.0,2,1,1,0.0,,-1.0,0,1966.0,A01,138Â 207Â 297,1.0,0.0,-1.0,1725736,2.0,7,,0.0,2.0,6.0,C01,138Â 207Â 295,1.0
1010992,201900052523,7,11,16:15,1,1,1,1.0,4.0,35206,ROCADE 6-7,M,"48,0794900"," -1,6862100",35,2019,90.0,1.0,1.0,2.0,2260837,2.0,2,1,1,0.0,,-1.0,0,1966.0,A01,138Â 207Â 297,1.0,0.0,-1.0,1725737,2.0,14,,0.0,2.0,7.0,B01,138Â 207Â 296,1.0
1010992,201900052523,7,11,16:15,1,1,1,1.0,4.0,35206,ROCADE 6-7,M,"48,0794900"," -1,6862100",35,2019,90.0,1.0,1.0,2.0,2260837,2.0,2,1,1,0.0,,-1.0,0,1966.0,A01,138Â 207Â 297,1.0,0.0,-1.0,1725738,2.0,7,,0.0,2.0,2.0,A01,138Â 207Â 297,1.0
1010992,201900052523,7,11,16:15,1,1,1,1.0,4.0,35206,ROCADE 6-7,M,"48,0794900"," -1,6862100",35,2019,90.0,1.0,1.0,2.0,2260838,1.0,1,4,2,0.0,,-1.0,0,1953.0,A01,138Â 207Â 297,1.0,8.0,-1.0,1725736,2.0,7,,0.0,2.0,6.0,C01,138Â 207Â 295,1.0
1010992,201900052523,7,11,16:15,1,1,1,1.0,4.0,35206,ROCADE 6-7,M,"48,0794900"," -1,6862100",35,2019,90.0,1.0,1.0,2.0,2260838,1.0,1,4,2,0.0,,-1.0,0,1953.0,A01,138Â 207Â 297,1.0,8.0,-1.0,1725737,2.0,14,,0.0,2.0,7.0,B01,138Â 207Â 296,1.0
1010992,201900052523,7,11,16:15,1,1,1,1.0,4.0,35206,ROCADE 6-7,M,"48,0794900"," -1,6862100",35,2019,90.0,1.0,1.0,2.0,2260838,1.0,1,4,2,0.0,,-1.0,0,1953.0,A01,138Â 207Â 297,1.0,8.0,-1.0,1725738,2.0,7,,0.0,2.0,2.0,A01,138Â 207Â 297,1.0
1010993,201900052524,7,11,17:30,1,1,1,1.0,3.0,35278,RN 136,M,"48,1399540"," -1,6954830",35,2019,90.0,1.0,1.0,2.0,2260839,1.0,1,1,1,4.0,,-1.0,0,1987.0,A01,138Â 207Â 293,1.0,8.0,-1.0,1725739,1.0,17,,0.0,2.0,2.0,A01,138Â 207Â 293,1.0
1010993,201900052524,7,11,17:30,1,1,1,1.0,3.0,35278,RN 136,M,"48,1399540"," -1,6954830",35,2019,90.0,1.0,1.0,2.0,2260839,1.0,1,1,1,4.0,,-1.0,0,1987.0,A01,138Â 207Â 293,1.0,8.0,-1.0,1725740,1.0,7,,0.0,2.0,3.0,B01,138Â 207Â 294,1.0
1010993,201900052524,7,11,17:30,1,1,1,1.0,3.0,35278,RN 136,M,"48,1399540"," -1,6954830",35,2019,90.0,1.0,1.0,2.0,2260840,3.0,2,4,2,5.0,,-1.0,0,1981.0,B01,138Â 207Â 294,1.0,8.0,-1.0,1725739,1.0,17,,0.0,2.0,2.0,A01,138Â 207Â 293,1.0
1010993,201900052524,7,11,17:30,1,1,1,1.0,3.0,35278,RN 136,M,"48,1399540"," -1,6954830",35,2019,90.0,1.0,1.0,2.0,2260840,3.0,2,4,2,5.0,,-1.0,0,1981.0,B01,138Â 207Â 294,1.0,8.0,-1.0,1725740,1.0,7,,0.0,2.0,3.0,B01,138Â 207Â 294,1.0
1010993,201900052524,7,11,17:30,1,1,1,1.0,3.0,35278,RN 136,M,"48,1399540"," -1,6954830",35,2019,90.0,1.0,1.0,2.0,2260841,2.0,2,4,2,5.0,,-1.0,0,1981.0,B01,138Â 207Â 294,1.0,8.0,-1.0,1725739,1.0,17,,0.0,2.0,2.0,A01,138Â 207Â 293,1.0
1010993,201900052524,7,11,17:30,1,1,1,1.0,3.0,35278,RN 136,M,"48,1399540"," -1,6954830",35,2019,90.0,1.0,1.0,2.0,2260841,2.0,2,4,2,5.0,,-1.0,0,1981.0,B01,138Â 207Â 294,1.0,8.0,-1.0,1725740,1.0,7,,0.0,2.0,3.0,B01,138Â 207Â 294,1.0
1010993,201900052524,7,11,17:30,1,1,1,1.0,3.0,35278,RN 136,M,"48,1399540"," -1,6954830",35,2019,90.0,1.0,1.0,2.0,2260842,1.0,1,1,1,0.0,,-1.0,0,1984.0,B01,138Â 207Â 294,1.0,0.0,-1.0,1725739,1.0,17,,0.0,2.0,2.0,A01,138Â 207Â 293,1.0
1010993,201900052524,7,11,17:30,1,1,1,1.0,3.0,35278,RN 136,M,"48,1399540"," -1,6954830",35,2019,90.0,1.0,1.0,2.0,2260842,1.0,1,1,1,0.0,,-1.0,0,1984.0,B01,138Â 207Â 294,1.0,0.0,-1.0,1725740,1.0,7,,0.0,2.0,3.0,B01,138Â 207Â 294,1.0
1010994,201900052525,7,10,14:20,1,1,1,1.0,2.0,35238,RN136,M,"48,1072010"," -1,7172390",35,2019,90.0,1.0,1.0,2.0,2260843,5.0,2,2,2,9.0,,-1.0, -1,1945.0,B01,138Â 207Â 291,8.0,0.0,-1.0,1725741,1.0,7,,0.0,2.0,4.0,B01,138Â 207Â 291,1.0
1010994,201900052525,7,10,14:20,1,1,1,1.0,2.0,35238,RN136,M,"48,1072010"," -1,7172390",35,2019,90.0,1.0,1.0,2.0,2260843,5.0,2,2,2,9.0,,-1.0, -1,1945.0,B01,138Â 207Â 291,8.0,0.0,-1.0,1725742,1.0,15,,0.0,2.0,1.0,A01,138Â 207Â 292,1.0
1010994,201900052525,7,10,14:20,1,1,1,1.0,2.0,35238,RN136,M,"48,1072010"," -1,7172390",35,2019,90.0,1.0,1.0,2.0,2260844,1.0,1,4,2,4.0,,-1.0, -1,1993.0,B01,138Â 207Â 291,1.0,0.0,-1.0,1725741,1.0,7,,0.0,2.0,4.0,B01,138Â 207Â 291,1.0
1010994,201900052525,7,10,14:20,1,1,1,1.0,2.0,35238,RN136,M,"48,1072010"," -1,7172390",35,2019,90.0,1.0,1.0,2.0,2260844,1.0,1,4,2,4.0,,-1.0, -1,1993.0,B01,138Â 207Â 291,1.0,0.0,-1.0,1725742,1.0,15,,0.0,2.0,1.0,A01,138Â 207Â 292,1.0
1010994,201900052525,7,10,14:20,1,1,1,1.0,2.0,35238,RN136,M,"48,1072010"," -1,7172390",35,2019,90.0,1.0,1.0,2.0,2260845,1.0,1,1,1,4.0,,-1.0, -1,1986.0,A01,138Â 207Â 292,1.0,0.0,-1.0,1725741,1.0,7,,0.0,2.0,4.0,B01,138Â 207Â 291,1.0
1010994,201900052525,7,10,14:20,1,1,1,1.0,2.0,35238,RN136,M,"48,1072010"," -1,7172390",35,2019,90.0,1.0,1.0,2.0,2260845,1.0,1,1,1,4.0,,-1.0, -1,1986.0,A01,138Â 207Â 292,1.0,0.0,-1.0,1725742,1.0,15,,0.0,2.0,1.0,A01,138Â 207Â 292,1.0