Unnamed: 0_x,num_acc,mois,jour,hrmn,lum,agg,int,atm,col,com,adr,gps,lat,long,dep,annee,vma,situ,surf,catr,Unnamed: 0_y,place,catu,grav,sexe,trajet,secu,locp,actp,an_nais,num_veh_x,id_vehicule_x,secu1,secu2,secu3,Unnamed: 0,senc,catv,occutc,obs,obsm,choc,num_veh_y,id_vehicule_y,motor
1010995,201900052526,7,10,10:00,1,2,9,1.0,3.0,35238,GAYEULLES (AVENUE DES),M,"48,1313300"," -1,6518700",35,2019,30.0,1.0,1.0,4.0,2260846,2.0,2,3,1,0.0,,-1.0, -1,2004.0,A01,138Â 207Â 289,2.0,0.0,-1.0,1725743,2.0,30,,0.0,2.0,1.0,A01,138Â 207Â 289,1.0
1010995,201900052526,7,10,10:00,1,2,9,1.0,3.0,35238,GAYEULLES (AVENUE DES),M,"48,1313300"," -1,6518700",35,2019,30.0,1.0,1.0,4.0,2260846,2.0,2,3,1,0.0,,-1.0, -1,2004.0,A01,138Â 207Â 289,2.0,0.0,-1.0,1725744,3.0,10,,0.0,2.0,6.0,B01,138Â 207Â 290,1.0
1010995,201900052526,7,10,10:00,1,2,9,1.0,3.0,35238,GAYEULLES (AVENUE DES),M,"48,1313300"," -1,6518700",35,2019,30.0,1.0,1.0,4.0,2260847,1.0,1,4,1,5.0,,-1.0, -1,2003.0,A01,138Â 207Â 289,8.0,0.0,-1.0,1725743,2.0,30,,0.0,2.0,1.0,A01,138Â 207Â 289,1.0
1010995,201900052526,7,10,10:00,1,2,9,1.0,3.0,35238,GAYEULLES (AVENUE DES),M,"48,1313300"," -1,6518700",35,2019,30.0,1.0,1.0,4.0,2260847,1.0,1,4,1,5.0,,-1.0, -1,2003.0,A01,138Â 207Â 289,8.0,0.0,-1.0,1725744,3.0,10,,0.0,2.0,6.0,B01,138Â 207Â 290,1.0
1010995,201900052526,7,10,10:00,1,2,9,1.0,3.0,35238,GAYEULLES (AVENUE DES),M,"48,1313300"," -1,6518700",35,2019,30.0,1.0,1.0,4.0,2260848,1.0,1,1,1,4.0,,-1.0,0,1968.0,B01,138Â 207Â 290,1.0,0.0,-1.0,1725743,2.0,30,,0.0,2.0,1.0,A01,138Â 207Â 289,1.0
1010995,201900052526,7,10,10:00,1,2,9,1.0,3.0,35238,GAYEULLES (AVENUE DES),M,"48,1313300"," -1,6518700",35,2019,30.0,1.0,1.0,4.0,2260848,1.0,1,1,1,4.0,,-1.0,0,1968.0,B01,138Â 207Â 290,1.0,0.0,-1.0,1725744,3.0,10,,0.0,2.0,6.0,B01,138Â 207Â 290,1.0
1010996,201900052527,7,13,06:55,1,1,1,1.0,1.0,34129,CALADE (ALLEE DE LA),M,"43,5803900","3,8978800",34,2019,50.0,1.0,1.0,4.0,2260849,1.0,1,1,1,5.0,,0.0,0,1991.0,A01,138Â 207Â 287,1.0,8.0,-1.0,1725745,1.0,7,,0.0,2.0,1.0,A01,138Â 207Â 287,1.0
1010996,201900052527,7,13,06:55,1,1,1,1.0,1.0,34129,CALADE (ALLEE DE LA),M,"43,5803900","3,8978800",34,2019,50.0,1.0,1.0,4.0,2260849,1.0,1,1,1,5.0,,0.0,0,1991.0,A01,138Â 207Â 287,1.0,8.0,-1.0,1725746,2.0,7,,0.0,2.0,1.0,B01,138Â 207Â 288,1.0
1010996,201900052527,7,13,06:55,1,1,1,1.0,1.0,34129,CALADE (ALLEE DE LA),M,"43,5803900","3,8978800",34,2019,50.0,1.0,1.0,4.0,2260850,2.0,2,4,2,5.0,,0.0,0,1999.0,B01,138Â 207Â 288,1.0,8.0,-1.0,1725745,1.0,7,,0.0,2.0,1.0,A01,138Â 207Â 287,1.0
1010996,201900052527,7,13,06:55,1,1,1,1.0,1.0,34129,CALADE (ALLEE DE LA),M,"43,5803900","3,8978800",34,2019,50.0,1.0,1.0,4.0,2260850,2.0,2,4,2,5.0,,0.0,0,1999.0,B01,138Â 207Â 288,1.0,8.0,-1.0,1725746,2.0,7,,0.0,2.0,1.0,B01,138Â 207Â 288,1.0
1010996,201900052527,7,13,06:55,1,1,1,1.0,1.0,34129,CALADE (ALLEE DE LA),M,"43,5803900","3,8978800",34,2019,50.0,1.0,1.0,4.0,2260851,1.0,1,1,1,5.0,,0.0,0,1967.0,B01,138Â 207Â 288,1.0,8.0,-1.0,1725745,1.0,7,,0.0,2.0,1.0,A01,138Â 207Â 287,1.0
1010996,201900052527,7,13,06:55,1,1,1,1.0,1.0,34129,CALADE (ALLEE DE LA),M,"43,5803900","3,8978800",34,2019,50.0,1.0,1.0,4.0,2260851,1.0,1,1,1,5.0,,0.0,0,1967.0,B01,138Â 207Â 288,1.0,8.0,-1.0,1725746,2.0,7,,0.0,2.0,1.0,B01,138Â 207Â 288,1.0
1010997,201900052528,7,10,20:40,1,2,3,1.0,5.0,34172,PAVELET (AVENUE DU COLONEL),M,"43,5817400","3,8642400",34,2019,50.0,1.0,1.0,4.0,2260852,1.0,1,1,1,4.0,,0.0,0,1993.0,C01,138Â 207Â 284,1.0,8.0,-1.0,1725747,1.0,14,,0.0,2.0,1.0,C01,138Â 207Â 284,1.0
1010997,201900052528,7,10,20:40,1,2,3,1.0,5.0,34172,PAVELET (AVENUE DU COLONEL),M,"43,5817400","3,8642400",34,2019,50.0,1.0,1.0,4.0,2260852,1.0,1,1,1,4.0,,0.0,0,1993.0,C01,138Â 207Â 284,1.0,8.0,-1.0,1725748,1.0,7,,0.0,2.0,6.0,B01,138Â 207Â 285,1.0
1010997,201900052528,7,10,20:40,1,2,3,1.0,5.0,34172,PAVELET (AVENUE DU COLONEL),M,"43,5817400","3,8642400",34,2019,50.0,1.0,1.0,4.0,2260852,1.0,1,1,1,4.0,,0.0,0,1993.0,C01,138Â 207Â 284,1.0,8.0,-1.0,1725749,1.0,7,,0.0,2.0,2.0,A01,138Â 207Â 286,1.0
1010997,201900052528,7,10,20:40,1,2,3,1.0,5.0,34172,PAVELET (AVENUE DU COLONEL),M,"43,5817400","3,8642400",34,2019,50.0,1.0,1.0,4.0,2260853,1.0,1,1,2,5.0,,0.0,0,1998.0,B01,138Â 207Â 285,1.0,8.0,-1.0,1725747,1.0,14,,0.0,2.0,1.0,C01,138Â 207Â 284,1.0
1010997,201900052528,7,10,20:40,1,2,3,1.0,5.0,34172,PAVELET (AVENUE DU COLONEL),M,"43,5817400","3,8642400",34,2019,50.0,1.0,1.0,4.0,2260853,1.0,1,1,2,5.0,,0.0,0,1998.0,B01,138Â 207Â 285,1.0,8.0,-1.0,1725748,1.0,7,,0.0,2.0,6.0,B01,138Â 207Â 285,1.0
1010997,201900052528,7,10,20:40,1,2,3,1.0,5.0,34172,PAVELET (AVENUE DU COLONEL),M,"43,5817400","3,8642400",34,2019,50.0,1.0,1.0,4.0,2260853,1.0,1,1,2,5.0,,0.0,0,1998.0,B01,138Â 207Â 285,1.0,8.0,-1.0,1725749,1.0,7,,0.0,2.0,2.0,A01,138Â 207Â 286,1.0
1010997,201900052528,7,10,20:40,1,2,3,1.0,5.0,34172,PAVELET (AVENUE DU COLONEL),M,"43,5817400","3,8642400",34,2019,50.0,1.0,1.0,4.0,2260854,1.0,1,1,1,5.0,,0.0,0,2000.0,A01,138Â 207Â 286,1.0,8.0,-1.0,1725747,1.0,14,,0.0,2.0,1.0,C01,138Â 207Â 284,1.0
1010997,201900052528,7,10,20:40,1,2,3,1.0,5.0,34172,PAVELET (AVENUE DU COLONEL),M,"43,5817400","3,8642400",34,2019,50.0,1.0,1.0,4.0,2260854,1.0,1,1,1,5.0,,0.0,0,2000.0,A01,138Â 207Â 286,1.0,8.0,-1.0,1725748,1.0,7,,0.0,2.0,6.0,B01,138Â 207Â 285,1.0
1010997,201900052528,7,10,20:40,1,2,3,1.0,5.0,34172,PAVELET (AVENUE DU COLONEL),M,"43,5817400","3,8642400",34,2019,50.0,1.0,1.0,4.0,2260854,1.0,1,1,1,5.0,,0.0,0,2000.0,A01,138Â 207Â 286,1.0,8.0,-1.0,1725749,1.0,7,,0.0,2.0,2.0,A01,138Â 207Â 286,1.0
1010997,201900052528,7,10,20:40,1,2,3,1.0,5.0,34172,PAVELET (AVENUE DU COLONEL),M,"43,5817400","3,8642400",34,2019,50.0,1.0,1.0,4.0,2260855,2.0,2,4,1,5.0,,0.0,0,2001.0,A01,138Â 207Â 286,1.0,8.0,-1.0,1725747,1.0,14,,0.0,2.0,1.0,C01,138Â 207Â 284,1.0
1010997,201900052528,7,10,20:40,1,2,3,1.0,5.0,34172,PAVELET (AVENUE DU COLONEL),M,"43,5817400","3,8642400",34,2019,50.0,1.0,1.0,4.0,2260855,2.0,2,4,1,5.0,,0.0,0,2001.0,A01,138Â 207Â 286,1.0,8.0,-1.0,1725748,1.0,7,,0.0,2.0,6.0,B01,138Â 207Â 285,1.0
1010997,201900052528,7,10,20:40,1,2,3,1.0,5.0,34172,PAVELET (AVENUE DU COLONEL),M,"43,5817400","3,8642400",34,2019,50.0,1.0,1.0,4.0,2260855,2.0,2,4,1,5.0,,0.0,0,2001.0,A01,138Â 207Â 286,1.0,8.0,-1.0,1725749,1.0,7,,0.0,2.0,2.0,A01,138Â 207Â 286,1.0
1010998,201900052529,7,11,22:24,5,2,1,1.0,6.0,34172,HEIDELBERG (AVENUE DE),M,"43,6235200","3,8114500",34,2019,50.0,1.0,1.0,4.0,2260856,10.0,3,3,1,0.0,,5.0,1,2018.0,A01,138Â 207Â 283,8.0,0.0,-1.0,1725750,2.0,7,,2.0,1.0,1.0,A01,138Â 207Â 283,1.0
1010998,201900052529,7,11,22:24,5,2,1,1.0,6.0,34172,HEIDELBERG (AVENUE DE),M,"43,6235200","3,8114500",34,2019,50.0,1.0,1.0,4.0,2260857,10.0,3,3,2,0.0,,5.0,1,2001.0,A01,138Â 207Â 283,8.0,0.0,-1.0,1725750,2.0,7,,2.0,1.0,1.0,A01,138Â 207Â 283,1.0
1010998,201900052529,7,11,22:24,5,2,1,1.0,6.0,34172,HEIDELBERG (AVENUE DE),M,"43,6235200","3,8114500",34,2019,50.0,1.0,1.0,4.0,2260858,10.0,3,2,2,0.0,,5.0,1,1976.0,A01,138Â 207Â 283,8.0,0.0,-1.0,1725750,2.0,7,,2.0,1.0,1.0,A01,138Â 207Â 283,1.0
1010998,201900052529,7,11,22:24,5,2,1,1.0,6.0,34172,HEIDELBERG (AVENUE DE),M,"43,6235200","3,8114500",34,2019,50.0,1.0,1.0,4.0,2260859,1.0,1,4,1,0.0,,0.0,0,1998.0,A01,138Â 207Â 283,1.0,0.0,-1.0,1725750,2.0,7,,2.0,1.0,1.0,A01,138Â 207Â 283,1.0
1010999,201900052530,7,13,16:40,1,2,4,1.0,1.0,33162,AVE DU MEDOC,M,"44,8851000"," -0,6365800",33,2019,50.0,1.0,1.0,4.0,2260860,1.0,1,1,1,5.0,,0.0,0,1994.0,B01,138Â 207Â 281,8.0,0.0,-1.0,1725751,0.0,7,,0.0,2.0,1.0,B01,138Â 207Â 281,1.0
1010999,201900052530,7,13,16:40,1,2,4,1.0,1.0,33162,AVE DU MEDOC,M,"44,8851000"," -0,6365800",33,2019,50.0,1.0,1.0,4.0,2260860,1.0,1,1,1,5.0,,0.0,0,1994.0,B01,138Â 207Â 281,8.0,0.0,-1.0,1725752,0.0,7,,0.0,2.0,1.0,A01,138Â 207Â 282,1.0
1010999,201900052530,7,13,16:40,1,2,4,1.0,1.0,33162,AVE DU MEDOC,M,"44,8851000"," -0,6365800",33,2019,50.0,1.0,1.0,4.0,2260861,2.0,2,4,2,0.0,,0.0,0,1992.0,A01,138Â 207Â 282,8.0,0.0,-1.0,1725751,0.0,7,,0.0,2.0,1.0,B01,138Â 207Â 281,1.0
1010999,201900052530,7,13,16:40,1,2,4,1.0,1.0,33162,AVE DU MEDOC,M,"44,8851000"," -0,6365800",33,2019,50.0,1.0,1.0,4.0,2260861,2.0,2,4,2,0.0,,0.0,0,1992.0,A01,138Â 207Â 282,8.0,0.0,-1.0,1725752,0.0,7,,0.0,2.0,1.0,A01,138Â 207Â 282,1.0
1010999,201900052530,7,13,16:40,1,2,4,1.0,1.0,33162,AVE DU MEDOC,M,"44,8851000"," -0,6365800",33,2019,50.0,1.0,1.0,4.0,2260862,4.0,2,4,2,0.0,,0.0,0,2015.0,A01,138Â 207Â 282,3.0,0.0,-1.0,1725751,0.0,7,,0.0,2.0,1.0,B01,138Â 207Â 281,1.0
1010999,201900052530,7,13,16:40,1,2,4,1.0,1.0,33162,AVE DU MEDOC,M,"44,8851000"," -0,6365800",33,2019,50.0,1.0,1.0,4.0,2260862,4.0,2,4,2,0.0,,0.0,0,2015.0,A01,138Â 207Â 282,3.0,0.0,-1.0,1725752,0.0,7,,0.0,2.0,1.0,A01,138Â 207Â 282,1.0
1010999,201900052530,7,13,16:40,1,2,4,1.0,1.0,33162,AVE DU MEDOC,M,"44,8851000"," -0,6365800",33,2019,50.0,1.0,1.0,4.0,2260863,1.0,1,4,1,5.0,,0.0,0,1988.0,A01,138Â 207Â 282,1.0,0.0,-1.0,1725751,0.0,7,,0.0,2.0,1.0,B01,138Â 207Â 281,1.0
1010999,201900052530,7,13,16:40,1,2,4,1.0,1.0,33162,AVE DU MEDOC,M,"44,8851000"," -0,6365800",33,2019,50.0,1.0,1.0,4.0,2260863,1.0,1,4,1,5.0,,0.0,0,1988.0,A01,138Â 207Â 282,1.0,0.0,-1.0,1725752,0.0,7,,0.0,2.0,1.0,A01,138Â 207Â 282,1.0
1011000,201900052531,7,12,13:10,1,2,3,1.0,3.0,33063,Crs de la Somme / R. Pascal Mothes,M,"44,8247080"," -0,5726010",33,2019,50.0,1.0,1.0,4.0,2260864,1.0,1,1,1,0.0,,0.0,0,1972.0,A01,138Â 207Â 277,8.0,0.0,-1.0,1725753,0.0,7,,0.0,2.0,3.0,A01,138Â 207Â 277,1.0
1011000,201900052531,7,12,13:10,1,2,3,1.0,3.0,33063,Crs de la Somme / R. Pascal Mothes,M,"44,8247080"," -0,5726010",33,2019,50.0,1.0,1.0,4.0,2260864,1.0,1,1,1,0.0,,0.0,0,1972.0,A01,138Â 207Â 277,8.0,0.0,-1.0,1725754,0.0,30,,0.0,2.0,1.0,B01,138Â 207Â 278,1.0
1011000,201900052531,7,12,13:10,1,2,3,1.0,3.0,33063,Crs de la Somme / R. Pascal Mothes,M,"44,8247080"," -0,5726010",33,2019,50.0,1.0,1.0,4.0,2260865,1.0,1,4,1,0.0,,0.0,0,1965.0,B01,138Â 207Â 278,8.0,0.0,-1.0,1725753,0.0,7,,0.0,2.0,3.0,A01,138Â 207Â 277,1.0
1011000,201900052531,7,12,13:10,1,2,3,1.0,3.0,33063,Crs de la Somme / R. Pascal Mothes,M,"44,8247080"," -0,5726010",33,2019,50.0,1.0,1.0,4.0,2260865,1.0,1,4,1,0.0,,0.0,0,1965.0,B01,138Â 207Â 278,8.0,0.0,-1.0,1725754,0.0,30,,0.0,2.0,1.0,B01,138Â 207Â 278,1.0
1011001,201900052532,6,22,23:30,5,2,2,1.0,3.0,33039,RUE LEON GAMBETTA,M,"44,8076000"," -0,5515360",33,2019,50.0,8.0,1.0,4.0,2260866,1.0,1,1,1,0.0,,-1.0, -1,1973.0,B01,138Â 207Â 275,2.0,8.0,-1.0,1725755,1.0,31,,0.0,2.0,3.0,B01,138Â 207Â 275,1.0
1011001,201900052532,6,22,23:30,5,2,2,1.0,3.0,33039,RUE LEON GAMBETTA,M,"44,8076000"," -0,5515360",33,2019,50.0,8.0,1.0,4.0,2260866,1.0,1,1,1,0.0,,-1.0, -1,1973.0,B01,138Â 207Â 275,2.0,8.0,-1.0,1725756,2.0,33,,0.0,2.0,1.0,A01,138Â 207Â 276,1.0
1011001,201900052532,6,22,23:30,5,2,2,1.0,3.0,33039,RUE LEON GAMBETTA,M,"44,8076000"," -0,5515360",33,2019,50.0,8.0,1.0,4.0,2260867,1.0,1,4,1,0.0,,-1.0, -1,1998.0,A01,138Â 207Â 276,2.0,8.0,-1.0,1725755,1.0,31,,0.0,2.0,3.0,B01,138Â 207Â 275,1.0
1011001,201900052532,6,22,23:30,5,2,2,1.0,3.0,33039,RUE LEON GAMBETTA,M,"44,8076000"," -0,5515360",33,2019,50.0,8.0,1.0,4.0,2260867,1.0,1,4,1,0.0,,-1.0, -1,1998.0,A01,138Â 207Â 276,2.0,8.0,-1.0,1725756,2.0,33,,0.0,2.0,1.0,A01,138Â 207Â 276,1.0
1011002,201900052533,7,8,05:49,3,2,1,1.0,6.0,33281,AVE DE LA LIBERATION,M,"44,8580400"," -0,6435100",33,2019,50.0,1.0,1.0,4.0,2260868,10.0,3,3,1,0.0,,6.0,9,1962.0,Z01,138Â 207Â 274,8.0,0.0,-1.0,1725757,2.0,7,,0.0,1.0,0.0,Z01,138Â 207Â 274,0.0
1011003,201900052534,7,12,00:00,5,2,1,1.0,6.0,33063,PALUDATE (QUAI DE),M,"44,8307600"," -0,5578800",33,2019,50.0,1.0,1.0,4.0,2260869,1.0,1,4,1,5.0,,-1.0, -1,1971.0,A01,138Â 207Â 273,2.0,6.0,-1.0,1725758,1.0,32,,0.0,0.0,8.0,A01,138Â 207Â 273,1.0
1011004,201900052535,7,11,22:15,5,2,2,1.0,3.0,33063,R. Mandron / R. Henri Expert,M,"44,8580020"," -0,5877930",33,2019,50.0,1.0,1.0,4.0,2260870,2.0,2,4,2,5.0,,0.0, -1,1993.0,A01,138Â 207Â 271,2.0,0.0,-1.0,1725759,1.0,34,,0.0,2.0,1.0,A01,138Â 207Â 271,3.0
1011004,201900052535,7,11,22:15,5,2,2,1.0,3.0,33063,R. Mandron / R. Henri Expert,M,"44,8580020"," -0,5877930",33,2019,50.0,1.0,1.0,4.0,2260870,2.0,2,4,2,5.0,,0.0, -1,1993.0,A01,138Â 207Â 271,2.0,0.0,-1.0,1725760,1.0,7,,0.0,2.0,3.0,B01,138Â 207Â 272,1.0
1011004,201900052535,7,11,22:15,5,2,2,1.0,3.0,33063,R. Mandron / R. Henri Expert,M,"44,8580020"," -0,5877930",33,2019,50.0,1.0,1.0,4.0,2260871,1.0,1,4,1,5.0,,0.0, -1,1981.0,A01,138Â 207Â 271,2.0,0.0,-1.0,1725759,1.0,34,,0.0,2.0,1.0,A01,138Â 207Â 271,3.0
1011004,201900052535,7,11,22:15,5,2,2,1.0,3.0,33063,R. Mandron / R. Henri Expert,M,"44,8580020"," -0,5877930",33,2019,50.0,1.0,1.0,4.0,2260871,1.0,1,4,1,5.0,,0.0, -1,1981.0,A01,138Â 207Â 271,2.0,0.0,-1.0,1725760,1.0,7,,0.0,2.0,3.0,B01,138Â 207Â 272,1.0
1011004,201900052535,7,11,22:15,5,2,2,1.0,3.0,33063,R. Mandron / R. Henri Expert,M,"44,8580020"," -0,5877930",33,2019,50.0,1.0,1.0,4.0,2260872,1.0,1,1,1,5.0,,0.0, -1,1953.0,B01,138Â 207Â 272,1.0,0.0,-1.0,1725759,1.0,34,,0.0,2.0,1.0,A01,138Â 207Â 271,3.0
1011004,201900052535,7,11,22:15,5,2,2,1.0,3.0,33063,R. Mandron / R. Henri Expert,M,"44,8580020"," -0,5877930",33,2019,50.0,1.0,1.0,4.0,2260872,1.0,1,1,1,5.0,,0.0, -1,1953.0,B01,138Â 207Â 272,1.0,0.0,-1.0,1725760,1.0,7,,0.0,2.0,3.0,B01,138Â 207Â 272,1.0
1011005,201900052536,6,21,20:15,1,2,1,1.0,6.0,33192,RUE SAINT-FRANCOIS XAVIER,M,"44,7755700"," -0,5906000",33,2019,50.0,1.0,1.0,4.0,2260873,2.0,2,1,1,0.0,,-1.0, -1,1939.0,A01,138Â 207Â 270,1.0,8.0,-1.0,1725761,1.0,7,,6.0,0.0,1.0,A01,138Â 207Â 270,1.0
1011005,201900052536,6,21,20:15,1,2,1,1.0,6.0,33192,RUE SAINT-FRANCOIS XAVIER,M,"44,7755700"," -0,5906000",33,2019,50.0,1.0,1.0,4.0,2260874,1.0,1,4,1,0.0,,0.0, -1,1989.0,A01,138Â 207Â 270,1.0,8.0,-1.0,1725761,1.0,7,,6.0,0.0,1.0,A01,138Â 207Â 270,1.0
1011006,201900052537,7,1,09:20,1,2,2,1.0,3.0,33063,RUE DES FRANCAIS LIBRES,M,"44,8754100"," -0,5688500",33,2019,50.0,1.0,1.0,4.0,2260875,1.0,1,1,1,4.0,,-1.0, -1,1992.0,B01,138Â 207Â 268,1.0,0.0,-1.0,1725762,2.0,7,,0.0,2.0,1.0,B01,138Â 207Â 268,1.0
1011006,201900052537,7,1,09:20,1,2,2,1.0,3.0,33063,RUE DES FRANCAIS LIBRES,M,"44,8754100"," -0,5688500",33,2019,50.0,1.0,1.0,4.0,2260875,1.0,1,1,1,4.0,,-1.0, -1,1992.0,B01,138Â 207Â 268,1.0,0.0,-1.0,1725763,2.0,7,,0.0,2.0,7.0,A01,138Â 207Â 269,1.0
1011006,201900052537,7,1,09:20,1,2,2,1.0,3.0,33063,RUE DES FRANCAIS LIBRES,M,"44,8754100"," -0,5688500",33,2019,50.0,1.0,1.0,4.0,2260876,1.0,1,4,2,9.0,,-1.0, -1,1989.0,A01,138Â 207Â 269,1.0,0.0,-1.0,1725762,2.0,7,,0.0,2.0,1.0,B01,138Â 207Â 268,1.0
1011006,201900052537,7,1,09:20,1,2,2,1.0,3.0,33063,RUE DES FRANCAIS LIBRES,M,"44,8754100"," -0,5688500",33,2019,50.0,1.0,1.0,4.0,2260876,1.0,1,4,2,9.0,,-1.0, -1,1989.0,A01,138Â 207Â 269,1.0,0.0,-1.0,1725763,2.0,7,,0.0,2.0,7.0,A01,138Â 207Â 269,1.0
1011007,201900052538,7,7,15:20,1,2,1,1.0,2.0,33063,CRS DU MEDOC,M,"44,8571100"," -0,5653900",33,2019,50.0,1.0,1.0,4.0,2260877,1.0,1,1,1,5.0,,-1.0, -1,1998.0,B01,138Â 207Â 266,1.0,0.0,-1.0,1725764,0.0,7,,0.0,2.0,4.0,B01,138Â 207Â 266,1.0
1011007,201900052538,7,7,15:20,1,2,1,1.0,2.0,33063,CRS DU MEDOC,M,"44,8571100"," -0,5653900",33,2019,50.0,1.0,1.0,4.0,2260877,1.0,1,1,1,5.0,,-1.0, -1,1998.0,B01,138Â 207Â 266,1.0,0.0,-1.0,1725765,0.0,1,,0.0,2.0,1.0,A01,138Â 207Â 267,5.0
1011007,201900052538,7,7,15:20,1,2,1,1.0,2.0,33063,CRS DU MEDOC,M,"44,8571100"," -0,5653900",33,2019,50.0,1.0,1.0,4.0,2260878,1.0,1,4,1,5.0,,-1.0, -1,1998.0,A01,138Â 207Â 267,8.0,0.0,-1.0,1725764,0.0,7,,0.0,2.0,4.0,B01,138Â 207Â 266,1.0
1011007,201900052538,7,7,15:20,1,2,1,1.0,2.0,33063,CRS DU MEDOC,M,"44,8571100"," -0,5653900",33,2019,50.0,1.0,1.0,4.0,2260878,1.0,1,4,1,5.0,,-1.0, -1,1998.0,A01,138Â 207Â 267,8.0,0.0,-1.0,1725765,0.0,1,,0.0,2.0,1.0,A01,138Â 207Â 267,5.0
1011008,201900052539,7,8,16:45,1,2,3,1.0,3.0,33063,R. Tastet / Crs d'Albret,M,"44,8356580"," -0,5807300",33,2019,50.0,1.0,1.0,4.0,2260879,1.0,1,4,1,5.0,,0.0,0,1992.0,B01,138Â 207Â 264,2.0,0.0,-1.0,1725766,1.0,32,,0.0,2.0,1.0,B01,138Â 207Â 264,0.0
1011008,201900052539,7,8,16:45,1,2,3,1.0,3.0,33063,R. Tastet / Crs d'Albret,M,"44,8356580"," -0,5807300",33,2019,50.0,1.0,1.0,4.0,2260879,1.0,1,4,1,5.0,,0.0,0,1992.0,B01,138Â 207Â 264,2.0,0.0,-1.0,1725767,1.0,7,,0.0,0.0,6.0,A01,138Â 207Â 265,1.0
1011008,201900052539,7,8,16:45,1,2,3,1.0,3.0,33063,R. Tastet / Crs d'Albret,M,"44,8356580"," -0,5807300",33,2019,50.0,1.0,1.0,4.0,2260880,1.0,1,1,1,1.0,,0.0,0,1989.0,A01,138Â 207Â 265,8.0,0.0,-1.0,1725766,1.0,32,,0.0,2.0,1.0,B01,138Â 207Â 264,0.0
1011008,201900052539,7,8,16:45,1,2,3,1.0,3.0,33063,R. Tastet / Crs d'Albret,M,"44,8356580"," -0,5807300",33,2019,50.0,1.0,1.0,4.0,2260880,1.0,1,1,1,1.0,,0.0,0,1989.0,A01,138Â 207Â 265,8.0,0.0,-1.0,1725767,1.0,7,,0.0,0.0,6.0,A01,138Â 207Â 265,1.0
1011009,201900052540,7,7,17:00,1,2,1,7.0,6.0,33039,R.GASTON MONMOUSSEAU / Cycliste traverse entre 2 buissons sans regarder,M,"44,8013500"," -0,5400300",33,2019,30.0,1.0,1.0,4.0,2260881,1.0,1,1,1,5.0,,0.0,0,2000.0,A01,138Â 207Â 262,1.0,0.0,-1.0,1725768,2.0,7,,0.0,2.0,2.0,A01,138Â 207Â 262,1.0
1011009,201900052540,7,7,17:00,1,2,1,7.0,6.0,33039,R.GASTON MONMOUSSEAU / Cycliste traverse entre 2 buissons sans regarder,M,"44,8013500"," -0,5400300",33,2019,30.0,1.0,1.0,4.0,2260881,1.0,1,1,1,5.0,,0.0,0,2000.0,A01,138Â 207Â 262,1.0,0.0,-1.0,1725769,0.0,1,,0.0,2.0,1.0,B01,138Â 207Â 263,5.0
1011009,201900052540,7,7,17:00,1,2,1,7.0,6.0,33039,R.GASTON MONMOUSSEAU / Cycliste traverse entre 2 buissons sans regarder,M,"44,8013500"," -0,5400300",33,2019,30.0,1.0,1.0,4.0,2260882,2.0,2,1,1,0.0,,0.0,0,2000.0,A01,138Â 207Â 262,1.0,0.0,-1.0,1725768,2.0,7,,0.0,2.0,2.0,A01,138Â 207Â 262,1.0
1011009,201900052540,7,7,17:00,1,2,1,7.0,6.0,33039,R.GASTON MONMOUSSEAU / Cycliste traverse entre 2 buissons sans regarder,M,"44,8013500"," -0,5400300",33,2019,30.0,1.0,1.0,4.0,2260882,2.0,2,1,1,0.0,,0.0,0,2000.0,A01,138Â 207Â 262,1.0,0.0,-1.0,1725769,0.0,1,,0.0,2.0,1.0,B01,138Â 207Â 263,5.0
1011009,201900052540,7,7,17:00,1,2,1,7.0,6.0,33039,R.GASTON MONMOUSSEAU / Cycliste traverse entre 2 buissons sans regarder,M,"44,8013500"," -0,5400300",33,2019,30.0,1.0,1.0,4.0,2260883,1.0,1,4,1,5.0,,0.0,0,2003.0,B01,138Â 207Â 263,8.0,0.0,-1.0,1725768,2.0,7,,0.0,2.0,2.0,A01,138Â 207Â 262,1.0
1011009,201900052540,7,7,17:00,1,2,1,7.0,6.0,33039,R.GASTON MONMOUSSEAU / Cycliste traverse entre 2 buissons sans regarder,M,"44,8013500"," -0,5400300",33,2019,30.0,1.0,1.0,4.0,2260883,1.0,1,4,1,5.0,,0.0,0,2003.0,B01,138Â 207Â 263,8.0,0.0,-1.0,1725769,0.0,1,,0.0,2.0,1.0,B01,138Â 207Â 263,5.0
1011010,201900052541,7,1,09:20,1,2,3,1.0,3.0,33063,RUE EDMOND BESSE,M,"44,8871900"," -0,5469700",33,2019,50.0,1.0,1.0,4.0,2260884,1.0,1,4,2,1.0,,0.0, -1,1975.0,B01,138Â 207Â 260,1.0,0.0,-1.0,1725770,0.0,7,,0.0,2.0,6.0,B01,138Â 207Â 260,1.0
1011010,201900052541,7,1,09:20,1,2,3,1.0,3.0,33063,RUE EDMOND BESSE,M,"44,8871900"," -0,5469700",33,2019,50.0,1.0,1.0,4.0,2260884,1.0,1,4,2,1.0,,0.0, -1,1975.0,B01,138Â 207Â 260,1.0,0.0,-1.0,1725771,0.0,7,,0.0,2.0,1.0,A01,138Â 207Â 261,1.0