Unnamed: 0_x,num_acc,mois,jour,hrmn,lum,agg,int,atm,col,com,adr,gps,lat,long,dep,annee,vma,situ,surf,catr,Unnamed: 0_y,place,catu,grav,sexe,trajet,secu,locp,actp,an_nais,num_veh_x,id_vehicule_x,secu1,secu2,secu3,Unnamed: 0,senc,catv,occutc,obs,obsm,choc,num_veh_y,id_vehicule_y,motor
1011010,201900052541,7,1,09:20,1,2,3,1.0,3.0,33063,RUE EDMOND BESSE,M,"44,8871900"," -0,5469700",33,2019,50.0,1.0,1.0,4.0,2260885,1.0,1,1,1,0.0,,0.0, -1,1986.0,A01,138Â 207Â 261,1.0,0.0,-1.0,1725770,0.0,7,,0.0,2.0,6.0,B01,138Â 207Â 260,1.0
1011010,201900052541,7,1,09:20,1,2,3,1.0,3.0,33063,RUE EDMOND BESSE,M,"44,8871900"," -0,5469700",33,2019,50.0,1.0,1.0,4.0,2260885,1.0,1,1,1,0.0,,0.0, -1,1986.0,A01,138Â 207Â 261,1.0,0.0,-1.0,1725771,0.0,7,,0.0,2.0,1.0,A01,138Â 207Â 261,1.0
1011011,201900052542,6,28,20:20,2,2,3,1.0,2.0,33063,BD DU PRESIDENT WILSON,M,"44,8498650"," -0,5963410",33,2019,50.0,1.0,1.0,4.0,2260886,1.0,1,1,2,0.0,,-1.0, -1,1967.0,A01,138Â 207Â 256,1.0,8.0,-1.0,1725772,1.0,7,,14.0,0.0,1.0,A01,138Â 207Â 256,1.0
1011011,201900052542,6,28,20:20,2,2,3,1.0,2.0,33063,BD DU PRESIDENT WILSON,M,"44,8498650"," -0,5963410",33,2019,50.0,1.0,1.0,4.0,2260886,1.0,1,1,2,0.0,,-1.0, -1,1967.0,A01,138Â 207Â 256,1.0,8.0,-1.0,1725773,1.0,7,,0.0,2.0,4.0,B01,138Â 207Â 257,1.0
1011011,201900052542,6,28,20:20,2,2,3,1.0,2.0,33063,BD DU PRESIDENT WILSON,M,"44,8498650"," -0,5963410",33,2019,50.0,1.0,1.0,4.0,2260887,1.0,1,4,2,0.0,,-1.0, -1,1979.0,B01,138Â 207Â 257,1.0,8.0,-1.0,1725772,1.0,7,,14.0,0.0,1.0,A01,138Â 207Â 256,1.0
1011011,201900052542,6,28,20:20,2,2,3,1.0,2.0,33063,BD DU PRESIDENT WILSON,M,"44,8498650"," -0,5963410",33,2019,50.0,1.0,1.0,4.0,2260887,1.0,1,4,2,0.0,,-1.0, -1,1979.0,B01,138Â 207Â 257,1.0,8.0,-1.0,1725773,1.0,7,,0.0,2.0,4.0,B01,138Â 207Â 257,1.0
1011012,201900052543,7,13,18:50,1,2,1,1.0,3.0,33529,SEMAPHORE (AVE DU),M,"44,6310600"," -1,2020500",33,2019,50.0,1.0,1.0,4.0,2260888,1.0,1,3,1,5.0,,-1.0, -1,1947.0,A01,138Â 207Â 254,2.0,0.0,-1.0,1725774,2.0,30,,0.0,2.0,2.0,A01,138Â 207Â 254,1.0
1011012,201900052543,7,13,18:50,1,2,1,1.0,3.0,33529,SEMAPHORE (AVE DU),M,"44,6310600"," -1,2020500",33,2019,50.0,1.0,1.0,4.0,2260888,1.0,1,3,1,5.0,,-1.0, -1,1947.0,A01,138Â 207Â 254,2.0,0.0,-1.0,1725775,2.0,7,,0.0,2.0,3.0,B01,138Â 207Â 255,1.0
1011012,201900052543,7,13,18:50,1,2,1,1.0,3.0,33529,SEMAPHORE (AVE DU),M,"44,6310600"," -1,2020500",33,2019,50.0,1.0,1.0,4.0,2260889,1.0,1,1,1,5.0,,-1.0, -1,1966.0,B01,138Â 207Â 255,1.0,0.0,-1.0,1725774,2.0,30,,0.0,2.0,2.0,A01,138Â 207Â 254,1.0
1011012,201900052543,7,13,18:50,1,2,1,1.0,3.0,33529,SEMAPHORE (AVE DU),M,"44,6310600"," -1,2020500",33,2019,50.0,1.0,1.0,4.0,2260889,1.0,1,1,1,5.0,,-1.0, -1,1966.0,B01,138Â 207Â 255,1.0,0.0,-1.0,1725775,2.0,7,,0.0,2.0,3.0,B01,138Â 207Â 255,1.0
1011013,201900052544,7,11,17:00,1,1,1,1.0,2.0,31555,VA007331 A620,M,"43,5743800","1,4396900",31,2019,90.0,1.0,1.0,1.0,2260890,1.0,1,1,1,9.0,,-1.0,0,1966.0,B01,138Â 207Â 252,1.0,8.0,-1.0,1725776,1.0,7,,0.0,2.0,4.0,B01,138Â 207Â 252,1.0
1011013,201900052544,7,11,17:00,1,1,1,1.0,2.0,31555,VA007331 A620,M,"43,5743800","1,4396900",31,2019,90.0,1.0,1.0,1.0,2260890,1.0,1,1,1,9.0,,-1.0,0,1966.0,B01,138Â 207Â 252,1.0,8.0,-1.0,1725777,1.0,33,,0.0,2.0,1.0,A01,138Â 207Â 253,1.0
1011013,201900052544,7,11,17:00,1,1,1,1.0,2.0,31555,VA007331 A620,M,"43,5743800","1,4396900",31,2019,90.0,1.0,1.0,1.0,2260891,1.0,1,4,1,9.0,,-1.0,0,1967.0,A01,138Â 207Â 253,2.0,8.0,-1.0,1725776,1.0,7,,0.0,2.0,4.0,B01,138Â 207Â 252,1.0
1011013,201900052544,7,11,17:00,1,1,1,1.0,2.0,31555,VA007331 A620,M,"43,5743800","1,4396900",31,2019,90.0,1.0,1.0,1.0,2260891,1.0,1,4,1,9.0,,-1.0,0,1967.0,A01,138Â 207Â 253,2.0,8.0,-1.0,1725777,1.0,33,,0.0,2.0,1.0,A01,138Â 207Â 253,1.0
1011014,201900052545,7,12,08:26,1,2,6,1.0,3.0,31149,PIBRAC (BOULEVARD DE),M,"43,6162300","1,3318100",31,2019,50.0,1.0,1.0,3.0,2260892,1.0,1,4,2,5.0,,-1.0,0,1989.0,B01,138Â 207Â 250,2.0,7.0,-1.0,1725778,3.0,1,,0.0,2.0,7.0,B01,138Â 207Â 250,5.0
1011014,201900052545,7,12,08:26,1,2,6,1.0,3.0,31149,PIBRAC (BOULEVARD DE),M,"43,6162300","1,3318100",31,2019,50.0,1.0,1.0,3.0,2260892,1.0,1,4,2,5.0,,-1.0,0,1989.0,B01,138Â 207Â 250,2.0,7.0,-1.0,1725779,1.0,7,,0.0,2.0,0.0,A01,138Â 207Â 251,1.0
1011014,201900052545,7,12,08:26,1,2,6,1.0,3.0,31149,PIBRAC (BOULEVARD DE),M,"43,6162300","1,3318100",31,2019,50.0,1.0,1.0,3.0,2260893,1.0,1,1,1,4.0,,-1.0,0,1965.0,A01,138Â 207Â 251,1.0,8.0,-1.0,1725778,3.0,1,,0.0,2.0,7.0,B01,138Â 207Â 250,5.0
1011014,201900052545,7,12,08:26,1,2,6,1.0,3.0,31149,PIBRAC (BOULEVARD DE),M,"43,6162300","1,3318100",31,2019,50.0,1.0,1.0,3.0,2260893,1.0,1,1,1,4.0,,-1.0,0,1965.0,A01,138Â 207Â 251,1.0,8.0,-1.0,1725779,1.0,7,,0.0,2.0,0.0,A01,138Â 207Â 251,1.0
1011015,201900052546,7,11,22:50,5,2,3,1.0,3.0,31149,AUCH (RUE D'),M,"43,6082900","1,3392200",31,2019,50.0,1.0,1.0,4.0,2260894,1.0,1,4,1,5.0,,-1.0,0,2002.0,A01,138Â 207Â 248,2.0,8.0,-1.0,1725780,1.0,2,,0.0,2.0,1.0,A01,138Â 207Â 248,1.0
1011015,201900052546,7,11,22:50,5,2,3,1.0,3.0,31149,AUCH (RUE D'),M,"43,6082900","1,3392200",31,2019,50.0,1.0,1.0,4.0,2260894,1.0,1,4,1,5.0,,-1.0,0,2002.0,A01,138Â 207Â 248,2.0,8.0,-1.0,1725781,2.0,7,,0.0,2.0,3.0,B01,138Â 207Â 249,1.0
1011015,201900052546,7,11,22:50,5,2,3,1.0,3.0,31149,AUCH (RUE D'),M,"43,6082900","1,3392200",31,2019,50.0,1.0,1.0,4.0,2260895,1.0,1,1,1,4.0,,-1.0,0,1992.0,B01,138Â 207Â 249,1.0,8.0,-1.0,1725780,1.0,2,,0.0,2.0,1.0,A01,138Â 207Â 248,1.0
1011015,201900052546,7,11,22:50,5,2,3,1.0,3.0,31149,AUCH (RUE D'),M,"43,6082900","1,3392200",31,2019,50.0,1.0,1.0,4.0,2260895,1.0,1,1,1,4.0,,-1.0,0,1992.0,B01,138Â 207Â 249,1.0,8.0,-1.0,1725781,2.0,7,,0.0,2.0,3.0,B01,138Â 207Â 249,1.0
1011016,201900052547,7,11,16:20,1,2,1,1.0,5.0,31555,RTE D AGDE,M,"43,6203600","1,4688900",31,2019,50.0,1.0,1.0,3.0,2260896,1.0,1,1,1,4.0,,-1.0,0,1993.0,A01,138Â 207Â 245,1.0,8.0,-1.0,1725782,2.0,7,,0.0,2.0,3.0,A01,138Â 207Â 245,1.0
1011016,201900052547,7,11,16:20,1,2,1,1.0,5.0,31555,RTE D AGDE,M,"43,6203600","1,4688900",31,2019,50.0,1.0,1.0,3.0,2260896,1.0,1,1,1,4.0,,-1.0,0,1993.0,A01,138Â 207Â 245,1.0,8.0,-1.0,1725783,2.0,7,,0.0,2.0,7.0,B01,138Â 207Â 246,1.0
1011016,201900052547,7,11,16:20,1,2,1,1.0,5.0,31555,RTE D AGDE,M,"43,6203600","1,4688900",31,2019,50.0,1.0,1.0,3.0,2260896,1.0,1,1,1,4.0,,-1.0,0,1993.0,A01,138Â 207Â 245,1.0,8.0,-1.0,1725784,1.0,7,,0.0,2.0,3.0,C01,138Â 207Â 247,1.0
1011016,201900052547,7,11,16:20,1,2,1,1.0,5.0,31555,RTE D AGDE,M,"43,6203600","1,4688900",31,2019,50.0,1.0,1.0,3.0,2260897,2.0,2,1,1,4.0,,-1.0,0,1977.0,B01,138Â 207Â 246,1.0,8.0,-1.0,1725782,2.0,7,,0.0,2.0,3.0,A01,138Â 207Â 245,1.0
1011016,201900052547,7,11,16:20,1,2,1,1.0,5.0,31555,RTE D AGDE,M,"43,6203600","1,4688900",31,2019,50.0,1.0,1.0,3.0,2260897,2.0,2,1,1,4.0,,-1.0,0,1977.0,B01,138Â 207Â 246,1.0,8.0,-1.0,1725783,2.0,7,,0.0,2.0,7.0,B01,138Â 207Â 246,1.0
1011016,201900052547,7,11,16:20,1,2,1,1.0,5.0,31555,RTE D AGDE,M,"43,6203600","1,4688900",31,2019,50.0,1.0,1.0,3.0,2260897,2.0,2,1,1,4.0,,-1.0,0,1977.0,B01,138Â 207Â 246,1.0,8.0,-1.0,1725784,1.0,7,,0.0,2.0,3.0,C01,138Â 207Â 247,1.0
1011016,201900052547,7,11,16:20,1,2,1,1.0,5.0,31555,RTE D AGDE,M,"43,6203600","1,4688900",31,2019,50.0,1.0,1.0,3.0,2260898,1.0,1,4,1,4.0,,-1.0,0,1978.0,B01,138Â 207Â 246,1.0,8.0,-1.0,1725782,2.0,7,,0.0,2.0,3.0,A01,138Â 207Â 245,1.0
1011016,201900052547,7,11,16:20,1,2,1,1.0,5.0,31555,RTE D AGDE,M,"43,6203600","1,4688900",31,2019,50.0,1.0,1.0,3.0,2260898,1.0,1,4,1,4.0,,-1.0,0,1978.0,B01,138Â 207Â 246,1.0,8.0,-1.0,1725783,2.0,7,,0.0,2.0,7.0,B01,138Â 207Â 246,1.0
1011016,201900052547,7,11,16:20,1,2,1,1.0,5.0,31555,RTE D AGDE,M,"43,6203600","1,4688900",31,2019,50.0,1.0,1.0,3.0,2260898,1.0,1,4,1,4.0,,-1.0,0,1978.0,B01,138Â 207Â 246,1.0,8.0,-1.0,1725784,1.0,7,,0.0,2.0,3.0,C01,138Â 207Â 247,1.0
1011016,201900052547,7,11,16:20,1,2,1,1.0,5.0,31555,RTE D AGDE,M,"43,6203600","1,4688900",31,2019,50.0,1.0,1.0,3.0,2260899,2.0,2,1,1,4.0,,-1.0,0,1990.0,B01,138Â 207Â 246,1.0,8.0,-1.0,1725782,2.0,7,,0.0,2.0,3.0,A01,138Â 207Â 245,1.0
1011016,201900052547,7,11,16:20,1,2,1,1.0,5.0,31555,RTE D AGDE,M,"43,6203600","1,4688900",31,2019,50.0,1.0,1.0,3.0,2260899,2.0,2,1,1,4.0,,-1.0,0,1990.0,B01,138Â 207Â 246,1.0,8.0,-1.0,1725783,2.0,7,,0.0,2.0,7.0,B01,138Â 207Â 246,1.0
1011016,201900052547,7,11,16:20,1,2,1,1.0,5.0,31555,RTE D AGDE,M,"43,6203600","1,4688900",31,2019,50.0,1.0,1.0,3.0,2260899,2.0,2,1,1,4.0,,-1.0,0,1990.0,B01,138Â 207Â 246,1.0,8.0,-1.0,1725784,1.0,7,,0.0,2.0,3.0,C01,138Â 207Â 247,1.0
1011016,201900052547,7,11,16:20,1,2,1,1.0,5.0,31555,RTE D AGDE,M,"43,6203600","1,4688900",31,2019,50.0,1.0,1.0,3.0,2260900,2.0,2,4,2,4.0,,-1.0,0,1983.0,C01,138Â 207Â 247,1.0,8.0,-1.0,1725782,2.0,7,,0.0,2.0,3.0,A01,138Â 207Â 245,1.0
1011016,201900052547,7,11,16:20,1,2,1,1.0,5.0,31555,RTE D AGDE,M,"43,6203600","1,4688900",31,2019,50.0,1.0,1.0,3.0,2260900,2.0,2,4,2,4.0,,-1.0,0,1983.0,C01,138Â 207Â 247,1.0,8.0,-1.0,1725783,2.0,7,,0.0,2.0,7.0,B01,138Â 207Â 246,1.0
1011016,201900052547,7,11,16:20,1,2,1,1.0,5.0,31555,RTE D AGDE,M,"43,6203600","1,4688900",31,2019,50.0,1.0,1.0,3.0,2260900,2.0,2,4,2,4.0,,-1.0,0,1983.0,C01,138Â 207Â 247,1.0,8.0,-1.0,1725784,1.0,7,,0.0,2.0,3.0,C01,138Â 207Â 247,1.0
1011016,201900052547,7,11,16:20,1,2,1,1.0,5.0,31555,RTE D AGDE,M,"43,6203600","1,4688900",31,2019,50.0,1.0,1.0,3.0,2260901,1.0,1,4,2,9.0,,-1.0,0,1971.0,C01,138Â 207Â 247,1.0,8.0,-1.0,1725782,2.0,7,,0.0,2.0,3.0,A01,138Â 207Â 245,1.0
1011016,201900052547,7,11,16:20,1,2,1,1.0,5.0,31555,RTE D AGDE,M,"43,6203600","1,4688900",31,2019,50.0,1.0,1.0,3.0,2260901,1.0,1,4,2,9.0,,-1.0,0,1971.0,C01,138Â 207Â 247,1.0,8.0,-1.0,1725783,2.0,7,,0.0,2.0,7.0,B01,138Â 207Â 246,1.0
1011016,201900052547,7,11,16:20,1,2,1,1.0,5.0,31555,RTE D AGDE,M,"43,6203600","1,4688900",31,2019,50.0,1.0,1.0,3.0,2260901,1.0,1,4,2,9.0,,-1.0,0,1971.0,C01,138Â 207Â 247,1.0,8.0,-1.0,1725784,1.0,7,,0.0,2.0,3.0,C01,138Â 207Â 247,1.0
1011017,201900052548,7,11,15:30,1,2,1,1.0,6.0,31555,RUE DU PETIT CASTELET,M,"43,6332400","1,4578100",31,2019,50.0,1.0,1.0,4.0,2260902,1.0,1,1,1,4.0,,-1.0,0,2000.0,A01,138Â 207Â 244,1.0,8.0,-1.0,1725785,1.0,10,,0.0,1.0,2.0,A01,138Â 207Â 244,1.0
1011017,201900052548,7,11,15:30,1,2,1,1.0,6.0,31555,RUE DU PETIT CASTELET,M,"43,6332400","1,4578100",31,2019,50.0,1.0,1.0,4.0,2260903,10.0,3,4,1,5.0,,3.0,5,2014.0,A01,138Â 207Â 244,8.0,0.0,-1.0,1725785,1.0,10,,0.0,1.0,2.0,A01,138Â 207Â 244,1.0
1011018,201900052549,7,10,16:50,1,2,1,1.0,2.0,31555,RUE DES FRERES LION,M,"43,6003000","1,4523300",31,2019,50.0,1.0,1.0,4.0,2260904,1.0,1,3,1,5.0,,-1.0,0,1943.0,A01,138Â 207Â 242,2.0,8.0,-1.0,1725786,1.0,2,,0.0,2.0,4.0,A01,138Â 207Â 242,1.0
1011018,201900052549,7,10,16:50,1,2,1,1.0,2.0,31555,RUE DES FRERES LION,M,"43,6003000","1,4523300",31,2019,50.0,1.0,1.0,4.0,2260904,1.0,1,3,1,5.0,,-1.0,0,1943.0,A01,138Â 207Â 242,2.0,8.0,-1.0,1725787,1.0,7,,0.0,2.0,1.0,Z01,138Â 207Â 243,1.0
1011018,201900052549,7,10,16:50,1,2,1,1.0,2.0,31555,RUE DES FRERES LION,M,"43,6003000","1,4523300",31,2019,50.0,1.0,1.0,4.0,2260905,1.0,1,1,1,9.0,,-1.0,0,1992.0,Z01,138Â 207Â 243,1.0,8.0,-1.0,1725786,1.0,2,,0.0,2.0,4.0,A01,138Â 207Â 242,1.0
1011018,201900052549,7,10,16:50,1,2,1,1.0,2.0,31555,RUE DES FRERES LION,M,"43,6003000","1,4523300",31,2019,50.0,1.0,1.0,4.0,2260905,1.0,1,1,1,9.0,,-1.0,0,1992.0,Z01,138Â 207Â 243,1.0,8.0,-1.0,1725787,1.0,7,,0.0,2.0,1.0,Z01,138Â 207Â 243,1.0
1011019,201900052550,7,11,10:25,1,2,6,1.0,7.0,29232,PRESIDENT ALLENDE BOULEVARD,M,"47,9915300"," -4,0734600",29,2019,50.0,1.0,1.0,3.0,2260906,1.0,1,4,1,3.0,,0.0,0,1971.0,A01,138Â 207Â 238,2.0,0.0,-1.0,1725788,1.0,32,,8.0,0.0,8.0,A01,138Â 207Â 238,1.0
1011020,201900052551,7,9,12:14,1,2,3,1.0,3.0,29019,GUILERS (DE 39 A 137 ET 32 A 134),M,"48,3886500"," -4,5169600",29,2019,50.0,3.0,1.0,4.0,2260907,1.0,1,3,1,9.0,,-1.0,0,1972.0,B01,138Â 207Â 236,2.0,6.0,-1.0,1725789,2.0,33,,0.0,2.0,7.0,B01,138Â 207Â 236,1.0
1011020,201900052551,7,9,12:14,1,2,3,1.0,3.0,29019,GUILERS (DE 39 A 137 ET 32 A 134),M,"48,3886500"," -4,5169600",29,2019,50.0,3.0,1.0,4.0,2260907,1.0,1,3,1,9.0,,-1.0,0,1972.0,B01,138Â 207Â 236,2.0,6.0,-1.0,1725790,2.0,3,,0.0,2.0,8.0,A01,138Â 207Â 237,1.0
1011020,201900052551,7,9,12:14,1,2,3,1.0,3.0,29019,GUILERS (DE 39 A 137 ET 32 A 134),M,"48,3886500"," -4,5169600",29,2019,50.0,3.0,1.0,4.0,2260908,1.0,1,1,1,0.0,,-1.0,0,1957.0,A01,138Â 207Â 237,1.0,0.0,-1.0,1725789,2.0,33,,0.0,2.0,7.0,B01,138Â 207Â 236,1.0
1011020,201900052551,7,9,12:14,1,2,3,1.0,3.0,29019,GUILERS (DE 39 A 137 ET 32 A 134),M,"48,3886500"," -4,5169600",29,2019,50.0,3.0,1.0,4.0,2260908,1.0,1,1,1,0.0,,-1.0,0,1957.0,A01,138Â 207Â 237,1.0,0.0,-1.0,1725790,2.0,3,,0.0,2.0,8.0,A01,138Â 207Â 237,1.0
1011021,201900052552,7,6,04:10,5,2,1,1.0,6.0,29019,SAINT POL ROUX,M,"48,4007724"," -4,4832356",29,2019,50.0,1.0,1.0,4.0,2260909,10.0,3,3,1,4.0,,2.0,3,1951.0,Z01,138Â 207Â 235,8.0,0.0,-1.0,1725791,2.0,7,,0.0,1.0,2.0,Z01,138Â 207Â 235,0.0
1011022,201900052553,7,11,11:50,1,2,1,1.0,2.0,28404,SAINT THIBAULT (RUE),M,"48,7335353","1,3517071",28,2019,50.0,1.0,1.0,3.0,2260910,2.0,2,4,1,9.0,,-1.0,0,1996.0,A01,138Â 207Â 233,1.0,0.0,-1.0,1725792,1.0,7,,0.0,2.0,1.0,A01,138Â 207Â 233,1.0
1011022,201900052553,7,11,11:50,1,2,1,1.0,2.0,28404,SAINT THIBAULT (RUE),M,"48,7335353","1,3517071",28,2019,50.0,1.0,1.0,3.0,2260910,2.0,2,4,1,9.0,,-1.0,0,1996.0,A01,138Â 207Â 233,1.0,0.0,-1.0,1725793,1.0,7,,0.0,0.0,4.0,B01,138Â 207Â 234,1.0
1011022,201900052553,7,11,11:50,1,2,1,1.0,2.0,28404,SAINT THIBAULT (RUE),M,"48,7335353","1,3517071",28,2019,50.0,1.0,1.0,3.0,2260911,1.0,1,4,2,0.0,,-1.0, -1,1998.0,A01,138Â 207Â 233,1.0,0.0,-1.0,1725792,1.0,7,,0.0,2.0,1.0,A01,138Â 207Â 233,1.0
1011022,201900052553,7,11,11:50,1,2,1,1.0,2.0,28404,SAINT THIBAULT (RUE),M,"48,7335353","1,3517071",28,2019,50.0,1.0,1.0,3.0,2260911,1.0,1,4,2,0.0,,-1.0, -1,1998.0,A01,138Â 207Â 233,1.0,0.0,-1.0,1725793,1.0,7,,0.0,0.0,4.0,B01,138Â 207Â 234,1.0
1011022,201900052553,7,11,11:50,1,2,1,1.0,2.0,28404,SAINT THIBAULT (RUE),M,"48,7335353","1,3517071",28,2019,50.0,1.0,1.0,3.0,2260912,1.0,1,4,1,9.0,,-1.0, -1,1997.0,B01,138Â 207Â 234,1.0,0.0,-1.0,1725792,1.0,7,,0.0,2.0,1.0,A01,138Â 207Â 233,1.0
1011022,201900052553,7,11,11:50,1,2,1,1.0,2.0,28404,SAINT THIBAULT (RUE),M,"48,7335353","1,3517071",28,2019,50.0,1.0,1.0,3.0,2260912,1.0,1,4,1,9.0,,-1.0, -1,1997.0,B01,138Â 207Â 234,1.0,0.0,-1.0,1725793,1.0,7,,0.0,0.0,4.0,B01,138Â 207Â 234,1.0
1011023,201900052554,7,11,09:00,1,2,9,1.0,6.0,28134,MELSUNGEN  (AVENUE DE),M,"48,7309000","1,3650900",28,2019,50.0,1.0,1.0,4.0,2260913,1.0,1,1,1,3.0,,0.0,0,1951.0,A01,138Â 207Â 232,1.0,0.0,0.0,1725794,0.0,7,,0.0,1.0,2.0,A01,138Â 207Â 232,1.0
1011023,201900052554,7,11,09:00,1,2,9,1.0,6.0,28134,MELSUNGEN  (AVENUE DE),M,"48,7309000","1,3650900",28,2019,50.0,1.0,1.0,4.0,2260914,10.0,3,4,2,5.0,,5.0,9,1976.0,A01,138Â 207Â 232,0.0,0.0,0.0,1725794,0.0,7,,0.0,1.0,2.0,A01,138Â 207Â 232,1.0
1011024,201900052555,7,13,09:00,1,2,2,1.0,3.0,27229,LUXEMBOURG (RUE DU),M,"49,0303700","1,1834500",27,2019,50.0,1.0,1.0,4.0,2260915,2.0,2,1,1,9.0,,-1.0, -1,1950.0,B01,138Â 207Â 230,1.0,0.0,-1.0,1725795,3.0,13,,0.0,2.0,5.0,B01,138Â 207Â 230,1.0
1011024,201900052555,7,13,09:00,1,2,2,1.0,3.0,27229,LUXEMBOURG (RUE DU),M,"49,0303700","1,1834500",27,2019,50.0,1.0,1.0,4.0,2260915,2.0,2,1,1,9.0,,-1.0, -1,1950.0,B01,138Â 207Â 230,1.0,0.0,-1.0,1725796,0.0,7,,0.0,2.0,1.0,A01,138Â 207Â 231,1.0
1011024,201900052555,7,13,09:00,1,2,2,1.0,3.0,27229,LUXEMBOURG (RUE DU),M,"49,0303700","1,1834500",27,2019,50.0,1.0,1.0,4.0,2260916,4.0,2,4,2,0.0,,-1.0, -1,1954.0,B01,138Â 207Â 230,1.0,8.0,-1.0,1725795,3.0,13,,0.0,2.0,5.0,B01,138Â 207Â 230,1.0
1011024,201900052555,7,13,09:00,1,2,2,1.0,3.0,27229,LUXEMBOURG (RUE DU),M,"49,0303700","1,1834500",27,2019,50.0,1.0,1.0,4.0,2260916,4.0,2,4,2,0.0,,-1.0, -1,1954.0,B01,138Â 207Â 230,1.0,8.0,-1.0,1725796,0.0,7,,0.0,2.0,1.0,A01,138Â 207Â 231,1.0
1011024,201900052555,7,13,09:00,1,2,2,1.0,3.0,27229,LUXEMBOURG (RUE DU),M,"49,0303700","1,1834500",27,2019,50.0,1.0,1.0,4.0,2260917,1.0,1,1,1,0.0,,-1.0, -1,1948.0,B01,138Â 207Â 230,1.0,0.0,-1.0,1725795,3.0,13,,0.0,2.0,5.0,B01,138Â 207Â 230,1.0
1011024,201900052555,7,13,09:00,1,2,2,1.0,3.0,27229,LUXEMBOURG (RUE DU),M,"49,0303700","1,1834500",27,2019,50.0,1.0,1.0,4.0,2260917,1.0,1,1,1,0.0,,-1.0, -1,1948.0,B01,138Â 207Â 230,1.0,0.0,-1.0,1725796,0.0,7,,0.0,2.0,1.0,A01,138Â 207Â 231,1.0
1011024,201900052555,7,13,09:00,1,2,2,1.0,3.0,27229,LUXEMBOURG (RUE DU),M,"49,0303700","1,1834500",27,2019,50.0,1.0,1.0,4.0,2260918,1.0,1,1,1,4.0,,-1.0, -1,1988.0,A01,138Â 207Â 231,1.0,8.0,-1.0,1725795,3.0,13,,0.0,2.0,5.0,B01,138Â 207Â 230,1.0
1011024,201900052555,7,13,09:00,1,2,2,1.0,3.0,27229,LUXEMBOURG (RUE DU),M,"49,0303700","1,1834500",27,2019,50.0,1.0,1.0,4.0,2260918,1.0,1,1,1,4.0,,-1.0, -1,1988.0,A01,138Â 207Â 231,1.0,8.0,-1.0,1725796,0.0,7,,0.0,2.0,1.0,A01,138Â 207Â 231,1.0
1011025,201900052556,7,11,12:50,1,2,1,1.0,2.0,27229,NATIONALE 13 (ROUTE),M,"49,0154100","1,1868800",27,2019,70.0,1.0,1.0,4.0,2260919,1.0,1,4,1,5.0,,-1.0, -1,1970.0,B01,138Â 207Â 228,1.0,0.0,-1.0,1725797,3.0,7,,0.0,2.0,4.0,B01,138Â 207Â 228,1.0
1011025,201900052556,7,11,12:50,1,2,1,1.0,2.0,27229,NATIONALE 13 (ROUTE),M,"49,0154100","1,1868800",27,2019,70.0,1.0,1.0,4.0,2260919,1.0,1,4,1,5.0,,-1.0, -1,1970.0,B01,138Â 207Â 228,1.0,0.0,-1.0,1725798,0.0,10,,0.0,2.0,1.0,A01,138Â 207Â 229,1.0
1011025,201900052556,7,11,12:50,1,2,1,1.0,2.0,27229,NATIONALE 13 (ROUTE),M,"49,0154100","1,1868800",27,2019,70.0,1.0,1.0,4.0,2260920,1.0,1,1,1,0.0,,-1.0, -1,2001.0,A01,138Â 207Â 229,1.0,0.0,-1.0,1725797,3.0,7,,0.0,2.0,4.0,B01,138Â 207Â 228,1.0
1011025,201900052556,7,11,12:50,1,2,1,1.0,2.0,27229,NATIONALE 13 (ROUTE),M,"49,0154100","1,1868800",27,2019,70.0,1.0,1.0,4.0,2260920,1.0,1,1,1,0.0,,-1.0, -1,2001.0,A01,138Â 207Â 229,1.0,0.0,-1.0,1725798,0.0,10,,0.0,2.0,1.0,A01,138Â 207Â 229,1.0
1011026,201900052557,7,11,10:50,1,2,1,1.0,6.0,27229,Chemin de Huest,M,"49,0332200","1,1689600",27,2019,50.0,1.0,1.0,4.0,2260921,1.0,1,1,2,0.0,,0.0,0,1932.0,A01,138Â 207Â 227,1.0,8.0,-1.0,1725799,0.0,7,,0.0,1.0,1.0,A01,138Â 207Â 227,1.0
1011026,201900052557,7,11,10:50,1,2,1,1.0,6.0,27229,Chemin de Huest,M,"49,0332200","1,1689600",27,2019,50.0,1.0,1.0,4.0,2260922,10.0,3,4,2,9.0,,3.0,3,2000.0,A01,138Â 207Â 227,8.0,0.0,-1.0,1725799,0.0,7,,0.0,1.0,1.0,A01,138Â 207Â 227,1.0
1011027,201900052558,7,10,09:50,1,2,2,1.0,3.0,26057,PATRIOTES (AVENUE DES),M,"45,0347080","5,0524500",26,2019,50.0,1.0,1.0,4.0,2260923,1.0,1,1,1,3.0,,0.0,0,1980.0,A01,138Â 207Â 224,1.0,-1.0,-1.0,1725800,3.0,7,,0.0,2.0,5.0,A01,138Â 207Â 224,1.0
1011027,201900052558,7,10,09:50,1,2,2,1.0,3.0,26057,PATRIOTES (AVENUE DES),M,"45,0347080","5,0524500",26,2019,50.0,1.0,1.0,4.0,2260923,1.0,1,1,1,3.0,,0.0,0,1980.0,A01,138Â 207Â 224,1.0,-1.0,-1.0,1725801,3.0,7,,0.0,2.0,1.0,B01,138Â 207Â 225,1.0
1011027,201900052558,7,10,09:50,1,2,2,1.0,3.0,26057,PATRIOTES (AVENUE DES),M,"45,0347080","5,0524500",26,2019,50.0,1.0,1.0,4.0,2260924,1.0,1,4,1,0.0,,-1.0, -1,1980.0,B01,138Â 207Â 225,1.0,-1.0,-1.0,1725800,3.0,7,,0.0,2.0,5.0,A01,138Â 207Â 224,1.0