Unnamed: 0_x,num_acc,mois,jour,hrmn,lum,agg,int,atm,col,com,adr,gps,lat,long,dep,annee,vma,situ,surf,catr,Unnamed: 0_y,place,catu,grav,sexe,trajet,secu,locp,actp,an_nais,num_veh_x,id_vehicule_x,secu1,secu2,secu3,Unnamed: 0,senc,catv,occutc,obs,obsm,choc,num_veh_y,id_vehicule_y,motor
1011027,201900052558,7,10,09:50,1,2,2,1.0,3.0,26057,PATRIOTES (AVENUE DES),M,"45,0347080","5,0524500",26,2019,50.0,1.0,1.0,4.0,2260924,1.0,1,4,1,0.0,,-1.0, -1,1980.0,B01,138Â 207Â 225,1.0,-1.0,-1.0,1725801,3.0,7,,0.0,2.0,1.0,B01,138Â 207Â 225,1.0
1011028,201900052559,7,13,23:30,5,2,2,1.0,6.0,18033,LATTRE DE TASSIGNY (AVENUE DU MARECHAL D,M,"47,0988000","2,4166500",18,2019,50.0,1.0,1.0,4.0,2260925,1.0,1,1,2,0.0,,0.0,0,2000.0,A01,138Â 207Â 223,1.0,0.0,-1.0,1725802,3.0,7,,0.0,1.0,2.0,A01,138Â 207Â 223,1.0
1011028,201900052559,7,13,23:30,5,2,2,1.0,6.0,18033,LATTRE DE TASSIGNY (AVENUE DU MARECHAL D,M,"47,0988000","2,4166500",18,2019,50.0,1.0,1.0,4.0,2260926,10.0,3,4,1,0.0,,4.0,5,2005.0,A01,138Â 207Â 223,8.0,0.0,-1.0,1725802,3.0,7,,0.0,1.0,2.0,A01,138Â 207Â 223,1.0
1011029,201900052560,7,11,23:50,5,2,2,1.0,1.0,18205,MALITORNE (RUE DE),M,"47,1068200","2,3884800",18,2019,50.0,1.0,1.0,3.0,2260927,1.0,1,4,2,1.0,,-1.0, -1,1975.0,B01,138Â 207Â 221,1.0,0.0,-1.0,1725803,0.0,7,,0.0,2.0,3.0,B01,138Â 207Â 221,1.0
1011029,201900052560,7,11,23:50,5,2,2,1.0,1.0,18205,MALITORNE (RUE DE),M,"47,1068200","2,3884800",18,2019,50.0,1.0,1.0,3.0,2260927,1.0,1,4,2,1.0,,-1.0, -1,1975.0,B01,138Â 207Â 221,1.0,0.0,-1.0,1725804,3.0,7,,0.0,2.0,0.0,A01,138Â 207Â 222,0.0
1011030,201900052561,7,10,09:15,1,2,3,1.0,2.0,17306,Boulevard FrÃ©dÃ©ric Garnier,M,"45,6145000"," -1,0114700",17,2019,50.0,1.0,1.0,3.0,2260928,1.0,1,4,1,1.0,,0.0,0,1980.0,B01,138Â 207Â 217,1.0,0.0,-1.0,1725805,2.0,7,,0.0,2.0,4.0,B01,138Â 207Â 217,1.0
1011030,201900052561,7,10,09:15,1,2,3,1.0,2.0,17306,Boulevard FrÃ©dÃ©ric Garnier,M,"45,6145000"," -1,0114700",17,2019,50.0,1.0,1.0,3.0,2260928,1.0,1,4,1,1.0,,0.0,0,1980.0,B01,138Â 207Â 217,1.0,0.0,-1.0,1725806,2.0,7,,0.0,2.0,1.0,A01,138Â 207Â 218,1.0
1011030,201900052561,7,10,09:15,1,2,3,1.0,2.0,17306,Boulevard FrÃ©dÃ©ric Garnier,M,"45,6145000"," -1,0114700",17,2019,50.0,1.0,1.0,3.0,2260929,1.0,1,1,2,1.0,,0.0,0,1997.0,A01,138Â 207Â 218,1.0,0.0,-1.0,1725805,2.0,7,,0.0,2.0,4.0,B01,138Â 207Â 217,1.0
1011030,201900052561,7,10,09:15,1,2,3,1.0,2.0,17306,Boulevard FrÃ©dÃ©ric Garnier,M,"45,6145000"," -1,0114700",17,2019,50.0,1.0,1.0,3.0,2260929,1.0,1,1,2,1.0,,0.0,0,1997.0,A01,138Â 207Â 218,1.0,0.0,-1.0,1725806,2.0,7,,0.0,2.0,1.0,A01,138Â 207Â 218,1.0
1011031,201900052562,7,12,15:45,1,2,2,1.0,2.0,17300,CHAUDRIER   RUE,M,"46,1607300"," -1,1533100",17,2019,30.0,1.0,1.0,4.0,2260930,1.0,1,1,2,0.0,,-1.0, -1,1989.0,A01,138Â 207Â 215,1.0,8.0,-1.0,1725807,1.0,7,,0.0,2.0,5.0,A01,138Â 207Â 215,1.0
1011031,201900052562,7,12,15:45,1,2,2,1.0,2.0,17300,CHAUDRIER   RUE,M,"46,1607300"," -1,1533100",17,2019,30.0,1.0,1.0,4.0,2260930,1.0,1,1,2,0.0,,-1.0, -1,1989.0,A01,138Â 207Â 215,1.0,8.0,-1.0,1725808,2.0,1,,0.0,2.0,0.0,Z01,138Â 207Â 216,5.0
1011031,201900052562,7,12,15:45,1,2,2,1.0,2.0,17300,CHAUDRIER   RUE,M,"46,1607300"," -1,1533100",17,2019,30.0,1.0,1.0,4.0,2260931,1.0,1,4,2,1.0,,-1.0, -1,1961.0,Z01,138Â 207Â 216,8.0,0.0,-1.0,1725807,1.0,7,,0.0,2.0,5.0,A01,138Â 207Â 215,1.0
1011031,201900052562,7,12,15:45,1,2,2,1.0,2.0,17300,CHAUDRIER   RUE,M,"46,1607300"," -1,1533100",17,2019,30.0,1.0,1.0,4.0,2260931,1.0,1,4,2,1.0,,-1.0, -1,1961.0,Z01,138Â 207Â 216,8.0,0.0,-1.0,1725808,2.0,1,,0.0,2.0,0.0,Z01,138Â 207Â 216,5.0
1011032,201900052563,7,11,15:50,1,1,1,1.0,6.0,17142,RN11 PK35,M,"46,1787770"," -1,0976410",17,2019,90.0,1.0,1.0,2.0,2260932,1.0,1,4,1,0.0,,0.0,0,1970.0,A01,138Â 207Â 214,1.0,0.0,-1.0,1725809,2.0,7,,4.0,0.0,3.0,A01,138Â 207Â 214,1.0
1011033,201900052564,7,8,11:55,1,2,3,1.0,3.0,14069,LOGES (CHEMIN DES),M,"49,1302600","0,2475950",14,2019,30.0,1.0,1.0,3.0,2260933,1.0,1,4,1,5.0,,0.0,0,1955.0,A01,138Â 207Â 207,2.0,8.0,-1.0,1725810,1.0,1,,0.0,2.0,1.0,A01,138Â 207Â 207,5.0
1011033,201900052564,7,8,11:55,1,2,3,1.0,3.0,14069,LOGES (CHEMIN DES),M,"49,1302600","0,2475950",14,2019,30.0,1.0,1.0,3.0,2260933,1.0,1,4,1,5.0,,0.0,0,1955.0,A01,138Â 207Â 207,2.0,8.0,-1.0,1725811,2.0,7,,0.0,2.0,1.0,B01,138Â 207Â 208,1.0
1011033,201900052564,7,8,11:55,1,2,3,1.0,3.0,14069,LOGES (CHEMIN DES),M,"49,1302600","0,2475950",14,2019,30.0,1.0,1.0,3.0,2260934,1.0,1,1,1,5.0,,0.0,0,1934.0,B01,138Â 207Â 208,1.0,8.0,-1.0,1725810,1.0,1,,0.0,2.0,1.0,A01,138Â 207Â 207,5.0
1011033,201900052564,7,8,11:55,1,2,3,1.0,3.0,14069,LOGES (CHEMIN DES),M,"49,1302600","0,2475950",14,2019,30.0,1.0,1.0,3.0,2260934,1.0,1,1,1,5.0,,0.0,0,1934.0,B01,138Â 207Â 208,1.0,8.0,-1.0,1725811,2.0,7,,0.0,2.0,1.0,B01,138Â 207Â 208,1.0
1011034,201900052565,7,13,04:45,5,2,2,1.0,3.0,14327,VILLAGE DU CITIS (LOTISSEMENT LE),M,"49,2091100"," -0,3516300",14,2019,50.0,1.0,1.0,3.0,2260935,1.0,1,1,1,5.0,,-1.0, -1,1987.0,A01,138Â 207Â 205,1.0,0.0,-1.0,1725812,2.0,7,,0.0,2.0,1.0,A01,138Â 207Â 205,1.0
1011034,201900052565,7,13,04:45,5,2,2,1.0,3.0,14327,VILLAGE DU CITIS (LOTISSEMENT LE),M,"49,2091100"," -0,3516300",14,2019,50.0,1.0,1.0,3.0,2260935,1.0,1,1,1,5.0,,-1.0, -1,1987.0,A01,138Â 207Â 205,1.0,0.0,-1.0,1725813,1.0,7,,0.0,2.0,1.0,B01,138Â 207Â 206,1.0
1011034,201900052565,7,13,04:45,5,2,2,1.0,3.0,14327,VILLAGE DU CITIS (LOTISSEMENT LE),M,"49,2091100"," -0,3516300",14,2019,50.0,1.0,1.0,3.0,2260936,1.0,1,4,1,5.0,,0.0,0,1958.0,B01,138Â 207Â 206,1.0,0.0,-1.0,1725812,2.0,7,,0.0,2.0,1.0,A01,138Â 207Â 205,1.0
1011034,201900052565,7,13,04:45,5,2,2,1.0,3.0,14327,VILLAGE DU CITIS (LOTISSEMENT LE),M,"49,2091100"," -0,3516300",14,2019,50.0,1.0,1.0,3.0,2260936,1.0,1,4,1,5.0,,0.0,0,1958.0,B01,138Â 207Â 206,1.0,0.0,-1.0,1725813,1.0,7,,0.0,2.0,1.0,B01,138Â 207Â 206,1.0
1011035,201900052566,7,12,19:30,1,2,1,1.0,2.0,14167,CD NÂ°  513,M,"49,2002900"," -0,2914800",14,2019,50.0,1.0,1.0,3.0,2260937,1.0,1,1,2,5.0,,-1.0, -1,1994.0,A01,138Â 207Â 203,1.0,0.0,-1.0,1725814,2.0,7,,0.0,2.0,3.0,A01,138Â 207Â 203,1.0
1011035,201900052566,7,12,19:30,1,2,1,1.0,2.0,14167,CD NÂ°  513,M,"49,2002900"," -0,2914800",14,2019,50.0,1.0,1.0,3.0,2260937,1.0,1,1,2,5.0,,-1.0, -1,1994.0,A01,138Â 207Â 203,1.0,0.0,-1.0,1725815,1.0,7,,0.0,2.0,6.0,B01,138Â 207Â 204,1.0
1011035,201900052566,7,12,19:30,1,2,1,1.0,2.0,14167,CD NÂ°  513,M,"49,2002900"," -0,2914800",14,2019,50.0,1.0,1.0,3.0,2260938,1.0,1,1,1,0.0,,0.0,0,1989.0,B01,138Â 207Â 204,1.0,0.0,-1.0,1725814,2.0,7,,0.0,2.0,3.0,A01,138Â 207Â 203,1.0
1011035,201900052566,7,12,19:30,1,2,1,1.0,2.0,14167,CD NÂ°  513,M,"49,2002900"," -0,2914800",14,2019,50.0,1.0,1.0,3.0,2260938,1.0,1,1,1,0.0,,0.0,0,1989.0,B01,138Â 207Â 204,1.0,0.0,-1.0,1725815,1.0,7,,0.0,2.0,6.0,B01,138Â 207Â 204,1.0
1011035,201900052566,7,12,19:30,1,2,1,1.0,2.0,14167,CD NÂ°  513,M,"49,2002900"," -0,2914800",14,2019,50.0,1.0,1.0,3.0,2260939,2.0,2,4,2,5.0,,0.0,0,1987.0,B01,138Â 207Â 204,1.0,0.0,-1.0,1725814,2.0,7,,0.0,2.0,3.0,A01,138Â 207Â 203,1.0
1011035,201900052566,7,12,19:30,1,2,1,1.0,2.0,14167,CD NÂ°  513,M,"49,2002900"," -0,2914800",14,2019,50.0,1.0,1.0,3.0,2260939,2.0,2,4,2,5.0,,0.0,0,1987.0,B01,138Â 207Â 204,1.0,0.0,-1.0,1725815,1.0,7,,0.0,2.0,6.0,B01,138Â 207Â 204,1.0
1011035,201900052566,7,12,19:30,1,2,1,1.0,2.0,14167,CD NÂ°  513,M,"49,2002900"," -0,2914800",14,2019,50.0,1.0,1.0,3.0,2260940,4.0,2,4,2,5.0,,0.0,0,2013.0,B01,138Â 207Â 204,1.0,0.0,-1.0,1725814,2.0,7,,0.0,2.0,3.0,A01,138Â 207Â 203,1.0
1011035,201900052566,7,12,19:30,1,2,1,1.0,2.0,14167,CD NÂ°  513,M,"49,2002900"," -0,2914800",14,2019,50.0,1.0,1.0,3.0,2260940,4.0,2,4,2,5.0,,0.0,0,2013.0,B01,138Â 207Â 204,1.0,0.0,-1.0,1725815,1.0,7,,0.0,2.0,6.0,B01,138Â 207Â 204,1.0
1011036,201900052567,7,10,15:30,1,2,1,1.0,3.0,13077,MILLE CLEMENT (avenue),M,"43,4124600","4,9995900",13,2019,50.0,1.0,1.0,4.0,2260941,1.0,1,4,1,5.0,,-1.0, -1,1964.0,B01,138Â 207Â 201,2.0,0.0,-1.0,1725816,3.0,33,,0.0,2.0,1.0,B01,138Â 207Â 201,1.0
1011036,201900052567,7,10,15:30,1,2,1,1.0,3.0,13077,MILLE CLEMENT (avenue),M,"43,4124600","4,9995900",13,2019,50.0,1.0,1.0,4.0,2260941,1.0,1,4,1,5.0,,-1.0, -1,1964.0,B01,138Â 207Â 201,2.0,0.0,-1.0,1725817,3.0,7,,0.0,2.0,3.0,A01,138Â 207Â 202,1.0
1011036,201900052567,7,10,15:30,1,2,1,1.0,3.0,13077,MILLE CLEMENT (avenue),M,"43,4124600","4,9995900",13,2019,50.0,1.0,1.0,4.0,2260942,1.0,1,1,1,5.0,,-1.0, -1,1956.0,A01,138Â 207Â 202,1.0,0.0,-1.0,1725816,3.0,33,,0.0,2.0,1.0,B01,138Â 207Â 201,1.0
1011036,201900052567,7,10,15:30,1,2,1,1.0,3.0,13077,MILLE CLEMENT (avenue),M,"43,4124600","4,9995900",13,2019,50.0,1.0,1.0,4.0,2260942,1.0,1,1,1,5.0,,-1.0, -1,1956.0,A01,138Â 207Â 202,1.0,0.0,-1.0,1725817,3.0,7,,0.0,2.0,3.0,A01,138Â 207Â 202,1.0
1011037,201900052568,7,13,12:00,1,2,1,1.0,3.0,13211,SABLIERE (ROUTE DE LA),M,"43,2938230","5,4804010",13,2019,30.0,1.0,1.0,9.0,2260943,1.0,1,4,2,5.0,,-1.0,0,1983.0,A01,138Â 207Â 199,1.0,8.0,-1.0,1725818,3.0,7,,0.0,2.0,6.0,A01,138Â 207Â 199,1.0
1011037,201900052568,7,13,12:00,1,2,1,1.0,3.0,13211,SABLIERE (ROUTE DE LA),M,"43,2938230","5,4804010",13,2019,30.0,1.0,1.0,9.0,2260943,1.0,1,4,2,5.0,,-1.0,0,1983.0,A01,138Â 207Â 199,1.0,8.0,-1.0,1725819,3.0,7,,0.0,2.0,1.0,Z01,138Â 207Â 200,0.0
1011037,201900052568,7,13,12:00,1,2,1,1.0,3.0,13211,SABLIERE (ROUTE DE LA),M,"43,2938230","5,4804010",13,2019,30.0,1.0,1.0,9.0,2260944,1.0,1,1,1,0.0,,-1.0,0,1900.0,Z01,138Â 207Â 200,1.0,0.0,-1.0,1725818,3.0,7,,0.0,2.0,6.0,A01,138Â 207Â 199,1.0
1011037,201900052568,7,13,12:00,1,2,1,1.0,3.0,13211,SABLIERE (ROUTE DE LA),M,"43,2938230","5,4804010",13,2019,30.0,1.0,1.0,9.0,2260944,1.0,1,1,1,0.0,,-1.0,0,1900.0,Z01,138Â 207Â 200,1.0,0.0,-1.0,1725819,3.0,7,,0.0,2.0,1.0,Z01,138Â 207Â 200,0.0
1011038,201900052569,7,12,21:00,1,2,1,1.0,2.0,13208,pointe rouge (ave),M,"43,2455200","5,3733600",13,2019,50.0,1.0,1.0,4.0,2260945,1.0,1,4,1,5.0,,-1.0, -1,1998.0,B01,138Â 207Â 197,2.0,8.0,-1.0,1725820,2.0,33,,0.0,2.0,4.0,B01,138Â 207Â 197,1.0
1011038,201900052569,7,12,21:00,1,2,1,1.0,2.0,13208,pointe rouge (ave),M,"43,2455200","5,3733600",13,2019,50.0,1.0,1.0,4.0,2260945,1.0,1,4,1,5.0,,-1.0, -1,1998.0,B01,138Â 207Â 197,2.0,8.0,-1.0,1725821,2.0,7,,0.0,2.0,1.0,A01,138Â 207Â 198,1.0
1011038,201900052569,7,12,21:00,1,2,1,1.0,2.0,13208,pointe rouge (ave),M,"43,2455200","5,3733600",13,2019,50.0,1.0,1.0,4.0,2260946,2.0,2,4,1,5.0,,-1.0, -1,1998.0,B01,138Â 207Â 197,2.0,8.0,-1.0,1725820,2.0,33,,0.0,2.0,4.0,B01,138Â 207Â 197,1.0
1011038,201900052569,7,12,21:00,1,2,1,1.0,2.0,13208,pointe rouge (ave),M,"43,2455200","5,3733600",13,2019,50.0,1.0,1.0,4.0,2260946,2.0,2,4,1,5.0,,-1.0, -1,1998.0,B01,138Â 207Â 197,2.0,8.0,-1.0,1725821,2.0,7,,0.0,2.0,1.0,A01,138Â 207Â 198,1.0
1011038,201900052569,7,12,21:00,1,2,1,1.0,2.0,13208,pointe rouge (ave),M,"43,2455200","5,3733600",13,2019,50.0,1.0,1.0,4.0,2260947,1.0,1,1,1,5.0,,-1.0, -1,1971.0,A01,138Â 207Â 198,1.0,8.0,-1.0,1725820,2.0,33,,0.0,2.0,4.0,B01,138Â 207Â 197,1.0
1011038,201900052569,7,12,21:00,1,2,1,1.0,2.0,13208,pointe rouge (ave),M,"43,2455200","5,3733600",13,2019,50.0,1.0,1.0,4.0,2260947,1.0,1,1,1,5.0,,-1.0, -1,1971.0,A01,138Â 207Â 198,1.0,8.0,-1.0,1725821,2.0,7,,0.0,2.0,1.0,A01,138Â 207Â 198,1.0
1011039,201900052570,12,4,14:00,1,2,1,1.0,7.0,94046,REPUBLIQUE (AV DE LA),M,"48,8060263","2,4415251",94,2019,50.0,1.0,1.0,3.0,2260948,1.0,1,3,2,0.0,,-1.0,0,1991.0,A01,138Â 207Â 196,8.0,0.0,-1.0,1725822,1.0,50,,0.0,0.0,0.0,A01,138Â 207Â 196,3.0
1011040,201900052571,12,5,18:00,5,2,1,8.0,6.0,94003,ARISTIDE BRIAND (AV),M,"48,8052400","2,3255100",94,2019,50.0,-1.0,1.0,3.0,2260949,10.0,3,4,2,0.0,,6.0,B,1962.0,A01,138Â 207Â 195,0.0,0.0,-1.0,1725823,1.0,7,,0.0,1.0,4.0,A01,138Â 207Â 195,1.0
1011040,201900052571,12,5,18:00,5,2,1,8.0,6.0,94003,ARISTIDE BRIAND (AV),M,"48,8052400","2,3255100",94,2019,50.0,-1.0,1.0,3.0,2260950,1.0,1,1,1,5.0,,-1.0, -1,1956.0,A01,138Â 207Â 195,8.0,0.0,-1.0,1725823,1.0,7,,0.0,1.0,4.0,A01,138Â 207Â 195,1.0
1011041,201900052572,12,5,13:00,1,2,1,1.0,6.0,94041,GABRIEL PERI (R),M,"48,8133331","2,3832017",94,2019,50.0,3.0,1.0,4.0,2260951,10.0,3,4,1,5.0,,2.0,3,1946.0,A01,138Â 207Â 194,8.0,0.0,-1.0,1725824,1.0,7,,0.0,1.0,4.0,A01,138Â 207Â 194,1.0
1011041,201900052572,12,5,13:00,1,2,1,1.0,6.0,94041,GABRIEL PERI (R),M,"48,8133331","2,3832017",94,2019,50.0,3.0,1.0,4.0,2260952,1.0,1,1,1,1.0,,-1.0, -1,1978.0,A01,138Â 207Â 194,1.0,0.0,-1.0,1725824,1.0,7,,0.0,1.0,4.0,A01,138Â 207Â 194,1.0
1011042,201900052573,11,29,17:50,2,2,1,1.0,4.0,94028,HALPERN.(AVENUE BERNARD),M,"48,7709100","2,4633100",94,2019,2.0,1.0,1.0,3.0,2260953,1.0,1,1,2,1.0,,-1.0, -1,1990.0,C01,138Â 207Â 191,1.0,0.0,-1.0,1725825,1.0,7,,0.0,2.0,4.0,C01,138Â 207Â 191,1.0
1011042,201900052573,11,29,17:50,2,2,1,1.0,4.0,94028,HALPERN.(AVENUE BERNARD),M,"48,7709100","2,4633100",94,2019,2.0,1.0,1.0,3.0,2260953,1.0,1,1,2,1.0,,-1.0, -1,1990.0,C01,138Â 207Â 191,1.0,0.0,-1.0,1725826,1.0,7,,0.0,2.0,1.0,B01,138Â 207Â 192,1.0
1011042,201900052573,11,29,17:50,2,2,1,1.0,4.0,94028,HALPERN.(AVENUE BERNARD),M,"48,7709100","2,4633100",94,2019,2.0,1.0,1.0,3.0,2260953,1.0,1,1,2,1.0,,-1.0, -1,1990.0,C01,138Â 207Â 191,1.0,0.0,-1.0,1725827,1.0,7,,0.0,2.0,1.0,A01,138Â 207Â 193,1.0
1011042,201900052573,11,29,17:50,2,2,1,1.0,4.0,94028,HALPERN.(AVENUE BERNARD),M,"48,7709100","2,4633100",94,2019,2.0,1.0,1.0,3.0,2260954,1.0,1,4,2,1.0,,-1.0, -1,1973.0,B01,138Â 207Â 192,1.0,0.0,-1.0,1725825,1.0,7,,0.0,2.0,4.0,C01,138Â 207Â 191,1.0
1011042,201900052573,11,29,17:50,2,2,1,1.0,4.0,94028,HALPERN.(AVENUE BERNARD),M,"48,7709100","2,4633100",94,2019,2.0,1.0,1.0,3.0,2260954,1.0,1,4,2,1.0,,-1.0, -1,1973.0,B01,138Â 207Â 192,1.0,0.0,-1.0,1725826,1.0,7,,0.0,2.0,1.0,B01,138Â 207Â 192,1.0
1011042,201900052573,11,29,17:50,2,2,1,1.0,4.0,94028,HALPERN.(AVENUE BERNARD),M,"48,7709100","2,4633100",94,2019,2.0,1.0,1.0,3.0,2260954,1.0,1,4,2,1.0,,-1.0, -1,1973.0,B01,138Â 207Â 192,1.0,0.0,-1.0,1725827,1.0,7,,0.0,2.0,1.0,A01,138Â 207Â 193,1.0
1011042,201900052573,11,29,17:50,2,2,1,1.0,4.0,94028,HALPERN.(AVENUE BERNARD),M,"48,7709100","2,4633100",94,2019,2.0,1.0,1.0,3.0,2260955,1.0,1,4,2,1.0,,-1.0, -1,1974.0,A01,138Â 207Â 193,1.0,0.0,-1.0,1725825,1.0,7,,0.0,2.0,4.0,C01,138Â 207Â 191,1.0
1011042,201900052573,11,29,17:50,2,2,1,1.0,4.0,94028,HALPERN.(AVENUE BERNARD),M,"48,7709100","2,4633100",94,2019,2.0,1.0,1.0,3.0,2260955,1.0,1,4,2,1.0,,-1.0, -1,1974.0,A01,138Â 207Â 193,1.0,0.0,-1.0,1725826,1.0,7,,0.0,2.0,1.0,B01,138Â 207Â 192,1.0
1011042,201900052573,11,29,17:50,2,2,1,1.0,4.0,94028,HALPERN.(AVENUE BERNARD),M,"48,7709100","2,4633100",94,2019,2.0,1.0,1.0,3.0,2260955,1.0,1,4,2,1.0,,-1.0, -1,1974.0,A01,138Â 207Â 193,1.0,0.0,-1.0,1725827,1.0,7,,0.0,2.0,1.0,A01,138Â 207Â 193,1.0
1011043,201900052574,12,4,14:00,1,2,1,1.0,3.0,94028,FOCH(AVENUE DU MARECHAL),M,"48,7812000","2,4372600",94,2019,50.0,1.0,1.0,2.0,2260956,1.0,1,1,1,0.0,,-1.0,0,1985.0,A01,138Â 207Â 189,1.0,0.0,-1.0,1725828,1.0,3,,0.0,2.0,7.0,A01,138Â 207Â 189,1.0
1011043,201900052574,12,4,14:00,1,2,1,1.0,3.0,94028,FOCH(AVENUE DU MARECHAL),M,"48,7812000","2,4372600",94,2019,50.0,1.0,1.0,2.0,2260956,1.0,1,1,1,0.0,,-1.0,0,1985.0,A01,138Â 207Â 189,1.0,0.0,-1.0,1725829,1.0,3,,2.0,2.0,8.0,B01,138Â 207Â 190,1.0
1011043,201900052574,12,4,14:00,1,2,1,1.0,3.0,94028,FOCH(AVENUE DU MARECHAL),M,"48,7812000","2,4372600",94,2019,50.0,1.0,1.0,2.0,2260957,2.0,2,4,2,0.0,,-1.0,0,2008.0,B01,138Â 207Â 190,1.0,0.0,-1.0,1725828,1.0,3,,0.0,2.0,7.0,A01,138Â 207Â 189,1.0
1011043,201900052574,12,4,14:00,1,2,1,1.0,3.0,94028,FOCH(AVENUE DU MARECHAL),M,"48,7812000","2,4372600",94,2019,50.0,1.0,1.0,2.0,2260957,2.0,2,4,2,0.0,,-1.0,0,2008.0,B01,138Â 207Â 190,1.0,0.0,-1.0,1725829,1.0,3,,2.0,2.0,8.0,B01,138Â 207Â 190,1.0
1011043,201900052574,12,4,14:00,1,2,1,1.0,3.0,94028,FOCH(AVENUE DU MARECHAL),M,"48,7812000","2,4372600",94,2019,50.0,1.0,1.0,2.0,2260958,1.0,1,1,2,0.0,,-1.0,0,1980.0,B01,138Â 207Â 190,1.0,0.0,-1.0,1725828,1.0,3,,0.0,2.0,7.0,A01,138Â 207Â 189,1.0
1011043,201900052574,12,4,14:00,1,2,1,1.0,3.0,94028,FOCH(AVENUE DU MARECHAL),M,"48,7812000","2,4372600",94,2019,50.0,1.0,1.0,2.0,2260958,1.0,1,1,2,0.0,,-1.0,0,1980.0,B01,138Â 207Â 190,1.0,0.0,-1.0,1725829,1.0,3,,2.0,2.0,8.0,B01,138Â 207Â 190,1.0
1011044,201900052575,12,4,22:25,5,2,4,9.0,3.0,94004,GENERAL LECLERC (AV DU),M,"48,7536610","2,5066310",94,2019,50.0,1.0,2.0,2.0,2260959,1.0,1,3,1,1.0,,-1.0, -1,1969.0,B01,138Â 207Â 187,2.0,0.0,-1.0,1725830,1.0,34,,0.0,2.0,7.0,B01,138Â 207Â 187,1.0
1011044,201900052575,12,4,22:25,5,2,4,9.0,3.0,94004,GENERAL LECLERC (AV DU),M,"48,7536610","2,5066310",94,2019,50.0,1.0,2.0,2.0,2260959,1.0,1,3,1,1.0,,-1.0, -1,1969.0,B01,138Â 207Â 187,2.0,0.0,-1.0,1725831,1.0,13,,0.0,2.0,1.0,A01,138Â 207Â 188,1.0
1011044,201900052575,12,4,22:25,5,2,4,9.0,3.0,94004,GENERAL LECLERC (AV DU),M,"48,7536610","2,5066310",94,2019,50.0,1.0,2.0,2.0,2260960,1.0,1,1,1,0.0,,-1.0, -1,1989.0,A01,138Â 207Â 188,1.0,5.0,-1.0,1725830,1.0,34,,0.0,2.0,7.0,B01,138Â 207Â 187,1.0
1011044,201900052575,12,4,22:25,5,2,4,9.0,3.0,94004,GENERAL LECLERC (AV DU),M,"48,7536610","2,5066310",94,2019,50.0,1.0,2.0,2.0,2260960,1.0,1,1,1,0.0,,-1.0, -1,1989.0,A01,138Â 207Â 188,1.0,5.0,-1.0,1725831,1.0,13,,0.0,2.0,1.0,A01,138Â 207Â 188,1.0
1011045,201900052576,12,4,02:20,5,2,1,1.0,7.0,94002,MARCELIN BERTHELOT (R),M,"48,8057500","2,4204000",94,2019,50.0,1.0,1.0,4.0,2260961,1.0,1,4,1,0.0,,-1.0,0,1965.0,A01,138Â 207Â 186,8.0,0.0,-1.0,1725832,2.0,50,,0.0,0.0,0.0,A01,138Â 207Â 186,3.0
1011046,201900052577,12,2,09:30,1,2,1,1.0,4.0,93073,CHAPIT RE ( RUE DU),M,"49,0029720","2,5368850",93,2019,50.0,1.0,1.0,9.0,2260962,1.0,1,1,2,0.0,,-1.0, -1,1954.0,A01,138Â 207Â 183,8.0,0.0,-1.0,1725833,1.0,7,,0.0,2.0,1.0,A01,138Â 207Â 183,1.0
1011046,201900052577,12,2,09:30,1,2,1,1.0,4.0,93073,CHAPIT RE ( RUE DU),M,"49,0029720","2,5368850",93,2019,50.0,1.0,1.0,9.0,2260962,1.0,1,1,2,0.0,,-1.0, -1,1954.0,A01,138Â 207Â 183,8.0,0.0,-1.0,1725834,1.0,7,,0.0,2.0,1.0,B01,138Â 207Â 184,1.0
1011046,201900052577,12,2,09:30,1,2,1,1.0,4.0,93073,CHAPIT RE ( RUE DU),M,"49,0029720","2,5368850",93,2019,50.0,1.0,1.0,9.0,2260962,1.0,1,1,2,0.0,,-1.0, -1,1954.0,A01,138Â 207Â 183,8.0,0.0,-1.0,1725835,1.0,7,,0.0,2.0,4.0,C01,138Â 207Â 185,1.0
1011046,201900052577,12,2,09:30,1,2,1,1.0,4.0,93073,CHAPIT RE ( RUE DU),M,"49,0029720","2,5368850",93,2019,50.0,1.0,1.0,9.0,2260963,1.0,1,4,1,0.0,,-1.0, -1,1989.0,B01,138Â 207Â 184,8.0,0.0,-1.0,1725833,1.0,7,,0.0,2.0,1.0,A01,138Â 207Â 183,1.0
1011046,201900052577,12,2,09:30,1,2,1,1.0,4.0,93073,CHAPIT RE ( RUE DU),M,"49,0029720","2,5368850",93,2019,50.0,1.0,1.0,9.0,2260963,1.0,1,4,1,0.0,,-1.0, -1,1989.0,B01,138Â 207Â 184,8.0,0.0,-1.0,1725834,1.0,7,,0.0,2.0,1.0,B01,138Â 207Â 184,1.0
1011046,201900052577,12,2,09:30,1,2,1,1.0,4.0,93073,CHAPIT RE ( RUE DU),M,"49,0029720","2,5368850",93,2019,50.0,1.0,1.0,9.0,2260963,1.0,1,4,1,0.0,,-1.0, -1,1989.0,B01,138Â 207Â 184,8.0,0.0,-1.0,1725835,1.0,7,,0.0,2.0,4.0,C01,138Â 207Â 185,1.0