Unnamed: 0_x,num_acc,mois,jour,hrmn,lum,agg,int,atm,col,com,adr,gps,lat,long,dep,annee,vma,situ,surf,catr,Unnamed: 0_y,place,catu,grav,sexe,trajet,secu,locp,actp,an_nais,num_veh_x,id_vehicule_x,secu1,secu2,secu3,Unnamed: 0,senc,catv,occutc,obs,obsm,choc,num_veh_y,id_vehicule_y,motor
1011046,201900052577,12,2,09:30,1,2,1,1.0,4.0,93073,CHAPIT RE ( RUE DU),M,"49,0029720","2,5368850",93,2019,50.0,1.0,1.0,9.0,2260964,1.0,1,1,1,0.0,,-1.0, -1,1964.0,C01,138Â 207Â 185,8.0,0.0,-1.0,1725833,1.0,7,,0.0,2.0,1.0,A01,138Â 207Â 183,1.0
1011046,201900052577,12,2,09:30,1,2,1,1.0,4.0,93073,CHAPIT RE ( RUE DU),M,"49,0029720","2,5368850",93,2019,50.0,1.0,1.0,9.0,2260964,1.0,1,1,1,0.0,,-1.0, -1,1964.0,C01,138Â 207Â 185,8.0,0.0,-1.0,1725834,1.0,7,,0.0,2.0,1.0,B01,138Â 207Â 184,1.0
1011046,201900052577,12,2,09:30,1,2,1,1.0,4.0,93073,CHAPIT RE ( RUE DU),M,"49,0029720","2,5368850",93,2019,50.0,1.0,1.0,9.0,2260964,1.0,1,1,1,0.0,,-1.0, -1,1964.0,C01,138Â 207Â 185,8.0,0.0,-1.0,1725835,1.0,7,,0.0,2.0,4.0,C01,138Â 207Â 185,1.0
1011047,201900052578,12,5,20:30,5,2,1,1.0,2.0,93066,"""STRASBOURG, NR 36 ET SUIV ET 73 ET SUIV",M,"48,9359300","2,3660600",93,2019,50.0,1.0,1.0,4.0,2260965,1.0,1,4,1,1.0,,-1.0, -1,1989.0,A01,138Â 207Â 182,2.0,0.0,-1.0,1725836,2.0,10,,0.0,2.0,4.0,B01,138Â 207Â 181,0.0
1011047,201900052578,12,5,20:30,5,2,1,1.0,2.0,93066,"""STRASBOURG, NR 36 ET SUIV ET 73 ET SUIV",M,"48,9359300","2,3660600",93,2019,50.0,1.0,1.0,4.0,2260965,1.0,1,4,1,1.0,,-1.0, -1,1989.0,A01,138Â 207Â 182,2.0,0.0,-1.0,1725837,2.0,30,,0.0,2.0,1.0,A01,138Â 207Â 182,1.0
1011048,201900052579,12,5,18:00,5,2,1,8.0,6.0,93077,GALLIENI (AVENUE DU GENERAL),M,"48,8899800","2,5107100",93,2019,50.0,1.0,1.0,4.0,2260966,10.0,3,4,2,0.0,,1.0,3,1987.0,A01,138Â 207Â 180,0.0,0.0,-1.0,1725838,2.0,30,,0.0,1.0,1.0,A01,138Â 207Â 180,6.0
1011048,201900052579,12,5,18:00,5,2,1,8.0,6.0,93077,GALLIENI (AVENUE DU GENERAL),M,"48,8899800","2,5107100",93,2019,50.0,1.0,1.0,4.0,2260967,1.0,1,1,1,9.0,,-1.0, -1,1995.0,A01,138Â 207Â 180,2.0,8.0,-1.0,1725838,2.0,30,,0.0,1.0,1.0,A01,138Â 207Â 180,6.0
1011049,201900052580,11,28,21:30,5,2,3,1.0,6.0,93050,MARECHAL LECLERCQ (AVENUE) COTE IMPAIR,M,"48,8586550","2,5351810",93,2019,50.0,1.0,1.0,3.0,2260968,1.0,1,4,2,5.0,,-1.0, -1,1966.0,A01,138Â 207Â 179,1.0,8.0,-1.0,1725839,2.0,7,,0.0,1.0,3.0,A01,138Â 207Â 179,1.0
1011049,201900052580,11,28,21:30,5,2,3,1.0,6.0,93050,MARECHAL LECLERCQ (AVENUE) COTE IMPAIR,M,"48,8586550","2,5351810",93,2019,50.0,1.0,1.0,3.0,2260969,2.0,2,1,2,5.0,,-1.0, -1,1998.0,A01,138Â 207Â 179,1.0,0.0,-1.0,1725839,2.0,7,,0.0,1.0,3.0,A01,138Â 207Â 179,1.0
1011049,201900052580,11,28,21:30,5,2,3,1.0,6.0,93050,MARECHAL LECLERCQ (AVENUE) COTE IMPAIR,M,"48,8586550","2,5351810",93,2019,50.0,1.0,1.0,3.0,2260970,10.0,3,4,2,5.0,,3.0,3,2001.0,A01,138Â 207Â 179,0.0,0.0,-1.0,1725839,2.0,7,,0.0,1.0,3.0,A01,138Â 207Â 179,1.0
1011049,201900052580,11,28,21:30,5,2,3,1.0,6.0,93050,MARECHAL LECLERCQ (AVENUE) COTE IMPAIR,M,"48,8586550","2,5351810",93,2019,50.0,1.0,1.0,3.0,2260971,3.0,2,1,2,5.0,,-1.0, -1,1970.0,A01,138Â 207Â 179,1.0,0.0,-1.0,1725839,2.0,7,,0.0,1.0,3.0,A01,138Â 207Â 179,1.0
1011050,201900052581,12,5,11:45,1,2,2,1.0,3.0,93005,VERCINGETORIX (AVENUE),M,"48,9250000","2,5013000",93,2019,50.0,1.0,1.0,4.0,2260972,4.0,2,4,1,0.0,,-1.0, -1,1974.0,A01,138Â 207Â 177,1.0,0.0,-1.0,1725840,1.0,7,,0.0,2.0,1.0,A01,138Â 207Â 177,0.0
1011050,201900052581,12,5,11:45,1,2,2,1.0,3.0,93005,VERCINGETORIX (AVENUE),M,"48,9250000","2,5013000",93,2019,50.0,1.0,1.0,4.0,2260972,4.0,2,4,1,0.0,,-1.0, -1,1974.0,A01,138Â 207Â 177,1.0,0.0,-1.0,1725841,1.0,10,,0.0,2.0,8.0,B01,138Â 207Â 178,0.0
1011050,201900052581,12,5,11:45,1,2,2,1.0,3.0,93005,VERCINGETORIX (AVENUE),M,"48,9250000","2,5013000",93,2019,50.0,1.0,1.0,4.0,2260973,3.0,2,4,1,0.0,,-1.0, -1,1960.0,A01,138Â 207Â 177,1.0,0.0,-1.0,1725840,1.0,7,,0.0,2.0,1.0,A01,138Â 207Â 177,0.0
1011050,201900052581,12,5,11:45,1,2,2,1.0,3.0,93005,VERCINGETORIX (AVENUE),M,"48,9250000","2,5013000",93,2019,50.0,1.0,1.0,4.0,2260973,3.0,2,4,1,0.0,,-1.0, -1,1960.0,A01,138Â 207Â 177,1.0,0.0,-1.0,1725841,1.0,10,,0.0,2.0,8.0,B01,138Â 207Â 178,0.0
1011050,201900052581,12,5,11:45,1,2,2,1.0,3.0,93005,VERCINGETORIX (AVENUE),M,"48,9250000","2,5013000",93,2019,50.0,1.0,1.0,4.0,2260974,1.0,1,4,1,4.0,,-1.0, -1,1991.0,A01,138Â 207Â 177,1.0,0.0,-1.0,1725840,1.0,7,,0.0,2.0,1.0,A01,138Â 207Â 177,0.0
1011050,201900052581,12,5,11:45,1,2,2,1.0,3.0,93005,VERCINGETORIX (AVENUE),M,"48,9250000","2,5013000",93,2019,50.0,1.0,1.0,4.0,2260974,1.0,1,4,1,4.0,,-1.0, -1,1991.0,A01,138Â 207Â 177,1.0,0.0,-1.0,1725841,1.0,10,,0.0,2.0,8.0,B01,138Â 207Â 178,0.0
1011050,201900052581,12,5,11:45,1,2,2,1.0,3.0,93005,VERCINGETORIX (AVENUE),M,"48,9250000","2,5013000",93,2019,50.0,1.0,1.0,4.0,2260975,2.0,2,4,1,0.0,,-1.0, -1,1986.0,A01,138Â 207Â 177,1.0,0.0,-1.0,1725840,1.0,7,,0.0,2.0,1.0,A01,138Â 207Â 177,0.0
1011050,201900052581,12,5,11:45,1,2,2,1.0,3.0,93005,VERCINGETORIX (AVENUE),M,"48,9250000","2,5013000",93,2019,50.0,1.0,1.0,4.0,2260975,2.0,2,4,1,0.0,,-1.0, -1,1986.0,A01,138Â 207Â 177,1.0,0.0,-1.0,1725841,1.0,10,,0.0,2.0,8.0,B01,138Â 207Â 178,0.0
1011050,201900052581,12,5,11:45,1,2,2,1.0,3.0,93005,VERCINGETORIX (AVENUE),M,"48,9250000","2,5013000",93,2019,50.0,1.0,1.0,4.0,2260976,5.0,2,4,1,0.0,,-1.0, -1,1981.0,A01,138Â 207Â 177,1.0,0.0,-1.0,1725840,1.0,7,,0.0,2.0,1.0,A01,138Â 207Â 177,0.0
1011050,201900052581,12,5,11:45,1,2,2,1.0,3.0,93005,VERCINGETORIX (AVENUE),M,"48,9250000","2,5013000",93,2019,50.0,1.0,1.0,4.0,2260976,5.0,2,4,1,0.0,,-1.0, -1,1981.0,A01,138Â 207Â 177,1.0,0.0,-1.0,1725841,1.0,10,,0.0,2.0,8.0,B01,138Â 207Â 178,0.0
1011050,201900052581,12,5,11:45,1,2,2,1.0,3.0,93005,VERCINGETORIX (AVENUE),M,"48,9250000","2,5013000",93,2019,50.0,1.0,1.0,4.0,2260977,1.0,1,1,1,1.0,,-1.0, -1,1985.0,B01,138Â 207Â 178,1.0,0.0,-1.0,1725840,1.0,7,,0.0,2.0,1.0,A01,138Â 207Â 177,0.0
1011050,201900052581,12,5,11:45,1,2,2,1.0,3.0,93005,VERCINGETORIX (AVENUE),M,"48,9250000","2,5013000",93,2019,50.0,1.0,1.0,4.0,2260977,1.0,1,1,1,1.0,,-1.0, -1,1985.0,B01,138Â 207Â 178,1.0,0.0,-1.0,1725841,1.0,10,,0.0,2.0,8.0,B01,138Â 207Â 178,0.0
1011051,201900052582,12,3,09:30,1,2,1,9.0,3.0,93007,ABBE NIORT (RUE DE L'),M,"48,9404800","2,4320500",93,2019,50.0,1.0,2.0,3.0,2260978,1.0,1,4,2,1.0,,-1.0, -1,1978.0,A01,138Â 207Â 175,2.0,8.0,-1.0,1725842,0.0,32,,0.0,2.0,1.0,A01,138Â 207Â 175,0.0
1011051,201900052582,12,3,09:30,1,2,1,9.0,3.0,93007,ABBE NIORT (RUE DE L'),M,"48,9404800","2,4320500",93,2019,50.0,1.0,2.0,3.0,2260978,1.0,1,4,2,1.0,,-1.0, -1,1978.0,A01,138Â 207Â 175,2.0,8.0,-1.0,1725843,1.0,7,,0.0,2.0,6.0,B01,138Â 207Â 176,0.0
1011051,201900052582,12,3,09:30,1,2,1,9.0,3.0,93007,ABBE NIORT (RUE DE L'),M,"48,9404800","2,4320500",93,2019,50.0,1.0,2.0,3.0,2260979,1.0,1,1,1,1.0,,-1.0, -1,1967.0,B01,138Â 207Â 176,1.0,0.0,-1.0,1725842,0.0,32,,0.0,2.0,1.0,A01,138Â 207Â 175,0.0
1011051,201900052582,12,3,09:30,1,2,1,9.0,3.0,93007,ABBE NIORT (RUE DE L'),M,"48,9404800","2,4320500",93,2019,50.0,1.0,2.0,3.0,2260979,1.0,1,1,1,1.0,,-1.0, -1,1967.0,B01,138Â 207Â 176,1.0,0.0,-1.0,1725843,1.0,7,,0.0,2.0,6.0,B01,138Â 207Â 176,0.0
1011051,201900052582,12,3,09:30,1,2,1,9.0,3.0,93007,ABBE NIORT (RUE DE L'),M,"48,9404800","2,4320500",93,2019,50.0,1.0,2.0,3.0,2260980,2.0,2,1,2,1.0,,-1.0, -1,1978.0,B01,138Â 207Â 176,1.0,0.0,-1.0,1725842,0.0,32,,0.0,2.0,1.0,A01,138Â 207Â 175,0.0
1011051,201900052582,12,3,09:30,1,2,1,9.0,3.0,93007,ABBE NIORT (RUE DE L'),M,"48,9404800","2,4320500",93,2019,50.0,1.0,2.0,3.0,2260980,2.0,2,1,2,1.0,,-1.0, -1,1978.0,B01,138Â 207Â 176,1.0,0.0,-1.0,1725843,1.0,7,,0.0,2.0,6.0,B01,138Â 207Â 176,0.0
1011052,201900052583,12,5,15:40,1,2,1,1.0,3.0,92025,PAUL BERT (RUE),M,"48,9306540","2,2449950",92,2019,50.0,1.0,1.0,3.0,2260981,1.0,1,4,2,0.0,,-1.0,0,1994.0,A01,138Â 207Â 173,1.0,0.0,-1.0,1725844,3.0,7,,0.0,2.0,1.0,A01,138Â 207Â 173,1.0
1011052,201900052583,12,5,15:40,1,2,1,1.0,3.0,92025,PAUL BERT (RUE),M,"48,9306540","2,2449950",92,2019,50.0,1.0,1.0,3.0,2260981,1.0,1,4,2,0.0,,-1.0,0,1994.0,A01,138Â 207Â 173,1.0,0.0,-1.0,1725845,3.0,7,,0.0,2.0,8.0,B01,138Â 207Â 174,1.0
1011052,201900052583,12,5,15:40,1,2,1,1.0,3.0,92025,PAUL BERT (RUE),M,"48,9306540","2,2449950",92,2019,50.0,1.0,1.0,3.0,2260982,1.0,1,1,1,0.0,,-1.0,0,1947.0,B01,138Â 207Â 174,1.0,0.0,-1.0,1725844,3.0,7,,0.0,2.0,1.0,A01,138Â 207Â 173,1.0
1011052,201900052583,12,5,15:40,1,2,1,1.0,3.0,92025,PAUL BERT (RUE),M,"48,9306540","2,2449950",92,2019,50.0,1.0,1.0,3.0,2260982,1.0,1,1,1,0.0,,-1.0,0,1947.0,B01,138Â 207Â 174,1.0,0.0,-1.0,1725845,3.0,7,,0.0,2.0,8.0,B01,138Â 207Â 174,1.0
1011053,201900052584,12,5,20:10,5,2,3,2.0,3.0,92012,CHATEAU (RUE DU) 1/125 - 2/136,M,"48,8427950","2,2428910",92,2019,50.0,1.0,1.0,4.0,2260983,1.0,1,1,1,0.0,,-1.0,0,1995.0,B01,138Â 207Â 171,1.0,0.0,-1.0,1725846,3.0,7,,0.0,2.0,8.0,B01,138Â 207Â 171,1.0
1011053,201900052584,12,5,20:10,5,2,3,2.0,3.0,92012,CHATEAU (RUE DU) 1/125 - 2/136,M,"48,8427950","2,2428910",92,2019,50.0,1.0,1.0,4.0,2260983,1.0,1,1,1,0.0,,-1.0,0,1995.0,B01,138Â 207Â 171,1.0,0.0,-1.0,1725847,3.0,31,,0.0,2.0,1.0,A01,138Â 207Â 172,1.0
1011053,201900052584,12,5,20:10,5,2,3,2.0,3.0,92012,CHATEAU (RUE DU) 1/125 - 2/136,M,"48,8427950","2,2428910",92,2019,50.0,1.0,1.0,4.0,2260984,1.0,1,3,1,0.0,,-1.0,0,1982.0,A01,138Â 207Â 172,2.0,6.0,-1.0,1725846,3.0,7,,0.0,2.0,8.0,B01,138Â 207Â 171,1.0
1011053,201900052584,12,5,20:10,5,2,3,2.0,3.0,92012,CHATEAU (RUE DU) 1/125 - 2/136,M,"48,8427950","2,2428910",92,2019,50.0,1.0,1.0,4.0,2260984,1.0,1,3,1,0.0,,-1.0,0,1982.0,A01,138Â 207Â 172,2.0,6.0,-1.0,1725847,3.0,31,,0.0,2.0,1.0,A01,138Â 207Â 172,1.0
1011054,201900052585,12,5,17:40,5,2,2,1.0,6.0,92012,TRAVERSIERE (RUE),M,"48,8255000","2,2472400",92,2019,50.0,1.0,1.0,4.0,2260985,10.0,3,4,2,0.0,,4.0,3,1999.0,A01,138Â 207Â 170,0.0,0.0,-1.0,1725848,3.0,7,,0.0,1.0,3.0,A01,138Â 207Â 170,0.0
1011054,201900052585,12,5,17:40,5,2,2,1.0,6.0,92012,TRAVERSIERE (RUE),M,"48,8255000","2,2472400",92,2019,50.0,1.0,1.0,4.0,2260986,1.0,1,1,1,1.0,,0.0,0,1986.0,A01,138Â 207Â 170,1.0,0.0,-1.0,1725848,3.0,7,,0.0,1.0,3.0,A01,138Â 207Â 170,0.0
1011055,201900052586,12,5,15:40,1,2,1,1.0,6.0,92012,REPUBLIQUE (BOULEVARD DE LA) 79/FIN - 76,M,"48,8331700","2,2456430",92,2019,50.0,1.0,1.0,3.0,2260987,1.0,1,4,2,0.0,,-1.0,0,1972.0,B01,138Â 207Â 168,8.0,0.0,-1.0,1725849,3.0,1,,1.0,0.0,1.0,B01,138Â 207Â 168,5.0
1011055,201900052586,12,5,15:40,1,2,1,1.0,6.0,92012,REPUBLIQUE (BOULEVARD DE LA) 79/FIN - 76,M,"48,8331700","2,2456430",92,2019,50.0,1.0,1.0,3.0,2260987,1.0,1,4,2,0.0,,-1.0,0,1972.0,B01,138Â 207Â 168,8.0,0.0,-1.0,1725850,3.0,10,,0.0,0.0,8.0,A01,138Â 207Â 169,0.0
1011055,201900052586,12,5,15:40,1,2,1,1.0,6.0,92012,REPUBLIQUE (BOULEVARD DE LA) 79/FIN - 76,M,"48,8331700","2,2456430",92,2019,50.0,1.0,1.0,3.0,2260988,1.0,1,1,1,4.0,,-1.0,0,1964.0,A01,138Â 207Â 169,8.0,0.0,-1.0,1725849,3.0,1,,1.0,0.0,1.0,B01,138Â 207Â 168,5.0
1011055,201900052586,12,5,15:40,1,2,1,1.0,6.0,92012,REPUBLIQUE (BOULEVARD DE LA) 79/FIN - 76,M,"48,8331700","2,2456430",92,2019,50.0,1.0,1.0,3.0,2260988,1.0,1,1,1,4.0,,-1.0,0,1964.0,A01,138Â 207Â 169,8.0,0.0,-1.0,1725850,3.0,10,,0.0,0.0,8.0,A01,138Â 207Â 169,0.0
1011056,201900052587,12,6,13:40,1,2,2,1.0,3.0,71301,D42,M,"46,6246080","3,8151400",71,2019,50.0,1.0,1.0,3.0,2260989,1.0,1,1,1,4.0,,0.0,0,1984.0,B01,138Â 207Â 166,1.0,-1.0,-1.0,1725851,1.0,10,,0.0,2.0,1.0,B01,138Â 207Â 166,1.0
1011056,201900052587,12,6,13:40,1,2,2,1.0,3.0,71301,D42,M,"46,6246080","3,8151400",71,2019,50.0,1.0,1.0,3.0,2260989,1.0,1,1,1,4.0,,0.0,0,1984.0,B01,138Â 207Â 166,1.0,-1.0,-1.0,1725852,1.0,3,,0.0,2.0,3.0,A01,138Â 207Â 167,1.0
1011056,201900052587,12,6,13:40,1,2,2,1.0,3.0,71301,D42,M,"46,6246080","3,8151400",71,2019,50.0,1.0,1.0,3.0,2260990,1.0,1,3,1,5.0,,0.0,0,1933.0,A01,138Â 207Â 167,1.0,-1.0,-1.0,1725851,1.0,10,,0.0,2.0,1.0,B01,138Â 207Â 166,1.0
1011056,201900052587,12,6,13:40,1,2,2,1.0,3.0,71301,D42,M,"46,6246080","3,8151400",71,2019,50.0,1.0,1.0,3.0,2260990,1.0,1,3,1,5.0,,0.0,0,1933.0,A01,138Â 207Â 167,1.0,-1.0,-1.0,1725852,1.0,3,,0.0,2.0,3.0,A01,138Â 207Â 167,1.0
1011057,201900052588,10,15,19:00,2,2,3,1.0,3.0,84037,27 Avenue General de Gaulle,M,"44,0584980","4,8345110",84,2019,30.0,1.0,1.0,3.0,2260991,1.0,1,4,1,5.0,,0.0,0,1961.0,B01,138Â 207Â 164,2.0,-1.0,-1.0,1725853,3.0,1,,0.0,2.0,1.0,B01,138Â 207Â 164,5.0
1011057,201900052588,10,15,19:00,2,2,3,1.0,3.0,84037,27 Avenue General de Gaulle,M,"44,0584980","4,8345110",84,2019,30.0,1.0,1.0,3.0,2260991,1.0,1,4,1,5.0,,0.0,0,1961.0,B01,138Â 207Â 164,2.0,-1.0,-1.0,1725854,3.0,7,,0.0,0.0,2.0,A01,138Â 207Â 165,1.0
1011057,201900052588,10,15,19:00,2,2,3,1.0,3.0,84037,27 Avenue General de Gaulle,M,"44,0584980","4,8345110",84,2019,30.0,1.0,1.0,3.0,2260992,1.0,1,1,1,1.0,,0.0,0,1965.0,A01,138Â 207Â 165,1.0,-1.0,-1.0,1725853,3.0,1,,0.0,2.0,1.0,B01,138Â 207Â 164,5.0
1011057,201900052588,10,15,19:00,2,2,3,1.0,3.0,84037,27 Avenue General de Gaulle,M,"44,0584980","4,8345110",84,2019,30.0,1.0,1.0,3.0,2260992,1.0,1,1,1,1.0,,0.0,0,1965.0,A01,138Â 207Â 165,1.0,-1.0,-1.0,1725854,3.0,7,,0.0,0.0,2.0,A01,138Â 207Â 165,1.0
1011058,201900052589,12,6,15:40,1,1,3,1.0,3.0,63257,D2089,M,"45,7380950","2,8480410",63,2019,80.0,1.0,1.0,3.0,2260993,2.0,2,4,2,5.0,,0.0,0,1956.0,B01,138Â 207Â 162,1.0,-1.0,-1.0,1725855,1.0,7,,0.0,2.0,1.0,B01,138Â 207Â 162,1.0
1011058,201900052589,12,6,15:40,1,1,3,1.0,3.0,63257,D2089,M,"45,7380950","2,8480410",63,2019,80.0,1.0,1.0,3.0,2260993,2.0,2,4,2,5.0,,0.0,0,1956.0,B01,138Â 207Â 162,1.0,-1.0,-1.0,1725856,1.0,7,,0.0,2.0,8.0,A01,138Â 207Â 163,1.0
1011058,201900052589,12,6,15:40,1,1,3,1.0,3.0,63257,D2089,M,"45,7380950","2,8480410",63,2019,80.0,1.0,1.0,3.0,2260994,1.0,1,4,1,5.0,,0.0,0,1946.0,B01,138Â 207Â 162,1.0,-1.0,-1.0,1725855,1.0,7,,0.0,2.0,1.0,B01,138Â 207Â 162,1.0
1011058,201900052589,12,6,15:40,1,1,3,1.0,3.0,63257,D2089,M,"45,7380950","2,8480410",63,2019,80.0,1.0,1.0,3.0,2260994,1.0,1,4,1,5.0,,0.0,0,1946.0,B01,138Â 207Â 162,1.0,-1.0,-1.0,1725856,1.0,7,,0.0,2.0,8.0,A01,138Â 207Â 163,1.0
1011058,201900052589,12,6,15:40,1,1,3,1.0,3.0,63257,D2089,M,"45,7380950","2,8480410",63,2019,80.0,1.0,1.0,3.0,2260995,1.0,1,3,2,5.0,,0.0,0,2001.0,A01,138Â 207Â 163,1.0,-1.0,-1.0,1725855,1.0,7,,0.0,2.0,1.0,B01,138Â 207Â 162,1.0
1011058,201900052589,12,6,15:40,1,1,3,1.0,3.0,63257,D2089,M,"45,7380950","2,8480410",63,2019,80.0,1.0,1.0,3.0,2260995,1.0,1,3,2,5.0,,0.0,0,2001.0,A01,138Â 207Â 163,1.0,-1.0,-1.0,1725856,1.0,7,,0.0,2.0,8.0,A01,138Â 207Â 163,1.0
1011059,201900052590,12,3,07:00,5,2,2,8.0,3.0,63012,2 Rue de la Combe Ronde,M,"46,0002270","3,1475210",63,2019,50.0,1.0,7.0,3.0,2260996,1.0,1,1,1,1.0,,0.0,0,1977.0,B01,138Â 207Â 160,1.0,-1.0,-1.0,1725857,1.0,7,,0.0,2.0,1.0,B01,138Â 207Â 160,1.0
1011059,201900052590,12,3,07:00,5,2,2,8.0,3.0,63012,2 Rue de la Combe Ronde,M,"46,0002270","3,1475210",63,2019,50.0,1.0,7.0,3.0,2260996,1.0,1,1,1,1.0,,0.0,0,1977.0,B01,138Â 207Â 160,1.0,-1.0,-1.0,1725858,1.0,7,,9.0,2.0,8.0,A01,138Â 207Â 161,1.0
1011059,201900052590,12,3,07:00,5,2,2,8.0,3.0,63012,2 Rue de la Combe Ronde,M,"46,0002270","3,1475210",63,2019,50.0,1.0,7.0,3.0,2260997,1.0,1,3,2,1.0,,0.0,0,1976.0,A01,138Â 207Â 161,1.0,-1.0,-1.0,1725857,1.0,7,,0.0,2.0,1.0,B01,138Â 207Â 160,1.0
1011059,201900052590,12,3,07:00,5,2,2,8.0,3.0,63012,2 Rue de la Combe Ronde,M,"46,0002270","3,1475210",63,2019,50.0,1.0,7.0,3.0,2260997,1.0,1,3,2,1.0,,0.0,0,1976.0,A01,138Â 207Â 161,1.0,-1.0,-1.0,1725858,1.0,7,,9.0,2.0,8.0,A01,138Â 207Â 161,1.0
1011060,201900052591,11,19,19:15,3,1,3,1.0,3.0,47233,569 Lieu Dit Font de Lauque,M,"44,5366350","0,1095950",47,2019,70.0,1.0,1.0,4.0,2260998,1.0,1,1,1,5.0,,0.0,0,1975.0,B01,138Â 207Â 158,1.0,-1.0,-1.0,1725859,3.0,7,,0.0,2.0,7.0,B01,138Â 207Â 158,1.0
1011060,201900052591,11,19,19:15,3,1,3,1.0,3.0,47233,569 Lieu Dit Font de Lauque,M,"44,5366350","0,1095950",47,2019,70.0,1.0,1.0,4.0,2260998,1.0,1,1,1,5.0,,0.0,0,1975.0,B01,138Â 207Â 158,1.0,-1.0,-1.0,1725860,3.0,2,,0.0,2.0,1.0,A01,138Â 207Â 159,1.0
1011060,201900052591,11,19,19:15,3,1,3,1.0,3.0,47233,569 Lieu Dit Font de Lauque,M,"44,5366350","0,1095950",47,2019,70.0,1.0,1.0,4.0,2260999,2.0,2,1,1,5.0,,0.0,0,1968.0,B01,138Â 207Â 158,1.0,-1.0,-1.0,1725859,3.0,7,,0.0,2.0,7.0,B01,138Â 207Â 158,1.0
1011060,201900052591,11,19,19:15,3,1,3,1.0,3.0,47233,569 Lieu Dit Font de Lauque,M,"44,5366350","0,1095950",47,2019,70.0,1.0,1.0,4.0,2260999,2.0,2,1,1,5.0,,0.0,0,1968.0,B01,138Â 207Â 158,1.0,-1.0,-1.0,1725860,3.0,2,,0.0,2.0,1.0,A01,138Â 207Â 159,1.0
1011060,201900052591,11,19,19:15,3,1,3,1.0,3.0,47233,569 Lieu Dit Font de Lauque,M,"44,5366350","0,1095950",47,2019,70.0,1.0,1.0,4.0,2261000,1.0,1,3,1,1.0,,0.0,0,2001.0,A01,138Â 207Â 159,2.0,6.0,-1.0,1725859,3.0,7,,0.0,2.0,7.0,B01,138Â 207Â 158,1.0
1011060,201900052591,11,19,19:15,3,1,3,1.0,3.0,47233,569 Lieu Dit Font de Lauque,M,"44,5366350","0,1095950",47,2019,70.0,1.0,1.0,4.0,2261000,1.0,1,3,1,1.0,,0.0,0,2001.0,A01,138Â 207Â 159,2.0,6.0,-1.0,1725860,3.0,2,,0.0,2.0,1.0,A01,138Â 207Â 159,1.0
1011061,201900052592,12,5,17:30,3,1,1,1.0,7.0,63163,A89,M,"45,7675830","2,7309250",63,2019,130.0,2.0,1.0,1.0,2261001,1.0,1,3,1,4.0,,0.0,0,1957.0,A01,138Â 207Â 157,1.0,-1.0,-1.0,1725861,2.0,7,,3.0,0.0,9.0,A01,138Â 207Â 157,1.0
1011062,201900052593,12,6,10:35,1,2,1,1.0,3.0,51343,64 AVENUE DES TILLEULS,M,"48,5551472","3,7030158",51,2019,50.0,1.0,1.0,3.0,2261002,1.0,1,1,1,4.0,,0.0,0,1965.0,A01,138Â 207Â 155,0.0,-1.0,-1.0,1725862,1.0,21,,0.0,2.0,1.0,A01,138Â 207Â 155,1.0
1011062,201900052593,12,6,10:35,1,2,1,1.0,3.0,51343,64 AVENUE DES TILLEULS,M,"48,5551472","3,7030158",51,2019,50.0,1.0,1.0,3.0,2261002,1.0,1,1,1,4.0,,0.0,0,1965.0,A01,138Â 207Â 155,0.0,-1.0,-1.0,1725863,2.0,7,,0.0,2.0,2.0,B01,138Â 207Â 156,1.0
1011062,201900052593,12,6,10:35,1,2,1,1.0,3.0,51343,64 AVENUE DES TILLEULS,M,"48,5551472","3,7030158",51,2019,50.0,1.0,1.0,3.0,2261003,1.0,1,2,1,5.0,,0.0,0,1932.0,B01,138Â 207Â 156,1.0,-1.0,-1.0,1725862,1.0,21,,0.0,2.0,1.0,A01,138Â 207Â 155,1.0
1011062,201900052593,12,6,10:35,1,2,1,1.0,3.0,51343,64 AVENUE DES TILLEULS,M,"48,5551472","3,7030158",51,2019,50.0,1.0,1.0,3.0,2261003,1.0,1,2,1,5.0,,0.0,0,1932.0,B01,138Â 207Â 156,1.0,-1.0,-1.0,1725863,2.0,7,,0.0,2.0,2.0,B01,138Â 207Â 156,1.0
1011063,201900052594,12,1,02:30,3,1,1,1.0,2.0,56164,RN 165 - PK 54,M,"47,6610500"," -2,8698530",56,2019,110.0,1.0,1.0,2.0,2261004,1.0,1,4,1,5.0,,0.0,0,1990.0,A01,138Â 207Â 153,1.0,-1.0,-1.0,1725864,1.0,7,,0.0,2.0,2.0,A01,138Â 207Â 153,1.0
1011063,201900052594,12,1,02:30,3,1,1,1.0,2.0,56164,RN 165 - PK 54,M,"47,6610500"," -2,8698530",56,2019,110.0,1.0,1.0,2.0,2261004,1.0,1,4,1,5.0,,0.0,0,1990.0,A01,138Â 207Â 153,1.0,-1.0,-1.0,1725865,1.0,7,,0.0,2.0,6.0,B01,138Â 207Â 154,1.0
1011063,201900052594,12,1,02:30,3,1,1,1.0,2.0,56164,RN 165 - PK 54,M,"47,6610500"," -2,8698530",56,2019,110.0,1.0,1.0,2.0,2261005,2.0,2,4,1,5.0,,0.0,0,1996.0,A01,138Â 207Â 153,1.0,-1.0,-1.0,1725864,1.0,7,,0.0,2.0,2.0,A01,138Â 207Â 153,1.0