Unnamed: 0_x,num_acc,mois,jour,hrmn,lum,agg,int,atm,col,com,adr,gps,lat,long,dep,annee,vma,situ,surf,catr,Unnamed: 0_y,place,catu,grav,sexe,trajet,secu,locp,actp,an_nais,num_veh_x,id_vehicule_x,secu1,secu2,secu3,Unnamed: 0,senc,catv,occutc,obs,obsm,choc,num_veh_y,id_vehicule_y,motor
1011063,201900052594,12,1,02:30,3,1,1,1.0,2.0,56164,RN 165 - PK 54,M,"47,6610500"," -2,8698530",56,2019,110.0,1.0,1.0,2.0,2261005,2.0,2,4,1,5.0,,0.0,0,1996.0,A01,138Â 207Â 153,1.0,-1.0,-1.0,1725865,1.0,7,,0.0,2.0,6.0,B01,138Â 207Â 154,1.0
1011063,201900052594,12,1,02:30,3,1,1,1.0,2.0,56164,RN 165 - PK 54,M,"47,6610500"," -2,8698530",56,2019,110.0,1.0,1.0,2.0,2261006,1.0,1,4,2,5.0,,0.0,0,1968.0,B01,138Â 207Â 154,1.0,-1.0,-1.0,1725864,1.0,7,,0.0,2.0,2.0,A01,138Â 207Â 153,1.0
1011063,201900052594,12,1,02:30,3,1,1,1.0,2.0,56164,RN 165 - PK 54,M,"47,6610500"," -2,8698530",56,2019,110.0,1.0,1.0,2.0,2261006,1.0,1,4,2,5.0,,0.0,0,1968.0,B01,138Â 207Â 154,1.0,-1.0,-1.0,1725865,1.0,7,,0.0,2.0,6.0,B01,138Â 207Â 154,1.0
1011063,201900052594,12,1,02:30,3,1,1,1.0,2.0,56164,RN 165 - PK 54,M,"47,6610500"," -2,8698530",56,2019,110.0,1.0,1.0,2.0,2261007,2.0,2,1,1,5.0,,0.0,0,1996.0,B01,138Â 207Â 154,1.0,-1.0,-1.0,1725864,1.0,7,,0.0,2.0,2.0,A01,138Â 207Â 153,1.0
1011063,201900052594,12,1,02:30,3,1,1,1.0,2.0,56164,RN 165 - PK 54,M,"47,6610500"," -2,8698530",56,2019,110.0,1.0,1.0,2.0,2261007,2.0,2,1,1,5.0,,0.0,0,1996.0,B01,138Â 207Â 154,1.0,-1.0,-1.0,1725865,1.0,7,,0.0,2.0,6.0,B01,138Â 207Â 154,1.0
1011063,201900052594,12,1,02:30,3,1,1,1.0,2.0,56164,RN 165 - PK 54,M,"47,6610500"," -2,8698530",56,2019,110.0,1.0,1.0,2.0,2261008,9.0,2,1,1,5.0,,0.0,0,2001.0,B01,138Â 207Â 154,1.0,-1.0,-1.0,1725864,1.0,7,,0.0,2.0,2.0,A01,138Â 207Â 153,1.0
1011063,201900052594,12,1,02:30,3,1,1,1.0,2.0,56164,RN 165 - PK 54,M,"47,6610500"," -2,8698530",56,2019,110.0,1.0,1.0,2.0,2261008,9.0,2,1,1,5.0,,0.0,0,2001.0,B01,138Â 207Â 154,1.0,-1.0,-1.0,1725865,1.0,7,,0.0,2.0,6.0,B01,138Â 207Â 154,1.0
1011064,201900052595,12,6,17:20,3,1,1,1.0,7.0,74002,Route de Saint - Sylvestre,M,"45,8270800","6,0241980",74,2019,80.0,3.0,1.0,3.0,2261009,1.0,1,4,1,0.0,,0.0,0,1934.0,A01,138Â 207Â 152,8.0,-1.0,-1.0,1725866,1.0,7,,16.0,0.0,8.0,A01,138Â 207Â 152,1.0
1011065,201900052596,12,4,11:45,1,1,1,7.0,1.0,67325,D392,M,"48,5252476","7,3553982",67,2019,70.0,1.0,1.0,3.0,2261010,1.0,1,1,1,0.0,,0.0,0,1961.0,A01,138Â 207Â 150,8.0,-1.0,-1.0,1725867,3.0,7,,0.0,2.0,2.0,A01,138Â 207Â 150,1.0
1011065,201900052596,12,4,11:45,1,1,1,7.0,1.0,67325,D392,M,"48,5252476","7,3553982",67,2019,70.0,1.0,1.0,3.0,2261010,1.0,1,1,1,0.0,,0.0,0,1961.0,A01,138Â 207Â 150,8.0,-1.0,-1.0,1725868,3.0,7,,0.0,0.0,2.0,B01,138Â 207Â 151,1.0
1011065,201900052596,12,4,11:45,1,1,1,7.0,1.0,67325,D392,M,"48,5252476","7,3553982",67,2019,70.0,1.0,1.0,3.0,2261011,1.0,1,4,1,0.0,,0.0,0,1972.0,B01,138Â 207Â 151,8.0,-1.0,-1.0,1725867,3.0,7,,0.0,2.0,2.0,A01,138Â 207Â 150,1.0
1011065,201900052596,12,4,11:45,1,1,1,7.0,1.0,67325,D392,M,"48,5252476","7,3553982",67,2019,70.0,1.0,1.0,3.0,2261011,1.0,1,4,1,0.0,,0.0,0,1972.0,B01,138Â 207Â 151,8.0,-1.0,-1.0,1725868,3.0,7,,0.0,0.0,2.0,B01,138Â 207Â 151,1.0
1011065,201900052596,12,4,11:45,1,1,1,7.0,1.0,67325,D392,M,"48,5252476","7,3553982",67,2019,70.0,1.0,1.0,3.0,2261012,2.0,2,1,2,0.0,,0.0,0,1991.0,B01,138Â 207Â 151,8.0,-1.0,-1.0,1725867,3.0,7,,0.0,2.0,2.0,A01,138Â 207Â 150,1.0
1011065,201900052596,12,4,11:45,1,1,1,7.0,1.0,67325,D392,M,"48,5252476","7,3553982",67,2019,70.0,1.0,1.0,3.0,2261012,2.0,2,1,2,0.0,,0.0,0,1991.0,B01,138Â 207Â 151,8.0,-1.0,-1.0,1725868,3.0,7,,0.0,0.0,2.0,B01,138Â 207Â 151,1.0
1011066,201900052597,12,3,07:05,2,2,3,1.0,4.0,11201,Avenue de Carcassonne,M,"43,1503630","2,3202610",11,2019,50.0,1.0,2.0,3.0,2261013,1.0,1,3,1,1.0,,0.0,0,1991.0,C01,138Â 207Â 147,1.0,-1.0,-1.0,1725869,2.0,7,,0.0,2.0,1.0,C01,138Â 207Â 147,0.0
1011066,201900052597,12,3,07:05,2,2,3,1.0,4.0,11201,Avenue de Carcassonne,M,"43,1503630","2,3202610",11,2019,50.0,1.0,2.0,3.0,2261013,1.0,1,3,1,1.0,,0.0,0,1991.0,C01,138Â 207Â 147,1.0,-1.0,-1.0,1725870,2.0,7,,0.0,2.0,4.0,B01,138Â 207Â 148,0.0
1011066,201900052597,12,3,07:05,2,2,3,1.0,4.0,11201,Avenue de Carcassonne,M,"43,1503630","2,3202610",11,2019,50.0,1.0,2.0,3.0,2261013,1.0,1,3,1,1.0,,0.0,0,1991.0,C01,138Â 207Â 147,1.0,-1.0,-1.0,1725871,2.0,7,,0.0,0.0,5.0,A01,138Â 207Â 149,0.0
1011066,201900052597,12,3,07:05,2,2,3,1.0,4.0,11201,Avenue de Carcassonne,M,"43,1503630","2,3202610",11,2019,50.0,1.0,2.0,3.0,2261014,1.0,1,1,1,0.0,,0.0,0,1977.0,B01,138Â 207Â 148,1.0,-1.0,-1.0,1725869,2.0,7,,0.0,2.0,1.0,C01,138Â 207Â 147,0.0
1011066,201900052597,12,3,07:05,2,2,3,1.0,4.0,11201,Avenue de Carcassonne,M,"43,1503630","2,3202610",11,2019,50.0,1.0,2.0,3.0,2261014,1.0,1,1,1,0.0,,0.0,0,1977.0,B01,138Â 207Â 148,1.0,-1.0,-1.0,1725870,2.0,7,,0.0,2.0,4.0,B01,138Â 207Â 148,0.0
1011066,201900052597,12,3,07:05,2,2,3,1.0,4.0,11201,Avenue de Carcassonne,M,"43,1503630","2,3202610",11,2019,50.0,1.0,2.0,3.0,2261014,1.0,1,1,1,0.0,,0.0,0,1977.0,B01,138Â 207Â 148,1.0,-1.0,-1.0,1725871,2.0,7,,0.0,0.0,5.0,A01,138Â 207Â 149,0.0
1011066,201900052597,12,3,07:05,2,2,3,1.0,4.0,11201,Avenue de Carcassonne,M,"43,1503630","2,3202610",11,2019,50.0,1.0,2.0,3.0,2261015,1.0,1,1,1,1.0,,0.0,0,1987.0,A01,138Â 207Â 149,1.0,-1.0,-1.0,1725869,2.0,7,,0.0,2.0,1.0,C01,138Â 207Â 147,0.0
1011066,201900052597,12,3,07:05,2,2,3,1.0,4.0,11201,Avenue de Carcassonne,M,"43,1503630","2,3202610",11,2019,50.0,1.0,2.0,3.0,2261015,1.0,1,1,1,1.0,,0.0,0,1987.0,A01,138Â 207Â 149,1.0,-1.0,-1.0,1725870,2.0,7,,0.0,2.0,4.0,B01,138Â 207Â 148,0.0
1011066,201900052597,12,3,07:05,2,2,3,1.0,4.0,11201,Avenue de Carcassonne,M,"43,1503630","2,3202610",11,2019,50.0,1.0,2.0,3.0,2261015,1.0,1,1,1,1.0,,0.0,0,1987.0,A01,138Â 207Â 149,1.0,-1.0,-1.0,1725871,2.0,7,,0.0,0.0,5.0,A01,138Â 207Â 149,0.0
1011067,201900052598,12,6,09:30,1,1,1,7.0,1.0,12190,LE TRAVERS,M,"44,3634600","2,2339370",12,2019,80.0,1.0,1.0,3.0,2261016,1.0,1,3,1,5.0,,0.0,0,1956.0,B01,138Â 207Â 145,0.0,-1.0,-1.0,1725872,2.0,7,,0.0,2.0,3.0,B01,138Â 207Â 145,1.0
1011067,201900052598,12,6,09:30,1,1,1,7.0,1.0,12190,LE TRAVERS,M,"44,3634600","2,2339370",12,2019,80.0,1.0,1.0,3.0,2261016,1.0,1,3,1,5.0,,0.0,0,1956.0,B01,138Â 207Â 145,0.0,-1.0,-1.0,1725873,1.0,14,,0.0,2.0,1.0,A01,138Â 207Â 146,1.0
1011067,201900052598,12,6,09:30,1,1,1,7.0,1.0,12190,LE TRAVERS,M,"44,3634600","2,2339370",12,2019,80.0,1.0,1.0,3.0,2261017,1.0,1,1,1,4.0,,0.0,0,1974.0,A01,138Â 207Â 146,0.0,-1.0,-1.0,1725872,2.0,7,,0.0,2.0,3.0,B01,138Â 207Â 145,1.0
1011067,201900052598,12,6,09:30,1,1,1,7.0,1.0,12190,LE TRAVERS,M,"44,3634600","2,2339370",12,2019,80.0,1.0,1.0,3.0,2261017,1.0,1,1,1,4.0,,0.0,0,1974.0,A01,138Â 207Â 146,0.0,-1.0,-1.0,1725873,1.0,14,,0.0,2.0,1.0,A01,138Â 207Â 146,1.0
1011068,201900052599,12,5,15:55,1,1,1,1.0,6.0,12238,CD 911  lieu dit la FARE,M,"44,2253940","2,9929990",12,2019,80.0,8.0,1.0,3.0,2261018,1.0,1,3,1,5.0,,0.0,0,1945.0,A01,138Â 207Â 144,1.0,-1.0,-1.0,1725874,2.0,7,,15.0,0.0,1.0,A01,138Â 207Â 144,1.0
1011068,201900052599,12,5,15:55,1,1,1,1.0,6.0,12238,CD 911  lieu dit la FARE,M,"44,2253940","2,9929990",12,2019,80.0,8.0,1.0,3.0,2261019,3.0,2,3,2,5.0,,0.0,0,1945.0,A01,138Â 207Â 144,1.0,-1.0,-1.0,1725874,2.0,7,,15.0,0.0,1.0,A01,138Â 207Â 144,1.0
1011068,201900052599,12,5,15:55,1,1,1,1.0,6.0,12238,CD 911  lieu dit la FARE,M,"44,2253940","2,9929990",12,2019,80.0,8.0,1.0,3.0,2261020,5.0,2,4,2,5.0,,0.0,0,2013.0,A01,138Â 207Â 144,1.0,-1.0,-1.0,1725874,2.0,7,,15.0,0.0,1.0,A01,138Â 207Â 144,1.0
1011069,201900052600,12,6,07:30,2,1,1,1.0,6.0,46169,D47,M,"44,7220680","1,3126980",46,2019,80.0,3.0,1.0,3.0,2261021,1.0,1,2,1,5.0,,0.0,0,1983.0,A01,138Â 207Â 143,1.0,-1.0,-1.0,1725875,1.0,7,,2.0,0.0,8.0,A01,138Â 207Â 143,1.0
1011070,201900052601,12,4,15:40,1,2,1,1.0,6.0,86160,29 Avenue du General de Gaulle,M,"46,7830490","0,1859010",86,2019,30.0,1.0,1.0,4.0,2261022,2.0,2,1,2,5.0,,0.0,0,1973.0,A01,138Â 207Â 142,1.0,-1.0,-1.0,1725876,2.0,7,,0.0,1.0,2.0,A01,138Â 207Â 142,1.0
1011070,201900052601,12,4,15:40,1,2,1,1.0,6.0,86160,29 Avenue du General de Gaulle,M,"46,7830490","0,1859010",86,2019,30.0,1.0,1.0,4.0,2261023,1.0,1,1,2,5.0,,0.0,0,2001.0,A01,138Â 207Â 142,1.0,-1.0,-1.0,1725876,2.0,7,,0.0,1.0,2.0,A01,138Â 207Â 142,1.0
1011070,201900052601,12,4,15:40,1,2,1,1.0,6.0,86160,29 Avenue du General de Gaulle,M,"46,7830490","0,1859010",86,2019,30.0,1.0,1.0,4.0,2261024,10.0,3,3,2,3.0,,1.0,3,1939.0,A01,138Â 207Â 142,0.0,-1.0,-1.0,1725876,2.0,7,,0.0,1.0,2.0,A01,138Â 207Â 142,1.0
1011071,201900052602,11,27,07:30,2,2,2,1.0,1.0,68257,1 Rue de Moos,M,"47,5017900","7,1674580",68,2019,50.0,1.0,2.0,3.0,2261025,1.0,1,3,1,2.0,,0.0,0,2005.0,B01,138Â 207Â 140,2.0,-1.0,-1.0,1725877,1.0,2,,0.0,2.0,1.0,B01,138Â 207Â 140,1.0
1011071,201900052602,11,27,07:30,2,2,2,1.0,1.0,68257,1 Rue de Moos,M,"47,5017900","7,1674580",68,2019,50.0,1.0,2.0,3.0,2261025,1.0,1,3,1,2.0,,0.0,0,2005.0,B01,138Â 207Â 140,2.0,-1.0,-1.0,1725878,2.0,7,,0.0,0.0,2.0,A01,138Â 207Â 141,1.0
1011071,201900052602,11,27,07:30,2,2,2,1.0,1.0,68257,1 Rue de Moos,M,"47,5017900","7,1674580",68,2019,50.0,1.0,2.0,3.0,2261026,1.0,1,1,1,5.0,,0.0,0,1958.0,A01,138Â 207Â 141,1.0,-1.0,-1.0,1725877,1.0,2,,0.0,2.0,1.0,B01,138Â 207Â 140,1.0
1011071,201900052602,11,27,07:30,2,2,2,1.0,1.0,68257,1 Rue de Moos,M,"47,5017900","7,1674580",68,2019,50.0,1.0,2.0,3.0,2261026,1.0,1,1,1,5.0,,0.0,0,1958.0,A01,138Â 207Â 141,1.0,-1.0,-1.0,1725878,2.0,7,,0.0,0.0,2.0,A01,138Â 207Â 141,1.0
1011072,201900052603,12,6,07:30,5,2,1,1.0,1.0,25356,19 Rue de Saint Hippolyte,M,"47,2557350","6,8005830",25,2019,50.0,1.0,1.0,3.0,2261027,1.0,1,1,1,1.0,,0.0,0,1998.0,A01,138Â 207Â 138,1.0,-1.0,-1.0,1725879,1.0,7,,0.0,1.0,3.0,A01,138Â 207Â 138,1.0
1011072,201900052603,12,6,07:30,5,2,1,1.0,1.0,25356,19 Rue de Saint Hippolyte,M,"47,2557350","6,8005830",25,2019,50.0,1.0,1.0,3.0,2261027,1.0,1,1,1,1.0,,0.0,0,1998.0,A01,138Â 207Â 138,1.0,-1.0,-1.0,1725880,2.0,60,,0.0,2.0,3.0,B01,138Â 207Â 139,5.0
1011072,201900052603,12,6,07:30,5,2,1,1.0,1.0,25356,19 Rue de Saint Hippolyte,M,"47,2557350","6,8005830",25,2019,50.0,1.0,1.0,3.0,2261028,10.0,3,3,1,2.0,,3.0,3,2008.0,B01,138Â 207Â 139,0.0,-1.0,-1.0,1725879,1.0,7,,0.0,1.0,3.0,A01,138Â 207Â 138,1.0
1011072,201900052603,12,6,07:30,5,2,1,1.0,1.0,25356,19 Rue de Saint Hippolyte,M,"47,2557350","6,8005830",25,2019,50.0,1.0,1.0,3.0,2261028,10.0,3,3,1,2.0,,3.0,3,2008.0,B01,138Â 207Â 139,0.0,-1.0,-1.0,1725880,2.0,60,,0.0,2.0,3.0,B01,138Â 207Â 139,5.0
1011073,201900052604,12,5,16:20,1,1,1,1.0,6.0,44130,7 Rue des 3 Moulins,M,"47,1473130"," -1,5630240",44,2019,70.0,1.0,1.0,3.0,2261029,10.0,3,3,1,2.0,,2.0,3,2008.0,A01,138Â 207Â 137,0.0,-1.0,-1.0,1725881,2.0,7,,0.0,1.0,1.0,A01,138Â 207Â 137,6.0
1011073,201900052604,12,5,16:20,1,1,1,1.0,6.0,44130,7 Rue des 3 Moulins,M,"47,1473130"," -1,5630240",44,2019,70.0,1.0,1.0,3.0,2261030,1.0,1,1,2,5.0,,0.0,0,1947.0,A01,138Â 207Â 137,1.0,-1.0,-1.0,1725881,2.0,7,,0.0,1.0,1.0,A01,138Â 207Â 137,6.0
1011073,201900052604,12,5,16:20,1,1,1,1.0,6.0,44130,7 Rue des 3 Moulins,M,"47,1473130"," -1,5630240",44,2019,70.0,1.0,1.0,3.0,2261031,2.0,2,1,2,5.0,,0.0,0,1973.0,A01,138Â 207Â 137,1.0,-1.0,-1.0,1725881,2.0,7,,0.0,1.0,1.0,A01,138Â 207Â 137,6.0
1011074,201900052605,12,5,18:50,3,1,1,5.0,6.0,44029,D7,M,"47,2986200"," -1,3294350",44,2019,80.0,3.0,2.0,3.0,2261032,1.0,1,2,1,5.0,,0.0,0,1953.0,A01,138Â 207Â 136,0.0,-1.0,-1.0,1725882,1.0,7,,17.0,0.0,2.0,A01,138Â 207Â 136,1.0
1011075,201900052606,12,6,08:15,1,1,1,2.0,3.0,29272,Saint-Yvi,M,"47,9632960"," -3,9671040",29,2019,110.0,1.0,2.0,2.0,2261033,1.0,1,1,1,4.0,,0.0,0,1995.0,B01,138Â 207Â 134,1.0,-1.0,-1.0,1725883,2.0,7,,0.0,2.0,8.0,B01,138Â 207Â 134,0.0
1011075,201900052606,12,6,08:15,1,1,1,2.0,3.0,29272,Saint-Yvi,M,"47,9632960"," -3,9671040",29,2019,110.0,1.0,2.0,2.0,2261033,1.0,1,1,1,4.0,,0.0,0,1995.0,B01,138Â 207Â 134,1.0,-1.0,-1.0,1725884,2.0,7,,0.0,2.0,7.0,A01,138Â 207Â 135,1.0
1011075,201900052606,12,6,08:15,1,1,1,2.0,3.0,29272,Saint-Yvi,M,"47,9632960"," -3,9671040",29,2019,110.0,1.0,2.0,2.0,2261034,1.0,1,4,2,0.0,,0.0,0,1984.0,A01,138Â 207Â 135,1.0,-1.0,-1.0,1725883,2.0,7,,0.0,2.0,8.0,B01,138Â 207Â 134,0.0
1011075,201900052606,12,6,08:15,1,1,1,2.0,3.0,29272,Saint-Yvi,M,"47,9632960"," -3,9671040",29,2019,110.0,1.0,2.0,2.0,2261034,1.0,1,4,2,0.0,,0.0,0,1984.0,A01,138Â 207Â 135,1.0,-1.0,-1.0,1725884,2.0,7,,0.0,2.0,7.0,A01,138Â 207Â 135,1.0
1011076,201900052607,12,5,14:10,1,2,1,1.0,1.0,29135,place des anciens combattants,M,"47,8329096"," -4,1750976",29,2019,50.0,1.0,1.0,3.0,2261035,1.0,1,4,1,5.0,,0.0,0,1977.0,B01,138Â 207Â 132,6.0,-1.0,-1.0,1725885,1.0,1,,0.0,2.0,3.0,B01,138Â 207Â 132,5.0
1011076,201900052607,12,5,14:10,1,2,1,1.0,1.0,29135,place des anciens combattants,M,"47,8329096"," -4,1750976",29,2019,50.0,1.0,1.0,3.0,2261035,1.0,1,4,1,5.0,,0.0,0,1977.0,B01,138Â 207Â 132,6.0,-1.0,-1.0,1725886,2.0,7,,0.0,2.0,1.0,A01,138Â 207Â 133,1.0
1011076,201900052607,12,5,14:10,1,2,1,1.0,1.0,29135,place des anciens combattants,M,"47,8329096"," -4,1750976",29,2019,50.0,1.0,1.0,3.0,2261036,1.0,1,1,1,4.0,,0.0,0,1970.0,A01,138Â 207Â 133,1.0,-1.0,-1.0,1725885,1.0,1,,0.0,2.0,3.0,B01,138Â 207Â 132,5.0
1011076,201900052607,12,5,14:10,1,2,1,1.0,1.0,29135,place des anciens combattants,M,"47,8329096"," -4,1750976",29,2019,50.0,1.0,1.0,3.0,2261036,1.0,1,1,1,4.0,,0.0,0,1970.0,A01,138Â 207Â 133,1.0,-1.0,-1.0,1725886,2.0,7,,0.0,2.0,1.0,A01,138Â 207Â 133,1.0
1011077,201900052608,12,6,05:25,3,1,1,5.0,5.0,70005,RD 486,M,"47,5849520","6,4287630",70,2019,-1.0,1.0,7.0,3.0,2261037,1.0,1,1,1,4.0,,0.0,0,1959.0,A01,138Â 207Â 129,1.0,-1.0,-1.0,1725887,1.0,17,,0.0,2.0,6.0,A01,138Â 207Â 129,0.0
1011077,201900052608,12,6,05:25,3,1,1,5.0,5.0,70005,RD 486,M,"47,5849520","6,4287630",70,2019,-1.0,1.0,7.0,3.0,2261037,1.0,1,1,1,4.0,,0.0,0,1959.0,A01,138Â 207Â 129,1.0,-1.0,-1.0,1725888,2.0,7,,0.0,2.0,3.0,B01,138Â 207Â 130,1.0
1011077,201900052608,12,6,05:25,3,1,1,5.0,5.0,70005,RD 486,M,"47,5849520","6,4287630",70,2019,-1.0,1.0,7.0,3.0,2261037,1.0,1,1,1,4.0,,0.0,0,1959.0,A01,138Â 207Â 129,1.0,-1.0,-1.0,1725889,2.0,7,,0.0,2.0,9.0,C01,138Â 207Â 131,1.0
1011077,201900052608,12,6,05:25,3,1,1,5.0,5.0,70005,RD 486,M,"47,5849520","6,4287630",70,2019,-1.0,1.0,7.0,3.0,2261038,1.0,1,4,2,1.0,,0.0,0,1967.0,B01,138Â 207Â 130,1.0,-1.0,-1.0,1725887,1.0,17,,0.0,2.0,6.0,A01,138Â 207Â 129,0.0
1011077,201900052608,12,6,05:25,3,1,1,5.0,5.0,70005,RD 486,M,"47,5849520","6,4287630",70,2019,-1.0,1.0,7.0,3.0,2261038,1.0,1,4,2,1.0,,0.0,0,1967.0,B01,138Â 207Â 130,1.0,-1.0,-1.0,1725888,2.0,7,,0.0,2.0,3.0,B01,138Â 207Â 130,1.0
1011077,201900052608,12,6,05:25,3,1,1,5.0,5.0,70005,RD 486,M,"47,5849520","6,4287630",70,2019,-1.0,1.0,7.0,3.0,2261038,1.0,1,4,2,1.0,,0.0,0,1967.0,B01,138Â 207Â 130,1.0,-1.0,-1.0,1725889,2.0,7,,0.0,2.0,9.0,C01,138Â 207Â 131,1.0
1011077,201900052608,12,6,05:25,3,1,1,5.0,5.0,70005,RD 486,M,"47,5849520","6,4287630",70,2019,-1.0,1.0,7.0,3.0,2261039,2.0,2,4,2,0.0,,0.0,0,1952.0,C01,138Â 207Â 131,1.0,-1.0,-1.0,1725887,1.0,17,,0.0,2.0,6.0,A01,138Â 207Â 129,0.0
1011077,201900052608,12,6,05:25,3,1,1,5.0,5.0,70005,RD 486,M,"47,5849520","6,4287630",70,2019,-1.0,1.0,7.0,3.0,2261039,2.0,2,4,2,0.0,,0.0,0,1952.0,C01,138Â 207Â 131,1.0,-1.0,-1.0,1725888,2.0,7,,0.0,2.0,3.0,B01,138Â 207Â 130,1.0
1011077,201900052608,12,6,05:25,3,1,1,5.0,5.0,70005,RD 486,M,"47,5849520","6,4287630",70,2019,-1.0,1.0,7.0,3.0,2261039,2.0,2,4,2,0.0,,0.0,0,1952.0,C01,138Â 207Â 131,1.0,-1.0,-1.0,1725889,2.0,7,,0.0,2.0,9.0,C01,138Â 207Â 131,1.0
1011077,201900052608,12,6,05:25,3,1,1,5.0,5.0,70005,RD 486,M,"47,5849520","6,4287630",70,2019,-1.0,1.0,7.0,3.0,2261040,1.0,1,4,2,4.0,,0.0,0,1963.0,C01,138Â 207Â 131,1.0,-1.0,-1.0,1725887,1.0,17,,0.0,2.0,6.0,A01,138Â 207Â 129,0.0
1011077,201900052608,12,6,05:25,3,1,1,5.0,5.0,70005,RD 486,M,"47,5849520","6,4287630",70,2019,-1.0,1.0,7.0,3.0,2261040,1.0,1,4,2,4.0,,0.0,0,1963.0,C01,138Â 207Â 131,1.0,-1.0,-1.0,1725888,2.0,7,,0.0,2.0,3.0,B01,138Â 207Â 130,1.0
1011077,201900052608,12,6,05:25,3,1,1,5.0,5.0,70005,RD 486,M,"47,5849520","6,4287630",70,2019,-1.0,1.0,7.0,3.0,2261040,1.0,1,4,2,4.0,,0.0,0,1963.0,C01,138Â 207Â 131,1.0,-1.0,-1.0,1725889,2.0,7,,0.0,2.0,9.0,C01,138Â 207Â 131,1.0
1011078,201900052609,12,6,18:15,5,2,6,2.0,6.0,72128,Rue du Godet,M,"47,9005650","0,6304870",72,2019,50.0,1.0,2.0,3.0,2261041,10.0,3,4,2,3.0,,1.0,3,1956.0,A01,138Â 207Â 128,0.0,-1.0,-1.0,1725890,2.0,7,,0.0,1.0,1.0,A01,138Â 207Â 128,1.0
1011078,201900052609,12,6,18:15,5,2,6,2.0,6.0,72128,Rue du Godet,M,"47,9005650","0,6304870",72,2019,50.0,1.0,2.0,3.0,2261042,1.0,1,4,1,5.0,,0.0,0,1980.0,A01,138Â 207Â 128,1.0,-1.0,-1.0,1725890,2.0,7,,0.0,1.0,1.0,A01,138Â 207Â 128,1.0
1011078,201900052609,12,6,18:15,5,2,6,2.0,6.0,72128,Rue du Godet,M,"47,9005650","0,6304870",72,2019,50.0,1.0,2.0,3.0,2261043,10.0,3,4,2,3.0,,1.0,3,1956.0,A01,138Â 207Â 128,0.0,-1.0,-1.0,1725890,2.0,7,,0.0,1.0,1.0,A01,138Â 207Â 128,1.0
1011079,201900052610,12,5,19:00,3,1,1,1.0,2.0,50147,D2,M,"49,0650840"," -1,4539330",50,2019,70.0,1.0,1.0,3.0,2261044,1.0,1,3,1,1.0,,0.0,0,1996.0,B01,138Â 207Â 125,2.0,6.0,-1.0,1725891,2.0,2,,0.0,2.0,4.0,B01,138Â 207Â 125,1.0
1011079,201900052610,12,5,19:00,3,1,1,1.0,2.0,50147,D2,M,"49,0650840"," -1,4539330",50,2019,70.0,1.0,1.0,3.0,2261044,1.0,1,3,1,1.0,,0.0,0,1996.0,B01,138Â 207Â 125,2.0,6.0,-1.0,1725892,2.0,7,,0.0,2.0,2.0,A01,138Â 207Â 126,1.0
1011079,201900052610,12,5,19:00,3,1,1,1.0,2.0,50147,D2,M,"49,0650840"," -1,4539330",50,2019,70.0,1.0,1.0,3.0,2261045,1.0,1,1,1,3.0,,0.0,0,1992.0,A01,138Â 207Â 126,1.0,-1.0,-1.0,1725891,2.0,2,,0.0,2.0,4.0,B01,138Â 207Â 125,1.0
1011079,201900052610,12,5,19:00,3,1,1,1.0,2.0,50147,D2,M,"49,0650840"," -1,4539330",50,2019,70.0,1.0,1.0,3.0,2261045,1.0,1,1,1,3.0,,0.0,0,1992.0,A01,138Â 207Â 126,1.0,-1.0,-1.0,1725892,2.0,7,,0.0,2.0,2.0,A01,138Â 207Â 126,1.0
1011080,201900052611,12,5,19:00,3,1,1,1.0,3.0,83025,Route de Barjols,M,"43,5327780","5,9818990",83,2019,80.0,1.0,2.0,3.0,2261046,1.0,1,4,1,5.0,,0.0,0,1987.0,B01,138Â 207Â 123,4.0,9.0,-1.0,1725893,1.0,1,,0.0,9.0,0.0,B01,138Â 207Â 123,6.0
1011080,201900052611,12,5,19:00,3,1,1,1.0,3.0,83025,Route de Barjols,M,"43,5327780","5,9818990",83,2019,80.0,1.0,2.0,3.0,2261046,1.0,1,4,1,5.0,,0.0,0,1987.0,B01,138Â 207Â 123,4.0,9.0,-1.0,1725894,1.0,3,,0.0,0.0,0.0,A01,138Â 207Â 124,0.0
1011081,201900052612,12,5,15:00,1,1,2,5.0,3.0,45161,D315 - D115,M,"48,0672600","2,8246470",45,2019,80.0,1.0,1.0,3.0,2261047,2.0,2,3,1,5.0,,0.0,0,1929.0,A01,138Â 207Â 119,8.0,-1.0,-1.0,1725895,1.0,7,,0.0,2.0,7.0,A01,138Â 207Â 119,1.0
1011081,201900052612,12,5,15:00,1,1,2,5.0,3.0,45161,D315 - D115,M,"48,0672600","2,8246470",45,2019,80.0,1.0,1.0,3.0,2261047,2.0,2,3,1,5.0,,0.0,0,1929.0,A01,138Â 207Â 119,8.0,-1.0,-1.0,1725896,2.0,7,,0.0,2.0,3.0,B01,138Â 207Â 120,1.0
1011081,201900052612,12,5,15:00,1,1,2,5.0,3.0,45161,D315 - D115,M,"48,0672600","2,8246470",45,2019,80.0,1.0,1.0,3.0,2261048,1.0,1,4,1,5.0,,0.0,0,1933.0,A01,138Â 207Â 119,8.0,-1.0,-1.0,1725895,1.0,7,,0.0,2.0,7.0,A01,138Â 207Â 119,1.0