Unnamed: 0_x,num_acc,mois,jour,hrmn,lum,agg,int,atm,col,com,adr,gps,lat,long,dep,annee,vma,situ,surf,catr,Unnamed: 0_y,place,catu,grav,sexe,trajet,secu,locp,actp,an_nais,num_veh_x,id_vehicule_x,secu1,secu2,secu3,Unnamed: 0,senc,catv,occutc,obs,obsm,choc,num_veh_y,id_vehicule_y,motor
1011081,201900052612,12,5,15:00,1,1,2,5.0,3.0,45161,D315 - D115,M,"48,0672600","2,8246470",45,2019,80.0,1.0,1.0,3.0,2261048,1.0,1,4,1,5.0,,0.0,0,1933.0,A01,138Â 207Â 119,8.0,-1.0,-1.0,1725896,2.0,7,,0.0,2.0,3.0,B01,138Â 207Â 120,1.0
1011081,201900052612,12,5,15:00,1,1,2,5.0,3.0,45161,D315 - D115,M,"48,0672600","2,8246470",45,2019,80.0,1.0,1.0,3.0,2261049,1.0,1,1,2,0.0,,0.0,0,1965.0,B01,138Â 207Â 120,8.0,-1.0,-1.0,1725895,1.0,7,,0.0,2.0,7.0,A01,138Â 207Â 119,1.0
1011081,201900052612,12,5,15:00,1,1,2,5.0,3.0,45161,D315 - D115,M,"48,0672600","2,8246470",45,2019,80.0,1.0,1.0,3.0,2261049,1.0,1,1,2,0.0,,0.0,0,1965.0,B01,138Â 207Â 120,8.0,-1.0,-1.0,1725896,2.0,7,,0.0,2.0,3.0,B01,138Â 207Â 120,1.0
1011081,201900052612,12,5,15:00,1,1,2,5.0,3.0,45161,D315 - D115,M,"48,0672600","2,8246470",45,2019,80.0,1.0,1.0,3.0,2261050,9.0,2,1,1,0.0,,0.0,0,2013.0,B01,138Â 207Â 120,8.0,-1.0,-1.0,1725895,1.0,7,,0.0,2.0,7.0,A01,138Â 207Â 119,1.0
1011081,201900052612,12,5,15:00,1,1,2,5.0,3.0,45161,D315 - D115,M,"48,0672600","2,8246470",45,2019,80.0,1.0,1.0,3.0,2261050,9.0,2,1,1,0.0,,0.0,0,2013.0,B01,138Â 207Â 120,8.0,-1.0,-1.0,1725896,2.0,7,,0.0,2.0,3.0,B01,138Â 207Â 120,1.0
1011082,201900052613,12,2,20:50,3,1,9,2.0,6.0,64519,Route de Bordeaux,M,"43,3654253"," -0,3801926",64,2019,70.0,1.0,2.0,3.0,2261051,1.0,1,3,1,1.0,,0.0,0,1978.0,A01,138Â 207Â 118,2.0,6.0,-1.0,1725897,2.0,32,,12.0,0.0,4.0,A01,138Â 207Â 118,1.0
1011083,201900052614,12,4,17:15,2,1,1,1.0,6.0,07236,route de St Victor,M,"45,0927210","4,6337520",7,2019,80.0,1.0,1.0,3.0,2261052,1.0,1,1,1,1.0,,0.0,0,1962.0,A01,138Â 207Â 116,8.0,-1.0,-1.0,1725898,2.0,7,,0.0,0.0,0.0,A01,138Â 207Â 116,1.0
1011083,201900052614,12,4,17:15,2,1,1,1.0,6.0,07236,route de St Victor,M,"45,0927210","4,6337520",7,2019,80.0,1.0,1.0,3.0,2261052,1.0,1,1,1,1.0,,0.0,0,1962.0,A01,138Â 207Â 116,8.0,-1.0,-1.0,1725899,1.0,1,,0.0,0.0,0.0,B01,138Â 207Â 117,5.0
1011083,201900052614,12,4,17:15,2,1,1,1.0,6.0,07236,route de St Victor,M,"45,0927210","4,6337520",7,2019,80.0,1.0,1.0,3.0,2261053,1.0,1,3,1,5.0,,0.0,0,1956.0,B01,138Â 207Â 117,2.0,-1.0,-1.0,1725898,2.0,7,,0.0,0.0,0.0,A01,138Â 207Â 116,1.0
1011083,201900052614,12,4,17:15,2,1,1,1.0,6.0,07236,route de St Victor,M,"45,0927210","4,6337520",7,2019,80.0,1.0,1.0,3.0,2261053,1.0,1,3,1,5.0,,0.0,0,1956.0,B01,138Â 207Â 117,2.0,-1.0,-1.0,1725899,1.0,1,,0.0,0.0,0.0,B01,138Â 207Â 117,5.0
1011084,201900052615,12,5,17:20,3,1,2,5.0,2.0,53276,D32,M,"48,1455840"," -0,2924630",53,2019,80.0,1.0,2.0,3.0,2261054,1.0,1,1,1,4.0,,0.0,0,1972.0,B01,138Â 207Â 114,1.0,-1.0,-1.0,1725900,1.0,14,,0.0,0.0,4.0,B01,138Â 207Â 114,1.0
1011084,201900052615,12,5,17:20,3,1,2,5.0,2.0,53276,D32,M,"48,1455840"," -0,2924630",53,2019,80.0,1.0,2.0,3.0,2261054,1.0,1,1,1,4.0,,0.0,0,1972.0,B01,138Â 207Â 114,1.0,-1.0,-1.0,1725901,1.0,7,,0.0,2.0,1.0,A01,138Â 207Â 115,1.0
1011084,201900052615,12,5,17:20,3,1,2,5.0,2.0,53276,D32,M,"48,1455840"," -0,2924630",53,2019,80.0,1.0,2.0,3.0,2261055,1.0,1,3,2,5.0,,0.0,0,1958.0,A01,138Â 207Â 115,1.0,-1.0,-1.0,1725900,1.0,14,,0.0,0.0,4.0,B01,138Â 207Â 114,1.0
1011084,201900052615,12,5,17:20,3,1,2,5.0,2.0,53276,D32,M,"48,1455840"," -0,2924630",53,2019,80.0,1.0,2.0,3.0,2261055,1.0,1,3,2,5.0,,0.0,0,1958.0,A01,138Â 207Â 115,1.0,-1.0,-1.0,1725901,1.0,7,,0.0,2.0,1.0,A01,138Â 207Â 115,1.0
1011085,201900052616,12,5,15:54,1,1,1,5.0,1.0,21584,D906,M,"47,2559210","4,2710740",21,2019,80.0,1.0,2.0,3.0,2261056,1.0,1,3,1,4.0,,0.0,0,1983.0,B01,138Â 207Â 112,8.0,-1.0,-1.0,1725902,2.0,15,,0.0,0.0,3.0,B01,138Â 207Â 112,1.0
1011085,201900052616,12,5,15:54,1,1,1,5.0,1.0,21584,D906,M,"47,2559210","4,2710740",21,2019,80.0,1.0,2.0,3.0,2261056,1.0,1,3,1,4.0,,0.0,0,1983.0,B01,138Â 207Â 112,8.0,-1.0,-1.0,1725903,1.0,10,,0.0,2.0,3.0,A01,138Â 207Â 113,1.0
1011085,201900052616,12,5,15:54,1,1,1,5.0,1.0,21584,D906,M,"47,2559210","4,2710740",21,2019,80.0,1.0,2.0,3.0,2261057,1.0,1,2,1,4.0,,0.0,0,1992.0,A01,138Â 207Â 113,8.0,-1.0,-1.0,1725902,2.0,15,,0.0,0.0,3.0,B01,138Â 207Â 112,1.0
1011085,201900052616,12,5,15:54,1,1,1,5.0,1.0,21584,D906,M,"47,2559210","4,2710740",21,2019,80.0,1.0,2.0,3.0,2261057,1.0,1,2,1,4.0,,0.0,0,1992.0,A01,138Â 207Â 113,8.0,-1.0,-1.0,1725903,1.0,10,,0.0,2.0,3.0,A01,138Â 207Â 113,1.0
1011086,201900052617,12,5,16:50,2,1,1,5.0,1.0,52107,D674,M,"48,2019910","5,2657690",52,2019,80.0,1.0,2.0,3.0,2261058,1.0,1,3,1,0.0,,0.0,0,1975.0,B01,138Â 207Â 110,8.0,-1.0,-1.0,1725904,2.0,10,,0.0,2.0,1.0,B01,138Â 207Â 110,1.0
1011086,201900052617,12,5,16:50,2,1,1,5.0,1.0,52107,D674,M,"48,2019910","5,2657690",52,2019,80.0,1.0,2.0,3.0,2261058,1.0,1,3,1,0.0,,0.0,0,1975.0,B01,138Â 207Â 110,8.0,-1.0,-1.0,1725905,1.0,7,,0.0,2.0,1.0,A01,138Â 207Â 111,1.0
1011086,201900052617,12,5,16:50,2,1,1,5.0,1.0,52107,D674,M,"48,2019910","5,2657690",52,2019,80.0,1.0,2.0,3.0,2261059,1.0,1,2,1,0.0,,0.0,0,1961.0,A01,138Â 207Â 111,8.0,-1.0,-1.0,1725904,2.0,10,,0.0,2.0,1.0,B01,138Â 207Â 110,1.0
1011086,201900052617,12,5,16:50,2,1,1,5.0,1.0,52107,D674,M,"48,2019910","5,2657690",52,2019,80.0,1.0,2.0,3.0,2261059,1.0,1,2,1,0.0,,0.0,0,1961.0,A01,138Â 207Â 111,8.0,-1.0,-1.0,1725905,1.0,7,,0.0,2.0,1.0,A01,138Â 207Â 111,1.0
1011087,201900052618,12,5,17:40,3,2,3,1.0,3.0,68375,D2,M,"47,8166040","7,2674740",68,2019,80.0,1.0,1.0,3.0,2261060,1.0,1,1,2,2.0,,0.0,0,2001.0,A01,138Â 207Â 108,1.0,-1.0,-1.0,1725906,1.0,10,,0.0,2.0,2.0,A01,138Â 207Â 108,1.0
1011087,201900052618,12,5,17:40,3,2,3,1.0,3.0,68375,D2,M,"47,8166040","7,2674740",68,2019,80.0,1.0,1.0,3.0,2261060,1.0,1,1,2,2.0,,0.0,0,2001.0,A01,138Â 207Â 108,1.0,-1.0,-1.0,1725907,2.0,2,,0.0,0.0,8.0,B01,138Â 207Â 109,1.0
1011087,201900052618,12,5,17:40,3,2,3,1.0,3.0,68375,D2,M,"47,8166040","7,2674740",68,2019,80.0,1.0,1.0,3.0,2261061,1.0,1,3,1,5.0,,0.0,0,2000.0,B01,138Â 207Â 109,2.0,-1.0,-1.0,1725906,1.0,10,,0.0,2.0,2.0,A01,138Â 207Â 108,1.0
1011087,201900052618,12,5,17:40,3,2,3,1.0,3.0,68375,D2,M,"47,8166040","7,2674740",68,2019,80.0,1.0,1.0,3.0,2261061,1.0,1,3,1,5.0,,0.0,0,2000.0,B01,138Â 207Â 109,2.0,-1.0,-1.0,1725907,2.0,2,,0.0,0.0,8.0,B01,138Â 207Â 109,1.0
1011088,201900052619,11,26,19:15,3,1,1,1.0,2.0,67405,A35,M,"48,8380080","8,0191380",67,2019,130.0,1.0,1.0,1.0,2261062,1.0,1,1,1,4.0,,0.0,0,1977.0,B01,138Â 207Â 106,1.0,-1.0,-1.0,1725908,2.0,17,,0.0,0.0,4.0,B01,138Â 207Â 106,1.0
1011088,201900052619,11,26,19:15,3,1,1,1.0,2.0,67405,A35,M,"48,8380080","8,0191380",67,2019,130.0,1.0,1.0,1.0,2261062,1.0,1,1,1,4.0,,0.0,0,1977.0,B01,138Â 207Â 106,1.0,-1.0,-1.0,1725909,2.0,7,,0.0,2.0,1.0,A01,138Â 207Â 107,1.0
1011088,201900052619,11,26,19:15,3,1,1,1.0,2.0,67405,A35,M,"48,8380080","8,0191380",67,2019,130.0,1.0,1.0,1.0,2261063,1.0,1,3,1,5.0,,0.0,0,1996.0,A01,138Â 207Â 107,1.0,-1.0,-1.0,1725908,2.0,17,,0.0,0.0,4.0,B01,138Â 207Â 106,1.0
1011088,201900052619,11,26,19:15,3,1,1,1.0,2.0,67405,A35,M,"48,8380080","8,0191380",67,2019,130.0,1.0,1.0,1.0,2261063,1.0,1,3,1,5.0,,0.0,0,1996.0,A01,138Â 207Â 107,1.0,-1.0,-1.0,1725909,2.0,7,,0.0,2.0,1.0,A01,138Â 207Â 107,1.0
1011089,201900052620,12,5,08:30,1,2,1,1.0,3.0,98738,RT1,M," -17,6353080"," -149,6088700",987,2019,50.0,1.0,1.0,4.0,2261064,1.0,1,4,1,0.0,,0.0,0,1993.0,B01,138Â 207Â 104,2.0,-1.0,-1.0,1725910,1.0,2,,0.0,2.0,1.0,B01,138Â 207Â 104,1.0
1011089,201900052620,12,5,08:30,1,2,1,1.0,3.0,98738,RT1,M," -17,6353080"," -149,6088700",987,2019,50.0,1.0,1.0,4.0,2261064,1.0,1,4,1,0.0,,0.0,0,1993.0,B01,138Â 207Â 104,2.0,-1.0,-1.0,1725911,1.0,7,,0.0,9.0,3.0,A01,138Â 207Â 105,1.0
1011089,201900052620,12,5,08:30,1,2,1,1.0,3.0,98738,RT1,M," -17,6353080"," -149,6088700",987,2019,50.0,1.0,1.0,4.0,2261065,1.0,1,1,1,3.0,,0.0,0,1939.0,A01,138Â 207Â 105,1.0,-1.0,-1.0,1725910,1.0,2,,0.0,2.0,1.0,B01,138Â 207Â 104,1.0
1011089,201900052620,12,5,08:30,1,2,1,1.0,3.0,98738,RT1,M," -17,6353080"," -149,6088700",987,2019,50.0,1.0,1.0,4.0,2261065,1.0,1,1,1,3.0,,0.0,0,1939.0,A01,138Â 207Â 105,1.0,-1.0,-1.0,1725911,1.0,7,,0.0,9.0,3.0,A01,138Â 207Â 105,1.0
1011090,201900052621,12,2,15:25,1,2,9,1.0,7.0,67343,5 Allee de l'Euro,M,"48,6047050","7,7047290",67,2019,50.0,1.0,1.0,7.0,2261066,1.0,1,3,1,0.0,,0.0,0,1956.0,A01,138Â 207Â 103,2.0,6.0,-1.0,1725912,1.0,31,,0.0,0.0,9.0,A01,138Â 207Â 103,1.0
1011091,201900052622,12,6,20:45,3,2,1,1.0,2.0,13069,44 Avenue Jean Moulin,M,"43,6327270","5,1428160",13,2019,50.0,1.0,1.0,3.0,2261067,1.0,1,1,1,5.0,,0.0,0,1998.0,B01,138Â 207Â 101,1.0,-1.0,-1.0,1725913,2.0,7,,0.0,0.0,4.0,B01,138Â 207Â 101,1.0
1011091,201900052622,12,6,20:45,3,2,1,1.0,2.0,13069,44 Avenue Jean Moulin,M,"43,6327270","5,1428160",13,2019,50.0,1.0,1.0,3.0,2261067,1.0,1,1,1,5.0,,0.0,0,1998.0,B01,138Â 207Â 101,1.0,-1.0,-1.0,1725914,2.0,2,,0.0,2.0,1.0,A01,138Â 207Â 102,1.0
1011091,201900052622,12,6,20:45,3,2,1,1.0,2.0,13069,44 Avenue Jean Moulin,M,"43,6327270","5,1428160",13,2019,50.0,1.0,1.0,3.0,2261068,1.0,1,3,1,5.0,,0.0,0,2003.0,A01,138Â 207Â 102,0.0,-1.0,-1.0,1725913,2.0,7,,0.0,0.0,4.0,B01,138Â 207Â 101,1.0
1011091,201900052622,12,6,20:45,3,2,1,1.0,2.0,13069,44 Avenue Jean Moulin,M,"43,6327270","5,1428160",13,2019,50.0,1.0,1.0,3.0,2261068,1.0,1,3,1,5.0,,0.0,0,2003.0,A01,138Â 207Â 102,0.0,-1.0,-1.0,1725914,2.0,2,,0.0,2.0,1.0,A01,138Â 207Â 102,1.0
1011091,201900052622,12,6,20:45,3,2,1,1.0,2.0,13069,44 Avenue Jean Moulin,M,"43,6327270","5,1428160",13,2019,50.0,1.0,1.0,3.0,2261069,2.0,2,4,1,5.0,,0.0,0,2001.0,A01,138Â 207Â 102,2.0,-1.0,-1.0,1725913,2.0,7,,0.0,0.0,4.0,B01,138Â 207Â 101,1.0
1011091,201900052622,12,6,20:45,3,2,1,1.0,2.0,13069,44 Avenue Jean Moulin,M,"43,6327270","5,1428160",13,2019,50.0,1.0,1.0,3.0,2261069,2.0,2,4,1,5.0,,0.0,0,2001.0,A01,138Â 207Â 102,2.0,-1.0,-1.0,1725914,2.0,2,,0.0,2.0,1.0,A01,138Â 207Â 102,1.0
1011092,201900052623,12,3,18:40,5,2,1,1.0,5.0,69244,4 AllÃ©e du Valvert,M,"45,7669400","4,7820560",69,2019,50.0,1.0,1.0,7.0,2261070,1.0,1,4,1,5.0,,0.0,0,1980.0,A01,138Â 207Â 097,1.0,-1.0,-1.0,1725915,0.0,7,,0.0,2.0,1.0,A01,138Â 207Â 097,0.0
1011092,201900052623,12,3,18:40,5,2,1,1.0,5.0,69244,4 AllÃ©e du Valvert,M,"45,7669400","4,7820560",69,2019,50.0,1.0,1.0,7.0,2261070,1.0,1,4,1,5.0,,0.0,0,1980.0,A01,138Â 207Â 097,1.0,-1.0,-1.0,1725916,0.0,7,,0.0,2.0,3.0,B01,138Â 207Â 098,0.0
1011092,201900052623,12,3,18:40,5,2,1,1.0,5.0,69244,4 AllÃ©e du Valvert,M,"45,7669400","4,7820560",69,2019,50.0,1.0,1.0,7.0,2261070,1.0,1,4,1,5.0,,0.0,0,1980.0,A01,138Â 207Â 097,1.0,-1.0,-1.0,1725917,0.0,7,,0.0,2.0,1.0,C01,138Â 207Â 099,0.0
1011092,201900052623,12,3,18:40,5,2,1,1.0,5.0,69244,4 AllÃ©e du Valvert,M,"45,7669400","4,7820560",69,2019,50.0,1.0,1.0,7.0,2261071,1.0,1,1,1,1.0,,0.0,0,1990.0,B01,138Â 207Â 098,1.0,-1.0,-1.0,1725915,0.0,7,,0.0,2.0,1.0,A01,138Â 207Â 097,0.0
1011092,201900052623,12,3,18:40,5,2,1,1.0,5.0,69244,4 AllÃ©e du Valvert,M,"45,7669400","4,7820560",69,2019,50.0,1.0,1.0,7.0,2261071,1.0,1,1,1,1.0,,0.0,0,1990.0,B01,138Â 207Â 098,1.0,-1.0,-1.0,1725916,0.0,7,,0.0,2.0,3.0,B01,138Â 207Â 098,0.0
1011092,201900052623,12,3,18:40,5,2,1,1.0,5.0,69244,4 AllÃ©e du Valvert,M,"45,7669400","4,7820560",69,2019,50.0,1.0,1.0,7.0,2261071,1.0,1,1,1,1.0,,0.0,0,1990.0,B01,138Â 207Â 098,1.0,-1.0,-1.0,1725917,0.0,7,,0.0,2.0,1.0,C01,138Â 207Â 099,0.0
1011092,201900052623,12,3,18:40,5,2,1,1.0,5.0,69244,4 AllÃ©e du Valvert,M,"45,7669400","4,7820560",69,2019,50.0,1.0,1.0,7.0,2261072,1.0,1,1,1,1.0,,0.0,0,1983.0,C01,138Â 207Â 099,1.0,-1.0,-1.0,1725915,0.0,7,,0.0,2.0,1.0,A01,138Â 207Â 097,0.0
1011092,201900052623,12,3,18:40,5,2,1,1.0,5.0,69244,4 AllÃ©e du Valvert,M,"45,7669400","4,7820560",69,2019,50.0,1.0,1.0,7.0,2261072,1.0,1,1,1,1.0,,0.0,0,1983.0,C01,138Â 207Â 099,1.0,-1.0,-1.0,1725916,0.0,7,,0.0,2.0,3.0,B01,138Â 207Â 098,0.0
1011092,201900052623,12,3,18:40,5,2,1,1.0,5.0,69244,4 AllÃ©e du Valvert,M,"45,7669400","4,7820560",69,2019,50.0,1.0,1.0,7.0,2261072,1.0,1,1,1,1.0,,0.0,0,1983.0,C01,138Â 207Â 099,1.0,-1.0,-1.0,1725917,0.0,7,,0.0,2.0,1.0,C01,138Â 207Â 099,0.0
1011093,201900052624,12,6,07:15,2,1,1,5.0,5.0,01244,Route de Lyon,M,"45,8982477","5,1885282",1,2019,70.0,1.0,7.0,3.0,2261073,1.0,1,1,1,1.0,,0.0,0,1982.0,D01,138Â 207Â 093,1.0,-1.0,-1.0,1725918,1.0,7,,0.0,2.0,4.0,D01,138Â 207Â 093,1.0
1011093,201900052624,12,6,07:15,2,1,1,5.0,5.0,01244,Route de Lyon,M,"45,8982477","5,1885282",1,2019,70.0,1.0,7.0,3.0,2261073,1.0,1,1,1,1.0,,0.0,0,1982.0,D01,138Â 207Â 093,1.0,-1.0,-1.0,1725919,2.0,7,,0.0,2.0,8.0,C01,138Â 207Â 094,1.0
1011093,201900052624,12,6,07:15,2,1,1,5.0,5.0,01244,Route de Lyon,M,"45,8982477","5,1885282",1,2019,70.0,1.0,7.0,3.0,2261073,1.0,1,1,1,1.0,,0.0,0,1982.0,D01,138Â 207Â 093,1.0,-1.0,-1.0,1725920,1.0,37,1.0,14.0,0.0,1.0,B01,138Â 207Â 095,1.0
1011093,201900052624,12,6,07:15,2,1,1,5.0,5.0,01244,Route de Lyon,M,"45,8982477","5,1885282",1,2019,70.0,1.0,7.0,3.0,2261073,1.0,1,1,1,1.0,,0.0,0,1982.0,D01,138Â 207Â 093,1.0,-1.0,-1.0,1725921,2.0,32,,0.0,2.0,2.0,A01,138Â 207Â 096,1.0
1011093,201900052624,12,6,07:15,2,1,1,5.0,5.0,01244,Route de Lyon,M,"45,8982477","5,1885282",1,2019,70.0,1.0,7.0,3.0,2261074,1.0,1,1,2,1.0,,0.0,0,1985.0,C01,138Â 207Â 094,1.0,-1.0,-1.0,1725918,1.0,7,,0.0,2.0,4.0,D01,138Â 207Â 093,1.0
1011093,201900052624,12,6,07:15,2,1,1,5.0,5.0,01244,Route de Lyon,M,"45,8982477","5,1885282",1,2019,70.0,1.0,7.0,3.0,2261074,1.0,1,1,2,1.0,,0.0,0,1985.0,C01,138Â 207Â 094,1.0,-1.0,-1.0,1725919,2.0,7,,0.0,2.0,8.0,C01,138Â 207Â 094,1.0
1011093,201900052624,12,6,07:15,2,1,1,5.0,5.0,01244,Route de Lyon,M,"45,8982477","5,1885282",1,2019,70.0,1.0,7.0,3.0,2261074,1.0,1,1,2,1.0,,0.0,0,1985.0,C01,138Â 207Â 094,1.0,-1.0,-1.0,1725920,1.0,37,1.0,14.0,0.0,1.0,B01,138Â 207Â 095,1.0
1011093,201900052624,12,6,07:15,2,1,1,5.0,5.0,01244,Route de Lyon,M,"45,8982477","5,1885282",1,2019,70.0,1.0,7.0,3.0,2261074,1.0,1,1,2,1.0,,0.0,0,1985.0,C01,138Â 207Â 094,1.0,-1.0,-1.0,1725921,2.0,32,,0.0,2.0,2.0,A01,138Â 207Â 096,1.0
1011093,201900052624,12,6,07:15,2,1,1,5.0,5.0,01244,Route de Lyon,M,"45,8982477","5,1885282",1,2019,70.0,1.0,7.0,3.0,2261075,1.0,1,1,1,4.0,,0.0,0,1958.0,B01,138Â 207Â 095,1.0,-1.0,-1.0,1725918,1.0,7,,0.0,2.0,4.0,D01,138Â 207Â 093,1.0
1011093,201900052624,12,6,07:15,2,1,1,5.0,5.0,01244,Route de Lyon,M,"45,8982477","5,1885282",1,2019,70.0,1.0,7.0,3.0,2261075,1.0,1,1,1,4.0,,0.0,0,1958.0,B01,138Â 207Â 095,1.0,-1.0,-1.0,1725919,2.0,7,,0.0,2.0,8.0,C01,138Â 207Â 094,1.0
1011093,201900052624,12,6,07:15,2,1,1,5.0,5.0,01244,Route de Lyon,M,"45,8982477","5,1885282",1,2019,70.0,1.0,7.0,3.0,2261075,1.0,1,1,1,4.0,,0.0,0,1958.0,B01,138Â 207Â 095,1.0,-1.0,-1.0,1725920,1.0,37,1.0,14.0,0.0,1.0,B01,138Â 207Â 095,1.0
1011093,201900052624,12,6,07:15,2,1,1,5.0,5.0,01244,Route de Lyon,M,"45,8982477","5,1885282",1,2019,70.0,1.0,7.0,3.0,2261075,1.0,1,1,1,4.0,,0.0,0,1958.0,B01,138Â 207Â 095,1.0,-1.0,-1.0,1725921,2.0,32,,0.0,2.0,2.0,A01,138Â 207Â 096,1.0
1011093,201900052624,12,6,07:15,2,1,1,5.0,5.0,01244,Route de Lyon,M,"45,8982477","5,1885282",1,2019,70.0,1.0,7.0,3.0,2261076,1.0,1,3,1,9.0,,0.0,0,1950.0,A01,138Â 207Â 096,2.0,6.0,-1.0,1725918,1.0,7,,0.0,2.0,4.0,D01,138Â 207Â 093,1.0
1011093,201900052624,12,6,07:15,2,1,1,5.0,5.0,01244,Route de Lyon,M,"45,8982477","5,1885282",1,2019,70.0,1.0,7.0,3.0,2261076,1.0,1,3,1,9.0,,0.0,0,1950.0,A01,138Â 207Â 096,2.0,6.0,-1.0,1725919,2.0,7,,0.0,2.0,8.0,C01,138Â 207Â 094,1.0
1011093,201900052624,12,6,07:15,2,1,1,5.0,5.0,01244,Route de Lyon,M,"45,8982477","5,1885282",1,2019,70.0,1.0,7.0,3.0,2261076,1.0,1,3,1,9.0,,0.0,0,1950.0,A01,138Â 207Â 096,2.0,6.0,-1.0,1725920,1.0,37,1.0,14.0,0.0,1.0,B01,138Â 207Â 095,1.0
1011093,201900052624,12,6,07:15,2,1,1,5.0,5.0,01244,Route de Lyon,M,"45,8982477","5,1885282",1,2019,70.0,1.0,7.0,3.0,2261076,1.0,1,3,1,9.0,,0.0,0,1950.0,A01,138Â 207Â 096,2.0,6.0,-1.0,1725921,2.0,32,,0.0,2.0,2.0,A01,138Â 207Â 096,1.0
1011094,201900052625,12,6,17:02,3,1,1,1.0,2.0,68042,A35,M,"47,6125120","7,5205260",68,2019,130.0,1.0,1.0,1.0,2261077,1.0,1,4,1,5.0,,0.0,0,1973.0,B01,138Â 207Â 091,8.0,-1.0,-1.0,1725922,2.0,7,,0.0,0.0,4.0,B01,138Â 207Â 091,1.0
1011094,201900052625,12,6,17:02,3,1,1,1.0,2.0,68042,A35,M,"47,6125120","7,5205260",68,2019,130.0,1.0,1.0,1.0,2261077,1.0,1,4,1,5.0,,0.0,0,1973.0,B01,138Â 207Â 091,8.0,-1.0,-1.0,1725923,2.0,7,,0.0,2.0,1.0,A01,138Â 207Â 092,1.0
1011094,201900052625,12,6,17:02,3,1,1,1.0,2.0,68042,A35,M,"47,6125120","7,5205260",68,2019,130.0,1.0,1.0,1.0,2261078,1.0,1,1,1,1.0,,0.0,0,1996.0,A01,138Â 207Â 092,8.0,-1.0,-1.0,1725922,2.0,7,,0.0,0.0,4.0,B01,138Â 207Â 091,1.0
1011094,201900052625,12,6,17:02,3,1,1,1.0,2.0,68042,A35,M,"47,6125120","7,5205260",68,2019,130.0,1.0,1.0,1.0,2261078,1.0,1,1,1,1.0,,0.0,0,1996.0,A01,138Â 207Â 092,8.0,-1.0,-1.0,1725923,2.0,7,,0.0,2.0,1.0,A01,138Â 207Â 092,1.0
1011095,201900052626,12,5,11:06,1,1,1,1.0,5.0,64396,A64,M,"43,4356545"," -0,6360936",64,2019,130.0,1.0,1.0,1.0,2261079,1.0,1,1,1,0.0,,0.0,0,1968.0,C01,138Â 207Â 088,1.0,-1.0,-1.0,1725924,2.0,7,,0.0,2.0,8.0,C01,138Â 207Â 088,1.0
1011095,201900052626,12,5,11:06,1,1,1,1.0,5.0,64396,A64,M,"43,4356545"," -0,6360936",64,2019,130.0,1.0,1.0,1.0,2261079,1.0,1,1,1,0.0,,0.0,0,1968.0,C01,138Â 207Â 088,1.0,-1.0,-1.0,1725925,2.0,10,,0.0,2.0,1.0,B01,138Â 207Â 089,1.0
1011095,201900052626,12,5,11:06,1,1,1,1.0,5.0,64396,A64,M,"43,4356545"," -0,6360936",64,2019,130.0,1.0,1.0,1.0,2261079,1.0,1,1,1,0.0,,0.0,0,1968.0,C01,138Â 207Â 088,1.0,-1.0,-1.0,1725926,1.0,17,,3.0,0.0,3.0,A01,138Â 207Â 090,1.0
1011095,201900052626,12,5,11:06,1,1,1,1.0,5.0,64396,A64,M,"43,4356545"," -0,6360936",64,2019,130.0,1.0,1.0,1.0,2261080,1.0,1,4,1,0.0,,0.0,0,1962.0,B01,138Â 207Â 089,1.0,-1.0,-1.0,1725924,2.0,7,,0.0,2.0,8.0,C01,138Â 207Â 088,1.0
1011095,201900052626,12,5,11:06,1,1,1,1.0,5.0,64396,A64,M,"43,4356545"," -0,6360936",64,2019,130.0,1.0,1.0,1.0,2261080,1.0,1,4,1,0.0,,0.0,0,1962.0,B01,138Â 207Â 089,1.0,-1.0,-1.0,1725925,2.0,10,,0.0,2.0,1.0,B01,138Â 207Â 089,1.0
1011095,201900052626,12,5,11:06,1,1,1,1.0,5.0,64396,A64,M,"43,4356545"," -0,6360936",64,2019,130.0,1.0,1.0,1.0,2261080,1.0,1,4,1,0.0,,0.0,0,1962.0,B01,138Â 207Â 089,1.0,-1.0,-1.0,1725926,1.0,17,,3.0,0.0,3.0,A01,138Â 207Â 090,1.0
1011095,201900052626,12,5,11:06,1,1,1,1.0,5.0,64396,A64,M,"43,4356545"," -0,6360936",64,2019,130.0,1.0,1.0,1.0,2261081,1.0,1,4,1,4.0,,0.0,0,1986.0,A01,138Â 207Â 090,1.0,-1.0,-1.0,1725924,2.0,7,,0.0,2.0,8.0,C01,138Â 207Â 088,1.0
1011095,201900052626,12,5,11:06,1,1,1,1.0,5.0,64396,A64,M,"43,4356545"," -0,6360936",64,2019,130.0,1.0,1.0,1.0,2261081,1.0,1,4,1,4.0,,0.0,0,1986.0,A01,138Â 207Â 090,1.0,-1.0,-1.0,1725925,2.0,10,,0.0,2.0,1.0,B01,138Â 207Â 089,1.0
1011095,201900052626,12,5,11:06,1,1,1,1.0,5.0,64396,A64,M,"43,4356545"," -0,6360936",64,2019,130.0,1.0,1.0,1.0,2261081,1.0,1,4,1,4.0,,0.0,0,1986.0,A01,138Â 207Â 090,1.0,-1.0,-1.0,1725926,1.0,17,,3.0,0.0,3.0,A01,138Â 207Â 090,1.0