Unnamed: 0_x,num_acc,mois,jour,hrmn,lum,agg,int,atm,col,com,adr,gps,lat,long,dep,annee,vma,situ,surf,catr,Unnamed: 0_y,place,catu,grav,sexe,trajet,secu,locp,actp,an_nais,num_veh_x,id_vehicule_x,secu1,secu2,secu3,Unnamed: 0,senc,catv,occutc,obs,obsm,choc,num_veh_y,id_vehicule_y,motor
1011096,201900052627,12,5,16:25,1,1,1,2.0,7.0,06029,A8,M,"43,5609210","6,9681930",6,2019,110.0,1.0,2.0,1.0,2261082,1.0,1,1,1,5.0,,0.0,0,1984.0,A01,138Â 207Â 087,1.0,-1.0,-1.0,1725927,2.0,7,,4.0,0.0,1.0,A01,138Â 207Â 087,1.0
1011096,201900052627,12,5,16:25,1,1,1,2.0,7.0,06029,A8,M,"43,5609210","6,9681930",6,2019,110.0,1.0,2.0,1.0,2261083,2.0,2,3,2,5.0,,0.0,0,1982.0,A01,138Â 207Â 087,1.0,-1.0,-1.0,1725927,2.0,7,,4.0,0.0,1.0,A01,138Â 207Â 087,1.0
1011097,201900052628,12,3,07:00,2,1,1,1.0,3.0,13086,A52,M,"43,3483250","5,6170960",13,2019,110.0,1.0,2.0,1.0,2261084,1.0,1,1,1,0.0,,0.0,0,1980.0,B01,138Â 207Â 085,8.0,-1.0,-1.0,1725928,1.0,14,,0.0,2.0,7.0,B01,138Â 207Â 085,1.0
1011097,201900052628,12,3,07:00,2,1,1,1.0,3.0,13086,A52,M,"43,3483250","5,6170960",13,2019,110.0,1.0,2.0,1.0,2261084,1.0,1,1,1,0.0,,0.0,0,1980.0,B01,138Â 207Â 085,8.0,-1.0,-1.0,1725929,1.0,7,,4.0,2.0,8.0,A01,138Â 207Â 086,1.0
1011097,201900052628,12,3,07:00,2,1,1,1.0,3.0,13086,A52,M,"43,3483250","5,6170960",13,2019,110.0,1.0,2.0,1.0,2261085,1.0,1,4,2,0.0,,0.0,0,1982.0,A01,138Â 207Â 086,8.0,-1.0,-1.0,1725928,1.0,14,,0.0,2.0,7.0,B01,138Â 207Â 085,1.0
1011097,201900052628,12,3,07:00,2,1,1,1.0,3.0,13086,A52,M,"43,3483250","5,6170960",13,2019,110.0,1.0,2.0,1.0,2261085,1.0,1,4,2,0.0,,0.0,0,1982.0,A01,138Â 207Â 086,8.0,-1.0,-1.0,1725929,1.0,7,,4.0,2.0,8.0,A01,138Â 207Â 086,1.0
1011098,201900052629,10,31,16:35,1,2,1,1.0,2.0,97422,47 Chemin Mussard,M," -21,2247760","55,5570490",974,2019,50.0,1.0,1.0,4.0,2261086,1.0,1,1,2,1.0,,0.0,0,1982.0,B01,138Â 207Â 081,1.0,-1.0,-1.0,1725930,3.0,7,,0.0,0.0,6.0,B01,138Â 207Â 081,1.0
1011098,201900052629,10,31,16:35,1,2,1,1.0,2.0,97422,47 Chemin Mussard,M," -21,2247760","55,5570490",974,2019,50.0,1.0,1.0,4.0,2261086,1.0,1,1,2,1.0,,0.0,0,1982.0,B01,138Â 207Â 081,1.0,-1.0,-1.0,1725931,3.0,33,,0.0,2.0,1.0,A01,138Â 207Â 082,1.0
1011098,201900052629,10,31,16:35,1,2,1,1.0,2.0,97422,47 Chemin Mussard,M," -21,2247760","55,5570490",974,2019,50.0,1.0,1.0,4.0,2261087,1.0,1,3,1,5.0,,0.0,0,2000.0,A01,138Â 207Â 082,2.0,-1.0,-1.0,1725930,3.0,7,,0.0,0.0,6.0,B01,138Â 207Â 081,1.0
1011098,201900052629,10,31,16:35,1,2,1,1.0,2.0,97422,47 Chemin Mussard,M," -21,2247760","55,5570490",974,2019,50.0,1.0,1.0,4.0,2261087,1.0,1,3,1,5.0,,0.0,0,2000.0,A01,138Â 207Â 082,2.0,-1.0,-1.0,1725931,3.0,33,,0.0,2.0,1.0,A01,138Â 207Â 082,1.0
1011099,201900052630,12,5,18:00,2,2,3,1.0,3.0,97801,bellevue RN 7,M,"18,0592450"," -63,0857030",978,2019,50.0,1.0,1.0,2.0,2261088,1.0,1,3,1,0.0,,0.0,0,1997.0,B01,138Â 207Â 079,2.0,-1.0,-1.0,1725932,3.0,31,,15.0,2.0,7.0,B01,138Â 207Â 079,1.0
1011099,201900052630,12,5,18:00,2,2,3,1.0,3.0,97801,bellevue RN 7,M,"18,0592450"," -63,0857030",978,2019,50.0,1.0,1.0,2.0,2261088,1.0,1,3,1,0.0,,0.0,0,1997.0,B01,138Â 207Â 079,2.0,-1.0,-1.0,1725933,3.0,7,,0.0,2.0,3.0,A01,138Â 207Â 080,0.0
1011099,201900052630,12,5,18:00,2,2,3,1.0,3.0,97801,bellevue RN 7,M,"18,0592450"," -63,0857030",978,2019,50.0,1.0,1.0,2.0,2261089,1.0,1,1,2,0.0,,0.0,0,1982.0,A01,138Â 207Â 080,1.0,-1.0,-1.0,1725932,3.0,31,,15.0,2.0,7.0,B01,138Â 207Â 079,1.0
1011099,201900052630,12,5,18:00,2,2,3,1.0,3.0,97801,bellevue RN 7,M,"18,0592450"," -63,0857030",978,2019,50.0,1.0,1.0,2.0,2261089,1.0,1,1,2,0.0,,0.0,0,1982.0,A01,138Â 207Â 080,1.0,-1.0,-1.0,1725933,3.0,7,,0.0,2.0,3.0,A01,138Â 207Â 080,0.0
1011100,201900052631,12,4,18:50,3,1,1,9.0,6.0,45335,D14,M,"47,8012230","2,1553750",45,2019,70.0,3.0,1.0,3.0,2261090,1.0,1,4,1,5.0,,0.0,0,2000.0,A01,138Â 207Â 078,8.0,-1.0,-1.0,1725934,2.0,7,,2.0,0.0,9.0,A01,138Â 207Â 078,1.0
1011100,201900052631,12,4,18:50,3,1,1,9.0,6.0,45335,D14,M,"47,8012230","2,1553750",45,2019,70.0,3.0,1.0,3.0,2261091,2.0,2,3,1,5.0,,0.0,0,2000.0,A01,138Â 207Â 078,8.0,-1.0,-1.0,1725934,2.0,7,,2.0,0.0,9.0,A01,138Â 207Â 078,1.0
1011100,201900052631,12,4,18:50,3,1,1,9.0,6.0,45335,D14,M,"47,8012230","2,1553750",45,2019,70.0,3.0,1.0,3.0,2261092,3.0,2,3,2,5.0,,0.0,0,2003.0,A01,138Â 207Â 078,8.0,-1.0,-1.0,1725934,2.0,7,,2.0,0.0,9.0,A01,138Â 207Â 078,1.0
1011101,201900052632,12,6,05:50,3,1,1,5.0,6.0,77003,D36,M,"48,2874800","2,5372800",77,2019,80.0,3.0,7.0,3.0,2261093,9.0,2,2,1,5.0,,0.0,0,1996.0,A01,138Â 207Â 077,8.0,-1.0,-1.0,1725935,2.0,7,,2.0,0.0,7.0,A01,138Â 207Â 077,1.0
1011101,201900052632,12,6,05:50,3,1,1,5.0,6.0,77003,D36,M,"48,2874800","2,5372800",77,2019,80.0,3.0,7.0,3.0,2261094,1.0,1,4,1,5.0,,0.0,0,1993.0,A01,138Â 207Â 077,1.0,-1.0,-1.0,1725935,2.0,7,,2.0,0.0,7.0,A01,138Â 207Â 077,1.0
1011101,201900052632,12,6,05:50,3,1,1,5.0,6.0,77003,D36,M,"48,2874800","2,5372800",77,2019,80.0,3.0,7.0,3.0,2261095,2.0,2,3,1,5.0,,0.0,0,1998.0,A01,138Â 207Â 077,1.0,-1.0,-1.0,1725935,2.0,7,,2.0,0.0,7.0,A01,138Â 207Â 077,1.0
1011101,201900052632,12,6,05:50,3,1,1,5.0,6.0,77003,D36,M,"48,2874800","2,5372800",77,2019,80.0,3.0,7.0,3.0,2261096,7.0,2,3,1,5.0,,0.0,0,1997.0,A01,138Â 207Â 077,8.0,-1.0,-1.0,1725935,2.0,7,,2.0,0.0,7.0,A01,138Â 207Â 077,1.0
1011102,201900052633,12,6,14:30,1,1,1,2.0,6.0,77145,D57,M,"48,5864500","2,7411900",77,2019,80.0,3.0,2.0,3.0,2261097,1.0,1,2,1,0.0,,0.0,0,1963.0,A01,138Â 207Â 076,1.0,5.0,-1.0,1725936,1.0,7,,8.0,0.0,3.0,A01,138Â 207Â 076,1.0
1011103,201900052634,12,6,08:50,1,1,4,8.0,3.0,91041,D26,M,"48,5593410","2,2275320",91,2019,80.0,1.0,2.0,3.0,2261098,1.0,1,4,2,1.0,,0.0,0,1967.0,B01,138Â 207Â 074,1.0,-1.0,-1.0,1725937,0.0,10,,0.0,2.0,3.0,B01,138Â 207Â 074,1.0
1011103,201900052634,12,6,08:50,1,1,4,8.0,3.0,91041,D26,M,"48,5593410","2,2275320",91,2019,80.0,1.0,2.0,3.0,2261098,1.0,1,4,2,1.0,,0.0,0,1967.0,B01,138Â 207Â 074,1.0,-1.0,-1.0,1725938,0.0,10,,0.0,2.0,2.0,A01,138Â 207Â 075,1.0
1011103,201900052634,12,6,08:50,1,1,4,8.0,3.0,91041,D26,M,"48,5593410","2,2275320",91,2019,80.0,1.0,2.0,3.0,2261099,1.0,1,4,1,1.0,,0.0,0,1965.0,A01,138Â 207Â 075,1.0,-1.0,-1.0,1725937,0.0,10,,0.0,2.0,3.0,B01,138Â 207Â 074,1.0
1011103,201900052634,12,6,08:50,1,1,4,8.0,3.0,91041,D26,M,"48,5593410","2,2275320",91,2019,80.0,1.0,2.0,3.0,2261099,1.0,1,4,1,1.0,,0.0,0,1965.0,A01,138Â 207Â 075,1.0,-1.0,-1.0,1725938,0.0,10,,0.0,2.0,2.0,A01,138Â 207Â 075,1.0
1011104,201900052635,12,4,17:45,5,2,1,1.0,6.0,39389,1487 Route de Champagnole,M,"46,7394590","5,9059370",39,2019,50.0,1.0,7.0,3.0,2261100,1.0,1,1,1,5.0,,0.0,0,1935.0,A01,138Â 207Â 073,1.0,-1.0,-1.0,1725939,1.0,7,,0.0,1.0,2.0,A01,138Â 207Â 073,1.0
1011104,201900052635,12,4,17:45,5,2,1,1.0,6.0,39389,1487 Route de Champagnole,M,"46,7394590","5,9059370",39,2019,50.0,1.0,7.0,3.0,2261101,10.0,3,3,2,5.0,,1.0,3,1948.0,A01,138Â 207Â 073,0.0,-1.0,-1.0,1725939,1.0,7,,0.0,1.0,2.0,A01,138Â 207Â 073,1.0
1011105,201900052636,12,6,13:15,1,2,3,1.0,5.0,89295,AllÃ©e Fontaine / Rue Terres et Vignes,M,"47,8179440","3,5546980",89,2019,50.0,1.0,1.0,4.0,2261102,1.0,1,4,1,1.0,,0.0,0,1988.0,A01,138Â 207Â 070,1.0,-1.0,-1.0,1725940,3.0,7,,0.0,2.0,1.0,A01,138Â 207Â 070,1.0
1011105,201900052636,12,6,13:15,1,2,3,1.0,5.0,89295,AllÃ©e Fontaine / Rue Terres et Vignes,M,"47,8179440","3,5546980",89,2019,50.0,1.0,1.0,4.0,2261102,1.0,1,4,1,1.0,,0.0,0,1988.0,A01,138Â 207Â 070,1.0,-1.0,-1.0,1725941,3.0,7,,0.0,2.0,1.0,B01,138Â 207Â 071,3.0
1011105,201900052636,12,6,13:15,1,2,3,1.0,5.0,89295,AllÃ©e Fontaine / Rue Terres et Vignes,M,"47,8179440","3,5546980",89,2019,50.0,1.0,1.0,4.0,2261102,1.0,1,4,1,1.0,,0.0,0,1988.0,A01,138Â 207Â 070,1.0,-1.0,-1.0,1725942,3.0,7,,0.0,2.0,1.0,C01,138Â 207Â 072,1.0
1011105,201900052636,12,6,13:15,1,2,3,1.0,5.0,89295,AllÃ©e Fontaine / Rue Terres et Vignes,M,"47,8179440","3,5546980",89,2019,50.0,1.0,1.0,4.0,2261103,2.0,2,1,2,9.0,,0.0,0,1972.0,B01,138Â 207Â 071,1.0,-1.0,-1.0,1725940,3.0,7,,0.0,2.0,1.0,A01,138Â 207Â 070,1.0
1011105,201900052636,12,6,13:15,1,2,3,1.0,5.0,89295,AllÃ©e Fontaine / Rue Terres et Vignes,M,"47,8179440","3,5546980",89,2019,50.0,1.0,1.0,4.0,2261103,2.0,2,1,2,9.0,,0.0,0,1972.0,B01,138Â 207Â 071,1.0,-1.0,-1.0,1725941,3.0,7,,0.0,2.0,1.0,B01,138Â 207Â 071,3.0
1011105,201900052636,12,6,13:15,1,2,3,1.0,5.0,89295,AllÃ©e Fontaine / Rue Terres et Vignes,M,"47,8179440","3,5546980",89,2019,50.0,1.0,1.0,4.0,2261103,2.0,2,1,2,9.0,,0.0,0,1972.0,B01,138Â 207Â 071,1.0,-1.0,-1.0,1725942,3.0,7,,0.0,2.0,1.0,C01,138Â 207Â 072,1.0
1011105,201900052636,12,6,13:15,1,2,3,1.0,5.0,89295,AllÃ©e Fontaine / Rue Terres et Vignes,M,"47,8179440","3,5546980",89,2019,50.0,1.0,1.0,4.0,2261104,1.0,1,4,1,0.0,,0.0,0,1972.0,B01,138Â 207Â 071,1.0,-1.0,-1.0,1725940,3.0,7,,0.0,2.0,1.0,A01,138Â 207Â 070,1.0
1011105,201900052636,12,6,13:15,1,2,3,1.0,5.0,89295,AllÃ©e Fontaine / Rue Terres et Vignes,M,"47,8179440","3,5546980",89,2019,50.0,1.0,1.0,4.0,2261104,1.0,1,4,1,0.0,,0.0,0,1972.0,B01,138Â 207Â 071,1.0,-1.0,-1.0,1725941,3.0,7,,0.0,2.0,1.0,B01,138Â 207Â 071,3.0
1011105,201900052636,12,6,13:15,1,2,3,1.0,5.0,89295,AllÃ©e Fontaine / Rue Terres et Vignes,M,"47,8179440","3,5546980",89,2019,50.0,1.0,1.0,4.0,2261104,1.0,1,4,1,0.0,,0.0,0,1972.0,B01,138Â 207Â 071,1.0,-1.0,-1.0,1725942,3.0,7,,0.0,2.0,1.0,C01,138Â 207Â 072,1.0
1011105,201900052636,12,6,13:15,1,2,3,1.0,5.0,89295,AllÃ©e Fontaine / Rue Terres et Vignes,M,"47,8179440","3,5546980",89,2019,50.0,1.0,1.0,4.0,2261105,2.0,1,1,2,0.0,,0.0,0,1956.0,C01,138Â 207Â 072,1.0,-1.0,-1.0,1725940,3.0,7,,0.0,2.0,1.0,A01,138Â 207Â 070,1.0
1011105,201900052636,12,6,13:15,1,2,3,1.0,5.0,89295,AllÃ©e Fontaine / Rue Terres et Vignes,M,"47,8179440","3,5546980",89,2019,50.0,1.0,1.0,4.0,2261105,2.0,1,1,2,0.0,,0.0,0,1956.0,C01,138Â 207Â 072,1.0,-1.0,-1.0,1725941,3.0,7,,0.0,2.0,1.0,B01,138Â 207Â 071,3.0
1011105,201900052636,12,6,13:15,1,2,3,1.0,5.0,89295,AllÃ©e Fontaine / Rue Terres et Vignes,M,"47,8179440","3,5546980",89,2019,50.0,1.0,1.0,4.0,2261105,2.0,1,1,2,0.0,,0.0,0,1956.0,C01,138Â 207Â 072,1.0,-1.0,-1.0,1725942,3.0,7,,0.0,2.0,1.0,C01,138Â 207Â 072,1.0
1011106,201900052637,12,5,15:40,1,1,1,1.0,3.0,42013,D1089,M,"45,6500780","4,3138610",42,2019,70.0,1.0,2.0,3.0,2261106,1.0,1,3,2,5.0,,0.0,0,2000.0,A01,138Â 207Â 068,1.0,-1.0,-1.0,1725943,2.0,7,,3.0,2.0,7.0,A01,138Â 207Â 068,1.0
1011106,201900052637,12,5,15:40,1,1,1,1.0,3.0,42013,D1089,M,"45,6500780","4,3138610",42,2019,70.0,1.0,2.0,3.0,2261106,1.0,1,3,2,5.0,,0.0,0,2000.0,A01,138Â 207Â 068,1.0,-1.0,-1.0,1725944,1.0,17,,0.0,2.0,2.0,B01,138Â 207Â 069,1.0
1011106,201900052637,12,5,15:40,1,1,1,1.0,3.0,42013,D1089,M,"45,6500780","4,3138610",42,2019,70.0,1.0,2.0,3.0,2261107,1.0,1,1,1,4.0,,0.0,0,1974.0,B01,138Â 207Â 069,1.0,-1.0,-1.0,1725943,2.0,7,,3.0,2.0,7.0,A01,138Â 207Â 068,1.0
1011106,201900052637,12,5,15:40,1,1,1,1.0,3.0,42013,D1089,M,"45,6500780","4,3138610",42,2019,70.0,1.0,2.0,3.0,2261107,1.0,1,1,1,4.0,,0.0,0,1974.0,B01,138Â 207Â 069,1.0,-1.0,-1.0,1725944,1.0,17,,0.0,2.0,2.0,B01,138Â 207Â 069,1.0
1011107,201900052638,12,5,15:45,1,2,1,1.0,6.0,38449,Rue de la PontiÃ¨re,M,"45,6371470","5,1146310",38,2019,50.0,3.0,1.0,4.0,2261108,1.0,1,4,1,5.0,,0.0,0,1992.0,A01,138Â 207Â 067,1.0,-1.0,-1.0,1725945,3.0,7,,1.0,0.0,1.0,A01,138Â 207Â 067,1.0
1011108,201900052639,12,3,19:45,5,1,2,8.0,3.0,38374,Route des GraviÃ¨res,M,"45,6214520","5,3532150",38,2019,70.0,1.0,1.0,3.0,2261109,1.0,1,4,2,5.0,,0.0,0,1998.0,A01,138Â 207Â 065,1.0,-1.0,-1.0,1725946,2.0,7,,0.0,2.0,1.0,A01,138Â 207Â 065,1.0
1011108,201900052639,12,3,19:45,5,1,2,8.0,3.0,38374,Route des GraviÃ¨res,M,"45,6214520","5,3532150",38,2019,70.0,1.0,1.0,3.0,2261109,1.0,1,4,2,5.0,,0.0,0,1998.0,A01,138Â 207Â 065,1.0,-1.0,-1.0,1725947,2.0,7,,0.0,2.0,8.0,B01,138Â 207Â 066,1.0
1011108,201900052639,12,3,19:45,5,1,2,8.0,3.0,38374,Route des GraviÃ¨res,M,"45,6214520","5,3532150",38,2019,70.0,1.0,1.0,3.0,2261110,2.0,2,4,1,4.0,,0.0,0,1986.0,B01,138Â 207Â 066,1.0,-1.0,-1.0,1725946,2.0,7,,0.0,2.0,1.0,A01,138Â 207Â 065,1.0
1011108,201900052639,12,3,19:45,5,1,2,8.0,3.0,38374,Route des GraviÃ¨res,M,"45,6214520","5,3532150",38,2019,70.0,1.0,1.0,3.0,2261110,2.0,2,4,1,4.0,,0.0,0,1986.0,B01,138Â 207Â 066,1.0,-1.0,-1.0,1725947,2.0,7,,0.0,2.0,8.0,B01,138Â 207Â 066,1.0
1011108,201900052639,12,3,19:45,5,1,2,8.0,3.0,38374,Route des GraviÃ¨res,M,"45,6214520","5,3532150",38,2019,70.0,1.0,1.0,3.0,2261111,7.0,2,4,1,4.0,,0.0,0,1996.0,B01,138Â 207Â 066,1.0,-1.0,-1.0,1725946,2.0,7,,0.0,2.0,1.0,A01,138Â 207Â 065,1.0
1011108,201900052639,12,3,19:45,5,1,2,8.0,3.0,38374,Route des GraviÃ¨res,M,"45,6214520","5,3532150",38,2019,70.0,1.0,1.0,3.0,2261111,7.0,2,4,1,4.0,,0.0,0,1996.0,B01,138Â 207Â 066,1.0,-1.0,-1.0,1725947,2.0,7,,0.0,2.0,8.0,B01,138Â 207Â 066,1.0
1011108,201900052639,12,3,19:45,5,1,2,8.0,3.0,38374,Route des GraviÃ¨res,M,"45,6214520","5,3532150",38,2019,70.0,1.0,1.0,3.0,2261112,1.0,1,4,1,4.0,,0.0,0,1995.0,B01,138Â 207Â 066,1.0,-1.0,-1.0,1725946,2.0,7,,0.0,2.0,1.0,A01,138Â 207Â 065,1.0
1011108,201900052639,12,3,19:45,5,1,2,8.0,3.0,38374,Route des GraviÃ¨res,M,"45,6214520","5,3532150",38,2019,70.0,1.0,1.0,3.0,2261112,1.0,1,4,1,4.0,,0.0,0,1995.0,B01,138Â 207Â 066,1.0,-1.0,-1.0,1725947,2.0,7,,0.0,2.0,8.0,B01,138Â 207Â 066,1.0
1011109,201900052640,12,6,09:05,1,2,9,1.0,6.0,38412,Rue de la Halle,M,"45,3870390","5,7348720",38,2019,50.0,8.0,1.0,3.0,2261113,10.0,3,4,1,9.0,,3.0,3,1954.0,A01,138Â 207Â 064,0.0,-1.0,-1.0,1725948,2.0,2,,0.0,1.0,1.0,A01,138Â 207Â 064,1.0
1011109,201900052640,12,6,09:05,1,2,9,1.0,6.0,38412,Rue de la Halle,M,"45,3870390","5,7348720",38,2019,50.0,8.0,1.0,3.0,2261114,1.0,1,1,1,9.0,,0.0,0,1961.0,A01,138Â 207Â 064,2.0,6.0,-1.0,1725948,2.0,2,,0.0,1.0,1.0,A01,138Â 207Â 064,1.0
1011110,201900052641,11,27,17:10,5,2,1,1.0,6.0,07324,9 Place Carnot,M,"45,0644540","4,8358200",7,2019,50.0,1.0,1.0,4.0,2261115,10.0,3,3,2,1.0,,3.0,3,2003.0,A01,138Â 207Â 063,0.0,-1.0,-1.0,1725949,0.0,7,,0.0,1.0,1.0,A01,138Â 207Â 063,0.0
1011111,201900052642,12,6,02:25,3,1,1,1.0,3.0,64315,Route de JuranÃ§on,M,"43,2979971"," -0,4190987",64,2019,70.0,1.0,1.0,3.0,2261116,1.0,1,1,1,0.0,,0.0,0,1978.0,B01,138Â 207Â 061,1.0,-1.0,-1.0,1725950,2.0,7,,0.0,2.0,1.0,B01,138Â 207Â 061,1.0
1011111,201900052642,12,6,02:25,3,1,1,1.0,3.0,64315,Route de JuranÃ§on,M,"43,2979971"," -0,4190987",64,2019,70.0,1.0,1.0,3.0,2261116,1.0,1,1,1,0.0,,0.0,0,1978.0,B01,138Â 207Â 061,1.0,-1.0,-1.0,1725951,1.0,7,,0.0,2.0,7.0,A01,138Â 207Â 062,1.0
1011111,201900052642,12,6,02:25,3,1,1,1.0,3.0,64315,Route de JuranÃ§on,M,"43,2979971"," -0,4190987",64,2019,70.0,1.0,1.0,3.0,2261117,1.0,1,2,1,0.0,,0.0,0,1984.0,A01,138Â 207Â 062,8.0,-1.0,-1.0,1725950,2.0,7,,0.0,2.0,1.0,B01,138Â 207Â 061,1.0
1011111,201900052642,12,6,02:25,3,1,1,1.0,3.0,64315,Route de JuranÃ§on,M,"43,2979971"," -0,4190987",64,2019,70.0,1.0,1.0,3.0,2261117,1.0,1,2,1,0.0,,0.0,0,1984.0,A01,138Â 207Â 062,8.0,-1.0,-1.0,1725951,1.0,7,,0.0,2.0,7.0,A01,138Â 207Â 062,1.0
1011112,201900052643,12,5,08:05,1,2,3,1.0,3.0,33052,30 Route de Paris,M,"44,9527400"," -0,2320800",33,2019,50.0,1.0,1.0,3.0,2261118,1.0,1,1,1,0.0,,0.0,0,1953.0,A01,138Â 207Â 059,1.0,-1.0,-1.0,1725952,1.0,7,,0.0,2.0,1.0,A01,138Â 207Â 059,0.0
1011112,201900052643,12,5,08:05,1,2,3,1.0,3.0,33052,30 Route de Paris,M,"44,9527400"," -0,2320800",33,2019,50.0,1.0,1.0,3.0,2261118,1.0,1,1,1,0.0,,0.0,0,1953.0,A01,138Â 207Â 059,1.0,-1.0,-1.0,1725953,1.0,2,,0.0,2.0,7.0,B01,138Â 207Â 060,0.0
1011112,201900052643,12,5,08:05,1,2,3,1.0,3.0,33052,30 Route de Paris,M,"44,9527400"," -0,2320800",33,2019,50.0,1.0,1.0,3.0,2261119,1.0,1,3,1,2.0,,0.0,0,2004.0,B01,138Â 207Â 060,2.0,-1.0,-1.0,1725952,1.0,7,,0.0,2.0,1.0,A01,138Â 207Â 059,0.0
1011112,201900052643,12,5,08:05,1,2,3,1.0,3.0,33052,30 Route de Paris,M,"44,9527400"," -0,2320800",33,2019,50.0,1.0,1.0,3.0,2261119,1.0,1,3,1,2.0,,0.0,0,2004.0,B01,138Â 207Â 060,2.0,-1.0,-1.0,1725953,1.0,2,,0.0,2.0,7.0,B01,138Â 207Â 060,0.0
1011113,201900052644,12,5,05:50,2,2,3,1.0,3.0,33312,127 Rue de Landegrand,M,"44,9601080"," -0,6278640",33,2019,30.0,1.0,1.0,4.0,2261120,1.0,1,3,1,1.0,,0.0,0,2002.0,B01,138Â 207Â 057,2.0,6.0,-1.0,1725954,2.0,31,,0.0,2.0,1.0,B01,138Â 207Â 057,1.0
1011113,201900052644,12,5,05:50,2,2,3,1.0,3.0,33312,127 Rue de Landegrand,M,"44,9601080"," -0,6278640",33,2019,30.0,1.0,1.0,4.0,2261120,1.0,1,3,1,1.0,,0.0,0,2002.0,B01,138Â 207Â 057,2.0,6.0,-1.0,1725955,1.0,7,,0.0,0.0,5.0,A01,138Â 207Â 058,1.0
1011113,201900052644,12,5,05:50,2,2,3,1.0,3.0,33312,127 Rue de Landegrand,M,"44,9601080"," -0,6278640",33,2019,30.0,1.0,1.0,4.0,2261121,1.0,1,1,1,5.0,,0.0,0,1981.0,A01,138Â 207Â 058,1.0,-1.0,-1.0,1725954,2.0,31,,0.0,2.0,1.0,B01,138Â 207Â 057,1.0
1011113,201900052644,12,5,05:50,2,2,3,1.0,3.0,33312,127 Rue de Landegrand,M,"44,9601080"," -0,6278640",33,2019,30.0,1.0,1.0,4.0,2261121,1.0,1,1,1,5.0,,0.0,0,1981.0,A01,138Â 207Â 058,1.0,-1.0,-1.0,1725955,1.0,7,,0.0,0.0,5.0,A01,138Â 207Â 058,1.0
1011114,201900052645,12,5,12:15,1,1,1,1.0,7.0,61076,Le Logis,M,"48,5987210","0,0183140",61,2019,80.0,3.0,1.0,4.0,2261122,1.0,1,4,2,4.0,,0.0,0,1964.0,A01,138Â 207Â 056,0.0,-1.0,-1.0,1725956,3.0,99,,13.0,0.0,7.0,A01,138Â 207Â 056,1.0
1011115,201900052646,12,5,08:15,1,1,1,1.0,3.0,27439,D52,M,"49,0817870","1,1404780",27,2019,80.0,1.0,1.0,3.0,2261123,1.0,1,1,1,4.0,,0.0,0,1992.0,B01,138Â 207Â 054,1.0,-1.0,-1.0,1725957,1.0,10,,0.0,2.0,0.0,B01,138Â 207Â 054,1.0
1011115,201900052646,12,5,08:15,1,1,1,1.0,3.0,27439,D52,M,"49,0817870","1,1404780",27,2019,80.0,1.0,1.0,3.0,2261123,1.0,1,1,1,4.0,,0.0,0,1992.0,B01,138Â 207Â 054,1.0,-1.0,-1.0,1725958,2.0,7,,0.0,2.0,3.0,C01,138Â 207Â 055,1.0
1011115,201900052646,12,5,08:15,1,1,1,1.0,3.0,27439,D52,M,"49,0817870","1,1404780",27,2019,80.0,1.0,1.0,3.0,2261124,1.0,1,4,2,1.0,,0.0,0,1972.0,C01,138Â 207Â 055,1.0,-1.0,-1.0,1725957,1.0,10,,0.0,2.0,0.0,B01,138Â 207Â 054,1.0
1011115,201900052646,12,5,08:15,1,1,1,1.0,3.0,27439,D52,M,"49,0817870","1,1404780",27,2019,80.0,1.0,1.0,3.0,2261124,1.0,1,4,2,1.0,,0.0,0,1972.0,C01,138Â 207Â 055,1.0,-1.0,-1.0,1725958,2.0,7,,0.0,2.0,3.0,C01,138Â 207Â 055,1.0
1011116,201900052647,12,5,14:30,1,2,2,5.0,3.0,60330,1 Rue Madame,M,"49,2960396","2,1595833",60,2019,50.0,1.0,2.0,3.0,2261125,1.0,1,4,2,1.0,,0.0,0,1999.0,A01,138Â 207Â 052,1.0,-1.0,-1.0,1725959,2.0,7,,0.0,2.0,1.0,A01,138Â 207Â 052,1.0
1011116,201900052647,12,5,14:30,1,2,2,5.0,3.0,60330,1 Rue Madame,M,"49,2960396","2,1595833",60,2019,50.0,1.0,2.0,3.0,2261125,1.0,1,4,2,1.0,,0.0,0,1999.0,A01,138Â 207Â 052,1.0,-1.0,-1.0,1725960,2.0,7,,0.0,2.0,7.0,B01,138Â 207Â 053,1.0
1011116,201900052647,12,5,14:30,1,2,2,5.0,3.0,60330,1 Rue Madame,M,"49,2960396","2,1595833",60,2019,50.0,1.0,2.0,3.0,2261126,1.0,1,4,2,1.0,,0.0,0,1995.0,B01,138Â 207Â 053,1.0,-1.0,-1.0,1725959,2.0,7,,0.0,2.0,1.0,A01,138Â 207Â 052,1.0
1011116,201900052647,12,5,14:30,1,2,2,5.0,3.0,60330,1 Rue Madame,M,"49,2960396","2,1595833",60,2019,50.0,1.0,2.0,3.0,2261126,1.0,1,4,2,1.0,,0.0,0,1995.0,B01,138Â 207Â 053,1.0,-1.0,-1.0,1725960,2.0,7,,0.0,2.0,7.0,B01,138Â 207Â 053,1.0
1011117,201900052648,12,5,07:50,1,1,1,1.0,3.0,13215,A7-Sens Lyon vers Marseille,M,"43,3842400","5,3507500",13,2019,90.0,1.0,1.0,1.0,2261127,1.0,1,4,1,1.0,,-1.0, -1,1990.0,B01,138Â 207Â 050,2.0,6.0,-1.0,1725961,1.0,33,,0.0,2.0,3.0,B01,138Â 207Â 050,1.0