Unnamed: 0_x,num_acc,mois,jour,hrmn,lum,agg,int,atm,col,com,adr,gps,lat,long,dep,annee,vma,situ,surf,catr,Unnamed: 0_y,place,catu,grav,sexe,trajet,secu,locp,actp,an_nais,num_veh_x,id_vehicule_x,secu1,secu2,secu3,Unnamed: 0,senc,catv,occutc,obs,obsm,choc,num_veh_y,id_vehicule_y,motor
1011117,201900052648,12,5,07:50,1,1,1,1.0,3.0,13215,A7-Sens Lyon vers Marseille,M,"43,3842400","5,3507500",13,2019,90.0,1.0,1.0,1.0,2261127,1.0,1,4,1,1.0,,-1.0, -1,1990.0,B01,138Â 207Â 050,2.0,6.0,-1.0,1725962,1.0,7,,0.0,2.0,7.0,A01,138Â 207Â 051,1.0
1011117,201900052648,12,5,07:50,1,1,1,1.0,3.0,13215,A7-Sens Lyon vers Marseille,M,"43,3842400","5,3507500",13,2019,90.0,1.0,1.0,1.0,2261128,1.0,1,1,1,1.0,,-1.0, -1,1973.0,A01,138Â 207Â 051,1.0,0.0,-1.0,1725961,1.0,33,,0.0,2.0,3.0,B01,138Â 207Â 050,1.0
1011117,201900052648,12,5,07:50,1,1,1,1.0,3.0,13215,A7-Sens Lyon vers Marseille,M,"43,3842400","5,3507500",13,2019,90.0,1.0,1.0,1.0,2261128,1.0,1,1,1,1.0,,-1.0, -1,1973.0,A01,138Â 207Â 051,1.0,0.0,-1.0,1725962,1.0,7,,0.0,2.0,7.0,A01,138Â 207Â 051,1.0
1011118,201900052649,12,5,07:00,3,1,1,1.0,4.0,13215,A7-Sens Marseille vers Lyon,M,"43,3525400","5,3659700",13,2019,90.0,1.0,1.0,1.0,2261129,1.0,1,4,2,1.0,,-1.0, -1,1994.0,C01,138Â 207Â 047,1.0,0.0,-1.0,1725963,2.0,7,,0.0,2.0,1.0,C01,138Â 207Â 047,1.0
1011118,201900052649,12,5,07:00,3,1,1,1.0,4.0,13215,A7-Sens Marseille vers Lyon,M,"43,3525400","5,3659700",13,2019,90.0,1.0,1.0,1.0,2261129,1.0,1,4,2,1.0,,-1.0, -1,1994.0,C01,138Â 207Â 047,1.0,0.0,-1.0,1725964,2.0,7,,0.0,2.0,4.0,B01,138Â 207Â 048,1.0
1011118,201900052649,12,5,07:00,3,1,1,1.0,4.0,13215,A7-Sens Marseille vers Lyon,M,"43,3525400","5,3659700",13,2019,90.0,1.0,1.0,1.0,2261129,1.0,1,4,2,1.0,,-1.0, -1,1994.0,C01,138Â 207Â 047,1.0,0.0,-1.0,1725965,2.0,7,,0.0,2.0,4.0,A01,138Â 207Â 049,1.0
1011118,201900052649,12,5,07:00,3,1,1,1.0,4.0,13215,A7-Sens Marseille vers Lyon,M,"43,3525400","5,3659700",13,2019,90.0,1.0,1.0,1.0,2261130,1.0,1,4,1,1.0,,-1.0, -1,1989.0,B01,138Â 207Â 048,1.0,0.0,-1.0,1725963,2.0,7,,0.0,2.0,1.0,C01,138Â 207Â 047,1.0
1011118,201900052649,12,5,07:00,3,1,1,1.0,4.0,13215,A7-Sens Marseille vers Lyon,M,"43,3525400","5,3659700",13,2019,90.0,1.0,1.0,1.0,2261130,1.0,1,4,1,1.0,,-1.0, -1,1989.0,B01,138Â 207Â 048,1.0,0.0,-1.0,1725964,2.0,7,,0.0,2.0,4.0,B01,138Â 207Â 048,1.0
1011118,201900052649,12,5,07:00,3,1,1,1.0,4.0,13215,A7-Sens Marseille vers Lyon,M,"43,3525400","5,3659700",13,2019,90.0,1.0,1.0,1.0,2261130,1.0,1,4,1,1.0,,-1.0, -1,1989.0,B01,138Â 207Â 048,1.0,0.0,-1.0,1725965,2.0,7,,0.0,2.0,4.0,A01,138Â 207Â 049,1.0
1011118,201900052649,12,5,07:00,3,1,1,1.0,4.0,13215,A7-Sens Marseille vers Lyon,M,"43,3525400","5,3659700",13,2019,90.0,1.0,1.0,1.0,2261131,1.0,1,1,2,1.0,,-1.0, -1,1989.0,A01,138Â 207Â 049,1.0,0.0,-1.0,1725963,2.0,7,,0.0,2.0,1.0,C01,138Â 207Â 047,1.0
1011118,201900052649,12,5,07:00,3,1,1,1.0,4.0,13215,A7-Sens Marseille vers Lyon,M,"43,3525400","5,3659700",13,2019,90.0,1.0,1.0,1.0,2261131,1.0,1,1,2,1.0,,-1.0, -1,1989.0,A01,138Â 207Â 049,1.0,0.0,-1.0,1725964,2.0,7,,0.0,2.0,4.0,B01,138Â 207Â 048,1.0
1011118,201900052649,12,5,07:00,3,1,1,1.0,4.0,13215,A7-Sens Marseille vers Lyon,M,"43,3525400","5,3659700",13,2019,90.0,1.0,1.0,1.0,2261131,1.0,1,1,2,1.0,,-1.0, -1,1989.0,A01,138Â 207Â 049,1.0,0.0,-1.0,1725965,2.0,7,,0.0,2.0,4.0,A01,138Â 207Â 049,1.0
1011119,201900052650,12,4,18:36,5,1,1,1.0,2.0,13215,A7-Sens Lyon vers Marseille,M,"43,3786640","5,3552990",13,2019,90.0,1.0,1.0,1.0,2261132,1.0,1,4,1,0.0,,-1.0,0,1989.0,A01,138Â 207Â 045,1.0,0.0,-1.0,1725966,1.0,7,,0.0,0.0,4.0,A01,138Â 207Â 045,1.0
1011119,201900052650,12,4,18:36,5,1,1,1.0,2.0,13215,A7-Sens Lyon vers Marseille,M,"43,3786640","5,3552990",13,2019,90.0,1.0,1.0,1.0,2261132,1.0,1,4,1,0.0,,-1.0,0,1989.0,A01,138Â 207Â 045,1.0,0.0,-1.0,1725967,1.0,7,,0.0,0.0,1.0,B01,138Â 207Â 046,1.0
1011119,201900052650,12,4,18:36,5,1,1,1.0,2.0,13215,A7-Sens Lyon vers Marseille,M,"43,3786640","5,3552990",13,2019,90.0,1.0,1.0,1.0,2261133,1.0,1,1,2,0.0,,-1.0, -1,2000.0,B01,138Â 207Â 046,1.0,0.0,-1.0,1725966,1.0,7,,0.0,0.0,4.0,A01,138Â 207Â 045,1.0
1011119,201900052650,12,4,18:36,5,1,1,1.0,2.0,13215,A7-Sens Lyon vers Marseille,M,"43,3786640","5,3552990",13,2019,90.0,1.0,1.0,1.0,2261133,1.0,1,1,2,0.0,,-1.0, -1,2000.0,B01,138Â 207Â 046,1.0,0.0,-1.0,1725967,1.0,7,,0.0,0.0,1.0,B01,138Â 207Â 046,1.0
1011120,201900052651,12,4,13:42,1,1,1,1.0,1.0,13055,A507 sens Marseille - Aubagne,M,"43,3289170","5,4155920",13,2019,70.0,1.0,1.0,1.0,2261134,1.0,1,4,1,0.0,,-1.0,0,1988.0,A01,138Â 207Â 044,2.0,6.0,-1.0,1725968,1.0,7,,0.0,2.0,1.0,B01,138Â 207Â 043,1.0
1011120,201900052651,12,4,13:42,1,1,1,1.0,1.0,13055,A507 sens Marseille - Aubagne,M,"43,3289170","5,4155920",13,2019,70.0,1.0,1.0,1.0,2261134,1.0,1,4,1,0.0,,-1.0,0,1988.0,A01,138Â 207Â 044,2.0,6.0,-1.0,1725969,1.0,32,,0.0,2.0,1.0,A01,138Â 207Â 044,1.0
1011121,201900052652,12,4,10:40,1,1,1,1.0,7.0,13026,A55-Sens Marseille vers Martigues,M,"43,3902100","5,1365300",13,2019,110.0,1.0,1.0,1.0,2261135,1.0,1,4,2,5.0,,0.0,0,1987.0,A01,138Â 207Â 042,1.0,0.0,-1.0,1725970,1.0,7,,3.0,0.0,2.0,A01,138Â 207Â 042,1.0
1011121,201900052652,12,4,10:40,1,1,1,1.0,7.0,13026,A55-Sens Marseille vers Martigues,M,"43,3902100","5,1365300",13,2019,110.0,1.0,1.0,1.0,2261136,2.0,2,1,1,5.0,,-1.0,0,1990.0,A01,138Â 207Â 042,1.0,0.0,-1.0,1725970,1.0,7,,3.0,0.0,2.0,A01,138Â 207Â 042,1.0
1011122,201900052653,12,5,05:10,5,1,1,5.0,2.0,69029,RD383   7.640 A 11.044,M,"45,7251600","4,8927900",69,2019,70.0,1.0,2.0,3.0,2261137,1.0,1,4,1,1.0,,-1.0,0,1966.0,B01,138Â 207Â 040,1.0,8.0,-1.0,1725971,1.0,10,,0.0,2.0,6.0,B01,138Â 207Â 040,1.0
1011122,201900052653,12,5,05:10,5,1,1,5.0,2.0,69029,RD383   7.640 A 11.044,M,"45,7251600","4,8927900",69,2019,70.0,1.0,2.0,3.0,2261137,1.0,1,4,1,1.0,,-1.0,0,1966.0,B01,138Â 207Â 040,1.0,8.0,-1.0,1725972,1.0,10,,0.0,2.0,1.0,Z01,138Â 207Â 041,1.0
1011123,201900052654,12,3,20:10,5,1,1,1.0,2.0,67137,Route MÃ©tropolitaine 1083,M,"48,4970000","7,6880000",67,2019,90.0,1.0,1.0,7.0,2261138,1.0,1,4,2,5.0,,-1.0, -1,1997.0,B01,138Â 207Â 038,1.0,5.0,-1.0,1725973,1.0,7,,0.0,2.0,1.0,B01,138Â 207Â 038,1.0
1011123,201900052654,12,3,20:10,5,1,1,1.0,2.0,67137,Route MÃ©tropolitaine 1083,M,"48,4970000","7,6880000",67,2019,90.0,1.0,1.0,7.0,2261138,1.0,1,4,2,5.0,,-1.0, -1,1997.0,B01,138Â 207Â 038,1.0,5.0,-1.0,1725974,1.0,7,,0.0,2.0,4.0,A01,138Â 207Â 039,1.0
1011123,201900052654,12,3,20:10,5,1,1,1.0,2.0,67137,Route MÃ©tropolitaine 1083,M,"48,4970000","7,6880000",67,2019,90.0,1.0,1.0,7.0,2261139,2.0,2,4,2,0.0,,-1.0, -1,1968.0,A01,138Â 207Â 039,1.0,0.0,-1.0,1725973,1.0,7,,0.0,2.0,1.0,B01,138Â 207Â 038,1.0
1011123,201900052654,12,3,20:10,5,1,1,1.0,2.0,67137,Route MÃ©tropolitaine 1083,M,"48,4970000","7,6880000",67,2019,90.0,1.0,1.0,7.0,2261139,2.0,2,4,2,0.0,,-1.0, -1,1968.0,A01,138Â 207Â 039,1.0,0.0,-1.0,1725974,1.0,7,,0.0,2.0,4.0,A01,138Â 207Â 039,1.0
1011123,201900052654,12,3,20:10,5,1,1,1.0,2.0,67137,Route MÃ©tropolitaine 1083,M,"48,4970000","7,6880000",67,2019,90.0,1.0,1.0,7.0,2261140,1.0,1,4,2,0.0,,-1.0, -1,2001.0,A01,138Â 207Â 039,1.0,0.0,-1.0,1725973,1.0,7,,0.0,2.0,1.0,B01,138Â 207Â 038,1.0
1011123,201900052654,12,3,20:10,5,1,1,1.0,2.0,67137,Route MÃ©tropolitaine 1083,M,"48,4970000","7,6880000",67,2019,90.0,1.0,1.0,7.0,2261140,1.0,1,4,2,0.0,,-1.0, -1,2001.0,A01,138Â 207Â 039,1.0,0.0,-1.0,1725974,1.0,7,,0.0,2.0,4.0,A01,138Â 207Â 039,1.0
1011124,201900052655,12,5,08:20,1,1,1,1.0,6.0,33448,AUTOROUTE A 62,M,"44,7224500"," -0,5237500",33,2019,130.0,1.0,1.0,1.0,2261141,1.0,1,4,1,1.0,,-1.0, -1,1997.0,A01,138Â 207Â 037,1.0,8.0,-1.0,1725975,2.0,7,,3.0,0.0,1.0,A01,138Â 207Â 037,1.0
1011125,201900052656,12,4,13:40,1,1,1,1.0,4.0,59429,AUTOROUTE A2,M,"50,2900000","3,3600000",59,2019,110.0,1.0,1.0,1.0,2261142,1.0,1,1,1,1.0,,-1.0, -1,1977.0,A01,138Â 207Â 034,1.0,0.0,-1.0,1725976,1.0,7,,0.0,2.0,1.0,A01,138Â 207Â 034,1.0
1011125,201900052656,12,4,13:40,1,1,1,1.0,4.0,59429,AUTOROUTE A2,M,"50,2900000","3,3600000",59,2019,110.0,1.0,1.0,1.0,2261142,1.0,1,1,1,1.0,,-1.0, -1,1977.0,A01,138Â 207Â 034,1.0,0.0,-1.0,1725977,1.0,7,,0.0,2.0,4.0,B01,138Â 207Â 035,1.0
1011125,201900052656,12,4,13:40,1,1,1,1.0,4.0,59429,AUTOROUTE A2,M,"50,2900000","3,3600000",59,2019,110.0,1.0,1.0,1.0,2261142,1.0,1,1,1,1.0,,-1.0, -1,1977.0,A01,138Â 207Â 034,1.0,0.0,-1.0,1725978,1.0,17,,0.0,2.0,4.0,C01,138Â 207Â 036,1.0
1011125,201900052656,12,4,13:40,1,1,1,1.0,4.0,59429,AUTOROUTE A2,M,"50,2900000","3,3600000",59,2019,110.0,1.0,1.0,1.0,2261143,1.0,1,3,1,3.0,,-1.0, -1,1944.0,B01,138Â 207Â 035,1.0,0.0,-1.0,1725976,1.0,7,,0.0,2.0,1.0,A01,138Â 207Â 034,1.0
1011125,201900052656,12,4,13:40,1,1,1,1.0,4.0,59429,AUTOROUTE A2,M,"50,2900000","3,3600000",59,2019,110.0,1.0,1.0,1.0,2261143,1.0,1,3,1,3.0,,-1.0, -1,1944.0,B01,138Â 207Â 035,1.0,0.0,-1.0,1725977,1.0,7,,0.0,2.0,4.0,B01,138Â 207Â 035,1.0
1011125,201900052656,12,4,13:40,1,1,1,1.0,4.0,59429,AUTOROUTE A2,M,"50,2900000","3,3600000",59,2019,110.0,1.0,1.0,1.0,2261143,1.0,1,3,1,3.0,,-1.0, -1,1944.0,B01,138Â 207Â 035,1.0,0.0,-1.0,1725978,1.0,17,,0.0,2.0,4.0,C01,138Â 207Â 036,1.0
1011125,201900052656,12,4,13:40,1,1,1,1.0,4.0,59429,AUTOROUTE A2,M,"50,2900000","3,3600000",59,2019,110.0,1.0,1.0,1.0,2261144,1.0,1,1,2,4.0,,-1.0, -1,1993.0,C01,138Â 207Â 036,1.0,0.0,-1.0,1725976,1.0,7,,0.0,2.0,1.0,A01,138Â 207Â 034,1.0
1011125,201900052656,12,4,13:40,1,1,1,1.0,4.0,59429,AUTOROUTE A2,M,"50,2900000","3,3600000",59,2019,110.0,1.0,1.0,1.0,2261144,1.0,1,1,2,4.0,,-1.0, -1,1993.0,C01,138Â 207Â 036,1.0,0.0,-1.0,1725977,1.0,7,,0.0,2.0,4.0,B01,138Â 207Â 035,1.0
1011125,201900052656,12,4,13:40,1,1,1,1.0,4.0,59429,AUTOROUTE A2,M,"50,2900000","3,3600000",59,2019,110.0,1.0,1.0,1.0,2261144,1.0,1,1,2,4.0,,-1.0, -1,1993.0,C01,138Â 207Â 036,1.0,0.0,-1.0,1725978,1.0,17,,0.0,2.0,4.0,C01,138Â 207Â 036,1.0
1011126,201900052657,12,5,17:25,5,1,1,1.0,2.0,94037,AUTOROUTE A6B,M,"48,8121000","2,3520000",94,2019,70.0,1.0,1.0,1.0,2261145,1.0,1,1,1,0.0,,-1.0,0,1992.0,B01,138Â 207Â 032,1.0,0.0,-1.0,1725979,2.0,7,,0.0,2.0,5.0,B01,138Â 207Â 032,1.0
1011126,201900052657,12,5,17:25,5,1,1,1.0,2.0,94037,AUTOROUTE A6B,M,"48,8121000","2,3520000",94,2019,70.0,1.0,1.0,1.0,2261145,1.0,1,1,1,0.0,,-1.0,0,1992.0,B01,138Â 207Â 032,1.0,0.0,-1.0,1725980,2.0,33,,0.0,2.0,1.0,A01,138Â 207Â 033,1.0
1011126,201900052657,12,5,17:25,5,1,1,1.0,2.0,94037,AUTOROUTE A6B,M,"48,8121000","2,3520000",94,2019,70.0,1.0,1.0,1.0,2261146,1.0,1,4,1,5.0,,-1.0, -1,1986.0,A01,138Â 207Â 033,2.0,6.0,-1.0,1725979,2.0,7,,0.0,2.0,5.0,B01,138Â 207Â 032,1.0
1011126,201900052657,12,5,17:25,5,1,1,1.0,2.0,94037,AUTOROUTE A6B,M,"48,8121000","2,3520000",94,2019,70.0,1.0,1.0,1.0,2261146,1.0,1,4,1,5.0,,-1.0, -1,1986.0,A01,138Â 207Â 033,2.0,6.0,-1.0,1725980,2.0,33,,0.0,2.0,1.0,A01,138Â 207Â 033,1.0
1011127,201900052658,12,5,15:45,1,1,1,5.0,3.0,91689,AUTOROUTE A6B,M,"48,7437700","2,3236300",91,2019,110.0,1.0,1.0,1.0,2261147,1.0,1,1,1,1.0,,0.0,0,1974.0,B01,138Â 207Â 030,1.0,4.0,-1.0,1725981,2.0,15,,0.0,2.0,2.0,B01,138Â 207Â 030,1.0
1011127,201900052658,12,5,15:45,1,1,1,5.0,3.0,91689,AUTOROUTE A6B,M,"48,7437700","2,3236300",91,2019,110.0,1.0,1.0,1.0,2261147,1.0,1,1,1,1.0,,0.0,0,1974.0,B01,138Â 207Â 030,1.0,4.0,-1.0,1725982,2.0,7,,0.0,2.0,6.0,A01,138Â 207Â 031,1.0
1011127,201900052658,12,5,15:45,1,1,1,5.0,3.0,91689,AUTOROUTE A6B,M,"48,7437700","2,3236300",91,2019,110.0,1.0,1.0,1.0,2261148,1.0,1,4,2,1.0,,0.0,0,1991.0,A01,138Â 207Â 031,1.0,0.0,-1.0,1725981,2.0,15,,0.0,2.0,2.0,B01,138Â 207Â 030,1.0
1011127,201900052658,12,5,15:45,1,1,1,5.0,3.0,91689,AUTOROUTE A6B,M,"48,7437700","2,3236300",91,2019,110.0,1.0,1.0,1.0,2261148,1.0,1,4,2,1.0,,0.0,0,1991.0,A01,138Â 207Â 031,1.0,0.0,-1.0,1725982,2.0,7,,0.0,2.0,6.0,A01,138Â 207Â 031,1.0
1011128,201900052659,12,5,06:00,5,1,1,1.0,3.0,94038,AUTOROUTE A6B,M,"48,7888000","2,3441000",94,2019,90.0,1.0,1.0,1.0,2261149,1.0,1,1,1,4.0,,-1.0,0,1975.0,A01,138Â 207Â 028,1.0,0.0,-1.0,1725983,1.0,15,,0.0,2.0,2.0,A01,138Â 207Â 028,1.0
1011128,201900052659,12,5,06:00,5,1,1,1.0,3.0,94038,AUTOROUTE A6B,M,"48,7888000","2,3441000",94,2019,90.0,1.0,1.0,1.0,2261149,1.0,1,1,1,4.0,,-1.0,0,1975.0,A01,138Â 207Â 028,1.0,0.0,-1.0,1725984,1.0,7,,0.0,2.0,8.0,B01,138Â 207Â 029,1.0
1011128,201900052659,12,5,06:00,5,1,1,1.0,3.0,94038,AUTOROUTE A6B,M,"48,7888000","2,3441000",94,2019,90.0,1.0,1.0,1.0,2261150,1.0,1,4,2,0.0,,-1.0,0,1953.0,B01,138Â 207Â 029,1.0,0.0,-1.0,1725983,1.0,15,,0.0,2.0,2.0,A01,138Â 207Â 028,1.0
1011128,201900052659,12,5,06:00,5,1,1,1.0,3.0,94038,AUTOROUTE A6B,M,"48,7888000","2,3441000",94,2019,90.0,1.0,1.0,1.0,2261150,1.0,1,4,2,0.0,,-1.0,0,1953.0,B01,138Â 207Â 029,1.0,0.0,-1.0,1725984,1.0,7,,0.0,2.0,8.0,B01,138Â 207Â 029,1.0
1011129,201900052660,12,5,05:45,5,1,1,5.0,3.0,94038,AUTOROUTE A6B,M,"48,7871000","2,3461000",94,2019,90.0,1.0,1.0,1.0,2261151,1.0,1,1,1,4.0,,-1.0, -1,1973.0,A01,138Â 207Â 026,1.0,0.0,-1.0,1725985,2.0,15,,0.0,2.0,1.0,A01,138Â 207Â 026,1.0
1011129,201900052660,12,5,05:45,5,1,1,5.0,3.0,94038,AUTOROUTE A6B,M,"48,7871000","2,3461000",94,2019,90.0,1.0,1.0,1.0,2261151,1.0,1,1,1,4.0,,-1.0, -1,1973.0,A01,138Â 207Â 026,1.0,0.0,-1.0,1725986,2.0,7,,0.0,2.0,8.0,B01,138Â 207Â 027,1.0
1011129,201900052660,12,5,05:45,5,1,1,5.0,3.0,94038,AUTOROUTE A6B,M,"48,7871000","2,3461000",94,2019,90.0,1.0,1.0,1.0,2261152,1.0,1,4,2,1.0,,-1.0,0,1992.0,B01,138Â 207Â 027,1.0,0.0,-1.0,1725985,2.0,15,,0.0,2.0,1.0,A01,138Â 207Â 026,1.0
1011129,201900052660,12,5,05:45,5,1,1,5.0,3.0,94038,AUTOROUTE A6B,M,"48,7871000","2,3461000",94,2019,90.0,1.0,1.0,1.0,2261152,1.0,1,4,2,1.0,,-1.0,0,1992.0,B01,138Â 207Â 027,1.0,0.0,-1.0,1725986,2.0,7,,0.0,2.0,8.0,B01,138Â 207Â 027,1.0
1011130,201900052661,12,4,18:05,3,1,1,1.0,3.0,94038,AUTOROUTE A6A,M,"48,7775000","2,3461000",94,2019,90.0,1.0,1.0,1.0,2261153,1.0,1,4,1,1.0,,-1.0,0,1997.0,A01,138Â 207Â 024,2.0,6.0,-1.0,1725987,1.0,33,,0.0,2.0,2.0,A01,138Â 207Â 024,1.0
1011130,201900052661,12,4,18:05,3,1,1,1.0,3.0,94038,AUTOROUTE A6A,M,"48,7775000","2,3461000",94,2019,90.0,1.0,1.0,1.0,2261153,1.0,1,4,1,1.0,,-1.0,0,1997.0,A01,138Â 207Â 024,2.0,6.0,-1.0,1725988,1.0,10,,0.0,2.0,6.0,B01,138Â 207Â 025,1.0
1011130,201900052661,12,4,18:05,3,1,1,1.0,3.0,94038,AUTOROUTE A6A,M,"48,7775000","2,3461000",94,2019,90.0,1.0,1.0,1.0,2261154,1.0,1,1,2,1.0,,-1.0,0,1997.0,B01,138Â 207Â 025,1.0,0.0,-1.0,1725987,1.0,33,,0.0,2.0,2.0,A01,138Â 207Â 024,1.0
1011130,201900052661,12,4,18:05,3,1,1,1.0,3.0,94038,AUTOROUTE A6A,M,"48,7775000","2,3461000",94,2019,90.0,1.0,1.0,1.0,2261154,1.0,1,1,2,1.0,,-1.0,0,1997.0,B01,138Â 207Â 025,1.0,0.0,-1.0,1725988,1.0,10,,0.0,2.0,6.0,B01,138Â 207Â 025,1.0
1011131,201900052662,12,4,11:10,1,1,1,1.0,6.0,78238,A13,M,"48,9690910","1,8663130",78,2019,50.0,1.0,1.0,1.0,2261155,1.0,1,4,1,9.0,,-1.0, -1,1972.0,A01,138Â 207Â 023,1.0,8.0,-1.0,1725989,2.0,7,,14.0,0.0,3.0,A01,138Â 207Â 023,1.0
1011132,201900052663,12,4,05:00,3,1,1,1.0,3.0,92036,A86,M,"48,9357566","2,2871856",92,2019,90.0,1.0,2.0,1.0,2261156,1.0,1,4,2,1.0,,-1.0,0,1972.0,B01,138Â 207Â 021,1.0,8.0,-1.0,1725990,1.0,7,,0.0,2.0,6.0,B01,138Â 207Â 021,1.0
1011132,201900052663,12,4,05:00,3,1,1,1.0,3.0,92036,A86,M,"48,9357566","2,2871856",92,2019,90.0,1.0,2.0,1.0,2261156,1.0,1,4,2,1.0,,-1.0,0,1972.0,B01,138Â 207Â 021,1.0,8.0,-1.0,1725991,1.0,7,,0.0,2.0,2.0,A01,138Â 207Â 022,1.0
1011132,201900052663,12,4,05:00,3,1,1,1.0,3.0,92036,A86,M,"48,9357566","2,2871856",92,2019,90.0,1.0,2.0,1.0,2261157,1.0,1,1,1,5.0,,-1.0,0,1998.0,A01,138Â 207Â 022,1.0,8.0,-1.0,1725990,1.0,7,,0.0,2.0,6.0,B01,138Â 207Â 021,1.0
1011132,201900052663,12,4,05:00,3,1,1,1.0,3.0,92036,A86,M,"48,9357566","2,2871856",92,2019,90.0,1.0,2.0,1.0,2261157,1.0,1,1,1,5.0,,-1.0,0,1998.0,A01,138Â 207Â 022,1.0,8.0,-1.0,1725991,1.0,7,,0.0,2.0,2.0,A01,138Â 207Â 022,1.0
1011132,201900052663,12,4,05:00,3,1,1,1.0,3.0,92036,A86,M,"48,9357566","2,2871856",92,2019,90.0,1.0,2.0,1.0,2261158,2.0,2,1,1,5.0,,-1.0,0,1992.0,A01,138Â 207Â 022,1.0,8.0,-1.0,1725990,1.0,7,,0.0,2.0,6.0,B01,138Â 207Â 021,1.0
1011132,201900052663,12,4,05:00,3,1,1,1.0,3.0,92036,A86,M,"48,9357566","2,2871856",92,2019,90.0,1.0,2.0,1.0,2261158,2.0,2,1,1,5.0,,-1.0,0,1992.0,A01,138Â 207Â 022,1.0,8.0,-1.0,1725991,1.0,7,,0.0,2.0,2.0,A01,138Â 207Â 022,1.0
1011133,201900052664,12,4,14:00,1,1,1,1.0,4.0,93064,AUTOROUTE A86,M,"48,8815400","2,4744600",93,2019,90.0,1.0,1.0,1.0,2261159,1.0,1,4,2,0.0,,-1.0, -1,1976.0,C01,138Â 207Â 018,1.0,0.0,-1.0,1725992,2.0,7,,0.0,2.0,4.0,C01,138Â 207Â 018,1.0
1011133,201900052664,12,4,14:00,1,1,1,1.0,4.0,93064,AUTOROUTE A86,M,"48,8815400","2,4744600",93,2019,90.0,1.0,1.0,1.0,2261159,1.0,1,4,2,0.0,,-1.0, -1,1976.0,C01,138Â 207Â 018,1.0,0.0,-1.0,1725993,2.0,7,,0.0,2.0,4.0,B01,138Â 207Â 019,1.0
1011133,201900052664,12,4,14:00,1,1,1,1.0,4.0,93064,AUTOROUTE A86,M,"48,8815400","2,4744600",93,2019,90.0,1.0,1.0,1.0,2261159,1.0,1,4,2,0.0,,-1.0, -1,1976.0,C01,138Â 207Â 018,1.0,0.0,-1.0,1725994,2.0,7,,0.0,2.0,1.0,A01,138Â 207Â 020,1.0
1011133,201900052664,12,4,14:00,1,1,1,1.0,4.0,93064,AUTOROUTE A86,M,"48,8815400","2,4744600",93,2019,90.0,1.0,1.0,1.0,2261160,1.0,1,4,1,0.0,,-1.0, -1,1987.0,B01,138Â 207Â 019,1.0,0.0,-1.0,1725992,2.0,7,,0.0,2.0,4.0,C01,138Â 207Â 018,1.0
1011133,201900052664,12,4,14:00,1,1,1,1.0,4.0,93064,AUTOROUTE A86,M,"48,8815400","2,4744600",93,2019,90.0,1.0,1.0,1.0,2261160,1.0,1,4,1,0.0,,-1.0, -1,1987.0,B01,138Â 207Â 019,1.0,0.0,-1.0,1725993,2.0,7,,0.0,2.0,4.0,B01,138Â 207Â 019,1.0
1011133,201900052664,12,4,14:00,1,1,1,1.0,4.0,93064,AUTOROUTE A86,M,"48,8815400","2,4744600",93,2019,90.0,1.0,1.0,1.0,2261160,1.0,1,4,1,0.0,,-1.0, -1,1987.0,B01,138Â 207Â 019,1.0,0.0,-1.0,1725994,2.0,7,,0.0,2.0,1.0,A01,138Â 207Â 020,1.0
1011133,201900052664,12,4,14:00,1,1,1,1.0,4.0,93064,AUTOROUTE A86,M,"48,8815400","2,4744600",93,2019,90.0,1.0,1.0,1.0,2261161,2.0,2,4,2,0.0,,-1.0, -1,1955.0,A01,138Â 207Â 020,1.0,0.0,-1.0,1725992,2.0,7,,0.0,2.0,4.0,C01,138Â 207Â 018,1.0
1011133,201900052664,12,4,14:00,1,1,1,1.0,4.0,93064,AUTOROUTE A86,M,"48,8815400","2,4744600",93,2019,90.0,1.0,1.0,1.0,2261161,2.0,2,4,2,0.0,,-1.0, -1,1955.0,A01,138Â 207Â 020,1.0,0.0,-1.0,1725993,2.0,7,,0.0,2.0,4.0,B01,138Â 207Â 019,1.0
1011133,201900052664,12,4,14:00,1,1,1,1.0,4.0,93064,AUTOROUTE A86,M,"48,8815400","2,4744600",93,2019,90.0,1.0,1.0,1.0,2261161,2.0,2,4,2,0.0,,-1.0, -1,1955.0,A01,138Â 207Â 020,1.0,0.0,-1.0,1725994,2.0,7,,0.0,2.0,1.0,A01,138Â 207Â 020,1.0
1011133,201900052664,12,4,14:00,1,1,1,1.0,4.0,93064,AUTOROUTE A86,M,"48,8815400","2,4744600",93,2019,90.0,1.0,1.0,1.0,2261162,1.0,1,1,2,0.0,,-1.0, -1,1954.0,A01,138Â 207Â 020,1.0,0.0,-1.0,1725992,2.0,7,,0.0,2.0,4.0,C01,138Â 207Â 018,1.0
1011133,201900052664,12,4,14:00,1,1,1,1.0,4.0,93064,AUTOROUTE A86,M,"48,8815400","2,4744600",93,2019,90.0,1.0,1.0,1.0,2261162,1.0,1,1,2,0.0,,-1.0, -1,1954.0,A01,138Â 207Â 020,1.0,0.0,-1.0,1725993,2.0,7,,0.0,2.0,4.0,B01,138Â 207Â 019,1.0