Unnamed: 0_x,num_acc,mois,jour,hrmn,lum,agg,int,atm,col,com,adr,gps,lat,long,dep,annee,vma,situ,surf,catr,Unnamed: 0_y,place,catu,grav,sexe,trajet,secu,locp,actp,an_nais,num_veh_x,id_vehicule_x,secu1,secu2,secu3,Unnamed: 0,senc,catv,occutc,obs,obsm,choc,num_veh_y,id_vehicule_y,motor
1011133,201900052664,12,4,14:00,1,1,1,1.0,4.0,93064,AUTOROUTE A86,M,"48,8815400","2,4744600",93,2019,90.0,1.0,1.0,1.0,2261162,1.0,1,1,2,0.0,,-1.0, -1,1954.0,A01,138Â 207Â 020,1.0,0.0,-1.0,1725994,2.0,7,,0.0,2.0,1.0,A01,138Â 207Â 020,1.0
1011134,201900052665,12,4,13:21,1,1,1,1.0,2.0,95154,AUTOROUTE A1,M,"49,0397600","2,5426500",95,2019,110.0,1.0,1.0,1.0,2261163,1.0,1,4,1,9.0,,-1.0,0,1966.0,A01,138Â 207Â 016,1.0,0.0,-1.0,1725995,1.0,10,,0.0,2.0,3.0,A01,138Â 207Â 016,1.0
1011134,201900052665,12,4,13:21,1,1,1,1.0,2.0,95154,AUTOROUTE A1,M,"49,0397600","2,5426500",95,2019,110.0,1.0,1.0,1.0,2261163,1.0,1,4,1,9.0,,-1.0,0,1966.0,A01,138Â 207Â 016,1.0,0.0,-1.0,1725996,1.0,17,,0.0,2.0,5.0,B01,138Â 207Â 017,1.0
1011134,201900052665,12,4,13:21,1,1,1,1.0,2.0,95154,AUTOROUTE A1,M,"49,0397600","2,5426500",95,2019,110.0,1.0,1.0,1.0,2261164,1.0,1,1,1,4.0,,-1.0,0,1993.0,B01,138Â 207Â 017,1.0,0.0,-1.0,1725995,1.0,10,,0.0,2.0,3.0,A01,138Â 207Â 016,1.0
1011134,201900052665,12,4,13:21,1,1,1,1.0,2.0,95154,AUTOROUTE A1,M,"49,0397600","2,5426500",95,2019,110.0,1.0,1.0,1.0,2261164,1.0,1,1,1,4.0,,-1.0,0,1993.0,B01,138Â 207Â 017,1.0,0.0,-1.0,1725996,1.0,17,,0.0,2.0,5.0,B01,138Â 207Â 017,1.0
1011135,201900052666,12,4,09:00,1,1,1,1.0,3.0,93064,AUTOROUTE A86,M,"48,8694600","2,4824100",93,2019,90.0,1.0,1.0,1.0,2261165,1.0,1,4,1,0.0,,-1.0, -1,1990.0,B01,138Â 207Â 014,2.0,0.0,-1.0,1725997,1.0,32,,0.0,2.0,3.0,B01,138Â 207Â 014,1.0
1011135,201900052666,12,4,09:00,1,1,1,1.0,3.0,93064,AUTOROUTE A86,M,"48,8694600","2,4824100",93,2019,90.0,1.0,1.0,1.0,2261165,1.0,1,4,1,0.0,,-1.0, -1,1990.0,B01,138Â 207Â 014,2.0,0.0,-1.0,1725998,1.0,7,,0.0,2.0,7.0,A01,138Â 207Â 015,1.0
1011135,201900052666,12,4,09:00,1,1,1,1.0,3.0,93064,AUTOROUTE A86,M,"48,8694600","2,4824100",93,2019,90.0,1.0,1.0,1.0,2261166,1.0,1,1,1,0.0,,-1.0, -1,1982.0,A01,138Â 207Â 015,1.0,0.0,-1.0,1725997,1.0,32,,0.0,2.0,3.0,B01,138Â 207Â 014,1.0
1011135,201900052666,12,4,09:00,1,1,1,1.0,3.0,93064,AUTOROUTE A86,M,"48,8694600","2,4824100",93,2019,90.0,1.0,1.0,1.0,2261166,1.0,1,1,1,0.0,,-1.0, -1,1982.0,A01,138Â 207Â 015,1.0,0.0,-1.0,1725998,1.0,7,,0.0,2.0,7.0,A01,138Â 207Â 015,1.0
1011136,201900052667,12,4,00:40,3,1,1,5.0,2.0,95241,RN 104,M,"49,0512700","2,4292031",95,2019,110.0,1.0,2.0,2.0,2261167,1.0,1,4,2,5.0,,-1.0,0,1994.0,A01,138Â 207Â 012,8.0,0.0,-1.0,1725999,1.0,7,,0.0,2.0,1.0,A01,138Â 207Â 012,1.0
1011136,201900052667,12,4,00:40,3,1,1,5.0,2.0,95241,RN 104,M,"49,0512700","2,4292031",95,2019,110.0,1.0,2.0,2.0,2261167,1.0,1,4,2,5.0,,-1.0,0,1994.0,A01,138Â 207Â 012,8.0,0.0,-1.0,1726000,1.0,7,,0.0,2.0,5.0,B01,138Â 207Â 013,1.0
1011136,201900052667,12,4,00:40,3,1,1,5.0,2.0,95241,RN 104,M,"49,0512700","2,4292031",95,2019,110.0,1.0,2.0,2.0,2261168,1.0,1,1,2,5.0,,-1.0,0,1973.0,B01,138Â 207Â 013,8.0,0.0,-1.0,1725999,1.0,7,,0.0,2.0,1.0,A01,138Â 207Â 012,1.0
1011136,201900052667,12,4,00:40,3,1,1,5.0,2.0,95241,RN 104,M,"49,0512700","2,4292031",95,2019,110.0,1.0,2.0,2.0,2261168,1.0,1,1,2,5.0,,-1.0,0,1973.0,B01,138Â 207Â 013,8.0,0.0,-1.0,1726000,1.0,7,,0.0,2.0,5.0,B01,138Â 207Â 013,1.0
1011137,201900052668,12,3,19:50,3,1,1,1.0,6.0,95641,AUTOROUTE A1,M,"49,0748100","2,5516400",95,2019,50.0,1.0,1.0,1.0,2261169,1.0,1,4,1,9.0,,-1.0,0,1992.0,A01,138Â 207Â 011,2.0,6.0,-1.0,1726001,2.0,33,,3.0,0.0,3.0,A01,138Â 207Â 011,1.0
1011138,201900052669,12,3,16:50,2,1,1,1.0,3.0,95491,AUTOROUTE A115,M,"49,0008000","2,2463100",95,2019,90.0,1.0,1.0,1.0,2261170,1.0,1,4,2,1.0,,-1.0,0,1991.0,B01,138Â 207Â 009,1.0,0.0,-1.0,1726002,2.0,7,,0.0,2.0,6.0,B01,138Â 207Â 009,1.0
1011138,201900052669,12,3,16:50,2,1,1,1.0,3.0,95491,AUTOROUTE A115,M,"49,0008000","2,2463100",95,2019,90.0,1.0,1.0,1.0,2261170,1.0,1,4,2,1.0,,-1.0,0,1991.0,B01,138Â 207Â 009,1.0,0.0,-1.0,1726003,2.0,16,,0.0,2.0,2.0,A01,138Â 207Â 010,1.0
1011138,201900052669,12,3,16:50,2,1,1,1.0,3.0,95491,AUTOROUTE A115,M,"49,0008000","2,2463100",95,2019,90.0,1.0,1.0,1.0,2261171,1.0,1,1,1,4.0,,-1.0,0,1994.0,A01,138Â 207Â 010,1.0,0.0,-1.0,1726002,2.0,7,,0.0,2.0,6.0,B01,138Â 207Â 009,1.0
1011138,201900052669,12,3,16:50,2,1,1,1.0,3.0,95491,AUTOROUTE A115,M,"49,0008000","2,2463100",95,2019,90.0,1.0,1.0,1.0,2261171,1.0,1,1,1,4.0,,-1.0,0,1994.0,A01,138Â 207Â 010,1.0,0.0,-1.0,1726003,2.0,16,,0.0,2.0,2.0,A01,138Â 207Â 010,1.0
1011139,201900052670,12,3,08:00,2,1,1,5.0,2.0,60631,AUTOROUTE A1,M,"49,1491800","2,5817100",60,2019,130.0,1.0,2.0,1.0,2261172,1.0,1,1,1,4.0,,-1.0,0,1988.0,B01,138Â 207Â 007,1.0,0.0,-1.0,1726004,2.0,17,,0.0,2.0,1.0,B01,138Â 207Â 007,1.0
1011139,201900052670,12,3,08:00,2,1,1,5.0,2.0,60631,AUTOROUTE A1,M,"49,1491800","2,5817100",60,2019,130.0,1.0,2.0,1.0,2261172,1.0,1,1,1,4.0,,-1.0,0,1988.0,B01,138Â 207Â 007,1.0,0.0,-1.0,1726005,2.0,7,,3.0,2.0,4.0,A01,138Â 207Â 008,1.0
1011139,201900052670,12,3,08:00,2,1,1,5.0,2.0,60631,AUTOROUTE A1,M,"49,1491800","2,5817100",60,2019,130.0,1.0,2.0,1.0,2261173,1.0,1,4,1,9.0,,-1.0,0,1962.0,A01,138Â 207Â 008,1.0,0.0,-1.0,1726004,2.0,17,,0.0,2.0,1.0,B01,138Â 207Â 007,1.0
1011139,201900052670,12,3,08:00,2,1,1,5.0,2.0,60631,AUTOROUTE A1,M,"49,1491800","2,5817100",60,2019,130.0,1.0,2.0,1.0,2261173,1.0,1,4,1,9.0,,-1.0,0,1962.0,A01,138Â 207Â 008,1.0,0.0,-1.0,1726005,2.0,7,,3.0,2.0,4.0,A01,138Â 207Â 008,1.0
1011139,201900052670,12,3,08:00,2,1,1,5.0,2.0,60631,AUTOROUTE A1,M,"49,1491800","2,5817100",60,2019,130.0,1.0,2.0,1.0,2261174,2.0,2,4,2,0.0,,-1.0,0,1966.0,A01,138Â 207Â 008,1.0,0.0,-1.0,1726004,2.0,17,,0.0,2.0,1.0,B01,138Â 207Â 007,1.0
1011139,201900052670,12,3,08:00,2,1,1,5.0,2.0,60631,AUTOROUTE A1,M,"49,1491800","2,5817100",60,2019,130.0,1.0,2.0,1.0,2261174,2.0,2,4,2,0.0,,-1.0,0,1966.0,A01,138Â 207Â 008,1.0,0.0,-1.0,1726005,2.0,7,,3.0,2.0,4.0,A01,138Â 207Â 008,1.0
1011140,201900052671,12,3,08:00,3,1,1,1.0,3.0,95018,AUTOROUTE A15,M,"48,9505600","2,2799500",95,2019,110.0,1.0,2.0,1.0,2261175,1.0,1,1,1,4.0,,-1.0,0,1991.0,A01,138Â 207Â 005,1.0,0.0,-1.0,1726006,2.0,10,,0.0,2.0,6.0,A01,138Â 207Â 005,1.0
1011140,201900052671,12,3,08:00,3,1,1,1.0,3.0,95018,AUTOROUTE A15,M,"48,9505600","2,2799500",95,2019,110.0,1.0,2.0,1.0,2261175,1.0,1,1,1,4.0,,-1.0,0,1991.0,A01,138Â 207Â 005,1.0,0.0,-1.0,1726007,2.0,33,,0.0,2.0,7.0,B01,138Â 207Â 006,1.0
1011140,201900052671,12,3,08:00,3,1,1,1.0,3.0,95018,AUTOROUTE A15,M,"48,9505600","2,2799500",95,2019,110.0,1.0,2.0,1.0,2261176,1.0,1,4,1,1.0,,-1.0,0,1978.0,B01,138Â 207Â 006,2.0,6.0,-1.0,1726006,2.0,10,,0.0,2.0,6.0,A01,138Â 207Â 005,1.0
1011140,201900052671,12,3,08:00,3,1,1,1.0,3.0,95018,AUTOROUTE A15,M,"48,9505600","2,2799500",95,2019,110.0,1.0,2.0,1.0,2261176,1.0,1,4,1,1.0,,-1.0,0,1978.0,B01,138Â 207Â 006,2.0,6.0,-1.0,1726007,2.0,33,,0.0,2.0,7.0,B01,138Â 207Â 006,1.0
1011141,201900052672,12,5,07:45,1,1,1,5.0,3.0,94018,A4,M,"48,8200000","2,4034000",94,2019,90.0,1.0,1.0,1.0,2261177,1.0,1,1,1,5.0,,-1.0,0,1976.0,A01,138Â 207Â 003,1.0,8.0,-1.0,1726008,2.0,7,,0.0,2.0,2.0,A01,138Â 207Â 003,1.0
1011141,201900052672,12,5,07:45,1,1,1,5.0,3.0,94018,A4,M,"48,8200000","2,4034000",94,2019,90.0,1.0,1.0,1.0,2261177,1.0,1,1,1,5.0,,-1.0,0,1976.0,A01,138Â 207Â 003,1.0,8.0,-1.0,1726009,2.0,34,,0.0,2.0,9.0,B01,138Â 207Â 004,1.0
1011141,201900052672,12,5,07:45,1,1,1,5.0,3.0,94018,A4,M,"48,8200000","2,4034000",94,2019,90.0,1.0,1.0,1.0,2261178,1.0,1,4,1,1.0,,-1.0,0,1989.0,B01,138Â 207Â 004,2.0,6.0,-1.0,1726008,2.0,7,,0.0,2.0,2.0,A01,138Â 207Â 003,1.0
1011141,201900052672,12,5,07:45,1,1,1,5.0,3.0,94018,A4,M,"48,8200000","2,4034000",94,2019,90.0,1.0,1.0,1.0,2261178,1.0,1,4,1,1.0,,-1.0,0,1989.0,B01,138Â 207Â 004,2.0,6.0,-1.0,1726009,2.0,34,,0.0,2.0,9.0,B01,138Â 207Â 004,1.0
1011141,201900052672,12,5,07:45,1,1,1,5.0,3.0,94018,A4,M,"48,8200000","2,4034000",94,2019,90.0,1.0,1.0,1.0,2261179,2.0,2,4,1,1.0,,-1.0,0,1963.0,B01,138Â 207Â 004,2.0,6.0,-1.0,1726008,2.0,7,,0.0,2.0,2.0,A01,138Â 207Â 003,1.0
1011141,201900052672,12,5,07:45,1,1,1,5.0,3.0,94018,A4,M,"48,8200000","2,4034000",94,2019,90.0,1.0,1.0,1.0,2261179,2.0,2,4,1,1.0,,-1.0,0,1963.0,B01,138Â 207Â 004,2.0,6.0,-1.0,1726009,2.0,34,,0.0,2.0,9.0,B01,138Â 207Â 004,1.0
1011142,201900052673,12,4,21:15,3,1,1,1.0,7.0,77058,A4,M,"48,8286900","2,7286300",77,2019,130.0,1.0,1.0,1.0,2261180,1.0,1,4,1,5.0,,-1.0,0,1976.0,A01,138Â 207Â 001,1.0,8.0,-1.0,1726010,1.0,7,,3.0,0.0,2.0,A01,138Â 207Â 001,3.0
1011143,201900052674,12,4,08:00,1,1,1,1.0,2.0,94069,A4,M,"48,8172803","2,4288456",94,2019,90.0,1.0,1.0,1.0,2261181,1.0,1,4,1,1.0,,-1.0,0,1966.0,B01,138Â 206Â 999,1.0,0.0,-1.0,1726011,2.0,7,,0.0,2.0,2.0,B01,138Â 206Â 999,1.0
1011143,201900052674,12,4,08:00,1,1,1,1.0,2.0,94069,A4,M,"48,8172803","2,4288456",94,2019,90.0,1.0,1.0,1.0,2261181,1.0,1,4,1,1.0,,-1.0,0,1966.0,B01,138Â 206Â 999,1.0,0.0,-1.0,1726012,2.0,7,,0.0,2.0,8.0,A01,138Â 207Â 000,1.0
1011143,201900052674,12,4,08:00,1,1,1,1.0,2.0,94069,A4,M,"48,8172803","2,4288456",94,2019,90.0,1.0,1.0,1.0,2261182,1.0,1,1,1,1.0,,-1.0,0,1956.0,A01,138Â 207Â 000,1.0,0.0,-1.0,1726011,2.0,7,,0.0,2.0,2.0,B01,138Â 206Â 999,1.0
1011143,201900052674,12,4,08:00,1,1,1,1.0,2.0,94069,A4,M,"48,8172803","2,4288456",94,2019,90.0,1.0,1.0,1.0,2261182,1.0,1,1,1,1.0,,-1.0,0,1956.0,A01,138Â 207Â 000,1.0,0.0,-1.0,1726012,2.0,7,,0.0,2.0,8.0,A01,138Â 207Â 000,1.0
1011144,201900052675,12,3,23:00,5,1,1,1.0,2.0,94018,A4,M,"48,8170000","2,4169000",94,2019,30.0,1.0,1.0,1.0,2261183,1.0,1,1,1,5.0,,-1.0, -1,1995.0,B01,138Â 206Â 997,2.0,8.0,-1.0,1726013,1.0,2,,0.0,2.0,4.0,B01,138Â 206Â 997,1.0
1011144,201900052675,12,3,23:00,5,1,1,1.0,2.0,94018,A4,M,"48,8170000","2,4169000",94,2019,30.0,1.0,1.0,1.0,2261183,1.0,1,1,1,5.0,,-1.0, -1,1995.0,B01,138Â 206Â 997,2.0,8.0,-1.0,1726014,1.0,7,,0.0,2.0,1.0,A01,138Â 206Â 998,1.0
1011144,201900052675,12,3,23:00,5,1,1,1.0,2.0,94018,A4,M,"48,8170000","2,4169000",94,2019,30.0,1.0,1.0,1.0,2261184,1.0,1,4,2,5.0,,-1.0,0,1993.0,A01,138Â 206Â 998,1.0,0.0,-1.0,1726013,1.0,2,,0.0,2.0,4.0,B01,138Â 206Â 997,1.0
1011144,201900052675,12,3,23:00,5,1,1,1.0,2.0,94018,A4,M,"48,8170000","2,4169000",94,2019,30.0,1.0,1.0,1.0,2261184,1.0,1,4,2,5.0,,-1.0,0,1993.0,A01,138Â 206Â 998,1.0,0.0,-1.0,1726014,1.0,7,,0.0,2.0,1.0,A01,138Â 206Â 998,1.0
1011145,201900052676,6,27,01:44,4,2,9,1.0,2.0,95428,GEORGES CLEMENCEAU,M,"48,9932700","2,3233000",95,2019,50.0,1.0,1.0,3.0,2261185,1.0,1,1,1,5.0,,-1.0, -1,1990.0,A01,138Â 206Â 995,8.0,-1.0,-1.0,1726015,1.0,7,,0.0,2.0,1.0,A01,138Â 206Â 995,0.0
1011145,201900052676,6,27,01:44,4,2,9,1.0,2.0,95428,GEORGES CLEMENCEAU,M,"48,9932700","2,3233000",95,2019,50.0,1.0,1.0,3.0,2261185,1.0,1,1,1,5.0,,-1.0, -1,1990.0,A01,138Â 206Â 995,8.0,-1.0,-1.0,1726016,1.0,33,,0.0,2.0,4.0,B01,138Â 206Â 996,1.0
1011145,201900052676,6,27,01:44,4,2,9,1.0,2.0,95428,GEORGES CLEMENCEAU,M,"48,9932700","2,3233000",95,2019,50.0,1.0,1.0,3.0,2261186,1.0,1,3,1,1.0,,-1.0,0,1986.0,B01,138Â 206Â 996,2.0,0.0,-1.0,1726015,1.0,7,,0.0,2.0,1.0,A01,138Â 206Â 995,0.0
1011145,201900052676,6,27,01:44,4,2,9,1.0,2.0,95428,GEORGES CLEMENCEAU,M,"48,9932700","2,3233000",95,2019,50.0,1.0,1.0,3.0,2261186,1.0,1,3,1,1.0,,-1.0,0,1986.0,B01,138Â 206Â 996,2.0,0.0,-1.0,1726016,1.0,33,,0.0,2.0,4.0,B01,138Â 206Â 996,1.0
1011146,201900052677,6,18,17:50,1,2,1,1.0,3.0,95210,COUSSAYE (RUE DE LA),M,"48,9633653","2,3062382",95,2019,50.0,1.0,1.0,4.0,2261187,1.0,1,1,1,5.0,,-1.0,0,1981.0,B01,138Â 206Â 993,1.0,0.0,-1.0,1726017,2.0,7,,0.0,2.0,3.0,B01,138Â 206Â 993,1.0
1011146,201900052677,6,18,17:50,1,2,1,1.0,3.0,95210,COUSSAYE (RUE DE LA),M,"48,9633653","2,3062382",95,2019,50.0,1.0,1.0,4.0,2261187,1.0,1,1,1,5.0,,-1.0,0,1981.0,B01,138Â 206Â 993,1.0,0.0,-1.0,1726018,3.0,30,,0.0,2.0,2.0,A01,138Â 206Â 994,0.0
1011146,201900052677,6,18,17:50,1,2,1,1.0,3.0,95210,COUSSAYE (RUE DE LA),M,"48,9633653","2,3062382",95,2019,50.0,1.0,1.0,4.0,2261188,1.0,1,4,1,5.0,,-1.0,0,2002.0,A01,138Â 206Â 994,2.0,0.0,-1.0,1726017,2.0,7,,0.0,2.0,3.0,B01,138Â 206Â 993,1.0
1011146,201900052677,6,18,17:50,1,2,1,1.0,3.0,95210,COUSSAYE (RUE DE LA),M,"48,9633653","2,3062382",95,2019,50.0,1.0,1.0,4.0,2261188,1.0,1,4,1,5.0,,-1.0,0,2002.0,A01,138Â 206Â 994,2.0,0.0,-1.0,1726018,3.0,30,,0.0,2.0,2.0,A01,138Â 206Â 994,0.0
1011146,201900052677,6,18,17:50,1,2,1,1.0,3.0,95210,COUSSAYE (RUE DE LA),M,"48,9633653","2,3062382",95,2019,50.0,1.0,1.0,4.0,2261189,3.0,2,4,1,5.0,,-1.0,0,2002.0,A01,138Â 206Â 994,8.0,0.0,-1.0,1726017,2.0,7,,0.0,2.0,3.0,B01,138Â 206Â 993,1.0
1011146,201900052677,6,18,17:50,1,2,1,1.0,3.0,95210,COUSSAYE (RUE DE LA),M,"48,9633653","2,3062382",95,2019,50.0,1.0,1.0,4.0,2261189,3.0,2,4,1,5.0,,-1.0,0,2002.0,A01,138Â 206Â 994,8.0,0.0,-1.0,1726018,3.0,30,,0.0,2.0,2.0,A01,138Â 206Â 994,0.0
1011147,201900052678,12,2,08:50,1,2,1,1.0,3.0,68376,PFASTATT (RUE DE),M,"47,8034900","7,3331300",68,2019,50.0,1.0,1.0,4.0,2261190,1.0,1,3,1,-1.0,,-1.0,0,2000.0,A01,138Â 206Â 991,0.0,-1.0,-1.0,1726019,0.0,7,,0.0,0.0,1.0,A01,138Â 206Â 991,-1.0
1011147,201900052678,12,2,08:50,1,2,1,1.0,3.0,68376,PFASTATT (RUE DE),M,"47,8034900","7,3331300",68,2019,50.0,1.0,1.0,4.0,2261190,1.0,1,3,1,-1.0,,-1.0,0,2000.0,A01,138Â 206Â 991,0.0,-1.0,-1.0,1726020,0.0,10,,0.0,0.0,8.0,B01,138Â 206Â 992,-1.0
1011147,201900052678,12,2,08:50,1,2,1,1.0,3.0,68376,PFASTATT (RUE DE),M,"47,8034900","7,3331300",68,2019,50.0,1.0,1.0,4.0,2261191,1.0,1,1,1,-1.0,,-1.0,0,1969.0,B01,138Â 206Â 992,0.0,-1.0,-1.0,1726019,0.0,7,,0.0,0.0,1.0,A01,138Â 206Â 991,-1.0
1011147,201900052678,12,2,08:50,1,2,1,1.0,3.0,68376,PFASTATT (RUE DE),M,"47,8034900","7,3331300",68,2019,50.0,1.0,1.0,4.0,2261191,1.0,1,1,1,-1.0,,-1.0,0,1969.0,B01,138Â 206Â 992,0.0,-1.0,-1.0,1726020,0.0,10,,0.0,0.0,8.0,B01,138Â 206Â 992,-1.0
1011148,201900052679,12,3,19:10,5,2,1,1.0,7.0,68224,PFASTATT (RUE DE),M,"47,7529900","7,3155600",68,2019,50.0,1.0,1.0,4.0,2261192,1.0,1,1,2,5.0,,-1.0,0,1960.0,A01,138Â 206Â 990,1.0,0.0,-1.0,1726021,2.0,10,,0.0,1.0,1.0,A01,138Â 206Â 990,1.0
1011148,201900052679,12,3,19:10,5,2,1,1.0,7.0,68224,PFASTATT (RUE DE),M,"47,7529900","7,3155600",68,2019,50.0,1.0,1.0,4.0,2261193,10.0,3,3,2,5.0,,3.0,3,1969.0,A01,138Â 206Â 990,8.0,0.0,-1.0,1726021,2.0,10,,0.0,1.0,1.0,A01,138Â 206Â 990,1.0
1011148,201900052679,12,3,19:10,5,2,1,1.0,7.0,68224,PFASTATT (RUE DE),M,"47,7529900","7,3155600",68,2019,50.0,1.0,1.0,4.0,2261194,10.0,3,4,2,5.0,,3.0,3,1959.0,A01,138Â 206Â 990,8.0,0.0,-1.0,1726021,2.0,10,,0.0,1.0,1.0,A01,138Â 206Â 990,1.0
1011149,201900052680,10,9,16:20,1,2,3,1.0,3.0,62244,CLIPET (RUE LOUIS),M,"50,9229712","1,8880245",62,2019,50.0,1.0,2.0,3.0,2261195,1.0,1,1,2,5.0,,-1.0, -1,1960.0,B01,138Â 206Â 988,1.0,0.0,-1.0,1726022,2.0,7,,0.0,2.0,8.0,B01,138Â 206Â 988,1.0
1011149,201900052680,10,9,16:20,1,2,3,1.0,3.0,62244,CLIPET (RUE LOUIS),M,"50,9229712","1,8880245",62,2019,50.0,1.0,2.0,3.0,2261195,1.0,1,1,2,5.0,,-1.0, -1,1960.0,B01,138Â 206Â 988,1.0,0.0,-1.0,1726023,1.0,30,,0.0,2.0,1.0,A01,138Â 206Â 989,1.0
1011149,201900052680,10,9,16:20,1,2,3,1.0,3.0,62244,CLIPET (RUE LOUIS),M,"50,9229712","1,8880245",62,2019,50.0,1.0,2.0,3.0,2261196,1.0,1,3,1,5.0,,-1.0, -1,1962.0,A01,138Â 206Â 989,2.0,6.0,-1.0,1726022,2.0,7,,0.0,2.0,8.0,B01,138Â 206Â 988,1.0
1011149,201900052680,10,9,16:20,1,2,3,1.0,3.0,62244,CLIPET (RUE LOUIS),M,"50,9229712","1,8880245",62,2019,50.0,1.0,2.0,3.0,2261196,1.0,1,3,1,5.0,,-1.0, -1,1962.0,A01,138Â 206Â 989,2.0,6.0,-1.0,1726023,1.0,30,,0.0,2.0,1.0,A01,138Â 206Â 989,1.0
1011150,201900052681,11,27,18:15,5,2,6,2.0,2.0,54526,PAIX (AVENUE DE LA),M,"48,6846200","6,2140900",54,2019,50.0,1.0,2.0,7.0,2261197,1.0,1,4,2,5.0,,-1.0,0,1970.0,B01,138Â 206Â 984,8.0,0.0,-1.0,1726024,3.0,7,,0.0,2.0,4.0,B01,138Â 206Â 984,2.0
1011150,201900052681,11,27,18:15,5,2,6,2.0,2.0,54526,PAIX (AVENUE DE LA),M,"48,6846200","6,2140900",54,2019,50.0,1.0,2.0,7.0,2261197,1.0,1,4,2,5.0,,-1.0,0,1970.0,B01,138Â 206Â 984,8.0,0.0,-1.0,1726025,3.0,7,,0.0,2.0,1.0,A01,138Â 206Â 985,1.0
1011150,201900052681,11,27,18:15,5,2,6,2.0,2.0,54526,PAIX (AVENUE DE LA),M,"48,6846200","6,2140900",54,2019,50.0,1.0,2.0,7.0,2261198,1.0,1,1,2,5.0,,-1.0, -1,1989.0,A01,138Â 206Â 985,8.0,0.0,-1.0,1726024,3.0,7,,0.0,2.0,4.0,B01,138Â 206Â 984,2.0
1011150,201900052681,11,27,18:15,5,2,6,2.0,2.0,54526,PAIX (AVENUE DE LA),M,"48,6846200","6,2140900",54,2019,50.0,1.0,2.0,7.0,2261198,1.0,1,1,2,5.0,,-1.0, -1,1989.0,A01,138Â 206Â 985,8.0,0.0,-1.0,1726025,3.0,7,,0.0,2.0,1.0,A01,138Â 206Â 985,1.0
1011151,201900052682,12,3,15:30,1,1,1,1.0,3.0,45286,PONT RENE THINAT,M,"47,8956800","1,9211700",45,2019,70.0,1.0,1.0,4.0,2261199,1.0,1,1,1,4.0,,0.0,0,1968.0,A01,138Â 206Â 982,8.0,0.0,-1.0,1726026,3.0,20,,0.0,2.0,7.0,A01,138Â 206Â 982,0.0
1011151,201900052682,12,3,15:30,1,1,1,1.0,3.0,45286,PONT RENE THINAT,M,"47,8956800","1,9211700",45,2019,70.0,1.0,1.0,4.0,2261199,1.0,1,1,1,4.0,,0.0,0,1968.0,A01,138Â 206Â 982,8.0,0.0,-1.0,1726027,3.0,7,,0.0,2.0,8.0,B01,138Â 206Â 983,0.0
1011151,201900052682,12,3,15:30,1,1,1,1.0,3.0,45286,PONT RENE THINAT,M,"47,8956800","1,9211700",45,2019,70.0,1.0,1.0,4.0,2261200,2.0,2,4,2,5.0,,0.0,0,1938.0,B01,138Â 206Â 983,8.0,0.0,-1.0,1726026,3.0,20,,0.0,2.0,7.0,A01,138Â 206Â 982,0.0
1011151,201900052682,12,3,15:30,1,1,1,1.0,3.0,45286,PONT RENE THINAT,M,"47,8956800","1,9211700",45,2019,70.0,1.0,1.0,4.0,2261200,2.0,2,4,2,5.0,,0.0,0,1938.0,B01,138Â 206Â 983,8.0,0.0,-1.0,1726027,3.0,7,,0.0,2.0,8.0,B01,138Â 206Â 983,0.0
1011151,201900052682,12,3,15:30,1,1,1,1.0,3.0,45286,PONT RENE THINAT,M,"47,8956800","1,9211700",45,2019,70.0,1.0,1.0,4.0,2261201,1.0,1,4,1,5.0,,-1.0, -1,1935.0,B01,138Â 206Â 983,8.0,0.0,-1.0,1726026,3.0,20,,0.0,2.0,7.0,A01,138Â 206Â 982,0.0
1011151,201900052682,12,3,15:30,1,1,1,1.0,3.0,45286,PONT RENE THINAT,M,"47,8956800","1,9211700",45,2019,70.0,1.0,1.0,4.0,2261201,1.0,1,4,1,5.0,,-1.0, -1,1935.0,B01,138Â 206Â 983,8.0,0.0,-1.0,1726027,3.0,7,,0.0,2.0,8.0,B01,138Â 206Â 983,0.0
1011152,201900052683,11,22,19:05,3,1,6,2.0,6.0,35150,PILAIS (LA) LIEUX-DITS,M,"48,3520100"," -1,2299500",35,2019,50.0,1.0,1.0,3.0,2261202,10.0,3,4,2,3.0,,1.0,3,2003.0,C01,138Â 206Â 981,8.0,0.0,-1.0,1726028,1.0,10,,0.0,1.0,1.0,C01,138Â 206Â 981,0.0
1011152,201900052683,11,22,19:05,3,1,6,2.0,6.0,35150,PILAIS (LA) LIEUX-DITS,M,"48,3520100"," -1,2299500",35,2019,50.0,1.0,1.0,3.0,2261203,10.0,3,4,1,3.0,,1.0,3,1972.0,C01,138Â 206Â 981,8.0,0.0,-1.0,1726028,1.0,10,,0.0,1.0,1.0,C01,138Â 206Â 981,0.0
1011153,201900052684,7,17,01:10,5,2,1,1.0,3.0,29019,FRANCE ANATOLE (DE 1 A 53 ET 2 A 46),M,"48,3826425"," -4,5212810",29,2019,50.0,1.0,1.0,4.0,2261204,1.0,1,1,1,5.0,,0.0,0,1954.0,A01,138Â 206Â 979,1.0,8.0,-1.0,1726029,1.0,7,,0.0,2.0,1.0,A01,138Â 206Â 979,1.0
1011153,201900052684,7,17,01:10,5,2,1,1.0,3.0,29019,FRANCE ANATOLE (DE 1 A 53 ET 2 A 46),M,"48,3826425"," -4,5212810",29,2019,50.0,1.0,1.0,4.0,2261204,1.0,1,1,1,5.0,,0.0,0,1954.0,A01,138Â 206Â 979,1.0,8.0,-1.0,1726030,2.0,33,,0.0,2.0,3.0,B01,138Â 206Â 980,1.0