Unnamed: 0_x,num_acc,mois,jour,hrmn,lum,agg,int,atm,col,com,adr,gps,lat,long,dep,annee,vma,situ,surf,catr,Unnamed: 0_y,place,catu,grav,sexe,trajet,secu,locp,actp,an_nais,num_veh_x,id_vehicule_x,secu1,secu2,secu3,Unnamed: 0,senc,catv,occutc,obs,obsm,choc,num_veh_y,id_vehicule_y,motor
1011153,201900052684,7,17,01:10,5,2,1,1.0,3.0,29019,FRANCE ANATOLE (DE 1 A 53 ET 2 A 46),M,"48,3826425"," -4,5212810",29,2019,50.0,1.0,1.0,4.0,2261205,1.0,1,3,1,5.0,,-1.0,0,1997.0,B01,138Â 206Â 980,2.0,8.0,-1.0,1726029,1.0,7,,0.0,2.0,1.0,A01,138Â 206Â 979,1.0
1011153,201900052684,7,17,01:10,5,2,1,1.0,3.0,29019,FRANCE ANATOLE (DE 1 A 53 ET 2 A 46),M,"48,3826425"," -4,5212810",29,2019,50.0,1.0,1.0,4.0,2261205,1.0,1,3,1,5.0,,-1.0,0,1997.0,B01,138Â 206Â 980,2.0,8.0,-1.0,1726030,2.0,33,,0.0,2.0,3.0,B01,138Â 206Â 980,1.0
1011154,201900052685,11,22,23:05,5,2,1,2.0,2.0,22278,PARIS (DE),M,"48,5043600"," -2,7417500",22,2019,50.0,1.0,2.0,4.0,2261206,1.0,1,4,2,5.0,,0.0,0,1990.0,B01,138Â 206Â 977,1.0,8.0,-1.0,1726031,0.0,7,,0.0,2.0,4.0,B01,138Â 206Â 977,1.0
1011154,201900052685,11,22,23:05,5,2,1,2.0,2.0,22278,PARIS (DE),M,"48,5043600"," -2,7417500",22,2019,50.0,1.0,2.0,4.0,2261206,1.0,1,4,2,5.0,,0.0,0,1990.0,B01,138Â 206Â 977,1.0,8.0,-1.0,1726032,0.0,7,,0.0,2.0,1.0,A01,138Â 206Â 978,1.0
1011154,201900052685,11,22,23:05,5,2,1,2.0,2.0,22278,PARIS (DE),M,"48,5043600"," -2,7417500",22,2019,50.0,1.0,2.0,4.0,2261207,1.0,1,1,2,5.0,,0.0,0,1971.0,A01,138Â 206Â 978,1.0,8.0,-1.0,1726031,0.0,7,,0.0,2.0,4.0,B01,138Â 206Â 977,1.0
1011154,201900052685,11,22,23:05,5,2,1,2.0,2.0,22278,PARIS (DE),M,"48,5043600"," -2,7417500",22,2019,50.0,1.0,2.0,4.0,2261207,1.0,1,1,2,5.0,,0.0,0,1971.0,A01,138Â 206Â 978,1.0,8.0,-1.0,1726032,0.0,7,,0.0,2.0,1.0,A01,138Â 206Â 978,1.0
1011155,201900052686,11,27,02:50,3,2,1,1.0,7.0,97407,RUE SULLY PRUD'HOMME,M," -20,9414900","55,3108600",974,2019,50.0,1.0,1.0,4.0,2261208,1.0,1,3,1,5.0,,-1.0,0,2000.0,A01,138Â 206Â 976,2.0,8.0,-1.0,1726033,1.0,30,,0.0,0.0,1.0,A01,138Â 206Â 976,1.0
1011155,201900052686,11,27,02:50,3,2,1,1.0,7.0,97407,RUE SULLY PRUD'HOMME,M," -20,9414900","55,3108600",974,2019,50.0,1.0,1.0,4.0,2261209,2.0,2,4,1,0.0,,-1.0, -1,2002.0,A01,138Â 206Â 976,2.0,8.0,-1.0,1726033,1.0,30,,0.0,0.0,1.0,A01,138Â 206Â 976,1.0
1011156,201900052687,12,4,18:38,5,2,1,1.0,6.0,97302,BRASSE (LIEUTENANT),M,"4,9362086"," -52,3332630",973,2019,50.0,1.0,1.0,4.0,2261210,10.0,3,4,2,0.0,,2.0,3,1950.0,A01,138Â 206Â 975,0.0,0.0,0.0,1726034,3.0,7,,0.0,1.0,4.0,A01,138Â 206Â 975,0.0
1011156,201900052687,12,4,18:38,5,2,1,1.0,6.0,97302,BRASSE (LIEUTENANT),M,"4,9362086"," -52,3332630",973,2019,50.0,1.0,1.0,4.0,2261211,1.0,1,1,1,0.0,,0.0,0,1963.0,A01,138Â 206Â 975,8.0,0.0,-1.0,1726034,3.0,7,,0.0,1.0,4.0,A01,138Â 206Â 975,0.0
1011157,201900052688,12,1,04:31,3,1,1,2.0,2.0,97213,ROUTE NATIONALE 1,M,"14,6251000"," -60,9827500",972,2019,70.0,1.0,2.0,2.0,2261212,1.0,1,1,1,-1.0,,-1.0,0,1991.0,A01,138Â 206Â 973,8.0,0.0,0.0,1726035,1.0,7,,1.0,0.0,4.0,A01,138Â 206Â 973,1.0
1011157,201900052688,12,1,04:31,3,1,1,2.0,2.0,97213,ROUTE NATIONALE 1,M,"14,6251000"," -60,9827500",972,2019,70.0,1.0,2.0,2.0,2261212,1.0,1,1,1,-1.0,,-1.0,0,1991.0,A01,138Â 206Â 973,8.0,0.0,0.0,1726036,1.0,7,,15.0,0.0,0.0,B01,138Â 206Â 974,1.0
1011157,201900052688,12,1,04:31,3,1,1,2.0,2.0,97213,ROUTE NATIONALE 1,M,"14,6251000"," -60,9827500",972,2019,70.0,1.0,2.0,2.0,2261213,1.0,1,2,1,0.0,,-1.0, -1,1980.0,B01,138Â 206Â 974,8.0,0.0,-1.0,1726035,1.0,7,,1.0,0.0,4.0,A01,138Â 206Â 973,1.0
1011157,201900052688,12,1,04:31,3,1,1,2.0,2.0,97213,ROUTE NATIONALE 1,M,"14,6251000"," -60,9827500",972,2019,70.0,1.0,2.0,2.0,2261213,1.0,1,2,1,0.0,,-1.0, -1,1980.0,B01,138Â 206Â 974,8.0,0.0,-1.0,1726036,1.0,7,,15.0,0.0,0.0,B01,138Â 206Â 974,1.0
1011158,201900052689,12,4,19:28,3,2,1,2.0,1.0,97209,RAVINE VILAINE (CHEMIN DEPARTEMENTAL DE),M,"14,6272900"," -61,0589600",972,2019,50.0,1.0,2.0,3.0,2261214,1.0,1,4,2,0.0,,-1.0, -1,2001.0,A01,138Â 206Â 971,1.0,0.0,0.0,1726037,1.0,7,,0.0,2.0,3.0,A01,138Â 206Â 971,2.0
1011158,201900052689,12,4,19:28,3,2,1,2.0,1.0,97209,RAVINE VILAINE (CHEMIN DEPARTEMENTAL DE),M,"14,6272900"," -61,0589600",972,2019,50.0,1.0,2.0,3.0,2261214,1.0,1,4,2,0.0,,-1.0, -1,2001.0,A01,138Â 206Â 971,1.0,0.0,0.0,1726038,2.0,2,,0.0,2.0,0.0,B01,138Â 206Â 972,1.0
1011158,201900052689,12,4,19:28,3,2,1,2.0,1.0,97209,RAVINE VILAINE (CHEMIN DEPARTEMENTAL DE),M,"14,6272900"," -61,0589600",972,2019,50.0,1.0,2.0,3.0,2261215,1.0,1,4,1,0.0,,-1.0,0,1979.0,B01,138Â 206Â 972,9.0,0.0,-1.0,1726037,1.0,7,,0.0,2.0,3.0,A01,138Â 206Â 971,2.0
1011158,201900052689,12,4,19:28,3,2,1,2.0,1.0,97209,RAVINE VILAINE (CHEMIN DEPARTEMENTAL DE),M,"14,6272900"," -61,0589600",972,2019,50.0,1.0,2.0,3.0,2261215,1.0,1,4,1,0.0,,-1.0,0,1979.0,B01,138Â 206Â 972,9.0,0.0,-1.0,1726038,2.0,2,,0.0,2.0,0.0,B01,138Â 206Â 972,1.0
1011159,201900052690,12,4,13:50,1,2,1,1.0,6.0,69381,LOUIS PRADEL                        (PL),M,"45,7683600","4,8364600",69,2019,6.0,1.0,1.0,9.0,2261216,1.0,1,1,1,0.0,,-1.0,0,2000.0,A01,138Â 206Â 970,8.0,0.0,-1.0,1726039,2.0,1,,0.0,1.0,1.0,A01,138Â 206Â 970,5.0
1011159,201900052690,12,4,13:50,1,2,1,1.0,6.0,69381,LOUIS PRADEL                        (PL),M,"45,7683600","4,8364600",69,2019,6.0,1.0,1.0,9.0,2261217,10.0,3,3,1,0.0,,5.0,3,1982.0,A01,138Â 206Â 970,8.0,0.0,-1.0,1726039,2.0,1,,0.0,1.0,1.0,A01,138Â 206Â 970,5.0
1011160,201900052691,12,4,07:48,1,2,1,1.0,6.0,69382,BOURSE (DE LA)                      (R ),M,"45,7652300","4,8368900",69,2019,50.0,1.0,1.0,4.0,2261218,1.0,1,1,1,2.0,,-1.0, -1,1964.0,A01,138Â 206Â 969,8.0,8.0,-1.0,1726040,2.0,7,,0.0,1.0,2.0,A01,138Â 206Â 969,0.0
1011160,201900052691,12,4,07:48,1,2,1,1.0,6.0,69382,BOURSE (DE LA)                      (R ),M,"45,7652300","4,8368900",69,2019,50.0,1.0,1.0,4.0,2261219,10.0,3,4,2,2.0,,5.0,5,2004.0,A01,138Â 206Â 969,0.0,-1.0,-1.0,1726040,2.0,7,,0.0,1.0,2.0,A01,138Â 206Â 969,0.0
1011161,201900052692,12,3,19:15,5,2,3,1.0,6.0,69034,MARC SANGNIER                       (AV),M,"45,7986500","4,8491600",69,2019,50.0,1.0,1.0,7.0,2261220,1.0,1,1,1,1.0,,0.0,0,1959.0,A01,138Â 206Â 968,1.0,0.0,-1.0,1726041,3.0,7,,0.0,1.0,3.0,A01,138Â 206Â 968,1.0
1011161,201900052692,12,3,19:15,5,2,3,1.0,6.0,69034,MARC SANGNIER                       (AV),M,"45,7986500","4,8491600",69,2019,50.0,1.0,1.0,7.0,2261221,10.0,3,4,2,0.0,,3.0,3,1972.0,A01,138Â 206Â 968,8.0,0.0,-1.0,1726041,3.0,7,,0.0,1.0,3.0,A01,138Â 206Â 968,1.0
1011162,201900052693,11,28,18:15,3,2,1,6.0,2.0,2B033,11 - RT,M,"42,6231000","9,4369900",2B,2019,70.0,1.0,1.0,2.0,2261222,1.0,1,4,1,0.0,,-1.0, -1,1956.0,B01,138Â 206Â 966,1.0,8.0,-1.0,1726042,1.0,7,,0.0,2.0,4.0,B01,138Â 206Â 966,1.0
1011162,201900052693,11,28,18:15,3,2,1,6.0,2.0,2B033,11 - RT,M,"42,6231000","9,4369900",2B,2019,70.0,1.0,1.0,2.0,2261222,1.0,1,4,1,0.0,,-1.0, -1,1956.0,B01,138Â 206Â 966,1.0,8.0,-1.0,1726043,1.0,7,,0.0,2.0,1.0,A01,138Â 206Â 967,1.0
1011162,201900052693,11,28,18:15,3,2,1,6.0,2.0,2B033,11 - RT,M,"42,6231000","9,4369900",2B,2019,70.0,1.0,1.0,2.0,2261223,1.0,1,4,2,0.0,,-1.0, -1,1995.0,A01,138Â 206Â 967,1.0,8.0,-1.0,1726042,1.0,7,,0.0,2.0,4.0,B01,138Â 206Â 966,1.0
1011162,201900052693,11,28,18:15,3,2,1,6.0,2.0,2B033,11 - RT,M,"42,6231000","9,4369900",2B,2019,70.0,1.0,1.0,2.0,2261223,1.0,1,4,2,0.0,,-1.0, -1,1995.0,A01,138Â 206Â 967,1.0,8.0,-1.0,1726043,1.0,7,,0.0,2.0,1.0,A01,138Â 206Â 967,1.0
1011163,201900052694,11,28,04:50,5,2,1,1.0,1.0,2B033,AV DE LA LIBERATION,M,"42,6838400","9,4446500",2B,2019,50.0,1.0,1.0,4.0,2261224,1.0,1,3,1,5.0,,0.0,0,1999.0,B01,138Â 206Â 964,2.0,6.0,-1.0,1726044,2.0,33,,0.0,2.0,1.0,B01,138Â 206Â 964,1.0
1011163,201900052694,11,28,04:50,5,2,1,1.0,1.0,2B033,AV DE LA LIBERATION,M,"42,6838400","9,4446500",2B,2019,50.0,1.0,1.0,4.0,2261224,1.0,1,3,1,5.0,,0.0,0,1999.0,B01,138Â 206Â 964,2.0,6.0,-1.0,1726045,1.0,7,,0.0,2.0,1.0,A01,138Â 206Â 965,1.0
1011163,201900052694,11,28,04:50,5,2,1,1.0,1.0,2B033,AV DE LA LIBERATION,M,"42,6838400","9,4446500",2B,2019,50.0,1.0,1.0,4.0,2261225,1.0,1,4,2,5.0,,0.0,0,1957.0,A01,138Â 206Â 965,1.0,8.0,-1.0,1726044,2.0,33,,0.0,2.0,1.0,B01,138Â 206Â 964,1.0
1011163,201900052694,11,28,04:50,5,2,1,1.0,1.0,2B033,AV DE LA LIBERATION,M,"42,6838400","9,4446500",2B,2019,50.0,1.0,1.0,4.0,2261225,1.0,1,4,2,5.0,,0.0,0,1957.0,A01,138Â 206Â 965,1.0,8.0,-1.0,1726045,1.0,7,,0.0,2.0,1.0,A01,138Â 206Â 965,1.0
1011164,201900052695,12,4,14:30,1,2,1,1.0,3.0,2A004,CAMPI LOUIS BD,M,"41,9444495","8,7562698",2A,2019,50.0,1.0,1.0,4.0,2261226,1.0,1,1,2,9.0,,0.0,0,1974.0,A01,138Â 206Â 962,1.0,8.0,-1.0,1726046,3.0,7,,0.0,2.0,2.0,A01,138Â 206Â 962,1.0
1011164,201900052695,12,4,14:30,1,2,1,1.0,3.0,2A004,CAMPI LOUIS BD,M,"41,9444495","8,7562698",2A,2019,50.0,1.0,1.0,4.0,2261226,1.0,1,1,2,9.0,,0.0,0,1974.0,A01,138Â 206Â 962,1.0,8.0,-1.0,1726047,3.0,34,,0.0,2.0,1.0,B01,138Â 206Â 963,1.0
1011164,201900052695,12,4,14:30,1,2,1,1.0,3.0,2A004,CAMPI LOUIS BD,M,"41,9444495","8,7562698",2A,2019,50.0,1.0,1.0,4.0,2261227,1.0,1,4,1,9.0,,-1.0,0,1997.0,B01,138Â 206Â 963,2.0,6.0,-1.0,1726046,3.0,7,,0.0,2.0,2.0,A01,138Â 206Â 962,1.0
1011164,201900052695,12,4,14:30,1,2,1,1.0,3.0,2A004,CAMPI LOUIS BD,M,"41,9444495","8,7562698",2A,2019,50.0,1.0,1.0,4.0,2261227,1.0,1,4,1,9.0,,-1.0,0,1997.0,B01,138Â 206Â 963,2.0,6.0,-1.0,1726047,3.0,34,,0.0,2.0,1.0,B01,138Â 206Â 963,1.0
1011165,201900052696,12,4,18:05,5,2,3,1.0,2.0,91421,MARGUERITE (RUE),M,"48,6956500","2,4635000",91,2019,30.0,1.0,1.0,4.0,2261228,1.0,1,4,1,0.0,,0.0,0,2004.0,A01,138Â 206Â 958,8.0,8.0,-1.0,1726048,1.0,1,,0.0,2.0,4.0,A01,138Â 206Â 958,5.0
1011165,201900052696,12,4,18:05,5,2,3,1.0,2.0,91421,MARGUERITE (RUE),M,"48,6956500","2,4635000",91,2019,30.0,1.0,1.0,4.0,2261228,1.0,1,4,1,0.0,,0.0,0,2004.0,A01,138Â 206Â 958,8.0,8.0,-1.0,1726049,3.0,7,,0.0,6.0,1.0,B01,138Â 206Â 959,1.0
1011165,201900052696,12,4,18:05,5,2,3,1.0,2.0,91421,MARGUERITE (RUE),M,"48,6956500","2,4635000",91,2019,30.0,1.0,1.0,4.0,2261229,1.0,1,1,2,0.0,,0.0,0,1986.0,B01,138Â 206Â 959,8.0,0.0,-1.0,1726048,1.0,1,,0.0,2.0,4.0,A01,138Â 206Â 958,5.0
1011165,201900052696,12,4,18:05,5,2,3,1.0,2.0,91421,MARGUERITE (RUE),M,"48,6956500","2,4635000",91,2019,30.0,1.0,1.0,4.0,2261229,1.0,1,1,2,0.0,,0.0,0,1986.0,B01,138Â 206Â 959,8.0,0.0,-1.0,1726049,3.0,7,,0.0,6.0,1.0,B01,138Â 206Â 959,1.0
1011166,201900052697,12,3,23:15,5,2,1,1.0,7.0,91223,SAINT MICHEL (BOULEVARD),M,"48,4435500","2,1707500",91,2019,50.0,1.0,9.0,4.0,2261230,1.0,1,4,1,0.0,,0.0,0,1982.0,A01,138Â 206Â 957,2.0,8.0,-1.0,1726050,0.0,33,,0.0,0.0,0.0,A01,138Â 206Â 957,1.0
1011167,201900052698,12,4,18:10,2,2,1,1.0,6.0,91114,BRIE (ROUTE DE),M,"48,7071400","2,5228300",91,2019,50.0,1.0,1.0,4.0,2261231,10.0,3,3,1,0.0,,2.0,3,2005.0,A01,138Â 206Â 956,8.0,0.0,-1.0,1726051,2.0,33,,0.0,1.0,3.0,A01,138Â 206Â 956,1.0
1011167,201900052698,12,4,18:10,2,2,1,1.0,6.0,91114,BRIE (ROUTE DE),M,"48,7071400","2,5228300",91,2019,50.0,1.0,1.0,4.0,2261232,1.0,1,1,1,1.0,,-1.0, -1,1987.0,A01,138Â 206Â 956,2.0,6.0,-1.0,1726051,2.0,33,,0.0,1.0,3.0,A01,138Â 206Â 956,1.0
1011168,201900052699,12,4,07:30,2,1,1,8.0,2.0,91479,RN7,M,"48,7300800","2,3679000",91,2019,70.0,1.0,2.0,2.0,2261233,1.0,1,4,1,0.0,,0.0,0,1962.0,A01,138Â 206Â 954,2.0,6.0,-1.0,1726052,1.0,33,,0.0,2.0,1.0,A01,138Â 206Â 954,1.0
1011168,201900052699,12,4,07:30,2,1,1,8.0,2.0,91479,RN7,M,"48,7300800","2,3679000",91,2019,70.0,1.0,2.0,2.0,2261233,1.0,1,4,1,0.0,,0.0,0,1962.0,A01,138Â 206Â 954,2.0,6.0,-1.0,1726053,1.0,7,,0.0,2.0,4.0,B01,138Â 206Â 955,1.0
1011168,201900052699,12,4,07:30,2,1,1,8.0,2.0,91479,RN7,M,"48,7300800","2,3679000",91,2019,70.0,1.0,2.0,2.0,2261234,1.0,1,1,1,0.0,,0.0,0,1954.0,B01,138Â 206Â 955,1.0,0.0,-1.0,1726052,1.0,33,,0.0,2.0,1.0,A01,138Â 206Â 954,1.0
1011168,201900052699,12,4,07:30,2,1,1,8.0,2.0,91479,RN7,M,"48,7300800","2,3679000",91,2019,70.0,1.0,2.0,2.0,2261234,1.0,1,1,1,0.0,,0.0,0,1954.0,B01,138Â 206Â 955,1.0,0.0,-1.0,1726053,1.0,7,,0.0,2.0,4.0,B01,138Â 206Â 955,1.0
1011169,201900052700,12,4,12:30,1,2,1,1.0,2.0,91457,LOGES (ROUTE DES),M,"48,5813200","2,2877200",91,2019,50.0,1.0,1.0,4.0,2261235,1.0,1,1,1,4.0,,0.0,0,1980.0,B01,138Â 206Â 952,1.0,0.0,-1.0,1726054,2.0,15,,0.0,2.0,4.0,B01,138Â 206Â 952,0.0
1011169,201900052700,12,4,12:30,1,2,1,1.0,2.0,91457,LOGES (ROUTE DES),M,"48,5813200","2,2877200",91,2019,50.0,1.0,1.0,4.0,2261235,1.0,1,1,1,4.0,,0.0,0,1980.0,B01,138Â 206Â 952,1.0,0.0,-1.0,1726055,2.0,7,,0.0,2.0,2.0,A01,138Â 206Â 953,1.0
1011169,201900052700,12,4,12:30,1,2,1,1.0,2.0,91457,LOGES (ROUTE DES),M,"48,5813200","2,2877200",91,2019,50.0,1.0,1.0,4.0,2261236,1.0,1,4,1,0.0,,0.0,0,1960.0,A01,138Â 206Â 953,1.0,0.0,-1.0,1726054,2.0,15,,0.0,2.0,4.0,B01,138Â 206Â 952,0.0
1011169,201900052700,12,4,12:30,1,2,1,1.0,2.0,91457,LOGES (ROUTE DES),M,"48,5813200","2,2877200",91,2019,50.0,1.0,1.0,4.0,2261236,1.0,1,4,1,0.0,,0.0,0,1960.0,A01,138Â 206Â 953,1.0,0.0,-1.0,1726055,2.0,7,,0.0,2.0,2.0,A01,138Â 206Â 953,1.0
1011170,201900052701,12,4,08:45,1,2,1,1.0,2.0,91425,TEMPLIERS (ROUTE DES),M,"48,6473190","2,2652720",91,2019,70.0,1.0,7.0,3.0,2261237,1.0,1,1,1,0.0,,0.0,0,1998.0,A01,138Â 206Â 950,1.0,0.0,-1.0,1726056,1.0,10,,0.0,2.0,1.0,A01,138Â 206Â 950,1.0
1011170,201900052701,12,4,08:45,1,2,1,1.0,2.0,91425,TEMPLIERS (ROUTE DES),M,"48,6473190","2,2652720",91,2019,70.0,1.0,7.0,3.0,2261237,1.0,1,1,1,0.0,,0.0,0,1998.0,A01,138Â 206Â 950,1.0,0.0,-1.0,1726057,2.0,7,,0.0,2.0,4.0,B01,138Â 206Â 951,1.0
1011170,201900052701,12,4,08:45,1,2,1,1.0,2.0,91425,TEMPLIERS (ROUTE DES),M,"48,6473190","2,2652720",91,2019,70.0,1.0,7.0,3.0,2261238,1.0,1,4,1,0.0,,0.0,0,1969.0,B01,138Â 206Â 951,1.0,0.0,-1.0,1726056,1.0,10,,0.0,2.0,1.0,A01,138Â 206Â 950,1.0
1011170,201900052701,12,4,08:45,1,2,1,1.0,2.0,91425,TEMPLIERS (ROUTE DES),M,"48,6473190","2,2652720",91,2019,70.0,1.0,7.0,3.0,2261238,1.0,1,4,1,0.0,,0.0,0,1969.0,B01,138Â 206Â 951,1.0,0.0,-1.0,1726057,2.0,7,,0.0,2.0,4.0,B01,138Â 206Â 951,1.0
1011171,201900052702,12,4,08:00,1,2,1,1.0,7.0,91347,DIVISION LECLERC (AVENUE DE LA),M,"48,6572000","2,2750000",91,2019,70.0,1.0,7.0,4.0,2261239,1.0,1,4,1,0.0,,-1.0, -1,1997.0,A01,138Â 206Â 949,2.0,8.0,-1.0,1726058,1.0,31,,0.0,0.0,0.0,A01,138Â 206Â 949,0.0
1011172,201900052703,12,3,07:00,5,2,1,1.0,2.0,91339,RN 20,M,"48,6330000","2,2690000",91,2019,70.0,1.0,1.0,2.0,2261240,1.0,1,4,1,0.0,,0.0,0,1965.0,B01,138Â 206Â 947,1.0,0.0,-1.0,1726059,3.0,7,,0.0,2.0,4.0,B01,138Â 206Â 947,0.0
1011172,201900052703,12,3,07:00,5,2,1,1.0,2.0,91339,RN 20,M,"48,6330000","2,2690000",91,2019,70.0,1.0,1.0,2.0,2261240,1.0,1,4,1,0.0,,0.0,0,1965.0,B01,138Â 206Â 947,1.0,0.0,-1.0,1726060,3.0,14,,0.0,2.0,1.0,A01,138Â 206Â 948,0.0
1011172,201900052703,12,3,07:00,5,2,1,1.0,2.0,91339,RN 20,M,"48,6330000","2,2690000",91,2019,70.0,1.0,1.0,2.0,2261241,1.0,1,1,1,4.0,,0.0,0,1990.0,A01,138Â 206Â 948,8.0,0.0,-1.0,1726059,3.0,7,,0.0,2.0,4.0,B01,138Â 206Â 947,0.0
1011172,201900052703,12,3,07:00,5,2,1,1.0,2.0,91339,RN 20,M,"48,6330000","2,2690000",91,2019,70.0,1.0,1.0,2.0,2261241,1.0,1,1,1,4.0,,0.0,0,1990.0,A01,138Â 206Â 948,8.0,0.0,-1.0,1726060,3.0,14,,0.0,2.0,1.0,A01,138Â 206Â 948,0.0
1011173,201900052704,12,3,22:16,5,2,2,1.0,3.0,87085,BELLAC (RUE DE),M,"45,8480500","1,2454500",87,2019,50.0,1.0,1.0,4.0,2261242,1.0,1,3,1,5.0,,-1.0, -1,1996.0,A01,138Â 206Â 945,2.0,6.0,-1.0,1726061,1.0,30,,0.0,2.0,3.0,A01,138Â 206Â 945,1.0
1011173,201900052704,12,3,22:16,5,2,2,1.0,3.0,87085,BELLAC (RUE DE),M,"45,8480500","1,2454500",87,2019,50.0,1.0,1.0,4.0,2261242,1.0,1,3,1,5.0,,-1.0, -1,1996.0,A01,138Â 206Â 945,2.0,6.0,-1.0,1726062,2.0,7,,0.0,2.0,2.0,B01,138Â 206Â 946,1.0
1011173,201900052704,12,3,22:16,5,2,2,1.0,3.0,87085,BELLAC (RUE DE),M,"45,8480500","1,2454500",87,2019,50.0,1.0,1.0,4.0,2261243,1.0,1,1,2,5.0,,-1.0, -1,1983.0,B01,138Â 206Â 946,1.0,0.0,-1.0,1726061,1.0,30,,0.0,2.0,3.0,A01,138Â 206Â 945,1.0
1011173,201900052704,12,3,22:16,5,2,2,1.0,3.0,87085,BELLAC (RUE DE),M,"45,8480500","1,2454500",87,2019,50.0,1.0,1.0,4.0,2261243,1.0,1,1,2,5.0,,-1.0, -1,1983.0,B01,138Â 206Â 946,1.0,0.0,-1.0,1726062,2.0,7,,0.0,2.0,2.0,B01,138Â 206Â 946,1.0
1011174,201900052705,11,30,12:51,1,2,2,1.0,3.0,87085,BORIE (BOULEVARD DE LA),M,"45,8350600","1,2266700",87,2019,50.0,1.0,1.0,4.0,2261244,1.0,1,4,1,5.0,,0.0,0,1969.0,A01,138Â 206Â 943,1.0,0.0,-1.0,1726063,2.0,7,,0.0,2.0,1.0,A01,138Â 206Â 943,1.0
1011174,201900052705,11,30,12:51,1,2,2,1.0,3.0,87085,BORIE (BOULEVARD DE LA),M,"45,8350600","1,2266700",87,2019,50.0,1.0,1.0,4.0,2261244,1.0,1,4,1,5.0,,0.0,0,1969.0,A01,138Â 206Â 943,1.0,0.0,-1.0,1726064,1.0,7,,0.0,2.0,3.0,B01,138Â 206Â 944,1.0
1011174,201900052705,11,30,12:51,1,2,2,1.0,3.0,87085,BORIE (BOULEVARD DE LA),M,"45,8350600","1,2266700",87,2019,50.0,1.0,1.0,4.0,2261245,1.0,1,1,1,5.0,,0.0,0,1957.0,B01,138Â 206Â 944,1.0,0.0,-1.0,1726063,2.0,7,,0.0,2.0,1.0,A01,138Â 206Â 943,1.0
1011174,201900052705,11,30,12:51,1,2,2,1.0,3.0,87085,BORIE (BOULEVARD DE LA),M,"45,8350600","1,2266700",87,2019,50.0,1.0,1.0,4.0,2261245,1.0,1,1,1,5.0,,0.0,0,1957.0,B01,138Â 206Â 944,1.0,0.0,-1.0,1726064,1.0,7,,0.0,2.0,3.0,B01,138Â 206Â 944,1.0
1011175,201900052706,12,4,07:00,1,2,3,1.0,6.0,86194,PAIX (AVENUE DE LA),M,"46,5893569","0,3341117",86,2019,50.0,1.0,1.0,4.0,2261246,10.0,3,4,2,1.0,,1.0,3,1958.0,A01,138Â 206Â 942,0.0,-1.0,-1.0,1726065,1.0,7,,0.0,1.0,1.0,A01,138Â 206Â 942,1.0
1011175,201900052706,12,4,07:00,1,2,3,1.0,6.0,86194,PAIX (AVENUE DE LA),M,"46,5893569","0,3341117",86,2019,50.0,1.0,1.0,4.0,2261247,1.0,1,1,1,0.0,,-1.0,0,1958.0,A01,138Â 206Â 942,1.0,0.0,-1.0,1726065,1.0,7,,0.0,1.0,1.0,A01,138Â 206Â 942,1.0
1011176,201900052707,12,4,12:15,1,1,1,1.0,3.0,83090,SANARY (ROUTE DE),M,"43,1257112","5,8331130",83,2019,50.0,1.0,1.0,3.0,2261248,1.0,1,3,1,5.0,,-1.0,0,1959.0,B01,138Â 206Â 940,1.0,0.0,-1.0,1726066,2.0,7,,0.0,2.0,1.0,B01,138Â 206Â 940,1.0
1011176,201900052707,12,4,12:15,1,1,1,1.0,3.0,83090,SANARY (ROUTE DE),M,"43,1257112","5,8331130",83,2019,50.0,1.0,1.0,3.0,2261248,1.0,1,3,1,5.0,,-1.0,0,1959.0,B01,138Â 206Â 940,1.0,0.0,-1.0,1726067,2.0,7,,0.0,2.0,3.0,A01,138Â 206Â 941,1.0
1011176,201900052707,12,4,12:15,1,1,1,1.0,3.0,83090,SANARY (ROUTE DE),M,"43,1257112","5,8331130",83,2019,50.0,1.0,1.0,3.0,2261249,1.0,1,1,2,1.0,,-1.0,0,1983.0,A01,138Â 206Â 941,1.0,0.0,-1.0,1726066,2.0,7,,0.0,2.0,1.0,B01,138Â 206Â 940,1.0
1011176,201900052707,12,4,12:15,1,1,1,1.0,3.0,83090,SANARY (ROUTE DE),M,"43,1257112","5,8331130",83,2019,50.0,1.0,1.0,3.0,2261249,1.0,1,1,2,1.0,,-1.0,0,1983.0,A01,138Â 206Â 941,1.0,0.0,-1.0,1726067,2.0,7,,0.0,2.0,3.0,A01,138Â 206Â 941,1.0
1011177,201900052708,11,25,08:50,1,2,9,8.0,3.0,83126,Rue Francois Ferrandin,M,"43,1032440","5,8782120",83,2019,50.0,1.0,8.0,4.0,2261250,1.0,1,1,1,4.0,,-1.0,0,1975.0,A01,138Â 206Â 938,1.0,0.0,-1.0,1726068,1.0,7,,0.0,2.0,3.0,A01,138Â 206Â 938,1.0
1011177,201900052708,11,25,08:50,1,2,9,8.0,3.0,83126,Rue Francois Ferrandin,M,"43,1032440","5,8782120",83,2019,50.0,1.0,8.0,4.0,2261250,1.0,1,1,1,4.0,,-1.0,0,1975.0,A01,138Â 206Â 938,1.0,0.0,-1.0,1726069,1.0,34,,0.0,2.0,2.0,B01,138Â 206Â 939,1.0