Unnamed: 0_x,num_acc,mois,jour,hrmn,lum,agg,int,atm,col,com,adr,gps,lat,long,dep,annee,vma,situ,surf,catr,Unnamed: 0_y,place,catu,grav,sexe,trajet,secu,locp,actp,an_nais,num_veh_x,id_vehicule_x,secu1,secu2,secu3,Unnamed: 0,senc,catv,occutc,obs,obsm,choc,num_veh_y,id_vehicule_y,motor
1011177,201900052708,11,25,08:50,1,2,9,8.0,3.0,83126,Rue Francois Ferrandin,M,"43,1032440","5,8782120",83,2019,50.0,1.0,8.0,4.0,2261251,1.0,1,4,1,4.0,,-1.0,0,1991.0,B01,138Â 206Â 939,2.0,6.0,-1.0,1726068,1.0,7,,0.0,2.0,3.0,A01,138Â 206Â 938,1.0
1011177,201900052708,11,25,08:50,1,2,9,8.0,3.0,83126,Rue Francois Ferrandin,M,"43,1032440","5,8782120",83,2019,50.0,1.0,8.0,4.0,2261251,1.0,1,4,1,4.0,,-1.0,0,1991.0,B01,138Â 206Â 939,2.0,6.0,-1.0,1726069,1.0,34,,0.0,2.0,2.0,B01,138Â 206Â 939,1.0
1011178,201900052709,12,3,18:00,5,2,1,1.0,2.0,80256,LOUIS PASTEUR (AVENUE),M,"49,9141100","2,2340400",80,2019,50.0,1.0,1.0,4.0,2261252,2.0,2,4,2,0.0,,-1.0, -1,1975.0,B01,138Â 206Â 936,1.0,0.0,-1.0,1726070,0.0,7,,0.0,2.0,4.0,B01,138Â 206Â 936,1.0
1011178,201900052709,12,3,18:00,5,2,1,1.0,2.0,80256,LOUIS PASTEUR (AVENUE),M,"49,9141100","2,2340400",80,2019,50.0,1.0,1.0,4.0,2261252,2.0,2,4,2,0.0,,-1.0, -1,1975.0,B01,138Â 206Â 936,1.0,0.0,-1.0,1726071,0.0,7,,0.0,2.0,1.0,A01,138Â 206Â 937,1.0
1011178,201900052709,12,3,18:00,5,2,1,1.0,2.0,80256,LOUIS PASTEUR (AVENUE),M,"49,9141100","2,2340400",80,2019,50.0,1.0,1.0,4.0,2261253,1.0,1,1,1,0.0,,-1.0, -1,1972.0,B01,138Â 206Â 936,1.0,0.0,-1.0,1726070,0.0,7,,0.0,2.0,4.0,B01,138Â 206Â 936,1.0
1011178,201900052709,12,3,18:00,5,2,1,1.0,2.0,80256,LOUIS PASTEUR (AVENUE),M,"49,9141100","2,2340400",80,2019,50.0,1.0,1.0,4.0,2261253,1.0,1,1,1,0.0,,-1.0, -1,1972.0,B01,138Â 206Â 936,1.0,0.0,-1.0,1726071,0.0,7,,0.0,2.0,1.0,A01,138Â 206Â 937,1.0
1011178,201900052709,12,3,18:00,5,2,1,1.0,2.0,80256,LOUIS PASTEUR (AVENUE),M,"49,9141100","2,2340400",80,2019,50.0,1.0,1.0,4.0,2261254,1.0,1,1,1,0.0,,-1.0, -1,1978.0,A01,138Â 206Â 937,1.0,0.0,-1.0,1726070,0.0,7,,0.0,2.0,4.0,B01,138Â 206Â 936,1.0
1011178,201900052709,12,3,18:00,5,2,1,1.0,2.0,80256,LOUIS PASTEUR (AVENUE),M,"49,9141100","2,2340400",80,2019,50.0,1.0,1.0,4.0,2261254,1.0,1,1,1,0.0,,-1.0, -1,1978.0,A01,138Â 206Â 937,1.0,0.0,-1.0,1726071,0.0,7,,0.0,2.0,1.0,A01,138Â 206Â 937,1.0
1011179,201900052710,12,4,13:12,1,2,6,1.0,3.0,79329,Rue Jules Renard,M,"46,9789600"," -0,2001600",79,2019,50.0,1.0,1.0,4.0,2261255,1.0,1,1,2,5.0,,-1.0, -1,1961.0,A01,138Â 206Â 934,1.0,8.0,-1.0,1726072,3.0,7,,0.0,2.0,3.0,A01,138Â 206Â 934,1.0
1011179,201900052710,12,4,13:12,1,2,6,1.0,3.0,79329,Rue Jules Renard,M,"46,9789600"," -0,2001600",79,2019,50.0,1.0,1.0,4.0,2261255,1.0,1,1,2,5.0,,-1.0, -1,1961.0,A01,138Â 206Â 934,1.0,8.0,-1.0,1726073,2.0,2,,0.0,2.0,1.0,B01,138Â 206Â 935,1.0
1011179,201900052710,12,4,13:12,1,2,6,1.0,3.0,79329,Rue Jules Renard,M,"46,9789600"," -0,2001600",79,2019,50.0,1.0,1.0,4.0,2261256,1.0,2,1,2,0.0,,-1.0,0,1956.0,A01,138Â 206Â 934,1.0,0.0,-1.0,1726072,3.0,7,,0.0,2.0,3.0,A01,138Â 206Â 934,1.0
1011179,201900052710,12,4,13:12,1,2,6,1.0,3.0,79329,Rue Jules Renard,M,"46,9789600"," -0,2001600",79,2019,50.0,1.0,1.0,4.0,2261256,1.0,2,1,2,0.0,,-1.0,0,1956.0,A01,138Â 206Â 934,1.0,0.0,-1.0,1726073,2.0,2,,0.0,2.0,1.0,B01,138Â 206Â 935,1.0
1011179,201900052710,12,4,13:12,1,2,6,1.0,3.0,79329,Rue Jules Renard,M,"46,9789600"," -0,2001600",79,2019,50.0,1.0,1.0,4.0,2261257,1.0,1,4,1,5.0,,-1.0, -1,2004.0,B01,138Â 206Â 935,2.0,6.0,-1.0,1726072,3.0,7,,0.0,2.0,3.0,A01,138Â 206Â 934,1.0
1011179,201900052710,12,4,13:12,1,2,6,1.0,3.0,79329,Rue Jules Renard,M,"46,9789600"," -0,2001600",79,2019,50.0,1.0,1.0,4.0,2261257,1.0,1,4,1,5.0,,-1.0, -1,2004.0,B01,138Â 206Â 935,2.0,6.0,-1.0,1726073,2.0,2,,0.0,2.0,1.0,B01,138Â 206Â 935,1.0
1011180,201900052711,12,4,18:30,5,2,1,1.0,6.0,77243,SAINT DENIS  (RUE   ),M,"48,8791000","2,7121000",77,2019,50.0,1.0,1.0,4.0,2261258,10.0,3,4,2,9.0,,3.0,5,2009.0,A01,138Â 206Â 929,8.0,0.0,-1.0,1726074,2.0,7,,0.0,1.0,3.0,A01,138Â 206Â 929,1.0
1011180,201900052711,12,4,18:30,5,2,1,1.0,6.0,77243,SAINT DENIS  (RUE   ),M,"48,8791000","2,7121000",77,2019,50.0,1.0,1.0,4.0,2261259,1.0,1,1,1,1.0,,0.0,0,1985.0,A01,138Â 206Â 929,1.0,0.0,-1.0,1726074,2.0,7,,0.0,1.0,3.0,A01,138Â 206Â 929,1.0
1011181,201900052712,12,4,14:40,1,2,1,1.0,6.0,77014,D210-VALVINS (AVENUE DE),M,"48,4215606","2,7373244",77,2019,30.0,4.0,1.0,3.0,2261260,1.0,1,1,2,1.0,,-1.0,0,1947.0,A01,138Â 206Â 928,1.0,0.0,-1.0,1726075,1.0,7,,0.0,1.0,4.0,A01,138Â 206Â 928,1.0
1011181,201900052712,12,4,14:40,1,2,1,1.0,6.0,77014,D210-VALVINS (AVENUE DE),M,"48,4215606","2,7373244",77,2019,30.0,4.0,1.0,3.0,2261261,10.0,3,4,2,5.0,,5.0,B,1935.0,A01,138Â 206Â 928,0.0,-1.0,-1.0,1726075,1.0,7,,0.0,1.0,4.0,A01,138Â 206Â 928,1.0
1011182,201900052713,12,3,05:45,3,1,1,5.0,6.0,77371,D25-PARIS (RUE DE),M,"48,8232600","2,9838200",77,2019,80.0,1.0,2.0,3.0,2261262,2.0,1,4,1,0.0,,0.0,0,1984.0,A01,138Â 206Â 927,1.0,0.0,-1.0,1726076,2.0,7,,8.0,0.0,2.0,A01,138Â 206Â 927,1.0
1011183,201900052714,12,3,07:45,2,2,2,1.0,3.0,76351,MARECHAL JOFFRE (RUE),M,"49,5001100","0,1299200",76,2019,50.0,1.0,1.0,4.0,2261263,1.0,1,4,1,0.0,,0.0,0,1966.0,B01,138Â 206Â 923,2.0,0.0,-1.0,1726077,2.0,50,,0.0,2.0,1.0,B01,138Â 206Â 923,3.0
1011183,201900052714,12,3,07:45,2,2,2,1.0,3.0,76351,MARECHAL JOFFRE (RUE),M,"49,5001100","0,1299200",76,2019,50.0,1.0,1.0,4.0,2261263,1.0,1,4,1,0.0,,0.0,0,1966.0,B01,138Â 206Â 923,2.0,0.0,-1.0,1726078,1.0,7,,0.0,2.0,3.0,A01,138Â 206Â 924,1.0
1011183,201900052714,12,3,07:45,2,2,2,1.0,3.0,76351,MARECHAL JOFFRE (RUE),M,"49,5001100","0,1299200",76,2019,50.0,1.0,1.0,4.0,2261264,1.0,1,1,2,0.0,,0.0,0,1990.0,A01,138Â 206Â 924,1.0,0.0,-1.0,1726077,2.0,50,,0.0,2.0,1.0,B01,138Â 206Â 923,3.0
1011183,201900052714,12,3,07:45,2,2,2,1.0,3.0,76351,MARECHAL JOFFRE (RUE),M,"49,5001100","0,1299200",76,2019,50.0,1.0,1.0,4.0,2261264,1.0,1,1,2,0.0,,0.0,0,1990.0,A01,138Â 206Â 924,1.0,0.0,-1.0,1726078,1.0,7,,0.0,2.0,3.0,A01,138Â 206Â 924,1.0
1011184,201900052715,12,3,16:48,2,2,1,1.0,7.0,74133,ARVE (RUE DE L'),M,"46,1876890","6,2196350",74,2019,50.0,1.0,1.0,3.0,2261265,1.0,1,4,1,0.0,,0.0,0,1976.0,A01,138Â 206Â 922,8.0,8.0,-1.0,1726079,1.0,50,,0.0,0.0,1.0,A01,138Â 206Â 922,3.0
1011185,201900052716,12,3,19:55,5,2,1,1.0,6.0,72181,ACACIAS (RUE DES),M,"47,9959600","0,2076100",72,2019,50.0,1.0,1.0,4.0,2261266,1.0,1,4,1,4.0,,-1.0, -1,1996.0,B01,138Â 206Â 921,2.0,6.0,-1.0,1726080,2.0,7,,0.0,0.0,0.0,Z01,138Â 206Â 920,1.0
1011185,201900052716,12,3,19:55,5,2,1,1.0,6.0,72181,ACACIAS (RUE DES),M,"47,9959600","0,2076100",72,2019,50.0,1.0,1.0,4.0,2261266,1.0,1,4,1,4.0,,-1.0, -1,1996.0,B01,138Â 206Â 921,2.0,6.0,-1.0,1726081,2.0,33,,16.0,0.0,7.0,B01,138Â 206Â 921,1.0
1011186,201900052717,12,3,17:35,5,2,1,1.0,2.0,72181,DEMORIEUX PT DE FER AU PT DE CHEM DE FER,M,"47,9972300","0,1879900",72,2019,50.0,1.0,1.0,4.0,2261267,1.0,1,4,1,1.0,,0.0,0,1964.0,A01,138Â 206Â 918,2.0,6.0,-1.0,1726082,3.0,33,,0.0,2.0,1.0,A01,138Â 206Â 918,1.0
1011186,201900052717,12,3,17:35,5,2,1,1.0,2.0,72181,DEMORIEUX PT DE FER AU PT DE CHEM DE FER,M,"47,9972300","0,1879900",72,2019,50.0,1.0,1.0,4.0,2261267,1.0,1,4,1,1.0,,0.0,0,1964.0,A01,138Â 206Â 918,2.0,6.0,-1.0,1726083,3.0,7,,0.0,2.0,4.0,B01,138Â 206Â 919,1.0
1011186,201900052717,12,3,17:35,5,2,1,1.0,2.0,72181,DEMORIEUX PT DE FER AU PT DE CHEM DE FER,M,"47,9972300","0,1879900",72,2019,50.0,1.0,1.0,4.0,2261268,1.0,1,1,1,4.0,,0.0,0,1976.0,B01,138Â 206Â 919,1.0,0.0,-1.0,1726082,3.0,33,,0.0,2.0,1.0,A01,138Â 206Â 918,1.0
1011186,201900052717,12,3,17:35,5,2,1,1.0,2.0,72181,DEMORIEUX PT DE FER AU PT DE CHEM DE FER,M,"47,9972300","0,1879900",72,2019,50.0,1.0,1.0,4.0,2261268,1.0,1,1,1,4.0,,0.0,0,1976.0,B01,138Â 206Â 919,1.0,0.0,-1.0,1726083,3.0,7,,0.0,2.0,4.0,B01,138Â 206Â 919,1.0
1011187,201900052718,12,3,09:30,1,2,1,1.0,2.0,72181,RHIN ET DANUBE (AV) NÂ° IMP 1 A 269,M,"48,0207200","0,1837200",72,2019,50.0,1.0,1.0,4.0,2261269,1.0,1,4,1,0.0,,0.0,0,1992.0,A01,138Â 206Â 916,1.0,0.0,-1.0,1726084,2.0,7,,0.0,2.0,1.0,A01,138Â 206Â 916,1.0
1011187,201900052718,12,3,09:30,1,2,1,1.0,2.0,72181,RHIN ET DANUBE (AV) NÂ° IMP 1 A 269,M,"48,0207200","0,1837200",72,2019,50.0,1.0,1.0,4.0,2261269,1.0,1,4,1,0.0,,0.0,0,1992.0,A01,138Â 206Â 916,1.0,0.0,-1.0,1726085,2.0,7,,0.0,2.0,4.0,B01,138Â 206Â 917,1.0
1011187,201900052718,12,3,09:30,1,2,1,1.0,2.0,72181,RHIN ET DANUBE (AV) NÂ° IMP 1 A 269,M,"48,0207200","0,1837200",72,2019,50.0,1.0,1.0,4.0,2261270,1.0,1,4,2,0.0,,0.0,0,1982.0,B01,138Â 206Â 917,1.0,0.0,-1.0,1726084,2.0,7,,0.0,2.0,1.0,A01,138Â 206Â 916,1.0
1011187,201900052718,12,3,09:30,1,2,1,1.0,2.0,72181,RHIN ET DANUBE (AV) NÂ° IMP 1 A 269,M,"48,0207200","0,1837200",72,2019,50.0,1.0,1.0,4.0,2261270,1.0,1,4,2,0.0,,0.0,0,1982.0,B01,138Â 206Â 917,1.0,0.0,-1.0,1726085,2.0,7,,0.0,2.0,4.0,B01,138Â 206Â 917,1.0
1011188,201900052719,11,26,07:10,5,2,1,2.0,6.0,71076,KENNEDY (AVENUE JOHN FITZGERALD),M,"46,7963000","4,8626900",71,2019,50.0,1.0,2.0,4.0,2261271,1.0,1,1,1,4.0,,0.0,0,1970.0,A01,138Â 206Â 915,1.0,0.0,-1.0,1726086,3.0,10,,0.0,1.0,7.0,A01,138Â 206Â 915,1.0
1011188,201900052719,11,26,07:10,5,2,1,2.0,6.0,71076,KENNEDY (AVENUE JOHN FITZGERALD),M,"46,7963000","4,8626900",71,2019,50.0,1.0,2.0,4.0,2261272,10.0,3,4,2,2.0,,4.0,3,2007.0,A01,138Â 206Â 915,0.0,-1.0,-1.0,1726086,3.0,10,,0.0,1.0,7.0,A01,138Â 206Â 915,1.0
1011189,201900052720,12,3,19:45,5,2,1,8.0,6.0,69266,GENAS    (Route de),M,"45,7519800","4,9044400",69,2019,50.0,1.0,2.0,3.0,2261273,10.0,3,3,1,0.0,,2.0,5,1981.0,A01,138Â 206Â 914,8.0,0.0,-1.0,1726087,3.0,33,,0.0,1.0,1.0,A01,138Â 206Â 914,1.0
1011189,201900052720,12,3,19:45,5,2,1,8.0,6.0,69266,GENAS    (Route de),M,"45,7519800","4,9044400",69,2019,50.0,1.0,2.0,3.0,2261274,1.0,1,1,1,5.0,,-1.0, -1,1998.0,A01,138Â 206Â 914,2.0,6.0,-1.0,1726087,3.0,33,,0.0,1.0,1.0,A01,138Â 206Â 914,1.0
1011190,201900052721,12,4,09:15,1,2,2,1.0,3.0,69290,NUMERO 8 (CITE BERLIET)             (R ),M,"45,7079100","4,9025100",69,2019,50.0,1.0,1.0,4.0,2261275,1.0,1,1,1,5.0,,-1.0, -1,1965.0,A01,138Â 206Â 912,8.0,0.0,-1.0,1726088,1.0,7,,0.0,2.0,1.0,A01,138Â 206Â 912,1.0
1011190,201900052721,12,4,09:15,1,2,2,1.0,3.0,69290,NUMERO 8 (CITE BERLIET)             (R ),M,"45,7079100","4,9025100",69,2019,50.0,1.0,1.0,4.0,2261275,1.0,1,1,1,5.0,,-1.0, -1,1965.0,A01,138Â 206Â 912,8.0,0.0,-1.0,1726089,1.0,7,,0.0,2.0,8.0,B01,138Â 206Â 913,1.0
1011190,201900052721,12,4,09:15,1,2,2,1.0,3.0,69290,NUMERO 8 (CITE BERLIET)             (R ),M,"45,7079100","4,9025100",69,2019,50.0,1.0,1.0,4.0,2261276,1.0,1,4,2,1.0,,-1.0, -1,1990.0,B01,138Â 206Â 913,8.0,0.0,-1.0,1726088,1.0,7,,0.0,2.0,1.0,A01,138Â 206Â 912,1.0
1011190,201900052721,12,4,09:15,1,2,2,1.0,3.0,69290,NUMERO 8 (CITE BERLIET)             (R ),M,"45,7079100","4,9025100",69,2019,50.0,1.0,1.0,4.0,2261276,1.0,1,4,2,1.0,,-1.0, -1,1990.0,B01,138Â 206Â 913,8.0,0.0,-1.0,1726089,1.0,7,,0.0,2.0,8.0,B01,138Â 206Â 913,1.0
1011191,201900052722,12,1,19:30,5,2,1,1.0,6.0,69266,CHARLES HERNU       (Place),M,"45,7703500","4,8629400",69,2019,50.0,1.0,1.0,7.0,2261277,10.0,3,4,2,0.0,,3.0,3,1940.0,A01,138Â 206Â 911,8.0,0.0,-1.0,1726090,1.0,30,,0.0,2.0,1.0,A01,138Â 206Â 911,0.0
1011192,201900052723,12,3,17:30,5,2,1,1.0,7.0,68224,KATZ (ALLEE NATHAN),M,"47,7536000","7,3482900",68,2019,50.0,8.0,1.0,4.0,2261278,1.0,1,1,1,5.0,,-1.0, -1,2000.0,A01,138Â 206Â 910,1.0,0.0,-1.0,1726091,1.0,7,,0.0,1.0,1.0,A01,138Â 206Â 910,1.0
1011192,201900052723,12,3,17:30,5,2,1,1.0,7.0,68224,KATZ (ALLEE NATHAN),M,"47,7536000","7,3482900",68,2019,50.0,8.0,1.0,4.0,2261279,10.0,3,3,1,0.0,,3.0,3,1960.0,A01,138Â 206Â 910,0.0,-1.0,-1.0,1726091,1.0,7,,0.0,1.0,1.0,A01,138Â 206Â 910,1.0
1011193,201900052724,12,3,14:20,1,2,1,1.0,6.0,67482,POLYGONE (ROUTE DU),M,"48,5650300","7,7600800",67,2019,50.0,1.0,1.0,4.0,2261280,1.0,1,4,1,0.0,,-1.0,0,1970.0,B01,138Â 206Â 908,8.0,0.0,-1.0,1726092,1.0,1,,1.0,0.0,1.0,B01,138Â 206Â 908,5.0
1011193,201900052724,12,3,14:20,1,2,1,1.0,6.0,67482,POLYGONE (ROUTE DU),M,"48,5650300","7,7600800",67,2019,50.0,1.0,1.0,4.0,2261280,1.0,1,4,1,0.0,,-1.0,0,1970.0,B01,138Â 206Â 908,8.0,0.0,-1.0,1726093,1.0,7,,0.0,2.0,2.0,A01,138Â 206Â 909,1.0
1011193,201900052724,12,3,14:20,1,2,1,1.0,6.0,67482,POLYGONE (ROUTE DU),M,"48,5650300","7,7600800",67,2019,50.0,1.0,1.0,4.0,2261281,1.0,1,1,1,5.0,,-1.0,0,1960.0,A01,138Â 206Â 909,1.0,8.0,-1.0,1726092,1.0,1,,1.0,0.0,1.0,B01,138Â 206Â 908,5.0
1011193,201900052724,12,3,14:20,1,2,1,1.0,6.0,67482,POLYGONE (ROUTE DU),M,"48,5650300","7,7600800",67,2019,50.0,1.0,1.0,4.0,2261281,1.0,1,1,1,5.0,,-1.0,0,1960.0,A01,138Â 206Â 909,1.0,8.0,-1.0,1726093,1.0,7,,0.0,2.0,2.0,A01,138Â 206Â 909,1.0
1011194,201900052725,11,27,07:45,2,2,6,8.0,3.0,67462,NANCY (BOULEVARD DE),M,"48,2643369","7,4589385",67,2019,50.0,1.0,2.0,3.0,2261282,1.0,1,4,2,1.0,,0.0,0,1969.0,B01,138Â 206Â 906,8.0,4.0,-1.0,1726094,2.0,1,,0.0,2.0,8.0,B01,138Â 206Â 906,5.0
1011194,201900052725,11,27,07:45,2,2,6,8.0,3.0,67462,NANCY (BOULEVARD DE),M,"48,2643369","7,4589385",67,2019,50.0,1.0,2.0,3.0,2261282,1.0,1,4,2,1.0,,0.0,0,1969.0,B01,138Â 206Â 906,8.0,4.0,-1.0,1726095,2.0,15,,0.0,2.0,5.0,A01,138Â 206Â 907,1.0
1011194,201900052725,11,27,07:45,2,2,6,8.0,3.0,67462,NANCY (BOULEVARD DE),M,"48,2643369","7,4589385",67,2019,50.0,1.0,2.0,3.0,2261283,1.0,1,1,1,4.0,,0.0,0,1973.0,A01,138Â 206Â 907,8.0,0.0,-1.0,1726094,2.0,1,,0.0,2.0,8.0,B01,138Â 206Â 906,5.0
1011194,201900052725,11,27,07:45,2,2,6,8.0,3.0,67462,NANCY (BOULEVARD DE),M,"48,2643369","7,4589385",67,2019,50.0,1.0,2.0,3.0,2261283,1.0,1,1,1,4.0,,0.0,0,1973.0,A01,138Â 206Â 907,8.0,0.0,-1.0,1726095,2.0,15,,0.0,2.0,5.0,A01,138Â 206Â 907,1.0
1011195,201900052726,12,3,11:12,1,2,1,1.0,3.0,66136,JOFFRE (AVENUE DU MARECHAL CD 88),M,"42,7184600","2,8871500",66,2019,50.0,1.0,1.0,4.0,2261284,1.0,1,1,1,0.0,,-1.0, -1,1959.0,A01,138Â 206Â 904,1.0,0.0,-1.0,1726096,1.0,10,,0.0,2.0,6.0,A01,138Â 206Â 904,1.0
1011195,201900052726,12,3,11:12,1,2,1,1.0,3.0,66136,JOFFRE (AVENUE DU MARECHAL CD 88),M,"42,7184600","2,8871500",66,2019,50.0,1.0,1.0,4.0,2261284,1.0,1,1,1,0.0,,-1.0, -1,1959.0,A01,138Â 206Â 904,1.0,0.0,-1.0,1726097,1.0,2,,0.0,2.0,7.0,B01,138Â 206Â 905,1.0
1011195,201900052726,12,3,11:12,1,2,1,1.0,3.0,66136,JOFFRE (AVENUE DU MARECHAL CD 88),M,"42,7184600","2,8871500",66,2019,50.0,1.0,1.0,4.0,2261285,1.0,1,4,1,2.0,,-1.0, -1,2004.0,B01,138Â 206Â 905,2.0,6.0,-1.0,1726096,1.0,10,,0.0,2.0,6.0,A01,138Â 206Â 904,1.0
1011195,201900052726,12,3,11:12,1,2,1,1.0,3.0,66136,JOFFRE (AVENUE DU MARECHAL CD 88),M,"42,7184600","2,8871500",66,2019,50.0,1.0,1.0,4.0,2261285,1.0,1,4,1,2.0,,-1.0, -1,2004.0,B01,138Â 206Â 905,2.0,6.0,-1.0,1726097,1.0,2,,0.0,2.0,7.0,B01,138Â 206Â 905,1.0
1011196,201900052727,12,4,15:55,2,1,1,7.0,6.0,59386,MENIN RUE DE,M,"50,6766288","3,0808389",59,2019,50.0,1.0,1.0,7.0,2261286,1.0,1,1,1,3.0,,-1.0,0,1953.0,A01,138Â 206Â 901,1.0,0.0,-1.0,1726098,1.0,7,,0.0,1.0,1.0,A01,138Â 206Â 901,1.0
1011196,201900052727,12,4,15:55,2,1,1,7.0,6.0,59386,MENIN RUE DE,M,"50,6766288","3,0808389",59,2019,50.0,1.0,1.0,7.0,2261287,10.0,3,3,2,3.0,,8.0,3,1956.0,A01,138Â 206Â 901,0.0,-1.0,-1.0,1726098,1.0,7,,0.0,1.0,1.0,A01,138Â 206Â 901,1.0
1011196,201900052727,12,4,15:55,2,1,1,7.0,6.0,59386,MENIN RUE DE,M,"50,6766288","3,0808389",59,2019,50.0,1.0,1.0,7.0,2261288,10.0,3,4,1,3.0,,8.0,3,1953.0,A01,138Â 206Â 901,8.0,0.0,-1.0,1726098,1.0,7,,0.0,1.0,1.0,A01,138Â 206Â 901,1.0
1011197,201900052728,12,3,17:35,5,2,6,1.0,3.0,59560,REPUBLIQUE AVENUE DE LA,M,"50,5541800","3,0358900",59,2019,50.0,1.0,1.0,4.0,2261289,2.0,1,1,2,3.0,,0.0,0,1969.0,A01,138Â 206Â 897,1.0,0.0,0.0,1726099,1.0,7,,0.0,2.0,3.0,A01,138Â 206Â 897,1.0
1011197,201900052728,12,3,17:35,5,2,6,1.0,3.0,59560,REPUBLIQUE AVENUE DE LA,M,"50,5541800","3,0358900",59,2019,50.0,1.0,1.0,4.0,2261289,2.0,1,1,2,3.0,,0.0,0,1969.0,A01,138Â 206Â 897,1.0,0.0,0.0,1726100,2.0,2,,0.0,2.0,2.0,B01,138Â 206Â 898,1.0
1011197,201900052728,12,3,17:35,5,2,6,1.0,3.0,59560,REPUBLIQUE AVENUE DE LA,M,"50,5541800","3,0358900",59,2019,50.0,1.0,1.0,4.0,2261290,1.0,1,4,2,5.0,,-1.0,0,1997.0,B01,138Â 206Â 898,2.0,8.0,-1.0,1726099,1.0,7,,0.0,2.0,3.0,A01,138Â 206Â 897,1.0
1011197,201900052728,12,3,17:35,5,2,6,1.0,3.0,59560,REPUBLIQUE AVENUE DE LA,M,"50,5541800","3,0358900",59,2019,50.0,1.0,1.0,4.0,2261290,1.0,1,4,2,5.0,,-1.0,0,1997.0,B01,138Â 206Â 898,2.0,8.0,-1.0,1726100,2.0,2,,0.0,2.0,2.0,B01,138Â 206Â 898,1.0
1011198,201900052729,12,2,16:05,1,2,3,1.0,3.0,57757,Nations (Avenue),M,"49,3641723","6,2017608",57,2019,50.0,1.0,1.0,3.0,2261291,1.0,1,4,1,4.0,,-1.0, -1,1984.0,B01,138Â 206Â 894,1.0,0.0,-1.0,1726101,2.0,10,,0.0,2.0,1.0,B01,138Â 206Â 894,1.0
1011198,201900052729,12,2,16:05,1,2,3,1.0,3.0,57757,Nations (Avenue),M,"49,3641723","6,2017608",57,2019,50.0,1.0,1.0,3.0,2261291,1.0,1,4,1,4.0,,-1.0, -1,1984.0,B01,138Â 206Â 894,1.0,0.0,-1.0,1726102,1.0,7,,0.0,2.0,1.0,A01,138Â 206Â 895,1.0
1011198,201900052729,12,2,16:05,1,2,3,1.0,3.0,57757,Nations (Avenue),M,"49,3641723","6,2017608",57,2019,50.0,1.0,1.0,3.0,2261292,1.0,1,3,2,5.0,,-1.0, -1,1957.0,A01,138Â 206Â 895,1.0,0.0,-1.0,1726101,2.0,10,,0.0,2.0,1.0,B01,138Â 206Â 894,1.0
1011198,201900052729,12,2,16:05,1,2,3,1.0,3.0,57757,Nations (Avenue),M,"49,3641723","6,2017608",57,2019,50.0,1.0,1.0,3.0,2261292,1.0,1,3,2,5.0,,-1.0, -1,1957.0,A01,138Â 206Â 895,1.0,0.0,-1.0,1726102,1.0,7,,0.0,2.0,1.0,A01,138Â 206Â 895,1.0
1011199,201900052730,11,30,18:58,5,2,1,8.0,6.0,56260,PAIX(BLD DE LA) 41 A 109 ET 52 A 124,M,"47,6599300"," -2,7525500",56,2019,50.0,1.0,2.0,4.0,2261293,1.0,1,1,2,1.0,,0.0,0,1990.0,A01,138Â 206Â 893,1.0,8.0,-1.0,1726103,2.0,7,,0.0,1.0,2.0,A01,138Â 206Â 893,1.0
1011199,201900052730,11,30,18:58,5,2,1,8.0,6.0,56260,PAIX(BLD DE LA) 41 A 109 ET 52 A 124,M,"47,6599300"," -2,7525500",56,2019,50.0,1.0,2.0,4.0,2261294,10.0,3,3,1,5.0,,4.0,3,2003.0,A01,138Â 206Â 893,8.0,0.0,-1.0,1726103,2.0,7,,0.0,1.0,2.0,A01,138Â 206Â 893,1.0
1011200,201900052731,12,4,18:30,2,2,1,1.0,4.0,54257,Autoroute 330,M,"48,6388900","6,1824200",54,2019,70.0,1.0,1.0,3.0,2261295,1.0,1,4,2,0.0,,0.0,0,1992.0,C01,138Â 206Â 890,1.0,0.0,-1.0,1726104,1.0,7,,0.0,2.0,4.0,C01,138Â 206Â 890,1.0
1011200,201900052731,12,4,18:30,2,2,1,1.0,4.0,54257,Autoroute 330,M,"48,6388900","6,1824200",54,2019,70.0,1.0,1.0,3.0,2261295,1.0,1,4,2,0.0,,0.0,0,1992.0,C01,138Â 206Â 890,1.0,0.0,-1.0,1726105,1.0,7,,0.0,2.0,4.0,B01,138Â 206Â 891,1.0
1011200,201900052731,12,4,18:30,2,2,1,1.0,4.0,54257,Autoroute 330,M,"48,6388900","6,1824200",54,2019,70.0,1.0,1.0,3.0,2261295,1.0,1,4,2,0.0,,0.0,0,1992.0,C01,138Â 206Â 890,1.0,0.0,-1.0,1726106,1.0,7,,0.0,2.0,1.0,A01,138Â 206Â 892,1.0
1011200,201900052731,12,4,18:30,2,2,1,1.0,4.0,54257,Autoroute 330,M,"48,6388900","6,1824200",54,2019,70.0,1.0,1.0,3.0,2261296,1.0,1,1,1,0.0,,0.0,0,1970.0,B01,138Â 206Â 891,1.0,0.0,-1.0,1726104,1.0,7,,0.0,2.0,4.0,C01,138Â 206Â 890,1.0
1011200,201900052731,12,4,18:30,2,2,1,1.0,4.0,54257,Autoroute 330,M,"48,6388900","6,1824200",54,2019,70.0,1.0,1.0,3.0,2261296,1.0,1,1,1,0.0,,0.0,0,1970.0,B01,138Â 206Â 891,1.0,0.0,-1.0,1726105,1.0,7,,0.0,2.0,4.0,B01,138Â 206Â 891,1.0