Unnamed: 0_x,num_acc,mois,jour,hrmn,lum,agg,int,atm,col,com,adr,gps,lat,long,dep,annee,vma,situ,surf,catr,Unnamed: 0_y,place,catu,grav,sexe,trajet,secu,locp,actp,an_nais,num_veh_x,id_vehicule_x,secu1,secu2,secu3,Unnamed: 0,senc,catv,occutc,obs,obsm,choc,num_veh_y,id_vehicule_y,motor
1011200,201900052731,12,4,18:30,2,2,1,1.0,4.0,54257,Autoroute 330,M,"48,6388900","6,1824200",54,2019,70.0,1.0,1.0,3.0,2261296,1.0,1,1,1,0.0,,0.0,0,1970.0,B01,138Â 206Â 891,1.0,0.0,-1.0,1726106,1.0,7,,0.0,2.0,1.0,A01,138Â 206Â 892,1.0
1011200,201900052731,12,4,18:30,2,2,1,1.0,4.0,54257,Autoroute 330,M,"48,6388900","6,1824200",54,2019,70.0,1.0,1.0,3.0,2261297,1.0,1,1,1,0.0,,-1.0, -1,1961.0,A01,138Â 206Â 892,1.0,0.0,-1.0,1726104,1.0,7,,0.0,2.0,4.0,C01,138Â 206Â 890,1.0
1011200,201900052731,12,4,18:30,2,2,1,1.0,4.0,54257,Autoroute 330,M,"48,6388900","6,1824200",54,2019,70.0,1.0,1.0,3.0,2261297,1.0,1,1,1,0.0,,-1.0, -1,1961.0,A01,138Â 206Â 892,1.0,0.0,-1.0,1726105,1.0,7,,0.0,2.0,4.0,B01,138Â 206Â 891,1.0
1011200,201900052731,12,4,18:30,2,2,1,1.0,4.0,54257,Autoroute 330,M,"48,6388900","6,1824200",54,2019,70.0,1.0,1.0,3.0,2261297,1.0,1,1,1,0.0,,-1.0, -1,1961.0,A01,138Â 206Â 892,1.0,0.0,-1.0,1726106,1.0,7,,0.0,2.0,1.0,A01,138Â 206Â 892,1.0
1011201,201900052732,12,4,15:35,1,2,1,1.0,7.0,54395,COMMANDERIE (RUE/PLACE DE LA),M,"48,6861000","6,1673000",54,2019,30.0,4.0,1.0,4.0,2261298,10.0,3,4,2,0.0,,5.0,1,1968.0,A01,138Â 206Â 889,8.0,0.0,-1.0,1726107,1.0,1,,0.0,1.0,1.0,A01,138Â 206Â 889,5.0
1011201,201900052732,12,4,15:35,1,2,1,1.0,7.0,54395,COMMANDERIE (RUE/PLACE DE LA),M,"48,6861000","6,1673000",54,2019,30.0,4.0,1.0,4.0,2261299,1.0,1,1,1,0.0,,-1.0, -1,2001.0,A01,138Â 206Â 889,8.0,0.0,-1.0,1726107,1.0,1,,0.0,1.0,1.0,A01,138Â 206Â 889,5.0
1011202,201900052733,12,4,19:15,5,2,1,1.0,3.0,51454,BOULEVARD DE LA PAIX,M,"49,2532147","4,0411352",51,2019,50.0,1.0,1.0,3.0,2261300,1.0,1,1,1,1.0,,-1.0,0,1953.0,A01,138Â 206Â 887,1.0,0.0,-1.0,1726108,2.0,7,,0.0,2.0,5.0,A01,138Â 206Â 887,1.0
1011202,201900052733,12,4,19:15,5,2,1,1.0,3.0,51454,BOULEVARD DE LA PAIX,M,"49,2532147","4,0411352",51,2019,50.0,1.0,1.0,3.0,2261300,1.0,1,1,1,1.0,,-1.0,0,1953.0,A01,138Â 206Â 887,1.0,0.0,-1.0,1726109,1.0,1,,0.0,2.0,1.0,B01,138Â 206Â 888,0.0
1011202,201900052733,12,4,19:15,5,2,1,1.0,3.0,51454,BOULEVARD DE LA PAIX,M,"49,2532147","4,0411352",51,2019,50.0,1.0,1.0,3.0,2261301,1.0,1,4,1,0.0,,-1.0,0,1995.0,B01,138Â 206Â 888,8.0,0.0,-1.0,1726108,2.0,7,,0.0,2.0,5.0,A01,138Â 206Â 887,1.0
1011202,201900052733,12,4,19:15,5,2,1,1.0,3.0,51454,BOULEVARD DE LA PAIX,M,"49,2532147","4,0411352",51,2019,50.0,1.0,1.0,3.0,2261301,1.0,1,4,1,0.0,,-1.0,0,1995.0,B01,138Â 206Â 888,8.0,0.0,-1.0,1726109,1.0,1,,0.0,2.0,1.0,B01,138Â 206Â 888,0.0
1011203,201900052734,12,3,18:20,5,2,1,5.0,4.0,51454,RUE HENRI MIDOL,M,"49,2637044","4,0070384",51,2019,50.0,1.0,1.0,4.0,2261302,1.0,1,1,1,0.0,,-1.0,0,1985.0,A01,138Â 206Â 884,1.0,0.0,-1.0,1726110,3.0,10,,0.0,2.0,1.0,A01,138Â 206Â 884,1.0
1011203,201900052734,12,3,18:20,5,2,1,5.0,4.0,51454,RUE HENRI MIDOL,M,"49,2637044","4,0070384",51,2019,50.0,1.0,1.0,4.0,2261302,1.0,1,1,1,0.0,,-1.0,0,1985.0,A01,138Â 206Â 884,1.0,0.0,-1.0,1726111,3.0,10,,0.0,2.0,1.0,B01,138Â 206Â 885,1.0
1011203,201900052734,12,3,18:20,5,2,1,5.0,4.0,51454,RUE HENRI MIDOL,M,"49,2637044","4,0070384",51,2019,50.0,1.0,1.0,4.0,2261302,1.0,1,1,1,0.0,,-1.0,0,1985.0,A01,138Â 206Â 884,1.0,0.0,-1.0,1726112,3.0,15,,1.0,0.0,0.0,C01,138Â 206Â 886,1.0
1011203,201900052734,12,3,18:20,5,2,1,5.0,4.0,51454,RUE HENRI MIDOL,M,"49,2637044","4,0070384",51,2019,50.0,1.0,1.0,4.0,2261303,1.0,1,4,1,0.0,,-1.0,0,1963.0,B01,138Â 206Â 885,1.0,0.0,-1.0,1726110,3.0,10,,0.0,2.0,1.0,A01,138Â 206Â 884,1.0
1011203,201900052734,12,3,18:20,5,2,1,5.0,4.0,51454,RUE HENRI MIDOL,M,"49,2637044","4,0070384",51,2019,50.0,1.0,1.0,4.0,2261303,1.0,1,4,1,0.0,,-1.0,0,1963.0,B01,138Â 206Â 885,1.0,0.0,-1.0,1726111,3.0,10,,0.0,2.0,1.0,B01,138Â 206Â 885,1.0
1011203,201900052734,12,3,18:20,5,2,1,5.0,4.0,51454,RUE HENRI MIDOL,M,"49,2637044","4,0070384",51,2019,50.0,1.0,1.0,4.0,2261303,1.0,1,4,1,0.0,,-1.0,0,1963.0,B01,138Â 206Â 885,1.0,0.0,-1.0,1726112,3.0,15,,1.0,0.0,0.0,C01,138Â 206Â 886,1.0
1011203,201900052734,12,3,18:20,5,2,1,5.0,4.0,51454,RUE HENRI MIDOL,M,"49,2637044","4,0070384",51,2019,50.0,1.0,1.0,4.0,2261304,1.0,1,1,1,0.0,,-1.0,0,1971.0,C01,138Â 206Â 886,1.0,0.0,-1.0,1726110,3.0,10,,0.0,2.0,1.0,A01,138Â 206Â 884,1.0
1011203,201900052734,12,3,18:20,5,2,1,5.0,4.0,51454,RUE HENRI MIDOL,M,"49,2637044","4,0070384",51,2019,50.0,1.0,1.0,4.0,2261304,1.0,1,1,1,0.0,,-1.0,0,1971.0,C01,138Â 206Â 886,1.0,0.0,-1.0,1726111,3.0,10,,0.0,2.0,1.0,B01,138Â 206Â 885,1.0
1011203,201900052734,12,3,18:20,5,2,1,5.0,4.0,51454,RUE HENRI MIDOL,M,"49,2637044","4,0070384",51,2019,50.0,1.0,1.0,4.0,2261304,1.0,1,1,1,0.0,,-1.0,0,1971.0,C01,138Â 206Â 886,1.0,0.0,-1.0,1726112,3.0,15,,1.0,0.0,0.0,C01,138Â 206Â 886,1.0
1011204,201900052735,12,3,01:20,3,1,1,1.0,6.0,50203,TOULORGE LEFEVRE (RUE),M,"49,6241400"," -1,6094500",50,2019,50.0,1.0,1.0,4.0,2261305,10.0,3,4,1,5.0,,9.0,2,1986.0,A01,138Â 206Â 882,0.0,-1.0,-1.0,1726113,0.0,7,,0.0,1.0,8.0,A01,138Â 206Â 882,0.0
1011205,201900052736,11,27,10:15,1,2,1,2.0,6.0,50129,HOPITAL (AVENUE DE),M,"49,6349800"," -1,6139600",50,2019,50.0,1.0,2.0,4.0,2261306,10.0,3,4,2,1.0,,3.0,3,2001.0,A01,138Â 206Â 881,0.0,-1.0,-1.0,1726114,0.0,7,,0.0,1.0,1.0,A01,138Â 206Â 881,0.0
1011206,201900052737,12,4,17:45,5,2,1,1.0,2.0,45232,RUE MARCEL BELOT,M,"47,8405300","1,9139900",45,2019,70.0,1.0,1.0,4.0,2261307,1.0,1,1,1,4.0,,0.0,0,1977.0,B01,138Â 206Â 879,1.0,0.0,-1.0,1726115,0.0,7,,0.0,2.0,4.0,B01,138Â 206Â 879,1.0
1011206,201900052737,12,4,17:45,5,2,1,1.0,2.0,45232,RUE MARCEL BELOT,M,"47,8405300","1,9139900",45,2019,70.0,1.0,1.0,4.0,2261307,1.0,1,1,1,4.0,,0.0,0,1977.0,B01,138Â 206Â 879,1.0,0.0,-1.0,1726116,0.0,7,,0.0,2.0,1.0,A01,138Â 206Â 880,1.0
1011206,201900052737,12,4,17:45,5,2,1,1.0,2.0,45232,RUE MARCEL BELOT,M,"47,8405300","1,9139900",45,2019,70.0,1.0,1.0,4.0,2261308,2.0,2,4,1,4.0,,0.0,0,1955.0,B01,138Â 206Â 879,1.0,0.0,-1.0,1726115,0.0,7,,0.0,2.0,4.0,B01,138Â 206Â 879,1.0
1011206,201900052737,12,4,17:45,5,2,1,1.0,2.0,45232,RUE MARCEL BELOT,M,"47,8405300","1,9139900",45,2019,70.0,1.0,1.0,4.0,2261308,2.0,2,4,1,4.0,,0.0,0,1955.0,B01,138Â 206Â 879,1.0,0.0,-1.0,1726116,0.0,7,,0.0,2.0,1.0,A01,138Â 206Â 880,1.0
1011206,201900052737,12,4,17:45,5,2,1,1.0,2.0,45232,RUE MARCEL BELOT,M,"47,8405300","1,9139900",45,2019,70.0,1.0,1.0,4.0,2261309,1.0,1,1,2,0.0,,0.0,0,1984.0,A01,138Â 206Â 880,1.0,0.0,-1.0,1726115,0.0,7,,0.0,2.0,4.0,B01,138Â 206Â 879,1.0
1011206,201900052737,12,4,17:45,5,2,1,1.0,2.0,45232,RUE MARCEL BELOT,M,"47,8405300","1,9139900",45,2019,70.0,1.0,1.0,4.0,2261309,1.0,1,1,2,0.0,,0.0,0,1984.0,A01,138Â 206Â 880,1.0,0.0,-1.0,1726116,0.0,7,,0.0,2.0,1.0,A01,138Â 206Â 880,1.0
1011207,201900052738,12,4,11:00,1,2,2,1.0,6.0,41269,JAURES (RUE JEAN),M,"47,7984500","1,0665600",41,2019,50.0,1.0,1.0,4.0,2261310,1.0,1,1,1,5.0,,-1.0, -1,1948.0,A01,138Â 206Â 877,1.0,0.0,-1.0,1726117,3.0,7,,0.0,1.0,2.0,A01,138Â 206Â 877,1.0
1011207,201900052738,12,4,11:00,1,2,2,1.0,6.0,41269,JAURES (RUE JEAN),M,"47,7984500","1,0665600",41,2019,50.0,1.0,1.0,4.0,2261311,10.0,3,4,2,5.0,,4.0,3,1933.0,A01,138Â 206Â 877,0.0,-1.0,-1.0,1726117,3.0,7,,0.0,1.0,2.0,A01,138Â 206Â 877,1.0
1011208,201900052739,10,12,11:50,1,2,1,1.0,7.0,38053,LAMARCK,M,"45,6107700","5,2636000",38,2019,50.0,1.0,1.0,4.0,2261312,10.0,3,3,2,9.0,,1.0,3,1929.0,A01,138Â 206Â 873,8.0,8.0,-1.0,1726118,3.0,7,,0.0,1.0,3.0,A01,138Â 206Â 873,1.0
1011208,201900052739,10,12,11:50,1,2,1,1.0,7.0,38053,LAMARCK,M,"45,6107700","5,2636000",38,2019,50.0,1.0,1.0,4.0,2261313,1.0,1,1,2,5.0,,-1.0, -1,1968.0,A01,138Â 206Â 873,1.0,0.0,-1.0,1726118,3.0,7,,0.0,1.0,3.0,A01,138Â 206Â 873,1.0
1011209,201900052740,12,4,16:45,1,2,1,1.0,1.0,37122,SAINT LEGER (RUE DE),M,"47,3430396","0,6509429",37,2019,50.0,1.0,1.0,4.0,2261314,1.0,1,3,1,5.0,,-1.0,0,1951.0,A01,138Â 206Â 871,8.0,8.0,-1.0,1726119,3.0,1,,0.0,2.0,1.0,A01,138Â 206Â 871,5.0
1011209,201900052740,12,4,16:45,1,2,1,1.0,1.0,37122,SAINT LEGER (RUE DE),M,"47,3430396","0,6509429",37,2019,50.0,1.0,1.0,4.0,2261314,1.0,1,3,1,5.0,,-1.0,0,1951.0,A01,138Â 206Â 871,8.0,8.0,-1.0,1726120,3.0,7,,0.0,2.0,1.0,B01,138Â 206Â 872,1.0
1011209,201900052740,12,4,16:45,1,2,1,1.0,1.0,37122,SAINT LEGER (RUE DE),M,"47,3430396","0,6509429",37,2019,50.0,1.0,1.0,4.0,2261315,1.0,1,1,2,5.0,,-1.0,0,1960.0,B01,138Â 206Â 872,1.0,8.0,-1.0,1726119,3.0,1,,0.0,2.0,1.0,A01,138Â 206Â 871,5.0
1011209,201900052740,12,4,16:45,1,2,1,1.0,1.0,37122,SAINT LEGER (RUE DE),M,"47,3430396","0,6509429",37,2019,50.0,1.0,1.0,4.0,2261315,1.0,1,1,2,5.0,,-1.0,0,1960.0,B01,138Â 206Â 872,1.0,8.0,-1.0,1726120,3.0,7,,0.0,2.0,1.0,B01,138Â 206Â 872,1.0
1011210,201900052741,12,4,17:00,5,2,9,1.0,6.0,35238,MAGINOT (AVENUE SERGENT),M,"48,1099800"," -1,6566800",35,2019,50.0,1.0,1.0,4.0,2261316,1.0,1,1,1,9.0,,-1.0, -1,1956.0,A01,138Â 206Â 870,1.0,0.0,-1.0,1726121,3.0,7,,0.0,1.0,3.0,A01,138Â 206Â 870,1.0
1011210,201900052741,12,4,17:00,5,2,9,1.0,6.0,35238,MAGINOT (AVENUE SERGENT),M,"48,1099800"," -1,6566800",35,2019,50.0,1.0,1.0,4.0,2261317,10.0,3,4,2,5.0,,3.0,3,1935.0,A01,138Â 206Â 870,8.0,8.0,-1.0,1726121,3.0,7,,0.0,1.0,3.0,A01,138Â 206Â 870,1.0
1011211,201900052742,12,4,10:00,1,2,2,1.0,3.0,34172,CROVA (RUE),M,"43,6212900","3,8672300",34,2019,50.0,1.0,1.0,4.0,2261318,1.0,1,1,1,0.0,,0.0,0,1943.0,A01,138Â 206Â 868,1.0,0.0,-1.0,1726122,1.0,7,,0.0,2.0,8.0,A01,138Â 206Â 868,0.0
1011211,201900052742,12,4,10:00,1,2,2,1.0,3.0,34172,CROVA (RUE),M,"43,6212900","3,8672300",34,2019,50.0,1.0,1.0,4.0,2261318,1.0,1,1,1,0.0,,0.0,0,1943.0,A01,138Â 206Â 868,1.0,0.0,-1.0,1726123,1.0,32,,0.0,2.0,1.0,B01,138Â 206Â 869,0.0
1011211,201900052742,12,4,10:00,1,2,2,1.0,3.0,34172,CROVA (RUE),M,"43,6212900","3,8672300",34,2019,50.0,1.0,1.0,4.0,2261319,1.0,1,4,1,9.0,,0.0,0,1982.0,B01,138Â 206Â 869,2.0,0.0,-1.0,1726122,1.0,7,,0.0,2.0,8.0,A01,138Â 206Â 868,0.0
1011211,201900052742,12,4,10:00,1,2,2,1.0,3.0,34172,CROVA (RUE),M,"43,6212900","3,8672300",34,2019,50.0,1.0,1.0,4.0,2261319,1.0,1,4,1,9.0,,0.0,0,1982.0,B01,138Â 206Â 869,2.0,0.0,-1.0,1726123,1.0,32,,0.0,2.0,1.0,B01,138Â 206Â 869,0.0
1011212,201900052743,12,2,15:00,1,2,1,1.0,6.0,34032,FRANCO JEAN (RUE),M,"43,3367200","3,2511300",34,2019,50.0,1.0,1.0,4.0,2261320,1.0,1,1,2,5.0,,-1.0, -1,1982.0,A01,138Â 206Â 867,1.0,8.0,-1.0,1726124,3.0,7,,0.0,1.0,2.0,A01,138Â 206Â 867,1.0
1011212,201900052743,12,2,15:00,1,2,1,1.0,6.0,34032,FRANCO JEAN (RUE),M,"43,3367200","3,2511300",34,2019,50.0,1.0,1.0,4.0,2261321,10.0,3,3,2,5.0,,2.0,3,1940.0,A01,138Â 206Â 867,0.0,-1.0,-1.0,1726124,3.0,7,,0.0,1.0,2.0,A01,138Â 206Â 867,1.0
1011213,201900052744,11,23,18:20,2,1,9,1.0,1.0,34073,ROUTE D'AGDE (RD612),M,"43,3143100","3,3178500",34,2019,80.0,1.0,1.0,3.0,2261322,3.0,2,3,1,5.0,,0.0,0,2016.0,B01,138Â 206Â 865,3.0,8.0,-1.0,1726125,1.0,7,,0.0,2.0,1.0,B01,138Â 206Â 865,1.0
1011213,201900052744,11,23,18:20,2,1,9,1.0,1.0,34073,ROUTE D'AGDE (RD612),M,"43,3143100","3,3178500",34,2019,80.0,1.0,1.0,3.0,2261322,3.0,2,3,1,5.0,,0.0,0,2016.0,B01,138Â 206Â 865,3.0,8.0,-1.0,1726126,2.0,10,,8.0,2.0,1.0,A01,138Â 206Â 866,1.0
1011213,201900052744,11,23,18:20,2,1,9,1.0,1.0,34073,ROUTE D'AGDE (RD612),M,"43,3143100","3,3178500",34,2019,80.0,1.0,1.0,3.0,2261323,1.0,1,3,2,5.0,,0.0,0,1985.0,B01,138Â 206Â 865,1.0,8.0,-1.0,1726125,1.0,7,,0.0,2.0,1.0,B01,138Â 206Â 865,1.0
1011213,201900052744,11,23,18:20,2,1,9,1.0,1.0,34073,ROUTE D'AGDE (RD612),M,"43,3143100","3,3178500",34,2019,80.0,1.0,1.0,3.0,2261323,1.0,1,3,2,5.0,,0.0,0,1985.0,B01,138Â 206Â 865,1.0,8.0,-1.0,1726126,2.0,10,,8.0,2.0,1.0,A01,138Â 206Â 866,1.0
1011213,201900052744,11,23,18:20,2,1,9,1.0,1.0,34073,ROUTE D'AGDE (RD612),M,"43,3143100","3,3178500",34,2019,80.0,1.0,1.0,3.0,2261324,4.0,2,4,1,5.0,,0.0,0,2014.0,B01,138Â 206Â 865,3.0,8.0,-1.0,1726125,1.0,7,,0.0,2.0,1.0,B01,138Â 206Â 865,1.0
1011213,201900052744,11,23,18:20,2,1,9,1.0,1.0,34073,ROUTE D'AGDE (RD612),M,"43,3143100","3,3178500",34,2019,80.0,1.0,1.0,3.0,2261324,4.0,2,4,1,5.0,,0.0,0,2014.0,B01,138Â 206Â 865,3.0,8.0,-1.0,1726126,2.0,10,,8.0,2.0,1.0,A01,138Â 206Â 866,1.0
1011213,201900052744,11,23,18:20,2,1,9,1.0,1.0,34073,ROUTE D'AGDE (RD612),M,"43,3143100","3,3178500",34,2019,80.0,1.0,1.0,3.0,2261325,1.0,1,3,1,9.0,,0.0,0,1991.0,A01,138Â 206Â 866,1.0,0.0,-1.0,1726125,1.0,7,,0.0,2.0,1.0,B01,138Â 206Â 865,1.0
1011213,201900052744,11,23,18:20,2,1,9,1.0,1.0,34073,ROUTE D'AGDE (RD612),M,"43,3143100","3,3178500",34,2019,80.0,1.0,1.0,3.0,2261325,1.0,1,3,1,9.0,,0.0,0,1991.0,A01,138Â 206Â 866,1.0,0.0,-1.0,1726126,2.0,10,,8.0,2.0,1.0,A01,138Â 206Â 866,1.0
1011214,201900052745,11,28,12:20,1,2,2,1.0,3.0,33063,RUE CAPDEVILLE,M,"44,8441700"," -0,5889100",33,2019,50.0,1.0,1.0,4.0,2261326,1.0,1,1,2,0.0,,-1.0, -1,1974.0,B01,138Â 206Â 863,8.0,0.0,-1.0,1726127,2.0,7,,0.0,2.0,3.0,B01,138Â 206Â 863,1.0
1011214,201900052745,11,28,12:20,1,2,2,1.0,3.0,33063,RUE CAPDEVILLE,M,"44,8441700"," -0,5889100",33,2019,50.0,1.0,1.0,4.0,2261326,1.0,1,1,2,0.0,,-1.0, -1,1974.0,B01,138Â 206Â 863,8.0,0.0,-1.0,1726128,1.0,1,,0.0,2.0,1.0,A01,138Â 206Â 864,5.0
1011214,201900052745,11,28,12:20,1,2,2,1.0,3.0,33063,RUE CAPDEVILLE,M,"44,8441700"," -0,5889100",33,2019,50.0,1.0,1.0,4.0,2261327,1.0,1,4,1,5.0,,-1.0, -1,1943.0,A01,138Â 206Â 864,8.0,0.0,-1.0,1726127,2.0,7,,0.0,2.0,3.0,B01,138Â 206Â 863,1.0
1011214,201900052745,11,28,12:20,1,2,2,1.0,3.0,33063,RUE CAPDEVILLE,M,"44,8441700"," -0,5889100",33,2019,50.0,1.0,1.0,4.0,2261327,1.0,1,4,1,5.0,,-1.0, -1,1943.0,A01,138Â 206Â 864,8.0,0.0,-1.0,1726128,1.0,1,,0.0,2.0,1.0,A01,138Â 206Â 864,5.0
1011215,201900052746,12,3,18:15,3,1,1,1.0,3.0,33162,AVE DU TAILLAN-MEDOC,M,"44,8952800"," -0,6692500",33,2019,50.0,1.0,1.0,4.0,2261328,1.0,1,4,1,0.0,,-1.0, -1,1989.0,A01,138Â 206Â 861,8.0,0.0,-1.0,1726129,0.0,33,,0.0,2.0,7.0,A01,138Â 206Â 861,1.0
1011215,201900052746,12,3,18:15,3,1,1,1.0,3.0,33162,AVE DU TAILLAN-MEDOC,M,"44,8952800"," -0,6692500",33,2019,50.0,1.0,1.0,4.0,2261328,1.0,1,4,1,0.0,,-1.0, -1,1989.0,A01,138Â 206Â 861,8.0,0.0,-1.0,1726130,0.0,7,,0.0,2.0,1.0,B01,138Â 206Â 862,1.0
1011215,201900052746,12,3,18:15,3,1,1,1.0,3.0,33162,AVE DU TAILLAN-MEDOC,M,"44,8952800"," -0,6692500",33,2019,50.0,1.0,1.0,4.0,2261329,1.0,1,1,1,0.0,,-1.0, -1,1956.0,B01,138Â 206Â 862,8.0,0.0,-1.0,1726129,0.0,33,,0.0,2.0,7.0,A01,138Â 206Â 861,1.0
1011215,201900052746,12,3,18:15,3,1,1,1.0,3.0,33162,AVE DU TAILLAN-MEDOC,M,"44,8952800"," -0,6692500",33,2019,50.0,1.0,1.0,4.0,2261329,1.0,1,1,1,0.0,,-1.0, -1,1956.0,B01,138Â 206Â 862,8.0,0.0,-1.0,1726130,0.0,7,,0.0,2.0,1.0,B01,138Â 206Â 862,1.0
1011216,201900052747,11,26,14:20,1,2,1,1.0,1.0,33281,RUE JACQUES PREVERT,M,"44,8471300"," -0,6675500",33,2019,50.0,1.0,1.0,4.0,2261330,1.0,1,1,1,0.0,,-1.0, -1,1997.0,B01,138Â 206Â 859,8.0,0.0,-1.0,1726131,2.0,7,,0.0,2.0,2.0,B01,138Â 206Â 859,1.0
1011216,201900052747,11,26,14:20,1,2,1,1.0,1.0,33281,RUE JACQUES PREVERT,M,"44,8471300"," -0,6675500",33,2019,50.0,1.0,1.0,4.0,2261330,1.0,1,1,1,0.0,,-1.0, -1,1997.0,B01,138Â 206Â 859,8.0,0.0,-1.0,1726132,1.0,7,,0.0,2.0,2.0,A01,138Â 206Â 860,1.0
1011216,201900052747,11,26,14:20,1,2,1,1.0,1.0,33281,RUE JACQUES PREVERT,M,"44,8471300"," -0,6675500",33,2019,50.0,1.0,1.0,4.0,2261331,1.0,1,4,1,0.0,,-1.0, -1,1966.0,A01,138Â 206Â 860,1.0,0.0,-1.0,1726131,2.0,7,,0.0,2.0,2.0,B01,138Â 206Â 859,1.0
1011216,201900052747,11,26,14:20,1,2,1,1.0,1.0,33281,RUE JACQUES PREVERT,M,"44,8471300"," -0,6675500",33,2019,50.0,1.0,1.0,4.0,2261331,1.0,1,4,1,0.0,,-1.0, -1,1966.0,A01,138Â 206Â 860,1.0,0.0,-1.0,1726132,1.0,7,,0.0,2.0,2.0,A01,138Â 206Â 860,1.0
1011217,201900052748,11,13,15:00,1,2,1,1.0,6.0,33032,RUE PAUL BERT,M,"44,9003000"," -0,5154700",33,2019,50.0,5.0,1.0,4.0,2261332,1.0,1,4,1,0.0,,-1.0, -1,2009.0,A01,138Â 206Â 858,8.0,0.0,-1.0,1726133,0.0,1,,0.0,1.0,0.0,A01,138Â 206Â 858,5.0
1011217,201900052748,11,13,15:00,1,2,1,1.0,6.0,33032,RUE PAUL BERT,M,"44,9003000"," -0,5154700",33,2019,50.0,5.0,1.0,4.0,2261333,10.0,3,4,1,0.0,,9.0,3,2013.0,A01,138Â 206Â 858,8.0,0.0,-1.0,1726133,0.0,1,,0.0,1.0,0.0,A01,138Â 206Â 858,5.0
1011218,201900052749,12,3,22:50,5,2,3,1.0,6.0,33063,FAURE (RUE LUCIEN),M,"44,8676900"," -0,5637800",33,2019,50.0,1.0,1.0,4.0,2261334,1.0,1,4,1,5.0,,-1.0, -1,1996.0,A01,138Â 206Â 857,8.0,0.0,-1.0,1726134,2.0,7,,8.0,0.0,1.0,A01,138Â 206Â 857,1.0
1011219,201900052750,12,3,18:50,5,2,1,1.0,6.0,33318,MADRAN (AVE DE),M,"44,8051200"," -0,6579500",33,2019,50.0,1.0,1.0,4.0,2261335,10.0,3,4,1,0.0,,3.0,3,1976.0,A01,138Â 206Â 856,8.0,8.0,-1.0,1726135,1.0,7,,0.0,1.0,1.0,A01,138Â 206Â 856,1.0
1011219,201900052750,12,3,18:50,5,2,1,1.0,6.0,33318,MADRAN (AVE DE),M,"44,8051200"," -0,6579500",33,2019,50.0,1.0,1.0,4.0,2261336,1.0,1,1,1,0.0,,-1.0, -1,1998.0,A01,138Â 206Â 856,8.0,0.0,-1.0,1726135,1.0,7,,0.0,1.0,1.0,A01,138Â 206Â 856,1.0
1011220,201900052751,12,3,18:20,5,2,3,1.0,3.0,33529,R.VICTOR HUGO / R.GENERAL GALLIENI,M,"44,6322300"," -1,1497900",33,2019,30.0,1.0,1.0,4.0,2261337,1.0,1,1,2,5.0,,-1.0, -1,1941.0,A01,138Â 206Â 854,1.0,0.0,-1.0,1726136,2.0,7,,0.0,2.0,2.0,A01,138Â 206Â 854,1.0
1011220,201900052751,12,3,18:20,5,2,3,1.0,3.0,33529,R.VICTOR HUGO / R.GENERAL GALLIENI,M,"44,6322300"," -1,1497900",33,2019,30.0,1.0,1.0,4.0,2261337,1.0,1,1,2,5.0,,-1.0, -1,1941.0,A01,138Â 206Â 854,1.0,0.0,-1.0,1726137,2.0,1,,0.0,2.0,1.0,Y01,138Â 206Â 855,5.0
1011220,201900052751,12,3,18:20,5,2,3,1.0,3.0,33529,R.VICTOR HUGO / R.GENERAL GALLIENI,M,"44,6322300"," -1,1497900",33,2019,30.0,1.0,1.0,4.0,2261338,1.0,1,4,1,1.0,,-1.0, -1,1982.0,Y01,138Â 206Â 855,8.0,0.0,-1.0,1726136,2.0,7,,0.0,2.0,2.0,A01,138Â 206Â 854,1.0
1011220,201900052751,12,3,18:20,5,2,3,1.0,3.0,33529,R.VICTOR HUGO / R.GENERAL GALLIENI,M,"44,6322300"," -1,1497900",33,2019,30.0,1.0,1.0,4.0,2261338,1.0,1,4,1,1.0,,-1.0, -1,1982.0,Y01,138Â 206Â 855,8.0,0.0,-1.0,1726137,2.0,1,,0.0,2.0,1.0,Y01,138Â 206Â 855,5.0
1011221,201900052752,5,1,17:30,1,1,1,1.0,6.0,03018,Les Edelins,M,"46,2503967","3,2667381",3,2019,80.0,3.0,1.0,3.0,2261339,1.0,1,4,1,5.0,,0.0,0,1986.0,A01,138Â 206Â 853,1.0,-1.0,-1.0,1726138,2.0,7,,6.0,0.0,8.0,A01,138Â 206Â 853,1.0
1011222,201900052753,5,12,19:10,1,1,1,1.0,6.0,03291,La Bamboche,M,"46,3336560","3,5806080",3,2019,80.0,3.0,1.0,3.0,2261340,2.0,2,4,1,5.0,,0.0,0,1998.0,A01,138Â 206Â 852,1.0,-1.0,-1.0,1726139,1.0,7,,2.0,0.0,0.0,A01,138Â 206Â 852,1.0
1011222,201900052753,5,12,19:10,1,1,1,1.0,6.0,03291,La Bamboche,M,"46,3336560","3,5806080",3,2019,80.0,3.0,1.0,3.0,2261341,3.0,2,3,2,5.0,,0.0,0,1994.0,A01,138Â 206Â 852,1.0,-1.0,-1.0,1726139,1.0,7,,2.0,0.0,0.0,A01,138Â 206Â 852,1.0
1011222,201900052753,5,12,19:10,1,1,1,1.0,6.0,03291,La Bamboche,M,"46,3336560","3,5806080",3,2019,80.0,3.0,1.0,3.0,2261342,1.0,1,3,1,5.0,,0.0,0,1998.0,A01,138Â 206Â 852,1.0,-1.0,-1.0,1726139,1.0,7,,2.0,0.0,0.0,A01,138Â 206Â 852,1.0