Unnamed: 0_x,num_acc,mois,jour,hrmn,lum,agg,int,atm,col,com,adr,gps,lat,long,dep,annee,vma,situ,surf,catr,Unnamed: 0_y,place,catu,grav,sexe,trajet,secu,locp,actp,an_nais,num_veh_x,id_vehicule_x,secu1,secu2,secu3,Unnamed: 0,senc,catv,occutc,obs,obsm,choc,num_veh_y,id_vehicule_y,motor
1011223,201900052754,5,8,13:05,1,1,1,3.0,1.0,03118,route d'Ãbreuil,M,"46,1078138","3,1371669",3,2019,80.0,1.0,2.0,3.0,2261343,1.0,1,2,1,3.0,,0.0,0,1948.0,A01,138Â 206Â 850,1.0,-1.0,-1.0,1726140,1.0,7,,0.0,2.0,3.0,A01,138Â 206Â 850,1.0
1011223,201900052754,5,8,13:05,1,1,1,3.0,1.0,03118,route d'Ãbreuil,M,"46,1078138","3,1371669",3,2019,80.0,1.0,2.0,3.0,2261343,1.0,1,2,1,3.0,,0.0,0,1948.0,A01,138Â 206Â 850,1.0,-1.0,-1.0,1726141,2.0,7,,0.0,2.0,3.0,B01,138Â 206Â 851,1.0
1011223,201900052754,5,8,13:05,1,1,1,3.0,1.0,03118,route d'Ãbreuil,M,"46,1078138","3,1371669",3,2019,80.0,1.0,2.0,3.0,2261344,2.0,2,4,2,5.0,,0.0,0,2004.0,B01,138Â 206Â 851,1.0,-1.0,-1.0,1726140,1.0,7,,0.0,2.0,3.0,A01,138Â 206Â 850,1.0
1011223,201900052754,5,8,13:05,1,1,1,3.0,1.0,03118,route d'Ãbreuil,M,"46,1078138","3,1371669",3,2019,80.0,1.0,2.0,3.0,2261344,2.0,2,4,2,5.0,,0.0,0,2004.0,B01,138Â 206Â 851,1.0,-1.0,-1.0,1726141,2.0,7,,0.0,2.0,3.0,B01,138Â 206Â 851,1.0
1011223,201900052754,5,8,13:05,1,1,1,3.0,1.0,03118,route d'Ãbreuil,M,"46,1078138","3,1371669",3,2019,80.0,1.0,2.0,3.0,2261345,3.0,2,4,2,5.0,,0.0,0,2001.0,B01,138Â 206Â 851,1.0,-1.0,-1.0,1726140,1.0,7,,0.0,2.0,3.0,A01,138Â 206Â 850,1.0
1011223,201900052754,5,8,13:05,1,1,1,3.0,1.0,03118,route d'Ãbreuil,M,"46,1078138","3,1371669",3,2019,80.0,1.0,2.0,3.0,2261345,3.0,2,4,2,5.0,,0.0,0,2001.0,B01,138Â 206Â 851,1.0,-1.0,-1.0,1726141,2.0,7,,0.0,2.0,3.0,B01,138Â 206Â 851,1.0
1011223,201900052754,5,8,13:05,1,1,1,3.0,1.0,03118,route d'Ãbreuil,M,"46,1078138","3,1371669",3,2019,80.0,1.0,2.0,3.0,2261346,1.0,1,4,1,5.0,,0.0,0,1977.0,B01,138Â 206Â 851,1.0,-1.0,-1.0,1726140,1.0,7,,0.0,2.0,3.0,A01,138Â 206Â 850,1.0
1011223,201900052754,5,8,13:05,1,1,1,3.0,1.0,03118,route d'Ãbreuil,M,"46,1078138","3,1371669",3,2019,80.0,1.0,2.0,3.0,2261346,1.0,1,4,1,5.0,,0.0,0,1977.0,B01,138Â 206Â 851,1.0,-1.0,-1.0,1726141,2.0,7,,0.0,2.0,3.0,B01,138Â 206Â 851,1.0
1011224,201900052755,5,22,17:50,1,1,1,1.0,1.0,03264,,M,"46,0380434","3,4750153",3,2019,80.0,1.0,1.0,3.0,2261347,1.0,1,1,1,4.0,,0.0,0,1964.0,B01,138Â 206Â 848,1.0,-1.0,-1.0,1726142,1.0,15,,0.0,2.0,1.0,B01,138Â 206Â 848,1.0
1011224,201900052755,5,22,17:50,1,1,1,1.0,1.0,03264,,M,"46,0380434","3,4750153",3,2019,80.0,1.0,1.0,3.0,2261347,1.0,1,1,1,4.0,,0.0,0,1964.0,B01,138Â 206Â 848,1.0,-1.0,-1.0,1726143,2.0,7,,0.0,2.0,1.0,A01,138Â 206Â 849,1.0
1011224,201900052755,5,22,17:50,1,1,1,1.0,1.0,03264,,M,"46,0380434","3,4750153",3,2019,80.0,1.0,1.0,3.0,2261348,1.0,1,3,2,0.0,,0.0,0,1947.0,A01,138Â 206Â 849,1.0,-1.0,-1.0,1726142,1.0,15,,0.0,2.0,1.0,B01,138Â 206Â 848,1.0
1011224,201900052755,5,22,17:50,1,1,1,1.0,1.0,03264,,M,"46,0380434","3,4750153",3,2019,80.0,1.0,1.0,3.0,2261348,1.0,1,3,2,0.0,,0.0,0,1947.0,A01,138Â 206Â 849,1.0,-1.0,-1.0,1726143,2.0,7,,0.0,2.0,1.0,A01,138Â 206Â 849,1.0
1011225,201900052756,5,16,10:56,1,2,1,1.0,6.0,03082,2 rue Jean JaurÃ¨s,M,"46,2892568","2,7421401",3,2019,50.0,1.0,1.0,3.0,2261349,1.0,1,1,2,0.0,,0.0,0,1969.0,A01,138Â 206Â 847,1.0,-1.0,-1.0,1726144,1.0,7,,0.0,1.0,3.0,A01,138Â 206Â 847,1.0
1011225,201900052756,5,16,10:56,1,2,1,1.0,6.0,03082,2 rue Jean JaurÃ¨s,M,"46,2892568","2,7421401",3,2019,50.0,1.0,1.0,3.0,2261350,10.0,3,4,1,3.0,,3.0,3,1944.0,A01,138Â 206Â 847,0.0,-1.0,-1.0,1726144,1.0,7,,0.0,1.0,3.0,A01,138Â 206Â 847,1.0
1011226,201900052757,5,22,08:00,1,2,3,1.0,3.0,03168,2 route de Paris,M,"46,5977370","2,6132673",3,2019,50.0,1.0,1.0,3.0,2261351,1.0,1,1,2,1.0,,0.0,0,1979.0,B01,138Â 206Â 844,1.0,-1.0,-1.0,1726145,2.0,7,,0.0,2.0,3.0,B01,138Â 206Â 844,1.0
1011226,201900052757,5,22,08:00,1,2,3,1.0,3.0,03168,2 route de Paris,M,"46,5977370","2,6132673",3,2019,50.0,1.0,1.0,3.0,2261351,1.0,1,1,2,1.0,,0.0,0,1979.0,B01,138Â 206Â 844,1.0,-1.0,-1.0,1726146,1.0,2,,0.0,2.0,1.0,A01,138Â 206Â 845,1.0
1011226,201900052757,5,22,08:00,1,2,3,1.0,3.0,03168,2 route de Paris,M,"46,5977370","2,6132673",3,2019,50.0,1.0,1.0,3.0,2261352,1.0,1,4,1,1.0,,0.0,0,2002.0,A01,138Â 206Â 845,2.0,6.0,-1.0,1726145,2.0,7,,0.0,2.0,3.0,B01,138Â 206Â 844,1.0
1011226,201900052757,5,22,08:00,1,2,3,1.0,3.0,03168,2 route de Paris,M,"46,5977370","2,6132673",3,2019,50.0,1.0,1.0,3.0,2261352,1.0,1,4,1,1.0,,0.0,0,2002.0,A01,138Â 206Â 845,2.0,6.0,-1.0,1726146,1.0,2,,0.0,2.0,1.0,A01,138Â 206Â 845,1.0
1011227,201900052758,5,30,13:00,1,1,1,1.0,6.0,03111,,M,"46,4162398","2,6120413",3,2019,80.0,3.0,1.0,3.0,2261353,2.0,2,3,2,5.0,,0.0,0,1954.0,A01,138Â 206Â 843,1.0,-1.0,-1.0,1726147,2.0,7,,15.0,0.0,1.0,A01,138Â 206Â 843,6.0
1011227,201900052758,5,30,13:00,1,1,1,1.0,6.0,03111,,M,"46,4162398","2,6120413",3,2019,80.0,3.0,1.0,3.0,2261354,1.0,1,3,1,5.0,,0.0,0,1954.0,A01,138Â 206Â 843,1.0,-1.0,-1.0,1726147,2.0,7,,15.0,0.0,1.0,A01,138Â 206Â 843,6.0
1011228,201900052759,5,31,19:00,1,1,1,1.0,7.0,03292,Montazeaud,M,"46,4169599","3,0561492",3,2019,80.0,1.0,1.0,3.0,2261355,1.0,1,4,1,5.0,,0.0,0,1971.0,A01,138Â 206Â 842,2.0,6.0,-1.0,1726148,1.0,33,,1.0,0.0,8.0,A01,138Â 206Â 842,1.0
1011229,201900052760,5,15,10:30,1,1,1,1.0,7.0,03025,,M,"46,4277744","3,3806200",3,2019,50.0,1.0,1.0,3.0,2261356,1.0,1,3,2,0.0,,0.0,0,1998.0,A01,138Â 206Â 841,1.0,-1.0,-1.0,1726149,1.0,7,,13.0,0.0,9.0,A01,138Â 206Â 841,1.0
1011230,201900052761,5,12,16:00,1,1,1,6.0,6.0,15151,RN 122 pr 124+500,M,"45,1987280","3,0859410",15,2019,80.0,3.0,1.0,2.0,2261357,1.0,1,3,1,5.0,,0.0,0,1976.0,A01,138Â 206Â 840,2.0,6.0,-1.0,1726150,2.0,33,,13.0,0.0,2.0,A01,138Â 206Â 840,1.0
1011231,201900052762,5,22,21:00,2,2,1,1.0,7.0,15187,Route de Neussargues,M,"45,0480330","3,0829870",15,2019,50.0,1.0,1.0,3.0,2261358,1.0,1,3,1,5.0,,0.0,0,1981.0,A01,138Â 206Â 839,2.0,6.0,-1.0,1726151,1.0,33,,0.0,0.0,1.0,A01,138Â 206Â 839,1.0
1011232,201900052763,5,10,13:30,1,1,4,3.0,1.0,15168,RD 4,M,"45,0066530","3,2100760",15,2019,80.0,1.0,2.0,3.0,2261359,1.0,1,3,2,1.0,,0.0,0,1994.0,B01,138Â 206Â 837,1.0,-1.0,-1.0,1726152,2.0,7,,0.0,2.0,3.0,B01,138Â 206Â 837,0.0
1011232,201900052763,5,10,13:30,1,1,4,3.0,1.0,15168,RD 4,M,"45,0066530","3,2100760",15,2019,80.0,1.0,2.0,3.0,2261359,1.0,1,3,2,1.0,,0.0,0,1994.0,B01,138Â 206Â 837,1.0,-1.0,-1.0,1726153,1.0,10,,0.0,2.0,2.0,A01,138Â 206Â 838,0.0
1011232,201900052763,5,10,13:30,1,1,4,3.0,1.0,15168,RD 4,M,"45,0066530","3,2100760",15,2019,80.0,1.0,2.0,3.0,2261360,1.0,1,1,1,0.0,,0.0,0,1986.0,A01,138Â 206Â 838,1.0,-1.0,-1.0,1726152,2.0,7,,0.0,2.0,3.0,B01,138Â 206Â 837,0.0
1011232,201900052763,5,10,13:30,1,1,4,3.0,1.0,15168,RD 4,M,"45,0066530","3,2100760",15,2019,80.0,1.0,2.0,3.0,2261360,1.0,1,1,1,0.0,,0.0,0,1986.0,A01,138Â 206Â 838,1.0,-1.0,-1.0,1726153,1.0,10,,0.0,2.0,2.0,A01,138Â 206Â 838,0.0
1011233,201900052764,5,15,19:50,1,1,1,1.0,1.0,15164,RD 926 Mons,M,"45,0526340","3,0145650",15,2019,80.0,1.0,1.0,3.0,2261361,1.0,1,1,2,0.0,,0.0,0,1989.0,B01,138Â 206Â 835,1.0,-1.0,-1.0,1726154,2.0,7,,3.0,2.0,3.0,B01,138Â 206Â 835,1.0
1011233,201900052764,5,15,19:50,1,1,1,1.0,1.0,15164,RD 926 Mons,M,"45,0526340","3,0145650",15,2019,80.0,1.0,1.0,3.0,2261361,1.0,1,1,2,0.0,,0.0,0,1989.0,B01,138Â 206Â 835,1.0,-1.0,-1.0,1726155,1.0,7,,0.0,2.0,3.0,A01,138Â 206Â 836,1.0
1011233,201900052764,5,15,19:50,1,1,1,1.0,1.0,15164,RD 926 Mons,M,"45,0526340","3,0145650",15,2019,80.0,1.0,1.0,3.0,2261362,1.0,1,2,1,0.0,,0.0,0,1972.0,A01,138Â 206Â 836,1.0,-1.0,-1.0,1726154,2.0,7,,3.0,2.0,3.0,B01,138Â 206Â 835,1.0
1011233,201900052764,5,15,19:50,1,1,1,1.0,1.0,15164,RD 926 Mons,M,"45,0526340","3,0145650",15,2019,80.0,1.0,1.0,3.0,2261362,1.0,1,2,1,0.0,,0.0,0,1972.0,A01,138Â 206Â 836,1.0,-1.0,-1.0,1726155,1.0,7,,0.0,2.0,3.0,A01,138Â 206Â 836,1.0
1011234,201900052765,5,1,20:15,1,1,1,1.0,7.0,15054,FÃ©niers,M,"45,3296120","2,7716440",15,2019,80.0,1.0,1.0,3.0,2261363,1.0,1,3,2,5.0,,0.0,0,1989.0,A01,138Â 206Â 834,2.0,6.0,-1.0,1726156,2.0,33,,8.0,0.0,8.0,A01,138Â 206Â 834,1.0
1011235,201900052766,5,30,17:20,1,1,1,1.0,3.0,15181,Le Pechaire (Saint-Constant),M,"44,6936680","2,2202070",15,2019,80.0,1.0,1.0,3.0,2261364,5.0,2,3,2,5.0,,0.0,0,1936.0,A01,138Â 206Â 832,1.0,-1.0,-1.0,1726157,2.0,7,,0.0,2.0,6.0,A01,138Â 206Â 832,1.0
1011235,201900052766,5,30,17:20,1,1,1,1.0,3.0,15181,Le Pechaire (Saint-Constant),M,"44,6936680","2,2202070",15,2019,80.0,1.0,1.0,3.0,2261364,5.0,2,3,2,5.0,,0.0,0,1936.0,A01,138Â 206Â 832,1.0,-1.0,-1.0,1726158,2.0,14,,0.0,2.0,2.0,B01,138Â 206Â 833,1.0
1011235,201900052766,5,30,17:20,1,1,1,1.0,3.0,15181,Le Pechaire (Saint-Constant),M,"44,6936680","2,2202070",15,2019,80.0,1.0,1.0,3.0,2261365,1.0,1,1,1,5.0,,0.0,0,1934.0,A01,138Â 206Â 832,1.0,-1.0,-1.0,1726157,2.0,7,,0.0,2.0,6.0,A01,138Â 206Â 832,1.0
1011235,201900052766,5,30,17:20,1,1,1,1.0,3.0,15181,Le Pechaire (Saint-Constant),M,"44,6936680","2,2202070",15,2019,80.0,1.0,1.0,3.0,2261365,1.0,1,1,1,5.0,,0.0,0,1934.0,A01,138Â 206Â 832,1.0,-1.0,-1.0,1726158,2.0,14,,0.0,2.0,2.0,B01,138Â 206Â 833,1.0
1011235,201900052766,5,30,17:20,1,1,1,1.0,3.0,15181,Le Pechaire (Saint-Constant),M,"44,6936680","2,2202070",15,2019,80.0,1.0,1.0,3.0,2261366,2.0,2,1,2,5.0,,0.0,0,1944.0,A01,138Â 206Â 832,1.0,-1.0,-1.0,1726157,2.0,7,,0.0,2.0,6.0,A01,138Â 206Â 832,1.0
1011235,201900052766,5,30,17:20,1,1,1,1.0,3.0,15181,Le Pechaire (Saint-Constant),M,"44,6936680","2,2202070",15,2019,80.0,1.0,1.0,3.0,2261366,2.0,2,1,2,5.0,,0.0,0,1944.0,A01,138Â 206Â 832,1.0,-1.0,-1.0,1726158,2.0,14,,0.0,2.0,2.0,B01,138Â 206Â 833,1.0
1011235,201900052766,5,30,17:20,1,1,1,1.0,3.0,15181,Le Pechaire (Saint-Constant),M,"44,6936680","2,2202070",15,2019,80.0,1.0,1.0,3.0,2261367,1.0,1,1,1,4.0,,0.0,0,1986.0,B01,138Â 206Â 833,1.0,-1.0,-1.0,1726157,2.0,7,,0.0,2.0,6.0,A01,138Â 206Â 832,1.0
1011235,201900052766,5,30,17:20,1,1,1,1.0,3.0,15181,Le Pechaire (Saint-Constant),M,"44,6936680","2,2202070",15,2019,80.0,1.0,1.0,3.0,2261367,1.0,1,1,1,4.0,,0.0,0,1986.0,B01,138Â 206Â 833,1.0,-1.0,-1.0,1726158,2.0,14,,0.0,2.0,2.0,B01,138Â 206Â 833,1.0
1011236,201900052767,5,26,16:45,1,1,1,1.0,5.0,15157,"Route nationale 122, plateau de quezac",M,"44,7475050","2,1945540",15,2019,80.0,1.0,1.0,2.0,2261368,1.0,1,1,1,5.0,,0.0,0,1959.0,C01,138Â 206Â 829,1.0,-1.0,-1.0,1726159,1.0,7,,0.0,2.0,3.0,C01,138Â 206Â 829,1.0
1011236,201900052767,5,26,16:45,1,1,1,1.0,5.0,15157,"Route nationale 122, plateau de quezac",M,"44,7475050","2,1945540",15,2019,80.0,1.0,1.0,2.0,2261368,1.0,1,1,1,5.0,,0.0,0,1959.0,C01,138Â 206Â 829,1.0,-1.0,-1.0,1726160,1.0,7,,0.0,2.0,1.0,B01,138Â 206Â 830,1.0
1011236,201900052767,5,26,16:45,1,1,1,1.0,5.0,15157,"Route nationale 122, plateau de quezac",M,"44,7475050","2,1945540",15,2019,80.0,1.0,1.0,2.0,2261368,1.0,1,1,1,5.0,,0.0,0,1959.0,C01,138Â 206Â 829,1.0,-1.0,-1.0,1726161,2.0,7,,0.0,2.0,1.0,A01,138Â 206Â 831,1.0
1011236,201900052767,5,26,16:45,1,1,1,1.0,5.0,15157,"Route nationale 122, plateau de quezac",M,"44,7475050","2,1945540",15,2019,80.0,1.0,1.0,2.0,2261369,1.0,1,1,1,5.0,,0.0,0,1948.0,B01,138Â 206Â 830,1.0,-1.0,-1.0,1726159,1.0,7,,0.0,2.0,3.0,C01,138Â 206Â 829,1.0
1011236,201900052767,5,26,16:45,1,1,1,1.0,5.0,15157,"Route nationale 122, plateau de quezac",M,"44,7475050","2,1945540",15,2019,80.0,1.0,1.0,2.0,2261369,1.0,1,1,1,5.0,,0.0,0,1948.0,B01,138Â 206Â 830,1.0,-1.0,-1.0,1726160,1.0,7,,0.0,2.0,1.0,B01,138Â 206Â 830,1.0
1011236,201900052767,5,26,16:45,1,1,1,1.0,5.0,15157,"Route nationale 122, plateau de quezac",M,"44,7475050","2,1945540",15,2019,80.0,1.0,1.0,2.0,2261369,1.0,1,1,1,5.0,,0.0,0,1948.0,B01,138Â 206Â 830,1.0,-1.0,-1.0,1726161,2.0,7,,0.0,2.0,1.0,A01,138Â 206Â 831,1.0
1011236,201900052767,5,26,16:45,1,1,1,1.0,5.0,15157,"Route nationale 122, plateau de quezac",M,"44,7475050","2,1945540",15,2019,80.0,1.0,1.0,2.0,2261370,2.0,2,4,2,5.0,,0.0,0,1958.0,B01,138Â 206Â 830,1.0,-1.0,-1.0,1726159,1.0,7,,0.0,2.0,3.0,C01,138Â 206Â 829,1.0
1011236,201900052767,5,26,16:45,1,1,1,1.0,5.0,15157,"Route nationale 122, plateau de quezac",M,"44,7475050","2,1945540",15,2019,80.0,1.0,1.0,2.0,2261370,2.0,2,4,2,5.0,,0.0,0,1958.0,B01,138Â 206Â 830,1.0,-1.0,-1.0,1726160,1.0,7,,0.0,2.0,1.0,B01,138Â 206Â 830,1.0
1011236,201900052767,5,26,16:45,1,1,1,1.0,5.0,15157,"Route nationale 122, plateau de quezac",M,"44,7475050","2,1945540",15,2019,80.0,1.0,1.0,2.0,2261370,2.0,2,4,2,5.0,,0.0,0,1958.0,B01,138Â 206Â 830,1.0,-1.0,-1.0,1726161,2.0,7,,0.0,2.0,1.0,A01,138Â 206Â 831,1.0
1011236,201900052767,5,26,16:45,1,1,1,1.0,5.0,15157,"Route nationale 122, plateau de quezac",M,"44,7475050","2,1945540",15,2019,80.0,1.0,1.0,2.0,2261371,1.0,1,4,1,5.0,,0.0,0,1935.0,A01,138Â 206Â 831,1.0,-1.0,-1.0,1726159,1.0,7,,0.0,2.0,3.0,C01,138Â 206Â 829,1.0
1011236,201900052767,5,26,16:45,1,1,1,1.0,5.0,15157,"Route nationale 122, plateau de quezac",M,"44,7475050","2,1945540",15,2019,80.0,1.0,1.0,2.0,2261371,1.0,1,4,1,5.0,,0.0,0,1935.0,A01,138Â 206Â 831,1.0,-1.0,-1.0,1726160,1.0,7,,0.0,2.0,1.0,B01,138Â 206Â 830,1.0
1011236,201900052767,5,26,16:45,1,1,1,1.0,5.0,15157,"Route nationale 122, plateau de quezac",M,"44,7475050","2,1945540",15,2019,80.0,1.0,1.0,2.0,2261371,1.0,1,4,1,5.0,,0.0,0,1935.0,A01,138Â 206Â 831,1.0,-1.0,-1.0,1726161,2.0,7,,0.0,2.0,1.0,A01,138Â 206Â 831,1.0
1011237,201900052768,5,24,14:50,1,1,2,1.0,6.0,15267,route dÃ©partementale RD18,M,"44,9226500","2,4001710",15,2019,80.0,3.0,1.0,3.0,2261372,1.0,1,3,1,0.0,,0.0,0,1927.0,A01,138Â 206Â 828,1.0,-1.0,-1.0,1726162,2.0,7,,13.0,0.0,2.0,A01,138Â 206Â 828,1.0
1011237,201900052768,5,24,14:50,1,1,2,1.0,6.0,15267,route dÃ©partementale RD18,M,"44,9226500","2,4001710",15,2019,80.0,3.0,1.0,3.0,2261373,2.0,2,2,2,0.0,,0.0,0,1929.0,A01,138Â 206Â 828,1.0,-1.0,-1.0,1726162,2.0,7,,13.0,0.0,2.0,A01,138Â 206Â 828,1.0
1011238,201900052769,5,2,18:35,1,1,2,1.0,2.0,01295,D933,M,"46,1358220","4,8022450",1,2019,50.0,1.0,1.0,3.0,2261374,1.0,1,1,1,1.0,,0.0,0,1967.0,A01,138Â 206Â 826,8.0,-1.0,-1.0,1726163,2.0,7,,0.0,2.0,1.0,A01,138Â 206Â 826,1.0
1011238,201900052769,5,2,18:35,1,1,2,1.0,2.0,01295,D933,M,"46,1358220","4,8022450",1,2019,50.0,1.0,1.0,3.0,2261374,1.0,1,1,1,1.0,,0.0,0,1967.0,A01,138Â 206Â 826,8.0,-1.0,-1.0,1726164,2.0,7,,0.0,0.0,4.0,B01,138Â 206Â 827,1.0
1011238,201900052769,5,2,18:35,1,1,2,1.0,2.0,01295,D933,M,"46,1358220","4,8022450",1,2019,50.0,1.0,1.0,3.0,2261375,1.0,1,4,2,3.0,,0.0,0,1970.0,B01,138Â 206Â 827,8.0,-1.0,-1.0,1726163,2.0,7,,0.0,2.0,1.0,A01,138Â 206Â 826,1.0
1011238,201900052769,5,2,18:35,1,1,2,1.0,2.0,01295,D933,M,"46,1358220","4,8022450",1,2019,50.0,1.0,1.0,3.0,2261375,1.0,1,4,2,3.0,,0.0,0,1970.0,B01,138Â 206Â 827,8.0,-1.0,-1.0,1726164,2.0,7,,0.0,0.0,4.0,B01,138Â 206Â 827,1.0
1011238,201900052769,5,2,18:35,1,1,2,1.0,2.0,01295,D933,M,"46,1358220","4,8022450",1,2019,50.0,1.0,1.0,3.0,2261376,8.0,2,4,2,3.0,,0.0,0,2014.0,B01,138Â 206Â 827,8.0,-1.0,-1.0,1726163,2.0,7,,0.0,2.0,1.0,A01,138Â 206Â 826,1.0
1011238,201900052769,5,2,18:35,1,1,2,1.0,2.0,01295,D933,M,"46,1358220","4,8022450",1,2019,50.0,1.0,1.0,3.0,2261376,8.0,2,4,2,3.0,,0.0,0,2014.0,B01,138Â 206Â 827,8.0,-1.0,-1.0,1726164,2.0,7,,0.0,0.0,4.0,B01,138Â 206Â 827,1.0
1011239,201900052770,5,30,08:20,1,1,4,1.0,3.0,01068,RD 1084,M,"46,0756070","5,4728710",1,2019,80.0,1.0,1.0,3.0,2261377,1.0,1,2,2,5.0,,0.0,0,1963.0,B01,138Â 206Â 824,2.0,6.0,9.0,1726165,2.0,33,,0.0,2.0,1.0,B01,138Â 206Â 824,1.0
1011239,201900052770,5,30,08:20,1,1,4,1.0,3.0,01068,RD 1084,M,"46,0756070","5,4728710",1,2019,80.0,1.0,1.0,3.0,2261377,1.0,1,2,2,5.0,,0.0,0,1963.0,B01,138Â 206Â 824,2.0,6.0,9.0,1726166,3.0,10,,0.0,2.0,2.0,A01,138Â 206Â 825,1.0
1011239,201900052770,5,30,08:20,1,1,4,1.0,3.0,01068,RD 1084,M,"46,0756070","5,4728710",1,2019,80.0,1.0,1.0,3.0,2261378,1.0,1,1,1,5.0,,0.0,0,1944.0,A01,138Â 206Â 825,1.0,-1.0,-1.0,1726165,2.0,33,,0.0,2.0,1.0,B01,138Â 206Â 824,1.0
1011239,201900052770,5,30,08:20,1,1,4,1.0,3.0,01068,RD 1084,M,"46,0756070","5,4728710",1,2019,80.0,1.0,1.0,3.0,2261378,1.0,1,1,1,5.0,,0.0,0,1944.0,A01,138Â 206Â 825,1.0,-1.0,-1.0,1726166,3.0,10,,0.0,2.0,2.0,A01,138Â 206Â 825,1.0
1011240,201900052771,5,12,03:45,3,1,1,1.0,6.0,01199,RD 36,M,"46,0513750","5,3884000",1,2019,80.0,3.0,1.0,3.0,2261379,2.0,2,4,1,5.0,,0.0,0,2001.0,A01,138Â 206Â 823,1.0,-1.0,-1.0,1726167,1.0,7,,6.0,0.0,8.0,A01,138Â 206Â 823,1.0
1011240,201900052771,5,12,03:45,3,1,1,1.0,6.0,01199,RD 36,M,"46,0513750","5,3884000",1,2019,80.0,3.0,1.0,3.0,2261380,1.0,1,3,1,5.0,,0.0,0,2001.0,A01,138Â 206Â 823,1.0,-1.0,-1.0,1726167,1.0,7,,6.0,0.0,8.0,A01,138Â 206Â 823,1.0
1011241,201900052772,5,25,21:00,2,2,1,2.0,6.0,01267,Route du Moulin RD11,M,"46,1895470","5,5246780",1,2019,50.0,3.0,2.0,3.0,2261381,1.0,1,3,1,5.0,,0.0,0,1999.0,A01,138Â 206Â 822,1.0,-1.0,-1.0,1726168,2.0,7,,2.0,0.0,7.0,A01,138Â 206Â 822,1.0
1011241,201900052772,5,25,21:00,2,2,1,2.0,6.0,01267,Route du Moulin RD11,M,"46,1895470","5,5246780",1,2019,50.0,3.0,2.0,3.0,2261382,4.0,2,3,1,5.0,,0.0,0,1999.0,A01,138Â 206Â 822,1.0,-1.0,-1.0,1726168,2.0,7,,2.0,0.0,7.0,A01,138Â 206Â 822,1.0
1011241,201900052772,5,25,21:00,2,2,1,2.0,6.0,01267,Route du Moulin RD11,M,"46,1895470","5,5246780",1,2019,50.0,3.0,2.0,3.0,2261383,2.0,2,2,1,5.0,,0.0,0,2000.0,A01,138Â 206Â 822,1.0,-1.0,-1.0,1726168,2.0,7,,2.0,0.0,7.0,A01,138Â 206Â 822,1.0
1011242,201900052773,5,30,15:50,1,1,1,1.0,7.0,01010,route du grand colombier,M,"45,8882330","5,7806550",1,2019,80.0,1.0,1.0,3.0,2261384,1.0,1,3,1,5.0,,0.0,0,1978.0,A01,138Â 206Â 821,2.0,-1.0,-1.0,1726169,1.0,33,,14.0,0.0,1.0,A01,138Â 206Â 821,1.0
1011243,201900052774,5,20,16:00,1,1,1,2.0,1.0,01452,route de thezillieu,M,"45,8481950","5,6431750",1,2019,80.0,1.0,2.0,3.0,2261385,1.0,1,3,1,0.0,,0.0,0,1993.0,B01,138Â 206Â 819,2.0,6.0,-1.0,1726170,1.0,2,,0.0,2.0,1.0,B01,138Â 206Â 819,0.0
1011243,201900052774,5,20,16:00,1,1,1,2.0,1.0,01452,route de thezillieu,M,"45,8481950","5,6431750",1,2019,80.0,1.0,2.0,3.0,2261385,1.0,1,3,1,0.0,,0.0,0,1993.0,B01,138Â 206Â 819,2.0,6.0,-1.0,1726171,2.0,7,,0.0,2.0,1.0,A01,138Â 206Â 820,0.0
1011243,201900052774,5,20,16:00,1,1,1,2.0,1.0,01452,route de thezillieu,M,"45,8481950","5,6431750",1,2019,80.0,1.0,2.0,3.0,2261386,1.0,1,1,1,1.0,,0.0,0,1987.0,A01,138Â 206Â 820,1.0,-1.0,-1.0,1726170,1.0,2,,0.0,2.0,1.0,B01,138Â 206Â 819,0.0
1011243,201900052774,5,20,16:00,1,1,1,2.0,1.0,01452,route de thezillieu,M,"45,8481950","5,6431750",1,2019,80.0,1.0,2.0,3.0,2261386,1.0,1,1,1,1.0,,0.0,0,1987.0,A01,138Â 206Â 820,1.0,-1.0,-1.0,1726171,2.0,7,,0.0,2.0,1.0,A01,138Â 206Â 820,0.0
1011244,201900052775,5,3,19:35,1,1,1,1.0,7.0,01407,quai de la gare d'eau,M,"45,9468680","5,8319950",1,2019,-1.0,1.0,9.0,9.0,2261387,1.0,1,3,1,5.0,,0.0,0,2001.0,A01,138Â 206Â 817,2.0,6.0,-1.0,1726172,3.0,2,,0.0,0.0,7.0,A01,138Â 206Â 817,1.0
1011245,201900052776,5,31,00:00,4,2,2,1.0,1.0,01159,intersection grande rue et route de brux,M,"46,3400720","4,8931450",1,2019,50.0,1.0,1.0,3.0,2261388,1.0,1,1,1,5.0,,0.0,0,1988.0,A01,138Â 206Â 815,1.0,-1.0,-1.0,1726173,2.0,7,,0.0,2.0,1.0,A01,138Â 206Â 815,1.0