Unnamed: 0_x,num_acc,mois,jour,hrmn,lum,agg,int,atm,col,com,adr,gps,lat,long,dep,annee,vma,situ,surf,catr,Unnamed: 0_y,place,catu,grav,sexe,trajet,secu,locp,actp,an_nais,num_veh_x,id_vehicule_x,secu1,secu2,secu3,Unnamed: 0,senc,catv,occutc,obs,obsm,choc,num_veh_y,id_vehicule_y,motor
1011245,201900052776,5,31,00:00,4,2,2,1.0,1.0,01159,intersection grande rue et route de brux,M,"46,3400720","4,8931450",1,2019,50.0,1.0,1.0,3.0,2261388,1.0,1,1,1,5.0,,0.0,0,1988.0,A01,138Â 206Â 815,1.0,-1.0,-1.0,1726174,1.0,2,,0.0,2.0,1.0,B01,138Â 206Â 816,1.0
1011245,201900052776,5,31,00:00,4,2,2,1.0,1.0,01159,intersection grande rue et route de brux,M,"46,3400720","4,8931450",1,2019,50.0,1.0,1.0,3.0,2261389,1.0,1,4,1,5.0,,0.0,0,1999.0,B01,138Â 206Â 816,2.0,-1.0,-1.0,1726173,2.0,7,,0.0,2.0,1.0,A01,138Â 206Â 815,1.0
1011245,201900052776,5,31,00:00,4,2,2,1.0,1.0,01159,intersection grande rue et route de brux,M,"46,3400720","4,8931450",1,2019,50.0,1.0,1.0,3.0,2261389,1.0,1,4,1,5.0,,0.0,0,1999.0,B01,138Â 206Â 816,2.0,-1.0,-1.0,1726174,1.0,2,,0.0,2.0,1.0,B01,138Â 206Â 816,1.0
1011246,201900052777,5,28,18:04,1,2,2,1.0,6.0,01305,Rue MarÃ©chal de Lattre de Tassigny,M,"46,4325790","4,9375970",1,2019,50.0,1.0,1.0,3.0,2261390,1.0,1,1,2,5.0,,0.0,0,1939.0,A01,138Â 206Â 814,1.0,-1.0,-1.0,1726175,1.0,7,,0.0,1.0,2.0,A01,138Â 206Â 814,1.0
1011246,201900052777,5,28,18:04,1,2,2,1.0,6.0,01305,Rue MarÃ©chal de Lattre de Tassigny,M,"46,4325790","4,9375970",1,2019,50.0,1.0,1.0,3.0,2261391,2.0,2,1,2,5.0,,0.0,0,1933.0,A01,138Â 206Â 814,1.0,-1.0,-1.0,1726175,1.0,7,,0.0,1.0,2.0,A01,138Â 206Â 814,1.0
1011246,201900052777,5,28,18:04,1,2,2,1.0,6.0,01305,Rue MarÃ©chal de Lattre de Tassigny,M,"46,4325790","4,9375970",1,2019,50.0,1.0,1.0,3.0,2261392,10.0,3,4,1,1.0,,3.0,3,1989.0,A01,138Â 206Â 814,0.0,-1.0,-1.0,1726175,1.0,7,,0.0,1.0,2.0,A01,138Â 206Â 814,1.0
1011247,201900052778,5,10,09:44,1,1,1,8.0,5.0,85067,LE PUY VISET,M,"46,6818200"," -0,7959500",85,2019,70.0,1.0,2.0,3.0,2261393,1.0,1,1,1,4.0,,0.0,0,1961.0,A01,138Â 206Â 810,1.0,-1.0,-1.0,1726176,1.0,14,,0.0,2.0,3.0,A01,138Â 206Â 810,1.0
1011247,201900052778,5,10,09:44,1,1,1,8.0,5.0,85067,LE PUY VISET,M,"46,6818200"," -0,7959500",85,2019,70.0,1.0,2.0,3.0,2261393,1.0,1,1,1,4.0,,0.0,0,1961.0,A01,138Â 206Â 810,1.0,-1.0,-1.0,1726177,2.0,2,,0.0,2.0,1.0,B01,138Â 206Â 811,1.0
1011247,201900052778,5,10,09:44,1,1,1,8.0,5.0,85067,LE PUY VISET,M,"46,6818200"," -0,7959500",85,2019,70.0,1.0,2.0,3.0,2261393,1.0,1,1,1,4.0,,0.0,0,1961.0,A01,138Â 206Â 810,1.0,-1.0,-1.0,1726178,2.0,2,,0.0,0.0,0.0,C01,138Â 206Â 812,1.0
1011247,201900052778,5,10,09:44,1,1,1,8.0,5.0,85067,LE PUY VISET,M,"46,6818200"," -0,7959500",85,2019,70.0,1.0,2.0,3.0,2261393,1.0,1,1,1,4.0,,0.0,0,1961.0,A01,138Â 206Â 810,1.0,-1.0,-1.0,1726179,1.0,2,,0.0,0.0,0.0,D01,138Â 206Â 813,1.0
1011247,201900052778,5,10,09:44,1,1,1,8.0,5.0,85067,LE PUY VISET,M,"46,6818200"," -0,7959500",85,2019,70.0,1.0,2.0,3.0,2261394,1.0,1,2,1,2.0,,0.0,0,2002.0,B01,138Â 206Â 811,2.0,-1.0,-1.0,1726176,1.0,14,,0.0,2.0,3.0,A01,138Â 206Â 810,1.0
1011247,201900052778,5,10,09:44,1,1,1,8.0,5.0,85067,LE PUY VISET,M,"46,6818200"," -0,7959500",85,2019,70.0,1.0,2.0,3.0,2261394,1.0,1,2,1,2.0,,0.0,0,2002.0,B01,138Â 206Â 811,2.0,-1.0,-1.0,1726177,2.0,2,,0.0,2.0,1.0,B01,138Â 206Â 811,1.0
1011247,201900052778,5,10,09:44,1,1,1,8.0,5.0,85067,LE PUY VISET,M,"46,6818200"," -0,7959500",85,2019,70.0,1.0,2.0,3.0,2261394,1.0,1,2,1,2.0,,0.0,0,2002.0,B01,138Â 206Â 811,2.0,-1.0,-1.0,1726178,2.0,2,,0.0,0.0,0.0,C01,138Â 206Â 812,1.0
1011247,201900052778,5,10,09:44,1,1,1,8.0,5.0,85067,LE PUY VISET,M,"46,6818200"," -0,7959500",85,2019,70.0,1.0,2.0,3.0,2261394,1.0,1,2,1,2.0,,0.0,0,2002.0,B01,138Â 206Â 811,2.0,-1.0,-1.0,1726179,1.0,2,,0.0,0.0,0.0,D01,138Â 206Â 813,1.0
1011247,201900052778,5,10,09:44,1,1,1,8.0,5.0,85067,LE PUY VISET,M,"46,6818200"," -0,7959500",85,2019,70.0,1.0,2.0,3.0,2261395,1.0,1,1,1,2.0,,0.0,0,2002.0,C01,138Â 206Â 812,2.0,-1.0,-1.0,1726176,1.0,14,,0.0,2.0,3.0,A01,138Â 206Â 810,1.0
1011247,201900052778,5,10,09:44,1,1,1,8.0,5.0,85067,LE PUY VISET,M,"46,6818200"," -0,7959500",85,2019,70.0,1.0,2.0,3.0,2261395,1.0,1,1,1,2.0,,0.0,0,2002.0,C01,138Â 206Â 812,2.0,-1.0,-1.0,1726177,2.0,2,,0.0,2.0,1.0,B01,138Â 206Â 811,1.0
1011247,201900052778,5,10,09:44,1,1,1,8.0,5.0,85067,LE PUY VISET,M,"46,6818200"," -0,7959500",85,2019,70.0,1.0,2.0,3.0,2261395,1.0,1,1,1,2.0,,0.0,0,2002.0,C01,138Â 206Â 812,2.0,-1.0,-1.0,1726178,2.0,2,,0.0,0.0,0.0,C01,138Â 206Â 812,1.0
1011247,201900052778,5,10,09:44,1,1,1,8.0,5.0,85067,LE PUY VISET,M,"46,6818200"," -0,7959500",85,2019,70.0,1.0,2.0,3.0,2261395,1.0,1,1,1,2.0,,0.0,0,2002.0,C01,138Â 206Â 812,2.0,-1.0,-1.0,1726179,1.0,2,,0.0,0.0,0.0,D01,138Â 206Â 813,1.0
1011247,201900052778,5,10,09:44,1,1,1,8.0,5.0,85067,LE PUY VISET,M,"46,6818200"," -0,7959500",85,2019,70.0,1.0,2.0,3.0,2261396,1.0,1,1,1,0.0,,0.0,0,1984.0,D01,138Â 206Â 813,2.0,-1.0,-1.0,1726176,1.0,14,,0.0,2.0,3.0,A01,138Â 206Â 810,1.0
1011247,201900052778,5,10,09:44,1,1,1,8.0,5.0,85067,LE PUY VISET,M,"46,6818200"," -0,7959500",85,2019,70.0,1.0,2.0,3.0,2261396,1.0,1,1,1,0.0,,0.0,0,1984.0,D01,138Â 206Â 813,2.0,-1.0,-1.0,1726177,2.0,2,,0.0,2.0,1.0,B01,138Â 206Â 811,1.0
1011247,201900052778,5,10,09:44,1,1,1,8.0,5.0,85067,LE PUY VISET,M,"46,6818200"," -0,7959500",85,2019,70.0,1.0,2.0,3.0,2261396,1.0,1,1,1,0.0,,0.0,0,1984.0,D01,138Â 206Â 813,2.0,-1.0,-1.0,1726178,2.0,2,,0.0,0.0,0.0,C01,138Â 206Â 812,1.0
1011247,201900052778,5,10,09:44,1,1,1,8.0,5.0,85067,LE PUY VISET,M,"46,6818200"," -0,7959500",85,2019,70.0,1.0,2.0,3.0,2261396,1.0,1,1,1,0.0,,0.0,0,1984.0,D01,138Â 206Â 813,2.0,-1.0,-1.0,1726179,1.0,2,,0.0,0.0,0.0,D01,138Â 206Â 813,1.0
1011248,201900052779,5,24,17:30,1,2,1,1.0,6.0,70311,Rue Jules Jeanneney,M,"47,8144400","6,3812430",70,2019,50.0,1.0,1.0,4.0,2261397,10.0,3,3,2,5.0,,3.0,3,1931.0,A01,138Â 206Â 809,0.0,-1.0,-1.0,1726180,0.0,7,,0.0,1.0,4.0,A01,138Â 206Â 809,1.0
1011248,201900052779,5,24,17:30,1,2,1,1.0,6.0,70311,Rue Jules Jeanneney,M,"47,8144400","6,3812430",70,2019,50.0,1.0,1.0,4.0,2261398,1.0,1,1,1,5.0,,0.0,0,1979.0,A01,138Â 206Â 809,1.0,-1.0,-1.0,1726180,0.0,7,,0.0,1.0,4.0,A01,138Â 206Â 809,1.0
1011249,201900052780,5,23,16:10,1,1,1,1.0,3.0,70413,"Rue Brosset, CD 4",M,"47,7049920","6,7216970",70,2019,70.0,1.0,1.0,3.0,2261399,1.0,1,3,1,5.0,,0.0,0,1958.0,B01,138Â 206Â 807,2.0,-1.0,-1.0,1726181,1.0,1,,0.0,9.0,8.0,B01,138Â 206Â 807,5.0
1011249,201900052780,5,23,16:10,1,1,1,1.0,3.0,70413,"Rue Brosset, CD 4",M,"47,7049920","6,7216970",70,2019,70.0,1.0,1.0,3.0,2261399,1.0,1,3,1,5.0,,0.0,0,1958.0,B01,138Â 206Â 807,2.0,-1.0,-1.0,1726182,1.0,17,,0.0,0.0,2.0,A01,138Â 206Â 808,0.0
1011250,201900052781,5,17,18:45,1,1,4,2.0,1.0,70063,route de servance,M,"47,7743540","6,6203520",70,2019,70.0,1.0,1.0,3.0,2261400,1.0,1,3,1,5.0,,0.0,0,2001.0,A01,138Â 206Â 805,1.0,-1.0,-1.0,1726183,2.0,7,,0.0,2.0,1.0,A01,138Â 206Â 805,0.0
1011250,201900052781,5,17,18:45,1,1,4,2.0,1.0,70063,route de servance,M,"47,7743540","6,6203520",70,2019,70.0,1.0,1.0,3.0,2261400,1.0,1,3,1,5.0,,0.0,0,2001.0,A01,138Â 206Â 805,1.0,-1.0,-1.0,1726184,1.0,7,,0.0,2.0,1.0,B01,138Â 206Â 806,0.0
1011250,201900052781,5,17,18:45,1,1,4,2.0,1.0,70063,route de servance,M,"47,7743540","6,6203520",70,2019,70.0,1.0,1.0,3.0,2261401,1.0,1,3,1,3.0,,0.0,0,1971.0,B01,138Â 206Â 806,1.0,-1.0,-1.0,1726183,2.0,7,,0.0,2.0,1.0,A01,138Â 206Â 805,0.0
1011250,201900052781,5,17,18:45,1,1,4,2.0,1.0,70063,route de servance,M,"47,7743540","6,6203520",70,2019,70.0,1.0,1.0,3.0,2261401,1.0,1,3,1,3.0,,0.0,0,1971.0,B01,138Â 206Â 806,1.0,-1.0,-1.0,1726184,1.0,7,,0.0,2.0,1.0,B01,138Â 206Â 806,0.0
1011251,201900052782,5,11,19:40,2,1,1,8.0,6.0,70104,RD 474,M,"47,4244190","5,8380890",70,2019,80.0,3.0,2.0,3.0,2261402,1.0,1,3,1,0.0,,0.0,0,1991.0,A01,138Â 206Â 804,8.0,-1.0,-1.0,1726185,1.0,7,,8.0,9.0,8.0,A01,138Â 206Â 804,1.0
1011252,201900052783,5,6,00:15,3,1,1,1.0,1.0,70122,MONTVAUDON,M,"47,6693890","5,4178080",70,2019,80.0,1.0,1.0,3.0,2261403,1.0,1,3,1,1.0,,0.0,0,1997.0,A01,138Â 206Â 802,1.0,-1.0,-1.0,1726186,1.0,7,,0.0,2.0,1.0,A01,138Â 206Â 802,1.0
1011252,201900052783,5,6,00:15,3,1,1,1.0,1.0,70122,MONTVAUDON,M,"47,6693890","5,4178080",70,2019,80.0,1.0,1.0,3.0,2261403,1.0,1,3,1,1.0,,0.0,0,1997.0,A01,138Â 206Â 802,1.0,-1.0,-1.0,1726187,2.0,7,,0.0,2.0,1.0,B01,138Â 206Â 803,1.0
1011252,201900052783,5,6,00:15,3,1,1,1.0,1.0,70122,MONTVAUDON,M,"47,6693890","5,4178080",70,2019,80.0,1.0,1.0,3.0,2261404,1.0,1,3,1,1.0,,0.0,0,1995.0,B01,138Â 206Â 803,1.0,-1.0,-1.0,1726186,1.0,7,,0.0,2.0,1.0,A01,138Â 206Â 802,1.0
1011252,201900052783,5,6,00:15,3,1,1,1.0,1.0,70122,MONTVAUDON,M,"47,6693890","5,4178080",70,2019,80.0,1.0,1.0,3.0,2261404,1.0,1,3,1,1.0,,0.0,0,1995.0,B01,138Â 206Â 803,1.0,-1.0,-1.0,1726187,2.0,7,,0.0,2.0,1.0,B01,138Â 206Â 803,1.0
1011253,201900052784,5,16,07:40,1,1,1,1.0,1.0,70381,D77,M,"47,5788170","6,1936480",70,2019,80.0,1.0,1.0,3.0,2261405,1.0,1,4,2,1.0,,0.0,0,1995.0,B01,138Â 206Â 800,1.0,-1.0,-1.0,1726188,2.0,7,,0.0,0.0,1.0,B01,138Â 206Â 800,1.0
1011253,201900052784,5,16,07:40,1,1,1,1.0,1.0,70381,D77,M,"47,5788170","6,1936480",70,2019,80.0,1.0,1.0,3.0,2261405,1.0,1,4,2,1.0,,0.0,0,1995.0,B01,138Â 206Â 800,1.0,-1.0,-1.0,1726189,1.0,7,,0.0,0.0,1.0,A01,138Â 206Â 801,1.0
1011253,201900052784,5,16,07:40,1,1,1,1.0,1.0,70381,D77,M,"47,5788170","6,1936480",70,2019,80.0,1.0,1.0,3.0,2261406,1.0,1,3,2,1.0,,0.0,0,1999.0,A01,138Â 206Â 801,1.0,-1.0,-1.0,1726188,2.0,7,,0.0,0.0,1.0,B01,138Â 206Â 800,1.0
1011253,201900052784,5,16,07:40,1,1,1,1.0,1.0,70381,D77,M,"47,5788170","6,1936480",70,2019,80.0,1.0,1.0,3.0,2261406,1.0,1,3,2,1.0,,0.0,0,1999.0,A01,138Â 206Â 801,1.0,-1.0,-1.0,1726189,1.0,7,,0.0,0.0,1.0,A01,138Â 206Â 801,1.0
1011254,201900052785,5,4,06:00,2,1,1,1.0,6.0,26086,RD 539,M,"44,6938350","5,4830220",26,2019,80.0,3.0,1.0,3.0,2261407,1.0,1,4,1,5.0,,0.0,0,1995.0,A01,138Â 206Â 798,8.0,-1.0,-1.0,1726190,1.0,7,,2.0,0.0,1.0,A01,138Â 206Â 798,1.0
1011255,201900052786,5,2,21:20,3,1,1,8.0,6.0,26299,ROUTE DE DIE,M,"44,7627750","5,3018050",26,2019,80.0,1.0,2.0,3.0,2261408,10.0,3,4,1,5.0,,1.0,3,1986.0,A01,138Â 206Â 797,0.0,-1.0,-1.0,1726191,2.0,7,,0.0,1.0,3.0,A01,138Â 206Â 797,1.0
1011255,201900052786,5,2,21:20,3,1,1,8.0,6.0,26299,ROUTE DE DIE,M,"44,7627750","5,3018050",26,2019,80.0,1.0,2.0,3.0,2261409,2.0,2,1,2,5.0,,0.0,0,1974.0,A01,138Â 206Â 797,1.0,-1.0,-1.0,1726191,2.0,7,,0.0,1.0,3.0,A01,138Â 206Â 797,1.0
1011255,201900052786,5,2,21:20,3,1,1,8.0,6.0,26299,ROUTE DE DIE,M,"44,7627750","5,3018050",26,2019,80.0,1.0,2.0,3.0,2261410,1.0,1,1,2,5.0,,0.0,0,1972.0,A01,138Â 206Â 797,1.0,-1.0,-1.0,1726191,2.0,7,,0.0,1.0,3.0,A01,138Â 206Â 797,1.0
1011256,201900052787,5,7,15:15,1,1,1,1.0,3.0,26011,RD 93 - PK 21+200,M,"44,7148890","5,0685190",26,2019,80.0,1.0,1.0,3.0,2261411,1.0,1,3,2,5.0,,0.0,0,1960.0,A01,138Â 206Â 795,0.0,-1.0,-1.0,1726192,2.0,1,,0.0,2.0,8.0,A01,138Â 206Â 795,5.0
1011256,201900052787,5,7,15:15,1,1,1,1.0,3.0,26011,RD 93 - PK 21+200,M,"44,7148890","5,0685190",26,2019,80.0,1.0,1.0,3.0,2261411,1.0,1,3,2,5.0,,0.0,0,1960.0,A01,138Â 206Â 795,0.0,-1.0,-1.0,1726193,1.0,7,,0.0,2.0,3.0,B01,138Â 206Â 796,1.0
1011256,201900052787,5,7,15:15,1,1,1,1.0,3.0,26011,RD 93 - PK 21+200,M,"44,7148890","5,0685190",26,2019,80.0,1.0,1.0,3.0,2261412,1.0,1,1,2,3.0,,0.0,0,1952.0,B01,138Â 206Â 796,1.0,-1.0,-1.0,1726192,2.0,1,,0.0,2.0,8.0,A01,138Â 206Â 795,5.0
1011256,201900052787,5,7,15:15,1,1,1,1.0,3.0,26011,RD 93 - PK 21+200,M,"44,7148890","5,0685190",26,2019,80.0,1.0,1.0,3.0,2261412,1.0,1,1,2,3.0,,0.0,0,1952.0,B01,138Â 206Â 796,1.0,-1.0,-1.0,1726193,1.0,7,,0.0,2.0,3.0,B01,138Â 206Â 796,1.0
1011257,201900052788,5,23,11:25,1,2,1,7.0,6.0,26006,MontÃ©e de Laye,M,"44,7646810","4,9159220",26,2019,50.0,1.0,1.0,4.0,2261413,10.0,3,4,1,2.0,,2.0,3,2014.0,A01,138Â 206Â 794,0.0,-1.0,-1.0,1726194,3.0,7,,0.0,1.0,3.0,A01,138Â 206Â 794,1.0
1011257,201900052788,5,23,11:25,1,2,1,7.0,6.0,26006,MontÃ©e de Laye,M,"44,7646810","4,9159220",26,2019,50.0,1.0,1.0,4.0,2261414,1.0,1,1,2,0.0,,0.0,0,1955.0,A01,138Â 206Â 794,1.0,-1.0,-1.0,1726194,3.0,7,,0.0,1.0,3.0,A01,138Â 206Â 794,1.0
1011258,201900052789,5,2,01:15,5,2,1,1.0,1.0,26165,Avenue Joseph Combier,M,"44,7701100","4,8415690",26,2019,50.0,5.0,1.0,2.0,2261415,1.0,1,1,1,1.0,,0.0,0,1962.0,B01,138Â 206Â 792,1.0,-1.0,-1.0,1726195,1.0,7,,0.0,2.0,1.0,B01,138Â 206Â 792,0.0
1011258,201900052789,5,2,01:15,5,2,1,1.0,1.0,26165,Avenue Joseph Combier,M,"44,7701100","4,8415690",26,2019,50.0,5.0,1.0,2.0,2261415,1.0,1,1,1,1.0,,0.0,0,1962.0,B01,138Â 206Â 792,1.0,-1.0,-1.0,1726196,2.0,34,,0.0,2.0,1.0,A01,138Â 206Â 793,0.0
1011258,201900052789,5,2,01:15,5,2,1,1.0,1.0,26165,Avenue Joseph Combier,M,"44,7701100","4,8415690",26,2019,50.0,5.0,1.0,2.0,2261416,1.0,1,3,1,0.0,,0.0,0,1999.0,A01,138Â 206Â 793,2.0,-1.0,-1.0,1726195,1.0,7,,0.0,2.0,1.0,B01,138Â 206Â 792,0.0
1011258,201900052789,5,2,01:15,5,2,1,1.0,1.0,26165,Avenue Joseph Combier,M,"44,7701100","4,8415690",26,2019,50.0,5.0,1.0,2.0,2261416,1.0,1,3,1,0.0,,0.0,0,1999.0,A01,138Â 206Â 793,2.0,-1.0,-1.0,1726196,2.0,34,,0.0,2.0,1.0,A01,138Â 206Â 793,0.0
1011259,201900052790,4,24,18:00,1,1,1,7.0,6.0,58032,Route d'Etais,M,"47,4825870","3,3956420",58,2019,80.0,3.0,1.0,3.0,2261417,1.0,1,2,1,5.0,,0.0,0,1987.0,A01,138Â 206Â 791,1.0,-1.0,-1.0,1726197,1.0,7,,8.0,0.0,1.0,A01,138Â 206Â 791,1.0
1011260,201900052791,5,22,21:15,2,1,1,1.0,6.0,58164,d907,M,"47,2122700","3,0075360",58,2019,80.0,3.0,1.0,3.0,2261418,1.0,1,2,2,5.0,,0.0,0,1983.0,A01,138Â 206Â 790,1.0,-1.0,-1.0,1726198,0.0,7,,2.0,0.0,3.0,A01,138Â 206Â 790,1.0
1011260,201900052791,5,22,21:15,2,1,1,1.0,6.0,58164,d907,M,"47,2122700","3,0075360",58,2019,80.0,3.0,1.0,3.0,2261419,9.0,2,3,1,5.0,,0.0,0,2013.0,A01,138Â 206Â 790,8.0,-1.0,-1.0,1726198,0.0,7,,2.0,0.0,3.0,A01,138Â 206Â 790,1.0
1011261,201900052792,5,18,05:55,2,2,1,1.0,6.0,58188,Route de VÃ©zelay,M,"47,2561050","3,1870100",58,2019,80.0,3.0,1.0,2.0,2261420,1.0,1,2,1,5.0,,0.0,0,1994.0,A01,138Â 206Â 789,0.0,-1.0,-1.0,1726199,1.0,7,,17.0,0.0,3.0,A01,138Â 206Â 789,1.0
1011261,201900052792,5,18,05:55,2,2,1,1.0,6.0,58188,Route de VÃ©zelay,M,"47,2561050","3,1870100",58,2019,80.0,3.0,1.0,2.0,2261421,2.0,2,3,1,5.0,,0.0,0,1986.0,A01,138Â 206Â 789,0.0,-1.0,-1.0,1726199,1.0,7,,17.0,0.0,3.0,A01,138Â 206Â 789,1.0
1011261,201900052792,5,18,05:55,2,2,1,1.0,6.0,58188,Route de VÃ©zelay,M,"47,2561050","3,1870100",58,2019,80.0,3.0,1.0,2.0,2261422,2.0,2,3,2,5.0,,0.0,0,1990.0,A01,138Â 206Â 789,1.0,-1.0,-1.0,1726199,1.0,7,,17.0,0.0,3.0,A01,138Â 206Â 789,1.0
1011262,201900052793,5,17,10:00,1,1,1,8.0,6.0,58264,RN 7 - PR 93+800,M,"46,7879790","3,1261330",58,2019,110.0,3.0,1.0,2.0,2261423,1.0,1,4,2,5.0,,0.0,0,1951.0,A01,138Â 206Â 788,1.0,-1.0,-1.0,1726200,2.0,7,,17.0,0.0,2.0,A01,138Â 206Â 788,1.0
1011263,201900052794,5,15,16:10,1,1,1,1.0,6.0,58060,Route de Geneve,M,"46,7852980","3,6085890",58,2019,80.0,8.0,1.0,3.0,2261424,1.0,1,4,1,5.0,,0.0,0,1968.0,A01,138Â 206Â 787,1.0,-1.0,-1.0,1726201,1.0,7,,9.0,0.0,0.0,A01,138Â 206Â 787,1.0
1011264,201900052795,5,14,20:00,1,2,1,1.0,3.0,58151,Rue Louis-Henri Roblin,M,"46,8899560","3,4686410",58,2019,50.0,1.0,1.0,3.0,2261425,1.0,1,1,2,5.0,,0.0,0,1996.0,B01,138Â 206Â 785,8.0,-1.0,-1.0,1726202,0.0,7,,0.0,0.0,6.0,B01,138Â 206Â 785,1.0
1011264,201900052795,5,14,20:00,1,2,1,1.0,3.0,58151,Rue Louis-Henri Roblin,M,"46,8899560","3,4686410",58,2019,50.0,1.0,1.0,3.0,2261425,1.0,1,1,2,5.0,,0.0,0,1996.0,B01,138Â 206Â 785,8.0,-1.0,-1.0,1726203,1.0,2,,1.0,0.0,2.0,A01,138Â 206Â 786,1.0
1011264,201900052795,5,14,20:00,1,2,1,1.0,3.0,58151,Rue Louis-Henri Roblin,M,"46,8899560","3,4686410",58,2019,50.0,1.0,1.0,3.0,2261426,1.0,1,3,1,5.0,,0.0,0,1985.0,A01,138Â 206Â 786,2.0,-1.0,-1.0,1726202,0.0,7,,0.0,0.0,6.0,B01,138Â 206Â 785,1.0
1011264,201900052795,5,14,20:00,1,2,1,1.0,3.0,58151,Rue Louis-Henri Roblin,M,"46,8899560","3,4686410",58,2019,50.0,1.0,1.0,3.0,2261426,1.0,1,3,1,5.0,,0.0,0,1985.0,A01,138Â 206Â 786,2.0,-1.0,-1.0,1726203,1.0,2,,1.0,0.0,2.0,A01,138Â 206Â 786,1.0
1011265,201900052796,5,17,20:30,2,1,1,8.0,7.0,66105,cd 118 - PR 11+145,M,"42,5845200","2,1159460",66,2019,80.0,8.0,1.0,3.0,2261427,1.0,1,2,1,5.0,,0.0,0,1972.0,A01,138Â 206Â 784,5.0,-1.0,-1.0,1726204,1.0,7,,13.0,0.0,0.0,A01,138Â 206Â 784,1.0
1011266,201900052797,5,12,10:25,1,1,1,1.0,7.0,66192,Route Nationale 116,M,"42,5073580","2,1308700",66,2019,80.0,3.0,1.0,2.0,2261428,1.0,1,3,1,5.0,,0.0,0,1960.0,A01,138Â 206Â 783,2.0,6.0,-1.0,1726205,1.0,33,,0.0,0.0,0.0,A01,138Â 206Â 783,1.0
1011267,201900052798,5,26,19:50,1,2,9,1.0,6.0,66196,21 Avenue de la VallÃ©e Heureuse,M,"42,5281190","2,9509460",66,2019,50.0,1.0,1.0,4.0,2261429,1.0,1,3,1,5.0,,0.0,0,1961.0,A01,138Â 206Â 782,0.0,-1.0,-1.0,1726206,0.0,33,,15.0,0.0,3.0,A01,138Â 206Â 782,1.0
1011267,201900052798,5,26,19:50,1,2,9,1.0,6.0,66196,21 Avenue de la VallÃ©e Heureuse,M,"42,5281190","2,9509460",66,2019,50.0,1.0,1.0,4.0,2261430,2.0,2,3,2,5.0,,0.0,0,1974.0,A01,138Â 206Â 782,0.0,-1.0,-1.0,1726206,0.0,33,,15.0,0.0,3.0,A01,138Â 206Â 782,1.0
1011268,201900052799,5,14,17:30,1,1,1,1.0,4.0,66049,D115,M,"42,5004840","2,7548500",66,2019,80.0,1.0,1.0,3.0,2261431,1.0,1,4,1,0.0,,0.0,0,1972.0,D01,138Â 206Â 778,1.0,-1.0,-1.0,1726207,2.0,7,,0.0,2.0,3.0,D01,138Â 206Â 778,1.0
1011268,201900052799,5,14,17:30,1,1,1,1.0,4.0,66049,D115,M,"42,5004840","2,7548500",66,2019,80.0,1.0,1.0,3.0,2261431,1.0,1,4,1,0.0,,0.0,0,1972.0,D01,138Â 206Â 778,1.0,-1.0,-1.0,1726208,2.0,7,,0.0,2.0,2.0,C01,138Â 206Â 779,1.0
1011268,201900052799,5,14,17:30,1,1,1,1.0,4.0,66049,D115,M,"42,5004840","2,7548500",66,2019,80.0,1.0,1.0,3.0,2261431,1.0,1,4,1,0.0,,0.0,0,1972.0,D01,138Â 206Â 778,1.0,-1.0,-1.0,1726209,2.0,7,,0.0,2.0,5.0,B01,138Â 206Â 780,1.0
1011268,201900052799,5,14,17:30,1,1,1,1.0,4.0,66049,D115,M,"42,5004840","2,7548500",66,2019,80.0,1.0,1.0,3.0,2261431,1.0,1,4,1,0.0,,0.0,0,1972.0,D01,138Â 206Â 778,1.0,-1.0,-1.0,1726210,2.0,7,,0.0,2.0,6.0,A01,138Â 206Â 781,1.0
1011268,201900052799,5,14,17:30,1,1,1,1.0,4.0,66049,D115,M,"42,5004840","2,7548500",66,2019,80.0,1.0,1.0,3.0,2261432,1.0,1,1,1,5.0,,0.0,0,1978.0,C01,138Â 206Â 779,1.0,-1.0,-1.0,1726207,2.0,7,,0.0,2.0,3.0,D01,138Â 206Â 778,1.0
1011268,201900052799,5,14,17:30,1,1,1,1.0,4.0,66049,D115,M,"42,5004840","2,7548500",66,2019,80.0,1.0,1.0,3.0,2261432,1.0,1,1,1,5.0,,0.0,0,1978.0,C01,138Â 206Â 779,1.0,-1.0,-1.0,1726208,2.0,7,,0.0,2.0,2.0,C01,138Â 206Â 779,1.0
1011268,201900052799,5,14,17:30,1,1,1,1.0,4.0,66049,D115,M,"42,5004840","2,7548500",66,2019,80.0,1.0,1.0,3.0,2261432,1.0,1,1,1,5.0,,0.0,0,1978.0,C01,138Â 206Â 779,1.0,-1.0,-1.0,1726209,2.0,7,,0.0,2.0,5.0,B01,138Â 206Â 780,1.0
1011268,201900052799,5,14,17:30,1,1,1,1.0,4.0,66049,D115,M,"42,5004840","2,7548500",66,2019,80.0,1.0,1.0,3.0,2261432,1.0,1,1,1,5.0,,0.0,0,1978.0,C01,138Â 206Â 779,1.0,-1.0,-1.0,1726210,2.0,7,,0.0,2.0,6.0,A01,138Â 206Â 781,1.0
1011268,201900052799,5,14,17:30,1,1,1,1.0,4.0,66049,D115,M,"42,5004840","2,7548500",66,2019,80.0,1.0,1.0,3.0,2261433,1.0,1,4,1,1.0,,0.0,0,1968.0,B01,138Â 206Â 780,1.0,-1.0,-1.0,1726207,2.0,7,,0.0,2.0,3.0,D01,138Â 206Â 778,1.0