Unnamed: 0_x,num_acc,mois,jour,hrmn,lum,agg,int,atm,col,com,adr,gps,lat,long,dep,annee,vma,situ,surf,catr,Unnamed: 0_y,place,catu,grav,sexe,trajet,secu,locp,actp,an_nais,num_veh_x,id_vehicule_x,secu1,secu2,secu3,Unnamed: 0,senc,catv,occutc,obs,obsm,choc,num_veh_y,id_vehicule_y,motor
1011268,201900052799,5,14,17:30,1,1,1,1.0,4.0,66049,D115,M,"42,5004840","2,7548500",66,2019,80.0,1.0,1.0,3.0,2261433,1.0,1,4,1,1.0,,0.0,0,1968.0,B01,138Â 206Â 780,1.0,-1.0,-1.0,1726208,2.0,7,,0.0,2.0,2.0,C01,138Â 206Â 779,1.0
1011268,201900052799,5,14,17:30,1,1,1,1.0,4.0,66049,D115,M,"42,5004840","2,7548500",66,2019,80.0,1.0,1.0,3.0,2261433,1.0,1,4,1,1.0,,0.0,0,1968.0,B01,138Â 206Â 780,1.0,-1.0,-1.0,1726209,2.0,7,,0.0,2.0,5.0,B01,138Â 206Â 780,1.0
1011268,201900052799,5,14,17:30,1,1,1,1.0,4.0,66049,D115,M,"42,5004840","2,7548500",66,2019,80.0,1.0,1.0,3.0,2261433,1.0,1,4,1,1.0,,0.0,0,1968.0,B01,138Â 206Â 780,1.0,-1.0,-1.0,1726210,2.0,7,,0.0,2.0,6.0,A01,138Â 206Â 781,1.0
1011268,201900052799,5,14,17:30,1,1,1,1.0,4.0,66049,D115,M,"42,5004840","2,7548500",66,2019,80.0,1.0,1.0,3.0,2261434,2.0,2,4,1,5.0,,0.0,0,1972.0,A01,138Â 206Â 781,1.0,-1.0,-1.0,1726207,2.0,7,,0.0,2.0,3.0,D01,138Â 206Â 778,1.0
1011268,201900052799,5,14,17:30,1,1,1,1.0,4.0,66049,D115,M,"42,5004840","2,7548500",66,2019,80.0,1.0,1.0,3.0,2261434,2.0,2,4,1,5.0,,0.0,0,1972.0,A01,138Â 206Â 781,1.0,-1.0,-1.0,1726208,2.0,7,,0.0,2.0,2.0,C01,138Â 206Â 779,1.0
1011268,201900052799,5,14,17:30,1,1,1,1.0,4.0,66049,D115,M,"42,5004840","2,7548500",66,2019,80.0,1.0,1.0,3.0,2261434,2.0,2,4,1,5.0,,0.0,0,1972.0,A01,138Â 206Â 781,1.0,-1.0,-1.0,1726209,2.0,7,,0.0,2.0,5.0,B01,138Â 206Â 780,1.0
1011268,201900052799,5,14,17:30,1,1,1,1.0,4.0,66049,D115,M,"42,5004840","2,7548500",66,2019,80.0,1.0,1.0,3.0,2261434,2.0,2,4,1,5.0,,0.0,0,1972.0,A01,138Â 206Â 781,1.0,-1.0,-1.0,1726210,2.0,7,,0.0,2.0,6.0,A01,138Â 206Â 781,1.0
1011269,201900052800,4,9,15:25,1,1,1,1.0,3.0,54055,Moulin d'Ecorse,M,"49,0156880","6,0005890",54,2019,70.0,1.0,1.0,3.0,2261435,1.0,1,3,1,5.0,,0.0,0,1947.0,B01,138Â 206Â 776,2.0,-1.0,-1.0,1726211,1.0,1,,0.0,2.0,7.0,B01,138Â 206Â 776,5.0
1011269,201900052800,4,9,15:25,1,1,1,1.0,3.0,54055,Moulin d'Ecorse,M,"49,0156880","6,0005890",54,2019,70.0,1.0,1.0,3.0,2261435,1.0,1,3,1,5.0,,0.0,0,1947.0,B01,138Â 206Â 776,2.0,-1.0,-1.0,1726212,1.0,7,,0.0,2.0,6.0,A01,138Â 206Â 777,0.0
1011269,201900052800,4,9,15:25,1,1,1,1.0,3.0,54055,Moulin d'Ecorse,M,"49,0156880","6,0005890",54,2019,70.0,1.0,1.0,3.0,2261436,1.0,1,1,1,0.0,,0.0,0,1959.0,A01,138Â 206Â 777,1.0,-1.0,-1.0,1726211,1.0,1,,0.0,2.0,7.0,B01,138Â 206Â 776,5.0
1011269,201900052800,4,9,15:25,1,1,1,1.0,3.0,54055,Moulin d'Ecorse,M,"49,0156880","6,0005890",54,2019,70.0,1.0,1.0,3.0,2261436,1.0,1,1,1,0.0,,0.0,0,1959.0,A01,138Â 206Â 777,1.0,-1.0,-1.0,1726212,1.0,7,,0.0,2.0,6.0,A01,138Â 206Â 777,0.0
1011270,201900052801,5,30,13:30,1,2,3,1.0,3.0,72132,Avenue du GÃ©nÃ©ral de Gaulle,M,"48,1801160","0,6522260",72,2019,50.0,1.0,1.0,4.0,2261437,1.0,1,1,1,0.0,,0.0,0,2000.0,A01,138Â 206Â 774,1.0,-1.0,-1.0,1726213,3.0,7,,0.0,2.0,7.0,A01,138Â 206Â 774,0.0
1011270,201900052801,5,30,13:30,1,2,3,1.0,3.0,72132,Avenue du GÃ©nÃ©ral de Gaulle,M,"48,1801160","0,6522260",72,2019,50.0,1.0,1.0,4.0,2261437,1.0,1,1,1,0.0,,0.0,0,2000.0,A01,138Â 206Â 774,1.0,-1.0,-1.0,1726214,3.0,7,,0.0,2.0,1.0,B01,138Â 206Â 775,0.0
1011270,201900052801,5,30,13:30,1,2,3,1.0,3.0,72132,Avenue du GÃ©nÃ©ral de Gaulle,M,"48,1801160","0,6522260",72,2019,50.0,1.0,1.0,4.0,2261438,2.0,2,4,2,0.0,,0.0,0,1997.0,A01,138Â 206Â 774,1.0,-1.0,-1.0,1726213,3.0,7,,0.0,2.0,7.0,A01,138Â 206Â 774,0.0
1011270,201900052801,5,30,13:30,1,2,3,1.0,3.0,72132,Avenue du GÃ©nÃ©ral de Gaulle,M,"48,1801160","0,6522260",72,2019,50.0,1.0,1.0,4.0,2261438,2.0,2,4,2,0.0,,0.0,0,1997.0,A01,138Â 206Â 774,1.0,-1.0,-1.0,1726214,3.0,7,,0.0,2.0,1.0,B01,138Â 206Â 775,0.0
1011270,201900052801,5,30,13:30,1,2,3,1.0,3.0,72132,Avenue du GÃ©nÃ©ral de Gaulle,M,"48,1801160","0,6522260",72,2019,50.0,1.0,1.0,4.0,2261439,9.0,2,1,2,0.0,,0.0,0,2003.0,A01,138Â 206Â 774,1.0,-1.0,-1.0,1726213,3.0,7,,0.0,2.0,7.0,A01,138Â 206Â 774,0.0
1011270,201900052801,5,30,13:30,1,2,3,1.0,3.0,72132,Avenue du GÃ©nÃ©ral de Gaulle,M,"48,1801160","0,6522260",72,2019,50.0,1.0,1.0,4.0,2261439,9.0,2,1,2,0.0,,0.0,0,2003.0,A01,138Â 206Â 774,1.0,-1.0,-1.0,1726214,3.0,7,,0.0,2.0,1.0,B01,138Â 206Â 775,0.0
1011270,201900052801,5,30,13:30,1,2,3,1.0,3.0,72132,Avenue du GÃ©nÃ©ral de Gaulle,M,"48,1801160","0,6522260",72,2019,50.0,1.0,1.0,4.0,2261440,1.0,1,1,2,0.0,,0.0,0,1992.0,B01,138Â 206Â 775,1.0,-1.0,-1.0,1726213,3.0,7,,0.0,2.0,7.0,A01,138Â 206Â 774,0.0
1011270,201900052801,5,30,13:30,1,2,3,1.0,3.0,72132,Avenue du GÃ©nÃ©ral de Gaulle,M,"48,1801160","0,6522260",72,2019,50.0,1.0,1.0,4.0,2261440,1.0,1,1,2,0.0,,0.0,0,1992.0,B01,138Â 206Â 775,1.0,-1.0,-1.0,1726214,3.0,7,,0.0,2.0,1.0,B01,138Â 206Â 775,0.0
1011271,201900052802,5,19,07:10,2,1,6,5.0,7.0,72080,La Bretonniere,M,"48,1966580","0,6677480",72,2019,80.0,1.0,2.0,3.0,2261441,1.0,1,4,2,5.0,,0.0,0,1996.0,A01,138Â 206Â 771,2.0,6.0,9.0,1726215,1.0,33,,0.0,0.0,8.0,A01,138Â 206Â 771,1.0
1011271,201900052802,5,19,07:10,2,1,6,5.0,7.0,72080,La Bretonniere,M,"48,1966580","0,6677480",72,2019,80.0,1.0,2.0,3.0,2261442,2.0,2,1,2,5.0,,0.0,0,2019.0,A01,138Â 206Â 771,2.0,6.0,9.0,1726215,1.0,33,,0.0,0.0,8.0,A01,138Â 206Â 771,1.0
1011272,201900052803,5,15,08:25,1,2,1,7.0,6.0,72180,Rue du Docteur Godard,M,"48,3515640","0,3638170",72,2019,50.0,1.0,1.0,3.0,2261443,2.0,2,3,2,3.0,,0.0,0,1934.0,A01,138Â 206Â 769,1.0,-1.0,-1.0,1726216,2.0,7,,2.0,0.0,2.0,A01,138Â 206Â 769,1.0
1011272,201900052803,5,15,08:25,1,2,1,7.0,6.0,72180,Rue du Docteur Godard,M,"48,3515640","0,3638170",72,2019,50.0,1.0,1.0,3.0,2261444,1.0,1,4,1,3.0,,0.0,0,1936.0,A01,138Â 206Â 769,1.0,-1.0,-1.0,1726216,2.0,7,,2.0,0.0,2.0,A01,138Â 206Â 769,1.0
1011273,201900052804,5,23,18:40,1,1,1,1.0,3.0,72239,Les grandes barres,M,"47,9144490"," -0,2923830",72,2019,80.0,1.0,1.0,3.0,2261445,1.0,1,1,1,4.0,,0.0,0,1994.0,B01,138Â 206Â 765,0.0,-1.0,-1.0,1726217,1.0,21,,0.0,0.0,3.0,B01,138Â 206Â 765,1.0
1011273,201900052804,5,23,18:40,1,1,1,1.0,3.0,72239,Les grandes barres,M,"47,9144490"," -0,2923830",72,2019,80.0,1.0,1.0,3.0,2261445,1.0,1,1,1,4.0,,0.0,0,1994.0,B01,138Â 206Â 765,0.0,-1.0,-1.0,1726218,2.0,33,,0.0,2.0,1.0,A01,138Â 206Â 766,1.0
1011273,201900052804,5,23,18:40,1,1,1,1.0,3.0,72239,Les grandes barres,M,"47,9144490"," -0,2923830",72,2019,80.0,1.0,1.0,3.0,2261446,1.0,1,3,1,1.0,,0.0,0,1966.0,A01,138Â 206Â 766,2.0,-1.0,-1.0,1726217,1.0,21,,0.0,0.0,3.0,B01,138Â 206Â 765,1.0
1011273,201900052804,5,23,18:40,1,1,1,1.0,3.0,72239,Les grandes barres,M,"47,9144490"," -0,2923830",72,2019,80.0,1.0,1.0,3.0,2261446,1.0,1,3,1,1.0,,0.0,0,1966.0,A01,138Â 206Â 766,2.0,-1.0,-1.0,1726218,2.0,33,,0.0,2.0,1.0,A01,138Â 206Â 766,1.0
1011274,201900052805,5,18,02:45,3,1,1,2.0,6.0,72223,dÃ©partementale 35,M,"47,8614680"," -0,0867750",72,2019,80.0,3.0,2.0,3.0,2261447,1.0,1,4,2,5.0,,0.0,0,2000.0,A01,138Â 206Â 763,1.0,-1.0,-1.0,1726219,2.0,7,,13.0,0.0,0.0,A01,138Â 206Â 763,1.0
1011275,201900052806,5,13,09:27,1,1,1,1.0,7.0,72134,"Lieu-dit ""bertre""",M,"47,7277540","0,4505260",72,2019,80.0,1.0,1.0,3.0,2261448,1.0,1,3,1,0.0,,0.0,0,1982.0,A01,138Â 206Â 760,2.0,6.0,9.0,1726220,1.0,31,,0.0,5.0,0.0,A01,138Â 206Â 760,1.0
1011276,201900052807,5,19,16:50,1,1,1,1.0,5.0,72320,D338,M,"48,0564450","0,1727330",72,2019,-1.0,1.0,1.0,3.0,2261449,9.0,2,1,2,5.0,,0.0,0,1998.0,D01,138Â 206Â 756,1.0,-1.0,-1.0,1726221,2.0,7,,0.0,2.0,3.0,D01,138Â 206Â 756,1.0
1011276,201900052807,5,19,16:50,1,1,1,1.0,5.0,72320,D338,M,"48,0564450","0,1727330",72,2019,-1.0,1.0,1.0,3.0,2261449,9.0,2,1,2,5.0,,0.0,0,1998.0,D01,138Â 206Â 756,1.0,-1.0,-1.0,1726222,1.0,7,,0.0,2.0,8.0,C01,138Â 206Â 757,1.0
1011276,201900052807,5,19,16:50,1,1,1,1.0,5.0,72320,D338,M,"48,0564450","0,1727330",72,2019,-1.0,1.0,1.0,3.0,2261449,9.0,2,1,2,5.0,,0.0,0,1998.0,D01,138Â 206Â 756,1.0,-1.0,-1.0,1726223,1.0,33,,0.0,2.0,7.0,B01,138Â 206Â 758,1.0
1011276,201900052807,5,19,16:50,1,1,1,1.0,5.0,72320,D338,M,"48,0564450","0,1727330",72,2019,-1.0,1.0,1.0,3.0,2261449,9.0,2,1,2,5.0,,0.0,0,1998.0,D01,138Â 206Â 756,1.0,-1.0,-1.0,1726224,1.0,33,,0.0,2.0,9.0,A01,138Â 206Â 759,1.0
1011276,201900052807,5,19,16:50,1,1,1,1.0,5.0,72320,D338,M,"48,0564450","0,1727330",72,2019,-1.0,1.0,1.0,3.0,2261450,1.0,1,4,1,5.0,,0.0,0,1958.0,D01,138Â 206Â 756,1.0,-1.0,-1.0,1726221,2.0,7,,0.0,2.0,3.0,D01,138Â 206Â 756,1.0
1011276,201900052807,5,19,16:50,1,1,1,1.0,5.0,72320,D338,M,"48,0564450","0,1727330",72,2019,-1.0,1.0,1.0,3.0,2261450,1.0,1,4,1,5.0,,0.0,0,1958.0,D01,138Â 206Â 756,1.0,-1.0,-1.0,1726222,1.0,7,,0.0,2.0,8.0,C01,138Â 206Â 757,1.0
1011276,201900052807,5,19,16:50,1,1,1,1.0,5.0,72320,D338,M,"48,0564450","0,1727330",72,2019,-1.0,1.0,1.0,3.0,2261450,1.0,1,4,1,5.0,,0.0,0,1958.0,D01,138Â 206Â 756,1.0,-1.0,-1.0,1726223,1.0,33,,0.0,2.0,7.0,B01,138Â 206Â 758,1.0
1011276,201900052807,5,19,16:50,1,1,1,1.0,5.0,72320,D338,M,"48,0564450","0,1727330",72,2019,-1.0,1.0,1.0,3.0,2261450,1.0,1,4,1,5.0,,0.0,0,1958.0,D01,138Â 206Â 756,1.0,-1.0,-1.0,1726224,1.0,33,,0.0,2.0,9.0,A01,138Â 206Â 759,1.0
1011276,201900052807,5,19,16:50,1,1,1,1.0,5.0,72320,D338,M,"48,0564450","0,1727330",72,2019,-1.0,1.0,1.0,3.0,2261451,1.0,1,1,1,5.0,,0.0,0,1944.0,C01,138Â 206Â 757,1.0,-1.0,-1.0,1726221,2.0,7,,0.0,2.0,3.0,D01,138Â 206Â 756,1.0
1011276,201900052807,5,19,16:50,1,1,1,1.0,5.0,72320,D338,M,"48,0564450","0,1727330",72,2019,-1.0,1.0,1.0,3.0,2261451,1.0,1,1,1,5.0,,0.0,0,1944.0,C01,138Â 206Â 757,1.0,-1.0,-1.0,1726222,1.0,7,,0.0,2.0,8.0,C01,138Â 206Â 757,1.0
1011276,201900052807,5,19,16:50,1,1,1,1.0,5.0,72320,D338,M,"48,0564450","0,1727330",72,2019,-1.0,1.0,1.0,3.0,2261451,1.0,1,1,1,5.0,,0.0,0,1944.0,C01,138Â 206Â 757,1.0,-1.0,-1.0,1726223,1.0,33,,0.0,2.0,7.0,B01,138Â 206Â 758,1.0
1011276,201900052807,5,19,16:50,1,1,1,1.0,5.0,72320,D338,M,"48,0564450","0,1727330",72,2019,-1.0,1.0,1.0,3.0,2261451,1.0,1,1,1,5.0,,0.0,0,1944.0,C01,138Â 206Â 757,1.0,-1.0,-1.0,1726224,1.0,33,,0.0,2.0,9.0,A01,138Â 206Â 759,1.0
1011276,201900052807,5,19,16:50,1,1,1,1.0,5.0,72320,D338,M,"48,0564450","0,1727330",72,2019,-1.0,1.0,1.0,3.0,2261452,2.0,2,4,2,5.0,,0.0,0,1981.0,B01,138Â 206Â 758,2.0,6.0,-1.0,1726221,2.0,7,,0.0,2.0,3.0,D01,138Â 206Â 756,1.0
1011276,201900052807,5,19,16:50,1,1,1,1.0,5.0,72320,D338,M,"48,0564450","0,1727330",72,2019,-1.0,1.0,1.0,3.0,2261452,2.0,2,4,2,5.0,,0.0,0,1981.0,B01,138Â 206Â 758,2.0,6.0,-1.0,1726222,1.0,7,,0.0,2.0,8.0,C01,138Â 206Â 757,1.0
1011276,201900052807,5,19,16:50,1,1,1,1.0,5.0,72320,D338,M,"48,0564450","0,1727330",72,2019,-1.0,1.0,1.0,3.0,2261452,2.0,2,4,2,5.0,,0.0,0,1981.0,B01,138Â 206Â 758,2.0,6.0,-1.0,1726223,1.0,33,,0.0,2.0,7.0,B01,138Â 206Â 758,1.0
1011276,201900052807,5,19,16:50,1,1,1,1.0,5.0,72320,D338,M,"48,0564450","0,1727330",72,2019,-1.0,1.0,1.0,3.0,2261452,2.0,2,4,2,5.0,,0.0,0,1981.0,B01,138Â 206Â 758,2.0,6.0,-1.0,1726224,1.0,33,,0.0,2.0,9.0,A01,138Â 206Â 759,1.0
1011276,201900052807,5,19,16:50,1,1,1,1.0,5.0,72320,D338,M,"48,0564450","0,1727330",72,2019,-1.0,1.0,1.0,3.0,2261453,1.0,1,3,1,5.0,,0.0,0,1982.0,B01,138Â 206Â 758,2.0,6.0,-1.0,1726221,2.0,7,,0.0,2.0,3.0,D01,138Â 206Â 756,1.0
1011276,201900052807,5,19,16:50,1,1,1,1.0,5.0,72320,D338,M,"48,0564450","0,1727330",72,2019,-1.0,1.0,1.0,3.0,2261453,1.0,1,3,1,5.0,,0.0,0,1982.0,B01,138Â 206Â 758,2.0,6.0,-1.0,1726222,1.0,7,,0.0,2.0,8.0,C01,138Â 206Â 757,1.0
1011276,201900052807,5,19,16:50,1,1,1,1.0,5.0,72320,D338,M,"48,0564450","0,1727330",72,2019,-1.0,1.0,1.0,3.0,2261453,1.0,1,3,1,5.0,,0.0,0,1982.0,B01,138Â 206Â 758,2.0,6.0,-1.0,1726223,1.0,33,,0.0,2.0,7.0,B01,138Â 206Â 758,1.0
1011276,201900052807,5,19,16:50,1,1,1,1.0,5.0,72320,D338,M,"48,0564450","0,1727330",72,2019,-1.0,1.0,1.0,3.0,2261453,1.0,1,3,1,5.0,,0.0,0,1982.0,B01,138Â 206Â 758,2.0,6.0,-1.0,1726224,1.0,33,,0.0,2.0,9.0,A01,138Â 206Â 759,1.0
1011276,201900052807,5,19,16:50,1,1,1,1.0,5.0,72320,D338,M,"48,0564450","0,1727330",72,2019,-1.0,1.0,1.0,3.0,2261454,1.0,1,2,1,5.0,,0.0,0,1972.0,A01,138Â 206Â 759,2.0,6.0,-1.0,1726221,2.0,7,,0.0,2.0,3.0,D01,138Â 206Â 756,1.0
1011276,201900052807,5,19,16:50,1,1,1,1.0,5.0,72320,D338,M,"48,0564450","0,1727330",72,2019,-1.0,1.0,1.0,3.0,2261454,1.0,1,2,1,5.0,,0.0,0,1972.0,A01,138Â 206Â 759,2.0,6.0,-1.0,1726222,1.0,7,,0.0,2.0,8.0,C01,138Â 206Â 757,1.0
1011276,201900052807,5,19,16:50,1,1,1,1.0,5.0,72320,D338,M,"48,0564450","0,1727330",72,2019,-1.0,1.0,1.0,3.0,2261454,1.0,1,2,1,5.0,,0.0,0,1972.0,A01,138Â 206Â 759,2.0,6.0,-1.0,1726223,1.0,33,,0.0,2.0,7.0,B01,138Â 206Â 758,1.0
1011276,201900052807,5,19,16:50,1,1,1,1.0,5.0,72320,D338,M,"48,0564450","0,1727330",72,2019,-1.0,1.0,1.0,3.0,2261454,1.0,1,2,1,5.0,,0.0,0,1972.0,A01,138Â 206Â 759,2.0,6.0,-1.0,1726224,1.0,33,,0.0,2.0,9.0,A01,138Â 206Â 759,1.0
1011277,201900052808,5,20,12:00,1,1,1,1.0,4.0,72122,RD323,M,"48,0667580","0,5189980",72,2019,80.0,1.0,1.0,3.0,2261455,1.0,1,1,1,0.0,,0.0,0,1985.0,A01,138Â 206Â 752,1.0,-1.0,-1.0,1726225,1.0,7,,0.0,2.0,1.0,A01,138Â 206Â 752,1.0
1011277,201900052808,5,20,12:00,1,1,1,1.0,4.0,72122,RD323,M,"48,0667580","0,5189980",72,2019,80.0,1.0,1.0,3.0,2261455,1.0,1,1,1,0.0,,0.0,0,1985.0,A01,138Â 206Â 752,1.0,-1.0,-1.0,1726226,1.0,32,,0.0,2.0,6.0,B01,138Â 206Â 753,1.0
1011277,201900052808,5,20,12:00,1,1,1,1.0,4.0,72122,RD323,M,"48,0667580","0,5189980",72,2019,80.0,1.0,1.0,3.0,2261455,1.0,1,1,1,0.0,,0.0,0,1985.0,A01,138Â 206Â 752,1.0,-1.0,-1.0,1726227,1.0,15,,0.0,2.0,3.0,C01,138Â 206Â 754,1.0
1011277,201900052808,5,20,12:00,1,1,1,1.0,4.0,72122,RD323,M,"48,0667580","0,5189980",72,2019,80.0,1.0,1.0,3.0,2261456,1.0,1,4,1,5.0,,0.0,0,1952.0,B01,138Â 206Â 753,2.0,-1.0,-1.0,1726225,1.0,7,,0.0,2.0,1.0,A01,138Â 206Â 752,1.0
1011277,201900052808,5,20,12:00,1,1,1,1.0,4.0,72122,RD323,M,"48,0667580","0,5189980",72,2019,80.0,1.0,1.0,3.0,2261456,1.0,1,4,1,5.0,,0.0,0,1952.0,B01,138Â 206Â 753,2.0,-1.0,-1.0,1726226,1.0,32,,0.0,2.0,6.0,B01,138Â 206Â 753,1.0
1011277,201900052808,5,20,12:00,1,1,1,1.0,4.0,72122,RD323,M,"48,0667580","0,5189980",72,2019,80.0,1.0,1.0,3.0,2261456,1.0,1,4,1,5.0,,0.0,0,1952.0,B01,138Â 206Â 753,2.0,-1.0,-1.0,1726227,1.0,15,,0.0,2.0,3.0,C01,138Â 206Â 754,1.0
1011277,201900052808,5,20,12:00,1,1,1,1.0,4.0,72122,RD323,M,"48,0667580","0,5189980",72,2019,80.0,1.0,1.0,3.0,2261457,1.0,1,1,1,4.0,,0.0,0,1991.0,C01,138Â 206Â 754,1.0,-1.0,-1.0,1726225,1.0,7,,0.0,2.0,1.0,A01,138Â 206Â 752,1.0
1011277,201900052808,5,20,12:00,1,1,1,1.0,4.0,72122,RD323,M,"48,0667580","0,5189980",72,2019,80.0,1.0,1.0,3.0,2261457,1.0,1,1,1,4.0,,0.0,0,1991.0,C01,138Â 206Â 754,1.0,-1.0,-1.0,1726226,1.0,32,,0.0,2.0,6.0,B01,138Â 206Â 753,1.0
1011277,201900052808,5,20,12:00,1,1,1,1.0,4.0,72122,RD323,M,"48,0667580","0,5189980",72,2019,80.0,1.0,1.0,3.0,2261457,1.0,1,1,1,4.0,,0.0,0,1991.0,C01,138Â 206Â 754,1.0,-1.0,-1.0,1726227,1.0,15,,0.0,2.0,3.0,C01,138Â 206Â 754,1.0
1011278,201900052809,3,19,18:10,1,1,9,1.0,3.0,72129,la maladrie,M,"48,0385730","0,3457270",72,2019,70.0,1.0,1.0,3.0,2261458,1.0,1,3,2,9.0,,0.0,0,1988.0,B01,138Â 206Â 748,1.0,-1.0,-1.0,1726228,2.0,7,,0.0,2.0,1.0,B01,138Â 206Â 748,1.0
1011278,201900052809,3,19,18:10,1,1,9,1.0,3.0,72129,la maladrie,M,"48,0385730","0,3457270",72,2019,70.0,1.0,1.0,3.0,2261458,1.0,1,3,2,9.0,,0.0,0,1988.0,B01,138Â 206Â 748,1.0,-1.0,-1.0,1726229,1.0,7,,0.0,2.0,2.0,A01,138Â 206Â 749,1.0
1011278,201900052809,3,19,18:10,1,1,9,1.0,3.0,72129,la maladrie,M,"48,0385730","0,3457270",72,2019,70.0,1.0,1.0,3.0,2261459,1.0,1,1,2,1.0,,0.0,0,1994.0,A01,138Â 206Â 749,1.0,-1.0,-1.0,1726228,2.0,7,,0.0,2.0,1.0,B01,138Â 206Â 748,1.0
1011278,201900052809,3,19,18:10,1,1,9,1.0,3.0,72129,la maladrie,M,"48,0385730","0,3457270",72,2019,70.0,1.0,1.0,3.0,2261459,1.0,1,1,2,1.0,,0.0,0,1994.0,A01,138Â 206Â 749,1.0,-1.0,-1.0,1726229,1.0,7,,0.0,2.0,2.0,A01,138Â 206Â 749,1.0
1011279,201900052810,5,30,10:15,1,1,1,1.0,7.0,72381,lieu dit les courterus,M,"47,9384470","0,1123740",72,2019,80.0,1.0,8.0,3.0,2261460,1.0,1,4,1,5.0,,0.0,0,1999.0,A01,138Â 206Â 747,2.0,6.0,9.0,1726230,1.0,31,,11.0,0.0,0.0,A01,138Â 206Â 747,1.0
1011280,201900052811,5,25,18:35,1,1,1,1.0,3.0,72004,D21,M,"48,0528250"," -0,0692530",72,2019,80.0,1.0,1.0,3.0,2261461,1.0,1,4,2,0.0,,0.0,0,1939.0,A01,138Â 206Â 739,1.0,-1.0,-1.0,1726231,1.0,7,,0.0,2.0,5.0,A01,138Â 206Â 739,0.0
1011280,201900052811,5,25,18:35,1,1,1,1.0,3.0,72004,D21,M,"48,0528250"," -0,0692530",72,2019,80.0,1.0,1.0,3.0,2261461,1.0,1,4,2,0.0,,0.0,0,1939.0,A01,138Â 206Â 739,1.0,-1.0,-1.0,1726232,2.0,31,,0.0,2.0,1.0,B01,138Â 206Â 740,0.0
1011280,201900052811,5,25,18:35,1,1,1,1.0,3.0,72004,D21,M,"48,0528250"," -0,0692530",72,2019,80.0,1.0,1.0,3.0,2261462,1.0,1,3,1,0.0,,0.0,0,1978.0,B01,138Â 206Â 740,2.0,6.0,-1.0,1726231,1.0,7,,0.0,2.0,5.0,A01,138Â 206Â 739,0.0
1011280,201900052811,5,25,18:35,1,1,1,1.0,3.0,72004,D21,M,"48,0528250"," -0,0692530",72,2019,80.0,1.0,1.0,3.0,2261462,1.0,1,3,1,0.0,,0.0,0,1978.0,B01,138Â 206Â 740,2.0,6.0,-1.0,1726232,2.0,31,,0.0,2.0,1.0,B01,138Â 206Â 740,0.0
1011281,201900052812,5,19,17:10,1,2,1,1.0,3.0,72166,D357,M,"48,0209800"," -0,0817540",72,2019,50.0,1.0,1.0,3.0,2261463,1.0,1,4,1,5.0,,0.0,0,1985.0,B01,138Â 206Â 733,2.0,-1.0,-1.0,1726233,1.0,33,,0.0,2.0,7.0,B01,138Â 206Â 733,1.0
1011281,201900052812,5,19,17:10,1,2,1,1.0,3.0,72166,D357,M,"48,0209800"," -0,0817540",72,2019,50.0,1.0,1.0,3.0,2261463,1.0,1,4,1,5.0,,0.0,0,1985.0,B01,138Â 206Â 733,2.0,-1.0,-1.0,1726234,1.0,33,,0.0,2.0,2.0,A01,138Â 206Â 734,1.0
1011281,201900052812,5,19,17:10,1,2,1,1.0,3.0,72166,D357,M,"48,0209800"," -0,0817540",72,2019,50.0,1.0,1.0,3.0,2261464,2.0,2,3,2,5.0,,0.0,0,1992.0,A01,138Â 206Â 734,2.0,-1.0,-1.0,1726233,1.0,33,,0.0,2.0,7.0,B01,138Â 206Â 733,1.0
1011281,201900052812,5,19,17:10,1,2,1,1.0,3.0,72166,D357,M,"48,0209800"," -0,0817540",72,2019,50.0,1.0,1.0,3.0,2261464,2.0,2,3,2,5.0,,0.0,0,1992.0,A01,138Â 206Â 734,2.0,-1.0,-1.0,1726234,1.0,33,,0.0,2.0,2.0,A01,138Â 206Â 734,1.0
1011281,201900052812,5,19,17:10,1,2,1,1.0,3.0,72166,D357,M,"48,0209800"," -0,0817540",72,2019,50.0,1.0,1.0,3.0,2261465,1.0,1,4,1,5.0,,0.0,0,1985.0,A01,138Â 206Â 734,2.0,-1.0,-1.0,1726233,1.0,33,,0.0,2.0,7.0,B01,138Â 206Â 733,1.0
1011281,201900052812,5,19,17:10,1,2,1,1.0,3.0,72166,D357,M,"48,0209800"," -0,0817540",72,2019,50.0,1.0,1.0,3.0,2261465,1.0,1,4,1,5.0,,0.0,0,1985.0,A01,138Â 206Â 734,2.0,-1.0,-1.0,1726234,1.0,33,,0.0,2.0,2.0,A01,138Â 206Â 734,1.0
1011282,201900052813,5,15,11:30,1,1,6,1.0,3.0,72346,D23,M,"47,8906560","0,0431730",72,2019,80.0,1.0,1.0,3.0,2261466,1.0,1,1,2,5.0,,0.0,0,1968.0,A01,138Â 206Â 729,1.0,-1.0,-1.0,1726235,1.0,7,,0.0,2.0,3.0,A01,138Â 206Â 729,1.0
1011282,201900052813,5,15,11:30,1,1,6,1.0,3.0,72346,D23,M,"47,8906560","0,0431730",72,2019,80.0,1.0,1.0,3.0,2261466,1.0,1,1,2,5.0,,0.0,0,1968.0,A01,138Â 206Â 729,1.0,-1.0,-1.0,1726236,1.0,99,,0.0,2.0,7.0,B01,138Â 206Â 730,3.0
1011282,201900052813,5,15,11:30,1,1,6,1.0,3.0,72346,D23,M,"47,8906560","0,0431730",72,2019,80.0,1.0,1.0,3.0,2261467,1.0,1,3,1,5.0,,0.0,0,1956.0,B01,138Â 206Â 730,0.0,-1.0,-1.0,1726235,1.0,7,,0.0,2.0,3.0,A01,138Â 206Â 729,1.0