Unnamed: 0_x,num_acc,mois,jour,hrmn,lum,agg,int,atm,col,com,adr,gps,lat,long,dep,annee,vma,situ,surf,catr,Unnamed: 0_y,place,catu,grav,sexe,trajet,secu,locp,actp,an_nais,num_veh_x,id_vehicule_x,secu1,secu2,secu3,Unnamed: 0,senc,catv,occutc,obs,obsm,choc,num_veh_y,id_vehicule_y,motor
1011282,201900052813,5,15,11:30,1,1,6,1.0,3.0,72346,D23,M,"47,8906560","0,0431730",72,2019,80.0,1.0,1.0,3.0,2261467,1.0,1,3,1,5.0,,0.0,0,1956.0,B01,138Â 206Â 730,0.0,-1.0,-1.0,1726236,1.0,99,,0.0,2.0,7.0,B01,138Â 206Â 730,3.0
1011283,201900052814,5,9,16:00,1,1,1,1.0,6.0,72278,bresteau,M,"48,0177940"," -0,2887350",72,2019,-1.0,3.0,1.0,3.0,2261468,1.0,1,2,1,5.0,,0.0,0,1962.0,A01,138Â 206Â 727,1.0,-1.0,-1.0,1726237,2.0,7,,13.0,0.0,7.0,A01,138Â 206Â 727,1.0
1011284,201900052815,5,31,00:00,5,2,3,1.0,3.0,06032,M6007,M,"43,7247400","7,3920530",6,2019,50.0,1.0,1.0,3.0,2261469,1.0,1,4,1,1.0,,0.0,0,1978.0,B01,138Â 206Â 723,2.0,6.0,9.0,1726238,0.0,33,,0.0,0.0,7.0,B01,138Â 206Â 723,1.0
1011284,201900052815,5,31,00:00,5,2,3,1.0,3.0,06032,M6007,M,"43,7247400","7,3920530",6,2019,50.0,1.0,1.0,3.0,2261469,1.0,1,4,1,1.0,,0.0,0,1978.0,B01,138Â 206Â 723,2.0,6.0,9.0,1726239,0.0,7,,0.0,2.0,3.0,A01,138Â 206Â 724,1.0
1011284,201900052815,5,31,00:00,5,2,3,1.0,3.0,06032,M6007,M,"43,7247400","7,3920530",6,2019,50.0,1.0,1.0,3.0,2261470,1.0,1,1,1,1.0,,0.0,0,1995.0,A01,138Â 206Â 724,1.0,-1.0,-1.0,1726238,0.0,33,,0.0,0.0,7.0,B01,138Â 206Â 723,1.0
1011284,201900052815,5,31,00:00,5,2,3,1.0,3.0,06032,M6007,M,"43,7247400","7,3920530",6,2019,50.0,1.0,1.0,3.0,2261470,1.0,1,1,1,1.0,,0.0,0,1995.0,A01,138Â 206Â 724,1.0,-1.0,-1.0,1726239,0.0,7,,0.0,2.0,3.0,A01,138Â 206Â 724,1.0
1011285,201900052816,5,12,21:24,5,2,1,1.0,6.0,06150,avenue du gÃ©nÃ©ral de Gaulle,M,"43,7454532","7,3999779",6,2019,30.0,1.0,1.0,3.0,2261471,10.0,3,4,2,4.0,,3.0,3,1997.0,A01,138Â 206Â 722,0.0,-1.0,-1.0,1726240,3.0,7,,0.0,1.0,2.0,A01,138Â 206Â 722,1.0
1011285,201900052816,5,12,21:24,5,2,1,1.0,6.0,06150,avenue du gÃ©nÃ©ral de Gaulle,M,"43,7454532","7,3999779",6,2019,30.0,1.0,1.0,3.0,2261472,1.0,1,1,1,5.0,,0.0,0,1944.0,A01,138Â 206Â 722,8.0,-1.0,-1.0,1726240,3.0,7,,0.0,1.0,2.0,A01,138Â 206Â 722,1.0
1011286,201900052817,5,8,07:45,1,1,3,1.0,3.0,06150,route de cap d'ail,M,"43,7361910","7,3966423",6,2019,30.0,1.0,1.0,3.0,2261473,1.0,1,1,1,1.0,,0.0,0,1969.0,A01,138Â 206Â 720,1.0,-1.0,-1.0,1726241,3.0,7,,0.0,2.0,3.0,A01,138Â 206Â 720,1.0
1011286,201900052817,5,8,07:45,1,1,3,1.0,3.0,06150,route de cap d'ail,M,"43,7361910","7,3966423",6,2019,30.0,1.0,1.0,3.0,2261473,1.0,1,1,1,1.0,,0.0,0,1969.0,A01,138Â 206Â 720,1.0,-1.0,-1.0,1726242,3.0,33,,0.0,2.0,1.0,B01,138Â 206Â 721,1.0
1011286,201900052817,5,8,07:45,1,1,3,1.0,3.0,06150,route de cap d'ail,M,"43,7361910","7,3966423",6,2019,30.0,1.0,1.0,3.0,2261474,1.0,1,3,1,0.0,,0.0,0,1981.0,B01,138Â 206Â 721,2.0,6.0,-1.0,1726241,3.0,7,,0.0,2.0,3.0,A01,138Â 206Â 720,1.0
1011286,201900052817,5,8,07:45,1,1,3,1.0,3.0,06150,route de cap d'ail,M,"43,7361910","7,3966423",6,2019,30.0,1.0,1.0,3.0,2261474,1.0,1,3,1,0.0,,0.0,0,1981.0,B01,138Â 206Â 721,2.0,6.0,-1.0,1726242,3.0,33,,0.0,2.0,1.0,B01,138Â 206Â 721,1.0
1011287,201900052818,5,12,18:21,1,1,1,1.0,7.0,06023,RD 6204 PK 03+200 (Pont de Piene),M,"43,9215710","7,5189800",6,2019,80.0,1.0,2.0,3.0,2261475,1.0,1,3,1,9.0,,0.0,0,1962.0,A01,138Â 206Â 719,2.0,6.0,9.0,1726243,1.0,33,,6.0,0.0,1.0,A01,138Â 206Â 719,1.0
1011288,201900052819,3,23,15:20,1,1,4,1.0,3.0,06023,PK 3+000 RD6204,M,"43,9084629","7,5248804",6,2019,70.0,1.0,1.0,3.0,2261476,9.0,2,1,2,3.0,,0.0,0,2003.0,A01,138Â 206Â 717,1.0,-1.0,-1.0,1726244,1.0,7,,0.0,2.0,8.0,A01,138Â 206Â 717,0.0
1011288,201900052819,3,23,15:20,1,1,4,1.0,3.0,06023,PK 3+000 RD6204,M,"43,9084629","7,5248804",6,2019,70.0,1.0,1.0,3.0,2261476,9.0,2,1,2,3.0,,0.0,0,2003.0,A01,138Â 206Â 717,1.0,-1.0,-1.0,1726245,1.0,33,,0.0,2.0,3.0,B01,138Â 206Â 718,0.0
1011288,201900052819,3,23,15:20,1,1,4,1.0,3.0,06023,PK 3+000 RD6204,M,"43,9084629","7,5248804",6,2019,70.0,1.0,1.0,3.0,2261477,2.0,2,1,2,3.0,,0.0,0,1988.0,A01,138Â 206Â 717,1.0,-1.0,-1.0,1726244,1.0,7,,0.0,2.0,8.0,A01,138Â 206Â 717,0.0
1011288,201900052819,3,23,15:20,1,1,4,1.0,3.0,06023,PK 3+000 RD6204,M,"43,9084629","7,5248804",6,2019,70.0,1.0,1.0,3.0,2261477,2.0,2,1,2,3.0,,0.0,0,1988.0,A01,138Â 206Â 717,1.0,-1.0,-1.0,1726245,1.0,33,,0.0,2.0,3.0,B01,138Â 206Â 718,0.0
1011288,201900052819,3,23,15:20,1,1,4,1.0,3.0,06023,PK 3+000 RD6204,M,"43,9084629","7,5248804",6,2019,70.0,1.0,1.0,3.0,2261478,1.0,1,1,2,3.0,,0.0,0,1953.0,A01,138Â 206Â 717,1.0,-1.0,-1.0,1726244,1.0,7,,0.0,2.0,8.0,A01,138Â 206Â 717,0.0
1011288,201900052819,3,23,15:20,1,1,4,1.0,3.0,06023,PK 3+000 RD6204,M,"43,9084629","7,5248804",6,2019,70.0,1.0,1.0,3.0,2261478,1.0,1,1,2,3.0,,0.0,0,1953.0,A01,138Â 206Â 717,1.0,-1.0,-1.0,1726245,1.0,33,,0.0,2.0,3.0,B01,138Â 206Â 718,0.0
1011288,201900052819,3,23,15:20,1,1,4,1.0,3.0,06023,PK 3+000 RD6204,M,"43,9084629","7,5248804",6,2019,70.0,1.0,1.0,3.0,2261479,7.0,2,1,2,3.0,,0.0,0,2008.0,A01,138Â 206Â 717,1.0,-1.0,-1.0,1726244,1.0,7,,0.0,2.0,8.0,A01,138Â 206Â 717,0.0
1011288,201900052819,3,23,15:20,1,1,4,1.0,3.0,06023,PK 3+000 RD6204,M,"43,9084629","7,5248804",6,2019,70.0,1.0,1.0,3.0,2261479,7.0,2,1,2,3.0,,0.0,0,2008.0,A01,138Â 206Â 717,1.0,-1.0,-1.0,1726245,1.0,33,,0.0,2.0,3.0,B01,138Â 206Â 718,0.0
1011288,201900052819,3,23,15:20,1,1,4,1.0,3.0,06023,PK 3+000 RD6204,M,"43,9084629","7,5248804",6,2019,70.0,1.0,1.0,3.0,2261480,1.0,1,3,1,5.0,,0.0,0,1970.0,B01,138Â 206Â 718,2.0,-1.0,-1.0,1726244,1.0,7,,0.0,2.0,8.0,A01,138Â 206Â 717,0.0
1011288,201900052819,3,23,15:20,1,1,4,1.0,3.0,06023,PK 3+000 RD6204,M,"43,9084629","7,5248804",6,2019,70.0,1.0,1.0,3.0,2261480,1.0,1,3,1,5.0,,0.0,0,1970.0,B01,138Â 206Â 718,2.0,-1.0,-1.0,1726245,1.0,33,,0.0,2.0,3.0,B01,138Â 206Â 718,0.0
1011289,201900052820,5,13,19:25,1,1,4,1.0,3.0,06067,Route de Menton,M,"43,7856140","7,4507880",6,2019,70.0,1.0,1.0,3.0,2261481,1.0,1,3,1,1.0,,0.0,0,1962.0,A01,138Â 206Â 715,2.0,-1.0,-1.0,1726246,1.0,30,,0.0,2.0,3.0,A01,138Â 206Â 715,1.0
1011289,201900052820,5,13,19:25,1,1,4,1.0,3.0,06067,Route de Menton,M,"43,7856140","7,4507880",6,2019,70.0,1.0,1.0,3.0,2261481,1.0,1,3,1,1.0,,0.0,0,1962.0,A01,138Â 206Â 715,2.0,-1.0,-1.0,1726247,2.0,7,,0.0,2.0,1.0,B01,138Â 206Â 716,1.0
1011289,201900052820,5,13,19:25,1,1,4,1.0,3.0,06067,Route de Menton,M,"43,7856140","7,4507880",6,2019,70.0,1.0,1.0,3.0,2261482,1.0,1,1,2,3.0,,0.0,0,1965.0,B01,138Â 206Â 716,1.0,-1.0,-1.0,1726246,1.0,30,,0.0,2.0,3.0,A01,138Â 206Â 715,1.0
1011289,201900052820,5,13,19:25,1,1,4,1.0,3.0,06067,Route de Menton,M,"43,7856140","7,4507880",6,2019,70.0,1.0,1.0,3.0,2261482,1.0,1,1,2,3.0,,0.0,0,1965.0,B01,138Â 206Â 716,1.0,-1.0,-1.0,1726247,2.0,7,,0.0,2.0,1.0,B01,138Â 206Â 716,1.0
1011290,201900052821,5,25,15:20,1,1,1,1.0,7.0,06068,Route dÃ©partementale 03,M,"43,7175910","6,9717460",6,2019,80.0,8.0,1.0,3.0,2261483,1.0,1,3,1,5.0,,0.0,0,1957.0,A01,138Â 206Â 714,0.0,-1.0,-1.0,1726248,1.0,1,,10.0,0.0,1.0,A01,138Â 206Â 714,5.0
1011291,201900052822,5,13,14:05,1,2,9,1.0,3.0,06112,route dÃ©partementale 2085,M,"43,6742460","7,0056260",6,2019,50.0,1.0,1.0,3.0,2261484,1.0,1,4,1,1.0,,0.0,0,1998.0,B01,138Â 206Â 712,2.0,-1.0,-1.0,1726249,1.0,31,,0.0,2.0,5.0,B01,138Â 206Â 712,1.0
1011291,201900052822,5,13,14:05,1,2,9,1.0,3.0,06112,route dÃ©partementale 2085,M,"43,6742460","7,0056260",6,2019,50.0,1.0,1.0,3.0,2261484,1.0,1,4,1,1.0,,0.0,0,1998.0,B01,138Â 206Â 712,2.0,-1.0,-1.0,1726250,1.0,7,,0.0,2.0,3.0,A01,138Â 206Â 713,1.0
1011291,201900052822,5,13,14:05,1,2,9,1.0,3.0,06112,route dÃ©partementale 2085,M,"43,6742460","7,0056260",6,2019,50.0,1.0,1.0,3.0,2261485,1.0,1,1,1,4.0,,0.0,0,1970.0,A01,138Â 206Â 713,1.0,-1.0,-1.0,1726249,1.0,31,,0.0,2.0,5.0,B01,138Â 206Â 712,1.0
1011291,201900052822,5,13,14:05,1,2,9,1.0,3.0,06112,route dÃ©partementale 2085,M,"43,6742460","7,0056260",6,2019,50.0,1.0,1.0,3.0,2261485,1.0,1,1,1,4.0,,0.0,0,1970.0,A01,138Â 206Â 713,1.0,-1.0,-1.0,1726250,1.0,7,,0.0,2.0,3.0,A01,138Â 206Â 713,1.0
1011292,201900052823,5,11,08:20,1,2,1,1.0,3.0,06112,chemin des princes,M,"43,6731230","7,0065780",6,2019,50.0,1.0,1.0,4.0,2261486,1.0,1,4,1,5.0,,0.0,0,2011.0,B01,138Â 206Â 710,0.0,-1.0,-1.0,1726251,3.0,1,,0.0,2.0,2.0,B01,138Â 206Â 710,6.0
1011292,201900052823,5,11,08:20,1,2,1,1.0,3.0,06112,chemin des princes,M,"43,6731230","7,0065780",6,2019,50.0,1.0,1.0,4.0,2261486,1.0,1,4,1,5.0,,0.0,0,2011.0,B01,138Â 206Â 710,0.0,-1.0,-1.0,1726252,2.0,10,,0.0,9.0,7.0,A01,138Â 206Â 711,1.0
1011292,201900052823,5,11,08:20,1,2,1,1.0,3.0,06112,chemin des princes,M,"43,6731230","7,0065780",6,2019,50.0,1.0,1.0,4.0,2261487,1.0,1,1,1,1.0,,0.0,0,1978.0,A01,138Â 206Â 711,1.0,-1.0,-1.0,1726251,3.0,1,,0.0,2.0,2.0,B01,138Â 206Â 710,6.0
1011292,201900052823,5,11,08:20,1,2,1,1.0,3.0,06112,chemin des princes,M,"43,6731230","7,0065780",6,2019,50.0,1.0,1.0,4.0,2261487,1.0,1,1,1,1.0,,0.0,0,1978.0,A01,138Â 206Â 711,1.0,-1.0,-1.0,1726252,2.0,10,,0.0,9.0,7.0,A01,138Â 206Â 711,1.0
1011293,201900052824,5,10,13:45,1,1,1,1.0,5.0,06089,Route de Cannes,M,"43,6577482","6,9987153",6,2019,70.0,1.0,1.0,3.0,2261488,1.0,1,3,2,0.0,,0.0,0,1964.0,A01,138Â 206Â 707,2.0,6.0,-1.0,1726253,0.0,34,,0.0,2.0,3.0,A01,138Â 206Â 707,1.0
1011293,201900052824,5,10,13:45,1,1,1,1.0,5.0,06089,Route de Cannes,M,"43,6577482","6,9987153",6,2019,70.0,1.0,1.0,3.0,2261488,1.0,1,3,2,0.0,,0.0,0,1964.0,A01,138Â 206Â 707,2.0,6.0,-1.0,1726254,0.0,7,,0.0,2.0,8.0,B01,138Â 206Â 708,1.0
1011293,201900052824,5,10,13:45,1,1,1,1.0,5.0,06089,Route de Cannes,M,"43,6577482","6,9987153",6,2019,70.0,1.0,1.0,3.0,2261488,1.0,1,3,2,0.0,,0.0,0,1964.0,A01,138Â 206Â 707,2.0,6.0,-1.0,1726255,0.0,7,,0.0,2.0,1.0,C01,138Â 206Â 709,1.0
1011293,201900052824,5,10,13:45,1,1,1,1.0,5.0,06089,Route de Cannes,M,"43,6577482","6,9987153",6,2019,70.0,1.0,1.0,3.0,2261489,1.0,1,1,1,4.0,,0.0,0,1960.0,B01,138Â 206Â 708,1.0,-1.0,-1.0,1726253,0.0,34,,0.0,2.0,3.0,A01,138Â 206Â 707,1.0
1011293,201900052824,5,10,13:45,1,1,1,1.0,5.0,06089,Route de Cannes,M,"43,6577482","6,9987153",6,2019,70.0,1.0,1.0,3.0,2261489,1.0,1,1,1,4.0,,0.0,0,1960.0,B01,138Â 206Â 708,1.0,-1.0,-1.0,1726254,0.0,7,,0.0,2.0,8.0,B01,138Â 206Â 708,1.0
1011293,201900052824,5,10,13:45,1,1,1,1.0,5.0,06089,Route de Cannes,M,"43,6577482","6,9987153",6,2019,70.0,1.0,1.0,3.0,2261489,1.0,1,1,1,4.0,,0.0,0,1960.0,B01,138Â 206Â 708,1.0,-1.0,-1.0,1726255,0.0,7,,0.0,2.0,1.0,C01,138Â 206Â 709,1.0
1011293,201900052824,5,10,13:45,1,1,1,1.0,5.0,06089,Route de Cannes,M,"43,6577482","6,9987153",6,2019,70.0,1.0,1.0,3.0,2261490,1.0,1,1,1,0.0,,0.0,0,1984.0,C01,138Â 206Â 709,1.0,-1.0,-1.0,1726253,0.0,34,,0.0,2.0,3.0,A01,138Â 206Â 707,1.0
1011293,201900052824,5,10,13:45,1,1,1,1.0,5.0,06089,Route de Cannes,M,"43,6577482","6,9987153",6,2019,70.0,1.0,1.0,3.0,2261490,1.0,1,1,1,0.0,,0.0,0,1984.0,C01,138Â 206Â 709,1.0,-1.0,-1.0,1726254,0.0,7,,0.0,2.0,8.0,B01,138Â 206Â 708,1.0
1011293,201900052824,5,10,13:45,1,1,1,1.0,5.0,06089,Route de Cannes,M,"43,6577482","6,9987153",6,2019,70.0,1.0,1.0,3.0,2261490,1.0,1,1,1,0.0,,0.0,0,1984.0,C01,138Â 206Â 709,1.0,-1.0,-1.0,1726255,0.0,7,,0.0,2.0,1.0,C01,138Â 206Â 709,1.0
1011294,201900052825,5,3,05:30,3,1,1,1.0,6.0,06105,Route de la Colle-Sur-Loup,M,"43,6879398","7,0697964",6,2019,70.0,1.0,1.0,3.0,2261491,10.0,3,4,1,1.0,,1.0,A,1961.0,A01,138Â 206Â 706,4.0,-1.0,-1.0,1726256,1.0,13,,0.0,1.0,3.0,A01,138Â 206Â 706,0.0
1011295,201900052826,5,12,07:00,1,2,1,1.0,7.0,06079,Avenue de Beausite,M,"43,5523408","6,9347291",6,2019,30.0,1.0,1.0,4.0,2261492,1.0,1,4,2,5.0,,0.0,0,1999.0,A01,138Â 206Â 705,0.0,-1.0,-1.0,1726257,1.0,7,,8.0,0.0,1.0,A01,138Â 206Â 705,0.0
1011296,201900052827,5,4,12:20,1,2,1,1.0,3.0,06138,Boulevard de la Corniche d'Or,M,"43,5047420","6,9487580",6,2019,50.0,1.0,1.0,3.0,2261493,1.0,1,1,1,5.0,,0.0,0,1958.0,B01,138Â 206Â 703,1.0,-1.0,-1.0,1726258,2.0,7,,0.0,2.0,1.0,B01,138Â 206Â 703,1.0
1011296,201900052827,5,4,12:20,1,2,1,1.0,3.0,06138,Boulevard de la Corniche d'Or,M,"43,5047420","6,9487580",6,2019,50.0,1.0,1.0,3.0,2261493,1.0,1,1,1,5.0,,0.0,0,1958.0,B01,138Â 206Â 703,1.0,-1.0,-1.0,1726259,1.0,7,,0.0,2.0,8.0,A01,138Â 206Â 704,1.0
1011296,201900052827,5,4,12:20,1,2,1,1.0,3.0,06138,Boulevard de la Corniche d'Or,M,"43,5047420","6,9487580",6,2019,50.0,1.0,1.0,3.0,2261494,7.0,2,1,2,5.0,,0.0,0,1947.0,A01,138Â 206Â 704,1.0,-1.0,-1.0,1726258,2.0,7,,0.0,2.0,1.0,B01,138Â 206Â 703,1.0
1011296,201900052827,5,4,12:20,1,2,1,1.0,3.0,06138,Boulevard de la Corniche d'Or,M,"43,5047420","6,9487580",6,2019,50.0,1.0,1.0,3.0,2261494,7.0,2,1,2,5.0,,0.0,0,1947.0,A01,138Â 206Â 704,1.0,-1.0,-1.0,1726259,1.0,7,,0.0,2.0,8.0,A01,138Â 206Â 704,1.0
1011296,201900052827,5,4,12:20,1,2,1,1.0,3.0,06138,Boulevard de la Corniche d'Or,M,"43,5047420","6,9487580",6,2019,50.0,1.0,1.0,3.0,2261495,9.0,2,4,1,5.0,,0.0,0,1932.0,A01,138Â 206Â 704,1.0,-1.0,-1.0,1726258,2.0,7,,0.0,2.0,1.0,B01,138Â 206Â 703,1.0
1011296,201900052827,5,4,12:20,1,2,1,1.0,3.0,06138,Boulevard de la Corniche d'Or,M,"43,5047420","6,9487580",6,2019,50.0,1.0,1.0,3.0,2261495,9.0,2,4,1,5.0,,0.0,0,1932.0,A01,138Â 206Â 704,1.0,-1.0,-1.0,1726259,1.0,7,,0.0,2.0,8.0,A01,138Â 206Â 704,1.0
1011296,201900052827,5,4,12:20,1,2,1,1.0,3.0,06138,Boulevard de la Corniche d'Or,M,"43,5047420","6,9487580",6,2019,50.0,1.0,1.0,3.0,2261496,2.0,2,1,2,5.0,,0.0,0,1940.0,A01,138Â 206Â 704,1.0,-1.0,-1.0,1726258,2.0,7,,0.0,2.0,1.0,B01,138Â 206Â 703,1.0
1011296,201900052827,5,4,12:20,1,2,1,1.0,3.0,06138,Boulevard de la Corniche d'Or,M,"43,5047420","6,9487580",6,2019,50.0,1.0,1.0,3.0,2261496,2.0,2,1,2,5.0,,0.0,0,1940.0,A01,138Â 206Â 704,1.0,-1.0,-1.0,1726259,1.0,7,,0.0,2.0,8.0,A01,138Â 206Â 704,1.0
1011296,201900052827,5,4,12:20,1,2,1,1.0,3.0,06138,Boulevard de la Corniche d'Or,M,"43,5047420","6,9487580",6,2019,50.0,1.0,1.0,3.0,2261497,1.0,1,1,1,5.0,,0.0,0,1944.0,A01,138Â 206Â 704,1.0,-1.0,-1.0,1726258,2.0,7,,0.0,2.0,1.0,B01,138Â 206Â 703,1.0
1011296,201900052827,5,4,12:20,1,2,1,1.0,3.0,06138,Boulevard de la Corniche d'Or,M,"43,5047420","6,9487580",6,2019,50.0,1.0,1.0,3.0,2261497,1.0,1,1,1,5.0,,0.0,0,1944.0,A01,138Â 206Â 704,1.0,-1.0,-1.0,1726259,1.0,7,,0.0,2.0,8.0,A01,138Â 206Â 704,1.0
1011297,201900052828,5,12,12:00,1,1,1,1.0,6.0,14431,Route de Caen Vieux Fume (MÃ©zidon-Canon),M,"49,0748860"," -0,1362570",14,2019,80.0,1.0,1.0,3.0,2261498,2.0,2,4,2,5.0,,0.0,0,1981.0,A01,138Â 206Â 702,2.0,6.0,-1.0,1726260,1.0,33,,0.0,6.0,1.0,A01,138Â 206Â 702,1.0
1011297,201900052828,5,12,12:00,1,1,1,1.0,6.0,14431,Route de Caen Vieux Fume (MÃ©zidon-Canon),M,"49,0748860"," -0,1362570",14,2019,80.0,1.0,1.0,3.0,2261499,1.0,1,4,1,5.0,,0.0,0,1972.0,A01,138Â 206Â 702,2.0,6.0,-1.0,1726260,1.0,33,,0.0,6.0,1.0,A01,138Â 206Â 702,1.0
1011298,201900052829,5,26,17:45,1,1,1,1.0,5.0,14303,RD613,M,"49,1448800","0,2832210",14,2019,80.0,1.0,1.0,3.0,2261500,1.0,1,3,2,0.0,,0.0,0,1993.0,A01,138Â 206Â 699,1.0,-1.0,-1.0,1726261,1.0,7,,0.0,2.0,1.0,A01,138Â 206Â 699,1.0
1011298,201900052829,5,26,17:45,1,1,1,1.0,5.0,14303,RD613,M,"49,1448800","0,2832210",14,2019,80.0,1.0,1.0,3.0,2261500,1.0,1,3,2,0.0,,0.0,0,1993.0,A01,138Â 206Â 699,1.0,-1.0,-1.0,1726262,2.0,7,,0.0,2.0,1.0,B01,138Â 206Â 700,1.0
1011298,201900052829,5,26,17:45,1,1,1,1.0,5.0,14303,RD613,M,"49,1448800","0,2832210",14,2019,80.0,1.0,1.0,3.0,2261500,1.0,1,3,2,0.0,,0.0,0,1993.0,A01,138Â 206Â 699,1.0,-1.0,-1.0,1726263,2.0,7,,0.0,2.0,8.0,C01,138Â 206Â 701,1.0
1011298,201900052829,5,26,17:45,1,1,1,1.0,5.0,14303,RD613,M,"49,1448800","0,2832210",14,2019,80.0,1.0,1.0,3.0,2261501,1.0,1,1,2,9.0,,0.0,0,1971.0,B01,138Â 206Â 700,1.0,-1.0,-1.0,1726261,1.0,7,,0.0,2.0,1.0,A01,138Â 206Â 699,1.0
1011298,201900052829,5,26,17:45,1,1,1,1.0,5.0,14303,RD613,M,"49,1448800","0,2832210",14,2019,80.0,1.0,1.0,3.0,2261501,1.0,1,1,2,9.0,,0.0,0,1971.0,B01,138Â 206Â 700,1.0,-1.0,-1.0,1726262,2.0,7,,0.0,2.0,1.0,B01,138Â 206Â 700,1.0
1011298,201900052829,5,26,17:45,1,1,1,1.0,5.0,14303,RD613,M,"49,1448800","0,2832210",14,2019,80.0,1.0,1.0,3.0,2261501,1.0,1,1,2,9.0,,0.0,0,1971.0,B01,138Â 206Â 700,1.0,-1.0,-1.0,1726263,2.0,7,,0.0,2.0,8.0,C01,138Â 206Â 701,1.0
1011298,201900052829,5,26,17:45,1,1,1,1.0,5.0,14303,RD613,M,"49,1448800","0,2832210",14,2019,80.0,1.0,1.0,3.0,2261502,2.0,2,1,2,0.0,,0.0,0,1967.0,C01,138Â 206Â 701,1.0,-1.0,-1.0,1726261,1.0,7,,0.0,2.0,1.0,A01,138Â 206Â 699,1.0
1011298,201900052829,5,26,17:45,1,1,1,1.0,5.0,14303,RD613,M,"49,1448800","0,2832210",14,2019,80.0,1.0,1.0,3.0,2261502,2.0,2,1,2,0.0,,0.0,0,1967.0,C01,138Â 206Â 701,1.0,-1.0,-1.0,1726262,2.0,7,,0.0,2.0,1.0,B01,138Â 206Â 700,1.0
1011298,201900052829,5,26,17:45,1,1,1,1.0,5.0,14303,RD613,M,"49,1448800","0,2832210",14,2019,80.0,1.0,1.0,3.0,2261502,2.0,2,1,2,0.0,,0.0,0,1967.0,C01,138Â 206Â 701,1.0,-1.0,-1.0,1726263,2.0,7,,0.0,2.0,8.0,C01,138Â 206Â 701,1.0
1011298,201900052829,5,26,17:45,1,1,1,1.0,5.0,14303,RD613,M,"49,1448800","0,2832210",14,2019,80.0,1.0,1.0,3.0,2261503,1.0,1,4,1,0.0,,0.0,0,1966.0,C01,138Â 206Â 701,1.0,-1.0,-1.0,1726261,1.0,7,,0.0,2.0,1.0,A01,138Â 206Â 699,1.0
1011298,201900052829,5,26,17:45,1,1,1,1.0,5.0,14303,RD613,M,"49,1448800","0,2832210",14,2019,80.0,1.0,1.0,3.0,2261503,1.0,1,4,1,0.0,,0.0,0,1966.0,C01,138Â 206Â 701,1.0,-1.0,-1.0,1726262,2.0,7,,0.0,2.0,1.0,B01,138Â 206Â 700,1.0
1011298,201900052829,5,26,17:45,1,1,1,1.0,5.0,14303,RD613,M,"49,1448800","0,2832210",14,2019,80.0,1.0,1.0,3.0,2261503,1.0,1,4,1,0.0,,0.0,0,1966.0,C01,138Â 206Â 701,1.0,-1.0,-1.0,1726263,2.0,7,,0.0,2.0,8.0,C01,138Â 206Â 701,1.0
1011299,201900052830,5,13,07:10,1,1,3,1.0,3.0,14740,RD 4 pk 00+100,M,"49,0302650","0,4272880",14,2019,80.0,1.0,1.0,3.0,2261504,1.0,1,1,2,0.0,,0.0,0,1972.0,B01,138Â 206Â 697,1.0,-1.0,-1.0,1726264,2.0,7,,0.0,2.0,2.0,B01,138Â 206Â 697,1.0
1011299,201900052830,5,13,07:10,1,1,3,1.0,3.0,14740,RD 4 pk 00+100,M,"49,0302650","0,4272880",14,2019,80.0,1.0,1.0,3.0,2261504,1.0,1,1,2,0.0,,0.0,0,1972.0,B01,138Â 206Â 697,1.0,-1.0,-1.0,1726265,3.0,2,,7.0,2.0,1.0,A01,138Â 206Â 698,1.0
1011299,201900052830,5,13,07:10,1,1,3,1.0,3.0,14740,RD 4 pk 00+100,M,"49,0302650","0,4272880",14,2019,80.0,1.0,1.0,3.0,2261505,2.0,2,1,1,9.0,,0.0,0,1972.0,B01,138Â 206Â 697,1.0,-1.0,-1.0,1726264,2.0,7,,0.0,2.0,2.0,B01,138Â 206Â 697,1.0
1011299,201900052830,5,13,07:10,1,1,3,1.0,3.0,14740,RD 4 pk 00+100,M,"49,0302650","0,4272880",14,2019,80.0,1.0,1.0,3.0,2261505,2.0,2,1,1,9.0,,0.0,0,1972.0,B01,138Â 206Â 697,1.0,-1.0,-1.0,1726265,3.0,2,,7.0,2.0,1.0,A01,138Â 206Â 698,1.0
1011299,201900052830,5,13,07:10,1,1,3,1.0,3.0,14740,RD 4 pk 00+100,M,"49,0302650","0,4272880",14,2019,80.0,1.0,1.0,3.0,2261506,1.0,1,3,1,1.0,,0.0,0,1985.0,A01,138Â 206Â 698,2.0,6.0,-1.0,1726264,2.0,7,,0.0,2.0,2.0,B01,138Â 206Â 697,1.0
1011299,201900052830,5,13,07:10,1,1,3,1.0,3.0,14740,RD 4 pk 00+100,M,"49,0302650","0,4272880",14,2019,80.0,1.0,1.0,3.0,2261506,1.0,1,3,1,1.0,,0.0,0,1985.0,A01,138Â 206Â 698,2.0,6.0,-1.0,1726265,3.0,2,,7.0,2.0,1.0,A01,138Â 206Â 698,1.0