Unnamed: 0_x,num_acc,mois,jour,hrmn,lum,agg,int,atm,col,com,adr,gps,lat,long,dep,annee,vma,situ,surf,catr,Unnamed: 0_y,place,catu,grav,sexe,trajet,secu,locp,actp,an_nais,num_veh_x,id_vehicule_x,secu1,secu2,secu3,Unnamed: 0,senc,catv,occutc,obs,obsm,choc,num_veh_y,id_vehicule_y,motor
1011300,201900052831,5,31,15:30,1,1,1,1.0,1.0,14473,D613,M,"49,1147130","0,0399860",14,2019,80.0,1.0,1.0,3.0,2261507,2.0,2,3,2,5.0,,0.0,0,1939.0,B01,138Â 206Â 695,1.0,-1.0,-1.0,1726266,1.0,7,,0.0,2.0,1.0,B01,138Â 206Â 695,1.0
1011300,201900052831,5,31,15:30,1,1,1,1.0,1.0,14473,D613,M,"49,1147130","0,0399860",14,2019,80.0,1.0,1.0,3.0,2261507,2.0,2,3,2,5.0,,0.0,0,1939.0,B01,138Â 206Â 695,1.0,-1.0,-1.0,1726267,2.0,7,,0.0,2.0,1.0,A01,138Â 206Â 696,1.0
1011300,201900052831,5,31,15:30,1,1,1,1.0,1.0,14473,D613,M,"49,1147130","0,0399860",14,2019,80.0,1.0,1.0,3.0,2261508,1.0,1,4,1,5.0,,0.0,0,1939.0,B01,138Â 206Â 695,1.0,-1.0,-1.0,1726266,1.0,7,,0.0,2.0,1.0,B01,138Â 206Â 695,1.0
1011300,201900052831,5,31,15:30,1,1,1,1.0,1.0,14473,D613,M,"49,1147130","0,0399860",14,2019,80.0,1.0,1.0,3.0,2261508,1.0,1,4,1,5.0,,0.0,0,1939.0,B01,138Â 206Â 695,1.0,-1.0,-1.0,1726267,2.0,7,,0.0,2.0,1.0,A01,138Â 206Â 696,1.0
1011300,201900052831,5,31,15:30,1,1,1,1.0,1.0,14473,D613,M,"49,1147130","0,0399860",14,2019,80.0,1.0,1.0,3.0,2261509,3.0,2,3,1,5.0,,0.0,0,2011.0,A01,138Â 206Â 696,3.0,-1.0,-1.0,1726266,1.0,7,,0.0,2.0,1.0,B01,138Â 206Â 695,1.0
1011300,201900052831,5,31,15:30,1,1,1,1.0,1.0,14473,D613,M,"49,1147130","0,0399860",14,2019,80.0,1.0,1.0,3.0,2261509,3.0,2,3,1,5.0,,0.0,0,2011.0,A01,138Â 206Â 696,3.0,-1.0,-1.0,1726267,2.0,7,,0.0,2.0,1.0,A01,138Â 206Â 696,1.0
1011300,201900052831,5,31,15:30,1,1,1,1.0,1.0,14473,D613,M,"49,1147130","0,0399860",14,2019,80.0,1.0,1.0,3.0,2261510,1.0,1,3,2,5.0,,0.0,0,1951.0,A01,138Â 206Â 696,1.0,-1.0,-1.0,1726266,1.0,7,,0.0,2.0,1.0,B01,138Â 206Â 695,1.0
1011300,201900052831,5,31,15:30,1,1,1,1.0,1.0,14473,D613,M,"49,1147130","0,0399860",14,2019,80.0,1.0,1.0,3.0,2261510,1.0,1,3,2,5.0,,0.0,0,1951.0,A01,138Â 206Â 696,1.0,-1.0,-1.0,1726267,2.0,7,,0.0,2.0,1.0,A01,138Â 206Â 696,1.0
1011301,201900052832,5,30,18:00,1,1,1,1.0,2.0,14731,617 la cour notre dame,M,"49,3188710","0,0562320",14,2019,80.0,1.0,1.0,3.0,2261511,2.0,2,1,2,5.0,,0.0,0,1955.0,A01,138Â 206Â 693,2.0,-1.0,-1.0,1726268,2.0,33,,0.0,2.0,1.0,A01,138Â 206Â 693,1.0
1011301,201900052832,5,30,18:00,1,1,1,1.0,2.0,14731,617 la cour notre dame,M,"49,3188710","0,0562320",14,2019,80.0,1.0,1.0,3.0,2261511,2.0,2,1,2,5.0,,0.0,0,1955.0,A01,138Â 206Â 693,2.0,-1.0,-1.0,1726269,2.0,7,,0.0,2.0,4.0,B01,138Â 206Â 694,1.0
1011301,201900052832,5,30,18:00,1,1,1,1.0,2.0,14731,617 la cour notre dame,M,"49,3188710","0,0562320",14,2019,80.0,1.0,1.0,3.0,2261512,1.0,1,3,1,5.0,,0.0,0,1954.0,A01,138Â 206Â 693,2.0,-1.0,-1.0,1726268,2.0,33,,0.0,2.0,1.0,A01,138Â 206Â 693,1.0
1011301,201900052832,5,30,18:00,1,1,1,1.0,2.0,14731,617 la cour notre dame,M,"49,3188710","0,0562320",14,2019,80.0,1.0,1.0,3.0,2261512,1.0,1,3,1,5.0,,0.0,0,1954.0,A01,138Â 206Â 693,2.0,-1.0,-1.0,1726269,2.0,7,,0.0,2.0,4.0,B01,138Â 206Â 694,1.0
1011301,201900052832,5,30,18:00,1,1,1,1.0,2.0,14731,617 la cour notre dame,M,"49,3188710","0,0562320",14,2019,80.0,1.0,1.0,3.0,2261513,1.0,1,1,1,5.0,,0.0,0,1948.0,B01,138Â 206Â 694,1.0,-1.0,-1.0,1726268,2.0,33,,0.0,2.0,1.0,A01,138Â 206Â 693,1.0
1011301,201900052832,5,30,18:00,1,1,1,1.0,2.0,14731,617 la cour notre dame,M,"49,3188710","0,0562320",14,2019,80.0,1.0,1.0,3.0,2261513,1.0,1,1,1,5.0,,0.0,0,1948.0,B01,138Â 206Â 694,1.0,-1.0,-1.0,1726269,2.0,7,,0.0,2.0,4.0,B01,138Â 206Â 694,1.0
1011302,201900052833,5,21,12:35,1,1,1,1.0,6.0,14398,Chemin de Repinville,M,"49,1845600","0,1740670",14,2019,80.0,1.0,1.0,4.0,2261514,1.0,1,1,1,4.0,,0.0,0,2000.0,B01,138Â 206Â 691,0.0,-1.0,-1.0,1726270,3.0,21,,0.0,2.0,7.0,B01,138Â 206Â 691,1.0
1011302,201900052833,5,21,12:35,1,1,1,1.0,6.0,14398,Chemin de Repinville,M,"49,1845600","0,1740670",14,2019,80.0,1.0,1.0,4.0,2261514,1.0,1,1,1,4.0,,0.0,0,2000.0,B01,138Â 206Â 691,0.0,-1.0,-1.0,1726271,3.0,7,,13.0,2.0,2.0,A01,138Â 206Â 692,1.0
1011302,201900052833,5,21,12:35,1,1,1,1.0,6.0,14398,Chemin de Repinville,M,"49,1845600","0,1740670",14,2019,80.0,1.0,1.0,4.0,2261515,1.0,1,3,1,4.0,,0.0,0,1990.0,A01,138Â 206Â 692,1.0,-1.0,-1.0,1726270,3.0,21,,0.0,2.0,7.0,B01,138Â 206Â 691,1.0
1011302,201900052833,5,21,12:35,1,1,1,1.0,6.0,14398,Chemin de Repinville,M,"49,1845600","0,1740670",14,2019,80.0,1.0,1.0,4.0,2261515,1.0,1,3,1,4.0,,0.0,0,1990.0,A01,138Â 206Â 692,1.0,-1.0,-1.0,1726271,3.0,7,,13.0,2.0,2.0,A01,138Â 206Â 692,1.0
1011303,201900052834,5,26,10:00,1,1,1,1.0,2.0,14055,D58,M,"49,2622330","0,1071330",14,2019,80.0,1.0,1.0,3.0,2261516,1.0,1,1,1,5.0,,0.0,0,1963.0,B01,138Â 206Â 689,2.0,-1.0,-1.0,1726272,1.0,1,,0.0,9.0,4.0,B01,138Â 206Â 689,5.0
1011303,201900052834,5,26,10:00,1,1,1,1.0,2.0,14055,D58,M,"49,2622330","0,1071330",14,2019,80.0,1.0,1.0,3.0,2261516,1.0,1,1,1,5.0,,0.0,0,1963.0,B01,138Â 206Â 689,2.0,-1.0,-1.0,1726273,1.0,1,,0.0,9.0,1.0,A01,138Â 206Â 690,5.0
1011303,201900052834,5,26,10:00,1,1,1,1.0,2.0,14055,D58,M,"49,2622330","0,1071330",14,2019,80.0,1.0,1.0,3.0,2261517,1.0,1,3,1,5.0,,0.0,0,1966.0,A01,138Â 206Â 690,2.0,-1.0,-1.0,1726272,1.0,1,,0.0,9.0,4.0,B01,138Â 206Â 689,5.0
1011303,201900052834,5,26,10:00,1,1,1,1.0,2.0,14055,D58,M,"49,2622330","0,1071330",14,2019,80.0,1.0,1.0,3.0,2261517,1.0,1,3,1,5.0,,0.0,0,1966.0,A01,138Â 206Â 690,2.0,-1.0,-1.0,1726273,1.0,1,,0.0,9.0,1.0,A01,138Â 206Â 690,5.0
1011304,201900052835,5,25,15:10,1,1,9,1.0,2.0,14269,Route de Blangy-Le-ChÃ¢teau,M,"49,2490030","0,2334400",14,2019,70.0,1.0,1.0,3.0,2261518,1.0,1,4,2,1.0,,0.0,0,1978.0,A01,138Â 206Â 687,1.0,-1.0,-1.0,1726274,2.0,7,,0.0,2.0,3.0,A01,138Â 206Â 687,1.0
1011304,201900052835,5,25,15:10,1,1,9,1.0,2.0,14269,Route de Blangy-Le-ChÃ¢teau,M,"49,2490030","0,2334400",14,2019,70.0,1.0,1.0,3.0,2261518,1.0,1,4,2,1.0,,0.0,0,1978.0,A01,138Â 206Â 687,1.0,-1.0,-1.0,1726275,2.0,7,,0.0,0.0,5.0,B01,138Â 206Â 688,1.0
1011304,201900052835,5,25,15:10,1,1,9,1.0,2.0,14269,Route de Blangy-Le-ChÃ¢teau,M,"49,2490030","0,2334400",14,2019,70.0,1.0,1.0,3.0,2261519,1.0,1,4,1,5.0,,0.0,0,1979.0,B01,138Â 206Â 688,1.0,-1.0,-1.0,1726274,2.0,7,,0.0,2.0,3.0,A01,138Â 206Â 687,1.0
1011304,201900052835,5,25,15:10,1,1,9,1.0,2.0,14269,Route de Blangy-Le-ChÃ¢teau,M,"49,2490030","0,2334400",14,2019,70.0,1.0,1.0,3.0,2261519,1.0,1,4,1,5.0,,0.0,0,1979.0,B01,138Â 206Â 688,1.0,-1.0,-1.0,1726275,2.0,7,,0.0,0.0,5.0,B01,138Â 206Â 688,1.0
1011304,201900052835,5,25,15:10,1,1,9,1.0,2.0,14269,Route de Blangy-Le-ChÃ¢teau,M,"49,2490030","0,2334400",14,2019,70.0,1.0,1.0,3.0,2261520,2.0,2,4,1,5.0,,0.0,0,1985.0,B01,138Â 206Â 688,1.0,-1.0,-1.0,1726274,2.0,7,,0.0,2.0,3.0,A01,138Â 206Â 687,1.0
1011304,201900052835,5,25,15:10,1,1,9,1.0,2.0,14269,Route de Blangy-Le-ChÃ¢teau,M,"49,2490030","0,2334400",14,2019,70.0,1.0,1.0,3.0,2261520,2.0,2,4,1,5.0,,0.0,0,1985.0,B01,138Â 206Â 688,1.0,-1.0,-1.0,1726275,2.0,7,,0.0,0.0,5.0,B01,138Â 206Â 688,1.0
1011305,201900052836,5,22,04:45,3,1,1,5.0,2.0,14086,"Route de Deauville, RD 677",M,"49,3372288","0,1058101",14,2019,90.0,1.0,1.0,3.0,2261521,1.0,1,3,1,1.0,,0.0,0,1992.0,B01,138Â 206Â 685,2.0,-1.0,-1.0,1726276,1.0,30,,0.0,0.0,4.0,B01,138Â 206Â 685,1.0
1011305,201900052836,5,22,04:45,3,1,1,5.0,2.0,14086,"Route de Deauville, RD 677",M,"49,3372288","0,1058101",14,2019,90.0,1.0,1.0,3.0,2261521,1.0,1,3,1,1.0,,0.0,0,1992.0,B01,138Â 206Â 685,2.0,-1.0,-1.0,1726277,1.0,7,,0.0,2.0,2.0,A01,138Â 206Â 686,1.0
1011305,201900052836,5,22,04:45,3,1,1,5.0,2.0,14086,"Route de Deauville, RD 677",M,"49,3372288","0,1058101",14,2019,90.0,1.0,1.0,3.0,2261522,1.0,1,1,1,1.0,,0.0,0,1988.0,A01,138Â 206Â 686,1.0,-1.0,-1.0,1726276,1.0,30,,0.0,0.0,4.0,B01,138Â 206Â 685,1.0
1011305,201900052836,5,22,04:45,3,1,1,5.0,2.0,14086,"Route de Deauville, RD 677",M,"49,3372288","0,1058101",14,2019,90.0,1.0,1.0,3.0,2261522,1.0,1,1,1,1.0,,0.0,0,1988.0,A01,138Â 206Â 686,1.0,-1.0,-1.0,1726277,1.0,7,,0.0,2.0,2.0,A01,138Â 206Â 686,1.0
1011306,201900052837,5,19,17:30,1,1,1,8.0,6.0,14492,RD62,M,"49,4063090","0,1771870",14,2019,80.0,8.0,1.0,3.0,2261523,2.0,2,3,1,5.0,,0.0,0,1988.0,A01,138Â 206Â 684,2.0,6.0,-1.0,1726278,1.0,33,,2.0,0.0,1.0,A01,138Â 206Â 684,1.0
1011306,201900052837,5,19,17:30,1,1,1,8.0,6.0,14492,RD62,M,"49,4063090","0,1771870",14,2019,80.0,8.0,1.0,3.0,2261524,1.0,1,3,1,5.0,,0.0,0,1968.0,A01,138Â 206Â 684,2.0,6.0,-1.0,1726278,1.0,33,,2.0,0.0,1.0,A01,138Â 206Â 684,1.0
1011307,201900052838,5,2,07:20,1,1,1,1.0,7.0,14399,CD 579,M,"49,2739600","0,2165080",14,2019,80.0,3.0,1.0,3.0,2261525,1.0,1,2,1,4.0,,0.0,0,1983.0,A01,138Â 206Â 683,1.0,-1.0,-1.0,1726279,1.0,15,,15.0,0.0,2.0,A01,138Â 206Â 683,1.0
1011308,201900052839,5,31,19:00,1,2,3,1.0,3.0,14026,Rue du Moutier,M,"49,2107860"," -0,5933060",14,2019,50.0,1.0,1.0,3.0,2261526,1.0,1,1,2,5.0,,0.0,0,1971.0,A01,138Â 206Â 681,1.0,-1.0,-1.0,1726280,1.0,7,,0.0,2.0,2.0,A01,138Â 206Â 681,1.0
1011308,201900052839,5,31,19:00,1,2,3,1.0,3.0,14026,Rue du Moutier,M,"49,2107860"," -0,5933060",14,2019,50.0,1.0,1.0,3.0,2261526,1.0,1,1,2,5.0,,0.0,0,1971.0,A01,138Â 206Â 681,1.0,-1.0,-1.0,1726281,3.0,1,,0.0,2.0,3.0,B01,138Â 206Â 682,5.0
1011308,201900052839,5,31,19:00,1,2,3,1.0,3.0,14026,Rue du Moutier,M,"49,2107860"," -0,5933060",14,2019,50.0,1.0,1.0,3.0,2261527,1.0,1,4,2,5.0,,0.0,0,2002.0,B01,138Â 206Â 682,0.0,-1.0,-1.0,1726280,1.0,7,,0.0,2.0,2.0,A01,138Â 206Â 681,1.0
1011308,201900052839,5,31,19:00,1,2,3,1.0,3.0,14026,Rue du Moutier,M,"49,2107860"," -0,5933060",14,2019,50.0,1.0,1.0,3.0,2261527,1.0,1,4,2,5.0,,0.0,0,2002.0,B01,138Â 206Â 682,0.0,-1.0,-1.0,1726281,3.0,1,,0.0,2.0,3.0,B01,138Â 206Â 682,5.0
1011309,201900052840,5,31,16:45,1,2,1,1.0,6.0,14692,Rue Jean de la Varende,M,"49,1775040"," -0,6208790",14,2019,50.0,4.0,1.0,3.0,2261528,10.0,3,4,2,9.0,,5.0,1,1950.0,A01,138Â 206Â 680,0.0,-1.0,-1.0,1726282,1.0,7,,0.0,1.0,2.0,A01,138Â 206Â 680,1.0
1011309,201900052840,5,31,16:45,1,2,1,1.0,6.0,14692,Rue Jean de la Varende,M,"49,1775040"," -0,6208790",14,2019,50.0,4.0,1.0,3.0,2261529,10.0,3,3,2,9.0,,5.0,1,1953.0,A01,138Â 206Â 680,0.0,-1.0,-1.0,1726282,1.0,7,,0.0,1.0,2.0,A01,138Â 206Â 680,1.0
1011309,201900052840,5,31,16:45,1,2,1,1.0,6.0,14692,Rue Jean de la Varende,M,"49,1775040"," -0,6208790",14,2019,50.0,4.0,1.0,3.0,2261530,1.0,1,1,1,5.0,,0.0,0,1994.0,A01,138Â 206Â 680,1.0,-1.0,-1.0,1726282,1.0,7,,0.0,1.0,2.0,A01,138Â 206Â 680,1.0
1011310,201900052841,5,2,15:15,1,1,2,2.0,3.0,14342,RUPALLEY,M,"49,3028890"," -1,1124440",14,2019,80.0,1.0,2.0,3.0,2261531,1.0,1,3,2,5.0,,0.0,0,1945.0,C01,138Â 206Â 678,1.0,9.0,-1.0,1726283,0.0,7,,0.0,2.0,1.0,C01,138Â 206Â 678,1.0
1011310,201900052841,5,2,15:15,1,1,2,2.0,3.0,14342,RUPALLEY,M,"49,3028890"," -1,1124440",14,2019,80.0,1.0,2.0,3.0,2261531,1.0,1,3,2,5.0,,0.0,0,1945.0,C01,138Â 206Â 678,1.0,9.0,-1.0,1726284,2.0,7,,0.0,2.0,1.0,B01,138Â 206Â 679,1.0
1011310,201900052841,5,2,15:15,1,1,2,2.0,3.0,14342,RUPALLEY,M,"49,3028890"," -1,1124440",14,2019,80.0,1.0,2.0,3.0,2261532,2.0,2,3,1,5.0,,0.0,0,1949.0,C01,138Â 206Â 678,1.0,9.0,-1.0,1726283,0.0,7,,0.0,2.0,1.0,C01,138Â 206Â 678,1.0
1011310,201900052841,5,2,15:15,1,1,2,2.0,3.0,14342,RUPALLEY,M,"49,3028890"," -1,1124440",14,2019,80.0,1.0,2.0,3.0,2261532,2.0,2,3,1,5.0,,0.0,0,1949.0,C01,138Â 206Â 678,1.0,9.0,-1.0,1726284,2.0,7,,0.0,2.0,1.0,B01,138Â 206Â 679,1.0
1011310,201900052841,5,2,15:15,1,1,2,2.0,3.0,14342,RUPALLEY,M,"49,3028890"," -1,1124440",14,2019,80.0,1.0,2.0,3.0,2261533,2.0,2,1,2,5.0,,0.0,0,1987.0,B01,138Â 206Â 679,1.0,-1.0,-1.0,1726283,0.0,7,,0.0,2.0,1.0,C01,138Â 206Â 678,1.0
1011310,201900052841,5,2,15:15,1,1,2,2.0,3.0,14342,RUPALLEY,M,"49,3028890"," -1,1124440",14,2019,80.0,1.0,2.0,3.0,2261533,2.0,2,1,2,5.0,,0.0,0,1987.0,B01,138Â 206Â 679,1.0,-1.0,-1.0,1726284,2.0,7,,0.0,2.0,1.0,B01,138Â 206Â 679,1.0
1011310,201900052841,5,2,15:15,1,1,2,2.0,3.0,14342,RUPALLEY,M,"49,3028890"," -1,1124440",14,2019,80.0,1.0,2.0,3.0,2261534,9.0,2,1,2,5.0,,0.0,0,2017.0,B01,138Â 206Â 679,3.0,-1.0,-1.0,1726283,0.0,7,,0.0,2.0,1.0,C01,138Â 206Â 678,1.0
1011310,201900052841,5,2,15:15,1,1,2,2.0,3.0,14342,RUPALLEY,M,"49,3028890"," -1,1124440",14,2019,80.0,1.0,2.0,3.0,2261534,9.0,2,1,2,5.0,,0.0,0,2017.0,B01,138Â 206Â 679,3.0,-1.0,-1.0,1726284,2.0,7,,0.0,2.0,1.0,B01,138Â 206Â 679,1.0
1011310,201900052841,5,2,15:15,1,1,2,2.0,3.0,14342,RUPALLEY,M,"49,3028890"," -1,1124440",14,2019,80.0,1.0,2.0,3.0,2261535,1.0,1,1,1,5.0,,0.0,0,1988.0,B01,138Â 206Â 679,1.0,-1.0,-1.0,1726283,0.0,7,,0.0,2.0,1.0,C01,138Â 206Â 678,1.0
1011310,201900052841,5,2,15:15,1,1,2,2.0,3.0,14342,RUPALLEY,M,"49,3028890"," -1,1124440",14,2019,80.0,1.0,2.0,3.0,2261535,1.0,1,1,1,5.0,,0.0,0,1988.0,B01,138Â 206Â 679,1.0,-1.0,-1.0,1726284,2.0,7,,0.0,2.0,1.0,B01,138Â 206Â 679,1.0
1011311,201900052842,5,30,02:15,3,1,1,2.0,6.0,50481, -,M,"49,2390520"," -1,6196290",50,2019,80.0,1.0,2.0,3.0,2261536,1.0,1,3,1,5.0,,0.0,0,1998.0,A01,138Â 206Â 677,2.0,6.0,-1.0,1726285,1.0,33,,13.0,0.0,1.0,A01,138Â 206Â 677,1.0
1011312,201900052843,3,30,18:30,1,2,9,1.0,3.0,50215,Rue du Nord,M,"49,0974270"," -1,5838380",50,2019,50.0,1.0,1.0,3.0,2261537,1.0,1,4,1,9.0,,0.0,0,1973.0,B01,138Â 206Â 675,2.0,-1.0,-1.0,1726286,3.0,33,,0.0,2.0,2.0,B01,138Â 206Â 675,1.0
1011312,201900052843,3,30,18:30,1,2,9,1.0,3.0,50215,Rue du Nord,M,"49,0974270"," -1,5838380",50,2019,50.0,1.0,1.0,3.0,2261537,1.0,1,4,1,9.0,,0.0,0,1973.0,B01,138Â 206Â 675,2.0,-1.0,-1.0,1726287,3.0,3,,0.0,2.0,5.0,A01,138Â 206Â 676,1.0
1011312,201900052843,3,30,18:30,1,2,9,1.0,3.0,50215,Rue du Nord,M,"49,0974270"," -1,5838380",50,2019,50.0,1.0,1.0,3.0,2261538,1.0,1,1,1,3.0,,0.0,0,1956.0,A01,138Â 206Â 676,1.0,-1.0,-1.0,1726286,3.0,33,,0.0,2.0,2.0,B01,138Â 206Â 675,1.0
1011312,201900052843,3,30,18:30,1,2,9,1.0,3.0,50215,Rue du Nord,M,"49,0974270"," -1,5838380",50,2019,50.0,1.0,1.0,3.0,2261538,1.0,1,1,1,3.0,,0.0,0,1956.0,A01,138Â 206Â 676,1.0,-1.0,-1.0,1726287,3.0,3,,0.0,2.0,5.0,A01,138Â 206Â 676,1.0
1011313,201900052844,5,8,16:20,1,1,1,1.0,7.0,50610,Route des Maurouards,M,"49,4443520"," -1,4452420",50,2019,80.0,1.0,1.0,3.0,2261539,1.0,1,4,1,5.0,,0.0,0,1998.0,A01,138Â 206Â 674,2.0,6.0,-1.0,1726288,0.0,33,,0.0,0.0,8.0,A01,138Â 206Â 674,1.0
1011314,201900052845,5,24,16:25,1,2,1,1.0,7.0,50402,Route de Flamanville,M,"49,5128200"," -1,8094660",50,2019,-1.0,1.0,1.0,3.0,2261540,1.0,1,1,1,5.0,,0.0,0,1968.0,A01,138Â 206Â 673,2.0,6.0,-1.0,1726289,2.0,31,,0.0,1.0,1.0,A01,138Â 206Â 673,1.0
1011314,201900052845,5,24,16:25,1,2,1,1.0,7.0,50402,Route de Flamanville,M,"49,5128200"," -1,8094660",50,2019,-1.0,1.0,1.0,3.0,2261541,10.0,3,4,1,5.0,,3.0,9,1999.0,A01,138Â 206Â 673,0.0,-1.0,-1.0,1726289,2.0,31,,0.0,1.0,1.0,A01,138Â 206Â 673,1.0
1011315,201900052846,5,11,15:00,1,1,1,1.0,1.0,50579,RD50,M,"49,5234490"," -1,5908970",50,2019,80.0,1.0,1.0,3.0,2261542,1.0,1,1,1,0.0,,0.0,0,1972.0,A01,138Â 206Â 671,1.0,-1.0,-1.0,1726290,2.0,7,,0.0,2.0,1.0,A01,138Â 206Â 671,1.0
1011315,201900052846,5,11,15:00,1,1,1,1.0,1.0,50579,RD50,M,"49,5234490"," -1,5908970",50,2019,80.0,1.0,1.0,3.0,2261542,1.0,1,1,1,0.0,,0.0,0,1972.0,A01,138Â 206Â 671,1.0,-1.0,-1.0,1726291,1.0,7,,0.0,2.0,1.0,B01,138Â 206Â 672,1.0
1011315,201900052846,5,11,15:00,1,1,1,1.0,1.0,50579,RD50,M,"49,5234490"," -1,5908970",50,2019,80.0,1.0,1.0,3.0,2261543,2.0,2,1,2,3.0,,0.0,0,2005.0,B01,138Â 206Â 672,1.0,-1.0,-1.0,1726290,2.0,7,,0.0,2.0,1.0,A01,138Â 206Â 671,1.0
1011315,201900052846,5,11,15:00,1,1,1,1.0,1.0,50579,RD50,M,"49,5234490"," -1,5908970",50,2019,80.0,1.0,1.0,3.0,2261543,2.0,2,1,2,3.0,,0.0,0,2005.0,B01,138Â 206Â 672,1.0,-1.0,-1.0,1726291,1.0,7,,0.0,2.0,1.0,B01,138Â 206Â 672,1.0
1011315,201900052846,5,11,15:00,1,1,1,1.0,1.0,50579,RD50,M,"49,5234490"," -1,5908970",50,2019,80.0,1.0,1.0,3.0,2261544,7.0,2,4,2,3.0,,0.0,0,2005.0,B01,138Â 206Â 672,1.0,-1.0,-1.0,1726290,2.0,7,,0.0,2.0,1.0,A01,138Â 206Â 671,1.0
1011315,201900052846,5,11,15:00,1,1,1,1.0,1.0,50579,RD50,M,"49,5234490"," -1,5908970",50,2019,80.0,1.0,1.0,3.0,2261544,7.0,2,4,2,3.0,,0.0,0,2005.0,B01,138Â 206Â 672,1.0,-1.0,-1.0,1726291,1.0,7,,0.0,2.0,1.0,B01,138Â 206Â 672,1.0
1011315,201900052846,5,11,15:00,1,1,1,1.0,1.0,50579,RD50,M,"49,5234490"," -1,5908970",50,2019,80.0,1.0,1.0,3.0,2261545,1.0,1,4,2,3.0,,0.0,0,1980.0,B01,138Â 206Â 672,1.0,-1.0,-1.0,1726290,2.0,7,,0.0,2.0,1.0,A01,138Â 206Â 671,1.0
1011315,201900052846,5,11,15:00,1,1,1,1.0,1.0,50579,RD50,M,"49,5234490"," -1,5908970",50,2019,80.0,1.0,1.0,3.0,2261545,1.0,1,4,2,3.0,,0.0,0,1980.0,B01,138Â 206Â 672,1.0,-1.0,-1.0,1726291,1.0,7,,0.0,2.0,1.0,B01,138Â 206Â 672,1.0
1011315,201900052846,5,11,15:00,1,1,1,1.0,1.0,50579,RD50,M,"49,5234490"," -1,5908970",50,2019,80.0,1.0,1.0,3.0,2261546,9.0,2,1,2,3.0,,0.0,0,2018.0,B01,138Â 206Â 672,1.0,-1.0,-1.0,1726290,2.0,7,,0.0,2.0,1.0,A01,138Â 206Â 671,1.0
1011315,201900052846,5,11,15:00,1,1,1,1.0,1.0,50579,RD50,M,"49,5234490"," -1,5908970",50,2019,80.0,1.0,1.0,3.0,2261546,9.0,2,1,2,3.0,,0.0,0,2018.0,B01,138Â 206Â 672,1.0,-1.0,-1.0,1726291,1.0,7,,0.0,2.0,1.0,B01,138Â 206Â 672,1.0
1011316,201900052847,5,8,19:30,1,1,1,1.0,1.0,50087,RD 56,M,"49,5595250"," -1,6370740",50,2019,80.0,1.0,1.0,3.0,2261547,1.0,1,3,2,5.0,,0.0,0,1964.0,A01,138Â 206Â 669,1.0,-1.0,-1.0,1726292,3.0,7,,0.0,2.0,1.0,A01,138Â 206Â 669,1.0
1011316,201900052847,5,8,19:30,1,1,1,1.0,1.0,50087,RD 56,M,"49,5595250"," -1,6370740",50,2019,80.0,1.0,1.0,3.0,2261547,1.0,1,3,2,5.0,,0.0,0,1964.0,A01,138Â 206Â 669,1.0,-1.0,-1.0,1726293,0.0,7,,0.0,2.0,1.0,B01,138Â 206Â 670,1.0
1011316,201900052847,5,8,19:30,1,1,1,1.0,1.0,50087,RD 56,M,"49,5595250"," -1,6370740",50,2019,80.0,1.0,1.0,3.0,2261548,1.0,1,3,2,5.0,,0.0,0,1967.0,B01,138Â 206Â 670,1.0,-1.0,-1.0,1726292,3.0,7,,0.0,2.0,1.0,A01,138Â 206Â 669,1.0
1011316,201900052847,5,8,19:30,1,1,1,1.0,1.0,50087,RD 56,M,"49,5595250"," -1,6370740",50,2019,80.0,1.0,1.0,3.0,2261548,1.0,1,3,2,5.0,,0.0,0,1967.0,B01,138Â 206Â 670,1.0,-1.0,-1.0,1726293,0.0,7,,0.0,2.0,1.0,B01,138Â 206Â 670,1.0
1011316,201900052847,5,8,19:30,1,1,1,1.0,1.0,50087,RD 56,M,"49,5595250"," -1,6370740",50,2019,80.0,1.0,1.0,3.0,2261549,2.0,2,4,1,5.0,,0.0,0,1969.0,B01,138Â 206Â 670,1.0,-1.0,-1.0,1726292,3.0,7,,0.0,2.0,1.0,A01,138Â 206Â 669,1.0
1011316,201900052847,5,8,19:30,1,1,1,1.0,1.0,50087,RD 56,M,"49,5595250"," -1,6370740",50,2019,80.0,1.0,1.0,3.0,2261549,2.0,2,4,1,5.0,,0.0,0,1969.0,B01,138Â 206Â 670,1.0,-1.0,-1.0,1726293,0.0,7,,0.0,2.0,1.0,B01,138Â 206Â 670,1.0
1011317,201900052848,5,5,18:05,1,1,1,1.0,3.0,50142,116,M,"49,6933640"," -1,3696140",50,2019,80.0,1.0,1.0,3.0,2261550,1.0,1,1,1,5.0,,0.0,0,1984.0,B01,138Â 206Â 667,0.0,-1.0,-1.0,1726294,2.0,21,,0.0,2.0,3.0,B01,138Â 206Â 667,1.0
1011317,201900052848,5,5,18:05,1,1,1,1.0,3.0,50142,116,M,"49,6933640"," -1,3696140",50,2019,80.0,1.0,1.0,3.0,2261550,1.0,1,1,1,5.0,,0.0,0,1984.0,B01,138Â 206Â 667,0.0,-1.0,-1.0,1726295,1.0,33,,0.0,2.0,1.0,A01,138Â 206Â 668,1.0
1011317,201900052848,5,5,18:05,1,1,1,1.0,3.0,50142,116,M,"49,6933640"," -1,3696140",50,2019,80.0,1.0,1.0,3.0,2261551,7.0,2,1,1,0.0,,0.0,0,1969.0,B01,138Â 206Â 667,0.0,-1.0,-1.0,1726294,2.0,21,,0.0,2.0,3.0,B01,138Â 206Â 667,1.0