Unnamed: 0_x,num_acc,mois,jour,hrmn,lum,agg,int,atm,col,com,adr,gps,lat,long,dep,annee,vma,situ,surf,catr,Unnamed: 0_y,place,catu,grav,sexe,trajet,secu,locp,actp,an_nais,num_veh_x,id_vehicule_x,secu1,secu2,secu3,Unnamed: 0,senc,catv,occutc,obs,obsm,choc,num_veh_y,id_vehicule_y,motor
1011317,201900052848,5,5,18:05,1,1,1,1.0,3.0,50142,116,M,"49,6933640"," -1,3696140",50,2019,80.0,1.0,1.0,3.0,2261551,7.0,2,1,1,0.0,,0.0,0,1969.0,B01,138Â 206Â 667,0.0,-1.0,-1.0,1726295,1.0,33,,0.0,2.0,1.0,A01,138Â 206Â 668,1.0
1011317,201900052848,5,5,18:05,1,1,1,1.0,3.0,50142,116,M,"49,6933640"," -1,3696140",50,2019,80.0,1.0,1.0,3.0,2261552,1.0,1,2,1,5.0,,0.0,0,1985.0,A01,138Â 206Â 668,2.0,6.0,9.0,1726294,2.0,21,,0.0,2.0,3.0,B01,138Â 206Â 667,1.0
1011317,201900052848,5,5,18:05,1,1,1,1.0,3.0,50142,116,M,"49,6933640"," -1,3696140",50,2019,80.0,1.0,1.0,3.0,2261552,1.0,1,2,1,5.0,,0.0,0,1985.0,A01,138Â 206Â 668,2.0,6.0,9.0,1726295,1.0,33,,0.0,2.0,1.0,A01,138Â 206Â 668,1.0
1011318,201900052849,5,31,07:55,1,1,1,1.0,1.0,50456,La MÃ©tairie,M,"48,6540980"," -0,8826420",50,2019,80.0,1.0,1.0,4.0,2261553,1.0,1,3,1,1.0,,0.0,0,1996.0,A01,138Â 206Â 665,8.0,-1.0,-1.0,1726296,3.0,3,,0.0,2.0,3.0,A01,138Â 206Â 665,1.0
1011318,201900052849,5,31,07:55,1,1,1,1.0,1.0,50456,La MÃ©tairie,M,"48,6540980"," -0,8826420",50,2019,80.0,1.0,1.0,4.0,2261553,1.0,1,3,1,1.0,,0.0,0,1996.0,A01,138Â 206Â 665,8.0,-1.0,-1.0,1726297,3.0,7,,0.0,2.0,3.0,B01,138Â 206Â 666,1.0
1011318,201900052849,5,31,07:55,1,1,1,1.0,1.0,50456,La MÃ©tairie,M,"48,6540980"," -0,8826420",50,2019,80.0,1.0,1.0,4.0,2261554,1.0,1,1,1,5.0,,0.0,0,1943.0,B01,138Â 206Â 666,1.0,-1.0,-1.0,1726296,3.0,3,,0.0,2.0,3.0,A01,138Â 206Â 665,1.0
1011318,201900052849,5,31,07:55,1,1,1,1.0,1.0,50456,La MÃ©tairie,M,"48,6540980"," -0,8826420",50,2019,80.0,1.0,1.0,4.0,2261554,1.0,1,1,1,5.0,,0.0,0,1943.0,B01,138Â 206Â 666,1.0,-1.0,-1.0,1726297,3.0,7,,0.0,2.0,3.0,B01,138Â 206Â 666,1.0
1011319,201900052850,5,20,12:45,1,1,1,1.0,6.0,50628,les tabouries,M,"48,7149070"," -1,2250170",50,2019,-1.0,3.0,1.0,3.0,2261555,1.0,1,3,2,0.0,,0.0,0,1993.0,A01,138Â 206Â 664,1.0,-1.0,-1.0,1726298,3.0,7,,13.0,0.0,1.0,A01,138Â 206Â 664,1.0
1011319,201900052850,5,20,12:45,1,1,1,1.0,6.0,50628,les tabouries,M,"48,7149070"," -1,2250170",50,2019,-1.0,3.0,1.0,3.0,2261556,2.0,2,4,2,0.0,,0.0,0,1996.0,A01,138Â 206Â 664,1.0,-1.0,-1.0,1726298,3.0,7,,13.0,0.0,1.0,A01,138Â 206Â 664,1.0
1011320,201900052851,5,20,16:00,1,1,1,8.0,6.0,90057,Route DÃ©partementale 13,M,"47,7169710","6,8104460",90,2019,80.0,3.0,2.0,3.0,2261557,1.0,1,4,2,5.0,,0.0,0,1989.0,A01,138Â 206Â 663,1.0,-1.0,-1.0,1726299,2.0,7,,2.0,0.0,1.0,A01,138Â 206Â 663,1.0
1011321,201900052852,5,11,16:30,1,2,1,2.0,6.0,90086,50 BIS Rue des Vosges,M,"47,7198380","6,9696840",90,2019,50.0,4.0,2.0,3.0,2261558,1.0,1,3,2,5.0,,0.0,0,1980.0,A01,138Â 206Â 660,8.0,-1.0,-1.0,1726300,1.0,7,,6.0,0.0,1.0,A01,138Â 206Â 660,1.0
1011322,201900052853,5,1,17:00,1,1,1,1.0,1.0,90065,Route dÃ©partementale 465,M,"47,8108310","6,8393070",90,2019,80.0,1.0,1.0,3.0,2261559,1.0,1,2,1,5.0,,0.0,0,1992.0,B01,138Â 206Â 658,2.0,6.0,9.0,1726301,2.0,33,,0.0,2.0,1.0,B01,138Â 206Â 658,1.0
1011322,201900052853,5,1,17:00,1,1,1,1.0,1.0,90065,Route dÃ©partementale 465,M,"47,8108310","6,8393070",90,2019,80.0,1.0,1.0,3.0,2261559,1.0,1,2,1,5.0,,0.0,0,1992.0,B01,138Â 206Â 658,2.0,6.0,9.0,1726302,1.0,7,,0.0,2.0,2.0,A01,138Â 206Â 659,1.0
1011322,201900052853,5,1,17:00,1,1,1,1.0,1.0,90065,Route dÃ©partementale 465,M,"47,8108310","6,8393070",90,2019,80.0,1.0,1.0,3.0,2261560,1.0,1,4,1,5.0,,0.0,0,1966.0,A01,138Â 206Â 659,1.0,-1.0,-1.0,1726301,2.0,33,,0.0,2.0,1.0,B01,138Â 206Â 658,1.0
1011322,201900052853,5,1,17:00,1,1,1,1.0,1.0,90065,Route dÃ©partementale 465,M,"47,8108310","6,8393070",90,2019,80.0,1.0,1.0,3.0,2261560,1.0,1,4,1,5.0,,0.0,0,1966.0,A01,138Â 206Â 659,1.0,-1.0,-1.0,1726302,1.0,7,,0.0,2.0,2.0,A01,138Â 206Â 659,1.0
1011323,201900052854,5,26,14:15,1,2,1,1.0,1.0,90042,33 Rue de la ForÃªt,M,"47,6577380","6,7838680",90,2019,50.0,1.0,1.0,4.0,2261561,1.0,1,1,1,5.0,,0.0,0,1957.0,A01,138Â 206Â 656,1.0,-1.0,-1.0,1726303,3.0,7,,0.0,2.0,1.0,A01,138Â 206Â 656,1.0
1011323,201900052854,5,26,14:15,1,2,1,1.0,1.0,90042,33 Rue de la ForÃªt,M,"47,6577380","6,7838680",90,2019,50.0,1.0,1.0,4.0,2261561,1.0,1,1,1,5.0,,0.0,0,1957.0,A01,138Â 206Â 656,1.0,-1.0,-1.0,1726304,0.0,1,,0.0,2.0,1.0,B01,138Â 206Â 657,5.0
1011323,201900052854,5,26,14:15,1,2,1,1.0,1.0,90042,33 Rue de la ForÃªt,M,"47,6577380","6,7838680",90,2019,50.0,1.0,1.0,4.0,2261562,1.0,1,3,1,-1.0,,-1.0, -1,1982.0,B01,138Â 206Â 657,0.0,0.0,0.0,1726303,3.0,7,,0.0,2.0,1.0,A01,138Â 206Â 656,1.0
1011323,201900052854,5,26,14:15,1,2,1,1.0,1.0,90042,33 Rue de la ForÃªt,M,"47,6577380","6,7838680",90,2019,50.0,1.0,1.0,4.0,2261562,1.0,1,3,1,-1.0,,-1.0, -1,1982.0,B01,138Â 206Â 657,0.0,0.0,0.0,1726304,0.0,1,,0.0,2.0,1.0,B01,138Â 206Â 657,5.0
1011324,201900052855,3,20,12:50,1,1,1,1.0,6.0,90012,RD 419,M,"47,6501440","6,9433980",90,2019,80.0,8.0,1.0,3.0,2261563,1.0,1,3,2,5.0,,0.0,0,1945.0,A01,138Â 206Â 655,1.0,-1.0,-1.0,1726305,0.0,7,,2.0,0.0,3.0,A01,138Â 206Â 655,1.0
1011325,201900052856,5,13,16:50,1,1,1,1.0,1.0,83082,RD955 - PR 032+200,M,"43,6053990","6,4797400",83,2019,80.0,1.0,1.0,3.0,2261564,2.0,2,4,2,5.0,,0.0,0,1959.0,B01,138Â 206Â 653,1.0,-1.0,-1.0,1726306,1.0,7,,0.0,2.0,3.0,B01,138Â 206Â 653,1.0
1011325,201900052856,5,13,16:50,1,1,1,1.0,1.0,83082,RD955 - PR 032+200,M,"43,6053990","6,4797400",83,2019,80.0,1.0,1.0,3.0,2261564,2.0,2,4,2,5.0,,0.0,0,1959.0,B01,138Â 206Â 653,1.0,-1.0,-1.0,1726307,2.0,7,,0.0,2.0,3.0,A01,138Â 206Â 654,-1.0
1011325,201900052856,5,13,16:50,1,1,1,1.0,1.0,83082,RD955 - PR 032+200,M,"43,6053990","6,4797400",83,2019,80.0,1.0,1.0,3.0,2261565,1.0,1,3,1,5.0,,0.0,0,1955.0,B01,138Â 206Â 653,1.0,-1.0,-1.0,1726306,1.0,7,,0.0,2.0,3.0,B01,138Â 206Â 653,1.0
1011325,201900052856,5,13,16:50,1,1,1,1.0,1.0,83082,RD955 - PR 032+200,M,"43,6053990","6,4797400",83,2019,80.0,1.0,1.0,3.0,2261565,1.0,1,3,1,5.0,,0.0,0,1955.0,B01,138Â 206Â 653,1.0,-1.0,-1.0,1726307,2.0,7,,0.0,2.0,3.0,A01,138Â 206Â 654,-1.0
1011325,201900052856,5,13,16:50,1,1,1,1.0,1.0,83082,RD955 - PR 032+200,M,"43,6053990","6,4797400",83,2019,80.0,1.0,1.0,3.0,2261566,1.0,1,2,1,2.0,,0.0,0,1959.0,A01,138Â 206Â 654,8.0,-1.0,-1.0,1726306,1.0,7,,0.0,2.0,3.0,B01,138Â 206Â 653,1.0
1011325,201900052856,5,13,16:50,1,1,1,1.0,1.0,83082,RD955 - PR 032+200,M,"43,6053990","6,4797400",83,2019,80.0,1.0,1.0,3.0,2261566,1.0,1,2,1,2.0,,0.0,0,1959.0,A01,138Â 206Â 654,8.0,-1.0,-1.0,1726307,2.0,7,,0.0,2.0,3.0,A01,138Â 206Â 654,-1.0
1011325,201900052856,5,13,16:50,1,1,1,1.0,1.0,83082,RD955 - PR 032+200,M,"43,6053990","6,4797400",83,2019,80.0,1.0,1.0,3.0,2261567,2.0,2,3,2,2.0,,0.0,0,2008.0,A01,138Â 206Â 654,8.0,-1.0,-1.0,1726306,1.0,7,,0.0,2.0,3.0,B01,138Â 206Â 653,1.0
1011325,201900052856,5,13,16:50,1,1,1,1.0,1.0,83082,RD955 - PR 032+200,M,"43,6053990","6,4797400",83,2019,80.0,1.0,1.0,3.0,2261567,2.0,2,3,2,2.0,,0.0,0,2008.0,A01,138Â 206Â 654,8.0,-1.0,-1.0,1726307,2.0,7,,0.0,2.0,3.0,A01,138Â 206Â 654,-1.0
1011326,201900052857,3,23,16:40,1,1,1,1.0,4.0,83056,,M,"43,5645600","6,5087080",83,2019,70.0,1.0,1.0,3.0,2261568,1.0,1,1,2,3.0,,0.0,0,1983.0,C01,138Â 206Â 650,1.0,-1.0,-1.0,1726308,2.0,7,,0.0,2.0,2.0,C01,138Â 206Â 650,1.0
1011326,201900052857,3,23,16:40,1,1,1,1.0,4.0,83056,,M,"43,5645600","6,5087080",83,2019,70.0,1.0,1.0,3.0,2261568,1.0,1,1,2,3.0,,0.0,0,1983.0,C01,138Â 206Â 650,1.0,-1.0,-1.0,1726309,2.0,7,,0.0,2.0,1.0,B01,138Â 206Â 651,1.0
1011326,201900052857,3,23,16:40,1,1,1,1.0,4.0,83056,,M,"43,5645600","6,5087080",83,2019,70.0,1.0,1.0,3.0,2261568,1.0,1,1,2,3.0,,0.0,0,1983.0,C01,138Â 206Â 650,1.0,-1.0,-1.0,1726310,1.0,7,,0.0,2.0,1.0,A01,138Â 206Â 652,1.0
1011326,201900052857,3,23,16:40,1,1,1,1.0,4.0,83056,,M,"43,5645600","6,5087080",83,2019,70.0,1.0,1.0,3.0,2261569,2.0,2,3,1,5.0,,0.0,0,1948.0,B01,138Â 206Â 651,1.0,-1.0,-1.0,1726308,2.0,7,,0.0,2.0,2.0,C01,138Â 206Â 650,1.0
1011326,201900052857,3,23,16:40,1,1,1,1.0,4.0,83056,,M,"43,5645600","6,5087080",83,2019,70.0,1.0,1.0,3.0,2261569,2.0,2,3,1,5.0,,0.0,0,1948.0,B01,138Â 206Â 651,1.0,-1.0,-1.0,1726309,2.0,7,,0.0,2.0,1.0,B01,138Â 206Â 651,1.0
1011326,201900052857,3,23,16:40,1,1,1,1.0,4.0,83056,,M,"43,5645600","6,5087080",83,2019,70.0,1.0,1.0,3.0,2261569,2.0,2,3,1,5.0,,0.0,0,1948.0,B01,138Â 206Â 651,1.0,-1.0,-1.0,1726310,1.0,7,,0.0,2.0,1.0,A01,138Â 206Â 652,1.0
1011326,201900052857,3,23,16:40,1,1,1,1.0,4.0,83056,,M,"43,5645600","6,5087080",83,2019,70.0,1.0,1.0,3.0,2261570,9.0,2,3,2,5.0,,0.0,0,1949.0,B01,138Â 206Â 651,1.0,-1.0,-1.0,1726308,2.0,7,,0.0,2.0,2.0,C01,138Â 206Â 650,1.0
1011326,201900052857,3,23,16:40,1,1,1,1.0,4.0,83056,,M,"43,5645600","6,5087080",83,2019,70.0,1.0,1.0,3.0,2261570,9.0,2,3,2,5.0,,0.0,0,1949.0,B01,138Â 206Â 651,1.0,-1.0,-1.0,1726309,2.0,7,,0.0,2.0,1.0,B01,138Â 206Â 651,1.0
1011326,201900052857,3,23,16:40,1,1,1,1.0,4.0,83056,,M,"43,5645600","6,5087080",83,2019,70.0,1.0,1.0,3.0,2261570,9.0,2,3,2,5.0,,0.0,0,1949.0,B01,138Â 206Â 651,1.0,-1.0,-1.0,1726310,1.0,7,,0.0,2.0,1.0,A01,138Â 206Â 652,1.0
1011326,201900052857,3,23,16:40,1,1,1,1.0,4.0,83056,,M,"43,5645600","6,5087080",83,2019,70.0,1.0,1.0,3.0,2261571,1.0,1,3,1,5.0,,0.0,0,1949.0,B01,138Â 206Â 651,1.0,-1.0,-1.0,1726308,2.0,7,,0.0,2.0,2.0,C01,138Â 206Â 650,1.0
1011326,201900052857,3,23,16:40,1,1,1,1.0,4.0,83056,,M,"43,5645600","6,5087080",83,2019,70.0,1.0,1.0,3.0,2261571,1.0,1,3,1,5.0,,0.0,0,1949.0,B01,138Â 206Â 651,1.0,-1.0,-1.0,1726309,2.0,7,,0.0,2.0,1.0,B01,138Â 206Â 651,1.0
1011326,201900052857,3,23,16:40,1,1,1,1.0,4.0,83056,,M,"43,5645600","6,5087080",83,2019,70.0,1.0,1.0,3.0,2261571,1.0,1,3,1,5.0,,0.0,0,1949.0,B01,138Â 206Â 651,1.0,-1.0,-1.0,1726310,1.0,7,,0.0,2.0,1.0,A01,138Â 206Â 652,1.0
1011326,201900052857,3,23,16:40,1,1,1,1.0,4.0,83056,,M,"43,5645600","6,5087080",83,2019,70.0,1.0,1.0,3.0,2261572,7.0,2,2,2,5.0,,0.0,0,1947.0,B01,138Â 206Â 651,1.0,-1.0,-1.0,1726308,2.0,7,,0.0,2.0,2.0,C01,138Â 206Â 650,1.0
1011326,201900052857,3,23,16:40,1,1,1,1.0,4.0,83056,,M,"43,5645600","6,5087080",83,2019,70.0,1.0,1.0,3.0,2261572,7.0,2,2,2,5.0,,0.0,0,1947.0,B01,138Â 206Â 651,1.0,-1.0,-1.0,1726309,2.0,7,,0.0,2.0,1.0,B01,138Â 206Â 651,1.0
1011326,201900052857,3,23,16:40,1,1,1,1.0,4.0,83056,,M,"43,5645600","6,5087080",83,2019,70.0,1.0,1.0,3.0,2261572,7.0,2,2,2,5.0,,0.0,0,1947.0,B01,138Â 206Â 651,1.0,-1.0,-1.0,1726310,1.0,7,,0.0,2.0,1.0,A01,138Â 206Â 652,1.0
1011326,201900052857,3,23,16:40,1,1,1,1.0,4.0,83056,,M,"43,5645600","6,5087080",83,2019,70.0,1.0,1.0,3.0,2261573,1.0,1,3,1,3.0,,0.0,0,1972.0,A01,138Â 206Â 652,1.0,-1.0,-1.0,1726308,2.0,7,,0.0,2.0,2.0,C01,138Â 206Â 650,1.0
1011326,201900052857,3,23,16:40,1,1,1,1.0,4.0,83056,,M,"43,5645600","6,5087080",83,2019,70.0,1.0,1.0,3.0,2261573,1.0,1,3,1,3.0,,0.0,0,1972.0,A01,138Â 206Â 652,1.0,-1.0,-1.0,1726309,2.0,7,,0.0,2.0,1.0,B01,138Â 206Â 651,1.0
1011326,201900052857,3,23,16:40,1,1,1,1.0,4.0,83056,,M,"43,5645600","6,5087080",83,2019,70.0,1.0,1.0,3.0,2261573,1.0,1,3,1,3.0,,0.0,0,1972.0,A01,138Â 206Â 652,1.0,-1.0,-1.0,1726310,1.0,7,,0.0,2.0,1.0,A01,138Â 206Â 652,1.0
1011327,201900052858,5,26,12:30,1,1,1,1.0,1.0,83122,D957,M,"43,7382620","6,2219680",83,2019,80.0,1.0,2.0,3.0,2261574,2.0,2,2,2,0.0,,0.0,0,1923.0,B01,138Â 206Â 648,1.0,-1.0,-1.0,1726311,2.0,7,,0.0,2.0,1.0,B01,138Â 206Â 648,0.0
1011327,201900052858,5,26,12:30,1,1,1,1.0,1.0,83122,D957,M,"43,7382620","6,2219680",83,2019,80.0,1.0,2.0,3.0,2261574,2.0,2,2,2,0.0,,0.0,0,1923.0,B01,138Â 206Â 648,1.0,-1.0,-1.0,1726312,1.0,7,,0.0,2.0,1.0,A01,138Â 206Â 649,0.0
1011327,201900052858,5,26,12:30,1,1,1,1.0,1.0,83122,D957,M,"43,7382620","6,2219680",83,2019,80.0,1.0,2.0,3.0,2261575,9.0,2,3,2,0.0,,0.0,0,1945.0,B01,138Â 206Â 648,1.0,-1.0,-1.0,1726311,2.0,7,,0.0,2.0,1.0,B01,138Â 206Â 648,0.0
1011327,201900052858,5,26,12:30,1,1,1,1.0,1.0,83122,D957,M,"43,7382620","6,2219680",83,2019,80.0,1.0,2.0,3.0,2261575,9.0,2,3,2,0.0,,0.0,0,1945.0,B01,138Â 206Â 648,1.0,-1.0,-1.0,1726312,1.0,7,,0.0,2.0,1.0,A01,138Â 206Â 649,0.0
1011327,201900052858,5,26,12:30,1,1,1,1.0,1.0,83122,D957,M,"43,7382620","6,2219680",83,2019,80.0,1.0,2.0,3.0,2261576,1.0,1,3,1,0.0,,0.0,0,1943.0,B01,138Â 206Â 648,1.0,-1.0,-1.0,1726311,2.0,7,,0.0,2.0,1.0,B01,138Â 206Â 648,0.0
1011327,201900052858,5,26,12:30,1,1,1,1.0,1.0,83122,D957,M,"43,7382620","6,2219680",83,2019,80.0,1.0,2.0,3.0,2261576,1.0,1,3,1,0.0,,0.0,0,1943.0,B01,138Â 206Â 648,1.0,-1.0,-1.0,1726312,1.0,7,,0.0,2.0,1.0,A01,138Â 206Â 649,0.0
1011327,201900052858,5,26,12:30,1,1,1,1.0,1.0,83122,D957,M,"43,7382620","6,2219680",83,2019,80.0,1.0,2.0,3.0,2261577,1.0,1,3,2,0.0,,0.0,0,1960.0,A01,138Â 206Â 649,1.0,-1.0,-1.0,1726311,2.0,7,,0.0,2.0,1.0,B01,138Â 206Â 648,0.0
1011327,201900052858,5,26,12:30,1,1,1,1.0,1.0,83122,D957,M,"43,7382620","6,2219680",83,2019,80.0,1.0,2.0,3.0,2261577,1.0,1,3,2,0.0,,0.0,0,1960.0,A01,138Â 206Â 649,1.0,-1.0,-1.0,1726312,1.0,7,,0.0,2.0,1.0,A01,138Â 206Â 649,0.0
1011328,201900052859,5,12,21:40,3,1,1,1.0,7.0,09324,Laborie,M,"43,0633040","1,6341230",9,2019,80.0,1.0,1.0,3.0,2261578,1.0,1,3,1,5.0,,0.0,0,1984.0,A01,138Â 206Â 647,2.0,-1.0,-1.0,1726313,1.0,31,,0.0,0.0,0.0,A01,138Â 206Â 647,1.0
1011329,201900052860,5,24,17:20,1,2,2,1.0,2.0,60509,rue Goerges Decroze,M,"49,3014808","2,6044301",60,2019,50.0,1.0,1.0,3.0,2261579,1.0,1,3,1,0.0,,0.0,0,1969.0,B01,138Â 206Â 645,2.0,-1.0,-1.0,1726314,1.0,33,,0.0,2.0,1.0,B01,138Â 206Â 645,1.0
1011329,201900052860,5,24,17:20,1,2,2,1.0,2.0,60509,rue Goerges Decroze,M,"49,3014808","2,6044301",60,2019,50.0,1.0,1.0,3.0,2261579,1.0,1,3,1,0.0,,0.0,0,1969.0,B01,138Â 206Â 645,2.0,-1.0,-1.0,1726315,1.0,7,,0.0,0.0,5.0,A01,138Â 206Â 646,1.0
1011329,201900052860,5,24,17:20,1,2,2,1.0,2.0,60509,rue Goerges Decroze,M,"49,3014808","2,6044301",60,2019,50.0,1.0,1.0,3.0,2261580,1.0,1,4,1,0.0,,0.0,0,1957.0,A01,138Â 206Â 646,1.0,-1.0,-1.0,1726314,1.0,33,,0.0,2.0,1.0,B01,138Â 206Â 645,1.0
1011329,201900052860,5,24,17:20,1,2,2,1.0,2.0,60509,rue Goerges Decroze,M,"49,3014808","2,6044301",60,2019,50.0,1.0,1.0,3.0,2261580,1.0,1,4,1,0.0,,0.0,0,1957.0,A01,138Â 206Â 646,1.0,-1.0,-1.0,1726315,1.0,7,,0.0,0.0,5.0,A01,138Â 206Â 646,1.0
1011329,201900052860,5,24,17:20,1,2,2,1.0,2.0,60509,rue Goerges Decroze,M,"49,3014808","2,6044301",60,2019,50.0,1.0,1.0,3.0,2261581,9.0,2,4,2,0.0,,0.0,0,2002.0,A01,138Â 206Â 646,1.0,-1.0,-1.0,1726314,1.0,33,,0.0,2.0,1.0,B01,138Â 206Â 645,1.0
1011329,201900052860,5,24,17:20,1,2,2,1.0,2.0,60509,rue Goerges Decroze,M,"49,3014808","2,6044301",60,2019,50.0,1.0,1.0,3.0,2261581,9.0,2,4,2,0.0,,0.0,0,2002.0,A01,138Â 206Â 646,1.0,-1.0,-1.0,1726315,1.0,7,,0.0,0.0,5.0,A01,138Â 206Â 646,1.0
1011329,201900052860,5,24,17:20,1,2,2,1.0,2.0,60509,rue Goerges Decroze,M,"49,3014808","2,6044301",60,2019,50.0,1.0,1.0,3.0,2261582,2.0,2,1,2,0.0,,0.0,0,1961.0,A01,138Â 206Â 646,1.0,-1.0,-1.0,1726314,1.0,33,,0.0,2.0,1.0,B01,138Â 206Â 645,1.0
1011329,201900052860,5,24,17:20,1,2,2,1.0,2.0,60509,rue Goerges Decroze,M,"49,3014808","2,6044301",60,2019,50.0,1.0,1.0,3.0,2261582,2.0,2,1,2,0.0,,0.0,0,1961.0,A01,138Â 206Â 646,1.0,-1.0,-1.0,1726315,1.0,7,,0.0,0.0,5.0,A01,138Â 206Â 646,1.0
1011330,201900052861,5,15,10:55,1,2,1,1.0,6.0,60667,Rue saint pierre,M,"49,3104700","2,7301253",60,2019,50.0,1.0,1.0,3.0,2261583,10.0,3,4,2,0.0,,3.0,3,2009.0,A01,138Â 206Â 644,0.0,-1.0,-1.0,1726316,0.0,7,,0.0,1.0,1.0,A01,138Â 206Â 644,1.0
1011330,201900052861,5,15,10:55,1,2,1,1.0,6.0,60667,Rue saint pierre,M,"49,3104700","2,7301253",60,2019,50.0,1.0,1.0,3.0,2261584,1.0,1,1,1,4.0,,0.0,0,1976.0,A01,138Â 206Â 644,1.0,-1.0,-1.0,1726316,0.0,7,,0.0,1.0,1.0,A01,138Â 206Â 644,1.0
1011331,201900052862,5,25,06:55,2,2,1,1.0,6.0,60119,Rue sÃ©verine,M,"49,5043446","2,9187914",60,2019,50.0,3.0,1.0,4.0,2261585,1.0,1,3,1,0.0,,0.0,0,1982.0,A01,138Â 206Â 643,2.0,-1.0,-1.0,1726317,0.0,33,,8.0,0.0,1.0,A01,138Â 206Â 643,1.0
1011332,201900052863,5,7,09:00,1,2,1,1.0,3.0,60368,Rue des Efaloises,M,"49,4704531","2,8707761",60,2019,50.0,1.0,1.0,4.0,2261586,1.0,1,1,2,1.0,,0.0,0,1962.0,A01,138Â 206Â 641,1.0,-1.0,-1.0,1726318,3.0,7,,0.0,2.0,3.0,A01,138Â 206Â 641,1.0
1011332,201900052863,5,7,09:00,1,2,1,1.0,3.0,60368,Rue des Efaloises,M,"49,4704531","2,8707761",60,2019,50.0,1.0,1.0,4.0,2261586,1.0,1,1,2,1.0,,0.0,0,1962.0,A01,138Â 206Â 641,1.0,-1.0,-1.0,1726319,3.0,2,,0.0,2.0,1.0,B01,138Â 206Â 642,1.0
1011332,201900052863,5,7,09:00,1,2,1,1.0,3.0,60368,Rue des Efaloises,M,"49,4704531","2,8707761",60,2019,50.0,1.0,1.0,4.0,2261587,1.0,1,4,1,0.0,,0.0,0,1965.0,B01,138Â 206Â 642,2.0,-1.0,-1.0,1726318,3.0,7,,0.0,2.0,3.0,A01,138Â 206Â 641,1.0
1011332,201900052863,5,7,09:00,1,2,1,1.0,3.0,60368,Rue des Efaloises,M,"49,4704531","2,8707761",60,2019,50.0,1.0,1.0,4.0,2261587,1.0,1,4,1,0.0,,0.0,0,1965.0,B01,138Â 206Â 642,2.0,-1.0,-1.0,1726319,3.0,2,,0.0,2.0,1.0,B01,138Â 206Â 642,1.0
1011333,201900052864,5,14,18:15,1,1,1,1.0,1.0,60465,D 34,M,"49,5503270","2,2158146",60,2019,80.0,1.0,1.0,3.0,2261588,1.0,1,3,1,5.0,,0.0,0,1951.0,B01,138Â 206Â 639,1.0,-1.0,-1.0,1726320,2.0,7,,0.0,2.0,1.0,B01,138Â 206Â 639,1.0
1011333,201900052864,5,14,18:15,1,1,1,1.0,1.0,60465,D 34,M,"49,5503270","2,2158146",60,2019,80.0,1.0,1.0,3.0,2261588,1.0,1,3,1,5.0,,0.0,0,1951.0,B01,138Â 206Â 639,1.0,-1.0,-1.0,1726321,1.0,7,,0.0,2.0,1.0,A01,138Â 206Â 640,1.0
1011333,201900052864,5,14,18:15,1,1,1,1.0,1.0,60465,D 34,M,"49,5503270","2,2158146",60,2019,80.0,1.0,1.0,3.0,2261589,1.0,1,4,1,0.0,,0.0,0,1976.0,A01,138Â 206Â 640,1.0,-1.0,-1.0,1726320,2.0,7,,0.0,2.0,1.0,B01,138Â 206Â 639,1.0
1011333,201900052864,5,14,18:15,1,1,1,1.0,1.0,60465,D 34,M,"49,5503270","2,2158146",60,2019,80.0,1.0,1.0,3.0,2261589,1.0,1,4,1,0.0,,0.0,0,1976.0,A01,138Â 206Â 640,1.0,-1.0,-1.0,1726321,1.0,7,,0.0,2.0,1.0,A01,138Â 206Â 640,1.0
1011334,201900052865,5,29,15:45,1,1,1,1.0,3.0,60086,D603,M,"49,1801788","2,3628299",60,2019,80.0,1.0,1.0,3.0,2261590,1.0,1,4,1,0.0,,0.0,0,1959.0,A01,138Â 206Â 638,2.0,6.0,-1.0,1726322,2.0,7,,0.0,2.0,8.0,B01,138Â 206Â 637,0.0
1011334,201900052865,5,29,15:45,1,1,1,1.0,3.0,60086,D603,M,"49,1801788","2,3628299",60,2019,80.0,1.0,1.0,3.0,2261590,1.0,1,4,1,0.0,,0.0,0,1959.0,A01,138Â 206Â 638,2.0,6.0,-1.0,1726323,2.0,33,,0.0,2.0,8.0,A01,138Â 206Â 638,0.0
1011335,201900052866,5,15,17:40,1,2,2,1.0,1.0,60513,Sente de Sorel,M,"49,2101106","2,3782787",60,2019,50.0,1.0,1.0,4.0,2261591,1.0,1,1,2,0.0,,0.0,0,1972.0,A01,138Â 206Â 635,1.0,-1.0,-1.0,1726324,0.0,7,,0.0,9.0,1.0,A01,138Â 206Â 635,1.0
1011335,201900052866,5,15,17:40,1,2,2,1.0,1.0,60513,Sente de Sorel,M,"49,2101106","2,3782787",60,2019,50.0,1.0,1.0,4.0,2261591,1.0,1,1,2,0.0,,0.0,0,1972.0,A01,138Â 206Â 635,1.0,-1.0,-1.0,1726325,0.0,1,,0.0,2.0,7.0,B01,138Â 206Â 636,5.0
1011335,201900052866,5,15,17:40,1,2,2,1.0,1.0,60513,Sente de Sorel,M,"49,2101106","2,3782787",60,2019,50.0,1.0,1.0,4.0,2261592,1.0,1,4,1,5.0,,0.0,0,2008.0,B01,138Â 206Â 636,2.0,-1.0,-1.0,1726324,0.0,7,,0.0,9.0,1.0,A01,138Â 206Â 635,1.0