Unnamed: 0_x,num_acc,mois,jour,hrmn,lum,agg,int,atm,col,com,adr,gps,lat,long,dep,annee,vma,situ,surf,catr,Unnamed: 0_y,place,catu,grav,sexe,trajet,secu,locp,actp,an_nais,num_veh_x,id_vehicule_x,secu1,secu2,secu3,Unnamed: 0,senc,catv,occutc,obs,obsm,choc,num_veh_y,id_vehicule_y,motor
1011335,201900052866,5,15,17:40,1,2,2,1.0,1.0,60513,Sente de Sorel,M,"49,2101106","2,3782787",60,2019,50.0,1.0,1.0,4.0,2261592,1.0,1,4,1,5.0,,0.0,0,2008.0,B01,138Â 206Â 636,2.0,-1.0,-1.0,1726325,0.0,1,,0.0,2.0,7.0,B01,138Â 206Â 636,5.0
1011336,201900052867,5,25,16:00,1,2,1,1.0,7.0,60029,Route de Beauvais,M,"49,3753130","1,9908800",60,2019,50.0,1.0,1.0,3.0,2261593,1.0,1,3,1,5.0,,0.0,0,1961.0,A01,138Â 206Â 634,1.0,-1.0,-1.0,1726326,0.0,7,,12.0,0.0,2.0,A01,138Â 206Â 634,1.0
1011337,201900052868,5,1,09:30,1,1,1,1.0,7.0,60235,Rue de la TremblÃ©e,M,"49,3426332","1,8316849",60,2019,80.0,1.0,1.0,4.0,2261594,1.0,1,2,1,5.0,,0.0,0,1931.0,A01,138Â 206Â 633,1.0,-1.0,-1.0,1726327,3.0,7,,0.0,0.0,0.0,A01,138Â 206Â 633,1.0
1011338,201900052869,5,5,16:00,1,2,3,1.0,3.0,45095,GRANDE RUE - RUE DE LA GARE,M,"48,0737511","2,1365290",45,2019,50.0,1.0,1.0,3.0,2261595,4.0,2,1,2,5.0,,0.0,0,2010.0,A01,138Â 206Â 631,3.0,-1.0,-1.0,1726328,2.0,7,,0.0,2.0,3.0,A01,138Â 206Â 631,1.0
1011338,201900052869,5,5,16:00,1,2,3,1.0,3.0,45095,GRANDE RUE - RUE DE LA GARE,M,"48,0737511","2,1365290",45,2019,50.0,1.0,1.0,3.0,2261595,4.0,2,1,2,5.0,,0.0,0,2010.0,A01,138Â 206Â 631,3.0,-1.0,-1.0,1726329,1.0,33,,0.0,2.0,1.0,B01,138Â 206Â 632,1.0
1011338,201900052869,5,5,16:00,1,2,3,1.0,3.0,45095,GRANDE RUE - RUE DE LA GARE,M,"48,0737511","2,1365290",45,2019,50.0,1.0,1.0,3.0,2261596,3.0,2,1,1,5.0,,0.0,0,2013.0,A01,138Â 206Â 631,3.0,-1.0,-1.0,1726328,2.0,7,,0.0,2.0,3.0,A01,138Â 206Â 631,1.0
1011338,201900052869,5,5,16:00,1,2,3,1.0,3.0,45095,GRANDE RUE - RUE DE LA GARE,M,"48,0737511","2,1365290",45,2019,50.0,1.0,1.0,3.0,2261596,3.0,2,1,1,5.0,,0.0,0,2013.0,A01,138Â 206Â 631,3.0,-1.0,-1.0,1726329,1.0,33,,0.0,2.0,1.0,B01,138Â 206Â 632,1.0
1011338,201900052869,5,5,16:00,1,2,3,1.0,3.0,45095,GRANDE RUE - RUE DE LA GARE,M,"48,0737511","2,1365290",45,2019,50.0,1.0,1.0,3.0,2261597,2.0,2,1,1,5.0,,0.0,0,1984.0,A01,138Â 206Â 631,1.0,-1.0,-1.0,1726328,2.0,7,,0.0,2.0,3.0,A01,138Â 206Â 631,1.0
1011338,201900052869,5,5,16:00,1,2,3,1.0,3.0,45095,GRANDE RUE - RUE DE LA GARE,M,"48,0737511","2,1365290",45,2019,50.0,1.0,1.0,3.0,2261597,2.0,2,1,1,5.0,,0.0,0,1984.0,A01,138Â 206Â 631,1.0,-1.0,-1.0,1726329,1.0,33,,0.0,2.0,1.0,B01,138Â 206Â 632,1.0
1011338,201900052869,5,5,16:00,1,2,3,1.0,3.0,45095,GRANDE RUE - RUE DE LA GARE,M,"48,0737511","2,1365290",45,2019,50.0,1.0,1.0,3.0,2261598,1.0,1,1,2,5.0,,0.0,0,1989.0,A01,138Â 206Â 631,1.0,-1.0,-1.0,1726328,2.0,7,,0.0,2.0,3.0,A01,138Â 206Â 631,1.0
1011338,201900052869,5,5,16:00,1,2,3,1.0,3.0,45095,GRANDE RUE - RUE DE LA GARE,M,"48,0737511","2,1365290",45,2019,50.0,1.0,1.0,3.0,2261598,1.0,1,1,2,5.0,,0.0,0,1989.0,A01,138Â 206Â 631,1.0,-1.0,-1.0,1726329,1.0,33,,0.0,2.0,1.0,B01,138Â 206Â 632,1.0
1011338,201900052869,5,5,16:00,1,2,3,1.0,3.0,45095,GRANDE RUE - RUE DE LA GARE,M,"48,0737511","2,1365290",45,2019,50.0,1.0,1.0,3.0,2261599,1.0,1,3,1,5.0,,0.0,0,1962.0,B01,138Â 206Â 632,2.0,-1.0,-1.0,1726328,2.0,7,,0.0,2.0,3.0,A01,138Â 206Â 631,1.0
1011338,201900052869,5,5,16:00,1,2,3,1.0,3.0,45095,GRANDE RUE - RUE DE LA GARE,M,"48,0737511","2,1365290",45,2019,50.0,1.0,1.0,3.0,2261599,1.0,1,3,1,5.0,,0.0,0,1962.0,B01,138Â 206Â 632,2.0,-1.0,-1.0,1726329,1.0,33,,0.0,2.0,1.0,B01,138Â 206Â 632,1.0
1011339,201900052870,5,27,12:25,1,2,2,2.0,3.0,45272,RUE DE LA GARE-RUE DES IRIS,M,"47,8275710","1,9646410",45,2019,-1.0,5.0,1.0,3.0,2261600,1.0,1,1,1,4.0,,0.0,0,1958.0,A01,138Â 206Â 629,8.0,-1.0,-1.0,1726330,3.0,7,,0.0,2.0,1.0,A01,138Â 206Â 629,3.0
1011339,201900052870,5,27,12:25,1,2,2,2.0,3.0,45272,RUE DE LA GARE-RUE DES IRIS,M,"47,8275710","1,9646410",45,2019,-1.0,5.0,1.0,3.0,2261600,1.0,1,1,1,4.0,,0.0,0,1958.0,A01,138Â 206Â 629,8.0,-1.0,-1.0,1726331,1.0,50,,0.0,2.0,8.0,B01,138Â 206Â 630,3.0
1011339,201900052870,5,27,12:25,1,2,2,2.0,3.0,45272,RUE DE LA GARE-RUE DES IRIS,M,"47,8275710","1,9646410",45,2019,-1.0,5.0,1.0,3.0,2261601,1.0,1,3,1,1.0,,0.0,0,1999.0,B01,138Â 206Â 630,0.0,-1.0,-1.0,1726330,3.0,7,,0.0,2.0,1.0,A01,138Â 206Â 629,3.0
1011339,201900052870,5,27,12:25,1,2,2,2.0,3.0,45272,RUE DE LA GARE-RUE DES IRIS,M,"47,8275710","1,9646410",45,2019,-1.0,5.0,1.0,3.0,2261601,1.0,1,3,1,1.0,,0.0,0,1999.0,B01,138Â 206Â 630,0.0,-1.0,-1.0,1726331,1.0,50,,0.0,2.0,8.0,B01,138Â 206Â 630,3.0
1011340,201900052871,5,8,13:50,1,1,1,2.0,7.0,45182,RD 19 - PK 18+800,M,"47,6723720","1,7816780",45,2019,80.0,1.0,2.0,3.0,2261602,1.0,1,4,1,5.0,,0.0,0,1974.0,A01,138Â 206Â 628,2.0,-1.0,-1.0,1726332,1.0,33,,13.0,0.0,7.0,A01,138Â 206Â 628,1.0
1011341,201900052872,5,16,18:00,1,2,3,7.0,6.0,45067,R DE LA GROUE - R DE LA GALINIERE,M,"47,8859412","1,7777645",45,2019,50.0,1.0,1.0,4.0,2261603,1.0,1,3,1,5.0,,0.0,0,1972.0,B01,138Â 206Â 626,2.0,-1.0,-1.0,1726333,1.0,33,,0.0,0.0,2.0,B01,138Â 206Â 626,1.0
1011341,201900052872,5,16,18:00,1,2,3,7.0,6.0,45067,R DE LA GROUE - R DE LA GALINIERE,M,"47,8859412","1,7777645",45,2019,50.0,1.0,1.0,4.0,2261603,1.0,1,3,1,5.0,,0.0,0,1972.0,B01,138Â 206Â 626,2.0,-1.0,-1.0,1726334,2.0,7,,0.0,0.0,0.0,A01,138Â 206Â 627,1.0
1011341,201900052872,5,16,18:00,1,2,3,7.0,6.0,45067,R DE LA GROUE - R DE LA GALINIERE,M,"47,8859412","1,7777645",45,2019,50.0,1.0,1.0,4.0,2261604,1.0,1,1,1,1.0,,0.0,0,1961.0,A01,138Â 206Â 627,1.0,-1.0,-1.0,1726333,1.0,33,,0.0,0.0,2.0,B01,138Â 206Â 626,1.0
1011341,201900052872,5,16,18:00,1,2,3,7.0,6.0,45067,R DE LA GROUE - R DE LA GALINIERE,M,"47,8859412","1,7777645",45,2019,50.0,1.0,1.0,4.0,2261604,1.0,1,1,1,1.0,,0.0,0,1961.0,A01,138Â 206Â 627,1.0,-1.0,-1.0,1726334,2.0,7,,0.0,0.0,0.0,A01,138Â 206Â 627,1.0
1011342,201900052873,5,1,09:50,1,1,1,1.0,3.0,64437,RD933,M,"43,2416108"," -1,0800819",64,2019,80.0,1.0,1.0,3.0,2261605,1.0,1,1,1,4.0,,0.0,0,1999.0,A01,138Â 206Â 623,1.0,-1.0,-1.0,1726335,1.0,10,,0.0,2.0,7.0,A01,138Â 206Â 623,1.0
1011342,201900052873,5,1,09:50,1,1,1,1.0,3.0,64437,RD933,M,"43,2416108"," -1,0800819",64,2019,80.0,1.0,1.0,3.0,2261605,1.0,1,1,1,4.0,,0.0,0,1999.0,A01,138Â 206Â 623,1.0,-1.0,-1.0,1726336,1.0,7,,0.0,2.0,3.0,B01,138Â 206Â 624,1.0
1011342,201900052873,5,1,09:50,1,1,1,1.0,3.0,64437,RD933,M,"43,2416108"," -1,0800819",64,2019,80.0,1.0,1.0,3.0,2261606,1.0,1,4,1,1.0,,0.0,0,2000.0,B01,138Â 206Â 624,1.0,-1.0,-1.0,1726335,1.0,10,,0.0,2.0,7.0,A01,138Â 206Â 623,1.0
1011342,201900052873,5,1,09:50,1,1,1,1.0,3.0,64437,RD933,M,"43,2416108"," -1,0800819",64,2019,80.0,1.0,1.0,3.0,2261606,1.0,1,4,1,1.0,,0.0,0,2000.0,B01,138Â 206Â 624,1.0,-1.0,-1.0,1726336,1.0,7,,0.0,2.0,3.0,B01,138Â 206Â 624,1.0
1011343,201900052874,5,14,08:00,1,2,1,1.0,1.0,64484,D2933,M,"43,1662482"," -1,1878630",64,2019,50.0,1.0,1.0,3.0,2261607,1.0,1,1,1,4.0,,0.0,0,1968.0,B01,138Â 206Â 621,1.0,-1.0,-1.0,1726337,1.0,13,,0.0,0.0,2.0,B01,138Â 206Â 621,1.0
1011343,201900052874,5,14,08:00,1,2,1,1.0,1.0,64484,D2933,M,"43,1662482"," -1,1878630",64,2019,50.0,1.0,1.0,3.0,2261607,1.0,1,1,1,4.0,,0.0,0,1968.0,B01,138Â 206Â 621,1.0,-1.0,-1.0,1726338,2.0,7,,0.0,2.0,2.0,A01,138Â 206Â 622,1.0
1011343,201900052874,5,14,08:00,1,2,1,1.0,1.0,64484,D2933,M,"43,1662482"," -1,1878630",64,2019,50.0,1.0,1.0,3.0,2261608,1.0,1,4,2,2.0,,0.0,0,1998.0,A01,138Â 206Â 622,1.0,-1.0,-1.0,1726337,1.0,13,,0.0,0.0,2.0,B01,138Â 206Â 621,1.0
1011343,201900052874,5,14,08:00,1,2,1,1.0,1.0,64484,D2933,M,"43,1662482"," -1,1878630",64,2019,50.0,1.0,1.0,3.0,2261608,1.0,1,4,2,2.0,,0.0,0,1998.0,A01,138Â 206Â 622,1.0,-1.0,-1.0,1726338,2.0,7,,0.0,2.0,2.0,A01,138Â 206Â 622,1.0
1011343,201900052874,5,14,08:00,1,2,1,1.0,1.0,64484,D2933,M,"43,1662482"," -1,1878630",64,2019,50.0,1.0,1.0,3.0,2261609,9.0,2,4,1,2.0,,0.0,0,1999.0,A01,138Â 206Â 622,1.0,-1.0,-1.0,1726337,1.0,13,,0.0,0.0,2.0,B01,138Â 206Â 621,1.0
1011343,201900052874,5,14,08:00,1,2,1,1.0,1.0,64484,D2933,M,"43,1662482"," -1,1878630",64,2019,50.0,1.0,1.0,3.0,2261609,9.0,2,4,1,2.0,,0.0,0,1999.0,A01,138Â 206Â 622,1.0,-1.0,-1.0,1726338,2.0,7,,0.0,2.0,2.0,A01,138Â 206Â 622,1.0
1011343,201900052874,5,14,08:00,1,2,1,1.0,1.0,64484,D2933,M,"43,1662482"," -1,1878630",64,2019,50.0,1.0,1.0,3.0,2261610,2.0,2,4,1,2.0,,0.0,0,1999.0,A01,138Â 206Â 622,1.0,-1.0,-1.0,1726337,1.0,13,,0.0,0.0,2.0,B01,138Â 206Â 621,1.0
1011343,201900052874,5,14,08:00,1,2,1,1.0,1.0,64484,D2933,M,"43,1662482"," -1,1878630",64,2019,50.0,1.0,1.0,3.0,2261610,2.0,2,4,1,2.0,,0.0,0,1999.0,A01,138Â 206Â 622,1.0,-1.0,-1.0,1726338,2.0,7,,0.0,2.0,2.0,A01,138Â 206Â 622,1.0
1011344,201900052875,5,3,19:15,1,1,1,2.0,1.0,64066,D 918 - PK 58+100,M,"43,1900776"," -1,2531242",64,2019,80.0,1.0,2.0,3.0,2261611,1.0,1,4,1,5.0,,0.0,0,1974.0,B01,138Â 206Â 616,1.0,-1.0,-1.0,1726339,1.0,7,,0.0,2.0,1.0,B01,138Â 206Â 616,6.0
1011344,201900052875,5,3,19:15,1,1,1,2.0,1.0,64066,D 918 - PK 58+100,M,"43,1900776"," -1,2531242",64,2019,80.0,1.0,2.0,3.0,2261611,1.0,1,4,1,5.0,,0.0,0,1974.0,B01,138Â 206Â 616,1.0,-1.0,-1.0,1726340,2.0,7,,0.0,2.0,1.0,A01,138Â 206Â 617,6.0
1011344,201900052875,5,3,19:15,1,1,1,2.0,1.0,64066,D 918 - PK 58+100,M,"43,1900776"," -1,2531242",64,2019,80.0,1.0,2.0,3.0,2261612,1.0,1,3,2,1.0,,0.0,0,1990.0,A01,138Â 206Â 617,1.0,-1.0,-1.0,1726339,1.0,7,,0.0,2.0,1.0,B01,138Â 206Â 616,6.0
1011344,201900052875,5,3,19:15,1,1,1,2.0,1.0,64066,D 918 - PK 58+100,M,"43,1900776"," -1,2531242",64,2019,80.0,1.0,2.0,3.0,2261612,1.0,1,3,2,1.0,,0.0,0,1990.0,A01,138Â 206Â 617,1.0,-1.0,-1.0,1726340,2.0,7,,0.0,2.0,1.0,A01,138Â 206Â 617,6.0
1011345,201900052876,5,1,15:15,1,1,1,1.0,7.0,64047,D933,M,"43,1084950"," -1,2814440",64,2019,80.0,1.0,1.0,3.0,2261613,1.0,1,4,1,5.0,,0.0,0,1969.0,A01,138Â 206Â 615,2.0,6.0,-1.0,1726341,2.0,33,,0.0,0.0,7.0,A01,138Â 206Â 615,1.0
1011345,201900052876,5,1,15:15,1,1,1,1.0,7.0,64047,D933,M,"43,1084950"," -1,2814440",64,2019,80.0,1.0,1.0,3.0,2261614,2.0,2,4,2,5.0,,0.0,0,1976.0,A01,138Â 206Â 615,2.0,6.0,-1.0,1726341,2.0,33,,0.0,0.0,7.0,A01,138Â 206Â 615,1.0
1011346,201900052877,5,10,10:30,1,2,9,1.0,6.0,64537,parking,M,"43,1328097"," -0,8767003",64,2019,30.0,8.0,1.0,6.0,2261615,1.0,1,4,1,9.0,,0.0,0,1970.0,A01,138Â 206Â 614,1.0,-1.0,-1.0,1726342,3.0,7,,6.0,0.0,1.0,A01,138Â 206Â 614,1.0
1011347,201900052878,5,1,13:40,1,2,3,1.0,3.0,64038,DÃ©partementale 3,M,"43,4405939"," -1,5189248",64,2019,50.0,1.0,1.0,3.0,2261616,1.0,1,4,1,5.0,,0.0,0,1946.0,A01,138Â 206Â 612,1.0,-1.0,-1.0,1726343,0.0,10,,0.0,2.0,3.0,A01,138Â 206Â 612,1.0
1011347,201900052878,5,1,13:40,1,2,3,1.0,3.0,64038,DÃ©partementale 3,M,"43,4405939"," -1,5189248",64,2019,50.0,1.0,1.0,3.0,2261616,1.0,1,4,1,5.0,,0.0,0,1946.0,A01,138Â 206Â 612,1.0,-1.0,-1.0,1726344,1.0,33,,0.0,2.0,1.0,B01,138Â 206Â 613,1.0
1011347,201900052878,5,1,13:40,1,2,3,1.0,3.0,64038,DÃ©partementale 3,M,"43,4405939"," -1,5189248",64,2019,50.0,1.0,1.0,3.0,2261617,1.0,1,3,1,1.0,,0.0,0,1963.0,B01,138Â 206Â 613,2.0,6.0,-1.0,1726343,0.0,10,,0.0,2.0,3.0,A01,138Â 206Â 612,1.0
1011347,201900052878,5,1,13:40,1,2,3,1.0,3.0,64038,DÃ©partementale 3,M,"43,4405939"," -1,5189248",64,2019,50.0,1.0,1.0,3.0,2261617,1.0,1,3,1,1.0,,0.0,0,1963.0,B01,138Â 206Â 613,2.0,6.0,-1.0,1726344,1.0,33,,0.0,2.0,1.0,B01,138Â 206Â 613,1.0
1011348,201900052879,5,14,11:00,1,2,3,1.0,3.0,64495,Quartier Ibarron,M,"43,3561790"," -1,5668780",64,2019,50.0,1.0,1.0,3.0,2261618,1.0,1,4,1,5.0,,0.0,0,1961.0,B01,138Â 206Â 610,2.0,-1.0,-1.0,1726345,2.0,1,,0.0,2.0,1.0,B01,138Â 206Â 610,5.0
1011348,201900052879,5,14,11:00,1,2,3,1.0,3.0,64495,Quartier Ibarron,M,"43,3561790"," -1,5668780",64,2019,50.0,1.0,1.0,3.0,2261618,1.0,1,4,1,5.0,,0.0,0,1961.0,B01,138Â 206Â 610,2.0,-1.0,-1.0,1726346,1.0,7,,0.0,2.0,3.0,A01,138Â 206Â 611,1.0
1011348,201900052879,5,14,11:00,1,2,3,1.0,3.0,64495,Quartier Ibarron,M,"43,3561790"," -1,5668780",64,2019,50.0,1.0,1.0,3.0,2261619,1.0,1,1,1,5.0,,0.0,0,1972.0,A01,138Â 206Â 611,1.0,-1.0,-1.0,1726345,2.0,1,,0.0,2.0,1.0,B01,138Â 206Â 610,5.0
1011348,201900052879,5,14,11:00,1,2,3,1.0,3.0,64495,Quartier Ibarron,M,"43,3561790"," -1,5668780",64,2019,50.0,1.0,1.0,3.0,2261619,1.0,1,1,1,5.0,,0.0,0,1972.0,A01,138Â 206Â 611,1.0,-1.0,-1.0,1726346,1.0,7,,0.0,2.0,3.0,A01,138Â 206Â 611,1.0
1011349,201900052880,5,3,14:00,1,2,7,8.0,7.0,64495,Parking de la poste,M,"43,3559950"," -1,5517520",64,2019,-1.0,1.0,1.0,6.0,2261620,10.0,3,3,1,5.0,,9.0,9,1952.0,A01,138Â 206Â 609,0.0,-1.0,-1.0,1726347,3.0,7,,1.0,1.0,7.0,A01,138Â 206Â 609,3.0
1011349,201900052880,5,3,14:00,1,2,7,8.0,7.0,64495,Parking de la poste,M,"43,3559950"," -1,5517520",64,2019,-1.0,1.0,1.0,6.0,2261621,1.0,1,1,2,5.0,,0.0,0,1955.0,A01,138Â 206Â 609,1.0,-1.0,-1.0,1726347,3.0,7,,1.0,1.0,7.0,A01,138Â 206Â 609,3.0
1011350,201900052881,5,26,09:45,1,1,1,2.0,6.0,64256,Route dÃ©partementale 10 (D10),M,"43,3822287"," -1,3276239",64,2019,80.0,1.0,2.0,3.0,2261622,1.0,1,4,1,5.0,,0.0,0,1945.0,A01,138Â 206Â 608,1.0,-1.0,-1.0,1726348,1.0,7,,13.0,0.0,0.0,A01,138Â 206Â 608,1.0
1011351,201900052882,5,24,15:30,1,1,1,8.0,1.0,64256,D22 PK 025.500,M,"43,3812446"," -1,2918957",64,2019,80.0,1.0,2.0,3.0,2261623,1.0,1,3,1,5.0,,0.0,0,1949.0,B01,138Â 206Â 606,1.0,-1.0,-1.0,1726349,1.0,7,,0.0,2.0,3.0,B01,138Â 206Â 606,1.0
1011351,201900052882,5,24,15:30,1,1,1,8.0,1.0,64256,D22 PK 025.500,M,"43,3812446"," -1,2918957",64,2019,80.0,1.0,2.0,3.0,2261623,1.0,1,3,1,5.0,,0.0,0,1949.0,B01,138Â 206Â 606,1.0,-1.0,-1.0,1726350,2.0,7,,0.0,2.0,1.0,A01,138Â 206Â 607,1.0
1011351,201900052882,5,24,15:30,1,1,1,8.0,1.0,64256,D22 PK 025.500,M,"43,3812446"," -1,2918957",64,2019,80.0,1.0,2.0,3.0,2261624,1.0,1,4,1,1.0,,0.0,0,2000.0,A01,138Â 206Â 607,1.0,-1.0,-1.0,1726349,1.0,7,,0.0,2.0,3.0,B01,138Â 206Â 606,1.0
1011351,201900052882,5,24,15:30,1,1,1,8.0,1.0,64256,D22 PK 025.500,M,"43,3812446"," -1,2918957",64,2019,80.0,1.0,2.0,3.0,2261624,1.0,1,4,1,1.0,,0.0,0,2000.0,A01,138Â 206Â 607,1.0,-1.0,-1.0,1726350,2.0,7,,0.0,2.0,1.0,A01,138Â 206Â 607,1.0
1011352,201900052883,5,24,15:45,1,2,9,3.0,1.0,64191,27 avenue de la gare,M,"43,1776920"," -0,2390066",64,2019,50.0,1.0,2.0,3.0,2261625,1.0,1,1,1,5.0,,0.0,0,1971.0,A01,138Â 206Â 604,1.0,-1.0,-1.0,1726351,1.0,7,,0.0,2.0,1.0,A01,138Â 206Â 604,0.0
1011352,201900052883,5,24,15:45,1,2,9,3.0,1.0,64191,27 avenue de la gare,M,"43,1776920"," -0,2390066",64,2019,50.0,1.0,2.0,3.0,2261625,1.0,1,1,1,5.0,,0.0,0,1971.0,A01,138Â 206Â 604,1.0,-1.0,-1.0,1726352,2.0,7,,0.0,2.0,1.0,B01,138Â 206Â 605,0.0
1011352,201900052883,5,24,15:45,1,2,9,3.0,1.0,64191,27 avenue de la gare,M,"43,1776920"," -0,2390066",64,2019,50.0,1.0,2.0,3.0,2261626,1.0,1,4,2,5.0,,0.0,0,1991.0,B01,138Â 206Â 605,1.0,-1.0,-1.0,1726351,1.0,7,,0.0,2.0,1.0,A01,138Â 206Â 604,0.0
1011352,201900052883,5,24,15:45,1,2,9,3.0,1.0,64191,27 avenue de la gare,M,"43,1776920"," -0,2390066",64,2019,50.0,1.0,2.0,3.0,2261626,1.0,1,4,2,5.0,,0.0,0,1991.0,B01,138Â 206Â 605,1.0,-1.0,-1.0,1726352,2.0,7,,0.0,2.0,1.0,B01,138Â 206Â 605,0.0
1011353,201900052884,5,30,11:30,1,2,5,1.0,6.0,64331,rue joseph peyre,M,"43,4524612"," -0,1097947",64,2019,50.0,1.0,1.0,3.0,2261627,1.0,1,1,1,5.0,,0.0,0,1943.0,C01,138Â 206Â 600,1.0,-1.0,-1.0,1726353,1.0,10,,15.0,0.0,6.0,C01,138Â 206Â 600,1.0
1011353,201900052884,5,30,11:30,1,2,5,1.0,6.0,64331,rue joseph peyre,M,"43,4524612"," -0,1097947",64,2019,50.0,1.0,1.0,3.0,2261627,1.0,1,1,1,5.0,,0.0,0,1943.0,C01,138Â 206Â 600,1.0,-1.0,-1.0,1726354,1.0,7,,1.0,2.0,0.0,A01,138Â 206Â 601,1.0
1011353,201900052884,5,30,11:30,1,2,5,1.0,6.0,64331,rue joseph peyre,M,"43,4524612"," -0,1097947",64,2019,50.0,1.0,1.0,3.0,2261627,1.0,1,1,1,5.0,,0.0,0,1943.0,C01,138Â 206Â 600,1.0,-1.0,-1.0,1726355,2.0,7,,0.0,2.0,1.0,D01,138Â 206Â 602,1.0
1011353,201900052884,5,30,11:30,1,2,5,1.0,6.0,64331,rue joseph peyre,M,"43,4524612"," -0,1097947",64,2019,50.0,1.0,1.0,3.0,2261628,1.0,1,3,2,0.0,,0.0,0,1933.0,A01,138Â 206Â 601,8.0,-1.0,-1.0,1726353,1.0,10,,15.0,0.0,6.0,C01,138Â 206Â 600,1.0
1011353,201900052884,5,30,11:30,1,2,5,1.0,6.0,64331,rue joseph peyre,M,"43,4524612"," -0,1097947",64,2019,50.0,1.0,1.0,3.0,2261628,1.0,1,3,2,0.0,,0.0,0,1933.0,A01,138Â 206Â 601,8.0,-1.0,-1.0,1726354,1.0,7,,1.0,2.0,0.0,A01,138Â 206Â 601,1.0
1011353,201900052884,5,30,11:30,1,2,5,1.0,6.0,64331,rue joseph peyre,M,"43,4524612"," -0,1097947",64,2019,50.0,1.0,1.0,3.0,2261628,1.0,1,3,2,0.0,,0.0,0,1933.0,A01,138Â 206Â 601,8.0,-1.0,-1.0,1726355,2.0,7,,0.0,2.0,1.0,D01,138Â 206Â 602,1.0
1011353,201900052884,5,30,11:30,1,2,5,1.0,6.0,64331,rue joseph peyre,M,"43,4524612"," -0,1097947",64,2019,50.0,1.0,1.0,3.0,2261629,1.0,1,1,1,5.0,,0.0,0,1948.0,D01,138Â 206Â 602,1.0,-1.0,-1.0,1726353,1.0,10,,15.0,0.0,6.0,C01,138Â 206Â 600,1.0
1011353,201900052884,5,30,11:30,1,2,5,1.0,6.0,64331,rue joseph peyre,M,"43,4524612"," -0,1097947",64,2019,50.0,1.0,1.0,3.0,2261629,1.0,1,1,1,5.0,,0.0,0,1948.0,D01,138Â 206Â 602,1.0,-1.0,-1.0,1726354,1.0,7,,1.0,2.0,0.0,A01,138Â 206Â 601,1.0
1011353,201900052884,5,30,11:30,1,2,5,1.0,6.0,64331,rue joseph peyre,M,"43,4524612"," -0,1097947",64,2019,50.0,1.0,1.0,3.0,2261629,1.0,1,1,1,5.0,,0.0,0,1948.0,D01,138Â 206Â 602,1.0,-1.0,-1.0,1726355,2.0,7,,0.0,2.0,1.0,D01,138Â 206Â 602,1.0
1011354,201900052885,5,29,18:15,1,1,1,1.0,7.0,64503,RD295,M,"43,4419200"," -0,1175823",64,2019,80.0,1.0,1.0,3.0,2261630,2.0,2,4,2,5.0,,0.0,0,1974.0,A01,138Â 206Â 599,2.0,-1.0,-1.0,1726356,1.0,31,,0.0,0.0,0.0,A01,138Â 206Â 599,1.0
1011354,201900052885,5,29,18:15,1,1,1,1.0,7.0,64503,RD295,M,"43,4419200"," -0,1175823",64,2019,80.0,1.0,1.0,3.0,2261631,1.0,1,4,1,5.0,,0.0,0,1971.0,A01,138Â 206Â 599,2.0,-1.0,-1.0,1726356,1.0,31,,0.0,0.0,0.0,A01,138Â 206Â 599,1.0
1011355,201900052886,5,24,23:00,3,1,1,3.0,1.0,64405,AVENUE DE LA RESISTANCE,M,"43,3306661"," -0,2830274",64,2019,50.0,1.0,1.0,3.0,2261632,1.0,1,1,1,1.0,,0.0,0,1980.0,A01,138Â 206Â 597,1.0,-1.0,-1.0,1726357,1.0,7,,0.0,2.0,1.0,A01,138Â 206Â 597,6.0
1011355,201900052886,5,24,23:00,3,1,1,3.0,1.0,64405,AVENUE DE LA RESISTANCE,M,"43,3306661"," -0,2830274",64,2019,50.0,1.0,1.0,3.0,2261632,1.0,1,1,1,1.0,,0.0,0,1980.0,A01,138Â 206Â 597,1.0,-1.0,-1.0,1726358,2.0,7,,0.0,2.0,1.0,B01,138Â 206Â 598,0.0
1011355,201900052886,5,24,23:00,3,1,1,3.0,1.0,64405,AVENUE DE LA RESISTANCE,M,"43,3306661"," -0,2830274",64,2019,50.0,1.0,1.0,3.0,2261633,1.0,1,4,2,5.0,,0.0,0,1990.0,B01,138Â 206Â 598,1.0,-1.0,-1.0,1726357,1.0,7,,0.0,2.0,1.0,A01,138Â 206Â 597,6.0
1011355,201900052886,5,24,23:00,3,1,1,3.0,1.0,64405,AVENUE DE LA RESISTANCE,M,"43,3306661"," -0,2830274",64,2019,50.0,1.0,1.0,3.0,2261633,1.0,1,4,2,5.0,,0.0,0,1990.0,B01,138Â 206Â 598,1.0,-1.0,-1.0,1726358,2.0,7,,0.0,2.0,1.0,B01,138Â 206Â 598,0.0
1011356,201900052887,5,22,17:00,1,2,3,1.0,2.0,64518,d 38,M,"43,3089056"," -0,2755216",64,2019,70.0,1.0,1.0,3.0,2261634,1.0,1,4,1,1.0,,0.0,0,1999.0,A01,138Â 206Â 595,2.0,6.0,-1.0,1726359,2.0,33,,8.0,2.0,3.0,A01,138Â 206Â 595,1.0
1011356,201900052887,5,22,17:00,1,2,3,1.0,2.0,64518,d 38,M,"43,3089056"," -0,2755216",64,2019,70.0,1.0,1.0,3.0,2261634,1.0,1,4,1,1.0,,0.0,0,1999.0,A01,138Â 206Â 595,2.0,6.0,-1.0,1726360,2.0,7,,0.0,0.0,5.0,B01,138Â 206Â 596,1.0