Unnamed: 0_x,num_acc,mois,jour,hrmn,lum,agg,int,atm,col,com,adr,gps,lat,long,dep,annee,vma,situ,surf,catr,Unnamed: 0_y,place,catu,grav,sexe,trajet,secu,locp,actp,an_nais,num_veh_x,id_vehicule_x,secu1,secu2,secu3,Unnamed: 0,senc,catv,occutc,obs,obsm,choc,num_veh_y,id_vehicule_y,motor
1011356,201900052887,5,22,17:00,1,2,3,1.0,2.0,64518,d 38,M,"43,3089056"," -0,2755216",64,2019,70.0,1.0,1.0,3.0,2261635,1.0,1,1,1,0.0,,0.0,0,1983.0,B01,138Â 206Â 596,1.0,-1.0,-1.0,1726359,2.0,33,,8.0,2.0,3.0,A01,138Â 206Â 595,1.0
1011356,201900052887,5,22,17:00,1,2,3,1.0,2.0,64518,d 38,M,"43,3089056"," -0,2755216",64,2019,70.0,1.0,1.0,3.0,2261635,1.0,1,1,1,0.0,,0.0,0,1983.0,B01,138Â 206Â 596,1.0,-1.0,-1.0,1726360,2.0,7,,0.0,0.0,5.0,B01,138Â 206Â 596,1.0
1011357,201900052888,5,9,22:10,3,1,1,2.0,6.0,73007,D1006,M,"45,5595196","6,2790864",73,2019,80.0,3.0,2.0,3.0,2261636,1.0,1,4,2,5.0,,0.0,0,1992.0,A01,138Â 206Â 594,1.0,-1.0,-1.0,1726361,2.0,7,,13.0,0.0,3.0,A01,138Â 206Â 594,1.0
1011358,201900052889,5,1,17:30,1,2,1,1.0,2.0,73067,D76 Route de la PontiÃ¨re,M,"45,3660101","6,2977117",73,2019,50.0,1.0,1.0,3.0,2261637,1.0,1,1,1,5.0,,0.0,0,1968.0,B01,138Â 206Â 592,1.0,-1.0,-1.0,1726362,0.0,7,,0.0,1.0,6.0,B01,138Â 206Â 592,1.0
1011358,201900052889,5,1,17:30,1,2,1,1.0,2.0,73067,D76 Route de la PontiÃ¨re,M,"45,3660101","6,2977117",73,2019,50.0,1.0,1.0,3.0,2261637,1.0,1,1,1,5.0,,0.0,0,1968.0,B01,138Â 206Â 592,1.0,-1.0,-1.0,1726363,3.0,7,,1.0,0.0,2.0,A01,138Â 206Â 593,1.0
1011358,201900052889,5,1,17:30,1,2,1,1.0,2.0,73067,D76 Route de la PontiÃ¨re,M,"45,3660101","6,2977117",73,2019,50.0,1.0,1.0,3.0,2261638,10.0,3,4,2,5.0,,6.0,B,1977.0,B01,138Â 206Â 592,0.0,-1.0,-1.0,1726362,0.0,7,,0.0,1.0,6.0,B01,138Â 206Â 592,1.0
1011358,201900052889,5,1,17:30,1,2,1,1.0,2.0,73067,D76 Route de la PontiÃ¨re,M,"45,3660101","6,2977117",73,2019,50.0,1.0,1.0,3.0,2261638,10.0,3,4,2,5.0,,6.0,B,1977.0,B01,138Â 206Â 592,0.0,-1.0,-1.0,1726363,3.0,7,,1.0,0.0,2.0,A01,138Â 206Â 593,1.0
1011358,201900052889,5,1,17:30,1,2,1,1.0,2.0,73067,D76 Route de la PontiÃ¨re,M,"45,3660101","6,2977117",73,2019,50.0,1.0,1.0,3.0,2261639,1.0,1,1,2,5.0,,0.0,0,1973.0,A01,138Â 206Â 593,1.0,-1.0,-1.0,1726362,0.0,7,,0.0,1.0,6.0,B01,138Â 206Â 592,1.0
1011358,201900052889,5,1,17:30,1,2,1,1.0,2.0,73067,D76 Route de la PontiÃ¨re,M,"45,3660101","6,2977117",73,2019,50.0,1.0,1.0,3.0,2261639,1.0,1,1,2,5.0,,0.0,0,1973.0,A01,138Â 206Â 593,1.0,-1.0,-1.0,1726363,3.0,7,,1.0,0.0,2.0,A01,138Â 206Â 593,1.0
1011358,201900052889,5,1,17:30,1,2,1,1.0,2.0,73067,D76 Route de la PontiÃ¨re,M,"45,3660101","6,2977117",73,2019,50.0,1.0,1.0,3.0,2261640,2.0,2,1,1,5.0,,0.0,0,1986.0,A01,138Â 206Â 593,1.0,-1.0,-1.0,1726362,0.0,7,,0.0,1.0,6.0,B01,138Â 206Â 592,1.0
1011358,201900052889,5,1,17:30,1,2,1,1.0,2.0,73067,D76 Route de la PontiÃ¨re,M,"45,3660101","6,2977117",73,2019,50.0,1.0,1.0,3.0,2261640,2.0,2,1,1,5.0,,0.0,0,1986.0,A01,138Â 206Â 593,1.0,-1.0,-1.0,1726363,3.0,7,,1.0,0.0,2.0,A01,138Â 206Â 593,1.0
1011358,201900052889,5,1,17:30,1,2,1,1.0,2.0,73067,D76 Route de la PontiÃ¨re,M,"45,3660101","6,2977117",73,2019,50.0,1.0,1.0,3.0,2261641,3.0,2,4,1,5.0,,0.0,0,1956.0,A01,138Â 206Â 593,1.0,-1.0,-1.0,1726362,0.0,7,,0.0,1.0,6.0,B01,138Â 206Â 592,1.0
1011358,201900052889,5,1,17:30,1,2,1,1.0,2.0,73067,D76 Route de la PontiÃ¨re,M,"45,3660101","6,2977117",73,2019,50.0,1.0,1.0,3.0,2261641,3.0,2,4,1,5.0,,0.0,0,1956.0,A01,138Â 206Â 593,1.0,-1.0,-1.0,1726363,3.0,7,,1.0,0.0,2.0,A01,138Â 206Â 593,1.0
1011359,201900052890,5,30,13:15,1,1,1,1.0,1.0,73312,D201C,M,"45,6558529","6,3119235",73,2019,80.0,1.0,1.0,3.0,2261642,1.0,1,1,2,5.0,,0.0,0,2000.0,B01,138Â 206Â 590,1.0,-1.0,-1.0,1726364,2.0,7,,0.0,2.0,3.0,B01,138Â 206Â 590,1.0
1011359,201900052890,5,30,13:15,1,1,1,1.0,1.0,73312,D201C,M,"45,6558529","6,3119235",73,2019,80.0,1.0,1.0,3.0,2261642,1.0,1,1,2,5.0,,0.0,0,2000.0,B01,138Â 206Â 590,1.0,-1.0,-1.0,1726365,1.0,33,,0.0,2.0,3.0,A01,138Â 206Â 591,1.0
1011359,201900052890,5,30,13:15,1,1,1,1.0,1.0,73312,D201C,M,"45,6558529","6,3119235",73,2019,80.0,1.0,1.0,3.0,2261643,1.0,1,4,1,5.0,,0.0,0,1986.0,A01,138Â 206Â 591,2.0,6.0,-1.0,1726364,2.0,7,,0.0,2.0,3.0,B01,138Â 206Â 590,1.0
1011359,201900052890,5,30,13:15,1,1,1,1.0,1.0,73312,D201C,M,"45,6558529","6,3119235",73,2019,80.0,1.0,1.0,3.0,2261643,1.0,1,4,1,5.0,,0.0,0,1986.0,A01,138Â 206Â 591,2.0,6.0,-1.0,1726365,1.0,33,,0.0,2.0,3.0,A01,138Â 206Â 591,1.0
1011360,201900052891,5,28,18:35,1,2,1,2.0,2.0,73124,232 Avenue Georges Pompidou,M,"45,6553001","6,3592999",73,2019,50.0,1.0,2.0,4.0,2261644,1.0,1,1,1,3.0,,0.0,0,1980.0,A01,138Â 206Â 588,1.0,-1.0,-1.0,1726366,1.0,7,,0.0,2.0,4.0,A01,138Â 206Â 588,1.0
1011360,201900052891,5,28,18:35,1,2,1,2.0,2.0,73124,232 Avenue Georges Pompidou,M,"45,6553001","6,3592999",73,2019,50.0,1.0,2.0,4.0,2261644,1.0,1,1,1,3.0,,0.0,0,1980.0,A01,138Â 206Â 588,1.0,-1.0,-1.0,1726367,1.0,2,,0.0,2.0,1.0,B01,138Â 206Â 589,1.0
1011360,201900052891,5,28,18:35,1,2,1,2.0,2.0,73124,232 Avenue Georges Pompidou,M,"45,6553001","6,3592999",73,2019,50.0,1.0,2.0,4.0,2261645,1.0,1,3,1,1.0,,0.0,0,2003.0,B01,138Â 206Â 589,2.0,6.0,-1.0,1726366,1.0,7,,0.0,2.0,4.0,A01,138Â 206Â 588,1.0
1011360,201900052891,5,28,18:35,1,2,1,2.0,2.0,73124,232 Avenue Georges Pompidou,M,"45,6553001","6,3592999",73,2019,50.0,1.0,2.0,4.0,2261645,1.0,1,3,1,1.0,,0.0,0,2003.0,B01,138Â 206Â 589,2.0,6.0,-1.0,1726367,1.0,2,,0.0,2.0,1.0,B01,138Â 206Â 589,1.0
1011361,201900052892,5,5,17:30,1,1,1,1.0,7.0,73114,D1212,M,"45,8290156","6,5497854",73,2019,80.0,8.0,1.0,3.0,2261646,1.0,1,3,1,5.0,,0.0,0,1999.0,A01,138Â 206Â 587,0.0,-1.0,-1.0,1726368,1.0,7,,0.0,0.0,1.0,A01,138Â 206Â 587,1.0
1011362,201900052893,4,14,11:10,1,1,2,1.0,3.0,73151,rd1006,M,"45,5073092","6,0236289",73,2019,80.0,1.0,1.0,3.0,2261647,1.0,1,1,1,0.0,,0.0,0,1996.0,A01,138Â 206Â 585,1.0,-1.0,-1.0,1726369,2.0,7,,0.0,2.0,3.0,A01,138Â 206Â 585,1.0
1011362,201900052893,4,14,11:10,1,1,2,1.0,3.0,73151,rd1006,M,"45,5073092","6,0236289",73,2019,80.0,1.0,1.0,3.0,2261647,1.0,1,1,1,0.0,,0.0,0,1996.0,A01,138Â 206Â 585,1.0,-1.0,-1.0,1726370,1.0,1,,0.0,2.0,7.0,B01,138Â 206Â 586,5.0
1011362,201900052893,4,14,11:10,1,1,2,1.0,3.0,73151,rd1006,M,"45,5073092","6,0236289",73,2019,80.0,1.0,1.0,3.0,2261648,1.0,1,3,1,5.0,,0.0,0,1950.0,B01,138Â 206Â 586,2.0,-1.0,-1.0,1726369,2.0,7,,0.0,2.0,3.0,A01,138Â 206Â 585,1.0
1011362,201900052893,4,14,11:10,1,1,2,1.0,3.0,73151,rd1006,M,"45,5073092","6,0236289",73,2019,80.0,1.0,1.0,3.0,2261648,1.0,1,3,1,5.0,,0.0,0,1950.0,B01,138Â 206Â 586,2.0,-1.0,-1.0,1726370,1.0,1,,0.0,2.0,7.0,B01,138Â 206Â 586,5.0
1011363,201900052894,5,1,15:15,1,2,2,1.0,3.0,73103,Route de Serarges,M,"45,6548225","5,9394113",73,2019,50.0,1.0,1.0,4.0,2261649,1.0,1,3,1,5.0,,0.0,0,2011.0,B01,138Â 206Â 583,0.0,-1.0,-1.0,1726371,3.0,60,,0.0,2.0,8.0,B01,138Â 206Â 583,5.0
1011363,201900052894,5,1,15:15,1,2,2,1.0,3.0,73103,Route de Serarges,M,"45,6548225","5,9394113",73,2019,50.0,1.0,1.0,4.0,2261649,1.0,1,3,1,5.0,,0.0,0,2011.0,B01,138Â 206Â 583,0.0,-1.0,-1.0,1726372,2.0,7,,0.0,2.0,2.0,A01,138Â 206Â 584,1.0
1011363,201900052894,5,1,15:15,1,2,2,1.0,3.0,73103,Route de Serarges,M,"45,6548225","5,9394113",73,2019,50.0,1.0,1.0,4.0,2261650,1.0,1,1,2,5.0,,0.0,0,1976.0,A01,138Â 206Â 584,1.0,-1.0,-1.0,1726371,3.0,60,,0.0,2.0,8.0,B01,138Â 206Â 583,5.0
1011363,201900052894,5,1,15:15,1,2,2,1.0,3.0,73103,Route de Serarges,M,"45,6548225","5,9394113",73,2019,50.0,1.0,1.0,4.0,2261650,1.0,1,1,2,5.0,,0.0,0,1976.0,A01,138Â 206Â 584,1.0,-1.0,-1.0,1726372,2.0,7,,0.0,2.0,2.0,A01,138Â 206Â 584,1.0
1011364,201900052895,5,31,12:00,1,1,1,7.0,2.0,18037,D24E,M,"47,5550590","2,1833880",18,2019,80.0,1.0,1.0,3.0,2261651,1.0,1,3,1,5.0,,0.0,0,1987.0,B01,138Â 206Â 581,2.0,-1.0,-1.0,1726373,2.0,1,,0.0,2.0,4.0,B01,138Â 206Â 581,5.0
1011364,201900052895,5,31,12:00,1,1,1,7.0,2.0,18037,D24E,M,"47,5550590","2,1833880",18,2019,80.0,1.0,1.0,3.0,2261651,1.0,1,3,1,5.0,,0.0,0,1987.0,B01,138Â 206Â 581,2.0,-1.0,-1.0,1726374,2.0,7,,0.0,2.0,2.0,A01,138Â 206Â 582,1.0
1011364,201900052895,5,31,12:00,1,1,1,7.0,2.0,18037,D24E,M,"47,5550590","2,1833880",18,2019,80.0,1.0,1.0,3.0,2261652,1.0,1,1,1,4.0,,0.0,0,1970.0,A01,138Â 206Â 582,1.0,-1.0,-1.0,1726373,2.0,1,,0.0,2.0,4.0,B01,138Â 206Â 581,5.0
1011364,201900052895,5,31,12:00,1,1,1,7.0,2.0,18037,D24E,M,"47,5550590","2,1833880",18,2019,80.0,1.0,1.0,3.0,2261652,1.0,1,1,1,4.0,,0.0,0,1970.0,A01,138Â 206Â 582,1.0,-1.0,-1.0,1726374,2.0,7,,0.0,2.0,2.0,A01,138Â 206Â 582,1.0
1011365,201900052896,5,10,16:45,1,1,1,8.0,1.0,18147,RD 924,M,"47,4431580","2,2487270",18,2019,80.0,1.0,2.0,3.0,2261653,1.0,1,3,1,1.0,,0.0,0,1984.0,B01,138Â 206Â 579,1.0,-1.0,-1.0,1726375,1.0,7,,0.0,2.0,3.0,B01,138Â 206Â 579,1.0
1011365,201900052896,5,10,16:45,1,1,1,8.0,1.0,18147,RD 924,M,"47,4431580","2,2487270",18,2019,80.0,1.0,2.0,3.0,2261653,1.0,1,3,1,1.0,,0.0,0,1984.0,B01,138Â 206Â 579,1.0,-1.0,-1.0,1726376,2.0,15,,0.0,2.0,3.0,A01,138Â 206Â 580,1.0
1011365,201900052896,5,10,16:45,1,1,1,8.0,1.0,18147,RD 924,M,"47,4431580","2,2487270",18,2019,80.0,1.0,2.0,3.0,2261654,1.0,1,1,1,4.0,,0.0,0,1985.0,A01,138Â 206Â 580,8.0,-1.0,-1.0,1726375,1.0,7,,0.0,2.0,3.0,B01,138Â 206Â 579,1.0
1011365,201900052896,5,10,16:45,1,1,1,8.0,1.0,18147,RD 924,M,"47,4431580","2,2487270",18,2019,80.0,1.0,2.0,3.0,2261654,1.0,1,1,1,4.0,,0.0,0,1985.0,A01,138Â 206Â 580,8.0,-1.0,-1.0,1726376,2.0,15,,0.0,2.0,3.0,A01,138Â 206Â 580,1.0
1011366,201900052897,5,4,16:20,1,1,1,1.0,6.0,18149,"RD940, PR 75+500",M,"47,2836290","2,4281560",18,2019,80.0,3.0,1.0,3.0,2261655,1.0,1,3,1,9.0,,0.0,0,1996.0,A01,138Â 206Â 578,8.0,-1.0,-1.0,1726377,2.0,7,,13.0,0.0,3.0,A01,138Â 206Â 578,1.0
1011367,201900052898,5,11,16:30,1,1,3,1.0,3.0,18195,rd2076,M,"46,8593940","2,8263040",18,2019,80.0,1.0,1.0,3.0,2261656,1.0,1,4,1,5.0,,0.0,0,1971.0,B01,138Â 206Â 576,1.0,-1.0,-1.0,1726378,1.0,7,,0.0,2.0,1.0,B01,138Â 206Â 576,1.0
1011367,201900052898,5,11,16:30,1,1,3,1.0,3.0,18195,rd2076,M,"46,8593940","2,8263040",18,2019,80.0,1.0,1.0,3.0,2261656,1.0,1,4,1,5.0,,0.0,0,1971.0,B01,138Â 206Â 576,1.0,-1.0,-1.0,1726379,3.0,7,,6.0,2.0,2.0,A01,138Â 206Â 577,1.0
1011367,201900052898,5,11,16:30,1,1,3,1.0,3.0,18195,rd2076,M,"46,8593940","2,8263040",18,2019,80.0,1.0,1.0,3.0,2261657,2.0,2,4,2,5.0,,0.0,0,1966.0,B01,138Â 206Â 576,1.0,-1.0,-1.0,1726378,1.0,7,,0.0,2.0,1.0,B01,138Â 206Â 576,1.0
1011367,201900052898,5,11,16:30,1,1,3,1.0,3.0,18195,rd2076,M,"46,8593940","2,8263040",18,2019,80.0,1.0,1.0,3.0,2261657,2.0,2,4,2,5.0,,0.0,0,1966.0,B01,138Â 206Â 576,1.0,-1.0,-1.0,1726379,3.0,7,,6.0,2.0,2.0,A01,138Â 206Â 577,1.0
1011367,201900052898,5,11,16:30,1,1,3,1.0,3.0,18195,rd2076,M,"46,8593940","2,8263040",18,2019,80.0,1.0,1.0,3.0,2261658,1.0,1,1,1,5.0,,0.0,0,1987.0,A01,138Â 206Â 577,1.0,-1.0,-1.0,1726378,1.0,7,,0.0,2.0,1.0,B01,138Â 206Â 576,1.0
1011367,201900052898,5,11,16:30,1,1,3,1.0,3.0,18195,rd2076,M,"46,8593940","2,8263040",18,2019,80.0,1.0,1.0,3.0,2261658,1.0,1,1,1,5.0,,0.0,0,1987.0,A01,138Â 206Â 577,1.0,-1.0,-1.0,1726379,3.0,7,,6.0,2.0,2.0,A01,138Â 206Â 577,1.0
1011367,201900052898,5,11,16:30,1,1,3,1.0,3.0,18195,rd2076,M,"46,8593940","2,8263040",18,2019,80.0,1.0,1.0,3.0,2261659,2.0,2,1,1,5.0,,0.0,0,1960.0,A01,138Â 206Â 577,1.0,-1.0,-1.0,1726378,1.0,7,,0.0,2.0,1.0,B01,138Â 206Â 576,1.0
1011367,201900052898,5,11,16:30,1,1,3,1.0,3.0,18195,rd2076,M,"46,8593940","2,8263040",18,2019,80.0,1.0,1.0,3.0,2261659,2.0,2,1,1,5.0,,0.0,0,1960.0,A01,138Â 206Â 577,1.0,-1.0,-1.0,1726379,3.0,7,,6.0,2.0,2.0,A01,138Â 206Â 577,1.0
1011368,201900052899,5,14,22:00,3,1,1,1.0,6.0,18248,rue des vignes,M,"46,9289940","2,4391530",18,2019,80.0,1.0,1.0,4.0,2261660,1.0,1,4,1,5.0,,0.0,0,1973.0,A01,138Â 206Â 575,8.0,-1.0,-1.0,1726380,3.0,33,,0.0,6.0,1.0,A01,138Â 206Â 575,1.0
1011368,201900052899,5,14,22:00,3,1,1,1.0,6.0,18248,rue des vignes,M,"46,9289940","2,4391530",18,2019,80.0,1.0,1.0,4.0,2261661,2.0,2,4,2,5.0,,0.0,0,2009.0,A01,138Â 206Â 575,2.0,6.0,-1.0,1726380,3.0,33,,0.0,6.0,1.0,A01,138Â 206Â 575,1.0
1011369,201900052900,5,30,15:30,1,1,1,1.0,1.0,18038,Rd 35,M,"46,7955670","2,4083080",18,2019,80.0,1.0,1.0,3.0,2261662,1.0,1,2,1,5.0,,0.0,0,1990.0,B01,138Â 206Â 573,2.0,-1.0,-1.0,1726381,2.0,33,,0.0,2.0,1.0,B01,138Â 206Â 573,1.0
1011369,201900052900,5,30,15:30,1,1,1,1.0,1.0,18038,Rd 35,M,"46,7955670","2,4083080",18,2019,80.0,1.0,1.0,3.0,2261662,1.0,1,2,1,5.0,,0.0,0,1990.0,B01,138Â 206Â 573,2.0,-1.0,-1.0,1726382,1.0,7,,0.0,2.0,2.0,A01,138Â 206Â 574,1.0
1011369,201900052900,5,30,15:30,1,1,1,1.0,1.0,18038,Rd 35,M,"46,7955670","2,4083080",18,2019,80.0,1.0,1.0,3.0,2261663,1.0,1,1,1,5.0,,0.0,0,1986.0,A01,138Â 206Â 574,1.0,-1.0,-1.0,1726381,2.0,33,,0.0,2.0,1.0,B01,138Â 206Â 573,1.0
1011369,201900052900,5,30,15:30,1,1,1,1.0,1.0,18038,Rd 35,M,"46,7955670","2,4083080",18,2019,80.0,1.0,1.0,3.0,2261663,1.0,1,1,1,5.0,,0.0,0,1986.0,A01,138Â 206Â 574,1.0,-1.0,-1.0,1726382,1.0,7,,0.0,2.0,2.0,A01,138Â 206Â 574,1.0
1011370,201900052901,5,18,01:00,5,2,1,1.0,6.0,18052,76 Rue Nationale,M,"46,7297890","2,6407590",18,2019,50.0,4.0,2.0,3.0,2261664,1.0,1,3,1,5.0,,0.0,0,1961.0,A01,138Â 206Â 572,0.0,-1.0,-1.0,1726383,1.0,7,,6.0,0.0,1.0,A01,138Â 206Â 572,1.0
1011371,201900052902,5,26,17:40,1,1,1,1.0,7.0,18115,La Retraite,M,"47,3005990","2,4836030",18,2019,-1.0,1.0,1.0,9.0,2261665,1.0,1,3,2,5.0,,0.0,0,2000.0,A01,138Â 206Â 571,2.0,-1.0,-1.0,1726384,3.0,36,,0.0,0.0,1.0,A01,138Â 206Â 571,1.0
1011371,201900052902,5,26,17:40,1,1,1,1.0,7.0,18115,La Retraite,M,"47,3005990","2,4836030",18,2019,-1.0,1.0,1.0,9.0,2261666,2.0,2,3,1,5.0,,0.0,0,1997.0,A01,138Â 206Â 571,0.0,-1.0,-1.0,1726384,3.0,36,,0.0,0.0,1.0,A01,138Â 206Â 571,1.0
1011372,201900052903,5,20,02:00,3,1,1,1.0,2.0,18003,Les Poirioux,M,"47,1819430","2,5451440",18,2019,80.0,1.0,1.0,3.0,2261667,1.0,1,1,1,4.0,,0.0,0,1995.0,B01,138Â 206Â 569,8.0,-1.0,-1.0,1726385,2.0,15,,0.0,2.0,2.0,B01,138Â 206Â 569,0.0
1011372,201900052903,5,20,02:00,3,1,1,1.0,2.0,18003,Les Poirioux,M,"47,1819430","2,5451440",18,2019,80.0,1.0,1.0,3.0,2261667,1.0,1,1,1,4.0,,0.0,0,1995.0,B01,138Â 206Â 569,8.0,-1.0,-1.0,1726386,2.0,7,,0.0,2.0,6.0,A01,138Â 206Â 570,1.0
1011372,201900052903,5,20,02:00,3,1,1,1.0,2.0,18003,Les Poirioux,M,"47,1819430","2,5451440",18,2019,80.0,1.0,1.0,3.0,2261668,1.0,1,3,2,5.0,,0.0,0,1976.0,A01,138Â 206Â 570,8.0,-1.0,-1.0,1726385,2.0,15,,0.0,2.0,2.0,B01,138Â 206Â 569,0.0
1011372,201900052903,5,20,02:00,3,1,1,1.0,2.0,18003,Les Poirioux,M,"47,1819430","2,5451440",18,2019,80.0,1.0,1.0,3.0,2261668,1.0,1,3,2,5.0,,0.0,0,1976.0,A01,138Â 206Â 570,8.0,-1.0,-1.0,1726386,2.0,7,,0.0,2.0,6.0,A01,138Â 206Â 570,1.0
1011373,201900052904,5,27,07:45,1,1,1,1.0,6.0,18224,route dÃ©partementale 920,M,"47,1663410","2,9227180",18,2019,80.0,3.0,1.0,3.0,2261669,1.0,1,3,1,1.0,,0.0,0,1971.0,A01,138Â 206Â 568,0.0,-1.0,-1.0,1726387,1.0,10,,2.0,0.0,2.0,A01,138Â 206Â 568,1.0
1011374,201900052905,5,28,13:50,1,2,3,1.0,1.0,43244,route de Saint AgrÃ¨ve,M,"45,1088649","4,2957241",43,2019,50.0,1.0,1.0,3.0,2261670,1.0,1,1,1,4.0,,0.0,0,1970.0,A01,138Â 206Â 566,1.0,-1.0,-1.0,1726388,1.0,7,,0.0,2.0,5.0,A01,138Â 206Â 566,0.0
1011374,201900052905,5,28,13:50,1,2,3,1.0,1.0,43244,route de Saint AgrÃ¨ve,M,"45,1088649","4,2957241",43,2019,50.0,1.0,1.0,3.0,2261670,1.0,1,1,1,4.0,,0.0,0,1970.0,A01,138Â 206Â 566,1.0,-1.0,-1.0,1726389,2.0,31,,0.0,2.0,1.0,B01,138Â 206Â 567,1.0
1011374,201900052905,5,28,13:50,1,2,3,1.0,1.0,43244,route de Saint AgrÃ¨ve,M,"45,1088649","4,2957241",43,2019,50.0,1.0,1.0,3.0,2261671,1.0,1,3,1,0.0,,0.0,0,1995.0,B01,138Â 206Â 567,2.0,6.0,-1.0,1726388,1.0,7,,0.0,2.0,5.0,A01,138Â 206Â 566,0.0
1011374,201900052905,5,28,13:50,1,2,3,1.0,1.0,43244,route de Saint AgrÃ¨ve,M,"45,1088649","4,2957241",43,2019,50.0,1.0,1.0,3.0,2261671,1.0,1,3,1,0.0,,0.0,0,1995.0,B01,138Â 206Â 567,2.0,6.0,-1.0,1726389,2.0,31,,0.0,2.0,1.0,B01,138Â 206Â 567,1.0
1011375,201900052906,5,18,21:00,3,1,1,3.0,6.0,43172,gambonnet,M,"45,1183250","4,4381010",43,2019,50.0,8.0,6.0,9.0,2261672,1.0,1,2,1,5.0,,0.0,0,1996.0,A01,138Â 206Â 565,0.0,-1.0,-1.0,1726390,3.0,7,,13.0,0.0,0.0,A01,138Â 206Â 565,1.0
1011376,201900052907,5,29,15:25,1,1,1,1.0,3.0,43058,D471,M,"45,3345840","4,2065000",43,2019,80.0,1.0,1.0,3.0,2261673,1.0,1,2,1,5.0,,0.0,0,2002.0,A01,138Â 206Â 563,2.0,6.0,-1.0,1726391,1.0,31,,0.0,2.0,1.0,A01,138Â 206Â 563,1.0
1011376,201900052907,5,29,15:25,1,1,1,1.0,3.0,43058,D471,M,"45,3345840","4,2065000",43,2019,80.0,1.0,1.0,3.0,2261673,1.0,1,2,1,5.0,,0.0,0,2002.0,A01,138Â 206Â 563,2.0,6.0,-1.0,1726392,2.0,14,,0.0,2.0,8.0,B01,138Â 206Â 564,1.0
1011376,201900052907,5,29,15:25,1,1,1,1.0,3.0,43058,D471,M,"45,3345840","4,2065000",43,2019,80.0,1.0,1.0,3.0,2261674,1.0,1,1,1,4.0,,0.0,0,1969.0,B01,138Â 206Â 564,1.0,-1.0,-1.0,1726391,1.0,31,,0.0,2.0,1.0,A01,138Â 206Â 563,1.0
1011376,201900052907,5,29,15:25,1,1,1,1.0,3.0,43058,D471,M,"45,3345840","4,2065000",43,2019,80.0,1.0,1.0,3.0,2261674,1.0,1,1,1,4.0,,0.0,0,1969.0,B01,138Â 206Â 564,1.0,-1.0,-1.0,1726392,2.0,14,,0.0,2.0,8.0,B01,138Â 206Â 564,1.0
1011377,201900052908,5,14,12:00,1,1,1,1.0,4.0,43025,RD 42 - PR 14+000,M,"45,2730960","4,1126740",43,2019,70.0,1.0,1.0,3.0,2261675,1.0,1,1,2,0.0,,0.0,0,1991.0,A01,138Â 206Â 560,1.0,-1.0,-1.0,1726393,1.0,7,,0.0,2.0,1.0,A01,138Â 206Â 560,1.0
1011377,201900052908,5,14,12:00,1,1,1,1.0,4.0,43025,RD 42 - PR 14+000,M,"45,2730960","4,1126740",43,2019,70.0,1.0,1.0,3.0,2261675,1.0,1,1,2,0.0,,0.0,0,1991.0,A01,138Â 206Â 560,1.0,-1.0,-1.0,1726394,1.0,7,,0.0,2.0,4.0,B01,138Â 206Â 561,0.0
1011377,201900052908,5,14,12:00,1,1,1,1.0,4.0,43025,RD 42 - PR 14+000,M,"45,2730960","4,1126740",43,2019,70.0,1.0,1.0,3.0,2261675,1.0,1,1,2,0.0,,0.0,0,1991.0,A01,138Â 206Â 560,1.0,-1.0,-1.0,1726395,1.0,15,,0.0,2.0,4.0,C01,138Â 206Â 562,1.0
1011377,201900052908,5,14,12:00,1,1,1,1.0,4.0,43025,RD 42 - PR 14+000,M,"45,2730960","4,1126740",43,2019,70.0,1.0,1.0,3.0,2261676,7.0,2,1,1,0.0,,0.0,0,2017.0,A01,138Â 206Â 560,3.0,1.0,-1.0,1726393,1.0,7,,0.0,2.0,1.0,A01,138Â 206Â 560,1.0
1011377,201900052908,5,14,12:00,1,1,1,1.0,4.0,43025,RD 42 - PR 14+000,M,"45,2730960","4,1126740",43,2019,70.0,1.0,1.0,3.0,2261676,7.0,2,1,1,0.0,,0.0,0,2017.0,A01,138Â 206Â 560,3.0,1.0,-1.0,1726394,1.0,7,,0.0,2.0,4.0,B01,138Â 206Â 561,0.0
1011377,201900052908,5,14,12:00,1,1,1,1.0,4.0,43025,RD 42 - PR 14+000,M,"45,2730960","4,1126740",43,2019,70.0,1.0,1.0,3.0,2261676,7.0,2,1,1,0.0,,0.0,0,2017.0,A01,138Â 206Â 560,3.0,1.0,-1.0,1726395,1.0,15,,0.0,2.0,4.0,C01,138Â 206Â 562,1.0
1011377,201900052908,5,14,12:00,1,1,1,1.0,4.0,43025,RD 42 - PR 14+000,M,"45,2730960","4,1126740",43,2019,70.0,1.0,1.0,3.0,2261677,1.0,1,3,2,0.0,,0.0,0,1966.0,B01,138Â 206Â 561,1.0,-1.0,-1.0,1726393,1.0,7,,0.0,2.0,1.0,A01,138Â 206Â 560,1.0
1011377,201900052908,5,14,12:00,1,1,1,1.0,4.0,43025,RD 42 - PR 14+000,M,"45,2730960","4,1126740",43,2019,70.0,1.0,1.0,3.0,2261677,1.0,1,3,2,0.0,,0.0,0,1966.0,B01,138Â 206Â 561,1.0,-1.0,-1.0,1726394,1.0,7,,0.0,2.0,4.0,B01,138Â 206Â 561,0.0