Unnamed: 0_x,num_acc,mois,jour,hrmn,lum,agg,int,atm,col,com,adr,gps,lat,long,dep,annee,vma,situ,surf,catr,Unnamed: 0_y,place,catu,grav,sexe,trajet,secu,locp,actp,an_nais,num_veh_x,id_vehicule_x,secu1,secu2,secu3,Unnamed: 0,senc,catv,occutc,obs,obsm,choc,num_veh_y,id_vehicule_y,motor
1011377,201900052908,5,14,12:00,1,1,1,1.0,4.0,43025,RD 42 - PR 14+000,M,"45,2730960","4,1126740",43,2019,70.0,1.0,1.0,3.0,2261677,1.0,1,3,2,0.0,,0.0,0,1966.0,B01,138Â 206Â 561,1.0,-1.0,-1.0,1726395,1.0,15,,0.0,2.0,4.0,C01,138Â 206Â 562,1.0
1011377,201900052908,5,14,12:00,1,1,1,1.0,4.0,43025,RD 42 - PR 14+000,M,"45,2730960","4,1126740",43,2019,70.0,1.0,1.0,3.0,2261678,2.0,2,3,2,0.0,,0.0,0,1942.0,B01,138Â 206Â 561,1.0,-1.0,-1.0,1726393,1.0,7,,0.0,2.0,1.0,A01,138Â 206Â 560,1.0
1011377,201900052908,5,14,12:00,1,1,1,1.0,4.0,43025,RD 42 - PR 14+000,M,"45,2730960","4,1126740",43,2019,70.0,1.0,1.0,3.0,2261678,2.0,2,3,2,0.0,,0.0,0,1942.0,B01,138Â 206Â 561,1.0,-1.0,-1.0,1726394,1.0,7,,0.0,2.0,4.0,B01,138Â 206Â 561,0.0
1011377,201900052908,5,14,12:00,1,1,1,1.0,4.0,43025,RD 42 - PR 14+000,M,"45,2730960","4,1126740",43,2019,70.0,1.0,1.0,3.0,2261678,2.0,2,3,2,0.0,,0.0,0,1942.0,B01,138Â 206Â 561,1.0,-1.0,-1.0,1726395,1.0,15,,0.0,2.0,4.0,C01,138Â 206Â 562,1.0
1011377,201900052908,5,14,12:00,1,1,1,1.0,4.0,43025,RD 42 - PR 14+000,M,"45,2730960","4,1126740",43,2019,70.0,1.0,1.0,3.0,2261679,1.0,1,1,1,4.0,,0.0,0,1985.0,C01,138Â 206Â 562,1.0,-1.0,-1.0,1726393,1.0,7,,0.0,2.0,1.0,A01,138Â 206Â 560,1.0
1011377,201900052908,5,14,12:00,1,1,1,1.0,4.0,43025,RD 42 - PR 14+000,M,"45,2730960","4,1126740",43,2019,70.0,1.0,1.0,3.0,2261679,1.0,1,1,1,4.0,,0.0,0,1985.0,C01,138Â 206Â 562,1.0,-1.0,-1.0,1726394,1.0,7,,0.0,2.0,4.0,B01,138Â 206Â 561,0.0
1011377,201900052908,5,14,12:00,1,1,1,1.0,4.0,43025,RD 42 - PR 14+000,M,"45,2730960","4,1126740",43,2019,70.0,1.0,1.0,3.0,2261679,1.0,1,1,1,4.0,,0.0,0,1985.0,C01,138Â 206Â 562,1.0,-1.0,-1.0,1726395,1.0,15,,0.0,2.0,4.0,C01,138Â 206Â 562,1.0
1011378,201900052909,5,2,06:45,1,2,1,1.0,3.0,43239,Pre Deginliou,M,"45,0929200","3,6261840",43,2019,50.0,1.0,1.0,3.0,2261680,1.0,1,1,1,5.0,,0.0,0,1952.0,B01,138Â 206Â 558,1.0,-1.0,-1.0,1726396,2.0,7,,0.0,2.0,6.0,B01,138Â 206Â 558,1.0
1011378,201900052909,5,2,06:45,1,2,1,1.0,3.0,43239,Pre Deginliou,M,"45,0929200","3,6261840",43,2019,50.0,1.0,1.0,3.0,2261680,1.0,1,1,1,5.0,,0.0,0,1952.0,B01,138Â 206Â 558,1.0,-1.0,-1.0,1726397,2.0,33,,0.0,2.0,2.0,A01,138Â 206Â 559,1.0
1011378,201900052909,5,2,06:45,1,2,1,1.0,3.0,43239,Pre Deginliou,M,"45,0929200","3,6261840",43,2019,50.0,1.0,1.0,3.0,2261681,1.0,1,3,1,1.0,,0.0,0,1977.0,A01,138Â 206Â 559,2.0,6.0,-1.0,1726396,2.0,7,,0.0,2.0,6.0,B01,138Â 206Â 558,1.0
1011378,201900052909,5,2,06:45,1,2,1,1.0,3.0,43239,Pre Deginliou,M,"45,0929200","3,6261840",43,2019,50.0,1.0,1.0,3.0,2261681,1.0,1,3,1,1.0,,0.0,0,1977.0,A01,138Â 206Â 559,2.0,6.0,-1.0,1726397,2.0,33,,0.0,2.0,2.0,A01,138Â 206Â 559,1.0
1011379,201900052910,4,30,16:50,1,1,1,1.0,6.0,43234,la ginguette,M,"44,9597700","3,5465710",43,2019,80.0,1.0,1.0,3.0,2261682,1.0,1,3,1,4.0,,0.0,0,1961.0,A01,138Â 206Â 557,0.0,-1.0,-1.0,1726398,2.0,21,,0.0,0.0,8.0,A01,138Â 206Â 557,1.0
1011380,201900052911,5,14,00:45,3,1,1,1.0,7.0,43005,DÃ©partementale 33,M,"44,9153380","3,6850430",43,2019,80.0,1.0,1.0,3.0,2261683,1.0,1,1,1,9.0,,0.0,0,1997.0,A01,138Â 206Â 556,1.0,-1.0,-1.0,1726399,1.0,7,,0.0,0.0,0.0,A01,138Â 206Â 556,1.0
1011380,201900052911,5,14,00:45,3,1,1,1.0,7.0,43005,DÃ©partementale 33,M,"44,9153380","3,6850430",43,2019,80.0,1.0,1.0,3.0,2261684,2.0,2,4,1,9.0,,0.0,0,1992.0,A01,138Â 206Â 556,1.0,-1.0,-1.0,1726399,1.0,7,,0.0,0.0,0.0,A01,138Â 206Â 556,1.0
1011381,201900052912,5,2,10:20,1,1,1,1.0,5.0,43154,Route Nationale nÂ°88- P 98+800,M,"44,7694320","3,8821810",43,2019,80.0,1.0,1.0,2.0,2261685,1.0,1,4,1,5.0,,0.0,0,1942.0,C01,138Â 206Â 553,2.0,4.0,-1.0,1726400,1.0,1,,0.0,2.0,5.0,C01,138Â 206Â 553,5.0
1011381,201900052912,5,2,10:20,1,1,1,1.0,5.0,43154,Route Nationale nÂ°88- P 98+800,M,"44,7694320","3,8821810",43,2019,80.0,1.0,1.0,2.0,2261685,1.0,1,4,1,5.0,,0.0,0,1942.0,C01,138Â 206Â 553,2.0,4.0,-1.0,1726401,1.0,1,,0.0,2.0,5.0,B01,138Â 206Â 554,5.0
1011381,201900052912,5,2,10:20,1,1,1,1.0,5.0,43154,Route Nationale nÂ°88- P 98+800,M,"44,7694320","3,8821810",43,2019,80.0,1.0,1.0,2.0,2261685,1.0,1,4,1,5.0,,0.0,0,1942.0,C01,138Â 206Â 553,2.0,4.0,-1.0,1726402,1.0,7,,3.0,9.0,3.0,A01,138Â 206Â 555,1.0
1011381,201900052912,5,2,10:20,1,1,1,1.0,5.0,43154,Route Nationale nÂ°88- P 98+800,M,"44,7694320","3,8821810",43,2019,80.0,1.0,1.0,2.0,2261686,1.0,1,3,1,5.0,,0.0,0,1952.0,B01,138Â 206Â 554,2.0,4.0,-1.0,1726400,1.0,1,,0.0,2.0,5.0,C01,138Â 206Â 553,5.0
1011381,201900052912,5,2,10:20,1,1,1,1.0,5.0,43154,Route Nationale nÂ°88- P 98+800,M,"44,7694320","3,8821810",43,2019,80.0,1.0,1.0,2.0,2261686,1.0,1,3,1,5.0,,0.0,0,1952.0,B01,138Â 206Â 554,2.0,4.0,-1.0,1726401,1.0,1,,0.0,2.0,5.0,B01,138Â 206Â 554,5.0
1011381,201900052912,5,2,10:20,1,1,1,1.0,5.0,43154,Route Nationale nÂ°88- P 98+800,M,"44,7694320","3,8821810",43,2019,80.0,1.0,1.0,2.0,2261686,1.0,1,3,1,5.0,,0.0,0,1952.0,B01,138Â 206Â 554,2.0,4.0,-1.0,1726402,1.0,7,,3.0,9.0,3.0,A01,138Â 206Â 555,1.0
1011381,201900052912,5,2,10:20,1,1,1,1.0,5.0,43154,Route Nationale nÂ°88- P 98+800,M,"44,7694320","3,8821810",43,2019,80.0,1.0,1.0,2.0,2261687,1.0,1,1,1,3.0,,0.0,0,1936.0,A01,138Â 206Â 555,1.0,-1.0,-1.0,1726400,1.0,1,,0.0,2.0,5.0,C01,138Â 206Â 553,5.0
1011381,201900052912,5,2,10:20,1,1,1,1.0,5.0,43154,Route Nationale nÂ°88- P 98+800,M,"44,7694320","3,8821810",43,2019,80.0,1.0,1.0,2.0,2261687,1.0,1,1,1,3.0,,0.0,0,1936.0,A01,138Â 206Â 555,1.0,-1.0,-1.0,1726401,1.0,1,,0.0,2.0,5.0,B01,138Â 206Â 554,5.0
1011381,201900052912,5,2,10:20,1,1,1,1.0,5.0,43154,Route Nationale nÂ°88- P 98+800,M,"44,7694320","3,8821810",43,2019,80.0,1.0,1.0,2.0,2261687,1.0,1,1,1,3.0,,0.0,0,1936.0,A01,138Â 206Â 555,1.0,-1.0,-1.0,1726402,1.0,7,,3.0,9.0,3.0,A01,138Â 206Â 555,1.0
1011382,201900052913,5,12,14:25,1,2,1,1.0,7.0,10295,grande rue,M,"48,0710010","4,3709130",10,2019,50.0,1.0,1.0,3.0,2261688,2.0,2,3,1,5.0,,0.0,0,1990.0,A01,138Â 206Â 552,0.0,-1.0,-1.0,1726403,3.0,36,,0.0,0.0,0.0,A01,138Â 206Â 552,0.0
1011382,201900052913,5,12,14:25,1,2,1,1.0,7.0,10295,grande rue,M,"48,0710010","4,3709130",10,2019,50.0,1.0,1.0,3.0,2261689,1.0,1,1,1,5.0,,0.0,0,1991.0,A01,138Â 206Â 552,2.0,-1.0,-1.0,1726403,3.0,36,,0.0,0.0,0.0,A01,138Â 206Â 552,0.0
1011383,201900052914,5,25,16:15,1,2,1,1.0,6.0,10401,39 grande rue,M,"48,2381410","4,4668610",10,2019,50.0,1.0,1.0,4.0,2261690,1.0,1,3,1,5.0,,0.0,0,2002.0,B01,138Â 206Â 550,2.0,6.0,-1.0,1726404,3.0,2,,9.0,0.0,2.0,B01,138Â 206Â 550,1.0
1011383,201900052914,5,25,16:15,1,2,1,1.0,6.0,10401,39 grande rue,M,"48,2381410","4,4668610",10,2019,50.0,1.0,1.0,4.0,2261690,1.0,1,3,1,5.0,,0.0,0,2002.0,B01,138Â 206Â 550,2.0,6.0,-1.0,1726405,0.0,2,,0.0,2.0,2.0,A01,138Â 206Â 551,1.0
1011383,201900052914,5,25,16:15,1,2,1,1.0,6.0,10401,39 grande rue,M,"48,2381410","4,4668610",10,2019,50.0,1.0,1.0,4.0,2261691,1.0,1,1,1,5.0,,0.0,0,2001.0,A01,138Â 206Â 551,2.0,6.0,-1.0,1726404,3.0,2,,9.0,0.0,2.0,B01,138Â 206Â 550,1.0
1011383,201900052914,5,25,16:15,1,2,1,1.0,6.0,10401,39 grande rue,M,"48,2381410","4,4668610",10,2019,50.0,1.0,1.0,4.0,2261691,1.0,1,1,1,5.0,,0.0,0,2001.0,A01,138Â 206Â 551,2.0,6.0,-1.0,1726405,0.0,2,,0.0,2.0,2.0,A01,138Â 206Â 551,1.0
1011384,201900052915,5,26,19:00,1,1,2,1.0,3.0,10209,D 1F,M,"48,2539560","4,2665220",10,2019,80.0,1.0,1.0,3.0,2261692,1.0,1,1,1,5.0,,0.0,0,1987.0,A01,138Â 206Â 548,1.0,-1.0,-1.0,1726406,0.0,7,,16.0,2.0,2.0,A01,138Â 206Â 548,0.0
1011384,201900052915,5,26,19:00,1,1,2,1.0,3.0,10209,D 1F,M,"48,2539560","4,2665220",10,2019,80.0,1.0,1.0,3.0,2261692,1.0,1,1,1,5.0,,0.0,0,1987.0,A01,138Â 206Â 548,1.0,-1.0,-1.0,1726407,0.0,7,,13.0,2.0,6.0,B01,138Â 206Â 549,0.0
1011384,201900052915,5,26,19:00,1,1,2,1.0,3.0,10209,D 1F,M,"48,2539560","4,2665220",10,2019,80.0,1.0,1.0,3.0,2261693,7.0,2,1,2,5.0,,0.0,0,2013.0,A01,138Â 206Â 548,1.0,3.0,-1.0,1726406,0.0,7,,16.0,2.0,2.0,A01,138Â 206Â 548,0.0
1011384,201900052915,5,26,19:00,1,1,2,1.0,3.0,10209,D 1F,M,"48,2539560","4,2665220",10,2019,80.0,1.0,1.0,3.0,2261693,7.0,2,1,2,5.0,,0.0,0,2013.0,A01,138Â 206Â 548,1.0,3.0,-1.0,1726407,0.0,7,,13.0,2.0,6.0,B01,138Â 206Â 549,0.0
1011384,201900052915,5,26,19:00,1,1,2,1.0,3.0,10209,D 1F,M,"48,2539560","4,2665220",10,2019,80.0,1.0,1.0,3.0,2261694,9.0,2,1,1,5.0,,0.0,0,2017.0,A01,138Â 206Â 548,1.0,3.0,-1.0,1726406,0.0,7,,16.0,2.0,2.0,A01,138Â 206Â 548,0.0
1011384,201900052915,5,26,19:00,1,1,2,1.0,3.0,10209,D 1F,M,"48,2539560","4,2665220",10,2019,80.0,1.0,1.0,3.0,2261694,9.0,2,1,1,5.0,,0.0,0,2017.0,A01,138Â 206Â 548,1.0,3.0,-1.0,1726407,0.0,7,,13.0,2.0,6.0,B01,138Â 206Â 549,0.0
1011384,201900052915,5,26,19:00,1,1,2,1.0,3.0,10209,D 1F,M,"48,2539560","4,2665220",10,2019,80.0,1.0,1.0,3.0,2261695,8.0,2,1,2,5.0,,0.0,0,2010.0,A01,138Â 206Â 548,1.0,-1.0,-1.0,1726406,0.0,7,,16.0,2.0,2.0,A01,138Â 206Â 548,0.0
1011384,201900052915,5,26,19:00,1,1,2,1.0,3.0,10209,D 1F,M,"48,2539560","4,2665220",10,2019,80.0,1.0,1.0,3.0,2261695,8.0,2,1,2,5.0,,0.0,0,2010.0,A01,138Â 206Â 548,1.0,-1.0,-1.0,1726407,0.0,7,,13.0,2.0,6.0,B01,138Â 206Â 549,0.0
1011384,201900052915,5,26,19:00,1,1,2,1.0,3.0,10209,D 1F,M,"48,2539560","4,2665220",10,2019,80.0,1.0,1.0,3.0,2261696,2.0,2,4,2,5.0,,0.0,0,1989.0,A01,138Â 206Â 548,1.0,-1.0,-1.0,1726406,0.0,7,,16.0,2.0,2.0,A01,138Â 206Â 548,0.0
1011384,201900052915,5,26,19:00,1,1,2,1.0,3.0,10209,D 1F,M,"48,2539560","4,2665220",10,2019,80.0,1.0,1.0,3.0,2261696,2.0,2,4,2,5.0,,0.0,0,1989.0,A01,138Â 206Â 548,1.0,-1.0,-1.0,1726407,0.0,7,,13.0,2.0,6.0,B01,138Â 206Â 549,0.0
1011384,201900052915,5,26,19:00,1,1,2,1.0,3.0,10209,D 1F,M,"48,2539560","4,2665220",10,2019,80.0,1.0,1.0,3.0,2261697,1.0,1,1,1,5.0,,0.0,0,1989.0,B01,138Â 206Â 549,1.0,-1.0,-1.0,1726406,0.0,7,,16.0,2.0,2.0,A01,138Â 206Â 548,0.0
1011384,201900052915,5,26,19:00,1,1,2,1.0,3.0,10209,D 1F,M,"48,2539560","4,2665220",10,2019,80.0,1.0,1.0,3.0,2261697,1.0,1,1,1,5.0,,0.0,0,1989.0,B01,138Â 206Â 549,1.0,-1.0,-1.0,1726407,0.0,7,,13.0,2.0,6.0,B01,138Â 206Â 549,0.0
1011385,201900052916,5,12,16:15,1,1,9,1.0,2.0,10165,RD1,M,"48,3028860","4,3114580",10,2019,80.0,1.0,1.0,3.0,2261698,1.0,1,3,1,5.0,,0.0,0,1963.0,A01,138Â 206Â 546,2.0,6.0,-1.0,1726408,2.0,33,,0.0,2.0,1.0,A01,138Â 206Â 546,1.0
1011385,201900052916,5,12,16:15,1,1,9,1.0,2.0,10165,RD1,M,"48,3028860","4,3114580",10,2019,80.0,1.0,1.0,3.0,2261698,1.0,1,3,1,5.0,,0.0,0,1963.0,A01,138Â 206Â 546,2.0,6.0,-1.0,1726409,2.0,33,,0.0,2.0,4.0,B01,138Â 206Â 547,1.0
1011385,201900052916,5,12,16:15,1,1,9,1.0,2.0,10165,RD1,M,"48,3028860","4,3114580",10,2019,80.0,1.0,1.0,3.0,2261699,1.0,1,3,2,5.0,,0.0,0,1971.0,B01,138Â 206Â 547,2.0,6.0,-1.0,1726408,2.0,33,,0.0,2.0,1.0,A01,138Â 206Â 546,1.0
1011385,201900052916,5,12,16:15,1,1,9,1.0,2.0,10165,RD1,M,"48,3028860","4,3114580",10,2019,80.0,1.0,1.0,3.0,2261699,1.0,1,3,2,5.0,,0.0,0,1971.0,B01,138Â 206Â 547,2.0,6.0,-1.0,1726409,2.0,33,,0.0,2.0,4.0,B01,138Â 206Â 547,1.0
1011386,201900052917,5,23,21:28,2,1,1,1.0,6.0,10080,rd 444,M,"48,0632590","4,1418350",10,2019,80.0,3.0,1.0,3.0,2261700,1.0,1,4,1,1.0,,0.0,0,1997.0,A01,138Â 206Â 545,1.0,-1.0,-1.0,1726410,1.0,7,,15.0,0.0,1.0,A01,138Â 206Â 545,1.0
1011387,201900052918,5,15,08:20,1,2,2,1.0,3.0,10140,Rue Saint-Antoine,M,"48,0422170","3,9077420",10,2019,50.0,1.0,1.0,3.0,2261701,1.0,1,1,1,4.0,,0.0,0,1945.0,A01,138Â 206Â 543,1.0,-1.0,-1.0,1726411,3.0,37,1.0,0.0,2.0,2.0,A01,138Â 206Â 543,0.0
1011387,201900052918,5,15,08:20,1,2,2,1.0,3.0,10140,Rue Saint-Antoine,M,"48,0422170","3,9077420",10,2019,50.0,1.0,1.0,3.0,2261701,1.0,1,1,1,4.0,,0.0,0,1945.0,A01,138Â 206Â 543,1.0,-1.0,-1.0,1726412,2.0,7,,0.0,2.0,3.0,B01,138Â 206Â 544,1.0
1011387,201900052918,5,15,08:20,1,2,2,1.0,3.0,10140,Rue Saint-Antoine,M,"48,0422170","3,9077420",10,2019,50.0,1.0,1.0,3.0,2261702,1.0,1,4,1,0.0,,0.0,0,1999.0,B01,138Â 206Â 544,1.0,-1.0,-1.0,1726411,3.0,37,1.0,0.0,2.0,2.0,A01,138Â 206Â 543,0.0
1011387,201900052918,5,15,08:20,1,2,2,1.0,3.0,10140,Rue Saint-Antoine,M,"48,0422170","3,9077420",10,2019,50.0,1.0,1.0,3.0,2261702,1.0,1,4,1,0.0,,0.0,0,1999.0,B01,138Â 206Â 544,1.0,-1.0,-1.0,1726412,2.0,7,,0.0,2.0,3.0,B01,138Â 206Â 544,1.0
1011388,201900052919,5,11,15:15,1,1,9,1.0,3.0,10147,rn 77,M,"48,1304980","4,0210170",10,2019,80.0,1.0,1.0,2.0,2261703,1.0,1,4,2,5.0,,0.0,0,1995.0,B01,138Â 206Â 541,1.0,-1.0,-1.0,1726413,2.0,7,,0.0,2.0,3.0,B01,138Â 206Â 541,1.0
1011388,201900052919,5,11,15:15,1,1,9,1.0,3.0,10147,rn 77,M,"48,1304980","4,0210170",10,2019,80.0,1.0,1.0,2.0,2261703,1.0,1,4,2,5.0,,0.0,0,1995.0,B01,138Â 206Â 541,1.0,-1.0,-1.0,1726414,2.0,7,,0.0,2.0,2.0,A01,138Â 206Â 542,1.0
1011388,201900052919,5,11,15:15,1,1,9,1.0,3.0,10147,rn 77,M,"48,1304980","4,0210170",10,2019,80.0,1.0,1.0,2.0,2261704,1.0,1,3,1,5.0,,0.0,0,1957.0,A01,138Â 206Â 542,1.0,-1.0,-1.0,1726413,2.0,7,,0.0,2.0,3.0,B01,138Â 206Â 541,1.0
1011388,201900052919,5,11,15:15,1,1,9,1.0,3.0,10147,rn 77,M,"48,1304980","4,0210170",10,2019,80.0,1.0,1.0,2.0,2261704,1.0,1,3,1,5.0,,0.0,0,1957.0,A01,138Â 206Â 542,1.0,-1.0,-1.0,1726414,2.0,7,,0.0,2.0,2.0,A01,138Â 206Â 542,1.0
1011389,201900052920,5,6,12:05,1,1,1,1.0,1.0,10196,RD 82,M,"47,9500000","3,9600000",10,2019,80.0,1.0,1.0,3.0,2261705,1.0,1,1,2,5.0,,0.0,0,1953.0,A01,138Â 206Â 539,1.0,-1.0,-1.0,1726415,1.0,7,,0.0,2.0,3.0,A01,138Â 206Â 539,1.0
1011389,201900052920,5,6,12:05,1,1,1,1.0,1.0,10196,RD 82,M,"47,9500000","3,9600000",10,2019,80.0,1.0,1.0,3.0,2261705,1.0,1,1,2,5.0,,0.0,0,1953.0,A01,138Â 206Â 539,1.0,-1.0,-1.0,1726416,2.0,7,,0.0,2.0,3.0,B01,138Â 206Â 540,1.0
1011389,201900052920,5,6,12:05,1,1,1,1.0,1.0,10196,RD 82,M,"47,9500000","3,9600000",10,2019,80.0,1.0,1.0,3.0,2261706,1.0,1,4,2,1.0,,0.0,0,1991.0,B01,138Â 206Â 540,1.0,-1.0,-1.0,1726415,1.0,7,,0.0,2.0,3.0,A01,138Â 206Â 539,1.0
1011389,201900052920,5,6,12:05,1,1,1,1.0,1.0,10196,RD 82,M,"47,9500000","3,9600000",10,2019,80.0,1.0,1.0,3.0,2261706,1.0,1,4,2,1.0,,0.0,0,1991.0,B01,138Â 206Â 540,1.0,-1.0,-1.0,1726416,2.0,7,,0.0,2.0,3.0,B01,138Â 206Â 540,1.0
1011390,201900052921,5,2,00:30,3,2,1,1.0,6.0,10278,5 Rue des Courots,M,"48,0348800","4,1989220",10,2019,50.0,3.0,1.0,3.0,2261707,2.0,2,2,1,5.0,,0.0,0,1968.0,A01,138Â 206Â 538,1.0,-1.0,-1.0,1726417,3.0,7,,2.0,0.0,3.0,A01,138Â 206Â 538,1.0
1011390,201900052921,5,2,00:30,3,2,1,1.0,6.0,10278,5 Rue des Courots,M,"48,0348800","4,1989220",10,2019,50.0,3.0,1.0,3.0,2261708,1.0,1,2,1,5.0,,0.0,0,1975.0,A01,138Â 206Â 538,1.0,-1.0,-1.0,1726417,3.0,7,,2.0,0.0,3.0,A01,138Â 206Â 538,1.0
1011391,201900052922,5,4,04:15,3,1,1,1.0,7.0,36056,ROUTE DES CACOTS,M,"46,5375530","1,7411870",36,2019,50.0,1.0,1.0,4.0,2261709,1.0,1,3,1,5.0,,0.0,0,1985.0,A01,138Â 206Â 537,1.0,-1.0,-1.0,1726418,3.0,7,,2.0,0.0,1.0,A01,138Â 206Â 537,1.0
1011391,201900052922,5,4,04:15,3,1,1,1.0,7.0,36056,ROUTE DES CACOTS,M,"46,5375530","1,7411870",36,2019,50.0,1.0,1.0,4.0,2261710,2.0,2,1,1,5.0,,0.0,0,1990.0,A01,138Â 206Â 537,1.0,-1.0,-1.0,1726418,3.0,7,,2.0,0.0,1.0,A01,138Â 206Â 537,1.0
1011392,201900052923,5,26,04:45,4,2,1,1.0,6.0,36189,RUE JEAN TRAVERSAT,M,"46,5308200","1,8697708",36,2019,50.0,1.0,1.0,3.0,2261711,4.0,2,4,1,5.0,,0.0,0,2000.0,A01,138Â 206Â 536,1.0,-1.0,-1.0,1726419,1.0,7,,1.0,0.0,2.0,A01,138Â 206Â 536,1.0
1011392,201900052923,5,26,04:45,4,2,1,1.0,6.0,36189,RUE JEAN TRAVERSAT,M,"46,5308200","1,8697708",36,2019,50.0,1.0,1.0,3.0,2261712,2.0,2,4,1,5.0,,0.0,0,2000.0,A01,138Â 206Â 536,1.0,-1.0,-1.0,1726419,1.0,7,,1.0,0.0,2.0,A01,138Â 206Â 536,1.0
1011392,201900052923,5,26,04:45,4,2,1,1.0,6.0,36189,RUE JEAN TRAVERSAT,M,"46,5308200","1,8697708",36,2019,50.0,1.0,1.0,3.0,2261713,3.0,2,3,1,5.0,,0.0,0,2000.0,A01,138Â 206Â 536,1.0,-1.0,-1.0,1726419,1.0,7,,1.0,0.0,2.0,A01,138Â 206Â 536,1.0
1011392,201900052923,5,26,04:45,4,2,1,1.0,6.0,36189,RUE JEAN TRAVERSAT,M,"46,5308200","1,8697708",36,2019,50.0,1.0,1.0,3.0,2261714,1.0,1,1,1,5.0,,0.0,0,2000.0,A01,138Â 206Â 536,1.0,-1.0,-1.0,1726419,1.0,7,,1.0,0.0,2.0,A01,138Â 206Â 536,1.0
1011393,201900052924,5,29,20:40,1,1,1,1.0,7.0,36199,Route d'Issoudun,M,"46,9870770","2,0057390",36,2019,80.0,1.0,1.0,3.0,2261715,1.0,1,3,1,9.0,,0.0,0,1977.0,A01,138Â 206Â 535,2.0,6.0,9.0,1726420,2.0,33,,0.0,0.0,0.0,A01,138Â 206Â 535,1.0
1011394,201900052925,6,10,04:15,5,2,2,1.0,6.0,26362,PROVENCE AVENUE DE,M,"44,9290700","4,8829800",26,2019,50.0,1.0,1.0,3.0,2261716,1.0,1,1,2,1.0,,0.0,0,1993.0,A01,138Â 206Â 534,1.0,-1.0,-1.0,1726421,2.0,7,,0.0,1.0,1.0,A01,138Â 206Â 534,1.0
1011394,201900052925,6,10,04:15,5,2,2,1.0,6.0,26362,PROVENCE AVENUE DE,M,"44,9290700","4,8829800",26,2019,50.0,1.0,1.0,3.0,2261717,10.0,3,4,1,0.0,,1.0,B,1977.0,A01,138Â 206Â 534,8.0,8.0,8.0,1726421,2.0,7,,0.0,1.0,1.0,A01,138Â 206Â 534,1.0
1011395,201900052926,6,7,18:10,1,2,3,1.0,2.0,26058,SALENGRO RUE ROGER,M,"44,9446000","4,9025000",26,2019,50.0,1.0,1.0,4.0,2261718,1.0,1,4,1,1.0,,0.0,0,1963.0,B01,138Â 206Â 532,1.0,-1.0,-1.0,1726422,3.0,7,,0.0,2.0,4.0,B01,138Â 206Â 532,1.0
1011395,201900052926,6,7,18:10,1,2,3,1.0,2.0,26058,SALENGRO RUE ROGER,M,"44,9446000","4,9025000",26,2019,50.0,1.0,1.0,4.0,2261718,1.0,1,4,1,1.0,,0.0,0,1963.0,B01,138Â 206Â 532,1.0,-1.0,-1.0,1726423,3.0,7,,0.0,2.0,1.0,A01,138Â 206Â 533,1.0
1011395,201900052926,6,7,18:10,1,2,3,1.0,2.0,26058,SALENGRO RUE ROGER,M,"44,9446000","4,9025000",26,2019,50.0,1.0,1.0,4.0,2261719,1.0,1,1,2,1.0,,0.0,0,1981.0,A01,138Â 206Â 533,1.0,-1.0,-1.0,1726422,3.0,7,,0.0,2.0,4.0,B01,138Â 206Â 532,1.0
1011395,201900052926,6,7,18:10,1,2,3,1.0,2.0,26058,SALENGRO RUE ROGER,M,"44,9446000","4,9025000",26,2019,50.0,1.0,1.0,4.0,2261719,1.0,1,1,2,1.0,,0.0,0,1981.0,A01,138Â 206Â 533,1.0,-1.0,-1.0,1726423,3.0,7,,0.0,2.0,1.0,A01,138Â 206Â 533,1.0
1011396,201900052927,6,6,12:27,1,2,9,1.0,6.0,26058,JAURES AVENUE JEAN,M,"44,9377600","4,8964400",26,2019,50.0,1.0,1.0,4.0,2261720,2.0,2,1,2,3.0,,0.0,0,1935.0,A01,138Â 206Â 531,1.0,-1.0,-1.0,1726424,3.0,7,,0.0,1.0,3.0,A01,138Â 206Â 531,1.0
1011396,201900052927,6,6,12:27,1,2,9,1.0,6.0,26058,JAURES AVENUE JEAN,M,"44,9377600","4,8964400",26,2019,50.0,1.0,1.0,4.0,2261721,1.0,1,1,1,3.0,,0.0,0,1930.0,A01,138Â 206Â 531,1.0,-1.0,-1.0,1726424,3.0,7,,0.0,1.0,3.0,A01,138Â 206Â 531,1.0
1011396,201900052927,6,6,12:27,1,2,9,1.0,6.0,26058,JAURES AVENUE JEAN,M,"44,9377600","4,8964400",26,2019,50.0,1.0,1.0,4.0,2261722,10.0,3,4,2,1.0,,3.0,3,1972.0,A01,138Â 206Â 531,8.0,0.0,-1.0,1726424,3.0,7,,0.0,1.0,3.0,A01,138Â 206Â 531,1.0
1011397,201900052928,6,18,20:34,1,2,1,1.0,3.0,26281,VINAY LOUIS (RUE),M,"45,0495500","5,0752400",26,2019,50.0,1.0,1.0,4.0,2261723,1.0,1,4,1,0.0,,-1.0, -1,2009.0,B01,138Â 206Â 529,8.0,0.0,-1.0,1726425,1.0,1,,0.0,2.0,8.0,B01,138Â 206Â 529,5.0
1011397,201900052928,6,18,20:34,1,2,1,1.0,3.0,26281,VINAY LOUIS (RUE),M,"45,0495500","5,0752400",26,2019,50.0,1.0,1.0,4.0,2261723,1.0,1,4,1,0.0,,-1.0, -1,2009.0,B01,138Â 206Â 529,8.0,0.0,-1.0,1726426,3.0,7,,0.0,2.0,2.0,A01,138Â 206Â 530,1.0