Unnamed: 0_x,num_acc,mois,jour,hrmn,lum,agg,int,atm,col,com,adr,gps,lat,long,dep,annee,vma,situ,surf,catr,Unnamed: 0_y,place,catu,grav,sexe,trajet,secu,locp,actp,an_nais,num_veh_x,id_vehicule_x,secu1,secu2,secu3,Unnamed: 0,senc,catv,occutc,obs,obsm,choc,num_veh_y,id_vehicule_y,motor
1011397,201900052928,6,18,20:34,1,2,1,1.0,3.0,26281,VINAY LOUIS (RUE),M,"45,0495500","5,0752400",26,2019,50.0,1.0,1.0,4.0,2261724,1.0,1,1,1,0.0,,-1.0, -1,1997.0,A01,138Â 206Â 530,1.0,8.0,-1.0,1726425,1.0,1,,0.0,2.0,8.0,B01,138Â 206Â 529,5.0
1011397,201900052928,6,18,20:34,1,2,1,1.0,3.0,26281,VINAY LOUIS (RUE),M,"45,0495500","5,0752400",26,2019,50.0,1.0,1.0,4.0,2261724,1.0,1,1,1,0.0,,-1.0, -1,1997.0,A01,138Â 206Â 530,1.0,8.0,-1.0,1726426,3.0,7,,0.0,2.0,2.0,A01,138Â 206Â 530,1.0
1011398,201900052929,6,5,14:10,1,2,1,1.0,2.0,26281,SAILLANT LOUIS (AVENUE),M,"45,0453100","5,0336200",26,2019,50.0,1.0,1.0,4.0,2261725,1.0,1,4,1,0.0,,-1.0, -1,1967.0,A01,138Â 206Â 521,1.0,0.0,-1.0,1726427,3.0,7,,0.0,2.0,1.0,A01,138Â 206Â 521,1.0
1011398,201900052929,6,5,14:10,1,2,1,1.0,2.0,26281,SAILLANT LOUIS (AVENUE),M,"45,0453100","5,0336200",26,2019,50.0,1.0,1.0,4.0,2261725,1.0,1,4,1,0.0,,-1.0, -1,1967.0,A01,138Â 206Â 521,1.0,0.0,-1.0,1726428,3.0,7,,0.0,2.0,4.0,B01,138Â 206Â 522,1.0
1011398,201900052929,6,5,14:10,1,2,1,1.0,2.0,26281,SAILLANT LOUIS (AVENUE),M,"45,0453100","5,0336200",26,2019,50.0,1.0,1.0,4.0,2261726,1.0,1,1,1,0.0,,-1.0, -1,1947.0,B01,138Â 206Â 522,1.0,0.0,-1.0,1726427,3.0,7,,0.0,2.0,1.0,A01,138Â 206Â 521,1.0
1011398,201900052929,6,5,14:10,1,2,1,1.0,2.0,26281,SAILLANT LOUIS (AVENUE),M,"45,0453100","5,0336200",26,2019,50.0,1.0,1.0,4.0,2261726,1.0,1,1,1,0.0,,-1.0, -1,1947.0,B01,138Â 206Â 522,1.0,0.0,-1.0,1726428,3.0,7,,0.0,2.0,4.0,B01,138Â 206Â 522,1.0
1011399,201900052930,6,7,14:40,1,2,1,1.0,6.0,26198,DE GAULLE (Boulevard GÃ©nÃ©ral),M,"44,5583000","4,7470600",26,2019,50.0,1.0,1.0,4.0,2261727,1.0,1,1,2,3.0,,0.0,0,1948.0,A01,138Â 206Â 520,1.0,-1.0,-1.0,1726429,2.0,7,,0.0,1.0,1.0,A01,138Â 206Â 520,1.0
1011399,201900052930,6,7,14:40,1,2,1,1.0,6.0,26198,DE GAULLE (Boulevard GÃ©nÃ©ral),M,"44,5583000","4,7470600",26,2019,50.0,1.0,1.0,4.0,2261728,10.0,3,3,2,1.0,,3.0,3,1967.0,A01,138Â 206Â 520,8.0,0.0,-1.0,1726429,2.0,7,,0.0,1.0,1.0,A01,138Â 206Â 520,1.0
1011400,201900052931,6,7,13:35,1,1,1,1.0,4.0,26198,GOURNIER (Avenue de),M,"44,5313710","4,7452620",26,2019,70.0,1.0,1.0,2.0,2261729,1.0,1,1,1,5.0,,-1.0,0,1951.0,C01,138Â 206Â 517,1.0,8.0,-1.0,1726430,2.0,7,,0.0,2.0,4.0,C01,138Â 206Â 517,1.0
1011400,201900052931,6,7,13:35,1,1,1,1.0,4.0,26198,GOURNIER (Avenue de),M,"44,5313710","4,7452620",26,2019,70.0,1.0,1.0,2.0,2261729,1.0,1,1,1,5.0,,-1.0,0,1951.0,C01,138Â 206Â 517,1.0,8.0,-1.0,1726431,2.0,7,,0.0,2.0,4.0,B01,138Â 206Â 518,1.0
1011400,201900052931,6,7,13:35,1,1,1,1.0,4.0,26198,GOURNIER (Avenue de),M,"44,5313710","4,7452620",26,2019,70.0,1.0,1.0,2.0,2261729,1.0,1,1,1,5.0,,-1.0,0,1951.0,C01,138Â 206Â 517,1.0,8.0,-1.0,1726432,2.0,10,,0.0,2.0,1.0,A01,138Â 206Â 519,1.0
1011400,201900052931,6,7,13:35,1,1,1,1.0,4.0,26198,GOURNIER (Avenue de),M,"44,5313710","4,7452620",26,2019,70.0,1.0,1.0,2.0,2261730,1.0,1,4,2,5.0,,-1.0,0,1991.0,B01,138Â 206Â 518,1.0,8.0,-1.0,1726430,2.0,7,,0.0,2.0,4.0,C01,138Â 206Â 517,1.0
1011400,201900052931,6,7,13:35,1,1,1,1.0,4.0,26198,GOURNIER (Avenue de),M,"44,5313710","4,7452620",26,2019,70.0,1.0,1.0,2.0,2261730,1.0,1,4,2,5.0,,-1.0,0,1991.0,B01,138Â 206Â 518,1.0,8.0,-1.0,1726431,2.0,7,,0.0,2.0,4.0,B01,138Â 206Â 518,1.0
1011400,201900052931,6,7,13:35,1,1,1,1.0,4.0,26198,GOURNIER (Avenue de),M,"44,5313710","4,7452620",26,2019,70.0,1.0,1.0,2.0,2261730,1.0,1,4,2,5.0,,-1.0,0,1991.0,B01,138Â 206Â 518,1.0,8.0,-1.0,1726432,2.0,10,,0.0,2.0,1.0,A01,138Â 206Â 519,1.0
1011400,201900052931,6,7,13:35,1,1,1,1.0,4.0,26198,GOURNIER (Avenue de),M,"44,5313710","4,7452620",26,2019,70.0,1.0,1.0,2.0,2261731,1.0,1,1,1,5.0,,-1.0,0,1950.0,A01,138Â 206Â 519,1.0,8.0,-1.0,1726430,2.0,7,,0.0,2.0,4.0,C01,138Â 206Â 517,1.0
1011400,201900052931,6,7,13:35,1,1,1,1.0,4.0,26198,GOURNIER (Avenue de),M,"44,5313710","4,7452620",26,2019,70.0,1.0,1.0,2.0,2261731,1.0,1,1,1,5.0,,-1.0,0,1950.0,A01,138Â 206Â 519,1.0,8.0,-1.0,1726431,2.0,7,,0.0,2.0,4.0,B01,138Â 206Â 518,1.0
1011400,201900052931,6,7,13:35,1,1,1,1.0,4.0,26198,GOURNIER (Avenue de),M,"44,5313710","4,7452620",26,2019,70.0,1.0,1.0,2.0,2261731,1.0,1,1,1,5.0,,-1.0,0,1950.0,A01,138Â 206Â 519,1.0,8.0,-1.0,1726432,2.0,10,,0.0,2.0,1.0,A01,138Â 206Â 519,1.0
1011401,201900052932,6,15,11:50,2,2,1,1.0,6.0,25462,Bd Churchill,M,"46,9000850","6,3611160",25,2019,50.0,1.0,1.0,4.0,2261732,1.0,1,4,2,5.0,,-1.0,0,1990.0,B01,138Â 206Â 515,2.0,6.0,-1.0,1726433,1.0,31,,0.0,2.0,8.0,B01,138Â 206Â 515,1.0
1011401,201900052932,6,15,11:50,2,2,1,1.0,6.0,25462,Bd Churchill,M,"46,9000850","6,3611160",25,2019,50.0,1.0,1.0,4.0,2261732,1.0,1,4,2,5.0,,-1.0,0,1990.0,B01,138Â 206Â 515,2.0,6.0,-1.0,1726434,2.0,7,,0.0,2.0,1.0,A01,138Â 206Â 516,1.0
1011401,201900052932,6,15,11:50,2,2,1,1.0,6.0,25462,Bd Churchill,M,"46,9000850","6,3611160",25,2019,50.0,1.0,1.0,4.0,2261733,1.0,1,1,1,5.0,,-1.0, -1,1987.0,A01,138Â 206Â 516,1.0,4.0,-1.0,1726433,1.0,31,,0.0,2.0,8.0,B01,138Â 206Â 515,1.0
1011401,201900052932,6,15,11:50,2,2,1,1.0,6.0,25462,Bd Churchill,M,"46,9000850","6,3611160",25,2019,50.0,1.0,1.0,4.0,2261733,1.0,1,1,1,5.0,,-1.0, -1,1987.0,A01,138Â 206Â 516,1.0,4.0,-1.0,1726434,2.0,7,,0.0,2.0,1.0,A01,138Â 206Â 516,1.0
1011402,201900052933,6,8,11:12,1,2,1,1.0,6.0,25462,MOULIN VIEUX,M,"46,9059400","6,3550100",25,2019,50.0,1.0,1.0,4.0,2261734,10.0,3,4,1,0.0,,2.0,3,1934.0,A01,138Â 206Â 513,8.0,0.0,-1.0,1726435,2.0,7,,0.0,1.0,5.0,A01,138Â 206Â 513,1.0
1011402,201900052933,6,8,11:12,1,2,1,1.0,6.0,25462,MOULIN VIEUX,M,"46,9059400","6,3550100",25,2019,50.0,1.0,1.0,4.0,2261735,1.0,1,1,1,3.0,,0.0,0,1968.0,A01,138Â 206Â 513,1.0,0.0,-1.0,1726435,2.0,7,,0.0,1.0,5.0,A01,138Â 206Â 513,1.0
1011403,201900052934,6,17,12:20,1,2,2,1.0,3.0,25388,CHAMP DU CERF (RUE DU),M,"47,4976400","6,8122700",25,2019,50.0,1.0,1.0,4.0,2261736,1.0,1,3,1,9.0,,-1.0,0,1994.0,B01,138Â 206Â 511,2.0,6.0,-1.0,1726436,3.0,33,,0.0,2.0,1.0,B01,138Â 206Â 511,1.0
1011403,201900052934,6,17,12:20,1,2,2,1.0,3.0,25388,CHAMP DU CERF (RUE DU),M,"47,4976400","6,8122700",25,2019,50.0,1.0,1.0,4.0,2261736,1.0,1,3,1,9.0,,-1.0,0,1994.0,B01,138Â 206Â 511,2.0,6.0,-1.0,1726437,3.0,7,,0.0,2.0,8.0,A01,138Â 206Â 512,1.0
1011403,201900052934,6,17,12:20,1,2,2,1.0,3.0,25388,CHAMP DU CERF (RUE DU),M,"47,4976400","6,8122700",25,2019,50.0,1.0,1.0,4.0,2261737,1.0,1,4,2,0.0,,-1.0,0,1974.0,A01,138Â 206Â 512,1.0,0.0,-1.0,1726436,3.0,33,,0.0,2.0,1.0,B01,138Â 206Â 511,1.0
1011403,201900052934,6,17,12:20,1,2,2,1.0,3.0,25388,CHAMP DU CERF (RUE DU),M,"47,4976400","6,8122700",25,2019,50.0,1.0,1.0,4.0,2261737,1.0,1,4,2,0.0,,-1.0,0,1974.0,A01,138Â 206Â 512,1.0,0.0,-1.0,1726437,3.0,7,,0.0,2.0,8.0,A01,138Â 206Â 512,1.0
1011404,201900052935,6,12,09:20,1,2,7,1.0,6.0,70285,LÃON JOUHAUX(AVENUE),M,"47,5790150","6,7642570",70,2019,50.0,1.0,1.0,9.0,2261738,1.0,1,1,1,5.0,,-1.0,0,1937.0,A01,138Â 206Â 510,1.0,0.0,-1.0,1726438,0.0,7,,0.0,1.0,1.0,A01,138Â 206Â 510,0.0
1011404,201900052935,6,12,09:20,1,2,7,1.0,6.0,70285,LÃON JOUHAUX(AVENUE),M,"47,5790150","6,7642570",70,2019,50.0,1.0,1.0,9.0,2261739,10.0,3,3,2,5.0,,3.0,3,1937.0,A01,138Â 206Â 510,8.0,0.0,-1.0,1726438,0.0,7,,0.0,1.0,1.0,A01,138Â 206Â 510,0.0
1011405,201900052936,6,14,10:43,1,2,1,2.0,6.0,25056,ALLENDE  BOULEVARD SALVADOR,M,"47,2204700","5,9780700",25,2019,30.0,1.0,1.0,4.0,2261740,10.0,3,4,2,5.0,,3.0,3,1981.0,A01,138Â 206Â 509,8.0,0.0,-1.0,1726439,2.0,7,,0.0,1.0,2.0,A01,138Â 206Â 509,1.0
1011405,201900052936,6,14,10:43,1,2,1,2.0,6.0,25056,ALLENDE  BOULEVARD SALVADOR,M,"47,2204700","5,9780700",25,2019,30.0,1.0,1.0,4.0,2261741,1.0,1,1,1,4.0,,0.0,0,1992.0,A01,138Â 206Â 509,1.0,0.0,-1.0,1726439,2.0,7,,0.0,1.0,2.0,A01,138Â 206Â 509,1.0
1011406,201900052937,6,12,20:36,2,2,2,1.0,6.0,25056,Bd Churchill,M,"47,2509290","6,0092260",25,2019,-1.0,1.0,1.0,4.0,2261742,1.0,1,1,1,-1.0,,0.0,0,1995.0,B01,138Â 206Â 507,1.0,-1.0,-1.0,1726440,1.0,7,,0.0,2.0,1.0,B01,138Â 206Â 507,1.0
1011406,201900052937,6,12,20:36,2,2,2,1.0,6.0,25056,Bd Churchill,M,"47,2509290","6,0092260",25,2019,-1.0,1.0,1.0,4.0,2261742,1.0,1,1,1,-1.0,,0.0,0,1995.0,B01,138Â 206Â 507,1.0,-1.0,-1.0,1726441,2.0,30,,0.0,2.0,1.0,A01,138Â 206Â 508,1.0
1011406,201900052937,6,12,20:36,2,2,2,1.0,6.0,25056,Bd Churchill,M,"47,2509290","6,0092260",25,2019,-1.0,1.0,1.0,4.0,2261743,1.0,1,3,1,5.0,,0.0,0,1995.0,A01,138Â 206Â 508,2.0,8.0,-1.0,1726440,1.0,7,,0.0,2.0,1.0,B01,138Â 206Â 507,1.0
1011406,201900052937,6,12,20:36,2,2,2,1.0,6.0,25056,Bd Churchill,M,"47,2509290","6,0092260",25,2019,-1.0,1.0,1.0,4.0,2261743,1.0,1,3,1,5.0,,0.0,0,1995.0,A01,138Â 206Â 508,2.0,8.0,-1.0,1726441,2.0,30,,0.0,2.0,1.0,A01,138Â 206Â 508,1.0
1011407,201900052938,6,10,19:20,1,2,4,2.0,3.0,25056,FAMILLE RUE DE LA,M,"47,2558700","6,0333600",25,2019,50.0,1.0,2.0,4.0,2261744,1.0,1,1,1,5.0,,-1.0,0,1990.0,B01,138Â 206Â 505,1.0,0.0,-1.0,1726442,3.0,7,,0.0,2.0,3.0,B01,138Â 206Â 505,1.0
1011407,201900052938,6,10,19:20,1,2,4,2.0,3.0,25056,FAMILLE RUE DE LA,M,"47,2558700","6,0333600",25,2019,50.0,1.0,2.0,4.0,2261744,1.0,1,1,1,5.0,,-1.0,0,1990.0,B01,138Â 206Â 505,1.0,0.0,-1.0,1726443,3.0,32,,0.0,2.0,0.0,A01,138Â 206Â 506,1.0
1011407,201900052938,6,10,19:20,1,2,4,2.0,3.0,25056,FAMILLE RUE DE LA,M,"47,2558700","6,0333600",25,2019,50.0,1.0,2.0,4.0,2261745,1.0,1,4,1,4.0,,-1.0,0,1997.0,A01,138Â 206Â 506,2.0,6.0,-1.0,1726442,3.0,7,,0.0,2.0,3.0,B01,138Â 206Â 505,1.0
1011407,201900052938,6,10,19:20,1,2,4,2.0,3.0,25056,FAMILLE RUE DE LA,M,"47,2558700","6,0333600",25,2019,50.0,1.0,2.0,4.0,2261745,1.0,1,4,1,4.0,,-1.0,0,1997.0,A01,138Â 206Â 506,2.0,6.0,-1.0,1726443,3.0,32,,0.0,2.0,0.0,A01,138Â 206Â 506,1.0
1011408,201900052939,6,6,17:14,1,2,1,1.0,4.0,25056,CLEMENCEAU AVENUE G.,M,"47,2366390","6,0012760",25,2019,50.0,1.0,1.0,4.0,2261746,1.0,1,4,2,5.0,,-1.0, -1,1949.0,A01,138Â 206Â 502,1.0,0.0,-1.0,1726444,1.0,7,,0.0,2.0,4.0,A01,138Â 206Â 502,1.0
1011408,201900052939,6,6,17:14,1,2,1,1.0,4.0,25056,CLEMENCEAU AVENUE G.,M,"47,2366390","6,0012760",25,2019,50.0,1.0,1.0,4.0,2261746,1.0,1,4,2,5.0,,-1.0, -1,1949.0,A01,138Â 206Â 502,1.0,0.0,-1.0,1726445,2.0,7,,0.0,2.0,0.0,B01,138Â 206Â 503,1.0
1011408,201900052939,6,6,17:14,1,2,1,1.0,4.0,25056,CLEMENCEAU AVENUE G.,M,"47,2366390","6,0012760",25,2019,50.0,1.0,1.0,4.0,2261746,1.0,1,4,2,5.0,,-1.0, -1,1949.0,A01,138Â 206Â 502,1.0,0.0,-1.0,1726446,1.0,7,,0.0,2.0,0.0,C01,138Â 206Â 504,1.0
1011408,201900052939,6,6,17:14,1,2,1,1.0,4.0,25056,CLEMENCEAU AVENUE G.,M,"47,2366390","6,0012760",25,2019,50.0,1.0,1.0,4.0,2261747,1.0,1,1,1,-1.0,,-1.0,0,1984.0,B01,138Â 206Â 503,1.0,-1.0,-1.0,1726444,1.0,7,,0.0,2.0,4.0,A01,138Â 206Â 502,1.0
1011408,201900052939,6,6,17:14,1,2,1,1.0,4.0,25056,CLEMENCEAU AVENUE G.,M,"47,2366390","6,0012760",25,2019,50.0,1.0,1.0,4.0,2261747,1.0,1,1,1,-1.0,,-1.0,0,1984.0,B01,138Â 206Â 503,1.0,-1.0,-1.0,1726445,2.0,7,,0.0,2.0,0.0,B01,138Â 206Â 503,1.0
1011408,201900052939,6,6,17:14,1,2,1,1.0,4.0,25056,CLEMENCEAU AVENUE G.,M,"47,2366390","6,0012760",25,2019,50.0,1.0,1.0,4.0,2261747,1.0,1,1,1,-1.0,,-1.0,0,1984.0,B01,138Â 206Â 503,1.0,-1.0,-1.0,1726446,1.0,7,,0.0,2.0,0.0,C01,138Â 206Â 504,1.0
1011408,201900052939,6,6,17:14,1,2,1,1.0,4.0,25056,CLEMENCEAU AVENUE G.,M,"47,2366390","6,0012760",25,2019,50.0,1.0,1.0,4.0,2261748,2.0,2,4,2,5.0,,-1.0, -1,1958.0,B01,138Â 206Â 503,1.0,0.0,-1.0,1726444,1.0,7,,0.0,2.0,4.0,A01,138Â 206Â 502,1.0
1011408,201900052939,6,6,17:14,1,2,1,1.0,4.0,25056,CLEMENCEAU AVENUE G.,M,"47,2366390","6,0012760",25,2019,50.0,1.0,1.0,4.0,2261748,2.0,2,4,2,5.0,,-1.0, -1,1958.0,B01,138Â 206Â 503,1.0,0.0,-1.0,1726445,2.0,7,,0.0,2.0,0.0,B01,138Â 206Â 503,1.0
1011408,201900052939,6,6,17:14,1,2,1,1.0,4.0,25056,CLEMENCEAU AVENUE G.,M,"47,2366390","6,0012760",25,2019,50.0,1.0,1.0,4.0,2261748,2.0,2,4,2,5.0,,-1.0, -1,1958.0,B01,138Â 206Â 503,1.0,0.0,-1.0,1726446,1.0,7,,0.0,2.0,0.0,C01,138Â 206Â 504,1.0
1011409,201900052940,5,31,18:20,1,2,1,1.0,3.0,25056,MOURAS RUE DOCTEUR,M,"47,2265400","5,9847700",25,2019,50.0,1.0,1.0,4.0,2261749,1.0,1,4,1,0.0,,-1.0,0,1968.0,B01,138Â 206Â 500,2.0,8.0,-1.0,1726447,2.0,33,,0.0,2.0,1.0,B01,138Â 206Â 500,0.0
1011409,201900052940,5,31,18:20,1,2,1,1.0,3.0,25056,MOURAS RUE DOCTEUR,M,"47,2265400","5,9847700",25,2019,50.0,1.0,1.0,4.0,2261749,1.0,1,4,1,0.0,,-1.0,0,1968.0,B01,138Â 206Â 500,2.0,8.0,-1.0,1726448,1.0,7,,0.0,2.0,1.0,A01,138Â 206Â 501,1.0
1011409,201900052940,5,31,18:20,1,2,1,1.0,3.0,25056,MOURAS RUE DOCTEUR,M,"47,2265400","5,9847700",25,2019,50.0,1.0,1.0,4.0,2261750,1.0,1,1,2,0.0,,-1.0,0,1978.0,A01,138Â 206Â 501,1.0,8.0,-1.0,1726447,2.0,33,,0.0,2.0,1.0,B01,138Â 206Â 500,0.0
1011409,201900052940,5,31,18:20,1,2,1,1.0,3.0,25056,MOURAS RUE DOCTEUR,M,"47,2265400","5,9847700",25,2019,50.0,1.0,1.0,4.0,2261750,1.0,1,1,2,0.0,,-1.0,0,1978.0,A01,138Â 206Â 501,1.0,8.0,-1.0,1726448,1.0,7,,0.0,2.0,1.0,A01,138Â 206Â 501,1.0
1011410,201900052941,5,31,14:00,1,2,2,1.0,3.0,25056,EDISON RUE THOMAS,M,"47,2355000","5,9823700",25,2019,50.0,1.0,1.0,4.0,2261751,1.0,1,4,2,0.0,,-1.0, -1,1993.0,B01,138Â 206Â 498,1.0,8.0,-1.0,1726449,2.0,7,,0.0,2.0,1.0,B01,138Â 206Â 498,1.0
1011410,201900052941,5,31,14:00,1,2,2,1.0,3.0,25056,EDISON RUE THOMAS,M,"47,2355000","5,9823700",25,2019,50.0,1.0,1.0,4.0,2261751,1.0,1,4,2,0.0,,-1.0, -1,1993.0,B01,138Â 206Â 498,1.0,8.0,-1.0,1726450,2.0,7,,0.0,2.0,1.0,A01,138Â 206Â 499,1.0
1011410,201900052941,5,31,14:00,1,2,2,1.0,3.0,25056,EDISON RUE THOMAS,M,"47,2355000","5,9823700",25,2019,50.0,1.0,1.0,4.0,2261752,2.0,2,1,1,0.0,,-1.0, -1,1973.0,A01,138Â 206Â 499,1.0,0.0,-1.0,1726449,2.0,7,,0.0,2.0,1.0,B01,138Â 206Â 498,1.0
1011410,201900052941,5,31,14:00,1,2,2,1.0,3.0,25056,EDISON RUE THOMAS,M,"47,2355000","5,9823700",25,2019,50.0,1.0,1.0,4.0,2261752,2.0,2,1,1,0.0,,-1.0, -1,1973.0,A01,138Â 206Â 499,1.0,0.0,-1.0,1726450,2.0,7,,0.0,2.0,1.0,A01,138Â 206Â 499,1.0
1011410,201900052941,5,31,14:00,1,2,2,1.0,3.0,25056,EDISON RUE THOMAS,M,"47,2355000","5,9823700",25,2019,50.0,1.0,1.0,4.0,2261753,2.0,1,4,2,0.0,,-1.0, -1,1975.0,A01,138Â 206Â 499,1.0,8.0,-1.0,1726449,2.0,7,,0.0,2.0,1.0,B01,138Â 206Â 498,1.0
1011410,201900052941,5,31,14:00,1,2,2,1.0,3.0,25056,EDISON RUE THOMAS,M,"47,2355000","5,9823700",25,2019,50.0,1.0,1.0,4.0,2261753,2.0,1,4,2,0.0,,-1.0, -1,1975.0,A01,138Â 206Â 499,1.0,8.0,-1.0,1726450,2.0,7,,0.0,2.0,1.0,A01,138Â 206Â 499,1.0
1011411,201900052942,6,6,17:40,1,2,1,1.0,4.0,24037,RD 936 E1,M,"44,8265500","0,4863800",24,2019,80.0,1.0,1.0,3.0,2261754,1.0,1,1,1,1.0,,0.0,0,1970.0,B01,138Â 206Â 493,1.0,0.0,-1.0,1726451,1.0,10,,0.0,2.0,8.0,B01,138Â 206Â 493,1.0
1011411,201900052942,6,6,17:40,1,2,1,1.0,4.0,24037,RD 936 E1,M,"44,8265500","0,4863800",24,2019,80.0,1.0,1.0,3.0,2261754,1.0,1,1,1,1.0,,0.0,0,1970.0,B01,138Â 206Â 493,1.0,0.0,-1.0,1726452,2.0,10,,0.0,2.0,1.0,C01,138Â 206Â 494,1.0
1011411,201900052942,6,6,17:40,1,2,1,1.0,4.0,24037,RD 936 E1,M,"44,8265500","0,4863800",24,2019,80.0,1.0,1.0,3.0,2261754,1.0,1,1,1,1.0,,0.0,0,1970.0,B01,138Â 206Â 493,1.0,0.0,-1.0,1726453,1.0,33,,0.0,2.0,2.0,A01,138Â 206Â 495,1.0
1011411,201900052942,6,6,17:40,1,2,1,1.0,4.0,24037,RD 936 E1,M,"44,8265500","0,4863800",24,2019,80.0,1.0,1.0,3.0,2261755,1.0,1,1,1,1.0,,0.0,0,1989.0,C01,138Â 206Â 494,1.0,0.0,-1.0,1726451,1.0,10,,0.0,2.0,8.0,B01,138Â 206Â 493,1.0
1011411,201900052942,6,6,17:40,1,2,1,1.0,4.0,24037,RD 936 E1,M,"44,8265500","0,4863800",24,2019,80.0,1.0,1.0,3.0,2261755,1.0,1,1,1,1.0,,0.0,0,1989.0,C01,138Â 206Â 494,1.0,0.0,-1.0,1726452,2.0,10,,0.0,2.0,1.0,C01,138Â 206Â 494,1.0
1011411,201900052942,6,6,17:40,1,2,1,1.0,4.0,24037,RD 936 E1,M,"44,8265500","0,4863800",24,2019,80.0,1.0,1.0,3.0,2261755,1.0,1,1,1,1.0,,0.0,0,1989.0,C01,138Â 206Â 494,1.0,0.0,-1.0,1726453,1.0,33,,0.0,2.0,2.0,A01,138Â 206Â 495,1.0
1011411,201900052942,6,6,17:40,1,2,1,1.0,4.0,24037,RD 936 E1,M,"44,8265500","0,4863800",24,2019,80.0,1.0,1.0,3.0,2261756,1.0,1,2,1,1.0,,0.0,0,1970.0,A01,138Â 206Â 495,2.0,6.0,-1.0,1726451,1.0,10,,0.0,2.0,8.0,B01,138Â 206Â 493,1.0
1011411,201900052942,6,6,17:40,1,2,1,1.0,4.0,24037,RD 936 E1,M,"44,8265500","0,4863800",24,2019,80.0,1.0,1.0,3.0,2261756,1.0,1,2,1,1.0,,0.0,0,1970.0,A01,138Â 206Â 495,2.0,6.0,-1.0,1726452,2.0,10,,0.0,2.0,1.0,C01,138Â 206Â 494,1.0
1011411,201900052942,6,6,17:40,1,2,1,1.0,4.0,24037,RD 936 E1,M,"44,8265500","0,4863800",24,2019,80.0,1.0,1.0,3.0,2261756,1.0,1,2,1,1.0,,0.0,0,1970.0,A01,138Â 206Â 495,2.0,6.0,-1.0,1726453,1.0,33,,0.0,2.0,2.0,A01,138Â 206Â 495,1.0
1011412,201900052943,6,16,15:45,1,2,1,1.0,6.0,22106,BREST (RUE DE),M,"48,4950687"," -2,7163031",22,2019,50.0,1.0,1.0,4.0,2261757,1.0,1,1,1,5.0,,0.0,0,1997.0,A01,138Â 206Â 492,2.0,0.0,-1.0,1726454,1.0,30,,0.0,1.0,1.0,A01,138Â 206Â 492,1.0
1011412,201900052943,6,16,15:45,1,2,1,1.0,6.0,22106,BREST (RUE DE),M,"48,4950687"," -2,7163031",22,2019,50.0,1.0,1.0,4.0,2261758,10.0,3,4,1,5.0,,3.0,3,1962.0,A01,138Â 206Â 492,8.0,0.0,-1.0,1726454,1.0,30,,0.0,1.0,1.0,A01,138Â 206Â 492,1.0
1011413,201900052944,6,7,09:05,1,1,1,7.0,4.0,22278,RN12,M,"48,5096857"," -2,7390209",22,2019,90.0,1.0,1.0,2.0,2261759,1.0,1,1,1,4.0,,0.0,0,1958.0,B01,138Â 206Â 489,1.0,8.0,-1.0,1726455,2.0,15,,0.0,2.0,4.0,B01,138Â 206Â 489,1.0
1011413,201900052944,6,7,09:05,1,1,1,7.0,4.0,22278,RN12,M,"48,5096857"," -2,7390209",22,2019,90.0,1.0,1.0,2.0,2261759,1.0,1,1,1,4.0,,0.0,0,1958.0,B01,138Â 206Â 489,1.0,8.0,-1.0,1726456,2.0,7,,0.0,2.0,1.0,C01,138Â 206Â 490,1.0
1011413,201900052944,6,7,09:05,1,1,1,7.0,4.0,22278,RN12,M,"48,5096857"," -2,7390209",22,2019,90.0,1.0,1.0,2.0,2261759,1.0,1,1,1,4.0,,0.0,0,1958.0,B01,138Â 206Â 489,1.0,8.0,-1.0,1726457,2.0,7,,0.0,2.0,1.0,A01,138Â 206Â 491,1.0
1011413,201900052944,6,7,09:05,1,1,1,7.0,4.0,22278,RN12,M,"48,5096857"," -2,7390209",22,2019,90.0,1.0,1.0,2.0,2261760,1.0,1,1,2,5.0,,0.0,0,1993.0,C01,138Â 206Â 490,1.0,8.0,-1.0,1726455,2.0,15,,0.0,2.0,4.0,B01,138Â 206Â 489,1.0
1011413,201900052944,6,7,09:05,1,1,1,7.0,4.0,22278,RN12,M,"48,5096857"," -2,7390209",22,2019,90.0,1.0,1.0,2.0,2261760,1.0,1,1,2,5.0,,0.0,0,1993.0,C01,138Â 206Â 490,1.0,8.0,-1.0,1726456,2.0,7,,0.0,2.0,1.0,C01,138Â 206Â 490,1.0
1011413,201900052944,6,7,09:05,1,1,1,7.0,4.0,22278,RN12,M,"48,5096857"," -2,7390209",22,2019,90.0,1.0,1.0,2.0,2261760,1.0,1,1,2,5.0,,0.0,0,1993.0,C01,138Â 206Â 490,1.0,8.0,-1.0,1726457,2.0,7,,0.0,2.0,1.0,A01,138Â 206Â 491,1.0
1011413,201900052944,6,7,09:05,1,1,1,7.0,4.0,22278,RN12,M,"48,5096857"," -2,7390209",22,2019,90.0,1.0,1.0,2.0,2261761,1.0,1,4,1,9.0,,0.0,0,1987.0,A01,138Â 206Â 491,1.0,8.0,-1.0,1726455,2.0,15,,0.0,2.0,4.0,B01,138Â 206Â 489,1.0
1011413,201900052944,6,7,09:05,1,1,1,7.0,4.0,22278,RN12,M,"48,5096857"," -2,7390209",22,2019,90.0,1.0,1.0,2.0,2261761,1.0,1,4,1,9.0,,0.0,0,1987.0,A01,138Â 206Â 491,1.0,8.0,-1.0,1726456,2.0,7,,0.0,2.0,1.0,C01,138Â 206Â 490,1.0
1011413,201900052944,6,7,09:05,1,1,1,7.0,4.0,22278,RN12,M,"48,5096857"," -2,7390209",22,2019,90.0,1.0,1.0,2.0,2261761,1.0,1,4,1,9.0,,0.0,0,1987.0,A01,138Â 206Â 491,1.0,8.0,-1.0,1726457,2.0,7,,0.0,2.0,1.0,A01,138Â 206Â 491,1.0