Unnamed: 0_x,num_acc,mois,jour,hrmn,lum,agg,int,atm,col,com,adr,gps,lat,long,dep,annee,vma,situ,surf,catr,Unnamed: 0_y,place,catu,grav,sexe,trajet,secu,locp,actp,an_nais,num_veh_x,id_vehicule_x,secu1,secu2,secu3,Unnamed: 0,senc,catv,occutc,obs,obsm,choc,num_veh_y,id_vehicule_y,motor
1011414,201900052945,6,4,12:20,1,2,1,1.0,2.0,22187,RN 9012,M,"48,5443800"," -2,7717800",22,2019,50.0,1.0,2.0,2.0,2261762,1.0,1,1,2,4.0,,0.0,0,1983.0,A01,138Â 206Â 487,1.0,0.0,-1.0,1726458,1.0,7,,0.0,2.0,1.0,A01,138Â 206Â 487,1.0
1011414,201900052945,6,4,12:20,1,2,1,1.0,2.0,22187,RN 9012,M,"48,5443800"," -2,7717800",22,2019,50.0,1.0,2.0,2.0,2261762,1.0,1,1,2,4.0,,0.0,0,1983.0,A01,138Â 206Â 487,1.0,0.0,-1.0,1726459,1.0,7,,0.0,2.0,4.0,B01,138Â 206Â 488,1.0
1011414,201900052945,6,4,12:20,1,2,1,1.0,2.0,22187,RN 9012,M,"48,5443800"," -2,7717800",22,2019,50.0,1.0,2.0,2.0,2261763,1.0,1,1,1,3.0,,0.0,0,1958.0,B01,138Â 206Â 488,8.0,0.0,-1.0,1726458,1.0,7,,0.0,2.0,1.0,A01,138Â 206Â 487,1.0
1011414,201900052945,6,4,12:20,1,2,1,1.0,2.0,22187,RN 9012,M,"48,5443800"," -2,7717800",22,2019,50.0,1.0,2.0,2.0,2261763,1.0,1,1,1,3.0,,0.0,0,1958.0,B01,138Â 206Â 488,8.0,0.0,-1.0,1726459,1.0,7,,0.0,2.0,4.0,B01,138Â 206Â 488,1.0
1011414,201900052945,6,4,12:20,1,2,1,1.0,2.0,22187,RN 9012,M,"48,5443800"," -2,7717800",22,2019,50.0,1.0,2.0,2.0,2261764,2.0,2,4,2,3.0,,0.0,0,1957.0,B01,138Â 206Â 488,8.0,0.0,-1.0,1726458,1.0,7,,0.0,2.0,1.0,A01,138Â 206Â 487,1.0
1011414,201900052945,6,4,12:20,1,2,1,1.0,2.0,22187,RN 9012,M,"48,5443800"," -2,7717800",22,2019,50.0,1.0,2.0,2.0,2261764,2.0,2,4,2,3.0,,0.0,0,1957.0,B01,138Â 206Â 488,8.0,0.0,-1.0,1726459,1.0,7,,0.0,2.0,4.0,B01,138Â 206Â 488,1.0
1011415,201900052946,5,25,19:00,1,2,1,1.0,7.0,22278,ARAGO (BD),M,"48,5175153"," -2,7705610",22,2019,50.0,1.0,1.0,4.0,2261765,1.0,1,3,1,5.0,,0.0,0,1963.0,A01,138Â 206Â 486,2.0,0.0,-1.0,1726460,2.0,30,,1.0,0.0,1.0,A01,138Â 206Â 486,1.0
1011416,201900052947,6,13,18:25,1,2,1,1.0,6.0,22113,LE DANTEC (RUE FELIX),M,"48,7328200"," -3,4636200",22,2019,50.0,1.0,1.0,9.0,2261766,2.0,1,3,1,2.0,,0.0,0,1999.0,A01,138Â 206Â 485,2.0,0.0,-1.0,1726461,2.0,80,,6.0,0.0,7.0,A01,138Â 206Â 485,3.0
1011417,201900052948,6,9,19:15,1,2,1,1.0,1.0,22113,POMPIDOU (RUE GEORGES),M,"48,7386200"," -3,4637900",22,2019,50.0,1.0,1.0,4.0,2261767,1.0,1,1,1,0.0,,0.0,0,1987.0,A01,138Â 206Â 483,8.0,0.0,-1.0,1726462,2.0,10,,0.0,2.0,3.0,A01,138Â 206Â 483,1.0
1011417,201900052948,6,9,19:15,1,2,1,1.0,1.0,22113,POMPIDOU (RUE GEORGES),M,"48,7386200"," -3,4637900",22,2019,50.0,1.0,1.0,4.0,2261767,1.0,1,1,1,0.0,,0.0,0,1987.0,A01,138Â 206Â 483,8.0,0.0,-1.0,1726463,1.0,10,,0.0,2.0,3.0,B01,138Â 206Â 484,1.0
1011417,201900052948,6,9,19:15,1,2,1,1.0,1.0,22113,POMPIDOU (RUE GEORGES),M,"48,7386200"," -3,4637900",22,2019,50.0,1.0,1.0,4.0,2261768,1.0,1,4,1,5.0,,0.0,0,1948.0,B01,138Â 206Â 484,1.0,0.0,-1.0,1726462,2.0,10,,0.0,2.0,3.0,A01,138Â 206Â 483,1.0
1011417,201900052948,6,9,19:15,1,2,1,1.0,1.0,22113,POMPIDOU (RUE GEORGES),M,"48,7386200"," -3,4637900",22,2019,50.0,1.0,1.0,4.0,2261768,1.0,1,4,1,5.0,,0.0,0,1948.0,B01,138Â 206Â 484,1.0,0.0,-1.0,1726463,1.0,10,,0.0,2.0,3.0,B01,138Â 206Â 484,1.0
1011417,201900052948,6,9,19:15,1,2,1,1.0,1.0,22113,POMPIDOU (RUE GEORGES),M,"48,7386200"," -3,4637900",22,2019,50.0,1.0,1.0,4.0,2261769,2.0,2,4,1,5.0,,0.0,0,1948.0,B01,138Â 206Â 484,1.0,0.0,-1.0,1726462,2.0,10,,0.0,2.0,3.0,A01,138Â 206Â 483,1.0
1011417,201900052948,6,9,19:15,1,2,1,1.0,1.0,22113,POMPIDOU (RUE GEORGES),M,"48,7386200"," -3,4637900",22,2019,50.0,1.0,1.0,4.0,2261769,2.0,2,4,1,5.0,,0.0,0,1948.0,B01,138Â 206Â 484,1.0,0.0,-1.0,1726463,1.0,10,,0.0,2.0,3.0,B01,138Â 206Â 484,1.0
1011418,201900052949,6,8,11:00,1,2,1,1.0,3.0,22113,SAINT ELIVET (RUE DE),M,"48,7282900"," -3,4490118",22,2019,50.0,1.0,1.0,4.0,2261770,1.0,1,1,1,3.0,,0.0,0,1978.0,A01,138Â 206Â 481,1.0,0.0,-1.0,1726464,3.0,7,,0.0,2.0,1.0,A01,138Â 206Â 481,1.0
1011418,201900052949,6,8,11:00,1,2,1,1.0,3.0,22113,SAINT ELIVET (RUE DE),M,"48,7282900"," -3,4490118",22,2019,50.0,1.0,1.0,4.0,2261770,1.0,1,1,1,3.0,,0.0,0,1978.0,A01,138Â 206Â 481,1.0,0.0,-1.0,1726465,1.0,2,,0.0,2.0,8.0,B01,138Â 206Â 482,1.0
1011418,201900052949,6,8,11:00,1,2,1,1.0,3.0,22113,SAINT ELIVET (RUE DE),M,"48,7282900"," -3,4490118",22,2019,50.0,1.0,1.0,4.0,2261771,1.0,1,3,1,1.0,,0.0,0,1963.0,B01,138Â 206Â 482,2.0,0.0,-1.0,1726464,3.0,7,,0.0,2.0,1.0,A01,138Â 206Â 481,1.0
1011418,201900052949,6,8,11:00,1,2,1,1.0,3.0,22113,SAINT ELIVET (RUE DE),M,"48,7282900"," -3,4490118",22,2019,50.0,1.0,1.0,4.0,2261771,1.0,1,3,1,1.0,,0.0,0,1963.0,B01,138Â 206Â 482,2.0,0.0,-1.0,1726465,1.0,2,,0.0,2.0,8.0,B01,138Â 206Â 482,1.0
1011419,201900052950,6,7,12:10,1,2,1,1.0,2.0,22113,MARZIN (AVENUE PIERRE),M,"48,7532221"," -3,4585371",22,2019,50.0,1.0,1.0,3.0,2261772,1.0,1,4,1,9.0,,0.0,0,2001.0,B01,138Â 206Â 479,2.0,6.0,-1.0,1726466,1.0,2,,14.0,0.0,0.0,B01,138Â 206Â 479,1.0
1011419,201900052950,6,7,12:10,1,2,1,1.0,2.0,22113,MARZIN (AVENUE PIERRE),M,"48,7532221"," -3,4585371",22,2019,50.0,1.0,1.0,3.0,2261772,1.0,1,4,1,9.0,,0.0,0,2001.0,B01,138Â 206Â 479,2.0,6.0,-1.0,1726467,1.0,7,,0.0,2.0,4.0,A01,138Â 206Â 480,1.0
1011419,201900052950,6,7,12:10,1,2,1,1.0,2.0,22113,MARZIN (AVENUE PIERRE),M,"48,7532221"," -3,4585371",22,2019,50.0,1.0,1.0,3.0,2261773,2.0,2,4,1,9.0,,0.0,0,1996.0,B01,138Â 206Â 479,2.0,6.0,-1.0,1726466,1.0,2,,14.0,0.0,0.0,B01,138Â 206Â 479,1.0
1011419,201900052950,6,7,12:10,1,2,1,1.0,2.0,22113,MARZIN (AVENUE PIERRE),M,"48,7532221"," -3,4585371",22,2019,50.0,1.0,1.0,3.0,2261773,2.0,2,4,1,9.0,,0.0,0,1996.0,B01,138Â 206Â 479,2.0,6.0,-1.0,1726467,1.0,7,,0.0,2.0,4.0,A01,138Â 206Â 480,1.0
1011419,201900052950,6,7,12:10,1,2,1,1.0,2.0,22113,MARZIN (AVENUE PIERRE),M,"48,7532221"," -3,4585371",22,2019,50.0,1.0,1.0,3.0,2261774,1.0,1,1,1,3.0,,0.0,0,1956.0,A01,138Â 206Â 480,1.0,0.0,-1.0,1726466,1.0,2,,14.0,0.0,0.0,B01,138Â 206Â 479,1.0
1011419,201900052950,6,7,12:10,1,2,1,1.0,2.0,22113,MARZIN (AVENUE PIERRE),M,"48,7532221"," -3,4585371",22,2019,50.0,1.0,1.0,3.0,2261774,1.0,1,1,1,3.0,,0.0,0,1956.0,A01,138Â 206Â 480,1.0,0.0,-1.0,1726467,1.0,7,,0.0,2.0,4.0,A01,138Â 206Â 480,1.0
1011420,201900052951,6,8,08:45,1,2,1,1.0,6.0,21231,ALBERT CAMUS (Avenue),M,"47,3512400","5,0500100",21,2019,50.0,1.0,1.0,4.0,2261775,10.0,3,3,2,0.0,,1.0,3,2000.0,A01,138Â 206Â 478,8.0,0.0,-1.0,1726468,3.0,7,,0.0,1.0,1.0,A01,138Â 206Â 478,1.0
1011420,201900052951,6,8,08:45,1,2,1,1.0,6.0,21231,ALBERT CAMUS (Avenue),M,"47,3512400","5,0500100",21,2019,50.0,1.0,1.0,4.0,2261776,1.0,1,1,1,0.0,,0.0,0,1963.0,A01,138Â 206Â 478,1.0,0.0,-1.0,1726468,3.0,7,,0.0,1.0,1.0,A01,138Â 206Â 478,1.0
1011421,201900052952,6,2,20:19,1,2,1,1.0,2.0,21278,ALLOBROGES (DES) (BOULEVARD),M,"47,3365720","5,0328710",21,2019,50.0,1.0,1.0,4.0,2261777,1.0,1,1,2,5.0,,0.0,0,2001.0,A01,138Â 206Â 476,1.0,0.0,-1.0,1726469,2.0,3,,0.0,2.0,8.0,A01,138Â 206Â 476,1.0
1011421,201900052952,6,2,20:19,1,2,1,1.0,2.0,21278,ALLOBROGES (DES) (BOULEVARD),M,"47,3365720","5,0328710",21,2019,50.0,1.0,1.0,4.0,2261777,1.0,1,1,2,5.0,,0.0,0,2001.0,A01,138Â 206Â 476,1.0,0.0,-1.0,1726470,2.0,2,,0.0,2.0,1.0,B01,138Â 206Â 477,1.0
1011421,201900052952,6,2,20:19,1,2,1,1.0,2.0,21278,ALLOBROGES (DES) (BOULEVARD),M,"47,3365720","5,0328710",21,2019,50.0,1.0,1.0,4.0,2261778,1.0,1,2,1,4.0,,-1.0, -1,1991.0,B01,138Â 206Â 477,2.0,0.0,-1.0,1726469,2.0,3,,0.0,2.0,8.0,A01,138Â 206Â 476,1.0
1011421,201900052952,6,2,20:19,1,2,1,1.0,2.0,21278,ALLOBROGES (DES) (BOULEVARD),M,"47,3365720","5,0328710",21,2019,50.0,1.0,1.0,4.0,2261778,1.0,1,2,1,4.0,,-1.0, -1,1991.0,B01,138Â 206Â 477,2.0,0.0,-1.0,1726470,2.0,2,,0.0,2.0,1.0,B01,138Â 206Â 477,1.0
1011422,201900052953,6,10,12:10,1,1,1,8.0,7.0,19275,PONTY (ROUTE DE),M,"45,5477900","2,2905800",19,2019,70.0,1.0,2.0,3.0,2261779,1.0,1,4,2,5.0,,-1.0, -1,1994.0,A01,138Â 206Â 473,1.0,0.0,-1.0,1726471,2.0,7,,0.0,0.0,0.0,A01,138Â 206Â 473,1.0
1011423,201900052954,6,4,16:05,1,2,3,1.0,3.0,19275,,M,"45,5458990","2,3051700",19,2019,70.0,1.0,1.0,3.0,2261780,1.0,1,1,1,3.0,,0.0, -1,1972.0,A01,138Â 206Â 471,1.0,0.0,-1.0,1726472,1.0,7,,14.0,0.0,2.0,A01,138Â 206Â 471,1.0
1011423,201900052954,6,4,16:05,1,2,3,1.0,3.0,19275,,M,"45,5458990","2,3051700",19,2019,70.0,1.0,1.0,3.0,2261780,1.0,1,1,1,3.0,,0.0, -1,1972.0,A01,138Â 206Â 471,1.0,0.0,-1.0,1726473,2.0,1,,0.0,2.0,3.0,B01,138Â 206Â 472,5.0
1011423,201900052954,6,4,16:05,1,2,3,1.0,3.0,19275,,M,"45,5458990","2,3051700",19,2019,70.0,1.0,1.0,3.0,2261781,1.0,1,4,1,5.0,,0.0,0,2004.0,B01,138Â 206Â 472,8.0,0.0,-1.0,1726472,1.0,7,,14.0,0.0,2.0,A01,138Â 206Â 471,1.0
1011423,201900052954,6,4,16:05,1,2,3,1.0,3.0,19275,,M,"45,5458990","2,3051700",19,2019,70.0,1.0,1.0,3.0,2261781,1.0,1,4,1,5.0,,0.0,0,2004.0,B01,138Â 206Â 472,8.0,0.0,-1.0,1726473,2.0,1,,0.0,2.0,3.0,B01,138Â 206Â 472,5.0
1011424,201900052955,6,13,09:25,1,2,3,1.0,3.0,19031,"""MOULIN (BOULEVARD JEAN) COTE """"LES CEDR",M,"45,1613200","1,5031500",19,2019,50.0,1.0,1.0,4.0,2261782,1.0,1,1,1,1.0,,-1.0, -1,1980.0,B01,138Â 206Â 469,1.0,0.0,-1.0,1726474,2.0,10,,0.0,2.0,3.0,B01,138Â 206Â 469,1.0
1011424,201900052955,6,13,09:25,1,2,3,1.0,3.0,19031,"""MOULIN (BOULEVARD JEAN) COTE """"LES CEDR",M,"45,1613200","1,5031500",19,2019,50.0,1.0,1.0,4.0,2261782,1.0,1,1,1,1.0,,-1.0, -1,1980.0,B01,138Â 206Â 469,1.0,0.0,-1.0,1726475,1.0,7,,0.0,2.0,1.0,A01,138Â 206Â 470,1.0
1011424,201900052955,6,13,09:25,1,2,3,1.0,3.0,19031,"""MOULIN (BOULEVARD JEAN) COTE """"LES CEDR",M,"45,1613200","1,5031500",19,2019,50.0,1.0,1.0,4.0,2261783,1.0,1,4,2,5.0,,-1.0, -1,1941.0,A01,138Â 206Â 470,1.0,0.0,-1.0,1726474,2.0,10,,0.0,2.0,3.0,B01,138Â 206Â 469,1.0
1011424,201900052955,6,13,09:25,1,2,3,1.0,3.0,19031,"""MOULIN (BOULEVARD JEAN) COTE """"LES CEDR",M,"45,1613200","1,5031500",19,2019,50.0,1.0,1.0,4.0,2261783,1.0,1,4,2,5.0,,-1.0, -1,1941.0,A01,138Â 206Â 470,1.0,0.0,-1.0,1726475,1.0,7,,0.0,2.0,1.0,A01,138Â 206Â 470,1.0
1011425,201900052956,6,4,11:20,1,2,1,1.0,4.0,19031,ALVITRE (AVENUE ABBE),M,"45,1539800","1,5108100",19,2019,50.0,1.0,1.0,3.0,2261784,1.0,1,4,2,5.0,,-1.0, -1,1983.0,C01,138Â 206Â 466,1.0,0.0,-1.0,1726476,1.0,7,,0.0,2.0,4.0,C01,138Â 206Â 466,1.0
1011425,201900052956,6,4,11:20,1,2,1,1.0,4.0,19031,ALVITRE (AVENUE ABBE),M,"45,1539800","1,5108100",19,2019,50.0,1.0,1.0,3.0,2261784,1.0,1,4,2,5.0,,-1.0, -1,1983.0,C01,138Â 206Â 466,1.0,0.0,-1.0,1726477,1.0,7,,0.0,2.0,4.0,B01,138Â 206Â 467,1.0
1011425,201900052956,6,4,11:20,1,2,1,1.0,4.0,19031,ALVITRE (AVENUE ABBE),M,"45,1539800","1,5108100",19,2019,50.0,1.0,1.0,3.0,2261784,1.0,1,4,2,5.0,,-1.0, -1,1983.0,C01,138Â 206Â 466,1.0,0.0,-1.0,1726478,1.0,10,,0.0,2.0,1.0,A01,138Â 206Â 468,1.0
1011425,201900052956,6,4,11:20,1,2,1,1.0,4.0,19031,ALVITRE (AVENUE ABBE),M,"45,1539800","1,5108100",19,2019,50.0,1.0,1.0,3.0,2261785,1.0,1,1,1,5.0,,-1.0, -1,1935.0,B01,138Â 206Â 467,1.0,0.0,-1.0,1726476,1.0,7,,0.0,2.0,4.0,C01,138Â 206Â 466,1.0
1011425,201900052956,6,4,11:20,1,2,1,1.0,4.0,19031,ALVITRE (AVENUE ABBE),M,"45,1539800","1,5108100",19,2019,50.0,1.0,1.0,3.0,2261785,1.0,1,1,1,5.0,,-1.0, -1,1935.0,B01,138Â 206Â 467,1.0,0.0,-1.0,1726477,1.0,7,,0.0,2.0,4.0,B01,138Â 206Â 467,1.0
1011425,201900052956,6,4,11:20,1,2,1,1.0,4.0,19031,ALVITRE (AVENUE ABBE),M,"45,1539800","1,5108100",19,2019,50.0,1.0,1.0,3.0,2261785,1.0,1,1,1,5.0,,-1.0, -1,1935.0,B01,138Â 206Â 467,1.0,0.0,-1.0,1726478,1.0,10,,0.0,2.0,1.0,A01,138Â 206Â 468,1.0
1011425,201900052956,6,4,11:20,1,2,1,1.0,4.0,19031,ALVITRE (AVENUE ABBE),M,"45,1539800","1,5108100",19,2019,50.0,1.0,1.0,3.0,2261786,2.0,2,4,2,5.0,,-1.0, -1,1940.0,B01,138Â 206Â 467,1.0,0.0,-1.0,1726476,1.0,7,,0.0,2.0,4.0,C01,138Â 206Â 466,1.0
1011425,201900052956,6,4,11:20,1,2,1,1.0,4.0,19031,ALVITRE (AVENUE ABBE),M,"45,1539800","1,5108100",19,2019,50.0,1.0,1.0,3.0,2261786,2.0,2,4,2,5.0,,-1.0, -1,1940.0,B01,138Â 206Â 467,1.0,0.0,-1.0,1726477,1.0,7,,0.0,2.0,4.0,B01,138Â 206Â 467,1.0
1011425,201900052956,6,4,11:20,1,2,1,1.0,4.0,19031,ALVITRE (AVENUE ABBE),M,"45,1539800","1,5108100",19,2019,50.0,1.0,1.0,3.0,2261786,2.0,2,4,2,5.0,,-1.0, -1,1940.0,B01,138Â 206Â 467,1.0,0.0,-1.0,1726478,1.0,10,,0.0,2.0,1.0,A01,138Â 206Â 468,1.0
1011425,201900052956,6,4,11:20,1,2,1,1.0,4.0,19031,ALVITRE (AVENUE ABBE),M,"45,1539800","1,5108100",19,2019,50.0,1.0,1.0,3.0,2261787,1.0,1,1,1,4.0,,-1.0, -1,1987.0,A01,138Â 206Â 468,1.0,0.0,-1.0,1726476,1.0,7,,0.0,2.0,4.0,C01,138Â 206Â 466,1.0
1011425,201900052956,6,4,11:20,1,2,1,1.0,4.0,19031,ALVITRE (AVENUE ABBE),M,"45,1539800","1,5108100",19,2019,50.0,1.0,1.0,3.0,2261787,1.0,1,1,1,4.0,,-1.0, -1,1987.0,A01,138Â 206Â 468,1.0,0.0,-1.0,1726477,1.0,7,,0.0,2.0,4.0,B01,138Â 206Â 467,1.0
1011425,201900052956,6,4,11:20,1,2,1,1.0,4.0,19031,ALVITRE (AVENUE ABBE),M,"45,1539800","1,5108100",19,2019,50.0,1.0,1.0,3.0,2261787,1.0,1,1,1,4.0,,-1.0, -1,1987.0,A01,138Â 206Â 468,1.0,0.0,-1.0,1726478,1.0,10,,0.0,2.0,1.0,A01,138Â 206Â 468,1.0
1011426,201900052957,5,31,19:55,1,2,2,1.0,3.0,19031,MOISSAN (RUE),M,"45,1507100","1,5317800",19,2019,50.0,1.0,1.0,4.0,2261788,1.0,1,4,1,3.0,,-1.0, -1,1997.0,A01,138Â 206Â 464,1.0,0.0,-1.0,1726479,1.0,7,,0.0,2.0,1.0,A01,138Â 206Â 464,1.0
1011426,201900052957,5,31,19:55,1,2,2,1.0,3.0,19031,MOISSAN (RUE),M,"45,1507100","1,5317800",19,2019,50.0,1.0,1.0,4.0,2261788,1.0,1,4,1,3.0,,-1.0, -1,1997.0,A01,138Â 206Â 464,1.0,0.0,-1.0,1726480,1.0,7,,0.0,2.0,3.0,B01,138Â 206Â 465,1.0
1011426,201900052957,5,31,19:55,1,2,2,1.0,3.0,19031,MOISSAN (RUE),M,"45,1507100","1,5317800",19,2019,50.0,1.0,1.0,4.0,2261789,1.0,1,1,1,5.0,,-1.0, -1,1997.0,B01,138Â 206Â 465,1.0,0.0,-1.0,1726479,1.0,7,,0.0,2.0,1.0,A01,138Â 206Â 464,1.0
1011426,201900052957,5,31,19:55,1,2,2,1.0,3.0,19031,MOISSAN (RUE),M,"45,1507100","1,5317800",19,2019,50.0,1.0,1.0,4.0,2261789,1.0,1,1,1,5.0,,-1.0, -1,1997.0,B01,138Â 206Â 465,1.0,0.0,-1.0,1726480,1.0,7,,0.0,2.0,3.0,B01,138Â 206Â 465,1.0
1011427,201900052958,5,31,18:35,1,2,1,1.0,2.0,19031,ALVITRE (AVENUE ABBE),M,"45,1518200","1,5027900",19,2019,50.0,1.0,1.0,3.0,2261790,1.0,1,4,2,1.0,,-1.0, -1,1957.0,A01,138Â 206Â 462,1.0,0.0,-1.0,1726481,1.0,3,,0.0,2.0,1.0,A01,138Â 206Â 462,1.0
1011427,201900052958,5,31,18:35,1,2,1,1.0,2.0,19031,ALVITRE (AVENUE ABBE),M,"45,1518200","1,5027900",19,2019,50.0,1.0,1.0,3.0,2261790,1.0,1,4,2,1.0,,-1.0, -1,1957.0,A01,138Â 206Â 462,1.0,0.0,-1.0,1726482,1.0,7,,0.0,2.0,4.0,B01,138Â 206Â 463,1.0
1011427,201900052958,5,31,18:35,1,2,1,1.0,2.0,19031,ALVITRE (AVENUE ABBE),M,"45,1518200","1,5027900",19,2019,50.0,1.0,1.0,3.0,2261791,1.0,1,1,1,5.0,,-1.0, -1,1969.0,B01,138Â 206Â 463,1.0,0.0,-1.0,1726481,1.0,3,,0.0,2.0,1.0,A01,138Â 206Â 462,1.0
1011427,201900052958,5,31,18:35,1,2,1,1.0,2.0,19031,ALVITRE (AVENUE ABBE),M,"45,1518200","1,5027900",19,2019,50.0,1.0,1.0,3.0,2261791,1.0,1,1,1,5.0,,-1.0, -1,1969.0,B01,138Â 206Â 463,1.0,0.0,-1.0,1726482,1.0,7,,0.0,2.0,4.0,B01,138Â 206Â 463,1.0
1011428,201900052959,6,3,06:30,2,1,1,1.0,7.0,18205,RD 2076,M,"47,1200000","2,3300000",18,2019,50.0,1.0,1.0,3.0,2261792,1.0,1,2,1,0.0,,-1.0, -1,1966.0,A01,138Â 206Â 461,2.0,6.0,-1.0,1726483,3.0,32,,12.0,0.0,1.0,A01,138Â 206Â 461,1.0
1011429,201900052960,4,19,15:30,1,2,1,1.0,6.0,18033,NOVEMBRE 1918 (AVENUE DU ONZE),M,"47,0877800","2,3980400",18,2019,50.0,1.0,1.0,4.0,2261793,10.0,3,3,2,5.0,,4.0,3,1925.0,A01,138Â 206Â 460,8.0,0.0,-1.0,1726484,1.0,7,,0.0,1.0,8.0,A01,138Â 206Â 460,1.0
1011429,201900052960,4,19,15:30,1,2,1,1.0,6.0,18033,NOVEMBRE 1918 (AVENUE DU ONZE),M,"47,0877800","2,3980400",18,2019,50.0,1.0,1.0,4.0,2261794,1.0,1,1,1,1.0,,0.0,0,1962.0,A01,138Â 206Â 460,1.0,0.0,-1.0,1726484,1.0,7,,0.0,1.0,8.0,A01,138Â 206Â 460,1.0
1011430,201900052961,6,15,20:05,1,2,1,1.0,1.0,17306,QUEBEC (AVENUE),M,"45,6300900"," -1,0149900",17,2019,30.0,1.0,1.0,4.0,2261795,2.0,2,1,1,5.0,,-1.0, -1,1993.0,B01,138Â 206Â 452,1.0,8.0,-1.0,1726485,2.0,7,,0.0,2.0,3.0,B01,138Â 206Â 452,1.0
1011430,201900052961,6,15,20:05,1,2,1,1.0,1.0,17306,QUEBEC (AVENUE),M,"45,6300900"," -1,0149900",17,2019,30.0,1.0,1.0,4.0,2261795,2.0,2,1,1,5.0,,-1.0, -1,1993.0,B01,138Â 206Â 452,1.0,8.0,-1.0,1726486,1.0,7,,0.0,2.0,3.0,A01,138Â 206Â 453,1.0
1011430,201900052961,6,15,20:05,1,2,1,1.0,1.0,17306,QUEBEC (AVENUE),M,"45,6300900"," -1,0149900",17,2019,30.0,1.0,1.0,4.0,2261796,1.0,1,1,1,5.0,,-1.0, -1,1990.0,B01,138Â 206Â 452,1.0,8.0,-1.0,1726485,2.0,7,,0.0,2.0,3.0,B01,138Â 206Â 452,1.0
1011430,201900052961,6,15,20:05,1,2,1,1.0,1.0,17306,QUEBEC (AVENUE),M,"45,6300900"," -1,0149900",17,2019,30.0,1.0,1.0,4.0,2261796,1.0,1,1,1,5.0,,-1.0, -1,1990.0,B01,138Â 206Â 452,1.0,8.0,-1.0,1726486,1.0,7,,0.0,2.0,3.0,A01,138Â 206Â 453,1.0
1011430,201900052961,6,15,20:05,1,2,1,1.0,1.0,17306,QUEBEC (AVENUE),M,"45,6300900"," -1,0149900",17,2019,30.0,1.0,1.0,4.0,2261797,3.0,2,4,1,5.0,,-1.0, -1,2013.0,B01,138Â 206Â 452,1.0,8.0,-1.0,1726485,2.0,7,,0.0,2.0,3.0,B01,138Â 206Â 452,1.0
1011430,201900052961,6,15,20:05,1,2,1,1.0,1.0,17306,QUEBEC (AVENUE),M,"45,6300900"," -1,0149900",17,2019,30.0,1.0,1.0,4.0,2261797,3.0,2,4,1,5.0,,-1.0, -1,2013.0,B01,138Â 206Â 452,1.0,8.0,-1.0,1726486,1.0,7,,0.0,2.0,3.0,A01,138Â 206Â 453,1.0
1011430,201900052961,6,15,20:05,1,2,1,1.0,1.0,17306,QUEBEC (AVENUE),M,"45,6300900"," -1,0149900",17,2019,30.0,1.0,1.0,4.0,2261798,4.0,2,4,1,5.0,,-1.0, -1,2011.0,B01,138Â 206Â 452,1.0,8.0,-1.0,1726485,2.0,7,,0.0,2.0,3.0,B01,138Â 206Â 452,1.0
1011430,201900052961,6,15,20:05,1,2,1,1.0,1.0,17306,QUEBEC (AVENUE),M,"45,6300900"," -1,0149900",17,2019,30.0,1.0,1.0,4.0,2261798,4.0,2,4,1,5.0,,-1.0, -1,2011.0,B01,138Â 206Â 452,1.0,8.0,-1.0,1726486,1.0,7,,0.0,2.0,3.0,A01,138Â 206Â 453,1.0
1011430,201900052961,6,15,20:05,1,2,1,1.0,1.0,17306,QUEBEC (AVENUE),M,"45,6300900"," -1,0149900",17,2019,30.0,1.0,1.0,4.0,2261799,5.0,2,1,1,5.0,,-1.0, -1,2015.0,B01,138Â 206Â 452,1.0,8.0,-1.0,1726485,2.0,7,,0.0,2.0,3.0,B01,138Â 206Â 452,1.0
1011430,201900052961,6,15,20:05,1,2,1,1.0,1.0,17306,QUEBEC (AVENUE),M,"45,6300900"," -1,0149900",17,2019,30.0,1.0,1.0,4.0,2261799,5.0,2,1,1,5.0,,-1.0, -1,2015.0,B01,138Â 206Â 452,1.0,8.0,-1.0,1726486,1.0,7,,0.0,2.0,3.0,A01,138Â 206Â 453,1.0
1011430,201900052961,6,15,20:05,1,2,1,1.0,1.0,17306,QUEBEC (AVENUE),M,"45,6300900"," -1,0149900",17,2019,30.0,1.0,1.0,4.0,2261800,1.0,1,1,2,1.0,,-1.0, -1,1996.0,A01,138Â 206Â 453,1.0,8.0,-1.0,1726485,2.0,7,,0.0,2.0,3.0,B01,138Â 206Â 452,1.0
1011430,201900052961,6,15,20:05,1,2,1,1.0,1.0,17306,QUEBEC (AVENUE),M,"45,6300900"," -1,0149900",17,2019,30.0,1.0,1.0,4.0,2261800,1.0,1,1,2,1.0,,-1.0, -1,1996.0,A01,138Â 206Â 453,1.0,8.0,-1.0,1726486,1.0,7,,0.0,2.0,3.0,A01,138Â 206Â 453,1.0
1011431,201900052962,6,10,20:30,1,2,6,1.0,3.0,17306,HEDDE (AVENUE DANIEL),M,"45,6365420"," -1,0286620",17,2019,50.0,1.0,2.0,4.0,2261801,1.0,1,1,2,0.0,,-1.0, -1,1961.0,B01,138Â 206Â 450,1.0,0.0,-1.0,1726487,3.0,7,,0.0,2.0,2.0,B01,138Â 206Â 450,1.0
1011431,201900052962,6,10,20:30,1,2,6,1.0,3.0,17306,HEDDE (AVENUE DANIEL),M,"45,6365420"," -1,0286620",17,2019,50.0,1.0,2.0,4.0,2261801,1.0,1,1,2,0.0,,-1.0, -1,1961.0,B01,138Â 206Â 450,1.0,0.0,-1.0,1726488,3.0,2,,0.0,2.0,7.0,A01,138Â 206Â 451,1.0