Unnamed: 0_x,num_acc,mois,jour,hrmn,lum,agg,int,atm,col,com,adr,gps,lat,long,dep,annee,vma,situ,surf,catr,Unnamed: 0_y,place,catu,grav,sexe,trajet,secu,locp,actp,an_nais,num_veh_x,id_vehicule_x,secu1,secu2,secu3,Unnamed: 0,senc,catv,occutc,obs,obsm,choc,num_veh_y,id_vehicule_y,motor
1011431,201900052962,6,10,20:30,1,2,6,1.0,3.0,17306,HEDDE (AVENUE DANIEL),M,"45,6365420"," -1,0286620",17,2019,50.0,1.0,2.0,4.0,2261802,1.0,1,4,1,0.0,,-1.0, -1,1999.0,A01,138Â 206Â 451,2.0,8.0,-1.0,1726487,3.0,7,,0.0,2.0,2.0,B01,138Â 206Â 450,1.0
1011431,201900052962,6,10,20:30,1,2,6,1.0,3.0,17306,HEDDE (AVENUE DANIEL),M,"45,6365420"," -1,0286620",17,2019,50.0,1.0,2.0,4.0,2261802,1.0,1,4,1,0.0,,-1.0, -1,1999.0,A01,138Â 206Â 451,2.0,8.0,-1.0,1726488,3.0,2,,0.0,2.0,7.0,A01,138Â 206Â 451,1.0
1011432,201900052963,6,9,06:00,5,2,1,3.0,3.0,17380,GANIPOTE (AVENUE DE LA),M,"45,6522900"," -1,0893000",17,2019,50.0,1.0,2.0,4.0,2261803,2.0,2,1,1,5.0,,0.0, -1,1998.0,B01,138Â 206Â 448,1.0,8.0,-1.0,1726489,1.0,7,,0.0,2.0,2.0,B01,138Â 206Â 448,1.0
1011432,201900052963,6,9,06:00,5,2,1,3.0,3.0,17380,GANIPOTE (AVENUE DE LA),M,"45,6522900"," -1,0893000",17,2019,50.0,1.0,2.0,4.0,2261803,2.0,2,1,1,5.0,,0.0, -1,1998.0,B01,138Â 206Â 448,1.0,8.0,-1.0,1726490,1.0,7,,0.0,2.0,2.0,A01,138Â 206Â 449,1.0
1011432,201900052963,6,9,06:00,5,2,1,3.0,3.0,17380,GANIPOTE (AVENUE DE LA),M,"45,6522900"," -1,0893000",17,2019,50.0,1.0,2.0,4.0,2261804,1.0,1,1,1,5.0,,0.0, -1,2000.0,B01,138Â 206Â 448,1.0,8.0,-1.0,1726489,1.0,7,,0.0,2.0,2.0,B01,138Â 206Â 448,1.0
1011432,201900052963,6,9,06:00,5,2,1,3.0,3.0,17380,GANIPOTE (AVENUE DE LA),M,"45,6522900"," -1,0893000",17,2019,50.0,1.0,2.0,4.0,2261804,1.0,1,1,1,5.0,,0.0, -1,2000.0,B01,138Â 206Â 448,1.0,8.0,-1.0,1726490,1.0,7,,0.0,2.0,2.0,A01,138Â 206Â 449,1.0
1011432,201900052963,6,9,06:00,5,2,1,3.0,3.0,17380,GANIPOTE (AVENUE DE LA),M,"45,6522900"," -1,0893000",17,2019,50.0,1.0,2.0,4.0,2261805,4.0,2,1,1,5.0,,0.0, -1,1998.0,B01,138Â 206Â 448,1.0,8.0,-1.0,1726489,1.0,7,,0.0,2.0,2.0,B01,138Â 206Â 448,1.0
1011432,201900052963,6,9,06:00,5,2,1,3.0,3.0,17380,GANIPOTE (AVENUE DE LA),M,"45,6522900"," -1,0893000",17,2019,50.0,1.0,2.0,4.0,2261805,4.0,2,1,1,5.0,,0.0, -1,1998.0,B01,138Â 206Â 448,1.0,8.0,-1.0,1726490,1.0,7,,0.0,2.0,2.0,A01,138Â 206Â 449,1.0
1011432,201900052963,6,9,06:00,5,2,1,3.0,3.0,17380,GANIPOTE (AVENUE DE LA),M,"45,6522900"," -1,0893000",17,2019,50.0,1.0,2.0,4.0,2261806,3.0,2,1,1,5.0,,0.0, -1,1997.0,B01,138Â 206Â 448,1.0,8.0,-1.0,1726489,1.0,7,,0.0,2.0,2.0,B01,138Â 206Â 448,1.0
1011432,201900052963,6,9,06:00,5,2,1,3.0,3.0,17380,GANIPOTE (AVENUE DE LA),M,"45,6522900"," -1,0893000",17,2019,50.0,1.0,2.0,4.0,2261806,3.0,2,1,1,5.0,,0.0, -1,1997.0,B01,138Â 206Â 448,1.0,8.0,-1.0,1726490,1.0,7,,0.0,2.0,2.0,A01,138Â 206Â 449,1.0
1011432,201900052963,6,9,06:00,5,2,1,3.0,3.0,17380,GANIPOTE (AVENUE DE LA),M,"45,6522900"," -1,0893000",17,2019,50.0,1.0,2.0,4.0,2261807,1.0,1,4,1,5.0,,0.0, -1,1995.0,A01,138Â 206Â 449,1.0,8.0,-1.0,1726489,1.0,7,,0.0,2.0,2.0,B01,138Â 206Â 448,1.0
1011432,201900052963,6,9,06:00,5,2,1,3.0,3.0,17380,GANIPOTE (AVENUE DE LA),M,"45,6522900"," -1,0893000",17,2019,50.0,1.0,2.0,4.0,2261807,1.0,1,4,1,5.0,,0.0, -1,1995.0,A01,138Â 206Â 449,1.0,8.0,-1.0,1726490,1.0,7,,0.0,2.0,2.0,A01,138Â 206Â 449,1.0
1011433,201900052964,5,31,17:05,1,2,3,1.0,3.0,17333,DE LATTRE DE TASSIGNY (BD),M,"45,6072100"," -1,0068840",17,2019,50.0,1.0,1.0,4.0,2261808,1.0,1,4,1,5.0,,-1.0, -1,1987.0,B01,138Â 206Â 446,8.0,0.0,-1.0,1726491,1.0,1,,0.0,2.0,1.0,B01,138Â 206Â 446,5.0
1011433,201900052964,5,31,17:05,1,2,3,1.0,3.0,17333,DE LATTRE DE TASSIGNY (BD),M,"45,6072100"," -1,0068840",17,2019,50.0,1.0,1.0,4.0,2261808,1.0,1,4,1,5.0,,-1.0, -1,1987.0,B01,138Â 206Â 446,8.0,0.0,-1.0,1726492,2.0,7,,0.0,2.0,2.0,A01,138Â 206Â 447,1.0
1011433,201900052964,5,31,17:05,1,2,3,1.0,3.0,17333,DE LATTRE DE TASSIGNY (BD),M,"45,6072100"," -1,0068840",17,2019,50.0,1.0,1.0,4.0,2261809,1.0,1,1,1,5.0,,-1.0, -1,1945.0,A01,138Â 206Â 447,1.0,0.0,-1.0,1726491,1.0,1,,0.0,2.0,1.0,B01,138Â 206Â 446,5.0
1011433,201900052964,5,31,17:05,1,2,3,1.0,3.0,17333,DE LATTRE DE TASSIGNY (BD),M,"45,6072100"," -1,0068840",17,2019,50.0,1.0,1.0,4.0,2261809,1.0,1,1,1,5.0,,-1.0, -1,1945.0,A01,138Â 206Â 447,1.0,0.0,-1.0,1726492,2.0,7,,0.0,2.0,2.0,A01,138Â 206Â 447,1.0
1011434,201900052965,6,1,08:00,1,1,1,1.0,6.0,17461,TREMBLADE ( ROUTE DE LA),M,"45,6523700"," -1,0510500",17,2019,90.0,1.0,1.0,3.0,2261810,1.0,1,3,2,0.0,,0.0, -1,1999.0,A01,138Â 206Â 445,1.0,0.0,-1.0,1726493,1.0,7,,3.0,0.0,1.0,A01,138Â 206Â 445,1.0
1011435,201900052966,6,17,09:20,1,2,9,1.0,2.0,17300,SARTRE   AVENUE JEAN-PAUL,M,"46,1550700"," -1,1357200",17,2019,50.0,1.0,1.0,4.0,2261811,1.0,1,4,2,1.0,,-1.0, -1,1994.0,B01,138Â 206Â 443,1.0,0.0,-1.0,1726494,3.0,7,,0.0,2.0,4.0,B01,138Â 206Â 443,1.0
1011435,201900052966,6,17,09:20,1,2,9,1.0,2.0,17300,SARTRE   AVENUE JEAN-PAUL,M,"46,1550700"," -1,1357200",17,2019,50.0,1.0,1.0,4.0,2261811,1.0,1,4,2,1.0,,-1.0, -1,1994.0,B01,138Â 206Â 443,1.0,0.0,-1.0,1726495,3.0,7,,0.0,2.0,1.0,A01,138Â 206Â 444,1.0
1011435,201900052966,6,17,09:20,1,2,9,1.0,2.0,17300,SARTRE   AVENUE JEAN-PAUL,M,"46,1550700"," -1,1357200",17,2019,50.0,1.0,1.0,4.0,2261812,2.0,2,4,2,1.0,,-1.0, -1,2000.0,B01,138Â 206Â 443,1.0,0.0,-1.0,1726494,3.0,7,,0.0,2.0,4.0,B01,138Â 206Â 443,1.0
1011435,201900052966,6,17,09:20,1,2,9,1.0,2.0,17300,SARTRE   AVENUE JEAN-PAUL,M,"46,1550700"," -1,1357200",17,2019,50.0,1.0,1.0,4.0,2261812,2.0,2,4,2,1.0,,-1.0, -1,2000.0,B01,138Â 206Â 443,1.0,0.0,-1.0,1726495,3.0,7,,0.0,2.0,1.0,A01,138Â 206Â 444,1.0
1011435,201900052966,6,17,09:20,1,2,9,1.0,2.0,17300,SARTRE   AVENUE JEAN-PAUL,M,"46,1550700"," -1,1357200",17,2019,50.0,1.0,1.0,4.0,2261813,1.0,1,1,2,1.0,,-1.0, -1,1999.0,A01,138Â 206Â 444,1.0,5.0,-1.0,1726494,3.0,7,,0.0,2.0,4.0,B01,138Â 206Â 443,1.0
1011435,201900052966,6,17,09:20,1,2,9,1.0,2.0,17300,SARTRE   AVENUE JEAN-PAUL,M,"46,1550700"," -1,1357200",17,2019,50.0,1.0,1.0,4.0,2261813,1.0,1,1,2,1.0,,-1.0, -1,1999.0,A01,138Â 206Â 444,1.0,5.0,-1.0,1726495,3.0,7,,0.0,2.0,1.0,A01,138Â 206Â 444,1.0
1011436,201900052967,6,16,18:55,1,2,2,1.0,1.0,17300,DURAND  QUAI LOUIS,M,"46,1581000"," -1,1450100",17,2019,30.0,1.0,1.0,4.0,2261814,1.0,1,1,2,5.0,,-1.0, -1,1999.0,A01,138Â 206Â 441,1.0,0.0,-1.0,1726496,1.0,7,,0.0,2.0,2.0,A01,138Â 206Â 441,1.0
1011436,201900052967,6,16,18:55,1,2,2,1.0,1.0,17300,DURAND  QUAI LOUIS,M,"46,1581000"," -1,1450100",17,2019,30.0,1.0,1.0,4.0,2261814,1.0,1,1,2,5.0,,-1.0, -1,1999.0,A01,138Â 206Â 441,1.0,0.0,-1.0,1726497,2.0,33,,0.0,2.0,1.0,B01,138Â 206Â 442,0.0
1011436,201900052967,6,16,18:55,1,2,2,1.0,1.0,17300,DURAND  QUAI LOUIS,M,"46,1581000"," -1,1450100",17,2019,30.0,1.0,1.0,4.0,2261815,1.0,1,3,1,5.0,,-1.0, -1,1979.0,B01,138Â 206Â 442,2.0,0.0,-1.0,1726496,1.0,7,,0.0,2.0,2.0,A01,138Â 206Â 441,1.0
1011436,201900052967,6,16,18:55,1,2,2,1.0,1.0,17300,DURAND  QUAI LOUIS,M,"46,1581000"," -1,1450100",17,2019,30.0,1.0,1.0,4.0,2261815,1.0,1,3,1,5.0,,-1.0, -1,1979.0,B01,138Â 206Â 442,2.0,0.0,-1.0,1726497,2.0,33,,0.0,2.0,1.0,B01,138Â 206Â 442,0.0
1011437,201900052968,6,15,20:45,1,2,2,1.0,3.0,17300,FETILLY   AVENUE DE,M,"46,1720000"," -1,1545600",17,2019,30.0,1.0,1.0,4.0,2261816,3.0,2,1,2,5.0,,-1.0, -1,1992.0,A01,138Â 206Â 439,1.0,0.0,-1.0,1726498,2.0,7,,0.0,2.0,7.0,A01,138Â 206Â 439,1.0
1011437,201900052968,6,15,20:45,1,2,2,1.0,3.0,17300,FETILLY   AVENUE DE,M,"46,1720000"," -1,1545600",17,2019,30.0,1.0,1.0,4.0,2261816,3.0,2,1,2,5.0,,-1.0, -1,1992.0,A01,138Â 206Â 439,1.0,0.0,-1.0,1726499,1.0,7,,0.0,2.0,1.0,B01,138Â 206Â 440,1.0
1011437,201900052968,6,15,20:45,1,2,2,1.0,3.0,17300,FETILLY   AVENUE DE,M,"46,1720000"," -1,1545600",17,2019,30.0,1.0,1.0,4.0,2261817,1.0,1,4,1,5.0,,-1.0, -1,1991.0,A01,138Â 206Â 439,1.0,0.0,-1.0,1726498,2.0,7,,0.0,2.0,7.0,A01,138Â 206Â 439,1.0
1011437,201900052968,6,15,20:45,1,2,2,1.0,3.0,17300,FETILLY   AVENUE DE,M,"46,1720000"," -1,1545600",17,2019,30.0,1.0,1.0,4.0,2261817,1.0,1,4,1,5.0,,-1.0, -1,1991.0,A01,138Â 206Â 439,1.0,0.0,-1.0,1726499,1.0,7,,0.0,2.0,1.0,B01,138Â 206Â 440,1.0
1011437,201900052968,6,15,20:45,1,2,2,1.0,3.0,17300,FETILLY   AVENUE DE,M,"46,1720000"," -1,1545600",17,2019,30.0,1.0,1.0,4.0,2261818,2.0,2,1,1,5.0,,-1.0, -1,1992.0,A01,138Â 206Â 439,1.0,0.0,-1.0,1726498,2.0,7,,0.0,2.0,7.0,A01,138Â 206Â 439,1.0
1011437,201900052968,6,15,20:45,1,2,2,1.0,3.0,17300,FETILLY   AVENUE DE,M,"46,1720000"," -1,1545600",17,2019,30.0,1.0,1.0,4.0,2261818,2.0,2,1,1,5.0,,-1.0, -1,1992.0,A01,138Â 206Â 439,1.0,0.0,-1.0,1726499,1.0,7,,0.0,2.0,1.0,B01,138Â 206Â 440,1.0
1011437,201900052968,6,15,20:45,1,2,2,1.0,3.0,17300,FETILLY   AVENUE DE,M,"46,1720000"," -1,1545600",17,2019,30.0,1.0,1.0,4.0,2261819,4.0,2,1,1,5.0,,-1.0, -1,1993.0,A01,138Â 206Â 439,1.0,0.0,-1.0,1726498,2.0,7,,0.0,2.0,7.0,A01,138Â 206Â 439,1.0
1011437,201900052968,6,15,20:45,1,2,2,1.0,3.0,17300,FETILLY   AVENUE DE,M,"46,1720000"," -1,1545600",17,2019,30.0,1.0,1.0,4.0,2261819,4.0,2,1,1,5.0,,-1.0, -1,1993.0,A01,138Â 206Â 439,1.0,0.0,-1.0,1726499,1.0,7,,0.0,2.0,1.0,B01,138Â 206Â 440,1.0
1011437,201900052968,6,15,20:45,1,2,2,1.0,3.0,17300,FETILLY   AVENUE DE,M,"46,1720000"," -1,1545600",17,2019,30.0,1.0,1.0,4.0,2261820,1.0,1,1,1,1.0,,-1.0, -1,1973.0,B01,138Â 206Â 440,1.0,8.0,-1.0,1726498,2.0,7,,0.0,2.0,7.0,A01,138Â 206Â 439,1.0
1011437,201900052968,6,15,20:45,1,2,2,1.0,3.0,17300,FETILLY   AVENUE DE,M,"46,1720000"," -1,1545600",17,2019,30.0,1.0,1.0,4.0,2261820,1.0,1,1,1,1.0,,-1.0, -1,1973.0,B01,138Â 206Â 440,1.0,8.0,-1.0,1726499,1.0,7,,0.0,2.0,1.0,B01,138Â 206Â 440,1.0
1011438,201900052969,6,14,18:25,1,1,1,1.0,2.0,17200,03 PK RN237 RE MOULIN JUSTICE,M,"46,1803900"," -1,1492000",17,2019,90.0,1.0,1.0,2.0,2261821,1.0,1,4,1,1.0,,-1.0, -1,1997.0,B01,138Â 206Â 437,2.0,0.0,-1.0,1726500,2.0,33,,0.0,2.0,1.0,B01,138Â 206Â 437,1.0
1011438,201900052969,6,14,18:25,1,1,1,1.0,2.0,17200,03 PK RN237 RE MOULIN JUSTICE,M,"46,1803900"," -1,1492000",17,2019,90.0,1.0,1.0,2.0,2261821,1.0,1,4,1,1.0,,-1.0, -1,1997.0,B01,138Â 206Â 437,2.0,0.0,-1.0,1726501,2.0,7,,0.0,2.0,6.0,A01,138Â 206Â 438,1.0
1011438,201900052969,6,14,18:25,1,1,1,1.0,2.0,17200,03 PK RN237 RE MOULIN JUSTICE,M,"46,1803900"," -1,1492000",17,2019,90.0,1.0,1.0,2.0,2261822,1.0,1,1,1,5.0,,-1.0, -1,1946.0,A01,138Â 206Â 438,1.0,0.0,-1.0,1726500,2.0,33,,0.0,2.0,1.0,B01,138Â 206Â 437,1.0
1011438,201900052969,6,14,18:25,1,1,1,1.0,2.0,17200,03 PK RN237 RE MOULIN JUSTICE,M,"46,1803900"," -1,1492000",17,2019,90.0,1.0,1.0,2.0,2261822,1.0,1,1,1,5.0,,-1.0, -1,1946.0,A01,138Â 206Â 438,1.0,0.0,-1.0,1726501,2.0,7,,0.0,2.0,6.0,A01,138Â 206Â 438,1.0
1011439,201900052970,6,14,07:50,1,1,1,1.0,3.0,17300,DAHOMEY   RUE DU,M,"46,1608000"," -1,2317700",17,2019,50.0,1.0,1.0,5.0,2261823,1.0,1,1,1,4.0,,-1.0, -1,1965.0,B01,138Â 206Â 435,1.0,4.0,-1.0,1726502,3.0,17,,0.0,2.0,8.0,B01,138Â 206Â 435,1.0
1011439,201900052970,6,14,07:50,1,1,1,1.0,3.0,17300,DAHOMEY   RUE DU,M,"46,1608000"," -1,2317700",17,2019,50.0,1.0,1.0,5.0,2261823,1.0,1,1,1,4.0,,-1.0, -1,1965.0,B01,138Â 206Â 435,1.0,4.0,-1.0,1726503,3.0,17,,0.0,2.0,7.0,A01,138Â 206Â 436,1.0
1011439,201900052970,6,14,07:50,1,1,1,1.0,3.0,17300,DAHOMEY   RUE DU,M,"46,1608000"," -1,2317700",17,2019,50.0,1.0,1.0,5.0,2261824,1.0,1,4,1,4.0,,-1.0, -1,1995.0,A01,138Â 206Â 436,1.0,0.0,-1.0,1726502,3.0,17,,0.0,2.0,8.0,B01,138Â 206Â 435,1.0
1011439,201900052970,6,14,07:50,1,1,1,1.0,3.0,17300,DAHOMEY   RUE DU,M,"46,1608000"," -1,2317700",17,2019,50.0,1.0,1.0,5.0,2261824,1.0,1,4,1,4.0,,-1.0, -1,1995.0,A01,138Â 206Â 436,1.0,0.0,-1.0,1726503,3.0,17,,0.0,2.0,7.0,A01,138Â 206Â 436,1.0
1011440,201900052971,6,13,00:48,3,2,6,1.0,6.0,17300,GUITON   AVENUE JEAN (9-165 et 4),M,"46,1605900"," -1,1711000",17,2019,50.0,1.0,1.0,4.0,2261825,2.0,2,4,1,0.0,,-1.0, -1,1995.0,A01,138Â 206Â 434,8.0,0.0,-1.0,1726504,1.0,7,,12.0,0.0,1.0,A01,138Â 206Â 434,1.0
1011440,201900052971,6,13,00:48,3,2,6,1.0,6.0,17300,GUITON   AVENUE JEAN (9-165 et 4),M,"46,1605900"," -1,1711000",17,2019,50.0,1.0,1.0,4.0,2261826,1.0,1,4,2,5.0,,-1.0, -1,2000.0,A01,138Â 206Â 434,1.0,0.0,-1.0,1726504,1.0,7,,12.0,0.0,1.0,A01,138Â 206Â 434,1.0
1011441,201900052972,6,11,14:45,1,2,1,2.0,2.0,17300,DENFERT-ROCHEREAU   AVENUE (59),M,"46,1647500"," -1,1962500",17,2019,50.0,1.0,2.0,4.0,2261827,1.0,1,4,2,1.0,,-1.0, -1,1975.0,B01,138Â 206Â 432,1.0,0.0,-1.0,1726505,2.0,7,,0.0,2.0,4.0,B01,138Â 206Â 432,1.0
1011441,201900052972,6,11,14:45,1,2,1,2.0,2.0,17300,DENFERT-ROCHEREAU   AVENUE (59),M,"46,1647500"," -1,1962500",17,2019,50.0,1.0,2.0,4.0,2261827,1.0,1,4,2,1.0,,-1.0, -1,1975.0,B01,138Â 206Â 432,1.0,0.0,-1.0,1726506,2.0,30,,0.0,2.0,1.0,A01,138Â 206Â 433,1.0
1011441,201900052972,6,11,14:45,1,2,1,2.0,2.0,17300,DENFERT-ROCHEREAU   AVENUE (59),M,"46,1647500"," -1,1962500",17,2019,50.0,1.0,2.0,4.0,2261828,1.0,1,4,1,5.0,,-1.0, -1,2002.0,A01,138Â 206Â 433,2.0,6.0,-1.0,1726505,2.0,7,,0.0,2.0,4.0,B01,138Â 206Â 432,1.0
1011441,201900052972,6,11,14:45,1,2,1,2.0,2.0,17300,DENFERT-ROCHEREAU   AVENUE (59),M,"46,1647500"," -1,1962500",17,2019,50.0,1.0,2.0,4.0,2261828,1.0,1,4,1,5.0,,-1.0, -1,2002.0,A01,138Â 206Â 433,2.0,6.0,-1.0,1726506,2.0,30,,0.0,2.0,1.0,A01,138Â 206Â 433,1.0
1011442,201900052973,6,8,17:40,1,2,3,1.0,3.0,17028,GRASSET   AVENUE EDMOND,M,"46,1322000"," -1,1101100",17,2019,50.0,1.0,1.0,4.0,2261829,1.0,1,4,1,5.0,,-1.0, -1,2002.0,A01,138Â 206Â 430,2.0,6.0,-1.0,1726507,1.0,2,,0.0,2.0,1.0,A01,138Â 206Â 430,1.0
1011442,201900052973,6,8,17:40,1,2,3,1.0,3.0,17028,GRASSET   AVENUE EDMOND,M,"46,1322000"," -1,1101100",17,2019,50.0,1.0,1.0,4.0,2261829,1.0,1,4,1,5.0,,-1.0, -1,2002.0,A01,138Â 206Â 430,2.0,6.0,-1.0,1726508,2.0,7,,0.0,2.0,3.0,B01,138Â 206Â 431,1.0
1011442,201900052973,6,8,17:40,1,2,3,1.0,3.0,17028,GRASSET   AVENUE EDMOND,M,"46,1322000"," -1,1101100",17,2019,50.0,1.0,1.0,4.0,2261830,1.0,1,1,1,5.0,,-1.0, -1,1952.0,B01,138Â 206Â 431,1.0,8.0,-1.0,1726507,1.0,2,,0.0,2.0,1.0,A01,138Â 206Â 430,1.0
1011442,201900052973,6,8,17:40,1,2,3,1.0,3.0,17028,GRASSET   AVENUE EDMOND,M,"46,1322000"," -1,1101100",17,2019,50.0,1.0,1.0,4.0,2261830,1.0,1,1,1,5.0,,-1.0, -1,1952.0,B01,138Â 206Â 431,1.0,8.0,-1.0,1726508,2.0,7,,0.0,2.0,3.0,B01,138Â 206Â 431,1.0
1011443,201900052974,6,7,14:38,1,2,2,1.0,2.0,17300,JOFFRES,M,"46,1578700"," -1,1423200",17,2019,50.0,1.0,2.0,4.0,2261831,1.0,1,1,2,5.0,,-1.0,0,1979.0,A01,138Â 206Â 428,1.0,0.0,-1.0,1726509,1.0,10,,0.0,2.0,5.0,A01,138Â 206Â 428,1.0
1011443,201900052974,6,7,14:38,1,2,2,1.0,2.0,17300,JOFFRES,M,"46,1578700"," -1,1423200",17,2019,50.0,1.0,2.0,4.0,2261831,1.0,1,1,2,5.0,,-1.0,0,1979.0,A01,138Â 206Â 428,1.0,0.0,-1.0,1726510,1.0,33,,0.0,2.0,1.0,B01,138Â 206Â 429,1.0
1011443,201900052974,6,7,14:38,1,2,2,1.0,2.0,17300,JOFFRES,M,"46,1578700"," -1,1423200",17,2019,50.0,1.0,2.0,4.0,2261832,1.0,1,4,1,5.0,,-1.0,0,1973.0,B01,138Â 206Â 429,2.0,6.0,-1.0,1726509,1.0,10,,0.0,2.0,5.0,A01,138Â 206Â 428,1.0
1011443,201900052974,6,7,14:38,1,2,2,1.0,2.0,17300,JOFFRES,M,"46,1578700"," -1,1423200",17,2019,50.0,1.0,2.0,4.0,2261832,1.0,1,4,1,5.0,,-1.0,0,1973.0,B01,138Â 206Â 429,2.0,6.0,-1.0,1726510,1.0,33,,0.0,2.0,1.0,B01,138Â 206Â 429,1.0
1011444,201900052975,6,4,19:00,1,1,1,1.0,3.0,17300,NORMANDIN   RUE EMILE,M,"46,1471780"," -1,1432610",17,2019,50.0,1.0,1.0,4.0,2261833,1.0,1,4,1,5.0,,-1.0, -1,1993.0,Z01,138Â 206Â 426,8.0,0.0,-1.0,1726511,1.0,1,,0.0,2.0,7.0,Z01,138Â 206Â 426,5.0
1011444,201900052975,6,4,19:00,1,1,1,1.0,3.0,17300,NORMANDIN   RUE EMILE,M,"46,1471780"," -1,1432610",17,2019,50.0,1.0,1.0,4.0,2261833,1.0,1,4,1,5.0,,-1.0, -1,1993.0,Z01,138Â 206Â 426,8.0,0.0,-1.0,1726512,1.0,7,,0.0,2.0,8.0,A01,138Â 206Â 427,1.0
1011444,201900052975,6,4,19:00,1,1,1,1.0,3.0,17300,NORMANDIN   RUE EMILE,M,"46,1471780"," -1,1432610",17,2019,50.0,1.0,1.0,4.0,2261834,1.0,1,1,2,1.0,,-1.0, -1,1968.0,A01,138Â 206Â 427,1.0,8.0,-1.0,1726511,1.0,1,,0.0,2.0,7.0,Z01,138Â 206Â 426,5.0
1011444,201900052975,6,4,19:00,1,1,1,1.0,3.0,17300,NORMANDIN   RUE EMILE,M,"46,1471780"," -1,1432610",17,2019,50.0,1.0,1.0,4.0,2261834,1.0,1,1,2,1.0,,-1.0, -1,1968.0,A01,138Â 206Â 427,1.0,8.0,-1.0,1726512,1.0,7,,0.0,2.0,8.0,A01,138Â 206Â 427,1.0
1011445,201900052976,6,3,09:25,1,2,6,2.0,3.0,17300,REPUBLIQUE   AVENUE DE LA,M,"46,1399389"," -1,1450089",17,2019,50.0,1.0,2.0,4.0,2261835,1.0,1,1,2,9.0,,-1.0, -1,1972.0,B01,138Â 206Â 424,1.0,0.0,-1.0,1726513,1.0,10,,0.0,2.0,4.0,B01,138Â 206Â 424,1.0
1011445,201900052976,6,3,09:25,1,2,6,2.0,3.0,17300,REPUBLIQUE   AVENUE DE LA,M,"46,1399389"," -1,1450089",17,2019,50.0,1.0,2.0,4.0,2261835,1.0,1,1,2,9.0,,-1.0, -1,1972.0,B01,138Â 206Â 424,1.0,0.0,-1.0,1726514,1.0,1,,0.0,2.0,2.0,A01,138Â 206Â 425,5.0
1011445,201900052976,6,3,09:25,1,2,6,2.0,3.0,17300,REPUBLIQUE   AVENUE DE LA,M,"46,1399389"," -1,1450089",17,2019,50.0,1.0,2.0,4.0,2261836,1.0,1,4,2,1.0,,-1.0, -1,1988.0,A01,138Â 206Â 425,8.0,0.0,-1.0,1726513,1.0,10,,0.0,2.0,4.0,B01,138Â 206Â 424,1.0
1011445,201900052976,6,3,09:25,1,2,6,2.0,3.0,17300,REPUBLIQUE   AVENUE DE LA,M,"46,1399389"," -1,1450089",17,2019,50.0,1.0,2.0,4.0,2261836,1.0,1,4,2,1.0,,-1.0, -1,1988.0,A01,138Â 206Â 425,8.0,0.0,-1.0,1726514,1.0,1,,0.0,2.0,2.0,A01,138Â 206Â 425,5.0
1011446,201900052977,6,2,15:19,1,2,1,1.0,3.0,17274,LUMIERE   AVENUE LOUIS,M,"46,1574700"," -1,1005000",17,2019,30.0,1.0,1.0,6.0,2261837,1.0,1,4,2,5.0,,-1.0, -1,1949.0,B01,138Â 206Â 422,8.0,0.0,-1.0,1726515,1.0,7,,0.0,2.0,3.0,B01,138Â 206Â 422,1.0
1011446,201900052977,6,2,15:19,1,2,1,1.0,3.0,17274,LUMIERE   AVENUE LOUIS,M,"46,1574700"," -1,1005000",17,2019,30.0,1.0,1.0,6.0,2261837,1.0,1,4,2,5.0,,-1.0, -1,1949.0,B01,138Â 206Â 422,8.0,0.0,-1.0,1726516,3.0,7,,0.0,2.0,2.0,A01,138Â 206Â 423,1.0
1011446,201900052977,6,2,15:19,1,2,1,1.0,3.0,17274,LUMIERE   AVENUE LOUIS,M,"46,1574700"," -1,1005000",17,2019,30.0,1.0,1.0,6.0,2261838,1.0,1,1,2,5.0,,-1.0, -1,1980.0,A01,138Â 206Â 423,8.0,8.0,-1.0,1726515,1.0,7,,0.0,2.0,3.0,B01,138Â 206Â 422,1.0
1011446,201900052977,6,2,15:19,1,2,1,1.0,3.0,17274,LUMIERE   AVENUE LOUIS,M,"46,1574700"," -1,1005000",17,2019,30.0,1.0,1.0,6.0,2261838,1.0,1,1,2,5.0,,-1.0, -1,1980.0,A01,138Â 206Â 423,8.0,8.0,-1.0,1726516,3.0,7,,0.0,2.0,2.0,A01,138Â 206Â 423,1.0
1011447,201900052978,6,1,11:09,1,2,1,1.0,2.0,17200,NOUVEAU   RUE DU FIEF,M,"46,1862600"," -1,1525600",17,2019,30.0,1.0,1.0,4.0,2261839,1.0,1,1,1,4.0,,-1.0, -1,1967.0,B01,138Â 206Â 420,1.0,8.0,-1.0,1726517,1.0,13,,0.0,2.0,6.0,B01,138Â 206Â 420,1.0
1011447,201900052978,6,1,11:09,1,2,1,1.0,2.0,17200,NOUVEAU   RUE DU FIEF,M,"46,1862600"," -1,1525600",17,2019,30.0,1.0,1.0,4.0,2261839,1.0,1,1,1,4.0,,-1.0, -1,1967.0,B01,138Â 206Â 420,1.0,8.0,-1.0,1726518,1.0,7,,1.0,0.0,2.0,A01,138Â 206Â 421,1.0
1011447,201900052978,6,1,11:09,1,2,1,1.0,2.0,17200,NOUVEAU   RUE DU FIEF,M,"46,1862600"," -1,1525600",17,2019,30.0,1.0,1.0,4.0,2261840,1.0,1,4,1,5.0,,-1.0, -1,1963.0,A01,138Â 206Â 421,1.0,5.0,-1.0,1726517,1.0,13,,0.0,2.0,6.0,B01,138Â 206Â 420,1.0