Unnamed: 0_x,num_acc,mois,jour,hrmn,lum,agg,int,atm,col,com,adr,gps,lat,long,dep,annee,vma,situ,surf,catr,Unnamed: 0_y,place,catu,grav,sexe,trajet,secu,locp,actp,an_nais,num_veh_x,id_vehicule_x,secu1,secu2,secu3,Unnamed: 0,senc,catv,occutc,obs,obsm,choc,num_veh_y,id_vehicule_y,motor
1011447,201900052978,6,1,11:09,1,2,1,1.0,2.0,17200,NOUVEAU   RUE DU FIEF,M,"46,1862600"," -1,1525600",17,2019,30.0,1.0,1.0,4.0,2261840,1.0,1,4,1,5.0,,-1.0, -1,1963.0,A01,138Â 206Â 421,1.0,5.0,-1.0,1726518,1.0,7,,1.0,0.0,2.0,A01,138Â 206Â 421,1.0
1011448,201900052979,6,16,12:30,1,2,1,1.0,6.0,16102,Avenue Victor Hugo,M,"45,6905700"," -0,3214200",16,2019,50.0,1.0,1.0,4.0,2261841,10.0,3,4,2,5.0,,2.0,3,1994.0,A01,138Â 206Â 417,8.0,0.0,-1.0,1726519,1.0,7,,0.0,1.0,1.0,A01,138Â 206Â 417,1.0
1011448,201900052979,6,16,12:30,1,2,1,1.0,6.0,16102,Avenue Victor Hugo,M,"45,6905700"," -0,3214200",16,2019,50.0,1.0,1.0,4.0,2261842,1.0,1,1,2,5.0,,-1.0,0,1953.0,A01,138Â 206Â 417,1.0,8.0,-1.0,1726519,1.0,7,,0.0,1.0,1.0,A01,138Â 206Â 417,1.0
1011449,201900052980,6,7,23:15,3,1,1,1.0,6.0,16113,route de Saint Michel,M,"45,6371000","0,1014900",16,2019,70.0,1.0,2.0,3.0,2261843,1.0,1,2,1,5.0,,-1.0,0,1995.0,A01,138Â 206Â 413,1.0,0.0,-1.0,1726520,2.0,7,,8.0,0.0,3.0,A01,138Â 206Â 413,0.0
1011449,201900052980,6,7,23:15,3,1,1,1.0,6.0,16113,route de Saint Michel,M,"45,6371000","0,1014900",16,2019,70.0,1.0,2.0,3.0,2261844,2.0,2,4,1,5.0,,-1.0,0,1988.0,A01,138Â 206Â 413,1.0,0.0,-1.0,1726520,2.0,7,,8.0,0.0,3.0,A01,138Â 206Â 413,0.0
1011450,201900052981,6,8,19:30,1,2,2,1.0,3.0,16015,rue de Montbron,M,"45,6503700","0,1787500",16,2019,50.0,1.0,1.0,4.0,2261845,1.0,1,3,1,5.0,,-1.0,0,1995.0,A01,138Â 206Â 411,2.0,6.0,-1.0,1726521,1.0,31,,0.0,2.0,2.0,A01,138Â 206Â 411,1.0
1011450,201900052981,6,8,19:30,1,2,2,1.0,3.0,16015,rue de Montbron,M,"45,6503700","0,1787500",16,2019,50.0,1.0,1.0,4.0,2261845,1.0,1,3,1,5.0,,-1.0,0,1995.0,A01,138Â 206Â 411,2.0,6.0,-1.0,1726522,1.0,7,,0.0,2.0,8.0,B01,138Â 206Â 412,1.0
1011450,201900052981,6,8,19:30,1,2,2,1.0,3.0,16015,rue de Montbron,M,"45,6503700","0,1787500",16,2019,50.0,1.0,1.0,4.0,2261846,1.0,1,3,1,5.0,,-1.0,0,1953.0,B01,138Â 206Â 412,1.0,0.0,-1.0,1726521,1.0,31,,0.0,2.0,2.0,A01,138Â 206Â 411,1.0
1011450,201900052981,6,8,19:30,1,2,2,1.0,3.0,16015,rue de Montbron,M,"45,6503700","0,1787500",16,2019,50.0,1.0,1.0,4.0,2261846,1.0,1,3,1,5.0,,-1.0,0,1953.0,B01,138Â 206Â 412,1.0,0.0,-1.0,1726522,1.0,7,,0.0,2.0,8.0,B01,138Â 206Â 412,1.0
1011451,201900052982,6,3,08:45,1,2,3,1.0,1.0,16015,274 rue de Clerac a Sillac,M,"45,6440590","0,1464310",16,2019,50.0,1.0,1.0,4.0,2261847,1.0,1,4,2,5.0,,-1.0, -1,1979.0,C01,138Â 206Â 404,1.0,-1.0,-1.0,1726523,2.0,7,,0.0,2.0,3.0,C01,138Â 206Â 404,1.0
1011451,201900052982,6,3,08:45,1,2,3,1.0,1.0,16015,274 rue de Clerac a Sillac,M,"45,6440590","0,1464310",16,2019,50.0,1.0,1.0,4.0,2261847,1.0,1,4,2,5.0,,-1.0, -1,1979.0,C01,138Â 206Â 404,1.0,-1.0,-1.0,1726524,1.0,7,,0.0,2.0,3.0,D01,138Â 206Â 405,1.0
1011451,201900052982,6,3,08:45,1,2,3,1.0,1.0,16015,274 rue de Clerac a Sillac,M,"45,6440590","0,1464310",16,2019,50.0,1.0,1.0,4.0,2261848,3.0,2,4,2,5.0,,-1.0, -1,2015.0,C01,138Â 206Â 404,1.0,-1.0,-1.0,1726523,2.0,7,,0.0,2.0,3.0,C01,138Â 206Â 404,1.0
1011451,201900052982,6,3,08:45,1,2,3,1.0,1.0,16015,274 rue de Clerac a Sillac,M,"45,6440590","0,1464310",16,2019,50.0,1.0,1.0,4.0,2261848,3.0,2,4,2,5.0,,-1.0, -1,2015.0,C01,138Â 206Â 404,1.0,-1.0,-1.0,1726524,1.0,7,,0.0,2.0,3.0,D01,138Â 206Â 405,1.0
1011451,201900052982,6,3,08:45,1,2,3,1.0,1.0,16015,274 rue de Clerac a Sillac,M,"45,6440590","0,1464310",16,2019,50.0,1.0,1.0,4.0,2261849,1.0,1,4,2,4.0,,-1.0, -1,1991.0,D01,138Â 206Â 405,1.0,-1.0,-1.0,1726523,2.0,7,,0.0,2.0,3.0,C01,138Â 206Â 404,1.0
1011451,201900052982,6,3,08:45,1,2,3,1.0,1.0,16015,274 rue de Clerac a Sillac,M,"45,6440590","0,1464310",16,2019,50.0,1.0,1.0,4.0,2261849,1.0,1,4,2,4.0,,-1.0, -1,1991.0,D01,138Â 206Â 405,1.0,-1.0,-1.0,1726524,1.0,7,,0.0,2.0,3.0,D01,138Â 206Â 405,1.0
1011452,201900052983,6,14,08:25,1,2,1,1.0,6.0,15014,LESCUDILLIERS (BOULEVARD DE),M,"44,9148290","2,4311010",15,2019,50.0,1.0,1.0,3.0,2261850,1.0,1,1,1,5.0,,0.0,0,1933.0,A01,138Â 206Â 401,1.0,0.0,-1.0,1726525,2.0,7,,0.0,1.0,1.0,A01,138Â 206Â 401,1.0
1011452,201900052983,6,14,08:25,1,2,1,1.0,6.0,15014,LESCUDILLIERS (BOULEVARD DE),M,"44,9148290","2,4311010",15,2019,50.0,1.0,1.0,3.0,2261851,10.0,3,3,2,1.0,,3.0,3,1954.0,A01,138Â 206Â 401,8.0,0.0,-1.0,1726525,2.0,7,,0.0,1.0,1.0,A01,138Â 206Â 401,1.0
1011453,201900052984,6,8,17:45,1,2,1,1.0,1.0,14220,MARINE (QUAI DE LA ),M,"49,3617800","0,0797700",14,2019,50.0,1.0,1.0,4.0,2261852,1.0,1,4,1,5.0,,0.0,0,2007.0,B01,138Â 206Â 399,8.0,0.0,-1.0,1726526,1.0,1,,0.0,2.0,2.0,B01,138Â 206Â 399,5.0
1011453,201900052984,6,8,17:45,1,2,1,1.0,1.0,14220,MARINE (QUAI DE LA ),M,"49,3617800","0,0797700",14,2019,50.0,1.0,1.0,4.0,2261852,1.0,1,4,1,5.0,,0.0,0,2007.0,B01,138Â 206Â 399,8.0,0.0,-1.0,1726527,2.0,7,,0.0,2.0,2.0,A01,138Â 206Â 400,1.0
1011453,201900052984,6,8,17:45,1,2,1,1.0,1.0,14220,MARINE (QUAI DE LA ),M,"49,3617800","0,0797700",14,2019,50.0,1.0,1.0,4.0,2261853,1.0,1,1,2,0.0,,0.0,0,1953.0,A01,138Â 206Â 400,1.0,0.0,-1.0,1726526,1.0,1,,0.0,2.0,2.0,B01,138Â 206Â 399,5.0
1011453,201900052984,6,8,17:45,1,2,1,1.0,1.0,14220,MARINE (QUAI DE LA ),M,"49,3617800","0,0797700",14,2019,50.0,1.0,1.0,4.0,2261853,1.0,1,1,2,0.0,,0.0,0,1953.0,A01,138Â 206Â 400,1.0,0.0,-1.0,1726527,2.0,7,,0.0,2.0,2.0,A01,138Â 206Â 400,1.0
1011454,201900052985,6,14,17:55,1,2,4,1.0,3.0,14366,PETITS JARDINS (RUE DES),M,"49,1520902","0,2257756",14,2019,50.0,1.0,1.0,4.0,2261854,1.0,1,1,1,5.0,,0.0,0,2000.0,A01,138Â 206Â 397,1.0,0.0,-1.0,1726528,3.0,7,,0.0,2.0,6.0,A01,138Â 206Â 397,1.0
1011454,201900052985,6,14,17:55,1,2,4,1.0,3.0,14366,PETITS JARDINS (RUE DES),M,"49,1520902","0,2257756",14,2019,50.0,1.0,1.0,4.0,2261854,1.0,1,1,1,5.0,,0.0,0,2000.0,A01,138Â 206Â 397,1.0,0.0,-1.0,1726529,3.0,33,,0.0,2.0,1.0,B01,138Â 206Â 398,1.0
1011454,201900052985,6,14,17:55,1,2,4,1.0,3.0,14366,PETITS JARDINS (RUE DES),M,"49,1520902","0,2257756",14,2019,50.0,1.0,1.0,4.0,2261855,1.0,1,3,1,5.0,,0.0,0,1958.0,B01,138Â 206Â 398,2.0,6.0,-1.0,1726528,3.0,7,,0.0,2.0,6.0,A01,138Â 206Â 397,1.0
1011454,201900052985,6,14,17:55,1,2,4,1.0,3.0,14366,PETITS JARDINS (RUE DES),M,"49,1520902","0,2257756",14,2019,50.0,1.0,1.0,4.0,2261855,1.0,1,3,1,5.0,,0.0,0,1958.0,B01,138Â 206Â 398,2.0,6.0,-1.0,1726529,3.0,33,,0.0,2.0,1.0,B01,138Â 206Â 398,1.0
1011455,201900052986,6,7,21:40,1,2,1,6.0,7.0,14366,EUGENE BOUDIN (RUE),M,"49,1426100","0,2465000",14,2019,-1.0,1.0,1.0,4.0,2261856,1.0,1,4,1,-1.0,,-1.0, -1,2000.0,C01,138Â 206Â 396,2.0,6.0,-1.0,1726530,1.0,34,,14.0,0.0,1.0,C01,138Â 206Â 396,1.0
1011456,201900052987,6,16,04:59,2,2,9,1.0,6.0,14243,CD 62,M,"49,3978000","0,2110000",14,2019,30.0,1.0,1.0,3.0,2261857,1.0,1,1,2,5.0,,0.0,0,1981.0,A01,138Â 206Â 395,1.0,8.0,-1.0,1726531,1.0,7,,8.0,0.0,1.0,A01,138Â 206Â 395,1.0
1011456,201900052987,6,16,04:59,2,2,9,1.0,6.0,14243,CD 62,M,"49,3978000","0,2110000",14,2019,30.0,1.0,1.0,3.0,2261858,2.0,2,3,1,5.0,,-1.0,0,1970.0,A01,138Â 206Â 395,8.0,0.0,-1.0,1726531,1.0,7,,8.0,0.0,1.0,A01,138Â 206Â 395,1.0
1011457,201900052988,6,15,20:23,1,2,9,1.0,1.0,14333,CHAPDELAINE (RUE MARIA),M,"49,3980100","0,2487700",14,2019,-1.0,1.0,1.0,4.0,2261859,1.0,1,1,1,0.0,,0.0,0,1990.0,C01,138Â 206Â 393,0.0,-1.0,-1.0,1726532,1.0,99,,0.0,2.0,1.0,C01,138Â 206Â 393,1.0
1011457,201900052988,6,15,20:23,1,2,9,1.0,1.0,14333,CHAPDELAINE (RUE MARIA),M,"49,3980100","0,2487700",14,2019,-1.0,1.0,1.0,4.0,2261859,1.0,1,1,1,0.0,,0.0,0,1990.0,C01,138Â 206Â 393,0.0,-1.0,-1.0,1726533,1.0,99,,0.0,0.0,4.0,D01,138Â 206Â 394,-1.0
1011457,201900052988,6,15,20:23,1,2,9,1.0,1.0,14333,CHAPDELAINE (RUE MARIA),M,"49,3980100","0,2487700",14,2019,-1.0,1.0,1.0,4.0,2261860,1.0,1,4,1,0.0,,0.0,0,2005.0,D01,138Â 206Â 394,0.0,-1.0,-1.0,1726532,1.0,99,,0.0,2.0,1.0,C01,138Â 206Â 393,1.0
1011457,201900052988,6,15,20:23,1,2,9,1.0,1.0,14333,CHAPDELAINE (RUE MARIA),M,"49,3980100","0,2487700",14,2019,-1.0,1.0,1.0,4.0,2261860,1.0,1,4,1,0.0,,0.0,0,2005.0,D01,138Â 206Â 394,0.0,-1.0,-1.0,1726533,1.0,99,,0.0,0.0,4.0,D01,138Â 206Â 394,-1.0
1011458,201900052989,6,7,11:08,1,2,9,1.0,3.0,14243,CD 579,M,"49,2324000","0,1218000",14,2019,50.0,1.0,1.0,3.0,2261861,1.0,1,4,2,3.0,,0.0,0,1998.0,B01,138Â 206Â 391,1.0,0.0,-1.0,1726534,2.0,7,,14.0,2.0,2.0,B01,138Â 206Â 391,1.0
1011458,201900052989,6,7,11:08,1,2,9,1.0,3.0,14243,CD 579,M,"49,2324000","0,1218000",14,2019,50.0,1.0,1.0,3.0,2261861,1.0,1,4,2,3.0,,0.0,0,1998.0,B01,138Â 206Â 391,1.0,0.0,-1.0,1726535,1.0,7,,0.0,2.0,8.0,A01,138Â 206Â 392,1.0
1011458,201900052989,6,7,11:08,1,2,9,1.0,3.0,14243,CD 579,M,"49,2324000","0,1218000",14,2019,50.0,1.0,1.0,3.0,2261862,3.0,2,4,1,3.0,,0.0,0,2019.0,B01,138Â 206Â 391,3.0,8.0,-1.0,1726534,2.0,7,,14.0,2.0,2.0,B01,138Â 206Â 391,1.0
1011458,201900052989,6,7,11:08,1,2,9,1.0,3.0,14243,CD 579,M,"49,2324000","0,1218000",14,2019,50.0,1.0,1.0,3.0,2261862,3.0,2,4,1,3.0,,0.0,0,2019.0,B01,138Â 206Â 391,3.0,8.0,-1.0,1726535,1.0,7,,0.0,2.0,8.0,A01,138Â 206Â 392,1.0
1011458,201900052989,6,7,11:08,1,2,9,1.0,3.0,14243,CD 579,M,"49,2324000","0,1218000",14,2019,50.0,1.0,1.0,3.0,2261863,1.0,1,1,1,5.0,,-1.0, -1,1985.0,A01,138Â 206Â 392,1.0,8.0,-1.0,1726534,2.0,7,,14.0,2.0,2.0,B01,138Â 206Â 391,1.0
1011458,201900052989,6,7,11:08,1,2,9,1.0,3.0,14243,CD 579,M,"49,2324000","0,1218000",14,2019,50.0,1.0,1.0,3.0,2261863,1.0,1,1,1,5.0,,-1.0, -1,1985.0,A01,138Â 206Â 392,1.0,8.0,-1.0,1726535,1.0,7,,0.0,2.0,8.0,A01,138Â 206Â 392,1.0
1011459,201900052990,6,1,19:30,1,1,6,7.0,3.0,14536,ANGLAIS (ROND POINT DES),M,"49,4116200","0,2594500",14,2019,70.0,1.0,1.0,3.0,2261864,2.0,2,1,1,0.0,,0.0,0,1974.0,A01,138Â 206Â 389,1.0,0.0,-1.0,1726536,2.0,7,,0.0,2.0,3.0,A01,138Â 206Â 389,1.0
1011459,201900052990,6,1,19:30,1,1,6,7.0,3.0,14536,ANGLAIS (ROND POINT DES),M,"49,4116200","0,2594500",14,2019,70.0,1.0,1.0,3.0,2261864,2.0,2,1,1,0.0,,0.0,0,1974.0,A01,138Â 206Â 389,1.0,0.0,-1.0,1726537,2.0,1,,0.0,2.0,3.0,B01,138Â 206Â 390,0.0
1011459,201900052990,6,1,19:30,1,1,6,7.0,3.0,14536,ANGLAIS (ROND POINT DES),M,"49,4116200","0,2594500",14,2019,70.0,1.0,1.0,3.0,2261865,1.0,1,1,2,5.0,,0.0,0,1982.0,A01,138Â 206Â 389,1.0,0.0,-1.0,1726536,2.0,7,,0.0,2.0,3.0,A01,138Â 206Â 389,1.0
1011459,201900052990,6,1,19:30,1,1,6,7.0,3.0,14536,ANGLAIS (ROND POINT DES),M,"49,4116200","0,2594500",14,2019,70.0,1.0,1.0,3.0,2261865,1.0,1,1,2,5.0,,0.0,0,1982.0,A01,138Â 206Â 389,1.0,0.0,-1.0,1726537,2.0,1,,0.0,2.0,3.0,B01,138Â 206Â 390,0.0
1011459,201900052990,6,1,19:30,1,1,6,7.0,3.0,14536,ANGLAIS (ROND POINT DES),M,"49,4116200","0,2594500",14,2019,70.0,1.0,1.0,3.0,2261866,1.0,1,4,1,5.0,,0.0,0,1979.0,B01,138Â 206Â 390,2.0,0.0,-1.0,1726536,2.0,7,,0.0,2.0,3.0,A01,138Â 206Â 389,1.0
1011459,201900052990,6,1,19:30,1,1,6,7.0,3.0,14536,ANGLAIS (ROND POINT DES),M,"49,4116200","0,2594500",14,2019,70.0,1.0,1.0,3.0,2261866,1.0,1,4,1,5.0,,0.0,0,1979.0,B01,138Â 206Â 390,2.0,0.0,-1.0,1726537,2.0,1,,0.0,2.0,3.0,B01,138Â 206Â 390,0.0
1011460,201900052991,5,25,09:50,1,1,1,1.0,6.0,14225,SARLABOT (COTE),M,"49,2868400"," -0,0852400",14,2019,50.0,1.0,1.0,3.0,2261867,1.0,1,2,1,-1.0,,0.0,0,1941.0,A01,138Â 206Â 388,8.0,0.0,-1.0,1726538,2.0,10,,2.0,0.0,1.0,A01,138Â 206Â 388,1.0
1011461,201900052992,6,18,22:30,2,2,2,1.0,1.0,14118,FOSSES DU CHATEAU (RUE DES),M,"49,1881300"," -0,3600500",14,2019,50.0,1.0,1.0,4.0,2261868,1.0,1,1,1,0.0,,-1.0, -1,1974.0,B01,138Â 206Â 386,1.0,0.0,-1.0,1726539,3.0,7,,0.0,2.0,1.0,B01,138Â 206Â 386,1.0
1011461,201900052992,6,18,22:30,2,2,2,1.0,1.0,14118,FOSSES DU CHATEAU (RUE DES),M,"49,1881300"," -0,3600500",14,2019,50.0,1.0,1.0,4.0,2261868,1.0,1,1,1,0.0,,-1.0, -1,1974.0,B01,138Â 206Â 386,1.0,0.0,-1.0,1726540,2.0,1,,0.0,2.0,1.0,A01,138Â 206Â 387,5.0
1011461,201900052992,6,18,22:30,2,2,2,1.0,1.0,14118,FOSSES DU CHATEAU (RUE DES),M,"49,1881300"," -0,3600500",14,2019,50.0,1.0,1.0,4.0,2261869,1.0,1,4,1,0.0,,-1.0, -1,1974.0,A01,138Â 206Â 387,8.0,0.0,-1.0,1726539,3.0,7,,0.0,2.0,1.0,B01,138Â 206Â 386,1.0
1011461,201900052992,6,18,22:30,2,2,2,1.0,1.0,14118,FOSSES DU CHATEAU (RUE DES),M,"49,1881300"," -0,3600500",14,2019,50.0,1.0,1.0,4.0,2261869,1.0,1,4,1,0.0,,-1.0, -1,1974.0,A01,138Â 206Â 387,8.0,0.0,-1.0,1726540,2.0,1,,0.0,2.0,1.0,A01,138Â 206Â 387,5.0
1011462,201900052993,6,12,12:28,1,2,2,1.0,3.0,14271,HARCOURT (ROUTE D'),M,"49,1574400"," -0,3688700",14,2019,-1.0,1.0,1.0,4.0,2261870,2.0,2,4,1,0.0,,0.0,0,2015.0,D01,138Â 206Â 384,1.0,-1.0,-1.0,1726541,2.0,7,,0.0,2.0,4.0,D01,138Â 206Â 384,1.0
1011462,201900052993,6,12,12:28,1,2,2,1.0,3.0,14271,HARCOURT (ROUTE D'),M,"49,1574400"," -0,3688700",14,2019,-1.0,1.0,1.0,4.0,2261870,2.0,2,4,1,0.0,,0.0,0,2015.0,D01,138Â 206Â 384,1.0,-1.0,-1.0,1726542,2.0,10,,0.0,2.0,1.0,C01,138Â 206Â 385,1.0
1011462,201900052993,6,12,12:28,1,2,2,1.0,3.0,14271,HARCOURT (ROUTE D'),M,"49,1574400"," -0,3688700",14,2019,-1.0,1.0,1.0,4.0,2261871,1.0,1,1,1,0.0,,0.0,0,1965.0,D01,138Â 206Â 384,1.0,-1.0,-1.0,1726541,2.0,7,,0.0,2.0,4.0,D01,138Â 206Â 384,1.0
1011462,201900052993,6,12,12:28,1,2,2,1.0,3.0,14271,HARCOURT (ROUTE D'),M,"49,1574400"," -0,3688700",14,2019,-1.0,1.0,1.0,4.0,2261871,1.0,1,1,1,0.0,,0.0,0,1965.0,D01,138Â 206Â 384,1.0,-1.0,-1.0,1726542,2.0,10,,0.0,2.0,1.0,C01,138Â 206Â 385,1.0
1011462,201900052993,6,12,12:28,1,2,2,1.0,3.0,14271,HARCOURT (ROUTE D'),M,"49,1574400"," -0,3688700",14,2019,-1.0,1.0,1.0,4.0,2261872,1.0,1,1,1,-1.0,,0.0,0,1970.0,C01,138Â 206Â 385,1.0,-1.0,-1.0,1726541,2.0,7,,0.0,2.0,4.0,D01,138Â 206Â 384,1.0
1011462,201900052993,6,12,12:28,1,2,2,1.0,3.0,14271,HARCOURT (ROUTE D'),M,"49,1574400"," -0,3688700",14,2019,-1.0,1.0,1.0,4.0,2261872,1.0,1,1,1,-1.0,,0.0,0,1970.0,C01,138Â 206Â 385,1.0,-1.0,-1.0,1726542,2.0,10,,0.0,2.0,1.0,C01,138Â 206Â 385,1.0
1011463,201900052994,6,8,16:12,1,1,1,1.0,6.0,14341,Route Nationale 814,M,"49,1467200"," -0,3586100",14,2019,110.0,1.0,1.0,2.0,2261873,1.0,1,4,1,0.0,,-1.0, -1,1967.0,A01,138Â 206Â 383,1.0,0.0,-1.0,1726543,2.0,7,,4.0,0.0,3.0,A01,138Â 206Â 383,1.0
1011464,201900052995,6,12,17:07,1,2,1,1.0,3.0,14118,TOURVILLE (AVENUE DE),M,"49,1846100"," -0,3483800",14,2019,-1.0,1.0,1.0,4.0,2261874,1.0,1,4,1,0.0,,0.0,0,1984.0,C01,138Â 206Â 381,1.0,-1.0,-1.0,1726544,2.0,7,,0.0,2.0,1.0,C01,138Â 206Â 381,1.0
1011464,201900052995,6,12,17:07,1,2,1,1.0,3.0,14118,TOURVILLE (AVENUE DE),M,"49,1846100"," -0,3483800",14,2019,-1.0,1.0,1.0,4.0,2261874,1.0,1,4,1,0.0,,0.0,0,1984.0,C01,138Â 206Â 381,1.0,-1.0,-1.0,1726545,2.0,7,,0.0,2.0,4.0,D01,138Â 206Â 382,-1.0
1011464,201900052995,6,12,17:07,1,2,1,1.0,3.0,14118,TOURVILLE (AVENUE DE),M,"49,1846100"," -0,3483800",14,2019,-1.0,1.0,1.0,4.0,2261875,1.0,1,1,1,0.0,,0.0,0,1976.0,D01,138Â 206Â 382,1.0,-1.0,-1.0,1726544,2.0,7,,0.0,2.0,1.0,C01,138Â 206Â 381,1.0
1011464,201900052995,6,12,17:07,1,2,1,1.0,3.0,14118,TOURVILLE (AVENUE DE),M,"49,1846100"," -0,3483800",14,2019,-1.0,1.0,1.0,4.0,2261875,1.0,1,1,1,0.0,,0.0,0,1976.0,D01,138Â 206Â 382,1.0,-1.0,-1.0,1726545,2.0,7,,0.0,2.0,4.0,D01,138Â 206Â 382,-1.0
1011465,201900052996,6,16,15:50,1,2,2,2.0,3.0,14118,COTE DE NACRE(AVENUE),M,"49,2058500"," -0,3613800",14,2019,50.0,1.0,1.0,4.0,2261876,1.0,1,4,1,5.0,,0.0,0,1937.0,A01,138Â 206Â 379,1.0,0.0,-1.0,1726546,3.0,7,,0.0,2.0,3.0,A01,138Â 206Â 379,1.0
1011465,201900052996,6,16,15:50,1,2,2,2.0,3.0,14118,COTE DE NACRE(AVENUE),M,"49,2058500"," -0,3613800",14,2019,50.0,1.0,1.0,4.0,2261876,1.0,1,4,1,5.0,,0.0,0,1937.0,A01,138Â 206Â 379,1.0,0.0,-1.0,1726547,3.0,7,,0.0,2.0,1.0,B01,138Â 206Â 380,1.0
1011465,201900052996,6,16,15:50,1,2,2,2.0,3.0,14118,COTE DE NACRE(AVENUE),M,"49,2058500"," -0,3613800",14,2019,50.0,1.0,1.0,4.0,2261877,1.0,1,1,1,5.0,,0.0,0,1998.0,B01,138Â 206Â 380,1.0,0.0,-1.0,1726546,3.0,7,,0.0,2.0,3.0,A01,138Â 206Â 379,1.0
1011465,201900052996,6,16,15:50,1,2,2,2.0,3.0,14118,COTE DE NACRE(AVENUE),M,"49,2058500"," -0,3613800",14,2019,50.0,1.0,1.0,4.0,2261877,1.0,1,1,1,5.0,,0.0,0,1998.0,B01,138Â 206Â 380,1.0,0.0,-1.0,1726547,3.0,7,,0.0,2.0,1.0,B01,138Â 206Â 380,1.0
1011466,201900052997,6,7,17:30,1,2,1,1.0,1.0,14167,RENAUDEL (RUE PIERRE),M,"49,2031000"," -0,2972000",14,2019,50.0,1.0,1.0,4.0,2261878,1.0,1,1,1,0.0,,0.0,0,2000.0,A01,138Â 206Â 377,1.0,0.0,-1.0,1726548,1.0,7,,0.0,2.0,0.0,A01,138Â 206Â 377,1.0
1011466,201900052997,6,7,17:30,1,2,1,1.0,1.0,14167,RENAUDEL (RUE PIERRE),M,"49,2031000"," -0,2972000",14,2019,50.0,1.0,1.0,4.0,2261878,1.0,1,1,1,0.0,,0.0,0,2000.0,A01,138Â 206Â 377,1.0,0.0,-1.0,1726549,1.0,7,,0.0,2.0,1.0,B01,138Â 206Â 378,1.0
1011466,201900052997,6,7,17:30,1,2,1,1.0,1.0,14167,RENAUDEL (RUE PIERRE),M,"49,2031000"," -0,2972000",14,2019,50.0,1.0,1.0,4.0,2261879,1.0,1,4,2,0.0,,0.0,0,1977.0,B01,138Â 206Â 378,1.0,0.0,-1.0,1726548,1.0,7,,0.0,2.0,0.0,A01,138Â 206Â 377,1.0
1011466,201900052997,6,7,17:30,1,2,1,1.0,1.0,14167,RENAUDEL (RUE PIERRE),M,"49,2031000"," -0,2972000",14,2019,50.0,1.0,1.0,4.0,2261879,1.0,1,4,2,0.0,,0.0,0,1977.0,B01,138Â 206Â 378,1.0,0.0,-1.0,1726549,1.0,7,,0.0,2.0,1.0,B01,138Â 206Â 378,1.0
1011467,201900052998,6,4,15:00,1,2,1,1.0,3.0,14327,CD NÂ° 515 (ROUTE DE OUISTREHAM),M,"49,2095800"," -0,3221200",14,2019,-1.0,1.0,1.0,3.0,2261880,2.0,2,4,1,0.0,,0.0,0,1959.0,C01,138Â 206Â 375,1.0,-1.0,-1.0,1726550,1.0,7,,0.0,2.0,1.0,C01,138Â 206Â 375,1.0
1011467,201900052998,6,4,15:00,1,2,1,1.0,3.0,14327,CD NÂ° 515 (ROUTE DE OUISTREHAM),M,"49,2095800"," -0,3221200",14,2019,-1.0,1.0,1.0,3.0,2261880,2.0,2,4,1,0.0,,0.0,0,1959.0,C01,138Â 206Â 375,1.0,-1.0,-1.0,1726551,1.0,7,,0.0,2.0,4.0,D01,138Â 206Â 376,-1.0
1011467,201900052998,6,4,15:00,1,2,1,1.0,3.0,14327,CD NÂ° 515 (ROUTE DE OUISTREHAM),M,"49,2095800"," -0,3221200",14,2019,-1.0,1.0,1.0,3.0,2261881,1.0,1,1,1,0.0,,-1.0, -1,1959.0,C01,138Â 206Â 375,1.0,-1.0,-1.0,1726550,1.0,7,,0.0,2.0,1.0,C01,138Â 206Â 375,1.0
1011467,201900052998,6,4,15:00,1,2,1,1.0,3.0,14327,CD NÂ° 515 (ROUTE DE OUISTREHAM),M,"49,2095800"," -0,3221200",14,2019,-1.0,1.0,1.0,3.0,2261881,1.0,1,1,1,0.0,,-1.0, -1,1959.0,C01,138Â 206Â 375,1.0,-1.0,-1.0,1726551,1.0,7,,0.0,2.0,4.0,D01,138Â 206Â 376,-1.0
1011467,201900052998,6,4,15:00,1,2,1,1.0,3.0,14327,CD NÂ° 515 (ROUTE DE OUISTREHAM),M,"49,2095800"," -0,3221200",14,2019,-1.0,1.0,1.0,3.0,2261882,2.0,2,4,1,0.0,,0.0,0,1936.0,D01,138Â 206Â 376,1.0,-1.0,-1.0,1726550,1.0,7,,0.0,2.0,1.0,C01,138Â 206Â 375,1.0
1011467,201900052998,6,4,15:00,1,2,1,1.0,3.0,14327,CD NÂ° 515 (ROUTE DE OUISTREHAM),M,"49,2095800"," -0,3221200",14,2019,-1.0,1.0,1.0,3.0,2261882,2.0,2,4,1,0.0,,0.0,0,1936.0,D01,138Â 206Â 376,1.0,-1.0,-1.0,1726551,1.0,7,,0.0,2.0,4.0,D01,138Â 206Â 376,-1.0
1011467,201900052998,6,4,15:00,1,2,1,1.0,3.0,14327,CD NÂ° 515 (ROUTE DE OUISTREHAM),M,"49,2095800"," -0,3221200",14,2019,-1.0,1.0,1.0,3.0,2261883,1.0,1,1,1,0.0,,0.0,0,1943.0,D01,138Â 206Â 376,1.0,-1.0,-1.0,1726550,1.0,7,,0.0,2.0,1.0,C01,138Â 206Â 375,1.0
1011467,201900052998,6,4,15:00,1,2,1,1.0,3.0,14327,CD NÂ° 515 (ROUTE DE OUISTREHAM),M,"49,2095800"," -0,3221200",14,2019,-1.0,1.0,1.0,3.0,2261883,1.0,1,1,1,0.0,,0.0,0,1943.0,D01,138Â 206Â 376,1.0,-1.0,-1.0,1726551,1.0,7,,0.0,2.0,4.0,D01,138Â 206Â 376,-1.0