Unnamed: 0_x,num_acc,mois,jour,hrmn,lum,agg,int,atm,col,com,adr,gps,lat,long,dep,annee,vma,situ,surf,catr,Unnamed: 0_y,place,catu,grav,sexe,trajet,secu,locp,actp,an_nais,num_veh_x,id_vehicule_x,secu1,secu2,secu3,Unnamed: 0,senc,catv,occutc,obs,obsm,choc,num_veh_y,id_vehicule_y,motor
1011468,201900052999,6,5,06:15,1,2,1,1.0,6.0,13117,CD20 E,M,"43,4247100","5,2377200",13,2019,70.0,1.0,1.0,3.0,2261884,1.0,1,2,1,1.0,,0.0,0,1961.0,A01,138Â 206Â 374,2.0,6.0,-1.0,1726552,2.0,33,,0.0,0.0,2.0,A01,138Â 206Â 374,1.0
1011469,201900053000,6,18,01:15,5,1,1,1.0,6.0,13039,ROUTE NATIONALE 568,M,"43,4307500","4,9471100",13,2019,90.0,1.0,1.0,2.0,2261885,10.0,3,4,1,5.0,,9.0,3,1999.0,Z01,138Â 206Â 373,8.0,0.0,-1.0,1726553,0.0,7,,0.0,1.0,1.0,Z01,138Â 206Â 373,0.0
1011470,201900053001,6,10,15:00,1,1,1,1.0,5.0,13039,ROUTE NATIONALE 569,M,"43,4702800","4,9458400",13,2019,70.0,1.0,1.0,2.0,2261886,1.0,1,4,1,5.0,,-1.0, -1,1952.0,B01,138Â 206Â 370,1.0,0.0,-1.0,1726554,0.0,7,,0.0,2.0,1.0,B01,138Â 206Â 370,1.0
1011470,201900053001,6,10,15:00,1,1,1,1.0,5.0,13039,ROUTE NATIONALE 569,M,"43,4702800","4,9458400",13,2019,70.0,1.0,1.0,2.0,2261886,1.0,1,4,1,5.0,,-1.0, -1,1952.0,B01,138Â 206Â 370,1.0,0.0,-1.0,1726555,0.0,7,,0.0,2.0,1.0,A01,138Â 206Â 371,1.0
1011470,201900053001,6,10,15:00,1,1,1,1.0,5.0,13039,ROUTE NATIONALE 569,M,"43,4702800","4,9458400",13,2019,70.0,1.0,1.0,2.0,2261886,1.0,1,4,1,5.0,,-1.0, -1,1952.0,B01,138Â 206Â 370,1.0,0.0,-1.0,1726556,0.0,7,,0.0,2.0,0.0,C01,138Â 206Â 372,1.0
1011470,201900053001,6,10,15:00,1,1,1,1.0,5.0,13039,ROUTE NATIONALE 569,M,"43,4702800","4,9458400",13,2019,70.0,1.0,1.0,2.0,2261887,2.0,2,4,2,5.0,,-1.0, -1,1963.0,B01,138Â 206Â 370,1.0,0.0,-1.0,1726554,0.0,7,,0.0,2.0,1.0,B01,138Â 206Â 370,1.0
1011470,201900053001,6,10,15:00,1,1,1,1.0,5.0,13039,ROUTE NATIONALE 569,M,"43,4702800","4,9458400",13,2019,70.0,1.0,1.0,2.0,2261887,2.0,2,4,2,5.0,,-1.0, -1,1963.0,B01,138Â 206Â 370,1.0,0.0,-1.0,1726555,0.0,7,,0.0,2.0,1.0,A01,138Â 206Â 371,1.0
1011470,201900053001,6,10,15:00,1,1,1,1.0,5.0,13039,ROUTE NATIONALE 569,M,"43,4702800","4,9458400",13,2019,70.0,1.0,1.0,2.0,2261887,2.0,2,4,2,5.0,,-1.0, -1,1963.0,B01,138Â 206Â 370,1.0,0.0,-1.0,1726556,0.0,7,,0.0,2.0,0.0,C01,138Â 206Â 372,1.0
1011470,201900053001,6,10,15:00,1,1,1,1.0,5.0,13039,ROUTE NATIONALE 569,M,"43,4702800","4,9458400",13,2019,70.0,1.0,1.0,2.0,2261888,1.0,1,4,2,5.0,,-1.0, -1,1973.0,A01,138Â 206Â 371,1.0,0.0,-1.0,1726554,0.0,7,,0.0,2.0,1.0,B01,138Â 206Â 370,1.0
1011470,201900053001,6,10,15:00,1,1,1,1.0,5.0,13039,ROUTE NATIONALE 569,M,"43,4702800","4,9458400",13,2019,70.0,1.0,1.0,2.0,2261888,1.0,1,4,2,5.0,,-1.0, -1,1973.0,A01,138Â 206Â 371,1.0,0.0,-1.0,1726555,0.0,7,,0.0,2.0,1.0,A01,138Â 206Â 371,1.0
1011470,201900053001,6,10,15:00,1,1,1,1.0,5.0,13039,ROUTE NATIONALE 569,M,"43,4702800","4,9458400",13,2019,70.0,1.0,1.0,2.0,2261888,1.0,1,4,2,5.0,,-1.0, -1,1973.0,A01,138Â 206Â 371,1.0,0.0,-1.0,1726556,0.0,7,,0.0,2.0,0.0,C01,138Â 206Â 372,1.0
1011470,201900053001,6,10,15:00,1,1,1,1.0,5.0,13039,ROUTE NATIONALE 569,M,"43,4702800","4,9458400",13,2019,70.0,1.0,1.0,2.0,2261889,2.0,2,4,2,5.0,,-1.0, -1,2005.0,A01,138Â 206Â 371,1.0,0.0,-1.0,1726554,0.0,7,,0.0,2.0,1.0,B01,138Â 206Â 370,1.0
1011470,201900053001,6,10,15:00,1,1,1,1.0,5.0,13039,ROUTE NATIONALE 569,M,"43,4702800","4,9458400",13,2019,70.0,1.0,1.0,2.0,2261889,2.0,2,4,2,5.0,,-1.0, -1,2005.0,A01,138Â 206Â 371,1.0,0.0,-1.0,1726555,0.0,7,,0.0,2.0,1.0,A01,138Â 206Â 371,1.0
1011470,201900053001,6,10,15:00,1,1,1,1.0,5.0,13039,ROUTE NATIONALE 569,M,"43,4702800","4,9458400",13,2019,70.0,1.0,1.0,2.0,2261889,2.0,2,4,2,5.0,,-1.0, -1,2005.0,A01,138Â 206Â 371,1.0,0.0,-1.0,1726556,0.0,7,,0.0,2.0,0.0,C01,138Â 206Â 372,1.0
1011470,201900053001,6,10,15:00,1,1,1,1.0,5.0,13039,ROUTE NATIONALE 569,M,"43,4702800","4,9458400",13,2019,70.0,1.0,1.0,2.0,2261890,1.0,1,1,1,5.0,,-1.0, -1,1985.0,C01,138Â 206Â 372,1.0,0.0,-1.0,1726554,0.0,7,,0.0,2.0,1.0,B01,138Â 206Â 370,1.0
1011470,201900053001,6,10,15:00,1,1,1,1.0,5.0,13039,ROUTE NATIONALE 569,M,"43,4702800","4,9458400",13,2019,70.0,1.0,1.0,2.0,2261890,1.0,1,1,1,5.0,,-1.0, -1,1985.0,C01,138Â 206Â 372,1.0,0.0,-1.0,1726555,0.0,7,,0.0,2.0,1.0,A01,138Â 206Â 371,1.0
1011470,201900053001,6,10,15:00,1,1,1,1.0,5.0,13039,ROUTE NATIONALE 569,M,"43,4702800","4,9458400",13,2019,70.0,1.0,1.0,2.0,2261890,1.0,1,1,1,5.0,,-1.0, -1,1985.0,C01,138Â 206Â 372,1.0,0.0,-1.0,1726556,0.0,7,,0.0,2.0,0.0,C01,138Â 206Â 372,1.0
1011471,201900053002,6,18,16:20,1,2,3,1.0,3.0,13209,MORGIOU (chemin de ),M,"43,2346850","5,4113430",13,2019,50.0,1.0,1.0,4.0,2261891,1.0,1,1,2,1.0,,-1.0,0,1964.0,A01,138Â 206Â 368,1.0,0.0,-1.0,1726557,0.0,7,,0.0,2.0,1.0,A01,138Â 206Â 368,0.0
1011471,201900053002,6,18,16:20,1,2,3,1.0,3.0,13209,MORGIOU (chemin de ),M,"43,2346850","5,4113430",13,2019,50.0,1.0,1.0,4.0,2261891,1.0,1,1,2,1.0,,-1.0,0,1964.0,A01,138Â 206Â 368,1.0,0.0,-1.0,1726558,2.0,7,,0.0,2.0,6.0,B01,138Â 206Â 369,0.0
1011471,201900053002,6,18,16:20,1,2,3,1.0,3.0,13209,MORGIOU (chemin de ),M,"43,2346850","5,4113430",13,2019,50.0,1.0,1.0,4.0,2261892,2.0,2,4,2,5.0,,-1.0, -1,1993.0,B01,138Â 206Â 369,1.0,0.0,-1.0,1726557,0.0,7,,0.0,2.0,1.0,A01,138Â 206Â 368,0.0
1011471,201900053002,6,18,16:20,1,2,3,1.0,3.0,13209,MORGIOU (chemin de ),M,"43,2346850","5,4113430",13,2019,50.0,1.0,1.0,4.0,2261892,2.0,2,4,2,5.0,,-1.0, -1,1993.0,B01,138Â 206Â 369,1.0,0.0,-1.0,1726558,2.0,7,,0.0,2.0,6.0,B01,138Â 206Â 369,0.0
1011471,201900053002,6,18,16:20,1,2,3,1.0,3.0,13209,MORGIOU (chemin de ),M,"43,2346850","5,4113430",13,2019,50.0,1.0,1.0,4.0,2261893,1.0,2,4,1,5.0,,-1.0,0,2019.0,B01,138Â 206Â 369,1.0,0.0,-1.0,1726557,0.0,7,,0.0,2.0,1.0,A01,138Â 206Â 368,0.0
1011471,201900053002,6,18,16:20,1,2,3,1.0,3.0,13209,MORGIOU (chemin de ),M,"43,2346850","5,4113430",13,2019,50.0,1.0,1.0,4.0,2261893,1.0,2,4,1,5.0,,-1.0,0,2019.0,B01,138Â 206Â 369,1.0,0.0,-1.0,1726558,2.0,7,,0.0,2.0,6.0,B01,138Â 206Â 369,0.0
1011471,201900053002,6,18,16:20,1,2,3,1.0,3.0,13209,MORGIOU (chemin de ),M,"43,2346850","5,4113430",13,2019,50.0,1.0,1.0,4.0,2261894,1.0,1,4,1,5.0,,-1.0, -1,1984.0,B01,138Â 206Â 369,1.0,0.0,-1.0,1726557,0.0,7,,0.0,2.0,1.0,A01,138Â 206Â 368,0.0
1011471,201900053002,6,18,16:20,1,2,3,1.0,3.0,13209,MORGIOU (chemin de ),M,"43,2346850","5,4113430",13,2019,50.0,1.0,1.0,4.0,2261894,1.0,1,4,1,5.0,,-1.0, -1,1984.0,B01,138Â 206Â 369,1.0,0.0,-1.0,1726558,2.0,7,,0.0,2.0,6.0,B01,138Â 206Â 369,0.0
1011472,201900053003,6,18,09:00,1,2,1,1.0,3.0,13213,CHATEAU GOMBERT CHEMIN,M,"43,3370200","5,4209100",13,2019,50.0,1.0,1.0,4.0,2261895,1.0,1,1,1,0.0,,-1.0, -1,1971.0,A01,138Â 206Â 366,8.0,0.0,-1.0,1726559,1.0,7,,0.0,2.0,3.0,A01,138Â 206Â 366,1.0
1011472,201900053003,6,18,09:00,1,2,1,1.0,3.0,13213,CHATEAU GOMBERT CHEMIN,M,"43,3370200","5,4209100",13,2019,50.0,1.0,1.0,4.0,2261895,1.0,1,1,1,0.0,,-1.0, -1,1971.0,A01,138Â 206Â 366,8.0,0.0,-1.0,1726560,1.0,36,,0.0,2.0,3.0,B01,138Â 206Â 367,1.0
1011472,201900053003,6,18,09:00,1,2,1,1.0,3.0,13213,CHATEAU GOMBERT CHEMIN,M,"43,3370200","5,4209100",13,2019,50.0,1.0,1.0,4.0,2261896,1.0,1,4,1,0.0,,-1.0, -1,1985.0,B01,138Â 206Â 367,2.0,0.0,-1.0,1726559,1.0,7,,0.0,2.0,3.0,A01,138Â 206Â 366,1.0
1011472,201900053003,6,18,09:00,1,2,1,1.0,3.0,13213,CHATEAU GOMBERT CHEMIN,M,"43,3370200","5,4209100",13,2019,50.0,1.0,1.0,4.0,2261896,1.0,1,4,1,0.0,,-1.0, -1,1985.0,B01,138Â 206Â 367,2.0,0.0,-1.0,1726560,1.0,36,,0.0,2.0,3.0,B01,138Â 206Â 367,1.0
1011473,201900053004,6,18,00:10,5,2,1,1.0,7.0,13215,MADRAGUE VILLE (chemin de la),M,"43,3327570","5,3587800",13,2019,50.0,1.0,1.0,3.0,2261897,1.0,1,3,1,0.0,,-1.0,0,1996.0,A01,138Â 206Â 365,2.0,6.0,-1.0,1726561,2.0,32,,0.0,0.0,0.0,A01,138Â 206Â 365,1.0
1011474,201900053005,6,17,22:40,5,2,6,1.0,6.0,13209,SORMIOU (CHEMIN DE),M,"43,2350100","5,3991000",13,2019,50.0,1.0,1.0,4.0,2261898,1.0,1,4,1,5.0,,-1.0,0,1977.0,B01,138Â 206Â 364,2.0,6.0,-1.0,1726562,1.0,33,,0.0,2.0,0.0,B01,138Â 206Â 364,1.0
1011475,201900053006,6,17,06:00,1,2,1,1.0,5.0,13214,CAPITAINE GEZE (BOULEVARD),M,"43,3302900","5,3702100",13,2019,50.0,1.0,1.0,4.0,2261899,1.0,1,1,1,0.0,,-1.0, -1,1996.0,B01,138Â 206Â 361,1.0,0.0,-1.0,1726563,1.0,13,,0.0,2.0,2.0,B01,138Â 206Â 361,1.0
1011475,201900053006,6,17,06:00,1,2,1,1.0,5.0,13214,CAPITAINE GEZE (BOULEVARD),M,"43,3302900","5,3702100",13,2019,50.0,1.0,1.0,4.0,2261899,1.0,1,1,1,0.0,,-1.0, -1,1996.0,B01,138Â 206Â 361,1.0,0.0,-1.0,1726564,1.0,7,,0.0,0.0,3.0,C01,138Â 206Â 362,1.0
1011475,201900053006,6,17,06:00,1,2,1,1.0,5.0,13214,CAPITAINE GEZE (BOULEVARD),M,"43,3302900","5,3702100",13,2019,50.0,1.0,1.0,4.0,2261899,1.0,1,1,1,0.0,,-1.0, -1,1996.0,B01,138Â 206Â 361,1.0,0.0,-1.0,1726565,1.0,7,,0.0,2.0,2.0,A01,138Â 206Â 363,1.0
1011475,201900053006,6,17,06:00,1,2,1,1.0,5.0,13214,CAPITAINE GEZE (BOULEVARD),M,"43,3302900","5,3702100",13,2019,50.0,1.0,1.0,4.0,2261900,1.0,1,1,1,1.0,,-1.0, -1,1962.0,C01,138Â 206Â 362,1.0,0.0,-1.0,1726563,1.0,13,,0.0,2.0,2.0,B01,138Â 206Â 361,1.0
1011475,201900053006,6,17,06:00,1,2,1,1.0,5.0,13214,CAPITAINE GEZE (BOULEVARD),M,"43,3302900","5,3702100",13,2019,50.0,1.0,1.0,4.0,2261900,1.0,1,1,1,1.0,,-1.0, -1,1962.0,C01,138Â 206Â 362,1.0,0.0,-1.0,1726564,1.0,7,,0.0,0.0,3.0,C01,138Â 206Â 362,1.0
1011475,201900053006,6,17,06:00,1,2,1,1.0,5.0,13214,CAPITAINE GEZE (BOULEVARD),M,"43,3302900","5,3702100",13,2019,50.0,1.0,1.0,4.0,2261900,1.0,1,1,1,1.0,,-1.0, -1,1962.0,C01,138Â 206Â 362,1.0,0.0,-1.0,1726565,1.0,7,,0.0,2.0,2.0,A01,138Â 206Â 363,1.0
1011475,201900053006,6,17,06:00,1,2,1,1.0,5.0,13214,CAPITAINE GEZE (BOULEVARD),M,"43,3302900","5,3702100",13,2019,50.0,1.0,1.0,4.0,2261901,1.0,1,4,1,1.0,,-1.0, -1,1969.0,A01,138Â 206Â 363,1.0,0.0,-1.0,1726563,1.0,13,,0.0,2.0,2.0,B01,138Â 206Â 361,1.0
1011475,201900053006,6,17,06:00,1,2,1,1.0,5.0,13214,CAPITAINE GEZE (BOULEVARD),M,"43,3302900","5,3702100",13,2019,50.0,1.0,1.0,4.0,2261901,1.0,1,4,1,1.0,,-1.0, -1,1969.0,A01,138Â 206Â 363,1.0,0.0,-1.0,1726564,1.0,7,,0.0,0.0,3.0,C01,138Â 206Â 362,1.0
1011475,201900053006,6,17,06:00,1,2,1,1.0,5.0,13214,CAPITAINE GEZE (BOULEVARD),M,"43,3302900","5,3702100",13,2019,50.0,1.0,1.0,4.0,2261901,1.0,1,4,1,1.0,,-1.0, -1,1969.0,A01,138Â 206Â 363,1.0,0.0,-1.0,1726565,1.0,7,,0.0,2.0,2.0,A01,138Â 206Â 363,1.0
1011476,201900053007,6,17,05:40,1,2,1,1.0,2.0,13210,CAPELETTE (AVENUE DE LA),M,"43,2825600","5,4025700",13,2019,50.0,1.0,1.0,4.0,2261902,1.0,1,4,1,4.0,,-1.0, -1,1985.0,B01,138Â 206Â 359,1.0,8.0,-1.0,1726566,1.0,37,1.0,0.0,2.0,4.0,B01,138Â 206Â 359,1.0
1011476,201900053007,6,17,05:40,1,2,1,1.0,2.0,13210,CAPELETTE (AVENUE DE LA),M,"43,2825600","5,4025700",13,2019,50.0,1.0,1.0,4.0,2261902,1.0,1,4,1,4.0,,-1.0, -1,1985.0,B01,138Â 206Â 359,1.0,8.0,-1.0,1726567,1.0,7,,0.0,2.0,1.0,A01,138Â 206Â 360,1.0
1011476,201900053007,6,17,05:40,1,2,1,1.0,2.0,13210,CAPELETTE (AVENUE DE LA),M,"43,2825600","5,4025700",13,2019,50.0,1.0,1.0,4.0,2261903,1.0,1,4,1,1.0,,-1.0, -1,1996.0,A01,138Â 206Â 360,1.0,8.0,-1.0,1726566,1.0,37,1.0,0.0,2.0,4.0,B01,138Â 206Â 359,1.0
1011476,201900053007,6,17,05:40,1,2,1,1.0,2.0,13210,CAPELETTE (AVENUE DE LA),M,"43,2825600","5,4025700",13,2019,50.0,1.0,1.0,4.0,2261903,1.0,1,4,1,1.0,,-1.0, -1,1996.0,A01,138Â 206Â 360,1.0,8.0,-1.0,1726567,1.0,7,,0.0,2.0,1.0,A01,138Â 206Â 360,1.0
1011477,201900053008,6,17,04:30,5,2,1,1.0,1.0,13210,JEAN MOULIN (BOULEVARD),M,"43,2837400","5,3986400",13,2019,50.0,1.0,1.0,3.0,2261904,1.0,1,3,1,1.0,,-1.0,0,1967.0,B01,138Â 206Â 357,2.0,0.0,-1.0,1726568,3.0,2,,0.0,2.0,1.0,B01,138Â 206Â 357,1.0
1011477,201900053008,6,17,04:30,5,2,1,1.0,1.0,13210,JEAN MOULIN (BOULEVARD),M,"43,2837400","5,3986400",13,2019,50.0,1.0,1.0,3.0,2261904,1.0,1,3,1,1.0,,-1.0,0,1967.0,B01,138Â 206Â 357,2.0,0.0,-1.0,1726569,1.0,7,,0.0,2.0,4.0,Z01,138Â 206Â 358,1.0
1011478,201900053009,6,16,21:15,2,2,9,1.0,3.0,13215,SAINT JOSEPH A SAINT ANTOINE (CHEMIN DE),M,"43,3595670","5,3648430",13,2019,50.0,1.0,1.0,4.0,2261905,1.0,2,4,1,5.0,,-1.0,0,2008.0,B01,138Â 206Â 355,1.0,0.0,-1.0,1726570,1.0,7,,0.0,2.0,3.0,B01,138Â 206Â 355,0.0
1011478,201900053009,6,16,21:15,2,2,9,1.0,3.0,13215,SAINT JOSEPH A SAINT ANTOINE (CHEMIN DE),M,"43,3595670","5,3648430",13,2019,50.0,1.0,1.0,4.0,2261905,1.0,2,4,1,5.0,,-1.0,0,2008.0,B01,138Â 206Â 355,1.0,0.0,-1.0,1726571,1.0,33,,0.0,2.0,1.0,A01,138Â 206Â 356,0.0
1011478,201900053009,6,16,21:15,2,2,9,1.0,3.0,13215,SAINT JOSEPH A SAINT ANTOINE (CHEMIN DE),M,"43,3595670","5,3648430",13,2019,50.0,1.0,1.0,4.0,2261906,5.0,2,4,2,5.0,,-1.0,0,2012.0,B01,138Â 206Â 355,1.0,0.0,-1.0,1726570,1.0,7,,0.0,2.0,3.0,B01,138Â 206Â 355,0.0
1011478,201900053009,6,16,21:15,2,2,9,1.0,3.0,13215,SAINT JOSEPH A SAINT ANTOINE (CHEMIN DE),M,"43,3595670","5,3648430",13,2019,50.0,1.0,1.0,4.0,2261906,5.0,2,4,2,5.0,,-1.0,0,2012.0,B01,138Â 206Â 355,1.0,0.0,-1.0,1726571,1.0,33,,0.0,2.0,1.0,A01,138Â 206Â 356,0.0
1011478,201900053009,6,16,21:15,2,2,9,1.0,3.0,13215,SAINT JOSEPH A SAINT ANTOINE (CHEMIN DE),M,"43,3595670","5,3648430",13,2019,50.0,1.0,1.0,4.0,2261907,1.0,1,4,2,5.0,,-1.0,0,1987.0,B01,138Â 206Â 355,1.0,0.0,-1.0,1726570,1.0,7,,0.0,2.0,3.0,B01,138Â 206Â 355,0.0
1011478,201900053009,6,16,21:15,2,2,9,1.0,3.0,13215,SAINT JOSEPH A SAINT ANTOINE (CHEMIN DE),M,"43,3595670","5,3648430",13,2019,50.0,1.0,1.0,4.0,2261907,1.0,1,4,2,5.0,,-1.0,0,1987.0,B01,138Â 206Â 355,1.0,0.0,-1.0,1726571,1.0,33,,0.0,2.0,1.0,A01,138Â 206Â 356,0.0
1011478,201900053009,6,16,21:15,2,2,9,1.0,3.0,13215,SAINT JOSEPH A SAINT ANTOINE (CHEMIN DE),M,"43,3595670","5,3648430",13,2019,50.0,1.0,1.0,4.0,2261908,1.0,1,4,1,5.0,,-1.0,0,1989.0,A01,138Â 206Â 356,2.0,8.0,-1.0,1726570,1.0,7,,0.0,2.0,3.0,B01,138Â 206Â 355,0.0
1011478,201900053009,6,16,21:15,2,2,9,1.0,3.0,13215,SAINT JOSEPH A SAINT ANTOINE (CHEMIN DE),M,"43,3595670","5,3648430",13,2019,50.0,1.0,1.0,4.0,2261908,1.0,1,4,1,5.0,,-1.0,0,1989.0,A01,138Â 206Â 356,2.0,8.0,-1.0,1726571,1.0,33,,0.0,2.0,1.0,A01,138Â 206Â 356,0.0
1011479,201900053010,6,16,15:25,1,2,1,1.0,2.0,13208,PRADO (AVENUE DU),M,"43,2751000","5,3894700",13,2019,50.0,1.0,1.0,4.0,2261909,1.0,1,4,1,5.0,,-1.0, -1,1966.0,B01,138Â 206Â 353,2.0,6.0,-1.0,1726572,1.0,31,,0.0,2.0,4.0,B01,138Â 206Â 353,6.0
1011479,201900053010,6,16,15:25,1,2,1,1.0,2.0,13208,PRADO (AVENUE DU),M,"43,2751000","5,3894700",13,2019,50.0,1.0,1.0,4.0,2261909,1.0,1,4,1,5.0,,-1.0, -1,1966.0,B01,138Â 206Â 353,2.0,6.0,-1.0,1726573,1.0,7,,0.0,2.0,1.0,A01,138Â 206Â 354,6.0
1011479,201900053010,6,16,15:25,1,2,1,1.0,2.0,13208,PRADO (AVENUE DU),M,"43,2751000","5,3894700",13,2019,50.0,1.0,1.0,4.0,2261910,1.0,1,1,1,5.0,,-1.0, -1,1999.0,A01,138Â 206Â 354,1.0,0.0,-1.0,1726572,1.0,31,,0.0,2.0,4.0,B01,138Â 206Â 353,6.0
1011479,201900053010,6,16,15:25,1,2,1,1.0,2.0,13208,PRADO (AVENUE DU),M,"43,2751000","5,3894700",13,2019,50.0,1.0,1.0,4.0,2261910,1.0,1,1,1,5.0,,-1.0, -1,1999.0,A01,138Â 206Â 354,1.0,0.0,-1.0,1726573,1.0,7,,0.0,2.0,1.0,A01,138Â 206Â 354,6.0
1011480,201900053011,6,16,11:00,1,2,1,1.0,2.0,13208,MENDES FRANCE (AVENUE),M,"43,2539100","5,3761300",13,2019,50.0,1.0,1.0,4.0,2261911,1.0,1,3,1,5.0,,-1.0, -1,1954.0,B01,138Â 206Â 351,8.0,0.0,-1.0,1726574,0.0,1,,0.0,0.0,4.0,B01,138Â 206Â 351,5.0
1011480,201900053011,6,16,11:00,1,2,1,1.0,2.0,13208,MENDES FRANCE (AVENUE),M,"43,2539100","5,3761300",13,2019,50.0,1.0,1.0,4.0,2261911,1.0,1,3,1,5.0,,-1.0, -1,1954.0,B01,138Â 206Â 351,8.0,0.0,-1.0,1726575,0.0,7,,0.0,2.0,1.0,A01,138Â 206Â 352,1.0
1011480,201900053011,6,16,11:00,1,2,1,1.0,2.0,13208,MENDES FRANCE (AVENUE),M,"43,2539100","5,3761300",13,2019,50.0,1.0,1.0,4.0,2261912,1.0,1,1,1,0.0,,-1.0, -1,1998.0,A01,138Â 206Â 352,1.0,8.0,-1.0,1726574,0.0,1,,0.0,0.0,4.0,B01,138Â 206Â 351,5.0
1011480,201900053011,6,16,11:00,1,2,1,1.0,2.0,13208,MENDES FRANCE (AVENUE),M,"43,2539100","5,3761300",13,2019,50.0,1.0,1.0,4.0,2261912,1.0,1,1,1,0.0,,-1.0, -1,1998.0,A01,138Â 206Â 352,1.0,8.0,-1.0,1726575,0.0,7,,0.0,2.0,1.0,A01,138Â 206Â 352,1.0
1011481,201900053012,6,16,08:50,1,2,1,1.0,3.0,13213,JEAN PAUL SARTRE (AVENUE),M,"43,3200000","5,4250000",13,2019,50.0,1.0,1.0,3.0,2261913,1.0,1,1,1,2.0,,-1.0, -1,1983.0,A01,138Â 206Â 349,1.0,0.0,-1.0,1726576,3.0,7,,0.0,2.0,3.0,A01,138Â 206Â 349,1.0
1011481,201900053012,6,16,08:50,1,2,1,1.0,3.0,13213,JEAN PAUL SARTRE (AVENUE),M,"43,3200000","5,4250000",13,2019,50.0,1.0,1.0,3.0,2261913,1.0,1,1,1,2.0,,-1.0, -1,1983.0,A01,138Â 206Â 349,1.0,0.0,-1.0,1726577,2.0,32,,0.0,2.0,1.0,B01,138Â 206Â 350,1.0
1011481,201900053012,6,16,08:50,1,2,1,1.0,3.0,13213,JEAN PAUL SARTRE (AVENUE),M,"43,3200000","5,4250000",13,2019,50.0,1.0,1.0,3.0,2261914,1.0,1,4,1,0.0,,-1.0, -1,1983.0,B01,138Â 206Â 350,2.0,0.0,-1.0,1726576,3.0,7,,0.0,2.0,3.0,A01,138Â 206Â 349,1.0
1011481,201900053012,6,16,08:50,1,2,1,1.0,3.0,13213,JEAN PAUL SARTRE (AVENUE),M,"43,3200000","5,4250000",13,2019,50.0,1.0,1.0,3.0,2261914,1.0,1,4,1,0.0,,-1.0, -1,1983.0,B01,138Â 206Â 350,2.0,0.0,-1.0,1726577,2.0,32,,0.0,2.0,1.0,B01,138Â 206Â 350,1.0
1011482,201900053013,6,14,21:30,5,2,2,1.0,1.0,13205,CHAVE (BOULEVARD),M,"43,2957180","5,3978840",13,2019,50.0,1.0,1.0,4.0,2261915,1.0,1,4,1,4.0,,-1.0, -1,1997.0,B01,138Â 206Â 347,2.0,0.0,-1.0,1726578,3.0,2,,0.0,2.0,1.0,B01,138Â 206Â 347,1.0
1011482,201900053013,6,14,21:30,5,2,2,1.0,1.0,13205,CHAVE (BOULEVARD),M,"43,2957180","5,3978840",13,2019,50.0,1.0,1.0,4.0,2261915,1.0,1,4,1,4.0,,-1.0, -1,1997.0,B01,138Â 206Â 347,2.0,0.0,-1.0,1726579,3.0,10,,0.0,2.0,3.0,A01,138Â 206Â 348,1.0
1011482,201900053013,6,14,21:30,5,2,2,1.0,1.0,13205,CHAVE (BOULEVARD),M,"43,2957180","5,3978840",13,2019,50.0,1.0,1.0,4.0,2261916,1.0,1,1,1,5.0,,-1.0,0,1994.0,A01,138Â 206Â 348,1.0,0.0,-1.0,1726578,3.0,2,,0.0,2.0,1.0,B01,138Â 206Â 347,1.0
1011482,201900053013,6,14,21:30,5,2,2,1.0,1.0,13205,CHAVE (BOULEVARD),M,"43,2957180","5,3978840",13,2019,50.0,1.0,1.0,4.0,2261916,1.0,1,1,1,5.0,,-1.0,0,1994.0,A01,138Â 206Â 348,1.0,0.0,-1.0,1726579,3.0,10,,0.0,2.0,3.0,A01,138Â 206Â 348,1.0
1011483,201900053014,6,15,15:30,1,2,1,1.0,4.0,13210,FLORIAN (AVENUE),M,"43,2800000","5,4200000",13,2019,50.0,1.0,1.0,4.0,2261917,1.0,1,4,1,5.0,,-1.0, -1,1995.0,B01,138Â 206Â 344,1.0,0.0,-1.0,1726580,0.0,7,,0.0,2.0,4.0,B01,138Â 206Â 344,1.0
1011483,201900053014,6,15,15:30,1,2,1,1.0,4.0,13210,FLORIAN (AVENUE),M,"43,2800000","5,4200000",13,2019,50.0,1.0,1.0,4.0,2261917,1.0,1,4,1,5.0,,-1.0, -1,1995.0,B01,138Â 206Â 344,1.0,0.0,-1.0,1726581,0.0,7,,0.0,2.0,4.0,C01,138Â 206Â 345,6.0
1011483,201900053014,6,15,15:30,1,2,1,1.0,4.0,13210,FLORIAN (AVENUE),M,"43,2800000","5,4200000",13,2019,50.0,1.0,1.0,4.0,2261917,1.0,1,4,1,5.0,,-1.0, -1,1995.0,B01,138Â 206Â 344,1.0,0.0,-1.0,1726582,0.0,7,,0.0,2.0,1.0,A01,138Â 206Â 346,1.0
1011483,201900053014,6,15,15:30,1,2,1,1.0,4.0,13210,FLORIAN (AVENUE),M,"43,2800000","5,4200000",13,2019,50.0,1.0,1.0,4.0,2261918,1.0,1,1,1,5.0,,-1.0, -1,1980.0,C01,138Â 206Â 345,1.0,0.0,-1.0,1726580,0.0,7,,0.0,2.0,4.0,B01,138Â 206Â 344,1.0
1011483,201900053014,6,15,15:30,1,2,1,1.0,4.0,13210,FLORIAN (AVENUE),M,"43,2800000","5,4200000",13,2019,50.0,1.0,1.0,4.0,2261918,1.0,1,1,1,5.0,,-1.0, -1,1980.0,C01,138Â 206Â 345,1.0,0.0,-1.0,1726581,0.0,7,,0.0,2.0,4.0,C01,138Â 206Â 345,6.0