Unnamed: 0_x,num_acc,mois,jour,hrmn,lum,agg,int,atm,col,com,adr,gps,lat,long,dep,annee,vma,situ,surf,catr,Unnamed: 0_y,place,catu,grav,sexe,trajet,secu,locp,actp,an_nais,num_veh_x,id_vehicule_x,secu1,secu2,secu3,Unnamed: 0,senc,catv,occutc,obs,obsm,choc,num_veh_y,id_vehicule_y,motor
1011483,201900053014,6,15,15:30,1,2,1,1.0,4.0,13210,FLORIAN (AVENUE),M,"43,2800000","5,4200000",13,2019,50.0,1.0,1.0,4.0,2261918,1.0,1,1,1,5.0,,-1.0, -1,1980.0,C01,138Â 206Â 345,1.0,0.0,-1.0,1726582,0.0,7,,0.0,2.0,1.0,A01,138Â 206Â 346,1.0
1011483,201900053014,6,15,15:30,1,2,1,1.0,4.0,13210,FLORIAN (AVENUE),M,"43,2800000","5,4200000",13,2019,50.0,1.0,1.0,4.0,2261919,1.0,1,1,2,5.0,,-1.0, -1,1998.0,A01,138Â 206Â 346,1.0,0.0,-1.0,1726580,0.0,7,,0.0,2.0,4.0,B01,138Â 206Â 344,1.0
1011483,201900053014,6,15,15:30,1,2,1,1.0,4.0,13210,FLORIAN (AVENUE),M,"43,2800000","5,4200000",13,2019,50.0,1.0,1.0,4.0,2261919,1.0,1,1,2,5.0,,-1.0, -1,1998.0,A01,138Â 206Â 346,1.0,0.0,-1.0,1726581,0.0,7,,0.0,2.0,4.0,C01,138Â 206Â 345,6.0
1011483,201900053014,6,15,15:30,1,2,1,1.0,4.0,13210,FLORIAN (AVENUE),M,"43,2800000","5,4200000",13,2019,50.0,1.0,1.0,4.0,2261919,1.0,1,1,2,5.0,,-1.0, -1,1998.0,A01,138Â 206Â 346,1.0,0.0,-1.0,1726582,0.0,7,,0.0,2.0,1.0,A01,138Â 206Â 346,1.0
1011484,201900053015,6,14,23:30,5,1,1,1.0,1.0,13216,LITTORAL (CHEMIN DU),M,"43,3538200","5,3314900",13,2019,50.0,1.0,1.0,4.0,2261920,2.0,2,4,1,0.0,,-1.0, -1,2000.0,B01,138Â 206Â 342,8.0,0.0,-1.0,1726583,1.0,7,,0.0,2.0,3.0,B01,138Â 206Â 342,0.0
1011484,201900053015,6,14,23:30,5,1,1,1.0,1.0,13216,LITTORAL (CHEMIN DU),M,"43,3538200","5,3314900",13,2019,50.0,1.0,1.0,4.0,2261920,2.0,2,4,1,0.0,,-1.0, -1,2000.0,B01,138Â 206Â 342,8.0,0.0,-1.0,1726584,2.0,7,,0.0,2.0,3.0,A01,138Â 206Â 343,0.0
1011484,201900053015,6,14,23:30,5,1,1,1.0,1.0,13216,LITTORAL (CHEMIN DU),M,"43,3538200","5,3314900",13,2019,50.0,1.0,1.0,4.0,2261921,1.0,1,4,1,0.0,,-1.0, -1,1993.0,B01,138Â 206Â 342,8.0,0.0,-1.0,1726583,1.0,7,,0.0,2.0,3.0,B01,138Â 206Â 342,0.0
1011484,201900053015,6,14,23:30,5,1,1,1.0,1.0,13216,LITTORAL (CHEMIN DU),M,"43,3538200","5,3314900",13,2019,50.0,1.0,1.0,4.0,2261921,1.0,1,4,1,0.0,,-1.0, -1,1993.0,B01,138Â 206Â 342,8.0,0.0,-1.0,1726584,2.0,7,,0.0,2.0,3.0,A01,138Â 206Â 343,0.0
1011484,201900053015,6,14,23:30,5,1,1,1.0,1.0,13216,LITTORAL (CHEMIN DU),M,"43,3538200","5,3314900",13,2019,50.0,1.0,1.0,4.0,2261922,1.0,1,3,1,0.0,,-1.0,0,2000.0,A01,138Â 206Â 343,8.0,0.0,-1.0,1726583,1.0,7,,0.0,2.0,3.0,B01,138Â 206Â 342,0.0
1011484,201900053015,6,14,23:30,5,1,1,1.0,1.0,13216,LITTORAL (CHEMIN DU),M,"43,3538200","5,3314900",13,2019,50.0,1.0,1.0,4.0,2261922,1.0,1,3,1,0.0,,-1.0,0,2000.0,A01,138Â 206Â 343,8.0,0.0,-1.0,1726584,2.0,7,,0.0,2.0,3.0,A01,138Â 206Â 343,0.0
1011484,201900053015,6,14,23:30,5,1,1,1.0,1.0,13216,LITTORAL (CHEMIN DU),M,"43,3538200","5,3314900",13,2019,50.0,1.0,1.0,4.0,2261923,2.0,2,4,1,0.0,,-1.0, -1,2001.0,A01,138Â 206Â 343,8.0,0.0,-1.0,1726583,1.0,7,,0.0,2.0,3.0,B01,138Â 206Â 342,0.0
1011484,201900053015,6,14,23:30,5,1,1,1.0,1.0,13216,LITTORAL (CHEMIN DU),M,"43,3538200","5,3314900",13,2019,50.0,1.0,1.0,4.0,2261923,2.0,2,4,1,0.0,,-1.0, -1,2001.0,A01,138Â 206Â 343,8.0,0.0,-1.0,1726584,2.0,7,,0.0,2.0,3.0,A01,138Â 206Â 343,0.0
1011485,201900053016,6,14,17:45,1,2,9,1.0,3.0,13209,MARTHELINE (AVENUE DE LA),M,"43,2457850","5,4002020",13,2019,50.0,1.0,1.0,4.0,2261924,1.0,1,1,1,5.0,,-1.0,0,1992.0,A01,138Â 206Â 340,1.0,0.0,-1.0,1726585,0.0,7,,0.0,2.0,3.0,A01,138Â 206Â 340,0.0
1011485,201900053016,6,14,17:45,1,2,9,1.0,3.0,13209,MARTHELINE (AVENUE DE LA),M,"43,2457850","5,4002020",13,2019,50.0,1.0,1.0,4.0,2261924,1.0,1,1,1,5.0,,-1.0,0,1992.0,A01,138Â 206Â 340,1.0,0.0,-1.0,1726586,0.0,30,,0.0,2.0,7.0,B01,138Â 206Â 341,0.0
1011485,201900053016,6,14,17:45,1,2,9,1.0,3.0,13209,MARTHELINE (AVENUE DE LA),M,"43,2457850","5,4002020",13,2019,50.0,1.0,1.0,4.0,2261925,2.0,2,4,1,5.0,,-1.0, -1,2002.0,B01,138Â 206Â 341,2.0,0.0,-1.0,1726585,0.0,7,,0.0,2.0,3.0,A01,138Â 206Â 340,0.0
1011485,201900053016,6,14,17:45,1,2,9,1.0,3.0,13209,MARTHELINE (AVENUE DE LA),M,"43,2457850","5,4002020",13,2019,50.0,1.0,1.0,4.0,2261925,2.0,2,4,1,5.0,,-1.0, -1,2002.0,B01,138Â 206Â 341,2.0,0.0,-1.0,1726586,0.0,30,,0.0,2.0,7.0,B01,138Â 206Â 341,0.0
1011485,201900053016,6,14,17:45,1,2,9,1.0,3.0,13209,MARTHELINE (AVENUE DE LA),M,"43,2457850","5,4002020",13,2019,50.0,1.0,1.0,4.0,2261926,1.0,1,1,1,5.0,,-1.0, -1,2001.0,B01,138Â 206Â 341,2.0,0.0,-1.0,1726585,0.0,7,,0.0,2.0,3.0,A01,138Â 206Â 340,0.0
1011485,201900053016,6,14,17:45,1,2,9,1.0,3.0,13209,MARTHELINE (AVENUE DE LA),M,"43,2457850","5,4002020",13,2019,50.0,1.0,1.0,4.0,2261926,1.0,1,1,1,5.0,,-1.0, -1,2001.0,B01,138Â 206Â 341,2.0,0.0,-1.0,1726586,0.0,30,,0.0,2.0,7.0,B01,138Â 206Â 341,0.0
1011486,201900053017,6,14,13:30,1,2,2,1.0,3.0,13204,MARÃCHAL FOCH (AVENUE),M,"43,2989200","5,4022500",13,2019,50.0,1.0,1.0,7.0,2261927,1.0,1,1,1,5.0,,-1.0, -1,1994.0,A01,138Â 206Â 338,1.0,0.0,-1.0,1726587,2.0,7,,0.0,-1.0,2.0,A01,138Â 206Â 338,0.0
1011486,201900053017,6,14,13:30,1,2,2,1.0,3.0,13204,MARÃCHAL FOCH (AVENUE),M,"43,2989200","5,4022500",13,2019,50.0,1.0,1.0,7.0,2261927,1.0,1,1,1,5.0,,-1.0, -1,1994.0,A01,138Â 206Â 338,1.0,0.0,-1.0,1726588,1.0,7,,0.0,-1.0,7.0,B01,138Â 206Â 339,1.0
1011486,201900053017,6,14,13:30,1,2,2,1.0,3.0,13204,MARÃCHAL FOCH (AVENUE),M,"43,2989200","5,4022500",13,2019,50.0,1.0,1.0,7.0,2261928,2.0,2,1,1,5.0,,-1.0, -1,1966.0,B01,138Â 206Â 339,1.0,0.0,-1.0,1726587,2.0,7,,0.0,-1.0,2.0,A01,138Â 206Â 338,0.0
1011486,201900053017,6,14,13:30,1,2,2,1.0,3.0,13204,MARÃCHAL FOCH (AVENUE),M,"43,2989200","5,4022500",13,2019,50.0,1.0,1.0,7.0,2261928,2.0,2,1,1,5.0,,-1.0, -1,1966.0,B01,138Â 206Â 339,1.0,0.0,-1.0,1726588,1.0,7,,0.0,-1.0,7.0,B01,138Â 206Â 339,1.0
1011486,201900053017,6,14,13:30,1,2,2,1.0,3.0,13204,MARÃCHAL FOCH (AVENUE),M,"43,2989200","5,4022500",13,2019,50.0,1.0,1.0,7.0,2261929,1.0,1,4,1,5.0,,-1.0, -1,1991.0,B01,138Â 206Â 339,1.0,0.0,-1.0,1726587,2.0,7,,0.0,-1.0,2.0,A01,138Â 206Â 338,0.0
1011486,201900053017,6,14,13:30,1,2,2,1.0,3.0,13204,MARÃCHAL FOCH (AVENUE),M,"43,2989200","5,4022500",13,2019,50.0,1.0,1.0,7.0,2261929,1.0,1,4,1,5.0,,-1.0, -1,1991.0,B01,138Â 206Â 339,1.0,0.0,-1.0,1726588,1.0,7,,0.0,-1.0,7.0,B01,138Â 206Â 339,1.0
1011487,201900053018,6,14,11:30,1,2,6,1.0,1.0,13214,GIBBES (CHEMIN DE),M,"43,3241220","5,3821310",13,2019,50.0,1.0,1.0,4.0,2261930,1.0,2,4,1,0.0,,-1.0,0,1985.0,B01,138Â 206Â 336,8.0,0.0,-1.0,1726589,2.0,7,,0.0,2.0,1.0,B01,138Â 206Â 336,1.0
1011487,201900053018,6,14,11:30,1,2,6,1.0,1.0,13214,GIBBES (CHEMIN DE),M,"43,3241220","5,3821310",13,2019,50.0,1.0,1.0,4.0,2261930,1.0,2,4,1,0.0,,-1.0,0,1985.0,B01,138Â 206Â 336,8.0,0.0,-1.0,1726590,1.0,7,,0.0,2.0,1.0,A01,138Â 206Â 337,1.0
1011487,201900053018,6,14,11:30,1,2,6,1.0,1.0,13214,GIBBES (CHEMIN DE),M,"43,3241220","5,3821310",13,2019,50.0,1.0,1.0,4.0,2261931,1.0,1,4,1,0.0,,-1.0,0,1987.0,B01,138Â 206Â 336,8.0,0.0,-1.0,1726589,2.0,7,,0.0,2.0,1.0,B01,138Â 206Â 336,1.0
1011487,201900053018,6,14,11:30,1,2,6,1.0,1.0,13214,GIBBES (CHEMIN DE),M,"43,3241220","5,3821310",13,2019,50.0,1.0,1.0,4.0,2261931,1.0,1,4,1,0.0,,-1.0,0,1987.0,B01,138Â 206Â 336,8.0,0.0,-1.0,1726590,1.0,7,,0.0,2.0,1.0,A01,138Â 206Â 337,1.0
1011487,201900053018,6,14,11:30,1,2,6,1.0,1.0,13214,GIBBES (CHEMIN DE),M,"43,3241220","5,3821310",13,2019,50.0,1.0,1.0,4.0,2261932,1.0,2,4,1,0.0,,-1.0,0,1995.0,A01,138Â 206Â 337,1.0,0.0,-1.0,1726589,2.0,7,,0.0,2.0,1.0,B01,138Â 206Â 336,1.0
1011487,201900053018,6,14,11:30,1,2,6,1.0,1.0,13214,GIBBES (CHEMIN DE),M,"43,3241220","5,3821310",13,2019,50.0,1.0,1.0,4.0,2261932,1.0,2,4,1,0.0,,-1.0,0,1995.0,A01,138Â 206Â 337,1.0,0.0,-1.0,1726590,1.0,7,,0.0,2.0,1.0,A01,138Â 206Â 337,1.0
1011487,201900053018,6,14,11:30,1,2,6,1.0,1.0,13214,GIBBES (CHEMIN DE),M,"43,3241220","5,3821310",13,2019,50.0,1.0,1.0,4.0,2261933,1.0,1,4,1,9.0,,-1.0,0,1988.0,A01,138Â 206Â 337,1.0,0.0,-1.0,1726589,2.0,7,,0.0,2.0,1.0,B01,138Â 206Â 336,1.0
1011487,201900053018,6,14,11:30,1,2,6,1.0,1.0,13214,GIBBES (CHEMIN DE),M,"43,3241220","5,3821310",13,2019,50.0,1.0,1.0,4.0,2261933,1.0,1,4,1,9.0,,-1.0,0,1988.0,A01,138Â 206Â 337,1.0,0.0,-1.0,1726590,1.0,7,,0.0,2.0,1.0,A01,138Â 206Â 337,1.0
1011487,201900053018,6,14,11:30,1,2,6,1.0,1.0,13214,GIBBES (CHEMIN DE),M,"43,3241220","5,3821310",13,2019,50.0,1.0,1.0,4.0,2261934,2.0,2,1,1,9.0,,-1.0, -1,1983.0,A01,138Â 206Â 337,1.0,0.0,-1.0,1726589,2.0,7,,0.0,2.0,1.0,B01,138Â 206Â 336,1.0
1011487,201900053018,6,14,11:30,1,2,6,1.0,1.0,13214,GIBBES (CHEMIN DE),M,"43,3241220","5,3821310",13,2019,50.0,1.0,1.0,4.0,2261934,2.0,2,1,1,9.0,,-1.0, -1,1983.0,A01,138Â 206Â 337,1.0,0.0,-1.0,1726590,1.0,7,,0.0,2.0,1.0,A01,138Â 206Â 337,1.0
1011488,201900053019,6,14,07:00,2,2,3,1.0,3.0,13211,BERTHIER (BOULEVARD),M,"43,2933450","5,4342870",13,2019,50.0,1.0,1.0,4.0,2261935,1.0,1,4,2,1.0,,-1.0, -1,1981.0,B01,138Â 206Â 334,1.0,0.0,-1.0,1726591,3.0,7,,0.0,2.0,8.0,B01,138Â 206Â 334,1.0
1011488,201900053019,6,14,07:00,2,2,3,1.0,3.0,13211,BERTHIER (BOULEVARD),M,"43,2933450","5,4342870",13,2019,50.0,1.0,1.0,4.0,2261935,1.0,1,4,2,1.0,,-1.0, -1,1981.0,B01,138Â 206Â 334,1.0,0.0,-1.0,1726592,3.0,10,,0.0,2.0,1.0,A01,138Â 206Â 335,1.0
1011488,201900053019,6,14,07:00,2,2,3,1.0,3.0,13211,BERTHIER (BOULEVARD),M,"43,2933450","5,4342870",13,2019,50.0,1.0,1.0,4.0,2261936,1.0,1,1,1,1.0,,-1.0,0,1994.0,A01,138Â 206Â 335,1.0,0.0,-1.0,1726591,3.0,7,,0.0,2.0,8.0,B01,138Â 206Â 334,1.0
1011488,201900053019,6,14,07:00,2,2,3,1.0,3.0,13211,BERTHIER (BOULEVARD),M,"43,2933450","5,4342870",13,2019,50.0,1.0,1.0,4.0,2261936,1.0,1,1,1,1.0,,-1.0,0,1994.0,A01,138Â 206Â 335,1.0,0.0,-1.0,1726592,3.0,10,,0.0,2.0,1.0,A01,138Â 206Â 335,1.0
1011489,201900053020,6,13,20:30,2,2,1,1.0,7.0,13209,COL DE LA GINESTE D559,M,"43,2469200","5,4499300",13,2019,70.0,1.0,1.0,3.0,2261937,1.0,1,4,1,5.0,,-1.0, -1,1990.0,A01,138Â 206Â 333,2.0,7.0,-1.0,1726593,3.0,33,,10.0,0.0,7.0,A01,138Â 206Â 333,1.0
1011490,201900053021,6,13,13:25,1,2,1,1.0,6.0,13209,MARÃCHAL DE LATTRE (AVENUE),M,"43,2500100","5,4044400",13,2019,50.0,2.0,1.0,3.0,2261938,1.0,1,1,1,1.0,,-1.0, -1,1964.0,A01,138Â 206Â 332,2.0,6.0,-1.0,1726594,2.0,33,,0.0,1.0,1.0,A01,138Â 206Â 332,1.0
1011490,201900053021,6,13,13:25,1,2,1,1.0,6.0,13209,MARÃCHAL DE LATTRE (AVENUE),M,"43,2500100","5,4044400",13,2019,50.0,2.0,1.0,3.0,2261939,10.0,3,3,1,2.0,,3.0,3,2012.0,A01,138Â 206Â 332,8.0,0.0,-1.0,1726594,2.0,33,,0.0,1.0,1.0,A01,138Â 206Â 332,1.0
1011491,201900053022,6,12,22:35,5,2,1,1.0,3.0,13215,VISTE (AVENUE DE LA),M,"43,3600540","5,3576130",13,2019,50.0,1.0,1.0,3.0,2261940,1.0,1,4,1,9.0,,-1.0,0,1985.0,A01,138Â 206Â 331,2.0,6.0,-1.0,1726595,1.0,7,,0.0,2.0,0.0,B01,138Â 206Â 330,0.0
1011491,201900053022,6,12,22:35,5,2,1,1.0,3.0,13215,VISTE (AVENUE DE LA),M,"43,3600540","5,3576130",13,2019,50.0,1.0,1.0,3.0,2261940,1.0,1,4,1,9.0,,-1.0,0,1985.0,A01,138Â 206Â 331,2.0,6.0,-1.0,1726596,1.0,30,,0.0,2.0,0.0,A01,138Â 206Â 331,1.0
1011492,201900053023,6,12,20:30,1,2,1,1.0,3.0,13208,MENDES FRANCE (AVENUE),M,"43,2524100","5,3759000",13,2019,50.0,1.0,1.0,4.0,2261941,1.0,1,3,2,0.0,,-1.0, -1,1995.0,B01,138Â 206Â 328,2.0,0.0,-1.0,1726597,3.0,1,,0.0,2.0,7.0,B01,138Â 206Â 328,5.0
1011492,201900053023,6,12,20:30,1,2,1,1.0,3.0,13208,MENDES FRANCE (AVENUE),M,"43,2524100","5,3759000",13,2019,50.0,1.0,1.0,4.0,2261941,1.0,1,3,2,0.0,,-1.0, -1,1995.0,B01,138Â 206Â 328,2.0,0.0,-1.0,1726598,3.0,7,,0.0,2.0,3.0,A01,138Â 206Â 329,1.0
1011492,201900053023,6,12,20:30,1,2,1,1.0,3.0,13208,MENDES FRANCE (AVENUE),M,"43,2524100","5,3759000",13,2019,50.0,1.0,1.0,4.0,2261942,1.0,1,1,1,0.0,,-1.0,0,1998.0,A01,138Â 206Â 329,1.0,0.0,-1.0,1726597,3.0,1,,0.0,2.0,7.0,B01,138Â 206Â 328,5.0
1011492,201900053023,6,12,20:30,1,2,1,1.0,3.0,13208,MENDES FRANCE (AVENUE),M,"43,2524100","5,3759000",13,2019,50.0,1.0,1.0,4.0,2261942,1.0,1,1,1,0.0,,-1.0,0,1998.0,A01,138Â 206Â 329,1.0,0.0,-1.0,1726598,3.0,7,,0.0,2.0,3.0,A01,138Â 206Â 329,1.0
1011493,201900053024,6,12,20:00,2,2,1,1.0,5.0,13209,ROY D'ESPAGNE (chemin),M,"43,2438500","5,3965300",13,2019,50.0,1.0,1.0,4.0,2261943,2.0,2,4,1,5.0,,-1.0, -1,2011.0,B01,138Â 206Â 325,1.0,0.0,-1.0,1726599,2.0,7,,0.0,2.0,4.0,B01,138Â 206Â 325,1.0
1011493,201900053024,6,12,20:00,2,2,1,1.0,5.0,13209,ROY D'ESPAGNE (chemin),M,"43,2438500","5,3965300",13,2019,50.0,1.0,1.0,4.0,2261943,2.0,2,4,1,5.0,,-1.0, -1,2011.0,B01,138Â 206Â 325,1.0,0.0,-1.0,1726600,2.0,7,,0.0,2.0,4.0,C01,138Â 206Â 326,1.0
1011493,201900053024,6,12,20:00,2,2,1,1.0,5.0,13209,ROY D'ESPAGNE (chemin),M,"43,2438500","5,3965300",13,2019,50.0,1.0,1.0,4.0,2261943,2.0,2,4,1,5.0,,-1.0, -1,2011.0,B01,138Â 206Â 325,1.0,0.0,-1.0,1726601,2.0,7,,0.0,2.0,1.0,A01,138Â 206Â 327,1.0
1011493,201900053024,6,12,20:00,2,2,1,1.0,5.0,13209,ROY D'ESPAGNE (chemin),M,"43,2438500","5,3965300",13,2019,50.0,1.0,1.0,4.0,2261944,2.0,2,4,2,5.0,,-1.0, -1,1976.0,B01,138Â 206Â 325,1.0,0.0,-1.0,1726599,2.0,7,,0.0,2.0,4.0,B01,138Â 206Â 325,1.0
1011493,201900053024,6,12,20:00,2,2,1,1.0,5.0,13209,ROY D'ESPAGNE (chemin),M,"43,2438500","5,3965300",13,2019,50.0,1.0,1.0,4.0,2261944,2.0,2,4,2,5.0,,-1.0, -1,1976.0,B01,138Â 206Â 325,1.0,0.0,-1.0,1726600,2.0,7,,0.0,2.0,4.0,C01,138Â 206Â 326,1.0
1011493,201900053024,6,12,20:00,2,2,1,1.0,5.0,13209,ROY D'ESPAGNE (chemin),M,"43,2438500","5,3965300",13,2019,50.0,1.0,1.0,4.0,2261944,2.0,2,4,2,5.0,,-1.0, -1,1976.0,B01,138Â 206Â 325,1.0,0.0,-1.0,1726601,2.0,7,,0.0,2.0,1.0,A01,138Â 206Â 327,1.0
1011493,201900053024,6,12,20:00,2,2,1,1.0,5.0,13209,ROY D'ESPAGNE (chemin),M,"43,2438500","5,3965300",13,2019,50.0,1.0,1.0,4.0,2261945,1.0,1,4,1,5.0,,-1.0, -1,1979.0,B01,138Â 206Â 325,1.0,0.0,-1.0,1726599,2.0,7,,0.0,2.0,4.0,B01,138Â 206Â 325,1.0
1011493,201900053024,6,12,20:00,2,2,1,1.0,5.0,13209,ROY D'ESPAGNE (chemin),M,"43,2438500","5,3965300",13,2019,50.0,1.0,1.0,4.0,2261945,1.0,1,4,1,5.0,,-1.0, -1,1979.0,B01,138Â 206Â 325,1.0,0.0,-1.0,1726600,2.0,7,,0.0,2.0,4.0,C01,138Â 206Â 326,1.0
1011493,201900053024,6,12,20:00,2,2,1,1.0,5.0,13209,ROY D'ESPAGNE (chemin),M,"43,2438500","5,3965300",13,2019,50.0,1.0,1.0,4.0,2261945,1.0,1,4,1,5.0,,-1.0, -1,1979.0,B01,138Â 206Â 325,1.0,0.0,-1.0,1726601,2.0,7,,0.0,2.0,1.0,A01,138Â 206Â 327,1.0
1011493,201900053024,6,12,20:00,2,2,1,1.0,5.0,13209,ROY D'ESPAGNE (chemin),M,"43,2438500","5,3965300",13,2019,50.0,1.0,1.0,4.0,2261946,1.0,1,1,2,5.0,,-1.0, -1,1999.0,C01,138Â 206Â 326,1.0,8.0,-1.0,1726599,2.0,7,,0.0,2.0,4.0,B01,138Â 206Â 325,1.0
1011493,201900053024,6,12,20:00,2,2,1,1.0,5.0,13209,ROY D'ESPAGNE (chemin),M,"43,2438500","5,3965300",13,2019,50.0,1.0,1.0,4.0,2261946,1.0,1,1,2,5.0,,-1.0, -1,1999.0,C01,138Â 206Â 326,1.0,8.0,-1.0,1726600,2.0,7,,0.0,2.0,4.0,C01,138Â 206Â 326,1.0
1011493,201900053024,6,12,20:00,2,2,1,1.0,5.0,13209,ROY D'ESPAGNE (chemin),M,"43,2438500","5,3965300",13,2019,50.0,1.0,1.0,4.0,2261946,1.0,1,1,2,5.0,,-1.0, -1,1999.0,C01,138Â 206Â 326,1.0,8.0,-1.0,1726601,2.0,7,,0.0,2.0,1.0,A01,138Â 206Â 327,1.0
1011493,201900053024,6,12,20:00,2,2,1,1.0,5.0,13209,ROY D'ESPAGNE (chemin),M,"43,2438500","5,3965300",13,2019,50.0,1.0,1.0,4.0,2261947,1.0,1,1,2,5.0,,-1.0, -1,1998.0,A01,138Â 206Â 327,1.0,8.0,-1.0,1726599,2.0,7,,0.0,2.0,4.0,B01,138Â 206Â 325,1.0
1011493,201900053024,6,12,20:00,2,2,1,1.0,5.0,13209,ROY D'ESPAGNE (chemin),M,"43,2438500","5,3965300",13,2019,50.0,1.0,1.0,4.0,2261947,1.0,1,1,2,5.0,,-1.0, -1,1998.0,A01,138Â 206Â 327,1.0,8.0,-1.0,1726600,2.0,7,,0.0,2.0,4.0,C01,138Â 206Â 326,1.0
1011493,201900053024,6,12,20:00,2,2,1,1.0,5.0,13209,ROY D'ESPAGNE (chemin),M,"43,2438500","5,3965300",13,2019,50.0,1.0,1.0,4.0,2261947,1.0,1,1,2,5.0,,-1.0, -1,1998.0,A01,138Â 206Â 327,1.0,8.0,-1.0,1726601,2.0,7,,0.0,2.0,1.0,A01,138Â 206Â 327,1.0
1011494,201900053025,6,12,17:15,1,1,1,1.0,6.0,13216,YVES GIROUD (AVENUE),M,"43,3675200","5,3409700",13,2019,10.0,1.0,1.0,5.0,2261948,1.0,1,1,1,9.0,,0.0,0,1970.0,A01,138Â 206Â 324,1.0,0.0,-1.0,1726602,1.0,7,,0.0,1.0,6.0,A01,138Â 206Â 324,1.0
1011494,201900053025,6,12,17:15,1,1,1,1.0,6.0,13216,YVES GIROUD (AVENUE),M,"43,3675200","5,3409700",13,2019,10.0,1.0,1.0,5.0,2261949,10.0,3,4,1,5.0,,1.0,1,2007.0,A01,138Â 206Â 324,8.0,0.0,-1.0,1726602,1.0,7,,0.0,1.0,6.0,A01,138Â 206Â 324,1.0
1011495,201900053026,6,12,08:00,1,2,3,1.0,6.0,13208,PERIER (BOULEVARD),M,"43,2787800","5,3813340",13,2019,50.0,1.0,1.0,4.0,2261950,10.0,3,3,2,0.0,,2.0,3,1990.0,A01,138Â 206Â 323,8.0,0.0,-1.0,1726603,2.0,7,,0.0,1.0,1.0,A01,138Â 206Â 323,1.0
1011495,201900053026,6,12,08:00,1,2,3,1.0,6.0,13208,PERIER (BOULEVARD),M,"43,2787800","5,3813340",13,2019,50.0,1.0,1.0,4.0,2261951,1.0,1,1,1,1.0,,-1.0,0,1984.0,A01,138Â 206Â 323,1.0,0.0,-1.0,1726603,2.0,7,,0.0,1.0,1.0,A01,138Â 206Â 323,1.0
1011496,201900053027,6,11,21:00,2,2,1,2.0,6.0,13210,PONT DE VIVAUX (BOULEVARD),M,"43,2816300","5,4251200",13,2019,50.0,1.0,2.0,4.0,2261952,10.0,3,4,2,0.0,,2.0,3,1998.0,A01,138Â 206Â 322,8.0,0.0,-1.0,1726604,0.0,7,,0.0,1.0,0.0,A01,138Â 206Â 322,0.0
1011497,201900053028,6,11,17:00,1,2,1,2.0,3.0,13212,SAINT PIERRE (RUE),M,"43,2906300","5,4230300",13,2019,50.0,1.0,2.0,3.0,2261953,1.0,1,1,1,0.0,,-1.0, -1,2000.0,A01,138Â 206Â 320,1.0,0.0,-1.0,1726605,2.0,7,,0.0,2.0,2.0,A01,138Â 206Â 320,1.0
1011497,201900053028,6,11,17:00,1,2,1,2.0,3.0,13212,SAINT PIERRE (RUE),M,"43,2906300","5,4230300",13,2019,50.0,1.0,2.0,3.0,2261953,1.0,1,1,1,0.0,,-1.0, -1,2000.0,A01,138Â 206Â 320,1.0,0.0,-1.0,1726606,1.0,34,,0.0,2.0,1.0,B01,138Â 206Â 321,1.0
1011497,201900053028,6,11,17:00,1,2,1,2.0,3.0,13212,SAINT PIERRE (RUE),M,"43,2906300","5,4230300",13,2019,50.0,1.0,2.0,3.0,2261954,1.0,1,3,1,0.0,,-1.0, -1,1970.0,B01,138Â 206Â 321,2.0,0.0,-1.0,1726605,2.0,7,,0.0,2.0,2.0,A01,138Â 206Â 320,1.0
1011497,201900053028,6,11,17:00,1,2,1,2.0,3.0,13212,SAINT PIERRE (RUE),M,"43,2906300","5,4230300",13,2019,50.0,1.0,2.0,3.0,2261954,1.0,1,3,1,0.0,,-1.0, -1,1970.0,B01,138Â 206Â 321,2.0,0.0,-1.0,1726606,1.0,34,,0.0,2.0,1.0,B01,138Â 206Â 321,1.0
1011498,201900053029,6,11,12:30,1,2,1,8.0,6.0,13208,RAY GRASSI (AllÃ©e),M,"43,2700000","5,3930000",13,2019,30.0,1.0,1.0,4.0,2261955,10.0,3,4,1,2.0,,9.0,3,2004.0,A01,138Â 206Â 319,8.0,0.0,-1.0,1726607,0.0,10,,0.0,1.0,1.0,A01,138Â 206Â 319,1.0
1011499,201900053030,6,11,09:00,1,2,1,2.0,6.0,13212,CHARLES KADDOUZ (RUE),M,"43,3099800","5,4269500",13,2019,50.0,1.0,2.0,4.0,2261956,10.0,3,4,1,5.0,,3.0,3,2001.0,A01,138Â 206Â 318,8.0,0.0,-1.0,1726608,2.0,30,,0.0,1.0,2.0,A01,138Â 206Â 318,1.0
1011499,201900053030,6,11,09:00,1,2,1,2.0,6.0,13212,CHARLES KADDOUZ (RUE),M,"43,3099800","5,4269500",13,2019,50.0,1.0,2.0,4.0,2261957,1.0,1,4,2,1.0,,-1.0, -1,1996.0,A01,138Â 206Â 318,2.0,8.0,-1.0,1726608,2.0,30,,0.0,1.0,2.0,A01,138Â 206Â 318,1.0
1011500,201900053031,6,10,18:00,1,2,1,1.0,6.0,13210,RABATAU (BOULEVARD),M,"43,2769140","5,3981820",13,2019,50.0,1.0,1.0,4.0,2261958,10.0,3,3,2,1.0,,4.0,3,1999.0,A01,138Â 206Â 317,8.0,0.0,-1.0,1726609,2.0,2,,0.0,1.0,1.0,A01,138Â 206Â 317,1.0