Unnamed: 0_x,num_acc,mois,jour,hrmn,lum,agg,int,atm,col,com,adr,gps,lat,long,dep,annee,vma,situ,surf,catr,Unnamed: 0_y,place,catu,grav,sexe,trajet,secu,locp,actp,an_nais,num_veh_x,id_vehicule_x,secu1,secu2,secu3,Unnamed: 0,senc,catv,occutc,obs,obsm,choc,num_veh_y,id_vehicule_y,motor
1011500,201900053031,6,10,18:00,1,2,1,1.0,6.0,13210,RABATAU (BOULEVARD),M,"43,2769140","5,3981820",13,2019,50.0,1.0,1.0,4.0,2261959,1.0,1,1,1,0.0,,-1.0, -1,2001.0,A01,138Â 206Â 317,2.0,0.0,-1.0,1726609,2.0,2,,0.0,1.0,1.0,A01,138Â 206Â 317,1.0
1011501,201900053032,6,9,13:30,1,2,1,1.0,6.0,13211,boulevard de la BARASSE,M,"43,2847290","5,4839350",13,2019,50.0,1.0,1.0,4.0,2261960,1.0,1,3,1,5.0,,-1.0, -1,1992.0,A01,138Â 206Â 316,1.0,0.0,-1.0,1726610,1.0,7,,12.0,0.0,2.0,A01,138Â 206Â 316,1.0
1011502,201900053033,6,9,05:00,4,2,1,1.0,6.0,13205,OLIVIER (RUE DE L'),M,"43,2900000","5,3900000",13,2019,50.0,1.0,1.0,4.0,2261961,1.0,1,4,1,5.0,,-1.0, -1,1993.0,A01,138Â 206Â 315,1.0,8.0,-1.0,1726611,1.0,7,,1.0,0.0,2.0,A01,138Â 206Â 315,0.0
1011503,201900053034,6,9,00:30,5,2,1,1.0,6.0,13208,MENDES FRANCE (AVENUE),M,"43,2562500","5,3765400",13,2019,50.0,1.0,1.0,4.0,2261962,1.0,1,4,1,5.0,,-1.0, -1,1994.0,A01,138Â 206Â 314,2.0,6.0,-1.0,1726612,1.0,34,,0.0,2.0,4.0,A01,138Â 206Â 314,1.0
1011504,201900053035,6,8,23:40,5,2,1,1.0,1.0,13207,RIVE NEUVE (QUAI),M,"43,2929400","5,3691170",13,2019,50.0,1.0,1.0,4.0,2261963,1.0,1,1,1,5.0,,-1.0, -1,1956.0,A01,138Â 206Â 312,2.0,6.0,-1.0,1726613,2.0,34,,0.0,2.0,1.0,A01,138Â 206Â 312,1.0
1011504,201900053035,6,8,23:40,5,2,1,1.0,1.0,13207,RIVE NEUVE (QUAI),M,"43,2929400","5,3691170",13,2019,50.0,1.0,1.0,4.0,2261963,1.0,1,1,1,5.0,,-1.0, -1,1956.0,A01,138Â 206Â 312,2.0,6.0,-1.0,1726614,1.0,34,,0.0,2.0,1.0,B01,138Â 206Â 313,1.0
1011504,201900053035,6,8,23:40,5,2,1,1.0,1.0,13207,RIVE NEUVE (QUAI),M,"43,2929400","5,3691170",13,2019,50.0,1.0,1.0,4.0,2261964,10.0,3,4,1,5.0,,5.0,9,1988.0,A01,138Â 206Â 312,8.0,0.0,-1.0,1726613,2.0,34,,0.0,2.0,1.0,A01,138Â 206Â 312,1.0
1011504,201900053035,6,8,23:40,5,2,1,1.0,1.0,13207,RIVE NEUVE (QUAI),M,"43,2929400","5,3691170",13,2019,50.0,1.0,1.0,4.0,2261964,10.0,3,4,1,5.0,,5.0,9,1988.0,A01,138Â 206Â 312,8.0,0.0,-1.0,1726614,1.0,34,,0.0,2.0,1.0,B01,138Â 206Â 313,1.0
1011504,201900053035,6,8,23:40,5,2,1,1.0,1.0,13207,RIVE NEUVE (QUAI),M,"43,2929400","5,3691170",13,2019,50.0,1.0,1.0,4.0,2261965,1.0,1,4,1,1.0,,-1.0, -1,1985.0,B01,138Â 206Â 313,2.0,6.0,-1.0,1726613,2.0,34,,0.0,2.0,1.0,A01,138Â 206Â 312,1.0
1011504,201900053035,6,8,23:40,5,2,1,1.0,1.0,13207,RIVE NEUVE (QUAI),M,"43,2929400","5,3691170",13,2019,50.0,1.0,1.0,4.0,2261965,1.0,1,4,1,1.0,,-1.0, -1,1985.0,B01,138Â 206Â 313,2.0,6.0,-1.0,1726614,1.0,34,,0.0,2.0,1.0,B01,138Â 206Â 313,1.0
1011505,201900053036,6,8,18:45,1,2,2,1.0,3.0,13214,CAPITAINE GEZE (BOULEVARD),M,"43,3314300","5,3747700",13,2019,50.0,1.0,1.0,4.0,2261966,1.0,1,1,2,0.0,,-1.0,0,1986.0,A01,138Â 206Â 310,8.0,0.0,-1.0,1726615,0.0,7,,0.0,2.0,0.0,A01,138Â 206Â 310,1.0
1011505,201900053036,6,8,18:45,1,2,2,1.0,3.0,13214,CAPITAINE GEZE (BOULEVARD),M,"43,3314300","5,3747700",13,2019,50.0,1.0,1.0,4.0,2261966,1.0,1,1,2,0.0,,-1.0,0,1986.0,A01,138Â 206Â 310,8.0,0.0,-1.0,1726616,0.0,7,,0.0,2.0,0.0,B01,138Â 206Â 311,1.0
1011505,201900053036,6,8,18:45,1,2,2,1.0,3.0,13214,CAPITAINE GEZE (BOULEVARD),M,"43,3314300","5,3747700",13,2019,50.0,1.0,1.0,4.0,2261967,1.0,1,4,2,0.0,,-1.0,0,1999.0,B01,138Â 206Â 311,8.0,0.0,-1.0,1726615,0.0,7,,0.0,2.0,0.0,A01,138Â 206Â 310,1.0
1011505,201900053036,6,8,18:45,1,2,2,1.0,3.0,13214,CAPITAINE GEZE (BOULEVARD),M,"43,3314300","5,3747700",13,2019,50.0,1.0,1.0,4.0,2261967,1.0,1,4,2,0.0,,-1.0,0,1999.0,B01,138Â 206Â 311,8.0,0.0,-1.0,1726616,0.0,7,,0.0,2.0,0.0,B01,138Â 206Â 311,1.0
1011505,201900053036,6,8,18:45,1,2,2,1.0,3.0,13214,CAPITAINE GEZE (BOULEVARD),M,"43,3314300","5,3747700",13,2019,50.0,1.0,1.0,4.0,2261968,1.0,2,4,1,0.0,,-1.0,0,2007.0,B01,138Â 206Â 311,1.0,0.0,-1.0,1726615,0.0,7,,0.0,2.0,0.0,A01,138Â 206Â 310,1.0
1011505,201900053036,6,8,18:45,1,2,2,1.0,3.0,13214,CAPITAINE GEZE (BOULEVARD),M,"43,3314300","5,3747700",13,2019,50.0,1.0,1.0,4.0,2261968,1.0,2,4,1,0.0,,-1.0,0,2007.0,B01,138Â 206Â 311,1.0,0.0,-1.0,1726616,0.0,7,,0.0,2.0,0.0,B01,138Â 206Â 311,1.0
1011506,201900053037,6,8,18:00,1,2,1,1.0,6.0,13211,JEAN LOMBARD (AVENUE),M,"43,2890310","5,4301760",13,2019,50.0,1.0,1.0,4.0,2261969,1.0,1,3,1,1.0,,-1.0, -1,1996.0,B01,138Â 206Â 308,2.0,0.0,-1.0,1726617,1.0,31,,0.0,2.0,1.0,B01,138Â 206Â 308,1.0
1011506,201900053037,6,8,18:00,1,2,1,1.0,6.0,13211,JEAN LOMBARD (AVENUE),M,"43,2890310","5,4301760",13,2019,50.0,1.0,1.0,4.0,2261969,1.0,1,3,1,1.0,,-1.0, -1,1996.0,B01,138Â 206Â 308,2.0,0.0,-1.0,1726618,3.0,7,,0.0,2.0,2.0,A01,138Â 206Â 309,1.0
1011506,201900053037,6,8,18:00,1,2,1,1.0,6.0,13211,JEAN LOMBARD (AVENUE),M,"43,2890310","5,4301760",13,2019,50.0,1.0,1.0,4.0,2261970,3.0,2,1,1,0.0,,-1.0, -1,1992.0,A01,138Â 206Â 309,1.0,0.0,-1.0,1726617,1.0,31,,0.0,2.0,1.0,B01,138Â 206Â 308,1.0
1011506,201900053037,6,8,18:00,1,2,1,1.0,6.0,13211,JEAN LOMBARD (AVENUE),M,"43,2890310","5,4301760",13,2019,50.0,1.0,1.0,4.0,2261970,3.0,2,1,1,0.0,,-1.0, -1,1992.0,A01,138Â 206Â 309,1.0,0.0,-1.0,1726618,3.0,7,,0.0,2.0,2.0,A01,138Â 206Â 309,1.0
1011506,201900053037,6,8,18:00,1,2,1,1.0,6.0,13211,JEAN LOMBARD (AVENUE),M,"43,2890310","5,4301760",13,2019,50.0,1.0,1.0,4.0,2261971,1.0,1,1,1,5.0,,-1.0, -1,1993.0,A01,138Â 206Â 309,1.0,0.0,-1.0,1726617,1.0,31,,0.0,2.0,1.0,B01,138Â 206Â 308,1.0
1011506,201900053037,6,8,18:00,1,2,1,1.0,6.0,13211,JEAN LOMBARD (AVENUE),M,"43,2890310","5,4301760",13,2019,50.0,1.0,1.0,4.0,2261971,1.0,1,1,1,5.0,,-1.0, -1,1993.0,A01,138Â 206Â 309,1.0,0.0,-1.0,1726618,3.0,7,,0.0,2.0,2.0,A01,138Â 206Â 309,1.0
1011506,201900053037,6,8,18:00,1,2,1,1.0,6.0,13211,JEAN LOMBARD (AVENUE),M,"43,2890310","5,4301760",13,2019,50.0,1.0,1.0,4.0,2261972,4.0,2,1,2,5.0,,-1.0, -1,1992.0,A01,138Â 206Â 309,1.0,0.0,-1.0,1726617,1.0,31,,0.0,2.0,1.0,B01,138Â 206Â 308,1.0
1011506,201900053037,6,8,18:00,1,2,1,1.0,6.0,13211,JEAN LOMBARD (AVENUE),M,"43,2890310","5,4301760",13,2019,50.0,1.0,1.0,4.0,2261972,4.0,2,1,2,5.0,,-1.0, -1,1992.0,A01,138Â 206Â 309,1.0,0.0,-1.0,1726618,3.0,7,,0.0,2.0,2.0,A01,138Â 206Â 309,1.0
1011506,201900053037,6,8,18:00,1,2,1,1.0,6.0,13211,JEAN LOMBARD (AVENUE),M,"43,2890310","5,4301760",13,2019,50.0,1.0,1.0,4.0,2261973,2.0,2,1,1,5.0,,-1.0, -1,1992.0,A01,138Â 206Â 309,1.0,0.0,-1.0,1726617,1.0,31,,0.0,2.0,1.0,B01,138Â 206Â 308,1.0
1011506,201900053037,6,8,18:00,1,2,1,1.0,6.0,13211,JEAN LOMBARD (AVENUE),M,"43,2890310","5,4301760",13,2019,50.0,1.0,1.0,4.0,2261973,2.0,2,1,1,5.0,,-1.0, -1,1992.0,A01,138Â 206Â 309,1.0,0.0,-1.0,1726618,3.0,7,,0.0,2.0,2.0,A01,138Â 206Â 309,1.0
1011507,201900053038,6,8,12:40,1,2,1,1.0,2.0,13216,RABELAIS (RUE),M,"43,3607700","5,3284900",13,2019,50.0,1.0,1.0,4.0,2261974,1.0,1,4,2,1.0,,-1.0,0,1988.0,A01,138Â 206Â 307,1.0,8.0,-1.0,1726619,1.0,3,,0.0,2.0,1.0,Z01,138Â 206Â 306,0.0
1011507,201900053038,6,8,12:40,1,2,1,1.0,2.0,13216,RABELAIS (RUE),M,"43,3607700","5,3284900",13,2019,50.0,1.0,1.0,4.0,2261974,1.0,1,4,2,1.0,,-1.0,0,1988.0,A01,138Â 206Â 307,1.0,8.0,-1.0,1726620,1.0,3,,0.0,2.0,4.0,A01,138Â 206Â 307,0.0
1011507,201900053038,6,8,12:40,1,2,1,1.0,2.0,13216,RABELAIS (RUE),M,"43,3607700","5,3284900",13,2019,50.0,1.0,1.0,4.0,2261975,2.0,2,4,2,1.0,,-1.0, -1,1992.0,A01,138Â 206Â 307,1.0,0.0,-1.0,1726619,1.0,3,,0.0,2.0,1.0,Z01,138Â 206Â 306,0.0
1011507,201900053038,6,8,12:40,1,2,1,1.0,2.0,13216,RABELAIS (RUE),M,"43,3607700","5,3284900",13,2019,50.0,1.0,1.0,4.0,2261975,2.0,2,4,2,1.0,,-1.0, -1,1992.0,A01,138Â 206Â 307,1.0,0.0,-1.0,1726620,1.0,3,,0.0,2.0,4.0,A01,138Â 206Â 307,0.0
1011508,201900053039,6,8,13:55,1,2,9,1.0,3.0,13208,CLOT BEY (AVENUE),M,"43,2566500","5,3826600",13,2019,50.0,1.0,1.0,4.0,2261976,1.0,1,4,2,5.0,,-1.0, -1,1989.0,B01,138Â 206Â 304,2.0,8.0,-1.0,1726621,0.0,30,,0.0,2.0,8.0,B01,138Â 206Â 304,0.0
1011508,201900053039,6,8,13:55,1,2,9,1.0,3.0,13208,CLOT BEY (AVENUE),M,"43,2566500","5,3826600",13,2019,50.0,1.0,1.0,4.0,2261976,1.0,1,4,2,5.0,,-1.0, -1,1989.0,B01,138Â 206Â 304,2.0,8.0,-1.0,1726622,0.0,33,,0.0,2.0,1.0,A01,138Â 206Â 305,0.0
1011508,201900053039,6,8,13:55,1,2,9,1.0,3.0,13208,CLOT BEY (AVENUE),M,"43,2566500","5,3826600",13,2019,50.0,1.0,1.0,4.0,2261977,1.0,1,1,1,5.0,,-1.0,0,1999.0,A01,138Â 206Â 305,2.0,8.0,-1.0,1726621,0.0,30,,0.0,2.0,8.0,B01,138Â 206Â 304,0.0
1011508,201900053039,6,8,13:55,1,2,9,1.0,3.0,13208,CLOT BEY (AVENUE),M,"43,2566500","5,3826600",13,2019,50.0,1.0,1.0,4.0,2261977,1.0,1,1,1,5.0,,-1.0,0,1999.0,A01,138Â 206Â 305,2.0,8.0,-1.0,1726622,0.0,33,,0.0,2.0,1.0,A01,138Â 206Â 305,0.0
1011509,201900053040,6,5,18:45,1,2,3,1.0,3.0,13207,CORDERIE (BOULEVARD DE LA),M,"43,2900710","5,3676180",13,2019,50.0,1.0,1.0,4.0,2261978,1.0,1,4,1,5.0,,-1.0, -1,1962.0,B01,138Â 206Â 302,2.0,8.0,-1.0,1726623,1.0,31,,0.0,2.0,1.0,B01,138Â 206Â 302,1.0
1011509,201900053040,6,5,18:45,1,2,3,1.0,3.0,13207,CORDERIE (BOULEVARD DE LA),M,"43,2900710","5,3676180",13,2019,50.0,1.0,1.0,4.0,2261978,1.0,1,4,1,5.0,,-1.0, -1,1962.0,B01,138Â 206Â 302,2.0,8.0,-1.0,1726624,1.0,2,,0.0,2.0,2.0,A01,138Â 206Â 303,1.0
1011509,201900053040,6,5,18:45,1,2,3,1.0,3.0,13207,CORDERIE (BOULEVARD DE LA),M,"43,2900710","5,3676180",13,2019,50.0,1.0,1.0,4.0,2261979,1.0,1,4,1,5.0,,-1.0,0,2002.0,A01,138Â 206Â 303,2.0,8.0,-1.0,1726623,1.0,31,,0.0,2.0,1.0,B01,138Â 206Â 302,1.0
1011509,201900053040,6,5,18:45,1,2,3,1.0,3.0,13207,CORDERIE (BOULEVARD DE LA),M,"43,2900710","5,3676180",13,2019,50.0,1.0,1.0,4.0,2261979,1.0,1,4,1,5.0,,-1.0,0,2002.0,A01,138Â 206Â 303,2.0,8.0,-1.0,1726624,1.0,2,,0.0,2.0,2.0,A01,138Â 206Â 303,1.0
1011510,201900053041,6,8,03:50,5,2,1,1.0,7.0,13002,PROVENCE (AVENUE DE),M,"43,3236700","5,4784900",13,2019,80.0,1.0,1.0,4.0,2261980,1.0,1,4,1,5.0,,-1.0, -1,1997.0,A01,138Â 206Â 301,1.0,8.0,-1.0,1726625,1.0,7,,5.0,0.0,9.0,A01,138Â 206Â 301,1.0
1011511,201900053042,6,8,04:31,5,2,1,1.0,6.0,13201,CANEBIERE    30 A 68,M,"43,2963930","5,3777070",13,2019,50.0,1.0,1.0,4.0,2261981,1.0,1,1,1,9.0,,0.0,0,1982.0,A01,138Â 206Â 300,2.0,0.0,-1.0,1726626,1.0,34,,0.0,1.0,1.0,A01,138Â 206Â 300,1.0
1011511,201900053042,6,8,04:31,5,2,1,1.0,6.0,13201,CANEBIERE    30 A 68,M,"43,2963930","5,3777070",13,2019,50.0,1.0,1.0,4.0,2261982,10.0,3,4,1,0.0,,1.0,3,2000.0,A01,138Â 206Â 300,8.0,0.0,-1.0,1726626,1.0,34,,0.0,1.0,1.0,A01,138Â 206Â 300,1.0
1011511,201900053042,6,8,04:31,5,2,1,1.0,6.0,13201,CANEBIERE    30 A 68,M,"43,2963930","5,3777070",13,2019,50.0,1.0,1.0,4.0,2261983,10.0,3,3,1,0.0,,1.0,3,1963.0,A01,138Â 206Â 300,8.0,0.0,-1.0,1726626,1.0,34,,0.0,1.0,1.0,A01,138Â 206Â 300,1.0
1011512,201900053043,6,7,17:30,1,2,1,1.0,6.0,13212,MONTOLIVET (AVENUE DE),M,"43,3143660","5,4138480",13,2019,50.0,1.0,1.0,4.0,2261984,1.0,1,1,2,5.0,,-1.0, -1,1984.0,A01,138Â 206Â 298,1.0,0.0,-1.0,1726627,1.0,7,,0.0,1.0,0.0,A01,138Â 206Â 298,1.0
1011512,201900053043,6,7,17:30,1,2,1,1.0,6.0,13212,MONTOLIVET (AVENUE DE),M,"43,3143660","5,4138480",13,2019,50.0,1.0,1.0,4.0,2261984,1.0,1,1,2,5.0,,-1.0, -1,1984.0,A01,138Â 206Â 298,1.0,0.0,-1.0,1726628,1.0,7,,0.0,2.0,0.0,Z01,138Â 206Â 299,0.0
1011512,201900053043,6,7,17:30,1,2,1,1.0,6.0,13212,MONTOLIVET (AVENUE DE),M,"43,3143660","5,4138480",13,2019,50.0,1.0,1.0,4.0,2261985,10.0,3,3,2,0.0,,3.0,3,1958.0,A01,138Â 206Â 298,8.0,0.0,-1.0,1726627,1.0,7,,0.0,1.0,0.0,A01,138Â 206Â 298,1.0
1011512,201900053043,6,7,17:30,1,2,1,1.0,6.0,13212,MONTOLIVET (AVENUE DE),M,"43,3143660","5,4138480",13,2019,50.0,1.0,1.0,4.0,2261985,10.0,3,3,2,0.0,,3.0,3,1958.0,A01,138Â 206Â 298,8.0,0.0,-1.0,1726628,1.0,7,,0.0,2.0,0.0,Z01,138Â 206Â 299,0.0
1011513,201900053044,6,7,12:25,1,2,3,1.0,3.0,13212,MONTOLIVET (AVENUE DE),M,"43,3100000","5,4000000",13,2019,50.0,2.0,1.0,4.0,2261986,1.0,1,1,1,1.0,,-1.0, -1,1985.0,A01,138Â 206Â 296,1.0,0.0,-1.0,1726629,2.0,10,,0.0,2.0,2.0,A01,138Â 206Â 296,1.0
1011513,201900053044,6,7,12:25,1,2,3,1.0,3.0,13212,MONTOLIVET (AVENUE DE),M,"43,3100000","5,4000000",13,2019,50.0,2.0,1.0,4.0,2261986,1.0,1,1,1,1.0,,-1.0, -1,1985.0,A01,138Â 206Â 296,1.0,0.0,-1.0,1726630,1.0,7,,0.0,2.0,1.0,B01,138Â 206Â 297,1.0
1011513,201900053044,6,7,12:25,1,2,3,1.0,3.0,13212,MONTOLIVET (AVENUE DE),M,"43,3100000","5,4000000",13,2019,50.0,2.0,1.0,4.0,2261987,1.0,1,4,1,1.0,,-1.0, -1,1962.0,B01,138Â 206Â 297,1.0,0.0,-1.0,1726629,2.0,10,,0.0,2.0,2.0,A01,138Â 206Â 296,1.0
1011513,201900053044,6,7,12:25,1,2,3,1.0,3.0,13212,MONTOLIVET (AVENUE DE),M,"43,3100000","5,4000000",13,2019,50.0,2.0,1.0,4.0,2261987,1.0,1,4,1,1.0,,-1.0, -1,1962.0,B01,138Â 206Â 297,1.0,0.0,-1.0,1726630,1.0,7,,0.0,2.0,1.0,B01,138Â 206Â 297,1.0
1011514,201900053045,6,7,10:30,1,2,9,1.0,3.0,13211,MONTRE (TRAVERSE DE LA),M,"43,2977300","5,4784200",13,2019,20.0,1.0,1.0,6.0,2261988,1.0,1,4,2,5.0,,-1.0, -1,1989.0,B01,138Â 206Â 294,1.0,0.0,-1.0,1726631,3.0,7,,0.0,2.0,8.0,B01,138Â 206Â 294,1.0
1011514,201900053045,6,7,10:30,1,2,9,1.0,3.0,13211,MONTRE (TRAVERSE DE LA),M,"43,2977300","5,4784200",13,2019,20.0,1.0,1.0,6.0,2261988,1.0,1,4,2,5.0,,-1.0, -1,1989.0,B01,138Â 206Â 294,1.0,0.0,-1.0,1726632,3.0,7,,0.0,2.0,1.0,A01,138Â 206Â 295,1.0
1011514,201900053045,6,7,10:30,1,2,9,1.0,3.0,13211,MONTRE (TRAVERSE DE LA),M,"43,2977300","5,4784200",13,2019,20.0,1.0,1.0,6.0,2261989,1.0,1,1,1,5.0,,-1.0, -1,1996.0,A01,138Â 206Â 295,1.0,0.0,-1.0,1726631,3.0,7,,0.0,2.0,8.0,B01,138Â 206Â 294,1.0
1011514,201900053045,6,7,10:30,1,2,9,1.0,3.0,13211,MONTRE (TRAVERSE DE LA),M,"43,2977300","5,4784200",13,2019,20.0,1.0,1.0,6.0,2261989,1.0,1,1,1,5.0,,-1.0, -1,1996.0,A01,138Â 206Â 295,1.0,0.0,-1.0,1726632,3.0,7,,0.0,2.0,1.0,A01,138Â 206Â 295,1.0
1011515,201900053046,6,7,10:45,1,2,1,1.0,3.0,13206,EDMOND ROSTAND (RUE),M,"43,2902500","5,3795300",13,2019,50.0,1.0,1.0,4.0,2261990,1.0,1,1,1,4.0,,0.0,0,1990.0,B01,138Â 206Â 292,1.0,8.0,-1.0,1726633,2.0,10,,0.0,0.0,0.0,B01,138Â 206Â 292,0.0
1011515,201900053046,6,7,10:45,1,2,1,1.0,3.0,13206,EDMOND ROSTAND (RUE),M,"43,2902500","5,3795300",13,2019,50.0,1.0,1.0,4.0,2261990,1.0,1,1,1,4.0,,0.0,0,1990.0,B01,138Â 206Â 292,1.0,8.0,-1.0,1726634,2.0,50,,0.0,2.0,8.0,A01,138Â 206Â 293,3.0
1011515,201900053046,6,7,10:45,1,2,1,1.0,3.0,13206,EDMOND ROSTAND (RUE),M,"43,2902500","5,3795300",13,2019,50.0,1.0,1.0,4.0,2261991,1.0,1,4,2,1.0,,0.0,0,1984.0,A01,138Â 206Â 293,8.0,0.0,-1.0,1726633,2.0,10,,0.0,0.0,0.0,B01,138Â 206Â 292,0.0
1011515,201900053046,6,7,10:45,1,2,1,1.0,3.0,13206,EDMOND ROSTAND (RUE),M,"43,2902500","5,3795300",13,2019,50.0,1.0,1.0,4.0,2261991,1.0,1,4,2,1.0,,0.0,0,1984.0,A01,138Â 206Â 293,8.0,0.0,-1.0,1726634,2.0,50,,0.0,2.0,8.0,A01,138Â 206Â 293,3.0
1011516,201900053047,6,6,14:00,1,2,1,1.0,4.0,13205,SAINT PIERRE (RUE),M,"43,2916900","5,4140300",13,2019,50.0,1.0,1.0,4.0,2261992,1.0,1,1,1,0.0,,-1.0,0,1971.0,A01,138Â 206Â 289,1.0,0.0,-1.0,1726635,1.0,7,,0.0,2.0,1.0,A01,138Â 206Â 289,1.0
1011516,201900053047,6,6,14:00,1,2,1,1.0,4.0,13205,SAINT PIERRE (RUE),M,"43,2916900","5,4140300",13,2019,50.0,1.0,1.0,4.0,2261992,1.0,1,1,1,0.0,,-1.0,0,1971.0,A01,138Â 206Â 289,1.0,0.0,-1.0,1726636,1.0,7,,0.0,2.0,4.0,B01,138Â 206Â 290,1.0
1011516,201900053047,6,6,14:00,1,2,1,1.0,4.0,13205,SAINT PIERRE (RUE),M,"43,2916900","5,4140300",13,2019,50.0,1.0,1.0,4.0,2261992,1.0,1,1,1,0.0,,-1.0,0,1971.0,A01,138Â 206Â 289,1.0,0.0,-1.0,1726637,1.0,7,,0.0,2.0,4.0,C01,138Â 206Â 291,1.0
1011516,201900053047,6,6,14:00,1,2,1,1.0,4.0,13205,SAINT PIERRE (RUE),M,"43,2916900","5,4140300",13,2019,50.0,1.0,1.0,4.0,2261993,1.0,1,4,2,5.0,,-1.0, -1,1999.0,B01,138Â 206Â 290,1.0,0.0,-1.0,1726635,1.0,7,,0.0,2.0,1.0,A01,138Â 206Â 289,1.0
1011516,201900053047,6,6,14:00,1,2,1,1.0,4.0,13205,SAINT PIERRE (RUE),M,"43,2916900","5,4140300",13,2019,50.0,1.0,1.0,4.0,2261993,1.0,1,4,2,5.0,,-1.0, -1,1999.0,B01,138Â 206Â 290,1.0,0.0,-1.0,1726636,1.0,7,,0.0,2.0,4.0,B01,138Â 206Â 290,1.0
1011516,201900053047,6,6,14:00,1,2,1,1.0,4.0,13205,SAINT PIERRE (RUE),M,"43,2916900","5,4140300",13,2019,50.0,1.0,1.0,4.0,2261993,1.0,1,4,2,5.0,,-1.0, -1,1999.0,B01,138Â 206Â 290,1.0,0.0,-1.0,1726637,1.0,7,,0.0,2.0,4.0,C01,138Â 206Â 291,1.0
1011516,201900053047,6,6,14:00,1,2,1,1.0,4.0,13205,SAINT PIERRE (RUE),M,"43,2916900","5,4140300",13,2019,50.0,1.0,1.0,4.0,2261994,1.0,1,1,1,9.0,,0.0,0,1955.0,C01,138Â 206Â 291,1.0,0.0,-1.0,1726635,1.0,7,,0.0,2.0,1.0,A01,138Â 206Â 289,1.0
1011516,201900053047,6,6,14:00,1,2,1,1.0,4.0,13205,SAINT PIERRE (RUE),M,"43,2916900","5,4140300",13,2019,50.0,1.0,1.0,4.0,2261994,1.0,1,1,1,9.0,,0.0,0,1955.0,C01,138Â 206Â 291,1.0,0.0,-1.0,1726636,1.0,7,,0.0,2.0,4.0,B01,138Â 206Â 290,1.0
1011516,201900053047,6,6,14:00,1,2,1,1.0,4.0,13205,SAINT PIERRE (RUE),M,"43,2916900","5,4140300",13,2019,50.0,1.0,1.0,4.0,2261994,1.0,1,1,1,9.0,,0.0,0,1955.0,C01,138Â 206Â 291,1.0,0.0,-1.0,1726637,1.0,7,,0.0,2.0,4.0,C01,138Â 206Â 291,1.0
1011517,201900053048,6,6,08:00,1,2,1,1.0,2.0,13206,PAUL PEYTRAL (BOULEVARD),M,"43,2900400","5,3793200",13,2019,50.0,1.0,1.0,4.0,2261995,1.0,1,4,2,1.0,,-1.0, -1,1959.0,B01,138Â 206Â 287,1.0,0.0,-1.0,1726638,1.0,7,,0.0,2.0,4.0,B01,138Â 206Â 287,1.0
1011517,201900053048,6,6,08:00,1,2,1,1.0,2.0,13206,PAUL PEYTRAL (BOULEVARD),M,"43,2900400","5,3793200",13,2019,50.0,1.0,1.0,4.0,2261995,1.0,1,4,2,1.0,,-1.0, -1,1959.0,B01,138Â 206Â 287,1.0,0.0,-1.0,1726639,1.0,7,,0.0,2.0,1.0,A01,138Â 206Â 288,1.0
1011517,201900053048,6,6,08:00,1,2,1,1.0,2.0,13206,PAUL PEYTRAL (BOULEVARD),M,"43,2900400","5,3793200",13,2019,50.0,1.0,1.0,4.0,2261996,1.0,1,1,2,1.0,,-1.0, -1,1993.0,A01,138Â 206Â 288,1.0,0.0,-1.0,1726638,1.0,7,,0.0,2.0,4.0,B01,138Â 206Â 287,1.0
1011517,201900053048,6,6,08:00,1,2,1,1.0,2.0,13206,PAUL PEYTRAL (BOULEVARD),M,"43,2900400","5,3793200",13,2019,50.0,1.0,1.0,4.0,2261996,1.0,1,1,2,1.0,,-1.0, -1,1993.0,A01,138Â 206Â 288,1.0,0.0,-1.0,1726639,1.0,7,,0.0,2.0,1.0,A01,138Â 206Â 288,1.0
1011518,201900053049,6,5,21:00,2,2,3,1.0,3.0,13211,BOIGNE (BOULEVARD),M,"43,2887640","5,4594950",13,2019,50.0,1.0,1.0,4.0,2261997,1.0,1,1,2,5.0,,-1.0, -1,1943.0,A01,138Â 206Â 285,1.0,8.0,-1.0,1726640,2.0,7,,0.0,2.0,6.0,A01,138Â 206Â 285,1.0
1011518,201900053049,6,5,21:00,2,2,3,1.0,3.0,13211,BOIGNE (BOULEVARD),M,"43,2887640","5,4594950",13,2019,50.0,1.0,1.0,4.0,2261997,1.0,1,1,2,5.0,,-1.0, -1,1943.0,A01,138Â 206Â 285,1.0,8.0,-1.0,1726641,1.0,34,,0.0,2.0,3.0,B01,138Â 206Â 286,1.0
1011518,201900053049,6,5,21:00,2,2,3,1.0,3.0,13211,BOIGNE (BOULEVARD),M,"43,2887640","5,4594950",13,2019,50.0,1.0,1.0,4.0,2261998,1.0,1,4,1,5.0,,-1.0, -1,1997.0,B01,138Â 206Â 286,2.0,8.0,-1.0,1726640,2.0,7,,0.0,2.0,6.0,A01,138Â 206Â 285,1.0
1011518,201900053049,6,5,21:00,2,2,3,1.0,3.0,13211,BOIGNE (BOULEVARD),M,"43,2887640","5,4594950",13,2019,50.0,1.0,1.0,4.0,2261998,1.0,1,4,1,5.0,,-1.0, -1,1997.0,B01,138Â 206Â 286,2.0,8.0,-1.0,1726641,1.0,34,,0.0,2.0,3.0,B01,138Â 206Â 286,1.0
1011519,201900053050,6,5,20:45,1,2,1,1.0,3.0,13208,MADRAGUE DE MONTREDON (AVE DE LA) ,M,"43,2368900","5,3628500",13,2019,30.0,1.0,1.0,4.0,2261999,1.0,1,4,2,5.0,,-1.0, -1,1995.0,B01,138Â 206Â 283,1.0,0.0,-1.0,1726642,1.0,7,,0.0,2.0,2.0,B01,138Â 206Â 283,0.0