Unnamed: 0_x,num_acc,mois,jour,hrmn,lum,agg,int,atm,col,com,adr,gps,lat,long,dep,annee,vma,situ,surf,catr,Unnamed: 0_y,place,catu,grav,sexe,trajet,secu,locp,actp,an_nais,num_veh_x,id_vehicule_x,secu1,secu2,secu3,Unnamed: 0,senc,catv,occutc,obs,obsm,choc,num_veh_y,id_vehicule_y,motor
1011519,201900053050,6,5,20:45,1,2,1,1.0,3.0,13208,MADRAGUE DE MONTREDON (AVE DE LA) ,M,"43,2368900","5,3628500",13,2019,30.0,1.0,1.0,4.0,2261999,1.0,1,4,2,5.0,,-1.0, -1,1995.0,B01,138Â 206Â 283,1.0,0.0,-1.0,1726643,1.0,7,,0.0,2.0,3.0,A01,138Â 206Â 284,0.0
1011519,201900053050,6,5,20:45,1,2,1,1.0,3.0,13208,MADRAGUE DE MONTREDON (AVE DE LA) ,M,"43,2368900","5,3628500",13,2019,30.0,1.0,1.0,4.0,2262000,1.0,1,4,2,0.0,,-1.0, -1,1995.0,A01,138Â 206Â 284,1.0,0.0,-1.0,1726642,1.0,7,,0.0,2.0,2.0,B01,138Â 206Â 283,0.0
1011519,201900053050,6,5,20:45,1,2,1,1.0,3.0,13208,MADRAGUE DE MONTREDON (AVE DE LA) ,M,"43,2368900","5,3628500",13,2019,30.0,1.0,1.0,4.0,2262000,1.0,1,4,2,0.0,,-1.0, -1,1995.0,A01,138Â 206Â 284,1.0,0.0,-1.0,1726643,1.0,7,,0.0,2.0,3.0,A01,138Â 206Â 284,0.0
1011520,201900053051,6,5,18:35,1,2,1,1.0,3.0,13002,CANTON VERT (AVENUE DU),M,"43,3407280","5,4730200",13,2019,50.0,1.0,1.0,4.0,2262001,1.0,1,1,1,0.0,,-1.0, -1,1986.0,B01,138Â 206Â 281,1.0,0.0,-1.0,1726644,0.0,7,,0.0,2.0,8.0,B01,138Â 206Â 281,1.0
1011520,201900053051,6,5,18:35,1,2,1,1.0,3.0,13002,CANTON VERT (AVENUE DU),M,"43,3407280","5,4730200",13,2019,50.0,1.0,1.0,4.0,2262001,1.0,1,1,1,0.0,,-1.0, -1,1986.0,B01,138Â 206Â 281,1.0,0.0,-1.0,1726645,0.0,2,,0.0,2.0,1.0,A01,138Â 206Â 282,1.0
1011520,201900053051,6,5,18:35,1,2,1,1.0,3.0,13002,CANTON VERT (AVENUE DU),M,"43,3407280","5,4730200",13,2019,50.0,1.0,1.0,4.0,2262002,1.0,1,4,1,5.0,,-1.0,0,2001.0,A01,138Â 206Â 282,2.0,0.0,-1.0,1726644,0.0,7,,0.0,2.0,8.0,B01,138Â 206Â 281,1.0
1011520,201900053051,6,5,18:35,1,2,1,1.0,3.0,13002,CANTON VERT (AVENUE DU),M,"43,3407280","5,4730200",13,2019,50.0,1.0,1.0,4.0,2262002,1.0,1,4,1,5.0,,-1.0,0,2001.0,A01,138Â 206Â 282,2.0,0.0,-1.0,1726645,0.0,2,,0.0,2.0,1.0,A01,138Â 206Â 282,1.0
1011521,201900053052,6,5,18:45,1,2,9,1.0,6.0,13209,MORGIOU (chemin de ),M,"43,2340830","5,4118450",13,2019,50.0,1.0,1.0,4.0,2262003,10.0,3,3,1,9.0,,1.0,3,1948.0,A01,138Â 206Â 280,8.0,0.0,-1.0,1726646,1.0,30,,0.0,1.0,1.0,A01,138Â 206Â 280,6.0
1011521,201900053052,6,5,18:45,1,2,9,1.0,6.0,13209,MORGIOU (chemin de ),M,"43,2340830","5,4118450",13,2019,50.0,1.0,1.0,4.0,2262004,1.0,1,1,2,9.0,,-1.0,0,2002.0,A01,138Â 206Â 280,2.0,0.0,-1.0,1726646,1.0,30,,0.0,1.0,1.0,A01,138Â 206Â 280,6.0
1011522,201900053053,6,5,17:00,1,2,1,1.0,5.0,13002,PROVENCE (AVENUE DE),M,"43,3258980","5,4804240",13,2019,50.0,1.0,1.0,4.0,2262005,1.0,1,3,1,0.0,,-1.0, -1,2000.0,B01,138Â 206Â 277,2.0,0.0,-1.0,1726647,2.0,31,,0.0,2.0,7.0,B01,138Â 206Â 277,0.0
1011522,201900053053,6,5,17:00,1,2,1,1.0,5.0,13002,PROVENCE (AVENUE DE),M,"43,3258980","5,4804240",13,2019,50.0,1.0,1.0,4.0,2262005,1.0,1,3,1,0.0,,-1.0, -1,2000.0,B01,138Â 206Â 277,2.0,0.0,-1.0,1726648,1.0,7,,0.0,2.0,8.0,C01,138Â 206Â 278,0.0
1011522,201900053053,6,5,17:00,1,2,1,1.0,5.0,13002,PROVENCE (AVENUE DE),M,"43,3258980","5,4804240",13,2019,50.0,1.0,1.0,4.0,2262005,1.0,1,3,1,0.0,,-1.0, -1,2000.0,B01,138Â 206Â 277,2.0,0.0,-1.0,1726649,2.0,7,,0.0,2.0,0.0,A01,138Â 206Â 279,0.0
1011522,201900053053,6,5,17:00,1,2,1,1.0,5.0,13002,PROVENCE (AVENUE DE),M,"43,3258980","5,4804240",13,2019,50.0,1.0,1.0,4.0,2262006,2.0,2,3,1,0.0,,-1.0, -1,2000.0,B01,138Â 206Â 277,2.0,0.0,-1.0,1726647,2.0,31,,0.0,2.0,7.0,B01,138Â 206Â 277,0.0
1011522,201900053053,6,5,17:00,1,2,1,1.0,5.0,13002,PROVENCE (AVENUE DE),M,"43,3258980","5,4804240",13,2019,50.0,1.0,1.0,4.0,2262006,2.0,2,3,1,0.0,,-1.0, -1,2000.0,B01,138Â 206Â 277,2.0,0.0,-1.0,1726648,1.0,7,,0.0,2.0,8.0,C01,138Â 206Â 278,0.0
1011522,201900053053,6,5,17:00,1,2,1,1.0,5.0,13002,PROVENCE (AVENUE DE),M,"43,3258980","5,4804240",13,2019,50.0,1.0,1.0,4.0,2262006,2.0,2,3,1,0.0,,-1.0, -1,2000.0,B01,138Â 206Â 277,2.0,0.0,-1.0,1726649,2.0,7,,0.0,2.0,0.0,A01,138Â 206Â 279,0.0
1011522,201900053053,6,5,17:00,1,2,1,1.0,5.0,13002,PROVENCE (AVENUE DE),M,"43,3258980","5,4804240",13,2019,50.0,1.0,1.0,4.0,2262007,1.0,1,1,2,0.0,,-1.0, -1,1980.0,C01,138Â 206Â 278,1.0,0.0,-1.0,1726647,2.0,31,,0.0,2.0,7.0,B01,138Â 206Â 277,0.0
1011522,201900053053,6,5,17:00,1,2,1,1.0,5.0,13002,PROVENCE (AVENUE DE),M,"43,3258980","5,4804240",13,2019,50.0,1.0,1.0,4.0,2262007,1.0,1,1,2,0.0,,-1.0, -1,1980.0,C01,138Â 206Â 278,1.0,0.0,-1.0,1726648,1.0,7,,0.0,2.0,8.0,C01,138Â 206Â 278,0.0
1011522,201900053053,6,5,17:00,1,2,1,1.0,5.0,13002,PROVENCE (AVENUE DE),M,"43,3258980","5,4804240",13,2019,50.0,1.0,1.0,4.0,2262007,1.0,1,1,2,0.0,,-1.0, -1,1980.0,C01,138Â 206Â 278,1.0,0.0,-1.0,1726649,2.0,7,,0.0,2.0,0.0,A01,138Â 206Â 279,0.0
1011522,201900053053,6,5,17:00,1,2,1,1.0,5.0,13002,PROVENCE (AVENUE DE),M,"43,3258980","5,4804240",13,2019,50.0,1.0,1.0,4.0,2262008,1.0,1,1,2,5.0,,-1.0, -1,1998.0,A01,138Â 206Â 279,1.0,0.0,-1.0,1726647,2.0,31,,0.0,2.0,7.0,B01,138Â 206Â 277,0.0
1011522,201900053053,6,5,17:00,1,2,1,1.0,5.0,13002,PROVENCE (AVENUE DE),M,"43,3258980","5,4804240",13,2019,50.0,1.0,1.0,4.0,2262008,1.0,1,1,2,5.0,,-1.0, -1,1998.0,A01,138Â 206Â 279,1.0,0.0,-1.0,1726648,1.0,7,,0.0,2.0,8.0,C01,138Â 206Â 278,0.0
1011522,201900053053,6,5,17:00,1,2,1,1.0,5.0,13002,PROVENCE (AVENUE DE),M,"43,3258980","5,4804240",13,2019,50.0,1.0,1.0,4.0,2262008,1.0,1,1,2,5.0,,-1.0, -1,1998.0,A01,138Â 206Â 279,1.0,0.0,-1.0,1726649,2.0,7,,0.0,2.0,0.0,A01,138Â 206Â 279,0.0
1011523,201900053054,6,5,09:50,1,2,1,1.0,6.0,13216,A. NEGIS (RUE),M,"43,3612800","5,3305660",13,2019,30.0,1.0,1.0,4.0,2262009,1.0,1,1,1,0.0,,-1.0, -1,1956.0,A01,138Â 206Â 276,1.0,0.0,-1.0,1726650,2.0,7,,0.0,1.0,3.0,A01,138Â 206Â 276,1.0
1011523,201900053054,6,5,09:50,1,2,1,1.0,6.0,13216,A. NEGIS (RUE),M,"43,3612800","5,3305660",13,2019,30.0,1.0,1.0,4.0,2262010,10.0,3,4,2,3.0,,3.0,3,1946.0,A01,138Â 206Â 276,8.0,0.0,-1.0,1726650,2.0,7,,0.0,1.0,3.0,A01,138Â 206Â 276,1.0
1011524,201900053055,6,4,17:09,1,2,3,1.0,3.0,13210,CAPELETTE (AVENUE DE LA),M,"43,2807500","5,4073510",13,2019,50.0,1.0,1.0,4.0,2262011,3.0,2,1,2,5.0,,-1.0, -1,1998.0,A01,138Â 206Â 274,1.0,8.0,-1.0,1726651,0.0,7,,0.0,2.0,3.0,A01,138Â 206Â 274,1.0
1011524,201900053055,6,4,17:09,1,2,3,1.0,3.0,13210,CAPELETTE (AVENUE DE LA),M,"43,2807500","5,4073510",13,2019,50.0,1.0,1.0,4.0,2262011,3.0,2,1,2,5.0,,-1.0, -1,1998.0,A01,138Â 206Â 274,1.0,8.0,-1.0,1726652,0.0,2,,0.0,2.0,1.0,B01,138Â 206Â 275,1.0
1011524,201900053055,6,4,17:09,1,2,3,1.0,3.0,13210,CAPELETTE (AVENUE DE LA),M,"43,2807500","5,4073510",13,2019,50.0,1.0,1.0,4.0,2262012,1.0,1,1,1,5.0,,-1.0,0,1994.0,A01,138Â 206Â 274,1.0,8.0,-1.0,1726651,0.0,7,,0.0,2.0,3.0,A01,138Â 206Â 274,1.0
1011524,201900053055,6,4,17:09,1,2,3,1.0,3.0,13210,CAPELETTE (AVENUE DE LA),M,"43,2807500","5,4073510",13,2019,50.0,1.0,1.0,4.0,2262012,1.0,1,1,1,5.0,,-1.0,0,1994.0,A01,138Â 206Â 274,1.0,8.0,-1.0,1726652,0.0,2,,0.0,2.0,1.0,B01,138Â 206Â 275,1.0
1011524,201900053055,6,4,17:09,1,2,3,1.0,3.0,13210,CAPELETTE (AVENUE DE LA),M,"43,2807500","5,4073510",13,2019,50.0,1.0,1.0,4.0,2262013,1.0,1,3,1,9.0,,-1.0, -1,1993.0,B01,138Â 206Â 275,2.0,0.0,-1.0,1726651,0.0,7,,0.0,2.0,3.0,A01,138Â 206Â 274,1.0
1011524,201900053055,6,4,17:09,1,2,3,1.0,3.0,13210,CAPELETTE (AVENUE DE LA),M,"43,2807500","5,4073510",13,2019,50.0,1.0,1.0,4.0,2262013,1.0,1,3,1,9.0,,-1.0, -1,1993.0,B01,138Â 206Â 275,2.0,0.0,-1.0,1726652,0.0,2,,0.0,2.0,1.0,B01,138Â 206Â 275,1.0
1011525,201900053056,6,3,16:30,1,2,1,1.0,4.0,13211,SABLIERE (ROUTE DE LA),M,"43,2937390","5,4803240",13,2019,50.0,1.0,1.0,4.0,2262014,1.0,1,4,1,5.0,,-1.0,0,1957.0,B01,138Â 206Â 271,1.0,0.0,-1.0,1726653,0.0,10,,0.0,2.0,1.0,B01,138Â 206Â 271,0.0
1011525,201900053056,6,3,16:30,1,2,1,1.0,4.0,13211,SABLIERE (ROUTE DE LA),M,"43,2937390","5,4803240",13,2019,50.0,1.0,1.0,4.0,2262014,1.0,1,4,1,5.0,,-1.0,0,1957.0,B01,138Â 206Â 271,1.0,0.0,-1.0,1726654,3.0,10,,0.0,2.0,6.0,C01,138Â 206Â 272,1.0
1011525,201900053056,6,3,16:30,1,2,1,1.0,4.0,13211,SABLIERE (ROUTE DE LA),M,"43,2937390","5,4803240",13,2019,50.0,1.0,1.0,4.0,2262014,1.0,1,4,1,5.0,,-1.0,0,1957.0,B01,138Â 206Â 271,1.0,0.0,-1.0,1726655,0.0,10,,0.0,2.0,1.0,A01,138Â 206Â 273,0.0
1011525,201900053056,6,3,16:30,1,2,1,1.0,4.0,13211,SABLIERE (ROUTE DE LA),M,"43,2937390","5,4803240",13,2019,50.0,1.0,1.0,4.0,2262015,1.0,1,1,1,5.0,,-1.0, -1,1961.0,C01,138Â 206Â 272,1.0,8.0,-1.0,1726653,0.0,10,,0.0,2.0,1.0,B01,138Â 206Â 271,0.0
1011525,201900053056,6,3,16:30,1,2,1,1.0,4.0,13211,SABLIERE (ROUTE DE LA),M,"43,2937390","5,4803240",13,2019,50.0,1.0,1.0,4.0,2262015,1.0,1,1,1,5.0,,-1.0, -1,1961.0,C01,138Â 206Â 272,1.0,8.0,-1.0,1726654,3.0,10,,0.0,2.0,6.0,C01,138Â 206Â 272,1.0
1011525,201900053056,6,3,16:30,1,2,1,1.0,4.0,13211,SABLIERE (ROUTE DE LA),M,"43,2937390","5,4803240",13,2019,50.0,1.0,1.0,4.0,2262015,1.0,1,1,1,5.0,,-1.0, -1,1961.0,C01,138Â 206Â 272,1.0,8.0,-1.0,1726655,0.0,10,,0.0,2.0,1.0,A01,138Â 206Â 273,0.0
1011525,201900053056,6,3,16:30,1,2,1,1.0,4.0,13211,SABLIERE (ROUTE DE LA),M,"43,2937390","5,4803240",13,2019,50.0,1.0,1.0,4.0,2262016,1.0,1,1,1,4.0,,-1.0,0,1968.0,A01,138Â 206Â 273,1.0,0.0,-1.0,1726653,0.0,10,,0.0,2.0,1.0,B01,138Â 206Â 271,0.0
1011525,201900053056,6,3,16:30,1,2,1,1.0,4.0,13211,SABLIERE (ROUTE DE LA),M,"43,2937390","5,4803240",13,2019,50.0,1.0,1.0,4.0,2262016,1.0,1,1,1,4.0,,-1.0,0,1968.0,A01,138Â 206Â 273,1.0,0.0,-1.0,1726654,3.0,10,,0.0,2.0,6.0,C01,138Â 206Â 272,1.0
1011525,201900053056,6,3,16:30,1,2,1,1.0,4.0,13211,SABLIERE (ROUTE DE LA),M,"43,2937390","5,4803240",13,2019,50.0,1.0,1.0,4.0,2262016,1.0,1,1,1,4.0,,-1.0,0,1968.0,A01,138Â 206Â 273,1.0,0.0,-1.0,1726655,0.0,10,,0.0,2.0,1.0,A01,138Â 206Â 273,0.0
1011526,201900053057,6,3,08:30,1,2,1,1.0,6.0,13214,MERLAN (AVENUE),M,"43,3367650","5,4072980",13,2019,50.0,1.0,1.0,4.0,2262017,10.0,3,3,2,2.0,,3.0,3,2005.0,A01,138Â 206Â 270,8.0,0.0,-1.0,1726656,0.0,10,,0.0,1.0,1.0,A01,138Â 206Â 270,1.0
1011526,201900053057,6,3,08:30,1,2,1,1.0,6.0,13214,MERLAN (AVENUE),M,"43,3367650","5,4072980",13,2019,50.0,1.0,1.0,4.0,2262018,1.0,1,1,1,5.0,,-1.0, -1,1949.0,A01,138Â 206Â 270,1.0,0.0,-1.0,1726656,0.0,10,,0.0,1.0,1.0,A01,138Â 206Â 270,1.0
1011527,201900053058,6,3,08:00,1,2,1,1.0,2.0,13209,GAYE (BOULEVARD DE LA),M,"43,2589970","5,4127750",13,2019,50.0,1.0,1.0,4.0,2262019,1.0,1,3,1,1.0,,-1.0,0,1982.0,B01,138Â 206Â 268,2.0,0.0,-1.0,1726657,1.0,34,,0.0,2.0,1.0,B01,138Â 206Â 268,0.0
1011527,201900053058,6,3,08:00,1,2,1,1.0,2.0,13209,GAYE (BOULEVARD DE LA),M,"43,2589970","5,4127750",13,2019,50.0,1.0,1.0,4.0,2262019,1.0,1,3,1,1.0,,-1.0,0,1982.0,B01,138Â 206Â 268,2.0,0.0,-1.0,1726658,1.0,7,,0.0,2.0,4.0,A01,138Â 206Â 269,0.0
1011527,201900053058,6,3,08:00,1,2,1,1.0,2.0,13209,GAYE (BOULEVARD DE LA),M,"43,2589970","5,4127750",13,2019,50.0,1.0,1.0,4.0,2262020,1.0,1,1,2,0.0,,-1.0,0,1900.0,A01,138Â 206Â 269,8.0,0.0,-1.0,1726657,1.0,34,,0.0,2.0,1.0,B01,138Â 206Â 268,0.0
1011527,201900053058,6,3,08:00,1,2,1,1.0,2.0,13209,GAYE (BOULEVARD DE LA),M,"43,2589970","5,4127750",13,2019,50.0,1.0,1.0,4.0,2262020,1.0,1,1,2,0.0,,-1.0,0,1900.0,A01,138Â 206Â 269,8.0,0.0,-1.0,1726658,1.0,7,,0.0,2.0,4.0,A01,138Â 206Â 269,0.0
1011528,201900053059,6,3,01:10,5,2,3,1.0,3.0,13210,CAPELETTE (AVENUE DE LA),M,"43,2821000","5,4035500",13,2019,50.0,1.0,1.0,4.0,2262021,1.0,1,3,1,5.0,,-1.0, -1,1996.0,B01,138Â 206Â 266,2.0,0.0,-1.0,1726659,2.0,33,,0.0,2.0,1.0,B01,138Â 206Â 266,1.0
1011528,201900053059,6,3,01:10,5,2,3,1.0,3.0,13210,CAPELETTE (AVENUE DE LA),M,"43,2821000","5,4035500",13,2019,50.0,1.0,1.0,4.0,2262021,1.0,1,3,1,5.0,,-1.0, -1,1996.0,B01,138Â 206Â 266,2.0,0.0,-1.0,1726660,1.0,7,,0.0,2.0,7.0,A01,138Â 206Â 267,1.0
1011528,201900053059,6,3,01:10,5,2,3,1.0,3.0,13210,CAPELETTE (AVENUE DE LA),M,"43,2821000","5,4035500",13,2019,50.0,1.0,1.0,4.0,2262022,1.0,1,1,2,5.0,,-1.0,0,1997.0,A01,138Â 206Â 267,1.0,0.0,-1.0,1726659,2.0,33,,0.0,2.0,1.0,B01,138Â 206Â 266,1.0
1011528,201900053059,6,3,01:10,5,2,3,1.0,3.0,13210,CAPELETTE (AVENUE DE LA),M,"43,2821000","5,4035500",13,2019,50.0,1.0,1.0,4.0,2262022,1.0,1,1,2,5.0,,-1.0,0,1997.0,A01,138Â 206Â 267,1.0,0.0,-1.0,1726660,1.0,7,,0.0,2.0,7.0,A01,138Â 206Â 267,1.0
1011528,201900053059,6,3,01:10,5,2,3,1.0,3.0,13210,CAPELETTE (AVENUE DE LA),M,"43,2821000","5,4035500",13,2019,50.0,1.0,1.0,4.0,2262023,4.0,2,1,1,5.0,,-1.0, -1,2000.0,A01,138Â 206Â 267,1.0,0.0,-1.0,1726659,2.0,33,,0.0,2.0,1.0,B01,138Â 206Â 266,1.0
1011528,201900053059,6,3,01:10,5,2,3,1.0,3.0,13210,CAPELETTE (AVENUE DE LA),M,"43,2821000","5,4035500",13,2019,50.0,1.0,1.0,4.0,2262023,4.0,2,1,1,5.0,,-1.0, -1,2000.0,A01,138Â 206Â 267,1.0,0.0,-1.0,1726660,1.0,7,,0.0,2.0,7.0,A01,138Â 206Â 267,1.0
1011528,201900053059,6,3,01:10,5,2,3,1.0,3.0,13210,CAPELETTE (AVENUE DE LA),M,"43,2821000","5,4035500",13,2019,50.0,1.0,1.0,4.0,2262024,3.0,2,1,2,5.0,,-1.0, -1,1997.0,A01,138Â 206Â 267,1.0,0.0,-1.0,1726659,2.0,33,,0.0,2.0,1.0,B01,138Â 206Â 266,1.0
1011528,201900053059,6,3,01:10,5,2,3,1.0,3.0,13210,CAPELETTE (AVENUE DE LA),M,"43,2821000","5,4035500",13,2019,50.0,1.0,1.0,4.0,2262024,3.0,2,1,2,5.0,,-1.0, -1,1997.0,A01,138Â 206Â 267,1.0,0.0,-1.0,1726660,1.0,7,,0.0,2.0,7.0,A01,138Â 206Â 267,1.0
1011528,201900053059,6,3,01:10,5,2,3,1.0,3.0,13210,CAPELETTE (AVENUE DE LA),M,"43,2821000","5,4035500",13,2019,50.0,1.0,1.0,4.0,2262025,2.0,2,4,2,5.0,,-1.0, -1,1998.0,A01,138Â 206Â 267,1.0,0.0,-1.0,1726659,2.0,33,,0.0,2.0,1.0,B01,138Â 206Â 266,1.0
1011528,201900053059,6,3,01:10,5,2,3,1.0,3.0,13210,CAPELETTE (AVENUE DE LA),M,"43,2821000","5,4035500",13,2019,50.0,1.0,1.0,4.0,2262025,2.0,2,4,2,5.0,,-1.0, -1,1998.0,A01,138Â 206Â 267,1.0,0.0,-1.0,1726660,1.0,7,,0.0,2.0,7.0,A01,138Â 206Â 267,1.0
1011529,201900053060,6,2,14:00,1,2,1,1.0,1.0,13213,BARA (BOULEVARD),M,"43,3466700","5,4522400",13,2019,50.0,1.0,1.0,3.0,2262026,1.0,1,1,1,0.0,,-1.0,0,1949.0,A01,138Â 206Â 264,1.0,0.0,-1.0,1726661,1.0,7,,0.0,2.0,2.0,A01,138Â 206Â 264,0.0
1011529,201900053060,6,2,14:00,1,2,1,1.0,1.0,13213,BARA (BOULEVARD),M,"43,3466700","5,4522400",13,2019,50.0,1.0,1.0,3.0,2262026,1.0,1,1,1,0.0,,-1.0,0,1949.0,A01,138Â 206Â 264,1.0,0.0,-1.0,1726662,2.0,33,,0.0,2.0,1.0,B01,138Â 206Â 265,0.0
1011529,201900053060,6,2,14:00,1,2,1,1.0,1.0,13213,BARA (BOULEVARD),M,"43,3466700","5,4522400",13,2019,50.0,1.0,1.0,3.0,2262027,2.0,2,1,2,0.0,,-1.0,0,1947.0,A01,138Â 206Â 264,1.0,0.0,-1.0,1726661,1.0,7,,0.0,2.0,2.0,A01,138Â 206Â 264,0.0
1011529,201900053060,6,2,14:00,1,2,1,1.0,1.0,13213,BARA (BOULEVARD),M,"43,3466700","5,4522400",13,2019,50.0,1.0,1.0,3.0,2262027,2.0,2,1,2,0.0,,-1.0,0,1947.0,A01,138Â 206Â 264,1.0,0.0,-1.0,1726662,2.0,33,,0.0,2.0,1.0,B01,138Â 206Â 265,0.0
1011529,201900053060,6,2,14:00,1,2,1,1.0,1.0,13213,BARA (BOULEVARD),M,"43,3466700","5,4522400",13,2019,50.0,1.0,1.0,3.0,2262028,1.0,1,3,1,0.0,,-1.0,0,1993.0,B01,138Â 206Â 265,2.0,0.0,-1.0,1726661,1.0,7,,0.0,2.0,2.0,A01,138Â 206Â 264,0.0
1011529,201900053060,6,2,14:00,1,2,1,1.0,1.0,13213,BARA (BOULEVARD),M,"43,3466700","5,4522400",13,2019,50.0,1.0,1.0,3.0,2262028,1.0,1,3,1,0.0,,-1.0,0,1993.0,B01,138Â 206Â 265,2.0,0.0,-1.0,1726662,2.0,33,,0.0,2.0,1.0,B01,138Â 206Â 265,0.0
1011530,201900053061,6,2,02:50,5,2,1,1.0,3.0,13209,AVIATEUR LE BRIX (RUE),M,"43,2608200","5,4033000",13,2019,50.0,1.0,1.0,4.0,2262029,1.0,1,4,1,5.0,,-1.0, -1,1991.0,B01,138Â 206Â 262,1.0,0.0,-1.0,1726663,1.0,7,,0.0,2.0,3.0,B01,138Â 206Â 262,0.0
1011530,201900053061,6,2,02:50,5,2,1,1.0,3.0,13209,AVIATEUR LE BRIX (RUE),M,"43,2608200","5,4033000",13,2019,50.0,1.0,1.0,4.0,2262029,1.0,1,4,1,5.0,,-1.0, -1,1991.0,B01,138Â 206Â 262,1.0,0.0,-1.0,1726664,1.0,7,,0.0,2.0,6.0,A01,138Â 206Â 263,0.0
1011530,201900053061,6,2,02:50,5,2,1,1.0,3.0,13209,AVIATEUR LE BRIX (RUE),M,"43,2608200","5,4033000",13,2019,50.0,1.0,1.0,4.0,2262030,1.0,1,4,2,5.0,,-1.0, -1,1991.0,A01,138Â 206Â 263,1.0,0.0,-1.0,1726663,1.0,7,,0.0,2.0,3.0,B01,138Â 206Â 262,0.0
1011530,201900053061,6,2,02:50,5,2,1,1.0,3.0,13209,AVIATEUR LE BRIX (RUE),M,"43,2608200","5,4033000",13,2019,50.0,1.0,1.0,4.0,2262030,1.0,1,4,2,5.0,,-1.0, -1,1991.0,A01,138Â 206Â 263,1.0,0.0,-1.0,1726664,1.0,7,,0.0,2.0,6.0,A01,138Â 206Â 263,0.0
1011531,201900053062,6,1,20:50,2,2,1,1.0,1.0,13201,DUGOMMIER (BOULEVARD)     1 A 29,M,"43,2983030","5,3809060",13,2019,50.0,1.0,1.0,4.0,2262031,2.0,2,1,1,5.0,,-1.0, -1,2003.0,B01,138Â 206Â 260,2.0,0.0,-1.0,1726665,2.0,2,,0.0,2.0,1.0,B01,138Â 206Â 260,1.0
1011531,201900053062,6,1,20:50,2,2,1,1.0,1.0,13201,DUGOMMIER (BOULEVARD)     1 A 29,M,"43,2983030","5,3809060",13,2019,50.0,1.0,1.0,4.0,2262031,2.0,2,1,1,5.0,,-1.0, -1,2003.0,B01,138Â 206Â 260,2.0,0.0,-1.0,1726666,1.0,2,,0.0,2.0,1.0,Z01,138Â 206Â 261,0.0
1011531,201900053062,6,1,20:50,2,2,1,1.0,1.0,13201,DUGOMMIER (BOULEVARD)     1 A 29,M,"43,2983030","5,3809060",13,2019,50.0,1.0,1.0,4.0,2262032,1.0,1,4,1,5.0,,-1.0,0,2003.0,B01,138Â 206Â 260,2.0,0.0,-1.0,1726665,2.0,2,,0.0,2.0,1.0,B01,138Â 206Â 260,1.0
1011531,201900053062,6,1,20:50,2,2,1,1.0,1.0,13201,DUGOMMIER (BOULEVARD)     1 A 29,M,"43,2983030","5,3809060",13,2019,50.0,1.0,1.0,4.0,2262032,1.0,1,4,1,5.0,,-1.0,0,2003.0,B01,138Â 206Â 260,2.0,0.0,-1.0,1726666,1.0,2,,0.0,2.0,1.0,Z01,138Â 206Â 261,0.0
1011532,201900053063,6,1,20:45,5,2,1,1.0,3.0,13208,BONNEVEINE (AVENUE),M,"43,2543000","5,3800000",13,2019,50.0,1.0,1.0,4.0,2262033,1.0,1,1,1,4.0,,-1.0,0,1963.0,A01,138Â 206Â 258,1.0,0.0,-1.0,1726667,1.0,14,,0.0,2.0,3.0,A01,138Â 206Â 258,1.0
1011532,201900053063,6,1,20:45,5,2,1,1.0,3.0,13208,BONNEVEINE (AVENUE),M,"43,2543000","5,3800000",13,2019,50.0,1.0,1.0,4.0,2262033,1.0,1,1,1,4.0,,-1.0,0,1963.0,A01,138Â 206Â 258,1.0,0.0,-1.0,1726668,1.0,32,,0.0,2.0,2.0,B01,138Â 206Â 259,1.0
1011532,201900053063,6,1,20:45,5,2,1,1.0,3.0,13208,BONNEVEINE (AVENUE),M,"43,2543000","5,3800000",13,2019,50.0,1.0,1.0,4.0,2262034,1.0,1,3,1,9.0,,-1.0,0,1988.0,B01,138Â 206Â 259,2.0,8.0,-1.0,1726667,1.0,14,,0.0,2.0,3.0,A01,138Â 206Â 258,1.0
1011532,201900053063,6,1,20:45,5,2,1,1.0,3.0,13208,BONNEVEINE (AVENUE),M,"43,2543000","5,3800000",13,2019,50.0,1.0,1.0,4.0,2262034,1.0,1,3,1,9.0,,-1.0,0,1988.0,B01,138Â 206Â 259,2.0,8.0,-1.0,1726668,1.0,32,,0.0,2.0,2.0,B01,138Â 206Â 259,1.0
1011533,201900053064,6,1,11:20,1,2,1,1.0,6.0,13208,MADRAGUE DE MONTREDON (AVE DE LA) ,M,"43,2369440","5,3630090",13,2019,30.0,1.0,1.0,4.0,2262035,1.0,1,1,2,5.0,,-1.0, -1,1967.0,A01,138Â 206Â 257,1.0,0.0,-1.0,1726669,2.0,7,,0.0,1.0,2.0,A01,138Â 206Â 257,0.0
1011533,201900053064,6,1,11:20,1,2,1,1.0,6.0,13208,MADRAGUE DE MONTREDON (AVE DE LA) ,M,"43,2369440","5,3630090",13,2019,30.0,1.0,1.0,4.0,2262036,10.0,3,4,1,5.0,,3.0,3,2000.0,A01,138Â 206Â 257,8.0,0.0,-1.0,1726669,2.0,7,,0.0,1.0,2.0,A01,138Â 206Â 257,0.0
1011534,201900053065,6,1,04:45,5,2,1,1.0,6.0,13209,MICHELET (BOULEVARD),M,"43,2500000","5,4000000",13,2019,50.0,1.0,1.0,4.0,2262037,1.0,1,4,1,9.0,,-1.0, -1,1980.0,A01,138Â 206Â 256,1.0,8.0,-1.0,1726670,2.0,7,,0.0,2.0,4.0,A01,138Â 206Â 256,1.0