Unnamed: 0_x,num_acc,mois,jour,hrmn,lum,agg,int,atm,col,com,adr,gps,lat,long,dep,annee,vma,situ,surf,catr,Unnamed: 0_y,place,catu,grav,sexe,trajet,secu,locp,actp,an_nais,num_veh_x,id_vehicule_x,secu1,secu2,secu3,Unnamed: 0,senc,catv,occutc,obs,obsm,choc,num_veh_y,id_vehicule_y,motor
1011535,201900053066,5,31,20:00,2,2,1,1.0,2.0,13208,MENDES FRANCE (AVENUE),M,"43,2573700","5,6589000",13,2019,50.0,1.0,1.0,4.0,2262038,1.0,1,1,1,0.0,,-1.0, -1,1997.0,Z01,138Â 206Â 254,1.0,5.0,-1.0,1726671,1.0,99,,0.0,2.0,1.0,Z01,138Â 206Â 254,0.0
1011535,201900053066,5,31,20:00,2,2,1,1.0,2.0,13208,MENDES FRANCE (AVENUE),M,"43,2573700","5,6589000",13,2019,50.0,1.0,1.0,4.0,2262038,1.0,1,1,1,0.0,,-1.0, -1,1997.0,Z01,138Â 206Â 254,1.0,5.0,-1.0,1726672,1.0,31,,0.0,2.0,4.0,B01,138Â 206Â 255,1.0
1011535,201900053066,5,31,20:00,2,2,1,1.0,2.0,13208,MENDES FRANCE (AVENUE),M,"43,2573700","5,6589000",13,2019,50.0,1.0,1.0,4.0,2262039,2.0,1,4,1,5.0,,-1.0, -1,1961.0,B01,138Â 206Â 255,2.0,6.0,-1.0,1726671,1.0,99,,0.0,2.0,1.0,Z01,138Â 206Â 254,0.0
1011535,201900053066,5,31,20:00,2,2,1,1.0,2.0,13208,MENDES FRANCE (AVENUE),M,"43,2573700","5,6589000",13,2019,50.0,1.0,1.0,4.0,2262039,2.0,1,4,1,5.0,,-1.0, -1,1961.0,B01,138Â 206Â 255,2.0,6.0,-1.0,1726672,1.0,31,,0.0,2.0,4.0,B01,138Â 206Â 255,1.0
1011536,201900053067,5,31,22:10,5,2,1,1.0,3.0,13207,CORDERIE (BOULEVARD DE LA),M,"43,2901000","5,3676400",13,2019,50.0,1.0,1.0,4.0,2262040,1.0,1,4,2,0.0,,-1.0, -1,2003.0,B01,138Â 206Â 252,2.0,8.0,-1.0,1726673,1.0,2,,0.0,2.0,1.0,B01,138Â 206Â 252,1.0
1011536,201900053067,5,31,22:10,5,2,1,1.0,3.0,13207,CORDERIE (BOULEVARD DE LA),M,"43,2901000","5,3676400",13,2019,50.0,1.0,1.0,4.0,2262040,1.0,1,4,2,0.0,,-1.0, -1,2003.0,B01,138Â 206Â 252,2.0,8.0,-1.0,1726674,2.0,7,,0.0,2.0,7.0,A01,138Â 206Â 253,1.0
1011536,201900053067,5,31,22:10,5,2,1,1.0,3.0,13207,CORDERIE (BOULEVARD DE LA),M,"43,2901000","5,3676400",13,2019,50.0,1.0,1.0,4.0,2262041,1.0,1,1,1,0.0,,-1.0, -1,1997.0,A01,138Â 206Â 253,8.0,8.0,-1.0,1726673,1.0,2,,0.0,2.0,1.0,B01,138Â 206Â 252,1.0
1011536,201900053067,5,31,22:10,5,2,1,1.0,3.0,13207,CORDERIE (BOULEVARD DE LA),M,"43,2901000","5,3676400",13,2019,50.0,1.0,1.0,4.0,2262041,1.0,1,1,1,0.0,,-1.0, -1,1997.0,A01,138Â 206Â 253,8.0,8.0,-1.0,1726674,2.0,7,,0.0,2.0,7.0,A01,138Â 206Â 253,1.0
1011537,201900053068,5,31,19:00,1,2,1,1.0,2.0,13206,NOTRE DAME (BOULEVARD),M,"43,2855000","5,3744000",13,2019,50.0,1.0,1.0,4.0,2262042,1.0,1,1,2,5.0,,-1.0, -1,1974.0,B01,138Â 206Â 250,1.0,8.0,-1.0,1726675,2.0,7,,0.0,2.0,6.0,B01,138Â 206Â 250,1.0
1011537,201900053068,5,31,19:00,1,2,1,1.0,2.0,13206,NOTRE DAME (BOULEVARD),M,"43,2855000","5,3744000",13,2019,50.0,1.0,1.0,4.0,2262042,1.0,1,1,2,5.0,,-1.0, -1,1974.0,B01,138Â 206Â 250,1.0,8.0,-1.0,1726676,2.0,30,,0.0,2.0,1.0,A01,138Â 206Â 251,1.0
1011537,201900053068,5,31,19:00,1,2,1,1.0,2.0,13206,NOTRE DAME (BOULEVARD),M,"43,2855000","5,3744000",13,2019,50.0,1.0,1.0,4.0,2262043,1.0,1,4,1,5.0,,-1.0, -1,1997.0,A01,138Â 206Â 251,2.0,8.0,-1.0,1726675,2.0,7,,0.0,2.0,6.0,B01,138Â 206Â 250,1.0
1011537,201900053068,5,31,19:00,1,2,1,1.0,2.0,13206,NOTRE DAME (BOULEVARD),M,"43,2855000","5,3744000",13,2019,50.0,1.0,1.0,4.0,2262043,1.0,1,4,1,5.0,,-1.0, -1,1997.0,A01,138Â 206Â 251,2.0,8.0,-1.0,1726676,2.0,30,,0.0,2.0,1.0,A01,138Â 206Â 251,1.0
1011537,201900053068,5,31,19:00,1,2,1,1.0,2.0,13206,NOTRE DAME (BOULEVARD),M,"43,2855000","5,3744000",13,2019,50.0,1.0,1.0,4.0,2262044,2.0,2,4,1,5.0,,-1.0, -1,1997.0,A01,138Â 206Â 251,2.0,8.0,-1.0,1726675,2.0,7,,0.0,2.0,6.0,B01,138Â 206Â 250,1.0
1011537,201900053068,5,31,19:00,1,2,1,1.0,2.0,13206,NOTRE DAME (BOULEVARD),M,"43,2855000","5,3744000",13,2019,50.0,1.0,1.0,4.0,2262044,2.0,2,4,1,5.0,,-1.0, -1,1997.0,A01,138Â 206Â 251,2.0,8.0,-1.0,1726676,2.0,30,,0.0,2.0,1.0,A01,138Â 206Â 251,1.0
1011538,201900053069,5,31,21:00,1,2,3,1.0,3.0,13203,LOUIS BIROARD (RUE),M,"43,3068300","5,3737200",13,2019,50.0,1.0,1.0,4.0,2262045,1.0,1,1,1,5.0,,0.0,0,1952.0,B01,138Â 206Â 248,1.0,0.0,-1.0,1726677,0.0,7,,0.0,2.0,1.0,B01,138Â 206Â 248,0.0
1011538,201900053069,5,31,21:00,1,2,3,1.0,3.0,13203,LOUIS BIROARD (RUE),M,"43,3068300","5,3737200",13,2019,50.0,1.0,1.0,4.0,2262045,1.0,1,1,1,5.0,,0.0,0,1952.0,B01,138Â 206Â 248,1.0,0.0,-1.0,1726678,1.0,30,,0.0,2.0,8.0,A01,138Â 206Â 249,0.0
1011538,201900053069,5,31,21:00,1,2,3,1.0,3.0,13203,LOUIS BIROARD (RUE),M,"43,3068300","5,3737200",13,2019,50.0,1.0,1.0,4.0,2262046,2.0,2,4,1,0.0,,0.0,0,2000.0,A01,138Â 206Â 249,2.0,0.0,-1.0,1726677,0.0,7,,0.0,2.0,1.0,B01,138Â 206Â 248,0.0
1011538,201900053069,5,31,21:00,1,2,3,1.0,3.0,13203,LOUIS BIROARD (RUE),M,"43,3068300","5,3737200",13,2019,50.0,1.0,1.0,4.0,2262046,2.0,2,4,1,0.0,,0.0,0,2000.0,A01,138Â 206Â 249,2.0,0.0,-1.0,1726678,1.0,30,,0.0,2.0,8.0,A01,138Â 206Â 249,0.0
1011539,201900053070,5,31,18:20,1,2,1,1.0,3.0,13206,LODI (RUE DE),M,"43,2903100","5,3865800",13,2019,50.0,2.0,1.0,4.0,2262047,1.0,1,4,1,5.0,,-1.0, -1,1991.0,A01,138Â 206Â 246,2.0,0.0,-1.0,1726679,2.0,2,,0.0,2.0,1.0,A01,138Â 206Â 246,1.0
1011539,201900053070,5,31,18:20,1,2,1,1.0,3.0,13206,LODI (RUE DE),M,"43,2903100","5,3865800",13,2019,50.0,2.0,1.0,4.0,2262047,1.0,1,4,1,5.0,,-1.0, -1,1991.0,A01,138Â 206Â 246,2.0,0.0,-1.0,1726680,2.0,10,,0.0,2.0,8.0,B01,138Â 206Â 247,1.0
1011539,201900053070,5,31,18:20,1,2,1,1.0,3.0,13206,LODI (RUE DE),M,"43,2903100","5,3865800",13,2019,50.0,2.0,1.0,4.0,2262048,1.0,1,1,1,4.0,,0.0,0,1967.0,B01,138Â 206Â 247,1.0,0.0,-1.0,1726679,2.0,2,,0.0,2.0,1.0,A01,138Â 206Â 246,1.0
1011539,201900053070,5,31,18:20,1,2,1,1.0,3.0,13206,LODI (RUE DE),M,"43,2903100","5,3865800",13,2019,50.0,2.0,1.0,4.0,2262048,1.0,1,1,1,4.0,,0.0,0,1967.0,B01,138Â 206Â 247,1.0,0.0,-1.0,1726680,2.0,10,,0.0,2.0,8.0,B01,138Â 206Â 247,1.0
1011540,201900053071,5,31,18:15,1,2,1,1.0,3.0,13210,JEAN EUGENE CABASSUD (BOULEVARD),M,"43,2859400","5,4128000",13,2019,50.0,1.0,1.0,7.0,2262049,1.0,1,1,2,5.0,,-1.0, -1,1942.0,B01,138Â 206Â 244,1.0,0.0,-1.0,1726681,1.0,7,,0.0,2.0,3.0,B01,138Â 206Â 244,0.0
1011540,201900053071,5,31,18:15,1,2,1,1.0,3.0,13210,JEAN EUGENE CABASSUD (BOULEVARD),M,"43,2859400","5,4128000",13,2019,50.0,1.0,1.0,7.0,2262049,1.0,1,1,2,5.0,,-1.0, -1,1942.0,B01,138Â 206Â 244,1.0,0.0,-1.0,1726682,1.0,32,,0.0,2.0,1.0,A01,138Â 206Â 245,1.0
1011540,201900053071,5,31,18:15,1,2,1,1.0,3.0,13210,JEAN EUGENE CABASSUD (BOULEVARD),M,"43,2859400","5,4128000",13,2019,50.0,1.0,1.0,7.0,2262050,1.0,1,4,1,1.0,,0.0,0,1993.0,A01,138Â 206Â 245,2.0,0.0,-1.0,1726681,1.0,7,,0.0,2.0,3.0,B01,138Â 206Â 244,0.0
1011540,201900053071,5,31,18:15,1,2,1,1.0,3.0,13210,JEAN EUGENE CABASSUD (BOULEVARD),M,"43,2859400","5,4128000",13,2019,50.0,1.0,1.0,7.0,2262050,1.0,1,4,1,1.0,,0.0,0,1993.0,A01,138Â 206Â 245,2.0,0.0,-1.0,1726682,1.0,32,,0.0,2.0,1.0,A01,138Â 206Â 245,1.0
1011541,201900053072,5,31,15:40,1,2,1,1.0,5.0,13208,COMMANDANT ROLLAND,M,"43,2700420","5,3816480",13,2019,50.0,1.0,1.0,4.0,2262051,1.0,1,4,1,5.0,,0.0,0,1998.0,A01,138Â 206Â 240,1.0,0.0,-1.0,1726683,2.0,7,,1.0,0.0,0.0,A01,138Â 206Â 240,0.0
1011541,201900053072,5,31,15:40,1,2,1,1.0,5.0,13208,COMMANDANT ROLLAND,M,"43,2700420","5,3816480",13,2019,50.0,1.0,1.0,4.0,2262051,1.0,1,4,1,5.0,,0.0,0,1998.0,A01,138Â 206Â 240,1.0,0.0,-1.0,1726684,2.0,7,,1.0,0.0,3.0,C01,138Â 206Â 241,0.0
1011541,201900053072,5,31,15:40,1,2,1,1.0,5.0,13208,COMMANDANT ROLLAND,M,"43,2700420","5,3816480",13,2019,50.0,1.0,1.0,4.0,2262051,1.0,1,4,1,5.0,,0.0,0,1998.0,A01,138Â 206Â 240,1.0,0.0,-1.0,1726685,0.0,7,,0.0,2.0,0.0,B01,138Â 206Â 242,0.0
1011541,201900053072,5,31,15:40,1,2,1,1.0,5.0,13208,COMMANDANT ROLLAND,M,"43,2700420","5,3816480",13,2019,50.0,1.0,1.0,4.0,2262051,1.0,1,4,1,5.0,,0.0,0,1998.0,A01,138Â 206Â 240,1.0,0.0,-1.0,1726686,2.0,7,,1.0,0.0,3.0,D01,138Â 206Â 243,0.0
1011541,201900053072,5,31,15:40,1,2,1,1.0,5.0,13208,COMMANDANT ROLLAND,M,"43,2700420","5,3816480",13,2019,50.0,1.0,1.0,4.0,2262052,1.0,1,1,2,0.0,,0.0,0,1968.0,C01,138Â 206Â 241,8.0,0.0,-1.0,1726683,2.0,7,,1.0,0.0,0.0,A01,138Â 206Â 240,0.0
1011541,201900053072,5,31,15:40,1,2,1,1.0,5.0,13208,COMMANDANT ROLLAND,M,"43,2700420","5,3816480",13,2019,50.0,1.0,1.0,4.0,2262052,1.0,1,1,2,0.0,,0.0,0,1968.0,C01,138Â 206Â 241,8.0,0.0,-1.0,1726684,2.0,7,,1.0,0.0,3.0,C01,138Â 206Â 241,0.0
1011541,201900053072,5,31,15:40,1,2,1,1.0,5.0,13208,COMMANDANT ROLLAND,M,"43,2700420","5,3816480",13,2019,50.0,1.0,1.0,4.0,2262052,1.0,1,1,2,0.0,,0.0,0,1968.0,C01,138Â 206Â 241,8.0,0.0,-1.0,1726685,0.0,7,,0.0,2.0,0.0,B01,138Â 206Â 242,0.0
1011541,201900053072,5,31,15:40,1,2,1,1.0,5.0,13208,COMMANDANT ROLLAND,M,"43,2700420","5,3816480",13,2019,50.0,1.0,1.0,4.0,2262052,1.0,1,1,2,0.0,,0.0,0,1968.0,C01,138Â 206Â 241,8.0,0.0,-1.0,1726686,2.0,7,,1.0,0.0,3.0,D01,138Â 206Â 243,0.0
1011541,201900053072,5,31,15:40,1,2,1,1.0,5.0,13208,COMMANDANT ROLLAND,M,"43,2700420","5,3816480",13,2019,50.0,1.0,1.0,4.0,2262053,1.0,1,1,2,0.0,,0.0,0,1958.0,B01,138Â 206Â 242,8.0,0.0,-1.0,1726683,2.0,7,,1.0,0.0,0.0,A01,138Â 206Â 240,0.0
1011541,201900053072,5,31,15:40,1,2,1,1.0,5.0,13208,COMMANDANT ROLLAND,M,"43,2700420","5,3816480",13,2019,50.0,1.0,1.0,4.0,2262053,1.0,1,1,2,0.0,,0.0,0,1958.0,B01,138Â 206Â 242,8.0,0.0,-1.0,1726684,2.0,7,,1.0,0.0,3.0,C01,138Â 206Â 241,0.0
1011541,201900053072,5,31,15:40,1,2,1,1.0,5.0,13208,COMMANDANT ROLLAND,M,"43,2700420","5,3816480",13,2019,50.0,1.0,1.0,4.0,2262053,1.0,1,1,2,0.0,,0.0,0,1958.0,B01,138Â 206Â 242,8.0,0.0,-1.0,1726685,0.0,7,,0.0,2.0,0.0,B01,138Â 206Â 242,0.0
1011541,201900053072,5,31,15:40,1,2,1,1.0,5.0,13208,COMMANDANT ROLLAND,M,"43,2700420","5,3816480",13,2019,50.0,1.0,1.0,4.0,2262053,1.0,1,1,2,0.0,,0.0,0,1958.0,B01,138Â 206Â 242,8.0,0.0,-1.0,1726686,2.0,7,,1.0,0.0,3.0,D01,138Â 206Â 243,0.0
1011541,201900053072,5,31,15:40,1,2,1,1.0,5.0,13208,COMMANDANT ROLLAND,M,"43,2700420","5,3816480",13,2019,50.0,1.0,1.0,4.0,2262054,1.0,1,1,1,0.0,,-1.0, -1,1952.0,D01,138Â 206Â 243,1.0,0.0,-1.0,1726683,2.0,7,,1.0,0.0,0.0,A01,138Â 206Â 240,0.0
1011541,201900053072,5,31,15:40,1,2,1,1.0,5.0,13208,COMMANDANT ROLLAND,M,"43,2700420","5,3816480",13,2019,50.0,1.0,1.0,4.0,2262054,1.0,1,1,1,0.0,,-1.0, -1,1952.0,D01,138Â 206Â 243,1.0,0.0,-1.0,1726684,2.0,7,,1.0,0.0,3.0,C01,138Â 206Â 241,0.0
1011541,201900053072,5,31,15:40,1,2,1,1.0,5.0,13208,COMMANDANT ROLLAND,M,"43,2700420","5,3816480",13,2019,50.0,1.0,1.0,4.0,2262054,1.0,1,1,1,0.0,,-1.0, -1,1952.0,D01,138Â 206Â 243,1.0,0.0,-1.0,1726685,0.0,7,,0.0,2.0,0.0,B01,138Â 206Â 242,0.0
1011541,201900053072,5,31,15:40,1,2,1,1.0,5.0,13208,COMMANDANT ROLLAND,M,"43,2700420","5,3816480",13,2019,50.0,1.0,1.0,4.0,2262054,1.0,1,1,1,0.0,,-1.0, -1,1952.0,D01,138Â 206Â 243,1.0,0.0,-1.0,1726686,2.0,7,,1.0,0.0,3.0,D01,138Â 206Â 243,0.0
1011542,201900053073,5,31,13:45,1,2,1,1.0,6.0,13202,ROBERT SCHUMANN (AVENUE),M,"43,3021310","5,3663060",13,2019,50.0,1.0,1.0,4.0,2262055,1.0,1,1,1,3.0,,-1.0, -1,2000.0,A01,138Â 206Â 237,2.0,8.0,-1.0,1726687,0.0,2,,0.0,2.0,1.0,A01,138Â 206Â 237,1.0
1011542,201900053073,5,31,13:45,1,2,1,1.0,6.0,13202,ROBERT SCHUMANN (AVENUE),M,"43,3021310","5,3663060",13,2019,50.0,1.0,1.0,4.0,2262055,1.0,1,1,1,3.0,,-1.0, -1,2000.0,A01,138Â 206Â 237,2.0,8.0,-1.0,1726688,0.0,33,,0.0,2.0,4.0,B01,138Â 206Â 238,1.0
1011542,201900053073,5,31,13:45,1,2,1,1.0,6.0,13202,ROBERT SCHUMANN (AVENUE),M,"43,3021310","5,3663060",13,2019,50.0,1.0,1.0,4.0,2262055,1.0,1,1,1,3.0,,-1.0, -1,2000.0,A01,138Â 206Â 237,2.0,8.0,-1.0,1726689,1.0,7,,0.0,2.0,6.0,C01,138Â 206Â 239,1.0
1011542,201900053073,5,31,13:45,1,2,1,1.0,6.0,13202,ROBERT SCHUMANN (AVENUE),M,"43,3021310","5,3663060",13,2019,50.0,1.0,1.0,4.0,2262056,1.0,1,4,1,0.0,,-1.0, -1,1960.0,B01,138Â 206Â 238,2.0,8.0,-1.0,1726687,0.0,2,,0.0,2.0,1.0,A01,138Â 206Â 237,1.0
1011542,201900053073,5,31,13:45,1,2,1,1.0,6.0,13202,ROBERT SCHUMANN (AVENUE),M,"43,3021310","5,3663060",13,2019,50.0,1.0,1.0,4.0,2262056,1.0,1,4,1,0.0,,-1.0, -1,1960.0,B01,138Â 206Â 238,2.0,8.0,-1.0,1726688,0.0,33,,0.0,2.0,4.0,B01,138Â 206Â 238,1.0
1011542,201900053073,5,31,13:45,1,2,1,1.0,6.0,13202,ROBERT SCHUMANN (AVENUE),M,"43,3021310","5,3663060",13,2019,50.0,1.0,1.0,4.0,2262056,1.0,1,4,1,0.0,,-1.0, -1,1960.0,B01,138Â 206Â 238,2.0,8.0,-1.0,1726689,1.0,7,,0.0,2.0,6.0,C01,138Â 206Â 239,1.0
1011542,201900053073,5,31,13:45,1,2,1,1.0,6.0,13202,ROBERT SCHUMANN (AVENUE),M,"43,3021310","5,3663060",13,2019,50.0,1.0,1.0,4.0,2262057,1.0,1,1,1,4.0,,0.0,0,1960.0,C01,138Â 206Â 239,1.0,0.0,-1.0,1726687,0.0,2,,0.0,2.0,1.0,A01,138Â 206Â 237,1.0
1011542,201900053073,5,31,13:45,1,2,1,1.0,6.0,13202,ROBERT SCHUMANN (AVENUE),M,"43,3021310","5,3663060",13,2019,50.0,1.0,1.0,4.0,2262057,1.0,1,1,1,4.0,,0.0,0,1960.0,C01,138Â 206Â 239,1.0,0.0,-1.0,1726688,0.0,33,,0.0,2.0,4.0,B01,138Â 206Â 238,1.0
1011542,201900053073,5,31,13:45,1,2,1,1.0,6.0,13202,ROBERT SCHUMANN (AVENUE),M,"43,3021310","5,3663060",13,2019,50.0,1.0,1.0,4.0,2262057,1.0,1,1,1,4.0,,0.0,0,1960.0,C01,138Â 206Â 239,1.0,0.0,-1.0,1726689,1.0,7,,0.0,2.0,6.0,C01,138Â 206Â 239,1.0
1011543,201900053074,5,31,14:15,1,2,1,1.0,3.0,13210,L ARMEE D AFRIQUE (CHEMIN DE L'),M,"43,3008600","5,3837000",13,2019,50.0,1.0,1.0,4.0,2262058,1.0,1,4,1,5.0,,-1.0, -1,1984.0,B01,138Â 206Â 235,1.0,0.0,-1.0,1726690,2.0,7,,0.0,2.0,8.0,B01,138Â 206Â 235,1.0
1011543,201900053074,5,31,14:15,1,2,1,1.0,3.0,13210,L ARMEE D AFRIQUE (CHEMIN DE L'),M,"43,3008600","5,3837000",13,2019,50.0,1.0,1.0,4.0,2262058,1.0,1,4,1,5.0,,-1.0, -1,1984.0,B01,138Â 206Â 235,1.0,0.0,-1.0,1726691,2.0,13,,0.0,2.0,7.0,A01,138Â 206Â 236,1.0
1011543,201900053074,5,31,14:15,1,2,1,1.0,3.0,13210,L ARMEE D AFRIQUE (CHEMIN DE L'),M,"43,3008600","5,3837000",13,2019,50.0,1.0,1.0,4.0,2262059,1.0,1,1,1,4.0,,-1.0, -1,1982.0,A01,138Â 206Â 236,8.0,0.0,-1.0,1726690,2.0,7,,0.0,2.0,8.0,B01,138Â 206Â 235,1.0
1011543,201900053074,5,31,14:15,1,2,1,1.0,3.0,13210,L ARMEE D AFRIQUE (CHEMIN DE L'),M,"43,3008600","5,3837000",13,2019,50.0,1.0,1.0,4.0,2262059,1.0,1,1,1,4.0,,-1.0, -1,1982.0,A01,138Â 206Â 236,8.0,0.0,-1.0,1726691,2.0,13,,0.0,2.0,7.0,A01,138Â 206Â 236,1.0
1011544,201900053075,5,31,15:00,1,2,1,1.0,6.0,13212,MONTAIGNE (RUE),M,"43,3039980","5,4161230",13,2019,50.0,1.0,1.0,4.0,2262060,10.0,3,3,2,5.0,,3.0,3,1963.0,A01,138Â 206Â 234,8.0,0.0,-1.0,1726692,1.0,10,,0.0,1.0,1.0,A01,138Â 206Â 234,0.0
1011544,201900053075,5,31,15:00,1,2,1,1.0,6.0,13212,MONTAIGNE (RUE),M,"43,3039980","5,4161230",13,2019,50.0,1.0,1.0,4.0,2262061,1.0,1,1,1,4.0,,0.0,0,1987.0,A01,138Â 206Â 234,1.0,0.0,-1.0,1726692,1.0,10,,0.0,1.0,1.0,A01,138Â 206Â 234,0.0
1011545,201900053076,5,31,11:00,1,2,6,1.0,6.0,13211,HENRI MARTINET (ROND POINT ),M,"43,2977360","5,4791950",13,2019,50.0,1.0,1.0,3.0,2262062,1.0,1,4,1,5.0,,0.0,0,1955.0,B01,138Â 206Â 233,2.0,0.0,-1.0,1726693,1.0,32,,0.0,2.0,4.0,B01,138Â 206Â 233,1.0
1011546,201900053077,5,25,17:45,1,2,1,1.0,6.0,13211,ROUGUIERE (ALLÃE DE LA ),M,"43,2956180","5,4575670",13,2019,50.0,1.0,1.0,4.0,2262063,1.0,1,3,1,9.0,,0.0,0,1977.0,A01,138Â 206Â 231,8.0,0.0,-1.0,1726694,0.0,2,,0.0,2.0,0.0,A01,138Â 206Â 231,1.0
1011546,201900053077,5,25,17:45,1,2,1,1.0,6.0,13211,ROUGUIERE (ALLÃE DE LA ),M,"43,2956180","5,4575670",13,2019,50.0,1.0,1.0,4.0,2262063,1.0,1,3,1,9.0,,0.0,0,1977.0,A01,138Â 206Â 231,8.0,0.0,-1.0,1726695,0.0,7,,0.0,2.0,0.0,B01,138Â 206Â 232,1.0
1011546,201900053077,5,25,17:45,1,2,1,1.0,6.0,13211,ROUGUIERE (ALLÃE DE LA ),M,"43,2956180","5,4575670",13,2019,50.0,1.0,1.0,4.0,2262064,1.0,1,1,1,9.0,,0.0,0,1991.0,B01,138Â 206Â 232,8.0,0.0,-1.0,1726694,0.0,2,,0.0,2.0,0.0,A01,138Â 206Â 231,1.0
1011546,201900053077,5,25,17:45,1,2,1,1.0,6.0,13211,ROUGUIERE (ALLÃE DE LA ),M,"43,2956180","5,4575670",13,2019,50.0,1.0,1.0,4.0,2262064,1.0,1,1,1,9.0,,0.0,0,1991.0,B01,138Â 206Â 232,8.0,0.0,-1.0,1726695,0.0,7,,0.0,2.0,0.0,B01,138Â 206Â 232,1.0
1011546,201900053077,5,25,17:45,1,2,1,1.0,6.0,13211,ROUGUIERE (ALLÃE DE LA ),M,"43,2956180","5,4575670",13,2019,50.0,1.0,1.0,4.0,2262065,2.0,2,1,1,9.0,,0.0,0,1990.0,B01,138Â 206Â 232,8.0,0.0,-1.0,1726694,0.0,2,,0.0,2.0,0.0,A01,138Â 206Â 231,1.0
1011546,201900053077,5,25,17:45,1,2,1,1.0,6.0,13211,ROUGUIERE (ALLÃE DE LA ),M,"43,2956180","5,4575670",13,2019,50.0,1.0,1.0,4.0,2262065,2.0,2,1,1,9.0,,0.0,0,1990.0,B01,138Â 206Â 232,8.0,0.0,-1.0,1726695,0.0,7,,0.0,2.0,0.0,B01,138Â 206Â 232,1.0
1011547,201900053078,5,31,02:10,5,2,1,1.0,6.0,13202,ARENC (QUAI D'),M,"43,4131000","5,3660000",13,2019,50.0,1.0,1.0,4.0,2262066,1.0,1,1,1,5.0,,-1.0, -1,1998.0,A01,138Â 206Â 230,1.0,8.0,-1.0,1726696,1.0,10,,8.0,0.0,9.0,A01,138Â 206Â 230,1.0
1011547,201900053078,5,31,02:10,5,2,1,1.0,6.0,13202,ARENC (QUAI D'),M,"43,4131000","5,3660000",13,2019,50.0,1.0,1.0,4.0,2262067,2.0,2,4,2,5.0,,-1.0, -1,2000.0,A01,138Â 206Â 230,1.0,8.0,-1.0,1726696,1.0,10,,8.0,0.0,9.0,A01,138Â 206Â 230,1.0
1011548,201900053079,5,30,17:20,1,1,1,1.0,1.0,13209,COL DE LA GINESTE D559,M,"43,2406000","5,4589400",13,2019,70.0,1.0,1.0,3.0,2262068,1.0,1,4,1,5.0,,-1.0, -1,1965.0,A01,138Â 206Â 228,2.0,8.0,-1.0,1726697,3.0,33,,0.0,2.0,3.0,A01,138Â 206Â 228,1.0
1011548,201900053079,5,30,17:20,1,1,1,1.0,1.0,13209,COL DE LA GINESTE D559,M,"43,2406000","5,4589400",13,2019,70.0,1.0,1.0,3.0,2262068,1.0,1,4,1,5.0,,-1.0, -1,1965.0,A01,138Â 206Â 228,2.0,8.0,-1.0,1726698,3.0,7,,0.0,2.0,3.0,B01,138Â 206Â 229,1.0
1011548,201900053079,5,30,17:20,1,1,1,1.0,1.0,13209,COL DE LA GINESTE D559,M,"43,2406000","5,4589400",13,2019,70.0,1.0,1.0,3.0,2262069,2.0,2,4,2,5.0,,-1.0, -1,1982.0,A01,138Â 206Â 228,2.0,8.0,-1.0,1726697,3.0,33,,0.0,2.0,3.0,A01,138Â 206Â 228,1.0
1011548,201900053079,5,30,17:20,1,1,1,1.0,1.0,13209,COL DE LA GINESTE D559,M,"43,2406000","5,4589400",13,2019,70.0,1.0,1.0,3.0,2262069,2.0,2,4,2,5.0,,-1.0, -1,1982.0,A01,138Â 206Â 228,2.0,8.0,-1.0,1726698,3.0,7,,0.0,2.0,3.0,B01,138Â 206Â 229,1.0
1011548,201900053079,5,30,17:20,1,1,1,1.0,1.0,13209,COL DE LA GINESTE D559,M,"43,2406000","5,4589400",13,2019,70.0,1.0,1.0,3.0,2262070,1.0,1,1,1,5.0,,-1.0, -1,1997.0,B01,138Â 206Â 229,1.0,8.0,-1.0,1726697,3.0,33,,0.0,2.0,3.0,A01,138Â 206Â 228,1.0
1011548,201900053079,5,30,17:20,1,1,1,1.0,1.0,13209,COL DE LA GINESTE D559,M,"43,2406000","5,4589400",13,2019,70.0,1.0,1.0,3.0,2262070,1.0,1,1,1,5.0,,-1.0, -1,1997.0,B01,138Â 206Â 229,1.0,8.0,-1.0,1726698,3.0,7,,0.0,2.0,3.0,B01,138Â 206Â 229,1.0
1011549,201900053080,5,30,13:15,1,1,1,1.0,2.0,13208,MICHELET (BOULEVARD),M,"43,2710000","5,3922500",13,2019,6.0,1.0,1.0,7.0,2262071,1.0,1,3,1,1.0,,-1.0, -1,1990.0,A01,138Â 206Â 226,2.0,6.0,-1.0,1726699,2.0,31,,0.0,2.0,1.0,A01,138Â 206Â 226,1.0
1011549,201900053080,5,30,13:15,1,1,1,1.0,2.0,13208,MICHELET (BOULEVARD),M,"43,2710000","5,3922500",13,2019,6.0,1.0,1.0,7.0,2262071,1.0,1,3,1,1.0,,-1.0, -1,1990.0,A01,138Â 206Â 226,2.0,6.0,-1.0,1726700,2.0,7,,0.0,2.0,4.0,B01,138Â 206Â 227,0.0
1011549,201900053080,5,30,13:15,1,1,1,1.0,2.0,13208,MICHELET (BOULEVARD),M,"43,2710000","5,3922500",13,2019,6.0,1.0,1.0,7.0,2262072,1.0,1,1,1,0.0,,0.0,0,1950.0,B01,138Â 206Â 227,1.0,0.0,-1.0,1726699,2.0,31,,0.0,2.0,1.0,A01,138Â 206Â 226,1.0
1011549,201900053080,5,30,13:15,1,1,1,1.0,2.0,13208,MICHELET (BOULEVARD),M,"43,2710000","5,3922500",13,2019,6.0,1.0,1.0,7.0,2262072,1.0,1,1,1,0.0,,0.0,0,1950.0,B01,138Â 206Â 227,1.0,0.0,-1.0,1726700,2.0,7,,0.0,2.0,4.0,B01,138Â 206Â 227,0.0