Unnamed: 0_x,num_acc,mois,jour,hrmn,lum,agg,int,atm,col,com,adr,gps,lat,long,dep,annee,vma,situ,surf,catr,Unnamed: 0_y,place,catu,grav,sexe,trajet,secu,locp,actp,an_nais,num_veh_x,id_vehicule_x,secu1,secu2,secu3,Unnamed: 0,senc,catv,occutc,obs,obsm,choc,num_veh_y,id_vehicule_y,motor
1011550,201900053081,5,30,01:05,5,2,3,1.0,7.0,13209,HUVEAUNE (BOULEVARD DE),M,"43,2738650","5,4078790",13,2019,50.0,1.0,1.0,4.0,2262073,1.0,1,3,2,5.0,,0.0,0,2001.0,A01,138Â 206Â 225,2.0,0.0,-1.0,1726701,2.0,30,,0.0,0.0,7.0,A01,138Â 206Â 225,1.0
1011550,201900053081,5,30,01:05,5,2,3,1.0,7.0,13209,HUVEAUNE (BOULEVARD DE),M,"43,2738650","5,4078790",13,2019,50.0,1.0,1.0,4.0,2262074,2.0,2,4,2,5.0,,0.0,0,2001.0,A01,138Â 206Â 225,2.0,0.0,-1.0,1726701,2.0,30,,0.0,0.0,7.0,A01,138Â 206Â 225,1.0
1011551,201900053082,5,29,19:15,1,2,3,7.0,3.0,13211,ARNOULD (RUE),M,"43,3027800","5,5216500",13,2019,50.0,1.0,1.0,4.0,2262075,2.0,2,1,2,5.0,,-1.0, -1,2002.0,A01,138Â 206Â 223,2.0,8.0,-1.0,1726702,1.0,31,,0.0,2.0,1.0,A01,138Â 206Â 223,1.0
1011551,201900053082,5,29,19:15,1,2,3,7.0,3.0,13211,ARNOULD (RUE),M,"43,3027800","5,5216500",13,2019,50.0,1.0,1.0,4.0,2262075,2.0,2,1,2,5.0,,-1.0, -1,2002.0,A01,138Â 206Â 223,2.0,8.0,-1.0,1726703,1.0,7,,0.0,2.0,6.0,B01,138Â 206Â 224,2.0
1011551,201900053082,5,29,19:15,1,2,3,7.0,3.0,13211,ARNOULD (RUE),M,"43,3027800","5,5216500",13,2019,50.0,1.0,1.0,4.0,2262076,1.0,1,4,1,5.0,,-1.0, -1,1973.0,A01,138Â 206Â 223,2.0,6.0,-1.0,1726702,1.0,31,,0.0,2.0,1.0,A01,138Â 206Â 223,1.0
1011551,201900053082,5,29,19:15,1,2,3,7.0,3.0,13211,ARNOULD (RUE),M,"43,3027800","5,5216500",13,2019,50.0,1.0,1.0,4.0,2262076,1.0,1,4,1,5.0,,-1.0, -1,1973.0,A01,138Â 206Â 223,2.0,6.0,-1.0,1726703,1.0,7,,0.0,2.0,6.0,B01,138Â 206Â 224,2.0
1011551,201900053082,5,29,19:15,1,2,3,7.0,3.0,13211,ARNOULD (RUE),M,"43,3027800","5,5216500",13,2019,50.0,1.0,1.0,4.0,2262077,1.0,1,1,1,5.0,,-1.0, -1,1965.0,B01,138Â 206Â 224,1.0,8.0,-1.0,1726702,1.0,31,,0.0,2.0,1.0,A01,138Â 206Â 223,1.0
1011551,201900053082,5,29,19:15,1,2,3,7.0,3.0,13211,ARNOULD (RUE),M,"43,3027800","5,5216500",13,2019,50.0,1.0,1.0,4.0,2262077,1.0,1,1,1,5.0,,-1.0, -1,1965.0,B01,138Â 206Â 224,1.0,8.0,-1.0,1726703,1.0,7,,0.0,2.0,6.0,B01,138Â 206Â 224,2.0
1011552,201900053083,6,15,19:25,1,2,9,1.0,3.0,13063,NORD AVENUE DU,M,"43,6015600","5,0067500",13,2019,50.0,1.0,1.0,4.0,2262078,1.0,1,3,1,0.0,,-1.0, -1,1995.0,B01,138Â 206Â 221,2.0,6.0,-1.0,1726704,3.0,33,,0.0,2.0,1.0,B01,138Â 206Â 221,1.0
1011552,201900053083,6,15,19:25,1,2,9,1.0,3.0,13063,NORD AVENUE DU,M,"43,6015600","5,0067500",13,2019,50.0,1.0,1.0,4.0,2262078,1.0,1,3,1,0.0,,-1.0, -1,1995.0,B01,138Â 206Â 221,2.0,6.0,-1.0,1726705,3.0,7,,0.0,2.0,8.0,A01,138Â 206Â 222,1.0
1011552,201900053083,6,15,19:25,1,2,9,1.0,3.0,13063,NORD AVENUE DU,M,"43,6015600","5,0067500",13,2019,50.0,1.0,1.0,4.0,2262079,1.0,1,4,1,5.0,,-1.0, -1,1974.0,A01,138Â 206Â 222,1.0,5.0,-1.0,1726704,3.0,33,,0.0,2.0,1.0,B01,138Â 206Â 221,1.0
1011552,201900053083,6,15,19:25,1,2,9,1.0,3.0,13063,NORD AVENUE DU,M,"43,6015600","5,0067500",13,2019,50.0,1.0,1.0,4.0,2262079,1.0,1,4,1,5.0,,-1.0, -1,1974.0,A01,138Â 206Â 222,1.0,5.0,-1.0,1726705,3.0,7,,0.0,2.0,8.0,A01,138Â 206Â 222,1.0
1011553,201900053084,5,30,19:45,1,1,1,1.0,6.0,13047,RN 569,M,"43,5577200","4,9756700",13,2019,90.0,1.0,1.0,2.0,2262080,1.0,1,4,1,0.0,,-1.0, -1,1987.0,A01,138Â 206Â 220,1.0,0.0,-1.0,1726706,3.0,7,,2.0,0.0,8.0,A01,138Â 206Â 220,1.0
1011554,201900053085,6,7,07:50,1,2,6,1.0,3.0,13028,Rond-point de la locomotive,M,"43,1916300","5,6044500",13,2019,50.0,1.0,1.0,3.0,2262081,1.0,1,1,1,1.0,,-1.0,0,1972.0,B01,138Â 206Â 218,1.0,0.0,-1.0,1726707,2.0,10,,0.0,2.0,3.0,B01,138Â 206Â 218,1.0
1011554,201900053085,6,7,07:50,1,2,6,1.0,3.0,13028,Rond-point de la locomotive,M,"43,1916300","5,6044500",13,2019,50.0,1.0,1.0,3.0,2262081,1.0,1,1,1,1.0,,-1.0,0,1972.0,B01,138Â 206Â 218,1.0,0.0,-1.0,1726708,2.0,33,,0.0,2.0,5.0,A01,138Â 206Â 219,1.0
1011554,201900053085,6,7,07:50,1,2,6,1.0,3.0,13028,Rond-point de la locomotive,M,"43,1916300","5,6044500",13,2019,50.0,1.0,1.0,3.0,2262082,1.0,1,4,1,1.0,,-1.0,0,1991.0,A01,138Â 206Â 219,2.0,6.0,-1.0,1726707,2.0,10,,0.0,2.0,3.0,B01,138Â 206Â 218,1.0
1011554,201900053085,6,7,07:50,1,2,6,1.0,3.0,13028,Rond-point de la locomotive,M,"43,1916300","5,6044500",13,2019,50.0,1.0,1.0,3.0,2262082,1.0,1,4,1,1.0,,-1.0,0,1991.0,A01,138Â 206Â 219,2.0,6.0,-1.0,1726708,2.0,33,,0.0,2.0,5.0,A01,138Â 206Â 219,1.0
1011555,201900053086,6,15,21:00,1,2,3,1.0,3.0,13005,RN 8,M,"43,2852613","5,5854111",13,2019,50.0,1.0,1.0,1.0,2262083,1.0,1,3,1,5.0,,-1.0,0,1992.0,B01,138Â 206Â 216,2.0,0.0,-1.0,1726709,1.0,33,,0.0,2.0,1.0,B01,138Â 206Â 216,1.0
1011555,201900053086,6,15,21:00,1,2,3,1.0,3.0,13005,RN 8,M,"43,2852613","5,5854111",13,2019,50.0,1.0,1.0,1.0,2262083,1.0,1,3,1,5.0,,-1.0,0,1992.0,B01,138Â 206Â 216,2.0,0.0,-1.0,1726710,1.0,7,,0.0,2.0,5.0,A01,138Â 206Â 217,1.0
1011555,201900053086,6,15,21:00,1,2,3,1.0,3.0,13005,RN 8,M,"43,2852613","5,5854111",13,2019,50.0,1.0,1.0,1.0,2262084,1.0,1,1,1,5.0,,-1.0,0,1964.0,A01,138Â 206Â 217,1.0,0.0,-1.0,1726709,1.0,33,,0.0,2.0,1.0,B01,138Â 206Â 216,1.0
1011555,201900053086,6,15,21:00,1,2,3,1.0,3.0,13005,RN 8,M,"43,2852613","5,5854111",13,2019,50.0,1.0,1.0,1.0,2262084,1.0,1,1,1,5.0,,-1.0,0,1964.0,A01,138Â 206Â 217,1.0,0.0,-1.0,1726710,1.0,7,,0.0,2.0,5.0,A01,138Â 206Â 217,1.0
1011556,201900053087,6,12,19:50,1,2,1,1.0,6.0,13070,ANTONETTI (AVENUE),M,"43,2869900","5,5138700",13,2019,50.0,1.0,1.0,3.0,2262085,1.0,1,1,2,0.0,,-1.0,0,1989.0,A01,138Â 206Â 215,1.0,8.0,-1.0,1726711,2.0,7,,0.0,1.0,3.0,A01,138Â 206Â 215,1.0
1011556,201900053087,6,12,19:50,1,2,1,1.0,6.0,13070,ANTONETTI (AVENUE),M,"43,2869900","5,5138700",13,2019,50.0,1.0,1.0,3.0,2262086,10.0,3,4,1,0.0,,3.0,3,1997.0,A01,138Â 206Â 215,8.0,0.0,-1.0,1726711,2.0,7,,0.0,1.0,3.0,A01,138Â 206Â 215,1.0
1011557,201900053088,6,12,17:00,1,2,1,1.0,6.0,13005,BEAUDINARD (ROUTE DE),M,"43,3090700","5,5821760",13,2019,50.0,1.0,1.0,3.0,2262087,10.0,3,3,2,5.0,,1.0,3,1939.0,A01,138Â 206Â 214,8.0,0.0,-1.0,1726712,1.0,34,,0.0,1.0,1.0,A01,138Â 206Â 214,1.0
1011557,201900053088,6,12,17:00,1,2,1,1.0,6.0,13005,BEAUDINARD (ROUTE DE),M,"43,3090700","5,5821760",13,2019,50.0,1.0,1.0,3.0,2262088,1.0,1,1,1,5.0,,0.0,0,1984.0,A01,138Â 206Â 214,2.0,8.0,-1.0,1726712,1.0,34,,0.0,1.0,1.0,A01,138Â 206Â 214,1.0
1011558,201900053089,5,30,08:20,1,1,1,1.0,3.0,13005,CD 2 (CAMP MAJOR),M,"43,2881800","5,5399800",13,2019,70.0,1.0,1.0,3.0,2262089,1.0,1,3,1,1.0,,0.0,0,1975.0,B01,138Â 206Â 212,2.0,8.0,-1.0,1726713,1.0,33,,0.0,2.0,1.0,B01,138Â 206Â 212,1.0
1011558,201900053089,5,30,08:20,1,1,1,1.0,3.0,13005,CD 2 (CAMP MAJOR),M,"43,2881800","5,5399800",13,2019,70.0,1.0,1.0,3.0,2262089,1.0,1,3,1,1.0,,0.0,0,1975.0,B01,138Â 206Â 212,2.0,8.0,-1.0,1726714,2.0,7,,0.0,2.0,8.0,A01,138Â 206Â 213,1.0
1011558,201900053089,5,30,08:20,1,1,1,1.0,3.0,13005,CD 2 (CAMP MAJOR),M,"43,2881800","5,5399800",13,2019,70.0,1.0,1.0,3.0,2262090,1.0,1,4,1,1.0,,0.0,0,1997.0,A01,138Â 206Â 213,8.0,0.0,-1.0,1726713,1.0,33,,0.0,2.0,1.0,B01,138Â 206Â 212,1.0
1011558,201900053089,5,30,08:20,1,1,1,1.0,3.0,13005,CD 2 (CAMP MAJOR),M,"43,2881800","5,5399800",13,2019,70.0,1.0,1.0,3.0,2262090,1.0,1,4,1,1.0,,0.0,0,1997.0,A01,138Â 206Â 213,8.0,0.0,-1.0,1726714,2.0,7,,0.0,2.0,8.0,A01,138Â 206Â 213,1.0
1011559,201900053090,6,2,22:20,4,2,3,1.0,3.0,13004,RTE ST MARTIN DE CRAU,M,"43,6729700","4,6404200",13,2019,50.0,1.0,1.0,4.0,2262091,1.0,1,3,1,5.0,,-1.0,0,1967.0,A01,138Â 206Â 210,2.0,6.0,-1.0,1726715,2.0,33,,0.0,2.0,8.0,A01,138Â 206Â 210,1.0
1011559,201900053090,6,2,22:20,4,2,3,1.0,3.0,13004,RTE ST MARTIN DE CRAU,M,"43,6729700","4,6404200",13,2019,50.0,1.0,1.0,4.0,2262091,1.0,1,3,1,5.0,,-1.0,0,1967.0,A01,138Â 206Â 210,2.0,6.0,-1.0,1726716,1.0,7,,0.0,2.0,8.0,B01,138Â 206Â 211,1.0
1011559,201900053090,6,2,22:20,4,2,3,1.0,3.0,13004,RTE ST MARTIN DE CRAU,M,"43,6729700","4,6404200",13,2019,50.0,1.0,1.0,4.0,2262092,2.0,2,4,2,5.0,,-1.0,0,2001.0,B01,138Â 206Â 211,1.0,8.0,-1.0,1726715,2.0,33,,0.0,2.0,8.0,A01,138Â 206Â 210,1.0
1011559,201900053090,6,2,22:20,4,2,3,1.0,3.0,13004,RTE ST MARTIN DE CRAU,M,"43,6729700","4,6404200",13,2019,50.0,1.0,1.0,4.0,2262092,2.0,2,4,2,5.0,,-1.0,0,2001.0,B01,138Â 206Â 211,1.0,8.0,-1.0,1726716,1.0,7,,0.0,2.0,8.0,B01,138Â 206Â 211,1.0
1011559,201900053090,6,2,22:20,4,2,3,1.0,3.0,13004,RTE ST MARTIN DE CRAU,M,"43,6729700","4,6404200",13,2019,50.0,1.0,1.0,4.0,2262093,1.0,1,4,2,5.0,,-1.0,0,1966.0,B01,138Â 206Â 211,1.0,0.0,-1.0,1726715,2.0,33,,0.0,2.0,8.0,A01,138Â 206Â 210,1.0
1011559,201900053090,6,2,22:20,4,2,3,1.0,3.0,13004,RTE ST MARTIN DE CRAU,M,"43,6729700","4,6404200",13,2019,50.0,1.0,1.0,4.0,2262093,1.0,1,4,2,5.0,,-1.0,0,1966.0,B01,138Â 206Â 211,1.0,0.0,-1.0,1726716,1.0,7,,0.0,2.0,8.0,B01,138Â 206Â 211,1.0
1011560,201900053091,5,21,16:58,1,2,3,1.0,3.0,13004,AV STALINGRAD,M,"43,6941930","4,6398800",13,2019,50.0,1.0,1.0,4.0,2262094,1.0,1,1,2,5.0,,0.0,0,1990.0,B01,138Â 206Â 208,1.0,0.0,-1.0,1726717,1.0,99,,0.0,2.0,3.0,B01,138Â 206Â 208,1.0
1011560,201900053091,5,21,16:58,1,2,3,1.0,3.0,13004,AV STALINGRAD,M,"43,6941930","4,6398800",13,2019,50.0,1.0,1.0,4.0,2262094,1.0,1,1,2,5.0,,0.0,0,1990.0,B01,138Â 206Â 208,1.0,0.0,-1.0,1726718,1.0,30,,0.0,2.0,1.0,A01,138Â 206Â 209,1.0
1011560,201900053091,5,21,16:58,1,2,3,1.0,3.0,13004,AV STALINGRAD,M,"43,6941930","4,6398800",13,2019,50.0,1.0,1.0,4.0,2262095,1.0,1,3,2,2.0,,0.0,0,2002.0,A01,138Â 206Â 209,2.0,0.0,-1.0,1726717,1.0,99,,0.0,2.0,3.0,B01,138Â 206Â 208,1.0
1011560,201900053091,5,21,16:58,1,2,3,1.0,3.0,13004,AV STALINGRAD,M,"43,6941930","4,6398800",13,2019,50.0,1.0,1.0,4.0,2262095,1.0,1,3,2,2.0,,0.0,0,2002.0,A01,138Â 206Â 209,2.0,0.0,-1.0,1726718,1.0,30,,0.0,2.0,1.0,A01,138Â 206Â 209,1.0
1011561,201900053092,5,31,12:10,1,2,1,7.0,5.0,13004,AV VICTOR HUGO,M,"43,6748800","4,6333800",13,2019,50.0,1.0,1.0,4.0,2262096,1.0,1,1,1,4.0,,0.0,0,1978.0,C01,138Â 206Â 205,1.0,0.0,-1.0,1726719,2.0,13,,0.0,2.0,1.0,C01,138Â 206Â 205,0.0
1011561,201900053092,5,31,12:10,1,2,1,7.0,5.0,13004,AV VICTOR HUGO,M,"43,6748800","4,6333800",13,2019,50.0,1.0,1.0,4.0,2262096,1.0,1,1,1,4.0,,0.0,0,1978.0,C01,138Â 206Â 205,1.0,0.0,-1.0,1726720,2.0,1,,0.0,2.0,7.0,B01,138Â 206Â 206,0.0
1011561,201900053092,5,31,12:10,1,2,1,7.0,5.0,13004,AV VICTOR HUGO,M,"43,6748800","4,6333800",13,2019,50.0,1.0,1.0,4.0,2262096,1.0,1,1,1,4.0,,0.0,0,1978.0,C01,138Â 206Â 205,1.0,0.0,-1.0,1726721,2.0,7,,0.0,2.0,1.0,A01,138Â 206Â 207,1.0
1011561,201900053092,5,31,12:10,1,2,1,7.0,5.0,13004,AV VICTOR HUGO,M,"43,6748800","4,6333800",13,2019,50.0,1.0,1.0,4.0,2262097,1.0,1,4,1,0.0,,0.0,0,1971.0,B01,138Â 206Â 206,8.0,0.0,-1.0,1726719,2.0,13,,0.0,2.0,1.0,C01,138Â 206Â 205,0.0
1011561,201900053092,5,31,12:10,1,2,1,7.0,5.0,13004,AV VICTOR HUGO,M,"43,6748800","4,6333800",13,2019,50.0,1.0,1.0,4.0,2262097,1.0,1,4,1,0.0,,0.0,0,1971.0,B01,138Â 206Â 206,8.0,0.0,-1.0,1726720,2.0,1,,0.0,2.0,7.0,B01,138Â 206Â 206,0.0
1011561,201900053092,5,31,12:10,1,2,1,7.0,5.0,13004,AV VICTOR HUGO,M,"43,6748800","4,6333800",13,2019,50.0,1.0,1.0,4.0,2262097,1.0,1,4,1,0.0,,0.0,0,1971.0,B01,138Â 206Â 206,8.0,0.0,-1.0,1726721,2.0,7,,0.0,2.0,1.0,A01,138Â 206Â 207,1.0
1011561,201900053092,5,31,12:10,1,2,1,7.0,5.0,13004,AV VICTOR HUGO,M,"43,6748800","4,6333800",13,2019,50.0,1.0,1.0,4.0,2262098,1.0,1,1,1,0.0,,0.0,0,1939.0,A01,138Â 206Â 207,1.0,0.0,-1.0,1726719,2.0,13,,0.0,2.0,1.0,C01,138Â 206Â 205,0.0
1011561,201900053092,5,31,12:10,1,2,1,7.0,5.0,13004,AV VICTOR HUGO,M,"43,6748800","4,6333800",13,2019,50.0,1.0,1.0,4.0,2262098,1.0,1,1,1,0.0,,0.0,0,1939.0,A01,138Â 206Â 207,1.0,0.0,-1.0,1726720,2.0,1,,0.0,2.0,7.0,B01,138Â 206Â 206,0.0
1011561,201900053092,5,31,12:10,1,2,1,7.0,5.0,13004,AV VICTOR HUGO,M,"43,6748800","4,6333800",13,2019,50.0,1.0,1.0,4.0,2262098,1.0,1,1,1,0.0,,0.0,0,1939.0,A01,138Â 206Â 207,1.0,0.0,-1.0,1726721,2.0,7,,0.0,2.0,1.0,A01,138Â 206Â 207,1.0
1011562,201900053093,6,15,00:05,5,2,1,1.0,1.0,13001,BROSSOLETTE PIERRE (AV),M,"43,5229000","5,4423000",13,2019,50.0,1.0,1.0,4.0,2262099,1.0,1,4,2,5.0,,-1.0, -1,1988.0,A01,138Â 206Â 203,2.0,0.0,-1.0,1726722,2.0,30,,0.0,2.0,1.0,A01,138Â 206Â 203,1.0
1011562,201900053093,6,15,00:05,5,2,1,1.0,1.0,13001,BROSSOLETTE PIERRE (AV),M,"43,5229000","5,4423000",13,2019,50.0,1.0,1.0,4.0,2262099,1.0,1,4,2,5.0,,-1.0, -1,1988.0,A01,138Â 206Â 203,2.0,0.0,-1.0,1726723,1.0,10,,0.0,0.0,3.0,B01,138Â 206Â 204,1.0
1011562,201900053093,6,15,00:05,5,2,1,1.0,1.0,13001,BROSSOLETTE PIERRE (AV),M,"43,5229000","5,4423000",13,2019,50.0,1.0,1.0,4.0,2262100,1.0,1,1,1,5.0,,-1.0,0,1968.0,B01,138Â 206Â 204,1.0,0.0,-1.0,1726722,2.0,30,,0.0,2.0,1.0,A01,138Â 206Â 203,1.0
1011562,201900053093,6,15,00:05,5,2,1,1.0,1.0,13001,BROSSOLETTE PIERRE (AV),M,"43,5229000","5,4423000",13,2019,50.0,1.0,1.0,4.0,2262100,1.0,1,1,1,5.0,,-1.0,0,1968.0,B01,138Â 206Â 204,1.0,0.0,-1.0,1726723,1.0,10,,0.0,0.0,3.0,B01,138Â 206Â 204,1.0
1011563,201900053094,6,7,16:20,1,2,1,1.0,6.0,13001,NARVICK (PL DE),M,"43,5253000","5,4430600",13,2019,50.0,1.0,1.0,4.0,2262101,1.0,1,1,2,9.0,,-1.0, -1,1959.0,B01,138Â 206Â 201,1.0,0.0,-1.0,1726724,0.0,7,,0.0,2.0,2.0,B01,138Â 206Â 201,1.0
1011563,201900053094,6,7,16:20,1,2,1,1.0,6.0,13001,NARVICK (PL DE),M,"43,5253000","5,4430600",13,2019,50.0,1.0,1.0,4.0,2262101,1.0,1,1,2,9.0,,-1.0, -1,1959.0,B01,138Â 206Â 201,1.0,0.0,-1.0,1726725,3.0,32,,0.0,2.0,8.0,A01,138Â 206Â 202,1.0
1011563,201900053094,6,7,16:20,1,2,1,1.0,6.0,13001,NARVICK (PL DE),M,"43,5253000","5,4430600",13,2019,50.0,1.0,1.0,4.0,2262102,1.0,1,3,1,9.0,,-1.0, -1,1990.0,A01,138Â 206Â 202,2.0,6.0,-1.0,1726724,0.0,7,,0.0,2.0,2.0,B01,138Â 206Â 201,1.0
1011563,201900053094,6,7,16:20,1,2,1,1.0,6.0,13001,NARVICK (PL DE),M,"43,5253000","5,4430600",13,2019,50.0,1.0,1.0,4.0,2262102,1.0,1,3,1,9.0,,-1.0, -1,1990.0,A01,138Â 206Â 202,2.0,6.0,-1.0,1726725,3.0,32,,0.0,2.0,8.0,A01,138Â 206Â 202,1.0
1011564,201900053095,6,5,08:55,1,1,1,1.0,7.0,13001,RN 296,M,"43,5612183","5,4548711",13,2019,110.0,1.0,1.0,2.0,2262103,1.0,1,2,1,5.0,,0.0,0,1933.0,A01,138Â 206Â 200,1.0,0.0,-1.0,1726726,2.0,7,,0.0,0.0,1.0,A01,138Â 206Â 200,0.0
1011565,201900053096,5,30,11:45,1,2,9,1.0,6.0,13001,CHATEAUX DU MONT ROBERT (RTE),M,"43,4928295","5,4006547",13,2019,50.0,1.0,1.0,4.0,2262104,1.0,1,3,1,0.0,,-1.0,0,1997.0,A01,138Â 206Â 198,2.0,0.0,-1.0,1726727,1.0,33,,0.0,2.0,8.0,A01,138Â 206Â 198,0.0
1011565,201900053096,5,30,11:45,1,2,9,1.0,6.0,13001,CHATEAUX DU MONT ROBERT (RTE),M,"43,4928295","5,4006547",13,2019,50.0,1.0,1.0,4.0,2262104,1.0,1,3,1,0.0,,-1.0,0,1997.0,A01,138Â 206Â 198,2.0,0.0,-1.0,1726728,1.0,10,,0.0,2.0,0.0,B01,138Â 206Â 199,0.0
1011565,201900053096,5,30,11:45,1,2,9,1.0,6.0,13001,CHATEAUX DU MONT ROBERT (RTE),M,"43,4928295","5,4006547",13,2019,50.0,1.0,1.0,4.0,2262105,1.0,1,1,1,0.0,,-1.0,0,1997.0,B01,138Â 206Â 199,1.0,0.0,-1.0,1726727,1.0,33,,0.0,2.0,8.0,A01,138Â 206Â 198,0.0
1011565,201900053096,5,30,11:45,1,2,9,1.0,6.0,13001,CHATEAUX DU MONT ROBERT (RTE),M,"43,4928295","5,4006547",13,2019,50.0,1.0,1.0,4.0,2262105,1.0,1,1,1,0.0,,-1.0,0,1997.0,B01,138Â 206Â 199,1.0,0.0,-1.0,1726728,1.0,10,,0.0,2.0,0.0,B01,138Â 206Â 199,0.0
1011566,201900053097,6,11,18:05,1,1,6,1.0,3.0,12176,RD 840,M,"44,3789600","2,5361900",12,2019,80.0,1.0,1.0,3.0,2262106,1.0,1,1,1,0.0,,-1.0,0,1964.0,A01,138Â 206Â 196,1.0,0.0,-1.0,1726729,1.0,7,,0.0,2.0,1.0,A01,138Â 206Â 196,1.0
1011566,201900053097,6,11,18:05,1,1,6,1.0,3.0,12176,RD 840,M,"44,3789600","2,5361900",12,2019,80.0,1.0,1.0,3.0,2262106,1.0,1,1,1,0.0,,-1.0,0,1964.0,A01,138Â 206Â 196,1.0,0.0,-1.0,1726730,1.0,33,,0.0,2.0,7.0,B01,138Â 206Â 197,1.0
1011566,201900053097,6,11,18:05,1,1,6,1.0,3.0,12176,RD 840,M,"44,3789600","2,5361900",12,2019,80.0,1.0,1.0,3.0,2262107,1.0,1,4,1,5.0,,-1.0,0,1983.0,B01,138Â 206Â 197,2.0,-1.0,-1.0,1726729,1.0,7,,0.0,2.0,1.0,A01,138Â 206Â 196,1.0
1011566,201900053097,6,11,18:05,1,1,6,1.0,3.0,12176,RD 840,M,"44,3789600","2,5361900",12,2019,80.0,1.0,1.0,3.0,2262107,1.0,1,4,1,5.0,,-1.0,0,1983.0,B01,138Â 206Â 197,2.0,-1.0,-1.0,1726730,1.0,33,,0.0,2.0,7.0,B01,138Â 206Â 197,1.0
1011567,201900053098,6,10,18:50,1,2,3,1.0,3.0,12176,ESPALION (ROUTE D'),M,"44,3647000","2,5863100",12,2019,50.0,1.0,1.0,4.0,2262108,1.0,1,4,1,5.0,,-1.0,0,1969.0,A01,138Â 206Â 194,1.0,0.0,-1.0,1726731,3.0,7,,0.0,2.0,7.0,A01,138Â 206Â 194,1.0
1011567,201900053098,6,10,18:50,1,2,3,1.0,3.0,12176,ESPALION (ROUTE D'),M,"44,3647000","2,5863100",12,2019,50.0,1.0,1.0,4.0,2262108,1.0,1,4,1,5.0,,-1.0,0,1969.0,A01,138Â 206Â 194,1.0,0.0,-1.0,1726732,3.0,7,,0.0,2.0,1.0,B01,138Â 206Â 195,0.0
1011567,201900053098,6,10,18:50,1,2,3,1.0,3.0,12176,ESPALION (ROUTE D'),M,"44,3647000","2,5863100",12,2019,50.0,1.0,1.0,4.0,2262109,1.0,1,4,1,5.0,,-1.0,0,1964.0,B01,138Â 206Â 195,1.0,0.0,-1.0,1726731,3.0,7,,0.0,2.0,7.0,A01,138Â 206Â 194,1.0
1011567,201900053098,6,10,18:50,1,2,3,1.0,3.0,12176,ESPALION (ROUTE D'),M,"44,3647000","2,5863100",12,2019,50.0,1.0,1.0,4.0,2262109,1.0,1,4,1,5.0,,-1.0,0,1964.0,B01,138Â 206Â 195,1.0,0.0,-1.0,1726732,3.0,7,,0.0,2.0,1.0,B01,138Â 206Â 195,0.0
1011568,201900053099,6,17,09:40,1,2,1,1.0,6.0,12145,BRASSENS GEORGES (BOULEVARD),M,"44,1180200","3,0695300",12,2019,10.0,1.0,1.0,6.0,2262110,10.0,3,3,2,9.0,,9.0,1,1936.0,A01,138Â 206Â 187,8.0,0.0,-1.0,1726733,3.0,7,,0.0,1.0,1.0,A01,138Â 206Â 187,1.0
1011568,201900053099,6,17,09:40,1,2,1,1.0,6.0,12145,BRASSENS GEORGES (BOULEVARD),M,"44,1180200","3,0695300",12,2019,10.0,1.0,1.0,6.0,2262111,1.0,1,1,2,5.0,,0.0,0,1951.0,A01,138Â 206Â 187,1.0,8.0,-1.0,1726733,3.0,7,,0.0,1.0,1.0,A01,138Â 206Â 187,1.0
1011569,201900053100,6,6,17:10,1,2,3,1.0,3.0,12145,GABRIAC JEAN (BOULEVARD),M,"44,0922800","3,0707140",12,2019,50.0,1.0,1.0,4.0,2262112,1.0,1,1,1,0.0,,-1.0, -1,1956.0,B01,138Â 206Â 185,1.0,8.0,-1.0,1726734,2.0,7,,0.0,2.0,3.0,B01,138Â 206Â 185,1.0
1011569,201900053100,6,6,17:10,1,2,3,1.0,3.0,12145,GABRIAC JEAN (BOULEVARD),M,"44,0922800","3,0707140",12,2019,50.0,1.0,1.0,4.0,2262112,1.0,1,1,1,0.0,,-1.0, -1,1956.0,B01,138Â 206Â 185,1.0,8.0,-1.0,1726735,2.0,2,,8.0,2.0,1.0,A01,138Â 206Â 186,1.0
1011569,201900053100,6,6,17:10,1,2,3,1.0,3.0,12145,GABRIAC JEAN (BOULEVARD),M,"44,0922800","3,0707140",12,2019,50.0,1.0,1.0,4.0,2262113,1.0,1,3,1,5.0,,0.0,0,1959.0,A01,138Â 206Â 186,2.0,6.0,-1.0,1726734,2.0,7,,0.0,2.0,3.0,B01,138Â 206Â 185,1.0
1011569,201900053100,6,6,17:10,1,2,3,1.0,3.0,12145,GABRIAC JEAN (BOULEVARD),M,"44,0922800","3,0707140",12,2019,50.0,1.0,1.0,4.0,2262113,1.0,1,3,1,5.0,,0.0,0,1959.0,A01,138Â 206Â 186,2.0,6.0,-1.0,1726735,2.0,2,,8.0,2.0,1.0,A01,138Â 206Â 186,1.0
1011570,201900053101,6,17,13:50,1,1,1,1.0,1.0,12013,CROIX DE L'EVANGILE (LA) LIEU-DIT,M,"44,5342600","2,3008300",12,2019,45.0,1.0,1.0,4.0,2262114,1.0,1,1,2,5.0,,-1.0, -1,1954.0,B01,138Â 206Â 183,1.0,0.0,-1.0,1726736,3.0,7,,0.0,2.0,3.0,B01,138Â 206Â 183,1.0