Unnamed: 0_x,num_acc,mois,jour,hrmn,lum,agg,int,atm,col,com,adr,gps,lat,long,dep,annee,vma,situ,surf,catr,Unnamed: 0_y,place,catu,grav,sexe,trajet,secu,locp,actp,an_nais,num_veh_x,id_vehicule_x,secu1,secu2,secu3,Unnamed: 0,senc,catv,occutc,obs,obsm,choc,num_veh_y,id_vehicule_y,motor
1011570,201900053101,6,17,13:50,1,1,1,1.0,1.0,12013,CROIX DE L'EVANGILE (LA) LIEU-DIT,M,"44,5342600","2,3008300",12,2019,45.0,1.0,1.0,4.0,2262114,1.0,1,1,2,5.0,,-1.0, -1,1954.0,B01,138Â 206Â 183,1.0,0.0,-1.0,1726737,3.0,7,,0.0,2.0,3.0,A01,138Â 206Â 184,1.0
1011570,201900053101,6,17,13:50,1,1,1,1.0,1.0,12013,CROIX DE L'EVANGILE (LA) LIEU-DIT,M,"44,5342600","2,3008300",12,2019,45.0,1.0,1.0,4.0,2262115,1.0,1,4,2,5.0,,-1.0, -1,1982.0,A01,138Â 206Â 184,1.0,0.0,-1.0,1726736,3.0,7,,0.0,2.0,3.0,B01,138Â 206Â 183,1.0
1011570,201900053101,6,17,13:50,1,1,1,1.0,1.0,12013,CROIX DE L'EVANGILE (LA) LIEU-DIT,M,"44,5342600","2,3008300",12,2019,45.0,1.0,1.0,4.0,2262115,1.0,1,4,2,5.0,,-1.0, -1,1982.0,A01,138Â 206Â 184,1.0,0.0,-1.0,1726737,3.0,7,,0.0,2.0,3.0,A01,138Â 206Â 184,1.0
1011571,201900053102,6,15,14:20,1,2,1,1.0,6.0,11262,MARAUSSAN (BOULEVARD DE),M,"43,1755650","2,9996890",11,2019,50.0,1.0,1.0,4.0,2262116,1.0,1,4,1,9.0,,-1.0, -1,1999.0,A01,138Â 206Â 182,2.0,8.0,-1.0,1726738,1.0,1,,0.0,0.0,0.0,A01,138Â 206Â 182,6.0
1011572,201900053103,5,31,15:25,1,2,1,1.0,1.0,11262,PEUPLIERS (RUE DES),M,"43,1870300","2,9991200",11,2019,50.0,1.0,1.0,4.0,2262117,1.0,1,4,1,0.0,,0.0,0,1993.0,B01,138Â 206Â 180,2.0,8.0,-1.0,1726739,1.0,33,,0.0,2.0,8.0,B01,138Â 206Â 180,1.0
1011572,201900053103,5,31,15:25,1,2,1,1.0,1.0,11262,PEUPLIERS (RUE DES),M,"43,1870300","2,9991200",11,2019,50.0,1.0,1.0,4.0,2262117,1.0,1,4,1,0.0,,0.0,0,1993.0,B01,138Â 206Â 180,2.0,8.0,-1.0,1726740,1.0,7,,0.0,2.0,3.0,A01,138Â 206Â 181,1.0
1011572,201900053103,5,31,15:25,1,2,1,1.0,1.0,11262,PEUPLIERS (RUE DES),M,"43,1870300","2,9991200",11,2019,50.0,1.0,1.0,4.0,2262118,1.0,1,1,2,9.0,,0.0,0,1985.0,A01,138Â 206Â 181,1.0,8.0,-1.0,1726739,1.0,33,,0.0,2.0,8.0,B01,138Â 206Â 180,1.0
1011572,201900053103,5,31,15:25,1,2,1,1.0,1.0,11262,PEUPLIERS (RUE DES),M,"43,1870300","2,9991200",11,2019,50.0,1.0,1.0,4.0,2262118,1.0,1,1,2,9.0,,0.0,0,1985.0,A01,138Â 206Â 181,1.0,8.0,-1.0,1726740,1.0,7,,0.0,2.0,3.0,A01,138Â 206Â 181,1.0
1011573,201900053104,6,12,03:00,5,2,6,1.0,6.0,11069,JUIN MARECHAL,M,"43,2128230","2,3717670",11,2019,50.0,1.0,2.0,4.0,2262119,2.0,2,3,1,5.0,,0.0,0,1989.0,A01,138Â 206Â 179,8.0,0.0,-1.0,1726741,1.0,7,,2.0,0.0,1.0,A01,138Â 206Â 179,1.0
1011573,201900053104,6,12,03:00,5,2,6,1.0,6.0,11069,JUIN MARECHAL,M,"43,2128230","2,3717670",11,2019,50.0,1.0,2.0,4.0,2262120,5.0,2,4,1,5.0,,0.0,0,1993.0,A01,138Â 206Â 179,1.0,8.0,-1.0,1726741,1.0,7,,2.0,0.0,1.0,A01,138Â 206Â 179,1.0
1011573,201900053104,6,12,03:00,5,2,6,1.0,6.0,11069,JUIN MARECHAL,M,"43,2128230","2,3717670",11,2019,50.0,1.0,2.0,4.0,2262121,1.0,1,2,2,5.0,,0.0,0,1972.0,A01,138Â 206Â 179,8.0,0.0,-1.0,1726741,1.0,7,,2.0,0.0,1.0,A01,138Â 206Â 179,1.0
1011574,201900053105,6,5,18:20,1,2,1,2.0,2.0,11069,SARRAUT OMER BD -IMPAIRS-,M,"43,2164620","2,3507790",11,2019,50.0,1.0,2.0,4.0,2262122,1.0,1,1,1,5.0,,0.0,0,1972.0,B01,138Â 206Â 177,1.0,0.0,-1.0,1726742,1.0,7,,0.0,2.0,4.0,B01,138Â 206Â 177,1.0
1011574,201900053105,6,5,18:20,1,2,1,2.0,2.0,11069,SARRAUT OMER BD -IMPAIRS-,M,"43,2164620","2,3507790",11,2019,50.0,1.0,2.0,4.0,2262122,1.0,1,1,1,5.0,,0.0,0,1972.0,B01,138Â 206Â 177,1.0,0.0,-1.0,1726743,1.0,30,,0.0,2.0,1.0,A01,138Â 206Â 178,1.0
1011574,201900053105,6,5,18:20,1,2,1,2.0,2.0,11069,SARRAUT OMER BD -IMPAIRS-,M,"43,2164620","2,3507790",11,2019,50.0,1.0,2.0,4.0,2262123,1.0,1,4,1,5.0,,0.0,0,2002.0,A01,138Â 206Â 178,2.0,6.0,-1.0,1726742,1.0,7,,0.0,2.0,4.0,B01,138Â 206Â 177,1.0
1011574,201900053105,6,5,18:20,1,2,1,2.0,2.0,11069,SARRAUT OMER BD -IMPAIRS-,M,"43,2164620","2,3507790",11,2019,50.0,1.0,2.0,4.0,2262123,1.0,1,4,1,5.0,,0.0,0,2002.0,A01,138Â 206Â 178,2.0,6.0,-1.0,1726743,1.0,30,,0.0,2.0,1.0,A01,138Â 206Â 178,1.0
1011575,201900053106,5,30,11:10,1,1,1,1.0,5.0,11069,RD 6161 - Rocade Ouest,M,"43,2295280","2,3415040",11,2019,80.0,1.0,1.0,3.0,2262124,1.0,1,3,1,5.0,,0.0,0,1980.0,A01,138Â 206Â 174,1.0,0.0,-1.0,1726744,3.0,7,,0.0,2.0,1.0,A01,138Â 206Â 174,1.0
1011575,201900053106,5,30,11:10,1,1,1,1.0,5.0,11069,RD 6161 - Rocade Ouest,M,"43,2295280","2,3415040",11,2019,80.0,1.0,1.0,3.0,2262124,1.0,1,3,1,5.0,,0.0,0,1980.0,A01,138Â 206Â 174,1.0,0.0,-1.0,1726745,3.0,7,,0.0,2.0,1.0,B01,138Â 206Â 175,1.0
1011575,201900053106,5,30,11:10,1,1,1,1.0,5.0,11069,RD 6161 - Rocade Ouest,M,"43,2295280","2,3415040",11,2019,80.0,1.0,1.0,3.0,2262124,1.0,1,3,1,5.0,,0.0,0,1980.0,A01,138Â 206Â 174,1.0,0.0,-1.0,1726746,3.0,32,,3.0,2.0,0.0,C01,138Â 206Â 176,1.0
1011575,201900053106,5,30,11:10,1,1,1,1.0,5.0,11069,RD 6161 - Rocade Ouest,M,"43,2295280","2,3415040",11,2019,80.0,1.0,1.0,3.0,2262125,2.0,2,3,1,5.0,,0.0,0,2005.0,B01,138Â 206Â 175,1.0,0.0,-1.0,1726744,3.0,7,,0.0,2.0,1.0,A01,138Â 206Â 174,1.0
1011575,201900053106,5,30,11:10,1,1,1,1.0,5.0,11069,RD 6161 - Rocade Ouest,M,"43,2295280","2,3415040",11,2019,80.0,1.0,1.0,3.0,2262125,2.0,2,3,1,5.0,,0.0,0,2005.0,B01,138Â 206Â 175,1.0,0.0,-1.0,1726745,3.0,7,,0.0,2.0,1.0,B01,138Â 206Â 175,1.0
1011575,201900053106,5,30,11:10,1,1,1,1.0,5.0,11069,RD 6161 - Rocade Ouest,M,"43,2295280","2,3415040",11,2019,80.0,1.0,1.0,3.0,2262125,2.0,2,3,1,5.0,,0.0,0,2005.0,B01,138Â 206Â 175,1.0,0.0,-1.0,1726746,3.0,32,,3.0,2.0,0.0,C01,138Â 206Â 176,1.0
1011575,201900053106,5,30,11:10,1,1,1,1.0,5.0,11069,RD 6161 - Rocade Ouest,M,"43,2295280","2,3415040",11,2019,80.0,1.0,1.0,3.0,2262126,1.0,1,3,1,5.0,,0.0,0,1968.0,B01,138Â 206Â 175,1.0,0.0,-1.0,1726744,3.0,7,,0.0,2.0,1.0,A01,138Â 206Â 174,1.0
1011575,201900053106,5,30,11:10,1,1,1,1.0,5.0,11069,RD 6161 - Rocade Ouest,M,"43,2295280","2,3415040",11,2019,80.0,1.0,1.0,3.0,2262126,1.0,1,3,1,5.0,,0.0,0,1968.0,B01,138Â 206Â 175,1.0,0.0,-1.0,1726745,3.0,7,,0.0,2.0,1.0,B01,138Â 206Â 175,1.0
1011575,201900053106,5,30,11:10,1,1,1,1.0,5.0,11069,RD 6161 - Rocade Ouest,M,"43,2295280","2,3415040",11,2019,80.0,1.0,1.0,3.0,2262126,1.0,1,3,1,5.0,,0.0,0,1968.0,B01,138Â 206Â 175,1.0,0.0,-1.0,1726746,3.0,32,,3.0,2.0,0.0,C01,138Â 206Â 176,1.0
1011576,201900053107,6,17,12:29,1,2,6,1.0,3.0,10387,LOUIS MAISON (RUE),M,"48,2990700","4,0610900",10,2019,50.0,1.0,1.0,4.0,2262127,1.0,1,4,1,0.0,,-1.0, -1,1982.0,B01,138Â 206Â 170,2.0,8.0,-1.0,1726747,2.0,2,,0.0,2.0,7.0,B01,138Â 206Â 170,1.0
1011576,201900053107,6,17,12:29,1,2,6,1.0,3.0,10387,LOUIS MAISON (RUE),M,"48,2990700","4,0610900",10,2019,50.0,1.0,1.0,4.0,2262127,1.0,1,4,1,0.0,,-1.0, -1,1982.0,B01,138Â 206Â 170,2.0,8.0,-1.0,1726748,2.0,7,,0.0,2.0,1.0,A01,138Â 206Â 171,1.0
1011576,201900053107,6,17,12:29,1,2,6,1.0,3.0,10387,LOUIS MAISON (RUE),M,"48,2990700","4,0610900",10,2019,50.0,1.0,1.0,4.0,2262128,1.0,1,1,2,5.0,,-1.0, -1,1975.0,A01,138Â 206Â 171,1.0,8.0,-1.0,1726747,2.0,2,,0.0,2.0,7.0,B01,138Â 206Â 170,1.0
1011576,201900053107,6,17,12:29,1,2,6,1.0,3.0,10387,LOUIS MAISON (RUE),M,"48,2990700","4,0610900",10,2019,50.0,1.0,1.0,4.0,2262128,1.0,1,1,2,5.0,,-1.0, -1,1975.0,A01,138Â 206Â 171,1.0,8.0,-1.0,1726748,2.0,7,,0.0,2.0,1.0,A01,138Â 206Â 171,1.0
1011577,201900053108,2,10,01:15,3,2,1,1.0,6.0,49328,BOUMOIS (RUE DE),M,"47,2806800"," -0,0855800",49,2019,50.0,1.0,1.0,4.0,2262129,1.0,1,3,1,5.0,,-1.0,0,1994.0,A01,138Â 206Â 169,1.0,8.0,-1.0,1726749,2.0,7,,6.0,0.0,1.0,A01,138Â 206Â 169,1.0
1011578,201900053109,2,18,09:03,1,2,2,1.0,6.0,49007,FOCH BOULEVARD,M,"47,4684000"," -0,5502700",49,2019,50.0,1.0,1.0,4.0,2262130,1.0,1,4,2,1.0,,-1.0,0,1972.0,A01,138Â 206Â 168,2.0,0.0,-1.0,1726750,1.0,7,,0.0,2.0,0.0,B01,138Â 206Â 167,0.0
1011578,201900053109,2,18,09:03,1,2,2,1.0,6.0,49007,FOCH BOULEVARD,M,"47,4684000"," -0,5502700",49,2019,50.0,1.0,1.0,4.0,2262130,1.0,1,4,2,1.0,,-1.0,0,1972.0,A01,138Â 206Â 168,2.0,0.0,-1.0,1726751,1.0,1,,0.0,2.0,0.0,A01,138Â 206Â 168,5.0
1011579,201900053110,2,18,20:55,5,1,1,1.0,6.0,46156,PECH DE CLARY (LIEU DIT),M,"44,4742800","1,4743400",46,2019,70.0,1.0,1.0,3.0,2262131,1.0,1,3,2,5.0,,-1.0, -1,1994.0,A01,138Â 206Â 166,8.0,0.0,-1.0,1726752,1.0,7,,15.0,0.0,1.0,A01,138Â 206Â 166,1.0
1011580,201900053111,2,19,19:00,5,2,9,1.0,6.0,45234,RUE EUGENE VIGNAT,M,"47,9095650","1,9110510",45,2019,6.0,2.0,1.0,4.0,2262132,2.0,1,1,2,9.0,,0.0,0,1998.0,A01,138Â 206Â 165,8.0,8.0,-1.0,1726753,1.0,50,,0.0,1.0,1.0,A01,138Â 206Â 165,3.0
1011580,201900053111,2,19,19:00,5,2,9,1.0,6.0,45234,RUE EUGENE VIGNAT,M,"47,9095650","1,9110510",45,2019,6.0,2.0,1.0,4.0,2262133,10.0,3,4,2,1.0,,5.0,9,1994.0,A01,138Â 206Â 165,8.0,0.0,-1.0,1726753,1.0,50,,0.0,1.0,1.0,A01,138Â 206Â 165,3.0
1011581,201900053112,2,18,10:07,1,2,1,1.0,6.0,38544,30 VERDUN(COUR DE),M,"45,5178753","4,8696550",38,2019,50.0,1.0,1.0,3.0,2262134,1.0,1,2,1,-1.0,,0.0,0,1965.0,A01,138Â 206Â 159,0.0,-1.0,-1.0,1726754,1.0,7,,1.0,0.0,1.0,A01,138Â 206Â 159,1.0
1011582,201900053113,2,19,11:10,1,2,1,1.0,6.0,38421,AVENUE GABRIEL PÃRI,M,"45,1862100","5,7601900",38,2019,50.0,1.0,1.0,4.0,2262135,2.0,2,1,1,0.0,,-1.0,0,1999.0,A01,138Â 206Â 158,1.0,8.0,-1.0,1726755,3.0,7,,0.0,1.0,1.0,A01,138Â 206Â 158,1.0
1011582,201900053113,2,19,11:10,1,2,1,1.0,6.0,38421,AVENUE GABRIEL PÃRI,M,"45,1862100","5,7601900",38,2019,50.0,1.0,1.0,4.0,2262136,1.0,1,1,1,0.0,,-1.0,0,1946.0,A01,138Â 206Â 158,1.0,8.0,-1.0,1726755,3.0,7,,0.0,1.0,1.0,A01,138Â 206Â 158,1.0
1011582,201900053113,2,19,11:10,1,2,1,1.0,6.0,38421,AVENUE GABRIEL PÃRI,M,"45,1862100","5,7601900",38,2019,50.0,1.0,1.0,4.0,2262137,10.0,3,4,2,0.0,,3.0,3,1995.0,A01,138Â 206Â 158,8.0,0.0,-1.0,1726755,3.0,7,,0.0,1.0,1.0,A01,138Â 206Â 158,1.0
1011583,201900053114,2,19,19:15,3,2,3,1.0,3.0,37122,RD 86 DE MONTS Ã  TOURS,M,"47,3310658","0,6642440",37,2019,50.0,1.0,1.0,4.0,2262138,1.0,1,1,2,5.0,,-1.0,0,1997.0,A01,138Â 206Â 156,1.0,8.0,-1.0,1726756,3.0,7,,0.0,2.0,3.0,A01,138Â 206Â 156,1.0
1011583,201900053114,2,19,19:15,3,2,3,1.0,3.0,37122,RD 86 DE MONTS Ã  TOURS,M,"47,3310658","0,6642440",37,2019,50.0,1.0,1.0,4.0,2262138,1.0,1,1,2,5.0,,-1.0,0,1997.0,A01,138Â 206Â 156,1.0,8.0,-1.0,1726757,3.0,7,,0.0,2.0,1.0,B01,138Â 206Â 157,1.0
1011583,201900053114,2,19,19:15,3,2,3,1.0,3.0,37122,RD 86 DE MONTS Ã  TOURS,M,"47,3310658","0,6642440",37,2019,50.0,1.0,1.0,4.0,2262139,1.0,1,3,1,5.0,,-1.0,0,1995.0,B01,138Â 206Â 157,1.0,8.0,-1.0,1726756,3.0,7,,0.0,2.0,3.0,A01,138Â 206Â 156,1.0
1011583,201900053114,2,19,19:15,3,2,3,1.0,3.0,37122,RD 86 DE MONTS Ã  TOURS,M,"47,3310658","0,6642440",37,2019,50.0,1.0,1.0,4.0,2262139,1.0,1,3,1,5.0,,-1.0,0,1995.0,B01,138Â 206Â 157,1.0,8.0,-1.0,1726757,3.0,7,,0.0,2.0,1.0,B01,138Â 206Â 157,1.0
1011584,201900053115,2,19,14:10,1,2,1,1.0,6.0,37261,BELLINI (RUE),M,"47,3669800","0,7102300",37,2019,50.0,2.0,1.0,4.0,2262140,10.0,3,3,2,4.0,,5.0,9,1972.0,A01,138Â 206Â 155,8.0,0.0,-1.0,1726758,1.0,7,,0.0,1.0,1.0,A01,138Â 206Â 155,1.0
1011584,201900053115,2,19,14:10,1,2,1,1.0,6.0,37261,BELLINI (RUE),M,"47,3669800","0,7102300",37,2019,50.0,2.0,1.0,4.0,2262141,1.0,1,1,1,5.0,,0.0,0,1998.0,A01,138Â 206Â 155,1.0,8.0,-1.0,1726758,1.0,7,,0.0,1.0,1.0,A01,138Â 206Â 155,1.0
1011584,201900053115,2,19,14:10,1,2,1,1.0,6.0,37261,BELLINI (RUE),M,"47,3669800","0,7102300",37,2019,50.0,2.0,1.0,4.0,2262142,10.0,3,3,1,4.0,,5.0,9,1973.0,A01,138Â 206Â 155,8.0,0.0,-1.0,1726758,1.0,7,,0.0,1.0,1.0,A01,138Â 206Â 155,1.0
1011585,201900053116,2,19,06:22,5,2,2,8.0,3.0,37122,CHINON (BOULEVARD DE),M,"47,3545644","0,6953338",37,2019,50.0,1.0,2.0,4.0,2262143,1.0,1,4,2,1.0,,-1.0,0,1987.0,B01,138Â 206Â 154,1.0,8.0,-1.0,1726759,3.0,7,,0.0,2.0,0.0,X01,138Â 206Â 153,0.0
1011585,201900053116,2,19,06:22,5,2,2,8.0,3.0,37122,CHINON (BOULEVARD DE),M,"47,3545644","0,6953338",37,2019,50.0,1.0,2.0,4.0,2262143,1.0,1,4,2,1.0,,-1.0,0,1987.0,B01,138Â 206Â 154,1.0,8.0,-1.0,1726760,3.0,7,,0.0,2.0,2.0,B01,138Â 206Â 154,1.0
1011586,201900053117,2,19,12:25,1,2,6,1.0,3.0,35055,BIGNON (RUE DU),M,"48,0978600"," -1,6238100",35,2019,50.0,1.0,1.0,4.0,2262144,1.0,1,1,1,1.0,,-1.0,0,1976.0,A01,138Â 206Â 151,1.0,0.0,-1.0,1726761,3.0,7,,0.0,2.0,6.0,A01,138Â 206Â 151,3.0
1011586,201900053117,2,19,12:25,1,2,6,1.0,3.0,35055,BIGNON (RUE DU),M,"48,0978600"," -1,6238100",35,2019,50.0,1.0,1.0,4.0,2262144,1.0,1,1,1,1.0,,-1.0,0,1976.0,A01,138Â 206Â 151,1.0,0.0,-1.0,1726762,3.0,2,,0.0,2.0,1.0,B01,138Â 206Â 152,1.0
1011586,201900053117,2,19,12:25,1,2,6,1.0,3.0,35055,BIGNON (RUE DU),M,"48,0978600"," -1,6238100",35,2019,50.0,1.0,1.0,4.0,2262145,1.0,1,4,1,4.0,,-1.0,0,1994.0,B01,138Â 206Â 152,2.0,4.0,-1.0,1726761,3.0,7,,0.0,2.0,6.0,A01,138Â 206Â 151,3.0
1011586,201900053117,2,19,12:25,1,2,6,1.0,3.0,35055,BIGNON (RUE DU),M,"48,0978600"," -1,6238100",35,2019,50.0,1.0,1.0,4.0,2262145,1.0,1,4,1,4.0,,-1.0,0,1994.0,B01,138Â 206Â 152,2.0,4.0,-1.0,1726762,3.0,2,,0.0,2.0,1.0,B01,138Â 206Â 152,1.0
1011587,201900053118,2,19,10:30,1,2,1,1.0,2.0,35238,BERNHARDT (SQUARE SARAH),M,"48,0909200"," -1,6820800",35,2019,30.0,1.0,2.0,4.0,2262146,1.0,1,1,1,5.0,,-1.0,0,1935.0,B01,138Â 206Â 149,1.0,0.0,-1.0,1726763,1.0,7,,0.0,2.0,4.0,B01,138Â 206Â 149,1.0
1011587,201900053118,2,19,10:30,1,2,1,1.0,2.0,35238,BERNHARDT (SQUARE SARAH),M,"48,0909200"," -1,6820800",35,2019,30.0,1.0,2.0,4.0,2262146,1.0,1,1,1,5.0,,-1.0,0,1935.0,B01,138Â 206Â 149,1.0,0.0,-1.0,1726764,1.0,34,,0.0,2.0,1.0,A01,138Â 206Â 150,1.0
1011587,201900053118,2,19,10:30,1,2,1,1.0,2.0,35238,BERNHARDT (SQUARE SARAH),M,"48,0909200"," -1,6820800",35,2019,30.0,1.0,2.0,4.0,2262147,1.0,1,4,2,1.0,,-1.0,0,1998.0,A01,138Â 206Â 150,2.0,6.0,-1.0,1726763,1.0,7,,0.0,2.0,4.0,B01,138Â 206Â 149,1.0
1011587,201900053118,2,19,10:30,1,2,1,1.0,2.0,35238,BERNHARDT (SQUARE SARAH),M,"48,0909200"," -1,6820800",35,2019,30.0,1.0,2.0,4.0,2262147,1.0,1,4,2,1.0,,-1.0,0,1998.0,A01,138Â 206Â 150,2.0,6.0,-1.0,1726764,1.0,34,,0.0,2.0,1.0,A01,138Â 206Â 150,1.0
1011588,201900053119,2,14,10:20,1,2,2,1.0,1.0,33063,MOUNEYRA (RUE ),M,"44,8289300"," -0,5913300",33,2019,50.0,1.0,1.0,4.0,2262148,1.0,1,1,2,0.0,,-1.0, -1,1940.0,B01,138Â 206Â 147,1.0,0.0,-1.0,1726765,2.0,7,,0.0,2.0,3.0,B01,138Â 206Â 147,1.0
1011588,201900053119,2,14,10:20,1,2,2,1.0,1.0,33063,MOUNEYRA (RUE ),M,"44,8289300"," -0,5913300",33,2019,50.0,1.0,1.0,4.0,2262148,1.0,1,1,2,0.0,,-1.0, -1,1940.0,B01,138Â 206Â 147,1.0,0.0,-1.0,1726766,1.0,1,,0.0,2.0,1.0,A01,138Â 206Â 148,5.0
1011588,201900053119,2,14,10:20,1,2,2,1.0,1.0,33063,MOUNEYRA (RUE ),M,"44,8289300"," -0,5913300",33,2019,50.0,1.0,1.0,4.0,2262149,2.0,2,3,2,0.0,,-1.0, -1,2017.0,A01,138Â 206Â 148,8.0,0.0,-1.0,1726765,2.0,7,,0.0,2.0,3.0,B01,138Â 206Â 147,1.0
1011588,201900053119,2,14,10:20,1,2,2,1.0,1.0,33063,MOUNEYRA (RUE ),M,"44,8289300"," -0,5913300",33,2019,50.0,1.0,1.0,4.0,2262149,2.0,2,3,2,0.0,,-1.0, -1,2017.0,A01,138Â 206Â 148,8.0,0.0,-1.0,1726766,1.0,1,,0.0,2.0,1.0,A01,138Â 206Â 148,5.0
1011588,201900053119,2,14,10:20,1,2,2,1.0,1.0,33063,MOUNEYRA (RUE ),M,"44,8289300"," -0,5913300",33,2019,50.0,1.0,1.0,4.0,2262150,1.0,1,3,2,0.0,,-1.0, -1,1987.0,A01,138Â 206Â 148,2.0,0.0,-1.0,1726765,2.0,7,,0.0,2.0,3.0,B01,138Â 206Â 147,1.0
1011588,201900053119,2,14,10:20,1,2,2,1.0,1.0,33063,MOUNEYRA (RUE ),M,"44,8289300"," -0,5913300",33,2019,50.0,1.0,1.0,4.0,2262150,1.0,1,3,2,0.0,,-1.0, -1,1987.0,A01,138Â 206Â 148,2.0,0.0,-1.0,1726766,1.0,1,,0.0,2.0,1.0,A01,138Â 206Â 148,5.0
1011589,201900053120,2,14,16:45,1,2,3,1.0,6.0,33550,39 R.Fernand Soors - PiÃ©ton traverse nÂ°impairs vers pairs zone d'ombre,M,"44,7666100"," -0,5657100",33,2019,50.0,1.0,1.0,4.0,2262151,3.0,2,1,2,-1.0,,-1.0, -1,2014.0,A01,138Â 206Â 146,3.0,-1.0,-1.0,1726767,1.0,7,,0.0,1.0,1.0,A01,138Â 206Â 146,1.0
1011589,201900053120,2,14,16:45,1,2,3,1.0,6.0,33550,39 R.Fernand Soors - PiÃ©ton traverse nÂ°impairs vers pairs zone d'ombre,M,"44,7666100"," -0,5657100",33,2019,50.0,1.0,1.0,4.0,2262152,10.0,3,2,1,5.0,,2.0,3,1933.0,A01,138Â 206Â 146,8.0,0.0,-1.0,1726767,1.0,7,,0.0,1.0,1.0,A01,138Â 206Â 146,1.0
1011589,201900053120,2,14,16:45,1,2,3,1.0,6.0,33550,39 R.Fernand Soors - PiÃ©ton traverse nÂ°impairs vers pairs zone d'ombre,M,"44,7666100"," -0,5657100",33,2019,50.0,1.0,1.0,4.0,2262153,1.0,1,1,1,2.0,,-1.0, -1,1990.0,A01,138Â 206Â 146,1.0,4.0,-1.0,1726767,1.0,7,,0.0,1.0,1.0,A01,138Â 206Â 146,1.0
1011590,201900053121,2,19,13:00,1,2,1,1.0,3.0,31555,PERIOLE (RUE DE) DU 2AU 170,M,"43,6193700","1,4667700",31,2019,50.0,1.0,1.0,4.0,2262154,1.0,1,4,1,9.0,,-1.0,0,1957.0,B01,138Â 206Â 144,2.0,7.0,-1.0,1726768,2.0,33,,0.0,2.0,1.0,B01,138Â 206Â 144,1.0
1011590,201900053121,2,19,13:00,1,2,1,1.0,3.0,31555,PERIOLE (RUE DE) DU 2AU 170,M,"43,6193700","1,4667700",31,2019,50.0,1.0,1.0,4.0,2262154,1.0,1,4,1,9.0,,-1.0,0,1957.0,B01,138Â 206Â 144,2.0,7.0,-1.0,1726769,2.0,7,,0.0,2.0,3.0,A01,138Â 206Â 145,1.0
1011590,201900053121,2,19,13:00,1,2,1,1.0,3.0,31555,PERIOLE (RUE DE) DU 2AU 170,M,"43,6193700","1,4667700",31,2019,50.0,1.0,1.0,4.0,2262155,1.0,1,1,1,9.0,,-1.0,0,1960.0,A01,138Â 206Â 145,1.0,7.0,-1.0,1726768,2.0,33,,0.0,2.0,1.0,B01,138Â 206Â 144,1.0
1011590,201900053121,2,19,13:00,1,2,1,1.0,3.0,31555,PERIOLE (RUE DE) DU 2AU 170,M,"43,6193700","1,4667700",31,2019,50.0,1.0,1.0,4.0,2262155,1.0,1,1,1,9.0,,-1.0,0,1960.0,A01,138Â 206Â 145,1.0,7.0,-1.0,1726769,2.0,7,,0.0,2.0,3.0,A01,138Â 206Â 145,1.0
1011591,201900053122,2,18,07:25,2,2,1,1.0,3.0,31555,AV YVES BRUNAUD,M,"43,6170800","1,4656400",31,2019,50.0,1.0,1.0,3.0,2262156,1.0,1,4,1,1.0,,-1.0,0,1986.0,B01,138Â 206Â 142,2.0,0.0,-1.0,1726770,1.0,1,,0.0,2.0,1.0,B01,138Â 206Â 142,5.0
1011591,201900053122,2,18,07:25,2,2,1,1.0,3.0,31555,AV YVES BRUNAUD,M,"43,6170800","1,4656400",31,2019,50.0,1.0,1.0,3.0,2262156,1.0,1,4,1,1.0,,-1.0,0,1986.0,B01,138Â 206Â 142,2.0,0.0,-1.0,1726771,1.0,7,,0.0,2.0,7.0,A01,138Â 206Â 143,1.0
1011591,201900053122,2,18,07:25,2,2,1,1.0,3.0,31555,AV YVES BRUNAUD,M,"43,6170800","1,4656400",31,2019,50.0,1.0,1.0,3.0,2262157,1.0,1,1,2,1.0,,-1.0,0,1994.0,A01,138Â 206Â 143,1.0,0.0,-1.0,1726770,1.0,1,,0.0,2.0,1.0,B01,138Â 206Â 142,5.0
1011591,201900053122,2,18,07:25,2,2,1,1.0,3.0,31555,AV YVES BRUNAUD,M,"43,6170800","1,4656400",31,2019,50.0,1.0,1.0,3.0,2262157,1.0,1,1,2,1.0,,-1.0,0,1994.0,A01,138Â 206Â 143,1.0,0.0,-1.0,1726771,1.0,7,,0.0,2.0,7.0,A01,138Â 206Â 143,1.0
1011592,201900053123,2,17,02:37,5,2,6,1.0,7.0,31149,RD PT DE LA MEDITERRANEE,M,"43,6126300","1,3312100",31,2019,50.0,1.0,1.0,3.0,2262158,1.0,1,3,1,0.0,,-1.0,0,2001.0,A01,138Â 206Â 141,2.0,0.0,-1.0,1726772,1.0,2,,0.0,0.0,1.0,A01,138Â 206Â 141,1.0
1011593,201900053124,2,19,18:40,5,2,1,1.0,6.0,30189,ALLENDE SALVADOR (RUE),M,"43,8178000","4,3480300",30,2019,70.0,1.0,1.0,4.0,2262159,10.0,3,1,2,5.0,,3.0,3,1979.0,A01,138Â 206Â 140,8.0,0.0,-1.0,1726773,1.0,7,,0.0,1.0,1.0,A01,138Â 206Â 140,1.0
1011593,201900053124,2,19,18:40,5,2,1,1.0,6.0,30189,ALLENDE SALVADOR (RUE),M,"43,8178000","4,3480300",30,2019,70.0,1.0,1.0,4.0,2262160,10.0,3,4,1,5.0,,3.0,3,2017.0,A01,138Â 206Â 140,8.0,0.0,-1.0,1726773,1.0,7,,0.0,1.0,1.0,A01,138Â 206Â 140,1.0
1011593,201900053124,2,19,18:40,5,2,1,1.0,6.0,30189,ALLENDE SALVADOR (RUE),M,"43,8178000","4,3480300",30,2019,70.0,1.0,1.0,4.0,2262161,1.0,1,1,1,-1.0,,-1.0, -1,1934.0,A01,138Â 206Â 140,8.0,8.0,8.0,1726773,1.0,7,,0.0,1.0,1.0,A01,138Â 206Â 140,1.0