Unnamed: 0_x,num_acc,mois,jour,hrmn,lum,agg,int,atm,col,com,adr,gps,lat,long,dep,annee,vma,situ,surf,catr,Unnamed: 0_y,place,catu,grav,sexe,trajet,secu,locp,actp,an_nais,num_veh_x,id_vehicule_x,secu1,secu2,secu3,Unnamed: 0,senc,catv,occutc,obs,obsm,choc,num_veh_y,id_vehicule_y,motor
1011594,201900053125,2,23,01:04,5,2,1,1.0,1.0,29019,LIBERATION,M,"48,3972046"," -4,5180812",29,2019,50.0,1.0,1.0,4.0,2262162,1.0,1,1,2,0.0,,0.0,0,1970.0,B01,138Â 206Â 138,1.0,0.0,-1.0,1726774,0.0,7,,0.0,2.0,1.0,B01,138Â 206Â 138,0.0
1011594,201900053125,2,23,01:04,5,2,1,1.0,1.0,29019,LIBERATION,M,"48,3972046"," -4,5180812",29,2019,50.0,1.0,1.0,4.0,2262162,1.0,1,1,2,0.0,,0.0,0,1970.0,B01,138Â 206Â 138,1.0,0.0,-1.0,1726775,0.0,7,,0.0,2.0,1.0,A01,138Â 206Â 139,0.0
1011594,201900053125,2,23,01:04,5,2,1,1.0,1.0,29019,LIBERATION,M,"48,3972046"," -4,5180812",29,2019,50.0,1.0,1.0,4.0,2262163,1.0,1,4,2,0.0,,0.0,0,1970.0,A01,138Â 206Â 139,1.0,0.0,-1.0,1726774,0.0,7,,0.0,2.0,1.0,B01,138Â 206Â 138,0.0
1011594,201900053125,2,23,01:04,5,2,1,1.0,1.0,29019,LIBERATION,M,"48,3972046"," -4,5180812",29,2019,50.0,1.0,1.0,4.0,2262163,1.0,1,4,2,0.0,,0.0,0,1970.0,A01,138Â 206Â 139,1.0,0.0,-1.0,1726775,0.0,7,,0.0,2.0,1.0,A01,138Â 206Â 139,0.0
1011595,201900053126,1,25,11:40,1,2,1,1.0,2.0,22113,GUILLOUX (BOULEVARD LOUIS),M,"48,7260430"," -3,4508260",22,2019,50.0,1.0,1.0,4.0,2262164,1.0,1,1,2,9.0,,-1.0,0,1951.0,B01,138Â 206Â 136,1.0,0.0,-1.0,1726776,1.0,7,,0.0,2.0,1.0,B01,138Â 206Â 136,1.0
1011595,201900053126,1,25,11:40,1,2,1,1.0,2.0,22113,GUILLOUX (BOULEVARD LOUIS),M,"48,7260430"," -3,4508260",22,2019,50.0,1.0,1.0,4.0,2262164,1.0,1,1,2,9.0,,-1.0,0,1951.0,B01,138Â 206Â 136,1.0,0.0,-1.0,1726777,1.0,7,,0.0,2.0,4.0,A01,138Â 206Â 137,1.0
1011595,201900053126,1,25,11:40,1,2,1,1.0,2.0,22113,GUILLOUX (BOULEVARD LOUIS),M,"48,7260430"," -3,4508260",22,2019,50.0,1.0,1.0,4.0,2262165,1.0,1,1,1,0.0,,-1.0,0,1992.0,A01,138Â 206Â 137,1.0,0.0,-1.0,1726776,1.0,7,,0.0,2.0,1.0,B01,138Â 206Â 136,1.0
1011595,201900053126,1,25,11:40,1,2,1,1.0,2.0,22113,GUILLOUX (BOULEVARD LOUIS),M,"48,7260430"," -3,4508260",22,2019,50.0,1.0,1.0,4.0,2262165,1.0,1,1,1,0.0,,-1.0,0,1992.0,A01,138Â 206Â 137,1.0,0.0,-1.0,1726777,1.0,7,,0.0,2.0,4.0,A01,138Â 206Â 137,1.0
1011595,201900053126,1,25,11:40,1,2,1,1.0,2.0,22113,GUILLOUX (BOULEVARD LOUIS),M,"48,7260430"," -3,4508260",22,2019,50.0,1.0,1.0,4.0,2262166,2.0,2,4,2,0.0,,-1.0,0,1998.0,A01,138Â 206Â 137,1.0,0.0,-1.0,1726776,1.0,7,,0.0,2.0,1.0,B01,138Â 206Â 136,1.0
1011595,201900053126,1,25,11:40,1,2,1,1.0,2.0,22113,GUILLOUX (BOULEVARD LOUIS),M,"48,7260430"," -3,4508260",22,2019,50.0,1.0,1.0,4.0,2262166,2.0,2,4,2,0.0,,-1.0,0,1998.0,A01,138Â 206Â 137,1.0,0.0,-1.0,1726777,1.0,7,,0.0,2.0,4.0,A01,138Â 206Â 137,1.0
1011596,201900053127,2,18,08:30,1,2,7,7.0,6.0,21231,REPUBLIQUE (DE LA) (PLACE),M,"47,3264808","5,0443178",21,2019,30.0,1.0,1.0,4.0,2262167,1.0,1,1,1,4.0,,-1.0,0,1990.0,A01,138Â 206Â 135,1.0,0.0,-1.0,1726778,2.0,7,,0.0,1.0,1.0,A01,138Â 206Â 135,1.0
1011596,201900053127,2,18,08:30,1,2,7,7.0,6.0,21231,REPUBLIQUE (DE LA) (PLACE),M,"47,3264808","5,0443178",21,2019,30.0,1.0,1.0,4.0,2262168,10.0,3,4,1,1.0,,3.0,3,1983.0,A01,138Â 206Â 135,8.0,0.0,-1.0,1726778,2.0,7,,0.0,1.0,1.0,A01,138Â 206Â 135,1.0
1011597,201900053128,2,16,17:15,1,2,2,1.0,3.0,19031,POMPIDOU (AVENUE GEORGES),M,"45,1576300","1,5473700",19,2019,50.0,1.0,1.0,4.0,2262169,1.0,1,3,1,9.0,,-1.0, -1,1969.0,B01,138Â 206Â 133,1.0,0.0,-1.0,1726779,0.0,7,,0.0,2.0,8.0,B01,138Â 206Â 133,1.0
1011597,201900053128,2,16,17:15,1,2,2,1.0,3.0,19031,POMPIDOU (AVENUE GEORGES),M,"45,1576300","1,5473700",19,2019,50.0,1.0,1.0,4.0,2262169,1.0,1,3,1,9.0,,-1.0, -1,1969.0,B01,138Â 206Â 133,1.0,0.0,-1.0,1726780,1.0,7,,0.0,2.0,1.0,A01,138Â 206Â 134,1.0
1011597,201900053128,2,16,17:15,1,2,2,1.0,3.0,19031,POMPIDOU (AVENUE GEORGES),M,"45,1576300","1,5473700",19,2019,50.0,1.0,1.0,4.0,2262170,1.0,1,1,1,5.0,,-1.0, -1,1993.0,A01,138Â 206Â 134,1.0,8.0,-1.0,1726779,0.0,7,,0.0,2.0,8.0,B01,138Â 206Â 133,1.0
1011597,201900053128,2,16,17:15,1,2,2,1.0,3.0,19031,POMPIDOU (AVENUE GEORGES),M,"45,1576300","1,5473700",19,2019,50.0,1.0,1.0,4.0,2262170,1.0,1,1,1,5.0,,-1.0, -1,1993.0,A01,138Â 206Â 134,1.0,8.0,-1.0,1726780,1.0,7,,0.0,2.0,1.0,A01,138Â 206Â 134,1.0
1011598,201900053129,2,19,09:35,1,1,1,1.0,2.0,13117,RD 113,M,"43,4334700","5,2566500",13,2019,50.0,1.0,1.0,3.0,2262171,1.0,1,4,2,1.0,,0.0,0,1998.0,B01,138Â 206Â 131,1.0,0.0,-1.0,1726781,3.0,7,,0.0,2.0,4.0,B01,138Â 206Â 131,1.0
1011598,201900053129,2,19,09:35,1,1,1,1.0,2.0,13117,RD 113,M,"43,4334700","5,2566500",13,2019,50.0,1.0,1.0,3.0,2262171,1.0,1,4,2,1.0,,0.0,0,1998.0,B01,138Â 206Â 131,1.0,0.0,-1.0,1726782,3.0,7,,0.0,2.0,1.0,Z01,138Â 206Â 132,1.0
1011599,201900053130,2,19,23:20,5,2,3,1.0,3.0,13211,SAINT MARCEL (BOULEVARD DE ),M,"43,2888000","5,4613700",13,2019,50.0,1.0,1.0,4.0,2262172,1.0,1,4,1,5.0,,-1.0, -1,1993.0,B01,138Â 206Â 130,2.0,8.0,-1.0,1726783,3.0,7,,0.0,2.0,8.0,Z01,138Â 206Â 129,0.0
1011599,201900053130,2,19,23:20,5,2,3,1.0,3.0,13211,SAINT MARCEL (BOULEVARD DE ),M,"43,2888000","5,4613700",13,2019,50.0,1.0,1.0,4.0,2262172,1.0,1,4,1,5.0,,-1.0, -1,1993.0,B01,138Â 206Â 130,2.0,8.0,-1.0,1726784,2.0,2,,0.0,2.0,1.0,B01,138Â 206Â 130,1.0
1011600,201900053131,2,19,12:30,1,2,1,1.0,7.0,13204,MARÃCHAL JUIN (BOULEVARD),M,"43,3137100","5,4055200",13,2019,50.0,1.0,2.0,4.0,2262173,1.0,1,4,2,4.0,,0.0,0,1970.0,A01,138Â 206Â 128,2.0,8.0,-1.0,1726785,1.0,32,,0.0,0.0,8.0,A01,138Â 206Â 128,1.0
1011601,201900053132,2,19,08:30,1,2,1,1.0,6.0,13209,VITON (AVENUE),M,"43,2590000","5,4000000",13,2019,10.0,1.0,1.0,9.0,2262174,10.0,3,4,1,4.0,,1.0,3,1994.0,A01,138Â 206Â 127,8.0,0.0,-1.0,1726786,3.0,7,,0.0,1.0,1.0,A01,138Â 206Â 127,1.0
1011601,201900053132,2,19,08:30,1,2,1,1.0,6.0,13209,VITON (AVENUE),M,"43,2590000","5,4000000",13,2019,10.0,1.0,1.0,9.0,2262175,1.0,1,1,2,1.0,,0.0,0,1975.0,A01,138Â 206Â 127,1.0,8.0,-1.0,1726786,3.0,7,,0.0,1.0,1.0,A01,138Â 206Â 127,1.0
1011602,201900053133,2,18,18:20,1,2,1,1.0,3.0,13209,MICHELET (BOULEVARD),M,"43,2550000","5,4010000",13,2019,50.0,1.0,1.0,4.0,2262176,1.0,1,1,2,9.0,,-1.0, -1,1948.0,B01,138Â 206Â 125,8.0,0.0,-1.0,1726787,2.0,7,,0.0,2.0,2.0,B01,138Â 206Â 125,2.0
1011602,201900053133,2,18,18:20,1,2,1,1.0,3.0,13209,MICHELET (BOULEVARD),M,"43,2550000","5,4010000",13,2019,50.0,1.0,1.0,4.0,2262176,1.0,1,1,2,9.0,,-1.0, -1,1948.0,B01,138Â 206Â 125,8.0,0.0,-1.0,1726788,2.0,30,,0.0,2.0,1.0,A01,138Â 206Â 126,1.0
1011602,201900053133,2,18,18:20,1,2,1,1.0,3.0,13209,MICHELET (BOULEVARD),M,"43,2550000","5,4010000",13,2019,50.0,1.0,1.0,4.0,2262177,1.0,1,4,1,0.0,,0.0,0,1999.0,A01,138Â 206Â 126,2.0,8.0,-1.0,1726787,2.0,7,,0.0,2.0,2.0,B01,138Â 206Â 125,2.0
1011602,201900053133,2,18,18:20,1,2,1,1.0,3.0,13209,MICHELET (BOULEVARD),M,"43,2550000","5,4010000",13,2019,50.0,1.0,1.0,4.0,2262177,1.0,1,4,1,0.0,,0.0,0,1999.0,A01,138Â 206Â 126,2.0,8.0,-1.0,1726788,2.0,30,,0.0,2.0,1.0,A01,138Â 206Â 126,1.0
1011603,201900053134,2,18,11:00,1,2,1,1.0,6.0,13210,ICARD (BOULEVARD),M,"43,2781720","5,4177950",13,2019,50.0,1.0,1.0,4.0,2262178,10.0,3,4,2,5.0,,3.0,3,1933.0,A01,138Â 206Â 124,0.0,0.0,0.0,1726789,2.0,7,,0.0,1.0,4.0,A01,138Â 206Â 124,1.0
1011603,201900053134,2,18,11:00,1,2,1,1.0,6.0,13210,ICARD (BOULEVARD),M,"43,2781720","5,4177950",13,2019,50.0,1.0,1.0,4.0,2262179,10.0,3,4,2,5.0,,3.0,3,1938.0,A01,138Â 206Â 124,8.0,0.0,-1.0,1726789,2.0,7,,0.0,1.0,4.0,A01,138Â 206Â 124,1.0
1011603,201900053134,2,18,11:00,1,2,1,1.0,6.0,13210,ICARD (BOULEVARD),M,"43,2781720","5,4177950",13,2019,50.0,1.0,1.0,4.0,2262180,1.0,1,1,2,5.0,,0.0,0,1989.0,A01,138Â 206Â 124,1.0,0.0,-1.0,1726789,2.0,7,,0.0,1.0,4.0,A01,138Â 206Â 124,1.0
1011604,201900053135,2,18,16:32,1,2,1,1.0,3.0,10325,EGALITE (RUE DE L'),M,"48,2653000","4,0599000",10,2019,50.0,1.0,1.0,3.0,2262181,1.0,1,4,1,0.0,,-1.0, -1,1992.0,B01,138Â 206Â 120,1.0,8.0,-1.0,1726790,3.0,7,,11.0,2.0,3.0,B01,138Â 206Â 120,0.0
1011604,201900053135,2,18,16:32,1,2,1,1.0,3.0,10325,EGALITE (RUE DE L'),M,"48,2653000","4,0599000",10,2019,50.0,1.0,1.0,3.0,2262181,1.0,1,4,1,0.0,,-1.0, -1,1992.0,B01,138Â 206Â 120,1.0,8.0,-1.0,1726791,3.0,7,,0.0,2.0,8.0,A01,138Â 206Â 121,0.0
1011604,201900053135,2,18,16:32,1,2,1,1.0,3.0,10325,EGALITE (RUE DE L'),M,"48,2653000","4,0599000",10,2019,50.0,1.0,1.0,3.0,2262182,1.0,1,4,1,0.0,,-1.0, -1,1998.0,A01,138Â 206Â 121,1.0,8.0,-1.0,1726790,3.0,7,,11.0,2.0,3.0,B01,138Â 206Â 120,0.0
1011604,201900053135,2,18,16:32,1,2,1,1.0,3.0,10325,EGALITE (RUE DE L'),M,"48,2653000","4,0599000",10,2019,50.0,1.0,1.0,3.0,2262182,1.0,1,4,1,0.0,,-1.0, -1,1998.0,A01,138Â 206Â 121,1.0,8.0,-1.0,1726791,3.0,7,,0.0,2.0,8.0,A01,138Â 206Â 121,0.0
1011605,201900053136,2,19,10:30,1,2,1,1.0,3.0,06088,ITALIE (R. D'),M,"43,7026100","7,2636900",6,2019,50.0,1.0,1.0,4.0,2262183,1.0,1,4,1,5.0,,0.0,0,1963.0,B01,138Â 206Â 118,2.0,6.0,-1.0,1726792,1.0,30,,0.0,2.0,1.0,B01,138Â 206Â 118,1.0
1011605,201900053136,2,19,10:30,1,2,1,1.0,3.0,06088,ITALIE (R. D'),M,"43,7026100","7,2636900",6,2019,50.0,1.0,1.0,4.0,2262183,1.0,1,4,1,5.0,,0.0,0,1963.0,B01,138Â 206Â 118,2.0,6.0,-1.0,1726793,1.0,10,,0.0,2.0,2.0,A01,138Â 206Â 119,0.0
1011605,201900053136,2,19,10:30,1,2,1,1.0,3.0,06088,ITALIE (R. D'),M,"43,7026100","7,2636900",6,2019,50.0,1.0,1.0,4.0,2262184,1.0,1,1,2,5.0,,0.0,0,1970.0,A01,138Â 206Â 119,1.0,8.0,-1.0,1726792,1.0,30,,0.0,2.0,1.0,B01,138Â 206Â 118,1.0
1011605,201900053136,2,19,10:30,1,2,1,1.0,3.0,06088,ITALIE (R. D'),M,"43,7026100","7,2636900",6,2019,50.0,1.0,1.0,4.0,2262184,1.0,1,1,2,5.0,,0.0,0,1970.0,A01,138Â 206Â 119,1.0,8.0,-1.0,1726793,1.0,10,,0.0,2.0,2.0,A01,138Â 206Â 119,0.0
1011606,201900053137,2,18,15:32,1,2,3,1.0,6.0,05061,FRANCOIS MITTERAND (AVENUE),M,"44,5462000","6,0640000",5,2019,50.0,1.0,1.0,2.0,2262185,1.0,1,1,1,9.0,,0.0,0,1975.0,A01,138Â 206Â 117,1.0,0.0,-1.0,1726794,1.0,7,,0.0,1.0,0.0,A01,138Â 206Â 117,1.0
1011606,201900053137,2,18,15:32,1,2,3,1.0,6.0,05061,FRANCOIS MITTERAND (AVENUE),M,"44,5462000","6,0640000",5,2019,50.0,1.0,1.0,2.0,2262186,10.0,3,1,1,5.0,,3.0,3,1927.0,A01,138Â 206Â 117,0.0,0.0,-1.0,1726794,1.0,7,,0.0,1.0,0.0,A01,138Â 206Â 117,1.0
1011606,201900053137,2,18,15:32,1,2,3,1.0,6.0,05061,FRANCOIS MITTERAND (AVENUE),M,"44,5462000","6,0640000",5,2019,50.0,1.0,1.0,2.0,2262187,10.0,3,4,2,5.0,,3.0,3,1933.0,A01,138Â 206Â 117,0.0,0.0,-1.0,1726794,1.0,7,,0.0,1.0,0.0,A01,138Â 206Â 117,1.0
1011607,201900053138,2,17,19:20,5,2,2,1.0,3.0,03095,rue de la RÃ©publique,M,"46,1334371","3,4524004",3,2019,50.0,1.0,1.0,3.0,2262188,1.0,1,4,1,5.0,,-1.0,0,1976.0,B01,138Â 206Â 114,1.0,8.0,-1.0,1726795,1.0,7,,0.0,2.0,8.0,B01,138Â 206Â 114,1.0
1011607,201900053138,2,17,19:20,5,2,2,1.0,3.0,03095,rue de la RÃ©publique,M,"46,1334371","3,4524004",3,2019,50.0,1.0,1.0,3.0,2262188,1.0,1,4,1,5.0,,-1.0,0,1976.0,B01,138Â 206Â 114,1.0,8.0,-1.0,1726796,1.0,7,,0.0,2.0,3.0,A01,138Â 206Â 115,1.0
1011607,201900053138,2,17,19:20,5,2,2,1.0,3.0,03095,rue de la RÃ©publique,M,"46,1334371","3,4524004",3,2019,50.0,1.0,1.0,3.0,2262189,2.0,2,4,1,4.0,,-1.0,0,1976.0,A01,138Â 206Â 115,1.0,8.0,-1.0,1726795,1.0,7,,0.0,2.0,8.0,B01,138Â 206Â 114,1.0
1011607,201900053138,2,17,19:20,5,2,2,1.0,3.0,03095,rue de la RÃ©publique,M,"46,1334371","3,4524004",3,2019,50.0,1.0,1.0,3.0,2262189,2.0,2,4,1,4.0,,-1.0,0,1976.0,A01,138Â 206Â 115,1.0,8.0,-1.0,1726796,1.0,7,,0.0,2.0,3.0,A01,138Â 206Â 115,1.0
1011607,201900053138,2,17,19:20,5,2,2,1.0,3.0,03095,rue de la RÃ©publique,M,"46,1334371","3,4524004",3,2019,50.0,1.0,1.0,3.0,2262190,1.0,1,4,1,4.0,,-1.0,0,1979.0,A01,138Â 206Â 115,1.0,8.0,-1.0,1726795,1.0,7,,0.0,2.0,8.0,B01,138Â 206Â 114,1.0
1011607,201900053138,2,17,19:20,5,2,2,1.0,3.0,03095,rue de la RÃ©publique,M,"46,1334371","3,4524004",3,2019,50.0,1.0,1.0,3.0,2262190,1.0,1,4,1,4.0,,-1.0,0,1979.0,A01,138Â 206Â 115,1.0,8.0,-1.0,1726796,1.0,7,,0.0,2.0,3.0,A01,138Â 206Â 115,1.0
1011608,201900053139,2,19,16:08,1,2,2,1.0,5.0,75116,PLACE DE L AMIRAL DE GRASSE,M,"48,8678920","2,2956820",75,2019,50.0,1.0,1.0,4.0,2262191,1.0,1,3,1,0.0,,0.0,0,1969.0,B01,138Â 206Â 111,2.0,6.0,-1.0,1726797,2.0,33,,1.0,2.0,1.0,B01,138Â 206Â 111,1.0
1011608,201900053139,2,19,16:08,1,2,2,1.0,5.0,75116,PLACE DE L AMIRAL DE GRASSE,M,"48,8678920","2,2956820",75,2019,50.0,1.0,1.0,4.0,2262191,1.0,1,3,1,0.0,,0.0,0,1969.0,B01,138Â 206Â 111,2.0,6.0,-1.0,1726798,2.0,10,,0.0,2.0,1.0,A01,138Â 206Â 112,1.0
1011608,201900053139,2,19,16:08,1,2,2,1.0,5.0,75116,PLACE DE L AMIRAL DE GRASSE,M,"48,8678920","2,2956820",75,2019,50.0,1.0,1.0,4.0,2262191,1.0,1,3,1,0.0,,0.0,0,1969.0,B01,138Â 206Â 111,2.0,6.0,-1.0,1726799,0.0,10,,0.0,2.0,8.0,C01,138Â 206Â 113,1.0
1011608,201900053139,2,19,16:08,1,2,2,1.0,5.0,75116,PLACE DE L AMIRAL DE GRASSE,M,"48,8678920","2,2956820",75,2019,50.0,1.0,1.0,4.0,2262192,1.0,1,1,1,4.0,,0.0,0,1980.0,A01,138Â 206Â 112,1.0,0.0,-1.0,1726797,2.0,33,,1.0,2.0,1.0,B01,138Â 206Â 111,1.0
1011608,201900053139,2,19,16:08,1,2,2,1.0,5.0,75116,PLACE DE L AMIRAL DE GRASSE,M,"48,8678920","2,2956820",75,2019,50.0,1.0,1.0,4.0,2262192,1.0,1,1,1,4.0,,0.0,0,1980.0,A01,138Â 206Â 112,1.0,0.0,-1.0,1726798,2.0,10,,0.0,2.0,1.0,A01,138Â 206Â 112,1.0
1011608,201900053139,2,19,16:08,1,2,2,1.0,5.0,75116,PLACE DE L AMIRAL DE GRASSE,M,"48,8678920","2,2956820",75,2019,50.0,1.0,1.0,4.0,2262192,1.0,1,1,1,4.0,,0.0,0,1980.0,A01,138Â 206Â 112,1.0,0.0,-1.0,1726799,0.0,10,,0.0,2.0,8.0,C01,138Â 206Â 113,1.0
1011608,201900053139,2,19,16:08,1,2,2,1.0,5.0,75116,PLACE DE L AMIRAL DE GRASSE,M,"48,8678920","2,2956820",75,2019,50.0,1.0,1.0,4.0,2262193,1.0,1,1,1,0.0,,0.0,0,1968.0,C01,138Â 206Â 113,1.0,0.0,-1.0,1726797,2.0,33,,1.0,2.0,1.0,B01,138Â 206Â 111,1.0
1011608,201900053139,2,19,16:08,1,2,2,1.0,5.0,75116,PLACE DE L AMIRAL DE GRASSE,M,"48,8678920","2,2956820",75,2019,50.0,1.0,1.0,4.0,2262193,1.0,1,1,1,0.0,,0.0,0,1968.0,C01,138Â 206Â 113,1.0,0.0,-1.0,1726798,2.0,10,,0.0,2.0,1.0,A01,138Â 206Â 112,1.0
1011608,201900053139,2,19,16:08,1,2,2,1.0,5.0,75116,PLACE DE L AMIRAL DE GRASSE,M,"48,8678920","2,2956820",75,2019,50.0,1.0,1.0,4.0,2262193,1.0,1,1,1,0.0,,0.0,0,1968.0,C01,138Â 206Â 113,1.0,0.0,-1.0,1726799,0.0,10,,0.0,2.0,8.0,C01,138Â 206Â 113,1.0
1011609,201900053140,2,19,12:40,1,2,1,1.0,2.0,75112,QUAI DE BERCY,M,"48,8321300","2,3840700",75,2019,50.0,1.0,1.0,4.0,2262194,2.0,2,1,1,4.0,,0.0,0,1977.0,B01,138Â 206Â 109,1.0,8.0,-1.0,1726800,1.0,10,,0.0,2.0,6.0,B01,138Â 206Â 109,1.0
1011609,201900053140,2,19,12:40,1,2,1,1.0,2.0,75112,QUAI DE BERCY,M,"48,8321300","2,3840700",75,2019,50.0,1.0,1.0,4.0,2262194,2.0,2,1,1,4.0,,0.0,0,1977.0,B01,138Â 206Â 109,1.0,8.0,-1.0,1726801,1.0,43,,0.0,2.0,1.0,A01,138Â 206Â 110,1.0
1011609,201900053140,2,19,12:40,1,2,1,1.0,2.0,75112,QUAI DE BERCY,M,"48,8321300","2,3840700",75,2019,50.0,1.0,1.0,4.0,2262195,1.0,1,1,1,4.0,,0.0,0,1977.0,B01,138Â 206Â 109,1.0,8.0,-1.0,1726800,1.0,10,,0.0,2.0,6.0,B01,138Â 206Â 109,1.0
1011609,201900053140,2,19,12:40,1,2,1,1.0,2.0,75112,QUAI DE BERCY,M,"48,8321300","2,3840700",75,2019,50.0,1.0,1.0,4.0,2262195,1.0,1,1,1,4.0,,0.0,0,1977.0,B01,138Â 206Â 109,1.0,8.0,-1.0,1726801,1.0,43,,0.0,2.0,1.0,A01,138Â 206Â 110,1.0
1011609,201900053140,2,19,12:40,1,2,1,1.0,2.0,75112,QUAI DE BERCY,M,"48,8321300","2,3840700",75,2019,50.0,1.0,1.0,4.0,2262196,1.0,1,3,1,1.0,,0.0,0,1989.0,A01,138Â 206Â 110,2.0,6.0,-1.0,1726800,1.0,10,,0.0,2.0,6.0,B01,138Â 206Â 109,1.0
1011609,201900053140,2,19,12:40,1,2,1,1.0,2.0,75112,QUAI DE BERCY,M,"48,8321300","2,3840700",75,2019,50.0,1.0,1.0,4.0,2262196,1.0,1,3,1,1.0,,0.0,0,1989.0,A01,138Â 206Â 110,2.0,6.0,-1.0,1726801,1.0,43,,0.0,2.0,1.0,A01,138Â 206Â 110,1.0
1011610,201900053141,2,16,11:10,1,2,7,1.0,3.0,75105,PLACE VALHUBERT,M,"48,8442320","2,3647680",75,2019,30.0,1.0,1.0,4.0,2262197,1.0,1,4,1,4.0,,0.0,0,1988.0,B01,138Â 206Â 107,2.0,8.0,-1.0,1726802,1.0,30,,0.0,2.0,8.0,B01,138Â 206Â 107,1.0
1011610,201900053141,2,16,11:10,1,2,7,1.0,3.0,75105,PLACE VALHUBERT,M,"48,8442320","2,3647680",75,2019,30.0,1.0,1.0,4.0,2262197,1.0,1,4,1,4.0,,0.0,0,1988.0,B01,138Â 206Â 107,2.0,8.0,-1.0,1726803,1.0,7,,0.0,2.0,6.0,A01,138Â 206Â 108,1.0
1011610,201900053141,2,16,11:10,1,2,7,1.0,3.0,75105,PLACE VALHUBERT,M,"48,8442320","2,3647680",75,2019,30.0,1.0,1.0,4.0,2262198,1.0,1,1,2,4.0,,0.0,0,1988.0,A01,138Â 206Â 108,1.0,0.0,-1.0,1726802,1.0,30,,0.0,2.0,8.0,B01,138Â 206Â 107,1.0
1011610,201900053141,2,16,11:10,1,2,7,1.0,3.0,75105,PLACE VALHUBERT,M,"48,8442320","2,3647680",75,2019,30.0,1.0,1.0,4.0,2262198,1.0,1,1,2,4.0,,0.0,0,1988.0,A01,138Â 206Â 108,1.0,0.0,-1.0,1726803,1.0,7,,0.0,2.0,6.0,A01,138Â 206Â 108,1.0
1011611,201900053142,2,19,16:05,1,2,3,1.0,3.0,75120,RUE DE MENILMONTANT,M,"48,8679310","2,3868120",75,2019,30.0,6.0,1.0,4.0,2262199,1.0,1,1,1,3.0,,0.0,0,1978.0,A01,138Â 206Â 105,1.0,0.0,-1.0,1726804,1.0,7,,0.0,2.0,3.0,A01,138Â 206Â 105,1.0
1011611,201900053142,2,19,16:05,1,2,3,1.0,3.0,75120,RUE DE MENILMONTANT,M,"48,8679310","2,3868120",75,2019,30.0,6.0,1.0,4.0,2262199,1.0,1,1,1,3.0,,0.0,0,1978.0,A01,138Â 206Â 105,1.0,0.0,-1.0,1726805,1.0,33,,0.0,2.0,1.0,B01,138Â 206Â 106,1.0
1011611,201900053142,2,19,16:05,1,2,3,1.0,3.0,75120,RUE DE MENILMONTANT,M,"48,8679310","2,3868120",75,2019,30.0,6.0,1.0,4.0,2262200,1.0,1,4,1,1.0,,0.0,0,1965.0,B01,138Â 206Â 106,2.0,0.0,-1.0,1726804,1.0,7,,0.0,2.0,3.0,A01,138Â 206Â 105,1.0
1011611,201900053142,2,19,16:05,1,2,3,1.0,3.0,75120,RUE DE MENILMONTANT,M,"48,8679310","2,3868120",75,2019,30.0,6.0,1.0,4.0,2262200,1.0,1,4,1,1.0,,0.0,0,1965.0,B01,138Â 206Â 106,2.0,0.0,-1.0,1726805,1.0,33,,0.0,2.0,1.0,B01,138Â 206Â 106,1.0
1011612,201900053143,2,19,13:55,1,2,1,1.0,3.0,75119,AVENUE JEAN JAURES,M,"48,8889240","2,3936150",75,2019,50.0,1.0,1.0,4.0,2262201,1.0,1,4,1,9.0,,0.0,0,1991.0,B01,138Â 206Â 103,2.0,6.0,-1.0,1726806,1.0,32,,0.0,2.0,3.0,B01,138Â 206Â 103,1.0
1011612,201900053143,2,19,13:55,1,2,1,1.0,3.0,75119,AVENUE JEAN JAURES,M,"48,8889240","2,3936150",75,2019,50.0,1.0,1.0,4.0,2262201,1.0,1,4,1,9.0,,0.0,0,1991.0,B01,138Â 206Â 103,2.0,6.0,-1.0,1726807,1.0,10,,0.0,2.0,2.0,A01,138Â 206Â 104,3.0
1011612,201900053143,2,19,13:55,1,2,1,1.0,3.0,75119,AVENUE JEAN JAURES,M,"48,8889240","2,3936150",75,2019,50.0,1.0,1.0,4.0,2262202,1.0,1,1,1,4.0,,0.0,0,1987.0,A01,138Â 206Â 104,1.0,0.0,-1.0,1726806,1.0,32,,0.0,2.0,3.0,B01,138Â 206Â 103,1.0
1011612,201900053143,2,19,13:55,1,2,1,1.0,3.0,75119,AVENUE JEAN JAURES,M,"48,8889240","2,3936150",75,2019,50.0,1.0,1.0,4.0,2262202,1.0,1,1,1,4.0,,0.0,0,1987.0,A01,138Â 206Â 104,1.0,0.0,-1.0,1726807,1.0,10,,0.0,2.0,2.0,A01,138Â 206Â 104,3.0
1011613,201900053144,2,19,08:55,1,2,2,1.0,3.0,75119,RUE MANIN,M,"48,8829950","2,3855630",75,2019,30.0,1.0,1.0,4.0,2262203,1.0,1,4,1,0.0,,0.0,0,1975.0,B01,138Â 206Â 101,2.0,0.0,-1.0,1726808,2.0,34,,0.0,2.0,1.0,B01,138Â 206Â 101,1.0
1011613,201900053144,2,19,08:55,1,2,2,1.0,3.0,75119,RUE MANIN,M,"48,8829950","2,3855630",75,2019,30.0,1.0,1.0,4.0,2262203,1.0,1,4,1,0.0,,0.0,0,1975.0,B01,138Â 206Â 101,2.0,0.0,-1.0,1726809,2.0,7,,0.0,2.0,3.0,A01,138Â 206Â 102,1.0