Unnamed: 0_x,num_acc,mois,jour,hrmn,lum,agg,int,atm,col,com,adr,gps,lat,long,dep,annee,vma,situ,surf,catr,Unnamed: 0_y,place,catu,grav,sexe,trajet,secu,locp,actp,an_nais,num_veh_x,id_vehicule_x,secu1,secu2,secu3,Unnamed: 0,senc,catv,occutc,obs,obsm,choc,num_veh_y,id_vehicule_y,motor
1011613,201900053144,2,19,08:55,1,2,2,1.0,3.0,75119,RUE MANIN,M,"48,8829950","2,3855630",75,2019,30.0,1.0,1.0,4.0,2262204,1.0,1,1,2,1.0,,0.0,0,1990.0,A01,138Â 206Â 102,1.0,0.0,-1.0,1726808,2.0,34,,0.0,2.0,1.0,B01,138Â 206Â 101,1.0
1011613,201900053144,2,19,08:55,1,2,2,1.0,3.0,75119,RUE MANIN,M,"48,8829950","2,3855630",75,2019,30.0,1.0,1.0,4.0,2262204,1.0,1,1,2,1.0,,0.0,0,1990.0,A01,138Â 206Â 102,1.0,0.0,-1.0,1726809,2.0,7,,0.0,2.0,3.0,A01,138Â 206Â 102,1.0
1011614,201900053145,2,18,19:20,5,2,1,1.0,3.0,75116,CARREFOUR DES CASCADES,M,"48,8584680","2,2580040",75,2019,50.0,1.0,1.0,4.0,2262205,1.0,1,4,1,5.0,,0.0,0,1971.0,B01,138Â 206Â 099,2.0,0.0,-1.0,1726810,2.0,1,,0.0,2.0,8.0,B01,138Â 206Â 099,5.0
1011614,201900053145,2,18,19:20,5,2,1,1.0,3.0,75116,CARREFOUR DES CASCADES,M,"48,8584680","2,2580040",75,2019,50.0,1.0,1.0,4.0,2262205,1.0,1,4,1,5.0,,0.0,0,1971.0,B01,138Â 206Â 099,2.0,0.0,-1.0,1726811,2.0,33,,0.0,2.0,1.0,A01,138Â 206Â 100,1.0
1011614,201900053145,2,18,19:20,5,2,1,1.0,3.0,75116,CARREFOUR DES CASCADES,M,"48,8584680","2,2580040",75,2019,50.0,1.0,1.0,4.0,2262206,1.0,1,1,1,1.0,,0.0,0,1988.0,A01,138Â 206Â 100,2.0,6.0,-1.0,1726810,2.0,1,,0.0,2.0,8.0,B01,138Â 206Â 099,5.0
1011614,201900053145,2,18,19:20,5,2,1,1.0,3.0,75116,CARREFOUR DES CASCADES,M,"48,8584680","2,2580040",75,2019,50.0,1.0,1.0,4.0,2262206,1.0,1,1,1,1.0,,0.0,0,1988.0,A01,138Â 206Â 100,2.0,6.0,-1.0,1726811,2.0,33,,0.0,2.0,1.0,A01,138Â 206Â 100,1.0
1011615,201900053146,2,19,17:00,1,2,6,1.0,3.0,75111,BOULEVARD DE MENILMONTANT,M,"48,8628600","2,3872750",75,2019,50.0,1.0,1.0,4.0,2262207,1.0,1,4,2,9.0,,0.0,0,1993.0,A01,138Â 206Â 097,2.0,0.0,-1.0,1726812,2.0,2,,0.0,2.0,8.0,A01,138Â 206Â 097,1.0
1011615,201900053146,2,19,17:00,1,2,6,1.0,3.0,75111,BOULEVARD DE MENILMONTANT,M,"48,8628600","2,3872750",75,2019,50.0,1.0,1.0,4.0,2262207,1.0,1,4,2,9.0,,0.0,0,1993.0,A01,138Â 206Â 097,2.0,0.0,-1.0,1726813,2.0,10,,0.0,2.0,7.0,B01,138Â 206Â 098,1.0
1011615,201900053146,2,19,17:00,1,2,6,1.0,3.0,75111,BOULEVARD DE MENILMONTANT,M,"48,8628600","2,3872750",75,2019,50.0,1.0,1.0,4.0,2262208,1.0,1,1,1,4.0,,0.0,0,1969.0,B01,138Â 206Â 098,1.0,0.0,-1.0,1726812,2.0,2,,0.0,2.0,8.0,A01,138Â 206Â 097,1.0
1011615,201900053146,2,19,17:00,1,2,6,1.0,3.0,75111,BOULEVARD DE MENILMONTANT,M,"48,8628600","2,3872750",75,2019,50.0,1.0,1.0,4.0,2262208,1.0,1,1,1,4.0,,0.0,0,1969.0,B01,138Â 206Â 098,1.0,0.0,-1.0,1726813,2.0,10,,0.0,2.0,7.0,B01,138Â 206Â 098,1.0
1011616,201900053147,2,19,12:50,1,2,4,1.0,6.0,75109,RUE AUBER,M,"48,8730510","2,3283090",75,2019,50.0,1.0,1.0,4.0,2262209,1.0,1,1,1,4.0,,0.0,0,1986.0,A01,138Â 206Â 096,1.0,0.0,-1.0,1726814,1.0,10,,0.0,1.0,3.0,A01,138Â 206Â 096,1.0
1011616,201900053147,2,19,12:50,1,2,4,1.0,6.0,75109,RUE AUBER,M,"48,8730510","2,3283090",75,2019,50.0,1.0,1.0,4.0,2262210,10.0,3,4,1,4.0,,4.0,3,1986.0,A01,138Â 206Â 096,8.0,0.0,-1.0,1726814,1.0,10,,0.0,1.0,3.0,A01,138Â 206Â 096,1.0
1011617,201900053148,2,19,19:25,5,2,1,1.0,3.0,75108,RUE DU FAUBOURG SAINT HONORE,M,"48,8714600","2,3152080",75,2019,50.0,1.0,1.0,4.0,2262211,1.0,1,4,1,4.0,,0.0,0,1962.0,B01,138Â 206Â 094,8.0,0.0,-1.0,1726815,2.0,1,,0.0,2.0,3.0,B01,138Â 206Â 094,5.0
1011617,201900053148,2,19,19:25,5,2,1,1.0,3.0,75108,RUE DU FAUBOURG SAINT HONORE,M,"48,8714600","2,3152080",75,2019,50.0,1.0,1.0,4.0,2262211,1.0,1,4,1,4.0,,0.0,0,1962.0,B01,138Â 206Â 094,8.0,0.0,-1.0,1726816,2.0,7,,0.0,2.0,3.0,A01,138Â 206Â 095,1.0
1011617,201900053148,2,19,19:25,5,2,1,1.0,3.0,75108,RUE DU FAUBOURG SAINT HONORE,M,"48,8714600","2,3152080",75,2019,50.0,1.0,1.0,4.0,2262212,1.0,1,1,1,4.0,,0.0,0,1991.0,A01,138Â 206Â 095,1.0,0.0,-1.0,1726815,2.0,1,,0.0,2.0,3.0,B01,138Â 206Â 094,5.0
1011617,201900053148,2,19,19:25,5,2,1,1.0,3.0,75108,RUE DU FAUBOURG SAINT HONORE,M,"48,8714600","2,3152080",75,2019,50.0,1.0,1.0,4.0,2262212,1.0,1,1,1,4.0,,0.0,0,1991.0,A01,138Â 206Â 095,1.0,0.0,-1.0,1726816,2.0,7,,0.0,2.0,3.0,A01,138Â 206Â 095,1.0
1011618,201900053149,2,19,17:21,1,2,2,1.0,6.0,75108,AVENUE FRANKLIN D ROOSEVELT,M,"48,8730730","2,3100240",75,2019,50.0,1.0,1.0,4.0,2262213,1.0,1,4,2,9.0,,0.0,0,1999.0,A01,138Â 206Â 093,2.0,8.0,-1.0,1726817,2.0,7,,0.0,2.0,0.0,Z01,138Â 206Â 092,0.0
1011618,201900053149,2,19,17:21,1,2,2,1.0,6.0,75108,AVENUE FRANKLIN D ROOSEVELT,M,"48,8730730","2,3100240",75,2019,50.0,1.0,1.0,4.0,2262213,1.0,1,4,2,9.0,,0.0,0,1999.0,A01,138Â 206Â 093,2.0,8.0,-1.0,1726818,2.0,30,,1.0,2.0,1.0,A01,138Â 206Â 093,1.0
1011619,201900053150,2,18,21:12,3,2,2,1.0,6.0,75108,BOULEVARD DES BATIGNOLLES,M,"48,8827370","2,3242820",75,2019,50.0,1.0,1.0,4.0,2262214,10.0,3,1,2,0.0,,4.0,3,1992.0,A01,138Â 206Â 091,8.0,0.0,-1.0,1726819,2.0,30,,0.0,1.0,1.0,A01,138Â 206Â 091,3.0
1011619,201900053150,2,18,21:12,3,2,2,1.0,6.0,75108,BOULEVARD DES BATIGNOLLES,M,"48,8827370","2,3242820",75,2019,50.0,1.0,1.0,4.0,2262215,1.0,1,4,1,1.0,,0.0,0,1990.0,A01,138Â 206Â 091,2.0,6.0,-1.0,1726819,2.0,30,,0.0,1.0,1.0,A01,138Â 206Â 091,3.0
1011620,201900053151,2,18,11:50,1,2,1,1.0,3.0,75104,RUE DE RIVOLI,M,"48,8567830","2,3544290",75,2019,50.0,1.0,1.0,4.0,2262216,1.0,1,4,1,0.0,,0.0,0,1958.0,B01,138Â 206Â 089,2.0,6.0,-1.0,1726820,1.0,32,,0.0,2.0,1.0,B01,138Â 206Â 089,1.0
1011620,201900053151,2,18,11:50,1,2,1,1.0,3.0,75104,RUE DE RIVOLI,M,"48,8567830","2,3544290",75,2019,50.0,1.0,1.0,4.0,2262216,1.0,1,4,1,0.0,,0.0,0,1958.0,B01,138Â 206Â 089,2.0,6.0,-1.0,1726821,1.0,7,,0.0,2.0,3.0,A01,138Â 206Â 090,1.0
1011620,201900053151,2,18,11:50,1,2,1,1.0,3.0,75104,RUE DE RIVOLI,M,"48,8567830","2,3544290",75,2019,50.0,1.0,1.0,4.0,2262217,1.0,1,1,1,9.0,,0.0,0,1985.0,A01,138Â 206Â 090,1.0,0.0,-1.0,1726820,1.0,32,,0.0,2.0,1.0,B01,138Â 206Â 089,1.0
1011620,201900053151,2,18,11:50,1,2,1,1.0,3.0,75104,RUE DE RIVOLI,M,"48,8567830","2,3544290",75,2019,50.0,1.0,1.0,4.0,2262217,1.0,1,1,1,9.0,,0.0,0,1985.0,A01,138Â 206Â 090,1.0,0.0,-1.0,1726821,1.0,7,,0.0,2.0,3.0,A01,138Â 206Â 090,1.0
1011621,201900053152,2,19,10:00,1,2,1,1.0,5.0,93051,RU DE NESLE (BOULEVARD),M,"48,8345000","2,5832000",93,2019,50.0,1.0,1.0,3.0,2262218,1.0,1,4,2,-1.0,,0.0,0,1962.0,I01,138Â 206Â 086,1.0,-1.0,-1.0,1726822,3.0,7,,0.0,2.0,7.0,I01,138Â 206Â 086,1.0
1011621,201900053152,2,19,10:00,1,2,1,1.0,5.0,93051,RU DE NESLE (BOULEVARD),M,"48,8345000","2,5832000",93,2019,50.0,1.0,1.0,3.0,2262218,1.0,1,4,2,-1.0,,0.0,0,1962.0,I01,138Â 206Â 086,1.0,-1.0,-1.0,1726823,3.0,7,,0.0,2.0,1.0,A01,138Â 206Â 087,1.0
1011621,201900053152,2,19,10:00,1,2,1,1.0,5.0,93051,RU DE NESLE (BOULEVARD),M,"48,8345000","2,5832000",93,2019,50.0,1.0,1.0,3.0,2262218,1.0,1,4,2,-1.0,,0.0,0,1962.0,I01,138Â 206Â 086,1.0,-1.0,-1.0,1726824,3.0,7,,0.0,2.0,1.0,H01,138Â 206Â 088,1.0
1011621,201900053152,2,19,10:00,1,2,1,1.0,5.0,93051,RU DE NESLE (BOULEVARD),M,"48,8345000","2,5832000",93,2019,50.0,1.0,1.0,3.0,2262219,1.0,1,1,1,0.0,,-1.0, -1,1952.0,A01,138Â 206Â 087,1.0,0.0,-1.0,1726822,3.0,7,,0.0,2.0,7.0,I01,138Â 206Â 086,1.0
1011621,201900053152,2,19,10:00,1,2,1,1.0,5.0,93051,RU DE NESLE (BOULEVARD),M,"48,8345000","2,5832000",93,2019,50.0,1.0,1.0,3.0,2262219,1.0,1,1,1,0.0,,-1.0, -1,1952.0,A01,138Â 206Â 087,1.0,0.0,-1.0,1726823,3.0,7,,0.0,2.0,1.0,A01,138Â 206Â 087,1.0
1011621,201900053152,2,19,10:00,1,2,1,1.0,5.0,93051,RU DE NESLE (BOULEVARD),M,"48,8345000","2,5832000",93,2019,50.0,1.0,1.0,3.0,2262219,1.0,1,1,1,0.0,,-1.0, -1,1952.0,A01,138Â 206Â 087,1.0,0.0,-1.0,1726824,3.0,7,,0.0,2.0,1.0,H01,138Â 206Â 088,1.0
1011621,201900053152,2,19,10:00,1,2,1,1.0,5.0,93051,RU DE NESLE (BOULEVARD),M,"48,8345000","2,5832000",93,2019,50.0,1.0,1.0,3.0,2262220,1.0,1,1,1,-1.0,,-1.0, -1,1971.0,H01,138Â 206Â 088,1.0,-1.0,-1.0,1726822,3.0,7,,0.0,2.0,7.0,I01,138Â 206Â 086,1.0
1011621,201900053152,2,19,10:00,1,2,1,1.0,5.0,93051,RU DE NESLE (BOULEVARD),M,"48,8345000","2,5832000",93,2019,50.0,1.0,1.0,3.0,2262220,1.0,1,1,1,-1.0,,-1.0, -1,1971.0,H01,138Â 206Â 088,1.0,-1.0,-1.0,1726823,3.0,7,,0.0,2.0,1.0,A01,138Â 206Â 087,1.0
1011621,201900053152,2,19,10:00,1,2,1,1.0,5.0,93051,RU DE NESLE (BOULEVARD),M,"48,8345000","2,5832000",93,2019,50.0,1.0,1.0,3.0,2262220,1.0,1,1,1,-1.0,,-1.0, -1,1971.0,H01,138Â 206Â 088,1.0,-1.0,-1.0,1726824,3.0,7,,0.0,2.0,1.0,H01,138Â 206Â 088,1.0
1011621,201900053152,2,19,10:00,1,2,1,1.0,5.0,93051,RU DE NESLE (BOULEVARD),M,"48,8345000","2,5832000",93,2019,50.0,1.0,1.0,3.0,2262221,2.0,2,1,2,0.0,,0.0,0,1975.0,H01,138Â 206Â 088,1.0,-1.0,-1.0,1726822,3.0,7,,0.0,2.0,7.0,I01,138Â 206Â 086,1.0
1011621,201900053152,2,19,10:00,1,2,1,1.0,5.0,93051,RU DE NESLE (BOULEVARD),M,"48,8345000","2,5832000",93,2019,50.0,1.0,1.0,3.0,2262221,2.0,2,1,2,0.0,,0.0,0,1975.0,H01,138Â 206Â 088,1.0,-1.0,-1.0,1726823,3.0,7,,0.0,2.0,1.0,A01,138Â 206Â 087,1.0
1011621,201900053152,2,19,10:00,1,2,1,1.0,5.0,93051,RU DE NESLE (BOULEVARD),M,"48,8345000","2,5832000",93,2019,50.0,1.0,1.0,3.0,2262221,2.0,2,1,2,0.0,,0.0,0,1975.0,H01,138Â 206Â 088,1.0,-1.0,-1.0,1726824,3.0,7,,0.0,2.0,1.0,H01,138Â 206Â 088,1.0
1011622,201900053153,2,18,22:25,5,2,2,1.0,3.0,93079,SAINT LEU (ROUTE),M,"48,9553494","2,3333859",93,2019,50.0,3.0,1.0,3.0,2262222,1.0,1,4,1,0.0,,-1.0, -1,1940.0,B01,138Â 206Â 084,1.0,0.0,-1.0,1726825,2.0,10,,0.0,2.0,1.0,B01,138Â 206Â 084,1.0
1011622,201900053153,2,18,22:25,5,2,2,1.0,3.0,93079,SAINT LEU (ROUTE),M,"48,9553494","2,3333859",93,2019,50.0,3.0,1.0,3.0,2262222,1.0,1,4,1,0.0,,-1.0, -1,1940.0,B01,138Â 206Â 084,1.0,0.0,-1.0,1726826,1.0,10,,0.0,2.0,7.0,A01,138Â 206Â 085,1.0
1011622,201900053153,2,18,22:25,5,2,2,1.0,3.0,93079,SAINT LEU (ROUTE),M,"48,9553494","2,3333859",93,2019,50.0,3.0,1.0,3.0,2262223,1.0,1,1,1,0.0,,0.0,0,1999.0,A01,138Â 206Â 085,1.0,0.0,-1.0,1726825,2.0,10,,0.0,2.0,1.0,B01,138Â 206Â 084,1.0
1011622,201900053153,2,18,22:25,5,2,2,1.0,3.0,93079,SAINT LEU (ROUTE),M,"48,9553494","2,3333859",93,2019,50.0,3.0,1.0,3.0,2262223,1.0,1,1,1,0.0,,0.0,0,1999.0,A01,138Â 206Â 085,1.0,0.0,-1.0,1726826,1.0,10,,0.0,2.0,7.0,A01,138Â 206Â 085,1.0
1011623,201900053154,2,19,16:20,1,2,3,1.0,3.0,93007,PASTEUR (AVENUE),M,"48,9368400","2,4757560",93,2019,50.0,2.0,1.0,3.0,2262224,1.0,1,1,2,0.0,,-1.0, -1,1990.0,B01,138Â 206Â 082,1.0,0.0,-1.0,1726827,2.0,7,,0.0,2.0,1.0,B01,138Â 206Â 082,1.0
1011623,201900053154,2,19,16:20,1,2,3,1.0,3.0,93007,PASTEUR (AVENUE),M,"48,9368400","2,4757560",93,2019,50.0,2.0,1.0,3.0,2262224,1.0,1,1,2,0.0,,-1.0, -1,1990.0,B01,138Â 206Â 082,1.0,0.0,-1.0,1726828,1.0,7,,0.0,2.0,2.0,A01,138Â 206Â 083,1.0
1011623,201900053154,2,19,16:20,1,2,3,1.0,3.0,93007,PASTEUR (AVENUE),M,"48,9368400","2,4757560",93,2019,50.0,2.0,1.0,3.0,2262225,1.0,1,4,2,1.0,,-1.0, -1,1989.0,A01,138Â 206Â 083,1.0,0.0,-1.0,1726827,2.0,7,,0.0,2.0,1.0,B01,138Â 206Â 082,1.0
1011623,201900053154,2,19,16:20,1,2,3,1.0,3.0,93007,PASTEUR (AVENUE),M,"48,9368400","2,4757560",93,2019,50.0,2.0,1.0,3.0,2262225,1.0,1,4,2,1.0,,-1.0, -1,1989.0,A01,138Â 206Â 083,1.0,0.0,-1.0,1726828,1.0,7,,0.0,2.0,2.0,A01,138Â 206Â 083,1.0
1011624,201900053155,2,19,09:00,1,2,1,1.0,5.0,92063,BONAPARTE (AVENUE NAPOLEON) SUD,M,"48,8726797","2,1632947",92,2019,50.0,1.0,1.0,3.0,2262226,1.0,1,3,1,4.0,,-1.0,0,1995.0,B01,138Â 206Â 079,2.0,8.0,-1.0,1726829,1.0,33,,0.0,2.0,2.0,B01,138Â 206Â 079,1.0
1011624,201900053155,2,19,09:00,1,2,1,1.0,5.0,92063,BONAPARTE (AVENUE NAPOLEON) SUD,M,"48,8726797","2,1632947",92,2019,50.0,1.0,1.0,3.0,2262226,1.0,1,3,1,4.0,,-1.0,0,1995.0,B01,138Â 206Â 079,2.0,8.0,-1.0,1726830,2.0,37,1.0,0.0,2.0,8.0,C01,138Â 206Â 080,1.0
1011624,201900053155,2,19,09:00,1,2,1,1.0,5.0,92063,BONAPARTE (AVENUE NAPOLEON) SUD,M,"48,8726797","2,1632947",92,2019,50.0,1.0,1.0,3.0,2262226,1.0,1,3,1,4.0,,-1.0,0,1995.0,B01,138Â 206Â 079,2.0,8.0,-1.0,1726831,1.0,7,,0.0,2.0,3.0,A01,138Â 206Â 081,1.0
1011624,201900053155,2,19,09:00,1,2,1,1.0,5.0,92063,BONAPARTE (AVENUE NAPOLEON) SUD,M,"48,8726797","2,1632947",92,2019,50.0,1.0,1.0,3.0,2262227,1.0,1,1,1,4.0,,-1.0,0,1983.0,C01,138Â 206Â 080,1.0,8.0,-1.0,1726829,1.0,33,,0.0,2.0,2.0,B01,138Â 206Â 079,1.0
1011624,201900053155,2,19,09:00,1,2,1,1.0,5.0,92063,BONAPARTE (AVENUE NAPOLEON) SUD,M,"48,8726797","2,1632947",92,2019,50.0,1.0,1.0,3.0,2262227,1.0,1,1,1,4.0,,-1.0,0,1983.0,C01,138Â 206Â 080,1.0,8.0,-1.0,1726830,2.0,37,1.0,0.0,2.0,8.0,C01,138Â 206Â 080,1.0
1011624,201900053155,2,19,09:00,1,2,1,1.0,5.0,92063,BONAPARTE (AVENUE NAPOLEON) SUD,M,"48,8726797","2,1632947",92,2019,50.0,1.0,1.0,3.0,2262227,1.0,1,1,1,4.0,,-1.0,0,1983.0,C01,138Â 206Â 080,1.0,8.0,-1.0,1726831,1.0,7,,0.0,2.0,3.0,A01,138Â 206Â 081,1.0
1011624,201900053155,2,19,09:00,1,2,1,1.0,5.0,92063,BONAPARTE (AVENUE NAPOLEON) SUD,M,"48,8726797","2,1632947",92,2019,50.0,1.0,1.0,3.0,2262228,1.0,1,1,1,4.0,,-1.0,0,1984.0,A01,138Â 206Â 081,1.0,8.0,-1.0,1726829,1.0,33,,0.0,2.0,2.0,B01,138Â 206Â 079,1.0
1011624,201900053155,2,19,09:00,1,2,1,1.0,5.0,92063,BONAPARTE (AVENUE NAPOLEON) SUD,M,"48,8726797","2,1632947",92,2019,50.0,1.0,1.0,3.0,2262228,1.0,1,1,1,4.0,,-1.0,0,1984.0,A01,138Â 206Â 081,1.0,8.0,-1.0,1726830,2.0,37,1.0,0.0,2.0,8.0,C01,138Â 206Â 080,1.0
1011624,201900053155,2,19,09:00,1,2,1,1.0,5.0,92063,BONAPARTE (AVENUE NAPOLEON) SUD,M,"48,8726797","2,1632947",92,2019,50.0,1.0,1.0,3.0,2262228,1.0,1,1,1,4.0,,-1.0,0,1984.0,A01,138Â 206Â 081,1.0,8.0,-1.0,1726831,1.0,7,,0.0,2.0,3.0,A01,138Â 206Â 081,1.0
1011625,201900053156,2,18,21:39,5,2,1,1.0,2.0,92025,CHARLES DE GAULLE (BD),M,"48,9170490","2,2257070",92,2019,50.0,1.0,1.0,3.0,2262229,1.0,1,4,1,1.0,,-1.0,0,1986.0,A01,138Â 206Â 077,2.0,6.0,-1.0,1726832,3.0,30,,0.0,2.0,5.0,A01,138Â 206Â 077,1.0
1011625,201900053156,2,18,21:39,5,2,1,1.0,2.0,92025,CHARLES DE GAULLE (BD),M,"48,9170490","2,2257070",92,2019,50.0,1.0,1.0,3.0,2262229,1.0,1,4,1,1.0,,-1.0,0,1986.0,A01,138Â 206Â 077,2.0,6.0,-1.0,1726833,3.0,7,,0.0,2.0,1.0,B01,138Â 206Â 078,1.0
1011626,201900053157,2,17,17:40,1,1,1,1.0,6.0,35177,departementale 137,M,"48,2292120"," -1,7540980",35,2019,110.0,3.0,1.0,3.0,2262230,2.0,2,3,2,5.0,,0.0,0,1934.0,A01,138Â 206Â 076,1.0,5.0,-1.0,1726834,2.0,7,,13.0,0.0,2.0,A01,138Â 206Â 076,0.0
1011626,201900053157,2,17,17:40,1,1,1,1.0,6.0,35177,departementale 137,M,"48,2292120"," -1,7540980",35,2019,110.0,3.0,1.0,3.0,2262231,1.0,1,3,1,5.0,,0.0,0,1937.0,A01,138Â 206Â 076,1.0,5.0,-1.0,1726834,2.0,7,,13.0,0.0,2.0,A01,138Â 206Â 076,0.0
1011627,201900053158,2,20,02:00,3,1,1,1.0,7.0,74116,a410,M,"46,0649840","6,2901390",74,2019,110.0,2.0,1.0,1.0,2262232,1.0,1,3,1,0.0,,0.0,0,1980.0,A01,138Â 206Â 075,8.0,-1.0,-1.0,1726835,1.0,7,,3.0,0.0,0.0,A01,138Â 206Â 075,1.0
1011628,201900053159,1,30,18:00,2,1,1,3.0,1.0,49127,D59,M,"47,6609560"," -0,2421990",49,2019,80.0,1.0,2.0,3.0,2262233,1.0,1,4,2,5.0,,0.0,0,1994.0,A01,138Â 206Â 073,1.0,-1.0,-1.0,1726836,1.0,7,,0.0,2.0,0.0,A01,138Â 206Â 073,1.0
1011628,201900053159,1,30,18:00,2,1,1,3.0,1.0,49127,D59,M,"47,6609560"," -0,2421990",49,2019,80.0,1.0,2.0,3.0,2262233,1.0,1,4,2,5.0,,0.0,0,1994.0,A01,138Â 206Â 073,1.0,-1.0,-1.0,1726837,2.0,7,,0.0,2.0,0.0,B01,138Â 206Â 074,1.0
1011628,201900053159,1,30,18:00,2,1,1,3.0,1.0,49127,D59,M,"47,6609560"," -0,2421990",49,2019,80.0,1.0,2.0,3.0,2262234,1.0,1,1,1,0.0,,0.0,0,1962.0,B01,138Â 206Â 074,1.0,-1.0,-1.0,1726836,1.0,7,,0.0,2.0,0.0,A01,138Â 206Â 073,1.0
1011628,201900053159,1,30,18:00,2,1,1,3.0,1.0,49127,D59,M,"47,6609560"," -0,2421990",49,2019,80.0,1.0,2.0,3.0,2262234,1.0,1,1,1,0.0,,0.0,0,1962.0,B01,138Â 206Â 074,1.0,-1.0,-1.0,1726837,2.0,7,,0.0,2.0,0.0,B01,138Â 206Â 074,1.0
1011629,201900053160,2,20,10:00,1,1,1,1.0,4.0,67073,RN 59,M,"48,2824420","7,3683580",67,2019,80.0,1.0,1.0,2.0,2262235,1.0,1,2,1,0.0,,0.0,0,1931.0,C01,138Â 206Â 070,8.0,-1.0,-1.0,1726838,1.0,7,,1.0,0.0,2.0,C01,138Â 206Â 070,1.0
1011629,201900053160,2,20,10:00,1,1,1,1.0,4.0,67073,RN 59,M,"48,2824420","7,3683580",67,2019,80.0,1.0,1.0,2.0,2262235,1.0,1,2,1,0.0,,0.0,0,1931.0,C01,138Â 206Â 070,8.0,-1.0,-1.0,1726839,1.0,7,,0.0,0.0,4.0,B01,138Â 206Â 071,1.0
1011629,201900053160,2,20,10:00,1,1,1,1.0,4.0,67073,RN 59,M,"48,2824420","7,3683580",67,2019,80.0,1.0,1.0,2.0,2262235,1.0,1,2,1,0.0,,0.0,0,1931.0,C01,138Â 206Â 070,8.0,-1.0,-1.0,1726840,1.0,15,,0.0,0.0,4.0,A01,138Â 206Â 072,1.0
1011629,201900053160,2,20,10:00,1,1,1,1.0,4.0,67073,RN 59,M,"48,2824420","7,3683580",67,2019,80.0,1.0,1.0,2.0,2262236,2.0,2,1,1,0.0,,0.0,0,1989.0,C01,138Â 206Â 070,8.0,-1.0,-1.0,1726838,1.0,7,,1.0,0.0,2.0,C01,138Â 206Â 070,1.0
1011629,201900053160,2,20,10:00,1,1,1,1.0,4.0,67073,RN 59,M,"48,2824420","7,3683580",67,2019,80.0,1.0,1.0,2.0,2262236,2.0,2,1,1,0.0,,0.0,0,1989.0,C01,138Â 206Â 070,8.0,-1.0,-1.0,1726839,1.0,7,,0.0,0.0,4.0,B01,138Â 206Â 071,1.0
1011629,201900053160,2,20,10:00,1,1,1,1.0,4.0,67073,RN 59,M,"48,2824420","7,3683580",67,2019,80.0,1.0,1.0,2.0,2262236,2.0,2,1,1,0.0,,0.0,0,1989.0,C01,138Â 206Â 070,8.0,-1.0,-1.0,1726840,1.0,15,,0.0,0.0,4.0,A01,138Â 206Â 072,1.0
1011629,201900053160,2,20,10:00,1,1,1,1.0,4.0,67073,RN 59,M,"48,2824420","7,3683580",67,2019,80.0,1.0,1.0,2.0,2262237,1.0,1,1,1,3.0,,0.0,0,1983.0,B01,138Â 206Â 071,8.0,-1.0,-1.0,1726838,1.0,7,,1.0,0.0,2.0,C01,138Â 206Â 070,1.0
1011629,201900053160,2,20,10:00,1,1,1,1.0,4.0,67073,RN 59,M,"48,2824420","7,3683580",67,2019,80.0,1.0,1.0,2.0,2262237,1.0,1,1,1,3.0,,0.0,0,1983.0,B01,138Â 206Â 071,8.0,-1.0,-1.0,1726839,1.0,7,,0.0,0.0,4.0,B01,138Â 206Â 071,1.0
1011629,201900053160,2,20,10:00,1,1,1,1.0,4.0,67073,RN 59,M,"48,2824420","7,3683580",67,2019,80.0,1.0,1.0,2.0,2262237,1.0,1,1,1,3.0,,0.0,0,1983.0,B01,138Â 206Â 071,8.0,-1.0,-1.0,1726840,1.0,15,,0.0,0.0,4.0,A01,138Â 206Â 072,1.0
1011629,201900053160,2,20,10:00,1,1,1,1.0,4.0,67073,RN 59,M,"48,2824420","7,3683580",67,2019,80.0,1.0,1.0,2.0,2262238,9.0,2,4,1,3.0,,0.0,0,2011.0,B01,138Â 206Â 071,3.0,-1.0,-1.0,1726838,1.0,7,,1.0,0.0,2.0,C01,138Â 206Â 070,1.0
1011629,201900053160,2,20,10:00,1,1,1,1.0,4.0,67073,RN 59,M,"48,2824420","7,3683580",67,2019,80.0,1.0,1.0,2.0,2262238,9.0,2,4,1,3.0,,0.0,0,2011.0,B01,138Â 206Â 071,3.0,-1.0,-1.0,1726839,1.0,7,,0.0,0.0,4.0,B01,138Â 206Â 071,1.0
1011629,201900053160,2,20,10:00,1,1,1,1.0,4.0,67073,RN 59,M,"48,2824420","7,3683580",67,2019,80.0,1.0,1.0,2.0,2262238,9.0,2,4,1,3.0,,0.0,0,2011.0,B01,138Â 206Â 071,3.0,-1.0,-1.0,1726840,1.0,15,,0.0,0.0,4.0,A01,138Â 206Â 072,1.0
1011629,201900053160,2,20,10:00,1,1,1,1.0,4.0,67073,RN 59,M,"48,2824420","7,3683580",67,2019,80.0,1.0,1.0,2.0,2262239,7.0,2,4,2,3.0,,0.0,0,2013.0,B01,138Â 206Â 071,3.0,-1.0,-1.0,1726838,1.0,7,,1.0,0.0,2.0,C01,138Â 206Â 070,1.0
1011629,201900053160,2,20,10:00,1,1,1,1.0,4.0,67073,RN 59,M,"48,2824420","7,3683580",67,2019,80.0,1.0,1.0,2.0,2262239,7.0,2,4,2,3.0,,0.0,0,2013.0,B01,138Â 206Â 071,3.0,-1.0,-1.0,1726839,1.0,7,,0.0,0.0,4.0,B01,138Â 206Â 071,1.0
1011629,201900053160,2,20,10:00,1,1,1,1.0,4.0,67073,RN 59,M,"48,2824420","7,3683580",67,2019,80.0,1.0,1.0,2.0,2262239,7.0,2,4,2,3.0,,0.0,0,2013.0,B01,138Â 206Â 071,3.0,-1.0,-1.0,1726840,1.0,15,,0.0,0.0,4.0,A01,138Â 206Â 072,1.0