Unnamed: 0_x,num_acc,mois,jour,hrmn,lum,agg,int,atm,col,com,adr,gps,lat,long,dep,annee,vma,situ,surf,catr,Unnamed: 0_y,place,catu,grav,sexe,trajet,secu,locp,actp,an_nais,num_veh_x,id_vehicule_x,secu1,secu2,secu3,Unnamed: 0,senc,catv,occutc,obs,obsm,choc,num_veh_y,id_vehicule_y,motor
1011629,201900053160,2,20,10:00,1,1,1,1.0,4.0,67073,RN 59,M,"48,2824420","7,3683580",67,2019,80.0,1.0,1.0,2.0,2262240,2.0,2,1,2,3.0,,0.0,0,1984.0,B01,138Â 206Â 071,8.0,-1.0,-1.0,1726838,1.0,7,,1.0,0.0,2.0,C01,138Â 206Â 070,1.0
1011629,201900053160,2,20,10:00,1,1,1,1.0,4.0,67073,RN 59,M,"48,2824420","7,3683580",67,2019,80.0,1.0,1.0,2.0,2262240,2.0,2,1,2,3.0,,0.0,0,1984.0,B01,138Â 206Â 071,8.0,-1.0,-1.0,1726839,1.0,7,,0.0,0.0,4.0,B01,138Â 206Â 071,1.0
1011629,201900053160,2,20,10:00,1,1,1,1.0,4.0,67073,RN 59,M,"48,2824420","7,3683580",67,2019,80.0,1.0,1.0,2.0,2262240,2.0,2,1,2,3.0,,0.0,0,1984.0,B01,138Â 206Â 071,8.0,-1.0,-1.0,1726840,1.0,15,,0.0,0.0,4.0,A01,138Â 206Â 072,1.0
1011629,201900053160,2,20,10:00,1,1,1,1.0,4.0,67073,RN 59,M,"48,2824420","7,3683580",67,2019,80.0,1.0,1.0,2.0,2262241,1.0,1,1,1,4.0,,0.0,0,1982.0,A01,138Â 206Â 072,8.0,-1.0,-1.0,1726838,1.0,7,,1.0,0.0,2.0,C01,138Â 206Â 070,1.0
1011629,201900053160,2,20,10:00,1,1,1,1.0,4.0,67073,RN 59,M,"48,2824420","7,3683580",67,2019,80.0,1.0,1.0,2.0,2262241,1.0,1,1,1,4.0,,0.0,0,1982.0,A01,138Â 206Â 072,8.0,-1.0,-1.0,1726839,1.0,7,,0.0,0.0,4.0,B01,138Â 206Â 071,1.0
1011629,201900053160,2,20,10:00,1,1,1,1.0,4.0,67073,RN 59,M,"48,2824420","7,3683580",67,2019,80.0,1.0,1.0,2.0,2262241,1.0,1,1,1,4.0,,0.0,0,1982.0,A01,138Â 206Â 072,8.0,-1.0,-1.0,1726840,1.0,15,,0.0,0.0,4.0,A01,138Â 206Â 072,1.0
1011630,201900053161,2,18,18:49,3,1,1,1.0,3.0,62473,rue de Lillers,M,"50,6008810","2,4463670",62,2019,80.0,1.0,1.0,4.0,2262242,1.0,1,3,1,5.0,,0.0,0,1955.0,B01,138Â 206Â 068,9.0,-1.0,-1.0,1726841,1.0,80,,0.0,0.0,0.0,B01,138Â 206Â 068,3.0
1011630,201900053161,2,18,18:49,3,1,1,1.0,3.0,62473,rue de Lillers,M,"50,6008810","2,4463670",62,2019,80.0,1.0,1.0,4.0,2262242,1.0,1,3,1,5.0,,0.0,0,1955.0,B01,138Â 206Â 068,9.0,-1.0,-1.0,1726842,1.0,7,,0.0,9.0,0.0,A01,138Â 206Â 069,0.0
1011630,201900053161,2,18,18:49,3,1,1,1.0,3.0,62473,rue de Lillers,M,"50,6008810","2,4463670",62,2019,80.0,1.0,1.0,4.0,2262243,1.0,1,1,1,5.0,,0.0,0,1978.0,A01,138Â 206Â 069,1.0,-1.0,-1.0,1726841,1.0,80,,0.0,0.0,0.0,B01,138Â 206Â 068,3.0
1011630,201900053161,2,18,18:49,3,1,1,1.0,3.0,62473,rue de Lillers,M,"50,6008810","2,4463670",62,2019,80.0,1.0,1.0,4.0,2262243,1.0,1,1,1,5.0,,0.0,0,1978.0,A01,138Â 206Â 069,1.0,-1.0,-1.0,1726842,1.0,7,,0.0,9.0,0.0,A01,138Â 206Â 069,0.0
1011631,201900053162,2,20,11:40,1,2,2,1.0,3.0,19255,CARREFOUR DU CHATEAU -D44 et AVENUE NATIONALE -,M,"45,3697400","1,7020800",19,2019,50.0,1.0,1.0,3.0,2262244,1.0,1,4,1,9.0,,0.0,0,1954.0,B01,138Â 206Â 066,1.0,-1.0,-1.0,1726843,3.0,7,,0.0,2.0,3.0,B01,138Â 206Â 066,1.0
1011631,201900053162,2,20,11:40,1,2,2,1.0,3.0,19255,CARREFOUR DU CHATEAU -D44 et AVENUE NATIONALE -,M,"45,3697400","1,7020800",19,2019,50.0,1.0,1.0,3.0,2262244,1.0,1,4,1,9.0,,0.0,0,1954.0,B01,138Â 206Â 066,1.0,-1.0,-1.0,1726844,3.0,7,,0.0,2.0,1.0,A01,138Â 206Â 067,1.0
1011631,201900053162,2,20,11:40,1,2,2,1.0,3.0,19255,CARREFOUR DU CHATEAU -D44 et AVENUE NATIONALE -,M,"45,3697400","1,7020800",19,2019,50.0,1.0,1.0,3.0,2262245,1.0,1,1,2,0.0,,0.0,0,1949.0,A01,138Â 206Â 067,8.0,-1.0,-1.0,1726843,3.0,7,,0.0,2.0,3.0,B01,138Â 206Â 066,1.0
1011631,201900053162,2,20,11:40,1,2,2,1.0,3.0,19255,CARREFOUR DU CHATEAU -D44 et AVENUE NATIONALE -,M,"45,3697400","1,7020800",19,2019,50.0,1.0,1.0,3.0,2262245,1.0,1,1,2,0.0,,0.0,0,1949.0,A01,138Â 206Â 067,8.0,-1.0,-1.0,1726844,3.0,7,,0.0,2.0,1.0,A01,138Â 206Â 067,1.0
1011632,201900053163,2,18,13:50,1,1,1,1.0,3.0,77227,D18,M,"48,4817900","3,3183300",77,2019,80.0,1.0,1.0,3.0,2262246,1.0,1,4,1,5.0,,0.0,0,1961.0,B01,138Â 206Â 064,2.0,6.0,4.0,1726845,1.0,1,,0.0,2.0,7.0,B01,138Â 206Â 064,5.0
1011632,201900053163,2,18,13:50,1,1,1,1.0,3.0,77227,D18,M,"48,4817900","3,3183300",77,2019,80.0,1.0,1.0,3.0,2262246,1.0,1,4,1,5.0,,0.0,0,1961.0,B01,138Â 206Â 064,2.0,6.0,4.0,1726846,1.0,7,,0.0,9.0,2.0,A01,138Â 206Â 065,1.0
1011632,201900053163,2,18,13:50,1,1,1,1.0,3.0,77227,D18,M,"48,4817900","3,3183300",77,2019,80.0,1.0,1.0,3.0,2262247,1.0,1,1,1,5.0,,0.0,0,1948.0,A01,138Â 206Â 065,1.0,-1.0,-1.0,1726845,1.0,1,,0.0,2.0,7.0,B01,138Â 206Â 064,5.0
1011632,201900053163,2,18,13:50,1,1,1,1.0,3.0,77227,D18,M,"48,4817900","3,3183300",77,2019,80.0,1.0,1.0,3.0,2262247,1.0,1,1,1,5.0,,0.0,0,1948.0,A01,138Â 206Â 065,1.0,-1.0,-1.0,1726846,1.0,7,,0.0,9.0,2.0,A01,138Â 206Â 065,1.0
1011633,201900053164,2,20,17:45,1,1,2,7.0,1.0,80723,Rue du Moulin,M,"49,8907190","2,1145950",80,2019,80.0,1.0,1.0,3.0,2262248,1.0,1,1,2,0.0,,0.0,0,1959.0,B01,138Â 206Â 062,1.0,-1.0,-1.0,1726847,2.0,7,,0.0,2.0,1.0,B01,138Â 206Â 062,0.0
1011633,201900053164,2,20,17:45,1,1,2,7.0,1.0,80723,Rue du Moulin,M,"49,8907190","2,1145950",80,2019,80.0,1.0,1.0,3.0,2262248,1.0,1,1,2,0.0,,0.0,0,1959.0,B01,138Â 206Â 062,1.0,-1.0,-1.0,1726848,1.0,7,,0.0,2.0,2.0,C01,138Â 206Â 063,0.0
1011633,201900053164,2,20,17:45,1,1,2,7.0,1.0,80723,Rue du Moulin,M,"49,8907190","2,1145950",80,2019,80.0,1.0,1.0,3.0,2262249,2.0,2,3,1,0.0,,0.0,0,1957.0,B01,138Â 206Â 062,1.0,-1.0,-1.0,1726847,2.0,7,,0.0,2.0,1.0,B01,138Â 206Â 062,0.0
1011633,201900053164,2,20,17:45,1,1,2,7.0,1.0,80723,Rue du Moulin,M,"49,8907190","2,1145950",80,2019,80.0,1.0,1.0,3.0,2262249,2.0,2,3,1,0.0,,0.0,0,1957.0,B01,138Â 206Â 062,1.0,-1.0,-1.0,1726848,1.0,7,,0.0,2.0,2.0,C01,138Â 206Â 063,0.0
1011633,201900053164,2,20,17:45,1,1,2,7.0,1.0,80723,Rue du Moulin,M,"49,8907190","2,1145950",80,2019,80.0,1.0,1.0,3.0,2262250,1.0,1,4,2,0.0,,-1.0, -1,1993.0,C01,138Â 206Â 063,1.0,-1.0,-1.0,1726847,2.0,7,,0.0,2.0,1.0,B01,138Â 206Â 062,0.0
1011633,201900053164,2,20,17:45,1,1,2,7.0,1.0,80723,Rue du Moulin,M,"49,8907190","2,1145950",80,2019,80.0,1.0,1.0,3.0,2262250,1.0,1,4,2,0.0,,-1.0, -1,1993.0,C01,138Â 206Â 063,1.0,-1.0,-1.0,1726848,1.0,7,,0.0,2.0,2.0,C01,138Â 206Â 063,0.0
1011634,201900053165,2,20,17:20,1,1,1,7.0,1.0,32213,LIEU DIT DEZE,M,"43,4486550","0,8849860",32,2019,80.0,1.0,1.0,3.0,2262251,1.0,1,1,1,5.0,,0.0,0,1948.0,A01,138Â 206Â 060,1.0,-1.0,-1.0,1726849,1.0,7,,0.0,2.0,3.0,A01,138Â 206Â 060,1.0
1011634,201900053165,2,20,17:20,1,1,1,7.0,1.0,32213,LIEU DIT DEZE,M,"43,4486550","0,8849860",32,2019,80.0,1.0,1.0,3.0,2262251,1.0,1,1,1,5.0,,0.0,0,1948.0,A01,138Â 206Â 060,1.0,-1.0,-1.0,1726850,2.0,1,,0.0,2.0,1.0,B01,138Â 206Â 061,5.0
1011634,201900053165,2,20,17:20,1,1,1,7.0,1.0,32213,LIEU DIT DEZE,M,"43,4486550","0,8849860",32,2019,80.0,1.0,1.0,3.0,2262252,1.0,1,3,1,5.0,,0.0,0,1961.0,B01,138Â 206Â 061,2.0,-1.0,-1.0,1726849,1.0,7,,0.0,2.0,3.0,A01,138Â 206Â 060,1.0
1011634,201900053165,2,20,17:20,1,1,1,7.0,1.0,32213,LIEU DIT DEZE,M,"43,4486550","0,8849860",32,2019,80.0,1.0,1.0,3.0,2262252,1.0,1,3,1,5.0,,0.0,0,1961.0,B01,138Â 206Â 061,2.0,-1.0,-1.0,1726850,2.0,1,,0.0,2.0,1.0,B01,138Â 206Â 061,5.0
1011635,201900053166,2,19,08:18,1,1,1,1.0,7.0,89369,D26,M,"48,2252520","3,1786550",89,2019,80.0,3.0,1.0,3.0,2262253,9.0,2,1,1,0.0,,0.0,0,2017.0,A01,138Â 206Â 059,3.0,-1.0,-1.0,1726851,2.0,7,,0.0,0.0,0.0,A01,138Â 206Â 059,1.0
1011635,201900053166,2,19,08:18,1,1,1,1.0,7.0,89369,D26,M,"48,2252520","3,1786550",89,2019,80.0,3.0,1.0,3.0,2262254,1.0,1,3,2,0.0,,0.0,0,1985.0,A01,138Â 206Â 059,1.0,-1.0,-1.0,1726851,2.0,7,,0.0,0.0,0.0,A01,138Â 206Â 059,1.0
1011636,201900053167,2,20,01:00,3,1,1,1.0,7.0,49140,RD 145,M,"47,1943650","0,0023210",49,2019,80.0,3.0,1.0,3.0,2262255,1.0,1,2,1,5.0,,0.0,0,1985.0,A01,138Â 206Â 058,0.0,-1.0,-1.0,1726852,2.0,7,,13.0,0.0,1.0,A01,138Â 206Â 058,1.0
1011637,201900053168,2,15,16:05,1,1,1,1.0,7.0,68248,D21 B PK 4+500,M,"47,4965250","7,3948450",68,2019,80.0,8.0,1.0,3.0,2262256,1.0,1,4,1,5.0,,0.0,0,1959.0,A01,138Â 206Â 057,1.0,-1.0,-1.0,1726853,1.0,7,,0.0,0.0,0.0,A01,138Â 206Â 057,1.0
1011638,201900053169,2,19,19:30,2,1,1,9.0,6.0,22194,CD 786 - Saint Efflam,M,"48,6697780"," -3,6115830",22,2019,50.0,3.0,2.0,3.0,2262257,1.0,1,3,1,5.0,,0.0,0,1994.0,A01,138Â 206Â 056,2.0,6.0,-1.0,1726854,2.0,33,,3.0,0.0,8.0,A01,138Â 206Â 056,1.0
1011639,201900053170,2,20,07:30,2,1,6,5.0,7.0,29173,Kergaben,M,"48,0121530"," -4,1972013",29,2019,70.0,8.0,1.0,3.0,2262258,1.0,1,3,1,1.0,,0.0,0,1997.0,A01,138Â 206Â 055,1.0,5.0,-1.0,1726855,1.0,7,,2.0,0.0,1.0,A01,138Â 206Â 055,1.0
1011640,201900053171,2,19,09:10,1,1,1,1.0,3.0,31033,D35,M,"43,3594290","1,4764830",31,2019,80.0,1.0,1.0,3.0,2262259,1.0,1,4,1,9.0,,0.0,0,1996.0,B01,138Â 206Â 053,1.0,-1.0,-1.0,1726856,1.0,7,,2.0,2.0,7.0,B01,138Â 206Â 053,1.0
1011640,201900053171,2,19,09:10,1,1,1,1.0,3.0,31033,D35,M,"43,3594290","1,4764830",31,2019,80.0,1.0,1.0,3.0,2262259,1.0,1,4,1,9.0,,0.0,0,1996.0,B01,138Â 206Â 053,1.0,-1.0,-1.0,1726857,1.0,7,,0.0,2.0,6.0,A01,138Â 206Â 054,1.0
1011640,201900053171,2,19,09:10,1,1,1,1.0,3.0,31033,D35,M,"43,3594290","1,4764830",31,2019,80.0,1.0,1.0,3.0,2262260,1.0,1,1,1,9.0,,0.0,0,1965.0,A01,138Â 206Â 054,1.0,-1.0,-1.0,1726856,1.0,7,,2.0,2.0,7.0,B01,138Â 206Â 053,1.0
1011640,201900053171,2,19,09:10,1,1,1,1.0,3.0,31033,D35,M,"43,3594290","1,4764830",31,2019,80.0,1.0,1.0,3.0,2262260,1.0,1,1,1,9.0,,0.0,0,1965.0,A01,138Â 206Â 054,1.0,-1.0,-1.0,1726857,1.0,7,,0.0,2.0,6.0,A01,138Â 206Â 054,1.0
1011641,201900053172,2,19,11:15,1,2,1,7.0,6.0,15119,30 avenue du gÃ©nÃ©ral de Gaulle,M,"45,2542160","3,1981190",15,2019,50.0,1.0,1.0,2.0,2262261,10.0,3,3,1,9.0,,3.0,3,1938.0,A01,138Â 206Â 052,0.0,-1.0,-1.0,1726858,1.0,7,,0.0,1.0,1.0,A01,138Â 206Â 052,1.0
1011641,201900053172,2,19,11:15,1,2,1,7.0,6.0,15119,30 avenue du gÃ©nÃ©ral de Gaulle,M,"45,2542160","3,1981190",15,2019,50.0,1.0,1.0,2.0,2262262,1.0,1,1,2,9.0,,0.0,0,1954.0,A01,138Â 206Â 052,1.0,-1.0,-1.0,1726858,1.0,7,,0.0,1.0,1.0,A01,138Â 206Â 052,1.0
1011642,201900053173,2,20,06:10,3,1,1,1.0,1.0,72385,D307 - lieu-dit Le Rafeu,M,"47,8113100","0,1691820",72,2019,80.0,1.0,1.0,3.0,2262263,1.0,1,3,1,1.0,,0.0,0,1990.0,B01,138Â 206Â 050,1.0,-1.0,-1.0,1726859,1.0,7,,0.0,2.0,1.0,B01,138Â 206Â 050,1.0
1011642,201900053173,2,20,06:10,3,1,1,1.0,1.0,72385,D307 - lieu-dit Le Rafeu,M,"47,8113100","0,1691820",72,2019,80.0,1.0,1.0,3.0,2262263,1.0,1,3,1,1.0,,0.0,0,1990.0,B01,138Â 206Â 050,1.0,-1.0,-1.0,1726860,2.0,7,,0.0,2.0,1.0,A01,138Â 206Â 051,1.0
1011642,201900053173,2,20,06:10,3,1,1,1.0,1.0,72385,D307 - lieu-dit Le Rafeu,M,"47,8113100","0,1691820",72,2019,80.0,1.0,1.0,3.0,2262264,2.0,2,2,1,1.0,,0.0,0,1984.0,B01,138Â 206Â 050,1.0,-1.0,-1.0,1726859,1.0,7,,0.0,2.0,1.0,B01,138Â 206Â 050,1.0
1011642,201900053173,2,20,06:10,3,1,1,1.0,1.0,72385,D307 - lieu-dit Le Rafeu,M,"47,8113100","0,1691820",72,2019,80.0,1.0,1.0,3.0,2262264,2.0,2,2,1,1.0,,0.0,0,1984.0,B01,138Â 206Â 050,1.0,-1.0,-1.0,1726860,2.0,7,,0.0,2.0,1.0,A01,138Â 206Â 051,1.0
1011642,201900053173,2,20,06:10,3,1,1,1.0,1.0,72385,D307 - lieu-dit Le Rafeu,M,"47,8113100","0,1691820",72,2019,80.0,1.0,1.0,3.0,2262265,2.0,2,4,1,1.0,,0.0,0,1991.0,A01,138Â 206Â 051,1.0,-1.0,-1.0,1726859,1.0,7,,0.0,2.0,1.0,B01,138Â 206Â 050,1.0
1011642,201900053173,2,20,06:10,3,1,1,1.0,1.0,72385,D307 - lieu-dit Le Rafeu,M,"47,8113100","0,1691820",72,2019,80.0,1.0,1.0,3.0,2262265,2.0,2,4,1,1.0,,0.0,0,1991.0,A01,138Â 206Â 051,1.0,-1.0,-1.0,1726860,2.0,7,,0.0,2.0,1.0,A01,138Â 206Â 051,1.0
1011642,201900053173,2,20,06:10,3,1,1,1.0,1.0,72385,D307 - lieu-dit Le Rafeu,M,"47,8113100","0,1691820",72,2019,80.0,1.0,1.0,3.0,2262266,1.0,1,3,1,1.0,,0.0,0,1999.0,A01,138Â 206Â 051,1.0,-1.0,-1.0,1726859,1.0,7,,0.0,2.0,1.0,B01,138Â 206Â 050,1.0
1011642,201900053173,2,20,06:10,3,1,1,1.0,1.0,72385,D307 - lieu-dit Le Rafeu,M,"47,8113100","0,1691820",72,2019,80.0,1.0,1.0,3.0,2262266,1.0,1,3,1,1.0,,0.0,0,1999.0,A01,138Â 206Â 051,1.0,-1.0,-1.0,1726860,2.0,7,,0.0,2.0,1.0,A01,138Â 206Â 051,1.0
1011643,201900053174,2,20,15:45,1,1,1,1.0,1.0,72045,RD357,M,"48,0184220"," -0,0339500",72,2019,-1.0,1.0,1.0,3.0,2262267,1.0,1,1,1,5.0,,0.0,0,1946.0,B01,138Â 206Â 048,1.0,-1.0,-1.0,1726861,2.0,7,,0.0,2.0,3.0,B01,138Â 206Â 048,0.0
1011643,201900053174,2,20,15:45,1,1,1,1.0,1.0,72045,RD357,M,"48,0184220"," -0,0339500",72,2019,-1.0,1.0,1.0,3.0,2262267,1.0,1,1,1,5.0,,0.0,0,1946.0,B01,138Â 206Â 048,1.0,-1.0,-1.0,1726862,1.0,7,,0.0,2.0,3.0,A01,138Â 206Â 049,0.0
1011643,201900053174,2,20,15:45,1,1,1,1.0,1.0,72045,RD357,M,"48,0184220"," -0,0339500",72,2019,-1.0,1.0,1.0,3.0,2262268,1.0,1,4,2,5.0,,0.0,0,1951.0,A01,138Â 206Â 049,1.0,-1.0,-1.0,1726861,2.0,7,,0.0,2.0,3.0,B01,138Â 206Â 048,0.0
1011643,201900053174,2,20,15:45,1,1,1,1.0,1.0,72045,RD357,M,"48,0184220"," -0,0339500",72,2019,-1.0,1.0,1.0,3.0,2262268,1.0,1,4,2,5.0,,0.0,0,1951.0,A01,138Â 206Â 049,1.0,-1.0,-1.0,1726862,1.0,7,,0.0,2.0,3.0,A01,138Â 206Â 049,0.0
1011644,201900053175,2,20,15:50,1,2,1,1.0,6.0,14174,Rue Saint Jacques,M,"48,8499130"," -0,5495750",14,2019,50.0,1.0,1.0,3.0,2262269,1.0,1,1,1,5.0,,0.0,0,1928.0,A01,138Â 206Â 047,1.0,-1.0,-1.0,1726863,1.0,7,,0.0,1.0,2.0,A01,138Â 206Â 047,1.0
1011644,201900053175,2,20,15:50,1,2,1,1.0,6.0,14174,Rue Saint Jacques,M,"48,8499130"," -0,5495750",14,2019,50.0,1.0,1.0,3.0,2262270,10.0,3,3,1,0.0,,5.0,3,1942.0,A01,138Â 206Â 047,0.0,-1.0,-1.0,1726863,1.0,7,,0.0,1.0,2.0,A01,138Â 206Â 047,1.0
1011645,201900053176,1,14,14:30,1,1,3,1.0,1.0,60308,Croisement D26 / D1017,M,"49,4743170","2,6646990",60,2019,70.0,1.0,1.0,3.0,2262271,1.0,1,4,2,0.0,,0.0,0,1956.0,B01,138Â 206Â 045,1.0,-1.0,-1.0,1726864,0.0,7,,0.0,2.0,3.0,B01,138Â 206Â 045,1.0
1011645,201900053176,1,14,14:30,1,1,3,1.0,1.0,60308,Croisement D26 / D1017,M,"49,4743170","2,6646990",60,2019,70.0,1.0,1.0,3.0,2262271,1.0,1,4,2,0.0,,0.0,0,1956.0,B01,138Â 206Â 045,1.0,-1.0,-1.0,1726865,0.0,7,,0.0,2.0,1.0,A01,138Â 206Â 046,1.0
1011645,201900053176,1,14,14:30,1,1,3,1.0,1.0,60308,Croisement D26 / D1017,M,"49,4743170","2,6646990",60,2019,70.0,1.0,1.0,3.0,2262272,1.0,1,1,1,0.0,,0.0,0,1946.0,A01,138Â 206Â 046,1.0,4.0,-1.0,1726864,0.0,7,,0.0,2.0,3.0,B01,138Â 206Â 045,1.0
1011645,201900053176,1,14,14:30,1,1,3,1.0,1.0,60308,Croisement D26 / D1017,M,"49,4743170","2,6646990",60,2019,70.0,1.0,1.0,3.0,2262272,1.0,1,1,1,0.0,,0.0,0,1946.0,A01,138Â 206Â 046,1.0,4.0,-1.0,1726865,0.0,7,,0.0,2.0,1.0,A01,138Â 206Â 046,1.0
1011646,201900053177,2,20,00:05,5,2,1,1.0,6.0,10323,37 rue Aristide Briand,M,"48,5083600","3,7385690",10,2019,50.0,8.0,1.0,3.0,2262273,1.0,1,3,2,5.0,,0.0,0,1991.0,A01,138Â 206Â 043,1.0,-1.0,-1.0,1726866,1.0,7,,6.0,0.0,1.0,A01,138Â 206Â 043,1.0
1011646,201900053177,2,20,00:05,5,2,1,1.0,6.0,10323,37 rue Aristide Briand,M,"48,5083600","3,7385690",10,2019,50.0,8.0,1.0,3.0,2262274,2.0,2,3,2,5.0,,0.0,0,1992.0,A01,138Â 206Â 043,1.0,-1.0,-1.0,1726866,1.0,7,,6.0,0.0,1.0,A01,138Â 206Â 043,1.0
1011647,201900053178,2,18,17:45,1,1,1,1.0,7.0,27034,D1,M,"49,3262980","1,3875800",27,2019,80.0,3.0,1.0,3.0,2262275,1.0,1,3,1,0.0,,0.0,0,1994.0,A01,138Â 206Â 042,2.0,6.0,9.0,1726867,2.0,33,,16.0,0.0,0.0,A01,138Â 206Â 042,1.0
1011648,201900053179,2,20,07:10,2,2,3,1.0,6.0,30305,rue du centenaire pÃ©chiney,M,"44,1691500","4,1597210",30,2019,50.0,1.0,1.0,4.0,2262276,1.0,1,1,1,1.0,,0.0,0,1986.0,A01,138Â 206Â 041,1.0,-1.0,-1.0,1726868,3.0,13,,0.0,1.0,1.0,A01,138Â 206Â 041,0.0
1011648,201900053179,2,20,07:10,2,2,3,1.0,6.0,30305,rue du centenaire pÃ©chiney,M,"44,1691500","4,1597210",30,2019,50.0,1.0,1.0,4.0,2262277,10.0,3,3,2,2.0,,1.0,3,2001.0,A01,138Â 206Â 041,0.0,-1.0,-1.0,1726868,3.0,13,,0.0,1.0,1.0,A01,138Â 206Â 041,0.0
1011649,201900053180,1,31,19:00,3,2,1,2.0,6.0,30255,quai de l'Agau,M,"43,9464740","4,2182610",30,2019,50.0,1.0,2.0,4.0,2262278,10.0,3,3,2,3.0,,1.0,2,1983.0,A01,138Â 206Â 040,0.0,-1.0,-1.0,1726869,3.0,7,,0.0,1.0,2.0,A01,138Â 206Â 040,1.0
1011649,201900053180,1,31,19:00,3,2,1,2.0,6.0,30255,quai de l'Agau,M,"43,9464740","4,2182610",30,2019,50.0,1.0,2.0,4.0,2262279,1.0,1,1,1,2.0,,0.0,0,1981.0,A01,138Â 206Â 040,1.0,-1.0,-1.0,1726869,3.0,7,,0.0,1.0,2.0,A01,138Â 206Â 040,1.0
1011650,201900053181,2,19,18:20,2,2,4,1.0,6.0,88258,rue du faubourg de France /  Place Jules Ferry,M,"48,0705340","5,7820910",88,2019,50.0,1.0,1.0,3.0,2262280,10.0,3,3,2,5.0,,1.0,3,1961.0,A01,138Â 206Â 039,0.0,-1.0,-1.0,1726870,3.0,7,,0.0,1.0,1.0,A01,138Â 206Â 039,6.0
1011650,201900053181,2,19,18:20,2,2,4,1.0,6.0,88258,rue du faubourg de France /  Place Jules Ferry,M,"48,0705340","5,7820910",88,2019,50.0,1.0,1.0,3.0,2262281,1.0,1,1,1,5.0,,0.0,0,1984.0,A01,138Â 206Â 039,1.0,-1.0,-1.0,1726870,3.0,7,,0.0,1.0,1.0,A01,138Â 206Â 039,6.0
1011651,201900053182,2,18,17:45,1,1,3,1.0,1.0,97309,N3,M,"4,8901090"," -52,2875950",973,2019,90.0,1.0,1.0,3.0,2262282,1.0,1,3,1,5.0,,0.0,0,1951.0,B01,138Â 206Â 035,0.0,-1.0,-1.0,1726871,1.0,1,,0.0,2.0,5.0,B01,138Â 206Â 035,5.0
1011651,201900053182,2,18,17:45,1,1,3,1.0,1.0,97309,N3,M,"4,8901090"," -52,2875950",973,2019,90.0,1.0,1.0,3.0,2262282,1.0,1,3,1,5.0,,0.0,0,1951.0,B01,138Â 206Â 035,0.0,-1.0,-1.0,1726872,1.0,7,,0.0,9.0,2.0,A01,138Â 206Â 036,1.0
1011651,201900053182,2,18,17:45,1,1,3,1.0,1.0,97309,N3,M,"4,8901090"," -52,2875950",973,2019,90.0,1.0,1.0,3.0,2262283,1.0,1,1,1,5.0,,0.0,0,1962.0,A01,138Â 206Â 036,1.0,-1.0,-1.0,1726871,1.0,1,,0.0,2.0,5.0,B01,138Â 206Â 035,5.0
1011651,201900053182,2,18,17:45,1,1,3,1.0,1.0,97309,N3,M,"4,8901090"," -52,2875950",973,2019,90.0,1.0,1.0,3.0,2262283,1.0,1,1,1,5.0,,0.0,0,1962.0,A01,138Â 206Â 036,1.0,-1.0,-1.0,1726872,1.0,7,,0.0,9.0,2.0,A01,138Â 206Â 036,1.0
1011652,201900053183,2,19,20:45,3,1,1,1.0,5.0,13086,Autoroute A52,M,"43,3348030","5,6058380",13,2019,90.0,1.0,1.0,1.0,2262284,1.0,1,4,2,1.0,,0.0,0,1979.0,D01,138Â 206Â 031,8.0,-1.0,-1.0,1726873,2.0,7,,14.0,0.0,3.0,D01,138Â 206Â 031,1.0
1011652,201900053183,2,19,20:45,3,1,1,1.0,5.0,13086,Autoroute A52,M,"43,3348030","5,6058380",13,2019,90.0,1.0,1.0,1.0,2262284,1.0,1,4,2,1.0,,0.0,0,1979.0,D01,138Â 206Â 031,8.0,-1.0,-1.0,1726874,2.0,7,,14.0,0.0,1.0,C01,138Â 206Â 032,1.0
1011652,201900053183,2,19,20:45,3,1,1,1.0,5.0,13086,Autoroute A52,M,"43,3348030","5,6058380",13,2019,90.0,1.0,1.0,1.0,2262284,1.0,1,4,2,1.0,,0.0,0,1979.0,D01,138Â 206Â 031,8.0,-1.0,-1.0,1726875,2.0,7,,14.0,0.0,5.0,B01,138Â 206Â 033,1.0
1011652,201900053183,2,19,20:45,3,1,1,1.0,5.0,13086,Autoroute A52,M,"43,3348030","5,6058380",13,2019,90.0,1.0,1.0,1.0,2262284,1.0,1,4,2,1.0,,0.0,0,1979.0,D01,138Â 206Â 031,8.0,-1.0,-1.0,1726876,2.0,7,,3.0,0.0,1.0,A01,138Â 206Â 034,1.0
1011652,201900053183,2,19,20:45,3,1,1,1.0,5.0,13086,Autoroute A52,M,"43,3348030","5,6058380",13,2019,90.0,1.0,1.0,1.0,2262285,1.0,1,1,1,0.0,,0.0,0,1963.0,C01,138Â 206Â 032,8.0,-1.0,-1.0,1726873,2.0,7,,14.0,0.0,3.0,D01,138Â 206Â 031,1.0
1011652,201900053183,2,19,20:45,3,1,1,1.0,5.0,13086,Autoroute A52,M,"43,3348030","5,6058380",13,2019,90.0,1.0,1.0,1.0,2262285,1.0,1,1,1,0.0,,0.0,0,1963.0,C01,138Â 206Â 032,8.0,-1.0,-1.0,1726874,2.0,7,,14.0,0.0,1.0,C01,138Â 206Â 032,1.0