Unnamed: 0_x,num_acc,mois,jour,hrmn,lum,agg,int,atm,col,com,adr,gps,lat,long,dep,annee,vma,situ,surf,catr,Unnamed: 0_y,place,catu,grav,sexe,trajet,secu,locp,actp,an_nais,num_veh_x,id_vehicule_x,secu1,secu2,secu3,Unnamed: 0,senc,catv,occutc,obs,obsm,choc,num_veh_y,id_vehicule_y,motor
1011652,201900053183,2,19,20:45,3,1,1,1.0,5.0,13086,Autoroute A52,M,"43,3348030","5,6058380",13,2019,90.0,1.0,1.0,1.0,2262285,1.0,1,1,1,0.0,,0.0,0,1963.0,C01,138Â 206Â 032,8.0,-1.0,-1.0,1726875,2.0,7,,14.0,0.0,5.0,B01,138Â 206Â 033,1.0
1011652,201900053183,2,19,20:45,3,1,1,1.0,5.0,13086,Autoroute A52,M,"43,3348030","5,6058380",13,2019,90.0,1.0,1.0,1.0,2262285,1.0,1,1,1,0.0,,0.0,0,1963.0,C01,138Â 206Â 032,8.0,-1.0,-1.0,1726876,2.0,7,,3.0,0.0,1.0,A01,138Â 206Â 034,1.0
1011652,201900053183,2,19,20:45,3,1,1,1.0,5.0,13086,Autoroute A52,M,"43,3348030","5,6058380",13,2019,90.0,1.0,1.0,1.0,2262286,1.0,1,1,1,5.0,,0.0,0,1940.0,B01,138Â 206Â 033,8.0,-1.0,-1.0,1726873,2.0,7,,14.0,0.0,3.0,D01,138Â 206Â 031,1.0
1011652,201900053183,2,19,20:45,3,1,1,1.0,5.0,13086,Autoroute A52,M,"43,3348030","5,6058380",13,2019,90.0,1.0,1.0,1.0,2262286,1.0,1,1,1,5.0,,0.0,0,1940.0,B01,138Â 206Â 033,8.0,-1.0,-1.0,1726874,2.0,7,,14.0,0.0,1.0,C01,138Â 206Â 032,1.0
1011652,201900053183,2,19,20:45,3,1,1,1.0,5.0,13086,Autoroute A52,M,"43,3348030","5,6058380",13,2019,90.0,1.0,1.0,1.0,2262286,1.0,1,1,1,5.0,,0.0,0,1940.0,B01,138Â 206Â 033,8.0,-1.0,-1.0,1726875,2.0,7,,14.0,0.0,5.0,B01,138Â 206Â 033,1.0
1011652,201900053183,2,19,20:45,3,1,1,1.0,5.0,13086,Autoroute A52,M,"43,3348030","5,6058380",13,2019,90.0,1.0,1.0,1.0,2262286,1.0,1,1,1,5.0,,0.0,0,1940.0,B01,138Â 206Â 033,8.0,-1.0,-1.0,1726876,2.0,7,,3.0,0.0,1.0,A01,138Â 206Â 034,1.0
1011652,201900053183,2,19,20:45,3,1,1,1.0,5.0,13086,Autoroute A52,M,"43,3348030","5,6058380",13,2019,90.0,1.0,1.0,1.0,2262287,1.0,1,4,1,4.0,,0.0,0,1969.0,A01,138Â 206Â 034,8.0,-1.0,-1.0,1726873,2.0,7,,14.0,0.0,3.0,D01,138Â 206Â 031,1.0
1011652,201900053183,2,19,20:45,3,1,1,1.0,5.0,13086,Autoroute A52,M,"43,3348030","5,6058380",13,2019,90.0,1.0,1.0,1.0,2262287,1.0,1,4,1,4.0,,0.0,0,1969.0,A01,138Â 206Â 034,8.0,-1.0,-1.0,1726874,2.0,7,,14.0,0.0,1.0,C01,138Â 206Â 032,1.0
1011652,201900053183,2,19,20:45,3,1,1,1.0,5.0,13086,Autoroute A52,M,"43,3348030","5,6058380",13,2019,90.0,1.0,1.0,1.0,2262287,1.0,1,4,1,4.0,,0.0,0,1969.0,A01,138Â 206Â 034,8.0,-1.0,-1.0,1726875,2.0,7,,14.0,0.0,5.0,B01,138Â 206Â 033,1.0
1011652,201900053183,2,19,20:45,3,1,1,1.0,5.0,13086,Autoroute A52,M,"43,3348030","5,6058380",13,2019,90.0,1.0,1.0,1.0,2262287,1.0,1,4,1,4.0,,0.0,0,1969.0,A01,138Â 206Â 034,8.0,-1.0,-1.0,1726876,2.0,7,,3.0,0.0,1.0,A01,138Â 206Â 034,1.0
1011653,201900053184,2,20,16:15,1,1,1,1.0,2.0,84007,A7 PK198+000,M,"43,8968210","4,9159110",84,2019,130.0,1.0,1.0,1.0,2262288,1.0,1,1,1,4.0,,0.0,0,1975.0,B01,138Â 206Â 029,1.0,-1.0,-1.0,1726877,1.0,15,,0.0,0.0,5.0,B01,138Â 206Â 029,1.0
1011653,201900053184,2,20,16:15,1,1,1,1.0,2.0,84007,A7 PK198+000,M,"43,8968210","4,9159110",84,2019,130.0,1.0,1.0,1.0,2262288,1.0,1,1,1,4.0,,0.0,0,1975.0,B01,138Â 206Â 029,1.0,-1.0,-1.0,1726878,1.0,7,,0.0,2.0,1.0,A01,138Â 206Â 030,1.0
1011653,201900053184,2,20,16:15,1,1,1,1.0,2.0,84007,A7 PK198+000,M,"43,8968210","4,9159110",84,2019,130.0,1.0,1.0,1.0,2262289,2.0,2,2,2,0.0,,0.0,0,1979.0,A01,138Â 206Â 030,1.0,-1.0,-1.0,1726877,1.0,15,,0.0,0.0,5.0,B01,138Â 206Â 029,1.0
1011653,201900053184,2,20,16:15,1,1,1,1.0,2.0,84007,A7 PK198+000,M,"43,8968210","4,9159110",84,2019,130.0,1.0,1.0,1.0,2262289,2.0,2,2,2,0.0,,0.0,0,1979.0,A01,138Â 206Â 030,1.0,-1.0,-1.0,1726878,1.0,7,,0.0,2.0,1.0,A01,138Â 206Â 030,1.0
1011653,201900053184,2,20,16:15,1,1,1,1.0,2.0,84007,A7 PK198+000,M,"43,8968210","4,9159110",84,2019,130.0,1.0,1.0,1.0,2262290,1.0,1,2,1,5.0,,0.0,0,1972.0,A01,138Â 206Â 030,1.0,-1.0,-1.0,1726877,1.0,15,,0.0,0.0,5.0,B01,138Â 206Â 029,1.0
1011653,201900053184,2,20,16:15,1,1,1,1.0,2.0,84007,A7 PK198+000,M,"43,8968210","4,9159110",84,2019,130.0,1.0,1.0,1.0,2262290,1.0,1,2,1,5.0,,0.0,0,1972.0,A01,138Â 206Â 030,1.0,-1.0,-1.0,1726878,1.0,7,,0.0,2.0,1.0,A01,138Â 206Â 030,1.0
1011653,201900053184,2,20,16:15,1,1,1,1.0,2.0,84007,A7 PK198+000,M,"43,8968210","4,9159110",84,2019,130.0,1.0,1.0,1.0,2262291,4.0,2,4,2,0.0,,0.0,0,2018.0,A01,138Â 206Â 030,3.0,-1.0,-1.0,1726877,1.0,15,,0.0,0.0,5.0,B01,138Â 206Â 029,1.0
1011653,201900053184,2,20,16:15,1,1,1,1.0,2.0,84007,A7 PK198+000,M,"43,8968210","4,9159110",84,2019,130.0,1.0,1.0,1.0,2262291,4.0,2,4,2,0.0,,0.0,0,2018.0,A01,138Â 206Â 030,3.0,-1.0,-1.0,1726878,1.0,7,,0.0,2.0,1.0,A01,138Â 206Â 030,1.0
1011654,201900053185,2,20,15:20,1,1,1,1.0,6.0,97128,130 route de Douville,M,"16,2635140"," -61,3759350",971,2019,70.0,3.0,1.0,3.0,2262292,1.0,1,1,1,0.0,,0.0,0,1985.0,A01,138Â 206Â 028,8.0,-1.0,-1.0,1726879,0.0,7,,8.0,1.0,2.0,A01,138Â 206Â 028,0.0
1011654,201900053185,2,20,15:20,1,1,1,1.0,6.0,97128,130 route de Douville,M,"16,2635140"," -61,3759350",971,2019,70.0,3.0,1.0,3.0,2262293,10.0,3,3,1,5.0,,6.0,9,1953.0,A01,138Â 206Â 028,8.0,-1.0,-1.0,1726879,0.0,7,,8.0,1.0,2.0,A01,138Â 206Â 028,0.0
1011655,201900053186,2,19,20:30,3,2,1,1.0,6.0,97115,route de vincent,M,"16,2698440"," -61,6532870",971,2019,50.0,3.0,1.0,3.0,2262294,1.0,1,3,1,5.0,,0.0,0,1990.0,A01,138Â 206Â 027,2.0,-1.0,-1.0,1726880,2.0,2,,6.0,0.0,1.0,A01,138Â 206Â 027,1.0
1011656,201900053187,2,14,19:39,3,1,4,1.0,1.0,83104,D23,M,"43,6399010","5,8052960",83,2019,80.0,1.0,1.0,3.0,2262295,1.0,1,3,2,5.0,,0.0,0,1954.0,B01,138Â 206Â 025,1.0,5.0,-1.0,1726881,2.0,7,,0.0,2.0,2.0,B01,138Â 206Â 025,1.0
1011656,201900053187,2,14,19:39,3,1,4,1.0,1.0,83104,D23,M,"43,6399010","5,8052960",83,2019,80.0,1.0,1.0,3.0,2262295,1.0,1,3,2,5.0,,0.0,0,1954.0,B01,138Â 206Â 025,1.0,5.0,-1.0,1726882,1.0,7,,0.0,2.0,3.0,A01,138Â 206Â 026,1.0
1011656,201900053187,2,14,19:39,3,1,4,1.0,1.0,83104,D23,M,"43,6399010","5,8052960",83,2019,80.0,1.0,1.0,3.0,2262296,9.0,2,4,1,5.0,,0.0,0,1954.0,B01,138Â 206Â 025,1.0,-1.0,-1.0,1726881,2.0,7,,0.0,2.0,2.0,B01,138Â 206Â 025,1.0
1011656,201900053187,2,14,19:39,3,1,4,1.0,1.0,83104,D23,M,"43,6399010","5,8052960",83,2019,80.0,1.0,1.0,3.0,2262296,9.0,2,4,1,5.0,,0.0,0,1954.0,B01,138Â 206Â 025,1.0,-1.0,-1.0,1726882,1.0,7,,0.0,2.0,3.0,A01,138Â 206Â 026,1.0
1011656,201900053187,2,14,19:39,3,1,4,1.0,1.0,83104,D23,M,"43,6399010","5,8052960",83,2019,80.0,1.0,1.0,3.0,2262297,2.0,2,3,2,5.0,,0.0,0,1929.0,B01,138Â 206Â 025,1.0,5.0,-1.0,1726881,2.0,7,,0.0,2.0,2.0,B01,138Â 206Â 025,1.0
1011656,201900053187,2,14,19:39,3,1,4,1.0,1.0,83104,D23,M,"43,6399010","5,8052960",83,2019,80.0,1.0,1.0,3.0,2262297,2.0,2,3,2,5.0,,0.0,0,1929.0,B01,138Â 206Â 025,1.0,5.0,-1.0,1726882,1.0,7,,0.0,2.0,3.0,A01,138Â 206Â 026,1.0
1011656,201900053187,2,14,19:39,3,1,4,1.0,1.0,83104,D23,M,"43,6399010","5,8052960",83,2019,80.0,1.0,1.0,3.0,2262298,1.0,1,4,1,5.0,,0.0,0,2000.0,A01,138Â 206Â 026,1.0,5.0,-1.0,1726881,2.0,7,,0.0,2.0,2.0,B01,138Â 206Â 025,1.0
1011656,201900053187,2,14,19:39,3,1,4,1.0,1.0,83104,D23,M,"43,6399010","5,8052960",83,2019,80.0,1.0,1.0,3.0,2262298,1.0,1,4,1,5.0,,0.0,0,2000.0,A01,138Â 206Â 026,1.0,5.0,-1.0,1726882,1.0,7,,0.0,2.0,3.0,A01,138Â 206Â 026,1.0
1011656,201900053187,2,14,19:39,3,1,4,1.0,1.0,83104,D23,M,"43,6399010","5,8052960",83,2019,80.0,1.0,1.0,3.0,2262299,2.0,2,4,2,5.0,,0.0,0,2000.0,A01,138Â 206Â 026,1.0,5.0,-1.0,1726881,2.0,7,,0.0,2.0,2.0,B01,138Â 206Â 025,1.0
1011656,201900053187,2,14,19:39,3,1,4,1.0,1.0,83104,D23,M,"43,6399010","5,8052960",83,2019,80.0,1.0,1.0,3.0,2262299,2.0,2,4,2,5.0,,0.0,0,2000.0,A01,138Â 206Â 026,1.0,5.0,-1.0,1726882,1.0,7,,0.0,2.0,3.0,A01,138Â 206Â 026,1.0
1011657,201900053188,2,20,12:31,1,1,3,1.0,2.0,04242,RD 4096 / Ch de la Tuilisse ,M,"43,8959738","5,8774567",4,2019,80.0,1.0,1.0,3.0,2262300,1.0,1,1,2,4.0,,0.0,0,1977.0,B01,138Â 206Â 023,1.0,-1.0,-1.0,1726883,1.0,7,,0.0,2.0,4.0,B01,138Â 206Â 023,1.0
1011657,201900053188,2,20,12:31,1,1,3,1.0,2.0,04242,RD 4096 / Ch de la Tuilisse ,M,"43,8959738","5,8774567",4,2019,80.0,1.0,1.0,3.0,2262300,1.0,1,1,2,4.0,,0.0,0,1977.0,B01,138Â 206Â 023,1.0,-1.0,-1.0,1726884,1.0,7,,0.0,2.0,1.0,A01,138Â 206Â 024,1.0
1011657,201900053188,2,20,12:31,1,1,3,1.0,2.0,04242,RD 4096 / Ch de la Tuilisse ,M,"43,8959738","5,8774567",4,2019,80.0,1.0,1.0,3.0,2262301,7.0,2,1,2,4.0,,0.0,0,1954.0,B01,138Â 206Â 023,1.0,-1.0,-1.0,1726883,1.0,7,,0.0,2.0,4.0,B01,138Â 206Â 023,1.0
1011657,201900053188,2,20,12:31,1,1,3,1.0,2.0,04242,RD 4096 / Ch de la Tuilisse ,M,"43,8959738","5,8774567",4,2019,80.0,1.0,1.0,3.0,2262301,7.0,2,1,2,4.0,,0.0,0,1954.0,B01,138Â 206Â 023,1.0,-1.0,-1.0,1726884,1.0,7,,0.0,2.0,1.0,A01,138Â 206Â 024,1.0
1011657,201900053188,2,20,12:31,1,1,3,1.0,2.0,04242,RD 4096 / Ch de la Tuilisse ,M,"43,8959738","5,8774567",4,2019,80.0,1.0,1.0,3.0,2262302,2.0,2,1,2,4.0,,0.0,0,1961.0,B01,138Â 206Â 023,1.0,-1.0,-1.0,1726883,1.0,7,,0.0,2.0,4.0,B01,138Â 206Â 023,1.0
1011657,201900053188,2,20,12:31,1,1,3,1.0,2.0,04242,RD 4096 / Ch de la Tuilisse ,M,"43,8959738","5,8774567",4,2019,80.0,1.0,1.0,3.0,2262302,2.0,2,1,2,4.0,,0.0,0,1961.0,B01,138Â 206Â 023,1.0,-1.0,-1.0,1726884,1.0,7,,0.0,2.0,1.0,A01,138Â 206Â 024,1.0
1011657,201900053188,2,20,12:31,1,1,3,1.0,2.0,04242,RD 4096 / Ch de la Tuilisse ,M,"43,8959738","5,8774567",4,2019,80.0,1.0,1.0,3.0,2262303,1.0,1,3,2,5.0,,0.0,0,1953.0,A01,138Â 206Â 024,1.0,-1.0,-1.0,1726883,1.0,7,,0.0,2.0,4.0,B01,138Â 206Â 023,1.0
1011657,201900053188,2,20,12:31,1,1,3,1.0,2.0,04242,RD 4096 / Ch de la Tuilisse ,M,"43,8959738","5,8774567",4,2019,80.0,1.0,1.0,3.0,2262303,1.0,1,3,2,5.0,,0.0,0,1953.0,A01,138Â 206Â 024,1.0,-1.0,-1.0,1726884,1.0,7,,0.0,2.0,1.0,A01,138Â 206Â 024,1.0
1011658,201900053189,2,19,18:17,3,2,1,1.0,6.0,68163,4 rue de Habsheim,M,"47,6908420","7,5026340",68,2019,50.0,1.0,1.0,3.0,2262304,1.0,1,1,1,1.0,,0.0,0,1954.0,A01,138Â 206Â 022,1.0,-1.0,-1.0,1726885,1.0,7,,0.0,1.0,1.0,A01,138Â 206Â 022,6.0
1011658,201900053189,2,19,18:17,3,2,1,1.0,6.0,68163,4 rue de Habsheim,M,"47,6908420","7,5026340",68,2019,50.0,1.0,1.0,3.0,2262305,10.0,3,3,2,0.0,,3.0,3,1999.0,A01,138Â 206Â 022,0.0,-1.0,-1.0,1726885,1.0,7,,0.0,1.0,1.0,A01,138Â 206Â 022,6.0
1011659,201900053190,2,20,17:08,1,2,2,1.0,3.0,74220,carrefour route de findrol et route de l'Eculaz,M,"46,1317660","6,2975060",74,2019,50.0,1.0,1.0,3.0,2262306,1.0,1,1,2,0.0,,0.0,0,1980.0,A01,138Â 206Â 020,1.0,-1.0,-1.0,1726886,0.0,7,,0.0,2.0,1.0,A01,138Â 206Â 020,1.0
1011659,201900053190,2,20,17:08,1,2,2,1.0,3.0,74220,carrefour route de findrol et route de l'Eculaz,M,"46,1317660","6,2975060",74,2019,50.0,1.0,1.0,3.0,2262306,1.0,1,1,2,0.0,,0.0,0,1980.0,A01,138Â 206Â 020,1.0,-1.0,-1.0,1726887,1.0,33,,15.0,2.0,8.0,B01,138Â 206Â 021,1.0
1011659,201900053190,2,20,17:08,1,2,2,1.0,3.0,74220,carrefour route de findrol et route de l'Eculaz,M,"46,1317660","6,2975060",74,2019,50.0,1.0,1.0,3.0,2262307,1.0,1,3,1,0.0,,0.0,0,1966.0,B01,138Â 206Â 021,2.0,6.0,9.0,1726886,0.0,7,,0.0,2.0,1.0,A01,138Â 206Â 020,1.0
1011659,201900053190,2,20,17:08,1,2,2,1.0,3.0,74220,carrefour route de findrol et route de l'Eculaz,M,"46,1317660","6,2975060",74,2019,50.0,1.0,1.0,3.0,2262307,1.0,1,3,1,0.0,,0.0,0,1966.0,B01,138Â 206Â 021,2.0,6.0,9.0,1726887,1.0,33,,15.0,2.0,8.0,B01,138Â 206Â 021,1.0
1011660,201900053191,2,20,17:20,1,1,1,7.0,1.0,81076,RN126,M,"43,5657960","1,9053920",81,2019,80.0,1.0,1.0,2.0,2262308,1.0,1,4,1,4.0,,0.0,0,1978.0,B01,138Â 206Â 018,1.0,-1.0,-1.0,1726888,1.0,15,,0.0,2.0,2.0,B01,138Â 206Â 018,1.0
1011660,201900053191,2,20,17:20,1,1,1,7.0,1.0,81076,RN126,M,"43,5657960","1,9053920",81,2019,80.0,1.0,1.0,2.0,2262308,1.0,1,4,1,4.0,,0.0,0,1978.0,B01,138Â 206Â 018,1.0,-1.0,-1.0,1726889,2.0,7,,0.0,2.0,1.0,A01,138Â 206Â 019,1.0
1011660,201900053191,2,20,17:20,1,1,1,7.0,1.0,81076,RN126,M,"43,5657960","1,9053920",81,2019,80.0,1.0,1.0,2.0,2262309,1.0,1,4,2,5.0,,0.0,0,1948.0,A01,138Â 206Â 019,1.0,-1.0,-1.0,1726888,1.0,15,,0.0,2.0,2.0,B01,138Â 206Â 018,1.0
1011660,201900053191,2,20,17:20,1,1,1,7.0,1.0,81076,RN126,M,"43,5657960","1,9053920",81,2019,80.0,1.0,1.0,2.0,2262309,1.0,1,4,2,5.0,,0.0,0,1948.0,A01,138Â 206Â 019,1.0,-1.0,-1.0,1726889,2.0,7,,0.0,2.0,1.0,A01,138Â 206Â 019,1.0
1011660,201900053191,2,20,17:20,1,1,1,7.0,1.0,81076,RN126,M,"43,5657960","1,9053920",81,2019,80.0,1.0,1.0,2.0,2262310,2.0,2,3,1,5.0,,0.0,0,1940.0,A01,138Â 206Â 019,1.0,-1.0,-1.0,1726888,1.0,15,,0.0,2.0,2.0,B01,138Â 206Â 018,1.0
1011660,201900053191,2,20,17:20,1,1,1,7.0,1.0,81076,RN126,M,"43,5657960","1,9053920",81,2019,80.0,1.0,1.0,2.0,2262310,2.0,2,3,1,5.0,,0.0,0,1940.0,A01,138Â 206Â 019,1.0,-1.0,-1.0,1726889,2.0,7,,0.0,2.0,1.0,A01,138Â 206Â 019,1.0
1011661,201900053192,2,20,09:35,1,1,1,5.0,6.0,80342,Autoroute A29 sens AMIENS vers ST QUENTIN pk 224+600,M,"49,8535590","2,7142520",80,2019,130.0,3.0,1.0,1.0,2262311,1.0,1,3,2,0.0,,0.0,0,1957.0,A01,138Â 206Â 017,1.0,-1.0,-1.0,1726890,1.0,7,,13.0,0.0,1.0,A01,138Â 206Â 017,1.0
1011662,201900053193,2,19,15:15,1,1,3,1.0,3.0,59568,DÃ©partementale 106,M,"50,7041160","2,4412680",59,2019,80.0,1.0,1.0,3.0,2262312,1.0,1,1,2,0.0,,0.0,0,1933.0,A01,138Â 206Â 015,1.0,-1.0,-1.0,1726891,1.0,7,,0.0,2.0,7.0,A01,138Â 206Â 015,0.0
1011662,201900053193,2,19,15:15,1,1,3,1.0,3.0,59568,DÃ©partementale 106,M,"50,7041160","2,4412680",59,2019,80.0,1.0,1.0,3.0,2262312,1.0,1,1,2,0.0,,0.0,0,1933.0,A01,138Â 206Â 015,1.0,-1.0,-1.0,1726892,1.0,33,,0.0,2.0,1.0,B01,138Â 206Â 016,6.0
1011662,201900053193,2,19,15:15,1,1,3,1.0,3.0,59568,DÃ©partementale 106,M,"50,7041160","2,4412680",59,2019,80.0,1.0,1.0,3.0,2262313,1.0,1,3,1,9.0,,0.0,0,1959.0,B01,138Â 206Â 016,8.0,-1.0,-1.0,1726891,1.0,7,,0.0,2.0,7.0,A01,138Â 206Â 015,0.0
1011662,201900053193,2,19,15:15,1,1,3,1.0,3.0,59568,DÃ©partementale 106,M,"50,7041160","2,4412680",59,2019,80.0,1.0,1.0,3.0,2262313,1.0,1,3,1,9.0,,0.0,0,1959.0,B01,138Â 206Â 016,8.0,-1.0,-1.0,1726892,1.0,33,,0.0,2.0,1.0,B01,138Â 206Â 016,6.0
1011663,201900053194,2,18,21:10,4,1,9,1.0,6.0,13056,A55-Sens Marseille vers Martigues,M,"43,3987700","5,0850900",13,2019,110.0,1.0,1.0,1.0,2262314,1.0,1,4,1,1.0,,-1.0,0,1994.0,A01,138Â 206Â 014,1.0,4.0,-1.0,1726893,1.0,7,,3.0,0.0,1.0,A01,138Â 206Â 014,1.0
1011664,201900053195,2,17,18:30,2,1,1,1.0,2.0,59343,AUTOROUTE A22,M,"50,6004900","3,1169900",59,2019,90.0,1.0,1.0,1.0,2262315,1.0,1,1,2,5.0,,-1.0, -1,1999.0,B01,138Â 206Â 012,1.0,0.0,-1.0,1726894,2.0,7,,0.0,2.0,4.0,B01,138Â 206Â 012,1.0
1011664,201900053195,2,17,18:30,2,1,1,1.0,2.0,59343,AUTOROUTE A22,M,"50,6004900","3,1169900",59,2019,90.0,1.0,1.0,1.0,2262315,1.0,1,1,2,5.0,,-1.0, -1,1999.0,B01,138Â 206Â 012,1.0,0.0,-1.0,1726895,2.0,33,,0.0,2.0,1.0,A01,138Â 206Â 013,1.0
1011664,201900053195,2,17,18:30,2,1,1,1.0,2.0,59343,AUTOROUTE A22,M,"50,6004900","3,1169900",59,2019,90.0,1.0,1.0,1.0,2262316,1.0,1,4,1,0.0,,-1.0, -1,1997.0,A01,138Â 206Â 013,2.0,0.0,-1.0,1726894,2.0,7,,0.0,2.0,4.0,B01,138Â 206Â 012,1.0
1011664,201900053195,2,17,18:30,2,1,1,1.0,2.0,59343,AUTOROUTE A22,M,"50,6004900","3,1169900",59,2019,90.0,1.0,1.0,1.0,2262316,1.0,1,4,1,0.0,,-1.0, -1,1997.0,A01,138Â 206Â 013,2.0,0.0,-1.0,1726895,2.0,33,,0.0,2.0,1.0,A01,138Â 206Â 013,1.0
1011665,201900053196,2,19,08:45,1,1,1,1.0,5.0,92063,A86,M,"48,8714566","2,1572573",92,2019,70.0,1.0,1.0,1.0,2262317,1.0,1,4,1,1.0,,-1.0,0,1973.0,C01,138Â 206Â 009,2.0,8.0,-1.0,1726896,1.0,33,,0.0,2.0,1.0,C01,138Â 206Â 009,6.0
1011665,201900053196,2,19,08:45,1,1,1,1.0,5.0,92063,A86,M,"48,8714566","2,1572573",92,2019,70.0,1.0,1.0,1.0,2262317,1.0,1,4,1,1.0,,-1.0,0,1973.0,C01,138Â 206Â 009,2.0,8.0,-1.0,1726897,1.0,7,,0.0,2.0,4.0,B01,138Â 206Â 010,6.0
1011665,201900053196,2,19,08:45,1,1,1,1.0,5.0,92063,A86,M,"48,8714566","2,1572573",92,2019,70.0,1.0,1.0,1.0,2262317,1.0,1,4,1,1.0,,-1.0,0,1973.0,C01,138Â 206Â 009,2.0,8.0,-1.0,1726898,1.0,7,,0.0,2.0,1.0,A01,138Â 206Â 011,6.0
1011665,201900053196,2,19,08:45,1,1,1,1.0,5.0,92063,A86,M,"48,8714566","2,1572573",92,2019,70.0,1.0,1.0,1.0,2262318,1.0,1,1,2,0.0,,-1.0,0,1980.0,B01,138Â 206Â 010,1.0,0.0,-1.0,1726896,1.0,33,,0.0,2.0,1.0,C01,138Â 206Â 009,6.0
1011665,201900053196,2,19,08:45,1,1,1,1.0,5.0,92063,A86,M,"48,8714566","2,1572573",92,2019,70.0,1.0,1.0,1.0,2262318,1.0,1,1,2,0.0,,-1.0,0,1980.0,B01,138Â 206Â 010,1.0,0.0,-1.0,1726897,1.0,7,,0.0,2.0,4.0,B01,138Â 206Â 010,6.0
1011665,201900053196,2,19,08:45,1,1,1,1.0,5.0,92063,A86,M,"48,8714566","2,1572573",92,2019,70.0,1.0,1.0,1.0,2262318,1.0,1,1,2,0.0,,-1.0,0,1980.0,B01,138Â 206Â 010,1.0,0.0,-1.0,1726898,1.0,7,,0.0,2.0,1.0,A01,138Â 206Â 011,6.0
1011665,201900053196,2,19,08:45,1,1,1,1.0,5.0,92063,A86,M,"48,8714566","2,1572573",92,2019,70.0,1.0,1.0,1.0,2262319,1.0,1,1,1,1.0,,-1.0,0,1989.0,A01,138Â 206Â 011,1.0,8.0,-1.0,1726896,1.0,33,,0.0,2.0,1.0,C01,138Â 206Â 009,6.0
1011665,201900053196,2,19,08:45,1,1,1,1.0,5.0,92063,A86,M,"48,8714566","2,1572573",92,2019,70.0,1.0,1.0,1.0,2262319,1.0,1,1,1,1.0,,-1.0,0,1989.0,A01,138Â 206Â 011,1.0,8.0,-1.0,1726897,1.0,7,,0.0,2.0,4.0,B01,138Â 206Â 010,6.0
1011665,201900053196,2,19,08:45,1,1,1,1.0,5.0,92063,A86,M,"48,8714566","2,1572573",92,2019,70.0,1.0,1.0,1.0,2262319,1.0,1,1,1,1.0,,-1.0,0,1989.0,A01,138Â 206Â 011,1.0,8.0,-1.0,1726898,1.0,7,,0.0,2.0,1.0,A01,138Â 206Â 011,6.0
1011665,201900053196,2,19,08:45,1,1,1,1.0,5.0,92063,A86,M,"48,8714566","2,1572573",92,2019,70.0,1.0,1.0,1.0,2262320,3.0,2,4,1,1.0,,-1.0,0,1958.0,A01,138Â 206Â 011,1.0,8.0,-1.0,1726896,1.0,33,,0.0,2.0,1.0,C01,138Â 206Â 009,6.0
1011665,201900053196,2,19,08:45,1,1,1,1.0,5.0,92063,A86,M,"48,8714566","2,1572573",92,2019,70.0,1.0,1.0,1.0,2262320,3.0,2,4,1,1.0,,-1.0,0,1958.0,A01,138Â 206Â 011,1.0,8.0,-1.0,1726897,1.0,7,,0.0,2.0,4.0,B01,138Â 206Â 010,6.0
1011665,201900053196,2,19,08:45,1,1,1,1.0,5.0,92063,A86,M,"48,8714566","2,1572573",92,2019,70.0,1.0,1.0,1.0,2262320,3.0,2,4,1,1.0,,-1.0,0,1958.0,A01,138Â 206Â 011,1.0,8.0,-1.0,1726898,1.0,7,,0.0,2.0,1.0,A01,138Â 206Â 011,6.0
1011666,201900053197,2,18,20:05,5,1,1,1.0,4.0,92025,A86,M,"48,9320904","2,2474485",92,2019,90.0,1.0,1.0,1.0,2262321,1.0,1,4,1,1.0,,0.0,0,1978.0,A01,138Â 206Â 006,1.0,-1.0,-1.0,1726899,1.0,10,,0.0,2.0,3.0,A01,138Â 206Â 006,1.0
1011666,201900053197,2,18,20:05,5,1,1,1.0,4.0,92025,A86,M,"48,9320904","2,2474485",92,2019,90.0,1.0,1.0,1.0,2262321,1.0,1,4,1,1.0,,0.0,0,1978.0,A01,138Â 206Â 006,1.0,-1.0,-1.0,1726900,1.0,7,,0.0,2.0,5.0,B01,138Â 206Â 007,1.0
1011666,201900053197,2,18,20:05,5,1,1,1.0,4.0,92025,A86,M,"48,9320904","2,2474485",92,2019,90.0,1.0,1.0,1.0,2262321,1.0,1,4,1,1.0,,0.0,0,1978.0,A01,138Â 206Â 006,1.0,-1.0,-1.0,1726901,1.0,10,,0.0,0.0,6.0,C01,138Â 206Â 008,1.0
1011666,201900053197,2,18,20:05,5,1,1,1.0,4.0,92025,A86,M,"48,9320904","2,2474485",92,2019,90.0,1.0,1.0,1.0,2262322,2.0,2,1,2,1.0,,-1.0,0,1980.0,B01,138Â 206Â 007,1.0,0.0,-1.0,1726899,1.0,10,,0.0,2.0,3.0,A01,138Â 206Â 006,1.0
1011666,201900053197,2,18,20:05,5,1,1,1.0,4.0,92025,A86,M,"48,9320904","2,2474485",92,2019,90.0,1.0,1.0,1.0,2262322,2.0,2,1,2,1.0,,-1.0,0,1980.0,B01,138Â 206Â 007,1.0,0.0,-1.0,1726900,1.0,7,,0.0,2.0,5.0,B01,138Â 206Â 007,1.0