Unnamed: 0_x,num_acc,mois,jour,hrmn,lum,agg,int,atm,col,com,adr,gps,lat,long,dep,annee,vma,situ,surf,catr,Unnamed: 0_y,place,catu,grav,sexe,trajet,secu,locp,actp,an_nais,num_veh_x,id_vehicule_x,secu1,secu2,secu3,Unnamed: 0,senc,catv,occutc,obs,obsm,choc,num_veh_y,id_vehicule_y,motor
1011666,201900053197,2,18,20:05,5,1,1,1.0,4.0,92025,A86,M,"48,9320904","2,2474485",92,2019,90.0,1.0,1.0,1.0,2262322,2.0,2,1,2,1.0,,-1.0,0,1980.0,B01,138Â 206Â 007,1.0,0.0,-1.0,1726901,1.0,10,,0.0,0.0,6.0,C01,138Â 206Â 008,1.0
1011666,201900053197,2,18,20:05,5,1,1,1.0,4.0,92025,A86,M,"48,9320904","2,2474485",92,2019,90.0,1.0,1.0,1.0,2262323,1.0,1,4,1,1.0,,-1.0,0,1979.0,B01,138Â 206Â 007,1.0,0.0,-1.0,1726899,1.0,10,,0.0,2.0,3.0,A01,138Â 206Â 006,1.0
1011666,201900053197,2,18,20:05,5,1,1,1.0,4.0,92025,A86,M,"48,9320904","2,2474485",92,2019,90.0,1.0,1.0,1.0,2262323,1.0,1,4,1,1.0,,-1.0,0,1979.0,B01,138Â 206Â 007,1.0,0.0,-1.0,1726900,1.0,7,,0.0,2.0,5.0,B01,138Â 206Â 007,1.0
1011666,201900053197,2,18,20:05,5,1,1,1.0,4.0,92025,A86,M,"48,9320904","2,2474485",92,2019,90.0,1.0,1.0,1.0,2262323,1.0,1,4,1,1.0,,-1.0,0,1979.0,B01,138Â 206Â 007,1.0,0.0,-1.0,1726901,1.0,10,,0.0,0.0,6.0,C01,138Â 206Â 008,1.0
1011666,201900053197,2,18,20:05,5,1,1,1.0,4.0,92025,A86,M,"48,9320904","2,2474485",92,2019,90.0,1.0,1.0,1.0,2262324,1.0,1,1,1,1.0,,-1.0,0,1961.0,C01,138Â 206Â 008,1.0,0.0,-1.0,1726899,1.0,10,,0.0,2.0,3.0,A01,138Â 206Â 006,1.0
1011666,201900053197,2,18,20:05,5,1,1,1.0,4.0,92025,A86,M,"48,9320904","2,2474485",92,2019,90.0,1.0,1.0,1.0,2262324,1.0,1,1,1,1.0,,-1.0,0,1961.0,C01,138Â 206Â 008,1.0,0.0,-1.0,1726900,1.0,7,,0.0,2.0,5.0,B01,138Â 206Â 007,1.0
1011666,201900053197,2,18,20:05,5,1,1,1.0,4.0,92025,A86,M,"48,9320904","2,2474485",92,2019,90.0,1.0,1.0,1.0,2262324,1.0,1,1,1,1.0,,-1.0,0,1961.0,C01,138Â 206Â 008,1.0,0.0,-1.0,1726901,1.0,10,,0.0,0.0,6.0,C01,138Â 206Â 008,1.0
1011667,201900053198,2,18,19:10,5,1,1,1.0,2.0,92064,A13,M,"48,8406055","2,2204096",92,2019,110.0,1.0,1.0,1.0,2262325,1.0,1,1,1,1.0,,-1.0,0,1955.0,B01,138Â 206Â 004,1.0,0.0,-1.0,1726902,1.0,7,,0.0,2.0,4.0,B01,138Â 206Â 004,1.0
1011667,201900053198,2,18,19:10,5,1,1,1.0,2.0,92064,A13,M,"48,8406055","2,2204096",92,2019,110.0,1.0,1.0,1.0,2262325,1.0,1,1,1,1.0,,-1.0,0,1955.0,B01,138Â 206Â 004,1.0,0.0,-1.0,1726903,1.0,7,,0.0,2.0,1.0,A01,138Â 206Â 005,1.0
1011667,201900053198,2,18,19:10,5,1,1,1.0,2.0,92064,A13,M,"48,8406055","2,2204096",92,2019,110.0,1.0,1.0,1.0,2262326,1.0,1,4,1,1.0,,-1.0,0,1990.0,A01,138Â 206Â 005,1.0,0.0,-1.0,1726902,1.0,7,,0.0,2.0,4.0,B01,138Â 206Â 004,1.0
1011667,201900053198,2,18,19:10,5,1,1,1.0,2.0,92064,A13,M,"48,8406055","2,2204096",92,2019,110.0,1.0,1.0,1.0,2262326,1.0,1,4,1,1.0,,-1.0,0,1990.0,A01,138Â 206Â 005,1.0,0.0,-1.0,1726903,1.0,7,,0.0,2.0,1.0,A01,138Â 206Â 005,1.0
1011668,201900053199,2,18,17:10,1,1,1,1.0,4.0,95394,RN 184,M,"49,0513900","2,1513800",95,2019,90.0,1.0,1.0,2.0,2262327,1.0,1,1,1,0.0,,-1.0,0,2000.0,C01,138Â 206Â 001,1.0,0.0,-1.0,1726904,1.0,7,,0.0,2.0,4.0,C01,138Â 206Â 001,1.0
1011668,201900053199,2,18,17:10,1,1,1,1.0,4.0,95394,RN 184,M,"49,0513900","2,1513800",95,2019,90.0,1.0,1.0,2.0,2262327,1.0,1,1,1,0.0,,-1.0,0,2000.0,C01,138Â 206Â 001,1.0,0.0,-1.0,1726905,1.0,10,,0.0,2.0,4.0,B01,138Â 206Â 002,1.0
1011668,201900053199,2,18,17:10,1,1,1,1.0,4.0,95394,RN 184,M,"49,0513900","2,1513800",95,2019,90.0,1.0,1.0,2.0,2262327,1.0,1,1,1,0.0,,-1.0,0,2000.0,C01,138Â 206Â 001,1.0,0.0,-1.0,1726906,1.0,7,,0.0,2.0,1.0,A01,138Â 206Â 003,1.0
1011668,201900053199,2,18,17:10,1,1,1,1.0,4.0,95394,RN 184,M,"49,0513900","2,1513800",95,2019,90.0,1.0,1.0,2.0,2262328,1.0,1,1,1,0.0,,-1.0,0,1990.0,B01,138Â 206Â 002,1.0,0.0,-1.0,1726904,1.0,7,,0.0,2.0,4.0,C01,138Â 206Â 001,1.0
1011668,201900053199,2,18,17:10,1,1,1,1.0,4.0,95394,RN 184,M,"49,0513900","2,1513800",95,2019,90.0,1.0,1.0,2.0,2262328,1.0,1,1,1,0.0,,-1.0,0,1990.0,B01,138Â 206Â 002,1.0,0.0,-1.0,1726905,1.0,10,,0.0,2.0,4.0,B01,138Â 206Â 002,1.0
1011668,201900053199,2,18,17:10,1,1,1,1.0,4.0,95394,RN 184,M,"49,0513900","2,1513800",95,2019,90.0,1.0,1.0,2.0,2262328,1.0,1,1,1,0.0,,-1.0,0,1990.0,B01,138Â 206Â 002,1.0,0.0,-1.0,1726906,1.0,7,,0.0,2.0,1.0,A01,138Â 206Â 003,1.0
1011668,201900053199,2,18,17:10,1,1,1,1.0,4.0,95394,RN 184,M,"49,0513900","2,1513800",95,2019,90.0,1.0,1.0,2.0,2262329,1.0,1,4,2,0.0,,-1.0,0,1977.0,A01,138Â 206Â 003,1.0,0.0,-1.0,1726904,1.0,7,,0.0,2.0,4.0,C01,138Â 206Â 001,1.0
1011668,201900053199,2,18,17:10,1,1,1,1.0,4.0,95394,RN 184,M,"49,0513900","2,1513800",95,2019,90.0,1.0,1.0,2.0,2262329,1.0,1,4,2,0.0,,-1.0,0,1977.0,A01,138Â 206Â 003,1.0,0.0,-1.0,1726905,1.0,10,,0.0,2.0,4.0,B01,138Â 206Â 002,1.0
1011668,201900053199,2,18,17:10,1,1,1,1.0,4.0,95394,RN 184,M,"49,0513900","2,1513800",95,2019,90.0,1.0,1.0,2.0,2262329,1.0,1,4,2,0.0,,-1.0,0,1977.0,A01,138Â 206Â 003,1.0,0.0,-1.0,1726906,1.0,7,,0.0,2.0,1.0,A01,138Â 206Â 003,1.0
1011669,201900053200,2,18,08:00,1,1,1,1.0,7.0,93053,AUTOROUTE A3,M,"48,8949200","2,4710700",93,2019,70.0,1.0,1.0,1.0,2262330,1.0,1,4,2,5.0,,-1.0, -1,1995.0,A01,138Â 206Â 000,2.0,6.0,-1.0,1726907,2.0,33,,0.0,0.0,9.0,A01,138Â 206Â 000,1.0
1011670,201900053201,2,18,19:15,3,1,1,1.0,3.0,94069,A4,M,"48,8236800","2,3950600",94,2019,90.0,1.0,1.0,1.0,2262331,1.0,1,1,1,1.0,,-1.0,0,1977.0,B01,138Â 205Â 998,1.0,8.0,-1.0,1726908,1.0,7,,0.0,2.0,5.0,B01,138Â 205Â 998,2.0
1011670,201900053201,2,18,19:15,3,1,1,1.0,3.0,94069,A4,M,"48,8236800","2,3950600",94,2019,90.0,1.0,1.0,1.0,2262331,1.0,1,1,1,1.0,,-1.0,0,1977.0,B01,138Â 205Â 998,1.0,8.0,-1.0,1726909,1.0,43,,0.0,2.0,3.0,A01,138Â 205Â 999,1.0
1011670,201900053201,2,18,19:15,3,1,1,1.0,3.0,94069,A4,M,"48,8236800","2,3950600",94,2019,90.0,1.0,1.0,1.0,2262332,1.0,1,4,1,1.0,,-1.0, -1,1975.0,A01,138Â 205Â 999,2.0,8.0,-1.0,1726908,1.0,7,,0.0,2.0,5.0,B01,138Â 205Â 998,2.0
1011670,201900053201,2,18,19:15,3,1,1,1.0,3.0,94069,A4,M,"48,8236800","2,3950600",94,2019,90.0,1.0,1.0,1.0,2262332,1.0,1,4,1,1.0,,-1.0, -1,1975.0,A01,138Â 205Â 999,2.0,8.0,-1.0,1726909,1.0,43,,0.0,2.0,3.0,A01,138Â 205Â 999,1.0
1011671,201900053202,2,18,18:30,3,1,1,1.0,3.0,94015,A4,M,"48,8312964","2,5308997",94,2019,110.0,1.0,1.0,1.0,2262333,1.0,1,1,1,5.0,,-1.0,0,1997.0,A01,138Â 205Â 996,1.0,0.0,-1.0,1726910,2.0,7,,0.0,2.0,5.0,A01,138Â 205Â 996,1.0
1011671,201900053202,2,18,18:30,3,1,1,1.0,3.0,94015,A4,M,"48,8312964","2,5308997",94,2019,110.0,1.0,1.0,1.0,2262333,1.0,1,1,1,5.0,,-1.0,0,1997.0,A01,138Â 205Â 996,1.0,0.0,-1.0,1726911,2.0,33,,0.0,2.0,3.0,B01,138Â 205Â 997,1.0
1011671,201900053202,2,18,18:30,3,1,1,1.0,3.0,94015,A4,M,"48,8312964","2,5308997",94,2019,110.0,1.0,1.0,1.0,2262334,1.0,1,4,1,9.0,,-1.0,0,1982.0,B01,138Â 205Â 997,2.0,6.0,-1.0,1726910,2.0,7,,0.0,2.0,5.0,A01,138Â 205Â 996,1.0
1011671,201900053202,2,18,18:30,3,1,1,1.0,3.0,94015,A4,M,"48,8312964","2,5308997",94,2019,110.0,1.0,1.0,1.0,2262334,1.0,1,4,1,9.0,,-1.0,0,1982.0,B01,138Â 205Â 997,2.0,6.0,-1.0,1726911,2.0,33,,0.0,2.0,3.0,B01,138Â 205Â 997,1.0
1011672,201900053203,2,18,17:40,1,2,2,1.0,2.0,97407,LAUDE E(RUE),M," -20,9373200","55,2994500",974,2019,50.0,1.0,1.0,4.0,2262335,1.0,1,4,2,5.0,,-1.0, -1,1988.0,B01,138Â 205Â 992,1.0,8.0,-1.0,1726912,3.0,7,,0.0,0.0,4.0,B01,138Â 205Â 992,1.0
1011672,201900053203,2,18,17:40,1,2,2,1.0,2.0,97407,LAUDE E(RUE),M," -20,9373200","55,2994500",974,2019,50.0,1.0,1.0,4.0,2262335,1.0,1,4,2,5.0,,-1.0, -1,1988.0,B01,138Â 205Â 992,1.0,8.0,-1.0,1726913,1.0,10,,0.0,2.0,1.0,A01,138Â 205Â 993,1.0
1011672,201900053203,2,18,17:40,1,2,2,1.0,2.0,97407,LAUDE E(RUE),M," -20,9373200","55,2994500",974,2019,50.0,1.0,1.0,4.0,2262336,1.0,1,1,1,0.0,,-1.0, -1,2000.0,A01,138Â 205Â 993,1.0,8.0,-1.0,1726912,3.0,7,,0.0,0.0,4.0,B01,138Â 205Â 992,1.0
1011672,201900053203,2,18,17:40,1,2,2,1.0,2.0,97407,LAUDE E(RUE),M," -20,9373200","55,2994500",974,2019,50.0,1.0,1.0,4.0,2262336,1.0,1,1,1,0.0,,-1.0, -1,2000.0,A01,138Â 205Â 993,1.0,8.0,-1.0,1726913,1.0,10,,0.0,2.0,1.0,A01,138Â 205Â 993,1.0
1011673,201900053204,2,18,17:50,1,2,2,1.0,6.0,97302,HEDER (place),M,"4,9413158"," -52,3323601",973,2019,50.0,1.0,1.0,4.0,2262337,10.0,3,4,1,9.0,,2.0,3,1950.0,A01,138Â 205Â 991,0.0,0.0,0.0,1726914,2.0,7,,0.0,1.0,4.0,A01,138Â 205Â 991,1.0
1011673,201900053204,2,18,17:50,1,2,2,1.0,6.0,97302,HEDER (place),M,"4,9413158"," -52,3323601",973,2019,50.0,1.0,1.0,4.0,2262338,1.0,1,1,1,9.0,,-1.0,0,1982.0,A01,138Â 205Â 991,1.0,8.0,-1.0,1726914,2.0,7,,0.0,1.0,4.0,A01,138Â 205Â 991,1.0
1011674,201900053205,2,18,16:30,1,2,1,1.0,3.0,97302,MONTABO (ROUTE DE) 2,M,"4,9300923"," -52,2904801",973,2019,50.0,1.0,1.0,3.0,2262339,1.0,1,4,2,0.0,,-1.0,0,2001.0,B01,138Â 205Â 989,0.0,0.0,-1.0,1726915,2.0,1,,0.0,0.0,0.0,B01,138Â 205Â 989,0.0
1011674,201900053205,2,18,16:30,1,2,1,1.0,3.0,97302,MONTABO (ROUTE DE) 2,M,"4,9300923"," -52,2904801",973,2019,50.0,1.0,1.0,3.0,2262339,1.0,1,4,2,0.0,,-1.0,0,2001.0,B01,138Â 205Â 989,0.0,0.0,-1.0,1726916,2.0,7,,0.0,6.0,5.0,A01,138Â 205Â 990,1.0
1011674,201900053205,2,18,16:30,1,2,1,1.0,3.0,97302,MONTABO (ROUTE DE) 2,M,"4,9300923"," -52,2904801",973,2019,50.0,1.0,1.0,3.0,2262340,1.0,1,1,2,1.0,,-1.0,0,1977.0,A01,138Â 205Â 990,1.0,8.0,-1.0,1726915,2.0,1,,0.0,0.0,0.0,B01,138Â 205Â 989,0.0
1011674,201900053205,2,18,16:30,1,2,1,1.0,3.0,97302,MONTABO (ROUTE DE) 2,M,"4,9300923"," -52,2904801",973,2019,50.0,1.0,1.0,3.0,2262340,1.0,1,1,2,1.0,,-1.0,0,1977.0,A01,138Â 205Â 990,1.0,8.0,-1.0,1726916,2.0,7,,0.0,6.0,5.0,A01,138Â 205Â 990,1.0
1011675,201900053206,2,19,00:20,5,2,1,1.0,6.0,69387,GAMBETTA                            (CO),M,"45,7542200","4,8460800",69,2019,50.0,1.0,1.0,4.0,2262341,1.0,1,1,1,5.0,,0.0,0,1982.0,A01,138Â 205Â 988,8.0,0.0,-1.0,1726917,2.0,7,,0.0,1.0,3.0,A01,138Â 205Â 988,1.0
1011675,201900053206,2,19,00:20,5,2,1,1.0,6.0,69387,GAMBETTA                            (CO),M,"45,7542200","4,8460800",69,2019,50.0,1.0,1.0,4.0,2262342,2.0,2,1,1,5.0,,0.0,0,1990.0,A01,138Â 205Â 988,8.0,0.0,-1.0,1726917,2.0,7,,0.0,1.0,3.0,A01,138Â 205Â 988,1.0
1011675,201900053206,2,19,00:20,5,2,1,1.0,6.0,69387,GAMBETTA                            (CO),M,"45,7542200","4,8460800",69,2019,50.0,1.0,1.0,4.0,2262343,10.0,3,4,1,9.0,,2.0,1,1984.0,A01,138Â 205Â 988,8.0,0.0,-1.0,1726917,2.0,7,,0.0,1.0,3.0,A01,138Â 205Â 988,1.0
1011675,201900053206,2,19,00:20,5,2,1,1.0,6.0,69387,GAMBETTA                            (CO),M,"45,7542200","4,8460800",69,2019,50.0,1.0,1.0,4.0,2262344,4.0,2,1,1,5.0,,0.0,0,1983.0,A01,138Â 205Â 988,8.0,0.0,-1.0,1726917,2.0,7,,0.0,1.0,3.0,A01,138Â 205Â 988,1.0
1011676,201900053207,2,18,11:05,1,2,2,1.0,7.0,69387,CHALLEMEL LACOUR                    (R ),M,"45,7299900","4,8380700",69,2019,50.0,1.0,1.0,4.0,2262345,1.0,1,1,1,4.0,,-1.0, -1,1982.0,A01,138Â 205Â 987,1.0,0.0,-1.0,1726918,1.0,20,,0.0,1.0,8.0,A01,138Â 205Â 987,1.0
1011676,201900053207,2,18,11:05,1,2,2,1.0,7.0,69387,CHALLEMEL LACOUR                    (R ),M,"45,7299900","4,8380700",69,2019,50.0,1.0,1.0,4.0,2262346,10.0,3,2,1,0.0,,2.0,3,1934.0,A01,138Â 205Â 987,8.0,0.0,-1.0,1726918,1.0,20,,0.0,1.0,8.0,A01,138Â 205Â 987,1.0
1011677,201900053208,2,18,09:25,1,2,1,1.0,6.0,69386,"5, rue JULIETTE RECAMIER                   (R )",M,"45,7639100","4,8530400",69,2019,50.0,1.0,1.0,4.0,2262347,10.0,3,3,1,9.0,,9.0,B,1948.0,A01,138Â 205Â 986,8.0,0.0,-1.0,1726919,3.0,1,,0.0,1.0,1.0,A01,138Â 205Â 986,5.0
1011677,201900053208,2,18,09:25,1,2,1,1.0,6.0,69386,"5, rue JULIETTE RECAMIER                   (R )",M,"45,7639100","4,8530400",69,2019,50.0,1.0,1.0,4.0,2262348,1.0,1,1,1,0.0,,0.0,0,1980.0,A01,138Â 205Â 986,8.0,0.0,-1.0,1726919,3.0,1,,0.0,1.0,1.0,A01,138Â 205Â 986,5.0
1011678,201900053209,2,18,17:58,5,2,1,1.0,3.0,2B033,LES CAPUCINS,M,"42,6899500","9,4449500",2B,2019,30.0,2.0,1.0,4.0,2262349,1.0,1,1,1,0.0,,-1.0, -1,1965.0,A01,138Â 205Â 984,1.0,0.0,-1.0,1726920,1.0,7,,0.0,2.0,3.0,A01,138Â 205Â 984,1.0
1011678,201900053209,2,18,17:58,5,2,1,1.0,3.0,2B033,LES CAPUCINS,M,"42,6899500","9,4449500",2B,2019,30.0,2.0,1.0,4.0,2262349,1.0,1,1,1,0.0,,-1.0, -1,1965.0,A01,138Â 205Â 984,1.0,0.0,-1.0,1726921,1.0,2,,0.0,2.0,7.0,B01,138Â 205Â 985,1.0
1011678,201900053209,2,18,17:58,5,2,1,1.0,3.0,2B033,LES CAPUCINS,M,"42,6899500","9,4449500",2B,2019,30.0,2.0,1.0,4.0,2262350,1.0,1,3,1,0.0,,-1.0, -1,1998.0,B01,138Â 205Â 985,2.0,0.0,-1.0,1726920,1.0,7,,0.0,2.0,3.0,A01,138Â 205Â 984,1.0
1011678,201900053209,2,18,17:58,5,2,1,1.0,3.0,2B033,LES CAPUCINS,M,"42,6899500","9,4449500",2B,2019,30.0,2.0,1.0,4.0,2262350,1.0,1,3,1,0.0,,-1.0, -1,1998.0,B01,138Â 205Â 985,2.0,0.0,-1.0,1726921,1.0,2,,0.0,2.0,7.0,B01,138Â 205Â 985,1.0
1011679,201900053210,2,18,22:00,5,2,1,1.0,6.0,2A004,MONTEE SAINT JEAN,M,"41,9320813","8,7375983",2A,2019,50.0,1.0,1.0,4.0,2262351,4.0,2,4,1,5.0,,-1.0,0,2006.0,A01,138Â 205Â 983,1.0,0.0,-1.0,1726922,2.0,7,,1.0,0.0,1.0,A01,138Â 205Â 983,1.0
1011679,201900053210,2,18,22:00,5,2,1,1.0,6.0,2A004,MONTEE SAINT JEAN,M,"41,9320813","8,7375983",2A,2019,50.0,1.0,1.0,4.0,2262352,1.0,1,1,1,5.0,,-1.0,0,1958.0,A01,138Â 205Â 983,1.0,0.0,-1.0,1726922,2.0,7,,1.0,0.0,1.0,A01,138Â 205Â 983,1.0
1011679,201900053210,2,18,22:00,5,2,1,1.0,6.0,2A004,MONTEE SAINT JEAN,M,"41,9320813","8,7375983",2A,2019,50.0,1.0,1.0,4.0,2262353,2.0,2,4,2,5.0,,-1.0,0,1971.0,A01,138Â 205Â 983,1.0,0.0,-1.0,1726922,2.0,7,,1.0,0.0,1.0,A01,138Â 205Â 983,1.0
1011680,201900053211,2,18,19:00,5,2,1,1.0,7.0,91201,HENRI BARBUSSE(BOULEVARD),M,"48,6843900","2,4086200",91,2019,50.0,2.0,1.0,4.0,2262354,1.0,1,4,1,4.0,,0.0,0,1999.0,A01,138Â 205Â 982,2.0,0.0,-1.0,1726923,2.0,30,,15.0,0.0,1.0,A01,138Â 205Â 982,1.0
1011681,201900053212,2,17,08:30,1,2,7,1.0,3.0,91479,MAXIME VEDY (PLACE),M,"48,7092900","2,3590400",91,2019,30.0,1.0,1.0,4.0,2262355,1.0,1,1,1,5.0,,0.0,0,1965.0,B01,138Â 205Â 980,1.0,0.0,-1.0,1726924,3.0,7,,14.0,0.0,7.0,B01,138Â 205Â 980,0.0
1011681,201900053212,2,17,08:30,1,2,7,1.0,3.0,91479,MAXIME VEDY (PLACE),M,"48,7092900","2,3590400",91,2019,30.0,1.0,1.0,4.0,2262355,1.0,1,1,1,5.0,,0.0,0,1965.0,B01,138Â 205Â 980,1.0,0.0,-1.0,1726925,3.0,7,,0.0,2.0,1.0,A01,138Â 205Â 981,0.0
1011681,201900053212,2,17,08:30,1,2,7,1.0,3.0,91479,MAXIME VEDY (PLACE),M,"48,7092900","2,3590400",91,2019,30.0,1.0,1.0,4.0,2262356,3.0,2,4,2,5.0,,0.0,0,1974.0,B01,138Â 205Â 980,1.0,0.0,-1.0,1726924,3.0,7,,14.0,0.0,7.0,B01,138Â 205Â 980,0.0
1011681,201900053212,2,17,08:30,1,2,7,1.0,3.0,91479,MAXIME VEDY (PLACE),M,"48,7092900","2,3590400",91,2019,30.0,1.0,1.0,4.0,2262356,3.0,2,4,2,5.0,,0.0,0,1974.0,B01,138Â 205Â 980,1.0,0.0,-1.0,1726925,3.0,7,,0.0,2.0,1.0,A01,138Â 205Â 981,0.0
1011681,201900053212,2,17,08:30,1,2,7,1.0,3.0,91479,MAXIME VEDY (PLACE),M,"48,7092900","2,3590400",91,2019,30.0,1.0,1.0,4.0,2262357,1.0,1,1,1,5.0,,0.0,0,1985.0,A01,138Â 205Â 981,8.0,0.0,-1.0,1726924,3.0,7,,14.0,0.0,7.0,B01,138Â 205Â 980,0.0
1011681,201900053212,2,17,08:30,1,2,7,1.0,3.0,91479,MAXIME VEDY (PLACE),M,"48,7092900","2,3590400",91,2019,30.0,1.0,1.0,4.0,2262357,1.0,1,1,1,5.0,,0.0,0,1985.0,A01,138Â 205Â 981,8.0,0.0,-1.0,1726925,3.0,7,,0.0,2.0,1.0,A01,138Â 205Â 981,0.0
1011682,201900053213,2,15,17:20,1,2,1,1.0,6.0,85194,RUE CHATEAUBRIAND ,M,"46,5122100"," -1,7752600",85,2019,30.0,2.0,1.0,4.0,2262358,10.0,3,3,1,5.0,,1.0,3,1938.0,A01,138Â 205Â 979,8.0,0.0,-1.0,1726926,1.0,7,,0.0,1.0,3.0,A01,138Â 205Â 979,1.0
1011682,201900053213,2,15,17:20,1,2,1,1.0,6.0,85194,RUE CHATEAUBRIAND ,M,"46,5122100"," -1,7752600",85,2019,30.0,2.0,1.0,4.0,2262359,10.0,3,3,2,5.0,,1.0,3,1942.0,A01,138Â 205Â 979,8.0,0.0,-1.0,1726926,1.0,7,,0.0,1.0,3.0,A01,138Â 205Â 979,1.0
1011682,201900053213,2,15,17:20,1,2,1,1.0,6.0,85194,RUE CHATEAUBRIAND ,M,"46,5122100"," -1,7752600",85,2019,30.0,2.0,1.0,4.0,2262360,1.0,1,1,1,5.0,,-1.0, -1,1986.0,A01,138Â 205Â 979,1.0,0.0,-1.0,1726926,1.0,7,,0.0,1.0,3.0,A01,138Â 205Â 979,1.0
1011683,201900053214,2,11,20:10,5,2,1,1.0,6.0,83137,LECLERC (AVE GENERAL),M,"43,1257400","5,9279000",83,2019,50.0,1.0,1.0,4.0,2262361,10.0,3,2,2,5.0,,5.0,1,1958.0,A01,138Â 205Â 978,8.0,0.0,-1.0,1726927,1.0,37,1.0,0.0,1.0,0.0,A01,138Â 205Â 978,0.0
1011683,201900053214,2,11,20:10,5,2,1,1.0,6.0,83137,LECLERC (AVE GENERAL),M,"43,1257400","5,9279000",83,2019,50.0,1.0,1.0,4.0,2262362,1.0,1,1,1,4.0,,0.0,0,1985.0,A01,138Â 205Â 978,8.0,0.0,-1.0,1726927,1.0,37,1.0,0.0,1.0,0.0,A01,138Â 205Â 978,0.0
1011684,201900053215,2,16,16:30,2,2,3,1.0,3.0,80021,"13, R JEAN CATELAS",M,"49,8955100","2,2905700",80,2019,50.0,1.0,1.0,4.0,2262363,1.0,1,4,1,0.0,,0.0,0,1985.0,B01,138Â 205Â 976,2.0,0.0,-1.0,1726928,0.0,33,,0.0,2.0,1.0,B01,138Â 205Â 976,1.0
1011684,201900053215,2,16,16:30,2,2,3,1.0,3.0,80021,"13, R JEAN CATELAS",M,"49,8955100","2,2905700",80,2019,50.0,1.0,1.0,4.0,2262363,1.0,1,4,1,0.0,,0.0,0,1985.0,B01,138Â 205Â 976,2.0,0.0,-1.0,1726929,0.0,7,,0.0,2.0,3.0,A01,138Â 205Â 977,1.0
1011684,201900053215,2,16,16:30,2,2,3,1.0,3.0,80021,"13, R JEAN CATELAS",M,"49,8955100","2,2905700",80,2019,50.0,1.0,1.0,4.0,2262364,1.0,1,1,1,0.0,,0.0,0,1975.0,A01,138Â 205Â 977,1.0,0.0,-1.0,1726928,0.0,33,,0.0,2.0,1.0,B01,138Â 205Â 976,1.0
1011684,201900053215,2,16,16:30,2,2,3,1.0,3.0,80021,"13, R JEAN CATELAS",M,"49,8955100","2,2905700",80,2019,50.0,1.0,1.0,4.0,2262364,1.0,1,1,1,0.0,,0.0,0,1975.0,A01,138Â 205Â 977,1.0,0.0,-1.0,1726929,0.0,7,,0.0,2.0,3.0,A01,138Â 205Â 977,1.0
1011685,201900053216,2,16,23:55,5,2,1,1.0,2.0,78490,DEUX PLATEAUX (ROUTE DES),M,"48,8138800","1,9597900",78,2019,70.0,1.0,1.0,3.0,2262365,1.0,1,1,1,5.0,,-1.0, -1,1995.0,A01,138Â 205Â 974,1.0,0.0,-1.0,1726930,2.0,7,,0.0,2.0,2.0,A01,138Â 205Â 974,1.0
1011685,201900053216,2,16,23:55,5,2,1,1.0,2.0,78490,DEUX PLATEAUX (ROUTE DES),M,"48,8138800","1,9597900",78,2019,70.0,1.0,1.0,3.0,2262365,1.0,1,1,1,5.0,,-1.0, -1,1995.0,A01,138Â 205Â 974,1.0,0.0,-1.0,1726931,2.0,7,,0.0,2.0,6.0,B01,138Â 205Â 975,1.0
1011685,201900053216,2,16,23:55,5,2,1,1.0,2.0,78490,DEUX PLATEAUX (ROUTE DES),M,"48,8138800","1,9597900",78,2019,70.0,1.0,1.0,3.0,2262366,4.0,2,4,1,5.0,,-1.0, -1,2013.0,B01,138Â 205Â 975,1.0,0.0,-1.0,1726930,2.0,7,,0.0,2.0,2.0,A01,138Â 205Â 974,1.0
1011685,201900053216,2,16,23:55,5,2,1,1.0,2.0,78490,DEUX PLATEAUX (ROUTE DES),M,"48,8138800","1,9597900",78,2019,70.0,1.0,1.0,3.0,2262366,4.0,2,4,1,5.0,,-1.0, -1,2013.0,B01,138Â 205Â 975,1.0,0.0,-1.0,1726931,2.0,7,,0.0,2.0,6.0,B01,138Â 205Â 975,1.0
1011685,201900053216,2,16,23:55,5,2,1,1.0,2.0,78490,DEUX PLATEAUX (ROUTE DES),M,"48,8138800","1,9597900",78,2019,70.0,1.0,1.0,3.0,2262367,3.0,2,4,1,5.0,,-1.0,0,2005.0,B01,138Â 205Â 975,1.0,0.0,-1.0,1726930,2.0,7,,0.0,2.0,2.0,A01,138Â 205Â 974,1.0
1011685,201900053216,2,16,23:55,5,2,1,1.0,2.0,78490,DEUX PLATEAUX (ROUTE DES),M,"48,8138800","1,9597900",78,2019,70.0,1.0,1.0,3.0,2262367,3.0,2,4,1,5.0,,-1.0,0,2005.0,B01,138Â 205Â 975,1.0,0.0,-1.0,1726931,2.0,7,,0.0,2.0,6.0,B01,138Â 205Â 975,1.0
1011685,201900053216,2,16,23:55,5,2,1,1.0,2.0,78490,DEUX PLATEAUX (ROUTE DES),M,"48,8138800","1,9597900",78,2019,70.0,1.0,1.0,3.0,2262368,2.0,2,4,1,0.0,,-1.0, -1,1976.0,B01,138Â 205Â 975,1.0,0.0,-1.0,1726930,2.0,7,,0.0,2.0,2.0,A01,138Â 205Â 974,1.0
1011685,201900053216,2,16,23:55,5,2,1,1.0,2.0,78490,DEUX PLATEAUX (ROUTE DES),M,"48,8138800","1,9597900",78,2019,70.0,1.0,1.0,3.0,2262368,2.0,2,4,1,0.0,,-1.0, -1,1976.0,B01,138Â 205Â 975,1.0,0.0,-1.0,1726931,2.0,7,,0.0,2.0,6.0,B01,138Â 205Â 975,1.0