Unnamed: 0_x,num_acc,mois,jour,hrmn,lum,agg,int,atm,col,com,adr,gps,lat,long,dep,annee,vma,situ,surf,catr,Unnamed: 0_y,place,catu,grav,sexe,trajet,secu,locp,actp,an_nais,num_veh_x,id_vehicule_x,secu1,secu2,secu3,Unnamed: 0,senc,catv,occutc,obs,obsm,choc,num_veh_y,id_vehicule_y,motor
1011685,201900053216,2,16,23:55,5,2,1,1.0,2.0,78490,DEUX PLATEAUX (ROUTE DES),M,"48,8138800","1,9597900",78,2019,70.0,1.0,1.0,3.0,2262369,1.0,1,4,2,5.0,,-1.0, -1,1978.0,B01,138Â 205Â 975,1.0,0.0,-1.0,1726930,2.0,7,,0.0,2.0,2.0,A01,138Â 205Â 974,1.0
1011685,201900053216,2,16,23:55,5,2,1,1.0,2.0,78490,DEUX PLATEAUX (ROUTE DES),M,"48,8138800","1,9597900",78,2019,70.0,1.0,1.0,3.0,2262369,1.0,1,4,2,5.0,,-1.0, -1,1978.0,B01,138Â 205Â 975,1.0,0.0,-1.0,1726931,2.0,7,,0.0,2.0,6.0,B01,138Â 205Â 975,1.0
1011686,201900053217,2,15,03:35,3,1,6,1.0,6.0,77495,N105 X D605,M,"48,5599900","2,6454000",77,2019,70.0,1.0,1.0,2.0,2262370,2.0,2,4,2,5.0,,-1.0,0,2000.0,A01,138Â 205Â 973,8.0,0.0,-1.0,1726932,1.0,7,,12.0,0.0,1.0,A01,138Â 205Â 973,1.0
1011686,201900053217,2,15,03:35,3,1,6,1.0,6.0,77495,N105 X D605,M,"48,5599900","2,6454000",77,2019,70.0,1.0,1.0,2.0,2262371,4.0,2,4,2,0.0,,-1.0,0,2000.0,A01,138Â 205Â 973,8.0,0.0,-1.0,1726932,1.0,7,,12.0,0.0,1.0,A01,138Â 205Â 973,1.0
1011686,201900053217,2,15,03:35,3,1,6,1.0,6.0,77495,N105 X D605,M,"48,5599900","2,6454000",77,2019,70.0,1.0,1.0,2.0,2262372,1.0,1,4,1,5.0,,-1.0,0,1999.0,A01,138Â 205Â 973,8.0,0.0,-1.0,1726932,1.0,7,,12.0,0.0,1.0,A01,138Â 205Â 973,1.0
1011687,201900053218,2,12,08:15,1,2,6,1.0,6.0,77059,AVENUE DE L'EUROPE,M,"48,8421900","2,6671900",77,2019,50.0,1.0,1.0,4.0,2262373,10.0,3,3,1,0.0,,3.0,3,1971.0,A01,138Â 205Â 972,0.0,0.0,0.0,1726933,3.0,7,,0.0,1.0,2.0,A01,138Â 205Â 972,1.0
1011687,201900053218,2,12,08:15,1,2,6,1.0,6.0,77059,AVENUE DE L'EUROPE,M,"48,8421900","2,6671900",77,2019,50.0,1.0,1.0,4.0,2262374,1.0,1,1,2,0.0,,0.0,0,1964.0,A01,138Â 205Â 972,8.0,0.0,-1.0,1726933,3.0,7,,0.0,1.0,2.0,A01,138Â 205Â 972,1.0
1011688,201900053219,2,17,10:00,1,1,1,1.0,1.0,76457,rue du lieutenant j Hergault,M,"49,3406800","0,9578100",76,2019,80.0,1.0,1.0,3.0,2262375,1.0,1,4,2,0.0,,-1.0,0,1984.0,A01,138Â 205Â 970,1.0,0.0,-1.0,1726934,2.0,7,,0.0,2.0,1.0,A01,138Â 205Â 970,1.0
1011688,201900053219,2,17,10:00,1,1,1,1.0,1.0,76457,rue du lieutenant j Hergault,M,"49,3406800","0,9578100",76,2019,80.0,1.0,1.0,3.0,2262375,1.0,1,4,2,0.0,,-1.0,0,1984.0,A01,138Â 205Â 970,1.0,0.0,-1.0,1726935,1.0,7,,0.0,2.0,1.0,B01,138Â 205Â 971,1.0
1011688,201900053219,2,17,10:00,1,1,1,1.0,1.0,76457,rue du lieutenant j Hergault,M,"49,3406800","0,9578100",76,2019,80.0,1.0,1.0,3.0,2262376,2.0,2,4,1,0.0,,-1.0,0,1983.0,A01,138Â 205Â 970,1.0,0.0,-1.0,1726934,2.0,7,,0.0,2.0,1.0,A01,138Â 205Â 970,1.0
1011688,201900053219,2,17,10:00,1,1,1,1.0,1.0,76457,rue du lieutenant j Hergault,M,"49,3406800","0,9578100",76,2019,80.0,1.0,1.0,3.0,2262376,2.0,2,4,1,0.0,,-1.0,0,1983.0,A01,138Â 205Â 970,1.0,0.0,-1.0,1726935,1.0,7,,0.0,2.0,1.0,B01,138Â 205Â 971,1.0
1011688,201900053219,2,17,10:00,1,1,1,1.0,1.0,76457,rue du lieutenant j Hergault,M,"49,3406800","0,9578100",76,2019,80.0,1.0,1.0,3.0,2262377,4.0,2,1,1,0.0,,-1.0,0,2017.0,A01,138Â 205Â 970,3.0,0.0,-1.0,1726934,2.0,7,,0.0,2.0,1.0,A01,138Â 205Â 970,1.0
1011688,201900053219,2,17,10:00,1,1,1,1.0,1.0,76457,rue du lieutenant j Hergault,M,"49,3406800","0,9578100",76,2019,80.0,1.0,1.0,3.0,2262377,4.0,2,1,1,0.0,,-1.0,0,2017.0,A01,138Â 205Â 970,3.0,0.0,-1.0,1726935,1.0,7,,0.0,2.0,1.0,B01,138Â 205Â 971,1.0
1011688,201900053219,2,17,10:00,1,1,1,1.0,1.0,76457,rue du lieutenant j Hergault,M,"49,3406800","0,9578100",76,2019,80.0,1.0,1.0,3.0,2262378,1.0,1,3,2,0.0,,-1.0,0,1963.0,B01,138Â 205Â 971,1.0,0.0,-1.0,1726934,2.0,7,,0.0,2.0,1.0,A01,138Â 205Â 970,1.0
1011688,201900053219,2,17,10:00,1,1,1,1.0,1.0,76457,rue du lieutenant j Hergault,M,"49,3406800","0,9578100",76,2019,80.0,1.0,1.0,3.0,2262378,1.0,1,3,2,0.0,,-1.0,0,1963.0,B01,138Â 205Â 971,1.0,0.0,-1.0,1726935,1.0,7,,0.0,2.0,1.0,B01,138Â 205Â 971,1.0
1011689,201900053220,2,17,07:26,2,2,1,1.0,6.0,74118,DE GAULLE (RUE CHARLES),M,"46,1642055","6,1857839",74,2019,50.0,1.0,1.0,3.0,2262379,1.0,1,4,1,0.0,,0.0,0,1981.0,A01,138Â 205Â 966,1.0,0.0,-1.0,1726936,1.0,7,,13.0,0.0,3.0,A01,138Â 205Â 966,0.0
1011690,201900053221,2,2,09:05,1,2,6,8.0,3.0,73065,CHEVALIERE (SQUARE DE LA) D14,M,"45,5816887","5,8873070",73,2019,50.0,5.0,2.0,3.0,2262380,1.0,1,1,1,0.0,,0.0,0,1939.0,B01,138Â 205Â 964,1.0,0.0,-1.0,1726937,2.0,3,,0.0,2.0,3.0,B01,138Â 205Â 964,1.0
1011690,201900053221,2,2,09:05,1,2,6,8.0,3.0,73065,CHEVALIERE (SQUARE DE LA) D14,M,"45,5816887","5,8873070",73,2019,50.0,5.0,2.0,3.0,2262380,1.0,1,1,1,0.0,,0.0,0,1939.0,B01,138Â 205Â 964,1.0,0.0,-1.0,1726938,1.0,1,,0.0,2.0,1.0,A01,138Â 205Â 965,5.0
1011690,201900053221,2,2,09:05,1,2,6,8.0,3.0,73065,CHEVALIERE (SQUARE DE LA) D14,M,"45,5816887","5,8873070",73,2019,50.0,5.0,2.0,3.0,2262381,1.0,1,4,1,0.0,,0.0,0,2003.0,A01,138Â 205Â 965,8.0,0.0,-1.0,1726937,2.0,3,,0.0,2.0,3.0,B01,138Â 205Â 964,1.0
1011690,201900053221,2,2,09:05,1,2,6,8.0,3.0,73065,CHEVALIERE (SQUARE DE LA) D14,M,"45,5816887","5,8873070",73,2019,50.0,5.0,2.0,3.0,2262381,1.0,1,4,1,0.0,,0.0,0,2003.0,A01,138Â 205Â 965,8.0,0.0,-1.0,1726938,1.0,1,,0.0,2.0,1.0,A01,138Â 205Â 965,5.0
1011691,201900053222,2,17,11:05,1,2,1,1.0,7.0,71153,Industrie ( Boulevard de l'),M,"46,7944800","4,4358400",71,2019,50.0,1.0,1.0,4.0,2262382,1.0,1,4,1,5.0,,0.0,0,1994.0,A01,138Â 205Â 963,1.0,8.0,-1.0,1726939,3.0,7,,8.0,0.0,1.0,A01,138Â 205Â 963,1.0
1011692,201900053223,2,7,07:40,2,2,1,1.0,1.0,70261,RN 57,M,"47,6298700","6,1753200",70,2019,50.0,1.0,1.0,2.0,2262383,1.0,1,1,1,1.0,,-1.0, -1,1989.0,B01,138Â 205Â 961,1.0,0.0,-1.0,1726940,2.0,10,,0.0,2.0,1.0,B01,138Â 205Â 961,1.0
1011692,201900053223,2,7,07:40,2,2,1,1.0,1.0,70261,RN 57,M,"47,6298700","6,1753200",70,2019,50.0,1.0,1.0,2.0,2262383,1.0,1,1,1,1.0,,-1.0, -1,1989.0,B01,138Â 205Â 961,1.0,0.0,-1.0,1726941,1.0,7,,0.0,2.0,1.0,A01,138Â 205Â 962,1.0
1011692,201900053223,2,7,07:40,2,2,1,1.0,1.0,70261,RN 57,M,"47,6298700","6,1753200",70,2019,50.0,1.0,1.0,2.0,2262384,2.0,2,1,1,1.0,,-1.0, -1,1993.0,B01,138Â 205Â 961,1.0,0.0,-1.0,1726940,2.0,10,,0.0,2.0,1.0,B01,138Â 205Â 961,1.0
1011692,201900053223,2,7,07:40,2,2,1,1.0,1.0,70261,RN 57,M,"47,6298700","6,1753200",70,2019,50.0,1.0,1.0,2.0,2262384,2.0,2,1,1,1.0,,-1.0, -1,1993.0,B01,138Â 205Â 961,1.0,0.0,-1.0,1726941,1.0,7,,0.0,2.0,1.0,A01,138Â 205Â 962,1.0
1011692,201900053223,2,7,07:40,2,2,1,1.0,1.0,70261,RN 57,M,"47,6298700","6,1753200",70,2019,50.0,1.0,1.0,2.0,2262385,6.0,2,1,1,0.0,,-1.0, -1,1969.0,B01,138Â 205Â 961,1.0,0.0,-1.0,1726940,2.0,10,,0.0,2.0,1.0,B01,138Â 205Â 961,1.0
1011692,201900053223,2,7,07:40,2,2,1,1.0,1.0,70261,RN 57,M,"47,6298700","6,1753200",70,2019,50.0,1.0,1.0,2.0,2262385,6.0,2,1,1,0.0,,-1.0, -1,1969.0,B01,138Â 205Â 961,1.0,0.0,-1.0,1726941,1.0,7,,0.0,2.0,1.0,A01,138Â 205Â 962,1.0
1011692,201900053223,2,7,07:40,2,2,1,1.0,1.0,70261,RN 57,M,"47,6298700","6,1753200",70,2019,50.0,1.0,1.0,2.0,2262386,1.0,1,2,1,5.0,,-1.0, -1,1944.0,A01,138Â 205Â 962,1.0,0.0,-1.0,1726940,2.0,10,,0.0,2.0,1.0,B01,138Â 205Â 961,1.0
1011692,201900053223,2,7,07:40,2,2,1,1.0,1.0,70261,RN 57,M,"47,6298700","6,1753200",70,2019,50.0,1.0,1.0,2.0,2262386,1.0,1,2,1,5.0,,-1.0, -1,1944.0,A01,138Â 205Â 962,1.0,0.0,-1.0,1726941,1.0,7,,0.0,2.0,1.0,A01,138Â 205Â 962,1.0
1011693,201900053224,2,16,13:40,1,2,2,1.0,3.0,69266,BIENVENUS   (Rue des),M,"45,7737400","4,8847500",69,2019,50.0,1.0,1.0,4.0,2262387,1.0,1,1,1,5.0,,0.0,0,2000.0,B01,138Â 205Â 959,1.0,0.0,-1.0,1726942,1.0,10,,1.0,2.0,3.0,B01,138Â 205Â 959,1.0
1011693,201900053224,2,16,13:40,1,2,2,1.0,3.0,69266,BIENVENUS   (Rue des),M,"45,7737400","4,8847500",69,2019,50.0,1.0,1.0,4.0,2262387,1.0,1,1,1,5.0,,0.0,0,2000.0,B01,138Â 205Â 959,1.0,0.0,-1.0,1726943,3.0,10,,0.0,2.0,2.0,A01,138Â 205Â 960,1.0
1011693,201900053224,2,16,13:40,1,2,2,1.0,3.0,69266,BIENVENUS   (Rue des),M,"45,7737400","4,8847500",69,2019,50.0,1.0,1.0,4.0,2262388,1.0,1,4,2,5.0,,0.0,0,1975.0,A01,138Â 205Â 960,1.0,0.0,-1.0,1726942,1.0,10,,1.0,2.0,3.0,B01,138Â 205Â 959,1.0
1011693,201900053224,2,16,13:40,1,2,2,1.0,3.0,69266,BIENVENUS   (Rue des),M,"45,7737400","4,8847500",69,2019,50.0,1.0,1.0,4.0,2262388,1.0,1,4,2,5.0,,0.0,0,1975.0,A01,138Â 205Â 960,1.0,0.0,-1.0,1726943,3.0,10,,0.0,2.0,2.0,A01,138Â 205Â 960,1.0
1011694,201900053225,2,16,02:30,5,2,1,1.0,6.0,67482,ROMAINS (ROUTE DES),M,"48,5781530","7,7062790",67,2019,50.0,1.0,1.0,4.0,2262389,2.0,2,4,1,5.0,,-1.0,0,2001.0,A01,138Â 205Â 958,1.0,8.0,-1.0,1726944,1.0,7,,8.0,0.0,1.0,A01,138Â 205Â 958,1.0
1011694,201900053225,2,16,02:30,5,2,1,1.0,6.0,67482,ROMAINS (ROUTE DES),M,"48,5781530","7,7062790",67,2019,50.0,1.0,1.0,4.0,2262390,1.0,1,4,1,5.0,,-1.0,0,2001.0,A01,138Â 205Â 958,1.0,8.0,-1.0,1726944,1.0,7,,8.0,0.0,1.0,A01,138Â 205Â 958,1.0
1011695,201900053226,2,15,16:05,1,2,1,1.0,6.0,67482,ROBERTSAU (ALLEE DE LA),M,"48,5877730","7,7649330",67,2019,50.0,1.0,1.0,4.0,2262391,10.0,3,1,1,5.0,,4.0,3,1994.0,A01,138Â 205Â 957,8.0,0.0,-1.0,1726945,1.0,7,,0.0,1.0,2.0,A01,138Â 205Â 957,1.0
1011695,201900053226,2,15,16:05,1,2,1,1.0,6.0,67482,ROBERTSAU (ALLEE DE LA),M,"48,5877730","7,7649330",67,2019,50.0,1.0,1.0,4.0,2262392,10.0,3,4,1,5.0,,4.0,3,2015.0,A01,138Â 205Â 957,8.0,0.0,-1.0,1726945,1.0,7,,0.0,1.0,2.0,A01,138Â 205Â 957,1.0
1011695,201900053226,2,15,16:05,1,2,1,1.0,6.0,67482,ROBERTSAU (ALLEE DE LA),M,"48,5877730","7,7649330",67,2019,50.0,1.0,1.0,4.0,2262393,10.0,3,4,1,5.0,,4.0,3,2017.0,A01,138Â 205Â 957,8.0,0.0,-1.0,1726945,1.0,7,,0.0,1.0,2.0,A01,138Â 205Â 957,1.0
1011695,201900053226,2,15,16:05,1,2,1,1.0,6.0,67482,ROBERTSAU (ALLEE DE LA),M,"48,5877730","7,7649330",67,2019,50.0,1.0,1.0,4.0,2262394,1.0,1,1,1,1.0,,-1.0,0,1994.0,A01,138Â 205Â 957,1.0,8.0,-1.0,1726945,1.0,7,,0.0,1.0,2.0,A01,138Â 205Â 957,1.0
1011696,201900053227,2,15,22:00,3,2,1,1.0,6.0,67180,QUATRE VENTS (RUE DES),M,"48,8119160","7,8169370",67,2019,50.0,1.0,1.0,4.0,2262395,1.0,1,3,1,5.0,,-1.0,0,1991.0,A01,138Â 205Â 956,8.0,8.0,-1.0,1726946,3.0,7,,2.0,0.0,1.0,A01,138Â 205Â 956,1.0
1011697,201900053228,2,17,05:00,3,2,2,1.0,3.0,66136,BRIAND BOULEVARD ARISTIDE,M,"42,6952900","2,9022500",66,2019,50.0,1.0,1.0,4.0,2262396,1.0,1,1,1,5.0,,0.0,0,1990.0,A01,138Â 205Â 954,1.0,0.0,-1.0,1726947,2.0,7,,0.0,2.0,3.0,A01,138Â 205Â 954,1.0
1011697,201900053228,2,17,05:00,3,2,2,1.0,3.0,66136,BRIAND BOULEVARD ARISTIDE,M,"42,6952900","2,9022500",66,2019,50.0,1.0,1.0,4.0,2262396,1.0,1,1,1,5.0,,0.0,0,1990.0,A01,138Â 205Â 954,1.0,0.0,-1.0,1726948,1.0,31,,0.0,2.0,1.0,B01,138Â 205Â 955,1.0
1011697,201900053228,2,17,05:00,3,2,2,1.0,3.0,66136,BRIAND BOULEVARD ARISTIDE,M,"42,6952900","2,9022500",66,2019,50.0,1.0,1.0,4.0,2262397,1.0,1,3,1,5.0,,0.0,0,1989.0,B01,138Â 205Â 955,2.0,8.0,-1.0,1726947,2.0,7,,0.0,2.0,3.0,A01,138Â 205Â 954,1.0
1011697,201900053228,2,17,05:00,3,2,2,1.0,3.0,66136,BRIAND BOULEVARD ARISTIDE,M,"42,6952900","2,9022500",66,2019,50.0,1.0,1.0,4.0,2262397,1.0,1,3,1,5.0,,0.0,0,1989.0,B01,138Â 205Â 955,2.0,8.0,-1.0,1726948,1.0,31,,0.0,2.0,1.0,B01,138Â 205Â 955,1.0
1011698,201900053229,2,18,10:05,1,2,9,1.0,3.0,64483,JALDAY III (AVENUE DE),M,"43,4052500"," -1,6255800",64,2019,50.0,1.0,1.0,4.0,2262398,1.0,1,1,2,4.0,,0.0,0,1969.0,A01,138Â 205Â 952,1.0,0.0,-1.0,1726949,1.0,10,,0.0,2.0,2.0,A01,138Â 205Â 952,1.0
1011698,201900053229,2,18,10:05,1,2,9,1.0,3.0,64483,JALDAY III (AVENUE DE),M,"43,4052500"," -1,6255800",64,2019,50.0,1.0,1.0,4.0,2262398,1.0,1,1,2,4.0,,0.0,0,1969.0,A01,138Â 205Â 952,1.0,0.0,-1.0,1726950,2.0,7,,0.0,2.0,1.0,B01,138Â 205Â 953,0.0
1011698,201900053229,2,18,10:05,1,2,9,1.0,3.0,64483,JALDAY III (AVENUE DE),M,"43,4052500"," -1,6255800",64,2019,50.0,1.0,1.0,4.0,2262399,2.0,2,4,2,0.0,,0.0,0,1951.0,B01,138Â 205Â 953,1.0,0.0,-1.0,1726949,1.0,10,,0.0,2.0,2.0,A01,138Â 205Â 952,1.0
1011698,201900053229,2,18,10:05,1,2,9,1.0,3.0,64483,JALDAY III (AVENUE DE),M,"43,4052500"," -1,6255800",64,2019,50.0,1.0,1.0,4.0,2262399,2.0,2,4,2,0.0,,0.0,0,1951.0,B01,138Â 205Â 953,1.0,0.0,-1.0,1726950,2.0,7,,0.0,2.0,1.0,B01,138Â 205Â 953,0.0
1011698,201900053229,2,18,10:05,1,2,9,1.0,3.0,64483,JALDAY III (AVENUE DE),M,"43,4052500"," -1,6255800",64,2019,50.0,1.0,1.0,4.0,2262400,1.0,1,4,2,0.0,,0.0,0,1985.0,B01,138Â 205Â 953,1.0,0.0,-1.0,1726949,1.0,10,,0.0,2.0,2.0,A01,138Â 205Â 952,1.0
1011698,201900053229,2,18,10:05,1,2,9,1.0,3.0,64483,JALDAY III (AVENUE DE),M,"43,4052500"," -1,6255800",64,2019,50.0,1.0,1.0,4.0,2262400,1.0,1,4,2,0.0,,0.0,0,1985.0,B01,138Â 205Â 953,1.0,0.0,-1.0,1726950,2.0,7,,0.0,2.0,1.0,B01,138Â 205Â 953,0.0
1011699,201900053230,2,16,16:47,1,2,1,1.0,3.0,61006,CARNOT (BOULEVARD),M,"48,7380910"," -0,0235080",61,2019,50.0,1.0,1.0,3.0,2262401,1.0,1,2,1,5.0,,0.0,0,1963.0,A01,138Â 205Â 950,2.0,6.0,-1.0,1726951,2.0,33,,0.0,2.0,1.0,A01,138Â 205Â 950,1.0
1011699,201900053230,2,16,16:47,1,2,1,1.0,3.0,61006,CARNOT (BOULEVARD),M,"48,7380910"," -0,0235080",61,2019,50.0,1.0,1.0,3.0,2262401,1.0,1,2,1,5.0,,0.0,0,1963.0,A01,138Â 205Â 950,2.0,6.0,-1.0,1726952,2.0,7,,0.0,2.0,3.0,B01,138Â 205Â 951,1.0
1011699,201900053230,2,16,16:47,1,2,1,1.0,3.0,61006,CARNOT (BOULEVARD),M,"48,7380910"," -0,0235080",61,2019,50.0,1.0,1.0,3.0,2262402,2.0,2,1,2,5.0,,0.0,0,1978.0,B01,138Â 205Â 951,1.0,0.0,-1.0,1726951,2.0,33,,0.0,2.0,1.0,A01,138Â 205Â 950,1.0
1011699,201900053230,2,16,16:47,1,2,1,1.0,3.0,61006,CARNOT (BOULEVARD),M,"48,7380910"," -0,0235080",61,2019,50.0,1.0,1.0,3.0,2262402,2.0,2,1,2,5.0,,0.0,0,1978.0,B01,138Â 205Â 951,1.0,0.0,-1.0,1726952,2.0,7,,0.0,2.0,3.0,B01,138Â 205Â 951,1.0
1011699,201900053230,2,16,16:47,1,2,1,1.0,3.0,61006,CARNOT (BOULEVARD),M,"48,7380910"," -0,0235080",61,2019,50.0,1.0,1.0,3.0,2262403,1.0,1,1,2,5.0,,0.0,0,1968.0,B01,138Â 205Â 951,1.0,0.0,-1.0,1726951,2.0,33,,0.0,2.0,1.0,A01,138Â 205Â 950,1.0
1011699,201900053230,2,16,16:47,1,2,1,1.0,3.0,61006,CARNOT (BOULEVARD),M,"48,7380910"," -0,0235080",61,2019,50.0,1.0,1.0,3.0,2262403,1.0,1,1,2,5.0,,0.0,0,1968.0,B01,138Â 205Â 951,1.0,0.0,-1.0,1726952,2.0,7,,0.0,2.0,3.0,B01,138Â 205Â 951,1.0
1011700,201900053231,2,15,15:45,1,1,1,1.0,1.0,60159,RD 332 ,M,"49,4037700","2,8393000",60,2019,80.0,1.0,1.0,3.0,2262404,1.0,1,3,1,0.0,,-1.0,0,1988.0,A01,138Â 205Â 948,1.0,0.0,-1.0,1726953,0.0,7,,0.0,2.0,1.0,A01,138Â 205Â 948,1.0
1011700,201900053231,2,15,15:45,1,1,1,1.0,1.0,60159,RD 332 ,M,"49,4037700","2,8393000",60,2019,80.0,1.0,1.0,3.0,2262404,1.0,1,3,1,0.0,,-1.0,0,1988.0,A01,138Â 205Â 948,1.0,0.0,-1.0,1726954,0.0,7,,13.0,2.0,3.0,B01,138Â 205Â 949,1.0
1011700,201900053231,2,15,15:45,1,1,1,1.0,1.0,60159,RD 332 ,M,"49,4037700","2,8393000",60,2019,80.0,1.0,1.0,3.0,2262405,1.0,1,3,2,3.0,,-1.0,0,1946.0,B01,138Â 205Â 949,1.0,0.0,-1.0,1726953,0.0,7,,0.0,2.0,1.0,A01,138Â 205Â 948,1.0
1011700,201900053231,2,15,15:45,1,1,1,1.0,1.0,60159,RD 332 ,M,"49,4037700","2,8393000",60,2019,80.0,1.0,1.0,3.0,2262405,1.0,1,3,2,3.0,,-1.0,0,1946.0,B01,138Â 205Â 949,1.0,0.0,-1.0,1726954,0.0,7,,13.0,2.0,3.0,B01,138Â 205Â 949,1.0
1011701,201900053232,2,6,18:00,5,2,2,1.0,3.0,59350,SOLFERINO RUE NÂ°1 - 159,M,"50,6307800","3,0557100",59,2019,50.0,1.0,1.0,4.0,2262406,1.0,1,1,1,0.0,,-1.0,0,1950.0,Z01,138Â 205Â 946,8.0,0.0,-1.0,1726955,1.0,10,,0.0,0.0,0.0,Z01,138Â 205Â 946,0.0
1011701,201900053232,2,6,18:00,5,2,2,1.0,3.0,59350,SOLFERINO RUE NÂ°1 - 159,M,"50,6307800","3,0557100",59,2019,50.0,1.0,1.0,4.0,2262406,1.0,1,1,1,0.0,,-1.0,0,1950.0,Z01,138Â 205Â 946,8.0,0.0,-1.0,1726956,1.0,1,,0.0,2.0,3.0,A01,138Â 205Â 947,0.0
1011701,201900053232,2,6,18:00,5,2,2,1.0,3.0,59350,SOLFERINO RUE NÂ°1 - 159,M,"50,6307800","3,0557100",59,2019,50.0,1.0,1.0,4.0,2262407,1.0,1,4,1,0.0,,-1.0,0,1991.0,A01,138Â 205Â 947,8.0,0.0,-1.0,1726955,1.0,10,,0.0,0.0,0.0,Z01,138Â 205Â 946,0.0
1011701,201900053232,2,6,18:00,5,2,2,1.0,3.0,59350,SOLFERINO RUE NÂ°1 - 159,M,"50,6307800","3,0557100",59,2019,50.0,1.0,1.0,4.0,2262407,1.0,1,4,1,0.0,,-1.0,0,1991.0,A01,138Â 205Â 947,8.0,0.0,-1.0,1726956,1.0,1,,0.0,2.0,3.0,A01,138Â 205Â 947,0.0
1011702,201900053233,2,17,14:35,1,2,1,1.0,6.0,59361,JAURES (RES. JEAN),M,"50,3165940","3,3593860",59,2019,50.0,1.0,1.0,3.0,2262408,1.0,1,2,1,-1.0,,-1.0,0,2000.0,A01,138Â 205Â 945,0.0,-1.0,-1.0,1726957,1.0,33,,1.0,0.0,1.0,A01,138Â 205Â 945,1.0
1011703,201900053234,2,15,16:05,1,2,1,1.0,6.0,57463,SENTE A MY (RUE ),M,"49,0958300","6,1774100",57,2019,10.0,1.0,1.0,4.0,2262409,1.0,1,1,2,5.0,,0.0,0,1958.0,A01,138Â 205Â 944,1.0,8.0,-1.0,1726958,0.0,7,,0.0,1.0,5.0,A01,138Â 205Â 944,1.0
1011703,201900053234,2,15,16:05,1,2,1,1.0,6.0,57463,SENTE A MY (RUE ),M,"49,0958300","6,1774100",57,2019,10.0,1.0,1.0,4.0,2262410,10.0,3,3,2,5.0,,5.0,6,1935.0,A01,138Â 205Â 944,8.0,0.0,-1.0,1726958,0.0,7,,0.0,1.0,5.0,A01,138Â 205Â 944,1.0
1011704,201900053235,2,17,14:00,1,2,1,1.0,7.0,56098,PEROS (RUE DE),M,"47,7612400"," -3,3206900",56,2019,50.0,1.0,1.0,4.0,2262411,1.0,1,4,2,0.0,,0.0,0,1947.0,A01,138Â 205Â 943,1.0,8.0,-1.0,1726959,1.0,7,,16.0,0.0,1.0,A01,138Â 205Â 943,1.0
1011705,201900053236,2,17,05:25,5,2,3,8.0,1.0,56121,MARNE ( AV DE LA ),M,"47,7435510"," -3,3682800",56,2019,50.0,1.0,2.0,4.0,2262412,1.0,1,1,1,4.0,,0.0,0,1962.0,B01,138Â 205Â 941,1.0,8.0,-1.0,1726960,1.0,7,,0.0,2.0,3.0,B01,138Â 205Â 941,1.0
1011705,201900053236,2,17,05:25,5,2,3,8.0,1.0,56121,MARNE ( AV DE LA ),M,"47,7435510"," -3,3682800",56,2019,50.0,1.0,2.0,4.0,2262412,1.0,1,1,1,4.0,,0.0,0,1962.0,B01,138Â 205Â 941,1.0,8.0,-1.0,1726961,1.0,1,,0.0,2.0,1.0,A01,138Â 205Â 942,5.0
1011705,201900053236,2,17,05:25,5,2,3,8.0,1.0,56121,MARNE ( AV DE LA ),M,"47,7435510"," -3,3682800",56,2019,50.0,1.0,2.0,4.0,2262413,1.0,1,4,2,5.0,,0.0,0,1998.0,A01,138Â 205Â 942,8.0,0.0,-1.0,1726960,1.0,7,,0.0,2.0,3.0,B01,138Â 205Â 941,1.0
1011705,201900053236,2,17,05:25,5,2,3,8.0,1.0,56121,MARNE ( AV DE LA ),M,"47,7435510"," -3,3682800",56,2019,50.0,1.0,2.0,4.0,2262413,1.0,1,4,2,5.0,,0.0,0,1998.0,A01,138Â 205Â 942,8.0,0.0,-1.0,1726961,1.0,1,,0.0,2.0,1.0,A01,138Â 205Â 942,5.0
1011706,201900053237,2,14,14:15,1,2,3,1.0,3.0,51454,BOULEVARD DU MARECHAL DE LATTRE DE TASSIGNY,M,"49,2563691","4,0618999",51,2019,50.0,1.0,1.0,4.0,2262414,2.0,2,1,2,0.0,,-1.0,0,1977.0,Z01,138Â 205Â 937,1.0,0.0,-1.0,1726962,1.0,7,,0.0,2.0,2.0,Z01,138Â 205Â 937,0.0
1011706,201900053237,2,14,14:15,1,2,3,1.0,3.0,51454,BOULEVARD DU MARECHAL DE LATTRE DE TASSIGNY,M,"49,2563691","4,0618999",51,2019,50.0,1.0,1.0,4.0,2262414,2.0,2,1,2,0.0,,-1.0,0,1977.0,Z01,138Â 205Â 937,1.0,0.0,-1.0,1726963,1.0,1,,0.0,2.0,1.0,B01,138Â 205Â 938,5.0
1011706,201900053237,2,14,14:15,1,2,3,1.0,3.0,51454,BOULEVARD DU MARECHAL DE LATTRE DE TASSIGNY,M,"49,2563691","4,0618999",51,2019,50.0,1.0,1.0,4.0,2262415,1.0,1,1,2,0.0,,-1.0,0,1978.0,Z01,138Â 205Â 937,8.0,0.0,-1.0,1726962,1.0,7,,0.0,2.0,2.0,Z01,138Â 205Â 937,0.0
1011706,201900053237,2,14,14:15,1,2,3,1.0,3.0,51454,BOULEVARD DU MARECHAL DE LATTRE DE TASSIGNY,M,"49,2563691","4,0618999",51,2019,50.0,1.0,1.0,4.0,2262415,1.0,1,1,2,0.0,,-1.0,0,1978.0,Z01,138Â 205Â 937,8.0,0.0,-1.0,1726963,1.0,1,,0.0,2.0,1.0,B01,138Â 205Â 938,5.0