Unnamed: 0_x,num_acc,mois,jour,hrmn,lum,agg,int,atm,col,com,adr,gps,lat,long,dep,annee,vma,situ,surf,catr,Unnamed: 0_y,place,catu,grav,sexe,trajet,secu,locp,actp,an_nais,num_veh_x,id_vehicule_x,secu1,secu2,secu3,Unnamed: 0,senc,catv,occutc,obs,obsm,choc,num_veh_y,id_vehicule_y,motor
1011706,201900053237,2,14,14:15,1,2,3,1.0,3.0,51454,BOULEVARD DU MARECHAL DE LATTRE DE TASSIGNY,M,"49,2563691","4,0618999",51,2019,50.0,1.0,1.0,4.0,2262416,1.0,1,3,1,5.0,,-1.0,0,1945.0,B01,138Â 205Â 938,8.0,0.0,-1.0,1726962,1.0,7,,0.0,2.0,2.0,Z01,138Â 205Â 937,0.0
1011706,201900053237,2,14,14:15,1,2,3,1.0,3.0,51454,BOULEVARD DU MARECHAL DE LATTRE DE TASSIGNY,M,"49,2563691","4,0618999",51,2019,50.0,1.0,1.0,4.0,2262416,1.0,1,3,1,5.0,,-1.0,0,1945.0,B01,138Â 205Â 938,8.0,0.0,-1.0,1726963,1.0,1,,0.0,2.0,1.0,B01,138Â 205Â 938,5.0
1011707,201900053238,2,17,16:00,1,2,1,1.0,2.0,50129,NORMANDIE (AVENUE DE),M,"49,6281100"," -1,6244500",50,2019,50.0,1.0,1.0,4.0,2262417,1.0,1,3,1,5.0,,-1.0,0,1966.0,A01,138Â 205Â 935,2.0,6.0,-1.0,1726964,0.0,33,,0.0,2.0,1.0,A01,138Â 205Â 935,1.0
1011707,201900053238,2,17,16:00,1,2,1,1.0,2.0,50129,NORMANDIE (AVENUE DE),M,"49,6281100"," -1,6244500",50,2019,50.0,1.0,1.0,4.0,2262417,1.0,1,3,1,5.0,,-1.0,0,1966.0,A01,138Â 205Â 935,2.0,6.0,-1.0,1726965,0.0,7,,0.0,2.0,4.0,B01,138Â 205Â 936,1.0
1011707,201900053238,2,17,16:00,1,2,1,1.0,2.0,50129,NORMANDIE (AVENUE DE),M,"49,6281100"," -1,6244500",50,2019,50.0,1.0,1.0,4.0,2262418,2.0,2,4,1,5.0,,-1.0,0,1995.0,A01,138Â 205Â 935,2.0,0.0,-1.0,1726964,0.0,33,,0.0,2.0,1.0,A01,138Â 205Â 935,1.0
1011707,201900053238,2,17,16:00,1,2,1,1.0,2.0,50129,NORMANDIE (AVENUE DE),M,"49,6281100"," -1,6244500",50,2019,50.0,1.0,1.0,4.0,2262418,2.0,2,4,1,5.0,,-1.0,0,1995.0,A01,138Â 205Â 935,2.0,0.0,-1.0,1726965,0.0,7,,0.0,2.0,4.0,B01,138Â 205Â 936,1.0
1011707,201900053238,2,17,16:00,1,2,1,1.0,2.0,50129,NORMANDIE (AVENUE DE),M,"49,6281100"," -1,6244500",50,2019,50.0,1.0,1.0,4.0,2262419,1.0,1,1,2,5.0,,-1.0,0,1969.0,B01,138Â 205Â 936,1.0,0.0,-1.0,1726964,0.0,33,,0.0,2.0,1.0,A01,138Â 205Â 935,1.0
1011707,201900053238,2,17,16:00,1,2,1,1.0,2.0,50129,NORMANDIE (AVENUE DE),M,"49,6281100"," -1,6244500",50,2019,50.0,1.0,1.0,4.0,2262419,1.0,1,1,2,5.0,,-1.0,0,1969.0,B01,138Â 205Â 936,1.0,0.0,-1.0,1726965,0.0,7,,0.0,2.0,4.0,B01,138Â 205Â 936,1.0
1011708,201900053239,2,15,06:17,5,2,1,1.0,7.0,49015,MENDES FRANCE AVENUE PIERRE,M,"47,5103500"," -0,5940400",49,2019,50.0,1.0,1.0,4.0,2262420,1.0,1,3,2,1.0,,-1.0,0,2001.0,A01,138Â 205Â 934,2.0,8.0,-1.0,1726966,1.0,30,,0.0,0.0,7.0,A01,138Â 205Â 934,1.0
1011709,201900053240,2,14,07:20,5,1,1,1.0,7.0,49007,MONTAIGNE AVENUE,M,"47,4659400"," -0,5229900",49,2019,70.0,1.0,1.0,4.0,2262421,1.0,1,4,1,0.0,,-1.0,0,1998.0,A01,138Â 205Â 933,1.0,8.0,-1.0,1726967,1.0,7,,4.0,0.0,9.0,A01,138Â 205Â 933,0.0
1011710,201900053241,2,18,18:30,3,1,1,1.0,6.0,45338,RUE DU PONT DE FEUILLET,M,"47,9975200","2,6876100",45,2019,80.0,1.0,1.0,4.0,2262422,1.0,1,1,1,5.0,,-1.0, -1,2000.0,A01,138Â 205Â 932,1.0,0.0,-1.0,1726968,1.0,10,,8.0,0.0,0.0,A01,138Â 205Â 932,1.0
1011710,201900053241,2,18,18:30,3,1,1,1.0,6.0,45338,RUE DU PONT DE FEUILLET,M,"47,9975200","2,6876100",45,2019,80.0,1.0,1.0,4.0,2262423,4.0,2,3,2,5.0,,-1.0, -1,2001.0,A01,138Â 205Â 932,1.0,8.0,-1.0,1726968,1.0,10,,8.0,0.0,0.0,A01,138Â 205Â 932,1.0
1011710,201900053241,2,18,18:30,3,1,1,1.0,6.0,45338,RUE DU PONT DE FEUILLET,M,"47,9975200","2,6876100",45,2019,80.0,1.0,1.0,4.0,2262424,2.0,2,1,1,5.0,,-1.0, -1,2003.0,A01,138Â 205Â 932,1.0,8.0,-1.0,1726968,1.0,10,,8.0,0.0,0.0,A01,138Â 205Â 932,1.0
1011711,201900053242,2,15,16:15,1,2,3,1.0,3.0,44184,G. ANDRÃ/G. SAND,M,"47,2688500"," -2,2281300",44,2019,50.0,1.0,1.0,4.0,2262425,1.0,1,4,1,5.0,,0.0,0,1994.0,A01,138Â 205Â 930,1.0,0.0,-1.0,1726969,3.0,7,,0.0,2.0,3.0,A01,138Â 205Â 930,1.0
1011711,201900053242,2,15,16:15,1,2,3,1.0,3.0,44184,G. ANDRÃ/G. SAND,M,"47,2688500"," -2,2281300",44,2019,50.0,1.0,1.0,4.0,2262425,1.0,1,4,1,5.0,,0.0,0,1994.0,A01,138Â 205Â 930,1.0,0.0,-1.0,1726970,3.0,1,,0.0,2.0,1.0,B01,138Â 205Â 931,5.0
1011711,201900053242,2,15,16:15,1,2,3,1.0,3.0,44184,G. ANDRÃ/G. SAND,M,"47,2688500"," -2,2281300",44,2019,50.0,1.0,1.0,4.0,2262426,10.0,3,4,2,5.0,,9.0,0,1938.0,B01,138Â 205Â 931,8.0,0.0,-1.0,1726969,3.0,7,,0.0,2.0,3.0,A01,138Â 205Â 930,1.0
1011711,201900053242,2,15,16:15,1,2,3,1.0,3.0,44184,G. ANDRÃ/G. SAND,M,"47,2688500"," -2,2281300",44,2019,50.0,1.0,1.0,4.0,2262426,10.0,3,4,2,5.0,,9.0,0,1938.0,B01,138Â 205Â 931,8.0,0.0,-1.0,1726970,3.0,1,,0.0,2.0,1.0,B01,138Â 205Â 931,5.0
1011712,201900053243,2,18,09:15,1,1,1,1.0,1.0,38318,RD 75,M,"45,5373000","4,9270000",38,2019,80.0,1.0,1.0,3.0,2262427,1.0,1,4,1,1.0,,-1.0, -1,1999.0,B01,138Â 205Â 928,1.0,0.0,-1.0,1726971,0.0,7,,0.0,2.0,1.0,B01,138Â 205Â 928,1.0
1011712,201900053243,2,18,09:15,1,1,1,1.0,1.0,38318,RD 75,M,"45,5373000","4,9270000",38,2019,80.0,1.0,1.0,3.0,2262427,1.0,1,4,1,1.0,,-1.0, -1,1999.0,B01,138Â 205Â 928,1.0,0.0,-1.0,1726972,0.0,7,,0.0,2.0,1.0,A01,138Â 205Â 929,1.0
1011712,201900053243,2,18,09:15,1,1,1,1.0,1.0,38318,RD 75,M,"45,5373000","4,9270000",38,2019,80.0,1.0,1.0,3.0,2262428,1.0,1,4,1,0.0,,-1.0, -1,1964.0,A01,138Â 205Â 929,1.0,5.0,-1.0,1726971,0.0,7,,0.0,2.0,1.0,B01,138Â 205Â 928,1.0
1011712,201900053243,2,18,09:15,1,1,1,1.0,1.0,38318,RD 75,M,"45,5373000","4,9270000",38,2019,80.0,1.0,1.0,3.0,2262428,1.0,1,4,1,0.0,,-1.0, -1,1964.0,A01,138Â 205Â 929,1.0,5.0,-1.0,1726972,0.0,7,,0.0,2.0,1.0,A01,138Â 205Â 929,1.0
1011713,201900053244,2,16,18:16,1,2,1,1.0,4.0,36202,AVENUE D'OCCITANIE,M,"46,7891000","1,6604400",36,2019,50.0,1.0,1.0,4.0,2262429,1.0,1,1,1,5.0,,0.0,0,2002.0,B01,138Â 205Â 925,2.0,8.0,-1.0,1726973,1.0,31,,0.0,2.0,1.0,B01,138Â 205Â 925,1.0
1011713,201900053244,2,16,18:16,1,2,1,1.0,4.0,36202,AVENUE D'OCCITANIE,M,"46,7891000","1,6604400",36,2019,50.0,1.0,1.0,4.0,2262429,1.0,1,1,1,5.0,,0.0,0,2002.0,B01,138Â 205Â 925,2.0,8.0,-1.0,1726974,1.0,31,,0.0,2.0,1.0,C01,138Â 205Â 926,1.0
1011713,201900053244,2,16,18:16,1,2,1,1.0,4.0,36202,AVENUE D'OCCITANIE,M,"46,7891000","1,6604400",36,2019,50.0,1.0,1.0,4.0,2262429,1.0,1,1,1,5.0,,0.0,0,2002.0,B01,138Â 205Â 925,2.0,8.0,-1.0,1726975,1.0,31,,0.0,2.0,1.0,A01,138Â 205Â 927,1.0
1011713,201900053244,2,16,18:16,1,2,1,1.0,4.0,36202,AVENUE D'OCCITANIE,M,"46,7891000","1,6604400",36,2019,50.0,1.0,1.0,4.0,2262430,1.0,1,1,1,5.0,,0.0,0,2002.0,C01,138Â 205Â 926,2.0,8.0,-1.0,1726973,1.0,31,,0.0,2.0,1.0,B01,138Â 205Â 925,1.0
1011713,201900053244,2,16,18:16,1,2,1,1.0,4.0,36202,AVENUE D'OCCITANIE,M,"46,7891000","1,6604400",36,2019,50.0,1.0,1.0,4.0,2262430,1.0,1,1,1,5.0,,0.0,0,2002.0,C01,138Â 205Â 926,2.0,8.0,-1.0,1726974,1.0,31,,0.0,2.0,1.0,C01,138Â 205Â 926,1.0
1011713,201900053244,2,16,18:16,1,2,1,1.0,4.0,36202,AVENUE D'OCCITANIE,M,"46,7891000","1,6604400",36,2019,50.0,1.0,1.0,4.0,2262430,1.0,1,1,1,5.0,,0.0,0,2002.0,C01,138Â 205Â 926,2.0,8.0,-1.0,1726975,1.0,31,,0.0,2.0,1.0,A01,138Â 205Â 927,1.0
1011713,201900053244,2,16,18:16,1,2,1,1.0,4.0,36202,AVENUE D'OCCITANIE,M,"46,7891000","1,6604400",36,2019,50.0,1.0,1.0,4.0,2262431,1.0,1,3,1,5.0,,0.0,0,2002.0,A01,138Â 205Â 927,2.0,8.0,-1.0,1726973,1.0,31,,0.0,2.0,1.0,B01,138Â 205Â 925,1.0
1011713,201900053244,2,16,18:16,1,2,1,1.0,4.0,36202,AVENUE D'OCCITANIE,M,"46,7891000","1,6604400",36,2019,50.0,1.0,1.0,4.0,2262431,1.0,1,3,1,5.0,,0.0,0,2002.0,A01,138Â 205Â 927,2.0,8.0,-1.0,1726974,1.0,31,,0.0,2.0,1.0,C01,138Â 205Â 926,1.0
1011713,201900053244,2,16,18:16,1,2,1,1.0,4.0,36202,AVENUE D'OCCITANIE,M,"46,7891000","1,6604400",36,2019,50.0,1.0,1.0,4.0,2262431,1.0,1,3,1,5.0,,0.0,0,2002.0,A01,138Â 205Â 927,2.0,8.0,-1.0,1726975,1.0,31,,0.0,2.0,1.0,A01,138Â 205Â 927,1.0
1011714,201900053245,2,9,00:50,5,2,4,1.0,1.0,33075,AVE DE L EUROPE,M,"44,8851700"," -0,6110900",33,2019,50.0,1.0,1.0,4.0,2262432,1.0,1,4,1,0.0,,-1.0, -1,1986.0,B01,138Â 205Â 923,8.0,0.0,-1.0,1726976,1.0,7,,0.0,2.0,3.0,B01,138Â 205Â 923,1.0
1011714,201900053245,2,9,00:50,5,2,4,1.0,1.0,33075,AVE DE L EUROPE,M,"44,8851700"," -0,6110900",33,2019,50.0,1.0,1.0,4.0,2262432,1.0,1,4,1,0.0,,-1.0, -1,1986.0,B01,138Â 205Â 923,8.0,0.0,-1.0,1726977,2.0,7,,0.0,2.0,3.0,A01,138Â 205Â 924,1.0
1011715,201900053246,2,8,13:50,1,2,2,1.0,3.0,33162,RTE DE PAUILLAC,M,"44,8915100"," -0,6380800",33,2019,50.0,1.0,1.0,4.0,2262433,1.0,1,4,1,0.0,,-1.0, -1,1950.0,B01,138Â 205Â 921,8.0,0.0,-1.0,1726978,1.0,7,,0.0,2.0,1.0,B01,138Â 205Â 921,1.0
1011715,201900053246,2,8,13:50,1,2,2,1.0,3.0,33162,RTE DE PAUILLAC,M,"44,8915100"," -0,6380800",33,2019,50.0,1.0,1.0,4.0,2262433,1.0,1,4,1,0.0,,-1.0, -1,1950.0,B01,138Â 205Â 921,8.0,0.0,-1.0,1726979,2.0,10,,0.0,2.0,3.0,A01,138Â 205Â 922,1.0
1011715,201900053246,2,8,13:50,1,2,2,1.0,3.0,33162,RTE DE PAUILLAC,M,"44,8915100"," -0,6380800",33,2019,50.0,1.0,1.0,4.0,2262434,1.0,1,1,1,4.0,,-1.0, -1,1965.0,A01,138Â 205Â 922,8.0,0.0,-1.0,1726978,1.0,7,,0.0,2.0,1.0,B01,138Â 205Â 921,1.0
1011715,201900053246,2,8,13:50,1,2,2,1.0,3.0,33162,RTE DE PAUILLAC,M,"44,8915100"," -0,6380800",33,2019,50.0,1.0,1.0,4.0,2262434,1.0,1,1,1,4.0,,-1.0, -1,1965.0,A01,138Â 205Â 922,8.0,0.0,-1.0,1726979,2.0,10,,0.0,2.0,3.0,A01,138Â 205Â 922,1.0
1011716,201900053247,2,12,16:50,1,2,2,1.0,6.0,33167,PiÃ©tonne traversant Av.SALVADOR ALLENDE depuis centre commercial percutÃ©e par VTA R.jules Vernes tournant Ã  gauche,M,"44,8447400"," -0,5108300",33,2019,50.0,1.0,1.0,4.0,2262435,1.0,1,1,1,4.0,,-1.0, -1,1955.0,A01,138Â 205Â 920,8.0,0.0,-1.0,1726980,2.0,7,,0.0,1.0,3.0,A01,138Â 205Â 920,1.0
1011716,201900053247,2,12,16:50,1,2,2,1.0,6.0,33167,PiÃ©tonne traversant Av.SALVADOR ALLENDE depuis centre commercial percutÃ©e par VTA R.jules Vernes tournant Ã  gauche,M,"44,8447400"," -0,5108300",33,2019,50.0,1.0,1.0,4.0,2262436,10.0,3,3,2,9.0,,4.0,3,1950.0,A01,138Â 205Â 920,8.0,0.0,-1.0,1726980,2.0,7,,0.0,1.0,3.0,A01,138Â 205Â 920,1.0
1011717,201900053248,2,14,19:54,5,2,1,1.0,6.0,33318,AVE COLONEL ROBERT JACQUI,M,"44,8113100"," -0,6315000",33,2019,30.0,4.0,1.0,4.0,2262437,1.0,1,2,1,5.0,,-1.0, -1,2000.0,A01,138Â 205Â 919,2.0,0.0,-1.0,1726981,2.0,33,,8.0,0.0,1.0,A01,138Â 205Â 919,1.0
1011718,201900053249,2,18,13:20,1,2,1,1.0,3.0,31555,BD DES MINIMES,M,"43,6163700","1,4394800",31,2019,50.0,1.0,1.0,4.0,2262438,1.0,1,1,1,9.0,,-1.0,0,1977.0,B01,138Â 205Â 917,2.0,8.0,-1.0,1726982,2.0,33,,0.0,2.0,8.0,B01,138Â 205Â 917,1.0
1011718,201900053249,2,18,13:20,1,2,1,1.0,3.0,31555,BD DES MINIMES,M,"43,6163700","1,4394800",31,2019,50.0,1.0,1.0,4.0,2262438,1.0,1,1,1,9.0,,-1.0,0,1977.0,B01,138Â 205Â 917,2.0,8.0,-1.0,1726983,2.0,1,,0.0,2.0,0.0,A01,138Â 205Â 918,5.0
1011718,201900053249,2,18,13:20,1,2,1,1.0,3.0,31555,BD DES MINIMES,M,"43,6163700","1,4394800",31,2019,50.0,1.0,1.0,4.0,2262439,1.0,1,4,1,5.0,,-1.0,0,1954.0,A01,138Â 205Â 918,8.0,8.0,-1.0,1726982,2.0,33,,0.0,2.0,8.0,B01,138Â 205Â 917,1.0
1011718,201900053249,2,18,13:20,1,2,1,1.0,3.0,31555,BD DES MINIMES,M,"43,6163700","1,4394800",31,2019,50.0,1.0,1.0,4.0,2262439,1.0,1,4,1,5.0,,-1.0,0,1954.0,A01,138Â 205Â 918,8.0,8.0,-1.0,1726983,2.0,1,,0.0,2.0,0.0,A01,138Â 205Â 918,5.0
1011719,201900053250,2,18,10:30,1,2,1,1.0,6.0,31555,AV CAMILLE PUJOL,M,"43,6007600","1,4633600",31,2019,50.0,1.0,1.0,4.0,2262440,1.0,1,4,1,9.0,,-1.0,0,1970.0,A01,138Â 205Â 916,2.0,8.0,-1.0,1726984,2.0,2,,0.0,0.0,7.0,A01,138Â 205Â 916,1.0
1011720,201900053251,2,17,07:00,3,1,1,1.0,6.0,31069,VOIE LACTEE (RD902),M,"43,6419500","1,3730000",31,2019,90.0,1.0,1.0,3.0,2262441,1.0,1,2,1,5.0,,-1.0,0,1985.0,A01,138Â 205Â 915,8.0,8.0,-1.0,1726985,2.0,7,,4.0,0.0,9.0,A01,138Â 205Â 915,1.0
1011720,201900053251,2,17,07:00,3,1,1,1.0,6.0,31069,VOIE LACTEE (RD902),M,"43,6419500","1,3730000",31,2019,90.0,1.0,1.0,3.0,2262442,2.0,2,3,1,5.0,,-1.0,0,1989.0,A01,138Â 205Â 915,1.0,8.0,-1.0,1726985,2.0,7,,4.0,0.0,9.0,A01,138Â 205Â 915,1.0
1011721,201900053252,2,16,06:30,2,1,1,5.0,7.0,31069,VA001490 A621,M,"43,6205710","1,3946010",31,2019,50.0,1.0,1.0,1.0,2262443,1.0,1,2,1,0.0,,-1.0,0,1955.0,A01,138Â 205Â 914,2.0,0.0,-1.0,1726986,0.0,33,,0.0,0.0,9.0,A01,138Â 205Â 914,1.0
1011722,201900053253,2,17,17:55,1,2,1,1.0,3.0,31557,PETIT TRAIN (RUE DU),M,"43,5792900","1,3264500",31,2019,50.0,1.0,1.0,4.0,2262444,1.0,1,4,1,5.0,,-1.0,0,2007.0,A01,138Â 205Â 912,2.0,8.0,-1.0,1726987,1.0,1,,0.0,2.0,8.0,A01,138Â 205Â 912,5.0
1011722,201900053253,2,17,17:55,1,2,1,1.0,3.0,31557,PETIT TRAIN (RUE DU),M,"43,5792900","1,3264500",31,2019,50.0,1.0,1.0,4.0,2262444,1.0,1,4,1,5.0,,-1.0,0,2007.0,A01,138Â 205Â 912,2.0,8.0,-1.0,1726988,1.0,7,,0.0,2.0,1.0,B01,138Â 205Â 913,1.0
1011722,201900053253,2,17,17:55,1,2,1,1.0,3.0,31557,PETIT TRAIN (RUE DU),M,"43,5792900","1,3264500",31,2019,50.0,1.0,1.0,4.0,2262445,1.0,1,1,1,5.0,,-1.0,0,1987.0,B01,138Â 205Â 913,1.0,8.0,-1.0,1726987,1.0,1,,0.0,2.0,8.0,A01,138Â 205Â 912,5.0
1011722,201900053253,2,17,17:55,1,2,1,1.0,3.0,31557,PETIT TRAIN (RUE DU),M,"43,5792900","1,3264500",31,2019,50.0,1.0,1.0,4.0,2262445,1.0,1,1,1,5.0,,-1.0,0,1987.0,B01,138Â 205Â 913,1.0,8.0,-1.0,1726988,1.0,7,,0.0,2.0,1.0,B01,138Â 205Â 913,1.0
1011723,201900053254,2,15,18:30,1,2,1,1.0,3.0,31149,Av Edouard Serres,M,"43,6115600","1,3520300",31,2019,50.0,1.0,1.0,4.0,2262446,1.0,1,1,1,0.0,,-1.0,0,1977.0,A01,138Â 205Â 910,1.0,0.0,-1.0,1726989,0.0,7,,0.0,2.0,3.0,A01,138Â 205Â 910,1.0
1011723,201900053254,2,15,18:30,1,2,1,1.0,3.0,31149,Av Edouard Serres,M,"43,6115600","1,3520300",31,2019,50.0,1.0,1.0,4.0,2262446,1.0,1,1,1,0.0,,-1.0,0,1977.0,A01,138Â 205Â 910,1.0,0.0,-1.0,1726990,0.0,33,,0.0,2.0,9.0,B01,138Â 205Â 911,1.0
1011723,201900053254,2,15,18:30,1,2,1,1.0,3.0,31149,Av Edouard Serres,M,"43,6115600","1,3520300",31,2019,50.0,1.0,1.0,4.0,2262447,1.0,1,4,1,0.0,,-1.0,0,1993.0,B01,138Â 205Â 911,2.0,0.0,-1.0,1726989,0.0,7,,0.0,2.0,3.0,A01,138Â 205Â 910,1.0
1011723,201900053254,2,15,18:30,1,2,1,1.0,3.0,31149,Av Edouard Serres,M,"43,6115600","1,3520300",31,2019,50.0,1.0,1.0,4.0,2262447,1.0,1,4,1,0.0,,-1.0,0,1993.0,B01,138Â 205Â 911,2.0,0.0,-1.0,1726990,0.0,33,,0.0,2.0,9.0,B01,138Â 205Â 911,1.0
1011724,201900053255,2,15,16:30,1,1,1,1.0,2.0,31555,VA007331 A620,M,"43,6013400","1,3986300",31,2019,90.0,1.0,1.0,1.0,2262448,1.0,1,4,2,9.0,,-1.0,0,1998.0,A01,138Â 205Â 908,1.0,8.0,-1.0,1726991,0.0,7,,0.0,2.0,1.0,A01,138Â 205Â 908,1.0
1011724,201900053255,2,15,16:30,1,1,1,1.0,2.0,31555,VA007331 A620,M,"43,6013400","1,3986300",31,2019,90.0,1.0,1.0,1.0,2262448,1.0,1,4,2,9.0,,-1.0,0,1998.0,A01,138Â 205Â 908,1.0,8.0,-1.0,1726992,0.0,10,,0.0,2.0,4.0,B01,138Â 205Â 909,1.0
1011724,201900053255,2,15,16:30,1,1,1,1.0,2.0,31555,VA007331 A620,M,"43,6013400","1,3986300",31,2019,90.0,1.0,1.0,1.0,2262449,1.0,1,1,1,9.0,,-1.0,0,1996.0,B01,138Â 205Â 909,1.0,8.0,-1.0,1726991,0.0,7,,0.0,2.0,1.0,A01,138Â 205Â 908,1.0
1011724,201900053255,2,15,16:30,1,1,1,1.0,2.0,31555,VA007331 A620,M,"43,6013400","1,3986300",31,2019,90.0,1.0,1.0,1.0,2262449,1.0,1,1,1,9.0,,-1.0,0,1996.0,B01,138Â 205Â 909,1.0,8.0,-1.0,1726992,0.0,10,,0.0,2.0,4.0,B01,138Â 205Â 909,1.0
1011725,201900053256,2,15,12:20,1,2,1,1.0,3.0,31555,BD D ARCOLE,M,"43,6105700","1,4433300",31,2019,50.0,1.0,1.0,4.0,2262450,1.0,1,1,2,9.0,,-1.0,0,1958.0,A01,138Â 205Â 906,1.0,8.0,-1.0,1726993,1.0,7,,0.0,2.0,7.0,A01,138Â 205Â 906,1.0
1011725,201900053256,2,15,12:20,1,2,1,1.0,3.0,31555,BD D ARCOLE,M,"43,6105700","1,4433300",31,2019,50.0,1.0,1.0,4.0,2262450,1.0,1,1,2,9.0,,-1.0,0,1958.0,A01,138Â 205Â 906,1.0,8.0,-1.0,1726994,1.0,33,,0.0,2.0,1.0,B01,138Â 205Â 907,1.0
1011725,201900053256,2,15,12:20,1,2,1,1.0,3.0,31555,BD D ARCOLE,M,"43,6105700","1,4433300",31,2019,50.0,1.0,1.0,4.0,2262451,1.0,1,4,1,9.0,,-1.0,0,1995.0,B01,138Â 205Â 907,2.0,8.0,-1.0,1726993,1.0,7,,0.0,2.0,7.0,A01,138Â 205Â 906,1.0
1011725,201900053256,2,15,12:20,1,2,1,1.0,3.0,31555,BD D ARCOLE,M,"43,6105700","1,4433300",31,2019,50.0,1.0,1.0,4.0,2262451,1.0,1,4,1,9.0,,-1.0,0,1995.0,B01,138Â 205Â 907,2.0,8.0,-1.0,1726994,1.0,33,,0.0,2.0,1.0,B01,138Â 205Â 907,1.0
1011726,201900053257,2,15,22:46,5,2,5,1.0,6.0,25388,COMBE AUX BICHES (RUE DE LA),M,"47,5159600","6,8105400",25,2019,50.0,1.0,1.0,3.0,2262452,1.0,1,1,1,5.0,,0.0,0,1980.0,A01,138Â 205Â 904,1.0,0.0,-1.0,1726995,1.0,7,,0.0,1.0,1.0,A01,138Â 205Â 904,1.0
1011726,201900053257,2,15,22:46,5,2,5,1.0,6.0,25388,COMBE AUX BICHES (RUE DE LA),M,"47,5159600","6,8105400",25,2019,50.0,1.0,1.0,3.0,2262453,10.0,3,4,2,5.0,,4.0,1,1932.0,A01,138Â 205Â 904,8.0,0.0,-1.0,1726995,1.0,7,,0.0,1.0,1.0,A01,138Â 205Â 904,1.0
1011727,201900053258,2,18,17:35,1,2,1,1.0,6.0,25056,LANCHY  RUE NARCISSE,M,"47,2591600","6,0286000",25,2019,50.0,1.0,1.0,4.0,2262454,10.0,3,3,1,0.0,,4.0,3,2002.0,A01,138Â 205Â 903,8.0,0.0,-1.0,1726996,0.0,7,,0.0,1.0,1.0,A01,138Â 205Â 903,0.0
1011728,201900053259,2,16,12:50,1,1,1,1.0,2.0,22187,RN12,M,"48,5451700"," -2,8012700",22,2019,110.0,1.0,1.0,2.0,2262455,1.0,1,4,1,1.0,,0.0,0,1987.0,A01,138Â 205Â 901,1.0,8.0,-1.0,1726997,1.0,7,,0.0,2.0,2.0,A01,138Â 205Â 901,1.0
1011728,201900053259,2,16,12:50,1,1,1,1.0,2.0,22187,RN12,M,"48,5451700"," -2,8012700",22,2019,110.0,1.0,1.0,2.0,2262455,1.0,1,4,1,1.0,,0.0,0,1987.0,A01,138Â 205Â 901,1.0,8.0,-1.0,1726998,1.0,7,,0.0,2.0,6.0,B01,138Â 205Â 902,1.0
1011728,201900053259,2,16,12:50,1,1,1,1.0,2.0,22187,RN12,M,"48,5451700"," -2,8012700",22,2019,110.0,1.0,1.0,2.0,2262456,2.0,2,1,2,3.0,,0.0,0,1955.0,B01,138Â 205Â 902,1.0,8.0,-1.0,1726997,1.0,7,,0.0,2.0,2.0,A01,138Â 205Â 901,1.0
1011728,201900053259,2,16,12:50,1,1,1,1.0,2.0,22187,RN12,M,"48,5451700"," -2,8012700",22,2019,110.0,1.0,1.0,2.0,2262456,2.0,2,1,2,3.0,,0.0,0,1955.0,B01,138Â 205Â 902,1.0,8.0,-1.0,1726998,1.0,7,,0.0,2.0,6.0,B01,138Â 205Â 902,1.0
1011728,201900053259,2,16,12:50,1,1,1,1.0,2.0,22187,RN12,M,"48,5451700"," -2,8012700",22,2019,110.0,1.0,1.0,2.0,2262457,1.0,1,1,1,3.0,,0.0,0,1962.0,B01,138Â 205Â 902,1.0,8.0,-1.0,1726997,1.0,7,,0.0,2.0,2.0,A01,138Â 205Â 901,1.0
1011728,201900053259,2,16,12:50,1,1,1,1.0,2.0,22187,RN12,M,"48,5451700"," -2,8012700",22,2019,110.0,1.0,1.0,2.0,2262457,1.0,1,1,1,3.0,,0.0,0,1962.0,B01,138Â 205Â 902,1.0,8.0,-1.0,1726998,1.0,7,,0.0,2.0,6.0,B01,138Â 205Â 902,1.0
1011729,201900053260,2,16,19:00,5,2,1,1.0,6.0,19031,MISTRAL (RUE FREDERIC),M,"45,1569400","1,5136600",19,2019,50.0,1.0,1.0,4.0,2262458,1.0,1,4,1,0.0,,-1.0, -1,1989.0,A01,138Â 205Â 900,2.0,8.0,-1.0,1726999,2.0,30,,1.0,0.0,2.0,A01,138Â 205Â 900,1.0
1011730,201900053261,2,18,17:50,1,2,1,1.0,2.0,17028,ANVILLE   RUE D',M,"46,1403800"," -1,1099200",17,2019,50.0,1.0,1.0,4.0,2262459,1.0,1,3,1,1.0,,-1.0, -1,1979.0,B01,138Â 205Â 898,2.0,8.0,-1.0,1727000,2.0,33,,0.0,2.0,8.0,B01,138Â 205Â 898,1.0
1011730,201900053261,2,18,17:50,1,2,1,1.0,2.0,17028,ANVILLE   RUE D',M,"46,1403800"," -1,1099200",17,2019,50.0,1.0,1.0,4.0,2262459,1.0,1,3,1,1.0,,-1.0, -1,1979.0,B01,138Â 205Â 898,2.0,8.0,-1.0,1727001,2.0,7,,0.0,2.0,1.0,A01,138Â 205Â 899,1.0
1011730,201900053261,2,18,17:50,1,2,1,1.0,2.0,17028,ANVILLE   RUE D',M,"46,1403800"," -1,1099200",17,2019,50.0,1.0,1.0,4.0,2262460,1.0,1,1,1,5.0,,-1.0, -1,1982.0,A01,138Â 205Â 899,1.0,8.0,-1.0,1727000,2.0,33,,0.0,2.0,8.0,B01,138Â 205Â 898,1.0