Unnamed: 0_x,num_acc,mois,jour,hrmn,lum,agg,int,atm,col,com,adr,gps,lat,long,dep,annee,vma,situ,surf,catr,Unnamed: 0_y,place,catu,grav,sexe,trajet,secu,locp,actp,an_nais,num_veh_x,id_vehicule_x,secu1,secu2,secu3,Unnamed: 0,senc,catv,occutc,obs,obsm,choc,num_veh_y,id_vehicule_y,motor
1011730,201900053261,2,18,17:50,1,2,1,1.0,2.0,17028,ANVILLE   RUE D',M,"46,1403800"," -1,1099200",17,2019,50.0,1.0,1.0,4.0,2262460,1.0,1,1,1,5.0,,-1.0, -1,1982.0,A01,138Â 205Â 899,1.0,8.0,-1.0,1727001,2.0,7,,0.0,2.0,1.0,A01,138Â 205Â 899,1.0
1011731,201900053262,2,18,17:19,1,2,1,1.0,3.0,13210,PAUL CLAUDEL (BOULEVARD),M,"43,2682700","5,4155700",13,2019,50.0,1.0,1.0,4.0,2262461,1.0,1,4,2,0.0,,-1.0, -1,1943.0,A01,138Â 205Â 894,1.0,0.0,-1.0,1727002,3.0,7,,0.0,2.0,1.0,A01,138Â 205Â 894,0.0
1011731,201900053262,2,18,17:19,1,2,1,1.0,3.0,13210,PAUL CLAUDEL (BOULEVARD),M,"43,2682700","5,4155700",13,2019,50.0,1.0,1.0,4.0,2262461,1.0,1,4,2,0.0,,-1.0, -1,1943.0,A01,138Â 205Â 894,1.0,0.0,-1.0,1727003,3.0,7,,0.0,2.0,0.0,B01,138Â 205Â 895,0.0
1011731,201900053262,2,18,17:19,1,2,1,1.0,3.0,13210,PAUL CLAUDEL (BOULEVARD),M,"43,2682700","5,4155700",13,2019,50.0,1.0,1.0,4.0,2262462,1.0,1,1,1,0.0,,0.0,0,1974.0,B01,138Â 205Â 895,1.0,0.0,-1.0,1727002,3.0,7,,0.0,2.0,1.0,A01,138Â 205Â 894,0.0
1011731,201900053262,2,18,17:19,1,2,1,1.0,3.0,13210,PAUL CLAUDEL (BOULEVARD),M,"43,2682700","5,4155700",13,2019,50.0,1.0,1.0,4.0,2262462,1.0,1,1,1,0.0,,0.0,0,1974.0,B01,138Â 205Â 895,1.0,0.0,-1.0,1727003,3.0,7,,0.0,2.0,0.0,B01,138Â 205Â 895,0.0
1011732,201900053263,2,18,15:45,1,2,1,1.0,2.0,13210,PAUL CLAUDEL (BOULEVARD),M,"43,2690100","5,4201900",13,2019,50.0,1.0,1.0,4.0,2262463,4.0,2,4,2,0.0,,-1.0, -1,2016.0,B01,138Â 205Â 892,3.0,8.0,-1.0,1727004,3.0,7,,0.0,2.0,4.0,B01,138Â 205Â 892,0.0
1011732,201900053263,2,18,15:45,1,2,1,1.0,2.0,13210,PAUL CLAUDEL (BOULEVARD),M,"43,2690100","5,4201900",13,2019,50.0,1.0,1.0,4.0,2262463,4.0,2,4,2,0.0,,-1.0, -1,2016.0,B01,138Â 205Â 892,3.0,8.0,-1.0,1727005,0.0,15,,0.0,2.0,1.0,A01,138Â 205Â 893,0.0
1011732,201900053263,2,18,15:45,1,2,1,1.0,2.0,13210,PAUL CLAUDEL (BOULEVARD),M,"43,2690100","5,4201900",13,2019,50.0,1.0,1.0,4.0,2262464,1.0,1,4,2,5.0,,0.0,0,1997.0,B01,138Â 205Â 892,1.0,0.0,-1.0,1727004,3.0,7,,0.0,2.0,4.0,B01,138Â 205Â 892,0.0
1011732,201900053263,2,18,15:45,1,2,1,1.0,2.0,13210,PAUL CLAUDEL (BOULEVARD),M,"43,2690100","5,4201900",13,2019,50.0,1.0,1.0,4.0,2262464,1.0,1,4,2,5.0,,0.0,0,1997.0,B01,138Â 205Â 892,1.0,0.0,-1.0,1727005,0.0,15,,0.0,2.0,1.0,A01,138Â 205Â 893,0.0
1011732,201900053263,2,18,15:45,1,2,1,1.0,2.0,13210,PAUL CLAUDEL (BOULEVARD),M,"43,2690100","5,4201900",13,2019,50.0,1.0,1.0,4.0,2262465,1.0,1,1,1,0.0,,-1.0, -1,1967.0,A01,138Â 205Â 893,1.0,0.0,-1.0,1727004,3.0,7,,0.0,2.0,4.0,B01,138Â 205Â 892,0.0
1011732,201900053263,2,18,15:45,1,2,1,1.0,2.0,13210,PAUL CLAUDEL (BOULEVARD),M,"43,2690100","5,4201900",13,2019,50.0,1.0,1.0,4.0,2262465,1.0,1,1,1,0.0,,-1.0, -1,1967.0,A01,138Â 205Â 893,1.0,0.0,-1.0,1727005,0.0,15,,0.0,2.0,1.0,A01,138Â 205Â 893,0.0
1011733,201900053264,2,18,15:30,1,2,1,1.0,3.0,13202,LAZARET (QUAI DU),M,"43,3087690","5,3663370",13,2019,50.0,1.0,1.0,9.0,2262466,1.0,1,3,1,9.0,,-1.0, -1,1976.0,B01,138Â 205Â 890,2.0,6.0,-1.0,1727006,1.0,34,,0.0,2.0,2.0,B01,138Â 205Â 890,1.0
1011733,201900053264,2,18,15:30,1,2,1,1.0,3.0,13202,LAZARET (QUAI DU),M,"43,3087690","5,3663370",13,2019,50.0,1.0,1.0,9.0,2262466,1.0,1,3,1,9.0,,-1.0, -1,1976.0,B01,138Â 205Â 890,2.0,6.0,-1.0,1727007,1.0,7,,0.0,2.0,3.0,A01,138Â 205Â 891,1.0
1011733,201900053264,2,18,15:30,1,2,1,1.0,3.0,13202,LAZARET (QUAI DU),M,"43,3087690","5,3663370",13,2019,50.0,1.0,1.0,9.0,2262467,1.0,1,1,1,5.0,,0.0,0,1976.0,A01,138Â 205Â 891,1.0,8.0,-1.0,1727006,1.0,34,,0.0,2.0,2.0,B01,138Â 205Â 890,1.0
1011733,201900053264,2,18,15:30,1,2,1,1.0,3.0,13202,LAZARET (QUAI DU),M,"43,3087690","5,3663370",13,2019,50.0,1.0,1.0,9.0,2262467,1.0,1,1,1,5.0,,0.0,0,1976.0,A01,138Â 205Â 891,1.0,8.0,-1.0,1727007,1.0,7,,0.0,2.0,3.0,A01,138Â 205Â 891,1.0
1011734,201900053265,2,18,16:30,1,2,1,1.0,6.0,13201,STALINGRAD (SQUARE),M,"43,2994240","5,3849960",13,2019,50.0,1.0,1.0,4.0,2262468,1.0,1,3,1,5.0,,0.0,0,1988.0,A01,138Â 205Â 889,2.0,0.0,-1.0,1727008,2.0,2,,1.0,1.0,0.0,A01,138Â 205Â 889,1.0
1011734,201900053265,2,18,16:30,1,2,1,1.0,6.0,13201,STALINGRAD (SQUARE),M,"43,2994240","5,3849960",13,2019,50.0,1.0,1.0,4.0,2262469,10.0,3,3,2,5.0,,2.0,3,1925.0,A01,138Â 205Â 889,0.0,0.0,0.0,1727008,2.0,2,,1.0,1.0,0.0,A01,138Â 205Â 889,1.0
1011735,201900053266,2,18,09:40,1,2,1,1.0,2.0,13205,SAKAKINI (BOULEVARD),M,"43,2926500","5,4011600",13,2019,50.0,1.0,1.0,4.0,2262470,2.0,2,4,2,5.0,,-1.0, -1,2002.0,B01,138Â 205Â 887,1.0,0.0,-1.0,1727009,1.0,7,,0.0,2.0,4.0,B01,138Â 205Â 887,1.0
1011735,201900053266,2,18,09:40,1,2,1,1.0,2.0,13205,SAKAKINI (BOULEVARD),M,"43,2926500","5,4011600",13,2019,50.0,1.0,1.0,4.0,2262470,2.0,2,4,2,5.0,,-1.0, -1,2002.0,B01,138Â 205Â 887,1.0,0.0,-1.0,1727010,1.0,15,,0.0,2.0,1.0,A01,138Â 205Â 888,1.0
1011735,201900053266,2,18,09:40,1,2,1,1.0,2.0,13205,SAKAKINI (BOULEVARD),M,"43,2926500","5,4011600",13,2019,50.0,1.0,1.0,4.0,2262471,1.0,1,1,2,5.0,,-1.0, -1,1980.0,B01,138Â 205Â 887,1.0,0.0,-1.0,1727009,1.0,7,,0.0,2.0,4.0,B01,138Â 205Â 887,1.0
1011735,201900053266,2,18,09:40,1,2,1,1.0,2.0,13205,SAKAKINI (BOULEVARD),M,"43,2926500","5,4011600",13,2019,50.0,1.0,1.0,4.0,2262471,1.0,1,1,2,5.0,,-1.0, -1,1980.0,B01,138Â 205Â 887,1.0,0.0,-1.0,1727010,1.0,15,,0.0,2.0,1.0,A01,138Â 205Â 888,1.0
1011735,201900053266,2,18,09:40,1,2,1,1.0,2.0,13205,SAKAKINI (BOULEVARD),M,"43,2926500","5,4011600",13,2019,50.0,1.0,1.0,4.0,2262472,1.0,1,1,1,4.0,,-1.0, -1,1989.0,A01,138Â 205Â 888,8.0,0.0,-1.0,1727009,1.0,7,,0.0,2.0,4.0,B01,138Â 205Â 887,1.0
1011735,201900053266,2,18,09:40,1,2,1,1.0,2.0,13205,SAKAKINI (BOULEVARD),M,"43,2926500","5,4011600",13,2019,50.0,1.0,1.0,4.0,2262472,1.0,1,1,1,4.0,,-1.0, -1,1989.0,A01,138Â 205Â 888,8.0,0.0,-1.0,1727010,1.0,15,,0.0,2.0,1.0,A01,138Â 205Â 888,1.0
1011736,201900053267,2,17,13:40,1,2,3,1.0,5.0,13207,Corniche John FitzgÃ©rald Kennedy,M,"43,2773080","5,3567210",13,2019,50.0,1.0,1.0,4.0,2262473,2.0,2,3,1,5.0,,0.0,0,1972.0,B01,138Â 205Â 884,2.0,0.0,-1.0,1727011,2.0,32,,0.0,2.0,1.0,B01,138Â 205Â 884,1.0
1011736,201900053267,2,17,13:40,1,2,3,1.0,5.0,13207,Corniche John FitzgÃ©rald Kennedy,M,"43,2773080","5,3567210",13,2019,50.0,1.0,1.0,4.0,2262473,2.0,2,3,1,5.0,,0.0,0,1972.0,B01,138Â 205Â 884,2.0,0.0,-1.0,1727012,1.0,10,,0.0,2.0,3.0,A01,138Â 205Â 885,1.0
1011736,201900053267,2,17,13:40,1,2,3,1.0,5.0,13207,Corniche John FitzgÃ©rald Kennedy,M,"43,2773080","5,3567210",13,2019,50.0,1.0,1.0,4.0,2262473,2.0,2,3,1,5.0,,0.0,0,1972.0,B01,138Â 205Â 884,2.0,0.0,-1.0,1727013,1.0,7,,0.0,2.0,0.0,T01,138Â 205Â 886,1.0
1011736,201900053267,2,17,13:40,1,2,3,1.0,5.0,13207,Corniche John FitzgÃ©rald Kennedy,M,"43,2773080","5,3567210",13,2019,50.0,1.0,1.0,4.0,2262474,1.0,1,3,1,5.0,,0.0,0,1973.0,B01,138Â 205Â 884,2.0,0.0,-1.0,1727011,2.0,32,,0.0,2.0,1.0,B01,138Â 205Â 884,1.0
1011736,201900053267,2,17,13:40,1,2,3,1.0,5.0,13207,Corniche John FitzgÃ©rald Kennedy,M,"43,2773080","5,3567210",13,2019,50.0,1.0,1.0,4.0,2262474,1.0,1,3,1,5.0,,0.0,0,1973.0,B01,138Â 205Â 884,2.0,0.0,-1.0,1727012,1.0,10,,0.0,2.0,3.0,A01,138Â 205Â 885,1.0
1011736,201900053267,2,17,13:40,1,2,3,1.0,5.0,13207,Corniche John FitzgÃ©rald Kennedy,M,"43,2773080","5,3567210",13,2019,50.0,1.0,1.0,4.0,2262474,1.0,1,3,1,5.0,,0.0,0,1973.0,B01,138Â 205Â 884,2.0,0.0,-1.0,1727013,1.0,7,,0.0,2.0,0.0,T01,138Â 205Â 886,1.0
1011736,201900053267,2,17,13:40,1,2,3,1.0,5.0,13207,Corniche John FitzgÃ©rald Kennedy,M,"43,2773080","5,3567210",13,2019,50.0,1.0,1.0,4.0,2262475,1.0,1,1,1,4.0,,0.0,0,1977.0,A01,138Â 205Â 885,1.0,0.0,-1.0,1727011,2.0,32,,0.0,2.0,1.0,B01,138Â 205Â 884,1.0
1011736,201900053267,2,17,13:40,1,2,3,1.0,5.0,13207,Corniche John FitzgÃ©rald Kennedy,M,"43,2773080","5,3567210",13,2019,50.0,1.0,1.0,4.0,2262475,1.0,1,1,1,4.0,,0.0,0,1977.0,A01,138Â 205Â 885,1.0,0.0,-1.0,1727012,1.0,10,,0.0,2.0,3.0,A01,138Â 205Â 885,1.0
1011736,201900053267,2,17,13:40,1,2,3,1.0,5.0,13207,Corniche John FitzgÃ©rald Kennedy,M,"43,2773080","5,3567210",13,2019,50.0,1.0,1.0,4.0,2262475,1.0,1,1,1,4.0,,0.0,0,1977.0,A01,138Â 205Â 885,1.0,0.0,-1.0,1727013,1.0,7,,0.0,2.0,0.0,T01,138Â 205Â 886,1.0
1011737,201900053268,2,17,03:20,4,2,1,1.0,2.0,12176,ESPALION (ROUTE D'),M,"44,3749600","2,5923300",12,2019,50.0,1.0,1.0,3.0,2262476,2.0,2,3,1,5.0,,-1.0,0,1973.0,A01,138Â 205Â 882,8.0,0.0,-1.0,1727014,1.0,7,,0.0,2.0,1.0,A01,138Â 205Â 882,1.0
1011737,201900053268,2,17,03:20,4,2,1,1.0,2.0,12176,ESPALION (ROUTE D'),M,"44,3749600","2,5923300",12,2019,50.0,1.0,1.0,3.0,2262476,2.0,2,3,1,5.0,,-1.0,0,1973.0,A01,138Â 205Â 882,8.0,0.0,-1.0,1727015,1.0,7,,0.0,2.0,4.0,B01,138Â 205Â 883,1.0
1011737,201900053268,2,17,03:20,4,2,1,1.0,2.0,12176,ESPALION (ROUTE D'),M,"44,3749600","2,5923300",12,2019,50.0,1.0,1.0,3.0,2262477,1.0,1,1,1,0.0,,-1.0,0,1985.0,A01,138Â 205Â 882,1.0,0.0,-1.0,1727014,1.0,7,,0.0,2.0,1.0,A01,138Â 205Â 882,1.0
1011737,201900053268,2,17,03:20,4,2,1,1.0,2.0,12176,ESPALION (ROUTE D'),M,"44,3749600","2,5923300",12,2019,50.0,1.0,1.0,3.0,2262477,1.0,1,1,1,0.0,,-1.0,0,1985.0,A01,138Â 205Â 882,1.0,0.0,-1.0,1727015,1.0,7,,0.0,2.0,4.0,B01,138Â 205Â 883,1.0
1011737,201900053268,2,17,03:20,4,2,1,1.0,2.0,12176,ESPALION (ROUTE D'),M,"44,3749600","2,5923300",12,2019,50.0,1.0,1.0,3.0,2262478,1.0,1,1,2,5.0,,-1.0, -1,1997.0,B01,138Â 205Â 883,8.0,0.0,-1.0,1727014,1.0,7,,0.0,2.0,1.0,A01,138Â 205Â 882,1.0
1011737,201900053268,2,17,03:20,4,2,1,1.0,2.0,12176,ESPALION (ROUTE D'),M,"44,3749600","2,5923300",12,2019,50.0,1.0,1.0,3.0,2262478,1.0,1,1,2,5.0,,-1.0, -1,1997.0,B01,138Â 205Â 883,8.0,0.0,-1.0,1727015,1.0,7,,0.0,2.0,4.0,B01,138Â 205Â 883,1.0
1011738,201900053269,2,18,11:25,1,2,9,1.0,3.0,06123,MAICON PROMENADE,M,"43,6666400","7,1960800",6,2019,50.0,1.0,1.0,4.0,2262479,1.0,1,1,1,5.0,,0.0,0,1947.0,A01,138Â 205Â 880,1.0,8.0,-1.0,1727016,3.0,7,,0.0,2.0,3.0,A01,138Â 205Â 880,1.0
1011738,201900053269,2,18,11:25,1,2,9,1.0,3.0,06123,MAICON PROMENADE,M,"43,6666400","7,1960800",6,2019,50.0,1.0,1.0,4.0,2262479,1.0,1,1,1,5.0,,0.0,0,1947.0,A01,138Â 205Â 880,1.0,8.0,-1.0,1727017,3.0,1,,0.0,2.0,2.0,B01,138Â 205Â 881,5.0
1011738,201900053269,2,18,11:25,1,2,9,1.0,3.0,06123,MAICON PROMENADE,M,"43,6666400","7,1960800",6,2019,50.0,1.0,1.0,4.0,2262480,1.0,1,4,1,5.0,,0.0,0,1952.0,B01,138Â 205Â 881,8.0,0.0,-1.0,1727016,3.0,7,,0.0,2.0,3.0,A01,138Â 205Â 880,1.0
1011738,201900053269,2,18,11:25,1,2,9,1.0,3.0,06123,MAICON PROMENADE,M,"43,6666400","7,1960800",6,2019,50.0,1.0,1.0,4.0,2262480,1.0,1,4,1,5.0,,0.0,0,1952.0,B01,138Â 205Â 881,8.0,0.0,-1.0,1727017,3.0,1,,0.0,2.0,2.0,B01,138Â 205Â 881,5.0
1011739,201900053270,2,16,11:50,1,2,4,1.0,6.0,03310,avenue thermale prolongÃ©e,M,"46,1380321","3,4183212",3,2019,50.0,1.0,1.0,4.0,2262481,10.0,3,3,2,5.0,,3.0,3,1940.0,A01,138Â 205Â 879,8.0,0.0,-1.0,1727018,0.0,7,,0.0,1.0,2.0,A01,138Â 205Â 879,1.0
1011739,201900053270,2,16,11:50,1,2,4,1.0,6.0,03310,avenue thermale prolongÃ©e,M,"46,1380321","3,4183212",3,2019,50.0,1.0,1.0,4.0,2262482,1.0,1,4,2,1.0,,0.0,0,1975.0,A01,138Â 205Â 879,1.0,8.0,-1.0,1727018,0.0,7,,0.0,1.0,2.0,A01,138Â 205Â 879,1.0
1011740,201900053271,2,18,17:25,1,2,4,1.0,2.0,75116,PORTE D AUTEUIL,M,"48,8466280","2,2546070",75,2019,70.0,1.0,1.0,4.0,2262483,1.0,1,4,2,4.0,,0.0,0,1978.0,A01,138Â 205Â 877,2.0,6.0,-1.0,1727019,2.0,32,,0.0,2.0,7.0,A01,138Â 205Â 877,1.0
1011740,201900053271,2,18,17:25,1,2,4,1.0,2.0,75116,PORTE D AUTEUIL,M,"48,8466280","2,2546070",75,2019,70.0,1.0,1.0,4.0,2262483,1.0,1,4,2,4.0,,0.0,0,1978.0,A01,138Â 205Â 877,2.0,6.0,-1.0,1727020,2.0,7,,0.0,2.0,3.0,B01,138Â 205Â 878,2.0
1011740,201900053271,2,18,17:25,1,2,4,1.0,2.0,75116,PORTE D AUTEUIL,M,"48,8466280","2,2546070",75,2019,70.0,1.0,1.0,4.0,2262484,1.0,1,1,1,5.0,,0.0,0,1941.0,B01,138Â 205Â 878,1.0,0.0,-1.0,1727019,2.0,32,,0.0,2.0,7.0,A01,138Â 205Â 877,1.0
1011740,201900053271,2,18,17:25,1,2,4,1.0,2.0,75116,PORTE D AUTEUIL,M,"48,8466280","2,2546070",75,2019,70.0,1.0,1.0,4.0,2262484,1.0,1,1,1,5.0,,0.0,0,1941.0,B01,138Â 205Â 878,1.0,0.0,-1.0,1727020,2.0,7,,0.0,2.0,3.0,B01,138Â 205Â 878,2.0
1011741,201900053272,2,17,20:05,5,2,1,1.0,6.0,75119,BOULEVARD PERIPHERIQUE,M,"48,8835000","2,3999450",75,2019,70.0,1.0,1.0,4.0,2262485,2.0,2,1,1,5.0,,0.0,0,1987.0,Z01,138Â 205Â 875,1.0,0.0,-1.0,1727021,2.0,7,,0.0,2.0,1.0,Z01,138Â 205Â 875,1.0
1011741,201900053272,2,17,20:05,5,2,1,1.0,6.0,75119,BOULEVARD PERIPHERIQUE,M,"48,8835000","2,3999450",75,2019,70.0,1.0,1.0,4.0,2262485,2.0,2,1,1,5.0,,0.0,0,1987.0,Z01,138Â 205Â 875,1.0,0.0,-1.0,1727022,2.0,7,,0.0,2.0,4.0,A01,138Â 205Â 876,1.0
1011741,201900053272,2,17,20:05,5,2,1,1.0,6.0,75119,BOULEVARD PERIPHERIQUE,M,"48,8835000","2,3999450",75,2019,70.0,1.0,1.0,4.0,2262486,4.0,2,4,2,5.0,,0.0,0,2001.0,A01,138Â 205Â 876,1.0,0.0,-1.0,1727021,2.0,7,,0.0,2.0,1.0,Z01,138Â 205Â 875,1.0
1011741,201900053272,2,17,20:05,5,2,1,1.0,6.0,75119,BOULEVARD PERIPHERIQUE,M,"48,8835000","2,3999450",75,2019,70.0,1.0,1.0,4.0,2262486,4.0,2,4,2,5.0,,0.0,0,2001.0,A01,138Â 205Â 876,1.0,0.0,-1.0,1727022,2.0,7,,0.0,2.0,4.0,A01,138Â 205Â 876,1.0
1011741,201900053272,2,17,20:05,5,2,1,1.0,6.0,75119,BOULEVARD PERIPHERIQUE,M,"48,8835000","2,3999450",75,2019,70.0,1.0,1.0,4.0,2262487,2.0,2,1,2,5.0,,0.0,0,1973.0,A01,138Â 205Â 876,1.0,0.0,-1.0,1727021,2.0,7,,0.0,2.0,1.0,Z01,138Â 205Â 875,1.0
1011741,201900053272,2,17,20:05,5,2,1,1.0,6.0,75119,BOULEVARD PERIPHERIQUE,M,"48,8835000","2,3999450",75,2019,70.0,1.0,1.0,4.0,2262487,2.0,2,1,2,5.0,,0.0,0,1973.0,A01,138Â 205Â 876,1.0,0.0,-1.0,1727022,2.0,7,,0.0,2.0,4.0,A01,138Â 205Â 876,1.0
1011741,201900053272,2,17,20:05,5,2,1,1.0,6.0,75119,BOULEVARD PERIPHERIQUE,M,"48,8835000","2,3999450",75,2019,70.0,1.0,1.0,4.0,2262488,1.0,1,1,1,0.0,,0.0,0,1967.0,A01,138Â 205Â 876,1.0,0.0,-1.0,1727021,2.0,7,,0.0,2.0,1.0,Z01,138Â 205Â 875,1.0
1011741,201900053272,2,17,20:05,5,2,1,1.0,6.0,75119,BOULEVARD PERIPHERIQUE,M,"48,8835000","2,3999450",75,2019,70.0,1.0,1.0,4.0,2262488,1.0,1,1,1,0.0,,0.0,0,1967.0,A01,138Â 205Â 876,1.0,0.0,-1.0,1727022,2.0,7,,0.0,2.0,4.0,A01,138Â 205Â 876,1.0
1011742,201900053273,2,18,14:40,1,2,1,1.0,3.0,75112,AVENUE DE NOGENT,M,"48,8399320","2,4565800",75,2019,50.0,1.0,1.0,4.0,2262489,1.0,1,4,1,5.0,,0.0,0,1947.0,A01,138Â 205Â 873,1.0,0.0,-1.0,1727023,2.0,7,,8.0,2.0,8.0,A01,138Â 205Â 873,1.0
1011742,201900053273,2,18,14:40,1,2,1,1.0,3.0,75112,AVENUE DE NOGENT,M,"48,8399320","2,4565800",75,2019,50.0,1.0,1.0,4.0,2262489,1.0,1,4,1,5.0,,0.0,0,1947.0,A01,138Â 205Â 873,1.0,0.0,-1.0,1727024,2.0,43,,0.0,2.0,1.0,B01,138Â 205Â 874,1.0
1011742,201900053273,2,18,14:40,1,2,1,1.0,3.0,75112,AVENUE DE NOGENT,M,"48,8399320","2,4565800",75,2019,50.0,1.0,1.0,4.0,2262490,1.0,1,3,1,1.0,,0.0,0,1977.0,B01,138Â 205Â 874,2.0,6.0,-1.0,1727023,2.0,7,,8.0,2.0,8.0,A01,138Â 205Â 873,1.0
1011742,201900053273,2,18,14:40,1,2,1,1.0,3.0,75112,AVENUE DE NOGENT,M,"48,8399320","2,4565800",75,2019,50.0,1.0,1.0,4.0,2262490,1.0,1,3,1,1.0,,0.0,0,1977.0,B01,138Â 205Â 874,2.0,6.0,-1.0,1727024,2.0,43,,0.0,2.0,1.0,B01,138Â 205Â 874,1.0
1011743,201900053274,2,16,19:10,5,2,1,1.0,3.0,75112,AVENUE DU GENERAL MICHEL BIZOT,M,"48,8349630","2,4012220",75,2019,50.0,1.0,1.0,4.0,2262491,1.0,1,1,1,1.0,,0.0,0,1969.0,A01,138Â 205Â 871,1.0,8.0,-1.0,1727025,1.0,10,,0.0,2.0,2.0,A01,138Â 205Â 871,1.0
1011743,201900053274,2,16,19:10,5,2,1,1.0,3.0,75112,AVENUE DU GENERAL MICHEL BIZOT,M,"48,8349630","2,4012220",75,2019,50.0,1.0,1.0,4.0,2262491,1.0,1,1,1,1.0,,0.0,0,1969.0,A01,138Â 205Â 871,1.0,8.0,-1.0,1727026,1.0,7,,0.0,2.0,3.0,B01,138Â 205Â 872,1.0
1011743,201900053274,2,16,19:10,5,2,1,1.0,3.0,75112,AVENUE DU GENERAL MICHEL BIZOT,M,"48,8349630","2,4012220",75,2019,50.0,1.0,1.0,4.0,2262492,1.0,1,3,2,1.0,,0.0,0,1973.0,B01,138Â 205Â 872,1.0,8.0,-1.0,1727025,1.0,10,,0.0,2.0,2.0,A01,138Â 205Â 871,1.0
1011743,201900053274,2,16,19:10,5,2,1,1.0,3.0,75112,AVENUE DU GENERAL MICHEL BIZOT,M,"48,8349630","2,4012220",75,2019,50.0,1.0,1.0,4.0,2262492,1.0,1,3,2,1.0,,0.0,0,1973.0,B01,138Â 205Â 872,1.0,8.0,-1.0,1727026,1.0,7,,0.0,2.0,3.0,B01,138Â 205Â 872,1.0
1011744,201900053275,2,17,21:55,5,2,7,1.0,6.0,75120,COURS DE VINCENNES,M,"48,8471770","2,4112780",75,2019,50.0,1.0,1.0,4.0,2262493,2.0,2,3,2,5.0,,0.0,0,1997.0,A01,138Â 205Â 870,2.0,6.0,-1.0,1727027,2.0,32,,14.0,0.0,3.0,A01,138Â 205Â 870,1.0
1011744,201900053275,2,17,21:55,5,2,7,1.0,6.0,75120,COURS DE VINCENNES,M,"48,8471770","2,4112780",75,2019,50.0,1.0,1.0,4.0,2262494,1.0,1,4,1,5.0,,0.0,0,1987.0,A01,138Â 205Â 870,2.0,6.0,-1.0,1727027,2.0,32,,14.0,0.0,3.0,A01,138Â 205Â 870,1.0
1011745,201900053276,2,18,14:25,1,2,1,1.0,6.0,75119,SOUTERRAIN PANTIN VILLETTE,M,"48,8923370","2,3955020",75,2019,50.0,1.0,1.0,4.0,2262495,1.0,1,4,1,5.0,,0.0,0,1989.0,A01,138Â 205Â 869,2.0,6.0,-1.0,1727028,2.0,30,,12.0,0.0,2.0,A01,138Â 205Â 869,1.0
1011746,201900053277,2,18,16:40,1,2,1,1.0,6.0,75117,RUE DE COURCELLES,M,"48,8895380","2,2927570",75,2019,50.0,1.0,1.0,4.0,2262496,1.0,1,4,2,1.0,,0.0,0,1959.0,A01,138Â 205Â 868,1.0,0.0,-1.0,1727029,1.0,7,,14.0,0.0,1.0,A01,138Â 205Â 868,2.0
1011747,201900053278,2,18,12:05,1,2,1,1.0,6.0,75113,RUE DE PATAY,M,"48,8274130","2,3717840",75,2019,50.0,1.0,1.0,4.0,2262497,10.0,3,4,1,0.0,,4.0,3,1998.0,Z01,138Â 205Â 867,8.0,0.0,-1.0,1727030,2.0,30,,0.0,1.0,1.0,Z01,138Â 205Â 867,0.0
1011748,201900053279,2,18,09:05,1,2,3,1.0,6.0,75112,AVENUE DE SAINT MAURICE,M,"48,8274680","2,4193940",75,2019,50.0,1.0,1.0,4.0,2262498,1.0,1,4,2,0.0,,0.0,0,2005.0,A01,138Â 205Â 864,1.0,0.0,-1.0,1727031,1.0,50,,0.0,2.0,0.0,A01,138Â 205Â 864,3.0
1011748,201900053279,2,18,09:05,1,2,3,1.0,6.0,75112,AVENUE DE SAINT MAURICE,M,"48,8274680","2,4193940",75,2019,50.0,1.0,1.0,4.0,2262498,1.0,1,4,2,0.0,,0.0,0,2005.0,A01,138Â 205Â 864,1.0,0.0,-1.0,1727032,1.0,10,,0.0,2.0,1.0,Z01,138Â 205Â 865,1.0
1011749,201900053280,2,18,12:15,1,2,1,1.0,3.0,75110,BOULEVARD DE MAGENTA,M,"48,8728600","2,3591240",75,2019,50.0,1.0,1.0,4.0,2262499,1.0,1,4,1,1.0,,0.0,0,1987.0,B01,138Â 205Â 862,2.0,6.0,-1.0,1727033,2.0,32,,0.0,2.0,1.0,B01,138Â 205Â 862,1.0
1011749,201900053280,2,18,12:15,1,2,1,1.0,3.0,75110,BOULEVARD DE MAGENTA,M,"48,8728600","2,3591240",75,2019,50.0,1.0,1.0,4.0,2262499,1.0,1,4,1,1.0,,0.0,0,1987.0,B01,138Â 205Â 862,2.0,6.0,-1.0,1727034,2.0,1,,0.0,2.0,3.0,A01,138Â 205Â 863,5.0
1011749,201900053280,2,18,12:15,1,2,1,1.0,3.0,75110,BOULEVARD DE MAGENTA,M,"48,8728600","2,3591240",75,2019,50.0,1.0,1.0,4.0,2262500,1.0,1,4,1,1.0,,0.0,0,2002.0,A01,138Â 205Â 863,2.0,0.0,-1.0,1727033,2.0,32,,0.0,2.0,1.0,B01,138Â 205Â 862,1.0
1011749,201900053280,2,18,12:15,1,2,1,1.0,3.0,75110,BOULEVARD DE MAGENTA,M,"48,8728600","2,3591240",75,2019,50.0,1.0,1.0,4.0,2262500,1.0,1,4,1,1.0,,0.0,0,2002.0,A01,138Â 205Â 863,2.0,0.0,-1.0,1727034,2.0,1,,0.0,2.0,3.0,A01,138Â 205Â 863,5.0