Unnamed: 0_x,num_acc,mois,jour,hrmn,lum,agg,int,atm,col,com,adr,gps,lat,long,dep,annee,vma,situ,surf,catr,Unnamed: 0_y,place,catu,grav,sexe,trajet,secu,locp,actp,an_nais,num_veh_x,id_vehicule_x,secu1,secu2,secu3,Unnamed: 0,senc,catv,occutc,obs,obsm,choc,num_veh_y,id_vehicule_y,motor
1011750,201900053281,2,18,08:20,1,2,2,1.0,3.0,75108,RUE D ARTOIS,M,"48,8737000","2,3065090",75,2019,50.0,1.0,1.0,4.0,2262501,1.0,1,1,1,9.0,,0.0,0,1983.0,A01,138Â 205Â 860,1.0,0.0,-1.0,1727035,1.0,7,,0.0,2.0,7.0,A01,138Â 205Â 860,1.0
1011750,201900053281,2,18,08:20,1,2,2,1.0,3.0,75108,RUE D ARTOIS,M,"48,8737000","2,3065090",75,2019,50.0,1.0,1.0,4.0,2262501,1.0,1,1,1,9.0,,0.0,0,1983.0,A01,138Â 205Â 860,1.0,0.0,-1.0,1727036,1.0,7,,0.0,2.0,8.0,B01,138Â 205Â 861,1.0
1011750,201900053281,2,18,08:20,1,2,2,1.0,3.0,75108,RUE D ARTOIS,M,"48,8737000","2,3065090",75,2019,50.0,1.0,1.0,4.0,2262502,1.0,1,4,2,0.0,,0.0,0,1991.0,B01,138Â 205Â 861,1.0,0.0,-1.0,1727035,1.0,7,,0.0,2.0,7.0,A01,138Â 205Â 860,1.0
1011750,201900053281,2,18,08:20,1,2,2,1.0,3.0,75108,RUE D ARTOIS,M,"48,8737000","2,3065090",75,2019,50.0,1.0,1.0,4.0,2262502,1.0,1,4,2,0.0,,0.0,0,1991.0,B01,138Â 205Â 861,1.0,0.0,-1.0,1727036,1.0,7,,0.0,2.0,8.0,B01,138Â 205Â 861,1.0
1011751,201900053282,2,17,23:03,4,2,9,1.0,3.0,93008,VAILLANT COUTURIER (AVENUE PAUL),M,"48,9064986","2,4605942",93,2019,50.0,3.0,1.0,3.0,2262503,4.0,2,1,1,4.0,,-1.0,0,1992.0,B01,138Â 205Â 858,1.0,0.0,-1.0,1727037,1.0,7,,0.0,2.0,1.0,B01,138Â 205Â 858,1.0
1011751,201900053282,2,17,23:03,4,2,9,1.0,3.0,93008,VAILLANT COUTURIER (AVENUE PAUL),M,"48,9064986","2,4605942",93,2019,50.0,3.0,1.0,3.0,2262503,4.0,2,1,1,4.0,,-1.0,0,1992.0,B01,138Â 205Â 858,1.0,0.0,-1.0,1727038,3.0,7,,0.0,2.0,2.0,A01,138Â 205Â 859,1.0
1011751,201900053282,2,17,23:03,4,2,9,1.0,3.0,93008,VAILLANT COUTURIER (AVENUE PAUL),M,"48,9064986","2,4605942",93,2019,50.0,3.0,1.0,3.0,2262504,2.0,2,1,1,4.0,,-1.0,0,1986.0,B01,138Â 205Â 858,1.0,0.0,-1.0,1727037,1.0,7,,0.0,2.0,1.0,B01,138Â 205Â 858,1.0
1011751,201900053282,2,17,23:03,4,2,9,1.0,3.0,93008,VAILLANT COUTURIER (AVENUE PAUL),M,"48,9064986","2,4605942",93,2019,50.0,3.0,1.0,3.0,2262504,2.0,2,1,1,4.0,,-1.0,0,1986.0,B01,138Â 205Â 858,1.0,0.0,-1.0,1727038,3.0,7,,0.0,2.0,2.0,A01,138Â 205Â 859,1.0
1011751,201900053282,2,17,23:03,4,2,9,1.0,3.0,93008,VAILLANT COUTURIER (AVENUE PAUL),M,"48,9064986","2,4605942",93,2019,50.0,3.0,1.0,3.0,2262505,3.0,2,4,1,4.0,,-1.0,0,1998.0,B01,138Â 205Â 858,1.0,-1.0,-1.0,1727037,1.0,7,,0.0,2.0,1.0,B01,138Â 205Â 858,1.0
1011751,201900053282,2,17,23:03,4,2,9,1.0,3.0,93008,VAILLANT COUTURIER (AVENUE PAUL),M,"48,9064986","2,4605942",93,2019,50.0,3.0,1.0,3.0,2262505,3.0,2,4,1,4.0,,-1.0,0,1998.0,B01,138Â 205Â 858,1.0,-1.0,-1.0,1727038,3.0,7,,0.0,2.0,2.0,A01,138Â 205Â 859,1.0
1011751,201900053282,2,17,23:03,4,2,9,1.0,3.0,93008,VAILLANT COUTURIER (AVENUE PAUL),M,"48,9064986","2,4605942",93,2019,50.0,3.0,1.0,3.0,2262506,1.0,1,4,1,4.0,,-1.0, -1,1987.0,B01,138Â 205Â 858,1.0,0.0,-1.0,1727037,1.0,7,,0.0,2.0,1.0,B01,138Â 205Â 858,1.0
1011751,201900053282,2,17,23:03,4,2,9,1.0,3.0,93008,VAILLANT COUTURIER (AVENUE PAUL),M,"48,9064986","2,4605942",93,2019,50.0,3.0,1.0,3.0,2262506,1.0,1,4,1,4.0,,-1.0, -1,1987.0,B01,138Â 205Â 858,1.0,0.0,-1.0,1727038,3.0,7,,0.0,2.0,2.0,A01,138Â 205Â 859,1.0
1011751,201900053282,2,17,23:03,4,2,9,1.0,3.0,93008,VAILLANT COUTURIER (AVENUE PAUL),M,"48,9064986","2,4605942",93,2019,50.0,3.0,1.0,3.0,2262507,1.0,1,4,2,1.0,,-1.0, -1,1973.0,A01,138Â 205Â 859,1.0,0.0,-1.0,1727037,1.0,7,,0.0,2.0,1.0,B01,138Â 205Â 858,1.0
1011751,201900053282,2,17,23:03,4,2,9,1.0,3.0,93008,VAILLANT COUTURIER (AVENUE PAUL),M,"48,9064986","2,4605942",93,2019,50.0,3.0,1.0,3.0,2262507,1.0,1,4,2,1.0,,-1.0, -1,1973.0,A01,138Â 205Â 859,1.0,0.0,-1.0,1727038,3.0,7,,0.0,2.0,2.0,A01,138Â 205Â 859,1.0
1011752,201900053283,2,18,08:40,1,2,1,1.0,3.0,92073,DASSAULT (QUAI MARCEL),M,"48,8609100","2,2246000",92,2019,50.0,1.0,1.0,3.0,2262508,1.0,1,1,1,0.0,,-1.0,0,1982.0,B01,138Â 205Â 856,1.0,0.0,-1.0,1727039,3.0,7,,0.0,2.0,8.0,B01,138Â 205Â 856,1.0
1011752,201900053283,2,18,08:40,1,2,1,1.0,3.0,92073,DASSAULT (QUAI MARCEL),M,"48,8609100","2,2246000",92,2019,50.0,1.0,1.0,3.0,2262508,1.0,1,1,1,0.0,,-1.0,0,1982.0,B01,138Â 205Â 856,1.0,0.0,-1.0,1727040,3.0,34,,0.0,2.0,7.0,A01,138Â 205Â 857,1.0
1011752,201900053283,2,18,08:40,1,2,1,1.0,3.0,92073,DASSAULT (QUAI MARCEL),M,"48,8609100","2,2246000",92,2019,50.0,1.0,1.0,3.0,2262509,1.0,1,4,1,0.0,,-1.0,0,1990.0,A01,138Â 205Â 857,2.0,6.0,-1.0,1727039,3.0,7,,0.0,2.0,8.0,B01,138Â 205Â 856,1.0
1011752,201900053283,2,18,08:40,1,2,1,1.0,3.0,92073,DASSAULT (QUAI MARCEL),M,"48,8609100","2,2246000",92,2019,50.0,1.0,1.0,3.0,2262509,1.0,1,4,1,0.0,,-1.0,0,1990.0,A01,138Â 205Â 857,2.0,6.0,-1.0,1727040,3.0,34,,0.0,2.0,7.0,A01,138Â 205Â 857,1.0
1011753,201900053284,2,7,20:15,3,2,9,8.0,2.0,92062,RUE PIERRE GAUDIN,M,"48,8870379","2,2467953",92,2019,70.0,3.0,1.0,3.0,2262510,1.0,1,1,1,5.0,,-1.0,0,1993.0,B01,138Â 205Â 854,1.0,8.0,-1.0,1727041,1.0,7,,0.0,0.0,4.0,B01,138Â 205Â 854,1.0
1011753,201900053284,2,7,20:15,3,2,9,8.0,2.0,92062,RUE PIERRE GAUDIN,M,"48,8870379","2,2467953",92,2019,70.0,3.0,1.0,3.0,2262510,1.0,1,1,1,5.0,,-1.0,0,1993.0,B01,138Â 205Â 854,1.0,8.0,-1.0,1727042,1.0,32,,0.0,2.0,1.0,A01,138Â 205Â 855,1.0
1011753,201900053284,2,7,20:15,3,2,9,8.0,2.0,92062,RUE PIERRE GAUDIN,M,"48,8870379","2,2467953",92,2019,70.0,3.0,1.0,3.0,2262511,1.0,1,4,1,5.0,,-1.0,0,1997.0,A01,138Â 205Â 855,2.0,6.0,-1.0,1727041,1.0,7,,0.0,0.0,4.0,B01,138Â 205Â 854,1.0
1011753,201900053284,2,7,20:15,3,2,9,8.0,2.0,92062,RUE PIERRE GAUDIN,M,"48,8870379","2,2467953",92,2019,70.0,3.0,1.0,3.0,2262511,1.0,1,4,1,5.0,,-1.0,0,1997.0,A01,138Â 205Â 855,2.0,6.0,-1.0,1727042,1.0,32,,0.0,2.0,1.0,A01,138Â 205Â 855,1.0
1011754,201900053285,2,17,16:40,1,2,2,1.0,3.0,92023,GENERAL DE GAULLE (AV DU) NÂ°440 A 544 ET,M,"48,7771221","2,2308045",92,2019,50.0,1.0,1.0,3.0,2262512,1.0,1,4,2,5.0,,-1.0,0,1976.0,B01,138Â 205Â 852,1.0,0.0,-1.0,1727043,2.0,7,,0.0,2.0,8.0,B01,138Â 205Â 852,1.0
1011754,201900053285,2,17,16:40,1,2,2,1.0,3.0,92023,GENERAL DE GAULLE (AV DU) NÂ°440 A 544 ET,M,"48,7771221","2,2308045",92,2019,50.0,1.0,1.0,3.0,2262512,1.0,1,4,2,5.0,,-1.0,0,1976.0,B01,138Â 205Â 852,1.0,0.0,-1.0,1727044,2.0,7,,0.0,2.0,1.0,A01,138Â 205Â 853,1.0
1011754,201900053285,2,17,16:40,1,2,2,1.0,3.0,92023,GENERAL DE GAULLE (AV DU) NÂ°440 A 544 ET,M,"48,7771221","2,2308045",92,2019,50.0,1.0,1.0,3.0,2262513,1.0,1,1,1,5.0,,-1.0,0,1955.0,A01,138Â 205Â 853,1.0,0.0,-1.0,1727043,2.0,7,,0.0,2.0,8.0,B01,138Â 205Â 852,1.0
1011754,201900053285,2,17,16:40,1,2,2,1.0,3.0,92023,GENERAL DE GAULLE (AV DU) NÂ°440 A 544 ET,M,"48,7771221","2,2308045",92,2019,50.0,1.0,1.0,3.0,2262513,1.0,1,1,1,5.0,,-1.0,0,1955.0,A01,138Â 205Â 853,1.0,0.0,-1.0,1727044,2.0,7,,0.0,2.0,1.0,A01,138Â 205Â 853,1.0
1011755,201900053286,2,17,04:30,3,2,2,1.0,6.0,35135,D21 - carrefour du quengo,M,"48,2439170"," -1,9424610",35,2019,50.0,3.0,1.0,3.0,2262514,1.0,1,3,2,5.0,,0.0,0,1983.0,A01,138Â 205Â 851,8.0,-1.0,-1.0,1727045,1.0,7,,2.0,0.0,1.0,A01,138Â 205Â 851,1.0
1011756,201900053287,2,15,18:20,2,1,1,1.0,4.0,84142,D31,M,"43,9571736","5,0284366",84,2019,80.0,1.0,1.0,3.0,2262515,1.0,1,1,2,0.0,,0.0,0,1985.0,C01,138Â 205Â 846,1.0,5.0,-1.0,1727046,2.0,7,,0.0,2.0,1.0,C01,138Â 205Â 846,1.0
1011756,201900053287,2,15,18:20,2,1,1,1.0,4.0,84142,D31,M,"43,9571736","5,0284366",84,2019,80.0,1.0,1.0,3.0,2262515,1.0,1,1,2,0.0,,0.0,0,1985.0,C01,138Â 205Â 846,1.0,5.0,-1.0,1727047,1.0,7,,0.0,2.0,4.0,B01,138Â 205Â 847,1.0
1011756,201900053287,2,15,18:20,2,1,1,1.0,4.0,84142,D31,M,"43,9571736","5,0284366",84,2019,80.0,1.0,1.0,3.0,2262515,1.0,1,1,2,0.0,,0.0,0,1985.0,C01,138Â 205Â 846,1.0,5.0,-1.0,1727048,1.0,10,,0.0,2.0,1.0,A01,138Â 205Â 848,1.0
1011756,201900053287,2,15,18:20,2,1,1,1.0,4.0,84142,D31,M,"43,9571736","5,0284366",84,2019,80.0,1.0,1.0,3.0,2262516,1.0,1,3,2,0.0,,0.0,0,1936.0,B01,138Â 205Â 847,1.0,5.0,-1.0,1727046,2.0,7,,0.0,2.0,1.0,C01,138Â 205Â 846,1.0
1011756,201900053287,2,15,18:20,2,1,1,1.0,4.0,84142,D31,M,"43,9571736","5,0284366",84,2019,80.0,1.0,1.0,3.0,2262516,1.0,1,3,2,0.0,,0.0,0,1936.0,B01,138Â 205Â 847,1.0,5.0,-1.0,1727047,1.0,7,,0.0,2.0,4.0,B01,138Â 205Â 847,1.0
1011756,201900053287,2,15,18:20,2,1,1,1.0,4.0,84142,D31,M,"43,9571736","5,0284366",84,2019,80.0,1.0,1.0,3.0,2262516,1.0,1,3,2,0.0,,0.0,0,1936.0,B01,138Â 205Â 847,1.0,5.0,-1.0,1727048,1.0,10,,0.0,2.0,1.0,A01,138Â 205Â 848,1.0
1011756,201900053287,2,15,18:20,2,1,1,1.0,4.0,84142,D31,M,"43,9571736","5,0284366",84,2019,80.0,1.0,1.0,3.0,2262517,1.0,1,1,2,5.0,,0.0,0,1998.0,A01,138Â 205Â 848,1.0,-1.0,-1.0,1727046,2.0,7,,0.0,2.0,1.0,C01,138Â 205Â 846,1.0
1011756,201900053287,2,15,18:20,2,1,1,1.0,4.0,84142,D31,M,"43,9571736","5,0284366",84,2019,80.0,1.0,1.0,3.0,2262517,1.0,1,1,2,5.0,,0.0,0,1998.0,A01,138Â 205Â 848,1.0,-1.0,-1.0,1727047,1.0,7,,0.0,2.0,4.0,B01,138Â 205Â 847,1.0
1011756,201900053287,2,15,18:20,2,1,1,1.0,4.0,84142,D31,M,"43,9571736","5,0284366",84,2019,80.0,1.0,1.0,3.0,2262517,1.0,1,1,2,5.0,,0.0,0,1998.0,A01,138Â 205Â 848,1.0,-1.0,-1.0,1727048,1.0,10,,0.0,2.0,1.0,A01,138Â 205Â 848,1.0
1011757,201900053288,2,18,18:00,1,2,1,1.0,3.0,33138,92 avenue Justin LUQUOT,M,"45,0399500"," -0,1145100",33,2019,50.0,1.0,1.0,3.0,2262518,7.0,2,4,1,5.0,,0.0,0,2016.0,A01,138Â 205Â 844,3.0,-1.0,-1.0,1727049,1.0,7,,0.0,2.0,6.0,A01,138Â 205Â 844,6.0
1011757,201900053288,2,18,18:00,1,2,1,1.0,3.0,33138,92 avenue Justin LUQUOT,M,"45,0399500"," -0,1145100",33,2019,50.0,1.0,1.0,3.0,2262518,7.0,2,4,1,5.0,,0.0,0,2016.0,A01,138Â 205Â 844,3.0,-1.0,-1.0,1727050,2.0,33,,0.0,2.0,8.0,B01,138Â 205Â 845,1.0
1011757,201900053288,2,18,18:00,1,2,1,1.0,3.0,33138,92 avenue Justin LUQUOT,M,"45,0399500"," -0,1145100",33,2019,50.0,1.0,1.0,3.0,2262519,9.0,2,1,1,5.0,,0.0,0,2015.0,A01,138Â 205Â 844,3.0,-1.0,-1.0,1727049,1.0,7,,0.0,2.0,6.0,A01,138Â 205Â 844,6.0
1011757,201900053288,2,18,18:00,1,2,1,1.0,3.0,33138,92 avenue Justin LUQUOT,M,"45,0399500"," -0,1145100",33,2019,50.0,1.0,1.0,3.0,2262519,9.0,2,1,1,5.0,,0.0,0,2015.0,A01,138Â 205Â 844,3.0,-1.0,-1.0,1727050,2.0,33,,0.0,2.0,8.0,B01,138Â 205Â 845,1.0
1011757,201900053288,2,18,18:00,1,2,1,1.0,3.0,33138,92 avenue Justin LUQUOT,M,"45,0399500"," -0,1145100",33,2019,50.0,1.0,1.0,3.0,2262520,1.0,1,1,1,5.0,,0.0,0,1995.0,A01,138Â 205Â 844,1.0,-1.0,-1.0,1727049,1.0,7,,0.0,2.0,6.0,A01,138Â 205Â 844,6.0
1011757,201900053288,2,18,18:00,1,2,1,1.0,3.0,33138,92 avenue Justin LUQUOT,M,"45,0399500"," -0,1145100",33,2019,50.0,1.0,1.0,3.0,2262520,1.0,1,1,1,5.0,,0.0,0,1995.0,A01,138Â 205Â 844,1.0,-1.0,-1.0,1727050,2.0,33,,0.0,2.0,8.0,B01,138Â 205Â 845,1.0
1011757,201900053288,2,18,18:00,1,2,1,1.0,3.0,33138,92 avenue Justin LUQUOT,M,"45,0399500"," -0,1145100",33,2019,50.0,1.0,1.0,3.0,2262521,2.0,2,4,2,5.0,,0.0,0,1996.0,A01,138Â 205Â 844,1.0,-1.0,-1.0,1727049,1.0,7,,0.0,2.0,6.0,A01,138Â 205Â 844,6.0
1011757,201900053288,2,18,18:00,1,2,1,1.0,3.0,33138,92 avenue Justin LUQUOT,M,"45,0399500"," -0,1145100",33,2019,50.0,1.0,1.0,3.0,2262521,2.0,2,4,2,5.0,,0.0,0,1996.0,A01,138Â 205Â 844,1.0,-1.0,-1.0,1727050,2.0,33,,0.0,2.0,8.0,B01,138Â 205Â 845,1.0
1011757,201900053288,2,18,18:00,1,2,1,1.0,3.0,33138,92 avenue Justin LUQUOT,M,"45,0399500"," -0,1145100",33,2019,50.0,1.0,1.0,3.0,2262522,1.0,1,2,1,5.0,,0.0,0,1987.0,B01,138Â 205Â 845,2.0,-1.0,-1.0,1727049,1.0,7,,0.0,2.0,6.0,A01,138Â 205Â 844,6.0
1011757,201900053288,2,18,18:00,1,2,1,1.0,3.0,33138,92 avenue Justin LUQUOT,M,"45,0399500"," -0,1145100",33,2019,50.0,1.0,1.0,3.0,2262522,1.0,1,2,1,5.0,,0.0,0,1987.0,B01,138Â 205Â 845,2.0,-1.0,-1.0,1727050,2.0,33,,0.0,2.0,8.0,B01,138Â 205Â 845,1.0
1011758,201900053289,2,19,16:40,1,2,1,1.0,6.0,83004,voie jacques prÃ©vert,M,"43,4513190","6,4876590",83,2019,50.0,1.0,1.0,4.0,2262523,1.0,1,1,2,5.0,,0.0,0,1947.0,A01,138Â 205Â 843,1.0,-1.0,-1.0,1727051,3.0,7,,0.0,1.0,1.0,A01,138Â 205Â 843,0.0
1011758,201900053289,2,19,16:40,1,2,1,1.0,6.0,83004,voie jacques prÃ©vert,M,"43,4513190","6,4876590",83,2019,50.0,1.0,1.0,4.0,2262524,10.0,3,2,2,3.0,,2.0,3,1946.0,A01,138Â 205Â 843,0.0,-1.0,-1.0,1727051,3.0,7,,0.0,1.0,1.0,A01,138Â 205Â 843,0.0
1011759,201900053290,2,19,07:15,3,1,1,5.0,6.0,40246,CD DEPARTEMENTALE 626,M,"44,1239590"," -0,6770130",40,2019,80.0,3.0,1.0,3.0,2262525,1.0,1,2,1,1.0,,0.0,0,1975.0,A01,138Â 205Â 840,1.0,-1.0,-1.0,1727052,1.0,7,,2.0,0.0,1.0,A01,138Â 205Â 840,1.0
1011760,201900053291,2,17,12:35,1,1,1,1.0,7.0,19087,RD 32,M,"45,5531420","1,8815520",19,2019,80.0,1.0,9.0,3.0,2262526,1.0,1,3,1,5.0,,0.0,0,2000.0,A01,138Â 205Â 839,2.0,6.0,-1.0,1727053,1.0,33,,0.0,0.0,2.0,A01,138Â 205Â 839,1.0
1011761,201900053292,1,4,13:00,1,1,6,1.0,6.0,67248,Ãchangeur 10,M,"48,4750440","7,5657220",67,2019,80.0,8.0,1.0,3.0,2262527,1.0,1,4,1,5.0,,0.0,0,1946.0,A01,138Â 205Â 838,1.0,-1.0,-1.0,1727054,3.0,7,,4.0,0.0,1.0,A01,138Â 205Â 838,0.0
1011761,201900053292,1,4,13:00,1,1,6,1.0,6.0,67248,Ãchangeur 10,M,"48,4750440","7,5657220",67,2019,80.0,8.0,1.0,3.0,2262528,2.0,2,2,2,5.0,,0.0,0,1928.0,A01,138Â 205Â 838,1.0,-1.0,-1.0,1727054,3.0,7,,4.0,0.0,1.0,A01,138Â 205Â 838,0.0
1011762,201900053293,1,8,07:31,5,2,1,3.0,7.0,55288,rue nationale,M,"48,7931240","5,5415320",55,2019,50.0,1.0,2.0,3.0,2262529,1.0,1,1,1,4.0,,0.0,0,1955.0,A01,138Â 205Â 837,1.0,-1.0,-1.0,1727055,2.0,38,1.0,0.0,1.0,2.0,A01,138Â 205Â 837,1.0
1011762,201900053293,1,8,07:31,5,2,1,3.0,7.0,55288,rue nationale,M,"48,7931240","5,5415320",55,2019,50.0,1.0,2.0,3.0,2262530,10.0,3,2,1,5.0,,5.0,B,1968.0,A01,138Â 205Â 837,0.0,-1.0,-1.0,1727055,2.0,38,1.0,0.0,1.0,2.0,A01,138Â 205Â 837,1.0
1011763,201900053294,1,8,18:30,3,2,3,2.0,7.0,54090, rue raymond poincarÃ©,M,"48,7493670","6,1634420",54,2019,50.0,1.0,2.0,3.0,2262531,10.0,3,3,2,9.0,,2.0,3,1958.0,A01,138Â 205Â 836,0.0,-1.0,-1.0,1727056,2.0,7,,0.0,1.0,1.0,A01,138Â 205Â 836,0.0
1011763,201900053294,1,8,18:30,3,2,3,2.0,7.0,54090, rue raymond poincarÃ©,M,"48,7493670","6,1634420",54,2019,50.0,1.0,2.0,3.0,2262532,1.0,1,1,1,5.0,,0.0,0,1975.0,A01,138Â 205Â 836,1.0,-1.0,-1.0,1727056,2.0,7,,0.0,1.0,1.0,A01,138Â 205Â 836,0.0
1011764,201900053295,1,7,18:25,5,2,1,1.0,6.0,63263,15 route de limoge,M,"45,7811499","3,0216318",63,2019,50.0,1.0,1.0,3.0,2262533,10.0,3,3,1,3.0,,2.0,3,1961.0,A01,138Â 205Â 835,0.0,-1.0,-1.0,1727057,1.0,7,,0.0,1.0,2.0,A01,138Â 205Â 835,1.0
1011764,201900053295,1,7,18:25,5,2,1,1.0,6.0,63263,15 route de limoge,M,"45,7811499","3,0216318",63,2019,50.0,1.0,1.0,3.0,2262534,1.0,1,1,1,5.0,,0.0,0,1979.0,A01,138Â 205Â 835,1.0,-1.0,-1.0,1727057,1.0,7,,0.0,1.0,2.0,A01,138Â 205Â 835,1.0
1011765,201900053296,1,7,05:50,5,1,1,1.0,2.0,74250,Avenue des digues,M,"46,0667436","6,3892230",74,2019,70.0,1.0,1.0,3.0,2262535,1.0,1,4,1,1.0,,0.0,0,1983.0,B01,138Â 205Â 833,1.0,-1.0,-1.0,1727058,1.0,7,,6.0,2.0,6.0,B01,138Â 205Â 833,1.0
1011765,201900053296,1,7,05:50,5,1,1,1.0,2.0,74250,Avenue des digues,M,"46,0667436","6,3892230",74,2019,70.0,1.0,1.0,3.0,2262535,1.0,1,4,1,1.0,,0.0,0,1983.0,B01,138Â 205Â 833,1.0,-1.0,-1.0,1727059,1.0,7,,0.0,2.0,2.0,A01,138Â 205Â 834,1.0
1011765,201900053296,1,7,05:50,5,1,1,1.0,2.0,74250,Avenue des digues,M,"46,0667436","6,3892230",74,2019,70.0,1.0,1.0,3.0,2262536,1.0,1,4,1,1.0,,0.0,0,1999.0,A01,138Â 205Â 834,1.0,-1.0,-1.0,1727058,1.0,7,,6.0,2.0,6.0,B01,138Â 205Â 833,1.0
1011765,201900053296,1,7,05:50,5,1,1,1.0,2.0,74250,Avenue des digues,M,"46,0667436","6,3892230",74,2019,70.0,1.0,1.0,3.0,2262536,1.0,1,4,1,1.0,,0.0,0,1999.0,A01,138Â 205Â 834,1.0,-1.0,-1.0,1727059,1.0,7,,0.0,2.0,2.0,A01,138Â 205Â 834,1.0
1011765,201900053296,1,7,05:50,5,1,1,1.0,2.0,74250,Avenue des digues,M,"46,0667436","6,3892230",74,2019,70.0,1.0,1.0,3.0,2262537,2.0,2,3,2,1.0,,0.0,0,2000.0,A01,138Â 205Â 834,1.0,-1.0,-1.0,1727058,1.0,7,,6.0,2.0,6.0,B01,138Â 205Â 833,1.0
1011765,201900053296,1,7,05:50,5,1,1,1.0,2.0,74250,Avenue des digues,M,"46,0667436","6,3892230",74,2019,70.0,1.0,1.0,3.0,2262537,2.0,2,3,2,1.0,,0.0,0,2000.0,A01,138Â 205Â 834,1.0,-1.0,-1.0,1727059,1.0,7,,0.0,2.0,2.0,A01,138Â 205Â 834,1.0
1011766,201900053297,1,8,01:50,3,1,1,1.0,6.0,73024,D95 - L'orÃ©e du bois,M,"45,4661456","6,4464422",73,2019,80.0,3.0,2.0,3.0,2262538,2.0,2,1,1,5.0,,0.0,0,1998.0,A01,138Â 205Â 832,1.0,-1.0,-1.0,1727060,2.0,7,,13.0,0.0,9.0,A01,138Â 205Â 832,1.0
1011766,201900053297,1,8,01:50,3,1,1,1.0,6.0,73024,D95 - L'orÃ©e du bois,M,"45,4661456","6,4464422",73,2019,80.0,3.0,2.0,3.0,2262539,1.0,1,3,1,5.0,,0.0,0,1991.0,A01,138Â 205Â 832,1.0,-1.0,-1.0,1727060,2.0,7,,13.0,0.0,9.0,A01,138Â 205Â 832,1.0
1011767,201900053298,1,7,19:00,3,2,9,1.0,7.0,24497,D676,M,"44,6894490","0,7531510",24,2019,50.0,1.0,1.0,3.0,2262540,1.0,1,2,1,9.0,,0.0,0,1981.0,A01,138Â 205Â 831,0.0,-1.0,-1.0,1727061,2.0,7,,2.0,0.0,8.0,A01,138Â 205Â 831,6.0
1011768,201900053299,1,4,07:30,3,1,1,1.0,6.0,44047,M26,M,"47,2332030"," -1,7044930",44,2019,70.0,1.0,1.0,7.0,2262541,1.0,1,1,1,1.0,,0.0,0,1963.0,A01,138Â 205Â 830,1.0,-1.0,-1.0,1727062,2.0,7,,0.0,1.0,3.0,A01,138Â 205Â 830,0.0
1011768,201900053299,1,4,07:30,3,1,1,1.0,6.0,44047,M26,M,"47,2332030"," -1,7044930",44,2019,70.0,1.0,1.0,7.0,2262542,10.0,3,3,1,1.0,,1.0,4,1983.0,A01,138Â 205Â 830,0.0,-1.0,-1.0,1727062,2.0,7,,0.0,1.0,3.0,A01,138Â 205Â 830,0.0
1011769,201900053300,1,6,06:25,3,1,1,1.0,4.0,83090,,M,"43,1265500","5,8913100",83,2019,110.0,1.0,1.0,1.0,2262543,1.0,1,1,1,5.0,,-1.0,0,1997.0,A01,138Â 205Â 827,1.0,8.0,-1.0,1727063,1.0,7,,3.0,2.0,1.0,A01,138Â 205Â 827,1.0
1011769,201900053300,1,6,06:25,3,1,1,1.0,4.0,83090,,M,"43,1265500","5,8913100",83,2019,110.0,1.0,1.0,1.0,2262543,1.0,1,1,1,5.0,,-1.0,0,1997.0,A01,138Â 205Â 827,1.0,8.0,-1.0,1727064,1.0,7,,0.0,2.0,8.0,C01,138Â 205Â 828,1.0
1011769,201900053300,1,6,06:25,3,1,1,1.0,4.0,83090,,M,"43,1265500","5,8913100",83,2019,110.0,1.0,1.0,1.0,2262543,1.0,1,1,1,5.0,,-1.0,0,1997.0,A01,138Â 205Â 827,1.0,8.0,-1.0,1727065,1.0,7,,0.0,2.0,7.0,B01,138Â 205Â 829,1.0
1011769,201900053300,1,6,06:25,3,1,1,1.0,4.0,83090,,M,"43,1265500","5,8913100",83,2019,110.0,1.0,1.0,1.0,2262544,1.0,1,4,2,5.0,,-1.0,0,1997.0,C01,138Â 205Â 828,1.0,8.0,-1.0,1727063,1.0,7,,3.0,2.0,1.0,A01,138Â 205Â 827,1.0
1011769,201900053300,1,6,06:25,3,1,1,1.0,4.0,83090,,M,"43,1265500","5,8913100",83,2019,110.0,1.0,1.0,1.0,2262544,1.0,1,4,2,5.0,,-1.0,0,1997.0,C01,138Â 205Â 828,1.0,8.0,-1.0,1727064,1.0,7,,0.0,2.0,8.0,C01,138Â 205Â 828,1.0
1011769,201900053300,1,6,06:25,3,1,1,1.0,4.0,83090,,M,"43,1265500","5,8913100",83,2019,110.0,1.0,1.0,1.0,2262544,1.0,1,4,2,5.0,,-1.0,0,1997.0,C01,138Â 205Â 828,1.0,8.0,-1.0,1727065,1.0,7,,0.0,2.0,7.0,B01,138Â 205Â 829,1.0
1011769,201900053300,1,6,06:25,3,1,1,1.0,4.0,83090,,M,"43,1265500","5,8913100",83,2019,110.0,1.0,1.0,1.0,2262545,1.0,1,4,1,1.0,,-1.0,0,1990.0,B01,138Â 205Â 829,1.0,8.0,-1.0,1727063,1.0,7,,3.0,2.0,1.0,A01,138Â 205Â 827,1.0
1011769,201900053300,1,6,06:25,3,1,1,1.0,4.0,83090,,M,"43,1265500","5,8913100",83,2019,110.0,1.0,1.0,1.0,2262545,1.0,1,4,1,1.0,,-1.0,0,1990.0,B01,138Â 205Â 829,1.0,8.0,-1.0,1727064,1.0,7,,0.0,2.0,8.0,C01,138Â 205Â 828,1.0