Unnamed: 0_x,num_acc,mois,jour,hrmn,lum,agg,int,atm,col,com,adr,gps,lat,long,dep,annee,vma,situ,surf,catr,Unnamed: 0_y,place,catu,grav,sexe,trajet,secu,locp,actp,an_nais,num_veh_x,id_vehicule_x,secu1,secu2,secu3,Unnamed: 0,senc,catv,occutc,obs,obsm,choc,num_veh_y,id_vehicule_y,motor
1011769,201900053300,1,6,06:25,3,1,1,1.0,4.0,83090,,M,"43,1265500","5,8913100",83,2019,110.0,1.0,1.0,1.0,2262545,1.0,1,4,1,1.0,,-1.0,0,1990.0,B01,138Â 205Â 829,1.0,8.0,-1.0,1727065,1.0,7,,0.0,2.0,7.0,B01,138Â 205Â 829,1.0
1011770,201900053301,1,7,02:15,4,1,1,1.0,6.0,69276,A7  PR 10+800,M,"45,6623400","4,8426800",69,2019,110.0,1.0,1.0,1.0,2262546,1.0,1,4,2,5.0,,-1.0,0,1989.0,A01,138Â 205Â 826,1.0,5.0,-1.0,1727066,1.0,7,,16.0,0.0,1.0,A01,138Â 205Â 826,1.0
1011771,201900053302,1,6,18:20,3,1,9,2.0,2.0,91434,AUTOROUTE A6,M,"48,6680000","2,3559000",91,2019,90.0,1.0,2.0,1.0,2262547,1.0,1,1,2,4.0,,0.0,0,1991.0,B01,138Â 205Â 824,1.0,0.0,-1.0,1727067,1.0,7,,0.0,0.0,4.0,B01,138Â 205Â 824,0.0
1011771,201900053302,1,6,18:20,3,1,9,2.0,2.0,91434,AUTOROUTE A6,M,"48,6680000","2,3559000",91,2019,90.0,1.0,2.0,1.0,2262547,1.0,1,1,2,4.0,,0.0,0,1991.0,B01,138Â 205Â 824,1.0,0.0,-1.0,1727068,1.0,7,,0.0,2.0,1.0,A01,138Â 205Â 825,1.0
1011771,201900053302,1,6,18:20,3,1,9,2.0,2.0,91434,AUTOROUTE A6,M,"48,6680000","2,3559000",91,2019,90.0,1.0,2.0,1.0,2262548,4.0,2,4,2,0.0,,0.0,0,2015.0,A01,138Â 205Â 825,1.0,8.0,-1.0,1727067,1.0,7,,0.0,0.0,4.0,B01,138Â 205Â 824,0.0
1011771,201900053302,1,6,18:20,3,1,9,2.0,2.0,91434,AUTOROUTE A6,M,"48,6680000","2,3559000",91,2019,90.0,1.0,2.0,1.0,2262548,4.0,2,4,2,0.0,,0.0,0,2015.0,A01,138Â 205Â 825,1.0,8.0,-1.0,1727068,1.0,7,,0.0,2.0,1.0,A01,138Â 205Â 825,1.0
1011771,201900053302,1,6,18:20,3,1,9,2.0,2.0,91434,AUTOROUTE A6,M,"48,6680000","2,3559000",91,2019,90.0,1.0,2.0,1.0,2262549,1.0,1,1,1,4.0,,0.0,0,1987.0,A01,138Â 205Â 825,1.0,0.0,-1.0,1727067,1.0,7,,0.0,0.0,4.0,B01,138Â 205Â 824,0.0
1011771,201900053302,1,6,18:20,3,1,9,2.0,2.0,91434,AUTOROUTE A6,M,"48,6680000","2,3559000",91,2019,90.0,1.0,2.0,1.0,2262549,1.0,1,1,1,4.0,,0.0,0,1987.0,A01,138Â 205Â 825,1.0,0.0,-1.0,1727068,1.0,7,,0.0,2.0,1.0,A01,138Â 205Â 825,1.0
1011772,201900053303,1,6,23:00,5,1,1,1.0,5.0,93010,AUTOROUTE A3,M,"48,9161000","2,4781200",93,2019,110.0,1.0,1.0,1.0,2262550,1.0,1,4,1,5.0,,-1.0, -1,1988.0,B01,138Â 205Â 822,8.0,8.0,-1.0,1727069,1.0,7,,0.0,2.0,0.0,Z01,138Â 205Â 821,0.0
1011772,201900053303,1,6,23:00,5,1,1,1.0,5.0,93010,AUTOROUTE A3,M,"48,9161000","2,4781200",93,2019,110.0,1.0,1.0,1.0,2262550,1.0,1,4,1,5.0,,-1.0, -1,1988.0,B01,138Â 205Â 822,8.0,8.0,-1.0,1727070,1.0,7,,0.0,2.0,2.0,B01,138Â 205Â 822,1.0
1011772,201900053303,1,6,23:00,5,1,1,1.0,5.0,93010,AUTOROUTE A3,M,"48,9161000","2,4781200",93,2019,110.0,1.0,1.0,1.0,2262550,1.0,1,4,1,5.0,,-1.0, -1,1988.0,B01,138Â 205Â 822,8.0,8.0,-1.0,1727071,1.0,7,,0.0,2.0,6.0,A01,138Â 205Â 823,1.0
1011772,201900053303,1,6,23:00,5,1,1,1.0,5.0,93010,AUTOROUTE A3,M,"48,9161000","2,4781200",93,2019,110.0,1.0,1.0,1.0,2262551,2.0,2,4,1,5.0,,-1.0,0,1997.0,B01,138Â 205Â 822,8.0,8.0,-1.0,1727069,1.0,7,,0.0,2.0,0.0,Z01,138Â 205Â 821,0.0
1011772,201900053303,1,6,23:00,5,1,1,1.0,5.0,93010,AUTOROUTE A3,M,"48,9161000","2,4781200",93,2019,110.0,1.0,1.0,1.0,2262551,2.0,2,4,1,5.0,,-1.0,0,1997.0,B01,138Â 205Â 822,8.0,8.0,-1.0,1727070,1.0,7,,0.0,2.0,2.0,B01,138Â 205Â 822,1.0
1011772,201900053303,1,6,23:00,5,1,1,1.0,5.0,93010,AUTOROUTE A3,M,"48,9161000","2,4781200",93,2019,110.0,1.0,1.0,1.0,2262551,2.0,2,4,1,5.0,,-1.0,0,1997.0,B01,138Â 205Â 822,8.0,8.0,-1.0,1727071,1.0,7,,0.0,2.0,6.0,A01,138Â 205Â 823,1.0
1011772,201900053303,1,6,23:00,5,1,1,1.0,5.0,93010,AUTOROUTE A3,M,"48,9161000","2,4781200",93,2019,110.0,1.0,1.0,1.0,2262552,1.0,1,1,1,5.0,,-1.0,0,2000.0,A01,138Â 205Â 823,8.0,8.0,-1.0,1727069,1.0,7,,0.0,2.0,0.0,Z01,138Â 205Â 821,0.0
1011772,201900053303,1,6,23:00,5,1,1,1.0,5.0,93010,AUTOROUTE A3,M,"48,9161000","2,4781200",93,2019,110.0,1.0,1.0,1.0,2262552,1.0,1,1,1,5.0,,-1.0,0,2000.0,A01,138Â 205Â 823,8.0,8.0,-1.0,1727070,1.0,7,,0.0,2.0,2.0,B01,138Â 205Â 822,1.0
1011772,201900053303,1,6,23:00,5,1,1,1.0,5.0,93010,AUTOROUTE A3,M,"48,9161000","2,4781200",93,2019,110.0,1.0,1.0,1.0,2262552,1.0,1,1,1,5.0,,-1.0,0,2000.0,A01,138Â 205Â 823,8.0,8.0,-1.0,1727071,1.0,7,,0.0,2.0,6.0,A01,138Â 205Â 823,1.0
1011773,201900053304,1,6,19:40,3,1,1,1.0,7.0,93007,AUTOROUTE A3,M,"48,9172000","2,4781400",93,2019,110.0,1.0,1.0,1.0,2262553,1.0,1,4,1,0.0,,-1.0,0,1975.0,A01,138Â 205Â 820,2.0,0.0,-1.0,1727072,2.0,32,,0.0,0.0,3.0,A01,138Â 205Â 820,1.0
1011773,201900053304,1,6,19:40,3,1,1,1.0,7.0,93007,AUTOROUTE A3,M,"48,9172000","2,4781400",93,2019,110.0,1.0,1.0,1.0,2262554,2.0,2,4,2,0.0,,-1.0,0,1991.0,A01,138Â 205Â 820,2.0,0.0,-1.0,1727072,2.0,32,,0.0,0.0,3.0,A01,138Â 205Â 820,1.0
1011774,201900053305,1,6,04:57,4,1,1,1.0,5.0,95154,AUTOROUTE A1,M,"49,0354100","2,5410200",95,2019,110.0,1.0,1.0,1.0,2262555,2.0,2,4,1,0.0,,-1.0,0,1987.0,A01,138Â 205Â 816,1.0,0.0,-1.0,1727073,1.0,7,,4.0,2.0,1.0,A01,138Â 205Â 816,1.0
1011774,201900053305,1,6,04:57,4,1,1,1.0,5.0,95154,AUTOROUTE A1,M,"49,0354100","2,5410200",95,2019,110.0,1.0,1.0,1.0,2262555,2.0,2,4,1,0.0,,-1.0,0,1987.0,A01,138Â 205Â 816,1.0,0.0,-1.0,1727074,1.0,7,,1.0,0.0,1.0,B01,138Â 205Â 817,1.0
1011774,201900053305,1,6,04:57,4,1,1,1.0,5.0,95154,AUTOROUTE A1,M,"49,0354100","2,5410200",95,2019,110.0,1.0,1.0,1.0,2262555,2.0,2,4,1,0.0,,-1.0,0,1987.0,A01,138Â 205Â 816,1.0,0.0,-1.0,1727075,1.0,7,,0.0,2.0,3.0,C01,138Â 205Â 818,1.0
1011774,201900053305,1,6,04:57,4,1,1,1.0,5.0,95154,AUTOROUTE A1,M,"49,0354100","2,5410200",95,2019,110.0,1.0,1.0,1.0,2262555,2.0,2,4,1,0.0,,-1.0,0,1987.0,A01,138Â 205Â 816,1.0,0.0,-1.0,1727076,1.0,7,,1.0,0.0,3.0,D01,138Â 205Â 819,1.0
1011774,201900053305,1,6,04:57,4,1,1,1.0,5.0,95154,AUTOROUTE A1,M,"49,0354100","2,5410200",95,2019,110.0,1.0,1.0,1.0,2262556,1.0,1,4,2,0.0,,-1.0,0,1990.0,A01,138Â 205Â 816,1.0,0.0,-1.0,1727073,1.0,7,,4.0,2.0,1.0,A01,138Â 205Â 816,1.0
1011774,201900053305,1,6,04:57,4,1,1,1.0,5.0,95154,AUTOROUTE A1,M,"49,0354100","2,5410200",95,2019,110.0,1.0,1.0,1.0,2262556,1.0,1,4,2,0.0,,-1.0,0,1990.0,A01,138Â 205Â 816,1.0,0.0,-1.0,1727074,1.0,7,,1.0,0.0,1.0,B01,138Â 205Â 817,1.0
1011774,201900053305,1,6,04:57,4,1,1,1.0,5.0,95154,AUTOROUTE A1,M,"49,0354100","2,5410200",95,2019,110.0,1.0,1.0,1.0,2262556,1.0,1,4,2,0.0,,-1.0,0,1990.0,A01,138Â 205Â 816,1.0,0.0,-1.0,1727075,1.0,7,,0.0,2.0,3.0,C01,138Â 205Â 818,1.0
1011774,201900053305,1,6,04:57,4,1,1,1.0,5.0,95154,AUTOROUTE A1,M,"49,0354100","2,5410200",95,2019,110.0,1.0,1.0,1.0,2262556,1.0,1,4,2,0.0,,-1.0,0,1990.0,A01,138Â 205Â 816,1.0,0.0,-1.0,1727076,1.0,7,,1.0,0.0,3.0,D01,138Â 205Â 819,1.0
1011774,201900053305,1,6,04:57,4,1,1,1.0,5.0,95154,AUTOROUTE A1,M,"49,0354100","2,5410200",95,2019,110.0,1.0,1.0,1.0,2262557,1.0,1,4,2,0.0,,-1.0,0,1983.0,B01,138Â 205Â 817,1.0,0.0,-1.0,1727073,1.0,7,,4.0,2.0,1.0,A01,138Â 205Â 816,1.0
1011774,201900053305,1,6,04:57,4,1,1,1.0,5.0,95154,AUTOROUTE A1,M,"49,0354100","2,5410200",95,2019,110.0,1.0,1.0,1.0,2262557,1.0,1,4,2,0.0,,-1.0,0,1983.0,B01,138Â 205Â 817,1.0,0.0,-1.0,1727074,1.0,7,,1.0,0.0,1.0,B01,138Â 205Â 817,1.0
1011774,201900053305,1,6,04:57,4,1,1,1.0,5.0,95154,AUTOROUTE A1,M,"49,0354100","2,5410200",95,2019,110.0,1.0,1.0,1.0,2262557,1.0,1,4,2,0.0,,-1.0,0,1983.0,B01,138Â 205Â 817,1.0,0.0,-1.0,1727075,1.0,7,,0.0,2.0,3.0,C01,138Â 205Â 818,1.0
1011774,201900053305,1,6,04:57,4,1,1,1.0,5.0,95154,AUTOROUTE A1,M,"49,0354100","2,5410200",95,2019,110.0,1.0,1.0,1.0,2262557,1.0,1,4,2,0.0,,-1.0,0,1983.0,B01,138Â 205Â 817,1.0,0.0,-1.0,1727076,1.0,7,,1.0,0.0,3.0,D01,138Â 205Â 819,1.0
1011774,201900053305,1,6,04:57,4,1,1,1.0,5.0,95154,AUTOROUTE A1,M,"49,0354100","2,5410200",95,2019,110.0,1.0,1.0,1.0,2262558,1.0,1,1,1,1.0,,-1.0,0,1970.0,C01,138Â 205Â 818,8.0,0.0,-1.0,1727073,1.0,7,,4.0,2.0,1.0,A01,138Â 205Â 816,1.0
1011774,201900053305,1,6,04:57,4,1,1,1.0,5.0,95154,AUTOROUTE A1,M,"49,0354100","2,5410200",95,2019,110.0,1.0,1.0,1.0,2262558,1.0,1,1,1,1.0,,-1.0,0,1970.0,C01,138Â 205Â 818,8.0,0.0,-1.0,1727074,1.0,7,,1.0,0.0,1.0,B01,138Â 205Â 817,1.0
1011774,201900053305,1,6,04:57,4,1,1,1.0,5.0,95154,AUTOROUTE A1,M,"49,0354100","2,5410200",95,2019,110.0,1.0,1.0,1.0,2262558,1.0,1,1,1,1.0,,-1.0,0,1970.0,C01,138Â 205Â 818,8.0,0.0,-1.0,1727075,1.0,7,,0.0,2.0,3.0,C01,138Â 205Â 818,1.0
1011774,201900053305,1,6,04:57,4,1,1,1.0,5.0,95154,AUTOROUTE A1,M,"49,0354100","2,5410200",95,2019,110.0,1.0,1.0,1.0,2262558,1.0,1,1,1,1.0,,-1.0,0,1970.0,C01,138Â 205Â 818,8.0,0.0,-1.0,1727076,1.0,7,,1.0,0.0,3.0,D01,138Â 205Â 819,1.0
1011774,201900053305,1,6,04:57,4,1,1,1.0,5.0,95154,AUTOROUTE A1,M,"49,0354100","2,5410200",95,2019,110.0,1.0,1.0,1.0,2262559,1.0,1,4,1,0.0,,-1.0,0,1985.0,D01,138Â 205Â 819,1.0,0.0,-1.0,1727073,1.0,7,,4.0,2.0,1.0,A01,138Â 205Â 816,1.0
1011774,201900053305,1,6,04:57,4,1,1,1.0,5.0,95154,AUTOROUTE A1,M,"49,0354100","2,5410200",95,2019,110.0,1.0,1.0,1.0,2262559,1.0,1,4,1,0.0,,-1.0,0,1985.0,D01,138Â 205Â 819,1.0,0.0,-1.0,1727074,1.0,7,,1.0,0.0,1.0,B01,138Â 205Â 817,1.0
1011774,201900053305,1,6,04:57,4,1,1,1.0,5.0,95154,AUTOROUTE A1,M,"49,0354100","2,5410200",95,2019,110.0,1.0,1.0,1.0,2262559,1.0,1,4,1,0.0,,-1.0,0,1985.0,D01,138Â 205Â 819,1.0,0.0,-1.0,1727075,1.0,7,,0.0,2.0,3.0,C01,138Â 205Â 818,1.0
1011774,201900053305,1,6,04:57,4,1,1,1.0,5.0,95154,AUTOROUTE A1,M,"49,0354100","2,5410200",95,2019,110.0,1.0,1.0,1.0,2262559,1.0,1,4,1,0.0,,-1.0,0,1985.0,D01,138Â 205Â 819,1.0,0.0,-1.0,1727076,1.0,7,,1.0,0.0,3.0,D01,138Â 205Â 819,1.0
1011775,201900053306,1,6,18:40,3,2,1,1.0,6.0,97611,cavani-MosquÃ©e (rue de la),M," -12,7807400","45,2210600",976,2019,50.0,1.0,1.0,4.0,2262560,10.0,3,4,2,9.0,,9.0,9,1979.0,A01,138Â 205Â 815,8.0,0.0,-1.0,1727077,2.0,7,,1.0,2.0,4.0,A01,138Â 205Â 815,1.0
1011776,201900053307,1,5,23:35,5,2,7,1.0,3.0,97302,PLACE DU COQ,M,"4,9362492"," -52,3342538",973,2019,50.0,1.0,2.0,4.0,2262561,3.0,2,4,2,0.0,,-1.0,0,1983.0,A01,138Â 205Â 813,8.0,0.0,-1.0,1727078,3.0,7,,9.0,2.0,1.0,A01,138Â 205Â 813,0.0
1011776,201900053307,1,5,23:35,5,2,7,1.0,3.0,97302,PLACE DU COQ,M,"4,9362492"," -52,3342538",973,2019,50.0,1.0,2.0,4.0,2262561,3.0,2,4,2,0.0,,-1.0,0,1983.0,A01,138Â 205Â 813,8.0,0.0,-1.0,1727079,3.0,2,,0.0,2.0,1.0,B01,138Â 205Â 814,0.0
1011776,201900053307,1,5,23:35,5,2,7,1.0,3.0,97302,PLACE DU COQ,M,"4,9362492"," -52,3342538",973,2019,50.0,1.0,2.0,4.0,2262562,2.0,2,3,2,0.0,,-1.0,0,1991.0,A01,138Â 205Â 813,8.0,0.0,-1.0,1727078,3.0,7,,9.0,2.0,1.0,A01,138Â 205Â 813,0.0
1011776,201900053307,1,5,23:35,5,2,7,1.0,3.0,97302,PLACE DU COQ,M,"4,9362492"," -52,3342538",973,2019,50.0,1.0,2.0,4.0,2262562,2.0,2,3,2,0.0,,-1.0,0,1991.0,A01,138Â 205Â 813,8.0,0.0,-1.0,1727079,3.0,2,,0.0,2.0,1.0,B01,138Â 205Â 814,0.0
1011776,201900053307,1,5,23:35,5,2,7,1.0,3.0,97302,PLACE DU COQ,M,"4,9362492"," -52,3342538",973,2019,50.0,1.0,2.0,4.0,2262563,1.0,1,1,2,0.0,,-1.0,0,1976.0,A01,138Â 205Â 813,8.0,0.0,-1.0,1727078,3.0,7,,9.0,2.0,1.0,A01,138Â 205Â 813,0.0
1011776,201900053307,1,5,23:35,5,2,7,1.0,3.0,97302,PLACE DU COQ,M,"4,9362492"," -52,3342538",973,2019,50.0,1.0,2.0,4.0,2262563,1.0,1,1,2,0.0,,-1.0,0,1976.0,A01,138Â 205Â 813,8.0,0.0,-1.0,1727079,3.0,2,,0.0,2.0,1.0,B01,138Â 205Â 814,0.0
1011776,201900053307,1,5,23:35,5,2,7,1.0,3.0,97302,PLACE DU COQ,M,"4,9362492"," -52,3342538",973,2019,50.0,1.0,2.0,4.0,2262564,1.0,1,4,1,0.0,,-1.0,0,1985.0,B01,138Â 205Â 814,8.0,0.0,-1.0,1727078,3.0,7,,9.0,2.0,1.0,A01,138Â 205Â 813,0.0
1011776,201900053307,1,5,23:35,5,2,7,1.0,3.0,97302,PLACE DU COQ,M,"4,9362492"," -52,3342538",973,2019,50.0,1.0,2.0,4.0,2262564,1.0,1,4,1,0.0,,-1.0,0,1985.0,B01,138Â 205Â 814,8.0,0.0,-1.0,1727079,3.0,2,,0.0,2.0,1.0,B01,138Â 205Â 814,0.0
1011777,201900053308,1,7,00:16,5,2,3,1.0,6.0,69386,MARECHAL LYAUTEY (DU)               (PL),M,"45,7687800","4,8428700",69,2019,50.0,1.0,1.0,4.0,2262565,1.0,1,1,1,5.0,,-1.0,0,1999.0,A01,138Â 205Â 812,1.0,0.0,-1.0,1727080,2.0,7,,8.0,0.0,1.0,A01,138Â 205Â 812,1.0
1011777,201900053308,1,7,00:16,5,2,3,1.0,6.0,69386,MARECHAL LYAUTEY (DU)               (PL),M,"45,7687800","4,8428700",69,2019,50.0,1.0,1.0,4.0,2262566,2.0,2,1,1,5.0,,-1.0,0,2001.0,A01,138Â 205Â 812,1.0,0.0,-1.0,1727080,2.0,7,,8.0,0.0,1.0,A01,138Â 205Â 812,1.0
1011777,201900053308,1,7,00:16,5,2,3,1.0,6.0,69386,MARECHAL LYAUTEY (DU)               (PL),M,"45,7687800","4,8428700",69,2019,50.0,1.0,1.0,4.0,2262567,5.0,2,4,1,5.0,,-1.0,0,2000.0,A01,138Â 205Â 812,8.0,0.0,-1.0,1727080,2.0,7,,8.0,0.0,1.0,A01,138Â 205Â 812,1.0
1011778,201900053309,1,6,18:00,2,2,1,1.0,1.0,97209,BISHOP (Avenue Maurice),M,"14,6032200"," -61,0633500",972,2019,50.0,1.0,1.0,2.0,2262568,1.0,1,1,2,4.0,,-1.0,0,1981.0,B01,138Â 205Â 810,1.0,5.0,-1.0,1727081,1.0,7,,0.0,2.0,1.0,B01,138Â 205Â 810,1.0
1011778,201900053309,1,6,18:00,2,2,1,1.0,1.0,97209,BISHOP (Avenue Maurice),M,"14,6032200"," -61,0633500",972,2019,50.0,1.0,1.0,2.0,2262568,1.0,1,1,2,4.0,,-1.0,0,1981.0,B01,138Â 205Â 810,1.0,5.0,-1.0,1727082,2.0,32,,0.0,2.0,1.0,A01,138Â 205Â 811,1.0
1011778,201900053309,1,6,18:00,2,2,1,1.0,1.0,97209,BISHOP (Avenue Maurice),M,"14,6032200"," -61,0633500",972,2019,50.0,1.0,1.0,2.0,2262569,3.0,2,1,1,5.0,,-1.0,0,1998.0,B01,138Â 205Â 810,1.0,0.0,-1.0,1727081,1.0,7,,0.0,2.0,1.0,B01,138Â 205Â 810,1.0
1011778,201900053309,1,6,18:00,2,2,1,1.0,1.0,97209,BISHOP (Avenue Maurice),M,"14,6032200"," -61,0633500",972,2019,50.0,1.0,1.0,2.0,2262569,3.0,2,1,1,5.0,,-1.0,0,1998.0,B01,138Â 205Â 810,1.0,0.0,-1.0,1727082,2.0,32,,0.0,2.0,1.0,A01,138Â 205Â 811,1.0
1011778,201900053309,1,6,18:00,2,2,1,1.0,1.0,97209,BISHOP (Avenue Maurice),M,"14,6032200"," -61,0633500",972,2019,50.0,1.0,1.0,2.0,2262570,1.0,1,3,1,5.0,,-1.0,0,1992.0,A01,138Â 205Â 811,8.0,0.0,-1.0,1727081,1.0,7,,0.0,2.0,1.0,B01,138Â 205Â 810,1.0
1011778,201900053309,1,6,18:00,2,2,1,1.0,1.0,97209,BISHOP (Avenue Maurice),M,"14,6032200"," -61,0633500",972,2019,50.0,1.0,1.0,2.0,2262570,1.0,1,3,1,5.0,,-1.0,0,1992.0,A01,138Â 205Â 811,8.0,0.0,-1.0,1727082,2.0,32,,0.0,2.0,1.0,A01,138Â 205Â 811,1.0
1011779,201900053310,1,6,09:40,1,1,1,1.0,6.0,97209,RD 41 (ROCADE),M,"14,6161600"," -61,0606500",972,2019,70.0,1.0,2.0,3.0,2262571,1.0,1,4,2,1.0,,-1.0,0,1992.0,A01,138Â 205Â 809,1.0,0.0,-1.0,1727083,2.0,7,,4.0,0.0,1.0,A01,138Â 205Â 809,1.0
1011780,201900053311,1,5,02:30,4,2,6,1.0,7.0,83144,UNIVERSITE (AVE DE L'),M,"43,1384000","6,0165100",83,2019,50.0,1.0,1.0,4.0,2262572,3.0,2,3,2,0.0,,-1.0, -1,2001.0,A01,138Â 205Â 806,8.0,0.0,-1.0,1727084,1.0,7,,14.0,0.0,1.0,A01,138Â 205Â 806,1.0
1011780,201900053311,1,5,02:30,4,2,6,1.0,7.0,83144,UNIVERSITE (AVE DE L'),M,"43,1384000","6,0165100",83,2019,50.0,1.0,1.0,4.0,2262573,2.0,2,1,1,0.0,,-1.0, -1,2001.0,A01,138Â 205Â 806,8.0,0.0,-1.0,1727084,1.0,7,,14.0,0.0,1.0,A01,138Â 205Â 806,1.0
1011780,201900053311,1,5,02:30,4,2,6,1.0,7.0,83144,UNIVERSITE (AVE DE L'),M,"43,1384000","6,0165100",83,2019,50.0,1.0,1.0,4.0,2262574,1.0,1,1,1,5.0,,-1.0, -1,1999.0,A01,138Â 205Â 806,8.0,0.0,-1.0,1727084,1.0,7,,14.0,0.0,1.0,A01,138Â 205Â 806,1.0
1011781,201900053312,1,6,16:00,1,2,1,8.0,4.0,69266,ROGER SALENGRO     (Avenue),M,"45,7812700","4,8853800",69,2019,50.0,1.0,1.0,4.0,2262575,3.0,2,1,2,5.0,,-1.0,0,2014.0,B01,138Â 205Â 800,1.0,0.0,-1.0,1727085,1.0,7,,0.0,2.0,2.0,B01,138Â 205Â 800,1.0
1011781,201900053312,1,6,16:00,1,2,1,8.0,4.0,69266,ROGER SALENGRO     (Avenue),M,"45,7812700","4,8853800",69,2019,50.0,1.0,1.0,4.0,2262575,3.0,2,1,2,5.0,,-1.0,0,2014.0,B01,138Â 205Â 800,1.0,0.0,-1.0,1727086,3.0,7,,1.0,0.0,4.0,C01,138Â 205Â 801,1.0
1011781,201900053312,1,6,16:00,1,2,1,8.0,4.0,69266,ROGER SALENGRO     (Avenue),M,"45,7812700","4,8853800",69,2019,50.0,1.0,1.0,4.0,2262575,3.0,2,1,2,5.0,,-1.0,0,2014.0,B01,138Â 205Â 800,1.0,0.0,-1.0,1727087,2.0,7,,0.0,2.0,1.0,A01,138Â 205Â 802,1.0
1011781,201900053312,1,6,16:00,1,2,1,8.0,4.0,69266,ROGER SALENGRO     (Avenue),M,"45,7812700","4,8853800",69,2019,50.0,1.0,1.0,4.0,2262576,1.0,1,4,1,5.0,,-1.0,0,1987.0,B01,138Â 205Â 800,1.0,0.0,-1.0,1727085,1.0,7,,0.0,2.0,2.0,B01,138Â 205Â 800,1.0
1011781,201900053312,1,6,16:00,1,2,1,8.0,4.0,69266,ROGER SALENGRO     (Avenue),M,"45,7812700","4,8853800",69,2019,50.0,1.0,1.0,4.0,2262576,1.0,1,4,1,5.0,,-1.0,0,1987.0,B01,138Â 205Â 800,1.0,0.0,-1.0,1727086,3.0,7,,1.0,0.0,4.0,C01,138Â 205Â 801,1.0
1011781,201900053312,1,6,16:00,1,2,1,8.0,4.0,69266,ROGER SALENGRO     (Avenue),M,"45,7812700","4,8853800",69,2019,50.0,1.0,1.0,4.0,2262576,1.0,1,4,1,5.0,,-1.0,0,1987.0,B01,138Â 205Â 800,1.0,0.0,-1.0,1727087,2.0,7,,0.0,2.0,1.0,A01,138Â 205Â 802,1.0
1011781,201900053312,1,6,16:00,1,2,1,8.0,4.0,69266,ROGER SALENGRO     (Avenue),M,"45,7812700","4,8853800",69,2019,50.0,1.0,1.0,4.0,2262577,5.0,2,1,2,5.0,,-1.0,0,2018.0,B01,138Â 205Â 800,1.0,0.0,-1.0,1727085,1.0,7,,0.0,2.0,2.0,B01,138Â 205Â 800,1.0
1011781,201900053312,1,6,16:00,1,2,1,8.0,4.0,69266,ROGER SALENGRO     (Avenue),M,"45,7812700","4,8853800",69,2019,50.0,1.0,1.0,4.0,2262577,5.0,2,1,2,5.0,,-1.0,0,2018.0,B01,138Â 205Â 800,1.0,0.0,-1.0,1727086,3.0,7,,1.0,0.0,4.0,C01,138Â 205Â 801,1.0
1011781,201900053312,1,6,16:00,1,2,1,8.0,4.0,69266,ROGER SALENGRO     (Avenue),M,"45,7812700","4,8853800",69,2019,50.0,1.0,1.0,4.0,2262577,5.0,2,1,2,5.0,,-1.0,0,2018.0,B01,138Â 205Â 800,1.0,0.0,-1.0,1727087,2.0,7,,0.0,2.0,1.0,A01,138Â 205Â 802,1.0
1011781,201900053312,1,6,16:00,1,2,1,8.0,4.0,69266,ROGER SALENGRO     (Avenue),M,"45,7812700","4,8853800",69,2019,50.0,1.0,1.0,4.0,2262578,1.0,1,1,1,9.0,,-1.0,0,1951.0,C01,138Â 205Â 801,8.0,0.0,-1.0,1727085,1.0,7,,0.0,2.0,2.0,B01,138Â 205Â 800,1.0
1011781,201900053312,1,6,16:00,1,2,1,8.0,4.0,69266,ROGER SALENGRO     (Avenue),M,"45,7812700","4,8853800",69,2019,50.0,1.0,1.0,4.0,2262578,1.0,1,1,1,9.0,,-1.0,0,1951.0,C01,138Â 205Â 801,8.0,0.0,-1.0,1727086,3.0,7,,1.0,0.0,4.0,C01,138Â 205Â 801,1.0
1011781,201900053312,1,6,16:00,1,2,1,8.0,4.0,69266,ROGER SALENGRO     (Avenue),M,"45,7812700","4,8853800",69,2019,50.0,1.0,1.0,4.0,2262578,1.0,1,1,1,9.0,,-1.0,0,1951.0,C01,138Â 205Â 801,8.0,0.0,-1.0,1727087,2.0,7,,0.0,2.0,1.0,A01,138Â 205Â 802,1.0
1011781,201900053312,1,6,16:00,1,2,1,8.0,4.0,69266,ROGER SALENGRO     (Avenue),M,"45,7812700","4,8853800",69,2019,50.0,1.0,1.0,4.0,2262579,1.0,1,4,1,5.0,,-1.0,0,1999.0,A01,138Â 205Â 802,1.0,0.0,-1.0,1727085,1.0,7,,0.0,2.0,2.0,B01,138Â 205Â 800,1.0
1011781,201900053312,1,6,16:00,1,2,1,8.0,4.0,69266,ROGER SALENGRO     (Avenue),M,"45,7812700","4,8853800",69,2019,50.0,1.0,1.0,4.0,2262579,1.0,1,4,1,5.0,,-1.0,0,1999.0,A01,138Â 205Â 802,1.0,0.0,-1.0,1727086,3.0,7,,1.0,0.0,4.0,C01,138Â 205Â 801,1.0
1011781,201900053312,1,6,16:00,1,2,1,8.0,4.0,69266,ROGER SALENGRO     (Avenue),M,"45,7812700","4,8853800",69,2019,50.0,1.0,1.0,4.0,2262579,1.0,1,4,1,5.0,,-1.0,0,1999.0,A01,138Â 205Â 802,1.0,0.0,-1.0,1727087,2.0,7,,0.0,2.0,1.0,A01,138Â 205Â 802,1.0
1011781,201900053312,1,6,16:00,1,2,1,8.0,4.0,69266,ROGER SALENGRO     (Avenue),M,"45,7812700","4,8853800",69,2019,50.0,1.0,1.0,4.0,2262580,2.0,2,4,2,5.0,,-1.0,0,2002.0,A01,138Â 205Â 802,1.0,0.0,-1.0,1727085,1.0,7,,0.0,2.0,2.0,B01,138Â 205Â 800,1.0