Unnamed: 0_x,num_acc,mois,jour,hrmn,lum,agg,int,atm,col,com,adr,gps,lat,long,dep,annee,vma,situ,surf,catr,Unnamed: 0_y,place,catu,grav,sexe,trajet,secu,locp,actp,an_nais,num_veh_x,id_vehicule_x,secu1,secu2,secu3,Unnamed: 0,senc,catv,occutc,obs,obsm,choc,num_veh_y,id_vehicule_y,motor
1011781,201900053312,1,6,16:00,1,2,1,8.0,4.0,69266,ROGER SALENGRO     (Avenue),M,"45,7812700","4,8853800",69,2019,50.0,1.0,1.0,4.0,2262580,2.0,2,4,2,5.0,,-1.0,0,2002.0,A01,138Â 205Â 802,1.0,0.0,-1.0,1727086,3.0,7,,1.0,0.0,4.0,C01,138Â 205Â 801,1.0
1011781,201900053312,1,6,16:00,1,2,1,8.0,4.0,69266,ROGER SALENGRO     (Avenue),M,"45,7812700","4,8853800",69,2019,50.0,1.0,1.0,4.0,2262580,2.0,2,4,2,5.0,,-1.0,0,2002.0,A01,138Â 205Â 802,1.0,0.0,-1.0,1727087,2.0,7,,0.0,2.0,1.0,A01,138Â 205Â 802,1.0
1011781,201900053312,1,6,16:00,1,2,1,8.0,4.0,69266,ROGER SALENGRO     (Avenue),M,"45,7812700","4,8853800",69,2019,50.0,1.0,1.0,4.0,2262581,3.0,2,4,1,5.0,,-1.0,0,2001.0,A01,138Â 205Â 802,1.0,0.0,-1.0,1727085,1.0,7,,0.0,2.0,2.0,B01,138Â 205Â 800,1.0
1011781,201900053312,1,6,16:00,1,2,1,8.0,4.0,69266,ROGER SALENGRO     (Avenue),M,"45,7812700","4,8853800",69,2019,50.0,1.0,1.0,4.0,2262581,3.0,2,4,1,5.0,,-1.0,0,2001.0,A01,138Â 205Â 802,1.0,0.0,-1.0,1727086,3.0,7,,1.0,0.0,4.0,C01,138Â 205Â 801,1.0
1011781,201900053312,1,6,16:00,1,2,1,8.0,4.0,69266,ROGER SALENGRO     (Avenue),M,"45,7812700","4,8853800",69,2019,50.0,1.0,1.0,4.0,2262581,3.0,2,4,1,5.0,,-1.0,0,2001.0,A01,138Â 205Â 802,1.0,0.0,-1.0,1727087,2.0,7,,0.0,2.0,1.0,A01,138Â 205Â 802,1.0
1011782,201900053313,1,6,12:00,1,2,1,1.0,6.0,59299,LECLERC (RUE DU GENERAL),M,"50,6529900","3,1862700",59,2019,50.0,1.0,1.0,7.0,2262582,1.0,1,1,2,5.0,,-1.0,0,1995.0,A01,138Â 205Â 798,1.0,0.0,-1.0,1727088,1.0,7,,0.0,1.0,2.0,A01,138Â 205Â 798,0.0
1011782,201900053313,1,6,12:00,1,2,1,1.0,6.0,59299,LECLERC (RUE DU GENERAL),M,"50,6529900","3,1862700",59,2019,50.0,1.0,1.0,7.0,2262583,10.0,3,3,2,0.0,,2.0,3,1968.0,A01,138Â 205Â 798,8.0,0.0,-1.0,1727088,1.0,7,,0.0,1.0,2.0,A01,138Â 205Â 798,0.0
1011783,201900053314,1,2,19:14,5,2,2,1.0,3.0,54431,GAMBETTA (RUE),M,"48,9049800","6,0585900",54,2019,50.0,1.0,1.0,4.0,2262584,1.0,1,1,2,5.0,,0.0,0,1951.0,A01,138Â 205Â 796,1.0,0.0,-1.0,1727089,2.0,7,,0.0,2.0,2.0,A01,138Â 205Â 796,1.0
1011783,201900053314,1,2,19:14,5,2,2,1.0,3.0,54431,GAMBETTA (RUE),M,"48,9049800","6,0585900",54,2019,50.0,1.0,1.0,4.0,2262584,1.0,1,1,2,5.0,,0.0,0,1951.0,A01,138Â 205Â 796,1.0,0.0,-1.0,1727090,3.0,2,,0.0,2.0,1.0,B01,138Â 205Â 797,1.0
1011783,201900053314,1,2,19:14,5,2,2,1.0,3.0,54431,GAMBETTA (RUE),M,"48,9049800","6,0585900",54,2019,50.0,1.0,1.0,4.0,2262585,1.0,1,1,1,5.0,,0.0,0,2001.0,B01,138Â 205Â 797,2.0,0.0,-1.0,1727089,2.0,7,,0.0,2.0,2.0,A01,138Â 205Â 796,1.0
1011783,201900053314,1,2,19:14,5,2,2,1.0,3.0,54431,GAMBETTA (RUE),M,"48,9049800","6,0585900",54,2019,50.0,1.0,1.0,4.0,2262585,1.0,1,1,1,5.0,,0.0,0,2001.0,B01,138Â 205Â 797,2.0,0.0,-1.0,1727090,3.0,2,,0.0,2.0,1.0,B01,138Â 205Â 797,1.0
1011783,201900053314,1,2,19:14,5,2,2,1.0,3.0,54431,GAMBETTA (RUE),M,"48,9049800","6,0585900",54,2019,50.0,1.0,1.0,4.0,2262586,2.0,2,4,1,5.0,,-1.0, -1,2001.0,B01,138Â 205Â 797,2.0,0.0,-1.0,1727089,2.0,7,,0.0,2.0,2.0,A01,138Â 205Â 796,1.0
1011783,201900053314,1,2,19:14,5,2,2,1.0,3.0,54431,GAMBETTA (RUE),M,"48,9049800","6,0585900",54,2019,50.0,1.0,1.0,4.0,2262586,2.0,2,4,1,5.0,,-1.0, -1,2001.0,B01,138Â 205Â 797,2.0,0.0,-1.0,1727090,3.0,2,,0.0,2.0,1.0,B01,138Â 205Â 797,1.0
1011784,201900053315,1,5,19:00,5,2,1,1.0,6.0,42207,ORIOL BENOIT RUE,M,"45,4761300","4,5162000",42,2019,50.0,1.0,1.0,4.0,2262587,1.0,1,1,2,5.0,,-1.0, -1,1950.0,A01,138Â 205Â 795,1.0,8.0,-1.0,1727091,1.0,7,,0.0,1.0,3.0,A01,138Â 205Â 795,1.0
1011784,201900053315,1,5,19:00,5,2,1,1.0,6.0,42207,ORIOL BENOIT RUE,M,"45,4761300","4,5162000",42,2019,50.0,1.0,1.0,4.0,2262588,10.0,3,3,2,5.0,,2.0,3,1971.0,A01,138Â 205Â 795,8.0,0.0,-1.0,1727091,1.0,7,,0.0,1.0,3.0,A01,138Â 205Â 795,1.0
1011785,201900053316,1,5,13:55,1,2,1,1.0,3.0,35238,MITTERAND (MAIL FRANCOIS),M,"48,1098800"," -1,6873500",35,2019,50.0,1.0,1.0,4.0,2262589,1.0,1,1,1,0.0,,-1.0, -1,1991.0,B01,138Â 205Â 793,1.0,0.0,-1.0,1727092,1.0,7,,0.0,2.0,8.0,B01,138Â 205Â 793,1.0
1011785,201900053316,1,5,13:55,1,2,1,1.0,3.0,35238,MITTERAND (MAIL FRANCOIS),M,"48,1098800"," -1,6873500",35,2019,50.0,1.0,1.0,4.0,2262589,1.0,1,1,1,0.0,,-1.0, -1,1991.0,B01,138Â 205Â 793,1.0,0.0,-1.0,1727093,1.0,34,,0.0,2.0,2.0,A01,138Â 205Â 794,1.0
1011785,201900053316,1,5,13:55,1,2,1,1.0,3.0,35238,MITTERAND (MAIL FRANCOIS),M,"48,1098800"," -1,6873500",35,2019,50.0,1.0,1.0,4.0,2262590,1.0,1,4,1,4.0,,-1.0, -1,1993.0,A01,138Â 205Â 794,2.0,6.0,-1.0,1727092,1.0,7,,0.0,2.0,8.0,B01,138Â 205Â 793,1.0
1011785,201900053316,1,5,13:55,1,2,1,1.0,3.0,35238,MITTERAND (MAIL FRANCOIS),M,"48,1098800"," -1,6873500",35,2019,50.0,1.0,1.0,4.0,2262590,1.0,1,4,1,4.0,,-1.0, -1,1993.0,A01,138Â 205Â 794,2.0,6.0,-1.0,1727093,1.0,34,,0.0,2.0,2.0,A01,138Â 205Â 794,1.0
1011786,201900053317,1,6,15:45,1,2,1,1.0,6.0,34172,ERNEST HEMINGWAY (AVENUE),M,"43,6312300","3,8413700",34,2019,50.0,1.0,1.0,4.0,2262591,10.0,3,4,2,5.0,,3.0,3,1940.0,Z01,138Â 205Â 792,8.0,0.0,-1.0,1727094,1.0,7,,0.0,1.0,1.0,Z01,138Â 205Â 792,1.0
1011787,201900053318,1,5,06:45,3,1,1,1.0,1.0,31483,D921,M,"43,0933100","0,7331300",31,2019,80.0,1.0,1.0,3.0,2262592,1.0,1,4,1,5.0,,-1.0,0,1979.0,A01,138Â 205Â 790,1.0,0.0,-1.0,1727095,2.0,7,,0.0,2.0,1.0,A01,138Â 205Â 790,1.0
1011787,201900053318,1,5,06:45,3,1,1,1.0,1.0,31483,D921,M,"43,0933100","0,7331300",31,2019,80.0,1.0,1.0,3.0,2262592,1.0,1,4,1,5.0,,-1.0,0,1979.0,A01,138Â 205Â 790,1.0,0.0,-1.0,1727096,1.0,7,,0.0,2.0,1.0,B01,138Â 205Â 791,1.0
1011787,201900053318,1,5,06:45,3,1,1,1.0,1.0,31483,D921,M,"43,0933100","0,7331300",31,2019,80.0,1.0,1.0,3.0,2262593,1.0,1,4,1,1.0,,-1.0,0,1993.0,B01,138Â 205Â 791,1.0,0.0,-1.0,1727095,2.0,7,,0.0,2.0,1.0,A01,138Â 205Â 790,1.0
1011787,201900053318,1,5,06:45,3,1,1,1.0,1.0,31483,D921,M,"43,0933100","0,7331300",31,2019,80.0,1.0,1.0,3.0,2262593,1.0,1,4,1,1.0,,-1.0,0,1993.0,B01,138Â 205Â 791,1.0,0.0,-1.0,1727096,1.0,7,,0.0,2.0,1.0,B01,138Â 205Â 791,1.0
1011788,201900053319,1,6,15:10,1,1,3,1.0,7.0,29039,KERVIGOT,M,"47,9169566"," -3,9295091",29,2019,70.0,3.0,1.0,3.0,2262594,1.0,1,4,2,5.0,,0.0,0,1950.0,A01,138Â 205Â 789,1.0,0.0,-1.0,1727097,1.0,3,,15.0,0.0,9.0,A01,138Â 205Â 789,1.0
1011788,201900053319,1,6,15:10,1,1,3,1.0,7.0,29039,KERVIGOT,M,"47,9169566"," -3,9295091",29,2019,70.0,3.0,1.0,3.0,2262595,2.0,2,4,1,5.0,,0.0,0,1977.0,A01,138Â 205Â 789,1.0,0.0,-1.0,1727097,1.0,3,,15.0,0.0,9.0,A01,138Â 205Â 789,1.0
1011789,201900053320,1,6,13:30,1,2,3,1.0,2.0,13207,Corniche John FitzgÃ©rald Kennedy,M,"43,2823500","5,3508700",13,2019,50.0,1.0,1.0,4.0,2262596,1.0,1,4,2,5.0,,-1.0, -1,1984.0,B01,138Â 205Â 787,1.0,8.0,-1.0,1727098,2.0,7,,0.0,0.0,4.0,B01,138Â 205Â 787,1.0
1011789,201900053320,1,6,13:30,1,2,3,1.0,2.0,13207,Corniche John FitzgÃ©rald Kennedy,M,"43,2823500","5,3508700",13,2019,50.0,1.0,1.0,4.0,2262596,1.0,1,4,2,5.0,,-1.0, -1,1984.0,B01,138Â 205Â 787,1.0,8.0,-1.0,1727099,2.0,7,,0.0,2.0,1.0,A01,138Â 205Â 788,1.0
1011789,201900053320,1,6,13:30,1,2,3,1.0,2.0,13207,Corniche John FitzgÃ©rald Kennedy,M,"43,2823500","5,3508700",13,2019,50.0,1.0,1.0,4.0,2262597,2.0,2,1,1,5.0,,-1.0, -1,1988.0,B01,138Â 205Â 787,1.0,8.0,-1.0,1727098,2.0,7,,0.0,0.0,4.0,B01,138Â 205Â 787,1.0
1011789,201900053320,1,6,13:30,1,2,3,1.0,2.0,13207,Corniche John FitzgÃ©rald Kennedy,M,"43,2823500","5,3508700",13,2019,50.0,1.0,1.0,4.0,2262597,2.0,2,1,1,5.0,,-1.0, -1,1988.0,B01,138Â 205Â 787,1.0,8.0,-1.0,1727099,2.0,7,,0.0,2.0,1.0,A01,138Â 205Â 788,1.0
1011789,201900053320,1,6,13:30,1,2,3,1.0,2.0,13207,Corniche John FitzgÃ©rald Kennedy,M,"43,2823500","5,3508700",13,2019,50.0,1.0,1.0,4.0,2262598,1.0,1,1,1,0.0,,-1.0, -1,1986.0,A01,138Â 205Â 788,1.0,8.0,-1.0,1727098,2.0,7,,0.0,0.0,4.0,B01,138Â 205Â 787,1.0
1011789,201900053320,1,6,13:30,1,2,3,1.0,2.0,13207,Corniche John FitzgÃ©rald Kennedy,M,"43,2823500","5,3508700",13,2019,50.0,1.0,1.0,4.0,2262598,1.0,1,1,1,0.0,,-1.0, -1,1986.0,A01,138Â 205Â 788,1.0,8.0,-1.0,1727099,2.0,7,,0.0,2.0,1.0,A01,138Â 205Â 788,1.0
1011790,201900053321,1,6,03:05,3,2,1,1.0,2.0,13210,SCHLOESING (BOULEVARD),M,"43,2727800","5,4009700",13,2019,50.0,1.0,1.0,4.0,2262599,1.0,1,4,1,0.0,,-1.0, -1,1998.0,B01,138Â 205Â 785,1.0,0.0,-1.0,1727100,1.0,7,,0.0,2.0,4.0,B01,138Â 205Â 785,1.0
1011790,201900053321,1,6,03:05,3,2,1,1.0,2.0,13210,SCHLOESING (BOULEVARD),M,"43,2727800","5,4009700",13,2019,50.0,1.0,1.0,4.0,2262599,1.0,1,4,1,0.0,,-1.0, -1,1998.0,B01,138Â 205Â 785,1.0,0.0,-1.0,1727101,1.0,7,,0.0,2.0,4.0,A01,138Â 205Â 786,6.0
1011790,201900053321,1,6,03:05,3,2,1,1.0,2.0,13210,SCHLOESING (BOULEVARD),M,"43,2727800","5,4009700",13,2019,50.0,1.0,1.0,4.0,2262600,1.0,1,1,2,0.0,,-1.0, -1,1999.0,A01,138Â 205Â 786,1.0,0.0,-1.0,1727100,1.0,7,,0.0,2.0,4.0,B01,138Â 205Â 785,1.0
1011790,201900053321,1,6,03:05,3,2,1,1.0,2.0,13210,SCHLOESING (BOULEVARD),M,"43,2727800","5,4009700",13,2019,50.0,1.0,1.0,4.0,2262600,1.0,1,1,2,0.0,,-1.0, -1,1999.0,A01,138Â 205Â 786,1.0,0.0,-1.0,1727101,1.0,7,,0.0,2.0,4.0,A01,138Â 205Â 786,6.0
1011791,201900053322,1,6,02:15,3,1,1,1.0,6.0,13001,CHATEAU D'ALPHERAN (CH DU),M,"43,5874300","5,4197100",13,2019,50.0,1.0,1.0,4.0,2262601,1.0,1,4,1,0.0,,-1.0, -1,1994.0,A01,138Â 205Â 784,1.0,0.0,-1.0,1727102,0.0,7,,2.0,0.0,9.0,A01,138Â 205Â 784,1.0
1011792,201900053323,1,5,12:16,1,2,1,8.0,4.0,10387,JULES GUESDE (RUE),M,"48,2848700","4,0836100",10,2019,50.0,1.0,1.0,4.0,2262602,1.0,1,1,2,0.0,,-1.0,0,1992.0,A01,138Â 205Â 781,1.0,0.0,-1.0,1727103,2.0,7,,0.0,2.0,1.0,A01,138Â 205Â 781,1.0
1011792,201900053323,1,5,12:16,1,2,1,8.0,4.0,10387,JULES GUESDE (RUE),M,"48,2848700","4,0836100",10,2019,50.0,1.0,1.0,4.0,2262602,1.0,1,1,2,0.0,,-1.0,0,1992.0,A01,138Â 205Â 781,1.0,0.0,-1.0,1727104,2.0,37,1.0,0.0,2.0,4.0,C01,138Â 205Â 782,1.0
1011792,201900053323,1,5,12:16,1,2,1,8.0,4.0,10387,JULES GUESDE (RUE),M,"48,2848700","4,0836100",10,2019,50.0,1.0,1.0,4.0,2262602,1.0,1,1,2,0.0,,-1.0,0,1992.0,A01,138Â 205Â 781,1.0,0.0,-1.0,1727105,2.0,7,,1.0,0.0,1.0,B01,138Â 205Â 783,1.0
1011792,201900053323,1,5,12:16,1,2,1,8.0,4.0,10387,JULES GUESDE (RUE),M,"48,2848700","4,0836100",10,2019,50.0,1.0,1.0,4.0,2262603,1.0,1,1,1,4.0,,-1.0, -1,1975.0,C01,138Â 205Â 782,1.0,0.0,-1.0,1727103,2.0,7,,0.0,2.0,1.0,A01,138Â 205Â 781,1.0
1011792,201900053323,1,5,12:16,1,2,1,8.0,4.0,10387,JULES GUESDE (RUE),M,"48,2848700","4,0836100",10,2019,50.0,1.0,1.0,4.0,2262603,1.0,1,1,1,4.0,,-1.0, -1,1975.0,C01,138Â 205Â 782,1.0,0.0,-1.0,1727104,2.0,37,1.0,0.0,2.0,4.0,C01,138Â 205Â 782,1.0
1011792,201900053323,1,5,12:16,1,2,1,8.0,4.0,10387,JULES GUESDE (RUE),M,"48,2848700","4,0836100",10,2019,50.0,1.0,1.0,4.0,2262603,1.0,1,1,1,4.0,,-1.0, -1,1975.0,C01,138Â 205Â 782,1.0,0.0,-1.0,1727105,2.0,7,,1.0,0.0,1.0,B01,138Â 205Â 783,1.0
1011792,201900053323,1,5,12:16,1,2,1,8.0,4.0,10387,JULES GUESDE (RUE),M,"48,2848700","4,0836100",10,2019,50.0,1.0,1.0,4.0,2262604,1.0,1,4,1,0.0,,-1.0, -1,1967.0,B01,138Â 205Â 783,1.0,0.0,-1.0,1727103,2.0,7,,0.0,2.0,1.0,A01,138Â 205Â 781,1.0
1011792,201900053323,1,5,12:16,1,2,1,8.0,4.0,10387,JULES GUESDE (RUE),M,"48,2848700","4,0836100",10,2019,50.0,1.0,1.0,4.0,2262604,1.0,1,4,1,0.0,,-1.0, -1,1967.0,B01,138Â 205Â 783,1.0,0.0,-1.0,1727104,2.0,37,1.0,0.0,2.0,4.0,C01,138Â 205Â 782,1.0
1011792,201900053323,1,5,12:16,1,2,1,8.0,4.0,10387,JULES GUESDE (RUE),M,"48,2848700","4,0836100",10,2019,50.0,1.0,1.0,4.0,2262604,1.0,1,4,1,0.0,,-1.0, -1,1967.0,B01,138Â 205Â 783,1.0,0.0,-1.0,1727105,2.0,7,,1.0,0.0,1.0,B01,138Â 205Â 783,1.0
1011793,201900053324,1,5,19:45,5,2,2,1.0,3.0,06088,PARIS (R. DE),M,"43,7053160","7,2692460",6,2019,50.0,1.0,1.0,4.0,2262605,1.0,1,4,1,5.0,,0.0,0,1983.0,A01,138Â 205Â 779,2.0,6.0,-1.0,1727106,1.0,32,,0.0,2.0,1.0,A01,138Â 205Â 779,1.0
1011793,201900053324,1,5,19:45,5,2,2,1.0,3.0,06088,PARIS (R. DE),M,"43,7053160","7,2692460",6,2019,50.0,1.0,1.0,4.0,2262605,1.0,1,4,1,5.0,,0.0,0,1983.0,A01,138Â 205Â 779,2.0,6.0,-1.0,1727107,2.0,7,,0.0,2.0,3.0,B01,138Â 205Â 780,0.0
1011793,201900053324,1,5,19:45,5,2,2,1.0,3.0,06088,PARIS (R. DE),M,"43,7053160","7,2692460",6,2019,50.0,1.0,1.0,4.0,2262606,1.0,1,1,2,5.0,,0.0,0,1982.0,B01,138Â 205Â 780,1.0,0.0,-1.0,1727106,1.0,32,,0.0,2.0,1.0,A01,138Â 205Â 779,1.0
1011793,201900053324,1,5,19:45,5,2,2,1.0,3.0,06088,PARIS (R. DE),M,"43,7053160","7,2692460",6,2019,50.0,1.0,1.0,4.0,2262606,1.0,1,1,2,5.0,,0.0,0,1982.0,B01,138Â 205Â 780,1.0,0.0,-1.0,1727107,2.0,7,,0.0,2.0,3.0,B01,138Â 205Â 780,0.0
1011794,201900053325,1,6,20:50,5,2,1,1.0,6.0,06069,POISSONNIERS (CHEMIN DES),M,"43,6480600","6,9434800",6,2019,30.0,1.0,1.0,9.0,2262607,1.0,1,4,1,5.0,,0.0,0,1973.0,A01,138Â 205Â 778,2.0,0.0,-1.0,1727108,3.0,30,,1.0,0.0,1.0,A01,138Â 205Â 778,1.0
1011795,201900053326,1,6,09:40,1,2,1,1.0,1.0,06069,ZILLER (AVENUE PIERRE),M,"43,6763600","6,9468700",6,2019,50.0,1.0,1.0,3.0,2262608,1.0,1,4,2,5.0,,0.0,0,1993.0,A01,138Â 205Â 776,1.0,0.0,-1.0,1727109,2.0,7,,0.0,2.0,3.0,A01,138Â 205Â 776,1.0
1011795,201900053326,1,6,09:40,1,2,1,1.0,1.0,06069,ZILLER (AVENUE PIERRE),M,"43,6763600","6,9468700",6,2019,50.0,1.0,1.0,3.0,2262608,1.0,1,4,2,5.0,,0.0,0,1993.0,A01,138Â 205Â 776,1.0,0.0,-1.0,1727110,1.0,7,,0.0,2.0,3.0,B01,138Â 205Â 777,1.0
1011795,201900053326,1,6,09:40,1,2,1,1.0,1.0,06069,ZILLER (AVENUE PIERRE),M,"43,6763600","6,9468700",6,2019,50.0,1.0,1.0,3.0,2262609,1.0,1,4,1,9.0,,0.0,0,1963.0,B01,138Â 205Â 777,1.0,0.0,-1.0,1727109,2.0,7,,0.0,2.0,3.0,A01,138Â 205Â 776,1.0
1011795,201900053326,1,6,09:40,1,2,1,1.0,1.0,06069,ZILLER (AVENUE PIERRE),M,"43,6763600","6,9468700",6,2019,50.0,1.0,1.0,3.0,2262609,1.0,1,4,1,9.0,,0.0,0,1963.0,B01,138Â 205Â 777,1.0,0.0,-1.0,1727110,1.0,7,,0.0,2.0,3.0,B01,138Â 205Â 777,1.0
1011796,201900053327,1,6,04:35,5,2,3,1.0,6.0,75118,BOULEVARD BARBES,M,"48,8844860","2,3494900",75,2019,50.0,1.0,1.0,4.0,2262610,1.0,1,4,1,9.0,,0.0,0,1986.0,A01,138Â 205Â 775,1.0,0.0,-1.0,1727111,2.0,7,,1.0,0.0,1.0,A01,138Â 205Â 775,1.0
1011797,201900053328,1,6,19:50,5,2,3,1.0,3.0,75115,RUE DE VAUGIRARD,M,"48,8348520","2,2917080",75,2019,50.0,1.0,1.0,4.0,2262611,1.0,1,1,2,5.0,,0.0,0,1959.0,A01,138Â 205Â 773,1.0,0.0,-1.0,1727112,1.0,7,,0.0,2.0,2.0,A01,138Â 205Â 773,1.0
1011797,201900053328,1,6,19:50,5,2,3,1.0,3.0,75115,RUE DE VAUGIRARD,M,"48,8348520","2,2917080",75,2019,50.0,1.0,1.0,4.0,2262611,1.0,1,1,2,5.0,,0.0,0,1959.0,A01,138Â 205Â 773,1.0,0.0,-1.0,1727113,2.0,33,,0.0,2.0,6.0,B01,138Â 205Â 774,1.0
1011797,201900053328,1,6,19:50,5,2,3,1.0,3.0,75115,RUE DE VAUGIRARD,M,"48,8348520","2,2917080",75,2019,50.0,1.0,1.0,4.0,2262612,1.0,1,4,1,5.0,,0.0,0,1967.0,B01,138Â 205Â 774,2.0,6.0,-1.0,1727112,1.0,7,,0.0,2.0,2.0,A01,138Â 205Â 773,1.0
1011797,201900053328,1,6,19:50,5,2,3,1.0,3.0,75115,RUE DE VAUGIRARD,M,"48,8348520","2,2917080",75,2019,50.0,1.0,1.0,4.0,2262612,1.0,1,4,1,5.0,,0.0,0,1967.0,B01,138Â 205Â 774,2.0,6.0,-1.0,1727113,2.0,33,,0.0,2.0,6.0,B01,138Â 205Â 774,1.0
1011798,201900053329,1,6,18:10,5,2,2,1.0,6.0,75115,RUE CAMBRONNE,M,"48,8418140","2,3032600",75,2019,50.0,1.0,1.0,4.0,2262613,10.0,3,4,2,9.0,,2.0,5,1967.0,A01,138Â 205Â 772,8.0,0.0,-1.0,1727114,2.0,7,,0.0,1.0,3.0,A01,138Â 205Â 772,1.0
1011798,201900053329,1,6,18:10,5,2,2,1.0,6.0,75115,RUE CAMBRONNE,M,"48,8418140","2,3032600",75,2019,50.0,1.0,1.0,4.0,2262614,1.0,1,1,1,5.0,,0.0,0,1945.0,A01,138Â 205Â 772,1.0,8.0,-1.0,1727114,2.0,7,,0.0,1.0,3.0,A01,138Â 205Â 772,1.0
1011799,201900053330,1,6,18:15,5,2,1,8.0,1.0,75104,BOULEVARD MORLAND,M,"48,8487580","2,3646200",75,2019,50.0,5.0,2.0,4.0,2262615,1.0,1,1,1,5.0,,0.0,0,2013.0,A01,138Â 205Â 770,2.0,0.0,-1.0,1727115,1.0,1,,0.0,2.0,0.0,A01,138Â 205Â 770,5.0
1011799,201900053330,1,6,18:15,5,2,1,8.0,1.0,75104,BOULEVARD MORLAND,M,"48,8487580","2,3646200",75,2019,50.0,5.0,2.0,4.0,2262615,1.0,1,1,1,5.0,,0.0,0,2013.0,A01,138Â 205Â 770,2.0,0.0,-1.0,1727116,2.0,50,,0.0,2.0,0.0,B01,138Â 205Â 771,3.0
1011799,201900053330,1,6,18:15,5,2,1,8.0,1.0,75104,BOULEVARD MORLAND,M,"48,8487580","2,3646200",75,2019,50.0,5.0,2.0,4.0,2262616,1.0,1,4,2,5.0,,0.0,0,1994.0,B01,138Â 205Â 771,1.0,0.0,-1.0,1727115,1.0,1,,0.0,2.0,0.0,A01,138Â 205Â 770,5.0
1011799,201900053330,1,6,18:15,5,2,1,8.0,1.0,75104,BOULEVARD MORLAND,M,"48,8487580","2,3646200",75,2019,50.0,5.0,2.0,4.0,2262616,1.0,1,4,2,5.0,,0.0,0,1994.0,B01,138Â 205Â 771,1.0,0.0,-1.0,1727116,2.0,50,,0.0,2.0,0.0,B01,138Â 205Â 771,3.0
1011800,201900053331,1,6,05:30,5,2,7,1.0,6.0,75104,QUAI DE L HOTEL DE VILLE,M,"48,8560730","2,3507010",75,2019,50.0,1.0,1.0,4.0,2262617,1.0,1,4,1,5.0,,0.0,0,1988.0,A01,138Â 205Â 769,1.0,0.0,-1.0,1727117,1.0,7,,8.0,0.0,3.0,A01,138Â 205Â 769,1.0
1011801,201900053332,1,5,22:37,5,2,2,1.0,3.0,94077,BALU (R),M,"48,7362500","2,4101100",94,2019,50.0,1.0,1.0,4.0,2262618,1.0,1,4,1,4.0,,-1.0, -1,1981.0,B01,138Â 205Â 767,2.0,0.0,-1.0,1727118,3.0,2,,1.0,0.0,1.0,B01,138Â 205Â 767,6.0
1011801,201900053332,1,5,22:37,5,2,2,1.0,3.0,94077,BALU (R),M,"48,7362500","2,4101100",94,2019,50.0,1.0,1.0,4.0,2262618,1.0,1,4,1,4.0,,-1.0, -1,1981.0,B01,138Â 205Â 767,2.0,0.0,-1.0,1727119,1.0,7,,1.0,0.0,3.0,A01,138Â 205Â 768,0.0
1011801,201900053332,1,5,22:37,5,2,2,1.0,3.0,94077,BALU (R),M,"48,7362500","2,4101100",94,2019,50.0,1.0,1.0,4.0,2262619,1.0,1,1,2,5.0,,-1.0, -1,1961.0,A01,138Â 205Â 768,1.0,4.0,-1.0,1727118,3.0,2,,1.0,0.0,1.0,B01,138Â 205Â 767,6.0
1011801,201900053332,1,5,22:37,5,2,2,1.0,3.0,94077,BALU (R),M,"48,7362500","2,4101100",94,2019,50.0,1.0,1.0,4.0,2262619,1.0,1,1,2,5.0,,-1.0, -1,1961.0,A01,138Â 205Â 768,1.0,4.0,-1.0,1727119,1.0,7,,1.0,0.0,3.0,A01,138Â 205Â 768,0.0
1011802,201900053333,1,5,14:25,1,2,1,1.0,3.0,94018,BERCY (QU DE),M,"48,8251800","2,3943200",94,2019,50.0,1.0,1.0,3.0,2262620,1.0,1,4,1,1.0,,-1.0,0,1982.0,A01,138Â 205Â 765,1.0,8.0,-1.0,1727120,2.0,7,,1.0,2.0,1.0,A01,138Â 205Â 765,1.0
1011802,201900053333,1,5,14:25,1,2,1,1.0,3.0,94018,BERCY (QU DE),M,"48,8251800","2,3943200",94,2019,50.0,1.0,1.0,3.0,2262620,1.0,1,4,1,1.0,,-1.0,0,1982.0,A01,138Â 205Â 765,1.0,8.0,-1.0,1727121,0.0,38,0.0,0.0,2.0,6.0,B01,138Â 205Â 766,1.0
1011803,201900053334,1,6,01:00,5,2,9,1.0,1.0,93008,ROBESPIERRE (RUE) D20,M,"48,9131720","2,4689000",93,2019,50.0,1.0,1.0,4.0,2262621,1.0,1,1,1,0.0,,-1.0, -1,1999.0,B01,138Â 205Â 763,1.0,-1.0,-1.0,1727122,0.0,10,,8.0,0.0,1.0,B01,138Â 205Â 763,0.0
1011803,201900053334,1,6,01:00,5,2,9,1.0,1.0,93008,ROBESPIERRE (RUE) D20,M,"48,9131720","2,4689000",93,2019,50.0,1.0,1.0,4.0,2262621,1.0,1,1,1,0.0,,-1.0, -1,1999.0,B01,138Â 205Â 763,1.0,-1.0,-1.0,1727123,0.0,7,,0.0,2.0,0.0,A01,138Â 205Â 764,0.0
1011803,201900053334,1,6,01:00,5,2,9,1.0,1.0,93008,ROBESPIERRE (RUE) D20,M,"48,9131720","2,4689000",93,2019,50.0,1.0,1.0,4.0,2262622,1.0,1,4,1,9.0,,-1.0,0,1991.0,A01,138Â 205Â 764,1.0,5.0,-1.0,1727122,0.0,10,,8.0,0.0,1.0,B01,138Â 205Â 763,0.0
1011803,201900053334,1,6,01:00,5,2,9,1.0,1.0,93008,ROBESPIERRE (RUE) D20,M,"48,9131720","2,4689000",93,2019,50.0,1.0,1.0,4.0,2262622,1.0,1,4,1,9.0,,-1.0,0,1991.0,A01,138Â 205Â 764,1.0,5.0,-1.0,1727123,0.0,7,,0.0,2.0,0.0,A01,138Â 205Â 764,0.0