Unnamed: 0_x,num_acc,mois,jour,hrmn,lum,agg,int,atm,col,com,adr,gps,lat,long,dep,annee,vma,situ,surf,catr,Unnamed: 0_y,place,catu,grav,sexe,trajet,secu,locp,actp,an_nais,num_veh_x,id_vehicule_x,secu1,secu2,secu3,Unnamed: 0,senc,catv,occutc,obs,obsm,choc,num_veh_y,id_vehicule_y,motor
1011804,201900053335,1,6,06:00,5,2,9,1.0,2.0,92062,GENERAL DE GAULLE (AVENUE DU),M,"48,8892882","2,2372092",92,2019,50.0,3.0,1.0,2.0,2262623,1.0,1,4,1,5.0,,-1.0,0,1990.0,A01,138Â 205Â 761,2.0,8.0,-1.0,1727124,3.0,32,,0.0,2.0,1.0,A01,138Â 205Â 761,0.0
1011804,201900053335,1,6,06:00,5,2,9,1.0,2.0,92062,GENERAL DE GAULLE (AVENUE DU),M,"48,8892882","2,2372092",92,2019,50.0,3.0,1.0,2.0,2262623,1.0,1,4,1,5.0,,-1.0,0,1990.0,A01,138Â 205Â 761,2.0,8.0,-1.0,1727125,3.0,7,,0.0,2.0,4.0,B01,138Â 205Â 762,0.0
1011804,201900053335,1,6,06:00,5,2,9,1.0,2.0,92062,GENERAL DE GAULLE (AVENUE DU),M,"48,8892882","2,2372092",92,2019,50.0,3.0,1.0,2.0,2262624,1.0,1,1,1,0.0,,-1.0,0,1977.0,B01,138Â 205Â 762,1.0,0.0,-1.0,1727124,3.0,32,,0.0,2.0,1.0,A01,138Â 205Â 761,0.0
1011804,201900053335,1,6,06:00,5,2,9,1.0,2.0,92062,GENERAL DE GAULLE (AVENUE DU),M,"48,8892882","2,2372092",92,2019,50.0,3.0,1.0,2.0,2262624,1.0,1,1,1,0.0,,-1.0,0,1977.0,B01,138Â 205Â 762,1.0,0.0,-1.0,1727125,3.0,7,,0.0,2.0,4.0,B01,138Â 205Â 762,0.0
1011805,201900053336,1,5,21:40,5,2,2,1.0,5.0,92026,AVENUE GAMBETTA,M,"48,8927800","2,2455300",92,2019,50.0,1.0,1.0,3.0,2262625,1.0,1,1,1,0.0,,-1.0,0,1968.0,A01,138Â 205Â 758,1.0,0.0,-1.0,1727126,0.0,7,,0.0,2.0,1.0,A01,138Â 205Â 758,1.0
1011805,201900053336,1,5,21:40,5,2,2,1.0,5.0,92026,AVENUE GAMBETTA,M,"48,8927800","2,2455300",92,2019,50.0,1.0,1.0,3.0,2262625,1.0,1,1,1,0.0,,-1.0,0,1968.0,A01,138Â 205Â 758,1.0,0.0,-1.0,1727127,0.0,7,,0.0,2.0,8.0,B01,138Â 205Â 759,1.0
1011805,201900053336,1,5,21:40,5,2,2,1.0,5.0,92026,AVENUE GAMBETTA,M,"48,8927800","2,2455300",92,2019,50.0,1.0,1.0,3.0,2262625,1.0,1,1,1,0.0,,-1.0,0,1968.0,A01,138Â 205Â 758,1.0,0.0,-1.0,1727128,0.0,7,,0.0,2.0,8.0,C01,138Â 205Â 760,1.0
1011805,201900053336,1,5,21:40,5,2,2,1.0,5.0,92026,AVENUE GAMBETTA,M,"48,8927800","2,2455300",92,2019,50.0,1.0,1.0,3.0,2262626,1.0,1,1,1,0.0,,-1.0,0,1950.0,B01,138Â 205Â 759,1.0,0.0,-1.0,1727126,0.0,7,,0.0,2.0,1.0,A01,138Â 205Â 758,1.0
1011805,201900053336,1,5,21:40,5,2,2,1.0,5.0,92026,AVENUE GAMBETTA,M,"48,8927800","2,2455300",92,2019,50.0,1.0,1.0,3.0,2262626,1.0,1,1,1,0.0,,-1.0,0,1950.0,B01,138Â 205Â 759,1.0,0.0,-1.0,1727127,0.0,7,,0.0,2.0,8.0,B01,138Â 205Â 759,1.0
1011805,201900053336,1,5,21:40,5,2,2,1.0,5.0,92026,AVENUE GAMBETTA,M,"48,8927800","2,2455300",92,2019,50.0,1.0,1.0,3.0,2262626,1.0,1,1,1,0.0,,-1.0,0,1950.0,B01,138Â 205Â 759,1.0,0.0,-1.0,1727128,0.0,7,,0.0,2.0,8.0,C01,138Â 205Â 760,1.0
1011805,201900053336,1,5,21:40,5,2,2,1.0,5.0,92026,AVENUE GAMBETTA,M,"48,8927800","2,2455300",92,2019,50.0,1.0,1.0,3.0,2262627,1.0,1,1,1,0.0,,-1.0,0,1973.0,C01,138Â 205Â 760,1.0,0.0,-1.0,1727126,0.0,7,,0.0,2.0,1.0,A01,138Â 205Â 758,1.0
1011805,201900053336,1,5,21:40,5,2,2,1.0,5.0,92026,AVENUE GAMBETTA,M,"48,8927800","2,2455300",92,2019,50.0,1.0,1.0,3.0,2262627,1.0,1,1,1,0.0,,-1.0,0,1973.0,C01,138Â 205Â 760,1.0,0.0,-1.0,1727127,0.0,7,,0.0,2.0,8.0,B01,138Â 205Â 759,1.0
1011805,201900053336,1,5,21:40,5,2,2,1.0,5.0,92026,AVENUE GAMBETTA,M,"48,8927800","2,2455300",92,2019,50.0,1.0,1.0,3.0,2262627,1.0,1,1,1,0.0,,-1.0,0,1973.0,C01,138Â 205Â 760,1.0,0.0,-1.0,1727128,0.0,7,,0.0,2.0,8.0,C01,138Â 205Â 760,1.0
1011805,201900053336,1,5,21:40,5,2,2,1.0,5.0,92026,AVENUE GAMBETTA,M,"48,8927800","2,2455300",92,2019,50.0,1.0,1.0,3.0,2262628,4.0,2,4,1,4.0,,-1.0,0,1983.0,C01,138Â 205Â 760,1.0,0.0,-1.0,1727126,0.0,7,,0.0,2.0,1.0,A01,138Â 205Â 758,1.0
1011805,201900053336,1,5,21:40,5,2,2,1.0,5.0,92026,AVENUE GAMBETTA,M,"48,8927800","2,2455300",92,2019,50.0,1.0,1.0,3.0,2262628,4.0,2,4,1,4.0,,-1.0,0,1983.0,C01,138Â 205Â 760,1.0,0.0,-1.0,1727127,0.0,7,,0.0,2.0,8.0,B01,138Â 205Â 759,1.0
1011805,201900053336,1,5,21:40,5,2,2,1.0,5.0,92026,AVENUE GAMBETTA,M,"48,8927800","2,2455300",92,2019,50.0,1.0,1.0,3.0,2262628,4.0,2,4,1,4.0,,-1.0,0,1983.0,C01,138Â 205Â 760,1.0,0.0,-1.0,1727128,0.0,7,,0.0,2.0,8.0,C01,138Â 205Â 760,1.0
1011806,201900053337,1,7,04:15,5,2,1,1.0,6.0,74191,1461 route de la plagne,M,"46,1914980","6,6923300",74,2019,50.0,1.0,1.0,3.0,2262629,10.0,3,2,1,5.0,,2.0,1,1987.0,A01,138Â 205Â 757,0.0,-1.0,-1.0,1727129,1.0,7,,0.0,1.0,2.0,A01,138Â 205Â 757,1.0
1011806,201900053337,1,7,04:15,5,2,1,1.0,6.0,74191,1461 route de la plagne,M,"46,1914980","6,6923300",74,2019,50.0,1.0,1.0,3.0,2262630,1.0,1,1,1,1.0,,0.0,0,1989.0,A01,138Â 205Â 757,1.0,-1.0,-1.0,1727129,1.0,7,,0.0,1.0,2.0,A01,138Â 205Â 757,1.0
1011807,201900053338,1,6,18:50,5,1,1,1.0,5.0,97207,RN5,M,"14,5899870"," -60,9828810",972,2019,90.0,6.0,1.0,2.0,2262631,1.0,1,1,1,9.0,,0.0,0,1991.0,A01,138Â 205Â 754,1.0,8.0,-1.0,1727130,2.0,7,,0.0,1.0,2.0,A01,138Â 205Â 754,1.0
1011807,201900053338,1,6,18:50,5,1,1,1.0,5.0,97207,RN5,M,"14,5899870"," -60,9828810",972,2019,90.0,6.0,1.0,2.0,2262631,1.0,1,1,1,9.0,,0.0,0,1991.0,A01,138Â 205Â 754,1.0,8.0,-1.0,1727131,2.0,0,,0.0,1.0,0.0,B01,138Â 205Â 755,0.0
1011807,201900053338,1,6,18:50,5,1,1,1.0,5.0,97207,RN5,M,"14,5899870"," -60,9828810",972,2019,90.0,6.0,1.0,2.0,2262631,1.0,1,1,1,9.0,,0.0,0,1991.0,A01,138Â 205Â 754,1.0,8.0,-1.0,1727132,1.0,7,,1.0,9.0,8.0,C01,138Â 205Â 756,1.0
1011807,201900053338,1,6,18:50,5,1,1,1.0,5.0,97207,RN5,M,"14,5899870"," -60,9828810",972,2019,90.0,6.0,1.0,2.0,2262632,1.0,1,3,1,9.0,,0.0,0,1987.0,B01,138Â 205Â 755,1.0,0.0,0.0,1727130,2.0,7,,0.0,1.0,2.0,A01,138Â 205Â 754,1.0
1011807,201900053338,1,6,18:50,5,1,1,1.0,5.0,97207,RN5,M,"14,5899870"," -60,9828810",972,2019,90.0,6.0,1.0,2.0,2262632,1.0,1,3,1,9.0,,0.0,0,1987.0,B01,138Â 205Â 755,1.0,0.0,0.0,1727131,2.0,0,,0.0,1.0,0.0,B01,138Â 205Â 755,0.0
1011807,201900053338,1,6,18:50,5,1,1,1.0,5.0,97207,RN5,M,"14,5899870"," -60,9828810",972,2019,90.0,6.0,1.0,2.0,2262632,1.0,1,3,1,9.0,,0.0,0,1987.0,B01,138Â 205Â 755,1.0,0.0,0.0,1727132,1.0,7,,1.0,9.0,8.0,C01,138Â 205Â 756,1.0
1011807,201900053338,1,6,18:50,5,1,1,1.0,5.0,97207,RN5,M,"14,5899870"," -60,9828810",972,2019,90.0,6.0,1.0,2.0,2262633,10.0,3,4,1,0.0,,0.0,0,1987.0,C01,138Â 205Â 756,0.0,-1.0,-1.0,1727130,2.0,7,,0.0,1.0,2.0,A01,138Â 205Â 754,1.0
1011807,201900053338,1,6,18:50,5,1,1,1.0,5.0,97207,RN5,M,"14,5899870"," -60,9828810",972,2019,90.0,6.0,1.0,2.0,2262633,10.0,3,4,1,0.0,,0.0,0,1987.0,C01,138Â 205Â 756,0.0,-1.0,-1.0,1727131,2.0,0,,0.0,1.0,0.0,B01,138Â 205Â 755,0.0
1011807,201900053338,1,6,18:50,5,1,1,1.0,5.0,97207,RN5,M,"14,5899870"," -60,9828810",972,2019,90.0,6.0,1.0,2.0,2262633,10.0,3,4,1,0.0,,0.0,0,1987.0,C01,138Â 205Â 756,0.0,-1.0,-1.0,1727132,1.0,7,,1.0,9.0,8.0,C01,138Â 205Â 756,1.0
1011808,201900053339,1,6,11:10,1,1,1,2.0,2.0,21128,Autoroute A6,M,"47,2822010","4,5092880",21,2019,130.0,1.0,1.0,1.0,2262634,1.0,1,4,1,9.0,,0.0,0,1997.0,A01,138Â 205Â 752,1.0,-1.0,-1.0,1727133,1.0,7,,0.0,2.0,2.0,A01,138Â 205Â 752,1.0
1011808,201900053339,1,6,11:10,1,1,1,2.0,2.0,21128,Autoroute A6,M,"47,2822010","4,5092880",21,2019,130.0,1.0,1.0,1.0,2262634,1.0,1,4,1,9.0,,0.0,0,1997.0,A01,138Â 205Â 752,1.0,-1.0,-1.0,1727134,1.0,7,,0.0,2.0,6.0,B01,138Â 205Â 753,1.0
1011808,201900053339,1,6,11:10,1,1,1,2.0,2.0,21128,Autoroute A6,M,"47,2822010","4,5092880",21,2019,130.0,1.0,1.0,1.0,2262635,2.0,2,3,2,9.0,,0.0,0,2000.0,A01,138Â 205Â 752,1.0,-1.0,-1.0,1727133,1.0,7,,0.0,2.0,2.0,A01,138Â 205Â 752,1.0
1011808,201900053339,1,6,11:10,1,1,1,2.0,2.0,21128,Autoroute A6,M,"47,2822010","4,5092880",21,2019,130.0,1.0,1.0,1.0,2262635,2.0,2,3,2,9.0,,0.0,0,2000.0,A01,138Â 205Â 752,1.0,-1.0,-1.0,1727134,1.0,7,,0.0,2.0,6.0,B01,138Â 205Â 753,1.0
1011808,201900053339,1,6,11:10,1,1,1,2.0,2.0,21128,Autoroute A6,M,"47,2822010","4,5092880",21,2019,130.0,1.0,1.0,1.0,2262636,1.0,1,4,1,5.0,,0.0,0,1996.0,B01,138Â 205Â 753,1.0,-1.0,-1.0,1727133,1.0,7,,0.0,2.0,2.0,A01,138Â 205Â 752,1.0
1011808,201900053339,1,6,11:10,1,1,1,2.0,2.0,21128,Autoroute A6,M,"47,2822010","4,5092880",21,2019,130.0,1.0,1.0,1.0,2262636,1.0,1,4,1,5.0,,0.0,0,1996.0,B01,138Â 205Â 753,1.0,-1.0,-1.0,1727134,1.0,7,,0.0,2.0,6.0,B01,138Â 205Â 753,1.0
1011809,201900053340,1,7,13:15,1,1,2,8.0,3.0,41172,RD 924 / C7,M,"47,9448980","1,3212540",41,2019,80.0,1.0,1.0,3.0,2262637,1.0,1,4,1,5.0,,0.0,0,1979.0,B01,138Â 205Â 750,1.0,-1.0,-1.0,1727135,2.0,7,,0.0,2.0,1.0,B01,138Â 205Â 750,1.0
1011809,201900053340,1,7,13:15,1,1,2,8.0,3.0,41172,RD 924 / C7,M,"47,9448980","1,3212540",41,2019,80.0,1.0,1.0,3.0,2262637,1.0,1,4,1,5.0,,0.0,0,1979.0,B01,138Â 205Â 750,1.0,-1.0,-1.0,1727136,3.0,10,,0.0,2.0,7.0,A01,138Â 205Â 751,1.0
1011809,201900053340,1,7,13:15,1,1,2,8.0,3.0,41172,RD 924 / C7,M,"47,9448980","1,3212540",41,2019,80.0,1.0,1.0,3.0,2262638,1.0,1,2,2,4.0,,0.0,0,1963.0,A01,138Â 205Â 751,0.0,-1.0,-1.0,1727135,2.0,7,,0.0,2.0,1.0,B01,138Â 205Â 750,1.0
1011809,201900053340,1,7,13:15,1,1,2,8.0,3.0,41172,RD 924 / C7,M,"47,9448980","1,3212540",41,2019,80.0,1.0,1.0,3.0,2262638,1.0,1,2,2,4.0,,0.0,0,1963.0,A01,138Â 205Â 751,0.0,-1.0,-1.0,1727136,3.0,10,,0.0,2.0,7.0,A01,138Â 205Â 751,1.0
1011810,201900053341,1,6,19:15,3,1,1,1.0,1.0,33266,Route dÃ©partementale 18,M,"45,0661440"," -0,3429130",33,2019,80.0,1.0,1.0,3.0,2262639,2.0,2,1,2,5.0,,0.0,0,1970.0,B01,138Â 205Â 748,1.0,-1.0,-1.0,1727137,1.0,7,,0.0,2.0,1.0,B01,138Â 205Â 748,1.0
1011810,201900053341,1,6,19:15,3,1,1,1.0,1.0,33266,Route dÃ©partementale 18,M,"45,0661440"," -0,3429130",33,2019,80.0,1.0,1.0,3.0,2262639,2.0,2,1,2,5.0,,0.0,0,1970.0,B01,138Â 205Â 748,1.0,-1.0,-1.0,1727138,2.0,7,,0.0,2.0,1.0,A01,138Â 205Â 749,1.0
1011810,201900053341,1,6,19:15,3,1,1,1.0,1.0,33266,Route dÃ©partementale 18,M,"45,0661440"," -0,3429130",33,2019,80.0,1.0,1.0,3.0,2262640,1.0,1,1,1,5.0,,0.0,0,1959.0,B01,138Â 205Â 748,1.0,-1.0,-1.0,1727137,1.0,7,,0.0,2.0,1.0,B01,138Â 205Â 748,1.0
1011810,201900053341,1,6,19:15,3,1,1,1.0,1.0,33266,Route dÃ©partementale 18,M,"45,0661440"," -0,3429130",33,2019,80.0,1.0,1.0,3.0,2262640,1.0,1,1,1,5.0,,0.0,0,1959.0,B01,138Â 205Â 748,1.0,-1.0,-1.0,1727138,2.0,7,,0.0,2.0,1.0,A01,138Â 205Â 749,1.0
1011810,201900053341,1,6,19:15,3,1,1,1.0,1.0,33266,Route dÃ©partementale 18,M,"45,0661440"," -0,3429130",33,2019,80.0,1.0,1.0,3.0,2262641,1.0,1,3,2,5.0,,0.0,0,1977.0,A01,138Â 205Â 749,1.0,-1.0,-1.0,1727137,1.0,7,,0.0,2.0,1.0,B01,138Â 205Â 748,1.0
1011810,201900053341,1,6,19:15,3,1,1,1.0,1.0,33266,Route dÃ©partementale 18,M,"45,0661440"," -0,3429130",33,2019,80.0,1.0,1.0,3.0,2262641,1.0,1,3,2,5.0,,0.0,0,1977.0,A01,138Â 205Â 749,1.0,-1.0,-1.0,1727138,2.0,7,,0.0,2.0,1.0,A01,138Â 205Â 749,1.0
1011810,201900053341,1,6,19:15,3,1,1,1.0,1.0,33266,Route dÃ©partementale 18,M,"45,0661440"," -0,3429130",33,2019,80.0,1.0,1.0,3.0,2262642,2.0,2,1,2,5.0,,0.0,0,2001.0,A01,138Â 205Â 749,1.0,-1.0,-1.0,1727137,1.0,7,,0.0,2.0,1.0,B01,138Â 205Â 748,1.0
1011810,201900053341,1,6,19:15,3,1,1,1.0,1.0,33266,Route dÃ©partementale 18,M,"45,0661440"," -0,3429130",33,2019,80.0,1.0,1.0,3.0,2262642,2.0,2,1,2,5.0,,0.0,0,2001.0,A01,138Â 205Â 749,1.0,-1.0,-1.0,1727138,2.0,7,,0.0,2.0,1.0,A01,138Â 205Â 749,1.0
1011811,201900053342,1,5,17:45,3,1,3,8.0,1.0,89189,Intersection D606 - D 25,M,"48,2761930","3,2228250",89,2019,80.0,1.0,2.0,3.0,2262643,1.0,1,4,1,5.0,,0.0,0,1996.0,B01,138Â 205Â 746,1.0,-1.0,-1.0,1727139,2.0,7,,0.0,2.0,1.0,B01,138Â 205Â 746,1.0
1011811,201900053342,1,5,17:45,3,1,3,8.0,1.0,89189,Intersection D606 - D 25,M,"48,2761930","3,2228250",89,2019,80.0,1.0,2.0,3.0,2262643,1.0,1,4,1,5.0,,0.0,0,1996.0,B01,138Â 205Â 746,1.0,-1.0,-1.0,1727140,1.0,7,,0.0,2.0,2.0,A01,138Â 205Â 747,1.0
1011811,201900053342,1,5,17:45,3,1,3,8.0,1.0,89189,Intersection D606 - D 25,M,"48,2761930","3,2228250",89,2019,80.0,1.0,2.0,3.0,2262644,7.0,2,4,2,5.0,,0.0,0,1997.0,B01,138Â 205Â 746,1.0,-1.0,-1.0,1727139,2.0,7,,0.0,2.0,1.0,B01,138Â 205Â 746,1.0
1011811,201900053342,1,5,17:45,3,1,3,8.0,1.0,89189,Intersection D606 - D 25,M,"48,2761930","3,2228250",89,2019,80.0,1.0,2.0,3.0,2262644,7.0,2,4,2,5.0,,0.0,0,1997.0,B01,138Â 205Â 746,1.0,-1.0,-1.0,1727140,1.0,7,,0.0,2.0,2.0,A01,138Â 205Â 747,1.0
1011811,201900053342,1,5,17:45,3,1,3,8.0,1.0,89189,Intersection D606 - D 25,M,"48,2761930","3,2228250",89,2019,80.0,1.0,2.0,3.0,2262645,2.0,2,1,1,5.0,,0.0,0,1998.0,B01,138Â 205Â 746,1.0,-1.0,-1.0,1727139,2.0,7,,0.0,2.0,1.0,B01,138Â 205Â 746,1.0
1011811,201900053342,1,5,17:45,3,1,3,8.0,1.0,89189,Intersection D606 - D 25,M,"48,2761930","3,2228250",89,2019,80.0,1.0,2.0,3.0,2262645,2.0,2,1,1,5.0,,0.0,0,1998.0,B01,138Â 205Â 746,1.0,-1.0,-1.0,1727140,1.0,7,,0.0,2.0,2.0,A01,138Â 205Â 747,1.0
1011811,201900053342,1,5,17:45,3,1,3,8.0,1.0,89189,Intersection D606 - D 25,M,"48,2761930","3,2228250",89,2019,80.0,1.0,2.0,3.0,2262646,1.0,1,1,2,5.0,,0.0,0,1947.0,A01,138Â 205Â 747,1.0,-1.0,-1.0,1727139,2.0,7,,0.0,2.0,1.0,B01,138Â 205Â 746,1.0
1011811,201900053342,1,5,17:45,3,1,3,8.0,1.0,89189,Intersection D606 - D 25,M,"48,2761930","3,2228250",89,2019,80.0,1.0,2.0,3.0,2262646,1.0,1,1,2,5.0,,0.0,0,1947.0,A01,138Â 205Â 747,1.0,-1.0,-1.0,1727140,1.0,7,,0.0,2.0,2.0,A01,138Â 205Â 747,1.0
1011812,201900053343,1,6,17:10,2,1,1,1.0,5.0,41256,D60- PK45+300,M,"47,3242960","2,0295010",41,2019,80.0,1.0,1.0,3.0,2262647,1.0,1,1,1,5.0,,0.0,0,1963.0,C01,138Â 205Â 743,1.0,-1.0,-1.0,1727141,2.0,7,,0.0,2.0,1.0,C01,138Â 205Â 743,1.0
1011812,201900053343,1,6,17:10,2,1,1,1.0,5.0,41256,D60- PK45+300,M,"47,3242960","2,0295010",41,2019,80.0,1.0,1.0,3.0,2262647,1.0,1,1,1,5.0,,0.0,0,1963.0,C01,138Â 205Â 743,1.0,-1.0,-1.0,1727142,2.0,7,,0.0,2.0,1.0,B01,138Â 205Â 744,1.0
1011812,201900053343,1,6,17:10,2,1,1,1.0,5.0,41256,D60- PK45+300,M,"47,3242960","2,0295010",41,2019,80.0,1.0,1.0,3.0,2262647,1.0,1,1,1,5.0,,0.0,0,1963.0,C01,138Â 205Â 743,1.0,-1.0,-1.0,1727143,1.0,7,,0.0,2.0,1.0,A01,138Â 205Â 745,1.0
1011812,201900053343,1,6,17:10,2,1,1,1.0,5.0,41256,D60- PK45+300,M,"47,3242960","2,0295010",41,2019,80.0,1.0,1.0,3.0,2262648,1.0,1,3,1,5.0,,0.0,0,1957.0,B01,138Â 205Â 744,1.0,-1.0,-1.0,1727141,2.0,7,,0.0,2.0,1.0,C01,138Â 205Â 743,1.0
1011812,201900053343,1,6,17:10,2,1,1,1.0,5.0,41256,D60- PK45+300,M,"47,3242960","2,0295010",41,2019,80.0,1.0,1.0,3.0,2262648,1.0,1,3,1,5.0,,0.0,0,1957.0,B01,138Â 205Â 744,1.0,-1.0,-1.0,1727142,2.0,7,,0.0,2.0,1.0,B01,138Â 205Â 744,1.0
1011812,201900053343,1,6,17:10,2,1,1,1.0,5.0,41256,D60- PK45+300,M,"47,3242960","2,0295010",41,2019,80.0,1.0,1.0,3.0,2262648,1.0,1,3,1,5.0,,0.0,0,1957.0,B01,138Â 205Â 744,1.0,-1.0,-1.0,1727143,1.0,7,,0.0,2.0,1.0,A01,138Â 205Â 745,1.0
1011812,201900053343,1,6,17:10,2,1,1,1.0,5.0,41256,D60- PK45+300,M,"47,3242960","2,0295010",41,2019,80.0,1.0,1.0,3.0,2262649,1.0,1,3,2,5.0,,0.0,0,1998.0,A01,138Â 205Â 745,1.0,-1.0,-1.0,1727141,2.0,7,,0.0,2.0,1.0,C01,138Â 205Â 743,1.0
1011812,201900053343,1,6,17:10,2,1,1,1.0,5.0,41256,D60- PK45+300,M,"47,3242960","2,0295010",41,2019,80.0,1.0,1.0,3.0,2262649,1.0,1,3,2,5.0,,0.0,0,1998.0,A01,138Â 205Â 745,1.0,-1.0,-1.0,1727142,2.0,7,,0.0,2.0,1.0,B01,138Â 205Â 744,1.0
1011812,201900053343,1,6,17:10,2,1,1,1.0,5.0,41256,D60- PK45+300,M,"47,3242960","2,0295010",41,2019,80.0,1.0,1.0,3.0,2262649,1.0,1,3,2,5.0,,0.0,0,1998.0,A01,138Â 205Â 745,1.0,-1.0,-1.0,1727143,1.0,7,,0.0,2.0,1.0,A01,138Â 205Â 745,1.0
1011813,201900053344,1,7,07:00,5,1,6,5.0,7.0,41194,d922,M,"47,3706980","1,7384520",41,2019,70.0,1.0,1.0,3.0,2262650,1.0,1,4,1,0.0,,0.0,0,1963.0,A01,138Â 205Â 742,6.0,2.0,-1.0,1727144,2.0,2,,0.0,0.0,0.0,A01,138Â 205Â 742,1.0
1011814,201900053345,1,4,14:30,1,2,1,7.0,6.0,29260,rue des jardins,M,"48,4321960"," -4,6193540",29,2019,50.0,1.0,1.0,4.0,2262651,10.0,3,4,1,5.0,,2.0,3,1996.0,A01,138Â 205Â 741,0.0,-1.0,-1.0,1727145,3.0,7,,0.0,1.0,1.0,A01,138Â 205Â 741,1.0
1011814,201900053345,1,4,14:30,1,2,1,7.0,6.0,29260,rue des jardins,M,"48,4321960"," -4,6193540",29,2019,50.0,1.0,1.0,4.0,2262652,1.0,1,1,1,5.0,,0.0,0,1955.0,A01,138Â 205Â 741,1.0,-1.0,-1.0,1727145,3.0,7,,0.0,1.0,1.0,A01,138Â 205Â 741,1.0
1011815,201900053346,1,6,20:45,3,1,1,1.0,6.0,31481,D632,M,"43,4909900","1,1315000",31,2019,80.0,1.0,1.0,3.0,2262653,10.0,3,2,1,9.0,,1.0,1,1942.0,A01,138Â 205Â 740,0.0,-1.0,-1.0,1727146,1.0,7,,0.0,1.0,2.0,A01,138Â 205Â 740,1.0
1011815,201900053346,1,6,20:45,3,1,1,1.0,6.0,31481,D632,M,"43,4909900","1,1315000",31,2019,80.0,1.0,1.0,3.0,2262654,1.0,1,1,1,5.0,,0.0,0,1957.0,A01,138Â 205Â 740,1.0,-1.0,-1.0,1727146,1.0,7,,0.0,1.0,2.0,A01,138Â 205Â 740,1.0
1011816,201900053347,1,7,19:15,3,2,1,2.0,6.0,02201,rue du ru du retz - D17,M,"49,3422530","3,1611520",2,2019,50.0,1.0,2.0,3.0,2262655,1.0,1,1,1,1.0,,0.0,0,1990.0,A01,138Â 205Â 739,1.0,-1.0,-1.0,1727147,2.0,7,,0.0,1.0,2.0,A01,138Â 205Â 739,1.0
1011816,201900053347,1,7,19:15,3,2,1,2.0,6.0,02201,rue du ru du retz - D17,M,"49,3422530","3,1611520",2,2019,50.0,1.0,2.0,3.0,2262656,10.0,3,2,1,5.0,,6.0,2,1939.0,A01,138Â 205Â 739,0.0,-1.0,-1.0,1727147,2.0,7,,0.0,1.0,2.0,A01,138Â 205Â 739,1.0
1011817,201900053348,1,7,18:15,3,1,1,1.0,5.0,01372,RD 31 C,M,"45,8412530","5,6750440",1,2019,80.0,1.0,1.0,3.0,2262657,1.0,1,3,2,0.0,,0.0,0,1970.0,C01,138Â 205Â 736,1.0,-1.0,-1.0,1727148,2.0,7,,13.0,2.0,1.0,C01,138Â 205Â 736,2.0
1011817,201900053348,1,7,18:15,3,1,1,1.0,5.0,01372,RD 31 C,M,"45,8412530","5,6750440",1,2019,80.0,1.0,1.0,3.0,2262657,1.0,1,3,2,0.0,,0.0,0,1970.0,C01,138Â 205Â 736,1.0,-1.0,-1.0,1727149,1.0,7,,0.0,2.0,1.0,B01,138Â 205Â 737,0.0
1011817,201900053348,1,7,18:15,3,1,1,1.0,5.0,01372,RD 31 C,M,"45,8412530","5,6750440",1,2019,80.0,1.0,1.0,3.0,2262657,1.0,1,3,2,0.0,,0.0,0,1970.0,C01,138Â 205Â 736,1.0,-1.0,-1.0,1727150,1.0,7,,0.0,2.0,3.0,A01,138Â 205Â 738,0.0
1011817,201900053348,1,7,18:15,3,1,1,1.0,5.0,01372,RD 31 C,M,"45,8412530","5,6750440",1,2019,80.0,1.0,1.0,3.0,2262658,1.0,1,3,1,1.0,,0.0,0,1978.0,B01,138Â 205Â 737,1.0,-1.0,-1.0,1727148,2.0,7,,13.0,2.0,1.0,C01,138Â 205Â 736,2.0
1011817,201900053348,1,7,18:15,3,1,1,1.0,5.0,01372,RD 31 C,M,"45,8412530","5,6750440",1,2019,80.0,1.0,1.0,3.0,2262658,1.0,1,3,1,1.0,,0.0,0,1978.0,B01,138Â 205Â 737,1.0,-1.0,-1.0,1727149,1.0,7,,0.0,2.0,1.0,B01,138Â 205Â 737,0.0
1011817,201900053348,1,7,18:15,3,1,1,1.0,5.0,01372,RD 31 C,M,"45,8412530","5,6750440",1,2019,80.0,1.0,1.0,3.0,2262658,1.0,1,3,1,1.0,,0.0,0,1978.0,B01,138Â 205Â 737,1.0,-1.0,-1.0,1727150,1.0,7,,0.0,2.0,3.0,A01,138Â 205Â 738,0.0
1011817,201900053348,1,7,18:15,3,1,1,1.0,5.0,01372,RD 31 C,M,"45,8412530","5,6750440",1,2019,80.0,1.0,1.0,3.0,2262659,2.0,2,4,2,0.0,,0.0,0,1970.0,A01,138Â 205Â 738,1.0,-1.0,-1.0,1727148,2.0,7,,13.0,2.0,1.0,C01,138Â 205Â 736,2.0
1011817,201900053348,1,7,18:15,3,1,1,1.0,5.0,01372,RD 31 C,M,"45,8412530","5,6750440",1,2019,80.0,1.0,1.0,3.0,2262659,2.0,2,4,2,0.0,,0.0,0,1970.0,A01,138Â 205Â 738,1.0,-1.0,-1.0,1727149,1.0,7,,0.0,2.0,1.0,B01,138Â 205Â 737,0.0
1011817,201900053348,1,7,18:15,3,1,1,1.0,5.0,01372,RD 31 C,M,"45,8412530","5,6750440",1,2019,80.0,1.0,1.0,3.0,2262659,2.0,2,4,2,0.0,,0.0,0,1970.0,A01,138Â 205Â 738,1.0,-1.0,-1.0,1727150,1.0,7,,0.0,2.0,3.0,A01,138Â 205Â 738,0.0