Unnamed: 0_x,num_acc,mois,jour,hrmn,lum,agg,int,atm,col,com,adr,gps,lat,long,dep,annee,vma,situ,surf,catr,Unnamed: 0_y,place,catu,grav,sexe,trajet,secu,locp,actp,an_nais,num_veh_x,id_vehicule_x,secu1,secu2,secu3,Unnamed: 0,senc,catv,occutc,obs,obsm,choc,num_veh_y,id_vehicule_y,motor
1011817,201900053348,1,7,18:15,3,1,1,1.0,5.0,01372,RD 31 C,M,"45,8412530","5,6750440",1,2019,80.0,1.0,1.0,3.0,2262660,1.0,1,4,2,0.0,,0.0,0,2001.0,A01,138Â 205Â 738,1.0,-1.0,-1.0,1727148,2.0,7,,13.0,2.0,1.0,C01,138Â 205Â 736,2.0
1011817,201900053348,1,7,18:15,3,1,1,1.0,5.0,01372,RD 31 C,M,"45,8412530","5,6750440",1,2019,80.0,1.0,1.0,3.0,2262660,1.0,1,4,2,0.0,,0.0,0,2001.0,A01,138Â 205Â 738,1.0,-1.0,-1.0,1727149,1.0,7,,0.0,2.0,1.0,B01,138Â 205Â 737,0.0
1011817,201900053348,1,7,18:15,3,1,1,1.0,5.0,01372,RD 31 C,M,"45,8412530","5,6750440",1,2019,80.0,1.0,1.0,3.0,2262660,1.0,1,4,2,0.0,,0.0,0,2001.0,A01,138Â 205Â 738,1.0,-1.0,-1.0,1727150,1.0,7,,0.0,2.0,3.0,A01,138Â 205Â 738,0.0
1011818,201900053349,1,6,22:09,5,2,1,1.0,6.0,05054,Lieu-dit LES BARRAQUES,M,"44,6753160","6,0721280",5,2019,50.0,6.0,1.0,2.0,2262661,1.0,1,4,1,5.0,,0.0,0,1945.0,A01,138Â 205Â 735,1.0,-1.0,-1.0,1727151,1.0,7,,1.0,0.0,3.0,A01,138Â 205Â 735,1.0
1011819,201900053350,1,7,07:45,1,1,1,1.0,7.0,83046,route de carces,M,"43,4953060","6,1637230",83,2019,-1.0,1.0,2.0,3.0,2262662,1.0,1,4,2,5.0,,0.0,0,1963.0,A01,138Â 205Â 734,1.0,-1.0,-1.0,1727152,1.0,7,,0.0,0.0,0.0,A01,138Â 205Â 734,1.0
1011820,201900053351,1,7,10:15,1,2,2,1.0,6.0,73129,Grande rue D201,M,"45,6016218","6,2539239",73,2019,30.0,1.0,1.0,3.0,2262663,1.0,1,1,1,4.0,,0.0,0,1962.0,A01,138Â 205Â 733,8.0,-1.0,-1.0,1727153,1.0,21,,0.0,1.0,1.0,A01,138Â 205Â 733,1.0
1011820,201900053351,1,7,10:15,1,2,2,1.0,6.0,73129,Grande rue D201,M,"45,6016218","6,2539239",73,2019,30.0,1.0,1.0,3.0,2262664,10.0,3,3,2,3.0,,3.0,3,1933.0,A01,138Â 205Â 733,0.0,-1.0,-1.0,1727153,1.0,21,,0.0,1.0,1.0,A01,138Â 205Â 733,1.0
1011821,201900053352,1,6,06:00,3,1,1,1.0,6.0,43216,cd 906 PK 22+150,M,"45,1200320","3,8211500",43,2019,80.0,1.0,1.0,3.0,2262665,2.0,2,3,1,5.0,,0.0,0,1990.0,A01,138Â 205Â 732,1.0,-1.0,-1.0,1727154,1.0,10,,3.0,0.0,8.0,A01,138Â 205Â 732,1.0
1011821,201900053352,1,6,06:00,3,1,1,1.0,6.0,43216,cd 906 PK 22+150,M,"45,1200320","3,8211500",43,2019,80.0,1.0,1.0,3.0,2262666,1.0,1,3,1,5.0,,0.0, -1,1993.0,A01,138Â 205Â 732,1.0,-1.0,-1.0,1727154,1.0,10,,3.0,0.0,8.0,A01,138Â 205Â 732,1.0
1011822,201900053353,1,7,07:10,3,1,3,8.0,5.0,21327,RD 906/ RD 17,M,"47,0191840","4,6493310",21,2019,80.0,1.0,1.0,3.0,2262667,1.0,1,1,2,4.0,,0.0,0,1964.0,C01,138Â 205Â 729,1.0,-1.0,-1.0,1727155,2.0,7,,0.0,2.0,8.0,C01,138Â 205Â 729,1.0
1011822,201900053353,1,7,07:10,3,1,3,8.0,5.0,21327,RD 906/ RD 17,M,"47,0191840","4,6493310",21,2019,80.0,1.0,1.0,3.0,2262667,1.0,1,1,2,4.0,,0.0,0,1964.0,C01,138Â 205Â 729,1.0,-1.0,-1.0,1727156,1.0,15,,0.0,2.0,3.0,B01,138Â 205Â 730,1.0
1011822,201900053353,1,7,07:10,3,1,3,8.0,5.0,21327,RD 906/ RD 17,M,"47,0191840","4,6493310",21,2019,80.0,1.0,1.0,3.0,2262667,1.0,1,1,2,4.0,,0.0,0,1964.0,C01,138Â 205Â 729,1.0,-1.0,-1.0,1727157,2.0,3,,0.0,2.0,7.0,A01,138Â 205Â 731,1.0
1011822,201900053353,1,7,07:10,3,1,3,8.0,5.0,21327,RD 906/ RD 17,M,"47,0191840","4,6493310",21,2019,80.0,1.0,1.0,3.0,2262668,1.0,1,1,1,4.0,,0.0,0,1963.0,B01,138Â 205Â 730,1.0,-1.0,-1.0,1727155,2.0,7,,0.0,2.0,8.0,C01,138Â 205Â 729,1.0
1011822,201900053353,1,7,07:10,3,1,3,8.0,5.0,21327,RD 906/ RD 17,M,"47,0191840","4,6493310",21,2019,80.0,1.0,1.0,3.0,2262668,1.0,1,1,1,4.0,,0.0,0,1963.0,B01,138Â 205Â 730,1.0,-1.0,-1.0,1727156,1.0,15,,0.0,2.0,3.0,B01,138Â 205Â 730,1.0
1011822,201900053353,1,7,07:10,3,1,3,8.0,5.0,21327,RD 906/ RD 17,M,"47,0191840","4,6493310",21,2019,80.0,1.0,1.0,3.0,2262668,1.0,1,1,1,4.0,,0.0,0,1963.0,B01,138Â 205Â 730,1.0,-1.0,-1.0,1727157,2.0,3,,0.0,2.0,7.0,A01,138Â 205Â 731,1.0
1011822,201900053353,1,7,07:10,3,1,3,8.0,5.0,21327,RD 906/ RD 17,M,"47,0191840","4,6493310",21,2019,80.0,1.0,1.0,3.0,2262669,1.0,1,2,2,1.0,,0.0,0,1966.0,A01,138Â 205Â 731,1.0,-1.0,-1.0,1727155,2.0,7,,0.0,2.0,8.0,C01,138Â 205Â 729,1.0
1011822,201900053353,1,7,07:10,3,1,3,8.0,5.0,21327,RD 906/ RD 17,M,"47,0191840","4,6493310",21,2019,80.0,1.0,1.0,3.0,2262669,1.0,1,2,2,1.0,,0.0,0,1966.0,A01,138Â 205Â 731,1.0,-1.0,-1.0,1727156,1.0,15,,0.0,2.0,3.0,B01,138Â 205Â 730,1.0
1011822,201900053353,1,7,07:10,3,1,3,8.0,5.0,21327,RD 906/ RD 17,M,"47,0191840","4,6493310",21,2019,80.0,1.0,1.0,3.0,2262669,1.0,1,2,2,1.0,,0.0,0,1966.0,A01,138Â 205Â 731,1.0,-1.0,-1.0,1727157,2.0,3,,0.0,2.0,7.0,A01,138Â 205Â 731,1.0
1011823,201900053354,1,6,23:00,3,1,1,1.0,7.0,24069,cd 2,M,"45,2622370","0,6247240",24,2019,80.0,3.0,1.0,3.0,2262670,2.0,2,3,1,5.0,,0.0,0,1995.0,A01,138Â 205Â 728,1.0,-1.0,-1.0,1727158,1.0,7,,2.0,0.0,2.0,A01,138Â 205Â 728,1.0
1011823,201900053354,1,6,23:00,3,1,1,1.0,7.0,24069,cd 2,M,"45,2622370","0,6247240",24,2019,80.0,3.0,1.0,3.0,2262671,1.0,1,3,1,5.0,,0.0,0,1970.0,A01,138Â 205Â 728,1.0,-1.0,-1.0,1727158,1.0,7,,2.0,0.0,2.0,A01,138Â 205Â 728,1.0
1011824,201900053355,1,7,06:15,3,1,1,1.0,6.0,28114,R927 PK/PR 26+600,M,"48,1400390","1,6417710",28,2019,80.0,1.0,2.0,3.0,2262672,9.0,2,1,1,9.0,,0.0,0,2017.0,A01,138Â 205Â 727,3.0,1.0,-1.0,1727159,2.0,7,,2.0,0.0,1.0,A01,138Â 205Â 727,1.0
1011824,201900053355,1,7,06:15,3,1,1,1.0,6.0,28114,R927 PK/PR 26+600,M,"48,1400390","1,6417710",28,2019,80.0,1.0,2.0,3.0,2262673,2.0,2,3,1,9.0,,0.0,0,1987.0,A01,138Â 205Â 727,1.0,-1.0,-1.0,1727159,2.0,7,,2.0,0.0,1.0,A01,138Â 205Â 727,1.0
1011824,201900053355,1,7,06:15,3,1,1,1.0,6.0,28114,R927 PK/PR 26+600,M,"48,1400390","1,6417710",28,2019,80.0,1.0,2.0,3.0,2262674,7.0,2,1,1,9.0,,0.0,0,1991.0,A01,138Â 205Â 727,1.0,-1.0,-1.0,1727159,2.0,7,,2.0,0.0,1.0,A01,138Â 205Â 727,1.0
1011825,201900053356,1,4,19:00,5,2,1,1.0,6.0,30133,rue du levant,M,"43,5347800","4,1380100",30,2019,50.0,1.0,1.0,7.0,2262675,10.0,3,4,1,1.0,,3.0,3,1964.0,A01,138Â 205Â 725,0.0,-1.0,-1.0,1727160,3.0,7,,0.0,1.0,2.0,A01,138Â 205Â 725,0.0
1011825,201900053356,1,4,19:00,5,2,1,1.0,6.0,30133,rue du levant,M,"43,5347800","4,1380100",30,2019,50.0,1.0,1.0,7.0,2262676,1.0,1,1,2,0.0,,0.0,0,1957.0,A01,138Â 205Â 725,1.0,-1.0,-1.0,1727160,3.0,7,,0.0,1.0,2.0,A01,138Â 205Â 725,0.0
1011826,201900053357,1,7,08:05,2,1,2,5.0,3.0,08198,RD 946,M,"49,3558780","4,8651970",8,2019,80.0,1.0,1.0,3.0,2262677,1.0,1,4,2,1.0,,0.0,0,1965.0,B01,138Â 205Â 723,1.0,-1.0,-1.0,1727161,2.0,7,,0.0,2.0,2.0,B01,138Â 205Â 723,1.0
1011826,201900053357,1,7,08:05,2,1,2,5.0,3.0,08198,RD 946,M,"49,3558780","4,8651970",8,2019,80.0,1.0,1.0,3.0,2262677,1.0,1,4,2,1.0,,0.0,0,1965.0,B01,138Â 205Â 723,1.0,-1.0,-1.0,1727162,0.0,7,,0.0,2.0,7.0,A01,138Â 205Â 724,1.0
1011826,201900053357,1,7,08:05,2,1,2,5.0,3.0,08198,RD 946,M,"49,3558780","4,8651970",8,2019,80.0,1.0,1.0,3.0,2262678,1.0,1,1,2,1.0,,0.0,0,1997.0,A01,138Â 205Â 724,1.0,-1.0,-1.0,1727161,2.0,7,,0.0,2.0,2.0,B01,138Â 205Â 723,1.0
1011826,201900053357,1,7,08:05,2,1,2,5.0,3.0,08198,RD 946,M,"49,3558780","4,8651970",8,2019,80.0,1.0,1.0,3.0,2262678,1.0,1,1,2,1.0,,0.0,0,1997.0,A01,138Â 205Â 724,1.0,-1.0,-1.0,1727162,0.0,7,,0.0,2.0,7.0,A01,138Â 205Â 724,1.0
1011827,201900053358,1,7,06:40,3,1,1,1.0,6.0,73151,autoroute A43,M,"45,4942304","6,0220557",73,2019,130.0,2.0,1.0,1.0,2262679,10.0,3,3,1,1.0,,6.0,3,1977.0,C01,138Â 205Â 722,0.0,-1.0,-1.0,1727163,1.0,7,,1.0,1.0,2.0,C01,138Â 205Â 722,1.0
1011827,201900053358,1,7,06:40,3,1,1,1.0,6.0,73151,autoroute A43,M,"45,4942304","6,0220557",73,2019,130.0,2.0,1.0,1.0,2262680,1.0,1,4,1,1.0,,0.0,0,1964.0,C01,138Â 205Â 722,1.0,-1.0,-1.0,1727163,1.0,7,,1.0,1.0,2.0,C01,138Â 205Â 722,1.0
1011828,201900053359,1,6,18:30,3,1,1,1.0,5.0,17444,A 10,M,"45,6798970"," -0,6429590",17,2019,130.0,1.0,1.0,1.0,2262681,1.0,1,1,1,5.0,,0.0,0,1999.0,A01,138Â 205Â 717,1.0,-1.0,-1.0,1727164,2.0,7,,3.0,2.0,1.0,A01,138Â 205Â 717,1.0
1011828,201900053359,1,6,18:30,3,1,1,1.0,5.0,17444,A 10,M,"45,6798970"," -0,6429590",17,2019,130.0,1.0,1.0,1.0,2262681,1.0,1,1,1,5.0,,0.0,0,1999.0,A01,138Â 205Â 717,1.0,-1.0,-1.0,1727165,2.0,7,,3.0,2.0,1.0,B01,138Â 205Â 718,1.0
1011828,201900053359,1,6,18:30,3,1,1,1.0,5.0,17444,A 10,M,"45,6798970"," -0,6429590",17,2019,130.0,1.0,1.0,1.0,2262681,1.0,1,1,1,5.0,,0.0,0,1999.0,A01,138Â 205Â 717,1.0,-1.0,-1.0,1727166,2.0,7,,3.0,2.0,1.0,C01,138Â 205Â 719,1.0
1011828,201900053359,1,6,18:30,3,1,1,1.0,5.0,17444,A 10,M,"45,6798970"," -0,6429590",17,2019,130.0,1.0,1.0,1.0,2262681,1.0,1,1,1,5.0,,0.0,0,1999.0,A01,138Â 205Â 717,1.0,-1.0,-1.0,1727167,2.0,10,,3.0,2.0,1.0,D01,138Â 205Â 720,1.0
1011828,201900053359,1,6,18:30,3,1,1,1.0,5.0,17444,A 10,M,"45,6798970"," -0,6429590",17,2019,130.0,1.0,1.0,1.0,2262681,1.0,1,1,1,5.0,,0.0,0,1999.0,A01,138Â 205Â 717,1.0,-1.0,-1.0,1727168,2.0,7,,0.0,2.0,8.0,E01,138Â 205Â 721,1.0
1011828,201900053359,1,6,18:30,3,1,1,1.0,5.0,17444,A 10,M,"45,6798970"," -0,6429590",17,2019,130.0,1.0,1.0,1.0,2262682,1.0,1,3,2,5.0,,0.0,0,1978.0,B01,138Â 205Â 718,1.0,-1.0,-1.0,1727164,2.0,7,,3.0,2.0,1.0,A01,138Â 205Â 717,1.0
1011828,201900053359,1,6,18:30,3,1,1,1.0,5.0,17444,A 10,M,"45,6798970"," -0,6429590",17,2019,130.0,1.0,1.0,1.0,2262682,1.0,1,3,2,5.0,,0.0,0,1978.0,B01,138Â 205Â 718,1.0,-1.0,-1.0,1727165,2.0,7,,3.0,2.0,1.0,B01,138Â 205Â 718,1.0
1011828,201900053359,1,6,18:30,3,1,1,1.0,5.0,17444,A 10,M,"45,6798970"," -0,6429590",17,2019,130.0,1.0,1.0,1.0,2262682,1.0,1,3,2,5.0,,0.0,0,1978.0,B01,138Â 205Â 718,1.0,-1.0,-1.0,1727166,2.0,7,,3.0,2.0,1.0,C01,138Â 205Â 719,1.0
1011828,201900053359,1,6,18:30,3,1,1,1.0,5.0,17444,A 10,M,"45,6798970"," -0,6429590",17,2019,130.0,1.0,1.0,1.0,2262682,1.0,1,3,2,5.0,,0.0,0,1978.0,B01,138Â 205Â 718,1.0,-1.0,-1.0,1727167,2.0,10,,3.0,2.0,1.0,D01,138Â 205Â 720,1.0
1011828,201900053359,1,6,18:30,3,1,1,1.0,5.0,17444,A 10,M,"45,6798970"," -0,6429590",17,2019,130.0,1.0,1.0,1.0,2262682,1.0,1,3,2,5.0,,0.0,0,1978.0,B01,138Â 205Â 718,1.0,-1.0,-1.0,1727168,2.0,7,,0.0,2.0,8.0,E01,138Â 205Â 721,1.0
1011828,201900053359,1,6,18:30,3,1,1,1.0,5.0,17444,A 10,M,"45,6798970"," -0,6429590",17,2019,130.0,1.0,1.0,1.0,2262683,2.0,2,2,2,5.0,,0.0,0,1989.0,C01,138Â 205Â 719,1.0,-1.0,-1.0,1727164,2.0,7,,3.0,2.0,1.0,A01,138Â 205Â 717,1.0
1011828,201900053359,1,6,18:30,3,1,1,1.0,5.0,17444,A 10,M,"45,6798970"," -0,6429590",17,2019,130.0,1.0,1.0,1.0,2262683,2.0,2,2,2,5.0,,0.0,0,1989.0,C01,138Â 205Â 719,1.0,-1.0,-1.0,1727165,2.0,7,,3.0,2.0,1.0,B01,138Â 205Â 718,1.0
1011828,201900053359,1,6,18:30,3,1,1,1.0,5.0,17444,A 10,M,"45,6798970"," -0,6429590",17,2019,130.0,1.0,1.0,1.0,2262683,2.0,2,2,2,5.0,,0.0,0,1989.0,C01,138Â 205Â 719,1.0,-1.0,-1.0,1727166,2.0,7,,3.0,2.0,1.0,C01,138Â 205Â 719,1.0
1011828,201900053359,1,6,18:30,3,1,1,1.0,5.0,17444,A 10,M,"45,6798970"," -0,6429590",17,2019,130.0,1.0,1.0,1.0,2262683,2.0,2,2,2,5.0,,0.0,0,1989.0,C01,138Â 205Â 719,1.0,-1.0,-1.0,1727167,2.0,10,,3.0,2.0,1.0,D01,138Â 205Â 720,1.0
1011828,201900053359,1,6,18:30,3,1,1,1.0,5.0,17444,A 10,M,"45,6798970"," -0,6429590",17,2019,130.0,1.0,1.0,1.0,2262683,2.0,2,2,2,5.0,,0.0,0,1989.0,C01,138Â 205Â 719,1.0,-1.0,-1.0,1727168,2.0,7,,0.0,2.0,8.0,E01,138Â 205Â 721,1.0
1011828,201900053359,1,6,18:30,3,1,1,1.0,5.0,17444,A 10,M,"45,6798970"," -0,6429590",17,2019,130.0,1.0,1.0,1.0,2262684,1.0,1,2,1,5.0,,0.0,0,1989.0,C01,138Â 205Â 719,1.0,-1.0,-1.0,1727164,2.0,7,,3.0,2.0,1.0,A01,138Â 205Â 717,1.0
1011828,201900053359,1,6,18:30,3,1,1,1.0,5.0,17444,A 10,M,"45,6798970"," -0,6429590",17,2019,130.0,1.0,1.0,1.0,2262684,1.0,1,2,1,5.0,,0.0,0,1989.0,C01,138Â 205Â 719,1.0,-1.0,-1.0,1727165,2.0,7,,3.0,2.0,1.0,B01,138Â 205Â 718,1.0
1011828,201900053359,1,6,18:30,3,1,1,1.0,5.0,17444,A 10,M,"45,6798970"," -0,6429590",17,2019,130.0,1.0,1.0,1.0,2262684,1.0,1,2,1,5.0,,0.0,0,1989.0,C01,138Â 205Â 719,1.0,-1.0,-1.0,1727166,2.0,7,,3.0,2.0,1.0,C01,138Â 205Â 719,1.0
1011828,201900053359,1,6,18:30,3,1,1,1.0,5.0,17444,A 10,M,"45,6798970"," -0,6429590",17,2019,130.0,1.0,1.0,1.0,2262684,1.0,1,2,1,5.0,,0.0,0,1989.0,C01,138Â 205Â 719,1.0,-1.0,-1.0,1727167,2.0,10,,3.0,2.0,1.0,D01,138Â 205Â 720,1.0
1011828,201900053359,1,6,18:30,3,1,1,1.0,5.0,17444,A 10,M,"45,6798970"," -0,6429590",17,2019,130.0,1.0,1.0,1.0,2262684,1.0,1,2,1,5.0,,0.0,0,1989.0,C01,138Â 205Â 719,1.0,-1.0,-1.0,1727168,2.0,7,,0.0,2.0,8.0,E01,138Â 205Â 721,1.0
1011828,201900053359,1,6,18:30,3,1,1,1.0,5.0,17444,A 10,M,"45,6798970"," -0,6429590",17,2019,130.0,1.0,1.0,1.0,2262685,1.0,1,4,1,5.0,,0.0,0,1965.0,D01,138Â 205Â 720,1.0,-1.0,-1.0,1727164,2.0,7,,3.0,2.0,1.0,A01,138Â 205Â 717,1.0
1011828,201900053359,1,6,18:30,3,1,1,1.0,5.0,17444,A 10,M,"45,6798970"," -0,6429590",17,2019,130.0,1.0,1.0,1.0,2262685,1.0,1,4,1,5.0,,0.0,0,1965.0,D01,138Â 205Â 720,1.0,-1.0,-1.0,1727165,2.0,7,,3.0,2.0,1.0,B01,138Â 205Â 718,1.0
1011828,201900053359,1,6,18:30,3,1,1,1.0,5.0,17444,A 10,M,"45,6798970"," -0,6429590",17,2019,130.0,1.0,1.0,1.0,2262685,1.0,1,4,1,5.0,,0.0,0,1965.0,D01,138Â 205Â 720,1.0,-1.0,-1.0,1727166,2.0,7,,3.0,2.0,1.0,C01,138Â 205Â 719,1.0
1011828,201900053359,1,6,18:30,3,1,1,1.0,5.0,17444,A 10,M,"45,6798970"," -0,6429590",17,2019,130.0,1.0,1.0,1.0,2262685,1.0,1,4,1,5.0,,0.0,0,1965.0,D01,138Â 205Â 720,1.0,-1.0,-1.0,1727167,2.0,10,,3.0,2.0,1.0,D01,138Â 205Â 720,1.0
1011828,201900053359,1,6,18:30,3,1,1,1.0,5.0,17444,A 10,M,"45,6798970"," -0,6429590",17,2019,130.0,1.0,1.0,1.0,2262685,1.0,1,4,1,5.0,,0.0,0,1965.0,D01,138Â 205Â 720,1.0,-1.0,-1.0,1727168,2.0,7,,0.0,2.0,8.0,E01,138Â 205Â 721,1.0
1011828,201900053359,1,6,18:30,3,1,1,1.0,5.0,17444,A 10,M,"45,6798970"," -0,6429590",17,2019,130.0,1.0,1.0,1.0,2262686,2.0,2,3,2,5.0,,0.0,0,1967.0,D01,138Â 205Â 720,1.0,-1.0,-1.0,1727164,2.0,7,,3.0,2.0,1.0,A01,138Â 205Â 717,1.0
1011828,201900053359,1,6,18:30,3,1,1,1.0,5.0,17444,A 10,M,"45,6798970"," -0,6429590",17,2019,130.0,1.0,1.0,1.0,2262686,2.0,2,3,2,5.0,,0.0,0,1967.0,D01,138Â 205Â 720,1.0,-1.0,-1.0,1727165,2.0,7,,3.0,2.0,1.0,B01,138Â 205Â 718,1.0
1011828,201900053359,1,6,18:30,3,1,1,1.0,5.0,17444,A 10,M,"45,6798970"," -0,6429590",17,2019,130.0,1.0,1.0,1.0,2262686,2.0,2,3,2,5.0,,0.0,0,1967.0,D01,138Â 205Â 720,1.0,-1.0,-1.0,1727166,2.0,7,,3.0,2.0,1.0,C01,138Â 205Â 719,1.0
1011828,201900053359,1,6,18:30,3,1,1,1.0,5.0,17444,A 10,M,"45,6798970"," -0,6429590",17,2019,130.0,1.0,1.0,1.0,2262686,2.0,2,3,2,5.0,,0.0,0,1967.0,D01,138Â 205Â 720,1.0,-1.0,-1.0,1727167,2.0,10,,3.0,2.0,1.0,D01,138Â 205Â 720,1.0
1011828,201900053359,1,6,18:30,3,1,1,1.0,5.0,17444,A 10,M,"45,6798970"," -0,6429590",17,2019,130.0,1.0,1.0,1.0,2262686,2.0,2,3,2,5.0,,0.0,0,1967.0,D01,138Â 205Â 720,1.0,-1.0,-1.0,1727168,2.0,7,,0.0,2.0,8.0,E01,138Â 205Â 721,1.0
1011828,201900053359,1,6,18:30,3,1,1,1.0,5.0,17444,A 10,M,"45,6798970"," -0,6429590",17,2019,130.0,1.0,1.0,1.0,2262687,1.0,1,1,2,5.0,,0.0,0,1965.0,E01,138Â 205Â 721,1.0,-1.0,-1.0,1727164,2.0,7,,3.0,2.0,1.0,A01,138Â 205Â 717,1.0
1011828,201900053359,1,6,18:30,3,1,1,1.0,5.0,17444,A 10,M,"45,6798970"," -0,6429590",17,2019,130.0,1.0,1.0,1.0,2262687,1.0,1,1,2,5.0,,0.0,0,1965.0,E01,138Â 205Â 721,1.0,-1.0,-1.0,1727165,2.0,7,,3.0,2.0,1.0,B01,138Â 205Â 718,1.0
1011828,201900053359,1,6,18:30,3,1,1,1.0,5.0,17444,A 10,M,"45,6798970"," -0,6429590",17,2019,130.0,1.0,1.0,1.0,2262687,1.0,1,1,2,5.0,,0.0,0,1965.0,E01,138Â 205Â 721,1.0,-1.0,-1.0,1727166,2.0,7,,3.0,2.0,1.0,C01,138Â 205Â 719,1.0
1011828,201900053359,1,6,18:30,3,1,1,1.0,5.0,17444,A 10,M,"45,6798970"," -0,6429590",17,2019,130.0,1.0,1.0,1.0,2262687,1.0,1,1,2,5.0,,0.0,0,1965.0,E01,138Â 205Â 721,1.0,-1.0,-1.0,1727167,2.0,10,,3.0,2.0,1.0,D01,138Â 205Â 720,1.0
1011828,201900053359,1,6,18:30,3,1,1,1.0,5.0,17444,A 10,M,"45,6798970"," -0,6429590",17,2019,130.0,1.0,1.0,1.0,2262687,1.0,1,1,2,5.0,,0.0,0,1965.0,E01,138Â 205Â 721,1.0,-1.0,-1.0,1727168,2.0,7,,0.0,2.0,8.0,E01,138Â 205Â 721,1.0
1011828,201900053359,1,6,18:30,3,1,1,1.0,5.0,17444,A 10,M,"45,6798970"," -0,6429590",17,2019,130.0,1.0,1.0,1.0,2262688,7.0,2,1,1,5.0,,0.0,0,1954.0,E01,138Â 205Â 721,1.0,-1.0,-1.0,1727164,2.0,7,,3.0,2.0,1.0,A01,138Â 205Â 717,1.0
1011828,201900053359,1,6,18:30,3,1,1,1.0,5.0,17444,A 10,M,"45,6798970"," -0,6429590",17,2019,130.0,1.0,1.0,1.0,2262688,7.0,2,1,1,5.0,,0.0,0,1954.0,E01,138Â 205Â 721,1.0,-1.0,-1.0,1727165,2.0,7,,3.0,2.0,1.0,B01,138Â 205Â 718,1.0
1011828,201900053359,1,6,18:30,3,1,1,1.0,5.0,17444,A 10,M,"45,6798970"," -0,6429590",17,2019,130.0,1.0,1.0,1.0,2262688,7.0,2,1,1,5.0,,0.0,0,1954.0,E01,138Â 205Â 721,1.0,-1.0,-1.0,1727166,2.0,7,,3.0,2.0,1.0,C01,138Â 205Â 719,1.0
1011828,201900053359,1,6,18:30,3,1,1,1.0,5.0,17444,A 10,M,"45,6798970"," -0,6429590",17,2019,130.0,1.0,1.0,1.0,2262688,7.0,2,1,1,5.0,,0.0,0,1954.0,E01,138Â 205Â 721,1.0,-1.0,-1.0,1727167,2.0,10,,3.0,2.0,1.0,D01,138Â 205Â 720,1.0
1011828,201900053359,1,6,18:30,3,1,1,1.0,5.0,17444,A 10,M,"45,6798970"," -0,6429590",17,2019,130.0,1.0,1.0,1.0,2262688,7.0,2,1,1,5.0,,0.0,0,1954.0,E01,138Â 205Â 721,1.0,-1.0,-1.0,1727168,2.0,7,,0.0,2.0,8.0,E01,138Â 205Â 721,1.0
1011828,201900053359,1,6,18:30,3,1,1,1.0,5.0,17444,A 10,M,"45,6798970"," -0,6429590",17,2019,130.0,1.0,1.0,1.0,2262689,2.0,2,1,2,5.0,,0.0,0,2003.0,E01,138Â 205Â 721,1.0,-1.0,-1.0,1727164,2.0,7,,3.0,2.0,1.0,A01,138Â 205Â 717,1.0
1011828,201900053359,1,6,18:30,3,1,1,1.0,5.0,17444,A 10,M,"45,6798970"," -0,6429590",17,2019,130.0,1.0,1.0,1.0,2262689,2.0,2,1,2,5.0,,0.0,0,2003.0,E01,138Â 205Â 721,1.0,-1.0,-1.0,1727165,2.0,7,,3.0,2.0,1.0,B01,138Â 205Â 718,1.0
1011828,201900053359,1,6,18:30,3,1,1,1.0,5.0,17444,A 10,M,"45,6798970"," -0,6429590",17,2019,130.0,1.0,1.0,1.0,2262689,2.0,2,1,2,5.0,,0.0,0,2003.0,E01,138Â 205Â 721,1.0,-1.0,-1.0,1727166,2.0,7,,3.0,2.0,1.0,C01,138Â 205Â 719,1.0
1011828,201900053359,1,6,18:30,3,1,1,1.0,5.0,17444,A 10,M,"45,6798970"," -0,6429590",17,2019,130.0,1.0,1.0,1.0,2262689,2.0,2,1,2,5.0,,0.0,0,2003.0,E01,138Â 205Â 721,1.0,-1.0,-1.0,1727167,2.0,10,,3.0,2.0,1.0,D01,138Â 205Â 720,1.0
1011828,201900053359,1,6,18:30,3,1,1,1.0,5.0,17444,A 10,M,"45,6798970"," -0,6429590",17,2019,130.0,1.0,1.0,1.0,2262689,2.0,2,1,2,5.0,,0.0,0,2003.0,E01,138Â 205Â 721,1.0,-1.0,-1.0,1727168,2.0,7,,0.0,2.0,8.0,E01,138Â 205Â 721,1.0
1011829,201900053360,1,7,07:25,3,1,1,1.0,4.0,62121,Autoroute A1 sens Paris Lille,M,"50,1338140","2,8718990",62,2019,130.0,1.0,1.0,1.0,2262690,7.0,2,4,1,0.0,,0.0,0,1992.0,A01,138Â 205Â 714,1.0,-1.0,-1.0,1727169,1.0,7,,0.0,2.0,2.0,A01,138Â 205Â 714,1.0
1011829,201900053360,1,7,07:25,3,1,1,1.0,4.0,62121,Autoroute A1 sens Paris Lille,M,"50,1338140","2,8718990",62,2019,130.0,1.0,1.0,1.0,2262690,7.0,2,4,1,0.0,,0.0,0,1992.0,A01,138Â 205Â 714,1.0,-1.0,-1.0,1727170,1.0,15,,0.0,0.0,6.0,B01,138Â 205Â 715,1.0
1011829,201900053360,1,7,07:25,3,1,1,1.0,4.0,62121,Autoroute A1 sens Paris Lille,M,"50,1338140","2,8718990",62,2019,130.0,1.0,1.0,1.0,2262690,7.0,2,4,1,0.0,,0.0,0,1992.0,A01,138Â 205Â 714,1.0,-1.0,-1.0,1727171,1.0,7,,0.0,2.0,1.0,C01,138Â 205Â 716,1.0