Unnamed: 0_x,num_acc,mois,jour,hrmn,lum,agg,int,atm,col,com,adr,gps,lat,long,dep,annee,vma,situ,surf,catr,Unnamed: 0_y,place,catu,grav,sexe,trajet,secu,locp,actp,an_nais,num_veh_x,id_vehicule_x,secu1,secu2,secu3,Unnamed: 0,senc,catv,occutc,obs,obsm,choc,num_veh_y,id_vehicule_y,motor
1011829,201900053360,1,7,07:25,3,1,1,1.0,4.0,62121,Autoroute A1 sens Paris Lille,M,"50,1338140","2,8718990",62,2019,130.0,1.0,1.0,1.0,2262691,1.0,1,1,1,0.0,,0.0,0,1968.0,A01,138Â 205Â 714,1.0,-1.0,-1.0,1727169,1.0,7,,0.0,2.0,2.0,A01,138Â 205Â 714,1.0
1011829,201900053360,1,7,07:25,3,1,1,1.0,4.0,62121,Autoroute A1 sens Paris Lille,M,"50,1338140","2,8718990",62,2019,130.0,1.0,1.0,1.0,2262691,1.0,1,1,1,0.0,,0.0,0,1968.0,A01,138Â 205Â 714,1.0,-1.0,-1.0,1727170,1.0,15,,0.0,0.0,6.0,B01,138Â 205Â 715,1.0
1011829,201900053360,1,7,07:25,3,1,1,1.0,4.0,62121,Autoroute A1 sens Paris Lille,M,"50,1338140","2,8718990",62,2019,130.0,1.0,1.0,1.0,2262691,1.0,1,1,1,0.0,,0.0,0,1968.0,A01,138Â 205Â 714,1.0,-1.0,-1.0,1727171,1.0,7,,0.0,2.0,1.0,C01,138Â 205Â 716,1.0
1011829,201900053360,1,7,07:25,3,1,1,1.0,4.0,62121,Autoroute A1 sens Paris Lille,M,"50,1338140","2,8718990",62,2019,130.0,1.0,1.0,1.0,2262692,2.0,2,4,1,0.0,,0.0,0,1972.0,A01,138Â 205Â 714,1.0,-1.0,-1.0,1727169,1.0,7,,0.0,2.0,2.0,A01,138Â 205Â 714,1.0
1011829,201900053360,1,7,07:25,3,1,1,1.0,4.0,62121,Autoroute A1 sens Paris Lille,M,"50,1338140","2,8718990",62,2019,130.0,1.0,1.0,1.0,2262692,2.0,2,4,1,0.0,,0.0,0,1972.0,A01,138Â 205Â 714,1.0,-1.0,-1.0,1727170,1.0,15,,0.0,0.0,6.0,B01,138Â 205Â 715,1.0
1011829,201900053360,1,7,07:25,3,1,1,1.0,4.0,62121,Autoroute A1 sens Paris Lille,M,"50,1338140","2,8718990",62,2019,130.0,1.0,1.0,1.0,2262692,2.0,2,4,1,0.0,,0.0,0,1972.0,A01,138Â 205Â 714,1.0,-1.0,-1.0,1727171,1.0,7,,0.0,2.0,1.0,C01,138Â 205Â 716,1.0
1011829,201900053360,1,7,07:25,3,1,1,1.0,4.0,62121,Autoroute A1 sens Paris Lille,M,"50,1338140","2,8718990",62,2019,130.0,1.0,1.0,1.0,2262693,1.0,1,1,1,4.0,,0.0,0,1973.0,B01,138Â 205Â 715,1.0,-1.0,-1.0,1727169,1.0,7,,0.0,2.0,2.0,A01,138Â 205Â 714,1.0
1011829,201900053360,1,7,07:25,3,1,1,1.0,4.0,62121,Autoroute A1 sens Paris Lille,M,"50,1338140","2,8718990",62,2019,130.0,1.0,1.0,1.0,2262693,1.0,1,1,1,4.0,,0.0,0,1973.0,B01,138Â 205Â 715,1.0,-1.0,-1.0,1727170,1.0,15,,0.0,0.0,6.0,B01,138Â 205Â 715,1.0
1011829,201900053360,1,7,07:25,3,1,1,1.0,4.0,62121,Autoroute A1 sens Paris Lille,M,"50,1338140","2,8718990",62,2019,130.0,1.0,1.0,1.0,2262693,1.0,1,1,1,4.0,,0.0,0,1973.0,B01,138Â 205Â 715,1.0,-1.0,-1.0,1727171,1.0,7,,0.0,2.0,1.0,C01,138Â 205Â 716,1.0
1011829,201900053360,1,7,07:25,3,1,1,1.0,4.0,62121,Autoroute A1 sens Paris Lille,M,"50,1338140","2,8718990",62,2019,130.0,1.0,1.0,1.0,2262694,1.0,1,4,1,4.0,,0.0,0,1966.0,C01,138Â 205Â 716,1.0,-1.0,-1.0,1727169,1.0,7,,0.0,2.0,2.0,A01,138Â 205Â 714,1.0
1011829,201900053360,1,7,07:25,3,1,1,1.0,4.0,62121,Autoroute A1 sens Paris Lille,M,"50,1338140","2,8718990",62,2019,130.0,1.0,1.0,1.0,2262694,1.0,1,4,1,4.0,,0.0,0,1966.0,C01,138Â 205Â 716,1.0,-1.0,-1.0,1727170,1.0,15,,0.0,0.0,6.0,B01,138Â 205Â 715,1.0
1011829,201900053360,1,7,07:25,3,1,1,1.0,4.0,62121,Autoroute A1 sens Paris Lille,M,"50,1338140","2,8718990",62,2019,130.0,1.0,1.0,1.0,2262694,1.0,1,4,1,4.0,,0.0,0,1966.0,C01,138Â 205Â 716,1.0,-1.0,-1.0,1727171,1.0,7,,0.0,2.0,1.0,C01,138Â 205Â 716,1.0
1011830,201900053361,1,6,00:35,5,2,1,3.0,5.0,98722,"PK 37.500, route territoriale numÃ©ro 2",M," -17,5940310"," -149,3962270",987,2019,40.0,1.0,2.0,2.0,2262695,1.0,1,4,1,5.0,,0.0,0,1964.0,C01,138Â 205Â 711,0.0,-1.0,-1.0,1727172,2.0,1,,0.0,2.0,7.0,C01,138Â 205Â 711,5.0
1011830,201900053361,1,6,00:35,5,2,1,3.0,5.0,98722,"PK 37.500, route territoriale numÃ©ro 2",M," -17,5940310"," -149,3962270",987,2019,40.0,1.0,2.0,2.0,2262695,1.0,1,4,1,5.0,,0.0,0,1964.0,C01,138Â 205Â 711,0.0,-1.0,-1.0,1727173,1.0,7,,0.0,2.0,7.0,B01,138Â 205Â 712,1.0
1011830,201900053361,1,6,00:35,5,2,1,3.0,5.0,98722,"PK 37.500, route territoriale numÃ©ro 2",M," -17,5940310"," -149,3962270",987,2019,40.0,1.0,2.0,2.0,2262695,1.0,1,4,1,5.0,,0.0,0,1964.0,C01,138Â 205Â 711,0.0,-1.0,-1.0,1727174,2.0,7,,0.0,2.0,8.0,A01,138Â 205Â 713,1.0
1011830,201900053361,1,6,00:35,5,2,1,3.0,5.0,98722,"PK 37.500, route territoriale numÃ©ro 2",M," -17,5940310"," -149,3962270",987,2019,40.0,1.0,2.0,2.0,2262696,2.0,2,1,2,5.0,,0.0,0,1991.0,B01,138Â 205Â 712,1.0,-1.0,-1.0,1727172,2.0,1,,0.0,2.0,7.0,C01,138Â 205Â 711,5.0
1011830,201900053361,1,6,00:35,5,2,1,3.0,5.0,98722,"PK 37.500, route territoriale numÃ©ro 2",M," -17,5940310"," -149,3962270",987,2019,40.0,1.0,2.0,2.0,2262696,2.0,2,1,2,5.0,,0.0,0,1991.0,B01,138Â 205Â 712,1.0,-1.0,-1.0,1727173,1.0,7,,0.0,2.0,7.0,B01,138Â 205Â 712,1.0
1011830,201900053361,1,6,00:35,5,2,1,3.0,5.0,98722,"PK 37.500, route territoriale numÃ©ro 2",M," -17,5940310"," -149,3962270",987,2019,40.0,1.0,2.0,2.0,2262696,2.0,2,1,2,5.0,,0.0,0,1991.0,B01,138Â 205Â 712,1.0,-1.0,-1.0,1727174,2.0,7,,0.0,2.0,8.0,A01,138Â 205Â 713,1.0
1011830,201900053361,1,6,00:35,5,2,1,3.0,5.0,98722,"PK 37.500, route territoriale numÃ©ro 2",M," -17,5940310"," -149,3962270",987,2019,40.0,1.0,2.0,2.0,2262697,1.0,1,1,1,5.0,,0.0,0,1991.0,B01,138Â 205Â 712,1.0,-1.0,-1.0,1727172,2.0,1,,0.0,2.0,7.0,C01,138Â 205Â 711,5.0
1011830,201900053361,1,6,00:35,5,2,1,3.0,5.0,98722,"PK 37.500, route territoriale numÃ©ro 2",M," -17,5940310"," -149,3962270",987,2019,40.0,1.0,2.0,2.0,2262697,1.0,1,1,1,5.0,,0.0,0,1991.0,B01,138Â 205Â 712,1.0,-1.0,-1.0,1727173,1.0,7,,0.0,2.0,7.0,B01,138Â 205Â 712,1.0
1011830,201900053361,1,6,00:35,5,2,1,3.0,5.0,98722,"PK 37.500, route territoriale numÃ©ro 2",M," -17,5940310"," -149,3962270",987,2019,40.0,1.0,2.0,2.0,2262697,1.0,1,1,1,5.0,,0.0,0,1991.0,B01,138Â 205Â 712,1.0,-1.0,-1.0,1727174,2.0,7,,0.0,2.0,8.0,A01,138Â 205Â 713,1.0
1011830,201900053361,1,6,00:35,5,2,1,3.0,5.0,98722,"PK 37.500, route territoriale numÃ©ro 2",M," -17,5940310"," -149,3962270",987,2019,40.0,1.0,2.0,2.0,2262698,1.0,1,1,1,5.0,,0.0,0,1990.0,A01,138Â 205Â 713,1.0,-1.0,-1.0,1727172,2.0,1,,0.0,2.0,7.0,C01,138Â 205Â 711,5.0
1011830,201900053361,1,6,00:35,5,2,1,3.0,5.0,98722,"PK 37.500, route territoriale numÃ©ro 2",M," -17,5940310"," -149,3962270",987,2019,40.0,1.0,2.0,2.0,2262698,1.0,1,1,1,5.0,,0.0,0,1990.0,A01,138Â 205Â 713,1.0,-1.0,-1.0,1727173,1.0,7,,0.0,2.0,7.0,B01,138Â 205Â 712,1.0
1011830,201900053361,1,6,00:35,5,2,1,3.0,5.0,98722,"PK 37.500, route territoriale numÃ©ro 2",M," -17,5940310"," -149,3962270",987,2019,40.0,1.0,2.0,2.0,2262698,1.0,1,1,1,5.0,,0.0,0,1990.0,A01,138Â 205Â 713,1.0,-1.0,-1.0,1727174,2.0,7,,0.0,2.0,8.0,A01,138Â 205Â 713,1.0
1011831,201900053362,1,3,08:00,2,1,1,1.0,7.0,77193,D9 - Route de forfry,M,"49,0546580","2,8505790",77,2019,80.0,3.0,9.0,3.0,2262699,1.0,1,3,1,1.0,,0.0,0,1972.0,A01,138Â 205Â 710,0.0,-1.0,-1.0,1727175,1.0,7,,13.0,0.0,9.0,A01,138Â 205Â 710,0.0
1011832,201900053363,1,6,14:00,1,1,9,8.0,2.0,77141,D406 X BRET. A4,M,"48,8554700","2,8554700",77,2019,50.0,1.0,1.0,2.0,2262700,1.0,1,4,2,3.0,,0.0,0,1967.0,A01,138Â 205Â 708,1.0,-1.0,-1.0,1727176,1.0,7,,0.0,2.0,4.0,A01,138Â 205Â 708,1.0
1011832,201900053363,1,6,14:00,1,1,9,8.0,2.0,77141,D406 X BRET. A4,M,"48,8554700","2,8554700",77,2019,50.0,1.0,1.0,2.0,2262700,1.0,1,4,2,3.0,,0.0,0,1967.0,A01,138Â 205Â 708,1.0,-1.0,-1.0,1727177,1.0,7,,0.0,2.0,1.0,B01,138Â 205Â 709,1.0
1011832,201900053363,1,6,14:00,1,1,9,8.0,2.0,77141,D406 X BRET. A4,M,"48,8554700","2,8554700",77,2019,50.0,1.0,1.0,2.0,2262701,1.0,1,1,1,0.0,,0.0,0,1997.0,B01,138Â 205Â 709,8.0,-1.0,-1.0,1727176,1.0,7,,0.0,2.0,4.0,A01,138Â 205Â 708,1.0
1011832,201900053363,1,6,14:00,1,1,9,8.0,2.0,77141,D406 X BRET. A4,M,"48,8554700","2,8554700",77,2019,50.0,1.0,1.0,2.0,2262701,1.0,1,1,1,0.0,,0.0,0,1997.0,B01,138Â 205Â 709,8.0,-1.0,-1.0,1727177,1.0,7,,0.0,2.0,1.0,B01,138Â 205Â 709,1.0
1011833,201900053364,1,6,21:00,3,1,1,1.0,6.0,78349,D149 - le plessis mornay,M,"48,5668130","1,9872880",78,2019,50.0,3.0,1.0,3.0,2262702,7.0,2,4,1,5.0,,0.0,0,1976.0,A01,138Â 205Â 707,1.0,-1.0,-1.0,1727178,1.0,7,,2.0,0.0,1.0,A01,138Â 205Â 707,1.0
1011833,201900053364,1,6,21:00,3,1,1,1.0,6.0,78349,D149 - le plessis mornay,M,"48,5668130","1,9872880",78,2019,50.0,3.0,1.0,3.0,2262703,2.0,2,1,1,5.0,,0.0,0,2001.0,A01,138Â 205Â 707,1.0,-1.0,-1.0,1727178,1.0,7,,2.0,0.0,1.0,A01,138Â 205Â 707,1.0
1011833,201900053364,1,6,21:00,3,1,1,1.0,6.0,78349,D149 - le plessis mornay,M,"48,5668130","1,9872880",78,2019,50.0,3.0,1.0,3.0,2262704,1.0,1,1,1,5.0,,0.0,0,1998.0,A01,138Â 205Â 707,1.0,-1.0,-1.0,1727178,1.0,7,,2.0,0.0,1.0,A01,138Â 205Â 707,1.0
1011834,201900053365,1,4,15:47,1,2,1,1.0,3.0,84092,AVENUE JULES VERNE,M,"43,9840320","4,8795390",84,2019,50.0,1.0,1.0,7.0,2262705,10.0,3,4,1,3.0,,3.0,3,1983.0,B01,138Â 205Â 705,0.0,-1.0,-1.0,1727179,0.0,1,,0.0,2.0,7.0,B01,138Â 205Â 705,5.0
1011834,201900053365,1,4,15:47,1,2,1,1.0,3.0,84092,AVENUE JULES VERNE,M,"43,9840320","4,8795390",84,2019,50.0,1.0,1.0,7.0,2262705,10.0,3,4,1,3.0,,3.0,3,1983.0,B01,138Â 205Â 705,0.0,-1.0,-1.0,1727180,0.0,7,,0.0,1.0,2.0,A01,138Â 205Â 706,1.0
1011834,201900053365,1,4,15:47,1,2,1,1.0,3.0,84092,AVENUE JULES VERNE,M,"43,9840320","4,8795390",84,2019,50.0,1.0,1.0,7.0,2262706,1.0,1,1,2,3.0,,0.0,0,1958.0,A01,138Â 205Â 706,1.0,-1.0,-1.0,1727179,0.0,1,,0.0,2.0,7.0,B01,138Â 205Â 705,5.0
1011834,201900053365,1,4,15:47,1,2,1,1.0,3.0,84092,AVENUE JULES VERNE,M,"43,9840320","4,8795390",84,2019,50.0,1.0,1.0,7.0,2262706,1.0,1,1,2,3.0,,0.0,0,1958.0,A01,138Â 205Â 706,1.0,-1.0,-1.0,1727180,0.0,7,,0.0,1.0,2.0,A01,138Â 205Â 706,1.0
1011835,201900053366,1,6,19:05,3,1,1,1.0,2.0,89196,A6- Pk143+500 - Guerchy,M,"47,8854310","3,4245680",89,2019,130.0,1.0,1.0,1.0,2262707,1.0,1,1,1,5.0,,0.0,0,1998.0,A01,138Â 205Â 703,1.0,-1.0,-1.0,1727181,1.0,7,,0.0,2.0,2.0,A01,138Â 205Â 703,1.0
1011835,201900053366,1,6,19:05,3,1,1,1.0,2.0,89196,A6- Pk143+500 - Guerchy,M,"47,8854310","3,4245680",89,2019,130.0,1.0,1.0,1.0,2262707,1.0,1,1,1,5.0,,0.0,0,1998.0,A01,138Â 205Â 703,1.0,-1.0,-1.0,1727182,1.0,7,,4.0,2.0,6.0,B01,138Â 205Â 704,1.0
1011835,201900053366,1,6,19:05,3,1,1,1.0,2.0,89196,A6- Pk143+500 - Guerchy,M,"47,8854310","3,4245680",89,2019,130.0,1.0,1.0,1.0,2262708,2.0,2,4,2,5.0,,0.0,0,1959.0,B01,138Â 205Â 704,1.0,-1.0,-1.0,1727181,1.0,7,,0.0,2.0,2.0,A01,138Â 205Â 703,1.0
1011835,201900053366,1,6,19:05,3,1,1,1.0,2.0,89196,A6- Pk143+500 - Guerchy,M,"47,8854310","3,4245680",89,2019,130.0,1.0,1.0,1.0,2262708,2.0,2,4,2,5.0,,0.0,0,1959.0,B01,138Â 205Â 704,1.0,-1.0,-1.0,1727182,1.0,7,,4.0,2.0,6.0,B01,138Â 205Â 704,1.0
1011835,201900053366,1,6,19:05,3,1,1,1.0,2.0,89196,A6- Pk143+500 - Guerchy,M,"47,8854310","3,4245680",89,2019,130.0,1.0,1.0,1.0,2262709,1.0,1,4,1,5.0,,0.0,0,1952.0,B01,138Â 205Â 704,1.0,-1.0,-1.0,1727181,1.0,7,,0.0,2.0,2.0,A01,138Â 205Â 703,1.0
1011835,201900053366,1,6,19:05,3,1,1,1.0,2.0,89196,A6- Pk143+500 - Guerchy,M,"47,8854310","3,4245680",89,2019,130.0,1.0,1.0,1.0,2262709,1.0,1,4,1,5.0,,0.0,0,1952.0,B01,138Â 205Â 704,1.0,-1.0,-1.0,1727182,1.0,7,,4.0,2.0,6.0,B01,138Â 205Â 704,1.0
1011836,201900053367,1,7,07:45,2,2,1,1.0,2.0,67526,rue de kertzfeld,M,"48,3947980","7,5829800",67,2019,80.0,3.0,2.0,3.0,2262710,1.0,1,2,1,5.0,,0.0,0,1939.0,A01,138Â 205Â 701,8.0,-1.0,-1.0,1727183,2.0,1,,0.0,2.0,4.0,A01,138Â 205Â 701,5.0
1011836,201900053367,1,7,07:45,2,2,1,1.0,2.0,67526,rue de kertzfeld,M,"48,3947980","7,5829800",67,2019,80.0,3.0,2.0,3.0,2262710,1.0,1,2,1,5.0,,0.0,0,1939.0,A01,138Â 205Â 701,8.0,-1.0,-1.0,1727184,2.0,7,,0.0,9.0,2.0,B01,138Â 205Â 702,1.0
1011836,201900053367,1,7,07:45,2,2,1,1.0,2.0,67526,rue de kertzfeld,M,"48,3947980","7,5829800",67,2019,80.0,3.0,2.0,3.0,2262711,1.0,1,1,1,5.0,,0.0,0,1981.0,B01,138Â 205Â 702,8.0,-1.0,-1.0,1727183,2.0,1,,0.0,2.0,4.0,A01,138Â 205Â 701,5.0
1011836,201900053367,1,7,07:45,2,2,1,1.0,2.0,67526,rue de kertzfeld,M,"48,3947980","7,5829800",67,2019,80.0,3.0,2.0,3.0,2262711,1.0,1,1,1,5.0,,0.0,0,1981.0,B01,138Â 205Â 702,8.0,-1.0,-1.0,1727184,2.0,7,,0.0,9.0,2.0,B01,138Â 205Â 702,1.0
1011837,201900053368,1,4,15:20,1,2,1,7.0,6.0,69278,34 route de St AndrÃ© de Corcy,M,"45,9018400","4,8554870",69,2019,50.0,1.0,1.0,4.0,2262712,10.0,3,3,2,0.0,,2.0,3,1947.0,A01,138Â 205Â 700,0.0,-1.0,-1.0,1727185,0.0,7,,0.0,1.0,1.0,A01,138Â 205Â 700,0.0
1011837,201900053368,1,4,15:20,1,2,1,7.0,6.0,69278,34 route de St AndrÃ© de Corcy,M,"45,9018400","4,8554870",69,2019,50.0,1.0,1.0,4.0,2262713,1.0,1,1,1,0.0,,0.0,0,1997.0,A01,138Â 205Â 700,1.0,-1.0,-1.0,1727185,0.0,7,,0.0,1.0,1.0,A01,138Â 205Â 700,0.0
1011837,201900053368,1,4,15:20,1,2,1,7.0,6.0,69278,34 route de St AndrÃ© de Corcy,M,"45,9018400","4,8554870",69,2019,50.0,1.0,1.0,4.0,2262714,2.0,2,1,1,0.0,,0.0,0,2002.0,A01,138Â 205Â 700,1.0,-1.0,-1.0,1727185,0.0,7,,0.0,1.0,1.0,A01,138Â 205Â 700,0.0
1011838,201900053369,1,7,14:00,1,2,1,1.0,1.0,33228,lamartine,M,"45,0625780"," -0,5331310",33,2019,70.0,1.0,1.0,3.0,2262715,1.0,1,3,1,1.0,,0.0,0,1982.0,B01,138Â 205Â 698,2.0,6.0,-1.0,1727186,1.0,31,,0.0,2.0,1.0,B01,138Â 205Â 698,1.0
1011838,201900053369,1,7,14:00,1,2,1,1.0,1.0,33228,lamartine,M,"45,0625780"," -0,5331310",33,2019,70.0,1.0,1.0,3.0,2262715,1.0,1,3,1,1.0,,0.0,0,1982.0,B01,138Â 205Â 698,2.0,6.0,-1.0,1727187,2.0,7,,0.0,2.0,3.0,A01,138Â 205Â 699,1.0
1011838,201900053369,1,7,14:00,1,2,1,1.0,1.0,33228,lamartine,M,"45,0625780"," -0,5331310",33,2019,70.0,1.0,1.0,3.0,2262716,1.0,1,1,2,1.0,,0.0,0,1964.0,A01,138Â 205Â 699,1.0,-1.0,-1.0,1727186,1.0,31,,0.0,2.0,1.0,B01,138Â 205Â 698,1.0
1011838,201900053369,1,7,14:00,1,2,1,1.0,1.0,33228,lamartine,M,"45,0625780"," -0,5331310",33,2019,70.0,1.0,1.0,3.0,2262716,1.0,1,1,2,1.0,,0.0,0,1964.0,A01,138Â 205Â 699,1.0,-1.0,-1.0,1727187,2.0,7,,0.0,2.0,3.0,A01,138Â 205Â 699,1.0
1011839,201900053370,1,6,13:05,1,1,2,8.0,3.0,33436,D110E6 / RD651,M,"44,5214400"," -0,6268600",33,2019,80.0,1.0,1.0,3.0,2262717,1.0,1,4,2,5.0,,0.0,0,1986.0,B01,138Â 205Â 696,1.0,-1.0,-1.0,1727188,1.0,7,,0.0,2.0,1.0,B01,138Â 205Â 696,1.0
1011839,201900053370,1,6,13:05,1,1,2,8.0,3.0,33436,D110E6 / RD651,M,"44,5214400"," -0,6268600",33,2019,80.0,1.0,1.0,3.0,2262717,1.0,1,4,2,5.0,,0.0,0,1986.0,B01,138Â 205Â 696,1.0,-1.0,-1.0,1727189,2.0,7,,0.0,2.0,3.0,A01,138Â 205Â 697,1.0
1011839,201900053370,1,6,13:05,1,1,2,8.0,3.0,33436,D110E6 / RD651,M,"44,5214400"," -0,6268600",33,2019,80.0,1.0,1.0,3.0,2262718,7.0,2,4,1,5.0,,0.0,0,2014.0,A01,138Â 205Â 697,3.0,-1.0,-1.0,1727188,1.0,7,,0.0,2.0,1.0,B01,138Â 205Â 696,1.0
1011839,201900053370,1,6,13:05,1,1,2,8.0,3.0,33436,D110E6 / RD651,M,"44,5214400"," -0,6268600",33,2019,80.0,1.0,1.0,3.0,2262718,7.0,2,4,1,5.0,,0.0,0,2014.0,A01,138Â 205Â 697,3.0,-1.0,-1.0,1727189,2.0,7,,0.0,2.0,3.0,A01,138Â 205Â 697,1.0
1011839,201900053370,1,6,13:05,1,1,2,8.0,3.0,33436,D110E6 / RD651,M,"44,5214400"," -0,6268600",33,2019,80.0,1.0,1.0,3.0,2262719,9.0,2,1,2,5.0,,0.0,0,1967.0,A01,138Â 205Â 697,1.0,-1.0,-1.0,1727188,1.0,7,,0.0,2.0,1.0,B01,138Â 205Â 696,1.0
1011839,201900053370,1,6,13:05,1,1,2,8.0,3.0,33436,D110E6 / RD651,M,"44,5214400"," -0,6268600",33,2019,80.0,1.0,1.0,3.0,2262719,9.0,2,1,2,5.0,,0.0,0,1967.0,A01,138Â 205Â 697,1.0,-1.0,-1.0,1727189,2.0,7,,0.0,2.0,3.0,A01,138Â 205Â 697,1.0
1011839,201900053370,1,6,13:05,1,1,2,8.0,3.0,33436,D110E6 / RD651,M,"44,5214400"," -0,6268600",33,2019,80.0,1.0,1.0,3.0,2262720,2.0,2,1,2,5.0,,0.0,0,1992.0,A01,138Â 205Â 697,1.0,-1.0,-1.0,1727188,1.0,7,,0.0,2.0,1.0,B01,138Â 205Â 696,1.0
1011839,201900053370,1,6,13:05,1,1,2,8.0,3.0,33436,D110E6 / RD651,M,"44,5214400"," -0,6268600",33,2019,80.0,1.0,1.0,3.0,2262720,2.0,2,1,2,5.0,,0.0,0,1992.0,A01,138Â 205Â 697,1.0,-1.0,-1.0,1727189,2.0,7,,0.0,2.0,3.0,A01,138Â 205Â 697,1.0
1011839,201900053370,1,6,13:05,1,1,2,8.0,3.0,33436,D110E6 / RD651,M,"44,5214400"," -0,6268600",33,2019,80.0,1.0,1.0,3.0,2262721,1.0,1,3,1,5.0,,0.0,0,1988.0,A01,138Â 205Â 697,1.0,-1.0,-1.0,1727188,1.0,7,,0.0,2.0,1.0,B01,138Â 205Â 696,1.0
1011839,201900053370,1,6,13:05,1,1,2,8.0,3.0,33436,D110E6 / RD651,M,"44,5214400"," -0,6268600",33,2019,80.0,1.0,1.0,3.0,2262721,1.0,1,3,1,5.0,,0.0,0,1988.0,A01,138Â 205Â 697,1.0,-1.0,-1.0,1727189,2.0,7,,0.0,2.0,3.0,A01,138Â 205Â 697,1.0
1011840,201900053371,1,6,17:35,2,1,1,1.0,7.0,35294,la couplais,M,"47,7074970"," -1,9935530",35,2019,80.0,3.0,1.0,3.0,2262722,1.0,1,4,1,5.0,,0.0,0,2004.0,A01,138Â 205Â 695,2.0,6.0,-1.0,1727190,1.0,2,,3.0,0.0,2.0,A01,138Â 205Â 695,1.0
1011841,201900053372,1,5,22:30,3,1,1,2.0,7.0,59218,Route Nationale 2,M,"50,0620340","3,9435760",59,2019,80.0,3.0,2.0,2.0,2262723,1.0,1,3,1,5.0,,0.0,0,1988.0,A01,138Â 205Â 694,8.0,-1.0,-1.0,1727191,2.0,7,,0.0,0.0,9.0,A01,138Â 205Â 694,1.0
1011842,201900053373,1,5,17:40,3,1,1,8.0,3.0,67482,Autoroute A.35,M,"48,5818500","7,7240200",67,2019,90.0,1.0,2.0,1.0,2262724,1.0,1,1,1,4.0,,-1.0,0,1979.0,B01,138Â 205Â 692,1.0,4.0,-1.0,1727192,2.0,17,,0.0,2.0,2.0,B01,138Â 205Â 692,1.0
1011842,201900053373,1,5,17:40,3,1,1,8.0,3.0,67482,Autoroute A.35,M,"48,5818500","7,7240200",67,2019,90.0,1.0,2.0,1.0,2262724,1.0,1,1,1,4.0,,-1.0,0,1979.0,B01,138Â 205Â 692,1.0,4.0,-1.0,1727193,2.0,7,,0.0,2.0,6.0,A01,138Â 205Â 693,1.0
1011842,201900053373,1,5,17:40,3,1,1,8.0,3.0,67482,Autoroute A.35,M,"48,5818500","7,7240200",67,2019,90.0,1.0,2.0,1.0,2262725,2.0,2,4,2,5.0,,-1.0,0,1963.0,A01,138Â 205Â 693,1.0,0.0,-1.0,1727192,2.0,17,,0.0,2.0,2.0,B01,138Â 205Â 692,1.0
1011842,201900053373,1,5,17:40,3,1,1,8.0,3.0,67482,Autoroute A.35,M,"48,5818500","7,7240200",67,2019,90.0,1.0,2.0,1.0,2262725,2.0,2,4,2,5.0,,-1.0,0,1963.0,A01,138Â 205Â 693,1.0,0.0,-1.0,1727193,2.0,7,,0.0,2.0,6.0,A01,138Â 205Â 693,1.0
1011842,201900053373,1,5,17:40,3,1,1,8.0,3.0,67482,Autoroute A.35,M,"48,5818500","7,7240200",67,2019,90.0,1.0,2.0,1.0,2262726,1.0,1,1,1,0.0,,-1.0,0,1964.0,A01,138Â 205Â 693,1.0,4.0,-1.0,1727192,2.0,17,,0.0,2.0,2.0,B01,138Â 205Â 692,1.0
1011842,201900053373,1,5,17:40,3,1,1,8.0,3.0,67482,Autoroute A.35,M,"48,5818500","7,7240200",67,2019,90.0,1.0,2.0,1.0,2262726,1.0,1,1,1,0.0,,-1.0,0,1964.0,A01,138Â 205Â 693,1.0,4.0,-1.0,1727193,2.0,7,,0.0,2.0,6.0,A01,138Â 205Â 693,1.0
1011843,201900053374,1,1,05:50,3,1,1,1.0,2.0,67218,Autoroute A.35,M,"48,5460500","7,7275900",67,2019,90.0,1.0,1.0,1.0,2262727,1.0,1,4,1,5.0,,-1.0,0,1981.0,B01,138Â 205Â 690,1.0,8.0,-1.0,1727194,2.0,7,,0.0,2.0,1.0,B01,138Â 205Â 690,1.0
1011843,201900053374,1,1,05:50,3,1,1,1.0,2.0,67218,Autoroute A.35,M,"48,5460500","7,7275900",67,2019,90.0,1.0,1.0,1.0,2262727,1.0,1,4,1,5.0,,-1.0,0,1981.0,B01,138Â 205Â 690,1.0,8.0,-1.0,1727195,1.0,7,,0.0,2.0,4.0,A01,138Â 205Â 691,1.0
1011843,201900053374,1,1,05:50,3,1,1,1.0,2.0,67218,Autoroute A.35,M,"48,5460500","7,7275900",67,2019,90.0,1.0,1.0,1.0,2262728,1.0,1,4,1,5.0,,-1.0,0,1996.0,A01,138Â 205Â 691,1.0,0.0,-1.0,1727194,2.0,7,,0.0,2.0,1.0,B01,138Â 205Â 690,1.0
1011843,201900053374,1,1,05:50,3,1,1,1.0,2.0,67218,Autoroute A.35,M,"48,5460500","7,7275900",67,2019,90.0,1.0,1.0,1.0,2262728,1.0,1,4,1,5.0,,-1.0,0,1996.0,A01,138Â 205Â 691,1.0,0.0,-1.0,1727195,1.0,7,,0.0,2.0,4.0,A01,138Â 205Â 691,1.0
1011843,201900053374,1,1,05:50,3,1,1,1.0,2.0,67218,Autoroute A.35,M,"48,5460500","7,7275900",67,2019,90.0,1.0,1.0,1.0,2262729,3.0,2,4,1,5.0,,-1.0,0,1995.0,A01,138Â 205Â 691,1.0,8.0,-1.0,1727194,2.0,7,,0.0,2.0,1.0,B01,138Â 205Â 690,1.0