Unnamed: 0_x,num_acc,mois,jour,hrmn,lum,agg,int,atm,col,com,adr,gps,lat,long,dep,annee,vma,situ,surf,catr,Unnamed: 0_y,place,catu,grav,sexe,trajet,secu,locp,actp,an_nais,num_veh_x,id_vehicule_x,secu1,secu2,secu3,Unnamed: 0,senc,catv,occutc,obs,obsm,choc,num_veh_y,id_vehicule_y,motor
1011843,201900053374,1,1,05:50,3,1,1,1.0,2.0,67218,Autoroute A.35,M,"48,5460500","7,7275900",67,2019,90.0,1.0,1.0,1.0,2262729,3.0,2,4,1,5.0,,-1.0,0,1995.0,A01,138Â 205Â 691,1.0,8.0,-1.0,1727195,1.0,7,,0.0,2.0,4.0,A01,138Â 205Â 691,1.0
1011843,201900053374,1,1,05:50,3,1,1,1.0,2.0,67218,Autoroute A.35,M,"48,5460500","7,7275900",67,2019,90.0,1.0,1.0,1.0,2262730,2.0,2,4,1,5.0,,-1.0,0,1995.0,A01,138Â 205Â 691,1.0,0.0,-1.0,1727194,2.0,7,,0.0,2.0,1.0,B01,138Â 205Â 690,1.0
1011843,201900053374,1,1,05:50,3,1,1,1.0,2.0,67218,Autoroute A.35,M,"48,5460500","7,7275900",67,2019,90.0,1.0,1.0,1.0,2262730,2.0,2,4,1,5.0,,-1.0,0,1995.0,A01,138Â 205Â 691,1.0,0.0,-1.0,1727195,1.0,7,,0.0,2.0,4.0,A01,138Â 205Â 691,1.0
1011844,201900053375,1,6,07:10,3,1,1,1.0,6.0,33122,AUTOROUTE A 63,M,"44,7548700"," -0,6869000",33,2019,50.0,1.0,1.0,1.0,2262731,1.0,1,4,1,5.0,,-1.0, -1,1985.0,A01,138Â 205Â 689,1.0,8.0,-1.0,1727196,2.0,7,,15.0,0.0,1.0,A01,138Â 205Â 689,1.0
1011845,201900053376,1,6,02:25,4,1,1,1.0,2.0,92036,AUTOROUTE A86,M,"48,9387000","2,3009000",92,2019,90.0,1.0,1.0,1.0,2262732,2.0,2,4,1,5.0,,-1.0,0,1985.0,A01,138Â 205Â 687,1.0,8.0,-1.0,1727197,2.0,7,,0.0,2.0,4.0,A01,138Â 205Â 687,1.0
1011845,201900053376,1,6,02:25,4,1,1,1.0,2.0,92036,AUTOROUTE A86,M,"48,9387000","2,3009000",92,2019,90.0,1.0,1.0,1.0,2262732,2.0,2,4,1,5.0,,-1.0,0,1985.0,A01,138Â 205Â 687,1.0,8.0,-1.0,1727198,2.0,7,,0.0,2.0,1.0,B01,138Â 205Â 688,1.0
1011845,201900053376,1,6,02:25,4,1,1,1.0,2.0,92036,AUTOROUTE A86,M,"48,9387000","2,3009000",92,2019,90.0,1.0,1.0,1.0,2262733,1.0,1,1,1,5.0,,-1.0,0,1983.0,A01,138Â 205Â 687,1.0,8.0,-1.0,1727197,2.0,7,,0.0,2.0,4.0,A01,138Â 205Â 687,1.0
1011845,201900053376,1,6,02:25,4,1,1,1.0,2.0,92036,AUTOROUTE A86,M,"48,9387000","2,3009000",92,2019,90.0,1.0,1.0,1.0,2262733,1.0,1,1,1,5.0,,-1.0,0,1983.0,A01,138Â 205Â 687,1.0,8.0,-1.0,1727198,2.0,7,,0.0,2.0,1.0,B01,138Â 205Â 688,1.0
1011845,201900053376,1,6,02:25,4,1,1,1.0,2.0,92036,AUTOROUTE A86,M,"48,9387000","2,3009000",92,2019,90.0,1.0,1.0,1.0,2262734,1.0,1,4,1,5.0,,-1.0,0,1979.0,B01,138Â 205Â 688,1.0,8.0,-1.0,1727197,2.0,7,,0.0,2.0,4.0,A01,138Â 205Â 687,1.0
1011845,201900053376,1,6,02:25,4,1,1,1.0,2.0,92036,AUTOROUTE A86,M,"48,9387000","2,3009000",92,2019,90.0,1.0,1.0,1.0,2262734,1.0,1,4,1,5.0,,-1.0,0,1979.0,B01,138Â 205Â 688,1.0,8.0,-1.0,1727198,2.0,7,,0.0,2.0,1.0,B01,138Â 205Â 688,1.0
1011846,201900053377,9,24,08:40,1,2,1,2.0,6.0,75113,QUAI D AUSTERLITZ,M,"48,8401750","2,3703080",75,2019,50.0,1.0,2.0,4.0,2262735,1.0,1,1,2,1.0,,0.0,0,1993.0,A01,138Â 205Â 685,1.0,0.0,-1.0,1727199,2.0,7,,0.0,1.0,2.0,A01,138Â 205Â 685,1.0
1011846,201900053377,9,24,08:40,1,2,1,2.0,6.0,75113,QUAI D AUSTERLITZ,M,"48,8401750","2,3703080",75,2019,50.0,1.0,2.0,4.0,2262736,10.0,3,4,2,2.0,,4.0,3,1999.0,A01,138Â 205Â 685,0.0,-1.0,-1.0,1727199,2.0,7,,0.0,1.0,2.0,A01,138Â 205Â 685,1.0
1011847,201900053378,1,6,10:00,1,1,1,1.0,2.0,94042,A4,M,"48,8294519","2,4832160",94,2019,90.0,1.0,1.0,1.0,2262737,1.0,1,1,1,5.0,,-1.0,0,1987.0,B01,138Â 205Â 684,1.0,0.0,-1.0,1727200,2.0,10,,0.0,2.0,3.0,B01,138Â 205Â 684,1.0
1011847,201900053378,1,6,10:00,1,1,1,1.0,2.0,94042,A4,M,"48,8294519","2,4832160",94,2019,90.0,1.0,1.0,1.0,2262737,1.0,1,1,1,5.0,,-1.0,0,1987.0,B01,138Â 205Â 684,1.0,0.0,-1.0,1727201,2.0,7,,0.0,2.0,7.0,A01,138Â 205Â 686,1.0
1011847,201900053378,1,6,10:00,1,1,1,1.0,2.0,94042,A4,M,"48,8294519","2,4832160",94,2019,90.0,1.0,1.0,1.0,2262738,1.0,1,1,1,5.0,,-1.0,0,1972.0,A01,138Â 205Â 686,1.0,0.0,-1.0,1727200,2.0,10,,0.0,2.0,3.0,B01,138Â 205Â 684,1.0
1011847,201900053378,1,6,10:00,1,1,1,1.0,2.0,94042,A4,M,"48,8294519","2,4832160",94,2019,90.0,1.0,1.0,1.0,2262738,1.0,1,1,1,5.0,,-1.0,0,1972.0,A01,138Â 205Â 686,1.0,0.0,-1.0,1727201,2.0,7,,0.0,2.0,7.0,A01,138Â 205Â 686,1.0
1011847,201900053378,1,6,10:00,1,1,1,1.0,2.0,94042,A4,M,"48,8294519","2,4832160",94,2019,90.0,1.0,1.0,1.0,2262739,2.0,2,4,2,5.0,,-1.0,0,1977.0,A01,138Â 205Â 686,1.0,0.0,-1.0,1727200,2.0,10,,0.0,2.0,3.0,B01,138Â 205Â 684,1.0
1011847,201900053378,1,6,10:00,1,1,1,1.0,2.0,94042,A4,M,"48,8294519","2,4832160",94,2019,90.0,1.0,1.0,1.0,2262739,2.0,2,4,2,5.0,,-1.0,0,1977.0,A01,138Â 205Â 686,1.0,0.0,-1.0,1727201,2.0,7,,0.0,2.0,7.0,A01,138Â 205Â 686,1.0
1011848,201900053379,9,24,08:00,1,2,3,2.0,6.0,75113,AVENUE D ITALIE,M,"48,8204289","2,3590657",75,2019,50.0,1.0,2.0,4.0,2262740,1.0,1,4,1,2.0,,0.0,0,2001.0,A01,138Â 205Â 683,2.0,6.0,-1.0,1727202,2.0,7,,0.0,2.0,3.0,Z01,138Â 205Â 682,0.0
1011848,201900053379,9,24,08:00,1,2,3,2.0,6.0,75113,AVENUE D ITALIE,M,"48,8204289","2,3590657",75,2019,50.0,1.0,2.0,4.0,2262740,1.0,1,4,1,2.0,,0.0,0,2001.0,A01,138Â 205Â 683,2.0,6.0,-1.0,1727203,1.0,30,,0.0,2.0,1.0,A01,138Â 205Â 683,1.0
1011849,201900053380,1,1,22:34,3,2,6,1.0,7.0,97611,mgombani-Mahabou (rond point),M," -12,7828899","45,2344100",976,2019,50.0,1.0,1.0,2.0,2262741,1.0,1,4,1,9.0,,-1.0,0,1984.0,A01,138Â 205Â 681,2.0,8.0,-1.0,1727204,1.0,32,,0.0,0.0,0.0,A01,138Â 205Â 681,0.0
1011850,201900053381,9,24,20:35,5,2,2,1.0,6.0,75111,RUE SAINT MAUR,M,"48,8656390","2,3773600",75,2019,50.0,1.0,2.0,4.0,2262742,1.0,1,4,1,0.0,,0.0,0,1993.0,A01,138Â 205Â 679,8.0,2.0,-1.0,1727205,1.0,1,,0.0,2.0,1.0,A01,138Â 205Â 679,5.0
1011850,201900053381,9,24,20:35,5,2,2,1.0,6.0,75111,RUE SAINT MAUR,M,"48,8656390","2,3773600",75,2019,50.0,1.0,2.0,4.0,2262742,1.0,1,4,1,0.0,,0.0,0,1993.0,A01,138Â 205Â 679,8.0,2.0,-1.0,1727206,1.0,7,,0.0,2.0,0.0,Z01,138Â 205Â 680,0.0
1011851,201900053382,9,24,18:15,1,2,1,3.0,6.0,75111,RUE SEDAINE,M,"48,8583441","2,3778232",75,2019,30.0,5.0,2.0,4.0,2262743,10.0,3,4,2,2.0,,1.0,3,1977.0,A01,138Â 205Â 674,0.0,-1.0,-1.0,1727207,1.0,80,,0.0,1.0,1.0,A01,138Â 205Â 674,2.0
1011851,201900053382,9,24,18:15,1,2,1,3.0,6.0,75111,RUE SEDAINE,M,"48,8583441","2,3778232",75,2019,30.0,5.0,2.0,4.0,2262744,10.0,3,4,2,2.0,,1.0,3,2010.0,A01,138Â 205Â 674,0.0,-1.0,-1.0,1727207,1.0,80,,0.0,1.0,1.0,A01,138Â 205Â 674,2.0
1011851,201900053382,9,24,18:15,1,2,1,3.0,6.0,75111,RUE SEDAINE,M,"48,8583441","2,3778232",75,2019,30.0,5.0,2.0,4.0,2262745,1.0,1,1,1,0.0,,0.0,0,2001.0,A01,138Â 205Â 674,8.0,2.0,-1.0,1727207,1.0,80,,0.0,1.0,1.0,A01,138Â 205Â 674,2.0
1011852,201900053383,9,24,08:40,1,2,1,2.0,6.0,75111,BOULEVARD VOLTAIRE,M,"48,8645910","2,3687980",75,2019,50.0,5.0,2.0,4.0,2262746,10.0,3,4,2,1.0,,4.0,3,1989.0,Z01,138Â 205Â 671,0.0,-1.0,-1.0,1727208,2.0,1,,0.0,1.0,1.0,Z01,138Â 205Â 671,5.0
1011853,201900053384,1,1,12:50,1,2,1,1.0,6.0,49007,BEDIER BOULEVARD,M,"47,4519900"," -0,5436400",49,2019,30.0,1.0,1.0,4.0,2262747,1.0,1,4,1,0.0,,-1.0,0,1992.0,A01,138Â 205Â 666,1.0,0.0,-1.0,1727209,1.0,7,,0.0,2.0,1.0,A01,138Â 205Â 666,1.0
1011853,201900053384,1,1,12:50,1,2,1,1.0,6.0,49007,BEDIER BOULEVARD,M,"47,4519900"," -0,5436400",49,2019,30.0,1.0,1.0,4.0,2262747,1.0,1,4,1,0.0,,-1.0,0,1992.0,A01,138Â 205Â 666,1.0,0.0,-1.0,1727210,1.0,7,,0.0,2.0,7.0,B01,138Â 205Â 668,1.0
1011853,201900053384,1,1,12:50,1,2,1,1.0,6.0,49007,BEDIER BOULEVARD,M,"47,4519900"," -0,5436400",49,2019,30.0,1.0,1.0,4.0,2262747,1.0,1,4,1,0.0,,-1.0,0,1992.0,A01,138Â 205Â 666,1.0,0.0,-1.0,1727211,1.0,7,,0.0,2.0,6.0,C01,138Â 205Â 670,1.0
1011853,201900053384,1,1,12:50,1,2,1,1.0,6.0,49007,BEDIER BOULEVARD,M,"47,4519900"," -0,5436400",49,2019,30.0,1.0,1.0,4.0,2262748,2.0,2,1,2,5.0,,-1.0,0,1982.0,B01,138Â 205Â 668,1.0,0.0,-1.0,1727209,1.0,7,,0.0,2.0,1.0,A01,138Â 205Â 666,1.0
1011853,201900053384,1,1,12:50,1,2,1,1.0,6.0,49007,BEDIER BOULEVARD,M,"47,4519900"," -0,5436400",49,2019,30.0,1.0,1.0,4.0,2262748,2.0,2,1,2,5.0,,-1.0,0,1982.0,B01,138Â 205Â 668,1.0,0.0,-1.0,1727210,1.0,7,,0.0,2.0,7.0,B01,138Â 205Â 668,1.0
1011853,201900053384,1,1,12:50,1,2,1,1.0,6.0,49007,BEDIER BOULEVARD,M,"47,4519900"," -0,5436400",49,2019,30.0,1.0,1.0,4.0,2262748,2.0,2,1,2,5.0,,-1.0,0,1982.0,B01,138Â 205Â 668,1.0,0.0,-1.0,1727211,1.0,7,,0.0,2.0,6.0,C01,138Â 205Â 670,1.0
1011853,201900053384,1,1,12:50,1,2,1,1.0,6.0,49007,BEDIER BOULEVARD,M,"47,4519900"," -0,5436400",49,2019,30.0,1.0,1.0,4.0,2262749,1.0,1,1,1,5.0,,-1.0,0,1981.0,B01,138Â 205Â 668,1.0,0.0,-1.0,1727209,1.0,7,,0.0,2.0,1.0,A01,138Â 205Â 666,1.0
1011853,201900053384,1,1,12:50,1,2,1,1.0,6.0,49007,BEDIER BOULEVARD,M,"47,4519900"," -0,5436400",49,2019,30.0,1.0,1.0,4.0,2262749,1.0,1,1,1,5.0,,-1.0,0,1981.0,B01,138Â 205Â 668,1.0,0.0,-1.0,1727210,1.0,7,,0.0,2.0,7.0,B01,138Â 205Â 668,1.0
1011853,201900053384,1,1,12:50,1,2,1,1.0,6.0,49007,BEDIER BOULEVARD,M,"47,4519900"," -0,5436400",49,2019,30.0,1.0,1.0,4.0,2262749,1.0,1,1,1,5.0,,-1.0,0,1981.0,B01,138Â 205Â 668,1.0,0.0,-1.0,1727211,1.0,7,,0.0,2.0,6.0,C01,138Â 205Â 670,1.0
1011853,201900053384,1,1,12:50,1,2,1,1.0,6.0,49007,BEDIER BOULEVARD,M,"47,4519900"," -0,5436400",49,2019,30.0,1.0,1.0,4.0,2262750,4.0,2,1,1,5.0,,-1.0,0,2015.0,B01,138Â 205Â 668,1.0,0.0,-1.0,1727209,1.0,7,,0.0,2.0,1.0,A01,138Â 205Â 666,1.0
1011853,201900053384,1,1,12:50,1,2,1,1.0,6.0,49007,BEDIER BOULEVARD,M,"47,4519900"," -0,5436400",49,2019,30.0,1.0,1.0,4.0,2262750,4.0,2,1,1,5.0,,-1.0,0,2015.0,B01,138Â 205Â 668,1.0,0.0,-1.0,1727210,1.0,7,,0.0,2.0,7.0,B01,138Â 205Â 668,1.0
1011853,201900053384,1,1,12:50,1,2,1,1.0,6.0,49007,BEDIER BOULEVARD,M,"47,4519900"," -0,5436400",49,2019,30.0,1.0,1.0,4.0,2262750,4.0,2,1,1,5.0,,-1.0,0,2015.0,B01,138Â 205Â 668,1.0,0.0,-1.0,1727211,1.0,7,,0.0,2.0,6.0,C01,138Â 205Â 670,1.0
1011853,201900053384,1,1,12:50,1,2,1,1.0,6.0,49007,BEDIER BOULEVARD,M,"47,4519900"," -0,5436400",49,2019,30.0,1.0,1.0,4.0,2262751,3.0,2,1,1,0.0,,-1.0,0,2010.0,B01,138Â 205Â 668,1.0,0.0,-1.0,1727209,1.0,7,,0.0,2.0,1.0,A01,138Â 205Â 666,1.0
1011853,201900053384,1,1,12:50,1,2,1,1.0,6.0,49007,BEDIER BOULEVARD,M,"47,4519900"," -0,5436400",49,2019,30.0,1.0,1.0,4.0,2262751,3.0,2,1,1,0.0,,-1.0,0,2010.0,B01,138Â 205Â 668,1.0,0.0,-1.0,1727210,1.0,7,,0.0,2.0,7.0,B01,138Â 205Â 668,1.0
1011853,201900053384,1,1,12:50,1,2,1,1.0,6.0,49007,BEDIER BOULEVARD,M,"47,4519900"," -0,5436400",49,2019,30.0,1.0,1.0,4.0,2262751,3.0,2,1,1,0.0,,-1.0,0,2010.0,B01,138Â 205Â 668,1.0,0.0,-1.0,1727211,1.0,7,,0.0,2.0,6.0,C01,138Â 205Â 670,1.0
1011853,201900053384,1,1,12:50,1,2,1,1.0,6.0,49007,BEDIER BOULEVARD,M,"47,4519900"," -0,5436400",49,2019,30.0,1.0,1.0,4.0,2262752,1.0,1,1,2,4.0,,-1.0,0,1987.0,C01,138Â 205Â 670,1.0,0.0,-1.0,1727209,1.0,7,,0.0,2.0,1.0,A01,138Â 205Â 666,1.0
1011853,201900053384,1,1,12:50,1,2,1,1.0,6.0,49007,BEDIER BOULEVARD,M,"47,4519900"," -0,5436400",49,2019,30.0,1.0,1.0,4.0,2262752,1.0,1,1,2,4.0,,-1.0,0,1987.0,C01,138Â 205Â 670,1.0,0.0,-1.0,1727210,1.0,7,,0.0,2.0,7.0,B01,138Â 205Â 668,1.0
1011853,201900053384,1,1,12:50,1,2,1,1.0,6.0,49007,BEDIER BOULEVARD,M,"47,4519900"," -0,5436400",49,2019,30.0,1.0,1.0,4.0,2262752,1.0,1,1,2,4.0,,-1.0,0,1987.0,C01,138Â 205Â 670,1.0,0.0,-1.0,1727211,1.0,7,,0.0,2.0,6.0,C01,138Â 205Â 670,1.0
1011854,201900053385,9,24,18:55,1,2,1,2.0,6.0,75110,BOULEVARD DE MAGENTA,M,"48,8770469","2,3553874",75,2019,50.0,1.0,2.0,4.0,2262753,1.0,1,4,2,5.0,,0.0,0,1992.0,A01,138Â 205Â 667,2.0,6.0,-1.0,1727212,2.0,30,,0.0,2.0,7.0,A01,138Â 205Â 667,1.0
1011854,201900053385,9,24,18:55,1,2,1,2.0,6.0,75110,BOULEVARD DE MAGENTA,M,"48,8770469","2,3553874",75,2019,50.0,1.0,2.0,4.0,2262753,1.0,1,4,2,5.0,,0.0,0,1992.0,A01,138Â 205Â 667,2.0,6.0,-1.0,1727213,2.0,7,,0.0,2.0,6.0,Z01,138Â 205Â 669,0.0
1011854,201900053385,9,24,18:55,1,2,1,2.0,6.0,75110,BOULEVARD DE MAGENTA,M,"48,8770469","2,3553874",75,2019,50.0,1.0,2.0,4.0,2262754,2.0,2,4,1,5.0,,0.0,0,1987.0,A01,138Â 205Â 667,2.0,6.0,-1.0,1727212,2.0,30,,0.0,2.0,7.0,A01,138Â 205Â 667,1.0
1011854,201900053385,9,24,18:55,1,2,1,2.0,6.0,75110,BOULEVARD DE MAGENTA,M,"48,8770469","2,3553874",75,2019,50.0,1.0,2.0,4.0,2262754,2.0,2,4,1,5.0,,0.0,0,1987.0,A01,138Â 205Â 667,2.0,6.0,-1.0,1727213,2.0,7,,0.0,2.0,6.0,Z01,138Â 205Â 669,0.0
1011855,201900053386,1,2,22:05,3,1,1,1.0,6.0,95582,AUTOROUTE A15,M,"48,9679000","2,2523000",95,2019,110.0,1.0,1.0,1.0,2262755,1.0,1,4,1,9.0,,0.0,0,1998.0,A01,138Â 205Â 665,1.0,0.0,-1.0,1727214,2.0,7,,4.0,0.0,1.0,A01,138Â 205Â 665,1.0
1011856,201900053387,9,24,18:10,1,2,2,2.0,2.0,75118,BOULEVARD DE CLICHY,M,"48,8846951","2,3295093",75,2019,50.0,1.0,2.0,4.0,2262756,1.0,1,4,2,1.0,,0.0,0,1992.0,B01,138Â 205Â 663,2.0,6.0,-1.0,1727215,1.0,30,,0.0,2.0,4.0,B01,138Â 205Â 663,1.0
1011856,201900053387,9,24,18:10,1,2,2,2.0,2.0,75118,BOULEVARD DE CLICHY,M,"48,8846951","2,3295093",75,2019,50.0,1.0,2.0,4.0,2262756,1.0,1,4,2,1.0,,0.0,0,1992.0,B01,138Â 205Â 663,2.0,6.0,-1.0,1727216,1.0,7,,0.0,2.0,1.0,A01,138Â 205Â 664,1.0
1011856,201900053387,9,24,18:10,1,2,2,2.0,2.0,75118,BOULEVARD DE CLICHY,M,"48,8846951","2,3295093",75,2019,50.0,1.0,2.0,4.0,2262757,1.0,1,1,1,4.0,,0.0,0,1965.0,A01,138Â 205Â 664,1.0,0.0,-1.0,1727215,1.0,30,,0.0,2.0,4.0,B01,138Â 205Â 663,1.0
1011856,201900053387,9,24,18:10,1,2,2,2.0,2.0,75118,BOULEVARD DE CLICHY,M,"48,8846951","2,3295093",75,2019,50.0,1.0,2.0,4.0,2262757,1.0,1,1,1,4.0,,0.0,0,1965.0,A01,138Â 205Â 664,1.0,0.0,-1.0,1727216,1.0,7,,0.0,2.0,1.0,A01,138Â 205Â 664,1.0
1011857,201900053388,1,1,17:25,1,2,3,1.0,7.0,98818,RUE GABRIEL LAROQUE/RUE NUNGESSER,M," -22,3035300","166,4495000",988,2019,50.0,1.0,1.0,4.0,2262758,1.0,1,1,1,1.0,,-1.0,0,1998.0,A01,138Â 205Â 662,8.0,8.0,-1.0,1727217,3.0,30,,0.0,0.0,0.0,A01,138Â 205Â 662,1.0
1011857,201900053388,1,1,17:25,1,2,3,1.0,7.0,98818,RUE GABRIEL LAROQUE/RUE NUNGESSER,M," -22,3035300","166,4495000",988,2019,50.0,1.0,1.0,4.0,2262759,2.0,2,3,1,1.0,,-1.0,0,1996.0,A01,138Â 205Â 662,2.0,2.0,-1.0,1727217,3.0,30,,0.0,0.0,0.0,A01,138Â 205Â 662,1.0
1011858,201900053389,1,4,15:50,1,2,1,1.0,6.0,97611,passamanty-Sada ( rue de ),M," -12,8037100","45,2123500",976,2019,50.0,1.0,1.0,3.0,2262760,2.0,1,4,1,0.0,,-1.0,0,1966.0,A01,138Â 205Â 659,2.0,8.0,-1.0,1727218,2.0,32,,0.0,2.0,7.0,A01,138Â 205Â 659,1.0
1011859,201900053390,1,1,13:55,1,2,3,1.0,1.0,97416,Rue Adrien Recherchant,M," -21,2833700","55,4772200",974,2019,50.0,1.0,1.0,3.0,2262761,1.0,1,2,1,5.0,,0.0,0,1991.0,A01,138Â 205Â 657,2.0,8.0,-1.0,1727219,1.0,33,,0.0,0.0,8.0,A01,138Â 205Â 657,1.0
1011859,201900053390,1,1,13:55,1,2,3,1.0,1.0,97416,Rue Adrien Recherchant,M," -21,2833700","55,4772200",974,2019,50.0,1.0,1.0,3.0,2262761,1.0,1,2,1,5.0,,0.0,0,1991.0,A01,138Â 205Â 657,2.0,8.0,-1.0,1727220,1.0,7,,0.0,0.0,0.0,B01,138Â 205Â 658,1.0
1011859,201900053390,1,1,13:55,1,2,3,1.0,1.0,97416,Rue Adrien Recherchant,M," -21,2833700","55,4772200",974,2019,50.0,1.0,1.0,3.0,2262762,1.0,1,1,2,5.0,,0.0,0,1973.0,B01,138Â 205Â 658,1.0,8.0,-1.0,1727219,1.0,33,,0.0,0.0,8.0,A01,138Â 205Â 657,1.0
1011859,201900053390,1,1,13:55,1,2,3,1.0,1.0,97416,Rue Adrien Recherchant,M," -21,2833700","55,4772200",974,2019,50.0,1.0,1.0,3.0,2262762,1.0,1,1,2,5.0,,0.0,0,1973.0,B01,138Â 205Â 658,1.0,8.0,-1.0,1727220,1.0,7,,0.0,0.0,0.0,B01,138Â 205Â 658,1.0
1011860,201900053391,9,24,15:10,1,2,2,1.0,3.0,75108,AVENUE DES CHAMPS ELYSEES,M,"48,8658568","2,3198935",75,2019,50.0,1.0,2.0,4.0,2262763,4.0,2,1,1,5.0,,-1.0,0,1980.0,B01,138Â 205Â 660,1.0,0.0,-1.0,1727221,2.0,7,,0.0,2.0,3.0,B01,138Â 205Â 660,2.0
1011860,201900053391,9,24,15:10,1,2,2,1.0,3.0,75108,AVENUE DES CHAMPS ELYSEES,M,"48,8658568","2,3198935",75,2019,50.0,1.0,2.0,4.0,2262763,4.0,2,1,1,5.0,,-1.0,0,1980.0,B01,138Â 205Â 660,1.0,0.0,-1.0,1727222,3.0,7,,0.0,2.0,3.0,A01,138Â 205Â 661,1.0
1011860,201900053391,9,24,15:10,1,2,2,1.0,3.0,75108,AVENUE DES CHAMPS ELYSEES,M,"48,8658568","2,3198935",75,2019,50.0,1.0,2.0,4.0,2262764,1.0,1,4,1,4.0,,0.0,0,1967.0,B01,138Â 205Â 660,1.0,0.0,-1.0,1727221,2.0,7,,0.0,2.0,3.0,B01,138Â 205Â 660,2.0
1011860,201900053391,9,24,15:10,1,2,2,1.0,3.0,75108,AVENUE DES CHAMPS ELYSEES,M,"48,8658568","2,3198935",75,2019,50.0,1.0,2.0,4.0,2262764,1.0,1,4,1,4.0,,0.0,0,1967.0,B01,138Â 205Â 660,1.0,0.0,-1.0,1727222,3.0,7,,0.0,2.0,3.0,A01,138Â 205Â 661,1.0
1011860,201900053391,9,24,15:10,1,2,2,1.0,3.0,75108,AVENUE DES CHAMPS ELYSEES,M,"48,8658568","2,3198935",75,2019,50.0,1.0,2.0,4.0,2262765,1.0,1,4,2,4.0,,0.0,0,1984.0,A01,138Â 205Â 661,1.0,0.0,-1.0,1727221,2.0,7,,0.0,2.0,3.0,B01,138Â 205Â 660,2.0
1011860,201900053391,9,24,15:10,1,2,2,1.0,3.0,75108,AVENUE DES CHAMPS ELYSEES,M,"48,8658568","2,3198935",75,2019,50.0,1.0,2.0,4.0,2262765,1.0,1,4,2,4.0,,0.0,0,1984.0,A01,138Â 205Â 661,1.0,0.0,-1.0,1727222,3.0,7,,0.0,2.0,3.0,A01,138Â 205Â 661,1.0
1011861,201900053392,1,2,11:20,1,2,3,1.0,6.0,97411,Rue Saint Marie,M," -20,8828500","55,4583000",974,2019,50.0,1.0,1.0,4.0,2262766,10.0,3,4,2,0.0,,1.0,5,2012.0,A01,138Â 205Â 656,8.0,0.0,-1.0,1727223,3.0,7,,0.0,1.0,3.0,A01,138Â 205Â 656,1.0
1011861,201900053392,1,2,11:20,1,2,3,1.0,6.0,97411,Rue Saint Marie,M," -20,8828500","55,4583000",974,2019,50.0,1.0,1.0,4.0,2262767,1.0,1,1,1,9.0,,0.0,0,1971.0,A01,138Â 205Â 656,1.0,8.0,-1.0,1727223,3.0,7,,0.0,1.0,3.0,A01,138Â 205Â 656,1.0
1011862,201900053393,9,24,13:00,1,2,4,2.0,3.0,75107,BOULEVARD SAINT GERMAIN,M,"48,8611803","2,3206059",75,2019,50.0,1.0,2.0,4.0,2262768,1.0,1,4,2,0.0,,0.0,0,1978.0,B01,138Â 205Â 654,2.0,6.0,-1.0,1727224,2.0,32,,0.0,2.0,0.0,B01,138Â 205Â 654,1.0
1011862,201900053393,9,24,13:00,1,2,4,2.0,3.0,75107,BOULEVARD SAINT GERMAIN,M,"48,8611803","2,3206059",75,2019,50.0,1.0,2.0,4.0,2262768,1.0,1,4,2,0.0,,0.0,0,1978.0,B01,138Â 205Â 654,2.0,6.0,-1.0,1727225,2.0,7,,0.0,2.0,7.0,A01,138Â 205Â 655,1.0
1011862,201900053393,9,24,13:00,1,2,4,2.0,3.0,75107,BOULEVARD SAINT GERMAIN,M,"48,8611803","2,3206059",75,2019,50.0,1.0,2.0,4.0,2262769,1.0,1,1,1,4.0,,0.0,0,1984.0,A01,138Â 205Â 655,1.0,0.0,-1.0,1727224,2.0,32,,0.0,2.0,0.0,B01,138Â 205Â 654,1.0
1011862,201900053393,9,24,13:00,1,2,4,2.0,3.0,75107,BOULEVARD SAINT GERMAIN,M,"48,8611803","2,3206059",75,2019,50.0,1.0,2.0,4.0,2262769,1.0,1,1,1,4.0,,0.0,0,1984.0,A01,138Â 205Â 655,1.0,0.0,-1.0,1727225,2.0,7,,0.0,2.0,7.0,A01,138Â 205Â 655,1.0
1011863,201900053394,1,1,05:40,1,2,3,1.0,1.0,97411,Rue Sainte Marie,M," -20,8828500","55,4583000",974,2019,50.0,1.0,1.0,4.0,2262770,1.0,1,1,1,9.0,,0.0,0,1968.0,A01,138Â 205Â 652,8.0,0.0,-1.0,1727226,1.0,7,,0.0,2.0,3.0,A01,138Â 205Â 652,1.0
1011863,201900053394,1,1,05:40,1,2,3,1.0,1.0,97411,Rue Sainte Marie,M," -20,8828500","55,4583000",974,2019,50.0,1.0,1.0,4.0,2262770,1.0,1,1,1,9.0,,0.0,0,1968.0,A01,138Â 205Â 652,8.0,0.0,-1.0,1727227,1.0,32,,0.0,2.0,2.0,B01,138Â 205Â 653,1.0
1011863,201900053394,1,1,05:40,1,2,3,1.0,1.0,97411,Rue Sainte Marie,M," -20,8828500","55,4583000",974,2019,50.0,1.0,1.0,4.0,2262771,2.0,2,4,1,0.0,,0.0,0,1998.0,B01,138Â 205Â 653,8.0,0.0,-1.0,1727226,1.0,7,,0.0,2.0,3.0,A01,138Â 205Â 652,1.0
1011863,201900053394,1,1,05:40,1,2,3,1.0,1.0,97411,Rue Sainte Marie,M," -20,8828500","55,4583000",974,2019,50.0,1.0,1.0,4.0,2262771,2.0,2,4,1,0.0,,0.0,0,1998.0,B01,138Â 205Â 653,8.0,0.0,-1.0,1727227,1.0,32,,0.0,2.0,2.0,B01,138Â 205Â 653,1.0