Unnamed: 0_x,num_acc,mois,jour,hrmn,lum,agg,int,atm,col,com,adr,gps,lat,long,dep,annee,vma,situ,surf,catr,Unnamed: 0_y,place,catu,grav,sexe,trajet,secu,locp,actp,an_nais,num_veh_x,id_vehicule_x,secu1,secu2,secu3,Unnamed: 0,senc,catv,occutc,obs,obsm,choc,num_veh_y,id_vehicule_y,motor
1011863,201900053394,1,1,05:40,1,2,3,1.0,1.0,97411,Rue Sainte Marie,M," -20,8828500","55,4583000",974,2019,50.0,1.0,1.0,4.0,2262772,1.0,1,3,1,0.0,,0.0,0,1996.0,B01,138Â 205Â 653,2.0,0.0,-1.0,1727226,1.0,7,,0.0,2.0,3.0,A01,138Â 205Â 652,1.0
1011863,201900053394,1,1,05:40,1,2,3,1.0,1.0,97411,Rue Sainte Marie,M," -20,8828500","55,4583000",974,2019,50.0,1.0,1.0,4.0,2262772,1.0,1,3,1,0.0,,0.0,0,1996.0,B01,138Â 205Â 653,2.0,0.0,-1.0,1727227,1.0,32,,0.0,2.0,2.0,B01,138Â 205Â 653,1.0
1011864,201900053395,1,1,00:10,3,1,1,1.0,2.0,97409,RN2,M," -20,9611120","55,6577380",974,2019,110.0,5.0,2.0,2.0,2262773,1.0,1,2,1,5.0,,0.0,0,1998.0,A01,138Â 205Â 648,2.0,8.0,-1.0,1727228,2.0,33,,1.0,0.0,1.0,A01,138Â 205Â 648,1.0
1011864,201900053395,1,1,00:10,3,1,1,1.0,2.0,97409,RN2,M," -20,9611120","55,6577380",974,2019,110.0,5.0,2.0,2.0,2262773,1.0,1,2,1,5.0,,0.0,0,1998.0,A01,138Â 205Â 648,2.0,8.0,-1.0,1727229,2.0,7,,3.0,0.0,6.0,B01,138Â 205Â 649,1.0
1011864,201900053395,1,1,00:10,3,1,1,1.0,2.0,97409,RN2,M," -20,9611120","55,6577380",974,2019,110.0,5.0,2.0,2.0,2262774,2.0,2,1,1,5.0,,0.0,0,1999.0,B01,138Â 205Â 649,1.0,8.0,-1.0,1727228,2.0,33,,1.0,0.0,1.0,A01,138Â 205Â 648,1.0
1011864,201900053395,1,1,00:10,3,1,1,1.0,2.0,97409,RN2,M," -20,9611120","55,6577380",974,2019,110.0,5.0,2.0,2.0,2262774,2.0,2,1,1,5.0,,0.0,0,1999.0,B01,138Â 205Â 649,1.0,8.0,-1.0,1727229,2.0,7,,3.0,0.0,6.0,B01,138Â 205Â 649,1.0
1011864,201900053395,1,1,00:10,3,1,1,1.0,2.0,97409,RN2,M," -20,9611120","55,6577380",974,2019,110.0,5.0,2.0,2.0,2262775,1.0,1,1,1,5.0,,0.0,0,2000.0,B01,138Â 205Â 649,1.0,8.0,-1.0,1727228,2.0,33,,1.0,0.0,1.0,A01,138Â 205Â 648,1.0
1011864,201900053395,1,1,00:10,3,1,1,1.0,2.0,97409,RN2,M," -20,9611120","55,6577380",974,2019,110.0,5.0,2.0,2.0,2262775,1.0,1,1,1,5.0,,0.0,0,2000.0,B01,138Â 205Â 649,1.0,8.0,-1.0,1727229,2.0,7,,3.0,0.0,6.0,B01,138Â 205Â 649,1.0
1011865,201900053396,9,22,23:45,5,2,1,1.0,6.0,75104,BOULEVARD BEAUMARCHAIS,M,"48,8543850","2,3688040",75,2019,50.0,1.0,1.0,4.0,2262776,2.0,2,4,2,5.0,,0.0,0,1968.0,A01,138Â 205Â 651,2.0,6.0,-1.0,1727230,2.0,7,,0.0,2.0,0.0,Z01,138Â 205Â 650,0.0
1011865,201900053396,9,22,23:45,5,2,1,1.0,6.0,75104,BOULEVARD BEAUMARCHAIS,M,"48,8543850","2,3688040",75,2019,50.0,1.0,1.0,4.0,2262776,2.0,2,4,2,5.0,,0.0,0,1968.0,A01,138Â 205Â 651,2.0,6.0,-1.0,1727231,2.0,43,,12.0,2.0,0.0,A01,138Â 205Â 651,1.0
1011865,201900053396,9,22,23:45,5,2,1,1.0,6.0,75104,BOULEVARD BEAUMARCHAIS,M,"48,8543850","2,3688040",75,2019,50.0,1.0,1.0,4.0,2262777,1.0,1,1,1,5.0,,0.0,0,1966.0,A01,138Â 205Â 651,2.0,6.0,-1.0,1727230,2.0,7,,0.0,2.0,0.0,Z01,138Â 205Â 650,0.0
1011865,201900053396,9,22,23:45,5,2,1,1.0,6.0,75104,BOULEVARD BEAUMARCHAIS,M,"48,8543850","2,3688040",75,2019,50.0,1.0,1.0,4.0,2262777,1.0,1,1,1,5.0,,0.0,0,1966.0,A01,138Â 205Â 651,2.0,6.0,-1.0,1727231,2.0,43,,12.0,2.0,0.0,A01,138Â 205Â 651,1.0
1011866,201900053397,1,4,11:40,1,2,1,1.0,6.0,97407,DIERX(RUE,M," -20,9475662","55,2913409",974,2019,50.0,1.0,1.0,4.0,2262778,1.0,1,1,2,0.0,,0.0,0,1988.0,A01,138Â 205Â 647,1.0,0.0,-1.0,1727232,3.0,7,,0.0,1.0,0.0,A01,138Â 205Â 647,1.0
1011866,201900053397,1,4,11:40,1,2,1,1.0,6.0,97407,DIERX(RUE,M," -20,9475662","55,2913409",974,2019,50.0,1.0,1.0,4.0,2262779,10.0,3,4,1,0.0,,9.0,3,2013.0,A01,138Â 205Â 647,0.0,0.0,-1.0,1727232,3.0,7,,0.0,1.0,0.0,A01,138Â 205Â 647,1.0
1011867,201900053398,9,24,10:00,1,2,1,8.0,6.0,94067,GENERAL DE GAULLE (AV DU),M,"48,8356700","2,4193300",94,2019,50.0,1.0,1.0,3.0,2262780,10.0,3,4,2,1.0,,5.0,1,1974.0,A01,138Â 205Â 646,8.0,0.0,-1.0,1727233,2.0,7,,0.0,1.0,2.0,A01,138Â 205Â 646,1.0
1011867,201900053398,9,24,10:00,1,2,1,8.0,6.0,94067,GENERAL DE GAULLE (AV DU),M,"48,8356700","2,4193300",94,2019,50.0,1.0,1.0,3.0,2262781,1.0,1,1,1,5.0,,-1.0, -1,1939.0,A01,138Â 205Â 646,1.0,8.0,-1.0,1727233,2.0,7,,0.0,1.0,2.0,A01,138Â 205Â 646,1.0
1011868,201900053399,1,3,18:30,1,2,6,1.0,3.0,97407,Boulevard des Mascareignes,M," -20,9400000","55,3076700",974,2019,50.0,1.0,1.0,2.0,2262782,5.0,2,4,2,0.0,,0.0,0,1994.0,A01,138Â 205Â 644,2.0,8.0,-1.0,1727234,1.0,33,,0.0,2.0,1.0,A01,138Â 205Â 644,1.0
1011868,201900053399,1,3,18:30,1,2,6,1.0,3.0,97407,Boulevard des Mascareignes,M," -20,9400000","55,3076700",974,2019,50.0,1.0,1.0,2.0,2262782,5.0,2,4,2,0.0,,0.0,0,1994.0,A01,138Â 205Â 644,2.0,8.0,-1.0,1727235,3.0,7,,0.0,2.0,5.0,B01,138Â 205Â 645,1.0
1011868,201900053399,1,3,18:30,1,2,6,1.0,3.0,97407,Boulevard des Mascareignes,M," -20,9400000","55,3076700",974,2019,50.0,1.0,1.0,2.0,2262783,1.0,1,1,1,0.0,,0.0,0,1994.0,A01,138Â 205Â 644,2.0,8.0,-1.0,1727234,1.0,33,,0.0,2.0,1.0,A01,138Â 205Â 644,1.0
1011868,201900053399,1,3,18:30,1,2,6,1.0,3.0,97407,Boulevard des Mascareignes,M," -20,9400000","55,3076700",974,2019,50.0,1.0,1.0,2.0,2262783,1.0,1,1,1,0.0,,0.0,0,1994.0,A01,138Â 205Â 644,2.0,8.0,-1.0,1727235,3.0,7,,0.0,2.0,5.0,B01,138Â 205Â 645,1.0
1011868,201900053399,1,3,18:30,1,2,6,1.0,3.0,97407,Boulevard des Mascareignes,M," -20,9400000","55,3076700",974,2019,50.0,1.0,1.0,2.0,2262784,1.0,1,1,1,5.0,,0.0,0,1993.0,B01,138Â 205Â 645,1.0,0.0,-1.0,1727234,1.0,33,,0.0,2.0,1.0,A01,138Â 205Â 644,1.0
1011868,201900053399,1,3,18:30,1,2,6,1.0,3.0,97407,Boulevard des Mascareignes,M," -20,9400000","55,3076700",974,2019,50.0,1.0,1.0,2.0,2262784,1.0,1,1,1,5.0,,0.0,0,1993.0,B01,138Â 205Â 645,1.0,0.0,-1.0,1727235,3.0,7,,0.0,2.0,5.0,B01,138Â 205Â 645,1.0
1011869,201900053400,1,5,00:45,5,1,1,1.0,2.0,97302,ROUTE NATIONALE II,M,"4,9017800"," -52,3249600",973,2019,90.0,1.0,1.0,2.0,2262785,1.0,1,1,1,0.0,,-1.0,0,1997.0,B01,138Â 205Â 641,8.0,0.0,-1.0,1727236,1.0,2,,0.0,2.0,1.0,B01,138Â 205Â 641,1.0
1011869,201900053400,1,5,00:45,5,1,1,1.0,2.0,97302,ROUTE NATIONALE II,M,"4,9017800"," -52,3249600",973,2019,90.0,1.0,1.0,2.0,2262785,1.0,1,1,1,0.0,,-1.0,0,1997.0,B01,138Â 205Â 641,8.0,0.0,-1.0,1727237,1.0,7,,0.0,2.0,4.0,A01,138Â 205Â 642,0.0
1011869,201900053400,1,5,00:45,5,1,1,1.0,2.0,97302,ROUTE NATIONALE II,M,"4,9017800"," -52,3249600",973,2019,90.0,1.0,1.0,2.0,2262786,1.0,1,4,1,0.0,,-1.0,0,1957.0,A01,138Â 205Â 642,8.0,0.0,-1.0,1727236,1.0,2,,0.0,2.0,1.0,B01,138Â 205Â 641,1.0
1011869,201900053400,1,5,00:45,5,1,1,1.0,2.0,97302,ROUTE NATIONALE II,M,"4,9017800"," -52,3249600",973,2019,90.0,1.0,1.0,2.0,2262786,1.0,1,4,1,0.0,,-1.0,0,1957.0,A01,138Â 205Â 642,8.0,0.0,-1.0,1727237,1.0,7,,0.0,2.0,4.0,A01,138Â 205Â 642,0.0
1011870,201900053401,1,2,17:02,1,2,1,2.0,3.0,97302,MADELEINE (ROUTE DE LA),M,"4,9221181"," -52,3230314",973,2019,50.0,1.0,1.0,3.0,2262787,1.0,1,1,1,5.0,,-1.0,0,1981.0,A01,138Â 205Â 637,1.0,0.0,-1.0,1727238,2.0,7,,0.0,2.0,3.0,A01,138Â 205Â 637,0.0
1011870,201900053401,1,2,17:02,1,2,1,2.0,3.0,97302,MADELEINE (ROUTE DE LA),M,"4,9221181"," -52,3230314",973,2019,50.0,1.0,1.0,3.0,2262787,1.0,1,1,1,5.0,,-1.0,0,1981.0,A01,138Â 205Â 637,1.0,0.0,-1.0,1727239,2.0,2,,0.0,2.0,1.0,B01,138Â 205Â 638,0.0
1011870,201900053401,1,2,17:02,1,2,1,2.0,3.0,97302,MADELEINE (ROUTE DE LA),M,"4,9221181"," -52,3230314",973,2019,50.0,1.0,1.0,3.0,2262788,1.0,1,4,1,0.0,,-1.0,0,1996.0,B01,138Â 205Â 638,2.0,0.0,-1.0,1727238,2.0,7,,0.0,2.0,3.0,A01,138Â 205Â 637,0.0
1011870,201900053401,1,2,17:02,1,2,1,2.0,3.0,97302,MADELEINE (ROUTE DE LA),M,"4,9221181"," -52,3230314",973,2019,50.0,1.0,1.0,3.0,2262788,1.0,1,4,1,0.0,,-1.0,0,1996.0,B01,138Â 205Â 638,2.0,0.0,-1.0,1727239,2.0,2,,0.0,2.0,1.0,B01,138Â 205Â 638,0.0
1011871,201900053402,1,2,09:00,1,2,1,1.0,3.0,97302,MONT LUCAS 1 (CITE),M,"4,9247477"," -52,3020512",973,2019,30.0,1.0,1.0,4.0,2262789,1.0,1,4,1,0.0,,0.0,0,1981.0,A01,138Â 205Â 635,2.0,8.0,-1.0,1727240,0.0,31,,0.0,2.0,1.0,A01,138Â 205Â 635,1.0
1011871,201900053402,1,2,09:00,1,2,1,1.0,3.0,97302,MONT LUCAS 1 (CITE),M,"4,9247477"," -52,3020512",973,2019,30.0,1.0,1.0,4.0,2262789,1.0,1,4,1,0.0,,0.0,0,1981.0,A01,138Â 205Â 635,2.0,8.0,-1.0,1727241,0.0,7,,0.0,2.0,8.0,B01,138Â 205Â 636,1.0
1011871,201900053402,1,2,09:00,1,2,1,1.0,3.0,97302,MONT LUCAS 1 (CITE),M,"4,9247477"," -52,3020512",973,2019,30.0,1.0,1.0,4.0,2262790,1.0,1,1,1,9.0,,-1.0,0,1979.0,B01,138Â 205Â 636,1.0,8.0,-1.0,1727240,0.0,31,,0.0,2.0,1.0,A01,138Â 205Â 635,1.0
1011871,201900053402,1,2,09:00,1,2,1,1.0,3.0,97302,MONT LUCAS 1 (CITE),M,"4,9247477"," -52,3020512",973,2019,30.0,1.0,1.0,4.0,2262790,1.0,1,1,1,9.0,,-1.0,0,1979.0,B01,138Â 205Â 636,1.0,8.0,-1.0,1727241,0.0,7,,0.0,2.0,8.0,B01,138Â 205Â 636,1.0
1011872,201900053403,9,23,16:40,1,2,3,1.0,3.0,94043,GABRIEL PERI (R),M,"48,8061500","2,3458200",94,2019,50.0,1.0,1.0,3.0,2262791,2.0,2,1,1,0.0,,-1.0, -1,2017.0,A01,138Â 205Â 632,1.0,0.0,-1.0,1727242,1.0,7,,0.0,2.0,2.0,A01,138Â 205Â 632,1.0
1011872,201900053403,9,23,16:40,1,2,3,1.0,3.0,94043,GABRIEL PERI (R),M,"48,8061500","2,3458200",94,2019,50.0,1.0,1.0,3.0,2262791,2.0,2,1,1,0.0,,-1.0, -1,2017.0,A01,138Â 205Â 632,1.0,0.0,-1.0,1727243,2.0,7,,0.0,2.0,1.0,B01,138Â 205Â 643,1.0
1011872,201900053403,9,23,16:40,1,2,3,1.0,3.0,94043,GABRIEL PERI (R),M,"48,8061500","2,3458200",94,2019,50.0,1.0,1.0,3.0,2262792,1.0,1,4,2,9.0,,-1.0, -1,1983.0,A01,138Â 205Â 632,1.0,8.0,-1.0,1727242,1.0,7,,0.0,2.0,2.0,A01,138Â 205Â 632,1.0
1011872,201900053403,9,23,16:40,1,2,3,1.0,3.0,94043,GABRIEL PERI (R),M,"48,8061500","2,3458200",94,2019,50.0,1.0,1.0,3.0,2262792,1.0,1,4,2,9.0,,-1.0, -1,1983.0,A01,138Â 205Â 632,1.0,8.0,-1.0,1727243,2.0,7,,0.0,2.0,1.0,B01,138Â 205Â 643,1.0
1011872,201900053403,9,23,16:40,1,2,3,1.0,3.0,94043,GABRIEL PERI (R),M,"48,8061500","2,3458200",94,2019,50.0,1.0,1.0,3.0,2262793,1.0,1,4,1,9.0,,-1.0, -1,1986.0,B01,138Â 205Â 643,1.0,8.0,-1.0,1727242,1.0,7,,0.0,2.0,2.0,A01,138Â 205Â 632,1.0
1011872,201900053403,9,23,16:40,1,2,3,1.0,3.0,94043,GABRIEL PERI (R),M,"48,8061500","2,3458200",94,2019,50.0,1.0,1.0,3.0,2262793,1.0,1,4,1,9.0,,-1.0, -1,1986.0,B01,138Â 205Â 643,1.0,8.0,-1.0,1727243,2.0,7,,0.0,2.0,1.0,B01,138Â 205Â 643,1.0
1011873,201900053404,9,23,18:15,1,2,2,1.0,3.0,94043,FONTAINEBLEAU (AV DE),M,"48,8071700","2,3631100",94,2019,50.0,1.0,1.0,3.0,2262794,1.0,1,3,1,0.0,,-1.0, -1,1970.0,A01,138Â 205Â 630,2.0,0.0,-1.0,1727244,1.0,31,,0.0,2.0,1.0,A01,138Â 205Â 630,1.0
1011873,201900053404,9,23,18:15,1,2,2,1.0,3.0,94043,FONTAINEBLEAU (AV DE),M,"48,8071700","2,3631100",94,2019,50.0,1.0,1.0,3.0,2262794,1.0,1,3,1,0.0,,-1.0, -1,1970.0,A01,138Â 205Â 630,2.0,0.0,-1.0,1727245,1.0,7,,0.0,2.0,7.0,Z01,138Â 205Â 631,1.0
1011874,201900053405,9,24,19:00,1,2,2,1.0,6.0,94041,MAURICE THOREZ (AV),M,"48,8169300","2,3761300",94,2019,50.0,3.0,2.0,3.0,2262795,10.0,3,4,1,0.0,,2.0,3,1992.0,A01,138Â 205Â 629,0.0,0.0,0.0,1727246,2.0,7,,0.0,1.0,1.0,A01,138Â 205Â 629,1.0
1011874,201900053405,9,24,19:00,1,2,2,1.0,6.0,94041,MAURICE THOREZ (AV),M,"48,8169300","2,3761300",94,2019,50.0,3.0,2.0,3.0,2262796,1.0,1,1,2,1.0,,0.0,0,1963.0,A01,138Â 205Â 629,1.0,0.0,-1.0,1727246,2.0,7,,0.0,1.0,1.0,A01,138Â 205Â 629,1.0
1011875,201900053406,9,24,09:10,1,2,2,2.0,3.0,94041,MARCEL LAMANT (R),M,"48,8056300","2,3844200",94,2019,50.0,3.0,2.0,4.0,2262797,1.0,1,4,1,1.0,,0.0,0,1984.0,A01,138Â 205Â 627,2.0,6.0,-1.0,1727247,2.0,32,,0.0,2.0,1.0,A01,138Â 205Â 627,1.0
1011875,201900053406,9,24,09:10,1,2,2,2.0,3.0,94041,MARCEL LAMANT (R),M,"48,8056300","2,3844200",94,2019,50.0,3.0,2.0,4.0,2262797,1.0,1,4,1,1.0,,0.0,0,1984.0,A01,138Â 205Â 627,2.0,6.0,-1.0,1727248,1.0,7,,0.0,2.0,2.0,B01,138Â 205Â 628,1.0
1011875,201900053406,9,24,09:10,1,2,2,2.0,3.0,94041,MARCEL LAMANT (R),M,"48,8056300","2,3844200",94,2019,50.0,3.0,2.0,4.0,2262798,1.0,1,1,1,9.0,,0.0,0,1985.0,B01,138Â 205Â 628,1.0,0.0,-1.0,1727247,2.0,32,,0.0,2.0,1.0,A01,138Â 205Â 627,1.0
1011875,201900053406,9,24,09:10,1,2,2,2.0,3.0,94041,MARCEL LAMANT (R),M,"48,8056300","2,3844200",94,2019,50.0,3.0,2.0,4.0,2262798,1.0,1,1,1,9.0,,0.0,0,1985.0,B01,138Â 205Â 628,1.0,0.0,-1.0,1727248,1.0,7,,0.0,2.0,2.0,B01,138Â 205Â 628,1.0
1011876,201900053407,9,24,16:45,1,2,4,1.0,3.0,94034,WISSOUS (R DE),M,"48,7522000","2,3236900",94,2019,50.0,1.0,2.0,4.0,2262799,1.0,1,4,1,0.0,,-1.0, -1,1988.0,B01,138Â 205Â 625,2.0,0.0,-1.0,1727249,1.0,33,,0.0,2.0,1.0,B01,138Â 205Â 625,0.0
1011876,201900053407,9,24,16:45,1,2,4,1.0,3.0,94034,WISSOUS (R DE),M,"48,7522000","2,3236900",94,2019,50.0,1.0,2.0,4.0,2262799,1.0,1,4,1,0.0,,-1.0, -1,1988.0,B01,138Â 205Â 625,2.0,0.0,-1.0,1727250,2.0,7,,0.0,2.0,3.0,A01,138Â 205Â 626,0.0
1011877,201900053408,9,23,21:28,4,2,9,1.0,3.0,94011,MOULIN(RUE JEAN),M,"48,7677000","2,4834800",94,2019,50.0,1.0,1.0,4.0,2262800,1.0,1,1,1,0.0,,-1.0,0,1974.0,A01,138Â 205Â 623,8.0,0.0,-1.0,1727251,1.0,7,,0.0,2.0,1.0,A01,138Â 205Â 623,1.0
1011877,201900053408,9,23,21:28,4,2,9,1.0,3.0,94011,MOULIN(RUE JEAN),M,"48,7677000","2,4834800",94,2019,50.0,1.0,1.0,4.0,2262800,1.0,1,1,1,0.0,,-1.0,0,1974.0,A01,138Â 205Â 623,8.0,0.0,-1.0,1727252,1.0,1,,0.0,2.0,7.0,B01,138Â 205Â 624,0.0
1011877,201900053408,9,23,21:28,4,2,9,1.0,3.0,94011,MOULIN(RUE JEAN),M,"48,7677000","2,4834800",94,2019,50.0,1.0,1.0,4.0,2262801,1.0,1,4,1,0.0,,-1.0, -1,1987.0,B01,138Â 205Â 624,2.0,0.0,-1.0,1727251,1.0,7,,0.0,2.0,1.0,A01,138Â 205Â 623,1.0
1011877,201900053408,9,23,21:28,4,2,9,1.0,3.0,94011,MOULIN(RUE JEAN),M,"48,7677000","2,4834800",94,2019,50.0,1.0,1.0,4.0,2262801,1.0,1,4,1,0.0,,-1.0, -1,1987.0,B01,138Â 205Â 624,2.0,0.0,-1.0,1727252,1.0,1,,0.0,2.0,7.0,B01,138Â 205Â 624,0.0
1011878,201900053409,1,1,11:00,1,2,1,1.0,7.0,97302,CATAYEE (JUSTIN),M,"4,9399690"," -52,3307562",973,2019,50.0,1.0,2.0,4.0,2262802,1.0,1,4,1,5.0,,-1.0,0,1992.0,A01,138Â 205Â 634,2.0,0.0,-1.0,1727253,1.0,30,,0.0,0.0,7.0,A01,138Â 205Â 634,1.0
1011879,201900053410,9,23,23:30,5,2,1,1.0,6.0,94017,MARX DORMOY (AV),M,"48,8090560","2,5237240",94,2019,50.0,3.0,1.0,3.0,2262803,1.0,1,2,1,3.0,,0.0,0,1992.0,A01,138Â 205Â 622,2.0,0.0,-1.0,1727254,1.0,30,,8.0,0.0,7.0,A01,138Â 205Â 622,1.0
1011880,201900053411,1,4,09:35,1,2,2,1.0,3.0,69387,TONY GARNIER                        (AV),M,"45,7265400","4,8269200",69,2019,50.0,1.0,1.0,4.0,2262804,1.0,1,4,1,0.0,,-1.0,0,1976.0,B01,138Â 205Â 620,2.0,0.0,-1.0,1727255,2.0,33,,0.0,2.0,1.0,B01,138Â 205Â 620,1.0
1011880,201900053411,1,4,09:35,1,2,2,1.0,3.0,69387,TONY GARNIER                        (AV),M,"45,7265400","4,8269200",69,2019,50.0,1.0,1.0,4.0,2262804,1.0,1,4,1,0.0,,-1.0,0,1976.0,B01,138Â 205Â 620,2.0,0.0,-1.0,1727256,1.0,3,,0.0,2.0,1.0,A01,138Â 205Â 621,1.0
1011880,201900053411,1,4,09:35,1,2,2,1.0,3.0,69387,TONY GARNIER                        (AV),M,"45,7265400","4,8269200",69,2019,50.0,1.0,1.0,4.0,2262805,1.0,1,1,1,9.0,,-1.0,0,1981.0,A01,138Â 205Â 621,1.0,0.0,-1.0,1727255,2.0,33,,0.0,2.0,1.0,B01,138Â 205Â 620,1.0
1011880,201900053411,1,4,09:35,1,2,2,1.0,3.0,69387,TONY GARNIER                        (AV),M,"45,7265400","4,8269200",69,2019,50.0,1.0,1.0,4.0,2262805,1.0,1,1,1,9.0,,-1.0,0,1981.0,A01,138Â 205Â 621,1.0,0.0,-1.0,1727256,1.0,3,,0.0,2.0,1.0,A01,138Â 205Â 621,1.0
1011881,201900053412,9,17,19:00,1,2,3,1.0,3.0,94071,CITE VERTE (R DE LA),M,"48,7715700","2,5249800",94,2019,50.0,1.0,1.0,3.0,2262806,1.0,1,1,1,4.0,,-1.0,0,1979.0,A01,138Â 205Â 618,1.0,0.0,-1.0,1727257,1.0,7,,0.0,2.0,1.0,A01,138Â 205Â 618,1.0
1011881,201900053412,9,17,19:00,1,2,3,1.0,3.0,94071,CITE VERTE (R DE LA),M,"48,7715700","2,5249800",94,2019,50.0,1.0,1.0,3.0,2262806,1.0,1,1,1,4.0,,-1.0,0,1979.0,A01,138Â 205Â 618,1.0,0.0,-1.0,1727258,2.0,7,,0.0,2.0,8.0,B01,138Â 205Â 619,1.0
1011881,201900053412,9,17,19:00,1,2,3,1.0,3.0,94071,CITE VERTE (R DE LA),M,"48,7715700","2,5249800",94,2019,50.0,1.0,1.0,3.0,2262807,4.0,2,4,1,2.0,,-1.0,0,2012.0,B01,138Â 205Â 619,1.0,0.0,-1.0,1727257,1.0,7,,0.0,2.0,1.0,A01,138Â 205Â 618,1.0
1011881,201900053412,9,17,19:00,1,2,3,1.0,3.0,94071,CITE VERTE (R DE LA),M,"48,7715700","2,5249800",94,2019,50.0,1.0,1.0,3.0,2262807,4.0,2,4,1,2.0,,-1.0,0,2012.0,B01,138Â 205Â 619,1.0,0.0,-1.0,1727258,2.0,7,,0.0,2.0,8.0,B01,138Â 205Â 619,1.0
1011881,201900053412,9,17,19:00,1,2,3,1.0,3.0,94071,CITE VERTE (R DE LA),M,"48,7715700","2,5249800",94,2019,50.0,1.0,1.0,3.0,2262808,1.0,1,1,2,2.0,,-1.0, -1,1974.0,B01,138Â 205Â 619,1.0,0.0,-1.0,1727257,1.0,7,,0.0,2.0,1.0,A01,138Â 205Â 618,1.0
1011881,201900053412,9,17,19:00,1,2,3,1.0,3.0,94071,CITE VERTE (R DE LA),M,"48,7715700","2,5249800",94,2019,50.0,1.0,1.0,3.0,2262808,1.0,1,1,2,2.0,,-1.0, -1,1974.0,B01,138Â 205Â 619,1.0,0.0,-1.0,1727258,2.0,7,,0.0,2.0,8.0,B01,138Â 205Â 619,1.0
1011882,201900053413,1,3,15:25,1,2,1,1.0,5.0,69383,RICHARD VITTON                      (CO),M,"45,7532200","4,8935900",69,2019,50.0,1.0,1.0,4.0,2262809,1.0,1,4,1,5.0,,-1.0,0,1983.0,B01,138Â 205Â 614,1.0,8.0,-1.0,1727259,1.0,7,,0.0,2.0,4.0,B01,138Â 205Â 614,1.0
1011882,201900053413,1,3,15:25,1,2,1,1.0,5.0,69383,RICHARD VITTON                      (CO),M,"45,7532200","4,8935900",69,2019,50.0,1.0,1.0,4.0,2262809,1.0,1,4,1,5.0,,-1.0,0,1983.0,B01,138Â 205Â 614,1.0,8.0,-1.0,1727260,1.0,7,,0.0,2.0,4.0,C01,138Â 205Â 616,1.0
1011882,201900053413,1,3,15:25,1,2,1,1.0,5.0,69383,RICHARD VITTON                      (CO),M,"45,7532200","4,8935900",69,2019,50.0,1.0,1.0,4.0,2262809,1.0,1,4,1,5.0,,-1.0,0,1983.0,B01,138Â 205Â 614,1.0,8.0,-1.0,1727261,1.0,7,,0.0,2.0,1.0,A01,138Â 205Â 617,1.0
1011882,201900053413,1,3,15:25,1,2,1,1.0,5.0,69383,RICHARD VITTON                      (CO),M,"45,7532200","4,8935900",69,2019,50.0,1.0,1.0,4.0,2262810,1.0,1,1,1,5.0,,-1.0,0,1963.0,C01,138Â 205Â 616,1.0,8.0,-1.0,1727259,1.0,7,,0.0,2.0,4.0,B01,138Â 205Â 614,1.0
1011882,201900053413,1,3,15:25,1,2,1,1.0,5.0,69383,RICHARD VITTON                      (CO),M,"45,7532200","4,8935900",69,2019,50.0,1.0,1.0,4.0,2262810,1.0,1,1,1,5.0,,-1.0,0,1963.0,C01,138Â 205Â 616,1.0,8.0,-1.0,1727260,1.0,7,,0.0,2.0,4.0,C01,138Â 205Â 616,1.0
1011882,201900053413,1,3,15:25,1,2,1,1.0,5.0,69383,RICHARD VITTON                      (CO),M,"45,7532200","4,8935900",69,2019,50.0,1.0,1.0,4.0,2262810,1.0,1,1,1,5.0,,-1.0,0,1963.0,C01,138Â 205Â 616,1.0,8.0,-1.0,1727261,1.0,7,,0.0,2.0,1.0,A01,138Â 205Â 617,1.0
1011882,201900053413,1,3,15:25,1,2,1,1.0,5.0,69383,RICHARD VITTON                      (CO),M,"45,7532200","4,8935900",69,2019,50.0,1.0,1.0,4.0,2262811,1.0,1,1,1,5.0,,-1.0,0,1932.0,A01,138Â 205Â 617,1.0,8.0,-1.0,1727259,1.0,7,,0.0,2.0,4.0,B01,138Â 205Â 614,1.0
1011882,201900053413,1,3,15:25,1,2,1,1.0,5.0,69383,RICHARD VITTON                      (CO),M,"45,7532200","4,8935900",69,2019,50.0,1.0,1.0,4.0,2262811,1.0,1,1,1,5.0,,-1.0,0,1932.0,A01,138Â 205Â 617,1.0,8.0,-1.0,1727260,1.0,7,,0.0,2.0,4.0,C01,138Â 205Â 616,1.0
1011882,201900053413,1,3,15:25,1,2,1,1.0,5.0,69383,RICHARD VITTON                      (CO),M,"45,7532200","4,8935900",69,2019,50.0,1.0,1.0,4.0,2262811,1.0,1,1,1,5.0,,-1.0,0,1932.0,A01,138Â 205Â 617,1.0,8.0,-1.0,1727261,1.0,7,,0.0,2.0,1.0,A01,138Â 205Â 617,1.0