Unnamed: 0_x,num_acc,mois,jour,hrmn,lum,agg,int,atm,col,com,adr,gps,lat,long,dep,annee,vma,situ,surf,catr,Unnamed: 0_y,place,catu,grav,sexe,trajet,secu,locp,actp,an_nais,num_veh_x,id_vehicule_x,secu1,secu2,secu3,Unnamed: 0,senc,catv,occutc,obs,obsm,choc,num_veh_y,id_vehicule_y,motor
1011883,201900053414,9,24,18:55,1,2,2,3.0,3.0,93078,CLEMENCEAU (AVENUE GEORGES),M,"48,9581690","2,5583750",93,2019,50.0,1.0,2.0,3.0,2262812,1.0,1,4,2,1.0,,-1.0, -1,1959.0,B01,138Â 205Â 613,1.0,5.0,-1.0,1727262,1.0,7,,0.0,2.0,6.0,B01,138Â 205Â 613,1.0
1011883,201900053414,9,24,18:55,1,2,2,3.0,3.0,93078,CLEMENCEAU (AVENUE GEORGES),M,"48,9581690","2,5583750",93,2019,50.0,1.0,2.0,3.0,2262812,1.0,1,4,2,1.0,,-1.0, -1,1959.0,B01,138Â 205Â 613,1.0,5.0,-1.0,1727263,3.0,7,,0.0,2.0,1.0,A01,138Â 205Â 615,1.0
1011883,201900053414,9,24,18:55,1,2,2,3.0,3.0,93078,CLEMENCEAU (AVENUE GEORGES),M,"48,9581690","2,5583750",93,2019,50.0,1.0,2.0,3.0,2262813,1.0,1,1,1,0.0,,-1.0, -1,1960.0,A01,138Â 205Â 615,1.0,0.0,-1.0,1727262,1.0,7,,0.0,2.0,6.0,B01,138Â 205Â 613,1.0
1011883,201900053414,9,24,18:55,1,2,2,3.0,3.0,93078,CLEMENCEAU (AVENUE GEORGES),M,"48,9581690","2,5583750",93,2019,50.0,1.0,2.0,3.0,2262813,1.0,1,1,1,0.0,,-1.0, -1,1960.0,A01,138Â 205Â 615,1.0,0.0,-1.0,1727263,3.0,7,,0.0,2.0,1.0,A01,138Â 205Â 615,1.0
1011884,201900053415,1,3,13:15,1,2,1,1.0,1.0,69388,JEAN SARRAZIN                       (R ),M,"45,7300700","4,8629500",69,2019,50.0,1.0,1.0,4.0,2262814,1.0,1,4,1,4.0,,-1.0,0,1997.0,B01,138Â 205Â 611,2.0,0.0,-1.0,1727264,2.0,2,,0.0,2.0,1.0,B01,138Â 205Â 611,1.0
1011884,201900053415,1,3,13:15,1,2,1,1.0,1.0,69388,JEAN SARRAZIN                       (R ),M,"45,7300700","4,8629500",69,2019,50.0,1.0,1.0,4.0,2262814,1.0,1,4,1,4.0,,-1.0,0,1997.0,B01,138Â 205Â 611,2.0,0.0,-1.0,1727265,1.0,10,,0.0,2.0,1.0,A01,138Â 205Â 612,1.0
1011884,201900053415,1,3,13:15,1,2,1,1.0,1.0,69388,JEAN SARRAZIN                       (R ),M,"45,7300700","4,8629500",69,2019,50.0,1.0,1.0,4.0,2262815,1.0,1,1,1,4.0,,-1.0,0,1986.0,A01,138Â 205Â 612,1.0,0.0,-1.0,1727264,2.0,2,,0.0,2.0,1.0,B01,138Â 205Â 611,1.0
1011884,201900053415,1,3,13:15,1,2,1,1.0,1.0,69388,JEAN SARRAZIN                       (R ),M,"45,7300700","4,8629500",69,2019,50.0,1.0,1.0,4.0,2262815,1.0,1,1,1,4.0,,-1.0,0,1986.0,A01,138Â 205Â 612,1.0,0.0,-1.0,1727265,1.0,10,,0.0,2.0,1.0,A01,138Â 205Â 612,1.0
1011885,201900053416,1,2,14:45,1,2,1,1.0,2.0,69383,FELIX FAURE                         (AV),M,"45,7549200","4,8704200",69,2019,50.0,1.0,1.0,4.0,2262816,1.0,1,4,1,0.0,,-1.0,0,1954.0,B01,138Â 205Â 608,1.0,0.0,-1.0,1727266,1.0,7,,0.0,2.0,4.0,B01,138Â 205Â 608,1.0
1011885,201900053416,1,2,14:45,1,2,1,1.0,2.0,69383,FELIX FAURE                         (AV),M,"45,7549200","4,8704200",69,2019,50.0,1.0,1.0,4.0,2262816,1.0,1,4,1,0.0,,-1.0,0,1954.0,B01,138Â 205Â 608,1.0,0.0,-1.0,1727267,1.0,7,,0.0,2.0,1.0,A01,138Â 205Â 609,1.0
1011885,201900053416,1,2,14:45,1,2,1,1.0,2.0,69383,FELIX FAURE                         (AV),M,"45,7549200","4,8704200",69,2019,50.0,1.0,1.0,4.0,2262817,1.0,1,1,2,5.0,,0.0,0,1983.0,A01,138Â 205Â 609,1.0,0.0,-1.0,1727266,1.0,7,,0.0,2.0,4.0,B01,138Â 205Â 608,1.0
1011885,201900053416,1,2,14:45,1,2,1,1.0,2.0,69383,FELIX FAURE                         (AV),M,"45,7549200","4,8704200",69,2019,50.0,1.0,1.0,4.0,2262817,1.0,1,1,2,5.0,,0.0,0,1983.0,A01,138Â 205Â 609,1.0,0.0,-1.0,1727267,1.0,7,,0.0,2.0,1.0,A01,138Â 205Â 609,1.0
1011886,201900053417,1,2,14:30,1,2,1,1.0,6.0,69383,CHATEAU (DU)                        (AV),M,"45,7487290","4,8842200",69,2019,50.0,1.0,1.0,4.0,2262818,1.0,1,1,2,3.0,,-1.0,0,1942.0,A01,138Â 205Â 607,1.0,0.0,-1.0,1727268,1.0,7,,1.0,0.0,1.0,A01,138Â 205Â 607,1.0
1011886,201900053417,1,2,14:30,1,2,1,1.0,6.0,69383,CHATEAU (DU)                        (AV),M,"45,7487290","4,8842200",69,2019,50.0,1.0,1.0,4.0,2262819,2.0,2,4,2,0.0,,-1.0,0,1946.0,A01,138Â 205Â 607,1.0,0.0,-1.0,1727268,1.0,7,,1.0,0.0,1.0,A01,138Â 205Â 607,1.0
1011887,201900053418,1,2,08:45,1,2,2,8.0,3.0,69383,DUGUESCLIN                          (R ),M,"45,7548800","4,8498800",69,2019,50.0,1.0,1.0,4.0,2262820,1.0,1,4,2,4.0,,-1.0,0,1994.0,B01,138Â 205Â 605,8.0,0.0,-1.0,1727269,1.0,1,,0.0,2.0,0.0,B01,138Â 205Â 605,0.0
1011887,201900053418,1,2,08:45,1,2,2,8.0,3.0,69383,DUGUESCLIN                          (R ),M,"45,7548800","4,8498800",69,2019,50.0,1.0,1.0,4.0,2262820,1.0,1,4,2,4.0,,-1.0,0,1994.0,B01,138Â 205Â 605,8.0,0.0,-1.0,1727270,1.0,7,,0.0,2.0,1.0,A01,138Â 205Â 606,0.0
1011887,201900053418,1,2,08:45,1,2,2,8.0,3.0,69383,DUGUESCLIN                          (R ),M,"45,7548800","4,8498800",69,2019,50.0,1.0,1.0,4.0,2262821,1.0,1,1,1,1.0,,-1.0,0,1986.0,A01,138Â 205Â 606,1.0,0.0,-1.0,1727269,1.0,1,,0.0,2.0,0.0,B01,138Â 205Â 605,0.0
1011887,201900053418,1,2,08:45,1,2,2,8.0,3.0,69383,DUGUESCLIN                          (R ),M,"45,7548800","4,8498800",69,2019,50.0,1.0,1.0,4.0,2262821,1.0,1,1,1,1.0,,-1.0,0,1986.0,A01,138Â 205Â 606,1.0,0.0,-1.0,1727270,1.0,7,,0.0,2.0,1.0,A01,138Â 205Â 606,0.0
1011888,201900053419,9,24,15:30,5,2,3,2.0,3.0,93073,CHAPIT RE ( RUE DU),M,"49,0035920","2,5367900",93,2019,5.0,1.0,2.0,6.0,2262822,1.0,1,1,1,0.0,,-1.0, -1,1965.0,B01,138Â 205Â 604,8.0,0.0,-1.0,1727271,0.0,7,,0.0,2.0,8.0,B01,138Â 205Â 604,1.0
1011888,201900053419,9,24,15:30,5,2,3,2.0,3.0,93073,CHAPIT RE ( RUE DU),M,"49,0035920","2,5367900",93,2019,5.0,1.0,2.0,6.0,2262822,1.0,1,1,1,0.0,,-1.0, -1,1965.0,B01,138Â 205Â 604,8.0,0.0,-1.0,1727272,0.0,7,,0.0,2.0,1.0,A01,138Â 205Â 610,1.0
1011888,201900053419,9,24,15:30,5,2,3,2.0,3.0,93073,CHAPIT RE ( RUE DU),M,"49,0035920","2,5367900",93,2019,5.0,1.0,2.0,6.0,2262823,3.0,2,1,2,0.0,,-1.0, -1,1982.0,B01,138Â 205Â 604,8.0,0.0,-1.0,1727271,0.0,7,,0.0,2.0,8.0,B01,138Â 205Â 604,1.0
1011888,201900053419,9,24,15:30,5,2,3,2.0,3.0,93073,CHAPIT RE ( RUE DU),M,"49,0035920","2,5367900",93,2019,5.0,1.0,2.0,6.0,2262823,3.0,2,1,2,0.0,,-1.0, -1,1982.0,B01,138Â 205Â 604,8.0,0.0,-1.0,1727272,0.0,7,,0.0,2.0,1.0,A01,138Â 205Â 610,1.0
1011888,201900053419,9,24,15:30,5,2,3,2.0,3.0,93073,CHAPIT RE ( RUE DU),M,"49,0035920","2,5367900",93,2019,5.0,1.0,2.0,6.0,2262824,3.0,2,4,2,0.0,,-1.0, -1,2019.0,B01,138Â 205Â 604,8.0,0.0,-1.0,1727271,0.0,7,,0.0,2.0,8.0,B01,138Â 205Â 604,1.0
1011888,201900053419,9,24,15:30,5,2,3,2.0,3.0,93073,CHAPIT RE ( RUE DU),M,"49,0035920","2,5367900",93,2019,5.0,1.0,2.0,6.0,2262824,3.0,2,4,2,0.0,,-1.0, -1,2019.0,B01,138Â 205Â 604,8.0,0.0,-1.0,1727272,0.0,7,,0.0,2.0,1.0,A01,138Â 205Â 610,1.0
1011888,201900053419,9,24,15:30,5,2,3,2.0,3.0,93073,CHAPIT RE ( RUE DU),M,"49,0035920","2,5367900",93,2019,5.0,1.0,2.0,6.0,2262825,1.0,1,1,1,5.0,,-1.0, -1,1995.0,A01,138Â 205Â 610,8.0,0.0,-1.0,1727271,0.0,7,,0.0,2.0,8.0,B01,138Â 205Â 604,1.0
1011888,201900053419,9,24,15:30,5,2,3,2.0,3.0,93073,CHAPIT RE ( RUE DU),M,"49,0035920","2,5367900",93,2019,5.0,1.0,2.0,6.0,2262825,1.0,1,1,1,5.0,,-1.0, -1,1995.0,A01,138Â 205Â 610,8.0,0.0,-1.0,1727272,0.0,7,,0.0,2.0,1.0,A01,138Â 205Â 610,1.0
1011889,201900053420,1,1,05:40,5,2,9,1.0,3.0,69387,JEAN JAURES                         (AV),M,"45,7278000","4,8315400",69,2019,50.0,1.0,1.0,4.0,2262826,1.0,1,4,1,1.0,,-1.0,0,1996.0,A01,138Â 205Â 602,1.0,0.0,-1.0,1727273,2.0,7,,0.0,2.0,2.0,A01,138Â 205Â 602,1.0
1011889,201900053420,1,1,05:40,5,2,9,1.0,3.0,69387,JEAN JAURES                         (AV),M,"45,7278000","4,8315400",69,2019,50.0,1.0,1.0,4.0,2262826,1.0,1,4,1,1.0,,-1.0,0,1996.0,A01,138Â 205Â 602,1.0,0.0,-1.0,1727274,2.0,7,,0.0,2.0,1.0,B01,138Â 205Â 603,1.0
1011889,201900053420,1,1,05:40,5,2,9,1.0,3.0,69387,JEAN JAURES                         (AV),M,"45,7278000","4,8315400",69,2019,50.0,1.0,1.0,4.0,2262827,1.0,1,1,1,0.0,,0.0,0,1994.0,B01,138Â 205Â 603,8.0,0.0,-1.0,1727273,2.0,7,,0.0,2.0,2.0,A01,138Â 205Â 602,1.0
1011889,201900053420,1,1,05:40,5,2,9,1.0,3.0,69387,JEAN JAURES                         (AV),M,"45,7278000","4,8315400",69,2019,50.0,1.0,1.0,4.0,2262827,1.0,1,1,1,0.0,,0.0,0,1994.0,B01,138Â 205Â 603,8.0,0.0,-1.0,1727274,2.0,7,,0.0,2.0,1.0,B01,138Â 205Â 603,1.0
1011890,201900053421,9,23,14:10,1,2,1,1.0,6.0,93070,CHARLES SCHMIDT(RUE) : DU 1 AU 47,M,"48,9061100","2,3321900",93,2019,50.0,1.0,1.0,4.0,2262828,1.0,1,1,2,4.0,,-1.0, -1,1945.0,A01,138Â 205Â 600,1.0,8.0,-1.0,1727275,3.0,7,,0.0,1.0,2.0,A01,138Â 205Â 600,1.0
1011890,201900053421,9,23,14:10,1,2,1,1.0,6.0,93070,CHARLES SCHMIDT(RUE) : DU 1 AU 47,M,"48,9061100","2,3321900",93,2019,50.0,1.0,1.0,4.0,2262829,10.0,3,4,1,0.0,,2.0,3,2008.0,A01,138Â 205Â 600,8.0,0.0,-1.0,1727275,3.0,7,,0.0,1.0,2.0,A01,138Â 205Â 600,1.0
1011891,201900053422,1,1,01:30,5,2,3,2.0,2.0,69259,PIERRE SEMARD                       (AV),M,"45,7072900","4,8768900",69,2019,50.0,1.0,2.0,4.0,2262830,2.0,2,4,2,5.0,,-1.0, -1,1999.0,A01,138Â 205Â 598,8.0,0.0,-1.0,1727276,1.0,7,,0.0,2.0,1.0,A01,138Â 205Â 598,1.0
1011891,201900053422,1,1,01:30,5,2,3,2.0,2.0,69259,PIERRE SEMARD                       (AV),M,"45,7072900","4,8768900",69,2019,50.0,1.0,2.0,4.0,2262830,2.0,2,4,2,5.0,,-1.0, -1,1999.0,A01,138Â 205Â 598,8.0,0.0,-1.0,1727277,1.0,7,,0.0,2.0,4.0,B01,138Â 205Â 599,1.0
1011891,201900053422,1,1,01:30,5,2,3,2.0,2.0,69259,PIERRE SEMARD                       (AV),M,"45,7072900","4,8768900",69,2019,50.0,1.0,2.0,4.0,2262831,1.0,1,1,1,5.0,,-1.0, -1,1996.0,A01,138Â 205Â 598,8.0,5.0,-1.0,1727276,1.0,7,,0.0,2.0,1.0,A01,138Â 205Â 598,1.0
1011891,201900053422,1,1,01:30,5,2,3,2.0,2.0,69259,PIERRE SEMARD                       (AV),M,"45,7072900","4,8768900",69,2019,50.0,1.0,2.0,4.0,2262831,1.0,1,1,1,5.0,,-1.0, -1,1996.0,A01,138Â 205Â 598,8.0,5.0,-1.0,1727277,1.0,7,,0.0,2.0,4.0,B01,138Â 205Â 599,1.0
1011891,201900053422,1,1,01:30,5,2,3,2.0,2.0,69259,PIERRE SEMARD                       (AV),M,"45,7072900","4,8768900",69,2019,50.0,1.0,2.0,4.0,2262832,4.0,2,4,2,5.0,,-1.0,0,1996.0,A01,138Â 205Â 598,8.0,0.0,-1.0,1727276,1.0,7,,0.0,2.0,1.0,A01,138Â 205Â 598,1.0
1011891,201900053422,1,1,01:30,5,2,3,2.0,2.0,69259,PIERRE SEMARD                       (AV),M,"45,7072900","4,8768900",69,2019,50.0,1.0,2.0,4.0,2262832,4.0,2,4,2,5.0,,-1.0,0,1996.0,A01,138Â 205Â 598,8.0,0.0,-1.0,1727277,1.0,7,,0.0,2.0,4.0,B01,138Â 205Â 599,1.0
1011891,201900053422,1,1,01:30,5,2,3,2.0,2.0,69259,PIERRE SEMARD                       (AV),M,"45,7072900","4,8768900",69,2019,50.0,1.0,2.0,4.0,2262833,1.0,1,1,1,5.0,,-1.0,0,1995.0,B01,138Â 205Â 599,1.0,0.0,-1.0,1727276,1.0,7,,0.0,2.0,1.0,A01,138Â 205Â 598,1.0
1011891,201900053422,1,1,01:30,5,2,3,2.0,2.0,69259,PIERRE SEMARD                       (AV),M,"45,7072900","4,8768900",69,2019,50.0,1.0,2.0,4.0,2262833,1.0,1,1,1,5.0,,-1.0,0,1995.0,B01,138Â 205Â 599,1.0,0.0,-1.0,1727277,1.0,7,,0.0,2.0,4.0,B01,138Â 205Â 599,1.0
1011892,201900053423,1,4,19:14,3,1,1,1.0,2.0,97213,AUTOROUTE A1,M,"14,6184500"," -61,0258100",972,2019,90.0,1.0,1.0,1.0,2262834,1.0,1,1,2,0.0,,-1.0,0,1964.0,B01,138Â 205Â 593,1.0,8.0,-1.0,1727278,2.0,7,,0.0,2.0,4.0,B01,138Â 205Â 593,1.0
1011892,201900053423,1,4,19:14,3,1,1,1.0,2.0,97213,AUTOROUTE A1,M,"14,6184500"," -61,0258100",972,2019,90.0,1.0,1.0,1.0,2262834,1.0,1,1,2,0.0,,-1.0,0,1964.0,B01,138Â 205Â 593,1.0,8.0,-1.0,1727279,2.0,7,,0.0,2.0,1.0,A01,138Â 205Â 595,1.0
1011892,201900053423,1,4,19:14,3,1,1,1.0,2.0,97213,AUTOROUTE A1,M,"14,6184500"," -61,0258100",972,2019,90.0,1.0,1.0,1.0,2262835,1.0,1,4,1,0.0,,-1.0,0,1996.0,A01,138Â 205Â 595,1.0,9.0,9.0,1727278,2.0,7,,0.0,2.0,4.0,B01,138Â 205Â 593,1.0
1011892,201900053423,1,4,19:14,3,1,1,1.0,2.0,97213,AUTOROUTE A1,M,"14,6184500"," -61,0258100",972,2019,90.0,1.0,1.0,1.0,2262835,1.0,1,4,1,0.0,,-1.0,0,1996.0,A01,138Â 205Â 595,1.0,9.0,9.0,1727279,2.0,7,,0.0,2.0,1.0,A01,138Â 205Â 595,1.0
1011893,201900053424,9,24,14:30,1,2,1,2.0,4.0,93066,VAILLANT COUTURIER PAUL (AV) NR 2 A 110,M,"48,9320900","2,3650000",93,2019,50.0,1.0,2.0,3.0,2262836,1.0,1,1,2,5.0,,-1.0, -1,1962.0,C01,138Â 205Â 594,1.0,0.0,-1.0,1727280,2.0,7,,0.0,2.0,4.0,C01,138Â 205Â 594,1.0
1011893,201900053424,9,24,14:30,1,2,1,2.0,4.0,93066,VAILLANT COUTURIER PAUL (AV) NR 2 A 110,M,"48,9320900","2,3650000",93,2019,50.0,1.0,2.0,3.0,2262836,1.0,1,1,2,5.0,,-1.0, -1,1962.0,C01,138Â 205Â 594,1.0,0.0,-1.0,1727281,2.0,7,,0.0,2.0,4.0,B01,138Â 205Â 596,1.0
1011893,201900053424,9,24,14:30,1,2,1,2.0,4.0,93066,VAILLANT COUTURIER PAUL (AV) NR 2 A 110,M,"48,9320900","2,3650000",93,2019,50.0,1.0,2.0,3.0,2262836,1.0,1,1,2,5.0,,-1.0, -1,1962.0,C01,138Â 205Â 594,1.0,0.0,-1.0,1727282,2.0,7,,0.0,2.0,1.0,A01,138Â 205Â 597,1.0
1011893,201900053424,9,24,14:30,1,2,1,2.0,4.0,93066,VAILLANT COUTURIER PAUL (AV) NR 2 A 110,M,"48,9320900","2,3650000",93,2019,50.0,1.0,2.0,3.0,2262837,2.0,2,1,2,5.0,,-1.0, -1,1962.0,C01,138Â 205Â 594,1.0,0.0,-1.0,1727280,2.0,7,,0.0,2.0,4.0,C01,138Â 205Â 594,1.0
1011893,201900053424,9,24,14:30,1,2,1,2.0,4.0,93066,VAILLANT COUTURIER PAUL (AV) NR 2 A 110,M,"48,9320900","2,3650000",93,2019,50.0,1.0,2.0,3.0,2262837,2.0,2,1,2,5.0,,-1.0, -1,1962.0,C01,138Â 205Â 594,1.0,0.0,-1.0,1727281,2.0,7,,0.0,2.0,4.0,B01,138Â 205Â 596,1.0
1011893,201900053424,9,24,14:30,1,2,1,2.0,4.0,93066,VAILLANT COUTURIER PAUL (AV) NR 2 A 110,M,"48,9320900","2,3650000",93,2019,50.0,1.0,2.0,3.0,2262837,2.0,2,1,2,5.0,,-1.0, -1,1962.0,C01,138Â 205Â 594,1.0,0.0,-1.0,1727282,2.0,7,,0.0,2.0,1.0,A01,138Â 205Â 597,1.0
1011893,201900053424,9,24,14:30,1,2,1,2.0,4.0,93066,VAILLANT COUTURIER PAUL (AV) NR 2 A 110,M,"48,9320900","2,3650000",93,2019,50.0,1.0,2.0,3.0,2262838,2.0,2,4,2,5.0,,-1.0, -1,1962.0,B01,138Â 205Â 596,1.0,0.0,-1.0,1727280,2.0,7,,0.0,2.0,4.0,C01,138Â 205Â 594,1.0
1011893,201900053424,9,24,14:30,1,2,1,2.0,4.0,93066,VAILLANT COUTURIER PAUL (AV) NR 2 A 110,M,"48,9320900","2,3650000",93,2019,50.0,1.0,2.0,3.0,2262838,2.0,2,4,2,5.0,,-1.0, -1,1962.0,B01,138Â 205Â 596,1.0,0.0,-1.0,1727281,2.0,7,,0.0,2.0,4.0,B01,138Â 205Â 596,1.0
1011893,201900053424,9,24,14:30,1,2,1,2.0,4.0,93066,VAILLANT COUTURIER PAUL (AV) NR 2 A 110,M,"48,9320900","2,3650000",93,2019,50.0,1.0,2.0,3.0,2262838,2.0,2,4,2,5.0,,-1.0, -1,1962.0,B01,138Â 205Â 596,1.0,0.0,-1.0,1727282,2.0,7,,0.0,2.0,1.0,A01,138Â 205Â 597,1.0
1011893,201900053424,9,24,14:30,1,2,1,2.0,4.0,93066,VAILLANT COUTURIER PAUL (AV) NR 2 A 110,M,"48,9320900","2,3650000",93,2019,50.0,1.0,2.0,3.0,2262839,1.0,1,1,2,5.0,,-1.0, -1,1994.0,B01,138Â 205Â 596,1.0,0.0,-1.0,1727280,2.0,7,,0.0,2.0,4.0,C01,138Â 205Â 594,1.0
1011893,201900053424,9,24,14:30,1,2,1,2.0,4.0,93066,VAILLANT COUTURIER PAUL (AV) NR 2 A 110,M,"48,9320900","2,3650000",93,2019,50.0,1.0,2.0,3.0,2262839,1.0,1,1,2,5.0,,-1.0, -1,1994.0,B01,138Â 205Â 596,1.0,0.0,-1.0,1727281,2.0,7,,0.0,2.0,4.0,B01,138Â 205Â 596,1.0
1011893,201900053424,9,24,14:30,1,2,1,2.0,4.0,93066,VAILLANT COUTURIER PAUL (AV) NR 2 A 110,M,"48,9320900","2,3650000",93,2019,50.0,1.0,2.0,3.0,2262839,1.0,1,1,2,5.0,,-1.0, -1,1994.0,B01,138Â 205Â 596,1.0,0.0,-1.0,1727282,2.0,7,,0.0,2.0,1.0,A01,138Â 205Â 597,1.0
1011893,201900053424,9,24,14:30,1,2,1,2.0,4.0,93066,VAILLANT COUTURIER PAUL (AV) NR 2 A 110,M,"48,9320900","2,3650000",93,2019,50.0,1.0,2.0,3.0,2262840,1.0,1,1,1,9.0,,-1.0, -1,1996.0,A01,138Â 205Â 597,1.0,0.0,-1.0,1727280,2.0,7,,0.0,2.0,4.0,C01,138Â 205Â 594,1.0
1011893,201900053424,9,24,14:30,1,2,1,2.0,4.0,93066,VAILLANT COUTURIER PAUL (AV) NR 2 A 110,M,"48,9320900","2,3650000",93,2019,50.0,1.0,2.0,3.0,2262840,1.0,1,1,1,9.0,,-1.0, -1,1996.0,A01,138Â 205Â 597,1.0,0.0,-1.0,1727281,2.0,7,,0.0,2.0,4.0,B01,138Â 205Â 596,1.0
1011893,201900053424,9,24,14:30,1,2,1,2.0,4.0,93066,VAILLANT COUTURIER PAUL (AV) NR 2 A 110,M,"48,9320900","2,3650000",93,2019,50.0,1.0,2.0,3.0,2262840,1.0,1,1,1,9.0,,-1.0, -1,1996.0,A01,138Â 205Â 597,1.0,0.0,-1.0,1727282,2.0,7,,0.0,2.0,1.0,A01,138Â 205Â 597,1.0
1011894,201900053425,9,23,18:40,2,2,3,1.0,6.0,93055,EDOUARD VAILLANT DU 64/130,M,"48,9025500","2,3929200",93,2019,50.0,1.0,1.0,3.0,2262841,10.0,3,4,2,9.0,,5.0,9,2016.0,B01,138Â 205Â 590,8.0,0.0,-1.0,1727283,1.0,2,,0.0,1.0,0.0,B01,138Â 205Â 590,0.0
1011894,201900053425,9,23,18:40,2,2,3,1.0,6.0,93055,EDOUARD VAILLANT DU 64/130,M,"48,9025500","2,3929200",93,2019,50.0,1.0,1.0,3.0,2262842,1.0,1,1,1,5.0,,0.0,0,2000.0,B01,138Â 205Â 590,8.0,0.0,-1.0,1727283,1.0,2,,0.0,1.0,0.0,B01,138Â 205Â 590,0.0
1011895,201900053426,10,27,13:10,1,2,3,1.0,3.0,35238,PAYS-BAS (AVENUE DES),M,"48,0835000"," -1,6609100",35,2019,50.0,1.0,1.0,4.0,2262843,2.0,2,4,2,5.0,,-1.0,0,1985.0,A01,138Â 205Â 589,1.0,0.0,-1.0,1727284,1.0,7,,0.0,2.0,3.0,A01,138Â 205Â 589,1.0
1011895,201900053426,10,27,13:10,1,2,3,1.0,3.0,35238,PAYS-BAS (AVENUE DES),M,"48,0835000"," -1,6609100",35,2019,50.0,1.0,1.0,4.0,2262843,2.0,2,4,2,5.0,,-1.0,0,1985.0,A01,138Â 205Â 589,1.0,0.0,-1.0,1727285,1.0,7,,0.0,2.0,2.0,B01,138Â 205Â 591,1.0
1011895,201900053426,10,27,13:10,1,2,3,1.0,3.0,35238,PAYS-BAS (AVENUE DES),M,"48,0835000"," -1,6609100",35,2019,50.0,1.0,1.0,4.0,2262844,1.0,1,4,1,5.0,,-1.0,0,1984.0,A01,138Â 205Â 589,1.0,0.0,-1.0,1727284,1.0,7,,0.0,2.0,3.0,A01,138Â 205Â 589,1.0
1011895,201900053426,10,27,13:10,1,2,3,1.0,3.0,35238,PAYS-BAS (AVENUE DES),M,"48,0835000"," -1,6609100",35,2019,50.0,1.0,1.0,4.0,2262844,1.0,1,4,1,5.0,,-1.0,0,1984.0,A01,138Â 205Â 589,1.0,0.0,-1.0,1727285,1.0,7,,0.0,2.0,2.0,B01,138Â 205Â 591,1.0
1011895,201900053426,10,27,13:10,1,2,3,1.0,3.0,35238,PAYS-BAS (AVENUE DES),M,"48,0835000"," -1,6609100",35,2019,50.0,1.0,1.0,4.0,2262845,1.0,1,4,1,5.0,,-1.0, -1,1966.0,B01,138Â 205Â 591,1.0,0.0,-1.0,1727284,1.0,7,,0.0,2.0,3.0,A01,138Â 205Â 589,1.0
1011895,201900053426,10,27,13:10,1,2,3,1.0,3.0,35238,PAYS-BAS (AVENUE DES),M,"48,0835000"," -1,6609100",35,2019,50.0,1.0,1.0,4.0,2262845,1.0,1,4,1,5.0,,-1.0, -1,1966.0,B01,138Â 205Â 591,1.0,0.0,-1.0,1727285,1.0,7,,0.0,2.0,2.0,B01,138Â 205Â 591,1.0
1011896,201900053427,9,24,16:25,1,2,1,8.0,1.0,93046,POSTES CHEMIN DES,M,"48,9166970","2,5423917",93,2019,50.0,1.0,2.0,4.0,2262846,1.0,1,3,2,1.0,,0.0,0,1992.0,B01,138Â 205Â 587,1.0,8.0,-1.0,1727286,3.0,7,,0.0,2.0,1.0,B01,138Â 205Â 587,6.0
1011896,201900053427,9,24,16:25,1,2,1,8.0,1.0,93046,POSTES CHEMIN DES,M,"48,9166970","2,5423917",93,2019,50.0,1.0,2.0,4.0,2262846,1.0,1,3,2,1.0,,0.0,0,1992.0,B01,138Â 205Â 587,1.0,8.0,-1.0,1727287,3.0,7,,0.0,2.0,1.0,A01,138Â 205Â 588,6.0
1011896,201900053427,9,24,16:25,1,2,1,8.0,1.0,93046,POSTES CHEMIN DES,M,"48,9166970","2,5423917",93,2019,50.0,1.0,2.0,4.0,2262847,1.0,1,3,2,2.0,,0.0,0,1984.0,A01,138Â 205Â 588,1.0,8.0,-1.0,1727286,3.0,7,,0.0,2.0,1.0,B01,138Â 205Â 587,6.0
1011896,201900053427,9,24,16:25,1,2,1,8.0,1.0,93046,POSTES CHEMIN DES,M,"48,9166970","2,5423917",93,2019,50.0,1.0,2.0,4.0,2262847,1.0,1,3,2,2.0,,0.0,0,1984.0,A01,138Â 205Â 588,1.0,8.0,-1.0,1727287,3.0,7,,0.0,2.0,1.0,A01,138Â 205Â 588,6.0
1011897,201900053428,1,4,17:00,1,2,1,1.0,6.0,97209,BISHOP (Avenue Maurice),M,"14,6116000"," -61,0533000",972,2019,50.0,1.0,1.0,6.0,2262848,10.0,3,4,2,3.0,,9.0,1,1978.0,A01,138Â 205Â 592,8.0,0.0,-1.0,1727288,3.0,7,,0.0,1.0,4.0,A01,138Â 205Â 592,1.0
1011897,201900053428,1,4,17:00,1,2,1,1.0,6.0,97209,BISHOP (Avenue Maurice),M,"14,6116000"," -61,0533000",972,2019,50.0,1.0,1.0,6.0,2262849,1.0,1,1,1,3.0,,0.0,0,1956.0,A01,138Â 205Â 592,1.0,0.0,-1.0,1727288,3.0,7,,0.0,1.0,4.0,A01,138Â 205Â 592,1.0