Unnamed: 0_x,num_acc,mois,jour,hrmn,lum,agg,int,atm,col,com,adr,gps,lat,long,dep,annee,vma,situ,surf,catr,Unnamed: 0_y,place,catu,grav,sexe,trajet,secu,locp,actp,an_nais,num_veh_x,id_vehicule_x,secu1,secu2,secu3,Unnamed: 0,senc,catv,occutc,obs,obsm,choc,num_veh_y,id_vehicule_y,motor
1011898,201900053429,9,24,08:00,1,2,1,8.0,3.0,93074,COURTRY RUE DE,M,"48,9359490","2,6017780",93,2019,50.0,1.0,1.0,7.0,2262850,1.0,1,4,1,1.0,,-1.0, -1,1979.0,B01,138Â 205Â 585,2.0,6.0,-1.0,1727289,1.0,33,,0.0,2.0,2.0,B01,138Â 205Â 585,0.0
1011898,201900053429,9,24,08:00,1,2,1,8.0,3.0,93074,COURTRY RUE DE,M,"48,9359490","2,6017780",93,2019,50.0,1.0,1.0,7.0,2262850,1.0,1,4,1,1.0,,-1.0, -1,1979.0,B01,138Â 205Â 585,2.0,6.0,-1.0,1727290,1.0,3,,0.0,2.0,3.0,A01,138Â 205Â 586,0.0
1011898,201900053429,9,24,08:00,1,2,1,8.0,3.0,93074,COURTRY RUE DE,M,"48,9359490","2,6017780",93,2019,50.0,1.0,1.0,7.0,2262851,1.0,1,1,1,1.0,,-1.0, -1,1974.0,A01,138Â 205Â 586,1.0,4.0,-1.0,1727289,1.0,33,,0.0,2.0,2.0,B01,138Â 205Â 585,0.0
1011898,201900053429,9,24,08:00,1,2,1,8.0,3.0,93074,COURTRY RUE DE,M,"48,9359490","2,6017780",93,2019,50.0,1.0,1.0,7.0,2262851,1.0,1,1,1,1.0,,-1.0, -1,1974.0,A01,138Â 205Â 586,1.0,4.0,-1.0,1727290,1.0,3,,0.0,2.0,3.0,A01,138Â 205Â 586,0.0
1011899,201900053430,1,4,16:25,1,2,1,1.0,2.0,97209,22 MAI 1848 (PLACE DU),M,"14,6133900"," -61,0708400",972,2019,50.0,2.0,1.0,4.0,2262852,1.0,1,4,1,5.0,,-1.0, -1,2004.0,B01,138Â 205Â 583,8.0,0.0,-1.0,1727291,3.0,1,,0.0,2.0,1.0,B01,138Â 205Â 583,5.0
1011899,201900053430,1,4,16:25,1,2,1,1.0,2.0,97209,22 MAI 1848 (PLACE DU),M,"14,6133900"," -61,0708400",972,2019,50.0,2.0,1.0,4.0,2262852,1.0,1,4,1,5.0,,-1.0, -1,2004.0,B01,138Â 205Â 583,8.0,0.0,-1.0,1727292,3.0,7,,0.0,6.0,3.0,A01,138Â 205Â 584,1.0
1011899,201900053430,1,4,16:25,1,2,1,1.0,2.0,97209,22 MAI 1848 (PLACE DU),M,"14,6133900"," -61,0708400",972,2019,50.0,2.0,1.0,4.0,2262853,1.0,1,1,1,0.0,,-1.0,0,1956.0,A01,138Â 205Â 584,1.0,0.0,-1.0,1727291,3.0,1,,0.0,2.0,1.0,B01,138Â 205Â 583,5.0
1011899,201900053430,1,4,16:25,1,2,1,1.0,2.0,97209,22 MAI 1848 (PLACE DU),M,"14,6133900"," -61,0708400",972,2019,50.0,2.0,1.0,4.0,2262853,1.0,1,1,1,0.0,,-1.0,0,1956.0,A01,138Â 205Â 584,1.0,0.0,-1.0,1727292,3.0,7,,0.0,6.0,3.0,A01,138Â 205Â 584,1.0
1011900,201900053431,1,4,03:05,5,2,1,1.0,6.0,69382,DOCTEUR GAILLETON (DU)              (QU),M,"45,7497100","4,8312600",69,2019,50.0,1.0,1.0,4.0,2262854,1.0,1,4,1,5.0,,-1.0,0,2000.0,A01,138Â 205Â 581,1.0,0.0,-1.0,1727293,2.0,7,,8.0,0.0,1.0,A01,138Â 205Â 581,0.0
1011901,201900053432,9,23,22:30,5,2,1,2.0,1.0,93029,MARCEAU (AVENUE) NÂ° 29-FIN,M,"48,9299400","2,4321200",93,2019,50.0,1.0,1.0,3.0,2262855,1.0,1,1,1,0.0,,-1.0, -1,1983.0,A01,138Â 205Â 580,1.0,0.0,-1.0,1727294,1.0,7,,0.0,2.0,3.0,A01,138Â 205Â 580,1.0
1011901,201900053432,9,23,22:30,5,2,1,2.0,1.0,93029,MARCEAU (AVENUE) NÂ° 29-FIN,M,"48,9299400","2,4321200",93,2019,50.0,1.0,1.0,3.0,2262855,1.0,1,1,1,0.0,,-1.0, -1,1983.0,A01,138Â 205Â 580,1.0,0.0,-1.0,1727295,2.0,33,,0.0,2.0,1.0,B01,138Â 205Â 582,1.0
1011901,201900053432,9,23,22:30,5,2,1,2.0,1.0,93029,MARCEAU (AVENUE) NÂ° 29-FIN,M,"48,9299400","2,4321200",93,2019,50.0,1.0,1.0,3.0,2262856,1.0,1,4,1,0.0,,-1.0, -1,1996.0,B01,138Â 205Â 582,2.0,6.0,-1.0,1727294,1.0,7,,0.0,2.0,3.0,A01,138Â 205Â 580,1.0
1011901,201900053432,9,23,22:30,5,2,1,2.0,1.0,93029,MARCEAU (AVENUE) NÂ° 29-FIN,M,"48,9299400","2,4321200",93,2019,50.0,1.0,1.0,3.0,2262856,1.0,1,4,1,0.0,,-1.0, -1,1996.0,B01,138Â 205Â 582,2.0,6.0,-1.0,1727295,2.0,33,,0.0,2.0,1.0,B01,138Â 205Â 582,1.0
1011902,201900053433,9,24,21:20,5,2,1,2.0,6.0,93027,VAILLANT-COUTURIER (AVENUE PAUL),M,"48,9183200","2,4078800",93,2019,50.0,3.0,2.0,3.0,2262857,1.0,1,4,1,1.0,,-1.0, -1,1971.0,A01,138Â 205Â 579,1.0,0.0,-1.0,1727296,0.0,7,,1.0,0.0,2.0,A01,138Â 205Â 579,0.0
1011903,201900053434,1,3,16:30,1,2,1,1.0,6.0,69152,MURIERS (DES)                       (CH),M,"45,6951800","4,8258500",69,2019,50.0,1.0,1.0,4.0,2262858,2.0,2,1,1,0.0,,-1.0,0,1969.0,A01,138Â 205Â 578,1.0,0.0,-1.0,1727297,1.0,7,,0.0,1.0,2.0,A01,138Â 205Â 578,1.0
1011903,201900053434,1,3,16:30,1,2,1,1.0,6.0,69152,MURIERS (DES)                       (CH),M,"45,6951800","4,8258500",69,2019,50.0,1.0,1.0,4.0,2262859,1.0,1,1,1,4.0,,-1.0,0,1972.0,A01,138Â 205Â 578,1.0,0.0,-1.0,1727297,1.0,7,,0.0,1.0,2.0,A01,138Â 205Â 578,1.0
1011903,201900053434,1,3,16:30,1,2,1,1.0,6.0,69152,MURIERS (DES)                       (CH),M,"45,6951800","4,8258500",69,2019,50.0,1.0,1.0,4.0,2262860,10.0,3,4,2,0.0,,3.0,3,1951.0,A01,138Â 205Â 578,8.0,0.0,-1.0,1727297,1.0,7,,0.0,1.0,2.0,A01,138Â 205Â 578,1.0
1011903,201900053434,1,3,16:30,1,2,1,1.0,6.0,69152,MURIERS (DES)                       (CH),M,"45,6951800","4,8258500",69,2019,50.0,1.0,1.0,4.0,2262861,4.0,2,1,2,0.0,,-1.0,0,1970.0,A01,138Â 205Â 578,1.0,0.0,-1.0,1727297,1.0,7,,0.0,1.0,2.0,A01,138Â 205Â 578,1.0
1011903,201900053434,1,3,16:30,1,2,1,1.0,6.0,69152,MURIERS (DES)                       (CH),M,"45,6951800","4,8258500",69,2019,50.0,1.0,1.0,4.0,2262862,3.0,2,1,2,0.0,,-1.0,0,1987.0,A01,138Â 205Â 578,1.0,0.0,-1.0,1727297,1.0,7,,0.0,1.0,2.0,A01,138Â 205Â 578,1.0
1011904,201900053435,9,24,10:00,1,2,3,2.0,6.0,93047,CHARDONNERETS  (AVENUE DES),M,"48,8955500","2,5651100",93,2019,50.0,1.0,2.0,4.0,2262863,10.0,3,3,1,0.0,,1.0,3,1939.0,A01,138Â 205Â 577,8.0,0.0,-1.0,1727298,3.0,7,,0.0,1.0,1.0,A01,138Â 205Â 577,1.0
1011904,201900053435,9,24,10:00,1,2,3,2.0,6.0,93047,CHARDONNERETS  (AVENUE DES),M,"48,8955500","2,5651100",93,2019,50.0,1.0,2.0,4.0,2262864,1.0,1,1,2,1.0,,-1.0, -1,1973.0,A01,138Â 205Â 577,1.0,0.0,-1.0,1727298,3.0,7,,0.0,1.0,1.0,A01,138Â 205Â 577,1.0
1011905,201900053436,1,3,15:00,1,2,1,7.0,6.0,69389,24 MARS 1852 ,M,"45,7808800","4,8060400",69,2019,50.0,1.0,1.0,4.0,2262865,1.0,1,1,2,5.0,,-1.0,0,1970.0,A01,138Â 205Â 575,1.0,0.0,-1.0,1727299,2.0,7,,0.0,1.0,8.0,A01,138Â 205Â 575,1.0
1011905,201900053436,1,3,15:00,1,2,1,7.0,6.0,69389,24 MARS 1852 ,M,"45,7808800","4,8060400",69,2019,50.0,1.0,1.0,4.0,2262865,1.0,1,1,2,5.0,,-1.0,0,1970.0,A01,138Â 205Â 575,1.0,0.0,-1.0,1727300,2.0,1,,1.0,0.0,1.0,B01,138Â 205Â 576,5.0
1011905,201900053436,1,3,15:00,1,2,1,7.0,6.0,69389,24 MARS 1852 ,M,"45,7808800","4,8060400",69,2019,50.0,1.0,1.0,4.0,2262866,1.0,1,4,1,0.0,,-1.0,0,1976.0,B01,138Â 205Â 576,8.0,0.0,-1.0,1727299,2.0,7,,0.0,1.0,8.0,A01,138Â 205Â 575,1.0
1011905,201900053436,1,3,15:00,1,2,1,7.0,6.0,69389,24 MARS 1852 ,M,"45,7808800","4,8060400",69,2019,50.0,1.0,1.0,4.0,2262866,1.0,1,4,1,0.0,,-1.0,0,1976.0,B01,138Â 205Â 576,8.0,0.0,-1.0,1727300,2.0,1,,1.0,0.0,1.0,B01,138Â 205Â 576,5.0
1011906,201900053437,1,3,08:36,2,2,1,1.0,3.0,69142,STEPHANE DECHANT                    (R ),M,"45,7233500","4,8122300",69,2019,50.0,1.0,1.0,4.0,2262867,1.0,1,4,1,1.0,,-1.0,0,1974.0,A01,138Â 205Â 571,2.0,6.0,-1.0,1727301,2.0,33,,0.0,2.0,7.0,A01,138Â 205Â 571,3.0
1011906,201900053437,1,3,08:36,2,2,1,1.0,3.0,69142,STEPHANE DECHANT                    (R ),M,"45,7233500","4,8122300",69,2019,50.0,1.0,1.0,4.0,2262867,1.0,1,4,1,1.0,,-1.0,0,1974.0,A01,138Â 205Â 571,2.0,6.0,-1.0,1727302,2.0,10,,0.0,2.0,7.0,B01,138Â 205Â 572,1.0
1011906,201900053437,1,3,08:36,2,2,1,1.0,3.0,69142,STEPHANE DECHANT                    (R ),M,"45,7233500","4,8122300",69,2019,50.0,1.0,1.0,4.0,2262868,1.0,1,1,1,4.0,,-1.0,0,1999.0,B01,138Â 205Â 572,1.0,0.0,-1.0,1727301,2.0,33,,0.0,2.0,7.0,A01,138Â 205Â 571,3.0
1011906,201900053437,1,3,08:36,2,2,1,1.0,3.0,69142,STEPHANE DECHANT                    (R ),M,"45,7233500","4,8122300",69,2019,50.0,1.0,1.0,4.0,2262868,1.0,1,1,1,4.0,,-1.0,0,1999.0,B01,138Â 205Â 572,1.0,0.0,-1.0,1727302,2.0,10,,0.0,2.0,7.0,B01,138Â 205Â 572,1.0
1011907,201900053438,9,24,18:15,1,2,3,3.0,6.0,93005,MAXIMILIEN ROBESPIERRE (RUE),M,"48,9456600","2,4986300",93,2019,50.0,6.0,2.0,4.0,2262869,1.0,1,4,1,9.0,,0.0,0,2008.0,B01,138Â 205Â 573,8.0,0.0,-1.0,1727303,0.0,60,,0.0,0.0,0.0,B01,138Â 205Â 573,5.0
1011907,201900053438,9,24,18:15,1,2,3,3.0,6.0,93005,MAXIMILIEN ROBESPIERRE (RUE),M,"48,9456600","2,4986300",93,2019,50.0,6.0,2.0,4.0,2262869,1.0,1,4,1,9.0,,0.0,0,2008.0,B01,138Â 205Â 573,8.0,0.0,-1.0,1727304,0.0,10,,0.0,2.0,3.0,A01,138Â 205Â 574,0.0
1011908,201900053439,1,1,20:20,5,2,1,2.0,3.0,69381,LOUIS PRADEL                        (PL),M,"45,7685100","4,8378100",69,2019,50.0,1.0,2.0,7.0,2262870,1.0,1,1,1,0.0,,-1.0,0,1980.0,B01,138Â 205Â 569,1.0,8.0,-1.0,1727305,3.0,7,,0.0,2.0,2.0,B01,138Â 205Â 569,1.0
1011908,201900053439,1,1,20:20,5,2,1,2.0,3.0,69381,LOUIS PRADEL                        (PL),M,"45,7685100","4,8378100",69,2019,50.0,1.0,2.0,7.0,2262870,1.0,1,1,1,0.0,,-1.0,0,1980.0,B01,138Â 205Â 569,1.0,8.0,-1.0,1727306,3.0,30,,0.0,2.0,1.0,A01,138Â 205Â 570,1.0
1011908,201900053439,1,1,20:20,5,2,1,2.0,3.0,69381,LOUIS PRADEL                        (PL),M,"45,7685100","4,8378100",69,2019,50.0,1.0,2.0,7.0,2262871,1.0,1,4,1,5.0,,-1.0,0,1987.0,A01,138Â 205Â 570,2.0,0.0,-1.0,1727305,3.0,7,,0.0,2.0,2.0,B01,138Â 205Â 569,1.0
1011908,201900053439,1,1,20:20,5,2,1,2.0,3.0,69381,LOUIS PRADEL                        (PL),M,"45,7685100","4,8378100",69,2019,50.0,1.0,2.0,7.0,2262871,1.0,1,4,1,5.0,,-1.0,0,1987.0,A01,138Â 205Â 570,2.0,0.0,-1.0,1727306,3.0,30,,0.0,2.0,1.0,A01,138Â 205Â 570,1.0
1011909,201900053440,9,24,12:10,1,2,1,2.0,7.0,92064,DAILLY,M,"48,8458000","2,2180000",92,2019,50.0,1.0,2.0,3.0,2262872,1.0,1,4,2,9.0,,-1.0,0,1977.0,A01,138Â 205Â 568,2.0,6.0,-1.0,1727307,2.0,30,,15.0,0.0,0.0,A01,138Â 205Â 568,1.0
1011910,201900053441,10,26,19:30,2,2,1,1.0,6.0,30007,GRAND'RUE,M,"44,1217200","4,0795100",30,2019,30.0,1.0,1.0,4.0,2262873,10.0,3,4,1,5.0,,2.0,3,1953.0,A01,138Â 205Â 567,0.0,-1.0,-1.0,1727308,3.0,7,,0.0,1.0,1.0,A01,138Â 205Â 567,1.0
1011910,201900053441,10,26,19:30,2,2,1,1.0,6.0,30007,GRAND'RUE,M,"44,1217200","4,0795100",30,2019,30.0,1.0,1.0,4.0,2262874,1.0,1,1,1,5.0,,-1.0, -1,2001.0,A01,138Â 205Â 567,1.0,8.0,-1.0,1727308,3.0,7,,0.0,1.0,1.0,A01,138Â 205Â 567,1.0
1011911,201900053442,1,4,19:30,5,2,9,1.0,6.0,97101,BEAUSOLEIL,M,"16,2805700"," -61,4714900",971,2019,50.0,1.0,1.0,3.0,2262875,1.0,1,1,2,0.0,,0.0,0,1985.0,A01,138Â 205Â 566,1.0,8.0,-1.0,1727309,3.0,7,,0.0,1.0,2.0,A01,138Â 205Â 566,6.0
1011911,201900053442,1,4,19:30,5,2,9,1.0,6.0,97101,BEAUSOLEIL,M,"16,2805700"," -61,4714900",971,2019,50.0,1.0,1.0,3.0,2262876,10.0,3,3,2,0.0,,6.0,1,1997.0,A01,138Â 205Â 566,8.0,0.0,-1.0,1727309,3.0,7,,0.0,1.0,2.0,A01,138Â 205Â 566,6.0
1011912,201900053443,9,24,07:40,1,2,1,8.0,2.0,92033,GRANDE RUE,M,"48,8429000","2,1955900",92,2019,50.0,1.0,1.0,4.0,2262877,1.0,1,1,1,4.0,,-1.0,0,1966.0,A01,138Â 205Â 562,8.0,0.0,-1.0,1727310,1.0,10,,1.0,0.0,2.0,A01,138Â 205Â 562,1.0
1011912,201900053443,9,24,07:40,1,2,1,8.0,2.0,92033,GRANDE RUE,M,"48,8429000","2,1955900",92,2019,50.0,1.0,1.0,4.0,2262877,1.0,1,1,1,4.0,,-1.0,0,1966.0,A01,138Â 205Â 562,8.0,0.0,-1.0,1727311,3.0,20,,1.0,0.0,0.0,B01,138Â 205Â 563,1.0
1011912,201900053443,9,24,07:40,1,2,1,8.0,2.0,92033,GRANDE RUE,M,"48,8429000","2,1955900",92,2019,50.0,1.0,1.0,4.0,2262878,2.0,2,4,1,4.0,,-1.0,0,1965.0,A01,138Â 205Â 562,8.0,0.0,-1.0,1727310,1.0,10,,1.0,0.0,2.0,A01,138Â 205Â 562,1.0
1011912,201900053443,9,24,07:40,1,2,1,8.0,2.0,92033,GRANDE RUE,M,"48,8429000","2,1955900",92,2019,50.0,1.0,1.0,4.0,2262878,2.0,2,4,1,4.0,,-1.0,0,1965.0,A01,138Â 205Â 562,8.0,0.0,-1.0,1727311,3.0,20,,1.0,0.0,0.0,B01,138Â 205Â 563,1.0
1011912,201900053443,9,24,07:40,1,2,1,8.0,2.0,92033,GRANDE RUE,M,"48,8429000","2,1955900",92,2019,50.0,1.0,1.0,4.0,2262879,1.0,1,1,1,4.0,,-1.0,0,1970.0,B01,138Â 205Â 563,8.0,0.0,-1.0,1727310,1.0,10,,1.0,0.0,2.0,A01,138Â 205Â 562,1.0
1011912,201900053443,9,24,07:40,1,2,1,8.0,2.0,92033,GRANDE RUE,M,"48,8429000","2,1955900",92,2019,50.0,1.0,1.0,4.0,2262879,1.0,1,1,1,4.0,,-1.0,0,1970.0,B01,138Â 205Â 563,8.0,0.0,-1.0,1727311,3.0,20,,1.0,0.0,0.0,B01,138Â 205Â 563,1.0
1011913,201900053444,1,3,20:00,5,2,3,1.0,6.0,2A004,AVENUE DU DOCTEUR NOEL FRANCHINI,M,"41,9361700","8,7534000",2A,2019,30.0,2.0,1.0,4.0,2262880,1.0,1,3,1,0.0,,-1.0, -1,1988.0,A01,138Â 205Â 560,2.0,8.0,-1.0,1727312,2.0,33,,12.0,2.0,1.0,A01,138Â 205Â 560,1.0
1011913,201900053444,1,3,20:00,5,2,3,1.0,6.0,2A004,AVENUE DU DOCTEUR NOEL FRANCHINI,M,"41,9361700","8,7534000",2A,2019,30.0,2.0,1.0,4.0,2262880,1.0,1,3,1,0.0,,-1.0, -1,1988.0,A01,138Â 205Â 560,2.0,8.0,-1.0,1727313,2.0,7,,0.0,0.0,5.0,B01,138Â 205Â 561,1.0
1011913,201900053444,1,3,20:00,5,2,3,1.0,6.0,2A004,AVENUE DU DOCTEUR NOEL FRANCHINI,M,"41,9361700","8,7534000",2A,2019,30.0,2.0,1.0,4.0,2262881,1.0,1,1,1,0.0,,-1.0, -1,1955.0,B01,138Â 205Â 561,1.0,0.0,-1.0,1727312,2.0,33,,12.0,2.0,1.0,A01,138Â 205Â 560,1.0
1011913,201900053444,1,3,20:00,5,2,3,1.0,6.0,2A004,AVENUE DU DOCTEUR NOEL FRANCHINI,M,"41,9361700","8,7534000",2A,2019,30.0,2.0,1.0,4.0,2262881,1.0,1,1,1,0.0,,-1.0, -1,1955.0,B01,138Â 205Â 561,1.0,0.0,-1.0,1727313,2.0,7,,0.0,0.0,5.0,B01,138Â 205Â 561,1.0
1011914,201900053445,10,27,21:25,5,1,3,1.0,3.0,29039,PENANGUER ( RUE DE),M,"47,9077857"," -3,9181709",29,2019,70.0,1.0,1.0,3.0,2262882,1.0,1,4,1,0.0,,0.0,0,1983.0,B01,138Â 205Â 564,1.0,0.0,-1.0,1727314,1.0,7,,0.0,2.0,1.0,B01,138Â 205Â 564,1.0
1011914,201900053445,10,27,21:25,5,1,3,1.0,3.0,29039,PENANGUER ( RUE DE),M,"47,9077857"," -3,9181709",29,2019,70.0,1.0,1.0,3.0,2262882,1.0,1,4,1,0.0,,0.0,0,1983.0,B01,138Â 205Â 564,1.0,0.0,-1.0,1727315,2.0,7,,8.0,2.0,7.0,A01,138Â 205Â 565,1.0
1011914,201900053445,10,27,21:25,5,1,3,1.0,3.0,29039,PENANGUER ( RUE DE),M,"47,9077857"," -3,9181709",29,2019,70.0,1.0,1.0,3.0,2262883,1.0,1,4,1,5.0,,-1.0,0,1982.0,A01,138Â 205Â 565,1.0,5.0,-1.0,1727314,1.0,7,,0.0,2.0,1.0,B01,138Â 205Â 564,1.0
1011914,201900053445,10,27,21:25,5,1,3,1.0,3.0,29039,PENANGUER ( RUE DE),M,"47,9077857"," -3,9181709",29,2019,70.0,1.0,1.0,3.0,2262883,1.0,1,4,1,5.0,,-1.0,0,1982.0,A01,138Â 205Â 565,1.0,5.0,-1.0,1727315,2.0,7,,8.0,2.0,7.0,A01,138Â 205Â 565,1.0
1011915,201900053446,9,23,19:15,1,2,1,1.0,3.0,92049,BARBES RUE,M,"48,8173104","2,3277103",92,2019,50.0,1.0,1.0,3.0,2262884,1.0,1,4,2,1.0,,-1.0,0,1962.0,A01,138Â 205Â 558,8.0,0.0,-1.0,1727316,2.0,50,,0.0,2.0,1.0,A01,138Â 205Â 558,3.0
1011915,201900053446,9,23,19:15,1,2,1,1.0,3.0,92049,BARBES RUE,M,"48,8173104","2,3277103",92,2019,50.0,1.0,1.0,3.0,2262884,1.0,1,4,2,1.0,,-1.0,0,1962.0,A01,138Â 205Â 558,8.0,0.0,-1.0,1727317,1.0,7,,0.0,6.0,2.0,B01,138Â 205Â 559,1.0
1011915,201900053446,9,23,19:15,1,2,1,1.0,3.0,92049,BARBES RUE,M,"48,8173104","2,3277103",92,2019,50.0,1.0,1.0,3.0,2262885,1.0,1,1,1,1.0,,-1.0,0,1995.0,B01,138Â 205Â 559,1.0,0.0,-1.0,1727316,2.0,50,,0.0,2.0,1.0,A01,138Â 205Â 558,3.0
1011915,201900053446,9,23,19:15,1,2,1,1.0,3.0,92049,BARBES RUE,M,"48,8173104","2,3277103",92,2019,50.0,1.0,1.0,3.0,2262885,1.0,1,1,1,1.0,,-1.0,0,1995.0,B01,138Â 205Â 559,1.0,0.0,-1.0,1727317,1.0,7,,0.0,6.0,2.0,B01,138Â 205Â 559,1.0
1011916,201900053447,1,2,10:35,1,2,1,1.0,6.0,2A004,LAZARET ROUTE DU,M,"41,9271800","8,7593000",2A,2019,30.0,1.0,1.0,4.0,2262886,10.0,3,4,1,0.0,,1.0,4,1992.0,A01,138Â 205Â 557,8.0,0.0,-1.0,1727318,3.0,7,,0.0,1.0,2.0,A01,138Â 205Â 557,1.0
1011916,201900053447,1,2,10:35,1,2,1,1.0,6.0,2A004,LAZARET ROUTE DU,M,"41,9271800","8,7593000",2A,2019,30.0,1.0,1.0,4.0,2262887,1.0,1,1,1,4.0,,0.0,0,1987.0,A01,138Â 205Â 557,1.0,0.0,-1.0,1727318,3.0,7,,0.0,1.0,2.0,A01,138Â 205Â 557,1.0
1011917,201900053448,9,24,11:35,1,2,1,2.0,7.0,92040,GARIBALDI (BOULEVARD),M,"48,8260800","2,2618700",92,2019,50.0,1.0,2.0,4.0,2262888,1.0,1,4,2,0.0,,-1.0,0,1994.0,A01,138Â 205Â 556,2.0,6.0,-1.0,1727319,2.0,32,,0.0,0.0,0.0,A01,138Â 205Â 556,1.0
1011918,201900053449,10,27,03:40,5,2,7,1.0,6.0,25056,FAURE AVENUE EDGAR,M,"47,2441200","6,0178010",25,2019,50.0,1.0,1.0,4.0,2262889,3.0,2,1,1,5.0,,-1.0, -1,1998.0,A01,138Â 205Â 555,8.0,0.0,-1.0,1727320,0.0,7,,9.0,0.0,3.0,A01,138Â 205Â 555,1.0
1011918,201900053449,10,27,03:40,5,2,7,1.0,6.0,25056,FAURE AVENUE EDGAR,M,"47,2441200","6,0178010",25,2019,50.0,1.0,1.0,4.0,2262890,2.0,2,4,2,5.0,,-1.0, -1,2001.0,A01,138Â 205Â 555,1.0,0.0,-1.0,1727320,0.0,7,,9.0,0.0,3.0,A01,138Â 205Â 555,1.0
1011918,201900053449,10,27,03:40,5,2,7,1.0,6.0,25056,FAURE AVENUE EDGAR,M,"47,2441200","6,0178010",25,2019,50.0,1.0,1.0,4.0,2262891,1.0,1,4,1,5.0,,-1.0, -1,2000.0,A01,138Â 205Â 555,1.0,0.0,-1.0,1727320,0.0,7,,9.0,0.0,3.0,A01,138Â 205Â 555,1.0
1011918,201900053449,10,27,03:40,5,2,7,1.0,6.0,25056,FAURE AVENUE EDGAR,M,"47,2441200","6,0178010",25,2019,50.0,1.0,1.0,4.0,2262892,5.0,2,4,2,5.0,,-1.0, -1,2003.0,A01,138Â 205Â 555,8.0,0.0,-1.0,1727320,0.0,7,,9.0,0.0,3.0,A01,138Â 205Â 555,1.0
1011918,201900053449,10,27,03:40,5,2,7,1.0,6.0,25056,FAURE AVENUE EDGAR,M,"47,2441200","6,0178010",25,2019,50.0,1.0,1.0,4.0,2262893,4.0,2,1,1,5.0,,-1.0, -1,1997.0,A01,138Â 205Â 555,8.0,0.0,-1.0,1727320,0.0,7,,9.0,0.0,3.0,A01,138Â 205Â 555,1.0
1011919,201900053450,1,2,19:42,5,2,9,1.0,7.0,95268,RUE TOULOUSE LAUTREC,M,"48,9777500","2,3927600",95,2019,50.0,1.0,1.0,4.0,2262894,1.0,1,3,1,0.0,,-1.0, -1,2001.0,A01,138Â 205Â 554,2.0,0.0,-1.0,1727321,3.0,30,,12.0,0.0,1.0,A01,138Â 205Â 554,0.0
1011919,201900053450,1,2,19:42,5,2,9,1.0,7.0,95268,RUE TOULOUSE LAUTREC,M,"48,9777500","2,3927600",95,2019,50.0,1.0,1.0,4.0,2262895,2.0,2,3,1,0.0,,-1.0, -1,2000.0,A01,138Â 205Â 554,2.0,0.0,-1.0,1727321,3.0,30,,12.0,0.0,1.0,A01,138Â 205Â 554,0.0
1011920,201900053451,10,27,10:00,1,2,1,1.0,6.0,17415,ZOLA RUE EMILE,M,"45,7410300"," -0,6209900",17,2019,50.0,1.0,1.0,4.0,2262896,1.0,1,4,1,5.0,,-1.0,0,1963.0,A01,138Â 205Â 551,2.0,6.0,-1.0,1727322,0.0,30,,1.0,0.0,0.0,A01,138Â 205Â 551,1.0
1011921,201900053452,9,24,07:45,1,2,1,2.0,3.0,92040,CAMILLE DESMOULINS,M,"48,8273970","2,2610150",92,2019,50.0,1.0,2.0,4.0,2262897,1.0,1,4,1,1.0,,-1.0,0,1997.0,B01,138Â 205Â 552,2.0,6.0,-1.0,1727323,0.0,33,,0.0,2.0,1.0,B01,138Â 205Â 552,0.0
1011921,201900053452,9,24,07:45,1,2,1,2.0,3.0,92040,CAMILLE DESMOULINS,M,"48,8273970","2,2610150",92,2019,50.0,1.0,2.0,4.0,2262897,1.0,1,4,1,1.0,,-1.0,0,1997.0,B01,138Â 205Â 552,2.0,6.0,-1.0,1727324,0.0,10,,0.0,2.0,2.0,A01,138Â 205Â 553,0.0
1011921,201900053452,9,24,07:45,1,2,1,2.0,3.0,92040,CAMILLE DESMOULINS,M,"48,8273970","2,2610150",92,2019,50.0,1.0,2.0,4.0,2262898,1.0,1,1,1,4.0,,-1.0,0,1967.0,A01,138Â 205Â 553,1.0,8.0,-1.0,1727323,0.0,33,,0.0,2.0,1.0,B01,138Â 205Â 552,0.0
1011921,201900053452,9,24,07:45,1,2,1,2.0,3.0,92040,CAMILLE DESMOULINS,M,"48,8273970","2,2610150",92,2019,50.0,1.0,2.0,4.0,2262898,1.0,1,1,1,4.0,,-1.0,0,1967.0,A01,138Â 205Â 553,1.0,8.0,-1.0,1727324,0.0,10,,0.0,2.0,2.0,A01,138Â 205Â 553,0.0
1011922,201900053453,1,4,06:30,5,2,1,1.0,6.0,95210,CEINTURE (AVENUE DE),M,"48,9699700","2,3035900",95,2019,30.0,1.0,1.0,4.0,2262899,10.0,3,4,2,1.0,,2.0,3,1969.0,A01,138Â 205Â 550,8.0,0.0,-1.0,1727325,3.0,10,,0.0,1.0,1.0,A01,138Â 205Â 550,6.0
1011922,201900053453,1,4,06:30,5,2,1,1.0,6.0,95210,CEINTURE (AVENUE DE),M,"48,9699700","2,3035900",95,2019,30.0,1.0,1.0,4.0,2262900,1.0,1,1,1,4.0,,-1.0, -1,1982.0,A01,138Â 205Â 550,1.0,0.0,-1.0,1727325,3.0,10,,0.0,1.0,1.0,A01,138Â 205Â 550,6.0