Unnamed: 0_x,num_acc,mois,jour,hrmn,lum,agg,int,atm,col,com,adr,gps,lat,long,dep,annee,vma,situ,surf,catr,Unnamed: 0_y,place,catu,grav,sexe,trajet,secu,locp,actp,an_nais,num_veh_x,id_vehicule_x,secu1,secu2,secu3,Unnamed: 0,senc,catv,occutc,obs,obsm,choc,num_veh_y,id_vehicule_y,motor
1011923,201900053454,9,24,13:40,1,2,1,1.0,6.0,92036,JEAN JAURES (RUE) (1/33),M,"48,9308500","2,2949700",92,2019,50.0,1.0,1.0,4.0,2262901,10.0,3,4,2,2.0,,3.0,5,2008.0,A01,138Â 205Â 546,8.0,0.0,-1.0,1727326,1.0,3,,0.0,1.0,3.0,A01,138Â 205Â 546,1.0
1011923,201900053454,9,24,13:40,1,2,1,1.0,6.0,92036,JEAN JAURES (RUE) (1/33),M,"48,9308500","2,2949700",92,2019,50.0,1.0,1.0,4.0,2262902,1.0,1,1,1,0.0,,-1.0,0,1950.0,A01,138Â 205Â 546,1.0,8.0,-1.0,1727326,1.0,3,,0.0,1.0,3.0,A01,138Â 205Â 546,1.0
1011924,201900053455,10,27,18:50,3,1,1,1.0,6.0,13209,COL DE LA GINESTE D559,M,"43,2467500","5,4497200",13,2019,70.0,1.0,1.0,3.0,2262903,1.0,1,2,1,0.0,,0.0,0,1997.0,A01,138Â 205Â 543,2.0,6.0,-1.0,1727327,1.0,33,,13.0,0.0,2.0,A01,138Â 205Â 543,1.0
1011925,201900053456,10,27,16:45,1,2,1,1.0,2.0,13213,NICOLAS APPERT (RUE),M,"43,3396140","5,4179920",13,2019,50.0,1.0,1.0,4.0,2262904,1.0,1,1,1,0.0,,-1.0, -1,1975.0,A01,138Â 205Â 536,1.0,0.0,-1.0,1727328,0.0,7,,0.0,2.0,1.0,A01,138Â 205Â 536,0.0
1011925,201900053456,10,27,16:45,1,2,1,1.0,2.0,13213,NICOLAS APPERT (RUE),M,"43,3396140","5,4179920",13,2019,50.0,1.0,1.0,4.0,2262904,1.0,1,1,1,0.0,,-1.0, -1,1975.0,A01,138Â 205Â 536,1.0,0.0,-1.0,1727329,0.0,7,,0.0,2.0,4.0,B01,138Â 205Â 537,0.0
1011925,201900053456,10,27,16:45,1,2,1,1.0,2.0,13213,NICOLAS APPERT (RUE),M,"43,3396140","5,4179920",13,2019,50.0,1.0,1.0,4.0,2262905,1.0,1,1,2,5.0,,-1.0, -1,1983.0,B01,138Â 205Â 537,1.0,0.0,-1.0,1727328,0.0,7,,0.0,2.0,1.0,A01,138Â 205Â 536,0.0
1011925,201900053456,10,27,16:45,1,2,1,1.0,2.0,13213,NICOLAS APPERT (RUE),M,"43,3396140","5,4179920",13,2019,50.0,1.0,1.0,4.0,2262905,1.0,1,1,2,5.0,,-1.0, -1,1983.0,B01,138Â 205Â 537,1.0,0.0,-1.0,1727329,0.0,7,,0.0,2.0,4.0,B01,138Â 205Â 537,0.0
1011925,201900053456,10,27,16:45,1,2,1,1.0,2.0,13213,NICOLAS APPERT (RUE),M,"43,3396140","5,4179920",13,2019,50.0,1.0,1.0,4.0,2262906,4.0,2,4,1,5.0,,-1.0, -1,2013.0,B01,138Â 205Â 537,1.0,0.0,-1.0,1727328,0.0,7,,0.0,2.0,1.0,A01,138Â 205Â 536,0.0
1011925,201900053456,10,27,16:45,1,2,1,1.0,2.0,13213,NICOLAS APPERT (RUE),M,"43,3396140","5,4179920",13,2019,50.0,1.0,1.0,4.0,2262906,4.0,2,4,1,5.0,,-1.0, -1,2013.0,B01,138Â 205Â 537,1.0,0.0,-1.0,1727329,0.0,7,,0.0,2.0,4.0,B01,138Â 205Â 537,0.0
1011925,201900053456,10,27,16:45,1,2,1,1.0,2.0,13213,NICOLAS APPERT (RUE),M,"43,3396140","5,4179920",13,2019,50.0,1.0,1.0,4.0,2262907,3.0,2,4,1,5.0,,-1.0, -1,2009.0,B01,138Â 205Â 537,1.0,0.0,-1.0,1727328,0.0,7,,0.0,2.0,1.0,A01,138Â 205Â 536,0.0
1011925,201900053456,10,27,16:45,1,2,1,1.0,2.0,13213,NICOLAS APPERT (RUE),M,"43,3396140","5,4179920",13,2019,50.0,1.0,1.0,4.0,2262907,3.0,2,4,1,5.0,,-1.0, -1,2009.0,B01,138Â 205Â 537,1.0,0.0,-1.0,1727329,0.0,7,,0.0,2.0,4.0,B01,138Â 205Â 537,0.0
1011926,201900053457,9,24,08:00,1,2,6,1.0,3.0,92026,TROIS FRÃRES LEBOEUF (PLACE DES),M,"48,8975080","2,2383740",92,2019,30.0,1.0,1.0,7.0,2262908,1.0,1,4,1,1.0,,-1.0, -1,1976.0,B01,138Â 205Â 539,9.0,0.0,0.0,1727330,3.0,99,,0.0,2.0,0.0,B01,138Â 205Â 539,3.0
1011926,201900053457,9,24,08:00,1,2,6,1.0,3.0,92026,TROIS FRÃRES LEBOEUF (PLACE DES),M,"48,8975080","2,2383740",92,2019,30.0,1.0,1.0,7.0,2262908,1.0,1,4,1,1.0,,-1.0, -1,1976.0,B01,138Â 205Â 539,9.0,0.0,0.0,1727331,3.0,7,,0.0,2.0,8.0,A01,138Â 205Â 541,1.0
1011926,201900053457,9,24,08:00,1,2,6,1.0,3.0,92026,TROIS FRÃRES LEBOEUF (PLACE DES),M,"48,8975080","2,2383740",92,2019,30.0,1.0,1.0,7.0,2262909,1.0,1,1,1,4.0,,-1.0,0,1955.0,A01,138Â 205Â 541,8.0,0.0,-1.0,1727330,3.0,99,,0.0,2.0,0.0,B01,138Â 205Â 539,3.0
1011926,201900053457,9,24,08:00,1,2,6,1.0,3.0,92026,TROIS FRÃRES LEBOEUF (PLACE DES),M,"48,8975080","2,2383740",92,2019,30.0,1.0,1.0,7.0,2262909,1.0,1,1,1,4.0,,-1.0,0,1955.0,A01,138Â 205Â 541,8.0,0.0,-1.0,1727331,3.0,7,,0.0,2.0,8.0,A01,138Â 205Â 541,1.0
1011927,201900053458,9,24,18:30,1,2,1,2.0,6.0,92019,VIGNES (GRANDE VOIE DES),M,"48,7658700","2,2848600",92,2019,30.0,1.0,2.0,4.0,2262910,1.0,1,1,1,1.0,,-1.0, -1,1974.0,A01,138Â 205Â 531,1.0,8.0,-1.0,1727332,2.0,7,,0.0,9.0,3.0,A01,138Â 205Â 531,1.0
1011927,201900053458,9,24,18:30,1,2,1,2.0,6.0,92019,VIGNES (GRANDE VOIE DES),M,"48,7658700","2,2848600",92,2019,30.0,1.0,2.0,4.0,2262910,1.0,1,1,1,1.0,,-1.0, -1,1974.0,A01,138Â 205Â 531,1.0,8.0,-1.0,1727333,3.0,1,,0.0,2.0,7.0,B01,138Â 205Â 532,0.0
1011927,201900053458,9,24,18:30,1,2,1,2.0,6.0,92019,VIGNES (GRANDE VOIE DES),M,"48,7658700","2,2848600",92,2019,30.0,1.0,2.0,4.0,2262911,1.0,1,4,2,1.0,,-1.0, -1,1965.0,B01,138Â 205Â 532,2.0,8.0,-1.0,1727332,2.0,7,,0.0,9.0,3.0,A01,138Â 205Â 531,1.0
1011927,201900053458,9,24,18:30,1,2,1,2.0,6.0,92019,VIGNES (GRANDE VOIE DES),M,"48,7658700","2,2848600",92,2019,30.0,1.0,2.0,4.0,2262911,1.0,1,4,2,1.0,,-1.0, -1,1965.0,B01,138Â 205Â 532,2.0,8.0,-1.0,1727333,3.0,1,,0.0,2.0,7.0,B01,138Â 205Â 532,0.0
1011928,201900053459,9,24,18:25,1,2,1,1.0,6.0,92012,EDOUARD VAILLANT (AVENUE) 57/FIN - 58/FI,M,"48,8347967","2,2471736",92,2019,50.0,1.0,1.0,3.0,2262912,10.0,3,4,1,0.0,,3.0,3,1996.0,A01,138Â 205Â 528,0.0,0.0,-1.0,1727334,1.0,33,,0.0,1.0,1.0,A01,138Â 205Â 528,1.0
1011928,201900053459,9,24,18:25,1,2,1,1.0,6.0,92012,EDOUARD VAILLANT (AVENUE) 57/FIN - 58/FI,M,"48,8347967","2,2471736",92,2019,50.0,1.0,1.0,3.0,2262913,10.0,3,4,2,0.0,,4.0,3,1996.0,A01,138Â 205Â 528,8.0,0.0,-1.0,1727334,1.0,33,,0.0,1.0,1.0,A01,138Â 205Â 528,1.0
1011928,201900053459,9,24,18:25,1,2,1,1.0,6.0,92012,EDOUARD VAILLANT (AVENUE) 57/FIN - 58/FI,M,"48,8347967","2,2471736",92,2019,50.0,1.0,1.0,3.0,2262914,1.0,1,1,1,0.0,,-1.0, -1,1988.0,A01,138Â 205Â 528,2.0,0.0,-1.0,1727334,1.0,33,,0.0,1.0,1.0,A01,138Â 205Â 528,1.0
1011929,201900053460,10,27,12:30,1,2,6,1.0,2.0,13209,LANCIER (CHEMIN DU),M,"43,2472430","5,3969600",13,2019,50.0,1.0,1.0,4.0,2262915,2.0,2,4,2,5.0,,-1.0, -1,1974.0,A01,138Â 205Â 529,2.0,8.0,-1.0,1727335,1.0,43,,0.0,2.0,1.0,A01,138Â 205Â 529,1.0
1011929,201900053460,10,27,12:30,1,2,6,1.0,2.0,13209,LANCIER (CHEMIN DU),M,"43,2472430","5,3969600",13,2019,50.0,1.0,1.0,4.0,2262915,2.0,2,4,2,5.0,,-1.0, -1,1974.0,A01,138Â 205Â 529,2.0,8.0,-1.0,1727336,1.0,7,,0.0,2.0,6.0,B01,138Â 205Â 534,1.0
1011929,201900053460,10,27,12:30,1,2,6,1.0,2.0,13209,LANCIER (CHEMIN DU),M,"43,2472430","5,3969600",13,2019,50.0,1.0,1.0,4.0,2262916,1.0,1,4,1,5.0,,-1.0, -1,1974.0,A01,138Â 205Â 529,2.0,8.0,-1.0,1727335,1.0,43,,0.0,2.0,1.0,A01,138Â 205Â 529,1.0
1011929,201900053460,10,27,12:30,1,2,6,1.0,2.0,13209,LANCIER (CHEMIN DU),M,"43,2472430","5,3969600",13,2019,50.0,1.0,1.0,4.0,2262916,1.0,1,4,1,5.0,,-1.0, -1,1974.0,A01,138Â 205Â 529,2.0,8.0,-1.0,1727336,1.0,7,,0.0,2.0,6.0,B01,138Â 205Â 534,1.0
1011929,201900053460,10,27,12:30,1,2,6,1.0,2.0,13209,LANCIER (CHEMIN DU),M,"43,2472430","5,3969600",13,2019,50.0,1.0,1.0,4.0,2262917,1.0,1,1,2,5.0,,-1.0, -1,1992.0,B01,138Â 205Â 534,1.0,8.0,-1.0,1727335,1.0,43,,0.0,2.0,1.0,A01,138Â 205Â 529,1.0
1011929,201900053460,10,27,12:30,1,2,6,1.0,2.0,13209,LANCIER (CHEMIN DU),M,"43,2472430","5,3969600",13,2019,50.0,1.0,1.0,4.0,2262917,1.0,1,1,2,5.0,,-1.0, -1,1992.0,B01,138Â 205Â 534,1.0,8.0,-1.0,1727336,1.0,7,,0.0,2.0,6.0,B01,138Â 205Â 534,1.0
1011930,201900053461,9,20,18:00,1,1,1,1.0,1.0,63345,D 90 - PK10+500,M,"45,7386299","3,0187328",63,2019,80.0,1.0,1.0,3.0,2262918,1.0,1,1,1,1.0,,0.0,0,1974.0,B01,138Â 205Â 526,1.0,-1.0,-1.0,1727337,2.0,7,,0.0,0.0,1.0,B01,138Â 205Â 526,1.0
1011930,201900053461,9,20,18:00,1,1,1,1.0,1.0,63345,D 90 - PK10+500,M,"45,7386299","3,0187328",63,2019,80.0,1.0,1.0,3.0,2262918,1.0,1,1,1,1.0,,0.0,0,1974.0,B01,138Â 205Â 526,1.0,-1.0,-1.0,1727338,1.0,31,,0.0,0.0,1.0,A01,138Â 205Â 527,1.0
1011930,201900053461,9,20,18:00,1,1,1,1.0,1.0,63345,D 90 - PK10+500,M,"45,7386299","3,0187328",63,2019,80.0,1.0,1.0,3.0,2262919,1.0,1,3,1,1.0,,0.0,0,1996.0,A01,138Â 205Â 527,2.0,-1.0,-1.0,1727337,2.0,7,,0.0,0.0,1.0,B01,138Â 205Â 526,1.0
1011930,201900053461,9,20,18:00,1,1,1,1.0,1.0,63345,D 90 - PK10+500,M,"45,7386299","3,0187328",63,2019,80.0,1.0,1.0,3.0,2262919,1.0,1,3,1,1.0,,0.0,0,1996.0,A01,138Â 205Â 527,2.0,-1.0,-1.0,1727338,1.0,31,,0.0,0.0,1.0,A01,138Â 205Â 527,1.0
1011931,201900053462,1,4,16:25,1,2,2,1.0,6.0,91345,PRESIDENT FRANCOIS MITTERAND,M,"48,6900400","2,2888500",91,2019,50.0,1.0,1.0,3.0,2262920,10.0,3,4,1,1.0,,8.0,5,1998.0,A01,138Â 205Â 525,8.0,0.0,-1.0,1727339,3.0,7,,0.0,1.0,3.0,A01,138Â 205Â 525,1.0
1011931,201900053462,1,4,16:25,1,2,2,1.0,6.0,91345,PRESIDENT FRANCOIS MITTERAND,M,"48,6900400","2,2888500",91,2019,50.0,1.0,1.0,3.0,2262921,1.0,1,1,1,4.0,,0.0,0,1988.0,A01,138Â 205Â 525,1.0,0.0,-1.0,1727339,3.0,7,,0.0,1.0,3.0,A01,138Â 205Â 525,1.0
1011932,201900053463,9,22,16:30,1,2,1,1.0,1.0,97610,Chemin de Dubai,M," -12,7461810","45,1878380",976,2019,50.0,1.0,1.0,4.0,2262922,1.0,1,3,1,5.0,,0.0,0,2004.0,B01,138Â 205Â 522,0.0,-1.0,-1.0,1727340,3.0,1,,0.0,2.0,1.0,B01,138Â 205Â 522,5.0
1011932,201900053463,9,22,16:30,1,2,1,1.0,1.0,97610,Chemin de Dubai,M," -12,7461810","45,1878380",976,2019,50.0,1.0,1.0,4.0,2262922,1.0,1,3,1,5.0,,0.0,0,2004.0,B01,138Â 205Â 522,0.0,-1.0,-1.0,1727341,3.0,7,,0.0,9.0,3.0,A01,138Â 205Â 523,1.0
1011932,201900053463,9,22,16:30,1,2,1,1.0,1.0,97610,Chemin de Dubai,M," -12,7461810","45,1878380",976,2019,50.0,1.0,1.0,4.0,2262923,1.0,1,1,2,5.0,,0.0,0,1968.0,A01,138Â 205Â 523,1.0,-1.0,-1.0,1727340,3.0,1,,0.0,2.0,1.0,B01,138Â 205Â 522,5.0
1011932,201900053463,9,22,16:30,1,2,1,1.0,1.0,97610,Chemin de Dubai,M," -12,7461810","45,1878380",976,2019,50.0,1.0,1.0,4.0,2262923,1.0,1,1,2,5.0,,0.0,0,1968.0,A01,138Â 205Â 523,1.0,-1.0,-1.0,1727341,3.0,7,,0.0,9.0,3.0,A01,138Â 205Â 523,1.0
1011933,201900053464,1,4,13:20,1,2,3,1.0,4.0,91174,JEAN JAURES (BOULEVARD),M,"48,6089250","2,4638720",91,2019,50.0,1.0,1.0,2.0,2262924,1.0,1,1,1,4.0,,-1.0,0,1985.0,A01,138Â 205Â 518,1.0,0.0,-1.0,1727342,2.0,10,,0.0,2.0,4.0,A01,138Â 205Â 518,1.0
1011933,201900053464,1,4,13:20,1,2,3,1.0,4.0,91174,JEAN JAURES (BOULEVARD),M,"48,6089250","2,4638720",91,2019,50.0,1.0,1.0,2.0,2262924,1.0,1,1,1,4.0,,-1.0,0,1985.0,A01,138Â 205Â 518,1.0,0.0,-1.0,1727343,2.0,7,,0.0,2.0,4.0,B01,138Â 205Â 520,1.0
1011933,201900053464,1,4,13:20,1,2,3,1.0,4.0,91174,JEAN JAURES (BOULEVARD),M,"48,6089250","2,4638720",91,2019,50.0,1.0,1.0,2.0,2262924,1.0,1,1,1,4.0,,-1.0,0,1985.0,A01,138Â 205Â 518,1.0,0.0,-1.0,1727344,2.0,7,,0.0,2.0,1.0,C01,138Â 205Â 521,1.0
1011933,201900053464,1,4,13:20,1,2,3,1.0,4.0,91174,JEAN JAURES (BOULEVARD),M,"48,6089250","2,4638720",91,2019,50.0,1.0,1.0,2.0,2262925,1.0,1,4,2,5.0,,0.0,0,1953.0,B01,138Â 205Â 520,1.0,0.0,-1.0,1727342,2.0,10,,0.0,2.0,4.0,A01,138Â 205Â 518,1.0
1011933,201900053464,1,4,13:20,1,2,3,1.0,4.0,91174,JEAN JAURES (BOULEVARD),M,"48,6089250","2,4638720",91,2019,50.0,1.0,1.0,2.0,2262925,1.0,1,4,2,5.0,,0.0,0,1953.0,B01,138Â 205Â 520,1.0,0.0,-1.0,1727343,2.0,7,,0.0,2.0,4.0,B01,138Â 205Â 520,1.0
1011933,201900053464,1,4,13:20,1,2,3,1.0,4.0,91174,JEAN JAURES (BOULEVARD),M,"48,6089250","2,4638720",91,2019,50.0,1.0,1.0,2.0,2262925,1.0,1,4,2,5.0,,0.0,0,1953.0,B01,138Â 205Â 520,1.0,0.0,-1.0,1727344,2.0,7,,0.0,2.0,1.0,C01,138Â 205Â 521,1.0
1011933,201900053464,1,4,13:20,1,2,3,1.0,4.0,91174,JEAN JAURES (BOULEVARD),M,"48,6089250","2,4638720",91,2019,50.0,1.0,1.0,2.0,2262926,1.0,1,4,2,5.0,,0.0,0,1999.0,C01,138Â 205Â 521,1.0,0.0,-1.0,1727342,2.0,10,,0.0,2.0,4.0,A01,138Â 205Â 518,1.0
1011933,201900053464,1,4,13:20,1,2,3,1.0,4.0,91174,JEAN JAURES (BOULEVARD),M,"48,6089250","2,4638720",91,2019,50.0,1.0,1.0,2.0,2262926,1.0,1,4,2,5.0,,0.0,0,1999.0,C01,138Â 205Â 521,1.0,0.0,-1.0,1727343,2.0,7,,0.0,2.0,4.0,B01,138Â 205Â 520,1.0
1011933,201900053464,1,4,13:20,1,2,3,1.0,4.0,91174,JEAN JAURES (BOULEVARD),M,"48,6089250","2,4638720",91,2019,50.0,1.0,1.0,2.0,2262926,1.0,1,4,2,5.0,,0.0,0,1999.0,C01,138Â 205Â 521,1.0,0.0,-1.0,1727344,2.0,7,,0.0,2.0,1.0,C01,138Â 205Â 521,1.0
1011934,201900053465,9,23,14:54,3,1,1,1.0,5.0,47324,la margagne,M,"44,6429920","0,7829958",47,2019,80.0,1.0,1.0,3.0,2262927,1.0,1,4,2,5.0,,0.0,0,1997.0,C01,138Â 205Â 516,1.0,-1.0,-1.0,1727345,2.0,7,,0.0,2.0,8.0,C01,138Â 205Â 516,1.0
1011934,201900053465,9,23,14:54,3,1,1,1.0,5.0,47324,la margagne,M,"44,6429920","0,7829958",47,2019,80.0,1.0,1.0,3.0,2262927,1.0,1,4,2,5.0,,0.0,0,1997.0,C01,138Â 205Â 516,1.0,-1.0,-1.0,1727346,2.0,13,,0.0,2.0,3.0,B01,138Â 205Â 517,1.0
1011934,201900053465,9,23,14:54,3,1,1,1.0,5.0,47324,la margagne,M,"44,6429920","0,7829958",47,2019,80.0,1.0,1.0,3.0,2262927,1.0,1,4,2,5.0,,0.0,0,1997.0,C01,138Â 205Â 516,1.0,-1.0,-1.0,1727347,0.0,7,,0.0,2.0,3.0,A01,138Â 205Â 519,1.0
1011934,201900053465,9,23,14:54,3,1,1,1.0,5.0,47324,la margagne,M,"44,6429920","0,7829958",47,2019,80.0,1.0,1.0,3.0,2262928,1.0,1,1,1,4.0,,0.0,0,1974.0,B01,138Â 205Â 517,1.0,-1.0,-1.0,1727345,2.0,7,,0.0,2.0,8.0,C01,138Â 205Â 516,1.0
1011934,201900053465,9,23,14:54,3,1,1,1.0,5.0,47324,la margagne,M,"44,6429920","0,7829958",47,2019,80.0,1.0,1.0,3.0,2262928,1.0,1,1,1,4.0,,0.0,0,1974.0,B01,138Â 205Â 517,1.0,-1.0,-1.0,1727346,2.0,13,,0.0,2.0,3.0,B01,138Â 205Â 517,1.0
1011934,201900053465,9,23,14:54,3,1,1,1.0,5.0,47324,la margagne,M,"44,6429920","0,7829958",47,2019,80.0,1.0,1.0,3.0,2262928,1.0,1,1,1,4.0,,0.0,0,1974.0,B01,138Â 205Â 517,1.0,-1.0,-1.0,1727347,0.0,7,,0.0,2.0,3.0,A01,138Â 205Â 519,1.0
1011934,201900053465,9,23,14:54,3,1,1,1.0,5.0,47324,la margagne,M,"44,6429920","0,7829958",47,2019,80.0,1.0,1.0,3.0,2262929,1.0,1,3,1,5.0,,0.0,0,1996.0,A01,138Â 205Â 519,1.0,-1.0,-1.0,1727345,2.0,7,,0.0,2.0,8.0,C01,138Â 205Â 516,1.0
1011934,201900053465,9,23,14:54,3,1,1,1.0,5.0,47324,la margagne,M,"44,6429920","0,7829958",47,2019,80.0,1.0,1.0,3.0,2262929,1.0,1,3,1,5.0,,0.0,0,1996.0,A01,138Â 205Â 519,1.0,-1.0,-1.0,1727346,2.0,13,,0.0,2.0,3.0,B01,138Â 205Â 517,1.0
1011934,201900053465,9,23,14:54,3,1,1,1.0,5.0,47324,la margagne,M,"44,6429920","0,7829958",47,2019,80.0,1.0,1.0,3.0,2262929,1.0,1,3,1,5.0,,0.0,0,1996.0,A01,138Â 205Â 519,1.0,-1.0,-1.0,1727347,0.0,7,,0.0,2.0,3.0,A01,138Â 205Â 519,1.0
1011935,201900053466,9,21,16:10,1,1,1,1.0,7.0,18079,Chemin de la Cote,M,"47,3048891","2,7315520",18,2019,80.0,1.0,1.0,3.0,2262930,1.0,1,2,1,5.0,,0.0,0,1993.0,A01,138Â 205Â 514,2.0,6.0,-1.0,1727348,2.0,33,,0.0,0.0,1.0,A01,138Â 205Â 514,1.0
1011936,201900053467,1,1,17:30,5,2,9,1.0,3.0,91479,GENERAL DE GAULLE (AVENUE DU),M,"48,7068000","2,3564000",91,2019,50.0,1.0,1.0,4.0,2262931,1.0,1,4,1,0.0,,0.0,0,1986.0,A01,138Â 205Â 513,2.0,6.0,-1.0,1727349,2.0,33,,0.0,2.0,1.0,A01,138Â 205Â 513,1.0
1011936,201900053467,1,1,17:30,5,2,9,1.0,3.0,91479,GENERAL DE GAULLE (AVENUE DU),M,"48,7068000","2,3564000",91,2019,50.0,1.0,1.0,4.0,2262931,1.0,1,4,1,0.0,,0.0,0,1986.0,A01,138Â 205Â 513,2.0,6.0,-1.0,1727350,2.0,10,,0.0,2.0,2.0,B01,138Â 205Â 515,1.0
1011936,201900053467,1,1,17:30,5,2,9,1.0,3.0,91479,GENERAL DE GAULLE (AVENUE DU),M,"48,7068000","2,3564000",91,2019,50.0,1.0,1.0,4.0,2262932,1.0,1,1,1,0.0,,0.0,0,1969.0,B01,138Â 205Â 515,1.0,0.0,-1.0,1727349,2.0,33,,0.0,2.0,1.0,A01,138Â 205Â 513,1.0
1011936,201900053467,1,1,17:30,5,2,9,1.0,3.0,91479,GENERAL DE GAULLE (AVENUE DU),M,"48,7068000","2,3564000",91,2019,50.0,1.0,1.0,4.0,2262932,1.0,1,1,1,0.0,,0.0,0,1969.0,B01,138Â 205Â 515,1.0,0.0,-1.0,1727350,2.0,10,,0.0,2.0,2.0,B01,138Â 205Â 515,1.0
1011937,201900053468,1,3,08:30,1,1,1,1.0,2.0,91425,NATIONALE 20 (ROUTE),M,"48,6450100","2,2701610",91,2019,70.0,1.0,1.0,3.0,2262933,1.0,1,4,2,1.0,,0.0,0,1992.0,B01,138Â 205Â 512,1.0,8.0,-1.0,1727351,2.0,10,,0.0,2.0,1.0,Z01,138Â 205Â 510,0.0
1011937,201900053468,1,3,08:30,1,1,1,1.0,2.0,91425,NATIONALE 20 (ROUTE),M,"48,6450100","2,2701610",91,2019,70.0,1.0,1.0,3.0,2262933,1.0,1,4,2,1.0,,0.0,0,1992.0,B01,138Â 205Â 512,1.0,8.0,-1.0,1727352,2.0,7,,0.0,2.0,4.0,B01,138Â 205Â 512,1.0
1011938,201900053469,9,25,11:55,1,2,9,1.0,6.0,41167,35 Rue Gustave Marc (Onzain),M,"47,4968390","1,1779510",41,2019,50.0,1.0,1.0,6.0,2262934,1.0,1,1,1,4.0,,0.0,0,1992.0,A01,138Â 205Â 511,1.0,-1.0,-1.0,1727353,3.0,10,,0.0,1.0,4.0,A01,138Â 205Â 511,1.0
1011938,201900053469,9,25,11:55,1,2,9,1.0,6.0,41167,35 Rue Gustave Marc (Onzain),M,"47,4968390","1,1779510",41,2019,50.0,1.0,1.0,6.0,2262935,10.0,3,2,2,3.0,,1.0,3,1952.0,A01,138Â 205Â 511,0.0,-1.0,-1.0,1727353,3.0,10,,0.0,1.0,4.0,A01,138Â 205Â 511,1.0
1011939,201900053470,1,3,16:40,1,2,1,1.0,6.0,85194,23 AVENUE DU GENERAL DE GAULLE ,M,"46,4986000"," -1,7812500",85,2019,50.0,1.0,1.0,4.0,2262936,1.0,1,1,2,4.0,,0.0,0,1972.0,A01,138Â 205Â 506,8.0,0.0,-1.0,1727354,3.0,7,,0.0,1.0,2.0,A01,138Â 205Â 506,1.0
1011939,201900053470,1,3,16:40,1,2,1,1.0,6.0,85194,23 AVENUE DU GENERAL DE GAULLE ,M,"46,4986000"," -1,7812500",85,2019,50.0,1.0,1.0,4.0,2262937,10.0,3,3,2,5.0,,3.0,3,1932.0,A01,138Â 205Â 506,8.0,0.0,-1.0,1727354,3.0,7,,0.0,1.0,2.0,A01,138Â 205Â 506,1.0
1011940,201900053471,1,3,19:15,5,2,1,6.0,6.0,84007,RHONE (Boulevard du ),M,"43,9507200","4,8024500",84,2019,50.0,1.0,1.0,4.0,2262938,10.0,3,3,1,5.0,,3.0,3,1942.0,A01,138Â 205Â 505,8.0,0.0,-1.0,1727355,3.0,7,,0.0,1.0,2.0,A01,138Â 205Â 505,1.0
1011940,201900053471,1,3,19:15,5,2,1,6.0,6.0,84007,RHONE (Boulevard du ),M,"43,9507200","4,8024500",84,2019,50.0,1.0,1.0,4.0,2262939,1.0,1,1,1,5.0,,-1.0, -1,1943.0,A01,138Â 205Â 505,1.0,0.0,-1.0,1727355,3.0,7,,0.0,1.0,2.0,A01,138Â 205Â 505,1.0
1011941,201900053472,1,1,16:30,1,2,1,1.0,6.0,84007,WETZLAR (Avenue de ),M,"43,9466800","4,8285600",84,2019,50.0,1.0,1.0,4.0,2262940,10.0,3,3,1,0.0,,3.0,3,1968.0,A01,138Â 205Â 504,8.0,0.0,-1.0,1727356,3.0,7,,0.0,1.0,3.0,A01,138Â 205Â 504,1.0
1011941,201900053472,1,1,16:30,1,2,1,1.0,6.0,84007,WETZLAR (Avenue de ),M,"43,9466800","4,8285600",84,2019,50.0,1.0,1.0,4.0,2262941,1.0,1,1,1,9.0,,-1.0, -1,1935.0,A01,138Â 205Â 504,1.0,0.0,-1.0,1727356,3.0,7,,0.0,1.0,3.0,A01,138Â 205Â 504,1.0
1011942,201900053473,1,5,08:00,1,2,1,1.0,3.0,83137,15EME CORPS (AVE DU),M,"43,1284600","5,9152700",83,2019,50.0,1.0,1.0,4.0,2262942,1.0,1,4,2,5.0,,0.0,0,1954.0,B01,138Â 205Â 500,1.0,8.0,-1.0,1727357,2.0,7,,0.0,2.0,5.0,B01,138Â 205Â 500,1.0
1011942,201900053473,1,5,08:00,1,2,1,1.0,3.0,83137,15EME CORPS (AVE DU),M,"43,1284600","5,9152700",83,2019,50.0,1.0,1.0,4.0,2262942,1.0,1,4,2,5.0,,0.0,0,1954.0,B01,138Â 205Â 500,1.0,8.0,-1.0,1727358,2.0,7,,0.0,2.0,3.0,A01,138Â 205Â 503,1.0
1011942,201900053473,1,5,08:00,1,2,1,1.0,3.0,83137,15EME CORPS (AVE DU),M,"43,1284600","5,9152700",83,2019,50.0,1.0,1.0,4.0,2262943,1.0,2,1,2,0.0,,0.0,0,1985.0,A01,138Â 205Â 503,1.0,0.0,-1.0,1727357,2.0,7,,0.0,2.0,5.0,B01,138Â 205Â 500,1.0
1011942,201900053473,1,5,08:00,1,2,1,1.0,3.0,83137,15EME CORPS (AVE DU),M,"43,1284600","5,9152700",83,2019,50.0,1.0,1.0,4.0,2262943,1.0,2,1,2,0.0,,0.0,0,1985.0,A01,138Â 205Â 503,1.0,0.0,-1.0,1727358,2.0,7,,0.0,2.0,3.0,A01,138Â 205Â 503,1.0