Unnamed: 0_x,num_acc,mois,jour,hrmn,lum,agg,int,atm,col,com,adr,gps,lat,long,dep,annee,vma,situ,surf,catr,Unnamed: 0_y,place,catu,grav,sexe,trajet,secu,locp,actp,an_nais,num_veh_x,id_vehicule_x,secu1,secu2,secu3,Unnamed: 0,senc,catv,occutc,obs,obsm,choc,num_veh_y,id_vehicule_y,motor
1011942,201900053473,1,5,08:00,1,2,1,1.0,3.0,83137,15EME CORPS (AVE DU),M,"43,1284600","5,9152700",83,2019,50.0,1.0,1.0,4.0,2262944,2.0,2,1,2,5.0,,0.0,0,1985.0,A01,138Â 205Â 503,1.0,8.0,-1.0,1727357,2.0,7,,0.0,2.0,5.0,B01,138Â 205Â 500,1.0
1011942,201900053473,1,5,08:00,1,2,1,1.0,3.0,83137,15EME CORPS (AVE DU),M,"43,1284600","5,9152700",83,2019,50.0,1.0,1.0,4.0,2262944,2.0,2,1,2,5.0,,0.0,0,1985.0,A01,138Â 205Â 503,1.0,8.0,-1.0,1727358,2.0,7,,0.0,2.0,3.0,A01,138Â 205Â 503,1.0
1011943,201900053474,1,2,11:10,1,2,1,1.0,3.0,83069,FONT DES HORTS (CHEMIN DE LA),M,"43,0915700","6,1230300",83,2019,50.0,1.0,1.0,4.0,2262945,1.0,1,3,1,0.0,,-1.0,0,1950.0,B01,138Â 205Â 498,2.0,6.0,-1.0,1727359,1.0,33,,0.0,2.0,7.0,B01,138Â 205Â 498,1.0
1011943,201900053474,1,2,11:10,1,2,1,1.0,3.0,83069,FONT DES HORTS (CHEMIN DE LA),M,"43,0915700","6,1230300",83,2019,50.0,1.0,1.0,4.0,2262945,1.0,1,3,1,0.0,,-1.0,0,1950.0,B01,138Â 205Â 498,2.0,6.0,-1.0,1727360,1.0,37,1.0,0.0,2.0,3.0,A01,138Â 205Â 499,1.0
1011943,201900053474,1,2,11:10,1,2,1,1.0,3.0,83069,FONT DES HORTS (CHEMIN DE LA),M,"43,0915700","6,1230300",83,2019,50.0,1.0,1.0,4.0,2262946,1.0,1,1,1,4.0,,-1.0,0,1981.0,A01,138Â 205Â 499,8.0,0.0,-1.0,1727359,1.0,33,,0.0,2.0,7.0,B01,138Â 205Â 498,1.0
1011943,201900053474,1,2,11:10,1,2,1,1.0,3.0,83069,FONT DES HORTS (CHEMIN DE LA),M,"43,0915700","6,1230300",83,2019,50.0,1.0,1.0,4.0,2262946,1.0,1,1,1,4.0,,-1.0,0,1981.0,A01,138Â 205Â 499,8.0,0.0,-1.0,1727360,1.0,37,1.0,0.0,2.0,3.0,A01,138Â 205Â 499,1.0
1011944,201900053475,1,5,15:40,1,2,3,1.0,6.0,82121,MOULIN (avenue jean )N2020,M,"44,0271300","1,3674600",82,2019,50.0,1.0,1.0,4.0,2262947,10.0,3,3,2,0.0,,4.0,3,1943.0,A01,138Â 205Â 497,8.0,0.0,-1.0,1727361,1.0,33,,0.0,1.0,1.0,A01,138Â 205Â 497,1.0
1011944,201900053475,1,5,15:40,1,2,3,1.0,6.0,82121,MOULIN (avenue jean )N2020,M,"44,0271300","1,3674600",82,2019,50.0,1.0,1.0,4.0,2262948,1.0,1,1,1,0.0,,-1.0, -1,1996.0,A01,138Â 205Â 497,2.0,6.0,-1.0,1727361,1.0,33,,0.0,1.0,1.0,A01,138Â 205Â 497,1.0
1011945,201900053476,9,12,14:00,1,2,2,1.0,3.0,12033,La Rotonde,M,"44,4695580","2,7292730",12,2019,50.0,1.0,1.0,3.0,2262949,1.0,1,1,2,1.0,,0.0,0,1980.0,A01,138Â 205Â 501,8.0,-1.0,-1.0,1727362,1.0,7,,0.0,2.0,3.0,A01,138Â 205Â 501,1.0
1011945,201900053476,9,12,14:00,1,2,2,1.0,3.0,12033,La Rotonde,M,"44,4695580","2,7292730",12,2019,50.0,1.0,1.0,3.0,2262949,1.0,1,1,2,1.0,,0.0,0,1980.0,A01,138Â 205Â 501,8.0,-1.0,-1.0,1727363,2.0,33,,0.0,2.0,1.0,B01,138Â 205Â 507,1.0
1011945,201900053476,9,12,14:00,1,2,2,1.0,3.0,12033,La Rotonde,M,"44,4695580","2,7292730",12,2019,50.0,1.0,1.0,3.0,2262950,1.0,1,3,1,5.0,,0.0,0,1949.0,B01,138Â 205Â 507,2.0,-1.0,-1.0,1727362,1.0,7,,0.0,2.0,3.0,A01,138Â 205Â 501,1.0
1011945,201900053476,9,12,14:00,1,2,2,1.0,3.0,12033,La Rotonde,M,"44,4695580","2,7292730",12,2019,50.0,1.0,1.0,3.0,2262950,1.0,1,3,1,5.0,,0.0,0,1949.0,B01,138Â 205Â 507,2.0,-1.0,-1.0,1727363,2.0,33,,0.0,2.0,1.0,B01,138Â 205Â 507,1.0
1011946,201900053477,9,24,17:40,1,2,7,1.0,3.0,83036,Boulevard Pasteur,M,"43,1697570","6,5332930",83,2019,50.0,1.0,1.0,4.0,2262951,1.0,1,3,1,5.0,,0.0,0,1947.0,B01,138Â 205Â 492,0.0,-1.0,-1.0,1727364,0.0,1,,0.0,2.0,7.0,B01,138Â 205Â 492,5.0
1011946,201900053477,9,24,17:40,1,2,7,1.0,3.0,83036,Boulevard Pasteur,M,"43,1697570","6,5332930",83,2019,50.0,1.0,1.0,4.0,2262951,1.0,1,3,1,5.0,,0.0,0,1947.0,B01,138Â 205Â 492,0.0,-1.0,-1.0,1727365,0.0,38,1.0,0.0,9.0,2.0,A01,138Â 205Â 493,1.0
1011946,201900053477,9,24,17:40,1,2,7,1.0,3.0,83036,Boulevard Pasteur,M,"43,1697570","6,5332930",83,2019,50.0,1.0,1.0,4.0,2262952,1.0,1,1,1,4.0,,0.0,0,1992.0,A01,138Â 205Â 493,1.0,-1.0,-1.0,1727364,0.0,1,,0.0,2.0,7.0,B01,138Â 205Â 492,5.0
1011946,201900053477,9,24,17:40,1,2,7,1.0,3.0,83036,Boulevard Pasteur,M,"43,1697570","6,5332930",83,2019,50.0,1.0,1.0,4.0,2262952,1.0,1,1,1,4.0,,0.0,0,1992.0,A01,138Â 205Â 493,1.0,-1.0,-1.0,1727365,0.0,38,1.0,0.0,9.0,2.0,A01,138Â 205Â 493,1.0
1011947,201900053478,9,24,12:10,1,2,1,2.0,7.0,62022,D 127,M,"50,7307910","1,8010590",62,2019,50.0,3.0,2.0,3.0,2262953,1.0,1,3,1,1.0,,0.0,0,1995.0,A01,138Â 205Â 490,1.0,-1.0,-1.0,1727366,2.0,7,,5.0,0.0,7.0,A01,138Â 205Â 490,1.0
1011948,201900053479,10,27,02:00,5,2,1,1.0,3.0,13202,ARENC (QUAI D'),M,"43,3133162","5,3662142",13,2019,50.0,1.0,1.0,4.0,2262954,1.0,1,4,1,0.0,,-1.0, -1,1986.0,A01,138Â 205Â 502,1.0,8.0,-1.0,1727367,2.0,7,,0.0,2.0,2.0,A01,138Â 205Â 502,0.0
1011948,201900053479,10,27,02:00,5,2,1,1.0,3.0,13202,ARENC (QUAI D'),M,"43,3133162","5,3662142",13,2019,50.0,1.0,1.0,4.0,2262954,1.0,1,4,1,0.0,,-1.0, -1,1986.0,A01,138Â 205Â 502,1.0,8.0,-1.0,1727368,1.0,7,,0.0,2.0,3.0,B01,138Â 205Â 524,1.0
1011948,201900053479,10,27,02:00,5,2,1,1.0,3.0,13202,ARENC (QUAI D'),M,"43,3133162","5,3662142",13,2019,50.0,1.0,1.0,4.0,2262955,2.0,2,4,2,0.0,,-1.0,0,1997.0,B01,138Â 205Â 524,1.0,0.0,-1.0,1727367,2.0,7,,0.0,2.0,2.0,A01,138Â 205Â 502,0.0
1011948,201900053479,10,27,02:00,5,2,1,1.0,3.0,13202,ARENC (QUAI D'),M,"43,3133162","5,3662142",13,2019,50.0,1.0,1.0,4.0,2262955,2.0,2,4,2,0.0,,-1.0,0,1997.0,B01,138Â 205Â 524,1.0,0.0,-1.0,1727368,1.0,7,,0.0,2.0,3.0,B01,138Â 205Â 524,1.0
1011948,201900053479,10,27,02:00,5,2,1,1.0,3.0,13202,ARENC (QUAI D'),M,"43,3133162","5,3662142",13,2019,50.0,1.0,1.0,4.0,2262956,1.0,1,4,2,0.0,,-1.0,0,2000.0,B01,138Â 205Â 524,1.0,8.0,-1.0,1727367,2.0,7,,0.0,2.0,2.0,A01,138Â 205Â 502,0.0
1011948,201900053479,10,27,02:00,5,2,1,1.0,3.0,13202,ARENC (QUAI D'),M,"43,3133162","5,3662142",13,2019,50.0,1.0,1.0,4.0,2262956,1.0,1,4,2,0.0,,-1.0,0,2000.0,B01,138Â 205Â 524,1.0,8.0,-1.0,1727368,1.0,7,,0.0,2.0,3.0,B01,138Â 205Â 524,1.0
1011949,201900053480,9,24,09:00,1,1,4,8.0,1.0,56179,Resterzerh,M,"47,8448810"," -3,4098900",56,2019,80.0,1.0,2.0,3.0,2262957,1.0,1,3,1,0.0,,0.0,0,1964.0,A01,138Â 205Â 486,1.0,-1.0,-1.0,1727369,1.0,7,,0.0,2.0,7.0,A01,138Â 205Â 486,1.0
1011949,201900053480,9,24,09:00,1,1,4,8.0,1.0,56179,Resterzerh,M,"47,8448810"," -3,4098900",56,2019,80.0,1.0,2.0,3.0,2262957,1.0,1,3,1,0.0,,0.0,0,1964.0,A01,138Â 205Â 486,1.0,-1.0,-1.0,1727370,2.0,10,,0.0,2.0,1.0,B01,138Â 205Â 488,1.0
1011949,201900053480,9,24,09:00,1,1,4,8.0,1.0,56179,Resterzerh,M,"47,8448810"," -3,4098900",56,2019,80.0,1.0,2.0,3.0,2262958,1.0,1,3,1,0.0,,0.0,0,1957.0,B01,138Â 205Â 488,1.0,-1.0,-1.0,1727369,1.0,7,,0.0,2.0,7.0,A01,138Â 205Â 486,1.0
1011949,201900053480,9,24,09:00,1,1,4,8.0,1.0,56179,Resterzerh,M,"47,8448810"," -3,4098900",56,2019,80.0,1.0,2.0,3.0,2262958,1.0,1,3,1,0.0,,0.0,0,1957.0,B01,138Â 205Â 488,1.0,-1.0,-1.0,1727370,2.0,10,,0.0,2.0,1.0,B01,138Â 205Â 488,1.0
1011950,201900053481,10,27,15:30,1,1,1,1.0,3.0,13005,THUILIERE (CHEMIN DE LA CD44),M,"43,2998100","5,5321800",13,2019,50.0,1.0,1.0,3.0,2262959,1.0,1,1,1,5.0,,-1.0, -1,1996.0,A01,138Â 205Â 485,1.0,0.0,-1.0,1727371,1.0,7,,0.0,2.0,7.0,A01,138Â 205Â 485,1.0
1011950,201900053481,10,27,15:30,1,1,1,1.0,3.0,13005,THUILIERE (CHEMIN DE LA CD44),M,"43,2998100","5,5321800",13,2019,50.0,1.0,1.0,3.0,2262959,1.0,1,1,1,5.0,,-1.0, -1,1996.0,A01,138Â 205Â 485,1.0,0.0,-1.0,1727372,2.0,33,,0.0,2.0,1.0,B01,138Â 205Â 487,1.0
1011950,201900053481,10,27,15:30,1,1,1,1.0,3.0,13005,THUILIERE (CHEMIN DE LA CD44),M,"43,2998100","5,5321800",13,2019,50.0,1.0,1.0,3.0,2262960,2.0,2,1,1,0.0,,-1.0,0,1996.0,A01,138Â 205Â 485,1.0,0.0,-1.0,1727371,1.0,7,,0.0,2.0,7.0,A01,138Â 205Â 485,1.0
1011950,201900053481,10,27,15:30,1,1,1,1.0,3.0,13005,THUILIERE (CHEMIN DE LA CD44),M,"43,2998100","5,5321800",13,2019,50.0,1.0,1.0,3.0,2262960,2.0,2,1,1,0.0,,-1.0,0,1996.0,A01,138Â 205Â 485,1.0,0.0,-1.0,1727372,2.0,33,,0.0,2.0,1.0,B01,138Â 205Â 487,1.0
1011950,201900053481,10,27,15:30,1,1,1,1.0,3.0,13005,THUILIERE (CHEMIN DE LA CD44),M,"43,2998100","5,5321800",13,2019,50.0,1.0,1.0,3.0,2262961,1.0,1,3,1,5.0,,-1.0,0,1988.0,B01,138Â 205Â 487,2.0,6.0,-1.0,1727371,1.0,7,,0.0,2.0,7.0,A01,138Â 205Â 485,1.0
1011950,201900053481,10,27,15:30,1,1,1,1.0,3.0,13005,THUILIERE (CHEMIN DE LA CD44),M,"43,2998100","5,5321800",13,2019,50.0,1.0,1.0,3.0,2262961,1.0,1,3,1,5.0,,-1.0,0,1988.0,B01,138Â 205Â 487,2.0,6.0,-1.0,1727372,2.0,33,,0.0,2.0,1.0,B01,138Â 205Â 487,1.0
1011951,201900053482,10,26,21:31,5,2,2,1.0,6.0,03185,avenue du PrÃ©sident Auriol,M,"46,3321929","2,5854933",3,2019,50.0,1.0,1.0,3.0,2262962,1.0,1,1,2,5.0,,0.0,0,1995.0,C01,138Â 205Â 481,1.0,8.0,-1.0,1727373,1.0,7,,0.0,2.0,8.0,C01,138Â 205Â 481,1.0
1011951,201900053482,10,26,21:31,5,2,2,1.0,6.0,03185,avenue du PrÃ©sident Auriol,M,"46,3321929","2,5854933",3,2019,50.0,1.0,1.0,3.0,2262962,1.0,1,1,2,5.0,,0.0,0,1995.0,C01,138Â 205Â 481,1.0,8.0,-1.0,1727374,2.0,2,,1.0,2.0,1.0,B01,138Â 205Â 483,1.0
1011951,201900053482,10,26,21:31,5,2,2,1.0,6.0,03185,avenue du PrÃ©sident Auriol,M,"46,3321929","2,5854933",3,2019,50.0,1.0,1.0,3.0,2262962,1.0,1,1,2,5.0,,0.0,0,1995.0,C01,138Â 205Â 481,1.0,8.0,-1.0,1727375,1.0,7,,0.0,2.0,3.0,A01,138Â 205Â 484,1.0
1011951,201900053482,10,26,21:31,5,2,2,1.0,6.0,03185,avenue du PrÃ©sident Auriol,M,"46,3321929","2,5854933",3,2019,50.0,1.0,1.0,3.0,2262963,1.0,1,3,1,5.0,,0.0,0,1999.0,B01,138Â 205Â 483,2.0,8.0,-1.0,1727373,1.0,7,,0.0,2.0,8.0,C01,138Â 205Â 481,1.0
1011951,201900053482,10,26,21:31,5,2,2,1.0,6.0,03185,avenue du PrÃ©sident Auriol,M,"46,3321929","2,5854933",3,2019,50.0,1.0,1.0,3.0,2262963,1.0,1,3,1,5.0,,0.0,0,1999.0,B01,138Â 205Â 483,2.0,8.0,-1.0,1727374,2.0,2,,1.0,2.0,1.0,B01,138Â 205Â 483,1.0
1011951,201900053482,10,26,21:31,5,2,2,1.0,6.0,03185,avenue du PrÃ©sident Auriol,M,"46,3321929","2,5854933",3,2019,50.0,1.0,1.0,3.0,2262963,1.0,1,3,1,5.0,,0.0,0,1999.0,B01,138Â 205Â 483,2.0,8.0,-1.0,1727375,1.0,7,,0.0,2.0,3.0,A01,138Â 205Â 484,1.0
1011952,201900053483,9,25,12:50,1,2,2,2.0,3.0,79062,Rue du Passage-des-Pierres,M,"46,8204250"," -0,6706510",79,2019,50.0,1.0,2.0,4.0,2262964,1.0,1,3,1,1.0,,0.0,0,2002.0,B01,138Â 205Â 480,2.0,-1.0,-1.0,1727376,2.0,2,,0.0,2.0,1.0,B01,138Â 205Â 480,1.0
1011952,201900053483,9,25,12:50,1,2,2,2.0,3.0,79062,Rue du Passage-des-Pierres,M,"46,8204250"," -0,6706510",79,2019,50.0,1.0,2.0,4.0,2262964,1.0,1,3,1,1.0,,0.0,0,2002.0,B01,138Â 205Â 480,2.0,-1.0,-1.0,1727377,1.0,7,,0.0,2.0,3.0,A01,138Â 205Â 482,1.0
1011952,201900053483,9,25,12:50,1,2,2,2.0,3.0,79062,Rue du Passage-des-Pierres,M,"46,8204250"," -0,6706510",79,2019,50.0,1.0,2.0,4.0,2262965,1.0,1,1,1,1.0,,-1.0, -1,1979.0,A01,138Â 205Â 482,1.0,-1.0,-1.0,1727376,2.0,2,,0.0,2.0,1.0,B01,138Â 205Â 480,1.0
1011952,201900053483,9,25,12:50,1,2,2,2.0,3.0,79062,Rue du Passage-des-Pierres,M,"46,8204250"," -0,6706510",79,2019,50.0,1.0,2.0,4.0,2262965,1.0,1,1,1,1.0,,-1.0, -1,1979.0,A01,138Â 205Â 482,1.0,-1.0,-1.0,1727377,1.0,7,,0.0,2.0,3.0,A01,138Â 205Â 482,1.0
1011953,201900053484,1,1,23:30,5,2,2,1.0,3.0,80021,R MORGAN,M,"49,8856500","2,3015600",80,2019,50.0,1.0,2.0,4.0,2262966,2.0,2,4,2,0.0,,-1.0,0,1989.0,B01,138Â 205Â 476,1.0,0.0,-1.0,1727378,0.0,7,,0.0,2.0,3.0,B01,138Â 205Â 476,1.0
1011953,201900053484,1,1,23:30,5,2,2,1.0,3.0,80021,R MORGAN,M,"49,8856500","2,3015600",80,2019,50.0,1.0,2.0,4.0,2262966,2.0,2,4,2,0.0,,-1.0,0,1989.0,B01,138Â 205Â 476,1.0,0.0,-1.0,1727379,0.0,7,,0.0,2.0,1.0,A01,138Â 205Â 477,1.0
1011953,201900053484,1,1,23:30,5,2,2,1.0,3.0,80021,R MORGAN,M,"49,8856500","2,3015600",80,2019,50.0,1.0,2.0,4.0,2262967,1.0,1,4,1,0.0,,-1.0,0,1986.0,B01,138Â 205Â 476,1.0,0.0,-1.0,1727378,0.0,7,,0.0,2.0,3.0,B01,138Â 205Â 476,1.0
1011953,201900053484,1,1,23:30,5,2,2,1.0,3.0,80021,R MORGAN,M,"49,8856500","2,3015600",80,2019,50.0,1.0,2.0,4.0,2262967,1.0,1,4,1,0.0,,-1.0,0,1986.0,B01,138Â 205Â 476,1.0,0.0,-1.0,1727379,0.0,7,,0.0,2.0,1.0,A01,138Â 205Â 477,1.0
1011953,201900053484,1,1,23:30,5,2,2,1.0,3.0,80021,R MORGAN,M,"49,8856500","2,3015600",80,2019,50.0,1.0,2.0,4.0,2262968,1.0,1,1,1,0.0,,-1.0,0,1995.0,A01,138Â 205Â 477,1.0,0.0,-1.0,1727378,0.0,7,,0.0,2.0,3.0,B01,138Â 205Â 476,1.0
1011953,201900053484,1,1,23:30,5,2,2,1.0,3.0,80021,R MORGAN,M,"49,8856500","2,3015600",80,2019,50.0,1.0,2.0,4.0,2262968,1.0,1,1,1,0.0,,-1.0,0,1995.0,A01,138Â 205Â 477,1.0,0.0,-1.0,1727379,0.0,7,,0.0,2.0,1.0,A01,138Â 205Â 477,1.0
1011954,201900053485,9,24,13:30,1,2,3,1.0,7.0,82173,D25,M,"43,8948260","1,1374310",82,2019,50.0,8.0,1.0,3.0,2262969,1.0,1,4,1,4.0,,0.0,0,1978.0,A01,138Â 205Â 474,1.0,-1.0,-1.0,1727380,1.0,14,,0.0,0.0,7.0,A01,138Â 205Â 474,1.0
1011954,201900053485,9,24,13:30,1,2,3,1.0,7.0,82173,D25,M,"43,8948260","1,1374310",82,2019,50.0,8.0,1.0,3.0,2262970,2.0,2,3,1,4.0,,0.0,0,1993.0,A01,138Â 205Â 474,1.0,-1.0,-1.0,1727380,1.0,14,,0.0,0.0,7.0,A01,138Â 205Â 474,1.0
1011955,201900053486,1,4,17:28,2,2,1,1.0,3.0,79329,2 boulevard Diepholz,M,"46,9813000"," -0,1977500",79,2019,50.0,8.0,1.0,6.0,2262971,1.0,1,1,2,1.0,,-1.0,0,1989.0,B01,138Â 205Â 473,1.0,8.0,8.0,1727381,3.0,7,,0.0,2.0,3.0,B01,138Â 205Â 473,1.0
1011955,201900053486,1,4,17:28,2,2,1,1.0,3.0,79329,2 boulevard Diepholz,M,"46,9813000"," -0,1977500",79,2019,50.0,8.0,1.0,6.0,2262971,1.0,1,1,2,1.0,,-1.0,0,1989.0,B01,138Â 205Â 473,1.0,8.0,8.0,1727382,3.0,33,,0.0,2.0,2.0,A01,138Â 205Â 475,1.0
1011955,201900053486,1,4,17:28,2,2,1,1.0,3.0,79329,2 boulevard Diepholz,M,"46,9813000"," -0,1977500",79,2019,50.0,8.0,1.0,6.0,2262972,1.0,1,4,1,1.0,,-1.0,0,1997.0,A01,138Â 205Â 475,2.0,6.0,8.0,1727381,3.0,7,,0.0,2.0,3.0,B01,138Â 205Â 473,1.0
1011955,201900053486,1,4,17:28,2,2,1,1.0,3.0,79329,2 boulevard Diepholz,M,"46,9813000"," -0,1977500",79,2019,50.0,8.0,1.0,6.0,2262972,1.0,1,4,1,1.0,,-1.0,0,1997.0,A01,138Â 205Â 475,2.0,6.0,8.0,1727382,3.0,33,,0.0,2.0,2.0,A01,138Â 205Â 475,1.0
1011956,201900053487,9,21,17:00,1,1,1,1.0,6.0,61484,RD 107  MALE,M,"48,2486290","0,7064900",61,2019,80.0,3.0,1.0,3.0,2262973,1.0,1,3,1,5.0,,0.0,0,1968.0,A01,138Â 205Â 472,2.0,6.0,-1.0,1727383,2.0,31,,7.0,0.0,2.0,A01,138Â 205Â 472,1.0
1011957,201900053488,1,4,11:15,1,2,3,1.0,3.0,79081,Rue du Stade,M,"46,3444100"," -0,3760100",79,2019,50.0,1.0,1.0,3.0,2262974,1.0,1,4,2,3.0,,-1.0, -1,1994.0,A01,138Â 205Â 470,1.0,8.0,8.0,1727384,1.0,7,,0.0,2.0,3.0,A01,138Â 205Â 470,1.0
1011957,201900053488,1,4,11:15,1,2,3,1.0,3.0,79081,Rue du Stade,M,"46,3444100"," -0,3760100",79,2019,50.0,1.0,1.0,3.0,2262974,1.0,1,4,2,3.0,,-1.0, -1,1994.0,A01,138Â 205Â 470,1.0,8.0,8.0,1727385,1.0,37,1.0,0.0,2.0,2.0,B01,138Â 205Â 471,1.0
1011957,201900053488,1,4,11:15,1,2,3,1.0,3.0,79081,Rue du Stade,M,"46,3444100"," -0,3760100",79,2019,50.0,1.0,1.0,3.0,2262975,2.0,2,3,2,3.0,,-1.0, -1,1972.0,A01,138Â 205Â 470,1.0,8.0,8.0,1727384,1.0,7,,0.0,2.0,3.0,A01,138Â 205Â 470,1.0
1011957,201900053488,1,4,11:15,1,2,3,1.0,3.0,79081,Rue du Stade,M,"46,3444100"," -0,3760100",79,2019,50.0,1.0,1.0,3.0,2262975,2.0,2,3,2,3.0,,-1.0, -1,1972.0,A01,138Â 205Â 470,1.0,8.0,8.0,1727385,1.0,37,1.0,0.0,2.0,2.0,B01,138Â 205Â 471,1.0
1011957,201900053488,1,4,11:15,1,2,3,1.0,3.0,79081,Rue du Stade,M,"46,3444100"," -0,3760100",79,2019,50.0,1.0,1.0,3.0,2262976,1.0,1,1,1,4.0,,-1.0, -1,1972.0,B01,138Â 205Â 471,1.0,8.0,8.0,1727384,1.0,7,,0.0,2.0,3.0,A01,138Â 205Â 470,1.0
1011957,201900053488,1,4,11:15,1,2,3,1.0,3.0,79081,Rue du Stade,M,"46,3444100"," -0,3760100",79,2019,50.0,1.0,1.0,3.0,2262976,1.0,1,1,1,4.0,,-1.0, -1,1972.0,B01,138Â 205Â 471,1.0,8.0,8.0,1727385,1.0,37,1.0,0.0,2.0,2.0,B01,138Â 205Â 471,1.0
1011958,201900053489,9,25,11:00,1,1,1,1.0,6.0,34107,CD14,M,"43,5848310","2,8676530",34,2019,80.0,3.0,1.0,3.0,2262977,1.0,1,2,1,5.0,,0.0,0,1923.0,A01,138Â 205Â 469,0.0,-1.0,-1.0,1727386,2.0,7,,13.0,0.0,3.0,A01,138Â 205Â 469,1.0
1011959,201900053490,9,19,16:15,1,1,1,1.0,1.0,38240,195 ROUTE DE L'HOPITAL,M,"45,3855960","4,9872510",38,2019,80.0,1.0,1.0,4.0,2262978,1.0,1,1,1,5.0,,0.0,0,1999.0,A01,138Â 205Â 466,1.0,-1.0,-1.0,1727387,3.0,7,,0.0,2.0,3.0,A01,138Â 205Â 466,1.0
1011959,201900053490,9,19,16:15,1,1,1,1.0,1.0,38240,195 ROUTE DE L'HOPITAL,M,"45,3855960","4,9872510",38,2019,80.0,1.0,1.0,4.0,2262978,1.0,1,1,1,5.0,,0.0,0,1999.0,A01,138Â 205Â 466,1.0,-1.0,-1.0,1727388,3.0,7,,0.0,2.0,3.0,B01,138Â 205Â 467,1.0
1011959,201900053490,9,19,16:15,1,1,1,1.0,1.0,38240,195 ROUTE DE L'HOPITAL,M,"45,3855960","4,9872510",38,2019,80.0,1.0,1.0,4.0,2262979,1.0,1,3,2,5.0,,0.0,0,1946.0,B01,138Â 205Â 467,1.0,-1.0,-1.0,1727387,3.0,7,,0.0,2.0,3.0,A01,138Â 205Â 466,1.0
1011959,201900053490,9,19,16:15,1,1,1,1.0,1.0,38240,195 ROUTE DE L'HOPITAL,M,"45,3855960","4,9872510",38,2019,80.0,1.0,1.0,4.0,2262979,1.0,1,3,2,5.0,,0.0,0,1946.0,B01,138Â 205Â 467,1.0,-1.0,-1.0,1727388,3.0,7,,0.0,2.0,3.0,B01,138Â 205Â 467,1.0
1011960,201900053491,9,23,08:49,1,2,1,7.0,6.0,03082,rue Jean-Jacques Rousseau,M,"46,2886601","2,7431319",3,2019,50.0,1.0,1.0,3.0,2262980,10.0,3,4,2,9.0,,4.0,3,1952.0,A01,138Â 205Â 464,0.0,-1.0,-1.0,1727389,1.0,7,,0.0,1.0,1.0,A01,138Â 205Â 464,1.0
1011960,201900053491,9,23,08:49,1,2,1,7.0,6.0,03082,rue Jean-Jacques Rousseau,M,"46,2886601","2,7431319",3,2019,50.0,1.0,1.0,3.0,2262981,1.0,1,1,1,1.0,,0.0,0,1991.0,A01,138Â 205Â 464,1.0,-1.0,-1.0,1727389,1.0,7,,0.0,1.0,1.0,A01,138Â 205Â 464,1.0
1011961,201900053492,10,27,10:35,1,2,2,2.0,3.0,75107,BOULEVARD SAINT GERMAIN,M,"48,8585157","2,3231162",75,2019,50.0,6.0,2.0,4.0,2262982,2.0,2,1,1,4.0,,0.0,0,1980.0,A01,138Â 205Â 478,1.0,0.0,-1.0,1727390,1.0,7,,0.0,2.0,2.0,A01,138Â 205Â 478,1.0
1011961,201900053492,10,27,10:35,1,2,2,2.0,3.0,75107,BOULEVARD SAINT GERMAIN,M,"48,8585157","2,3231162",75,2019,50.0,6.0,2.0,4.0,2262982,2.0,2,1,1,4.0,,0.0,0,1980.0,A01,138Â 205Â 478,1.0,0.0,-1.0,1727391,1.0,7,,0.0,2.0,8.0,B01,138Â 205Â 479,1.0
1011961,201900053492,10,27,10:35,1,2,2,2.0,3.0,75107,BOULEVARD SAINT GERMAIN,M,"48,8585157","2,3231162",75,2019,50.0,6.0,2.0,4.0,2262983,1.0,1,1,1,4.0,,0.0,0,1988.0,A01,138Â 205Â 478,1.0,0.0,-1.0,1727390,1.0,7,,0.0,2.0,2.0,A01,138Â 205Â 478,1.0
1011961,201900053492,10,27,10:35,1,2,2,2.0,3.0,75107,BOULEVARD SAINT GERMAIN,M,"48,8585157","2,3231162",75,2019,50.0,6.0,2.0,4.0,2262983,1.0,1,1,1,4.0,,0.0,0,1988.0,A01,138Â 205Â 478,1.0,0.0,-1.0,1727391,1.0,7,,0.0,2.0,8.0,B01,138Â 205Â 479,1.0
1011961,201900053492,10,27,10:35,1,2,2,2.0,3.0,75107,BOULEVARD SAINT GERMAIN,M,"48,8585157","2,3231162",75,2019,50.0,6.0,2.0,4.0,2262984,2.0,2,1,1,5.0,,0.0,0,1967.0,B01,138Â 205Â 479,1.0,0.0,-1.0,1727390,1.0,7,,0.0,2.0,2.0,A01,138Â 205Â 478,1.0
1011961,201900053492,10,27,10:35,1,2,2,2.0,3.0,75107,BOULEVARD SAINT GERMAIN,M,"48,8585157","2,3231162",75,2019,50.0,6.0,2.0,4.0,2262984,2.0,2,1,1,5.0,,0.0,0,1967.0,B01,138Â 205Â 479,1.0,0.0,-1.0,1727391,1.0,7,,0.0,2.0,8.0,B01,138Â 205Â 479,1.0
1011961,201900053492,10,27,10:35,1,2,2,2.0,3.0,75107,BOULEVARD SAINT GERMAIN,M,"48,8585157","2,3231162",75,2019,50.0,6.0,2.0,4.0,2262985,1.0,1,4,2,5.0,,0.0,0,1967.0,B01,138Â 205Â 479,1.0,0.0,-1.0,1727390,1.0,7,,0.0,2.0,2.0,A01,138Â 205Â 478,1.0
1011961,201900053492,10,27,10:35,1,2,2,2.0,3.0,75107,BOULEVARD SAINT GERMAIN,M,"48,8585157","2,3231162",75,2019,50.0,6.0,2.0,4.0,2262985,1.0,1,4,2,5.0,,0.0,0,1967.0,B01,138Â 205Â 479,1.0,0.0,-1.0,1727391,1.0,7,,0.0,2.0,8.0,B01,138Â 205Â 479,1.0