Unnamed: 0_x,num_acc,mois,jour,hrmn,lum,agg,int,atm,col,com,adr,gps,lat,long,dep,annee,vma,situ,surf,catr,Unnamed: 0_y,place,catu,grav,sexe,trajet,secu,locp,actp,an_nais,num_veh_x,id_vehicule_x,secu1,secu2,secu3,Unnamed: 0,senc,catv,occutc,obs,obsm,choc,num_veh_y,id_vehicule_y,motor
1011962,201900053493,1,3,04:07,3,1,1,1.0,6.0,77294,CD 309,M,"48,9689800","2,5914400",77,2019,80.0,1.0,1.0,3.0,2262986,10.0,3,2,1,0.0,,1.0,1,1970.0,A01,138Â 205Â 463,8.0,0.0,-1.0,1727392,1.0,16,,0.0,1.0,2.0,A01,138Â 205Â 463,1.0
1011962,201900053493,1,3,04:07,3,1,1,1.0,6.0,77294,CD 309,M,"48,9689800","2,5914400",77,2019,80.0,1.0,1.0,3.0,2262987,1.0,1,1,1,1.0,,0.0,0,1969.0,A01,138Â 205Â 463,1.0,0.0,-1.0,1727392,1.0,16,,0.0,1.0,2.0,A01,138Â 205Â 463,1.0
1011963,201900053494,9,23,18:55,1,1,3,1.0,3.0,26027,intersection D157 et D739,M,"44,7289920","5,2745080",26,2019,80.0,1.0,1.0,3.0,2262988,1.0,1,1,1,5.0,,0.0,0,1951.0,A01,138Â 205Â 461,1.0,-1.0,-1.0,1727393,1.0,7,,0.0,2.0,2.0,A01,138Â 205Â 461,1.0
1011963,201900053494,9,23,18:55,1,1,3,1.0,3.0,26027,intersection D157 et D739,M,"44,7289920","5,2745080",26,2019,80.0,1.0,1.0,3.0,2262988,1.0,1,1,1,5.0,,0.0,0,1951.0,A01,138Â 205Â 461,1.0,-1.0,-1.0,1727394,2.0,30,,0.0,2.0,7.0,B01,138Â 205Â 462,1.0
1011963,201900053494,9,23,18:55,1,1,3,1.0,3.0,26027,intersection D157 et D739,M,"44,7289920","5,2745080",26,2019,80.0,1.0,1.0,3.0,2262989,1.0,1,4,1,1.0,,0.0,0,2001.0,B01,138Â 205Â 462,2.0,6.0,-1.0,1727393,1.0,7,,0.0,2.0,2.0,A01,138Â 205Â 461,1.0
1011963,201900053494,9,23,18:55,1,1,3,1.0,3.0,26027,intersection D157 et D739,M,"44,7289920","5,2745080",26,2019,80.0,1.0,1.0,3.0,2262989,1.0,1,4,1,1.0,,0.0,0,2001.0,B01,138Â 205Â 462,2.0,6.0,-1.0,1727394,2.0,30,,0.0,2.0,7.0,B01,138Â 205Â 462,1.0
1011964,201900053495,1,2,18:40,3,1,9,1.0,6.0,77518,D607 X BRET. INSERTION CC.,M,"48,5039500","2,5760800",77,2019,80.0,1.0,1.0,3.0,2262990,2.0,2,1,2,-1.0,,-1.0, -1,2007.0,A01,138Â 205Â 460,1.0,-1.0,-1.0,1727395,2.0,7,,0.0,1.0,3.0,A01,138Â 205Â 460,0.0
1011964,201900053495,1,2,18:40,3,1,9,1.0,6.0,77518,D607 X BRET. INSERTION CC.,M,"48,5039500","2,5760800",77,2019,80.0,1.0,1.0,3.0,2262991,10.0,3,2,1,9.0,,1.0,3,1981.0,A01,138Â 205Â 460,8.0,0.0,-1.0,1727395,2.0,7,,0.0,1.0,3.0,A01,138Â 205Â 460,0.0
1011964,201900053495,1,2,18:40,3,1,9,1.0,6.0,77518,D607 X BRET. INSERTION CC.,M,"48,5039500","2,5760800",77,2019,80.0,1.0,1.0,3.0,2262992,1.0,1,1,2,3.0,,0.0,0,1985.0,A01,138Â 205Â 460,8.0,0.0,-1.0,1727395,2.0,7,,0.0,1.0,3.0,A01,138Â 205Â 460,0.0
1011965,201900053496,9,25,07:15,2,2,1,1.0,3.0,06007,101 Route de Grasse,M,"43,6089150","6,9154930",6,2019,-1.0,1.0,1.0,3.0,2262993,1.0,1,1,1,1.0,,0.0,0,1953.0,B01,138Â 205Â 458,1.0,-1.0,-1.0,1727396,1.0,7,,0.0,2.0,3.0,B01,138Â 205Â 458,1.0
1011965,201900053496,9,25,07:15,2,2,1,1.0,3.0,06007,101 Route de Grasse,M,"43,6089150","6,9154930",6,2019,-1.0,1.0,1.0,3.0,2262993,1.0,1,1,1,1.0,,0.0,0,1953.0,B01,138Â 205Â 458,1.0,-1.0,-1.0,1727397,1.0,2,,0.0,2.0,2.0,A01,138Â 205Â 459,1.0
1011965,201900053496,9,25,07:15,2,2,1,1.0,3.0,06007,101 Route de Grasse,M,"43,6089150","6,9154930",6,2019,-1.0,1.0,1.0,3.0,2262994,1.0,1,4,1,1.0,,0.0,0,1964.0,A01,138Â 205Â 459,2.0,9.0,-1.0,1727396,1.0,7,,0.0,2.0,3.0,B01,138Â 205Â 458,1.0
1011965,201900053496,9,25,07:15,2,2,1,1.0,3.0,06007,101 Route de Grasse,M,"43,6089150","6,9154930",6,2019,-1.0,1.0,1.0,3.0,2262994,1.0,1,4,1,1.0,,0.0,0,1964.0,A01,138Â 205Â 459,2.0,9.0,-1.0,1727397,1.0,2,,0.0,2.0,2.0,A01,138Â 205Â 459,1.0
1011966,201900053497,1,5,14:45,1,2,1,1.0,6.0,77243,MAL DE LATTRE DE TASSIGNY (AVENUE DU),M,"48,8780700","2,7000400",77,2019,50.0,1.0,1.0,4.0,2262995,1.0,1,3,1,0.0,,-1.0,0,1973.0,A01,138Â 205Â 457,8.0,0.0,-1.0,1727398,2.0,10,,9.0,0.0,2.0,A01,138Â 205Â 457,1.0
1011967,201900053498,1,3,13:25,1,2,1,1.0,3.0,76351,PAUL VERLAINE (AVENUE),M,"49,5095100","0,1522600",76,2019,30.0,1.0,1.0,4.0,2262996,1.0,1,4,1,5.0,,0.0,0,1996.0,B01,138Â 205Â 453,8.0,0.0,-1.0,1727399,0.0,7,,0.0,2.0,1.0,A01,138Â 205Â 452,0.0
1011967,201900053498,1,3,13:25,1,2,1,1.0,3.0,76351,PAUL VERLAINE (AVENUE),M,"49,5095100","0,1522600",76,2019,30.0,1.0,1.0,4.0,2262996,1.0,1,4,1,5.0,,0.0,0,1996.0,B01,138Â 205Â 453,8.0,0.0,-1.0,1727400,0.0,1,,0.0,2.0,7.0,B01,138Â 205Â 453,5.0
1011968,201900053499,9,11,18:15,1,1,1,6.0,1.0,14005,D40,M,"49,0792430"," -0,1434660",14,2019,80.0,1.0,1.0,3.0,2262997,1.0,1,3,2,1.0,,0.0,0,1965.0,A01,138Â 205Â 455,1.0,-1.0,-1.0,1727401,2.0,7,,0.0,2.0,4.0,A01,138Â 205Â 455,1.0
1011968,201900053499,9,11,18:15,1,1,1,6.0,1.0,14005,D40,M,"49,0792430"," -0,1434660",14,2019,80.0,1.0,1.0,3.0,2262997,1.0,1,3,2,1.0,,0.0,0,1965.0,A01,138Â 205Â 455,1.0,-1.0,-1.0,1727402,1.0,10,,0.0,2.0,1.0,B01,138Â 205Â 456,1.0
1011968,201900053499,9,11,18:15,1,1,1,6.0,1.0,14005,D40,M,"49,0792430"," -0,1434660",14,2019,80.0,1.0,1.0,3.0,2262998,1.0,1,1,1,4.0,,0.0,0,1959.0,B01,138Â 205Â 456,1.0,-1.0,-1.0,1727401,2.0,7,,0.0,2.0,4.0,A01,138Â 205Â 455,1.0
1011968,201900053499,9,11,18:15,1,1,1,6.0,1.0,14005,D40,M,"49,0792430"," -0,1434660",14,2019,80.0,1.0,1.0,3.0,2262998,1.0,1,1,1,4.0,,0.0,0,1959.0,B01,138Â 205Â 456,1.0,-1.0,-1.0,1727402,1.0,10,,0.0,2.0,1.0,B01,138Â 205Â 456,1.0
1011969,201900053500,1,3,17:30,5,2,6,1.0,6.0,76351,MARCEAU (RUE),M,"49,4914900","0,1329700",76,2019,50.0,1.0,1.0,4.0,2262999,10.0,3,4,2,4.0,,3.0,3,1999.0,Z01,138Â 205Â 450,8.0,0.0,-1.0,1727403,0.0,7,,0.0,1.0,1.0,Z01,138Â 205Â 450,0.0
1011970,201900053501,9,25,15:05,1,2,1,2.0,6.0,60471,50 Avenue Jean JaurÃ¨s,M,"49,5764235","2,9919733",60,2019,50.0,1.0,2.0,3.0,2263000,10.0,3,4,2,3.0,,3.0,3,1997.0,A01,138Â 205Â 451,0.0,-1.0,-1.0,1727404,0.0,7,,0.0,0.0,3.0,A01,138Â 205Â 451,1.0
1011970,201900053501,9,25,15:05,1,2,1,2.0,6.0,60471,50 Avenue Jean JaurÃ¨s,M,"49,5764235","2,9919733",60,2019,50.0,1.0,2.0,3.0,2263001,1.0,1,1,2,5.0,,0.0,0,1995.0,A01,138Â 205Â 451,1.0,-1.0,-1.0,1727404,0.0,7,,0.0,0.0,3.0,A01,138Â 205Â 451,1.0
1011971,201900053502,1,4,11:20,1,2,1,1.0,6.0,76259,FORTS ( RUE DES),M,"49,7549000","0,3813000",76,2019,50.0,1.0,1.0,4.0,2263002,2.0,2,1,2,4.0,,0.0,0,1971.0,B01,138Â 205Â 446,8.0,0.0,-1.0,1727405,3.0,7,,1.0,0.0,3.0,B01,138Â 205Â 446,1.0
1011971,201900053502,1,4,11:20,1,2,1,1.0,6.0,76259,FORTS ( RUE DES),M,"49,7549000","0,3813000",76,2019,50.0,1.0,1.0,4.0,2263002,2.0,2,1,2,4.0,,0.0,0,1971.0,B01,138Â 205Â 446,8.0,0.0,-1.0,1727406,1.0,10,,1.0,1.0,2.0,A01,138Â 205Â 447,1.0
1011971,201900053502,1,4,11:20,1,2,1,1.0,6.0,76259,FORTS ( RUE DES),M,"49,7549000","0,3813000",76,2019,50.0,1.0,1.0,4.0,2263003,1.0,1,3,2,4.0,,0.0,0,1967.0,B01,138Â 205Â 446,8.0,0.0,-1.0,1727405,3.0,7,,1.0,0.0,3.0,B01,138Â 205Â 446,1.0
1011971,201900053502,1,4,11:20,1,2,1,1.0,6.0,76259,FORTS ( RUE DES),M,"49,7549000","0,3813000",76,2019,50.0,1.0,1.0,4.0,2263003,1.0,1,3,2,4.0,,0.0,0,1967.0,B01,138Â 205Â 446,8.0,0.0,-1.0,1727406,1.0,10,,1.0,1.0,2.0,A01,138Â 205Â 447,1.0
1011971,201900053502,1,4,11:20,1,2,1,1.0,6.0,76259,FORTS ( RUE DES),M,"49,7549000","0,3813000",76,2019,50.0,1.0,1.0,4.0,2263004,1.0,1,1,1,4.0,,0.0,A,1983.0,A01,138Â 205Â 447,8.0,0.0,-1.0,1727405,3.0,7,,1.0,0.0,3.0,B01,138Â 205Â 446,1.0
1011971,201900053502,1,4,11:20,1,2,1,1.0,6.0,76259,FORTS ( RUE DES),M,"49,7549000","0,3813000",76,2019,50.0,1.0,1.0,4.0,2263004,1.0,1,1,1,4.0,,0.0,A,1983.0,A01,138Â 205Â 447,8.0,0.0,-1.0,1727406,1.0,10,,1.0,1.0,2.0,A01,138Â 205Â 447,1.0
1011972,201900053503,9,25,11:00,1,1,1,3.0,6.0,40211,Route du Haou,M,"43,6405000"," -1,1772810",40,2019,80.0,3.0,2.0,3.0,2263005,1.0,1,2,1,3.0,,0.0,0,1941.0,A01,138Â 205Â 445,0.0,-1.0,-1.0,1727407,2.0,7,,2.0,0.0,2.0,A01,138Â 205Â 445,1.0
1011973,201900053504,1,3,14:15,1,1,9,1.0,3.0,76545,BOURBON (COURS),M,"49,9148600","1,0943600",76,2019,30.0,1.0,2.0,6.0,2263006,1.0,1,1,1,0.0,,-1.0,0,1998.0,B01,138Â 205Â 443,1.0,0.0,-1.0,1727408,3.0,7,,0.0,2.0,2.0,B01,138Â 205Â 443,1.0
1011973,201900053504,1,3,14:15,1,1,9,1.0,3.0,76545,BOURBON (COURS),M,"49,9148600","1,0943600",76,2019,30.0,1.0,2.0,6.0,2263006,1.0,1,1,1,0.0,,-1.0,0,1998.0,B01,138Â 205Â 443,1.0,0.0,-1.0,1727409,3.0,32,,0.0,2.0,8.0,A01,138Â 205Â 444,1.0
1011973,201900053504,1,3,14:15,1,1,9,1.0,3.0,76545,BOURBON (COURS),M,"49,9148600","1,0943600",76,2019,30.0,1.0,2.0,6.0,2263007,1.0,1,4,1,0.0,,-1.0,0,2003.0,A01,138Â 205Â 444,2.0,6.0,-1.0,1727408,3.0,7,,0.0,2.0,2.0,B01,138Â 205Â 443,1.0
1011973,201900053504,1,3,14:15,1,1,9,1.0,3.0,76545,BOURBON (COURS),M,"49,9148600","1,0943600",76,2019,30.0,1.0,2.0,6.0,2263007,1.0,1,4,1,0.0,,-1.0,0,2003.0,A01,138Â 205Â 444,2.0,6.0,-1.0,1727409,3.0,32,,0.0,2.0,8.0,A01,138Â 205Â 444,1.0
1011974,201900053505,9,25,09:00,1,1,1,1.0,6.0,04124,RD 11,M,"43,7772870","6,1262240",4,2019,80.0,1.0,1.0,3.0,2263008,1.0,1,3,1,4.0,,0.0,0,1966.0,A01,138Â 205Â 441,1.0,-1.0,-1.0,1727410,1.0,17,,0.0,2.0,8.0,A01,138Â 205Â 441,1.0
1011974,201900053505,9,25,09:00,1,1,1,1.0,6.0,04124,RD 11,M,"43,7772870","6,1262240",4,2019,80.0,1.0,1.0,3.0,2263008,1.0,1,3,1,4.0,,0.0,0,1966.0,A01,138Â 205Â 441,1.0,-1.0,-1.0,1727411,2.0,17,,0.0,2.0,8.0,B01,138Â 205Â 442,1.0
1011974,201900053505,9,25,09:00,1,1,1,1.0,6.0,04124,RD 11,M,"43,7772870","6,1262240",4,2019,80.0,1.0,1.0,3.0,2263009,1.0,1,4,1,4.0,,0.0,0,2000.0,B01,138Â 205Â 442,1.0,-1.0,-1.0,1727410,1.0,17,,0.0,2.0,8.0,A01,138Â 205Â 441,1.0
1011974,201900053505,9,25,09:00,1,1,1,1.0,6.0,04124,RD 11,M,"43,7772870","6,1262240",4,2019,80.0,1.0,1.0,3.0,2263009,1.0,1,4,1,4.0,,0.0,0,2000.0,B01,138Â 205Â 442,1.0,-1.0,-1.0,1727411,2.0,17,,0.0,2.0,8.0,B01,138Â 205Â 442,1.0
1011975,201900053506,1,1,04:34,3,1,1,9.0,6.0,73011,Voie sur berges (RD 1212),M,"45,6652586","6,3906546",73,2019,70.0,1.0,2.0,3.0,2263010,1.0,1,2,1,5.0,,0.0,0,1997.0,A01,138Â 205Â 440,0.0,0.0,0.0,1727412,2.0,7,,4.0,0.0,9.0,A01,138Â 205Â 440,1.0
1011976,201900053507,1,4,10:30,1,2,1,8.0,7.0,71040,MOULIN (RUE DU),M,"46,7121050","4,4004000",71,2019,50.0,1.0,7.0,4.0,2263011,1.0,1,4,1,9.0,,0.0,0,2003.0,A01,138Â 205Â 438,2.0,6.0,-1.0,1727413,0.0,30,,0.0,0.0,0.0,A01,138Â 205Â 438,1.0
1011977,201900053508,1,4,01:50,3,1,1,1.0,7.0,71540,RD 290 PR 5+900,M,"46,7708400","4,4715900",71,2019,80.0,1.0,1.0,3.0,2263012,1.0,1,4,1,0.0,,0.0,0,1983.0,A01,138Â 205Â 437,1.0,0.0,-1.0,1727414,3.0,7,,13.0,0.0,2.0,A01,138Â 205Â 437,1.0
1011978,201900053509,9,25,14:40,1,2,1,2.0,1.0,27226,Route dÃ©partementale 6,M,"49,3001190","1,6084600",27,2019,50.0,1.0,2.0,3.0,2263013,1.0,1,1,2,0.0,,0.0,0,1972.0,A01,138Â 205Â 434,1.0,-1.0,-1.0,1727415,1.0,10,,0.0,2.0,2.0,A01,138Â 205Â 434,1.0
1011978,201900053509,9,25,14:40,1,2,1,2.0,1.0,27226,Route dÃ©partementale 6,M,"49,3001190","1,6084600",27,2019,50.0,1.0,2.0,3.0,2263013,1.0,1,1,2,0.0,,0.0,0,1972.0,A01,138Â 205Â 434,1.0,-1.0,-1.0,1727416,2.0,7,,6.0,0.0,3.0,B01,138Â 205Â 436,1.0
1011978,201900053509,9,25,14:40,1,2,1,2.0,1.0,27226,Route dÃ©partementale 6,M,"49,3001190","1,6084600",27,2019,50.0,1.0,2.0,3.0,2263014,1.0,1,3,1,5.0,,0.0,0,1938.0,B01,138Â 205Â 436,1.0,-1.0,-1.0,1727415,1.0,10,,0.0,2.0,2.0,A01,138Â 205Â 434,1.0
1011978,201900053509,9,25,14:40,1,2,1,2.0,1.0,27226,Route dÃ©partementale 6,M,"49,3001190","1,6084600",27,2019,50.0,1.0,2.0,3.0,2263014,1.0,1,3,1,5.0,,0.0,0,1938.0,B01,138Â 205Â 436,1.0,-1.0,-1.0,1727416,2.0,7,,6.0,0.0,3.0,B01,138Â 205Â 436,1.0
1011979,201900053510,1,3,07:40,5,2,1,1.0,3.0,69256,ROGER SALENGRO                      (R ),M,"45,7578000","4,9286500",69,2019,50.0,2.0,1.0,4.0,2263015,1.0,1,4,1,1.0,,-1.0,0,2001.0,B01,138Â 205Â 433,2.0,0.0,-1.0,1727417,1.0,2,,0.0,2.0,3.0,B01,138Â 205Â 433,1.0
1011979,201900053510,1,3,07:40,5,2,1,1.0,3.0,69256,ROGER SALENGRO                      (R ),M,"45,7578000","4,9286500",69,2019,50.0,2.0,1.0,4.0,2263015,1.0,1,4,1,1.0,,-1.0,0,2001.0,B01,138Â 205Â 433,2.0,0.0,-1.0,1727418,2.0,7,,0.0,2.0,3.0,A01,138Â 205Â 435,1.0
1011979,201900053510,1,3,07:40,5,2,1,1.0,3.0,69256,ROGER SALENGRO                      (R ),M,"45,7578000","4,9286500",69,2019,50.0,2.0,1.0,4.0,2263016,1.0,1,1,1,0.0,,-1.0,0,1994.0,A01,138Â 205Â 435,1.0,8.0,-1.0,1727417,1.0,2,,0.0,2.0,3.0,B01,138Â 205Â 433,1.0
1011979,201900053510,1,3,07:40,5,2,1,1.0,3.0,69256,ROGER SALENGRO                      (R ),M,"45,7578000","4,9286500",69,2019,50.0,2.0,1.0,4.0,2263016,1.0,1,1,1,0.0,,-1.0,0,1994.0,A01,138Â 205Â 435,1.0,8.0,-1.0,1727418,2.0,7,,0.0,2.0,3.0,A01,138Â 205Â 435,1.0
1011980,201900053511,9,25,00:45,3,1,4,1.0,3.0,27324,D17,M,"49,3644700","1,7417450",27,2019,80.0,1.0,2.0,3.0,2263017,2.0,2,4,1,0.0,,0.0,0,2002.0,B01,138Â 205Â 430,0.0,-1.0,-1.0,1727419,2.0,2,,0.0,2.0,1.0,B01,138Â 205Â 430,1.0
1011980,201900053511,9,25,00:45,3,1,4,1.0,3.0,27324,D17,M,"49,3644700","1,7417450",27,2019,80.0,1.0,2.0,3.0,2263017,2.0,2,4,1,0.0,,0.0,0,2002.0,B01,138Â 205Â 430,0.0,-1.0,-1.0,1727420,1.0,2,,0.0,2.0,1.0,A01,138Â 205Â 431,1.0
1011980,201900053511,9,25,00:45,3,1,4,1.0,3.0,27324,D17,M,"49,3644700","1,7417450",27,2019,80.0,1.0,2.0,3.0,2263018,1.0,1,4,1,0.0,,0.0,0,2001.0,B01,138Â 205Â 430,2.0,-1.0,-1.0,1727419,2.0,2,,0.0,2.0,1.0,B01,138Â 205Â 430,1.0
1011980,201900053511,9,25,00:45,3,1,4,1.0,3.0,27324,D17,M,"49,3644700","1,7417450",27,2019,80.0,1.0,2.0,3.0,2263018,1.0,1,4,1,0.0,,0.0,0,2001.0,B01,138Â 205Â 430,2.0,-1.0,-1.0,1727420,1.0,2,,0.0,2.0,1.0,A01,138Â 205Â 431,1.0
1011980,201900053511,9,25,00:45,3,1,4,1.0,3.0,27324,D17,M,"49,3644700","1,7417450",27,2019,80.0,1.0,2.0,3.0,2263019,1.0,1,3,1,0.0,,0.0,0,2002.0,A01,138Â 205Â 431,2.0,-1.0,-1.0,1727419,2.0,2,,0.0,2.0,1.0,B01,138Â 205Â 430,1.0
1011980,201900053511,9,25,00:45,3,1,4,1.0,3.0,27324,D17,M,"49,3644700","1,7417450",27,2019,80.0,1.0,2.0,3.0,2263019,1.0,1,3,1,0.0,,0.0,0,2002.0,A01,138Â 205Â 431,2.0,-1.0,-1.0,1727420,1.0,2,,0.0,2.0,1.0,A01,138Â 205Â 431,1.0
1011981,201900053512,1,1,18:50,5,2,3,1.0,3.0,69282,LOUIS SAULNIER                      (R ),M,"45,7628200","5,0021100",69,2019,50.0,1.0,1.0,4.0,2263020,1.0,1,1,1,5.0,,-1.0,0,1997.0,A01,138Â 205Â 429,1.0,0.0,-1.0,1727421,2.0,10,,0.0,2.0,1.0,A01,138Â 205Â 429,1.0
1011981,201900053512,1,1,18:50,5,2,3,1.0,3.0,69282,LOUIS SAULNIER                      (R ),M,"45,7628200","5,0021100",69,2019,50.0,1.0,1.0,4.0,2263020,1.0,1,1,1,5.0,,-1.0,0,1997.0,A01,138Â 205Â 429,1.0,0.0,-1.0,1727422,2.0,10,,0.0,2.0,2.0,B01,138Â 205Â 432,1.0
1011981,201900053512,1,1,18:50,5,2,3,1.0,3.0,69282,LOUIS SAULNIER                      (R ),M,"45,7628200","5,0021100",69,2019,50.0,1.0,1.0,4.0,2263021,2.0,2,1,1,5.0,,-1.0,0,1998.0,A01,138Â 205Â 429,1.0,0.0,-1.0,1727421,2.0,10,,0.0,2.0,1.0,A01,138Â 205Â 429,1.0
1011981,201900053512,1,1,18:50,5,2,3,1.0,3.0,69282,LOUIS SAULNIER                      (R ),M,"45,7628200","5,0021100",69,2019,50.0,1.0,1.0,4.0,2263021,2.0,2,1,1,5.0,,-1.0,0,1998.0,A01,138Â 205Â 429,1.0,0.0,-1.0,1727422,2.0,10,,0.0,2.0,2.0,B01,138Â 205Â 432,1.0
1011981,201900053512,1,1,18:50,5,2,3,1.0,3.0,69282,LOUIS SAULNIER                      (R ),M,"45,7628200","5,0021100",69,2019,50.0,1.0,1.0,4.0,2263022,1.0,1,4,1,5.0,,-1.0,0,1996.0,B01,138Â 205Â 432,1.0,0.0,-1.0,1727421,2.0,10,,0.0,2.0,1.0,A01,138Â 205Â 429,1.0
1011981,201900053512,1,1,18:50,5,2,3,1.0,3.0,69282,LOUIS SAULNIER                      (R ),M,"45,7628200","5,0021100",69,2019,50.0,1.0,1.0,4.0,2263022,1.0,1,4,1,5.0,,-1.0,0,1996.0,B01,138Â 205Â 432,1.0,0.0,-1.0,1727422,2.0,10,,0.0,2.0,2.0,B01,138Â 205Â 432,1.0
1011982,201900053513,9,25,06:00,3,1,1,2.0,6.0,87018,Le Petit Echerat,M,"46,0521790","0,9723780",87,2019,80.0,1.0,2.0,3.0,2263023,1.0,1,4,2,1.0,,0.0,0,1998.0,A01,138Â 205Â 427,1.0,-1.0,-1.0,1727423,1.0,7,,10.0,6.0,3.0,A01,138Â 205Â 427,1.0
1011983,201900053514,1,1,17:40,5,2,3,1.0,3.0,69266,LEON BLUM      (Rue),M,"45,7635000","4,9151600",69,2019,50.0,1.0,1.0,4.0,2263024,1.0,1,4,1,5.0,,-1.0,0,1972.0,B01,138Â 205Â 426,2.0,6.0,-1.0,1727424,1.0,33,,0.0,2.0,1.0,B01,138Â 205Â 426,1.0
1011983,201900053514,1,1,17:40,5,2,3,1.0,3.0,69266,LEON BLUM      (Rue),M,"45,7635000","4,9151600",69,2019,50.0,1.0,1.0,4.0,2263024,1.0,1,4,1,5.0,,-1.0,0,1972.0,B01,138Â 205Â 426,2.0,6.0,-1.0,1727425,1.0,7,,0.0,6.0,6.0,A01,138Â 205Â 428,1.0
1011984,201900053515,9,23,09:10,1,1,1,5.0,7.0,37133,D9,M,"47,0925147","1,2237909",37,2019,80.0,3.0,1.0,3.0,2263025,1.0,1,3,1,4.0,,0.0,0,1972.0,A01,138Â 205Â 425,1.0,-1.0,-1.0,1727426,1.0,10,,13.0,0.0,2.0,A01,138Â 205Â 425,1.0
1011985,201900053516,9,25,00:50,3,1,1,1.0,6.0,30177,"Route dÃ©partementale 981, 30360 MONTEILS",M,"44,0922550","4,1733930",30,2019,80.0,3.0,1.0,3.0,2263026,1.0,1,3,2,5.0,,0.0,0,1989.0,A01,138Â 205Â 422,1.0,-1.0,-1.0,1727427,0.0,7,,13.0,9.0,5.0,A01,138Â 205Â 422,1.0
1011986,201900053517,1,1,04:40,5,2,1,1.0,4.0,69266,EDOUARD VAILLANT      (Rue),M,"45,7719600","4,8809000",69,2019,50.0,1.0,2.0,7.0,2263027,1.0,1,1,1,0.0,,-1.0,0,1987.0,A01,138Â 205Â 421,1.0,0.0,-1.0,1727428,1.0,7,,14.0,0.0,1.0,A01,138Â 205Â 421,1.0
1011986,201900053517,1,1,04:40,5,2,1,1.0,4.0,69266,EDOUARD VAILLANT      (Rue),M,"45,7719600","4,8809000",69,2019,50.0,1.0,2.0,7.0,2263027,1.0,1,1,1,0.0,,-1.0,0,1987.0,A01,138Â 205Â 421,1.0,0.0,-1.0,1727429,1.0,7,,14.0,0.0,4.0,B01,138Â 205Â 423,1.0
1011986,201900053517,1,1,04:40,5,2,1,1.0,4.0,69266,EDOUARD VAILLANT      (Rue),M,"45,7719600","4,8809000",69,2019,50.0,1.0,2.0,7.0,2263027,1.0,1,1,1,0.0,,-1.0,0,1987.0,A01,138Â 205Â 421,1.0,0.0,-1.0,1727430,1.0,10,,0.0,2.0,4.0,C01,138Â 205Â 424,1.0
1011986,201900053517,1,1,04:40,5,2,1,1.0,4.0,69266,EDOUARD VAILLANT      (Rue),M,"45,7719600","4,8809000",69,2019,50.0,1.0,2.0,7.0,2263028,2.0,2,4,1,0.0,,-1.0,0,1975.0,A01,138Â 205Â 421,8.0,0.0,-1.0,1727428,1.0,7,,14.0,0.0,1.0,A01,138Â 205Â 421,1.0
1011986,201900053517,1,1,04:40,5,2,1,1.0,4.0,69266,EDOUARD VAILLANT      (Rue),M,"45,7719600","4,8809000",69,2019,50.0,1.0,2.0,7.0,2263028,2.0,2,4,1,0.0,,-1.0,0,1975.0,A01,138Â 205Â 421,8.0,0.0,-1.0,1727429,1.0,7,,14.0,0.0,4.0,B01,138Â 205Â 423,1.0
1011986,201900053517,1,1,04:40,5,2,1,1.0,4.0,69266,EDOUARD VAILLANT      (Rue),M,"45,7719600","4,8809000",69,2019,50.0,1.0,2.0,7.0,2263028,2.0,2,4,1,0.0,,-1.0,0,1975.0,A01,138Â 205Â 421,8.0,0.0,-1.0,1727430,1.0,10,,0.0,2.0,4.0,C01,138Â 205Â 424,1.0
1011986,201900053517,1,1,04:40,5,2,1,1.0,4.0,69266,EDOUARD VAILLANT      (Rue),M,"45,7719600","4,8809000",69,2019,50.0,1.0,2.0,7.0,2263029,1.0,1,4,1,0.0,,-1.0,0,1989.0,B01,138Â 205Â 423,1.0,0.0,-1.0,1727428,1.0,7,,14.0,0.0,1.0,A01,138Â 205Â 421,1.0
1011986,201900053517,1,1,04:40,5,2,1,1.0,4.0,69266,EDOUARD VAILLANT      (Rue),M,"45,7719600","4,8809000",69,2019,50.0,1.0,2.0,7.0,2263029,1.0,1,4,1,0.0,,-1.0,0,1989.0,B01,138Â 205Â 423,1.0,0.0,-1.0,1727429,1.0,7,,14.0,0.0,4.0,B01,138Â 205Â 423,1.0
1011986,201900053517,1,1,04:40,5,2,1,1.0,4.0,69266,EDOUARD VAILLANT      (Rue),M,"45,7719600","4,8809000",69,2019,50.0,1.0,2.0,7.0,2263029,1.0,1,4,1,0.0,,-1.0,0,1989.0,B01,138Â 205Â 423,1.0,0.0,-1.0,1727430,1.0,10,,0.0,2.0,4.0,C01,138Â 205Â 424,1.0
1011986,201900053517,1,1,04:40,5,2,1,1.0,4.0,69266,EDOUARD VAILLANT      (Rue),M,"45,7719600","4,8809000",69,2019,50.0,1.0,2.0,7.0,2263030,2.0,2,1,1,0.0,,-1.0,0,1987.0,B01,138Â 205Â 423,8.0,0.0,-1.0,1727428,1.0,7,,14.0,0.0,1.0,A01,138Â 205Â 421,1.0