Unnamed: 0_x,num_acc,mois,jour,hrmn,lum,agg,int,atm,col,com,adr,gps,lat,long,dep,annee,vma,situ,surf,catr,Unnamed: 0_y,place,catu,grav,sexe,trajet,secu,locp,actp,an_nais,num_veh_x,id_vehicule_x,secu1,secu2,secu3,Unnamed: 0,senc,catv,occutc,obs,obsm,choc,num_veh_y,id_vehicule_y,motor
1011986,201900053517,1,1,04:40,5,2,1,1.0,4.0,69266,EDOUARD VAILLANT      (Rue),M,"45,7719600","4,8809000",69,2019,50.0,1.0,2.0,7.0,2263030,2.0,2,1,1,0.0,,-1.0,0,1987.0,B01,138Â 205Â 423,8.0,0.0,-1.0,1727429,1.0,7,,14.0,0.0,4.0,B01,138Â 205Â 423,1.0
1011986,201900053517,1,1,04:40,5,2,1,1.0,4.0,69266,EDOUARD VAILLANT      (Rue),M,"45,7719600","4,8809000",69,2019,50.0,1.0,2.0,7.0,2263030,2.0,2,1,1,0.0,,-1.0,0,1987.0,B01,138Â 205Â 423,8.0,0.0,-1.0,1727430,1.0,10,,0.0,2.0,4.0,C01,138Â 205Â 424,1.0
1011986,201900053517,1,1,04:40,5,2,1,1.0,4.0,69266,EDOUARD VAILLANT      (Rue),M,"45,7719600","4,8809000",69,2019,50.0,1.0,2.0,7.0,2263031,2.0,2,4,1,4.0,,-1.0,0,1976.0,C01,138Â 205Â 424,1.0,8.0,-1.0,1727428,1.0,7,,14.0,0.0,1.0,A01,138Â 205Â 421,1.0
1011986,201900053517,1,1,04:40,5,2,1,1.0,4.0,69266,EDOUARD VAILLANT      (Rue),M,"45,7719600","4,8809000",69,2019,50.0,1.0,2.0,7.0,2263031,2.0,2,4,1,4.0,,-1.0,0,1976.0,C01,138Â 205Â 424,1.0,8.0,-1.0,1727429,1.0,7,,14.0,0.0,4.0,B01,138Â 205Â 423,1.0
1011986,201900053517,1,1,04:40,5,2,1,1.0,4.0,69266,EDOUARD VAILLANT      (Rue),M,"45,7719600","4,8809000",69,2019,50.0,1.0,2.0,7.0,2263031,2.0,2,4,1,4.0,,-1.0,0,1976.0,C01,138Â 205Â 424,1.0,8.0,-1.0,1727430,1.0,10,,0.0,2.0,4.0,C01,138Â 205Â 424,1.0
1011986,201900053517,1,1,04:40,5,2,1,1.0,4.0,69266,EDOUARD VAILLANT      (Rue),M,"45,7719600","4,8809000",69,2019,50.0,1.0,2.0,7.0,2263032,5.0,2,4,1,4.0,,-1.0,0,1987.0,C01,138Â 205Â 424,1.0,8.0,-1.0,1727428,1.0,7,,14.0,0.0,1.0,A01,138Â 205Â 421,1.0
1011986,201900053517,1,1,04:40,5,2,1,1.0,4.0,69266,EDOUARD VAILLANT      (Rue),M,"45,7719600","4,8809000",69,2019,50.0,1.0,2.0,7.0,2263032,5.0,2,4,1,4.0,,-1.0,0,1987.0,C01,138Â 205Â 424,1.0,8.0,-1.0,1727429,1.0,7,,14.0,0.0,4.0,B01,138Â 205Â 423,1.0
1011986,201900053517,1,1,04:40,5,2,1,1.0,4.0,69266,EDOUARD VAILLANT      (Rue),M,"45,7719600","4,8809000",69,2019,50.0,1.0,2.0,7.0,2263032,5.0,2,4,1,4.0,,-1.0,0,1987.0,C01,138Â 205Â 424,1.0,8.0,-1.0,1727430,1.0,10,,0.0,2.0,4.0,C01,138Â 205Â 424,1.0
1011986,201900053517,1,1,04:40,5,2,1,1.0,4.0,69266,EDOUARD VAILLANT      (Rue),M,"45,7719600","4,8809000",69,2019,50.0,1.0,2.0,7.0,2263033,1.0,1,4,1,4.0,,-1.0,0,1982.0,C01,138Â 205Â 424,1.0,8.0,-1.0,1727428,1.0,7,,14.0,0.0,1.0,A01,138Â 205Â 421,1.0
1011986,201900053517,1,1,04:40,5,2,1,1.0,4.0,69266,EDOUARD VAILLANT      (Rue),M,"45,7719600","4,8809000",69,2019,50.0,1.0,2.0,7.0,2263033,1.0,1,4,1,4.0,,-1.0,0,1982.0,C01,138Â 205Â 424,1.0,8.0,-1.0,1727429,1.0,7,,14.0,0.0,4.0,B01,138Â 205Â 423,1.0
1011986,201900053517,1,1,04:40,5,2,1,1.0,4.0,69266,EDOUARD VAILLANT      (Rue),M,"45,7719600","4,8809000",69,2019,50.0,1.0,2.0,7.0,2263033,1.0,1,4,1,4.0,,-1.0,0,1982.0,C01,138Â 205Â 424,1.0,8.0,-1.0,1727430,1.0,10,,0.0,2.0,4.0,C01,138Â 205Â 424,1.0
1011986,201900053517,1,1,04:40,5,2,1,1.0,4.0,69266,EDOUARD VAILLANT      (Rue),M,"45,7719600","4,8809000",69,2019,50.0,1.0,2.0,7.0,2263034,5.0,2,4,1,4.0,,-1.0,0,1980.0,C01,138Â 205Â 424,1.0,8.0,-1.0,1727428,1.0,7,,14.0,0.0,1.0,A01,138Â 205Â 421,1.0
1011986,201900053517,1,1,04:40,5,2,1,1.0,4.0,69266,EDOUARD VAILLANT      (Rue),M,"45,7719600","4,8809000",69,2019,50.0,1.0,2.0,7.0,2263034,5.0,2,4,1,4.0,,-1.0,0,1980.0,C01,138Â 205Â 424,1.0,8.0,-1.0,1727429,1.0,7,,14.0,0.0,4.0,B01,138Â 205Â 423,1.0
1011986,201900053517,1,1,04:40,5,2,1,1.0,4.0,69266,EDOUARD VAILLANT      (Rue),M,"45,7719600","4,8809000",69,2019,50.0,1.0,2.0,7.0,2263034,5.0,2,4,1,4.0,,-1.0,0,1980.0,C01,138Â 205Â 424,1.0,8.0,-1.0,1727430,1.0,10,,0.0,2.0,4.0,C01,138Â 205Â 424,1.0
1011986,201900053517,1,1,04:40,5,2,1,1.0,4.0,69266,EDOUARD VAILLANT      (Rue),M,"45,7719600","4,8809000",69,2019,50.0,1.0,2.0,7.0,2263035,5.0,2,4,1,4.0,,-1.0,0,1981.0,C01,138Â 205Â 424,1.0,8.0,-1.0,1727428,1.0,7,,14.0,0.0,1.0,A01,138Â 205Â 421,1.0
1011986,201900053517,1,1,04:40,5,2,1,1.0,4.0,69266,EDOUARD VAILLANT      (Rue),M,"45,7719600","4,8809000",69,2019,50.0,1.0,2.0,7.0,2263035,5.0,2,4,1,4.0,,-1.0,0,1981.0,C01,138Â 205Â 424,1.0,8.0,-1.0,1727429,1.0,7,,14.0,0.0,4.0,B01,138Â 205Â 423,1.0
1011986,201900053517,1,1,04:40,5,2,1,1.0,4.0,69266,EDOUARD VAILLANT      (Rue),M,"45,7719600","4,8809000",69,2019,50.0,1.0,2.0,7.0,2263035,5.0,2,4,1,4.0,,-1.0,0,1981.0,C01,138Â 205Â 424,1.0,8.0,-1.0,1727430,1.0,10,,0.0,2.0,4.0,C01,138Â 205Â 424,1.0
1011987,201900053518,1,3,18:25,5,2,1,8.0,6.0,67482,PAUL ELUARD (RUE),M,"48,5886000","7,6972300",67,2019,50.0,1.0,1.0,4.0,2263036,1.0,1,1,1,0.0,,-1.0, -1,1966.0,A01,138Â 205Â 414,1.0,8.0,-1.0,1727431,1.0,7,,0.0,1.0,1.0,A01,138Â 205Â 414,1.0
1011987,201900053518,1,3,18:25,5,2,1,8.0,6.0,67482,PAUL ELUARD (RUE),M,"48,5886000","7,6972300",67,2019,50.0,1.0,1.0,4.0,2263037,10.0,3,4,1,0.0,,2.0,5,1990.0,A01,138Â 205Â 414,0.0,0.0,-1.0,1727431,1.0,7,,0.0,1.0,1.0,A01,138Â 205Â 414,1.0
1011988,201900053519,9,25,10:55,1,1,1,2.0,7.0,48131,D996,M,"44,1921550","3,2253210",48,2019,80.0,8.0,2.0,3.0,2263038,1.0,1,1,2,5.0,,0.0,0,1995.0,A01,138Â 205Â 413,1.0,-1.0,-1.0,1727432,2.0,7,,16.0,0.0,7.0,A01,138Â 205Â 413,1.0
1011988,201900053519,9,25,10:55,1,1,1,2.0,7.0,48131,D996,M,"44,1921550","3,2253210",48,2019,80.0,8.0,2.0,3.0,2263039,2.0,2,1,2,5.0,,0.0,0,1972.0,A01,138Â 205Â 413,1.0,-1.0,-1.0,1727432,2.0,7,,16.0,0.0,7.0,A01,138Â 205Â 413,1.0
1011988,201900053519,9,25,10:55,1,1,1,2.0,7.0,48131,D996,M,"44,1921550","3,2253210",48,2019,80.0,8.0,2.0,3.0,2263040,5.0,2,4,2,5.0,,0.0,0,1999.0,A01,138Â 205Â 413,8.0,-1.0,-1.0,1727432,2.0,7,,16.0,0.0,7.0,A01,138Â 205Â 413,1.0
1011989,201900053520,1,3,17:55,5,2,1,1.0,6.0,67482,ROMAINS (ROUTE DES),M,"48,5782400","7,7068700",67,2019,50.0,1.0,1.0,4.0,2263041,10.0,3,4,2,5.0,,3.0,3,2002.0,A01,138Â 205Â 411,8.0,0.0,-1.0,1727433,1.0,7,,0.0,1.0,1.0,A01,138Â 205Â 411,1.0
1011989,201900053520,1,3,17:55,5,2,1,1.0,6.0,67482,ROMAINS (ROUTE DES),M,"48,5782400","7,7068700",67,2019,50.0,1.0,1.0,4.0,2263042,1.0,1,1,1,4.0,,-1.0, -1,1974.0,A01,138Â 205Â 411,1.0,8.0,-1.0,1727433,1.0,7,,0.0,1.0,1.0,A01,138Â 205Â 411,1.0
1011990,201900053521,9,24,22:30,3,1,1,1.0,5.0,01228,A40,M,"46,1337700","5,5229830",1,2019,110.0,1.0,1.0,1.0,2263043,1.0,1,1,1,0.0,,0.0,0,1987.0,A01,138Â 205Â 407,8.0,-1.0,-1.0,1727434,2.0,7,,0.0,2.0,1.0,A01,138Â 205Â 407,1.0
1011990,201900053521,9,24,22:30,3,1,1,1.0,5.0,01228,A40,M,"46,1337700","5,5229830",1,2019,110.0,1.0,1.0,1.0,2263043,1.0,1,1,1,0.0,,0.0,0,1987.0,A01,138Â 205Â 407,8.0,-1.0,-1.0,1727435,2.0,7,,0.0,0.0,4.0,B01,138Â 205Â 409,1.0
1011990,201900053521,9,24,22:30,3,1,1,1.0,5.0,01228,A40,M,"46,1337700","5,5229830",1,2019,110.0,1.0,1.0,1.0,2263043,1.0,1,1,1,0.0,,0.0,0,1987.0,A01,138Â 205Â 407,8.0,-1.0,-1.0,1727436,2.0,7,,14.0,0.0,1.0,C01,138Â 205Â 410,1.0
1011990,201900053521,9,24,22:30,3,1,1,1.0,5.0,01228,A40,M,"46,1337700","5,5229830",1,2019,110.0,1.0,1.0,1.0,2263044,1.0,1,4,1,4.0,,0.0,0,1978.0,B01,138Â 205Â 409,1.0,-1.0,-1.0,1727434,2.0,7,,0.0,2.0,1.0,A01,138Â 205Â 407,1.0
1011990,201900053521,9,24,22:30,3,1,1,1.0,5.0,01228,A40,M,"46,1337700","5,5229830",1,2019,110.0,1.0,1.0,1.0,2263044,1.0,1,4,1,4.0,,0.0,0,1978.0,B01,138Â 205Â 409,1.0,-1.0,-1.0,1727435,2.0,7,,0.0,0.0,4.0,B01,138Â 205Â 409,1.0
1011990,201900053521,9,24,22:30,3,1,1,1.0,5.0,01228,A40,M,"46,1337700","5,5229830",1,2019,110.0,1.0,1.0,1.0,2263044,1.0,1,4,1,4.0,,0.0,0,1978.0,B01,138Â 205Â 409,1.0,-1.0,-1.0,1727436,2.0,7,,14.0,0.0,1.0,C01,138Â 205Â 410,1.0
1011990,201900053521,9,24,22:30,3,1,1,1.0,5.0,01228,A40,M,"46,1337700","5,5229830",1,2019,110.0,1.0,1.0,1.0,2263045,1.0,1,1,1,5.0,,0.0,0,1956.0,C01,138Â 205Â 410,8.0,-1.0,-1.0,1727434,2.0,7,,0.0,2.0,1.0,A01,138Â 205Â 407,1.0
1011990,201900053521,9,24,22:30,3,1,1,1.0,5.0,01228,A40,M,"46,1337700","5,5229830",1,2019,110.0,1.0,1.0,1.0,2263045,1.0,1,1,1,5.0,,0.0,0,1956.0,C01,138Â 205Â 410,8.0,-1.0,-1.0,1727435,2.0,7,,0.0,0.0,4.0,B01,138Â 205Â 409,1.0
1011990,201900053521,9,24,22:30,3,1,1,1.0,5.0,01228,A40,M,"46,1337700","5,5229830",1,2019,110.0,1.0,1.0,1.0,2263045,1.0,1,1,1,5.0,,0.0,0,1956.0,C01,138Â 205Â 410,8.0,-1.0,-1.0,1727436,2.0,7,,14.0,0.0,1.0,C01,138Â 205Â 410,1.0
1011991,201900053522,1,3,17:05,5,2,1,1.0,6.0,67482,LANGUEDOC (RUE DU),M,"48,5480700","7,7440700",67,2019,50.0,1.0,1.0,4.0,2263046,10.0,3,3,2,0.0,,4.0,3,1974.0,A01,138Â 205Â 408,8.0,0.0,-1.0,1727437,1.0,7,,0.0,1.0,3.0,A01,138Â 205Â 408,1.0
1011991,201900053522,1,3,17:05,5,2,1,1.0,6.0,67482,LANGUEDOC (RUE DU),M,"48,5480700","7,7440700",67,2019,50.0,1.0,1.0,4.0,2263047,1.0,1,1,2,0.0,,-1.0, -1,1995.0,A01,138Â 205Â 408,1.0,8.0,-1.0,1727437,1.0,7,,0.0,1.0,3.0,A01,138Â 205Â 408,1.0
1011991,201900053522,1,3,17:05,5,2,1,1.0,6.0,67482,LANGUEDOC (RUE DU),M,"48,5480700","7,7440700",67,2019,50.0,1.0,1.0,4.0,2263048,10.0,3,3,2,0.0,,4.0,3,1976.0,A01,138Â 205Â 408,8.0,0.0,-1.0,1727437,1.0,7,,0.0,1.0,3.0,A01,138Â 205Â 408,1.0
1011992,201900053523,10,26,16:15,1,2,2,1.0,6.0,75107,BOULEVARD DES INVALIDES,M,"48,8494428","2,3151501",75,2019,30.0,6.0,1.0,4.0,2263049,10.0,3,3,2,5.0,,8.0,3,2003.0,A01,138Â 205Â 412,0.0,-1.0,-1.0,1727438,2.0,7,,0.0,1.0,2.0,A01,138Â 205Â 412,1.0
1011992,201900053523,10,26,16:15,1,2,2,1.0,6.0,75107,BOULEVARD DES INVALIDES,M,"48,8494428","2,3151501",75,2019,30.0,6.0,1.0,4.0,2263050,1.0,1,1,2,5.0,,0.0,0,1991.0,A01,138Â 205Â 412,1.0,0.0,-1.0,1727438,2.0,7,,0.0,1.0,2.0,A01,138Â 205Â 412,1.0
1011993,201900053524,9,23,09:05,1,2,1,1.0,6.0,34247,Avenue de Saint-Sauveur,M,"43,7110940","3,8335940",34,2019,50.0,6.0,1.0,4.0,2263051,10.0,3,3,2,9.0,,8.0,2,1992.0,A01,138Â 205Â 406,0.0,-1.0,-1.0,1727439,3.0,10,,0.0,1.0,2.0,A01,138Â 205Â 406,1.0
1011993,201900053524,9,23,09:05,1,2,1,1.0,6.0,34247,Avenue de Saint-Sauveur,M,"43,7110940","3,8335940",34,2019,50.0,6.0,1.0,4.0,2263052,1.0,1,1,1,4.0,,0.0,0,1959.0,A01,138Â 205Â 406,1.0,-1.0,-1.0,1727439,3.0,10,,0.0,1.0,2.0,A01,138Â 205Â 406,1.0
1011994,201900053525,1,2,15:00,1,2,3,1.0,6.0,67482,NEUHOF (ROUTE),M,"48,5548900","7,7663300",67,2019,50.0,1.0,1.0,4.0,2263053,1.0,1,1,1,4.0,,0.0,0,1990.0,A01,138Â 205Â 405,1.0,8.0,-1.0,1727440,1.0,7,,0.0,1.0,3.0,A01,138Â 205Â 405,1.0
1011994,201900053525,1,2,15:00,1,2,3,1.0,6.0,67482,NEUHOF (ROUTE),M,"48,5548900","7,7663300",67,2019,50.0,1.0,1.0,4.0,2263054,10.0,3,3,2,0.0,,4.0,3,1933.0,A01,138Â 205Â 405,8.0,0.0,-1.0,1727440,1.0,7,,0.0,1.0,3.0,A01,138Â 205Â 405,1.0
1011995,201900053526,7,30,09:55,1,2,9,1.0,6.0,74268,Avenue d'Aix-Les-Bains (Seynod),M,"45,8925070","6,1108380",74,2019,50.0,1.0,1.0,3.0,2263055,1.0,1,1,1,0.0,,0.0,0,1941.0,A01,138Â 205Â 403,1.0,-1.0,-1.0,1727441,1.0,7,,0.0,1.0,3.0,A01,138Â 205Â 403,1.0
1011995,201900053526,7,30,09:55,1,2,9,1.0,6.0,74268,Avenue d'Aix-Les-Bains (Seynod),M,"45,8925070","6,1108380",74,2019,50.0,1.0,1.0,3.0,2263056,10.0,3,4,2,0.0,,4.0,3,1935.0,A01,138Â 205Â 403,9.0,-1.0,-1.0,1727441,1.0,7,,0.0,1.0,3.0,A01,138Â 205Â 403,1.0
1011996,201900053527,10,27,08:50,1,2,7,2.0,7.0,75119,PLACE AUGUSTE BARON,M,"48,9006310","2,3870339",75,2019,50.0,1.0,2.0,4.0,2263057,2.0,2,4,1,0.0,,0.0,0,1993.0,A01,138Â 205Â 404,2.0,6.0,-1.0,1727442,1.0,32,,0.0,0.0,7.0,A01,138Â 205Â 404,1.0
1011996,201900053527,10,27,08:50,1,2,7,2.0,7.0,75119,PLACE AUGUSTE BARON,M,"48,9006310","2,3870339",75,2019,50.0,1.0,2.0,4.0,2263058,1.0,1,4,1,5.0,,0.0,0,1989.0,A01,138Â 205Â 404,2.0,6.0,-1.0,1727442,1.0,32,,0.0,0.0,7.0,A01,138Â 205Â 404,1.0
1011997,201900053528,1,3,15:15,1,2,1,1.0,6.0,64483,HUGO VICTOR (BOULEVARD),M,"43,3888100"," -1,6582600",64,2019,50.0,1.0,1.0,4.0,2263059,10.0,3,3,2,0.0,,3.0,3,1934.0,A01,138Â 205Â 402,8.0,0.0,-1.0,1727443,1.0,7,,0.0,1.0,3.0,A01,138Â 205Â 402,1.0
1011997,201900053528,1,3,15:15,1,2,1,1.0,6.0,64483,HUGO VICTOR (BOULEVARD),M,"43,3888100"," -1,6582600",64,2019,50.0,1.0,1.0,4.0,2263060,1.0,1,1,1,5.0,,-1.0, -1,1948.0,A01,138Â 205Â 402,1.0,0.0,-1.0,1727443,1.0,7,,0.0,1.0,3.0,A01,138Â 205Â 402,1.0
1011998,201900053529,10,27,01:20,5,2,2,1.0,6.0,75114,RUE DE LA LEGION ETRANGERE,M,"48,8205600","2,3242068",75,2019,50.0,1.0,1.0,4.0,2263061,1.0,1,4,1,0.0,,0.0,0,2001.0,A01,138Â 205Â 399,1.0,0.0,-1.0,1727444,1.0,10,,0.0,2.0,1.0,Z01,138Â 205Â 398,1.0
1011998,201900053529,10,27,01:20,5,2,2,1.0,6.0,75114,RUE DE LA LEGION ETRANGERE,M,"48,8205600","2,3242068",75,2019,50.0,1.0,1.0,4.0,2263061,1.0,1,4,1,0.0,,0.0,0,2001.0,A01,138Â 205Â 399,1.0,0.0,-1.0,1727445,1.0,7,,0.0,2.0,4.0,A01,138Â 205Â 399,1.0
1011998,201900053529,10,27,01:20,5,2,2,1.0,6.0,75114,RUE DE LA LEGION ETRANGERE,M,"48,8205600","2,3242068",75,2019,50.0,1.0,1.0,4.0,2263062,2.0,2,4,2,0.0,,0.0,0,2001.0,A01,138Â 205Â 399,1.0,0.0,-1.0,1727444,1.0,10,,0.0,2.0,1.0,Z01,138Â 205Â 398,1.0
1011998,201900053529,10,27,01:20,5,2,2,1.0,6.0,75114,RUE DE LA LEGION ETRANGERE,M,"48,8205600","2,3242068",75,2019,50.0,1.0,1.0,4.0,2263062,2.0,2,4,2,0.0,,0.0,0,2001.0,A01,138Â 205Â 399,1.0,0.0,-1.0,1727445,1.0,7,,0.0,2.0,4.0,A01,138Â 205Â 399,1.0
1011999,201900053530,9,25,07:15,2,1,1,1.0,4.0,69098,D81E,M,"45,7201900","4,4392490",69,2019,80.0,1.0,1.0,3.0,2263063,7.0,2,4,2,2.0,,0.0,0,2013.0,A01,138Â 205Â 397,8.0,-1.0,-1.0,1727446,3.0,38,3.0,0.0,2.0,1.0,A01,138Â 205Â 397,1.0
1011999,201900053530,9,25,07:15,2,1,1,1.0,4.0,69098,D81E,M,"45,7201900","4,4392490",69,2019,80.0,1.0,1.0,3.0,2263063,7.0,2,4,2,2.0,,0.0,0,2013.0,A01,138Â 205Â 397,8.0,-1.0,-1.0,1727447,3.0,38,2.0,0.0,2.0,3.0,B01,138Â 205Â 400,1.0
1011999,201900053530,9,25,07:15,2,1,1,1.0,4.0,69098,D81E,M,"45,7201900","4,4392490",69,2019,80.0,1.0,1.0,3.0,2263063,7.0,2,4,2,2.0,,0.0,0,2013.0,A01,138Â 205Â 397,8.0,-1.0,-1.0,1727448,3.0,21,,0.0,2.0,3.0,C01,138Â 205Â 401,1.0
1011999,201900053530,9,25,07:15,2,1,1,1.0,4.0,69098,D81E,M,"45,7201900","4,4392490",69,2019,80.0,1.0,1.0,3.0,2263064,1.0,1,1,1,4.0,,0.0,0,1957.0,A01,138Â 205Â 397,1.0,-1.0,-1.0,1727446,3.0,38,3.0,0.0,2.0,1.0,A01,138Â 205Â 397,1.0
1011999,201900053530,9,25,07:15,2,1,1,1.0,4.0,69098,D81E,M,"45,7201900","4,4392490",69,2019,80.0,1.0,1.0,3.0,2263064,1.0,1,1,1,4.0,,0.0,0,1957.0,A01,138Â 205Â 397,1.0,-1.0,-1.0,1727447,3.0,38,2.0,0.0,2.0,3.0,B01,138Â 205Â 400,1.0
1011999,201900053530,9,25,07:15,2,1,1,1.0,4.0,69098,D81E,M,"45,7201900","4,4392490",69,2019,80.0,1.0,1.0,3.0,2263064,1.0,1,1,1,4.0,,0.0,0,1957.0,A01,138Â 205Â 397,1.0,-1.0,-1.0,1727448,3.0,21,,0.0,2.0,3.0,C01,138Â 205Â 401,1.0
1011999,201900053530,9,25,07:15,2,1,1,1.0,4.0,69098,D81E,M,"45,7201900","4,4392490",69,2019,80.0,1.0,1.0,3.0,2263065,8.0,2,4,2,2.0,,0.0,0,2003.0,A01,138Â 205Â 397,8.0,-1.0,-1.0,1727446,3.0,38,3.0,0.0,2.0,1.0,A01,138Â 205Â 397,1.0
1011999,201900053530,9,25,07:15,2,1,1,1.0,4.0,69098,D81E,M,"45,7201900","4,4392490",69,2019,80.0,1.0,1.0,3.0,2263065,8.0,2,4,2,2.0,,0.0,0,2003.0,A01,138Â 205Â 397,8.0,-1.0,-1.0,1727447,3.0,38,2.0,0.0,2.0,3.0,B01,138Â 205Â 400,1.0
1011999,201900053530,9,25,07:15,2,1,1,1.0,4.0,69098,D81E,M,"45,7201900","4,4392490",69,2019,80.0,1.0,1.0,3.0,2263065,8.0,2,4,2,2.0,,0.0,0,2003.0,A01,138Â 205Â 397,8.0,-1.0,-1.0,1727448,3.0,21,,0.0,2.0,3.0,C01,138Â 205Â 401,1.0
1011999,201900053530,9,25,07:15,2,1,1,1.0,4.0,69098,D81E,M,"45,7201900","4,4392490",69,2019,80.0,1.0,1.0,3.0,2263066,1.0,1,1,1,4.0,,0.0,0,1969.0,B01,138Â 205Â 400,1.0,-1.0,-1.0,1727446,3.0,38,3.0,0.0,2.0,1.0,A01,138Â 205Â 397,1.0
1011999,201900053530,9,25,07:15,2,1,1,1.0,4.0,69098,D81E,M,"45,7201900","4,4392490",69,2019,80.0,1.0,1.0,3.0,2263066,1.0,1,1,1,4.0,,0.0,0,1969.0,B01,138Â 205Â 400,1.0,-1.0,-1.0,1727447,3.0,38,2.0,0.0,2.0,3.0,B01,138Â 205Â 400,1.0
1011999,201900053530,9,25,07:15,2,1,1,1.0,4.0,69098,D81E,M,"45,7201900","4,4392490",69,2019,80.0,1.0,1.0,3.0,2263066,1.0,1,1,1,4.0,,0.0,0,1969.0,B01,138Â 205Â 400,1.0,-1.0,-1.0,1727448,3.0,21,,0.0,2.0,3.0,C01,138Â 205Â 401,1.0
1011999,201900053530,9,25,07:15,2,1,1,1.0,4.0,69098,D81E,M,"45,7201900","4,4392490",69,2019,80.0,1.0,1.0,3.0,2263067,5.0,2,4,1,2.0,,0.0,0,2005.0,B01,138Â 205Â 400,8.0,-1.0,-1.0,1727446,3.0,38,3.0,0.0,2.0,1.0,A01,138Â 205Â 397,1.0
1011999,201900053530,9,25,07:15,2,1,1,1.0,4.0,69098,D81E,M,"45,7201900","4,4392490",69,2019,80.0,1.0,1.0,3.0,2263067,5.0,2,4,1,2.0,,0.0,0,2005.0,B01,138Â 205Â 400,8.0,-1.0,-1.0,1727447,3.0,38,2.0,0.0,2.0,3.0,B01,138Â 205Â 400,1.0
1011999,201900053530,9,25,07:15,2,1,1,1.0,4.0,69098,D81E,M,"45,7201900","4,4392490",69,2019,80.0,1.0,1.0,3.0,2263067,5.0,2,4,1,2.0,,0.0,0,2005.0,B01,138Â 205Â 400,8.0,-1.0,-1.0,1727448,3.0,21,,0.0,2.0,3.0,C01,138Â 205Â 401,1.0
1011999,201900053530,9,25,07:15,2,1,1,1.0,4.0,69098,D81E,M,"45,7201900","4,4392490",69,2019,80.0,1.0,1.0,3.0,2263068,1.0,1,1,1,1.0,,0.0,0,1964.0,C01,138Â 205Â 401,0.0,-1.0,-1.0,1727446,3.0,38,3.0,0.0,2.0,1.0,A01,138Â 205Â 397,1.0
1011999,201900053530,9,25,07:15,2,1,1,1.0,4.0,69098,D81E,M,"45,7201900","4,4392490",69,2019,80.0,1.0,1.0,3.0,2263068,1.0,1,1,1,1.0,,0.0,0,1964.0,C01,138Â 205Â 401,0.0,-1.0,-1.0,1727447,3.0,38,2.0,0.0,2.0,3.0,B01,138Â 205Â 400,1.0
1011999,201900053530,9,25,07:15,2,1,1,1.0,4.0,69098,D81E,M,"45,7201900","4,4392490",69,2019,80.0,1.0,1.0,3.0,2263068,1.0,1,1,1,1.0,,0.0,0,1964.0,C01,138Â 205Â 401,0.0,-1.0,-1.0,1727448,3.0,21,,0.0,2.0,3.0,C01,138Â 205Â 401,1.0
1012000,201900053531,1,5,20:10,5,2,1,1.0,2.0,64445,JEAN MERMOZ,M,"43,3056300"," -0,3450500",64,2019,50.0,1.0,1.0,4.0,2263069,1.0,1,1,1,5.0,,0.0,0,1974.0,A01,138Â 205Â 395,1.0,0.0,-1.0,1727449,2.0,7,,0.0,2.0,1.0,A01,138Â 205Â 395,1.0
1012000,201900053531,1,5,20:10,5,2,1,1.0,2.0,64445,JEAN MERMOZ,M,"43,3056300"," -0,3450500",64,2019,50.0,1.0,1.0,4.0,2263069,1.0,1,1,1,5.0,,0.0,0,1974.0,A01,138Â 205Â 395,1.0,0.0,-1.0,1727450,2.0,7,,0.0,2.0,4.0,B01,138Â 205Â 396,1.0
1012000,201900053531,1,5,20:10,5,2,1,1.0,2.0,64445,JEAN MERMOZ,M,"43,3056300"," -0,3450500",64,2019,50.0,1.0,1.0,4.0,2263070,2.0,2,4,1,5.0,,0.0,0,2003.0,B01,138Â 205Â 396,1.0,0.0,-1.0,1727449,2.0,7,,0.0,2.0,1.0,A01,138Â 205Â 395,1.0
1012000,201900053531,1,5,20:10,5,2,1,1.0,2.0,64445,JEAN MERMOZ,M,"43,3056300"," -0,3450500",64,2019,50.0,1.0,1.0,4.0,2263070,2.0,2,4,1,5.0,,0.0,0,2003.0,B01,138Â 205Â 396,1.0,0.0,-1.0,1727450,2.0,7,,0.0,2.0,4.0,B01,138Â 205Â 396,1.0
1012000,201900053531,1,5,20:10,5,2,1,1.0,2.0,64445,JEAN MERMOZ,M,"43,3056300"," -0,3450500",64,2019,50.0,1.0,1.0,4.0,2263071,4.0,2,1,2,5.0,,0.0,0,2014.0,B01,138Â 205Â 396,3.0,8.0,-1.0,1727449,2.0,7,,0.0,2.0,1.0,A01,138Â 205Â 395,1.0
1012000,201900053531,1,5,20:10,5,2,1,1.0,2.0,64445,JEAN MERMOZ,M,"43,3056300"," -0,3450500",64,2019,50.0,1.0,1.0,4.0,2263071,4.0,2,1,2,5.0,,0.0,0,2014.0,B01,138Â 205Â 396,3.0,8.0,-1.0,1727450,2.0,7,,0.0,2.0,4.0,B01,138Â 205Â 396,1.0
1012000,201900053531,1,5,20:10,5,2,1,1.0,2.0,64445,JEAN MERMOZ,M,"43,3056300"," -0,3450500",64,2019,50.0,1.0,1.0,4.0,2263072,1.0,1,1,1,5.0,,0.0,0,1977.0,B01,138Â 205Â 396,1.0,0.0,-1.0,1727449,2.0,7,,0.0,2.0,1.0,A01,138Â 205Â 395,1.0