Unnamed: 0_x,num_acc,mois,jour,hrmn,lum,agg,int,atm,col,com,adr,gps,lat,long,dep,annee,vma,situ,surf,catr,Unnamed: 0_y,place,catu,grav,sexe,trajet,secu,locp,actp,an_nais,num_veh_x,id_vehicule_x,secu1,secu2,secu3,Unnamed: 0,senc,catv,occutc,obs,obsm,choc,num_veh_y,id_vehicule_y,motor
1012000,201900053531,1,5,20:10,5,2,1,1.0,2.0,64445,JEAN MERMOZ,M,"43,3056300"," -0,3450500",64,2019,50.0,1.0,1.0,4.0,2263072,1.0,1,1,1,5.0,,0.0,0,1977.0,B01,138Â 205Â 396,1.0,0.0,-1.0,1727450,2.0,7,,0.0,2.0,4.0,B01,138Â 205Â 396,1.0
1012001,201900053532,9,25,16:10,1,1,1,1.0,6.0,38063,A48 PK061.700 sens GRENOBLE-LYON,M,"45,4250660","5,4393400",38,2019,110.0,1.0,2.0,1.0,2263073,2.0,2,3,1,4.0,,0.0,0,1969.0,A01,138Â 205Â 393,1.0,-1.0,-1.0,1727451,2.0,7,,3.0,0.0,0.0,A01,138Â 205Â 393,1.0
1012001,201900053532,9,25,16:10,1,1,1,1.0,6.0,38063,A48 PK061.700 sens GRENOBLE-LYON,M,"45,4250660","5,4393400",38,2019,110.0,1.0,2.0,1.0,2263074,1.0,1,1,1,4.0,,0.0,0,1965.0,A01,138Â 205Â 393,1.0,-1.0,-1.0,1727451,2.0,7,,3.0,0.0,0.0,A01,138Â 205Â 393,1.0
1012002,201900053533,10,27,05:40,5,2,3,2.0,7.0,75113,RUE GIFFARD,M,"48,8379228","2,3732586",75,2019,50.0,5.0,2.0,4.0,2263075,1.0,1,4,1,5.0,,0.0,0,1983.0,A01,138Â 205Â 394,2.0,6.0,-1.0,1727452,2.0,30,,0.0,0.0,0.0,A01,138Â 205Â 394,1.0
1012003,201900053534,9,24,14:20,1,1,1,1.0,2.0,21405,AUtoroute A6 - PK 312.850,M,"46,9547330","4,8335670",21,2019,130.0,1.0,1.0,1.0,2263076,1.0,1,1,1,4.0,,0.0,0,1969.0,B01,138Â 205Â 388,1.0,-1.0,-1.0,1727453,2.0,17,,0.0,2.0,6.0,B01,138Â 205Â 388,1.0
1012003,201900053534,9,24,14:20,1,1,1,1.0,2.0,21405,AUtoroute A6 - PK 312.850,M,"46,9547330","4,8335670",21,2019,130.0,1.0,1.0,1.0,2263076,1.0,1,1,1,4.0,,0.0,0,1969.0,B01,138Â 205Â 388,1.0,-1.0,-1.0,1727454,2.0,7,,4.0,2.0,2.0,A01,138Â 205Â 391,1.0
1012003,201900053534,9,24,14:20,1,1,1,1.0,2.0,21405,AUtoroute A6 - PK 312.850,M,"46,9547330","4,8335670",21,2019,130.0,1.0,1.0,1.0,2263077,1.0,1,1,2,5.0,,0.0,0,1948.0,A01,138Â 205Â 391,1.0,-1.0,-1.0,1727453,2.0,17,,0.0,2.0,6.0,B01,138Â 205Â 388,1.0
1012003,201900053534,9,24,14:20,1,1,1,1.0,2.0,21405,AUtoroute A6 - PK 312.850,M,"46,9547330","4,8335670",21,2019,130.0,1.0,1.0,1.0,2263077,1.0,1,1,2,5.0,,0.0,0,1948.0,A01,138Â 205Â 391,1.0,-1.0,-1.0,1727454,2.0,7,,4.0,2.0,2.0,A01,138Â 205Â 391,1.0
1012003,201900053534,9,24,14:20,1,1,1,1.0,2.0,21405,AUtoroute A6 - PK 312.850,M,"46,9547330","4,8335670",21,2019,130.0,1.0,1.0,1.0,2263078,2.0,2,3,1,5.0,,0.0,0,1948.0,A01,138Â 205Â 391,1.0,-1.0,-1.0,1727453,2.0,17,,0.0,2.0,6.0,B01,138Â 205Â 388,1.0
1012003,201900053534,9,24,14:20,1,1,1,1.0,2.0,21405,AUtoroute A6 - PK 312.850,M,"46,9547330","4,8335670",21,2019,130.0,1.0,1.0,1.0,2263078,2.0,2,3,1,5.0,,0.0,0,1948.0,A01,138Â 205Â 391,1.0,-1.0,-1.0,1727454,2.0,7,,4.0,2.0,2.0,A01,138Â 205Â 391,1.0
1012004,201900053535,1,1,02:10,5,2,2,1.0,3.0,64445,CASTETNAU,M,"43,3007100"," -0,3617500",64,2019,50.0,1.0,2.0,4.0,2263079,2.0,2,4,1,9.0,,-1.0,0,1978.0,B01,138Â 205Â 390,1.0,0.0,-1.0,1727455,0.0,7,,0.0,2.0,2.0,B01,138Â 205Â 390,1.0
1012004,201900053535,1,1,02:10,5,2,2,1.0,3.0,64445,CASTETNAU,M,"43,3007100"," -0,3617500",64,2019,50.0,1.0,2.0,4.0,2263079,2.0,2,4,1,9.0,,-1.0,0,1978.0,B01,138Â 205Â 390,1.0,0.0,-1.0,1727456,0.0,7,,0.0,2.0,3.0,A01,138Â 205Â 392,1.0
1012004,201900053535,1,1,02:10,5,2,2,1.0,3.0,64445,CASTETNAU,M,"43,3007100"," -0,3617500",64,2019,50.0,1.0,2.0,4.0,2263080,1.0,1,4,2,9.0,,-1.0,0,1989.0,B01,138Â 205Â 390,1.0,0.0,-1.0,1727455,0.0,7,,0.0,2.0,2.0,B01,138Â 205Â 390,1.0
1012004,201900053535,1,1,02:10,5,2,2,1.0,3.0,64445,CASTETNAU,M,"43,3007100"," -0,3617500",64,2019,50.0,1.0,2.0,4.0,2263080,1.0,1,4,2,9.0,,-1.0,0,1989.0,B01,138Â 205Â 390,1.0,0.0,-1.0,1727456,0.0,7,,0.0,2.0,3.0,A01,138Â 205Â 392,1.0
1012004,201900053535,1,1,02:10,5,2,2,1.0,3.0,64445,CASTETNAU,M,"43,3007100"," -0,3617500",64,2019,50.0,1.0,2.0,4.0,2263081,3.0,2,4,2,9.0,,-1.0,0,1960.0,A01,138Â 205Â 392,1.0,0.0,-1.0,1727455,0.0,7,,0.0,2.0,2.0,B01,138Â 205Â 390,1.0
1012004,201900053535,1,1,02:10,5,2,2,1.0,3.0,64445,CASTETNAU,M,"43,3007100"," -0,3617500",64,2019,50.0,1.0,2.0,4.0,2263081,3.0,2,4,2,9.0,,-1.0,0,1960.0,A01,138Â 205Â 392,1.0,0.0,-1.0,1727456,0.0,7,,0.0,2.0,3.0,A01,138Â 205Â 392,1.0
1012004,201900053535,1,1,02:10,5,2,2,1.0,3.0,64445,CASTETNAU,M,"43,3007100"," -0,3617500",64,2019,50.0,1.0,2.0,4.0,2263082,2.0,2,1,1,9.0,,0.0,0,1968.0,A01,138Â 205Â 392,1.0,0.0,-1.0,1727455,0.0,7,,0.0,2.0,2.0,B01,138Â 205Â 390,1.0
1012004,201900053535,1,1,02:10,5,2,2,1.0,3.0,64445,CASTETNAU,M,"43,3007100"," -0,3617500",64,2019,50.0,1.0,2.0,4.0,2263082,2.0,2,1,1,9.0,,0.0,0,1968.0,A01,138Â 205Â 392,1.0,0.0,-1.0,1727456,0.0,7,,0.0,2.0,3.0,A01,138Â 205Â 392,1.0
1012004,201900053535,1,1,02:10,5,2,2,1.0,3.0,64445,CASTETNAU,M,"43,3007100"," -0,3617500",64,2019,50.0,1.0,2.0,4.0,2263083,1.0,1,1,2,9.0,,0.0,0,1976.0,A01,138Â 205Â 392,1.0,0.0,-1.0,1727455,0.0,7,,0.0,2.0,2.0,B01,138Â 205Â 390,1.0
1012004,201900053535,1,1,02:10,5,2,2,1.0,3.0,64445,CASTETNAU,M,"43,3007100"," -0,3617500",64,2019,50.0,1.0,2.0,4.0,2263083,1.0,1,1,2,9.0,,0.0,0,1976.0,A01,138Â 205Â 392,1.0,0.0,-1.0,1727456,0.0,7,,0.0,2.0,3.0,A01,138Â 205Â 392,1.0
1012005,201900053536,10,27,11:55,1,2,2,2.0,6.0,75112,AVENUE DE SAINT MAURICE,M,"48,8242190","2,4199724",75,2019,50.0,1.0,2.0,4.0,2263084,2.0,2,4,1,5.0,,0.0,0,1963.0,A01,138Â 205Â 389,1.0,0.0,-1.0,1727457,2.0,7,,7.0,0.0,1.0,A01,138Â 205Â 389,1.0
1012005,201900053536,10,27,11:55,1,2,2,2.0,6.0,75112,AVENUE DE SAINT MAURICE,M,"48,8242190","2,4199724",75,2019,50.0,1.0,2.0,4.0,2263085,1.0,1,1,2,5.0,,0.0,0,1964.0,A01,138Â 205Â 389,1.0,0.0,-1.0,1727457,2.0,7,,7.0,0.0,1.0,A01,138Â 205Â 389,1.0
1012006,201900053537,9,23,22:40,5,1,2,1.0,3.0,97117,Intersection RN5 et RD 113 route de Lacroix,M,"16,3296310"," -61,3959390",971,2019,80.0,1.0,1.0,2.0,2263086,1.0,1,1,1,4.0,,0.0,0,1970.0,A01,138Â 205Â 386,1.0,-1.0,-1.0,1727458,1.0,15,,0.0,2.0,8.0,A01,138Â 205Â 386,1.0
1012006,201900053537,9,23,22:40,5,1,2,1.0,3.0,97117,Intersection RN5 et RD 113 route de Lacroix,M,"16,3296310"," -61,3959390",971,2019,80.0,1.0,1.0,2.0,2263086,1.0,1,1,1,4.0,,0.0,0,1970.0,A01,138Â 205Â 386,1.0,-1.0,-1.0,1727459,2.0,33,,0.0,2.0,1.0,B01,138Â 205Â 387,1.0
1012006,201900053537,9,23,22:40,5,1,2,1.0,3.0,97117,Intersection RN5 et RD 113 route de Lacroix,M,"16,3296310"," -61,3959390",971,2019,80.0,1.0,1.0,2.0,2263087,1.0,1,3,1,5.0,,0.0,0,1979.0,B01,138Â 205Â 387,2.0,-1.0,-1.0,1727458,1.0,15,,0.0,2.0,8.0,A01,138Â 205Â 386,1.0
1012006,201900053537,9,23,22:40,5,1,2,1.0,3.0,97117,Intersection RN5 et RD 113 route de Lacroix,M,"16,3296310"," -61,3959390",971,2019,80.0,1.0,1.0,2.0,2263087,1.0,1,3,1,5.0,,0.0,0,1979.0,B01,138Â 205Â 387,2.0,-1.0,-1.0,1727459,2.0,33,,0.0,2.0,1.0,B01,138Â 205Â 387,1.0
1012007,201900053538,9,24,16:20,1,2,1,8.0,6.0,33199,61 AllÃ©e BrÃ©montier,M,"44,6244000"," -1,0668700",33,2019,-1.0,8.0,1.0,6.0,2263088,1.0,1,1,2,0.0,,0.0,0,1967.0,A01,138Â 205Â 382,1.0,-1.0,-1.0,1727460,3.0,7,,0.0,1.0,6.0,A01,138Â 205Â 382,1.0
1012007,201900053538,9,24,16:20,1,2,1,8.0,6.0,33199,61 AllÃ©e BrÃ©montier,M,"44,6244000"," -1,0668700",33,2019,-1.0,8.0,1.0,6.0,2263089,10.0,3,3,2,0.0,,9.0,3,1935.0,A01,138Â 205Â 382,0.0,-1.0,-1.0,1727460,3.0,7,,0.0,1.0,6.0,A01,138Â 205Â 382,1.0
1012008,201900053539,1,4,15:10,1,2,1,1.0,5.0,62774,CD 940,M,"50,9489759","1,7633969",62,2019,70.0,1.0,1.0,3.0,2263090,1.0,1,3,1,0.0,,-1.0,0,1994.0,C01,138Â 205Â 380,2.0,0.0,-1.0,1727461,1.0,33,,0.0,2.0,1.0,C01,138Â 205Â 380,0.0
1012008,201900053539,1,4,15:10,1,2,1,1.0,5.0,62774,CD 940,M,"50,9489759","1,7633969",62,2019,70.0,1.0,1.0,3.0,2263090,1.0,1,3,1,0.0,,-1.0,0,1994.0,C01,138Â 205Â 380,2.0,0.0,-1.0,1727462,1.0,33,,0.0,2.0,1.0,B01,138Â 205Â 384,0.0
1012008,201900053539,1,4,15:10,1,2,1,1.0,5.0,62774,CD 940,M,"50,9489759","1,7633969",62,2019,70.0,1.0,1.0,3.0,2263090,1.0,1,3,1,0.0,,-1.0,0,1994.0,C01,138Â 205Â 380,2.0,0.0,-1.0,1727463,3.0,7,,0.0,2.0,1.0,A01,138Â 205Â 385,0.0
1012008,201900053539,1,4,15:10,1,2,1,1.0,5.0,62774,CD 940,M,"50,9489759","1,7633969",62,2019,70.0,1.0,1.0,3.0,2263091,1.0,1,3,1,0.0,,-1.0,0,1991.0,B01,138Â 205Â 384,2.0,0.0,-1.0,1727461,1.0,33,,0.0,2.0,1.0,C01,138Â 205Â 380,0.0
1012008,201900053539,1,4,15:10,1,2,1,1.0,5.0,62774,CD 940,M,"50,9489759","1,7633969",62,2019,70.0,1.0,1.0,3.0,2263091,1.0,1,3,1,0.0,,-1.0,0,1991.0,B01,138Â 205Â 384,2.0,0.0,-1.0,1727462,1.0,33,,0.0,2.0,1.0,B01,138Â 205Â 384,0.0
1012008,201900053539,1,4,15:10,1,2,1,1.0,5.0,62774,CD 940,M,"50,9489759","1,7633969",62,2019,70.0,1.0,1.0,3.0,2263091,1.0,1,3,1,0.0,,-1.0,0,1991.0,B01,138Â 205Â 384,2.0,0.0,-1.0,1727463,3.0,7,,0.0,2.0,1.0,A01,138Â 205Â 385,0.0
1012008,201900053539,1,4,15:10,1,2,1,1.0,5.0,62774,CD 940,M,"50,9489759","1,7633969",62,2019,70.0,1.0,1.0,3.0,2263092,1.0,1,1,1,0.0,,-1.0, -1,1990.0,A01,138Â 205Â 385,1.0,0.0,-1.0,1727461,1.0,33,,0.0,2.0,1.0,C01,138Â 205Â 380,0.0
1012008,201900053539,1,4,15:10,1,2,1,1.0,5.0,62774,CD 940,M,"50,9489759","1,7633969",62,2019,70.0,1.0,1.0,3.0,2263092,1.0,1,1,1,0.0,,-1.0, -1,1990.0,A01,138Â 205Â 385,1.0,0.0,-1.0,1727462,1.0,33,,0.0,2.0,1.0,B01,138Â 205Â 384,0.0
1012008,201900053539,1,4,15:10,1,2,1,1.0,5.0,62774,CD 940,M,"50,9489759","1,7633969",62,2019,70.0,1.0,1.0,3.0,2263092,1.0,1,1,1,0.0,,-1.0, -1,1990.0,A01,138Â 205Â 385,1.0,0.0,-1.0,1727463,3.0,7,,0.0,2.0,1.0,A01,138Â 205Â 385,0.0
1012009,201900053540,10,27,15:30,1,2,3,2.0,6.0,75111,AVENUE PARMENTIER,M,"48,8591370","2,3794960",75,2019,50.0,1.0,2.0,4.0,2263093,1.0,1,4,1,0.0,,0.0,0,1993.0,A01,138Â 205Â 381,8.0,0.0,-1.0,1727464,2.0,1,,0.0,2.0,3.0,A01,138Â 205Â 381,5.0
1012009,201900053540,10,27,15:30,1,2,3,2.0,6.0,75111,AVENUE PARMENTIER,M,"48,8591370","2,3794960",75,2019,50.0,1.0,2.0,4.0,2263093,1.0,1,4,1,0.0,,0.0,0,1993.0,A01,138Â 205Â 381,8.0,0.0,-1.0,1727465,2.0,7,,0.0,2.0,5.0,Z01,138Â 205Â 383,0.0
1012010,201900053541,10,27,19:00,5,2,1,1.0,7.0,75110,RUE DU FAUBOURG DU TEMPLE,M,"48,8709630","2,3739340",75,2019,50.0,1.0,1.0,4.0,2263094,1.0,1,4,1,0.0,,0.0,0,1990.0,A01,138Â 205Â 375,2.0,6.0,-1.0,1727466,1.0,30,,0.0,0.0,0.0,A01,138Â 205Â 375,3.0
1012011,201900053542,1,5,08:35,1,2,1,2.0,6.0,59599,LECLERCQ (RUE DU GENERAL),M,"50,7222200","3,1593500",59,2019,50.0,1.0,1.0,4.0,2263095,2.0,2,4,2,5.0,,0.0,0,1997.0,A01,138Â 205Â 373,1.0,8.0,-1.0,1727467,2.0,7,,1.0,0.0,2.0,A01,138Â 205Â 373,1.0
1012011,201900053542,1,5,08:35,1,2,1,2.0,6.0,59599,LECLERCQ (RUE DU GENERAL),M,"50,7222200","3,1593500",59,2019,50.0,1.0,1.0,4.0,2263095,2.0,2,4,2,5.0,,0.0,0,1997.0,A01,138Â 205Â 373,1.0,8.0,-1.0,1727468,0.0,7,,0.0,0.0,1.0,B01,138Â 205Â 377,-1.0
1012011,201900053542,1,5,08:35,1,2,1,2.0,6.0,59599,LECLERCQ (RUE DU GENERAL),M,"50,7222200","3,1593500",59,2019,50.0,1.0,1.0,4.0,2263096,4.0,2,1,1,5.0,,0.0,0,1993.0,A01,138Â 205Â 373,1.0,0.0,-1.0,1727467,2.0,7,,1.0,0.0,2.0,A01,138Â 205Â 373,1.0
1012011,201900053542,1,5,08:35,1,2,1,2.0,6.0,59599,LECLERCQ (RUE DU GENERAL),M,"50,7222200","3,1593500",59,2019,50.0,1.0,1.0,4.0,2263096,4.0,2,1,1,5.0,,0.0,0,1993.0,A01,138Â 205Â 373,1.0,0.0,-1.0,1727468,0.0,7,,0.0,0.0,1.0,B01,138Â 205Â 377,-1.0
1012011,201900053542,1,5,08:35,1,2,1,2.0,6.0,59599,LECLERCQ (RUE DU GENERAL),M,"50,7222200","3,1593500",59,2019,50.0,1.0,1.0,4.0,2263097,1.0,1,4,2,5.0,,0.0,0,1998.0,A01,138Â 205Â 373,1.0,8.0,-1.0,1727467,2.0,7,,1.0,0.0,2.0,A01,138Â 205Â 373,1.0
1012011,201900053542,1,5,08:35,1,2,1,2.0,6.0,59599,LECLERCQ (RUE DU GENERAL),M,"50,7222200","3,1593500",59,2019,50.0,1.0,1.0,4.0,2263097,1.0,1,4,2,5.0,,0.0,0,1998.0,A01,138Â 205Â 373,1.0,8.0,-1.0,1727468,0.0,7,,0.0,0.0,1.0,B01,138Â 205Â 377,-1.0
1012012,201900053543,9,24,18:15,2,2,3,1.0,1.0,77115,D219,M,"48,2505970","2,9243610",77,2019,80.0,1.0,1.0,3.0,2263098,1.0,1,1,1,9.0,,0.0,0,1969.0,A01,138Â 205Â 374,1.0,-1.0,-1.0,1727469,2.0,7,,0.0,2.0,1.0,A01,138Â 205Â 374,1.0
1012012,201900053543,9,24,18:15,2,2,3,1.0,1.0,77115,D219,M,"48,2505970","2,9243610",77,2019,80.0,1.0,1.0,3.0,2263098,1.0,1,1,1,9.0,,0.0,0,1969.0,A01,138Â 205Â 374,1.0,-1.0,-1.0,1727470,1.0,7,,0.0,2.0,1.0,B01,138Â 205Â 376,1.0
1012012,201900053543,9,24,18:15,2,2,3,1.0,1.0,77115,D219,M,"48,2505970","2,9243610",77,2019,80.0,1.0,1.0,3.0,2263099,1.0,1,4,2,1.0,,0.0,0,1982.0,B01,138Â 205Â 376,1.0,-1.0,-1.0,1727469,2.0,7,,0.0,2.0,1.0,A01,138Â 205Â 374,1.0
1012012,201900053543,9,24,18:15,2,2,3,1.0,1.0,77115,D219,M,"48,2505970","2,9243610",77,2019,80.0,1.0,1.0,3.0,2263099,1.0,1,4,2,1.0,,0.0,0,1982.0,B01,138Â 205Â 376,1.0,-1.0,-1.0,1727470,1.0,7,,0.0,2.0,1.0,B01,138Â 205Â 376,1.0
1012013,201900053544,1,3,17:40,4,2,1,8.0,6.0,59599,PHALEMPINS (RUE DES),M,"50,7338940","3,1543180",59,2019,50.0,1.0,1.0,4.0,2263100,10.0,3,4,1,0.0,,4.0,3,1950.0,A01,138Â 205Â 370,8.0,0.0,-1.0,1727471,1.0,7,,0.0,1.0,1.0,A01,138Â 205Â 370,0.0
1012013,201900053544,1,3,17:40,4,2,1,8.0,6.0,59599,PHALEMPINS (RUE DES),M,"50,7338940","3,1543180",59,2019,50.0,1.0,1.0,4.0,2263101,1.0,1,1,1,0.0,,0.0,0,1973.0,A01,138Â 205Â 370,1.0,0.0,-1.0,1727471,1.0,7,,0.0,1.0,1.0,A01,138Â 205Â 370,0.0
1012014,201900053545,10,27,07:00,4,2,2,2.0,3.0,75110,RUE DE DUNKERQUE,M,"48,8808111","2,3511654",75,2019,30.0,1.0,2.0,4.0,2263102,1.0,1,4,2,0.0,,0.0,0,1997.0,B01,138Â 205Â 369,2.0,8.0,-1.0,1727472,1.0,50,,0.0,2.0,1.0,B01,138Â 205Â 369,3.0
1012014,201900053545,10,27,07:00,4,2,2,2.0,3.0,75110,RUE DE DUNKERQUE,M,"48,8808111","2,3511654",75,2019,30.0,1.0,2.0,4.0,2263102,1.0,1,4,2,0.0,,0.0,0,1997.0,B01,138Â 205Â 369,2.0,8.0,-1.0,1727473,2.0,7,,0.0,2.0,3.0,A01,138Â 205Â 372,1.0
1012014,201900053545,10,27,07:00,4,2,2,2.0,3.0,75110,RUE DE DUNKERQUE,M,"48,8808111","2,3511654",75,2019,30.0,1.0,2.0,4.0,2263103,1.0,1,1,1,0.0,,0.0,0,1996.0,A01,138Â 205Â 372,1.0,0.0,-1.0,1727472,1.0,50,,0.0,2.0,1.0,B01,138Â 205Â 369,3.0
1012014,201900053545,10,27,07:00,4,2,2,2.0,3.0,75110,RUE DE DUNKERQUE,M,"48,8808111","2,3511654",75,2019,30.0,1.0,2.0,4.0,2263103,1.0,1,1,1,0.0,,0.0,0,1996.0,A01,138Â 205Â 372,1.0,0.0,-1.0,1727473,2.0,7,,0.0,2.0,3.0,A01,138Â 205Â 372,1.0
1012015,201900053546,9,23,08:50,1,1,1,1.0,3.0,95002,2 Rue du Vivier,M,"49,0698400","1,9692180",95,2019,110.0,1.0,1.0,3.0,2263104,1.0,1,1,1,1.0,,0.0,0,1989.0,B01,138Â 205Â 368,8.0,-1.0,-1.0,1727474,2.0,7,,0.0,2.0,7.0,B01,138Â 205Â 368,1.0
1012015,201900053546,9,23,08:50,1,1,1,1.0,3.0,95002,2 Rue du Vivier,M,"49,0698400","1,9692180",95,2019,110.0,1.0,1.0,3.0,2263104,1.0,1,1,1,1.0,,0.0,0,1989.0,B01,138Â 205Â 368,8.0,-1.0,-1.0,1727475,2.0,33,,0.0,2.0,8.0,A01,138Â 205Â 371,1.0
1012015,201900053546,9,23,08:50,1,1,1,1.0,3.0,95002,2 Rue du Vivier,M,"49,0698400","1,9692180",95,2019,110.0,1.0,1.0,3.0,2263105,1.0,1,3,2,1.0,,0.0,0,1965.0,A01,138Â 205Â 371,2.0,-1.0,-1.0,1727474,2.0,7,,0.0,2.0,7.0,B01,138Â 205Â 368,1.0
1012015,201900053546,9,23,08:50,1,1,1,1.0,3.0,95002,2 Rue du Vivier,M,"49,0698400","1,9692180",95,2019,110.0,1.0,1.0,3.0,2263105,1.0,1,3,2,1.0,,0.0,0,1965.0,A01,138Â 205Â 371,2.0,-1.0,-1.0,1727475,2.0,33,,0.0,2.0,8.0,A01,138Â 205Â 371,1.0
1012016,201900053547,10,27,01:00,5,2,3,1.0,3.0,75101,RUE DE RIVOLI,M,"48,8631940","2,3337868",75,2019,50.0,1.0,1.0,4.0,2263106,1.0,1,4,1,5.0,,0.0,0,1973.0,A01,138Â 205Â 364,2.0,6.0,-1.0,1727476,1.0,32,,0.0,2.0,2.0,A01,138Â 205Â 364,1.0
1012016,201900053547,10,27,01:00,5,2,3,1.0,3.0,75101,RUE DE RIVOLI,M,"48,8631940","2,3337868",75,2019,50.0,1.0,1.0,4.0,2263106,1.0,1,4,1,5.0,,0.0,0,1973.0,A01,138Â 205Â 364,2.0,6.0,-1.0,1727477,1.0,7,,0.0,2.0,3.0,B01,138Â 205Â 366,1.0
1012016,201900053547,10,27,01:00,5,2,3,1.0,3.0,75101,RUE DE RIVOLI,M,"48,8631940","2,3337868",75,2019,50.0,1.0,1.0,4.0,2263107,1.0,1,1,1,5.0,,0.0,0,1979.0,B01,138Â 205Â 366,1.0,0.0,-1.0,1727476,1.0,32,,0.0,2.0,2.0,A01,138Â 205Â 364,1.0
1012016,201900053547,10,27,01:00,5,2,3,1.0,3.0,75101,RUE DE RIVOLI,M,"48,8631940","2,3337868",75,2019,50.0,1.0,1.0,4.0,2263107,1.0,1,1,1,5.0,,0.0,0,1979.0,B01,138Â 205Â 366,1.0,0.0,-1.0,1727477,1.0,7,,0.0,2.0,3.0,B01,138Â 205Â 366,1.0
1012017,201900053548,9,23,17:57,1,1,3,1.0,2.0,78128,ROUTE DÃPARTEMENTALE 91,M,"48,6693280","1,9566640",78,2019,70.0,1.0,1.0,3.0,2263108,1.0,1,4,1,4.0,,0.0,0,1986.0,A01,138Â 205Â 361,1.0,5.0,-1.0,1727478,1.0,7,,0.0,2.0,4.0,A01,138Â 205Â 361,1.0
1012017,201900053548,9,23,17:57,1,1,3,1.0,2.0,78128,ROUTE DÃPARTEMENTALE 91,M,"48,6693280","1,9566640",78,2019,70.0,1.0,1.0,3.0,2263108,1.0,1,4,1,4.0,,0.0,0,1986.0,A01,138Â 205Â 361,1.0,5.0,-1.0,1727479,1.0,7,,1.0,2.0,1.0,B01,138Â 205Â 362,1.0
1012017,201900053548,9,23,17:57,1,1,3,1.0,2.0,78128,ROUTE DÃPARTEMENTALE 91,M,"48,6693280","1,9566640",78,2019,70.0,1.0,1.0,3.0,2263109,1.0,1,1,1,1.0,,0.0,0,1972.0,B01,138Â 205Â 362,1.0,5.0,-1.0,1727478,1.0,7,,0.0,2.0,4.0,A01,138Â 205Â 361,1.0
1012017,201900053548,9,23,17:57,1,1,3,1.0,2.0,78128,ROUTE DÃPARTEMENTALE 91,M,"48,6693280","1,9566640",78,2019,70.0,1.0,1.0,3.0,2263109,1.0,1,1,1,1.0,,0.0,0,1972.0,B01,138Â 205Â 362,1.0,5.0,-1.0,1727479,1.0,7,,1.0,2.0,1.0,B01,138Â 205Â 362,1.0
1012018,201900053549,1,1,05:45,5,2,1,9.0,1.0,59508,RD 191,M,"50,7592300","3,1342500",59,2019,50.0,1.0,2.0,7.0,2263110,1.0,1,1,1,1.0,,-1.0,0,1995.0,A01,138Â 205Â 358,1.0,0.0,-1.0,1727480,3.0,3,,0.0,2.0,1.0,A01,138Â 205Â 358,6.0
1012018,201900053549,1,1,05:45,5,2,1,9.0,1.0,59508,RD 191,M,"50,7592300","3,1342500",59,2019,50.0,1.0,2.0,7.0,2263110,1.0,1,1,1,1.0,,-1.0,0,1995.0,A01,138Â 205Â 358,1.0,0.0,-1.0,1727481,0.0,7,,0.0,0.0,5.0,B01,138Â 205Â 360,-1.0
1012018,201900053549,1,1,05:45,5,2,1,9.0,1.0,59508,RD 191,M,"50,7592300","3,1342500",59,2019,50.0,1.0,2.0,7.0,2263111,3.0,2,4,2,-1.0,,0.0, -1,2001.0,B01,138Â 205Â 360,1.0,0.0,0.0,1727480,3.0,3,,0.0,2.0,1.0,A01,138Â 205Â 358,6.0
1012018,201900053549,1,1,05:45,5,2,1,9.0,1.0,59508,RD 191,M,"50,7592300","3,1342500",59,2019,50.0,1.0,2.0,7.0,2263111,3.0,2,4,2,-1.0,,0.0, -1,2001.0,B01,138Â 205Â 360,1.0,0.0,0.0,1727481,0.0,7,,0.0,0.0,5.0,B01,138Â 205Â 360,-1.0
1012018,201900053549,1,1,05:45,5,2,1,9.0,1.0,59508,RD 191,M,"50,7592300","3,1342500",59,2019,50.0,1.0,2.0,7.0,2263112,4.0,2,4,1,-1.0,,-1.0, -1,2001.0,B01,138Â 205Â 360,1.0,0.0,0.0,1727480,3.0,3,,0.0,2.0,1.0,A01,138Â 205Â 358,6.0
1012018,201900053549,1,1,05:45,5,2,1,9.0,1.0,59508,RD 191,M,"50,7592300","3,1342500",59,2019,50.0,1.0,2.0,7.0,2263112,4.0,2,4,1,-1.0,,-1.0, -1,2001.0,B01,138Â 205Â 360,1.0,0.0,0.0,1727481,0.0,7,,0.0,0.0,5.0,B01,138Â 205Â 360,-1.0
1012018,201900053549,1,1,05:45,5,2,1,9.0,1.0,59508,RD 191,M,"50,7592300","3,1342500",59,2019,50.0,1.0,2.0,7.0,2263113,1.0,1,1,1,-1.0,,-1.0, -1,1964.0,B01,138Â 205Â 360,1.0,0.0,0.0,1727480,3.0,3,,0.0,2.0,1.0,A01,138Â 205Â 358,6.0
1012018,201900053549,1,1,05:45,5,2,1,9.0,1.0,59508,RD 191,M,"50,7592300","3,1342500",59,2019,50.0,1.0,2.0,7.0,2263113,1.0,1,1,1,-1.0,,-1.0, -1,1964.0,B01,138Â 205Â 360,1.0,0.0,0.0,1727481,0.0,7,,0.0,0.0,5.0,B01,138Â 205Â 360,-1.0
1012019,201900053550,9,25,06:30,3,1,1,1.0,3.0,2B289,RT 20,M,"42,3551900","9,1711180",2B,2019,80.0,1.0,1.0,2.0,2263114,1.0,1,1,1,4.0,,0.0,0,1952.0,A01,138Â 205Â 355,1.0,-1.0,-1.0,1727482,1.0,7,,7.0,2.0,8.0,A01,138Â 205Â 355,1.0
1012019,201900053550,9,25,06:30,3,1,1,1.0,3.0,2B289,RT 20,M,"42,3551900","9,1711180",2B,2019,80.0,1.0,1.0,2.0,2263114,1.0,1,1,1,4.0,,0.0,0,1952.0,A01,138Â 205Â 355,1.0,-1.0,-1.0,1727483,1.0,7,,0.0,2.0,0.0,B01,138Â 205Â 357,0.0