Unnamed: 0_x,num_acc,mois,jour,hrmn,lum,agg,int,atm,col,com,adr,gps,lat,long,dep,annee,vma,situ,surf,catr,Unnamed: 0_y,place,catu,grav,sexe,trajet,secu,locp,actp,an_nais,num_veh_x,id_vehicule_x,secu1,secu2,secu3,Unnamed: 0,senc,catv,occutc,obs,obsm,choc,num_veh_y,id_vehicule_y,motor
1012019,201900053550,9,25,06:30,3,1,1,1.0,3.0,2B289,RT 20,M,"42,3551900","9,1711180",2B,2019,80.0,1.0,1.0,2.0,2263115,9.0,2,4,2,2.0,,0.0,0,2007.0,A01,138Â 205Â 355,1.0,-1.0,-1.0,1727482,1.0,7,,7.0,2.0,8.0,A01,138Â 205Â 355,1.0
1012019,201900053550,9,25,06:30,3,1,1,1.0,3.0,2B289,RT 20,M,"42,3551900","9,1711180",2B,2019,80.0,1.0,1.0,2.0,2263115,9.0,2,4,2,2.0,,0.0,0,2007.0,A01,138Â 205Â 355,1.0,-1.0,-1.0,1727483,1.0,7,,0.0,2.0,0.0,B01,138Â 205Â 357,0.0
1012020,201900053551,10,27,01:20,5,2,3,1.0,3.0,75104,QUAI DE L HOTEL DE VILLE,M,"48,8553251","2,3527582",75,2019,50.0,1.0,1.0,4.0,2263116,1.0,1,1,1,1.0,,0.0,0,1985.0,B01,138Â 205Â 356,1.0,0.0,-1.0,1727484,2.0,7,,0.0,2.0,8.0,B01,138Â 205Â 356,1.0
1012020,201900053551,10,27,01:20,5,2,3,1.0,3.0,75104,QUAI DE L HOTEL DE VILLE,M,"48,8553251","2,3527582",75,2019,50.0,1.0,1.0,4.0,2263116,1.0,1,1,1,1.0,,0.0,0,1985.0,B01,138Â 205Â 356,1.0,0.0,-1.0,1727485,2.0,1,,0.0,2.0,1.0,A01,138Â 205Â 359,5.0
1012020,201900053551,10,27,01:20,5,2,3,1.0,3.0,75104,QUAI DE L HOTEL DE VILLE,M,"48,8553251","2,3527582",75,2019,50.0,1.0,1.0,4.0,2263117,1.0,1,4,1,9.0,,0.0,0,1987.0,A01,138Â 205Â 359,8.0,0.0,-1.0,1727484,2.0,7,,0.0,2.0,8.0,B01,138Â 205Â 356,1.0
1012020,201900053551,10,27,01:20,5,2,3,1.0,3.0,75104,QUAI DE L HOTEL DE VILLE,M,"48,8553251","2,3527582",75,2019,50.0,1.0,1.0,4.0,2263117,1.0,1,4,1,9.0,,0.0,0,1987.0,A01,138Â 205Â 359,8.0,0.0,-1.0,1727485,2.0,1,,0.0,2.0,1.0,A01,138Â 205Â 359,5.0
1012021,201900053552,1,3,18:25,5,2,1,1.0,6.0,59650,SAPIN VERT (RUE DU),M,"50,7146300","3,1814200",59,2019,50.0,1.0,1.0,4.0,2263118,1.0,1,1,1,5.0,,0.0,0,1982.0,A01,138Â 205Â 351,1.0,0.0,-1.0,1727486,1.0,7,,1.0,1.0,2.0,A01,138Â 205Â 351,0.0
1012021,201900053552,1,3,18:25,5,2,1,1.0,6.0,59650,SAPIN VERT (RUE DU),M,"50,7146300","3,1814200",59,2019,50.0,1.0,1.0,4.0,2263119,10.0,3,4,1,5.0,,2.0,3,2000.0,A01,138Â 205Â 351,0.0,0.0,0.0,1727486,1.0,7,,1.0,1.0,2.0,A01,138Â 205Â 351,0.0
1012022,201900053553,9,25,16:15,1,1,1,1.0,1.0,83094,route de grimaud,M,"43,3036110","6,5556790",83,2019,80.0,1.0,1.0,3.0,2263120,2.0,2,1,2,2.0,,0.0,0,2002.0,B01,138Â 205Â 352,1.0,-1.0,-1.0,1727487,1.0,7,,0.0,2.0,3.0,B01,138Â 205Â 352,1.0
1012022,201900053553,9,25,16:15,1,1,1,1.0,1.0,83094,route de grimaud,M,"43,3036110","6,5556790",83,2019,80.0,1.0,1.0,3.0,2263120,2.0,2,1,2,2.0,,0.0,0,2002.0,B01,138Â 205Â 352,1.0,-1.0,-1.0,1727488,2.0,2,,0.0,2.0,3.0,A01,138Â 205Â 354,1.0
1012022,201900053553,9,25,16:15,1,1,1,1.0,1.0,83094,route de grimaud,M,"43,3036110","6,5556790",83,2019,80.0,1.0,1.0,3.0,2263121,1.0,1,1,2,2.0,,0.0,0,1971.0,B01,138Â 205Â 352,1.0,-1.0,-1.0,1727487,1.0,7,,0.0,2.0,3.0,B01,138Â 205Â 352,1.0
1012022,201900053553,9,25,16:15,1,1,1,1.0,1.0,83094,route de grimaud,M,"43,3036110","6,5556790",83,2019,80.0,1.0,1.0,3.0,2263121,1.0,1,1,2,2.0,,0.0,0,1971.0,B01,138Â 205Â 352,1.0,-1.0,-1.0,1727488,2.0,2,,0.0,2.0,3.0,A01,138Â 205Â 354,1.0
1012022,201900053553,9,25,16:15,1,1,1,1.0,1.0,83094,route de grimaud,M,"43,3036110","6,5556790",83,2019,80.0,1.0,1.0,3.0,2263122,1.0,1,3,1,1.0,,0.0,0,2004.0,A01,138Â 205Â 354,2.0,-1.0,-1.0,1727487,1.0,7,,0.0,2.0,3.0,B01,138Â 205Â 352,1.0
1012022,201900053553,9,25,16:15,1,1,1,1.0,1.0,83094,route de grimaud,M,"43,3036110","6,5556790",83,2019,80.0,1.0,1.0,3.0,2263122,1.0,1,3,1,1.0,,0.0,0,2004.0,A01,138Â 205Â 354,2.0,-1.0,-1.0,1727488,2.0,2,,0.0,2.0,3.0,A01,138Â 205Â 354,1.0
1012023,201900053554,10,27,14:30,1,2,1,8.0,2.0,94017,MARX DORMOY (AV),M,"48,8059800","2,5327700",94,2019,50.0,1.0,2.0,3.0,2263123,1.0,1,1,2,0.0,,-1.0, -1,1994.0,B01,138Â 205Â 350,1.0,8.0,-1.0,1727489,1.0,7,,0.0,2.0,4.0,B01,138Â 205Â 350,1.0
1012023,201900053554,10,27,14:30,1,2,1,8.0,2.0,94017,MARX DORMOY (AV),M,"48,8059800","2,5327700",94,2019,50.0,1.0,2.0,3.0,2263123,1.0,1,1,2,0.0,,-1.0, -1,1994.0,B01,138Â 205Â 350,1.0,8.0,-1.0,1727490,1.0,2,,0.0,2.0,1.0,A01,138Â 205Â 353,1.0
1012023,201900053554,10,27,14:30,1,2,1,8.0,2.0,94017,MARX DORMOY (AV),M,"48,8059800","2,5327700",94,2019,50.0,1.0,2.0,3.0,2263124,1.0,1,4,1,4.0,,-1.0, -1,2003.0,A01,138Â 205Â 353,2.0,8.0,-1.0,1727489,1.0,7,,0.0,2.0,4.0,B01,138Â 205Â 350,1.0
1012023,201900053554,10,27,14:30,1,2,1,8.0,2.0,94017,MARX DORMOY (AV),M,"48,8059800","2,5327700",94,2019,50.0,1.0,2.0,3.0,2263124,1.0,1,4,1,4.0,,-1.0, -1,2003.0,A01,138Â 205Â 353,2.0,8.0,-1.0,1727490,1.0,2,,0.0,2.0,1.0,A01,138Â 205Â 353,1.0
1012024,201900053555,10,27,06:20,5,2,1,2.0,6.0,94019,LIBERATION (RTE DE LA),M,"48,8046500","2,5356200",94,2019,50.0,1.0,2.0,3.0,2263125,1.0,1,4,1,5.0,,-1.0, -1,1987.0,A01,138Â 205Â 346,8.0,0.0,-1.0,1727491,3.0,7,,9.0,0.0,8.0,A01,138Â 205Â 346,6.0
1012025,201900053556,10,21,09:00,1,2,9,1.0,6.0,93039,MARINE (QUAI DE LA ),M,"48,9504950","2,3078381",93,2019,30.0,1.0,1.0,3.0,2263126,10.0,3,4,1,0.0,,3.0,3,1982.0,A01,138Â 205Â 342,8.0,0.0,-1.0,1727492,2.0,99,,0.0,1.0,1.0,A01,138Â 205Â 342,0.0
1012026,201900053557,9,25,18:18,1,1,1,1.0,2.0,83068,Lotissement les Jardins d'Andy,M,"43,2706690","6,5420530",83,2019,70.0,1.0,1.0,3.0,2263127,1.0,1,1,2,5.0,,0.0,0,1963.0,B01,138Â 205Â 345,1.0,-1.0,-1.0,1727493,1.0,7,,0.0,2.0,6.0,B01,138Â 205Â 345,1.0
1012026,201900053557,9,25,18:18,1,1,1,1.0,2.0,83068,Lotissement les Jardins d'Andy,M,"43,2706690","6,5420530",83,2019,70.0,1.0,1.0,3.0,2263127,1.0,1,1,2,5.0,,0.0,0,1963.0,B01,138Â 205Â 345,1.0,-1.0,-1.0,1727494,1.0,33,,0.0,2.0,1.0,A01,138Â 205Â 347,1.0
1012026,201900053557,9,25,18:18,1,1,1,1.0,2.0,83068,Lotissement les Jardins d'Andy,M,"43,2706690","6,5420530",83,2019,70.0,1.0,1.0,3.0,2263128,1.0,1,3,1,5.0,,0.0,0,1993.0,A01,138Â 205Â 347,2.0,-1.0,-1.0,1727493,1.0,7,,0.0,2.0,6.0,B01,138Â 205Â 345,1.0
1012026,201900053557,9,25,18:18,1,1,1,1.0,2.0,83068,Lotissement les Jardins d'Andy,M,"43,2706690","6,5420530",83,2019,70.0,1.0,1.0,3.0,2263128,1.0,1,3,1,5.0,,0.0,0,1993.0,A01,138Â 205Â 347,2.0,-1.0,-1.0,1727494,1.0,33,,0.0,2.0,1.0,A01,138Â 205Â 347,1.0
1012027,201900053558,9,24,11:45,1,2,1,1.0,3.0,06122,732 Route de Saint-Jeannet,M,"43,7485710","7,1518960",6,2019,50.0,1.0,1.0,7.0,2263129,1.0,1,3,1,1.0,,0.0,0,1972.0,B01,138Â 205Â 339,2.0,6.0,9.0,1727495,2.0,33,,0.0,2.0,2.0,B01,138Â 205Â 339,0.0
1012027,201900053558,9,24,11:45,1,2,1,1.0,3.0,06122,732 Route de Saint-Jeannet,M,"43,7485710","7,1518960",6,2019,50.0,1.0,1.0,7.0,2263129,1.0,1,3,1,1.0,,0.0,0,1972.0,B01,138Â 205Â 339,2.0,6.0,9.0,1727496,2.0,7,,0.0,2.0,3.0,A01,138Â 205Â 341,0.0
1012027,201900053558,9,24,11:45,1,2,1,1.0,3.0,06122,732 Route de Saint-Jeannet,M,"43,7485710","7,1518960",6,2019,50.0,1.0,1.0,7.0,2263130,1.0,1,1,2,5.0,,0.0,0,1965.0,A01,138Â 205Â 341,1.0,-1.0,-1.0,1727495,2.0,33,,0.0,2.0,2.0,B01,138Â 205Â 339,0.0
1012027,201900053558,9,24,11:45,1,2,1,1.0,3.0,06122,732 Route de Saint-Jeannet,M,"43,7485710","7,1518960",6,2019,50.0,1.0,1.0,7.0,2263130,1.0,1,1,2,5.0,,0.0,0,1965.0,A01,138Â 205Â 341,1.0,-1.0,-1.0,1727496,2.0,7,,0.0,2.0,3.0,A01,138Â 205Â 341,0.0
1012028,201900053559,10,27,19:40,5,2,1,1.0,6.0,93064,BERTHELOT (RUE MARCELIN),M,"48,8645890","2,4891970",93,2019,30.0,3.0,1.0,4.0,2263131,2.0,2,4,1,0.0,,-1.0, -1,2004.0,A01,138Â 205Â 340,2.0,0.0,-1.0,1727497,1.0,30,,15.0,0.0,1.0,A01,138Â 205Â 340,0.0
1012028,201900053559,10,27,19:40,5,2,1,1.0,6.0,93064,BERTHELOT (RUE MARCELIN),M,"48,8645890","2,4891970",93,2019,30.0,3.0,1.0,4.0,2263132,1.0,1,1,1,0.0,,-1.0, -1,2003.0,A01,138Â 205Â 340,2.0,8.0,-1.0,1727497,1.0,30,,15.0,0.0,1.0,A01,138Â 205Â 340,0.0
1012029,201900053560,1,1,02:45,5,2,1,2.0,4.0,59378,CLEMENCEAU BLVD (NÂ°168-294),M,"50,6622600","3,0963000",59,2019,50.0,1.0,2.0,7.0,2263133,2.0,2,4,1,0.0,,0.0,0,1991.0,Z01,138Â 205Â 338,1.0,0.0,-1.0,1727498,0.0,7,,0.0,0.0,0.0,A01,138Â 205Â 335,0.0
1012029,201900053560,1,1,02:45,5,2,1,2.0,4.0,59378,CLEMENCEAU BLVD (NÂ°168-294),M,"50,6622600","3,0963000",59,2019,50.0,1.0,2.0,7.0,2263133,2.0,2,4,1,0.0,,0.0,0,1991.0,Z01,138Â 205Â 338,1.0,0.0,-1.0,1727499,0.0,7,,0.0,0.0,0.0,B01,138Â 205Â 336,0.0
1012029,201900053560,1,1,02:45,5,2,1,2.0,4.0,59378,CLEMENCEAU BLVD (NÂ°168-294),M,"50,6622600","3,0963000",59,2019,50.0,1.0,2.0,7.0,2263133,2.0,2,4,1,0.0,,0.0,0,1991.0,Z01,138Â 205Â 338,1.0,0.0,-1.0,1727500,0.0,7,,0.0,0.0,0.0,C01,138Â 205Â 337,0.0
1012029,201900053560,1,1,02:45,5,2,1,2.0,4.0,59378,CLEMENCEAU BLVD (NÂ°168-294),M,"50,6622600","3,0963000",59,2019,50.0,1.0,2.0,7.0,2263133,2.0,2,4,1,0.0,,0.0,0,1991.0,Z01,138Â 205Â 338,1.0,0.0,-1.0,1727501,2.0,7,,1.0,0.0,1.0,Z01,138Â 205Â 338,0.0
1012029,201900053560,1,1,02:45,5,2,1,2.0,4.0,59378,CLEMENCEAU BLVD (NÂ°168-294),M,"50,6622600","3,0963000",59,2019,50.0,1.0,2.0,7.0,2263134,4.0,2,4,2,0.0,,0.0,0,1996.0,Z01,138Â 205Â 338,8.0,0.0,-1.0,1727498,0.0,7,,0.0,0.0,0.0,A01,138Â 205Â 335,0.0
1012029,201900053560,1,1,02:45,5,2,1,2.0,4.0,59378,CLEMENCEAU BLVD (NÂ°168-294),M,"50,6622600","3,0963000",59,2019,50.0,1.0,2.0,7.0,2263134,4.0,2,4,2,0.0,,0.0,0,1996.0,Z01,138Â 205Â 338,8.0,0.0,-1.0,1727499,0.0,7,,0.0,0.0,0.0,B01,138Â 205Â 336,0.0
1012029,201900053560,1,1,02:45,5,2,1,2.0,4.0,59378,CLEMENCEAU BLVD (NÂ°168-294),M,"50,6622600","3,0963000",59,2019,50.0,1.0,2.0,7.0,2263134,4.0,2,4,2,0.0,,0.0,0,1996.0,Z01,138Â 205Â 338,8.0,0.0,-1.0,1727500,0.0,7,,0.0,0.0,0.0,C01,138Â 205Â 337,0.0
1012029,201900053560,1,1,02:45,5,2,1,2.0,4.0,59378,CLEMENCEAU BLVD (NÂ°168-294),M,"50,6622600","3,0963000",59,2019,50.0,1.0,2.0,7.0,2263134,4.0,2,4,2,0.0,,0.0,0,1996.0,Z01,138Â 205Â 338,8.0,0.0,-1.0,1727501,2.0,7,,1.0,0.0,1.0,Z01,138Â 205Â 338,0.0
1012030,201900053561,9,11,11:30,1,2,1,1.0,1.0,55145,D102,M,"49,3422070","5,3996070",55,2019,50.0,1.0,1.0,3.0,2263135,1.0,1,1,1,5.0,,0.0,0,1998.0,B01,138Â 205Â 332,1.0,-1.0,-1.0,1727502,2.0,7,,0.0,2.0,1.0,B01,138Â 205Â 332,1.0
1012030,201900053561,9,11,11:30,1,2,1,1.0,1.0,55145,D102,M,"49,3422070","5,3996070",55,2019,50.0,1.0,1.0,3.0,2263135,1.0,1,1,1,5.0,,0.0,0,1998.0,B01,138Â 205Â 332,1.0,-1.0,-1.0,1727503,1.0,7,,0.0,2.0,1.0,A01,138Â 205Â 334,1.0
1012030,201900053561,9,11,11:30,1,2,1,1.0,1.0,55145,D102,M,"49,3422070","5,3996070",55,2019,50.0,1.0,1.0,3.0,2263136,1.0,1,1,1,5.0,,0.0,0,1935.0,A01,138Â 205Â 334,1.0,-1.0,-1.0,1727502,2.0,7,,0.0,2.0,1.0,B01,138Â 205Â 332,1.0
1012030,201900053561,9,11,11:30,1,2,1,1.0,1.0,55145,D102,M,"49,3422070","5,3996070",55,2019,50.0,1.0,1.0,3.0,2263136,1.0,1,1,1,5.0,,0.0,0,1935.0,A01,138Â 205Â 334,1.0,-1.0,-1.0,1727503,1.0,7,,0.0,2.0,1.0,A01,138Â 205Â 334,1.0
1012030,201900053561,9,11,11:30,1,2,1,1.0,1.0,55145,D102,M,"49,3422070","5,3996070",55,2019,50.0,1.0,1.0,3.0,2263137,2.0,2,3,2,5.0,,0.0,0,1945.0,A01,138Â 205Â 334,1.0,-1.0,-1.0,1727502,2.0,7,,0.0,2.0,1.0,B01,138Â 205Â 332,1.0
1012030,201900053561,9,11,11:30,1,2,1,1.0,1.0,55145,D102,M,"49,3422070","5,3996070",55,2019,50.0,1.0,1.0,3.0,2263137,2.0,2,3,2,5.0,,0.0,0,1945.0,A01,138Â 205Â 334,1.0,-1.0,-1.0,1727503,1.0,7,,0.0,2.0,1.0,A01,138Â 205Â 334,1.0
1012031,201900053562,1,1,02:30,5,2,1,2.0,6.0,59629,PONT (RUE DU),M,"50,3885523","3,2356218",59,2019,50.0,1.0,2.0,3.0,2263138,1.0,1,2,1,9.0,,-1.0, -1,1965.0,A01,138Â 205Â 327,1.0,0.0,-1.0,1727504,2.0,7,,12.0,0.0,3.0,A01,138Â 205Â 327,1.0
1012032,201900053563,9,25,11:30,1,2,1,1.0,2.0,38239,Avenue Louis Moyroud,M,"45,3269800","5,5557800",38,2019,50.0,1.0,1.0,3.0,2263139,1.0,1,3,1,5.0,,0.0,0,1948.0,A01,138Â 205Â 329,0.0,-1.0,-1.0,1727505,1.0,1,,1.0,2.0,8.0,A01,138Â 205Â 329,5.0
1012032,201900053563,9,25,11:30,1,2,1,1.0,2.0,38239,Avenue Louis Moyroud,M,"45,3269800","5,5557800",38,2019,50.0,1.0,1.0,3.0,2263139,1.0,1,3,1,5.0,,0.0,0,1948.0,A01,138Â 205Â 329,0.0,-1.0,-1.0,1727506,1.0,37,1.0,0.0,2.0,5.0,B01,138Â 205Â 330,1.0
1012032,201900053563,9,25,11:30,1,2,1,1.0,2.0,38239,Avenue Louis Moyroud,M,"45,3269800","5,5557800",38,2019,50.0,1.0,1.0,3.0,2263140,1.0,1,1,2,4.0,,0.0,0,1977.0,B01,138Â 205Â 330,1.0,-1.0,-1.0,1727505,1.0,1,,1.0,2.0,8.0,A01,138Â 205Â 329,5.0
1012032,201900053563,9,25,11:30,1,2,1,1.0,2.0,38239,Avenue Louis Moyroud,M,"45,3269800","5,5557800",38,2019,50.0,1.0,1.0,3.0,2263140,1.0,1,1,2,4.0,,0.0,0,1977.0,B01,138Â 205Â 330,1.0,-1.0,-1.0,1727506,1.0,37,1.0,0.0,2.0,5.0,B01,138Â 205Â 330,1.0
1012033,201900053564,1,3,15:30,1,2,1,1.0,3.0,58194,BERNARD PALISSY,M,"46,9856000","3,1745000",58,2019,50.0,1.0,1.0,4.0,2263141,1.0,1,1,1,1.0,,-1.0, -1,1998.0,B01,138Â 205Â 325,1.0,8.0,-1.0,1727507,1.0,7,,0.0,2.0,7.0,B01,138Â 205Â 325,1.0
1012033,201900053564,1,3,15:30,1,2,1,1.0,3.0,58194,BERNARD PALISSY,M,"46,9856000","3,1745000",58,2019,50.0,1.0,1.0,4.0,2263141,1.0,1,1,1,1.0,,-1.0, -1,1998.0,B01,138Â 205Â 325,1.0,8.0,-1.0,1727508,1.0,33,,0.0,2.0,1.0,A01,138Â 205Â 326,1.0
1012033,201900053564,1,3,15:30,1,2,1,1.0,3.0,58194,BERNARD PALISSY,M,"46,9856000","3,1745000",58,2019,50.0,1.0,1.0,4.0,2263142,1.0,1,4,1,1.0,,-1.0, -1,1994.0,A01,138Â 205Â 326,2.0,6.0,-1.0,1727507,1.0,7,,0.0,2.0,7.0,B01,138Â 205Â 325,1.0
1012033,201900053564,1,3,15:30,1,2,1,1.0,3.0,58194,BERNARD PALISSY,M,"46,9856000","3,1745000",58,2019,50.0,1.0,1.0,4.0,2263142,1.0,1,4,1,1.0,,-1.0, -1,1994.0,A01,138Â 205Â 326,2.0,6.0,-1.0,1727508,1.0,33,,0.0,2.0,1.0,A01,138Â 205Â 326,1.0
1012034,201900053565,9,19,18:40,1,2,1,1.0,6.0,01160,avenue du jura,M,"46,2594650","6,1111710",1,2019,50.0,1.0,1.0,3.0,2263143,1.0,1,1,1,1.0,,0.0,0,1996.0,A01,138Â 205Â 324,1.0,-1.0,-1.0,1727509,2.0,7,,0.0,1.0,1.0,A01,138Â 205Â 324,1.0
1012034,201900053565,9,19,18:40,1,2,1,1.0,6.0,01160,avenue du jura,M,"46,2594650","6,1111710",1,2019,50.0,1.0,1.0,3.0,2263144,10.0,3,4,2,0.0,,2.0,3,1953.0,A01,138Â 205Â 324,0.0,-1.0,-1.0,1727509,2.0,7,,0.0,1.0,1.0,A01,138Â 205Â 324,1.0
1012035,201900053566,1,2,17:50,5,2,1,1.0,2.0,58194,PRE PLANTIN (BOULEVARD),M,"46,9814000","3,1237000",58,2019,30.0,1.0,1.0,4.0,2263145,1.0,1,3,1,5.0,,-1.0, -1,1964.0,B01,138Â 205Â 322,2.0,8.0,-1.0,1727510,1.0,1,,0.0,2.0,6.0,B01,138Â 205Â 322,5.0
1012035,201900053566,1,2,17:50,5,2,1,1.0,2.0,58194,PRE PLANTIN (BOULEVARD),M,"46,9814000","3,1237000",58,2019,30.0,1.0,1.0,4.0,2263145,1.0,1,3,1,5.0,,-1.0, -1,1964.0,B01,138Â 205Â 322,2.0,8.0,-1.0,1727511,1.0,7,,0.0,2.0,2.0,A01,138Â 205Â 323,1.0
1012035,201900053566,1,2,17:50,5,2,1,1.0,2.0,58194,PRE PLANTIN (BOULEVARD),M,"46,9814000","3,1237000",58,2019,30.0,1.0,1.0,4.0,2263146,1.0,1,1,1,1.0,,-1.0, -1,1943.0,A01,138Â 205Â 323,1.0,8.0,-1.0,1727510,1.0,1,,0.0,2.0,6.0,B01,138Â 205Â 322,5.0
1012035,201900053566,1,2,17:50,5,2,1,1.0,2.0,58194,PRE PLANTIN (BOULEVARD),M,"46,9814000","3,1237000",58,2019,30.0,1.0,1.0,4.0,2263146,1.0,1,1,1,1.0,,-1.0, -1,1943.0,A01,138Â 205Â 323,1.0,8.0,-1.0,1727511,1.0,7,,0.0,2.0,2.0,A01,138Â 205Â 323,1.0
1012036,201900053567,1,4,11:00,1,2,1,1.0,2.0,57463,JEAN XXIII (AVENUE ),M,"49,1129600","6,1830600",57,2019,50.0,1.0,1.0,4.0,2263147,1.0,1,3,1,5.0,,-1.0, -1,1945.0,B01,138Â 205Â 320,8.0,8.0,-1.0,1727512,3.0,1,,0.0,2.0,4.0,B01,138Â 205Â 320,5.0
1012036,201900053567,1,4,11:00,1,2,1,1.0,2.0,57463,JEAN XXIII (AVENUE ),M,"49,1129600","6,1830600",57,2019,50.0,1.0,1.0,4.0,2263147,1.0,1,3,1,5.0,,-1.0, -1,1945.0,B01,138Â 205Â 320,8.0,8.0,-1.0,1727513,3.0,7,,0.0,6.0,2.0,A01,138Â 205Â 321,0.0
1012036,201900053567,1,4,11:00,1,2,1,1.0,2.0,57463,JEAN XXIII (AVENUE ),M,"49,1129600","6,1830600",57,2019,50.0,1.0,1.0,4.0,2263148,1.0,1,1,1,9.0,,-1.0, -1,1960.0,A01,138Â 205Â 321,1.0,0.0,-1.0,1727512,3.0,1,,0.0,2.0,4.0,B01,138Â 205Â 320,5.0
1012036,201900053567,1,4,11:00,1,2,1,1.0,2.0,57463,JEAN XXIII (AVENUE ),M,"49,1129600","6,1830600",57,2019,50.0,1.0,1.0,4.0,2263148,1.0,1,1,1,9.0,,-1.0, -1,1960.0,A01,138Â 205Â 321,1.0,0.0,-1.0,1727513,3.0,7,,0.0,6.0,2.0,A01,138Â 205Â 321,0.0
1012037,201900053568,10,27,04:45,5,2,3,2.0,3.0,93049,MEAUX (CHEMIN),M,"48,8641220","2,5169310",93,2019,50.0,1.0,2.0,3.0,2263149,1.0,1,4,2,5.0,,-1.0, -1,1979.0,A01,138Â 205Â 328,1.0,0.0,-1.0,1727514,3.0,7,,0.0,2.0,1.0,A01,138Â 205Â 328,1.0
1012037,201900053568,10,27,04:45,5,2,3,2.0,3.0,93049,MEAUX (CHEMIN),M,"48,8641220","2,5169310",93,2019,50.0,1.0,2.0,3.0,2263149,1.0,1,4,2,5.0,,-1.0, -1,1979.0,A01,138Â 205Â 328,1.0,0.0,-1.0,1727515,3.0,7,,0.0,2.0,3.0,B01,138Â 205Â 333,1.0
1012037,201900053568,10,27,04:45,5,2,3,2.0,3.0,93049,MEAUX (CHEMIN),M,"48,8641220","2,5169310",93,2019,50.0,1.0,2.0,3.0,2263150,1.0,1,1,1,4.0,,-1.0, -1,1988.0,B01,138Â 205Â 333,8.0,0.0,-1.0,1727514,3.0,7,,0.0,2.0,1.0,A01,138Â 205Â 328,1.0
1012037,201900053568,10,27,04:45,5,2,3,2.0,3.0,93049,MEAUX (CHEMIN),M,"48,8641220","2,5169310",93,2019,50.0,1.0,2.0,3.0,2263150,1.0,1,1,1,4.0,,-1.0, -1,1988.0,B01,138Â 205Â 333,8.0,0.0,-1.0,1727515,3.0,7,,0.0,2.0,3.0,B01,138Â 205Â 333,1.0
1012038,201900053569,9,13,16:10,1,1,1,1.0,7.0,32307,Lieu Dit a Marine,M,"43,6133920","0,6115880",32,2019,80.0,3.0,1.0,4.0,2263151,1.0,1,3,1,9.0,,0.0,0,1999.0,A01,138Â 205Â 319,0.0,-1.0,-1.0,1727516,3.0,7,,0.0,0.0,9.0,A01,138Â 205Â 319,1.0
1012038,201900053569,9,13,16:10,1,1,1,1.0,7.0,32307,Lieu Dit a Marine,M,"43,6133920","0,6115880",32,2019,80.0,3.0,1.0,4.0,2263152,7.0,2,3,1,9.0,,0.0,0,2002.0,A01,138Â 205Â 319,0.0,-1.0,-1.0,1727516,3.0,7,,0.0,0.0,9.0,A01,138Â 205Â 319,1.0
1012038,201900053569,9,13,16:10,1,1,1,1.0,7.0,32307,Lieu Dit a Marine,M,"43,6133920","0,6115880",32,2019,80.0,3.0,1.0,4.0,2263153,2.0,2,2,1,9.0,,0.0,0,2001.0,A01,138Â 205Â 319,0.0,-1.0,-1.0,1727516,3.0,7,,0.0,0.0,9.0,A01,138Â 205Â 319,1.0
1012039,201900053570,9,25,12:30,1,2,1,1.0,6.0,31458,3 Rue des GenÃªts,M,"43,5027200","1,3635900",31,2019,30.0,1.0,1.0,4.0,2263154,1.0,1,2,1,1.0,,0.0,0,1983.0,A01,138Â 205Â 316,2.0,-1.0,-1.0,1727517,1.0,2,,17.0,0.0,1.0,A01,138Â 205Â 316,1.0
1012040,201900053571,1,3,14:50,1,2,3,1.0,6.0,56162,DUPUY DE LOME (RUE),M,"47,7432100"," -3,4017000",56,2019,50.0,1.0,1.0,3.0,2263155,1.0,1,4,2,5.0,,-1.0, -1,1975.0,A01,138Â 205Â 315,1.0,8.0,-1.0,1727518,2.0,7,,11.0,0.0,3.0,A01,138Â 205Â 315,1.0
1012041,201900053572,9,25,10:00,1,1,1,2.0,2.0,79049,D748 - Lieu-dit Villiers,M,"46,8860990"," -0,4769620",79,2019,80.0,1.0,2.0,3.0,2263156,1.0,1,1,1,4.0,,0.0,0,1996.0,A01,138Â 205Â 313,1.0,-1.0,-1.0,1727519,1.0,15,,0.0,2.0,2.0,A01,138Â 205Â 313,0.0
1012041,201900053572,9,25,10:00,1,1,1,2.0,2.0,79049,D748 - Lieu-dit Villiers,M,"46,8860990"," -0,4769620",79,2019,80.0,1.0,2.0,3.0,2263156,1.0,1,1,1,4.0,,0.0,0,1996.0,A01,138Â 205Â 313,1.0,-1.0,-1.0,1727520,1.0,1,,13.0,2.0,4.0,B01,138Â 205Â 314,5.0
1012041,201900053572,9,25,10:00,1,1,1,2.0,2.0,79049,D748 - Lieu-dit Villiers,M,"46,8860990"," -0,4769620",79,2019,80.0,1.0,2.0,3.0,2263157,1.0,1,3,1,5.0,,0.0,0,1943.0,B01,138Â 205Â 314,9.0,-1.0,-1.0,1727519,1.0,15,,0.0,2.0,2.0,A01,138Â 205Â 313,0.0
1012041,201900053572,9,25,10:00,1,1,1,2.0,2.0,79049,D748 - Lieu-dit Villiers,M,"46,8860990"," -0,4769620",79,2019,80.0,1.0,2.0,3.0,2263157,1.0,1,3,1,5.0,,0.0,0,1943.0,B01,138Â 205Â 314,9.0,-1.0,-1.0,1727520,1.0,1,,13.0,2.0,4.0,B01,138Â 205Â 314,5.0