Unnamed: 0_x,num_acc,mois,jour,hrmn,lum,agg,int,atm,col,com,adr,gps,lat,long,dep,annee,vma,situ,surf,catr,Unnamed: 0_y,place,catu,grav,sexe,trajet,secu,locp,actp,an_nais,num_veh_x,id_vehicule_x,secu1,secu2,secu3,Unnamed: 0,senc,catv,occutc,obs,obsm,choc,num_veh_y,id_vehicule_y,motor
1012042,201900053573,1,2,15:45,1,2,1,1.0,6.0,56098,CROIZAT ( AVE AMBROISE ),M,"47,7710700"," -3,3490300",56,2019,50.0,3.0,1.0,3.0,2263158,10.0,3,4,1,5.0,,2.0,B,1997.0,A01,138Â 205Â 312,8.0,0.0,-1.0,1727521,2.0,7,,0.0,1.0,4.0,A01,138Â 205Â 312,1.0
1012042,201900053573,1,2,15:45,1,2,1,1.0,6.0,56098,CROIZAT ( AVE AMBROISE ),M,"47,7710700"," -3,3490300",56,2019,50.0,3.0,1.0,3.0,2263159,1.0,1,1,2,5.0,,-1.0, -1,1935.0,A01,138Â 205Â 312,1.0,8.0,-1.0,1727521,2.0,7,,0.0,1.0,4.0,A01,138Â 205Â 312,1.0
1012043,201900053574,9,19,17:45,1,1,9,1.0,7.0,13211,A50-Sens Aubagne vers Marseille,M,"43,2902940","5,4898780",13,2019,70.0,1.0,1.0,1.0,2263160,2.0,2,4,2,0.0,,-1.0,0,1966.0,A01,138Â 205Â 308,1.0,0.0,-1.0,1727522,2.0,7,,14.0,0.0,3.0,A01,138Â 205Â 308,1.0
1012043,201900053574,9,19,17:45,1,1,9,1.0,7.0,13211,A50-Sens Aubagne vers Marseille,M,"43,2902940","5,4898780",13,2019,70.0,1.0,1.0,1.0,2263161,1.0,1,4,1,5.0,,-1.0,0,1951.0,A01,138Â 205Â 308,1.0,4.0,-1.0,1727522,2.0,7,,14.0,0.0,3.0,A01,138Â 205Â 308,1.0
1012044,201900053575,1,2,17:00,1,2,1,1.0,6.0,49099,toutlemonde,M,"47,0649100"," -0,8322300",49,2019,50.0,1.0,1.0,7.0,2263162,1.0,1,3,1,9.0,,-1.0, -1,1963.0,A01,138Â 205Â 307,2.0,8.0,-1.0,1727523,2.0,33,,0.0,0.0,7.0,A01,138Â 205Â 307,1.0
1012045,201900053576,9,22,23:07,3,1,1,3.0,2.0,13015,A51-Sens Aix en Provence vers Marseille,M,"43,4592960","5,4031560",13,2019,90.0,1.0,3.0,1.0,2263163,1.0,1,1,1,5.0,,-1.0,0,1984.0,B01,138Â 205Â 305,1.0,8.0,-1.0,1727524,2.0,10,,0.0,2.0,1.0,B01,138Â 205Â 305,1.0
1012045,201900053576,9,22,23:07,3,1,1,3.0,2.0,13015,A51-Sens Aix en Provence vers Marseille,M,"43,4592960","5,4031560",13,2019,90.0,1.0,3.0,1.0,2263163,1.0,1,1,1,5.0,,-1.0,0,1984.0,B01,138Â 205Â 305,1.0,8.0,-1.0,1727525,2.0,7,,3.0,2.0,6.0,A01,138Â 205Â 306,1.0
1012045,201900053576,9,22,23:07,3,1,1,3.0,2.0,13015,A51-Sens Aix en Provence vers Marseille,M,"43,4592960","5,4031560",13,2019,90.0,1.0,3.0,1.0,2263164,1.0,1,4,2,5.0,,-1.0,0,1993.0,A01,138Â 205Â 306,1.0,8.0,-1.0,1727524,2.0,10,,0.0,2.0,1.0,B01,138Â 205Â 305,1.0
1012045,201900053576,9,22,23:07,3,1,1,3.0,2.0,13015,A51-Sens Aix en Provence vers Marseille,M,"43,4592960","5,4031560",13,2019,90.0,1.0,3.0,1.0,2263164,1.0,1,4,2,5.0,,-1.0,0,1993.0,A01,138Â 205Â 306,1.0,8.0,-1.0,1727525,2.0,7,,3.0,2.0,6.0,A01,138Â 205Â 306,1.0
1012046,201900053577,1,3,16:14,1,2,1,1.0,6.0,49007,MOULIN BOULEVARD,M,"47,4923000"," -0,5539500",49,2019,30.0,1.0,1.0,4.0,2263165,2.0,2,4,1,9.0,,0.0,0,1999.0,B01,138Â 205Â 302,1.0,0.0,-1.0,1727526,2.0,7,,0.0,2.0,1.0,B01,138Â 205Â 302,1.0
1012046,201900053577,1,3,16:14,1,2,1,1.0,6.0,49007,MOULIN BOULEVARD,M,"47,4923000"," -0,5539500",49,2019,30.0,1.0,1.0,4.0,2263165,2.0,2,4,1,9.0,,0.0,0,1999.0,B01,138Â 205Â 302,1.0,0.0,-1.0,1727527,1.0,7,,0.0,2.0,1.0,A01,138Â 205Â 304,1.0
1012046,201900053577,1,3,16:14,1,2,1,1.0,6.0,49007,MOULIN BOULEVARD,M,"47,4923000"," -0,5539500",49,2019,30.0,1.0,1.0,4.0,2263166,1.0,1,4,1,4.0,,0.0,0,1975.0,B01,138Â 205Â 302,1.0,0.0,-1.0,1727526,2.0,7,,0.0,2.0,1.0,B01,138Â 205Â 302,1.0
1012046,201900053577,1,3,16:14,1,2,1,1.0,6.0,49007,MOULIN BOULEVARD,M,"47,4923000"," -0,5539500",49,2019,30.0,1.0,1.0,4.0,2263166,1.0,1,4,1,4.0,,0.0,0,1975.0,B01,138Â 205Â 302,1.0,0.0,-1.0,1727527,1.0,7,,0.0,2.0,1.0,A01,138Â 205Â 304,1.0
1012046,201900053577,1,3,16:14,1,2,1,1.0,6.0,49007,MOULIN BOULEVARD,M,"47,4923000"," -0,5539500",49,2019,30.0,1.0,1.0,4.0,2263167,2.0,2,1,2,1.0,,0.0,0,1987.0,A01,138Â 205Â 304,1.0,0.0,-1.0,1727526,2.0,7,,0.0,2.0,1.0,B01,138Â 205Â 302,1.0
1012046,201900053577,1,3,16:14,1,2,1,1.0,6.0,49007,MOULIN BOULEVARD,M,"47,4923000"," -0,5539500",49,2019,30.0,1.0,1.0,4.0,2263167,2.0,2,1,2,1.0,,0.0,0,1987.0,A01,138Â 205Â 304,1.0,0.0,-1.0,1727527,1.0,7,,0.0,2.0,1.0,A01,138Â 205Â 304,1.0
1012046,201900053577,1,3,16:14,1,2,1,1.0,6.0,49007,MOULIN BOULEVARD,M,"47,4923000"," -0,5539500",49,2019,30.0,1.0,1.0,4.0,2263168,3.0,2,1,1,5.0,,0.0,0,2016.0,A01,138Â 205Â 304,1.0,0.0,-1.0,1727526,2.0,7,,0.0,2.0,1.0,B01,138Â 205Â 302,1.0
1012046,201900053577,1,3,16:14,1,2,1,1.0,6.0,49007,MOULIN BOULEVARD,M,"47,4923000"," -0,5539500",49,2019,30.0,1.0,1.0,4.0,2263168,3.0,2,1,1,5.0,,0.0,0,2016.0,A01,138Â 205Â 304,1.0,0.0,-1.0,1727527,1.0,7,,0.0,2.0,1.0,A01,138Â 205Â 304,1.0
1012046,201900053577,1,3,16:14,1,2,1,1.0,6.0,49007,MOULIN BOULEVARD,M,"47,4923000"," -0,5539500",49,2019,30.0,1.0,1.0,4.0,2263169,1.0,1,4,1,0.0,,0.0,0,1992.0,A01,138Â 205Â 304,1.0,0.0,-1.0,1727526,2.0,7,,0.0,2.0,1.0,B01,138Â 205Â 302,1.0
1012046,201900053577,1,3,16:14,1,2,1,1.0,6.0,49007,MOULIN BOULEVARD,M,"47,4923000"," -0,5539500",49,2019,30.0,1.0,1.0,4.0,2263169,1.0,1,4,1,0.0,,0.0,0,1992.0,A01,138Â 205Â 304,1.0,0.0,-1.0,1727527,1.0,7,,0.0,2.0,1.0,A01,138Â 205Â 304,1.0
1012047,201900053578,10,26,16:40,1,2,1,1.0,4.0,93046,EUROPE BOULEVARD DE L',M,"48,9261900","2,5499100",93,2019,50.0,1.0,1.0,3.0,2263170,1.0,1,1,1,5.0,,-1.0, -1,1990.0,A01,138Â 205Â 301,1.0,8.0,-1.0,1727528,3.0,10,,0.0,2.0,2.0,A01,138Â 205Â 301,1.0
1012047,201900053578,10,26,16:40,1,2,1,1.0,4.0,93046,EUROPE BOULEVARD DE L',M,"48,9261900","2,5499100",93,2019,50.0,1.0,1.0,3.0,2263170,1.0,1,1,1,5.0,,-1.0, -1,1990.0,A01,138Â 205Â 301,1.0,8.0,-1.0,1727529,3.0,10,,0.0,2.0,6.0,B01,138Â 205Â 317,1.0
1012047,201900053578,10,26,16:40,1,2,1,1.0,4.0,93046,EUROPE BOULEVARD DE L',M,"48,9261900","2,5499100",93,2019,50.0,1.0,1.0,3.0,2263170,1.0,1,1,1,5.0,,-1.0, -1,1990.0,A01,138Â 205Â 301,1.0,8.0,-1.0,1727530,3.0,10,,0.0,2.0,4.0,C01,138Â 205Â 318,1.0
1012047,201900053578,10,26,16:40,1,2,1,1.0,4.0,93046,EUROPE BOULEVARD DE L',M,"48,9261900","2,5499100",93,2019,50.0,1.0,1.0,3.0,2263171,1.0,1,1,1,3.0,,-1.0, -1,1961.0,B01,138Â 205Â 317,1.0,8.0,-1.0,1727528,3.0,10,,0.0,2.0,2.0,A01,138Â 205Â 301,1.0
1012047,201900053578,10,26,16:40,1,2,1,1.0,4.0,93046,EUROPE BOULEVARD DE L',M,"48,9261900","2,5499100",93,2019,50.0,1.0,1.0,3.0,2263171,1.0,1,1,1,3.0,,-1.0, -1,1961.0,B01,138Â 205Â 317,1.0,8.0,-1.0,1727529,3.0,10,,0.0,2.0,6.0,B01,138Â 205Â 317,1.0
1012047,201900053578,10,26,16:40,1,2,1,1.0,4.0,93046,EUROPE BOULEVARD DE L',M,"48,9261900","2,5499100",93,2019,50.0,1.0,1.0,3.0,2263171,1.0,1,1,1,3.0,,-1.0, -1,1961.0,B01,138Â 205Â 317,1.0,8.0,-1.0,1727530,3.0,10,,0.0,2.0,4.0,C01,138Â 205Â 318,1.0
1012047,201900053578,10,26,16:40,1,2,1,1.0,4.0,93046,EUROPE BOULEVARD DE L',M,"48,9261900","2,5499100",93,2019,50.0,1.0,1.0,3.0,2263172,2.0,2,4,2,3.0,,-1.0, -1,1968.0,B01,138Â 205Â 317,1.0,8.0,-1.0,1727528,3.0,10,,0.0,2.0,2.0,A01,138Â 205Â 301,1.0
1012047,201900053578,10,26,16:40,1,2,1,1.0,4.0,93046,EUROPE BOULEVARD DE L',M,"48,9261900","2,5499100",93,2019,50.0,1.0,1.0,3.0,2263172,2.0,2,4,2,3.0,,-1.0, -1,1968.0,B01,138Â 205Â 317,1.0,8.0,-1.0,1727529,3.0,10,,0.0,2.0,6.0,B01,138Â 205Â 317,1.0
1012047,201900053578,10,26,16:40,1,2,1,1.0,4.0,93046,EUROPE BOULEVARD DE L',M,"48,9261900","2,5499100",93,2019,50.0,1.0,1.0,3.0,2263172,2.0,2,4,2,3.0,,-1.0, -1,1968.0,B01,138Â 205Â 317,1.0,8.0,-1.0,1727530,3.0,10,,0.0,2.0,4.0,C01,138Â 205Â 318,1.0
1012047,201900053578,10,26,16:40,1,2,1,1.0,4.0,93046,EUROPE BOULEVARD DE L',M,"48,9261900","2,5499100",93,2019,50.0,1.0,1.0,3.0,2263173,1.0,1,1,2,3.0,,-1.0, -1,1981.0,C01,138Â 205Â 318,1.0,8.0,-1.0,1727528,3.0,10,,0.0,2.0,2.0,A01,138Â 205Â 301,1.0
1012047,201900053578,10,26,16:40,1,2,1,1.0,4.0,93046,EUROPE BOULEVARD DE L',M,"48,9261900","2,5499100",93,2019,50.0,1.0,1.0,3.0,2263173,1.0,1,1,2,3.0,,-1.0, -1,1981.0,C01,138Â 205Â 318,1.0,8.0,-1.0,1727529,3.0,10,,0.0,2.0,6.0,B01,138Â 205Â 317,1.0
1012047,201900053578,10,26,16:40,1,2,1,1.0,4.0,93046,EUROPE BOULEVARD DE L',M,"48,9261900","2,5499100",93,2019,50.0,1.0,1.0,3.0,2263173,1.0,1,1,2,3.0,,-1.0, -1,1981.0,C01,138Â 205Â 318,1.0,8.0,-1.0,1727530,3.0,10,,0.0,2.0,4.0,C01,138Â 205Â 318,1.0
1012048,201900053579,10,27,08:00,2,2,1,3.0,3.0,93057,BRIAND ( AV. ARISTIDE) 31 A 91,M,"48,9092700","2,5035100",93,2019,50.0,1.0,3.0,3.0,2263174,1.0,1,1,1,0.0,,-1.0, -1,1979.0,A01,138Â 205Â 298,8.0,0.0,-1.0,1727531,1.0,10,,0.0,2.0,2.0,A01,138Â 205Â 298,1.0
1012048,201900053579,10,27,08:00,2,2,1,3.0,3.0,93057,BRIAND ( AV. ARISTIDE) 31 A 91,M,"48,9092700","2,5035100",93,2019,50.0,1.0,3.0,3.0,2263174,1.0,1,1,1,0.0,,-1.0, -1,1979.0,A01,138Â 205Â 298,8.0,0.0,-1.0,1727532,1.0,10,,0.0,2.0,2.0,B01,138Â 205Â 299,1.0
1012048,201900053579,10,27,08:00,2,2,1,3.0,3.0,93057,BRIAND ( AV. ARISTIDE) 31 A 91,M,"48,9092700","2,5035100",93,2019,50.0,1.0,3.0,3.0,2263175,1.0,1,4,1,0.0,,-1.0, -1,1984.0,B01,138Â 205Â 299,8.0,0.0,-1.0,1727531,1.0,10,,0.0,2.0,2.0,A01,138Â 205Â 298,1.0
1012048,201900053579,10,27,08:00,2,2,1,3.0,3.0,93057,BRIAND ( AV. ARISTIDE) 31 A 91,M,"48,9092700","2,5035100",93,2019,50.0,1.0,3.0,3.0,2263175,1.0,1,4,1,0.0,,-1.0, -1,1984.0,B01,138Â 205Â 299,8.0,0.0,-1.0,1727532,1.0,10,,0.0,2.0,2.0,B01,138Â 205Â 299,1.0
1012049,201900053580,10,26,23:05,5,2,3,1.0,5.0,93001,JEAN JAURES (AVE)  215 =>,M,"48,9130000","2,3820000",93,2019,50.0,1.0,1.0,3.0,2263176,2.0,2,4,1,0.0,,-1.0, -1,1990.0,B01,138Â 205Â 294,1.0,0.0,-1.0,1727533,1.0,7,,0.0,2.0,3.0,B01,138Â 205Â 294,1.0
1012049,201900053580,10,26,23:05,5,2,3,1.0,5.0,93001,JEAN JAURES (AVE)  215 =>,M,"48,9130000","2,3820000",93,2019,50.0,1.0,1.0,3.0,2263176,2.0,2,4,1,0.0,,-1.0, -1,1990.0,B01,138Â 205Â 294,1.0,0.0,-1.0,1727534,1.0,7,,0.0,2.0,0.0,D01,138Â 205Â 295,1.0
1012049,201900053580,10,26,23:05,5,2,3,1.0,5.0,93001,JEAN JAURES (AVE)  215 =>,M,"48,9130000","2,3820000",93,2019,50.0,1.0,1.0,3.0,2263176,2.0,2,4,1,0.0,,-1.0, -1,1990.0,B01,138Â 205Â 294,1.0,0.0,-1.0,1727535,1.0,10,,0.0,2.0,0.0,C01,138Â 205Â 296,1.0
1012049,201900053580,10,26,23:05,5,2,3,1.0,5.0,93001,JEAN JAURES (AVE)  215 =>,M,"48,9130000","2,3820000",93,2019,50.0,1.0,1.0,3.0,2263176,2.0,2,4,1,0.0,,-1.0, -1,1990.0,B01,138Â 205Â 294,1.0,0.0,-1.0,1727536,2.0,7,,0.0,2.0,2.0,A01,138Â 205Â 297,1.0
1012049,201900053580,10,26,23:05,5,2,3,1.0,5.0,93001,JEAN JAURES (AVE)  215 =>,M,"48,9130000","2,3820000",93,2019,50.0,1.0,1.0,3.0,2263177,1.0,1,4,1,9.0,,-1.0, -1,1991.0,B01,138Â 205Â 294,1.0,0.0,-1.0,1727533,1.0,7,,0.0,2.0,3.0,B01,138Â 205Â 294,1.0
1012049,201900053580,10,26,23:05,5,2,3,1.0,5.0,93001,JEAN JAURES (AVE)  215 =>,M,"48,9130000","2,3820000",93,2019,50.0,1.0,1.0,3.0,2263177,1.0,1,4,1,9.0,,-1.0, -1,1991.0,B01,138Â 205Â 294,1.0,0.0,-1.0,1727534,1.0,7,,0.0,2.0,0.0,D01,138Â 205Â 295,1.0
1012049,201900053580,10,26,23:05,5,2,3,1.0,5.0,93001,JEAN JAURES (AVE)  215 =>,M,"48,9130000","2,3820000",93,2019,50.0,1.0,1.0,3.0,2263177,1.0,1,4,1,9.0,,-1.0, -1,1991.0,B01,138Â 205Â 294,1.0,0.0,-1.0,1727535,1.0,10,,0.0,2.0,0.0,C01,138Â 205Â 296,1.0
1012049,201900053580,10,26,23:05,5,2,3,1.0,5.0,93001,JEAN JAURES (AVE)  215 =>,M,"48,9130000","2,3820000",93,2019,50.0,1.0,1.0,3.0,2263177,1.0,1,4,1,9.0,,-1.0, -1,1991.0,B01,138Â 205Â 294,1.0,0.0,-1.0,1727536,2.0,7,,0.0,2.0,2.0,A01,138Â 205Â 297,1.0
1012049,201900053580,10,26,23:05,5,2,3,1.0,5.0,93001,JEAN JAURES (AVE)  215 =>,M,"48,9130000","2,3820000",93,2019,50.0,1.0,1.0,3.0,2263178,1.0,1,1,1,0.0,,-1.0, -1,1998.0,D01,138Â 205Â 295,8.0,0.0,-1.0,1727533,1.0,7,,0.0,2.0,3.0,B01,138Â 205Â 294,1.0
1012049,201900053580,10,26,23:05,5,2,3,1.0,5.0,93001,JEAN JAURES (AVE)  215 =>,M,"48,9130000","2,3820000",93,2019,50.0,1.0,1.0,3.0,2263178,1.0,1,1,1,0.0,,-1.0, -1,1998.0,D01,138Â 205Â 295,8.0,0.0,-1.0,1727534,1.0,7,,0.0,2.0,0.0,D01,138Â 205Â 295,1.0
1012049,201900053580,10,26,23:05,5,2,3,1.0,5.0,93001,JEAN JAURES (AVE)  215 =>,M,"48,9130000","2,3820000",93,2019,50.0,1.0,1.0,3.0,2263178,1.0,1,1,1,0.0,,-1.0, -1,1998.0,D01,138Â 205Â 295,8.0,0.0,-1.0,1727535,1.0,10,,0.0,2.0,0.0,C01,138Â 205Â 296,1.0
1012049,201900053580,10,26,23:05,5,2,3,1.0,5.0,93001,JEAN JAURES (AVE)  215 =>,M,"48,9130000","2,3820000",93,2019,50.0,1.0,1.0,3.0,2263178,1.0,1,1,1,0.0,,-1.0, -1,1998.0,D01,138Â 205Â 295,8.0,0.0,-1.0,1727536,2.0,7,,0.0,2.0,2.0,A01,138Â 205Â 297,1.0
1012049,201900053580,10,26,23:05,5,2,3,1.0,5.0,93001,JEAN JAURES (AVE)  215 =>,M,"48,9130000","2,3820000",93,2019,50.0,1.0,1.0,3.0,2263179,2.0,2,1,1,0.0,,-1.0, -1,1959.0,C01,138Â 205Â 296,1.0,0.0,-1.0,1727533,1.0,7,,0.0,2.0,3.0,B01,138Â 205Â 294,1.0
1012049,201900053580,10,26,23:05,5,2,3,1.0,5.0,93001,JEAN JAURES (AVE)  215 =>,M,"48,9130000","2,3820000",93,2019,50.0,1.0,1.0,3.0,2263179,2.0,2,1,1,0.0,,-1.0, -1,1959.0,C01,138Â 205Â 296,1.0,0.0,-1.0,1727534,1.0,7,,0.0,2.0,0.0,D01,138Â 205Â 295,1.0
1012049,201900053580,10,26,23:05,5,2,3,1.0,5.0,93001,JEAN JAURES (AVE)  215 =>,M,"48,9130000","2,3820000",93,2019,50.0,1.0,1.0,3.0,2263179,2.0,2,1,1,0.0,,-1.0, -1,1959.0,C01,138Â 205Â 296,1.0,0.0,-1.0,1727535,1.0,10,,0.0,2.0,0.0,C01,138Â 205Â 296,1.0
1012049,201900053580,10,26,23:05,5,2,3,1.0,5.0,93001,JEAN JAURES (AVE)  215 =>,M,"48,9130000","2,3820000",93,2019,50.0,1.0,1.0,3.0,2263179,2.0,2,1,1,0.0,,-1.0, -1,1959.0,C01,138Â 205Â 296,1.0,0.0,-1.0,1727536,2.0,7,,0.0,2.0,2.0,A01,138Â 205Â 297,1.0
1012049,201900053580,10,26,23:05,5,2,3,1.0,5.0,93001,JEAN JAURES (AVE)  215 =>,M,"48,9130000","2,3820000",93,2019,50.0,1.0,1.0,3.0,2263180,1.0,1,1,1,9.0,,-1.0, -1,1969.0,C01,138Â 205Â 296,1.0,5.0,-1.0,1727533,1.0,7,,0.0,2.0,3.0,B01,138Â 205Â 294,1.0
1012049,201900053580,10,26,23:05,5,2,3,1.0,5.0,93001,JEAN JAURES (AVE)  215 =>,M,"48,9130000","2,3820000",93,2019,50.0,1.0,1.0,3.0,2263180,1.0,1,1,1,9.0,,-1.0, -1,1969.0,C01,138Â 205Â 296,1.0,5.0,-1.0,1727534,1.0,7,,0.0,2.0,0.0,D01,138Â 205Â 295,1.0
1012049,201900053580,10,26,23:05,5,2,3,1.0,5.0,93001,JEAN JAURES (AVE)  215 =>,M,"48,9130000","2,3820000",93,2019,50.0,1.0,1.0,3.0,2263180,1.0,1,1,1,9.0,,-1.0, -1,1969.0,C01,138Â 205Â 296,1.0,5.0,-1.0,1727535,1.0,10,,0.0,2.0,0.0,C01,138Â 205Â 296,1.0
1012049,201900053580,10,26,23:05,5,2,3,1.0,5.0,93001,JEAN JAURES (AVE)  215 =>,M,"48,9130000","2,3820000",93,2019,50.0,1.0,1.0,3.0,2263180,1.0,1,1,1,9.0,,-1.0, -1,1969.0,C01,138Â 205Â 296,1.0,5.0,-1.0,1727536,2.0,7,,0.0,2.0,2.0,A01,138Â 205Â 297,1.0
1012049,201900053580,10,26,23:05,5,2,3,1.0,5.0,93001,JEAN JAURES (AVE)  215 =>,M,"48,9130000","2,3820000",93,2019,50.0,1.0,1.0,3.0,2263181,2.0,2,4,1,0.0,,-1.0, -1,1997.0,A01,138Â 205Â 297,1.0,0.0,-1.0,1727533,1.0,7,,0.0,2.0,3.0,B01,138Â 205Â 294,1.0
1012049,201900053580,10,26,23:05,5,2,3,1.0,5.0,93001,JEAN JAURES (AVE)  215 =>,M,"48,9130000","2,3820000",93,2019,50.0,1.0,1.0,3.0,2263181,2.0,2,4,1,0.0,,-1.0, -1,1997.0,A01,138Â 205Â 297,1.0,0.0,-1.0,1727534,1.0,7,,0.0,2.0,0.0,D01,138Â 205Â 295,1.0
1012049,201900053580,10,26,23:05,5,2,3,1.0,5.0,93001,JEAN JAURES (AVE)  215 =>,M,"48,9130000","2,3820000",93,2019,50.0,1.0,1.0,3.0,2263181,2.0,2,4,1,0.0,,-1.0, -1,1997.0,A01,138Â 205Â 297,1.0,0.0,-1.0,1727535,1.0,10,,0.0,2.0,0.0,C01,138Â 205Â 296,1.0
1012049,201900053580,10,26,23:05,5,2,3,1.0,5.0,93001,JEAN JAURES (AVE)  215 =>,M,"48,9130000","2,3820000",93,2019,50.0,1.0,1.0,3.0,2263181,2.0,2,4,1,0.0,,-1.0, -1,1997.0,A01,138Â 205Â 297,1.0,0.0,-1.0,1727536,2.0,7,,0.0,2.0,2.0,A01,138Â 205Â 297,1.0
1012049,201900053580,10,26,23:05,5,2,3,1.0,5.0,93001,JEAN JAURES (AVE)  215 =>,M,"48,9130000","2,3820000",93,2019,50.0,1.0,1.0,3.0,2263182,1.0,1,4,1,9.0,,-1.0, -1,1996.0,A01,138Â 205Â 297,1.0,5.0,-1.0,1727533,1.0,7,,0.0,2.0,3.0,B01,138Â 205Â 294,1.0
1012049,201900053580,10,26,23:05,5,2,3,1.0,5.0,93001,JEAN JAURES (AVE)  215 =>,M,"48,9130000","2,3820000",93,2019,50.0,1.0,1.0,3.0,2263182,1.0,1,4,1,9.0,,-1.0, -1,1996.0,A01,138Â 205Â 297,1.0,5.0,-1.0,1727534,1.0,7,,0.0,2.0,0.0,D01,138Â 205Â 295,1.0
1012049,201900053580,10,26,23:05,5,2,3,1.0,5.0,93001,JEAN JAURES (AVE)  215 =>,M,"48,9130000","2,3820000",93,2019,50.0,1.0,1.0,3.0,2263182,1.0,1,4,1,9.0,,-1.0, -1,1996.0,A01,138Â 205Â 297,1.0,5.0,-1.0,1727535,1.0,10,,0.0,2.0,0.0,C01,138Â 205Â 296,1.0
1012049,201900053580,10,26,23:05,5,2,3,1.0,5.0,93001,JEAN JAURES (AVE)  215 =>,M,"48,9130000","2,3820000",93,2019,50.0,1.0,1.0,3.0,2263182,1.0,1,4,1,9.0,,-1.0, -1,1996.0,A01,138Â 205Â 297,1.0,5.0,-1.0,1727536,2.0,7,,0.0,2.0,2.0,A01,138Â 205Â 297,1.0
1012050,201900053581,10,27,01:00,3,1,1,1.0,7.0,92073,MONT VALERIEN (ESPLANADE DU),M,"48,8716200","2,2138600",92,2019,50.0,1.0,1.0,4.0,2263183,1.0,1,2,1,0.0,,-1.0, -1,1988.0,A01,138Â 205Â 293,2.0,0.0,-1.0,1727537,0.0,43,,0.0,0.0,0.0,A01,138Â 205Â 293,0.0
1012051,201900053582,10,27,19:15,5,2,2,1.0,6.0,92020,FONTENAY RUE DE NÂ°2 A 34,M,"48,7983330","2,2875190",92,2019,50.0,1.0,8.0,9.0,2263184,1.0,1,4,1,5.0,,-1.0,0,1966.0,A01,138Â 205Â 292,2.0,6.0,-1.0,1727538,1.0,30,,0.0,0.0,8.0,A01,138Â 205Â 292,1.0
1012052,201900053583,10,26,23:45,5,2,1,1.0,3.0,92040,STALINGRAD (QUAI DE),M,"48,8254600","2,2582900",92,2019,50.0,1.0,1.0,3.0,2263185,1.0,1,4,2,5.0,,-1.0,0,1988.0,B01,138Â 205Â 290,1.0,8.0,-1.0,1727539,1.0,7,,0.0,2.0,3.0,B01,138Â 205Â 290,1.0
1012052,201900053583,10,26,23:45,5,2,1,1.0,3.0,92040,STALINGRAD (QUAI DE),M,"48,8254600","2,2582900",92,2019,50.0,1.0,1.0,3.0,2263185,1.0,1,4,2,5.0,,-1.0,0,1988.0,B01,138Â 205Â 290,1.0,8.0,-1.0,1727540,2.0,7,,0.0,2.0,6.0,A01,138Â 205Â 291,1.0
1012052,201900053583,10,26,23:45,5,2,1,1.0,3.0,92040,STALINGRAD (QUAI DE),M,"48,8254600","2,2582900",92,2019,50.0,1.0,1.0,3.0,2263186,1.0,1,1,1,4.0,,-1.0,0,1980.0,A01,138Â 205Â 291,1.0,0.0,-1.0,1727539,1.0,7,,0.0,2.0,3.0,B01,138Â 205Â 290,1.0
1012052,201900053583,10,26,23:45,5,2,1,1.0,3.0,92040,STALINGRAD (QUAI DE),M,"48,8254600","2,2582900",92,2019,50.0,1.0,1.0,3.0,2263186,1.0,1,1,1,4.0,,-1.0,0,1980.0,A01,138Â 205Â 291,1.0,0.0,-1.0,1727540,2.0,7,,0.0,2.0,6.0,A01,138Â 205Â 291,1.0
1012053,201900053584,9,8,03:00,3,1,1,1.0,2.0,54027,Autoroute 31,M,"48,8877800","6,0985900",54,2019,110.0,1.0,1.0,1.0,2263187,2.0,2,4,1,5.0,,0.0,0,1982.0,B01,138Â 205Â 300,1.0,8.0,-1.0,1727541,2.0,7,,3.0,2.0,4.0,B01,138Â 205Â 300,1.0
1012053,201900053584,9,8,03:00,3,1,1,1.0,2.0,54027,Autoroute 31,M,"48,8877800","6,0985900",54,2019,110.0,1.0,1.0,1.0,2263187,2.0,2,4,1,5.0,,0.0,0,1982.0,B01,138Â 205Â 300,1.0,8.0,-1.0,1727542,2.0,7,,0.0,2.0,1.0,A01,138Â 205Â 303,1.0
1012053,201900053584,9,8,03:00,3,1,1,1.0,2.0,54027,Autoroute 31,M,"48,8877800","6,0985900",54,2019,110.0,1.0,1.0,1.0,2263188,1.0,1,4,1,5.0,,0.0,0,1993.0,B01,138Â 205Â 300,1.0,8.0,-1.0,1727541,2.0,7,,3.0,2.0,4.0,B01,138Â 205Â 300,1.0
1012053,201900053584,9,8,03:00,3,1,1,1.0,2.0,54027,Autoroute 31,M,"48,8877800","6,0985900",54,2019,110.0,1.0,1.0,1.0,2263188,1.0,1,4,1,5.0,,0.0,0,1993.0,B01,138Â 205Â 300,1.0,8.0,-1.0,1727542,2.0,7,,0.0,2.0,1.0,A01,138Â 205Â 303,1.0
1012053,201900053584,9,8,03:00,3,1,1,1.0,2.0,54027,Autoroute 31,M,"48,8877800","6,0985900",54,2019,110.0,1.0,1.0,1.0,2263189,1.0,1,1,1,5.0,,0.0,0,1993.0,A01,138Â 205Â 303,1.0,8.0,-1.0,1727541,2.0,7,,3.0,2.0,4.0,B01,138Â 205Â 300,1.0