Unnamed: 0_x,num_acc,mois,jour,hrmn,lum,agg,int,atm,col,com,adr,gps,lat,long,dep,annee,vma,situ,surf,catr,Unnamed: 0_y,place,catu,grav,sexe,trajet,secu,locp,actp,an_nais,num_veh_x,id_vehicule_x,secu1,secu2,secu3,Unnamed: 0,senc,catv,occutc,obs,obsm,choc,num_veh_y,id_vehicule_y,motor
1012053,201900053584,9,8,03:00,3,1,1,1.0,2.0,54027,Autoroute 31,M,"48,8877800","6,0985900",54,2019,110.0,1.0,1.0,1.0,2263189,1.0,1,1,1,5.0,,0.0,0,1993.0,A01,138Â 205Â 303,1.0,8.0,-1.0,1727542,2.0,7,,0.0,2.0,1.0,A01,138Â 205Â 303,1.0
1012054,201900053585,9,30,21:00,3,1,2,1.0,3.0,51340,RN 4,M,"48,7435132","4,4999095",51,2019,80.0,1.0,1.0,2.0,2263190,1.0,1,3,1,5.0,,0.0,0,1985.0,A01,138Â 205Â 288,8.0,-1.0,-1.0,1727543,1.0,7,,0.0,2.0,2.0,A01,138Â 205Â 288,0.0
1012054,201900053585,9,30,21:00,3,1,2,1.0,3.0,51340,RN 4,M,"48,7435132","4,4999095",51,2019,80.0,1.0,1.0,2.0,2263190,1.0,1,3,1,5.0,,0.0,0,1985.0,A01,138Â 205Â 288,8.0,-1.0,-1.0,1727544,1.0,17,,0.0,2.0,3.0,B01,138Â 205Â 289,0.0
1012054,201900053585,9,30,21:00,3,1,2,1.0,3.0,51340,RN 4,M,"48,7435132","4,4999095",51,2019,80.0,1.0,1.0,2.0,2263191,1.0,1,1,1,1.0,,0.0,0,2000.0,B01,138Â 205Â 289,8.0,-1.0,-1.0,1727543,1.0,7,,0.0,2.0,2.0,A01,138Â 205Â 288,0.0
1012054,201900053585,9,30,21:00,3,1,2,1.0,3.0,51340,RN 4,M,"48,7435132","4,4999095",51,2019,80.0,1.0,1.0,2.0,2263191,1.0,1,1,1,1.0,,0.0,0,2000.0,B01,138Â 205Â 289,8.0,-1.0,-1.0,1727544,1.0,17,,0.0,2.0,3.0,B01,138Â 205Â 289,0.0
1012055,201900053586,9,24,14:00,1,1,1,2.0,4.0,94034,AUTOROUTE A86,M,"48,7595900","2,3221700",94,2019,70.0,1.0,2.0,1.0,2263192,1.0,1,1,1,5.0,,-1.0, -1,1983.0,A01,138Â 205Â 285,1.0,0.0,-1.0,1727545,1.0,7,,0.0,2.0,1.0,A01,138Â 205Â 285,1.0
1012055,201900053586,9,24,14:00,1,1,1,2.0,4.0,94034,AUTOROUTE A86,M,"48,7595900","2,3221700",94,2019,70.0,1.0,2.0,1.0,2263192,1.0,1,1,1,5.0,,-1.0, -1,1983.0,A01,138Â 205Â 285,1.0,0.0,-1.0,1727546,1.0,7,,0.0,2.0,4.0,B01,138Â 205Â 286,1.0
1012055,201900053586,9,24,14:00,1,1,1,2.0,4.0,94034,AUTOROUTE A86,M,"48,7595900","2,3221700",94,2019,70.0,1.0,2.0,1.0,2263192,1.0,1,1,1,5.0,,-1.0, -1,1983.0,A01,138Â 205Â 285,1.0,0.0,-1.0,1727547,1.0,7,,0.0,2.0,4.0,C01,138Â 205Â 287,1.0
1012055,201900053586,9,24,14:00,1,1,1,2.0,4.0,94034,AUTOROUTE A86,M,"48,7595900","2,3221700",94,2019,70.0,1.0,2.0,1.0,2263193,1.0,1,1,1,0.0,,-1.0, -1,1991.0,B01,138Â 205Â 286,1.0,0.0,-1.0,1727545,1.0,7,,0.0,2.0,1.0,A01,138Â 205Â 285,1.0
1012055,201900053586,9,24,14:00,1,1,1,2.0,4.0,94034,AUTOROUTE A86,M,"48,7595900","2,3221700",94,2019,70.0,1.0,2.0,1.0,2263193,1.0,1,1,1,0.0,,-1.0, -1,1991.0,B01,138Â 205Â 286,1.0,0.0,-1.0,1727546,1.0,7,,0.0,2.0,4.0,B01,138Â 205Â 286,1.0
1012055,201900053586,9,24,14:00,1,1,1,2.0,4.0,94034,AUTOROUTE A86,M,"48,7595900","2,3221700",94,2019,70.0,1.0,2.0,1.0,2263193,1.0,1,1,1,0.0,,-1.0, -1,1991.0,B01,138Â 205Â 286,1.0,0.0,-1.0,1727547,1.0,7,,0.0,2.0,4.0,C01,138Â 205Â 287,1.0
1012055,201900053586,9,24,14:00,1,1,1,2.0,4.0,94034,AUTOROUTE A86,M,"48,7595900","2,3221700",94,2019,70.0,1.0,2.0,1.0,2263194,3.0,2,4,1,0.0,,-1.0, -1,2019.0,B01,138Â 205Â 286,1.0,0.0,-1.0,1727545,1.0,7,,0.0,2.0,1.0,A01,138Â 205Â 285,1.0
1012055,201900053586,9,24,14:00,1,1,1,2.0,4.0,94034,AUTOROUTE A86,M,"48,7595900","2,3221700",94,2019,70.0,1.0,2.0,1.0,2263194,3.0,2,4,1,0.0,,-1.0, -1,2019.0,B01,138Â 205Â 286,1.0,0.0,-1.0,1727546,1.0,7,,0.0,2.0,4.0,B01,138Â 205Â 286,1.0
1012055,201900053586,9,24,14:00,1,1,1,2.0,4.0,94034,AUTOROUTE A86,M,"48,7595900","2,3221700",94,2019,70.0,1.0,2.0,1.0,2263194,3.0,2,4,1,0.0,,-1.0, -1,2019.0,B01,138Â 205Â 286,1.0,0.0,-1.0,1727547,1.0,7,,0.0,2.0,4.0,C01,138Â 205Â 287,1.0
1012055,201900053586,9,24,14:00,1,1,1,2.0,4.0,94034,AUTOROUTE A86,M,"48,7595900","2,3221700",94,2019,70.0,1.0,2.0,1.0,2263195,1.0,1,1,2,0.0,,-1.0, -1,1962.0,C01,138Â 205Â 287,1.0,0.0,-1.0,1727545,1.0,7,,0.0,2.0,1.0,A01,138Â 205Â 285,1.0
1012055,201900053586,9,24,14:00,1,1,1,2.0,4.0,94034,AUTOROUTE A86,M,"48,7595900","2,3221700",94,2019,70.0,1.0,2.0,1.0,2263195,1.0,1,1,2,0.0,,-1.0, -1,1962.0,C01,138Â 205Â 287,1.0,0.0,-1.0,1727546,1.0,7,,0.0,2.0,4.0,B01,138Â 205Â 286,1.0
1012055,201900053586,9,24,14:00,1,1,1,2.0,4.0,94034,AUTOROUTE A86,M,"48,7595900","2,3221700",94,2019,70.0,1.0,2.0,1.0,2263195,1.0,1,1,2,0.0,,-1.0, -1,1962.0,C01,138Â 205Â 287,1.0,0.0,-1.0,1727547,1.0,7,,0.0,2.0,4.0,C01,138Â 205Â 287,1.0
1012056,201900053587,10,27,00:53,5,2,2,1.0,3.0,01092,Route de Chalamont,M,"45,9660930","5,2503460",1,2019,50.0,1.0,1.0,3.0,2263196,2.0,2,3,1,5.0,,0.0,0,1999.0,A01,138Â 205Â 282,1.0,-1.0,-1.0,1727548,1.0,7,,0.0,2.0,1.0,A01,138Â 205Â 282,6.0
1012056,201900053587,10,27,00:53,5,2,2,1.0,3.0,01092,Route de Chalamont,M,"45,9660930","5,2503460",1,2019,50.0,1.0,1.0,3.0,2263196,2.0,2,3,1,5.0,,0.0,0,1999.0,A01,138Â 205Â 282,1.0,-1.0,-1.0,1727549,1.0,7,,0.0,2.0,2.0,B01,138Â 205Â 284,2.0
1012056,201900053587,10,27,00:53,5,2,2,1.0,3.0,01092,Route de Chalamont,M,"45,9660930","5,2503460",1,2019,50.0,1.0,1.0,3.0,2263197,1.0,1,4,1,5.0,,0.0,0,1998.0,A01,138Â 205Â 282,1.0,-1.0,-1.0,1727548,1.0,7,,0.0,2.0,1.0,A01,138Â 205Â 282,6.0
1012056,201900053587,10,27,00:53,5,2,2,1.0,3.0,01092,Route de Chalamont,M,"45,9660930","5,2503460",1,2019,50.0,1.0,1.0,3.0,2263197,1.0,1,4,1,5.0,,0.0,0,1998.0,A01,138Â 205Â 282,1.0,-1.0,-1.0,1727549,1.0,7,,0.0,2.0,2.0,B01,138Â 205Â 284,2.0
1012056,201900053587,10,27,00:53,5,2,2,1.0,3.0,01092,Route de Chalamont,M,"45,9660930","5,2503460",1,2019,50.0,1.0,1.0,3.0,2263198,2.0,2,3,2,0.0,,0.0,0,1966.0,B01,138Â 205Â 284,1.0,-1.0,-1.0,1727548,1.0,7,,0.0,2.0,1.0,A01,138Â 205Â 282,6.0
1012056,201900053587,10,27,00:53,5,2,2,1.0,3.0,01092,Route de Chalamont,M,"45,9660930","5,2503460",1,2019,50.0,1.0,1.0,3.0,2263198,2.0,2,3,2,0.0,,0.0,0,1966.0,B01,138Â 205Â 284,1.0,-1.0,-1.0,1727549,1.0,7,,0.0,2.0,2.0,B01,138Â 205Â 284,2.0
1012056,201900053587,10,27,00:53,5,2,2,1.0,3.0,01092,Route de Chalamont,M,"45,9660930","5,2503460",1,2019,50.0,1.0,1.0,3.0,2263199,1.0,1,3,1,9.0,,0.0,0,1965.0,B01,138Â 205Â 284,1.0,-1.0,-1.0,1727548,1.0,7,,0.0,2.0,1.0,A01,138Â 205Â 282,6.0
1012056,201900053587,10,27,00:53,5,2,2,1.0,3.0,01092,Route de Chalamont,M,"45,9660930","5,2503460",1,2019,50.0,1.0,1.0,3.0,2263199,1.0,1,3,1,9.0,,0.0,0,1965.0,B01,138Â 205Â 284,1.0,-1.0,-1.0,1727549,1.0,7,,0.0,2.0,2.0,B01,138Â 205Â 284,2.0
1012057,201900053588,9,24,08:30,1,1,1,2.0,3.0,91161,AUTOROUTE A6,M,"48,7201000","2,3110000",91,2019,110.0,1.0,2.0,1.0,2263200,1.0,1,1,2,0.0,,0.0,0,1992.0,B01,138Â 205Â 281,1.0,8.0,-1.0,1727550,2.0,7,,0.0,2.0,2.0,B01,138Â 205Â 281,0.0
1012057,201900053588,9,24,08:30,1,1,1,2.0,3.0,91161,AUTOROUTE A6,M,"48,7201000","2,3110000",91,2019,110.0,1.0,2.0,1.0,2263200,1.0,1,1,2,0.0,,0.0,0,1992.0,B01,138Â 205Â 281,1.0,8.0,-1.0,1727551,2.0,33,,0.0,2.0,3.0,A01,138Â 205Â 283,1.0
1012057,201900053588,9,24,08:30,1,1,1,2.0,3.0,91161,AUTOROUTE A6,M,"48,7201000","2,3110000",91,2019,110.0,1.0,2.0,1.0,2263201,1.0,1,4,1,0.0,,0.0,0,1963.0,A01,138Â 205Â 283,2.0,8.0,-1.0,1727550,2.0,7,,0.0,2.0,2.0,B01,138Â 205Â 281,0.0
1012057,201900053588,9,24,08:30,1,1,1,2.0,3.0,91161,AUTOROUTE A6,M,"48,7201000","2,3110000",91,2019,110.0,1.0,2.0,1.0,2263201,1.0,1,4,1,0.0,,0.0,0,1963.0,A01,138Â 205Â 283,2.0,8.0,-1.0,1727551,2.0,33,,0.0,2.0,3.0,A01,138Â 205Â 283,1.0
1012058,201900053589,10,27,19:40,3,1,1,1.0,7.0,06149,Route de Laghet,M,"43,7479080","7,3536140",6,2019,50.0,1.0,1.0,7.0,2263202,1.0,1,3,1,5.0,,0.0,0,1972.0,A01,138Â 205Â 280,2.0,6.0,9.0,1727552,3.0,33,,0.0,0.0,7.0,A01,138Â 205Â 280,1.0
1012059,201900053590,9,24,04:40,3,1,1,1.0,6.0,91339,RN 104,M,"48,6300000","2,2400000",91,2019,110.0,1.0,1.0,2.0,2263203,1.0,1,4,1,1.0,,0.0,0,1998.0,A01,138Â 205Â 279,1.0,0.0,-1.0,1727553,2.0,7,,0.0,0.0,2.0,A01,138Â 205Â 279,1.0
1012060,201900053591,10,21,19:00,4,2,1,8.0,7.0,95487,Rue des Rives de l'Oise,M,"49,1452430","2,2805140",95,2019,50.0,4.0,2.0,9.0,2263204,1.0,1,3,1,3.0,,0.0,0,1969.0,A01,138Â 205Â 274,2.0,-1.0,-1.0,1727554,0.0,2,,12.0,0.0,0.0,A01,138Â 205Â 274,1.0
1012061,201900053592,9,23,09:54,1,1,1,1.0,4.0,91161,AUTOROUTE A6,M,"48,6998000","2,3117000",91,2019,110.0,1.0,1.0,1.0,2263205,1.0,1,1,1,4.0,,0.0,0,1976.0,D01,138Â 205Â 273,1.0,0.0,-1.0,1727555,2.0,15,,0.0,2.0,1.0,D01,138Â 205Â 273,0.0
1012061,201900053592,9,23,09:54,1,1,1,1.0,4.0,91161,AUTOROUTE A6,M,"48,6998000","2,3117000",91,2019,110.0,1.0,1.0,1.0,2263205,1.0,1,1,1,4.0,,0.0,0,1976.0,D01,138Â 205Â 273,1.0,0.0,-1.0,1727556,2.0,15,,0.0,2.0,4.0,A01,138Â 205Â 275,0.0
1012061,201900053592,9,23,09:54,1,1,1,1.0,4.0,91161,AUTOROUTE A6,M,"48,6998000","2,3117000",91,2019,110.0,1.0,1.0,1.0,2263205,1.0,1,1,1,4.0,,0.0,0,1976.0,D01,138Â 205Â 273,1.0,0.0,-1.0,1727557,2.0,7,,0.0,2.0,4.0,B01,138Â 205Â 276,0.0
1012061,201900053592,9,23,09:54,1,1,1,1.0,4.0,91161,AUTOROUTE A6,M,"48,6998000","2,3117000",91,2019,110.0,1.0,1.0,1.0,2263205,1.0,1,1,1,4.0,,0.0,0,1976.0,D01,138Â 205Â 273,1.0,0.0,-1.0,1727558,2.0,7,,0.0,2.0,4.0,C01,138Â 205Â 277,0.0
1012061,201900053592,9,23,09:54,1,1,1,1.0,4.0,91161,AUTOROUTE A6,M,"48,6998000","2,3117000",91,2019,110.0,1.0,1.0,1.0,2263206,1.0,1,1,1,4.0,,0.0,0,1963.0,A01,138Â 205Â 275,1.0,0.0,-1.0,1727555,2.0,15,,0.0,2.0,1.0,D01,138Â 205Â 273,0.0
1012061,201900053592,9,23,09:54,1,1,1,1.0,4.0,91161,AUTOROUTE A6,M,"48,6998000","2,3117000",91,2019,110.0,1.0,1.0,1.0,2263206,1.0,1,1,1,4.0,,0.0,0,1963.0,A01,138Â 205Â 275,1.0,0.0,-1.0,1727556,2.0,15,,0.0,2.0,4.0,A01,138Â 205Â 275,0.0
1012061,201900053592,9,23,09:54,1,1,1,1.0,4.0,91161,AUTOROUTE A6,M,"48,6998000","2,3117000",91,2019,110.0,1.0,1.0,1.0,2263206,1.0,1,1,1,4.0,,0.0,0,1963.0,A01,138Â 205Â 275,1.0,0.0,-1.0,1727557,2.0,7,,0.0,2.0,4.0,B01,138Â 205Â 276,0.0
1012061,201900053592,9,23,09:54,1,1,1,1.0,4.0,91161,AUTOROUTE A6,M,"48,6998000","2,3117000",91,2019,110.0,1.0,1.0,1.0,2263206,1.0,1,1,1,4.0,,0.0,0,1963.0,A01,138Â 205Â 275,1.0,0.0,-1.0,1727558,2.0,7,,0.0,2.0,4.0,C01,138Â 205Â 277,0.0
1012061,201900053592,9,23,09:54,1,1,1,1.0,4.0,91161,AUTOROUTE A6,M,"48,6998000","2,3117000",91,2019,110.0,1.0,1.0,1.0,2263207,1.0,1,4,2,0.0,,0.0,0,1963.0,B01,138Â 205Â 276,1.0,0.0,-1.0,1727555,2.0,15,,0.0,2.0,1.0,D01,138Â 205Â 273,0.0
1012061,201900053592,9,23,09:54,1,1,1,1.0,4.0,91161,AUTOROUTE A6,M,"48,6998000","2,3117000",91,2019,110.0,1.0,1.0,1.0,2263207,1.0,1,4,2,0.0,,0.0,0,1963.0,B01,138Â 205Â 276,1.0,0.0,-1.0,1727556,2.0,15,,0.0,2.0,4.0,A01,138Â 205Â 275,0.0
1012061,201900053592,9,23,09:54,1,1,1,1.0,4.0,91161,AUTOROUTE A6,M,"48,6998000","2,3117000",91,2019,110.0,1.0,1.0,1.0,2263207,1.0,1,4,2,0.0,,0.0,0,1963.0,B01,138Â 205Â 276,1.0,0.0,-1.0,1727557,2.0,7,,0.0,2.0,4.0,B01,138Â 205Â 276,0.0
1012061,201900053592,9,23,09:54,1,1,1,1.0,4.0,91161,AUTOROUTE A6,M,"48,6998000","2,3117000",91,2019,110.0,1.0,1.0,1.0,2263207,1.0,1,4,2,0.0,,0.0,0,1963.0,B01,138Â 205Â 276,1.0,0.0,-1.0,1727558,2.0,7,,0.0,2.0,4.0,C01,138Â 205Â 277,0.0
1012061,201900053592,9,23,09:54,1,1,1,1.0,4.0,91161,AUTOROUTE A6,M,"48,6998000","2,3117000",91,2019,110.0,1.0,1.0,1.0,2263208,1.0,1,4,2,0.0,,0.0,0,1971.0,C01,138Â 205Â 277,1.0,0.0,-1.0,1727555,2.0,15,,0.0,2.0,1.0,D01,138Â 205Â 273,0.0
1012061,201900053592,9,23,09:54,1,1,1,1.0,4.0,91161,AUTOROUTE A6,M,"48,6998000","2,3117000",91,2019,110.0,1.0,1.0,1.0,2263208,1.0,1,4,2,0.0,,0.0,0,1971.0,C01,138Â 205Â 277,1.0,0.0,-1.0,1727556,2.0,15,,0.0,2.0,4.0,A01,138Â 205Â 275,0.0
1012061,201900053592,9,23,09:54,1,1,1,1.0,4.0,91161,AUTOROUTE A6,M,"48,6998000","2,3117000",91,2019,110.0,1.0,1.0,1.0,2263208,1.0,1,4,2,0.0,,0.0,0,1971.0,C01,138Â 205Â 277,1.0,0.0,-1.0,1727557,2.0,7,,0.0,2.0,4.0,B01,138Â 205Â 276,0.0
1012061,201900053592,9,23,09:54,1,1,1,1.0,4.0,91161,AUTOROUTE A6,M,"48,6998000","2,3117000",91,2019,110.0,1.0,1.0,1.0,2263208,1.0,1,4,2,0.0,,0.0,0,1971.0,C01,138Â 205Â 277,1.0,0.0,-1.0,1727558,2.0,7,,0.0,2.0,4.0,C01,138Â 205Â 277,0.0
1012062,201900053593,9,24,13:40,1,1,1,2.0,3.0,78029,A13W,M,"48,9639010","1,8432060",78,2019,130.0,2.0,2.0,1.0,2263209,1.0,1,1,1,0.0,,-1.0, -1,1938.0,A01,138Â 205Â 269,1.0,8.0,-1.0,1727559,2.0,7,,0.0,2.0,2.0,A01,138Â 205Â 269,1.0
1012062,201900053593,9,24,13:40,1,1,1,2.0,3.0,78029,A13W,M,"48,9639010","1,8432060",78,2019,130.0,2.0,2.0,1.0,2263209,1.0,1,1,1,0.0,,-1.0, -1,1938.0,A01,138Â 205Â 269,1.0,8.0,-1.0,1727560,2.0,7,,3.0,2.0,3.0,B01,138Â 205Â 271,1.0
1012062,201900053593,9,24,13:40,1,1,1,2.0,3.0,78029,A13W,M,"48,9639010","1,8432060",78,2019,130.0,2.0,2.0,1.0,2263210,2.0,2,4,2,0.0,,-1.0, -1,1967.0,B01,138Â 205Â 271,1.0,8.0,-1.0,1727559,2.0,7,,0.0,2.0,2.0,A01,138Â 205Â 269,1.0
1012062,201900053593,9,24,13:40,1,1,1,2.0,3.0,78029,A13W,M,"48,9639010","1,8432060",78,2019,130.0,2.0,2.0,1.0,2263210,2.0,2,4,2,0.0,,-1.0, -1,1967.0,B01,138Â 205Â 271,1.0,8.0,-1.0,1727560,2.0,7,,3.0,2.0,3.0,B01,138Â 205Â 271,1.0
1012062,201900053593,9,24,13:40,1,1,1,2.0,3.0,78029,A13W,M,"48,9639010","1,8432060",78,2019,130.0,2.0,2.0,1.0,2263211,1.0,1,1,1,0.0,,-1.0, -1,1969.0,B01,138Â 205Â 271,1.0,8.0,-1.0,1727559,2.0,7,,0.0,2.0,2.0,A01,138Â 205Â 269,1.0
1012062,201900053593,9,24,13:40,1,1,1,2.0,3.0,78029,A13W,M,"48,9639010","1,8432060",78,2019,130.0,2.0,2.0,1.0,2263211,1.0,1,1,1,0.0,,-1.0, -1,1969.0,B01,138Â 205Â 271,1.0,8.0,-1.0,1727560,2.0,7,,3.0,2.0,3.0,B01,138Â 205Â 271,1.0
1012063,201900053594,10,27,17:30,1,1,1,1.0,6.0,97405,12 Chemin Laguerre,M," -21,3664810","55,5602860",974,2019,50.0,8.0,1.0,4.0,2263212,1.0,1,4,1,0.0,,0.0,0,1967.0,A01,138Â 205Â 268,2.0,6.0,-1.0,1727561,3.0,32,,13.0,0.0,1.0,A01,138Â 205Â 268,1.0
1012064,201900053595,9,23,19:20,2,1,1,1.0,2.0,93063,AUTOROUTE A3,M,"48,8784400","2,4471500",93,2019,90.0,1.0,1.0,1.0,2263213,1.0,1,1,1,0.0,,-1.0, -1,1970.0,B01,138Â 205Â 266,1.0,8.0,-1.0,1727562,1.0,7,,0.0,2.0,4.0,B01,138Â 205Â 266,1.0
1012064,201900053595,9,23,19:20,2,1,1,1.0,2.0,93063,AUTOROUTE A3,M,"48,8784400","2,4471500",93,2019,90.0,1.0,1.0,1.0,2263213,1.0,1,1,1,0.0,,-1.0, -1,1970.0,B01,138Â 205Â 266,1.0,8.0,-1.0,1727563,1.0,7,,0.0,2.0,1.0,A01,138Â 205Â 267,1.0
1012064,201900053595,9,23,19:20,2,1,1,1.0,2.0,93063,AUTOROUTE A3,M,"48,8784400","2,4471500",93,2019,90.0,1.0,1.0,1.0,2263214,1.0,1,4,2,0.0,,-1.0, -1,1976.0,A01,138Â 205Â 267,1.0,8.0,-1.0,1727562,1.0,7,,0.0,2.0,4.0,B01,138Â 205Â 266,1.0
1012064,201900053595,9,23,19:20,2,1,1,1.0,2.0,93063,AUTOROUTE A3,M,"48,8784400","2,4471500",93,2019,90.0,1.0,1.0,1.0,2263214,1.0,1,4,2,0.0,,-1.0, -1,1976.0,A01,138Â 205Â 267,1.0,8.0,-1.0,1727563,1.0,7,,0.0,2.0,1.0,A01,138Â 205Â 267,1.0
1012065,201900053596,9,23,09:20,1,1,1,1.0,3.0,95252,AUTOROUTE A15,M,"48,9795200","2,2277900",95,2019,110.0,1.0,1.0,1.0,2263215,1.0,1,1,1,2.0,,-1.0,0,1995.0,A01,138Â 205Â 263,1.0,0.0,-1.0,1727564,2.0,7,,0.0,2.0,2.0,A01,138Â 205Â 263,1.0
1012065,201900053596,9,23,09:20,1,1,1,1.0,3.0,95252,AUTOROUTE A15,M,"48,9795200","2,2277900",95,2019,110.0,1.0,1.0,1.0,2263215,1.0,1,1,1,2.0,,-1.0,0,1995.0,A01,138Â 205Â 263,1.0,0.0,-1.0,1727565,2.0,31,,0.0,2.0,8.0,B01,138Â 205Â 264,1.0
1012065,201900053596,9,23,09:20,1,1,1,1.0,3.0,95252,AUTOROUTE A15,M,"48,9795200","2,2277900",95,2019,110.0,1.0,1.0,1.0,2263216,1.0,1,4,1,1.0,,-1.0,0,1970.0,B01,138Â 205Â 264,2.0,6.0,-1.0,1727564,2.0,7,,0.0,2.0,2.0,A01,138Â 205Â 263,1.0
1012065,201900053596,9,23,09:20,1,1,1,1.0,3.0,95252,AUTOROUTE A15,M,"48,9795200","2,2277900",95,2019,110.0,1.0,1.0,1.0,2263216,1.0,1,4,1,1.0,,-1.0,0,1970.0,B01,138Â 205Â 264,2.0,6.0,-1.0,1727565,2.0,31,,0.0,2.0,8.0,B01,138Â 205Â 264,1.0
1012066,201900053597,10,27,18:35,3,1,1,1.0,1.0,83067,RD 97,M,"43,3708450","6,2961470",83,2019,80.0,1.0,1.0,3.0,2263217,2.0,2,3,2,4.0,,0.0,0,1948.0,B01,138Â 205Â 259,1.0,-1.0,-1.0,1727566,1.0,10,,0.0,2.0,2.0,B01,138Â 205Â 259,1.0
1012066,201900053597,10,27,18:35,3,1,1,1.0,1.0,83067,RD 97,M,"43,3708450","6,2961470",83,2019,80.0,1.0,1.0,3.0,2263217,2.0,2,3,2,4.0,,0.0,0,1948.0,B01,138Â 205Â 259,1.0,-1.0,-1.0,1727567,2.0,7,,0.0,2.0,1.0,A01,138Â 205Â 261,1.0
1012066,201900053597,10,27,18:35,3,1,1,1.0,1.0,83067,RD 97,M,"43,3708450","6,2961470",83,2019,80.0,1.0,1.0,3.0,2263218,1.0,1,1,1,4.0,,0.0,0,1955.0,B01,138Â 205Â 259,1.0,-1.0,-1.0,1727566,1.0,10,,0.0,2.0,2.0,B01,138Â 205Â 259,1.0
1012066,201900053597,10,27,18:35,3,1,1,1.0,1.0,83067,RD 97,M,"43,3708450","6,2961470",83,2019,80.0,1.0,1.0,3.0,2263218,1.0,1,1,1,4.0,,0.0,0,1955.0,B01,138Â 205Â 259,1.0,-1.0,-1.0,1727567,2.0,7,,0.0,2.0,1.0,A01,138Â 205Â 261,1.0
1012066,201900053597,10,27,18:35,3,1,1,1.0,1.0,83067,RD 97,M,"43,3708450","6,2961470",83,2019,80.0,1.0,1.0,3.0,2263219,1.0,1,3,1,5.0,,0.0,0,1975.0,A01,138Â 205Â 261,1.0,-1.0,-1.0,1727566,1.0,10,,0.0,2.0,2.0,B01,138Â 205Â 259,1.0
1012066,201900053597,10,27,18:35,3,1,1,1.0,1.0,83067,RD 97,M,"43,3708450","6,2961470",83,2019,80.0,1.0,1.0,3.0,2263219,1.0,1,3,1,5.0,,0.0,0,1975.0,A01,138Â 205Â 261,1.0,-1.0,-1.0,1727567,2.0,7,,0.0,2.0,1.0,A01,138Â 205Â 261,1.0
1012067,201900053598,10,28,04:45,3,1,1,2.0,7.0,56184,D1,M,"47,6572990"," -2,4283280",56,2019,80.0,1.0,2.0,3.0,2263220,1.0,1,3,1,1.0,,0.0,0,1981.0,A01,138Â 205Â 258,1.0,5.0,-1.0,1727568,1.0,7,,0.0,6.0,1.0,A01,138Â 205Â 258,1.0
1012068,201900053599,10,28,00:20,3,1,1,1.0,7.0,59110,Route de la Colme Vc 15,M,"50,9457360","2,3104390",59,2019,80.0,8.0,1.0,3.0,2263221,1.0,1,2,1,1.0,,0.0,0,1972.0,A01,138Â 205Â 257,2.0,6.0,-1.0,1727569,1.0,2,,6.0,0.0,1.0,A01,138Â 205Â 257,6.0
1012069,201900053600,9,22,16:10,1,1,1,2.0,3.0,93027,AUTOROUTE A86,M,"48,9282900","2,4122600",93,2019,70.0,1.0,2.0,1.0,2263222,1.0,1,1,1,5.0,,-1.0, -1,1952.0,B01,138Â 205Â 260,1.0,0.0,-1.0,1727570,2.0,7,,0.0,2.0,8.0,B01,138Â 205Â 260,1.0
1012069,201900053600,9,22,16:10,1,1,1,2.0,3.0,93027,AUTOROUTE A86,M,"48,9282900","2,4122600",93,2019,70.0,1.0,2.0,1.0,2263222,1.0,1,1,1,5.0,,-1.0, -1,1952.0,B01,138Â 205Â 260,1.0,0.0,-1.0,1727571,2.0,7,,4.0,2.0,1.0,A01,138Â 205Â 262,1.0
1012069,201900053600,9,22,16:10,1,1,1,2.0,3.0,93027,AUTOROUTE A86,M,"48,9282900","2,4122600",93,2019,70.0,1.0,2.0,1.0,2263223,1.0,1,4,2,5.0,,-1.0, -1,1969.0,A01,138Â 205Â 262,1.0,0.0,-1.0,1727570,2.0,7,,0.0,2.0,8.0,B01,138Â 205Â 260,1.0
1012069,201900053600,9,22,16:10,1,1,1,2.0,3.0,93027,AUTOROUTE A86,M,"48,9282900","2,4122600",93,2019,70.0,1.0,2.0,1.0,2263223,1.0,1,4,2,5.0,,-1.0, -1,1969.0,A01,138Â 205Â 262,1.0,0.0,-1.0,1727571,2.0,7,,4.0,2.0,1.0,A01,138Â 205Â 262,1.0
1012070,201900053601,9,24,09:30,1,1,1,1.0,2.0,94017,A4,M,"48,8268250","2,5128788",94,2019,90.0,1.0,1.0,1.0,2263224,1.0,1,4,1,1.0,,-1.0,0,1987.0,A01,138Â 205Â 253,2.0,6.0,-1.0,1727572,2.0,33,,0.0,2.0,8.0,A01,138Â 205Â 253,1.0
1012070,201900053601,9,24,09:30,1,1,1,1.0,2.0,94017,A4,M,"48,8268250","2,5128788",94,2019,90.0,1.0,1.0,1.0,2263224,1.0,1,4,1,1.0,,-1.0,0,1987.0,A01,138Â 205Â 253,2.0,6.0,-1.0,1727573,2.0,7,,0.0,2.0,2.0,B01,138Â 205Â 254,1.0
1012070,201900053601,9,24,09:30,1,1,1,1.0,2.0,94017,A4,M,"48,8268250","2,5128788",94,2019,90.0,1.0,1.0,1.0,2263225,1.0,1,1,1,5.0,,-1.0,0,1997.0,B01,138Â 205Â 254,1.0,4.0,-1.0,1727572,2.0,33,,0.0,2.0,8.0,A01,138Â 205Â 253,1.0
1012070,201900053601,9,24,09:30,1,1,1,1.0,2.0,94017,A4,M,"48,8268250","2,5128788",94,2019,90.0,1.0,1.0,1.0,2263225,1.0,1,1,1,5.0,,-1.0,0,1997.0,B01,138Â 205Â 254,1.0,4.0,-1.0,1727573,2.0,7,,0.0,2.0,2.0,B01,138Â 205Â 254,1.0