Unnamed: 0_x,num_acc,mois,jour,hrmn,lum,agg,int,atm,col,com,adr,gps,lat,long,dep,annee,vma,situ,surf,catr,Unnamed: 0_y,place,catu,grav,sexe,trajet,secu,locp,actp,an_nais,num_veh_x,id_vehicule_x,secu1,secu2,secu3,Unnamed: 0,senc,catv,occutc,obs,obsm,choc,num_veh_y,id_vehicule_y,motor
1012071,201900053602,10,28,06:45,3,1,6,1.0,3.0,77159,D403 X D213 X D76,M,"48,4738783","3,1185261",77,2019,80.0,1.0,2.0,3.0,2263226,1.0,1,1,1,1.0,,0.0,0,1982.0,A01,138Â 205Â 255,1.0,-1.0,-1.0,1727574,1.0,7,,0.0,2.0,1.0,A01,138Â 205Â 255,1.0
1012071,201900053602,10,28,06:45,3,1,6,1.0,3.0,77159,D403 X D213 X D76,M,"48,4738783","3,1185261",77,2019,80.0,1.0,2.0,3.0,2263226,1.0,1,1,1,1.0,,0.0,0,1982.0,A01,138Â 205Â 255,1.0,-1.0,-1.0,1727575,1.0,2,,0.0,2.0,7.0,B01,138Â 205Â 256,1.0
1012071,201900053602,10,28,06:45,3,1,6,1.0,3.0,77159,D403 X D213 X D76,M,"48,4738783","3,1185261",77,2019,80.0,1.0,2.0,3.0,2263227,1.0,1,4,1,1.0,,0.0,0,2002.0,B01,138Â 205Â 256,2.0,6.0,-1.0,1727574,1.0,7,,0.0,2.0,1.0,A01,138Â 205Â 255,1.0
1012071,201900053602,10,28,06:45,3,1,6,1.0,3.0,77159,D403 X D213 X D76,M,"48,4738783","3,1185261",77,2019,80.0,1.0,2.0,3.0,2263227,1.0,1,4,1,1.0,,0.0,0,2002.0,B01,138Â 205Â 256,2.0,6.0,-1.0,1727575,1.0,2,,0.0,2.0,7.0,B01,138Â 205Â 256,1.0
1012072,201900053603,9,24,08:15,1,1,1,1.0,2.0,94073,A86 INT,M,"48,7522000","2,3779000",94,2019,90.0,1.0,1.0,1.0,2263228,1.0,1,4,1,1.0,,-1.0,0,1965.0,A01,138Â 205Â 251,2.0,4.0,-1.0,1727576,1.0,33,,0.0,2.0,1.0,A01,138Â 205Â 251,0.0
1012072,201900053603,9,24,08:15,1,1,1,1.0,2.0,94073,A86 INT,M,"48,7522000","2,3779000",94,2019,90.0,1.0,1.0,1.0,2263228,1.0,1,4,1,1.0,,-1.0,0,1965.0,A01,138Â 205Â 251,2.0,4.0,-1.0,1727577,1.0,7,,0.0,2.0,4.0,B01,138Â 205Â 252,0.0
1012072,201900053603,9,24,08:15,1,1,1,1.0,2.0,94073,A86 INT,M,"48,7522000","2,3779000",94,2019,90.0,1.0,1.0,1.0,2263229,1.0,1,1,1,1.0,,-1.0,0,1961.0,B01,138Â 205Â 252,1.0,4.0,-1.0,1727576,1.0,33,,0.0,2.0,1.0,A01,138Â 205Â 251,0.0
1012072,201900053603,9,24,08:15,1,1,1,1.0,2.0,94073,A86 INT,M,"48,7522000","2,3779000",94,2019,90.0,1.0,1.0,1.0,2263229,1.0,1,1,1,1.0,,-1.0,0,1961.0,B01,138Â 205Â 252,1.0,4.0,-1.0,1727577,1.0,7,,0.0,2.0,4.0,B01,138Â 205Â 252,0.0
1012073,201900053604,9,24,07:20,2,1,1,1.0,4.0,75112,A4,M,"48,8246576","2,4635500",75,2019,90.0,1.0,1.0,1.0,2263230,1.0,1,1,1,4.0,,0.0,0,1979.0,D01,138Â 205Â 245,1.0,0.0,-1.0,1727578,1.0,10,,0.0,2.0,1.0,D01,138Â 205Â 245,1.0
1012073,201900053604,9,24,07:20,2,1,1,1.0,4.0,75112,A4,M,"48,8246576","2,4635500",75,2019,90.0,1.0,1.0,1.0,2263230,1.0,1,1,1,4.0,,0.0,0,1979.0,D01,138Â 205Â 245,1.0,0.0,-1.0,1727579,1.0,10,,0.0,2.0,1.0,C01,138Â 205Â 246,1.0
1012073,201900053604,9,24,07:20,2,1,1,1.0,4.0,75112,A4,M,"48,8246576","2,4635500",75,2019,90.0,1.0,1.0,1.0,2263230,1.0,1,1,1,4.0,,0.0,0,1979.0,D01,138Â 205Â 245,1.0,0.0,-1.0,1727580,1.0,33,,0.0,2.0,1.0,B01,138Â 205Â 247,1.0
1012073,201900053604,9,24,07:20,2,1,1,1.0,4.0,75112,A4,M,"48,8246576","2,4635500",75,2019,90.0,1.0,1.0,1.0,2263230,1.0,1,1,1,4.0,,0.0,0,1979.0,D01,138Â 205Â 245,1.0,0.0,-1.0,1727581,1.0,10,,0.0,2.0,5.0,A01,138Â 205Â 249,1.0
1012073,201900053604,9,24,07:20,2,1,1,1.0,4.0,75112,A4,M,"48,8246576","2,4635500",75,2019,90.0,1.0,1.0,1.0,2263231,1.0,1,1,1,4.0,,0.0,0,1964.0,C01,138Â 205Â 246,1.0,0.0,-1.0,1727578,1.0,10,,0.0,2.0,1.0,D01,138Â 205Â 245,1.0
1012073,201900053604,9,24,07:20,2,1,1,1.0,4.0,75112,A4,M,"48,8246576","2,4635500",75,2019,90.0,1.0,1.0,1.0,2263231,1.0,1,1,1,4.0,,0.0,0,1964.0,C01,138Â 205Â 246,1.0,0.0,-1.0,1727579,1.0,10,,0.0,2.0,1.0,C01,138Â 205Â 246,1.0
1012073,201900053604,9,24,07:20,2,1,1,1.0,4.0,75112,A4,M,"48,8246576","2,4635500",75,2019,90.0,1.0,1.0,1.0,2263231,1.0,1,1,1,4.0,,0.0,0,1964.0,C01,138Â 205Â 246,1.0,0.0,-1.0,1727580,1.0,33,,0.0,2.0,1.0,B01,138Â 205Â 247,1.0
1012073,201900053604,9,24,07:20,2,1,1,1.0,4.0,75112,A4,M,"48,8246576","2,4635500",75,2019,90.0,1.0,1.0,1.0,2263231,1.0,1,1,1,4.0,,0.0,0,1964.0,C01,138Â 205Â 246,1.0,0.0,-1.0,1727581,1.0,10,,0.0,2.0,5.0,A01,138Â 205Â 249,1.0
1012073,201900053604,9,24,07:20,2,1,1,1.0,4.0,75112,A4,M,"48,8246576","2,4635500",75,2019,90.0,1.0,1.0,1.0,2263232,1.0,1,4,1,1.0,,0.0,0,1962.0,B01,138Â 205Â 247,2.0,6.0,-1.0,1727578,1.0,10,,0.0,2.0,1.0,D01,138Â 205Â 245,1.0
1012073,201900053604,9,24,07:20,2,1,1,1.0,4.0,75112,A4,M,"48,8246576","2,4635500",75,2019,90.0,1.0,1.0,1.0,2263232,1.0,1,4,1,1.0,,0.0,0,1962.0,B01,138Â 205Â 247,2.0,6.0,-1.0,1727579,1.0,10,,0.0,2.0,1.0,C01,138Â 205Â 246,1.0
1012073,201900053604,9,24,07:20,2,1,1,1.0,4.0,75112,A4,M,"48,8246576","2,4635500",75,2019,90.0,1.0,1.0,1.0,2263232,1.0,1,4,1,1.0,,0.0,0,1962.0,B01,138Â 205Â 247,2.0,6.0,-1.0,1727580,1.0,33,,0.0,2.0,1.0,B01,138Â 205Â 247,1.0
1012073,201900053604,9,24,07:20,2,1,1,1.0,4.0,75112,A4,M,"48,8246576","2,4635500",75,2019,90.0,1.0,1.0,1.0,2263232,1.0,1,4,1,1.0,,0.0,0,1962.0,B01,138Â 205Â 247,2.0,6.0,-1.0,1727581,1.0,10,,0.0,2.0,5.0,A01,138Â 205Â 249,1.0
1012073,201900053604,9,24,07:20,2,1,1,1.0,4.0,75112,A4,M,"48,8246576","2,4635500",75,2019,90.0,1.0,1.0,1.0,2263233,1.0,1,1,1,1.0,,0.0,0,1970.0,A01,138Â 205Â 249,1.0,0.0,-1.0,1727578,1.0,10,,0.0,2.0,1.0,D01,138Â 205Â 245,1.0
1012073,201900053604,9,24,07:20,2,1,1,1.0,4.0,75112,A4,M,"48,8246576","2,4635500",75,2019,90.0,1.0,1.0,1.0,2263233,1.0,1,1,1,1.0,,0.0,0,1970.0,A01,138Â 205Â 249,1.0,0.0,-1.0,1727579,1.0,10,,0.0,2.0,1.0,C01,138Â 205Â 246,1.0
1012073,201900053604,9,24,07:20,2,1,1,1.0,4.0,75112,A4,M,"48,8246576","2,4635500",75,2019,90.0,1.0,1.0,1.0,2263233,1.0,1,1,1,1.0,,0.0,0,1970.0,A01,138Â 205Â 249,1.0,0.0,-1.0,1727580,1.0,33,,0.0,2.0,1.0,B01,138Â 205Â 247,1.0
1012073,201900053604,9,24,07:20,2,1,1,1.0,4.0,75112,A4,M,"48,8246576","2,4635500",75,2019,90.0,1.0,1.0,1.0,2263233,1.0,1,1,1,1.0,,0.0,0,1970.0,A01,138Â 205Â 249,1.0,0.0,-1.0,1727581,1.0,10,,0.0,2.0,5.0,A01,138Â 205Â 249,1.0
1012074,201900053605,10,28,07:30,1,1,1,8.0,3.0,79347,9 Lieu-Dit les-Champs-de-l'Etang,M,"46,6858420"," -0,2685650",79,2019,80.0,1.0,2.0,2.0,2263234,1.0,1,1,1,1.0,,0.0,0,1978.0,B01,138Â 205Â 248,1.0,-1.0,-1.0,1727582,1.0,7,,0.0,2.0,3.0,B01,138Â 205Â 248,1.0
1012074,201900053605,10,28,07:30,1,1,1,8.0,3.0,79347,9 Lieu-Dit les-Champs-de-l'Etang,M,"46,6858420"," -0,2685650",79,2019,80.0,1.0,2.0,2.0,2263234,1.0,1,1,1,1.0,,0.0,0,1978.0,B01,138Â 205Â 248,1.0,-1.0,-1.0,1727583,2.0,7,,0.0,2.0,3.0,A01,138Â 205Â 250,1.0
1012074,201900053605,10,28,07:30,1,1,1,8.0,3.0,79347,9 Lieu-Dit les-Champs-de-l'Etang,M,"46,6858420"," -0,2685650",79,2019,80.0,1.0,2.0,2.0,2263235,7.0,2,1,1,5.0,,0.0,0,1968.0,A01,138Â 205Â 250,1.0,-1.0,-1.0,1727582,1.0,7,,0.0,2.0,3.0,B01,138Â 205Â 248,1.0
1012074,201900053605,10,28,07:30,1,1,1,8.0,3.0,79347,9 Lieu-Dit les-Champs-de-l'Etang,M,"46,6858420"," -0,2685650",79,2019,80.0,1.0,2.0,2.0,2263235,7.0,2,1,1,5.0,,0.0,0,1968.0,A01,138Â 205Â 250,1.0,-1.0,-1.0,1727583,2.0,7,,0.0,2.0,3.0,A01,138Â 205Â 250,1.0
1012074,201900053605,10,28,07:30,1,1,1,8.0,3.0,79347,9 Lieu-Dit les-Champs-de-l'Etang,M,"46,6858420"," -0,2685650",79,2019,80.0,1.0,2.0,2.0,2263236,1.0,1,3,1,5.0,,0.0,0,1992.0,A01,138Â 205Â 250,1.0,-1.0,-1.0,1727582,1.0,7,,0.0,2.0,3.0,B01,138Â 205Â 248,1.0
1012074,201900053605,10,28,07:30,1,1,1,8.0,3.0,79347,9 Lieu-Dit les-Champs-de-l'Etang,M,"46,6858420"," -0,2685650",79,2019,80.0,1.0,2.0,2.0,2263236,1.0,1,3,1,5.0,,0.0,0,1992.0,A01,138Â 205Â 250,1.0,-1.0,-1.0,1727583,2.0,7,,0.0,2.0,3.0,A01,138Â 205Â 250,1.0
1012074,201900053605,10,28,07:30,1,1,1,8.0,3.0,79347,9 Lieu-Dit les-Champs-de-l'Etang,M,"46,6858420"," -0,2685650",79,2019,80.0,1.0,2.0,2.0,2263237,2.0,2,1,2,5.0,,0.0,0,1991.0,A01,138Â 205Â 250,1.0,-1.0,-1.0,1727582,1.0,7,,0.0,2.0,3.0,B01,138Â 205Â 248,1.0
1012074,201900053605,10,28,07:30,1,1,1,8.0,3.0,79347,9 Lieu-Dit les-Champs-de-l'Etang,M,"46,6858420"," -0,2685650",79,2019,80.0,1.0,2.0,2.0,2263237,2.0,2,1,2,5.0,,0.0,0,1991.0,A01,138Â 205Â 250,1.0,-1.0,-1.0,1727583,2.0,7,,0.0,2.0,3.0,A01,138Â 205Â 250,1.0
1012074,201900053605,10,28,07:30,1,1,1,8.0,3.0,79347,9 Lieu-Dit les-Champs-de-l'Etang,M,"46,6858420"," -0,2685650",79,2019,80.0,1.0,2.0,2.0,2263238,9.0,2,1,2,5.0,,0.0,0,1970.0,A01,138Â 205Â 250,1.0,-1.0,-1.0,1727582,1.0,7,,0.0,2.0,3.0,B01,138Â 205Â 248,1.0
1012074,201900053605,10,28,07:30,1,1,1,8.0,3.0,79347,9 Lieu-Dit les-Champs-de-l'Etang,M,"46,6858420"," -0,2685650",79,2019,80.0,1.0,2.0,2.0,2263238,9.0,2,1,2,5.0,,0.0,0,1970.0,A01,138Â 205Â 250,1.0,-1.0,-1.0,1727583,2.0,7,,0.0,2.0,3.0,A01,138Â 205Â 250,1.0
1012075,201900053606,10,28,16:32,2,2,2,8.0,3.0,71014,Rue du Faubourg Saint Andoche,M,"46,9522720","4,2929940",71,2019,50.0,1.0,1.0,3.0,2263239,9.0,2,1,1,4.0,,0.0,0,1989.0,B01,138Â 205Â 241,0.0,-1.0,-1.0,1727584,2.0,10,,0.0,2.0,8.0,B01,138Â 205Â 241,1.0
1012075,201900053606,10,28,16:32,2,2,2,8.0,3.0,71014,Rue du Faubourg Saint Andoche,M,"46,9522720","4,2929940",71,2019,50.0,1.0,1.0,3.0,2263239,9.0,2,1,1,4.0,,0.0,0,1989.0,B01,138Â 205Â 241,0.0,-1.0,-1.0,1727585,1.0,7,,0.0,2.0,1.0,A01,138Â 205Â 242,1.0
1012075,201900053606,10,28,16:32,2,2,2,8.0,3.0,71014,Rue du Faubourg Saint Andoche,M,"46,9522720","4,2929940",71,2019,50.0,1.0,1.0,3.0,2263240,3.0,2,1,1,4.0,,0.0,0,1987.0,B01,138Â 205Â 241,0.0,-1.0,-1.0,1727584,2.0,10,,0.0,2.0,8.0,B01,138Â 205Â 241,1.0
1012075,201900053606,10,28,16:32,2,2,2,8.0,3.0,71014,Rue du Faubourg Saint Andoche,M,"46,9522720","4,2929940",71,2019,50.0,1.0,1.0,3.0,2263240,3.0,2,1,1,4.0,,0.0,0,1987.0,B01,138Â 205Â 241,0.0,-1.0,-1.0,1727585,1.0,7,,0.0,2.0,1.0,A01,138Â 205Â 242,1.0
1012075,201900053606,10,28,16:32,2,2,2,8.0,3.0,71014,Rue du Faubourg Saint Andoche,M,"46,9522720","4,2929940",71,2019,50.0,1.0,1.0,3.0,2263241,1.0,1,3,1,4.0,,0.0,0,1997.0,B01,138Â 205Â 241,1.0,-1.0,-1.0,1727584,2.0,10,,0.0,2.0,8.0,B01,138Â 205Â 241,1.0
1012075,201900053606,10,28,16:32,2,2,2,8.0,3.0,71014,Rue du Faubourg Saint Andoche,M,"46,9522720","4,2929940",71,2019,50.0,1.0,1.0,3.0,2263241,1.0,1,3,1,4.0,,0.0,0,1997.0,B01,138Â 205Â 241,1.0,-1.0,-1.0,1727585,1.0,7,,0.0,2.0,1.0,A01,138Â 205Â 242,1.0
1012075,201900053606,10,28,16:32,2,2,2,8.0,3.0,71014,Rue du Faubourg Saint Andoche,M,"46,9522720","4,2929940",71,2019,50.0,1.0,1.0,3.0,2263242,7.0,2,1,2,9.0,,0.0,0,1970.0,B01,138Â 205Â 241,9.0,-1.0,-1.0,1727584,2.0,10,,0.0,2.0,8.0,B01,138Â 205Â 241,1.0
1012075,201900053606,10,28,16:32,2,2,2,8.0,3.0,71014,Rue du Faubourg Saint Andoche,M,"46,9522720","4,2929940",71,2019,50.0,1.0,1.0,3.0,2263242,7.0,2,1,2,9.0,,0.0,0,1970.0,B01,138Â 205Â 241,9.0,-1.0,-1.0,1727585,1.0,7,,0.0,2.0,1.0,A01,138Â 205Â 242,1.0
1012075,201900053606,10,28,16:32,2,2,2,8.0,3.0,71014,Rue du Faubourg Saint Andoche,M,"46,9522720","4,2929940",71,2019,50.0,1.0,1.0,3.0,2263243,7.0,2,4,2,9.0,,0.0,0,2013.0,A01,138Â 205Â 242,1.0,-1.0,-1.0,1727584,2.0,10,,0.0,2.0,8.0,B01,138Â 205Â 241,1.0
1012075,201900053606,10,28,16:32,2,2,2,8.0,3.0,71014,Rue du Faubourg Saint Andoche,M,"46,9522720","4,2929940",71,2019,50.0,1.0,1.0,3.0,2263243,7.0,2,4,2,9.0,,0.0,0,2013.0,A01,138Â 205Â 242,1.0,-1.0,-1.0,1727585,1.0,7,,0.0,2.0,1.0,A01,138Â 205Â 242,1.0
1012075,201900053606,10,28,16:32,2,2,2,8.0,3.0,71014,Rue du Faubourg Saint Andoche,M,"46,9522720","4,2929940",71,2019,50.0,1.0,1.0,3.0,2263244,9.0,2,4,2,9.0,,0.0,0,2011.0,A01,138Â 205Â 242,1.0,-1.0,-1.0,1727584,2.0,10,,0.0,2.0,8.0,B01,138Â 205Â 241,1.0
1012075,201900053606,10,28,16:32,2,2,2,8.0,3.0,71014,Rue du Faubourg Saint Andoche,M,"46,9522720","4,2929940",71,2019,50.0,1.0,1.0,3.0,2263244,9.0,2,4,2,9.0,,0.0,0,2011.0,A01,138Â 205Â 242,1.0,-1.0,-1.0,1727585,1.0,7,,0.0,2.0,1.0,A01,138Â 205Â 242,1.0
1012075,201900053606,10,28,16:32,2,2,2,8.0,3.0,71014,Rue du Faubourg Saint Andoche,M,"46,9522720","4,2929940",71,2019,50.0,1.0,1.0,3.0,2263245,1.0,1,1,1,9.0,,0.0,0,1980.0,A01,138Â 205Â 242,1.0,-1.0,-1.0,1727584,2.0,10,,0.0,2.0,8.0,B01,138Â 205Â 241,1.0
1012075,201900053606,10,28,16:32,2,2,2,8.0,3.0,71014,Rue du Faubourg Saint Andoche,M,"46,9522720","4,2929940",71,2019,50.0,1.0,1.0,3.0,2263245,1.0,1,1,1,9.0,,0.0,0,1980.0,A01,138Â 205Â 242,1.0,-1.0,-1.0,1727585,1.0,7,,0.0,2.0,1.0,A01,138Â 205Â 242,1.0
1012076,201900053607,9,23,19:15,1,1,1,1.0,2.0,94073,A86 INT,M,"48,7703000","2,3828000",94,2019,70.0,1.0,1.0,1.0,2263246,1.0,1,4,2,1.0,,-1.0,0,1996.0,B01,138Â 205Â 243,1.0,0.0,-1.0,1727586,2.0,7,,0.0,2.0,4.0,B01,138Â 205Â 243,1.0
1012076,201900053607,9,23,19:15,1,1,1,1.0,2.0,94073,A86 INT,M,"48,7703000","2,3828000",94,2019,70.0,1.0,1.0,1.0,2263246,1.0,1,4,2,1.0,,-1.0,0,1996.0,B01,138Â 205Â 243,1.0,0.0,-1.0,1727587,2.0,16,,0.0,2.0,1.0,A01,138Â 205Â 244,1.0
1012076,201900053607,9,23,19:15,1,1,1,1.0,2.0,94073,A86 INT,M,"48,7703000","2,3828000",94,2019,70.0,1.0,1.0,1.0,2263247,1.0,1,1,1,4.0,,-1.0,0,1986.0,A01,138Â 205Â 244,1.0,0.0,-1.0,1727586,2.0,7,,0.0,2.0,4.0,B01,138Â 205Â 243,1.0
1012076,201900053607,9,23,19:15,1,1,1,1.0,2.0,94073,A86 INT,M,"48,7703000","2,3828000",94,2019,70.0,1.0,1.0,1.0,2263247,1.0,1,1,1,4.0,,-1.0,0,1986.0,A01,138Â 205Â 244,1.0,0.0,-1.0,1727587,2.0,16,,0.0,2.0,1.0,A01,138Â 205Â 244,1.0
1012077,201900053608,9,23,16:45,1,1,1,1.0,4.0,94069,A86 EXT,M,"48,8174000","2,4237000",94,2019,90.0,1.0,1.0,1.0,2263248,1.0,1,1,2,5.0,,-1.0,0,1993.0,B01,138Â 205Â 237,1.0,0.0,-1.0,1727588,2.0,7,,0.0,2.0,7.0,B01,138Â 205Â 237,1.0
1012077,201900053608,9,23,16:45,1,1,1,1.0,4.0,94069,A86 EXT,M,"48,8174000","2,4237000",94,2019,90.0,1.0,1.0,1.0,2263248,1.0,1,1,2,5.0,,-1.0,0,1993.0,B01,138Â 205Â 237,1.0,0.0,-1.0,1727589,2.0,33,,0.0,2.0,9.0,A01,138Â 205Â 239,1.0
1012077,201900053608,9,23,16:45,1,1,1,1.0,4.0,94069,A86 EXT,M,"48,8174000","2,4237000",94,2019,90.0,1.0,1.0,1.0,2263248,1.0,1,1,2,5.0,,-1.0,0,1993.0,B01,138Â 205Â 237,1.0,0.0,-1.0,1727590,2.0,7,,0.0,2.0,8.0,C01,138Â 205Â 240,1.0
1012077,201900053608,9,23,16:45,1,1,1,1.0,4.0,94069,A86 EXT,M,"48,8174000","2,4237000",94,2019,90.0,1.0,1.0,1.0,2263249,1.0,1,4,1,1.0,,-1.0,0,1998.0,A01,138Â 205Â 239,2.0,6.0,-1.0,1727588,2.0,7,,0.0,2.0,7.0,B01,138Â 205Â 237,1.0
1012077,201900053608,9,23,16:45,1,1,1,1.0,4.0,94069,A86 EXT,M,"48,8174000","2,4237000",94,2019,90.0,1.0,1.0,1.0,2263249,1.0,1,4,1,1.0,,-1.0,0,1998.0,A01,138Â 205Â 239,2.0,6.0,-1.0,1727589,2.0,33,,0.0,2.0,9.0,A01,138Â 205Â 239,1.0
1012077,201900053608,9,23,16:45,1,1,1,1.0,4.0,94069,A86 EXT,M,"48,8174000","2,4237000",94,2019,90.0,1.0,1.0,1.0,2263249,1.0,1,4,1,1.0,,-1.0,0,1998.0,A01,138Â 205Â 239,2.0,6.0,-1.0,1727590,2.0,7,,0.0,2.0,8.0,C01,138Â 205Â 240,1.0
1012077,201900053608,9,23,16:45,1,1,1,1.0,4.0,94069,A86 EXT,M,"48,8174000","2,4237000",94,2019,90.0,1.0,1.0,1.0,2263250,1.0,1,1,1,5.0,,-1.0,0,1961.0,C01,138Â 205Â 240,1.0,0.0,-1.0,1727588,2.0,7,,0.0,2.0,7.0,B01,138Â 205Â 237,1.0
1012077,201900053608,9,23,16:45,1,1,1,1.0,4.0,94069,A86 EXT,M,"48,8174000","2,4237000",94,2019,90.0,1.0,1.0,1.0,2263250,1.0,1,1,1,5.0,,-1.0,0,1961.0,C01,138Â 205Â 240,1.0,0.0,-1.0,1727589,2.0,33,,0.0,2.0,9.0,A01,138Â 205Â 239,1.0
1012077,201900053608,9,23,16:45,1,1,1,1.0,4.0,94069,A86 EXT,M,"48,8174000","2,4237000",94,2019,90.0,1.0,1.0,1.0,2263250,1.0,1,1,1,5.0,,-1.0,0,1961.0,C01,138Â 205Â 240,1.0,0.0,-1.0,1727590,2.0,7,,0.0,2.0,8.0,C01,138Â 205Â 240,1.0
1012078,201900053609,10,28,11:45,1,1,1,1.0,1.0,34204,D131,M,"43,5528350","3,5344360",34,2019,80.0,1.0,1.0,3.0,2263251,2.0,1,3,1,0.0,,0.0,0,1994.0,A01,138Â 205Â 236,1.0,-1.0,-1.0,1727591,0.0,7,,0.0,2.0,1.0,A01,138Â 205Â 236,1.0
1012078,201900053609,10,28,11:45,1,1,1,1.0,1.0,34204,D131,M,"43,5528350","3,5344360",34,2019,80.0,1.0,1.0,3.0,2263251,2.0,1,3,1,0.0,,0.0,0,1994.0,A01,138Â 205Â 236,1.0,-1.0,-1.0,1727592,0.0,10,,0.0,2.0,1.0,B01,138Â 205Â 238,1.0
1012078,201900053609,10,28,11:45,1,1,1,1.0,1.0,34204,D131,M,"43,5528350","3,5344360",34,2019,80.0,1.0,1.0,3.0,2263252,1.0,1,1,1,1.0,,0.0,0,1977.0,B01,138Â 205Â 238,1.0,-1.0,-1.0,1727591,0.0,7,,0.0,2.0,1.0,A01,138Â 205Â 236,1.0
1012078,201900053609,10,28,11:45,1,1,1,1.0,1.0,34204,D131,M,"43,5528350","3,5344360",34,2019,80.0,1.0,1.0,3.0,2263252,1.0,1,1,1,1.0,,0.0,0,1977.0,B01,138Â 205Â 238,1.0,-1.0,-1.0,1727592,0.0,10,,0.0,2.0,1.0,B01,138Â 205Â 238,1.0
1012079,201900053610,9,22,14:30,1,2,1,1.0,1.0,71040,MACON (ROUTE DE),M,"46,6782840","4,3876000",71,2019,50.0,1.0,1.0,4.0,2263253,1.0,1,1,1,0.0,,0.0,0,1983.0,B01,138Â 205Â 232,8.0,0.0,-1.0,1727593,1.0,7,,0.0,2.0,1.0,B01,138Â 205Â 232,1.0
1012079,201900053610,9,22,14:30,1,2,1,1.0,1.0,71040,MACON (ROUTE DE),M,"46,6782840","4,3876000",71,2019,50.0,1.0,1.0,4.0,2263253,1.0,1,1,1,0.0,,0.0,0,1983.0,B01,138Â 205Â 232,8.0,0.0,-1.0,1727594,1.0,1,,0.0,2.0,8.0,A01,138Â 205Â 233,5.0
1012079,201900053610,9,22,14:30,1,2,1,1.0,1.0,71040,MACON (ROUTE DE),M,"46,6782840","4,3876000",71,2019,50.0,1.0,1.0,4.0,2263254,1.0,1,4,1,5.0,,0.0,0,2004.0,A01,138Â 205Â 233,8.0,0.0,-1.0,1727593,1.0,7,,0.0,2.0,1.0,B01,138Â 205Â 232,1.0
1012079,201900053610,9,22,14:30,1,2,1,1.0,1.0,71040,MACON (ROUTE DE),M,"46,6782840","4,3876000",71,2019,50.0,1.0,1.0,4.0,2263254,1.0,1,4,1,5.0,,0.0,0,2004.0,A01,138Â 205Â 233,8.0,0.0,-1.0,1727594,1.0,1,,0.0,2.0,8.0,A01,138Â 205Â 233,5.0
1012080,201900053611,10,26,14:45,1,1,1,1.0,2.0,44128,Lieu-dit le pelerin,M,"47,5342256"," -1,9208146",44,2019,80.0,1.0,1.0,3.0,2263255,1.0,1,3,1,0.0,,0.0,0,1976.0,B01,138Â 205Â 230,2.0,6.0,-1.0,1727595,2.0,33,,0.0,2.0,1.0,B01,138Â 205Â 230,1.0
1012080,201900053611,10,26,14:45,1,1,1,1.0,2.0,44128,Lieu-dit le pelerin,M,"47,5342256"," -1,9208146",44,2019,80.0,1.0,1.0,3.0,2263255,1.0,1,3,1,0.0,,0.0,0,1976.0,B01,138Â 205Â 230,2.0,6.0,-1.0,1727596,2.0,10,,0.0,0.0,5.0,A01,138Â 205Â 231,1.0
1012080,201900053611,10,26,14:45,1,1,1,1.0,2.0,44128,Lieu-dit le pelerin,M,"47,5342256"," -1,9208146",44,2019,80.0,1.0,1.0,3.0,2263256,1.0,1,1,2,0.0,,0.0,0,1982.0,A01,138Â 205Â 231,1.0,-1.0,-1.0,1727595,2.0,33,,0.0,2.0,1.0,B01,138Â 205Â 230,1.0
1012080,201900053611,10,26,14:45,1,1,1,1.0,2.0,44128,Lieu-dit le pelerin,M,"47,5342256"," -1,9208146",44,2019,80.0,1.0,1.0,3.0,2263256,1.0,1,1,2,0.0,,0.0,0,1982.0,A01,138Â 205Â 231,1.0,-1.0,-1.0,1727596,2.0,10,,0.0,0.0,5.0,A01,138Â 205Â 231,1.0
1012080,201900053611,10,26,14:45,1,1,1,1.0,2.0,44128,Lieu-dit le pelerin,M,"47,5342256"," -1,9208146",44,2019,80.0,1.0,1.0,3.0,2263257,7.0,2,1,2,0.0,,0.0,0,2016.0,A01,138Â 205Â 231,1.0,3.0,-1.0,1727595,2.0,33,,0.0,2.0,1.0,B01,138Â 205Â 230,1.0
1012080,201900053611,10,26,14:45,1,1,1,1.0,2.0,44128,Lieu-dit le pelerin,M,"47,5342256"," -1,9208146",44,2019,80.0,1.0,1.0,3.0,2263257,7.0,2,1,2,0.0,,0.0,0,2016.0,A01,138Â 205Â 231,1.0,3.0,-1.0,1727596,2.0,10,,0.0,0.0,5.0,A01,138Â 205Â 231,1.0
1012080,201900053611,10,26,14:45,1,1,1,1.0,2.0,44128,Lieu-dit le pelerin,M,"47,5342256"," -1,9208146",44,2019,80.0,1.0,1.0,3.0,2263258,4.0,2,1,1,0.0,,0.0,0,2007.0,A01,138Â 205Â 231,1.0,-1.0,-1.0,1727595,2.0,33,,0.0,2.0,1.0,B01,138Â 205Â 230,1.0
1012080,201900053611,10,26,14:45,1,1,1,1.0,2.0,44128,Lieu-dit le pelerin,M,"47,5342256"," -1,9208146",44,2019,80.0,1.0,1.0,3.0,2263258,4.0,2,1,1,0.0,,0.0,0,2007.0,A01,138Â 205Â 231,1.0,-1.0,-1.0,1727596,2.0,10,,0.0,0.0,5.0,A01,138Â 205Â 231,1.0
1012080,201900053611,10,26,14:45,1,1,1,1.0,2.0,44128,Lieu-dit le pelerin,M,"47,5342256"," -1,9208146",44,2019,80.0,1.0,1.0,3.0,2263259,3.0,2,1,1,0.0,,0.0,0,2010.0,A01,138Â 205Â 231,1.0,-1.0,-1.0,1727595,2.0,33,,0.0,2.0,1.0,B01,138Â 205Â 230,1.0