Unnamed: 0_x,num_acc,mois,jour,hrmn,lum,agg,int,atm,col,com,adr,gps,lat,long,dep,annee,vma,situ,surf,catr,Unnamed: 0_y,place,catu,grav,sexe,trajet,secu,locp,actp,an_nais,num_veh_x,id_vehicule_x,secu1,secu2,secu3,Unnamed: 0,senc,catv,occutc,obs,obsm,choc,num_veh_y,id_vehicule_y,motor
1012080,201900053611,10,26,14:45,1,1,1,1.0,2.0,44128,Lieu-dit le pelerin,M,"47,5342256"," -1,9208146",44,2019,80.0,1.0,1.0,3.0,2263259,3.0,2,1,1,0.0,,0.0,0,2010.0,A01,138Â 205Â 231,1.0,-1.0,-1.0,1727596,2.0,10,,0.0,0.0,5.0,A01,138Â 205Â 231,1.0
1012080,201900053611,10,26,14:45,1,1,1,1.0,2.0,44128,Lieu-dit le pelerin,M,"47,5342256"," -1,9208146",44,2019,80.0,1.0,1.0,3.0,2263260,2.0,2,1,1,0.0,,0.0,0,1973.0,A01,138Â 205Â 231,1.0,-1.0,-1.0,1727595,2.0,33,,0.0,2.0,1.0,B01,138Â 205Â 230,1.0
1012080,201900053611,10,26,14:45,1,1,1,1.0,2.0,44128,Lieu-dit le pelerin,M,"47,5342256"," -1,9208146",44,2019,80.0,1.0,1.0,3.0,2263260,2.0,2,1,1,0.0,,0.0,0,1973.0,A01,138Â 205Â 231,1.0,-1.0,-1.0,1727596,2.0,10,,0.0,0.0,5.0,A01,138Â 205Â 231,1.0
1012080,201900053611,10,26,14:45,1,1,1,1.0,2.0,44128,Lieu-dit le pelerin,M,"47,5342256"," -1,9208146",44,2019,80.0,1.0,1.0,3.0,2263261,9.0,2,1,1,0.0,,0.0,0,2006.0,A01,138Â 205Â 231,1.0,-1.0,-1.0,1727595,2.0,33,,0.0,2.0,1.0,B01,138Â 205Â 230,1.0
1012080,201900053611,10,26,14:45,1,1,1,1.0,2.0,44128,Lieu-dit le pelerin,M,"47,5342256"," -1,9208146",44,2019,80.0,1.0,1.0,3.0,2263261,9.0,2,1,1,0.0,,0.0,0,2006.0,A01,138Â 205Â 231,1.0,-1.0,-1.0,1727596,2.0,10,,0.0,0.0,5.0,A01,138Â 205Â 231,1.0
1012081,201900053612,10,27,17:25,1,1,1,1.0,7.0,38314,D525B,M,"45,4379400","6,0456200",38,2019,80.0,1.0,1.0,3.0,2263262,1.0,1,3,1,5.0,,0.0,0,1971.0,A01,138Â 205Â 227,2.0,-1.0,-1.0,1727597,2.0,30,,0.0,0.0,2.0,A01,138Â 205Â 227,1.0
1012082,201900053613,10,28,16:00,1,1,1,1.0,7.0,15107,fraissinoux,M,"44,9665880","3,2714230",15,2019,80.0,8.0,1.0,4.0,2263263,1.0,1,3,2,5.0,,0.0,0,2002.0,A01,138Â 205Â 226,2.0,-1.0,-1.0,1727598,0.0,36,,15.0,0.0,1.0,A01,138Â 205Â 226,1.0
1012083,201900053614,10,28,10:50,1,1,1,1.0,3.0,26282,Route de Die,M,"44,7755160","5,4058560",26,2019,80.0,1.0,1.0,3.0,2263264,1.0,1,4,2,4.0,,0.0,0,1995.0,A01,138Â 205Â 222,0.0,-1.0,-1.0,1727599,2.0,7,,6.0,2.0,2.0,A01,138Â 205Â 222,0.0
1012083,201900053614,10,28,10:50,1,1,1,1.0,3.0,26282,Route de Die,M,"44,7755160","5,4058560",26,2019,80.0,1.0,1.0,3.0,2263264,1.0,1,4,2,4.0,,0.0,0,1995.0,A01,138Â 205Â 222,0.0,-1.0,-1.0,1727600,2.0,10,,0.0,2.0,3.0,B01,138Â 205Â 224,0.0
1012083,201900053614,10,28,10:50,1,1,1,1.0,3.0,26282,Route de Die,M,"44,7755160","5,4058560",26,2019,80.0,1.0,1.0,3.0,2263265,1.0,1,1,2,5.0,,0.0,0,1965.0,B01,138Â 205Â 224,1.0,-1.0,-1.0,1727599,2.0,7,,6.0,2.0,2.0,A01,138Â 205Â 222,0.0
1012083,201900053614,10,28,10:50,1,1,1,1.0,3.0,26282,Route de Die,M,"44,7755160","5,4058560",26,2019,80.0,1.0,1.0,3.0,2263265,1.0,1,1,2,5.0,,0.0,0,1965.0,B01,138Â 205Â 224,1.0,-1.0,-1.0,1727600,2.0,10,,0.0,2.0,3.0,B01,138Â 205Â 224,0.0
1012084,201900053615,9,20,16:00,1,2,1,1.0,6.0,63300,19 DESAIX (BOULEVARD),M,"45,8920300","3,1167800",63,2019,50.0,1.0,1.0,3.0,2263266,10.0,3,4,2,0.0,,3.0,3,1949.0,A01,138Â 205Â 221,0.0,0.0,0.0,1727601,2.0,7,,0.0,1.0,2.0,A01,138Â 205Â 221,1.0
1012084,201900053615,9,20,16:00,1,2,1,1.0,6.0,63300,19 DESAIX (BOULEVARD),M,"45,8920300","3,1167800",63,2019,50.0,1.0,1.0,3.0,2263267,1.0,1,1,1,3.0,,0.0,0,1974.0,A01,138Â 205Â 221,1.0,8.0,-1.0,1727601,2.0,7,,0.0,1.0,2.0,A01,138Â 205Â 221,1.0
1012085,201900053616,9,20,10:17,1,2,3,1.0,6.0,47201,PYRENEES (AVENUE DES),M,"44,1833300","0,6036600",47,2019,50.0,1.0,1.0,3.0,2263268,1.0,1,1,2,5.0,,-1.0, -1,1980.0,A01,138Â 205Â 219,1.0,0.0,-1.0,1727602,1.0,7,,0.0,1.0,2.0,A01,138Â 205Â 219,1.0
1012085,201900053616,9,20,10:17,1,2,3,1.0,6.0,47201,PYRENEES (AVENUE DES),M,"44,1833300","0,6036600",47,2019,50.0,1.0,1.0,3.0,2263269,10.0,3,4,1,5.0,,2.0,3,1952.0,A01,138Â 205Â 219,8.0,0.0,-1.0,1727602,1.0,7,,0.0,1.0,2.0,A01,138Â 205Â 219,1.0
1012086,201900053617,9,22,09:00,1,1,1,1.0,6.0,45169,ROUTE D'ORLEANS,M,"47,9151000","1,8448500",45,2019,70.0,1.0,1.0,4.0,2263270,4.0,2,4,2,5.0,,0.0,0,2001.0,A01,138Â 205Â 216,1.0,5.0,-1.0,1727603,3.0,7,,8.0,0.0,1.0,A01,138Â 205Â 216,1.0
1012086,201900053617,9,22,09:00,1,1,1,1.0,6.0,45169,ROUTE D'ORLEANS,M,"47,9151000","1,8448500",45,2019,70.0,1.0,1.0,4.0,2263271,5.0,2,4,2,5.0,,0.0,0,2002.0,A01,138Â 205Â 216,1.0,0.0,-1.0,1727603,3.0,7,,8.0,0.0,1.0,A01,138Â 205Â 216,1.0
1012086,201900053617,9,22,09:00,1,1,1,1.0,6.0,45169,ROUTE D'ORLEANS,M,"47,9151000","1,8448500",45,2019,70.0,1.0,1.0,4.0,2263272,1.0,1,4,2,5.0,,0.0,0,1971.0,A01,138Â 205Â 216,1.0,5.0,-1.0,1727603,3.0,7,,8.0,0.0,1.0,A01,138Â 205Â 216,1.0
1012086,201900053617,9,22,09:00,1,1,1,1.0,6.0,45169,ROUTE D'ORLEANS,M,"47,9151000","1,8448500",45,2019,70.0,1.0,1.0,4.0,2263273,3.0,2,4,2,5.0,,0.0,0,2002.0,A01,138Â 205Â 216,1.0,5.0,-1.0,1727603,3.0,7,,8.0,0.0,1.0,A01,138Â 205Â 216,1.0
1012087,201900053618,10,28,17:55,2,2,1,2.0,5.0,14514,36 Rue Georges ClÃ©menceau,M,"49,2883530","0,1963490",14,2019,50.0,1.0,2.0,3.0,2263274,1.0,1,4,2,0.0,,0.0,0,1991.0,C01,138Â 205Â 215,1.0,-1.0,-1.0,1727604,1.0,7,,0.0,2.0,1.0,C01,138Â 205Â 215,1.0
1012087,201900053618,10,28,17:55,2,2,1,2.0,5.0,14514,36 Rue Georges ClÃ©menceau,M,"49,2883530","0,1963490",14,2019,50.0,1.0,2.0,3.0,2263274,1.0,1,4,2,0.0,,0.0,0,1991.0,C01,138Â 205Â 215,1.0,-1.0,-1.0,1727605,1.0,7,,0.0,2.0,3.0,B01,138Â 205Â 217,1.0
1012087,201900053618,10,28,17:55,2,2,1,2.0,5.0,14514,36 Rue Georges ClÃ©menceau,M,"49,2883530","0,1963490",14,2019,50.0,1.0,2.0,3.0,2263274,1.0,1,4,2,0.0,,0.0,0,1991.0,C01,138Â 205Â 215,1.0,-1.0,-1.0,1727606,2.0,7,,0.0,2.0,3.0,A01,138Â 205Â 218,1.0
1012087,201900053618,10,28,17:55,2,2,1,2.0,5.0,14514,36 Rue Georges ClÃ©menceau,M,"49,2883530","0,1963490",14,2019,50.0,1.0,2.0,3.0,2263275,9.0,2,4,1,2.0,,0.0,0,2011.0,C01,138Â 205Â 215,1.0,-1.0,-1.0,1727604,1.0,7,,0.0,2.0,1.0,C01,138Â 205Â 215,1.0
1012087,201900053618,10,28,17:55,2,2,1,2.0,5.0,14514,36 Rue Georges ClÃ©menceau,M,"49,2883530","0,1963490",14,2019,50.0,1.0,2.0,3.0,2263275,9.0,2,4,1,2.0,,0.0,0,2011.0,C01,138Â 205Â 215,1.0,-1.0,-1.0,1727605,1.0,7,,0.0,2.0,3.0,B01,138Â 205Â 217,1.0
1012087,201900053618,10,28,17:55,2,2,1,2.0,5.0,14514,36 Rue Georges ClÃ©menceau,M,"49,2883530","0,1963490",14,2019,50.0,1.0,2.0,3.0,2263275,9.0,2,4,1,2.0,,0.0,0,2011.0,C01,138Â 205Â 215,1.0,-1.0,-1.0,1727606,2.0,7,,0.0,2.0,3.0,A01,138Â 205Â 218,1.0
1012087,201900053618,10,28,17:55,2,2,1,2.0,5.0,14514,36 Rue Georges ClÃ©menceau,M,"49,2883530","0,1963490",14,2019,50.0,1.0,2.0,3.0,2263276,1.0,1,4,2,1.0,,0.0,0,1965.0,B01,138Â 205Â 217,1.0,-1.0,-1.0,1727604,1.0,7,,0.0,2.0,1.0,C01,138Â 205Â 215,1.0
1012087,201900053618,10,28,17:55,2,2,1,2.0,5.0,14514,36 Rue Georges ClÃ©menceau,M,"49,2883530","0,1963490",14,2019,50.0,1.0,2.0,3.0,2263276,1.0,1,4,2,1.0,,0.0,0,1965.0,B01,138Â 205Â 217,1.0,-1.0,-1.0,1727605,1.0,7,,0.0,2.0,3.0,B01,138Â 205Â 217,1.0
1012087,201900053618,10,28,17:55,2,2,1,2.0,5.0,14514,36 Rue Georges ClÃ©menceau,M,"49,2883530","0,1963490",14,2019,50.0,1.0,2.0,3.0,2263276,1.0,1,4,2,1.0,,0.0,0,1965.0,B01,138Â 205Â 217,1.0,-1.0,-1.0,1727606,2.0,7,,0.0,2.0,3.0,A01,138Â 205Â 218,1.0
1012087,201900053618,10,28,17:55,2,2,1,2.0,5.0,14514,36 Rue Georges ClÃ©menceau,M,"49,2883530","0,1963490",14,2019,50.0,1.0,2.0,3.0,2263277,1.0,1,3,2,3.0,,0.0,0,1937.0,A01,138Â 205Â 218,1.0,-1.0,-1.0,1727604,1.0,7,,0.0,2.0,1.0,C01,138Â 205Â 215,1.0
1012087,201900053618,10,28,17:55,2,2,1,2.0,5.0,14514,36 Rue Georges ClÃ©menceau,M,"49,2883530","0,1963490",14,2019,50.0,1.0,2.0,3.0,2263277,1.0,1,3,2,3.0,,0.0,0,1937.0,A01,138Â 205Â 218,1.0,-1.0,-1.0,1727605,1.0,7,,0.0,2.0,3.0,B01,138Â 205Â 217,1.0
1012087,201900053618,10,28,17:55,2,2,1,2.0,5.0,14514,36 Rue Georges ClÃ©menceau,M,"49,2883530","0,1963490",14,2019,50.0,1.0,2.0,3.0,2263277,1.0,1,3,2,3.0,,0.0,0,1937.0,A01,138Â 205Â 218,1.0,-1.0,-1.0,1727606,2.0,7,,0.0,2.0,3.0,A01,138Â 205Â 218,1.0
1012088,201900053619,9,22,06:40,5,2,3,1.0,7.0,94068,PONT DE CRETEIL (R DU),M,"48,8004200","2,4718000",94,2019,50.0,1.0,1.0,3.0,2263278,2.0,2,4,1,0.0,,-1.0,0,1987.0,A01,138Â 205Â 214,1.0,0.0,-1.0,1727607,2.0,7,,9.0,0.0,1.0,A01,138Â 205Â 214,1.0
1012088,201900053619,9,22,06:40,5,2,3,1.0,7.0,94068,PONT DE CRETEIL (R DU),M,"48,8004200","2,4718000",94,2019,50.0,1.0,1.0,3.0,2263279,1.0,1,1,1,5.0,,-1.0,0,1998.0,A01,138Â 205Â 214,1.0,0.0,-1.0,1727607,2.0,7,,9.0,0.0,1.0,A01,138Â 205Â 214,1.0
1012089,201900053620,6,14,21:12,1,2,9,1.0,6.0,93007,"""PAUL VAILLANT COUTURIER (AVENUE """"DU 01",M,"48,9293000","2,4799400",93,2019,50.0,1.0,1.0,3.0,2263280,1.0,1,1,1,5.0,,-1.0, -1,2000.0,A01,138Â 205Â 212,1.0,0.0,-1.0,1727608,2.0,7,,0.0,1.0,1.0,A01,138Â 205Â 212,1.0
1012089,201900053620,6,14,21:12,1,2,9,1.0,6.0,93007,"""PAUL VAILLANT COUTURIER (AVENUE """"DU 01",M,"48,9293000","2,4799400",93,2019,50.0,1.0,1.0,3.0,2263281,10.0,3,4,1,0.0,,3.0,3,1969.0,A01,138Â 205Â 212,8.0,0.0,-1.0,1727608,2.0,7,,0.0,1.0,1.0,A01,138Â 205Â 212,1.0
1012090,201900053621,10,28,14:20,1,2,4,2.0,3.0,50058,Rue de la Monnerie,M,"49,0649460"," -1,5827610",50,2019,50.0,1.0,2.0,4.0,2263282,1.0,1,4,1,3.0,,0.0,0,1986.0,B01,138Â 205Â 211,0.0,-1.0,-1.0,1727609,3.0,1,,0.0,2.0,1.0,B01,138Â 205Â 211,5.0
1012090,201900053621,10,28,14:20,1,2,4,2.0,3.0,50058,Rue de la Monnerie,M,"49,0649460"," -1,5827610",50,2019,50.0,1.0,2.0,4.0,2263282,1.0,1,4,1,3.0,,0.0,0,1986.0,B01,138Â 205Â 211,0.0,-1.0,-1.0,1727610,3.0,7,,0.0,2.0,3.0,A01,138Â 205Â 213,1.0
1012090,201900053621,10,28,14:20,1,2,4,2.0,3.0,50058,Rue de la Monnerie,M,"49,0649460"," -1,5827610",50,2019,50.0,1.0,2.0,4.0,2263283,1.0,1,1,1,4.0,,0.0,0,1975.0,A01,138Â 205Â 213,1.0,-1.0,-1.0,1727609,3.0,1,,0.0,2.0,1.0,B01,138Â 205Â 211,5.0
1012090,201900053621,10,28,14:20,1,2,4,2.0,3.0,50058,Rue de la Monnerie,M,"49,0649460"," -1,5827610",50,2019,50.0,1.0,2.0,4.0,2263283,1.0,1,1,1,4.0,,0.0,0,1975.0,A01,138Â 205Â 213,1.0,-1.0,-1.0,1727610,3.0,7,,0.0,2.0,3.0,A01,138Â 205Â 213,1.0
1012091,201900053622,9,20,17:00,1,1,9,1.0,3.0,93027,AUTOROUTE A1,M,"48,9378400","2,4135800",93,2019,90.0,1.0,1.0,1.0,2263284,1.0,1,4,1,0.0,,-1.0, -1,1994.0,B01,138Â 205Â 209,2.0,6.0,-1.0,1727611,1.0,33,,0.0,2.0,7.0,B01,138Â 205Â 209,1.0
1012091,201900053622,9,20,17:00,1,1,9,1.0,3.0,93027,AUTOROUTE A1,M,"48,9378400","2,4135800",93,2019,90.0,1.0,1.0,1.0,2263284,1.0,1,4,1,0.0,,-1.0, -1,1994.0,B01,138Â 205Â 209,2.0,6.0,-1.0,1727612,1.0,7,,0.0,2.0,8.0,A01,138Â 205Â 210,1.0
1012091,201900053622,9,20,17:00,1,1,9,1.0,3.0,93027,AUTOROUTE A1,M,"48,9378400","2,4135800",93,2019,90.0,1.0,1.0,1.0,2263285,1.0,1,1,1,0.0,,-1.0, -1,1978.0,A01,138Â 205Â 210,1.0,0.0,-1.0,1727611,1.0,33,,0.0,2.0,7.0,B01,138Â 205Â 209,1.0
1012091,201900053622,9,20,17:00,1,1,9,1.0,3.0,93027,AUTOROUTE A1,M,"48,9378400","2,4135800",93,2019,90.0,1.0,1.0,1.0,2263285,1.0,1,1,1,0.0,,-1.0, -1,1978.0,A01,138Â 205Â 210,1.0,0.0,-1.0,1727612,1.0,7,,0.0,2.0,8.0,A01,138Â 205Â 210,1.0
1012092,201900053623,10,28,14:00,1,1,1,1.0,1.0,09328,1 Route des CÃ´tes,M,"42,7895080","1,6892970",9,2019,80.0,1.0,1.0,2.0,2263286,1.0,1,1,1,4.0,,0.0,0,1978.0,B01,138Â 205Â 207,1.0,-1.0,-1.0,1727613,2.0,17,,0.0,2.0,3.0,B01,138Â 205Â 207,1.0
1012092,201900053623,10,28,14:00,1,1,1,1.0,1.0,09328,1 Route des CÃ´tes,M,"42,7895080","1,6892970",9,2019,80.0,1.0,1.0,2.0,2263286,1.0,1,1,1,4.0,,0.0,0,1978.0,B01,138Â 205Â 207,1.0,-1.0,-1.0,1727614,1.0,7,,0.0,2.0,3.0,A01,138Â 205Â 208,1.0
1012092,201900053623,10,28,14:00,1,1,1,1.0,1.0,09328,1 Route des CÃ´tes,M,"42,7895080","1,6892970",9,2019,80.0,1.0,1.0,2.0,2263287,1.0,1,3,1,5.0,,0.0,0,2000.0,A01,138Â 205Â 208,1.0,-1.0,-1.0,1727613,2.0,17,,0.0,2.0,3.0,B01,138Â 205Â 207,1.0
1012092,201900053623,10,28,14:00,1,1,1,1.0,1.0,09328,1 Route des CÃ´tes,M,"42,7895080","1,6892970",9,2019,80.0,1.0,1.0,2.0,2263287,1.0,1,3,1,5.0,,0.0,0,2000.0,A01,138Â 205Â 208,1.0,-1.0,-1.0,1727614,1.0,7,,0.0,2.0,3.0,A01,138Â 205Â 208,1.0
1012092,201900053623,10,28,14:00,1,1,1,1.0,1.0,09328,1 Route des CÃ´tes,M,"42,7895080","1,6892970",9,2019,80.0,1.0,1.0,2.0,2263288,9.0,2,3,2,5.0,,0.0,0,2000.0,A01,138Â 205Â 208,1.0,-1.0,-1.0,1727613,2.0,17,,0.0,2.0,3.0,B01,138Â 205Â 207,1.0
1012092,201900053623,10,28,14:00,1,1,1,1.0,1.0,09328,1 Route des CÃ´tes,M,"42,7895080","1,6892970",9,2019,80.0,1.0,1.0,2.0,2263288,9.0,2,3,2,5.0,,0.0,0,2000.0,A01,138Â 205Â 208,1.0,-1.0,-1.0,1727614,1.0,7,,0.0,2.0,3.0,A01,138Â 205Â 208,1.0
1012092,201900053623,10,28,14:00,1,1,1,1.0,1.0,09328,1 Route des CÃ´tes,M,"42,7895080","1,6892970",9,2019,80.0,1.0,1.0,2.0,2263289,2.0,2,3,1,5.0,,0.0,0,2000.0,A01,138Â 205Â 208,1.0,-1.0,-1.0,1727613,2.0,17,,0.0,2.0,3.0,B01,138Â 205Â 207,1.0
1012092,201900053623,10,28,14:00,1,1,1,1.0,1.0,09328,1 Route des CÃ´tes,M,"42,7895080","1,6892970",9,2019,80.0,1.0,1.0,2.0,2263289,2.0,2,3,1,5.0,,0.0,0,2000.0,A01,138Â 205Â 208,1.0,-1.0,-1.0,1727614,1.0,7,,0.0,2.0,3.0,A01,138Â 205Â 208,1.0
1012092,201900053623,10,28,14:00,1,1,1,1.0,1.0,09328,1 Route des CÃ´tes,M,"42,7895080","1,6892970",9,2019,80.0,1.0,1.0,2.0,2263290,7.0,2,3,2,5.0,,0.0,0,2001.0,A01,138Â 205Â 208,1.0,-1.0,-1.0,1727613,2.0,17,,0.0,2.0,3.0,B01,138Â 205Â 207,1.0
1012092,201900053623,10,28,14:00,1,1,1,1.0,1.0,09328,1 Route des CÃ´tes,M,"42,7895080","1,6892970",9,2019,80.0,1.0,1.0,2.0,2263290,7.0,2,3,2,5.0,,0.0,0,2001.0,A01,138Â 205Â 208,1.0,-1.0,-1.0,1727614,1.0,7,,0.0,2.0,3.0,A01,138Â 205Â 208,1.0
1012093,201900053624,10,28,16:35,1,2,1,1.0,6.0,60188,21 Rue du Docteur Moussaud,M,"49,4039980","3,0012760",60,2019,50.0,1.0,1.0,2.0,2263291,10.0,3,4,2,0.0,,3.0,3,1969.0,A01,138Â 205Â 205,0.0,-1.0,-1.0,1727615,1.0,33,,0.0,1.0,1.0,A01,138Â 205Â 205,1.0
1012093,201900053624,10,28,16:35,1,2,1,1.0,6.0,60188,21 Rue du Docteur Moussaud,M,"49,4039980","3,0012760",60,2019,50.0,1.0,1.0,2.0,2263292,1.0,1,1,1,1.0,,0.0,0,1972.0,A01,138Â 205Â 205,2.0,6.0,-1.0,1727615,1.0,33,,0.0,1.0,1.0,A01,138Â 205Â 205,1.0
1012094,201900053625,10,26,22:45,3,1,1,2.0,6.0,18230,dÃ©partementale 3,M,"46,6863390","2,2923720",18,2019,80.0,1.0,2.0,3.0,2263293,7.0,2,4,2,0.0,,0.0,0,1990.0,A01,138Â 205Â 204,1.0,-1.0,-1.0,1727616,1.0,7,,13.0,0.0,1.0,A01,138Â 205Â 204,1.0
1012094,201900053625,10,26,22:45,3,1,1,2.0,6.0,18230,dÃ©partementale 3,M,"46,6863390","2,2923720",18,2019,80.0,1.0,2.0,3.0,2263294,2.0,2,4,1,0.0,,0.0,0,1969.0,A01,138Â 205Â 204,1.0,-1.0,-1.0,1727616,1.0,7,,13.0,0.0,1.0,A01,138Â 205Â 204,1.0
1012094,201900053625,10,26,22:45,3,1,1,2.0,6.0,18230,dÃ©partementale 3,M,"46,6863390","2,2923720",18,2019,80.0,1.0,2.0,3.0,2263295,1.0,1,3,1,5.0,,0.0,0,1985.0,A01,138Â 205Â 204,1.0,-1.0,-1.0,1727616,1.0,7,,13.0,0.0,1.0,A01,138Â 205Â 204,1.0
1012094,201900053625,10,26,22:45,3,1,1,2.0,6.0,18230,dÃ©partementale 3,M,"46,6863390","2,2923720",18,2019,80.0,1.0,2.0,3.0,2263296,9.0,2,4,1,0.0,,0.0,0,1987.0,A01,138Â 205Â 204,1.0,-1.0,-1.0,1727616,1.0,7,,13.0,0.0,1.0,A01,138Â 205Â 204,1.0
1012095,201900053626,10,26,11:30,1,1,1,1.0,2.0,10217,D619,M,"48,2519180","4,5678580",10,2019,80.0,1.0,1.0,3.0,2263297,9.0,2,4,2,5.0,,0.0,0,2015.0,B01,138Â 205Â 202,3.0,-1.0,-1.0,1727617,1.0,7,,2.0,2.0,1.0,B01,138Â 205Â 202,0.0
1012095,201900053626,10,26,11:30,1,1,1,1.0,2.0,10217,D619,M,"48,2519180","4,5678580",10,2019,80.0,1.0,1.0,3.0,2263297,9.0,2,4,2,5.0,,0.0,0,2015.0,B01,138Â 205Â 202,3.0,-1.0,-1.0,1727618,1.0,7,,13.0,2.0,4.0,A01,138Â 205Â 203,0.0
1012095,201900053626,10,26,11:30,1,1,1,1.0,2.0,10217,D619,M,"48,2519180","4,5678580",10,2019,80.0,1.0,1.0,3.0,2263298,7.0,2,3,2,5.0,,0.0,0,1956.0,B01,138Â 205Â 202,1.0,-1.0,-1.0,1727617,1.0,7,,2.0,2.0,1.0,B01,138Â 205Â 202,0.0
1012095,201900053626,10,26,11:30,1,1,1,1.0,2.0,10217,D619,M,"48,2519180","4,5678580",10,2019,80.0,1.0,1.0,3.0,2263298,7.0,2,3,2,5.0,,0.0,0,1956.0,B01,138Â 205Â 202,1.0,-1.0,-1.0,1727618,1.0,7,,13.0,2.0,4.0,A01,138Â 205Â 203,0.0
1012095,201900053626,10,26,11:30,1,1,1,1.0,2.0,10217,D619,M,"48,2519180","4,5678580",10,2019,80.0,1.0,1.0,3.0,2263299,1.0,1,4,1,5.0,,0.0,0,1985.0,B01,138Â 205Â 202,1.0,-1.0,-1.0,1727617,1.0,7,,2.0,2.0,1.0,B01,138Â 205Â 202,0.0
1012095,201900053626,10,26,11:30,1,1,1,1.0,2.0,10217,D619,M,"48,2519180","4,5678580",10,2019,80.0,1.0,1.0,3.0,2263299,1.0,1,4,1,5.0,,0.0,0,1985.0,B01,138Â 205Â 202,1.0,-1.0,-1.0,1727618,1.0,7,,13.0,2.0,4.0,A01,138Â 205Â 203,0.0
1012095,201900053626,10,26,11:30,1,1,1,1.0,2.0,10217,D619,M,"48,2519180","4,5678580",10,2019,80.0,1.0,1.0,3.0,2263300,2.0,2,4,2,5.0,,0.0,0,1986.0,B01,138Â 205Â 202,1.0,-1.0,-1.0,1727617,1.0,7,,2.0,2.0,1.0,B01,138Â 205Â 202,0.0
1012095,201900053626,10,26,11:30,1,1,1,1.0,2.0,10217,D619,M,"48,2519180","4,5678580",10,2019,80.0,1.0,1.0,3.0,2263300,2.0,2,4,2,5.0,,0.0,0,1986.0,B01,138Â 205Â 202,1.0,-1.0,-1.0,1727618,1.0,7,,13.0,2.0,4.0,A01,138Â 205Â 203,0.0
1012095,201900053626,10,26,11:30,1,1,1,1.0,2.0,10217,D619,M,"48,2519180","4,5678580",10,2019,80.0,1.0,1.0,3.0,2263301,1.0,1,3,2,5.0,,0.0,0,1978.0,A01,138Â 205Â 203,1.0,-1.0,-1.0,1727617,1.0,7,,2.0,2.0,1.0,B01,138Â 205Â 202,0.0
1012095,201900053626,10,26,11:30,1,1,1,1.0,2.0,10217,D619,M,"48,2519180","4,5678580",10,2019,80.0,1.0,1.0,3.0,2263301,1.0,1,3,2,5.0,,0.0,0,1978.0,A01,138Â 205Â 203,1.0,-1.0,-1.0,1727618,1.0,7,,13.0,2.0,4.0,A01,138Â 205Â 203,0.0
1012095,201900053626,10,26,11:30,1,1,1,1.0,2.0,10217,D619,M,"48,2519180","4,5678580",10,2019,80.0,1.0,1.0,3.0,2263302,2.0,2,4,2,5.0,,0.0,0,1978.0,A01,138Â 205Â 203,1.0,-1.0,-1.0,1727617,1.0,7,,2.0,2.0,1.0,B01,138Â 205Â 202,0.0
1012095,201900053626,10,26,11:30,1,1,1,1.0,2.0,10217,D619,M,"48,2519180","4,5678580",10,2019,80.0,1.0,1.0,3.0,2263302,2.0,2,4,2,5.0,,0.0,0,1978.0,A01,138Â 205Â 203,1.0,-1.0,-1.0,1727618,1.0,7,,13.0,2.0,4.0,A01,138Â 205Â 203,0.0
1012095,201900053626,10,26,11:30,1,1,1,1.0,2.0,10217,D619,M,"48,2519180","4,5678580",10,2019,80.0,1.0,1.0,3.0,2263303,9.0,2,4,2,5.0,,0.0,0,1992.0,A01,138Â 205Â 203,1.0,-1.0,-1.0,1727617,1.0,7,,2.0,2.0,1.0,B01,138Â 205Â 202,0.0
1012095,201900053626,10,26,11:30,1,1,1,1.0,2.0,10217,D619,M,"48,2519180","4,5678580",10,2019,80.0,1.0,1.0,3.0,2263303,9.0,2,4,2,5.0,,0.0,0,1992.0,A01,138Â 205Â 203,1.0,-1.0,-1.0,1727618,1.0,7,,13.0,2.0,4.0,A01,138Â 205Â 203,0.0
1012095,201900053626,10,26,11:30,1,1,1,1.0,2.0,10217,D619,M,"48,2519180","4,5678580",10,2019,80.0,1.0,1.0,3.0,2263304,7.0,2,4,2,5.0,,0.0,0,2016.0,A01,138Â 205Â 203,3.0,-1.0,-1.0,1727617,1.0,7,,2.0,2.0,1.0,B01,138Â 205Â 202,0.0
1012095,201900053626,10,26,11:30,1,1,1,1.0,2.0,10217,D619,M,"48,2519180","4,5678580",10,2019,80.0,1.0,1.0,3.0,2263304,7.0,2,4,2,5.0,,0.0,0,2016.0,A01,138Â 205Â 203,3.0,-1.0,-1.0,1727618,1.0,7,,13.0,2.0,4.0,A01,138Â 205Â 203,0.0
1012096,201900053627,9,23,21:07,3,2,1,1.0,6.0,97611,mamoudzou centre-Manga MKakassi ( rue ),M," -12,7537880","45,2309690",976,2019,50.0,1.0,1.0,4.0,2263305,1.0,1,4,2,0.0,,-1.0,0,1996.0,A01,138Â 205Â 200,2.0,8.0,-1.0,1727619,2.0,30,,0.0,2.0,1.0,A01,138Â 205Â 200,1.0