Unnamed: 0_x,num_acc,mois,jour,hrmn,lum,agg,int,atm,col,com,adr,gps,lat,long,dep,annee,vma,situ,surf,catr,Unnamed: 0_y,place,catu,grav,sexe,trajet,secu,locp,actp,an_nais,num_veh_x,id_vehicule_x,secu1,secu2,secu3,Unnamed: 0,senc,catv,occutc,obs,obsm,choc,num_veh_y,id_vehicule_y,motor
1012096,201900053627,9,23,21:07,3,2,1,1.0,6.0,97611,mamoudzou centre-Manga MKakassi ( rue ),M," -12,7537880","45,2309690",976,2019,50.0,1.0,1.0,4.0,2263305,1.0,1,4,2,0.0,,-1.0,0,1996.0,A01,138Â 205Â 200,2.0,8.0,-1.0,1727620,1.0,7,,0.0,2.0,1.0,B01,138Â 205Â 206,1.0
1012097,201900053628,10,26,16:30,1,1,1,1.0,1.0,36204,,M,"46,7731166","1,2252994",36,2019,80.0,1.0,1.0,3.0,2263306,2.0,2,4,2,9.0,,0.0,0,1984.0,B01,138Â 205Â 199,1.0,-1.0,-1.0,1727621,1.0,7,,0.0,2.0,1.0,B01,138Â 205Â 199,1.0
1012097,201900053628,10,26,16:30,1,1,1,1.0,1.0,36204,,M,"46,7731166","1,2252994",36,2019,80.0,1.0,1.0,3.0,2263306,2.0,2,4,2,9.0,,0.0,0,1984.0,B01,138Â 205Â 199,1.0,-1.0,-1.0,1727622,2.0,3,,0.0,2.0,1.0,A01,138Â 205Â 201,1.0
1012097,201900053628,10,26,16:30,1,1,1,1.0,1.0,36204,,M,"46,7731166","1,2252994",36,2019,80.0,1.0,1.0,3.0,2263307,1.0,1,1,1,9.0,,0.0,0,1984.0,B01,138Â 205Â 199,1.0,-1.0,-1.0,1727621,1.0,7,,0.0,2.0,1.0,B01,138Â 205Â 199,1.0
1012097,201900053628,10,26,16:30,1,1,1,1.0,1.0,36204,,M,"46,7731166","1,2252994",36,2019,80.0,1.0,1.0,3.0,2263307,1.0,1,1,1,9.0,,0.0,0,1984.0,B01,138Â 205Â 199,1.0,-1.0,-1.0,1727622,2.0,3,,0.0,2.0,1.0,A01,138Â 205Â 201,1.0
1012097,201900053628,10,26,16:30,1,1,1,1.0,1.0,36204,,M,"46,7731166","1,2252994",36,2019,80.0,1.0,1.0,3.0,2263308,1.0,1,2,1,5.0,,0.0,0,1966.0,A01,138Â 205Â 201,1.0,-1.0,-1.0,1727621,1.0,7,,0.0,2.0,1.0,B01,138Â 205Â 199,1.0
1012097,201900053628,10,26,16:30,1,1,1,1.0,1.0,36204,,M,"46,7731166","1,2252994",36,2019,80.0,1.0,1.0,3.0,2263308,1.0,1,2,1,5.0,,0.0,0,1966.0,A01,138Â 205Â 201,1.0,-1.0,-1.0,1727622,2.0,3,,0.0,2.0,1.0,A01,138Â 205Â 201,1.0
1012098,201900053629,9,23,07:45,1,1,1,1.0,4.0,97416,RN03,M," -21,3042700","55,4278300",974,2019,90.0,1.0,1.0,2.0,2263309,1.0,1,1,1,1.0,,-1.0, -1,1979.0,A01,138Â 205Â 193,1.0,0.0,-1.0,1727623,3.0,7,,0.0,2.0,1.0,A01,138Â 205Â 193,1.0
1012098,201900053629,9,23,07:45,1,1,1,1.0,4.0,97416,RN03,M," -21,3042700","55,4278300",974,2019,90.0,1.0,1.0,2.0,2263309,1.0,1,1,1,1.0,,-1.0, -1,1979.0,A01,138Â 205Â 193,1.0,0.0,-1.0,1727624,3.0,7,,0.0,0.0,4.0,B01,138Â 205Â 195,1.0
1012098,201900053629,9,23,07:45,1,1,1,1.0,4.0,97416,RN03,M," -21,3042700","55,4278300",974,2019,90.0,1.0,1.0,2.0,2263309,1.0,1,1,1,1.0,,-1.0, -1,1979.0,A01,138Â 205Â 193,1.0,0.0,-1.0,1727625,3.0,7,,0.0,0.0,4.0,C01,138Â 205Â 197,1.0
1012098,201900053629,9,23,07:45,1,1,1,1.0,4.0,97416,RN03,M," -21,3042700","55,4278300",974,2019,90.0,1.0,1.0,2.0,2263309,1.0,1,1,1,1.0,,-1.0, -1,1979.0,A01,138Â 205Â 193,1.0,0.0,-1.0,1727626,3.0,7,,0.0,0.0,4.0,D01,138Â 205Â 198,0.0
1012098,201900053629,9,23,07:45,1,1,1,1.0,4.0,97416,RN03,M," -21,3042700","55,4278300",974,2019,90.0,1.0,1.0,2.0,2263310,1.0,1,4,1,9.0,,-1.0, -1,1966.0,B01,138Â 205Â 195,1.0,0.0,-1.0,1727623,3.0,7,,0.0,2.0,1.0,A01,138Â 205Â 193,1.0
1012098,201900053629,9,23,07:45,1,1,1,1.0,4.0,97416,RN03,M," -21,3042700","55,4278300",974,2019,90.0,1.0,1.0,2.0,2263310,1.0,1,4,1,9.0,,-1.0, -1,1966.0,B01,138Â 205Â 195,1.0,0.0,-1.0,1727624,3.0,7,,0.0,0.0,4.0,B01,138Â 205Â 195,1.0
1012098,201900053629,9,23,07:45,1,1,1,1.0,4.0,97416,RN03,M," -21,3042700","55,4278300",974,2019,90.0,1.0,1.0,2.0,2263310,1.0,1,4,1,9.0,,-1.0, -1,1966.0,B01,138Â 205Â 195,1.0,0.0,-1.0,1727625,3.0,7,,0.0,0.0,4.0,C01,138Â 205Â 197,1.0
1012098,201900053629,9,23,07:45,1,1,1,1.0,4.0,97416,RN03,M," -21,3042700","55,4278300",974,2019,90.0,1.0,1.0,2.0,2263310,1.0,1,4,1,9.0,,-1.0, -1,1966.0,B01,138Â 205Â 195,1.0,0.0,-1.0,1727626,3.0,7,,0.0,0.0,4.0,D01,138Â 205Â 198,0.0
1012098,201900053629,9,23,07:45,1,1,1,1.0,4.0,97416,RN03,M," -21,3042700","55,4278300",974,2019,90.0,1.0,1.0,2.0,2263311,1.0,1,4,2,1.0,,-1.0, -1,1985.0,C01,138Â 205Â 197,1.0,0.0,-1.0,1727623,3.0,7,,0.0,2.0,1.0,A01,138Â 205Â 193,1.0
1012098,201900053629,9,23,07:45,1,1,1,1.0,4.0,97416,RN03,M," -21,3042700","55,4278300",974,2019,90.0,1.0,1.0,2.0,2263311,1.0,1,4,2,1.0,,-1.0, -1,1985.0,C01,138Â 205Â 197,1.0,0.0,-1.0,1727624,3.0,7,,0.0,0.0,4.0,B01,138Â 205Â 195,1.0
1012098,201900053629,9,23,07:45,1,1,1,1.0,4.0,97416,RN03,M," -21,3042700","55,4278300",974,2019,90.0,1.0,1.0,2.0,2263311,1.0,1,4,2,1.0,,-1.0, -1,1985.0,C01,138Â 205Â 197,1.0,0.0,-1.0,1727625,3.0,7,,0.0,0.0,4.0,C01,138Â 205Â 197,1.0
1012098,201900053629,9,23,07:45,1,1,1,1.0,4.0,97416,RN03,M," -21,3042700","55,4278300",974,2019,90.0,1.0,1.0,2.0,2263311,1.0,1,4,2,1.0,,-1.0, -1,1985.0,C01,138Â 205Â 197,1.0,0.0,-1.0,1727626,3.0,7,,0.0,0.0,4.0,D01,138Â 205Â 198,0.0
1012098,201900053629,9,23,07:45,1,1,1,1.0,4.0,97416,RN03,M," -21,3042700","55,4278300",974,2019,90.0,1.0,1.0,2.0,2263312,1.0,1,1,1,1.0,,-1.0,0,1984.0,D01,138Â 205Â 198,1.0,0.0,-1.0,1727623,3.0,7,,0.0,2.0,1.0,A01,138Â 205Â 193,1.0
1012098,201900053629,9,23,07:45,1,1,1,1.0,4.0,97416,RN03,M," -21,3042700","55,4278300",974,2019,90.0,1.0,1.0,2.0,2263312,1.0,1,1,1,1.0,,-1.0,0,1984.0,D01,138Â 205Â 198,1.0,0.0,-1.0,1727624,3.0,7,,0.0,0.0,4.0,B01,138Â 205Â 195,1.0
1012098,201900053629,9,23,07:45,1,1,1,1.0,4.0,97416,RN03,M," -21,3042700","55,4278300",974,2019,90.0,1.0,1.0,2.0,2263312,1.0,1,1,1,1.0,,-1.0,0,1984.0,D01,138Â 205Â 198,1.0,0.0,-1.0,1727625,3.0,7,,0.0,0.0,4.0,C01,138Â 205Â 197,1.0
1012098,201900053629,9,23,07:45,1,1,1,1.0,4.0,97416,RN03,M," -21,3042700","55,4278300",974,2019,90.0,1.0,1.0,2.0,2263312,1.0,1,1,1,1.0,,-1.0,0,1984.0,D01,138Â 205Â 198,1.0,0.0,-1.0,1727626,3.0,7,,0.0,0.0,4.0,D01,138Â 205Â 198,0.0
1012099,201900053630,10,28,14:50,1,1,1,1.0,1.0,16272,Le Bois Ronde,M,"45,8712470","0,1970680",16,2019,80.0,1.0,1.0,3.0,2263313,1.0,1,1,2,3.0,,0.0,0,1936.0,B01,138Â 205Â 194,1.0,-1.0,-1.0,1727627,1.0,7,,0.0,2.0,3.0,B01,138Â 205Â 194,1.0
1012099,201900053630,10,28,14:50,1,1,1,1.0,1.0,16272,Le Bois Ronde,M,"45,8712470","0,1970680",16,2019,80.0,1.0,1.0,3.0,2263313,1.0,1,1,2,3.0,,0.0,0,1936.0,B01,138Â 205Â 194,1.0,-1.0,-1.0,1727628,2.0,7,,0.0,2.0,3.0,A01,138Â 205Â 196,1.0
1012099,201900053630,10,28,14:50,1,1,1,1.0,1.0,16272,Le Bois Ronde,M,"45,8712470","0,1970680",16,2019,80.0,1.0,1.0,3.0,2263314,1.0,1,3,2,3.0,,0.0,0,2001.0,A01,138Â 205Â 196,1.0,-1.0,-1.0,1727627,1.0,7,,0.0,2.0,3.0,B01,138Â 205Â 194,1.0
1012099,201900053630,10,28,14:50,1,1,1,1.0,1.0,16272,Le Bois Ronde,M,"45,8712470","0,1970680",16,2019,80.0,1.0,1.0,3.0,2263314,1.0,1,3,2,3.0,,0.0,0,2001.0,A01,138Â 205Â 196,1.0,-1.0,-1.0,1727628,2.0,7,,0.0,2.0,3.0,A01,138Â 205Â 196,1.0
1012100,201900053631,10,27,21:15,3,1,1,2.0,6.0,16065,Lieu-dit la Boule d'Or,M,"46,0777140","0,7494610",16,2019,80.0,3.0,2.0,3.0,2263315,1.0,1,3,1,1.0,,0.0,0,1970.0,A01,138Â 205Â 191,1.0,-1.0,-1.0,1727629,1.0,7,,2.0,0.0,1.0,A01,138Â 205Â 191,1.0
1012101,201900053632,10,27,18:20,3,1,1,1.0,6.0,40221,D1,M,"43,8718980"," -0,2521600",40,2019,80.0,8.0,1.0,3.0,2263316,1.0,1,3,1,5.0,,0.0,0,1990.0,A01,138Â 205Â 189,8.0,-1.0,-1.0,1727630,1.0,7,,13.0,0.0,0.0,A01,138Â 205Â 189,1.0
1012102,201900053633,10,27,11:53,1,1,1,2.0,6.0,37050,Avenue de l'Hommelaie,M,"47,3305451","0,7195416",37,2019,50.0,3.0,2.0,7.0,2263317,1.0,1,3,1,0.0,,0.0,0,2000.0,A01,138Â 205Â 188,1.0,-1.0,-1.0,1727631,0.0,7,,3.0,0.0,3.0,A01,138Â 205Â 188,1.0
1012103,201900053634,10,17,06:50,3,1,1,1.0,6.0,01151,Druillat,M,"46,0758260","5,3059810",1,2019,130.0,1.0,1.0,1.0,2263318,1.0,1,1,1,5.0,,0.0,0,1944.0,C01,138Â 205Â 185,1.0,-1.0,-1.0,1727632,2.0,7,,14.0,0.0,3.0,C01,138Â 205Â 185,1.0
1012103,201900053634,10,17,06:50,3,1,1,1.0,6.0,01151,Druillat,M,"46,0758260","5,3059810",1,2019,130.0,1.0,1.0,1.0,2263318,1.0,1,1,1,5.0,,0.0,0,1944.0,C01,138Â 205Â 185,1.0,-1.0,-1.0,1727633,2.0,7,,14.0,0.0,2.0,B01,138Â 205Â 186,1.0
1012103,201900053634,10,17,06:50,3,1,1,1.0,6.0,01151,Druillat,M,"46,0758260","5,3059810",1,2019,130.0,1.0,1.0,1.0,2263318,1.0,1,1,1,5.0,,0.0,0,1944.0,C01,138Â 205Â 185,1.0,-1.0,-1.0,1727634,2.0,7,,14.0,0.0,3.0,A01,138Â 205Â 187,1.0
1012103,201900053634,10,17,06:50,3,1,1,1.0,6.0,01151,Druillat,M,"46,0758260","5,3059810",1,2019,130.0,1.0,1.0,1.0,2263319,1.0,1,4,1,1.0,,0.0,0,1980.0,B01,138Â 205Â 186,1.0,-1.0,-1.0,1727632,2.0,7,,14.0,0.0,3.0,C01,138Â 205Â 185,1.0
1012103,201900053634,10,17,06:50,3,1,1,1.0,6.0,01151,Druillat,M,"46,0758260","5,3059810",1,2019,130.0,1.0,1.0,1.0,2263319,1.0,1,4,1,1.0,,0.0,0,1980.0,B01,138Â 205Â 186,1.0,-1.0,-1.0,1727633,2.0,7,,14.0,0.0,2.0,B01,138Â 205Â 186,1.0
1012103,201900053634,10,17,06:50,3,1,1,1.0,6.0,01151,Druillat,M,"46,0758260","5,3059810",1,2019,130.0,1.0,1.0,1.0,2263319,1.0,1,4,1,1.0,,0.0,0,1980.0,B01,138Â 205Â 186,1.0,-1.0,-1.0,1727634,2.0,7,,14.0,0.0,3.0,A01,138Â 205Â 187,1.0
1012103,201900053634,10,17,06:50,3,1,1,1.0,6.0,01151,Druillat,M,"46,0758260","5,3059810",1,2019,130.0,1.0,1.0,1.0,2263320,1.0,1,1,1,1.0,,0.0,0,1973.0,A01,138Â 205Â 187,1.0,-1.0,-1.0,1727632,2.0,7,,14.0,0.0,3.0,C01,138Â 205Â 185,1.0
1012103,201900053634,10,17,06:50,3,1,1,1.0,6.0,01151,Druillat,M,"46,0758260","5,3059810",1,2019,130.0,1.0,1.0,1.0,2263320,1.0,1,1,1,1.0,,0.0,0,1973.0,A01,138Â 205Â 187,1.0,-1.0,-1.0,1727633,2.0,7,,14.0,0.0,2.0,B01,138Â 205Â 186,1.0
1012103,201900053634,10,17,06:50,3,1,1,1.0,6.0,01151,Druillat,M,"46,0758260","5,3059810",1,2019,130.0,1.0,1.0,1.0,2263320,1.0,1,1,1,1.0,,0.0,0,1973.0,A01,138Â 205Â 187,1.0,-1.0,-1.0,1727634,2.0,7,,14.0,0.0,3.0,A01,138Â 205Â 187,1.0
1012104,201900053635,10,22,13:49,1,1,1,1.0,1.0,86286,D347,M,"46,8845450","0,1402690",86,2019,80.0,1.0,1.0,3.0,2263321,1.0,1,2,1,0.0,,0.0,0,1962.0,A01,138Â 205Â 183,1.0,-1.0,-1.0,1727635,1.0,7,,0.0,2.0,1.0,A01,138Â 205Â 183,1.0
1012104,201900053635,10,22,13:49,1,1,1,1.0,1.0,86286,D347,M,"46,8845450","0,1402690",86,2019,80.0,1.0,1.0,3.0,2263321,1.0,1,2,1,0.0,,0.0,0,1962.0,A01,138Â 205Â 183,1.0,-1.0,-1.0,1727636,2.0,17,,0.0,2.0,3.0,B01,138Â 205Â 184,1.0
1012104,201900053635,10,22,13:49,1,1,1,1.0,1.0,86286,D347,M,"46,8845450","0,1402690",86,2019,80.0,1.0,1.0,3.0,2263322,1.0,1,1,1,4.0,,0.0,0,1969.0,B01,138Â 205Â 184,1.0,-1.0,-1.0,1727635,1.0,7,,0.0,2.0,1.0,A01,138Â 205Â 183,1.0
1012104,201900053635,10,22,13:49,1,1,1,1.0,1.0,86286,D347,M,"46,8845450","0,1402690",86,2019,80.0,1.0,1.0,3.0,2263322,1.0,1,1,1,4.0,,0.0,0,1969.0,B01,138Â 205Â 184,1.0,-1.0,-1.0,1727636,2.0,17,,0.0,2.0,3.0,B01,138Â 205Â 184,1.0
1012105,201900053636,9,23,18:08,1,2,1,1.0,6.0,97302,14 ET 22 JUIN 1962,M,"4,9336678"," -52,3270494",973,2019,50.0,1.0,1.0,4.0,2263323,10.0,3,4,1,5.0,,2.0,5,2006.0,Z01,138Â 205Â 190,8.0,0.0,-1.0,1727637,0.0,2,,0.0,1.0,0.0,Z01,138Â 205Â 190,1.0
1012106,201900053637,9,23,12:28,1,2,1,1.0,6.0,97302,MIRZA (CITE),M,"4,9329500"," -52,3224500",973,2019,30.0,2.0,1.0,4.0,2263324,10.0,3,4,1,0.0,,0.0,1,1994.0,A01,138Â 205Â 179,8.0,0.0,-1.0,1727638,1.0,30,,0.0,1.0,1.0,A01,138Â 205Â 179,1.0
1012107,201900053638,10,21,20:25,3,1,2,5.0,4.0,86274,RD347-RD49,M,"47,0627150","0,0169730",86,2019,80.0,1.0,1.0,3.0,2263325,1.0,1,4,1,4.0,,0.0,0,1991.0,F01,138Â 205Â 176,1.0,-1.0,-1.0,1727639,1.0,15,,1.0,0.0,1.0,F01,138Â 205Â 176,0.0
1012107,201900053638,10,21,20:25,3,1,2,5.0,4.0,86274,RD347-RD49,M,"47,0627150","0,0169730",86,2019,80.0,1.0,1.0,3.0,2263325,1.0,1,4,1,4.0,,0.0,0,1991.0,F01,138Â 205Â 176,1.0,-1.0,-1.0,1727640,1.0,15,,1.0,0.0,1.0,E01,138Â 205Â 177,0.0
1012107,201900053638,10,21,20:25,3,1,2,5.0,4.0,86274,RD347-RD49,M,"47,0627150","0,0169730",86,2019,80.0,1.0,1.0,3.0,2263325,1.0,1,4,1,4.0,,0.0,0,1991.0,F01,138Â 205Â 176,1.0,-1.0,-1.0,1727641,1.0,15,,1.0,0.0,4.0,D01,138Â 205Â 178,0.0
1012107,201900053638,10,21,20:25,3,1,2,5.0,4.0,86274,RD347-RD49,M,"47,0627150","0,0169730",86,2019,80.0,1.0,1.0,3.0,2263325,1.0,1,4,1,4.0,,0.0,0,1991.0,F01,138Â 205Â 176,1.0,-1.0,-1.0,1727642,1.0,15,,0.0,0.0,4.0,C01,138Â 205Â 180,0.0
1012107,201900053638,10,21,20:25,3,1,2,5.0,4.0,86274,RD347-RD49,M,"47,0627150","0,0169730",86,2019,80.0,1.0,1.0,3.0,2263325,1.0,1,4,1,4.0,,0.0,0,1991.0,F01,138Â 205Â 176,1.0,-1.0,-1.0,1727643,1.0,7,,1.0,0.0,1.0,B01,138Â 205Â 181,0.0
1012107,201900053638,10,21,20:25,3,1,2,5.0,4.0,86274,RD347-RD49,M,"47,0627150","0,0169730",86,2019,80.0,1.0,1.0,3.0,2263325,1.0,1,4,1,4.0,,0.0,0,1991.0,F01,138Â 205Â 176,1.0,-1.0,-1.0,1727644,1.0,7,,0.0,0.0,4.0,A01,138Â 205Â 182,0.0
1012107,201900053638,10,21,20:25,3,1,2,5.0,4.0,86274,RD347-RD49,M,"47,0627150","0,0169730",86,2019,80.0,1.0,1.0,3.0,2263326,1.0,1,4,2,4.0,,0.0,0,1979.0,E01,138Â 205Â 177,1.0,-1.0,-1.0,1727639,1.0,15,,1.0,0.0,1.0,F01,138Â 205Â 176,0.0
1012107,201900053638,10,21,20:25,3,1,2,5.0,4.0,86274,RD347-RD49,M,"47,0627150","0,0169730",86,2019,80.0,1.0,1.0,3.0,2263326,1.0,1,4,2,4.0,,0.0,0,1979.0,E01,138Â 205Â 177,1.0,-1.0,-1.0,1727640,1.0,15,,1.0,0.0,1.0,E01,138Â 205Â 177,0.0
1012107,201900053638,10,21,20:25,3,1,2,5.0,4.0,86274,RD347-RD49,M,"47,0627150","0,0169730",86,2019,80.0,1.0,1.0,3.0,2263326,1.0,1,4,2,4.0,,0.0,0,1979.0,E01,138Â 205Â 177,1.0,-1.0,-1.0,1727641,1.0,15,,1.0,0.0,4.0,D01,138Â 205Â 178,0.0
1012107,201900053638,10,21,20:25,3,1,2,5.0,4.0,86274,RD347-RD49,M,"47,0627150","0,0169730",86,2019,80.0,1.0,1.0,3.0,2263326,1.0,1,4,2,4.0,,0.0,0,1979.0,E01,138Â 205Â 177,1.0,-1.0,-1.0,1727642,1.0,15,,0.0,0.0,4.0,C01,138Â 205Â 180,0.0
1012107,201900053638,10,21,20:25,3,1,2,5.0,4.0,86274,RD347-RD49,M,"47,0627150","0,0169730",86,2019,80.0,1.0,1.0,3.0,2263326,1.0,1,4,2,4.0,,0.0,0,1979.0,E01,138Â 205Â 177,1.0,-1.0,-1.0,1727643,1.0,7,,1.0,0.0,1.0,B01,138Â 205Â 181,0.0
1012107,201900053638,10,21,20:25,3,1,2,5.0,4.0,86274,RD347-RD49,M,"47,0627150","0,0169730",86,2019,80.0,1.0,1.0,3.0,2263326,1.0,1,4,2,4.0,,0.0,0,1979.0,E01,138Â 205Â 177,1.0,-1.0,-1.0,1727644,1.0,7,,0.0,0.0,4.0,A01,138Â 205Â 182,0.0
1012107,201900053638,10,21,20:25,3,1,2,5.0,4.0,86274,RD347-RD49,M,"47,0627150","0,0169730",86,2019,80.0,1.0,1.0,3.0,2263327,1.0,1,4,1,4.0,,0.0,0,1971.0,D01,138Â 205Â 178,1.0,-1.0,-1.0,1727639,1.0,15,,1.0,0.0,1.0,F01,138Â 205Â 176,0.0
1012107,201900053638,10,21,20:25,3,1,2,5.0,4.0,86274,RD347-RD49,M,"47,0627150","0,0169730",86,2019,80.0,1.0,1.0,3.0,2263327,1.0,1,4,1,4.0,,0.0,0,1971.0,D01,138Â 205Â 178,1.0,-1.0,-1.0,1727640,1.0,15,,1.0,0.0,1.0,E01,138Â 205Â 177,0.0
1012107,201900053638,10,21,20:25,3,1,2,5.0,4.0,86274,RD347-RD49,M,"47,0627150","0,0169730",86,2019,80.0,1.0,1.0,3.0,2263327,1.0,1,4,1,4.0,,0.0,0,1971.0,D01,138Â 205Â 178,1.0,-1.0,-1.0,1727641,1.0,15,,1.0,0.0,4.0,D01,138Â 205Â 178,0.0
1012107,201900053638,10,21,20:25,3,1,2,5.0,4.0,86274,RD347-RD49,M,"47,0627150","0,0169730",86,2019,80.0,1.0,1.0,3.0,2263327,1.0,1,4,1,4.0,,0.0,0,1971.0,D01,138Â 205Â 178,1.0,-1.0,-1.0,1727642,1.0,15,,0.0,0.0,4.0,C01,138Â 205Â 180,0.0
1012107,201900053638,10,21,20:25,3,1,2,5.0,4.0,86274,RD347-RD49,M,"47,0627150","0,0169730",86,2019,80.0,1.0,1.0,3.0,2263327,1.0,1,4,1,4.0,,0.0,0,1971.0,D01,138Â 205Â 178,1.0,-1.0,-1.0,1727643,1.0,7,,1.0,0.0,1.0,B01,138Â 205Â 181,0.0
1012107,201900053638,10,21,20:25,3,1,2,5.0,4.0,86274,RD347-RD49,M,"47,0627150","0,0169730",86,2019,80.0,1.0,1.0,3.0,2263327,1.0,1,4,1,4.0,,0.0,0,1971.0,D01,138Â 205Â 178,1.0,-1.0,-1.0,1727644,1.0,7,,0.0,0.0,4.0,A01,138Â 205Â 182,0.0
1012107,201900053638,10,21,20:25,3,1,2,5.0,4.0,86274,RD347-RD49,M,"47,0627150","0,0169730",86,2019,80.0,1.0,1.0,3.0,2263328,1.0,1,1,1,4.0,,0.0,0,1983.0,C01,138Â 205Â 180,1.0,-1.0,-1.0,1727639,1.0,15,,1.0,0.0,1.0,F01,138Â 205Â 176,0.0
1012107,201900053638,10,21,20:25,3,1,2,5.0,4.0,86274,RD347-RD49,M,"47,0627150","0,0169730",86,2019,80.0,1.0,1.0,3.0,2263328,1.0,1,1,1,4.0,,0.0,0,1983.0,C01,138Â 205Â 180,1.0,-1.0,-1.0,1727640,1.0,15,,1.0,0.0,1.0,E01,138Â 205Â 177,0.0
1012107,201900053638,10,21,20:25,3,1,2,5.0,4.0,86274,RD347-RD49,M,"47,0627150","0,0169730",86,2019,80.0,1.0,1.0,3.0,2263328,1.0,1,1,1,4.0,,0.0,0,1983.0,C01,138Â 205Â 180,1.0,-1.0,-1.0,1727641,1.0,15,,1.0,0.0,4.0,D01,138Â 205Â 178,0.0
1012107,201900053638,10,21,20:25,3,1,2,5.0,4.0,86274,RD347-RD49,M,"47,0627150","0,0169730",86,2019,80.0,1.0,1.0,3.0,2263328,1.0,1,1,1,4.0,,0.0,0,1983.0,C01,138Â 205Â 180,1.0,-1.0,-1.0,1727642,1.0,15,,0.0,0.0,4.0,C01,138Â 205Â 180,0.0
1012107,201900053638,10,21,20:25,3,1,2,5.0,4.0,86274,RD347-RD49,M,"47,0627150","0,0169730",86,2019,80.0,1.0,1.0,3.0,2263328,1.0,1,1,1,4.0,,0.0,0,1983.0,C01,138Â 205Â 180,1.0,-1.0,-1.0,1727643,1.0,7,,1.0,0.0,1.0,B01,138Â 205Â 181,0.0
1012107,201900053638,10,21,20:25,3,1,2,5.0,4.0,86274,RD347-RD49,M,"47,0627150","0,0169730",86,2019,80.0,1.0,1.0,3.0,2263328,1.0,1,1,1,4.0,,0.0,0,1983.0,C01,138Â 205Â 180,1.0,-1.0,-1.0,1727644,1.0,7,,0.0,0.0,4.0,A01,138Â 205Â 182,0.0
1012107,201900053638,10,21,20:25,3,1,2,5.0,4.0,86274,RD347-RD49,M,"47,0627150","0,0169730",86,2019,80.0,1.0,1.0,3.0,2263329,2.0,2,3,1,5.0,,0.0,0,1956.0,B01,138Â 205Â 181,1.0,-1.0,-1.0,1727639,1.0,15,,1.0,0.0,1.0,F01,138Â 205Â 176,0.0
1012107,201900053638,10,21,20:25,3,1,2,5.0,4.0,86274,RD347-RD49,M,"47,0627150","0,0169730",86,2019,80.0,1.0,1.0,3.0,2263329,2.0,2,3,1,5.0,,0.0,0,1956.0,B01,138Â 205Â 181,1.0,-1.0,-1.0,1727640,1.0,15,,1.0,0.0,1.0,E01,138Â 205Â 177,0.0
1012107,201900053638,10,21,20:25,3,1,2,5.0,4.0,86274,RD347-RD49,M,"47,0627150","0,0169730",86,2019,80.0,1.0,1.0,3.0,2263329,2.0,2,3,1,5.0,,0.0,0,1956.0,B01,138Â 205Â 181,1.0,-1.0,-1.0,1727641,1.0,15,,1.0,0.0,4.0,D01,138Â 205Â 178,0.0
1012107,201900053638,10,21,20:25,3,1,2,5.0,4.0,86274,RD347-RD49,M,"47,0627150","0,0169730",86,2019,80.0,1.0,1.0,3.0,2263329,2.0,2,3,1,5.0,,0.0,0,1956.0,B01,138Â 205Â 181,1.0,-1.0,-1.0,1727642,1.0,15,,0.0,0.0,4.0,C01,138Â 205Â 180,0.0
1012107,201900053638,10,21,20:25,3,1,2,5.0,4.0,86274,RD347-RD49,M,"47,0627150","0,0169730",86,2019,80.0,1.0,1.0,3.0,2263329,2.0,2,3,1,5.0,,0.0,0,1956.0,B01,138Â 205Â 181,1.0,-1.0,-1.0,1727643,1.0,7,,1.0,0.0,1.0,B01,138Â 205Â 181,0.0
1012107,201900053638,10,21,20:25,3,1,2,5.0,4.0,86274,RD347-RD49,M,"47,0627150","0,0169730",86,2019,80.0,1.0,1.0,3.0,2263329,2.0,2,3,1,5.0,,0.0,0,1956.0,B01,138Â 205Â 181,1.0,-1.0,-1.0,1727644,1.0,7,,0.0,0.0,4.0,A01,138Â 205Â 182,0.0
1012107,201900053638,10,21,20:25,3,1,2,5.0,4.0,86274,RD347-RD49,M,"47,0627150","0,0169730",86,2019,80.0,1.0,1.0,3.0,2263330,2.0,2,3,1,5.0,,0.0,0,1961.0,B01,138Â 205Â 181,1.0,-1.0,-1.0,1727639,1.0,15,,1.0,0.0,1.0,F01,138Â 205Â 176,0.0
1012107,201900053638,10,21,20:25,3,1,2,5.0,4.0,86274,RD347-RD49,M,"47,0627150","0,0169730",86,2019,80.0,1.0,1.0,3.0,2263330,2.0,2,3,1,5.0,,0.0,0,1961.0,B01,138Â 205Â 181,1.0,-1.0,-1.0,1727640,1.0,15,,1.0,0.0,1.0,E01,138Â 205Â 177,0.0
1012107,201900053638,10,21,20:25,3,1,2,5.0,4.0,86274,RD347-RD49,M,"47,0627150","0,0169730",86,2019,80.0,1.0,1.0,3.0,2263330,2.0,2,3,1,5.0,,0.0,0,1961.0,B01,138Â 205Â 181,1.0,-1.0,-1.0,1727641,1.0,15,,1.0,0.0,4.0,D01,138Â 205Â 178,0.0
1012107,201900053638,10,21,20:25,3,1,2,5.0,4.0,86274,RD347-RD49,M,"47,0627150","0,0169730",86,2019,80.0,1.0,1.0,3.0,2263330,2.0,2,3,1,5.0,,0.0,0,1961.0,B01,138Â 205Â 181,1.0,-1.0,-1.0,1727642,1.0,15,,0.0,0.0,4.0,C01,138Â 205Â 180,0.0
1012107,201900053638,10,21,20:25,3,1,2,5.0,4.0,86274,RD347-RD49,M,"47,0627150","0,0169730",86,2019,80.0,1.0,1.0,3.0,2263330,2.0,2,3,1,5.0,,0.0,0,1961.0,B01,138Â 205Â 181,1.0,-1.0,-1.0,1727643,1.0,7,,1.0,0.0,1.0,B01,138Â 205Â 181,0.0