Unnamed: 0_x,num_acc,mois,jour,hrmn,lum,agg,int,atm,col,com,adr,gps,lat,long,dep,annee,vma,situ,surf,catr,Unnamed: 0_y,place,catu,grav,sexe,trajet,secu,locp,actp,an_nais,num_veh_x,id_vehicule_x,secu1,secu2,secu3,Unnamed: 0,senc,catv,occutc,obs,obsm,choc,num_veh_y,id_vehicule_y,motor
1012107,201900053638,10,21,20:25,3,1,2,5.0,4.0,86274,RD347-RD49,M,"47,0627150","0,0169730",86,2019,80.0,1.0,1.0,3.0,2263330,2.0,2,3,1,5.0,,0.0,0,1961.0,B01,138Â 205Â 181,1.0,-1.0,-1.0,1727644,1.0,7,,0.0,0.0,4.0,A01,138Â 205Â 182,0.0
1012107,201900053638,10,21,20:25,3,1,2,5.0,4.0,86274,RD347-RD49,M,"47,0627150","0,0169730",86,2019,80.0,1.0,1.0,3.0,2263331,1.0,1,4,2,5.0,,0.0,0,1967.0,B01,138Â 205Â 181,1.0,-1.0,-1.0,1727639,1.0,15,,1.0,0.0,1.0,F01,138Â 205Â 176,0.0
1012107,201900053638,10,21,20:25,3,1,2,5.0,4.0,86274,RD347-RD49,M,"47,0627150","0,0169730",86,2019,80.0,1.0,1.0,3.0,2263331,1.0,1,4,2,5.0,,0.0,0,1967.0,B01,138Â 205Â 181,1.0,-1.0,-1.0,1727640,1.0,15,,1.0,0.0,1.0,E01,138Â 205Â 177,0.0
1012107,201900053638,10,21,20:25,3,1,2,5.0,4.0,86274,RD347-RD49,M,"47,0627150","0,0169730",86,2019,80.0,1.0,1.0,3.0,2263331,1.0,1,4,2,5.0,,0.0,0,1967.0,B01,138Â 205Â 181,1.0,-1.0,-1.0,1727641,1.0,15,,1.0,0.0,4.0,D01,138Â 205Â 178,0.0
1012107,201900053638,10,21,20:25,3,1,2,5.0,4.0,86274,RD347-RD49,M,"47,0627150","0,0169730",86,2019,80.0,1.0,1.0,3.0,2263331,1.0,1,4,2,5.0,,0.0,0,1967.0,B01,138Â 205Â 181,1.0,-1.0,-1.0,1727642,1.0,15,,0.0,0.0,4.0,C01,138Â 205Â 180,0.0
1012107,201900053638,10,21,20:25,3,1,2,5.0,4.0,86274,RD347-RD49,M,"47,0627150","0,0169730",86,2019,80.0,1.0,1.0,3.0,2263331,1.0,1,4,2,5.0,,0.0,0,1967.0,B01,138Â 205Â 181,1.0,-1.0,-1.0,1727643,1.0,7,,1.0,0.0,1.0,B01,138Â 205Â 181,0.0
1012107,201900053638,10,21,20:25,3,1,2,5.0,4.0,86274,RD347-RD49,M,"47,0627150","0,0169730",86,2019,80.0,1.0,1.0,3.0,2263331,1.0,1,4,2,5.0,,0.0,0,1967.0,B01,138Â 205Â 181,1.0,-1.0,-1.0,1727644,1.0,7,,0.0,0.0,4.0,A01,138Â 205Â 182,0.0
1012107,201900053638,10,21,20:25,3,1,2,5.0,4.0,86274,RD347-RD49,M,"47,0627150","0,0169730",86,2019,80.0,1.0,1.0,3.0,2263332,1.0,1,1,1,0.0,,0.0,0,1966.0,A01,138Â 205Â 182,1.0,-1.0,-1.0,1727639,1.0,15,,1.0,0.0,1.0,F01,138Â 205Â 176,0.0
1012107,201900053638,10,21,20:25,3,1,2,5.0,4.0,86274,RD347-RD49,M,"47,0627150","0,0169730",86,2019,80.0,1.0,1.0,3.0,2263332,1.0,1,1,1,0.0,,0.0,0,1966.0,A01,138Â 205Â 182,1.0,-1.0,-1.0,1727640,1.0,15,,1.0,0.0,1.0,E01,138Â 205Â 177,0.0
1012107,201900053638,10,21,20:25,3,1,2,5.0,4.0,86274,RD347-RD49,M,"47,0627150","0,0169730",86,2019,80.0,1.0,1.0,3.0,2263332,1.0,1,1,1,0.0,,0.0,0,1966.0,A01,138Â 205Â 182,1.0,-1.0,-1.0,1727641,1.0,15,,1.0,0.0,4.0,D01,138Â 205Â 178,0.0
1012107,201900053638,10,21,20:25,3,1,2,5.0,4.0,86274,RD347-RD49,M,"47,0627150","0,0169730",86,2019,80.0,1.0,1.0,3.0,2263332,1.0,1,1,1,0.0,,0.0,0,1966.0,A01,138Â 205Â 182,1.0,-1.0,-1.0,1727642,1.0,15,,0.0,0.0,4.0,C01,138Â 205Â 180,0.0
1012107,201900053638,10,21,20:25,3,1,2,5.0,4.0,86274,RD347-RD49,M,"47,0627150","0,0169730",86,2019,80.0,1.0,1.0,3.0,2263332,1.0,1,1,1,0.0,,0.0,0,1966.0,A01,138Â 205Â 182,1.0,-1.0,-1.0,1727643,1.0,7,,1.0,0.0,1.0,B01,138Â 205Â 181,0.0
1012107,201900053638,10,21,20:25,3,1,2,5.0,4.0,86274,RD347-RD49,M,"47,0627150","0,0169730",86,2019,80.0,1.0,1.0,3.0,2263332,1.0,1,1,1,0.0,,0.0,0,1966.0,A01,138Â 205Â 182,1.0,-1.0,-1.0,1727644,1.0,7,,0.0,0.0,4.0,A01,138Â 205Â 182,0.0
1012108,201900053639,9,23,22:30,5,2,2,1.0,3.0,69387,GUILLOTIERE (DE LA)                 (PT),M,"45,7562400","4,8403400",69,2019,50.0,1.0,1.0,7.0,2263333,1.0,1,1,1,5.0,,-1.0,0,1992.0,A01,138Â 205Â 173,1.0,0.0,-1.0,1727645,3.0,7,,0.0,9.0,2.0,A01,138Â 205Â 173,1.0
1012108,201900053639,9,23,22:30,5,2,2,1.0,3.0,69387,GUILLOTIERE (DE LA)                 (PT),M,"45,7562400","4,8403400",69,2019,50.0,1.0,1.0,7.0,2263333,1.0,1,1,1,5.0,,-1.0,0,1992.0,A01,138Â 205Â 173,1.0,0.0,-1.0,1727646,3.0,50,,0.0,2.0,1.0,B01,138Â 205Â 174,3.0
1012108,201900053639,9,23,22:30,5,2,2,1.0,3.0,69387,GUILLOTIERE (DE LA)                 (PT),M,"45,7562400","4,8403400",69,2019,50.0,1.0,1.0,7.0,2263334,2.0,2,1,2,5.0,,-1.0,0,1994.0,A01,138Â 205Â 173,1.0,0.0,-1.0,1727645,3.0,7,,0.0,9.0,2.0,A01,138Â 205Â 173,1.0
1012108,201900053639,9,23,22:30,5,2,2,1.0,3.0,69387,GUILLOTIERE (DE LA)                 (PT),M,"45,7562400","4,8403400",69,2019,50.0,1.0,1.0,7.0,2263334,2.0,2,1,2,5.0,,-1.0,0,1994.0,A01,138Â 205Â 173,1.0,0.0,-1.0,1727646,3.0,50,,0.0,2.0,1.0,B01,138Â 205Â 174,3.0
1012108,201900053639,9,23,22:30,5,2,2,1.0,3.0,69387,GUILLOTIERE (DE LA)                 (PT),M,"45,7562400","4,8403400",69,2019,50.0,1.0,1.0,7.0,2263335,1.0,1,4,1,5.0,,-1.0,0,1986.0,B01,138Â 205Â 174,8.0,0.0,-1.0,1727645,3.0,7,,0.0,9.0,2.0,A01,138Â 205Â 173,1.0
1012108,201900053639,9,23,22:30,5,2,2,1.0,3.0,69387,GUILLOTIERE (DE LA)                 (PT),M,"45,7562400","4,8403400",69,2019,50.0,1.0,1.0,7.0,2263335,1.0,1,4,1,5.0,,-1.0,0,1986.0,B01,138Â 205Â 174,8.0,0.0,-1.0,1727646,3.0,50,,0.0,2.0,1.0,B01,138Â 205Â 174,3.0
1012109,201900053640,10,27,16:03,1,1,2,2.0,1.0,77069,RD 637 / Chemin vicinal 03,M,"48,4574104","2,5879557",77,2019,90.0,1.0,2.0,3.0,2263336,3.0,2,4,1,5.0,,0.0,0,2008.0,B01,138Â 205Â 172,1.0,-1.0,-1.0,1727647,1.0,7,,0.0,2.0,1.0,B01,138Â 205Â 172,1.0
1012109,201900053640,10,27,16:03,1,1,2,2.0,1.0,77069,RD 637 / Chemin vicinal 03,M,"48,4574104","2,5879557",77,2019,90.0,1.0,2.0,3.0,2263336,3.0,2,4,1,5.0,,0.0,0,2008.0,B01,138Â 205Â 172,1.0,-1.0,-1.0,1727648,3.0,7,,12.0,0.0,2.0,A01,138Â 205Â 175,1.0
1012109,201900053640,10,27,16:03,1,1,2,2.0,1.0,77069,RD 637 / Chemin vicinal 03,M,"48,4574104","2,5879557",77,2019,90.0,1.0,2.0,3.0,2263337,2.0,2,4,2,5.0,,0.0,0,1981.0,B01,138Â 205Â 172,1.0,-1.0,-1.0,1727647,1.0,7,,0.0,2.0,1.0,B01,138Â 205Â 172,1.0
1012109,201900053640,10,27,16:03,1,1,2,2.0,1.0,77069,RD 637 / Chemin vicinal 03,M,"48,4574104","2,5879557",77,2019,90.0,1.0,2.0,3.0,2263337,2.0,2,4,2,5.0,,0.0,0,1981.0,B01,138Â 205Â 172,1.0,-1.0,-1.0,1727648,3.0,7,,12.0,0.0,2.0,A01,138Â 205Â 175,1.0
1012109,201900053640,10,27,16:03,1,1,2,2.0,1.0,77069,RD 637 / Chemin vicinal 03,M,"48,4574104","2,5879557",77,2019,90.0,1.0,2.0,3.0,2263338,1.0,1,4,1,5.0,,0.0,0,1981.0,B01,138Â 205Â 172,1.0,-1.0,-1.0,1727647,1.0,7,,0.0,2.0,1.0,B01,138Â 205Â 172,1.0
1012109,201900053640,10,27,16:03,1,1,2,2.0,1.0,77069,RD 637 / Chemin vicinal 03,M,"48,4574104","2,5879557",77,2019,90.0,1.0,2.0,3.0,2263338,1.0,1,4,1,5.0,,0.0,0,1981.0,B01,138Â 205Â 172,1.0,-1.0,-1.0,1727648,3.0,7,,12.0,0.0,2.0,A01,138Â 205Â 175,1.0
1012109,201900053640,10,27,16:03,1,1,2,2.0,1.0,77069,RD 637 / Chemin vicinal 03,M,"48,4574104","2,5879557",77,2019,90.0,1.0,2.0,3.0,2263339,1.0,1,3,1,0.0,,0.0,0,1949.0,A01,138Â 205Â 175,1.0,-1.0,-1.0,1727647,1.0,7,,0.0,2.0,1.0,B01,138Â 205Â 172,1.0
1012109,201900053640,10,27,16:03,1,1,2,2.0,1.0,77069,RD 637 / Chemin vicinal 03,M,"48,4574104","2,5879557",77,2019,90.0,1.0,2.0,3.0,2263339,1.0,1,3,1,0.0,,0.0,0,1949.0,A01,138Â 205Â 175,1.0,-1.0,-1.0,1727648,3.0,7,,12.0,0.0,2.0,A01,138Â 205Â 175,1.0
1012110,201900053641,10,27,05:25,5,2,6,1.0,6.0,33005,RD3 Bvd RÃ©publique / Colonel Wurtz,M,"44,7302400"," -1,0757200",33,2019,30.0,1.0,1.0,3.0,2263340,1.0,1,3,1,5.0,,0.0,0,1989.0,A01,138Â 205Â 170,2.0,9.0,-1.0,1727649,1.0,2,,9.0,0.0,1.0,A01,138Â 205Â 170,1.0
1012111,201900053642,9,20,20:15,5,2,2,1.0,3.0,69383,FELIX FAURE                         (AV),M,"45,7541500","4,8631900",69,2019,50.0,1.0,1.0,4.0,2263341,1.0,1,1,1,0.0,,-1.0,0,1996.0,A01,138Â 205Â 169,1.0,8.0,-1.0,1727650,1.0,7,,0.0,6.0,2.0,A01,138Â 205Â 169,1.0
1012111,201900053642,9,20,20:15,5,2,2,1.0,3.0,69383,FELIX FAURE                         (AV),M,"45,7541500","4,8631900",69,2019,50.0,1.0,1.0,4.0,2263341,1.0,1,1,1,0.0,,-1.0,0,1996.0,A01,138Â 205Â 169,1.0,8.0,-1.0,1727651,2.0,50,,0.0,2.0,2.0,B01,138Â 205Â 171,3.0
1012111,201900053642,9,20,20:15,5,2,2,1.0,3.0,69383,FELIX FAURE                         (AV),M,"45,7541500","4,8631900",69,2019,50.0,1.0,1.0,4.0,2263342,1.0,1,4,1,0.0,,-1.0,0,1982.0,B01,138Â 205Â 171,8.0,0.0,-1.0,1727650,1.0,7,,0.0,6.0,2.0,A01,138Â 205Â 169,1.0
1012111,201900053642,9,20,20:15,5,2,2,1.0,3.0,69383,FELIX FAURE                         (AV),M,"45,7541500","4,8631900",69,2019,50.0,1.0,1.0,4.0,2263342,1.0,1,4,1,0.0,,-1.0,0,1982.0,B01,138Â 205Â 171,8.0,0.0,-1.0,1727651,2.0,50,,0.0,2.0,2.0,B01,138Â 205Â 171,3.0
1012111,201900053642,9,20,20:15,5,2,2,1.0,3.0,69383,FELIX FAURE                         (AV),M,"45,7541500","4,8631900",69,2019,50.0,1.0,1.0,4.0,2263343,5.0,2,4,2,0.0,,-1.0,0,1980.0,B01,138Â 205Â 171,1.0,0.0,-1.0,1727650,1.0,7,,0.0,6.0,2.0,A01,138Â 205Â 169,1.0
1012111,201900053642,9,20,20:15,5,2,2,1.0,3.0,69383,FELIX FAURE                         (AV),M,"45,7541500","4,8631900",69,2019,50.0,1.0,1.0,4.0,2263343,5.0,2,4,2,0.0,,-1.0,0,1980.0,B01,138Â 205Â 171,1.0,0.0,-1.0,1727651,2.0,50,,0.0,2.0,2.0,B01,138Â 205Â 171,3.0
1012112,201900053643,10,26,16:15,1,2,1,1.0,1.0,69253,Route Departementale 386,M,"45,4736100","4,7785500",69,2019,70.0,1.0,1.0,3.0,2263344,1.0,1,4,2,0.0,,0.0,0,1952.0,B01,138Â 205Â 166,1.0,-1.0,-1.0,1727652,3.0,7,,0.0,2.0,2.0,B01,138Â 205Â 166,1.0
1012112,201900053643,10,26,16:15,1,2,1,1.0,1.0,69253,Route Departementale 386,M,"45,4736100","4,7785500",69,2019,70.0,1.0,1.0,3.0,2263344,1.0,1,4,2,0.0,,0.0,0,1952.0,B01,138Â 205Â 166,1.0,-1.0,-1.0,1727653,3.0,7,,13.0,2.0,2.0,A01,138Â 205Â 168,1.0
1012112,201900053643,10,26,16:15,1,2,1,1.0,1.0,69253,Route Departementale 386,M,"45,4736100","4,7785500",69,2019,70.0,1.0,1.0,3.0,2263345,2.0,2,4,1,0.0,,0.0,0,1957.0,B01,138Â 205Â 166,1.0,-1.0,-1.0,1727652,3.0,7,,0.0,2.0,2.0,B01,138Â 205Â 166,1.0
1012112,201900053643,10,26,16:15,1,2,1,1.0,1.0,69253,Route Departementale 386,M,"45,4736100","4,7785500",69,2019,70.0,1.0,1.0,3.0,2263345,2.0,2,4,1,0.0,,0.0,0,1957.0,B01,138Â 205Â 166,1.0,-1.0,-1.0,1727653,3.0,7,,13.0,2.0,2.0,A01,138Â 205Â 168,1.0
1012112,201900053643,10,26,16:15,1,2,1,1.0,1.0,69253,Route Departementale 386,M,"45,4736100","4,7785500",69,2019,70.0,1.0,1.0,3.0,2263346,1.0,1,4,1,0.0,,0.0,0,1967.0,A01,138Â 205Â 168,1.0,-1.0,-1.0,1727652,3.0,7,,0.0,2.0,2.0,B01,138Â 205Â 166,1.0
1012112,201900053643,10,26,16:15,1,2,1,1.0,1.0,69253,Route Departementale 386,M,"45,4736100","4,7785500",69,2019,70.0,1.0,1.0,3.0,2263346,1.0,1,4,1,0.0,,0.0,0,1967.0,A01,138Â 205Â 168,1.0,-1.0,-1.0,1727653,3.0,7,,13.0,2.0,2.0,A01,138Â 205Â 168,1.0
1012113,201900053644,10,27,18:45,5,1,1,1.0,1.0,98747,PK 9 PUEU,M," -17,7515450"," -149,2403540",987,2019,60.0,1.0,1.0,2.0,2263347,1.0,1,3,1,5.0,,0.0,0,1964.0,B01,138Â 205Â 163,0.0,-1.0,-1.0,1727654,2.0,1,,0.0,2.0,1.0,B01,138Â 205Â 163,5.0
1012113,201900053644,10,27,18:45,5,1,1,1.0,1.0,98747,PK 9 PUEU,M," -17,7515450"," -149,2403540",987,2019,60.0,1.0,1.0,2.0,2263347,1.0,1,3,1,5.0,,0.0,0,1964.0,B01,138Â 205Â 163,0.0,-1.0,-1.0,1727655,1.0,32,,0.0,9.0,1.0,A01,138Â 205Â 164,1.0
1012113,201900053644,10,27,18:45,5,1,1,1.0,1.0,98747,PK 9 PUEU,M," -17,7515450"," -149,2403540",987,2019,60.0,1.0,1.0,2.0,2263348,1.0,1,2,1,5.0,,0.0,0,1976.0,A01,138Â 205Â 164,2.0,-1.0,-1.0,1727654,2.0,1,,0.0,2.0,1.0,B01,138Â 205Â 163,5.0
1012113,201900053644,10,27,18:45,5,1,1,1.0,1.0,98747,PK 9 PUEU,M," -17,7515450"," -149,2403540",987,2019,60.0,1.0,1.0,2.0,2263348,1.0,1,2,1,5.0,,0.0,0,1976.0,A01,138Â 205Â 164,2.0,-1.0,-1.0,1727655,1.0,32,,0.0,9.0,1.0,A01,138Â 205Â 164,1.0
1012114,201900053645,10,27,17:40,1,1,1,1.0,7.0,98748,RT4 PK 3 + 500  Toahotu,M," -17,8272130"," -149,2423950",987,2019,60.0,1.0,1.0,2.0,2263349,1.0,1,2,1,5.0,,0.0,0,1985.0,A01,138Â 205Â 162,0.0,-1.0,-1.0,1727656,2.0,7,,6.0,0.0,3.0,A01,138Â 205Â 162,1.0
1012115,201900053646,9,22,16:00,1,2,1,1.0,3.0,97209,REDOUTE (ROUTE DE LA),M,"14,6236700"," -61,0611800",972,2019,50.0,1.0,1.0,2.0,2263350,1.0,1,1,1,0.0,,-1.0,0,1994.0,A01,138Â 205Â 165,1.0,0.0,-1.0,1727657,1.0,7,,0.0,2.0,2.0,A01,138Â 205Â 165,1.0
1012115,201900053646,9,22,16:00,1,2,1,1.0,3.0,97209,REDOUTE (ROUTE DE LA),M,"14,6236700"," -61,0611800",972,2019,50.0,1.0,1.0,2.0,2263350,1.0,1,1,1,0.0,,-1.0,0,1994.0,A01,138Â 205Â 165,1.0,0.0,-1.0,1727658,2.0,7,,0.0,2.0,1.0,B01,138Â 205Â 167,1.0
1012115,201900053646,9,22,16:00,1,2,1,1.0,3.0,97209,REDOUTE (ROUTE DE LA),M,"14,6236700"," -61,0611800",972,2019,50.0,1.0,1.0,2.0,2263351,1.0,1,1,1,0.0,,-1.0,0,1989.0,B01,138Â 205Â 167,1.0,0.0,-1.0,1727657,1.0,7,,0.0,2.0,2.0,A01,138Â 205Â 165,1.0
1012115,201900053646,9,22,16:00,1,2,1,1.0,3.0,97209,REDOUTE (ROUTE DE LA),M,"14,6236700"," -61,0611800",972,2019,50.0,1.0,1.0,2.0,2263351,1.0,1,1,1,0.0,,-1.0,0,1989.0,B01,138Â 205Â 167,1.0,0.0,-1.0,1727658,2.0,7,,0.0,2.0,1.0,B01,138Â 205Â 167,1.0
1012115,201900053646,9,22,16:00,1,2,1,1.0,3.0,97209,REDOUTE (ROUTE DE LA),M,"14,6236700"," -61,0611800",972,2019,50.0,1.0,1.0,2.0,2263352,2.0,2,1,1,0.0,,-1.0,0,1954.0,B01,138Â 205Â 167,1.0,0.0,-1.0,1727657,1.0,7,,0.0,2.0,2.0,A01,138Â 205Â 165,1.0
1012115,201900053646,9,22,16:00,1,2,1,1.0,3.0,97209,REDOUTE (ROUTE DE LA),M,"14,6236700"," -61,0611800",972,2019,50.0,1.0,1.0,2.0,2263352,2.0,2,1,1,0.0,,-1.0,0,1954.0,B01,138Â 205Â 167,1.0,0.0,-1.0,1727658,2.0,7,,0.0,2.0,1.0,B01,138Â 205Â 167,1.0
1012115,201900053646,9,22,16:00,1,2,1,1.0,3.0,97209,REDOUTE (ROUTE DE LA),M,"14,6236700"," -61,0611800",972,2019,50.0,1.0,1.0,2.0,2263353,4.0,2,4,2,0.0,,-1.0,0,1957.0,B01,138Â 205Â 167,1.0,0.0,-1.0,1727657,1.0,7,,0.0,2.0,2.0,A01,138Â 205Â 165,1.0
1012115,201900053646,9,22,16:00,1,2,1,1.0,3.0,97209,REDOUTE (ROUTE DE LA),M,"14,6236700"," -61,0611800",972,2019,50.0,1.0,1.0,2.0,2263353,4.0,2,4,2,0.0,,-1.0,0,1957.0,B01,138Â 205Â 167,1.0,0.0,-1.0,1727658,2.0,7,,0.0,2.0,1.0,B01,138Â 205Â 167,1.0
1012116,201900053647,10,27,12:00,1,1,1,1.0,7.0,98822,VallÃ©e d'amoa,M," -20,9959510","165,1353100",988,2019,50.0,8.0,9.0,4.0,2263354,1.0,1,2,1,0.0,,0.0,0,1994.0,A01,138Â 205Â 161,1.0,-1.0,-1.0,1727659,3.0,7,,0.0,0.0,0.0,A01,138Â 205Â 161,1.0
1012116,201900053647,10,27,12:00,1,1,1,1.0,7.0,98822,VallÃ©e d'amoa,M," -20,9959510","165,1353100",988,2019,50.0,8.0,9.0,4.0,2263355,2.0,2,3,2,0.0,,0.0,0,1999.0,A01,138Â 205Â 161,0.0,-1.0,-1.0,1727659,3.0,7,,0.0,0.0,0.0,A01,138Â 205Â 161,1.0
1012117,201900053648,9,22,06:40,1,2,1,1.0,3.0,69202,VALIOUD                             (AV),M,"45,7385000","4,8054800",69,2019,50.0,1.0,1.0,4.0,2263356,1.0,1,4,1,5.0,,-1.0, -1,1995.0,B01,138Â 205Â 159,1.0,0.0,-1.0,1727660,2.0,7,,2.0,0.0,2.0,B01,138Â 205Â 159,1.0
1012117,201900053648,9,22,06:40,1,2,1,1.0,3.0,69202,VALIOUD                             (AV),M,"45,7385000","4,8054800",69,2019,50.0,1.0,1.0,4.0,2263356,1.0,1,4,1,5.0,,-1.0, -1,1995.0,B01,138Â 205Â 159,1.0,0.0,-1.0,1727661,1.0,0,,0.0,0.0,0.0,Z01,138Â 205Â 160,0.0
1012118,201900053649,10,27,21:20,3,1,1,1.0,7.0,97134,N2,M,"16,0358300"," -61,7502820",971,2019,70.0,3.0,1.0,2.0,2263357,2.0,2,2,1,5.0,,0.0,0,2001.0,A01,138Â 205Â 157,2.0,-1.0,-1.0,1727662,3.0,34,,8.0,0.0,1.0,A01,138Â 205Â 157,1.0
1012118,201900053649,10,27,21:20,3,1,1,1.0,7.0,97134,N2,M,"16,0358300"," -61,7502820",971,2019,70.0,3.0,1.0,2.0,2263358,1.0,1,4,1,5.0,,0.0,0,1997.0,A01,138Â 205Â 157,8.0,-1.0,-1.0,1727662,3.0,34,,8.0,0.0,1.0,A01,138Â 205Â 157,1.0
1012119,201900053650,9,22,11:48,1,2,1,2.0,1.0,2B033,MACCHIONE - CHEMIN DU,M,"42,4115000","9,2635000",2B,2019,50.0,1.0,2.0,4.0,2263359,1.0,1,4,1,0.0,,-1.0, -1,1935.0,A01,138Â 205Â 156,1.0,0.0,-1.0,1727663,1.0,7,,0.0,2.0,3.0,A01,138Â 205Â 156,1.0
1012119,201900053650,9,22,11:48,1,2,1,2.0,1.0,2B033,MACCHIONE - CHEMIN DU,M,"42,4115000","9,2635000",2B,2019,50.0,1.0,2.0,4.0,2263359,1.0,1,4,1,0.0,,-1.0, -1,1935.0,A01,138Â 205Â 156,1.0,0.0,-1.0,1727664,2.0,7,,0.0,2.0,8.0,B01,138Â 205Â 158,1.0
1012119,201900053650,9,22,11:48,1,2,1,2.0,1.0,2B033,MACCHIONE - CHEMIN DU,M,"42,4115000","9,2635000",2B,2019,50.0,1.0,2.0,4.0,2263360,1.0,1,1,2,5.0,,-1.0, -1,1979.0,B01,138Â 205Â 158,1.0,0.0,-1.0,1727663,1.0,7,,0.0,2.0,3.0,A01,138Â 205Â 156,1.0
1012119,201900053650,9,22,11:48,1,2,1,2.0,1.0,2B033,MACCHIONE - CHEMIN DU,M,"42,4115000","9,2635000",2B,2019,50.0,1.0,2.0,4.0,2263360,1.0,1,1,2,5.0,,-1.0, -1,1979.0,B01,138Â 205Â 158,1.0,0.0,-1.0,1727664,2.0,7,,0.0,2.0,8.0,B01,138Â 205Â 158,1.0
1012119,201900053650,9,22,11:48,1,2,1,2.0,1.0,2B033,MACCHIONE - CHEMIN DU,M,"42,4115000","9,2635000",2B,2019,50.0,1.0,2.0,4.0,2263361,2.0,2,1,2,5.0,,-1.0, -1,1979.0,B01,138Â 205Â 158,1.0,0.0,-1.0,1727663,1.0,7,,0.0,2.0,3.0,A01,138Â 205Â 156,1.0
1012119,201900053650,9,22,11:48,1,2,1,2.0,1.0,2B033,MACCHIONE - CHEMIN DU,M,"42,4115000","9,2635000",2B,2019,50.0,1.0,2.0,4.0,2263361,2.0,2,1,2,5.0,,-1.0, -1,1979.0,B01,138Â 205Â 158,1.0,0.0,-1.0,1727664,2.0,7,,0.0,2.0,8.0,B01,138Â 205Â 158,1.0
1012120,201900053651,10,25,23:30,3,1,1,8.0,6.0,77508,D96,M,"48,8250400","2,8364600",77,2019,80.0,3.0,2.0,3.0,2263362,2.0,2,3,1,5.0,,0.0,0,1999.0,A01,138Â 205Â 155,1.0,-1.0,-1.0,1727665,2.0,7,,13.0,0.0,7.0,A01,138Â 205Â 155,1.0
1012120,201900053651,10,25,23:30,3,1,1,8.0,6.0,77508,D96,M,"48,8250400","2,8364600",77,2019,80.0,3.0,2.0,3.0,2263363,9.0,2,1,2,5.0,,0.0,0,2002.0,A01,138Â 205Â 155,1.0,-1.0,-1.0,1727665,2.0,7,,13.0,0.0,7.0,A01,138Â 205Â 155,1.0
1012120,201900053651,10,25,23:30,3,1,1,8.0,6.0,77508,D96,M,"48,8250400","2,8364600",77,2019,80.0,3.0,2.0,3.0,2263364,1.0,1,1,1,5.0,,0.0,0,2000.0,A01,138Â 205Â 155,1.0,-1.0,-1.0,1727665,2.0,7,,13.0,0.0,7.0,A01,138Â 205Â 155,1.0
1012121,201900053652,9,23,12:15,1,1,4,2.0,3.0,97101,FrÃ©dÃ©ric JALTON,M,"16,2730100"," -61,5050500",971,2019,50.0,1.0,2.0,3.0,2263365,1.0,1,1,1,5.0,,-1.0, -1,1950.0,A01,138Â 205Â 153,8.0,0.0,-1.0,1727666,1.0,7,,0.0,2.0,3.0,A01,138Â 205Â 153,1.0
1012121,201900053652,9,23,12:15,1,1,4,2.0,3.0,97101,FrÃ©dÃ©ric JALTON,M,"16,2730100"," -61,5050500",971,2019,50.0,1.0,2.0,3.0,2263365,1.0,1,1,1,5.0,,-1.0, -1,1950.0,A01,138Â 205Â 153,8.0,0.0,-1.0,1727667,2.0,33,,0.0,2.0,1.0,B01,138Â 205Â 154,1.0
1012121,201900053652,9,23,12:15,1,1,4,2.0,3.0,97101,FrÃ©dÃ©ric JALTON,M,"16,2730100"," -61,5050500",971,2019,50.0,1.0,2.0,3.0,2263366,1.0,1,4,1,0.0,,-1.0,0,1989.0,B01,138Â 205Â 154,2.0,0.0,-1.0,1727666,1.0,7,,0.0,2.0,3.0,A01,138Â 205Â 153,1.0
1012121,201900053652,9,23,12:15,1,1,4,2.0,3.0,97101,FrÃ©dÃ©ric JALTON,M,"16,2730100"," -61,5050500",971,2019,50.0,1.0,2.0,3.0,2263366,1.0,1,4,1,0.0,,-1.0,0,1989.0,B01,138Â 205Â 154,2.0,0.0,-1.0,1727667,2.0,33,,0.0,2.0,1.0,B01,138Â 205Â 154,1.0
1012122,201900053653,10,27,23:45,3,1,1,8.0,6.0,91216,186 Rue de Ballainvilliers,M,"48,6717320","2,3038550",91,2019,80.0,3.0,1.0,3.0,2263367,1.0,1,3,1,1.0,,0.0,0,1992.0,A01,138Â 205Â 152,1.0,5.0,-1.0,1727668,3.0,7,,2.0,0.0,1.0,A01,138Â 205Â 152,1.0
1012123,201900053654,9,22,23:00,3,2,1,1.0,6.0,95218,JACQUES DUCLOS (BOULEVARD),M,"49,0184740","2,0961490",95,2019,70.0,1.0,1.0,2.0,2263368,2.0,2,1,1,5.0,,-1.0, -1,2002.0,A01,138Â 205Â 151,1.0,8.0,-1.0,1727669,1.0,10,,0.0,1.0,3.0,A01,138Â 205Â 151,6.0