Unnamed: 0_x,num_acc,mois,jour,hrmn,lum,agg,int,atm,col,com,adr,gps,lat,long,dep,annee,vma,situ,surf,catr,Unnamed: 0_y,place,catu,grav,sexe,trajet,secu,locp,actp,an_nais,num_veh_x,id_vehicule_x,secu1,secu2,secu3,Unnamed: 0,senc,catv,occutc,obs,obsm,choc,num_veh_y,id_vehicule_y,motor
1012123,201900053654,9,22,23:00,3,2,1,1.0,6.0,95218,JACQUES DUCLOS (BOULEVARD),M,"49,0184740","2,0961490",95,2019,70.0,1.0,1.0,2.0,2263369,10.0,3,3,1,5.0,,4.0,3,1999.0,A01,138Â 205Â 151,0.0,0.0,0.0,1727669,1.0,10,,0.0,1.0,3.0,A01,138Â 205Â 151,6.0
1012123,201900053654,9,22,23:00,3,2,1,1.0,6.0,95218,JACQUES DUCLOS (BOULEVARD),M,"49,0184740","2,0961490",95,2019,70.0,1.0,1.0,2.0,2263370,1.0,1,1,1,5.0,,0.0,0,1985.0,A01,138Â 205Â 151,1.0,8.0,-1.0,1727669,1.0,10,,0.0,1.0,3.0,A01,138Â 205Â 151,6.0
1012124,201900053655,10,26,18:15,2,1,1,7.0,7.0,78003,Rue d'Auneau,M,"48,5035540","1,8218250",78,2019,80.0,8.0,1.0,3.0,2263371,1.0,1,3,2,5.0,,0.0,0,1982.0,A01,138Â 205Â 150,1.0,-1.0,-1.0,1727670,1.0,7,,0.0,0.0,1.0,A01,138Â 205Â 150,1.0
1012124,201900053655,10,26,18:15,2,1,1,7.0,7.0,78003,Rue d'Auneau,M,"48,5035540","1,8218250",78,2019,80.0,8.0,1.0,3.0,2263372,9.0,2,4,1,5.0,,0.0,0,2014.0,A01,138Â 205Â 150,1.0,-1.0,-1.0,1727670,1.0,7,,0.0,0.0,1.0,A01,138Â 205Â 150,1.0
1012125,201900053656,10,28,15:50,1,2,1,1.0,2.0,2B079,RT 20 lieu dit Ponte-Novu,M,"42,4760610","9,2749950",2B,2019,50.0,1.0,1.0,2.0,2263373,1.0,1,1,2,4.0,,0.0,0,1992.0,B01,138Â 205Â 148,1.0,-1.0,-1.0,1727671,1.0,7,,0.0,2.0,1.0,B01,138Â 205Â 148,1.0
1012125,201900053656,10,28,15:50,1,2,1,1.0,2.0,2B079,RT 20 lieu dit Ponte-Novu,M,"42,4760610","9,2749950",2B,2019,50.0,1.0,1.0,2.0,2263373,1.0,1,1,2,4.0,,0.0,0,1992.0,B01,138Â 205Â 148,1.0,-1.0,-1.0,1727672,1.0,7,,7.0,0.0,4.0,A01,138Â 205Â 149,1.0
1012125,201900053656,10,28,15:50,1,2,1,1.0,2.0,2B079,RT 20 lieu dit Ponte-Novu,M,"42,4760610","9,2749950",2B,2019,50.0,1.0,1.0,2.0,2263374,1.0,1,4,2,5.0,,0.0,0,1982.0,A01,138Â 205Â 149,1.0,-1.0,-1.0,1727671,1.0,7,,0.0,2.0,1.0,B01,138Â 205Â 148,1.0
1012125,201900053656,10,28,15:50,1,2,1,1.0,2.0,2B079,RT 20 lieu dit Ponte-Novu,M,"42,4760610","9,2749950",2B,2019,50.0,1.0,1.0,2.0,2263374,1.0,1,4,2,5.0,,0.0,0,1982.0,A01,138Â 205Â 149,1.0,-1.0,-1.0,1727672,1.0,7,,7.0,0.0,4.0,A01,138Â 205Â 149,1.0
1012126,201900053657,9,23,08:20,1,1,1,1.0,3.0,91421,BERANGER (RUE),M,"48,7048000","2,4393700",91,2019,30.0,1.0,1.0,4.0,2263375,1.0,1,4,2,2.0,,0.0,0,1971.0,A01,138Â 205Â 146,1.0,0.0,-1.0,1727673,3.0,7,,6.0,2.0,7.0,A01,138Â 205Â 146,1.0
1012126,201900053657,9,23,08:20,1,1,1,1.0,3.0,91421,BERANGER (RUE),M,"48,7048000","2,4393700",91,2019,30.0,1.0,1.0,4.0,2263375,1.0,1,4,2,2.0,,0.0,0,1971.0,A01,138Â 205Â 146,1.0,0.0,-1.0,1727674,1.0,7,,1.0,2.0,3.0,B01,138Â 205Â 147,1.0
1012126,201900053657,9,23,08:20,1,1,1,1.0,3.0,91421,BERANGER (RUE),M,"48,7048000","2,4393700",91,2019,30.0,1.0,1.0,4.0,2263376,2.0,2,4,2,2.0,,0.0,0,2002.0,A01,138Â 205Â 146,1.0,0.0,-1.0,1727673,3.0,7,,6.0,2.0,7.0,A01,138Â 205Â 146,1.0
1012126,201900053657,9,23,08:20,1,1,1,1.0,3.0,91421,BERANGER (RUE),M,"48,7048000","2,4393700",91,2019,30.0,1.0,1.0,4.0,2263376,2.0,2,4,2,2.0,,0.0,0,2002.0,A01,138Â 205Â 146,1.0,0.0,-1.0,1727674,1.0,7,,1.0,2.0,3.0,B01,138Â 205Â 147,1.0
1012126,201900053657,9,23,08:20,1,1,1,1.0,3.0,91421,BERANGER (RUE),M,"48,7048000","2,4393700",91,2019,30.0,1.0,1.0,4.0,2263377,2.0,2,1,1,2.0,,0.0,0,1959.0,B01,138Â 205Â 147,1.0,0.0,-1.0,1727673,3.0,7,,6.0,2.0,7.0,A01,138Â 205Â 146,1.0
1012126,201900053657,9,23,08:20,1,1,1,1.0,3.0,91421,BERANGER (RUE),M,"48,7048000","2,4393700",91,2019,30.0,1.0,1.0,4.0,2263377,2.0,2,1,1,2.0,,0.0,0,1959.0,B01,138Â 205Â 147,1.0,0.0,-1.0,1727674,1.0,7,,1.0,2.0,3.0,B01,138Â 205Â 147,1.0
1012126,201900053657,9,23,08:20,1,1,1,1.0,3.0,91421,BERANGER (RUE),M,"48,7048000","2,4393700",91,2019,30.0,1.0,1.0,4.0,2263378,1.0,1,4,2,2.0,,0.0,0,1997.0,B01,138Â 205Â 147,1.0,0.0,-1.0,1727673,3.0,7,,6.0,2.0,7.0,A01,138Â 205Â 146,1.0
1012126,201900053657,9,23,08:20,1,1,1,1.0,3.0,91421,BERANGER (RUE),M,"48,7048000","2,4393700",91,2019,30.0,1.0,1.0,4.0,2263378,1.0,1,4,2,2.0,,0.0,0,1997.0,B01,138Â 205Â 147,1.0,0.0,-1.0,1727674,1.0,7,,1.0,2.0,3.0,B01,138Â 205Â 147,1.0
1012126,201900053657,9,23,08:20,1,1,1,1.0,3.0,91421,BERANGER (RUE),M,"48,7048000","2,4393700",91,2019,30.0,1.0,1.0,4.0,2263379,3.0,2,4,2,2.0,,0.0,0,1970.0,B01,138Â 205Â 147,1.0,0.0,-1.0,1727673,3.0,7,,6.0,2.0,7.0,A01,138Â 205Â 146,1.0
1012126,201900053657,9,23,08:20,1,1,1,1.0,3.0,91421,BERANGER (RUE),M,"48,7048000","2,4393700",91,2019,30.0,1.0,1.0,4.0,2263379,3.0,2,4,2,2.0,,0.0,0,1970.0,B01,138Â 205Â 147,1.0,0.0,-1.0,1727674,1.0,7,,1.0,2.0,3.0,B01,138Â 205Â 147,1.0
1012126,201900053657,9,23,08:20,1,1,1,1.0,3.0,91421,BERANGER (RUE),M,"48,7048000","2,4393700",91,2019,30.0,1.0,1.0,4.0,2263380,4.0,2,4,2,2.0,,0.0,0,2010.0,B01,138Â 205Â 147,1.0,0.0,-1.0,1727673,3.0,7,,6.0,2.0,7.0,A01,138Â 205Â 146,1.0
1012126,201900053657,9,23,08:20,1,1,1,1.0,3.0,91421,BERANGER (RUE),M,"48,7048000","2,4393700",91,2019,30.0,1.0,1.0,4.0,2263380,4.0,2,4,2,2.0,,0.0,0,2010.0,B01,138Â 205Â 147,1.0,0.0,-1.0,1727674,1.0,7,,1.0,2.0,3.0,B01,138Â 205Â 147,1.0
1012127,201900053658,10,27,18:40,3,1,1,1.0,2.0,11198,RD11,M,"43,2990742","2,5412170",11,2019,80.0,1.0,1.0,3.0,2263381,1.0,1,1,2,5.0,,0.0,0,1941.0,A01,138Â 205Â 144,1.0,-1.0,-1.0,1727675,1.0,7,,0.0,2.0,2.0,A01,138Â 205Â 144,1.0
1012127,201900053658,10,27,18:40,3,1,1,1.0,2.0,11198,RD11,M,"43,2990742","2,5412170",11,2019,80.0,1.0,1.0,3.0,2263381,1.0,1,1,2,5.0,,0.0,0,1941.0,A01,138Â 205Â 144,1.0,-1.0,-1.0,1727676,2.0,1,,0.0,0.0,7.0,B01,138Â 205Â 145,6.0
1012127,201900053658,10,27,18:40,3,1,1,1.0,2.0,11198,RD11,M,"43,2990742","2,5412170",11,2019,80.0,1.0,1.0,3.0,2263382,1.0,1,2,1,5.0,,0.0,0,1988.0,B01,138Â 205Â 145,0.0,-1.0,-1.0,1727675,1.0,7,,0.0,2.0,2.0,A01,138Â 205Â 144,1.0
1012127,201900053658,10,27,18:40,3,1,1,1.0,2.0,11198,RD11,M,"43,2990742","2,5412170",11,2019,80.0,1.0,1.0,3.0,2263382,1.0,1,2,1,5.0,,0.0,0,1988.0,B01,138Â 205Â 145,0.0,-1.0,-1.0,1727676,2.0,1,,0.0,0.0,7.0,B01,138Â 205Â 145,6.0
1012128,201900053659,9,23,17:10,1,2,1,1.0,6.0,91687,FLANDRE (AVENUE DE),M,"48,6681500","2,3587200",91,2019,30.0,2.0,1.0,4.0,2263383,10.0,3,4,2,2.0,,2.0,3,2008.0,B01,138Â 205Â 143,8.0,0.0,-1.0,1727677,0.0,7,,1.0,1.0,0.0,B01,138Â 205Â 143,1.0
1012128,201900053659,9,23,17:10,1,2,1,1.0,6.0,91687,FLANDRE (AVENUE DE),M,"48,6681500","2,3587200",91,2019,30.0,2.0,1.0,4.0,2263384,1.0,1,1,1,1.0,,0.0,0,1984.0,B01,138Â 205Â 143,1.0,0.0,-1.0,1727677,0.0,7,,1.0,1.0,0.0,B01,138Â 205Â 143,1.0
1012129,201900053660,10,28,17:05,1,1,1,8.0,6.0,34176,D24,M,"43,6365050","4,0581280",34,2019,80.0,3.0,1.0,3.0,2263385,1.0,1,2,2,0.0,,0.0,0,1975.0,A01,138Â 205Â 141,8.0,-1.0,-1.0,1727678,1.0,7,,17.0,0.0,1.0,A01,138Â 205Â 141,1.0
1012129,201900053660,10,28,17:05,1,1,1,8.0,6.0,34176,D24,M,"43,6365050","4,0581280",34,2019,80.0,3.0,1.0,3.0,2263386,2.0,2,3,2,0.0,,0.0,0,2004.0,A01,138Â 205Â 141,1.0,-1.0,-1.0,1727678,1.0,7,,17.0,0.0,1.0,A01,138Â 205Â 141,1.0
1012130,201900053661,9,22,16:09,1,2,1,1.0,1.0,91425,CROIX DU MESNIL (CHEMIN DE LA),M,"48,6483700","2,2739400",91,2019,50.0,1.0,2.0,4.0,2263387,4.0,2,4,2,5.0,,0.0,0,1994.0,B01,138Â 205Â 140,8.0,0.0,-1.0,1727679,3.0,7,,0.0,2.0,3.0,B01,138Â 205Â 140,1.0
1012130,201900053661,9,22,16:09,1,2,1,1.0,1.0,91425,CROIX DU MESNIL (CHEMIN DE LA),M,"48,6483700","2,2739400",91,2019,50.0,1.0,2.0,4.0,2263387,4.0,2,4,2,5.0,,0.0,0,1994.0,B01,138Â 205Â 140,8.0,0.0,-1.0,1727680,3.0,10,,0.0,2.0,1.0,A01,138Â 205Â 142,1.0
1012130,201900053661,9,22,16:09,1,2,1,1.0,1.0,91425,CROIX DU MESNIL (CHEMIN DE LA),M,"48,6483700","2,2739400",91,2019,50.0,1.0,2.0,4.0,2263388,1.0,1,3,2,5.0,,0.0,0,1988.0,B01,138Â 205Â 140,1.0,0.0,-1.0,1727679,3.0,7,,0.0,2.0,3.0,B01,138Â 205Â 140,1.0
1012130,201900053661,9,22,16:09,1,2,1,1.0,1.0,91425,CROIX DU MESNIL (CHEMIN DE LA),M,"48,6483700","2,2739400",91,2019,50.0,1.0,2.0,4.0,2263388,1.0,1,3,2,5.0,,0.0,0,1988.0,B01,138Â 205Â 140,1.0,0.0,-1.0,1727680,3.0,10,,0.0,2.0,1.0,A01,138Â 205Â 142,1.0
1012130,201900053661,9,22,16:09,1,2,1,1.0,1.0,91425,CROIX DU MESNIL (CHEMIN DE LA),M,"48,6483700","2,2739400",91,2019,50.0,1.0,2.0,4.0,2263389,1.0,1,4,1,4.0,,0.0,0,1973.0,A01,138Â 205Â 142,1.0,0.0,-1.0,1727679,3.0,7,,0.0,2.0,3.0,B01,138Â 205Â 140,1.0
1012130,201900053661,9,22,16:09,1,2,1,1.0,1.0,91425,CROIX DU MESNIL (CHEMIN DE LA),M,"48,6483700","2,2739400",91,2019,50.0,1.0,2.0,4.0,2263389,1.0,1,4,1,4.0,,0.0,0,1973.0,A01,138Â 205Â 142,1.0,0.0,-1.0,1727680,3.0,10,,0.0,2.0,1.0,A01,138Â 205Â 142,1.0
1012131,201900053662,10,26,19:16,3,1,9,1.0,6.0,13035,D569,M,"43,7138000","5,0263330",13,2019,80.0,1.0,1.0,3.0,2263390,1.0,1,4,2,5.0,,0.0,0,1958.0,B01,138Â 205Â 138,1.0,-1.0,-1.0,1727681,0.0,7,,0.0,2.0,2.0,B01,138Â 205Â 138,1.0
1012131,201900053662,10,26,19:16,3,1,9,1.0,6.0,13035,D569,M,"43,7138000","5,0263330",13,2019,80.0,1.0,1.0,3.0,2263390,1.0,1,4,2,5.0,,0.0,0,1958.0,B01,138Â 205Â 138,1.0,-1.0,-1.0,1727682,0.0,7,,0.0,2.0,2.0,A01,138Â 205Â 139,1.0
1012131,201900053662,10,26,19:16,3,1,9,1.0,6.0,13035,D569,M,"43,7138000","5,0263330",13,2019,80.0,1.0,1.0,3.0,2263391,1.0,1,3,2,5.0,,0.0,0,1949.0,A01,138Â 205Â 139,1.0,-1.0,-1.0,1727681,0.0,7,,0.0,2.0,2.0,B01,138Â 205Â 138,1.0
1012131,201900053662,10,26,19:16,3,1,9,1.0,6.0,13035,D569,M,"43,7138000","5,0263330",13,2019,80.0,1.0,1.0,3.0,2263391,1.0,1,3,2,5.0,,0.0,0,1949.0,A01,138Â 205Â 139,1.0,-1.0,-1.0,1727682,0.0,7,,0.0,2.0,2.0,A01,138Â 205Â 139,1.0
1012132,201900053663,10,28,15:00,1,1,1,1.0,3.0,13027,2735 Route de Tarascon,M,"43,8700664","4,8154832",13,2019,80.0,1.0,1.0,3.0,2263392,1.0,1,3,1,0.0,,0.0,0,1962.0,B01,138Â 205Â 135,2.0,6.0,-1.0,1727683,2.0,33,,0.0,0.0,1.0,B01,138Â 205Â 135,1.0
1012132,201900053663,10,28,15:00,1,1,1,1.0,3.0,13027,2735 Route de Tarascon,M,"43,8700664","4,8154832",13,2019,80.0,1.0,1.0,3.0,2263392,1.0,1,3,1,0.0,,0.0,0,1962.0,B01,138Â 205Â 135,2.0,6.0,-1.0,1727684,1.0,7,,0.0,0.0,7.0,A01,138Â 205Â 136,1.0
1012132,201900053663,10,28,15:00,1,1,1,1.0,3.0,13027,2735 Route de Tarascon,M,"43,8700664","4,8154832",13,2019,80.0,1.0,1.0,3.0,2263393,1.0,1,3,2,0.0,,0.0,0,1935.0,A01,138Â 205Â 136,1.0,-1.0,-1.0,1727683,2.0,33,,0.0,0.0,1.0,B01,138Â 205Â 135,1.0
1012132,201900053663,10,28,15:00,1,1,1,1.0,3.0,13027,2735 Route de Tarascon,M,"43,8700664","4,8154832",13,2019,80.0,1.0,1.0,3.0,2263393,1.0,1,3,2,0.0,,0.0,0,1935.0,A01,138Â 205Â 136,1.0,-1.0,-1.0,1727684,1.0,7,,0.0,0.0,7.0,A01,138Â 205Â 136,1.0
1012133,201900053664,10,28,15:45,1,1,1,1.0,2.0,89156,D943,M,"47,9892880","3,5943410",89,2019,-1.0,1.0,1.0,3.0,2263394,1.0,1,1,1,4.0,,0.0,0,1982.0,A01,138Â 205Â 133,1.0,-1.0,-1.0,1727685,1.0,14,,0.0,9.0,2.0,A01,138Â 205Â 133,1.0
1012133,201900053664,10,28,15:45,1,1,1,1.0,2.0,89156,D943,M,"47,9892880","3,5943410",89,2019,-1.0,1.0,1.0,3.0,2263394,1.0,1,1,1,4.0,,0.0,0,1982.0,A01,138Â 205Â 133,1.0,-1.0,-1.0,1727686,1.0,1,,0.0,2.0,6.0,B01,138Â 205Â 134,5.0
1012133,201900053664,10,28,15:45,1,1,1,1.0,2.0,89156,D943,M,"47,9892880","3,5943410",89,2019,-1.0,1.0,1.0,3.0,2263395,1.0,1,4,1,5.0,,0.0,0,2000.0,B01,138Â 205Â 134,0.0,-1.0,-1.0,1727685,1.0,14,,0.0,9.0,2.0,A01,138Â 205Â 133,1.0
1012133,201900053664,10,28,15:45,1,1,1,1.0,2.0,89156,D943,M,"47,9892880","3,5943410",89,2019,-1.0,1.0,1.0,3.0,2263395,1.0,1,4,1,5.0,,0.0,0,2000.0,B01,138Â 205Â 134,0.0,-1.0,-1.0,1727686,1.0,1,,0.0,2.0,6.0,B01,138Â 205Â 134,5.0
1012134,201900053665,9,22,22:13,5,2,1,2.0,6.0,87085,ALLENDE (QUAI SALVADOR),M,"45,8174500","1,2525500",87,2019,50.0,1.0,2.0,2.0,2263396,1.0,1,4,2,5.0,,0.0,0,1992.0,A01,138Â 205Â 137,2.0,8.0,-1.0,1727687,1.0,2,,0.0,0.0,8.0,A01,138Â 205Â 137,1.0
1012135,201900053666,10,27,17:55,5,2,4,3.0,3.0,88178,Route de Mirecourt,M,"48,1765310","6,3893440",88,2019,70.0,1.0,2.0,3.0,2263397,1.0,1,4,1,5.0,,0.0,0,2002.0,B01,138Â 205Â 131,2.0,6.0,-1.0,1727688,1.0,31,,0.0,2.0,7.0,B01,138Â 205Â 131,1.0
1012135,201900053666,10,27,17:55,5,2,4,3.0,3.0,88178,Route de Mirecourt,M,"48,1765310","6,3893440",88,2019,70.0,1.0,2.0,3.0,2263397,1.0,1,4,1,5.0,,0.0,0,2002.0,B01,138Â 205Â 131,2.0,6.0,-1.0,1727689,2.0,7,,0.0,2.0,2.0,A01,138Â 205Â 132,1.0
1012135,201900053666,10,27,17:55,5,2,4,3.0,3.0,88178,Route de Mirecourt,M,"48,1765310","6,3893440",88,2019,70.0,1.0,2.0,3.0,2263398,1.0,1,1,2,5.0,,0.0,0,1972.0,A01,138Â 205Â 132,1.0,-1.0,-1.0,1727688,1.0,31,,0.0,2.0,7.0,B01,138Â 205Â 131,1.0
1012135,201900053666,10,27,17:55,5,2,4,3.0,3.0,88178,Route de Mirecourt,M,"48,1765310","6,3893440",88,2019,70.0,1.0,2.0,3.0,2263398,1.0,1,1,2,5.0,,0.0,0,1972.0,A01,138Â 205Â 132,1.0,-1.0,-1.0,1727689,2.0,7,,0.0,2.0,2.0,A01,138Â 205Â 132,1.0
1012136,201900053667,9,21,11:33,1,2,1,1.0,6.0,87114,AURIOL (AVENUE DU PDT-VINCENT-),M,"45,8370200","1,2939400",87,2019,50.0,1.0,1.0,3.0,2263399,1.0,1,1,1,5.0,,0.0,0,1949.0,A01,138Â 205Â 129,1.0,-1.0,-1.0,1727690,1.0,7,,0.0,2.0,4.0,A01,138Â 205Â 129,1.0
1012136,201900053667,9,21,11:33,1,2,1,1.0,6.0,87114,AURIOL (AVENUE DU PDT-VINCENT-),M,"45,8370200","1,2939400",87,2019,50.0,1.0,1.0,3.0,2263399,1.0,1,1,1,5.0,,0.0,0,1949.0,A01,138Â 205Â 129,1.0,-1.0,-1.0,1727691,2.0,1,,0.0,2.0,8.0,B01,138Â 205Â 130,5.0
1012136,201900053667,9,21,11:33,1,2,1,1.0,6.0,87114,AURIOL (AVENUE DU PDT-VINCENT-),M,"45,8370200","1,2939400",87,2019,50.0,1.0,1.0,3.0,2263400,1.0,1,4,2,5.0,,0.0,0,1961.0,B01,138Â 205Â 130,8.0,-1.0,-1.0,1727690,1.0,7,,0.0,2.0,4.0,A01,138Â 205Â 129,1.0
1012136,201900053667,9,21,11:33,1,2,1,1.0,6.0,87114,AURIOL (AVENUE DU PDT-VINCENT-),M,"45,8370200","1,2939400",87,2019,50.0,1.0,1.0,3.0,2263400,1.0,1,4,2,5.0,,0.0,0,1961.0,B01,138Â 205Â 130,8.0,-1.0,-1.0,1727691,2.0,1,,0.0,2.0,8.0,B01,138Â 205Â 130,5.0
1012137,201900053668,10,28,14:40,1,2,1,1.0,3.0,38565,Avenue de Juin 1940,M,"45,2994550","5,6281250",38,2019,70.0,1.0,1.0,3.0,2263401,1.0,1,4,1,1.0,,0.0,0,1985.0,B01,138Â 205Â 127,0.0,-1.0,-1.0,1727692,2.0,1,,0.0,2.0,1.0,B01,138Â 205Â 127,5.0
1012137,201900053668,10,28,14:40,1,2,1,1.0,3.0,38565,Avenue de Juin 1940,M,"45,2994550","5,6281250",38,2019,70.0,1.0,1.0,3.0,2263401,1.0,1,4,1,1.0,,0.0,0,1985.0,B01,138Â 205Â 127,0.0,-1.0,-1.0,1727693,2.0,7,,0.0,2.0,7.0,A01,138Â 205Â 128,3.0
1012137,201900053668,10,28,14:40,1,2,1,1.0,3.0,38565,Avenue de Juin 1940,M,"45,2994550","5,6281250",38,2019,70.0,1.0,1.0,3.0,2263402,1.0,1,1,1,4.0,,0.0,0,1998.0,A01,138Â 205Â 128,1.0,-1.0,-1.0,1727692,2.0,1,,0.0,2.0,1.0,B01,138Â 205Â 127,5.0
1012137,201900053668,10,28,14:40,1,2,1,1.0,3.0,38565,Avenue de Juin 1940,M,"45,2994550","5,6281250",38,2019,70.0,1.0,1.0,3.0,2263402,1.0,1,1,1,4.0,,0.0,0,1998.0,A01,138Â 205Â 128,1.0,-1.0,-1.0,1727693,2.0,7,,0.0,2.0,7.0,A01,138Â 205Â 128,3.0
1012138,201900053669,9,20,15:08,1,2,7,1.0,3.0,87085,GAMBETTA (BOULEVARD),M,"45,8298100","1,2549900",87,2019,50.0,1.0,1.0,4.0,2263403,1.0,1,1,1,4.0,,0.0,0,1965.0,A01,138Â 205Â 125,1.0,-1.0,-1.0,1727694,2.0,17,,0.0,2.0,7.0,A01,138Â 205Â 125,1.0
1012138,201900053669,9,20,15:08,1,2,7,1.0,3.0,87085,GAMBETTA (BOULEVARD),M,"45,8298100","1,2549900",87,2019,50.0,1.0,1.0,4.0,2263403,1.0,1,1,1,4.0,,0.0,0,1965.0,A01,138Â 205Â 125,1.0,-1.0,-1.0,1727695,2.0,7,,0.0,2.0,8.0,B01,138Â 205Â 126,1.0
1012138,201900053669,9,20,15:08,1,2,7,1.0,3.0,87085,GAMBETTA (BOULEVARD),M,"45,8298100","1,2549900",87,2019,50.0,1.0,1.0,4.0,2263404,1.0,1,1,2,5.0,,0.0,0,1977.0,B01,138Â 205Â 126,1.0,-1.0,-1.0,1727694,2.0,17,,0.0,2.0,7.0,A01,138Â 205Â 125,1.0
1012138,201900053669,9,20,15:08,1,2,7,1.0,3.0,87085,GAMBETTA (BOULEVARD),M,"45,8298100","1,2549900",87,2019,50.0,1.0,1.0,4.0,2263404,1.0,1,1,2,5.0,,0.0,0,1977.0,B01,138Â 205Â 126,1.0,-1.0,-1.0,1727695,2.0,7,,0.0,2.0,8.0,B01,138Â 205Â 126,1.0
1012138,201900053669,9,20,15:08,1,2,7,1.0,3.0,87085,GAMBETTA (BOULEVARD),M,"45,8298100","1,2549900",87,2019,50.0,1.0,1.0,4.0,2263405,2.0,2,4,1,5.0,,0.0,0,1995.0,B01,138Â 205Â 126,1.0,-1.0,-1.0,1727694,2.0,17,,0.0,2.0,7.0,A01,138Â 205Â 125,1.0
1012138,201900053669,9,20,15:08,1,2,7,1.0,3.0,87085,GAMBETTA (BOULEVARD),M,"45,8298100","1,2549900",87,2019,50.0,1.0,1.0,4.0,2263405,2.0,2,4,1,5.0,,0.0,0,1995.0,B01,138Â 205Â 126,1.0,-1.0,-1.0,1727695,2.0,7,,0.0,2.0,8.0,B01,138Â 205Â 126,1.0
1012139,201900053670,10,28,15:30,1,1,1,2.0,3.0,26168,Rd 1075,M,"44,7079170","5,6776280",26,2019,80.0,1.0,1.0,3.0,2263406,2.0,2,1,2,5.0,,0.0,0,1959.0,A01,138Â 205Â 123,1.0,-1.0,-1.0,1727696,1.0,7,,0.0,2.0,8.0,A01,138Â 205Â 123,1.0
1012139,201900053670,10,28,15:30,1,1,1,2.0,3.0,26168,Rd 1075,M,"44,7079170","5,6776280",26,2019,80.0,1.0,1.0,3.0,2263406,2.0,2,1,2,5.0,,0.0,0,1959.0,A01,138Â 205Â 123,1.0,-1.0,-1.0,1727697,1.0,7,,0.0,2.0,7.0,B01,138Â 205Â 124,1.0
1012139,201900053670,10,28,15:30,1,1,1,2.0,3.0,26168,Rd 1075,M,"44,7079170","5,6776280",26,2019,80.0,1.0,1.0,3.0,2263407,1.0,1,1,1,5.0,,0.0,0,1964.0,A01,138Â 205Â 123,1.0,-1.0,-1.0,1727696,1.0,7,,0.0,2.0,8.0,A01,138Â 205Â 123,1.0
1012139,201900053670,10,28,15:30,1,1,1,2.0,3.0,26168,Rd 1075,M,"44,7079170","5,6776280",26,2019,80.0,1.0,1.0,3.0,2263407,1.0,1,1,1,5.0,,0.0,0,1964.0,A01,138Â 205Â 123,1.0,-1.0,-1.0,1727697,1.0,7,,0.0,2.0,7.0,B01,138Â 205Â 124,1.0
1012139,201900053670,10,28,15:30,1,1,1,2.0,3.0,26168,Rd 1075,M,"44,7079170","5,6776280",26,2019,80.0,1.0,1.0,3.0,2263408,1.0,1,4,1,5.0,,0.0,0,1995.0,B01,138Â 205Â 124,1.0,-1.0,-1.0,1727696,1.0,7,,0.0,2.0,8.0,A01,138Â 205Â 123,1.0
1012139,201900053670,10,28,15:30,1,1,1,2.0,3.0,26168,Rd 1075,M,"44,7079170","5,6776280",26,2019,80.0,1.0,1.0,3.0,2263408,1.0,1,4,1,5.0,,0.0,0,1995.0,B01,138Â 205Â 124,1.0,-1.0,-1.0,1727697,1.0,7,,0.0,2.0,7.0,B01,138Â 205Â 124,1.0
1012139,201900053670,10,28,15:30,1,1,1,2.0,3.0,26168,Rd 1075,M,"44,7079170","5,6776280",26,2019,80.0,1.0,1.0,3.0,2263409,2.0,2,4,2,5.0,,0.0,0,2002.0,B01,138Â 205Â 124,1.0,-1.0,-1.0,1727696,1.0,7,,0.0,2.0,8.0,A01,138Â 205Â 123,1.0
1012139,201900053670,10,28,15:30,1,1,1,2.0,3.0,26168,Rd 1075,M,"44,7079170","5,6776280",26,2019,80.0,1.0,1.0,3.0,2263409,2.0,2,4,2,5.0,,0.0,0,2002.0,B01,138Â 205Â 124,1.0,-1.0,-1.0,1727697,1.0,7,,0.0,2.0,7.0,B01,138Â 205Â 124,1.0
1012140,201900053671,10,22,17:00,2,1,1,1.0,1.0,17462,7 Route Nationale,M,"45,7982370"," -0,5655930",17,2019,80.0,1.0,1.0,3.0,2263410,1.0,1,3,2,1.0,,0.0,0,1958.0,B01,138Â 205Â 120,1.0,-1.0,-1.0,1727698,2.0,7,,0.0,2.0,3.0,B01,138Â 205Â 120,1.0
1012140,201900053671,10,22,17:00,2,1,1,1.0,1.0,17462,7 Route Nationale,M,"45,7982370"," -0,5655930",17,2019,80.0,1.0,1.0,3.0,2263410,1.0,1,3,2,1.0,,0.0,0,1958.0,B01,138Â 205Â 120,1.0,-1.0,-1.0,1727699,1.0,7,,0.0,2.0,3.0,A01,138Â 205Â 121,1.0
1012140,201900053671,10,22,17:00,2,1,1,1.0,1.0,17462,7 Route Nationale,M,"45,7982370"," -0,5655930",17,2019,80.0,1.0,1.0,3.0,2263411,7.0,2,1,2,3.0,,0.0,0,2008.0,A01,138Â 205Â 121,1.0,-1.0,-1.0,1727698,2.0,7,,0.0,2.0,3.0,B01,138Â 205Â 120,1.0
1012140,201900053671,10,22,17:00,2,1,1,1.0,1.0,17462,7 Route Nationale,M,"45,7982370"," -0,5655930",17,2019,80.0,1.0,1.0,3.0,2263411,7.0,2,1,2,3.0,,0.0,0,2008.0,A01,138Â 205Â 121,1.0,-1.0,-1.0,1727699,1.0,7,,0.0,2.0,3.0,A01,138Â 205Â 121,1.0
1012140,201900053671,10,22,17:00,2,1,1,1.0,1.0,17462,7 Route Nationale,M,"45,7982370"," -0,5655930",17,2019,80.0,1.0,1.0,3.0,2263412,1.0,1,4,1,3.0,,0.0,0,1977.0,A01,138Â 205Â 121,1.0,-1.0,-1.0,1727698,2.0,7,,0.0,2.0,3.0,B01,138Â 205Â 120,1.0