Unnamed: 0_x,num_acc,mois,jour,hrmn,lum,agg,int,atm,col,com,adr,gps,lat,long,dep,annee,vma,situ,surf,catr,Unnamed: 0_y,place,catu,grav,sexe,trajet,secu,locp,actp,an_nais,num_veh_x,id_vehicule_x,secu1,secu2,secu3,Unnamed: 0,senc,catv,occutc,obs,obsm,choc,num_veh_y,id_vehicule_y,motor
1012140,201900053671,10,22,17:00,2,1,1,1.0,1.0,17462,7 Route Nationale,M,"45,7982370"," -0,5655930",17,2019,80.0,1.0,1.0,3.0,2263412,1.0,1,4,1,3.0,,0.0,0,1977.0,A01,138Â 205Â 121,1.0,-1.0,-1.0,1727699,1.0,7,,0.0,2.0,3.0,A01,138Â 205Â 121,1.0
1012140,201900053671,10,22,17:00,2,1,1,1.0,1.0,17462,7 Route Nationale,M,"45,7982370"," -0,5655930",17,2019,80.0,1.0,1.0,3.0,2263413,2.0,2,1,1,3.0,,0.0,0,2009.0,A01,138Â 205Â 121,1.0,-1.0,-1.0,1727698,2.0,7,,0.0,2.0,3.0,B01,138Â 205Â 120,1.0
1012140,201900053671,10,22,17:00,2,1,1,1.0,1.0,17462,7 Route Nationale,M,"45,7982370"," -0,5655930",17,2019,80.0,1.0,1.0,3.0,2263413,2.0,2,1,1,3.0,,0.0,0,2009.0,A01,138Â 205Â 121,1.0,-1.0,-1.0,1727699,1.0,7,,0.0,2.0,3.0,A01,138Â 205Â 121,1.0
1012141,201900053672,10,27,19:50,3,1,1,1.0,6.0,17099,RD 157,M,"45,2347619"," -0,3298983",17,2019,80.0,3.0,1.0,3.0,2263414,2.0,2,3,1,5.0,,0.0,0,1986.0,A01,138Â 205Â 119,1.0,-1.0,-1.0,1727700,1.0,7,,17.0,0.0,1.0,A01,138Â 205Â 119,1.0
1012141,201900053672,10,27,19:50,3,1,1,1.0,6.0,17099,RD 157,M,"45,2347619"," -0,3298983",17,2019,80.0,3.0,1.0,3.0,2263415,1.0,1,3,2,5.0,,0.0,0,1987.0,A01,138Â 205Â 119,0.0,-1.0,-1.0,1727700,1.0,7,,17.0,0.0,1.0,A01,138Â 205Â 119,1.0
1012142,201900053673,10,26,17:00,1,1,1,1.0,3.0,40125,601 Route de Dax,M,"43,6499840"," -1,0981840",40,2019,80.0,1.0,1.0,3.0,2263416,1.0,1,3,2,5.0,,0.0,0,1957.0,B01,138Â 205Â 117,2.0,-1.0,-1.0,1727701,1.0,1,,0.0,2.0,8.0,B01,138Â 205Â 117,5.0
1012142,201900053673,10,26,17:00,1,1,1,1.0,3.0,40125,601 Route de Dax,M,"43,6499840"," -1,0981840",40,2019,80.0,1.0,1.0,3.0,2263416,1.0,1,3,2,5.0,,0.0,0,1957.0,B01,138Â 205Â 117,2.0,-1.0,-1.0,1727702,1.0,7,,0.0,2.0,7.0,A01,138Â 205Â 118,1.0
1012142,201900053673,10,26,17:00,1,1,1,1.0,3.0,40125,601 Route de Dax,M,"43,6499840"," -1,0981840",40,2019,80.0,1.0,1.0,3.0,2263417,1.0,1,1,2,5.0,,0.0,0,1937.0,A01,138Â 205Â 118,1.0,-1.0,-1.0,1727701,1.0,1,,0.0,2.0,8.0,B01,138Â 205Â 117,5.0
1012142,201900053673,10,26,17:00,1,1,1,1.0,3.0,40125,601 Route de Dax,M,"43,6499840"," -1,0981840",40,2019,80.0,1.0,1.0,3.0,2263417,1.0,1,1,2,5.0,,0.0,0,1937.0,A01,138Â 205Â 118,1.0,-1.0,-1.0,1727702,1.0,7,,0.0,2.0,7.0,A01,138Â 205Â 118,1.0
1012143,201900053674,9,20,18:16,1,2,1,1.0,6.0,87085,AURIOL (AVENUE DU PRESIDENT VINCENT),M,"45,8410000","1,2289400",87,2019,50.0,1.0,1.0,4.0,2263418,10.0,3,4,2,5.0,,3.0,3,1964.0,A01,138Â 205Â 122,0.0,-1.0,-1.0,1727703,1.0,7,,0.0,1.0,1.0,A01,138Â 205Â 122,1.0
1012143,201900053674,9,20,18:16,1,2,1,1.0,6.0,87085,AURIOL (AVENUE DU PRESIDENT VINCENT),M,"45,8410000","1,2289400",87,2019,50.0,1.0,1.0,4.0,2263419,1.0,1,1,1,5.0,,0.0,0,1934.0,A01,138Â 205Â 122,1.0,-1.0,-1.0,1727703,1.0,7,,0.0,1.0,1.0,A01,138Â 205Â 122,1.0
1012144,201900053675,9,20,15:10,1,2,1,1.0,3.0,87085,7 GAGNANT (AVENUE JEAN),M,"45,8338500","1,2717500",87,2019,50.0,1.0,2.0,4.0,2263420,1.0,1,4,1,5.0,,0.0,0,1971.0,A01,138Â 205Â 115,1.0,-1.0,-1.0,1727704,2.0,7,,0.0,2.0,8.0,A01,138Â 205Â 115,1.0
1012144,201900053675,9,20,15:10,1,2,1,1.0,3.0,87085,7 GAGNANT (AVENUE JEAN),M,"45,8338500","1,2717500",87,2019,50.0,1.0,2.0,4.0,2263420,1.0,1,4,1,5.0,,0.0,0,1971.0,A01,138Â 205Â 115,1.0,-1.0,-1.0,1727705,2.0,7,,1.0,0.0,2.0,B01,138Â 205Â 116,1.0
1012144,201900053675,9,20,15:10,1,2,1,1.0,3.0,87085,7 GAGNANT (AVENUE JEAN),M,"45,8338500","1,2717500",87,2019,50.0,1.0,2.0,4.0,2263421,1.0,1,1,2,5.0,,0.0,0,1957.0,B01,138Â 205Â 116,1.0,-1.0,-1.0,1727704,2.0,7,,0.0,2.0,8.0,A01,138Â 205Â 115,1.0
1012144,201900053675,9,20,15:10,1,2,1,1.0,3.0,87085,7 GAGNANT (AVENUE JEAN),M,"45,8338500","1,2717500",87,2019,50.0,1.0,2.0,4.0,2263421,1.0,1,1,2,5.0,,0.0,0,1957.0,B01,138Â 205Â 116,1.0,-1.0,-1.0,1727705,2.0,7,,1.0,0.0,2.0,B01,138Â 205Â 116,1.0
1012145,201900053676,9,21,14:35,1,2,1,1.0,6.0,85194,RUE JOSEPH BENATIER,M,"46,5008400"," -1,7967100",85,2019,50.0,1.0,1.0,4.0,2263422,1.0,1,1,2,1.0,,0.0,0,1988.0,A01,138Â 205Â 114,1.0,0.0,-1.0,1727706,1.0,7,,0.0,1.0,1.0,A01,138Â 205Â 114,1.0
1012145,201900053676,9,21,14:35,1,2,1,1.0,6.0,85194,RUE JOSEPH BENATIER,M,"46,5008400"," -1,7967100",85,2019,50.0,1.0,1.0,4.0,2263423,10.0,3,3,2,5.0,,3.0,3,1937.0,A01,138Â 205Â 114,8.0,0.0,-1.0,1727706,1.0,7,,0.0,1.0,1.0,A01,138Â 205Â 114,1.0
1012146,201900053677,9,23,08:00,1,2,1,7.0,6.0,83062,ROUTE NATIONALE 98,M,"43,1373200","6,0265200",83,2019,50.0,1.0,1.0,3.0,2263424,10.0,3,4,1,1.0,,3.0,2,1970.0,A01,138Â 205Â 113,0.0,0.0,0.0,1727707,1.0,7,,0.0,1.0,1.0,A01,138Â 205Â 113,1.0
1012146,201900053677,9,23,08:00,1,2,1,7.0,6.0,83062,ROUTE NATIONALE 98,M,"43,1373200","6,0265200",83,2019,50.0,1.0,1.0,3.0,2263425,1.0,1,1,2,1.0,,-1.0,0,1978.0,A01,138Â 205Â 113,1.0,0.0,-1.0,1727707,1.0,7,,0.0,1.0,1.0,A01,138Â 205Â 113,1.0
1012147,201900053678,10,25,14:52,1,1,8,1.0,3.0,22160,Les PrÃ©aux,M,"48,4504180"," -2,4718870",22,2019,80.0,8.0,1.0,4.0,2263426,1.0,1,1,1,4.0,,0.0,0,1971.0,B01,138Â 205Â 110,0.0,-1.0,-1.0,1727708,2.0,39,,0.0,2.0,1.0,B01,138Â 205Â 110,3.0
1012147,201900053678,10,25,14:52,1,1,8,1.0,3.0,22160,Les PrÃ©aux,M,"48,4504180"," -2,4718870",22,2019,80.0,8.0,1.0,4.0,2263426,1.0,1,1,1,4.0,,0.0,0,1971.0,B01,138Â 205Â 110,0.0,-1.0,-1.0,1727709,3.0,7,,0.0,4.0,8.0,A01,138Â 205Â 111,1.0
1012147,201900053678,10,25,14:52,1,1,8,1.0,3.0,22160,Les PrÃ©aux,M,"48,4504180"," -2,4718870",22,2019,80.0,8.0,1.0,4.0,2263427,1.0,1,2,1,5.0,,0.0,0,1948.0,A01,138Â 205Â 111,8.0,-1.0,-1.0,1727708,2.0,39,,0.0,2.0,1.0,B01,138Â 205Â 110,3.0
1012147,201900053678,10,25,14:52,1,1,8,1.0,3.0,22160,Les PrÃ©aux,M,"48,4504180"," -2,4718870",22,2019,80.0,8.0,1.0,4.0,2263427,1.0,1,2,1,5.0,,0.0,0,1948.0,A01,138Â 205Â 111,8.0,-1.0,-1.0,1727709,3.0,7,,0.0,4.0,8.0,A01,138Â 205Â 111,1.0
1012148,201900053679,10,28,06:50,2,1,1,1.0,1.0,27003,D82,M,"49,1674590","1,1360520",27,2019,80.0,1.0,2.0,3.0,2263428,1.0,1,4,2,1.0,,0.0,0,1993.0,A01,138Â 205Â 107,1.0,-1.0,-1.0,1727710,1.0,7,,0.0,0.0,1.0,A01,138Â 205Â 107,1.0
1012148,201900053679,10,28,06:50,2,1,1,1.0,1.0,27003,D82,M,"49,1674590","1,1360520",27,2019,80.0,1.0,2.0,3.0,2263428,1.0,1,4,2,1.0,,0.0,0,1993.0,A01,138Â 205Â 107,1.0,-1.0,-1.0,1727711,2.0,7,,0.0,0.0,1.0,B01,138Â 205Â 109,1.0
1012148,201900053679,10,28,06:50,2,1,1,1.0,1.0,27003,D82,M,"49,1674590","1,1360520",27,2019,80.0,1.0,2.0,3.0,2263429,1.0,1,1,1,1.0,,0.0,0,1965.0,B01,138Â 205Â 109,1.0,-1.0,-1.0,1727710,1.0,7,,0.0,0.0,1.0,A01,138Â 205Â 107,1.0
1012148,201900053679,10,28,06:50,2,1,1,1.0,1.0,27003,D82,M,"49,1674590","1,1360520",27,2019,80.0,1.0,2.0,3.0,2263429,1.0,1,1,1,1.0,,0.0,0,1965.0,B01,138Â 205Â 109,1.0,-1.0,-1.0,1727711,2.0,7,,0.0,0.0,1.0,B01,138Â 205Â 109,1.0
1012149,201900053680,10,28,18:50,3,2,1,1.0,6.0,59168,Rue Felix Demesmay,M,"50,5682010","3,2209120",59,2019,50.0,1.0,1.0,3.0,2263430,10.0,3,4,2,5.0,,4.0,3,1989.0,A01,138Â 205Â 105,0.0,-1.0,-1.0,1727712,2.0,7,,0.0,1.0,2.0,A01,138Â 205Â 105,1.0
1012149,201900053680,10,28,18:50,3,2,1,1.0,6.0,59168,Rue Felix Demesmay,M,"50,5682010","3,2209120",59,2019,50.0,1.0,1.0,3.0,2263431,1.0,1,1,1,5.0,,0.0,0,1982.0,A01,138Â 205Â 105,1.0,-1.0,-1.0,1727712,2.0,7,,0.0,1.0,2.0,A01,138Â 205Â 105,1.0
1012150,201900053681,9,18,19:08,1,2,1,1.0,7.0,79081,14 rue des Martyrs de la Guerre d'AlgÃ©rie,M,"46,3547600"," -0,3812200",79,2019,50.0,1.0,1.0,4.0,2263432,1.0,1,3,1,5.0,,-1.0,0,1983.0,A01,138Â 205Â 104,2.0,8.0,-1.0,1727713,2.0,30,,0.0,0.0,0.0,A01,138Â 205Â 104,1.0
1012151,201900053682,10,20,21:20,5,2,1,1.0,7.0,13055,A507 sens Marseille - Aubagne,M,"43,3102340","5,4246030",13,2019,70.0,1.0,1.0,1.0,2263433,2.0,2,1,1,5.0,,-1.0,0,1994.0,A01,138Â 205Â 103,1.0,8.0,-1.0,1727714,1.0,7,,6.0,0.0,1.0,A01,138Â 205Â 103,1.0
1012151,201900053682,10,20,21:20,5,2,1,1.0,7.0,13055,A507 sens Marseille - Aubagne,M,"43,3102340","5,4246030",13,2019,70.0,1.0,1.0,1.0,2263434,1.0,1,3,2,5.0,,-1.0,0,1999.0,A01,138Â 205Â 103,1.0,8.0,-1.0,1727714,1.0,7,,6.0,0.0,1.0,A01,138Â 205Â 103,1.0
1012152,201900053683,10,25,06:45,3,1,1,1.0,5.0,13071,A55 - Sens Marseille vers Martigues,M,"43,3913403","5,3015672",13,2019,110.0,1.0,1.0,1.0,2263435,1.0,1,1,1,4.0,,-1.0,0,1967.0,A01,138Â 205Â 095,1.0,8.0,-1.0,1727715,-1.0,0,,-1.0,-1.0,-1.0,F01,138Â 205Â 094,-1.0
1012152,201900053683,10,25,06:45,3,1,1,1.0,5.0,13071,A55 - Sens Marseille vers Martigues,M,"43,3913403","5,3015672",13,2019,110.0,1.0,1.0,1.0,2263435,1.0,1,1,1,4.0,,-1.0,0,1967.0,A01,138Â 205Â 095,1.0,8.0,-1.0,1727716,1.0,14,,0.0,2.0,4.0,A01,138Â 205Â 095,1.0
1012152,201900053683,10,25,06:45,3,1,1,1.0,5.0,13071,A55 - Sens Marseille vers Martigues,M,"43,3913403","5,3015672",13,2019,110.0,1.0,1.0,1.0,2263435,1.0,1,1,1,4.0,,-1.0,0,1967.0,A01,138Â 205Â 095,1.0,8.0,-1.0,1727717,1.0,10,,0.0,2.0,1.0,B01,138Â 205Â 097,1.0
1012152,201900053683,10,25,06:45,3,1,1,1.0,5.0,13071,A55 - Sens Marseille vers Martigues,M,"43,3913403","5,3015672",13,2019,110.0,1.0,1.0,1.0,2263435,1.0,1,1,1,4.0,,-1.0,0,1967.0,A01,138Â 205Â 095,1.0,8.0,-1.0,1727718,1.0,7,,0.0,2.0,1.0,C01,138Â 205Â 098,1.0
1012152,201900053683,10,25,06:45,3,1,1,1.0,5.0,13071,A55 - Sens Marseille vers Martigues,M,"43,3913403","5,3015672",13,2019,110.0,1.0,1.0,1.0,2263435,1.0,1,1,1,4.0,,-1.0,0,1967.0,A01,138Â 205Â 095,1.0,8.0,-1.0,1727719,1.0,10,,0.0,2.0,6.0,D01,138Â 205Â 099,1.0
1012152,201900053683,10,25,06:45,3,1,1,1.0,5.0,13071,A55 - Sens Marseille vers Martigues,M,"43,3913403","5,3015672",13,2019,110.0,1.0,1.0,1.0,2263435,1.0,1,1,1,4.0,,-1.0,0,1967.0,A01,138Â 205Â 095,1.0,8.0,-1.0,1727720,1.0,7,,14.0,0.0,3.0,E01,138Â 205Â 100,1.0
1012152,201900053683,10,25,06:45,3,1,1,1.0,5.0,13071,A55 - Sens Marseille vers Martigues,M,"43,3913403","5,3015672",13,2019,110.0,1.0,1.0,1.0,2263436,1.0,1,4,2,9.0,,-1.0, -1,1977.0,B01,138Â 205Â 097,1.0,8.0,-1.0,1727715,-1.0,0,,-1.0,-1.0,-1.0,F01,138Â 205Â 094,-1.0
1012152,201900053683,10,25,06:45,3,1,1,1.0,5.0,13071,A55 - Sens Marseille vers Martigues,M,"43,3913403","5,3015672",13,2019,110.0,1.0,1.0,1.0,2263436,1.0,1,4,2,9.0,,-1.0, -1,1977.0,B01,138Â 205Â 097,1.0,8.0,-1.0,1727716,1.0,14,,0.0,2.0,4.0,A01,138Â 205Â 095,1.0
1012152,201900053683,10,25,06:45,3,1,1,1.0,5.0,13071,A55 - Sens Marseille vers Martigues,M,"43,3913403","5,3015672",13,2019,110.0,1.0,1.0,1.0,2263436,1.0,1,4,2,9.0,,-1.0, -1,1977.0,B01,138Â 205Â 097,1.0,8.0,-1.0,1727717,1.0,10,,0.0,2.0,1.0,B01,138Â 205Â 097,1.0
1012152,201900053683,10,25,06:45,3,1,1,1.0,5.0,13071,A55 - Sens Marseille vers Martigues,M,"43,3913403","5,3015672",13,2019,110.0,1.0,1.0,1.0,2263436,1.0,1,4,2,9.0,,-1.0, -1,1977.0,B01,138Â 205Â 097,1.0,8.0,-1.0,1727718,1.0,7,,0.0,2.0,1.0,C01,138Â 205Â 098,1.0
1012152,201900053683,10,25,06:45,3,1,1,1.0,5.0,13071,A55 - Sens Marseille vers Martigues,M,"43,3913403","5,3015672",13,2019,110.0,1.0,1.0,1.0,2263436,1.0,1,4,2,9.0,,-1.0, -1,1977.0,B01,138Â 205Â 097,1.0,8.0,-1.0,1727719,1.0,10,,0.0,2.0,6.0,D01,138Â 205Â 099,1.0
1012152,201900053683,10,25,06:45,3,1,1,1.0,5.0,13071,A55 - Sens Marseille vers Martigues,M,"43,3913403","5,3015672",13,2019,110.0,1.0,1.0,1.0,2263436,1.0,1,4,2,9.0,,-1.0, -1,1977.0,B01,138Â 205Â 097,1.0,8.0,-1.0,1727720,1.0,7,,14.0,0.0,3.0,E01,138Â 205Â 100,1.0
1012152,201900053683,10,25,06:45,3,1,1,1.0,5.0,13071,A55 - Sens Marseille vers Martigues,M,"43,3913403","5,3015672",13,2019,110.0,1.0,1.0,1.0,2263437,1.0,1,4,1,0.0,,-1.0,0,1987.0,C01,138Â 205Â 098,1.0,8.0,-1.0,1727715,-1.0,0,,-1.0,-1.0,-1.0,F01,138Â 205Â 094,-1.0
1012152,201900053683,10,25,06:45,3,1,1,1.0,5.0,13071,A55 - Sens Marseille vers Martigues,M,"43,3913403","5,3015672",13,2019,110.0,1.0,1.0,1.0,2263437,1.0,1,4,1,0.0,,-1.0,0,1987.0,C01,138Â 205Â 098,1.0,8.0,-1.0,1727716,1.0,14,,0.0,2.0,4.0,A01,138Â 205Â 095,1.0
1012152,201900053683,10,25,06:45,3,1,1,1.0,5.0,13071,A55 - Sens Marseille vers Martigues,M,"43,3913403","5,3015672",13,2019,110.0,1.0,1.0,1.0,2263437,1.0,1,4,1,0.0,,-1.0,0,1987.0,C01,138Â 205Â 098,1.0,8.0,-1.0,1727717,1.0,10,,0.0,2.0,1.0,B01,138Â 205Â 097,1.0
1012152,201900053683,10,25,06:45,3,1,1,1.0,5.0,13071,A55 - Sens Marseille vers Martigues,M,"43,3913403","5,3015672",13,2019,110.0,1.0,1.0,1.0,2263437,1.0,1,4,1,0.0,,-1.0,0,1987.0,C01,138Â 205Â 098,1.0,8.0,-1.0,1727718,1.0,7,,0.0,2.0,1.0,C01,138Â 205Â 098,1.0
1012152,201900053683,10,25,06:45,3,1,1,1.0,5.0,13071,A55 - Sens Marseille vers Martigues,M,"43,3913403","5,3015672",13,2019,110.0,1.0,1.0,1.0,2263437,1.0,1,4,1,0.0,,-1.0,0,1987.0,C01,138Â 205Â 098,1.0,8.0,-1.0,1727719,1.0,10,,0.0,2.0,6.0,D01,138Â 205Â 099,1.0
1012152,201900053683,10,25,06:45,3,1,1,1.0,5.0,13071,A55 - Sens Marseille vers Martigues,M,"43,3913403","5,3015672",13,2019,110.0,1.0,1.0,1.0,2263437,1.0,1,4,1,0.0,,-1.0,0,1987.0,C01,138Â 205Â 098,1.0,8.0,-1.0,1727720,1.0,7,,14.0,0.0,3.0,E01,138Â 205Â 100,1.0
1012152,201900053683,10,25,06:45,3,1,1,1.0,5.0,13071,A55 - Sens Marseille vers Martigues,M,"43,3913403","5,3015672",13,2019,110.0,1.0,1.0,1.0,2263438,1.0,1,1,1,0.0,,-1.0,0,1986.0,D01,138Â 205Â 099,1.0,8.0,-1.0,1727715,-1.0,0,,-1.0,-1.0,-1.0,F01,138Â 205Â 094,-1.0
1012152,201900053683,10,25,06:45,3,1,1,1.0,5.0,13071,A55 - Sens Marseille vers Martigues,M,"43,3913403","5,3015672",13,2019,110.0,1.0,1.0,1.0,2263438,1.0,1,1,1,0.0,,-1.0,0,1986.0,D01,138Â 205Â 099,1.0,8.0,-1.0,1727716,1.0,14,,0.0,2.0,4.0,A01,138Â 205Â 095,1.0
1012152,201900053683,10,25,06:45,3,1,1,1.0,5.0,13071,A55 - Sens Marseille vers Martigues,M,"43,3913403","5,3015672",13,2019,110.0,1.0,1.0,1.0,2263438,1.0,1,1,1,0.0,,-1.0,0,1986.0,D01,138Â 205Â 099,1.0,8.0,-1.0,1727717,1.0,10,,0.0,2.0,1.0,B01,138Â 205Â 097,1.0
1012152,201900053683,10,25,06:45,3,1,1,1.0,5.0,13071,A55 - Sens Marseille vers Martigues,M,"43,3913403","5,3015672",13,2019,110.0,1.0,1.0,1.0,2263438,1.0,1,1,1,0.0,,-1.0,0,1986.0,D01,138Â 205Â 099,1.0,8.0,-1.0,1727718,1.0,7,,0.0,2.0,1.0,C01,138Â 205Â 098,1.0
1012152,201900053683,10,25,06:45,3,1,1,1.0,5.0,13071,A55 - Sens Marseille vers Martigues,M,"43,3913403","5,3015672",13,2019,110.0,1.0,1.0,1.0,2263438,1.0,1,1,1,0.0,,-1.0,0,1986.0,D01,138Â 205Â 099,1.0,8.0,-1.0,1727719,1.0,10,,0.0,2.0,6.0,D01,138Â 205Â 099,1.0
1012152,201900053683,10,25,06:45,3,1,1,1.0,5.0,13071,A55 - Sens Marseille vers Martigues,M,"43,3913403","5,3015672",13,2019,110.0,1.0,1.0,1.0,2263438,1.0,1,1,1,0.0,,-1.0,0,1986.0,D01,138Â 205Â 099,1.0,8.0,-1.0,1727720,1.0,7,,14.0,0.0,3.0,E01,138Â 205Â 100,1.0
1012152,201900053683,10,25,06:45,3,1,1,1.0,5.0,13071,A55 - Sens Marseille vers Martigues,M,"43,3913403","5,3015672",13,2019,110.0,1.0,1.0,1.0,2263439,1.0,1,4,1,1.0,,-1.0,0,1974.0,E01,138Â 205Â 100,1.0,8.0,-1.0,1727715,-1.0,0,,-1.0,-1.0,-1.0,F01,138Â 205Â 094,-1.0
1012152,201900053683,10,25,06:45,3,1,1,1.0,5.0,13071,A55 - Sens Marseille vers Martigues,M,"43,3913403","5,3015672",13,2019,110.0,1.0,1.0,1.0,2263439,1.0,1,4,1,1.0,,-1.0,0,1974.0,E01,138Â 205Â 100,1.0,8.0,-1.0,1727716,1.0,14,,0.0,2.0,4.0,A01,138Â 205Â 095,1.0
1012152,201900053683,10,25,06:45,3,1,1,1.0,5.0,13071,A55 - Sens Marseille vers Martigues,M,"43,3913403","5,3015672",13,2019,110.0,1.0,1.0,1.0,2263439,1.0,1,4,1,1.0,,-1.0,0,1974.0,E01,138Â 205Â 100,1.0,8.0,-1.0,1727717,1.0,10,,0.0,2.0,1.0,B01,138Â 205Â 097,1.0
1012152,201900053683,10,25,06:45,3,1,1,1.0,5.0,13071,A55 - Sens Marseille vers Martigues,M,"43,3913403","5,3015672",13,2019,110.0,1.0,1.0,1.0,2263439,1.0,1,4,1,1.0,,-1.0,0,1974.0,E01,138Â 205Â 100,1.0,8.0,-1.0,1727718,1.0,7,,0.0,2.0,1.0,C01,138Â 205Â 098,1.0
1012152,201900053683,10,25,06:45,3,1,1,1.0,5.0,13071,A55 - Sens Marseille vers Martigues,M,"43,3913403","5,3015672",13,2019,110.0,1.0,1.0,1.0,2263439,1.0,1,4,1,1.0,,-1.0,0,1974.0,E01,138Â 205Â 100,1.0,8.0,-1.0,1727719,1.0,10,,0.0,2.0,6.0,D01,138Â 205Â 099,1.0
1012152,201900053683,10,25,06:45,3,1,1,1.0,5.0,13071,A55 - Sens Marseille vers Martigues,M,"43,3913403","5,3015672",13,2019,110.0,1.0,1.0,1.0,2263439,1.0,1,4,1,1.0,,-1.0,0,1974.0,E01,138Â 205Â 100,1.0,8.0,-1.0,1727720,1.0,7,,14.0,0.0,3.0,E01,138Â 205Â 100,1.0
1012153,201900053684,9,22,12:20,1,1,6,2.0,3.0,77288,D605 X D606,M,"48,5530980","2,6492543",77,2019,50.0,1.0,2.0,3.0,2263440,1.0,1,1,2,9.0,,-1.0,0,1975.0,B01,138Â 205Â 093,8.0,0.0,-1.0,1727721,1.0,7,,0.0,2.0,3.0,B01,138Â 205Â 093,1.0
1012153,201900053684,9,22,12:20,1,1,6,2.0,3.0,77288,D605 X D606,M,"48,5530980","2,6492543",77,2019,50.0,1.0,2.0,3.0,2263440,1.0,1,1,2,9.0,,-1.0,0,1975.0,B01,138Â 205Â 093,8.0,0.0,-1.0,1727722,1.0,33,,16.0,2.0,7.0,A01,138Â 205Â 096,1.0
1012153,201900053684,9,22,12:20,1,1,6,2.0,3.0,77288,D605 X D606,M,"48,5530980","2,6492543",77,2019,50.0,1.0,2.0,3.0,2263441,2.0,2,1,1,0.0,,-1.0,0,1946.0,B01,138Â 205Â 093,1.0,8.0,-1.0,1727721,1.0,7,,0.0,2.0,3.0,B01,138Â 205Â 093,1.0
1012153,201900053684,9,22,12:20,1,1,6,2.0,3.0,77288,D605 X D606,M,"48,5530980","2,6492543",77,2019,50.0,1.0,2.0,3.0,2263441,2.0,2,1,1,0.0,,-1.0,0,1946.0,B01,138Â 205Â 093,1.0,8.0,-1.0,1727722,1.0,33,,16.0,2.0,7.0,A01,138Â 205Â 096,1.0
1012153,201900053684,9,22,12:20,1,1,6,2.0,3.0,77288,D605 X D606,M,"48,5530980","2,6492543",77,2019,50.0,1.0,2.0,3.0,2263442,1.0,1,3,1,0.0,,-1.0,0,1951.0,A01,138Â 205Â 096,2.0,8.0,-1.0,1727721,1.0,7,,0.0,2.0,3.0,B01,138Â 205Â 093,1.0
1012153,201900053684,9,22,12:20,1,1,6,2.0,3.0,77288,D605 X D606,M,"48,5530980","2,6492543",77,2019,50.0,1.0,2.0,3.0,2263442,1.0,1,3,1,0.0,,-1.0,0,1951.0,A01,138Â 205Â 096,2.0,8.0,-1.0,1727722,1.0,33,,16.0,2.0,7.0,A01,138Â 205Â 096,1.0
1012154,201900053685,10,26,12:00,1,1,1,1.0,2.0,38087,A7   20.110 A 22.950,M,"45,5864100","4,7995200",38,2019,110.0,1.0,1.0,1.0,2263443,1.0,1,4,2,5.0,,-1.0, -1,1961.0,A01,138Â 205Â 091,1.0,8.0,-1.0,1727723,2.0,7,,0.0,2.0,1.0,A01,138Â 205Â 091,1.0
1012154,201900053685,10,26,12:00,1,1,1,1.0,2.0,38087,A7   20.110 A 22.950,M,"45,5864100","4,7995200",38,2019,110.0,1.0,1.0,1.0,2263443,1.0,1,4,2,5.0,,-1.0, -1,1961.0,A01,138Â 205Â 091,1.0,8.0,-1.0,1727724,2.0,7,,3.0,2.0,9.0,B01,138Â 205Â 092,1.0
1012154,201900053685,10,26,12:00,1,1,1,1.0,2.0,38087,A7   20.110 A 22.950,M,"45,5864100","4,7995200",38,2019,110.0,1.0,1.0,1.0,2263444,2.0,2,4,2,5.0,,-1.0, -1,1969.0,B01,138Â 205Â 092,1.0,0.0,-1.0,1727723,2.0,7,,0.0,2.0,1.0,A01,138Â 205Â 091,1.0
1012154,201900053685,10,26,12:00,1,1,1,1.0,2.0,38087,A7   20.110 A 22.950,M,"45,5864100","4,7995200",38,2019,110.0,1.0,1.0,1.0,2263444,2.0,2,4,2,5.0,,-1.0, -1,1969.0,B01,138Â 205Â 092,1.0,0.0,-1.0,1727724,2.0,7,,3.0,2.0,9.0,B01,138Â 205Â 092,1.0
1012154,201900053685,10,26,12:00,1,1,1,1.0,2.0,38087,A7   20.110 A 22.950,M,"45,5864100","4,7995200",38,2019,110.0,1.0,1.0,1.0,2263445,1.0,1,4,1,5.0,,-1.0, -1,1964.0,B01,138Â 205Â 092,1.0,0.0,-1.0,1727723,2.0,7,,0.0,2.0,1.0,A01,138Â 205Â 091,1.0
1012154,201900053685,10,26,12:00,1,1,1,1.0,2.0,38087,A7   20.110 A 22.950,M,"45,5864100","4,7995200",38,2019,110.0,1.0,1.0,1.0,2263445,1.0,1,4,1,5.0,,-1.0, -1,1964.0,B01,138Â 205Â 092,1.0,0.0,-1.0,1727724,2.0,7,,3.0,2.0,9.0,B01,138Â 205Â 092,1.0