Unnamed: 0_x,num_acc,mois,jour,hrmn,lum,agg,int,atm,col,com,adr,gps,lat,long,dep,annee,vma,situ,surf,catr,Unnamed: 0_y,place,catu,grav,sexe,trajet,secu,locp,actp,an_nais,num_veh_x,id_vehicule_x,secu1,secu2,secu3,Unnamed: 0,senc,catv,occutc,obs,obsm,choc,num_veh_y,id_vehicule_y,motor
1012155,201900053686,9,21,21:17,5,2,2,1.0,6.0,76561,REPUBLIQUE. RUE DE LA,M,"49,2973700","1,0112100",76,2019,50.0,1.0,1.0,3.0,2263446,3.0,2,4,2,5.0,,-1.0, -1,2001.0,A01,138Â 205Â 087,1.0,0.0,-1.0,1727725,3.0,7,,9.0,0.0,1.0,A01,138Â 205Â 087,1.0
1012155,201900053686,9,21,21:17,5,2,2,1.0,6.0,76561,REPUBLIQUE. RUE DE LA,M,"49,2973700","1,0112100",76,2019,50.0,1.0,1.0,3.0,2263447,1.0,1,4,1,5.0,,-1.0, -1,1995.0,A01,138Â 205Â 087,1.0,0.0,-1.0,1727725,3.0,7,,9.0,0.0,1.0,A01,138Â 205Â 087,1.0
1012155,201900053686,9,21,21:17,5,2,2,1.0,6.0,76561,REPUBLIQUE. RUE DE LA,M,"49,2973700","1,0112100",76,2019,50.0,1.0,1.0,3.0,2263448,2.0,2,4,1,5.0,,-1.0,0,2001.0,A01,138Â 205Â 087,1.0,0.0,-1.0,1727725,3.0,7,,9.0,0.0,1.0,A01,138Â 205Â 087,1.0
1012156,201900053687,9,21,05:30,5,2,1,1.0,6.0,76351,VALLEE (RUE DE LA),M,"49,4932400","0,1516300",76,2019,50.0,1.0,1.0,4.0,2263449,1.0,1,3,2,5.0,,0.0,0,1991.0,A01,138Â 205Â 085,1.0,8.0,-1.0,1727726,0.0,7,,15.0,0.0,3.0,A01,138Â 205Â 085,1.0
1012157,201900053688,10,26,19:15,3,1,1,1.0,4.0,67152,RM1083,M,"48,5230500","7,6964100",67,2019,90.0,1.0,1.0,7.0,2263450,1.0,1,1,2,3.0,,0.0,0,1982.0,A01,138Â 205Â 084,1.0,0.0,-1.0,1727727,1.0,7,,0.0,2.0,5.0,A01,138Â 205Â 084,1.0
1012157,201900053688,10,26,19:15,3,1,1,1.0,4.0,67152,RM1083,M,"48,5230500","7,6964100",67,2019,90.0,1.0,1.0,7.0,2263450,1.0,1,1,2,3.0,,0.0,0,1982.0,A01,138Â 205Â 084,1.0,0.0,-1.0,1727728,2.0,7,,0.0,2.0,1.0,B01,138Â 205Â 086,1.0
1012157,201900053688,10,26,19:15,3,1,1,1.0,4.0,67152,RM1083,M,"48,5230500","7,6964100",67,2019,90.0,1.0,1.0,7.0,2263450,1.0,1,1,2,3.0,,0.0,0,1982.0,A01,138Â 205Â 084,1.0,0.0,-1.0,1727729,2.0,7,,0.0,2.0,4.0,C01,138Â 205Â 088,1.0
1012157,201900053688,10,26,19:15,3,1,1,1.0,4.0,67152,RM1083,M,"48,5230500","7,6964100",67,2019,90.0,1.0,1.0,7.0,2263450,1.0,1,1,2,3.0,,0.0,0,1982.0,A01,138Â 205Â 084,1.0,0.0,-1.0,1727730,1.0,7,,0.0,2.0,5.0,D01,138Â 205Â 089,1.0
1012157,201900053688,10,26,19:15,3,1,1,1.0,4.0,67152,RM1083,M,"48,5230500","7,6964100",67,2019,90.0,1.0,1.0,7.0,2263450,1.0,1,1,2,3.0,,0.0,0,1982.0,A01,138Â 205Â 084,1.0,0.0,-1.0,1727731,1.0,7,,0.0,2.0,3.0,E01,138Â 205Â 090,1.0
1012157,201900053688,10,26,19:15,3,1,1,1.0,4.0,67152,RM1083,M,"48,5230500","7,6964100",67,2019,90.0,1.0,1.0,7.0,2263451,2.0,2,1,1,3.0,,0.0,0,1979.0,A01,138Â 205Â 084,1.0,0.0,-1.0,1727727,1.0,7,,0.0,2.0,5.0,A01,138Â 205Â 084,1.0
1012157,201900053688,10,26,19:15,3,1,1,1.0,4.0,67152,RM1083,M,"48,5230500","7,6964100",67,2019,90.0,1.0,1.0,7.0,2263451,2.0,2,1,1,3.0,,0.0,0,1979.0,A01,138Â 205Â 084,1.0,0.0,-1.0,1727728,2.0,7,,0.0,2.0,1.0,B01,138Â 205Â 086,1.0
1012157,201900053688,10,26,19:15,3,1,1,1.0,4.0,67152,RM1083,M,"48,5230500","7,6964100",67,2019,90.0,1.0,1.0,7.0,2263451,2.0,2,1,1,3.0,,0.0,0,1979.0,A01,138Â 205Â 084,1.0,0.0,-1.0,1727729,2.0,7,,0.0,2.0,4.0,C01,138Â 205Â 088,1.0
1012157,201900053688,10,26,19:15,3,1,1,1.0,4.0,67152,RM1083,M,"48,5230500","7,6964100",67,2019,90.0,1.0,1.0,7.0,2263451,2.0,2,1,1,3.0,,0.0,0,1979.0,A01,138Â 205Â 084,1.0,0.0,-1.0,1727730,1.0,7,,0.0,2.0,5.0,D01,138Â 205Â 089,1.0
1012157,201900053688,10,26,19:15,3,1,1,1.0,4.0,67152,RM1083,M,"48,5230500","7,6964100",67,2019,90.0,1.0,1.0,7.0,2263451,2.0,2,1,1,3.0,,0.0,0,1979.0,A01,138Â 205Â 084,1.0,0.0,-1.0,1727731,1.0,7,,0.0,2.0,3.0,E01,138Â 205Â 090,1.0
1012157,201900053688,10,26,19:15,3,1,1,1.0,4.0,67152,RM1083,M,"48,5230500","7,6964100",67,2019,90.0,1.0,1.0,7.0,2263452,3.0,2,1,2,0.0,,0.0,0,2009.0,A01,138Â 205Â 084,1.0,0.0,-1.0,1727727,1.0,7,,0.0,2.0,5.0,A01,138Â 205Â 084,1.0
1012157,201900053688,10,26,19:15,3,1,1,1.0,4.0,67152,RM1083,M,"48,5230500","7,6964100",67,2019,90.0,1.0,1.0,7.0,2263452,3.0,2,1,2,0.0,,0.0,0,2009.0,A01,138Â 205Â 084,1.0,0.0,-1.0,1727728,2.0,7,,0.0,2.0,1.0,B01,138Â 205Â 086,1.0
1012157,201900053688,10,26,19:15,3,1,1,1.0,4.0,67152,RM1083,M,"48,5230500","7,6964100",67,2019,90.0,1.0,1.0,7.0,2263452,3.0,2,1,2,0.0,,0.0,0,2009.0,A01,138Â 205Â 084,1.0,0.0,-1.0,1727729,2.0,7,,0.0,2.0,4.0,C01,138Â 205Â 088,1.0
1012157,201900053688,10,26,19:15,3,1,1,1.0,4.0,67152,RM1083,M,"48,5230500","7,6964100",67,2019,90.0,1.0,1.0,7.0,2263452,3.0,2,1,2,0.0,,0.0,0,2009.0,A01,138Â 205Â 084,1.0,0.0,-1.0,1727730,1.0,7,,0.0,2.0,5.0,D01,138Â 205Â 089,1.0
1012157,201900053688,10,26,19:15,3,1,1,1.0,4.0,67152,RM1083,M,"48,5230500","7,6964100",67,2019,90.0,1.0,1.0,7.0,2263452,3.0,2,1,2,0.0,,0.0,0,2009.0,A01,138Â 205Â 084,1.0,0.0,-1.0,1727731,1.0,7,,0.0,2.0,3.0,E01,138Â 205Â 090,1.0
1012157,201900053688,10,26,19:15,3,1,1,1.0,4.0,67152,RM1083,M,"48,5230500","7,6964100",67,2019,90.0,1.0,1.0,7.0,2263453,1.0,1,1,1,5.0,,0.0,0,1995.0,B01,138Â 205Â 086,1.0,4.0,-1.0,1727727,1.0,7,,0.0,2.0,5.0,A01,138Â 205Â 084,1.0
1012157,201900053688,10,26,19:15,3,1,1,1.0,4.0,67152,RM1083,M,"48,5230500","7,6964100",67,2019,90.0,1.0,1.0,7.0,2263453,1.0,1,1,1,5.0,,0.0,0,1995.0,B01,138Â 205Â 086,1.0,4.0,-1.0,1727728,2.0,7,,0.0,2.0,1.0,B01,138Â 205Â 086,1.0
1012157,201900053688,10,26,19:15,3,1,1,1.0,4.0,67152,RM1083,M,"48,5230500","7,6964100",67,2019,90.0,1.0,1.0,7.0,2263453,1.0,1,1,1,5.0,,0.0,0,1995.0,B01,138Â 205Â 086,1.0,4.0,-1.0,1727729,2.0,7,,0.0,2.0,4.0,C01,138Â 205Â 088,1.0
1012157,201900053688,10,26,19:15,3,1,1,1.0,4.0,67152,RM1083,M,"48,5230500","7,6964100",67,2019,90.0,1.0,1.0,7.0,2263453,1.0,1,1,1,5.0,,0.0,0,1995.0,B01,138Â 205Â 086,1.0,4.0,-1.0,1727730,1.0,7,,0.0,2.0,5.0,D01,138Â 205Â 089,1.0
1012157,201900053688,10,26,19:15,3,1,1,1.0,4.0,67152,RM1083,M,"48,5230500","7,6964100",67,2019,90.0,1.0,1.0,7.0,2263453,1.0,1,1,1,5.0,,0.0,0,1995.0,B01,138Â 205Â 086,1.0,4.0,-1.0,1727731,1.0,7,,0.0,2.0,3.0,E01,138Â 205Â 090,1.0
1012157,201900053688,10,26,19:15,3,1,1,1.0,4.0,67152,RM1083,M,"48,5230500","7,6964100",67,2019,90.0,1.0,1.0,7.0,2263454,1.0,1,4,2,5.0,,0.0,0,1990.0,C01,138Â 205Â 088,1.0,0.0,-1.0,1727727,1.0,7,,0.0,2.0,5.0,A01,138Â 205Â 084,1.0
1012157,201900053688,10,26,19:15,3,1,1,1.0,4.0,67152,RM1083,M,"48,5230500","7,6964100",67,2019,90.0,1.0,1.0,7.0,2263454,1.0,1,4,2,5.0,,0.0,0,1990.0,C01,138Â 205Â 088,1.0,0.0,-1.0,1727728,2.0,7,,0.0,2.0,1.0,B01,138Â 205Â 086,1.0
1012157,201900053688,10,26,19:15,3,1,1,1.0,4.0,67152,RM1083,M,"48,5230500","7,6964100",67,2019,90.0,1.0,1.0,7.0,2263454,1.0,1,4,2,5.0,,0.0,0,1990.0,C01,138Â 205Â 088,1.0,0.0,-1.0,1727729,2.0,7,,0.0,2.0,4.0,C01,138Â 205Â 088,1.0
1012157,201900053688,10,26,19:15,3,1,1,1.0,4.0,67152,RM1083,M,"48,5230500","7,6964100",67,2019,90.0,1.0,1.0,7.0,2263454,1.0,1,4,2,5.0,,0.0,0,1990.0,C01,138Â 205Â 088,1.0,0.0,-1.0,1727730,1.0,7,,0.0,2.0,5.0,D01,138Â 205Â 089,1.0
1012157,201900053688,10,26,19:15,3,1,1,1.0,4.0,67152,RM1083,M,"48,5230500","7,6964100",67,2019,90.0,1.0,1.0,7.0,2263454,1.0,1,4,2,5.0,,0.0,0,1990.0,C01,138Â 205Â 088,1.0,0.0,-1.0,1727731,1.0,7,,0.0,2.0,3.0,E01,138Â 205Â 090,1.0
1012157,201900053688,10,26,19:15,3,1,1,1.0,4.0,67152,RM1083,M,"48,5230500","7,6964100",67,2019,90.0,1.0,1.0,7.0,2263455,1.0,1,4,1,3.0,,0.0,0,1987.0,D01,138Â 205Â 089,1.0,0.0,-1.0,1727727,1.0,7,,0.0,2.0,5.0,A01,138Â 205Â 084,1.0
1012157,201900053688,10,26,19:15,3,1,1,1.0,4.0,67152,RM1083,M,"48,5230500","7,6964100",67,2019,90.0,1.0,1.0,7.0,2263455,1.0,1,4,1,3.0,,0.0,0,1987.0,D01,138Â 205Â 089,1.0,0.0,-1.0,1727728,2.0,7,,0.0,2.0,1.0,B01,138Â 205Â 086,1.0
1012157,201900053688,10,26,19:15,3,1,1,1.0,4.0,67152,RM1083,M,"48,5230500","7,6964100",67,2019,90.0,1.0,1.0,7.0,2263455,1.0,1,4,1,3.0,,0.0,0,1987.0,D01,138Â 205Â 089,1.0,0.0,-1.0,1727729,2.0,7,,0.0,2.0,4.0,C01,138Â 205Â 088,1.0
1012157,201900053688,10,26,19:15,3,1,1,1.0,4.0,67152,RM1083,M,"48,5230500","7,6964100",67,2019,90.0,1.0,1.0,7.0,2263455,1.0,1,4,1,3.0,,0.0,0,1987.0,D01,138Â 205Â 089,1.0,0.0,-1.0,1727730,1.0,7,,0.0,2.0,5.0,D01,138Â 205Â 089,1.0
1012157,201900053688,10,26,19:15,3,1,1,1.0,4.0,67152,RM1083,M,"48,5230500","7,6964100",67,2019,90.0,1.0,1.0,7.0,2263455,1.0,1,4,1,3.0,,0.0,0,1987.0,D01,138Â 205Â 089,1.0,0.0,-1.0,1727731,1.0,7,,0.0,2.0,3.0,E01,138Â 205Â 090,1.0
1012157,201900053688,10,26,19:15,3,1,1,1.0,4.0,67152,RM1083,M,"48,5230500","7,6964100",67,2019,90.0,1.0,1.0,7.0,2263456,2.0,2,1,2,3.0,,0.0,0,1989.0,D01,138Â 205Â 089,1.0,0.0,-1.0,1727727,1.0,7,,0.0,2.0,5.0,A01,138Â 205Â 084,1.0
1012157,201900053688,10,26,19:15,3,1,1,1.0,4.0,67152,RM1083,M,"48,5230500","7,6964100",67,2019,90.0,1.0,1.0,7.0,2263456,2.0,2,1,2,3.0,,0.0,0,1989.0,D01,138Â 205Â 089,1.0,0.0,-1.0,1727728,2.0,7,,0.0,2.0,1.0,B01,138Â 205Â 086,1.0
1012157,201900053688,10,26,19:15,3,1,1,1.0,4.0,67152,RM1083,M,"48,5230500","7,6964100",67,2019,90.0,1.0,1.0,7.0,2263456,2.0,2,1,2,3.0,,0.0,0,1989.0,D01,138Â 205Â 089,1.0,0.0,-1.0,1727729,2.0,7,,0.0,2.0,4.0,C01,138Â 205Â 088,1.0
1012157,201900053688,10,26,19:15,3,1,1,1.0,4.0,67152,RM1083,M,"48,5230500","7,6964100",67,2019,90.0,1.0,1.0,7.0,2263456,2.0,2,1,2,3.0,,0.0,0,1989.0,D01,138Â 205Â 089,1.0,0.0,-1.0,1727730,1.0,7,,0.0,2.0,5.0,D01,138Â 205Â 089,1.0
1012157,201900053688,10,26,19:15,3,1,1,1.0,4.0,67152,RM1083,M,"48,5230500","7,6964100",67,2019,90.0,1.0,1.0,7.0,2263456,2.0,2,1,2,3.0,,0.0,0,1989.0,D01,138Â 205Â 089,1.0,0.0,-1.0,1727731,1.0,7,,0.0,2.0,3.0,E01,138Â 205Â 090,1.0
1012157,201900053688,10,26,19:15,3,1,1,1.0,4.0,67152,RM1083,M,"48,5230500","7,6964100",67,2019,90.0,1.0,1.0,7.0,2263457,1.0,1,4,2,3.0,,0.0,0,1994.0,E01,138Â 205Â 090,1.0,0.0,-1.0,1727727,1.0,7,,0.0,2.0,5.0,A01,138Â 205Â 084,1.0
1012157,201900053688,10,26,19:15,3,1,1,1.0,4.0,67152,RM1083,M,"48,5230500","7,6964100",67,2019,90.0,1.0,1.0,7.0,2263457,1.0,1,4,2,3.0,,0.0,0,1994.0,E01,138Â 205Â 090,1.0,0.0,-1.0,1727728,2.0,7,,0.0,2.0,1.0,B01,138Â 205Â 086,1.0
1012157,201900053688,10,26,19:15,3,1,1,1.0,4.0,67152,RM1083,M,"48,5230500","7,6964100",67,2019,90.0,1.0,1.0,7.0,2263457,1.0,1,4,2,3.0,,0.0,0,1994.0,E01,138Â 205Â 090,1.0,0.0,-1.0,1727729,2.0,7,,0.0,2.0,4.0,C01,138Â 205Â 088,1.0
1012157,201900053688,10,26,19:15,3,1,1,1.0,4.0,67152,RM1083,M,"48,5230500","7,6964100",67,2019,90.0,1.0,1.0,7.0,2263457,1.0,1,4,2,3.0,,0.0,0,1994.0,E01,138Â 205Â 090,1.0,0.0,-1.0,1727730,1.0,7,,0.0,2.0,5.0,D01,138Â 205Â 089,1.0
1012157,201900053688,10,26,19:15,3,1,1,1.0,4.0,67152,RM1083,M,"48,5230500","7,6964100",67,2019,90.0,1.0,1.0,7.0,2263457,1.0,1,4,2,3.0,,0.0,0,1994.0,E01,138Â 205Â 090,1.0,0.0,-1.0,1727731,1.0,7,,0.0,2.0,3.0,E01,138Â 205Â 090,1.0
1012157,201900053688,10,26,19:15,3,1,1,1.0,4.0,67152,RM1083,M,"48,5230500","7,6964100",67,2019,90.0,1.0,1.0,7.0,2263458,2.0,2,4,2,3.0,,0.0,0,1972.0,E01,138Â 205Â 090,1.0,0.0,-1.0,1727727,1.0,7,,0.0,2.0,5.0,A01,138Â 205Â 084,1.0
1012157,201900053688,10,26,19:15,3,1,1,1.0,4.0,67152,RM1083,M,"48,5230500","7,6964100",67,2019,90.0,1.0,1.0,7.0,2263458,2.0,2,4,2,3.0,,0.0,0,1972.0,E01,138Â 205Â 090,1.0,0.0,-1.0,1727728,2.0,7,,0.0,2.0,1.0,B01,138Â 205Â 086,1.0
1012157,201900053688,10,26,19:15,3,1,1,1.0,4.0,67152,RM1083,M,"48,5230500","7,6964100",67,2019,90.0,1.0,1.0,7.0,2263458,2.0,2,4,2,3.0,,0.0,0,1972.0,E01,138Â 205Â 090,1.0,0.0,-1.0,1727729,2.0,7,,0.0,2.0,4.0,C01,138Â 205Â 088,1.0
1012157,201900053688,10,26,19:15,3,1,1,1.0,4.0,67152,RM1083,M,"48,5230500","7,6964100",67,2019,90.0,1.0,1.0,7.0,2263458,2.0,2,4,2,3.0,,0.0,0,1972.0,E01,138Â 205Â 090,1.0,0.0,-1.0,1727730,1.0,7,,0.0,2.0,5.0,D01,138Â 205Â 089,1.0
1012157,201900053688,10,26,19:15,3,1,1,1.0,4.0,67152,RM1083,M,"48,5230500","7,6964100",67,2019,90.0,1.0,1.0,7.0,2263458,2.0,2,4,2,3.0,,0.0,0,1972.0,E01,138Â 205Â 090,1.0,0.0,-1.0,1727731,1.0,7,,0.0,2.0,3.0,E01,138Â 205Â 090,1.0
1012158,201900053689,10,27,13:20,1,1,1,1.0,2.0,33281,ROCADE A 630,M,"44,8551800"," -0,6641900",33,2019,90.0,1.0,1.0,1.0,2263459,10.0,3,1,1,0.0,,6.0,A,1995.0,B01,138Â 205Â 081,8.0,8.0,-1.0,1727732,1.0,7,,0.0,2.0,4.0,B01,138Â 205Â 081,1.0
1012158,201900053689,10,27,13:20,1,1,1,1.0,2.0,33281,ROCADE A 630,M,"44,8551800"," -0,6641900",33,2019,90.0,1.0,1.0,1.0,2263459,10.0,3,1,1,0.0,,6.0,A,1995.0,B01,138Â 205Â 081,8.0,8.0,-1.0,1727733,1.0,7,,0.0,2.0,1.0,A01,138Â 205Â 082,1.0
1012158,201900053689,10,27,13:20,1,1,1,1.0,2.0,33281,ROCADE A 630,M,"44,8551800"," -0,6641900",33,2019,90.0,1.0,1.0,1.0,2263460,10.0,3,1,1,0.0,,6.0,A,1998.0,B01,138Â 205Â 081,8.0,8.0,-1.0,1727732,1.0,7,,0.0,2.0,4.0,B01,138Â 205Â 081,1.0
1012158,201900053689,10,27,13:20,1,1,1,1.0,2.0,33281,ROCADE A 630,M,"44,8551800"," -0,6641900",33,2019,90.0,1.0,1.0,1.0,2263460,10.0,3,1,1,0.0,,6.0,A,1998.0,B01,138Â 205Â 081,8.0,8.0,-1.0,1727733,1.0,7,,0.0,2.0,1.0,A01,138Â 205Â 082,1.0
1012158,201900053689,10,27,13:20,1,1,1,1.0,2.0,33281,ROCADE A 630,M,"44,8551800"," -0,6641900",33,2019,90.0,1.0,1.0,1.0,2263461,2.0,2,4,2,4.0,,-1.0,0,2000.0,A01,138Â 205Â 082,1.0,8.0,-1.0,1727732,1.0,7,,0.0,2.0,4.0,B01,138Â 205Â 081,1.0
1012158,201900053689,10,27,13:20,1,1,1,1.0,2.0,33281,ROCADE A 630,M,"44,8551800"," -0,6641900",33,2019,90.0,1.0,1.0,1.0,2263461,2.0,2,4,2,4.0,,-1.0,0,2000.0,A01,138Â 205Â 082,1.0,8.0,-1.0,1727733,1.0,7,,0.0,2.0,1.0,A01,138Â 205Â 082,1.0
1012158,201900053689,10,27,13:20,1,1,1,1.0,2.0,33281,ROCADE A 630,M,"44,8551800"," -0,6641900",33,2019,90.0,1.0,1.0,1.0,2263462,1.0,1,4,1,4.0,,-1.0, -1,1966.0,A01,138Â 205Â 082,1.0,8.0,-1.0,1727732,1.0,7,,0.0,2.0,4.0,B01,138Â 205Â 081,1.0
1012158,201900053689,10,27,13:20,1,1,1,1.0,2.0,33281,ROCADE A 630,M,"44,8551800"," -0,6641900",33,2019,90.0,1.0,1.0,1.0,2263462,1.0,1,4,1,4.0,,-1.0, -1,1966.0,A01,138Â 205Â 082,1.0,8.0,-1.0,1727733,1.0,7,,0.0,2.0,1.0,A01,138Â 205Â 082,1.0
1012158,201900053689,10,27,13:20,1,1,1,1.0,2.0,33281,ROCADE A 630,M,"44,8551800"," -0,6641900",33,2019,90.0,1.0,1.0,1.0,2263463,2.0,2,4,1,4.0,,-1.0,0,2001.0,A01,138Â 205Â 082,1.0,8.0,-1.0,1727732,1.0,7,,0.0,2.0,4.0,B01,138Â 205Â 081,1.0
1012158,201900053689,10,27,13:20,1,1,1,1.0,2.0,33281,ROCADE A 630,M,"44,8551800"," -0,6641900",33,2019,90.0,1.0,1.0,1.0,2263463,2.0,2,4,1,4.0,,-1.0,0,2001.0,A01,138Â 205Â 082,1.0,8.0,-1.0,1727733,1.0,7,,0.0,2.0,1.0,A01,138Â 205Â 082,1.0
1012159,201900053690,9,22,19:41,2,2,2,1.0,3.0,72181,RUAUDIN (RUE) NÂ° PAIRS 74 A 190,M,"47,9791000","0,2183100",72,2019,50.0,1.0,1.0,7.0,2263464,1.0,1,4,1,0.0,,0.0,0,1933.0,B01,138Â 205Â 079,1.0,0.0,-1.0,1727734,2.0,7,,0.0,2.0,2.0,B01,138Â 205Â 079,1.0
1012159,201900053690,9,22,19:41,2,2,2,1.0,3.0,72181,RUAUDIN (RUE) NÂ° PAIRS 74 A 190,M,"47,9791000","0,2183100",72,2019,50.0,1.0,1.0,7.0,2263464,1.0,1,4,1,0.0,,0.0,0,1933.0,B01,138Â 205Â 079,1.0,0.0,-1.0,1727735,1.0,7,,0.0,2.0,1.0,A01,138Â 205Â 080,1.0
1012159,201900053690,9,22,19:41,2,2,2,1.0,3.0,72181,RUAUDIN (RUE) NÂ° PAIRS 74 A 190,M,"47,9791000","0,2183100",72,2019,50.0,1.0,1.0,7.0,2263465,2.0,2,4,2,0.0,,0.0,0,1944.0,B01,138Â 205Â 079,1.0,0.0,-1.0,1727734,2.0,7,,0.0,2.0,2.0,B01,138Â 205Â 079,1.0
1012159,201900053690,9,22,19:41,2,2,2,1.0,3.0,72181,RUAUDIN (RUE) NÂ° PAIRS 74 A 190,M,"47,9791000","0,2183100",72,2019,50.0,1.0,1.0,7.0,2263465,2.0,2,4,2,0.0,,0.0,0,1944.0,B01,138Â 205Â 079,1.0,0.0,-1.0,1727735,1.0,7,,0.0,2.0,1.0,A01,138Â 205Â 080,1.0
1012159,201900053690,9,22,19:41,2,2,2,1.0,3.0,72181,RUAUDIN (RUE) NÂ° PAIRS 74 A 190,M,"47,9791000","0,2183100",72,2019,50.0,1.0,1.0,7.0,2263466,1.0,1,1,1,0.0,,0.0,0,1987.0,A01,138Â 205Â 080,1.0,0.0,-1.0,1727734,2.0,7,,0.0,2.0,2.0,B01,138Â 205Â 079,1.0
1012159,201900053690,9,22,19:41,2,2,2,1.0,3.0,72181,RUAUDIN (RUE) NÂ° PAIRS 74 A 190,M,"47,9791000","0,2183100",72,2019,50.0,1.0,1.0,7.0,2263466,1.0,1,1,1,0.0,,0.0,0,1987.0,A01,138Â 205Â 080,1.0,0.0,-1.0,1727735,1.0,7,,0.0,2.0,1.0,A01,138Â 205Â 080,1.0
1012160,201900053691,10,27,16:00,1,1,1,2.0,7.0,91521,RN 449,M,"48,6338000","2,4062000",91,2019,50.0,1.0,2.0,2.0,2263467,1.0,1,1,1,0.0,,0.0,0,1999.0,A01,138Â 205Â 078,1.0,0.0,-1.0,1727736,1.0,7,,13.0,0.0,4.0,A01,138Â 205Â 078,1.0
1012160,201900053691,10,27,16:00,1,1,1,2.0,7.0,91521,RN 449,M,"48,6338000","2,4062000",91,2019,50.0,1.0,2.0,2.0,2263468,4.0,2,4,2,0.0,,0.0,0,1996.0,A01,138Â 205Â 078,1.0,0.0,-1.0,1727736,1.0,7,,13.0,0.0,4.0,A01,138Â 205Â 078,1.0
1012161,201900053692,9,23,07:00,2,2,1,1.0,3.0,71270,GAMBETTA (RUE),M,"46,3016967","4,8324924",71,2019,50.0,1.0,2.0,4.0,2263469,1.0,1,4,1,3.0,,-1.0, -1,2003.0,B01,138Â 205Â 076,8.0,0.0,-1.0,1727737,2.0,1,,1.0,0.0,1.0,B01,138Â 205Â 076,0.0
1012161,201900053692,9,23,07:00,2,2,1,1.0,3.0,71270,GAMBETTA (RUE),M,"46,3016967","4,8324924",71,2019,50.0,1.0,2.0,4.0,2263469,1.0,1,4,1,3.0,,-1.0, -1,2003.0,B01,138Â 205Â 076,8.0,0.0,-1.0,1727738,2.0,7,,0.0,2.0,8.0,A01,138Â 205Â 077,1.0
1012161,201900053692,9,23,07:00,2,2,1,1.0,3.0,71270,GAMBETTA (RUE),M,"46,3016967","4,8324924",71,2019,50.0,1.0,2.0,4.0,2263470,1.0,1,1,1,0.0,,-1.0,0,1958.0,A01,138Â 205Â 077,8.0,0.0,-1.0,1727737,2.0,1,,1.0,0.0,1.0,B01,138Â 205Â 076,0.0
1012161,201900053692,9,23,07:00,2,2,1,1.0,3.0,71270,GAMBETTA (RUE),M,"46,3016967","4,8324924",71,2019,50.0,1.0,2.0,4.0,2263470,1.0,1,1,1,0.0,,-1.0,0,1958.0,A01,138Â 205Â 077,8.0,0.0,-1.0,1727738,2.0,7,,0.0,2.0,8.0,A01,138Â 205Â 077,1.0
1012162,201900053693,10,27,12:55,1,1,1,2.0,2.0,91521,RN 441,M,"48,6400900","2,3947400",91,2019,70.0,1.0,2.0,2.0,2263471,1.0,1,4,2,5.0,,0.0,0,1989.0,A01,138Â 205Â 074,1.0,0.0,-1.0,1727739,1.0,7,,0.0,2.0,2.0,A01,138Â 205Â 074,1.0
1012162,201900053693,10,27,12:55,1,1,1,2.0,2.0,91521,RN 441,M,"48,6400900","2,3947400",91,2019,70.0,1.0,2.0,2.0,2263471,1.0,1,4,2,5.0,,0.0,0,1989.0,A01,138Â 205Â 074,1.0,0.0,-1.0,1727740,1.0,7,,0.0,2.0,6.0,B01,138Â 205Â 075,1.0
1012162,201900053693,10,27,12:55,1,1,1,2.0,2.0,91521,RN 441,M,"48,6400900","2,3947400",91,2019,70.0,1.0,2.0,2.0,2263472,1.0,1,1,2,5.0,,0.0,0,2000.0,B01,138Â 205Â 075,1.0,0.0,-1.0,1727739,1.0,7,,0.0,2.0,2.0,A01,138Â 205Â 074,1.0
1012162,201900053693,10,27,12:55,1,1,1,2.0,2.0,91521,RN 441,M,"48,6400900","2,3947400",91,2019,70.0,1.0,2.0,2.0,2263472,1.0,1,1,2,5.0,,0.0,0,2000.0,B01,138Â 205Â 075,1.0,0.0,-1.0,1727740,1.0,7,,0.0,2.0,6.0,B01,138Â 205Â 075,1.0
1012163,201900053694,10,27,02:20,3,1,1,1.0,7.0,91179,AUTOROUTE A6,M,"48,5700200","2,4698300",91,2019,110.0,1.0,1.0,1.0,2263473,1.0,1,4,1,5.0,,0.0,0,1991.0,A01,138Â 205Â 071,1.0,0.0,-1.0,1727741,1.0,7,,0.0,0.0,1.0,A01,138Â 205Â 071,0.0
1012164,201900053695,9,23,21:46,5,2,9,1.0,3.0,69029,UNIVERSITE  (DE L')              (BD),M,"45,7247100","4,9236900",69,2019,50.0,1.0,1.0,4.0,2263474,1.0,1,1,1,0.0,,-1.0, -1,1986.0,A01,138Â 205Â 069,1.0,0.0,-1.0,1727742,3.0,7,,0.0,2.0,8.0,A01,138Â 205Â 069,1.0
1012164,201900053695,9,23,21:46,5,2,9,1.0,3.0,69029,UNIVERSITE  (DE L')              (BD),M,"45,7247100","4,9236900",69,2019,50.0,1.0,1.0,4.0,2263474,1.0,1,1,1,0.0,,-1.0, -1,1986.0,A01,138Â 205Â 069,1.0,0.0,-1.0,1727743,1.0,32,,0.0,2.0,1.0,B01,138Â 205Â 070,1.0
1012164,201900053695,9,23,21:46,5,2,9,1.0,3.0,69029,UNIVERSITE  (DE L')              (BD),M,"45,7247100","4,9236900",69,2019,50.0,1.0,1.0,4.0,2263475,1.0,1,4,1,0.0,,-1.0, -1,1959.0,B01,138Â 205Â 070,2.0,0.0,-1.0,1727742,3.0,7,,0.0,2.0,8.0,A01,138Â 205Â 069,1.0