Unnamed: 0_x,num_acc,mois,jour,hrmn,lum,agg,int,atm,col,com,adr,gps,lat,long,dep,annee,vma,situ,surf,catr,Unnamed: 0_y,place,catu,grav,sexe,trajet,secu,locp,actp,an_nais,num_veh_x,id_vehicule_x,secu1,secu2,secu3,Unnamed: 0,senc,catv,occutc,obs,obsm,choc,num_veh_y,id_vehicule_y,motor
1012164,201900053695,9,23,21:46,5,2,9,1.0,3.0,69029,UNIVERSITE  (DE L')              (BD),M,"45,7247100","4,9236900",69,2019,50.0,1.0,1.0,4.0,2263475,1.0,1,4,1,0.0,,-1.0, -1,1959.0,B01,138Â 205Â 070,2.0,0.0,-1.0,1727743,1.0,32,,0.0,2.0,1.0,B01,138Â 205Â 070,1.0
1012165,201900053696,9,23,08:20,1,2,1,1.0,6.0,69266,8 MAI 1945   (Rue du),M,"45,7700300","4,8964000",69,2019,50.0,1.0,1.0,7.0,2263476,10.0,3,4,2,0.0,,3.0,3,2016.0,A01,138Â 205Â 067,8.0,0.0,-1.0,1727744,2.0,7,,0.0,1.0,0.0,A01,138Â 205Â 067,1.0
1012165,201900053696,9,23,08:20,1,2,1,1.0,6.0,69266,8 MAI 1945   (Rue du),M,"45,7700300","4,8964000",69,2019,50.0,1.0,1.0,7.0,2263477,1.0,1,1,1,0.0,,-1.0, -1,1968.0,A01,138Â 205Â 067,1.0,0.0,-1.0,1727744,2.0,7,,0.0,1.0,0.0,A01,138Â 205Â 067,1.0
1012166,201900053697,10,27,00:50,5,1,1,1.0,6.0,94034,AUTOROUTE A86,M,"48,7785700","2,3461000",94,2019,90.0,1.0,1.0,1.0,2263478,1.0,1,4,1,5.0,,-1.0, -1,1987.0,A01,138Â 205Â 068,1.0,8.0,-1.0,1727745,1.0,10,,4.0,0.0,1.0,A01,138Â 205Â 068,1.0
1012167,201900053698,9,22,19:15,2,2,3,3.0,3.0,69029,FRANKLIN ROOSEVELT                  (AV),M,"45,7376300","4,8963600",69,2019,50.0,1.0,2.0,4.0,2263479,1.0,1,4,1,0.0,,-1.0, -1,1990.0,B01,138Â 205Â 065,1.0,8.0,-1.0,1727746,1.0,7,,0.0,2.0,2.0,B01,138Â 205Â 065,1.0
1012167,201900053698,9,22,19:15,2,2,3,3.0,3.0,69029,FRANKLIN ROOSEVELT                  (AV),M,"45,7376300","4,8963600",69,2019,50.0,1.0,2.0,4.0,2263479,1.0,1,4,1,0.0,,-1.0, -1,1990.0,B01,138Â 205Â 065,1.0,8.0,-1.0,1727747,3.0,7,,0.0,2.0,8.0,A01,138Â 205Â 066,1.0
1012167,201900053698,9,22,19:15,2,2,3,3.0,3.0,69029,FRANKLIN ROOSEVELT                  (AV),M,"45,7376300","4,8963600",69,2019,50.0,1.0,2.0,4.0,2263480,1.0,1,1,1,0.0,,-1.0, -1,1983.0,A01,138Â 205Â 066,1.0,8.0,-1.0,1727746,1.0,7,,0.0,2.0,2.0,B01,138Â 205Â 065,1.0
1012167,201900053698,9,22,19:15,2,2,3,3.0,3.0,69029,FRANKLIN ROOSEVELT                  (AV),M,"45,7376300","4,8963600",69,2019,50.0,1.0,2.0,4.0,2263480,1.0,1,1,1,0.0,,-1.0, -1,1983.0,A01,138Â 205Â 066,1.0,8.0,-1.0,1727747,3.0,7,,0.0,2.0,8.0,A01,138Â 205Â 066,1.0
1012168,201900053699,10,26,22:10,5,1,1,1.0,3.0,94034,AUTOROUTE A86,M,"48,7557300","2,3427700",94,2019,90.0,1.0,1.0,1.0,2263481,1.0,1,1,2,4.0,,-1.0, -1,1969.0,A01,138Â 205Â 062,1.0,0.0,-1.0,1727748,2.0,38,1.0,0.0,2.0,2.0,A01,138Â 205Â 062,1.0
1012168,201900053699,10,26,22:10,5,1,1,1.0,3.0,94034,AUTOROUTE A86,M,"48,7557300","2,3427700",94,2019,90.0,1.0,1.0,1.0,2263481,1.0,1,1,2,4.0,,-1.0, -1,1969.0,A01,138Â 205Â 062,1.0,0.0,-1.0,1727749,2.0,7,,0.0,2.0,8.0,B01,138Â 205Â 064,1.0
1012168,201900053699,10,26,22:10,5,1,1,1.0,3.0,94034,AUTOROUTE A86,M,"48,7557300","2,3427700",94,2019,90.0,1.0,1.0,1.0,2263482,1.0,1,4,1,5.0,,-1.0, -1,1954.0,B01,138Â 205Â 064,1.0,0.0,-1.0,1727748,2.0,38,1.0,0.0,2.0,2.0,A01,138Â 205Â 062,1.0
1012168,201900053699,10,26,22:10,5,1,1,1.0,3.0,94034,AUTOROUTE A86,M,"48,7557300","2,3427700",94,2019,90.0,1.0,1.0,1.0,2263482,1.0,1,4,1,5.0,,-1.0, -1,1954.0,B01,138Â 205Â 064,1.0,0.0,-1.0,1727749,2.0,7,,0.0,2.0,8.0,B01,138Â 205Â 064,1.0
1012169,201900053700,9,20,09:20,1,2,1,1.0,6.0,67482,VIEUX MARCHE AUX VINS (RUE DU),M,"48,5839170","7,7421510",67,2019,30.0,1.0,1.0,4.0,2263483,1.0,1,1,1,4.0,,-1.0,0,1972.0,A01,138Â 205Â 061,8.0,0.0,-1.0,1727750,1.0,10,,0.0,2.0,3.0,A01,138Â 205Â 061,1.0
1012169,201900053700,9,20,09:20,1,2,1,1.0,6.0,67482,VIEUX MARCHE AUX VINS (RUE DU),M,"48,5839170","7,7421510",67,2019,30.0,1.0,1.0,4.0,2263483,1.0,1,1,1,4.0,,-1.0,0,1972.0,A01,138Â 205Â 061,8.0,0.0,-1.0,1727751,2.0,1,,0.0,2.0,1.0,B01,138Â 205Â 063,5.0
1012169,201900053700,9,20,09:20,1,2,1,1.0,6.0,67482,VIEUX MARCHE AUX VINS (RUE DU),M,"48,5839170","7,7421510",67,2019,30.0,1.0,1.0,4.0,2263484,1.0,1,4,2,0.0,,-1.0,0,1988.0,B01,138Â 205Â 063,8.0,0.0,-1.0,1727750,1.0,10,,0.0,2.0,3.0,A01,138Â 205Â 061,1.0
1012169,201900053700,9,20,09:20,1,2,1,1.0,6.0,67482,VIEUX MARCHE AUX VINS (RUE DU),M,"48,5839170","7,7421510",67,2019,30.0,1.0,1.0,4.0,2263484,1.0,1,4,2,0.0,,-1.0,0,1988.0,B01,138Â 205Â 063,8.0,0.0,-1.0,1727751,2.0,1,,0.0,2.0,1.0,B01,138Â 205Â 063,5.0
1012170,201900053701,10,27,13:45,1,1,1,2.0,3.0,77258,A4.Y,M,"48,8298260","2,6230930",77,2019,110.0,1.0,1.0,1.0,2263485,1.0,1,1,2,5.0,,-1.0, -1,1997.0,A01,138Â 205Â 058,1.0,8.0,-1.0,1727752,1.0,7,,0.0,2.0,8.0,A01,138Â 205Â 058,1.0
1012170,201900053701,10,27,13:45,1,1,1,2.0,3.0,77258,A4.Y,M,"48,8298260","2,6230930",77,2019,110.0,1.0,1.0,1.0,2263485,1.0,1,1,2,5.0,,-1.0, -1,1997.0,A01,138Â 205Â 058,1.0,8.0,-1.0,1727753,1.0,7,,0.0,2.0,7.0,B01,138Â 205Â 059,1.0
1012170,201900053701,10,27,13:45,1,1,1,2.0,3.0,77258,A4.Y,M,"48,8298260","2,6230930",77,2019,110.0,1.0,1.0,1.0,2263486,2.0,2,4,2,5.0,,-1.0,0,1959.0,B01,138Â 205Â 059,1.0,8.0,-1.0,1727752,1.0,7,,0.0,2.0,8.0,A01,138Â 205Â 058,1.0
1012170,201900053701,10,27,13:45,1,1,1,2.0,3.0,77258,A4.Y,M,"48,8298260","2,6230930",77,2019,110.0,1.0,1.0,1.0,2263486,2.0,2,4,2,5.0,,-1.0,0,1959.0,B01,138Â 205Â 059,1.0,8.0,-1.0,1727753,1.0,7,,0.0,2.0,7.0,B01,138Â 205Â 059,1.0
1012170,201900053701,10,27,13:45,1,1,1,2.0,3.0,77258,A4.Y,M,"48,8298260","2,6230930",77,2019,110.0,1.0,1.0,1.0,2263487,1.0,1,1,1,5.0,,-1.0,0,1998.0,B01,138Â 205Â 059,1.0,8.0,-1.0,1727752,1.0,7,,0.0,2.0,8.0,A01,138Â 205Â 058,1.0
1012170,201900053701,10,27,13:45,1,1,1,2.0,3.0,77258,A4.Y,M,"48,8298260","2,6230930",77,2019,110.0,1.0,1.0,1.0,2263487,1.0,1,1,1,5.0,,-1.0,0,1998.0,B01,138Â 205Â 059,1.0,8.0,-1.0,1727753,1.0,7,,0.0,2.0,7.0,B01,138Â 205Â 059,1.0
1012171,201900053702,9,23,16:10,1,2,3,1.0,3.0,67180,CULTIVATEURS (RUE DES),M,"48,8194500","7,7888000",67,2019,50.0,1.0,1.0,4.0,2263488,1.0,1,1,1,1.0,,-1.0,0,1969.0,A01,138Â 205Â 057,8.0,0.0,-1.0,1727754,3.0,7,,0.0,2.0,2.0,A01,138Â 205Â 057,1.0
1012171,201900053702,9,23,16:10,1,2,3,1.0,3.0,67180,CULTIVATEURS (RUE DES),M,"48,8194500","7,7888000",67,2019,50.0,1.0,1.0,4.0,2263488,1.0,1,1,1,1.0,,-1.0,0,1969.0,A01,138Â 205Â 057,8.0,0.0,-1.0,1727755,3.0,1,,0.0,2.0,1.0,B01,138Â 205Â 060,5.0
1012171,201900053702,9,23,16:10,1,2,3,1.0,3.0,67180,CULTIVATEURS (RUE DES),M,"48,8194500","7,7888000",67,2019,50.0,1.0,1.0,4.0,2263489,1.0,1,4,1,5.0,,-1.0,0,1976.0,B01,138Â 205Â 060,8.0,0.0,-1.0,1727754,3.0,7,,0.0,2.0,2.0,A01,138Â 205Â 057,1.0
1012171,201900053702,9,23,16:10,1,2,3,1.0,3.0,67180,CULTIVATEURS (RUE DES),M,"48,8194500","7,7888000",67,2019,50.0,1.0,1.0,4.0,2263489,1.0,1,4,1,5.0,,-1.0,0,1976.0,B01,138Â 205Â 060,8.0,0.0,-1.0,1727755,3.0,1,,0.0,2.0,1.0,B01,138Â 205Â 060,5.0
1012172,201900053703,9,22,14:57,1,2,1,1.0,6.0,66136,POUDRIERE (CHEMIN DE LA),M,"42,7083900","2,8947000",66,2019,50.0,1.0,1.0,4.0,2263490,10.0,3,4,1,5.0,,2.0,5,1965.0,A01,138Â 205Â 055,8.0,0.0,-1.0,1727756,1.0,7,,0.0,1.0,5.0,A01,138Â 205Â 055,1.0
1012172,201900053703,9,22,14:57,1,2,1,1.0,6.0,66136,POUDRIERE (CHEMIN DE LA),M,"42,7083900","2,8947000",66,2019,50.0,1.0,1.0,4.0,2263491,10.0,3,4,1,5.0,,2.0,5,2007.0,A01,138Â 205Â 055,8.0,0.0,-1.0,1727756,1.0,7,,0.0,1.0,5.0,A01,138Â 205Â 055,1.0
1012172,201900053703,9,22,14:57,1,2,1,1.0,6.0,66136,POUDRIERE (CHEMIN DE LA),M,"42,7083900","2,8947000",66,2019,50.0,1.0,1.0,4.0,2263492,1.0,1,1,1,9.0,,0.0,0,1965.0,A01,138Â 205Â 055,1.0,8.0,-1.0,1727756,1.0,7,,0.0,1.0,5.0,A01,138Â 205Â 055,1.0
1012173,201900053704,9,20,18:08,1,2,3,1.0,3.0,66136,COTE DES CARMES,M,"42,6970300","2,9003600",66,2019,50.0,1.0,1.0,4.0,2263493,1.0,1,1,1,9.0,,-1.0, -1,1993.0,B01,138Â 205Â 052,1.0,8.0,-1.0,1727757,1.0,7,,0.0,6.0,5.0,B01,138Â 205Â 052,0.0
1012173,201900053704,9,20,18:08,1,2,3,1.0,3.0,66136,COTE DES CARMES,M,"42,6970300","2,9003600",66,2019,50.0,1.0,1.0,4.0,2263493,1.0,1,1,1,9.0,,-1.0, -1,1993.0,B01,138Â 205Â 052,1.0,8.0,-1.0,1727758,1.0,1,,0.0,2.0,1.0,A01,138Â 205Â 054,5.0
1012173,201900053704,9,20,18:08,1,2,3,1.0,3.0,66136,COTE DES CARMES,M,"42,6970300","2,9003600",66,2019,50.0,1.0,1.0,4.0,2263494,1.0,1,4,1,9.0,,0.0,0,1983.0,A01,138Â 205Â 054,8.0,0.0,-1.0,1727757,1.0,7,,0.0,6.0,5.0,B01,138Â 205Â 052,0.0
1012173,201900053704,9,20,18:08,1,2,3,1.0,3.0,66136,COTE DES CARMES,M,"42,6970300","2,9003600",66,2019,50.0,1.0,1.0,4.0,2263494,1.0,1,4,1,9.0,,0.0,0,1983.0,A01,138Â 205Â 054,8.0,0.0,-1.0,1727758,1.0,1,,0.0,2.0,1.0,A01,138Â 205Â 054,5.0
1012174,201900053705,9,23,15:40,1,2,1,1.0,6.0,64445,JEAN MERMOZ,M,"43,3098600"," -0,3770400",64,2019,50.0,1.0,1.0,4.0,2263495,1.0,1,4,1,9.0,,0.0,0,1993.0,A01,138Â 205Â 049,8.0,8.0,-1.0,1727759,2.0,1,,1.0,0.0,1.0,A01,138Â 205Â 049,5.0
1012174,201900053705,9,23,15:40,1,2,1,1.0,6.0,64445,JEAN MERMOZ,M,"43,3098600"," -0,3770400",64,2019,50.0,1.0,1.0,4.0,2263495,1.0,1,4,1,9.0,,0.0,0,1993.0,A01,138Â 205Â 049,8.0,8.0,-1.0,1727760,2.0,7,,0.0,2.0,8.0,B01,138Â 205Â 051,1.0
1012174,201900053705,9,23,15:40,1,2,1,1.0,6.0,64445,JEAN MERMOZ,M,"43,3098600"," -0,3770400",64,2019,50.0,1.0,1.0,4.0,2263496,1.0,1,1,1,9.0,,0.0,0,1981.0,B01,138Â 205Â 051,8.0,8.0,-1.0,1727759,2.0,1,,1.0,0.0,1.0,A01,138Â 205Â 049,5.0
1012174,201900053705,9,23,15:40,1,2,1,1.0,6.0,64445,JEAN MERMOZ,M,"43,3098600"," -0,3770400",64,2019,50.0,1.0,1.0,4.0,2263496,1.0,1,1,1,9.0,,0.0,0,1981.0,B01,138Â 205Â 051,8.0,8.0,-1.0,1727760,2.0,7,,0.0,2.0,8.0,B01,138Â 205Â 051,1.0
1012175,201900053706,9,22,06:05,5,2,1,2.0,2.0,64102,SOULT (AVENUE MARECHAL),M,"43,4875800"," -1,4834100",64,2019,50.0,1.0,2.0,3.0,2263497,1.0,1,4,2,5.0,,0.0,0,1997.0,A01,138Â 205Â 046,1.0,8.0,-1.0,1727761,2.0,7,,0.0,2.0,1.0,A01,138Â 205Â 046,1.0
1012175,201900053706,9,22,06:05,5,2,1,2.0,2.0,64102,SOULT (AVENUE MARECHAL),M,"43,4875800"," -1,4834100",64,2019,50.0,1.0,2.0,3.0,2263497,1.0,1,4,2,5.0,,0.0,0,1997.0,A01,138Â 205Â 046,1.0,8.0,-1.0,1727762,2.0,7,,0.0,2.0,4.0,B01,138Â 205Â 047,1.0
1012175,201900053706,9,22,06:05,5,2,1,2.0,2.0,64102,SOULT (AVENUE MARECHAL),M,"43,4875800"," -1,4834100",64,2019,50.0,1.0,2.0,3.0,2263498,1.0,1,4,2,5.0,,0.0,0,1994.0,B01,138Â 205Â 047,1.0,0.0,-1.0,1727761,2.0,7,,0.0,2.0,1.0,A01,138Â 205Â 046,1.0
1012175,201900053706,9,22,06:05,5,2,1,2.0,2.0,64102,SOULT (AVENUE MARECHAL),M,"43,4875800"," -1,4834100",64,2019,50.0,1.0,2.0,3.0,2263498,1.0,1,4,2,5.0,,0.0,0,1994.0,B01,138Â 205Â 047,1.0,0.0,-1.0,1727762,2.0,7,,0.0,2.0,4.0,B01,138Â 205Â 047,1.0
1012176,201900053707,10,27,01:55,3,1,1,1.0,2.0,94018,A4,M,"48,8203988","2,4015747",94,2019,90.0,1.0,1.0,1.0,2263499,5.0,2,4,2,5.0,,-1.0,0,1999.0,B01,138Â 205Â 044,8.0,0.0,-1.0,1727763,2.0,7,,0.0,2.0,4.0,B01,138Â 205Â 044,1.0
1012176,201900053707,10,27,01:55,3,1,1,1.0,2.0,94018,A4,M,"48,8203988","2,4015747",94,2019,90.0,1.0,1.0,1.0,2263499,5.0,2,4,2,5.0,,-1.0,0,1999.0,B01,138Â 205Â 044,8.0,0.0,-1.0,1727764,2.0,7,,0.0,2.0,3.0,A01,138Â 205Â 045,1.0
1012176,201900053707,10,27,01:55,3,1,1,1.0,2.0,94018,A4,M,"48,8203988","2,4015747",94,2019,90.0,1.0,1.0,1.0,2263500,1.0,1,1,1,5.0,,-1.0,0,1987.0,B01,138Â 205Â 044,1.0,0.0,-1.0,1727763,2.0,7,,0.0,2.0,4.0,B01,138Â 205Â 044,1.0
1012176,201900053707,10,27,01:55,3,1,1,1.0,2.0,94018,A4,M,"48,8203988","2,4015747",94,2019,90.0,1.0,1.0,1.0,2263500,1.0,1,1,1,5.0,,-1.0,0,1987.0,B01,138Â 205Â 044,1.0,0.0,-1.0,1727764,2.0,7,,0.0,2.0,3.0,A01,138Â 205Â 045,1.0
1012176,201900053707,10,27,01:55,3,1,1,1.0,2.0,94018,A4,M,"48,8203988","2,4015747",94,2019,90.0,1.0,1.0,1.0,2263501,4.0,2,4,2,5.0,,-1.0,0,1993.0,B01,138Â 205Â 044,8.0,0.0,-1.0,1727763,2.0,7,,0.0,2.0,4.0,B01,138Â 205Â 044,1.0
1012176,201900053707,10,27,01:55,3,1,1,1.0,2.0,94018,A4,M,"48,8203988","2,4015747",94,2019,90.0,1.0,1.0,1.0,2263501,4.0,2,4,2,5.0,,-1.0,0,1993.0,B01,138Â 205Â 044,8.0,0.0,-1.0,1727764,2.0,7,,0.0,2.0,3.0,A01,138Â 205Â 045,1.0
1012176,201900053707,10,27,01:55,3,1,1,1.0,2.0,94018,A4,M,"48,8203988","2,4015747",94,2019,90.0,1.0,1.0,1.0,2263502,3.0,2,4,2,5.0,,-1.0,0,1996.0,B01,138Â 205Â 044,8.0,0.0,-1.0,1727763,2.0,7,,0.0,2.0,4.0,B01,138Â 205Â 044,1.0
1012176,201900053707,10,27,01:55,3,1,1,1.0,2.0,94018,A4,M,"48,8203988","2,4015747",94,2019,90.0,1.0,1.0,1.0,2263502,3.0,2,4,2,5.0,,-1.0,0,1996.0,B01,138Â 205Â 044,8.0,0.0,-1.0,1727764,2.0,7,,0.0,2.0,3.0,A01,138Â 205Â 045,1.0
1012176,201900053707,10,27,01:55,3,1,1,1.0,2.0,94018,A4,M,"48,8203988","2,4015747",94,2019,90.0,1.0,1.0,1.0,2263503,2.0,2,1,1,5.0,,-1.0,0,1994.0,B01,138Â 205Â 044,1.0,0.0,-1.0,1727763,2.0,7,,0.0,2.0,4.0,B01,138Â 205Â 044,1.0
1012176,201900053707,10,27,01:55,3,1,1,1.0,2.0,94018,A4,M,"48,8203988","2,4015747",94,2019,90.0,1.0,1.0,1.0,2263503,2.0,2,1,1,5.0,,-1.0,0,1994.0,B01,138Â 205Â 044,1.0,0.0,-1.0,1727764,2.0,7,,0.0,2.0,3.0,A01,138Â 205Â 045,1.0
1012176,201900053707,10,27,01:55,3,1,1,1.0,2.0,94018,A4,M,"48,8203988","2,4015747",94,2019,90.0,1.0,1.0,1.0,2263504,3.0,2,4,2,5.0,,-1.0,0,1999.0,B01,138Â 205Â 044,8.0,0.0,-1.0,1727763,2.0,7,,0.0,2.0,4.0,B01,138Â 205Â 044,1.0
1012176,201900053707,10,27,01:55,3,1,1,1.0,2.0,94018,A4,M,"48,8203988","2,4015747",94,2019,90.0,1.0,1.0,1.0,2263504,3.0,2,4,2,5.0,,-1.0,0,1999.0,B01,138Â 205Â 044,8.0,0.0,-1.0,1727764,2.0,7,,0.0,2.0,3.0,A01,138Â 205Â 045,1.0
1012176,201900053707,10,27,01:55,3,1,1,1.0,2.0,94018,A4,M,"48,8203988","2,4015747",94,2019,90.0,1.0,1.0,1.0,2263505,1.0,1,1,1,5.0,,0.0,0,1996.0,A01,138Â 205Â 045,1.0,-1.0,-1.0,1727763,2.0,7,,0.0,2.0,4.0,B01,138Â 205Â 044,1.0
1012176,201900053707,10,27,01:55,3,1,1,1.0,2.0,94018,A4,M,"48,8203988","2,4015747",94,2019,90.0,1.0,1.0,1.0,2263505,1.0,1,1,1,5.0,,0.0,0,1996.0,A01,138Â 205Â 045,1.0,-1.0,-1.0,1727764,2.0,7,,0.0,2.0,3.0,A01,138Â 205Â 045,1.0
1012177,201900053708,9,21,17:55,1,1,2,1.0,3.0,64024,PLAGES (BOULEVARD DES),M,"43,5181300"," -1,5237100",64,2019,500.0,3.0,1.0,4.0,2263506,1.0,1,1,2,5.0,,0.0,0,1987.0,A01,138Â 205Â 039,1.0,0.0,-1.0,1727765,1.0,7,,0.0,2.0,2.0,A01,138Â 205Â 039,1.0
1012177,201900053708,9,21,17:55,1,1,2,1.0,3.0,64024,PLAGES (BOULEVARD DES),M,"43,5181300"," -1,5237100",64,2019,500.0,3.0,1.0,4.0,2263506,1.0,1,1,2,5.0,,0.0,0,1987.0,A01,138Â 205Â 039,1.0,0.0,-1.0,1727766,2.0,2,,0.0,2.0,1.0,B01,138Â 205Â 043,1.0
1012177,201900053708,9,21,17:55,1,1,2,1.0,3.0,64024,PLAGES (BOULEVARD DES),M,"43,5181300"," -1,5237100",64,2019,500.0,3.0,1.0,4.0,2263507,2.0,2,4,2,1.0,,0.0,0,1991.0,B01,138Â 205Â 043,2.0,6.0,-1.0,1727765,1.0,7,,0.0,2.0,2.0,A01,138Â 205Â 039,1.0
1012177,201900053708,9,21,17:55,1,1,2,1.0,3.0,64024,PLAGES (BOULEVARD DES),M,"43,5181300"," -1,5237100",64,2019,500.0,3.0,1.0,4.0,2263507,2.0,2,4,2,1.0,,0.0,0,1991.0,B01,138Â 205Â 043,2.0,6.0,-1.0,1727766,2.0,2,,0.0,2.0,1.0,B01,138Â 205Â 043,1.0
1012177,201900053708,9,21,17:55,1,1,2,1.0,3.0,64024,PLAGES (BOULEVARD DES),M,"43,5181300"," -1,5237100",64,2019,500.0,3.0,1.0,4.0,2263508,1.0,1,4,1,1.0,,0.0,0,1980.0,B01,138Â 205Â 043,2.0,6.0,-1.0,1727765,1.0,7,,0.0,2.0,2.0,A01,138Â 205Â 039,1.0
1012177,201900053708,9,21,17:55,1,1,2,1.0,3.0,64024,PLAGES (BOULEVARD DES),M,"43,5181300"," -1,5237100",64,2019,500.0,3.0,1.0,4.0,2263508,1.0,1,4,1,1.0,,0.0,0,1980.0,B01,138Â 205Â 043,2.0,6.0,-1.0,1727766,2.0,2,,0.0,2.0,1.0,B01,138Â 205Â 043,1.0
1012178,201900053709,10,26,19:05,1,1,1,1.0,6.0,77058,A4,M,"48,8307200","2,6941400",77,2019,130.0,1.0,1.0,1.0,2263509,1.0,1,1,1,5.0,,-1.0, -1,1995.0,A01,138Â 205Â 036,1.0,0.0,-1.0,1727767,2.0,7,,0.0,2.0,4.0,A01,138Â 205Â 036,1.0
1012178,201900053709,10,26,19:05,1,1,1,1.0,6.0,77058,A4,M,"48,8307200","2,6941400",77,2019,130.0,1.0,1.0,1.0,2263509,1.0,1,1,1,5.0,,-1.0, -1,1995.0,A01,138Â 205Â 036,1.0,0.0,-1.0,1727768,2.0,7,,0.0,2.0,4.0,B01,138Â 205Â 037,1.0
1012178,201900053709,10,26,19:05,1,1,1,1.0,6.0,77058,A4,M,"48,8307200","2,6941400",77,2019,130.0,1.0,1.0,1.0,2263509,1.0,1,1,1,5.0,,-1.0, -1,1995.0,A01,138Â 205Â 036,1.0,0.0,-1.0,1727769,2.0,7,,0.0,2.0,1.0,C01,138Â 205Â 038,1.0
1012178,201900053709,10,26,19:05,1,1,1,1.0,6.0,77058,A4,M,"48,8307200","2,6941400",77,2019,130.0,1.0,1.0,1.0,2263509,1.0,1,1,1,5.0,,-1.0, -1,1995.0,A01,138Â 205Â 036,1.0,0.0,-1.0,1727770,2.0,7,,0.0,2.0,8.0,D01,138Â 205Â 040,1.0
1012178,201900053709,10,26,19:05,1,1,1,1.0,6.0,77058,A4,M,"48,8307200","2,6941400",77,2019,130.0,1.0,1.0,1.0,2263509,1.0,1,1,1,5.0,,-1.0, -1,1995.0,A01,138Â 205Â 036,1.0,0.0,-1.0,1727771,2.0,7,,0.0,2.0,8.0,E01,138Â 205Â 041,1.0
1012178,201900053709,10,26,19:05,1,1,1,1.0,6.0,77058,A4,M,"48,8307200","2,6941400",77,2019,130.0,1.0,1.0,1.0,2263509,1.0,1,1,1,5.0,,-1.0, -1,1995.0,A01,138Â 205Â 036,1.0,0.0,-1.0,1727772,2.0,7,,0.0,2.0,8.0,F01,138Â 205Â 042,1.0
1012178,201900053709,10,26,19:05,1,1,1,1.0,6.0,77058,A4,M,"48,8307200","2,6941400",77,2019,130.0,1.0,1.0,1.0,2263510,1.0,1,1,1,5.0,,-1.0, -1,1962.0,B01,138Â 205Â 037,1.0,0.0,-1.0,1727767,2.0,7,,0.0,2.0,4.0,A01,138Â 205Â 036,1.0
1012178,201900053709,10,26,19:05,1,1,1,1.0,6.0,77058,A4,M,"48,8307200","2,6941400",77,2019,130.0,1.0,1.0,1.0,2263510,1.0,1,1,1,5.0,,-1.0, -1,1962.0,B01,138Â 205Â 037,1.0,0.0,-1.0,1727768,2.0,7,,0.0,2.0,4.0,B01,138Â 205Â 037,1.0
1012178,201900053709,10,26,19:05,1,1,1,1.0,6.0,77058,A4,M,"48,8307200","2,6941400",77,2019,130.0,1.0,1.0,1.0,2263510,1.0,1,1,1,5.0,,-1.0, -1,1962.0,B01,138Â 205Â 037,1.0,0.0,-1.0,1727769,2.0,7,,0.0,2.0,1.0,C01,138Â 205Â 038,1.0
1012178,201900053709,10,26,19:05,1,1,1,1.0,6.0,77058,A4,M,"48,8307200","2,6941400",77,2019,130.0,1.0,1.0,1.0,2263510,1.0,1,1,1,5.0,,-1.0, -1,1962.0,B01,138Â 205Â 037,1.0,0.0,-1.0,1727770,2.0,7,,0.0,2.0,8.0,D01,138Â 205Â 040,1.0
1012178,201900053709,10,26,19:05,1,1,1,1.0,6.0,77058,A4,M,"48,8307200","2,6941400",77,2019,130.0,1.0,1.0,1.0,2263510,1.0,1,1,1,5.0,,-1.0, -1,1962.0,B01,138Â 205Â 037,1.0,0.0,-1.0,1727771,2.0,7,,0.0,2.0,8.0,E01,138Â 205Â 041,1.0
1012178,201900053709,10,26,19:05,1,1,1,1.0,6.0,77058,A4,M,"48,8307200","2,6941400",77,2019,130.0,1.0,1.0,1.0,2263510,1.0,1,1,1,5.0,,-1.0, -1,1962.0,B01,138Â 205Â 037,1.0,0.0,-1.0,1727772,2.0,7,,0.0,2.0,8.0,F01,138Â 205Â 042,1.0
1012178,201900053709,10,26,19:05,1,1,1,1.0,6.0,77058,A4,M,"48,8307200","2,6941400",77,2019,130.0,1.0,1.0,1.0,2263511,2.0,2,4,2,5.0,,-1.0, -1,2013.0,C01,138Â 205Â 038,1.0,8.0,-1.0,1727767,2.0,7,,0.0,2.0,4.0,A01,138Â 205Â 036,1.0
1012178,201900053709,10,26,19:05,1,1,1,1.0,6.0,77058,A4,M,"48,8307200","2,6941400",77,2019,130.0,1.0,1.0,1.0,2263511,2.0,2,4,2,5.0,,-1.0, -1,2013.0,C01,138Â 205Â 038,1.0,8.0,-1.0,1727768,2.0,7,,0.0,2.0,4.0,B01,138Â 205Â 037,1.0
1012178,201900053709,10,26,19:05,1,1,1,1.0,6.0,77058,A4,M,"48,8307200","2,6941400",77,2019,130.0,1.0,1.0,1.0,2263511,2.0,2,4,2,5.0,,-1.0, -1,2013.0,C01,138Â 205Â 038,1.0,8.0,-1.0,1727769,2.0,7,,0.0,2.0,1.0,C01,138Â 205Â 038,1.0
1012178,201900053709,10,26,19:05,1,1,1,1.0,6.0,77058,A4,M,"48,8307200","2,6941400",77,2019,130.0,1.0,1.0,1.0,2263511,2.0,2,4,2,5.0,,-1.0, -1,2013.0,C01,138Â 205Â 038,1.0,8.0,-1.0,1727770,2.0,7,,0.0,2.0,8.0,D01,138Â 205Â 040,1.0
1012178,201900053709,10,26,19:05,1,1,1,1.0,6.0,77058,A4,M,"48,8307200","2,6941400",77,2019,130.0,1.0,1.0,1.0,2263511,2.0,2,4,2,5.0,,-1.0, -1,2013.0,C01,138Â 205Â 038,1.0,8.0,-1.0,1727771,2.0,7,,0.0,2.0,8.0,E01,138Â 205Â 041,1.0