Unnamed: 0_x,num_acc,mois,jour,hrmn,lum,agg,int,atm,col,com,adr,gps,lat,long,dep,annee,vma,situ,surf,catr,Unnamed: 0_y,place,catu,grav,sexe,trajet,secu,locp,actp,an_nais,num_veh_x,id_vehicule_x,secu1,secu2,secu3,Unnamed: 0,senc,catv,occutc,obs,obsm,choc,num_veh_y,id_vehicule_y,motor
1012178,201900053709,10,26,19:05,1,1,1,1.0,6.0,77058,A4,M,"48,8307200","2,6941400",77,2019,130.0,1.0,1.0,1.0,2263511,2.0,2,4,2,5.0,,-1.0, -1,2013.0,C01,138Â 205Â 038,1.0,8.0,-1.0,1727772,2.0,7,,0.0,2.0,8.0,F01,138Â 205Â 042,1.0
1012178,201900053709,10,26,19:05,1,1,1,1.0,6.0,77058,A4,M,"48,8307200","2,6941400",77,2019,130.0,1.0,1.0,1.0,2263512,4.0,2,4,2,5.0,,-1.0, -1,1992.0,C01,138Â 205Â 038,1.0,8.0,-1.0,1727767,2.0,7,,0.0,2.0,4.0,A01,138Â 205Â 036,1.0
1012178,201900053709,10,26,19:05,1,1,1,1.0,6.0,77058,A4,M,"48,8307200","2,6941400",77,2019,130.0,1.0,1.0,1.0,2263512,4.0,2,4,2,5.0,,-1.0, -1,1992.0,C01,138Â 205Â 038,1.0,8.0,-1.0,1727768,2.0,7,,0.0,2.0,4.0,B01,138Â 205Â 037,1.0
1012178,201900053709,10,26,19:05,1,1,1,1.0,6.0,77058,A4,M,"48,8307200","2,6941400",77,2019,130.0,1.0,1.0,1.0,2263512,4.0,2,4,2,5.0,,-1.0, -1,1992.0,C01,138Â 205Â 038,1.0,8.0,-1.0,1727769,2.0,7,,0.0,2.0,1.0,C01,138Â 205Â 038,1.0
1012178,201900053709,10,26,19:05,1,1,1,1.0,6.0,77058,A4,M,"48,8307200","2,6941400",77,2019,130.0,1.0,1.0,1.0,2263512,4.0,2,4,2,5.0,,-1.0, -1,1992.0,C01,138Â 205Â 038,1.0,8.0,-1.0,1727770,2.0,7,,0.0,2.0,8.0,D01,138Â 205Â 040,1.0
1012178,201900053709,10,26,19:05,1,1,1,1.0,6.0,77058,A4,M,"48,8307200","2,6941400",77,2019,130.0,1.0,1.0,1.0,2263512,4.0,2,4,2,5.0,,-1.0, -1,1992.0,C01,138Â 205Â 038,1.0,8.0,-1.0,1727771,2.0,7,,0.0,2.0,8.0,E01,138Â 205Â 041,1.0
1012178,201900053709,10,26,19:05,1,1,1,1.0,6.0,77058,A4,M,"48,8307200","2,6941400",77,2019,130.0,1.0,1.0,1.0,2263512,4.0,2,4,2,5.0,,-1.0, -1,1992.0,C01,138Â 205Â 038,1.0,8.0,-1.0,1727772,2.0,7,,0.0,2.0,8.0,F01,138Â 205Â 042,1.0
1012178,201900053709,10,26,19:05,1,1,1,1.0,6.0,77058,A4,M,"48,8307200","2,6941400",77,2019,130.0,1.0,1.0,1.0,2263513,9.0,2,4,2,5.0,,-1.0, -1,2005.0,C01,138Â 205Â 038,1.0,8.0,-1.0,1727767,2.0,7,,0.0,2.0,4.0,A01,138Â 205Â 036,1.0
1012178,201900053709,10,26,19:05,1,1,1,1.0,6.0,77058,A4,M,"48,8307200","2,6941400",77,2019,130.0,1.0,1.0,1.0,2263513,9.0,2,4,2,5.0,,-1.0, -1,2005.0,C01,138Â 205Â 038,1.0,8.0,-1.0,1727768,2.0,7,,0.0,2.0,4.0,B01,138Â 205Â 037,1.0
1012178,201900053709,10,26,19:05,1,1,1,1.0,6.0,77058,A4,M,"48,8307200","2,6941400",77,2019,130.0,1.0,1.0,1.0,2263513,9.0,2,4,2,5.0,,-1.0, -1,2005.0,C01,138Â 205Â 038,1.0,8.0,-1.0,1727769,2.0,7,,0.0,2.0,1.0,C01,138Â 205Â 038,1.0
1012178,201900053709,10,26,19:05,1,1,1,1.0,6.0,77058,A4,M,"48,8307200","2,6941400",77,2019,130.0,1.0,1.0,1.0,2263513,9.0,2,4,2,5.0,,-1.0, -1,2005.0,C01,138Â 205Â 038,1.0,8.0,-1.0,1727770,2.0,7,,0.0,2.0,8.0,D01,138Â 205Â 040,1.0
1012178,201900053709,10,26,19:05,1,1,1,1.0,6.0,77058,A4,M,"48,8307200","2,6941400",77,2019,130.0,1.0,1.0,1.0,2263513,9.0,2,4,2,5.0,,-1.0, -1,2005.0,C01,138Â 205Â 038,1.0,8.0,-1.0,1727771,2.0,7,,0.0,2.0,8.0,E01,138Â 205Â 041,1.0
1012178,201900053709,10,26,19:05,1,1,1,1.0,6.0,77058,A4,M,"48,8307200","2,6941400",77,2019,130.0,1.0,1.0,1.0,2263513,9.0,2,4,2,5.0,,-1.0, -1,2005.0,C01,138Â 205Â 038,1.0,8.0,-1.0,1727772,2.0,7,,0.0,2.0,8.0,F01,138Â 205Â 042,1.0
1012178,201900053709,10,26,19:05,1,1,1,1.0,6.0,77058,A4,M,"48,8307200","2,6941400",77,2019,130.0,1.0,1.0,1.0,2263514,8.0,2,4,1,5.0,,-1.0, -1,2010.0,C01,138Â 205Â 038,1.0,0.0,-1.0,1727767,2.0,7,,0.0,2.0,4.0,A01,138Â 205Â 036,1.0
1012178,201900053709,10,26,19:05,1,1,1,1.0,6.0,77058,A4,M,"48,8307200","2,6941400",77,2019,130.0,1.0,1.0,1.0,2263514,8.0,2,4,1,5.0,,-1.0, -1,2010.0,C01,138Â 205Â 038,1.0,0.0,-1.0,1727768,2.0,7,,0.0,2.0,4.0,B01,138Â 205Â 037,1.0
1012178,201900053709,10,26,19:05,1,1,1,1.0,6.0,77058,A4,M,"48,8307200","2,6941400",77,2019,130.0,1.0,1.0,1.0,2263514,8.0,2,4,1,5.0,,-1.0, -1,2010.0,C01,138Â 205Â 038,1.0,0.0,-1.0,1727769,2.0,7,,0.0,2.0,1.0,C01,138Â 205Â 038,1.0
1012178,201900053709,10,26,19:05,1,1,1,1.0,6.0,77058,A4,M,"48,8307200","2,6941400",77,2019,130.0,1.0,1.0,1.0,2263514,8.0,2,4,1,5.0,,-1.0, -1,2010.0,C01,138Â 205Â 038,1.0,0.0,-1.0,1727770,2.0,7,,0.0,2.0,8.0,D01,138Â 205Â 040,1.0
1012178,201900053709,10,26,19:05,1,1,1,1.0,6.0,77058,A4,M,"48,8307200","2,6941400",77,2019,130.0,1.0,1.0,1.0,2263514,8.0,2,4,1,5.0,,-1.0, -1,2010.0,C01,138Â 205Â 038,1.0,0.0,-1.0,1727771,2.0,7,,0.0,2.0,8.0,E01,138Â 205Â 041,1.0
1012178,201900053709,10,26,19:05,1,1,1,1.0,6.0,77058,A4,M,"48,8307200","2,6941400",77,2019,130.0,1.0,1.0,1.0,2263514,8.0,2,4,1,5.0,,-1.0, -1,2010.0,C01,138Â 205Â 038,1.0,0.0,-1.0,1727772,2.0,7,,0.0,2.0,8.0,F01,138Â 205Â 042,1.0
1012178,201900053709,10,26,19:05,1,1,1,1.0,6.0,77058,A4,M,"48,8307200","2,6941400",77,2019,130.0,1.0,1.0,1.0,2263515,7.0,2,4,2,5.0,,-1.0, -1,2015.0,C01,138Â 205Â 038,1.0,0.0,-1.0,1727767,2.0,7,,0.0,2.0,4.0,A01,138Â 205Â 036,1.0
1012178,201900053709,10,26,19:05,1,1,1,1.0,6.0,77058,A4,M,"48,8307200","2,6941400",77,2019,130.0,1.0,1.0,1.0,2263515,7.0,2,4,2,5.0,,-1.0, -1,2015.0,C01,138Â 205Â 038,1.0,0.0,-1.0,1727768,2.0,7,,0.0,2.0,4.0,B01,138Â 205Â 037,1.0
1012178,201900053709,10,26,19:05,1,1,1,1.0,6.0,77058,A4,M,"48,8307200","2,6941400",77,2019,130.0,1.0,1.0,1.0,2263515,7.0,2,4,2,5.0,,-1.0, -1,2015.0,C01,138Â 205Â 038,1.0,0.0,-1.0,1727769,2.0,7,,0.0,2.0,1.0,C01,138Â 205Â 038,1.0
1012178,201900053709,10,26,19:05,1,1,1,1.0,6.0,77058,A4,M,"48,8307200","2,6941400",77,2019,130.0,1.0,1.0,1.0,2263515,7.0,2,4,2,5.0,,-1.0, -1,2015.0,C01,138Â 205Â 038,1.0,0.0,-1.0,1727770,2.0,7,,0.0,2.0,8.0,D01,138Â 205Â 040,1.0
1012178,201900053709,10,26,19:05,1,1,1,1.0,6.0,77058,A4,M,"48,8307200","2,6941400",77,2019,130.0,1.0,1.0,1.0,2263515,7.0,2,4,2,5.0,,-1.0, -1,2015.0,C01,138Â 205Â 038,1.0,0.0,-1.0,1727771,2.0,7,,0.0,2.0,8.0,E01,138Â 205Â 041,1.0
1012178,201900053709,10,26,19:05,1,1,1,1.0,6.0,77058,A4,M,"48,8307200","2,6941400",77,2019,130.0,1.0,1.0,1.0,2263515,7.0,2,4,2,5.0,,-1.0, -1,2015.0,C01,138Â 205Â 038,1.0,0.0,-1.0,1727772,2.0,7,,0.0,2.0,8.0,F01,138Â 205Â 042,1.0
1012178,201900053709,10,26,19:05,1,1,1,1.0,6.0,77058,A4,M,"48,8307200","2,6941400",77,2019,130.0,1.0,1.0,1.0,2263516,2.0,2,4,2,5.0,,-1.0, -1,1968.0,C01,138Â 205Â 038,1.0,8.0,-1.0,1727767,2.0,7,,0.0,2.0,4.0,A01,138Â 205Â 036,1.0
1012178,201900053709,10,26,19:05,1,1,1,1.0,6.0,77058,A4,M,"48,8307200","2,6941400",77,2019,130.0,1.0,1.0,1.0,2263516,2.0,2,4,2,5.0,,-1.0, -1,1968.0,C01,138Â 205Â 038,1.0,8.0,-1.0,1727768,2.0,7,,0.0,2.0,4.0,B01,138Â 205Â 037,1.0
1012178,201900053709,10,26,19:05,1,1,1,1.0,6.0,77058,A4,M,"48,8307200","2,6941400",77,2019,130.0,1.0,1.0,1.0,2263516,2.0,2,4,2,5.0,,-1.0, -1,1968.0,C01,138Â 205Â 038,1.0,8.0,-1.0,1727769,2.0,7,,0.0,2.0,1.0,C01,138Â 205Â 038,1.0
1012178,201900053709,10,26,19:05,1,1,1,1.0,6.0,77058,A4,M,"48,8307200","2,6941400",77,2019,130.0,1.0,1.0,1.0,2263516,2.0,2,4,2,5.0,,-1.0, -1,1968.0,C01,138Â 205Â 038,1.0,8.0,-1.0,1727770,2.0,7,,0.0,2.0,8.0,D01,138Â 205Â 040,1.0
1012178,201900053709,10,26,19:05,1,1,1,1.0,6.0,77058,A4,M,"48,8307200","2,6941400",77,2019,130.0,1.0,1.0,1.0,2263516,2.0,2,4,2,5.0,,-1.0, -1,1968.0,C01,138Â 205Â 038,1.0,8.0,-1.0,1727771,2.0,7,,0.0,2.0,8.0,E01,138Â 205Â 041,1.0
1012178,201900053709,10,26,19:05,1,1,1,1.0,6.0,77058,A4,M,"48,8307200","2,6941400",77,2019,130.0,1.0,1.0,1.0,2263516,2.0,2,4,2,5.0,,-1.0, -1,1968.0,C01,138Â 205Â 038,1.0,8.0,-1.0,1727772,2.0,7,,0.0,2.0,8.0,F01,138Â 205Â 042,1.0
1012178,201900053709,10,26,19:05,1,1,1,1.0,6.0,77058,A4,M,"48,8307200","2,6941400",77,2019,130.0,1.0,1.0,1.0,2263517,1.0,1,1,1,5.0,,-1.0, -1,1983.0,C01,138Â 205Â 038,1.0,0.0,-1.0,1727767,2.0,7,,0.0,2.0,4.0,A01,138Â 205Â 036,1.0
1012178,201900053709,10,26,19:05,1,1,1,1.0,6.0,77058,A4,M,"48,8307200","2,6941400",77,2019,130.0,1.0,1.0,1.0,2263517,1.0,1,1,1,5.0,,-1.0, -1,1983.0,C01,138Â 205Â 038,1.0,0.0,-1.0,1727768,2.0,7,,0.0,2.0,4.0,B01,138Â 205Â 037,1.0
1012178,201900053709,10,26,19:05,1,1,1,1.0,6.0,77058,A4,M,"48,8307200","2,6941400",77,2019,130.0,1.0,1.0,1.0,2263517,1.0,1,1,1,5.0,,-1.0, -1,1983.0,C01,138Â 205Â 038,1.0,0.0,-1.0,1727769,2.0,7,,0.0,2.0,1.0,C01,138Â 205Â 038,1.0
1012178,201900053709,10,26,19:05,1,1,1,1.0,6.0,77058,A4,M,"48,8307200","2,6941400",77,2019,130.0,1.0,1.0,1.0,2263517,1.0,1,1,1,5.0,,-1.0, -1,1983.0,C01,138Â 205Â 038,1.0,0.0,-1.0,1727770,2.0,7,,0.0,2.0,8.0,D01,138Â 205Â 040,1.0
1012178,201900053709,10,26,19:05,1,1,1,1.0,6.0,77058,A4,M,"48,8307200","2,6941400",77,2019,130.0,1.0,1.0,1.0,2263517,1.0,1,1,1,5.0,,-1.0, -1,1983.0,C01,138Â 205Â 038,1.0,0.0,-1.0,1727771,2.0,7,,0.0,2.0,8.0,E01,138Â 205Â 041,1.0
1012178,201900053709,10,26,19:05,1,1,1,1.0,6.0,77058,A4,M,"48,8307200","2,6941400",77,2019,130.0,1.0,1.0,1.0,2263517,1.0,1,1,1,5.0,,-1.0, -1,1983.0,C01,138Â 205Â 038,1.0,0.0,-1.0,1727772,2.0,7,,0.0,2.0,8.0,F01,138Â 205Â 042,1.0
1012178,201900053709,10,26,19:05,1,1,1,1.0,6.0,77058,A4,M,"48,8307200","2,6941400",77,2019,130.0,1.0,1.0,1.0,2263518,5.0,2,4,2,5.0,,-1.0, -1,2012.0,C01,138Â 205Â 038,1.0,8.0,-1.0,1727767,2.0,7,,0.0,2.0,4.0,A01,138Â 205Â 036,1.0
1012178,201900053709,10,26,19:05,1,1,1,1.0,6.0,77058,A4,M,"48,8307200","2,6941400",77,2019,130.0,1.0,1.0,1.0,2263518,5.0,2,4,2,5.0,,-1.0, -1,2012.0,C01,138Â 205Â 038,1.0,8.0,-1.0,1727768,2.0,7,,0.0,2.0,4.0,B01,138Â 205Â 037,1.0
1012178,201900053709,10,26,19:05,1,1,1,1.0,6.0,77058,A4,M,"48,8307200","2,6941400",77,2019,130.0,1.0,1.0,1.0,2263518,5.0,2,4,2,5.0,,-1.0, -1,2012.0,C01,138Â 205Â 038,1.0,8.0,-1.0,1727769,2.0,7,,0.0,2.0,1.0,C01,138Â 205Â 038,1.0
1012178,201900053709,10,26,19:05,1,1,1,1.0,6.0,77058,A4,M,"48,8307200","2,6941400",77,2019,130.0,1.0,1.0,1.0,2263518,5.0,2,4,2,5.0,,-1.0, -1,2012.0,C01,138Â 205Â 038,1.0,8.0,-1.0,1727770,2.0,7,,0.0,2.0,8.0,D01,138Â 205Â 040,1.0
1012178,201900053709,10,26,19:05,1,1,1,1.0,6.0,77058,A4,M,"48,8307200","2,6941400",77,2019,130.0,1.0,1.0,1.0,2263518,5.0,2,4,2,5.0,,-1.0, -1,2012.0,C01,138Â 205Â 038,1.0,8.0,-1.0,1727771,2.0,7,,0.0,2.0,8.0,E01,138Â 205Â 041,1.0
1012178,201900053709,10,26,19:05,1,1,1,1.0,6.0,77058,A4,M,"48,8307200","2,6941400",77,2019,130.0,1.0,1.0,1.0,2263518,5.0,2,4,2,5.0,,-1.0, -1,2012.0,C01,138Â 205Â 038,1.0,8.0,-1.0,1727772,2.0,7,,0.0,2.0,8.0,F01,138Â 205Â 042,1.0
1012178,201900053709,10,26,19:05,1,1,1,1.0,6.0,77058,A4,M,"48,8307200","2,6941400",77,2019,130.0,1.0,1.0,1.0,2263519,1.0,1,1,1,0.0,,-1.0, -1,1989.0,D01,138Â 205Â 040,1.0,0.0,-1.0,1727767,2.0,7,,0.0,2.0,4.0,A01,138Â 205Â 036,1.0
1012178,201900053709,10,26,19:05,1,1,1,1.0,6.0,77058,A4,M,"48,8307200","2,6941400",77,2019,130.0,1.0,1.0,1.0,2263519,1.0,1,1,1,0.0,,-1.0, -1,1989.0,D01,138Â 205Â 040,1.0,0.0,-1.0,1727768,2.0,7,,0.0,2.0,4.0,B01,138Â 205Â 037,1.0
1012178,201900053709,10,26,19:05,1,1,1,1.0,6.0,77058,A4,M,"48,8307200","2,6941400",77,2019,130.0,1.0,1.0,1.0,2263519,1.0,1,1,1,0.0,,-1.0, -1,1989.0,D01,138Â 205Â 040,1.0,0.0,-1.0,1727769,2.0,7,,0.0,2.0,1.0,C01,138Â 205Â 038,1.0
1012178,201900053709,10,26,19:05,1,1,1,1.0,6.0,77058,A4,M,"48,8307200","2,6941400",77,2019,130.0,1.0,1.0,1.0,2263519,1.0,1,1,1,0.0,,-1.0, -1,1989.0,D01,138Â 205Â 040,1.0,0.0,-1.0,1727770,2.0,7,,0.0,2.0,8.0,D01,138Â 205Â 040,1.0
1012178,201900053709,10,26,19:05,1,1,1,1.0,6.0,77058,A4,M,"48,8307200","2,6941400",77,2019,130.0,1.0,1.0,1.0,2263519,1.0,1,1,1,0.0,,-1.0, -1,1989.0,D01,138Â 205Â 040,1.0,0.0,-1.0,1727771,2.0,7,,0.0,2.0,8.0,E01,138Â 205Â 041,1.0
1012178,201900053709,10,26,19:05,1,1,1,1.0,6.0,77058,A4,M,"48,8307200","2,6941400",77,2019,130.0,1.0,1.0,1.0,2263519,1.0,1,1,1,0.0,,-1.0, -1,1989.0,D01,138Â 205Â 040,1.0,0.0,-1.0,1727772,2.0,7,,0.0,2.0,8.0,F01,138Â 205Â 042,1.0
1012178,201900053709,10,26,19:05,1,1,1,1.0,6.0,77058,A4,M,"48,8307200","2,6941400",77,2019,130.0,1.0,1.0,1.0,2263520,1.0,1,1,1,5.0,,-1.0,0,1992.0,E01,138Â 205Â 041,1.0,8.0,-1.0,1727767,2.0,7,,0.0,2.0,4.0,A01,138Â 205Â 036,1.0
1012178,201900053709,10,26,19:05,1,1,1,1.0,6.0,77058,A4,M,"48,8307200","2,6941400",77,2019,130.0,1.0,1.0,1.0,2263520,1.0,1,1,1,5.0,,-1.0,0,1992.0,E01,138Â 205Â 041,1.0,8.0,-1.0,1727768,2.0,7,,0.0,2.0,4.0,B01,138Â 205Â 037,1.0
1012178,201900053709,10,26,19:05,1,1,1,1.0,6.0,77058,A4,M,"48,8307200","2,6941400",77,2019,130.0,1.0,1.0,1.0,2263520,1.0,1,1,1,5.0,,-1.0,0,1992.0,E01,138Â 205Â 041,1.0,8.0,-1.0,1727769,2.0,7,,0.0,2.0,1.0,C01,138Â 205Â 038,1.0
1012178,201900053709,10,26,19:05,1,1,1,1.0,6.0,77058,A4,M,"48,8307200","2,6941400",77,2019,130.0,1.0,1.0,1.0,2263520,1.0,1,1,1,5.0,,-1.0,0,1992.0,E01,138Â 205Â 041,1.0,8.0,-1.0,1727770,2.0,7,,0.0,2.0,8.0,D01,138Â 205Â 040,1.0
1012178,201900053709,10,26,19:05,1,1,1,1.0,6.0,77058,A4,M,"48,8307200","2,6941400",77,2019,130.0,1.0,1.0,1.0,2263520,1.0,1,1,1,5.0,,-1.0,0,1992.0,E01,138Â 205Â 041,1.0,8.0,-1.0,1727771,2.0,7,,0.0,2.0,8.0,E01,138Â 205Â 041,1.0
1012178,201900053709,10,26,19:05,1,1,1,1.0,6.0,77058,A4,M,"48,8307200","2,6941400",77,2019,130.0,1.0,1.0,1.0,2263520,1.0,1,1,1,5.0,,-1.0,0,1992.0,E01,138Â 205Â 041,1.0,8.0,-1.0,1727772,2.0,7,,0.0,2.0,8.0,F01,138Â 205Â 042,1.0
1012178,201900053709,10,26,19:05,1,1,1,1.0,6.0,77058,A4,M,"48,8307200","2,6941400",77,2019,130.0,1.0,1.0,1.0,2263521,1.0,1,1,1,5.0,,-1.0, -1,1989.0,F01,138Â 205Â 042,1.0,8.0,-1.0,1727767,2.0,7,,0.0,2.0,4.0,A01,138Â 205Â 036,1.0
1012178,201900053709,10,26,19:05,1,1,1,1.0,6.0,77058,A4,M,"48,8307200","2,6941400",77,2019,130.0,1.0,1.0,1.0,2263521,1.0,1,1,1,5.0,,-1.0, -1,1989.0,F01,138Â 205Â 042,1.0,8.0,-1.0,1727768,2.0,7,,0.0,2.0,4.0,B01,138Â 205Â 037,1.0
1012178,201900053709,10,26,19:05,1,1,1,1.0,6.0,77058,A4,M,"48,8307200","2,6941400",77,2019,130.0,1.0,1.0,1.0,2263521,1.0,1,1,1,5.0,,-1.0, -1,1989.0,F01,138Â 205Â 042,1.0,8.0,-1.0,1727769,2.0,7,,0.0,2.0,1.0,C01,138Â 205Â 038,1.0
1012178,201900053709,10,26,19:05,1,1,1,1.0,6.0,77058,A4,M,"48,8307200","2,6941400",77,2019,130.0,1.0,1.0,1.0,2263521,1.0,1,1,1,5.0,,-1.0, -1,1989.0,F01,138Â 205Â 042,1.0,8.0,-1.0,1727770,2.0,7,,0.0,2.0,8.0,D01,138Â 205Â 040,1.0
1012178,201900053709,10,26,19:05,1,1,1,1.0,6.0,77058,A4,M,"48,8307200","2,6941400",77,2019,130.0,1.0,1.0,1.0,2263521,1.0,1,1,1,5.0,,-1.0, -1,1989.0,F01,138Â 205Â 042,1.0,8.0,-1.0,1727771,2.0,7,,0.0,2.0,8.0,E01,138Â 205Â 041,1.0
1012178,201900053709,10,26,19:05,1,1,1,1.0,6.0,77058,A4,M,"48,8307200","2,6941400",77,2019,130.0,1.0,1.0,1.0,2263521,1.0,1,1,1,5.0,,-1.0, -1,1989.0,F01,138Â 205Â 042,1.0,8.0,-1.0,1727772,2.0,7,,0.0,2.0,8.0,F01,138Â 205Â 042,1.0
1012178,201900053709,10,26,19:05,1,1,1,1.0,6.0,77058,A4,M,"48,8307200","2,6941400",77,2019,130.0,1.0,1.0,1.0,2263522,2.0,2,4,1,5.0,,-1.0, -1,1989.0,F01,138Â 205Â 042,1.0,0.0,-1.0,1727767,2.0,7,,0.0,2.0,4.0,A01,138Â 205Â 036,1.0
1012178,201900053709,10,26,19:05,1,1,1,1.0,6.0,77058,A4,M,"48,8307200","2,6941400",77,2019,130.0,1.0,1.0,1.0,2263522,2.0,2,4,1,5.0,,-1.0, -1,1989.0,F01,138Â 205Â 042,1.0,0.0,-1.0,1727768,2.0,7,,0.0,2.0,4.0,B01,138Â 205Â 037,1.0
1012178,201900053709,10,26,19:05,1,1,1,1.0,6.0,77058,A4,M,"48,8307200","2,6941400",77,2019,130.0,1.0,1.0,1.0,2263522,2.0,2,4,1,5.0,,-1.0, -1,1989.0,F01,138Â 205Â 042,1.0,0.0,-1.0,1727769,2.0,7,,0.0,2.0,1.0,C01,138Â 205Â 038,1.0
1012178,201900053709,10,26,19:05,1,1,1,1.0,6.0,77058,A4,M,"48,8307200","2,6941400",77,2019,130.0,1.0,1.0,1.0,2263522,2.0,2,4,1,5.0,,-1.0, -1,1989.0,F01,138Â 205Â 042,1.0,0.0,-1.0,1727770,2.0,7,,0.0,2.0,8.0,D01,138Â 205Â 040,1.0
1012178,201900053709,10,26,19:05,1,1,1,1.0,6.0,77058,A4,M,"48,8307200","2,6941400",77,2019,130.0,1.0,1.0,1.0,2263522,2.0,2,4,1,5.0,,-1.0, -1,1989.0,F01,138Â 205Â 042,1.0,0.0,-1.0,1727771,2.0,7,,0.0,2.0,8.0,E01,138Â 205Â 041,1.0
1012178,201900053709,10,26,19:05,1,1,1,1.0,6.0,77058,A4,M,"48,8307200","2,6941400",77,2019,130.0,1.0,1.0,1.0,2263522,2.0,2,4,1,5.0,,-1.0, -1,1989.0,F01,138Â 205Â 042,1.0,0.0,-1.0,1727772,2.0,7,,0.0,2.0,8.0,F01,138Â 205Â 042,1.0
1012179,201900053710,9,21,15:04,1,1,6,1.0,3.0,63063,GERZAT (ROUTE DE),M,"45,8287676","3,1140458",63,2019,30.0,1.0,1.0,7.0,2263523,2.0,2,4,1,5.0,,0.0,0,1989.0,B01,138Â 205Â 034,1.0,8.0,-1.0,1727773,2.0,7,,0.0,2.0,7.0,B01,138Â 205Â 034,1.0
1012179,201900053710,9,21,15:04,1,1,6,1.0,3.0,63063,GERZAT (ROUTE DE),M,"45,8287676","3,1140458",63,2019,30.0,1.0,1.0,7.0,2263523,2.0,2,4,1,5.0,,0.0,0,1989.0,B01,138Â 205Â 034,1.0,8.0,-1.0,1727774,2.0,33,,0.0,2.0,1.0,A01,138Â 205Â 035,1.0
1012179,201900053710,9,21,15:04,1,1,6,1.0,3.0,63063,GERZAT (ROUTE DE),M,"45,8287676","3,1140458",63,2019,30.0,1.0,1.0,7.0,2263524,1.0,1,4,2,5.0,,0.0,0,1985.0,B01,138Â 205Â 034,1.0,8.0,-1.0,1727773,2.0,7,,0.0,2.0,7.0,B01,138Â 205Â 034,1.0
1012179,201900053710,9,21,15:04,1,1,6,1.0,3.0,63063,GERZAT (ROUTE DE),M,"45,8287676","3,1140458",63,2019,30.0,1.0,1.0,7.0,2263524,1.0,1,4,2,5.0,,0.0,0,1985.0,B01,138Â 205Â 034,1.0,8.0,-1.0,1727774,2.0,33,,0.0,2.0,1.0,A01,138Â 205Â 035,1.0
1012179,201900053710,9,21,15:04,1,1,6,1.0,3.0,63063,GERZAT (ROUTE DE),M,"45,8287676","3,1140458",63,2019,30.0,1.0,1.0,7.0,2263525,1.0,1,4,1,5.0,,0.0,0,1978.0,A01,138Â 205Â 035,2.0,6.0,-1.0,1727773,2.0,7,,0.0,2.0,7.0,B01,138Â 205Â 034,1.0
1012179,201900053710,9,21,15:04,1,1,6,1.0,3.0,63063,GERZAT (ROUTE DE),M,"45,8287676","3,1140458",63,2019,30.0,1.0,1.0,7.0,2263525,1.0,1,4,1,5.0,,0.0,0,1978.0,A01,138Â 205Â 035,2.0,6.0,-1.0,1727774,2.0,33,,0.0,2.0,1.0,A01,138Â 205Â 035,1.0
1012180,201900053711,10,26,14:50,1,1,1,1.0,5.0,77373,RN104,M,"48,7837170","2,6164630",77,2019,110.0,1.0,1.0,2.0,2263526,1.0,1,4,1,5.0,,-1.0, -1,1982.0,C01,138Â 205Â 027,2.0,6.0,-1.0,1727775,2.0,33,,0.0,2.0,1.0,C01,138Â 205Â 027,1.0
1012180,201900053711,10,26,14:50,1,1,1,1.0,5.0,77373,RN104,M,"48,7837170","2,6164630",77,2019,110.0,1.0,1.0,2.0,2263526,1.0,1,4,1,5.0,,-1.0, -1,1982.0,C01,138Â 205Â 027,2.0,6.0,-1.0,1727776,2.0,7,,0.0,2.0,7.0,B01,138Â 205Â 028,1.0
1012180,201900053711,10,26,14:50,1,1,1,1.0,5.0,77373,RN104,M,"48,7837170","2,6164630",77,2019,110.0,1.0,1.0,2.0,2263526,1.0,1,4,1,5.0,,-1.0, -1,1982.0,C01,138Â 205Â 027,2.0,6.0,-1.0,1727777,2.0,7,,0.0,2.0,4.0,A01,138Â 205Â 029,1.0
1012180,201900053711,10,26,14:50,1,1,1,1.0,5.0,77373,RN104,M,"48,7837170","2,6164630",77,2019,110.0,1.0,1.0,2.0,2263527,1.0,1,1,1,5.0,,-1.0, -1,2001.0,B01,138Â 205Â 028,1.0,0.0,-1.0,1727775,2.0,33,,0.0,2.0,1.0,C01,138Â 205Â 027,1.0
1012180,201900053711,10,26,14:50,1,1,1,1.0,5.0,77373,RN104,M,"48,7837170","2,6164630",77,2019,110.0,1.0,1.0,2.0,2263527,1.0,1,1,1,5.0,,-1.0, -1,2001.0,B01,138Â 205Â 028,1.0,0.0,-1.0,1727776,2.0,7,,0.0,2.0,7.0,B01,138Â 205Â 028,1.0
1012180,201900053711,10,26,14:50,1,1,1,1.0,5.0,77373,RN104,M,"48,7837170","2,6164630",77,2019,110.0,1.0,1.0,2.0,2263527,1.0,1,1,1,5.0,,-1.0, -1,2001.0,B01,138Â 205Â 028,1.0,0.0,-1.0,1727777,2.0,7,,0.0,2.0,4.0,A01,138Â 205Â 029,1.0
1012180,201900053711,10,26,14:50,1,1,1,1.0,5.0,77373,RN104,M,"48,7837170","2,6164630",77,2019,110.0,1.0,1.0,2.0,2263528,1.0,1,1,2,5.0,,-1.0, -1,1980.0,A01,138Â 205Â 029,1.0,0.0,-1.0,1727775,2.0,33,,0.0,2.0,1.0,C01,138Â 205Â 027,1.0