Unnamed: 0_x,num_acc,mois,jour,hrmn,lum,agg,int,atm,col,com,adr,gps,lat,long,dep,annee,vma,situ,surf,catr,Unnamed: 0_y,place,catu,grav,sexe,trajet,secu,locp,actp,an_nais,num_veh_x,id_vehicule_x,secu1,secu2,secu3,Unnamed: 0,senc,catv,occutc,obs,obsm,choc,num_veh_y,id_vehicule_y,motor
1012180,201900053711,10,26,14:50,1,1,1,1.0,5.0,77373,RN104,M,"48,7837170","2,6164630",77,2019,110.0,1.0,1.0,2.0,2263528,1.0,1,1,2,5.0,,-1.0, -1,1980.0,A01,138Â 205Â 029,1.0,0.0,-1.0,1727776,2.0,7,,0.0,2.0,7.0,B01,138Â 205Â 028,1.0
1012180,201900053711,10,26,14:50,1,1,1,1.0,5.0,77373,RN104,M,"48,7837170","2,6164630",77,2019,110.0,1.0,1.0,2.0,2263528,1.0,1,1,2,5.0,,-1.0, -1,1980.0,A01,138Â 205Â 029,1.0,0.0,-1.0,1727777,2.0,7,,0.0,2.0,4.0,A01,138Â 205Â 029,1.0
1012181,201900053712,8,30,13:35,1,2,1,1.0,6.0,59560,FLANDRE RUE DES COMTESSES DE,M,"50,5470000","3,0269000",59,2019,50.0,1.0,1.0,4.0,2263529,10.0,3,3,2,0.0,,4.0,3,2003.0,A01,138Â 205Â 026,8.0,0.0,-1.0,1727778,1.0,7,,0.0,1.0,2.0,A01,138Â 205Â 026,1.0
1012181,201900053712,8,30,13:35,1,2,1,1.0,6.0,59560,FLANDRE RUE DES COMTESSES DE,M,"50,5470000","3,0269000",59,2019,50.0,1.0,1.0,4.0,2263530,1.0,1,1,2,0.0,,-1.0,0,1962.0,A01,138Â 205Â 026,1.0,0.0,-1.0,1727778,1.0,7,,0.0,1.0,2.0,A01,138Â 205Â 026,1.0
1012182,201900053713,9,21,16:00,1,2,1,7.0,6.0,59178,COMEDIE (RUE DE LA),M,"50,3665800","3,0775900",59,2019,50.0,1.0,1.0,4.0,2263531,10.0,3,3,2,9.0,,2.0,3,1952.0,A01,138Â 205Â 024,8.0,0.0,-1.0,1727779,1.0,7,,0.0,1.0,1.0,A01,138Â 205Â 024,1.0
1012182,201900053713,9,21,16:00,1,2,1,7.0,6.0,59178,COMEDIE (RUE DE LA),M,"50,3665800","3,0775900",59,2019,50.0,1.0,1.0,4.0,2263532,1.0,1,1,1,9.0,,-1.0,0,1956.0,A01,138Â 205Â 024,8.0,0.0,-1.0,1727779,1.0,7,,0.0,1.0,1.0,A01,138Â 205Â 024,1.0
1012183,201900053714,10,25,15:40,1,2,6,1.0,6.0,71540,HUIT MAI (AVENUE DU),M,"46,7784630","4,4412390",71,2019,50.0,1.0,1.0,4.0,2263533,1.0,1,4,2,0.0,,0.0,0,1985.0,A01,138Â 205Â 025,1.0,0.0,-1.0,1727780,1.0,7,,2.0,0.0,1.0,A01,138Â 205Â 025,1.0
1012184,201900053715,9,20,17:00,1,2,1,1.0,1.0,59327,POILUS (RUE DES),M,"50,3937500","3,1652800",59,2019,50.0,3.0,1.0,3.0,2263534,1.0,1,4,1,9.0,,-1.0, -1,1965.0,A01,138Â 205Â 022,8.0,0.0,-1.0,1727781,1.0,7,,0.0,2.0,1.0,A01,138Â 205Â 022,1.0
1012184,201900053715,9,20,17:00,1,2,1,1.0,1.0,59327,POILUS (RUE DES),M,"50,3937500","3,1652800",59,2019,50.0,3.0,1.0,3.0,2263534,1.0,1,4,1,9.0,,-1.0, -1,1965.0,A01,138Â 205Â 022,8.0,0.0,-1.0,1727782,2.0,7,,0.0,2.0,1.0,B01,138Â 205Â 023,1.0
1012184,201900053715,9,20,17:00,1,2,1,1.0,1.0,59327,POILUS (RUE DES),M,"50,3937500","3,1652800",59,2019,50.0,3.0,1.0,3.0,2263535,2.0,2,4,2,9.0,,0.0, -1,1964.0,B01,138Â 205Â 023,8.0,0.0,-1.0,1727781,1.0,7,,0.0,2.0,1.0,A01,138Â 205Â 022,1.0
1012184,201900053715,9,20,17:00,1,2,1,1.0,1.0,59327,POILUS (RUE DES),M,"50,3937500","3,1652800",59,2019,50.0,3.0,1.0,3.0,2263535,2.0,2,4,2,9.0,,0.0, -1,1964.0,B01,138Â 205Â 023,8.0,0.0,-1.0,1727782,2.0,7,,0.0,2.0,1.0,B01,138Â 205Â 023,1.0
1012184,201900053715,9,20,17:00,1,2,1,1.0,1.0,59327,POILUS (RUE DES),M,"50,3937500","3,1652800",59,2019,50.0,3.0,1.0,3.0,2263536,3.0,2,1,1,9.0,,-1.0, -1,2012.0,B01,138Â 205Â 023,1.0,0.0,-1.0,1727781,1.0,7,,0.0,2.0,1.0,A01,138Â 205Â 022,1.0
1012184,201900053715,9,20,17:00,1,2,1,1.0,1.0,59327,POILUS (RUE DES),M,"50,3937500","3,1652800",59,2019,50.0,3.0,1.0,3.0,2263536,3.0,2,1,1,9.0,,-1.0, -1,2012.0,B01,138Â 205Â 023,1.0,0.0,-1.0,1727782,2.0,7,,0.0,2.0,1.0,B01,138Â 205Â 023,1.0
1012184,201900053715,9,20,17:00,1,2,1,1.0,1.0,59327,POILUS (RUE DES),M,"50,3937500","3,1652800",59,2019,50.0,3.0,1.0,3.0,2263537,1.0,1,4,1,5.0,,-1.0, -1,1964.0,B01,138Â 205Â 023,8.0,0.0,-1.0,1727781,1.0,7,,0.0,2.0,1.0,A01,138Â 205Â 022,1.0
1012184,201900053715,9,20,17:00,1,2,1,1.0,1.0,59327,POILUS (RUE DES),M,"50,3937500","3,1652800",59,2019,50.0,3.0,1.0,3.0,2263537,1.0,1,4,1,5.0,,-1.0, -1,1964.0,B01,138Â 205Â 023,8.0,0.0,-1.0,1727782,2.0,7,,0.0,2.0,1.0,B01,138Â 205Â 023,1.0
1012185,201900053716,9,23,10:05,1,2,1,1.0,6.0,57240,METZ (RUE DE),M,"49,1413000","6,8090000",57,2019,50.0,1.0,2.0,3.0,2263538,1.0,1,1,1,5.0,,-1.0, -1,1950.0,A01,138Â 205Â 019,1.0,0.0,-1.0,1727783,3.0,10,,0.0,1.0,1.0,A01,138Â 205Â 019,1.0
1012185,201900053716,9,23,10:05,1,2,1,1.0,6.0,57240,METZ (RUE DE),M,"49,1413000","6,8090000",57,2019,50.0,1.0,2.0,3.0,2263539,10.0,3,3,1,5.0,,3.0,3,1974.0,A01,138Â 205Â 019,8.0,0.0,-1.0,1727783,3.0,10,,0.0,1.0,1.0,A01,138Â 205Â 019,1.0
1012186,201900053717,10,26,10:50,1,2,1,1.0,3.0,97416,SUFFREN(RUE),M," -21,3386692","55,4722357",974,2019,50.0,1.0,1.0,9.0,2263540,1.0,1,1,1,9.0,,-1.0, -1,1989.0,A01,138Â 205Â 020,1.0,8.0,-1.0,1727784,1.0,7,,0.0,2.0,2.0,A01,138Â 205Â 020,1.0
1012186,201900053717,10,26,10:50,1,2,1,1.0,3.0,97416,SUFFREN(RUE),M," -21,3386692","55,4722357",974,2019,50.0,1.0,1.0,9.0,2263540,1.0,1,1,1,9.0,,-1.0, -1,1989.0,A01,138Â 205Â 020,1.0,8.0,-1.0,1727785,1.0,1,,0.0,2.0,1.0,B01,138Â 205Â 021,6.0
1012186,201900053717,10,26,10:50,1,2,1,1.0,3.0,97416,SUFFREN(RUE),M," -21,3386692","55,4722357",974,2019,50.0,1.0,1.0,9.0,2263541,1.0,1,4,1,9.0,,-1.0, -1,1971.0,B01,138Â 205Â 021,8.0,0.0,-1.0,1727784,1.0,7,,0.0,2.0,2.0,A01,138Â 205Â 020,1.0
1012186,201900053717,10,26,10:50,1,2,1,1.0,3.0,97416,SUFFREN(RUE),M," -21,3386692","55,4722357",974,2019,50.0,1.0,1.0,9.0,2263541,1.0,1,4,1,9.0,,-1.0, -1,1971.0,B01,138Â 205Â 021,8.0,0.0,-1.0,1727785,1.0,1,,0.0,2.0,1.0,B01,138Â 205Â 021,6.0
1012187,201900053718,9,20,13:35,1,2,2,1.0,6.0,56121,JOFFRE ( BD MARECHAL ),M,"47,7527600"," -3,3621100",56,2019,50.0,1.0,1.0,4.0,2263542,1.0,1,1,1,5.0,,0.0,0,2000.0,A01,138Â 205Â 018,1.0,8.0,-1.0,1727786,1.0,7,,0.0,1.0,1.0,A01,138Â 205Â 018,1.0
1012187,201900053718,9,20,13:35,1,2,2,1.0,6.0,56121,JOFFRE ( BD MARECHAL ),M,"47,7527600"," -3,3621100",56,2019,50.0,1.0,1.0,4.0,2263543,10.0,3,4,2,5.0,,3.0,3,1950.0,A01,138Â 205Â 018,8.0,0.0,-1.0,1727786,1.0,7,,0.0,1.0,1.0,A01,138Â 205Â 018,1.0
1012188,201900053719,10,26,11:00,1,1,1,1.0,2.0,97407,Route Nationale 1,M," -20,9556300","55,3116900",974,2019,70.0,1.0,1.0,2.0,2263544,1.0,1,1,2,9.0,,0.0,0,1975.0,B01,138Â 205Â 016,1.0,0.0,-1.0,1727787,1.0,7,,0.0,2.0,6.0,B01,138Â 205Â 016,0.0
1012188,201900053719,10,26,11:00,1,1,1,1.0,2.0,97407,Route Nationale 1,M," -20,9556300","55,3116900",974,2019,70.0,1.0,1.0,2.0,2263544,1.0,1,1,2,9.0,,0.0,0,1975.0,B01,138Â 205Â 016,1.0,0.0,-1.0,1727788,1.0,33,,0.0,2.0,1.0,A01,138Â 205Â 017,0.0
1012188,201900053719,10,26,11:00,1,1,1,1.0,2.0,97407,Route Nationale 1,M," -20,9556300","55,3116900",974,2019,70.0,1.0,1.0,2.0,2263545,1.0,1,4,1,0.0,,0.0,0,1994.0,A01,138Â 205Â 017,2.0,6.0,-1.0,1727787,1.0,7,,0.0,2.0,6.0,B01,138Â 205Â 016,0.0
1012188,201900053719,10,26,11:00,1,1,1,1.0,2.0,97407,Route Nationale 1,M," -20,9556300","55,3116900",974,2019,70.0,1.0,1.0,2.0,2263545,1.0,1,4,1,0.0,,0.0,0,1994.0,A01,138Â 205Â 017,2.0,6.0,-1.0,1727788,1.0,33,,0.0,2.0,1.0,A01,138Â 205Â 017,0.0
1012188,201900053719,10,26,11:00,1,1,1,1.0,2.0,97407,Route Nationale 1,M," -20,9556300","55,3116900",974,2019,70.0,1.0,1.0,2.0,2263546,2.0,2,4,2,9.0,,0.0,0,2001.0,A01,138Â 205Â 017,2.0,0.0,-1.0,1727787,1.0,7,,0.0,2.0,6.0,B01,138Â 205Â 016,0.0
1012188,201900053719,10,26,11:00,1,1,1,1.0,2.0,97407,Route Nationale 1,M," -20,9556300","55,3116900",974,2019,70.0,1.0,1.0,2.0,2263546,2.0,2,4,2,9.0,,0.0,0,2001.0,A01,138Â 205Â 017,2.0,0.0,-1.0,1727788,1.0,33,,0.0,2.0,1.0,A01,138Â 205Â 017,0.0
1012189,201900053720,9,19,13:20,1,2,1,1.0,7.0,54382,METZ (BOULEVARD DE),M,"49,5450860","5,7816380",54,2019,50.0,1.0,1.0,4.0,2263547,10.0,3,4,2,5.0,,3.0,3,2013.0,A01,138Â 205Â 015,0.0,-1.0,-1.0,1727789,1.0,7,,0.0,1.0,1.0,A01,138Â 205Â 015,1.0
1012189,201900053720,9,19,13:20,1,2,1,1.0,7.0,54382,METZ (BOULEVARD DE),M,"49,5450860","5,7816380",54,2019,50.0,1.0,1.0,4.0,2263548,1.0,1,1,1,5.0,,-1.0, -1,1979.0,A01,138Â 205Â 015,1.0,0.0,-1.0,1727789,1.0,7,,0.0,1.0,1.0,A01,138Â 205Â 015,1.0
1012189,201900053720,9,19,13:20,1,2,1,1.0,7.0,54382,METZ (BOULEVARD DE),M,"49,5450860","5,7816380",54,2019,50.0,1.0,1.0,4.0,2263549,10.0,3,4,2,5.0,,3.0,3,1978.0,A01,138Â 205Â 015,0.0,-1.0,-1.0,1727789,1.0,7,,0.0,1.0,1.0,A01,138Â 205Â 015,1.0
1012190,201900053721,9,22,11:14,1,1,1,8.0,7.0,50218,VOIE DE LIASON OUEST (D971),M,"48,8217600"," -1,5508700",50,2019,80.0,1.0,2.0,3.0,2263550,1.0,1,4,1,5.0,,0.0,0,2000.0,A01,138Â 205Â 010,1.0,8.0,-1.0,1727790,1.0,7,,0.0,0.0,2.0,A01,138Â 205Â 010,1.0
1012191,201900053722,10,26,11:00,1,1,1,1.0,4.0,97407,Route Nationale 1,M," -20,9550000","55,3120000",974,2019,70.0,1.0,1.0,2.0,2263551,1.0,1,1,1,0.0,,0.0,0,1998.0,A01,138Â 205Â 009,1.0,0.0,-1.0,1727791,3.0,7,,0.0,2.0,5.0,A01,138Â 205Â 009,1.0
1012191,201900053722,10,26,11:00,1,1,1,1.0,4.0,97407,Route Nationale 1,M," -20,9550000","55,3120000",974,2019,70.0,1.0,1.0,2.0,2263551,1.0,1,1,1,0.0,,0.0,0,1998.0,A01,138Â 205Â 009,1.0,0.0,-1.0,1727792,3.0,7,,0.0,2.0,4.0,B01,138Â 205Â 011,1.0
1012191,201900053722,10,26,11:00,1,1,1,1.0,4.0,97407,Route Nationale 1,M," -20,9550000","55,3120000",974,2019,70.0,1.0,1.0,2.0,2263551,1.0,1,1,1,0.0,,0.0,0,1998.0,A01,138Â 205Â 009,1.0,0.0,-1.0,1727793,3.0,7,,0.0,2.0,4.0,C01,138Â 205Â 012,1.0
1012191,201900053722,10,26,11:00,1,1,1,1.0,4.0,97407,Route Nationale 1,M," -20,9550000","55,3120000",974,2019,70.0,1.0,1.0,2.0,2263551,1.0,1,1,1,0.0,,0.0,0,1998.0,A01,138Â 205Â 009,1.0,0.0,-1.0,1727794,3.0,10,,0.0,2.0,4.0,D01,138Â 205Â 013,1.0
1012191,201900053722,10,26,11:00,1,1,1,1.0,4.0,97407,Route Nationale 1,M," -20,9550000","55,3120000",974,2019,70.0,1.0,1.0,2.0,2263551,1.0,1,1,1,0.0,,0.0,0,1998.0,A01,138Â 205Â 009,1.0,0.0,-1.0,1727795,0.0,7,,0.0,2.0,4.0,E01,138Â 205Â 014,1.0
1012191,201900053722,10,26,11:00,1,1,1,1.0,4.0,97407,Route Nationale 1,M," -20,9550000","55,3120000",974,2019,70.0,1.0,1.0,2.0,2263552,1.0,1,1,2,0.0,,0.0,0,1986.0,B01,138Â 205Â 011,1.0,0.0,-1.0,1727791,3.0,7,,0.0,2.0,5.0,A01,138Â 205Â 009,1.0
1012191,201900053722,10,26,11:00,1,1,1,1.0,4.0,97407,Route Nationale 1,M," -20,9550000","55,3120000",974,2019,70.0,1.0,1.0,2.0,2263552,1.0,1,1,2,0.0,,0.0,0,1986.0,B01,138Â 205Â 011,1.0,0.0,-1.0,1727792,3.0,7,,0.0,2.0,4.0,B01,138Â 205Â 011,1.0
1012191,201900053722,10,26,11:00,1,1,1,1.0,4.0,97407,Route Nationale 1,M," -20,9550000","55,3120000",974,2019,70.0,1.0,1.0,2.0,2263552,1.0,1,1,2,0.0,,0.0,0,1986.0,B01,138Â 205Â 011,1.0,0.0,-1.0,1727793,3.0,7,,0.0,2.0,4.0,C01,138Â 205Â 012,1.0
1012191,201900053722,10,26,11:00,1,1,1,1.0,4.0,97407,Route Nationale 1,M," -20,9550000","55,3120000",974,2019,70.0,1.0,1.0,2.0,2263552,1.0,1,1,2,0.0,,0.0,0,1986.0,B01,138Â 205Â 011,1.0,0.0,-1.0,1727794,3.0,10,,0.0,2.0,4.0,D01,138Â 205Â 013,1.0
1012191,201900053722,10,26,11:00,1,1,1,1.0,4.0,97407,Route Nationale 1,M," -20,9550000","55,3120000",974,2019,70.0,1.0,1.0,2.0,2263552,1.0,1,1,2,0.0,,0.0,0,1986.0,B01,138Â 205Â 011,1.0,0.0,-1.0,1727795,0.0,7,,0.0,2.0,4.0,E01,138Â 205Â 014,1.0
1012191,201900053722,10,26,11:00,1,1,1,1.0,4.0,97407,Route Nationale 1,M," -20,9550000","55,3120000",974,2019,70.0,1.0,1.0,2.0,2263553,1.0,1,1,1,0.0,,0.0,0,1988.0,C01,138Â 205Â 012,1.0,0.0,-1.0,1727791,3.0,7,,0.0,2.0,5.0,A01,138Â 205Â 009,1.0
1012191,201900053722,10,26,11:00,1,1,1,1.0,4.0,97407,Route Nationale 1,M," -20,9550000","55,3120000",974,2019,70.0,1.0,1.0,2.0,2263553,1.0,1,1,1,0.0,,0.0,0,1988.0,C01,138Â 205Â 012,1.0,0.0,-1.0,1727792,3.0,7,,0.0,2.0,4.0,B01,138Â 205Â 011,1.0
1012191,201900053722,10,26,11:00,1,1,1,1.0,4.0,97407,Route Nationale 1,M," -20,9550000","55,3120000",974,2019,70.0,1.0,1.0,2.0,2263553,1.0,1,1,1,0.0,,0.0,0,1988.0,C01,138Â 205Â 012,1.0,0.0,-1.0,1727793,3.0,7,,0.0,2.0,4.0,C01,138Â 205Â 012,1.0
1012191,201900053722,10,26,11:00,1,1,1,1.0,4.0,97407,Route Nationale 1,M," -20,9550000","55,3120000",974,2019,70.0,1.0,1.0,2.0,2263553,1.0,1,1,1,0.0,,0.0,0,1988.0,C01,138Â 205Â 012,1.0,0.0,-1.0,1727794,3.0,10,,0.0,2.0,4.0,D01,138Â 205Â 013,1.0
1012191,201900053722,10,26,11:00,1,1,1,1.0,4.0,97407,Route Nationale 1,M," -20,9550000","55,3120000",974,2019,70.0,1.0,1.0,2.0,2263553,1.0,1,1,1,0.0,,0.0,0,1988.0,C01,138Â 205Â 012,1.0,0.0,-1.0,1727795,0.0,7,,0.0,2.0,4.0,E01,138Â 205Â 014,1.0
1012191,201900053722,10,26,11:00,1,1,1,1.0,4.0,97407,Route Nationale 1,M," -20,9550000","55,3120000",974,2019,70.0,1.0,1.0,2.0,2263554,2.0,2,4,1,0.0,,0.0,0,1957.0,C01,138Â 205Â 012,1.0,0.0,-1.0,1727791,3.0,7,,0.0,2.0,5.0,A01,138Â 205Â 009,1.0
1012191,201900053722,10,26,11:00,1,1,1,1.0,4.0,97407,Route Nationale 1,M," -20,9550000","55,3120000",974,2019,70.0,1.0,1.0,2.0,2263554,2.0,2,4,1,0.0,,0.0,0,1957.0,C01,138Â 205Â 012,1.0,0.0,-1.0,1727792,3.0,7,,0.0,2.0,4.0,B01,138Â 205Â 011,1.0
1012191,201900053722,10,26,11:00,1,1,1,1.0,4.0,97407,Route Nationale 1,M," -20,9550000","55,3120000",974,2019,70.0,1.0,1.0,2.0,2263554,2.0,2,4,1,0.0,,0.0,0,1957.0,C01,138Â 205Â 012,1.0,0.0,-1.0,1727793,3.0,7,,0.0,2.0,4.0,C01,138Â 205Â 012,1.0
1012191,201900053722,10,26,11:00,1,1,1,1.0,4.0,97407,Route Nationale 1,M," -20,9550000","55,3120000",974,2019,70.0,1.0,1.0,2.0,2263554,2.0,2,4,1,0.0,,0.0,0,1957.0,C01,138Â 205Â 012,1.0,0.0,-1.0,1727794,3.0,10,,0.0,2.0,4.0,D01,138Â 205Â 013,1.0
1012191,201900053722,10,26,11:00,1,1,1,1.0,4.0,97407,Route Nationale 1,M," -20,9550000","55,3120000",974,2019,70.0,1.0,1.0,2.0,2263554,2.0,2,4,1,0.0,,0.0,0,1957.0,C01,138Â 205Â 012,1.0,0.0,-1.0,1727795,0.0,7,,0.0,2.0,4.0,E01,138Â 205Â 014,1.0
1012191,201900053722,10,26,11:00,1,1,1,1.0,4.0,97407,Route Nationale 1,M," -20,9550000","55,3120000",974,2019,70.0,1.0,1.0,2.0,2263555,1.0,1,1,1,0.0,,0.0,0,1983.0,D01,138Â 205Â 013,1.0,0.0,-1.0,1727791,3.0,7,,0.0,2.0,5.0,A01,138Â 205Â 009,1.0
1012191,201900053722,10,26,11:00,1,1,1,1.0,4.0,97407,Route Nationale 1,M," -20,9550000","55,3120000",974,2019,70.0,1.0,1.0,2.0,2263555,1.0,1,1,1,0.0,,0.0,0,1983.0,D01,138Â 205Â 013,1.0,0.0,-1.0,1727792,3.0,7,,0.0,2.0,4.0,B01,138Â 205Â 011,1.0
1012191,201900053722,10,26,11:00,1,1,1,1.0,4.0,97407,Route Nationale 1,M," -20,9550000","55,3120000",974,2019,70.0,1.0,1.0,2.0,2263555,1.0,1,1,1,0.0,,0.0,0,1983.0,D01,138Â 205Â 013,1.0,0.0,-1.0,1727793,3.0,7,,0.0,2.0,4.0,C01,138Â 205Â 012,1.0
1012191,201900053722,10,26,11:00,1,1,1,1.0,4.0,97407,Route Nationale 1,M," -20,9550000","55,3120000",974,2019,70.0,1.0,1.0,2.0,2263555,1.0,1,1,1,0.0,,0.0,0,1983.0,D01,138Â 205Â 013,1.0,0.0,-1.0,1727794,3.0,10,,0.0,2.0,4.0,D01,138Â 205Â 013,1.0
1012191,201900053722,10,26,11:00,1,1,1,1.0,4.0,97407,Route Nationale 1,M," -20,9550000","55,3120000",974,2019,70.0,1.0,1.0,2.0,2263555,1.0,1,1,1,0.0,,0.0,0,1983.0,D01,138Â 205Â 013,1.0,0.0,-1.0,1727795,0.0,7,,0.0,2.0,4.0,E01,138Â 205Â 014,1.0
1012191,201900053722,10,26,11:00,1,1,1,1.0,4.0,97407,Route Nationale 1,M," -20,9550000","55,3120000",974,2019,70.0,1.0,1.0,2.0,2263556,1.0,1,1,1,0.0,,-1.0,0,1970.0,E01,138Â 205Â 014,1.0,0.0,-1.0,1727791,3.0,7,,0.0,2.0,5.0,A01,138Â 205Â 009,1.0
1012191,201900053722,10,26,11:00,1,1,1,1.0,4.0,97407,Route Nationale 1,M," -20,9550000","55,3120000",974,2019,70.0,1.0,1.0,2.0,2263556,1.0,1,1,1,0.0,,-1.0,0,1970.0,E01,138Â 205Â 014,1.0,0.0,-1.0,1727792,3.0,7,,0.0,2.0,4.0,B01,138Â 205Â 011,1.0
1012191,201900053722,10,26,11:00,1,1,1,1.0,4.0,97407,Route Nationale 1,M," -20,9550000","55,3120000",974,2019,70.0,1.0,1.0,2.0,2263556,1.0,1,1,1,0.0,,-1.0,0,1970.0,E01,138Â 205Â 014,1.0,0.0,-1.0,1727793,3.0,7,,0.0,2.0,4.0,C01,138Â 205Â 012,1.0
1012191,201900053722,10,26,11:00,1,1,1,1.0,4.0,97407,Route Nationale 1,M," -20,9550000","55,3120000",974,2019,70.0,1.0,1.0,2.0,2263556,1.0,1,1,1,0.0,,-1.0,0,1970.0,E01,138Â 205Â 014,1.0,0.0,-1.0,1727794,3.0,10,,0.0,2.0,4.0,D01,138Â 205Â 013,1.0
1012191,201900053722,10,26,11:00,1,1,1,1.0,4.0,97407,Route Nationale 1,M," -20,9550000","55,3120000",974,2019,70.0,1.0,1.0,2.0,2263556,1.0,1,1,1,0.0,,-1.0,0,1970.0,E01,138Â 205Â 014,1.0,0.0,-1.0,1727795,0.0,7,,0.0,2.0,4.0,E01,138Â 205Â 014,1.0
1012192,201900053723,10,27,02:30,5,2,1,1.0,2.0,69388,JEAN MERMOZ                         (AV),M,"45,7356900","4,8711800",69,2019,50.0,1.0,1.0,7.0,2263557,1.0,1,4,1,0.0,,0.0,0,1995.0,B01,138Â 205Â 005,1.0,0.0,-1.0,1727796,3.0,50,,0.0,2.0,1.0,B01,138Â 205Â 005,3.0
1012192,201900053723,10,27,02:30,5,2,1,1.0,2.0,69388,JEAN MERMOZ                         (AV),M,"45,7356900","4,8711800",69,2019,50.0,1.0,1.0,7.0,2263557,1.0,1,4,1,0.0,,0.0,0,1995.0,B01,138Â 205Â 005,1.0,0.0,-1.0,1727797,1.0,7,,0.0,9.0,6.0,A01,138Â 205Â 007,0.0
1012192,201900053723,10,27,02:30,5,2,1,1.0,2.0,69388,JEAN MERMOZ                         (AV),M,"45,7356900","4,8711800",69,2019,50.0,1.0,1.0,7.0,2263558,1.0,1,1,2,0.0,,-1.0,0,1997.0,A01,138Â 205Â 007,1.0,0.0,-1.0,1727796,3.0,50,,0.0,2.0,1.0,B01,138Â 205Â 005,3.0
1012192,201900053723,10,27,02:30,5,2,1,1.0,2.0,69388,JEAN MERMOZ                         (AV),M,"45,7356900","4,8711800",69,2019,50.0,1.0,1.0,7.0,2263558,1.0,1,1,2,0.0,,-1.0,0,1997.0,A01,138Â 205Â 007,1.0,0.0,-1.0,1727797,1.0,7,,0.0,9.0,6.0,A01,138Â 205Â 007,0.0
1012193,201900053724,9,22,10:00,1,2,1,2.0,1.0,50129,CALIGNY (QUAI DE),M,"49,6416700"," -1,6212900",50,2019,50.0,1.0,2.0,4.0,2263559,1.0,1,1,1,5.0,,0.0,0,1995.0,A01,138Â 205Â 006,1.0,0.0,-1.0,1727798,0.0,7,,1.0,2.0,1.0,A01,138Â 205Â 006,1.0
1012193,201900053724,9,22,10:00,1,2,1,2.0,1.0,50129,CALIGNY (QUAI DE),M,"49,6416700"," -1,6212900",50,2019,50.0,1.0,2.0,4.0,2263559,1.0,1,1,1,5.0,,0.0,0,1995.0,A01,138Â 205Â 006,1.0,0.0,-1.0,1727799,0.0,7,,0.0,0.0,1.0,B01,138Â 205Â 008,1.0
1012193,201900053724,9,22,10:00,1,2,1,2.0,1.0,50129,CALIGNY (QUAI DE),M,"49,6416700"," -1,6212900",50,2019,50.0,1.0,2.0,4.0,2263560,1.0,1,4,1,5.0,,0.0,0,1998.0,B01,138Â 205Â 008,1.0,0.0,-1.0,1727798,0.0,7,,1.0,2.0,1.0,A01,138Â 205Â 006,1.0
1012193,201900053724,9,22,10:00,1,2,1,2.0,1.0,50129,CALIGNY (QUAI DE),M,"49,6416700"," -1,6212900",50,2019,50.0,1.0,2.0,4.0,2263560,1.0,1,4,1,5.0,,0.0,0,1998.0,B01,138Â 205Â 008,1.0,0.0,-1.0,1727799,0.0,7,,0.0,0.0,1.0,B01,138Â 205Â 008,1.0
1012194,201900053725,10,26,20:55,5,2,1,1.0,6.0,69259,MARCEL CACHIN                       (AV),M,"45,6934500","4,8758300",69,2019,30.0,1.0,1.0,4.0,2263561,1.0,1,1,2,0.0,,-1.0, -1,1983.0,A01,138Â 205Â 003,1.0,0.0,-1.0,1727800,2.0,7,,0.0,1.0,8.0,A01,138Â 205Â 003,1.0
1012194,201900053725,10,26,20:55,5,2,1,1.0,6.0,69259,MARCEL CACHIN                       (AV),M,"45,6934500","4,8758300",69,2019,30.0,1.0,1.0,4.0,2263562,10.0,3,4,1,0.0,,2.0,5,2007.0,A01,138Â 205Â 003,0.0,-1.0,-1.0,1727800,2.0,7,,0.0,1.0,8.0,A01,138Â 205Â 003,1.0
1012195,201900053726,9,20,12:47,1,2,2,1.0,3.0,49007,PORTET BOULEVARD,M,"47,4507200"," -0,5605100",49,2019,50.0,1.0,1.0,4.0,2263563,1.0,1,4,1,0.0,,-1.0,0,1999.0,B01,138Â 205Â 002,8.0,0.0,-1.0,1727801,1.0,1,,0.0,2.0,8.0,B01,138Â 205Â 002,5.0
1012195,201900053726,9,20,12:47,1,2,2,1.0,3.0,49007,PORTET BOULEVARD,M,"47,4507200"," -0,5605100",49,2019,50.0,1.0,1.0,4.0,2263563,1.0,1,4,1,0.0,,-1.0,0,1999.0,B01,138Â 205Â 002,8.0,0.0,-1.0,1727802,1.0,7,,0.0,2.0,2.0,A01,138Â 205Â 004,0.0
1012195,201900053726,9,20,12:47,1,2,2,1.0,3.0,49007,PORTET BOULEVARD,M,"47,4507200"," -0,5605100",49,2019,50.0,1.0,1.0,4.0,2263564,1.0,1,1,2,0.0,,-1.0,0,1998.0,A01,138Â 205Â 004,1.0,8.0,-1.0,1727801,1.0,1,,0.0,2.0,8.0,B01,138Â 205Â 002,5.0