Unnamed: 0_x,num_acc,mois,jour,hrmn,lum,agg,int,atm,col,com,adr,gps,lat,long,dep,annee,vma,situ,surf,catr,Unnamed: 0_y,place,catu,grav,sexe,trajet,secu,locp,actp,an_nais,num_veh_x,id_vehicule_x,secu1,secu2,secu3,Unnamed: 0,senc,catv,occutc,obs,obsm,choc,num_veh_y,id_vehicule_y,motor
1012195,201900053726,9,20,12:47,1,2,2,1.0,3.0,49007,PORTET BOULEVARD,M,"47,4507200"," -0,5605100",49,2019,50.0,1.0,1.0,4.0,2263564,1.0,1,1,2,0.0,,-1.0,0,1998.0,A01,138Â 205Â 004,1.0,8.0,-1.0,1727802,1.0,7,,0.0,2.0,2.0,A01,138Â 205Â 004,0.0
1012196,201900053727,10,26,12:12,1,2,1,1.0,6.0,69387,JEAN MARIE CHAVANT                  (R ),M,"45,7529200","4,8477500",69,2019,30.0,1.0,1.0,4.0,2263565,1.0,1,1,2,4.0,,-1.0,0,1958.0,A01,138Â 205Â 001,1.0,0.0,-1.0,1727803,1.0,37,5.0,8.0,0.0,2.0,A01,138Â 205Â 001,1.0
1012196,201900053727,10,26,12:12,1,2,1,1.0,6.0,69387,JEAN MARIE CHAVANT                  (R ),M,"45,7529200","4,8477500",69,2019,30.0,1.0,1.0,4.0,2263566,7.0,2,4,2,0.0,,-1.0, -1,1982.0,A01,138Â 205Â 001,1.0,0.0,-1.0,1727803,1.0,37,5.0,8.0,0.0,2.0,A01,138Â 205Â 001,1.0
1012196,201900053727,10,26,12:12,1,2,1,1.0,6.0,69387,JEAN MARIE CHAVANT                  (R ),M,"45,7529200","4,8477500",69,2019,30.0,1.0,1.0,4.0,2263567,7.0,2,4,1,0.0,,-1.0, -1,1982.0,A01,138Â 205Â 001,1.0,0.0,-1.0,1727803,1.0,37,5.0,8.0,0.0,2.0,A01,138Â 205Â 001,1.0
1012196,201900053727,10,26,12:12,1,2,1,1.0,6.0,69387,JEAN MARIE CHAVANT                  (R ),M,"45,7529200","4,8477500",69,2019,30.0,1.0,1.0,4.0,2263568,9.0,2,4,2,0.0,,-1.0, -1,2016.0,A01,138Â 205Â 001,1.0,0.0,-1.0,1727803,1.0,37,5.0,8.0,0.0,2.0,A01,138Â 205Â 001,1.0
1012196,201900053727,10,26,12:12,1,2,1,1.0,6.0,69387,JEAN MARIE CHAVANT                  (R ),M,"45,7529200","4,8477500",69,2019,30.0,1.0,1.0,4.0,2263569,9.0,2,1,2,0.0,,-1.0, -1,1976.0,A01,138Â 205Â 001,1.0,0.0,-1.0,1727803,1.0,37,5.0,8.0,0.0,2.0,A01,138Â 205Â 001,1.0
1012197,201900053728,9,22,15:30,1,2,1,1.0,7.0,49267,PLESSIS GRAMMOIRE ROUTE,M,"47,4777400"," -0,4910900",49,2019,50.0,1.0,1.0,4.0,2263570,1.0,1,3,1,0.0,,-1.0, -1,1988.0,A01,138Â 205Â 000,2.0,8.0,-1.0,1727804,1.0,33,,0.0,0.0,0.0,A01,138Â 205Â 000,1.0
1012198,201900053729,10,26,02:30,5,2,1,1.0,6.0,69081,TROUILLAT                               ,M,"45,7752800","4,7707200",69,2019,50.0,1.0,1.0,4.0,2263571,1.0,1,4,2,5.0,,-1.0,0,1998.0,A01,138Â 204Â 999,1.0,0.0,-1.0,1727805,1.0,7,,8.0,0.0,0.0,A01,138Â 204Â 999,1.0
1012199,201900053730,9,20,16:00,1,2,2,1.0,3.0,49015,POMPIDOU AVENUE GEORGES,M,"47,4967300"," -0,5916400",49,2019,50.0,1.0,1.0,4.0,2263572,1.0,1,1,1,0.0,,-1.0,0,1995.0,A01,138Â 204Â 996,1.0,8.0,-1.0,1727806,1.0,7,,0.0,2.0,1.0,A01,138Â 204Â 996,0.0
1012199,201900053730,9,20,16:00,1,2,2,1.0,3.0,49015,POMPIDOU AVENUE GEORGES,M,"47,4967300"," -0,5916400",49,2019,50.0,1.0,1.0,4.0,2263572,1.0,1,1,1,0.0,,-1.0,0,1995.0,A01,138Â 204Â 996,1.0,8.0,-1.0,1727807,1.0,7,,0.0,2.0,5.0,B01,138Â 204Â 998,0.0
1012199,201900053730,9,20,16:00,1,2,2,1.0,3.0,49015,POMPIDOU AVENUE GEORGES,M,"47,4967300"," -0,5916400",49,2019,50.0,1.0,1.0,4.0,2263573,10.0,3,3,1,0.0,,2.0,5,2002.0,A01,138Â 204Â 996,8.0,0.0,-1.0,1727806,1.0,7,,0.0,2.0,1.0,A01,138Â 204Â 996,0.0
1012199,201900053730,9,20,16:00,1,2,2,1.0,3.0,49015,POMPIDOU AVENUE GEORGES,M,"47,4967300"," -0,5916400",49,2019,50.0,1.0,1.0,4.0,2263573,10.0,3,3,1,0.0,,2.0,5,2002.0,A01,138Â 204Â 996,8.0,0.0,-1.0,1727807,1.0,7,,0.0,2.0,5.0,B01,138Â 204Â 998,0.0
1012199,201900053730,9,20,16:00,1,2,2,1.0,3.0,49015,POMPIDOU AVENUE GEORGES,M,"47,4967300"," -0,5916400",49,2019,50.0,1.0,1.0,4.0,2263574,1.0,1,1,1,0.0,,-1.0,0,1981.0,B01,138Â 204Â 998,1.0,8.0,-1.0,1727806,1.0,7,,0.0,2.0,1.0,A01,138Â 204Â 996,0.0
1012199,201900053730,9,20,16:00,1,2,2,1.0,3.0,49015,POMPIDOU AVENUE GEORGES,M,"47,4967300"," -0,5916400",49,2019,50.0,1.0,1.0,4.0,2263574,1.0,1,1,1,0.0,,-1.0,0,1981.0,B01,138Â 204Â 998,1.0,8.0,-1.0,1727807,1.0,7,,0.0,2.0,5.0,B01,138Â 204Â 998,0.0
1012200,201900053731,10,26,12:45,1,1,6,1.0,2.0,2B037,TOUTES RUES,M,"42,5947000","9,4390000",2B,2019,50.0,1.0,1.0,2.0,2263575,2.0,2,1,2,5.0,,0.0,0,1980.0,A01,138Â 204Â 995,1.0,0.0,-1.0,1727808,2.0,7,,0.0,2.0,3.0,A01,138Â 204Â 995,1.0
1012200,201900053731,10,26,12:45,1,1,6,1.0,2.0,2B037,TOUTES RUES,M,"42,5947000","9,4390000",2B,2019,50.0,1.0,1.0,2.0,2263575,2.0,2,1,2,5.0,,0.0,0,1980.0,A01,138Â 204Â 995,1.0,0.0,-1.0,1727809,2.0,7,,0.0,2.0,5.0,B01,138Â 204Â 997,1.0
1012200,201900053731,10,26,12:45,1,1,6,1.0,2.0,2B037,TOUTES RUES,M,"42,5947000","9,4390000",2B,2019,50.0,1.0,1.0,2.0,2263576,1.0,1,4,1,5.0,,0.0,0,1974.0,A01,138Â 204Â 995,1.0,0.0,-1.0,1727808,2.0,7,,0.0,2.0,3.0,A01,138Â 204Â 995,1.0
1012200,201900053731,10,26,12:45,1,1,6,1.0,2.0,2B037,TOUTES RUES,M,"42,5947000","9,4390000",2B,2019,50.0,1.0,1.0,2.0,2263576,1.0,1,4,1,5.0,,0.0,0,1974.0,A01,138Â 204Â 995,1.0,0.0,-1.0,1727809,2.0,7,,0.0,2.0,5.0,B01,138Â 204Â 997,1.0
1012200,201900053731,10,26,12:45,1,1,6,1.0,2.0,2B037,TOUTES RUES,M,"42,5947000","9,4390000",2B,2019,50.0,1.0,1.0,2.0,2263577,1.0,1,4,2,0.0,,0.0,0,1998.0,B01,138Â 204Â 997,1.0,0.0,-1.0,1727808,2.0,7,,0.0,2.0,3.0,A01,138Â 204Â 995,1.0
1012200,201900053731,10,26,12:45,1,1,6,1.0,2.0,2B037,TOUTES RUES,M,"42,5947000","9,4390000",2B,2019,50.0,1.0,1.0,2.0,2263577,1.0,1,4,2,0.0,,0.0,0,1998.0,B01,138Â 204Â 997,1.0,0.0,-1.0,1727809,2.0,7,,0.0,2.0,5.0,B01,138Â 204Â 997,1.0
1012201,201900053732,9,23,18:35,1,2,1,1.0,3.0,42187,ALSACE - LORRAINE (RUE),M,"46,0364190","4,0683560",42,2019,50.0,1.0,1.0,4.0,2263578,2.0,2,4,2,0.0,,-1.0,0,2003.0,B01,138Â 204Â 992,2.0,6.0,-1.0,1727810,1.0,2,,0.0,2.0,2.0,B01,138Â 204Â 992,1.0
1012201,201900053732,9,23,18:35,1,2,1,1.0,3.0,42187,ALSACE - LORRAINE (RUE),M,"46,0364190","4,0683560",42,2019,50.0,1.0,1.0,4.0,2263578,2.0,2,4,2,0.0,,-1.0,0,2003.0,B01,138Â 204Â 992,2.0,6.0,-1.0,1727811,1.0,7,,0.0,2.0,8.0,A01,138Â 204Â 994,1.0
1012201,201900053732,9,23,18:35,1,2,1,1.0,3.0,42187,ALSACE - LORRAINE (RUE),M,"46,0364190","4,0683560",42,2019,50.0,1.0,1.0,4.0,2263579,1.0,1,4,2,0.0,,-1.0,0,2003.0,B01,138Â 204Â 992,2.0,6.0,-1.0,1727810,1.0,2,,0.0,2.0,2.0,B01,138Â 204Â 992,1.0
1012201,201900053732,9,23,18:35,1,2,1,1.0,3.0,42187,ALSACE - LORRAINE (RUE),M,"46,0364190","4,0683560",42,2019,50.0,1.0,1.0,4.0,2263579,1.0,1,4,2,0.0,,-1.0,0,2003.0,B01,138Â 204Â 992,2.0,6.0,-1.0,1727811,1.0,7,,0.0,2.0,8.0,A01,138Â 204Â 994,1.0
1012201,201900053732,9,23,18:35,1,2,1,1.0,3.0,42187,ALSACE - LORRAINE (RUE),M,"46,0364190","4,0683560",42,2019,50.0,1.0,1.0,4.0,2263580,1.0,1,1,2,0.0,,-1.0,0,1954.0,A01,138Â 204Â 994,1.0,0.0,-1.0,1727810,1.0,2,,0.0,2.0,2.0,B01,138Â 204Â 992,1.0
1012201,201900053732,9,23,18:35,1,2,1,1.0,3.0,42187,ALSACE - LORRAINE (RUE),M,"46,0364190","4,0683560",42,2019,50.0,1.0,1.0,4.0,2263580,1.0,1,1,2,0.0,,-1.0,0,1954.0,A01,138Â 204Â 994,1.0,0.0,-1.0,1727811,1.0,7,,0.0,2.0,8.0,A01,138Â 204Â 994,1.0
1012202,201900053733,10,26,12:10,1,2,9,1.0,2.0,91687,MARMONT (AVENUE),M,"48,6631000","2,3748000",91,2019,50.0,1.0,1.0,3.0,2263581,4.0,2,1,1,5.0,,0.0,0,2014.0,B01,138Â 204Â 991,1.0,0.0,-1.0,1727812,3.0,7,,0.0,2.0,4.0,B01,138Â 204Â 991,1.0
1012202,201900053733,10,26,12:10,1,2,9,1.0,2.0,91687,MARMONT (AVENUE),M,"48,6631000","2,3748000",91,2019,50.0,1.0,1.0,3.0,2263581,4.0,2,1,1,5.0,,0.0,0,2014.0,B01,138Â 204Â 991,1.0,0.0,-1.0,1727813,3.0,7,,0.0,2.0,1.0,A01,138Â 204Â 993,1.0
1012202,201900053733,10,26,12:10,1,2,9,1.0,2.0,91687,MARMONT (AVENUE),M,"48,6631000","2,3748000",91,2019,50.0,1.0,1.0,3.0,2263582,1.0,1,1,1,5.0,,0.0,0,1976.0,B01,138Â 204Â 991,1.0,8.0,-1.0,1727812,3.0,7,,0.0,2.0,4.0,B01,138Â 204Â 991,1.0
1012202,201900053733,10,26,12:10,1,2,9,1.0,2.0,91687,MARMONT (AVENUE),M,"48,6631000","2,3748000",91,2019,50.0,1.0,1.0,3.0,2263582,1.0,1,1,1,5.0,,0.0,0,1976.0,B01,138Â 204Â 991,1.0,8.0,-1.0,1727813,3.0,7,,0.0,2.0,1.0,A01,138Â 204Â 993,1.0
1012202,201900053733,10,26,12:10,1,2,9,1.0,2.0,91687,MARMONT (AVENUE),M,"48,6631000","2,3748000",91,2019,50.0,1.0,1.0,3.0,2263583,4.0,2,1,1,5.0,,0.0,0,2016.0,B01,138Â 204Â 991,1.0,0.0,-1.0,1727812,3.0,7,,0.0,2.0,4.0,B01,138Â 204Â 991,1.0
1012202,201900053733,10,26,12:10,1,2,9,1.0,2.0,91687,MARMONT (AVENUE),M,"48,6631000","2,3748000",91,2019,50.0,1.0,1.0,3.0,2263583,4.0,2,1,1,5.0,,0.0,0,2016.0,B01,138Â 204Â 991,1.0,0.0,-1.0,1727813,3.0,7,,0.0,2.0,1.0,A01,138Â 204Â 993,1.0
1012202,201900053733,10,26,12:10,1,2,9,1.0,2.0,91687,MARMONT (AVENUE),M,"48,6631000","2,3748000",91,2019,50.0,1.0,1.0,3.0,2263584,1.0,1,4,1,5.0,,0.0,0,1962.0,A01,138Â 204Â 993,1.0,8.0,-1.0,1727812,3.0,7,,0.0,2.0,4.0,B01,138Â 204Â 991,1.0
1012202,201900053733,10,26,12:10,1,2,9,1.0,2.0,91687,MARMONT (AVENUE),M,"48,6631000","2,3748000",91,2019,50.0,1.0,1.0,3.0,2263584,1.0,1,4,1,5.0,,0.0,0,1962.0,A01,138Â 204Â 993,1.0,8.0,-1.0,1727813,3.0,7,,0.0,2.0,1.0,A01,138Â 204Â 993,1.0
1012203,201900053734,9,23,18:15,1,2,1,1.0,6.0,42095,FAYOL (BOULEVARD),M,"45,3883244","4,2960529",42,2019,50.0,1.0,1.0,4.0,2263585,1.0,1,1,1,5.0,,-1.0, -1,1999.0,A01,138Â 204Â 990,1.0,0.0,-1.0,1727814,2.0,7,,0.0,1.0,2.0,A01,138Â 204Â 990,1.0
1012203,201900053734,9,23,18:15,1,2,1,1.0,6.0,42095,FAYOL (BOULEVARD),M,"45,3883244","4,2960529",42,2019,50.0,1.0,1.0,4.0,2263586,10.0,3,3,2,5.0,,2.0,3,1939.0,A01,138Â 204Â 990,8.0,0.0,-1.0,1727814,2.0,7,,0.0,1.0,2.0,A01,138Â 204Â 990,1.0
1012204,201900053735,10,26,12:35,1,2,1,1.0,7.0,91223,COQUERIVE (AVENUE DE),M,"48,4336600","2,1731100",91,2019,50.0,1.0,1.0,3.0,2263587,1.0,1,4,2,0.0,,0.0,0,1991.0,A01,138Â 204Â 989,2.0,8.0,-1.0,1727815,1.0,33,,0.0,0.0,0.0,A01,138Â 204Â 989,1.0
1012205,201900053736,9,23,17:55,1,2,1,1.0,4.0,37122,RD 37,M,"47,3442800","0,6461700",37,2019,90.0,1.0,1.0,3.0,2263588,1.0,1,1,1,4.0,,-1.0,0,1975.0,C01,138Â 204Â 986,1.0,8.0,-1.0,1727816,2.0,17,,0.0,2.0,5.0,C01,138Â 204Â 986,1.0
1012205,201900053736,9,23,17:55,1,2,1,1.0,4.0,37122,RD 37,M,"47,3442800","0,6461700",37,2019,90.0,1.0,1.0,3.0,2263588,1.0,1,1,1,4.0,,-1.0,0,1975.0,C01,138Â 204Â 986,1.0,8.0,-1.0,1727817,2.0,7,,0.0,2.0,4.0,B01,138Â 204Â 987,1.0
1012205,201900053736,9,23,17:55,1,2,1,1.0,4.0,37122,RD 37,M,"47,3442800","0,6461700",37,2019,90.0,1.0,1.0,3.0,2263588,1.0,1,1,1,4.0,,-1.0,0,1975.0,C01,138Â 204Â 986,1.0,8.0,-1.0,1727818,2.0,10,,0.0,2.0,1.0,A01,138Â 204Â 988,1.0
1012205,201900053736,9,23,17:55,1,2,1,1.0,4.0,37122,RD 37,M,"47,3442800","0,6461700",37,2019,90.0,1.0,1.0,3.0,2263589,4.0,2,3,1,5.0,,-1.0,0,2009.0,B01,138Â 204Â 987,1.0,0.0,-1.0,1727816,2.0,17,,0.0,2.0,5.0,C01,138Â 204Â 986,1.0
1012205,201900053736,9,23,17:55,1,2,1,1.0,4.0,37122,RD 37,M,"47,3442800","0,6461700",37,2019,90.0,1.0,1.0,3.0,2263589,4.0,2,3,1,5.0,,-1.0,0,2009.0,B01,138Â 204Â 987,1.0,0.0,-1.0,1727817,2.0,7,,0.0,2.0,4.0,B01,138Â 204Â 987,1.0
1012205,201900053736,9,23,17:55,1,2,1,1.0,4.0,37122,RD 37,M,"47,3442800","0,6461700",37,2019,90.0,1.0,1.0,3.0,2263589,4.0,2,3,1,5.0,,-1.0,0,2009.0,B01,138Â 204Â 987,1.0,0.0,-1.0,1727818,2.0,10,,0.0,2.0,1.0,A01,138Â 204Â 988,1.0
1012205,201900053736,9,23,17:55,1,2,1,1.0,4.0,37122,RD 37,M,"47,3442800","0,6461700",37,2019,90.0,1.0,1.0,3.0,2263590,1.0,1,3,2,5.0,,-1.0,0,1979.0,B01,138Â 204Â 987,1.0,8.0,-1.0,1727816,2.0,17,,0.0,2.0,5.0,C01,138Â 204Â 986,1.0
1012205,201900053736,9,23,17:55,1,2,1,1.0,4.0,37122,RD 37,M,"47,3442800","0,6461700",37,2019,90.0,1.0,1.0,3.0,2263590,1.0,1,3,2,5.0,,-1.0,0,1979.0,B01,138Â 204Â 987,1.0,8.0,-1.0,1727817,2.0,7,,0.0,2.0,4.0,B01,138Â 204Â 987,1.0
1012205,201900053736,9,23,17:55,1,2,1,1.0,4.0,37122,RD 37,M,"47,3442800","0,6461700",37,2019,90.0,1.0,1.0,3.0,2263590,1.0,1,3,2,5.0,,-1.0,0,1979.0,B01,138Â 204Â 987,1.0,8.0,-1.0,1727818,2.0,10,,0.0,2.0,1.0,A01,138Â 204Â 988,1.0
1012205,201900053736,9,23,17:55,1,2,1,1.0,4.0,37122,RD 37,M,"47,3442800","0,6461700",37,2019,90.0,1.0,1.0,3.0,2263591,1.0,1,1,1,1.0,,-1.0,0,1989.0,A01,138Â 204Â 988,1.0,8.0,-1.0,1727816,2.0,17,,0.0,2.0,5.0,C01,138Â 204Â 986,1.0
1012205,201900053736,9,23,17:55,1,2,1,1.0,4.0,37122,RD 37,M,"47,3442800","0,6461700",37,2019,90.0,1.0,1.0,3.0,2263591,1.0,1,1,1,1.0,,-1.0,0,1989.0,A01,138Â 204Â 988,1.0,8.0,-1.0,1727817,2.0,7,,0.0,2.0,4.0,B01,138Â 204Â 987,1.0
1012205,201900053736,9,23,17:55,1,2,1,1.0,4.0,37122,RD 37,M,"47,3442800","0,6461700",37,2019,90.0,1.0,1.0,3.0,2263591,1.0,1,1,1,1.0,,-1.0,0,1989.0,A01,138Â 204Â 988,1.0,8.0,-1.0,1727818,2.0,10,,0.0,2.0,1.0,A01,138Â 204Â 988,1.0
1012206,201900053737,10,26,12:09,1,1,6,1.0,6.0,91223,ROND POINT CHARLES DE GAULLES,M,"48,4271200","2,1549200",91,2019,50.0,1.0,1.0,3.0,2263592,1.0,1,4,1,0.0,,0.0,0,2001.0,A01,138Â 204Â 985,2.0,8.0,-1.0,1727819,1.0,33,,0.0,0.0,0.0,A01,138Â 204Â 985,1.0
1012207,201900053738,10,25,15:50,1,1,1,1.0,2.0,91223,R.N.20,M,"48,4280500","2,1565000",91,2019,90.0,1.0,1.0,2.0,2263593,1.0,1,1,1,0.0,,0.0,0,1992.0,A01,138Â 204Â 982,1.0,8.0,-1.0,1727820,1.0,7,,0.0,2.0,1.0,A01,138Â 204Â 982,1.0
1012207,201900053738,10,25,15:50,1,1,1,1.0,2.0,91223,R.N.20,M,"48,4280500","2,1565000",91,2019,90.0,1.0,1.0,2.0,2263593,1.0,1,1,1,0.0,,0.0,0,1992.0,A01,138Â 204Â 982,1.0,8.0,-1.0,1727821,1.0,3,,0.0,2.0,4.0,B01,138Â 204Â 983,1.0
1012207,201900053738,10,25,15:50,1,1,1,1.0,2.0,91223,R.N.20,M,"48,4280500","2,1565000",91,2019,90.0,1.0,1.0,2.0,2263594,1.0,1,4,1,0.0,,0.0,0,1948.0,B01,138Â 204Â 983,1.0,0.0,-1.0,1727820,1.0,7,,0.0,2.0,1.0,A01,138Â 204Â 982,1.0
1012207,201900053738,10,25,15:50,1,1,1,1.0,2.0,91223,R.N.20,M,"48,4280500","2,1565000",91,2019,90.0,1.0,1.0,2.0,2263594,1.0,1,4,1,0.0,,0.0,0,1948.0,B01,138Â 204Â 983,1.0,0.0,-1.0,1727821,1.0,3,,0.0,2.0,4.0,B01,138Â 204Â 983,1.0
1012208,201900053739,9,22,21:20,5,2,2,1.0,3.0,37261,CALAIS (RUE DE),M,"47,4214400","0,6860300",37,2019,50.0,1.0,1.0,4.0,2263595,2.0,2,1,1,5.0,,-1.0,0,2007.0,A01,138Â 204Â 981,1.0,8.0,-1.0,1727822,3.0,7,,0.0,2.0,1.0,A01,138Â 204Â 981,1.0
1012208,201900053739,9,22,21:20,5,2,2,1.0,3.0,37261,CALAIS (RUE DE),M,"47,4214400","0,6860300",37,2019,50.0,1.0,1.0,4.0,2263595,2.0,2,1,1,5.0,,-1.0,0,2007.0,A01,138Â 204Â 981,1.0,8.0,-1.0,1727823,3.0,7,,0.0,2.0,3.0,B01,138Â 204Â 984,1.0
1012208,201900053739,9,22,21:20,5,2,2,1.0,3.0,37261,CALAIS (RUE DE),M,"47,4214400","0,6860300",37,2019,50.0,1.0,1.0,4.0,2263596,1.0,1,1,2,5.0,,-1.0,0,1985.0,A01,138Â 204Â 981,1.0,8.0,-1.0,1727822,3.0,7,,0.0,2.0,1.0,A01,138Â 204Â 981,1.0
1012208,201900053739,9,22,21:20,5,2,2,1.0,3.0,37261,CALAIS (RUE DE),M,"47,4214400","0,6860300",37,2019,50.0,1.0,1.0,4.0,2263596,1.0,1,1,2,5.0,,-1.0,0,1985.0,A01,138Â 204Â 981,1.0,8.0,-1.0,1727823,3.0,7,,0.0,2.0,3.0,B01,138Â 204Â 984,1.0
1012208,201900053739,9,22,21:20,5,2,2,1.0,3.0,37261,CALAIS (RUE DE),M,"47,4214400","0,6860300",37,2019,50.0,1.0,1.0,4.0,2263597,1.0,1,4,1,5.0,,-1.0,0,1976.0,B01,138Â 204Â 984,1.0,8.0,-1.0,1727822,3.0,7,,0.0,2.0,1.0,A01,138Â 204Â 981,1.0
1012208,201900053739,9,22,21:20,5,2,2,1.0,3.0,37261,CALAIS (RUE DE),M,"47,4214400","0,6860300",37,2019,50.0,1.0,1.0,4.0,2263597,1.0,1,4,1,5.0,,-1.0,0,1976.0,B01,138Â 204Â 984,1.0,8.0,-1.0,1727823,3.0,7,,0.0,2.0,3.0,B01,138Â 204Â 984,1.0
1012209,201900053740,10,26,08:10,2,2,1,1.0,6.0,78440,CROIX VERTE (RUE DE LA),M,"48,9890500","1,9243200",78,2019,50.0,1.0,1.0,4.0,2263598,1.0,1,4,2,1.0,,-1.0, -1,1997.0,A01,138Â 204Â 978,1.0,0.0,-1.0,1727824,1.0,7,,14.0,0.0,9.0,A01,138Â 204Â 978,1.0
1012210,201900053741,10,26,00:55,5,2,1,1.0,1.0,77305,SURVILLE (AVENUE DE),M,"48,3944800","2,9562900",77,2019,30.0,1.0,1.0,4.0,2263599,1.0,1,1,1,9.0,,-1.0,0,1986.0,B01,138Â 204Â 976,1.0,8.0,-1.0,1727825,3.0,7,,0.0,2.0,1.0,B01,138Â 204Â 976,1.0
1012210,201900053741,10,26,00:55,5,2,1,1.0,1.0,77305,SURVILLE (AVENUE DE),M,"48,3944800","2,9562900",77,2019,30.0,1.0,1.0,4.0,2263599,1.0,1,1,1,9.0,,-1.0,0,1986.0,B01,138Â 204Â 976,1.0,8.0,-1.0,1727826,3.0,1,,0.0,2.0,7.0,A01,138Â 204Â 977,5.0
1012210,201900053741,10,26,00:55,5,2,1,1.0,1.0,77305,SURVILLE (AVENUE DE),M,"48,3944800","2,9562900",77,2019,30.0,1.0,1.0,4.0,2263600,1.0,1,3,1,0.0,,-1.0,0,1978.0,A01,138Â 204Â 977,8.0,0.0,-1.0,1727825,3.0,7,,0.0,2.0,1.0,B01,138Â 204Â 976,1.0
1012210,201900053741,10,26,00:55,5,2,1,1.0,1.0,77305,SURVILLE (AVENUE DE),M,"48,3944800","2,9562900",77,2019,30.0,1.0,1.0,4.0,2263600,1.0,1,3,1,0.0,,-1.0,0,1978.0,A01,138Â 204Â 977,8.0,0.0,-1.0,1727826,3.0,1,,0.0,2.0,7.0,A01,138Â 204Â 977,5.0
1012211,201900053742,10,21,12:20,1,1,1,1.0,6.0,77518,D607,M,"48,4844300","2,5921100",77,2019,80.0,3.0,1.0,3.0,2263601,1.0,1,3,1,3.0,,-1.0, -1,1962.0,A01,138Â 204Â 975,1.0,0.0,-1.0,1727827,3.0,7,,2.0,0.0,1.0,A01,138Â 204Â 975,1.0
1012212,201900053743,10,26,16:45,1,2,1,1.0,3.0,72181,NATIONALE (RUE),M,"47,9952300","0,2027200",72,2019,50.0,2.0,1.0,7.0,2263602,1.0,1,1,1,9.0,,0.0,0,1975.0,B01,138Â 204Â 972,1.0,0.0,-1.0,1727828,1.0,10,,0.0,2.0,8.0,B01,138Â 204Â 972,1.0
1012212,201900053743,10,26,16:45,1,2,1,1.0,3.0,72181,NATIONALE (RUE),M,"47,9952300","0,2027200",72,2019,50.0,2.0,1.0,7.0,2263602,1.0,1,1,1,9.0,,0.0,0,1975.0,B01,138Â 204Â 972,1.0,0.0,-1.0,1727829,1.0,33,,0.0,2.0,7.0,A01,138Â 204Â 973,1.0
1012212,201900053743,10,26,16:45,1,2,1,1.0,3.0,72181,NATIONALE (RUE),M,"47,9952300","0,2027200",72,2019,50.0,2.0,1.0,7.0,2263603,1.0,1,4,1,0.0,,0.0,0,1999.0,A01,138Â 204Â 973,2.0,6.0,-1.0,1727828,1.0,10,,0.0,2.0,8.0,B01,138Â 204Â 972,1.0
1012212,201900053743,10,26,16:45,1,2,1,1.0,3.0,72181,NATIONALE (RUE),M,"47,9952300","0,2027200",72,2019,50.0,2.0,1.0,7.0,2263603,1.0,1,4,1,0.0,,0.0,0,1999.0,A01,138Â 204Â 973,2.0,6.0,-1.0,1727829,1.0,33,,0.0,2.0,7.0,A01,138Â 204Â 973,1.0
1012213,201900053744,9,23,09:20,1,2,3,1.0,3.0,34172,TOULOUSE (AVENUE DE,M,"43,5867600","3,8529000",34,2019,50.0,1.0,1.0,3.0,2263604,1.0,1,4,1,9.0,,0.0,0,1962.0,B01,138Â 204Â 971,2.0,6.0,-1.0,1727830,1.0,33,,0.0,2.0,1.0,B01,138Â 204Â 971,1.0
1012213,201900053744,9,23,09:20,1,2,3,1.0,3.0,34172,TOULOUSE (AVENUE DE,M,"43,5867600","3,8529000",34,2019,50.0,1.0,1.0,3.0,2263604,1.0,1,4,1,9.0,,0.0,0,1962.0,B01,138Â 204Â 971,2.0,6.0,-1.0,1727831,0.0,7,,0.0,2.0,8.0,A01,138Â 204Â 974,1.0
1012213,201900053744,9,23,09:20,1,2,3,1.0,3.0,34172,TOULOUSE (AVENUE DE,M,"43,5867600","3,8529000",34,2019,50.0,1.0,1.0,3.0,2263605,1.0,1,1,1,1.0,,0.0,0,2001.0,A01,138Â 204Â 974,1.0,8.0,-1.0,1727830,1.0,33,,0.0,2.0,1.0,B01,138Â 204Â 971,1.0
1012213,201900053744,9,23,09:20,1,2,3,1.0,3.0,34172,TOULOUSE (AVENUE DE,M,"43,5867600","3,8529000",34,2019,50.0,1.0,1.0,3.0,2263605,1.0,1,1,1,1.0,,0.0,0,2001.0,A01,138Â 204Â 974,1.0,8.0,-1.0,1727831,0.0,7,,0.0,2.0,8.0,A01,138Â 204Â 974,1.0
1012214,201900053745,10,26,17:35,1,2,1,1.0,7.0,71486,RD 974,M,"46,6465300","4,3360800",71,2019,50.0,1.0,1.0,3.0,2263606,1.0,1,4,1,5.0,,0.0,0,2003.0,A01,138Â 204Â 970,2.0,0.0,-1.0,1727832,1.0,2,,0.0,0.0,7.0,A01,138Â 204Â 970,1.0
1012215,201900053746,10,26,23:05,3,1,1,1.0,2.0,69271,EUREXPO (PARC DES EXPOSITIONS)          ,M,"45,7240200","4,9517700",69,2019,50.0,1.0,1.0,6.0,2263607,1.0,1,4,1,5.0,,-1.0, -1,1989.0,B01,138Â 204Â 967,1.0,0.0,-1.0,1727833,3.0,7,,0.0,2.0,6.0,B01,138Â 204Â 967,0.0
1012215,201900053746,10,26,23:05,3,1,1,1.0,2.0,69271,EUREXPO (PARC DES EXPOSITIONS)          ,M,"45,7240200","4,9517700",69,2019,50.0,1.0,1.0,6.0,2263607,1.0,1,4,1,5.0,,-1.0, -1,1989.0,B01,138Â 204Â 967,1.0,0.0,-1.0,1727834,3.0,7,,0.0,2.0,2.0,A01,138Â 204Â 969,0.0