Unnamed: 0_x,num_acc,mois,jour,hrmn,lum,agg,int,atm,col,com,adr,gps,lat,long,dep,annee,vma,situ,surf,catr,Unnamed: 0_y,place,catu,grav,sexe,trajet,secu,locp,actp,an_nais,num_veh_x,id_vehicule_x,secu1,secu2,secu3,Unnamed: 0,senc,catv,occutc,obs,obsm,choc,num_veh_y,id_vehicule_y,motor
1012215,201900053746,10,26,23:05,3,1,1,1.0,2.0,69271,EUREXPO (PARC DES EXPOSITIONS)          ,M,"45,7240200","4,9517700",69,2019,50.0,1.0,1.0,6.0,2263608,3.0,2,1,2,5.0,,-1.0, -1,1988.0,B01,138Â 204Â 967,1.0,0.0,-1.0,1727833,3.0,7,,0.0,2.0,6.0,B01,138Â 204Â 967,0.0
1012215,201900053746,10,26,23:05,3,1,1,1.0,2.0,69271,EUREXPO (PARC DES EXPOSITIONS)          ,M,"45,7240200","4,9517700",69,2019,50.0,1.0,1.0,6.0,2263608,3.0,2,1,2,5.0,,-1.0, -1,1988.0,B01,138Â 204Â 967,1.0,0.0,-1.0,1727834,3.0,7,,0.0,2.0,2.0,A01,138Â 204Â 969,0.0
1012215,201900053746,10,26,23:05,3,1,1,1.0,2.0,69271,EUREXPO (PARC DES EXPOSITIONS)          ,M,"45,7240200","4,9517700",69,2019,50.0,1.0,1.0,6.0,2263609,2.0,2,1,1,5.0,,-1.0, -1,1991.0,B01,138Â 204Â 967,1.0,0.0,-1.0,1727833,3.0,7,,0.0,2.0,6.0,B01,138Â 204Â 967,0.0
1012215,201900053746,10,26,23:05,3,1,1,1.0,2.0,69271,EUREXPO (PARC DES EXPOSITIONS)          ,M,"45,7240200","4,9517700",69,2019,50.0,1.0,1.0,6.0,2263609,2.0,2,1,1,5.0,,-1.0, -1,1991.0,B01,138Â 204Â 967,1.0,0.0,-1.0,1727834,3.0,7,,0.0,2.0,2.0,A01,138Â 204Â 969,0.0
1012215,201900053746,10,26,23:05,3,1,1,1.0,2.0,69271,EUREXPO (PARC DES EXPOSITIONS)          ,M,"45,7240200","4,9517700",69,2019,50.0,1.0,1.0,6.0,2263610,1.0,1,1,1,5.0,,-1.0, -1,1991.0,A01,138Â 204Â 969,1.0,0.0,-1.0,1727833,3.0,7,,0.0,2.0,6.0,B01,138Â 204Â 967,0.0
1012215,201900053746,10,26,23:05,3,1,1,1.0,2.0,69271,EUREXPO (PARC DES EXPOSITIONS)          ,M,"45,7240200","4,9517700",69,2019,50.0,1.0,1.0,6.0,2263610,1.0,1,1,1,5.0,,-1.0, -1,1991.0,A01,138Â 204Â 969,1.0,0.0,-1.0,1727834,3.0,7,,0.0,2.0,2.0,A01,138Â 204Â 969,0.0
1012215,201900053746,10,26,23:05,3,1,1,1.0,2.0,69271,EUREXPO (PARC DES EXPOSITIONS)          ,M,"45,7240200","4,9517700",69,2019,50.0,1.0,1.0,6.0,2263611,2.0,2,4,1,0.0,,-1.0, -1,1978.0,A01,138Â 204Â 969,1.0,0.0,-1.0,1727833,3.0,7,,0.0,2.0,6.0,B01,138Â 204Â 967,0.0
1012215,201900053746,10,26,23:05,3,1,1,1.0,2.0,69271,EUREXPO (PARC DES EXPOSITIONS)          ,M,"45,7240200","4,9517700",69,2019,50.0,1.0,1.0,6.0,2263611,2.0,2,4,1,0.0,,-1.0, -1,1978.0,A01,138Â 204Â 969,1.0,0.0,-1.0,1727834,3.0,7,,0.0,2.0,2.0,A01,138Â 204Â 969,0.0
1012216,201900053747,9,23,08:15,1,2,3,1.0,7.0,34172,TRAIN PETIT,M,"43,5996700","3,8941100",34,2019,50.0,1.0,1.0,4.0,2263612,10.0,3,4,2,2.0,,3.0,3,1984.0,A01,138Â 204Â 968,8.0,0.0,-1.0,1727835,1.0,7,,0.0,1.0,1.0,A01,138Â 204Â 968,1.0
1012216,201900053747,9,23,08:15,1,2,3,1.0,7.0,34172,TRAIN PETIT,M,"43,5996700","3,8941100",34,2019,50.0,1.0,1.0,4.0,2263613,10.0,3,4,2,2.0,,3.0,3,2012.0,A01,138Â 204Â 968,8.0,0.0,-1.0,1727835,1.0,7,,0.0,1.0,1.0,A01,138Â 204Â 968,1.0
1012216,201900053747,9,23,08:15,1,2,3,1.0,7.0,34172,TRAIN PETIT,M,"43,5996700","3,8941100",34,2019,50.0,1.0,1.0,4.0,2263614,10.0,3,4,1,2.0,,3.0,3,2010.0,A01,138Â 204Â 968,8.0,0.0,-1.0,1727835,1.0,7,,0.0,1.0,1.0,A01,138Â 204Â 968,1.0
1012216,201900053747,9,23,08:15,1,2,3,1.0,7.0,34172,TRAIN PETIT,M,"43,5996700","3,8941100",34,2019,50.0,1.0,1.0,4.0,2263615,1.0,1,1,1,1.0,,0.0,0,1994.0,A01,138Â 204Â 968,1.0,8.0,-1.0,1727835,1.0,7,,0.0,1.0,1.0,A01,138Â 204Â 968,1.0
1012217,201900053748,10,26,14:00,1,2,3,1.0,3.0,69266,EMILE ZOLA     (Cours),M,"45,7674300","4,8907300",69,2019,50.0,1.0,1.0,4.0,2263616,1.0,1,4,1,5.0,,-1.0, -1,2003.0,B01,138Â 204Â 965,2.0,0.0,-1.0,1727836,1.0,30,,12.0,2.0,1.0,B01,138Â 204Â 965,0.0
1012217,201900053748,10,26,14:00,1,2,3,1.0,3.0,69266,EMILE ZOLA     (Cours),M,"45,7674300","4,8907300",69,2019,50.0,1.0,1.0,4.0,2263616,1.0,1,4,1,5.0,,-1.0, -1,2003.0,B01,138Â 204Â 965,2.0,0.0,-1.0,1727837,1.0,10,,0.0,2.0,2.0,A01,138Â 204Â 966,1.0
1012217,201900053748,10,26,14:00,1,2,3,1.0,3.0,69266,EMILE ZOLA     (Cours),M,"45,7674300","4,8907300",69,2019,50.0,1.0,1.0,4.0,2263617,1.0,1,1,1,5.0,,-1.0, -1,1978.0,A01,138Â 204Â 966,1.0,0.0,-1.0,1727836,1.0,30,,12.0,2.0,1.0,B01,138Â 204Â 965,0.0
1012217,201900053748,10,26,14:00,1,2,3,1.0,3.0,69266,EMILE ZOLA     (Cours),M,"45,7674300","4,8907300",69,2019,50.0,1.0,1.0,4.0,2263617,1.0,1,1,1,5.0,,-1.0, -1,1978.0,A01,138Â 204Â 966,1.0,0.0,-1.0,1727837,1.0,10,,0.0,2.0,2.0,A01,138Â 204Â 966,1.0
1012217,201900053748,10,26,14:00,1,2,3,1.0,3.0,69266,EMILE ZOLA     (Cours),M,"45,7674300","4,8907300",69,2019,50.0,1.0,1.0,4.0,2263618,2.0,2,1,2,5.0,,-1.0, -1,2013.0,A01,138Â 204Â 966,1.0,0.0,-1.0,1727836,1.0,30,,12.0,2.0,1.0,B01,138Â 204Â 965,0.0
1012217,201900053748,10,26,14:00,1,2,3,1.0,3.0,69266,EMILE ZOLA     (Cours),M,"45,7674300","4,8907300",69,2019,50.0,1.0,1.0,4.0,2263618,2.0,2,1,2,5.0,,-1.0, -1,2013.0,A01,138Â 204Â 966,1.0,0.0,-1.0,1727837,1.0,10,,0.0,2.0,2.0,A01,138Â 204Â 966,1.0
1012218,201900053749,9,22,20:30,5,2,2,1.0,3.0,33550,PYRENEES (AVE DES),M,"44,7622000"," -0,5589500",33,2019,50.0,1.0,1.0,4.0,2263619,1.0,1,4,1,0.0,,-1.0, -1,2001.0,B01,138Â 204Â 962,2.0,0.0,-1.0,1727838,1.0,2,,0.0,0.0,1.0,B01,138Â 204Â 962,1.0
1012218,201900053749,9,22,20:30,5,2,2,1.0,3.0,33550,PYRENEES (AVE DES),M,"44,7622000"," -0,5589500",33,2019,50.0,1.0,1.0,4.0,2263619,1.0,1,4,1,0.0,,-1.0, -1,2001.0,B01,138Â 204Â 962,2.0,0.0,-1.0,1727839,2.0,7,,0.0,2.0,2.0,A01,138Â 204Â 964,1.0
1012218,201900053749,9,22,20:30,5,2,2,1.0,3.0,33550,PYRENEES (AVE DES),M,"44,7622000"," -0,5589500",33,2019,50.0,1.0,1.0,4.0,2263620,2.0,2,3,2,5.0,,-1.0, -1,2002.0,B01,138Â 204Â 962,2.0,0.0,-1.0,1727838,1.0,2,,0.0,0.0,1.0,B01,138Â 204Â 962,1.0
1012218,201900053749,9,22,20:30,5,2,2,1.0,3.0,33550,PYRENEES (AVE DES),M,"44,7622000"," -0,5589500",33,2019,50.0,1.0,1.0,4.0,2263620,2.0,2,3,2,5.0,,-1.0, -1,2002.0,B01,138Â 204Â 962,2.0,0.0,-1.0,1727839,2.0,7,,0.0,2.0,2.0,A01,138Â 204Â 964,1.0
1012218,201900053749,9,22,20:30,5,2,2,1.0,3.0,33550,PYRENEES (AVE DES),M,"44,7622000"," -0,5589500",33,2019,50.0,1.0,1.0,4.0,2263621,1.0,1,1,1,5.0,,-1.0, -1,1994.0,A01,138Â 204Â 964,1.0,0.0,-1.0,1727838,1.0,2,,0.0,0.0,1.0,B01,138Â 204Â 962,1.0
1012218,201900053749,9,22,20:30,5,2,2,1.0,3.0,33550,PYRENEES (AVE DES),M,"44,7622000"," -0,5589500",33,2019,50.0,1.0,1.0,4.0,2263621,1.0,1,1,1,5.0,,-1.0, -1,1994.0,A01,138Â 204Â 964,1.0,0.0,-1.0,1727839,2.0,7,,0.0,2.0,2.0,A01,138Â 204Â 964,1.0
1012219,201900053750,10,15,10:27,1,2,1,1.0,6.0,67462,HOPITAL (RUE DE L'),M,"48,2584125","7,4558824",67,2019,30.0,1.0,1.0,4.0,2263622,1.0,1,1,2,0.0,,0.0,0,1995.0,A01,138Â 204Â 957,1.0,0.0,-1.0,1727840,1.0,7,,0.0,1.0,5.0,A01,138Â 204Â 957,1.0
1012219,201900053750,10,15,10:27,1,2,1,1.0,6.0,67462,HOPITAL (RUE DE L'),M,"48,2584125","7,4558824",67,2019,30.0,1.0,1.0,4.0,2263623,10.0,3,4,2,3.0,,2.0,3,1963.0,A01,138Â 204Â 957,8.0,0.0,-1.0,1727840,1.0,7,,0.0,1.0,5.0,A01,138Â 204Â 957,1.0
1012220,201900053751,9,23,06:45,3,1,1,2.0,4.0,31555,A624 (PURPAN),M,"43,6095000","1,3865700",31,2019,90.0,1.0,1.0,1.0,2263624,1.0,1,3,1,1.0,,-1.0,0,1988.0,D01,138Â 204Â 956,1.0,0.0,-1.0,1727841,1.0,7,,0.0,2.0,1.0,D01,138Â 204Â 956,1.0
1012220,201900053751,9,23,06:45,3,1,1,2.0,4.0,31555,A624 (PURPAN),M,"43,6095000","1,3865700",31,2019,90.0,1.0,1.0,1.0,2263624,1.0,1,3,1,1.0,,-1.0,0,1988.0,D01,138Â 204Â 956,1.0,0.0,-1.0,1727842,1.0,7,,0.0,2.0,1.0,A01,138Â 204Â 958,1.0
1012220,201900053751,9,23,06:45,3,1,1,2.0,4.0,31555,A624 (PURPAN),M,"43,6095000","1,3865700",31,2019,90.0,1.0,1.0,1.0,2263624,1.0,1,3,1,1.0,,-1.0,0,1988.0,D01,138Â 204Â 956,1.0,0.0,-1.0,1727843,1.0,7,,0.0,2.0,9.0,B01,138Â 204Â 959,1.0
1012220,201900053751,9,23,06:45,3,1,1,2.0,4.0,31555,A624 (PURPAN),M,"43,6095000","1,3865700",31,2019,90.0,1.0,1.0,1.0,2263624,1.0,1,3,1,1.0,,-1.0,0,1988.0,D01,138Â 204Â 956,1.0,0.0,-1.0,1727844,1.0,7,,0.0,2.0,9.0,C01,138Â 204Â 960,1.0
1012220,201900053751,9,23,06:45,3,1,1,2.0,4.0,31555,A624 (PURPAN),M,"43,6095000","1,3865700",31,2019,90.0,1.0,1.0,1.0,2263625,1.0,1,1,1,1.0,,-1.0,0,1965.0,A01,138Â 204Â 958,1.0,0.0,-1.0,1727841,1.0,7,,0.0,2.0,1.0,D01,138Â 204Â 956,1.0
1012220,201900053751,9,23,06:45,3,1,1,2.0,4.0,31555,A624 (PURPAN),M,"43,6095000","1,3865700",31,2019,90.0,1.0,1.0,1.0,2263625,1.0,1,1,1,1.0,,-1.0,0,1965.0,A01,138Â 204Â 958,1.0,0.0,-1.0,1727842,1.0,7,,0.0,2.0,1.0,A01,138Â 204Â 958,1.0
1012220,201900053751,9,23,06:45,3,1,1,2.0,4.0,31555,A624 (PURPAN),M,"43,6095000","1,3865700",31,2019,90.0,1.0,1.0,1.0,2263625,1.0,1,1,1,1.0,,-1.0,0,1965.0,A01,138Â 204Â 958,1.0,0.0,-1.0,1727843,1.0,7,,0.0,2.0,9.0,B01,138Â 204Â 959,1.0
1012220,201900053751,9,23,06:45,3,1,1,2.0,4.0,31555,A624 (PURPAN),M,"43,6095000","1,3865700",31,2019,90.0,1.0,1.0,1.0,2263625,1.0,1,1,1,1.0,,-1.0,0,1965.0,A01,138Â 204Â 958,1.0,0.0,-1.0,1727844,1.0,7,,0.0,2.0,9.0,C01,138Â 204Â 960,1.0
1012220,201900053751,9,23,06:45,3,1,1,2.0,4.0,31555,A624 (PURPAN),M,"43,6095000","1,3865700",31,2019,90.0,1.0,1.0,1.0,2263626,1.0,1,4,2,1.0,,-1.0,0,1978.0,B01,138Â 204Â 959,1.0,0.0,-1.0,1727841,1.0,7,,0.0,2.0,1.0,D01,138Â 204Â 956,1.0
1012220,201900053751,9,23,06:45,3,1,1,2.0,4.0,31555,A624 (PURPAN),M,"43,6095000","1,3865700",31,2019,90.0,1.0,1.0,1.0,2263626,1.0,1,4,2,1.0,,-1.0,0,1978.0,B01,138Â 204Â 959,1.0,0.0,-1.0,1727842,1.0,7,,0.0,2.0,1.0,A01,138Â 204Â 958,1.0
1012220,201900053751,9,23,06:45,3,1,1,2.0,4.0,31555,A624 (PURPAN),M,"43,6095000","1,3865700",31,2019,90.0,1.0,1.0,1.0,2263626,1.0,1,4,2,1.0,,-1.0,0,1978.0,B01,138Â 204Â 959,1.0,0.0,-1.0,1727843,1.0,7,,0.0,2.0,9.0,B01,138Â 204Â 959,1.0
1012220,201900053751,9,23,06:45,3,1,1,2.0,4.0,31555,A624 (PURPAN),M,"43,6095000","1,3865700",31,2019,90.0,1.0,1.0,1.0,2263626,1.0,1,4,2,1.0,,-1.0,0,1978.0,B01,138Â 204Â 959,1.0,0.0,-1.0,1727844,1.0,7,,0.0,2.0,9.0,C01,138Â 204Â 960,1.0
1012220,201900053751,9,23,06:45,3,1,1,2.0,4.0,31555,A624 (PURPAN),M,"43,6095000","1,3865700",31,2019,90.0,1.0,1.0,1.0,2263627,1.0,1,1,1,9.0,,-1.0,0,1987.0,C01,138Â 204Â 960,1.0,0.0,-1.0,1727841,1.0,7,,0.0,2.0,1.0,D01,138Â 204Â 956,1.0
1012220,201900053751,9,23,06:45,3,1,1,2.0,4.0,31555,A624 (PURPAN),M,"43,6095000","1,3865700",31,2019,90.0,1.0,1.0,1.0,2263627,1.0,1,1,1,9.0,,-1.0,0,1987.0,C01,138Â 204Â 960,1.0,0.0,-1.0,1727842,1.0,7,,0.0,2.0,1.0,A01,138Â 204Â 958,1.0
1012220,201900053751,9,23,06:45,3,1,1,2.0,4.0,31555,A624 (PURPAN),M,"43,6095000","1,3865700",31,2019,90.0,1.0,1.0,1.0,2263627,1.0,1,1,1,9.0,,-1.0,0,1987.0,C01,138Â 204Â 960,1.0,0.0,-1.0,1727843,1.0,7,,0.0,2.0,9.0,B01,138Â 204Â 959,1.0
1012220,201900053751,9,23,06:45,3,1,1,2.0,4.0,31555,A624 (PURPAN),M,"43,6095000","1,3865700",31,2019,90.0,1.0,1.0,1.0,2263627,1.0,1,1,1,9.0,,-1.0,0,1987.0,C01,138Â 204Â 960,1.0,0.0,-1.0,1727844,1.0,7,,0.0,2.0,9.0,C01,138Â 204Â 960,1.0
1012221,201900053752,9,21,23:58,3,2,1,1.0,3.0,31555,AV DE FRONTON,M,"43,6324600","1,4334700",31,2019,50.0,1.0,1.0,3.0,2263628,1.0,1,1,2,9.0,,-1.0,0,1976.0,A01,138Â 204Â 954,1.0,8.0,-1.0,1727845,1.0,7,,0.0,2.0,6.0,A01,138Â 204Â 954,1.0
1012221,201900053752,9,21,23:58,3,2,1,1.0,3.0,31555,AV DE FRONTON,M,"43,6324600","1,4334700",31,2019,50.0,1.0,1.0,3.0,2263628,1.0,1,1,2,9.0,,-1.0,0,1976.0,A01,138Â 204Â 954,1.0,8.0,-1.0,1727846,1.0,32,,0.0,2.0,1.0,B01,138Â 204Â 955,1.0
1012221,201900053752,9,21,23:58,3,2,1,1.0,3.0,31555,AV DE FRONTON,M,"43,6324600","1,4334700",31,2019,50.0,1.0,1.0,3.0,2263629,1.0,1,4,1,9.0,,-1.0,0,1991.0,B01,138Â 204Â 955,2.0,8.0,-1.0,1727845,1.0,7,,0.0,2.0,6.0,A01,138Â 204Â 954,1.0
1012221,201900053752,9,21,23:58,3,2,1,1.0,3.0,31555,AV DE FRONTON,M,"43,6324600","1,4334700",31,2019,50.0,1.0,1.0,3.0,2263629,1.0,1,4,1,9.0,,-1.0,0,1991.0,B01,138Â 204Â 955,2.0,8.0,-1.0,1727846,1.0,32,,0.0,2.0,1.0,B01,138Â 204Â 955,1.0
1012222,201900053753,9,20,21:05,5,2,1,1.0,3.0,31557,TARBES (ROUTE DE),M,"43,5803000","1,3333600",31,2019,50.0,1.0,1.0,3.0,2263630,1.0,1,1,1,9.0,,-1.0,0,1973.0,B01,138Â 204Â 952,2.0,8.0,-1.0,1727847,1.0,43,,0.0,2.0,1.0,B01,138Â 204Â 952,1.0
1012222,201900053753,9,20,21:05,5,2,1,1.0,3.0,31557,TARBES (ROUTE DE),M,"43,5803000","1,3333600",31,2019,50.0,1.0,1.0,3.0,2263630,1.0,1,1,1,9.0,,-1.0,0,1973.0,B01,138Â 204Â 952,2.0,8.0,-1.0,1727848,1.0,2,,0.0,2.0,8.0,A01,138Â 204Â 953,1.0
1012222,201900053753,9,20,21:05,5,2,1,1.0,3.0,31557,TARBES (ROUTE DE),M,"43,5803000","1,3333600",31,2019,50.0,1.0,1.0,3.0,2263631,1.0,1,3,1,4.0,,-1.0,0,2002.0,A01,138Â 204Â 953,2.0,8.0,-1.0,1727847,1.0,43,,0.0,2.0,1.0,B01,138Â 204Â 952,1.0
1012222,201900053753,9,20,21:05,5,2,1,1.0,3.0,31557,TARBES (ROUTE DE),M,"43,5803000","1,3333600",31,2019,50.0,1.0,1.0,3.0,2263631,1.0,1,3,1,4.0,,-1.0,0,2002.0,A01,138Â 204Â 953,2.0,8.0,-1.0,1727848,1.0,2,,0.0,2.0,8.0,A01,138Â 204Â 953,1.0
1012223,201900053754,9,23,17:45,1,2,5,2.0,1.0,29019,FOCH MARECHAL,M,"48,3971700"," -4,4888500",29,2019,50.0,1.0,2.0,4.0,2263632,1.0,1,1,1,4.0,,-1.0,0,1988.0,B01,138Â 204Â 948,1.0,0.0,-1.0,1727849,0.0,37,1.0,0.0,0.0,0.0,B01,138Â 204Â 948,1.0
1012223,201900053754,9,23,17:45,1,2,5,2.0,1.0,29019,FOCH MARECHAL,M,"48,3971700"," -4,4888500",29,2019,50.0,1.0,2.0,4.0,2263632,1.0,1,1,1,4.0,,-1.0,0,1988.0,B01,138Â 204Â 948,1.0,0.0,-1.0,1727850,1.0,31,,0.0,2.0,9.0,A01,138Â 204Â 949,1.0
1012223,201900053754,9,23,17:45,1,2,5,2.0,1.0,29019,FOCH MARECHAL,M,"48,3971700"," -4,4888500",29,2019,50.0,1.0,2.0,4.0,2263633,1.0,1,3,1,1.0,,-1.0,0,1996.0,A01,138Â 204Â 949,2.0,0.0,-1.0,1727849,0.0,37,1.0,0.0,0.0,0.0,B01,138Â 204Â 948,1.0
1012223,201900053754,9,23,17:45,1,2,5,2.0,1.0,29019,FOCH MARECHAL,M,"48,3971700"," -4,4888500",29,2019,50.0,1.0,2.0,4.0,2263633,1.0,1,3,1,1.0,,-1.0,0,1996.0,A01,138Â 204Â 949,2.0,0.0,-1.0,1727850,1.0,31,,0.0,2.0,9.0,A01,138Â 204Â 949,1.0
1012224,201900053755,9,23,17:00,1,2,3,1.0,3.0,24037,AVENUE ARISTIDE BRIAND,M,"44,8518000","0,4649000",24,2019,30.0,1.0,1.0,3.0,2263634,1.0,1,3,1,2.0,,-1.0,0,2006.0,B01,138Â 204Â 943,8.0,0.0,-1.0,1727851,2.0,1,,0.0,2.0,8.0,B01,138Â 204Â 943,5.0
1012224,201900053755,9,23,17:00,1,2,3,1.0,3.0,24037,AVENUE ARISTIDE BRIAND,M,"44,8518000","0,4649000",24,2019,30.0,1.0,1.0,3.0,2263634,1.0,1,3,1,2.0,,-1.0,0,2006.0,B01,138Â 204Â 943,8.0,0.0,-1.0,1727852,2.0,33,,0.0,2.0,1.0,A01,138Â 204Â 944,1.0
1012224,201900053755,9,23,17:00,1,2,3,1.0,3.0,24037,AVENUE ARISTIDE BRIAND,M,"44,8518000","0,4649000",24,2019,30.0,1.0,1.0,3.0,2263635,1.0,1,3,1,1.0,,-1.0,0,1969.0,A01,138Â 204Â 944,2.0,6.0,-1.0,1727851,2.0,1,,0.0,2.0,8.0,B01,138Â 204Â 943,5.0
1012224,201900053755,9,23,17:00,1,2,3,1.0,3.0,24037,AVENUE ARISTIDE BRIAND,M,"44,8518000","0,4649000",24,2019,30.0,1.0,1.0,3.0,2263635,1.0,1,3,1,1.0,,-1.0,0,1969.0,A01,138Â 204Â 944,2.0,6.0,-1.0,1727852,2.0,33,,0.0,2.0,1.0,A01,138Â 204Â 944,1.0
1012225,201900053756,9,22,19:20,5,2,2,3.0,3.0,21231,CHAMPOLLION (AVENUE),M,"47,3296700","5,0708000",21,2019,50.0,1.0,2.0,4.0,2263636,1.0,1,4,1,3.0,,-1.0,0,1997.0,B01,138Â 204Â 939,8.0,0.0,-1.0,1727853,3.0,1,,0.0,2.0,2.0,B01,138Â 204Â 939,5.0
1012225,201900053756,9,22,19:20,5,2,2,3.0,3.0,21231,CHAMPOLLION (AVENUE),M,"47,3296700","5,0708000",21,2019,50.0,1.0,2.0,4.0,2263636,1.0,1,4,1,3.0,,-1.0,0,1997.0,B01,138Â 204Â 939,8.0,0.0,-1.0,1727854,3.0,7,,0.0,2.0,2.0,A01,138Â 204Â 940,1.0
1012225,201900053756,9,22,19:20,5,2,2,3.0,3.0,21231,CHAMPOLLION (AVENUE),M,"47,3296700","5,0708000",21,2019,50.0,1.0,2.0,4.0,2263637,1.0,1,1,1,0.0,,-1.0,0,2000.0,A01,138Â 204Â 940,1.0,0.0,-1.0,1727853,3.0,1,,0.0,2.0,2.0,B01,138Â 204Â 939,5.0
1012225,201900053756,9,22,19:20,5,2,2,3.0,3.0,21231,CHAMPOLLION (AVENUE),M,"47,3296700","5,0708000",21,2019,50.0,1.0,2.0,4.0,2263637,1.0,1,1,1,0.0,,-1.0,0,2000.0,A01,138Â 204Â 940,1.0,0.0,-1.0,1727854,3.0,7,,0.0,2.0,2.0,A01,138Â 204Â 940,1.0
1012226,201900053757,9,20,12:15,1,2,1,1.0,2.0,19031,SALAN (BOULEVARD DU),M,"45,1598000","1,5353900",19,2019,50.0,2.0,1.0,4.0,2263638,1.0,1,1,1,1.0,,-1.0, -1,1991.0,B01,138Â 204Â 937,1.0,0.0,-1.0,1727855,2.0,7,,0.0,2.0,2.0,B01,138Â 204Â 937,1.0
1012226,201900053757,9,20,12:15,1,2,1,1.0,2.0,19031,SALAN (BOULEVARD DU),M,"45,1598000","1,5353900",19,2019,50.0,2.0,1.0,4.0,2263638,1.0,1,1,1,1.0,,-1.0, -1,1991.0,B01,138Â 204Â 937,1.0,0.0,-1.0,1727856,2.0,1,,0.0,2.0,1.0,A01,138Â 204Â 938,5.0
1012226,201900053757,9,20,12:15,1,2,1,1.0,2.0,19031,SALAN (BOULEVARD DU),M,"45,1598000","1,5353900",19,2019,50.0,2.0,1.0,4.0,2263639,1.0,1,4,1,2.0,,-1.0, -1,2005.0,A01,138Â 204Â 938,2.0,8.0,-1.0,1727855,2.0,7,,0.0,2.0,2.0,B01,138Â 204Â 937,1.0
1012226,201900053757,9,20,12:15,1,2,1,1.0,2.0,19031,SALAN (BOULEVARD DU),M,"45,1598000","1,5353900",19,2019,50.0,2.0,1.0,4.0,2263639,1.0,1,4,1,2.0,,-1.0, -1,2005.0,A01,138Â 204Â 938,2.0,8.0,-1.0,1727856,2.0,1,,0.0,2.0,1.0,A01,138Â 204Â 938,5.0
1012227,201900053758,9,23,13:55,1,2,1,1.0,1.0,17306,ROCHEFORT (DE)  (AVENUE),M,"45,6423300"," -1,0246900",17,2019,500.0,1.0,1.0,3.0,2263640,2.0,2,4,2,5.0,,-1.0,0,1941.0,B01,138Â 204Â 934,1.0,8.0,-1.0,1727857,1.0,3,,0.0,2.0,3.0,B01,138Â 204Â 934,1.0
1012227,201900053758,9,23,13:55,1,2,1,1.0,1.0,17306,ROCHEFORT (DE)  (AVENUE),M,"45,6423300"," -1,0246900",17,2019,500.0,1.0,1.0,3.0,2263640,2.0,2,4,2,5.0,,-1.0,0,1941.0,B01,138Â 204Â 934,1.0,8.0,-1.0,1727858,2.0,99,,0.0,2.0,2.0,A01,138Â 204Â 935,1.0
1012227,201900053758,9,23,13:55,1,2,1,1.0,1.0,17306,ROCHEFORT (DE)  (AVENUE),M,"45,6423300"," -1,0246900",17,2019,500.0,1.0,1.0,3.0,2263641,1.0,1,1,1,3.0,,-1.0,0,1969.0,B01,138Â 204Â 934,1.0,8.0,-1.0,1727857,1.0,3,,0.0,2.0,3.0,B01,138Â 204Â 934,1.0
1012227,201900053758,9,23,13:55,1,2,1,1.0,1.0,17306,ROCHEFORT (DE)  (AVENUE),M,"45,6423300"," -1,0246900",17,2019,500.0,1.0,1.0,3.0,2263641,1.0,1,1,1,3.0,,-1.0,0,1969.0,B01,138Â 204Â 934,1.0,8.0,-1.0,1727858,2.0,99,,0.0,2.0,2.0,A01,138Â 204Â 935,1.0
1012227,201900053758,9,23,13:55,1,2,1,1.0,1.0,17306,ROCHEFORT (DE)  (AVENUE),M,"45,6423300"," -1,0246900",17,2019,500.0,1.0,1.0,3.0,2263642,1.0,1,4,1,5.0,,-1.0,0,1936.0,A01,138Â 204Â 935,1.0,8.0,-1.0,1727857,1.0,3,,0.0,2.0,3.0,B01,138Â 204Â 934,1.0
1012227,201900053758,9,23,13:55,1,2,1,1.0,1.0,17306,ROCHEFORT (DE)  (AVENUE),M,"45,6423300"," -1,0246900",17,2019,500.0,1.0,1.0,3.0,2263642,1.0,1,4,1,5.0,,-1.0,0,1936.0,A01,138Â 204Â 935,1.0,8.0,-1.0,1727858,2.0,99,,0.0,2.0,2.0,A01,138Â 204Â 935,1.0
1012228,201900053759,9,22,11:00,1,2,3,1.0,6.0,16102,Place d'ARMES,M,"45,6956600"," -0,3277700",16,2019,50.0,1.0,1.0,4.0,2263643,1.0,1,1,1,5.0,,-1.0, -1,1994.0,A01,138Â 204Â 933,1.0,8.0,-1.0,1727859,2.0,10,,0.0,1.0,2.0,A01,138Â 204Â 933,1.0
1012228,201900053759,9,22,11:00,1,2,3,1.0,6.0,16102,Place d'ARMES,M,"45,6956600"," -0,3277700",16,2019,50.0,1.0,1.0,4.0,2263644,10.0,3,3,2,5.0,,1.0,3,1936.0,A01,138Â 204Â 933,0.0,-1.0,-1.0,1727859,2.0,10,,0.0,1.0,2.0,A01,138Â 204Â 933,1.0
1012229,201900053760,9,23,18:00,1,2,3,2.0,7.0,14536,BOURG (RUE DU),M,"49,4076800","0,2687300",14,2019,30.0,1.0,2.0,4.0,2263645,1.0,1,4,2,5.0,,0.0,0,2003.0,A01,138Â 204Â 932,2.0,6.0,-1.0,1727860,2.0,30,,0.0,0.0,8.0,A01,138Â 204Â 932,1.0