Unnamed: 0_x,num_acc,mois,jour,hrmn,lum,agg,int,atm,col,com,adr,gps,lat,long,dep,annee,vma,situ,surf,catr,Unnamed: 0_y,place,catu,grav,sexe,trajet,secu,locp,actp,an_nais,num_veh_x,id_vehicule_x,secu1,secu2,secu3,Unnamed: 0,senc,catv,occutc,obs,obsm,choc,num_veh_y,id_vehicule_y,motor
1012230,201900053761,9,23,19:25,1,2,1,1.0,3.0,14118,BAYEUX (RUE DU143 IMPAIR . 160 PAIR,M,"49,1825300"," -0,3751700",14,2019,50.0,1.0,1.0,4.0,2263646,1.0,1,4,1,5.0,,-1.0, -1,1999.0,B01,138Â 204Â 930,2.0,0.0,-1.0,1727861,1.0,30,,0.0,2.0,1.0,B01,138Â 204Â 930,1.0
1012230,201900053761,9,23,19:25,1,2,1,1.0,3.0,14118,BAYEUX (RUE DU143 IMPAIR . 160 PAIR,M,"49,1825300"," -0,3751700",14,2019,50.0,1.0,1.0,4.0,2263646,1.0,1,4,1,5.0,,-1.0, -1,1999.0,B01,138Â 204Â 930,2.0,0.0,-1.0,1727862,1.0,10,,0.0,2.0,8.0,A01,138Â 204Â 931,1.0
1012230,201900053761,9,23,19:25,1,2,1,1.0,3.0,14118,BAYEUX (RUE DU143 IMPAIR . 160 PAIR,M,"49,1825300"," -0,3751700",14,2019,50.0,1.0,1.0,4.0,2263647,1.0,1,1,1,5.0,,0.0,0,1982.0,A01,138Â 204Â 931,1.0,0.0,-1.0,1727861,1.0,30,,0.0,2.0,1.0,B01,138Â 204Â 930,1.0
1012230,201900053761,9,23,19:25,1,2,1,1.0,3.0,14118,BAYEUX (RUE DU143 IMPAIR . 160 PAIR,M,"49,1825300"," -0,3751700",14,2019,50.0,1.0,1.0,4.0,2263647,1.0,1,1,1,5.0,,0.0,0,1982.0,A01,138Â 204Â 931,1.0,0.0,-1.0,1727862,1.0,10,,0.0,2.0,8.0,A01,138Â 204Â 931,1.0
1012231,201900053762,9,23,18:00,1,2,1,1.0,7.0,13210,ROGER LUCCIONI (RUE PROFESSEUR),M,"43,2730200","5,4309500",13,2019,50.0,1.0,1.0,4.0,2263648,1.0,1,3,1,0.0,,-1.0,0,1993.0,A01,138Â 204Â 929,2.0,6.0,-1.0,1727863,0.0,33,,12.0,0.0,0.0,A01,138Â 204Â 929,1.0
1012232,201900053763,9,23,16:30,1,2,1,1.0,3.0,13213,TAILLIS (RUE DES),M,"43,3293766","5,4467887",13,2019,50.0,1.0,1.0,4.0,2263649,1.0,1,4,1,4.0,,-1.0, -1,1967.0,A01,138Â 204Â 927,8.0,0.0,-1.0,1727864,0.0,34,,0.0,2.0,2.0,A01,138Â 204Â 927,1.0
1012232,201900053763,9,23,16:30,1,2,1,1.0,3.0,13213,TAILLIS (RUE DES),M,"43,3293766","5,4467887",13,2019,50.0,1.0,1.0,4.0,2263649,1.0,1,4,1,4.0,,-1.0, -1,1967.0,A01,138Â 204Â 927,8.0,0.0,-1.0,1727865,0.0,10,,0.0,2.0,3.0,B01,138Â 204Â 928,1.0
1012232,201900053763,9,23,16:30,1,2,1,1.0,3.0,13213,TAILLIS (RUE DES),M,"43,3293766","5,4467887",13,2019,50.0,1.0,1.0,4.0,2263650,1.0,1,1,1,5.0,,-1.0, -1,1941.0,B01,138Â 204Â 928,8.0,0.0,-1.0,1727864,0.0,34,,0.0,2.0,2.0,A01,138Â 204Â 927,1.0
1012232,201900053763,9,23,16:30,1,2,1,1.0,3.0,13213,TAILLIS (RUE DES),M,"43,3293766","5,4467887",13,2019,50.0,1.0,1.0,4.0,2263650,1.0,1,1,1,5.0,,-1.0, -1,1941.0,B01,138Â 204Â 928,8.0,0.0,-1.0,1727865,0.0,10,,0.0,2.0,3.0,B01,138Â 204Â 928,1.0
1012233,201900053764,9,23,11:00,1,2,1,1.0,1.0,13209,COL DE LA GINESTE D559,M,"43,2325570","5,5155480",13,2019,70.0,1.0,1.0,3.0,2263651,1.0,1,3,2,1.0,,-1.0, -1,1974.0,B01,138Â 204Â 925,1.0,0.0,-1.0,1727866,3.0,7,,0.0,2.0,1.0,B01,138Â 204Â 925,1.0
1012233,201900053764,9,23,11:00,1,2,1,1.0,1.0,13209,COL DE LA GINESTE D559,M,"43,2325570","5,5155480",13,2019,70.0,1.0,1.0,3.0,2263651,1.0,1,3,2,1.0,,-1.0, -1,1974.0,B01,138Â 204Â 925,1.0,0.0,-1.0,1727867,3.0,7,,0.0,2.0,3.0,A01,138Â 204Â 926,1.0
1012233,201900053764,9,23,11:00,1,2,1,1.0,1.0,13209,COL DE LA GINESTE D559,M,"43,2325570","5,5155480",13,2019,70.0,1.0,1.0,3.0,2263652,1.0,1,3,1,0.0,,-1.0,0,1997.0,A01,138Â 204Â 926,1.0,0.0,-1.0,1727866,3.0,7,,0.0,2.0,1.0,B01,138Â 204Â 925,1.0
1012233,201900053764,9,23,11:00,1,2,1,1.0,1.0,13209,COL DE LA GINESTE D559,M,"43,2325570","5,5155480",13,2019,70.0,1.0,1.0,3.0,2263652,1.0,1,3,1,0.0,,-1.0,0,1997.0,A01,138Â 204Â 926,1.0,0.0,-1.0,1727867,3.0,7,,0.0,2.0,3.0,A01,138Â 204Â 926,1.0
1012234,201900053765,9,23,06:25,5,2,3,1.0,1.0,13210,CAPELETTE (AVENUE DE LA),M,"43,2822500","5,4031100",13,2019,50.0,1.0,1.0,4.0,2263653,1.0,1,4,1,1.0,,-1.0,0,1963.0,B01,138Â 204Â 923,2.0,0.0,-1.0,1727868,1.0,33,,0.0,2.0,1.0,B01,138Â 204Â 923,0.0
1012234,201900053765,9,23,06:25,5,2,3,1.0,1.0,13210,CAPELETTE (AVENUE DE LA),M,"43,2822500","5,4031100",13,2019,50.0,1.0,1.0,4.0,2263653,1.0,1,4,1,1.0,,-1.0,0,1963.0,B01,138Â 204Â 923,2.0,0.0,-1.0,1727869,2.0,7,,0.0,2.0,1.0,A01,138Â 204Â 924,0.0
1012234,201900053765,9,23,06:25,5,2,3,1.0,1.0,13210,CAPELETTE (AVENUE DE LA),M,"43,2822500","5,4031100",13,2019,50.0,1.0,1.0,4.0,2263654,1.0,1,1,2,1.0,,-1.0,0,1987.0,A01,138Â 204Â 924,1.0,8.0,-1.0,1727868,1.0,33,,0.0,2.0,1.0,B01,138Â 204Â 923,0.0
1012234,201900053765,9,23,06:25,5,2,3,1.0,1.0,13210,CAPELETTE (AVENUE DE LA),M,"43,2822500","5,4031100",13,2019,50.0,1.0,1.0,4.0,2263654,1.0,1,1,2,1.0,,-1.0,0,1987.0,A01,138Â 204Â 924,1.0,8.0,-1.0,1727869,2.0,7,,0.0,2.0,1.0,A01,138Â 204Â 924,0.0
1012235,201900053766,9,23,11:40,1,2,6,1.0,3.0,13028,Rond Point DULAC/ROVARCH,M,"43,1924800","5,6089900",13,2019,50.0,1.0,1.0,4.0,2263655,1.0,1,4,1,0.0,,-1.0, -1,1970.0,A01,138Â 204Â 921,2.0,8.0,-1.0,1727870,3.0,32,,0.0,2.0,1.0,A01,138Â 204Â 921,1.0
1012235,201900053766,9,23,11:40,1,2,6,1.0,3.0,13028,Rond Point DULAC/ROVARCH,M,"43,1924800","5,6089900",13,2019,50.0,1.0,1.0,4.0,2263655,1.0,1,4,1,0.0,,-1.0, -1,1970.0,A01,138Â 204Â 921,2.0,8.0,-1.0,1727871,3.0,7,,0.0,2.0,6.0,B01,138Â 204Â 922,1.0
1012235,201900053766,9,23,11:40,1,2,6,1.0,3.0,13028,Rond Point DULAC/ROVARCH,M,"43,1924800","5,6089900",13,2019,50.0,1.0,1.0,4.0,2263656,1.0,1,1,2,5.0,,-1.0,0,1971.0,B01,138Â 204Â 922,1.0,0.0,-1.0,1727870,3.0,32,,0.0,2.0,1.0,A01,138Â 204Â 921,1.0
1012235,201900053766,9,23,11:40,1,2,6,1.0,3.0,13028,Rond Point DULAC/ROVARCH,M,"43,1924800","5,6089900",13,2019,50.0,1.0,1.0,4.0,2263656,1.0,1,1,2,5.0,,-1.0,0,1971.0,B01,138Â 204Â 922,1.0,0.0,-1.0,1727871,3.0,7,,0.0,2.0,6.0,B01,138Â 204Â 922,1.0
1012236,201900053767,10,26,18:40,2,1,1,1.0,2.0,64260,CORNICHE (ROUTE DE LA),M,"43,3772800"," -1,7435900",64,2019,50.0,1.0,1.0,3.0,2263657,1.0,1,1,1,0.0,,-1.0,0,1973.0,B01,138Â 204Â 947,1.0,0.0,-1.0,1727872,2.0,7,,0.0,2.0,4.0,B01,138Â 204Â 947,1.0
1012236,201900053767,10,26,18:40,2,1,1,1.0,2.0,64260,CORNICHE (ROUTE DE LA),M,"43,3772800"," -1,7435900",64,2019,50.0,1.0,1.0,3.0,2263657,1.0,1,1,1,0.0,,-1.0,0,1973.0,B01,138Â 204Â 947,1.0,0.0,-1.0,1727873,2.0,7,,0.0,2.0,1.0,A01,138Â 204Â 951,1.0
1012236,201900053767,10,26,18:40,2,1,1,1.0,2.0,64260,CORNICHE (ROUTE DE LA),M,"43,3772800"," -1,7435900",64,2019,50.0,1.0,1.0,3.0,2263658,2.0,2,4,1,0.0,,-1.0,0,1999.0,A01,138Â 204Â 951,1.0,0.0,-1.0,1727872,2.0,7,,0.0,2.0,4.0,B01,138Â 204Â 947,1.0
1012236,201900053767,10,26,18:40,2,1,1,1.0,2.0,64260,CORNICHE (ROUTE DE LA),M,"43,3772800"," -1,7435900",64,2019,50.0,1.0,1.0,3.0,2263658,2.0,2,4,1,0.0,,-1.0,0,1999.0,A01,138Â 204Â 951,1.0,0.0,-1.0,1727873,2.0,7,,0.0,2.0,1.0,A01,138Â 204Â 951,1.0
1012236,201900053767,10,26,18:40,2,1,1,1.0,2.0,64260,CORNICHE (ROUTE DE LA),M,"43,3772800"," -1,7435900",64,2019,50.0,1.0,1.0,3.0,2263659,1.0,1,1,1,0.0,,-1.0,0,1998.0,A01,138Â 204Â 951,1.0,0.0,-1.0,1727872,2.0,7,,0.0,2.0,4.0,B01,138Â 204Â 947,1.0
1012236,201900053767,10,26,18:40,2,1,1,1.0,2.0,64260,CORNICHE (ROUTE DE LA),M,"43,3772800"," -1,7435900",64,2019,50.0,1.0,1.0,3.0,2263659,1.0,1,1,1,0.0,,-1.0,0,1998.0,A01,138Â 204Â 951,1.0,0.0,-1.0,1727873,2.0,7,,0.0,2.0,1.0,A01,138Â 204Â 951,1.0
1012237,201900053768,10,26,12:55,1,2,1,1.0,3.0,64445,MANESCAU,M,"43,3019700"," -0,3741500",64,2019,50.0,1.0,1.0,4.0,2263660,1.0,1,4,1,5.0,,0.0,0,2008.0,A01,138Â 204Â 919,8.0,0.0,-1.0,1727874,1.0,1,,1.0,2.0,1.0,A01,138Â 204Â 919,5.0
1012237,201900053768,10,26,12:55,1,2,1,1.0,3.0,64445,MANESCAU,M,"43,3019700"," -0,3741500",64,2019,50.0,1.0,1.0,4.0,2263660,1.0,1,4,1,5.0,,0.0,0,2008.0,A01,138Â 204Â 919,8.0,0.0,-1.0,1727875,2.0,7,,0.0,2.0,3.0,B01,138Â 204Â 920,1.0
1012237,201900053768,10,26,12:55,1,2,1,1.0,3.0,64445,MANESCAU,M,"43,3019700"," -0,3741500",64,2019,50.0,1.0,1.0,4.0,2263661,1.0,1,1,1,5.0,,0.0,0,1999.0,B01,138Â 204Â 920,1.0,8.0,-1.0,1727874,1.0,1,,1.0,2.0,1.0,A01,138Â 204Â 919,5.0
1012237,201900053768,10,26,12:55,1,2,1,1.0,3.0,64445,MANESCAU,M,"43,3019700"," -0,3741500",64,2019,50.0,1.0,1.0,4.0,2263661,1.0,1,1,1,5.0,,0.0,0,1999.0,B01,138Â 204Â 920,1.0,8.0,-1.0,1727875,2.0,7,,0.0,2.0,3.0,B01,138Â 204Â 920,1.0
1012238,201900053769,10,26,20:38,5,2,1,1.0,7.0,64102,SOULT (AVENUE MARECHAL),M,"43,4870162"," -1,4859982",64,2019,50.0,1.0,1.0,3.0,2263662,1.0,1,4,2,5.0,,0.0,0,2001.0,A01,138Â 204Â 918,2.0,8.0,-1.0,1727876,1.0,30,,0.0,0.0,7.0,A01,138Â 204Â 918,1.0
1012239,201900053770,10,26,21:25,5,2,6,2.0,7.0,62160,PORTE NEUVE (Rue ),M,"50,7270840","1,6163100",62,2019,50.0,1.0,2.0,4.0,2263663,1.0,1,3,1,0.0,,0.0,0,1944.0,A01,138Â 204Â 917,8.0,0.0,-1.0,1727877,3.0,7,,11.0,0.0,1.0,A01,138Â 204Â 917,1.0
1012240,201900053771,10,26,15:20,1,1,1,1.0,7.0,61169,BRISOULIERE (LA),M,"48,7234000"," -0,5935000",61,2019,80.0,1.0,1.0,3.0,2263664,1.0,1,4,2,0.0,,0.0,0,1973.0,A01,138Â 204Â 916,1.0,0.0,-1.0,1727878,1.0,7,,13.0,0.0,1.0,A01,138Â 204Â 916,1.0
1012241,201900053772,10,25,22:50,3,1,1,1.0,2.0,60665,D 202,M,"49,4234400","2,7981200",60,2019,80.0,1.0,1.0,3.0,2263665,1.0,1,2,1,1.0,,-1.0,0,1990.0,B01,138Â 204Â 911,1.0,0.0,-1.0,1727879,2.0,7,,0.0,2.0,4.0,B01,138Â 204Â 911,1.0
1012241,201900053772,10,25,22:50,3,1,1,1.0,2.0,60665,D 202,M,"49,4234400","2,7981200",60,2019,80.0,1.0,1.0,3.0,2263665,1.0,1,2,1,1.0,,-1.0,0,1990.0,B01,138Â 204Â 911,1.0,0.0,-1.0,1727880,2.0,7,,0.0,2.0,1.0,A01,138Â 204Â 912,1.0
1012241,201900053772,10,25,22:50,3,1,1,1.0,2.0,60665,D 202,M,"49,4234400","2,7981200",60,2019,80.0,1.0,1.0,3.0,2263666,1.0,1,1,1,5.0,,-1.0,0,1997.0,A01,138Â 204Â 912,1.0,0.0,-1.0,1727879,2.0,7,,0.0,2.0,4.0,B01,138Â 204Â 911,1.0
1012241,201900053772,10,25,22:50,3,1,1,1.0,2.0,60665,D 202,M,"49,4234400","2,7981200",60,2019,80.0,1.0,1.0,3.0,2263666,1.0,1,1,1,5.0,,-1.0,0,1997.0,A01,138Â 204Â 912,1.0,0.0,-1.0,1727880,2.0,7,,0.0,2.0,1.0,A01,138Â 204Â 912,1.0
1012242,201900053773,10,14,09:40,1,2,6,1.0,3.0,59350,DOREZ BARTHELEMY PLACE,M,"50,6180500","3,0494200",59,2019,50.0,1.0,1.0,1.0,2263667,1.0,1,1,2,0.0,,-1.0, -1,1994.0,A01,138Â 204Â 907,1.0,0.0,-1.0,1727881,3.0,7,,0.0,2.0,1.0,A01,138Â 204Â 907,1.0
1012242,201900053773,10,14,09:40,1,2,6,1.0,3.0,59350,DOREZ BARTHELEMY PLACE,M,"50,6180500","3,0494200",59,2019,50.0,1.0,1.0,1.0,2263667,1.0,1,1,2,0.0,,-1.0, -1,1994.0,A01,138Â 204Â 907,1.0,0.0,-1.0,1727882,2.0,50,,0.0,2.0,7.0,B01,138Â 204Â 908,3.0
1012242,201900053773,10,14,09:40,1,2,6,1.0,3.0,59350,DOREZ BARTHELEMY PLACE,M,"50,6180500","3,0494200",59,2019,50.0,1.0,1.0,1.0,2263668,1.0,1,4,1,0.0,,-1.0, -1,1987.0,B01,138Â 204Â 908,8.0,0.0,-1.0,1727881,3.0,7,,0.0,2.0,1.0,A01,138Â 204Â 907,1.0
1012242,201900053773,10,14,09:40,1,2,6,1.0,3.0,59350,DOREZ BARTHELEMY PLACE,M,"50,6180500","3,0494200",59,2019,50.0,1.0,1.0,1.0,2263668,1.0,1,4,1,0.0,,-1.0, -1,1987.0,B01,138Â 204Â 908,8.0,0.0,-1.0,1727882,2.0,50,,0.0,2.0,7.0,B01,138Â 204Â 908,3.0
1012243,201900053774,10,25,13:25,1,2,3,1.0,3.0,58194,CARNOT (PLACE),M,"46,9885700","3,1573500",58,2019,30.0,1.0,1.0,4.0,2263669,1.0,1,4,2,1.0,,-1.0, -1,1974.0,B01,138Â 204Â 905,1.0,0.0,-1.0,1727883,3.0,7,,0.0,2.0,7.0,B01,138Â 204Â 905,1.0
1012243,201900053774,10,25,13:25,1,2,3,1.0,3.0,58194,CARNOT (PLACE),M,"46,9885700","3,1573500",58,2019,30.0,1.0,1.0,4.0,2263669,1.0,1,4,2,1.0,,-1.0, -1,1974.0,B01,138Â 204Â 905,1.0,0.0,-1.0,1727884,3.0,7,,0.0,2.0,1.0,A01,138Â 204Â 906,1.0
1012243,201900053774,10,25,13:25,1,2,3,1.0,3.0,58194,CARNOT (PLACE),M,"46,9885700","3,1573500",58,2019,30.0,1.0,1.0,4.0,2263670,1.0,1,1,1,9.0,,-1.0, -1,1988.0,A01,138Â 204Â 906,1.0,0.0,-1.0,1727883,3.0,7,,0.0,2.0,7.0,B01,138Â 204Â 905,1.0
1012243,201900053774,10,25,13:25,1,2,3,1.0,3.0,58194,CARNOT (PLACE),M,"46,9885700","3,1573500",58,2019,30.0,1.0,1.0,4.0,2263670,1.0,1,1,1,9.0,,-1.0, -1,1988.0,A01,138Â 204Â 906,1.0,0.0,-1.0,1727884,3.0,7,,0.0,2.0,1.0,A01,138Â 204Â 906,1.0
1012244,201900053775,10,26,22:40,5,1,1,1.0,6.0,54197,RD71,M,"48,6264930","6,2171200",54,2019,90.0,8.0,1.0,3.0,2263671,1.0,1,4,1,0.0,,-1.0, -1,1982.0,A01,138Â 204Â 904,1.0,0.0,-1.0,1727885,1.0,7,,14.0,0.0,9.0,A01,138Â 204Â 904,1.0
1012245,201900053776,10,26,11:15,1,2,1,1.0,7.0,54257,LEMAIRE (RUE GUSTAVE),M,"48,6504580","6,1940840",54,2019,50.0,1.0,1.0,4.0,2263672,10.0,3,4,1,0.0,,3.0,3,1947.0,A01,138Â 204Â 903,8.0,0.0,-1.0,1727886,1.0,7,,0.0,1.0,1.0,A01,138Â 204Â 903,1.0
1012245,201900053776,10,26,11:15,1,2,1,1.0,7.0,54257,LEMAIRE (RUE GUSTAVE),M,"48,6504580","6,1940840",54,2019,50.0,1.0,1.0,4.0,2263673,1.0,1,1,1,0.0,,-1.0,0,1965.0,A01,138Â 204Â 903,1.0,0.0,-1.0,1727886,1.0,7,,0.0,1.0,1.0,A01,138Â 204Â 903,1.0
1012246,201900053777,10,26,14:30,1,2,1,1.0,2.0,51454,AVENUE DE CHAMPAGNE,M,"49,2347118","4,0411516",51,2019,70.0,1.0,1.0,2.0,2263674,4.0,2,4,1,0.0,,-1.0,0,2009.0,A01,138Â 204Â 901,1.0,0.0,-1.0,1727887,2.0,7,,0.0,2.0,1.0,A01,138Â 204Â 901,0.0
1012246,201900053777,10,26,14:30,1,2,1,1.0,2.0,51454,AVENUE DE CHAMPAGNE,M,"49,2347118","4,0411516",51,2019,70.0,1.0,1.0,2.0,2263674,4.0,2,4,1,0.0,,-1.0,0,2009.0,A01,138Â 204Â 901,1.0,0.0,-1.0,1727888,2.0,7,,0.0,2.0,4.0,B01,138Â 204Â 902,0.0
1012246,201900053777,10,26,14:30,1,2,1,1.0,2.0,51454,AVENUE DE CHAMPAGNE,M,"49,2347118","4,0411516",51,2019,70.0,1.0,1.0,2.0,2263675,1.0,1,4,2,0.0,,-1.0,0,1959.0,A01,138Â 204Â 901,1.0,0.0,-1.0,1727887,2.0,7,,0.0,2.0,1.0,A01,138Â 204Â 901,0.0
1012246,201900053777,10,26,14:30,1,2,1,1.0,2.0,51454,AVENUE DE CHAMPAGNE,M,"49,2347118","4,0411516",51,2019,70.0,1.0,1.0,2.0,2263675,1.0,1,4,2,0.0,,-1.0,0,1959.0,A01,138Â 204Â 901,1.0,0.0,-1.0,1727888,2.0,7,,0.0,2.0,4.0,B01,138Â 204Â 902,0.0
1012246,201900053777,10,26,14:30,1,2,1,1.0,2.0,51454,AVENUE DE CHAMPAGNE,M,"49,2347118","4,0411516",51,2019,70.0,1.0,1.0,2.0,2263676,2.0,2,4,2,0.0,,-1.0,0,1982.0,B01,138Â 204Â 902,1.0,0.0,-1.0,1727887,2.0,7,,0.0,2.0,1.0,A01,138Â 204Â 901,0.0
1012246,201900053777,10,26,14:30,1,2,1,1.0,2.0,51454,AVENUE DE CHAMPAGNE,M,"49,2347118","4,0411516",51,2019,70.0,1.0,1.0,2.0,2263676,2.0,2,4,2,0.0,,-1.0,0,1982.0,B01,138Â 204Â 902,1.0,0.0,-1.0,1727888,2.0,7,,0.0,2.0,4.0,B01,138Â 204Â 902,0.0
1012246,201900053777,10,26,14:30,1,2,1,1.0,2.0,51454,AVENUE DE CHAMPAGNE,M,"49,2347118","4,0411516",51,2019,70.0,1.0,1.0,2.0,2263677,1.0,1,4,1,0.0,,-1.0,0,1982.0,B01,138Â 204Â 902,1.0,0.0,-1.0,1727887,2.0,7,,0.0,2.0,1.0,A01,138Â 204Â 901,0.0
1012246,201900053777,10,26,14:30,1,2,1,1.0,2.0,51454,AVENUE DE CHAMPAGNE,M,"49,2347118","4,0411516",51,2019,70.0,1.0,1.0,2.0,2263677,1.0,1,4,1,0.0,,-1.0,0,1982.0,B01,138Â 204Â 902,1.0,0.0,-1.0,1727888,2.0,7,,0.0,2.0,4.0,B01,138Â 204Â 902,0.0
1012247,201900053778,10,26,12:05,1,2,1,1.0,3.0,51454,RUE DE NICE,M,"49,2627400","4,0615100",51,2019,50.0,1.0,1.0,4.0,2263678,1.0,1,1,1,0.0,,-1.0,0,1968.0,B01,138Â 204Â 899,1.0,0.0,-1.0,1727889,3.0,10,,0.0,0.0,0.0,B01,138Â 204Â 899,0.0
1012247,201900053778,10,26,12:05,1,2,1,1.0,3.0,51454,RUE DE NICE,M,"49,2627400","4,0615100",51,2019,50.0,1.0,1.0,4.0,2263678,1.0,1,1,1,0.0,,-1.0,0,1968.0,B01,138Â 204Â 899,1.0,0.0,-1.0,1727890,1.0,33,,0.0,2.0,8.0,A01,138Â 204Â 900,1.0
1012247,201900053778,10,26,12:05,1,2,1,1.0,3.0,51454,RUE DE NICE,M,"49,2627400","4,0615100",51,2019,50.0,1.0,1.0,4.0,2263679,1.0,1,4,1,0.0,,-1.0,0,1979.0,A01,138Â 204Â 900,2.0,6.0,-1.0,1727889,3.0,10,,0.0,0.0,0.0,B01,138Â 204Â 899,0.0
1012247,201900053778,10,26,12:05,1,2,1,1.0,3.0,51454,RUE DE NICE,M,"49,2627400","4,0615100",51,2019,50.0,1.0,1.0,4.0,2263679,1.0,1,4,1,0.0,,-1.0,0,1979.0,A01,138Â 204Â 900,2.0,6.0,-1.0,1727890,1.0,33,,0.0,2.0,8.0,A01,138Â 204Â 900,1.0
1012248,201900053779,10,25,11:45,1,2,6,1.0,2.0,51454,BOULEVARD ALBERT 1ER,M,"49,2645926","4,0097125",51,2019,50.0,1.0,1.0,4.0,2263680,1.0,1,1,2,0.0,,-1.0,0,1979.0,B01,138Â 204Â 897,1.0,8.0,-1.0,1727891,0.0,7,,0.0,2.0,6.0,B01,138Â 204Â 897,1.0
1012248,201900053779,10,25,11:45,1,2,6,1.0,2.0,51454,BOULEVARD ALBERT 1ER,M,"49,2645926","4,0097125",51,2019,50.0,1.0,1.0,4.0,2263680,1.0,1,1,2,0.0,,-1.0,0,1979.0,B01,138Â 204Â 897,1.0,8.0,-1.0,1727892,0.0,30,,0.0,2.0,1.0,A01,138Â 204Â 898,1.0
1012248,201900053779,10,25,11:45,1,2,6,1.0,2.0,51454,BOULEVARD ALBERT 1ER,M,"49,2645926","4,0097125",51,2019,50.0,1.0,1.0,4.0,2263681,1.0,1,4,1,5.0,,-1.0,0,1971.0,A01,138Â 204Â 898,2.0,8.0,-1.0,1727891,0.0,7,,0.0,2.0,6.0,B01,138Â 204Â 897,1.0
1012248,201900053779,10,25,11:45,1,2,6,1.0,2.0,51454,BOULEVARD ALBERT 1ER,M,"49,2645926","4,0097125",51,2019,50.0,1.0,1.0,4.0,2263681,1.0,1,4,1,5.0,,-1.0,0,1971.0,A01,138Â 204Â 898,2.0,8.0,-1.0,1727892,0.0,30,,0.0,2.0,1.0,A01,138Â 204Â 898,1.0
1012249,201900053780,10,24,18:30,2,2,9,9.0,3.0,50647,VILLEDIEU (ROUTE DE),M,"48,8377500"," -1,5572300",50,2019,50.0,1.0,2.0,3.0,2263682,1.0,1,4,1,0.0,,0.0,0,2001.0,B01,138Â 204Â 895,2.0,0.0,-1.0,1727893,1.0,2,,0.0,2.0,1.0,B01,138Â 204Â 895,1.0
1012249,201900053780,10,24,18:30,2,2,9,9.0,3.0,50647,VILLEDIEU (ROUTE DE),M,"48,8377500"," -1,5572300",50,2019,50.0,1.0,2.0,3.0,2263682,1.0,1,4,1,0.0,,0.0,0,2001.0,B01,138Â 204Â 895,2.0,0.0,-1.0,1727894,1.0,7,,0.0,2.0,8.0,A01,138Â 204Â 896,0.0
1012249,201900053780,10,24,18:30,2,2,9,9.0,3.0,50647,VILLEDIEU (ROUTE DE),M,"48,8377500"," -1,5572300",50,2019,50.0,1.0,2.0,3.0,2263683,1.0,1,1,1,9.0,,0.0,0,1964.0,A01,138Â 204Â 896,1.0,0.0,-1.0,1727893,1.0,2,,0.0,2.0,1.0,B01,138Â 204Â 895,1.0
1012249,201900053780,10,24,18:30,2,2,9,9.0,3.0,50647,VILLEDIEU (ROUTE DE),M,"48,8377500"," -1,5572300",50,2019,50.0,1.0,2.0,3.0,2263683,1.0,1,1,1,9.0,,0.0,0,1964.0,A01,138Â 204Â 896,1.0,0.0,-1.0,1727894,1.0,7,,0.0,2.0,8.0,A01,138Â 204Â 896,0.0
1012250,201900053781,10,26,14:00,1,2,1,1.0,2.0,45068,R DU 23 AOUT 1944,M,"48,0035520","2,7249960",45,2019,50.0,1.0,1.0,3.0,2263684,2.0,2,4,2,0.0,,0.0,0,2006.0,B01,138Â 204Â 893,1.0,0.0,-1.0,1727895,1.0,7,,0.0,2.0,4.0,B01,138Â 204Â 893,1.0
1012250,201900053781,10,26,14:00,1,2,1,1.0,2.0,45068,R DU 23 AOUT 1944,M,"48,0035520","2,7249960",45,2019,50.0,1.0,1.0,3.0,2263684,2.0,2,4,2,0.0,,0.0,0,2006.0,B01,138Â 204Â 893,1.0,0.0,-1.0,1727896,1.0,7,,0.0,2.0,1.0,A01,138Â 204Â 894,1.0
1012250,201900053781,10,26,14:00,1,2,1,1.0,2.0,45068,R DU 23 AOUT 1944,M,"48,0035520","2,7249960",45,2019,50.0,1.0,1.0,3.0,2263685,1.0,1,4,2,0.0,,0.0,0,1974.0,B01,138Â 204Â 893,1.0,0.0,-1.0,1727895,1.0,7,,0.0,2.0,4.0,B01,138Â 204Â 893,1.0
1012250,201900053781,10,26,14:00,1,2,1,1.0,2.0,45068,R DU 23 AOUT 1944,M,"48,0035520","2,7249960",45,2019,50.0,1.0,1.0,3.0,2263685,1.0,1,4,2,0.0,,0.0,0,1974.0,B01,138Â 204Â 893,1.0,0.0,-1.0,1727896,1.0,7,,0.0,2.0,1.0,A01,138Â 204Â 894,1.0
1012250,201900053781,10,26,14:00,1,2,1,1.0,2.0,45068,R DU 23 AOUT 1944,M,"48,0035520","2,7249960",45,2019,50.0,1.0,1.0,3.0,2263686,1.0,1,1,1,4.0,,0.0,0,1987.0,A01,138Â 204Â 894,1.0,0.0,-1.0,1727895,1.0,7,,0.0,2.0,4.0,B01,138Â 204Â 893,1.0
1012250,201900053781,10,26,14:00,1,2,1,1.0,2.0,45068,R DU 23 AOUT 1944,M,"48,0035520","2,7249960",45,2019,50.0,1.0,1.0,3.0,2263686,1.0,1,1,1,4.0,,0.0,0,1987.0,A01,138Â 204Â 894,1.0,0.0,-1.0,1727896,1.0,7,,0.0,2.0,1.0,A01,138Â 204Â 894,1.0
1012251,201900053782,10,25,18:10,1,2,1,1.0,6.0,42207,GAMBETTA RUE,M,"45,4734550","4,5110500",42,2019,50.0,1.0,1.0,3.0,2263687,1.0,1,1,1,0.0,,-1.0,0,1978.0,A01,138Â 204Â 892,1.0,0.0,-1.0,1727897,2.0,7,,0.0,1.0,3.0,A01,138Â 204Â 892,1.0