Unnamed: 0_x,num_acc,mois,jour,hrmn,lum,agg,int,atm,col,com,adr,gps,lat,long,dep,annee,vma,situ,surf,catr,Unnamed: 0_y,place,catu,grav,sexe,trajet,secu,locp,actp,an_nais,num_veh_x,id_vehicule_x,secu1,secu2,secu3,Unnamed: 0,senc,catv,occutc,obs,obsm,choc,num_veh_y,id_vehicule_y,motor
1012251,201900053782,10,25,18:10,1,2,1,1.0,6.0,42207,GAMBETTA RUE,M,"45,4734550","4,5110500",42,2019,50.0,1.0,1.0,3.0,2263688,10.0,3,3,2,9.0,,2.0,3,1933.0,A01,138Â 204Â 892,8.0,0.0,-1.0,1727897,2.0,7,,0.0,1.0,3.0,A01,138Â 204Â 892,1.0
1012252,201900053783,10,27,00:05,3,1,9,3.0,3.0,35281,DODIN (AVENUE ROGER),M,"48,0890880"," -1,7062320",35,2019,50.0,1.0,2.0,3.0,2263689,2.0,2,1,2,5.0,,-1.0,0,1995.0,A01,138Â 204Â 890,1.0,0.0,-1.0,1727898,1.0,7,,0.0,2.0,3.0,A01,138Â 204Â 890,1.0
1012252,201900053783,10,27,00:05,3,1,9,3.0,3.0,35281,DODIN (AVENUE ROGER),M,"48,0890880"," -1,7062320",35,2019,50.0,1.0,2.0,3.0,2263689,2.0,2,1,2,5.0,,-1.0,0,1995.0,A01,138Â 204Â 890,1.0,0.0,-1.0,1727899,1.0,32,,0.0,2.0,1.0,B01,138Â 204Â 891,1.0
1012252,201900053783,10,27,00:05,3,1,9,3.0,3.0,35281,DODIN (AVENUE ROGER),M,"48,0890880"," -1,7062320",35,2019,50.0,1.0,2.0,3.0,2263690,4.0,2,1,1,5.0,,-1.0,0,1999.0,A01,138Â 204Â 890,1.0,0.0,-1.0,1727898,1.0,7,,0.0,2.0,3.0,A01,138Â 204Â 890,1.0
1012252,201900053783,10,27,00:05,3,1,9,3.0,3.0,35281,DODIN (AVENUE ROGER),M,"48,0890880"," -1,7062320",35,2019,50.0,1.0,2.0,3.0,2263690,4.0,2,1,1,5.0,,-1.0,0,1999.0,A01,138Â 204Â 890,1.0,0.0,-1.0,1727899,1.0,32,,0.0,2.0,1.0,B01,138Â 204Â 891,1.0
1012252,201900053783,10,27,00:05,3,1,9,3.0,3.0,35281,DODIN (AVENUE ROGER),M,"48,0890880"," -1,7062320",35,2019,50.0,1.0,2.0,3.0,2263691,1.0,1,1,1,5.0,,-1.0, -1,1993.0,A01,138Â 204Â 890,1.0,0.0,-1.0,1727898,1.0,7,,0.0,2.0,3.0,A01,138Â 204Â 890,1.0
1012252,201900053783,10,27,00:05,3,1,9,3.0,3.0,35281,DODIN (AVENUE ROGER),M,"48,0890880"," -1,7062320",35,2019,50.0,1.0,2.0,3.0,2263691,1.0,1,1,1,5.0,,-1.0, -1,1993.0,A01,138Â 204Â 890,1.0,0.0,-1.0,1727899,1.0,32,,0.0,2.0,1.0,B01,138Â 204Â 891,1.0
1012252,201900053783,10,27,00:05,3,1,9,3.0,3.0,35281,DODIN (AVENUE ROGER),M,"48,0890880"," -1,7062320",35,2019,50.0,1.0,2.0,3.0,2263692,1.0,1,4,1,5.0,,-1.0,0,2001.0,B01,138Â 204Â 891,2.0,0.0,-1.0,1727898,1.0,7,,0.0,2.0,3.0,A01,138Â 204Â 890,1.0
1012252,201900053783,10,27,00:05,3,1,9,3.0,3.0,35281,DODIN (AVENUE ROGER),M,"48,0890880"," -1,7062320",35,2019,50.0,1.0,2.0,3.0,2263692,1.0,1,4,1,5.0,,-1.0,0,2001.0,B01,138Â 204Â 891,2.0,0.0,-1.0,1727899,1.0,32,,0.0,2.0,1.0,B01,138Â 204Â 891,1.0
1012253,201900053784,10,26,18:55,5,2,9,1.0,3.0,35238,STRASBOURG (BOULEVARD DE),M,"48,1143900"," -1,6570000",35,2019,50.0,1.0,1.0,4.0,2263693,1.0,1,1,1,5.0,,-1.0,0,1991.0,B01,138Â 204Â 888,1.0,0.0,-1.0,1727900,3.0,7,,0.0,2.0,2.0,B01,138Â 204Â 888,1.0
1012253,201900053784,10,26,18:55,5,2,9,1.0,3.0,35238,STRASBOURG (BOULEVARD DE),M,"48,1143900"," -1,6570000",35,2019,50.0,1.0,1.0,4.0,2263693,1.0,1,1,1,5.0,,-1.0,0,1991.0,B01,138Â 204Â 888,1.0,0.0,-1.0,1727901,3.0,30,,0.0,2.0,3.0,A01,138Â 204Â 889,1.0
1012253,201900053784,10,26,18:55,5,2,9,1.0,3.0,35238,STRASBOURG (BOULEVARD DE),M,"48,1143900"," -1,6570000",35,2019,50.0,1.0,1.0,4.0,2263694,1.0,1,4,1,4.0,,-1.0,0,1999.0,A01,138Â 204Â 889,2.0,0.0,-1.0,1727900,3.0,7,,0.0,2.0,2.0,B01,138Â 204Â 888,1.0
1012253,201900053784,10,26,18:55,5,2,9,1.0,3.0,35238,STRASBOURG (BOULEVARD DE),M,"48,1143900"," -1,6570000",35,2019,50.0,1.0,1.0,4.0,2263694,1.0,1,4,1,4.0,,-1.0,0,1999.0,A01,138Â 204Â 889,2.0,0.0,-1.0,1727901,3.0,30,,0.0,2.0,3.0,A01,138Â 204Â 889,1.0
1012254,201900053785,10,25,20:30,5,2,3,1.0,3.0,34172,SORBES (RUE DE LAS,M,"43,6139500","3,8479900",34,2019,50.0,1.0,1.0,4.0,2263695,2.0,2,4,1,0.0,,0.0,0,1992.0,B01,138Â 204Â 887,2.0,8.0,-1.0,1727902,3.0,10,,0.0,2.0,0.0,A01,138Â 204Â 886,1.0
1012254,201900053785,10,25,20:30,5,2,3,1.0,3.0,34172,SORBES (RUE DE LAS,M,"43,6139500","3,8479900",34,2019,50.0,1.0,1.0,4.0,2263695,2.0,2,4,1,0.0,,0.0,0,1992.0,B01,138Â 204Â 887,2.0,8.0,-1.0,1727903,3.0,34,,0.0,2.0,1.0,B01,138Â 204Â 887,1.0
1012254,201900053785,10,25,20:30,5,2,3,1.0,3.0,34172,SORBES (RUE DE LAS,M,"43,6139500","3,8479900",34,2019,50.0,1.0,1.0,4.0,2263696,1.0,1,4,1,0.0,,0.0,0,1991.0,B01,138Â 204Â 887,2.0,8.0,-1.0,1727902,3.0,10,,0.0,2.0,0.0,A01,138Â 204Â 886,1.0
1012254,201900053785,10,25,20:30,5,2,3,1.0,3.0,34172,SORBES (RUE DE LAS,M,"43,6139500","3,8479900",34,2019,50.0,1.0,1.0,4.0,2263696,1.0,1,4,1,0.0,,0.0,0,1991.0,B01,138Â 204Â 887,2.0,8.0,-1.0,1727903,3.0,34,,0.0,2.0,1.0,B01,138Â 204Â 887,1.0
1012255,201900053786,10,26,11:40,1,2,1,1.0,6.0,34003,DE GAULLE (E14 A F15,M,"43,3117400","3,4760400",34,2019,50.0,1.0,1.0,4.0,2263697,10.0,3,3,1,3.0,,3.0,3,1931.0,A01,138Â 204Â 885,0.0,-1.0,-1.0,1727904,1.0,7,,0.0,1.0,1.0,A01,138Â 204Â 885,1.0
1012255,201900053786,10,26,11:40,1,2,1,1.0,6.0,34003,DE GAULLE (E14 A F15,M,"43,3117400","3,4760400",34,2019,50.0,1.0,1.0,4.0,2263698,1.0,1,1,1,4.0,,0.0,0,1969.0,A01,138Â 204Â 885,8.0,0.0,-1.0,1727904,1.0,7,,0.0,1.0,1.0,A01,138Â 204Â 885,1.0
1012256,201900053787,10,27,02:30,5,2,2,1.0,3.0,33063,BOUDET (RUE ),M,"44,8460000"," -0,5766400",33,2019,50.0,1.0,1.0,4.0,2263699,1.0,1,3,1,1.0,,-1.0, -1,1982.0,B01,138Â 204Â 883,2.0,6.0,-1.0,1727905,2.0,33,,0.0,2.0,7.0,B01,138Â 204Â 883,1.0
1012256,201900053787,10,27,02:30,5,2,2,1.0,3.0,33063,BOUDET (RUE ),M,"44,8460000"," -0,5766400",33,2019,50.0,1.0,1.0,4.0,2263699,1.0,1,3,1,1.0,,-1.0, -1,1982.0,B01,138Â 204Â 883,2.0,6.0,-1.0,1727906,1.0,7,,0.0,2.0,1.0,A01,138Â 204Â 884,1.0
1012256,201900053787,10,27,02:30,5,2,2,1.0,3.0,33063,BOUDET (RUE ),M,"44,8460000"," -0,5766400",33,2019,50.0,1.0,1.0,4.0,2263700,1.0,1,1,1,0.0,,-1.0, -1,1992.0,A01,138Â 204Â 884,8.0,0.0,-1.0,1727905,2.0,33,,0.0,2.0,7.0,B01,138Â 204Â 883,1.0
1012256,201900053787,10,27,02:30,5,2,2,1.0,3.0,33063,BOUDET (RUE ),M,"44,8460000"," -0,5766400",33,2019,50.0,1.0,1.0,4.0,2263700,1.0,1,1,1,0.0,,-1.0, -1,1992.0,A01,138Â 204Â 884,8.0,0.0,-1.0,1727906,1.0,7,,0.0,2.0,1.0,A01,138Â 204Â 884,1.0
1012257,201900053788,10,23,08:35,1,2,3,2.0,6.0,33281,AVE DE VERDUN,M,"44,8393100"," -0,6290600",33,2019,50.0,1.0,2.0,4.0,2263701,1.0,1,4,2,1.0,,-1.0, -1,1977.0,A01,138Â 204Â 882,8.0,0.0,-1.0,1727907,0.0,30,,0.0,2.0,7.0,A01,138Â 204Â 882,1.0
1012258,201900053789,10,26,08:05,1,1,1,1.0,3.0,32013,ROCADE (RN 124 EST),M,"43,6634000","0,6231000",32,2019,80.0,1.0,2.0,2.0,2263702,1.0,1,1,1,9.0,,0.0,0,1988.0,B01,138Â 204Â 880,1.0,0.0,-1.0,1727908,2.0,7,,0.0,2.0,3.0,B01,138Â 204Â 880,1.0
1012258,201900053789,10,26,08:05,1,1,1,1.0,3.0,32013,ROCADE (RN 124 EST),M,"43,6634000","0,6231000",32,2019,80.0,1.0,2.0,2.0,2263702,1.0,1,1,1,9.0,,0.0,0,1988.0,B01,138Â 204Â 880,1.0,0.0,-1.0,1727909,1.0,33,,0.0,2.0,0.0,A01,138Â 204Â 881,1.0
1012258,201900053789,10,26,08:05,1,1,1,1.0,3.0,32013,ROCADE (RN 124 EST),M,"43,6634000","0,6231000",32,2019,80.0,1.0,2.0,2.0,2263703,2.0,2,1,2,9.0,,0.0,0,1962.0,B01,138Â 204Â 880,1.0,0.0,-1.0,1727908,2.0,7,,0.0,2.0,3.0,B01,138Â 204Â 880,1.0
1012258,201900053789,10,26,08:05,1,1,1,1.0,3.0,32013,ROCADE (RN 124 EST),M,"43,6634000","0,6231000",32,2019,80.0,1.0,2.0,2.0,2263703,2.0,2,1,2,9.0,,0.0,0,1962.0,B01,138Â 204Â 880,1.0,0.0,-1.0,1727909,1.0,33,,0.0,2.0,0.0,A01,138Â 204Â 881,1.0
1012258,201900053789,10,26,08:05,1,1,1,1.0,3.0,32013,ROCADE (RN 124 EST),M,"43,6634000","0,6231000",32,2019,80.0,1.0,2.0,2.0,2263704,1.0,1,4,1,9.0,,0.0,0,1990.0,A01,138Â 204Â 881,2.0,6.0,-1.0,1727908,2.0,7,,0.0,2.0,3.0,B01,138Â 204Â 880,1.0
1012258,201900053789,10,26,08:05,1,1,1,1.0,3.0,32013,ROCADE (RN 124 EST),M,"43,6634000","0,6231000",32,2019,80.0,1.0,2.0,2.0,2263704,1.0,1,4,1,9.0,,0.0,0,1990.0,A01,138Â 204Â 881,2.0,6.0,-1.0,1727909,1.0,33,,0.0,2.0,0.0,A01,138Â 204Â 881,1.0
1012259,201900053790,10,26,10:45,1,2,9,1.0,6.0,29019,COLLIERE JULES (DE 1 A 27 ET 2 A 40),M,"48,3990000"," -4,4497000",29,2019,50.0,1.0,1.0,4.0,2263705,10.0,3,4,2,0.0,,3.0,3,2013.0,A01,138Â 204Â 879,8.0,0.0,-1.0,1727910,1.0,7,,0.0,1.0,1.0,A01,138Â 204Â 879,1.0
1012259,201900053790,10,26,10:45,1,2,9,1.0,6.0,29019,COLLIERE JULES (DE 1 A 27 ET 2 A 40),M,"48,3990000"," -4,4497000",29,2019,50.0,1.0,1.0,4.0,2263706,1.0,1,1,1,0.0,,-1.0,0,1981.0,A01,138Â 204Â 879,1.0,8.0,-1.0,1727910,1.0,7,,0.0,1.0,1.0,A01,138Â 204Â 879,1.0
1012260,201900053791,10,26,14:17,1,2,1,1.0,6.0,26057,MARTYRS DE LA LIBERATION (AVENUE DES),M,"45,0403160","5,0517240",26,2019,30.0,1.0,1.0,4.0,2263707,10.0,3,4,1,-1.0,,2.0,3,1958.0,A01,138Â 204Â 878,8.0,8.0,8.0,1727911,3.0,7,,0.0,1.0,0.0,A01,138Â 204Â 878,-1.0
1012260,201900053791,10,26,14:17,1,2,1,1.0,6.0,26057,MARTYRS DE LA LIBERATION (AVENUE DES),M,"45,0403160","5,0517240",26,2019,30.0,1.0,1.0,4.0,2263708,10.0,3,4,1,-1.0,,2.0,3,1955.0,A01,138Â 204Â 878,8.0,8.0,8.0,1727911,3.0,7,,0.0,1.0,0.0,A01,138Â 204Â 878,-1.0
1012260,201900053791,10,26,14:17,1,2,1,1.0,6.0,26057,MARTYRS DE LA LIBERATION (AVENUE DES),M,"45,0403160","5,0517240",26,2019,30.0,1.0,1.0,4.0,2263709,1.0,1,1,1,-1.0,,0.0,0,1980.0,A01,138Â 204Â 878,1.0,-1.0,-1.0,1727911,3.0,7,,0.0,1.0,0.0,A01,138Â 204Â 878,-1.0
1012261,201900053792,10,25,20:15,2,2,1,1.0,6.0,25056,boulevard Charles DE GAULLE,M,"47,2323410","6,0189950",25,2019,50.0,1.0,1.0,4.0,2263710,1.0,1,1,1,1.0,,-1.0, -1,1973.0,A01,138Â 204Â 876,1.0,4.0,-1.0,1727912,3.0,7,,0.0,1.0,1.0,A01,138Â 204Â 876,1.0
1012261,201900053792,10,25,20:15,2,2,1,1.0,6.0,25056,boulevard Charles DE GAULLE,M,"47,2323410","6,0189950",25,2019,50.0,1.0,1.0,4.0,2263710,1.0,1,1,1,1.0,,-1.0, -1,1973.0,A01,138Â 204Â 876,1.0,4.0,-1.0,1727913,3.0,60,,0.0,2.0,1.0,Y01,138Â 204Â 877,5.0
1012261,201900053792,10,25,20:15,2,2,1,1.0,6.0,25056,boulevard Charles DE GAULLE,M,"47,2323410","6,0189950",25,2019,50.0,1.0,1.0,4.0,2263711,10.0,3,3,1,5.0,,2.0,3,2004.0,Y01,138Â 204Â 877,8.0,0.0,-1.0,1727912,3.0,7,,0.0,1.0,1.0,A01,138Â 204Â 876,1.0
1012261,201900053792,10,25,20:15,2,2,1,1.0,6.0,25056,boulevard Charles DE GAULLE,M,"47,2323410","6,0189950",25,2019,50.0,1.0,1.0,4.0,2263711,10.0,3,3,1,5.0,,2.0,3,2004.0,Y01,138Â 204Â 877,8.0,0.0,-1.0,1727913,3.0,60,,0.0,2.0,1.0,Y01,138Â 204Â 877,5.0
1012262,201900053793,10,23,18:10,2,1,1,8.0,6.0,24557,AVENUE MICHEL GRANDOU,M,"45,1893000","0,7513000",24,2019,50.0,1.0,1.0,3.0,2263712,1.0,1,1,1,1.0,,-1.0,0,1949.0,A01,138Â 204Â 875,1.0,0.0,-1.0,1727914,1.0,7,,0.0,1.0,3.0,A01,138Â 204Â 875,1.0
1012262,201900053793,10,23,18:10,2,1,1,8.0,6.0,24557,AVENUE MICHEL GRANDOU,M,"45,1893000","0,7513000",24,2019,50.0,1.0,1.0,3.0,2263713,10.0,3,3,2,5.0,,3.0,3,1965.0,A01,138Â 204Â 875,0.0,-1.0,-1.0,1727914,1.0,7,,0.0,1.0,3.0,A01,138Â 204Â 875,1.0
1012263,201900053794,10,26,10:50,1,1,1,1.0,4.0,17291,RN 11,M,"46,1730300"," -1,1173400",17,2019,50.0,1.0,1.0,2.0,2263714,1.0,1,4,2,5.0,,-1.0,0,1972.0,A01,138Â 204Â 872,1.0,0.0,-1.0,1727915,1.0,7,,0.0,2.0,1.0,A01,138Â 204Â 872,3.0
1012263,201900053794,10,26,10:50,1,1,1,1.0,4.0,17291,RN 11,M,"46,1730300"," -1,1173400",17,2019,50.0,1.0,1.0,2.0,2263714,1.0,1,4,2,5.0,,-1.0,0,1972.0,A01,138Â 204Â 872,1.0,0.0,-1.0,1727916,1.0,7,,0.0,2.0,4.0,B01,138Â 204Â 873,1.0
1012263,201900053794,10,26,10:50,1,1,1,1.0,4.0,17291,RN 11,M,"46,1730300"," -1,1173400",17,2019,50.0,1.0,1.0,2.0,2263714,1.0,1,4,2,5.0,,-1.0,0,1972.0,A01,138Â 204Â 872,1.0,0.0,-1.0,1727917,1.0,7,,0.0,2.0,4.0,C01,138Â 204Â 874,1.0
1012263,201900053794,10,26,10:50,1,1,1,1.0,4.0,17291,RN 11,M,"46,1730300"," -1,1173400",17,2019,50.0,1.0,1.0,2.0,2263715,1.0,1,1,1,1.0,,-1.0,0,1987.0,B01,138Â 204Â 873,1.0,0.0,-1.0,1727915,1.0,7,,0.0,2.0,1.0,A01,138Â 204Â 872,3.0
1012263,201900053794,10,26,10:50,1,1,1,1.0,4.0,17291,RN 11,M,"46,1730300"," -1,1173400",17,2019,50.0,1.0,1.0,2.0,2263715,1.0,1,1,1,1.0,,-1.0,0,1987.0,B01,138Â 204Â 873,1.0,0.0,-1.0,1727916,1.0,7,,0.0,2.0,4.0,B01,138Â 204Â 873,1.0
1012263,201900053794,10,26,10:50,1,1,1,1.0,4.0,17291,RN 11,M,"46,1730300"," -1,1173400",17,2019,50.0,1.0,1.0,2.0,2263715,1.0,1,1,1,1.0,,-1.0,0,1987.0,B01,138Â 204Â 873,1.0,0.0,-1.0,1727917,1.0,7,,0.0,2.0,4.0,C01,138Â 204Â 874,1.0
1012263,201900053794,10,26,10:50,1,1,1,1.0,4.0,17291,RN 11,M,"46,1730300"," -1,1173400",17,2019,50.0,1.0,1.0,2.0,2263716,1.0,1,1,1,5.0,,-1.0,0,1990.0,C01,138Â 204Â 874,1.0,0.0,-1.0,1727915,1.0,7,,0.0,2.0,1.0,A01,138Â 204Â 872,3.0
1012263,201900053794,10,26,10:50,1,1,1,1.0,4.0,17291,RN 11,M,"46,1730300"," -1,1173400",17,2019,50.0,1.0,1.0,2.0,2263716,1.0,1,1,1,5.0,,-1.0,0,1990.0,C01,138Â 204Â 874,1.0,0.0,-1.0,1727916,1.0,7,,0.0,2.0,4.0,B01,138Â 204Â 873,1.0
1012263,201900053794,10,26,10:50,1,1,1,1.0,4.0,17291,RN 11,M,"46,1730300"," -1,1173400",17,2019,50.0,1.0,1.0,2.0,2263716,1.0,1,1,1,5.0,,-1.0,0,1990.0,C01,138Â 204Â 874,1.0,0.0,-1.0,1727917,1.0,7,,0.0,2.0,4.0,C01,138Â 204Â 874,1.0
1012264,201900053795,10,26,19:00,5,2,1,1.0,3.0,13204,BLANCARDE (BOULEVARD),M,"43,3027500","5,3982514",13,2019,50.0,1.0,1.0,4.0,2263717,1.0,1,1,2,5.0,,-1.0, -1,2001.0,A01,138Â 204Â 867,1.0,0.0,-1.0,1727918,2.0,7,,0.0,2.0,2.0,A01,138Â 204Â 867,0.0
1012264,201900053795,10,26,19:00,5,2,1,1.0,3.0,13204,BLANCARDE (BOULEVARD),M,"43,3027500","5,3982514",13,2019,50.0,1.0,1.0,4.0,2263717,1.0,1,1,2,5.0,,-1.0, -1,2001.0,A01,138Â 204Â 867,1.0,0.0,-1.0,1727919,1.0,33,,0.0,2.0,8.0,B01,138Â 204Â 868,0.0
1012264,201900053795,10,26,19:00,5,2,1,1.0,3.0,13204,BLANCARDE (BOULEVARD),M,"43,3027500","5,3982514",13,2019,50.0,1.0,1.0,4.0,2263718,1.0,1,4,1,1.0,,-1.0, -1,1981.0,B01,138Â 204Â 868,2.0,0.0,-1.0,1727918,2.0,7,,0.0,2.0,2.0,A01,138Â 204Â 867,0.0
1012264,201900053795,10,26,19:00,5,2,1,1.0,3.0,13204,BLANCARDE (BOULEVARD),M,"43,3027500","5,3982514",13,2019,50.0,1.0,1.0,4.0,2263718,1.0,1,4,1,1.0,,-1.0, -1,1981.0,B01,138Â 204Â 868,2.0,0.0,-1.0,1727919,1.0,33,,0.0,2.0,8.0,B01,138Â 204Â 868,0.0
1012265,201900053796,10,26,07:27,3,2,1,1.0,2.0,13215,LITTORAL (CHEMIN DU),M,"43,3556540","5,3276910",13,2019,50.0,1.0,1.0,4.0,2263719,1.0,1,4,1,5.0,,-1.0, -1,1981.0,A01,138Â 204Â 865,8.0,0.0,-1.0,1727920,0.0,7,,0.0,2.0,1.0,A01,138Â 204Â 865,1.0
1012265,201900053796,10,26,07:27,3,2,1,1.0,2.0,13215,LITTORAL (CHEMIN DU),M,"43,3556540","5,3276910",13,2019,50.0,1.0,1.0,4.0,2263719,1.0,1,4,1,5.0,,-1.0, -1,1981.0,A01,138Â 204Â 865,8.0,0.0,-1.0,1727921,0.0,37,1.0,0.0,2.0,4.0,B01,138Â 204Â 866,1.0
1012265,201900053796,10,26,07:27,3,2,1,1.0,2.0,13215,LITTORAL (CHEMIN DU),M,"43,3556540","5,3276910",13,2019,50.0,1.0,1.0,4.0,2263720,1.0,1,4,1,4.0,,-1.0, -1,1966.0,B01,138Â 204Â 866,8.0,0.0,-1.0,1727920,0.0,7,,0.0,2.0,1.0,A01,138Â 204Â 865,1.0
1012265,201900053796,10,26,07:27,3,2,1,1.0,2.0,13215,LITTORAL (CHEMIN DU),M,"43,3556540","5,3276910",13,2019,50.0,1.0,1.0,4.0,2263720,1.0,1,4,1,4.0,,-1.0, -1,1966.0,B01,138Â 204Â 866,8.0,0.0,-1.0,1727921,0.0,37,1.0,0.0,2.0,4.0,B01,138Â 204Â 866,1.0
1012266,201900053797,10,25,21:50,5,2,9,1.0,5.0,13213,BREMOND (RUE),M,"43,3200150","5,4084900",13,2019,50.0,1.0,1.0,7.0,2263721,1.0,1,1,1,0.0,,-1.0, -1,2000.0,A01,138Â 204Â 862,8.0,0.0,-1.0,1727922,3.0,7,,0.0,2.0,0.0,A01,138Â 204Â 862,0.0
1012266,201900053797,10,25,21:50,5,2,9,1.0,5.0,13213,BREMOND (RUE),M,"43,3200150","5,4084900",13,2019,50.0,1.0,1.0,7.0,2263721,1.0,1,1,1,0.0,,-1.0, -1,2000.0,A01,138Â 204Â 862,8.0,0.0,-1.0,1727923,3.0,7,,0.0,2.0,0.0,B01,138Â 204Â 863,0.0
1012266,201900053797,10,25,21:50,5,2,9,1.0,5.0,13213,BREMOND (RUE),M,"43,3200150","5,4084900",13,2019,50.0,1.0,1.0,7.0,2263721,1.0,1,1,1,0.0,,-1.0, -1,2000.0,A01,138Â 204Â 862,8.0,0.0,-1.0,1727924,3.0,7,,0.0,2.0,0.0,C01,138Â 204Â 864,0.0
1012266,201900053797,10,25,21:50,5,2,9,1.0,5.0,13213,BREMOND (RUE),M,"43,3200150","5,4084900",13,2019,50.0,1.0,1.0,7.0,2263722,1.0,1,1,1,0.0,,-1.0,0,2001.0,B01,138Â 204Â 863,8.0,8.0,-1.0,1727922,3.0,7,,0.0,2.0,0.0,A01,138Â 204Â 862,0.0
1012266,201900053797,10,25,21:50,5,2,9,1.0,5.0,13213,BREMOND (RUE),M,"43,3200150","5,4084900",13,2019,50.0,1.0,1.0,7.0,2263722,1.0,1,1,1,0.0,,-1.0,0,2001.0,B01,138Â 204Â 863,8.0,8.0,-1.0,1727923,3.0,7,,0.0,2.0,0.0,B01,138Â 204Â 863,0.0
1012266,201900053797,10,25,21:50,5,2,9,1.0,5.0,13213,BREMOND (RUE),M,"43,3200150","5,4084900",13,2019,50.0,1.0,1.0,7.0,2263722,1.0,1,1,1,0.0,,-1.0,0,2001.0,B01,138Â 204Â 863,8.0,8.0,-1.0,1727924,3.0,7,,0.0,2.0,0.0,C01,138Â 204Â 864,0.0
1012266,201900053797,10,25,21:50,5,2,9,1.0,5.0,13213,BREMOND (RUE),M,"43,3200150","5,4084900",13,2019,50.0,1.0,1.0,7.0,2263723,1.0,1,4,1,0.0,,-1.0, -1,1968.0,C01,138Â 204Â 864,8.0,0.0,-1.0,1727922,3.0,7,,0.0,2.0,0.0,A01,138Â 204Â 862,0.0
1012266,201900053797,10,25,21:50,5,2,9,1.0,5.0,13213,BREMOND (RUE),M,"43,3200150","5,4084900",13,2019,50.0,1.0,1.0,7.0,2263723,1.0,1,4,1,0.0,,-1.0, -1,1968.0,C01,138Â 204Â 864,8.0,0.0,-1.0,1727923,3.0,7,,0.0,2.0,0.0,B01,138Â 204Â 863,0.0
1012266,201900053797,10,25,21:50,5,2,9,1.0,5.0,13213,BREMOND (RUE),M,"43,3200150","5,4084900",13,2019,50.0,1.0,1.0,7.0,2263723,1.0,1,4,1,0.0,,-1.0, -1,1968.0,C01,138Â 204Â 864,8.0,0.0,-1.0,1727924,3.0,7,,0.0,2.0,0.0,C01,138Â 204Â 864,0.0
1012267,201900053798,10,22,18:45,5,2,1,1.0,6.0,13098,MASSANE AVENUE DES,M,"43,4694700","5,0149300",13,2019,50.0,1.0,1.0,3.0,2263724,1.0,1,4,2,0.0,,-1.0, -1,1974.0,A01,138Â 204Â 861,8.0,0.0,-1.0,1727925,3.0,3,,6.0,2.0,2.0,A01,138Â 204Â 861,0.0
1012268,201900053799,10,26,02:40,5,2,1,1.0,6.0,13005,PAGNOL (AVENUE MARCEL),M,"43,2962614","5,5705351",13,2019,50.0,1.0,1.0,4.0,2263725,1.0,1,4,1,0.0,,-1.0,0,2000.0,A01,138Â 204Â 860,2.0,8.0,-1.0,1727926,1.0,33,,15.0,0.0,4.0,A01,138Â 204Â 860,1.0
1012269,201900053800,10,25,18:43,3,1,1,1.0,4.0,10060,ROCADE SUD (RD 610),M,"48,2529000","4,1080000",10,2019,80.0,1.0,1.0,3.0,2263726,1.0,1,4,1,9.0,,-1.0, -1,1970.0,A01,138Â 204Â 857,2.0,6.0,-1.0,1727927,3.0,33,,0.0,2.0,1.0,A01,138Â 204Â 857,1.0
1012269,201900053800,10,25,18:43,3,1,1,1.0,4.0,10060,ROCADE SUD (RD 610),M,"48,2529000","4,1080000",10,2019,80.0,1.0,1.0,3.0,2263726,1.0,1,4,1,9.0,,-1.0, -1,1970.0,A01,138Â 204Â 857,2.0,6.0,-1.0,1727928,3.0,33,,0.0,2.0,4.0,B01,138Â 204Â 858,1.0
1012269,201900053800,10,25,18:43,3,1,1,1.0,4.0,10060,ROCADE SUD (RD 610),M,"48,2529000","4,1080000",10,2019,80.0,1.0,1.0,3.0,2263726,1.0,1,4,1,9.0,,-1.0, -1,1970.0,A01,138Â 204Â 857,2.0,6.0,-1.0,1727929,3.0,33,,0.0,2.0,7.0,C01,138Â 204Â 859,1.0
1012269,201900053800,10,25,18:43,3,1,1,1.0,4.0,10060,ROCADE SUD (RD 610),M,"48,2529000","4,1080000",10,2019,80.0,1.0,1.0,3.0,2263727,1.0,1,1,1,9.0,,-1.0, -1,1995.0,B01,138Â 204Â 858,2.0,6.0,-1.0,1727927,3.0,33,,0.0,2.0,1.0,A01,138Â 204Â 857,1.0
1012269,201900053800,10,25,18:43,3,1,1,1.0,4.0,10060,ROCADE SUD (RD 610),M,"48,2529000","4,1080000",10,2019,80.0,1.0,1.0,3.0,2263727,1.0,1,1,1,9.0,,-1.0, -1,1995.0,B01,138Â 204Â 858,2.0,6.0,-1.0,1727928,3.0,33,,0.0,2.0,4.0,B01,138Â 204Â 858,1.0
1012269,201900053800,10,25,18:43,3,1,1,1.0,4.0,10060,ROCADE SUD (RD 610),M,"48,2529000","4,1080000",10,2019,80.0,1.0,1.0,3.0,2263727,1.0,1,1,1,9.0,,-1.0, -1,1995.0,B01,138Â 204Â 858,2.0,6.0,-1.0,1727929,3.0,33,,0.0,2.0,7.0,C01,138Â 204Â 859,1.0
1012269,201900053800,10,25,18:43,3,1,1,1.0,4.0,10060,ROCADE SUD (RD 610),M,"48,2529000","4,1080000",10,2019,80.0,1.0,1.0,3.0,2263728,1.0,1,4,1,9.0,,-1.0, -1,1965.0,C01,138Â 204Â 859,2.0,6.0,-1.0,1727927,3.0,33,,0.0,2.0,1.0,A01,138Â 204Â 857,1.0