Unnamed: 0_x,num_acc,mois,jour,hrmn,lum,agg,int,atm,col,com,adr,gps,lat,long,dep,annee,vma,situ,surf,catr,Unnamed: 0_y,place,catu,grav,sexe,trajet,secu,locp,actp,an_nais,num_veh_x,id_vehicule_x,secu1,secu2,secu3,Unnamed: 0,senc,catv,occutc,obs,obsm,choc,num_veh_y,id_vehicule_y,motor
1012269,201900053800,10,25,18:43,3,1,1,1.0,4.0,10060,ROCADE SUD (RD 610),M,"48,2529000","4,1080000",10,2019,80.0,1.0,1.0,3.0,2263728,1.0,1,4,1,9.0,,-1.0, -1,1965.0,C01,138Â 204Â 859,2.0,6.0,-1.0,1727928,3.0,33,,0.0,2.0,4.0,B01,138Â 204Â 858,1.0
1012269,201900053800,10,25,18:43,3,1,1,1.0,4.0,10060,ROCADE SUD (RD 610),M,"48,2529000","4,1080000",10,2019,80.0,1.0,1.0,3.0,2263728,1.0,1,4,1,9.0,,-1.0, -1,1965.0,C01,138Â 204Â 859,2.0,6.0,-1.0,1727929,3.0,33,,0.0,2.0,7.0,C01,138Â 204Â 859,1.0
1012270,201900053801,10,26,12:00,1,2,9,1.0,1.0,06088,MEDITERRANEE (AV.),M,"43,6737960","7,2047060",6,2019,30.0,1.0,1.0,6.0,2263729,1.0,1,3,1,0.0,,0.0,0,1998.0,A01,138Â 204Â 855,8.0,0.0,-1.0,1727930,3.0,33,,0.0,2.0,0.0,A01,138Â 204Â 855,1.0
1012270,201900053801,10,26,12:00,1,2,9,1.0,1.0,06088,MEDITERRANEE (AV.),M,"43,6737960","7,2047060",6,2019,30.0,1.0,1.0,6.0,2263729,1.0,1,3,1,0.0,,0.0,0,1998.0,A01,138Â 204Â 855,8.0,0.0,-1.0,1727931,3.0,7,,0.0,2.0,1.0,B01,138Â 204Â 856,1.0
1012270,201900053801,10,26,12:00,1,2,9,1.0,1.0,06088,MEDITERRANEE (AV.),M,"43,6737960","7,2047060",6,2019,30.0,1.0,1.0,6.0,2263730,1.0,1,1,1,0.0,,0.0,0,2000.0,B01,138Â 204Â 856,1.0,8.0,-1.0,1727930,3.0,33,,0.0,2.0,0.0,A01,138Â 204Â 855,1.0
1012270,201900053801,10,26,12:00,1,2,9,1.0,1.0,06088,MEDITERRANEE (AV.),M,"43,6737960","7,2047060",6,2019,30.0,1.0,1.0,6.0,2263730,1.0,1,1,1,0.0,,0.0,0,2000.0,B01,138Â 204Â 856,1.0,8.0,-1.0,1727931,3.0,7,,0.0,2.0,1.0,B01,138Â 204Â 856,1.0
1012271,201900053802,10,26,21:10,5,2,1,1.0,7.0,06012,"CORNICHE (MOYENNE, NÂ° 2017 ET +)",M,"43,7376520","7,4120890",6,2019,50.0,1.0,1.0,3.0,2263731,1.0,1,2,1,5.0,,0.0,0,1978.0,A01,138Â 204Â 854,2.0,8.0,-1.0,1727932,1.0,33,,9.0,0.0,1.0,A01,138Â 204Â 854,1.0
1012272,201900053803,10,25,11:20,1,2,1,1.0,4.0,75116,BD PERIPHEDIQUE EXTERIEUR,M,"48,8572046","2,2585541",75,2019,70.0,1.0,1.0,4.0,2263732,1.0,1,1,1,4.0,,0.0,0,1960.0,A01,138Â 204Â 848,1.0,0.0,-1.0,1727933,2.0,10,,0.0,2.0,1.0,A01,138Â 204Â 848,1.0
1012272,201900053803,10,25,11:20,1,2,1,1.0,4.0,75116,BD PERIPHEDIQUE EXTERIEUR,M,"48,8572046","2,2585541",75,2019,70.0,1.0,1.0,4.0,2263732,1.0,1,1,1,4.0,,0.0,0,1960.0,A01,138Â 204Â 848,1.0,0.0,-1.0,1727934,2.0,7,,0.0,2.0,5.0,B01,138Â 204Â 849,1.0
1012272,201900053803,10,25,11:20,1,2,1,1.0,4.0,75116,BD PERIPHEDIQUE EXTERIEUR,M,"48,8572046","2,2585541",75,2019,70.0,1.0,1.0,4.0,2263732,1.0,1,1,1,4.0,,0.0,0,1960.0,A01,138Â 204Â 848,1.0,0.0,-1.0,1727935,2.0,7,,0.0,2.0,4.0,C01,138Â 204Â 850,1.0
1012272,201900053803,10,25,11:20,1,2,1,1.0,4.0,75116,BD PERIPHEDIQUE EXTERIEUR,M,"48,8572046","2,2585541",75,2019,70.0,1.0,1.0,4.0,2263732,1.0,1,1,1,4.0,,0.0,0,1960.0,A01,138Â 204Â 848,1.0,0.0,-1.0,1727936,2.0,7,,0.0,2.0,4.0,D01,138Â 204Â 851,1.0
1012272,201900053803,10,25,11:20,1,2,1,1.0,4.0,75116,BD PERIPHEDIQUE EXTERIEUR,M,"48,8572046","2,2585541",75,2019,70.0,1.0,1.0,4.0,2263732,1.0,1,1,1,4.0,,0.0,0,1960.0,A01,138Â 204Â 848,1.0,0.0,-1.0,1727937,2.0,32,,0.0,2.0,8.0,E01,138Â 204Â 852,1.0
1012272,201900053803,10,25,11:20,1,2,1,1.0,4.0,75116,BD PERIPHEDIQUE EXTERIEUR,M,"48,8572046","2,2585541",75,2019,70.0,1.0,1.0,4.0,2263732,1.0,1,1,1,4.0,,0.0,0,1960.0,A01,138Â 204Â 848,1.0,0.0,-1.0,1727938,2.0,7,,0.0,2.0,8.0,F01,138Â 204Â 853,1.0
1012272,201900053803,10,25,11:20,1,2,1,1.0,4.0,75116,BD PERIPHEDIQUE EXTERIEUR,M,"48,8572046","2,2585541",75,2019,70.0,1.0,1.0,4.0,2263733,1.0,1,1,1,1.0,,0.0,0,1991.0,B01,138Â 204Â 849,1.0,0.0,-1.0,1727933,2.0,10,,0.0,2.0,1.0,A01,138Â 204Â 848,1.0
1012272,201900053803,10,25,11:20,1,2,1,1.0,4.0,75116,BD PERIPHEDIQUE EXTERIEUR,M,"48,8572046","2,2585541",75,2019,70.0,1.0,1.0,4.0,2263733,1.0,1,1,1,1.0,,0.0,0,1991.0,B01,138Â 204Â 849,1.0,0.0,-1.0,1727934,2.0,7,,0.0,2.0,5.0,B01,138Â 204Â 849,1.0
1012272,201900053803,10,25,11:20,1,2,1,1.0,4.0,75116,BD PERIPHEDIQUE EXTERIEUR,M,"48,8572046","2,2585541",75,2019,70.0,1.0,1.0,4.0,2263733,1.0,1,1,1,1.0,,0.0,0,1991.0,B01,138Â 204Â 849,1.0,0.0,-1.0,1727935,2.0,7,,0.0,2.0,4.0,C01,138Â 204Â 850,1.0
1012272,201900053803,10,25,11:20,1,2,1,1.0,4.0,75116,BD PERIPHEDIQUE EXTERIEUR,M,"48,8572046","2,2585541",75,2019,70.0,1.0,1.0,4.0,2263733,1.0,1,1,1,1.0,,0.0,0,1991.0,B01,138Â 204Â 849,1.0,0.0,-1.0,1727936,2.0,7,,0.0,2.0,4.0,D01,138Â 204Â 851,1.0
1012272,201900053803,10,25,11:20,1,2,1,1.0,4.0,75116,BD PERIPHEDIQUE EXTERIEUR,M,"48,8572046","2,2585541",75,2019,70.0,1.0,1.0,4.0,2263733,1.0,1,1,1,1.0,,0.0,0,1991.0,B01,138Â 204Â 849,1.0,0.0,-1.0,1727937,2.0,32,,0.0,2.0,8.0,E01,138Â 204Â 852,1.0
1012272,201900053803,10,25,11:20,1,2,1,1.0,4.0,75116,BD PERIPHEDIQUE EXTERIEUR,M,"48,8572046","2,2585541",75,2019,70.0,1.0,1.0,4.0,2263733,1.0,1,1,1,1.0,,0.0,0,1991.0,B01,138Â 204Â 849,1.0,0.0,-1.0,1727938,2.0,7,,0.0,2.0,8.0,F01,138Â 204Â 853,1.0
1012272,201900053803,10,25,11:20,1,2,1,1.0,4.0,75116,BD PERIPHEDIQUE EXTERIEUR,M,"48,8572046","2,2585541",75,2019,70.0,1.0,1.0,4.0,2263734,1.0,1,1,1,4.0,,0.0,0,1976.0,C01,138Â 204Â 850,1.0,0.0,-1.0,1727933,2.0,10,,0.0,2.0,1.0,A01,138Â 204Â 848,1.0
1012272,201900053803,10,25,11:20,1,2,1,1.0,4.0,75116,BD PERIPHEDIQUE EXTERIEUR,M,"48,8572046","2,2585541",75,2019,70.0,1.0,1.0,4.0,2263734,1.0,1,1,1,4.0,,0.0,0,1976.0,C01,138Â 204Â 850,1.0,0.0,-1.0,1727934,2.0,7,,0.0,2.0,5.0,B01,138Â 204Â 849,1.0
1012272,201900053803,10,25,11:20,1,2,1,1.0,4.0,75116,BD PERIPHEDIQUE EXTERIEUR,M,"48,8572046","2,2585541",75,2019,70.0,1.0,1.0,4.0,2263734,1.0,1,1,1,4.0,,0.0,0,1976.0,C01,138Â 204Â 850,1.0,0.0,-1.0,1727935,2.0,7,,0.0,2.0,4.0,C01,138Â 204Â 850,1.0
1012272,201900053803,10,25,11:20,1,2,1,1.0,4.0,75116,BD PERIPHEDIQUE EXTERIEUR,M,"48,8572046","2,2585541",75,2019,70.0,1.0,1.0,4.0,2263734,1.0,1,1,1,4.0,,0.0,0,1976.0,C01,138Â 204Â 850,1.0,0.0,-1.0,1727936,2.0,7,,0.0,2.0,4.0,D01,138Â 204Â 851,1.0
1012272,201900053803,10,25,11:20,1,2,1,1.0,4.0,75116,BD PERIPHEDIQUE EXTERIEUR,M,"48,8572046","2,2585541",75,2019,70.0,1.0,1.0,4.0,2263734,1.0,1,1,1,4.0,,0.0,0,1976.0,C01,138Â 204Â 850,1.0,0.0,-1.0,1727937,2.0,32,,0.0,2.0,8.0,E01,138Â 204Â 852,1.0
1012272,201900053803,10,25,11:20,1,2,1,1.0,4.0,75116,BD PERIPHEDIQUE EXTERIEUR,M,"48,8572046","2,2585541",75,2019,70.0,1.0,1.0,4.0,2263734,1.0,1,1,1,4.0,,0.0,0,1976.0,C01,138Â 204Â 850,1.0,0.0,-1.0,1727938,2.0,7,,0.0,2.0,8.0,F01,138Â 204Â 853,1.0
1012272,201900053803,10,25,11:20,1,2,1,1.0,4.0,75116,BD PERIPHEDIQUE EXTERIEUR,M,"48,8572046","2,2585541",75,2019,70.0,1.0,1.0,4.0,2263735,1.0,1,1,1,0.0,,0.0,0,1942.0,D01,138Â 204Â 851,1.0,0.0,-1.0,1727933,2.0,10,,0.0,2.0,1.0,A01,138Â 204Â 848,1.0
1012272,201900053803,10,25,11:20,1,2,1,1.0,4.0,75116,BD PERIPHEDIQUE EXTERIEUR,M,"48,8572046","2,2585541",75,2019,70.0,1.0,1.0,4.0,2263735,1.0,1,1,1,0.0,,0.0,0,1942.0,D01,138Â 204Â 851,1.0,0.0,-1.0,1727934,2.0,7,,0.0,2.0,5.0,B01,138Â 204Â 849,1.0
1012272,201900053803,10,25,11:20,1,2,1,1.0,4.0,75116,BD PERIPHEDIQUE EXTERIEUR,M,"48,8572046","2,2585541",75,2019,70.0,1.0,1.0,4.0,2263735,1.0,1,1,1,0.0,,0.0,0,1942.0,D01,138Â 204Â 851,1.0,0.0,-1.0,1727935,2.0,7,,0.0,2.0,4.0,C01,138Â 204Â 850,1.0
1012272,201900053803,10,25,11:20,1,2,1,1.0,4.0,75116,BD PERIPHEDIQUE EXTERIEUR,M,"48,8572046","2,2585541",75,2019,70.0,1.0,1.0,4.0,2263735,1.0,1,1,1,0.0,,0.0,0,1942.0,D01,138Â 204Â 851,1.0,0.0,-1.0,1727936,2.0,7,,0.0,2.0,4.0,D01,138Â 204Â 851,1.0
1012272,201900053803,10,25,11:20,1,2,1,1.0,4.0,75116,BD PERIPHEDIQUE EXTERIEUR,M,"48,8572046","2,2585541",75,2019,70.0,1.0,1.0,4.0,2263735,1.0,1,1,1,0.0,,0.0,0,1942.0,D01,138Â 204Â 851,1.0,0.0,-1.0,1727937,2.0,32,,0.0,2.0,8.0,E01,138Â 204Â 852,1.0
1012272,201900053803,10,25,11:20,1,2,1,1.0,4.0,75116,BD PERIPHEDIQUE EXTERIEUR,M,"48,8572046","2,2585541",75,2019,70.0,1.0,1.0,4.0,2263735,1.0,1,1,1,0.0,,0.0,0,1942.0,D01,138Â 204Â 851,1.0,0.0,-1.0,1727938,2.0,7,,0.0,2.0,8.0,F01,138Â 204Â 853,1.0
1012272,201900053803,10,25,11:20,1,2,1,1.0,4.0,75116,BD PERIPHEDIQUE EXTERIEUR,M,"48,8572046","2,2585541",75,2019,70.0,1.0,1.0,4.0,2263736,1.0,1,4,1,5.0,,0.0,0,1948.0,E01,138Â 204Â 852,2.0,6.0,-1.0,1727933,2.0,10,,0.0,2.0,1.0,A01,138Â 204Â 848,1.0
1012272,201900053803,10,25,11:20,1,2,1,1.0,4.0,75116,BD PERIPHEDIQUE EXTERIEUR,M,"48,8572046","2,2585541",75,2019,70.0,1.0,1.0,4.0,2263736,1.0,1,4,1,5.0,,0.0,0,1948.0,E01,138Â 204Â 852,2.0,6.0,-1.0,1727934,2.0,7,,0.0,2.0,5.0,B01,138Â 204Â 849,1.0
1012272,201900053803,10,25,11:20,1,2,1,1.0,4.0,75116,BD PERIPHEDIQUE EXTERIEUR,M,"48,8572046","2,2585541",75,2019,70.0,1.0,1.0,4.0,2263736,1.0,1,4,1,5.0,,0.0,0,1948.0,E01,138Â 204Â 852,2.0,6.0,-1.0,1727935,2.0,7,,0.0,2.0,4.0,C01,138Â 204Â 850,1.0
1012272,201900053803,10,25,11:20,1,2,1,1.0,4.0,75116,BD PERIPHEDIQUE EXTERIEUR,M,"48,8572046","2,2585541",75,2019,70.0,1.0,1.0,4.0,2263736,1.0,1,4,1,5.0,,0.0,0,1948.0,E01,138Â 204Â 852,2.0,6.0,-1.0,1727936,2.0,7,,0.0,2.0,4.0,D01,138Â 204Â 851,1.0
1012272,201900053803,10,25,11:20,1,2,1,1.0,4.0,75116,BD PERIPHEDIQUE EXTERIEUR,M,"48,8572046","2,2585541",75,2019,70.0,1.0,1.0,4.0,2263736,1.0,1,4,1,5.0,,0.0,0,1948.0,E01,138Â 204Â 852,2.0,6.0,-1.0,1727937,2.0,32,,0.0,2.0,8.0,E01,138Â 204Â 852,1.0
1012272,201900053803,10,25,11:20,1,2,1,1.0,4.0,75116,BD PERIPHEDIQUE EXTERIEUR,M,"48,8572046","2,2585541",75,2019,70.0,1.0,1.0,4.0,2263736,1.0,1,4,1,5.0,,0.0,0,1948.0,E01,138Â 204Â 852,2.0,6.0,-1.0,1727938,2.0,7,,0.0,2.0,8.0,F01,138Â 204Â 853,1.0
1012272,201900053803,10,25,11:20,1,2,1,1.0,4.0,75116,BD PERIPHEDIQUE EXTERIEUR,M,"48,8572046","2,2585541",75,2019,70.0,1.0,1.0,4.0,2263737,1.0,1,1,1,4.0,,0.0,0,1984.0,F01,138Â 204Â 853,1.0,0.0,-1.0,1727933,2.0,10,,0.0,2.0,1.0,A01,138Â 204Â 848,1.0
1012272,201900053803,10,25,11:20,1,2,1,1.0,4.0,75116,BD PERIPHEDIQUE EXTERIEUR,M,"48,8572046","2,2585541",75,2019,70.0,1.0,1.0,4.0,2263737,1.0,1,1,1,4.0,,0.0,0,1984.0,F01,138Â 204Â 853,1.0,0.0,-1.0,1727934,2.0,7,,0.0,2.0,5.0,B01,138Â 204Â 849,1.0
1012272,201900053803,10,25,11:20,1,2,1,1.0,4.0,75116,BD PERIPHEDIQUE EXTERIEUR,M,"48,8572046","2,2585541",75,2019,70.0,1.0,1.0,4.0,2263737,1.0,1,1,1,4.0,,0.0,0,1984.0,F01,138Â 204Â 853,1.0,0.0,-1.0,1727935,2.0,7,,0.0,2.0,4.0,C01,138Â 204Â 850,1.0
1012272,201900053803,10,25,11:20,1,2,1,1.0,4.0,75116,BD PERIPHEDIQUE EXTERIEUR,M,"48,8572046","2,2585541",75,2019,70.0,1.0,1.0,4.0,2263737,1.0,1,1,1,4.0,,0.0,0,1984.0,F01,138Â 204Â 853,1.0,0.0,-1.0,1727936,2.0,7,,0.0,2.0,4.0,D01,138Â 204Â 851,1.0
1012272,201900053803,10,25,11:20,1,2,1,1.0,4.0,75116,BD PERIPHEDIQUE EXTERIEUR,M,"48,8572046","2,2585541",75,2019,70.0,1.0,1.0,4.0,2263737,1.0,1,1,1,4.0,,0.0,0,1984.0,F01,138Â 204Â 853,1.0,0.0,-1.0,1727937,2.0,32,,0.0,2.0,8.0,E01,138Â 204Â 852,1.0
1012272,201900053803,10,25,11:20,1,2,1,1.0,4.0,75116,BD PERIPHEDIQUE EXTERIEUR,M,"48,8572046","2,2585541",75,2019,70.0,1.0,1.0,4.0,2263737,1.0,1,1,1,4.0,,0.0,0,1984.0,F01,138Â 204Â 853,1.0,0.0,-1.0,1727938,2.0,7,,0.0,2.0,8.0,F01,138Â 204Â 853,1.0
1012273,201900053804,10,26,20:35,5,2,2,1.0,3.0,75120,RUE BELGRAND,M,"48,8647888","2,4013192",75,2019,50.0,1.0,1.0,4.0,2263738,1.0,1,1,2,1.0,,0.0,0,1967.0,A01,138Â 204Â 846,1.0,0.0,-1.0,1727939,2.0,7,,0.0,2.0,0.0,A01,138Â 204Â 846,1.0
1012273,201900053804,10,26,20:35,5,2,2,1.0,3.0,75120,RUE BELGRAND,M,"48,8647888","2,4013192",75,2019,50.0,1.0,1.0,4.0,2263738,1.0,1,1,2,1.0,,0.0,0,1967.0,A01,138Â 204Â 846,1.0,0.0,-1.0,1727940,1.0,32,,0.0,2.0,8.0,B01,138Â 204Â 847,1.0
1012273,201900053804,10,26,20:35,5,2,2,1.0,3.0,75120,RUE BELGRAND,M,"48,8647888","2,4013192",75,2019,50.0,1.0,1.0,4.0,2263739,1.0,1,4,1,9.0,,0.0,0,1991.0,B01,138Â 204Â 847,2.0,6.0,-1.0,1727939,2.0,7,,0.0,2.0,0.0,A01,138Â 204Â 846,1.0
1012273,201900053804,10,26,20:35,5,2,2,1.0,3.0,75120,RUE BELGRAND,M,"48,8647888","2,4013192",75,2019,50.0,1.0,1.0,4.0,2263739,1.0,1,4,1,9.0,,0.0,0,1991.0,B01,138Â 204Â 847,2.0,6.0,-1.0,1727940,1.0,32,,0.0,2.0,8.0,B01,138Â 204Â 847,1.0
1012274,201900053805,10,25,23:00,5,2,1,1.0,1.0,75120,RUE GASNIER GUY,M,"48,8650292","2,3938840",75,2019,30.0,1.0,1.0,4.0,2263740,2.0,2,4,2,5.0,,0.0,0,2000.0,B01,138Â 204Â 844,1.0,0.0,-1.0,1727941,1.0,7,,0.0,2.0,1.0,B01,138Â 204Â 844,1.0
1012274,201900053805,10,25,23:00,5,2,1,1.0,1.0,75120,RUE GASNIER GUY,M,"48,8650292","2,3938840",75,2019,30.0,1.0,1.0,4.0,2263740,2.0,2,4,2,5.0,,0.0,0,2000.0,B01,138Â 204Â 844,1.0,0.0,-1.0,1727942,2.0,7,,0.0,2.0,1.0,A01,138Â 204Â 845,1.0
1012274,201900053805,10,25,23:00,5,2,1,1.0,1.0,75120,RUE GASNIER GUY,M,"48,8650292","2,3938840",75,2019,30.0,1.0,1.0,4.0,2263741,1.0,1,1,1,5.0,,0.0,0,2000.0,B01,138Â 204Â 844,1.0,0.0,-1.0,1727941,1.0,7,,0.0,2.0,1.0,B01,138Â 204Â 844,1.0
1012274,201900053805,10,25,23:00,5,2,1,1.0,1.0,75120,RUE GASNIER GUY,M,"48,8650292","2,3938840",75,2019,30.0,1.0,1.0,4.0,2263741,1.0,1,1,1,5.0,,0.0,0,2000.0,B01,138Â 204Â 844,1.0,0.0,-1.0,1727942,2.0,7,,0.0,2.0,1.0,A01,138Â 204Â 845,1.0
1012274,201900053805,10,25,23:00,5,2,1,1.0,1.0,75120,RUE GASNIER GUY,M,"48,8650292","2,3938840",75,2019,30.0,1.0,1.0,4.0,2263742,1.0,1,1,1,5.0,,0.0,0,1969.0,A01,138Â 204Â 845,1.0,0.0,-1.0,1727941,1.0,7,,0.0,2.0,1.0,B01,138Â 204Â 844,1.0
1012274,201900053805,10,25,23:00,5,2,1,1.0,1.0,75120,RUE GASNIER GUY,M,"48,8650292","2,3938840",75,2019,30.0,1.0,1.0,4.0,2263742,1.0,1,1,1,5.0,,0.0,0,1969.0,A01,138Â 204Â 845,1.0,0.0,-1.0,1727942,2.0,7,,0.0,2.0,1.0,A01,138Â 204Â 845,1.0
1012275,201900053806,10,26,01:35,5,2,3,1.0,6.0,75119,AVENUE JEAN JAURES,M,"48,8854117","2,3800262",75,2019,50.0,1.0,1.0,4.0,2263743,1.0,1,1,1,5.0,,0.0,0,1981.0,A01,138Â 204Â 841,1.0,0.0,-1.0,1727943,2.0,7,,0.0,2.0,1.0,A01,138Â 204Â 841,1.0
1012275,201900053806,10,26,01:35,5,2,3,1.0,6.0,75119,AVENUE JEAN JAURES,M,"48,8854117","2,3800262",75,2019,50.0,1.0,1.0,4.0,2263743,1.0,1,1,1,5.0,,0.0,0,1981.0,A01,138Â 204Â 841,1.0,0.0,-1.0,1727944,2.0,7,,0.0,2.0,4.0,B01,138Â 204Â 842,1.0
1012275,201900053806,10,26,01:35,5,2,3,1.0,6.0,75119,AVENUE JEAN JAURES,M,"48,8854117","2,3800262",75,2019,50.0,1.0,1.0,4.0,2263743,1.0,1,1,1,5.0,,0.0,0,1981.0,A01,138Â 204Â 841,1.0,0.0,-1.0,1727945,2.0,7,,0.0,2.0,0.0,Z01,138Â 204Â 843,0.0
1012275,201900053806,10,26,01:35,5,2,3,1.0,6.0,75119,AVENUE JEAN JAURES,M,"48,8854117","2,3800262",75,2019,50.0,1.0,1.0,4.0,2263744,1.0,1,4,1,5.0,,0.0,0,1977.0,B01,138Â 204Â 842,1.0,0.0,-1.0,1727943,2.0,7,,0.0,2.0,1.0,A01,138Â 204Â 841,1.0
1012275,201900053806,10,26,01:35,5,2,3,1.0,6.0,75119,AVENUE JEAN JAURES,M,"48,8854117","2,3800262",75,2019,50.0,1.0,1.0,4.0,2263744,1.0,1,4,1,5.0,,0.0,0,1977.0,B01,138Â 204Â 842,1.0,0.0,-1.0,1727944,2.0,7,,0.0,2.0,4.0,B01,138Â 204Â 842,1.0
1012275,201900053806,10,26,01:35,5,2,3,1.0,6.0,75119,AVENUE JEAN JAURES,M,"48,8854117","2,3800262",75,2019,50.0,1.0,1.0,4.0,2263744,1.0,1,4,1,5.0,,0.0,0,1977.0,B01,138Â 204Â 842,1.0,0.0,-1.0,1727945,2.0,7,,0.0,2.0,0.0,Z01,138Â 204Â 843,0.0
1012276,201900053807,10,26,17:40,1,2,1,1.0,4.0,75119,RUE D AUBERVILLIERS,M,"48,8977400","2,3707380",75,2019,50.0,1.0,1.0,4.0,2263745,1.0,1,1,1,4.0,,0.0,0,1993.0,D01,138Â 204Â 837,1.0,0.0,-1.0,1727946,1.0,7,,0.0,2.0,2.0,D01,138Â 204Â 837,1.0
1012276,201900053807,10,26,17:40,1,2,1,1.0,4.0,75119,RUE D AUBERVILLIERS,M,"48,8977400","2,3707380",75,2019,50.0,1.0,1.0,4.0,2263745,1.0,1,1,1,4.0,,0.0,0,1993.0,D01,138Â 204Â 837,1.0,0.0,-1.0,1727947,1.0,33,,0.0,2.0,7.0,C01,138Â 204Â 838,1.0
1012276,201900053807,10,26,17:40,1,2,1,1.0,4.0,75119,RUE D AUBERVILLIERS,M,"48,8977400","2,3707380",75,2019,50.0,1.0,1.0,4.0,2263745,1.0,1,1,1,4.0,,0.0,0,1993.0,D01,138Â 204Â 837,1.0,0.0,-1.0,1727948,1.0,7,,0.0,2.0,5.0,B01,138Â 204Â 839,1.0
1012276,201900053807,10,26,17:40,1,2,1,1.0,4.0,75119,RUE D AUBERVILLIERS,M,"48,8977400","2,3707380",75,2019,50.0,1.0,1.0,4.0,2263745,1.0,1,1,1,4.0,,0.0,0,1993.0,D01,138Â 204Â 837,1.0,0.0,-1.0,1727949,1.0,37,1.0,0.0,2.0,6.0,A01,138Â 204Â 840,1.0
1012276,201900053807,10,26,17:40,1,2,1,1.0,4.0,75119,RUE D AUBERVILLIERS,M,"48,8977400","2,3707380",75,2019,50.0,1.0,1.0,4.0,2263746,1.0,1,4,1,0.0,,0.0,0,1991.0,C01,138Â 204Â 838,2.0,6.0,-1.0,1727946,1.0,7,,0.0,2.0,2.0,D01,138Â 204Â 837,1.0
1012276,201900053807,10,26,17:40,1,2,1,1.0,4.0,75119,RUE D AUBERVILLIERS,M,"48,8977400","2,3707380",75,2019,50.0,1.0,1.0,4.0,2263746,1.0,1,4,1,0.0,,0.0,0,1991.0,C01,138Â 204Â 838,2.0,6.0,-1.0,1727947,1.0,33,,0.0,2.0,7.0,C01,138Â 204Â 838,1.0
1012276,201900053807,10,26,17:40,1,2,1,1.0,4.0,75119,RUE D AUBERVILLIERS,M,"48,8977400","2,3707380",75,2019,50.0,1.0,1.0,4.0,2263746,1.0,1,4,1,0.0,,0.0,0,1991.0,C01,138Â 204Â 838,2.0,6.0,-1.0,1727948,1.0,7,,0.0,2.0,5.0,B01,138Â 204Â 839,1.0
1012276,201900053807,10,26,17:40,1,2,1,1.0,4.0,75119,RUE D AUBERVILLIERS,M,"48,8977400","2,3707380",75,2019,50.0,1.0,1.0,4.0,2263746,1.0,1,4,1,0.0,,0.0,0,1991.0,C01,138Â 204Â 838,2.0,6.0,-1.0,1727949,1.0,37,1.0,0.0,2.0,6.0,A01,138Â 204Â 840,1.0
1012276,201900053807,10,26,17:40,1,2,1,1.0,4.0,75119,RUE D AUBERVILLIERS,M,"48,8977400","2,3707380",75,2019,50.0,1.0,1.0,4.0,2263747,1.0,1,1,1,0.0,,0.0,0,1989.0,B01,138Â 204Â 839,1.0,0.0,-1.0,1727946,1.0,7,,0.0,2.0,2.0,D01,138Â 204Â 837,1.0
1012276,201900053807,10,26,17:40,1,2,1,1.0,4.0,75119,RUE D AUBERVILLIERS,M,"48,8977400","2,3707380",75,2019,50.0,1.0,1.0,4.0,2263747,1.0,1,1,1,0.0,,0.0,0,1989.0,B01,138Â 204Â 839,1.0,0.0,-1.0,1727947,1.0,33,,0.0,2.0,7.0,C01,138Â 204Â 838,1.0
1012276,201900053807,10,26,17:40,1,2,1,1.0,4.0,75119,RUE D AUBERVILLIERS,M,"48,8977400","2,3707380",75,2019,50.0,1.0,1.0,4.0,2263747,1.0,1,1,1,0.0,,0.0,0,1989.0,B01,138Â 204Â 839,1.0,0.0,-1.0,1727948,1.0,7,,0.0,2.0,5.0,B01,138Â 204Â 839,1.0
1012276,201900053807,10,26,17:40,1,2,1,1.0,4.0,75119,RUE D AUBERVILLIERS,M,"48,8977400","2,3707380",75,2019,50.0,1.0,1.0,4.0,2263747,1.0,1,1,1,0.0,,0.0,0,1989.0,B01,138Â 204Â 839,1.0,0.0,-1.0,1727949,1.0,37,1.0,0.0,2.0,6.0,A01,138Â 204Â 840,1.0
1012276,201900053807,10,26,17:40,1,2,1,1.0,4.0,75119,RUE D AUBERVILLIERS,M,"48,8977400","2,3707380",75,2019,50.0,1.0,1.0,4.0,2263748,1.0,1,1,1,4.0,,0.0,0,1982.0,A01,138Â 204Â 840,1.0,0.0,-1.0,1727946,1.0,7,,0.0,2.0,2.0,D01,138Â 204Â 837,1.0
1012276,201900053807,10,26,17:40,1,2,1,1.0,4.0,75119,RUE D AUBERVILLIERS,M,"48,8977400","2,3707380",75,2019,50.0,1.0,1.0,4.0,2263748,1.0,1,1,1,4.0,,0.0,0,1982.0,A01,138Â 204Â 840,1.0,0.0,-1.0,1727947,1.0,33,,0.0,2.0,7.0,C01,138Â 204Â 838,1.0
1012276,201900053807,10,26,17:40,1,2,1,1.0,4.0,75119,RUE D AUBERVILLIERS,M,"48,8977400","2,3707380",75,2019,50.0,1.0,1.0,4.0,2263748,1.0,1,1,1,4.0,,0.0,0,1982.0,A01,138Â 204Â 840,1.0,0.0,-1.0,1727948,1.0,7,,0.0,2.0,5.0,B01,138Â 204Â 839,1.0
1012276,201900053807,10,26,17:40,1,2,1,1.0,4.0,75119,RUE D AUBERVILLIERS,M,"48,8977400","2,3707380",75,2019,50.0,1.0,1.0,4.0,2263748,1.0,1,1,1,4.0,,0.0,0,1982.0,A01,138Â 204Â 840,1.0,0.0,-1.0,1727949,1.0,37,1.0,0.0,2.0,6.0,A01,138Â 204Â 840,1.0
1012277,201900053808,10,26,11:05,1,2,4,1.0,3.0,75118,BOULEVARD ORNANO,M,"48,8923380","2,3490370",75,2019,50.0,1.0,1.0,4.0,2263749,1.0,1,1,1,3.0,,0.0,0,1971.0,B01,138Â 204Â 835,1.0,0.0,-1.0,1727950,2.0,7,,0.0,2.0,8.0,B01,138Â 204Â 835,1.0