Unnamed: 0_x,num_acc,mois,jour,hrmn,lum,agg,int,atm,col,com,adr,gps,lat,long,dep,annee,vma,situ,surf,catr,Unnamed: 0_y,place,catu,grav,sexe,trajet,secu,locp,actp,an_nais,num_veh_x,id_vehicule_x,secu1,secu2,secu3,Unnamed: 0,senc,catv,occutc,obs,obsm,choc,num_veh_y,id_vehicule_y,motor
1012277,201900053808,10,26,11:05,1,2,4,1.0,3.0,75118,BOULEVARD ORNANO,M,"48,8923380","2,3490370",75,2019,50.0,1.0,1.0,4.0,2263749,1.0,1,1,1,3.0,,0.0,0,1971.0,B01,138Â 204Â 835,1.0,0.0,-1.0,1727951,2.0,30,,0.0,2.0,1.0,A01,138Â 204Â 836,1.0
1012277,201900053808,10,26,11:05,1,2,4,1.0,3.0,75118,BOULEVARD ORNANO,M,"48,8923380","2,3490370",75,2019,50.0,1.0,1.0,4.0,2263750,1.0,1,4,1,0.0,,0.0,0,1956.0,A01,138Â 204Â 836,2.0,6.0,-1.0,1727950,2.0,7,,0.0,2.0,8.0,B01,138Â 204Â 835,1.0
1012277,201900053808,10,26,11:05,1,2,4,1.0,3.0,75118,BOULEVARD ORNANO,M,"48,8923380","2,3490370",75,2019,50.0,1.0,1.0,4.0,2263750,1.0,1,4,1,0.0,,0.0,0,1956.0,A01,138Â 204Â 836,2.0,6.0,-1.0,1727951,2.0,30,,0.0,2.0,1.0,A01,138Â 204Â 836,1.0
1012278,201900053809,10,26,10:20,1,2,2,1.0,6.0,75117,BOULEVARD PEREIRE,M,"48,8828841","2,2937371",75,2019,50.0,1.0,1.0,4.0,2263751,1.0,1,1,1,9.0,,0.0,0,1961.0,A01,138Â 204Â 834,1.0,0.0,-1.0,1727952,2.0,7,,0.0,1.0,6.0,A01,138Â 204Â 834,1.0
1012278,201900053809,10,26,10:20,1,2,2,1.0,6.0,75117,BOULEVARD PEREIRE,M,"48,8828841","2,2937371",75,2019,50.0,1.0,1.0,4.0,2263752,10.0,3,4,2,0.0,,2.0,3,1982.0,A01,138Â 204Â 834,0.0,-1.0,-1.0,1727952,2.0,7,,0.0,1.0,6.0,A01,138Â 204Â 834,1.0
1012279,201900053810,10,26,16:20,1,2,7,1.0,6.0,75116,PLACE DU TROCADERO ET DU 11 NOVEMBRE,M,"48,8625333","2,2868256",75,2019,30.0,1.0,1.0,4.0,2263753,1.0,1,4,1,5.0,,0.0,0,1957.0,A01,138Â 204Â 832,8.0,2.0,-1.0,1727953,1.0,1,,0.0,2.0,8.0,A01,138Â 204Â 832,5.0
1012279,201900053810,10,26,16:20,1,2,7,1.0,6.0,75116,PLACE DU TROCADERO ET DU 11 NOVEMBRE,M,"48,8625333","2,2868256",75,2019,30.0,1.0,1.0,4.0,2263753,1.0,1,4,1,5.0,,0.0,0,1957.0,A01,138Â 204Â 832,8.0,2.0,-1.0,1727954,1.0,7,,0.0,2.0,5.0,Z01,138Â 204Â 833,0.0
1012280,201900053811,10,25,20:00,5,2,4,1.0,3.0,75116,AVENUE DE LA PORTE D AUTEUIL,M,"48,8479521","2,2565437",75,2019,50.0,1.0,1.0,4.0,2263754,1.0,1,4,2,0.0,,0.0,0,1970.0,A01,138Â 204Â 830,2.0,6.0,-1.0,1727955,1.0,33,,0.0,2.0,4.0,A01,138Â 204Â 830,1.0
1012280,201900053811,10,25,20:00,5,2,4,1.0,3.0,75116,AVENUE DE LA PORTE D AUTEUIL,M,"48,8479521","2,2565437",75,2019,50.0,1.0,1.0,4.0,2263754,1.0,1,4,2,0.0,,0.0,0,1970.0,A01,138Â 204Â 830,2.0,6.0,-1.0,1727956,1.0,7,,0.0,2.0,4.0,B01,138Â 204Â 831,1.0
1012280,201900053811,10,25,20:00,5,2,4,1.0,3.0,75116,AVENUE DE LA PORTE D AUTEUIL,M,"48,8479521","2,2565437",75,2019,50.0,1.0,1.0,4.0,2263755,1.0,1,1,1,0.0,,0.0,0,1986.0,B01,138Â 204Â 831,1.0,0.0,-1.0,1727955,1.0,33,,0.0,2.0,4.0,A01,138Â 204Â 830,1.0
1012280,201900053811,10,25,20:00,5,2,4,1.0,3.0,75116,AVENUE DE LA PORTE D AUTEUIL,M,"48,8479521","2,2565437",75,2019,50.0,1.0,1.0,4.0,2263755,1.0,1,1,1,0.0,,0.0,0,1986.0,B01,138Â 204Â 831,1.0,0.0,-1.0,1727956,1.0,7,,0.0,2.0,4.0,B01,138Â 204Â 831,1.0
1012281,201900053812,10,25,18:32,5,2,1,1.0,3.0,75116,ROUTE DE LA PTE DAUPHINE A LA PTE DES SABLONS,M,"48,8737910","2,2718720",75,2019,50.0,1.0,1.0,4.0,2263756,1.0,1,1,1,0.0,,0.0,0,1958.0,A01,138Â 204Â 828,1.0,0.0,-1.0,1727957,1.0,7,,0.0,2.0,3.0,A01,138Â 204Â 828,1.0
1012281,201900053812,10,25,18:32,5,2,1,1.0,3.0,75116,ROUTE DE LA PTE DAUPHINE A LA PTE DES SABLONS,M,"48,8737910","2,2718720",75,2019,50.0,1.0,1.0,4.0,2263756,1.0,1,1,1,0.0,,0.0,0,1958.0,A01,138Â 204Â 828,1.0,0.0,-1.0,1727958,1.0,43,,0.0,2.0,1.0,B01,138Â 204Â 829,1.0
1012281,201900053812,10,25,18:32,5,2,1,1.0,3.0,75116,ROUTE DE LA PTE DAUPHINE A LA PTE DES SABLONS,M,"48,8737910","2,2718720",75,2019,50.0,1.0,1.0,4.0,2263757,2.0,2,4,2,0.0,,0.0,0,1990.0,B01,138Â 204Â 829,2.0,6.0,-1.0,1727957,1.0,7,,0.0,2.0,3.0,A01,138Â 204Â 828,1.0
1012281,201900053812,10,25,18:32,5,2,1,1.0,3.0,75116,ROUTE DE LA PTE DAUPHINE A LA PTE DES SABLONS,M,"48,8737910","2,2718720",75,2019,50.0,1.0,1.0,4.0,2263757,2.0,2,4,2,0.0,,0.0,0,1990.0,B01,138Â 204Â 829,2.0,6.0,-1.0,1727958,1.0,43,,0.0,2.0,1.0,B01,138Â 204Â 829,1.0
1012281,201900053812,10,25,18:32,5,2,1,1.0,3.0,75116,ROUTE DE LA PTE DAUPHINE A LA PTE DES SABLONS,M,"48,8737910","2,2718720",75,2019,50.0,1.0,1.0,4.0,2263758,1.0,1,1,1,1.0,,0.0,0,1987.0,B01,138Â 204Â 829,2.0,6.0,-1.0,1727957,1.0,7,,0.0,2.0,3.0,A01,138Â 204Â 828,1.0
1012281,201900053812,10,25,18:32,5,2,1,1.0,3.0,75116,ROUTE DE LA PTE DAUPHINE A LA PTE DES SABLONS,M,"48,8737910","2,2718720",75,2019,50.0,1.0,1.0,4.0,2263758,1.0,1,1,1,1.0,,0.0,0,1987.0,B01,138Â 204Â 829,2.0,6.0,-1.0,1727958,1.0,43,,0.0,2.0,1.0,B01,138Â 204Â 829,1.0
1012282,201900053813,10,25,16:39,1,2,2,1.0,6.0,75116,RUE JOSEPH ET MARIE HACKIN,M,"48,8784122","2,2797865",75,2019,50.0,1.0,1.0,4.0,2263759,1.0,1,1,2,5.0,,0.0,0,1994.0,A01,138Â 204Â 827,1.0,0.0,-1.0,1727959,3.0,7,,0.0,1.0,2.0,A01,138Â 204Â 827,1.0
1012282,201900053813,10,25,16:39,1,2,2,1.0,6.0,75116,RUE JOSEPH ET MARIE HACKIN,M,"48,8784122","2,2797865",75,2019,50.0,1.0,1.0,4.0,2263760,10.0,3,4,2,0.0,,3.0,3,1925.0,A01,138Â 204Â 827,0.0,-1.0,-1.0,1727959,3.0,7,,0.0,1.0,2.0,A01,138Â 204Â 827,1.0
1012283,201900053814,10,26,16:15,1,2,2,1.0,6.0,75113,BOULEVARD MASSENA,M,"48,8241581","2,3768198",75,2019,50.0,1.0,1.0,4.0,2263761,10.0,3,3,2,0.0,,4.0,3,1951.0,A01,138Â 204Â 826,0.0,-1.0,-1.0,1727960,1.0,10,,0.0,1.0,1.0,A01,138Â 204Â 826,1.0
1012283,201900053814,10,26,16:15,1,2,2,1.0,6.0,75113,BOULEVARD MASSENA,M,"48,8241581","2,3768198",75,2019,50.0,1.0,1.0,4.0,2263762,1.0,1,1,1,5.0,,0.0,0,1993.0,A01,138Â 204Â 826,1.0,0.0,-1.0,1727960,1.0,10,,0.0,1.0,1.0,A01,138Â 204Â 826,1.0
1012284,201900053815,10,26,16:00,1,2,2,1.0,6.0,75111,RUE DE COTTE,M,"48,8506999","2,3785528",75,2019,30.0,1.0,1.0,4.0,2263763,1.0,1,1,1,4.0,,0.0,0,1975.0,A01,138Â 204Â 825,1.0,0.0,-1.0,1727961,1.0,10,,0.0,1.0,7.0,A01,138Â 204Â 825,1.0
1012284,201900053815,10,26,16:00,1,2,2,1.0,6.0,75111,RUE DE COTTE,M,"48,8506999","2,3785528",75,2019,30.0,1.0,1.0,4.0,2263764,10.0,3,4,2,5.0,,2.0,3,1946.0,A01,138Â 204Â 825,0.0,-1.0,-1.0,1727961,1.0,10,,0.0,1.0,7.0,A01,138Â 204Â 825,1.0
1012285,201900053816,10,26,10:00,1,2,1,1.0,3.0,75112,AVENUE DU DOCTEUR ARNOLD NETTER,M,"48,8460700","2,4060530",75,2019,50.0,1.0,1.0,4.0,2263765,1.0,1,4,1,1.0,,0.0,0,1962.0,B01,138Â 204Â 823,2.0,6.0,-1.0,1727962,2.0,32,,0.0,2.0,2.0,B01,138Â 204Â 823,1.0
1012285,201900053816,10,26,10:00,1,2,1,1.0,3.0,75112,AVENUE DU DOCTEUR ARNOLD NETTER,M,"48,8460700","2,4060530",75,2019,50.0,1.0,1.0,4.0,2263765,1.0,1,4,1,1.0,,0.0,0,1962.0,B01,138Â 204Â 823,2.0,6.0,-1.0,1727963,2.0,7,,0.0,2.0,3.0,A01,138Â 204Â 824,1.0
1012285,201900053816,10,26,10:00,1,2,1,1.0,3.0,75112,AVENUE DU DOCTEUR ARNOLD NETTER,M,"48,8460700","2,4060530",75,2019,50.0,1.0,1.0,4.0,2263766,1.0,1,1,1,4.0,,0.0,0,1989.0,A01,138Â 204Â 824,1.0,0.0,-1.0,1727962,2.0,32,,0.0,2.0,2.0,B01,138Â 204Â 823,1.0
1012285,201900053816,10,26,10:00,1,2,1,1.0,3.0,75112,AVENUE DU DOCTEUR ARNOLD NETTER,M,"48,8460700","2,4060530",75,2019,50.0,1.0,1.0,4.0,2263766,1.0,1,1,1,4.0,,0.0,0,1989.0,A01,138Â 204Â 824,1.0,0.0,-1.0,1727963,2.0,7,,0.0,2.0,3.0,A01,138Â 204Â 824,1.0
1012286,201900053817,10,24,23:15,5,2,1,1.0,6.0,75112,ROUTE DU PESAGE,M,"48,8253023","2,4463221",75,2019,50.0,1.0,1.0,4.0,2263767,1.0,1,4,1,0.0,,0.0,0,1975.0,A01,138Â 204Â 822,2.0,6.0,-1.0,1727964,1.0,32,,14.0,0.0,1.0,A01,138Â 204Â 822,1.0
1012287,201900053818,10,26,03:20,5,2,7,1.0,3.0,75111,BOULEVARD VOLTAIRE,M,"48,8491037","2,3947079",75,2019,50.0,1.0,1.0,4.0,2263768,1.0,1,1,2,0.0,,0.0,0,1996.0,A01,138Â 204Â 820,1.0,0.0,-1.0,1727965,2.0,7,,0.0,2.0,8.0,A01,138Â 204Â 820,1.0
1012287,201900053818,10,26,03:20,5,2,7,1.0,3.0,75111,BOULEVARD VOLTAIRE,M,"48,8491037","2,3947079",75,2019,50.0,1.0,1.0,4.0,2263768,1.0,1,1,2,0.0,,0.0,0,1996.0,A01,138Â 204Â 820,1.0,0.0,-1.0,1727966,2.0,32,,0.0,2.0,1.0,B01,138Â 204Â 821,1.0
1012287,201900053818,10,26,03:20,5,2,7,1.0,3.0,75111,BOULEVARD VOLTAIRE,M,"48,8491037","2,3947079",75,2019,50.0,1.0,1.0,4.0,2263769,1.0,1,3,1,0.0,,0.0,0,1988.0,B01,138Â 204Â 821,2.0,6.0,-1.0,1727965,2.0,7,,0.0,2.0,8.0,A01,138Â 204Â 820,1.0
1012287,201900053818,10,26,03:20,5,2,7,1.0,3.0,75111,BOULEVARD VOLTAIRE,M,"48,8491037","2,3947079",75,2019,50.0,1.0,1.0,4.0,2263769,1.0,1,3,1,0.0,,0.0,0,1988.0,B01,138Â 204Â 821,2.0,6.0,-1.0,1727966,2.0,32,,0.0,2.0,1.0,B01,138Â 204Â 821,1.0
1012288,201900053819,10,26,00:00,5,2,2,1.0,3.0,75111,AVENUE PHILIPPE AUGUSTE,M,"48,8506719","2,3945001",75,2019,50.0,1.0,1.0,4.0,2263770,1.0,1,3,2,5.0,,0.0,0,1967.0,A01,138Â 204Â 818,1.0,0.0,-1.0,1727967,2.0,7,,0.0,2.0,3.0,A01,138Â 204Â 818,1.0
1012288,201900053819,10,26,00:00,5,2,2,1.0,3.0,75111,AVENUE PHILIPPE AUGUSTE,M,"48,8506719","2,3945001",75,2019,50.0,1.0,1.0,4.0,2263770,1.0,1,3,2,5.0,,0.0,0,1967.0,A01,138Â 204Â 818,1.0,0.0,-1.0,1727968,2.0,7,,0.0,2.0,2.0,B01,138Â 204Â 819,1.0
1012288,201900053819,10,26,00:00,5,2,2,1.0,3.0,75111,AVENUE PHILIPPE AUGUSTE,M,"48,8506719","2,3945001",75,2019,50.0,1.0,1.0,4.0,2263771,3.0,2,1,1,5.0,,0.0,0,2006.0,A01,138Â 204Â 818,1.0,0.0,-1.0,1727967,2.0,7,,0.0,2.0,3.0,A01,138Â 204Â 818,1.0
1012288,201900053819,10,26,00:00,5,2,2,1.0,3.0,75111,AVENUE PHILIPPE AUGUSTE,M,"48,8506719","2,3945001",75,2019,50.0,1.0,1.0,4.0,2263771,3.0,2,1,1,5.0,,0.0,0,2006.0,A01,138Â 204Â 818,1.0,0.0,-1.0,1727968,2.0,7,,0.0,2.0,2.0,B01,138Â 204Â 819,1.0
1012288,201900053819,10,26,00:00,5,2,2,1.0,3.0,75111,AVENUE PHILIPPE AUGUSTE,M,"48,8506719","2,3945001",75,2019,50.0,1.0,1.0,4.0,2263772,1.0,1,1,1,5.0,,0.0,0,1964.0,B01,138Â 204Â 819,1.0,0.0,-1.0,1727967,2.0,7,,0.0,2.0,3.0,A01,138Â 204Â 818,1.0
1012288,201900053819,10,26,00:00,5,2,2,1.0,3.0,75111,AVENUE PHILIPPE AUGUSTE,M,"48,8506719","2,3945001",75,2019,50.0,1.0,1.0,4.0,2263772,1.0,1,1,1,5.0,,0.0,0,1964.0,B01,138Â 204Â 819,1.0,0.0,-1.0,1727968,2.0,7,,0.0,2.0,2.0,B01,138Â 204Â 819,1.0
1012289,201900053820,10,26,00:02,5,2,2,1.0,3.0,75111,BOULEVARD VOLTAIRE,M,"48,8651857","2,3677469",75,2019,50.0,5.0,1.0,4.0,2263773,1.0,1,4,2,5.0,,0.0,0,1993.0,B01,138Â 204Â 816,8.0,2.0,-1.0,1727969,1.0,80,,0.0,2.0,1.0,B01,138Â 204Â 816,2.0
1012289,201900053820,10,26,00:02,5,2,2,1.0,3.0,75111,BOULEVARD VOLTAIRE,M,"48,8651857","2,3677469",75,2019,50.0,5.0,1.0,4.0,2263773,1.0,1,4,2,5.0,,0.0,0,1993.0,B01,138Â 204Â 816,8.0,2.0,-1.0,1727970,1.0,7,,0.0,2.0,7.0,A01,138Â 204Â 817,2.0
1012289,201900053820,10,26,00:02,5,2,2,1.0,3.0,75111,BOULEVARD VOLTAIRE,M,"48,8651857","2,3677469",75,2019,50.0,5.0,1.0,4.0,2263774,1.0,1,1,1,4.0,,0.0,0,1974.0,A01,138Â 204Â 817,1.0,0.0,-1.0,1727969,1.0,80,,0.0,2.0,1.0,B01,138Â 204Â 816,2.0
1012289,201900053820,10,26,00:02,5,2,2,1.0,3.0,75111,BOULEVARD VOLTAIRE,M,"48,8651857","2,3677469",75,2019,50.0,5.0,1.0,4.0,2263774,1.0,1,1,1,4.0,,0.0,0,1974.0,A01,138Â 204Â 817,1.0,0.0,-1.0,1727970,1.0,7,,0.0,2.0,7.0,A01,138Â 204Â 817,2.0
1012290,201900053821,10,26,06:00,5,2,3,1.0,3.0,75103,BOULEVARD DU TEMPLE,M,"48,8637224","2,3663688",75,2019,50.0,6.0,1.0,4.0,2263775,1.0,1,1,1,4.0,,0.0,0,1992.0,A01,138Â 204Â 814,1.0,0.0,-1.0,1727971,2.0,7,,0.0,2.0,7.0,A01,138Â 204Â 814,1.0
1012290,201900053821,10,26,06:00,5,2,3,1.0,3.0,75103,BOULEVARD DU TEMPLE,M,"48,8637224","2,3663688",75,2019,50.0,6.0,1.0,4.0,2263775,1.0,1,1,1,4.0,,0.0,0,1992.0,A01,138Â 204Â 814,1.0,0.0,-1.0,1727972,2.0,50,,0.0,2.0,0.0,B01,138Â 204Â 815,3.0
1012290,201900053821,10,26,06:00,5,2,3,1.0,3.0,75103,BOULEVARD DU TEMPLE,M,"48,8637224","2,3663688",75,2019,50.0,6.0,1.0,4.0,2263776,1.0,1,4,1,0.0,,0.0,0,1979.0,B01,138Â 204Â 815,8.0,2.0,-1.0,1727971,2.0,7,,0.0,2.0,7.0,A01,138Â 204Â 814,1.0
1012290,201900053821,10,26,06:00,5,2,3,1.0,3.0,75103,BOULEVARD DU TEMPLE,M,"48,8637224","2,3663688",75,2019,50.0,6.0,1.0,4.0,2263776,1.0,1,4,1,0.0,,0.0,0,1979.0,B01,138Â 204Â 815,8.0,2.0,-1.0,1727972,2.0,50,,0.0,2.0,0.0,B01,138Â 204Â 815,3.0
1012291,201900053822,10,26,03:30,5,2,4,1.0,6.0,75102,BOULEVARD DES ITALIENS,M,"48,8716733","2,3383124",75,2019,50.0,1.0,1.0,4.0,2263777,1.0,1,4,1,5.0,,0.0,0,1990.0,A01,138Â 204Â 813,2.0,6.0,-1.0,1727973,2.0,7,,0.0,2.0,0.0,Z01,138Â 204Â 812,0.0
1012291,201900053822,10,26,03:30,5,2,4,1.0,6.0,75102,BOULEVARD DES ITALIENS,M,"48,8716733","2,3383124",75,2019,50.0,1.0,1.0,4.0,2263777,1.0,1,4,1,5.0,,0.0,0,1990.0,A01,138Â 204Â 813,2.0,6.0,-1.0,1727974,2.0,33,,0.0,2.0,7.0,A01,138Â 204Â 813,1.0
1012292,201900053823,10,26,16:05,1,2,2,1.0,1.0,94069,GRAVELLE (AV DE),M,"48,8200000","2,4200000",94,2019,30.0,1.0,1.0,3.0,2263778,1.0,1,1,1,0.0,,-1.0, -1,1991.0,B01,138Â 204Â 810,2.0,0.0,-1.0,1727975,2.0,2,,0.0,2.0,1.0,B01,138Â 204Â 810,1.0
1012292,201900053823,10,26,16:05,1,2,2,1.0,1.0,94069,GRAVELLE (AV DE),M,"48,8200000","2,4200000",94,2019,30.0,1.0,1.0,3.0,2263778,1.0,1,1,1,0.0,,-1.0, -1,1991.0,B01,138Â 204Â 810,2.0,0.0,-1.0,1727976,1.0,7,,0.0,2.0,1.0,A01,138Â 204Â 811,1.0
1012292,201900053823,10,26,16:05,1,2,2,1.0,1.0,94069,GRAVELLE (AV DE),M,"48,8200000","2,4200000",94,2019,30.0,1.0,1.0,3.0,2263779,2.0,2,4,1,0.0,,-1.0, -1,1992.0,B01,138Â 204Â 810,2.0,8.0,-1.0,1727975,2.0,2,,0.0,2.0,1.0,B01,138Â 204Â 810,1.0
1012292,201900053823,10,26,16:05,1,2,2,1.0,1.0,94069,GRAVELLE (AV DE),M,"48,8200000","2,4200000",94,2019,30.0,1.0,1.0,3.0,2263779,2.0,2,4,1,0.0,,-1.0, -1,1992.0,B01,138Â 204Â 810,2.0,8.0,-1.0,1727976,1.0,7,,0.0,2.0,1.0,A01,138Â 204Â 811,1.0
1012292,201900053823,10,26,16:05,1,2,2,1.0,1.0,94069,GRAVELLE (AV DE),M,"48,8200000","2,4200000",94,2019,30.0,1.0,1.0,3.0,2263780,1.0,1,1,1,0.0,,-1.0, -1,1969.0,A01,138Â 204Â 811,1.0,0.0,-1.0,1727975,2.0,2,,0.0,2.0,1.0,B01,138Â 204Â 810,1.0
1012292,201900053823,10,26,16:05,1,2,2,1.0,1.0,94069,GRAVELLE (AV DE),M,"48,8200000","2,4200000",94,2019,30.0,1.0,1.0,3.0,2263780,1.0,1,1,1,0.0,,-1.0, -1,1969.0,A01,138Â 204Â 811,1.0,0.0,-1.0,1727976,1.0,7,,0.0,2.0,1.0,A01,138Â 204Â 811,1.0
1012293,201900053824,10,26,15:48,1,2,1,1.0,4.0,93078,CLEMENCEAU (AVENUE GEORGES),M,"48,9615300","2,5549400",93,2019,50.0,1.0,1.0,3.0,2263781,1.0,1,1,2,5.0,,-1.0, -1,1998.0,C01,138Â 204Â 807,1.0,8.0,-1.0,1727977,3.0,7,,0.0,2.0,1.0,C01,138Â 204Â 807,1.0
1012293,201900053824,10,26,15:48,1,2,1,1.0,4.0,93078,CLEMENCEAU (AVENUE GEORGES),M,"48,9615300","2,5549400",93,2019,50.0,1.0,1.0,3.0,2263781,1.0,1,1,2,5.0,,-1.0, -1,1998.0,C01,138Â 204Â 807,1.0,8.0,-1.0,1727978,3.0,10,,0.0,2.0,4.0,B01,138Â 204Â 808,1.0
1012293,201900053824,10,26,15:48,1,2,1,1.0,4.0,93078,CLEMENCEAU (AVENUE GEORGES),M,"48,9615300","2,5549400",93,2019,50.0,1.0,1.0,3.0,2263781,1.0,1,1,2,5.0,,-1.0, -1,1998.0,C01,138Â 204Â 807,1.0,8.0,-1.0,1727979,3.0,7,,0.0,2.0,4.0,A01,138Â 204Â 809,2.0
1012293,201900053824,10,26,15:48,1,2,1,1.0,4.0,93078,CLEMENCEAU (AVENUE GEORGES),M,"48,9615300","2,5549400",93,2019,50.0,1.0,1.0,3.0,2263782,1.0,1,1,1,4.0,,-1.0, -1,1977.0,B01,138Â 204Â 808,1.0,8.0,-1.0,1727977,3.0,7,,0.0,2.0,1.0,C01,138Â 204Â 807,1.0
1012293,201900053824,10,26,15:48,1,2,1,1.0,4.0,93078,CLEMENCEAU (AVENUE GEORGES),M,"48,9615300","2,5549400",93,2019,50.0,1.0,1.0,3.0,2263782,1.0,1,1,1,4.0,,-1.0, -1,1977.0,B01,138Â 204Â 808,1.0,8.0,-1.0,1727978,3.0,10,,0.0,2.0,4.0,B01,138Â 204Â 808,1.0
1012293,201900053824,10,26,15:48,1,2,1,1.0,4.0,93078,CLEMENCEAU (AVENUE GEORGES),M,"48,9615300","2,5549400",93,2019,50.0,1.0,1.0,3.0,2263782,1.0,1,1,1,4.0,,-1.0, -1,1977.0,B01,138Â 204Â 808,1.0,8.0,-1.0,1727979,3.0,7,,0.0,2.0,4.0,A01,138Â 204Â 809,2.0
1012293,201900053824,10,26,15:48,1,2,1,1.0,4.0,93078,CLEMENCEAU (AVENUE GEORGES),M,"48,9615300","2,5549400",93,2019,50.0,1.0,1.0,3.0,2263783,2.0,2,4,2,5.0,,-1.0, -1,1961.0,A01,138Â 204Â 809,1.0,8.0,-1.0,1727977,3.0,7,,0.0,2.0,1.0,C01,138Â 204Â 807,1.0
1012293,201900053824,10,26,15:48,1,2,1,1.0,4.0,93078,CLEMENCEAU (AVENUE GEORGES),M,"48,9615300","2,5549400",93,2019,50.0,1.0,1.0,3.0,2263783,2.0,2,4,2,5.0,,-1.0, -1,1961.0,A01,138Â 204Â 809,1.0,8.0,-1.0,1727978,3.0,10,,0.0,2.0,4.0,B01,138Â 204Â 808,1.0
1012293,201900053824,10,26,15:48,1,2,1,1.0,4.0,93078,CLEMENCEAU (AVENUE GEORGES),M,"48,9615300","2,5549400",93,2019,50.0,1.0,1.0,3.0,2263783,2.0,2,4,2,5.0,,-1.0, -1,1961.0,A01,138Â 204Â 809,1.0,8.0,-1.0,1727979,3.0,7,,0.0,2.0,4.0,A01,138Â 204Â 809,2.0
1012293,201900053824,10,26,15:48,1,2,1,1.0,4.0,93078,CLEMENCEAU (AVENUE GEORGES),M,"48,9615300","2,5549400",93,2019,50.0,1.0,1.0,3.0,2263784,1.0,1,1,1,5.0,,-1.0, -1,1962.0,A01,138Â 204Â 809,1.0,8.0,-1.0,1727977,3.0,7,,0.0,2.0,1.0,C01,138Â 204Â 807,1.0
1012293,201900053824,10,26,15:48,1,2,1,1.0,4.0,93078,CLEMENCEAU (AVENUE GEORGES),M,"48,9615300","2,5549400",93,2019,50.0,1.0,1.0,3.0,2263784,1.0,1,1,1,5.0,,-1.0, -1,1962.0,A01,138Â 204Â 809,1.0,8.0,-1.0,1727978,3.0,10,,0.0,2.0,4.0,B01,138Â 204Â 808,1.0
1012293,201900053824,10,26,15:48,1,2,1,1.0,4.0,93078,CLEMENCEAU (AVENUE GEORGES),M,"48,9615300","2,5549400",93,2019,50.0,1.0,1.0,3.0,2263784,1.0,1,1,1,5.0,,-1.0, -1,1962.0,A01,138Â 204Â 809,1.0,8.0,-1.0,1727979,3.0,7,,0.0,2.0,4.0,A01,138Â 204Â 809,2.0
1012294,201900053825,10,26,01:15,5,2,9,1.0,6.0,93073,CHAPIT RE ( RUE DU),M,"49,0110300","2,5586700",93,2019,30.0,1.0,1.0,9.0,2263785,10.0,3,4,1,9.0,,1.0,3,2000.0,A01,138Â 204Â 806,8.0,0.0,-1.0,1727980,2.0,10,,0.0,1.0,3.0,A01,138Â 204Â 806,1.0
1012294,201900053825,10,26,01:15,5,2,9,1.0,6.0,93073,CHAPIT RE ( RUE DU),M,"49,0110300","2,5586700",93,2019,30.0,1.0,1.0,9.0,2263786,1.0,1,1,1,4.0,,-1.0, -1,1969.0,A01,138Â 204Â 806,1.0,8.0,-1.0,1727980,2.0,10,,0.0,1.0,3.0,A01,138Â 204Â 806,1.0
1012295,201900053826,10,26,14:55,1,2,2,1.0,3.0,93050,ONZE NOVEMBRE (RUE),M,"48,8590300","2,5264100",93,2019,50.0,2.0,1.0,4.0,2263787,1.0,1,4,1,4.0,,-1.0, -1,2001.0,A01,138Â 204Â 803,2.0,8.0,-1.0,1727981,0.0,30,,0.0,2.0,1.0,A01,138Â 204Â 803,0.0
1012295,201900053826,10,26,14:55,1,2,2,1.0,3.0,93050,ONZE NOVEMBRE (RUE),M,"48,8590300","2,5264100",93,2019,50.0,2.0,1.0,4.0,2263787,1.0,1,4,1,4.0,,-1.0, -1,2001.0,A01,138Â 204Â 803,2.0,8.0,-1.0,1727982,0.0,7,,0.0,2.0,3.0,B01,138Â 204Â 804,0.0
1012295,201900053826,10,26,14:55,1,2,2,1.0,3.0,93050,ONZE NOVEMBRE (RUE),M,"48,8590300","2,5264100",93,2019,50.0,2.0,1.0,4.0,2263788,1.0,1,1,1,5.0,,-1.0, -1,1938.0,B01,138Â 204Â 804,1.0,8.0,-1.0,1727981,0.0,30,,0.0,2.0,1.0,A01,138Â 204Â 803,0.0
1012295,201900053826,10,26,14:55,1,2,2,1.0,3.0,93050,ONZE NOVEMBRE (RUE),M,"48,8590300","2,5264100",93,2019,50.0,2.0,1.0,4.0,2263788,1.0,1,1,1,5.0,,-1.0, -1,1938.0,B01,138Â 204Â 804,1.0,8.0,-1.0,1727982,0.0,7,,0.0,2.0,3.0,B01,138Â 204Â 804,0.0
1012296,201900053827,10,26,12:30,1,2,6,1.0,3.0,93048,ROSNY (RUE DE),M,"48,8700000","2,4600000",93,2019,50.0,1.0,1.0,3.0,2263789,1.0,1,1,2,0.0,,0.0,0,1988.0,A01,138Â 204Â 801,8.0,0.0,-1.0,1727983,1.0,7,,0.0,0.0,2.0,A01,138Â 204Â 801,0.0
1012296,201900053827,10,26,12:30,1,2,6,1.0,3.0,93048,ROSNY (RUE DE),M,"48,8700000","2,4600000",93,2019,50.0,1.0,1.0,3.0,2263789,1.0,1,1,2,0.0,,0.0,0,1988.0,A01,138Â 204Â 801,8.0,0.0,-1.0,1727984,1.0,7,,0.0,0.0,0.0,B01,138Â 204Â 802,0.0
1012296,201900053827,10,26,12:30,1,2,6,1.0,3.0,93048,ROSNY (RUE DE),M,"48,8700000","2,4600000",93,2019,50.0,1.0,1.0,3.0,2263790,2.0,2,4,1,0.0,,-1.0, -1,1989.0,B01,138Â 204Â 802,1.0,0.0,-1.0,1727983,1.0,7,,0.0,0.0,2.0,A01,138Â 204Â 801,0.0