Unnamed: 0_x,num_acc,mois,jour,hrmn,lum,agg,int,atm,col,com,adr,gps,lat,long,dep,annee,vma,situ,surf,catr,Unnamed: 0_y,place,catu,grav,sexe,trajet,secu,locp,actp,an_nais,num_veh_x,id_vehicule_x,secu1,secu2,secu3,Unnamed: 0,senc,catv,occutc,obs,obsm,choc,num_veh_y,id_vehicule_y,motor
1012296,201900053827,10,26,12:30,1,2,6,1.0,3.0,93048,ROSNY (RUE DE),M,"48,8700000","2,4600000",93,2019,50.0,1.0,1.0,3.0,2263790,2.0,2,4,1,0.0,,-1.0, -1,1989.0,B01,138Â 204Â 802,1.0,0.0,-1.0,1727984,1.0,7,,0.0,0.0,0.0,B01,138Â 204Â 802,0.0
1012296,201900053827,10,26,12:30,1,2,6,1.0,3.0,93048,ROSNY (RUE DE),M,"48,8700000","2,4600000",93,2019,50.0,1.0,1.0,3.0,2263791,1.0,1,1,1,0.0,,0.0,0,1984.0,B01,138Â 204Â 802,1.0,0.0,-1.0,1727983,1.0,7,,0.0,0.0,2.0,A01,138Â 204Â 801,0.0
1012296,201900053827,10,26,12:30,1,2,6,1.0,3.0,93048,ROSNY (RUE DE),M,"48,8700000","2,4600000",93,2019,50.0,1.0,1.0,3.0,2263791,1.0,1,1,1,0.0,,0.0,0,1984.0,B01,138Â 204Â 802,1.0,0.0,-1.0,1727984,1.0,7,,0.0,0.0,0.0,B01,138Â 204Â 802,0.0
1012297,201900053828,7,12,09:00,1,2,3,1.0,3.0,13204,FRANCOISE DUPARC (BOULEVARD),M,"43,3009567","5,4006093",13,2019,50.0,1.0,1.0,4.0,2263792,1.0,1,4,1,4.0,,-1.0,0,1998.0,B01,138Â 204Â 799,2.0,0.0,-1.0,1727985,2.0,32,,0.0,2.0,1.0,B01,138Â 204Â 799,1.0
1012297,201900053828,7,12,09:00,1,2,3,1.0,3.0,13204,FRANCOISE DUPARC (BOULEVARD),M,"43,3009567","5,4006093",13,2019,50.0,1.0,1.0,4.0,2263792,1.0,1,4,1,4.0,,-1.0,0,1998.0,B01,138Â 204Â 799,2.0,0.0,-1.0,1727986,2.0,7,,0.0,2.0,2.0,A01,138Â 204Â 800,1.0
1012297,201900053828,7,12,09:00,1,2,3,1.0,3.0,13204,FRANCOISE DUPARC (BOULEVARD),M,"43,3009567","5,4006093",13,2019,50.0,1.0,1.0,4.0,2263793,1.0,1,1,1,5.0,,-1.0,0,1962.0,A01,138Â 204Â 800,1.0,0.0,-1.0,1727985,2.0,32,,0.0,2.0,1.0,B01,138Â 204Â 799,1.0
1012297,201900053828,7,12,09:00,1,2,3,1.0,3.0,13204,FRANCOISE DUPARC (BOULEVARD),M,"43,3009567","5,4006093",13,2019,50.0,1.0,1.0,4.0,2263793,1.0,1,1,1,5.0,,-1.0,0,1962.0,A01,138Â 204Â 800,1.0,0.0,-1.0,1727986,2.0,7,,0.0,2.0,2.0,A01,138Â 204Â 800,1.0
1012298,201900053829,7,11,21:50,2,2,1,1.0,6.0,13216,GRAWITZ (Bd),M,"43,3546100","5,3424400",13,2019,50.0,1.0,1.0,4.0,2263794,10.0,3,4,1,5.0,,1.0,3,2016.0,A01,138Â 204Â 798,8.0,0.0,-1.0,1727987,1.0,7,,0.0,1.0,1.0,A01,138Â 204Â 798,0.0
1012299,201900053830,7,11,11:45,1,2,1,1.0,6.0,13214,ROLAND DORGELES (BOULEVARD),M,"43,3474800","5,3781300",13,2019,50.0,1.0,1.0,3.0,2263795,10.0,3,2,1,0.0,,4.0,3,1936.0,A01,138Â 204Â 797,8.0,0.0,-1.0,1727988,1.0,7,,0.0,1.0,1.0,A01,138Â 204Â 797,0.0
1012299,201900053830,7,11,11:45,1,2,1,1.0,6.0,13214,ROLAND DORGELES (BOULEVARD),M,"43,3474800","5,3781300",13,2019,50.0,1.0,1.0,3.0,2263796,1.0,1,1,1,9.0,,0.0,0,1982.0,A01,138Â 204Â 797,1.0,0.0,-1.0,1727988,1.0,7,,0.0,1.0,1.0,A01,138Â 204Â 797,0.0
1012300,201900053831,7,11,10:20,1,2,1,1.0,2.0,13209,MICHELET (BOULEVARD),M,"43,2551000","5,4012200",13,2019,50.0,1.0,1.0,4.0,2263797,1.0,1,1,1,4.0,,-1.0,0,1977.0,B01,138Â 204Â 795,1.0,0.0,-1.0,1727989,2.0,10,,0.0,2.0,4.0,B01,138Â 204Â 795,0.0
1012300,201900053831,7,11,10:20,1,2,1,1.0,2.0,13209,MICHELET (BOULEVARD),M,"43,2551000","5,4012200",13,2019,50.0,1.0,1.0,4.0,2263797,1.0,1,1,1,4.0,,-1.0,0,1977.0,B01,138Â 204Â 795,1.0,0.0,-1.0,1727990,2.0,34,,0.0,2.0,1.0,A01,138Â 204Â 796,0.0
1012300,201900053831,7,11,10:20,1,2,1,1.0,2.0,13209,MICHELET (BOULEVARD),M,"43,2551000","5,4012200",13,2019,50.0,1.0,1.0,4.0,2263798,1.0,1,3,1,4.0,,-1.0, -1,1985.0,A01,138Â 204Â 796,2.0,8.0,-1.0,1727989,2.0,10,,0.0,2.0,4.0,B01,138Â 204Â 795,0.0
1012300,201900053831,7,11,10:20,1,2,1,1.0,2.0,13209,MICHELET (BOULEVARD),M,"43,2551000","5,4012200",13,2019,50.0,1.0,1.0,4.0,2263798,1.0,1,3,1,4.0,,-1.0, -1,1985.0,A01,138Â 204Â 796,2.0,8.0,-1.0,1727990,2.0,34,,0.0,2.0,1.0,A01,138Â 204Â 796,0.0
1012301,201900053832,7,11,07:50,1,2,2,1.0,3.0,13209,SAINTE MARGUERITE (BOULEVARD),M,"43,2691770","5,4028527",13,2019,50.0,1.0,1.0,4.0,2263799,1.0,1,1,1,9.0,,-1.0, -1,1999.0,B01,138Â 204Â 793,1.0,0.0,-1.0,1727991,0.0,7,,0.0,2.0,6.0,B01,138Â 204Â 793,1.0
1012301,201900053832,7,11,07:50,1,2,2,1.0,3.0,13209,SAINTE MARGUERITE (BOULEVARD),M,"43,2691770","5,4028527",13,2019,50.0,1.0,1.0,4.0,2263799,1.0,1,1,1,9.0,,-1.0, -1,1999.0,B01,138Â 204Â 793,1.0,0.0,-1.0,1727992,3.0,13,,0.0,2.0,2.0,A01,138Â 204Â 794,1.0
1012301,201900053832,7,11,07:50,1,2,2,1.0,3.0,13209,SAINTE MARGUERITE (BOULEVARD),M,"43,2691770","5,4028527",13,2019,50.0,1.0,1.0,4.0,2263800,1.0,1,1,1,4.0,,-1.0,0,1979.0,A01,138Â 204Â 794,1.0,0.0,-1.0,1727991,0.0,7,,0.0,2.0,6.0,B01,138Â 204Â 793,1.0
1012301,201900053832,7,11,07:50,1,2,2,1.0,3.0,13209,SAINTE MARGUERITE (BOULEVARD),M,"43,2691770","5,4028527",13,2019,50.0,1.0,1.0,4.0,2263800,1.0,1,1,1,4.0,,-1.0,0,1979.0,A01,138Â 204Â 794,1.0,0.0,-1.0,1727992,3.0,13,,0.0,2.0,2.0,A01,138Â 204Â 794,1.0
1012301,201900053832,7,11,07:50,1,2,2,1.0,3.0,13209,SAINTE MARGUERITE (BOULEVARD),M,"43,2691770","5,4028527",13,2019,50.0,1.0,1.0,4.0,2263801,5.0,2,4,2,4.0,,-1.0, -1,1986.0,A01,138Â 204Â 794,1.0,0.0,-1.0,1727991,0.0,7,,0.0,2.0,6.0,B01,138Â 204Â 793,1.0
1012301,201900053832,7,11,07:50,1,2,2,1.0,3.0,13209,SAINTE MARGUERITE (BOULEVARD),M,"43,2691770","5,4028527",13,2019,50.0,1.0,1.0,4.0,2263801,5.0,2,4,2,4.0,,-1.0, -1,1986.0,A01,138Â 204Â 794,1.0,0.0,-1.0,1727992,3.0,13,,0.0,2.0,2.0,A01,138Â 204Â 794,1.0
1012302,201900053833,4,26,07:45,1,2,9,1.0,6.0,13202,ROBERT SCHUMANN (AVENUE),M,"43,2989700","5,3647100",13,2019,50.0,1.0,1.0,4.0,2263802,1.0,1,4,2,1.0,,-1.0, -1,1966.0,B01,138Â 204Â 791,2.0,6.0,-1.0,1727993,1.0,31,,0.0,0.0,9.0,B01,138Â 204Â 791,1.0
1012302,201900053833,4,26,07:45,1,2,9,1.0,6.0,13202,ROBERT SCHUMANN (AVENUE),M,"43,2989700","5,3647100",13,2019,50.0,1.0,1.0,4.0,2263802,1.0,1,4,2,1.0,,-1.0, -1,1966.0,B01,138Â 204Â 791,2.0,6.0,-1.0,1727994,1.0,14,,0.0,0.0,0.0,A01,138Â 204Â 792,1.0
1012302,201900053833,4,26,07:45,1,2,9,1.0,6.0,13202,ROBERT SCHUMANN (AVENUE),M,"43,2989700","5,3647100",13,2019,50.0,1.0,1.0,4.0,2263803,1.0,1,1,1,4.0,,-1.0, -1,1968.0,A01,138Â 204Â 792,1.0,0.0,-1.0,1727993,1.0,31,,0.0,0.0,9.0,B01,138Â 204Â 791,1.0
1012302,201900053833,4,26,07:45,1,2,9,1.0,6.0,13202,ROBERT SCHUMANN (AVENUE),M,"43,2989700","5,3647100",13,2019,50.0,1.0,1.0,4.0,2263803,1.0,1,1,1,4.0,,-1.0, -1,1968.0,A01,138Â 204Â 792,1.0,0.0,-1.0,1727994,1.0,14,,0.0,0.0,0.0,A01,138Â 204Â 792,1.0
1012303,201900053834,7,11,07:00,1,2,1,1.0,1.0,13208,ODESSA (AVENUE),M,"43,2436000","5,3697700",13,2019,50.0,1.0,1.0,4.0,2263804,2.0,2,4,2,5.0,,-1.0,0,1987.0,B01,138Â 204Â 789,1.0,8.0,-1.0,1727995,3.0,7,,0.0,2.0,1.0,B01,138Â 204Â 789,1.0
1012303,201900053834,7,11,07:00,1,2,1,1.0,1.0,13208,ODESSA (AVENUE),M,"43,2436000","5,3697700",13,2019,50.0,1.0,1.0,4.0,2263804,2.0,2,4,2,5.0,,-1.0,0,1987.0,B01,138Â 204Â 789,1.0,8.0,-1.0,1727996,1.0,7,,0.0,2.0,1.0,A01,138Â 204Â 790,1.0
1012303,201900053834,7,11,07:00,1,2,1,1.0,1.0,13208,ODESSA (AVENUE),M,"43,2436000","5,3697700",13,2019,50.0,1.0,1.0,4.0,2263805,1.0,1,4,1,5.0,,-1.0,0,1988.0,B01,138Â 204Â 789,1.0,8.0,-1.0,1727995,3.0,7,,0.0,2.0,1.0,B01,138Â 204Â 789,1.0
1012303,201900053834,7,11,07:00,1,2,1,1.0,1.0,13208,ODESSA (AVENUE),M,"43,2436000","5,3697700",13,2019,50.0,1.0,1.0,4.0,2263805,1.0,1,4,1,5.0,,-1.0,0,1988.0,B01,138Â 204Â 789,1.0,8.0,-1.0,1727996,1.0,7,,0.0,2.0,1.0,A01,138Â 204Â 790,1.0
1012303,201900053834,7,11,07:00,1,2,1,1.0,1.0,13208,ODESSA (AVENUE),M,"43,2436000","5,3697700",13,2019,50.0,1.0,1.0,4.0,2263806,2.0,2,4,1,5.0,,-1.0,0,1993.0,A01,138Â 204Â 790,8.0,0.0,-1.0,1727995,3.0,7,,0.0,2.0,1.0,B01,138Â 204Â 789,1.0
1012303,201900053834,7,11,07:00,1,2,1,1.0,1.0,13208,ODESSA (AVENUE),M,"43,2436000","5,3697700",13,2019,50.0,1.0,1.0,4.0,2263806,2.0,2,4,1,5.0,,-1.0,0,1993.0,A01,138Â 204Â 790,8.0,0.0,-1.0,1727996,1.0,7,,0.0,2.0,1.0,A01,138Â 204Â 790,1.0
1012303,201900053834,7,11,07:00,1,2,1,1.0,1.0,13208,ODESSA (AVENUE),M,"43,2436000","5,3697700",13,2019,50.0,1.0,1.0,4.0,2263807,3.0,2,4,1,5.0,,-1.0,0,1996.0,A01,138Â 204Â 790,1.0,8.0,-1.0,1727995,3.0,7,,0.0,2.0,1.0,B01,138Â 204Â 789,1.0
1012303,201900053834,7,11,07:00,1,2,1,1.0,1.0,13208,ODESSA (AVENUE),M,"43,2436000","5,3697700",13,2019,50.0,1.0,1.0,4.0,2263807,3.0,2,4,1,5.0,,-1.0,0,1996.0,A01,138Â 204Â 790,1.0,8.0,-1.0,1727996,1.0,7,,0.0,2.0,1.0,A01,138Â 204Â 790,1.0
1012303,201900053834,7,11,07:00,1,2,1,1.0,1.0,13208,ODESSA (AVENUE),M,"43,2436000","5,3697700",13,2019,50.0,1.0,1.0,4.0,2263808,1.0,1,4,2,5.0,,-1.0,0,1997.0,A01,138Â 204Â 790,1.0,8.0,-1.0,1727995,3.0,7,,0.0,2.0,1.0,B01,138Â 204Â 789,1.0
1012303,201900053834,7,11,07:00,1,2,1,1.0,1.0,13208,ODESSA (AVENUE),M,"43,2436000","5,3697700",13,2019,50.0,1.0,1.0,4.0,2263808,1.0,1,4,2,5.0,,-1.0,0,1997.0,A01,138Â 204Â 790,1.0,8.0,-1.0,1727996,1.0,7,,0.0,2.0,1.0,A01,138Â 204Â 790,1.0
1012304,201900053835,7,11,01:25,5,2,1,1.0,6.0,13075,PAUL SIRVENT (AVE),M,"43,3441890","5,4651280",13,2019,50.0,1.0,1.0,4.0,2263809,1.0,1,3,2,0.0,,-1.0,0,1999.0,A01,138Â 204Â 788,1.0,8.0,-1.0,1727997,1.0,7,,2.0,0.0,1.0,A01,138Â 204Â 788,1.0
1012305,201900053836,7,12,05:20,3,1,1,1.0,6.0,13047,RD 569,M,"43,5709565","4,9895229",13,2019,70.0,1.0,1.0,3.0,2263810,1.0,1,4,1,5.0,,-1.0, -1,1994.0,A01,138Â 204Â 785,1.0,5.0,-1.0,1727998,1.0,7,,16.0,0.0,1.0,A01,138Â 204Â 785,1.0
1012306,201900053837,7,12,19:15,1,2,1,1.0,6.0,13004,BD DES LICES,M,"43,6752600","4,6299400",13,2019,50.0,1.0,1.0,4.0,2263811,10.0,3,3,1,9.0,,2.0,3,1957.0,A01,138Â 204Â 784,8.0,0.0,-1.0,1727999,2.0,7,,0.0,1.0,1.0,A01,138Â 204Â 784,1.0
1012306,201900053837,7,12,19:15,1,2,1,1.0,6.0,13004,BD DES LICES,M,"43,6752600","4,6299400",13,2019,50.0,1.0,1.0,4.0,2263812,1.0,1,1,1,1.0,,-1.0, -1,1995.0,A01,138Â 204Â 784,1.0,0.0,-1.0,1727999,2.0,7,,0.0,1.0,1.0,A01,138Â 204Â 784,1.0
1012307,201900053838,7,12,15:03,1,2,1,1.0,7.0,12089,MAI (AVENUE DU 8),M,"44,5755100","2,2485900",12,2019,50.0,1.0,1.0,4.0,2263813,1.0,1,3,1,5.0,,-1.0, -1,1960.0,A01,138Â 204Â 781,2.0,6.0,-1.0,1728000,3.0,33,,0.0,0.0,0.0,A01,138Â 204Â 781,1.0
1012308,201900053839,7,6,19:05,1,1,1,7.0,6.0,12083,MATERNITE (DE LA),M,"44,5217900","2,2674300",12,2019,80.0,3.0,1.0,3.0,2263814,10.0,3,4,2,0.0,,6.0,9,1965.0,A01,138Â 204Â 780,0.0,0.0,-1.0,1728001,1.0,3,,0.0,1.0,2.0,A01,138Â 204Â 780,1.0
1012308,201900053839,7,6,19:05,1,1,1,7.0,6.0,12083,MATERNITE (DE LA),M,"44,5217900","2,2674300",12,2019,80.0,3.0,1.0,3.0,2263815,1.0,1,1,2,9.0,,0.0,0,2004.0,A01,138Â 204Â 780,1.0,0.0,-1.0,1728001,1.0,3,,0.0,1.0,2.0,A01,138Â 204Â 780,1.0
1012309,201900053840,7,11,20:07,1,2,1,1.0,6.0,11262,MISTRAL (BOULEVARD FREDERIC),M,"43,1700600","2,9816400",11,2019,50.0,1.0,1.0,4.0,2263816,1.0,1,3,1,1.0,,0.0,0,1967.0,B01,138Â 204Â 778,2.0,8.0,-1.0,1728002,1.0,33,,0.0,2.0,0.0,B01,138Â 204Â 778,1.0
1012309,201900053840,7,11,20:07,1,2,1,1.0,6.0,11262,MISTRAL (BOULEVARD FREDERIC),M,"43,1700600","2,9816400",11,2019,50.0,1.0,1.0,4.0,2263816,1.0,1,3,1,1.0,,0.0,0,1967.0,B01,138Â 204Â 778,2.0,8.0,-1.0,1728003,1.0,7,,0.0,2.0,0.0,A01,138Â 204Â 779,1.0
1012309,201900053840,7,11,20:07,1,2,1,1.0,6.0,11262,MISTRAL (BOULEVARD FREDERIC),M,"43,1700600","2,9816400",11,2019,50.0,1.0,1.0,4.0,2263817,1.0,1,1,1,9.0,,0.0,0,1994.0,A01,138Â 204Â 779,1.0,8.0,-1.0,1728002,1.0,33,,0.0,2.0,0.0,B01,138Â 204Â 778,1.0
1012309,201900053840,7,11,20:07,1,2,1,1.0,6.0,11262,MISTRAL (BOULEVARD FREDERIC),M,"43,1700600","2,9816400",11,2019,50.0,1.0,1.0,4.0,2263817,1.0,1,1,1,9.0,,0.0,0,1994.0,A01,138Â 204Â 779,1.0,8.0,-1.0,1728003,1.0,7,,0.0,2.0,0.0,A01,138Â 204Â 779,1.0
1012310,201900053841,7,10,18:35,1,2,1,1.0,6.0,11262,BORDEAUX (AVENUE DE),M,"43,1816570","2,9799730",11,2019,50.0,1.0,1.0,4.0,2263818,1.0,1,1,1,5.0,,0.0,0,1945.0,A01,138Â 204Â 776,1.0,8.0,-1.0,1728004,1.0,7,,0.0,2.0,1.0,A01,138Â 204Â 776,1.0
1012310,201900053841,7,10,18:35,1,2,1,1.0,6.0,11262,BORDEAUX (AVENUE DE),M,"43,1816570","2,9799730",11,2019,50.0,1.0,1.0,4.0,2263818,1.0,1,1,1,5.0,,0.0,0,1945.0,A01,138Â 204Â 776,1.0,8.0,-1.0,1728005,1.0,7,,0.0,2.0,4.0,B01,138Â 204Â 777,1.0
1012310,201900053841,7,10,18:35,1,2,1,1.0,6.0,11262,BORDEAUX (AVENUE DE),M,"43,1816570","2,9799730",11,2019,50.0,1.0,1.0,4.0,2263819,4.0,2,4,1,9.0,,0.0,0,2010.0,B01,138Â 204Â 777,8.0,0.0,-1.0,1728004,1.0,7,,0.0,2.0,1.0,A01,138Â 204Â 776,1.0
1012310,201900053841,7,10,18:35,1,2,1,1.0,6.0,11262,BORDEAUX (AVENUE DE),M,"43,1816570","2,9799730",11,2019,50.0,1.0,1.0,4.0,2263819,4.0,2,4,1,9.0,,0.0,0,2010.0,B01,138Â 204Â 777,8.0,0.0,-1.0,1728005,1.0,7,,0.0,2.0,4.0,B01,138Â 204Â 777,1.0
1012310,201900053841,7,10,18:35,1,2,1,1.0,6.0,11262,BORDEAUX (AVENUE DE),M,"43,1816570","2,9799730",11,2019,50.0,1.0,1.0,4.0,2263820,1.0,1,1,2,9.0,,0.0,0,2000.0,B01,138Â 204Â 777,1.0,8.0,-1.0,1728004,1.0,7,,0.0,2.0,1.0,A01,138Â 204Â 776,1.0
1012310,201900053841,7,10,18:35,1,2,1,1.0,6.0,11262,BORDEAUX (AVENUE DE),M,"43,1816570","2,9799730",11,2019,50.0,1.0,1.0,4.0,2263820,1.0,1,1,2,9.0,,0.0,0,2000.0,B01,138Â 204Â 777,1.0,8.0,-1.0,1728005,1.0,7,,0.0,2.0,4.0,B01,138Â 204Â 777,1.0
1012311,201900053842,7,10,12:00,1,2,1,1.0,6.0,11262,MISTRAL (BOULEVARD FREDERIC),M,"43,1851870","3,0006810",11,2019,50.0,1.0,1.0,4.0,2263821,1.0,1,1,2,9.0,,-1.0, -1,1987.0,A01,138Â 204Â 774,1.0,8.0,-1.0,1728006,1.0,7,,0.0,2.0,0.0,A01,138Â 204Â 774,1.0
1012311,201900053842,7,10,12:00,1,2,1,1.0,6.0,11262,MISTRAL (BOULEVARD FREDERIC),M,"43,1851870","3,0006810",11,2019,50.0,1.0,1.0,4.0,2263821,1.0,1,1,2,9.0,,-1.0, -1,1987.0,A01,138Â 204Â 774,1.0,8.0,-1.0,1728007,1.0,30,,0.0,2.0,0.0,B01,138Â 204Â 775,1.0
1012311,201900053842,7,10,12:00,1,2,1,1.0,6.0,11262,MISTRAL (BOULEVARD FREDERIC),M,"43,1851870","3,0006810",11,2019,50.0,1.0,1.0,4.0,2263822,1.0,1,4,2,9.0,,0.0,0,1991.0,B01,138Â 204Â 775,2.0,8.0,-1.0,1728006,1.0,7,,0.0,2.0,0.0,A01,138Â 204Â 774,1.0
1012311,201900053842,7,10,12:00,1,2,1,1.0,6.0,11262,MISTRAL (BOULEVARD FREDERIC),M,"43,1851870","3,0006810",11,2019,50.0,1.0,1.0,4.0,2263822,1.0,1,4,2,9.0,,0.0,0,1991.0,B01,138Â 204Â 775,2.0,8.0,-1.0,1728007,1.0,30,,0.0,2.0,0.0,B01,138Â 204Â 775,1.0
1012312,201900053843,7,12,16:53,1,1,1,1.0,4.0,10357,ROCADE SUD,M,"48,2911800","4,1516100",10,2019,80.0,1.0,1.0,3.0,2263823,1.0,1,1,2,0.0,,-1.0, -1,1975.0,C01,138Â 204Â 771,1.0,0.0,-1.0,1728008,3.0,7,,0.0,2.0,4.0,C01,138Â 204Â 771,1.0
1012312,201900053843,7,12,16:53,1,1,1,1.0,4.0,10357,ROCADE SUD,M,"48,2911800","4,1516100",10,2019,80.0,1.0,1.0,3.0,2263823,1.0,1,1,2,0.0,,-1.0, -1,1975.0,C01,138Â 204Â 771,1.0,0.0,-1.0,1728009,3.0,7,,0.0,2.0,4.0,B01,138Â 204Â 772,1.0
1012312,201900053843,7,12,16:53,1,1,1,1.0,4.0,10357,ROCADE SUD,M,"48,2911800","4,1516100",10,2019,80.0,1.0,1.0,3.0,2263823,1.0,1,1,2,0.0,,-1.0, -1,1975.0,C01,138Â 204Â 771,1.0,0.0,-1.0,1728010,3.0,7,,0.0,2.0,1.0,A01,138Â 204Â 773,1.0
1012312,201900053843,7,12,16:53,1,1,1,1.0,4.0,10357,ROCADE SUD,M,"48,2911800","4,1516100",10,2019,80.0,1.0,1.0,3.0,2263824,3.0,2,4,1,0.0,,-1.0, -1,2007.0,B01,138Â 204Â 772,1.0,0.0,-1.0,1728008,3.0,7,,0.0,2.0,4.0,C01,138Â 204Â 771,1.0
1012312,201900053843,7,12,16:53,1,1,1,1.0,4.0,10357,ROCADE SUD,M,"48,2911800","4,1516100",10,2019,80.0,1.0,1.0,3.0,2263824,3.0,2,4,1,0.0,,-1.0, -1,2007.0,B01,138Â 204Â 772,1.0,0.0,-1.0,1728009,3.0,7,,0.0,2.0,4.0,B01,138Â 204Â 772,1.0
1012312,201900053843,7,12,16:53,1,1,1,1.0,4.0,10357,ROCADE SUD,M,"48,2911800","4,1516100",10,2019,80.0,1.0,1.0,3.0,2263824,3.0,2,4,1,0.0,,-1.0, -1,2007.0,B01,138Â 204Â 772,1.0,0.0,-1.0,1728010,3.0,7,,0.0,2.0,1.0,A01,138Â 204Â 773,1.0
1012312,201900053843,7,12,16:53,1,1,1,1.0,4.0,10357,ROCADE SUD,M,"48,2911800","4,1516100",10,2019,80.0,1.0,1.0,3.0,2263825,2.0,2,4,2,0.0,,-1.0, -1,1942.0,B01,138Â 204Â 772,1.0,0.0,-1.0,1728008,3.0,7,,0.0,2.0,4.0,C01,138Â 204Â 771,1.0
1012312,201900053843,7,12,16:53,1,1,1,1.0,4.0,10357,ROCADE SUD,M,"48,2911800","4,1516100",10,2019,80.0,1.0,1.0,3.0,2263825,2.0,2,4,2,0.0,,-1.0, -1,1942.0,B01,138Â 204Â 772,1.0,0.0,-1.0,1728009,3.0,7,,0.0,2.0,4.0,B01,138Â 204Â 772,1.0
1012312,201900053843,7,12,16:53,1,1,1,1.0,4.0,10357,ROCADE SUD,M,"48,2911800","4,1516100",10,2019,80.0,1.0,1.0,3.0,2263825,2.0,2,4,2,0.0,,-1.0, -1,1942.0,B01,138Â 204Â 772,1.0,0.0,-1.0,1728010,3.0,7,,0.0,2.0,1.0,A01,138Â 204Â 773,1.0
1012312,201900053843,7,12,16:53,1,1,1,1.0,4.0,10357,ROCADE SUD,M,"48,2911800","4,1516100",10,2019,80.0,1.0,1.0,3.0,2263826,1.0,1,4,1,0.0,,-1.0, -1,1943.0,B01,138Â 204Â 772,1.0,0.0,-1.0,1728008,3.0,7,,0.0,2.0,4.0,C01,138Â 204Â 771,1.0
1012312,201900053843,7,12,16:53,1,1,1,1.0,4.0,10357,ROCADE SUD,M,"48,2911800","4,1516100",10,2019,80.0,1.0,1.0,3.0,2263826,1.0,1,4,1,0.0,,-1.0, -1,1943.0,B01,138Â 204Â 772,1.0,0.0,-1.0,1728009,3.0,7,,0.0,2.0,4.0,B01,138Â 204Â 772,1.0
1012312,201900053843,7,12,16:53,1,1,1,1.0,4.0,10357,ROCADE SUD,M,"48,2911800","4,1516100",10,2019,80.0,1.0,1.0,3.0,2263826,1.0,1,4,1,0.0,,-1.0, -1,1943.0,B01,138Â 204Â 772,1.0,0.0,-1.0,1728010,3.0,7,,0.0,2.0,1.0,A01,138Â 204Â 773,1.0
1012312,201900053843,7,12,16:53,1,1,1,1.0,4.0,10357,ROCADE SUD,M,"48,2911800","4,1516100",10,2019,80.0,1.0,1.0,3.0,2263827,1.0,1,3,2,0.0,,-1.0, -1,1929.0,A01,138Â 204Â 773,1.0,0.0,-1.0,1728008,3.0,7,,0.0,2.0,4.0,C01,138Â 204Â 771,1.0
1012312,201900053843,7,12,16:53,1,1,1,1.0,4.0,10357,ROCADE SUD,M,"48,2911800","4,1516100",10,2019,80.0,1.0,1.0,3.0,2263827,1.0,1,3,2,0.0,,-1.0, -1,1929.0,A01,138Â 204Â 773,1.0,0.0,-1.0,1728009,3.0,7,,0.0,2.0,4.0,B01,138Â 204Â 772,1.0
1012312,201900053843,7,12,16:53,1,1,1,1.0,4.0,10357,ROCADE SUD,M,"48,2911800","4,1516100",10,2019,80.0,1.0,1.0,3.0,2263827,1.0,1,3,2,0.0,,-1.0, -1,1929.0,A01,138Â 204Â 773,1.0,0.0,-1.0,1728010,3.0,7,,0.0,2.0,1.0,A01,138Â 204Â 773,1.0
1012313,201900053844,7,9,17:10,1,2,6,1.0,6.0,10343,CANAL (RUE DU),M,"48,2719000","4,0906000",10,2019,50.0,1.0,1.0,9.0,2263828,2.0,2,4,2,9.0,,-1.0,0,1977.0,B01,138Â 204Â 769,2.0,8.0,-1.0,1728011,3.0,1,,0.0,2.0,1.0,B01,138Â 204Â 769,5.0
1012313,201900053844,7,9,17:10,1,2,6,1.0,6.0,10343,CANAL (RUE DU),M,"48,2719000","4,0906000",10,2019,50.0,1.0,1.0,9.0,2263828,2.0,2,4,2,9.0,,-1.0,0,1977.0,B01,138Â 204Â 769,2.0,8.0,-1.0,1728012,3.0,7,,0.0,6.0,1.0,A01,138Â 204Â 770,1.0
1012313,201900053844,7,9,17:10,1,2,6,1.0,6.0,10343,CANAL (RUE DU),M,"48,2719000","4,0906000",10,2019,50.0,1.0,1.0,9.0,2263829,1.0,1,1,1,5.0,,-1.0,0,1977.0,A01,138Â 204Â 770,1.0,0.0,-1.0,1728011,3.0,1,,0.0,2.0,1.0,B01,138Â 204Â 769,5.0
1012313,201900053844,7,9,17:10,1,2,6,1.0,6.0,10343,CANAL (RUE DU),M,"48,2719000","4,0906000",10,2019,50.0,1.0,1.0,9.0,2263829,1.0,1,1,1,5.0,,-1.0,0,1977.0,A01,138Â 204Â 770,1.0,0.0,-1.0,1728012,3.0,7,,0.0,6.0,1.0,A01,138Â 204Â 770,1.0
1012314,201900053845,7,9,12:24,1,2,1,1.0,7.0,10362,CHANTELOUP (CD),M,"48,2955000","4,0438600",10,2019,50.0,1.0,1.0,7.0,2263830,1.0,1,4,1,0.0,,-1.0,0,1963.0,A01,138Â 204Â 768,2.0,0.0,-1.0,1728013,3.0,33,,14.0,0.0,8.0,A01,138Â 204Â 768,1.0
1012315,201900053846,7,12,08:55,1,2,1,1.0,4.0,09122,BOUYCHERES (COURS),M,"42,9664600","1,6094100",9,2019,50.0,1.0,1.0,3.0,2263831,1.0,1,1,1,0.0,,-1.0, -1,1972.0,A01,138Â 204Â 765,1.0,0.0,-1.0,1728014,1.0,7,,0.0,2.0,1.0,A01,138Â 204Â 765,1.0