Unnamed: 0_x,num_acc,mois,jour,hrmn,lum,agg,int,atm,col,com,adr,gps,lat,long,dep,annee,vma,situ,surf,catr,Unnamed: 0_y,place,catu,grav,sexe,trajet,secu,locp,actp,an_nais,num_veh_x,id_vehicule_x,secu1,secu2,secu3,Unnamed: 0,senc,catv,occutc,obs,obsm,choc,num_veh_y,id_vehicule_y,motor
1012315,201900053846,7,12,08:55,1,2,1,1.0,4.0,09122,BOUYCHERES (COURS),M,"42,9664600","1,6094100",9,2019,50.0,1.0,1.0,3.0,2263831,1.0,1,1,1,0.0,,-1.0, -1,1972.0,A01,138Â 204Â 765,1.0,0.0,-1.0,1728015,1.0,7,,0.0,2.0,4.0,B01,138Â 204Â 766,1.0
1012315,201900053846,7,12,08:55,1,2,1,1.0,4.0,09122,BOUYCHERES (COURS),M,"42,9664600","1,6094100",9,2019,50.0,1.0,1.0,3.0,2263831,1.0,1,1,1,0.0,,-1.0, -1,1972.0,A01,138Â 204Â 765,1.0,0.0,-1.0,1728016,1.0,7,,0.0,2.0,4.0,C01,138Â 204Â 767,1.0
1012315,201900053846,7,12,08:55,1,2,1,1.0,4.0,09122,BOUYCHERES (COURS),M,"42,9664600","1,6094100",9,2019,50.0,1.0,1.0,3.0,2263832,1.0,1,4,2,0.0,,-1.0, -1,1997.0,B01,138Â 204Â 766,1.0,0.0,-1.0,1728014,1.0,7,,0.0,2.0,1.0,A01,138Â 204Â 765,1.0
1012315,201900053846,7,12,08:55,1,2,1,1.0,4.0,09122,BOUYCHERES (COURS),M,"42,9664600","1,6094100",9,2019,50.0,1.0,1.0,3.0,2263832,1.0,1,4,2,0.0,,-1.0, -1,1997.0,B01,138Â 204Â 766,1.0,0.0,-1.0,1728015,1.0,7,,0.0,2.0,4.0,B01,138Â 204Â 766,1.0
1012315,201900053846,7,12,08:55,1,2,1,1.0,4.0,09122,BOUYCHERES (COURS),M,"42,9664600","1,6094100",9,2019,50.0,1.0,1.0,3.0,2263832,1.0,1,4,2,0.0,,-1.0, -1,1997.0,B01,138Â 204Â 766,1.0,0.0,-1.0,1728016,1.0,7,,0.0,2.0,4.0,C01,138Â 204Â 767,1.0
1012315,201900053846,7,12,08:55,1,2,1,1.0,4.0,09122,BOUYCHERES (COURS),M,"42,9664600","1,6094100",9,2019,50.0,1.0,1.0,3.0,2263833,1.0,1,4,2,0.0,,-1.0, -1,1982.0,C01,138Â 204Â 767,1.0,0.0,-1.0,1728014,1.0,7,,0.0,2.0,1.0,A01,138Â 204Â 765,1.0
1012315,201900053846,7,12,08:55,1,2,1,1.0,4.0,09122,BOUYCHERES (COURS),M,"42,9664600","1,6094100",9,2019,50.0,1.0,1.0,3.0,2263833,1.0,1,4,2,0.0,,-1.0, -1,1982.0,C01,138Â 204Â 767,1.0,0.0,-1.0,1728015,1.0,7,,0.0,2.0,4.0,B01,138Â 204Â 766,1.0
1012315,201900053846,7,12,08:55,1,2,1,1.0,4.0,09122,BOUYCHERES (COURS),M,"42,9664600","1,6094100",9,2019,50.0,1.0,1.0,3.0,2263833,1.0,1,4,2,0.0,,-1.0, -1,1982.0,C01,138Â 204Â 767,1.0,0.0,-1.0,1728016,1.0,7,,0.0,2.0,4.0,C01,138Â 204Â 767,1.0
1012316,201900053847,7,13,16:25,1,2,1,1.0,3.0,07281,ONZE NOVEMBRE (AVENUE DU),M,"44,9461520","4,8466270",7,2019,50.0,1.0,1.0,3.0,2263834,1.0,1,1,2,3.0,,-1.0, -1,1935.0,Z01,138Â 204Â 763,8.0,0.0,-1.0,1728017,3.0,7,,0.0,6.0,7.0,Z01,138Â 204Â 763,1.0
1012316,201900053847,7,13,16:25,1,2,1,1.0,3.0,07281,ONZE NOVEMBRE (AVENUE DU),M,"44,9461520","4,8466270",7,2019,50.0,1.0,1.0,3.0,2263834,1.0,1,1,2,3.0,,-1.0, -1,1935.0,Z01,138Â 204Â 763,8.0,0.0,-1.0,1728018,3.0,1,,0.0,2.0,8.0,B01,138Â 204Â 764,5.0
1012316,201900053847,7,13,16:25,1,2,1,1.0,3.0,07281,ONZE NOVEMBRE (AVENUE DU),M,"44,9461520","4,8466270",7,2019,50.0,1.0,1.0,3.0,2263835,1.0,1,4,1,5.0,,-1.0, -1,1964.0,B01,138Â 204Â 764,2.0,6.0,-1.0,1728017,3.0,7,,0.0,6.0,7.0,Z01,138Â 204Â 763,1.0
1012316,201900053847,7,13,16:25,1,2,1,1.0,3.0,07281,ONZE NOVEMBRE (AVENUE DU),M,"44,9461520","4,8466270",7,2019,50.0,1.0,1.0,3.0,2263835,1.0,1,4,1,5.0,,-1.0, -1,1964.0,B01,138Â 204Â 764,2.0,6.0,-1.0,1728018,3.0,1,,0.0,2.0,8.0,B01,138Â 204Â 764,5.0
1012317,201900053848,7,12,12:55,1,2,1,1.0,1.0,07070,BOUVREUILS (RUE DES),M,"44,9622060","4,8531730",7,2019,50.0,1.0,1.0,4.0,2263836,1.0,1,1,1,1.0,,-1.0, -1,1972.0,A01,138Â 204Â 761,1.0,0.0,-1.0,1728019,1.0,10,,0.0,2.0,1.0,A01,138Â 204Â 761,1.0
1012317,201900053848,7,12,12:55,1,2,1,1.0,1.0,07070,BOUVREUILS (RUE DES),M,"44,9622060","4,8531730",7,2019,50.0,1.0,1.0,4.0,2263836,1.0,1,1,1,1.0,,-1.0, -1,1972.0,A01,138Â 204Â 761,1.0,0.0,-1.0,1728020,2.0,32,,0.0,2.0,1.0,B01,138Â 204Â 762,1.0
1012317,201900053848,7,12,12:55,1,2,1,1.0,1.0,07070,BOUVREUILS (RUE DES),M,"44,9622060","4,8531730",7,2019,50.0,1.0,1.0,4.0,2263837,1.0,1,4,1,1.0,,-1.0, -1,2003.0,B01,138Â 204Â 762,2.0,6.0,-1.0,1728019,1.0,10,,0.0,2.0,1.0,A01,138Â 204Â 761,1.0
1012317,201900053848,7,12,12:55,1,2,1,1.0,1.0,07070,BOUVREUILS (RUE DES),M,"44,9622060","4,8531730",7,2019,50.0,1.0,1.0,4.0,2263837,1.0,1,4,1,1.0,,-1.0, -1,2003.0,B01,138Â 204Â 762,2.0,6.0,-1.0,1728020,2.0,32,,0.0,2.0,1.0,B01,138Â 204Â 762,1.0
1012318,201900053849,7,13,06:55,1,2,2,1.0,3.0,06104,PAIX (AVENUE DE LA),M,"43,7618181","7,4811755",6,2019,50.0,1.0,1.0,4.0,2263838,1.0,1,3,1,5.0,,0.0,0,1997.0,A01,138Â 204Â 759,2.0,0.0,-1.0,1728021,1.0,30,,0.0,2.0,1.0,A01,138Â 204Â 759,1.0
1012318,201900053849,7,13,06:55,1,2,2,1.0,3.0,06104,PAIX (AVENUE DE LA),M,"43,7618181","7,4811755",6,2019,50.0,1.0,1.0,4.0,2263838,1.0,1,3,1,5.0,,0.0,0,1997.0,A01,138Â 204Â 759,2.0,0.0,-1.0,1728022,2.0,10,,0.0,2.0,8.0,B01,138Â 204Â 760,1.0
1012318,201900053849,7,13,06:55,1,2,2,1.0,3.0,06104,PAIX (AVENUE DE LA),M,"43,7618181","7,4811755",6,2019,50.0,1.0,1.0,4.0,2263839,1.0,1,1,1,1.0,,0.0,0,1965.0,B01,138Â 204Â 760,8.0,0.0,-1.0,1728021,1.0,30,,0.0,2.0,1.0,A01,138Â 204Â 759,1.0
1012318,201900053849,7,13,06:55,1,2,2,1.0,3.0,06104,PAIX (AVENUE DE LA),M,"43,7618181","7,4811755",6,2019,50.0,1.0,1.0,4.0,2263839,1.0,1,1,1,1.0,,0.0,0,1965.0,B01,138Â 204Â 760,8.0,0.0,-1.0,1728022,2.0,10,,0.0,2.0,8.0,B01,138Â 204Â 760,1.0
1012319,201900053850,7,12,10:07,1,2,1,1.0,3.0,06069,DRAGONNIERE (CHEMIN DE LA),M,"43,6798271","6,9578855",6,2019,30.0,1.0,1.0,4.0,2263840,2.0,2,4,2,5.0,,0.0,0,1988.0,B01,138Â 204Â 757,1.0,0.0,-1.0,1728023,1.0,7,,0.0,2.0,7.0,B01,138Â 204Â 757,0.0
1012319,201900053850,7,12,10:07,1,2,1,1.0,3.0,06069,DRAGONNIERE (CHEMIN DE LA),M,"43,6798271","6,9578855",6,2019,30.0,1.0,1.0,4.0,2263840,2.0,2,4,2,5.0,,0.0,0,1988.0,B01,138Â 204Â 757,1.0,0.0,-1.0,1728024,1.0,33,,0.0,2.0,1.0,A01,138Â 204Â 758,0.0
1012319,201900053850,7,12,10:07,1,2,1,1.0,3.0,06069,DRAGONNIERE (CHEMIN DE LA),M,"43,6798271","6,9578855",6,2019,30.0,1.0,1.0,4.0,2263841,1.0,1,4,1,5.0,,0.0,0,1983.0,B01,138Â 204Â 757,1.0,0.0,-1.0,1728023,1.0,7,,0.0,2.0,7.0,B01,138Â 204Â 757,0.0
1012319,201900053850,7,12,10:07,1,2,1,1.0,3.0,06069,DRAGONNIERE (CHEMIN DE LA),M,"43,6798271","6,9578855",6,2019,30.0,1.0,1.0,4.0,2263841,1.0,1,4,1,5.0,,0.0,0,1983.0,B01,138Â 204Â 757,1.0,0.0,-1.0,1728024,1.0,33,,0.0,2.0,1.0,A01,138Â 204Â 758,0.0
1012319,201900053850,7,12,10:07,1,2,1,1.0,3.0,06069,DRAGONNIERE (CHEMIN DE LA),M,"43,6798271","6,9578855",6,2019,30.0,1.0,1.0,4.0,2263842,1.0,1,4,1,0.0,,0.0,0,1960.0,A01,138Â 204Â 758,2.0,6.0,-1.0,1728023,1.0,7,,0.0,2.0,7.0,B01,138Â 204Â 757,0.0
1012319,201900053850,7,12,10:07,1,2,1,1.0,3.0,06069,DRAGONNIERE (CHEMIN DE LA),M,"43,6798271","6,9578855",6,2019,30.0,1.0,1.0,4.0,2263842,1.0,1,4,1,0.0,,0.0,0,1960.0,A01,138Â 204Â 758,2.0,6.0,-1.0,1728024,1.0,33,,0.0,2.0,1.0,A01,138Â 204Â 758,0.0
1012320,201900053851,7,12,07:20,1,2,1,1.0,2.0,06069,DE LATTRE DE TASSIGNY (AVENUE DU MARECHA,M,"43,6495030","6,9233080",6,2019,50.0,1.0,1.0,4.0,2263843,1.0,1,1,2,1.0,,0.0,0,2000.0,B01,138Â 204Â 755,1.0,0.0,-1.0,1728025,2.0,7,,0.0,2.0,4.0,B01,138Â 204Â 755,1.0
1012320,201900053851,7,12,07:20,1,2,1,1.0,2.0,06069,DE LATTRE DE TASSIGNY (AVENUE DU MARECHA,M,"43,6495030","6,9233080",6,2019,50.0,1.0,1.0,4.0,2263843,1.0,1,1,2,1.0,,0.0,0,2000.0,B01,138Â 204Â 755,1.0,0.0,-1.0,1728026,2.0,2,,0.0,2.0,1.0,A01,138Â 204Â 756,1.0
1012320,201900053851,7,12,07:20,1,2,1,1.0,2.0,06069,DE LATTRE DE TASSIGNY (AVENUE DU MARECHA,M,"43,6495030","6,9233080",6,2019,50.0,1.0,1.0,4.0,2263844,1.0,1,4,1,0.0,,0.0,0,1997.0,A01,138Â 204Â 756,2.0,6.0,-1.0,1728025,2.0,7,,0.0,2.0,4.0,B01,138Â 204Â 755,1.0
1012320,201900053851,7,12,07:20,1,2,1,1.0,2.0,06069,DE LATTRE DE TASSIGNY (AVENUE DU MARECHA,M,"43,6495030","6,9233080",6,2019,50.0,1.0,1.0,4.0,2263844,1.0,1,4,1,0.0,,0.0,0,1997.0,A01,138Â 204Â 756,2.0,6.0,-1.0,1728026,2.0,2,,0.0,2.0,1.0,A01,138Â 204Â 756,1.0
1012321,201900053852,7,11,20:20,1,2,1,1.0,2.0,06069,FRAGONARD (BOULEVARD ET IMPASSE),M,"43,6571598","6,9228515",6,2019,50.0,1.0,1.0,3.0,2263845,1.0,1,1,2,0.0,,0.0,0,1981.0,B01,138Â 204Â 753,1.0,8.0,-1.0,1728027,3.0,7,,0.0,2.0,4.0,B01,138Â 204Â 753,1.0
1012321,201900053852,7,11,20:20,1,2,1,1.0,2.0,06069,FRAGONARD (BOULEVARD ET IMPASSE),M,"43,6571598","6,9228515",6,2019,50.0,1.0,1.0,3.0,2263845,1.0,1,1,2,0.0,,0.0,0,1981.0,B01,138Â 204Â 753,1.0,8.0,-1.0,1728028,3.0,7,,0.0,2.0,1.0,A01,138Â 204Â 754,1.0
1012321,201900053852,7,11,20:20,1,2,1,1.0,2.0,06069,FRAGONARD (BOULEVARD ET IMPASSE),M,"43,6571598","6,9228515",6,2019,50.0,1.0,1.0,3.0,2263846,2.0,2,4,2,0.0,,0.0,0,1960.0,B01,138Â 204Â 753,1.0,8.0,-1.0,1728027,3.0,7,,0.0,2.0,4.0,B01,138Â 204Â 753,1.0
1012321,201900053852,7,11,20:20,1,2,1,1.0,2.0,06069,FRAGONARD (BOULEVARD ET IMPASSE),M,"43,6571598","6,9228515",6,2019,50.0,1.0,1.0,3.0,2263846,2.0,2,4,2,0.0,,0.0,0,1960.0,B01,138Â 204Â 753,1.0,8.0,-1.0,1728028,3.0,7,,0.0,2.0,1.0,A01,138Â 204Â 754,1.0
1012322,201900053853,7,13,17:30,1,2,1,1.0,2.0,06027,PASQUALINI RUE J.P.,M,"43,6604500","7,1496200",6,2019,50.0,1.0,1.0,4.0,2263847,1.0,1,1,1,5.0,,0.0,0,1976.0,A01,138Â 204Â 751,1.0,0.0,-1.0,1728029,1.0,7,,0.0,2.0,1.0,A01,138Â 204Â 751,1.0
1012322,201900053853,7,13,17:30,1,2,1,1.0,2.0,06027,PASQUALINI RUE J.P.,M,"43,6604500","7,1496200",6,2019,50.0,1.0,1.0,4.0,2263847,1.0,1,1,1,5.0,,0.0,0,1976.0,A01,138Â 204Â 751,1.0,0.0,-1.0,1728030,1.0,2,,0.0,0.0,4.0,B01,138Â 204Â 752,1.0
1012322,201900053853,7,13,17:30,1,2,1,1.0,2.0,06027,PASQUALINI RUE J.P.,M,"43,6604500","7,1496200",6,2019,50.0,1.0,1.0,4.0,2263848,2.0,2,4,2,5.0,,0.0,0,1989.0,B01,138Â 204Â 752,2.0,6.0,-1.0,1728029,1.0,7,,0.0,2.0,1.0,A01,138Â 204Â 751,1.0
1012322,201900053853,7,13,17:30,1,2,1,1.0,2.0,06027,PASQUALINI RUE J.P.,M,"43,6604500","7,1496200",6,2019,50.0,1.0,1.0,4.0,2263848,2.0,2,4,2,5.0,,0.0,0,1989.0,B01,138Â 204Â 752,2.0,6.0,-1.0,1728030,1.0,2,,0.0,0.0,4.0,B01,138Â 204Â 752,1.0
1012322,201900053853,7,13,17:30,1,2,1,1.0,2.0,06027,PASQUALINI RUE J.P.,M,"43,6604500","7,1496200",6,2019,50.0,1.0,1.0,4.0,2263849,1.0,1,4,1,0.0,,0.0,0,1986.0,B01,138Â 204Â 752,2.0,5.0,-1.0,1728029,1.0,7,,0.0,2.0,1.0,A01,138Â 204Â 751,1.0
1012322,201900053853,7,13,17:30,1,2,1,1.0,2.0,06027,PASQUALINI RUE J.P.,M,"43,6604500","7,1496200",6,2019,50.0,1.0,1.0,4.0,2263849,1.0,1,4,1,0.0,,0.0,0,1986.0,B01,138Â 204Â 752,2.0,5.0,-1.0,1728030,1.0,2,,0.0,0.0,4.0,B01,138Â 204Â 752,1.0
1012323,201900053854,7,11,19:00,1,2,1,1.0,6.0,06027,JAURES AVENUE JEAN,M,"43,6585189","7,1696198",6,2019,50.0,1.0,1.0,7.0,2263850,1.0,1,4,1,5.0,,0.0,0,1968.0,B01,138Â 204Â 749,8.0,0.0,-1.0,1728031,3.0,1,,1.0,0.0,1.0,B01,138Â 204Â 749,0.0
1012323,201900053854,7,11,19:00,1,2,1,1.0,6.0,06027,JAURES AVENUE JEAN,M,"43,6585189","7,1696198",6,2019,50.0,1.0,1.0,7.0,2263850,1.0,1,4,1,5.0,,0.0,0,1968.0,B01,138Â 204Â 749,8.0,0.0,-1.0,1728032,3.0,7,,0.0,0.0,8.0,A01,138Â 204Â 750,1.0
1012323,201900053854,7,11,19:00,1,2,1,1.0,6.0,06027,JAURES AVENUE JEAN,M,"43,6585189","7,1696198",6,2019,50.0,1.0,1.0,7.0,2263851,1.0,1,1,2,5.0,,0.0,0,1951.0,A01,138Â 204Â 750,1.0,0.0,-1.0,1728031,3.0,1,,1.0,0.0,1.0,B01,138Â 204Â 749,0.0
1012323,201900053854,7,11,19:00,1,2,1,1.0,6.0,06027,JAURES AVENUE JEAN,M,"43,6585189","7,1696198",6,2019,50.0,1.0,1.0,7.0,2263851,1.0,1,1,2,5.0,,0.0,0,1951.0,A01,138Â 204Â 750,1.0,0.0,-1.0,1728032,3.0,7,,0.0,0.0,8.0,A01,138Â 204Â 750,1.0
1012324,201900053855,7,11,18:15,1,2,6,1.0,3.0,06004,EUCALYPTUS AV.ET CH.DES,M,"43,5789796","7,0905843",6,2019,50.0,2.0,1.0,4.0,2263852,1.0,1,3,1,0.0,,0.0,0,1998.0,B01,138Â 204Â 745,2.0,8.0,-1.0,1728033,3.0,30,,0.0,2.0,1.0,B01,138Â 204Â 745,1.0
1012324,201900053855,7,11,18:15,1,2,6,1.0,3.0,06004,EUCALYPTUS AV.ET CH.DES,M,"43,5789796","7,0905843",6,2019,50.0,2.0,1.0,4.0,2263852,1.0,1,3,1,0.0,,0.0,0,1998.0,B01,138Â 204Â 745,2.0,8.0,-1.0,1728034,3.0,33,,15.0,2.0,8.0,A01,138Â 204Â 746,1.0
1012324,201900053855,7,11,18:15,1,2,6,1.0,3.0,06004,EUCALYPTUS AV.ET CH.DES,M,"43,5789796","7,0905843",6,2019,50.0,2.0,1.0,4.0,2263853,1.0,1,2,1,0.0,,0.0,0,1985.0,A01,138Â 204Â 746,2.0,8.0,-1.0,1728033,3.0,30,,0.0,2.0,1.0,B01,138Â 204Â 745,1.0
1012324,201900053855,7,11,18:15,1,2,6,1.0,3.0,06004,EUCALYPTUS AV.ET CH.DES,M,"43,5789796","7,0905843",6,2019,50.0,2.0,1.0,4.0,2263853,1.0,1,2,1,0.0,,0.0,0,1985.0,A01,138Â 204Â 746,2.0,8.0,-1.0,1728034,3.0,33,,15.0,2.0,8.0,A01,138Â 204Â 746,1.0
1012325,201900053856,7,12,16:20,1,1,1,1.0,2.0,05023,R N  94,M,"44,8855000","6,6238900",5,2019,80.0,1.0,1.0,2.0,2263854,1.0,1,4,2,5.0,,0.0,0,1973.0,B01,138Â 204Â 743,1.0,0.0,-1.0,1728035,1.0,7,,0.0,2.0,4.0,B01,138Â 204Â 743,1.0
1012325,201900053856,7,12,16:20,1,1,1,1.0,2.0,05023,R N  94,M,"44,8855000","6,6238900",5,2019,80.0,1.0,1.0,2.0,2263854,1.0,1,4,2,5.0,,0.0,0,1973.0,B01,138Â 204Â 743,1.0,0.0,-1.0,1728036,1.0,7,,0.0,2.0,1.0,A01,138Â 204Â 744,1.0
1012325,201900053856,7,12,16:20,1,1,1,1.0,2.0,05023,R N  94,M,"44,8855000","6,6238900",5,2019,80.0,1.0,1.0,2.0,2263855,1.0,1,1,1,5.0,,0.0,0,1976.0,A01,138Â 204Â 744,1.0,0.0,-1.0,1728035,1.0,7,,0.0,2.0,4.0,B01,138Â 204Â 743,1.0
1012325,201900053856,7,12,16:20,1,1,1,1.0,2.0,05023,R N  94,M,"44,8855000","6,6238900",5,2019,80.0,1.0,1.0,2.0,2263855,1.0,1,1,1,5.0,,0.0,0,1976.0,A01,138Â 204Â 744,1.0,0.0,-1.0,1728036,1.0,7,,0.0,2.0,1.0,A01,138Â 204Â 744,1.0
1012326,201900053857,7,10,14:20,1,2,1,1.0,3.0,04070,Av Simone Pellissier,M,"44,0843583","6,2218180",4,2019,70.0,1.0,1.0,4.0,2263856,1.0,1,1,1,5.0,,-1.0, -1,1986.0,A01,138Â 204Â 741,1.0,-1.0,-1.0,1728037,3.0,7,,0.0,2.0,7.0,A01,138Â 204Â 741,0.0
1012326,201900053857,7,10,14:20,1,2,1,1.0,3.0,04070,Av Simone Pellissier,M,"44,0843583","6,2218180",4,2019,70.0,1.0,1.0,4.0,2263856,1.0,1,1,1,5.0,,-1.0, -1,1986.0,A01,138Â 204Â 741,1.0,-1.0,-1.0,1728038,3.0,33,,0.0,2.0,0.0,B01,138Â 204Â 742,1.0
1012326,201900053857,7,10,14:20,1,2,1,1.0,3.0,04070,Av Simone Pellissier,M,"44,0843583","6,2218180",4,2019,70.0,1.0,1.0,4.0,2263857,1.0,1,3,1,0.0,,-1.0, -1,1959.0,B01,138Â 204Â 742,2.0,-1.0,-1.0,1728037,3.0,7,,0.0,2.0,7.0,A01,138Â 204Â 741,0.0
1012326,201900053857,7,10,14:20,1,2,1,1.0,3.0,04070,Av Simone Pellissier,M,"44,0843583","6,2218180",4,2019,70.0,1.0,1.0,4.0,2263857,1.0,1,3,1,0.0,,-1.0, -1,1959.0,B01,138Â 204Â 742,2.0,-1.0,-1.0,1728038,3.0,33,,0.0,2.0,0.0,B01,138Â 204Â 742,1.0
1012327,201900053858,7,13,10:50,1,2,1,1.0,3.0,75114,BD PERIPHERIQUE EXTERIEUR,M,"48,8228470","2,3128650",75,2019,70.0,1.0,1.0,4.0,2263858,1.0,1,4,1,4.0,,0.0,0,1976.0,A01,138Â 204Â 739,2.0,6.0,-1.0,1728039,2.0,43,,0.0,2.0,2.0,A01,138Â 204Â 739,1.0
1012327,201900053858,7,13,10:50,1,2,1,1.0,3.0,75114,BD PERIPHERIQUE EXTERIEUR,M,"48,8228470","2,3128650",75,2019,70.0,1.0,1.0,4.0,2263858,1.0,1,4,1,4.0,,0.0,0,1976.0,A01,138Â 204Â 739,2.0,6.0,-1.0,1728040,2.0,7,,0.0,2.0,6.0,B01,138Â 204Â 740,1.0
1012327,201900053858,7,13,10:50,1,2,1,1.0,3.0,75114,BD PERIPHERIQUE EXTERIEUR,M,"48,8228470","2,3128650",75,2019,70.0,1.0,1.0,4.0,2263859,1.0,1,1,2,5.0,,0.0,0,1952.0,B01,138Â 204Â 740,1.0,0.0,-1.0,1728039,2.0,43,,0.0,2.0,2.0,A01,138Â 204Â 739,1.0
1012327,201900053858,7,13,10:50,1,2,1,1.0,3.0,75114,BD PERIPHERIQUE EXTERIEUR,M,"48,8228470","2,3128650",75,2019,70.0,1.0,1.0,4.0,2263859,1.0,1,1,2,5.0,,0.0,0,1952.0,B01,138Â 204Â 740,1.0,0.0,-1.0,1728040,2.0,7,,0.0,2.0,6.0,B01,138Â 204Â 740,1.0
1012328,201900053859,7,13,09:10,1,2,4,1.0,2.0,75112,ECHANGEUR BERCY,M,"48,8269550","2,3899280",75,2019,70.0,1.0,1.0,4.0,2263860,1.0,1,4,2,2.0,,0.0,0,1992.0,B01,138Â 204Â 737,1.0,0.0,-1.0,1728041,1.0,7,,0.0,2.0,4.0,B01,138Â 204Â 737,1.0
1012328,201900053859,7,13,09:10,1,2,4,1.0,2.0,75112,ECHANGEUR BERCY,M,"48,8269550","2,3899280",75,2019,70.0,1.0,1.0,4.0,2263860,1.0,1,4,2,2.0,,0.0,0,1992.0,B01,138Â 204Â 737,1.0,0.0,-1.0,1728042,1.0,10,,0.0,2.0,1.0,A01,138Â 204Â 738,1.0
1012328,201900053859,7,13,09:10,1,2,4,1.0,2.0,75112,ECHANGEUR BERCY,M,"48,8269550","2,3899280",75,2019,70.0,1.0,1.0,4.0,2263861,1.0,1,1,1,5.0,,0.0,0,1991.0,A01,138Â 204Â 738,1.0,0.0,-1.0,1728041,1.0,7,,0.0,2.0,4.0,B01,138Â 204Â 737,1.0
1012328,201900053859,7,13,09:10,1,2,4,1.0,2.0,75112,ECHANGEUR BERCY,M,"48,8269550","2,3899280",75,2019,70.0,1.0,1.0,4.0,2263861,1.0,1,1,1,5.0,,0.0,0,1991.0,A01,138Â 204Â 738,1.0,0.0,-1.0,1728042,1.0,10,,0.0,2.0,1.0,A01,138Â 204Â 738,1.0
1012329,201900053860,7,12,22:18,5,2,1,1.0,4.0,75120,BOULEVARD PERIPHERIQUE,M,"48,8581330","2,4141100",75,2019,70.0,1.0,1.0,4.0,2263862,1.0,1,4,1,5.0,,0.0,0,1998.0,B01,138Â 204Â 734,1.0,0.0,-1.0,1728043,1.0,10,,0.0,2.0,2.0,B01,138Â 204Â 734,1.0
1012329,201900053860,7,12,22:18,5,2,1,1.0,4.0,75120,BOULEVARD PERIPHERIQUE,M,"48,8581330","2,4141100",75,2019,70.0,1.0,1.0,4.0,2263862,1.0,1,4,1,5.0,,0.0,0,1998.0,B01,138Â 204Â 734,1.0,0.0,-1.0,1728044,1.0,10,,0.0,2.0,6.0,C01,138Â 204Â 735,1.0
1012329,201900053860,7,12,22:18,5,2,1,1.0,4.0,75120,BOULEVARD PERIPHERIQUE,M,"48,8581330","2,4141100",75,2019,70.0,1.0,1.0,4.0,2263862,1.0,1,4,1,5.0,,0.0,0,1998.0,B01,138Â 204Â 734,1.0,0.0,-1.0,1728045,1.0,7,,0.0,2.0,3.0,A01,138Â 204Â 736,1.0
1012329,201900053860,7,12,22:18,5,2,1,1.0,4.0,75120,BOULEVARD PERIPHERIQUE,M,"48,8581330","2,4141100",75,2019,70.0,1.0,1.0,4.0,2263863,1.0,1,1,1,5.0,,0.0,0,1986.0,C01,138Â 204Â 735,1.0,0.0,-1.0,1728043,1.0,10,,0.0,2.0,2.0,B01,138Â 204Â 734,1.0
1012329,201900053860,7,12,22:18,5,2,1,1.0,4.0,75120,BOULEVARD PERIPHERIQUE,M,"48,8581330","2,4141100",75,2019,70.0,1.0,1.0,4.0,2263863,1.0,1,1,1,5.0,,0.0,0,1986.0,C01,138Â 204Â 735,1.0,0.0,-1.0,1728044,1.0,10,,0.0,2.0,6.0,C01,138Â 204Â 735,1.0
1012329,201900053860,7,12,22:18,5,2,1,1.0,4.0,75120,BOULEVARD PERIPHERIQUE,M,"48,8581330","2,4141100",75,2019,70.0,1.0,1.0,4.0,2263863,1.0,1,1,1,5.0,,0.0,0,1986.0,C01,138Â 204Â 735,1.0,0.0,-1.0,1728045,1.0,7,,0.0,2.0,3.0,A01,138Â 204Â 736,1.0
1012329,201900053860,7,12,22:18,5,2,1,1.0,4.0,75120,BOULEVARD PERIPHERIQUE,M,"48,8581330","2,4141100",75,2019,70.0,1.0,1.0,4.0,2263864,1.0,1,4,1,5.0,,0.0,0,1986.0,A01,138Â 204Â 736,1.0,0.0,-1.0,1728043,1.0,10,,0.0,2.0,2.0,B01,138Â 204Â 734,1.0
1012329,201900053860,7,12,22:18,5,2,1,1.0,4.0,75120,BOULEVARD PERIPHERIQUE,M,"48,8581330","2,4141100",75,2019,70.0,1.0,1.0,4.0,2263864,1.0,1,4,1,5.0,,0.0,0,1986.0,A01,138Â 204Â 736,1.0,0.0,-1.0,1728044,1.0,10,,0.0,2.0,6.0,C01,138Â 204Â 735,1.0
1012329,201900053860,7,12,22:18,5,2,1,1.0,4.0,75120,BOULEVARD PERIPHERIQUE,M,"48,8581330","2,4141100",75,2019,70.0,1.0,1.0,4.0,2263864,1.0,1,4,1,5.0,,0.0,0,1986.0,A01,138Â 204Â 736,1.0,0.0,-1.0,1728045,1.0,7,,0.0,2.0,3.0,A01,138Â 204Â 736,1.0
1012330,201900053861,7,10,18:00,1,2,1,1.0,2.0,75114,PORTE D ORLEANS,M,"48,8198080","2,3270240",75,2019,70.0,1.0,1.0,4.0,2263865,2.0,2,4,2,5.0,,0.0,0,1998.0,B01,138Â 204Â 732,1.0,8.0,-1.0,1728046,1.0,7,,0.0,2.0,4.0,B01,138Â 204Â 732,1.0
1012330,201900053861,7,10,18:00,1,2,1,1.0,2.0,75114,PORTE D ORLEANS,M,"48,8198080","2,3270240",75,2019,70.0,1.0,1.0,4.0,2263865,2.0,2,4,2,5.0,,0.0,0,1998.0,B01,138Â 204Â 732,1.0,8.0,-1.0,1728047,1.0,10,,0.0,2.0,1.0,A01,138Â 204Â 733,1.0
1012330,201900053861,7,10,18:00,1,2,1,1.0,2.0,75114,PORTE D ORLEANS,M,"48,8198080","2,3270240",75,2019,70.0,1.0,1.0,4.0,2263866,1.0,1,1,1,5.0,,0.0,0,1992.0,B01,138Â 204Â 732,1.0,8.0,-1.0,1728046,1.0,7,,0.0,2.0,4.0,B01,138Â 204Â 732,1.0