Unnamed: 0_x,num_acc,mois,jour,hrmn,lum,agg,int,atm,col,com,adr,gps,lat,long,dep,annee,vma,situ,surf,catr,Unnamed: 0_y,place,catu,grav,sexe,trajet,secu,locp,actp,an_nais,num_veh_x,id_vehicule_x,secu1,secu2,secu3,Unnamed: 0,senc,catv,occutc,obs,obsm,choc,num_veh_y,id_vehicule_y,motor
1012330,201900053861,7,10,18:00,1,2,1,1.0,2.0,75114,PORTE D ORLEANS,M,"48,8198080","2,3270240",75,2019,70.0,1.0,1.0,4.0,2263866,1.0,1,1,1,5.0,,0.0,0,1992.0,B01,138Â 204Â 732,1.0,8.0,-1.0,1728047,1.0,10,,0.0,2.0,1.0,A01,138Â 204Â 733,1.0
1012330,201900053861,7,10,18:00,1,2,1,1.0,2.0,75114,PORTE D ORLEANS,M,"48,8198080","2,3270240",75,2019,70.0,1.0,1.0,4.0,2263867,1.0,1,1,1,1.0,,0.0,0,1965.0,A01,138Â 204Â 733,1.0,8.0,-1.0,1728046,1.0,7,,0.0,2.0,4.0,B01,138Â 204Â 732,1.0
1012330,201900053861,7,10,18:00,1,2,1,1.0,2.0,75114,PORTE D ORLEANS,M,"48,8198080","2,3270240",75,2019,70.0,1.0,1.0,4.0,2263867,1.0,1,1,1,1.0,,0.0,0,1965.0,A01,138Â 204Â 733,1.0,8.0,-1.0,1728047,1.0,10,,0.0,2.0,1.0,A01,138Â 204Â 733,1.0
1012331,201900053862,7,10,14:25,1,2,1,1.0,2.0,75120,PORTE DES LILAS,M,"48,8739650","2,4112290",75,2019,70.0,1.0,1.0,4.0,2263868,1.0,1,4,1,5.0,,0.0,0,1997.0,A01,138Â 204Â 730,2.0,6.0,-1.0,1728048,1.0,32,,0.0,2.0,1.0,A01,138Â 204Â 730,1.0
1012331,201900053862,7,10,14:25,1,2,1,1.0,2.0,75120,PORTE DES LILAS,M,"48,8739650","2,4112290",75,2019,70.0,1.0,1.0,4.0,2263868,1.0,1,4,1,5.0,,0.0,0,1997.0,A01,138Â 204Â 730,2.0,6.0,-1.0,1728049,1.0,7,,0.0,2.0,4.0,B01,138Â 204Â 731,1.0
1012331,201900053862,7,10,14:25,1,2,1,1.0,2.0,75120,PORTE DES LILAS,M,"48,8739650","2,4112290",75,2019,70.0,1.0,1.0,4.0,2263869,1.0,1,1,1,5.0,,0.0,0,1971.0,B01,138Â 204Â 731,1.0,0.0,-1.0,1728048,1.0,32,,0.0,2.0,1.0,A01,138Â 204Â 730,1.0
1012331,201900053862,7,10,14:25,1,2,1,1.0,2.0,75120,PORTE DES LILAS,M,"48,8739650","2,4112290",75,2019,70.0,1.0,1.0,4.0,2263869,1.0,1,1,1,5.0,,0.0,0,1971.0,B01,138Â 204Â 731,1.0,0.0,-1.0,1728049,1.0,7,,0.0,2.0,4.0,B01,138Â 204Â 731,1.0
1012332,201900053863,7,9,20:10,1,2,1,1.0,2.0,75113,PORTE D ITALIE,M,"48,8167535","2,3652115",75,2019,70.0,1.0,1.0,4.0,2263870,1.0,1,4,1,5.0,,0.0,0,1965.0,A01,138Â 204Â 726,2.0,6.0,-1.0,1728050,2.0,43,,0.0,2.0,2.0,A01,138Â 204Â 726,1.0
1012332,201900053863,7,9,20:10,1,2,1,1.0,2.0,75113,PORTE D ITALIE,M,"48,8167535","2,3652115",75,2019,70.0,1.0,1.0,4.0,2263870,1.0,1,4,1,5.0,,0.0,0,1965.0,A01,138Â 204Â 726,2.0,6.0,-1.0,1728051,2.0,7,,0.0,2.0,6.0,B01,138Â 204Â 727,1.0
1012332,201900053863,7,9,20:10,1,2,1,1.0,2.0,75113,PORTE D ITALIE,M,"48,8167535","2,3652115",75,2019,70.0,1.0,1.0,4.0,2263871,1.0,1,1,1,5.0,,0.0,0,1980.0,B01,138Â 204Â 727,1.0,0.0,-1.0,1728050,2.0,43,,0.0,2.0,2.0,A01,138Â 204Â 726,1.0
1012332,201900053863,7,9,20:10,1,2,1,1.0,2.0,75113,PORTE D ITALIE,M,"48,8167535","2,3652115",75,2019,70.0,1.0,1.0,4.0,2263871,1.0,1,1,1,5.0,,0.0,0,1980.0,B01,138Â 204Â 727,1.0,0.0,-1.0,1728051,2.0,7,,0.0,2.0,6.0,B01,138Â 204Â 727,1.0
1012333,201900053864,7,13,02:20,5,2,1,1.0,6.0,75117,AVENUE DE VILLIERS,M,"48,8852920","2,2944910",75,2019,50.0,6.0,1.0,4.0,2263872,1.0,1,3,1,9.0,,0.0,0,1988.0,A01,138Â 204Â 725,2.0,6.0,-1.0,1728052,1.0,30,,8.0,0.0,2.0,A01,138Â 204Â 725,3.0
1012334,201900053865,7,12,14:08,1,2,2,1.0,3.0,75114,RUE GASSENDI,M,"48,8349760","2,3268810",75,2019,30.0,1.0,1.0,4.0,2263873,1.0,1,3,1,5.0,,0.0,0,1986.0,B01,138Â 204Â 723,8.0,0.0,-1.0,1728053,1.0,50,,0.0,2.0,1.0,B01,138Â 204Â 723,3.0
1012334,201900053865,7,12,14:08,1,2,2,1.0,3.0,75114,RUE GASSENDI,M,"48,8349760","2,3268810",75,2019,30.0,1.0,1.0,4.0,2263873,1.0,1,3,1,5.0,,0.0,0,1986.0,B01,138Â 204Â 723,8.0,0.0,-1.0,1728054,1.0,10,,0.0,2.0,3.0,A01,138Â 204Â 724,1.0
1012334,201900053865,7,12,14:08,1,2,2,1.0,3.0,75114,RUE GASSENDI,M,"48,8349760","2,3268810",75,2019,30.0,1.0,1.0,4.0,2263874,1.0,1,1,1,4.0,,0.0,0,1998.0,A01,138Â 204Â 724,1.0,0.0,-1.0,1728053,1.0,50,,0.0,2.0,1.0,B01,138Â 204Â 723,3.0
1012334,201900053865,7,12,14:08,1,2,2,1.0,3.0,75114,RUE GASSENDI,M,"48,8349760","2,3268810",75,2019,30.0,1.0,1.0,4.0,2263874,1.0,1,1,1,4.0,,0.0,0,1998.0,A01,138Â 204Â 724,1.0,0.0,-1.0,1728054,1.0,10,,0.0,2.0,3.0,A01,138Â 204Â 724,1.0
1012335,201900053866,7,13,01:05,5,2,3,1.0,6.0,75105,RUE SANTEUIL,M,"48,8406600","2,3539770",75,2019,50.0,1.0,1.0,4.0,2263875,1.0,1,4,2,5.0,,0.0,0,1994.0,A01,138Â 204Â 722,2.0,0.0,-1.0,1728055,2.0,1,,1.0,0.0,1.0,A01,138Â 204Â 722,5.0
1012336,201900053867,7,11,10:25,1,2,1,1.0,3.0,75113,BOULEVARD MASSENA,M,"48,8231530","2,3742510",75,2019,50.0,1.0,1.0,4.0,2263876,1.0,1,1,1,5.0,,0.0,0,1952.0,B01,138Â 204Â 720,1.0,0.0,-1.0,1728056,2.0,7,,0.0,2.0,3.0,B01,138Â 204Â 720,6.0
1012336,201900053867,7,11,10:25,1,2,1,1.0,3.0,75113,BOULEVARD MASSENA,M,"48,8231530","2,3742510",75,2019,50.0,1.0,1.0,4.0,2263876,1.0,1,1,1,5.0,,0.0,0,1952.0,B01,138Â 204Â 720,1.0,0.0,-1.0,1728057,2.0,2,,0.0,2.0,8.0,A01,138Â 204Â 721,1.0
1012336,201900053867,7,11,10:25,1,2,1,1.0,3.0,75113,BOULEVARD MASSENA,M,"48,8231530","2,3742510",75,2019,50.0,1.0,1.0,4.0,2263877,1.0,1,4,1,4.0,,0.0,0,1962.0,A01,138Â 204Â 721,2.0,6.0,-1.0,1728056,2.0,7,,0.0,2.0,3.0,B01,138Â 204Â 720,6.0
1012336,201900053867,7,11,10:25,1,2,1,1.0,3.0,75113,BOULEVARD MASSENA,M,"48,8231530","2,3742510",75,2019,50.0,1.0,1.0,4.0,2263877,1.0,1,4,1,4.0,,0.0,0,1962.0,A01,138Â 204Â 721,2.0,6.0,-1.0,1728057,2.0,2,,0.0,2.0,8.0,A01,138Â 204Â 721,1.0
1012337,201900053868,7,11,01:10,5,2,1,1.0,6.0,75120,RUE DES PYRENEES,M,"48,8623510","2,4000840",75,2019,50.0,1.0,1.0,4.0,2263878,1.0,1,4,1,9.0,,0.0,0,1954.0,A01,138Â 204Â 719,1.0,0.0,-1.0,1728058,2.0,7,,2.0,0.0,1.0,A01,138Â 204Â 719,1.0
1012338,201900053869,7,10,08:35,1,2,4,1.0,6.0,75120,RUE DES PYRENEES,M,"48,8634600","2,3995910",75,2019,50.0,1.0,1.0,4.0,2263879,10.0,3,1,2,5.0,,3.0,3,1983.0,A01,138Â 204Â 718,8.0,0.0,-1.0,1728059,2.0,32,,0.0,1.0,1.0,A01,138Â 204Â 718,1.0
1012338,201900053869,7,10,08:35,1,2,4,1.0,6.0,75120,RUE DES PYRENEES,M,"48,8634600","2,3995910",75,2019,50.0,1.0,1.0,4.0,2263880,10.0,3,4,1,5.0,,3.0,3,2017.0,A01,138Â 204Â 718,8.0,0.0,-1.0,1728059,2.0,32,,0.0,1.0,1.0,A01,138Â 204Â 718,1.0
1012338,201900053869,7,10,08:35,1,2,4,1.0,6.0,75120,RUE DES PYRENEES,M,"48,8634600","2,3995910",75,2019,50.0,1.0,1.0,4.0,2263881,1.0,1,1,1,1.0,,0.0,0,1989.0,A01,138Â 204Â 718,2.0,6.0,-1.0,1728059,2.0,32,,0.0,1.0,1.0,A01,138Â 204Â 718,1.0
1012339,201900053870,7,11,19:55,1,2,1,1.0,2.0,75119,RUE ARMAND CARREL,M,"48,8829180","2,3727440",75,2019,50.0,1.0,1.0,4.0,2263882,2.0,2,4,2,9.0,,0.0,0,1975.0,B01,138Â 204Â 716,2.0,6.0,-1.0,1728060,2.0,32,,0.0,2.0,7.0,B01,138Â 204Â 716,1.0
1012339,201900053870,7,11,19:55,1,2,1,1.0,2.0,75119,RUE ARMAND CARREL,M,"48,8829180","2,3727440",75,2019,50.0,1.0,1.0,4.0,2263882,2.0,2,4,2,9.0,,0.0,0,1975.0,B01,138Â 204Â 716,2.0,6.0,-1.0,1728061,2.0,10,,0.0,2.0,4.0,A01,138Â 204Â 717,1.0
1012339,201900053870,7,11,19:55,1,2,1,1.0,2.0,75119,RUE ARMAND CARREL,M,"48,8829180","2,3727440",75,2019,50.0,1.0,1.0,4.0,2263883,1.0,1,1,1,9.0,,0.0,0,1972.0,B01,138Â 204Â 716,2.0,6.0,-1.0,1728060,2.0,32,,0.0,2.0,7.0,B01,138Â 204Â 716,1.0
1012339,201900053870,7,11,19:55,1,2,1,1.0,2.0,75119,RUE ARMAND CARREL,M,"48,8829180","2,3727440",75,2019,50.0,1.0,1.0,4.0,2263883,1.0,1,1,1,9.0,,0.0,0,1972.0,B01,138Â 204Â 716,2.0,6.0,-1.0,1728061,2.0,10,,0.0,2.0,4.0,A01,138Â 204Â 717,1.0
1012339,201900053870,7,11,19:55,1,2,1,1.0,2.0,75119,RUE ARMAND CARREL,M,"48,8829180","2,3727440",75,2019,50.0,1.0,1.0,4.0,2263884,1.0,1,1,1,9.0,,0.0,0,1965.0,A01,138Â 204Â 717,1.0,0.0,-1.0,1728060,2.0,32,,0.0,2.0,7.0,B01,138Â 204Â 716,1.0
1012339,201900053870,7,11,19:55,1,2,1,1.0,2.0,75119,RUE ARMAND CARREL,M,"48,8829180","2,3727440",75,2019,50.0,1.0,1.0,4.0,2263884,1.0,1,1,1,9.0,,0.0,0,1965.0,A01,138Â 204Â 717,1.0,0.0,-1.0,1728061,2.0,10,,0.0,2.0,4.0,A01,138Â 204Â 717,1.0
1012340,201900053871,7,11,11:45,1,2,7,1.0,3.0,75119,PLACE AUGUSTE BARON,M,"48,9009680","2,3882010",75,2019,50.0,1.0,1.0,4.0,2263885,1.0,1,1,1,4.0,,0.0,0,1986.0,A01,138Â 204Â 714,2.0,6.0,-1.0,1728062,1.0,33,,0.0,2.0,3.0,A01,138Â 204Â 714,1.0
1012340,201900053871,7,11,11:45,1,2,7,1.0,3.0,75119,PLACE AUGUSTE BARON,M,"48,9009680","2,3882010",75,2019,50.0,1.0,1.0,4.0,2263885,1.0,1,1,1,4.0,,0.0,0,1986.0,A01,138Â 204Â 714,2.0,6.0,-1.0,1728063,1.0,10,,0.0,2.0,2.0,B01,138Â 204Â 715,1.0
1012340,201900053871,7,11,11:45,1,2,7,1.0,3.0,75119,PLACE AUGUSTE BARON,M,"48,9009680","2,3882010",75,2019,50.0,1.0,1.0,4.0,2263886,2.0,2,4,1,4.0,,0.0,0,1986.0,A01,138Â 204Â 714,2.0,6.0,-1.0,1728062,1.0,33,,0.0,2.0,3.0,A01,138Â 204Â 714,1.0
1012340,201900053871,7,11,11:45,1,2,7,1.0,3.0,75119,PLACE AUGUSTE BARON,M,"48,9009680","2,3882010",75,2019,50.0,1.0,1.0,4.0,2263886,2.0,2,4,1,4.0,,0.0,0,1986.0,A01,138Â 204Â 714,2.0,6.0,-1.0,1728063,1.0,10,,0.0,2.0,2.0,B01,138Â 204Â 715,1.0
1012340,201900053871,7,11,11:45,1,2,7,1.0,3.0,75119,PLACE AUGUSTE BARON,M,"48,9009680","2,3882010",75,2019,50.0,1.0,1.0,4.0,2263887,1.0,1,1,1,4.0,,0.0,0,1964.0,B01,138Â 204Â 715,1.0,0.0,-1.0,1728062,1.0,33,,0.0,2.0,3.0,A01,138Â 204Â 714,1.0
1012340,201900053871,7,11,11:45,1,2,7,1.0,3.0,75119,PLACE AUGUSTE BARON,M,"48,9009680","2,3882010",75,2019,50.0,1.0,1.0,4.0,2263887,1.0,1,1,1,4.0,,0.0,0,1964.0,B01,138Â 204Â 715,1.0,0.0,-1.0,1728063,1.0,10,,0.0,2.0,2.0,B01,138Â 204Â 715,1.0
1012341,201900053872,7,10,13:30,1,2,1,1.0,6.0,75119,RUE EDOUARD PAILLERON,M,"48,8806410","2,3768970",75,2019,30.0,1.0,1.0,4.0,2263888,1.0,1,4,1,5.0,,0.0,0,1992.0,A01,138Â 204Â 713,0.0,0.0,-1.0,1728064,1.0,30,,0.0,2.0,1.0,Z01,138Â 204Â 712,1.0
1012341,201900053872,7,10,13:30,1,2,1,1.0,6.0,75119,RUE EDOUARD PAILLERON,M,"48,8806410","2,3768970",75,2019,30.0,1.0,1.0,4.0,2263888,1.0,1,4,1,5.0,,0.0,0,1992.0,A01,138Â 204Â 713,0.0,0.0,-1.0,1728065,1.0,50,,0.0,2.0,1.0,A01,138Â 204Â 713,3.0
1012342,201900053873,7,11,10:30,1,2,3,1.0,3.0,75118,RUE STEPHENSON,M,"48,8903590","2,3558540",75,2019,30.0,1.0,1.0,4.0,2263889,1.0,1,1,1,1.0,,0.0,0,1994.0,A01,138Â 204Â 710,1.0,0.0,-1.0,1728066,2.0,7,,0.0,2.0,1.0,A01,138Â 204Â 710,1.0
1012342,201900053873,7,11,10:30,1,2,3,1.0,3.0,75118,RUE STEPHENSON,M,"48,8903590","2,3558540",75,2019,30.0,1.0,1.0,4.0,2263889,1.0,1,1,1,1.0,,0.0,0,1994.0,A01,138Â 204Â 710,1.0,0.0,-1.0,1728067,1.0,50,,0.0,2.0,7.0,B01,138Â 204Â 711,3.0
1012342,201900053873,7,11,10:30,1,2,3,1.0,3.0,75118,RUE STEPHENSON,M,"48,8903590","2,3558540",75,2019,30.0,1.0,1.0,4.0,2263890,1.0,1,4,1,5.0,,0.0,0,1997.0,B01,138Â 204Â 711,2.0,0.0,-1.0,1728066,2.0,7,,0.0,2.0,1.0,A01,138Â 204Â 710,1.0
1012342,201900053873,7,11,10:30,1,2,3,1.0,3.0,75118,RUE STEPHENSON,M,"48,8903590","2,3558540",75,2019,30.0,1.0,1.0,4.0,2263890,1.0,1,4,1,5.0,,0.0,0,1997.0,B01,138Â 204Â 711,2.0,0.0,-1.0,1728067,1.0,50,,0.0,2.0,7.0,B01,138Â 204Â 711,3.0
1012343,201900053874,7,13,19:40,1,2,3,1.0,6.0,75117,AVENUE DE WAGRAM,M,"48,8822160","2,3011750",75,2019,50.0,1.0,1.0,4.0,2263891,10.0,3,4,1,5.0,,3.0,3,2002.0,A01,138Â 204Â 709,8.0,0.0,-1.0,1728068,1.0,7,,0.0,1.0,3.0,A01,138Â 204Â 709,1.0
1012343,201900053874,7,13,19:40,1,2,3,1.0,6.0,75117,AVENUE DE WAGRAM,M,"48,8822160","2,3011750",75,2019,50.0,1.0,1.0,4.0,2263892,1.0,1,1,1,1.0,,0.0,0,1993.0,A01,138Â 204Â 709,1.0,0.0,-1.0,1728068,1.0,7,,0.0,1.0,3.0,A01,138Â 204Â 709,1.0
1012344,201900053875,7,11,06:45,2,2,7,2.0,7.0,75117,RUE CARDINET,M,"48,8886000","2,3156640",75,2019,50.0,1.0,2.0,4.0,2263893,1.0,1,4,1,1.0,,0.0,0,1975.0,A01,138Â 204Â 708,2.0,6.0,-1.0,1728069,1.0,30,,0.0,0.0,7.0,A01,138Â 204Â 708,1.0
1012345,201900053876,3,28,17:35,1,2,1,1.0,3.0,92051,COMMANDANT CHARCOT (BOULEVARD DU),M,"48,8778600","2,2570650",92,2019,50.0,3.0,1.0,4.0,2263894,1.0,1,1,2,4.0,,-1.0,0,1992.0,A01,138Â 204Â 728,1.0,8.0,-1.0,1728070,1.0,7,,0.0,2.0,6.0,A01,138Â 204Â 728,0.0
1012345,201900053876,3,28,17:35,1,2,1,1.0,3.0,92051,COMMANDANT CHARCOT (BOULEVARD DU),M,"48,8778600","2,2570650",92,2019,50.0,3.0,1.0,4.0,2263894,1.0,1,1,2,4.0,,-1.0,0,1992.0,A01,138Â 204Â 728,1.0,8.0,-1.0,1728071,1.0,33,,14.0,2.0,1.0,B01,138Â 204Â 729,0.0
1012345,201900053876,3,28,17:35,1,2,1,1.0,3.0,92051,COMMANDANT CHARCOT (BOULEVARD DU),M,"48,8778600","2,2570650",92,2019,50.0,3.0,1.0,4.0,2263895,1.0,1,4,1,1.0,,-1.0,0,1987.0,B01,138Â 204Â 729,2.0,6.0,-1.0,1728070,1.0,7,,0.0,2.0,6.0,A01,138Â 204Â 728,0.0
1012345,201900053876,3,28,17:35,1,2,1,1.0,3.0,92051,COMMANDANT CHARCOT (BOULEVARD DU),M,"48,8778600","2,2570650",92,2019,50.0,3.0,1.0,4.0,2263895,1.0,1,4,1,1.0,,-1.0,0,1987.0,B01,138Â 204Â 729,2.0,6.0,-1.0,1728071,1.0,33,,14.0,2.0,1.0,B01,138Â 204Â 729,0.0
1012346,201900053877,7,11,13:50,1,2,3,1.0,3.0,75116,ALLEE DU BORD DE L EAU,M,"48,8674560","2,2330230",75,2019,50.0,1.0,1.0,4.0,2263896,1.0,1,1,1,5.0,,0.0,0,1982.0,A01,138Â 204Â 704,1.0,0.0,-1.0,1728072,2.0,7,,0.0,2.0,1.0,A01,138Â 204Â 704,1.0
1012346,201900053877,7,11,13:50,1,2,3,1.0,3.0,75116,ALLEE DU BORD DE L EAU,M,"48,8674560","2,2330230",75,2019,50.0,1.0,1.0,4.0,2263896,1.0,1,1,1,5.0,,0.0,0,1982.0,A01,138Â 204Â 704,1.0,0.0,-1.0,1728073,1.0,32,,0.0,2.0,1.0,B01,138Â 204Â 706,1.0
1012346,201900053877,7,11,13:50,1,2,3,1.0,3.0,75116,ALLEE DU BORD DE L EAU,M,"48,8674560","2,2330230",75,2019,50.0,1.0,1.0,4.0,2263897,1.0,1,4,1,1.0,,0.0,0,1980.0,B01,138Â 204Â 706,2.0,6.0,-1.0,1728072,2.0,7,,0.0,2.0,1.0,A01,138Â 204Â 704,1.0
1012346,201900053877,7,11,13:50,1,2,3,1.0,3.0,75116,ALLEE DU BORD DE L EAU,M,"48,8674560","2,2330230",75,2019,50.0,1.0,1.0,4.0,2263897,1.0,1,4,1,1.0,,0.0,0,1980.0,B01,138Â 204Â 706,2.0,6.0,-1.0,1728073,1.0,32,,0.0,2.0,1.0,B01,138Â 204Â 706,1.0
1012347,201900053878,3,28,07:55,1,2,1,1.0,5.0,92050,PORT RUE DU,M,"48,8947100","2,1755600",92,2019,50.0,1.0,1.0,4.0,2263898,1.0,1,4,1,1.0,,-1.0,0,1990.0,A01,138Â 204Â 703,2.0,6.0,-1.0,1728074,1.0,33,,0.0,2.0,1.0,A01,138Â 204Â 703,1.0
1012347,201900053878,3,28,07:55,1,2,1,1.0,5.0,92050,PORT RUE DU,M,"48,8947100","2,1755600",92,2019,50.0,1.0,1.0,4.0,2263898,1.0,1,4,1,1.0,,-1.0,0,1990.0,A01,138Â 204Â 703,2.0,6.0,-1.0,1728075,2.0,14,,0.0,2.0,6.0,B01,138Â 204Â 705,1.0
1012347,201900053878,3,28,07:55,1,2,1,1.0,5.0,92050,PORT RUE DU,M,"48,8947100","2,1755600",92,2019,50.0,1.0,1.0,4.0,2263898,1.0,1,4,1,1.0,,-1.0,0,1990.0,A01,138Â 204Â 703,2.0,6.0,-1.0,1728076,1.0,37,1.0,0.0,0.0,0.0,C01,138Â 204Â 707,1.0
1012347,201900053878,3,28,07:55,1,2,1,1.0,5.0,92050,PORT RUE DU,M,"48,8947100","2,1755600",92,2019,50.0,1.0,1.0,4.0,2263899,1.0,1,1,1,4.0,,-1.0,0,1956.0,B01,138Â 204Â 705,1.0,0.0,-1.0,1728074,1.0,33,,0.0,2.0,1.0,A01,138Â 204Â 703,1.0
1012347,201900053878,3,28,07:55,1,2,1,1.0,5.0,92050,PORT RUE DU,M,"48,8947100","2,1755600",92,2019,50.0,1.0,1.0,4.0,2263899,1.0,1,1,1,4.0,,-1.0,0,1956.0,B01,138Â 204Â 705,1.0,0.0,-1.0,1728075,2.0,14,,0.0,2.0,6.0,B01,138Â 204Â 705,1.0
1012347,201900053878,3,28,07:55,1,2,1,1.0,5.0,92050,PORT RUE DU,M,"48,8947100","2,1755600",92,2019,50.0,1.0,1.0,4.0,2263899,1.0,1,1,1,4.0,,-1.0,0,1956.0,B01,138Â 204Â 705,1.0,0.0,-1.0,1728076,1.0,37,1.0,0.0,0.0,0.0,C01,138Â 204Â 707,1.0
1012347,201900053878,3,28,07:55,1,2,1,1.0,5.0,92050,PORT RUE DU,M,"48,8947100","2,1755600",92,2019,50.0,1.0,1.0,4.0,2263900,1.0,1,1,1,4.0,,-1.0,0,1974.0,C01,138Â 204Â 707,1.0,0.0,-1.0,1728074,1.0,33,,0.0,2.0,1.0,A01,138Â 204Â 703,1.0
1012347,201900053878,3,28,07:55,1,2,1,1.0,5.0,92050,PORT RUE DU,M,"48,8947100","2,1755600",92,2019,50.0,1.0,1.0,4.0,2263900,1.0,1,1,1,4.0,,-1.0,0,1974.0,C01,138Â 204Â 707,1.0,0.0,-1.0,1728075,2.0,14,,0.0,2.0,6.0,B01,138Â 204Â 705,1.0
1012347,201900053878,3,28,07:55,1,2,1,1.0,5.0,92050,PORT RUE DU,M,"48,8947100","2,1755600",92,2019,50.0,1.0,1.0,4.0,2263900,1.0,1,1,1,4.0,,-1.0,0,1974.0,C01,138Â 204Â 707,1.0,0.0,-1.0,1728076,1.0,37,1.0,0.0,0.0,0.0,C01,138Â 204Â 707,1.0
1012348,201900053879,7,11,11:05,1,2,2,1.0,6.0,75108,AVENUE MARCEAU,M,"48,8724870","2,2962470",75,2019,50.0,1.0,1.0,4.0,2263901,1.0,1,4,2,1.0,,0.0,0,1983.0,A01,138Â 204Â 702,2.0,6.0,-1.0,1728077,1.0,7,,0.0,2.0,4.0,Z01,138Â 204Â 700,0.0
1012348,201900053879,7,11,11:05,1,2,2,1.0,6.0,75108,AVENUE MARCEAU,M,"48,8724870","2,2962470",75,2019,50.0,1.0,1.0,4.0,2263901,1.0,1,4,2,1.0,,0.0,0,1983.0,A01,138Â 204Â 702,2.0,6.0,-1.0,1728078,1.0,33,,0.0,2.0,1.0,A01,138Â 204Â 702,1.0
1012349,201900053880,3,27,22:25,5,2,2,1.0,3.0,92035,National ( boulevard ),M,"48,9022412","2,2394927",92,2019,50.0,1.0,1.0,3.0,2263902,1.0,1,1,1,5.0,,-1.0,0,1983.0,A01,138Â 204Â 699,1.0,8.0,-1.0,1728079,1.0,7,,0.0,2.0,7.0,A01,138Â 204Â 699,1.0
1012349,201900053880,3,27,22:25,5,2,2,1.0,3.0,92035,National ( boulevard ),M,"48,9022412","2,2394927",92,2019,50.0,1.0,1.0,3.0,2263902,1.0,1,1,1,5.0,,-1.0,0,1983.0,A01,138Â 204Â 699,1.0,8.0,-1.0,1728080,2.0,2,,0.0,2.0,3.0,B01,138Â 204Â 701,1.0
1012349,201900053880,3,27,22:25,5,2,2,1.0,3.0,92035,National ( boulevard ),M,"48,9022412","2,2394927",92,2019,50.0,1.0,1.0,3.0,2263903,1.0,1,4,1,5.0,,-1.0,0,1999.0,B01,138Â 204Â 701,2.0,0.0,-1.0,1728079,1.0,7,,0.0,2.0,7.0,A01,138Â 204Â 699,1.0
1012349,201900053880,3,27,22:25,5,2,2,1.0,3.0,92035,National ( boulevard ),M,"48,9022412","2,2394927",92,2019,50.0,1.0,1.0,3.0,2263903,1.0,1,4,1,5.0,,-1.0,0,1999.0,B01,138Â 204Â 701,2.0,0.0,-1.0,1728080,2.0,2,,0.0,2.0,3.0,B01,138Â 204Â 701,1.0
1012350,201900053881,7,11,08:30,1,2,4,1.0,3.0,75116,VOIE GEORGES POMPIDOU,M,"48,8414330","2,2691570",75,2019,50.0,1.0,1.0,4.0,2263904,1.0,1,1,1,1.0,,0.0,0,1985.0,A01,138Â 204Â 697,2.0,6.0,-1.0,1728081,1.0,33,,0.0,2.0,2.0,A01,138Â 204Â 697,1.0
1012350,201900053881,7,11,08:30,1,2,4,1.0,3.0,75116,VOIE GEORGES POMPIDOU,M,"48,8414330","2,2691570",75,2019,50.0,1.0,1.0,4.0,2263904,1.0,1,1,1,1.0,,0.0,0,1985.0,A01,138Â 204Â 697,2.0,6.0,-1.0,1728082,2.0,1,,0.0,2.0,3.0,B01,138Â 204Â 698,5.0
1012350,201900053881,7,11,08:30,1,2,4,1.0,3.0,75116,VOIE GEORGES POMPIDOU,M,"48,8414330","2,2691570",75,2019,50.0,1.0,1.0,4.0,2263905,2.0,2,1,2,1.0,,0.0,0,1990.0,A01,138Â 204Â 697,2.0,6.0,-1.0,1728081,1.0,33,,0.0,2.0,2.0,A01,138Â 204Â 697,1.0
1012350,201900053881,7,11,08:30,1,2,4,1.0,3.0,75116,VOIE GEORGES POMPIDOU,M,"48,8414330","2,2691570",75,2019,50.0,1.0,1.0,4.0,2263905,2.0,2,1,2,1.0,,0.0,0,1990.0,A01,138Â 204Â 697,2.0,6.0,-1.0,1728082,2.0,1,,0.0,2.0,3.0,B01,138Â 204Â 698,5.0
1012350,201900053881,7,11,08:30,1,2,4,1.0,3.0,75116,VOIE GEORGES POMPIDOU,M,"48,8414330","2,2691570",75,2019,50.0,1.0,1.0,4.0,2263906,1.0,1,4,1,1.0,,0.0,0,1993.0,B01,138Â 204Â 698,2.0,0.0,-1.0,1728081,1.0,33,,0.0,2.0,2.0,A01,138Â 204Â 697,1.0
1012350,201900053881,7,11,08:30,1,2,4,1.0,3.0,75116,VOIE GEORGES POMPIDOU,M,"48,8414330","2,2691570",75,2019,50.0,1.0,1.0,4.0,2263906,1.0,1,4,1,1.0,,0.0,0,1993.0,B01,138Â 204Â 698,2.0,0.0,-1.0,1728082,2.0,1,,0.0,2.0,3.0,B01,138Â 204Â 698,5.0
1012351,201900053882,3,27,03:30,5,2,1,1.0,6.0,92050,HANRIOT FRANCOIS RUE,M,"48,9026300","2,2217400",92,2019,50.0,1.0,1.0,4.0,2263907,2.0,2,4,1,5.0,,-1.0,0,1990.0,A01,138Â 204Â 696,8.0,0.0,-1.0,1728083,2.0,7,,7.0,0.0,9.0,A01,138Â 204Â 696,1.0
1012351,201900053882,3,27,03:30,5,2,1,1.0,6.0,92050,HANRIOT FRANCOIS RUE,M,"48,9026300","2,2217400",92,2019,50.0,1.0,1.0,4.0,2263908,1.0,1,1,1,0.0,,-1.0,0,1997.0,A01,138Â 204Â 696,8.0,0.0,-1.0,1728083,2.0,7,,7.0,0.0,9.0,A01,138Â 204Â 696,1.0