Unnamed: 0_x,num_acc,mois,jour,hrmn,lum,agg,int,atm,col,com,adr,gps,lat,long,dep,annee,vma,situ,surf,catr,Unnamed: 0_y,place,catu,grav,sexe,trajet,secu,locp,actp,an_nais,num_veh_x,id_vehicule_x,secu1,secu2,secu3,Unnamed: 0,senc,catv,occutc,obs,obsm,choc,num_veh_y,id_vehicule_y,motor
1012351,201900053882,3,27,03:30,5,2,1,1.0,6.0,92050,HANRIOT FRANCOIS RUE,M,"48,9026300","2,2217400",92,2019,50.0,1.0,1.0,4.0,2263909,3.0,2,4,1,5.0,,-1.0,0,1984.0,A01,138Â 204Â 696,8.0,0.0,-1.0,1728083,2.0,7,,7.0,0.0,9.0,A01,138Â 204Â 696,1.0
1012351,201900053882,3,27,03:30,5,2,1,1.0,6.0,92050,HANRIOT FRANCOIS RUE,M,"48,9026300","2,2217400",92,2019,50.0,1.0,1.0,4.0,2263910,4.0,2,4,2,5.0,,-1.0,0,1990.0,A01,138Â 204Â 696,8.0,0.0,-1.0,1728083,2.0,7,,7.0,0.0,9.0,A01,138Â 204Â 696,1.0
1012352,201900053883,7,10,15:30,1,2,2,1.0,6.0,75116,AVENUE VICTOR HUGO,M,"48,8711660","2,2888600",75,2019,50.0,1.0,1.0,4.0,2263911,10.0,3,4,2,5.0,,1.0,3,1959.0,A01,138Â 204Â 695,8.0,0.0,-1.0,1728084,1.0,33,,0.0,1.0,1.0,A01,138Â 204Â 695,1.0
1012352,201900053883,7,10,15:30,1,2,2,1.0,6.0,75116,AVENUE VICTOR HUGO,M,"48,8711660","2,2888600",75,2019,50.0,1.0,1.0,4.0,2263912,2.0,1,1,1,4.0,,0.0,0,1995.0,A01,138Â 204Â 695,2.0,6.0,-1.0,1728084,1.0,33,,0.0,1.0,1.0,A01,138Â 204Â 695,1.0
1012353,201900053884,3,28,16:30,1,2,3,1.0,6.0,92044,PDT WILSON(RUE)51A75 ET 54A74,M,"48,8933784","2,2892029",92,2019,50.0,1.0,1.0,4.0,2263913,10.0,3,3,2,9.0,,3.0,3,1973.0,A01,138Â 204Â 693,0.0,-1.0,-1.0,1728085,1.0,32,,0.0,1.0,1.0,A01,138Â 204Â 693,1.0
1012353,201900053884,3,28,16:30,1,2,3,1.0,6.0,92044,PDT WILSON(RUE)51A75 ET 54A74,M,"48,8933784","2,2892029",92,2019,50.0,1.0,1.0,4.0,2263914,1.0,1,4,1,5.0,,0.0,0,2001.0,A01,138Â 204Â 693,2.0,0.0,-1.0,1728085,1.0,32,,0.0,1.0,1.0,A01,138Â 204Â 693,1.0
1012354,201900053885,7,13,18:15,1,2,1,1.0,6.0,75115,SOUTERRAIN CITROEN CEVENNES,M,"48,8437960","2,2749560",75,2019,50.0,1.0,1.0,4.0,2263915,2.0,2,4,2,9.0,,0.0,0,1986.0,A01,138Â 204Â 692,2.0,6.0,-1.0,1728086,3.0,30,,0.0,2.0,8.0,A01,138Â 204Â 692,1.0
1012354,201900053885,7,13,18:15,1,2,1,1.0,6.0,75115,SOUTERRAIN CITROEN CEVENNES,M,"48,8437960","2,2749560",75,2019,50.0,1.0,1.0,4.0,2263915,2.0,2,4,2,9.0,,0.0,0,1986.0,A01,138Â 204Â 692,2.0,6.0,-1.0,1728087,3.0,7,,0.0,2.0,0.0,Z01,138Â 204Â 694,0.0
1012354,201900053885,7,13,18:15,1,2,1,1.0,6.0,75115,SOUTERRAIN CITROEN CEVENNES,M,"48,8437960","2,2749560",75,2019,50.0,1.0,1.0,4.0,2263916,1.0,1,4,2,1.0,,0.0,0,2000.0,A01,138Â 204Â 692,2.0,6.0,-1.0,1728086,3.0,30,,0.0,2.0,8.0,A01,138Â 204Â 692,1.0
1012354,201900053885,7,13,18:15,1,2,1,1.0,6.0,75115,SOUTERRAIN CITROEN CEVENNES,M,"48,8437960","2,2749560",75,2019,50.0,1.0,1.0,4.0,2263916,1.0,1,4,2,1.0,,0.0,0,2000.0,A01,138Â 204Â 692,2.0,6.0,-1.0,1728087,3.0,7,,0.0,2.0,0.0,Z01,138Â 204Â 694,0.0
1012355,201900053886,7,12,08:30,1,2,3,1.0,3.0,75115,RUE CASTAGNARY,M,"48,8306880","2,3062790",75,2019,50.0,1.0,1.0,4.0,2263917,1.0,1,4,1,1.0,,0.0,0,1968.0,B01,138Â 204Â 688,2.0,8.0,-1.0,1728088,2.0,32,,0.0,2.0,7.0,B01,138Â 204Â 688,1.0
1012355,201900053886,7,12,08:30,1,2,3,1.0,3.0,75115,RUE CASTAGNARY,M,"48,8306880","2,3062790",75,2019,50.0,1.0,1.0,4.0,2263917,1.0,1,4,1,1.0,,0.0,0,1968.0,B01,138Â 204Â 688,2.0,8.0,-1.0,1728089,2.0,7,,0.0,2.0,8.0,A01,138Â 204Â 689,1.0
1012355,201900053886,7,12,08:30,1,2,3,1.0,3.0,75115,RUE CASTAGNARY,M,"48,8306880","2,3062790",75,2019,50.0,1.0,1.0,4.0,2263918,1.0,1,1,2,1.0,,0.0,0,1954.0,A01,138Â 204Â 689,8.0,0.0,-1.0,1728088,2.0,32,,0.0,2.0,7.0,B01,138Â 204Â 688,1.0
1012355,201900053886,7,12,08:30,1,2,3,1.0,3.0,75115,RUE CASTAGNARY,M,"48,8306880","2,3062790",75,2019,50.0,1.0,1.0,4.0,2263918,1.0,1,1,2,1.0,,0.0,0,1954.0,A01,138Â 204Â 689,8.0,0.0,-1.0,1728089,2.0,7,,0.0,2.0,8.0,A01,138Â 204Â 689,1.0
1012356,201900053887,1,8,09:00,1,2,1,1.0,3.0,92044,LORRAINE (RUE DE),M,"48,8917000","2,2944000",92,2019,50.0,1.0,1.0,4.0,2263919,1.0,1,1,1,1.0,,-1.0,0,1979.0,A01,138Â 204Â 690,1.0,0.0,-1.0,1728090,1.0,7,,0.0,2.0,8.0,A01,138Â 204Â 690,1.0
1012356,201900053887,1,8,09:00,1,2,1,1.0,3.0,92044,LORRAINE (RUE DE),M,"48,8917000","2,2944000",92,2019,50.0,1.0,1.0,4.0,2263919,1.0,1,1,1,1.0,,-1.0,0,1979.0,A01,138Â 204Â 690,1.0,0.0,-1.0,1728091,1.0,31,,0.0,2.0,7.0,B01,138Â 204Â 691,1.0
1012356,201900053887,1,8,09:00,1,2,1,1.0,3.0,92044,LORRAINE (RUE DE),M,"48,8917000","2,2944000",92,2019,50.0,1.0,1.0,4.0,2263920,1.0,1,4,1,1.0,,-1.0,0,1979.0,B01,138Â 204Â 691,2.0,0.0,-1.0,1728090,1.0,7,,0.0,2.0,8.0,A01,138Â 204Â 690,1.0
1012356,201900053887,1,8,09:00,1,2,1,1.0,3.0,92044,LORRAINE (RUE DE),M,"48,8917000","2,2944000",92,2019,50.0,1.0,1.0,4.0,2263920,1.0,1,4,1,1.0,,-1.0,0,1979.0,B01,138Â 204Â 691,2.0,0.0,-1.0,1728091,1.0,31,,0.0,2.0,7.0,B01,138Â 204Â 691,1.0
1012357,201900053888,7,11,11:55,1,2,7,1.0,3.0,75114,BOULEVARD JOURDAN,M,"48,8232430","2,3256190",75,2019,50.0,1.0,1.0,4.0,2263921,1.0,1,4,1,1.0,,0.0,0,1989.0,B01,138Â 204Â 684,2.0,6.0,-1.0,1728092,1.0,33,,0.0,2.0,1.0,B01,138Â 204Â 684,1.0
1012357,201900053888,7,11,11:55,1,2,7,1.0,3.0,75114,BOULEVARD JOURDAN,M,"48,8232430","2,3256190",75,2019,50.0,1.0,1.0,4.0,2263921,1.0,1,4,1,1.0,,0.0,0,1989.0,B01,138Â 204Â 684,2.0,6.0,-1.0,1728093,2.0,7,,0.0,2.0,6.0,A01,138Â 204Â 685,1.0
1012357,201900053888,7,11,11:55,1,2,7,1.0,3.0,75114,BOULEVARD JOURDAN,M,"48,8232430","2,3256190",75,2019,50.0,1.0,1.0,4.0,2263922,1.0,1,1,1,9.0,,0.0,0,1980.0,A01,138Â 204Â 685,1.0,0.0,-1.0,1728092,1.0,33,,0.0,2.0,1.0,B01,138Â 204Â 684,1.0
1012357,201900053888,7,11,11:55,1,2,7,1.0,3.0,75114,BOULEVARD JOURDAN,M,"48,8232430","2,3256190",75,2019,50.0,1.0,1.0,4.0,2263922,1.0,1,1,1,9.0,,0.0,0,1980.0,A01,138Â 204Â 685,1.0,0.0,-1.0,1728093,2.0,7,,0.0,2.0,6.0,A01,138Â 204Â 685,1.0
1012358,201900053889,7,11,00:01,5,2,2,1.0,6.0,75114,BOULEVARD ROMAIN ROLLAND,M,"48,8197990","2,3257590",75,2019,50.0,1.0,1.0,4.0,2263923,1.0,1,4,1,5.0,,0.0,0,1979.0,A01,138Â 204Â 681,2.0,6.0,-1.0,1728094,2.0,33,,0.0,2.0,1.0,A01,138Â 204Â 681,1.0
1012358,201900053889,7,11,00:01,5,2,2,1.0,6.0,75114,BOULEVARD ROMAIN ROLLAND,M,"48,8197990","2,3257590",75,2019,50.0,1.0,1.0,4.0,2263923,1.0,1,4,1,5.0,,0.0,0,1979.0,A01,138Â 204Â 681,2.0,6.0,-1.0,1728095,1.0,30,,0.0,2.0,8.0,Z01,138Â 204Â 682,1.0
1012359,201900053890,3,29,08:31,1,2,1,1.0,2.0,92040,CAPITAINE FERBER (DU),M,"48,8256580","2,2666890",92,2019,50.0,1.0,1.0,4.0,2263924,1.0,1,1,1,1.0,,-1.0,0,1982.0,A01,138Â 204Â 679,1.0,0.0,-1.0,1728096,0.0,3,,0.0,2.0,2.0,A01,138Â 204Â 679,1.0
1012359,201900053890,3,29,08:31,1,2,1,1.0,2.0,92040,CAPITAINE FERBER (DU),M,"48,8256580","2,2666890",92,2019,50.0,1.0,1.0,4.0,2263924,1.0,1,1,1,1.0,,-1.0,0,1982.0,A01,138Â 204Â 679,1.0,0.0,-1.0,1728097,2.0,3,,1.0,0.0,7.0,B01,138Â 204Â 680,1.0
1012359,201900053890,3,29,08:31,1,2,1,1.0,2.0,92040,CAPITAINE FERBER (DU),M,"48,8256580","2,2666890",92,2019,50.0,1.0,1.0,4.0,2263925,1.0,1,4,2,1.0,,-1.0,0,1988.0,B01,138Â 204Â 680,1.0,0.0,-1.0,1728096,0.0,3,,0.0,2.0,2.0,A01,138Â 204Â 679,1.0
1012359,201900053890,3,29,08:31,1,2,1,1.0,2.0,92040,CAPITAINE FERBER (DU),M,"48,8256580","2,2666890",92,2019,50.0,1.0,1.0,4.0,2263925,1.0,1,4,2,1.0,,-1.0,0,1988.0,B01,138Â 204Â 680,1.0,0.0,-1.0,1728097,2.0,3,,1.0,0.0,7.0,B01,138Â 204Â 680,1.0
1012360,201900053891,7,11,00:26,5,2,7,1.0,6.0,75114,AVENUE PAUL APPELL,M,"48,8220540","2,3254000",75,2019,50.0,1.0,1.0,4.0,2263926,1.0,1,4,1,9.0,,0.0,0,1976.0,A01,138Â 204Â 678,2.0,6.0,-1.0,1728098,1.0,10,,0.0,2.0,0.0,Z01,138Â 204Â 677,0.0
1012360,201900053891,7,11,00:26,5,2,7,1.0,6.0,75114,AVENUE PAUL APPELL,M,"48,8220540","2,3254000",75,2019,50.0,1.0,1.0,4.0,2263926,1.0,1,4,1,9.0,,0.0,0,1976.0,A01,138Â 204Â 678,2.0,6.0,-1.0,1728099,2.0,31,,0.0,2.0,0.0,A01,138Â 204Â 678,1.0
1012361,201900053892,3,29,12:05,1,2,1,1.0,2.0,92036,LOUVRESSES (AVENUE),M,"48,9447900","2,3059100",92,2019,50.0,1.0,1.0,4.0,2263927,1.0,1,1,1,4.0,,-1.0,0,1986.0,A01,138Â 204Â 675,1.0,8.0,-1.0,1728100,1.0,10,,0.0,2.0,1.0,A01,138Â 204Â 675,1.0
1012361,201900053892,3,29,12:05,1,2,1,1.0,2.0,92036,LOUVRESSES (AVENUE),M,"48,9447900","2,3059100",92,2019,50.0,1.0,1.0,4.0,2263927,1.0,1,1,1,4.0,,-1.0,0,1986.0,A01,138Â 204Â 675,1.0,8.0,-1.0,1728101,1.0,2,,0.0,2.0,4.0,B01,138Â 204Â 676,1.0
1012361,201900053892,3,29,12:05,1,2,1,1.0,2.0,92036,LOUVRESSES (AVENUE),M,"48,9447900","2,3059100",92,2019,50.0,1.0,1.0,4.0,2263928,1.0,1,4,1,4.0,,-1.0,0,1997.0,B01,138Â 204Â 676,2.0,8.0,-1.0,1728100,1.0,10,,0.0,2.0,1.0,A01,138Â 204Â 675,1.0
1012361,201900053892,3,29,12:05,1,2,1,1.0,2.0,92036,LOUVRESSES (AVENUE),M,"48,9447900","2,3059100",92,2019,50.0,1.0,1.0,4.0,2263928,1.0,1,4,1,4.0,,-1.0,0,1997.0,B01,138Â 204Â 676,2.0,8.0,-1.0,1728101,1.0,2,,0.0,2.0,4.0,B01,138Â 204Â 676,1.0
1012362,201900053893,7,13,18:10,1,2,1,1.0,6.0,75113,AVENUE D IVRY,M,"48,8222670","2,3678270",75,2019,50.0,1.0,1.0,4.0,2263929,1.0,1,4,2,5.0,,0.0,0,1992.0,B01,138Â 204Â 673,2.0,0.0,-1.0,1728102,1.0,1,,0.0,2.0,2.0,B01,138Â 204Â 673,1.0
1012362,201900053893,7,13,18:10,1,2,1,1.0,6.0,75113,AVENUE D IVRY,M,"48,8222670","2,3678270",75,2019,50.0,1.0,1.0,4.0,2263929,1.0,1,4,2,5.0,,0.0,0,1992.0,B01,138Â 204Â 673,2.0,0.0,-1.0,1728103,1.0,7,,0.0,2.0,3.0,A01,138Â 204Â 674,1.0
1012362,201900053893,7,13,18:10,1,2,1,1.0,6.0,75113,AVENUE D IVRY,M,"48,8222670","2,3678270",75,2019,50.0,1.0,1.0,4.0,2263930,1.0,1,1,1,9.0,,0.0,0,1953.0,A01,138Â 204Â 674,1.0,0.0,-1.0,1728102,1.0,1,,0.0,2.0,2.0,B01,138Â 204Â 673,1.0
1012362,201900053893,7,13,18:10,1,2,1,1.0,6.0,75113,AVENUE D IVRY,M,"48,8222670","2,3678270",75,2019,50.0,1.0,1.0,4.0,2263930,1.0,1,1,1,9.0,,0.0,0,1953.0,A01,138Â 204Â 674,1.0,0.0,-1.0,1728103,1.0,7,,0.0,2.0,3.0,A01,138Â 204Â 674,1.0
1012363,201900053894,7,13,01:50,5,2,3,1.0,6.0,75113,BOULEVARD AUGUSTE BLANQUI,M,"48,8297170","2,3495680",75,2019,30.0,4.0,1.0,4.0,2263931,1.0,1,4,1,5.0,,0.0,0,1991.0,A01,138Â 204Â 672,2.0,6.0,-1.0,1728104,1.0,32,,12.0,0.0,7.0,A01,138Â 204Â 672,1.0
1012364,201900053895,3,29,16:35,1,2,1,1.0,6.0,92035,RÃ©publique ( boulevard de la ),M,"48,9066130","2,2464150",92,2019,50.0,1.0,1.0,4.0,2263932,10.0,3,4,1,5.0,,5.0,5,2005.0,A01,138Â 204Â 671,8.0,0.0,-1.0,1728105,3.0,7,,0.0,1.0,2.0,A01,138Â 204Â 671,1.0
1012364,201900053895,3,29,16:35,1,2,1,1.0,6.0,92035,RÃ©publique ( boulevard de la ),M,"48,9066130","2,2464150",92,2019,50.0,1.0,1.0,4.0,2263933,1.0,1,1,2,5.0,,0.0,0,1967.0,A01,138Â 204Â 671,1.0,0.0,-1.0,1728105,3.0,7,,0.0,1.0,2.0,A01,138Â 204Â 671,1.0
1012365,201900053896,7,13,08:00,1,2,7,1.0,3.0,75111,PLACE DE LA BASTILLE,M,"48,8532490","2,3702140",75,2019,50.0,1.0,1.0,4.0,2263934,1.0,1,4,1,9.0,,0.0,0,1972.0,B01,138Â 204Â 669,2.0,6.0,-1.0,1728106,2.0,33,,0.0,2.0,6.0,B01,138Â 204Â 669,1.0
1012365,201900053896,7,13,08:00,1,2,7,1.0,3.0,75111,PLACE DE LA BASTILLE,M,"48,8532490","2,3702140",75,2019,50.0,1.0,1.0,4.0,2263934,1.0,1,4,1,9.0,,0.0,0,1972.0,B01,138Â 204Â 669,2.0,6.0,-1.0,1728107,2.0,7,,0.0,2.0,2.0,A01,138Â 204Â 670,1.0
1012365,201900053896,7,13,08:00,1,2,7,1.0,3.0,75111,PLACE DE LA BASTILLE,M,"48,8532490","2,3702140",75,2019,50.0,1.0,1.0,4.0,2263935,1.0,1,1,1,4.0,,0.0,0,1966.0,A01,138Â 204Â 670,1.0,0.0,-1.0,1728106,2.0,33,,0.0,2.0,6.0,B01,138Â 204Â 669,1.0
1012365,201900053896,7,13,08:00,1,2,7,1.0,3.0,75111,PLACE DE LA BASTILLE,M,"48,8532490","2,3702140",75,2019,50.0,1.0,1.0,4.0,2263935,1.0,1,1,1,4.0,,0.0,0,1966.0,A01,138Â 204Â 670,1.0,0.0,-1.0,1728107,2.0,7,,0.0,2.0,2.0,A01,138Â 204Â 670,1.0
1012366,201900053897,7,12,16:15,1,2,3,1.0,3.0,75112,RUE VILLIOT,M,"48,8408840","2,3738800",75,2019,50.0,1.0,1.0,4.0,2263936,1.0,1,1,1,1.0,,0.0,0,1971.0,A01,138Â 204Â 665,1.0,0.0,-1.0,1728108,2.0,7,,0.0,1.0,1.0,A01,138Â 204Â 665,1.0
1012366,201900053897,7,12,16:15,1,2,3,1.0,3.0,75112,RUE VILLIOT,M,"48,8408840","2,3738800",75,2019,50.0,1.0,1.0,4.0,2263936,1.0,1,1,1,1.0,,0.0,0,1971.0,A01,138Â 204Â 665,1.0,0.0,-1.0,1728109,3.0,60,,0.0,2.0,8.0,B01,138Â 204Â 666,5.0
1012366,201900053897,7,12,16:15,1,2,3,1.0,3.0,75112,RUE VILLIOT,M,"48,8408840","2,3738800",75,2019,50.0,1.0,1.0,4.0,2263937,1.0,1,4,1,5.0,,0.0,0,2007.0,B01,138Â 204Â 666,0.0,0.0,-1.0,1728108,2.0,7,,0.0,1.0,1.0,A01,138Â 204Â 665,1.0
1012366,201900053897,7,12,16:15,1,2,3,1.0,3.0,75112,RUE VILLIOT,M,"48,8408840","2,3738800",75,2019,50.0,1.0,1.0,4.0,2263937,1.0,1,4,1,5.0,,0.0,0,2007.0,B01,138Â 204Â 666,0.0,0.0,-1.0,1728109,3.0,60,,0.0,2.0,8.0,B01,138Â 204Â 666,5.0
1012367,201900053898,7,12,11:02,1,2,3,1.0,3.0,75111,BOULEVARD BEAUMARCHAIS,M,"48,8594970","2,3676500",75,2019,50.0,1.0,1.0,4.0,2263938,1.0,1,4,1,1.0,,0.0,0,1995.0,A01,138Â 204Â 661,2.0,0.0,-1.0,1728110,1.0,33,,0.0,2.0,1.0,A01,138Â 204Â 661,1.0
1012367,201900053898,7,12,11:02,1,2,3,1.0,3.0,75111,BOULEVARD BEAUMARCHAIS,M,"48,8594970","2,3676500",75,2019,50.0,1.0,1.0,4.0,2263938,1.0,1,4,1,1.0,,0.0,0,1995.0,A01,138Â 204Â 661,2.0,0.0,-1.0,1728111,2.0,7,,0.0,2.0,7.0,B01,138Â 204Â 662,1.0
1012367,201900053898,7,12,11:02,1,2,3,1.0,3.0,75111,BOULEVARD BEAUMARCHAIS,M,"48,8594970","2,3676500",75,2019,50.0,1.0,1.0,4.0,2263939,1.0,1,1,1,1.0,,0.0,0,1996.0,B01,138Â 204Â 662,8.0,0.0,-1.0,1728110,1.0,33,,0.0,2.0,1.0,A01,138Â 204Â 661,1.0
1012367,201900053898,7,12,11:02,1,2,3,1.0,3.0,75111,BOULEVARD BEAUMARCHAIS,M,"48,8594970","2,3676500",75,2019,50.0,1.0,1.0,4.0,2263939,1.0,1,1,1,1.0,,0.0,0,1996.0,B01,138Â 204Â 662,8.0,0.0,-1.0,1728111,2.0,7,,0.0,2.0,7.0,B01,138Â 204Â 662,1.0
1012368,201900053899,3,28,08:07,1,2,1,1.0,3.0,92023,CONSTANT PAPE (RUE),M,"48,8076640","2,2530050",92,2019,50.0,1.0,1.0,4.0,2263940,1.0,1,4,2,1.0,,-1.0,0,1965.0,A01,138Â 204Â 660,1.0,0.0,-1.0,1728112,1.0,7,,0.0,2.0,1.0,A01,138Â 204Â 660,1.0
1012368,201900053899,3,28,08:07,1,2,1,1.0,3.0,92023,CONSTANT PAPE (RUE),M,"48,8076640","2,2530050",92,2019,50.0,1.0,1.0,4.0,2263940,1.0,1,4,2,1.0,,-1.0,0,1965.0,A01,138Â 204Â 660,1.0,0.0,-1.0,1728113,1.0,7,,0.0,2.0,7.0,B01,138Â 204Â 663,1.0
1012368,201900053899,3,28,08:07,1,2,1,1.0,3.0,92023,CONSTANT PAPE (RUE),M,"48,8076640","2,2530050",92,2019,50.0,1.0,1.0,4.0,2263941,1.0,1,1,1,9.0,,-1.0,0,1992.0,B01,138Â 204Â 663,1.0,0.0,-1.0,1728112,1.0,7,,0.0,2.0,1.0,A01,138Â 204Â 660,1.0
1012368,201900053899,3,28,08:07,1,2,1,1.0,3.0,92023,CONSTANT PAPE (RUE),M,"48,8076640","2,2530050",92,2019,50.0,1.0,1.0,4.0,2263941,1.0,1,1,1,9.0,,-1.0,0,1992.0,B01,138Â 204Â 663,1.0,0.0,-1.0,1728113,1.0,7,,0.0,2.0,7.0,B01,138Â 204Â 663,1.0
1012369,201900053900,7,11,19:30,1,2,1,1.0,7.0,75111,BOULEVARD BEAUMARCHAIS,M,"48,8550010","2,3686860",75,2019,30.0,6.0,1.0,4.0,2263942,1.0,1,4,1,9.0,,0.0,0,1970.0,A01,138Â 204Â 659,2.0,0.0,-1.0,1728114,1.0,80,,0.0,2.0,0.0,A01,138Â 204Â 659,3.0
1012370,201900053901,3,27,18:00,1,2,1,1.0,6.0,92023,MOULIN DE LA TOUR (BOULEVARD),M,"48,7873600","2,2612700",92,2019,50.0,1.0,1.0,4.0,2263943,10.0,3,4,1,9.0,,3.0,3,2006.0,A01,138Â 204Â 658,8.0,0.0,-1.0,1728115,1.0,7,,0.0,1.0,2.0,A01,138Â 204Â 658,1.0
1012370,201900053901,3,27,18:00,1,2,1,1.0,6.0,92023,MOULIN DE LA TOUR (BOULEVARD),M,"48,7873600","2,2612700",92,2019,50.0,1.0,1.0,4.0,2263944,1.0,1,1,1,9.0,,-1.0,0,1973.0,A01,138Â 204Â 658,1.0,0.0,-1.0,1728115,1.0,7,,0.0,1.0,2.0,A01,138Â 204Â 658,1.0
1012371,201900053902,3,27,17:00,1,2,5,1.0,3.0,92023,GENERAL LECLERC (PLACE DU),M,"48,7771782","2,2313096",92,2019,50.0,1.0,1.0,3.0,2263945,1.0,1,1,1,4.0,,-1.0,0,1959.0,A01,138Â 204Â 655,1.0,8.0,-1.0,1728116,3.0,7,,0.0,2.0,2.0,A01,138Â 204Â 655,1.0
1012371,201900053902,3,27,17:00,1,2,5,1.0,3.0,92023,GENERAL LECLERC (PLACE DU),M,"48,7771782","2,2313096",92,2019,50.0,1.0,1.0,3.0,2263945,1.0,1,1,1,4.0,,-1.0,0,1959.0,A01,138Â 204Â 655,1.0,8.0,-1.0,1728117,3.0,7,,0.0,2.0,3.0,B01,138Â 204Â 657,1.0
1012371,201900053902,3,27,17:00,1,2,5,1.0,3.0,92023,GENERAL LECLERC (PLACE DU),M,"48,7771782","2,2313096",92,2019,50.0,1.0,1.0,3.0,2263946,1.0,1,4,1,4.0,,-1.0,0,1960.0,B01,138Â 204Â 657,1.0,8.0,-1.0,1728116,3.0,7,,0.0,2.0,2.0,A01,138Â 204Â 655,1.0
1012371,201900053902,3,27,17:00,1,2,5,1.0,3.0,92023,GENERAL LECLERC (PLACE DU),M,"48,7771782","2,2313096",92,2019,50.0,1.0,1.0,3.0,2263946,1.0,1,4,1,4.0,,-1.0,0,1960.0,B01,138Â 204Â 657,1.0,8.0,-1.0,1728117,3.0,7,,0.0,2.0,3.0,B01,138Â 204Â 657,1.0
1012372,201900053903,7,13,18:30,1,2,2,1.0,6.0,75109,BOULEVARD DE LA CHAPELLE,M,"48,8836050","2,3495340",75,2019,50.0,5.0,1.0,4.0,2263947,1.0,1,4,1,5.0,,0.0,0,1963.0,A01,138Â 204Â 656,2.0,0.0,-1.0,1728118,2.0,1,,12.0,0.0,1.0,A01,138Â 204Â 656,5.0
1012373,201900053904,1,20,17:50,5,2,5,1.0,3.0,92023,PETIT CLAMART (ROND POINT DU),M,"48,7770100","2,2310200",92,2019,50.0,1.0,1.0,3.0,2263948,1.0,1,1,1,9.0,,-1.0,0,1978.0,A01,138Â 204Â 653,1.0,8.0,-1.0,1728119,3.0,7,,0.0,2.0,2.0,A01,138Â 204Â 653,1.0
1012373,201900053904,1,20,17:50,5,2,5,1.0,3.0,92023,PETIT CLAMART (ROND POINT DU),M,"48,7770100","2,2310200",92,2019,50.0,1.0,1.0,3.0,2263948,1.0,1,1,1,9.0,,-1.0,0,1978.0,A01,138Â 204Â 653,1.0,8.0,-1.0,1728120,1.0,7,,0.0,2.0,1.0,B01,138Â 204Â 654,1.0
1012373,201900053904,1,20,17:50,5,2,5,1.0,3.0,92023,PETIT CLAMART (ROND POINT DU),M,"48,7770100","2,2310200",92,2019,50.0,1.0,1.0,3.0,2263949,1.0,1,4,2,9.0,,-1.0,0,1992.0,B01,138Â 204Â 654,1.0,8.0,-1.0,1728119,3.0,7,,0.0,2.0,2.0,A01,138Â 204Â 653,1.0
1012373,201900053904,1,20,17:50,5,2,5,1.0,3.0,92023,PETIT CLAMART (ROND POINT DU),M,"48,7770100","2,2310200",92,2019,50.0,1.0,1.0,3.0,2263949,1.0,1,4,2,9.0,,-1.0,0,1992.0,B01,138Â 204Â 654,1.0,8.0,-1.0,1728120,1.0,7,,0.0,2.0,1.0,B01,138Â 204Â 654,1.0
1012374,201900053905,7,12,08:35,1,2,2,1.0,3.0,75110,RUE DES PETITS HOTELS,M,"48,8773250","2,3551450",75,2019,30.0,5.0,1.0,4.0,2263950,1.0,1,4,2,9.0,,0.0,0,1963.0,B01,138Â 204Â 651,8.0,0.0,-1.0,1728121,2.0,1,,0.0,2.0,0.0,B01,138Â 204Â 651,5.0
1012374,201900053905,7,12,08:35,1,2,2,1.0,3.0,75110,RUE DES PETITS HOTELS,M,"48,8773250","2,3551450",75,2019,30.0,5.0,1.0,4.0,2263950,1.0,1,4,2,9.0,,0.0,0,1963.0,B01,138Â 204Â 651,8.0,0.0,-1.0,1728122,2.0,32,,0.0,2.0,5.0,A01,138Â 204Â 652,1.0
1012374,201900053905,7,12,08:35,1,2,2,1.0,3.0,75110,RUE DES PETITS HOTELS,M,"48,8773250","2,3551450",75,2019,30.0,5.0,1.0,4.0,2263951,1.0,1,1,1,9.0,,0.0,0,1988.0,A01,138Â 204Â 652,2.0,6.0,-1.0,1728121,2.0,1,,0.0,2.0,0.0,B01,138Â 204Â 651,5.0
1012374,201900053905,7,12,08:35,1,2,2,1.0,3.0,75110,RUE DES PETITS HOTELS,M,"48,8773250","2,3551450",75,2019,30.0,5.0,1.0,4.0,2263951,1.0,1,1,1,9.0,,0.0,0,1988.0,A01,138Â 204Â 652,2.0,6.0,-1.0,1728122,2.0,32,,0.0,2.0,5.0,A01,138Â 204Â 652,1.0
1012375,201900053906,7,12,22:30,5,2,3,1.0,6.0,75109,BOULEVARD HAUSSMANN,M,"48,8726120","2,3357420",75,2019,50.0,1.0,1.0,4.0,2263952,2.0,2,1,2,5.0,,0.0,0,1955.0,A01,138Â 204Â 648,2.0,6.0,-1.0,1728123,1.0,32,,0.0,1.0,1.0,A01,138Â 204Â 648,1.0
1012375,201900053906,7,12,22:30,5,2,3,1.0,6.0,75109,BOULEVARD HAUSSMANN,M,"48,8726120","2,3357420",75,2019,50.0,1.0,1.0,4.0,2263953,10.0,3,4,2,9.0,,3.0,3,1988.0,A01,138Â 204Â 648,8.0,0.0,-1.0,1728123,1.0,32,,0.0,1.0,1.0,A01,138Â 204Â 648,1.0
1012375,201900053906,7,12,22:30,5,2,3,1.0,6.0,75109,BOULEVARD HAUSSMANN,M,"48,8726120","2,3357420",75,2019,50.0,1.0,1.0,4.0,2263954,1.0,1,1,1,5.0,,0.0,0,1954.0,A01,138Â 204Â 648,2.0,6.0,-1.0,1728123,1.0,32,,0.0,1.0,1.0,A01,138Â 204Â 648,1.0