Unnamed: 0_x,num_acc,mois,jour,hrmn,lum,agg,int,atm,col,com,adr,gps,lat,long,dep,annee,vma,situ,surf,catr,Unnamed: 0_y,place,catu,grav,sexe,trajet,secu,locp,actp,an_nais,num_veh_x,id_vehicule_x,secu1,secu2,secu3,Unnamed: 0,senc,catv,occutc,obs,obsm,choc,num_veh_y,id_vehicule_y,motor
1012376,201900053907,7,11,23:00,5,2,2,1.0,3.0,75108,AVENUE GEORGE V,M,"48,8700460","2,3009010",75,2019,50.0,1.0,1.0,4.0,2263955,2.0,2,4,1,9.0,,0.0,0,1997.0,B01,138Â 204Â 644,2.0,6.0,-1.0,1728124,2.0,31,,0.0,2.0,3.0,B01,138Â 204Â 644,1.0
1012376,201900053907,7,11,23:00,5,2,2,1.0,3.0,75108,AVENUE GEORGE V,M,"48,8700460","2,3009010",75,2019,50.0,1.0,1.0,4.0,2263955,2.0,2,4,1,9.0,,0.0,0,1997.0,B01,138Â 204Â 644,2.0,6.0,-1.0,1728125,1.0,7,,0.0,2.0,2.0,A01,138Â 204Â 645,1.0
1012376,201900053907,7,11,23:00,5,2,2,1.0,3.0,75108,AVENUE GEORGE V,M,"48,8700460","2,3009010",75,2019,50.0,1.0,1.0,4.0,2263956,1.0,1,1,1,5.0,,0.0,0,1996.0,B01,138Â 204Â 644,2.0,6.0,-1.0,1728124,2.0,31,,0.0,2.0,3.0,B01,138Â 204Â 644,1.0
1012376,201900053907,7,11,23:00,5,2,2,1.0,3.0,75108,AVENUE GEORGE V,M,"48,8700460","2,3009010",75,2019,50.0,1.0,1.0,4.0,2263956,1.0,1,1,1,5.0,,0.0,0,1996.0,B01,138Â 204Â 644,2.0,6.0,-1.0,1728125,1.0,7,,0.0,2.0,2.0,A01,138Â 204Â 645,1.0
1012376,201900053907,7,11,23:00,5,2,2,1.0,3.0,75108,AVENUE GEORGE V,M,"48,8700460","2,3009010",75,2019,50.0,1.0,1.0,4.0,2263957,1.0,1,1,1,9.0,,0.0,0,1979.0,A01,138Â 204Â 645,1.0,0.0,-1.0,1728124,2.0,31,,0.0,2.0,3.0,B01,138Â 204Â 644,1.0
1012376,201900053907,7,11,23:00,5,2,2,1.0,3.0,75108,AVENUE GEORGE V,M,"48,8700460","2,3009010",75,2019,50.0,1.0,1.0,4.0,2263957,1.0,1,1,1,9.0,,0.0,0,1979.0,A01,138Â 204Â 645,1.0,0.0,-1.0,1728125,1.0,7,,0.0,2.0,2.0,A01,138Â 204Â 645,1.0
1012377,201900053908,3,29,15:30,1,2,1,1.0,2.0,92012,MARCEL SEMBAT (PLACE),M,"48,8337154","2,2434433",92,2019,50.0,1.0,1.0,3.0,2263958,1.0,1,1,1,0.0,,-1.0,0,1980.0,B01,138Â 204Â 649,1.0,0.0,-1.0,1728126,3.0,7,,0.0,2.0,5.0,B01,138Â 204Â 649,1.0
1012377,201900053908,3,29,15:30,1,2,1,1.0,2.0,92012,MARCEL SEMBAT (PLACE),M,"48,8337154","2,2434433",92,2019,50.0,1.0,1.0,3.0,2263958,1.0,1,1,1,0.0,,-1.0,0,1980.0,B01,138Â 204Â 649,1.0,0.0,-1.0,1728127,3.0,33,,0.0,2.0,1.0,A01,138Â 204Â 650,1.0
1012377,201900053908,3,29,15:30,1,2,1,1.0,2.0,92012,MARCEL SEMBAT (PLACE),M,"48,8337154","2,2434433",92,2019,50.0,1.0,1.0,3.0,2263959,1.0,1,3,1,0.0,,-1.0,0,1980.0,A01,138Â 204Â 650,2.0,8.0,-1.0,1728126,3.0,7,,0.0,2.0,5.0,B01,138Â 204Â 649,1.0
1012377,201900053908,3,29,15:30,1,2,1,1.0,2.0,92012,MARCEL SEMBAT (PLACE),M,"48,8337154","2,2434433",92,2019,50.0,1.0,1.0,3.0,2263959,1.0,1,3,1,0.0,,-1.0,0,1980.0,A01,138Â 204Â 650,2.0,8.0,-1.0,1728127,3.0,33,,0.0,2.0,1.0,A01,138Â 204Â 650,1.0
1012378,201900053909,3,28,13:05,1,2,1,1.0,3.0,92012,BILLANCOURT (RUE DE) 106/FIN - COTE PAIR,M,"48,8331800","2,2377300",92,2019,50.0,1.0,1.0,4.0,2263960,1.0,1,4,2,5.0,,0.0,0,2000.0,B01,138Â 204Â 640,8.0,0.0,-1.0,1728128,1.0,99,,1.0,0.0,1.0,B01,138Â 204Â 640,3.0
1012378,201900053909,3,28,13:05,1,2,1,1.0,3.0,92012,BILLANCOURT (RUE DE) 106/FIN - COTE PAIR,M,"48,8331800","2,2377300",92,2019,50.0,1.0,1.0,4.0,2263960,1.0,1,4,2,5.0,,0.0,0,2000.0,B01,138Â 204Â 640,8.0,0.0,-1.0,1728129,1.0,7,,0.0,6.0,8.0,A01,138Â 204Â 641,1.0
1012378,201900053909,3,28,13:05,1,2,1,1.0,3.0,92012,BILLANCOURT (RUE DE) 106/FIN - COTE PAIR,M,"48,8331800","2,2377300",92,2019,50.0,1.0,1.0,4.0,2263961,10.0,3,1,1,4.0,,0.0,A,1969.0,A01,138Â 204Â 641,8.0,0.0,-1.0,1728128,1.0,99,,1.0,0.0,1.0,B01,138Â 204Â 640,3.0
1012378,201900053909,3,28,13:05,1,2,1,1.0,3.0,92012,BILLANCOURT (RUE DE) 106/FIN - COTE PAIR,M,"48,8331800","2,2377300",92,2019,50.0,1.0,1.0,4.0,2263961,10.0,3,1,1,4.0,,0.0,A,1969.0,A01,138Â 204Â 641,8.0,0.0,-1.0,1728129,1.0,7,,0.0,6.0,8.0,A01,138Â 204Â 641,1.0
1012379,201900053910,3,28,07:15,1,2,1,1.0,6.0,92012,GENERAL LECLERC (AVENUE DU) 1/33 - 2/58,M,"48,8322515","2,2391905",92,2019,50.0,1.0,1.0,3.0,2263962,1.0,1,1,1,2.0,,0.0,0,1993.0,A01,138Â 204Â 639,2.0,6.0,-1.0,1728130,2.0,31,,0.0,1.0,1.0,A01,138Â 204Â 639,1.0
1012379,201900053910,3,28,07:15,1,2,1,1.0,6.0,92012,GENERAL LECLERC (AVENUE DU) 1/33 - 2/58,M,"48,8322515","2,2391905",92,2019,50.0,1.0,1.0,3.0,2263963,10.0,3,4,1,2.0,,4.0,3,2005.0,A01,138Â 204Â 639,8.0,0.0,-1.0,1728130,2.0,31,,0.0,1.0,1.0,A01,138Â 204Â 639,1.0
1012380,201900053911,3,29,13:30,1,1,1,1.0,6.0,35177,La CornillÃ¨re,M,"48,2131900"," -1,7689030",35,2019,80.0,8.0,1.0,3.0,2263964,1.0,1,3,1,5.0,,0.0,0,1995.0,A01,138Â 204Â 638,2.0,6.0,9.0,1728131,1.0,33,,15.0,0.0,1.0,A01,138Â 204Â 638,1.0
1012381,201900053912,3,28,14:40,1,2,4,1.0,3.0,01244,RD 65,M,"45,8972220","5,1963910",1,2019,50.0,1.0,1.0,3.0,2263965,1.0,1,4,1,1.0,,0.0,0,1976.0,B01,138Â 204Â 636,2.0,6.0,-1.0,1728132,1.0,31,,0.0,2.0,1.0,B01,138Â 204Â 636,1.0
1012381,201900053912,3,28,14:40,1,2,4,1.0,3.0,01244,RD 65,M,"45,8972220","5,1963910",1,2019,50.0,1.0,1.0,3.0,2263965,1.0,1,4,1,1.0,,0.0,0,1976.0,B01,138Â 204Â 636,2.0,6.0,-1.0,1728133,1.0,7,,0.0,2.0,8.0,A01,138Â 204Â 637,1.0
1012381,201900053912,3,28,14:40,1,2,4,1.0,3.0,01244,RD 65,M,"45,8972220","5,1963910",1,2019,50.0,1.0,1.0,3.0,2263966,1.0,1,1,1,0.0,,0.0,0,1972.0,A01,138Â 204Â 637,1.0,-1.0,-1.0,1728132,1.0,31,,0.0,2.0,1.0,B01,138Â 204Â 636,1.0
1012381,201900053912,3,28,14:40,1,2,4,1.0,3.0,01244,RD 65,M,"45,8972220","5,1963910",1,2019,50.0,1.0,1.0,3.0,2263966,1.0,1,1,1,0.0,,0.0,0,1972.0,A01,138Â 204Â 637,1.0,-1.0,-1.0,1728133,1.0,7,,0.0,2.0,8.0,A01,138Â 204Â 637,1.0
1012382,201900053913,7,11,20:00,1,2,7,1.0,3.0,75108,PLACE CHARLES DE GAULLE,M,"48,8741150","2,2958150",75,2019,50.0,1.0,1.0,4.0,2263967,1.0,1,4,2,1.0,,0.0,0,1986.0,B01,138Â 204Â 642,2.0,6.0,-1.0,1728134,1.0,2,,0.0,2.0,7.0,B01,138Â 204Â 642,1.0
1012382,201900053913,7,11,20:00,1,2,7,1.0,3.0,75108,PLACE CHARLES DE GAULLE,M,"48,8741150","2,2958150",75,2019,50.0,1.0,1.0,4.0,2263967,1.0,1,4,2,1.0,,0.0,0,1986.0,B01,138Â 204Â 642,2.0,6.0,-1.0,1728135,1.0,7,,0.0,2.0,3.0,A01,138Â 204Â 643,1.0
1012382,201900053913,7,11,20:00,1,2,7,1.0,3.0,75108,PLACE CHARLES DE GAULLE,M,"48,8741150","2,2958150",75,2019,50.0,1.0,1.0,4.0,2263968,1.0,1,1,1,1.0,,0.0,0,1969.0,A01,138Â 204Â 643,1.0,0.0,-1.0,1728134,1.0,2,,0.0,2.0,7.0,B01,138Â 204Â 642,1.0
1012382,201900053913,7,11,20:00,1,2,7,1.0,3.0,75108,PLACE CHARLES DE GAULLE,M,"48,8741150","2,2958150",75,2019,50.0,1.0,1.0,4.0,2263968,1.0,1,1,1,1.0,,0.0,0,1969.0,A01,138Â 204Â 643,1.0,0.0,-1.0,1728135,1.0,7,,0.0,2.0,3.0,A01,138Â 204Â 643,1.0
1012383,201900053914,3,30,16:35,1,1,2,1.0,3.0,52274,intersection D65/D3,M,"47,9810800","4,8938210",52,2019,80.0,1.0,1.0,3.0,2263969,1.0,1,1,1,5.0,,0.0,0,1981.0,A01,138Â 204Â 634,1.0,-1.0,-1.0,1728136,1.0,7,,7.0,0.0,7.0,A01,138Â 204Â 634,1.0
1012383,201900053914,3,30,16:35,1,1,2,1.0,3.0,52274,intersection D65/D3,M,"47,9810800","4,8938210",52,2019,80.0,1.0,1.0,3.0,2263969,1.0,1,1,1,5.0,,0.0,0,1981.0,A01,138Â 204Â 634,1.0,-1.0,-1.0,1728137,1.0,7,,0.0,2.0,3.0,B01,138Â 204Â 635,1.0
1012383,201900053914,3,30,16:35,1,1,2,1.0,3.0,52274,intersection D65/D3,M,"47,9810800","4,8938210",52,2019,80.0,1.0,1.0,3.0,2263970,1.0,1,4,2,3.0,,0.0,0,1944.0,B01,138Â 204Â 635,1.0,-1.0,-1.0,1728136,1.0,7,,7.0,0.0,7.0,A01,138Â 204Â 634,1.0
1012383,201900053914,3,30,16:35,1,1,2,1.0,3.0,52274,intersection D65/D3,M,"47,9810800","4,8938210",52,2019,80.0,1.0,1.0,3.0,2263970,1.0,1,4,2,3.0,,0.0,0,1944.0,B01,138Â 204Â 635,1.0,-1.0,-1.0,1728137,1.0,7,,0.0,2.0,3.0,B01,138Â 204Â 635,1.0
1012383,201900053914,3,30,16:35,1,1,2,1.0,3.0,52274,intersection D65/D3,M,"47,9810800","4,8938210",52,2019,80.0,1.0,1.0,3.0,2263971,2.0,2,1,2,3.0,,0.0,0,1966.0,B01,138Â 204Â 635,1.0,-1.0,-1.0,1728136,1.0,7,,7.0,0.0,7.0,A01,138Â 204Â 634,1.0
1012383,201900053914,3,30,16:35,1,1,2,1.0,3.0,52274,intersection D65/D3,M,"47,9810800","4,8938210",52,2019,80.0,1.0,1.0,3.0,2263971,2.0,2,1,2,3.0,,0.0,0,1966.0,B01,138Â 204Â 635,1.0,-1.0,-1.0,1728137,1.0,7,,0.0,2.0,3.0,B01,138Â 204Â 635,1.0
1012384,201900053915,3,31,16:00,1,1,2,1.0,3.0,41157,D63 - Les quatre Routes,M,"47,3841170","1,5595260",41,2019,80.0,1.0,1.0,3.0,2263972,2.0,2,1,2,5.0,,0.0,0,1945.0,B01,138Â 204Â 632,1.0,-1.0,-1.0,1728138,2.0,7,,0.0,0.0,8.0,B01,138Â 204Â 632,1.0
1012384,201900053915,3,31,16:00,1,1,2,1.0,3.0,41157,D63 - Les quatre Routes,M,"47,3841170","1,5595260",41,2019,80.0,1.0,1.0,3.0,2263972,2.0,2,1,2,5.0,,0.0,0,1945.0,B01,138Â 204Â 632,1.0,-1.0,-1.0,1728139,3.0,2,,0.0,2.0,1.0,A01,138Â 204Â 633,1.0
1012384,201900053915,3,31,16:00,1,1,2,1.0,3.0,41157,D63 - Les quatre Routes,M,"47,3841170","1,5595260",41,2019,80.0,1.0,1.0,3.0,2263973,1.0,1,1,1,5.0,,0.0,0,1945.0,B01,138Â 204Â 632,1.0,-1.0,-1.0,1728138,2.0,7,,0.0,0.0,8.0,B01,138Â 204Â 632,1.0
1012384,201900053915,3,31,16:00,1,1,2,1.0,3.0,41157,D63 - Les quatre Routes,M,"47,3841170","1,5595260",41,2019,80.0,1.0,1.0,3.0,2263973,1.0,1,1,1,5.0,,0.0,0,1945.0,B01,138Â 204Â 632,1.0,-1.0,-1.0,1728139,3.0,2,,0.0,2.0,1.0,A01,138Â 204Â 633,1.0
1012384,201900053915,3,31,16:00,1,1,2,1.0,3.0,41157,D63 - Les quatre Routes,M,"47,3841170","1,5595260",41,2019,80.0,1.0,1.0,3.0,2263974,1.0,1,3,1,0.0,,0.0,0,1999.0,A01,138Â 204Â 633,2.0,6.0,-1.0,1728138,2.0,7,,0.0,0.0,8.0,B01,138Â 204Â 632,1.0
1012384,201900053915,3,31,16:00,1,1,2,1.0,3.0,41157,D63 - Les quatre Routes,M,"47,3841170","1,5595260",41,2019,80.0,1.0,1.0,3.0,2263974,1.0,1,3,1,0.0,,0.0,0,1999.0,A01,138Â 204Â 633,2.0,6.0,-1.0,1728139,3.0,2,,0.0,2.0,1.0,A01,138Â 204Â 633,1.0
1012385,201900053916,3,31,05:20,5,2,1,1.0,6.0,41194,66 Rue Auguste Vacher,M,"47,3647110","1,7325070",41,2019,50.0,8.0,1.0,4.0,2263975,1.0,1,3,1,0.0,,0.0,0,1997.0,A01,138Â 204Â 631,0.0,-1.0,-1.0,1728140,0.0,7,,6.0,0.0,1.0,A01,138Â 204Â 631,0.0
1012386,201900053917,3,26,16:35,1,2,1,1.0,6.0,95116,rue de boran,M,"49,1575000","2,3329090",95,2019,50.0,1.0,1.0,4.0,2263976,10.0,3,4,2,4.0,,3.0,9,1971.0,A01,138Â 204Â 630,4.0,-1.0,-1.0,1728141,1.0,7,,0.0,1.0,2.0,A01,138Â 204Â 630,1.0
1012386,201900053917,3,26,16:35,1,2,1,1.0,6.0,95116,rue de boran,M,"49,1575000","2,3329090",95,2019,50.0,1.0,1.0,4.0,2263977,1.0,1,3,1,5.0,,0.0,0,1953.0,A01,138Â 204Â 630,1.0,-1.0,-1.0,1728141,1.0,7,,0.0,1.0,2.0,A01,138Â 204Â 630,1.0
1012387,201900053918,3,29,20:45,3,1,1,1.0,6.0,86123,Route de VouillÃ©,M,"46,5829510","0,1043920",86,2019,80.0,3.0,1.0,3.0,2263978,1.0,1,3,1,0.0,,0.0,0,1978.0,A01,138Â 204Â 629,1.0,-1.0,-1.0,1728142,1.0,7,,13.0,0.0,1.0,A01,138Â 204Â 629,1.0
1012388,201900053919,3,29,19:08,5,2,1,1.0,6.0,57026,Rue Nationale,M,"49,4591480","6,3744730",57,2019,30.0,1.0,1.0,3.0,2263979,10.0,3,2,1,0.0,,2.0,3,1964.0,A01,138Â 204Â 628,0.0,-1.0,-1.0,1728143,1.0,7,,0.0,1.0,2.0,A01,138Â 204Â 628,0.0
1012388,201900053919,3,29,19:08,5,2,1,1.0,6.0,57026,Rue Nationale,M,"49,4591480","6,3744730",57,2019,30.0,1.0,1.0,3.0,2263980,1.0,1,1,1,0.0,,0.0,0,1978.0,A01,138Â 204Â 628,1.0,-1.0,-1.0,1728143,1.0,7,,0.0,1.0,2.0,A01,138Â 204Â 628,0.0
1012389,201900053920,3,29,02:20,3,2,1,1.0,6.0,40065,51 Avenue Jean Lartigau,M,"43,6336240"," -1,4282890",40,2019,50.0,5.0,1.0,3.0,2263981,1.0,1,2,1,5.0,,0.0,0,1995.0,A01,138Â 204Â 627,2.0,-1.0,-1.0,1728144,3.0,2,,15.0,0.0,8.0,A01,138Â 204Â 627,1.0
1012390,201900053921,3,27,09:05,1,2,1,1.0,3.0,83148,Avenue du MarÃ©chal Gallieni,M,"43,4238400","6,4312640",83,2019,50.0,1.0,1.0,4.0,2263982,1.0,1,3,1,5.0,,0.0,0,1925.0,A01,138Â 204Â 625,1.0,-1.0,-1.0,1728145,3.0,7,,0.0,2.0,7.0,A01,138Â 204Â 625,1.0
1012390,201900053921,3,27,09:05,1,2,1,1.0,3.0,83148,Avenue du MarÃ©chal Gallieni,M,"43,4238400","6,4312640",83,2019,50.0,1.0,1.0,4.0,2263982,1.0,1,3,1,5.0,,0.0,0,1925.0,A01,138Â 204Â 625,1.0,-1.0,-1.0,1728146,3.0,7,,0.0,2.0,1.0,B01,138Â 204Â 626,2.0
1012390,201900053921,3,27,09:05,1,2,1,1.0,3.0,83148,Avenue du MarÃ©chal Gallieni,M,"43,4238400","6,4312640",83,2019,50.0,1.0,1.0,4.0,2263983,1.0,1,1,1,0.0,,0.0,0,1966.0,B01,138Â 204Â 626,1.0,-1.0,-1.0,1728145,3.0,7,,0.0,2.0,7.0,A01,138Â 204Â 625,1.0
1012390,201900053921,3,27,09:05,1,2,1,1.0,3.0,83148,Avenue du MarÃ©chal Gallieni,M,"43,4238400","6,4312640",83,2019,50.0,1.0,1.0,4.0,2263983,1.0,1,1,1,0.0,,0.0,0,1966.0,B01,138Â 204Â 626,1.0,-1.0,-1.0,1728146,3.0,7,,0.0,2.0,1.0,B01,138Â 204Â 626,2.0
1012391,201900053922,3,28,21:15,3,1,1,1.0,6.0,11098,D 611 pk14+26 croissant,M,"43,1650380","2,7327700",11,2019,80.0,1.0,1.0,3.0,2263984,1.0,1,1,1,9.0,,0.0,0,1984.0,A01,138Â 204Â 623,1.0,-1.0,-1.0,1728147,2.0,7,,0.0,1.0,2.0,A01,138Â 204Â 623,1.0
1012391,201900053922,3,28,21:15,3,1,1,1.0,6.0,11098,D 611 pk14+26 croissant,M,"43,1650380","2,7327700",11,2019,80.0,1.0,1.0,3.0,2263984,1.0,1,1,1,9.0,,0.0,0,1984.0,A01,138Â 204Â 623,1.0,-1.0,-1.0,1728148,1.0,7,,0.0,1.0,1.0,B01,138Â 204Â 624,1.0
1012391,201900053922,3,28,21:15,3,1,1,1.0,6.0,11098,D 611 pk14+26 croissant,M,"43,1650380","2,7327700",11,2019,80.0,1.0,1.0,3.0,2263985,2.0,2,1,2,9.0,,0.0,0,1963.0,A01,138Â 204Â 623,1.0,-1.0,-1.0,1728147,2.0,7,,0.0,1.0,2.0,A01,138Â 204Â 623,1.0
1012391,201900053922,3,28,21:15,3,1,1,1.0,6.0,11098,D 611 pk14+26 croissant,M,"43,1650380","2,7327700",11,2019,80.0,1.0,1.0,3.0,2263985,2.0,2,1,2,9.0,,0.0,0,1963.0,A01,138Â 204Â 623,1.0,-1.0,-1.0,1728148,1.0,7,,0.0,1.0,1.0,B01,138Â 204Â 624,1.0
1012391,201900053922,3,28,21:15,3,1,1,1.0,6.0,11098,D 611 pk14+26 croissant,M,"43,1650380","2,7327700",11,2019,80.0,1.0,1.0,3.0,2263986,10.0,3,3,1,9.0,,1.0,1,1978.0,A01,138Â 204Â 623,0.0,-1.0,-1.0,1728147,2.0,7,,0.0,1.0,2.0,A01,138Â 204Â 623,1.0
1012391,201900053922,3,28,21:15,3,1,1,1.0,6.0,11098,D 611 pk14+26 croissant,M,"43,1650380","2,7327700",11,2019,80.0,1.0,1.0,3.0,2263986,10.0,3,3,1,9.0,,1.0,1,1978.0,A01,138Â 204Â 623,0.0,-1.0,-1.0,1728148,1.0,7,,0.0,1.0,1.0,B01,138Â 204Â 624,1.0
1012391,201900053922,3,28,21:15,3,1,1,1.0,6.0,11098,D 611 pk14+26 croissant,M,"43,1650380","2,7327700",11,2019,80.0,1.0,1.0,3.0,2263987,1.0,1,1,2,9.0,,0.0,0,1948.0,B01,138Â 204Â 624,1.0,-1.0,-1.0,1728147,2.0,7,,0.0,1.0,2.0,A01,138Â 204Â 623,1.0
1012391,201900053922,3,28,21:15,3,1,1,1.0,6.0,11098,D 611 pk14+26 croissant,M,"43,1650380","2,7327700",11,2019,80.0,1.0,1.0,3.0,2263987,1.0,1,1,2,9.0,,0.0,0,1948.0,B01,138Â 204Â 624,1.0,-1.0,-1.0,1728148,1.0,7,,0.0,1.0,1.0,B01,138Â 204Â 624,1.0
1012392,201900053923,3,30,16:55,1,1,1,1.0,3.0,88085,route du plateau,M,"48,1306860","6,7612320",88,2019,80.0,1.0,1.0,3.0,2263988,1.0,1,1,1,4.0,,0.0,0,1966.0,B01,138Â 204Â 621,9.0,-1.0,-1.0,1728149,2.0,21,,0.0,0.0,6.0,B01,138Â 204Â 621,1.0
1012392,201900053923,3,30,16:55,1,1,1,1.0,3.0,88085,route du plateau,M,"48,1306860","6,7612320",88,2019,80.0,1.0,1.0,3.0,2263988,1.0,1,1,1,4.0,,0.0,0,1966.0,B01,138Â 204Â 621,9.0,-1.0,-1.0,1728150,1.0,33,,0.0,2.0,2.0,A01,138Â 204Â 622,1.0
1012392,201900053923,3,30,16:55,1,1,1,1.0,3.0,88085,route du plateau,M,"48,1306860","6,7612320",88,2019,80.0,1.0,1.0,3.0,2263989,1.0,1,4,1,5.0,,0.0,0,1970.0,A01,138Â 204Â 622,2.0,6.0,-1.0,1728149,2.0,21,,0.0,0.0,6.0,B01,138Â 204Â 621,1.0
1012392,201900053923,3,30,16:55,1,1,1,1.0,3.0,88085,route du plateau,M,"48,1306860","6,7612320",88,2019,80.0,1.0,1.0,3.0,2263989,1.0,1,4,1,5.0,,0.0,0,1970.0,A01,138Â 204Â 622,2.0,6.0,-1.0,1728150,1.0,33,,0.0,2.0,2.0,A01,138Â 204Â 622,1.0
1012393,201900053924,3,31,08:00,1,1,1,1.0,6.0,46103,RD 19 - Lieu Dit Vilas  Ã  FLAUGNAC,M,"44,2880740","1,3835670",46,2019,80.0,3.0,1.0,3.0,2263990,1.0,1,3,1,5.0,,0.0,0,1993.0,A01,138Â 204Â 620,1.0,-1.0,-1.0,1728151,1.0,7,,15.0,0.0,1.0,A01,138Â 204Â 620,1.0
1012394,201900053925,3,31,12:05,1,1,1,1.0,1.0,68300,route dÃ©partementale 55,M,"47,7955480","7,3761790",68,2019,70.0,1.0,1.0,3.0,2263991,1.0,1,4,1,5.0,,0.0,0,1964.0,A01,138Â 204Â 618,1.0,-1.0,-1.0,1728152,1.0,7,,0.0,2.0,3.0,A01,138Â 204Â 618,1.0
1012394,201900053925,3,31,12:05,1,1,1,1.0,1.0,68300,route dÃ©partementale 55,M,"47,7955480","7,3761790",68,2019,70.0,1.0,1.0,3.0,2263991,1.0,1,4,1,5.0,,0.0,0,1964.0,A01,138Â 204Â 618,1.0,-1.0,-1.0,1728153,2.0,7,,0.0,2.0,3.0,B01,138Â 204Â 619,1.0
1012394,201900053925,3,31,12:05,1,1,1,1.0,1.0,68300,route dÃ©partementale 55,M,"47,7955480","7,3761790",68,2019,70.0,1.0,1.0,3.0,2263992,1.0,1,4,1,5.0,,0.0,0,1954.0,B01,138Â 204Â 619,1.0,-1.0,-1.0,1728152,1.0,7,,0.0,2.0,3.0,A01,138Â 204Â 618,1.0
1012394,201900053925,3,31,12:05,1,1,1,1.0,1.0,68300,route dÃ©partementale 55,M,"47,7955480","7,3761790",68,2019,70.0,1.0,1.0,3.0,2263992,1.0,1,4,1,5.0,,0.0,0,1954.0,B01,138Â 204Â 619,1.0,-1.0,-1.0,1728153,2.0,7,,0.0,2.0,3.0,B01,138Â 204Â 619,1.0
1012394,201900053925,3,31,12:05,1,1,1,1.0,1.0,68300,route dÃ©partementale 55,M,"47,7955480","7,3761790",68,2019,70.0,1.0,1.0,3.0,2263993,4.0,2,4,2,5.0,,0.0,0,1953.0,B01,138Â 204Â 619,1.0,-1.0,-1.0,1728152,1.0,7,,0.0,2.0,3.0,A01,138Â 204Â 618,1.0
1012394,201900053925,3,31,12:05,1,1,1,1.0,1.0,68300,route dÃ©partementale 55,M,"47,7955480","7,3761790",68,2019,70.0,1.0,1.0,3.0,2263993,4.0,2,4,2,5.0,,0.0,0,1953.0,B01,138Â 204Â 619,1.0,-1.0,-1.0,1728153,2.0,7,,0.0,2.0,3.0,B01,138Â 204Â 619,1.0
1012394,201900053925,3,31,12:05,1,1,1,1.0,1.0,68300,route dÃ©partementale 55,M,"47,7955480","7,3761790",68,2019,70.0,1.0,1.0,3.0,2263994,2.0,2,1,1,5.0,,0.0,0,1938.0,B01,138Â 204Â 619,1.0,-1.0,-1.0,1728152,1.0,7,,0.0,2.0,3.0,A01,138Â 204Â 618,1.0
1012394,201900053925,3,31,12:05,1,1,1,1.0,1.0,68300,route dÃ©partementale 55,M,"47,7955480","7,3761790",68,2019,70.0,1.0,1.0,3.0,2263994,2.0,2,1,1,5.0,,0.0,0,1938.0,B01,138Â 204Â 619,1.0,-1.0,-1.0,1728153,2.0,7,,0.0,2.0,3.0,B01,138Â 204Â 619,1.0
1012394,201900053925,3,31,12:05,1,1,1,1.0,1.0,68300,route dÃ©partementale 55,M,"47,7955480","7,3761790",68,2019,70.0,1.0,1.0,3.0,2263995,3.0,2,4,2,5.0,,0.0,0,1957.0,B01,138Â 204Â 619,1.0,-1.0,-1.0,1728152,1.0,7,,0.0,2.0,3.0,A01,138Â 204Â 618,1.0
1012394,201900053925,3,31,12:05,1,1,1,1.0,1.0,68300,route dÃ©partementale 55,M,"47,7955480","7,3761790",68,2019,70.0,1.0,1.0,3.0,2263995,3.0,2,4,2,5.0,,0.0,0,1957.0,B01,138Â 204Â 619,1.0,-1.0,-1.0,1728153,2.0,7,,0.0,2.0,3.0,B01,138Â 204Â 619,1.0
1012395,201900053926,3,28,16:30,1,2,4,1.0,3.0,01419,Chemin de PrÃ© Jacquet,M,"46,2296630","5,9976060",1,2019,70.0,1.0,1.0,4.0,2263996,1.0,1,3,1,3.0,,0.0,0,1981.0,B01,138Â 204Â 616,2.0,6.0,-1.0,1728154,0.0,33,,0.0,0.0,1.0,B01,138Â 204Â 616,1.0
1012395,201900053926,3,28,16:30,1,2,4,1.0,3.0,01419,Chemin de PrÃ© Jacquet,M,"46,2296630","5,9976060",1,2019,70.0,1.0,1.0,4.0,2263996,1.0,1,3,1,3.0,,0.0,0,1981.0,B01,138Â 204Â 616,2.0,6.0,-1.0,1728155,0.0,7,,0.0,0.0,3.0,A01,138Â 204Â 617,1.0
1012395,201900053926,3,28,16:30,1,2,4,1.0,3.0,01419,Chemin de PrÃ© Jacquet,M,"46,2296630","5,9976060",1,2019,70.0,1.0,1.0,4.0,2263997,1.0,1,1,1,3.0,,0.0,0,1982.0,A01,138Â 204Â 617,1.0,-1.0,-1.0,1728154,0.0,33,,0.0,0.0,1.0,B01,138Â 204Â 616,1.0
1012395,201900053926,3,28,16:30,1,2,4,1.0,3.0,01419,Chemin de PrÃ© Jacquet,M,"46,2296630","5,9976060",1,2019,70.0,1.0,1.0,4.0,2263997,1.0,1,1,1,3.0,,0.0,0,1982.0,A01,138Â 204Â 617,1.0,-1.0,-1.0,1728155,0.0,7,,0.0,0.0,3.0,A01,138Â 204Â 617,1.0
1012396,201900053927,3,28,09:00,1,1,1,1.0,4.0,22081,route nationale 12,M,"48,4812368"," -2,6382240",22,2019,110.0,1.0,1.0,2.0,2263998,2.0,2,1,1,4.0,,0.0,0,1991.0,A01,138Â 204Â 612,1.0,-1.0,-1.0,1728156,1.0,7,,0.0,2.0,1.0,A01,138Â 204Â 612,1.0