Unnamed: 0_x,num_acc,mois,jour,hrmn,lum,agg,int,atm,col,com,adr,gps,lat,long,dep,annee,vma,situ,surf,catr,Unnamed: 0_y,place,catu,grav,sexe,trajet,secu,locp,actp,an_nais,num_veh_x,id_vehicule_x,secu1,secu2,secu3,Unnamed: 0,senc,catv,occutc,obs,obsm,choc,num_veh_y,id_vehicule_y,motor
1012396,201900053927,3,28,09:00,1,1,1,1.0,4.0,22081,route nationale 12,M,"48,4812368"," -2,6382240",22,2019,110.0,1.0,1.0,2.0,2263998,2.0,2,1,1,4.0,,0.0,0,1991.0,A01,138Â 204Â 612,1.0,-1.0,-1.0,1728157,1.0,10,,0.0,2.0,1.0,B01,138Â 204Â 613,1.0
1012396,201900053927,3,28,09:00,1,1,1,1.0,4.0,22081,route nationale 12,M,"48,4812368"," -2,6382240",22,2019,110.0,1.0,1.0,2.0,2263998,2.0,2,1,1,4.0,,0.0,0,1991.0,A01,138Â 204Â 612,1.0,-1.0,-1.0,1728158,1.0,7,,0.0,0.0,4.0,C01,138Â 204Â 615,1.0
1012396,201900053927,3,28,09:00,1,1,1,1.0,4.0,22081,route nationale 12,M,"48,4812368"," -2,6382240",22,2019,110.0,1.0,1.0,2.0,2263999,1.0,1,1,2,4.0,,0.0,0,1982.0,A01,138Â 204Â 612,1.0,-1.0,-1.0,1728156,1.0,7,,0.0,2.0,1.0,A01,138Â 204Â 612,1.0
1012396,201900053927,3,28,09:00,1,1,1,1.0,4.0,22081,route nationale 12,M,"48,4812368"," -2,6382240",22,2019,110.0,1.0,1.0,2.0,2263999,1.0,1,1,2,4.0,,0.0,0,1982.0,A01,138Â 204Â 612,1.0,-1.0,-1.0,1728157,1.0,10,,0.0,2.0,1.0,B01,138Â 204Â 613,1.0
1012396,201900053927,3,28,09:00,1,1,1,1.0,4.0,22081,route nationale 12,M,"48,4812368"," -2,6382240",22,2019,110.0,1.0,1.0,2.0,2263999,1.0,1,1,2,4.0,,0.0,0,1982.0,A01,138Â 204Â 612,1.0,-1.0,-1.0,1728158,1.0,7,,0.0,0.0,4.0,C01,138Â 204Â 615,1.0
1012396,201900053927,3,28,09:00,1,1,1,1.0,4.0,22081,route nationale 12,M,"48,4812368"," -2,6382240",22,2019,110.0,1.0,1.0,2.0,2264000,8.0,2,1,1,4.0,,0.0,0,2007.0,B01,138Â 204Â 613,9.0,-1.0,-1.0,1728156,1.0,7,,0.0,2.0,1.0,A01,138Â 204Â 612,1.0
1012396,201900053927,3,28,09:00,1,1,1,1.0,4.0,22081,route nationale 12,M,"48,4812368"," -2,6382240",22,2019,110.0,1.0,1.0,2.0,2264000,8.0,2,1,1,4.0,,0.0,0,2007.0,B01,138Â 204Â 613,9.0,-1.0,-1.0,1728157,1.0,10,,0.0,2.0,1.0,B01,138Â 204Â 613,1.0
1012396,201900053927,3,28,09:00,1,1,1,1.0,4.0,22081,route nationale 12,M,"48,4812368"," -2,6382240",22,2019,110.0,1.0,1.0,2.0,2264000,8.0,2,1,1,4.0,,0.0,0,2007.0,B01,138Â 204Â 613,9.0,-1.0,-1.0,1728158,1.0,7,,0.0,0.0,4.0,C01,138Â 204Â 615,1.0
1012396,201900053927,3,28,09:00,1,1,1,1.0,4.0,22081,route nationale 12,M,"48,4812368"," -2,6382240",22,2019,110.0,1.0,1.0,2.0,2264001,9.0,2,1,2,4.0,,0.0,0,2008.0,B01,138Â 204Â 613,9.0,-1.0,-1.0,1728156,1.0,7,,0.0,2.0,1.0,A01,138Â 204Â 612,1.0
1012396,201900053927,3,28,09:00,1,1,1,1.0,4.0,22081,route nationale 12,M,"48,4812368"," -2,6382240",22,2019,110.0,1.0,1.0,2.0,2264001,9.0,2,1,2,4.0,,0.0,0,2008.0,B01,138Â 204Â 613,9.0,-1.0,-1.0,1728157,1.0,10,,0.0,2.0,1.0,B01,138Â 204Â 613,1.0
1012396,201900053927,3,28,09:00,1,1,1,1.0,4.0,22081,route nationale 12,M,"48,4812368"," -2,6382240",22,2019,110.0,1.0,1.0,2.0,2264001,9.0,2,1,2,4.0,,0.0,0,2008.0,B01,138Â 204Â 613,9.0,-1.0,-1.0,1728158,1.0,7,,0.0,0.0,4.0,C01,138Â 204Â 615,1.0
1012396,201900053927,3,28,09:00,1,1,1,1.0,4.0,22081,route nationale 12,M,"48,4812368"," -2,6382240",22,2019,110.0,1.0,1.0,2.0,2264002,5.0,2,3,2,4.0,,0.0,0,2003.0,B01,138Â 204Â 613,9.0,-1.0,-1.0,1728156,1.0,7,,0.0,2.0,1.0,A01,138Â 204Â 612,1.0
1012396,201900053927,3,28,09:00,1,1,1,1.0,4.0,22081,route nationale 12,M,"48,4812368"," -2,6382240",22,2019,110.0,1.0,1.0,2.0,2264002,5.0,2,3,2,4.0,,0.0,0,2003.0,B01,138Â 204Â 613,9.0,-1.0,-1.0,1728157,1.0,10,,0.0,2.0,1.0,B01,138Â 204Â 613,1.0
1012396,201900053927,3,28,09:00,1,1,1,1.0,4.0,22081,route nationale 12,M,"48,4812368"," -2,6382240",22,2019,110.0,1.0,1.0,2.0,2264002,5.0,2,3,2,4.0,,0.0,0,2003.0,B01,138Â 204Â 613,9.0,-1.0,-1.0,1728158,1.0,7,,0.0,0.0,4.0,C01,138Â 204Â 615,1.0
1012396,201900053927,3,28,09:00,1,1,1,1.0,4.0,22081,route nationale 12,M,"48,4812368"," -2,6382240",22,2019,110.0,1.0,1.0,2.0,2264003,1.0,1,1,2,4.0,,0.0,0,1989.0,B01,138Â 204Â 613,1.0,-1.0,-1.0,1728156,1.0,7,,0.0,2.0,1.0,A01,138Â 204Â 612,1.0
1012396,201900053927,3,28,09:00,1,1,1,1.0,4.0,22081,route nationale 12,M,"48,4812368"," -2,6382240",22,2019,110.0,1.0,1.0,2.0,2264003,1.0,1,1,2,4.0,,0.0,0,1989.0,B01,138Â 204Â 613,1.0,-1.0,-1.0,1728157,1.0,10,,0.0,2.0,1.0,B01,138Â 204Â 613,1.0
1012396,201900053927,3,28,09:00,1,1,1,1.0,4.0,22081,route nationale 12,M,"48,4812368"," -2,6382240",22,2019,110.0,1.0,1.0,2.0,2264003,1.0,1,1,2,4.0,,0.0,0,1989.0,B01,138Â 204Â 613,1.0,-1.0,-1.0,1728158,1.0,7,,0.0,0.0,4.0,C01,138Â 204Â 615,1.0
1012396,201900053927,3,28,09:00,1,1,1,1.0,4.0,22081,route nationale 12,M,"48,4812368"," -2,6382240",22,2019,110.0,1.0,1.0,2.0,2264004,1.0,1,4,2,4.0,,0.0,0,1981.0,C01,138Â 204Â 615,1.0,-1.0,-1.0,1728156,1.0,7,,0.0,2.0,1.0,A01,138Â 204Â 612,1.0
1012396,201900053927,3,28,09:00,1,1,1,1.0,4.0,22081,route nationale 12,M,"48,4812368"," -2,6382240",22,2019,110.0,1.0,1.0,2.0,2264004,1.0,1,4,2,4.0,,0.0,0,1981.0,C01,138Â 204Â 615,1.0,-1.0,-1.0,1728157,1.0,10,,0.0,2.0,1.0,B01,138Â 204Â 613,1.0
1012396,201900053927,3,28,09:00,1,1,1,1.0,4.0,22081,route nationale 12,M,"48,4812368"," -2,6382240",22,2019,110.0,1.0,1.0,2.0,2264004,1.0,1,4,2,4.0,,0.0,0,1981.0,C01,138Â 204Â 615,1.0,-1.0,-1.0,1728158,1.0,7,,0.0,0.0,4.0,C01,138Â 204Â 615,1.0
1012397,201900053928,3,29,00:45,3,1,1,5.0,2.0,22354,RN 12 PR 099+500,M,"48,5692820"," -3,2784530",22,2019,110.0,1.0,1.0,2.0,2264005,1.0,1,1,1,5.0,,0.0,0,1990.0,A01,138Â 204Â 610,1.0,-1.0,-1.0,1728159,2.0,7,,0.0,0.0,1.0,A01,138Â 204Â 610,1.0
1012397,201900053928,3,29,00:45,3,1,1,5.0,2.0,22354,RN 12 PR 099+500,M,"48,5692820"," -3,2784530",22,2019,110.0,1.0,1.0,2.0,2264005,1.0,1,1,1,5.0,,0.0,0,1990.0,A01,138Â 204Â 610,1.0,-1.0,-1.0,1728160,2.0,7,,0.0,0.0,4.0,B01,138Â 204Â 611,1.0
1012397,201900053928,3,29,00:45,3,1,1,5.0,2.0,22354,RN 12 PR 099+500,M,"48,5692820"," -3,2784530",22,2019,110.0,1.0,1.0,2.0,2264006,1.0,1,4,1,4.0,,0.0,0,1971.0,B01,138Â 204Â 611,1.0,-1.0,-1.0,1728159,2.0,7,,0.0,0.0,1.0,A01,138Â 204Â 610,1.0
1012397,201900053928,3,29,00:45,3,1,1,5.0,2.0,22354,RN 12 PR 099+500,M,"48,5692820"," -3,2784530",22,2019,110.0,1.0,1.0,2.0,2264006,1.0,1,4,1,4.0,,0.0,0,1971.0,B01,138Â 204Â 611,1.0,-1.0,-1.0,1728160,2.0,7,,0.0,0.0,4.0,B01,138Â 204Â 611,1.0
1012398,201900053929,7,10,12:45,1,2,2,1.0,6.0,75108,RUE PIERRE CHARRON,M,"48,8705260","2,3053100",75,2019,50.0,1.0,1.0,4.0,2264007,10.0,3,4,1,5.0,,4.0,3,1975.0,A01,138Â 204Â 614,8.0,0.0,-1.0,1728161,1.0,7,,0.0,1.0,2.0,A01,138Â 204Â 614,1.0
1012398,201900053929,7,10,12:45,1,2,2,1.0,6.0,75108,RUE PIERRE CHARRON,M,"48,8705260","2,3053100",75,2019,50.0,1.0,1.0,4.0,2264008,1.0,1,1,1,1.0,,0.0,0,1989.0,A01,138Â 204Â 614,1.0,0.0,-1.0,1728161,1.0,7,,0.0,1.0,2.0,A01,138Â 204Â 614,1.0
1012399,201900053930,3,22,15:30,1,2,3,1.0,6.0,97410,RN2 PK 101,M," -21,0800940","55,7449290",974,2019,50.0,1.0,1.0,2.0,2264009,10.0,3,3,1,5.0,,3.0,3,1930.0,A01,138Â 204Â 609,0.0,-1.0,-1.0,1728162,1.0,7,,0.0,1.0,1.0,A01,138Â 204Â 609,1.0
1012399,201900053930,3,22,15:30,1,2,3,1.0,6.0,97410,RN2 PK 101,M," -21,0800940","55,7449290",974,2019,50.0,1.0,1.0,2.0,2264010,1.0,1,1,1,0.0,,0.0,0,1991.0,A01,138Â 204Â 609,1.0,-1.0,-1.0,1728162,1.0,7,,0.0,1.0,1.0,A01,138Â 204Â 609,1.0
1012400,201900053931,3,30,15:54,1,1,1,1.0,7.0,62233,Rue de Nempont,M,"50,3693060","1,6804830",62,2019,80.0,3.0,1.0,3.0,2264011,1.0,1,3,1,5.0,,0.0,0,1951.0,A01,138Â 204Â 607,2.0,-1.0,-1.0,1728163,1.0,1,,16.0,0.0,0.0,A01,138Â 204Â 607,5.0
1012401,201900053932,7,12,16:30,1,2,2,1.0,3.0,75107,QUAI D ORSAY,M,"48,8624010","2,3104010",75,2019,50.0,1.0,1.0,4.0,2264012,1.0,1,4,1,9.0,,0.0,0,1977.0,A01,138Â 204Â 606,2.0,6.0,-1.0,1728164,1.0,34,,0.0,2.0,1.0,A01,138Â 204Â 606,1.0
1012401,201900053932,7,12,16:30,1,2,2,1.0,3.0,75107,QUAI D ORSAY,M,"48,8624010","2,3104010",75,2019,50.0,1.0,1.0,4.0,2264012,1.0,1,4,1,9.0,,0.0,0,1977.0,A01,138Â 204Â 606,2.0,6.0,-1.0,1728165,3.0,1,,0.0,2.0,8.0,B01,138Â 204Â 608,5.0
1012401,201900053932,7,12,16:30,1,2,2,1.0,3.0,75107,QUAI D ORSAY,M,"48,8624010","2,3104010",75,2019,50.0,1.0,1.0,4.0,2264013,1.0,1,4,2,9.0,,0.0,0,2001.0,B01,138Â 204Â 608,8.0,0.0,-1.0,1728164,1.0,34,,0.0,2.0,1.0,A01,138Â 204Â 606,1.0
1012401,201900053932,7,12,16:30,1,2,2,1.0,3.0,75107,QUAI D ORSAY,M,"48,8624010","2,3104010",75,2019,50.0,1.0,1.0,4.0,2264013,1.0,1,4,2,9.0,,0.0,0,2001.0,B01,138Â 204Â 608,8.0,0.0,-1.0,1728165,3.0,1,,0.0,2.0,8.0,B01,138Â 204Â 608,5.0
1012402,201900053933,3,31,06:30,2,2,1,1.0,6.0,60661,70 D1324,M,"49,2352094","2,9799139",60,2019,50.0,4.0,1.0,3.0,2264014,1.0,1,3,2,0.0,,0.0,0,1997.0,A01,138Â 204Â 605,1.0,-1.0,-1.0,1728166,2.0,7,,2.0,0.0,1.0,A01,138Â 204Â 605,1.0
1012403,201900053934,3,28,19:20,2,2,1,1.0,7.0,85064,8 Lotissement des Acacias,M,"46,8316800"," -1,2775600",85,2019,50.0,1.0,1.0,4.0,2264015,1.0,1,3,1,5.0,,0.0,0,1988.0,A01,138Â 204Â 604,2.0,-1.0,-1.0,1728167,3.0,33,,0.0,0.0,0.0,A01,138Â 204Â 604,1.0
1012404,201900053935,7,12,16:30,1,2,3,1.0,3.0,75101,AVENUE GENERAL LEMONNIER,M,"48,8609440","2,3300540",75,2019,50.0,1.0,1.0,4.0,2264016,1.0,1,4,1,9.0,,0.0,0,1980.0,A01,138Â 204Â 602,1.0,0.0,-1.0,1728168,1.0,7,,0.0,2.0,6.0,A01,138Â 204Â 602,1.0
1012404,201900053935,7,12,16:30,1,2,3,1.0,3.0,75101,AVENUE GENERAL LEMONNIER,M,"48,8609440","2,3300540",75,2019,50.0,1.0,1.0,4.0,2264016,1.0,1,4,1,9.0,,0.0,0,1980.0,A01,138Â 204Â 602,1.0,0.0,-1.0,1728169,1.0,7,,0.0,2.0,1.0,B01,138Â 204Â 603,3.0
1012404,201900053935,7,12,16:30,1,2,3,1.0,3.0,75101,AVENUE GENERAL LEMONNIER,M,"48,8609440","2,3300540",75,2019,50.0,1.0,1.0,4.0,2264017,1.0,1,1,1,4.0,,0.0,0,1967.0,B01,138Â 204Â 603,1.0,0.0,-1.0,1728168,1.0,7,,0.0,2.0,6.0,A01,138Â 204Â 602,1.0
1012404,201900053935,7,12,16:30,1,2,3,1.0,3.0,75101,AVENUE GENERAL LEMONNIER,M,"48,8609440","2,3300540",75,2019,50.0,1.0,1.0,4.0,2264017,1.0,1,1,1,4.0,,0.0,0,1967.0,B01,138Â 204Â 603,1.0,0.0,-1.0,1728169,1.0,7,,0.0,2.0,1.0,B01,138Â 204Â 603,3.0
1012405,201900053936,3,30,02:45,3,1,1,1.0,6.0,44089,N165,M,"47,3405140"," -1,8250440",44,2019,110.0,3.0,1.0,2.0,2264018,1.0,1,3,1,5.0,,0.0,0,1989.0,A01,138Â 204Â 601,1.0,-1.0,-1.0,1728170,1.0,7,,13.0,0.0,0.0,A01,138Â 204Â 601,1.0
1012406,201900053937,7,11,06:30,1,2,1,2.0,6.0,75103,RUE DU TEMPLE,M,"48,8607340","2,3553170",75,2019,50.0,1.0,2.0,4.0,2264019,1.0,1,1,1,4.0,,0.0,0,1975.0,A01,138Â 204Â 600,1.0,0.0,-1.0,1728171,1.0,10,,0.0,1.0,2.0,A01,138Â 204Â 600,1.0
1012406,201900053937,7,11,06:30,1,2,1,2.0,6.0,75103,RUE DU TEMPLE,M,"48,8607340","2,3553170",75,2019,50.0,1.0,2.0,4.0,2264020,10.0,3,4,1,5.0,,2.0,3,1985.0,A01,138Â 204Â 600,8.0,0.0,-1.0,1728171,1.0,10,,0.0,1.0,2.0,A01,138Â 204Â 600,1.0
1012407,201900053938,3,21,13:25,1,1,1,1.0,1.0,44098,RN 165,M,"47,4804410"," -2,1871650",44,2019,110.0,1.0,1.0,2.0,2264021,1.0,1,2,1,5.0,,0.0,0,1930.0,A01,138Â 204Â 598,1.0,-1.0,-1.0,1728172,1.0,7,,3.0,2.0,1.0,A01,138Â 204Â 598,1.0
1012407,201900053938,3,21,13:25,1,1,1,1.0,1.0,44098,RN 165,M,"47,4804410"," -2,1871650",44,2019,110.0,1.0,1.0,2.0,2264021,1.0,1,2,1,5.0,,0.0,0,1930.0,A01,138Â 204Â 598,1.0,-1.0,-1.0,1728173,2.0,7,,0.0,2.0,1.0,B01,138Â 204Â 599,1.0
1012407,201900053938,3,21,13:25,1,1,1,1.0,1.0,44098,RN 165,M,"47,4804410"," -2,1871650",44,2019,110.0,1.0,1.0,2.0,2264022,1.0,1,3,1,4.0,,0.0,0,1963.0,B01,138Â 204Â 599,1.0,-1.0,-1.0,1728172,1.0,7,,3.0,2.0,1.0,A01,138Â 204Â 598,1.0
1012407,201900053938,3,21,13:25,1,1,1,1.0,1.0,44098,RN 165,M,"47,4804410"," -2,1871650",44,2019,110.0,1.0,1.0,2.0,2264022,1.0,1,3,1,4.0,,0.0,0,1963.0,B01,138Â 204Â 599,1.0,-1.0,-1.0,1728173,2.0,7,,0.0,2.0,1.0,B01,138Â 204Â 599,1.0
1012408,201900053939,7,13,03:20,5,2,2,1.0,3.0,75103,RUE SAINT MARTIN,M,"48,8630900","2,3524050",75,2019,50.0,1.0,1.0,4.0,2264023,1.0,1,1,1,4.0,,0.0,0,1984.0,B01,138Â 204Â 596,1.0,0.0,-1.0,1728174,2.0,7,,0.0,2.0,7.0,B01,138Â 204Â 596,2.0
1012408,201900053939,7,13,03:20,5,2,2,1.0,3.0,75103,RUE SAINT MARTIN,M,"48,8630900","2,3524050",75,2019,50.0,1.0,1.0,4.0,2264023,1.0,1,1,1,4.0,,0.0,0,1984.0,B01,138Â 204Â 596,1.0,0.0,-1.0,1728175,2.0,2,,0.0,2.0,1.0,A01,138Â 204Â 597,1.0
1012408,201900053939,7,13,03:20,5,2,2,1.0,3.0,75103,RUE SAINT MARTIN,M,"48,8630900","2,3524050",75,2019,50.0,1.0,1.0,4.0,2264024,1.0,1,4,1,9.0,,0.0,0,1984.0,A01,138Â 204Â 597,2.0,6.0,-1.0,1728174,2.0,7,,0.0,2.0,7.0,B01,138Â 204Â 596,2.0
1012408,201900053939,7,13,03:20,5,2,2,1.0,3.0,75103,RUE SAINT MARTIN,M,"48,8630900","2,3524050",75,2019,50.0,1.0,1.0,4.0,2264024,1.0,1,4,1,9.0,,0.0,0,1984.0,A01,138Â 204Â 597,2.0,6.0,-1.0,1728175,2.0,2,,0.0,2.0,1.0,A01,138Â 204Â 597,1.0
1012409,201900053940,3,30,03:44,3,1,1,1.0,6.0,44066,"Route Nationale 137, PR 041.650",M,"47,3701390"," -1,6470090",44,2019,70.0,3.0,1.0,2.0,2264025,9.0,2,3,2,5.0,,0.0,0,1999.0,A01,138Â 204Â 595,1.0,-1.0,-1.0,1728176,1.0,7,,2.0,0.0,1.0,A01,138Â 204Â 595,1.0
1012409,201900053940,3,30,03:44,3,1,1,1.0,6.0,44066,"Route Nationale 137, PR 041.650",M,"47,3701390"," -1,6470090",44,2019,70.0,3.0,1.0,2.0,2264026,2.0,2,4,1,5.0,,0.0,0,1996.0,A01,138Â 204Â 595,1.0,-1.0,-1.0,1728176,1.0,7,,2.0,0.0,1.0,A01,138Â 204Â 595,1.0
1012409,201900053940,3,30,03:44,3,1,1,1.0,6.0,44066,"Route Nationale 137, PR 041.650",M,"47,3701390"," -1,6470090",44,2019,70.0,3.0,1.0,2.0,2264027,1.0,1,1,1,5.0,,0.0,0,1994.0,A01,138Â 204Â 595,1.0,-1.0,-1.0,1728176,1.0,7,,2.0,0.0,1.0,A01,138Â 204Â 595,1.0
1012410,201900053941,7,12,23:14,5,2,3,1.0,3.0,75101,RUE SAINT HONORE,M,"48,8622300","2,3391670",75,2019,50.0,1.0,1.0,4.0,2264028,1.0,1,1,1,9.0,,0.0,0,1970.0,A01,138Â 204Â 593,2.0,6.0,-1.0,1728177,2.0,31,,0.0,2.0,2.0,A01,138Â 204Â 593,1.0
1012410,201900053941,7,12,23:14,5,2,3,1.0,3.0,75101,RUE SAINT HONORE,M,"48,8622300","2,3391670",75,2019,50.0,1.0,1.0,4.0,2264028,1.0,1,1,1,9.0,,0.0,0,1970.0,A01,138Â 204Â 593,2.0,6.0,-1.0,1728178,2.0,7,,0.0,2.0,3.0,B01,138Â 204Â 594,1.0
1012410,201900053941,7,12,23:14,5,2,3,1.0,3.0,75101,RUE SAINT HONORE,M,"48,8622300","2,3391670",75,2019,50.0,1.0,1.0,4.0,2264029,2.0,2,4,2,9.0,,0.0,0,1981.0,A01,138Â 204Â 593,2.0,6.0,-1.0,1728177,2.0,31,,0.0,2.0,2.0,A01,138Â 204Â 593,1.0
1012410,201900053941,7,12,23:14,5,2,3,1.0,3.0,75101,RUE SAINT HONORE,M,"48,8622300","2,3391670",75,2019,50.0,1.0,1.0,4.0,2264029,2.0,2,4,2,9.0,,0.0,0,1981.0,A01,138Â 204Â 593,2.0,6.0,-1.0,1728178,2.0,7,,0.0,2.0,3.0,B01,138Â 204Â 594,1.0
1012410,201900053941,7,12,23:14,5,2,3,1.0,3.0,75101,RUE SAINT HONORE,M,"48,8622300","2,3391670",75,2019,50.0,1.0,1.0,4.0,2264030,1.0,1,1,1,9.0,,0.0,0,2000.0,B01,138Â 204Â 594,1.0,8.0,-1.0,1728177,2.0,31,,0.0,2.0,2.0,A01,138Â 204Â 593,1.0
1012410,201900053941,7,12,23:14,5,2,3,1.0,3.0,75101,RUE SAINT HONORE,M,"48,8622300","2,3391670",75,2019,50.0,1.0,1.0,4.0,2264030,1.0,1,1,1,9.0,,0.0,0,2000.0,B01,138Â 204Â 594,1.0,8.0,-1.0,1728178,2.0,7,,0.0,2.0,3.0,B01,138Â 204Â 594,1.0
1012411,201900053942,3,28,15:20,1,1,1,1.0,3.0,30221,N 580,M,"44,0305140","4,7357200",30,2019,80.0,1.0,1.0,2.0,2264031,1.0,1,3,1,0.0,,0.0,0,1998.0,B01,138Â 204Â 591,2.0,-1.0,-1.0,1728179,1.0,33,,0.0,2.0,8.0,B01,138Â 204Â 591,1.0
1012411,201900053942,3,28,15:20,1,1,1,1.0,3.0,30221,N 580,M,"44,0305140","4,7357200",30,2019,80.0,1.0,1.0,2.0,2264031,1.0,1,3,1,0.0,,0.0,0,1998.0,B01,138Â 204Â 591,2.0,-1.0,-1.0,1728180,1.0,7,,0.0,2.0,7.0,A01,138Â 204Â 592,0.0
1012411,201900053942,3,28,15:20,1,1,1,1.0,3.0,30221,N 580,M,"44,0305140","4,7357200",30,2019,80.0,1.0,1.0,2.0,2264032,2.0,2,4,1,0.0,,0.0,0,1997.0,B01,138Â 204Â 591,2.0,-1.0,-1.0,1728179,1.0,33,,0.0,2.0,8.0,B01,138Â 204Â 591,1.0
1012411,201900053942,3,28,15:20,1,1,1,1.0,3.0,30221,N 580,M,"44,0305140","4,7357200",30,2019,80.0,1.0,1.0,2.0,2264032,2.0,2,4,1,0.0,,0.0,0,1997.0,B01,138Â 204Â 591,2.0,-1.0,-1.0,1728180,1.0,7,,0.0,2.0,7.0,A01,138Â 204Â 592,0.0
1012411,201900053942,3,28,15:20,1,1,1,1.0,3.0,30221,N 580,M,"44,0305140","4,7357200",30,2019,80.0,1.0,1.0,2.0,2264033,1.0,1,1,1,0.0,,0.0,0,1963.0,A01,138Â 204Â 592,1.0,-1.0,-1.0,1728179,1.0,33,,0.0,2.0,8.0,B01,138Â 204Â 591,1.0
1012411,201900053942,3,28,15:20,1,1,1,1.0,3.0,30221,N 580,M,"44,0305140","4,7357200",30,2019,80.0,1.0,1.0,2.0,2264033,1.0,1,1,1,0.0,,0.0,0,1963.0,A01,138Â 204Â 592,1.0,-1.0,-1.0,1728180,1.0,7,,0.0,2.0,7.0,A01,138Â 204Â 592,0.0
1012412,201900053943,7,11,14:45,1,2,7,1.0,3.0,75101,RUE DE ROHAN,M,"48,8632050","2,3355380",75,2019,50.0,1.0,1.0,4.0,2264034,1.0,1,1,1,9.0,,0.0,0,1964.0,A01,138Â 204Â 589,1.0,0.0,-1.0,1728181,1.0,7,,0.0,2.0,8.0,A01,138Â 204Â 589,1.0
1012412,201900053943,7,11,14:45,1,2,7,1.0,3.0,75101,RUE DE ROHAN,M,"48,8632050","2,3355380",75,2019,50.0,1.0,1.0,4.0,2264034,1.0,1,1,1,9.0,,0.0,0,1964.0,A01,138Â 204Â 589,1.0,0.0,-1.0,1728182,1.0,33,,0.0,2.0,7.0,B01,138Â 204Â 590,1.0
1012412,201900053943,7,11,14:45,1,2,7,1.0,3.0,75101,RUE DE ROHAN,M,"48,8632050","2,3355380",75,2019,50.0,1.0,1.0,4.0,2264035,1.0,1,4,1,9.0,,0.0,0,1948.0,B01,138Â 204Â 590,2.0,6.0,-1.0,1728181,1.0,7,,0.0,2.0,8.0,A01,138Â 204Â 589,1.0
1012412,201900053943,7,11,14:45,1,2,7,1.0,3.0,75101,RUE DE ROHAN,M,"48,8632050","2,3355380",75,2019,50.0,1.0,1.0,4.0,2264035,1.0,1,4,1,9.0,,0.0,0,1948.0,B01,138Â 204Â 590,2.0,6.0,-1.0,1728182,1.0,33,,0.0,2.0,7.0,B01,138Â 204Â 590,1.0
1012413,201900053944,3,30,04:36,3,1,1,1.0,6.0,83043,,M,"43,2316750","6,2607630",83,2019,80.0,3.0,1.0,3.0,2264036,1.0,1,3,1,1.0,,0.0,0,1980.0,A01,138Â 204Â 588,1.0,-1.0,-1.0,1728183,2.0,7,,2.0,0.0,1.0,A01,138Â 204Â 588,1.0
1012414,201900053945,7,11,10:55,1,2,1,1.0,6.0,94081,FONTAINEBLEAU (RTE DE),M,"48,7730000","2,3678300",94,2019,50.0,1.0,1.0,3.0,2264037,1.0,1,1,2,9.0,,-1.0, -1,1972.0,B01,138Â 204Â 586,1.0,0.0,-1.0,1728184,2.0,7,,0.0,0.0,6.0,C01,138Â 204Â 585,1.0
1012414,201900053945,7,11,10:55,1,2,1,1.0,6.0,94081,FONTAINEBLEAU (RTE DE),M,"48,7730000","2,3678300",94,2019,50.0,1.0,1.0,3.0,2264037,1.0,1,1,2,9.0,,-1.0, -1,1972.0,B01,138Â 204Â 586,1.0,0.0,-1.0,1728185,1.0,7,,0.0,2.0,2.0,B01,138Â 204Â 586,1.0
1012414,201900053945,7,11,10:55,1,2,1,1.0,6.0,94081,FONTAINEBLEAU (RTE DE),M,"48,7730000","2,3678300",94,2019,50.0,1.0,1.0,3.0,2264037,1.0,1,1,2,9.0,,-1.0, -1,1972.0,B01,138Â 204Â 586,1.0,0.0,-1.0,1728186,1.0,2,,1.0,2.0,1.0,A01,138Â 204Â 587,1.0
1012414,201900053945,7,11,10:55,1,2,1,1.0,6.0,94081,FONTAINEBLEAU (RTE DE),M,"48,7730000","2,3678300",94,2019,50.0,1.0,1.0,3.0,2264038,1.0,1,4,1,5.0,,-1.0, -1,1965.0,A01,138Â 204Â 587,2.0,8.0,-1.0,1728184,2.0,7,,0.0,0.0,6.0,C01,138Â 204Â 585,1.0
1012414,201900053945,7,11,10:55,1,2,1,1.0,6.0,94081,FONTAINEBLEAU (RTE DE),M,"48,7730000","2,3678300",94,2019,50.0,1.0,1.0,3.0,2264038,1.0,1,4,1,5.0,,-1.0, -1,1965.0,A01,138Â 204Â 587,2.0,8.0,-1.0,1728185,1.0,7,,0.0,2.0,2.0,B01,138Â 204Â 586,1.0
1012414,201900053945,7,11,10:55,1,2,1,1.0,6.0,94081,FONTAINEBLEAU (RTE DE),M,"48,7730000","2,3678300",94,2019,50.0,1.0,1.0,3.0,2264038,1.0,1,4,1,5.0,,-1.0, -1,1965.0,A01,138Â 204Â 587,2.0,8.0,-1.0,1728186,1.0,2,,1.0,2.0,1.0,A01,138Â 204Â 587,1.0
1012415,201900053946,7,12,11:15,1,2,1,1.0,5.0,94080,REPUBLIQUE (AV DE LA),M,"48,8516500","2,4372100",94,2019,50.0,1.0,1.0,4.0,2264039,1.0,1,1,1,4.0,,-1.0,0,1970.0,A01,138Â 204Â 580,1.0,8.0,-1.0,1728187,2.0,7,,0.0,2.0,8.0,A01,138Â 204Â 580,1.0