Unnamed: 0_x,num_acc,mois,jour,hrmn,lum,agg,int,atm,col,com,adr,gps,lat,long,dep,annee,vma,situ,surf,catr,Unnamed: 0_y,place,catu,grav,sexe,trajet,secu,locp,actp,an_nais,num_veh_x,id_vehicule_x,secu1,secu2,secu3,Unnamed: 0,senc,catv,occutc,obs,obsm,choc,num_veh_y,id_vehicule_y,motor
1012415,201900053946,7,12,11:15,1,2,1,1.0,5.0,94080,REPUBLIQUE (AV DE LA),M,"48,8516500","2,4372100",94,2019,50.0,1.0,1.0,4.0,2264039,1.0,1,1,1,4.0,,-1.0,0,1970.0,A01,138Â 204Â 580,1.0,8.0,-1.0,1728188,2.0,31,,0.0,2.0,7.0,B01,138Â 204Â 581,1.0
1012415,201900053946,7,12,11:15,1,2,1,1.0,5.0,94080,REPUBLIQUE (AV DE LA),M,"48,8516500","2,4372100",94,2019,50.0,1.0,1.0,4.0,2264039,1.0,1,1,1,4.0,,-1.0,0,1970.0,A01,138Â 204Â 580,1.0,8.0,-1.0,1728189,2.0,7,,0.0,2.0,8.0,C01,138Â 204Â 582,1.0
1012415,201900053946,7,12,11:15,1,2,1,1.0,5.0,94080,REPUBLIQUE (AV DE LA),M,"48,8516500","2,4372100",94,2019,50.0,1.0,1.0,4.0,2264040,2.0,2,4,2,1.0,,-1.0, -1,1991.0,B01,138Â 204Â 581,2.0,0.0,-1.0,1728187,2.0,7,,0.0,2.0,8.0,A01,138Â 204Â 580,1.0
1012415,201900053946,7,12,11:15,1,2,1,1.0,5.0,94080,REPUBLIQUE (AV DE LA),M,"48,8516500","2,4372100",94,2019,50.0,1.0,1.0,4.0,2264040,2.0,2,4,2,1.0,,-1.0, -1,1991.0,B01,138Â 204Â 581,2.0,0.0,-1.0,1728188,2.0,31,,0.0,2.0,7.0,B01,138Â 204Â 581,1.0
1012415,201900053946,7,12,11:15,1,2,1,1.0,5.0,94080,REPUBLIQUE (AV DE LA),M,"48,8516500","2,4372100",94,2019,50.0,1.0,1.0,4.0,2264040,2.0,2,4,2,1.0,,-1.0, -1,1991.0,B01,138Â 204Â 581,2.0,0.0,-1.0,1728189,2.0,7,,0.0,2.0,8.0,C01,138Â 204Â 582,1.0
1012415,201900053946,7,12,11:15,1,2,1,1.0,5.0,94080,REPUBLIQUE (AV DE LA),M,"48,8516500","2,4372100",94,2019,50.0,1.0,1.0,4.0,2264041,1.0,1,4,1,5.0,,-1.0, -1,1993.0,B01,138Â 204Â 581,2.0,0.0,-1.0,1728187,2.0,7,,0.0,2.0,8.0,A01,138Â 204Â 580,1.0
1012415,201900053946,7,12,11:15,1,2,1,1.0,5.0,94080,REPUBLIQUE (AV DE LA),M,"48,8516500","2,4372100",94,2019,50.0,1.0,1.0,4.0,2264041,1.0,1,4,1,5.0,,-1.0, -1,1993.0,B01,138Â 204Â 581,2.0,0.0,-1.0,1728188,2.0,31,,0.0,2.0,7.0,B01,138Â 204Â 581,1.0
1012415,201900053946,7,12,11:15,1,2,1,1.0,5.0,94080,REPUBLIQUE (AV DE LA),M,"48,8516500","2,4372100",94,2019,50.0,1.0,1.0,4.0,2264041,1.0,1,4,1,5.0,,-1.0, -1,1993.0,B01,138Â 204Â 581,2.0,0.0,-1.0,1728189,2.0,7,,0.0,2.0,8.0,C01,138Â 204Â 582,1.0
1012415,201900053946,7,12,11:15,1,2,1,1.0,5.0,94080,REPUBLIQUE (AV DE LA),M,"48,8516500","2,4372100",94,2019,50.0,1.0,1.0,4.0,2264042,1.0,1,1,1,5.0,,-1.0, -1,1987.0,C01,138Â 204Â 582,1.0,0.0,-1.0,1728187,2.0,7,,0.0,2.0,8.0,A01,138Â 204Â 580,1.0
1012415,201900053946,7,12,11:15,1,2,1,1.0,5.0,94080,REPUBLIQUE (AV DE LA),M,"48,8516500","2,4372100",94,2019,50.0,1.0,1.0,4.0,2264042,1.0,1,1,1,5.0,,-1.0, -1,1987.0,C01,138Â 204Â 582,1.0,0.0,-1.0,1728188,2.0,31,,0.0,2.0,7.0,B01,138Â 204Â 581,1.0
1012415,201900053946,7,12,11:15,1,2,1,1.0,5.0,94080,REPUBLIQUE (AV DE LA),M,"48,8516500","2,4372100",94,2019,50.0,1.0,1.0,4.0,2264042,1.0,1,1,1,5.0,,-1.0, -1,1987.0,C01,138Â 204Â 582,1.0,0.0,-1.0,1728189,2.0,7,,0.0,2.0,8.0,C01,138Â 204Â 582,1.0
1012416,201900053947,3,30,17:35,3,1,1,1.0,3.0,66096,Avenue du GÃ©nÃ©ral de Gaulle,M,"42,7678100","2,6593100",66,2019,80.0,1.0,1.0,3.0,2264043,2.0,2,1,1,0.0,,0.0,0,1985.0,A01,138Â 204Â 583,1.0,-1.0,-1.0,1728190,1.0,7,,0.0,2.0,1.0,A01,138Â 204Â 583,1.0
1012416,201900053947,3,30,17:35,3,1,1,1.0,3.0,66096,Avenue du GÃ©nÃ©ral de Gaulle,M,"42,7678100","2,6593100",66,2019,80.0,1.0,1.0,3.0,2264043,2.0,2,1,1,0.0,,0.0,0,1985.0,A01,138Â 204Â 583,1.0,-1.0,-1.0,1728191,2.0,7,,0.0,2.0,3.0,B01,138Â 204Â 584,1.0
1012416,201900053947,3,30,17:35,3,1,1,1.0,3.0,66096,Avenue du GÃ©nÃ©ral de Gaulle,M,"42,7678100","2,6593100",66,2019,80.0,1.0,1.0,3.0,2264044,1.0,1,4,1,5.0,,0.0,0,1982.0,A01,138Â 204Â 583,1.0,-1.0,-1.0,1728190,1.0,7,,0.0,2.0,1.0,A01,138Â 204Â 583,1.0
1012416,201900053947,3,30,17:35,3,1,1,1.0,3.0,66096,Avenue du GÃ©nÃ©ral de Gaulle,M,"42,7678100","2,6593100",66,2019,80.0,1.0,1.0,3.0,2264044,1.0,1,4,1,5.0,,0.0,0,1982.0,A01,138Â 204Â 583,1.0,-1.0,-1.0,1728191,2.0,7,,0.0,2.0,3.0,B01,138Â 204Â 584,1.0
1012416,201900053947,3,30,17:35,3,1,1,1.0,3.0,66096,Avenue du GÃ©nÃ©ral de Gaulle,M,"42,7678100","2,6593100",66,2019,80.0,1.0,1.0,3.0,2264045,2.0,2,1,1,2.0,,0.0,0,2004.0,B01,138Â 204Â 584,1.0,-1.0,-1.0,1728190,1.0,7,,0.0,2.0,1.0,A01,138Â 204Â 583,1.0
1012416,201900053947,3,30,17:35,3,1,1,1.0,3.0,66096,Avenue du GÃ©nÃ©ral de Gaulle,M,"42,7678100","2,6593100",66,2019,80.0,1.0,1.0,3.0,2264045,2.0,2,1,1,2.0,,0.0,0,2004.0,B01,138Â 204Â 584,1.0,-1.0,-1.0,1728191,2.0,7,,0.0,2.0,3.0,B01,138Â 204Â 584,1.0
1012416,201900053947,3,30,17:35,3,1,1,1.0,3.0,66096,Avenue du GÃ©nÃ©ral de Gaulle,M,"42,7678100","2,6593100",66,2019,80.0,1.0,1.0,3.0,2264046,1.0,1,4,2,5.0,,0.0,0,1981.0,B01,138Â 204Â 584,1.0,-1.0,-1.0,1728190,1.0,7,,0.0,2.0,1.0,A01,138Â 204Â 583,1.0
1012416,201900053947,3,30,17:35,3,1,1,1.0,3.0,66096,Avenue du GÃ©nÃ©ral de Gaulle,M,"42,7678100","2,6593100",66,2019,80.0,1.0,1.0,3.0,2264046,1.0,1,4,2,5.0,,0.0,0,1981.0,B01,138Â 204Â 584,1.0,-1.0,-1.0,1728191,2.0,7,,0.0,2.0,3.0,B01,138Â 204Â 584,1.0
1012417,201900053948,7,10,02:45,5,2,1,1.0,6.0,94076,PAUL VAILLANT COUTURIER (AV),M,"48,7940000","2,3600000",94,2019,50.0,1.0,1.0,3.0,2264047,1.0,1,4,1,0.0,,-1.0, -1,1994.0,A01,138Â 204Â 579,2.0,0.0,-1.0,1728192,3.0,30,,1.0,0.0,2.0,A01,138Â 204Â 579,1.0
1012418,201900053949,3,28,17:30,1,1,9,7.0,3.0,66050,Sant Jaume du Crest,M,"42,7729600","2,9117600",66,2019,50.0,1.0,1.0,4.0,2264048,1.0,1,1,1,0.0,,0.0,0,1964.0,A01,138Â 204Â 577,1.0,-1.0,-1.0,1728193,0.0,10,,0.0,2.0,3.0,A01,138Â 204Â 577,1.0
1012418,201900053949,3,28,17:30,1,1,9,7.0,3.0,66050,Sant Jaume du Crest,M,"42,7729600","2,9117600",66,2019,50.0,1.0,1.0,4.0,2264048,1.0,1,1,1,0.0,,0.0,0,1964.0,A01,138Â 204Â 577,1.0,-1.0,-1.0,1728194,0.0,31,,0.0,2.0,1.0,B01,138Â 204Â 578,1.0
1012418,201900053949,3,28,17:30,1,1,9,7.0,3.0,66050,Sant Jaume du Crest,M,"42,7729600","2,9117600",66,2019,50.0,1.0,1.0,4.0,2264049,1.0,1,3,1,1.0,,0.0,0,1972.0,B01,138Â 204Â 578,2.0,6.0,-1.0,1728193,0.0,10,,0.0,2.0,3.0,A01,138Â 204Â 577,1.0
1012418,201900053949,3,28,17:30,1,1,9,7.0,3.0,66050,Sant Jaume du Crest,M,"42,7729600","2,9117600",66,2019,50.0,1.0,1.0,4.0,2264049,1.0,1,3,1,1.0,,0.0,0,1972.0,B01,138Â 204Â 578,2.0,6.0,-1.0,1728194,0.0,31,,0.0,2.0,1.0,B01,138Â 204Â 578,1.0
1012419,201900053950,7,12,12:00,1,2,1,1.0,6.0,94003,CONVENTION (AV DE LA),M,"48,8016500","2,3335600",94,2019,50.0,1.0,1.0,4.0,2264050,10.0,3,4,1,0.0,,2.0,9,1985.0,A01,138Â 204Â 576,0.0,-1.0,-1.0,1728195,1.0,7,,1.0,1.0,1.0,A01,138Â 204Â 576,1.0
1012419,201900053950,7,12,12:00,1,2,1,1.0,6.0,94003,CONVENTION (AV DE LA),M,"48,8016500","2,3335600",94,2019,50.0,1.0,1.0,4.0,2264051,1.0,1,1,1,9.0,,-1.0, -1,1969.0,A01,138Â 204Â 576,8.0,0.0,-1.0,1728195,1.0,7,,1.0,1.0,1.0,A01,138Â 204Â 576,1.0
1012420,201900053951,3,31,08:50,1,1,1,1.0,6.0,91617,RN6,M,"48,6394110","2,5355090",91,2019,70.0,1.0,1.0,2.0,2264052,1.0,1,2,1,1.0,,0.0,0,1984.0,A01,138Â 204Â 575,2.0,-1.0,-1.0,1728196,2.0,33,,3.0,0.0,0.0,A01,138Â 204Â 575,1.0
1012421,201900053952,3,30,19:45,3,1,1,1.0,7.0,56122,RD157 rue Haute,M,"47,9945940"," -2,3904120",56,2019,80.0,3.0,1.0,3.0,2264053,1.0,1,3,1,0.0,,0.0,0,1982.0,A01,138Â 204Â 573,2.0,9.0,-1.0,1728197,1.0,33,,16.0,0.0,1.0,A01,138Â 204Â 573,0.0
1012422,201900053953,7,11,14:40,1,2,2,1.0,3.0,94076,MAXIME GORKI (BD),M,"48,7919700","2,3699000",94,2019,50.0,1.0,1.0,3.0,2264054,1.0,1,4,1,9.0,,-1.0, -1,1971.0,A01,138Â 204Â 572,1.0,5.0,-1.0,1728198,1.0,7,,0.0,2.0,1.0,A01,138Â 204Â 572,1.0
1012422,201900053953,7,11,14:40,1,2,2,1.0,3.0,94076,MAXIME GORKI (BD),M,"48,7919700","2,3699000",94,2019,50.0,1.0,1.0,3.0,2264054,1.0,1,4,1,9.0,,-1.0, -1,1971.0,A01,138Â 204Â 572,1.0,5.0,-1.0,1728199,1.0,7,,0.0,2.0,7.0,B01,138Â 204Â 574,1.0
1012422,201900053953,7,11,14:40,1,2,2,1.0,3.0,94076,MAXIME GORKI (BD),M,"48,7919700","2,3699000",94,2019,50.0,1.0,1.0,3.0,2264055,1.0,1,1,2,4.0,,-1.0, -1,1992.0,B01,138Â 204Â 574,1.0,0.0,-1.0,1728198,1.0,7,,0.0,2.0,1.0,A01,138Â 204Â 572,1.0
1012422,201900053953,7,11,14:40,1,2,2,1.0,3.0,94076,MAXIME GORKI (BD),M,"48,7919700","2,3699000",94,2019,50.0,1.0,1.0,3.0,2264055,1.0,1,1,2,4.0,,-1.0, -1,1992.0,B01,138Â 204Â 574,1.0,0.0,-1.0,1728199,1.0,7,,0.0,2.0,7.0,B01,138Â 204Â 574,1.0
1012423,201900053954,3,30,18:20,1,1,2,7.0,5.0,56034,Keriaval,M,"47,6154690"," -3,0853850",56,2019,80.0,1.0,1.0,3.0,2264056,1.0,1,1,2,5.0,,0.0,0,1938.0,A01,138Â 204Â 569,1.0,-1.0,-1.0,1728200,1.0,7,,0.0,2.0,9.0,A01,138Â 204Â 569,1.0
1012423,201900053954,3,30,18:20,1,1,2,7.0,5.0,56034,Keriaval,M,"47,6154690"," -3,0853850",56,2019,80.0,1.0,1.0,3.0,2264056,1.0,1,1,2,5.0,,0.0,0,1938.0,A01,138Â 204Â 569,1.0,-1.0,-1.0,1728201,1.0,33,,0.0,2.0,1.0,B01,138Â 204Â 570,1.0
1012423,201900053954,3,30,18:20,1,1,2,7.0,5.0,56034,Keriaval,M,"47,6154690"," -3,0853850",56,2019,80.0,1.0,1.0,3.0,2264056,1.0,1,1,2,5.0,,0.0,0,1938.0,A01,138Â 204Â 569,1.0,-1.0,-1.0,1728202,1.0,33,,0.0,2.0,1.0,C01,138Â 204Â 571,1.0
1012423,201900053954,3,30,18:20,1,1,2,7.0,5.0,56034,Keriaval,M,"47,6154690"," -3,0853850",56,2019,80.0,1.0,1.0,3.0,2264057,1.0,1,3,1,5.0,,0.0,0,1997.0,B01,138Â 204Â 570,2.0,6.0,-1.0,1728200,1.0,7,,0.0,2.0,9.0,A01,138Â 204Â 569,1.0
1012423,201900053954,3,30,18:20,1,1,2,7.0,5.0,56034,Keriaval,M,"47,6154690"," -3,0853850",56,2019,80.0,1.0,1.0,3.0,2264057,1.0,1,3,1,5.0,,0.0,0,1997.0,B01,138Â 204Â 570,2.0,6.0,-1.0,1728201,1.0,33,,0.0,2.0,1.0,B01,138Â 204Â 570,1.0
1012423,201900053954,3,30,18:20,1,1,2,7.0,5.0,56034,Keriaval,M,"47,6154690"," -3,0853850",56,2019,80.0,1.0,1.0,3.0,2264057,1.0,1,3,1,5.0,,0.0,0,1997.0,B01,138Â 204Â 570,2.0,6.0,-1.0,1728202,1.0,33,,0.0,2.0,1.0,C01,138Â 204Â 571,1.0
1012423,201900053954,3,30,18:20,1,1,2,7.0,5.0,56034,Keriaval,M,"47,6154690"," -3,0853850",56,2019,80.0,1.0,1.0,3.0,2264058,1.0,1,4,1,5.0,,0.0,0,1992.0,C01,138Â 204Â 571,2.0,6.0,-1.0,1728200,1.0,7,,0.0,2.0,9.0,A01,138Â 204Â 569,1.0
1012423,201900053954,3,30,18:20,1,1,2,7.0,5.0,56034,Keriaval,M,"47,6154690"," -3,0853850",56,2019,80.0,1.0,1.0,3.0,2264058,1.0,1,4,1,5.0,,0.0,0,1992.0,C01,138Â 204Â 571,2.0,6.0,-1.0,1728201,1.0,33,,0.0,2.0,1.0,B01,138Â 204Â 570,1.0
1012423,201900053954,3,30,18:20,1,1,2,7.0,5.0,56034,Keriaval,M,"47,6154690"," -3,0853850",56,2019,80.0,1.0,1.0,3.0,2264058,1.0,1,4,1,5.0,,0.0,0,1992.0,C01,138Â 204Â 571,2.0,6.0,-1.0,1728202,1.0,33,,0.0,2.0,1.0,C01,138Â 204Â 571,1.0
1012424,201900053955,3,26,01:30,5,2,6,1.0,7.0,56034,Avenue des Druides,M,"47,5761470"," -3,0577630",56,2019,50.0,1.0,1.0,4.0,2264059,1.0,1,3,2,5.0,,0.0,0,1991.0,A01,138Â 204Â 568,1.0,-1.0,-1.0,1728203,1.0,7,,14.0,0.0,1.0,A01,138Â 204Â 568,1.0
1012425,201900053956,3,30,17:30,1,1,3,1.0,3.0,56147,Bel Essor,M,"47,5387650"," -2,2274840",56,2019,80.0,1.0,1.0,3.0,2264060,1.0,1,3,1,5.0,,0.0,0,2002.0,A01,138Â 204Â 566,2.0,6.0,-1.0,1728204,2.0,2,,0.0,2.0,3.0,A01,138Â 204Â 566,1.0
1012425,201900053956,3,30,17:30,1,1,3,1.0,3.0,56147,Bel Essor,M,"47,5387650"," -2,2274840",56,2019,80.0,1.0,1.0,3.0,2264060,1.0,1,3,1,5.0,,0.0,0,2002.0,A01,138Â 204Â 566,2.0,6.0,-1.0,1728205,1.0,7,,0.0,2.0,2.0,B01,138Â 204Â 567,1.0
1012425,201900053956,3,30,17:30,1,1,3,1.0,3.0,56147,Bel Essor,M,"47,5387650"," -2,2274840",56,2019,80.0,1.0,1.0,3.0,2264061,1.0,1,1,1,5.0,,0.0,0,1989.0,B01,138Â 204Â 567,1.0,-1.0,-1.0,1728204,2.0,2,,0.0,2.0,3.0,A01,138Â 204Â 566,1.0
1012425,201900053956,3,30,17:30,1,1,3,1.0,3.0,56147,Bel Essor,M,"47,5387650"," -2,2274840",56,2019,80.0,1.0,1.0,3.0,2264061,1.0,1,1,1,5.0,,0.0,0,1989.0,B01,138Â 204Â 567,1.0,-1.0,-1.0,1728205,1.0,7,,0.0,2.0,2.0,B01,138Â 204Â 567,1.0
1012426,201900053957,3,29,17:30,1,1,3,1.0,3.0,56052,Route de Muzillac,M,"47,5265400"," -2,5662500",56,2019,80.0,1.0,1.0,3.0,2264062,1.0,1,3,1,5.0,,0.0,0,1944.0,B01,138Â 204Â 564,1.0,-1.0,-1.0,1728206,2.0,7,,0.0,2.0,1.0,B01,138Â 204Â 564,1.0
1012426,201900053957,3,29,17:30,1,1,3,1.0,3.0,56052,Route de Muzillac,M,"47,5265400"," -2,5662500",56,2019,80.0,1.0,1.0,3.0,2264062,1.0,1,3,1,5.0,,0.0,0,1944.0,B01,138Â 204Â 564,1.0,-1.0,-1.0,1728207,1.0,17,,0.0,2.0,6.0,A01,138Â 204Â 565,1.0
1012426,201900053957,3,29,17:30,1,1,3,1.0,3.0,56052,Route de Muzillac,M,"47,5265400"," -2,5662500",56,2019,80.0,1.0,1.0,3.0,2264063,1.0,1,1,1,4.0,,0.0,0,1992.0,A01,138Â 204Â 565,0.0,-1.0,-1.0,1728206,2.0,7,,0.0,2.0,1.0,B01,138Â 204Â 564,1.0
1012426,201900053957,3,29,17:30,1,1,3,1.0,3.0,56052,Route de Muzillac,M,"47,5265400"," -2,5662500",56,2019,80.0,1.0,1.0,3.0,2264063,1.0,1,1,1,4.0,,0.0,0,1992.0,A01,138Â 204Â 565,0.0,-1.0,-1.0,1728207,1.0,17,,0.0,2.0,6.0,A01,138Â 204Â 565,1.0
1012427,201900053958,7,12,15:15,1,2,3,1.0,6.0,94073,GEORGES HALGOULT (R),M,"48,7603961","2,3995417",94,2019,50.0,1.0,1.0,3.0,2264064,10.0,3,4,1,5.0,,1.0,3,1955.0,B01,138Â 204Â 563,8.0,0.0,-1.0,1728208,3.0,37,1.0,0.0,1.0,5.0,B01,138Â 204Â 563,1.0
1012427,201900053958,7,12,15:15,1,2,3,1.0,6.0,94073,GEORGES HALGOULT (R),M,"48,7603961","2,3995417",94,2019,50.0,1.0,1.0,3.0,2264065,1.0,1,1,1,9.0,,0.0,0,1967.0,B01,138Â 204Â 563,8.0,0.0,-1.0,1728208,3.0,37,1.0,0.0,1.0,5.0,B01,138Â 204Â 563,1.0
1012428,201900053959,3,31,00:30,3,1,3,1.0,6.0,74282,Route des Noyers (Thorens-GliÃ¨res),M,"46,0089910","6,2725650",74,2019,80.0,8.0,1.0,4.0,2264066,1.0,1,3,1,5.0,,0.0,0,1998.0,A01,138Â 204Â 562,0.0,-1.0,-1.0,1728209,0.0,7,,2.0,0.0,1.0,A01,138Â 204Â 562,1.0
1012428,201900053959,3,31,00:30,3,1,3,1.0,6.0,74282,Route des Noyers (Thorens-GliÃ¨res),M,"46,0089910","6,2725650",74,2019,80.0,8.0,1.0,4.0,2264067,2.0,2,1,1,5.0,,0.0,0,2001.0,A01,138Â 204Â 562,1.0,-1.0,-1.0,1728209,0.0,7,,2.0,0.0,1.0,A01,138Â 204Â 562,1.0
1012428,201900053959,3,31,00:30,3,1,3,1.0,6.0,74282,Route des Noyers (Thorens-GliÃ¨res),M,"46,0089910","6,2725650",74,2019,80.0,8.0,1.0,4.0,2264068,9.0,2,1,2,5.0,,0.0,0,1975.0,A01,138Â 204Â 562,1.0,-1.0,-1.0,1728209,0.0,7,,2.0,0.0,1.0,A01,138Â 204Â 562,1.0
1012428,201900053959,3,31,00:30,3,1,3,1.0,6.0,74282,Route des Noyers (Thorens-GliÃ¨res),M,"46,0089910","6,2725650",74,2019,80.0,8.0,1.0,4.0,2264069,7.0,2,1,2,5.0,,0.0,0,2003.0,A01,138Â 204Â 562,1.0,-1.0,-1.0,1728209,0.0,7,,2.0,0.0,1.0,A01,138Â 204Â 562,1.0
1012428,201900053959,3,31,00:30,3,1,3,1.0,6.0,74282,Route des Noyers (Thorens-GliÃ¨res),M,"46,0089910","6,2725650",74,2019,80.0,8.0,1.0,4.0,2264070,8.0,2,1,1,5.0,,0.0,0,2002.0,A01,138Â 204Â 562,0.0,-1.0,-1.0,1728209,0.0,7,,2.0,0.0,1.0,A01,138Â 204Â 562,1.0
1012429,201900053960,3,29,10:20,1,1,1,1.0,7.0,67401,Rd 1061,M,"48,9209700","7,1185790",67,2019,80.0,1.0,1.0,3.0,2264071,1.0,1,3,1,2.0,,0.0,0,2003.0,A01,138Â 204Â 559,2.0,-1.0,-1.0,1728210,2.0,2,,0.0,0.0,7.0,A01,138Â 204Â 559,6.0
1012430,201900053961,7,13,04:40,5,2,1,1.0,6.0,94028,BASSE QUINTE.(RUE DE LA),M,"48,7746400","2,4415500",94,2019,50.0,1.0,1.0,4.0,2264072,1.0,1,4,1,5.0,,-1.0,0,1985.0,A01,138Â 204Â 558,8.0,0.0,-1.0,1728211,3.0,7,,4.0,0.0,1.0,A01,138Â 204Â 558,1.0
1012431,201900053962,3,30,23:30,3,1,1,1.0,6.0,76317,route de Bretteville -RD 10a,M,"49,6532200","0,4033840",76,2019,80.0,3.0,1.0,3.0,2264073,9.0,2,4,1,5.0,,0.0,0,2000.0,A01,138Â 204Â 557,1.0,-1.0,-1.0,1728212,1.0,7,,13.0,0.0,2.0,A01,138Â 204Â 557,1.0
1012431,201900053962,3,30,23:30,3,1,1,1.0,6.0,76317,route de Bretteville -RD 10a,M,"49,6532200","0,4033840",76,2019,80.0,3.0,1.0,3.0,2264074,2.0,2,3,1,5.0,,0.0,0,2000.0,A01,138Â 204Â 557,1.0,-1.0,-1.0,1728212,1.0,7,,13.0,0.0,2.0,A01,138Â 204Â 557,1.0
1012431,201900053962,3,30,23:30,3,1,1,1.0,6.0,76317,route de Bretteville -RD 10a,M,"49,6532200","0,4033840",76,2019,80.0,3.0,1.0,3.0,2264075,1.0,1,1,1,5.0,,0.0,0,2000.0,A01,138Â 204Â 557,1.0,-1.0,-1.0,1728212,1.0,7,,13.0,0.0,2.0,A01,138Â 204Â 557,1.0
1012432,201900053963,7,11,11:50,1,2,1,1.0,7.0,94028,HALPERN.(AVENUE BERNARD),M,"48,7927000","2,4435000",94,2019,50.0,1.0,1.0,3.0,2264076,1.0,1,3,1,4.0,,-1.0,0,1979.0,A01,138Â 204Â 556,2.0,8.0,-1.0,1728213,1.0,33,,4.0,0.0,2.0,A01,138Â 204Â 556,1.0
1012433,201900053964,3,31,05:15,3,1,1,1.0,7.0,79076,D 19,M,"46,7349220"," -0,5044280",79,2019,80.0,8.0,1.0,3.0,2264077,1.0,1,3,2,5.0,,0.0,0,1982.0,A01,138Â 204Â 555,8.0,-1.0,-1.0,1728214,2.0,7,,13.0,0.0,1.0,A01,138Â 204Â 555,1.0
1012434,201900053965,3,31,18:05,1,2,1,1.0,6.0,2B319,Figaretto,M,"42,4168900","9,5293330",2B,2019,50.0,1.0,1.0,2.0,2264078,1.0,1,3,1,5.0,,0.0,0,1963.0,A01,138Â 204Â 551,2.0,6.0,-1.0,1728215,2.0,33,,11.0,0.0,1.0,A01,138Â 204Â 551,1.0
1012435,201900053966,7,11,13:35,1,2,1,1.0,4.0,94022,HUIT MAI 1945 (AV DU),M,"48,7648100","2,4106500",94,2019,50.0,1.0,1.0,4.0,2264079,2.0,2,1,1,0.0,,-1.0, -1,1975.0,E01,138Â 204Â 549,1.0,0.0,-1.0,1728216,3.0,10,,0.0,2.0,4.0,E01,138Â 204Â 549,1.0
1012435,201900053966,7,11,13:35,1,2,1,1.0,4.0,94022,HUIT MAI 1945 (AV DU),M,"48,7648100","2,4106500",94,2019,50.0,1.0,1.0,4.0,2264079,2.0,2,1,1,0.0,,-1.0, -1,1975.0,E01,138Â 204Â 549,1.0,0.0,-1.0,1728217,3.0,7,,0.0,2.0,4.0,D01,138Â 204Â 550,1.0
1012435,201900053966,7,11,13:35,1,2,1,1.0,4.0,94022,HUIT MAI 1945 (AV DU),M,"48,7648100","2,4106500",94,2019,50.0,1.0,1.0,4.0,2264079,2.0,2,1,1,0.0,,-1.0, -1,1975.0,E01,138Â 204Â 549,1.0,0.0,-1.0,1728218,3.0,7,,0.0,2.0,9.0,C01,138Â 204Â 552,1.0
1012435,201900053966,7,11,13:35,1,2,1,1.0,4.0,94022,HUIT MAI 1945 (AV DU),M,"48,7648100","2,4106500",94,2019,50.0,1.0,1.0,4.0,2264079,2.0,2,1,1,0.0,,-1.0, -1,1975.0,E01,138Â 204Â 549,1.0,0.0,-1.0,1728219,3.0,7,,0.0,2.0,4.0,B01,138Â 204Â 553,1.0
1012435,201900053966,7,11,13:35,1,2,1,1.0,4.0,94022,HUIT MAI 1945 (AV DU),M,"48,7648100","2,4106500",94,2019,50.0,1.0,1.0,4.0,2264079,2.0,2,1,1,0.0,,-1.0, -1,1975.0,E01,138Â 204Â 549,1.0,0.0,-1.0,1728220,3.0,17,,0.0,2.0,2.0,A01,138Â 204Â 554,0.0
1012435,201900053966,7,11,13:35,1,2,1,1.0,4.0,94022,HUIT MAI 1945 (AV DU),M,"48,7648100","2,4106500",94,2019,50.0,1.0,1.0,4.0,2264080,1.0,1,1,1,0.0,,-1.0, -1,1981.0,E01,138Â 204Â 549,1.0,0.0,-1.0,1728216,3.0,10,,0.0,2.0,4.0,E01,138Â 204Â 549,1.0
1012435,201900053966,7,11,13:35,1,2,1,1.0,4.0,94022,HUIT MAI 1945 (AV DU),M,"48,7648100","2,4106500",94,2019,50.0,1.0,1.0,4.0,2264080,1.0,1,1,1,0.0,,-1.0, -1,1981.0,E01,138Â 204Â 549,1.0,0.0,-1.0,1728217,3.0,7,,0.0,2.0,4.0,D01,138Â 204Â 550,1.0
1012435,201900053966,7,11,13:35,1,2,1,1.0,4.0,94022,HUIT MAI 1945 (AV DU),M,"48,7648100","2,4106500",94,2019,50.0,1.0,1.0,4.0,2264080,1.0,1,1,1,0.0,,-1.0, -1,1981.0,E01,138Â 204Â 549,1.0,0.0,-1.0,1728218,3.0,7,,0.0,2.0,9.0,C01,138Â 204Â 552,1.0
1012435,201900053966,7,11,13:35,1,2,1,1.0,4.0,94022,HUIT MAI 1945 (AV DU),M,"48,7648100","2,4106500",94,2019,50.0,1.0,1.0,4.0,2264080,1.0,1,1,1,0.0,,-1.0, -1,1981.0,E01,138Â 204Â 549,1.0,0.0,-1.0,1728219,3.0,7,,0.0,2.0,4.0,B01,138Â 204Â 553,1.0
1012435,201900053966,7,11,13:35,1,2,1,1.0,4.0,94022,HUIT MAI 1945 (AV DU),M,"48,7648100","2,4106500",94,2019,50.0,1.0,1.0,4.0,2264080,1.0,1,1,1,0.0,,-1.0, -1,1981.0,E01,138Â 204Â 549,1.0,0.0,-1.0,1728220,3.0,17,,0.0,2.0,2.0,A01,138Â 204Â 554,0.0
1012435,201900053966,7,11,13:35,1,2,1,1.0,4.0,94022,HUIT MAI 1945 (AV DU),M,"48,7648100","2,4106500",94,2019,50.0,1.0,1.0,4.0,2264081,1.0,1,1,1,0.0,,-1.0, -1,1982.0,D01,138Â 204Â 550,1.0,0.0,-1.0,1728216,3.0,10,,0.0,2.0,4.0,E01,138Â 204Â 549,1.0