Unnamed: 0_x,num_acc,mois,jour,hrmn,lum,agg,int,atm,col,com,adr,gps,lat,long,dep,annee,vma,situ,surf,catr,Unnamed: 0_y,place,catu,grav,sexe,trajet,secu,locp,actp,an_nais,num_veh_x,id_vehicule_x,secu1,secu2,secu3,Unnamed: 0,senc,catv,occutc,obs,obsm,choc,num_veh_y,id_vehicule_y,motor
1012435,201900053966,7,11,13:35,1,2,1,1.0,4.0,94022,HUIT MAI 1945 (AV DU),M,"48,7648100","2,4106500",94,2019,50.0,1.0,1.0,4.0,2264081,1.0,1,1,1,0.0,,-1.0, -1,1982.0,D01,138Â 204Â 550,1.0,0.0,-1.0,1728217,3.0,7,,0.0,2.0,4.0,D01,138Â 204Â 550,1.0
1012435,201900053966,7,11,13:35,1,2,1,1.0,4.0,94022,HUIT MAI 1945 (AV DU),M,"48,7648100","2,4106500",94,2019,50.0,1.0,1.0,4.0,2264081,1.0,1,1,1,0.0,,-1.0, -1,1982.0,D01,138Â 204Â 550,1.0,0.0,-1.0,1728218,3.0,7,,0.0,2.0,9.0,C01,138Â 204Â 552,1.0
1012435,201900053966,7,11,13:35,1,2,1,1.0,4.0,94022,HUIT MAI 1945 (AV DU),M,"48,7648100","2,4106500",94,2019,50.0,1.0,1.0,4.0,2264081,1.0,1,1,1,0.0,,-1.0, -1,1982.0,D01,138Â 204Â 550,1.0,0.0,-1.0,1728219,3.0,7,,0.0,2.0,4.0,B01,138Â 204Â 553,1.0
1012435,201900053966,7,11,13:35,1,2,1,1.0,4.0,94022,HUIT MAI 1945 (AV DU),M,"48,7648100","2,4106500",94,2019,50.0,1.0,1.0,4.0,2264081,1.0,1,1,1,0.0,,-1.0, -1,1982.0,D01,138Â 204Â 550,1.0,0.0,-1.0,1728220,3.0,17,,0.0,2.0,2.0,A01,138Â 204Â 554,0.0
1012435,201900053966,7,11,13:35,1,2,1,1.0,4.0,94022,HUIT MAI 1945 (AV DU),M,"48,7648100","2,4106500",94,2019,50.0,1.0,1.0,4.0,2264082,1.0,1,1,1,0.0,,-1.0, -1,1970.0,C01,138Â 204Â 552,1.0,0.0,-1.0,1728216,3.0,10,,0.0,2.0,4.0,E01,138Â 204Â 549,1.0
1012435,201900053966,7,11,13:35,1,2,1,1.0,4.0,94022,HUIT MAI 1945 (AV DU),M,"48,7648100","2,4106500",94,2019,50.0,1.0,1.0,4.0,2264082,1.0,1,1,1,0.0,,-1.0, -1,1970.0,C01,138Â 204Â 552,1.0,0.0,-1.0,1728217,3.0,7,,0.0,2.0,4.0,D01,138Â 204Â 550,1.0
1012435,201900053966,7,11,13:35,1,2,1,1.0,4.0,94022,HUIT MAI 1945 (AV DU),M,"48,7648100","2,4106500",94,2019,50.0,1.0,1.0,4.0,2264082,1.0,1,1,1,0.0,,-1.0, -1,1970.0,C01,138Â 204Â 552,1.0,0.0,-1.0,1728218,3.0,7,,0.0,2.0,9.0,C01,138Â 204Â 552,1.0
1012435,201900053966,7,11,13:35,1,2,1,1.0,4.0,94022,HUIT MAI 1945 (AV DU),M,"48,7648100","2,4106500",94,2019,50.0,1.0,1.0,4.0,2264082,1.0,1,1,1,0.0,,-1.0, -1,1970.0,C01,138Â 204Â 552,1.0,0.0,-1.0,1728219,3.0,7,,0.0,2.0,4.0,B01,138Â 204Â 553,1.0
1012435,201900053966,7,11,13:35,1,2,1,1.0,4.0,94022,HUIT MAI 1945 (AV DU),M,"48,7648100","2,4106500",94,2019,50.0,1.0,1.0,4.0,2264082,1.0,1,1,1,0.0,,-1.0, -1,1970.0,C01,138Â 204Â 552,1.0,0.0,-1.0,1728220,3.0,17,,0.0,2.0,2.0,A01,138Â 204Â 554,0.0
1012435,201900053966,7,11,13:35,1,2,1,1.0,4.0,94022,HUIT MAI 1945 (AV DU),M,"48,7648100","2,4106500",94,2019,50.0,1.0,1.0,4.0,2264083,1.0,1,4,2,1.0,,-1.0, -1,1993.0,B01,138Â 204Â 553,1.0,8.0,-1.0,1728216,3.0,10,,0.0,2.0,4.0,E01,138Â 204Â 549,1.0
1012435,201900053966,7,11,13:35,1,2,1,1.0,4.0,94022,HUIT MAI 1945 (AV DU),M,"48,7648100","2,4106500",94,2019,50.0,1.0,1.0,4.0,2264083,1.0,1,4,2,1.0,,-1.0, -1,1993.0,B01,138Â 204Â 553,1.0,8.0,-1.0,1728217,3.0,7,,0.0,2.0,4.0,D01,138Â 204Â 550,1.0
1012435,201900053966,7,11,13:35,1,2,1,1.0,4.0,94022,HUIT MAI 1945 (AV DU),M,"48,7648100","2,4106500",94,2019,50.0,1.0,1.0,4.0,2264083,1.0,1,4,2,1.0,,-1.0, -1,1993.0,B01,138Â 204Â 553,1.0,8.0,-1.0,1728218,3.0,7,,0.0,2.0,9.0,C01,138Â 204Â 552,1.0
1012435,201900053966,7,11,13:35,1,2,1,1.0,4.0,94022,HUIT MAI 1945 (AV DU),M,"48,7648100","2,4106500",94,2019,50.0,1.0,1.0,4.0,2264083,1.0,1,4,2,1.0,,-1.0, -1,1993.0,B01,138Â 204Â 553,1.0,8.0,-1.0,1728219,3.0,7,,0.0,2.0,4.0,B01,138Â 204Â 553,1.0
1012435,201900053966,7,11,13:35,1,2,1,1.0,4.0,94022,HUIT MAI 1945 (AV DU),M,"48,7648100","2,4106500",94,2019,50.0,1.0,1.0,4.0,2264083,1.0,1,4,2,1.0,,-1.0, -1,1993.0,B01,138Â 204Â 553,1.0,8.0,-1.0,1728220,3.0,17,,0.0,2.0,2.0,A01,138Â 204Â 554,0.0
1012435,201900053966,7,11,13:35,1,2,1,1.0,4.0,94022,HUIT MAI 1945 (AV DU),M,"48,7648100","2,4106500",94,2019,50.0,1.0,1.0,4.0,2264084,1.0,1,1,1,4.0,,-1.0, -1,1974.0,A01,138Â 204Â 554,1.0,0.0,-1.0,1728216,3.0,10,,0.0,2.0,4.0,E01,138Â 204Â 549,1.0
1012435,201900053966,7,11,13:35,1,2,1,1.0,4.0,94022,HUIT MAI 1945 (AV DU),M,"48,7648100","2,4106500",94,2019,50.0,1.0,1.0,4.0,2264084,1.0,1,1,1,4.0,,-1.0, -1,1974.0,A01,138Â 204Â 554,1.0,0.0,-1.0,1728217,3.0,7,,0.0,2.0,4.0,D01,138Â 204Â 550,1.0
1012435,201900053966,7,11,13:35,1,2,1,1.0,4.0,94022,HUIT MAI 1945 (AV DU),M,"48,7648100","2,4106500",94,2019,50.0,1.0,1.0,4.0,2264084,1.0,1,1,1,4.0,,-1.0, -1,1974.0,A01,138Â 204Â 554,1.0,0.0,-1.0,1728218,3.0,7,,0.0,2.0,9.0,C01,138Â 204Â 552,1.0
1012435,201900053966,7,11,13:35,1,2,1,1.0,4.0,94022,HUIT MAI 1945 (AV DU),M,"48,7648100","2,4106500",94,2019,50.0,1.0,1.0,4.0,2264084,1.0,1,1,1,4.0,,-1.0, -1,1974.0,A01,138Â 204Â 554,1.0,0.0,-1.0,1728219,3.0,7,,0.0,2.0,4.0,B01,138Â 204Â 553,1.0
1012435,201900053966,7,11,13:35,1,2,1,1.0,4.0,94022,HUIT MAI 1945 (AV DU),M,"48,7648100","2,4106500",94,2019,50.0,1.0,1.0,4.0,2264084,1.0,1,1,1,4.0,,-1.0, -1,1974.0,A01,138Â 204Â 554,1.0,0.0,-1.0,1728220,3.0,17,,0.0,2.0,2.0,A01,138Â 204Â 554,0.0
1012436,201900053967,7,12,18:10,1,2,1,1.0,3.0,94079,GENERAL JOUBERT (AV DU),M,"48,8212000","2,5629000",94,2019,50.0,1.0,1.0,4.0,2264085,1.0,1,4,1,1.0,,-1.0, -1,1995.0,B01,138Â 204Â 548,4.0,-1.0,-1.0,1728221,1.0,10,,0.0,2.0,2.0,A01,138Â 204Â 547,1.0
1012436,201900053967,7,12,18:10,1,2,1,1.0,3.0,94079,GENERAL JOUBERT (AV DU),M,"48,8212000","2,5629000",94,2019,50.0,1.0,1.0,4.0,2264085,1.0,1,4,1,1.0,,-1.0, -1,1995.0,B01,138Â 204Â 548,4.0,-1.0,-1.0,1728222,1.0,30,,0.0,2.0,0.0,B01,138Â 204Â 548,0.0
1012437,201900053968,3,30,18:05,1,1,1,1.0,6.0,80303,D940,M,"50,2163966","1,6543651",80,2019,80.0,1.0,1.0,3.0,2264086,1.0,1,4,1,5.0,,0.0,0,1955.0,A01,138Â 204Â 545,2.0,6.0,-1.0,1728223,2.0,33,,0.0,6.0,2.0,A01,138Â 204Â 545,1.0
1012437,201900053968,3,30,18:05,1,1,1,1.0,6.0,80303,D940,M,"50,2163966","1,6543651",80,2019,80.0,1.0,1.0,3.0,2264087,2.0,2,4,2,5.0,,0.0,0,1952.0,A01,138Â 204Â 545,2.0,6.0,-1.0,1728223,2.0,33,,0.0,6.0,2.0,A01,138Â 204Â 545,1.0
1012438,201900053969,3,29,21:00,3,2,1,1.0,6.0,82127,RD 957 - hauteur LA TUQUE ST THÃCLE,M,"44,1828110","1,0854610",82,2019,50.0,8.0,1.0,3.0,2264088,1.0,1,4,1,5.0,,0.0,0,1992.0,A01,138Â 204Â 544,0.0,-1.0,-1.0,1728224,1.0,7,,6.0,0.0,3.0,A01,138Â 204Â 544,1.0
1012439,201900053970,7,11,10:45,1,2,1,1.0,2.0,94055,PROVINS (RTE DE),M,"48,7945770","2,5517000",94,2019,50.0,1.0,1.0,3.0,2264089,1.0,1,4,1,0.0,,-1.0, -1,1987.0,B01,138Â 204Â 541,1.0,0.0,-1.0,1728225,3.0,7,,0.0,2.0,4.0,B01,138Â 204Â 541,1.0
1012439,201900053970,7,11,10:45,1,2,1,1.0,2.0,94055,PROVINS (RTE DE),M,"48,7945770","2,5517000",94,2019,50.0,1.0,1.0,3.0,2264089,1.0,1,4,1,0.0,,-1.0, -1,1987.0,B01,138Â 204Â 541,1.0,0.0,-1.0,1728226,3.0,7,,0.0,2.0,1.0,A01,138Â 204Â 546,1.0
1012439,201900053970,7,11,10:45,1,2,1,1.0,2.0,94055,PROVINS (RTE DE),M,"48,7945770","2,5517000",94,2019,50.0,1.0,1.0,3.0,2264090,1.0,1,1,1,0.0,,-1.0, -1,1995.0,A01,138Â 204Â 546,1.0,0.0,-1.0,1728225,3.0,7,,0.0,2.0,4.0,B01,138Â 204Â 541,1.0
1012439,201900053970,7,11,10:45,1,2,1,1.0,2.0,94055,PROVINS (RTE DE),M,"48,7945770","2,5517000",94,2019,50.0,1.0,1.0,3.0,2264090,1.0,1,1,1,0.0,,-1.0, -1,1995.0,A01,138Â 204Â 546,1.0,0.0,-1.0,1728226,3.0,7,,0.0,2.0,1.0,A01,138Â 204Â 546,1.0
1012440,201900053971,7,12,16:06,1,2,2,1.0,3.0,94069,GRAVELLE (AV DE),M,"48,8240700","2,4199900",94,2019,30.0,1.0,1.0,3.0,2264091,4.0,2,4,1,4.0,,-1.0, -1,1994.0,B01,138Â 204Â 539,1.0,0.0,-1.0,1728227,1.0,7,,0.0,2.0,7.0,B01,138Â 204Â 539,1.0
1012440,201900053971,7,12,16:06,1,2,2,1.0,3.0,94069,GRAVELLE (AV DE),M,"48,8240700","2,4199900",94,2019,30.0,1.0,1.0,3.0,2264091,4.0,2,4,1,4.0,,-1.0, -1,1994.0,B01,138Â 204Â 539,1.0,0.0,-1.0,1728228,1.0,7,,0.0,2.0,1.0,A01,138Â 204Â 540,1.0
1012440,201900053971,7,12,16:06,1,2,2,1.0,3.0,94069,GRAVELLE (AV DE),M,"48,8240700","2,4199900",94,2019,30.0,1.0,1.0,3.0,2264092,1.0,1,4,1,4.0,,-1.0, -1,1993.0,B01,138Â 204Â 539,1.0,8.0,-1.0,1728227,1.0,7,,0.0,2.0,7.0,B01,138Â 204Â 539,1.0
1012440,201900053971,7,12,16:06,1,2,2,1.0,3.0,94069,GRAVELLE (AV DE),M,"48,8240700","2,4199900",94,2019,30.0,1.0,1.0,3.0,2264092,1.0,1,4,1,4.0,,-1.0, -1,1993.0,B01,138Â 204Â 539,1.0,8.0,-1.0,1728228,1.0,7,,0.0,2.0,1.0,A01,138Â 204Â 540,1.0
1012440,201900053971,7,12,16:06,1,2,2,1.0,3.0,94069,GRAVELLE (AV DE),M,"48,8240700","2,4199900",94,2019,30.0,1.0,1.0,3.0,2264093,2.0,2,4,1,4.0,,-1.0, -1,1992.0,B01,138Â 204Â 539,1.0,5.0,-1.0,1728227,1.0,7,,0.0,2.0,7.0,B01,138Â 204Â 539,1.0
1012440,201900053971,7,12,16:06,1,2,2,1.0,3.0,94069,GRAVELLE (AV DE),M,"48,8240700","2,4199900",94,2019,30.0,1.0,1.0,3.0,2264093,2.0,2,4,1,4.0,,-1.0, -1,1992.0,B01,138Â 204Â 539,1.0,5.0,-1.0,1728228,1.0,7,,0.0,2.0,1.0,A01,138Â 204Â 540,1.0
1012440,201900053971,7,12,16:06,1,2,2,1.0,3.0,94069,GRAVELLE (AV DE),M,"48,8240700","2,4199900",94,2019,30.0,1.0,1.0,3.0,2264094,1.0,1,4,1,0.0,,-1.0, -1,1959.0,A01,138Â 204Â 540,1.0,8.0,-1.0,1728227,1.0,7,,0.0,2.0,7.0,B01,138Â 204Â 539,1.0
1012440,201900053971,7,12,16:06,1,2,2,1.0,3.0,94069,GRAVELLE (AV DE),M,"48,8240700","2,4199900",94,2019,30.0,1.0,1.0,3.0,2264094,1.0,1,4,1,0.0,,-1.0, -1,1959.0,A01,138Â 204Â 540,1.0,8.0,-1.0,1728228,1.0,7,,0.0,2.0,1.0,A01,138Â 204Â 540,1.0
1012441,201900053972,7,11,10:00,1,2,1,1.0,7.0,94017,MARX DORMOY (AV),M,"48,8063100","2,5311900",94,2019,50.0,1.0,1.0,3.0,2264095,1.0,1,4,1,0.0,,-1.0, -1,1999.0,A01,138Â 204Â 538,2.0,8.0,-1.0,1728229,3.0,2,,0.0,0.0,0.0,A01,138Â 204Â 538,0.0
1012442,201900053973,7,12,17:20,1,2,1,1.0,2.0,94071,PARIS (R DE),M,"48,7727000","2,5010600",94,2019,50.0,1.0,1.0,3.0,2264096,1.0,1,1,1,4.0,,-1.0, -1,1989.0,B01,138Â 204Â 536,1.0,0.0,-1.0,1728230,3.0,14,,0.0,2.0,1.0,B01,138Â 204Â 536,1.0
1012442,201900053973,7,12,17:20,1,2,1,1.0,2.0,94071,PARIS (R DE),M,"48,7727000","2,5010600",94,2019,50.0,1.0,1.0,3.0,2264096,1.0,1,1,1,4.0,,-1.0, -1,1989.0,B01,138Â 204Â 536,1.0,0.0,-1.0,1728231,3.0,33,,0.0,2.0,5.0,A01,138Â 204Â 537,1.0
1012442,201900053973,7,12,17:20,1,2,1,1.0,2.0,94071,PARIS (R DE),M,"48,7727000","2,5010600",94,2019,50.0,1.0,1.0,3.0,2264097,1.0,1,4,1,1.0,,-1.0, -1,1961.0,A01,138Â 204Â 537,2.0,6.0,-1.0,1728230,3.0,14,,0.0,2.0,1.0,B01,138Â 204Â 536,1.0
1012442,201900053973,7,12,17:20,1,2,1,1.0,2.0,94071,PARIS (R DE),M,"48,7727000","2,5010600",94,2019,50.0,1.0,1.0,3.0,2264097,1.0,1,4,1,1.0,,-1.0, -1,1961.0,A01,138Â 204Â 537,2.0,6.0,-1.0,1728231,3.0,33,,0.0,2.0,5.0,A01,138Â 204Â 537,1.0
1012443,201900053974,3,31,11:30,1,1,2,1.0,3.0,33490,Mirambeau,M,"45,4327900"," -1,0474400",33,2019,80.0,1.0,1.0,3.0,2264098,1.0,1,1,1,5.0,,0.0,0,1940.0,A01,138Â 204Â 542,1.0,-1.0,-1.0,1728232,2.0,7,,0.0,2.0,1.0,A01,138Â 204Â 542,1.0
1012443,201900053974,3,31,11:30,1,1,2,1.0,3.0,33490,Mirambeau,M,"45,4327900"," -1,0474400",33,2019,80.0,1.0,1.0,3.0,2264098,1.0,1,1,1,5.0,,0.0,0,1940.0,A01,138Â 204Â 542,1.0,-1.0,-1.0,1728233,2.0,33,,11.0,2.0,1.0,B01,138Â 204Â 543,1.0
1012443,201900053974,3,31,11:30,1,1,2,1.0,3.0,33490,Mirambeau,M,"45,4327900"," -1,0474400",33,2019,80.0,1.0,1.0,3.0,2264099,1.0,1,3,1,5.0,,0.0,0,1951.0,B01,138Â 204Â 543,2.0,-1.0,-1.0,1728232,2.0,7,,0.0,2.0,1.0,A01,138Â 204Â 542,1.0
1012443,201900053974,3,31,11:30,1,1,2,1.0,3.0,33490,Mirambeau,M,"45,4327900"," -1,0474400",33,2019,80.0,1.0,1.0,3.0,2264099,1.0,1,3,1,5.0,,0.0,0,1951.0,B01,138Â 204Â 543,2.0,-1.0,-1.0,1728233,2.0,33,,11.0,2.0,1.0,B01,138Â 204Â 543,1.0
1012444,201900053975,7,11,17:10,1,1,1,1.0,3.0,94004,GENERAL LECLERC (AV DU),M,"48,7563000","2,5049800",94,2019,70.0,1.0,1.0,2.0,2264100,1.0,1,1,1,9.0,,-1.0, -1,1998.0,A01,138Â 204Â 534,1.0,0.0,-1.0,1728234,1.0,7,,0.0,2.0,2.0,A01,138Â 204Â 534,1.0
1012444,201900053975,7,11,17:10,1,1,1,1.0,3.0,94004,GENERAL LECLERC (AV DU),M,"48,7563000","2,5049800",94,2019,70.0,1.0,1.0,2.0,2264100,1.0,1,1,1,9.0,,-1.0, -1,1998.0,A01,138Â 204Â 534,1.0,0.0,-1.0,1728235,1.0,32,,0.0,2.0,8.0,B01,138Â 204Â 535,1.0
1012444,201900053975,7,11,17:10,1,1,1,1.0,3.0,94004,GENERAL LECLERC (AV DU),M,"48,7563000","2,5049800",94,2019,70.0,1.0,1.0,2.0,2264101,1.0,1,4,1,1.0,,-1.0, -1,1979.0,B01,138Â 204Â 535,2.0,8.0,-1.0,1728234,1.0,7,,0.0,2.0,2.0,A01,138Â 204Â 534,1.0
1012444,201900053975,7,11,17:10,1,1,1,1.0,3.0,94004,GENERAL LECLERC (AV DU),M,"48,7563000","2,5049800",94,2019,70.0,1.0,1.0,2.0,2264101,1.0,1,4,1,1.0,,-1.0, -1,1979.0,B01,138Â 204Â 535,2.0,8.0,-1.0,1728235,1.0,32,,0.0,2.0,8.0,B01,138Â 204Â 535,1.0
1012445,201900053976,3,24,12:05,1,1,1,1.0,1.0,69267,route du cru,M,"46,1647200","4,6803100",69,2019,80.0,1.0,1.0,3.0,2264102,1.0,1,4,1,5.0,,0.0,0,1958.0,B01,138Â 204Â 532,2.0,6.0,-1.0,1728236,2.0,33,,0.0,0.0,4.0,B01,138Â 204Â 532,1.0
1012445,201900053976,3,24,12:05,1,1,1,1.0,1.0,69267,route du cru,M,"46,1647200","4,6803100",69,2019,80.0,1.0,1.0,3.0,2264102,1.0,1,4,1,5.0,,0.0,0,1958.0,B01,138Â 204Â 532,2.0,6.0,-1.0,1728237,2.0,7,,0.0,2.0,2.0,A01,138Â 204Â 533,1.0
1012445,201900053976,3,24,12:05,1,1,1,1.0,1.0,69267,route du cru,M,"46,1647200","4,6803100",69,2019,80.0,1.0,1.0,3.0,2264103,1.0,1,1,1,5.0,,0.0,0,1988.0,A01,138Â 204Â 533,1.0,-1.0,-1.0,1728236,2.0,33,,0.0,0.0,4.0,B01,138Â 204Â 532,1.0
1012445,201900053976,3,24,12:05,1,1,1,1.0,1.0,69267,route du cru,M,"46,1647200","4,6803100",69,2019,80.0,1.0,1.0,3.0,2264103,1.0,1,1,1,5.0,,0.0,0,1988.0,A01,138Â 204Â 533,1.0,-1.0,-1.0,1728237,2.0,7,,0.0,2.0,2.0,A01,138Â 204Â 533,1.0
1012446,201900053977,3,30,22:30,3,1,1,3.0,6.0,81219,D84,M,"43,5180680","2,1822720",81,2019,80.0,3.0,1.0,3.0,2264104,1.0,1,2,1,5.0,,0.0,0,1987.0,A01,138Â 204Â 530,1.0,-1.0,-1.0,1728238,1.0,7,,2.0,0.0,1.0,A01,138Â 204Â 530,1.0
1012447,201900053978,7,11,13:50,1,2,1,1.0,3.0,93078,CLEMENCEAU (AVENUE GEORGES),M,"48,9532000","2,5630400",93,2019,50.0,1.0,1.0,3.0,2264105,1.0,1,1,1,5.0,,-1.0, -1,2000.0,A01,138Â 204Â 529,1.0,8.0,-1.0,1728239,2.0,10,,0.0,2.0,2.0,A01,138Â 204Â 529,6.0
1012447,201900053978,7,11,13:50,1,2,1,1.0,3.0,93078,CLEMENCEAU (AVENUE GEORGES),M,"48,9532000","2,5630400",93,2019,50.0,1.0,1.0,3.0,2264105,1.0,1,1,1,5.0,,-1.0, -1,2000.0,A01,138Â 204Â 529,1.0,8.0,-1.0,1728240,3.0,1,,0.0,2.0,8.0,B01,138Â 204Â 531,5.0
1012447,201900053978,7,11,13:50,1,2,1,1.0,3.0,93078,CLEMENCEAU (AVENUE GEORGES),M,"48,9532000","2,5630400",93,2019,50.0,1.0,1.0,3.0,2264106,1.0,1,4,1,5.0,,-1.0, -1,1939.0,B01,138Â 204Â 531,8.0,0.0,-1.0,1728239,2.0,10,,0.0,2.0,2.0,A01,138Â 204Â 529,6.0
1012447,201900053978,7,11,13:50,1,2,1,1.0,3.0,93078,CLEMENCEAU (AVENUE GEORGES),M,"48,9532000","2,5630400",93,2019,50.0,1.0,1.0,3.0,2264106,1.0,1,4,1,5.0,,-1.0, -1,1939.0,B01,138Â 204Â 531,8.0,0.0,-1.0,1728240,3.0,1,,0.0,2.0,8.0,B01,138Â 204Â 531,5.0
1012448,201900053979,3,29,16:00,1,1,1,1.0,1.0,32369,CD 931,M,"43,7905580","0,0169530",32,2019,80.0,1.0,1.0,3.0,2264107,2.0,2,1,2,9.0,,0.0,0,1954.0,A01,138Â 204Â 527,1.0,-1.0,-1.0,1728241,2.0,7,,0.0,2.0,1.0,A01,138Â 204Â 527,1.0
1012448,201900053979,3,29,16:00,1,1,1,1.0,1.0,32369,CD 931,M,"43,7905580","0,0169530",32,2019,80.0,1.0,1.0,3.0,2264107,2.0,2,1,2,9.0,,0.0,0,1954.0,A01,138Â 204Â 527,1.0,-1.0,-1.0,1728242,1.0,7,,0.0,2.0,1.0,B01,138Â 204Â 528,1.0
1012448,201900053979,3,29,16:00,1,1,1,1.0,1.0,32369,CD 931,M,"43,7905580","0,0169530",32,2019,80.0,1.0,1.0,3.0,2264108,1.0,1,1,1,9.0,,0.0,0,1948.0,A01,138Â 204Â 527,1.0,-1.0,-1.0,1728241,2.0,7,,0.0,2.0,1.0,A01,138Â 204Â 527,1.0
1012448,201900053979,3,29,16:00,1,1,1,1.0,1.0,32369,CD 931,M,"43,7905580","0,0169530",32,2019,80.0,1.0,1.0,3.0,2264108,1.0,1,1,1,9.0,,0.0,0,1948.0,A01,138Â 204Â 527,1.0,-1.0,-1.0,1728242,1.0,7,,0.0,2.0,1.0,B01,138Â 204Â 528,1.0
1012448,201900053979,3,29,16:00,1,1,1,1.0,1.0,32369,CD 931,M,"43,7905580","0,0169530",32,2019,80.0,1.0,1.0,3.0,2264109,1.0,1,1,1,9.0,,0.0,0,1952.0,B01,138Â 204Â 528,1.0,-1.0,-1.0,1728241,2.0,7,,0.0,2.0,1.0,A01,138Â 204Â 527,1.0
1012448,201900053979,3,29,16:00,1,1,1,1.0,1.0,32369,CD 931,M,"43,7905580","0,0169530",32,2019,80.0,1.0,1.0,3.0,2264109,1.0,1,1,1,9.0,,0.0,0,1952.0,B01,138Â 204Â 528,1.0,-1.0,-1.0,1728242,1.0,7,,0.0,2.0,1.0,B01,138Â 204Â 528,1.0
1012448,201900053979,3,29,16:00,1,1,1,1.0,1.0,32369,CD 931,M,"43,7905580","0,0169530",32,2019,80.0,1.0,1.0,3.0,2264110,2.0,2,3,1,9.0,,0.0,0,1967.0,B01,138Â 204Â 528,1.0,-1.0,-1.0,1728241,2.0,7,,0.0,2.0,1.0,A01,138Â 204Â 527,1.0
1012448,201900053979,3,29,16:00,1,1,1,1.0,1.0,32369,CD 931,M,"43,7905580","0,0169530",32,2019,80.0,1.0,1.0,3.0,2264110,2.0,2,3,1,9.0,,0.0,0,1967.0,B01,138Â 204Â 528,1.0,-1.0,-1.0,1728242,1.0,7,,0.0,2.0,1.0,B01,138Â 204Â 528,1.0
1012449,201900053980,7,13,13:00,1,2,9,7.0,1.0,93071,GENERAL LECLERC (AVENUE DU),M,"48,9389500","2,5264100",93,2019,50.0,1.0,1.0,3.0,2264111,10.0,3,4,2,0.0,,0.0,0,1961.0,B01,138Â 204Â 525,0.0,0.0,-1.0,1728243,3.0,0,,0.0,1.0,0.0,B01,138Â 204Â 525,0.0
1012449,201900053980,7,13,13:00,1,2,9,7.0,1.0,93071,GENERAL LECLERC (AVENUE DU),M,"48,9389500","2,5264100",93,2019,50.0,1.0,1.0,3.0,2264111,10.0,3,4,2,0.0,,0.0,0,1961.0,B01,138Â 204Â 525,0.0,0.0,-1.0,1728244,3.0,7,,0.0,2.0,1.0,A01,138Â 204Â 526,1.0
1012449,201900053980,7,13,13:00,1,2,9,7.0,1.0,93071,GENERAL LECLERC (AVENUE DU),M,"48,9389500","2,5264100",93,2019,50.0,1.0,1.0,3.0,2264112,1.0,1,1,1,3.0,,0.0,0,1954.0,A01,138Â 204Â 526,1.0,0.0,-1.0,1728243,3.0,0,,0.0,1.0,0.0,B01,138Â 204Â 525,0.0
1012449,201900053980,7,13,13:00,1,2,9,7.0,1.0,93071,GENERAL LECLERC (AVENUE DU),M,"48,9389500","2,5264100",93,2019,50.0,1.0,1.0,3.0,2264112,1.0,1,1,1,3.0,,0.0,0,1954.0,A01,138Â 204Â 526,1.0,0.0,-1.0,1728244,3.0,7,,0.0,2.0,1.0,A01,138Â 204Â 526,1.0
1012450,201900053981,7,12,16:15,1,2,2,1.0,3.0,93071,ANDRE TOUTAIN (AVENUE),M,"48,9400000","2,5200000",93,2019,50.0,1.0,1.0,4.0,2264113,2.0,2,4,1,0.0,,-1.0, -1,1986.0,A01,138Â 204Â 521,8.0,0.0,-1.0,1728245,1.0,7,,0.0,2.0,3.0,A01,138Â 204Â 521,1.0
1012450,201900053981,7,12,16:15,1,2,2,1.0,3.0,93071,ANDRE TOUTAIN (AVENUE),M,"48,9400000","2,5200000",93,2019,50.0,1.0,1.0,4.0,2264113,2.0,2,4,1,0.0,,-1.0, -1,1986.0,A01,138Â 204Â 521,8.0,0.0,-1.0,1728246,1.0,7,,0.0,2.0,1.0,B01,138Â 204Â 523,1.0
1012450,201900053981,7,12,16:15,1,2,2,1.0,3.0,93071,ANDRE TOUTAIN (AVENUE),M,"48,9400000","2,5200000",93,2019,50.0,1.0,1.0,4.0,2264114,1.0,1,4,1,0.0,,-1.0, -1,1979.0,A01,138Â 204Â 521,1.0,0.0,-1.0,1728245,1.0,7,,0.0,2.0,3.0,A01,138Â 204Â 521,1.0
1012450,201900053981,7,12,16:15,1,2,2,1.0,3.0,93071,ANDRE TOUTAIN (AVENUE),M,"48,9400000","2,5200000",93,2019,50.0,1.0,1.0,4.0,2264114,1.0,1,4,1,0.0,,-1.0, -1,1979.0,A01,138Â 204Â 521,1.0,0.0,-1.0,1728246,1.0,7,,0.0,2.0,1.0,B01,138Â 204Â 523,1.0
1012450,201900053981,7,12,16:15,1,2,2,1.0,3.0,93071,ANDRE TOUTAIN (AVENUE),M,"48,9400000","2,5200000",93,2019,50.0,1.0,1.0,4.0,2264115,3.0,2,1,1,0.0,,-1.0, -1,2018.0,B01,138Â 204Â 523,3.0,8.0,-1.0,1728245,1.0,7,,0.0,2.0,3.0,A01,138Â 204Â 521,1.0
1012450,201900053981,7,12,16:15,1,2,2,1.0,3.0,93071,ANDRE TOUTAIN (AVENUE),M,"48,9400000","2,5200000",93,2019,50.0,1.0,1.0,4.0,2264115,3.0,2,1,1,0.0,,-1.0, -1,2018.0,B01,138Â 204Â 523,3.0,8.0,-1.0,1728246,1.0,7,,0.0,2.0,1.0,B01,138Â 204Â 523,1.0