Unnamed: 0_x,num_acc,mois,jour,hrmn,lum,agg,int,atm,col,com,adr,gps,lat,long,dep,annee,vma,situ,surf,catr,Unnamed: 0_y,place,catu,grav,sexe,trajet,secu,locp,actp,an_nais,num_veh_x,id_vehicule_x,secu1,secu2,secu3,Unnamed: 0,senc,catv,occutc,obs,obsm,choc,num_veh_y,id_vehicule_y,motor
1012450,201900053981,7,12,16:15,1,2,2,1.0,3.0,93071,ANDRE TOUTAIN (AVENUE),M,"48,9400000","2,5200000",93,2019,50.0,1.0,1.0,4.0,2264116,1.0,1,4,2,0.0,,-1.0, -1,1990.0,B01,138Â 204Â 523,1.0,0.0,-1.0,1728245,1.0,7,,0.0,2.0,3.0,A01,138Â 204Â 521,1.0
1012450,201900053981,7,12,16:15,1,2,2,1.0,3.0,93071,ANDRE TOUTAIN (AVENUE),M,"48,9400000","2,5200000",93,2019,50.0,1.0,1.0,4.0,2264116,1.0,1,4,2,0.0,,-1.0, -1,1990.0,B01,138Â 204Â 523,1.0,0.0,-1.0,1728246,1.0,7,,0.0,2.0,1.0,B01,138Â 204Â 523,1.0
1012451,201900053982,7,12,00:55,5,2,1,1.0,3.0,93055,JULES AUFFRET (51/FIN ET 56/FIN),M,"48,8847000","2,4113700",93,2019,50.0,1.0,1.0,3.0,2264117,1.0,1,4,2,9.0,,-1.0, -1,1983.0,B01,138Â 204Â 519,2.0,8.0,-1.0,1728247,2.0,1,,0.0,2.0,1.0,B01,138Â 204Â 519,5.0
1012451,201900053982,7,12,00:55,5,2,1,1.0,3.0,93055,JULES AUFFRET (51/FIN ET 56/FIN),M,"48,8847000","2,4113700",93,2019,50.0,1.0,1.0,3.0,2264117,1.0,1,4,2,9.0,,-1.0, -1,1983.0,B01,138Â 204Â 519,2.0,8.0,-1.0,1728248,3.0,32,,0.0,2.0,3.0,A01,138Â 204Â 520,0.0
1012452,201900053983,7,11,11:40,1,2,1,1.0,6.0,93055,JEAN JAURES (AVENUE) (76/128),M,"48,9092000","2,3982600",93,2019,50.0,1.0,1.0,3.0,2264118,10.0,3,4,2,0.0,,5.0,9,1958.0,A01,138Â 204Â 518,8.0,0.0,-1.0,1728249,1.0,37,1.0,0.0,1.0,2.0,A01,138Â 204Â 518,0.0
1012452,201900053983,7,11,11:40,1,2,1,1.0,6.0,93055,JEAN JAURES (AVENUE) (76/128),M,"48,9092000","2,3982600",93,2019,50.0,1.0,1.0,3.0,2264119,1.0,1,1,1,4.0,,0.0,0,1977.0,A01,138Â 204Â 518,1.0,8.0,-1.0,1728249,1.0,37,1.0,0.0,1.0,2.0,A01,138Â 204Â 518,0.0
1012453,201900053984,7,12,03:55,5,2,1,1.0,7.0,93050,LEON BLUM (AVENUE),M,"48,8694600","2,5385700",93,2019,50.0,2.0,1.0,3.0,2264120,1.0,1,3,1,0.0,,-1.0, -1,1974.0,A01,138Â 204Â 517,2.0,6.0,-1.0,1728250,2.0,34,,12.0,0.0,1.0,A01,138Â 204Â 517,1.0
1012454,201900053985,7,11,01:20,5,2,1,1.0,4.0,93050,JEAN JAURES (AVENUE) COTE VILLE EVRARD,M,"48,8625100","2,5449700",93,2019,50.0,1.0,1.0,3.0,2264121,1.0,1,1,2,0.0,,-1.0, -1,1980.0,A01,138Â 204Â 514,8.0,0.0,-1.0,1728251,1.0,7,,0.0,2.0,1.0,A01,138Â 204Â 514,1.0
1012454,201900053985,7,11,01:20,5,2,1,1.0,4.0,93050,JEAN JAURES (AVENUE) COTE VILLE EVRARD,M,"48,8625100","2,5449700",93,2019,50.0,1.0,1.0,3.0,2264121,1.0,1,1,2,0.0,,-1.0, -1,1980.0,A01,138Â 204Â 514,8.0,0.0,-1.0,1728252,1.0,33,,0.0,2.0,4.0,B01,138Â 204Â 515,1.0
1012454,201900053985,7,11,01:20,5,2,1,1.0,4.0,93050,JEAN JAURES (AVENUE) COTE VILLE EVRARD,M,"48,8625100","2,5449700",93,2019,50.0,1.0,1.0,3.0,2264121,1.0,1,1,2,0.0,,-1.0, -1,1980.0,A01,138Â 204Â 514,8.0,0.0,-1.0,1728253,1.0,7,,0.0,2.0,4.0,C01,138Â 204Â 516,1.0
1012454,201900053985,7,11,01:20,5,2,1,1.0,4.0,93050,JEAN JAURES (AVENUE) COTE VILLE EVRARD,M,"48,8625100","2,5449700",93,2019,50.0,1.0,1.0,3.0,2264122,1.0,1,3,1,0.0,,-1.0, -1,1964.0,B01,138Â 204Â 515,2.0,6.0,-1.0,1728251,1.0,7,,0.0,2.0,1.0,A01,138Â 204Â 514,1.0
1012454,201900053985,7,11,01:20,5,2,1,1.0,4.0,93050,JEAN JAURES (AVENUE) COTE VILLE EVRARD,M,"48,8625100","2,5449700",93,2019,50.0,1.0,1.0,3.0,2264122,1.0,1,3,1,0.0,,-1.0, -1,1964.0,B01,138Â 204Â 515,2.0,6.0,-1.0,1728252,1.0,33,,0.0,2.0,4.0,B01,138Â 204Â 515,1.0
1012454,201900053985,7,11,01:20,5,2,1,1.0,4.0,93050,JEAN JAURES (AVENUE) COTE VILLE EVRARD,M,"48,8625100","2,5449700",93,2019,50.0,1.0,1.0,3.0,2264122,1.0,1,3,1,0.0,,-1.0, -1,1964.0,B01,138Â 204Â 515,2.0,6.0,-1.0,1728253,1.0,7,,0.0,2.0,4.0,C01,138Â 204Â 516,1.0
1012454,201900053985,7,11,01:20,5,2,1,1.0,4.0,93050,JEAN JAURES (AVENUE) COTE VILLE EVRARD,M,"48,8625100","2,5449700",93,2019,50.0,1.0,1.0,3.0,2264123,1.0,1,1,1,0.0,,-1.0, -1,1973.0,C01,138Â 204Â 516,8.0,0.0,-1.0,1728251,1.0,7,,0.0,2.0,1.0,A01,138Â 204Â 514,1.0
1012454,201900053985,7,11,01:20,5,2,1,1.0,4.0,93050,JEAN JAURES (AVENUE) COTE VILLE EVRARD,M,"48,8625100","2,5449700",93,2019,50.0,1.0,1.0,3.0,2264123,1.0,1,1,1,0.0,,-1.0, -1,1973.0,C01,138Â 204Â 516,8.0,0.0,-1.0,1728252,1.0,33,,0.0,2.0,4.0,B01,138Â 204Â 515,1.0
1012454,201900053985,7,11,01:20,5,2,1,1.0,4.0,93050,JEAN JAURES (AVENUE) COTE VILLE EVRARD,M,"48,8625100","2,5449700",93,2019,50.0,1.0,1.0,3.0,2264123,1.0,1,1,1,0.0,,-1.0, -1,1973.0,C01,138Â 204Â 516,8.0,0.0,-1.0,1728253,1.0,7,,0.0,2.0,4.0,C01,138Â 204Â 516,1.0
1012455,201900053986,7,13,18:35,1,2,1,1.0,6.0,93015,CONTRAT AVENUE DU,M,"48,9199100","2,5645700",93,2019,50.0,1.0,1.0,4.0,2264124,1.0,1,1,1,0.0,,-1.0, -1,1997.0,A01,138Â 204Â 513,8.0,0.0,-1.0,1728254,1.0,7,,1.0,0.0,8.0,A01,138Â 204Â 513,1.0
1012455,201900053986,7,13,18:35,1,2,1,1.0,6.0,93015,CONTRAT AVENUE DU,M,"48,9199100","2,5645700",93,2019,50.0,1.0,1.0,4.0,2264125,2.0,2,1,1,0.0,,-1.0, -1,1998.0,A01,138Â 204Â 513,8.0,0.0,-1.0,1728254,1.0,7,,1.0,0.0,8.0,A01,138Â 204Â 513,1.0
1012455,201900053986,7,13,18:35,1,2,1,1.0,6.0,93015,CONTRAT AVENUE DU,M,"48,9199100","2,5645700",93,2019,50.0,1.0,1.0,4.0,2264126,5.0,2,4,1,0.0,,-1.0, -1,1999.0,A01,138Â 204Â 513,1.0,0.0,-1.0,1728254,1.0,7,,1.0,0.0,8.0,A01,138Â 204Â 513,1.0
1012456,201900053987,7,11,13:20,1,2,1,1.0,4.0,93063,REPUBLIQUE RUE DE LA,M,"48,8836000","2,4300000",93,2019,50.0,1.0,1.0,4.0,2264127,1.0,1,4,1,1.0,,-1.0, -1,1963.0,C01,138Â 204Â 510,2.0,0.0,-1.0,1728255,2.0,32,,0.0,2.0,8.0,C01,138Â 204Â 510,1.0
1012456,201900053987,7,11,13:20,1,2,1,1.0,4.0,93063,REPUBLIQUE RUE DE LA,M,"48,8836000","2,4300000",93,2019,50.0,1.0,1.0,4.0,2264127,1.0,1,4,1,1.0,,-1.0, -1,1963.0,C01,138Â 204Â 510,2.0,0.0,-1.0,1728256,2.0,33,,1.0,0.0,1.0,B01,138Â 204Â 511,1.0
1012456,201900053987,7,11,13:20,1,2,1,1.0,4.0,93063,REPUBLIQUE RUE DE LA,M,"48,8836000","2,4300000",93,2019,50.0,1.0,1.0,4.0,2264127,1.0,1,4,1,1.0,,-1.0, -1,1963.0,C01,138Â 204Â 510,2.0,0.0,-1.0,1728257,3.0,7,,1.0,0.0,5.0,A01,138Â 204Â 512,6.0
1012456,201900053987,7,11,13:20,1,2,1,1.0,4.0,93063,REPUBLIQUE RUE DE LA,M,"48,8836000","2,4300000",93,2019,50.0,1.0,1.0,4.0,2264128,1.0,1,4,1,0.0,,-1.0, -1,1988.0,B01,138Â 204Â 511,2.0,8.0,-1.0,1728255,2.0,32,,0.0,2.0,8.0,C01,138Â 204Â 510,1.0
1012456,201900053987,7,11,13:20,1,2,1,1.0,4.0,93063,REPUBLIQUE RUE DE LA,M,"48,8836000","2,4300000",93,2019,50.0,1.0,1.0,4.0,2264128,1.0,1,4,1,0.0,,-1.0, -1,1988.0,B01,138Â 204Â 511,2.0,8.0,-1.0,1728256,2.0,33,,1.0,0.0,1.0,B01,138Â 204Â 511,1.0
1012456,201900053987,7,11,13:20,1,2,1,1.0,4.0,93063,REPUBLIQUE RUE DE LA,M,"48,8836000","2,4300000",93,2019,50.0,1.0,1.0,4.0,2264128,1.0,1,4,1,0.0,,-1.0, -1,1988.0,B01,138Â 204Â 511,2.0,8.0,-1.0,1728257,3.0,7,,1.0,0.0,5.0,A01,138Â 204Â 512,6.0
1012456,201900053987,7,11,13:20,1,2,1,1.0,4.0,93063,REPUBLIQUE RUE DE LA,M,"48,8836000","2,4300000",93,2019,50.0,1.0,1.0,4.0,2264129,1.0,1,1,1,0.0,,-1.0, -1,1998.0,A01,138Â 204Â 512,8.0,0.0,-1.0,1728255,2.0,32,,0.0,2.0,8.0,C01,138Â 204Â 510,1.0
1012456,201900053987,7,11,13:20,1,2,1,1.0,4.0,93063,REPUBLIQUE RUE DE LA,M,"48,8836000","2,4300000",93,2019,50.0,1.0,1.0,4.0,2264129,1.0,1,1,1,0.0,,-1.0, -1,1998.0,A01,138Â 204Â 512,8.0,0.0,-1.0,1728256,2.0,33,,1.0,0.0,1.0,B01,138Â 204Â 511,1.0
1012456,201900053987,7,11,13:20,1,2,1,1.0,4.0,93063,REPUBLIQUE RUE DE LA,M,"48,8836000","2,4300000",93,2019,50.0,1.0,1.0,4.0,2264129,1.0,1,1,1,0.0,,-1.0, -1,1998.0,A01,138Â 204Â 512,8.0,0.0,-1.0,1728257,3.0,7,,1.0,0.0,5.0,A01,138Â 204Â 512,6.0
1012457,201900053988,7,10,16:40,1,2,3,1.0,3.0,93063,DORY RUE LOUISE,M,"48,8930000","2,4340000",93,2019,50.0,1.0,1.0,4.0,2264130,1.0,1,4,1,0.0,,-1.0, -1,2002.0,A01,138Â 204Â 508,2.0,0.0,-1.0,1728258,1.0,30,,14.0,2.0,1.0,A01,138Â 204Â 508,1.0
1012457,201900053988,7,10,16:40,1,2,3,1.0,3.0,93063,DORY RUE LOUISE,M,"48,8930000","2,4340000",93,2019,50.0,1.0,1.0,4.0,2264130,1.0,1,4,1,0.0,,-1.0, -1,2002.0,A01,138Â 204Â 508,2.0,0.0,-1.0,1728259,3.0,7,,0.0,2.0,3.0,B01,138Â 204Â 509,1.0
1012457,201900053988,7,10,16:40,1,2,3,1.0,3.0,93063,DORY RUE LOUISE,M,"48,8930000","2,4340000",93,2019,50.0,1.0,1.0,4.0,2264131,1.0,1,1,1,0.0,,-1.0, -1,1993.0,B01,138Â 204Â 509,1.0,0.0,-1.0,1728258,1.0,30,,14.0,2.0,1.0,A01,138Â 204Â 508,1.0
1012457,201900053988,7,10,16:40,1,2,3,1.0,3.0,93063,DORY RUE LOUISE,M,"48,8930000","2,4340000",93,2019,50.0,1.0,1.0,4.0,2264131,1.0,1,1,1,0.0,,-1.0, -1,1993.0,B01,138Â 204Â 509,1.0,0.0,-1.0,1728259,3.0,7,,0.0,2.0,3.0,B01,138Â 204Â 509,1.0
1012458,201900053989,7,13,07:30,1,2,1,1.0,6.0,93027,SALENGRO (AVENUE ROGER),M,"48,9302320","2,3860480",93,2019,50.0,3.0,1.0,3.0,2264132,2.0,2,4,1,5.0,,-1.0, -1,1994.0,A01,138Â 204Â 507,1.0,0.0,-1.0,1728260,3.0,7,,9.0,2.0,1.0,A01,138Â 204Â 507,1.0
1012458,201900053989,7,13,07:30,1,2,1,1.0,6.0,93027,SALENGRO (AVENUE ROGER),M,"48,9302320","2,3860480",93,2019,50.0,3.0,1.0,3.0,2264133,3.0,2,4,1,5.0,,-1.0, -1,1997.0,A01,138Â 204Â 507,1.0,0.0,-1.0,1728260,3.0,7,,9.0,2.0,1.0,A01,138Â 204Â 507,1.0
1012458,201900053989,7,13,07:30,1,2,1,1.0,6.0,93027,SALENGRO (AVENUE ROGER),M,"48,9302320","2,3860480",93,2019,50.0,3.0,1.0,3.0,2264134,1.0,1,4,1,5.0,,-1.0, -1,1996.0,A01,138Â 204Â 507,1.0,8.0,-1.0,1728260,3.0,7,,9.0,2.0,1.0,A01,138Â 204Â 507,1.0
1012459,201900053990,7,10,11:40,1,2,3,1.0,6.0,93030,LARIVIERE (RUE LOUIS),M,"48,9537500","2,4163900",93,2019,50.0,1.0,1.0,3.0,2264135,10.0,3,4,1,5.0,,2.0,3,1932.0,A01,138Â 204Â 506,8.0,0.0,-1.0,1728261,1.0,7,,0.0,1.0,1.0,A01,138Â 204Â 506,0.0
1012459,201900053990,7,10,11:40,1,2,3,1.0,6.0,93030,LARIVIERE (RUE LOUIS),M,"48,9537500","2,4163900",93,2019,50.0,1.0,1.0,3.0,2264136,1.0,1,1,2,1.0,,-1.0, -1,1965.0,A01,138Â 204Â 506,1.0,0.0,-1.0,1728261,1.0,7,,0.0,1.0,1.0,A01,138Â 204Â 506,0.0
1012460,201900053991,3,29,18:40,1,1,2,1.0,3.0,32352,Rd 939,M,"43,8120900","0,3864750",32,2019,80.0,1.0,1.0,3.0,2264137,1.0,1,1,1,5.0,,0.0,0,1940.0,A01,138Â 204Â 522,1.0,-1.0,-1.0,1728262,2.0,7,,0.0,2.0,1.0,A01,138Â 204Â 522,1.0
1012460,201900053991,3,29,18:40,1,1,2,1.0,3.0,32352,Rd 939,M,"43,8120900","0,3864750",32,2019,80.0,1.0,1.0,3.0,2264137,1.0,1,1,1,5.0,,0.0,0,1940.0,A01,138Â 204Â 522,1.0,-1.0,-1.0,1728263,2.0,33,,0.0,2.0,7.0,B01,138Â 204Â 524,1.0
1012460,201900053991,3,29,18:40,1,1,2,1.0,3.0,32352,Rd 939,M,"43,8120900","0,3864750",32,2019,80.0,1.0,1.0,3.0,2264138,1.0,1,3,1,5.0,,0.0,0,1993.0,B01,138Â 204Â 524,2.0,6.0,-1.0,1728262,2.0,7,,0.0,2.0,1.0,A01,138Â 204Â 522,1.0
1012460,201900053991,3,29,18:40,1,1,2,1.0,3.0,32352,Rd 939,M,"43,8120900","0,3864750",32,2019,80.0,1.0,1.0,3.0,2264138,1.0,1,3,1,5.0,,0.0,0,1993.0,B01,138Â 204Â 524,2.0,6.0,-1.0,1728263,2.0,33,,0.0,2.0,7.0,B01,138Â 204Â 524,1.0
1012461,201900053992,7,13,00:35,5,2,2,1.0,3.0,93047,PERVENCHES (AVENUE DES),M,"48,8872300","2,5515900",93,2019,50.0,1.0,1.0,4.0,2264139,1.0,1,4,1,5.0,,-1.0, -1,1995.0,A01,138Â 204Â 503,1.0,0.0,-1.0,1728264,1.0,7,,0.0,2.0,1.0,A01,138Â 204Â 503,1.0
1012461,201900053992,7,13,00:35,5,2,2,1.0,3.0,93047,PERVENCHES (AVENUE DES),M,"48,8872300","2,5515900",93,2019,50.0,1.0,1.0,4.0,2264139,1.0,1,4,1,5.0,,-1.0, -1,1995.0,A01,138Â 204Â 503,1.0,0.0,-1.0,1728265,1.0,7,,0.0,2.0,3.0,B01,138Â 204Â 505,1.0
1012461,201900053992,7,13,00:35,5,2,2,1.0,3.0,93047,PERVENCHES (AVENUE DES),M,"48,8872300","2,5515900",93,2019,50.0,1.0,1.0,4.0,2264140,1.0,1,1,2,5.0,,-1.0, -1,1991.0,B01,138Â 204Â 505,1.0,0.0,-1.0,1728264,1.0,7,,0.0,2.0,1.0,A01,138Â 204Â 503,1.0
1012461,201900053992,7,13,00:35,5,2,2,1.0,3.0,93047,PERVENCHES (AVENUE DES),M,"48,8872300","2,5515900",93,2019,50.0,1.0,1.0,4.0,2264140,1.0,1,1,2,5.0,,-1.0, -1,1991.0,B01,138Â 204Â 505,1.0,0.0,-1.0,1728265,1.0,7,,0.0,2.0,3.0,B01,138Â 204Â 505,1.0
1012462,201900053993,3,30,10:15,1,1,1,1.0,1.0,32160,RN124 PK 16+200,M,"43,6025110","1,0396830",32,2019,80.0,1.0,1.0,2.0,2264141,1.0,1,4,2,4.0,,0.0,0,1959.0,B01,138Â 204Â 502,1.0,-1.0,-1.0,1728266,2.0,10,,0.0,2.0,3.0,B01,138Â 204Â 502,1.0
1012462,201900053993,3,30,10:15,1,1,1,1.0,1.0,32160,RN124 PK 16+200,M,"43,6025110","1,0396830",32,2019,80.0,1.0,1.0,2.0,2264141,1.0,1,4,2,4.0,,0.0,0,1959.0,B01,138Â 204Â 502,1.0,-1.0,-1.0,1728267,1.0,7,,0.0,2.0,3.0,A01,138Â 204Â 504,1.0
1012462,201900053993,3,30,10:15,1,1,1,1.0,1.0,32160,RN124 PK 16+200,M,"43,6025110","1,0396830",32,2019,80.0,1.0,1.0,2.0,2264142,5.0,2,3,2,4.0,,0.0,0,1960.0,B01,138Â 204Â 502,1.0,-1.0,-1.0,1728266,2.0,10,,0.0,2.0,3.0,B01,138Â 204Â 502,1.0
1012462,201900053993,3,30,10:15,1,1,1,1.0,1.0,32160,RN124 PK 16+200,M,"43,6025110","1,0396830",32,2019,80.0,1.0,1.0,2.0,2264142,5.0,2,3,2,4.0,,0.0,0,1960.0,B01,138Â 204Â 502,1.0,-1.0,-1.0,1728267,1.0,7,,0.0,2.0,3.0,A01,138Â 204Â 504,1.0
1012462,201900053993,3,30,10:15,1,1,1,1.0,1.0,32160,RN124 PK 16+200,M,"43,6025110","1,0396830",32,2019,80.0,1.0,1.0,2.0,2264143,8.0,2,3,1,9.0,,0.0,0,1939.0,B01,138Â 204Â 502,1.0,-1.0,-1.0,1728266,2.0,10,,0.0,2.0,3.0,B01,138Â 204Â 502,1.0
1012462,201900053993,3,30,10:15,1,1,1,1.0,1.0,32160,RN124 PK 16+200,M,"43,6025110","1,0396830",32,2019,80.0,1.0,1.0,2.0,2264143,8.0,2,3,1,9.0,,0.0,0,1939.0,B01,138Â 204Â 502,1.0,-1.0,-1.0,1728267,1.0,7,,0.0,2.0,3.0,A01,138Â 204Â 504,1.0
1012462,201900053993,3,30,10:15,1,1,1,1.0,1.0,32160,RN124 PK 16+200,M,"43,6025110","1,0396830",32,2019,80.0,1.0,1.0,2.0,2264144,2.0,2,1,2,9.0,,0.0,0,1941.0,B01,138Â 204Â 502,1.0,-1.0,-1.0,1728266,2.0,10,,0.0,2.0,3.0,B01,138Â 204Â 502,1.0
1012462,201900053993,3,30,10:15,1,1,1,1.0,1.0,32160,RN124 PK 16+200,M,"43,6025110","1,0396830",32,2019,80.0,1.0,1.0,2.0,2264144,2.0,2,1,2,9.0,,0.0,0,1941.0,B01,138Â 204Â 502,1.0,-1.0,-1.0,1728267,1.0,7,,0.0,2.0,3.0,A01,138Â 204Â 504,1.0
1012462,201900053993,3,30,10:15,1,1,1,1.0,1.0,32160,RN124 PK 16+200,M,"43,6025110","1,0396830",32,2019,80.0,1.0,1.0,2.0,2264145,6.0,2,4,1,4.0,,0.0,0,1993.0,B01,138Â 204Â 502,1.0,-1.0,-1.0,1728266,2.0,10,,0.0,2.0,3.0,B01,138Â 204Â 502,1.0
1012462,201900053993,3,30,10:15,1,1,1,1.0,1.0,32160,RN124 PK 16+200,M,"43,6025110","1,0396830",32,2019,80.0,1.0,1.0,2.0,2264145,6.0,2,4,1,4.0,,0.0,0,1993.0,B01,138Â 204Â 502,1.0,-1.0,-1.0,1728267,1.0,7,,0.0,2.0,3.0,A01,138Â 204Â 504,1.0
1012462,201900053993,3,30,10:15,1,1,1,1.0,1.0,32160,RN124 PK 16+200,M,"43,6025110","1,0396830",32,2019,80.0,1.0,1.0,2.0,2264146,1.0,1,4,1,0.0,,0.0,0,1995.0,A01,138Â 204Â 504,1.0,-1.0,-1.0,1728266,2.0,10,,0.0,2.0,3.0,B01,138Â 204Â 502,1.0
1012462,201900053993,3,30,10:15,1,1,1,1.0,1.0,32160,RN124 PK 16+200,M,"43,6025110","1,0396830",32,2019,80.0,1.0,1.0,2.0,2264146,1.0,1,4,1,0.0,,0.0,0,1995.0,A01,138Â 204Â 504,1.0,-1.0,-1.0,1728267,1.0,7,,0.0,2.0,3.0,A01,138Â 204Â 504,1.0
1012463,201900053994,3,29,10:15,1,2,1,1.0,6.0,71263,90 rue du jura,M,"46,6323680","5,2423580",71,2019,50.0,4.0,1.0,3.0,2264147,1.0,1,3,1,5.0,,0.0,0,1936.0,A01,138Â 204Â 500,1.0,-1.0,-1.0,1728268,2.0,7,,9.0,0.0,1.0,A01,138Â 204Â 500,1.0
1012464,201900053995,7,11,21:40,2,2,1,1.0,2.0,93014,ROBERT BESSON (ALLEE),M,"48,9007560","2,5333200",93,2019,30.0,2.0,1.0,4.0,2264148,1.0,1,1,2,5.0,,-1.0, -1,1999.0,A01,138Â 204Â 499,1.0,0.0,-1.0,1728269,0.0,7,,0.0,2.0,1.0,A01,138Â 204Â 499,0.0
1012464,201900053995,7,11,21:40,2,2,1,1.0,2.0,93014,ROBERT BESSON (ALLEE),M,"48,9007560","2,5333200",93,2019,30.0,2.0,1.0,4.0,2264148,1.0,1,1,2,5.0,,-1.0, -1,1999.0,A01,138Â 204Â 499,1.0,0.0,-1.0,1728270,0.0,7,,0.0,6.0,4.0,B01,138Â 204Â 501,0.0
1012464,201900053995,7,11,21:40,2,2,1,1.0,2.0,93014,ROBERT BESSON (ALLEE),M,"48,9007560","2,5333200",93,2019,30.0,2.0,1.0,4.0,2264149,2.0,2,4,2,0.0,,-1.0, -1,2007.0,A01,138Â 204Â 499,1.0,0.0,-1.0,1728269,0.0,7,,0.0,2.0,1.0,A01,138Â 204Â 499,0.0
1012464,201900053995,7,11,21:40,2,2,1,1.0,2.0,93014,ROBERT BESSON (ALLEE),M,"48,9007560","2,5333200",93,2019,30.0,2.0,1.0,4.0,2264149,2.0,2,4,2,0.0,,-1.0, -1,2007.0,A01,138Â 204Â 499,1.0,0.0,-1.0,1728270,0.0,7,,0.0,6.0,4.0,B01,138Â 204Â 501,0.0
1012464,201900053995,7,11,21:40,2,2,1,1.0,2.0,93014,ROBERT BESSON (ALLEE),M,"48,9007560","2,5333200",93,2019,30.0,2.0,1.0,4.0,2264150,3.0,2,1,2,0.0,,-1.0,0,2003.0,A01,138Â 204Â 499,1.0,0.0,-1.0,1728269,0.0,7,,0.0,2.0,1.0,A01,138Â 204Â 499,0.0
1012464,201900053995,7,11,21:40,2,2,1,1.0,2.0,93014,ROBERT BESSON (ALLEE),M,"48,9007560","2,5333200",93,2019,30.0,2.0,1.0,4.0,2264150,3.0,2,1,2,0.0,,-1.0,0,2003.0,A01,138Â 204Â 499,1.0,0.0,-1.0,1728270,0.0,7,,0.0,6.0,4.0,B01,138Â 204Â 501,0.0
1012464,201900053995,7,11,21:40,2,2,1,1.0,2.0,93014,ROBERT BESSON (ALLEE),M,"48,9007560","2,5333200",93,2019,30.0,2.0,1.0,4.0,2264151,2.0,2,3,2,5.0,,-1.0, -1,1999.0,B01,138Â 204Â 501,8.0,0.0,-1.0,1728269,0.0,7,,0.0,2.0,1.0,A01,138Â 204Â 499,0.0
1012464,201900053995,7,11,21:40,2,2,1,1.0,2.0,93014,ROBERT BESSON (ALLEE),M,"48,9007560","2,5333200",93,2019,30.0,2.0,1.0,4.0,2264151,2.0,2,3,2,5.0,,-1.0, -1,1999.0,B01,138Â 204Â 501,8.0,0.0,-1.0,1728270,0.0,7,,0.0,6.0,4.0,B01,138Â 204Â 501,0.0
1012464,201900053995,7,11,21:40,2,2,1,1.0,2.0,93014,ROBERT BESSON (ALLEE),M,"48,9007560","2,5333200",93,2019,30.0,2.0,1.0,4.0,2264152,1.0,1,1,2,5.0,,-1.0, -1,1999.0,B01,138Â 204Â 501,1.0,0.0,-1.0,1728269,0.0,7,,0.0,2.0,1.0,A01,138Â 204Â 499,0.0
1012464,201900053995,7,11,21:40,2,2,1,1.0,2.0,93014,ROBERT BESSON (ALLEE),M,"48,9007560","2,5333200",93,2019,30.0,2.0,1.0,4.0,2264152,1.0,1,1,2,5.0,,-1.0, -1,1999.0,B01,138Â 204Â 501,1.0,0.0,-1.0,1728270,0.0,7,,0.0,6.0,4.0,B01,138Â 204Â 501,0.0
1012465,201900053996,3,30,05:30,2,2,1,1.0,6.0,71170,22 Rue Jules Seurre,M,"46,9296150","4,8412060",71,2019,50.0,4.0,1.0,3.0,2264153,1.0,1,1,1,5.0,,0.0,0,1991.0,A01,138Â 204Â 498,1.0,-1.0,-1.0,1728271,2.0,7,,6.0,0.0,8.0,A01,138Â 204Â 498,1.0
1012465,201900053996,3,30,05:30,2,2,1,1.0,6.0,71170,22 Rue Jules Seurre,M,"46,9296150","4,8412060",71,2019,50.0,4.0,1.0,3.0,2264154,7.0,2,3,1,5.0,,0.0,0,1991.0,A01,138Â 204Â 498,1.0,-1.0,-1.0,1728271,2.0,7,,6.0,0.0,8.0,A01,138Â 204Â 498,1.0
1012465,201900053996,3,30,05:30,2,2,1,1.0,6.0,71170,22 Rue Jules Seurre,M,"46,9296150","4,8412060",71,2019,50.0,4.0,1.0,3.0,2264155,2.0,2,1,1,5.0,,0.0,0,1984.0,A01,138Â 204Â 498,1.0,-1.0,-1.0,1728271,2.0,7,,6.0,0.0,8.0,A01,138Â 204Â 498,1.0
1012466,201900053997,7,11,19:10,1,2,3,1.0,3.0,93010,VAILLANT (RUE EDOUARD) 27 A 135,M,"48,8956500","2,4844800",93,2019,50.0,1.0,1.0,4.0,2264156,1.0,1,1,1,9.0,,-1.0, -1,1980.0,A01,138Â 204Â 496,1.0,0.0,-1.0,1728272,3.0,7,,0.0,2.0,3.0,A01,138Â 204Â 496,1.0
1012466,201900053997,7,11,19:10,1,2,3,1.0,3.0,93010,VAILLANT (RUE EDOUARD) 27 A 135,M,"48,8956500","2,4844800",93,2019,50.0,1.0,1.0,4.0,2264156,1.0,1,1,1,9.0,,-1.0, -1,1980.0,A01,138Â 204Â 496,1.0,0.0,-1.0,1728273,3.0,2,,8.0,2.0,0.0,B01,138Â 204Â 497,0.0
1012466,201900053997,7,11,19:10,1,2,3,1.0,3.0,93010,VAILLANT (RUE EDOUARD) 27 A 135,M,"48,8956500","2,4844800",93,2019,50.0,1.0,1.0,4.0,2264157,1.0,1,4,1,9.0,,-1.0, -1,1996.0,B01,138Â 204Â 497,8.0,0.0,-1.0,1728272,3.0,7,,0.0,2.0,3.0,A01,138Â 204Â 496,1.0
1012466,201900053997,7,11,19:10,1,2,3,1.0,3.0,93010,VAILLANT (RUE EDOUARD) 27 A 135,M,"48,8956500","2,4844800",93,2019,50.0,1.0,1.0,4.0,2264157,1.0,1,4,1,9.0,,-1.0, -1,1996.0,B01,138Â 204Â 497,8.0,0.0,-1.0,1728273,3.0,2,,8.0,2.0,0.0,B01,138Â 204Â 497,0.0