Unnamed: 0_x,num_acc,mois,jour,hrmn,lum,agg,int,atm,col,com,adr,gps,lat,long,dep,annee,vma,situ,surf,catr,Unnamed: 0_y,place,catu,grav,sexe,trajet,secu,locp,actp,an_nais,num_veh_x,id_vehicule_x,secu1,secu2,secu3,Unnamed: 0,senc,catv,occutc,obs,obsm,choc,num_veh_y,id_vehicule_y,motor
1012467,201900053998,3,28,15:50,1,2,1,1.0,7.0,89478,rue du saule,M,"47,7011780","3,6350320",89,2019,45.0,1.0,1.0,4.0,2264158,1.0,1,3,1,5.0,,0.0,0,1973.0,A01,138Â 204Â 495,0.0,-1.0,-1.0,1728274,3.0,2,,0.0,0.0,0.0,A01,138Â 204Â 495,1.0
1012468,201900053999,3,30,11:00,1,2,1,1.0,2.0,63430,5 Avenue LÃ©o Lagrange,M,"45,8498990","3,5377390",63,2019,50.0,4.0,1.0,3.0,2264159,10.0,3,3,2,4.0,,5.0,A,1966.0,B01,138Â 204Â 492,0.0,-1.0,-1.0,1728275,1.0,7,,0.0,0.0,4.0,B01,138Â 204Â 492,1.0
1012468,201900053999,3,30,11:00,1,2,1,1.0,2.0,63430,5 Avenue LÃ©o Lagrange,M,"45,8498990","3,5377390",63,2019,50.0,4.0,1.0,3.0,2264159,10.0,3,3,2,4.0,,5.0,A,1966.0,B01,138Â 204Â 492,0.0,-1.0,-1.0,1728276,1.0,7,,1.0,0.0,1.0,A01,138Â 204Â 493,1.0
1012468,201900053999,3,30,11:00,1,2,1,1.0,2.0,63430,5 Avenue LÃ©o Lagrange,M,"45,8498990","3,5377390",63,2019,50.0,4.0,1.0,3.0,2264160,1.0,1,1,1,3.0,,0.0,0,1969.0,A01,138Â 204Â 493,1.0,-1.0,-1.0,1728275,1.0,7,,0.0,0.0,4.0,B01,138Â 204Â 492,1.0
1012468,201900053999,3,30,11:00,1,2,1,1.0,2.0,63430,5 Avenue LÃ©o Lagrange,M,"45,8498990","3,5377390",63,2019,50.0,4.0,1.0,3.0,2264160,1.0,1,1,1,3.0,,0.0,0,1969.0,A01,138Â 204Â 493,1.0,-1.0,-1.0,1728276,1.0,7,,1.0,0.0,1.0,A01,138Â 204Â 493,1.0
1012469,201900054000,3,31,08:30,1,1,1,7.0,2.0,61324,La Jariais (L'Ãpinay-le-Comte),M,"48,4774230"," -0,7824350",61,2019,80.0,1.0,1.0,3.0,2264161,1.0,1,3,1,5.0,,0.0,0,1950.0,B01,138Â 204Â 488,0.0,-1.0,-1.0,1728277,2.0,1,,0.0,2.0,6.0,B01,138Â 204Â 488,5.0
1012469,201900054000,3,31,08:30,1,1,1,7.0,2.0,61324,La Jariais (L'Ãpinay-le-Comte),M,"48,4774230"," -0,7824350",61,2019,80.0,1.0,1.0,3.0,2264161,1.0,1,3,1,5.0,,0.0,0,1950.0,B01,138Â 204Â 488,0.0,-1.0,-1.0,1728278,2.0,7,,0.0,2.0,2.0,A01,138Â 204Â 489,1.0
1012469,201900054000,3,31,08:30,1,1,1,7.0,2.0,61324,La Jariais (L'Ãpinay-le-Comte),M,"48,4774230"," -0,7824350",61,2019,80.0,1.0,1.0,3.0,2264162,1.0,1,1,1,5.0,,0.0,0,1962.0,A01,138Â 204Â 489,1.0,-1.0,-1.0,1728277,2.0,1,,0.0,2.0,6.0,B01,138Â 204Â 488,5.0
1012469,201900054000,3,31,08:30,1,1,1,7.0,2.0,61324,La Jariais (L'Ãpinay-le-Comte),M,"48,4774230"," -0,7824350",61,2019,80.0,1.0,1.0,3.0,2264162,1.0,1,1,1,5.0,,0.0,0,1962.0,A01,138Â 204Â 489,1.0,-1.0,-1.0,1728278,2.0,7,,0.0,2.0,2.0,A01,138Â 204Â 489,1.0
1012470,201900054001,7,11,13:11,1,2,2,1.0,3.0,93007,GENERAL GIRAUD (RUE),M,"48,9408100","2,4631400",93,2019,50.0,1.0,1.0,4.0,2264163,1.0,1,1,1,0.0,,-1.0, -1,1994.0,B01,138Â 204Â 490,1.0,0.0,-1.0,1728279,2.0,7,,0.0,2.0,0.0,B01,138Â 204Â 490,1.0
1012470,201900054001,7,11,13:11,1,2,2,1.0,3.0,93007,GENERAL GIRAUD (RUE),M,"48,9408100","2,4631400",93,2019,50.0,1.0,1.0,4.0,2264163,1.0,1,1,1,0.0,,-1.0, -1,1994.0,B01,138Â 204Â 490,1.0,0.0,-1.0,1728280,2.0,7,,0.0,2.0,3.0,A01,138Â 204Â 491,1.0
1012470,201900054001,7,11,13:11,1,2,2,1.0,3.0,93007,GENERAL GIRAUD (RUE),M,"48,9408100","2,4631400",93,2019,50.0,1.0,1.0,4.0,2264164,1.0,1,4,2,3.0,,-1.0, -1,1982.0,A01,138Â 204Â 491,1.0,0.0,-1.0,1728279,2.0,7,,0.0,2.0,0.0,B01,138Â 204Â 490,1.0
1012470,201900054001,7,11,13:11,1,2,2,1.0,3.0,93007,GENERAL GIRAUD (RUE),M,"48,9408100","2,4631400",93,2019,50.0,1.0,1.0,4.0,2264164,1.0,1,4,2,3.0,,-1.0, -1,1982.0,A01,138Â 204Â 491,1.0,0.0,-1.0,1728280,2.0,7,,0.0,2.0,3.0,A01,138Â 204Â 491,1.0
1012471,201900054002,3,28,16:45,1,1,3,1.0,3.0,42081,RD1082,M,"45,6004370","4,2647660",42,2019,80.0,1.0,1.0,3.0,2264165,1.0,1,1,1,1.0,,0.0,0,1997.0,A01,138Â 204Â 484,1.0,-1.0,-1.0,1728281,0.0,7,,0.0,9.0,2.0,A01,138Â 204Â 484,1.0
1012471,201900054002,3,28,16:45,1,1,3,1.0,3.0,42081,RD1082,M,"45,6004370","4,2647660",42,2019,80.0,1.0,1.0,3.0,2264165,1.0,1,1,1,1.0,,0.0,0,1997.0,A01,138Â 204Â 484,1.0,-1.0,-1.0,1728282,0.0,1,,0.0,2.0,3.0,B01,138Â 204Â 485,5.0
1012471,201900054002,3,28,16:45,1,1,3,1.0,3.0,42081,RD1082,M,"45,6004370","4,2647660",42,2019,80.0,1.0,1.0,3.0,2264166,1.0,1,3,1,5.0,,0.0,0,2002.0,B01,138Â 204Â 485,0.0,-1.0,-1.0,1728281,0.0,7,,0.0,9.0,2.0,A01,138Â 204Â 484,1.0
1012471,201900054002,3,28,16:45,1,1,3,1.0,3.0,42081,RD1082,M,"45,6004370","4,2647660",42,2019,80.0,1.0,1.0,3.0,2264166,1.0,1,3,1,5.0,,0.0,0,2002.0,B01,138Â 204Â 485,0.0,-1.0,-1.0,1728282,0.0,1,,0.0,2.0,3.0,B01,138Â 204Â 485,5.0
1012472,201900054003,3,29,08:15,1,2,1,7.0,6.0,42150,le bourg,M,"45,7145510","4,0666010",42,2019,30.0,1.0,1.0,3.0,2264167,10.0,3,3,1,0.0,,9.0,3,1946.0,A01,138Â 204Â 483,8.0,-1.0,-1.0,1728283,3.0,7,,0.0,1.0,3.0,A01,138Â 204Â 483,0.0
1012472,201900054003,3,29,08:15,1,2,1,7.0,6.0,42150,le bourg,M,"45,7145510","4,0666010",42,2019,30.0,1.0,1.0,3.0,2264168,1.0,1,1,1,1.0,,0.0,0,1998.0,A01,138Â 204Â 483,8.0,-1.0,-1.0,1728283,3.0,7,,0.0,1.0,3.0,A01,138Â 204Â 483,0.0
1012473,201900054004,3,29,16:30,1,2,3,7.0,3.0,47310,Avenue Pierre MendÃ¨s France,M,"44,3956490","0,3017466",47,2019,50.0,1.0,1.0,3.0,2264169,1.0,1,1,2,3.0,,0.0,0,1941.0,A01,138Â 204Â 481,1.0,-1.0,-1.0,1728284,2.0,7,,0.0,2.0,3.0,A01,138Â 204Â 481,2.0
1012473,201900054004,3,29,16:30,1,2,3,7.0,3.0,47310,Avenue Pierre MendÃ¨s France,M,"44,3956490","0,3017466",47,2019,50.0,1.0,1.0,3.0,2264169,1.0,1,1,2,3.0,,0.0,0,1941.0,A01,138Â 204Â 481,1.0,-1.0,-1.0,1728285,1.0,31,,0.0,2.0,7.0,B01,138Â 204Â 482,1.0
1012473,201900054004,3,29,16:30,1,2,3,7.0,3.0,47310,Avenue Pierre MendÃ¨s France,M,"44,3956490","0,3017466",47,2019,50.0,1.0,1.0,3.0,2264170,1.0,1,3,1,3.0,,0.0,0,1989.0,B01,138Â 204Â 482,2.0,-1.0,-1.0,1728284,2.0,7,,0.0,2.0,3.0,A01,138Â 204Â 481,2.0
1012473,201900054004,3,29,16:30,1,2,3,7.0,3.0,47310,Avenue Pierre MendÃ¨s France,M,"44,3956490","0,3017466",47,2019,50.0,1.0,1.0,3.0,2264170,1.0,1,3,1,3.0,,0.0,0,1989.0,B01,138Â 204Â 482,2.0,-1.0,-1.0,1728285,1.0,31,,0.0,2.0,7.0,B01,138Â 204Â 482,1.0
1012474,201900054005,3,16,14:50,1,1,1,1.0,3.0,41049,Rue de Romorantin,M,"47,3466530","1,4844770",41,2019,90.0,1.0,1.0,3.0,2264171,1.0,1,4,1,5.0,,0.0,0,2004.0,A01,138Â 204Â 479,2.0,-1.0,-1.0,1728286,2.0,2,,0.0,2.0,6.0,A01,138Â 204Â 479,1.0
1012474,201900054005,3,16,14:50,1,1,1,1.0,3.0,41049,Rue de Romorantin,M,"47,3466530","1,4844770",41,2019,90.0,1.0,1.0,3.0,2264171,1.0,1,4,1,5.0,,0.0,0,2004.0,A01,138Â 204Â 479,2.0,-1.0,-1.0,1728287,2.0,7,,0.0,2.0,2.0,B01,138Â 204Â 480,1.0
1012474,201900054005,3,16,14:50,1,1,1,1.0,3.0,41049,Rue de Romorantin,M,"47,3466530","1,4844770",41,2019,90.0,1.0,1.0,3.0,2264172,1.0,1,1,1,5.0,,0.0,0,1944.0,B01,138Â 204Â 480,1.0,-1.0,-1.0,1728286,2.0,2,,0.0,2.0,6.0,A01,138Â 204Â 479,1.0
1012474,201900054005,3,16,14:50,1,1,1,1.0,3.0,41049,Rue de Romorantin,M,"47,3466530","1,4844770",41,2019,90.0,1.0,1.0,3.0,2264172,1.0,1,1,1,5.0,,0.0,0,1944.0,B01,138Â 204Â 480,1.0,-1.0,-1.0,1728287,2.0,7,,0.0,2.0,2.0,B01,138Â 204Â 480,1.0
1012475,201900054006,3,27,13:55,1,2,1,1.0,6.0,68082,3 Rue des PÃ¢querettes hauteur Ã©cole maternelle Les Mines,M,"47,8549180","7,3354410",68,2019,50.0,6.0,1.0,4.0,2264173,1.0,1,4,1,5.0,,0.0,0,2004.0,A01,138Â 204Â 478,8.0,-1.0,-1.0,1728288,3.0,2,,11.0,0.0,1.0,A01,138Â 204Â 478,1.0
1012476,201900054007,3,29,14:15,1,2,1,1.0,6.0,68202,8 Rue de Saint-Ulrich,M,"47,5918480","7,1215910",68,2019,50.0,4.0,1.0,3.0,2264174,1.0,1,3,1,5.0,,0.0,0,1940.0,A01,138Â 204Â 477,8.0,-1.0,-1.0,1728289,2.0,7,,8.0,0.0,3.0,A01,138Â 204Â 477,1.0
1012477,201900054008,7,12,23:52,5,2,1,1.0,6.0,93001,REPUBLIQUE (AVE DE LA ) 43/106 =>,M,"48,9111954","2,3846355",93,2019,50.0,1.0,1.0,3.0,2264175,1.0,1,1,1,9.0,,-1.0, -1,1994.0,A01,138Â 204Â 486,1.0,0.0,-1.0,1728290,1.0,37,1.0,0.0,1.0,3.0,A01,138Â 204Â 486,6.0
1012477,201900054008,7,12,23:52,5,2,1,1.0,6.0,93001,REPUBLIQUE (AVE DE LA ) 43/106 =>,M,"48,9111954","2,3846355",93,2019,50.0,1.0,1.0,3.0,2264176,10.0,3,4,1,0.0,,2.0,3,1983.0,A01,138Â 204Â 486,0.0,0.0,-1.0,1728290,1.0,37,1.0,0.0,1.0,3.0,A01,138Â 204Â 486,6.0
1012478,201900054009,7,31,18:00,1,2,1,7.0,1.0,67529,4C rue creuse,M,"48,7164120","7,8037580",67,2019,50.0,1.0,1.0,4.0,2264177,1.0,1,3,1,5.0,,0.0,0,2000.0,B01,138Â 204Â 473,2.0,-1.0,-1.0,1728291,1.0,32,,0.0,2.0,1.0,B01,138Â 204Â 473,1.0
1012478,201900054009,7,31,18:00,1,2,1,7.0,1.0,67529,4C rue creuse,M,"48,7164120","7,8037580",67,2019,50.0,1.0,1.0,4.0,2264177,1.0,1,3,1,5.0,,0.0,0,2000.0,B01,138Â 204Â 473,2.0,-1.0,-1.0,1728292,2.0,7,,0.0,2.0,3.0,A01,138Â 204Â 474,1.0
1012478,201900054009,7,31,18:00,1,2,1,7.0,1.0,67529,4C rue creuse,M,"48,7164120","7,8037580",67,2019,50.0,1.0,1.0,4.0,2264178,1.0,1,1,2,5.0,,0.0,0,1972.0,A01,138Â 204Â 474,1.0,-1.0,-1.0,1728291,1.0,32,,0.0,2.0,1.0,B01,138Â 204Â 473,1.0
1012478,201900054009,7,31,18:00,1,2,1,7.0,1.0,67529,4C rue creuse,M,"48,7164120","7,8037580",67,2019,50.0,1.0,1.0,4.0,2264178,1.0,1,1,2,5.0,,0.0,0,1972.0,A01,138Â 204Â 474,1.0,-1.0,-1.0,1728292,2.0,7,,0.0,2.0,3.0,A01,138Â 204Â 474,1.0
1012479,201900054010,7,12,17:40,1,2,1,1.0,7.0,93001,DOCTEUR PESQUE (RUE DU),M,"48,9136700","2,3829800",93,2019,30.0,1.0,1.0,9.0,2264179,1.0,1,1,1,5.0,,0.0,0,1981.0,A01,138Â 204Â 472,8.0,0.0,-1.0,1728293,1.0,7,,0.0,1.0,0.0,A01,138Â 204Â 472,1.0
1012479,201900054010,7,12,17:40,1,2,1,1.0,7.0,93001,DOCTEUR PESQUE (RUE DU),M,"48,9136700","2,3829800",93,2019,30.0,1.0,1.0,9.0,2264180,10.0,3,4,2,0.0,,4.0,3,2006.0,A01,138Â 204Â 472,8.0,0.0,-1.0,1728293,1.0,7,,0.0,1.0,0.0,A01,138Â 204Â 472,1.0
1012480,201900054011,7,12,12:15,1,2,9,1.0,3.0,93001,PONT BLANC.CHARLES TILLON (RUE)  3/80 =>,M,"48,9171400","2,3930800",93,2019,50.0,1.0,1.0,3.0,2264181,1.0,1,1,1,0.0,,-1.0, -1,1998.0,B01,138Â 204Â 468,1.0,0.0,-1.0,1728294,1.0,7,,0.0,2.0,7.0,B01,138Â 204Â 468,1.0
1012480,201900054011,7,12,12:15,1,2,9,1.0,3.0,93001,PONT BLANC.CHARLES TILLON (RUE)  3/80 =>,M,"48,9171400","2,3930800",93,2019,50.0,1.0,1.0,3.0,2264181,1.0,1,1,1,0.0,,-1.0, -1,1998.0,B01,138Â 204Â 468,1.0,0.0,-1.0,1728295,1.0,43,,0.0,2.0,1.0,A01,138Â 204Â 470,1.0
1012480,201900054011,7,12,12:15,1,2,9,1.0,3.0,93001,PONT BLANC.CHARLES TILLON (RUE)  3/80 =>,M,"48,9171400","2,3930800",93,2019,50.0,1.0,1.0,3.0,2264182,1.0,1,4,1,0.0,,-1.0, -1,1997.0,A01,138Â 204Â 470,2.0,6.0,-1.0,1728294,1.0,7,,0.0,2.0,7.0,B01,138Â 204Â 468,1.0
1012480,201900054011,7,12,12:15,1,2,9,1.0,3.0,93001,PONT BLANC.CHARLES TILLON (RUE)  3/80 =>,M,"48,9171400","2,3930800",93,2019,50.0,1.0,1.0,3.0,2264182,1.0,1,4,1,0.0,,-1.0, -1,1997.0,A01,138Â 204Â 470,2.0,6.0,-1.0,1728295,1.0,43,,0.0,2.0,1.0,A01,138Â 204Â 470,1.0
1012481,201900054012,8,16,09:40,1,1,4,1.0,1.0,88367,Intersectin D32/D246,M,"48,3250480","6,6316390",88,2019,80.0,3.0,1.0,3.0,2264183,1.0,1,1,2,3.0,,0.0,0,1943.0,B01,138Â 204Â 469,1.0,-1.0,-1.0,1728296,1.0,7,,0.0,0.0,0.0,B01,138Â 204Â 469,1.0
1012481,201900054012,8,16,09:40,1,1,4,1.0,1.0,88367,Intersectin D32/D246,M,"48,3250480","6,6316390",88,2019,80.0,3.0,1.0,3.0,2264183,1.0,1,1,2,3.0,,0.0,0,1943.0,B01,138Â 204Â 469,1.0,-1.0,-1.0,1728297,1.0,7,,2.0,0.0,1.0,A01,138Â 204Â 471,1.0
1012481,201900054012,8,16,09:40,1,1,4,1.0,1.0,88367,Intersectin D32/D246,M,"48,3250480","6,6316390",88,2019,80.0,3.0,1.0,3.0,2264184,1.0,1,3,2,1.0,,0.0,0,1999.0,A01,138Â 204Â 471,1.0,-1.0,-1.0,1728296,1.0,7,,0.0,0.0,0.0,B01,138Â 204Â 469,1.0
1012481,201900054012,8,16,09:40,1,1,4,1.0,1.0,88367,Intersectin D32/D246,M,"48,3250480","6,6316390",88,2019,80.0,3.0,1.0,3.0,2264184,1.0,1,3,2,1.0,,0.0,0,1999.0,A01,138Â 204Â 471,1.0,-1.0,-1.0,1728297,1.0,7,,2.0,0.0,1.0,A01,138Â 204Â 471,1.0
1012482,201900054013,5,30,09:30,1,2,2,1.0,6.0,93001,HENRI BARBUSSE (RUE)  111 =>,M,"48,9088800","2,3906000",93,2019,50.0,1.0,1.0,3.0,2264185,10.0,3,4,2,0.0,,9.0,B,1941.0,A01,138Â 204Â 466,8.0,0.0,-1.0,1728298,1.0,10,,0.0,1.0,1.0,A01,138Â 204Â 466,0.0
1012482,201900054013,5,30,09:30,1,2,2,1.0,6.0,93001,HENRI BARBUSSE (RUE)  111 =>,M,"48,9088800","2,3906000",93,2019,50.0,1.0,1.0,3.0,2264186,1.0,1,1,1,0.0,,-1.0, -1,1965.0,A01,138Â 204Â 466,1.0,0.0,-1.0,1728298,1.0,10,,0.0,1.0,1.0,A01,138Â 204Â 466,0.0
1012483,201900054014,8,20,11:50,1,1,1,2.0,6.0,38565,d520a,M,"45,2974210","5,6363310",38,2019,70.0,3.0,2.0,3.0,2264187,1.0,1,3,2,4.0,,0.0,0,1944.0,A01,138Â 204Â 465,1.0,-1.0,-1.0,1728299,1.0,7,,13.0,0.0,3.0,A01,138Â 204Â 465,1.0
1012483,201900054014,8,20,11:50,1,1,1,2.0,6.0,38565,d520a,M,"45,2974210","5,6363310",38,2019,70.0,3.0,2.0,3.0,2264188,2.0,2,4,1,4.0,,0.0,0,1932.0,A01,138Â 204Â 465,1.0,-1.0,-1.0,1728299,1.0,7,,13.0,0.0,3.0,A01,138Â 204Â 465,1.0
1012484,201900054015,7,11,08:55,1,2,2,1.0,6.0,92046,DANTON (RUE),M,"48,8219400","2,2997300",92,2019,50.0,1.0,1.0,7.0,2264189,1.0,1,1,1,4.0,,-1.0,0,1986.0,A01,138Â 204Â 464,1.0,8.0,-1.0,1728300,2.0,10,,0.0,1.0,3.0,A01,138Â 204Â 464,3.0
1012484,201900054015,7,11,08:55,1,2,2,1.0,6.0,92046,DANTON (RUE),M,"48,8219400","2,2997300",92,2019,50.0,1.0,1.0,7.0,2264190,10.0,3,4,2,1.0,,3.0,3,1959.0,A01,138Â 204Â 464,8.0,0.0,-1.0,1728300,2.0,10,,0.0,1.0,3.0,A01,138Â 204Â 464,3.0
1012485,201900054016,3,28,16:30,1,2,1,1.0,2.0,68004,29 Rue du 3e Zouave,M,"47,6271480","7,2625390",68,2019,80.0,1.0,1.0,3.0,2264191,1.0,1,4,1,5.0,,0.0,0,1994.0,A01,138Â 204Â 475,2.0,6.0,-1.0,1728301,1.0,33,,0.0,2.0,1.0,A01,138Â 204Â 475,1.0
1012485,201900054016,3,28,16:30,1,2,1,1.0,2.0,68004,29 Rue du 3e Zouave,M,"47,6271480","7,2625390",68,2019,80.0,1.0,1.0,3.0,2264191,1.0,1,4,1,5.0,,0.0,0,1994.0,A01,138Â 204Â 475,2.0,6.0,-1.0,1728302,1.0,7,,0.0,0.0,5.0,B01,138Â 204Â 476,1.0
1012485,201900054016,3,28,16:30,1,2,1,1.0,2.0,68004,29 Rue du 3e Zouave,M,"47,6271480","7,2625390",68,2019,80.0,1.0,1.0,3.0,2264192,1.0,1,4,2,1.0,,0.0,0,1984.0,B01,138Â 204Â 476,1.0,-1.0,-1.0,1728301,1.0,33,,0.0,2.0,1.0,A01,138Â 204Â 475,1.0
1012485,201900054016,3,28,16:30,1,2,1,1.0,2.0,68004,29 Rue du 3e Zouave,M,"47,6271480","7,2625390",68,2019,80.0,1.0,1.0,3.0,2264192,1.0,1,4,2,1.0,,0.0,0,1984.0,B01,138Â 204Â 476,1.0,-1.0,-1.0,1728302,1.0,7,,0.0,0.0,5.0,B01,138Â 204Â 476,1.0
1012486,201900054017,8,20,05:30,3,1,1,2.0,5.0,38317,Route NapolÃ©on,M,"45,1203200","5,6973500",38,2019,80.0,1.0,2.0,2.0,2264193,1.0,1,1,1,5.0,,0.0,0,1998.0,A01,138Â 204Â 460,1.0,-1.0,-1.0,1728303,1.0,7,,0.0,2.0,3.0,A01,138Â 204Â 460,1.0
1012486,201900054017,8,20,05:30,3,1,1,2.0,5.0,38317,Route NapolÃ©on,M,"45,1203200","5,6973500",38,2019,80.0,1.0,2.0,2.0,2264193,1.0,1,1,1,5.0,,0.0,0,1998.0,A01,138Â 204Â 460,1.0,-1.0,-1.0,1728304,2.0,7,,0.0,2.0,3.0,B01,138Â 204Â 462,1.0
1012486,201900054017,8,20,05:30,3,1,1,2.0,5.0,38317,Route NapolÃ©on,M,"45,1203200","5,6973500",38,2019,80.0,1.0,2.0,2.0,2264193,1.0,1,1,1,5.0,,0.0,0,1998.0,A01,138Â 204Â 460,1.0,-1.0,-1.0,1728305,1.0,7,,0.0,2.0,1.0,C01,138Â 204Â 463,1.0
1012486,201900054017,8,20,05:30,3,1,1,2.0,5.0,38317,Route NapolÃ©on,M,"45,1203200","5,6973500",38,2019,80.0,1.0,2.0,2.0,2264194,1.0,1,3,1,5.0,,0.0,0,1952.0,B01,138Â 204Â 462,1.0,-1.0,-1.0,1728303,1.0,7,,0.0,2.0,3.0,A01,138Â 204Â 460,1.0
1012486,201900054017,8,20,05:30,3,1,1,2.0,5.0,38317,Route NapolÃ©on,M,"45,1203200","5,6973500",38,2019,80.0,1.0,2.0,2.0,2264194,1.0,1,3,1,5.0,,0.0,0,1952.0,B01,138Â 204Â 462,1.0,-1.0,-1.0,1728304,2.0,7,,0.0,2.0,3.0,B01,138Â 204Â 462,1.0
1012486,201900054017,8,20,05:30,3,1,1,2.0,5.0,38317,Route NapolÃ©on,M,"45,1203200","5,6973500",38,2019,80.0,1.0,2.0,2.0,2264194,1.0,1,3,1,5.0,,0.0,0,1952.0,B01,138Â 204Â 462,1.0,-1.0,-1.0,1728305,1.0,7,,0.0,2.0,1.0,C01,138Â 204Â 463,1.0
1012486,201900054017,8,20,05:30,3,1,1,2.0,5.0,38317,Route NapolÃ©on,M,"45,1203200","5,6973500",38,2019,80.0,1.0,2.0,2.0,2264195,1.0,1,3,2,1.0,,0.0,0,1990.0,C01,138Â 204Â 463,1.0,-1.0,-1.0,1728303,1.0,7,,0.0,2.0,3.0,A01,138Â 204Â 460,1.0
1012486,201900054017,8,20,05:30,3,1,1,2.0,5.0,38317,Route NapolÃ©on,M,"45,1203200","5,6973500",38,2019,80.0,1.0,2.0,2.0,2264195,1.0,1,3,2,1.0,,0.0,0,1990.0,C01,138Â 204Â 463,1.0,-1.0,-1.0,1728304,2.0,7,,0.0,2.0,3.0,B01,138Â 204Â 462,1.0
1012486,201900054017,8,20,05:30,3,1,1,2.0,5.0,38317,Route NapolÃ©on,M,"45,1203200","5,6973500",38,2019,80.0,1.0,2.0,2.0,2264195,1.0,1,3,2,1.0,,0.0,0,1990.0,C01,138Â 204Â 463,1.0,-1.0,-1.0,1728305,1.0,7,,0.0,2.0,1.0,C01,138Â 204Â 463,1.0
1012487,201900054018,8,22,07:10,1,1,1,1.0,6.0,69038,Route DÃ©partementale 7,M,"45,7714600","4,3700500",69,2019,80.0,1.0,1.0,3.0,2264196,1.0,1,4,1,1.0,,0.0,0,2002.0,A01,138Â 204Â 458,2.0,6.0,-1.0,1728306,1.0,2,,0.0,6.0,2.0,A01,138Â 204Â 458,1.0
1012488,201900054019,7,12,18:15,1,2,1,1.0,3.0,92050,HENRI SELLIER (BD),M,"48,8810000","2,2174800",92,2019,50.0,1.0,1.0,4.0,2264197,4.0,2,4,2,0.0,,-1.0, -1,1977.0,B01,138Â 204Â 456,1.0,0.0,-1.0,1728307,3.0,37,3.0,0.0,2.0,3.0,B01,138Â 204Â 456,3.0
1012488,201900054019,7,12,18:15,1,2,1,1.0,3.0,92050,HENRI SELLIER (BD),M,"48,8810000","2,2174800",92,2019,50.0,1.0,1.0,4.0,2264197,4.0,2,4,2,0.0,,-1.0, -1,1977.0,B01,138Â 204Â 456,1.0,0.0,-1.0,1728308,3.0,7,,0.0,2.0,7.0,A01,138Â 204Â 461,1.0
1012488,201900054019,7,12,18:15,1,2,1,1.0,3.0,92050,HENRI SELLIER (BD),M,"48,8810000","2,2174800",92,2019,50.0,1.0,1.0,4.0,2264198,3.0,2,4,2,0.0,,-1.0, -1,1990.0,B01,138Â 204Â 456,1.0,0.0,-1.0,1728307,3.0,37,3.0,0.0,2.0,3.0,B01,138Â 204Â 456,3.0
1012488,201900054019,7,12,18:15,1,2,1,1.0,3.0,92050,HENRI SELLIER (BD),M,"48,8810000","2,2174800",92,2019,50.0,1.0,1.0,4.0,2264198,3.0,2,4,2,0.0,,-1.0, -1,1990.0,B01,138Â 204Â 456,1.0,0.0,-1.0,1728308,3.0,7,,0.0,2.0,7.0,A01,138Â 204Â 461,1.0
1012488,201900054019,7,12,18:15,1,2,1,1.0,3.0,92050,HENRI SELLIER (BD),M,"48,8810000","2,2174800",92,2019,50.0,1.0,1.0,4.0,2264199,1.0,1,1,1,1.0,,-1.0,0,1986.0,B01,138Â 204Â 456,1.0,0.0,-1.0,1728307,3.0,37,3.0,0.0,2.0,3.0,B01,138Â 204Â 456,3.0
1012488,201900054019,7,12,18:15,1,2,1,1.0,3.0,92050,HENRI SELLIER (BD),M,"48,8810000","2,2174800",92,2019,50.0,1.0,1.0,4.0,2264199,1.0,1,1,1,1.0,,-1.0,0,1986.0,B01,138Â 204Â 456,1.0,0.0,-1.0,1728308,3.0,7,,0.0,2.0,7.0,A01,138Â 204Â 461,1.0
1012488,201900054019,7,12,18:15,1,2,1,1.0,3.0,92050,HENRI SELLIER (BD),M,"48,8810000","2,2174800",92,2019,50.0,1.0,1.0,4.0,2264200,1.0,1,1,1,1.0,,-1.0, -1,1997.0,A01,138Â 204Â 461,1.0,0.0,-1.0,1728307,3.0,37,3.0,0.0,2.0,3.0,B01,138Â 204Â 456,3.0
1012488,201900054019,7,12,18:15,1,2,1,1.0,3.0,92050,HENRI SELLIER (BD),M,"48,8810000","2,2174800",92,2019,50.0,1.0,1.0,4.0,2264200,1.0,1,1,1,1.0,,-1.0, -1,1997.0,A01,138Â 204Â 461,1.0,0.0,-1.0,1728308,3.0,7,,0.0,2.0,7.0,A01,138Â 204Â 461,1.0
1012489,201900054020,3,29,16:45,1,2,6,1.0,3.0,68155,Route dÃ©partementale,M,"48,0899920","7,3170240",68,2019,50.0,1.0,1.0,3.0,2264201,1.0,1,4,1,3.0,,0.0,0,1963.0,A01,138Â 204Â 457,2.0,-1.0,-1.0,1728309,2.0,33,,0.0,2.0,7.0,A01,138Â 204Â 457,1.0
1012489,201900054020,3,29,16:45,1,2,6,1.0,3.0,68155,Route dÃ©partementale,M,"48,0899920","7,3170240",68,2019,50.0,1.0,1.0,3.0,2264201,1.0,1,4,1,3.0,,0.0,0,1963.0,A01,138Â 204Â 457,2.0,-1.0,-1.0,1728310,2.0,7,,0.0,2.0,8.0,B01,138Â 204Â 459,1.0
1012489,201900054020,3,29,16:45,1,2,6,1.0,3.0,68155,Route dÃ©partementale,M,"48,0899920","7,3170240",68,2019,50.0,1.0,1.0,3.0,2264202,1.0,1,1,1,5.0,,0.0,0,1990.0,B01,138Â 204Â 459,1.0,-1.0,-1.0,1728309,2.0,33,,0.0,2.0,7.0,A01,138Â 204Â 457,1.0