Unnamed: 0_x,num_acc,mois,jour,hrmn,lum,agg,int,atm,col,com,adr,gps,lat,long,dep,annee,vma,situ,surf,catr,Unnamed: 0_y,place,catu,grav,sexe,trajet,secu,locp,actp,an_nais,num_veh_x,id_vehicule_x,secu1,secu2,secu3,Unnamed: 0,senc,catv,occutc,obs,obsm,choc,num_veh_y,id_vehicule_y,motor
1012489,201900054020,3,29,16:45,1,2,6,1.0,3.0,68155,Route dÃ©partementale,M,"48,0899920","7,3170240",68,2019,50.0,1.0,1.0,3.0,2264202,1.0,1,1,1,5.0,,0.0,0,1990.0,B01,138Â 204Â 459,1.0,-1.0,-1.0,1728310,2.0,7,,0.0,2.0,8.0,B01,138Â 204Â 459,1.0
1012490,201900054021,8,22,07:40,1,2,4,1.0,3.0,69175,Rue Font de la Cure,M,"45,8180710","4,5774260",69,2019,50.0,1.0,1.0,3.0,2264203,1.0,1,1,1,4.0,,0.0,0,1996.0,A01,138Â 204Â 451,1.0,-1.0,-1.0,1728311,1.0,10,,0.0,0.0,2.0,A01,138Â 204Â 451,1.0
1012490,201900054021,8,22,07:40,1,2,4,1.0,3.0,69175,Rue Font de la Cure,M,"45,8180710","4,5774260",69,2019,50.0,1.0,1.0,3.0,2264203,1.0,1,1,1,4.0,,0.0,0,1996.0,A01,138Â 204Â 451,1.0,-1.0,-1.0,1728312,2.0,33,,0.0,0.0,1.0,B01,138Â 204Â 455,1.0
1012490,201900054021,8,22,07:40,1,2,4,1.0,3.0,69175,Rue Font de la Cure,M,"45,8180710","4,5774260",69,2019,50.0,1.0,1.0,3.0,2264204,1.0,1,3,1,1.0,,0.0,0,1969.0,B01,138Â 204Â 455,2.0,6.0,-1.0,1728311,1.0,10,,0.0,0.0,2.0,A01,138Â 204Â 451,1.0
1012490,201900054021,8,22,07:40,1,2,4,1.0,3.0,69175,Rue Font de la Cure,M,"45,8180710","4,5774260",69,2019,50.0,1.0,1.0,3.0,2264204,1.0,1,3,1,1.0,,0.0,0,1969.0,B01,138Â 204Â 455,2.0,6.0,-1.0,1728312,2.0,33,,0.0,0.0,1.0,B01,138Â 204Â 455,1.0
1012491,201900054022,3,29,17:05,1,2,2,1.0,3.0,22310,Lotissement Toul BarriÃ¨re,M,"48,6150180"," -3,2362470",22,2019,50.0,1.0,1.0,4.0,2264205,1.0,1,1,1,1.0,,0.0,0,1994.0,B01,138Â 204Â 450,1.0,-1.0,-1.0,1728313,3.0,7,,0.0,9.0,1.0,B01,138Â 204Â 450,1.0
1012491,201900054022,3,29,17:05,1,2,2,1.0,3.0,22310,Lotissement Toul BarriÃ¨re,M,"48,6150180"," -3,2362470",22,2019,50.0,1.0,1.0,4.0,2264205,1.0,1,1,1,1.0,,0.0,0,1994.0,B01,138Â 204Â 450,1.0,-1.0,-1.0,1728314,3.0,1,,0.0,0.0,1.0,A01,138Â 204Â 453,5.0
1012491,201900054022,3,29,17:05,1,2,2,1.0,3.0,22310,Lotissement Toul BarriÃ¨re,M,"48,6150180"," -3,2362470",22,2019,50.0,1.0,1.0,4.0,2264206,1.0,1,3,1,5.0,,0.0,0,2006.0,A01,138Â 204Â 453,0.0,-1.0,-1.0,1728313,3.0,7,,0.0,9.0,1.0,B01,138Â 204Â 450,1.0
1012491,201900054022,3,29,17:05,1,2,2,1.0,3.0,22310,Lotissement Toul BarriÃ¨re,M,"48,6150180"," -3,2362470",22,2019,50.0,1.0,1.0,4.0,2264206,1.0,1,3,1,5.0,,0.0,0,2006.0,A01,138Â 204Â 453,0.0,-1.0,-1.0,1728314,3.0,1,,0.0,0.0,1.0,A01,138Â 204Â 453,5.0
1012492,201900054023,7,12,00:00,5,2,1,1.0,3.0,92064,DAILLY,M,"48,8450807","2,2203326",92,2019,50.0,1.0,1.0,3.0,2264207,1.0,1,1,1,5.0,,-1.0, -1,1989.0,A01,138Â 204Â 452,1.0,0.0,-1.0,1728315,1.0,7,,0.0,2.0,3.0,A01,138Â 204Â 452,1.0
1012492,201900054023,7,12,00:00,5,2,1,1.0,3.0,92064,DAILLY,M,"48,8450807","2,2203326",92,2019,50.0,1.0,1.0,3.0,2264207,1.0,1,1,1,5.0,,-1.0, -1,1989.0,A01,138Â 204Â 452,1.0,0.0,-1.0,1728316,1.0,34,,0.0,2.0,1.0,B01,138Â 204Â 454,1.0
1012492,201900054023,7,12,00:00,5,2,1,1.0,3.0,92064,DAILLY,M,"48,8450807","2,2203326",92,2019,50.0,1.0,1.0,3.0,2264208,1.0,1,4,1,5.0,,0.0,0,1974.0,B01,138Â 204Â 454,2.0,6.0,-1.0,1728315,1.0,7,,0.0,2.0,3.0,A01,138Â 204Â 452,1.0
1012492,201900054023,7,12,00:00,5,2,1,1.0,3.0,92064,DAILLY,M,"48,8450807","2,2203326",92,2019,50.0,1.0,1.0,3.0,2264208,1.0,1,4,1,5.0,,0.0,0,1974.0,B01,138Â 204Â 454,2.0,6.0,-1.0,1728316,1.0,34,,0.0,2.0,1.0,B01,138Â 204Â 454,1.0
1012493,201900054024,7,11,22:32,5,2,1,1.0,1.0,92063,DIX-HUIT JUIN 1940 (AVENUE DU) EST,M,"48,8682900","2,1908700",92,2019,50.0,1.0,1.0,3.0,2264209,1.0,1,4,1,5.0,,-1.0,0,2000.0,A01,138Â 204Â 443,2.0,8.0,-1.0,1728317,2.0,30,,0.0,2.0,1.0,A01,138Â 204Â 443,1.0
1012493,201900054024,7,11,22:32,5,2,1,1.0,1.0,92063,DIX-HUIT JUIN 1940 (AVENUE DU) EST,M,"48,8682900","2,1908700",92,2019,50.0,1.0,1.0,3.0,2264209,1.0,1,4,1,5.0,,-1.0,0,2000.0,A01,138Â 204Â 443,2.0,8.0,-1.0,1728318,1.0,32,,0.0,2.0,1.0,B01,138Â 204Â 446,1.0
1012493,201900054024,7,11,22:32,5,2,1,1.0,1.0,92063,DIX-HUIT JUIN 1940 (AVENUE DU) EST,M,"48,8682900","2,1908700",92,2019,50.0,1.0,1.0,3.0,2264210,1.0,1,4,1,5.0,,-1.0,0,1979.0,B01,138Â 204Â 446,2.0,0.0,-1.0,1728317,2.0,30,,0.0,2.0,1.0,A01,138Â 204Â 443,1.0
1012493,201900054024,7,11,22:32,5,2,1,1.0,1.0,92063,DIX-HUIT JUIN 1940 (AVENUE DU) EST,M,"48,8682900","2,1908700",92,2019,50.0,1.0,1.0,3.0,2264210,1.0,1,4,1,5.0,,-1.0,0,1979.0,B01,138Â 204Â 446,2.0,0.0,-1.0,1728318,1.0,32,,0.0,2.0,1.0,B01,138Â 204Â 446,1.0
1012494,201900054025,8,22,16:45,1,1,2,1.0,4.0,81054,Route Nationale 126,M,"43,5719353","2,1368179",81,2019,80.0,1.0,1.0,2.0,2264211,1.0,1,1,2,3.0,,0.0,0,1976.0,C01,138Â 204Â 445,1.0,-1.0,-1.0,1728319,2.0,7,,0.0,2.0,3.0,C01,138Â 204Â 445,1.0
1012494,201900054025,8,22,16:45,1,1,2,1.0,4.0,81054,Route Nationale 126,M,"43,5719353","2,1368179",81,2019,80.0,1.0,1.0,2.0,2264211,1.0,1,1,2,3.0,,0.0,0,1976.0,C01,138Â 204Â 445,1.0,-1.0,-1.0,1728320,1.0,7,,0.0,2.0,5.0,B01,138Â 204Â 448,1.0
1012494,201900054025,8,22,16:45,1,1,2,1.0,4.0,81054,Route Nationale 126,M,"43,5719353","2,1368179",81,2019,80.0,1.0,1.0,2.0,2264211,1.0,1,1,2,3.0,,0.0,0,1976.0,C01,138Â 204Â 445,1.0,-1.0,-1.0,1728321,1.0,7,,0.0,2.0,3.0,A01,138Â 204Â 449,1.0
1012494,201900054025,8,22,16:45,1,1,2,1.0,4.0,81054,Route Nationale 126,M,"43,5719353","2,1368179",81,2019,80.0,1.0,1.0,2.0,2264212,2.0,2,4,1,3.0,,0.0,0,1971.0,C01,138Â 204Â 445,1.0,-1.0,-1.0,1728319,2.0,7,,0.0,2.0,3.0,C01,138Â 204Â 445,1.0
1012494,201900054025,8,22,16:45,1,1,2,1.0,4.0,81054,Route Nationale 126,M,"43,5719353","2,1368179",81,2019,80.0,1.0,1.0,2.0,2264212,2.0,2,4,1,3.0,,0.0,0,1971.0,C01,138Â 204Â 445,1.0,-1.0,-1.0,1728320,1.0,7,,0.0,2.0,5.0,B01,138Â 204Â 448,1.0
1012494,201900054025,8,22,16:45,1,1,2,1.0,4.0,81054,Route Nationale 126,M,"43,5719353","2,1368179",81,2019,80.0,1.0,1.0,2.0,2264212,2.0,2,4,1,3.0,,0.0,0,1971.0,C01,138Â 204Â 445,1.0,-1.0,-1.0,1728321,1.0,7,,0.0,2.0,3.0,A01,138Â 204Â 449,1.0
1012494,201900054025,8,22,16:45,1,1,2,1.0,4.0,81054,Route Nationale 126,M,"43,5719353","2,1368179",81,2019,80.0,1.0,1.0,2.0,2264213,1.0,1,1,1,5.0,,0.0,0,1961.0,B01,138Â 204Â 448,1.0,-1.0,-1.0,1728319,2.0,7,,0.0,2.0,3.0,C01,138Â 204Â 445,1.0
1012494,201900054025,8,22,16:45,1,1,2,1.0,4.0,81054,Route Nationale 126,M,"43,5719353","2,1368179",81,2019,80.0,1.0,1.0,2.0,2264213,1.0,1,1,1,5.0,,0.0,0,1961.0,B01,138Â 204Â 448,1.0,-1.0,-1.0,1728320,1.0,7,,0.0,2.0,5.0,B01,138Â 204Â 448,1.0
1012494,201900054025,8,22,16:45,1,1,2,1.0,4.0,81054,Route Nationale 126,M,"43,5719353","2,1368179",81,2019,80.0,1.0,1.0,2.0,2264213,1.0,1,1,1,5.0,,0.0,0,1961.0,B01,138Â 204Â 448,1.0,-1.0,-1.0,1728321,1.0,7,,0.0,2.0,3.0,A01,138Â 204Â 449,1.0
1012494,201900054025,8,22,16:45,1,1,2,1.0,4.0,81054,Route Nationale 126,M,"43,5719353","2,1368179",81,2019,80.0,1.0,1.0,2.0,2264214,2.0,2,4,1,0.0,,0.0,0,1957.0,A01,138Â 204Â 449,1.0,-1.0,-1.0,1728319,2.0,7,,0.0,2.0,3.0,C01,138Â 204Â 445,1.0
1012494,201900054025,8,22,16:45,1,1,2,1.0,4.0,81054,Route Nationale 126,M,"43,5719353","2,1368179",81,2019,80.0,1.0,1.0,2.0,2264214,2.0,2,4,1,0.0,,0.0,0,1957.0,A01,138Â 204Â 449,1.0,-1.0,-1.0,1728320,1.0,7,,0.0,2.0,5.0,B01,138Â 204Â 448,1.0
1012494,201900054025,8,22,16:45,1,1,2,1.0,4.0,81054,Route Nationale 126,M,"43,5719353","2,1368179",81,2019,80.0,1.0,1.0,2.0,2264214,2.0,2,4,1,0.0,,0.0,0,1957.0,A01,138Â 204Â 449,1.0,-1.0,-1.0,1728321,1.0,7,,0.0,2.0,3.0,A01,138Â 204Â 449,1.0
1012494,201900054025,8,22,16:45,1,1,2,1.0,4.0,81054,Route Nationale 126,M,"43,5719353","2,1368179",81,2019,80.0,1.0,1.0,2.0,2264215,9.0,2,4,1,4.0,,0.0,0,1974.0,A01,138Â 204Â 449,1.0,-1.0,-1.0,1728319,2.0,7,,0.0,2.0,3.0,C01,138Â 204Â 445,1.0
1012494,201900054025,8,22,16:45,1,1,2,1.0,4.0,81054,Route Nationale 126,M,"43,5719353","2,1368179",81,2019,80.0,1.0,1.0,2.0,2264215,9.0,2,4,1,4.0,,0.0,0,1974.0,A01,138Â 204Â 449,1.0,-1.0,-1.0,1728320,1.0,7,,0.0,2.0,5.0,B01,138Â 204Â 448,1.0
1012494,201900054025,8,22,16:45,1,1,2,1.0,4.0,81054,Route Nationale 126,M,"43,5719353","2,1368179",81,2019,80.0,1.0,1.0,2.0,2264215,9.0,2,4,1,4.0,,0.0,0,1974.0,A01,138Â 204Â 449,1.0,-1.0,-1.0,1728321,1.0,7,,0.0,2.0,3.0,A01,138Â 204Â 449,1.0
1012494,201900054025,8,22,16:45,1,1,2,1.0,4.0,81054,Route Nationale 126,M,"43,5719353","2,1368179",81,2019,80.0,1.0,1.0,2.0,2264216,1.0,1,4,2,4.0,,0.0,0,1968.0,A01,138Â 204Â 449,1.0,-1.0,-1.0,1728319,2.0,7,,0.0,2.0,3.0,C01,138Â 204Â 445,1.0
1012494,201900054025,8,22,16:45,1,1,2,1.0,4.0,81054,Route Nationale 126,M,"43,5719353","2,1368179",81,2019,80.0,1.0,1.0,2.0,2264216,1.0,1,4,2,4.0,,0.0,0,1968.0,A01,138Â 204Â 449,1.0,-1.0,-1.0,1728320,1.0,7,,0.0,2.0,5.0,B01,138Â 204Â 448,1.0
1012494,201900054025,8,22,16:45,1,1,2,1.0,4.0,81054,Route Nationale 126,M,"43,5719353","2,1368179",81,2019,80.0,1.0,1.0,2.0,2264216,1.0,1,4,2,4.0,,0.0,0,1968.0,A01,138Â 204Â 449,1.0,-1.0,-1.0,1728321,1.0,7,,0.0,2.0,3.0,A01,138Â 204Â 449,1.0
1012495,201900054026,3,30,09:40,1,1,1,1.0,4.0,25515,RD 47,M,"46,8781790","6,2911910",25,2019,80.0,1.0,1.0,3.0,2264217,1.0,1,1,2,5.0,,0.0,0,1956.0,C01,138Â 204Â 442,1.0,-1.0,-1.0,1728322,1.0,7,,0.0,2.0,8.0,C01,138Â 204Â 442,1.0
1012495,201900054026,3,30,09:40,1,1,1,1.0,4.0,25515,RD 47,M,"46,8781790","6,2911910",25,2019,80.0,1.0,1.0,3.0,2264217,1.0,1,1,2,5.0,,0.0,0,1956.0,C01,138Â 204Â 442,1.0,-1.0,-1.0,1728323,2.0,7,,0.0,2.0,7.0,B01,138Â 204Â 444,1.0
1012495,201900054026,3,30,09:40,1,1,1,1.0,4.0,25515,RD 47,M,"46,8781790","6,2911910",25,2019,80.0,1.0,1.0,3.0,2264217,1.0,1,1,2,5.0,,0.0,0,1956.0,C01,138Â 204Â 442,1.0,-1.0,-1.0,1728324,1.0,10,,0.0,2.0,1.0,A01,138Â 204Â 447,1.0
1012495,201900054026,3,30,09:40,1,1,1,1.0,4.0,25515,RD 47,M,"46,8781790","6,2911910",25,2019,80.0,1.0,1.0,3.0,2264218,1.0,1,2,1,1.0,,0.0,0,2001.0,B01,138Â 204Â 444,1.0,-1.0,-1.0,1728322,1.0,7,,0.0,2.0,8.0,C01,138Â 204Â 442,1.0
1012495,201900054026,3,30,09:40,1,1,1,1.0,4.0,25515,RD 47,M,"46,8781790","6,2911910",25,2019,80.0,1.0,1.0,3.0,2264218,1.0,1,2,1,1.0,,0.0,0,2001.0,B01,138Â 204Â 444,1.0,-1.0,-1.0,1728323,2.0,7,,0.0,2.0,7.0,B01,138Â 204Â 444,1.0
1012495,201900054026,3,30,09:40,1,1,1,1.0,4.0,25515,RD 47,M,"46,8781790","6,2911910",25,2019,80.0,1.0,1.0,3.0,2264218,1.0,1,2,1,1.0,,0.0,0,2001.0,B01,138Â 204Â 444,1.0,-1.0,-1.0,1728324,1.0,10,,0.0,2.0,1.0,A01,138Â 204Â 447,1.0
1012495,201900054026,3,30,09:40,1,1,1,1.0,4.0,25515,RD 47,M,"46,8781790","6,2911910",25,2019,80.0,1.0,1.0,3.0,2264219,1.0,1,1,1,5.0,,0.0,0,1986.0,A01,138Â 204Â 447,1.0,-1.0,-1.0,1728322,1.0,7,,0.0,2.0,8.0,C01,138Â 204Â 442,1.0
1012495,201900054026,3,30,09:40,1,1,1,1.0,4.0,25515,RD 47,M,"46,8781790","6,2911910",25,2019,80.0,1.0,1.0,3.0,2264219,1.0,1,1,1,5.0,,0.0,0,1986.0,A01,138Â 204Â 447,1.0,-1.0,-1.0,1728323,2.0,7,,0.0,2.0,7.0,B01,138Â 204Â 444,1.0
1012495,201900054026,3,30,09:40,1,1,1,1.0,4.0,25515,RD 47,M,"46,8781790","6,2911910",25,2019,80.0,1.0,1.0,3.0,2264219,1.0,1,1,1,5.0,,0.0,0,1986.0,A01,138Â 204Â 447,1.0,-1.0,-1.0,1728324,1.0,10,,0.0,2.0,1.0,A01,138Â 204Â 447,1.0
1012496,201900054027,7,12,08:45,1,2,1,1.0,3.0,92050,COMMUNE DE PARIS AVENUE DE LA,M,"48,9031790","2,2030470",92,2019,50.0,1.0,1.0,3.0,2264220,1.0,1,1,2,1.0,,-1.0,0,1980.0,B01,138Â 204Â 440,1.0,0.0,-1.0,1728325,2.0,7,,0.0,2.0,1.0,B01,138Â 204Â 440,1.0
1012496,201900054027,7,12,08:45,1,2,1,1.0,3.0,92050,COMMUNE DE PARIS AVENUE DE LA,M,"48,9031790","2,2030470",92,2019,50.0,1.0,1.0,3.0,2264220,1.0,1,1,2,1.0,,-1.0,0,1980.0,B01,138Â 204Â 440,1.0,0.0,-1.0,1728326,2.0,33,,0.0,2.0,8.0,A01,138Â 204Â 441,1.0
1012496,201900054027,7,12,08:45,1,2,1,1.0,3.0,92050,COMMUNE DE PARIS AVENUE DE LA,M,"48,9031790","2,2030470",92,2019,50.0,1.0,1.0,3.0,2264221,1.0,1,4,1,1.0,,-1.0,0,1988.0,A01,138Â 204Â 441,2.0,6.0,-1.0,1728325,2.0,7,,0.0,2.0,1.0,B01,138Â 204Â 440,1.0
1012496,201900054027,7,12,08:45,1,2,1,1.0,3.0,92050,COMMUNE DE PARIS AVENUE DE LA,M,"48,9031790","2,2030470",92,2019,50.0,1.0,1.0,3.0,2264221,1.0,1,4,1,1.0,,-1.0,0,1988.0,A01,138Â 204Â 441,2.0,6.0,-1.0,1728326,2.0,33,,0.0,2.0,8.0,A01,138Â 204Â 441,1.0
1012497,201900054028,8,21,11:30,1,1,3,1.0,3.0,31248,d19,M,"43,4497040","1,4084420",31,2019,80.0,1.0,1.0,3.0,2264222,1.0,1,4,1,4.0,,0.0,0,1971.0,A01,138Â 204Â 435,2.0,-1.0,-1.0,1728327,2.0,33,,0.0,2.0,1.0,A01,138Â 204Â 435,1.0
1012497,201900054028,8,21,11:30,1,1,3,1.0,3.0,31248,d19,M,"43,4497040","1,4084420",31,2019,80.0,1.0,1.0,3.0,2264222,1.0,1,4,1,4.0,,0.0,0,1971.0,A01,138Â 204Â 435,2.0,-1.0,-1.0,1728328,2.0,21,,0.0,2.0,3.0,B01,138Â 204Â 439,1.0
1012497,201900054028,8,21,11:30,1,1,3,1.0,3.0,31248,d19,M,"43,4497040","1,4084420",31,2019,80.0,1.0,1.0,3.0,2264223,1.0,1,1,1,4.0,,0.0,0,1970.0,B01,138Â 204Â 439,0.0,-1.0,-1.0,1728327,2.0,33,,0.0,2.0,1.0,A01,138Â 204Â 435,1.0
1012497,201900054028,8,21,11:30,1,1,3,1.0,3.0,31248,d19,M,"43,4497040","1,4084420",31,2019,80.0,1.0,1.0,3.0,2264223,1.0,1,1,1,4.0,,0.0,0,1970.0,B01,138Â 204Â 439,0.0,-1.0,-1.0,1728328,2.0,21,,0.0,2.0,3.0,B01,138Â 204Â 439,1.0
1012498,201900054029,3,30,15:55,1,1,1,1.0,1.0,25387,D437 - PK 104,M,"47,2922020","6,8141800",25,2019,50.0,1.0,1.0,3.0,2264224,1.0,1,1,2,0.0,,0.0,0,1990.0,A01,138Â 204Â 434,1.0,-1.0,-1.0,1728329,2.0,7,,0.0,9.0,2.0,A01,138Â 204Â 434,1.0
1012498,201900054029,3,30,15:55,1,1,1,1.0,1.0,25387,D437 - PK 104,M,"47,2922020","6,8141800",25,2019,50.0,1.0,1.0,3.0,2264224,1.0,1,1,2,0.0,,0.0,0,1990.0,A01,138Â 204Â 434,1.0,-1.0,-1.0,1728330,1.0,33,,3.0,2.0,1.0,B01,138Â 204Â 437,1.0
1012498,201900054029,3,30,15:55,1,1,1,1.0,1.0,25387,D437 - PK 104,M,"47,2922020","6,8141800",25,2019,50.0,1.0,1.0,3.0,2264225,1.0,1,2,1,5.0,,0.0,0,1994.0,B01,138Â 204Â 437,2.0,6.0,-1.0,1728329,2.0,7,,0.0,9.0,2.0,A01,138Â 204Â 434,1.0
1012498,201900054029,3,30,15:55,1,1,1,1.0,1.0,25387,D437 - PK 104,M,"47,2922020","6,8141800",25,2019,50.0,1.0,1.0,3.0,2264225,1.0,1,2,1,5.0,,0.0,0,1994.0,B01,138Â 204Â 437,2.0,6.0,-1.0,1728330,1.0,33,,3.0,2.0,1.0,B01,138Â 204Â 437,1.0
1012499,201900054030,3,29,12:00,1,1,1,1.0,1.0,25564,RD12,M,"47,1770280","5,8873130",25,2019,80.0,1.0,1.0,3.0,2264226,1.0,1,1,1,1.0,,0.0,0,1965.0,A01,138Â 204Â 429,1.0,-1.0,-1.0,1728331,1.0,7,,0.0,2.0,2.0,A01,138Â 204Â 429,1.0
1012499,201900054030,3,29,12:00,1,1,1,1.0,1.0,25564,RD12,M,"47,1770280","5,8873130",25,2019,80.0,1.0,1.0,3.0,2264226,1.0,1,1,1,1.0,,0.0,0,1965.0,A01,138Â 204Â 429,1.0,-1.0,-1.0,1728332,1.0,33,,0.0,2.0,1.0,B01,138Â 204Â 432,1.0
1012499,201900054030,3,29,12:00,1,1,1,1.0,1.0,25564,RD12,M,"47,1770280","5,8873130",25,2019,80.0,1.0,1.0,3.0,2264227,1.0,1,3,1,5.0,,0.0,0,1971.0,B01,138Â 204Â 432,6.0,2.0,-1.0,1728331,1.0,7,,0.0,2.0,2.0,A01,138Â 204Â 429,1.0
1012499,201900054030,3,29,12:00,1,1,1,1.0,1.0,25564,RD12,M,"47,1770280","5,8873130",25,2019,80.0,1.0,1.0,3.0,2264227,1.0,1,3,1,5.0,,0.0,0,1971.0,B01,138Â 204Â 432,6.0,2.0,-1.0,1728332,1.0,33,,0.0,2.0,1.0,B01,138Â 204Â 432,1.0
1012500,201900054031,8,22,18:25,1,1,4,1.0,1.0,14609,La PiÃ¨ce de Devant,M,"49,2661145"," -0,7093724",14,2019,80.0,1.0,1.0,3.0,2264228,1.0,1,3,1,5.0,,0.0,0,1986.0,B01,138Â 204Â 428,2.0,-1.0,-1.0,1728333,1.0,31,,0.0,2.0,1.0,B01,138Â 204Â 428,1.0
1012500,201900054031,8,22,18:25,1,1,4,1.0,1.0,14609,La PiÃ¨ce de Devant,M,"49,2661145"," -0,7093724",14,2019,80.0,1.0,1.0,3.0,2264228,1.0,1,3,1,5.0,,0.0,0,1986.0,B01,138Â 204Â 428,2.0,-1.0,-1.0,1728334,2.0,7,,0.0,2.0,1.0,A01,138Â 204Â 430,1.0
1012500,201900054031,8,22,18:25,1,1,4,1.0,1.0,14609,La PiÃ¨ce de Devant,M,"49,2661145"," -0,7093724",14,2019,80.0,1.0,1.0,3.0,2264229,2.0,2,1,2,5.0,,0.0, -1,2004.0,A01,138Â 204Â 430,1.0,-1.0,-1.0,1728333,1.0,31,,0.0,2.0,1.0,B01,138Â 204Â 428,1.0
1012500,201900054031,8,22,18:25,1,1,4,1.0,1.0,14609,La PiÃ¨ce de Devant,M,"49,2661145"," -0,7093724",14,2019,80.0,1.0,1.0,3.0,2264229,2.0,2,1,2,5.0,,0.0, -1,2004.0,A01,138Â 204Â 430,1.0,-1.0,-1.0,1728334,2.0,7,,0.0,2.0,1.0,A01,138Â 204Â 430,1.0
1012500,201900054031,8,22,18:25,1,1,4,1.0,1.0,14609,La PiÃ¨ce de Devant,M,"49,2661145"," -0,7093724",14,2019,80.0,1.0,1.0,3.0,2264230,3.0,2,1,2,5.0,,0.0, -1,1975.0,A01,138Â 204Â 430,1.0,-1.0,-1.0,1728333,1.0,31,,0.0,2.0,1.0,B01,138Â 204Â 428,1.0
1012500,201900054031,8,22,18:25,1,1,4,1.0,1.0,14609,La PiÃ¨ce de Devant,M,"49,2661145"," -0,7093724",14,2019,80.0,1.0,1.0,3.0,2264230,3.0,2,1,2,5.0,,0.0, -1,1975.0,A01,138Â 204Â 430,1.0,-1.0,-1.0,1728334,2.0,7,,0.0,2.0,1.0,A01,138Â 204Â 430,1.0
1012500,201900054031,8,22,18:25,1,1,4,1.0,1.0,14609,La PiÃ¨ce de Devant,M,"49,2661145"," -0,7093724",14,2019,80.0,1.0,1.0,3.0,2264231,1.0,1,1,1,5.0,,0.0,0,1973.0,A01,138Â 204Â 430,1.0,-1.0,-1.0,1728333,1.0,31,,0.0,2.0,1.0,B01,138Â 204Â 428,1.0
1012500,201900054031,8,22,18:25,1,1,4,1.0,1.0,14609,La PiÃ¨ce de Devant,M,"49,2661145"," -0,7093724",14,2019,80.0,1.0,1.0,3.0,2264231,1.0,1,1,1,5.0,,0.0,0,1973.0,A01,138Â 204Â 430,1.0,-1.0,-1.0,1728334,2.0,7,,0.0,2.0,1.0,A01,138Â 204Â 430,1.0
1012501,201900054032,7,12,11:50,1,2,2,1.0,3.0,92020,PARIS AVENUE DE NÂ°2 A82,M,"48,8040477","2,2885928",92,2019,50.0,1.0,1.0,3.0,2264232,1.0,1,1,1,5.0,,-1.0,0,1965.0,B01,138Â 204Â 427,1.0,0.0,-1.0,1728335,2.0,10,,0.0,2.0,3.0,B01,138Â 204Â 427,1.0
1012501,201900054032,7,12,11:50,1,2,2,1.0,3.0,92020,PARIS AVENUE DE NÂ°2 A82,M,"48,8040477","2,2885928",92,2019,50.0,1.0,1.0,3.0,2264232,1.0,1,1,1,5.0,,-1.0,0,1965.0,B01,138Â 204Â 427,1.0,0.0,-1.0,1728336,1.0,33,,0.0,2.0,2.0,A01,138Â 204Â 431,1.0
1012501,201900054032,7,12,11:50,1,2,2,1.0,3.0,92020,PARIS AVENUE DE NÂ°2 A82,M,"48,8040477","2,2885928",92,2019,50.0,1.0,1.0,3.0,2264233,1.0,1,4,1,4.0,,-1.0,0,1984.0,A01,138Â 204Â 431,2.0,8.0,-1.0,1728335,2.0,10,,0.0,2.0,3.0,B01,138Â 204Â 427,1.0
1012501,201900054032,7,12,11:50,1,2,2,1.0,3.0,92020,PARIS AVENUE DE NÂ°2 A82,M,"48,8040477","2,2885928",92,2019,50.0,1.0,1.0,3.0,2264233,1.0,1,4,1,4.0,,-1.0,0,1984.0,A01,138Â 204Â 431,2.0,8.0,-1.0,1728336,1.0,33,,0.0,2.0,2.0,A01,138Â 204Â 431,1.0
1012502,201900054033,8,21,15:45,1,2,1,1.0,3.0,22134,70 Route de Perros,M,"48,7970710"," -3,4302990",22,2019,70.0,1.0,1.0,3.0,2264234,1.0,1,1,1,5.0,,0.0,0,1954.0,B01,138Â 204Â 425,1.0,-1.0,-1.0,1728337,2.0,10,,0.0,0.0,8.0,B01,138Â 204Â 425,1.0
1012502,201900054033,8,21,15:45,1,2,1,1.0,3.0,22134,70 Route de Perros,M,"48,7970710"," -3,4302990",22,2019,70.0,1.0,1.0,3.0,2264234,1.0,1,1,1,5.0,,0.0,0,1954.0,B01,138Â 204Â 425,1.0,-1.0,-1.0,1728338,2.0,33,,0.0,2.0,1.0,A01,138Â 204Â 426,1.0
1012502,201900054033,8,21,15:45,1,2,1,1.0,3.0,22134,70 Route de Perros,M,"48,7970710"," -3,4302990",22,2019,70.0,1.0,1.0,3.0,2264235,2.0,2,1,2,5.0,,0.0,0,1958.0,B01,138Â 204Â 425,1.0,-1.0,-1.0,1728337,2.0,10,,0.0,0.0,8.0,B01,138Â 204Â 425,1.0
1012502,201900054033,8,21,15:45,1,2,1,1.0,3.0,22134,70 Route de Perros,M,"48,7970710"," -3,4302990",22,2019,70.0,1.0,1.0,3.0,2264235,2.0,2,1,2,5.0,,0.0,0,1958.0,B01,138Â 204Â 425,1.0,-1.0,-1.0,1728338,2.0,33,,0.0,2.0,1.0,A01,138Â 204Â 426,1.0
1012502,201900054033,8,21,15:45,1,2,1,1.0,3.0,22134,70 Route de Perros,M,"48,7970710"," -3,4302990",22,2019,70.0,1.0,1.0,3.0,2264236,1.0,1,3,1,1.0,,0.0,0,1961.0,A01,138Â 204Â 426,2.0,6.0,-1.0,1728337,2.0,10,,0.0,0.0,8.0,B01,138Â 204Â 425,1.0