Unnamed: 0_x,num_acc,mois,jour,hrmn,lum,agg,int,atm,col,com,adr,gps,lat,long,dep,annee,vma,situ,surf,catr,Unnamed: 0_y,place,catu,grav,sexe,trajet,secu,locp,actp,an_nais,num_veh_x,id_vehicule_x,secu1,secu2,secu3,Unnamed: 0,senc,catv,occutc,obs,obsm,choc,num_veh_y,id_vehicule_y,motor
1012502,201900054033,8,21,15:45,1,2,1,1.0,3.0,22134,70 Route de Perros,M,"48,7970710"," -3,4302990",22,2019,70.0,1.0,1.0,3.0,2264236,1.0,1,3,1,1.0,,0.0,0,1961.0,A01,138Â 204Â 426,2.0,6.0,-1.0,1728338,2.0,33,,0.0,2.0,1.0,A01,138Â 204Â 426,1.0
1012503,201900054034,7,12,10:08,1,2,2,1.0,2.0,92020,PARIS AVENUE DE NÂ°2 A82,M,"48,8039890","2,2885790",92,2019,50.0,1.0,1.0,3.0,2264237,1.0,1,1,1,5.0,,-1.0,0,1995.0,A01,138Â 204Â 421,1.0,0.0,-1.0,1728339,2.0,7,,0.0,2.0,1.0,A01,138Â 204Â 421,6.0
1012503,201900054034,7,12,10:08,1,2,2,1.0,2.0,92020,PARIS AVENUE DE NÂ°2 A82,M,"48,8039890","2,2885790",92,2019,50.0,1.0,1.0,3.0,2264237,1.0,1,1,1,5.0,,-1.0,0,1995.0,A01,138Â 204Â 421,1.0,0.0,-1.0,1728340,2.0,33,,0.0,2.0,4.0,B01,138Â 204Â 424,6.0
1012503,201900054034,7,12,10:08,1,2,2,1.0,2.0,92020,PARIS AVENUE DE NÂ°2 A82,M,"48,8039890","2,2885790",92,2019,50.0,1.0,1.0,3.0,2264238,1.0,1,4,1,1.0,,-1.0,0,1963.0,B01,138Â 204Â 424,2.0,6.0,-1.0,1728339,2.0,7,,0.0,2.0,1.0,A01,138Â 204Â 421,6.0
1012503,201900054034,7,12,10:08,1,2,2,1.0,2.0,92020,PARIS AVENUE DE NÂ°2 A82,M,"48,8039890","2,2885790",92,2019,50.0,1.0,1.0,3.0,2264238,1.0,1,4,1,1.0,,-1.0,0,1963.0,B01,138Â 204Â 424,2.0,6.0,-1.0,1728340,2.0,33,,0.0,2.0,4.0,B01,138Â 204Â 424,6.0
1012504,201900054035,3,28,18:15,1,1,1,1.0,7.0,29188,KERMOUSTER,M,"48,6606750"," -3,7917730",29,2019,80.0,3.0,1.0,3.0,2264239,1.0,1,2,1,0.0,,0.0,0,1959.0,A01,138Â 204Â 417,0.0,-1.0,-1.0,1728341,2.0,7,,2.0,0.0,1.0,A01,138Â 204Â 417,1.0
1012505,201900054036,8,21,07:35,1,1,1,1.0,2.0,13106,A51-Sens Aix en Provence vers Marseille,M,"43,4046400","5,3590600",13,2019,90.0,1.0,1.0,1.0,2264240,1.0,1,1,1,5.0,,0.0,0,1986.0,B01,138Â 204Â 415,1.0,0.0,-1.0,1728342,2.0,7,,0.0,2.0,1.0,B01,138Â 204Â 415,1.0
1012505,201900054036,8,21,07:35,1,1,1,1.0,2.0,13106,A51-Sens Aix en Provence vers Marseille,M,"43,4046400","5,3590600",13,2019,90.0,1.0,1.0,1.0,2264240,1.0,1,1,1,5.0,,0.0,0,1986.0,B01,138Â 204Â 415,1.0,0.0,-1.0,1728343,2.0,7,,4.0,2.0,4.0,A01,138Â 204Â 418,1.0
1012505,201900054036,8,21,07:35,1,1,1,1.0,2.0,13106,A51-Sens Aix en Provence vers Marseille,M,"43,4046400","5,3590600",13,2019,90.0,1.0,1.0,1.0,2264241,1.0,1,4,2,1.0,,0.0,0,1987.0,A01,138Â 204Â 418,1.0,0.0,-1.0,1728342,2.0,7,,0.0,2.0,1.0,B01,138Â 204Â 415,1.0
1012505,201900054036,8,21,07:35,1,1,1,1.0,2.0,13106,A51-Sens Aix en Provence vers Marseille,M,"43,4046400","5,3590600",13,2019,90.0,1.0,1.0,1.0,2264241,1.0,1,4,2,1.0,,0.0,0,1987.0,A01,138Â 204Â 418,1.0,0.0,-1.0,1728343,2.0,7,,4.0,2.0,4.0,A01,138Â 204Â 418,1.0
1012506,201900054037,3,30,09:40,1,2,1,7.0,6.0,31451,24 Avenue de Castelnaudary,M,"43,4557240","1,9989840",31,2019,50.0,1.0,1.0,3.0,2264242,1.0,1,1,1,3.0,,0.0,0,1965.0,A01,138Â 204Â 413,8.0,-1.0,-1.0,1728344,0.0,7,,0.0,1.0,3.0,A01,138Â 204Â 413,1.0
1012506,201900054037,3,30,09:40,1,2,1,7.0,6.0,31451,24 Avenue de Castelnaudary,M,"43,4557240","1,9989840",31,2019,50.0,1.0,1.0,3.0,2264243,2.0,2,1,2,3.0,,0.0,0,1965.0,A01,138Â 204Â 413,8.0,-1.0,-1.0,1728344,0.0,7,,0.0,1.0,3.0,A01,138Â 204Â 413,1.0
1012506,201900054037,3,30,09:40,1,2,1,7.0,6.0,31451,24 Avenue de Castelnaudary,M,"43,4557240","1,9989840",31,2019,50.0,1.0,1.0,3.0,2264244,10.0,3,3,1,3.0,,2.0,2,1968.0,A01,138Â 204Â 413,0.0,-1.0,-1.0,1728344,0.0,7,,0.0,1.0,3.0,A01,138Â 204Â 413,1.0
1012507,201900054038,8,16,17:30,1,1,1,1.0,6.0,13071,A7-Sens Marseille vers Lyon,M,"43,4053420","5,3195890",13,2019,110.0,1.0,1.0,1.0,2264245,1.0,1,4,1,5.0,,-1.0,0,2000.0,A01,138Â 204Â 411,8.0,0.0,-1.0,1728345,2.0,7,,0.0,0.0,9.0,A01,138Â 204Â 411,1.0
1012508,201900054039,7,12,08:55,1,2,1,1.0,3.0,92026,J.-BAPTISTE CHARCOT (DE 60 A FIN),M,"48,9007600","2,2741900",92,2019,50.0,1.0,1.0,4.0,2264246,1.0,1,1,1,1.0,,-1.0,0,1971.0,B01,138Â 204Â 412,1.0,0.0,-1.0,1728346,2.0,10,,0.0,2.0,8.0,B01,138Â 204Â 412,1.0
1012508,201900054039,7,12,08:55,1,2,1,1.0,3.0,92026,J.-BAPTISTE CHARCOT (DE 60 A FIN),M,"48,9007600","2,2741900",92,2019,50.0,1.0,1.0,4.0,2264246,1.0,1,1,1,1.0,,-1.0,0,1971.0,B01,138Â 204Â 412,1.0,0.0,-1.0,1728347,2.0,32,,0.0,2.0,1.0,A01,138Â 204Â 414,1.0
1012508,201900054039,7,12,08:55,1,2,1,1.0,3.0,92026,J.-BAPTISTE CHARCOT (DE 60 A FIN),M,"48,9007600","2,2741900",92,2019,50.0,1.0,1.0,4.0,2264247,1.0,1,4,1,1.0,,-1.0,0,1975.0,A01,138Â 204Â 414,2.0,0.0,-1.0,1728346,2.0,10,,0.0,2.0,8.0,B01,138Â 204Â 412,1.0
1012508,201900054039,7,12,08:55,1,2,1,1.0,3.0,92026,J.-BAPTISTE CHARCOT (DE 60 A FIN),M,"48,9007600","2,2741900",92,2019,50.0,1.0,1.0,4.0,2264247,1.0,1,4,1,1.0,,-1.0,0,1975.0,A01,138Â 204Â 414,2.0,0.0,-1.0,1728347,2.0,32,,0.0,2.0,1.0,A01,138Â 204Â 414,1.0
1012509,201900054040,3,31,13:20,1,1,3,1.0,3.0,38001,Rue Victor Hugo (Les Abrets),M,"45,5501060","5,5835360",38,2019,80.0,1.0,1.0,3.0,2264248,1.0,1,1,1,5.0,,0.0,0,1981.0,A01,138Â 204Â 408,8.0,-1.0,-1.0,1728348,1.0,7,,0.0,0.0,2.0,A01,138Â 204Â 408,1.0
1012509,201900054040,3,31,13:20,1,1,3,1.0,3.0,38001,Rue Victor Hugo (Les Abrets),M,"45,5501060","5,5835360",38,2019,80.0,1.0,1.0,3.0,2264248,1.0,1,1,1,5.0,,0.0,0,1981.0,A01,138Â 204Â 408,8.0,-1.0,-1.0,1728349,2.0,33,,0.0,2.0,1.0,B01,138Â 204Â 410,1.0
1012509,201900054040,3,31,13:20,1,1,3,1.0,3.0,38001,Rue Victor Hugo (Les Abrets),M,"45,5501060","5,5835360",38,2019,80.0,1.0,1.0,3.0,2264249,1.0,1,3,1,0.0,,0.0,0,1974.0,B01,138Â 204Â 410,2.0,6.0,-1.0,1728348,1.0,7,,0.0,0.0,2.0,A01,138Â 204Â 408,1.0
1012509,201900054040,3,31,13:20,1,1,3,1.0,3.0,38001,Rue Victor Hugo (Les Abrets),M,"45,5501060","5,5835360",38,2019,80.0,1.0,1.0,3.0,2264249,1.0,1,3,1,0.0,,0.0,0,1974.0,B01,138Â 204Â 410,2.0,6.0,-1.0,1728349,2.0,33,,0.0,2.0,1.0,B01,138Â 204Â 410,1.0
1012510,201900054041,8,21,17:00,1,1,1,1.0,4.0,91689,AUTOROUTE A6,M,"48,7400200","2,3202400",91,2019,90.0,3.0,1.0,1.0,2264250,1.0,1,1,1,0.0,,0.0,0,1979.0,A01,138Â 204Â 404,1.0,8.0,-1.0,1728350,2.0,7,,0.0,2.0,1.0,A01,138Â 204Â 404,1.0
1012510,201900054041,8,21,17:00,1,1,1,1.0,4.0,91689,AUTOROUTE A6,M,"48,7400200","2,3202400",91,2019,90.0,3.0,1.0,1.0,2264250,1.0,1,1,1,0.0,,0.0,0,1979.0,A01,138Â 204Â 404,1.0,8.0,-1.0,1728351,2.0,7,,0.0,2.0,1.0,B01,138Â 204Â 406,1.0
1012510,201900054041,8,21,17:00,1,1,1,1.0,4.0,91689,AUTOROUTE A6,M,"48,7400200","2,3202400",91,2019,90.0,3.0,1.0,1.0,2264250,1.0,1,1,1,0.0,,0.0,0,1979.0,A01,138Â 204Â 404,1.0,8.0,-1.0,1728352,2.0,7,,0.0,2.0,4.0,C01,138Â 204Â 409,1.0
1012510,201900054041,8,21,17:00,1,1,1,1.0,4.0,91689,AUTOROUTE A6,M,"48,7400200","2,3202400",91,2019,90.0,3.0,1.0,1.0,2264251,2.0,2,4,2,0.0,,0.0,0,1980.0,B01,138Â 204Â 406,1.0,0.0,-1.0,1728350,2.0,7,,0.0,2.0,1.0,A01,138Â 204Â 404,1.0
1012510,201900054041,8,21,17:00,1,1,1,1.0,4.0,91689,AUTOROUTE A6,M,"48,7400200","2,3202400",91,2019,90.0,3.0,1.0,1.0,2264251,2.0,2,4,2,0.0,,0.0,0,1980.0,B01,138Â 204Â 406,1.0,0.0,-1.0,1728351,2.0,7,,0.0,2.0,1.0,B01,138Â 204Â 406,1.0
1012510,201900054041,8,21,17:00,1,1,1,1.0,4.0,91689,AUTOROUTE A6,M,"48,7400200","2,3202400",91,2019,90.0,3.0,1.0,1.0,2264251,2.0,2,4,2,0.0,,0.0,0,1980.0,B01,138Â 204Â 406,1.0,0.0,-1.0,1728352,2.0,7,,0.0,2.0,4.0,C01,138Â 204Â 409,1.0
1012510,201900054041,8,21,17:00,1,1,1,1.0,4.0,91689,AUTOROUTE A6,M,"48,7400200","2,3202400",91,2019,90.0,3.0,1.0,1.0,2264252,1.0,1,4,1,0.0,,0.0,0,1979.0,B01,138Â 204Â 406,1.0,0.0,-1.0,1728350,2.0,7,,0.0,2.0,1.0,A01,138Â 204Â 404,1.0
1012510,201900054041,8,21,17:00,1,1,1,1.0,4.0,91689,AUTOROUTE A6,M,"48,7400200","2,3202400",91,2019,90.0,3.0,1.0,1.0,2264252,1.0,1,4,1,0.0,,0.0,0,1979.0,B01,138Â 204Â 406,1.0,0.0,-1.0,1728351,2.0,7,,0.0,2.0,1.0,B01,138Â 204Â 406,1.0
1012510,201900054041,8,21,17:00,1,1,1,1.0,4.0,91689,AUTOROUTE A6,M,"48,7400200","2,3202400",91,2019,90.0,3.0,1.0,1.0,2264252,1.0,1,4,1,0.0,,0.0,0,1979.0,B01,138Â 204Â 406,1.0,0.0,-1.0,1728352,2.0,7,,0.0,2.0,4.0,C01,138Â 204Â 409,1.0
1012510,201900054041,8,21,17:00,1,1,1,1.0,4.0,91689,AUTOROUTE A6,M,"48,7400200","2,3202400",91,2019,90.0,3.0,1.0,1.0,2264253,1.0,1,1,1,0.0,,0.0,0,1970.0,C01,138Â 204Â 409,1.0,8.0,-1.0,1728350,2.0,7,,0.0,2.0,1.0,A01,138Â 204Â 404,1.0
1012510,201900054041,8,21,17:00,1,1,1,1.0,4.0,91689,AUTOROUTE A6,M,"48,7400200","2,3202400",91,2019,90.0,3.0,1.0,1.0,2264253,1.0,1,1,1,0.0,,0.0,0,1970.0,C01,138Â 204Â 409,1.0,8.0,-1.0,1728351,2.0,7,,0.0,2.0,1.0,B01,138Â 204Â 406,1.0
1012510,201900054041,8,21,17:00,1,1,1,1.0,4.0,91689,AUTOROUTE A6,M,"48,7400200","2,3202400",91,2019,90.0,3.0,1.0,1.0,2264253,1.0,1,1,1,0.0,,0.0,0,1970.0,C01,138Â 204Â 409,1.0,8.0,-1.0,1728352,2.0,7,,0.0,2.0,4.0,C01,138Â 204Â 409,1.0
1012511,201900054042,7,10,17:00,1,2,1,1.0,2.0,92026,MARECHAL JOFFRE (QUAI DU),M,"48,9017644","2,2796235",92,2019,50.0,1.0,1.0,3.0,2264254,1.0,1,4,1,0.0,,-1.0,0,1986.0,A01,138Â 204Â 407,2.0,0.0,-1.0,1728353,1.0,7,,0.0,2.0,1.0,Z01,138Â 204Â 405,0.0
1012511,201900054042,7,10,17:00,1,2,1,1.0,2.0,92026,MARECHAL JOFFRE (QUAI DU),M,"48,9017644","2,2796235",92,2019,50.0,1.0,1.0,3.0,2264254,1.0,1,4,1,0.0,,-1.0,0,1986.0,A01,138Â 204Â 407,2.0,0.0,-1.0,1728354,1.0,1,,0.0,2.0,4.0,A01,138Â 204Â 407,0.0
1012512,201900054043,3,31,07:00,2,1,1,1.0,7.0,03274,Terreneuve,M,"46,3617963","3,6691184",3,2019,70.0,8.0,1.0,3.0,2264255,2.0,2,4,2,5.0,,0.0,0,2003.0,A01,138Â 204Â 401,8.0,-1.0,-1.0,1728355,1.0,7,,16.0,0.0,9.0,A01,138Â 204Â 401,1.0
1012512,201900054043,3,31,07:00,2,1,1,1.0,7.0,03274,Terreneuve,M,"46,3617963","3,6691184",3,2019,70.0,8.0,1.0,3.0,2264256,7.0,2,1,1,5.0,,0.0,0,1999.0,A01,138Â 204Â 401,8.0,-1.0,-1.0,1728355,1.0,7,,16.0,0.0,9.0,A01,138Â 204Â 401,1.0
1012512,201900054043,3,31,07:00,2,1,1,1.0,7.0,03274,Terreneuve,M,"46,3617963","3,6691184",3,2019,70.0,8.0,1.0,3.0,2264257,9.0,2,4,2,5.0,,0.0,0,2003.0,A01,138Â 204Â 401,1.0,-1.0,-1.0,1728355,1.0,7,,16.0,0.0,9.0,A01,138Â 204Â 401,1.0
1012512,201900054043,3,31,07:00,2,1,1,1.0,7.0,03274,Terreneuve,M,"46,3617963","3,6691184",3,2019,70.0,8.0,1.0,3.0,2264258,1.0,1,1,1,5.0,,0.0,0,1999.0,A01,138Â 204Â 401,8.0,-1.0,-1.0,1728355,1.0,7,,16.0,0.0,9.0,A01,138Â 204Â 401,1.0
1012512,201900054043,3,31,07:00,2,1,1,1.0,7.0,03274,Terreneuve,M,"46,3617963","3,6691184",3,2019,70.0,8.0,1.0,3.0,2264259,8.0,2,3,1,5.0,,0.0,0,1999.0,A01,138Â 204Â 401,8.0,-1.0,-1.0,1728355,1.0,7,,16.0,0.0,9.0,A01,138Â 204Â 401,1.0
1012513,201900054044,7,11,14:30,1,2,1,1.0,6.0,92012,GALLIENI (RUE) 159/FIN,M,"48,8361310","2,2363340",92,2019,50.0,1.0,1.0,4.0,2264260,1.0,1,1,2,0.0,,-1.0,0,1984.0,A01,138Â 204Â 400,1.0,0.0,-1.0,1728356,3.0,7,,0.0,1.0,1.0,A01,138Â 204Â 400,0.0
1012513,201900054044,7,11,14:30,1,2,1,1.0,6.0,92012,GALLIENI (RUE) 159/FIN,M,"48,8361310","2,2363340",92,2019,50.0,1.0,1.0,4.0,2264261,10.0,3,4,1,0.0,,1.0,3,2000.0,A01,138Â 204Â 400,8.0,0.0,-1.0,1728356,3.0,7,,0.0,1.0,1.0,A01,138Â 204Â 400,0.0
1012514,201900054045,8,21,19:55,5,1,1,1.0,3.0,92050,A14,M,"48,9008138","2,2016658",92,2019,90.0,1.0,1.0,1.0,2264262,1.0,1,1,1,0.0,,-1.0,0,1959.0,B01,138Â 204Â 402,1.0,8.0,-1.0,1728357,1.0,10,,0.0,2.0,3.0,B01,138Â 204Â 402,1.0
1012514,201900054045,8,21,19:55,5,1,1,1.0,3.0,92050,A14,M,"48,9008138","2,2016658",92,2019,90.0,1.0,1.0,1.0,2264262,1.0,1,1,1,0.0,,-1.0,0,1959.0,B01,138Â 204Â 402,1.0,8.0,-1.0,1728358,1.0,34,,0.0,2.0,8.0,A01,138Â 204Â 403,1.0
1012514,201900054045,8,21,19:55,5,1,1,1.0,3.0,92050,A14,M,"48,9008138","2,2016658",92,2019,90.0,1.0,1.0,1.0,2264263,2.0,1,4,1,0.0,,-1.0,0,1986.0,A01,138Â 204Â 403,2.0,8.0,-1.0,1728357,1.0,10,,0.0,2.0,3.0,B01,138Â 204Â 402,1.0
1012514,201900054045,8,21,19:55,5,1,1,1.0,3.0,92050,A14,M,"48,9008138","2,2016658",92,2019,90.0,1.0,1.0,1.0,2264263,2.0,1,4,1,0.0,,-1.0,0,1986.0,A01,138Â 204Â 403,2.0,8.0,-1.0,1728358,1.0,34,,0.0,2.0,8.0,A01,138Â 204Â 403,1.0
1012515,201900054046,3,31,19:30,2,2,1,1.0,7.0,03297,rue Pasteur,M,"46,5353473","2,6114726",3,2019,50.0,3.0,1.0,4.0,2264264,1.0,1,3,1,5.0,,0.0,0,1956.0,A01,138Â 204Â 399,2.0,-1.0,-1.0,1728359,3.0,2,,12.0,0.0,2.0,A01,138Â 204Â 399,1.0
1012516,201900054047,8,21,13:50,1,1,1,1.0,3.0,92050,A14,M,"48,9019123","2,2025788",92,2019,70.0,1.0,1.0,1.0,2264265,1.0,1,4,1,4.0,,-1.0,0,1961.0,A01,138Â 204Â 395,1.0,8.0,-1.0,1728360,1.0,7,,0.0,2.0,8.0,A01,138Â 204Â 395,1.0
1012516,201900054047,8,21,13:50,1,1,1,1.0,3.0,92050,A14,M,"48,9019123","2,2025788",92,2019,70.0,1.0,1.0,1.0,2264265,1.0,1,4,1,4.0,,-1.0,0,1961.0,A01,138Â 204Â 395,1.0,8.0,-1.0,1728361,1.0,7,,0.0,2.0,2.0,B01,138Â 204Â 396,1.0
1012516,201900054047,8,21,13:50,1,1,1,1.0,3.0,92050,A14,M,"48,9019123","2,2025788",92,2019,70.0,1.0,1.0,1.0,2264266,1.0,1,1,2,5.0,,-1.0,0,1988.0,B01,138Â 204Â 396,1.0,8.0,-1.0,1728360,1.0,7,,0.0,2.0,8.0,A01,138Â 204Â 395,1.0
1012516,201900054047,8,21,13:50,1,1,1,1.0,3.0,92050,A14,M,"48,9019123","2,2025788",92,2019,70.0,1.0,1.0,1.0,2264266,1.0,1,1,2,5.0,,-1.0,0,1988.0,B01,138Â 204Â 396,1.0,8.0,-1.0,1728361,1.0,7,,0.0,2.0,2.0,B01,138Â 204Â 396,1.0
1012516,201900054047,8,21,13:50,1,1,1,1.0,3.0,92050,A14,M,"48,9019123","2,2025788",92,2019,70.0,1.0,1.0,1.0,2264267,2.0,2,1,2,5.0,,-1.0,0,2018.0,B01,138Â 204Â 396,1.0,8.0,-1.0,1728360,1.0,7,,0.0,2.0,8.0,A01,138Â 204Â 395,1.0
1012516,201900054047,8,21,13:50,1,1,1,1.0,3.0,92050,A14,M,"48,9019123","2,2025788",92,2019,70.0,1.0,1.0,1.0,2264267,2.0,2,1,2,5.0,,-1.0,0,2018.0,B01,138Â 204Â 396,1.0,8.0,-1.0,1728361,1.0,7,,0.0,2.0,2.0,B01,138Â 204Â 396,1.0
1012517,201900054048,3,31,13:30,1,2,1,1.0,2.0,01159,Grande Rue,M,"46,3346690","4,8889040",1,2019,50.0,1.0,1.0,3.0,2264268,1.0,1,1,1,5.0,,0.0,0,1978.0,B01,138Â 204Â 393,1.0,-1.0,-1.0,1728362,1.0,3,,0.0,0.0,1.0,B01,138Â 204Â 393,1.0
1012517,201900054048,3,31,13:30,1,2,1,1.0,2.0,01159,Grande Rue,M,"46,3346690","4,8889040",1,2019,50.0,1.0,1.0,3.0,2264268,1.0,1,1,1,5.0,,0.0,0,1978.0,B01,138Â 204Â 393,1.0,-1.0,-1.0,1728363,1.0,31,,0.0,0.0,4.0,A01,138Â 204Â 394,1.0
1012517,201900054048,3,31,13:30,1,2,1,1.0,2.0,01159,Grande Rue,M,"46,3346690","4,8889040",1,2019,50.0,1.0,1.0,3.0,2264269,1.0,1,3,1,5.0,,0.0,0,1975.0,A01,138Â 204Â 394,2.0,6.0,-1.0,1728362,1.0,3,,0.0,0.0,1.0,B01,138Â 204Â 393,1.0
1012517,201900054048,3,31,13:30,1,2,1,1.0,2.0,01159,Grande Rue,M,"46,3346690","4,8889040",1,2019,50.0,1.0,1.0,3.0,2264269,1.0,1,3,1,5.0,,0.0,0,1975.0,A01,138Â 204Â 394,2.0,6.0,-1.0,1728363,1.0,31,,0.0,0.0,4.0,A01,138Â 204Â 394,1.0
1012518,201900054049,7,11,15:00,1,2,1,1.0,3.0,92004,AULAGNIER ( QUAI ),M,"48,9130615","2,3066976",92,2019,70.0,1.0,1.0,3.0,2264270,1.0,1,4,1,9.0,,-1.0,0,1964.0,B01,138Â 204Â 391,2.0,6.0,-1.0,1728364,3.0,32,,0.0,2.0,8.0,B01,138Â 204Â 391,0.0
1012518,201900054049,7,11,15:00,1,2,1,1.0,3.0,92004,AULAGNIER ( QUAI ),M,"48,9130615","2,3066976",92,2019,70.0,1.0,1.0,3.0,2264270,1.0,1,4,1,9.0,,-1.0,0,1964.0,B01,138Â 204Â 391,2.0,6.0,-1.0,1728365,3.0,7,,0.0,2.0,8.0,A01,138Â 204Â 392,0.0
1012518,201900054049,7,11,15:00,1,2,1,1.0,3.0,92004,AULAGNIER ( QUAI ),M,"48,9130615","2,3066976",92,2019,70.0,1.0,1.0,3.0,2264271,1.0,1,1,1,1.0,,-1.0,0,1987.0,A01,138Â 204Â 392,1.0,0.0,-1.0,1728364,3.0,32,,0.0,2.0,8.0,B01,138Â 204Â 391,0.0
1012518,201900054049,7,11,15:00,1,2,1,1.0,3.0,92004,AULAGNIER ( QUAI ),M,"48,9130615","2,3066976",92,2019,70.0,1.0,1.0,3.0,2264271,1.0,1,1,1,1.0,,-1.0,0,1987.0,A01,138Â 204Â 392,1.0,0.0,-1.0,1728365,3.0,7,,0.0,2.0,8.0,A01,138Â 204Â 392,0.0
1012519,201900054050,8,21,12:45,1,1,1,1.0,2.0,93053,AUTOROUTE A3,M,"48,8834200","2,4585400",93,2019,90.0,1.0,1.0,1.0,2264272,1.0,1,1,1,4.0,,-1.0, -1,1971.0,B01,138Â 204Â 389,1.0,4.0,-1.0,1728366,1.0,14,,0.0,2.0,4.0,B01,138Â 204Â 389,1.0
1012519,201900054050,8,21,12:45,1,1,1,1.0,2.0,93053,AUTOROUTE A3,M,"48,8834200","2,4585400",93,2019,90.0,1.0,1.0,1.0,2264272,1.0,1,1,1,4.0,,-1.0, -1,1971.0,B01,138Â 204Â 389,1.0,4.0,-1.0,1728367,1.0,7,,0.0,2.0,1.0,A01,138Â 204Â 390,1.0
1012519,201900054050,8,21,12:45,1,1,1,1.0,2.0,93053,AUTOROUTE A3,M,"48,8834200","2,4585400",93,2019,90.0,1.0,1.0,1.0,2264273,1.0,1,4,1,4.0,,-1.0, -1,1994.0,A01,138Â 204Â 390,1.0,0.0,-1.0,1728366,1.0,14,,0.0,2.0,4.0,B01,138Â 204Â 389,1.0
1012519,201900054050,8,21,12:45,1,1,1,1.0,2.0,93053,AUTOROUTE A3,M,"48,8834200","2,4585400",93,2019,90.0,1.0,1.0,1.0,2264273,1.0,1,4,1,4.0,,-1.0, -1,1994.0,A01,138Â 204Â 390,1.0,0.0,-1.0,1728367,1.0,7,,0.0,2.0,1.0,A01,138Â 204Â 390,1.0
1012520,201900054051,3,28,19:35,3,1,1,1.0,1.0,01175,1048 Route de Montrevel,M,"46,4206510","4,9715570",1,2019,80.0,1.0,1.0,3.0,2264274,1.0,1,2,1,5.0,,0.0,0,1988.0,B01,138Â 204Â 387,1.0,-1.0,-1.0,1728368,2.0,7,,0.0,2.0,3.0,B01,138Â 204Â 387,1.0
1012520,201900054051,3,28,19:35,3,1,1,1.0,1.0,01175,1048 Route de Montrevel,M,"46,4206510","4,9715570",1,2019,80.0,1.0,1.0,3.0,2264274,1.0,1,2,1,5.0,,0.0,0,1988.0,B01,138Â 204Â 387,1.0,-1.0,-1.0,1728369,1.0,7,,0.0,2.0,3.0,A01,138Â 204Â 388,1.0
1012520,201900054051,3,28,19:35,3,1,1,1.0,1.0,01175,1048 Route de Montrevel,M,"46,4206510","4,9715570",1,2019,80.0,1.0,1.0,3.0,2264275,2.0,2,2,1,5.0,,0.0,0,1992.0,B01,138Â 204Â 387,1.0,-1.0,-1.0,1728368,2.0,7,,0.0,2.0,3.0,B01,138Â 204Â 387,1.0
1012520,201900054051,3,28,19:35,3,1,1,1.0,1.0,01175,1048 Route de Montrevel,M,"46,4206510","4,9715570",1,2019,80.0,1.0,1.0,3.0,2264275,2.0,2,2,1,5.0,,0.0,0,1992.0,B01,138Â 204Â 387,1.0,-1.0,-1.0,1728369,1.0,7,,0.0,2.0,3.0,A01,138Â 204Â 388,1.0
1012520,201900054051,3,28,19:35,3,1,1,1.0,1.0,01175,1048 Route de Montrevel,M,"46,4206510","4,9715570",1,2019,80.0,1.0,1.0,3.0,2264276,3.0,2,3,2,5.0,,0.0,0,1994.0,A01,138Â 204Â 388,0.0,-1.0,-1.0,1728368,2.0,7,,0.0,2.0,3.0,B01,138Â 204Â 387,1.0
1012520,201900054051,3,28,19:35,3,1,1,1.0,1.0,01175,1048 Route de Montrevel,M,"46,4206510","4,9715570",1,2019,80.0,1.0,1.0,3.0,2264276,3.0,2,3,2,5.0,,0.0,0,1994.0,A01,138Â 204Â 388,0.0,-1.0,-1.0,1728369,1.0,7,,0.0,2.0,3.0,A01,138Â 204Â 388,1.0
1012520,201900054051,3,28,19:35,3,1,1,1.0,1.0,01175,1048 Route de Montrevel,M,"46,4206510","4,9715570",1,2019,80.0,1.0,1.0,3.0,2264277,1.0,1,3,2,5.0,,0.0,0,1997.0,A01,138Â 204Â 388,1.0,-1.0,-1.0,1728368,2.0,7,,0.0,2.0,3.0,B01,138Â 204Â 387,1.0
1012520,201900054051,3,28,19:35,3,1,1,1.0,1.0,01175,1048 Route de Montrevel,M,"46,4206510","4,9715570",1,2019,80.0,1.0,1.0,3.0,2264277,1.0,1,3,2,5.0,,0.0,0,1997.0,A01,138Â 204Â 388,1.0,-1.0,-1.0,1728369,1.0,7,,0.0,2.0,3.0,A01,138Â 204Â 388,1.0
1012520,201900054051,3,28,19:35,3,1,1,1.0,1.0,01175,1048 Route de Montrevel,M,"46,4206510","4,9715570",1,2019,80.0,1.0,1.0,3.0,2264278,2.0,2,3,1,5.0,,0.0,0,1995.0,A01,138Â 204Â 388,1.0,-1.0,-1.0,1728368,2.0,7,,0.0,2.0,3.0,B01,138Â 204Â 387,1.0
1012520,201900054051,3,28,19:35,3,1,1,1.0,1.0,01175,1048 Route de Montrevel,M,"46,4206510","4,9715570",1,2019,80.0,1.0,1.0,3.0,2264278,2.0,2,3,1,5.0,,0.0,0,1995.0,A01,138Â 204Â 388,1.0,-1.0,-1.0,1728369,1.0,7,,0.0,2.0,3.0,A01,138Â 204Â 388,1.0
1012521,201900054052,7,10,17:45,1,2,1,1.0,2.0,92004,GEORGES GUYNEMER (RUE),M,"48,9149800","2,2893600",92,2019,50.0,1.0,1.0,4.0,2264279,2.0,1,4,1,1.0,,-1.0,0,1988.0,B01,138Â 204Â 384,8.0,0.0,-1.0,1728370,3.0,1,,0.0,2.0,9.0,B01,138Â 204Â 384,0.0