Unnamed: 0_x,num_acc,mois,jour,hrmn,lum,agg,int,atm,col,com,adr,gps,lat,long,dep,annee,vma,situ,surf,catr,Unnamed: 0_y,place,catu,grav,sexe,trajet,secu,locp,actp,an_nais,num_veh_x,id_vehicule_x,secu1,secu2,secu3,Unnamed: 0,senc,catv,occutc,obs,obsm,choc,num_veh_y,id_vehicule_y,motor
1012521,201900054052,7,10,17:45,1,2,1,1.0,2.0,92004,GEORGES GUYNEMER (RUE),M,"48,9149800","2,2893600",92,2019,50.0,1.0,1.0,4.0,2264279,2.0,1,4,1,1.0,,-1.0,0,1988.0,B01,138Â 204Â 384,8.0,0.0,-1.0,1728371,0.0,7,,0.0,1.0,7.0,A01,138Â 204Â 386,0.0
1012521,201900054052,7,10,17:45,1,2,1,1.0,2.0,92004,GEORGES GUYNEMER (RUE),M,"48,9149800","2,2893600",92,2019,50.0,1.0,1.0,4.0,2264280,1.0,1,1,2,0.0,,-1.0,0,1959.0,A01,138Â 204Â 386,1.0,0.0,-1.0,1728370,3.0,1,,0.0,2.0,9.0,B01,138Â 204Â 384,0.0
1012521,201900054052,7,10,17:45,1,2,1,1.0,2.0,92004,GEORGES GUYNEMER (RUE),M,"48,9149800","2,2893600",92,2019,50.0,1.0,1.0,4.0,2264280,1.0,1,1,2,0.0,,-1.0,0,1959.0,A01,138Â 204Â 386,1.0,0.0,-1.0,1728371,0.0,7,,0.0,1.0,7.0,A01,138Â 204Â 386,0.0
1012522,201900054053,8,20,21:50,5,1,1,1.0,2.0,93008,AUTOROUTE A86,M,"48,9089800","2,4482700",93,2019,90.0,1.0,1.0,1.0,2264281,1.0,1,4,1,0.0,,-1.0, -1,1977.0,B01,138Â 204Â 383,2.0,6.0,-1.0,1728372,1.0,34,,0.0,2.0,1.0,B01,138Â 204Â 383,1.0
1012522,201900054053,8,20,21:50,5,1,1,1.0,2.0,93008,AUTOROUTE A86,M,"48,9089800","2,4482700",93,2019,90.0,1.0,1.0,1.0,2264281,1.0,1,4,1,0.0,,-1.0, -1,1977.0,B01,138Â 204Â 383,2.0,6.0,-1.0,1728373,1.0,10,,0.0,2.0,4.0,A01,138Â 204Â 385,1.0
1012522,201900054053,8,20,21:50,5,1,1,1.0,2.0,93008,AUTOROUTE A86,M,"48,9089800","2,4482700",93,2019,90.0,1.0,1.0,1.0,2264282,1.0,1,1,1,0.0,,-1.0, -1,1976.0,A01,138Â 204Â 385,1.0,0.0,-1.0,1728372,1.0,34,,0.0,2.0,1.0,B01,138Â 204Â 383,1.0
1012522,201900054053,8,20,21:50,5,1,1,1.0,2.0,93008,AUTOROUTE A86,M,"48,9089800","2,4482700",93,2019,90.0,1.0,1.0,1.0,2264282,1.0,1,1,1,0.0,,-1.0, -1,1976.0,A01,138Â 204Â 385,1.0,0.0,-1.0,1728373,1.0,10,,0.0,2.0,4.0,A01,138Â 204Â 385,1.0
1012523,201900054054,3,31,11:50,1,1,1,1.0,1.0,70323,DÃ©partmentale 417 p.k 020.120,M,"47,9161030","6,1217820",70,2019,70.0,1.0,1.0,3.0,2264283,2.0,2,3,2,5.0,,0.0,0,2002.0,A01,138Â 204Â 381,1.0,5.0,-1.0,1728374,1.0,7,,0.0,2.0,1.0,A01,138Â 204Â 381,0.0
1012523,201900054054,3,31,11:50,1,1,1,1.0,1.0,70323,DÃ©partmentale 417 p.k 020.120,M,"47,9161030","6,1217820",70,2019,70.0,1.0,1.0,3.0,2264283,2.0,2,3,2,5.0,,0.0,0,2002.0,A01,138Â 204Â 381,1.0,5.0,-1.0,1728375,2.0,7,,0.0,2.0,1.0,B01,138Â 204Â 382,0.0
1012523,201900054054,3,31,11:50,1,1,1,1.0,1.0,70323,DÃ©partmentale 417 p.k 020.120,M,"47,9161030","6,1217820",70,2019,70.0,1.0,1.0,3.0,2264284,1.0,1,4,1,5.0,,0.0,0,2000.0,A01,138Â 204Â 381,1.0,5.0,-1.0,1728374,1.0,7,,0.0,2.0,1.0,A01,138Â 204Â 381,0.0
1012523,201900054054,3,31,11:50,1,1,1,1.0,1.0,70323,DÃ©partmentale 417 p.k 020.120,M,"47,9161030","6,1217820",70,2019,70.0,1.0,1.0,3.0,2264284,1.0,1,4,1,5.0,,0.0,0,2000.0,A01,138Â 204Â 381,1.0,5.0,-1.0,1728375,2.0,7,,0.0,2.0,1.0,B01,138Â 204Â 382,0.0
1012523,201900054054,3,31,11:50,1,1,1,1.0,1.0,70323,DÃ©partmentale 417 p.k 020.120,M,"47,9161030","6,1217820",70,2019,70.0,1.0,1.0,3.0,2264285,1.0,1,3,1,5.0,,0.0,0,1992.0,B01,138Â 204Â 382,1.0,5.0,-1.0,1728374,1.0,7,,0.0,2.0,1.0,A01,138Â 204Â 381,0.0
1012523,201900054054,3,31,11:50,1,1,1,1.0,1.0,70323,DÃ©partmentale 417 p.k 020.120,M,"47,9161030","6,1217820",70,2019,70.0,1.0,1.0,3.0,2264285,1.0,1,3,1,5.0,,0.0,0,1992.0,B01,138Â 204Â 382,1.0,5.0,-1.0,1728375,2.0,7,,0.0,2.0,1.0,B01,138Â 204Â 382,0.0
1012524,201900054055,3,23,09:45,1,1,1,1.0,6.0,70491,RD 13,M,"47,5233930","5,7396840",70,2019,80.0,3.0,1.0,3.0,2264286,1.0,1,3,1,5.0,,0.0,0,1998.0,A01,138Â 204Â 377,1.0,-1.0,-1.0,1728376,1.0,7,,0.0,0.0,1.0,A01,138Â 204Â 377,1.0
1012525,201900054056,7,14,16:20,1,2,9,1.0,1.0,08211,Route de Raucourt,M,"49,6186440","4,9617340",8,2019,30.0,1.0,1.0,3.0,2264287,1.0,1,1,1,9.0,,0.0,0,1974.0,A01,138Â 204Â 378,1.0,-1.0,-1.0,1728377,2.0,7,,0.0,2.0,3.0,A01,138Â 204Â 378,1.0
1012525,201900054056,7,14,16:20,1,2,9,1.0,1.0,08211,Route de Raucourt,M,"49,6186440","4,9617340",8,2019,30.0,1.0,1.0,3.0,2264287,1.0,1,1,1,9.0,,0.0,0,1974.0,A01,138Â 204Â 378,1.0,-1.0,-1.0,1728378,1.0,33,,0.0,2.0,1.0,B01,138Â 204Â 380,1.0
1012525,201900054056,7,14,16:20,1,2,9,1.0,1.0,08211,Route de Raucourt,M,"49,6186440","4,9617340",8,2019,30.0,1.0,1.0,3.0,2264288,1.0,1,4,1,5.0,,0.0,0,1962.0,B01,138Â 204Â 380,2.0,-1.0,-1.0,1728377,2.0,7,,0.0,2.0,3.0,A01,138Â 204Â 378,1.0
1012525,201900054056,7,14,16:20,1,2,9,1.0,1.0,08211,Route de Raucourt,M,"49,6186440","4,9617340",8,2019,30.0,1.0,1.0,3.0,2264288,1.0,1,4,1,5.0,,0.0,0,1962.0,B01,138Â 204Â 380,2.0,-1.0,-1.0,1728378,1.0,33,,0.0,2.0,1.0,B01,138Â 204Â 380,1.0
1012526,201900054057,8,20,22:10,5,1,1,1.0,2.0,93008,AUTOROUTE A86,M,"48,9083000","2,4508000",93,2019,90.0,1.0,1.0,1.0,2264289,3.0,2,4,2,9.0,,-1.0, -1,2019.0,B01,138Â 204Â 376,1.0,0.0,-1.0,1728379,1.0,7,,0.0,2.0,5.0,B01,138Â 204Â 376,1.0
1012526,201900054057,8,20,22:10,5,1,1,1.0,2.0,93008,AUTOROUTE A86,M,"48,9083000","2,4508000",93,2019,90.0,1.0,1.0,1.0,2264289,3.0,2,4,2,9.0,,-1.0, -1,2019.0,B01,138Â 204Â 376,1.0,0.0,-1.0,1728380,1.0,7,,0.0,2.0,3.0,A01,138Â 204Â 379,1.0
1012526,201900054057,8,20,22:10,5,1,1,1.0,2.0,93008,AUTOROUTE A86,M,"48,9083000","2,4508000",93,2019,90.0,1.0,1.0,1.0,2264290,2.0,2,1,2,9.0,,-1.0, -1,1988.0,B01,138Â 204Â 376,1.0,0.0,-1.0,1728379,1.0,7,,0.0,2.0,5.0,B01,138Â 204Â 376,1.0
1012526,201900054057,8,20,22:10,5,1,1,1.0,2.0,93008,AUTOROUTE A86,M,"48,9083000","2,4508000",93,2019,90.0,1.0,1.0,1.0,2264290,2.0,2,1,2,9.0,,-1.0, -1,1988.0,B01,138Â 204Â 376,1.0,0.0,-1.0,1728380,1.0,7,,0.0,2.0,3.0,A01,138Â 204Â 379,1.0
1012526,201900054057,8,20,22:10,5,1,1,1.0,2.0,93008,AUTOROUTE A86,M,"48,9083000","2,4508000",93,2019,90.0,1.0,1.0,1.0,2264291,1.0,1,1,1,9.0,,-1.0, -1,1985.0,B01,138Â 204Â 376,1.0,0.0,-1.0,1728379,1.0,7,,0.0,2.0,5.0,B01,138Â 204Â 376,1.0
1012526,201900054057,8,20,22:10,5,1,1,1.0,2.0,93008,AUTOROUTE A86,M,"48,9083000","2,4508000",93,2019,90.0,1.0,1.0,1.0,2264291,1.0,1,1,1,9.0,,-1.0, -1,1985.0,B01,138Â 204Â 376,1.0,0.0,-1.0,1728380,1.0,7,,0.0,2.0,3.0,A01,138Â 204Â 379,1.0
1012526,201900054057,8,20,22:10,5,1,1,1.0,2.0,93008,AUTOROUTE A86,M,"48,9083000","2,4508000",93,2019,90.0,1.0,1.0,1.0,2264292,4.0,2,4,2,9.0,,-1.0, -1,2001.0,A01,138Â 204Â 379,1.0,0.0,-1.0,1728379,1.0,7,,0.0,2.0,5.0,B01,138Â 204Â 376,1.0
1012526,201900054057,8,20,22:10,5,1,1,1.0,2.0,93008,AUTOROUTE A86,M,"48,9083000","2,4508000",93,2019,90.0,1.0,1.0,1.0,2264292,4.0,2,4,2,9.0,,-1.0, -1,2001.0,A01,138Â 204Â 379,1.0,0.0,-1.0,1728380,1.0,7,,0.0,2.0,3.0,A01,138Â 204Â 379,1.0
1012526,201900054057,8,20,22:10,5,1,1,1.0,2.0,93008,AUTOROUTE A86,M,"48,9083000","2,4508000",93,2019,90.0,1.0,1.0,1.0,2264293,2.0,2,4,1,0.0,,-1.0, -1,1999.0,A01,138Â 204Â 379,1.0,0.0,-1.0,1728379,1.0,7,,0.0,2.0,5.0,B01,138Â 204Â 376,1.0
1012526,201900054057,8,20,22:10,5,1,1,1.0,2.0,93008,AUTOROUTE A86,M,"48,9083000","2,4508000",93,2019,90.0,1.0,1.0,1.0,2264293,2.0,2,4,1,0.0,,-1.0, -1,1999.0,A01,138Â 204Â 379,1.0,0.0,-1.0,1728380,1.0,7,,0.0,2.0,3.0,A01,138Â 204Â 379,1.0
1012526,201900054057,8,20,22:10,5,1,1,1.0,2.0,93008,AUTOROUTE A86,M,"48,9083000","2,4508000",93,2019,90.0,1.0,1.0,1.0,2264294,1.0,1,4,2,9.0,,-1.0, -1,1995.0,A01,138Â 204Â 379,1.0,0.0,-1.0,1728379,1.0,7,,0.0,2.0,5.0,B01,138Â 204Â 376,1.0
1012526,201900054057,8,20,22:10,5,1,1,1.0,2.0,93008,AUTOROUTE A86,M,"48,9083000","2,4508000",93,2019,90.0,1.0,1.0,1.0,2264294,1.0,1,4,2,9.0,,-1.0, -1,1995.0,A01,138Â 204Â 379,1.0,0.0,-1.0,1728380,1.0,7,,0.0,2.0,3.0,A01,138Â 204Â 379,1.0
1012527,201900054058,3,30,14:20,1,1,1,1.0,2.0,70563,D9,M,"47,5742430","6,2578880",70,2019,80.0,1.0,1.0,3.0,2264295,1.0,1,4,1,5.0,,0.0,0,1959.0,B01,138Â 204Â 373,1.0,-1.0,-1.0,1728381,0.0,7,,0.0,2.0,4.0,B01,138Â 204Â 373,0.0
1012527,201900054058,3,30,14:20,1,1,1,1.0,2.0,70563,D9,M,"47,5742430","6,2578880",70,2019,80.0,1.0,1.0,3.0,2264295,1.0,1,4,1,5.0,,0.0,0,1959.0,B01,138Â 204Â 373,1.0,-1.0,-1.0,1728382,0.0,7,,0.0,2.0,1.0,A01,138Â 204Â 375,0.0
1012527,201900054058,3,30,14:20,1,1,1,1.0,2.0,70563,D9,M,"47,5742430","6,2578880",70,2019,80.0,1.0,1.0,3.0,2264296,2.0,2,3,2,5.0,,0.0,0,1942.0,A01,138Â 204Â 375,1.0,5.0,-1.0,1728381,0.0,7,,0.0,2.0,4.0,B01,138Â 204Â 373,0.0
1012527,201900054058,3,30,14:20,1,1,1,1.0,2.0,70563,D9,M,"47,5742430","6,2578880",70,2019,80.0,1.0,1.0,3.0,2264296,2.0,2,3,2,5.0,,0.0,0,1942.0,A01,138Â 204Â 375,1.0,5.0,-1.0,1728382,0.0,7,,0.0,2.0,1.0,A01,138Â 204Â 375,0.0
1012527,201900054058,3,30,14:20,1,1,1,1.0,2.0,70563,D9,M,"47,5742430","6,2578880",70,2019,80.0,1.0,1.0,3.0,2264297,1.0,1,1,1,5.0,,0.0,0,1938.0,A01,138Â 204Â 375,1.0,5.0,-1.0,1728381,0.0,7,,0.0,2.0,4.0,B01,138Â 204Â 373,0.0
1012527,201900054058,3,30,14:20,1,1,1,1.0,2.0,70563,D9,M,"47,5742430","6,2578880",70,2019,80.0,1.0,1.0,3.0,2264297,1.0,1,1,1,5.0,,0.0,0,1938.0,A01,138Â 204Â 375,1.0,5.0,-1.0,1728382,0.0,7,,0.0,2.0,1.0,A01,138Â 204Â 375,0.0
1012528,201900054059,7,11,08:30,1,2,6,1.0,5.0,62550,RD 928,M,"50,3715200","2,0292250",62,2019,50.0,1.0,1.0,3.0,2264298,1.0,1,4,1,5.0,,0.0,0,1985.0,C01,138Â 204Â 370,2.0,-1.0,-1.0,1728383,3.0,1,,0.0,2.0,7.0,C01,138Â 204Â 370,5.0
1012528,201900054059,7,11,08:30,1,2,6,1.0,5.0,62550,RD 928,M,"50,3715200","2,0292250",62,2019,50.0,1.0,1.0,3.0,2264298,1.0,1,4,1,5.0,,0.0,0,1985.0,C01,138Â 204Â 370,2.0,-1.0,-1.0,1728384,3.0,1,,0.0,2.0,7.0,B01,138Â 204Â 372,6.0
1012528,201900054059,7,11,08:30,1,2,6,1.0,5.0,62550,RD 928,M,"50,3715200","2,0292250",62,2019,50.0,1.0,1.0,3.0,2264298,1.0,1,4,1,5.0,,0.0,0,1985.0,C01,138Â 204Â 370,2.0,-1.0,-1.0,1728385,3.0,7,,0.0,9.0,1.0,A01,138Â 204Â 374,1.0
1012528,201900054059,7,11,08:30,1,2,6,1.0,5.0,62550,RD 928,M,"50,3715200","2,0292250",62,2019,50.0,1.0,1.0,3.0,2264299,1.0,1,4,1,5.0,,0.0,0,1980.0,B01,138Â 204Â 372,2.0,-1.0,-1.0,1728383,3.0,1,,0.0,2.0,7.0,C01,138Â 204Â 370,5.0
1012528,201900054059,7,11,08:30,1,2,6,1.0,5.0,62550,RD 928,M,"50,3715200","2,0292250",62,2019,50.0,1.0,1.0,3.0,2264299,1.0,1,4,1,5.0,,0.0,0,1980.0,B01,138Â 204Â 372,2.0,-1.0,-1.0,1728384,3.0,1,,0.0,2.0,7.0,B01,138Â 204Â 372,6.0
1012528,201900054059,7,11,08:30,1,2,6,1.0,5.0,62550,RD 928,M,"50,3715200","2,0292250",62,2019,50.0,1.0,1.0,3.0,2264299,1.0,1,4,1,5.0,,0.0,0,1980.0,B01,138Â 204Â 372,2.0,-1.0,-1.0,1728385,3.0,7,,0.0,9.0,1.0,A01,138Â 204Â 374,1.0
1012528,201900054059,7,11,08:30,1,2,6,1.0,5.0,62550,RD 928,M,"50,3715200","2,0292250",62,2019,50.0,1.0,1.0,3.0,2264300,1.0,1,1,1,3.0,,0.0,0,1937.0,A01,138Â 204Â 374,1.0,-1.0,-1.0,1728383,3.0,1,,0.0,2.0,7.0,C01,138Â 204Â 370,5.0
1012528,201900054059,7,11,08:30,1,2,6,1.0,5.0,62550,RD 928,M,"50,3715200","2,0292250",62,2019,50.0,1.0,1.0,3.0,2264300,1.0,1,1,1,3.0,,0.0,0,1937.0,A01,138Â 204Â 374,1.0,-1.0,-1.0,1728384,3.0,1,,0.0,2.0,7.0,B01,138Â 204Â 372,6.0
1012528,201900054059,7,11,08:30,1,2,6,1.0,5.0,62550,RD 928,M,"50,3715200","2,0292250",62,2019,50.0,1.0,1.0,3.0,2264300,1.0,1,1,1,3.0,,0.0,0,1937.0,A01,138Â 204Â 374,1.0,-1.0,-1.0,1728385,3.0,7,,0.0,9.0,1.0,A01,138Â 204Â 374,1.0
1012529,201900054060,3,29,21:35,3,2,1,1.0,3.0,66096,Avenue du GÃ©nÃ©ral de Gaulle,M,"42,7677950","2,6592980",66,2019,30.0,1.0,1.0,3.0,2264301,1.0,1,4,1,5.0,,0.0,0,2001.0,A01,138Â 204Â 368,2.0,6.0,-1.0,1728386,1.0,7,,0.0,2.0,3.0,B01,138Â 204Â 367,1.0
1012529,201900054060,3,29,21:35,3,2,1,1.0,3.0,66096,Avenue du GÃ©nÃ©ral de Gaulle,M,"42,7677950","2,6592980",66,2019,30.0,1.0,1.0,3.0,2264301,1.0,1,4,1,5.0,,0.0,0,2001.0,A01,138Â 204Â 368,2.0,6.0,-1.0,1728387,2.0,2,,0.0,2.0,8.0,A01,138Â 204Â 368,1.0
1012530,201900054061,8,20,23:30,5,1,1,1.0,2.0,93066,AUTOROUTE A1,M,"48,9103400","2,3582500",93,2019,90.0,1.0,1.0,1.0,2264302,4.0,2,4,1,0.0,,-1.0, -1,2018.0,B01,138Â 204Â 369,8.0,0.0,-1.0,1728388,1.0,7,,1.0,0.0,1.0,B01,138Â 204Â 369,1.0
1012530,201900054061,8,20,23:30,5,1,1,1.0,2.0,93066,AUTOROUTE A1,M,"48,9103400","2,3582500",93,2019,90.0,1.0,1.0,1.0,2264302,4.0,2,4,1,0.0,,-1.0, -1,2018.0,B01,138Â 204Â 369,8.0,0.0,-1.0,1728389,1.0,7,,0.0,2.0,5.0,A01,138Â 204Â 371,1.0
1012530,201900054061,8,20,23:30,5,1,1,1.0,2.0,93066,AUTOROUTE A1,M,"48,9103400","2,3582500",93,2019,90.0,1.0,1.0,1.0,2264303,1.0,1,1,1,0.0,,-1.0, -1,1972.0,B01,138Â 204Â 369,1.0,0.0,-1.0,1728388,1.0,7,,1.0,0.0,1.0,B01,138Â 204Â 369,1.0
1012530,201900054061,8,20,23:30,5,1,1,1.0,2.0,93066,AUTOROUTE A1,M,"48,9103400","2,3582500",93,2019,90.0,1.0,1.0,1.0,2264303,1.0,1,1,1,0.0,,-1.0, -1,1972.0,B01,138Â 204Â 369,1.0,0.0,-1.0,1728389,1.0,7,,0.0,2.0,5.0,A01,138Â 204Â 371,1.0
1012530,201900054061,8,20,23:30,5,1,1,1.0,2.0,93066,AUTOROUTE A1,M,"48,9103400","2,3582500",93,2019,90.0,1.0,1.0,1.0,2264304,1.0,1,1,1,0.0,,-1.0, -1,1990.0,A01,138Â 204Â 371,1.0,0.0,-1.0,1728388,1.0,7,,1.0,0.0,1.0,B01,138Â 204Â 369,1.0
1012530,201900054061,8,20,23:30,5,1,1,1.0,2.0,93066,AUTOROUTE A1,M,"48,9103400","2,3582500",93,2019,90.0,1.0,1.0,1.0,2264304,1.0,1,1,1,0.0,,-1.0, -1,1990.0,A01,138Â 204Â 371,1.0,0.0,-1.0,1728389,1.0,7,,0.0,2.0,5.0,A01,138Â 204Â 371,1.0
1012531,201900054062,7,12,14:40,1,1,1,1.0,7.0,51328,RN 4,M,"48,7433862","4,5219610",51,2019,80.0,1.0,1.0,2.0,2264305,1.0,1,3,1,9.0,,0.0,0,2000.0,A01,138Â 204Â 366,1.0,-1.0,-1.0,1728390,1.0,7,,0.0,0.0,2.0,A01,138Â 204Â 366,0.0
1012532,201900054063,3,29,18:30,2,1,1,1.0,6.0,54245,RD9,M,"48,4864770","6,3417480",54,2019,80.0,3.0,1.0,3.0,2264306,1.0,1,4,1,5.0,,0.0,0,1994.0,A01,138Â 204Â 364,1.0,-1.0,-1.0,1728391,2.0,7,,2.0,0.0,1.0,A01,138Â 204Â 364,6.0
1012533,201900054064,8,21,20:20,1,1,1,1.0,3.0,77449,A4,M,"48,8332830","2,7913430",77,2019,110.0,3.0,1.0,1.0,2264307,1.0,1,4,1,5.0,,-1.0,0,1974.0,A01,138Â 204Â 363,2.0,6.0,-1.0,1728392,2.0,33,,0.0,2.0,1.0,A01,138Â 204Â 363,1.0
1012533,201900054064,8,21,20:20,1,1,1,1.0,3.0,77449,A4,M,"48,8332830","2,7913430",77,2019,110.0,3.0,1.0,1.0,2264307,1.0,1,4,1,5.0,,-1.0,0,1974.0,A01,138Â 204Â 363,2.0,6.0,-1.0,1728393,2.0,7,,0.0,1.0,7.0,B01,138Â 204Â 365,1.0
1012533,201900054064,8,21,20:20,1,1,1,1.0,3.0,77449,A4,M,"48,8332830","2,7913430",77,2019,110.0,3.0,1.0,1.0,2264308,1.0,1,1,1,5.0,,-1.0,0,1971.0,B01,138Â 204Â 365,1.0,0.0,-1.0,1728392,2.0,33,,0.0,2.0,1.0,A01,138Â 204Â 363,1.0
1012533,201900054064,8,21,20:20,1,1,1,1.0,3.0,77449,A4,M,"48,8332830","2,7913430",77,2019,110.0,3.0,1.0,1.0,2264308,1.0,1,1,1,5.0,,-1.0,0,1971.0,B01,138Â 204Â 365,1.0,0.0,-1.0,1728393,2.0,7,,0.0,1.0,7.0,B01,138Â 204Â 365,1.0
1012534,201900054065,3,30,23:30,3,2,1,1.0,1.0,54081,D643 PK 33,M,"49,4063430","5,7390100",54,2019,70.0,1.0,1.0,3.0,2264309,2.0,2,4,1,5.0,,0.0,0,1976.0,A01,138Â 204Â 357,1.0,-1.0,-1.0,1728394,2.0,7,,0.0,2.0,3.0,A01,138Â 204Â 357,0.0
1012534,201900054065,3,30,23:30,3,2,1,1.0,1.0,54081,D643 PK 33,M,"49,4063430","5,7390100",54,2019,70.0,1.0,1.0,3.0,2264309,2.0,2,4,1,5.0,,0.0,0,1976.0,A01,138Â 204Â 357,1.0,-1.0,-1.0,1728395,1.0,7,,0.0,2.0,3.0,B01,138Â 204Â 361,0.0
1012534,201900054065,3,30,23:30,3,2,1,1.0,1.0,54081,D643 PK 33,M,"49,4063430","5,7390100",54,2019,70.0,1.0,1.0,3.0,2264310,1.0,1,4,2,5.0,,0.0,0,1988.0,A01,138Â 204Â 357,1.0,-1.0,-1.0,1728394,2.0,7,,0.0,2.0,3.0,A01,138Â 204Â 357,0.0
1012534,201900054065,3,30,23:30,3,2,1,1.0,1.0,54081,D643 PK 33,M,"49,4063430","5,7390100",54,2019,70.0,1.0,1.0,3.0,2264310,1.0,1,4,2,5.0,,0.0,0,1988.0,A01,138Â 204Â 357,1.0,-1.0,-1.0,1728395,1.0,7,,0.0,2.0,3.0,B01,138Â 204Â 361,0.0
1012534,201900054065,3,30,23:30,3,2,1,1.0,1.0,54081,D643 PK 33,M,"49,4063430","5,7390100",54,2019,70.0,1.0,1.0,3.0,2264311,1.0,1,3,1,5.0,,0.0,0,1993.0,B01,138Â 204Â 361,1.0,-1.0,-1.0,1728394,2.0,7,,0.0,2.0,3.0,A01,138Â 204Â 357,0.0
1012534,201900054065,3,30,23:30,3,2,1,1.0,1.0,54081,D643 PK 33,M,"49,4063430","5,7390100",54,2019,70.0,1.0,1.0,3.0,2264311,1.0,1,3,1,5.0,,0.0,0,1993.0,B01,138Â 204Â 361,1.0,-1.0,-1.0,1728395,1.0,7,,0.0,2.0,3.0,B01,138Â 204Â 361,0.0
1012535,201900054066,3,31,16:25,1,1,1,1.0,7.0,72002,La locherie,M,"48,4072620","0,3309850",72,2019,80.0,3.0,1.0,3.0,2264312,1.0,1,4,1,5.0,,0.0,0,1997.0,A01,138Â 204Â 356,2.0,6.0,-1.0,1728396,2.0,33,,0.0,0.0,8.0,A01,138Â 204Â 356,0.0
1012536,201900054067,3,31,07:50,2,1,1,1.0,1.0,72217,Lieu dit La Groie,M,"48,0973780","0,2012090",72,2019,80.0,1.0,1.0,3.0,2264313,1.0,1,4,1,5.0,,0.0,0,1976.0,A01,138Â 204Â 353,1.0,-1.0,-1.0,1728397,1.0,7,,0.0,2.0,2.0,A01,138Â 204Â 353,0.0
1012536,201900054067,3,31,07:50,2,1,1,1.0,1.0,72217,Lieu dit La Groie,M,"48,0973780","0,2012090",72,2019,80.0,1.0,1.0,3.0,2264313,1.0,1,4,1,5.0,,0.0,0,1976.0,A01,138Â 204Â 353,1.0,-1.0,-1.0,1728398,2.0,7,,0.0,2.0,2.0,B01,138Â 204Â 354,0.0
1012536,201900054067,3,31,07:50,2,1,1,1.0,1.0,72217,Lieu dit La Groie,M,"48,0973780","0,2012090",72,2019,80.0,1.0,1.0,3.0,2264314,1.0,1,4,2,5.0,,0.0,0,1998.0,B01,138Â 204Â 354,1.0,-1.0,-1.0,1728397,1.0,7,,0.0,2.0,2.0,A01,138Â 204Â 353,0.0
1012536,201900054067,3,31,07:50,2,1,1,1.0,1.0,72217,Lieu dit La Groie,M,"48,0973780","0,2012090",72,2019,80.0,1.0,1.0,3.0,2264314,1.0,1,4,2,5.0,,0.0,0,1998.0,B01,138Â 204Â 354,1.0,-1.0,-1.0,1728398,2.0,7,,0.0,2.0,2.0,B01,138Â 204Â 354,0.0
1012537,201900054068,7,6,19:00,1,1,1,1.0,1.0,51373,RD 13,M,"48,6547564","4,6613232",51,2019,80.0,1.0,1.0,3.0,2264315,1.0,1,3,1,5.0,,0.0,0,1947.0,B01,138Â 204Â 360,2.0,6.0,-1.0,1728399,1.0,2,,0.0,2.0,1.0,B01,138Â 204Â 360,1.0
1012537,201900054068,7,6,19:00,1,1,1,1.0,1.0,51373,RD 13,M,"48,6547564","4,6613232",51,2019,80.0,1.0,1.0,3.0,2264315,1.0,1,3,1,5.0,,0.0,0,1947.0,B01,138Â 204Â 360,2.0,6.0,-1.0,1728400,1.0,7,,0.0,2.0,2.0,A01,138Â 204Â 362,1.0
1012537,201900054068,7,6,19:00,1,1,1,1.0,1.0,51373,RD 13,M,"48,6547564","4,6613232",51,2019,80.0,1.0,1.0,3.0,2264316,2.0,2,3,2,5.0,,0.0,0,1967.0,B01,138Â 204Â 360,2.0,6.0,-1.0,1728399,1.0,2,,0.0,2.0,1.0,B01,138Â 204Â 360,1.0
1012537,201900054068,7,6,19:00,1,1,1,1.0,1.0,51373,RD 13,M,"48,6547564","4,6613232",51,2019,80.0,1.0,1.0,3.0,2264316,2.0,2,3,2,5.0,,0.0,0,1967.0,B01,138Â 204Â 360,2.0,6.0,-1.0,1728400,1.0,7,,0.0,2.0,2.0,A01,138Â 204Â 362,1.0
1012537,201900054068,7,6,19:00,1,1,1,1.0,1.0,51373,RD 13,M,"48,6547564","4,6613232",51,2019,80.0,1.0,1.0,3.0,2264317,1.0,1,1,2,0.0,,0.0,0,1959.0,A01,138Â 204Â 362,1.0,-1.0,-1.0,1728399,1.0,2,,0.0,2.0,1.0,B01,138Â 204Â 360,1.0
1012537,201900054068,7,6,19:00,1,1,1,1.0,1.0,51373,RD 13,M,"48,6547564","4,6613232",51,2019,80.0,1.0,1.0,3.0,2264317,1.0,1,1,2,0.0,,0.0,0,1959.0,A01,138Â 204Â 362,1.0,-1.0,-1.0,1728400,1.0,7,,0.0,2.0,2.0,A01,138Â 204Â 362,1.0
1012538,201900054069,8,20,06:45,5,2,1,3.0,6.0,82121,19 AOUT 1944 ( AVENUE),M,"44,0225400","1,3617500",82,2019,50.0,1.0,2.0,4.0,2264318,1.0,1,1,1,1.0,,0.0,0,1953.0,A01,138Â 204Â 355,1.0,8.0,-1.0,1728401,1.0,7,,0.0,1.0,1.0,A01,138Â 204Â 355,1.0
1012538,201900054069,8,20,06:45,5,2,1,3.0,6.0,82121,19 AOUT 1944 ( AVENUE),M,"44,0225400","1,3617500",82,2019,50.0,1.0,2.0,4.0,2264319,10.0,3,3,2,1.0,,4.0,3,1965.0,A01,138Â 204Â 355,8.0,0.0,-1.0,1728401,1.0,7,,0.0,1.0,1.0,A01,138Â 204Â 355,1.0
1012539,201900054070,5,8,18:20,1,2,2,2.0,2.0,01004,Avenue de la LibÃ©ration,M,"45,9608430","5,3351900",1,2019,50.0,1.0,2.0,4.0,2264320,1.0,1,1,2,0.0,,0.0,0,1986.0,B01,138Â 204Â 349,1.0,-1.0,-1.0,1728402,0.0,7,,0.0,0.0,4.0,B01,138Â 204Â 349,0.0