Unnamed: 0_x,num_acc,mois,jour,hrmn,lum,agg,int,atm,col,com,adr,gps,lat,long,dep,annee,vma,situ,surf,catr,Unnamed: 0_y,place,catu,grav,sexe,trajet,secu,locp,actp,an_nais,num_veh_x,id_vehicule_x,secu1,secu2,secu3,Unnamed: 0,senc,catv,occutc,obs,obsm,choc,num_veh_y,id_vehicule_y,motor
1012539,201900054070,5,8,18:20,1,2,2,2.0,2.0,01004,Avenue de la LibÃ©ration,M,"45,9608430","5,3351900",1,2019,50.0,1.0,2.0,4.0,2264320,1.0,1,1,2,0.0,,0.0,0,1986.0,B01,138Â 204Â 349,1.0,-1.0,-1.0,1728403,0.0,7,,0.0,2.0,1.0,A01,138Â 204Â 350,0.0
1012539,201900054070,5,8,18:20,1,2,2,2.0,2.0,01004,Avenue de la LibÃ©ration,M,"45,9608430","5,3351900",1,2019,50.0,1.0,2.0,4.0,2264321,1.0,1,4,1,0.0,,0.0,0,1993.0,A01,138Â 204Â 350,1.0,-1.0,-1.0,1728402,0.0,7,,0.0,0.0,4.0,B01,138Â 204Â 349,0.0
1012539,201900054070,5,8,18:20,1,2,2,2.0,2.0,01004,Avenue de la LibÃ©ration,M,"45,9608430","5,3351900",1,2019,50.0,1.0,2.0,4.0,2264321,1.0,1,4,1,0.0,,0.0,0,1993.0,A01,138Â 204Â 350,1.0,-1.0,-1.0,1728403,0.0,7,,0.0,2.0,1.0,A01,138Â 204Â 350,0.0
1012540,201900054071,3,29,22:30,3,1,1,1.0,6.0,72146,Route des MolliÃ¨res,M,"47,8919180","0,1411510",72,2019,70.0,3.0,1.0,4.0,2264322,1.0,1,4,1,5.0,,0.0,0,1988.0,A01,138Â 204Â 348,1.0,-1.0,-1.0,1728404,3.0,7,,6.0,0.0,9.0,A01,138Â 204Â 348,1.0
1012540,201900054071,3,29,22:30,3,1,1,1.0,6.0,72146,Route des MolliÃ¨res,M,"47,8919180","0,1411510",72,2019,70.0,3.0,1.0,4.0,2264323,7.0,2,4,2,5.0,,0.0,0,2003.0,A01,138Â 204Â 348,1.0,-1.0,-1.0,1728404,3.0,7,,6.0,0.0,9.0,A01,138Â 204Â 348,1.0
1012540,201900054071,3,29,22:30,3,1,1,1.0,6.0,72146,Route des MolliÃ¨res,M,"47,8919180","0,1411510",72,2019,70.0,3.0,1.0,4.0,2264324,2.0,2,4,2,5.0,,0.0,0,1997.0,A01,138Â 204Â 348,1.0,-1.0,-1.0,1728404,3.0,7,,6.0,0.0,9.0,A01,138Â 204Â 348,1.0
1012541,201900054072,7,12,14:45,1,1,1,1.0,5.0,80385,Autoroute A28,M,"50,1101040","1,7894030",80,2019,130.0,1.0,1.0,1.0,2264325,1.0,1,1,1,4.0,,0.0,0,1983.0,C01,138Â 204Â 340,1.0,-1.0,-1.0,1728405,2.0,15,,0.0,0.0,5.0,C01,138Â 204Â 340,1.0
1012541,201900054072,7,12,14:45,1,1,1,1.0,5.0,80385,Autoroute A28,M,"50,1101040","1,7894030",80,2019,130.0,1.0,1.0,1.0,2264325,1.0,1,1,1,4.0,,0.0,0,1983.0,C01,138Â 204Â 340,1.0,-1.0,-1.0,1728406,2.0,10,,14.0,2.0,4.0,B01,138Â 204Â 343,1.0
1012541,201900054072,7,12,14:45,1,1,1,1.0,5.0,80385,Autoroute A28,M,"50,1101040","1,7894030",80,2019,130.0,1.0,1.0,1.0,2264325,1.0,1,1,1,4.0,,0.0,0,1983.0,C01,138Â 204Â 340,1.0,-1.0,-1.0,1728407,2.0,7,,0.0,2.0,1.0,A01,138Â 204Â 345,1.0
1012541,201900054072,7,12,14:45,1,1,1,1.0,5.0,80385,Autoroute A28,M,"50,1101040","1,7894030",80,2019,130.0,1.0,1.0,1.0,2264326,1.0,1,4,2,5.0,,0.0,0,1987.0,B01,138Â 204Â 343,1.0,-1.0,-1.0,1728405,2.0,15,,0.0,0.0,5.0,C01,138Â 204Â 340,1.0
1012541,201900054072,7,12,14:45,1,1,1,1.0,5.0,80385,Autoroute A28,M,"50,1101040","1,7894030",80,2019,130.0,1.0,1.0,1.0,2264326,1.0,1,4,2,5.0,,0.0,0,1987.0,B01,138Â 204Â 343,1.0,-1.0,-1.0,1728406,2.0,10,,14.0,2.0,4.0,B01,138Â 204Â 343,1.0
1012541,201900054072,7,12,14:45,1,1,1,1.0,5.0,80385,Autoroute A28,M,"50,1101040","1,7894030",80,2019,130.0,1.0,1.0,1.0,2264326,1.0,1,4,2,5.0,,0.0,0,1987.0,B01,138Â 204Â 343,1.0,-1.0,-1.0,1728407,2.0,7,,0.0,2.0,1.0,A01,138Â 204Â 345,1.0
1012541,201900054072,7,12,14:45,1,1,1,1.0,5.0,80385,Autoroute A28,M,"50,1101040","1,7894030",80,2019,130.0,1.0,1.0,1.0,2264327,1.0,1,1,1,9.0,,0.0,0,1982.0,A01,138Â 204Â 345,1.0,-1.0,-1.0,1728405,2.0,15,,0.0,0.0,5.0,C01,138Â 204Â 340,1.0
1012541,201900054072,7,12,14:45,1,1,1,1.0,5.0,80385,Autoroute A28,M,"50,1101040","1,7894030",80,2019,130.0,1.0,1.0,1.0,2264327,1.0,1,1,1,9.0,,0.0,0,1982.0,A01,138Â 204Â 345,1.0,-1.0,-1.0,1728406,2.0,10,,14.0,2.0,4.0,B01,138Â 204Â 343,1.0
1012541,201900054072,7,12,14:45,1,1,1,1.0,5.0,80385,Autoroute A28,M,"50,1101040","1,7894030",80,2019,130.0,1.0,1.0,1.0,2264327,1.0,1,1,1,9.0,,0.0,0,1982.0,A01,138Â 204Â 345,1.0,-1.0,-1.0,1728407,2.0,7,,0.0,2.0,1.0,A01,138Â 204Â 345,1.0
1012542,201900054073,3,22,09:05,1,1,2,5.0,6.0,72070,la groie,M,"48,0206930"," -0,1052500",72,2019,80.0,1.0,1.0,3.0,2264328,1.0,1,4,2,5.0,,0.0,0,1955.0,B01,138Â 204Â 339,1.0,-1.0,-1.0,1728408,1.0,7,,6.0,2.0,1.0,B01,138Â 204Â 339,1.0
1012542,201900054073,3,22,09:05,1,1,2,5.0,6.0,72070,la groie,M,"48,0206930"," -0,1052500",72,2019,80.0,1.0,1.0,3.0,2264328,1.0,1,4,2,5.0,,0.0,0,1955.0,B01,138Â 204Â 339,1.0,-1.0,-1.0,1728409,2.0,15,,0.0,2.0,2.0,C01,138Â 204Â 342,1.0
1012542,201900054073,3,22,09:05,1,1,2,5.0,6.0,72070,la groie,M,"48,0206930"," -0,1052500",72,2019,80.0,1.0,1.0,3.0,2264328,1.0,1,4,2,5.0,,0.0,0,1955.0,B01,138Â 204Â 339,1.0,-1.0,-1.0,1728410,2.0,7,,6.0,2.0,7.0,A01,138Â 204Â 344,1.0
1012542,201900054073,3,22,09:05,1,1,2,5.0,6.0,72070,la groie,M,"48,0206930"," -0,1052500",72,2019,80.0,1.0,1.0,3.0,2264329,2.0,2,3,1,5.0,,0.0,0,1953.0,B01,138Â 204Â 339,1.0,-1.0,-1.0,1728408,1.0,7,,6.0,2.0,1.0,B01,138Â 204Â 339,1.0
1012542,201900054073,3,22,09:05,1,1,2,5.0,6.0,72070,la groie,M,"48,0206930"," -0,1052500",72,2019,80.0,1.0,1.0,3.0,2264329,2.0,2,3,1,5.0,,0.0,0,1953.0,B01,138Â 204Â 339,1.0,-1.0,-1.0,1728409,2.0,15,,0.0,2.0,2.0,C01,138Â 204Â 342,1.0
1012542,201900054073,3,22,09:05,1,1,2,5.0,6.0,72070,la groie,M,"48,0206930"," -0,1052500",72,2019,80.0,1.0,1.0,3.0,2264329,2.0,2,3,1,5.0,,0.0,0,1953.0,B01,138Â 204Â 339,1.0,-1.0,-1.0,1728410,2.0,7,,6.0,2.0,7.0,A01,138Â 204Â 344,1.0
1012542,201900054073,3,22,09:05,1,1,2,5.0,6.0,72070,la groie,M,"48,0206930"," -0,1052500",72,2019,80.0,1.0,1.0,3.0,2264330,1.0,1,1,1,4.0,,0.0,0,1992.0,C01,138Â 204Â 342,1.0,-1.0,-1.0,1728408,1.0,7,,6.0,2.0,1.0,B01,138Â 204Â 339,1.0
1012542,201900054073,3,22,09:05,1,1,2,5.0,6.0,72070,la groie,M,"48,0206930"," -0,1052500",72,2019,80.0,1.0,1.0,3.0,2264330,1.0,1,1,1,4.0,,0.0,0,1992.0,C01,138Â 204Â 342,1.0,-1.0,-1.0,1728409,2.0,15,,0.0,2.0,2.0,C01,138Â 204Â 342,1.0
1012542,201900054073,3,22,09:05,1,1,2,5.0,6.0,72070,la groie,M,"48,0206930"," -0,1052500",72,2019,80.0,1.0,1.0,3.0,2264330,1.0,1,1,1,4.0,,0.0,0,1992.0,C01,138Â 204Â 342,1.0,-1.0,-1.0,1728410,2.0,7,,6.0,2.0,7.0,A01,138Â 204Â 344,1.0
1012542,201900054073,3,22,09:05,1,1,2,5.0,6.0,72070,la groie,M,"48,0206930"," -0,1052500",72,2019,80.0,1.0,1.0,3.0,2264331,1.0,1,4,1,0.0,,0.0,0,1988.0,A01,138Â 204Â 344,1.0,-1.0,-1.0,1728408,1.0,7,,6.0,2.0,1.0,B01,138Â 204Â 339,1.0
1012542,201900054073,3,22,09:05,1,1,2,5.0,6.0,72070,la groie,M,"48,0206930"," -0,1052500",72,2019,80.0,1.0,1.0,3.0,2264331,1.0,1,4,1,0.0,,0.0,0,1988.0,A01,138Â 204Â 344,1.0,-1.0,-1.0,1728409,2.0,15,,0.0,2.0,2.0,C01,138Â 204Â 342,1.0
1012542,201900054073,3,22,09:05,1,1,2,5.0,6.0,72070,la groie,M,"48,0206930"," -0,1052500",72,2019,80.0,1.0,1.0,3.0,2264331,1.0,1,4,1,0.0,,0.0,0,1988.0,A01,138Â 204Â 344,1.0,-1.0,-1.0,1728410,2.0,7,,6.0,2.0,7.0,A01,138Â 204Â 344,1.0
1012542,201900054073,3,22,09:05,1,1,2,5.0,6.0,72070,la groie,M,"48,0206930"," -0,1052500",72,2019,80.0,1.0,1.0,3.0,2264332,2.0,2,4,2,0.0,,0.0,0,1988.0,A01,138Â 204Â 344,1.0,-1.0,-1.0,1728408,1.0,7,,6.0,2.0,1.0,B01,138Â 204Â 339,1.0
1012542,201900054073,3,22,09:05,1,1,2,5.0,6.0,72070,la groie,M,"48,0206930"," -0,1052500",72,2019,80.0,1.0,1.0,3.0,2264332,2.0,2,4,2,0.0,,0.0,0,1988.0,A01,138Â 204Â 344,1.0,-1.0,-1.0,1728409,2.0,15,,0.0,2.0,2.0,C01,138Â 204Â 342,1.0
1012542,201900054073,3,22,09:05,1,1,2,5.0,6.0,72070,la groie,M,"48,0206930"," -0,1052500",72,2019,80.0,1.0,1.0,3.0,2264332,2.0,2,4,2,0.0,,0.0,0,1988.0,A01,138Â 204Â 344,1.0,-1.0,-1.0,1728410,2.0,7,,6.0,2.0,7.0,A01,138Â 204Â 344,1.0
1012543,201900054074,8,20,10:00,1,2,3,1.0,3.0,97416,LIGNE DES BAMBOUS(ROUTE),M," -21,3032400","55,4946000",974,2019,50.0,1.0,1.0,4.0,2264333,1.0,1,4,1,1.0,,-1.0,0,1956.0,A01,138Â 204Â 337,0.0,8.0,-1.0,1728411,1.0,7,,0.0,6.0,3.0,A01,138Â 204Â 337,1.0
1012543,201900054074,8,20,10:00,1,2,3,1.0,3.0,97416,LIGNE DES BAMBOUS(ROUTE),M," -21,3032400","55,4946000",974,2019,50.0,1.0,1.0,4.0,2264333,1.0,1,4,1,1.0,,-1.0,0,1956.0,A01,138Â 204Â 337,0.0,8.0,-1.0,1728412,1.0,7,,0.0,6.0,3.0,B01,138Â 204Â 338,1.0
1012543,201900054074,8,20,10:00,1,2,3,1.0,3.0,97416,LIGNE DES BAMBOUS(ROUTE),M," -21,3032400","55,4946000",974,2019,50.0,1.0,1.0,4.0,2264334,1.0,1,1,1,9.0,,-1.0, -1,1990.0,B01,138Â 204Â 338,1.0,8.0,-1.0,1728411,1.0,7,,0.0,6.0,3.0,A01,138Â 204Â 337,1.0
1012543,201900054074,8,20,10:00,1,2,3,1.0,3.0,97416,LIGNE DES BAMBOUS(ROUTE),M," -21,3032400","55,4946000",974,2019,50.0,1.0,1.0,4.0,2264334,1.0,1,1,1,9.0,,-1.0, -1,1990.0,B01,138Â 204Â 338,1.0,8.0,-1.0,1728412,1.0,7,,0.0,6.0,3.0,B01,138Â 204Â 338,1.0
1012544,201900054075,3,29,08:30,1,2,9,1.0,1.0,06038,354 chemin du Camp de Tende,M,"43,6610440","6,9743300",6,2019,50.0,1.0,1.0,4.0,2264335,1.0,1,3,1,1.0,,0.0,0,1980.0,B01,138Â 204Â 334,2.0,-1.0,-1.0,1728413,2.0,33,,0.0,2.0,1.0,B01,138Â 204Â 334,0.0
1012544,201900054075,3,29,08:30,1,2,9,1.0,1.0,06038,354 chemin du Camp de Tende,M,"43,6610440","6,9743300",6,2019,50.0,1.0,1.0,4.0,2264335,1.0,1,3,1,1.0,,0.0,0,1980.0,B01,138Â 204Â 334,2.0,-1.0,-1.0,1728414,3.0,7,,0.0,2.0,1.0,A01,138Â 204Â 336,0.0
1012544,201900054075,3,29,08:30,1,2,9,1.0,1.0,06038,354 chemin du Camp de Tende,M,"43,6610440","6,9743300",6,2019,50.0,1.0,1.0,4.0,2264336,1.0,1,1,1,4.0,,0.0,0,1974.0,A01,138Â 204Â 336,1.0,-1.0,-1.0,1728413,2.0,33,,0.0,2.0,1.0,B01,138Â 204Â 334,0.0
1012544,201900054075,3,29,08:30,1,2,9,1.0,1.0,06038,354 chemin du Camp de Tende,M,"43,6610440","6,9743300",6,2019,50.0,1.0,1.0,4.0,2264336,1.0,1,1,1,4.0,,0.0,0,1974.0,A01,138Â 204Â 336,1.0,-1.0,-1.0,1728414,3.0,7,,0.0,2.0,1.0,A01,138Â 204Â 336,0.0
1012545,201900054076,7,13,11:52,1,1,1,1.0,7.0,09253,Cap de la Coste,M,"43,1061270","1,4014120",9,2019,80.0,3.0,1.0,3.0,2264337,1.0,1,3,1,5.0,,0.0,0,1960.0,A01,138Â 204Â 335,2.0,6.0,9.0,1728415,1.0,33,,0.0,0.0,0.0,A01,138Â 204Â 335,1.0
1012546,201900054077,8,16,17:40,1,1,2,1.0,1.0,97416,BOISSY(CHEMIN),M," -21,3407900","55,5083800",974,2019,50.0,1.0,1.0,4.0,2264338,1.0,1,1,1,0.0,,-1.0,0,1957.0,B01,138Â 204Â 332,1.0,8.0,-1.0,1728416,2.0,7,,0.0,2.0,1.0,B01,138Â 204Â 332,1.0
1012546,201900054077,8,16,17:40,1,1,2,1.0,1.0,97416,BOISSY(CHEMIN),M," -21,3407900","55,5083800",974,2019,50.0,1.0,1.0,4.0,2264338,1.0,1,1,1,0.0,,-1.0,0,1957.0,B01,138Â 204Â 332,1.0,8.0,-1.0,1728417,1.0,30,,0.0,2.0,1.0,A01,138Â 204Â 333,1.0
1012546,201900054077,8,16,17:40,1,1,2,1.0,1.0,97416,BOISSY(CHEMIN),M," -21,3407900","55,5083800",974,2019,50.0,1.0,1.0,4.0,2264339,1.0,1,4,1,0.0,,-1.0, -1,2001.0,A01,138Â 204Â 333,2.0,8.0,-1.0,1728416,2.0,7,,0.0,2.0,1.0,B01,138Â 204Â 332,1.0
1012546,201900054077,8,16,17:40,1,1,2,1.0,1.0,97416,BOISSY(CHEMIN),M," -21,3407900","55,5083800",974,2019,50.0,1.0,1.0,4.0,2264339,1.0,1,4,1,0.0,,-1.0, -1,2001.0,A01,138Â 204Â 333,2.0,8.0,-1.0,1728417,1.0,30,,0.0,2.0,1.0,A01,138Â 204Â 333,1.0
1012547,201900054078,3,29,20:35,3,2,3,1.0,3.0,06090,Intersection route de la FÃ©nerie et chemin de Cabrol,M,"43,5890480","6,9275150",6,2019,50.0,6.0,1.0,3.0,2264340,1.0,1,1,1,0.0,,0.0,0,1974.0,B01,138Â 204Â 330,1.0,-1.0,-1.0,1728418,3.0,7,,0.0,0.0,3.0,B01,138Â 204Â 330,6.0
1012547,201900054078,3,29,20:35,3,2,3,1.0,3.0,06090,Intersection route de la FÃ©nerie et chemin de Cabrol,M,"43,5890480","6,9275150",6,2019,50.0,6.0,1.0,3.0,2264340,1.0,1,1,1,0.0,,0.0,0,1974.0,B01,138Â 204Â 330,1.0,-1.0,-1.0,1728419,3.0,33,,0.0,2.0,7.0,A01,138Â 204Â 331,6.0
1012547,201900054078,3,29,20:35,3,2,3,1.0,3.0,06090,Intersection route de la FÃ©nerie et chemin de Cabrol,M,"43,5890480","6,9275150",6,2019,50.0,6.0,1.0,3.0,2264341,1.0,1,2,1,0.0,,0.0,0,1969.0,A01,138Â 204Â 331,2.0,6.0,-1.0,1728418,3.0,7,,0.0,0.0,3.0,B01,138Â 204Â 330,6.0
1012547,201900054078,3,29,20:35,3,2,3,1.0,3.0,06090,Intersection route de la FÃ©nerie et chemin de Cabrol,M,"43,5890480","6,9275150",6,2019,50.0,6.0,1.0,3.0,2264341,1.0,1,2,1,0.0,,0.0,0,1969.0,A01,138Â 204Â 331,2.0,6.0,-1.0,1728419,3.0,33,,0.0,2.0,7.0,A01,138Â 204Â 331,6.0
1012548,201900054079,8,20,16:50,1,2,1,3.0,7.0,69276,BARTON (DE)                             ,M,"45,6651400","4,8536300",69,2019,50.0,1.0,2.0,4.0,2264342,1.0,1,4,2,0.0,,-1.0, -1,1958.0,A01,138Â 204Â 329,1.0,0.0,-1.0,1728420,3.0,7,,15.0,0.0,1.0,A01,138Â 204Â 329,0.0
1012548,201900054079,8,20,16:50,1,2,1,3.0,7.0,69276,BARTON (DE)                             ,M,"45,6651400","4,8536300",69,2019,50.0,1.0,2.0,4.0,2264343,3.0,2,4,1,0.0,,-1.0,0,2008.0,A01,138Â 204Â 329,1.0,0.0,-1.0,1728420,3.0,7,,15.0,0.0,1.0,A01,138Â 204Â 329,0.0
1012548,201900054079,8,20,16:50,1,2,1,3.0,7.0,69276,BARTON (DE)                             ,M,"45,6651400","4,8536300",69,2019,50.0,1.0,2.0,4.0,2264344,4.0,2,4,1,0.0,,-1.0,0,2012.0,A01,138Â 204Â 329,1.0,0.0,-1.0,1728420,3.0,7,,15.0,0.0,1.0,A01,138Â 204Â 329,0.0
1012549,201900054080,7,14,09:20,3,1,1,1.0,1.0,09181,route de la grotte D119,M,"43,0680490","1,3543330",9,2019,80.0,1.0,2.0,3.0,2264345,1.0,1,1,1,0.0,,0.0,0,1965.0,A01,138Â 204Â 327,8.0,-1.0,-1.0,1728421,1.0,7,,0.0,2.0,1.0,A01,138Â 204Â 327,1.0
1012549,201900054080,7,14,09:20,3,1,1,1.0,1.0,09181,route de la grotte D119,M,"43,0680490","1,3543330",9,2019,80.0,1.0,2.0,3.0,2264345,1.0,1,1,1,0.0,,0.0,0,1965.0,A01,138Â 204Â 327,8.0,-1.0,-1.0,1728422,2.0,1,,0.0,2.0,1.0,B01,138Â 204Â 328,5.0
1012549,201900054080,7,14,09:20,3,1,1,1.0,1.0,09181,route de la grotte D119,M,"43,0680490","1,3543330",9,2019,80.0,1.0,2.0,3.0,2264346,1.0,1,3,1,5.0,,0.0,0,1991.0,B01,138Â 204Â 328,2.0,6.0,-1.0,1728421,1.0,7,,0.0,2.0,1.0,A01,138Â 204Â 327,1.0
1012549,201900054080,7,14,09:20,3,1,1,1.0,1.0,09181,route de la grotte D119,M,"43,0680490","1,3543330",9,2019,80.0,1.0,2.0,3.0,2264346,1.0,1,3,1,5.0,,0.0,0,1991.0,B01,138Â 204Â 328,2.0,6.0,-1.0,1728422,2.0,1,,0.0,2.0,1.0,B01,138Â 204Â 328,5.0
1012550,201900054081,3,28,16:55,1,1,1,1.0,7.0,83032,RD562,M,"43,4660430","6,1445270",83,2019,80.0,1.0,1.0,3.0,2264347,1.0,1,3,2,4.0,,0.0,0,1978.0,A01,138Â 204Â 326,1.0,-1.0,-1.0,1728423,2.0,7,,0.0,0.0,0.0,A01,138Â 204Â 326,1.0
1012551,201900054082,8,20,15:40,1,2,2,3.0,6.0,69383,PIERRE CORNEILLE                    (R ),M,"45,7586400","4,8448000",69,2019,50.0,1.0,2.0,4.0,2264348,10.0,3,4,1,5.0,,3.0,3,1954.0,A01,138Â 204Â 325,8.0,0.0,-1.0,1728424,2.0,7,,0.0,1.0,3.0,A01,138Â 204Â 325,1.0
1012551,201900054082,8,20,15:40,1,2,2,3.0,6.0,69383,PIERRE CORNEILLE                    (R ),M,"45,7586400","4,8448000",69,2019,50.0,1.0,2.0,4.0,2264349,1.0,1,1,1,0.0,,-1.0, -1,1981.0,A01,138Â 204Â 325,1.0,0.0,-1.0,1728424,2.0,7,,0.0,1.0,3.0,A01,138Â 204Â 325,1.0
1012552,201900054083,3,29,19:40,3,1,1,1.0,6.0,83012,,M,"43,5771990","6,0163390",83,2019,80.0,3.0,1.0,3.0,2264350,1.0,1,3,1,0.0,,0.0,0,1988.0,A01,138Â 204Â 324,2.0,-1.0,-1.0,1728425,2.0,33,,2.0,0.0,1.0,A01,138Â 204Â 324,1.0
1012553,201900054084,7,14,13:00,1,1,1,1.0,7.0,22177,Le Plessix,M,"48,6327600"," -2,9544280",22,2019,70.0,4.0,1.0,3.0,2264351,2.0,2,4,1,5.0,,0.0,0,1981.0,A01,138Â 204Â 323,1.0,-1.0,-1.0,1728426,2.0,7,,6.0,0.0,1.0,A01,138Â 204Â 323,2.0
1012553,201900054084,7,14,13:00,1,1,1,1.0,7.0,22177,Le Plessix,M,"48,6327600"," -2,9544280",22,2019,70.0,4.0,1.0,3.0,2264352,1.0,1,2,1,5.0,,0.0,0,1987.0,A01,138Â 204Â 323,1.0,-1.0,-1.0,1728426,2.0,7,,6.0,0.0,1.0,A01,138Â 204Â 323,2.0
1012553,201900054084,7,14,13:00,1,1,1,1.0,7.0,22177,Le Plessix,M,"48,6327600"," -2,9544280",22,2019,70.0,4.0,1.0,3.0,2264353,7.0,2,2,1,5.0,,0.0,0,1993.0,A01,138Â 204Â 323,1.0,-1.0,-1.0,1728426,2.0,7,,6.0,0.0,1.0,A01,138Â 204Â 323,2.0
1012554,201900054085,8,20,12:35,1,1,9,3.0,7.0,69259,URBAIN EST                              ,M,"45,6878300","4,8867800",69,2019,50.0,1.0,2.0,7.0,2264354,1.0,1,4,1,0.0,,-1.0, -1,2001.0,A01,138Â 204Â 322,2.0,8.0,-1.0,1728427,3.0,31,,0.0,0.0,7.0,A01,138Â 204Â 322,0.0
1012555,201900054086,3,30,15:25,1,2,1,1.0,6.0,60105,55 rue saint hubert,M,"49,5686226","3,1138247",60,2019,50.0,1.0,1.0,3.0,2264355,1.0,1,1,1,5.0,,0.0,0,1997.0,A01,138Â 204Â 320,8.0,-1.0,-1.0,1728428,0.0,7,,0.0,1.0,1.0,A01,138Â 204Â 320,1.0
1012555,201900054086,3,30,15:25,1,2,1,1.0,6.0,60105,55 rue saint hubert,M,"49,5686226","3,1138247",60,2019,50.0,1.0,1.0,3.0,2264356,10.0,3,3,1,5.0,,1.0,5,2006.0,A01,138Â 204Â 320,0.0,-1.0,-1.0,1728428,0.0,7,,0.0,1.0,1.0,A01,138Â 204Â 320,1.0
1012556,201900054087,7,12,18:46,2,1,1,1.0,1.0,22237,la rougeraie,M,"48,5212310"," -2,2835740",22,2019,80.0,1.0,1.0,4.0,2264357,1.0,1,1,1,5.0,,0.0,0,1938.0,A01,138Â 204Â 319,1.0,-1.0,-1.0,1728429,3.0,7,,0.0,2.0,3.0,A01,138Â 204Â 319,2.0
1012556,201900054087,7,12,18:46,2,1,1,1.0,1.0,22237,la rougeraie,M,"48,5212310"," -2,2835740",22,2019,80.0,1.0,1.0,4.0,2264357,1.0,1,1,1,5.0,,0.0,0,1938.0,A01,138Â 204Â 319,1.0,-1.0,-1.0,1728430,3.0,2,,0.0,2.0,3.0,B01,138Â 204Â 321,1.0
1012556,201900054087,7,12,18:46,2,1,1,1.0,1.0,22237,la rougeraie,M,"48,5212310"," -2,2835740",22,2019,80.0,1.0,1.0,4.0,2264358,1.0,1,4,1,1.0,,0.0,0,2003.0,B01,138Â 204Â 321,2.0,6.0,-1.0,1728429,3.0,7,,0.0,2.0,3.0,A01,138Â 204Â 319,2.0
1012556,201900054087,7,12,18:46,2,1,1,1.0,1.0,22237,la rougeraie,M,"48,5212310"," -2,2835740",22,2019,80.0,1.0,1.0,4.0,2264358,1.0,1,4,1,1.0,,0.0,0,2003.0,B01,138Â 204Â 321,2.0,6.0,-1.0,1728430,3.0,2,,0.0,2.0,3.0,B01,138Â 204Â 321,1.0
1012557,201900054088,8,20,06:00,3,2,2,2.0,6.0,69388,JEAN MERMOZ                         (AV),M,"45,7305000","4,8875100",69,2019,50.0,1.0,2.0,4.0,2264359,1.0,1,1,2,1.0,,-1.0,0,1996.0,A01,138Â 204Â 318,1.0,0.0,-1.0,1728431,3.0,7,,0.0,1.0,7.0,A01,138Â 204Â 318,1.0
1012557,201900054088,8,20,06:00,3,2,2,2.0,6.0,69388,JEAN MERMOZ                         (AV),M,"45,7305000","4,8875100",69,2019,50.0,1.0,2.0,4.0,2264360,10.0,3,4,2,0.0,,4.0,3,2001.0,A01,138Â 204Â 318,8.0,0.0,-1.0,1728431,3.0,7,,0.0,1.0,7.0,A01,138Â 204Â 318,1.0
1012558,201900054089,3,31,01:50,5,2,1,1.0,7.0,60044,Rue du GÃ©nÃ©ral de Gaulle,M,"49,2915810","2,3395220",60,2019,50.0,4.0,1.0,3.0,2264361,1.0,1,4,1,5.0,,0.0,0,2000.0,A01,138Â 204Â 317,1.0,-1.0,-1.0,1728432,0.0,7,,9.0,0.0,3.0,A01,138Â 204Â 317,1.0
1012559,201900054090,7,12,18:45,1,1,1,1.0,2.0,11418,A61,M,"43,2396010","2,0866780",11,2019,130.0,1.0,1.0,1.0,2264362,9.0,2,1,1,5.0,,0.0,0,1999.0,A01,138Â 204Â 314,1.0,-1.0,-1.0,1728433,1.0,7,,0.0,0.0,6.0,A01,138Â 204Â 314,1.0
1012559,201900054090,7,12,18:45,1,1,1,1.0,2.0,11418,A61,M,"43,2396010","2,0866780",11,2019,130.0,1.0,1.0,1.0,2264362,9.0,2,1,1,5.0,,0.0,0,1999.0,A01,138Â 204Â 314,1.0,-1.0,-1.0,1728434,1.0,33,,0.0,2.0,1.0,B01,138Â 204Â 316,1.0
1012559,201900054090,7,12,18:45,1,1,1,1.0,2.0,11418,A61,M,"43,2396010","2,0866780",11,2019,130.0,1.0,1.0,1.0,2264363,1.0,1,1,1,5.0,,0.0,0,1984.0,A01,138Â 204Â 314,1.0,-1.0,-1.0,1728433,1.0,7,,0.0,0.0,6.0,A01,138Â 204Â 314,1.0
1012559,201900054090,7,12,18:45,1,1,1,1.0,2.0,11418,A61,M,"43,2396010","2,0866780",11,2019,130.0,1.0,1.0,1.0,2264363,1.0,1,1,1,5.0,,0.0,0,1984.0,A01,138Â 204Â 314,1.0,-1.0,-1.0,1728434,1.0,33,,0.0,2.0,1.0,B01,138Â 204Â 316,1.0
1012559,201900054090,7,12,18:45,1,1,1,1.0,2.0,11418,A61,M,"43,2396010","2,0866780",11,2019,130.0,1.0,1.0,1.0,2264364,2.0,2,1,2,5.0,,0.0,0,1983.0,A01,138Â 204Â 314,1.0,-1.0,-1.0,1728433,1.0,7,,0.0,0.0,6.0,A01,138Â 204Â 314,1.0