Unnamed: 0_x,num_acc,mois,jour,hrmn,lum,agg,int,atm,col,com,adr,gps,lat,long,dep,annee,vma,situ,surf,catr,Unnamed: 0_y,place,catu,grav,sexe,trajet,secu,locp,actp,an_nais,num_veh_x,id_vehicule_x,secu1,secu2,secu3,Unnamed: 0,senc,catv,occutc,obs,obsm,choc,num_veh_y,id_vehicule_y,motor
1012559,201900054090,7,12,18:45,1,1,1,1.0,2.0,11418,A61,M,"43,2396010","2,0866780",11,2019,130.0,1.0,1.0,1.0,2264364,2.0,2,1,2,5.0,,0.0,0,1983.0,A01,138Â 204Â 314,1.0,-1.0,-1.0,1728434,1.0,33,,0.0,2.0,1.0,B01,138Â 204Â 316,1.0
1012559,201900054090,7,12,18:45,1,1,1,1.0,2.0,11418,A61,M,"43,2396010","2,0866780",11,2019,130.0,1.0,1.0,1.0,2264365,1.0,1,3,1,5.0,,0.0,0,1983.0,B01,138Â 204Â 316,2.0,-1.0,-1.0,1728433,1.0,7,,0.0,0.0,6.0,A01,138Â 204Â 314,1.0
1012559,201900054090,7,12,18:45,1,1,1,1.0,2.0,11418,A61,M,"43,2396010","2,0866780",11,2019,130.0,1.0,1.0,1.0,2264365,1.0,1,3,1,5.0,,0.0,0,1983.0,B01,138Â 204Â 316,2.0,-1.0,-1.0,1728434,1.0,33,,0.0,2.0,1.0,B01,138Â 204Â 316,1.0
1012560,201900054091,8,20,06:50,1,1,1,1.0,5.0,97209,AUTOROUTE (A1),M,"14,6182400"," -61,0355300",972,2019,80.0,1.0,1.0,1.0,2264366,1.0,1,4,1,1.0,,-1.0,0,1974.0,A01,138Â 204Â 310,1.0,0.0,-1.0,1728435,2.0,7,,0.0,2.0,0.0,A01,138Â 204Â 310,1.0
1012560,201900054091,8,20,06:50,1,1,1,1.0,5.0,97209,AUTOROUTE (A1),M,"14,6182400"," -61,0355300",972,2019,80.0,1.0,1.0,1.0,2264366,1.0,1,4,1,1.0,,-1.0,0,1974.0,A01,138Â 204Â 310,1.0,0.0,-1.0,1728436,2.0,7,,0.0,2.0,4.0,C01,138Â 204Â 312,1.0
1012560,201900054091,8,20,06:50,1,1,1,1.0,5.0,97209,AUTOROUTE (A1),M,"14,6182400"," -61,0355300",972,2019,80.0,1.0,1.0,1.0,2264366,1.0,1,4,1,1.0,,-1.0,0,1974.0,A01,138Â 204Â 310,1.0,0.0,-1.0,1728437,2.0,7,,0.0,2.0,4.0,B01,138Â 204Â 315,1.0
1012560,201900054091,8,20,06:50,1,1,1,1.0,5.0,97209,AUTOROUTE (A1),M,"14,6182400"," -61,0355300",972,2019,80.0,1.0,1.0,1.0,2264367,4.0,2,4,2,0.0,,-1.0,0,2012.0,C01,138Â 204Â 312,1.0,0.0,-1.0,1728435,2.0,7,,0.0,2.0,0.0,A01,138Â 204Â 310,1.0
1012560,201900054091,8,20,06:50,1,1,1,1.0,5.0,97209,AUTOROUTE (A1),M,"14,6182400"," -61,0355300",972,2019,80.0,1.0,1.0,1.0,2264367,4.0,2,4,2,0.0,,-1.0,0,2012.0,C01,138Â 204Â 312,1.0,0.0,-1.0,1728436,2.0,7,,0.0,2.0,4.0,C01,138Â 204Â 312,1.0
1012560,201900054091,8,20,06:50,1,1,1,1.0,5.0,97209,AUTOROUTE (A1),M,"14,6182400"," -61,0355300",972,2019,80.0,1.0,1.0,1.0,2264367,4.0,2,4,2,0.0,,-1.0,0,2012.0,C01,138Â 204Â 312,1.0,0.0,-1.0,1728437,2.0,7,,0.0,2.0,4.0,B01,138Â 204Â 315,1.0
1012560,201900054091,8,20,06:50,1,1,1,1.0,5.0,97209,AUTOROUTE (A1),M,"14,6182400"," -61,0355300",972,2019,80.0,1.0,1.0,1.0,2264368,2.0,2,4,1,0.0,,-1.0,0,1977.0,C01,138Â 204Â 312,1.0,0.0,-1.0,1728435,2.0,7,,0.0,2.0,0.0,A01,138Â 204Â 310,1.0
1012560,201900054091,8,20,06:50,1,1,1,1.0,5.0,97209,AUTOROUTE (A1),M,"14,6182400"," -61,0355300",972,2019,80.0,1.0,1.0,1.0,2264368,2.0,2,4,1,0.0,,-1.0,0,1977.0,C01,138Â 204Â 312,1.0,0.0,-1.0,1728436,2.0,7,,0.0,2.0,4.0,C01,138Â 204Â 312,1.0
1012560,201900054091,8,20,06:50,1,1,1,1.0,5.0,97209,AUTOROUTE (A1),M,"14,6182400"," -61,0355300",972,2019,80.0,1.0,1.0,1.0,2264368,2.0,2,4,1,0.0,,-1.0,0,1977.0,C01,138Â 204Â 312,1.0,0.0,-1.0,1728437,2.0,7,,0.0,2.0,4.0,B01,138Â 204Â 315,1.0
1012560,201900054091,8,20,06:50,1,1,1,1.0,5.0,97209,AUTOROUTE (A1),M,"14,6182400"," -61,0355300",972,2019,80.0,1.0,1.0,1.0,2264369,1.0,1,4,2,1.0,,-1.0,0,1989.0,C01,138Â 204Â 312,1.0,0.0,-1.0,1728435,2.0,7,,0.0,2.0,0.0,A01,138Â 204Â 310,1.0
1012560,201900054091,8,20,06:50,1,1,1,1.0,5.0,97209,AUTOROUTE (A1),M,"14,6182400"," -61,0355300",972,2019,80.0,1.0,1.0,1.0,2264369,1.0,1,4,2,1.0,,-1.0,0,1989.0,C01,138Â 204Â 312,1.0,0.0,-1.0,1728436,2.0,7,,0.0,2.0,4.0,C01,138Â 204Â 312,1.0
1012560,201900054091,8,20,06:50,1,1,1,1.0,5.0,97209,AUTOROUTE (A1),M,"14,6182400"," -61,0355300",972,2019,80.0,1.0,1.0,1.0,2264369,1.0,1,4,2,1.0,,-1.0,0,1989.0,C01,138Â 204Â 312,1.0,0.0,-1.0,1728437,2.0,7,,0.0,2.0,4.0,B01,138Â 204Â 315,1.0
1012560,201900054091,8,20,06:50,1,1,1,1.0,5.0,97209,AUTOROUTE (A1),M,"14,6182400"," -61,0355300",972,2019,80.0,1.0,1.0,1.0,2264370,1.0,1,4,1,1.0,,-1.0,0,1981.0,B01,138Â 204Â 315,1.0,0.0,-1.0,1728435,2.0,7,,0.0,2.0,0.0,A01,138Â 204Â 310,1.0
1012560,201900054091,8,20,06:50,1,1,1,1.0,5.0,97209,AUTOROUTE (A1),M,"14,6182400"," -61,0355300",972,2019,80.0,1.0,1.0,1.0,2264370,1.0,1,4,1,1.0,,-1.0,0,1981.0,B01,138Â 204Â 315,1.0,0.0,-1.0,1728436,2.0,7,,0.0,2.0,4.0,C01,138Â 204Â 312,1.0
1012560,201900054091,8,20,06:50,1,1,1,1.0,5.0,97209,AUTOROUTE (A1),M,"14,6182400"," -61,0355300",972,2019,80.0,1.0,1.0,1.0,2264370,1.0,1,4,1,1.0,,-1.0,0,1981.0,B01,138Â 204Â 315,1.0,0.0,-1.0,1728437,2.0,7,,0.0,2.0,4.0,B01,138Â 204Â 315,1.0
1012561,201900054092,3,28,17:00,1,2,3,1.0,5.0,60626,26 Rue de Dieppe,M,"49,3886600","1,7357910",60,2019,50.0,1.0,1.0,3.0,2264371,1.0,1,1,2,2.0,,0.0,0,1972.0,C01,138Â 204Â 309,1.0,-1.0,-1.0,1728438,0.0,7,,0.0,2.0,3.0,C01,138Â 204Â 309,1.0
1012561,201900054092,3,28,17:00,1,2,3,1.0,5.0,60626,26 Rue de Dieppe,M,"49,3886600","1,7357910",60,2019,50.0,1.0,1.0,3.0,2264371,1.0,1,1,2,2.0,,0.0,0,1972.0,C01,138Â 204Â 309,1.0,-1.0,-1.0,1728439,1.0,7,,0.0,2.0,7.0,B01,138Â 204Â 311,1.0
1012561,201900054092,3,28,17:00,1,2,3,1.0,5.0,60626,26 Rue de Dieppe,M,"49,3886600","1,7357910",60,2019,50.0,1.0,1.0,3.0,2264371,1.0,1,1,2,2.0,,0.0,0,1972.0,C01,138Â 204Â 309,1.0,-1.0,-1.0,1728440,1.0,7,,0.0,0.0,1.0,A01,138Â 204Â 313,1.0
1012561,201900054092,3,28,17:00,1,2,3,1.0,5.0,60626,26 Rue de Dieppe,M,"49,3886600","1,7357910",60,2019,50.0,1.0,1.0,3.0,2264372,1.0,1,4,2,2.0,,0.0,0,1984.0,B01,138Â 204Â 311,1.0,-1.0,-1.0,1728438,0.0,7,,0.0,2.0,3.0,C01,138Â 204Â 309,1.0
1012561,201900054092,3,28,17:00,1,2,3,1.0,5.0,60626,26 Rue de Dieppe,M,"49,3886600","1,7357910",60,2019,50.0,1.0,1.0,3.0,2264372,1.0,1,4,2,2.0,,0.0,0,1984.0,B01,138Â 204Â 311,1.0,-1.0,-1.0,1728439,1.0,7,,0.0,2.0,7.0,B01,138Â 204Â 311,1.0
1012561,201900054092,3,28,17:00,1,2,3,1.0,5.0,60626,26 Rue de Dieppe,M,"49,3886600","1,7357910",60,2019,50.0,1.0,1.0,3.0,2264372,1.0,1,4,2,2.0,,0.0,0,1984.0,B01,138Â 204Â 311,1.0,-1.0,-1.0,1728440,1.0,7,,0.0,0.0,1.0,A01,138Â 204Â 313,1.0
1012561,201900054092,3,28,17:00,1,2,3,1.0,5.0,60626,26 Rue de Dieppe,M,"49,3886600","1,7357910",60,2019,50.0,1.0,1.0,3.0,2264373,1.0,1,4,2,2.0,,0.0,0,1996.0,A01,138Â 204Â 313,1.0,-1.0,-1.0,1728438,0.0,7,,0.0,2.0,3.0,C01,138Â 204Â 309,1.0
1012561,201900054092,3,28,17:00,1,2,3,1.0,5.0,60626,26 Rue de Dieppe,M,"49,3886600","1,7357910",60,2019,50.0,1.0,1.0,3.0,2264373,1.0,1,4,2,2.0,,0.0,0,1996.0,A01,138Â 204Â 313,1.0,-1.0,-1.0,1728439,1.0,7,,0.0,2.0,7.0,B01,138Â 204Â 311,1.0
1012561,201900054092,3,28,17:00,1,2,3,1.0,5.0,60626,26 Rue de Dieppe,M,"49,3886600","1,7357910",60,2019,50.0,1.0,1.0,3.0,2264373,1.0,1,4,2,2.0,,0.0,0,1996.0,A01,138Â 204Â 313,1.0,-1.0,-1.0,1728440,1.0,7,,0.0,0.0,1.0,A01,138Â 204Â 313,1.0
1012562,201900054093,7,11,10:44,1,1,1,1.0,7.0,49220,RD135,M,"47,7038900"," -0,3522930",49,2019,80.0,3.0,1.0,3.0,2264374,7.0,2,4,2,5.0,,0.0,0,1950.0,A01,138Â 204Â 308,1.0,-1.0,-1.0,1728441,2.0,7,,0.0,0.0,8.0,A01,138Â 204Â 308,1.0
1012562,201900054093,7,11,10:44,1,1,1,1.0,7.0,49220,RD135,M,"47,7038900"," -0,3522930",49,2019,80.0,3.0,1.0,3.0,2264375,1.0,1,1,2,5.0,,0.0,0,1947.0,A01,138Â 204Â 308,1.0,-1.0,-1.0,1728441,2.0,7,,0.0,0.0,8.0,A01,138Â 204Â 308,1.0
1012563,201900054094,8,20,16:15,1,2,2,2.0,3.0,69382,DENUZIERE                           (R ),M,"45,7445800","4,8195300",69,2019,50.0,1.0,2.0,4.0,2264376,1.0,1,4,2,5.0,,-1.0,0,1968.0,A01,138Â 204Â 306,1.0,0.0,-1.0,1728442,2.0,7,,0.0,2.0,1.0,A01,138Â 204Â 306,1.0
1012563,201900054094,8,20,16:15,1,2,2,2.0,3.0,69382,DENUZIERE                           (R ),M,"45,7445800","4,8195300",69,2019,50.0,1.0,2.0,4.0,2264376,1.0,1,4,2,5.0,,-1.0,0,1968.0,A01,138Â 204Â 306,1.0,0.0,-1.0,1728443,1.0,7,,0.0,2.0,8.0,B01,138Â 204Â 307,1.0
1012563,201900054094,8,20,16:15,1,2,2,2.0,3.0,69382,DENUZIERE                           (R ),M,"45,7445800","4,8195300",69,2019,50.0,1.0,2.0,4.0,2264377,1.0,1,4,1,5.0,,-1.0,0,1998.0,B01,138Â 204Â 307,1.0,0.0,-1.0,1728442,2.0,7,,0.0,2.0,1.0,A01,138Â 204Â 306,1.0
1012563,201900054094,8,20,16:15,1,2,2,2.0,3.0,69382,DENUZIERE                           (R ),M,"45,7445800","4,8195300",69,2019,50.0,1.0,2.0,4.0,2264377,1.0,1,4,1,5.0,,-1.0,0,1998.0,B01,138Â 204Â 307,1.0,0.0,-1.0,1728443,1.0,7,,0.0,2.0,8.0,B01,138Â 204Â 307,1.0
1012564,201900054095,3,31,18:00,1,1,1,1.0,6.0,45245,RD 122 PK 09 + 900,M,"47,6931237","2,7557818",45,2019,80.0,3.0,1.0,3.0,2264378,1.0,1,2,1,5.0,,0.0,0,2001.0,A01,138Â 204Â 305,1.0,-1.0,-1.0,1728444,1.0,7,,2.0,0.0,8.0,A01,138Â 204Â 305,1.0
1012564,201900054095,3,31,18:00,1,1,1,1.0,6.0,45245,RD 122 PK 09 + 900,M,"47,6931237","2,7557818",45,2019,80.0,3.0,1.0,3.0,2264379,2.0,2,4,1,5.0,,0.0,0,2002.0,A01,138Â 204Â 305,1.0,-1.0,-1.0,1728444,1.0,7,,2.0,0.0,8.0,A01,138Â 204Â 305,1.0
1012564,201900054095,3,31,18:00,1,1,1,1.0,6.0,45245,RD 122 PK 09 + 900,M,"47,6931237","2,7557818",45,2019,80.0,3.0,1.0,3.0,2264380,7.0,2,3,2,5.0,,0.0,0,2002.0,A01,138Â 204Â 305,1.0,-1.0,-1.0,1728444,1.0,7,,2.0,0.0,8.0,A01,138Â 204Â 305,1.0
1012565,201900054096,7,10,23:45,3,1,1,1.0,6.0,17310,18 Route de Saint-Seurin d'Uzet,M,"45,5917890"," -0,7578440",17,2019,80.0,1.0,1.0,3.0,2264381,9.0,2,1,2,5.0,,0.0,0,2002.0,A01,138Â 204Â 304,1.0,-1.0,-1.0,1728445,1.0,7,,8.0,0.0,1.0,A01,138Â 204Â 304,1.0
1012565,201900054096,7,10,23:45,3,1,1,1.0,6.0,17310,18 Route de Saint-Seurin d'Uzet,M,"45,5917890"," -0,7578440",17,2019,80.0,1.0,1.0,3.0,2264382,1.0,1,3,2,5.0,,0.0,0,1998.0,A01,138Â 204Â 304,1.0,-1.0,-1.0,1728445,1.0,7,,8.0,0.0,1.0,A01,138Â 204Â 304,1.0
1012565,201900054096,7,10,23:45,3,1,1,1.0,6.0,17310,18 Route de Saint-Seurin d'Uzet,M,"45,5917890"," -0,7578440",17,2019,80.0,1.0,1.0,3.0,2264383,2.0,2,1,1,5.0,,0.0,0,2002.0,A01,138Â 204Â 304,1.0,-1.0,-1.0,1728445,1.0,7,,8.0,0.0,1.0,A01,138Â 204Â 304,1.0
1012565,201900054096,7,10,23:45,3,1,1,1.0,6.0,17310,18 Route de Saint-Seurin d'Uzet,M,"45,5917890"," -0,7578440",17,2019,80.0,1.0,1.0,3.0,2264384,7.0,2,1,1,5.0,,0.0,0,2001.0,A01,138Â 204Â 304,1.0,-1.0,-1.0,1728445,1.0,7,,8.0,0.0,1.0,A01,138Â 204Â 304,1.0
1012566,201900054097,7,12,18:25,1,1,1,1.0,6.0,81109,D83,M,"43,6794286","2,1542868",81,2019,80.0,3.0,1.0,3.0,2264385,1.0,1,2,1,5.0,,0.0,0,1934.0,A01,138Â 204Â 302,1.0,-1.0,-1.0,1728446,2.0,7,,6.0,0.0,1.0,A01,138Â 204Â 302,1.0
1012567,201900054098,3,30,20:30,3,1,1,1.0,1.0,45046,D 955,M,"47,9768940","1,7636340",45,2019,70.0,1.0,1.0,3.0,2264386,1.0,1,3,1,5.0,,0.0,0,1986.0,A01,138Â 204Â 300,1.0,-1.0,-1.0,1728447,2.0,7,,0.0,2.0,3.0,A01,138Â 204Â 300,1.0
1012567,201900054098,3,30,20:30,3,1,1,1.0,1.0,45046,D 955,M,"47,9768940","1,7636340",45,2019,70.0,1.0,1.0,3.0,2264386,1.0,1,3,1,5.0,,0.0,0,1986.0,A01,138Â 204Â 300,1.0,-1.0,-1.0,1728448,1.0,7,,0.0,2.0,3.0,B01,138Â 204Â 303,1.0
1012567,201900054098,3,30,20:30,3,1,1,1.0,1.0,45046,D 955,M,"47,9768940","1,7636340",45,2019,70.0,1.0,1.0,3.0,2264387,2.0,2,2,1,5.0,,0.0,0,1946.0,B01,138Â 204Â 303,1.0,-1.0,-1.0,1728447,2.0,7,,0.0,2.0,3.0,A01,138Â 204Â 300,1.0
1012567,201900054098,3,30,20:30,3,1,1,1.0,1.0,45046,D 955,M,"47,9768940","1,7636340",45,2019,70.0,1.0,1.0,3.0,2264387,2.0,2,2,1,5.0,,0.0,0,1946.0,B01,138Â 204Â 303,1.0,-1.0,-1.0,1728448,1.0,7,,0.0,2.0,3.0,B01,138Â 204Â 303,1.0
1012567,201900054098,3,30,20:30,3,1,1,1.0,1.0,45046,D 955,M,"47,9768940","1,7636340",45,2019,70.0,1.0,1.0,3.0,2264388,1.0,1,3,2,5.0,,0.0,0,1950.0,B01,138Â 204Â 303,1.0,-1.0,-1.0,1728447,2.0,7,,0.0,2.0,3.0,A01,138Â 204Â 300,1.0
1012567,201900054098,3,30,20:30,3,1,1,1.0,1.0,45046,D 955,M,"47,9768940","1,7636340",45,2019,70.0,1.0,1.0,3.0,2264388,1.0,1,3,2,5.0,,0.0,0,1950.0,B01,138Â 204Â 303,1.0,-1.0,-1.0,1728448,1.0,7,,0.0,2.0,3.0,B01,138Â 204Â 303,1.0
1012568,201900054099,8,19,15:18,1,2,2,1.0,3.0,69389,CHAMPAGNE (DE)                      (AV),M,"45,7898100","4,7974700",69,2019,50.0,1.0,1.0,4.0,2264389,1.0,1,4,2,5.0,,-1.0,0,1965.0,A01,138Â 204Â 299,1.0,0.0,-1.0,1728449,2.0,7,,0.0,2.0,2.0,A01,138Â 204Â 299,3.0
1012568,201900054099,8,19,15:18,1,2,2,1.0,3.0,69389,CHAMPAGNE (DE)                      (AV),M,"45,7898100","4,7974700",69,2019,50.0,1.0,1.0,4.0,2264389,1.0,1,4,2,5.0,,-1.0,0,1965.0,A01,138Â 204Â 299,1.0,0.0,-1.0,1728450,1.0,37,2.0,0.0,2.0,1.0,B01,138Â 204Â 301,1.0
1012568,201900054099,8,19,15:18,1,2,2,1.0,3.0,69389,CHAMPAGNE (DE)                      (AV),M,"45,7898100","4,7974700",69,2019,50.0,1.0,1.0,4.0,2264390,7.0,2,1,1,5.0,,-1.0,0,2002.0,B01,138Â 204Â 301,1.0,0.0,-1.0,1728449,2.0,7,,0.0,2.0,2.0,A01,138Â 204Â 299,3.0
1012568,201900054099,8,19,15:18,1,2,2,1.0,3.0,69389,CHAMPAGNE (DE)                      (AV),M,"45,7898100","4,7974700",69,2019,50.0,1.0,1.0,4.0,2264390,7.0,2,1,1,5.0,,-1.0,0,2002.0,B01,138Â 204Â 301,1.0,0.0,-1.0,1728450,1.0,37,2.0,0.0,2.0,1.0,B01,138Â 204Â 301,1.0
1012568,201900054099,8,19,15:18,1,2,2,1.0,3.0,69389,CHAMPAGNE (DE)                      (AV),M,"45,7898100","4,7974700",69,2019,50.0,1.0,1.0,4.0,2264391,1.0,1,4,1,4.0,,-1.0,0,1976.0,B01,138Â 204Â 301,1.0,0.0,-1.0,1728449,2.0,7,,0.0,2.0,2.0,A01,138Â 204Â 299,3.0
1012568,201900054099,8,19,15:18,1,2,2,1.0,3.0,69389,CHAMPAGNE (DE)                      (AV),M,"45,7898100","4,7974700",69,2019,50.0,1.0,1.0,4.0,2264391,1.0,1,4,1,4.0,,-1.0,0,1976.0,B01,138Â 204Â 301,1.0,0.0,-1.0,1728450,1.0,37,2.0,0.0,2.0,1.0,B01,138Â 204Â 301,1.0
1012569,201900054100,3,27,15:40,1,2,1,1.0,7.0,64416,Chemin de Bererenx,M,"43,3157890"," -0,7544110",64,2019,30.0,8.0,1.0,4.0,2264392,1.0,1,2,1,5.0,,0.0,0,1950.0,A01,138Â 204Â 297,1.0,-1.0,-1.0,1728451,3.0,7,,15.0,0.0,1.0,A01,138Â 204Â 297,6.0
1012570,201900054101,7,14,12:10,1,2,1,1.0,2.0,10406,10 Rue des Tilleuls,M,"48,2391340","4,1456960",10,2019,50.0,4.0,1.0,9.0,2264393,1.0,1,3,1,5.0,,0.0,0,1986.0,A01,138Â 204Â 295,0.0,-1.0,-1.0,1728452,3.0,36,,1.0,0.0,7.0,A01,138Â 204Â 295,1.0
1012570,201900054101,7,14,12:10,1,2,1,1.0,2.0,10406,10 Rue des Tilleuls,M,"48,2391340","4,1456960",10,2019,50.0,4.0,1.0,9.0,2264393,1.0,1,3,1,5.0,,0.0,0,1986.0,A01,138Â 204Â 295,0.0,-1.0,-1.0,1728453,3.0,7,,0.0,0.0,6.0,B01,138Â 204Â 298,1.0
1012570,201900054101,7,14,12:10,1,2,1,1.0,2.0,10406,10 Rue des Tilleuls,M,"48,2391340","4,1456960",10,2019,50.0,4.0,1.0,9.0,2264394,1.0,1,1,1,-1.0,,-1.0, -1,1948.0,B01,138Â 204Â 298,9.0,9.0,9.0,1728452,3.0,36,,1.0,0.0,7.0,A01,138Â 204Â 295,1.0
1012570,201900054101,7,14,12:10,1,2,1,1.0,2.0,10406,10 Rue des Tilleuls,M,"48,2391340","4,1456960",10,2019,50.0,4.0,1.0,9.0,2264394,1.0,1,1,1,-1.0,,-1.0, -1,1948.0,B01,138Â 204Â 298,9.0,9.0,9.0,1728453,3.0,7,,0.0,0.0,6.0,B01,138Â 204Â 298,1.0
1012571,201900054102,8,20,22:45,5,1,6,1.0,3.0,2B033,SAMPIERO CORSO - AV,M,"42,6712300","9,4436300",2B,2019,70.0,1.0,1.0,2.0,2264395,1.0,1,1,1,1.0,,0.0,0,1957.0,B01,138Â 204Â 294,1.0,0.0,-1.0,1728454,3.0,7,,0.0,2.0,1.0,B01,138Â 204Â 294,1.0
1012571,201900054102,8,20,22:45,5,1,6,1.0,3.0,2B033,SAMPIERO CORSO - AV,M,"42,6712300","9,4436300",2B,2019,70.0,1.0,1.0,2.0,2264395,1.0,1,1,1,1.0,,0.0,0,1957.0,B01,138Â 204Â 294,1.0,0.0,-1.0,1728455,3.0,31,,12.0,2.0,7.0,A01,138Â 204Â 296,1.0
1012571,201900054102,8,20,22:45,5,1,6,1.0,3.0,2B033,SAMPIERO CORSO - AV,M,"42,6712300","9,4436300",2B,2019,70.0,1.0,1.0,2.0,2264396,1.0,1,4,1,1.0,,0.0,0,1998.0,A01,138Â 204Â 296,2.0,6.0,-1.0,1728454,3.0,7,,0.0,2.0,1.0,B01,138Â 204Â 294,1.0
1012571,201900054102,8,20,22:45,5,1,6,1.0,3.0,2B033,SAMPIERO CORSO - AV,M,"42,6712300","9,4436300",2B,2019,70.0,1.0,1.0,2.0,2264396,1.0,1,4,1,1.0,,0.0,0,1998.0,A01,138Â 204Â 296,2.0,6.0,-1.0,1728455,3.0,31,,12.0,2.0,7.0,A01,138Â 204Â 296,1.0
1012572,201900054103,8,20,13:45,1,2,1,1.0,6.0,95582,9 RUE JACQUES TROYNES,M,"48,9679000","2,2404000",95,2019,50.0,1.0,1.0,4.0,2264397,10.0,3,2,1,5.0,,2.0,3,1960.0,A01,138Â 204Â 287,8.0,0.0,-1.0,1728456,3.0,13,,0.0,1.0,5.0,A01,138Â 204Â 287,6.0
1012572,201900054103,8,20,13:45,1,2,1,1.0,6.0,95582,9 RUE JACQUES TROYNES,M,"48,9679000","2,2404000",95,2019,50.0,1.0,1.0,4.0,2264398,1.0,1,4,1,4.0,,-1.0,0,1983.0,A01,138Â 204Â 287,1.0,0.0,-1.0,1728456,3.0,13,,0.0,1.0,5.0,A01,138Â 204Â 287,6.0
1012573,201900054104,7,10,21:55,3,2,1,1.0,6.0,97231,D7 - PK 9+700,M,"14,5383850"," -61,0589890",972,2019,50.0,3.0,1.0,3.0,2264399,1.0,1,2,1,0.0,,0.0,0,1997.0,A01,138Â 204Â 286,0.0,-1.0,-1.0,1728457,1.0,7,,10.0,0.0,3.0,A01,138Â 204Â 286,1.0
1012574,201900054105,3,31,05:30,2,1,1,1.0,6.0,36094,D44,M,"46,4747343","1,2244299",36,2019,80.0,3.0,1.0,3.0,2264400,1.0,1,2,1,5.0,,0.0,0,1972.0,A01,138Â 204Â 288,0.0,-1.0,-1.0,1728458,1.0,7,,15.0,0.0,3.0,A01,138Â 204Â 288,1.0
1012575,201900054106,7,13,10:50,1,2,1,1.0,6.0,97204,Avenue du GÃ©nÃ©ral de Gaulle,M,"14,7070990"," -61,1832650",972,2019,50.0,1.0,1.0,2.0,2264401,1.0,1,1,2,0.0,,0.0,0,1954.0,A01,138Â 204Â 284,1.0,-1.0,-1.0,1728459,1.0,7,,0.0,1.0,2.0,A01,138Â 204Â 284,6.0
1012575,201900054106,7,13,10:50,1,2,1,1.0,6.0,97204,Avenue du GÃ©nÃ©ral de Gaulle,M,"14,7070990"," -61,1832650",972,2019,50.0,1.0,1.0,2.0,2264402,10.0,3,3,1,0.0,,2.0,3,1936.0,A01,138Â 204Â 284,0.0,-1.0,-1.0,1728459,1.0,7,,0.0,1.0,2.0,A01,138Â 204Â 284,6.0
1012576,201900054107,8,20,21:35,5,2,2,1.0,3.0,91377,BOURGOGNE (AVENUE DE),M,"48,7345100","2,2927400",91,2019,50.0,1.0,1.0,4.0,2264403,1.0,1,4,1,5.0,,0.0,0,1995.0,A01,138Â 204Â 283,1.0,0.0,-1.0,1728460,3.0,7,,0.0,2.0,8.0,A01,138Â 204Â 283,1.0
1012576,201900054107,8,20,21:35,5,2,2,1.0,3.0,91377,BOURGOGNE (AVENUE DE),M,"48,7345100","2,2927400",91,2019,50.0,1.0,1.0,4.0,2264403,1.0,1,4,1,5.0,,0.0,0,1995.0,A01,138Â 204Â 283,1.0,0.0,-1.0,1728461,1.0,7,,0.0,2.0,1.0,B01,138Â 204Â 285,0.0
1012576,201900054107,8,20,21:35,5,2,2,1.0,3.0,91377,BOURGOGNE (AVENUE DE),M,"48,7345100","2,2927400",91,2019,50.0,1.0,1.0,4.0,2264404,2.0,2,4,1,9.0,,0.0,0,2015.0,B01,138Â 204Â 285,1.0,0.0,-1.0,1728460,3.0,7,,0.0,2.0,8.0,A01,138Â 204Â 283,1.0
1012576,201900054107,8,20,21:35,5,2,2,1.0,3.0,91377,BOURGOGNE (AVENUE DE),M,"48,7345100","2,2927400",91,2019,50.0,1.0,1.0,4.0,2264404,2.0,2,4,1,9.0,,0.0,0,2015.0,B01,138Â 204Â 285,1.0,0.0,-1.0,1728461,1.0,7,,0.0,2.0,1.0,B01,138Â 204Â 285,0.0
1012576,201900054107,8,20,21:35,5,2,2,1.0,3.0,91377,BOURGOGNE (AVENUE DE),M,"48,7345100","2,2927400",91,2019,50.0,1.0,1.0,4.0,2264405,4.0,2,4,1,5.0,,0.0,0,2015.0,B01,138Â 204Â 285,1.0,0.0,-1.0,1728460,3.0,7,,0.0,2.0,8.0,A01,138Â 204Â 283,1.0
1012576,201900054107,8,20,21:35,5,2,2,1.0,3.0,91377,BOURGOGNE (AVENUE DE),M,"48,7345100","2,2927400",91,2019,50.0,1.0,1.0,4.0,2264405,4.0,2,4,1,5.0,,0.0,0,2015.0,B01,138Â 204Â 285,1.0,0.0,-1.0,1728461,1.0,7,,0.0,2.0,1.0,B01,138Â 204Â 285,0.0
1012576,201900054107,8,20,21:35,5,2,2,1.0,3.0,91377,BOURGOGNE (AVENUE DE),M,"48,7345100","2,2927400",91,2019,50.0,1.0,1.0,4.0,2264406,1.0,1,4,1,5.0,,0.0,0,1996.0,B01,138Â 204Â 285,1.0,0.0,-1.0,1728460,3.0,7,,0.0,2.0,8.0,A01,138Â 204Â 283,1.0
1012576,201900054107,8,20,21:35,5,2,2,1.0,3.0,91377,BOURGOGNE (AVENUE DE),M,"48,7345100","2,2927400",91,2019,50.0,1.0,1.0,4.0,2264406,1.0,1,4,1,5.0,,0.0,0,1996.0,B01,138Â 204Â 285,1.0,0.0,-1.0,1728461,1.0,7,,0.0,2.0,1.0,B01,138Â 204Â 285,0.0