Unnamed: 0_x,num_acc,mois,jour,hrmn,lum,agg,int,atm,col,com,adr,gps,lat,long,dep,annee,vma,situ,surf,catr,Unnamed: 0_y,place,catu,grav,sexe,trajet,secu,locp,actp,an_nais,num_veh_x,id_vehicule_x,secu1,secu2,secu3,Unnamed: 0,senc,catv,occutc,obs,obsm,choc,num_veh_y,id_vehicule_y,motor
1012576,201900054107,8,20,21:35,5,2,2,1.0,3.0,91377,BOURGOGNE (AVENUE DE),M,"48,7345100","2,2927400",91,2019,50.0,1.0,1.0,4.0,2264407,3.0,2,4,2,5.0,,0.0,0,2013.0,B01,138Â 204Â 285,1.0,0.0,-1.0,1728460,3.0,7,,0.0,2.0,8.0,A01,138Â 204Â 283,1.0
1012576,201900054107,8,20,21:35,5,2,2,1.0,3.0,91377,BOURGOGNE (AVENUE DE),M,"48,7345100","2,2927400",91,2019,50.0,1.0,1.0,4.0,2264407,3.0,2,4,2,5.0,,0.0,0,2013.0,B01,138Â 204Â 285,1.0,0.0,-1.0,1728461,1.0,7,,0.0,2.0,1.0,B01,138Â 204Â 285,0.0
1012577,201900054108,3,28,16:45,1,1,1,1.0,2.0,07222,Le Bail,M,"44,9146120","4,4528860",7,2019,80.0,1.0,1.0,3.0,2264408,1.0,1,1,1,0.0,,0.0,0,1951.0,B01,138Â 204Â 281,1.0,-1.0,-1.0,1728462,1.0,7,,0.0,0.0,5.0,B01,138Â 204Â 281,1.0
1012577,201900054108,3,28,16:45,1,1,1,1.0,2.0,07222,Le Bail,M,"44,9146120","4,4528860",7,2019,80.0,1.0,1.0,3.0,2264408,1.0,1,1,1,0.0,,0.0,0,1951.0,B01,138Â 204Â 281,1.0,-1.0,-1.0,1728463,2.0,33,,0.0,2.0,1.0,A01,138Â 204Â 282,1.0
1012577,201900054108,3,28,16:45,1,1,1,1.0,2.0,07222,Le Bail,M,"44,9146120","4,4528860",7,2019,80.0,1.0,1.0,3.0,2264409,1.0,1,4,1,0.0,,0.0,0,1966.0,A01,138Â 204Â 282,2.0,6.0,-1.0,1728462,1.0,7,,0.0,0.0,5.0,B01,138Â 204Â 281,1.0
1012577,201900054108,3,28,16:45,1,1,1,1.0,2.0,07222,Le Bail,M,"44,9146120","4,4528860",7,2019,80.0,1.0,1.0,3.0,2264409,1.0,1,4,1,0.0,,0.0,0,1966.0,A01,138Â 204Â 282,2.0,6.0,-1.0,1728463,2.0,33,,0.0,2.0,1.0,A01,138Â 204Â 282,1.0
1012578,201900054109,7,11,12:45,1,2,2,1.0,6.0,83086,Boulevard de la LibÃ©ration,M,"43,4728800","6,5611500",83,2019,50.0,1.0,1.0,3.0,2264410,1.0,1,1,1,5.0,,0.0,0,1997.0,A01,138Â 204Â 280,8.0,-1.0,-1.0,1728464,2.0,7,,0.0,1.0,1.0,A01,138Â 204Â 280,1.0
1012578,201900054109,7,11,12:45,1,2,2,1.0,6.0,83086,Boulevard de la LibÃ©ration,M,"43,4728800","6,5611500",83,2019,50.0,1.0,1.0,3.0,2264411,10.0,3,4,1,5.0,,4.0,3,1978.0,A01,138Â 204Â 280,0.0,-1.0,-1.0,1728464,2.0,7,,0.0,1.0,1.0,A01,138Â 204Â 280,1.0
1012579,201900054110,8,19,19:30,1,2,1,1.0,6.0,91223,GUETTARD (RUE J.E.),M,"48,4443800","2,1638900",91,2019,30.0,1.0,1.0,9.0,2264412,1.0,1,1,1,0.0,,0.0,0,1999.0,A01,138Â 204Â 278,8.0,8.0,-1.0,1728465,0.0,43,,0.0,2.0,1.0,A01,138Â 204Â 278,1.0
1012579,201900054110,8,19,19:30,1,2,1,1.0,6.0,91223,GUETTARD (RUE J.E.),M,"48,4443800","2,1638900",91,2019,30.0,1.0,1.0,9.0,2264412,1.0,1,1,1,0.0,,0.0,0,1999.0,A01,138Â 204Â 278,8.0,8.0,-1.0,1728466,3.0,33,,0.0,2.0,7.0,B01,138Â 204Â 279,1.0
1012579,201900054110,8,19,19:30,1,2,1,1.0,6.0,91223,GUETTARD (RUE J.E.),M,"48,4443800","2,1638900",91,2019,30.0,1.0,1.0,9.0,2264413,1.0,1,4,1,0.0,,0.0,0,1999.0,B01,138Â 204Â 279,8.0,8.0,-1.0,1728465,0.0,43,,0.0,2.0,1.0,A01,138Â 204Â 278,1.0
1012579,201900054110,8,19,19:30,1,2,1,1.0,6.0,91223,GUETTARD (RUE J.E.),M,"48,4443800","2,1638900",91,2019,30.0,1.0,1.0,9.0,2264413,1.0,1,4,1,0.0,,0.0,0,1999.0,B01,138Â 204Â 279,8.0,8.0,-1.0,1728466,3.0,33,,0.0,2.0,7.0,B01,138Â 204Â 279,1.0
1012580,201900054111,7,12,08:40,1,2,1,2.0,6.0,35085,Avenue de la LibÃ©ration,M,"48,4149890"," -1,7340390",35,2019,50.0,5.0,1.0,4.0,2264414,10.0,3,4,2,5.0,,5.0,3,1942.0,A01,138Â 204Â 275,0.0,-1.0,-1.0,1728467,3.0,1,,0.0,1.0,0.0,A01,138Â 204Â 275,5.0
1012580,201900054111,7,12,08:40,1,2,1,2.0,6.0,35085,Avenue de la LibÃ©ration,M,"48,4149890"," -1,7340390",35,2019,50.0,5.0,1.0,4.0,2264415,1.0,1,1,1,5.0,,0.0,0,2002.0,A01,138Â 204Â 275,0.0,-1.0,-1.0,1728467,3.0,1,,0.0,1.0,0.0,A01,138Â 204Â 275,5.0
1012581,201900054112,3,29,18:40,1,1,1,1.0,5.0,07035,D14,M,"44,9207380","4,7221550",7,2019,80.0,1.0,1.0,3.0,2264416,1.0,1,4,1,5.0,,0.0,0,1972.0,C01,138Â 204Â 274,1.0,-1.0,-1.0,1728468,1.0,7,,0.0,2.0,1.0,C01,138Â 204Â 274,1.0
1012581,201900054112,3,29,18:40,1,1,1,1.0,5.0,07035,D14,M,"44,9207380","4,7221550",7,2019,80.0,1.0,1.0,3.0,2264416,1.0,1,4,1,5.0,,0.0,0,1972.0,C01,138Â 204Â 274,1.0,-1.0,-1.0,1728469,1.0,7,,0.0,2.0,3.0,B01,138Â 204Â 276,1.0
1012581,201900054112,3,29,18:40,1,1,1,1.0,5.0,07035,D14,M,"44,9207380","4,7221550",7,2019,80.0,1.0,1.0,3.0,2264416,1.0,1,4,1,5.0,,0.0,0,1972.0,C01,138Â 204Â 274,1.0,-1.0,-1.0,1728470,2.0,7,,0.0,2.0,3.0,A01,138Â 204Â 277,1.0
1012581,201900054112,3,29,18:40,1,1,1,1.0,5.0,07035,D14,M,"44,9207380","4,7221550",7,2019,80.0,1.0,1.0,3.0,2264417,1.0,1,2,1,5.0,,0.0,0,1943.0,B01,138Â 204Â 276,1.0,-1.0,-1.0,1728468,1.0,7,,0.0,2.0,1.0,C01,138Â 204Â 274,1.0
1012581,201900054112,3,29,18:40,1,1,1,1.0,5.0,07035,D14,M,"44,9207380","4,7221550",7,2019,80.0,1.0,1.0,3.0,2264417,1.0,1,2,1,5.0,,0.0,0,1943.0,B01,138Â 204Â 276,1.0,-1.0,-1.0,1728469,1.0,7,,0.0,2.0,3.0,B01,138Â 204Â 276,1.0
1012581,201900054112,3,29,18:40,1,1,1,1.0,5.0,07035,D14,M,"44,9207380","4,7221550",7,2019,80.0,1.0,1.0,3.0,2264417,1.0,1,2,1,5.0,,0.0,0,1943.0,B01,138Â 204Â 276,1.0,-1.0,-1.0,1728470,2.0,7,,0.0,2.0,3.0,A01,138Â 204Â 277,1.0
1012581,201900054112,3,29,18:40,1,1,1,1.0,5.0,07035,D14,M,"44,9207380","4,7221550",7,2019,80.0,1.0,1.0,3.0,2264418,2.0,2,2,2,5.0,,0.0,0,1944.0,B01,138Â 204Â 276,1.0,-1.0,-1.0,1728468,1.0,7,,0.0,2.0,1.0,C01,138Â 204Â 274,1.0
1012581,201900054112,3,29,18:40,1,1,1,1.0,5.0,07035,D14,M,"44,9207380","4,7221550",7,2019,80.0,1.0,1.0,3.0,2264418,2.0,2,2,2,5.0,,0.0,0,1944.0,B01,138Â 204Â 276,1.0,-1.0,-1.0,1728469,1.0,7,,0.0,2.0,3.0,B01,138Â 204Â 276,1.0
1012581,201900054112,3,29,18:40,1,1,1,1.0,5.0,07035,D14,M,"44,9207380","4,7221550",7,2019,80.0,1.0,1.0,3.0,2264418,2.0,2,2,2,5.0,,0.0,0,1944.0,B01,138Â 204Â 276,1.0,-1.0,-1.0,1728470,2.0,7,,0.0,2.0,3.0,A01,138Â 204Â 277,1.0
1012581,201900054112,3,29,18:40,1,1,1,1.0,5.0,07035,D14,M,"44,9207380","4,7221550",7,2019,80.0,1.0,1.0,3.0,2264419,1.0,1,4,1,5.0,,0.0,0,1996.0,A01,138Â 204Â 277,1.0,-1.0,-1.0,1728468,1.0,7,,0.0,2.0,1.0,C01,138Â 204Â 274,1.0
1012581,201900054112,3,29,18:40,1,1,1,1.0,5.0,07035,D14,M,"44,9207380","4,7221550",7,2019,80.0,1.0,1.0,3.0,2264419,1.0,1,4,1,5.0,,0.0,0,1996.0,A01,138Â 204Â 277,1.0,-1.0,-1.0,1728469,1.0,7,,0.0,2.0,3.0,B01,138Â 204Â 276,1.0
1012581,201900054112,3,29,18:40,1,1,1,1.0,5.0,07035,D14,M,"44,9207380","4,7221550",7,2019,80.0,1.0,1.0,3.0,2264419,1.0,1,4,1,5.0,,0.0,0,1996.0,A01,138Â 204Â 277,1.0,-1.0,-1.0,1728470,2.0,7,,0.0,2.0,3.0,A01,138Â 204Â 277,1.0
1012582,201900054113,8,19,11:15,1,2,1,1.0,5.0,91223,AVENUE DE LA LIBERATION,M,"48,4321300","2,1563100",91,2019,50.0,1.0,1.0,4.0,2264420,1.0,1,4,1,0.0,,0.0,0,1985.0,A01,138Â 204Â 271,1.0,0.0,-1.0,1728471,0.0,7,,0.0,2.0,1.0,A01,138Â 204Â 271,1.0
1012582,201900054113,8,19,11:15,1,2,1,1.0,5.0,91223,AVENUE DE LA LIBERATION,M,"48,4321300","2,1563100",91,2019,50.0,1.0,1.0,4.0,2264420,1.0,1,4,1,0.0,,0.0,0,1985.0,A01,138Â 204Â 271,1.0,0.0,-1.0,1728472,0.0,7,,0.0,2.0,4.0,B01,138Â 204Â 272,1.0
1012582,201900054113,8,19,11:15,1,2,1,1.0,5.0,91223,AVENUE DE LA LIBERATION,M,"48,4321300","2,1563100",91,2019,50.0,1.0,1.0,4.0,2264420,1.0,1,4,1,0.0,,0.0,0,1985.0,A01,138Â 204Â 271,1.0,0.0,-1.0,1728473,0.0,7,,0.0,2.0,4.0,C01,138Â 204Â 273,1.0
1012582,201900054113,8,19,11:15,1,2,1,1.0,5.0,91223,AVENUE DE LA LIBERATION,M,"48,4321300","2,1563100",91,2019,50.0,1.0,1.0,4.0,2264421,1.0,1,1,2,0.0,,0.0,0,1969.0,B01,138Â 204Â 272,1.0,0.0,-1.0,1728471,0.0,7,,0.0,2.0,1.0,A01,138Â 204Â 271,1.0
1012582,201900054113,8,19,11:15,1,2,1,1.0,5.0,91223,AVENUE DE LA LIBERATION,M,"48,4321300","2,1563100",91,2019,50.0,1.0,1.0,4.0,2264421,1.0,1,1,2,0.0,,0.0,0,1969.0,B01,138Â 204Â 272,1.0,0.0,-1.0,1728472,0.0,7,,0.0,2.0,4.0,B01,138Â 204Â 272,1.0
1012582,201900054113,8,19,11:15,1,2,1,1.0,5.0,91223,AVENUE DE LA LIBERATION,M,"48,4321300","2,1563100",91,2019,50.0,1.0,1.0,4.0,2264421,1.0,1,1,2,0.0,,0.0,0,1969.0,B01,138Â 204Â 272,1.0,0.0,-1.0,1728473,0.0,7,,0.0,2.0,4.0,C01,138Â 204Â 273,1.0
1012582,201900054113,8,19,11:15,1,2,1,1.0,5.0,91223,AVENUE DE LA LIBERATION,M,"48,4321300","2,1563100",91,2019,50.0,1.0,1.0,4.0,2264422,1.0,1,1,1,0.0,,0.0,0,1963.0,C01,138Â 204Â 273,1.0,0.0,-1.0,1728471,0.0,7,,0.0,2.0,1.0,A01,138Â 204Â 271,1.0
1012582,201900054113,8,19,11:15,1,2,1,1.0,5.0,91223,AVENUE DE LA LIBERATION,M,"48,4321300","2,1563100",91,2019,50.0,1.0,1.0,4.0,2264422,1.0,1,1,1,0.0,,0.0,0,1963.0,C01,138Â 204Â 273,1.0,0.0,-1.0,1728472,0.0,7,,0.0,2.0,4.0,B01,138Â 204Â 272,1.0
1012582,201900054113,8,19,11:15,1,2,1,1.0,5.0,91223,AVENUE DE LA LIBERATION,M,"48,4321300","2,1563100",91,2019,50.0,1.0,1.0,4.0,2264422,1.0,1,1,1,0.0,,0.0,0,1963.0,C01,138Â 204Â 273,1.0,0.0,-1.0,1728473,0.0,7,,0.0,2.0,4.0,C01,138Â 204Â 273,1.0
1012583,201900054114,7,12,22:00,3,1,1,1.0,6.0,84127,1872 Route de Sainte-CÃ©cile,M,"44,1952230","4,8647490",84,2019,70.0,3.0,1.0,3.0,2264423,1.0,1,3,1,0.0,,0.0,0,1997.0,A01,138Â 204Â 270,8.0,-1.0,-1.0,1728474,1.0,7,,6.0,0.0,1.0,A01,138Â 204Â 270,1.0
1012584,201900054115,3,8,15:00,1,1,1,8.0,6.0,07302,RD2,M,"44,6709570","4,7094980",7,2019,80.0,8.0,1.0,3.0,2264424,2.0,2,3,2,5.0,,0.0,0,1996.0,A01,138Â 204Â 269,2.0,-1.0,-1.0,1728475,1.0,33,,4.0,0.0,1.0,A01,138Â 204Â 269,0.0
1012584,201900054115,3,8,15:00,1,1,1,8.0,6.0,07302,RD2,M,"44,6709570","4,7094980",7,2019,80.0,8.0,1.0,3.0,2264425,1.0,1,1,2,5.0,,0.0,0,1996.0,A01,138Â 204Â 269,2.0,-1.0,-1.0,1728475,1.0,33,,4.0,0.0,1.0,A01,138Â 204Â 269,0.0
1012585,201900054116,8,17,00:58,5,2,3,1.0,3.0,86066,WILSON (AVENUE DU PRESIDENT),M,"46,8144900","0,5436500",86,2019,50.0,1.0,1.0,3.0,2264426,1.0,1,1,2,0.0,,-1.0,0,1997.0,A01,138Â 204Â 267,8.0,0.0,-1.0,1728476,3.0,50,,0.0,2.0,1.0,A01,138Â 204Â 267,3.0
1012585,201900054116,8,17,00:58,5,2,3,1.0,3.0,86066,WILSON (AVENUE DU PRESIDENT),M,"46,8144900","0,5436500",86,2019,50.0,1.0,1.0,3.0,2264426,1.0,1,1,2,0.0,,-1.0,0,1997.0,A01,138Â 204Â 267,8.0,0.0,-1.0,1728477,3.0,1,,0.0,2.0,3.0,B01,138Â 204Â 268,5.0
1012585,201900054116,8,17,00:58,5,2,3,1.0,3.0,86066,WILSON (AVENUE DU PRESIDENT),M,"46,8144900","0,5436500",86,2019,50.0,1.0,1.0,3.0,2264427,1.0,1,4,2,5.0,,-1.0,0,1966.0,B01,138Â 204Â 268,8.0,0.0,-1.0,1728476,3.0,50,,0.0,2.0,1.0,A01,138Â 204Â 267,3.0
1012585,201900054116,8,17,00:58,5,2,3,1.0,3.0,86066,WILSON (AVENUE DU PRESIDENT),M,"46,8144900","0,5436500",86,2019,50.0,1.0,1.0,3.0,2264427,1.0,1,4,2,5.0,,-1.0,0,1966.0,B01,138Â 204Â 268,8.0,0.0,-1.0,1728477,3.0,1,,0.0,2.0,3.0,B01,138Â 204Â 268,5.0
1012586,201900054117,3,31,16:50,1,1,1,1.0,6.0,53127,Les Yvets la Baroche,M,"48,4632380"," -0,4521740",53,2019,80.0,3.0,1.0,3.0,2264428,1.0,1,3,2,5.0,,0.0,0,1949.0,A01,138Â 204Â 266,1.0,-1.0,-1.0,1728478,1.0,7,,8.0,0.0,3.0,A01,138Â 204Â 266,1.0
1012587,201900054118,7,13,18:00,1,2,3,1.0,7.0,63327,74 Rue Jeanne D'Arc,M,"45,9321780","3,1204040",63,2019,50.0,8.0,1.0,4.0,2264429,1.0,1,3,1,5.0,,0.0,0,1978.0,A01,138Â 204Â 264,2.0,-1.0,-1.0,1728479,2.0,31,,0.0,0.0,8.0,A01,138Â 204Â 264,1.0
1012588,201900054119,8,20,23:10,5,2,1,1.0,6.0,81060,JAURES ( AVENUE JEAN ),M,"44,0499703","2,1523304",81,2019,50.0,1.0,1.0,3.0,2264430,1.0,1,1,1,5.0,,0.0,0,2002.0,A01,138Â 204Â 265,2.0,0.0,-1.0,1728480,1.0,2,,0.0,1.0,1.0,A01,138Â 204Â 265,1.0
1012588,201900054119,8,20,23:10,5,2,1,1.0,6.0,81060,JAURES ( AVENUE JEAN ),M,"44,0499703","2,1523304",81,2019,50.0,1.0,1.0,3.0,2264431,2.0,2,1,2,5.0,,0.0,0,2002.0,A01,138Â 204Â 265,2.0,0.0,-1.0,1728480,1.0,2,,0.0,1.0,1.0,A01,138Â 204Â 265,1.0
1012588,201900054119,8,20,23:10,5,2,1,1.0,6.0,81060,JAURES ( AVENUE JEAN ),M,"44,0499703","2,1523304",81,2019,50.0,1.0,1.0,3.0,2264432,10.0,3,3,1,5.0,,2.0,3,1961.0,A01,138Â 204Â 265,8.0,0.0,-1.0,1728480,1.0,2,,0.0,1.0,1.0,A01,138Â 204Â 265,1.0
1012589,201900054120,3,29,15:00,1,1,3,1.0,1.0,21272,DÃ©partementale 980 PK 35+700,M,"47,4374040","4,3112930",21,2019,50.0,8.0,1.0,1.0,2264433,1.0,1,1,1,4.0,,0.0,0,1975.0,B01,138Â 204Â 261,1.0,-1.0,-1.0,1728481,1.0,14,,0.0,2.0,3.0,B01,138Â 204Â 261,1.0
1012589,201900054120,3,29,15:00,1,1,3,1.0,1.0,21272,DÃ©partementale 980 PK 35+700,M,"47,4374040","4,3112930",21,2019,50.0,8.0,1.0,1.0,2264433,1.0,1,1,1,4.0,,0.0,0,1975.0,B01,138Â 204Â 261,1.0,-1.0,-1.0,1728482,2.0,7,,0.0,2.0,3.0,A01,138Â 204Â 263,1.0
1012589,201900054120,3,29,15:00,1,1,3,1.0,1.0,21272,DÃ©partementale 980 PK 35+700,M,"47,4374040","4,3112930",21,2019,50.0,8.0,1.0,1.0,2264434,1.0,1,3,2,5.0,,0.0,0,1949.0,A01,138Â 204Â 263,8.0,-1.0,-1.0,1728481,1.0,14,,0.0,2.0,3.0,B01,138Â 204Â 261,1.0
1012589,201900054120,3,29,15:00,1,1,3,1.0,1.0,21272,DÃ©partementale 980 PK 35+700,M,"47,4374040","4,3112930",21,2019,50.0,8.0,1.0,1.0,2264434,1.0,1,3,2,5.0,,0.0,0,1949.0,A01,138Â 204Â 263,8.0,-1.0,-1.0,1728482,2.0,7,,0.0,2.0,3.0,A01,138Â 204Â 263,1.0
1012590,201900054121,7,13,19:30,1,2,1,1.0,1.0,01238,Route de la GenÃªtiÃ¨re,M,"45,9087050","4,8157900",1,2019,50.0,1.0,1.0,3.0,2264435,1.0,1,1,1,5.0,,0.0,0,1998.0,B01,138Â 204Â 259,1.0,-1.0,-1.0,1728483,1.0,7,,0.0,2.0,3.0,B01,138Â 204Â 259,1.0
1012590,201900054121,7,13,19:30,1,2,1,1.0,1.0,01238,Route de la GenÃªtiÃ¨re,M,"45,9087050","4,8157900",1,2019,50.0,1.0,1.0,3.0,2264435,1.0,1,1,1,5.0,,0.0,0,1998.0,B01,138Â 204Â 259,1.0,-1.0,-1.0,1728484,2.0,7,,0.0,2.0,3.0,A01,138Â 204Â 262,1.0
1012590,201900054121,7,13,19:30,1,2,1,1.0,1.0,01238,Route de la GenÃªtiÃ¨re,M,"45,9087050","4,8157900",1,2019,50.0,1.0,1.0,3.0,2264436,2.0,2,4,2,5.0,,0.0,0,1956.0,A01,138Â 204Â 262,1.0,-1.0,-1.0,1728483,1.0,7,,0.0,2.0,3.0,B01,138Â 204Â 259,1.0
1012590,201900054121,7,13,19:30,1,2,1,1.0,1.0,01238,Route de la GenÃªtiÃ¨re,M,"45,9087050","4,8157900",1,2019,50.0,1.0,1.0,3.0,2264436,2.0,2,4,2,5.0,,0.0,0,1956.0,A01,138Â 204Â 262,1.0,-1.0,-1.0,1728484,2.0,7,,0.0,2.0,3.0,A01,138Â 204Â 262,1.0
1012590,201900054121,7,13,19:30,1,2,1,1.0,1.0,01238,Route de la GenÃªtiÃ¨re,M,"45,9087050","4,8157900",1,2019,50.0,1.0,1.0,3.0,2264437,1.0,1,1,1,5.0,,0.0,0,1954.0,A01,138Â 204Â 262,1.0,-1.0,-1.0,1728483,1.0,7,,0.0,2.0,3.0,B01,138Â 204Â 259,1.0
1012590,201900054121,7,13,19:30,1,2,1,1.0,1.0,01238,Route de la GenÃªtiÃ¨re,M,"45,9087050","4,8157900",1,2019,50.0,1.0,1.0,3.0,2264437,1.0,1,1,1,5.0,,0.0,0,1954.0,A01,138Â 204Â 262,1.0,-1.0,-1.0,1728484,2.0,7,,0.0,2.0,3.0,A01,138Â 204Â 262,1.0
1012591,201900054122,8,20,00:20,5,2,2,2.0,3.0,81060,TORCATIS ( AV. BOULOC),M,"44,0560400","2,1482500",81,2019,50.0,1.0,2.0,3.0,2264438,1.0,1,3,1,5.0,,0.0,0,2004.0,A01,138Â 204Â 258,2.0,0.0,-1.0,1728485,1.0,30,,0.0,2.0,1.0,A01,138Â 204Â 258,1.0
1012591,201900054122,8,20,00:20,5,2,2,2.0,3.0,81060,TORCATIS ( AV. BOULOC),M,"44,0560400","2,1482500",81,2019,50.0,1.0,2.0,3.0,2264438,1.0,1,3,1,5.0,,0.0,0,2004.0,A01,138Â 204Â 258,2.0,0.0,-1.0,1728486,1.0,7,,0.0,2.0,3.0,B01,138Â 204Â 260,1.0
1012591,201900054122,8,20,00:20,5,2,2,2.0,3.0,81060,TORCATIS ( AV. BOULOC),M,"44,0560400","2,1482500",81,2019,50.0,1.0,2.0,3.0,2264439,2.0,2,1,2,0.0,,0.0,0,1977.0,B01,138Â 204Â 260,1.0,0.0,-1.0,1728485,1.0,30,,0.0,2.0,1.0,A01,138Â 204Â 258,1.0
1012591,201900054122,8,20,00:20,5,2,2,2.0,3.0,81060,TORCATIS ( AV. BOULOC),M,"44,0560400","2,1482500",81,2019,50.0,1.0,2.0,3.0,2264439,2.0,2,1,2,0.0,,0.0,0,1977.0,B01,138Â 204Â 260,1.0,0.0,-1.0,1728486,1.0,7,,0.0,2.0,3.0,B01,138Â 204Â 260,1.0
1012591,201900054122,8,20,00:20,5,2,2,2.0,3.0,81060,TORCATIS ( AV. BOULOC),M,"44,0560400","2,1482500",81,2019,50.0,1.0,2.0,3.0,2264440,1.0,1,1,1,0.0,,0.0,0,1974.0,B01,138Â 204Â 260,1.0,0.0,-1.0,1728485,1.0,30,,0.0,2.0,1.0,A01,138Â 204Â 258,1.0
1012591,201900054122,8,20,00:20,5,2,2,2.0,3.0,81060,TORCATIS ( AV. BOULOC),M,"44,0560400","2,1482500",81,2019,50.0,1.0,2.0,3.0,2264440,1.0,1,1,1,0.0,,0.0,0,1974.0,B01,138Â 204Â 260,1.0,0.0,-1.0,1728486,1.0,7,,0.0,2.0,3.0,B01,138Â 204Â 260,1.0
1012592,201900054123,8,16,22:30,3,2,1,1.0,7.0,80131,,M,"49,8603000","2,3828800",80,2019,90.0,1.0,1.0,3.0,2264441,1.0,1,3,1,5.0,,-1.0,0,1987.0,A01,138Â 204Â 255,2.0,6.0,-1.0,1728487,0.0,33,,16.0,0.0,1.0,A01,138Â 204Â 255,1.0
1012593,201900054124,7,12,10:10,1,2,1,1.0,6.0,68300,25 Roue DÃ©partemetale 201,M,"47,7878990","7,3881260",68,2019,-1.0,8.0,1.0,6.0,2264442,10.0,3,4,1,9.0,,0.0,0,1948.0,A01,138Â 204Â 254,0.0,-1.0,-1.0,1728488,3.0,7,,6.0,1.0,1.0,A01,138Â 204Â 254,1.0
1012593,201900054124,7,12,10:10,1,2,1,1.0,6.0,68300,25 Roue DÃ©partemetale 201,M,"47,7878990","7,3881260",68,2019,-1.0,8.0,1.0,6.0,2264443,10.0,3,4,2,4.0,,0.0,0,1985.0,A01,138Â 204Â 254,0.0,-1.0,-1.0,1728488,3.0,7,,6.0,1.0,1.0,A01,138Â 204Â 254,1.0
1012593,201900054124,7,12,10:10,1,2,1,1.0,6.0,68300,25 Roue DÃ©partemetale 201,M,"47,7878990","7,3881260",68,2019,-1.0,8.0,1.0,6.0,2264444,10.0,3,4,1,4.0,,9.0,9,1989.0,A01,138Â 204Â 254,0.0,-1.0,-1.0,1728488,3.0,7,,6.0,1.0,1.0,A01,138Â 204Â 254,1.0
1012593,201900054124,7,12,10:10,1,2,1,1.0,6.0,68300,25 Roue DÃ©partemetale 201,M,"47,7878990","7,3881260",68,2019,-1.0,8.0,1.0,6.0,2264445,1.0,1,1,1,0.0,,0.0,0,1947.0,A01,138Â 204Â 254,1.0,-1.0,-1.0,1728488,3.0,7,,6.0,1.0,1.0,A01,138Â 204Â 254,1.0
1012593,201900054124,7,12,10:10,1,2,1,1.0,6.0,68300,25 Roue DÃ©partemetale 201,M,"47,7878990","7,3881260",68,2019,-1.0,8.0,1.0,6.0,2264446,2.0,2,1,1,4.0,,0.0,0,1979.0,A01,138Â 204Â 254,1.0,-1.0,-1.0,1728488,3.0,7,,6.0,1.0,1.0,A01,138Â 204Â 254,1.0
1012594,201900054125,8,18,02:55,5,2,1,2.0,7.0,80021,JULES FERRY (CHAUSSEE),M,"49,8837100","2,3242800",80,2019,50.0,1.0,2.0,4.0,2264447,1.0,1,4,1,5.0,,0.0,0,1994.0,A01,138Â 204Â 251,2.0,0.0,-1.0,1728489,0.0,2,,16.0,0.0,1.0,A01,138Â 204Â 251,1.0
1012595,201900054126,7,13,18:14,1,2,1,1.0,6.0,12033,RD 988,M,"44,4637810","2,7274000",12,2019,70.0,1.0,1.0,3.0,2264448,10.0,3,3,2,3.0,,2.0,3,1941.0,A01,138Â 204Â 250,0.0,-1.0,-1.0,1728490,1.0,7,,0.0,1.0,2.0,A01,138Â 204Â 250,1.0
1012595,201900054126,7,13,18:14,1,2,1,1.0,6.0,12033,RD 988,M,"44,4637810","2,7274000",12,2019,70.0,1.0,1.0,3.0,2264449,2.0,2,1,2,5.0,,0.0,0,1948.0,A01,138Â 204Â 250,1.0,-1.0,-1.0,1728490,1.0,7,,0.0,1.0,2.0,A01,138Â 204Â 250,1.0
1012595,201900054126,7,13,18:14,1,2,1,1.0,6.0,12033,RD 988,M,"44,4637810","2,7274000",12,2019,70.0,1.0,1.0,3.0,2264450,1.0,1,1,1,5.0,,0.0,0,1942.0,A01,138Â 204Â 250,1.0,-1.0,-1.0,1728490,1.0,7,,0.0,1.0,2.0,A01,138Â 204Â 250,1.0
1012596,201900054127,3,30,14:23,1,1,1,1.0,1.0,40284,d810,M,"43,6493310"," -1,3266020",40,2019,80.0,1.0,1.0,3.0,2264451,1.0,1,3,1,5.0,,0.0,0,1978.0,B01,138Â 204Â 252,0.0,-1.0,-1.0,1728491,1.0,7,,0.0,2.0,1.0,B01,138Â 204Â 252,1.0
1012596,201900054127,3,30,14:23,1,1,1,1.0,1.0,40284,d810,M,"43,6493310"," -1,3266020",40,2019,80.0,1.0,1.0,3.0,2264451,1.0,1,3,1,5.0,,0.0,0,1978.0,B01,138Â 204Â 252,0.0,-1.0,-1.0,1728492,2.0,7,,0.0,2.0,2.0,A01,138Â 204Â 253,1.0
1012596,201900054127,3,30,14:23,1,1,1,1.0,1.0,40284,d810,M,"43,6493310"," -1,3266020",40,2019,80.0,1.0,1.0,3.0,2264452,1.0,1,1,2,5.0,,0.0,0,1974.0,A01,138Â 204Â 253,1.0,-1.0,-1.0,1728491,1.0,7,,0.0,2.0,1.0,B01,138Â 204Â 252,1.0
1012596,201900054127,3,30,14:23,1,1,1,1.0,1.0,40284,d810,M,"43,6493310"," -1,3266020",40,2019,80.0,1.0,1.0,3.0,2264452,1.0,1,1,2,5.0,,0.0,0,1974.0,A01,138Â 204Â 253,1.0,-1.0,-1.0,1728492,2.0,7,,0.0,2.0,2.0,A01,138Â 204Â 253,1.0