Unnamed: 0_x,num_acc,mois,jour,hrmn,lum,agg,int,atm,col,com,adr,gps,lat,long,dep,annee,vma,situ,surf,catr,Unnamed: 0_y,place,catu,grav,sexe,trajet,secu,locp,actp,an_nais,num_veh_x,id_vehicule_x,secu1,secu2,secu3,Unnamed: 0,senc,catv,occutc,obs,obsm,choc,num_veh_y,id_vehicule_y,motor
1012597,201900054128,8,20,15:55,1,2,1,1.0,7.0,78299,GUILLAUME DE BEAUMONT (RUE),M,"49,0066000","1,8980700",78,2019,50.0,1.0,1.0,4.0,2264453,1.0,1,3,1,0.0,,-1.0, -1,2003.0,A01,138Â 204Â 249,9.0,-1.0,-1.0,1728493,0.0,99,,0.0,0.0,0.0,A01,138Â 204Â 249,0.0
1012598,201900054129,7,14,01:50,3,1,1,1.0,6.0,35239,D41 - PK 33,M,"47,8863250"," -1,3279760",35,2019,80.0,3.0,1.0,3.0,2264454,1.0,1,3,1,5.0,,0.0,0,2001.0,A01,138Â 204Â 248,0.0,-1.0,-1.0,1728494,1.0,7,,13.0,0.0,0.0,A01,138Â 204Â 248,1.0
1012599,201900054130,3,30,14:05,1,1,2,1.0,6.0,24540,Les 04 Routes - CD8,M,"45,2681000","0,8332000",24,2019,80.0,3.0,1.0,3.0,2264455,1.0,1,1,2,0.0,,0.0,0,1992.0,A01,138Â 204Â 246,1.0,-1.0,-1.0,1728495,3.0,7,,0.0,0.0,0.0,A01,138Â 204Â 246,1.0
1012599,201900054130,3,30,14:05,1,1,2,1.0,6.0,24540,Les 04 Routes - CD8,M,"45,2681000","0,8332000",24,2019,80.0,3.0,1.0,3.0,2264455,1.0,1,1,2,0.0,,0.0,0,1992.0,A01,138Â 204Â 246,1.0,-1.0,-1.0,1728496,2.0,7,,13.0,0.0,1.0,B01,138Â 204Â 247,1.0
1012599,201900054130,3,30,14:05,1,1,2,1.0,6.0,24540,Les 04 Routes - CD8,M,"45,2681000","0,8332000",24,2019,80.0,3.0,1.0,3.0,2264456,2.0,2,3,2,5.0,,0.0,0,1972.0,B01,138Â 204Â 247,1.0,-1.0,-1.0,1728495,3.0,7,,0.0,0.0,0.0,A01,138Â 204Â 246,1.0
1012599,201900054130,3,30,14:05,1,1,2,1.0,6.0,24540,Les 04 Routes - CD8,M,"45,2681000","0,8332000",24,2019,80.0,3.0,1.0,3.0,2264456,2.0,2,3,2,5.0,,0.0,0,1972.0,B01,138Â 204Â 247,1.0,-1.0,-1.0,1728496,2.0,7,,13.0,0.0,1.0,B01,138Â 204Â 247,1.0
1012599,201900054130,3,30,14:05,1,1,2,1.0,6.0,24540,Les 04 Routes - CD8,M,"45,2681000","0,8332000",24,2019,80.0,3.0,1.0,3.0,2264457,1.0,1,3,1,5.0,,0.0,0,2001.0,B01,138Â 204Â 247,1.0,-1.0,-1.0,1728495,3.0,7,,0.0,0.0,0.0,A01,138Â 204Â 246,1.0
1012599,201900054130,3,30,14:05,1,1,2,1.0,6.0,24540,Les 04 Routes - CD8,M,"45,2681000","0,8332000",24,2019,80.0,3.0,1.0,3.0,2264457,1.0,1,3,1,5.0,,0.0,0,2001.0,B01,138Â 204Â 247,1.0,-1.0,-1.0,1728496,2.0,7,,13.0,0.0,1.0,B01,138Â 204Â 247,1.0
1012600,201900054131,7,12,03:30,3,1,1,2.0,7.0,29075,N12,M,"48,4449180"," -4,3986110",29,2019,110.0,3.0,2.0,2.0,2264458,1.0,1,2,1,0.0,,0.0,0,1964.0,A01,138Â 204Â 244,1.0,-1.0,-1.0,1728497,1.0,7,,13.0,0.0,9.0,A01,138Â 204Â 244,1.0
1012601,201900054132,8,20,00:50,3,1,1,1.0,2.0,77215,RN4 HORS AGGLOMERATION,M,"48,7347757","2,7368821",77,2019,90.0,3.0,1.0,2.0,2264459,10.0,3,4,1,4.0,,9.0,B,1963.0,B01,138Â 204Â 243,8.0,0.0,-1.0,1728498,2.0,10,,0.0,0.0,6.0,B01,138Â 204Â 243,1.0
1012601,201900054132,8,20,00:50,3,1,1,1.0,2.0,77215,RN4 HORS AGGLOMERATION,M,"48,7347757","2,7368821",77,2019,90.0,3.0,1.0,2.0,2264459,10.0,3,4,1,4.0,,9.0,B,1963.0,B01,138Â 204Â 243,8.0,0.0,-1.0,1728499,2.0,7,,1.0,0.0,2.0,A01,138Â 204Â 245,1.0
1012601,201900054132,8,20,00:50,3,1,1,1.0,2.0,77215,RN4 HORS AGGLOMERATION,M,"48,7347757","2,7368821",77,2019,90.0,3.0,1.0,2.0,2264460,1.0,1,4,1,5.0,,-1.0,0,1996.0,A01,138Â 204Â 245,1.0,0.0,-1.0,1728498,2.0,10,,0.0,0.0,6.0,B01,138Â 204Â 243,1.0
1012601,201900054132,8,20,00:50,3,1,1,1.0,2.0,77215,RN4 HORS AGGLOMERATION,M,"48,7347757","2,7368821",77,2019,90.0,3.0,1.0,2.0,2264460,1.0,1,4,1,5.0,,-1.0,0,1996.0,A01,138Â 204Â 245,1.0,0.0,-1.0,1728499,2.0,7,,1.0,0.0,2.0,A01,138Â 204Â 245,1.0
1012602,201900054133,3,29,18:40,1,2,2,1.0,3.0,85103,Rue des LavandiÃ¨res,M,"46,5385700"," -1,6151000",85,2019,50.0,1.0,9.0,4.0,2264461,1.0,1,3,1,5.0,,0.0,0,2000.0,A01,138Â 204Â 241,8.0,-1.0,-1.0,1728500,1.0,2,,0.0,2.0,8.0,A01,138Â 204Â 241,1.0
1012602,201900054133,3,29,18:40,1,2,2,1.0,3.0,85103,Rue des LavandiÃ¨res,M,"46,5385700"," -1,6151000",85,2019,50.0,1.0,9.0,4.0,2264461,1.0,1,3,1,5.0,,0.0,0,2000.0,A01,138Â 204Â 241,8.0,-1.0,-1.0,1728501,2.0,7,,0.0,2.0,7.0,B01,138Â 204Â 242,1.0
1012602,201900054133,3,29,18:40,1,2,2,1.0,3.0,85103,Rue des LavandiÃ¨res,M,"46,5385700"," -1,6151000",85,2019,50.0,1.0,9.0,4.0,2264462,1.0,1,1,1,0.0,,0.0,0,1999.0,B01,138Â 204Â 242,8.0,-1.0,-1.0,1728500,1.0,2,,0.0,2.0,8.0,A01,138Â 204Â 241,1.0
1012602,201900054133,3,29,18:40,1,2,2,1.0,3.0,85103,Rue des LavandiÃ¨res,M,"46,5385700"," -1,6151000",85,2019,50.0,1.0,9.0,4.0,2264462,1.0,1,1,1,0.0,,0.0,0,1999.0,B01,138Â 204Â 242,8.0,-1.0,-1.0,1728501,2.0,7,,0.0,2.0,7.0,B01,138Â 204Â 242,1.0
1012603,201900054134,7,13,05:55,2,1,1,1.0,1.0,74272,RD 1508,M,"45,9487780","6,0461650",74,2019,70.0,1.0,1.0,3.0,2264463,1.0,1,2,2,1.0,,0.0,0,1989.0,B01,138Â 204Â 239,2.0,6.0,-1.0,1728502,1.0,33,,0.0,2.0,1.0,B01,138Â 204Â 239,1.0
1012603,201900054134,7,13,05:55,2,1,1,1.0,1.0,74272,RD 1508,M,"45,9487780","6,0461650",74,2019,70.0,1.0,1.0,3.0,2264463,1.0,1,2,2,1.0,,0.0,0,1989.0,B01,138Â 204Â 239,2.0,6.0,-1.0,1728503,2.0,7,,13.0,2.0,1.0,A01,138Â 204Â 240,1.0
1012603,201900054134,7,13,05:55,2,1,1,1.0,1.0,74272,RD 1508,M,"45,9487780","6,0461650",74,2019,70.0,1.0,1.0,3.0,2264464,1.0,1,3,1,5.0,,0.0,0,1991.0,A01,138Â 204Â 240,1.0,-1.0,-1.0,1728502,1.0,33,,0.0,2.0,1.0,B01,138Â 204Â 239,1.0
1012603,201900054134,7,13,05:55,2,1,1,1.0,1.0,74272,RD 1508,M,"45,9487780","6,0461650",74,2019,70.0,1.0,1.0,3.0,2264464,1.0,1,3,1,5.0,,0.0,0,1991.0,A01,138Â 204Â 240,1.0,-1.0,-1.0,1728503,2.0,7,,13.0,2.0,1.0,A01,138Â 204Â 240,1.0
1012604,201900054135,3,23,14:10,1,1,1,1.0,2.0,85216,RD 137,M,"46,4437100"," -1,1016800",85,2019,80.0,1.0,1.0,3.0,2264465,2.0,2,4,2,5.0,,0.0,0,1995.0,B01,138Â 204Â 234,1.0,-1.0,-1.0,1728504,2.0,7,,0.0,0.0,6.0,B01,138Â 204Â 234,1.0
1012604,201900054135,3,23,14:10,1,1,1,1.0,2.0,85216,RD 137,M,"46,4437100"," -1,1016800",85,2019,80.0,1.0,1.0,3.0,2264465,2.0,2,4,2,5.0,,0.0,0,1995.0,B01,138Â 204Â 234,1.0,-1.0,-1.0,1728505,2.0,7,,0.0,2.0,2.0,A01,138Â 204Â 236,1.0
1012604,201900054135,3,23,14:10,1,1,1,1.0,2.0,85216,RD 137,M,"46,4437100"," -1,1016800",85,2019,80.0,1.0,1.0,3.0,2264466,1.0,1,4,1,5.0,,0.0,0,1993.0,B01,138Â 204Â 234,1.0,-1.0,-1.0,1728504,2.0,7,,0.0,0.0,6.0,B01,138Â 204Â 234,1.0
1012604,201900054135,3,23,14:10,1,1,1,1.0,2.0,85216,RD 137,M,"46,4437100"," -1,1016800",85,2019,80.0,1.0,1.0,3.0,2264466,1.0,1,4,1,5.0,,0.0,0,1993.0,B01,138Â 204Â 234,1.0,-1.0,-1.0,1728505,2.0,7,,0.0,2.0,2.0,A01,138Â 204Â 236,1.0
1012604,201900054135,3,23,14:10,1,1,1,1.0,2.0,85216,RD 137,M,"46,4437100"," -1,1016800",85,2019,80.0,1.0,1.0,3.0,2264467,1.0,1,1,1,5.0,,0.0,0,1965.0,A01,138Â 204Â 236,1.0,-1.0,-1.0,1728504,2.0,7,,0.0,0.0,6.0,B01,138Â 204Â 234,1.0
1012604,201900054135,3,23,14:10,1,1,1,1.0,2.0,85216,RD 137,M,"46,4437100"," -1,1016800",85,2019,80.0,1.0,1.0,3.0,2264467,1.0,1,1,1,5.0,,0.0,0,1965.0,A01,138Â 204Â 236,1.0,-1.0,-1.0,1728505,2.0,7,,0.0,2.0,2.0,A01,138Â 204Â 236,1.0
1012605,201900054136,7,12,00:05,5,2,1,1.0,2.0,74112,Route de Bellegarde (Ãpagny),M,"45,9275110","6,0846750",74,2019,50.0,1.0,1.0,3.0,2264468,1.0,1,2,1,5.0,,0.0,0,1996.0,B01,138Â 204Â 233,0.0,-1.0,-1.0,1728506,1.0,1,,0.0,2.0,4.0,B01,138Â 204Â 233,5.0
1012605,201900054136,7,12,00:05,5,2,1,1.0,2.0,74112,Route de Bellegarde (Ãpagny),M,"45,9275110","6,0846750",74,2019,50.0,1.0,1.0,3.0,2264468,1.0,1,2,1,5.0,,0.0,0,1996.0,B01,138Â 204Â 233,0.0,-1.0,-1.0,1728507,1.0,7,,0.0,2.0,2.0,A01,138Â 204Â 235,1.0
1012605,201900054136,7,12,00:05,5,2,1,1.0,2.0,74112,Route de Bellegarde (Ãpagny),M,"45,9275110","6,0846750",74,2019,50.0,1.0,1.0,3.0,2264469,2.0,2,1,1,5.0,,0.0,0,1998.0,A01,138Â 204Â 235,1.0,-1.0,-1.0,1728506,1.0,1,,0.0,2.0,4.0,B01,138Â 204Â 233,5.0
1012605,201900054136,7,12,00:05,5,2,1,1.0,2.0,74112,Route de Bellegarde (Ãpagny),M,"45,9275110","6,0846750",74,2019,50.0,1.0,1.0,3.0,2264469,2.0,2,1,1,5.0,,0.0,0,1998.0,A01,138Â 204Â 235,1.0,-1.0,-1.0,1728507,1.0,7,,0.0,2.0,2.0,A01,138Â 204Â 235,1.0
1012605,201900054136,7,12,00:05,5,2,1,1.0,2.0,74112,Route de Bellegarde (Ãpagny),M,"45,9275110","6,0846750",74,2019,50.0,1.0,1.0,3.0,2264470,1.0,1,1,1,5.0,,0.0,0,1970.0,A01,138Â 204Â 235,1.0,-1.0,-1.0,1728506,1.0,1,,0.0,2.0,4.0,B01,138Â 204Â 233,5.0
1012605,201900054136,7,12,00:05,5,2,1,1.0,2.0,74112,Route de Bellegarde (Ãpagny),M,"45,9275110","6,0846750",74,2019,50.0,1.0,1.0,3.0,2264470,1.0,1,1,1,5.0,,0.0,0,1970.0,A01,138Â 204Â 235,1.0,-1.0,-1.0,1728507,1.0,7,,0.0,2.0,2.0,A01,138Â 204Â 235,1.0
1012605,201900054136,7,12,00:05,5,2,1,1.0,2.0,74112,Route de Bellegarde (Ãpagny),M,"45,9275110","6,0846750",74,2019,50.0,1.0,1.0,3.0,2264471,9.0,2,1,1,5.0,,0.0,0,1994.0,A01,138Â 204Â 235,1.0,-1.0,-1.0,1728506,1.0,1,,0.0,2.0,4.0,B01,138Â 204Â 233,5.0
1012605,201900054136,7,12,00:05,5,2,1,1.0,2.0,74112,Route de Bellegarde (Ãpagny),M,"45,9275110","6,0846750",74,2019,50.0,1.0,1.0,3.0,2264471,9.0,2,1,1,5.0,,0.0,0,1994.0,A01,138Â 204Â 235,1.0,-1.0,-1.0,1728507,1.0,7,,0.0,2.0,2.0,A01,138Â 204Â 235,1.0
1012605,201900054136,7,12,00:05,5,2,1,1.0,2.0,74112,Route de Bellegarde (Ãpagny),M,"45,9275110","6,0846750",74,2019,50.0,1.0,1.0,3.0,2264472,7.0,2,1,1,5.0,,0.0,0,2000.0,A01,138Â 204Â 235,1.0,-1.0,-1.0,1728506,1.0,1,,0.0,2.0,4.0,B01,138Â 204Â 233,5.0
1012605,201900054136,7,12,00:05,5,2,1,1.0,2.0,74112,Route de Bellegarde (Ãpagny),M,"45,9275110","6,0846750",74,2019,50.0,1.0,1.0,3.0,2264472,7.0,2,1,1,5.0,,0.0,0,2000.0,A01,138Â 204Â 235,1.0,-1.0,-1.0,1728507,1.0,7,,0.0,2.0,2.0,A01,138Â 204Â 235,1.0
1012606,201900054137,8,17,16:06,1,2,1,1.0,6.0,67482,CASTELNAU (RUE DU GENERAL DE),M,"48,5878600","7,7485910",67,2019,30.0,1.0,1.0,4.0,2264473,1.0,1,1,1,4.0,,-1.0,0,1962.0,A01,138Â 204Â 232,1.0,8.0,-1.0,1728508,1.0,7,,0.0,1.0,5.0,A01,138Â 204Â 232,1.0
1012606,201900054137,8,17,16:06,1,2,1,1.0,6.0,67482,CASTELNAU (RUE DU GENERAL DE),M,"48,5878600","7,7485910",67,2019,30.0,1.0,1.0,4.0,2264474,10.0,3,4,2,5.0,,6.0,9,1942.0,A01,138Â 204Â 232,8.0,0.0,-1.0,1728508,1.0,7,,0.0,1.0,5.0,A01,138Â 204Â 232,1.0
1012607,201900054138,3,31,05:50,3,1,1,1.0,7.0,85261,D19,M,"46,5644980"," -1,1143210",85,2019,80.0,3.0,1.0,3.0,2264475,1.0,1,3,1,5.0,,0.0,0,1993.0,A01,138Â 204Â 231,1.0,-1.0,-1.0,1728509,2.0,7,,13.0,0.0,1.0,A01,138Â 204Â 231,1.0
1012607,201900054138,3,31,05:50,3,1,1,1.0,7.0,85261,D19,M,"46,5644980"," -1,1143210",85,2019,80.0,3.0,1.0,3.0,2264476,2.0,2,3,2,5.0,,0.0,0,1998.0,A01,138Â 204Â 231,1.0,-1.0,-1.0,1728509,2.0,7,,13.0,0.0,1.0,A01,138Â 204Â 231,1.0
1012607,201900054138,3,31,05:50,3,1,1,1.0,7.0,85261,D19,M,"46,5644980"," -1,1143210",85,2019,80.0,3.0,1.0,3.0,2264477,8.0,2,4,2,5.0,,0.0,0,2000.0,A01,138Â 204Â 231,1.0,-1.0,-1.0,1728509,2.0,7,,13.0,0.0,1.0,A01,138Â 204Â 231,1.0
1012608,201900054139,8,16,18:40,1,2,1,1.0,3.0,67482,FOUDAY (RUE DE),M,"48,5746520","7,7309340",67,2019,50.0,1.0,1.0,4.0,2264478,1.0,1,1,1,0.0,,-1.0,0,1981.0,A01,138Â 204Â 228,1.0,8.0,-1.0,1728510,1.0,7,,0.0,2.0,1.0,A01,138Â 204Â 228,1.0
1012608,201900054139,8,16,18:40,1,2,1,1.0,3.0,67482,FOUDAY (RUE DE),M,"48,5746520","7,7309340",67,2019,50.0,1.0,1.0,4.0,2264478,1.0,1,1,1,0.0,,-1.0,0,1981.0,A01,138Â 204Â 228,1.0,8.0,-1.0,1728511,2.0,1,,0.0,2.0,4.0,B01,138Â 204Â 229,5.0
1012608,201900054139,8,16,18:40,1,2,1,1.0,3.0,67482,FOUDAY (RUE DE),M,"48,5746520","7,7309340",67,2019,50.0,1.0,1.0,4.0,2264479,1.0,1,4,2,0.0,,-1.0,0,2010.0,B01,138Â 204Â 229,2.0,8.0,-1.0,1728510,1.0,7,,0.0,2.0,1.0,A01,138Â 204Â 228,1.0
1012608,201900054139,8,16,18:40,1,2,1,1.0,3.0,67482,FOUDAY (RUE DE),M,"48,5746520","7,7309340",67,2019,50.0,1.0,1.0,4.0,2264479,1.0,1,4,2,0.0,,-1.0,0,2010.0,B01,138Â 204Â 229,2.0,8.0,-1.0,1728511,2.0,1,,0.0,2.0,4.0,B01,138Â 204Â 229,5.0
1012609,201900054140,8,15,04:20,5,2,1,1.0,6.0,67482,RHIN (AVENUE DU),M,"48,5726740","7,7927460",67,2019,50.0,1.0,1.0,4.0,2264480,1.0,1,2,1,5.0,,-1.0, -1,1998.0,A01,138Â 204Â 225,1.0,8.0,-1.0,1728512,1.0,7,,9.0,0.0,1.0,A01,138Â 204Â 225,1.0
1012610,201900054141,8,14,18:10,1,2,1,1.0,1.0,67482,LA FONTAINE (BOULEVARD),M,"48,5890700","7,7054200",67,2019,30.0,1.0,1.0,6.0,2264481,2.0,2,1,2,0.0,,0.0,0,1963.0,A01,138Â 204Â 223,1.0,0.0,-1.0,1728513,1.0,7,,9.0,2.0,1.0,A01,138Â 204Â 223,1.0
1012610,201900054141,8,14,18:10,1,2,1,1.0,1.0,67482,LA FONTAINE (BOULEVARD),M,"48,5890700","7,7054200",67,2019,30.0,1.0,1.0,6.0,2264481,2.0,2,1,2,0.0,,0.0,0,1963.0,A01,138Â 204Â 223,1.0,0.0,-1.0,1728514,1.0,1,,0.0,2.0,7.0,B01,138Â 204Â 224,5.0
1012610,201900054141,8,14,18:10,1,2,1,1.0,1.0,67482,LA FONTAINE (BOULEVARD),M,"48,5890700","7,7054200",67,2019,30.0,1.0,1.0,6.0,2264482,1.0,1,1,2,1.0,,-1.0,0,1963.0,A01,138Â 204Â 223,1.0,8.0,-1.0,1728513,1.0,7,,9.0,2.0,1.0,A01,138Â 204Â 223,1.0
1012610,201900054141,8,14,18:10,1,2,1,1.0,1.0,67482,LA FONTAINE (BOULEVARD),M,"48,5890700","7,7054200",67,2019,30.0,1.0,1.0,6.0,2264482,1.0,1,1,2,1.0,,-1.0,0,1963.0,A01,138Â 204Â 223,1.0,8.0,-1.0,1728514,1.0,1,,0.0,2.0,7.0,B01,138Â 204Â 224,5.0
1012610,201900054141,8,14,18:10,1,2,1,1.0,1.0,67482,LA FONTAINE (BOULEVARD),M,"48,5890700","7,7054200",67,2019,30.0,1.0,1.0,6.0,2264483,1.0,1,3,1,5.0,,-1.0,0,2003.0,B01,138Â 204Â 224,8.0,0.0,-1.0,1728513,1.0,7,,9.0,2.0,1.0,A01,138Â 204Â 223,1.0
1012610,201900054141,8,14,18:10,1,2,1,1.0,1.0,67482,LA FONTAINE (BOULEVARD),M,"48,5890700","7,7054200",67,2019,30.0,1.0,1.0,6.0,2264483,1.0,1,3,1,5.0,,-1.0,0,2003.0,B01,138Â 204Â 224,8.0,0.0,-1.0,1728514,1.0,1,,0.0,2.0,7.0,B01,138Â 204Â 224,5.0
1012611,201900054142,7,9,23:15,3,1,1,1.0,7.0,87019,A20 PK 191.600,M,"45,7631520","1,3294130",87,2019,130.0,3.0,1.0,1.0,2264484,2.0,2,3,2,5.0,,0.0,0,1957.0,A01,138Â 204Â 230,1.0,-1.0,-1.0,1728515,2.0,7,,17.0,0.0,9.0,A01,138Â 204Â 230,1.0
1012611,201900054142,7,9,23:15,3,1,1,1.0,7.0,87019,A20 PK 191.600,M,"45,7631520","1,3294130",87,2019,130.0,3.0,1.0,1.0,2264485,1.0,1,3,1,5.0,,0.0,0,1955.0,A01,138Â 204Â 230,1.0,-1.0,-1.0,1728515,2.0,7,,17.0,0.0,9.0,A01,138Â 204Â 230,1.0
1012612,201900054143,8,14,17:20,1,2,3,2.0,3.0,67482,ROTTERDAM (RUE DE),M,"48,5820600","7,7790500",67,2019,50.0,1.0,1.0,4.0,2264486,1.0,1,1,1,4.0,,-1.0,0,1986.0,A01,138Â 204Â 221,1.0,8.0,-1.0,1728516,1.0,7,,0.0,2.0,6.0,A01,138Â 204Â 221,1.0
1012612,201900054143,8,14,17:20,1,2,3,2.0,3.0,67482,ROTTERDAM (RUE DE),M,"48,5820600","7,7790500",67,2019,50.0,1.0,1.0,4.0,2264486,1.0,1,1,1,4.0,,-1.0,0,1986.0,A01,138Â 204Â 221,1.0,8.0,-1.0,1728517,2.0,2,,0.0,2.0,3.0,B01,138Â 204Â 222,1.0
1012612,201900054143,8,14,17:20,1,2,3,2.0,3.0,67482,ROTTERDAM (RUE DE),M,"48,5820600","7,7790500",67,2019,50.0,1.0,1.0,4.0,2264487,1.0,1,4,1,0.0,,-1.0,0,1990.0,B01,138Â 204Â 222,2.0,8.0,-1.0,1728516,1.0,7,,0.0,2.0,6.0,A01,138Â 204Â 221,1.0
1012612,201900054143,8,14,17:20,1,2,3,2.0,3.0,67482,ROTTERDAM (RUE DE),M,"48,5820600","7,7790500",67,2019,50.0,1.0,1.0,4.0,2264487,1.0,1,4,1,0.0,,-1.0,0,1990.0,B01,138Â 204Â 222,2.0,8.0,-1.0,1728517,2.0,2,,0.0,2.0,3.0,B01,138Â 204Â 222,1.0
1012613,201900054144,7,13,21:15,5,2,1,1.0,6.0,01033,Rue Antoine Jacquet,M,"46,1175710","5,8151610",1,2019,50.0,4.0,1.0,4.0,2264488,1.0,1,3,1,5.0,,0.0,0,2004.0,A01,138Â 204Â 220,2.0,6.0,-1.0,1728518,0.0,2,,8.0,0.0,1.0,A01,138Â 204Â 220,1.0
1012614,201900054145,8,20,12:20,1,2,1,1.0,2.0,66136,FRANCE LIBRE (BOULEVARD DE LA),M,"42,7010200","2,8855700",66,2019,50.0,1.0,1.0,4.0,2264489,1.0,1,1,1,9.0,,-1.0, -1,1973.0,A01,138Â 204Â 218,1.0,8.0,-1.0,1728519,1.0,7,,0.0,2.0,1.0,A01,138Â 204Â 218,1.0
1012614,201900054145,8,20,12:20,1,2,1,1.0,2.0,66136,FRANCE LIBRE (BOULEVARD DE LA),M,"42,7010200","2,8855700",66,2019,50.0,1.0,1.0,4.0,2264489,1.0,1,1,1,9.0,,-1.0, -1,1973.0,A01,138Â 204Â 218,1.0,8.0,-1.0,1728520,1.0,7,,0.0,2.0,0.0,B01,138Â 204Â 219,1.0
1012614,201900054145,8,20,12:20,1,2,1,1.0,2.0,66136,FRANCE LIBRE (BOULEVARD DE LA),M,"42,7010200","2,8855700",66,2019,50.0,1.0,1.0,4.0,2264490,1.0,1,4,2,9.0,,0.0,0,1988.0,B01,138Â 204Â 219,1.0,8.0,-1.0,1728519,1.0,7,,0.0,2.0,1.0,A01,138Â 204Â 218,1.0
1012614,201900054145,8,20,12:20,1,2,1,1.0,2.0,66136,FRANCE LIBRE (BOULEVARD DE LA),M,"42,7010200","2,8855700",66,2019,50.0,1.0,1.0,4.0,2264490,1.0,1,4,2,9.0,,0.0,0,1988.0,B01,138Â 204Â 219,1.0,8.0,-1.0,1728520,1.0,7,,0.0,2.0,0.0,B01,138Â 204Â 219,1.0
1012615,201900054146,7,13,14:10,1,1,1,1.0,5.0,01033,rd1206,M,"46,0952290","5,8546550",1,2019,80.0,1.0,1.0,3.0,2264491,1.0,1,4,2,9.0,,0.0,0,1998.0,C01,138Â 204Â 215,1.0,-1.0,-1.0,1728521,1.0,7,,0.0,2.0,1.0,C01,138Â 204Â 215,1.0
1012615,201900054146,7,13,14:10,1,1,1,1.0,5.0,01033,rd1206,M,"46,0952290","5,8546550",1,2019,80.0,1.0,1.0,3.0,2264491,1.0,1,4,2,9.0,,0.0,0,1998.0,C01,138Â 204Â 215,1.0,-1.0,-1.0,1728522,1.0,7,,0.0,2.0,1.0,B01,138Â 204Â 216,1.0
1012615,201900054146,7,13,14:10,1,1,1,1.0,5.0,01033,rd1206,M,"46,0952290","5,8546550",1,2019,80.0,1.0,1.0,3.0,2264491,1.0,1,4,2,9.0,,0.0,0,1998.0,C01,138Â 204Â 215,1.0,-1.0,-1.0,1728523,2.0,7,,0.0,2.0,7.0,A01,138Â 204Â 217,1.0
1012615,201900054146,7,13,14:10,1,1,1,1.0,5.0,01033,rd1206,M,"46,0952290","5,8546550",1,2019,80.0,1.0,1.0,3.0,2264492,2.0,2,4,2,0.0,,0.0,0,1946.0,B01,138Â 204Â 216,1.0,-1.0,-1.0,1728521,1.0,7,,0.0,2.0,1.0,C01,138Â 204Â 215,1.0
1012615,201900054146,7,13,14:10,1,1,1,1.0,5.0,01033,rd1206,M,"46,0952290","5,8546550",1,2019,80.0,1.0,1.0,3.0,2264492,2.0,2,4,2,0.0,,0.0,0,1946.0,B01,138Â 204Â 216,1.0,-1.0,-1.0,1728522,1.0,7,,0.0,2.0,1.0,B01,138Â 204Â 216,1.0
1012615,201900054146,7,13,14:10,1,1,1,1.0,5.0,01033,rd1206,M,"46,0952290","5,8546550",1,2019,80.0,1.0,1.0,3.0,2264492,2.0,2,4,2,0.0,,0.0,0,1946.0,B01,138Â 204Â 216,1.0,-1.0,-1.0,1728523,2.0,7,,0.0,2.0,7.0,A01,138Â 204Â 217,1.0
1012615,201900054146,7,13,14:10,1,1,1,1.0,5.0,01033,rd1206,M,"46,0952290","5,8546550",1,2019,80.0,1.0,1.0,3.0,2264493,1.0,1,4,1,5.0,,0.0,0,1949.0,B01,138Â 204Â 216,1.0,-1.0,-1.0,1728521,1.0,7,,0.0,2.0,1.0,C01,138Â 204Â 215,1.0
1012615,201900054146,7,13,14:10,1,1,1,1.0,5.0,01033,rd1206,M,"46,0952290","5,8546550",1,2019,80.0,1.0,1.0,3.0,2264493,1.0,1,4,1,5.0,,0.0,0,1949.0,B01,138Â 204Â 216,1.0,-1.0,-1.0,1728522,1.0,7,,0.0,2.0,1.0,B01,138Â 204Â 216,1.0
1012615,201900054146,7,13,14:10,1,1,1,1.0,5.0,01033,rd1206,M,"46,0952290","5,8546550",1,2019,80.0,1.0,1.0,3.0,2264493,1.0,1,4,1,5.0,,0.0,0,1949.0,B01,138Â 204Â 216,1.0,-1.0,-1.0,1728523,2.0,7,,0.0,2.0,7.0,A01,138Â 204Â 217,1.0
1012615,201900054146,7,13,14:10,1,1,1,1.0,5.0,01033,rd1206,M,"46,0952290","5,8546550",1,2019,80.0,1.0,1.0,3.0,2264494,2.0,2,3,1,5.0,,0.0,0,2001.0,B01,138Â 204Â 216,1.0,-1.0,-1.0,1728521,1.0,7,,0.0,2.0,1.0,C01,138Â 204Â 215,1.0
1012615,201900054146,7,13,14:10,1,1,1,1.0,5.0,01033,rd1206,M,"46,0952290","5,8546550",1,2019,80.0,1.0,1.0,3.0,2264494,2.0,2,3,1,5.0,,0.0,0,2001.0,B01,138Â 204Â 216,1.0,-1.0,-1.0,1728522,1.0,7,,0.0,2.0,1.0,B01,138Â 204Â 216,1.0
1012615,201900054146,7,13,14:10,1,1,1,1.0,5.0,01033,rd1206,M,"46,0952290","5,8546550",1,2019,80.0,1.0,1.0,3.0,2264494,2.0,2,3,1,5.0,,0.0,0,2001.0,B01,138Â 204Â 216,1.0,-1.0,-1.0,1728523,2.0,7,,0.0,2.0,7.0,A01,138Â 204Â 217,1.0
1012615,201900054146,7,13,14:10,1,1,1,1.0,5.0,01033,rd1206,M,"46,0952290","5,8546550",1,2019,80.0,1.0,1.0,3.0,2264495,2.0,2,4,1,0.0,,0.0,0,1996.0,B01,138Â 204Â 216,1.0,-1.0,-1.0,1728521,1.0,7,,0.0,2.0,1.0,C01,138Â 204Â 215,1.0