Unnamed: 0_x,num_acc,mois,jour,hrmn,lum,agg,int,atm,col,com,adr,gps,lat,long,dep,annee,vma,situ,surf,catr,Unnamed: 0_y,place,catu,grav,sexe,trajet,secu,locp,actp,an_nais,num_veh_x,id_vehicule_x,secu1,secu2,secu3,Unnamed: 0,senc,catv,occutc,obs,obsm,choc,num_veh_y,id_vehicule_y,motor
1012615,201900054146,7,13,14:10,1,1,1,1.0,5.0,01033,rd1206,M,"46,0952290","5,8546550",1,2019,80.0,1.0,1.0,3.0,2264495,2.0,2,4,1,0.0,,0.0,0,1996.0,B01,138Â 204Â 216,1.0,-1.0,-1.0,1728522,1.0,7,,0.0,2.0,1.0,B01,138Â 204Â 216,1.0
1012615,201900054146,7,13,14:10,1,1,1,1.0,5.0,01033,rd1206,M,"46,0952290","5,8546550",1,2019,80.0,1.0,1.0,3.0,2264495,2.0,2,4,1,0.0,,0.0,0,1996.0,B01,138Â 204Â 216,1.0,-1.0,-1.0,1728523,2.0,7,,0.0,2.0,7.0,A01,138Â 204Â 217,1.0
1012615,201900054146,7,13,14:10,1,1,1,1.0,5.0,01033,rd1206,M,"46,0952290","5,8546550",1,2019,80.0,1.0,1.0,3.0,2264496,1.0,1,1,1,1.0,,0.0,0,1967.0,A01,138Â 204Â 217,1.0,-1.0,-1.0,1728521,1.0,7,,0.0,2.0,1.0,C01,138Â 204Â 215,1.0
1012615,201900054146,7,13,14:10,1,1,1,1.0,5.0,01033,rd1206,M,"46,0952290","5,8546550",1,2019,80.0,1.0,1.0,3.0,2264496,1.0,1,1,1,1.0,,0.0,0,1967.0,A01,138Â 204Â 217,1.0,-1.0,-1.0,1728522,1.0,7,,0.0,2.0,1.0,B01,138Â 204Â 216,1.0
1012615,201900054146,7,13,14:10,1,1,1,1.0,5.0,01033,rd1206,M,"46,0952290","5,8546550",1,2019,80.0,1.0,1.0,3.0,2264496,1.0,1,1,1,1.0,,0.0,0,1967.0,A01,138Â 204Â 217,1.0,-1.0,-1.0,1728523,2.0,7,,0.0,2.0,7.0,A01,138Â 204Â 217,1.0
1012616,201900054147,3,29,19:30,3,1,5,1.0,3.0,27518,"D810, accÃ¨s A131",M,"49,4508390","0,5476440",27,2019,-1.0,1.0,1.0,1.0,2264497,1.0,1,1,2,5.0,,0.0,0,1973.0,A01,138Â 204Â 226,1.0,-1.0,-1.0,1728524,0.0,7,,0.0,2.0,2.0,A01,138Â 204Â 226,1.0
1012616,201900054147,3,29,19:30,3,1,5,1.0,3.0,27518,"D810, accÃ¨s A131",M,"49,4508390","0,5476440",27,2019,-1.0,1.0,1.0,1.0,2264497,1.0,1,1,2,5.0,,0.0,0,1973.0,A01,138Â 204Â 226,1.0,-1.0,-1.0,1728525,0.0,33,,0.0,2.0,7.0,B01,138Â 204Â 227,1.0
1012616,201900054147,3,29,19:30,3,1,5,1.0,3.0,27518,"D810, accÃ¨s A131",M,"49,4508390","0,5476440",27,2019,-1.0,1.0,1.0,1.0,2264498,2.0,2,3,2,5.0,,0.0,0,2005.0,B01,138Â 204Â 227,2.0,6.0,-1.0,1728524,0.0,7,,0.0,2.0,2.0,A01,138Â 204Â 226,1.0
1012616,201900054147,3,29,19:30,3,1,5,1.0,3.0,27518,"D810, accÃ¨s A131",M,"49,4508390","0,5476440",27,2019,-1.0,1.0,1.0,1.0,2264498,2.0,2,3,2,5.0,,0.0,0,2005.0,B01,138Â 204Â 227,2.0,6.0,-1.0,1728525,0.0,33,,0.0,2.0,7.0,B01,138Â 204Â 227,1.0
1012616,201900054147,3,29,19:30,3,1,5,1.0,3.0,27518,"D810, accÃ¨s A131",M,"49,4508390","0,5476440",27,2019,-1.0,1.0,1.0,1.0,2264499,1.0,1,3,1,5.0,,0.0,0,1970.0,B01,138Â 204Â 227,2.0,6.0,-1.0,1728524,0.0,7,,0.0,2.0,2.0,A01,138Â 204Â 226,1.0
1012616,201900054147,3,29,19:30,3,1,5,1.0,3.0,27518,"D810, accÃ¨s A131",M,"49,4508390","0,5476440",27,2019,-1.0,1.0,1.0,1.0,2264499,1.0,1,3,1,5.0,,0.0,0,1970.0,B01,138Â 204Â 227,2.0,6.0,-1.0,1728525,0.0,33,,0.0,2.0,7.0,B01,138Â 204Â 227,1.0
1012617,201900054148,8,18,15:35,1,2,1,8.0,1.0,60175,BOURSIER (RUE),M,"49,2617900","2,4776500",60,2019,30.0,1.0,2.0,4.0,2264500,1.0,1,4,2,5.0,,-1.0,0,1996.0,B01,138Â 204Â 213,1.0,8.0,-1.0,1728526,2.0,7,,0.0,2.0,3.0,B01,138Â 204Â 213,6.0
1012617,201900054148,8,18,15:35,1,2,1,8.0,1.0,60175,BOURSIER (RUE),M,"49,2617900","2,4776500",60,2019,30.0,1.0,2.0,4.0,2264500,1.0,1,4,2,5.0,,-1.0,0,1996.0,B01,138Â 204Â 213,1.0,8.0,-1.0,1728527,1.0,10,,0.0,2.0,3.0,A01,138Â 204Â 214,1.0
1012617,201900054148,8,18,15:35,1,2,1,8.0,1.0,60175,BOURSIER (RUE),M,"49,2617900","2,4776500",60,2019,30.0,1.0,2.0,4.0,2264501,1.0,1,4,1,4.0,,-1.0,0,1985.0,A01,138Â 204Â 214,1.0,5.0,-1.0,1728526,2.0,7,,0.0,2.0,3.0,B01,138Â 204Â 213,6.0
1012617,201900054148,8,18,15:35,1,2,1,8.0,1.0,60175,BOURSIER (RUE),M,"49,2617900","2,4776500",60,2019,30.0,1.0,2.0,4.0,2264501,1.0,1,4,1,4.0,,-1.0,0,1985.0,A01,138Â 204Â 214,1.0,5.0,-1.0,1728527,1.0,10,,0.0,2.0,3.0,A01,138Â 204Â 214,1.0
1012617,201900054148,8,18,15:35,1,2,1,8.0,1.0,60175,BOURSIER (RUE),M,"49,2617900","2,4776500",60,2019,30.0,1.0,2.0,4.0,2264502,4.0,2,1,1,4.0,,-1.0,0,1991.0,A01,138Â 204Â 214,1.0,5.0,-1.0,1728526,2.0,7,,0.0,2.0,3.0,B01,138Â 204Â 213,6.0
1012617,201900054148,8,18,15:35,1,2,1,8.0,1.0,60175,BOURSIER (RUE),M,"49,2617900","2,4776500",60,2019,30.0,1.0,2.0,4.0,2264502,4.0,2,1,1,4.0,,-1.0,0,1991.0,A01,138Â 204Â 214,1.0,5.0,-1.0,1728527,1.0,10,,0.0,2.0,3.0,A01,138Â 204Â 214,1.0
1012617,201900054148,8,18,15:35,1,2,1,8.0,1.0,60175,BOURSIER (RUE),M,"49,2617900","2,4776500",60,2019,30.0,1.0,2.0,4.0,2264503,2.0,2,4,1,4.0,,-1.0,0,1993.0,A01,138Â 204Â 214,1.0,0.0,-1.0,1728526,2.0,7,,0.0,2.0,3.0,B01,138Â 204Â 213,6.0
1012617,201900054148,8,18,15:35,1,2,1,8.0,1.0,60175,BOURSIER (RUE),M,"49,2617900","2,4776500",60,2019,30.0,1.0,2.0,4.0,2264503,2.0,2,4,1,4.0,,-1.0,0,1993.0,A01,138Â 204Â 214,1.0,0.0,-1.0,1728527,1.0,10,,0.0,2.0,3.0,A01,138Â 204Â 214,1.0
1012618,201900054149,7,12,01:45,3,1,1,1.0,7.0,01257,RD14,M,"46,1813200","5,8071560",1,2019,80.0,3.0,1.0,3.0,2264504,7.0,2,4,1,5.0,,0.0,0,2002.0,A01,138Â 204Â 211,8.0,-1.0,-1.0,1728528,2.0,7,,2.0,0.0,8.0,A01,138Â 204Â 211,1.0
1012618,201900054149,7,12,01:45,3,1,1,1.0,7.0,01257,RD14,M,"46,1813200","5,8071560",1,2019,80.0,3.0,1.0,3.0,2264505,2.0,2,1,1,5.0,,0.0,0,2001.0,A01,138Â 204Â 211,8.0,-1.0,-1.0,1728528,2.0,7,,2.0,0.0,8.0,A01,138Â 204Â 211,1.0
1012618,201900054149,7,12,01:45,3,1,1,1.0,7.0,01257,RD14,M,"46,1813200","5,8071560",1,2019,80.0,3.0,1.0,3.0,2264506,8.0,2,1,1,5.0,,0.0,0,2001.0,A01,138Â 204Â 211,8.0,-1.0,-1.0,1728528,2.0,7,,2.0,0.0,8.0,A01,138Â 204Â 211,1.0
1012618,201900054149,7,12,01:45,3,1,1,1.0,7.0,01257,RD14,M,"46,1813200","5,8071560",1,2019,80.0,3.0,1.0,3.0,2264507,1.0,1,1,1,5.0,,0.0,0,2001.0,A01,138Â 204Â 211,8.0,-1.0,-1.0,1728528,2.0,7,,2.0,0.0,8.0,A01,138Â 204Â 211,1.0
1012618,201900054149,7,12,01:45,3,1,1,1.0,7.0,01257,RD14,M,"46,1813200","5,8071560",1,2019,80.0,3.0,1.0,3.0,2264508,9.0,2,3,1,5.0,,0.0,0,2002.0,A01,138Â 204Â 211,0.0,-1.0,-1.0,1728528,2.0,7,,2.0,0.0,8.0,A01,138Â 204Â 211,1.0
1012619,201900054150,3,29,23:50,3,1,1,1.0,3.0,28319,Route dÃ©partementale 2020,M,"48,2756450","1,9763420",28,2019,80.0,1.0,1.0,3.0,2264509,2.0,2,2,1,5.0,,0.0,0,1996.0,B01,138Â 204Â 210,1.0,-1.0,-1.0,1728529,2.0,7,,0.0,2.0,7.0,B01,138Â 204Â 210,1.0
1012619,201900054150,3,29,23:50,3,1,1,1.0,3.0,28319,Route dÃ©partementale 2020,M,"48,2756450","1,9763420",28,2019,80.0,1.0,1.0,3.0,2264509,2.0,2,2,1,5.0,,0.0,0,1996.0,B01,138Â 204Â 210,1.0,-1.0,-1.0,1728530,1.0,7,,0.0,2.0,1.0,A01,138Â 204Â 212,1.0
1012619,201900054150,3,29,23:50,3,1,1,1.0,3.0,28319,Route dÃ©partementale 2020,M,"48,2756450","1,9763420",28,2019,80.0,1.0,1.0,3.0,2264510,1.0,1,4,1,5.0,,0.0,0,1996.0,B01,138Â 204Â 210,1.0,-1.0,-1.0,1728529,2.0,7,,0.0,2.0,7.0,B01,138Â 204Â 210,1.0
1012619,201900054150,3,29,23:50,3,1,1,1.0,3.0,28319,Route dÃ©partementale 2020,M,"48,2756450","1,9763420",28,2019,80.0,1.0,1.0,3.0,2264510,1.0,1,4,1,5.0,,0.0,0,1996.0,B01,138Â 204Â 210,1.0,-1.0,-1.0,1728530,1.0,7,,0.0,2.0,1.0,A01,138Â 204Â 212,1.0
1012619,201900054150,3,29,23:50,3,1,1,1.0,3.0,28319,Route dÃ©partementale 2020,M,"48,2756450","1,9763420",28,2019,80.0,1.0,1.0,3.0,2264511,1.0,1,3,1,0.0,,0.0,0,1982.0,A01,138Â 204Â 212,0.0,-1.0,-1.0,1728529,2.0,7,,0.0,2.0,7.0,B01,138Â 204Â 210,1.0
1012619,201900054150,3,29,23:50,3,1,1,1.0,3.0,28319,Route dÃ©partementale 2020,M,"48,2756450","1,9763420",28,2019,80.0,1.0,1.0,3.0,2264511,1.0,1,3,1,0.0,,0.0,0,1982.0,A01,138Â 204Â 212,0.0,-1.0,-1.0,1728530,1.0,7,,0.0,2.0,1.0,A01,138Â 204Â 212,1.0
1012620,201900054151,8,20,16:20,1,2,1,1.0,2.0,59352,VILLAS (HAMEAU DES),M,"50,7403700","3,0834800",59,2019,50.0,1.0,1.0,7.0,2264512,1.0,1,1,1,0.0,,-1.0,0,1996.0,B01,138Â 204Â 207,1.0,0.0,-1.0,1728531,1.0,7,,0.0,2.0,1.0,B01,138Â 204Â 207,1.0
1012620,201900054151,8,20,16:20,1,2,1,1.0,2.0,59352,VILLAS (HAMEAU DES),M,"50,7403700","3,0834800",59,2019,50.0,1.0,1.0,7.0,2264512,1.0,1,1,1,0.0,,-1.0,0,1996.0,B01,138Â 204Â 207,1.0,0.0,-1.0,1728532,1.0,7,,0.0,2.0,4.0,A01,138Â 204Â 209,1.0
1012620,201900054151,8,20,16:20,1,2,1,1.0,2.0,59352,VILLAS (HAMEAU DES),M,"50,7403700","3,0834800",59,2019,50.0,1.0,1.0,7.0,2264513,2.0,2,4,2,0.0,,-1.0,0,1972.0,A01,138Â 204Â 209,1.0,0.0,-1.0,1728531,1.0,7,,0.0,2.0,1.0,B01,138Â 204Â 207,1.0
1012620,201900054151,8,20,16:20,1,2,1,1.0,2.0,59352,VILLAS (HAMEAU DES),M,"50,7403700","3,0834800",59,2019,50.0,1.0,1.0,7.0,2264513,2.0,2,4,2,0.0,,-1.0,0,1972.0,A01,138Â 204Â 209,1.0,0.0,-1.0,1728532,1.0,7,,0.0,2.0,4.0,A01,138Â 204Â 209,1.0
1012620,201900054151,8,20,16:20,1,2,1,1.0,2.0,59352,VILLAS (HAMEAU DES),M,"50,7403700","3,0834800",59,2019,50.0,1.0,1.0,7.0,2264514,1.0,1,4,1,0.0,,-1.0,0,1970.0,A01,138Â 204Â 209,1.0,0.0,-1.0,1728531,1.0,7,,0.0,2.0,1.0,B01,138Â 204Â 207,1.0
1012620,201900054151,8,20,16:20,1,2,1,1.0,2.0,59352,VILLAS (HAMEAU DES),M,"50,7403700","3,0834800",59,2019,50.0,1.0,1.0,7.0,2264514,1.0,1,4,1,0.0,,-1.0,0,1970.0,A01,138Â 204Â 209,1.0,0.0,-1.0,1728532,1.0,7,,0.0,2.0,4.0,A01,138Â 204Â 209,1.0
1012621,201900054152,7,11,19:05,1,1,1,1.0,2.0,85153,La BonniÃ¨re,M,"46,7915000"," -1,1001800",85,2019,80.0,1.0,1.0,3.0,2264515,1.0,1,3,1,9.0,,0.0,0,1957.0,B01,138Â 204Â 206,0.0,-1.0,-1.0,1728533,2.0,21,,0.0,2.0,4.0,B01,138Â 204Â 206,1.0
1012621,201900054152,7,11,19:05,1,1,1,1.0,2.0,85153,La BonniÃ¨re,M,"46,7915000"," -1,1001800",85,2019,80.0,1.0,1.0,3.0,2264515,1.0,1,3,1,9.0,,0.0,0,1957.0,B01,138Â 204Â 206,0.0,-1.0,-1.0,1728534,2.0,7,,0.0,2.0,1.0,A01,138Â 204Â 208,1.0
1012621,201900054152,7,11,19:05,1,1,1,1.0,2.0,85153,La BonniÃ¨re,M,"46,7915000"," -1,1001800",85,2019,80.0,1.0,1.0,3.0,2264516,1.0,1,3,1,5.0,,0.0,0,1989.0,A01,138Â 204Â 208,1.0,-1.0,-1.0,1728533,2.0,21,,0.0,2.0,4.0,B01,138Â 204Â 206,1.0
1012621,201900054152,7,11,19:05,1,1,1,1.0,2.0,85153,La BonniÃ¨re,M,"46,7915000"," -1,1001800",85,2019,80.0,1.0,1.0,3.0,2264516,1.0,1,3,1,5.0,,0.0,0,1989.0,A01,138Â 204Â 208,1.0,-1.0,-1.0,1728534,2.0,7,,0.0,2.0,1.0,A01,138Â 204Â 208,1.0
1012622,201900054153,3,29,18:25,1,1,1,1.0,1.0,37085,Le Bas Vau,M,"47,2462100","0,8869180",37,2019,80.0,1.0,1.0,3.0,2264517,1.0,1,3,2,9.0,,0.0,0,1980.0,B01,138Â 204Â 204,1.0,-1.0,-1.0,1728535,1.0,7,,0.0,0.0,1.0,B01,138Â 204Â 204,1.0
1012622,201900054153,3,29,18:25,1,1,1,1.0,1.0,37085,Le Bas Vau,M,"47,2462100","0,8869180",37,2019,80.0,1.0,1.0,3.0,2264517,1.0,1,3,2,9.0,,0.0,0,1980.0,B01,138Â 204Â 204,1.0,-1.0,-1.0,1728536,2.0,7,,0.0,2.0,7.0,A01,138Â 204Â 205,1.0
1012622,201900054153,3,29,18:25,1,1,1,1.0,1.0,37085,Le Bas Vau,M,"47,2462100","0,8869180",37,2019,80.0,1.0,1.0,3.0,2264518,1.0,1,2,1,3.0,,0.0,0,1986.0,A01,138Â 204Â 205,1.0,-1.0,-1.0,1728535,1.0,7,,0.0,0.0,1.0,B01,138Â 204Â 204,1.0
1012622,201900054153,3,29,18:25,1,1,1,1.0,1.0,37085,Le Bas Vau,M,"47,2462100","0,8869180",37,2019,80.0,1.0,1.0,3.0,2264518,1.0,1,2,1,3.0,,0.0,0,1986.0,A01,138Â 204Â 205,1.0,-1.0,-1.0,1728536,2.0,7,,0.0,2.0,7.0,A01,138Â 204Â 205,1.0
1012623,201900054154,7,12,19:00,1,1,1,1.0,6.0,34259,RN109,M,"43,6288640","3,7746800",34,2019,110.0,3.0,1.0,2.0,2264519,1.0,1,3,1,5.0,,0.0,0,1988.0,A01,138Â 204Â 201,0.0,-1.0,-1.0,1728537,2.0,7,,3.0,0.0,9.0,A01,138Â 204Â 201,1.0
1012624,201900054155,8,19,19:22,1,2,3,1.0,3.0,59486,NATIONALE (RUE),M,"50,4163400","3,1367900",59,2019,50.0,3.0,1.0,3.0,2264520,1.0,1,1,1,5.0,,-1.0,0,1948.0,A01,138Â 204Â 200,1.0,8.0,-1.0,1728538,2.0,7,,0.0,2.0,8.0,A01,138Â 204Â 200,1.0
1012624,201900054155,8,19,19:22,1,2,3,1.0,3.0,59486,NATIONALE (RUE),M,"50,4163400","3,1367900",59,2019,50.0,3.0,1.0,3.0,2264520,1.0,1,1,1,5.0,,-1.0,0,1948.0,A01,138Â 204Â 200,1.0,8.0,-1.0,1728539,1.0,2,,0.0,2.0,1.0,B01,138Â 204Â 203,1.0
1012624,201900054155,8,19,19:22,1,2,3,1.0,3.0,59486,NATIONALE (RUE),M,"50,4163400","3,1367900",59,2019,50.0,3.0,1.0,3.0,2264521,2.0,2,1,2,5.0,,-1.0,0,1955.0,A01,138Â 204Â 200,1.0,8.0,-1.0,1728538,2.0,7,,0.0,2.0,8.0,A01,138Â 204Â 200,1.0
1012624,201900054155,8,19,19:22,1,2,3,1.0,3.0,59486,NATIONALE (RUE),M,"50,4163400","3,1367900",59,2019,50.0,3.0,1.0,3.0,2264521,2.0,2,1,2,5.0,,-1.0,0,1955.0,A01,138Â 204Â 200,1.0,8.0,-1.0,1728539,1.0,2,,0.0,2.0,1.0,B01,138Â 204Â 203,1.0
1012624,201900054155,8,19,19:22,1,2,3,1.0,3.0,59486,NATIONALE (RUE),M,"50,4163400","3,1367900",59,2019,50.0,3.0,1.0,3.0,2264522,1.0,1,3,1,1.0,,-1.0,0,1982.0,B01,138Â 204Â 203,2.0,8.0,-1.0,1728538,2.0,7,,0.0,2.0,8.0,A01,138Â 204Â 200,1.0
1012624,201900054155,8,19,19:22,1,2,3,1.0,3.0,59486,NATIONALE (RUE),M,"50,4163400","3,1367900",59,2019,50.0,3.0,1.0,3.0,2264522,1.0,1,3,1,1.0,,-1.0,0,1982.0,B01,138Â 204Â 203,2.0,8.0,-1.0,1728539,1.0,2,,0.0,2.0,1.0,B01,138Â 204Â 203,1.0
1012625,201900054156,3,28,13:00,1,2,2,1.0,3.0,37139,29 Avenue Louis-Charles d'Albert Duc de Luynes,M,"47,3901840","0,5468972",37,2019,30.0,1.0,1.0,3.0,2264523,1.0,1,3,1,0.0,,0.0,0,1987.0,B01,138Â 204Â 199,2.0,-1.0,-1.0,1728540,1.0,33,,0.0,2.0,8.0,B01,138Â 204Â 199,1.0
1012625,201900054156,3,28,13:00,1,2,2,1.0,3.0,37139,29 Avenue Louis-Charles d'Albert Duc de Luynes,M,"47,3901840","0,5468972",37,2019,30.0,1.0,1.0,3.0,2264523,1.0,1,3,1,0.0,,0.0,0,1987.0,B01,138Â 204Â 199,2.0,-1.0,-1.0,1728541,2.0,7,,0.0,2.0,1.0,A01,138Â 204Â 202,1.0
1012625,201900054156,3,28,13:00,1,2,2,1.0,3.0,37139,29 Avenue Louis-Charles d'Albert Duc de Luynes,M,"47,3901840","0,5468972",37,2019,30.0,1.0,1.0,3.0,2264524,1.0,1,1,2,9.0,,0.0,0,1964.0,A01,138Â 204Â 202,1.0,-1.0,-1.0,1728540,1.0,33,,0.0,2.0,8.0,B01,138Â 204Â 199,1.0
1012625,201900054156,3,28,13:00,1,2,2,1.0,3.0,37139,29 Avenue Louis-Charles d'Albert Duc de Luynes,M,"47,3901840","0,5468972",37,2019,30.0,1.0,1.0,3.0,2264524,1.0,1,1,2,9.0,,0.0,0,1964.0,A01,138Â 204Â 202,1.0,-1.0,-1.0,1728541,2.0,7,,0.0,2.0,1.0,A01,138Â 204Â 202,1.0
1012626,201900054157,7,12,11:15,1,1,1,1.0,1.0,38113,D1075,M,"44,8322800","5,6046700",38,2019,80.0,1.0,1.0,3.0,2264525,2.0,2,1,1,4.0,,0.0,0,1991.0,B01,138Â 204Â 197,1.0,-1.0,-1.0,1728542,2.0,10,,0.0,2.0,8.0,B01,138Â 204Â 197,1.0
1012626,201900054157,7,12,11:15,1,1,1,1.0,1.0,38113,D1075,M,"44,8322800","5,6046700",38,2019,80.0,1.0,1.0,3.0,2264525,2.0,2,1,1,4.0,,0.0,0,1991.0,B01,138Â 204Â 197,1.0,-1.0,-1.0,1728543,1.0,33,,0.0,2.0,1.0,A01,138Â 204Â 198,1.0
1012626,201900054157,7,12,11:15,1,1,1,1.0,1.0,38113,D1075,M,"44,8322800","5,6046700",38,2019,80.0,1.0,1.0,3.0,2264526,1.0,1,1,1,4.0,,0.0,0,1961.0,B01,138Â 204Â 197,1.0,-1.0,-1.0,1728542,2.0,10,,0.0,2.0,8.0,B01,138Â 204Â 197,1.0
1012626,201900054157,7,12,11:15,1,1,1,1.0,1.0,38113,D1075,M,"44,8322800","5,6046700",38,2019,80.0,1.0,1.0,3.0,2264526,1.0,1,1,1,4.0,,0.0,0,1961.0,B01,138Â 204Â 197,1.0,-1.0,-1.0,1728543,1.0,33,,0.0,2.0,1.0,A01,138Â 204Â 198,1.0
1012626,201900054157,7,12,11:15,1,1,1,1.0,1.0,38113,D1075,M,"44,8322800","5,6046700",38,2019,80.0,1.0,1.0,3.0,2264527,1.0,1,2,1,0.0,,0.0,0,1996.0,A01,138Â 204Â 198,2.0,6.0,-1.0,1728542,2.0,10,,0.0,2.0,8.0,B01,138Â 204Â 197,1.0
1012626,201900054157,7,12,11:15,1,1,1,1.0,1.0,38113,D1075,M,"44,8322800","5,6046700",38,2019,80.0,1.0,1.0,3.0,2264527,1.0,1,2,1,0.0,,0.0,0,1996.0,A01,138Â 204Â 198,2.0,6.0,-1.0,1728543,1.0,33,,0.0,2.0,1.0,A01,138Â 204Â 198,1.0
1012627,201900054158,3,30,11:45,1,1,1,1.0,7.0,37054,Route de Vernou,M,"47,4754520","0,7225030",37,2019,80.0,8.0,1.0,3.0,2264528,1.0,1,4,1,5.0,,0.0,0,2001.0,A01,138Â 204Â 196,2.0,6.0,-1.0,1728544,2.0,31,,0.0,0.0,1.0,A01,138Â 204Â 196,0.0
1012628,201900054159,8,18,12:05,1,2,3,1.0,6.0,57757,MARGUERITE (RUE),M,"49,3473700","6,2004400",57,2019,50.0,1.0,2.0,4.0,2264529,10.0,3,4,2,1.0,,3.0,3,1979.0,A01,138Â 204Â 194,8.0,0.0,-1.0,1728545,1.0,7,,0.0,1.0,2.0,A01,138Â 204Â 194,1.0
1012628,201900054159,8,18,12:05,1,2,3,1.0,6.0,57757,MARGUERITE (RUE),M,"49,3473700","6,2004400",57,2019,50.0,1.0,2.0,4.0,2264530,1.0,1,1,1,5.0,,-1.0, -1,1969.0,A01,138Â 204Â 194,1.0,0.0,-1.0,1728545,1.0,7,,0.0,1.0,2.0,A01,138Â 204Â 194,1.0
1012629,201900054160,7,13,18:30,1,1,1,1.0,6.0,23080,RD26,M,"45,7501190","2,1266070",23,2019,80.0,1.0,1.0,3.0,2264531,1.0,1,3,1,5.0,,0.0,0,1984.0,B01,138Â 204Â 193,2.0,6.0,9.0,1728546,1.0,33,,0.0,2.0,1.0,B01,138Â 204Â 193,1.0
1012629,201900054160,7,13,18:30,1,1,1,1.0,6.0,23080,RD26,M,"45,7501190","2,1266070",23,2019,80.0,1.0,1.0,3.0,2264531,1.0,1,3,1,5.0,,0.0,0,1984.0,B01,138Â 204Â 193,2.0,6.0,9.0,1728547,1.0,33,,5.0,0.0,1.0,A01,138Â 204Â 195,1.0
1012629,201900054160,7,13,18:30,1,1,1,1.0,6.0,23080,RD26,M,"45,7501190","2,1266070",23,2019,80.0,1.0,1.0,3.0,2264532,1.0,1,1,1,5.0,,0.0,0,1959.0,A01,138Â 204Â 195,2.0,6.0,9.0,1728546,1.0,33,,0.0,2.0,1.0,B01,138Â 204Â 193,1.0
1012629,201900054160,7,13,18:30,1,1,1,1.0,6.0,23080,RD26,M,"45,7501190","2,1266070",23,2019,80.0,1.0,1.0,3.0,2264532,1.0,1,1,1,5.0,,0.0,0,1959.0,A01,138Â 204Â 195,2.0,6.0,9.0,1728547,1.0,33,,5.0,0.0,1.0,A01,138Â 204Â 195,1.0
1012630,201900054161,3,31,09:45,1,2,3,1.0,1.0,48032,La Brousse,M,"44,6289140","3,2374770",48,2019,50.0,1.0,1.0,4.0,2264533,1.0,1,1,1,5.0,,0.0,0,1986.0,B01,138Â 204Â 189,1.0,-1.0,-1.0,1728548,3.0,7,,0.0,2.0,1.0,B01,138Â 204Â 189,1.0
1012630,201900054161,3,31,09:45,1,2,3,1.0,1.0,48032,La Brousse,M,"44,6289140","3,2374770",48,2019,50.0,1.0,1.0,4.0,2264533,1.0,1,1,1,5.0,,0.0,0,1986.0,B01,138Â 204Â 189,1.0,-1.0,-1.0,1728549,3.0,2,,0.0,2.0,1.0,A01,138Â 204Â 192,1.0
1012630,201900054161,3,31,09:45,1,2,3,1.0,1.0,48032,La Brousse,M,"44,6289140","3,2374770",48,2019,50.0,1.0,1.0,4.0,2264534,1.0,1,3,1,5.0,,0.0,0,2004.0,A01,138Â 204Â 192,2.0,6.0,-1.0,1728548,3.0,7,,0.0,2.0,1.0,B01,138Â 204Â 189,1.0
1012630,201900054161,3,31,09:45,1,2,3,1.0,1.0,48032,La Brousse,M,"44,6289140","3,2374770",48,2019,50.0,1.0,1.0,4.0,2264534,1.0,1,3,1,5.0,,0.0,0,2004.0,A01,138Â 204Â 192,2.0,6.0,-1.0,1728549,3.0,2,,0.0,2.0,1.0,A01,138Â 204Â 192,1.0
1012631,201900054162,8,19,17:23,1,2,6,1.0,6.0,56121,KENNEDY (RD-PT du PrÃ©sident),M,"47,7637200"," -3,3796400",56,2019,50.0,1.0,1.0,4.0,2264535,1.0,1,4,2,5.0,,0.0,0,1989.0,A01,138Â 204Â 190,1.0,8.0,-1.0,1728550,3.0,7,,8.0,0.0,1.0,A01,138Â 204Â 190,1.0
1012632,201900054163,3,16,16:35,1,1,1,1.0,3.0,87001,D2000,M,"45,8185120","1,1258650",87,2019,80.0,2.0,1.0,3.0,2264536,1.0,1,3,1,5.0,,0.0,0,1958.0,B01,138Â 204Â 188,2.0,-1.0,-1.0,1728551,2.0,33,,0.0,2.0,3.0,B01,138Â 204Â 188,1.0
1012632,201900054163,3,16,16:35,1,1,1,1.0,3.0,87001,D2000,M,"45,8185120","1,1258650",87,2019,80.0,2.0,1.0,3.0,2264536,1.0,1,3,1,5.0,,0.0,0,1958.0,B01,138Â 204Â 188,2.0,-1.0,-1.0,1728552,1.0,7,,0.0,2.0,3.0,A01,138Â 204Â 191,1.0
1012632,201900054163,3,16,16:35,1,1,1,1.0,3.0,87001,D2000,M,"45,8185120","1,1258650",87,2019,80.0,2.0,1.0,3.0,2264537,1.0,1,1,2,5.0,,0.0,0,1994.0,A01,138Â 204Â 191,1.0,-1.0,-1.0,1728551,2.0,33,,0.0,2.0,3.0,B01,138Â 204Â 188,1.0
1012632,201900054163,3,16,16:35,1,1,1,1.0,3.0,87001,D2000,M,"45,8185120","1,1258650",87,2019,80.0,2.0,1.0,3.0,2264537,1.0,1,1,2,5.0,,0.0,0,1994.0,A01,138Â 204Â 191,1.0,-1.0,-1.0,1728552,1.0,7,,0.0,2.0,3.0,A01,138Â 204Â 191,1.0
1012633,201900054164,8,19,13:10,1,2,1,1.0,2.0,56121,Av du GÃ©nÃ©ral de Gaulle,M,"47,7397100"," -3,3781200",56,2019,50.0,1.0,1.0,4.0,2264538,1.0,1,4,2,1.0,,0.0,0,1966.0,B01,138Â 204Â 187,2.0,0.0,-1.0,1728553,1.0,7,,0.0,2.0,7.0,Z01,138Â 204Â 186,1.0