Unnamed: 0_x,num_acc,mois,jour,hrmn,lum,agg,int,atm,col,com,adr,gps,lat,long,dep,annee,vma,situ,surf,catr,Unnamed: 0_y,place,catu,grav,sexe,trajet,secu,locp,actp,an_nais,num_veh_x,id_vehicule_x,secu1,secu2,secu3,Unnamed: 0,senc,catv,occutc,obs,obsm,choc,num_veh_y,id_vehicule_y,motor
1012633,201900054164,8,19,13:10,1,2,1,1.0,2.0,56121,Av du GÃ©nÃ©ral de Gaulle,M,"47,7397100"," -3,3781200",56,2019,50.0,1.0,1.0,4.0,2264538,1.0,1,4,2,1.0,,0.0,0,1966.0,B01,138Â 204Â 187,2.0,0.0,-1.0,1728554,1.0,1,,0.0,2.0,6.0,B01,138Â 204Â 187,5.0
1012634,201900054165,3,29,19:45,3,1,1,1.0,7.0,08381,RD 50,M,"49,5243540","4,1086400",8,2019,80.0,3.0,1.0,3.0,2264539,1.0,1,2,1,3.0,,0.0,0,1990.0,A01,138Â 204Â 184,1.0,-1.0,-1.0,1728555,1.0,7,,0.0,0.0,0.0,A01,138Â 204Â 184,1.0
1012634,201900054165,3,29,19:45,3,1,1,1.0,7.0,08381,RD 50,M,"49,5243540","4,1086400",8,2019,80.0,3.0,1.0,3.0,2264540,2.0,2,3,1,3.0,,0.0,0,1999.0,A01,138Â 204Â 184,1.0,-1.0,-1.0,1728555,1.0,7,,0.0,0.0,0.0,A01,138Â 204Â 184,1.0
1012635,201900054166,7,11,08:15,1,2,1,1.0,1.0,62027,RD 54,M,"50,3114180","2,4747620",62,2019,50.0,1.0,1.0,3.0,2264541,1.0,1,3,1,1.0,,0.0,0,1964.0,B01,138Â 204Â 183,1.0,-1.0,-1.0,1728556,1.0,7,,0.0,2.0,1.0,B01,138Â 204Â 183,1.0
1012635,201900054166,7,11,08:15,1,2,1,1.0,1.0,62027,RD 54,M,"50,3114180","2,4747620",62,2019,50.0,1.0,1.0,3.0,2264541,1.0,1,3,1,1.0,,0.0,0,1964.0,B01,138Â 204Â 183,1.0,-1.0,-1.0,1728557,2.0,7,,0.0,2.0,1.0,A01,138Â 204Â 185,1.0
1012635,201900054166,7,11,08:15,1,2,1,1.0,1.0,62027,RD 54,M,"50,3114180","2,4747620",62,2019,50.0,1.0,1.0,3.0,2264542,1.0,1,4,2,1.0,,0.0,0,1977.0,A01,138Â 204Â 185,1.0,-1.0,-1.0,1728556,1.0,7,,0.0,2.0,1.0,B01,138Â 204Â 183,1.0
1012635,201900054166,7,11,08:15,1,2,1,1.0,1.0,62027,RD 54,M,"50,3114180","2,4747620",62,2019,50.0,1.0,1.0,3.0,2264542,1.0,1,4,2,1.0,,0.0,0,1977.0,A01,138Â 204Â 185,1.0,-1.0,-1.0,1728557,2.0,7,,0.0,2.0,1.0,A01,138Â 204Â 185,1.0
1012636,201900054167,8,20,09:40,1,2,1,1.0,3.0,54395,NOTRE DAME DE LOURDES (RUE),M,"48,6755000","6,1771500",54,2019,50.0,1.0,1.0,4.0,2264543,1.0,1,1,1,0.0,,-1.0,0,1991.0,A01,138Â 204Â 181,1.0,0.0,-1.0,1728558,1.0,7,,0.0,-1.0,1.0,A01,138Â 204Â 181,1.0
1012636,201900054167,8,20,09:40,1,2,1,1.0,3.0,54395,NOTRE DAME DE LOURDES (RUE),M,"48,6755000","6,1771500",54,2019,50.0,1.0,1.0,4.0,2264543,1.0,1,1,1,0.0,,-1.0,0,1991.0,A01,138Â 204Â 181,1.0,0.0,-1.0,1728559,1.0,40,,0.0,2.0,7.0,B01,138Â 204Â 182,3.0
1012636,201900054167,8,20,09:40,1,2,1,1.0,3.0,54395,NOTRE DAME DE LOURDES (RUE),M,"48,6755000","6,1771500",54,2019,50.0,1.0,1.0,4.0,2264544,1.0,1,1,1,4.0,,-1.0,0,1971.0,B01,138Â 204Â 182,1.0,0.0,-1.0,1728558,1.0,7,,0.0,-1.0,1.0,A01,138Â 204Â 181,1.0
1012636,201900054167,8,20,09:40,1,2,1,1.0,3.0,54395,NOTRE DAME DE LOURDES (RUE),M,"48,6755000","6,1771500",54,2019,50.0,1.0,1.0,4.0,2264544,1.0,1,1,1,4.0,,-1.0,0,1971.0,B01,138Â 204Â 182,1.0,0.0,-1.0,1728559,1.0,40,,0.0,2.0,7.0,B01,138Â 204Â 182,3.0
1012636,201900054167,8,20,09:40,1,2,1,1.0,3.0,54395,NOTRE DAME DE LOURDES (RUE),M,"48,6755000","6,1771500",54,2019,50.0,1.0,1.0,4.0,2264545,2.0,2,4,1,0.0,,-1.0,0,1976.0,B01,138Â 204Â 182,8.0,0.0,-1.0,1728558,1.0,7,,0.0,-1.0,1.0,A01,138Â 204Â 181,1.0
1012636,201900054167,8,20,09:40,1,2,1,1.0,3.0,54395,NOTRE DAME DE LOURDES (RUE),M,"48,6755000","6,1771500",54,2019,50.0,1.0,1.0,4.0,2264545,2.0,2,4,1,0.0,,-1.0,0,1976.0,B01,138Â 204Â 182,8.0,0.0,-1.0,1728559,1.0,40,,0.0,2.0,7.0,B01,138Â 204Â 182,3.0
1012636,201900054167,8,20,09:40,1,2,1,1.0,3.0,54395,NOTRE DAME DE LOURDES (RUE),M,"48,6755000","6,1771500",54,2019,50.0,1.0,1.0,4.0,2264546,3.0,2,4,2,0.0,,-1.0,0,1960.0,B01,138Â 204Â 182,8.0,0.0,-1.0,1728558,1.0,7,,0.0,-1.0,1.0,A01,138Â 204Â 181,1.0
1012636,201900054167,8,20,09:40,1,2,1,1.0,3.0,54395,NOTRE DAME DE LOURDES (RUE),M,"48,6755000","6,1771500",54,2019,50.0,1.0,1.0,4.0,2264546,3.0,2,4,2,0.0,,-1.0,0,1960.0,B01,138Â 204Â 182,8.0,0.0,-1.0,1728559,1.0,40,,0.0,2.0,7.0,B01,138Â 204Â 182,3.0
1012636,201900054167,8,20,09:40,1,2,1,1.0,3.0,54395,NOTRE DAME DE LOURDES (RUE),M,"48,6755000","6,1771500",54,2019,50.0,1.0,1.0,4.0,2264547,4.0,2,4,1,0.0,,-1.0,0,1954.0,B01,138Â 204Â 182,8.0,0.0,-1.0,1728558,1.0,7,,0.0,-1.0,1.0,A01,138Â 204Â 181,1.0
1012636,201900054167,8,20,09:40,1,2,1,1.0,3.0,54395,NOTRE DAME DE LOURDES (RUE),M,"48,6755000","6,1771500",54,2019,50.0,1.0,1.0,4.0,2264547,4.0,2,4,1,0.0,,-1.0,0,1954.0,B01,138Â 204Â 182,8.0,0.0,-1.0,1728559,1.0,40,,0.0,2.0,7.0,B01,138Â 204Â 182,3.0
1012637,201900054168,3,30,18:59,2,1,1,1.0,2.0,10130,autoroute A26,M,"48,5960180","4,1802650",10,2019,130.0,1.0,1.0,1.0,2264548,2.0,2,1,1,4.0,,0.0,0,1990.0,B01,138Â 204Â 178,1.0,-1.0,-1.0,1728560,2.0,14,,0.0,0.0,4.0,B01,138Â 204Â 178,1.0
1012637,201900054168,3,30,18:59,2,1,1,1.0,2.0,10130,autoroute A26,M,"48,5960180","4,1802650",10,2019,130.0,1.0,1.0,1.0,2264548,2.0,2,1,1,4.0,,0.0,0,1990.0,B01,138Â 204Â 178,1.0,-1.0,-1.0,1728561,2.0,7,,0.0,2.0,1.0,A01,138Â 204Â 180,1.0
1012637,201900054168,3,30,18:59,2,1,1,1.0,2.0,10130,autoroute A26,M,"48,5960180","4,1802650",10,2019,130.0,1.0,1.0,1.0,2264549,1.0,1,1,1,4.0,,0.0,0,1995.0,B01,138Â 204Â 178,1.0,-1.0,-1.0,1728560,2.0,14,,0.0,0.0,4.0,B01,138Â 204Â 178,1.0
1012637,201900054168,3,30,18:59,2,1,1,1.0,2.0,10130,autoroute A26,M,"48,5960180","4,1802650",10,2019,130.0,1.0,1.0,1.0,2264549,1.0,1,1,1,4.0,,0.0,0,1995.0,B01,138Â 204Â 178,1.0,-1.0,-1.0,1728561,2.0,7,,0.0,2.0,1.0,A01,138Â 204Â 180,1.0
1012637,201900054168,3,30,18:59,2,1,1,1.0,2.0,10130,autoroute A26,M,"48,5960180","4,1802650",10,2019,130.0,1.0,1.0,1.0,2264550,1.0,1,3,1,5.0,,0.0,0,1990.0,A01,138Â 204Â 180,1.0,-1.0,-1.0,1728560,2.0,14,,0.0,0.0,4.0,B01,138Â 204Â 178,1.0
1012637,201900054168,3,30,18:59,2,1,1,1.0,2.0,10130,autoroute A26,M,"48,5960180","4,1802650",10,2019,130.0,1.0,1.0,1.0,2264550,1.0,1,3,1,5.0,,0.0,0,1990.0,A01,138Â 204Â 180,1.0,-1.0,-1.0,1728561,2.0,7,,0.0,2.0,1.0,A01,138Â 204Â 180,1.0
1012638,201900054169,7,14,02:00,3,1,1,1.0,6.0,62081,RD 939,M,"50,2114410","3,0573710",62,2019,80.0,3.0,1.0,3.0,2264551,1.0,1,4,1,5.0,,0.0,0,1997.0,A01,138Â 204Â 179,1.0,-1.0,-1.0,1728562,1.0,7,,2.0,0.0,1.0,A01,138Â 204Â 179,1.0
1012639,201900054170,8,19,13:50,1,1,1,1.0,6.0,50602,COUPLETS (ROUTE DES),M,"49,6505200"," -1,5535500",50,2019,80.0,1.0,1.0,3.0,2264552,1.0,1,4,2,5.0,,-1.0,0,2005.0,A01,138Â 204Â 177,2.0,0.0,-1.0,1728563,1.0,1,,16.0,0.0,0.0,A01,138Â 204Â 177,5.0
1012640,201900054171,3,30,08:10,1,1,1,2.0,6.0,97307,RN 4,M,"4,8617970"," -52,3117900",973,2019,80.0,1.0,1.0,2.0,2264553,1.0,1,1,1,1.0,,0.0,0,1982.0,A01,138Â 204Â 176,8.0,-1.0,-1.0,1728564,2.0,10,,0.0,1.0,2.0,A01,138Â 204Â 176,1.0
1012640,201900054171,3,30,08:10,1,1,1,2.0,6.0,97307,RN 4,M,"4,8617970"," -52,3117900",973,2019,80.0,1.0,1.0,2.0,2264554,10.0,3,3,1,5.0,,1.0,3,1965.0,A01,138Â 204Â 176,0.0,-1.0,-1.0,1728564,2.0,10,,0.0,1.0,2.0,A01,138Â 204Â 176,1.0
1012641,201900054172,3,23,00:55,3,1,6,1.0,2.0,13037,Route dÃ©partemantale 10,M,"43,5503160","5,2287330",13,2019,80.0,1.0,1.0,3.0,2264555,1.0,1,4,2,5.0,,0.0,0,1996.0,B01,138Â 204Â 173,1.0,-1.0,-1.0,1728565,2.0,7,,0.0,0.0,4.0,B01,138Â 204Â 173,1.0
1012641,201900054172,3,23,00:55,3,1,6,1.0,2.0,13037,Route dÃ©partemantale 10,M,"43,5503160","5,2287330",13,2019,80.0,1.0,1.0,3.0,2264555,1.0,1,4,2,5.0,,0.0,0,1996.0,B01,138Â 204Â 173,1.0,-1.0,-1.0,1728566,2.0,7,,0.0,2.0,1.0,A01,138Â 204Â 174,1.0
1012641,201900054172,3,23,00:55,3,1,6,1.0,2.0,13037,Route dÃ©partemantale 10,M,"43,5503160","5,2287330",13,2019,80.0,1.0,1.0,3.0,2264556,1.0,1,1,1,4.0,,0.0,0,1995.0,A01,138Â 204Â 174,1.0,-1.0,-1.0,1728565,2.0,7,,0.0,0.0,4.0,B01,138Â 204Â 173,1.0
1012641,201900054172,3,23,00:55,3,1,6,1.0,2.0,13037,Route dÃ©partemantale 10,M,"43,5503160","5,2287330",13,2019,80.0,1.0,1.0,3.0,2264556,1.0,1,1,1,4.0,,0.0,0,1995.0,A01,138Â 204Â 174,1.0,-1.0,-1.0,1728566,2.0,7,,0.0,2.0,1.0,A01,138Â 204Â 174,1.0
1012642,201900054173,3,29,14:20,1,2,1,1.0,1.0,06018,Avenue Roumanille,M,"43,6188680","7,0749820",6,2019,-1.0,1.0,1.0,4.0,2264557,1.0,1,1,1,0.0,,0.0,0,1998.0,A01,138Â 204Â 171,1.0,-1.0,-1.0,1728567,0.0,7,,0.0,2.0,2.0,A01,138Â 204Â 171,1.0
1012642,201900054173,3,29,14:20,1,2,1,1.0,1.0,06018,Avenue Roumanille,M,"43,6188680","7,0749820",6,2019,-1.0,1.0,1.0,4.0,2264557,1.0,1,1,1,0.0,,0.0,0,1998.0,A01,138Â 204Â 171,1.0,-1.0,-1.0,1728568,0.0,33,,0.0,2.0,1.0,B01,138Â 204Â 172,3.0
1012642,201900054173,3,29,14:20,1,2,1,1.0,1.0,06018,Avenue Roumanille,M,"43,6188680","7,0749820",6,2019,-1.0,1.0,1.0,4.0,2264558,1.0,1,4,1,4.0,,0.0,0,1959.0,B01,138Â 204Â 172,2.0,6.0,-1.0,1728567,0.0,7,,0.0,2.0,2.0,A01,138Â 204Â 171,1.0
1012642,201900054173,3,29,14:20,1,2,1,1.0,1.0,06018,Avenue Roumanille,M,"43,6188680","7,0749820",6,2019,-1.0,1.0,1.0,4.0,2264558,1.0,1,4,1,4.0,,0.0,0,1959.0,B01,138Â 204Â 172,2.0,6.0,-1.0,1728568,0.0,33,,0.0,2.0,1.0,B01,138Â 204Â 172,3.0
1012643,201900054174,3,29,17:40,1,2,1,1.0,1.0,06152,route du parc,M,"43,6148840","7,0423830",6,2019,-1.0,1.0,1.0,3.0,2264559,1.0,1,4,1,0.0,,0.0,0,1992.0,A01,138Â 204Â 169,2.0,6.0,-1.0,1728569,0.0,33,,0.0,2.0,1.0,A01,138Â 204Â 169,1.0
1012643,201900054174,3,29,17:40,1,2,1,1.0,1.0,06152,route du parc,M,"43,6148840","7,0423830",6,2019,-1.0,1.0,1.0,3.0,2264559,1.0,1,4,1,0.0,,0.0,0,1992.0,A01,138Â 204Â 169,2.0,6.0,-1.0,1728570,0.0,7,,0.0,2.0,4.0,B01,138Â 204Â 170,1.0
1012643,201900054174,3,29,17:40,1,2,1,1.0,1.0,06152,route du parc,M,"43,6148840","7,0423830",6,2019,-1.0,1.0,1.0,3.0,2264560,1.0,1,1,2,0.0,,0.0,0,1976.0,B01,138Â 204Â 170,1.0,-1.0,-1.0,1728569,0.0,33,,0.0,2.0,1.0,A01,138Â 204Â 169,1.0
1012643,201900054174,3,29,17:40,1,2,1,1.0,1.0,06152,route du parc,M,"43,6148840","7,0423830",6,2019,-1.0,1.0,1.0,3.0,2264560,1.0,1,1,2,0.0,,0.0,0,1976.0,B01,138Â 204Â 170,1.0,-1.0,-1.0,1728570,0.0,7,,0.0,2.0,4.0,B01,138Â 204Â 170,1.0
1012644,201900054175,1,29,19:15,3,1,9,1.0,4.0,06152,Route du Parc,M,"43,6077000","7,0556000",6,2019,70.0,1.0,1.0,3.0,2264561,1.0,1,4,2,1.0,,0.0,0,1985.0,C01,138Â 204Â 166,1.0,-1.0,-1.0,1728571,2.0,7,,0.0,0.0,4.0,C01,138Â 204Â 166,1.0
1012644,201900054175,1,29,19:15,3,1,9,1.0,4.0,06152,Route du Parc,M,"43,6077000","7,0556000",6,2019,70.0,1.0,1.0,3.0,2264561,1.0,1,4,2,1.0,,0.0,0,1985.0,C01,138Â 204Â 166,1.0,-1.0,-1.0,1728572,2.0,7,,0.0,0.0,4.0,B01,138Â 204Â 167,1.0
1012644,201900054175,1,29,19:15,3,1,9,1.0,4.0,06152,Route du Parc,M,"43,6077000","7,0556000",6,2019,70.0,1.0,1.0,3.0,2264561,1.0,1,4,2,1.0,,0.0,0,1985.0,C01,138Â 204Â 166,1.0,-1.0,-1.0,1728573,2.0,7,,0.0,2.0,4.0,A01,138Â 204Â 168,1.0
1012644,201900054175,1,29,19:15,3,1,9,1.0,4.0,06152,Route du Parc,M,"43,6077000","7,0556000",6,2019,70.0,1.0,1.0,3.0,2264562,1.0,1,4,1,5.0,,0.0,0,1982.0,B01,138Â 204Â 167,1.0,-1.0,-1.0,1728571,2.0,7,,0.0,0.0,4.0,C01,138Â 204Â 166,1.0
1012644,201900054175,1,29,19:15,3,1,9,1.0,4.0,06152,Route du Parc,M,"43,6077000","7,0556000",6,2019,70.0,1.0,1.0,3.0,2264562,1.0,1,4,1,5.0,,0.0,0,1982.0,B01,138Â 204Â 167,1.0,-1.0,-1.0,1728572,2.0,7,,0.0,0.0,4.0,B01,138Â 204Â 167,1.0
1012644,201900054175,1,29,19:15,3,1,9,1.0,4.0,06152,Route du Parc,M,"43,6077000","7,0556000",6,2019,70.0,1.0,1.0,3.0,2264562,1.0,1,4,1,5.0,,0.0,0,1982.0,B01,138Â 204Â 167,1.0,-1.0,-1.0,1728573,2.0,7,,0.0,2.0,4.0,A01,138Â 204Â 168,1.0
1012644,201900054175,1,29,19:15,3,1,9,1.0,4.0,06152,Route du Parc,M,"43,6077000","7,0556000",6,2019,70.0,1.0,1.0,3.0,2264563,1.0,1,1,1,3.0,,0.0,0,1968.0,A01,138Â 204Â 168,1.0,-1.0,-1.0,1728571,2.0,7,,0.0,0.0,4.0,C01,138Â 204Â 166,1.0
1012644,201900054175,1,29,19:15,3,1,9,1.0,4.0,06152,Route du Parc,M,"43,6077000","7,0556000",6,2019,70.0,1.0,1.0,3.0,2264563,1.0,1,1,1,3.0,,0.0,0,1968.0,A01,138Â 204Â 168,1.0,-1.0,-1.0,1728572,2.0,7,,0.0,0.0,4.0,B01,138Â 204Â 167,1.0
1012644,201900054175,1,29,19:15,3,1,9,1.0,4.0,06152,Route du Parc,M,"43,6077000","7,0556000",6,2019,70.0,1.0,1.0,3.0,2264563,1.0,1,1,1,3.0,,0.0,0,1968.0,A01,138Â 204Â 168,1.0,-1.0,-1.0,1728573,2.0,7,,0.0,2.0,4.0,A01,138Â 204Â 168,1.0
1012645,201900054176,8,17,17:04,1,2,1,3.0,7.0,49267,A87N,M,"47,4662900"," -0,5176200",49,2019,90.0,1.0,2.0,1.0,2264564,1.0,1,4,2,0.0,,-1.0, -1,1970.0,A01,138Â 204Â 175,1.0,8.0,-1.0,1728574,1.0,7,,0.0,0.0,1.0,A01,138Â 204Â 175,1.0
1012646,201900054177,3,26,14:50,1,1,1,1.0,6.0,33284,A660 PR7+690 coup de volant vers DBA suite malaise et finit sur accotement,M,"44,6314400"," -0,9259200",33,2019,130.0,1.0,1.0,1.0,2264565,1.0,1,3,1,5.0,,0.0,0,1940.0,A01,138Â 204Â 165,1.0,-1.0,-1.0,1728575,1.0,10,,4.0,0.0,2.0,A01,138Â 204Â 165,1.0
1012647,201900054178,7,13,17:40,1,1,2,1.0,3.0,77406,D222 X RUE DU TEMPLE,M,"48,8412350","3,1895840",77,2019,70.0,1.0,1.0,3.0,2264566,1.0,1,1,2,5.0,,0.0,0,1964.0,A01,138Â 204Â 163,1.0,9.0,-1.0,1728576,1.0,7,,0.0,2.0,2.0,A01,138Â 204Â 163,1.0
1012647,201900054178,7,13,17:40,1,1,2,1.0,3.0,77406,D222 X RUE DU TEMPLE,M,"48,8412350","3,1895840",77,2019,70.0,1.0,1.0,3.0,2264566,1.0,1,1,2,5.0,,0.0,0,1964.0,A01,138Â 204Â 163,1.0,9.0,-1.0,1728577,2.0,7,,0.0,2.0,3.0,B01,138Â 204Â 164,1.0
1012647,201900054178,7,13,17:40,1,1,2,1.0,3.0,77406,D222 X RUE DU TEMPLE,M,"48,8412350","3,1895840",77,2019,70.0,1.0,1.0,3.0,2264567,1.0,1,1,2,5.0,,0.0,0,1998.0,B01,138Â 204Â 164,1.0,9.0,-1.0,1728576,1.0,7,,0.0,2.0,2.0,A01,138Â 204Â 163,1.0
1012647,201900054178,7,13,17:40,1,1,2,1.0,3.0,77406,D222 X RUE DU TEMPLE,M,"48,8412350","3,1895840",77,2019,70.0,1.0,1.0,3.0,2264567,1.0,1,1,2,5.0,,0.0,0,1998.0,B01,138Â 204Â 164,1.0,9.0,-1.0,1728577,2.0,7,,0.0,2.0,3.0,B01,138Â 204Â 164,1.0
1012647,201900054178,7,13,17:40,1,1,2,1.0,3.0,77406,D222 X RUE DU TEMPLE,M,"48,8412350","3,1895840",77,2019,70.0,1.0,1.0,3.0,2264568,2.0,2,3,2,5.0,,0.0,0,1960.0,B01,138Â 204Â 164,1.0,9.0,-1.0,1728576,1.0,7,,0.0,2.0,2.0,A01,138Â 204Â 163,1.0
1012647,201900054178,7,13,17:40,1,1,2,1.0,3.0,77406,D222 X RUE DU TEMPLE,M,"48,8412350","3,1895840",77,2019,70.0,1.0,1.0,3.0,2264568,2.0,2,3,2,5.0,,0.0,0,1960.0,B01,138Â 204Â 164,1.0,9.0,-1.0,1728577,2.0,7,,0.0,2.0,3.0,B01,138Â 204Â 164,1.0
1012648,201900054179,8,17,12:14,1,2,1,2.0,7.0,49267,VERDUN,M,"47,4678100"," -0,4936600",49,2019,60.0,1.0,2.0,4.0,2264569,1.0,1,4,2,0.0,,-1.0, -1,1986.0,A01,138Â 204Â 162,2.0,8.0,-1.0,1728578,1.0,30,,0.0,0.0,7.0,A01,138Â 204Â 162,1.0
1012649,201900054180,3,30,00:55,3,1,1,1.0,6.0,74064,route de cluses,M,"46,0828030","6,5784880",74,2019,80.0,1.0,1.0,3.0,2264570,1.0,1,3,1,5.0,,0.0,0,1995.0,A01,138Â 204Â 161,1.0,-1.0,-1.0,1728579,2.0,7,,13.0,0.0,2.0,A01,138Â 204Â 161,1.0
1012649,201900054180,3,30,00:55,3,1,1,1.0,6.0,74064,route de cluses,M,"46,0828030","6,5784880",74,2019,80.0,1.0,1.0,3.0,2264571,2.0,2,1,1,5.0,,0.0,0,1995.0,A01,138Â 204Â 161,1.0,-1.0,-1.0,1728579,2.0,7,,13.0,0.0,2.0,A01,138Â 204Â 161,1.0
1012649,201900054180,3,30,00:55,3,1,1,1.0,6.0,74064,route de cluses,M,"46,0828030","6,5784880",74,2019,80.0,1.0,1.0,3.0,2264572,9.0,2,1,1,5.0,,0.0,0,1995.0,A01,138Â 204Â 161,1.0,-1.0,-1.0,1728579,2.0,7,,13.0,0.0,2.0,A01,138Â 204Â 161,1.0
1012650,201900054181,7,13,22:30,5,2,2,1.0,3.0,74105,AVENUE DE GENEVE,M,"46,3057730","6,3014180",74,2019,50.0,1.0,1.0,3.0,2264573,1.0,1,1,1,0.0,,0.0,0,1948.0,B01,138Â 204Â 159,1.0,-1.0,-1.0,1728580,2.0,7,,0.0,2.0,2.0,B01,138Â 204Â 159,1.0
1012650,201900054181,7,13,22:30,5,2,2,1.0,3.0,74105,AVENUE DE GENEVE,M,"46,3057730","6,3014180",74,2019,50.0,1.0,1.0,3.0,2264573,1.0,1,1,1,0.0,,0.0,0,1948.0,B01,138Â 204Â 159,1.0,-1.0,-1.0,1728581,1.0,33,,0.0,2.0,1.0,A01,138Â 204Â 160,1.0
1012650,201900054181,7,13,22:30,5,2,2,1.0,3.0,74105,AVENUE DE GENEVE,M,"46,3057730","6,3014180",74,2019,50.0,1.0,1.0,3.0,2264574,1.0,1,4,1,0.0,,0.0,0,1988.0,A01,138Â 204Â 160,2.0,-1.0,-1.0,1728580,2.0,7,,0.0,2.0,2.0,B01,138Â 204Â 159,1.0
1012650,201900054181,7,13,22:30,5,2,2,1.0,3.0,74105,AVENUE DE GENEVE,M,"46,3057730","6,3014180",74,2019,50.0,1.0,1.0,3.0,2264574,1.0,1,4,1,0.0,,0.0,0,1988.0,A01,138Â 204Â 160,2.0,-1.0,-1.0,1728581,1.0,33,,0.0,2.0,1.0,A01,138Â 204Â 160,1.0
1012651,201900054182,8,17,14:28,1,2,1,2.0,3.0,49267,A87N,M,"47,4662900"," -0,5177100",49,2019,90.0,1.0,1.0,1.0,2264575,1.0,1,1,1,0.0,,-1.0, -1,1989.0,B01,138Â 204Â 156,1.0,8.0,-1.0,1728582,1.0,7,,0.0,2.0,3.0,B01,138Â 204Â 156,1.0
1012651,201900054182,8,17,14:28,1,2,1,2.0,3.0,49267,A87N,M,"47,4662900"," -0,5177100",49,2019,90.0,1.0,1.0,1.0,2264575,1.0,1,1,1,0.0,,-1.0, -1,1989.0,B01,138Â 204Â 156,1.0,8.0,-1.0,1728583,1.0,7,,0.0,2.0,9.0,A01,138Â 204Â 157,1.0
1012651,201900054182,8,17,14:28,1,2,1,2.0,3.0,49267,A87N,M,"47,4662900"," -0,5177100",49,2019,90.0,1.0,1.0,1.0,2264576,3.0,2,4,2,0.0,,-1.0,0,2018.0,A01,138Â 204Â 157,1.0,8.0,-1.0,1728582,1.0,7,,0.0,2.0,3.0,B01,138Â 204Â 156,1.0
1012651,201900054182,8,17,14:28,1,2,1,2.0,3.0,49267,A87N,M,"47,4662900"," -0,5177100",49,2019,90.0,1.0,1.0,1.0,2264576,3.0,2,4,2,0.0,,-1.0,0,2018.0,A01,138Â 204Â 157,1.0,8.0,-1.0,1728583,1.0,7,,0.0,2.0,9.0,A01,138Â 204Â 157,1.0
1012651,201900054182,8,17,14:28,1,2,1,2.0,3.0,49267,A87N,M,"47,4662900"," -0,5177100",49,2019,90.0,1.0,1.0,1.0,2264577,1.0,1,1,2,0.0,,-1.0, -1,1987.0,A01,138Â 204Â 157,1.0,8.0,-1.0,1728582,1.0,7,,0.0,2.0,3.0,B01,138Â 204Â 156,1.0
1012651,201900054182,8,17,14:28,1,2,1,2.0,3.0,49267,A87N,M,"47,4662900"," -0,5177100",49,2019,90.0,1.0,1.0,1.0,2264577,1.0,1,1,2,0.0,,-1.0, -1,1987.0,A01,138Â 204Â 157,1.0,8.0,-1.0,1728583,1.0,7,,0.0,2.0,9.0,A01,138Â 204Â 157,1.0
1012651,201900054182,8,17,14:28,1,2,1,2.0,3.0,49267,A87N,M,"47,4662900"," -0,5177100",49,2019,90.0,1.0,1.0,1.0,2264578,4.0,2,4,2,0.0,,-1.0,0,2015.0,A01,138Â 204Â 157,1.0,8.0,-1.0,1728582,1.0,7,,0.0,2.0,3.0,B01,138Â 204Â 156,1.0
1012651,201900054182,8,17,14:28,1,2,1,2.0,3.0,49267,A87N,M,"47,4662900"," -0,5177100",49,2019,90.0,1.0,1.0,1.0,2264578,4.0,2,4,2,0.0,,-1.0,0,2015.0,A01,138Â 204Â 157,1.0,8.0,-1.0,1728583,1.0,7,,0.0,2.0,9.0,A01,138Â 204Â 157,1.0
1012652,201900054183,3,30,13:55,1,1,3,1.0,3.0,13011,Route DÃ©partementale 5,M,"43,7347580","4,8211650",13,2019,80.0,1.0,1.0,3.0,2264579,1.0,1,1,1,0.0,,0.0,0,1989.0,B01,138Â 204Â 155,1.0,-1.0,-1.0,1728584,3.0,7,,0.0,2.0,8.0,B01,138Â 204Â 155,1.0
1012652,201900054183,3,30,13:55,1,1,3,1.0,3.0,13011,Route DÃ©partementale 5,M,"43,7347580","4,8211650",13,2019,80.0,1.0,1.0,3.0,2264579,1.0,1,1,1,0.0,,0.0,0,1989.0,B01,138Â 204Â 155,1.0,-1.0,-1.0,1728585,2.0,33,,0.0,2.0,1.0,A01,138Â 204Â 158,1.0
1012652,201900054183,3,30,13:55,1,1,3,1.0,3.0,13011,Route DÃ©partementale 5,M,"43,7347580","4,8211650",13,2019,80.0,1.0,1.0,3.0,2264580,1.0,1,3,2,0.0,,0.0,0,1988.0,A01,138Â 204Â 158,2.0,6.0,9.0,1728584,3.0,7,,0.0,2.0,8.0,B01,138Â 204Â 155,1.0
1012652,201900054183,3,30,13:55,1,1,3,1.0,3.0,13011,Route DÃ©partementale 5,M,"43,7347580","4,8211650",13,2019,80.0,1.0,1.0,3.0,2264580,1.0,1,3,2,0.0,,0.0,0,1988.0,A01,138Â 204Â 158,2.0,6.0,9.0,1728585,2.0,33,,0.0,2.0,1.0,A01,138Â 204Â 158,1.0
1012653,201900054184,8,15,01:20,3,2,1,1.0,7.0,44109,BOULEVARD DE VENDEE,M,"47,1765090"," -1,5156820",44,2019,70.0,1.0,1.0,4.0,2264581,1.0,1,2,1,5.0,,0.0,0,1961.0,A01,138Â 204Â 151,2.0,0.0,-1.0,1728586,1.0,30,,0.0,0.0,0.0,A01,138Â 204Â 151,1.0
1012654,201900054185,7,12,17:08,1,1,3,1.0,3.0,74150,Route de Bons-En-Chablais,M,"46,2686266","6,3170112",74,2019,80.0,1.0,1.0,3.0,2264582,1.0,1,4,1,1.0,,0.0,0,1979.0,B01,138Â 204Â 152,1.0,-1.0,-1.0,1728587,1.0,7,,0.0,2.0,1.0,B01,138Â 204Â 152,1.0