Unnamed: 0_x,num_acc,mois,jour,hrmn,lum,agg,int,atm,col,com,adr,gps,lat,long,dep,annee,vma,situ,surf,catr,Unnamed: 0_y,place,catu,grav,sexe,trajet,secu,locp,actp,an_nais,num_veh_x,id_vehicule_x,secu1,secu2,secu3,Unnamed: 0,senc,catv,occutc,obs,obsm,choc,num_veh_y,id_vehicule_y,motor
1012654,201900054185,7,12,17:08,1,1,3,1.0,3.0,74150,Route de Bons-En-Chablais,M,"46,2686266","6,3170112",74,2019,80.0,1.0,1.0,3.0,2264582,1.0,1,4,1,1.0,,0.0,0,1979.0,B01,138Â 204Â 152,1.0,-1.0,-1.0,1728588,2.0,7,,0.0,2.0,3.0,A01,138Â 204Â 154,1.0
1012654,201900054185,7,12,17:08,1,1,3,1.0,3.0,74150,Route de Bons-En-Chablais,M,"46,2686266","6,3170112",74,2019,80.0,1.0,1.0,3.0,2264583,1.0,1,4,2,1.0,,0.0,0,1998.0,A01,138Â 204Â 154,1.0,-1.0,-1.0,1728587,1.0,7,,0.0,2.0,1.0,B01,138Â 204Â 152,1.0
1012654,201900054185,7,12,17:08,1,1,3,1.0,3.0,74150,Route de Bons-En-Chablais,M,"46,2686266","6,3170112",74,2019,80.0,1.0,1.0,3.0,2264583,1.0,1,4,2,1.0,,0.0,0,1998.0,A01,138Â 204Â 154,1.0,-1.0,-1.0,1728588,2.0,7,,0.0,2.0,3.0,A01,138Â 204Â 154,1.0
1012655,201900054186,3,29,15:20,1,1,1,7.0,1.0,17300,RD 735,M,"46,1733430"," -1,2345270",17,2019,80.0,1.0,1.0,3.0,2264584,1.0,1,3,1,5.0,,0.0,0,1988.0,A01,138Â 204Â 150,8.0,-1.0,-1.0,1728589,2.0,7,,4.0,2.0,3.0,A01,138Â 204Â 150,1.0
1012655,201900054186,3,29,15:20,1,1,1,7.0,1.0,17300,RD 735,M,"46,1733430"," -1,2345270",17,2019,80.0,1.0,1.0,3.0,2264584,1.0,1,3,1,5.0,,0.0,0,1988.0,A01,138Â 204Â 150,8.0,-1.0,-1.0,1728590,1.0,14,,0.0,2.0,3.0,B01,138Â 204Â 153,1.0
1012655,201900054186,3,29,15:20,1,1,1,7.0,1.0,17300,RD 735,M,"46,1733430"," -1,2345270",17,2019,80.0,1.0,1.0,3.0,2264585,1.0,1,1,1,4.0,,0.0,0,1982.0,B01,138Â 204Â 153,8.0,-1.0,-1.0,1728589,2.0,7,,4.0,2.0,3.0,A01,138Â 204Â 150,1.0
1012655,201900054186,3,29,15:20,1,1,1,7.0,1.0,17300,RD 735,M,"46,1733430"," -1,2345270",17,2019,80.0,1.0,1.0,3.0,2264585,1.0,1,1,1,4.0,,0.0,0,1982.0,B01,138Â 204Â 153,8.0,-1.0,-1.0,1728590,1.0,14,,0.0,2.0,3.0,B01,138Â 204Â 153,1.0
1012656,201900054187,8,19,10:15,1,2,1,2.0,6.0,42184,GALLIENI JOSEPH (AVENUE),M,"46,0444000","4,0526300",42,2019,50.0,1.0,2.0,4.0,2264586,1.0,1,1,1,4.0,,-1.0,0,1966.0,A01,138Â 204Â 149,8.0,0.0,-1.0,1728591,2.0,7,,0.0,1.0,1.0,A01,138Â 204Â 149,2.0
1012656,201900054187,8,19,10:15,1,2,1,2.0,6.0,42184,GALLIENI JOSEPH (AVENUE),M,"46,0444000","4,0526300",42,2019,50.0,1.0,2.0,4.0,2264587,10.0,3,4,2,5.0,,2.0,3,1954.0,A01,138Â 204Â 149,8.0,0.0,-1.0,1728591,2.0,7,,0.0,1.0,1.0,A01,138Â 204Â 149,2.0
1012657,201900054188,7,12,23:10,3,1,1,2.0,7.0,57261,PK 40+300,M,"49,0672770","7,2181040",57,2019,80.0,3.0,2.0,3.0,2264588,1.0,1,1,1,5.0,,0.0,0,1985.0,A01,138Â 204Â 148,1.0,-1.0,-1.0,1728592,1.0,7,,13.0,0.0,1.0,A01,138Â 204Â 148,1.0
1012657,201900054188,7,12,23:10,3,1,1,2.0,7.0,57261,PK 40+300,M,"49,0672770","7,2181040",57,2019,80.0,3.0,2.0,3.0,2264589,2.0,2,3,2,5.0,,0.0,0,1989.0,A01,138Â 204Â 148,0.0,-1.0,-1.0,1728592,1.0,7,,13.0,0.0,1.0,A01,138Â 204Â 148,1.0
1012658,201900054189,3,31,03:30,3,1,1,1.0,6.0,13051,Autoroute A7 PK 36+250 sens ud/Nord,M,"43,6182550","5,1382240",13,2019,130.0,1.0,1.0,1.0,2264590,1.0,1,4,1,5.0,,0.0,0,1993.0,A01,138Â 204Â 147,1.0,-1.0,-1.0,1728593,2.0,7,,4.0,0.0,1.0,A01,138Â 204Â 147,1.0
1012659,201900054190,8,20,08:00,1,2,6,1.0,3.0,37214,PORTILLON (PLACE),M,"47,4003900","0,6787400",37,2019,50.0,1.0,1.0,4.0,2264591,1.0,1,1,1,1.0,,-1.0,0,1964.0,A01,138Â 204Â 145,1.0,0.0,-1.0,1728594,3.0,7,,0.0,2.0,1.0,A01,138Â 204Â 145,1.0
1012659,201900054190,8,20,08:00,1,2,6,1.0,3.0,37214,PORTILLON (PLACE),M,"47,4003900","0,6787400",37,2019,50.0,1.0,1.0,4.0,2264591,1.0,1,1,1,1.0,,-1.0,0,1964.0,A01,138Â 204Â 145,1.0,0.0,-1.0,1728595,2.0,1,,0.0,2.0,4.0,B01,138Â 204Â 146,5.0
1012659,201900054190,8,20,08:00,1,2,6,1.0,3.0,37214,PORTILLON (PLACE),M,"47,4003900","0,6787400",37,2019,50.0,1.0,1.0,4.0,2264592,1.0,1,4,1,1.0,,-1.0,0,1996.0,B01,138Â 204Â 146,8.0,0.0,-1.0,1728594,3.0,7,,0.0,2.0,1.0,A01,138Â 204Â 145,1.0
1012659,201900054190,8,20,08:00,1,2,6,1.0,3.0,37214,PORTILLON (PLACE),M,"47,4003900","0,6787400",37,2019,50.0,1.0,1.0,4.0,2264592,1.0,1,4,1,1.0,,-1.0,0,1996.0,B01,138Â 204Â 146,8.0,0.0,-1.0,1728595,2.0,1,,0.0,2.0,4.0,B01,138Â 204Â 146,5.0
1012660,201900054191,8,19,14:30,1,2,6,1.0,3.0,35278,BETTON (ROND POINT DE),M,"48,1636160"," -1,6758257",35,2019,50.0,1.0,1.0,3.0,2264593,1.0,1,4,1,3.0,,-1.0, -1,1949.0,B01,138Â 204Â 139,8.0,0.0,-1.0,1728596,1.0,1,,0.0,0.0,0.0,B01,138Â 204Â 139,0.0
1012660,201900054191,8,19,14:30,1,2,6,1.0,3.0,35278,BETTON (ROND POINT DE),M,"48,1636160"," -1,6758257",35,2019,50.0,1.0,1.0,3.0,2264593,1.0,1,4,1,3.0,,-1.0, -1,1949.0,B01,138Â 204Â 139,8.0,0.0,-1.0,1728597,1.0,7,,0.0,2.0,3.0,A01,138Â 204Â 142,1.0
1012660,201900054191,8,19,14:30,1,2,6,1.0,3.0,35278,BETTON (ROND POINT DE),M,"48,1636160"," -1,6758257",35,2019,50.0,1.0,1.0,3.0,2264594,1.0,1,1,1,5.0,,-1.0, -1,1949.0,A01,138Â 204Â 142,1.0,0.0,-1.0,1728596,1.0,1,,0.0,0.0,0.0,B01,138Â 204Â 139,0.0
1012660,201900054191,8,19,14:30,1,2,6,1.0,3.0,35278,BETTON (ROND POINT DE),M,"48,1636160"," -1,6758257",35,2019,50.0,1.0,1.0,3.0,2264594,1.0,1,1,1,5.0,,-1.0, -1,1949.0,A01,138Â 204Â 142,1.0,0.0,-1.0,1728597,1.0,7,,0.0,2.0,3.0,A01,138Â 204Â 142,1.0
1012661,201900054192,8,19,14:00,1,2,1,1.0,3.0,35238,TOUR D'AUVERGNE (BD DE LA),M,"48,1068365"," -1,6844762",35,2019,50.0,1.0,1.0,4.0,2264595,1.0,1,1,1,5.0,,-1.0, -1,1943.0,B01,138Â 204Â 136,1.0,8.0,-1.0,1728598,1.0,7,,14.0,2.0,1.0,B01,138Â 204Â 136,1.0
1012661,201900054192,8,19,14:00,1,2,1,1.0,3.0,35238,TOUR D'AUVERGNE (BD DE LA),M,"48,1068365"," -1,6844762",35,2019,50.0,1.0,1.0,4.0,2264595,1.0,1,1,1,5.0,,-1.0, -1,1943.0,B01,138Â 204Â 136,1.0,8.0,-1.0,1728599,1.0,7,,0.0,2.0,8.0,A01,138Â 204Â 137,1.0
1012661,201900054192,8,19,14:00,1,2,1,1.0,3.0,35238,TOUR D'AUVERGNE (BD DE LA),M,"48,1068365"," -1,6844762",35,2019,50.0,1.0,1.0,4.0,2264596,1.0,1,4,2,5.0,,-1.0, -1,1978.0,A01,138Â 204Â 137,1.0,0.0,-1.0,1728598,1.0,7,,14.0,2.0,1.0,B01,138Â 204Â 136,1.0
1012661,201900054192,8,19,14:00,1,2,1,1.0,3.0,35238,TOUR D'AUVERGNE (BD DE LA),M,"48,1068365"," -1,6844762",35,2019,50.0,1.0,1.0,4.0,2264596,1.0,1,4,2,5.0,,-1.0, -1,1978.0,A01,138Â 204Â 137,1.0,0.0,-1.0,1728599,1.0,7,,0.0,2.0,8.0,A01,138Â 204Â 137,1.0
1012662,201900054193,3,28,22:15,3,1,1,1.0,6.0,13076,A7 - PK 207+750 - Sens Sud Nord,M,"43,8394750","4,9959590",13,2019,130.0,1.0,1.0,1.0,2264597,4.0,2,1,2,5.0,,0.0,0,1998.0,A01,138Â 204Â 141,8.0,-1.0,-1.0,1728600,2.0,10,,0.0,0.0,0.0,B01,138Â 204Â 140,0.0
1012662,201900054193,3,28,22:15,3,1,1,1.0,6.0,13076,A7 - PK 207+750 - Sens Sud Nord,M,"43,8394750","4,9959590",13,2019,130.0,1.0,1.0,1.0,2264597,4.0,2,1,2,5.0,,0.0,0,1998.0,A01,138Â 204Â 141,8.0,-1.0,-1.0,1728601,2.0,7,,3.0,0.0,3.0,A01,138Â 204Â 141,1.0
1012662,201900054193,3,28,22:15,3,1,1,1.0,6.0,13076,A7 - PK 207+750 - Sens Sud Nord,M,"43,8394750","4,9959590",13,2019,130.0,1.0,1.0,1.0,2264598,1.0,1,1,1,5.0,,0.0,0,1996.0,A01,138Â 204Â 141,1.0,-1.0,-1.0,1728600,2.0,10,,0.0,0.0,0.0,B01,138Â 204Â 140,0.0
1012662,201900054193,3,28,22:15,3,1,1,1.0,6.0,13076,A7 - PK 207+750 - Sens Sud Nord,M,"43,8394750","4,9959590",13,2019,130.0,1.0,1.0,1.0,2264598,1.0,1,1,1,5.0,,0.0,0,1996.0,A01,138Â 204Â 141,1.0,-1.0,-1.0,1728601,2.0,7,,3.0,0.0,3.0,A01,138Â 204Â 141,1.0
1012662,201900054193,3,28,22:15,3,1,1,1.0,6.0,13076,A7 - PK 207+750 - Sens Sud Nord,M,"43,8394750","4,9959590",13,2019,130.0,1.0,1.0,1.0,2264599,3.0,2,1,1,5.0,,0.0,0,1997.0,A01,138Â 204Â 141,8.0,-1.0,-1.0,1728600,2.0,10,,0.0,0.0,0.0,B01,138Â 204Â 140,0.0
1012662,201900054193,3,28,22:15,3,1,1,1.0,6.0,13076,A7 - PK 207+750 - Sens Sud Nord,M,"43,8394750","4,9959590",13,2019,130.0,1.0,1.0,1.0,2264599,3.0,2,1,1,5.0,,0.0,0,1997.0,A01,138Â 204Â 141,8.0,-1.0,-1.0,1728601,2.0,7,,3.0,0.0,3.0,A01,138Â 204Â 141,1.0
1012662,201900054193,3,28,22:15,3,1,1,1.0,6.0,13076,A7 - PK 207+750 - Sens Sud Nord,M,"43,8394750","4,9959590",13,2019,130.0,1.0,1.0,1.0,2264600,5.0,2,3,2,5.0,,0.0,0,1998.0,A01,138Â 204Â 141,8.0,-1.0,-1.0,1728600,2.0,10,,0.0,0.0,0.0,B01,138Â 204Â 140,0.0
1012662,201900054193,3,28,22:15,3,1,1,1.0,6.0,13076,A7 - PK 207+750 - Sens Sud Nord,M,"43,8394750","4,9959590",13,2019,130.0,1.0,1.0,1.0,2264600,5.0,2,3,2,5.0,,0.0,0,1998.0,A01,138Â 204Â 141,8.0,-1.0,-1.0,1728601,2.0,7,,3.0,0.0,3.0,A01,138Â 204Â 141,1.0
1012662,201900054193,3,28,22:15,3,1,1,1.0,6.0,13076,A7 - PK 207+750 - Sens Sud Nord,M,"43,8394750","4,9959590",13,2019,130.0,1.0,1.0,1.0,2264601,2.0,2,4,1,5.0,,0.0,0,1991.0,A01,138Â 204Â 141,8.0,-1.0,-1.0,1728600,2.0,10,,0.0,0.0,0.0,B01,138Â 204Â 140,0.0
1012662,201900054193,3,28,22:15,3,1,1,1.0,6.0,13076,A7 - PK 207+750 - Sens Sud Nord,M,"43,8394750","4,9959590",13,2019,130.0,1.0,1.0,1.0,2264601,2.0,2,4,1,5.0,,0.0,0,1991.0,A01,138Â 204Â 141,8.0,-1.0,-1.0,1728601,2.0,7,,3.0,0.0,3.0,A01,138Â 204Â 141,1.0
1012663,201900054194,8,18,01:45,3,1,3,1.0,2.0,34032,RD.64,M,"43,3300400","3,1872500",34,2019,80.0,1.0,1.0,3.0,2264602,2.0,1,1,1,5.0,,0.0,0,1982.0,A01,138Â 204Â 134,1.0,0.0,-1.0,1728602,1.0,7,,0.0,2.0,1.0,A01,138Â 204Â 134,1.0
1012663,201900054194,8,18,01:45,3,1,3,1.0,2.0,34032,RD.64,M,"43,3300400","3,1872500",34,2019,80.0,1.0,1.0,3.0,2264602,2.0,1,1,1,5.0,,0.0,0,1982.0,A01,138Â 204Â 134,1.0,0.0,-1.0,1728603,1.0,7,,7.0,0.0,4.0,B01,138Â 204Â 135,1.0
1012663,201900054194,8,18,01:45,3,1,3,1.0,2.0,34032,RD.64,M,"43,3300400","3,1872500",34,2019,80.0,1.0,1.0,3.0,2264603,1.0,1,3,2,0.0,,0.0,0,1966.0,B01,138Â 204Â 135,1.0,0.0,-1.0,1728602,1.0,7,,0.0,2.0,1.0,A01,138Â 204Â 134,1.0
1012663,201900054194,8,18,01:45,3,1,3,1.0,2.0,34032,RD.64,M,"43,3300400","3,1872500",34,2019,80.0,1.0,1.0,3.0,2264603,1.0,1,3,2,0.0,,0.0,0,1966.0,B01,138Â 204Â 135,1.0,0.0,-1.0,1728603,1.0,7,,7.0,0.0,4.0,B01,138Â 204Â 135,1.0
1012664,201900054195,3,31,14:45,1,1,1,1.0,1.0,60494,D126,M,"49,0952210","2,5748590",60,2019,50.0,1.0,1.0,3.0,2264604,1.0,1,1,1,5.0,,0.0,0,1991.0,B01,138Â 204Â 132,1.0,-1.0,-1.0,1728604,2.0,7,,0.0,2.0,1.0,B01,138Â 204Â 132,1.0
1012664,201900054195,3,31,14:45,1,1,1,1.0,1.0,60494,D126,M,"49,0952210","2,5748590",60,2019,50.0,1.0,1.0,3.0,2264604,1.0,1,1,1,5.0,,0.0,0,1991.0,B01,138Â 204Â 132,1.0,-1.0,-1.0,1728605,1.0,33,,0.0,2.0,1.0,A01,138Â 204Â 133,1.0
1012664,201900054195,3,31,14:45,1,1,1,1.0,1.0,60494,D126,M,"49,0952210","2,5748590",60,2019,50.0,1.0,1.0,3.0,2264605,1.0,1,3,1,5.0,,0.0,0,1996.0,A01,138Â 204Â 133,2.0,6.0,9.0,1728604,2.0,7,,0.0,2.0,1.0,B01,138Â 204Â 132,1.0
1012664,201900054195,3,31,14:45,1,1,1,1.0,1.0,60494,D126,M,"49,0952210","2,5748590",60,2019,50.0,1.0,1.0,3.0,2264605,1.0,1,3,1,5.0,,0.0,0,1996.0,A01,138Â 204Â 133,2.0,6.0,9.0,1728605,1.0,33,,0.0,2.0,1.0,A01,138Â 204Â 133,1.0
1012665,201900054196,8,10,11:10,1,2,3,1.0,6.0,33063,Crs du Raccordement / R. Bourbon,M,"44,8657390"," -0,5621640",33,2019,50.0,1.0,1.0,4.0,2264606,1.0,1,4,1,0.0,,0.0, -1,1994.0,A01,138Â 204Â 131,8.0,0.0,-1.0,1728606,0.0,7,,0.0,2.0,1.0,A01,138Â 204Â 131,1.0
1012666,201900054197,3,30,08:00,1,1,3,2.0,6.0,98822,tribu de TiÃ©ti,M," -20,9162000","165,3030700",988,2019,110.0,8.0,2.0,2.0,2264607,1.0,1,1,1,5.0,,0.0,0,1997.0,A01,138Â 204Â 130,8.0,-1.0,-1.0,1728607,2.0,7,,2.0,0.0,1.0,A01,138Â 204Â 130,1.0
1012666,201900054197,3,30,08:00,1,1,3,2.0,6.0,98822,tribu de TiÃ©ti,M," -20,9162000","165,3030700",988,2019,110.0,8.0,2.0,2.0,2264608,2.0,2,3,1,5.0,,0.0,0,2002.0,A01,138Â 204Â 130,8.0,-1.0,-1.0,1728607,2.0,7,,2.0,0.0,1.0,A01,138Â 204Â 130,1.0
1012666,201900054197,3,30,08:00,1,1,3,2.0,6.0,98822,tribu de TiÃ©ti,M," -20,9162000","165,3030700",988,2019,110.0,8.0,2.0,2.0,2264609,3.0,2,3,1,5.0,,0.0,0,2000.0,A01,138Â 204Â 130,8.0,-1.0,-1.0,1728607,2.0,7,,2.0,0.0,1.0,A01,138Â 204Â 130,1.0
1012667,201900054198,8,20,02:30,4,2,4,1.0,6.0,33039,QUAI DU PRESIDENT WILSON,M,"44,8197900"," -0,5388000",33,2019,50.0,8.0,1.0,4.0,2264610,1.0,1,2,1,5.0,,-1.0, -1,1994.0,A01,138Â 204Â 129,8.0,0.0,-1.0,1728608,2.0,7,,4.0,0.0,8.0,A01,138Â 204Â 129,1.0
1012668,201900054199,6,28,15:10,1,1,3,1.0,1.0,51569,PARC MILLESIME,M,"49,2542290","3,9628830",51,2019,50.0,1.0,1.0,6.0,2264611,1.0,1,1,1,4.0,,0.0,0,1962.0,A01,138Â 204Â 128,1.0,-1.0,-1.0,1728609,3.0,7,,0.0,2.0,3.0,A01,138Â 204Â 128,1.0
1012668,201900054199,6,28,15:10,1,1,3,1.0,1.0,51569,PARC MILLESIME,M,"49,2542290","3,9628830",51,2019,50.0,1.0,1.0,6.0,2264611,1.0,1,1,1,4.0,,0.0,0,1962.0,A01,138Â 204Â 128,1.0,-1.0,-1.0,1728610,3.0,33,,0.0,2.0,1.0,B01,138Â 204Â 138,1.0
1012668,201900054199,6,28,15:10,1,1,3,1.0,1.0,51569,PARC MILLESIME,M,"49,2542290","3,9628830",51,2019,50.0,1.0,1.0,6.0,2264612,1.0,1,3,1,5.0,,0.0,0,1998.0,B01,138Â 204Â 138,2.0,6.0,9.0,1728609,3.0,7,,0.0,2.0,3.0,A01,138Â 204Â 128,1.0
1012668,201900054199,6,28,15:10,1,1,3,1.0,1.0,51569,PARC MILLESIME,M,"49,2542290","3,9628830",51,2019,50.0,1.0,1.0,6.0,2264612,1.0,1,3,1,5.0,,0.0,0,1998.0,B01,138Â 204Â 138,2.0,6.0,9.0,1728610,3.0,33,,0.0,2.0,1.0,B01,138Â 204Â 138,1.0
1012669,201900054200,3,30,11:40,1,1,1,1.0,6.0,97422,route nationale 3,M," -21,2337820","55,5477520",974,2019,70.0,3.0,1.0,2.0,2264613,4.0,2,4,2,5.0,,0.0,0,1959.0,A01,138Â 204Â 126,0.0,-1.0,-1.0,1728611,1.0,38,10.0,13.0,0.0,2.0,A01,138Â 204Â 126,1.0
1012669,201900054200,3,30,11:40,1,1,1,1.0,6.0,97422,route nationale 3,M," -21,2337820","55,5477520",974,2019,70.0,3.0,1.0,2.0,2264614,4.0,2,4,2,5.0,,0.0,0,1967.0,A01,138Â 204Â 126,1.0,-1.0,-1.0,1728611,1.0,38,10.0,13.0,0.0,2.0,A01,138Â 204Â 126,1.0
1012669,201900054200,3,30,11:40,1,1,1,1.0,6.0,97422,route nationale 3,M," -21,2337820","55,5477520",974,2019,70.0,3.0,1.0,2.0,2264615,3.0,2,4,2,5.0,,0.0,0,1968.0,A01,138Â 204Â 126,1.0,-1.0,-1.0,1728611,1.0,38,10.0,13.0,0.0,2.0,A01,138Â 204Â 126,1.0
1012669,201900054200,3,30,11:40,1,1,1,1.0,6.0,97422,route nationale 3,M," -21,2337820","55,5477520",974,2019,70.0,3.0,1.0,2.0,2264616,7.0,2,4,2,5.0,,0.0,0,1979.0,A01,138Â 204Â 126,0.0,-1.0,-1.0,1728611,1.0,38,10.0,13.0,0.0,2.0,A01,138Â 204Â 126,1.0
1012669,201900054200,3,30,11:40,1,1,1,1.0,6.0,97422,route nationale 3,M," -21,2337820","55,5477520",974,2019,70.0,3.0,1.0,2.0,2264617,1.0,1,1,1,4.0,,0.0,0,1963.0,A01,138Â 204Â 126,1.0,-1.0,-1.0,1728611,1.0,38,10.0,13.0,0.0,2.0,A01,138Â 204Â 126,1.0
1012669,201900054200,3,30,11:40,1,1,1,1.0,6.0,97422,route nationale 3,M," -21,2337820","55,5477520",974,2019,70.0,3.0,1.0,2.0,2264618,6.0,2,4,1,5.0,,0.0,0,1955.0,A01,138Â 204Â 126,0.0,-1.0,-1.0,1728611,1.0,38,10.0,13.0,0.0,2.0,A01,138Â 204Â 126,1.0
1012669,201900054200,3,30,11:40,1,1,1,1.0,6.0,97422,route nationale 3,M," -21,2337820","55,5477520",974,2019,70.0,3.0,1.0,2.0,2264619,5.0,2,4,1,5.0,,0.0,0,1957.0,A01,138Â 204Â 126,1.0,-1.0,-1.0,1728611,1.0,38,10.0,13.0,0.0,2.0,A01,138Â 204Â 126,1.0
1012669,201900054200,3,30,11:40,1,1,1,1.0,6.0,97422,route nationale 3,M," -21,2337820","55,5477520",974,2019,70.0,3.0,1.0,2.0,2264620,5.0,2,4,1,5.0,,0.0,0,1953.0,A01,138Â 204Â 126,1.0,-1.0,-1.0,1728611,1.0,38,10.0,13.0,0.0,2.0,A01,138Â 204Â 126,1.0
1012669,201900054200,3,30,11:40,1,1,1,1.0,6.0,97422,route nationale 3,M," -21,2337820","55,5477520",974,2019,70.0,3.0,1.0,2.0,2264621,8.0,2,4,2,5.0,,0.0,0,1999.0,A01,138Â 204Â 126,1.0,-1.0,-1.0,1728611,1.0,38,10.0,13.0,0.0,2.0,A01,138Â 204Â 126,1.0
1012669,201900054200,3,30,11:40,1,1,1,1.0,6.0,97422,route nationale 3,M," -21,2337820","55,5477520",974,2019,70.0,3.0,1.0,2.0,2264622,2.0,2,4,2,5.0,,0.0,0,1996.0,A01,138Â 204Â 126,0.0,-1.0,-1.0,1728611,1.0,38,10.0,13.0,0.0,2.0,A01,138Â 204Â 126,1.0
1012670,201900054201,8,20,08:43,1,2,1,1.0,6.0,29232,POHER RUE DU,M,"47,9823003"," -4,1086560",29,2019,50.0,1.0,1.0,6.0,2264623,1.0,1,1,1,3.0,,0.0,0,1929.0,A01,138Â 204Â 127,1.0,0.0,-1.0,1728612,3.0,7,,0.0,1.0,2.0,A01,138Â 204Â 127,1.0
1012670,201900054201,8,20,08:43,1,2,1,1.0,6.0,29232,POHER RUE DU,M,"47,9823003"," -4,1086560",29,2019,50.0,1.0,1.0,6.0,2264624,10.0,3,4,2,1.0,,2.0,A,1976.0,A01,138Â 204Â 127,0.0,0.0,-1.0,1728612,3.0,7,,0.0,1.0,2.0,A01,138Â 204Â 127,1.0
1012671,201900054202,7,13,17:20,1,1,1,1.0,1.0,59493,13 Route de Sains,M,"50,1021380","4,0213690",59,2019,80.0,1.0,1.0,3.0,2264625,1.0,1,1,1,5.0,,0.0,0,1985.0,A01,138Â 204Â 123,1.0,-1.0,-1.0,1728613,1.0,7,,0.0,2.0,3.0,A01,138Â 204Â 123,1.0
1012671,201900054202,7,13,17:20,1,1,1,1.0,1.0,59493,13 Route de Sains,M,"50,1021380","4,0213690",59,2019,80.0,1.0,1.0,3.0,2264625,1.0,1,1,1,5.0,,0.0,0,1985.0,A01,138Â 204Â 123,1.0,-1.0,-1.0,1728614,2.0,7,,0.0,0.0,3.0,B01,138Â 204Â 125,1.0
1012671,201900054202,7,13,17:20,1,1,1,1.0,1.0,59493,13 Route de Sains,M,"50,1021380","4,0213690",59,2019,80.0,1.0,1.0,3.0,2264626,1.0,1,4,2,5.0,,0.0,0,1980.0,B01,138Â 204Â 125,1.0,-1.0,-1.0,1728613,1.0,7,,0.0,2.0,3.0,A01,138Â 204Â 123,1.0
1012671,201900054202,7,13,17:20,1,1,1,1.0,1.0,59493,13 Route de Sains,M,"50,1021380","4,0213690",59,2019,80.0,1.0,1.0,3.0,2264626,1.0,1,4,2,5.0,,0.0,0,1980.0,B01,138Â 204Â 125,1.0,-1.0,-1.0,1728614,2.0,7,,0.0,0.0,3.0,B01,138Â 204Â 125,1.0
1012671,201900054202,7,13,17:20,1,1,1,1.0,1.0,59493,13 Route de Sains,M,"50,1021380","4,0213690",59,2019,80.0,1.0,1.0,3.0,2264627,2.0,2,3,1,5.0,,0.0,0,2008.0,B01,138Â 204Â 125,1.0,-1.0,-1.0,1728613,1.0,7,,0.0,2.0,3.0,A01,138Â 204Â 123,1.0
1012671,201900054202,7,13,17:20,1,1,1,1.0,1.0,59493,13 Route de Sains,M,"50,1021380","4,0213690",59,2019,80.0,1.0,1.0,3.0,2264627,2.0,2,3,1,5.0,,0.0,0,2008.0,B01,138Â 204Â 125,1.0,-1.0,-1.0,1728614,2.0,7,,0.0,0.0,3.0,B01,138Â 204Â 125,1.0
1012672,201900054203,3,13,08:30,1,1,1,1.0,1.0,97106,Route de la TraversÃ©e,M,"16,1809820"," -61,7572660",971,2019,-1.0,1.0,1.0,3.0,2264628,1.0,1,4,1,5.0,,0.0,0,1947.0,A01,138Â 204Â 122,1.0,-1.0,-1.0,1728615,0.0,7,,0.0,2.0,1.0,A01,138Â 204Â 122,0.0
1012672,201900054203,3,13,08:30,1,1,1,1.0,1.0,97106,Route de la TraversÃ©e,M,"16,1809820"," -61,7572660",971,2019,-1.0,1.0,1.0,3.0,2264628,1.0,1,4,1,5.0,,0.0,0,1947.0,A01,138Â 204Â 122,1.0,-1.0,-1.0,1728616,3.0,7,,0.0,2.0,1.0,B01,138Â 204Â 124,0.0
1012672,201900054203,3,13,08:30,1,1,1,1.0,1.0,97106,Route de la TraversÃ©e,M,"16,1809820"," -61,7572660",971,2019,-1.0,1.0,1.0,3.0,2264629,1.0,1,4,1,0.0,,0.0,0,1973.0,B01,138Â 204Â 124,1.0,-1.0,-1.0,1728615,0.0,7,,0.0,2.0,1.0,A01,138Â 204Â 122,0.0
1012672,201900054203,3,13,08:30,1,1,1,1.0,1.0,97106,Route de la TraversÃ©e,M,"16,1809820"," -61,7572660",971,2019,-1.0,1.0,1.0,3.0,2264629,1.0,1,4,1,0.0,,0.0,0,1973.0,B01,138Â 204Â 124,1.0,-1.0,-1.0,1728616,3.0,7,,0.0,2.0,1.0,B01,138Â 204Â 124,0.0
1012673,201900054204,7,12,17:40,1,1,4,1.0,3.0,56054,lieu dit La Croix Cordier,M,"47,6472240"," -3,1674180",56,2019,50.0,1.0,1.0,3.0,2264630,1.0,1,3,1,5.0,,0.0,0,1973.0,B01,138Â 204Â 118,2.0,6.0,-1.0,1728617,1.0,33,,0.0,2.0,1.0,B01,138Â 204Â 118,1.0
1012673,201900054204,7,12,17:40,1,1,4,1.0,3.0,56054,lieu dit La Croix Cordier,M,"47,6472240"," -3,1674180",56,2019,50.0,1.0,1.0,3.0,2264630,1.0,1,3,1,5.0,,0.0,0,1973.0,B01,138Â 204Â 118,2.0,6.0,-1.0,1728618,2.0,7,,0.0,2.0,3.0,A01,138Â 204Â 120,1.0