Unnamed: 0_x,num_acc,mois,jour,hrmn,lum,agg,int,atm,col,com,adr,gps,lat,long,dep,annee,vma,situ,surf,catr,Unnamed: 0_y,place,catu,grav,sexe,trajet,secu,locp,actp,an_nais,num_veh_x,id_vehicule_x,secu1,secu2,secu3,Unnamed: 0,senc,catv,occutc,obs,obsm,choc,num_veh_y,id_vehicule_y,motor
1012673,201900054204,7,12,17:40,1,1,4,1.0,3.0,56054,lieu dit La Croix Cordier,M,"47,6472240"," -3,1674180",56,2019,50.0,1.0,1.0,3.0,2264631,1.0,1,1,1,1.0,,0.0,0,1994.0,A01,138Â 204Â 120,1.0,-1.0,-1.0,1728617,1.0,33,,0.0,2.0,1.0,B01,138Â 204Â 118,1.0
1012673,201900054204,7,12,17:40,1,1,4,1.0,3.0,56054,lieu dit La Croix Cordier,M,"47,6472240"," -3,1674180",56,2019,50.0,1.0,1.0,3.0,2264631,1.0,1,1,1,1.0,,0.0,0,1994.0,A01,138Â 204Â 120,1.0,-1.0,-1.0,1728618,2.0,7,,0.0,2.0,3.0,A01,138Â 204Â 120,1.0
1012674,201900054205,3,28,20:00,3,1,1,1.0,7.0,97134,Route du Bouchu,M,"16,0660810"," -61,7617940",971,2019,70.0,3.0,1.0,2.0,2264632,1.0,1,2,1,0.0,,0.0,0,1956.0,A01,138Â 204Â 119,0.0,-1.0,-1.0,1728619,1.0,10,,2.0,0.0,3.0,A01,138Â 204Â 119,6.0
1012675,201900054206,7,12,14:30,1,2,1,1.0,6.0,22278,BREST (DE),M,"48,5118803"," -2,7662906",22,2019,50.0,1.0,1.0,4.0,2264633,1.0,1,1,2,5.0,,0.0,0,1952.0,A01,138Â 204Â 114,1.0,0.0,-1.0,1728620,2.0,7,,0.0,1.0,1.0,A01,138Â 204Â 114,1.0
1012675,201900054206,7,12,14:30,1,2,1,1.0,6.0,22278,BREST (DE),M,"48,5118803"," -2,7662906",22,2019,50.0,1.0,1.0,4.0,2264634,10.0,3,3,2,5.0,,3.0,3,1937.0,A01,138Â 204Â 114,8.0,0.0,-1.0,1728620,2.0,7,,0.0,1.0,1.0,A01,138Â 204Â 114,1.0
1012676,201900054207,7,14,11:30,1,2,3,1.0,3.0,74276,55 Rue de la Poste,M,"46,1071470","6,5945380",74,2019,50.0,1.0,1.0,3.0,2264635,1.0,1,1,1,5.0,,0.0,0,1991.0,B01,138Â 204Â 116,1.0,-1.0,-1.0,1728621,1.0,7,,0.0,2.0,3.0,B01,138Â 204Â 116,1.0
1012676,201900054207,7,14,11:30,1,2,3,1.0,3.0,74276,55 Rue de la Poste,M,"46,1071470","6,5945380",74,2019,50.0,1.0,1.0,3.0,2264635,1.0,1,1,1,5.0,,0.0,0,1991.0,B01,138Â 204Â 116,1.0,-1.0,-1.0,1728622,2.0,33,,0.0,2.0,2.0,A01,138Â 204Â 117,1.0
1012676,201900054207,7,14,11:30,1,2,3,1.0,3.0,74276,55 Rue de la Poste,M,"46,1071470","6,5945380",74,2019,50.0,1.0,1.0,3.0,2264636,1.0,1,4,1,5.0,,0.0,0,1962.0,A01,138Â 204Â 117,2.0,-1.0,-1.0,1728621,1.0,7,,0.0,2.0,3.0,B01,138Â 204Â 116,1.0
1012676,201900054207,7,14,11:30,1,2,3,1.0,3.0,74276,55 Rue de la Poste,M,"46,1071470","6,5945380",74,2019,50.0,1.0,1.0,3.0,2264636,1.0,1,4,1,5.0,,0.0,0,1962.0,A01,138Â 204Â 117,2.0,-1.0,-1.0,1728622,2.0,33,,0.0,2.0,2.0,A01,138Â 204Â 117,1.0
1012677,201900054208,3,23,17:30,1,1,3,1.0,3.0,33245,D115 / Chemin de Peybotte,M,"44,8048700"," -0,4409900",33,2019,80.0,1.0,1.0,3.0,2264637,1.0,1,3,1,5.0,,0.0,0,1973.0,B01,138Â 204Â 115,2.0,-1.0,-1.0,1728623,1.0,10,,0.0,2.0,5.0,A01,138Â 204Â 113,0.0
1012677,201900054208,3,23,17:30,1,1,3,1.0,3.0,33245,D115 / Chemin de Peybotte,M,"44,8048700"," -0,4409900",33,2019,80.0,1.0,1.0,3.0,2264637,1.0,1,3,1,5.0,,0.0,0,1973.0,B01,138Â 204Â 115,2.0,-1.0,-1.0,1728624,1.0,1,,0.0,2.0,1.0,B01,138Â 204Â 115,5.0
1012678,201900054209,3,29,10:35,1,1,1,1.0,3.0,77270,D228,M,"48,8672900","2,9966000",77,2019,80.0,1.0,1.0,3.0,2264638,1.0,1,4,1,5.0,,0.0,0,2000.0,A01,138Â 204Â 109,2.0,-1.0,-1.0,1728625,2.0,7,,0.0,2.0,5.0,B01,138Â 204Â 107,0.0
1012678,201900054209,3,29,10:35,1,1,1,1.0,3.0,77270,D228,M,"48,8672900","2,9966000",77,2019,80.0,1.0,1.0,3.0,2264638,1.0,1,4,1,5.0,,0.0,0,2000.0,A01,138Â 204Â 109,2.0,-1.0,-1.0,1728626,2.0,1,,0.0,2.0,3.0,A01,138Â 204Â 109,5.0
1012679,201900054210,8,17,09:47,1,2,1,2.0,1.0,22360,rue pierre de coubertin,M,"48,4942850"," -2,7619240",22,2019,50.0,1.0,2.0,4.0,2264639,1.0,1,1,1,5.0,,0.0,0,1964.0,B01,138Â 204Â 110,1.0,0.0,-1.0,1728627,0.0,10,,0.0,2.0,3.0,B01,138Â 204Â 110,1.0
1012679,201900054210,8,17,09:47,1,2,1,2.0,1.0,22360,rue pierre de coubertin,M,"48,4942850"," -2,7619240",22,2019,50.0,1.0,2.0,4.0,2264639,1.0,1,1,1,5.0,,0.0,0,1964.0,B01,138Â 204Â 110,1.0,0.0,-1.0,1728628,1.0,7,,0.0,2.0,1.0,A01,138Â 204Â 112,1.0
1012679,201900054210,8,17,09:47,1,2,1,2.0,1.0,22360,rue pierre de coubertin,M,"48,4942850"," -2,7619240",22,2019,50.0,1.0,2.0,4.0,2264640,1.0,1,4,2,1.0,,0.0,0,1995.0,A01,138Â 204Â 112,1.0,0.0,-1.0,1728627,0.0,10,,0.0,2.0,3.0,B01,138Â 204Â 110,1.0
1012679,201900054210,8,17,09:47,1,2,1,2.0,1.0,22360,rue pierre de coubertin,M,"48,4942850"," -2,7619240",22,2019,50.0,1.0,2.0,4.0,2264640,1.0,1,4,2,1.0,,0.0,0,1995.0,A01,138Â 204Â 112,1.0,0.0,-1.0,1728628,1.0,7,,0.0,2.0,1.0,A01,138Â 204Â 112,1.0
1012680,201900054211,7,6,12:26,1,1,1,1.0,3.0,74267,RD1508,M,"45,8640355","6,1402208",74,2019,70.0,1.0,1.0,3.0,2264641,1.0,1,1,1,4.0,,0.0,0,1973.0,A01,138Â 204Â 108,1.0,-1.0,-1.0,1728629,1.0,7,,0.0,2.0,8.0,A01,138Â 204Â 108,1.0
1012680,201900054211,7,6,12:26,1,1,1,1.0,3.0,74267,RD1508,M,"45,8640355","6,1402208",74,2019,70.0,1.0,1.0,3.0,2264641,1.0,1,1,1,4.0,,0.0,0,1973.0,A01,138Â 204Â 108,1.0,-1.0,-1.0,1728630,1.0,33,,0.0,2.0,7.0,B01,138Â 204Â 111,1.0
1012680,201900054211,7,6,12:26,1,1,1,1.0,3.0,74267,RD1508,M,"45,8640355","6,1402208",74,2019,70.0,1.0,1.0,3.0,2264642,1.0,1,4,1,5.0,,0.0,0,1959.0,B01,138Â 204Â 111,2.0,6.0,-1.0,1728629,1.0,7,,0.0,2.0,8.0,A01,138Â 204Â 108,1.0
1012680,201900054211,7,6,12:26,1,1,1,1.0,3.0,74267,RD1508,M,"45,8640355","6,1402208",74,2019,70.0,1.0,1.0,3.0,2264642,1.0,1,4,1,5.0,,0.0,0,1959.0,B01,138Â 204Â 111,2.0,6.0,-1.0,1728630,1.0,33,,0.0,2.0,7.0,B01,138Â 204Â 111,1.0
1012681,201900054212,3,29,19:05,3,2,1,1.0,6.0,30051,Mas Superieur,M,"44,2192580","3,9833050",30,2019,80.0,3.0,1.0,3.0,2264643,2.0,2,1,1,5.0,,0.0,0,1998.0,A01,138Â 204Â 101,8.0,-1.0,-1.0,1728631,1.0,7,,6.0,0.0,1.0,A01,138Â 204Â 101,1.0
1012681,201900054212,3,29,19:05,3,2,1,1.0,6.0,30051,Mas Superieur,M,"44,2192580","3,9833050",30,2019,80.0,3.0,1.0,3.0,2264644,1.0,1,3,1,5.0,,0.0,0,1998.0,A01,138Â 204Â 101,0.0,-1.0,-1.0,1728631,1.0,7,,6.0,0.0,1.0,A01,138Â 204Â 101,1.0
1012682,201900054213,7,12,12:10,1,1,1,1.0,1.0,76748,"Le Hamel,76450",M,"49,8096420","0,6380030",76,2019,80.0,1.0,1.0,3.0,2264645,1.0,1,4,1,4.0,,0.0,0,1984.0,B01,138Â 204Â 100,1.0,-1.0,-1.0,1728632,2.0,10,,0.0,2.0,1.0,B01,138Â 204Â 100,0.0
1012682,201900054213,7,12,12:10,1,1,1,1.0,1.0,76748,"Le Hamel,76450",M,"49,8096420","0,6380030",76,2019,80.0,1.0,1.0,3.0,2264645,1.0,1,4,1,4.0,,0.0,0,1984.0,B01,138Â 204Â 100,1.0,-1.0,-1.0,1728633,1.0,7,,0.0,2.0,1.0,A01,138Â 204Â 104,0.0
1012682,201900054213,7,12,12:10,1,1,1,1.0,1.0,76748,"Le Hamel,76450",M,"49,8096420","0,6380030",76,2019,80.0,1.0,1.0,3.0,2264646,2.0,2,4,1,4.0,,0.0,0,1980.0,B01,138Â 204Â 100,1.0,-1.0,-1.0,1728632,2.0,10,,0.0,2.0,1.0,B01,138Â 204Â 100,0.0
1012682,201900054213,7,12,12:10,1,1,1,1.0,1.0,76748,"Le Hamel,76450",M,"49,8096420","0,6380030",76,2019,80.0,1.0,1.0,3.0,2264646,2.0,2,4,1,4.0,,0.0,0,1980.0,B01,138Â 204Â 100,1.0,-1.0,-1.0,1728633,1.0,7,,0.0,2.0,1.0,A01,138Â 204Â 104,0.0
1012682,201900054213,7,12,12:10,1,1,1,1.0,1.0,76748,"Le Hamel,76450",M,"49,8096420","0,6380030",76,2019,80.0,1.0,1.0,3.0,2264647,1.0,1,4,2,5.0,,0.0,0,1980.0,A01,138Â 204Â 104,5.0,-1.0,-1.0,1728632,2.0,10,,0.0,2.0,1.0,B01,138Â 204Â 100,0.0
1012682,201900054213,7,12,12:10,1,1,1,1.0,1.0,76748,"Le Hamel,76450",M,"49,8096420","0,6380030",76,2019,80.0,1.0,1.0,3.0,2264647,1.0,1,4,2,5.0,,0.0,0,1980.0,A01,138Â 204Â 104,5.0,-1.0,-1.0,1728633,1.0,7,,0.0,2.0,1.0,A01,138Â 204Â 104,0.0
1012683,201900054214,8,16,15:15,1,2,1,1.0,6.0,14366,SIX JUIN (AVENUE DU),M,"49,1430000","0,2174400",14,2019,50.0,1.0,1.0,4.0,2264648,1.0,1,3,1,5.0,,0.0,0,1939.0,A01,138Â 204Â 099,1.0,0.0,-1.0,1728634,1.0,7,,1.0,0.0,1.0,A01,138Â 204Â 099,1.0
1012684,201900054215,3,31,06:45,2,1,1,1.0,6.0,34213,D2 pk 30,M,"43,4982880","3,6870380",34,2019,80.0,3.0,1.0,3.0,2264649,1.0,1,4,1,0.0,,0.0,0,1991.0,A01,138Â 204Â 098,8.0,-1.0,-1.0,1728635,1.0,7,,0.0,0.0,0.0,A01,138Â 204Â 098,1.0
1012685,201900054216,7,13,16:13,1,2,2,7.0,1.0,76085,Rd 308,M,"49,8006832","1,0528290",76,2019,50.0,1.0,1.0,3.0,2264650,1.0,1,3,1,5.0,,0.0,0,1968.0,A01,138Â 204Â 093,2.0,-1.0,-1.0,1728636,3.0,33,,0.0,2.0,2.0,A01,138Â 204Â 093,1.0
1012685,201900054216,7,13,16:13,1,2,2,7.0,1.0,76085,Rd 308,M,"49,8006832","1,0528290",76,2019,50.0,1.0,1.0,3.0,2264650,1.0,1,3,1,5.0,,0.0,0,1968.0,A01,138Â 204Â 093,2.0,-1.0,-1.0,1728637,3.0,14,,0.0,2.0,2.0,B01,138Â 204Â 097,1.0
1012685,201900054216,7,13,16:13,1,2,2,7.0,1.0,76085,Rd 308,M,"49,8006832","1,0528290",76,2019,50.0,1.0,1.0,3.0,2264651,1.0,1,1,1,4.0,,0.0,0,1982.0,B01,138Â 204Â 097,0.0,-1.0,-1.0,1728636,3.0,33,,0.0,2.0,2.0,A01,138Â 204Â 093,1.0
1012685,201900054216,7,13,16:13,1,2,2,7.0,1.0,76085,Rd 308,M,"49,8006832","1,0528290",76,2019,50.0,1.0,1.0,3.0,2264651,1.0,1,1,1,4.0,,0.0,0,1982.0,B01,138Â 204Â 097,0.0,-1.0,-1.0,1728637,3.0,14,,0.0,2.0,2.0,B01,138Â 204Â 097,1.0
1012686,201900054217,8,20,17:30,1,1,1,1.0,2.0,14437,PERIPHERIQUE NORD (BOULEVARD),M,"49,1789500"," -0,3210300",14,2019,-1.0,1.0,1.0,2.0,2264652,1.0,1,4,1,-1.0,,0.0,0,1993.0,A01,138Â 204Â 095,2.0,6.0,-1.0,1728638,1.0,33,,0.0,2.0,1.0,A01,138Â 204Â 095,1.0
1012686,201900054217,8,20,17:30,1,1,1,1.0,2.0,14437,PERIPHERIQUE NORD (BOULEVARD),M,"49,1789500"," -0,3210300",14,2019,-1.0,1.0,1.0,2.0,2264652,1.0,1,4,1,-1.0,,0.0,0,1993.0,A01,138Â 204Â 095,2.0,6.0,-1.0,1728639,1.0,10,,0.0,0.0,4.0,B01,138Â 204Â 096,1.0
1012686,201900054217,8,20,17:30,1,1,1,1.0,2.0,14437,PERIPHERIQUE NORD (BOULEVARD),M,"49,1789500"," -0,3210300",14,2019,-1.0,1.0,1.0,2.0,2264653,1.0,1,1,1,-1.0,,0.0,0,1984.0,B01,138Â 204Â 096,1.0,-1.0,-1.0,1728638,1.0,33,,0.0,2.0,1.0,A01,138Â 204Â 095,1.0
1012686,201900054217,8,20,17:30,1,1,1,1.0,2.0,14437,PERIPHERIQUE NORD (BOULEVARD),M,"49,1789500"," -0,3210300",14,2019,-1.0,1.0,1.0,2.0,2264653,1.0,1,1,1,-1.0,,0.0,0,1984.0,B01,138Â 204Â 096,1.0,-1.0,-1.0,1728639,1.0,10,,0.0,0.0,4.0,B01,138Â 204Â 096,1.0
1012687,201900054218,7,13,01:15,3,1,1,1.0,1.0,79034,D611,M,"46,2880050"," -0,5111770",79,2019,80.0,1.0,1.0,3.0,2264654,1.0,1,3,1,5.0,,0.0,0,1992.0,B01,138Â 204Â 090,1.0,-1.0,-1.0,1728640,1.0,7,,0.0,2.0,3.0,B01,138Â 204Â 090,1.0
1012687,201900054218,7,13,01:15,3,1,1,1.0,1.0,79034,D611,M,"46,2880050"," -0,5111770",79,2019,80.0,1.0,1.0,3.0,2264654,1.0,1,3,1,5.0,,0.0,0,1992.0,B01,138Â 204Â 090,1.0,-1.0,-1.0,1728641,2.0,7,,0.0,2.0,3.0,A01,138Â 204Â 091,1.0
1012687,201900054218,7,13,01:15,3,1,1,1.0,1.0,79034,D611,M,"46,2880050"," -0,5111770",79,2019,80.0,1.0,1.0,3.0,2264655,1.0,1,2,2,0.0,,0.0,0,1996.0,A01,138Â 204Â 091,1.0,-1.0,-1.0,1728640,1.0,7,,0.0,2.0,3.0,B01,138Â 204Â 090,1.0
1012687,201900054218,7,13,01:15,3,1,1,1.0,1.0,79034,D611,M,"46,2880050"," -0,5111770",79,2019,80.0,1.0,1.0,3.0,2264655,1.0,1,2,2,0.0,,0.0,0,1996.0,A01,138Â 204Â 091,1.0,-1.0,-1.0,1728641,2.0,7,,0.0,2.0,3.0,A01,138Â 204Â 091,1.0
1012688,201900054219,3,29,18:20,1,2,1,1.0,3.0,83023,Avenue Foch,M,"43,4084090","6,0701120",83,2019,50.0,1.0,1.0,7.0,2264656,1.0,1,3,1,5.0,,0.0,0,2001.0,A01,138Â 204Â 092,2.0,-1.0,-1.0,1728642,0.0,31,,0.0,2.0,1.0,A01,138Â 204Â 092,1.0
1012688,201900054219,3,29,18:20,1,2,1,1.0,3.0,83023,Avenue Foch,M,"43,4084090","6,0701120",83,2019,50.0,1.0,1.0,7.0,2264656,1.0,1,3,1,5.0,,0.0,0,2001.0,A01,138Â 204Â 092,2.0,-1.0,-1.0,1728643,0.0,7,,0.0,2.0,5.0,B01,138Â 204Â 094,1.0
1012688,201900054219,3,29,18:20,1,2,1,1.0,3.0,83023,Avenue Foch,M,"43,4084090","6,0701120",83,2019,50.0,1.0,1.0,7.0,2264657,1.0,1,1,1,0.0,,0.0,0,2000.0,B01,138Â 204Â 094,1.0,-1.0,-1.0,1728642,0.0,31,,0.0,2.0,1.0,A01,138Â 204Â 092,1.0
1012688,201900054219,3,29,18:20,1,2,1,1.0,3.0,83023,Avenue Foch,M,"43,4084090","6,0701120",83,2019,50.0,1.0,1.0,7.0,2264657,1.0,1,1,1,0.0,,0.0,0,2000.0,B01,138Â 204Â 094,1.0,-1.0,-1.0,1728643,0.0,7,,0.0,2.0,5.0,B01,138Â 204Â 094,1.0
1012689,201900054220,8,20,13:38,1,1,6,1.0,1.0,14327,CD NÂ° 515 (ROUTE DE OUISTREHAM),M,"49,2119000"," -0,3221000",14,2019,-1.0,1.0,1.0,3.0,2264658,1.0,1,4,1,0.0,,0.0,0,1989.0,B01,138Â 204Â 088,1.0,-1.0,-1.0,1728644,1.0,99,,0.0,0.0,4.0,B01,138Â 204Â 088,-1.0
1012689,201900054220,8,20,13:38,1,1,6,1.0,1.0,14327,CD NÂ° 515 (ROUTE DE OUISTREHAM),M,"49,2119000"," -0,3221000",14,2019,-1.0,1.0,1.0,3.0,2264658,1.0,1,4,1,0.0,,0.0,0,1989.0,B01,138Â 204Â 088,1.0,-1.0,-1.0,1728645,1.0,99,,0.0,9.0,1.0,A01,138Â 204Â 089,-1.0
1012689,201900054220,8,20,13:38,1,1,6,1.0,1.0,14327,CD NÂ° 515 (ROUTE DE OUISTREHAM),M,"49,2119000"," -0,3221000",14,2019,-1.0,1.0,1.0,3.0,2264659,1.0,1,1,1,0.0,,0.0,0,1934.0,A01,138Â 204Â 089,1.0,-1.0,-1.0,1728644,1.0,99,,0.0,0.0,4.0,B01,138Â 204Â 088,-1.0
1012689,201900054220,8,20,13:38,1,1,6,1.0,1.0,14327,CD NÂ° 515 (ROUTE DE OUISTREHAM),M,"49,2119000"," -0,3221000",14,2019,-1.0,1.0,1.0,3.0,2264659,1.0,1,1,1,0.0,,0.0,0,1934.0,A01,138Â 204Â 089,1.0,-1.0,-1.0,1728645,1.0,99,,0.0,9.0,1.0,A01,138Â 204Â 089,-1.0
1012690,201900054221,7,13,19:57,1,1,1,1.0,7.0,79077,,M,"46,5562880"," -0,5387930",79,2019,50.0,3.0,9.0,3.0,2264660,1.0,1,3,1,1.0,,0.0,0,1993.0,A01,138Â 204Â 087,1.0,-1.0,-1.0,1728646,1.0,7,,2.0,0.0,8.0,A01,138Â 204Â 087,0.0
1012691,201900054222,3,30,15:40,1,1,1,7.0,1.0,13042,"d2, col de l'espigoulier",M,"43,2923350","5,6568140",13,2019,80.0,1.0,1.0,3.0,2264661,1.0,1,1,2,5.0,,0.0,0,1977.0,A01,138Â 204Â 084,1.0,-1.0,-1.0,1728647,2.0,7,,0.0,2.0,3.0,A01,138Â 204Â 084,1.0
1012691,201900054222,3,30,15:40,1,1,1,7.0,1.0,13042,"d2, col de l'espigoulier",M,"43,2923350","5,6568140",13,2019,80.0,1.0,1.0,3.0,2264661,1.0,1,1,2,5.0,,0.0,0,1977.0,A01,138Â 204Â 084,1.0,-1.0,-1.0,1728648,1.0,33,,0.0,2.0,1.0,B01,138Â 204Â 086,1.0
1012691,201900054222,3,30,15:40,1,1,1,7.0,1.0,13042,"d2, col de l'espigoulier",M,"43,2923350","5,6568140",13,2019,80.0,1.0,1.0,3.0,2264662,1.0,1,3,1,5.0,,0.0,0,1971.0,B01,138Â 204Â 086,2.0,6.0,-1.0,1728647,2.0,7,,0.0,2.0,3.0,A01,138Â 204Â 084,1.0
1012691,201900054222,3,30,15:40,1,1,1,7.0,1.0,13042,"d2, col de l'espigoulier",M,"43,2923350","5,6568140",13,2019,80.0,1.0,1.0,3.0,2264662,1.0,1,3,1,5.0,,0.0,0,1971.0,B01,138Â 204Â 086,2.0,6.0,-1.0,1728648,1.0,33,,0.0,2.0,1.0,B01,138Â 204Â 086,1.0
1012692,201900054223,7,8,15:15,1,1,1,1.0,2.0,2A139,Cala Rossa,M,"41,6249005","9,3367036",2A,2019,70.0,1.0,1.0,3.0,2264663,1.0,1,4,1,5.0,,0.0,0,1943.0,B01,138Â 204Â 083,2.0,-1.0,-1.0,1728649,3.0,2,,0.0,2.0,2.0,B01,138Â 204Â 083,0.0
1012692,201900054223,7,8,15:15,1,1,1,1.0,2.0,2A139,Cala Rossa,M,"41,6249005","9,3367036",2A,2019,70.0,1.0,1.0,3.0,2264663,1.0,1,4,1,5.0,,0.0,0,1943.0,B01,138Â 204Â 083,2.0,-1.0,-1.0,1728650,3.0,10,,0.0,2.0,4.0,A01,138Â 204Â 085,1.0
1012692,201900054223,7,8,15:15,1,1,1,1.0,2.0,2A139,Cala Rossa,M,"41,6249005","9,3367036",2A,2019,70.0,1.0,1.0,3.0,2264664,1.0,1,1,2,1.0,,0.0,0,1976.0,A01,138Â 204Â 085,1.0,-1.0,-1.0,1728649,3.0,2,,0.0,2.0,2.0,B01,138Â 204Â 083,0.0
1012692,201900054223,7,8,15:15,1,1,1,1.0,2.0,2A139,Cala Rossa,M,"41,6249005","9,3367036",2A,2019,70.0,1.0,1.0,3.0,2264664,1.0,1,1,2,1.0,,0.0,0,1976.0,A01,138Â 204Â 085,1.0,-1.0,-1.0,1728650,3.0,10,,0.0,2.0,4.0,A01,138Â 204Â 085,1.0
1012693,201900054224,3,31,00:15,3,1,1,1.0,6.0,13094,RD99 PK 24+363,M,"43,7860710","4,7456980",13,2019,80.0,3.0,1.0,3.0,2264665,1.0,1,4,1,5.0,,0.0,0,1971.0,A01,138Â 204Â 081,0.0,-1.0,-1.0,1728651,1.0,7,,13.0,0.0,1.0,A01,138Â 204Â 081,1.0
1012694,201900054225,7,13,01:30,3,1,1,1.0,6.0,80044,D938,M,"50,1370410","2,3823440",80,2019,80.0,1.0,1.0,3.0,2264666,1.0,1,3,1,5.0,,0.0,0,1966.0,A01,138Â 204Â 080,1.0,-1.0,-1.0,1728652,3.0,7,,0.0,1.0,9.0,A01,138Â 204Â 080,1.0
1012694,201900054225,7,13,01:30,3,1,1,1.0,6.0,80044,D938,M,"50,1370410","2,3823440",80,2019,80.0,1.0,1.0,3.0,2264667,2.0,2,2,1,5.0,,0.0,0,1962.0,A01,138Â 204Â 080,0.0,-1.0,-1.0,1728652,3.0,7,,0.0,1.0,9.0,A01,138Â 204Â 080,1.0
1012694,201900054225,7,13,01:30,3,1,1,1.0,6.0,80044,D938,M,"50,1370410","2,3823440",80,2019,80.0,1.0,1.0,3.0,2264668,10.0,3,2,1,0.0,,1.0,9,1985.0,A01,138Â 204Â 080,0.0,-1.0,-1.0,1728652,3.0,7,,0.0,1.0,9.0,A01,138Â 204Â 080,1.0
1012695,201900054226,8,19,18:30,2,1,1,1.0,2.0,13117,ROUTE NATIONALE 113-L'ANJOLY,M,"43,4236500","5,2657800",13,2019,80.0,1.0,1.0,3.0,2264669,1.0,1,3,1,1.0,,-1.0,0,1998.0,A01,138Â 204Â 079,2.0,6.0,-1.0,1728653,3.0,33,,0.0,2.0,1.0,A01,138Â 204Â 079,1.0
1012695,201900054226,8,19,18:30,2,1,1,1.0,2.0,13117,ROUTE NATIONALE 113-L'ANJOLY,M,"43,4236500","5,2657800",13,2019,80.0,1.0,1.0,3.0,2264669,1.0,1,3,1,1.0,,-1.0,0,1998.0,A01,138Â 204Â 079,2.0,6.0,-1.0,1728654,3.0,7,,0.0,2.0,5.0,B01,138Â 204Â 082,1.0
1012695,201900054226,8,19,18:30,2,1,1,1.0,2.0,13117,ROUTE NATIONALE 113-L'ANJOLY,M,"43,4236500","5,2657800",13,2019,80.0,1.0,1.0,3.0,2264670,1.0,1,1,2,0.0,,-1.0,0,1993.0,B01,138Â 204Â 082,1.0,0.0,-1.0,1728653,3.0,33,,0.0,2.0,1.0,A01,138Â 204Â 079,1.0
1012695,201900054226,8,19,18:30,2,1,1,1.0,2.0,13117,ROUTE NATIONALE 113-L'ANJOLY,M,"43,4236500","5,2657800",13,2019,80.0,1.0,1.0,3.0,2264670,1.0,1,1,2,0.0,,-1.0,0,1993.0,B01,138Â 204Â 082,1.0,0.0,-1.0,1728654,3.0,7,,0.0,2.0,5.0,B01,138Â 204Â 082,1.0
1012695,201900054226,8,19,18:30,2,1,1,1.0,2.0,13117,ROUTE NATIONALE 113-L'ANJOLY,M,"43,4236500","5,2657800",13,2019,80.0,1.0,1.0,3.0,2264671,4.0,2,1,2,5.0,,-1.0,0,2017.0,B01,138Â 204Â 082,3.0,8.0,-1.0,1728653,3.0,33,,0.0,2.0,1.0,A01,138Â 204Â 079,1.0
1012695,201900054226,8,19,18:30,2,1,1,1.0,2.0,13117,ROUTE NATIONALE 113-L'ANJOLY,M,"43,4236500","5,2657800",13,2019,80.0,1.0,1.0,3.0,2264671,4.0,2,1,2,5.0,,-1.0,0,2017.0,B01,138Â 204Â 082,3.0,8.0,-1.0,1728654,3.0,7,,0.0,2.0,5.0,B01,138Â 204Â 082,1.0
1012695,201900054226,8,19,18:30,2,1,1,1.0,2.0,13117,ROUTE NATIONALE 113-L'ANJOLY,M,"43,4236500","5,2657800",13,2019,80.0,1.0,1.0,3.0,2264672,2.0,2,1,2,5.0,,-1.0,0,1952.0,B01,138Â 204Â 082,1.0,0.0,-1.0,1728653,3.0,33,,0.0,2.0,1.0,A01,138Â 204Â 079,1.0
1012695,201900054226,8,19,18:30,2,1,1,1.0,2.0,13117,ROUTE NATIONALE 113-L'ANJOLY,M,"43,4236500","5,2657800",13,2019,80.0,1.0,1.0,3.0,2264672,2.0,2,1,2,5.0,,-1.0,0,1952.0,B01,138Â 204Â 082,1.0,0.0,-1.0,1728654,3.0,7,,0.0,2.0,5.0,B01,138Â 204Â 082,1.0
1012695,201900054226,8,19,18:30,2,1,1,1.0,2.0,13117,ROUTE NATIONALE 113-L'ANJOLY,M,"43,4236500","5,2657800",13,2019,80.0,1.0,1.0,3.0,2264673,3.0,2,4,2,0.0,,-1.0,0,1993.0,B01,138Â 204Â 082,1.0,0.0,-1.0,1728653,3.0,33,,0.0,2.0,1.0,A01,138Â 204Â 079,1.0
1012695,201900054226,8,19,18:30,2,1,1,1.0,2.0,13117,ROUTE NATIONALE 113-L'ANJOLY,M,"43,4236500","5,2657800",13,2019,80.0,1.0,1.0,3.0,2264673,3.0,2,4,2,0.0,,-1.0,0,1993.0,B01,138Â 204Â 082,1.0,0.0,-1.0,1728654,3.0,7,,0.0,2.0,5.0,B01,138Â 204Â 082,1.0
1012696,201900054227,3,29,17:30,1,1,1,1.0,2.0,13100,Route du Rougadou,M,"43,7886130","4,8176270",13,2019,70.0,1.0,1.0,3.0,2264674,1.0,1,3,1,5.0,,0.0,0,2004.0,B01,138Â 204Â 077,2.0,6.0,-1.0,1728655,2.0,2,,1.0,0.0,1.0,B01,138Â 204Â 077,0.0
1012696,201900054227,3,29,17:30,1,1,1,1.0,2.0,13100,Route du Rougadou,M,"43,7886130","4,8176270",13,2019,70.0,1.0,1.0,3.0,2264674,1.0,1,3,1,5.0,,0.0,0,2004.0,B01,138Â 204Â 077,2.0,6.0,-1.0,1728656,1.0,7,,0.0,2.0,4.0,A01,138Â 204Â 078,0.0
1012696,201900054227,3,29,17:30,1,1,1,1.0,2.0,13100,Route du Rougadou,M,"43,7886130","4,8176270",13,2019,70.0,1.0,1.0,3.0,2264675,1.0,1,1,1,5.0,,0.0,0,1945.0,A01,138Â 204Â 078,1.0,-1.0,-1.0,1728655,2.0,2,,1.0,0.0,1.0,B01,138Â 204Â 077,0.0