Unnamed: 0_x,num_acc,mois,jour,hrmn,lum,agg,int,atm,col,com,adr,gps,lat,long,dep,annee,vma,situ,surf,catr,Unnamed: 0_y,place,catu,grav,sexe,trajet,secu,locp,actp,an_nais,num_veh_x,id_vehicule_x,secu1,secu2,secu3,Unnamed: 0,senc,catv,occutc,obs,obsm,choc,num_veh_y,id_vehicule_y,motor
1012696,201900054227,3,29,17:30,1,1,1,1.0,2.0,13100,Route du Rougadou,M,"43,7886130","4,8176270",13,2019,70.0,1.0,1.0,3.0,2264675,1.0,1,1,1,5.0,,0.0,0,1945.0,A01,138Â 204Â 078,1.0,-1.0,-1.0,1728656,1.0,7,,0.0,2.0,4.0,A01,138Â 204Â 078,0.0
1012697,201900054228,7,12,17:50,1,2,1,1.0,3.0,80212,25 bis rue lÃ©on curÃ©,M,"49,9107780","2,5036120",80,2019,50.0,1.0,1.0,3.0,2264676,1.0,1,1,2,3.0,,0.0,0,1976.0,A01,138Â 204Â 075,1.0,-1.0,-1.0,1728657,1.0,7,,0.0,2.0,3.0,A01,138Â 204Â 075,1.0
1012697,201900054228,7,12,17:50,1,2,1,1.0,3.0,80212,25 bis rue lÃ©on curÃ©,M,"49,9107780","2,5036120",80,2019,50.0,1.0,1.0,3.0,2264676,1.0,1,1,2,3.0,,0.0,0,1976.0,A01,138Â 204Â 075,1.0,-1.0,-1.0,1728658,2.0,2,,0.0,2.0,3.0,B01,138Â 204Â 076,1.0
1012697,201900054228,7,12,17:50,1,2,1,1.0,3.0,80212,25 bis rue lÃ©on curÃ©,M,"49,9107780","2,5036120",80,2019,50.0,1.0,1.0,3.0,2264677,1.0,1,4,1,5.0,,0.0,0,2005.0,B01,138Â 204Â 076,2.0,6.0,-1.0,1728657,1.0,7,,0.0,2.0,3.0,A01,138Â 204Â 075,1.0
1012697,201900054228,7,12,17:50,1,2,1,1.0,3.0,80212,25 bis rue lÃ©on curÃ©,M,"49,9107780","2,5036120",80,2019,50.0,1.0,1.0,3.0,2264677,1.0,1,4,1,5.0,,0.0,0,2005.0,B01,138Â 204Â 076,2.0,6.0,-1.0,1728658,2.0,2,,0.0,2.0,3.0,B01,138Â 204Â 076,1.0
1012698,201900054229,3,30,12:50,1,2,1,1.0,3.0,25057,31 Rue LÃ©onard de Vinci,M,"47,5347560","6,8112380",25,2019,50.0,1.0,1.0,4.0,2264678,2.0,2,4,1,5.0,,0.0,0,2006.0,A01,138Â 204Â 071,0.0,-1.0,-1.0,1728659,3.0,36,,0.0,2.0,3.0,A01,138Â 204Â 071,1.0
1012698,201900054229,3,30,12:50,1,2,1,1.0,3.0,25057,31 Rue LÃ©onard de Vinci,M,"47,5347560","6,8112380",25,2019,50.0,1.0,1.0,4.0,2264678,2.0,2,4,1,5.0,,0.0,0,2006.0,A01,138Â 204Â 071,0.0,-1.0,-1.0,1728660,3.0,7,,0.0,0.0,7.0,B01,138Â 204Â 073,1.0
1012698,201900054229,3,30,12:50,1,2,1,1.0,3.0,25057,31 Rue LÃ©onard de Vinci,M,"47,5347560","6,8112380",25,2019,50.0,1.0,1.0,4.0,2264679,1.0,1,3,1,5.0,,0.0,0,2005.0,A01,138Â 204Â 071,0.0,-1.0,-1.0,1728659,3.0,36,,0.0,2.0,3.0,A01,138Â 204Â 071,1.0
1012698,201900054229,3,30,12:50,1,2,1,1.0,3.0,25057,31 Rue LÃ©onard de Vinci,M,"47,5347560","6,8112380",25,2019,50.0,1.0,1.0,4.0,2264679,1.0,1,3,1,5.0,,0.0,0,2005.0,A01,138Â 204Â 071,0.0,-1.0,-1.0,1728660,3.0,7,,0.0,0.0,7.0,B01,138Â 204Â 073,1.0
1012698,201900054229,3,30,12:50,1,2,1,1.0,3.0,25057,31 Rue LÃ©onard de Vinci,M,"47,5347560","6,8112380",25,2019,50.0,1.0,1.0,4.0,2264680,2.0,2,1,1,5.0,,0.0,0,1949.0,B01,138Â 204Â 073,8.0,-1.0,-1.0,1728659,3.0,36,,0.0,2.0,3.0,A01,138Â 204Â 071,1.0
1012698,201900054229,3,30,12:50,1,2,1,1.0,3.0,25057,31 Rue LÃ©onard de Vinci,M,"47,5347560","6,8112380",25,2019,50.0,1.0,1.0,4.0,2264680,2.0,2,1,1,5.0,,0.0,0,1949.0,B01,138Â 204Â 073,8.0,-1.0,-1.0,1728660,3.0,7,,0.0,0.0,7.0,B01,138Â 204Â 073,1.0
1012698,201900054229,3,30,12:50,1,2,1,1.0,3.0,25057,31 Rue LÃ©onard de Vinci,M,"47,5347560","6,8112380",25,2019,50.0,1.0,1.0,4.0,2264681,1.0,1,1,2,5.0,,0.0,0,1948.0,B01,138Â 204Â 073,8.0,-1.0,-1.0,1728659,3.0,36,,0.0,2.0,3.0,A01,138Â 204Â 071,1.0
1012698,201900054229,3,30,12:50,1,2,1,1.0,3.0,25057,31 Rue LÃ©onard de Vinci,M,"47,5347560","6,8112380",25,2019,50.0,1.0,1.0,4.0,2264681,1.0,1,1,2,5.0,,0.0,0,1948.0,B01,138Â 204Â 073,8.0,-1.0,-1.0,1728660,3.0,7,,0.0,0.0,7.0,B01,138Â 204Â 073,1.0
1012699,201900054230,7,10,19:37,1,1,1,1.0,3.0,33047,D134,M,"45,1174770"," -0,5393830",33,2019,80.0,1.0,1.0,3.0,2264682,1.0,1,4,1,1.0,,0.0,0,1963.0,A01,138Â 204Â 069,2.0,6.0,-1.0,1728661,1.0,31,,0.0,2.0,1.0,A01,138Â 204Â 069,1.0
1012699,201900054230,7,10,19:37,1,1,1,1.0,3.0,33047,D134,M,"45,1174770"," -0,5393830",33,2019,80.0,1.0,1.0,3.0,2264682,1.0,1,4,1,1.0,,0.0,0,1963.0,A01,138Â 204Â 069,2.0,6.0,-1.0,1728662,1.0,30,,0.0,0.0,8.0,B01,138Â 204Â 070,1.0
1012699,201900054230,7,10,19:37,1,1,1,1.0,3.0,33047,D134,M,"45,1174770"," -0,5393830",33,2019,80.0,1.0,1.0,3.0,2264683,1.0,1,1,1,1.0,,0.0,0,1991.0,B01,138Â 204Â 070,2.0,6.0,-1.0,1728661,1.0,31,,0.0,2.0,1.0,A01,138Â 204Â 069,1.0
1012699,201900054230,7,10,19:37,1,1,1,1.0,3.0,33047,D134,M,"45,1174770"," -0,5393830",33,2019,80.0,1.0,1.0,3.0,2264683,1.0,1,1,1,1.0,,0.0,0,1991.0,B01,138Â 204Â 070,2.0,6.0,-1.0,1728662,1.0,30,,0.0,0.0,8.0,B01,138Â 204Â 070,1.0
1012700,201900054231,8,20,08:10,1,2,3,1.0,3.0,13201,BELSUNCE (COURS),M,"43,2974360","5,3771000",13,2019,50.0,1.0,1.0,4.0,2264684,1.0,1,4,1,9.0,,0.0,0,1976.0,B01,138Â 204Â 072,1.0,0.0,-1.0,1728663,1.0,7,,0.0,2.0,1.0,B01,138Â 204Â 072,1.0
1012700,201900054231,8,20,08:10,1,2,3,1.0,3.0,13201,BELSUNCE (COURS),M,"43,2974360","5,3771000",13,2019,50.0,1.0,1.0,4.0,2264684,1.0,1,4,1,9.0,,0.0,0,1976.0,B01,138Â 204Â 072,1.0,0.0,-1.0,1728664,2.0,7,,0.0,2.0,6.0,A01,138Â 204Â 074,1.0
1012700,201900054231,8,20,08:10,1,2,3,1.0,3.0,13201,BELSUNCE (COURS),M,"43,2974360","5,3771000",13,2019,50.0,1.0,1.0,4.0,2264685,1.0,1,1,1,9.0,,0.0,0,1939.0,A01,138Â 204Â 074,1.0,0.0,-1.0,1728663,1.0,7,,0.0,2.0,1.0,B01,138Â 204Â 072,1.0
1012700,201900054231,8,20,08:10,1,2,3,1.0,3.0,13201,BELSUNCE (COURS),M,"43,2974360","5,3771000",13,2019,50.0,1.0,1.0,4.0,2264685,1.0,1,1,1,9.0,,0.0,0,1939.0,A01,138Â 204Â 074,1.0,0.0,-1.0,1728664,2.0,7,,0.0,2.0,6.0,A01,138Â 204Â 074,1.0
1012701,201900054232,3,29,19:19,2,2,3,1.0,3.0,89206,Quai GÃ©nÃ©ral Leclerc,M,"47,9828760","3,3896980",89,2019,50.0,1.0,1.0,3.0,2264686,1.0,1,4,1,0.0,,0.0,0,1943.0,B01,138Â 204Â 067,1.0,-1.0,-1.0,1728665,1.0,7,,0.0,2.0,8.0,B01,138Â 204Â 067,1.0
1012701,201900054232,3,29,19:19,2,2,3,1.0,3.0,89206,Quai GÃ©nÃ©ral Leclerc,M,"47,9828760","3,3896980",89,2019,50.0,1.0,1.0,3.0,2264686,1.0,1,4,1,0.0,,0.0,0,1943.0,B01,138Â 204Â 067,1.0,-1.0,-1.0,1728666,2.0,33,,0.0,2.0,1.0,A01,138Â 204Â 068,1.0
1012701,201900054232,3,29,19:19,2,2,3,1.0,3.0,89206,Quai GÃ©nÃ©ral Leclerc,M,"47,9828760","3,3896980",89,2019,50.0,1.0,1.0,3.0,2264687,9.0,2,4,2,0.0,,0.0,0,2011.0,B01,138Â 204Â 067,1.0,-1.0,-1.0,1728665,1.0,7,,0.0,2.0,8.0,B01,138Â 204Â 067,1.0
1012701,201900054232,3,29,19:19,2,2,3,1.0,3.0,89206,Quai GÃ©nÃ©ral Leclerc,M,"47,9828760","3,3896980",89,2019,50.0,1.0,1.0,3.0,2264687,9.0,2,4,2,0.0,,0.0,0,2011.0,B01,138Â 204Â 067,1.0,-1.0,-1.0,1728666,2.0,33,,0.0,2.0,1.0,A01,138Â 204Â 068,1.0
1012701,201900054232,3,29,19:19,2,2,3,1.0,3.0,89206,Quai GÃ©nÃ©ral Leclerc,M,"47,9828760","3,3896980",89,2019,50.0,1.0,1.0,3.0,2264688,1.0,1,3,1,0.0,,0.0,0,1986.0,A01,138Â 204Â 068,2.0,6.0,9.0,1728665,1.0,7,,0.0,2.0,8.0,B01,138Â 204Â 067,1.0
1012701,201900054232,3,29,19:19,2,2,3,1.0,3.0,89206,Quai GÃ©nÃ©ral Leclerc,M,"47,9828760","3,3896980",89,2019,50.0,1.0,1.0,3.0,2264688,1.0,1,3,1,0.0,,0.0,0,1986.0,A01,138Â 204Â 068,2.0,6.0,9.0,1728666,2.0,33,,0.0,2.0,1.0,A01,138Â 204Â 068,1.0
1012702,201900054233,7,14,14:50,1,2,4,1.0,3.0,81227,intersection avenue de lattre de tassigny et rue du docteur Puech,M,"43,6653330","2,2915400",81,2019,50.0,1.0,1.0,3.0,2264689,2.0,2,4,2,5.0,,0.0,0,1963.0,B01,138Â 204Â 065,2.0,-1.0,-1.0,1728667,1.0,2,,0.0,2.0,8.0,B01,138Â 204Â 065,1.0
1012702,201900054233,7,14,14:50,1,2,4,1.0,3.0,81227,intersection avenue de lattre de tassigny et rue du docteur Puech,M,"43,6653330","2,2915400",81,2019,50.0,1.0,1.0,3.0,2264689,2.0,2,4,2,5.0,,0.0,0,1963.0,B01,138Â 204Â 065,2.0,-1.0,-1.0,1728668,1.0,7,,0.0,2.0,7.0,A01,138Â 204Â 066,1.0
1012702,201900054233,7,14,14:50,1,2,4,1.0,3.0,81227,intersection avenue de lattre de tassigny et rue du docteur Puech,M,"43,6653330","2,2915400",81,2019,50.0,1.0,1.0,3.0,2264690,1.0,1,4,1,5.0,,0.0,0,1964.0,B01,138Â 204Â 065,2.0,-1.0,-1.0,1728667,1.0,2,,0.0,2.0,8.0,B01,138Â 204Â 065,1.0
1012702,201900054233,7,14,14:50,1,2,4,1.0,3.0,81227,intersection avenue de lattre de tassigny et rue du docteur Puech,M,"43,6653330","2,2915400",81,2019,50.0,1.0,1.0,3.0,2264690,1.0,1,4,1,5.0,,0.0,0,1964.0,B01,138Â 204Â 065,2.0,-1.0,-1.0,1728668,1.0,7,,0.0,2.0,7.0,A01,138Â 204Â 066,1.0
1012702,201900054233,7,14,14:50,1,2,4,1.0,3.0,81227,intersection avenue de lattre de tassigny et rue du docteur Puech,M,"43,6653330","2,2915400",81,2019,50.0,1.0,1.0,3.0,2264691,1.0,1,1,1,5.0,,0.0,0,1965.0,A01,138Â 204Â 066,1.0,-1.0,-1.0,1728667,1.0,2,,0.0,2.0,8.0,B01,138Â 204Â 065,1.0
1012702,201900054233,7,14,14:50,1,2,4,1.0,3.0,81227,intersection avenue de lattre de tassigny et rue du docteur Puech,M,"43,6653330","2,2915400",81,2019,50.0,1.0,1.0,3.0,2264691,1.0,1,1,1,5.0,,0.0,0,1965.0,A01,138Â 204Â 066,1.0,-1.0,-1.0,1728668,1.0,7,,0.0,2.0,7.0,A01,138Â 204Â 066,1.0
1012703,201900054234,8,20,08:00,1,2,1,1.0,2.0,13210,CAPELETTE (AVENUE DE LA),M,"43,2830000","5,4010000",13,2019,50.0,1.0,1.0,4.0,2264692,1.0,1,4,1,1.0,,-1.0, -1,1989.0,B01,138Â 204Â 062,2.0,0.0,-1.0,1728669,0.0,1,,0.0,2.0,4.0,B01,138Â 204Â 062,0.0
1012703,201900054234,8,20,08:00,1,2,1,1.0,2.0,13210,CAPELETTE (AVENUE DE LA),M,"43,2830000","5,4010000",13,2019,50.0,1.0,1.0,4.0,2264692,1.0,1,4,1,1.0,,-1.0, -1,1989.0,B01,138Â 204Â 062,2.0,0.0,-1.0,1728670,0.0,7,,0.0,2.0,1.0,A01,138Â 204Â 064,1.0
1012703,201900054234,8,20,08:00,1,2,1,1.0,2.0,13210,CAPELETTE (AVENUE DE LA),M,"43,2830000","5,4010000",13,2019,50.0,1.0,1.0,4.0,2264693,1.0,1,1,1,0.0,,-1.0, -1,1994.0,A01,138Â 204Â 064,1.0,0.0,-1.0,1728669,0.0,1,,0.0,2.0,4.0,B01,138Â 204Â 062,0.0
1012703,201900054234,8,20,08:00,1,2,1,1.0,2.0,13210,CAPELETTE (AVENUE DE LA),M,"43,2830000","5,4010000",13,2019,50.0,1.0,1.0,4.0,2264693,1.0,1,1,1,0.0,,-1.0, -1,1994.0,A01,138Â 204Â 064,1.0,0.0,-1.0,1728670,0.0,7,,0.0,2.0,1.0,A01,138Â 204Â 064,1.0
1012704,201900054235,3,29,13:00,1,1,1,1.0,6.0,71108,lieu dit mont int pierre,M,"46,2829390","4,7225090",71,2019,80.0,3.0,1.0,3.0,2264694,1.0,1,3,2,0.0,,0.0,0,1971.0,A01,138Â 204Â 063,1.0,-1.0,-1.0,1728671,3.0,7,,13.0,0.0,1.0,A01,138Â 204Â 063,1.0
1012705,201900054236,7,13,11:30,1,1,1,1.0,7.0,81305,RD53 PR 70+500,M,"43,6987930","2,4294440",81,2019,80.0,8.0,1.0,3.0,2264695,1.0,1,3,1,5.0,,0.0,0,1955.0,A01,138Â 204Â 061,2.0,6.0,9.0,1728672,2.0,33,,13.0,0.0,8.0,A01,138Â 204Â 061,1.0
1012706,201900054237,8,21,00:20,5,2,1,1.0,1.0,13005,PAIX (AVENUE DE LA ),M,"43,2802800","5,5515200",13,2019,50.0,1.0,1.0,4.0,2264696,1.0,1,3,1,0.0,,-1.0, -1,1989.0,A01,138Â 204Â 058,2.0,8.0,-1.0,1728673,3.0,32,,0.0,2.0,3.0,A01,138Â 204Â 058,1.0
1012706,201900054237,8,21,00:20,5,2,1,1.0,1.0,13005,PAIX (AVENUE DE LA ),M,"43,2802800","5,5515200",13,2019,50.0,1.0,1.0,4.0,2264696,1.0,1,3,1,0.0,,-1.0, -1,1989.0,A01,138Â 204Â 058,2.0,8.0,-1.0,1728674,3.0,7,,0.0,2.0,3.0,B01,138Â 204Â 060,1.0
1012706,201900054237,8,21,00:20,5,2,1,1.0,1.0,13005,PAIX (AVENUE DE LA ),M,"43,2802800","5,5515200",13,2019,50.0,1.0,1.0,4.0,2264697,1.0,1,1,1,5.0,,0.0,0,1994.0,B01,138Â 204Â 060,1.0,8.0,-1.0,1728673,3.0,32,,0.0,2.0,3.0,A01,138Â 204Â 058,1.0
1012706,201900054237,8,21,00:20,5,2,1,1.0,1.0,13005,PAIX (AVENUE DE LA ),M,"43,2802800","5,5515200",13,2019,50.0,1.0,1.0,4.0,2264697,1.0,1,1,1,5.0,,0.0,0,1994.0,B01,138Â 204Â 060,1.0,8.0,-1.0,1728674,3.0,7,,0.0,2.0,3.0,B01,138Â 204Â 060,1.0
1012707,201900054238,7,11,19:30,1,1,1,1.0,6.0,32106,D654 PK 64+800,M,"43,7052000","0,9930210",32,2019,80.0,3.0,1.0,3.0,2264698,1.0,1,1,1,5.0,,0.0,0,1946.0,A01,138Â 204Â 057,1.0,-1.0,-1.0,1728675,2.0,7,,13.0,0.0,3.0,A01,138Â 204Â 057,1.0
1012707,201900054238,7,11,19:30,1,1,1,1.0,6.0,32106,D654 PK 64+800,M,"43,7052000","0,9930210",32,2019,80.0,3.0,1.0,3.0,2264699,2.0,2,3,2,5.0,,0.0,0,1947.0,A01,138Â 204Â 057,1.0,-1.0,-1.0,1728675,2.0,7,,13.0,0.0,3.0,A01,138Â 204Â 057,1.0
1012708,201900054239,3,31,15:55,1,1,1,1.0,7.0,71350,ROUTE DE TRAMAYES,M,"46,3314780","4,6589070",71,2019,80.0,3.0,1.0,3.0,2264700,1.0,1,4,1,5.0,,0.0,0,1994.0,A01,138Â 204Â 059,8.0,-1.0,-1.0,1728676,0.0,7,,0.0,0.0,9.0,A01,138Â 204Â 059,1.0
1012708,201900054239,3,31,15:55,1,1,1,1.0,7.0,71350,ROUTE DE TRAMAYES,M,"46,3314780","4,6589070",71,2019,80.0,3.0,1.0,3.0,2264701,2.0,2,3,1,5.0,,0.0,0,1988.0,A01,138Â 204Â 059,8.0,-1.0,-1.0,1728676,0.0,7,,0.0,0.0,9.0,A01,138Â 204Â 059,1.0
1012709,201900054240,8,19,14:00,1,2,3,1.0,1.0,12202,LAROMIGUIERE (BOULEVARD),M,"44,3482230","2,5727900",12,2019,50.0,1.0,1.0,4.0,2264702,1.0,1,4,1,1.0,,-1.0, -1,2002.0,A01,138Â 204Â 054,2.0,8.0,-1.0,1728677,1.0,2,,0.0,2.0,1.0,A01,138Â 204Â 054,1.0
1012709,201900054240,8,19,14:00,1,2,3,1.0,1.0,12202,LAROMIGUIERE (BOULEVARD),M,"44,3482230","2,5727900",12,2019,50.0,1.0,1.0,4.0,2264702,1.0,1,4,1,1.0,,-1.0, -1,2002.0,A01,138Â 204Â 054,2.0,8.0,-1.0,1728678,1.0,7,,0.0,2.0,1.0,B01,138Â 204Â 056,1.0
1012709,201900054240,8,19,14:00,1,2,3,1.0,1.0,12202,LAROMIGUIERE (BOULEVARD),M,"44,3482230","2,5727900",12,2019,50.0,1.0,1.0,4.0,2264703,1.0,1,1,2,3.0,,-1.0, -1,1933.0,B01,138Â 204Â 056,1.0,8.0,-1.0,1728677,1.0,2,,0.0,2.0,1.0,A01,138Â 204Â 054,1.0
1012709,201900054240,8,19,14:00,1,2,3,1.0,1.0,12202,LAROMIGUIERE (BOULEVARD),M,"44,3482230","2,5727900",12,2019,50.0,1.0,1.0,4.0,2264703,1.0,1,1,2,3.0,,-1.0, -1,1933.0,B01,138Â 204Â 056,1.0,8.0,-1.0,1728678,1.0,7,,0.0,2.0,1.0,B01,138Â 204Â 056,1.0
1012710,201900054241,7,12,11:50,1,1,1,1.0,1.0,11310,DÃ©partementale 74,M,"42,9179460","2,3184740",11,2019,80.0,1.0,1.0,3.0,2264704,1.0,1,2,1,5.0,,0.0,0,1942.0,A01,138Â 204Â 053,1.0,-1.0,-1.0,1728679,1.0,7,,0.0,2.0,3.0,A01,138Â 204Â 053,1.0
1012710,201900054241,7,12,11:50,1,1,1,1.0,1.0,11310,DÃ©partementale 74,M,"42,9179460","2,3184740",11,2019,80.0,1.0,1.0,3.0,2264704,1.0,1,2,1,5.0,,0.0,0,1942.0,A01,138Â 204Â 053,1.0,-1.0,-1.0,1728680,2.0,14,,0.0,2.0,3.0,B01,138Â 204Â 055,1.0
1012710,201900054241,7,12,11:50,1,1,1,1.0,1.0,11310,DÃ©partementale 74,M,"42,9179460","2,3184740",11,2019,80.0,1.0,1.0,3.0,2264705,1.0,1,1,1,4.0,,0.0,0,1969.0,B01,138Â 204Â 055,1.0,-1.0,-1.0,1728679,1.0,7,,0.0,2.0,3.0,A01,138Â 204Â 053,1.0
1012710,201900054241,7,12,11:50,1,1,1,1.0,1.0,11310,DÃ©partementale 74,M,"42,9179460","2,3184740",11,2019,80.0,1.0,1.0,3.0,2264705,1.0,1,1,1,4.0,,0.0,0,1969.0,B01,138Â 204Â 055,1.0,-1.0,-1.0,1728680,2.0,14,,0.0,2.0,3.0,B01,138Â 204Â 055,1.0
1012711,201900054242,8,20,14:30,1,1,1,2.0,7.0,07072,CHASSAGNE (HAUT),M,"44,7479220","4,6051380",7,2019,80.0,1.0,8.0,3.0,2264706,1.0,1,3,1,4.0,,-1.0, -1,1987.0,A01,138Â 204Â 051,2.0,7.0,-1.0,1728681,1.0,33,,0.0,0.0,1.0,A01,138Â 204Â 051,1.0
1012712,201900054243,7,12,15:10,1,2,1,1.0,6.0,71351,Route de Lons,M,"46,8829020","5,2676790",71,2019,50.0,4.0,1.0,3.0,2264707,1.0,1,3,1,5.0,,0.0,0,1958.0,A01,138Â 204Â 050,2.0,-1.0,-1.0,1728682,2.0,2,,12.0,0.0,1.0,A01,138Â 204Â 050,1.0
1012713,201900054244,7,13,23:20,5,1,1,1.0,7.0,71438,27 Rue des Belles Vues,M,"47,0226790","4,4548810",71,2019,50.0,8.0,1.0,4.0,2264708,1.0,1,4,1,5.0,,0.0,0,1998.0,A01,138Â 204Â 049,1.0,-1.0,-1.0,1728683,3.0,7,,15.0,0.0,9.0,A01,138Â 204Â 049,1.0
1012714,201900054245,3,29,18:15,1,2,1,1.0,6.0,57644,rue du 27 novembre,M,"49,1126590","6,8309520",57,2019,50.0,4.0,1.0,4.0,2264709,1.0,1,4,2,5.0,,0.0,0,1974.0,A01,138Â 204Â 052,1.0,-1.0,-1.0,1728684,3.0,7,,1.0,0.0,1.0,A01,138Â 204Â 052,0.0
1012714,201900054245,3,29,18:15,1,2,1,1.0,6.0,57644,rue du 27 novembre,M,"49,1126590","6,8309520",57,2019,50.0,4.0,1.0,4.0,2264710,2.0,2,4,2,5.0,,0.0,0,2014.0,A01,138Â 204Â 052,1.0,-1.0,-1.0,1728684,3.0,7,,1.0,0.0,1.0,A01,138Â 204Â 052,0.0
1012715,201900054246,8,20,16:05,1,1,1,1.0,5.0,06088,BOULEVARD DE L'OBSERVATOIRE,M,"43,7207820","7,2969440",6,2019,50.0,1.0,1.0,4.0,2264711,2.0,2,1,1,9.0,,0.0,0,1998.0,C01,138Â 204Â 046,1.0,0.0,-1.0,1728685,0.0,7,,0.0,6.0,0.0,C01,138Â 204Â 046,1.0
1012715,201900054246,8,20,16:05,1,1,1,1.0,5.0,06088,BOULEVARD DE L'OBSERVATOIRE,M,"43,7207820","7,2969440",6,2019,50.0,1.0,1.0,4.0,2264711,2.0,2,1,1,9.0,,0.0,0,1998.0,C01,138Â 204Â 046,1.0,0.0,-1.0,1728686,0.0,31,,0.0,2.0,1.0,B01,138Â 204Â 047,1.0
1012715,201900054246,8,20,16:05,1,1,1,1.0,5.0,06088,BOULEVARD DE L'OBSERVATOIRE,M,"43,7207820","7,2969440",6,2019,50.0,1.0,1.0,4.0,2264711,2.0,2,1,1,9.0,,0.0,0,1998.0,C01,138Â 204Â 046,1.0,0.0,-1.0,1728687,0.0,7,,0.0,2.0,8.0,A01,138Â 204Â 048,1.0
1012715,201900054246,8,20,16:05,1,1,1,1.0,5.0,06088,BOULEVARD DE L'OBSERVATOIRE,M,"43,7207820","7,2969440",6,2019,50.0,1.0,1.0,4.0,2264712,1.0,1,1,1,4.0,,0.0,0,1999.0,C01,138Â 204Â 046,1.0,0.0,-1.0,1728685,0.0,7,,0.0,6.0,0.0,C01,138Â 204Â 046,1.0
1012715,201900054246,8,20,16:05,1,1,1,1.0,5.0,06088,BOULEVARD DE L'OBSERVATOIRE,M,"43,7207820","7,2969440",6,2019,50.0,1.0,1.0,4.0,2264712,1.0,1,1,1,4.0,,0.0,0,1999.0,C01,138Â 204Â 046,1.0,0.0,-1.0,1728686,0.0,31,,0.0,2.0,1.0,B01,138Â 204Â 047,1.0
1012715,201900054246,8,20,16:05,1,1,1,1.0,5.0,06088,BOULEVARD DE L'OBSERVATOIRE,M,"43,7207820","7,2969440",6,2019,50.0,1.0,1.0,4.0,2264712,1.0,1,1,1,4.0,,0.0,0,1999.0,C01,138Â 204Â 046,1.0,0.0,-1.0,1728687,0.0,7,,0.0,2.0,8.0,A01,138Â 204Â 048,1.0
1012715,201900054246,8,20,16:05,1,1,1,1.0,5.0,06088,BOULEVARD DE L'OBSERVATOIRE,M,"43,7207820","7,2969440",6,2019,50.0,1.0,1.0,4.0,2264713,2.0,2,3,2,5.0,,0.0,0,1990.0,B01,138Â 204Â 047,2.0,0.0,-1.0,1728685,0.0,7,,0.0,6.0,0.0,C01,138Â 204Â 046,1.0
1012715,201900054246,8,20,16:05,1,1,1,1.0,5.0,06088,BOULEVARD DE L'OBSERVATOIRE,M,"43,7207820","7,2969440",6,2019,50.0,1.0,1.0,4.0,2264713,2.0,2,3,2,5.0,,0.0,0,1990.0,B01,138Â 204Â 047,2.0,0.0,-1.0,1728686,0.0,31,,0.0,2.0,1.0,B01,138Â 204Â 047,1.0
1012715,201900054246,8,20,16:05,1,1,1,1.0,5.0,06088,BOULEVARD DE L'OBSERVATOIRE,M,"43,7207820","7,2969440",6,2019,50.0,1.0,1.0,4.0,2264713,2.0,2,3,2,5.0,,0.0,0,1990.0,B01,138Â 204Â 047,2.0,0.0,-1.0,1728687,0.0,7,,0.0,2.0,8.0,A01,138Â 204Â 048,1.0
1012715,201900054246,8,20,16:05,1,1,1,1.0,5.0,06088,BOULEVARD DE L'OBSERVATOIRE,M,"43,7207820","7,2969440",6,2019,50.0,1.0,1.0,4.0,2264714,1.0,1,3,1,5.0,,0.0,0,1990.0,B01,138Â 204Â 047,2.0,0.0,-1.0,1728685,0.0,7,,0.0,6.0,0.0,C01,138Â 204Â 046,1.0
1012715,201900054246,8,20,16:05,1,1,1,1.0,5.0,06088,BOULEVARD DE L'OBSERVATOIRE,M,"43,7207820","7,2969440",6,2019,50.0,1.0,1.0,4.0,2264714,1.0,1,3,1,5.0,,0.0,0,1990.0,B01,138Â 204Â 047,2.0,0.0,-1.0,1728686,0.0,31,,0.0,2.0,1.0,B01,138Â 204Â 047,1.0
1012715,201900054246,8,20,16:05,1,1,1,1.0,5.0,06088,BOULEVARD DE L'OBSERVATOIRE,M,"43,7207820","7,2969440",6,2019,50.0,1.0,1.0,4.0,2264714,1.0,1,3,1,5.0,,0.0,0,1990.0,B01,138Â 204Â 047,2.0,0.0,-1.0,1728687,0.0,7,,0.0,2.0,8.0,A01,138Â 204Â 048,1.0
1012715,201900054246,8,20,16:05,1,1,1,1.0,5.0,06088,BOULEVARD DE L'OBSERVATOIRE,M,"43,7207820","7,2969440",6,2019,50.0,1.0,1.0,4.0,2264715,1.0,1,1,2,5.0,,0.0,0,2000.0,A01,138Â 204Â 048,1.0,0.0,-1.0,1728685,0.0,7,,0.0,6.0,0.0,C01,138Â 204Â 046,1.0
1012715,201900054246,8,20,16:05,1,1,1,1.0,5.0,06088,BOULEVARD DE L'OBSERVATOIRE,M,"43,7207820","7,2969440",6,2019,50.0,1.0,1.0,4.0,2264715,1.0,1,1,2,5.0,,0.0,0,2000.0,A01,138Â 204Â 048,1.0,0.0,-1.0,1728686,0.0,31,,0.0,2.0,1.0,B01,138Â 204Â 047,1.0
1012715,201900054246,8,20,16:05,1,1,1,1.0,5.0,06088,BOULEVARD DE L'OBSERVATOIRE,M,"43,7207820","7,2969440",6,2019,50.0,1.0,1.0,4.0,2264715,1.0,1,1,2,5.0,,0.0,0,2000.0,A01,138Â 204Â 048,1.0,0.0,-1.0,1728687,0.0,7,,0.0,2.0,8.0,A01,138Â 204Â 048,1.0