Unnamed: 0_x,num_acc,mois,jour,hrmn,lum,agg,int,atm,col,com,adr,gps,lat,long,dep,annee,vma,situ,surf,catr,Unnamed: 0_y,place,catu,grav,sexe,trajet,secu,locp,actp,an_nais,num_veh_x,id_vehicule_x,secu1,secu2,secu3,Unnamed: 0,senc,catv,occutc,obs,obsm,choc,num_veh_y,id_vehicule_y,motor
1012716,201900054247,7,13,16:50,1,2,1,1.0,6.0,71190,rue Roger Salengro,M,"46,9903320","4,5124220",71,2019,50.0,1.0,1.0,4.0,2264716,1.0,1,4,1,0.0,,0.0,0,1937.0,A01,138Â 204Â 045,1.0,-1.0,-1.0,1728688,3.0,7,,1.0,0.0,1.0,A01,138Â 204Â 045,1.0
1012717,201900054248,3,31,17:00,1,1,1,1.0,5.0,63247,5,M,"45,5769220","2,9389790",63,2019,80.0,1.0,1.0,3.0,2264717,1.0,1,1,1,5.0,,0.0,0,1994.0,C01,138Â 204Â 041,1.0,-1.0,-1.0,1728689,1.0,10,,0.0,0.0,1.0,C01,138Â 204Â 041,1.0
1012717,201900054248,3,31,17:00,1,1,1,1.0,5.0,63247,5,M,"45,5769220","2,9389790",63,2019,80.0,1.0,1.0,3.0,2264717,1.0,1,1,1,5.0,,0.0,0,1994.0,C01,138Â 204Â 041,1.0,-1.0,-1.0,1728690,1.0,7,,0.0,2.0,8.0,B01,138Â 204Â 043,1.0
1012717,201900054248,3,31,17:00,1,1,1,1.0,5.0,63247,5,M,"45,5769220","2,9389790",63,2019,80.0,1.0,1.0,3.0,2264717,1.0,1,1,1,5.0,,0.0,0,1994.0,C01,138Â 204Â 041,1.0,-1.0,-1.0,1728691,2.0,33,,0.0,2.0,1.0,A01,138Â 204Â 044,1.0
1012717,201900054248,3,31,17:00,1,1,1,1.0,5.0,63247,5,M,"45,5769220","2,9389790",63,2019,80.0,1.0,1.0,3.0,2264718,1.0,1,1,1,5.0,,0.0,0,1957.0,B01,138Â 204Â 043,1.0,-1.0,-1.0,1728689,1.0,10,,0.0,0.0,1.0,C01,138Â 204Â 041,1.0
1012717,201900054248,3,31,17:00,1,1,1,1.0,5.0,63247,5,M,"45,5769220","2,9389790",63,2019,80.0,1.0,1.0,3.0,2264718,1.0,1,1,1,5.0,,0.0,0,1957.0,B01,138Â 204Â 043,1.0,-1.0,-1.0,1728690,1.0,7,,0.0,2.0,8.0,B01,138Â 204Â 043,1.0
1012717,201900054248,3,31,17:00,1,1,1,1.0,5.0,63247,5,M,"45,5769220","2,9389790",63,2019,80.0,1.0,1.0,3.0,2264718,1.0,1,1,1,5.0,,0.0,0,1957.0,B01,138Â 204Â 043,1.0,-1.0,-1.0,1728691,2.0,33,,0.0,2.0,1.0,A01,138Â 204Â 044,1.0
1012717,201900054248,3,31,17:00,1,1,1,1.0,5.0,63247,5,M,"45,5769220","2,9389790",63,2019,80.0,1.0,1.0,3.0,2264719,1.0,1,3,1,5.0,,0.0,0,1978.0,A01,138Â 204Â 044,2.0,6.0,-1.0,1728689,1.0,10,,0.0,0.0,1.0,C01,138Â 204Â 041,1.0
1012717,201900054248,3,31,17:00,1,1,1,1.0,5.0,63247,5,M,"45,5769220","2,9389790",63,2019,80.0,1.0,1.0,3.0,2264719,1.0,1,3,1,5.0,,0.0,0,1978.0,A01,138Â 204Â 044,2.0,6.0,-1.0,1728690,1.0,7,,0.0,2.0,8.0,B01,138Â 204Â 043,1.0
1012717,201900054248,3,31,17:00,1,1,1,1.0,5.0,63247,5,M,"45,5769220","2,9389790",63,2019,80.0,1.0,1.0,3.0,2264719,1.0,1,3,1,5.0,,0.0,0,1978.0,A01,138Â 204Â 044,2.0,6.0,-1.0,1728691,2.0,33,,0.0,2.0,1.0,A01,138Â 204Â 044,1.0
1012718,201900054249,8,19,21:10,5,2,3,1.0,3.0,06027,NICE AVENUE DE (RN7),M,"43,6603258","7,1742479",6,2019,50.0,1.0,1.0,7.0,2264720,1.0,1,4,1,5.0,,0.0,0,1972.0,B01,138Â 204Â 040,1.0,8.0,-1.0,1728692,1.0,7,,0.0,2.0,1.0,B01,138Â 204Â 040,1.0
1012718,201900054249,8,19,21:10,5,2,3,1.0,3.0,06027,NICE AVENUE DE (RN7),M,"43,6603258","7,1742479",6,2019,50.0,1.0,1.0,7.0,2264720,1.0,1,4,1,5.0,,0.0,0,1972.0,B01,138Â 204Â 040,1.0,8.0,-1.0,1728693,2.0,7,,0.0,2.0,2.0,A01,138Â 204Â 042,1.0
1012718,201900054249,8,19,21:10,5,2,3,1.0,3.0,06027,NICE AVENUE DE (RN7),M,"43,6603258","7,1742479",6,2019,50.0,1.0,1.0,7.0,2264721,1.0,1,1,1,5.0,,0.0,0,1943.0,A01,138Â 204Â 042,1.0,8.0,-1.0,1728692,1.0,7,,0.0,2.0,1.0,B01,138Â 204Â 040,1.0
1012718,201900054249,8,19,21:10,5,2,3,1.0,3.0,06027,NICE AVENUE DE (RN7),M,"43,6603258","7,1742479",6,2019,50.0,1.0,1.0,7.0,2264721,1.0,1,1,1,5.0,,0.0,0,1943.0,A01,138Â 204Â 042,1.0,8.0,-1.0,1728693,2.0,7,,0.0,2.0,2.0,A01,138Â 204Â 042,1.0
1012719,201900054250,7,10,17:05,1,1,1,1.0,6.0,89467,Rue de Paris,M,"48,2534050","3,0561170",89,2019,80.0,3.0,1.0,3.0,2264722,1.0,1,4,2,1.0,,0.0,0,1998.0,A01,138Â 204Â 039,1.0,-1.0,-1.0,1728694,1.0,7,,10.0,0.0,1.0,A01,138Â 204Â 039,1.0
1012720,201900054251,3,27,15:50,1,2,1,1.0,1.0,74279,Route Departementale 24,M,"46,3903410","6,7118480",74,2019,50.0,1.0,1.0,3.0,2264723,1.0,1,3,1,5.0,,0.0,0,1957.0,B01,138Â 204Â 036,2.0,-1.0,-1.0,1728695,2.0,33,,0.0,2.0,1.0,B01,138Â 204Â 036,0.0
1012720,201900054251,3,27,15:50,1,2,1,1.0,1.0,74279,Route Departementale 24,M,"46,3903410","6,7118480",74,2019,50.0,1.0,1.0,3.0,2264723,1.0,1,3,1,5.0,,0.0,0,1957.0,B01,138Â 204Â 036,2.0,-1.0,-1.0,1728696,1.0,7,,0.0,2.0,1.0,A01,138Â 204Â 038,0.0
1012720,201900054251,3,27,15:50,1,2,1,1.0,1.0,74279,Route Departementale 24,M,"46,3903410","6,7118480",74,2019,50.0,1.0,1.0,3.0,2264724,1.0,1,1,1,0.0,,0.0,0,1995.0,A01,138Â 204Â 038,1.0,-1.0,-1.0,1728695,2.0,33,,0.0,2.0,1.0,B01,138Â 204Â 036,0.0
1012720,201900054251,3,27,15:50,1,2,1,1.0,1.0,74279,Route Departementale 24,M,"46,3903410","6,7118480",74,2019,50.0,1.0,1.0,3.0,2264724,1.0,1,1,1,0.0,,0.0,0,1995.0,A01,138Â 204Â 038,1.0,-1.0,-1.0,1728696,1.0,7,,0.0,2.0,1.0,A01,138Â 204Â 038,0.0
1012721,201900054252,8,20,20:00,1,2,2,1.0,3.0,75112,RUE THEOPHILE ROUSSEL,M,"48,8497800","2,3770110",75,2019,30.0,5.0,1.0,4.0,2264725,1.0,1,3,1,1.0,,0.0,0,1999.0,A01,138Â 204Â 035,2.0,6.0,-1.0,1728697,1.0,33,,0.0,2.0,1.0,A01,138Â 204Â 035,1.0
1012721,201900054252,8,20,20:00,1,2,2,1.0,3.0,75112,RUE THEOPHILE ROUSSEL,M,"48,8497800","2,3770110",75,2019,30.0,5.0,1.0,4.0,2264725,1.0,1,3,1,1.0,,0.0,0,1999.0,A01,138Â 204Â 035,2.0,6.0,-1.0,1728698,1.0,1,,0.0,2.0,6.0,B01,138Â 204Â 037,5.0
1012721,201900054252,8,20,20:00,1,2,2,1.0,3.0,75112,RUE THEOPHILE ROUSSEL,M,"48,8497800","2,3770110",75,2019,30.0,5.0,1.0,4.0,2264726,1.0,1,3,1,1.0,,0.0,0,1990.0,B01,138Â 204Â 037,2.0,0.0,-1.0,1728697,1.0,33,,0.0,2.0,1.0,A01,138Â 204Â 035,1.0
1012721,201900054252,8,20,20:00,1,2,2,1.0,3.0,75112,RUE THEOPHILE ROUSSEL,M,"48,8497800","2,3770110",75,2019,30.0,5.0,1.0,4.0,2264726,1.0,1,3,1,1.0,,0.0,0,1990.0,B01,138Â 204Â 037,2.0,0.0,-1.0,1728698,1.0,1,,0.0,2.0,6.0,B01,138Â 204Â 037,5.0
1012722,201900054253,7,14,01:15,3,1,1,1.0,6.0,89161,D115,M,"47,6591298","4,1393298",89,2019,80.0,1.0,1.0,3.0,2264727,1.0,1,4,1,5.0,,0.0,0,1986.0,A01,138Â 204Â 034,0.0,-1.0,-1.0,1728699,3.0,7,,13.0,0.0,1.0,A01,138Â 204Â 034,1.0
1012723,201900054254,8,20,16:24,1,2,1,1.0,6.0,75118,RUE DUHESME,M,"48,8943600","2,3441050",75,2019,30.0,5.0,1.0,4.0,2264728,1.0,1,1,2,5.0,,0.0,0,1999.0,A01,138Â 204Â 032,2.0,0.0,-1.0,1728700,1.0,50,,0.0,1.0,3.0,A01,138Â 204Â 032,3.0
1012723,201900054254,8,20,16:24,1,2,1,1.0,6.0,75118,RUE DUHESME,M,"48,8943600","2,3441050",75,2019,30.0,5.0,1.0,4.0,2264729,10.0,3,4,2,5.0,,2.0,3,1950.0,A01,138Â 204Â 032,0.0,0.0,0.0,1728700,1.0,50,,0.0,1.0,3.0,A01,138Â 204Â 032,3.0
1012724,201900054255,7,10,15:40,1,1,1,1.0,1.0,63207,Planche Godon,M,"45,6581180","3,6990760",63,2019,80.0,1.0,1.0,3.0,2264730,1.0,1,3,1,5.0,,0.0,0,2005.0,A01,138Â 204Â 028,2.0,-1.0,-1.0,1728701,2.0,2,,0.0,2.0,1.0,A01,138Â 204Â 028,1.0
1012724,201900054255,7,10,15:40,1,1,1,1.0,1.0,63207,Planche Godon,M,"45,6581180","3,6990760",63,2019,80.0,1.0,1.0,3.0,2264730,1.0,1,3,1,5.0,,0.0,0,2005.0,A01,138Â 204Â 028,2.0,-1.0,-1.0,1728702,1.0,7,,0.0,2.0,2.0,B01,138Â 204Â 030,1.0
1012724,201900054255,7,10,15:40,1,1,1,1.0,1.0,63207,Planche Godon,M,"45,6581180","3,6990760",63,2019,80.0,1.0,1.0,3.0,2264731,1.0,1,1,1,5.0,,0.0,0,2001.0,B01,138Â 204Â 030,1.0,-1.0,-1.0,1728701,2.0,2,,0.0,2.0,1.0,A01,138Â 204Â 028,1.0
1012724,201900054255,7,10,15:40,1,1,1,1.0,1.0,63207,Planche Godon,M,"45,6581180","3,6990760",63,2019,80.0,1.0,1.0,3.0,2264731,1.0,1,1,1,5.0,,0.0,0,2001.0,B01,138Â 204Â 030,1.0,-1.0,-1.0,1728702,1.0,7,,0.0,2.0,2.0,B01,138Â 204Â 030,1.0
1012725,201900054256,3,30,23:20,3,1,1,1.0,5.0,74128,D9,M,"46,1582190","6,3416550",74,2019,70.0,1.0,1.0,3.0,2264732,1.0,1,1,1,0.0,,0.0,0,1957.0,D01,138Â 204Â 027,1.0,-1.0,-1.0,1728703,2.0,7,,0.0,2.0,8.0,D01,138Â 204Â 027,0.0
1012725,201900054256,3,30,23:20,3,1,1,1.0,5.0,74128,D9,M,"46,1582190","6,3416550",74,2019,70.0,1.0,1.0,3.0,2264732,1.0,1,1,1,0.0,,0.0,0,1957.0,D01,138Â 204Â 027,1.0,-1.0,-1.0,1728704,2.0,7,,0.0,2.0,1.0,C01,138Â 204Â 029,0.0
1012725,201900054256,3,30,23:20,3,1,1,1.0,5.0,74128,D9,M,"46,1582190","6,3416550",74,2019,70.0,1.0,1.0,3.0,2264732,1.0,1,1,1,0.0,,0.0,0,1957.0,D01,138Â 204Â 027,1.0,-1.0,-1.0,1728705,2.0,7,,0.0,2.0,3.0,B01,138Â 204Â 031,0.0
1012725,201900054256,3,30,23:20,3,1,1,1.0,5.0,74128,D9,M,"46,1582190","6,3416550",74,2019,70.0,1.0,1.0,3.0,2264732,1.0,1,1,1,0.0,,0.0,0,1957.0,D01,138Â 204Â 027,1.0,-1.0,-1.0,1728706,2.0,7,,0.0,2.0,3.0,A01,138Â 204Â 033,0.0
1012725,201900054256,3,30,23:20,3,1,1,1.0,5.0,74128,D9,M,"46,1582190","6,3416550",74,2019,70.0,1.0,1.0,3.0,2264733,1.0,1,1,1,9.0,,0.0,0,1996.0,C01,138Â 204Â 029,1.0,-1.0,-1.0,1728703,2.0,7,,0.0,2.0,8.0,D01,138Â 204Â 027,0.0
1012725,201900054256,3,30,23:20,3,1,1,1.0,5.0,74128,D9,M,"46,1582190","6,3416550",74,2019,70.0,1.0,1.0,3.0,2264733,1.0,1,1,1,9.0,,0.0,0,1996.0,C01,138Â 204Â 029,1.0,-1.0,-1.0,1728704,2.0,7,,0.0,2.0,1.0,C01,138Â 204Â 029,0.0
1012725,201900054256,3,30,23:20,3,1,1,1.0,5.0,74128,D9,M,"46,1582190","6,3416550",74,2019,70.0,1.0,1.0,3.0,2264733,1.0,1,1,1,9.0,,0.0,0,1996.0,C01,138Â 204Â 029,1.0,-1.0,-1.0,1728705,2.0,7,,0.0,2.0,3.0,B01,138Â 204Â 031,0.0
1012725,201900054256,3,30,23:20,3,1,1,1.0,5.0,74128,D9,M,"46,1582190","6,3416550",74,2019,70.0,1.0,1.0,3.0,2264733,1.0,1,1,1,9.0,,0.0,0,1996.0,C01,138Â 204Â 029,1.0,-1.0,-1.0,1728706,2.0,7,,0.0,2.0,3.0,A01,138Â 204Â 033,0.0
1012725,201900054256,3,30,23:20,3,1,1,1.0,5.0,74128,D9,M,"46,1582190","6,3416550",74,2019,70.0,1.0,1.0,3.0,2264734,7.0,2,1,1,9.0,,0.0,0,1998.0,C01,138Â 204Â 029,1.0,-1.0,-1.0,1728703,2.0,7,,0.0,2.0,8.0,D01,138Â 204Â 027,0.0
1012725,201900054256,3,30,23:20,3,1,1,1.0,5.0,74128,D9,M,"46,1582190","6,3416550",74,2019,70.0,1.0,1.0,3.0,2264734,7.0,2,1,1,9.0,,0.0,0,1998.0,C01,138Â 204Â 029,1.0,-1.0,-1.0,1728704,2.0,7,,0.0,2.0,1.0,C01,138Â 204Â 029,0.0
1012725,201900054256,3,30,23:20,3,1,1,1.0,5.0,74128,D9,M,"46,1582190","6,3416550",74,2019,70.0,1.0,1.0,3.0,2264734,7.0,2,1,1,9.0,,0.0,0,1998.0,C01,138Â 204Â 029,1.0,-1.0,-1.0,1728705,2.0,7,,0.0,2.0,3.0,B01,138Â 204Â 031,0.0
1012725,201900054256,3,30,23:20,3,1,1,1.0,5.0,74128,D9,M,"46,1582190","6,3416550",74,2019,70.0,1.0,1.0,3.0,2264734,7.0,2,1,1,9.0,,0.0,0,1998.0,C01,138Â 204Â 029,1.0,-1.0,-1.0,1728706,2.0,7,,0.0,2.0,3.0,A01,138Â 204Â 033,0.0
1012725,201900054256,3,30,23:20,3,1,1,1.0,5.0,74128,D9,M,"46,1582190","6,3416550",74,2019,70.0,1.0,1.0,3.0,2264735,2.0,2,1,1,9.0,,0.0,0,1997.0,C01,138Â 204Â 029,1.0,-1.0,-1.0,1728703,2.0,7,,0.0,2.0,8.0,D01,138Â 204Â 027,0.0
1012725,201900054256,3,30,23:20,3,1,1,1.0,5.0,74128,D9,M,"46,1582190","6,3416550",74,2019,70.0,1.0,1.0,3.0,2264735,2.0,2,1,1,9.0,,0.0,0,1997.0,C01,138Â 204Â 029,1.0,-1.0,-1.0,1728704,2.0,7,,0.0,2.0,1.0,C01,138Â 204Â 029,0.0
1012725,201900054256,3,30,23:20,3,1,1,1.0,5.0,74128,D9,M,"46,1582190","6,3416550",74,2019,70.0,1.0,1.0,3.0,2264735,2.0,2,1,1,9.0,,0.0,0,1997.0,C01,138Â 204Â 029,1.0,-1.0,-1.0,1728705,2.0,7,,0.0,2.0,3.0,B01,138Â 204Â 031,0.0
1012725,201900054256,3,30,23:20,3,1,1,1.0,5.0,74128,D9,M,"46,1582190","6,3416550",74,2019,70.0,1.0,1.0,3.0,2264735,2.0,2,1,1,9.0,,0.0,0,1997.0,C01,138Â 204Â 029,1.0,-1.0,-1.0,1728706,2.0,7,,0.0,2.0,3.0,A01,138Â 204Â 033,0.0
1012725,201900054256,3,30,23:20,3,1,1,1.0,5.0,74128,D9,M,"46,1582190","6,3416550",74,2019,70.0,1.0,1.0,3.0,2264736,1.0,1,1,2,0.0,,0.0,0,1968.0,B01,138Â 204Â 031,1.0,-1.0,-1.0,1728703,2.0,7,,0.0,2.0,8.0,D01,138Â 204Â 027,0.0
1012725,201900054256,3,30,23:20,3,1,1,1.0,5.0,74128,D9,M,"46,1582190","6,3416550",74,2019,70.0,1.0,1.0,3.0,2264736,1.0,1,1,2,0.0,,0.0,0,1968.0,B01,138Â 204Â 031,1.0,-1.0,-1.0,1728704,2.0,7,,0.0,2.0,1.0,C01,138Â 204Â 029,0.0
1012725,201900054256,3,30,23:20,3,1,1,1.0,5.0,74128,D9,M,"46,1582190","6,3416550",74,2019,70.0,1.0,1.0,3.0,2264736,1.0,1,1,2,0.0,,0.0,0,1968.0,B01,138Â 204Â 031,1.0,-1.0,-1.0,1728705,2.0,7,,0.0,2.0,3.0,B01,138Â 204Â 031,0.0
1012725,201900054256,3,30,23:20,3,1,1,1.0,5.0,74128,D9,M,"46,1582190","6,3416550",74,2019,70.0,1.0,1.0,3.0,2264736,1.0,1,1,2,0.0,,0.0,0,1968.0,B01,138Â 204Â 031,1.0,-1.0,-1.0,1728706,2.0,7,,0.0,2.0,3.0,A01,138Â 204Â 033,0.0
1012725,201900054256,3,30,23:20,3,1,1,1.0,5.0,74128,D9,M,"46,1582190","6,3416550",74,2019,70.0,1.0,1.0,3.0,2264737,2.0,2,1,1,0.0,,0.0,0,1973.0,B01,138Â 204Â 031,1.0,-1.0,-1.0,1728703,2.0,7,,0.0,2.0,8.0,D01,138Â 204Â 027,0.0
1012725,201900054256,3,30,23:20,3,1,1,1.0,5.0,74128,D9,M,"46,1582190","6,3416550",74,2019,70.0,1.0,1.0,3.0,2264737,2.0,2,1,1,0.0,,0.0,0,1973.0,B01,138Â 204Â 031,1.0,-1.0,-1.0,1728704,2.0,7,,0.0,2.0,1.0,C01,138Â 204Â 029,0.0
1012725,201900054256,3,30,23:20,3,1,1,1.0,5.0,74128,D9,M,"46,1582190","6,3416550",74,2019,70.0,1.0,1.0,3.0,2264737,2.0,2,1,1,0.0,,0.0,0,1973.0,B01,138Â 204Â 031,1.0,-1.0,-1.0,1728705,2.0,7,,0.0,2.0,3.0,B01,138Â 204Â 031,0.0
1012725,201900054256,3,30,23:20,3,1,1,1.0,5.0,74128,D9,M,"46,1582190","6,3416550",74,2019,70.0,1.0,1.0,3.0,2264737,2.0,2,1,1,0.0,,0.0,0,1973.0,B01,138Â 204Â 031,1.0,-1.0,-1.0,1728706,2.0,7,,0.0,2.0,3.0,A01,138Â 204Â 033,0.0
1012725,201900054256,3,30,23:20,3,1,1,1.0,5.0,74128,D9,M,"46,1582190","6,3416550",74,2019,70.0,1.0,1.0,3.0,2264738,4.0,2,4,2,0.0,,0.0,0,1981.0,A01,138Â 204Â 033,8.0,-1.0,-1.0,1728703,2.0,7,,0.0,2.0,8.0,D01,138Â 204Â 027,0.0
1012725,201900054256,3,30,23:20,3,1,1,1.0,5.0,74128,D9,M,"46,1582190","6,3416550",74,2019,70.0,1.0,1.0,3.0,2264738,4.0,2,4,2,0.0,,0.0,0,1981.0,A01,138Â 204Â 033,8.0,-1.0,-1.0,1728704,2.0,7,,0.0,2.0,1.0,C01,138Â 204Â 029,0.0
1012725,201900054256,3,30,23:20,3,1,1,1.0,5.0,74128,D9,M,"46,1582190","6,3416550",74,2019,70.0,1.0,1.0,3.0,2264738,4.0,2,4,2,0.0,,0.0,0,1981.0,A01,138Â 204Â 033,8.0,-1.0,-1.0,1728705,2.0,7,,0.0,2.0,3.0,B01,138Â 204Â 031,0.0
1012725,201900054256,3,30,23:20,3,1,1,1.0,5.0,74128,D9,M,"46,1582190","6,3416550",74,2019,70.0,1.0,1.0,3.0,2264738,4.0,2,4,2,0.0,,0.0,0,1981.0,A01,138Â 204Â 033,8.0,-1.0,-1.0,1728706,2.0,7,,0.0,2.0,3.0,A01,138Â 204Â 033,0.0
1012725,201900054256,3,30,23:20,3,1,1,1.0,5.0,74128,D9,M,"46,1582190","6,3416550",74,2019,70.0,1.0,1.0,3.0,2264739,1.0,2,1,1,0.0,,0.0,0,1990.0,A01,138Â 204Â 033,8.0,-1.0,-1.0,1728703,2.0,7,,0.0,2.0,8.0,D01,138Â 204Â 027,0.0
1012725,201900054256,3,30,23:20,3,1,1,1.0,5.0,74128,D9,M,"46,1582190","6,3416550",74,2019,70.0,1.0,1.0,3.0,2264739,1.0,2,1,1,0.0,,0.0,0,1990.0,A01,138Â 204Â 033,8.0,-1.0,-1.0,1728704,2.0,7,,0.0,2.0,1.0,C01,138Â 204Â 029,0.0
1012725,201900054256,3,30,23:20,3,1,1,1.0,5.0,74128,D9,M,"46,1582190","6,3416550",74,2019,70.0,1.0,1.0,3.0,2264739,1.0,2,1,1,0.0,,0.0,0,1990.0,A01,138Â 204Â 033,8.0,-1.0,-1.0,1728705,2.0,7,,0.0,2.0,3.0,B01,138Â 204Â 031,0.0
1012725,201900054256,3,30,23:20,3,1,1,1.0,5.0,74128,D9,M,"46,1582190","6,3416550",74,2019,70.0,1.0,1.0,3.0,2264739,1.0,2,1,1,0.0,,0.0,0,1990.0,A01,138Â 204Â 033,8.0,-1.0,-1.0,1728706,2.0,7,,0.0,2.0,3.0,A01,138Â 204Â 033,0.0
1012725,201900054256,3,30,23:20,3,1,1,1.0,5.0,74128,D9,M,"46,1582190","6,3416550",74,2019,70.0,1.0,1.0,3.0,2264740,3.0,2,4,1,0.0,,0.0,0,1981.0,A01,138Â 204Â 033,8.0,-1.0,-1.0,1728703,2.0,7,,0.0,2.0,8.0,D01,138Â 204Â 027,0.0
1012725,201900054256,3,30,23:20,3,1,1,1.0,5.0,74128,D9,M,"46,1582190","6,3416550",74,2019,70.0,1.0,1.0,3.0,2264740,3.0,2,4,1,0.0,,0.0,0,1981.0,A01,138Â 204Â 033,8.0,-1.0,-1.0,1728704,2.0,7,,0.0,2.0,1.0,C01,138Â 204Â 029,0.0
1012725,201900054256,3,30,23:20,3,1,1,1.0,5.0,74128,D9,M,"46,1582190","6,3416550",74,2019,70.0,1.0,1.0,3.0,2264740,3.0,2,4,1,0.0,,0.0,0,1981.0,A01,138Â 204Â 033,8.0,-1.0,-1.0,1728705,2.0,7,,0.0,2.0,3.0,B01,138Â 204Â 031,0.0
1012725,201900054256,3,30,23:20,3,1,1,1.0,5.0,74128,D9,M,"46,1582190","6,3416550",74,2019,70.0,1.0,1.0,3.0,2264740,3.0,2,4,1,0.0,,0.0,0,1981.0,A01,138Â 204Â 033,8.0,-1.0,-1.0,1728706,2.0,7,,0.0,2.0,3.0,A01,138Â 204Â 033,0.0
1012726,201900054257,3,30,13:30,1,1,1,1.0,7.0,74265,RD12,M,"45,8021190","6,3379260",74,2019,90.0,3.0,1.0,3.0,2264741,1.0,1,2,1,5.0,,0.0,0,1995.0,A01,138Â 204Â 024,0.0,-1.0,-1.0,1728707,2.0,1,,3.0,0.0,2.0,A01,138Â 204Â 024,5.0
1012727,201900054258,8,20,07:55,1,2,2,1.0,3.0,75119,RUE D AUBERVILLIERS,M,"48,8986303","2,3704988",75,2019,50.0,1.0,1.0,4.0,2264742,1.0,1,4,1,9.0,,0.0,0,1977.0,B01,138Â 204Â 023,2.0,0.0,-1.0,1728708,2.0,1,,0.0,2.0,1.0,B01,138Â 204Â 023,5.0
1012727,201900054258,8,20,07:55,1,2,2,1.0,3.0,75119,RUE D AUBERVILLIERS,M,"48,8986303","2,3704988",75,2019,50.0,1.0,1.0,4.0,2264742,1.0,1,4,1,9.0,,0.0,0,1977.0,B01,138Â 204Â 023,2.0,0.0,-1.0,1728709,2.0,43,,0.0,2.0,8.0,A01,138Â 204Â 025,1.0
1012727,201900054258,8,20,07:55,1,2,2,1.0,3.0,75119,RUE D AUBERVILLIERS,M,"48,8986303","2,3704988",75,2019,50.0,1.0,1.0,4.0,2264743,1.0,1,4,1,1.0,,0.0,0,1975.0,A01,138Â 204Â 025,2.0,6.0,-1.0,1728708,2.0,1,,0.0,2.0,1.0,B01,138Â 204Â 023,5.0
1012727,201900054258,8,20,07:55,1,2,2,1.0,3.0,75119,RUE D AUBERVILLIERS,M,"48,8986303","2,3704988",75,2019,50.0,1.0,1.0,4.0,2264743,1.0,1,4,1,1.0,,0.0,0,1975.0,A01,138Â 204Â 025,2.0,6.0,-1.0,1728709,2.0,43,,0.0,2.0,8.0,A01,138Â 204Â 025,1.0
1012728,201900054259,3,31,07:15,1,1,1,7.0,7.0,42179,Route dÃ©partementale 8,M,"45,6613870","4,0453390",42,2019,80.0,3.0,1.0,3.0,2264744,1.0,1,4,1,5.0,,0.0,0,1998.0,A01,138Â 204Â 022,1.0,-1.0,-1.0,1728710,2.0,7,,13.0,0.0,9.0,A01,138Â 204Â 022,1.0
1012729,201900054260,8,19,19:10,1,2,2,1.0,3.0,75117,BOULEVARD DE DOUAUMONT,M,"48,8962749","2,3100009",75,2019,50.0,1.0,1.0,4.0,2264745,1.0,1,3,1,1.0,,0.0,0,1994.0,A01,138Â 204Â 019,2.0,6.0,-1.0,1728711,2.0,33,,0.0,2.0,2.0,A01,138Â 204Â 019,1.0
1012729,201900054260,8,19,19:10,1,2,2,1.0,3.0,75117,BOULEVARD DE DOUAUMONT,M,"48,8962749","2,3100009",75,2019,50.0,1.0,1.0,4.0,2264745,1.0,1,3,1,1.0,,0.0,0,1994.0,A01,138Â 204Â 019,2.0,6.0,-1.0,1728712,2.0,7,,0.0,2.0,3.0,B01,138Â 204Â 021,1.0
1012729,201900054260,8,19,19:10,1,2,2,1.0,3.0,75117,BOULEVARD DE DOUAUMONT,M,"48,8962749","2,3100009",75,2019,50.0,1.0,1.0,4.0,2264746,2.0,2,1,1,0.0,,0.0,0,1987.0,B01,138Â 204Â 021,1.0,0.0,-1.0,1728711,2.0,33,,0.0,2.0,2.0,A01,138Â 204Â 019,1.0
1012729,201900054260,8,19,19:10,1,2,2,1.0,3.0,75117,BOULEVARD DE DOUAUMONT,M,"48,8962749","2,3100009",75,2019,50.0,1.0,1.0,4.0,2264746,2.0,2,1,1,0.0,,0.0,0,1987.0,B01,138Â 204Â 021,1.0,0.0,-1.0,1728712,2.0,7,,0.0,2.0,3.0,B01,138Â 204Â 021,1.0
1012729,201900054260,8,19,19:10,1,2,2,1.0,3.0,75117,BOULEVARD DE DOUAUMONT,M,"48,8962749","2,3100009",75,2019,50.0,1.0,1.0,4.0,2264747,1.0,1,1,2,0.0,,0.0,0,1983.0,B01,138Â 204Â 021,1.0,0.0,-1.0,1728711,2.0,33,,0.0,2.0,2.0,A01,138Â 204Â 019,1.0
1012729,201900054260,8,19,19:10,1,2,2,1.0,3.0,75117,BOULEVARD DE DOUAUMONT,M,"48,8962749","2,3100009",75,2019,50.0,1.0,1.0,4.0,2264747,1.0,1,1,2,0.0,,0.0,0,1983.0,B01,138Â 204Â 021,1.0,0.0,-1.0,1728712,2.0,7,,0.0,2.0,3.0,B01,138Â 204Â 021,1.0
1012730,201900054261,3,30,16:40,1,2,1,1.0,3.0,38215,D36,M,"45,5860690","4,9580370",38,2019,70.0,1.0,1.0,3.0,2264748,1.0,1,1,1,0.0,,0.0,0,1992.0,B01,138Â 204Â 018,8.0,-1.0,-1.0,1728713,0.0,7,,0.0,2.0,3.0,B01,138Â 204Â 018,1.0
1012730,201900054261,3,30,16:40,1,2,1,1.0,3.0,38215,D36,M,"45,5860690","4,9580370",38,2019,70.0,1.0,1.0,3.0,2264748,1.0,1,1,1,0.0,,0.0,0,1992.0,B01,138Â 204Â 018,8.0,-1.0,-1.0,1728714,0.0,33,,0.0,2.0,2.0,A01,138Â 204Â 020,1.0