Unnamed: 0_x,num_acc,mois,jour,hrmn,lum,agg,int,atm,col,com,adr,gps,lat,long,dep,annee,vma,situ,surf,catr,Unnamed: 0_y,place,catu,grav,sexe,trajet,secu,locp,actp,an_nais,num_veh_x,id_vehicule_x,secu1,secu2,secu3,Unnamed: 0,senc,catv,occutc,obs,obsm,choc,num_veh_y,id_vehicule_y,motor
1012730,201900054261,3,30,16:40,1,2,1,1.0,3.0,38215,D36,M,"45,5860690","4,9580370",38,2019,70.0,1.0,1.0,3.0,2264749,1.0,1,4,1,0.0,,0.0,0,1993.0,A01,138Â 204Â 020,2.0,6.0,9.0,1728713,0.0,7,,0.0,2.0,3.0,B01,138Â 204Â 018,1.0
1012730,201900054261,3,30,16:40,1,2,1,1.0,3.0,38215,D36,M,"45,5860690","4,9580370",38,2019,70.0,1.0,1.0,3.0,2264749,1.0,1,4,1,0.0,,0.0,0,1993.0,A01,138Â 204Â 020,2.0,6.0,9.0,1728714,0.0,33,,0.0,2.0,2.0,A01,138Â 204Â 020,1.0
1012731,201900054262,8,20,17:40,1,2,1,1.0,6.0,75113,BOULEVARD DE L HOPITAL,M,"48,8427872","2,3640556",75,2019,50.0,6.0,1.0,4.0,2264750,10.0,3,4,1,0.0,,4.0,3,1977.0,A01,138Â 204Â 017,0.0,0.0,0.0,1728715,1.0,7,,0.0,1.0,2.0,A01,138Â 204Â 017,2.0
1012731,201900054262,8,20,17:40,1,2,1,1.0,6.0,75113,BOULEVARD DE L HOPITAL,M,"48,8427872","2,3640556",75,2019,50.0,6.0,1.0,4.0,2264751,1.0,1,1,1,4.0,,0.0,0,1982.0,A01,138Â 204Â 017,1.0,0.0,-1.0,1728715,1.0,7,,0.0,1.0,2.0,A01,138Â 204Â 017,2.0
1012732,201900054263,3,30,06:50,1,1,9,1.0,6.0,38374,Route des Vignes,M,"45,6499670","5,3819580",38,2019,80.0,1.0,1.0,4.0,2264752,1.0,1,3,1,9.0,,0.0,0,1987.0,A01,138Â 204Â 016,0.0,-1.0,-1.0,1728716,0.0,7,,2.0,0.0,1.0,A01,138Â 204Â 016,1.0
1012732,201900054263,3,30,06:50,1,1,9,1.0,6.0,38374,Route des Vignes,M,"45,6499670","5,3819580",38,2019,80.0,1.0,1.0,4.0,2264753,2.0,2,4,2,9.0,,0.0,0,1993.0,A01,138Â 204Â 016,0.0,-1.0,-1.0,1728716,0.0,7,,2.0,0.0,1.0,A01,138Â 204Â 016,1.0
1012733,201900054264,8,20,16:30,1,2,1,1.0,3.0,75113,RUE DE LA GLACIERE,M,"48,8293495","2,3434085",75,2019,30.0,1.0,1.0,4.0,2264754,2.0,2,4,2,5.0,,0.0,0,1992.0,B01,138Â 204Â 014,2.0,6.0,-1.0,1728717,2.0,33,,0.0,2.0,7.0,B01,138Â 204Â 014,1.0
1012733,201900054264,8,20,16:30,1,2,1,1.0,3.0,75113,RUE DE LA GLACIERE,M,"48,8293495","2,3434085",75,2019,30.0,1.0,1.0,4.0,2264754,2.0,2,4,2,5.0,,0.0,0,1992.0,B01,138Â 204Â 014,2.0,6.0,-1.0,1728718,2.0,7,,0.0,2.0,3.0,A01,138Â 204Â 015,1.0
1012733,201900054264,8,20,16:30,1,2,1,1.0,3.0,75113,RUE DE LA GLACIERE,M,"48,8293495","2,3434085",75,2019,30.0,1.0,1.0,4.0,2264755,1.0,1,4,1,5.0,,0.0,0,1986.0,B01,138Â 204Â 014,2.0,6.0,-1.0,1728717,2.0,33,,0.0,2.0,7.0,B01,138Â 204Â 014,1.0
1012733,201900054264,8,20,16:30,1,2,1,1.0,3.0,75113,RUE DE LA GLACIERE,M,"48,8293495","2,3434085",75,2019,30.0,1.0,1.0,4.0,2264755,1.0,1,4,1,5.0,,0.0,0,1986.0,B01,138Â 204Â 014,2.0,6.0,-1.0,1728718,2.0,7,,0.0,2.0,3.0,A01,138Â 204Â 015,1.0
1012733,201900054264,8,20,16:30,1,2,1,1.0,3.0,75113,RUE DE LA GLACIERE,M,"48,8293495","2,3434085",75,2019,30.0,1.0,1.0,4.0,2264756,1.0,1,1,1,5.0,,0.0,0,1960.0,A01,138Â 204Â 015,1.0,0.0,-1.0,1728717,2.0,33,,0.0,2.0,7.0,B01,138Â 204Â 014,1.0
1012733,201900054264,8,20,16:30,1,2,1,1.0,3.0,75113,RUE DE LA GLACIERE,M,"48,8293495","2,3434085",75,2019,30.0,1.0,1.0,4.0,2264756,1.0,1,1,1,5.0,,0.0,0,1960.0,A01,138Â 204Â 015,1.0,0.0,-1.0,1728718,2.0,7,,0.0,2.0,3.0,A01,138Â 204Â 015,1.0
1012734,201900054265,3,31,14:35,1,2,4,1.0,3.0,01160,Rue de Meyrin,M,"46,2496315","6,1016653",1,2019,50.0,1.0,1.0,3.0,2264757,1.0,1,4,1,5.0,,0.0,0,1965.0,B01,138Â 204Â 012,2.0,-1.0,-1.0,1728719,0.0,1,,0.0,2.0,5.0,B01,138Â 204Â 012,5.0
1012734,201900054265,3,31,14:35,1,2,4,1.0,3.0,01160,Rue de Meyrin,M,"46,2496315","6,1016653",1,2019,50.0,1.0,1.0,3.0,2264757,1.0,1,4,1,5.0,,0.0,0,1965.0,B01,138Â 204Â 012,2.0,-1.0,-1.0,1728720,0.0,7,,0.0,9.0,2.0,A01,138Â 204Â 013,1.0
1012734,201900054265,3,31,14:35,1,2,4,1.0,3.0,01160,Rue de Meyrin,M,"46,2496315","6,1016653",1,2019,50.0,1.0,1.0,3.0,2264758,1.0,1,1,1,5.0,,0.0,0,1981.0,A01,138Â 204Â 013,1.0,-1.0,-1.0,1728719,0.0,1,,0.0,2.0,5.0,B01,138Â 204Â 012,5.0
1012734,201900054265,3,31,14:35,1,2,4,1.0,3.0,01160,Rue de Meyrin,M,"46,2496315","6,1016653",1,2019,50.0,1.0,1.0,3.0,2264758,1.0,1,1,1,5.0,,0.0,0,1981.0,A01,138Â 204Â 013,1.0,-1.0,-1.0,1728720,0.0,7,,0.0,9.0,2.0,A01,138Â 204Â 013,1.0
1012735,201900054266,8,20,19:30,1,2,3,1.0,6.0,75111,BOULEVARD VOLTAIRE,M,"48,8609951","2,3747903",75,2019,50.0,1.0,1.0,4.0,2264759,10.0,3,4,1,5.0,,4.0,3,1993.0,A01,138Â 204Â 011,0.0,0.0,0.0,1728721,2.0,7,,0.0,1.0,2.0,A01,138Â 204Â 011,1.0
1012735,201900054266,8,20,19:30,1,2,3,1.0,6.0,75111,BOULEVARD VOLTAIRE,M,"48,8609951","2,3747903",75,2019,50.0,1.0,1.0,4.0,2264760,1.0,1,1,1,0.0,,0.0,0,1958.0,A01,138Â 204Â 011,1.0,0.0,-1.0,1728721,2.0,7,,0.0,1.0,2.0,A01,138Â 204Â 011,1.0
1012736,201900054267,3,29,14:00,1,2,2,1.0,3.0,69278,Rue du Bas Perron,M,"45,8925600","4,8326200",69,2019,50.0,1.0,1.0,4.0,2264761,1.0,1,4,1,5.0,,0.0,0,1994.0,B01,138Â 204Â 009,2.0,-1.0,-1.0,1728722,3.0,31,,0.0,2.0,1.0,B01,138Â 204Â 009,1.0
1012736,201900054267,3,29,14:00,1,2,2,1.0,3.0,69278,Rue du Bas Perron,M,"45,8925600","4,8326200",69,2019,50.0,1.0,1.0,4.0,2264761,1.0,1,4,1,5.0,,0.0,0,1994.0,B01,138Â 204Â 009,2.0,-1.0,-1.0,1728723,0.0,7,,0.0,2.0,1.0,A01,138Â 204Â 010,1.0
1012736,201900054267,3,29,14:00,1,2,2,1.0,3.0,69278,Rue du Bas Perron,M,"45,8925600","4,8326200",69,2019,50.0,1.0,1.0,4.0,2264762,1.0,1,1,1,5.0,,0.0,0,1997.0,A01,138Â 204Â 010,1.0,-1.0,-1.0,1728722,3.0,31,,0.0,2.0,1.0,B01,138Â 204Â 009,1.0
1012736,201900054267,3,29,14:00,1,2,2,1.0,3.0,69278,Rue du Bas Perron,M,"45,8925600","4,8326200",69,2019,50.0,1.0,1.0,4.0,2264762,1.0,1,1,1,5.0,,0.0,0,1997.0,A01,138Â 204Â 010,1.0,-1.0,-1.0,1728723,0.0,7,,0.0,2.0,1.0,A01,138Â 204Â 010,1.0
1012737,201900054268,8,20,14:10,1,2,2,1.0,3.0,75107,PONT DE L ALMA,M,"48,8624421","2,3015982",75,2019,50.0,1.0,1.0,4.0,2264763,1.0,1,4,2,0.0,,0.0,0,1974.0,B01,138Â 204Â 006,2.0,6.0,-1.0,1728724,0.0,32,,0.0,2.0,8.0,B01,138Â 204Â 006,1.0
1012737,201900054268,8,20,14:10,1,2,2,1.0,3.0,75107,PONT DE L ALMA,M,"48,8624421","2,3015982",75,2019,50.0,1.0,1.0,4.0,2264763,1.0,1,4,2,0.0,,0.0,0,1974.0,B01,138Â 204Â 006,2.0,6.0,-1.0,1728725,0.0,1,,0.0,2.0,0.0,A01,138Â 204Â 008,5.0
1012737,201900054268,8,20,14:10,1,2,2,1.0,3.0,75107,PONT DE L ALMA,M,"48,8624421","2,3015982",75,2019,50.0,1.0,1.0,4.0,2264764,1.0,1,4,1,0.0,,0.0,0,1993.0,A01,138Â 204Â 008,2.0,0.0,-1.0,1728724,0.0,32,,0.0,2.0,8.0,B01,138Â 204Â 006,1.0
1012737,201900054268,8,20,14:10,1,2,2,1.0,3.0,75107,PONT DE L ALMA,M,"48,8624421","2,3015982",75,2019,50.0,1.0,1.0,4.0,2264764,1.0,1,4,1,0.0,,0.0,0,1993.0,A01,138Â 204Â 008,2.0,0.0,-1.0,1728725,0.0,1,,0.0,2.0,0.0,A01,138Â 204Â 008,5.0
1012738,201900054269,3,29,19:15,5,2,3,1.0,3.0,69040,Avenue de Lanessan,M,"45,7983160","4,7889890",69,2019,50.0,1.0,1.0,3.0,2264765,1.0,1,4,1,1.0,,0.0,0,1993.0,B01,138Â 204Â 005,2.0,6.0,-1.0,1728726,2.0,2,,0.0,2.0,7.0,B01,138Â 204Â 005,1.0
1012738,201900054269,3,29,19:15,5,2,3,1.0,3.0,69040,Avenue de Lanessan,M,"45,7983160","4,7889890",69,2019,50.0,1.0,1.0,3.0,2264765,1.0,1,4,1,1.0,,0.0,0,1993.0,B01,138Â 204Â 005,2.0,6.0,-1.0,1728727,2.0,7,,0.0,2.0,3.0,A01,138Â 204Â 007,0.0
1012738,201900054269,3,29,19:15,5,2,3,1.0,3.0,69040,Avenue de Lanessan,M,"45,7983160","4,7889890",69,2019,50.0,1.0,1.0,3.0,2264766,1.0,1,1,2,1.0,,0.0,0,1986.0,A01,138Â 204Â 007,1.0,-1.0,-1.0,1728726,2.0,2,,0.0,2.0,7.0,B01,138Â 204Â 005,1.0
1012738,201900054269,3,29,19:15,5,2,3,1.0,3.0,69040,Avenue de Lanessan,M,"45,7983160","4,7889890",69,2019,50.0,1.0,1.0,3.0,2264766,1.0,1,1,2,1.0,,0.0,0,1986.0,A01,138Â 204Â 007,1.0,-1.0,-1.0,1728727,2.0,7,,0.0,2.0,3.0,A01,138Â 204Â 007,0.0
1012739,201900054270,8,20,08:15,1,2,2,1.0,3.0,75107,QUAI D ORSAY,M,"48,8628373","2,3134536",75,2019,50.0,1.0,1.0,4.0,2264767,1.0,1,1,2,1.0,,0.0,0,1980.0,A01,138Â 204Â 003,1.0,0.0,-1.0,1728728,1.0,7,,0.0,2.0,5.0,A01,138Â 204Â 003,1.0
1012739,201900054270,8,20,08:15,1,2,2,1.0,3.0,75107,QUAI D ORSAY,M,"48,8628373","2,3134536",75,2019,50.0,1.0,1.0,4.0,2264767,1.0,1,1,2,1.0,,0.0,0,1980.0,A01,138Â 204Â 003,1.0,0.0,-1.0,1728729,1.0,32,,0.0,2.0,3.0,B01,138Â 204Â 004,1.0
1012739,201900054270,8,20,08:15,1,2,2,1.0,3.0,75107,QUAI D ORSAY,M,"48,8628373","2,3134536",75,2019,50.0,1.0,1.0,4.0,2264768,1.0,1,4,1,1.0,,0.0,0,1963.0,B01,138Â 204Â 004,2.0,6.0,-1.0,1728728,1.0,7,,0.0,2.0,5.0,A01,138Â 204Â 003,1.0
1012739,201900054270,8,20,08:15,1,2,2,1.0,3.0,75107,QUAI D ORSAY,M,"48,8628373","2,3134536",75,2019,50.0,1.0,1.0,4.0,2264768,1.0,1,4,1,1.0,,0.0,0,1963.0,B01,138Â 204Â 004,2.0,6.0,-1.0,1728729,1.0,32,,0.0,2.0,3.0,B01,138Â 204Â 004,1.0
1012740,201900054271,3,30,14:00,1,1,2,1.0,3.0,81046,la bouffie,M,"43,8440385","2,0372949",81,2019,80.0,1.0,1.0,3.0,2264769,1.0,1,4,2,0.0,,0.0,0,1991.0,B01,138Â 203Â 999,1.0,-1.0,-1.0,1728730,2.0,7,,0.0,2.0,3.0,B01,138Â 203Â 999,0.0
1012740,201900054271,3,30,14:00,1,1,2,1.0,3.0,81046,la bouffie,M,"43,8440385","2,0372949",81,2019,80.0,1.0,1.0,3.0,2264769,1.0,1,4,2,0.0,,0.0,0,1991.0,B01,138Â 203Â 999,1.0,-1.0,-1.0,1728731,2.0,7,,0.0,2.0,2.0,A01,138Â 204Â 000,0.0
1012740,201900054271,3,30,14:00,1,1,2,1.0,3.0,81046,la bouffie,M,"43,8440385","2,0372949",81,2019,80.0,1.0,1.0,3.0,2264770,1.0,1,1,2,5.0,,0.0,0,1962.0,A01,138Â 204Â 000,8.0,-1.0,-1.0,1728730,2.0,7,,0.0,2.0,3.0,B01,138Â 203Â 999,0.0
1012740,201900054271,3,30,14:00,1,1,2,1.0,3.0,81046,la bouffie,M,"43,8440385","2,0372949",81,2019,80.0,1.0,1.0,3.0,2264770,1.0,1,1,2,5.0,,0.0,0,1962.0,A01,138Â 204Â 000,8.0,-1.0,-1.0,1728731,2.0,7,,0.0,2.0,2.0,A01,138Â 204Â 000,0.0
1012741,201900054272,3,30,17:15,1,2,1,1.0,6.0,81140,48 route de gaillac,M,"43,7116520","1,8214610",81,2019,50.0,4.0,1.0,3.0,2264771,1.0,1,3,1,5.0,,0.0,0,1971.0,A01,138Â 203Â 998,2.0,6.0,-1.0,1728732,1.0,33,,0.0,0.0,1.0,A01,138Â 203Â 998,1.0
1012742,201900054273,3,29,18:50,1,2,6,1.0,3.0,79049,Place Ãmile Zola,M,"46,8377480"," -0,4938120",79,2019,50.0,1.0,1.0,4.0,2264772,2.0,2,3,2,0.0,,0.0,0,2003.0,B01,138Â 203Â 996,2.0,-1.0,-1.0,1728733,3.0,2,,0.0,2.0,1.0,B01,138Â 203Â 996,0.0
1012742,201900054273,3,29,18:50,1,2,6,1.0,3.0,79049,Place Ãmile Zola,M,"46,8377480"," -0,4938120",79,2019,50.0,1.0,1.0,4.0,2264772,2.0,2,3,2,0.0,,0.0,0,2003.0,B01,138Â 203Â 996,2.0,-1.0,-1.0,1728734,3.0,7,,0.0,2.0,1.0,A01,138Â 203Â 997,1.0
1012742,201900054273,3,29,18:50,1,2,6,1.0,3.0,79049,Place Ãmile Zola,M,"46,8377480"," -0,4938120",79,2019,50.0,1.0,1.0,4.0,2264773,1.0,1,1,2,0.0,,0.0,0,2002.0,B01,138Â 203Â 996,2.0,-1.0,-1.0,1728733,3.0,2,,0.0,2.0,1.0,B01,138Â 203Â 996,0.0
1012742,201900054273,3,29,18:50,1,2,6,1.0,3.0,79049,Place Ãmile Zola,M,"46,8377480"," -0,4938120",79,2019,50.0,1.0,1.0,4.0,2264773,1.0,1,1,2,0.0,,0.0,0,2002.0,B01,138Â 203Â 996,2.0,-1.0,-1.0,1728734,3.0,7,,0.0,2.0,1.0,A01,138Â 203Â 997,1.0
1012742,201900054273,3,29,18:50,1,2,6,1.0,3.0,79049,Place Ãmile Zola,M,"46,8377480"," -0,4938120",79,2019,50.0,1.0,1.0,4.0,2264774,1.0,1,1,1,0.0,,0.0,0,1962.0,A01,138Â 203Â 997,1.0,-1.0,-1.0,1728733,3.0,2,,0.0,2.0,1.0,B01,138Â 203Â 996,0.0
1012742,201900054273,3,29,18:50,1,2,6,1.0,3.0,79049,Place Ãmile Zola,M,"46,8377480"," -0,4938120",79,2019,50.0,1.0,1.0,4.0,2264774,1.0,1,1,1,0.0,,0.0,0,1962.0,A01,138Â 203Â 997,1.0,-1.0,-1.0,1728734,3.0,7,,0.0,2.0,1.0,A01,138Â 203Â 997,1.0
1012743,201900054274,3,26,13:15,1,1,1,1.0,3.0,79024,La Borne,M,"46,4148000"," -0,2467000",79,2019,50.0,1.0,1.0,4.0,2264775,1.0,1,1,1,1.0,,0.0,0,1942.0,B01,138Â 203Â 994,1.0,-1.0,-1.0,1728735,3.0,7,,0.0,2.0,2.0,B01,138Â 203Â 994,1.0
1012743,201900054274,3,26,13:15,1,1,1,1.0,3.0,79024,La Borne,M,"46,4148000"," -0,2467000",79,2019,50.0,1.0,1.0,4.0,2264775,1.0,1,1,1,1.0,,0.0,0,1942.0,B01,138Â 203Â 994,1.0,-1.0,-1.0,1728736,0.0,1,,0.0,2.0,8.0,A01,138Â 203Â 995,5.0
1012743,201900054274,3,26,13:15,1,1,1,1.0,3.0,79024,La Borne,M,"46,4148000"," -0,2467000",79,2019,50.0,1.0,1.0,4.0,2264776,1.0,1,4,2,5.0,,0.0,0,1995.0,A01,138Â 203Â 995,0.0,-1.0,-1.0,1728735,3.0,7,,0.0,2.0,2.0,B01,138Â 203Â 994,1.0
1012743,201900054274,3,26,13:15,1,1,1,1.0,3.0,79024,La Borne,M,"46,4148000"," -0,2467000",79,2019,50.0,1.0,1.0,4.0,2264776,1.0,1,4,2,5.0,,0.0,0,1995.0,A01,138Â 203Â 995,0.0,-1.0,-1.0,1728736,0.0,1,,0.0,2.0,8.0,A01,138Â 203Â 995,5.0
1012744,201900054275,3,30,07:00,1,1,1,1.0,7.0,17348,la dechetterie,M,"45,8336440"," -0,9386250",17,2019,80.0,3.0,1.0,3.0,2264777,1.0,1,2,1,5.0,,0.0,0,1988.0,A01,138Â 203Â 993,8.0,-1.0,-1.0,1728737,1.0,7,,13.0,0.0,1.0,A01,138Â 203Â 993,1.0
1012745,201900054276,3,26,19:30,3,1,2,1.0,3.0,16388,Carrefour D53 et D72,M,"45,6450333","0,0351507",16,2019,80.0,1.0,1.0,3.0,2264778,1.0,1,3,1,1.0,,0.0,0,1964.0,B01,138Â 203Â 991,1.0,-1.0,-1.0,1728738,1.0,7,,0.0,2.0,5.0,B01,138Â 203Â 991,1.0
1012745,201900054276,3,26,19:30,3,1,2,1.0,3.0,16388,Carrefour D53 et D72,M,"45,6450333","0,0351507",16,2019,80.0,1.0,1.0,3.0,2264778,1.0,1,3,1,1.0,,0.0,0,1964.0,B01,138Â 203Â 991,1.0,-1.0,-1.0,1728739,1.0,7,,0.0,2.0,1.0,A01,138Â 203Â 992,1.0
1012745,201900054276,3,26,19:30,3,1,2,1.0,3.0,16388,Carrefour D53 et D72,M,"45,6450333","0,0351507",16,2019,80.0,1.0,1.0,3.0,2264779,1.0,1,1,2,5.0,,0.0,0,1996.0,A01,138Â 203Â 992,1.0,-1.0,-1.0,1728738,1.0,7,,0.0,2.0,5.0,B01,138Â 203Â 991,1.0
1012745,201900054276,3,26,19:30,3,1,2,1.0,3.0,16388,Carrefour D53 et D72,M,"45,6450333","0,0351507",16,2019,80.0,1.0,1.0,3.0,2264779,1.0,1,1,2,5.0,,0.0,0,1996.0,A01,138Â 203Â 992,1.0,-1.0,-1.0,1728739,1.0,7,,0.0,2.0,1.0,A01,138Â 203Â 992,1.0
1012746,201900054277,8,19,09:00,1,2,9,1.0,3.0,94078,HUIT MAI 1945 (AV DU),M,"48,7294400","2,4467500",94,2019,50.0,1.0,1.0,2.0,2264780,1.0,1,4,1,1.0,,-1.0, -1,1977.0,A01,138Â 204Â 001,2.0,6.0,-1.0,1728740,3.0,34,,0.0,2.0,2.0,A01,138Â 204Â 001,1.0
1012746,201900054277,8,19,09:00,1,2,9,1.0,3.0,94078,HUIT MAI 1945 (AV DU),M,"48,7294400","2,4467500",94,2019,50.0,1.0,1.0,2.0,2264780,1.0,1,4,1,1.0,,-1.0, -1,1977.0,A01,138Â 204Â 001,2.0,6.0,-1.0,1728741,3.0,7,,0.0,2.0,8.0,B01,138Â 204Â 002,1.0
1012746,201900054277,8,19,09:00,1,2,9,1.0,3.0,94078,HUIT MAI 1945 (AV DU),M,"48,7294400","2,4467500",94,2019,50.0,1.0,1.0,2.0,2264781,1.0,1,1,1,1.0,,-1.0, -1,1954.0,B01,138Â 204Â 002,1.0,0.0,-1.0,1728740,3.0,34,,0.0,2.0,2.0,A01,138Â 204Â 001,1.0
1012746,201900054277,8,19,09:00,1,2,9,1.0,3.0,94078,HUIT MAI 1945 (AV DU),M,"48,7294400","2,4467500",94,2019,50.0,1.0,1.0,2.0,2264781,1.0,1,1,1,1.0,,-1.0, -1,1954.0,B01,138Â 204Â 002,1.0,0.0,-1.0,1728741,3.0,7,,0.0,2.0,8.0,B01,138Â 204Â 002,1.0
1012747,201900054278,3,31,18:35,2,1,3,1.0,1.0,16078,La Chignolle ,M,"45,7445350","0,1871180",16,2019,80.0,1.0,1.0,3.0,2264782,1.0,1,1,1,5.0,,0.0,0,1948.0,A01,138Â 203Â 989,1.0,-1.0,-1.0,1728742,1.0,7,,0.0,2.0,1.0,A01,138Â 203Â 989,1.0
1012747,201900054278,3,31,18:35,2,1,3,1.0,1.0,16078,La Chignolle ,M,"45,7445350","0,1871180",16,2019,80.0,1.0,1.0,3.0,2264782,1.0,1,1,1,5.0,,0.0,0,1948.0,A01,138Â 203Â 989,1.0,-1.0,-1.0,1728743,2.0,33,,0.0,2.0,1.0,B01,138Â 203Â 990,1.0
1012747,201900054278,3,31,18:35,2,1,3,1.0,1.0,16078,La Chignolle ,M,"45,7445350","0,1871180",16,2019,80.0,1.0,1.0,3.0,2264783,1.0,1,3,1,5.0,,0.0,0,1977.0,B01,138Â 203Â 990,2.0,6.0,-1.0,1728742,1.0,7,,0.0,2.0,1.0,A01,138Â 203Â 989,1.0
1012747,201900054278,3,31,18:35,2,1,3,1.0,1.0,16078,La Chignolle ,M,"45,7445350","0,1871180",16,2019,80.0,1.0,1.0,3.0,2264783,1.0,1,3,1,5.0,,0.0,0,1977.0,B01,138Â 203Â 990,2.0,6.0,-1.0,1728743,2.0,33,,0.0,2.0,1.0,B01,138Â 203Â 990,1.0
1012748,201900054279,8,20,15:50,1,2,2,1.0,3.0,94068,MAHIEU (AV),M,"48,8105460","2,4762140",94,2019,50.0,1.0,1.0,4.0,2264784,1.0,1,4,1,1.0,,0.0,0,1977.0,B01,138Â 203Â 987,1.0,0.0,-1.0,1728744,2.0,7,,0.0,2.0,8.0,B01,138Â 203Â 987,1.0
1012748,201900054279,8,20,15:50,1,2,2,1.0,3.0,94068,MAHIEU (AV),M,"48,8105460","2,4762140",94,2019,50.0,1.0,1.0,4.0,2264784,1.0,1,4,1,1.0,,0.0,0,1977.0,B01,138Â 203Â 987,1.0,0.0,-1.0,1728745,2.0,7,,0.0,2.0,1.0,A01,138Â 203Â 988,1.0
1012748,201900054279,8,20,15:50,1,2,2,1.0,3.0,94068,MAHIEU (AV),M,"48,8105460","2,4762140",94,2019,50.0,1.0,1.0,4.0,2264785,1.0,1,1,1,0.0,,0.0,0,1999.0,A01,138Â 203Â 988,1.0,0.0,-1.0,1728744,2.0,7,,0.0,2.0,8.0,B01,138Â 203Â 987,1.0
1012748,201900054279,8,20,15:50,1,2,2,1.0,3.0,94068,MAHIEU (AV),M,"48,8105460","2,4762140",94,2019,50.0,1.0,1.0,4.0,2264785,1.0,1,1,1,0.0,,0.0,0,1999.0,A01,138Â 203Â 988,1.0,0.0,-1.0,1728745,2.0,7,,0.0,2.0,1.0,A01,138Â 203Â 988,1.0
1012749,201900054280,3,30,16:30,1,1,1,1.0,6.0,33029,RD5 course poursuite avec GN,M,"44,5668000"," -0,7144300",33,2019,80.0,3.0,1.0,3.0,2264786,1.0,1,2,1,9.0,,0.0,0,1998.0,A01,138Â 203Â 986,1.0,-1.0,-1.0,1728746,1.0,7,,13.0,0.0,2.0,A01,138Â 203Â 986,1.0
1012750,201900054281,3,29,15:30,1,1,1,1.0,6.0,50505,la Herfrais,M,"48,6562740"," -1,3354910",50,2019,80.0,1.0,1.0,3.0,2264787,2.0,2,1,1,0.0,,0.0,0,1971.0,B01,138Â 203Â 983,1.0,-1.0,-1.0,1728747,0.0,7,,0.0,0.0,6.0,B01,138Â 203Â 983,1.0
1012750,201900054281,3,29,15:30,1,1,1,1.0,6.0,50505,la Herfrais,M,"48,6562740"," -1,3354910",50,2019,80.0,1.0,1.0,3.0,2264787,2.0,2,1,1,0.0,,0.0,0,1971.0,B01,138Â 203Â 983,1.0,-1.0,-1.0,1728748,0.0,33,,0.0,2.0,2.0,A01,138Â 203Â 984,1.0
1012750,201900054281,3,29,15:30,1,1,1,1.0,6.0,50505,la Herfrais,M,"48,6562740"," -1,3354910",50,2019,80.0,1.0,1.0,3.0,2264788,1.0,1,1,1,4.0,,0.0,0,1979.0,B01,138Â 203Â 983,1.0,-1.0,-1.0,1728747,0.0,7,,0.0,0.0,6.0,B01,138Â 203Â 983,1.0
1012750,201900054281,3,29,15:30,1,1,1,1.0,6.0,50505,la Herfrais,M,"48,6562740"," -1,3354910",50,2019,80.0,1.0,1.0,3.0,2264788,1.0,1,1,1,4.0,,0.0,0,1979.0,B01,138Â 203Â 983,1.0,-1.0,-1.0,1728748,0.0,33,,0.0,2.0,2.0,A01,138Â 203Â 984,1.0
1012750,201900054281,3,29,15:30,1,1,1,1.0,6.0,50505,la Herfrais,M,"48,6562740"," -1,3354910",50,2019,80.0,1.0,1.0,3.0,2264789,1.0,1,3,1,0.0,,0.0,0,1965.0,A01,138Â 203Â 984,2.0,-1.0,-1.0,1728747,0.0,7,,0.0,0.0,6.0,B01,138Â 203Â 983,1.0
1012750,201900054281,3,29,15:30,1,1,1,1.0,6.0,50505,la Herfrais,M,"48,6562740"," -1,3354910",50,2019,80.0,1.0,1.0,3.0,2264789,1.0,1,3,1,0.0,,0.0,0,1965.0,A01,138Â 203Â 984,2.0,-1.0,-1.0,1728748,0.0,33,,0.0,2.0,2.0,A01,138Â 203Â 984,1.0
1012751,201900054282,3,29,23:45,3,1,1,1.0,6.0,35257,La Goudellerie (Saint-Brice-en-CoglÃ¨s),M,"48,4191540"," -1,3768560",35,2019,50.0,3.0,1.0,4.0,2264790,1.0,1,3,1,5.0,,0.0,0,1992.0,A01,138Â 203Â 981,1.0,-1.0,-1.0,1728749,3.0,7,,13.0,0.0,1.0,A01,138Â 203Â 981,1.0
1012752,201900054283,3,29,19:30,5,2,2,1.0,3.0,27394,rue de la mairie,M,"49,2963510","1,0650650",27,2019,50.0,1.0,1.0,3.0,2264791,1.0,1,3,1,0.0,,0.0,0,1951.0,A01,138Â 203Â 979,2.0,9.0,-1.0,1728750,3.0,33,,0.0,2.0,1.0,A01,138Â 203Â 979,1.0
1012752,201900054283,3,29,19:30,5,2,2,1.0,3.0,27394,rue de la mairie,M,"49,2963510","1,0650650",27,2019,50.0,1.0,1.0,3.0,2264791,1.0,1,3,1,0.0,,0.0,0,1951.0,A01,138Â 203Â 979,2.0,9.0,-1.0,1728751,3.0,7,,0.0,2.0,2.0,B01,138Â 203Â 980,1.0
1012752,201900054283,3,29,19:30,5,2,2,1.0,3.0,27394,rue de la mairie,M,"49,2963510","1,0650650",27,2019,50.0,1.0,1.0,3.0,2264792,1.0,1,1,2,1.0,,0.0,0,1991.0,B01,138Â 203Â 980,1.0,-1.0,-1.0,1728750,3.0,33,,0.0,2.0,1.0,A01,138Â 203Â 979,1.0
1012752,201900054283,3,29,19:30,5,2,2,1.0,3.0,27394,rue de la mairie,M,"49,2963510","1,0650650",27,2019,50.0,1.0,1.0,3.0,2264792,1.0,1,1,2,1.0,,0.0,0,1991.0,B01,138Â 203Â 980,1.0,-1.0,-1.0,1728751,3.0,7,,0.0,2.0,2.0,B01,138Â 203Â 980,1.0