Unnamed: 0_x,num_acc,mois,jour,hrmn,lum,agg,int,atm,col,com,adr,gps,lat,long,dep,annee,vma,situ,surf,catr,Unnamed: 0_y,place,catu,grav,sexe,trajet,secu,locp,actp,an_nais,num_veh_x,id_vehicule_x,secu1,secu2,secu3,Unnamed: 0,senc,catv,occutc,obs,obsm,choc,num_veh_y,id_vehicule_y,motor
1012753,201900054284,3,29,17:20,1,2,1,1.0,3.0,27168,19 Route d'Amfreville-Sous-Les-Monts,M,"49,2561440","1,2705240",27,2019,50.0,5.0,1.0,3.0,2264793,1.0,1,1,1,4.0,,0.0,0,1983.0,B01,138Â 203Â 977,1.0,-1.0,-1.0,1728752,0.0,7,,0.0,9.0,5.0,B01,138Â 203Â 977,0.0
1012753,201900054284,3,29,17:20,1,2,1,1.0,3.0,27168,19 Route d'Amfreville-Sous-Les-Monts,M,"49,2561440","1,2705240",27,2019,50.0,5.0,1.0,3.0,2264793,1.0,1,1,1,4.0,,0.0,0,1983.0,B01,138Â 203Â 977,1.0,-1.0,-1.0,1728753,3.0,2,,0.0,2.0,1.0,A01,138Â 203Â 978,6.0
1012753,201900054284,3,29,17:20,1,2,1,1.0,3.0,27168,19 Route d'Amfreville-Sous-Les-Monts,M,"49,2561440","1,2705240",27,2019,50.0,5.0,1.0,3.0,2264794,1.0,1,3,1,9.0,,0.0,0,1958.0,A01,138Â 203Â 978,2.0,6.0,9.0,1728752,0.0,7,,0.0,9.0,5.0,B01,138Â 203Â 977,0.0
1012753,201900054284,3,29,17:20,1,2,1,1.0,3.0,27168,19 Route d'Amfreville-Sous-Les-Monts,M,"49,2561440","1,2705240",27,2019,50.0,5.0,1.0,3.0,2264794,1.0,1,3,1,9.0,,0.0,0,1958.0,A01,138Â 203Â 978,2.0,6.0,9.0,1728753,3.0,2,,0.0,2.0,1.0,A01,138Â 203Â 978,6.0
1012754,201900054285,3,29,15:00,1,1,1,1.0,7.0,60338,RD200,M,"49,3661890","2,7753210",60,2019,110.0,8.0,1.0,3.0,2264795,1.0,1,4,2,4.0,,0.0,0,1996.0,A01,138Â 203Â 972,0.0,-1.0,-1.0,1728754,2.0,7,,13.0,0.0,1.0,A01,138Â 203Â 972,1.0
1012754,201900054285,3,29,15:00,1,1,1,1.0,7.0,60338,RD200,M,"49,3661890","2,7753210",60,2019,110.0,8.0,1.0,3.0,2264796,2.0,2,3,2,4.0,,0.0,0,1996.0,A01,138Â 203Â 972,1.0,-1.0,-1.0,1728754,2.0,7,,13.0,0.0,1.0,A01,138Â 203Â 972,1.0
1012755,201900054286,3,30,14:35,1,1,1,1.0,3.0,59611,2 Chemin de la Vierge,M,"50,6786020","2,9766600",59,2019,50.0,1.0,1.0,4.0,2264797,1.0,1,3,1,5.0,,0.0,0,1965.0,B01,138Â 203Â 970,0.0,-1.0,-1.0,1728755,0.0,1,,0.0,2.0,8.0,B01,138Â 203Â 970,6.0
1012755,201900054286,3,30,14:35,1,1,1,1.0,3.0,59611,2 Chemin de la Vierge,M,"50,6786020","2,9766600",59,2019,50.0,1.0,1.0,4.0,2264797,1.0,1,3,1,5.0,,0.0,0,1965.0,B01,138Â 203Â 970,0.0,-1.0,-1.0,1728756,0.0,7,,0.0,2.0,3.0,A01,138Â 203Â 971,1.0
1012755,201900054286,3,30,14:35,1,1,1,1.0,3.0,59611,2 Chemin de la Vierge,M,"50,6786020","2,9766600",59,2019,50.0,1.0,1.0,4.0,2264798,1.0,1,1,1,0.0,,0.0,0,1988.0,A01,138Â 203Â 971,1.0,-1.0,-1.0,1728755,0.0,1,,0.0,2.0,8.0,B01,138Â 203Â 970,6.0
1012755,201900054286,3,30,14:35,1,1,1,1.0,3.0,59611,2 Chemin de la Vierge,M,"50,6786020","2,9766600",59,2019,50.0,1.0,1.0,4.0,2264798,1.0,1,1,1,0.0,,0.0,0,1988.0,A01,138Â 203Â 971,1.0,-1.0,-1.0,1728756,0.0,7,,0.0,2.0,3.0,A01,138Â 203Â 971,1.0
1012756,201900054287,8,18,21:55,5,2,5,8.0,3.0,94046,GENERAL LECLERC - CAR DE LA RESISTANCE (,M,"48,8154060","2,4204630",94,2019,50.0,1.0,1.0,3.0,2264799,1.0,1,3,1,9.0,,-1.0,0,1994.0,B01,138Â 203Â 982,2.0,8.0,-1.0,1728757,2.0,31,,0.0,2.0,1.0,B01,138Â 203Â 982,1.0
1012756,201900054287,8,18,21:55,5,2,5,8.0,3.0,94046,GENERAL LECLERC - CAR DE LA RESISTANCE (,M,"48,8154060","2,4204630",94,2019,50.0,1.0,1.0,3.0,2264799,1.0,1,3,1,9.0,,-1.0,0,1994.0,B01,138Â 203Â 982,2.0,8.0,-1.0,1728758,1.0,37,1.0,0.0,2.0,3.0,A01,138Â 203Â 985,0.0
1012756,201900054287,8,18,21:55,5,2,5,8.0,3.0,94046,GENERAL LECLERC - CAR DE LA RESISTANCE (,M,"48,8154060","2,4204630",94,2019,50.0,1.0,1.0,3.0,2264800,1.0,1,1,1,4.0,,-1.0,0,1982.0,A01,138Â 203Â 985,8.0,0.0,-1.0,1728757,2.0,31,,0.0,2.0,1.0,B01,138Â 203Â 982,1.0
1012756,201900054287,8,18,21:55,5,2,5,8.0,3.0,94046,GENERAL LECLERC - CAR DE LA RESISTANCE (,M,"48,8154060","2,4204630",94,2019,50.0,1.0,1.0,3.0,2264800,1.0,1,1,1,4.0,,-1.0,0,1982.0,A01,138Â 203Â 985,8.0,0.0,-1.0,1728758,1.0,37,1.0,0.0,2.0,3.0,A01,138Â 203Â 985,0.0
1012757,201900054288,3,29,20:00,3,1,1,1.0,2.0,13071,A7-Sens Marseille vers Lyon,M,"43,4129600","5,2814000",13,2019,110.0,1.0,1.0,1.0,2264801,2.0,2,1,2,9.0,,-1.0, -1,2018.0,A01,138Â 203Â 967,1.0,0.0,-1.0,1728759,2.0,7,,3.0,2.0,4.0,A01,138Â 203Â 967,1.0
1012757,201900054288,3,29,20:00,3,1,1,1.0,2.0,13071,A7-Sens Marseille vers Lyon,M,"43,4129600","5,2814000",13,2019,110.0,1.0,1.0,1.0,2264801,2.0,2,1,2,9.0,,-1.0, -1,2018.0,A01,138Â 203Â 967,1.0,0.0,-1.0,1728760,2.0,7,,3.0,2.0,1.0,B01,138Â 203Â 968,1.0
1012757,201900054288,3,29,20:00,3,1,1,1.0,2.0,13071,A7-Sens Marseille vers Lyon,M,"43,4129600","5,2814000",13,2019,110.0,1.0,1.0,1.0,2264802,1.0,1,4,2,9.0,,-1.0, -1,1981.0,A01,138Â 203Â 967,1.0,8.0,-1.0,1728759,2.0,7,,3.0,2.0,4.0,A01,138Â 203Â 967,1.0
1012757,201900054288,3,29,20:00,3,1,1,1.0,2.0,13071,A7-Sens Marseille vers Lyon,M,"43,4129600","5,2814000",13,2019,110.0,1.0,1.0,1.0,2264802,1.0,1,4,2,9.0,,-1.0, -1,1981.0,A01,138Â 203Â 967,1.0,8.0,-1.0,1728760,2.0,7,,3.0,2.0,1.0,B01,138Â 203Â 968,1.0
1012757,201900054288,3,29,20:00,3,1,1,1.0,2.0,13071,A7-Sens Marseille vers Lyon,M,"43,4129600","5,2814000",13,2019,110.0,1.0,1.0,1.0,2264803,1.0,1,1,2,9.0,,-1.0, -1,1990.0,B01,138Â 203Â 968,1.0,8.0,-1.0,1728759,2.0,7,,3.0,2.0,4.0,A01,138Â 203Â 967,1.0
1012757,201900054288,3,29,20:00,3,1,1,1.0,2.0,13071,A7-Sens Marseille vers Lyon,M,"43,4129600","5,2814000",13,2019,110.0,1.0,1.0,1.0,2264803,1.0,1,1,2,9.0,,-1.0, -1,1990.0,B01,138Â 203Â 968,1.0,8.0,-1.0,1728760,2.0,7,,3.0,2.0,1.0,B01,138Â 203Â 968,1.0
1012758,201900054289,8,19,07:45,1,2,1,1.0,3.0,94076,ALEXANDRE DUMAS (IMP),M,"48,7969300","2,3530000",94,2019,50.0,1.0,1.0,4.0,2264804,1.0,1,4,1,1.0,,-1.0, -1,1977.0,A01,138Â 203Â 965,8.0,0.0,-1.0,1728761,1.0,50,,0.0,2.0,3.0,A01,138Â 203Â 965,3.0
1012758,201900054289,8,19,07:45,1,2,1,1.0,3.0,94076,ALEXANDRE DUMAS (IMP),M,"48,7969300","2,3530000",94,2019,50.0,1.0,1.0,4.0,2264804,1.0,1,4,1,1.0,,-1.0, -1,1977.0,A01,138Â 203Â 965,8.0,0.0,-1.0,1728762,2.0,7,,0.0,2.0,3.0,B01,138Â 203Â 966,0.0
1012758,201900054289,8,19,07:45,1,2,1,1.0,3.0,94076,ALEXANDRE DUMAS (IMP),M,"48,7969300","2,3530000",94,2019,50.0,1.0,1.0,4.0,2264805,1.0,1,1,1,1.0,,-1.0, -1,1980.0,B01,138Â 203Â 966,8.0,0.0,-1.0,1728761,1.0,50,,0.0,2.0,3.0,A01,138Â 203Â 965,3.0
1012758,201900054289,8,19,07:45,1,2,1,1.0,3.0,94076,ALEXANDRE DUMAS (IMP),M,"48,7969300","2,3530000",94,2019,50.0,1.0,1.0,4.0,2264805,1.0,1,1,1,1.0,,-1.0, -1,1980.0,B01,138Â 203Â 966,8.0,0.0,-1.0,1728762,2.0,7,,0.0,2.0,3.0,B01,138Â 203Â 966,0.0
1012759,201900054290,3,26,08:50,1,1,1,1.0,4.0,13215,A7-Sens Lyon vers Marseille,M,"43,3626400","5,3610200",13,2019,90.0,1.0,1.0,1.0,2264806,1.0,1,1,1,1.0,,-1.0, -1,1960.0,A01,138Â 203Â 962,1.0,8.0,-1.0,1728763,1.0,7,,4.0,2.0,4.0,A01,138Â 203Â 962,1.0
1012759,201900054290,3,26,08:50,1,1,1,1.0,4.0,13215,A7-Sens Lyon vers Marseille,M,"43,3626400","5,3610200",13,2019,90.0,1.0,1.0,1.0,2264806,1.0,1,1,1,1.0,,-1.0, -1,1960.0,A01,138Â 203Â 962,1.0,8.0,-1.0,1728764,1.0,33,,4.0,2.0,1.0,B01,138Â 203Â 963,1.0
1012759,201900054290,3,26,08:50,1,1,1,1.0,4.0,13215,A7-Sens Lyon vers Marseille,M,"43,3626400","5,3610200",13,2019,90.0,1.0,1.0,1.0,2264806,1.0,1,1,1,1.0,,-1.0, -1,1960.0,A01,138Â 203Â 962,1.0,8.0,-1.0,1728765,1.0,7,,4.0,2.0,6.0,C01,138Â 203Â 964,1.0
1012759,201900054290,3,26,08:50,1,1,1,1.0,4.0,13215,A7-Sens Lyon vers Marseille,M,"43,3626400","5,3610200",13,2019,90.0,1.0,1.0,1.0,2264807,1.0,1,3,2,1.0,,-1.0, -1,1996.0,B01,138Â 203Â 963,2.0,6.0,-1.0,1728763,1.0,7,,4.0,2.0,4.0,A01,138Â 203Â 962,1.0
1012759,201900054290,3,26,08:50,1,1,1,1.0,4.0,13215,A7-Sens Lyon vers Marseille,M,"43,3626400","5,3610200",13,2019,90.0,1.0,1.0,1.0,2264807,1.0,1,3,2,1.0,,-1.0, -1,1996.0,B01,138Â 203Â 963,2.0,6.0,-1.0,1728764,1.0,33,,4.0,2.0,1.0,B01,138Â 203Â 963,1.0
1012759,201900054290,3,26,08:50,1,1,1,1.0,4.0,13215,A7-Sens Lyon vers Marseille,M,"43,3626400","5,3610200",13,2019,90.0,1.0,1.0,1.0,2264807,1.0,1,3,2,1.0,,-1.0, -1,1996.0,B01,138Â 203Â 963,2.0,6.0,-1.0,1728765,1.0,7,,4.0,2.0,6.0,C01,138Â 203Â 964,1.0
1012759,201900054290,3,26,08:50,1,1,1,1.0,4.0,13215,A7-Sens Lyon vers Marseille,M,"43,3626400","5,3610200",13,2019,90.0,1.0,1.0,1.0,2264808,1.0,1,1,1,1.0,,-1.0, -1,1965.0,C01,138Â 203Â 964,1.0,0.0,-1.0,1728763,1.0,7,,4.0,2.0,4.0,A01,138Â 203Â 962,1.0
1012759,201900054290,3,26,08:50,1,1,1,1.0,4.0,13215,A7-Sens Lyon vers Marseille,M,"43,3626400","5,3610200",13,2019,90.0,1.0,1.0,1.0,2264808,1.0,1,1,1,1.0,,-1.0, -1,1965.0,C01,138Â 203Â 964,1.0,0.0,-1.0,1728764,1.0,33,,4.0,2.0,1.0,B01,138Â 203Â 963,1.0
1012759,201900054290,3,26,08:50,1,1,1,1.0,4.0,13215,A7-Sens Lyon vers Marseille,M,"43,3626400","5,3610200",13,2019,90.0,1.0,1.0,1.0,2264808,1.0,1,1,1,1.0,,-1.0, -1,1965.0,C01,138Â 203Â 964,1.0,0.0,-1.0,1728765,1.0,7,,4.0,2.0,6.0,C01,138Â 203Â 964,1.0
1012760,201900054291,3,21,21:30,3,1,1,1.0,2.0,13210,A50-Sens Marseille vers Aubagne,M,"43,2858200","5,4286200",13,2019,90.0,1.0,1.0,1.0,2264809,1.0,1,4,1,5.0,,-1.0, -1,1995.0,A01,138Â 203Â 959,1.0,0.0,-1.0,1728766,1.0,7,,0.0,2.0,4.0,A01,138Â 203Â 959,1.0
1012760,201900054291,3,21,21:30,3,1,1,1.0,2.0,13210,A50-Sens Marseille vers Aubagne,M,"43,2858200","5,4286200",13,2019,90.0,1.0,1.0,1.0,2264809,1.0,1,4,1,5.0,,-1.0, -1,1995.0,A01,138Â 203Â 959,1.0,0.0,-1.0,1728767,1.0,7,,0.0,2.0,1.0,B01,138Â 203Â 961,1.0
1012760,201900054291,3,21,21:30,3,1,1,1.0,2.0,13210,A50-Sens Marseille vers Aubagne,M,"43,2858200","5,4286200",13,2019,90.0,1.0,1.0,1.0,2264810,1.0,1,1,1,5.0,,-1.0, -1,1986.0,B01,138Â 203Â 961,1.0,0.0,-1.0,1728766,1.0,7,,0.0,2.0,4.0,A01,138Â 203Â 959,1.0
1012760,201900054291,3,21,21:30,3,1,1,1.0,2.0,13210,A50-Sens Marseille vers Aubagne,M,"43,2858200","5,4286200",13,2019,90.0,1.0,1.0,1.0,2264810,1.0,1,1,1,5.0,,-1.0, -1,1986.0,B01,138Â 203Â 961,1.0,0.0,-1.0,1728767,1.0,7,,0.0,2.0,1.0,B01,138Â 203Â 961,1.0
1012761,201900054292,8,20,15:55,1,2,1,1.0,2.0,94021,GENERAL DE GAULLE (AV DU),M,"48,7714300","2,3477900",94,2019,50.0,1.0,1.0,4.0,2264811,1.0,1,4,1,1.0,,-1.0, -1,1964.0,A01,138Â 203Â 958,2.0,0.0,-1.0,1728768,3.0,33,,0.0,2.0,1.0,A01,138Â 203Â 958,1.0
1012761,201900054292,8,20,15:55,1,2,1,1.0,2.0,94021,GENERAL DE GAULLE (AV DU),M,"48,7714300","2,3477900",94,2019,50.0,1.0,1.0,4.0,2264811,1.0,1,4,1,1.0,,-1.0, -1,1964.0,A01,138Â 203Â 958,2.0,0.0,-1.0,1728769,3.0,7,,0.0,0.0,4.0,B01,138Â 203Â 960,1.0
1012761,201900054292,8,20,15:55,1,2,1,1.0,2.0,94021,GENERAL DE GAULLE (AV DU),M,"48,7714300","2,3477900",94,2019,50.0,1.0,1.0,4.0,2264812,1.0,1,1,1,0.0,,-1.0,0,1974.0,B01,138Â 203Â 960,1.0,0.0,-1.0,1728768,3.0,33,,0.0,2.0,1.0,A01,138Â 203Â 958,1.0
1012761,201900054292,8,20,15:55,1,2,1,1.0,2.0,94021,GENERAL DE GAULLE (AV DU),M,"48,7714300","2,3477900",94,2019,50.0,1.0,1.0,4.0,2264812,1.0,1,1,1,0.0,,-1.0,0,1974.0,B01,138Â 203Â 960,1.0,0.0,-1.0,1728769,3.0,7,,0.0,0.0,4.0,B01,138Â 203Â 960,1.0
1012762,201900054293,3,30,02:10,5,1,1,1.0,7.0,69266,RD383   3.750 A 7.640,M,"45,7812300","4,8935500",69,2019,50.0,1.0,1.0,3.0,2264813,1.0,1,4,1,5.0,,0.0,0,1970.0,A01,138Â 203Â 957,1.0,0.0,-1.0,1728770,0.0,7,,4.0,0.0,1.0,A01,138Â 203Â 957,1.0
1012762,201900054293,3,30,02:10,5,1,1,1.0,7.0,69266,RD383   3.750 A 7.640,M,"45,7812300","4,8935500",69,2019,50.0,1.0,1.0,3.0,2264814,2.0,2,4,2,5.0,,0.0,0,1974.0,A01,138Â 203Â 957,1.0,0.0,-1.0,1728770,0.0,7,,4.0,0.0,1.0,A01,138Â 203Â 957,1.0
1012762,201900054293,3,30,02:10,5,1,1,1.0,7.0,69266,RD383   3.750 A 7.640,M,"45,7812300","4,8935500",69,2019,50.0,1.0,1.0,3.0,2264815,3.0,2,3,2,5.0,,0.0,0,1977.0,A01,138Â 203Â 957,8.0,0.0,-1.0,1728770,0.0,7,,4.0,0.0,1.0,A01,138Â 203Â 957,1.0
1012763,201900054294,3,28,14:40,1,1,1,1.0,6.0,69272,A46S   57.400 A 61.010,M,"45,5911800","4,8339500",69,2019,110.0,1.0,1.0,1.0,2264816,1.0,1,1,1,4.0,,0.0,0,1988.0,A01,138Â 203Â 956,1.0,8.0,-1.0,1728771,1.0,17,,0.0,1.0,5.0,A01,138Â 203Â 956,1.0
1012763,201900054294,3,28,14:40,1,1,1,1.0,6.0,69272,A46S   57.400 A 61.010,M,"45,5911800","4,8339500",69,2019,110.0,1.0,1.0,1.0,2264817,10.0,3,3,1,0.0,,6.0,2,1982.0,A01,138Â 203Â 956,8.0,0.0,-1.0,1728771,1.0,17,,0.0,1.0,5.0,A01,138Â 203Â 956,1.0
1012764,201900054295,8,19,22:30,5,2,6,1.0,3.0,94073,RESISTANCE (R DE LA),M,"48,7567600","2,3878800",94,2019,50.0,1.0,1.0,3.0,2264818,1.0,1,1,1,0.0,,-1.0, -1,1991.0,A01,138Â 203Â 954,1.0,0.0,-1.0,1728772,3.0,7,,0.0,2.0,3.0,A01,138Â 203Â 954,1.0
1012764,201900054295,8,19,22:30,5,2,6,1.0,3.0,94073,RESISTANCE (R DE LA),M,"48,7567600","2,3878800",94,2019,50.0,1.0,1.0,3.0,2264818,1.0,1,1,1,0.0,,-1.0, -1,1991.0,A01,138Â 203Â 954,1.0,0.0,-1.0,1728773,3.0,37,5.0,0.0,2.0,2.0,B01,138Â 203Â 955,1.0
1012764,201900054295,8,19,22:30,5,2,6,1.0,3.0,94073,RESISTANCE (R DE LA),M,"48,7567600","2,3878800",94,2019,50.0,1.0,1.0,3.0,2264819,7.0,2,4,2,0.0,,-1.0, -1,1988.0,B01,138Â 203Â 955,8.0,0.0,-1.0,1728772,3.0,7,,0.0,2.0,3.0,A01,138Â 203Â 954,1.0
1012764,201900054295,8,19,22:30,5,2,6,1.0,3.0,94073,RESISTANCE (R DE LA),M,"48,7567600","2,3878800",94,2019,50.0,1.0,1.0,3.0,2264819,7.0,2,4,2,0.0,,-1.0, -1,1988.0,B01,138Â 203Â 955,8.0,0.0,-1.0,1728773,3.0,37,5.0,0.0,2.0,2.0,B01,138Â 203Â 955,1.0
1012764,201900054295,8,19,22:30,5,2,6,1.0,3.0,94073,RESISTANCE (R DE LA),M,"48,7567600","2,3878800",94,2019,50.0,1.0,1.0,3.0,2264820,7.0,2,4,2,0.0,,-1.0, -1,1999.0,B01,138Â 203Â 955,8.0,0.0,-1.0,1728772,3.0,7,,0.0,2.0,3.0,A01,138Â 203Â 954,1.0
1012764,201900054295,8,19,22:30,5,2,6,1.0,3.0,94073,RESISTANCE (R DE LA),M,"48,7567600","2,3878800",94,2019,50.0,1.0,1.0,3.0,2264820,7.0,2,4,2,0.0,,-1.0, -1,1999.0,B01,138Â 203Â 955,8.0,0.0,-1.0,1728773,3.0,37,5.0,0.0,2.0,2.0,B01,138Â 203Â 955,1.0
1012764,201900054295,8,19,22:30,5,2,6,1.0,3.0,94073,RESISTANCE (R DE LA),M,"48,7567600","2,3878800",94,2019,50.0,1.0,1.0,3.0,2264821,7.0,2,4,2,0.0,,-1.0, -1,1996.0,B01,138Â 203Â 955,8.0,0.0,-1.0,1728772,3.0,7,,0.0,2.0,3.0,A01,138Â 203Â 954,1.0
1012764,201900054295,8,19,22:30,5,2,6,1.0,3.0,94073,RESISTANCE (R DE LA),M,"48,7567600","2,3878800",94,2019,50.0,1.0,1.0,3.0,2264821,7.0,2,4,2,0.0,,-1.0, -1,1996.0,B01,138Â 203Â 955,8.0,0.0,-1.0,1728773,3.0,37,5.0,0.0,2.0,2.0,B01,138Â 203Â 955,1.0
1012764,201900054295,8,19,22:30,5,2,6,1.0,3.0,94073,RESISTANCE (R DE LA),M,"48,7567600","2,3878800",94,2019,50.0,1.0,1.0,3.0,2264822,7.0,2,4,1,0.0,,-1.0, -1,1980.0,B01,138Â 203Â 955,8.0,0.0,-1.0,1728772,3.0,7,,0.0,2.0,3.0,A01,138Â 203Â 954,1.0
1012764,201900054295,8,19,22:30,5,2,6,1.0,3.0,94073,RESISTANCE (R DE LA),M,"48,7567600","2,3878800",94,2019,50.0,1.0,1.0,3.0,2264822,7.0,2,4,1,0.0,,-1.0, -1,1980.0,B01,138Â 203Â 955,8.0,0.0,-1.0,1728773,3.0,37,5.0,0.0,2.0,2.0,B01,138Â 203Â 955,1.0
1012764,201900054295,8,19,22:30,5,2,6,1.0,3.0,94073,RESISTANCE (R DE LA),M,"48,7567600","2,3878800",94,2019,50.0,1.0,1.0,3.0,2264823,1.0,1,1,1,0.0,,-1.0, -1,1978.0,B01,138Â 203Â 955,1.0,0.0,-1.0,1728772,3.0,7,,0.0,2.0,3.0,A01,138Â 203Â 954,1.0
1012764,201900054295,8,19,22:30,5,2,6,1.0,3.0,94073,RESISTANCE (R DE LA),M,"48,7567600","2,3878800",94,2019,50.0,1.0,1.0,3.0,2264823,1.0,1,1,1,0.0,,-1.0, -1,1978.0,B01,138Â 203Â 955,1.0,0.0,-1.0,1728773,3.0,37,5.0,0.0,2.0,2.0,B01,138Â 203Â 955,1.0
1012765,201900054296,3,23,21:00,3,1,1,1.0,7.0,69290,A43   3.865 A 9.894,M,"45,7164400","4,9416000",69,2019,90.0,1.0,1.0,1.0,2264824,1.0,1,4,1,5.0,,0.0,0,1988.0,A01,138Â 203Â 953,1.0,0.0,-1.0,1728774,1.0,7,,4.0,0.0,3.0,A01,138Â 203Â 953,1.0
1012766,201900054297,3,28,16:40,1,1,1,1.0,2.0,57303,Autoroute A31,M,"49,2148100","6,1744100",57,2019,110.0,1.0,1.0,1.0,2264825,3.0,2,1,2,0.0,,-1.0, -1,1987.0,B01,138Â 203Â 951,1.0,0.0,-1.0,1728775,2.0,7,,0.0,2.0,4.0,B01,138Â 203Â 951,1.0
1012766,201900054297,3,28,16:40,1,1,1,1.0,2.0,57303,Autoroute A31,M,"49,2148100","6,1744100",57,2019,110.0,1.0,1.0,1.0,2264825,3.0,2,1,2,0.0,,-1.0, -1,1987.0,B01,138Â 203Â 951,1.0,0.0,-1.0,1728776,2.0,33,,0.0,2.0,1.0,A01,138Â 203Â 952,1.0
1012766,201900054297,3,28,16:40,1,1,1,1.0,2.0,57303,Autoroute A31,M,"49,2148100","6,1744100",57,2019,110.0,1.0,1.0,1.0,2264826,1.0,1,1,2,5.0,,-1.0, -1,1985.0,B01,138Â 203Â 951,1.0,0.0,-1.0,1728775,2.0,7,,0.0,2.0,4.0,B01,138Â 203Â 951,1.0
1012766,201900054297,3,28,16:40,1,1,1,1.0,2.0,57303,Autoroute A31,M,"49,2148100","6,1744100",57,2019,110.0,1.0,1.0,1.0,2264826,1.0,1,1,2,5.0,,-1.0, -1,1985.0,B01,138Â 203Â 951,1.0,0.0,-1.0,1728776,2.0,33,,0.0,2.0,1.0,A01,138Â 203Â 952,1.0
1012766,201900054297,3,28,16:40,1,1,1,1.0,2.0,57303,Autoroute A31,M,"49,2148100","6,1744100",57,2019,110.0,1.0,1.0,1.0,2264827,2.0,2,1,2,0.0,,-1.0, -1,1956.0,B01,138Â 203Â 951,1.0,0.0,-1.0,1728775,2.0,7,,0.0,2.0,4.0,B01,138Â 203Â 951,1.0
1012766,201900054297,3,28,16:40,1,1,1,1.0,2.0,57303,Autoroute A31,M,"49,2148100","6,1744100",57,2019,110.0,1.0,1.0,1.0,2264827,2.0,2,1,2,0.0,,-1.0, -1,1956.0,B01,138Â 203Â 951,1.0,0.0,-1.0,1728776,2.0,33,,0.0,2.0,1.0,A01,138Â 203Â 952,1.0
1012766,201900054297,3,28,16:40,1,1,1,1.0,2.0,57303,Autoroute A31,M,"49,2148100","6,1744100",57,2019,110.0,1.0,1.0,1.0,2264828,1.0,1,4,1,5.0,,-1.0, -1,1998.0,A01,138Â 203Â 952,2.0,6.0,-1.0,1728775,2.0,7,,0.0,2.0,4.0,B01,138Â 203Â 951,1.0
1012766,201900054297,3,28,16:40,1,1,1,1.0,2.0,57303,Autoroute A31,M,"49,2148100","6,1744100",57,2019,110.0,1.0,1.0,1.0,2264828,1.0,1,4,1,5.0,,-1.0, -1,1998.0,A01,138Â 203Â 952,2.0,6.0,-1.0,1728776,2.0,33,,0.0,2.0,1.0,A01,138Â 203Â 952,1.0
1012767,201900054298,8,19,15:25,1,2,1,1.0,6.0,94054,NOUVELET (R DU),M,"48,7414210","2,4050060",94,2019,50.0,1.0,1.0,4.0,2264829,1.0,1,4,1,0.0,,0.0,0,1976.0,A01,138Â 203Â 950,8.0,0.0,-1.0,1728777,1.0,1,,0.0,1.0,0.0,A01,138Â 203Â 950,0.0
1012767,201900054298,8,19,15:25,1,2,1,1.0,6.0,94054,NOUVELET (R DU),M,"48,7414210","2,4050060",94,2019,50.0,1.0,1.0,4.0,2264830,10.0,3,4,2,0.0,,2.0,3,1951.0,A01,138Â 203Â 950,8.0,0.0,-1.0,1728777,1.0,1,,0.0,1.0,0.0,A01,138Â 203Â 950,0.0
1012768,201900054299,8,20,17:30,1,2,1,1.0,6.0,93066,CROIZAT AMBROISE RD 29 BIS,M,"48,9327000","2,3486000",93,2019,50.0,1.0,1.0,3.0,2264831,10.0,3,4,2,1.0,,1.0,1,1996.0,A01,138Â 203Â 948,8.0,0.0,-1.0,1728778,1.0,7,,0.0,1.0,1.0,A01,138Â 203Â 948,0.0
1012769,201900054300,3,28,07:15,1,1,1,1.0,6.0,67447,Autoroute A.4,M,"48,5999000","7,7500000",67,2019,90.0,1.0,1.0,1.0,2264832,1.0,1,1,2,1.0,,-1.0,0,1959.0,A01,138Â 203Â 949,1.0,0.0,-1.0,1728779,1.0,7,,0.0,1.0,8.0,A01,138Â 203Â 949,1.0
1012769,201900054300,3,28,07:15,1,1,1,1.0,6.0,67447,Autoroute A.4,M,"48,5999000","7,7500000",67,2019,90.0,1.0,1.0,1.0,2264833,10.0,3,4,1,4.0,,9.0,9,1981.0,A01,138Â 203Â 949,8.0,0.0,-1.0,1728779,1.0,7,,0.0,1.0,8.0,A01,138Â 203Â 949,1.0
1012770,201900054301,8,20,16:27,1,2,1,1.0,6.0,93050,PIERRE BROSSOLETTE (RUE),M,"48,8561850","2,5369150",93,2019,50.0,1.0,1.0,4.0,2264834,1.0,1,4,1,9.0,,-1.0, -1,1995.0,A01,138Â 203Â 947,1.0,5.0,-1.0,1728780,0.0,7,,1.0,0.0,2.0,A01,138Â 203Â 947,1.0
1012771,201900054302,3,29,16:40,1,1,1,1.0,3.0,33281,ROCADE A 630,M,"44,8520700"," -0,6662000",33,2019,90.0,1.0,1.0,1.0,2264835,1.0,1,4,1,5.0,,-1.0, -1,1997.0,B01,138Â 203Â 945,2.0,8.0,-1.0,1728781,2.0,33,,0.0,2.0,8.0,B01,138Â 203Â 945,1.0