Unnamed: 0_x,num_acc,mois,jour,hrmn,lum,agg,int,atm,col,com,adr,gps,lat,long,dep,annee,vma,situ,surf,catr,Unnamed: 0_y,place,catu,grav,sexe,trajet,secu,locp,actp,an_nais,num_veh_x,id_vehicule_x,secu1,secu2,secu3,Unnamed: 0,senc,catv,occutc,obs,obsm,choc,num_veh_y,id_vehicule_y,motor
1012771,201900054302,3,29,16:40,1,1,1,1.0,3.0,33281,ROCADE A 630,M,"44,8520700"," -0,6662000",33,2019,90.0,1.0,1.0,1.0,2264835,1.0,1,4,1,5.0,,-1.0, -1,1997.0,B01,138Â 203Â 945,2.0,8.0,-1.0,1728782,2.0,7,,0.0,2.0,7.0,A01,138Â 203Â 946,1.0
1012771,201900054302,3,29,16:40,1,1,1,1.0,3.0,33281,ROCADE A 630,M,"44,8520700"," -0,6662000",33,2019,90.0,1.0,1.0,1.0,2264836,2.0,2,1,2,0.0,,-1.0, -1,1989.0,A01,138Â 203Â 946,1.0,8.0,-1.0,1728781,2.0,33,,0.0,2.0,8.0,B01,138Â 203Â 945,1.0
1012771,201900054302,3,29,16:40,1,1,1,1.0,3.0,33281,ROCADE A 630,M,"44,8520700"," -0,6662000",33,2019,90.0,1.0,1.0,1.0,2264836,2.0,2,1,2,0.0,,-1.0, -1,1989.0,A01,138Â 203Â 946,1.0,8.0,-1.0,1728782,2.0,7,,0.0,2.0,7.0,A01,138Â 203Â 946,1.0
1012771,201900054302,3,29,16:40,1,1,1,1.0,3.0,33281,ROCADE A 630,M,"44,8520700"," -0,6662000",33,2019,90.0,1.0,1.0,1.0,2264837,1.0,1,1,2,0.0,,-1.0, -1,1992.0,A01,138Â 203Â 946,1.0,8.0,-1.0,1728781,2.0,33,,0.0,2.0,8.0,B01,138Â 203Â 945,1.0
1012771,201900054302,3,29,16:40,1,1,1,1.0,3.0,33281,ROCADE A 630,M,"44,8520700"," -0,6662000",33,2019,90.0,1.0,1.0,1.0,2264837,1.0,1,1,2,0.0,,-1.0, -1,1992.0,A01,138Â 203Â 946,1.0,8.0,-1.0,1728782,2.0,7,,0.0,2.0,7.0,A01,138Â 203Â 946,1.0
1012772,201900054303,8,19,16:05,1,2,1,1.0,6.0,93048,ARISTIDE BRIAND (BOULEVARD),M,"48,8713500","2,4523600",93,2019,50.0,1.0,1.0,3.0,2264838,1.0,1,4,1,0.0,,-1.0, -1,1996.0,A01,138Â 203Â 944,2.0,6.0,-1.0,1728783,1.0,33,,1.0,0.0,1.0,A01,138Â 203Â 944,1.0
1012773,201900054304,3,28,17:40,1,1,1,1.0,3.0,33162,ROCADE A 630,M,"44,8668300"," -0,6497400",33,2019,90.0,1.0,2.0,1.0,2264839,1.0,1,1,1,1.0,,-1.0, -1,1990.0,A01,138Â 203Â 942,1.0,8.0,-1.0,1728784,2.0,7,,0.0,2.0,8.0,A01,138Â 203Â 942,1.0
1012773,201900054304,3,28,17:40,1,1,1,1.0,3.0,33162,ROCADE A 630,M,"44,8668300"," -0,6497400",33,2019,90.0,1.0,2.0,1.0,2264839,1.0,1,1,1,1.0,,-1.0, -1,1990.0,A01,138Â 203Â 942,1.0,8.0,-1.0,1728785,2.0,33,,0.0,2.0,7.0,B01,138Â 203Â 943,0.0
1012773,201900054304,3,28,17:40,1,1,1,1.0,3.0,33162,ROCADE A 630,M,"44,8668300"," -0,6497400",33,2019,90.0,1.0,2.0,1.0,2264840,1.0,1,4,1,1.0,,-1.0, -1,1973.0,B01,138Â 203Â 943,2.0,6.0,-1.0,1728784,2.0,7,,0.0,2.0,8.0,A01,138Â 203Â 942,1.0
1012773,201900054304,3,28,17:40,1,1,1,1.0,3.0,33162,ROCADE A 630,M,"44,8668300"," -0,6497400",33,2019,90.0,1.0,2.0,1.0,2264840,1.0,1,4,1,1.0,,-1.0, -1,1973.0,B01,138Â 203Â 943,2.0,6.0,-1.0,1728785,2.0,33,,0.0,2.0,7.0,B01,138Â 203Â 943,0.0
1012774,201900054305,8,20,14:20,1,2,1,1.0,1.0,93046,BENOIT MALON AVENUE,M,"48,9166800","2,5351400",93,2019,30.0,2.0,1.0,4.0,2264841,1.0,1,4,2,9.0,,-1.0, -1,1975.0,B01,138Â 203Â 940,8.0,0.0,-1.0,1728786,2.0,7,,0.0,2.0,1.0,B01,138Â 203Â 940,1.0
1012774,201900054305,8,20,14:20,1,2,1,1.0,1.0,93046,BENOIT MALON AVENUE,M,"48,9166800","2,5351400",93,2019,30.0,2.0,1.0,4.0,2264841,1.0,1,4,2,9.0,,-1.0, -1,1975.0,B01,138Â 203Â 940,8.0,0.0,-1.0,1728787,1.0,7,,0.0,2.0,1.0,A01,138Â 203Â 941,1.0
1012774,201900054305,8,20,14:20,1,2,1,1.0,1.0,93046,BENOIT MALON AVENUE,M,"48,9166800","2,5351400",93,2019,30.0,2.0,1.0,4.0,2264842,1.0,1,4,2,5.0,,-1.0, -1,1936.0,A01,138Â 203Â 941,8.0,0.0,-1.0,1728786,2.0,7,,0.0,2.0,1.0,B01,138Â 203Â 940,1.0
1012774,201900054305,8,20,14:20,1,2,1,1.0,1.0,93046,BENOIT MALON AVENUE,M,"48,9166800","2,5351400",93,2019,30.0,2.0,1.0,4.0,2264842,1.0,1,4,2,5.0,,-1.0, -1,1936.0,A01,138Â 203Â 941,8.0,0.0,-1.0,1728787,1.0,7,,0.0,2.0,1.0,A01,138Â 203Â 941,1.0
1012775,201900054306,8,20,11:40,1,2,2,1.0,3.0,93029,GASTON LANDRY,M,"48,9200000","2,4500000",93,2019,30.0,1.0,1.0,4.0,2264843,1.0,1,1,1,0.0,,-1.0, -1,1956.0,B01,138Â 203Â 938,1.0,0.0,-1.0,1728788,1.0,3,,0.0,2.0,6.0,B01,138Â 203Â 938,1.0
1012775,201900054306,8,20,11:40,1,2,2,1.0,3.0,93029,GASTON LANDRY,M,"48,9200000","2,4500000",93,2019,30.0,1.0,1.0,4.0,2264843,1.0,1,1,1,0.0,,-1.0, -1,1956.0,B01,138Â 203Â 938,1.0,0.0,-1.0,1728789,2.0,3,,0.0,2.0,1.0,A01,138Â 203Â 939,1.0
1012775,201900054306,8,20,11:40,1,2,2,1.0,3.0,93029,GASTON LANDRY,M,"48,9200000","2,4500000",93,2019,30.0,1.0,1.0,4.0,2264844,2.0,2,4,1,0.0,,-1.0, -1,1956.0,B01,138Â 203Â 938,1.0,0.0,-1.0,1728788,1.0,3,,0.0,2.0,6.0,B01,138Â 203Â 938,1.0
1012775,201900054306,8,20,11:40,1,2,2,1.0,3.0,93029,GASTON LANDRY,M,"48,9200000","2,4500000",93,2019,30.0,1.0,1.0,4.0,2264844,2.0,2,4,1,0.0,,-1.0, -1,1956.0,B01,138Â 203Â 938,1.0,0.0,-1.0,1728789,2.0,3,,0.0,2.0,1.0,A01,138Â 203Â 939,1.0
1012775,201900054306,8,20,11:40,1,2,2,1.0,3.0,93029,GASTON LANDRY,M,"48,9200000","2,4500000",93,2019,30.0,1.0,1.0,4.0,2264845,1.0,1,1,1,5.0,,-1.0, -1,1946.0,A01,138Â 203Â 939,1.0,0.0,-1.0,1728788,1.0,3,,0.0,2.0,6.0,B01,138Â 203Â 938,1.0
1012775,201900054306,8,20,11:40,1,2,2,1.0,3.0,93029,GASTON LANDRY,M,"48,9200000","2,4500000",93,2019,30.0,1.0,1.0,4.0,2264845,1.0,1,1,1,5.0,,-1.0, -1,1946.0,A01,138Â 203Â 939,1.0,0.0,-1.0,1728789,2.0,3,,0.0,2.0,1.0,A01,138Â 203Â 939,1.0
1012776,201900054307,8,19,17:14,1,2,1,1.0,6.0,93001,GOULET (RUE DU)  => 24/31,M,"48,9089500","2,3780400",93,2019,50.0,1.0,1.0,4.0,2264846,1.0,1,4,2,9.0,,-1.0, -1,1965.0,A01,138Â 203Â 936,8.0,0.0,-1.0,1728790,3.0,7,,0.0,2.0,3.0,A01,138Â 203Â 936,0.0
1012776,201900054307,8,19,17:14,1,2,1,1.0,6.0,93001,GOULET (RUE DU)  => 24/31,M,"48,9089500","2,3780400",93,2019,50.0,1.0,1.0,4.0,2264846,1.0,1,4,2,9.0,,-1.0, -1,1965.0,A01,138Â 203Â 936,8.0,0.0,-1.0,1728791,2.0,14,,1.0,0.0,3.0,B01,138Â 203Â 937,1.0
1012776,201900054307,8,19,17:14,1,2,1,1.0,6.0,93001,GOULET (RUE DU)  => 24/31,M,"48,9089500","2,3780400",93,2019,50.0,1.0,1.0,4.0,2264847,1.0,1,1,1,0.0,,-1.0, -1,1957.0,B01,138Â 203Â 937,1.0,0.0,-1.0,1728790,3.0,7,,0.0,2.0,3.0,A01,138Â 203Â 936,0.0
1012776,201900054307,8,19,17:14,1,2,1,1.0,6.0,93001,GOULET (RUE DU)  => 24/31,M,"48,9089500","2,3780400",93,2019,50.0,1.0,1.0,4.0,2264847,1.0,1,1,1,0.0,,-1.0, -1,1957.0,B01,138Â 203Â 937,1.0,0.0,-1.0,1728791,2.0,14,,1.0,0.0,3.0,B01,138Â 203Â 937,1.0
1012777,201900054308,8,19,08:52,1,2,1,1.0,2.0,92026,EDITH CAVELL (DE 47 A FIN),M,"48,9008400","2,2700700",92,2019,50.0,1.0,1.0,4.0,2264848,1.0,1,1,1,0.0,,-1.0,0,1991.0,A01,138Â 203Â 934,1.0,0.0,-1.0,1728792,3.0,7,,0.0,2.0,1.0,A01,138Â 203Â 934,1.0
1012777,201900054308,8,19,08:52,1,2,1,1.0,2.0,92026,EDITH CAVELL (DE 47 A FIN),M,"48,9008400","2,2700700",92,2019,50.0,1.0,1.0,4.0,2264848,1.0,1,1,1,0.0,,-1.0,0,1991.0,A01,138Â 203Â 934,1.0,0.0,-1.0,1728793,1.0,7,,0.0,1.0,4.0,B01,138Â 203Â 935,1.0
1012777,201900054308,8,19,08:52,1,2,1,1.0,2.0,92026,EDITH CAVELL (DE 47 A FIN),M,"48,9008400","2,2700700",92,2019,50.0,1.0,1.0,4.0,2264849,1.0,1,4,2,0.0,,-1.0,0,1988.0,B01,138Â 203Â 935,1.0,0.0,-1.0,1728792,3.0,7,,0.0,2.0,1.0,A01,138Â 203Â 934,1.0
1012777,201900054308,8,19,08:52,1,2,1,1.0,2.0,92026,EDITH CAVELL (DE 47 A FIN),M,"48,9008400","2,2700700",92,2019,50.0,1.0,1.0,4.0,2264849,1.0,1,4,2,0.0,,-1.0,0,1988.0,B01,138Â 203Â 935,1.0,0.0,-1.0,1728793,1.0,7,,0.0,1.0,4.0,B01,138Â 203Â 935,1.0
1012778,201900054309,8,15,02:30,5,2,1,1.0,6.0,92004,DOCTEUR DERVAUX  ( QUAI DU ),M,"48,9086857","2,2930520",92,2019,50.0,1.0,1.0,3.0,2264850,1.0,1,4,2,9.0,,-1.0, -1,1998.0,A01,138Â 203Â 933,2.0,6.0,-1.0,1728794,3.0,33,,0.0,2.0,1.0,A01,138Â 203Â 933,0.0
1012779,201900054310,8,20,10:30,1,2,1,1.0,3.0,92004,BAS ( RUE DES ),M,"48,9186660","2,2909740",92,2019,50.0,1.0,1.0,3.0,2264851,1.0,1,4,1,5.0,,-1.0,0,1995.0,B01,138Â 203Â 931,8.0,0.0,-1.0,1728795,0.0,1,,0.0,2.0,7.0,B01,138Â 203Â 931,0.0
1012779,201900054310,8,20,10:30,1,2,1,1.0,3.0,92004,BAS ( RUE DES ),M,"48,9186660","2,2909740",92,2019,50.0,1.0,1.0,3.0,2264851,1.0,1,4,1,5.0,,-1.0,0,1995.0,B01,138Â 203Â 931,8.0,0.0,-1.0,1728796,3.0,7,,0.0,2.0,1.0,A01,138Â 203Â 932,0.0
1012779,201900054310,8,20,10:30,1,2,1,1.0,3.0,92004,BAS ( RUE DES ),M,"48,9186660","2,2909740",92,2019,50.0,1.0,1.0,3.0,2264852,1.0,1,1,1,4.0,,-1.0,0,1969.0,A01,138Â 203Â 932,1.0,0.0,-1.0,1728795,0.0,1,,0.0,2.0,7.0,B01,138Â 203Â 931,0.0
1012779,201900054310,8,20,10:30,1,2,1,1.0,3.0,92004,BAS ( RUE DES ),M,"48,9186660","2,2909740",92,2019,50.0,1.0,1.0,3.0,2264852,1.0,1,1,1,4.0,,-1.0,0,1969.0,A01,138Â 203Â 932,1.0,0.0,-1.0,1728796,3.0,7,,0.0,2.0,1.0,A01,138Â 203Â 932,0.0
1012780,201900054311,8,21,09:30,1,1,1,1.0,5.0,54109,D913,M,"48,5466930","6,1870130",54,2019,50.0,1.0,1.0,3.0,2264853,1.0,1,1,2,0.0,,0.0,0,1969.0,D01,138Â 203Â 927,8.0,-1.0,-1.0,1728797,1.0,7,,0.0,0.0,5.0,D01,138Â 203Â 927,1.0
1012780,201900054311,8,21,09:30,1,1,1,1.0,5.0,54109,D913,M,"48,5466930","6,1870130",54,2019,50.0,1.0,1.0,3.0,2264853,1.0,1,1,2,0.0,,0.0,0,1969.0,D01,138Â 203Â 927,8.0,-1.0,-1.0,1728798,2.0,7,,0.0,2.0,1.0,C01,138Â 203Â 928,1.0
1012780,201900054311,8,21,09:30,1,1,1,1.0,5.0,54109,D913,M,"48,5466930","6,1870130",54,2019,50.0,1.0,1.0,3.0,2264853,1.0,1,1,2,0.0,,0.0,0,1969.0,D01,138Â 203Â 927,8.0,-1.0,-1.0,1728799,1.0,7,,0.0,2.0,4.0,B01,138Â 203Â 929,1.0
1012780,201900054311,8,21,09:30,1,1,1,1.0,5.0,54109,D913,M,"48,5466930","6,1870130",54,2019,50.0,1.0,1.0,3.0,2264853,1.0,1,1,2,0.0,,0.0,0,1969.0,D01,138Â 203Â 927,8.0,-1.0,-1.0,1728800,1.0,7,,0.0,2.0,1.0,A01,138Â 203Â 930,1.0
1012780,201900054311,8,21,09:30,1,1,1,1.0,5.0,54109,D913,M,"48,5466930","6,1870130",54,2019,50.0,1.0,1.0,3.0,2264854,7.0,2,3,1,3.0,,0.0,0,2010.0,C01,138Â 203Â 928,8.0,-1.0,-1.0,1728797,1.0,7,,0.0,0.0,5.0,D01,138Â 203Â 927,1.0
1012780,201900054311,8,21,09:30,1,1,1,1.0,5.0,54109,D913,M,"48,5466930","6,1870130",54,2019,50.0,1.0,1.0,3.0,2264854,7.0,2,3,1,3.0,,0.0,0,2010.0,C01,138Â 203Â 928,8.0,-1.0,-1.0,1728798,2.0,7,,0.0,2.0,1.0,C01,138Â 203Â 928,1.0
1012780,201900054311,8,21,09:30,1,1,1,1.0,5.0,54109,D913,M,"48,5466930","6,1870130",54,2019,50.0,1.0,1.0,3.0,2264854,7.0,2,3,1,3.0,,0.0,0,2010.0,C01,138Â 203Â 928,8.0,-1.0,-1.0,1728799,1.0,7,,0.0,2.0,4.0,B01,138Â 203Â 929,1.0
1012780,201900054311,8,21,09:30,1,1,1,1.0,5.0,54109,D913,M,"48,5466930","6,1870130",54,2019,50.0,1.0,1.0,3.0,2264854,7.0,2,3,1,3.0,,0.0,0,2010.0,C01,138Â 203Â 928,8.0,-1.0,-1.0,1728800,1.0,7,,0.0,2.0,1.0,A01,138Â 203Â 930,1.0
1012780,201900054311,8,21,09:30,1,1,1,1.0,5.0,54109,D913,M,"48,5466930","6,1870130",54,2019,50.0,1.0,1.0,3.0,2264855,4.0,2,3,1,3.0,,0.0,0,2003.0,C01,138Â 203Â 928,8.0,-1.0,-1.0,1728797,1.0,7,,0.0,0.0,5.0,D01,138Â 203Â 927,1.0
1012780,201900054311,8,21,09:30,1,1,1,1.0,5.0,54109,D913,M,"48,5466930","6,1870130",54,2019,50.0,1.0,1.0,3.0,2264855,4.0,2,3,1,3.0,,0.0,0,2003.0,C01,138Â 203Â 928,8.0,-1.0,-1.0,1728798,2.0,7,,0.0,2.0,1.0,C01,138Â 203Â 928,1.0
1012780,201900054311,8,21,09:30,1,1,1,1.0,5.0,54109,D913,M,"48,5466930","6,1870130",54,2019,50.0,1.0,1.0,3.0,2264855,4.0,2,3,1,3.0,,0.0,0,2003.0,C01,138Â 203Â 928,8.0,-1.0,-1.0,1728799,1.0,7,,0.0,2.0,4.0,B01,138Â 203Â 929,1.0
1012780,201900054311,8,21,09:30,1,1,1,1.0,5.0,54109,D913,M,"48,5466930","6,1870130",54,2019,50.0,1.0,1.0,3.0,2264855,4.0,2,3,1,3.0,,0.0,0,2003.0,C01,138Â 203Â 928,8.0,-1.0,-1.0,1728800,1.0,7,,0.0,2.0,1.0,A01,138Â 203Â 930,1.0
1012780,201900054311,8,21,09:30,1,1,1,1.0,5.0,54109,D913,M,"48,5466930","6,1870130",54,2019,50.0,1.0,1.0,3.0,2264856,1.0,1,3,1,3.0,,0.0,0,1983.0,C01,138Â 203Â 928,8.0,-1.0,-1.0,1728797,1.0,7,,0.0,0.0,5.0,D01,138Â 203Â 927,1.0
1012780,201900054311,8,21,09:30,1,1,1,1.0,5.0,54109,D913,M,"48,5466930","6,1870130",54,2019,50.0,1.0,1.0,3.0,2264856,1.0,1,3,1,3.0,,0.0,0,1983.0,C01,138Â 203Â 928,8.0,-1.0,-1.0,1728798,2.0,7,,0.0,2.0,1.0,C01,138Â 203Â 928,1.0
1012780,201900054311,8,21,09:30,1,1,1,1.0,5.0,54109,D913,M,"48,5466930","6,1870130",54,2019,50.0,1.0,1.0,3.0,2264856,1.0,1,3,1,3.0,,0.0,0,1983.0,C01,138Â 203Â 928,8.0,-1.0,-1.0,1728799,1.0,7,,0.0,2.0,4.0,B01,138Â 203Â 929,1.0
1012780,201900054311,8,21,09:30,1,1,1,1.0,5.0,54109,D913,M,"48,5466930","6,1870130",54,2019,50.0,1.0,1.0,3.0,2264856,1.0,1,3,1,3.0,,0.0,0,1983.0,C01,138Â 203Â 928,8.0,-1.0,-1.0,1728800,1.0,7,,0.0,2.0,1.0,A01,138Â 203Â 930,1.0
1012780,201900054311,8,21,09:30,1,1,1,1.0,5.0,54109,D913,M,"48,5466930","6,1870130",54,2019,50.0,1.0,1.0,3.0,2264857,9.0,2,3,2,3.0,,0.0,0,2013.0,C01,138Â 203Â 928,8.0,-1.0,-1.0,1728797,1.0,7,,0.0,0.0,5.0,D01,138Â 203Â 927,1.0
1012780,201900054311,8,21,09:30,1,1,1,1.0,5.0,54109,D913,M,"48,5466930","6,1870130",54,2019,50.0,1.0,1.0,3.0,2264857,9.0,2,3,2,3.0,,0.0,0,2013.0,C01,138Â 203Â 928,8.0,-1.0,-1.0,1728798,2.0,7,,0.0,2.0,1.0,C01,138Â 203Â 928,1.0
1012780,201900054311,8,21,09:30,1,1,1,1.0,5.0,54109,D913,M,"48,5466930","6,1870130",54,2019,50.0,1.0,1.0,3.0,2264857,9.0,2,3,2,3.0,,0.0,0,2013.0,C01,138Â 203Â 928,8.0,-1.0,-1.0,1728799,1.0,7,,0.0,2.0,4.0,B01,138Â 203Â 929,1.0
1012780,201900054311,8,21,09:30,1,1,1,1.0,5.0,54109,D913,M,"48,5466930","6,1870130",54,2019,50.0,1.0,1.0,3.0,2264857,9.0,2,3,2,3.0,,0.0,0,2013.0,C01,138Â 203Â 928,8.0,-1.0,-1.0,1728800,1.0,7,,0.0,2.0,1.0,A01,138Â 203Â 930,1.0
1012780,201900054311,8,21,09:30,1,1,1,1.0,5.0,54109,D913,M,"48,5466930","6,1870130",54,2019,50.0,1.0,1.0,3.0,2264858,8.0,2,3,1,3.0,,0.0,0,2008.0,C01,138Â 203Â 928,8.0,-1.0,-1.0,1728797,1.0,7,,0.0,0.0,5.0,D01,138Â 203Â 927,1.0
1012780,201900054311,8,21,09:30,1,1,1,1.0,5.0,54109,D913,M,"48,5466930","6,1870130",54,2019,50.0,1.0,1.0,3.0,2264858,8.0,2,3,1,3.0,,0.0,0,2008.0,C01,138Â 203Â 928,8.0,-1.0,-1.0,1728798,2.0,7,,0.0,2.0,1.0,C01,138Â 203Â 928,1.0
1012780,201900054311,8,21,09:30,1,1,1,1.0,5.0,54109,D913,M,"48,5466930","6,1870130",54,2019,50.0,1.0,1.0,3.0,2264858,8.0,2,3,1,3.0,,0.0,0,2008.0,C01,138Â 203Â 928,8.0,-1.0,-1.0,1728799,1.0,7,,0.0,2.0,4.0,B01,138Â 203Â 929,1.0
1012780,201900054311,8,21,09:30,1,1,1,1.0,5.0,54109,D913,M,"48,5466930","6,1870130",54,2019,50.0,1.0,1.0,3.0,2264858,8.0,2,3,1,3.0,,0.0,0,2008.0,C01,138Â 203Â 928,8.0,-1.0,-1.0,1728800,1.0,7,,0.0,2.0,1.0,A01,138Â 203Â 930,1.0
1012780,201900054311,8,21,09:30,1,1,1,1.0,5.0,54109,D913,M,"48,5466930","6,1870130",54,2019,50.0,1.0,1.0,3.0,2264859,2.0,2,3,1,3.0,,0.0,0,1985.0,C01,138Â 203Â 928,8.0,-1.0,-1.0,1728797,1.0,7,,0.0,0.0,5.0,D01,138Â 203Â 927,1.0
1012780,201900054311,8,21,09:30,1,1,1,1.0,5.0,54109,D913,M,"48,5466930","6,1870130",54,2019,50.0,1.0,1.0,3.0,2264859,2.0,2,3,1,3.0,,0.0,0,1985.0,C01,138Â 203Â 928,8.0,-1.0,-1.0,1728798,2.0,7,,0.0,2.0,1.0,C01,138Â 203Â 928,1.0
1012780,201900054311,8,21,09:30,1,1,1,1.0,5.0,54109,D913,M,"48,5466930","6,1870130",54,2019,50.0,1.0,1.0,3.0,2264859,2.0,2,3,1,3.0,,0.0,0,1985.0,C01,138Â 203Â 928,8.0,-1.0,-1.0,1728799,1.0,7,,0.0,2.0,4.0,B01,138Â 203Â 929,1.0
1012780,201900054311,8,21,09:30,1,1,1,1.0,5.0,54109,D913,M,"48,5466930","6,1870130",54,2019,50.0,1.0,1.0,3.0,2264859,2.0,2,3,1,3.0,,0.0,0,1985.0,C01,138Â 203Â 928,8.0,-1.0,-1.0,1728800,1.0,7,,0.0,2.0,1.0,A01,138Â 203Â 930,1.0
1012780,201900054311,8,21,09:30,1,1,1,1.0,5.0,54109,D913,M,"48,5466930","6,1870130",54,2019,50.0,1.0,1.0,3.0,2264860,1.0,1,3,1,0.0,,0.0,0,1946.0,B01,138Â 203Â 929,8.0,-1.0,-1.0,1728797,1.0,7,,0.0,0.0,5.0,D01,138Â 203Â 927,1.0
1012780,201900054311,8,21,09:30,1,1,1,1.0,5.0,54109,D913,M,"48,5466930","6,1870130",54,2019,50.0,1.0,1.0,3.0,2264860,1.0,1,3,1,0.0,,0.0,0,1946.0,B01,138Â 203Â 929,8.0,-1.0,-1.0,1728798,2.0,7,,0.0,2.0,1.0,C01,138Â 203Â 928,1.0
1012780,201900054311,8,21,09:30,1,1,1,1.0,5.0,54109,D913,M,"48,5466930","6,1870130",54,2019,50.0,1.0,1.0,3.0,2264860,1.0,1,3,1,0.0,,0.0,0,1946.0,B01,138Â 203Â 929,8.0,-1.0,-1.0,1728799,1.0,7,,0.0,2.0,4.0,B01,138Â 203Â 929,1.0
1012780,201900054311,8,21,09:30,1,1,1,1.0,5.0,54109,D913,M,"48,5466930","6,1870130",54,2019,50.0,1.0,1.0,3.0,2264860,1.0,1,3,1,0.0,,0.0,0,1946.0,B01,138Â 203Â 929,8.0,-1.0,-1.0,1728800,1.0,7,,0.0,2.0,1.0,A01,138Â 203Â 930,1.0
1012780,201900054311,8,21,09:30,1,1,1,1.0,5.0,54109,D913,M,"48,5466930","6,1870130",54,2019,50.0,1.0,1.0,3.0,2264861,1.0,1,1,1,0.0,,0.0,0,1994.0,A01,138Â 203Â 930,8.0,-1.0,-1.0,1728797,1.0,7,,0.0,0.0,5.0,D01,138Â 203Â 927,1.0
1012780,201900054311,8,21,09:30,1,1,1,1.0,5.0,54109,D913,M,"48,5466930","6,1870130",54,2019,50.0,1.0,1.0,3.0,2264861,1.0,1,1,1,0.0,,0.0,0,1994.0,A01,138Â 203Â 930,8.0,-1.0,-1.0,1728798,2.0,7,,0.0,2.0,1.0,C01,138Â 203Â 928,1.0
1012780,201900054311,8,21,09:30,1,1,1,1.0,5.0,54109,D913,M,"48,5466930","6,1870130",54,2019,50.0,1.0,1.0,3.0,2264861,1.0,1,1,1,0.0,,0.0,0,1994.0,A01,138Â 203Â 930,8.0,-1.0,-1.0,1728799,1.0,7,,0.0,2.0,4.0,B01,138Â 203Â 929,1.0
1012780,201900054311,8,21,09:30,1,1,1,1.0,5.0,54109,D913,M,"48,5466930","6,1870130",54,2019,50.0,1.0,1.0,3.0,2264861,1.0,1,1,1,0.0,,0.0,0,1994.0,A01,138Â 203Â 930,8.0,-1.0,-1.0,1728800,1.0,7,,0.0,2.0,1.0,A01,138Â 203Â 930,1.0
1012781,201900054312,8,19,12:30,1,1,3,1.0,3.0,09109,RD 14,M,"43,2038900","1,4640160",9,2019,80.0,1.0,1.0,3.0,2264862,1.0,1,3,1,5.0,,0.0,0,1981.0,B01,138Â 203Â 925,8.0,-1.0,-1.0,1728801,1.0,1,,0.0,2.0,8.0,B01,138Â 203Â 925,5.0
1012781,201900054312,8,19,12:30,1,1,3,1.0,3.0,09109,RD 14,M,"43,2038900","1,4640160",9,2019,80.0,1.0,1.0,3.0,2264862,1.0,1,3,1,5.0,,0.0,0,1981.0,B01,138Â 203Â 925,8.0,-1.0,-1.0,1728802,2.0,10,,0.0,2.0,1.0,A01,138Â 203Â 926,1.0
1012781,201900054312,8,19,12:30,1,1,3,1.0,3.0,09109,RD 14,M,"43,2038900","1,4640160",9,2019,80.0,1.0,1.0,3.0,2264863,1.0,1,1,1,4.0,,0.0,0,1960.0,A01,138Â 203Â 926,8.0,-1.0,-1.0,1728801,1.0,1,,0.0,2.0,8.0,B01,138Â 203Â 925,5.0
1012781,201900054312,8,19,12:30,1,1,3,1.0,3.0,09109,RD 14,M,"43,2038900","1,4640160",9,2019,80.0,1.0,1.0,3.0,2264863,1.0,1,1,1,4.0,,0.0,0,1960.0,A01,138Â 203Â 926,8.0,-1.0,-1.0,1728802,2.0,10,,0.0,2.0,1.0,A01,138Â 203Â 926,1.0
1012782,201900054313,8,21,08:25,1,1,1,7.0,1.0,31389,intersection chemin mireille / D66,M,"43,6329020","1,5201510",31,2019,80.0,1.0,1.0,3.0,2264864,1.0,1,1,1,4.0,,0.0,0,1995.0,B01,138Â 203Â 923,1.0,-1.0,-1.0,1728803,1.0,10,,0.0,2.0,1.0,B01,138Â 203Â 923,1.0
1012782,201900054313,8,21,08:25,1,1,1,7.0,1.0,31389,intersection chemin mireille / D66,M,"43,6329020","1,5201510",31,2019,80.0,1.0,1.0,3.0,2264864,1.0,1,1,1,4.0,,0.0,0,1995.0,B01,138Â 203Â 923,1.0,-1.0,-1.0,1728804,2.0,33,,0.0,2.0,8.0,A01,138Â 203Â 924,1.0
1012782,201900054313,8,21,08:25,1,1,1,7.0,1.0,31389,intersection chemin mireille / D66,M,"43,6329020","1,5201510",31,2019,80.0,1.0,1.0,3.0,2264865,1.0,1,3,2,1.0,,0.0,0,1958.0,A01,138Â 203Â 924,2.0,6.0,-1.0,1728803,1.0,10,,0.0,2.0,1.0,B01,138Â 203Â 923,1.0
1012782,201900054313,8,21,08:25,1,1,1,7.0,1.0,31389,intersection chemin mireille / D66,M,"43,6329020","1,5201510",31,2019,80.0,1.0,1.0,3.0,2264865,1.0,1,3,2,1.0,,0.0,0,1958.0,A01,138Â 203Â 924,2.0,6.0,-1.0,1728804,2.0,33,,0.0,2.0,8.0,A01,138Â 203Â 924,1.0
1012783,201900054314,8,16,06:35,2,2,1,1.0,6.0,13078,Rue Ãmile Serris,M,"43,3904780","4,8024890",13,2019,50.0,1.0,1.0,4.0,2264866,10.0,3,3,1,0.0,,1.0,B,1981.0,A01,138Â 203Â 922,0.0,-1.0,-1.0,1728805,0.0,0,,0.0,1.0,1.0,A01,138Â 203Â 922,0.0
1012784,201900054315,8,21,17:00,1,2,4,1.0,6.0,28103,"Place de l'Ãglise (Romilly-sur-Aigre, Autheuil)",M,"48,0070520","1,2903480",28,2019,50.0,1.0,1.0,3.0,2264867,1.0,1,3,1,9.0,,0.0,0,1952.0,A01,138Â 203Â 921,2.0,6.0,-1.0,1728806,2.0,33,,6.0,1.0,1.0,A01,138Â 203Â 921,1.0