Unnamed: 0_x,num_acc,mois,jour,hrmn,lum,agg,int,atm,col,com,adr,gps,lat,long,dep,annee,vma,situ,surf,catr,Unnamed: 0_y,place,catu,grav,sexe,trajet,secu,locp,actp,an_nais,num_veh_x,id_vehicule_x,secu1,secu2,secu3,Unnamed: 0,senc,catv,occutc,obs,obsm,choc,num_veh_y,id_vehicule_y,motor
1012784,201900054315,8,21,17:00,1,2,4,1.0,6.0,28103,"Place de l'Ãglise (Romilly-sur-Aigre, Autheuil)",M,"48,0070520","1,2903480",28,2019,50.0,1.0,1.0,3.0,2264868,2.0,2,1,2,9.0,,0.0,0,1958.0,A01,138Â 203Â 921,2.0,6.0,-1.0,1728806,2.0,33,,6.0,1.0,1.0,A01,138Â 203Â 921,1.0
1012785,201900054316,8,18,03:30,3,1,1,1.0,5.0,01157,Le Poulet,M,"46,0223250","4,7529520",1,2019,70.0,1.0,1.0,3.0,2264869,1.0,1,3,2,9.0,,0.0,0,1975.0,A01,138Â 203Â 918,0.0,-1.0,-1.0,1728807,2.0,7,,0.0,2.0,8.0,A01,138Â 203Â 918,1.0
1012785,201900054316,8,18,03:30,3,1,1,1.0,5.0,01157,Le Poulet,M,"46,0223250","4,7529520",1,2019,70.0,1.0,1.0,3.0,2264869,1.0,1,3,2,9.0,,0.0,0,1975.0,A01,138Â 203Â 918,0.0,-1.0,-1.0,1728808,1.0,7,,0.0,2.0,1.0,B01,138Â 203Â 919,1.0
1012785,201900054316,8,18,03:30,3,1,1,1.0,5.0,01157,Le Poulet,M,"46,0223250","4,7529520",1,2019,70.0,1.0,1.0,3.0,2264869,1.0,1,3,2,9.0,,0.0,0,1975.0,A01,138Â 203Â 918,0.0,-1.0,-1.0,1728809,2.0,7,,0.0,2.0,1.0,C01,138Â 203Â 920,1.0
1012785,201900054316,8,18,03:30,3,1,1,1.0,5.0,01157,Le Poulet,M,"46,0223250","4,7529520",1,2019,70.0,1.0,1.0,3.0,2264870,1.0,1,4,1,9.0,,0.0,0,1997.0,B01,138Â 203Â 919,1.0,-1.0,-1.0,1728807,2.0,7,,0.0,2.0,8.0,A01,138Â 203Â 918,1.0
1012785,201900054316,8,18,03:30,3,1,1,1.0,5.0,01157,Le Poulet,M,"46,0223250","4,7529520",1,2019,70.0,1.0,1.0,3.0,2264870,1.0,1,4,1,9.0,,0.0,0,1997.0,B01,138Â 203Â 919,1.0,-1.0,-1.0,1728808,1.0,7,,0.0,2.0,1.0,B01,138Â 203Â 919,1.0
1012785,201900054316,8,18,03:30,3,1,1,1.0,5.0,01157,Le Poulet,M,"46,0223250","4,7529520",1,2019,70.0,1.0,1.0,3.0,2264870,1.0,1,4,1,9.0,,0.0,0,1997.0,B01,138Â 203Â 919,1.0,-1.0,-1.0,1728809,2.0,7,,0.0,2.0,1.0,C01,138Â 203Â 920,1.0
1012785,201900054316,8,18,03:30,3,1,1,1.0,5.0,01157,Le Poulet,M,"46,0223250","4,7529520",1,2019,70.0,1.0,1.0,3.0,2264871,1.0,1,1,1,9.0,,0.0,0,1989.0,C01,138Â 203Â 920,1.0,-1.0,-1.0,1728807,2.0,7,,0.0,2.0,8.0,A01,138Â 203Â 918,1.0
1012785,201900054316,8,18,03:30,3,1,1,1.0,5.0,01157,Le Poulet,M,"46,0223250","4,7529520",1,2019,70.0,1.0,1.0,3.0,2264871,1.0,1,1,1,9.0,,0.0,0,1989.0,C01,138Â 203Â 920,1.0,-1.0,-1.0,1728808,1.0,7,,0.0,2.0,1.0,B01,138Â 203Â 919,1.0
1012785,201900054316,8,18,03:30,3,1,1,1.0,5.0,01157,Le Poulet,M,"46,0223250","4,7529520",1,2019,70.0,1.0,1.0,3.0,2264871,1.0,1,1,1,9.0,,0.0,0,1989.0,C01,138Â 203Â 920,1.0,-1.0,-1.0,1728809,2.0,7,,0.0,2.0,1.0,C01,138Â 203Â 920,1.0
1012786,201900054317,8,20,14:30,1,2,3,1.0,3.0,57163,8 Rue Belle Vue,M,"48,6492190","7,2755470",57,2019,50.0,1.0,1.0,3.0,2264872,1.0,1,2,1,5.0,,0.0,0,1939.0,A01,138Â 203Â 916,2.0,6.0,-1.0,1728810,1.0,31,,0.0,2.0,1.0,A01,138Â 203Â 916,0.0
1012786,201900054317,8,20,14:30,1,2,3,1.0,3.0,57163,8 Rue Belle Vue,M,"48,6492190","7,2755470",57,2019,50.0,1.0,1.0,3.0,2264872,1.0,1,2,1,5.0,,0.0,0,1939.0,A01,138Â 203Â 916,2.0,6.0,-1.0,1728811,3.0,7,,0.0,2.0,1.0,B01,138Â 203Â 917,0.0
1012786,201900054317,8,20,14:30,1,2,3,1.0,3.0,57163,8 Rue Belle Vue,M,"48,6492190","7,2755470",57,2019,50.0,1.0,1.0,3.0,2264873,1.0,1,1,2,0.0,,0.0,0,1941.0,B01,138Â 203Â 917,1.0,-1.0,-1.0,1728810,1.0,31,,0.0,2.0,1.0,A01,138Â 203Â 916,0.0
1012786,201900054317,8,20,14:30,1,2,3,1.0,3.0,57163,8 Rue Belle Vue,M,"48,6492190","7,2755470",57,2019,50.0,1.0,1.0,3.0,2264873,1.0,1,1,2,0.0,,0.0,0,1941.0,B01,138Â 203Â 917,1.0,-1.0,-1.0,1728811,3.0,7,,0.0,2.0,1.0,B01,138Â 203Â 917,0.0
1012787,201900054318,8,16,11:50,1,1,1,1.0,6.0,57174,D999,M,"48,9401280","6,5911480",57,2019,80.0,8.0,1.0,3.0,2264874,1.0,1,3,1,5.0,,0.0,0,1966.0,A01,138Â 203Â 915,1.0,-1.0,-1.0,1728812,2.0,7,,2.0,0.0,1.0,A01,138Â 203Â 915,1.0
1012788,201900054319,8,19,14:35,1,1,2,1.0,3.0,91534,Intersection CD 36 - rue de la martiiÃ¨re,M,"48,7287800","2,1754590",91,2019,50.0,1.0,1.0,3.0,2264875,1.0,1,1,1,4.0,,0.0,0,1960.0,A01,138Â 203Â 913,1.0,-1.0,-1.0,1728813,2.0,20,,0.0,2.0,2.0,A01,138Â 203Â 913,1.0
1012788,201900054319,8,19,14:35,1,1,2,1.0,3.0,91534,Intersection CD 36 - rue de la martiiÃ¨re,M,"48,7287800","2,1754590",91,2019,50.0,1.0,1.0,3.0,2264875,1.0,1,1,1,4.0,,0.0,0,1960.0,A01,138Â 203Â 913,1.0,-1.0,-1.0,1728814,2.0,7,,8.0,2.0,3.0,B01,138Â 203Â 914,1.0
1012788,201900054319,8,19,14:35,1,1,2,1.0,3.0,91534,Intersection CD 36 - rue de la martiiÃ¨re,M,"48,7287800","2,1754590",91,2019,50.0,1.0,1.0,3.0,2264876,2.0,2,1,1,4.0,,0.0,0,1982.0,A01,138Â 203Â 913,1.0,-1.0,-1.0,1728813,2.0,20,,0.0,2.0,2.0,A01,138Â 203Â 913,1.0
1012788,201900054319,8,19,14:35,1,1,2,1.0,3.0,91534,Intersection CD 36 - rue de la martiiÃ¨re,M,"48,7287800","2,1754590",91,2019,50.0,1.0,1.0,3.0,2264876,2.0,2,1,1,4.0,,0.0,0,1982.0,A01,138Â 203Â 913,1.0,-1.0,-1.0,1728814,2.0,7,,8.0,2.0,3.0,B01,138Â 203Â 914,1.0
1012788,201900054319,8,19,14:35,1,1,2,1.0,3.0,91534,Intersection CD 36 - rue de la martiiÃ¨re,M,"48,7287800","2,1754590",91,2019,50.0,1.0,1.0,3.0,2264877,1.0,1,4,2,3.0,,0.0,0,1984.0,B01,138Â 203Â 914,1.0,-1.0,-1.0,1728813,2.0,20,,0.0,2.0,2.0,A01,138Â 203Â 913,1.0
1012788,201900054319,8,19,14:35,1,1,2,1.0,3.0,91534,Intersection CD 36 - rue de la martiiÃ¨re,M,"48,7287800","2,1754590",91,2019,50.0,1.0,1.0,3.0,2264877,1.0,1,4,2,3.0,,0.0,0,1984.0,B01,138Â 203Â 914,1.0,-1.0,-1.0,1728814,2.0,7,,8.0,2.0,3.0,B01,138Â 203Â 914,1.0
1012788,201900054319,8,19,14:35,1,1,2,1.0,3.0,91534,Intersection CD 36 - rue de la martiiÃ¨re,M,"48,7287800","2,1754590",91,2019,50.0,1.0,1.0,3.0,2264878,2.0,2,4,2,0.0,,0.0,0,2009.0,B01,138Â 203Â 914,1.0,-1.0,-1.0,1728813,2.0,20,,0.0,2.0,2.0,A01,138Â 203Â 913,1.0
1012788,201900054319,8,19,14:35,1,1,2,1.0,3.0,91534,Intersection CD 36 - rue de la martiiÃ¨re,M,"48,7287800","2,1754590",91,2019,50.0,1.0,1.0,3.0,2264878,2.0,2,4,2,0.0,,0.0,0,2009.0,B01,138Â 203Â 914,1.0,-1.0,-1.0,1728814,2.0,7,,8.0,2.0,3.0,B01,138Â 203Â 914,1.0
1012788,201900054319,8,19,14:35,1,1,2,1.0,3.0,91534,Intersection CD 36 - rue de la martiiÃ¨re,M,"48,7287800","2,1754590",91,2019,50.0,1.0,1.0,3.0,2264879,9.0,2,1,2,3.0,,0.0,0,2012.0,B01,138Â 203Â 914,1.0,9.0,-1.0,1728813,2.0,20,,0.0,2.0,2.0,A01,138Â 203Â 913,1.0
1012788,201900054319,8,19,14:35,1,1,2,1.0,3.0,91534,Intersection CD 36 - rue de la martiiÃ¨re,M,"48,7287800","2,1754590",91,2019,50.0,1.0,1.0,3.0,2264879,9.0,2,1,2,3.0,,0.0,0,2012.0,B01,138Â 203Â 914,1.0,9.0,-1.0,1728814,2.0,7,,8.0,2.0,3.0,B01,138Â 203Â 914,1.0
1012789,201900054320,8,20,03:50,3,1,1,1.0,6.0,51516,RD 76,M,"48,6267170","3,8959110",51,2019,80.0,3.0,1.0,3.0,2264880,1.0,1,3,1,0.0,,0.0,0,1990.0,A01,138Â 203Â 912,1.0,-1.0,-1.0,1728815,2.0,7,,0.0,0.0,9.0,A01,138Â 203Â 912,1.0
1012790,201900054321,8,19,17:45,1,2,1,1.0,6.0,56186,Rue de Saint-Julien,M,"47,4884420"," -3,1189260",56,2019,50.0,5.0,1.0,4.0,2264881,1.0,1,4,2,5.0,,0.0,0,1988.0,A01,138Â 203Â 911,0.0,-1.0,-1.0,1728816,1.0,1,,0.0,1.0,2.0,A01,138Â 203Â 911,5.0
1012790,201900054321,8,19,17:45,1,2,1,1.0,6.0,56186,Rue de Saint-Julien,M,"47,4884420"," -3,1189260",56,2019,50.0,5.0,1.0,4.0,2264882,10.0,3,4,1,5.0,,6.0,2,1960.0,A01,138Â 203Â 911,0.0,-1.0,-1.0,1728816,1.0,1,,0.0,1.0,2.0,A01,138Â 203Â 911,5.0
1012791,201900054322,8,21,10:45,1,1,4,1.0,7.0,77236,D411 X D2411,M,"48,4123700","3,2689900",77,2019,80.0,3.0,1.0,3.0,2264883,1.0,1,4,1,3.0,,0.0,0,1992.0,A01,138Â 203Â 910,2.0,-1.0,-1.0,1728817,1.0,32,,16.0,0.0,2.0,A01,138Â 203Â 910,1.0
1012792,201900054323,8,18,02:00,3,1,9,1.0,5.0,2A228,Route DÃ©partementale 55,M,"41,8194540","8,7746430",2A,2019,80.0,1.0,1.0,3.0,2264884,1.0,1,4,2,5.0,,0.0,0,1998.0,C01,138Â 203Â 907,1.0,-1.0,-1.0,1728818,2.0,7,,0.0,2.0,3.0,C01,138Â 203Â 907,1.0
1012792,201900054323,8,18,02:00,3,1,9,1.0,5.0,2A228,Route DÃ©partementale 55,M,"41,8194540","8,7746430",2A,2019,80.0,1.0,1.0,3.0,2264884,1.0,1,4,2,5.0,,0.0,0,1998.0,C01,138Â 203Â 907,1.0,-1.0,-1.0,1728819,1.0,7,,0.0,2.0,3.0,B01,138Â 203Â 908,1.0
1012792,201900054323,8,18,02:00,3,1,9,1.0,5.0,2A228,Route DÃ©partementale 55,M,"41,8194540","8,7746430",2A,2019,80.0,1.0,1.0,3.0,2264884,1.0,1,4,2,5.0,,0.0,0,1998.0,C01,138Â 203Â 907,1.0,-1.0,-1.0,1728820,2.0,7,,0.0,2.0,3.0,A01,138Â 203Â 909,1.0
1012792,201900054323,8,18,02:00,3,1,9,1.0,5.0,2A228,Route DÃ©partementale 55,M,"41,8194540","8,7746430",2A,2019,80.0,1.0,1.0,3.0,2264885,1.0,1,3,2,5.0,,0.0,0,1951.0,B01,138Â 203Â 908,1.0,-1.0,-1.0,1728818,2.0,7,,0.0,2.0,3.0,C01,138Â 203Â 907,1.0
1012792,201900054323,8,18,02:00,3,1,9,1.0,5.0,2A228,Route DÃ©partementale 55,M,"41,8194540","8,7746430",2A,2019,80.0,1.0,1.0,3.0,2264885,1.0,1,3,2,5.0,,0.0,0,1951.0,B01,138Â 203Â 908,1.0,-1.0,-1.0,1728819,1.0,7,,0.0,2.0,3.0,B01,138Â 203Â 908,1.0
1012792,201900054323,8,18,02:00,3,1,9,1.0,5.0,2A228,Route DÃ©partementale 55,M,"41,8194540","8,7746430",2A,2019,80.0,1.0,1.0,3.0,2264885,1.0,1,3,2,5.0,,0.0,0,1951.0,B01,138Â 203Â 908,1.0,-1.0,-1.0,1728820,2.0,7,,0.0,2.0,3.0,A01,138Â 203Â 909,1.0
1012792,201900054323,8,18,02:00,3,1,9,1.0,5.0,2A228,Route DÃ©partementale 55,M,"41,8194540","8,7746430",2A,2019,80.0,1.0,1.0,3.0,2264886,1.0,1,4,1,5.0,,0.0,0,1965.0,A01,138Â 203Â 909,1.0,-1.0,-1.0,1728818,2.0,7,,0.0,2.0,3.0,C01,138Â 203Â 907,1.0
1012792,201900054323,8,18,02:00,3,1,9,1.0,5.0,2A228,Route DÃ©partementale 55,M,"41,8194540","8,7746430",2A,2019,80.0,1.0,1.0,3.0,2264886,1.0,1,4,1,5.0,,0.0,0,1965.0,A01,138Â 203Â 909,1.0,-1.0,-1.0,1728819,1.0,7,,0.0,2.0,3.0,B01,138Â 203Â 908,1.0
1012792,201900054323,8,18,02:00,3,1,9,1.0,5.0,2A228,Route DÃ©partementale 55,M,"41,8194540","8,7746430",2A,2019,80.0,1.0,1.0,3.0,2264886,1.0,1,4,1,5.0,,0.0,0,1965.0,A01,138Â 203Â 909,1.0,-1.0,-1.0,1728820,2.0,7,,0.0,2.0,3.0,A01,138Â 203Â 909,1.0
1012793,201900054324,8,20,19:00,1,1,1,1.0,3.0,2B343,RT 10,M,"42,4937370","9,4719120",2B,2019,70.0,1.0,1.0,2.0,2264887,1.0,1,3,2,5.0,,0.0,0,1952.0,B01,138Â 203Â 905,8.0,-1.0,-1.0,1728821,2.0,7,,0.0,0.0,8.0,B01,138Â 203Â 905,1.0
1012793,201900054324,8,20,19:00,1,1,1,1.0,3.0,2B343,RT 10,M,"42,4937370","9,4719120",2B,2019,70.0,1.0,1.0,2.0,2264887,1.0,1,3,2,5.0,,0.0,0,1952.0,B01,138Â 203Â 905,8.0,-1.0,-1.0,1728822,1.0,31,,0.0,2.0,1.0,A01,138Â 203Â 906,1.0
1012793,201900054324,8,20,19:00,1,1,1,1.0,3.0,2B343,RT 10,M,"42,4937370","9,4719120",2B,2019,70.0,1.0,1.0,2.0,2264888,1.0,1,3,1,5.0,,0.0,0,1998.0,A01,138Â 203Â 906,2.0,6.0,-1.0,1728821,2.0,7,,0.0,0.0,8.0,B01,138Â 203Â 905,1.0
1012793,201900054324,8,20,19:00,1,1,1,1.0,3.0,2B343,RT 10,M,"42,4937370","9,4719120",2B,2019,70.0,1.0,1.0,2.0,2264888,1.0,1,3,1,5.0,,0.0,0,1998.0,A01,138Â 203Â 906,2.0,6.0,-1.0,1728822,1.0,31,,0.0,2.0,1.0,A01,138Â 203Â 906,1.0
1012794,201900054325,8,20,17:50,1,1,1,1.0,5.0,2B077,corso,M,"42,4638900","9,4961380",2B,2019,70.0,1.0,1.0,2.0,2264889,1.0,1,1,2,5.0,,0.0,0,1988.0,C01,138Â 203Â 902,8.0,-1.0,-1.0,1728823,2.0,7,,0.0,2.0,1.0,C01,138Â 203Â 902,1.0
1012794,201900054325,8,20,17:50,1,1,1,1.0,5.0,2B077,corso,M,"42,4638900","9,4961380",2B,2019,70.0,1.0,1.0,2.0,2264889,1.0,1,1,2,5.0,,0.0,0,1988.0,C01,138Â 203Â 902,8.0,-1.0,-1.0,1728824,2.0,7,,0.0,2.0,1.0,B01,138Â 203Â 903,1.0
1012794,201900054325,8,20,17:50,1,1,1,1.0,5.0,2B077,corso,M,"42,4638900","9,4961380",2B,2019,70.0,1.0,1.0,2.0,2264889,1.0,1,1,2,5.0,,0.0,0,1988.0,C01,138Â 203Â 902,8.0,-1.0,-1.0,1728825,1.0,7,,0.0,2.0,1.0,A01,138Â 203Â 904,1.0
1012794,201900054325,8,20,17:50,1,1,1,1.0,5.0,2B077,corso,M,"42,4638900","9,4961380",2B,2019,70.0,1.0,1.0,2.0,2264890,2.0,2,3,2,5.0,,0.0,0,2002.0,B01,138Â 203Â 903,8.0,-1.0,-1.0,1728823,2.0,7,,0.0,2.0,1.0,C01,138Â 203Â 902,1.0
1012794,201900054325,8,20,17:50,1,1,1,1.0,5.0,2B077,corso,M,"42,4638900","9,4961380",2B,2019,70.0,1.0,1.0,2.0,2264890,2.0,2,3,2,5.0,,0.0,0,2002.0,B01,138Â 203Â 903,8.0,-1.0,-1.0,1728824,2.0,7,,0.0,2.0,1.0,B01,138Â 203Â 903,1.0
1012794,201900054325,8,20,17:50,1,1,1,1.0,5.0,2B077,corso,M,"42,4638900","9,4961380",2B,2019,70.0,1.0,1.0,2.0,2264890,2.0,2,3,2,5.0,,0.0,0,2002.0,B01,138Â 203Â 903,8.0,-1.0,-1.0,1728825,1.0,7,,0.0,2.0,1.0,A01,138Â 203Â 904,1.0
1012794,201900054325,8,20,17:50,1,1,1,1.0,5.0,2B077,corso,M,"42,4638900","9,4961380",2B,2019,70.0,1.0,1.0,2.0,2264891,1.0,1,2,2,5.0,,0.0,0,1968.0,B01,138Â 203Â 903,8.0,-1.0,-1.0,1728823,2.0,7,,0.0,2.0,1.0,C01,138Â 203Â 902,1.0
1012794,201900054325,8,20,17:50,1,1,1,1.0,5.0,2B077,corso,M,"42,4638900","9,4961380",2B,2019,70.0,1.0,1.0,2.0,2264891,1.0,1,2,2,5.0,,0.0,0,1968.0,B01,138Â 203Â 903,8.0,-1.0,-1.0,1728824,2.0,7,,0.0,2.0,1.0,B01,138Â 203Â 903,1.0
1012794,201900054325,8,20,17:50,1,1,1,1.0,5.0,2B077,corso,M,"42,4638900","9,4961380",2B,2019,70.0,1.0,1.0,2.0,2264891,1.0,1,2,2,5.0,,0.0,0,1968.0,B01,138Â 203Â 903,8.0,-1.0,-1.0,1728825,1.0,7,,0.0,2.0,1.0,A01,138Â 203Â 904,1.0
1012794,201900054325,8,20,17:50,1,1,1,1.0,5.0,2B077,corso,M,"42,4638900","9,4961380",2B,2019,70.0,1.0,1.0,2.0,2264892,7.0,2,2,2,5.0,,0.0,0,2001.0,B01,138Â 203Â 903,8.0,-1.0,-1.0,1728823,2.0,7,,0.0,2.0,1.0,C01,138Â 203Â 902,1.0
1012794,201900054325,8,20,17:50,1,1,1,1.0,5.0,2B077,corso,M,"42,4638900","9,4961380",2B,2019,70.0,1.0,1.0,2.0,2264892,7.0,2,2,2,5.0,,0.0,0,2001.0,B01,138Â 203Â 903,8.0,-1.0,-1.0,1728824,2.0,7,,0.0,2.0,1.0,B01,138Â 203Â 903,1.0
1012794,201900054325,8,20,17:50,1,1,1,1.0,5.0,2B077,corso,M,"42,4638900","9,4961380",2B,2019,70.0,1.0,1.0,2.0,2264892,7.0,2,2,2,5.0,,0.0,0,2001.0,B01,138Â 203Â 903,8.0,-1.0,-1.0,1728825,1.0,7,,0.0,2.0,1.0,A01,138Â 203Â 904,1.0
1012794,201900054325,8,20,17:50,1,1,1,1.0,5.0,2B077,corso,M,"42,4638900","9,4961380",2B,2019,70.0,1.0,1.0,2.0,2264893,9.0,2,3,2,5.0,,0.0,0,2002.0,B01,138Â 203Â 903,8.0,-1.0,-1.0,1728823,2.0,7,,0.0,2.0,1.0,C01,138Â 203Â 902,1.0
1012794,201900054325,8,20,17:50,1,1,1,1.0,5.0,2B077,corso,M,"42,4638900","9,4961380",2B,2019,70.0,1.0,1.0,2.0,2264893,9.0,2,3,2,5.0,,0.0,0,2002.0,B01,138Â 203Â 903,8.0,-1.0,-1.0,1728824,2.0,7,,0.0,2.0,1.0,B01,138Â 203Â 903,1.0
1012794,201900054325,8,20,17:50,1,1,1,1.0,5.0,2B077,corso,M,"42,4638900","9,4961380",2B,2019,70.0,1.0,1.0,2.0,2264893,9.0,2,3,2,5.0,,0.0,0,2002.0,B01,138Â 203Â 903,8.0,-1.0,-1.0,1728825,1.0,7,,0.0,2.0,1.0,A01,138Â 203Â 904,1.0
1012794,201900054325,8,20,17:50,1,1,1,1.0,5.0,2B077,corso,M,"42,4638900","9,4961380",2B,2019,70.0,1.0,1.0,2.0,2264894,1.0,1,1,2,1.0,,0.0,0,1979.0,A01,138Â 203Â 904,8.0,-1.0,-1.0,1728823,2.0,7,,0.0,2.0,1.0,C01,138Â 203Â 902,1.0
1012794,201900054325,8,20,17:50,1,1,1,1.0,5.0,2B077,corso,M,"42,4638900","9,4961380",2B,2019,70.0,1.0,1.0,2.0,2264894,1.0,1,1,2,1.0,,0.0,0,1979.0,A01,138Â 203Â 904,8.0,-1.0,-1.0,1728824,2.0,7,,0.0,2.0,1.0,B01,138Â 203Â 903,1.0
1012794,201900054325,8,20,17:50,1,1,1,1.0,5.0,2B077,corso,M,"42,4638900","9,4961380",2B,2019,70.0,1.0,1.0,2.0,2264894,1.0,1,1,2,1.0,,0.0,0,1979.0,A01,138Â 203Â 904,8.0,-1.0,-1.0,1728825,1.0,7,,0.0,2.0,1.0,A01,138Â 203Â 904,1.0
1012795,201900054326,8,21,17:20,1,1,1,1.0,1.0,80570,DÃ©partementale 935,M,"49,7936590","2,4713510",80,2019,80.0,1.0,1.0,3.0,2264895,1.0,1,1,2,5.0,,0.0,0,1945.0,B01,138Â 203Â 900,1.0,-1.0,-1.0,1728826,1.0,7,,0.0,2.0,3.0,B01,138Â 203Â 900,1.0
1012795,201900054326,8,21,17:20,1,1,1,1.0,1.0,80570,DÃ©partementale 935,M,"49,7936590","2,4713510",80,2019,80.0,1.0,1.0,3.0,2264895,1.0,1,1,2,5.0,,0.0,0,1945.0,B01,138Â 203Â 900,1.0,-1.0,-1.0,1728827,2.0,33,,0.0,2.0,3.0,A01,138Â 203Â 901,1.0
1012795,201900054326,8,21,17:20,1,1,1,1.0,1.0,80570,DÃ©partementale 935,M,"49,7936590","2,4713510",80,2019,80.0,1.0,1.0,3.0,2264896,1.0,1,3,2,5.0,,0.0,0,1992.0,A01,138Â 203Â 901,2.0,6.0,-1.0,1728826,1.0,7,,0.0,2.0,3.0,B01,138Â 203Â 900,1.0
1012795,201900054326,8,21,17:20,1,1,1,1.0,1.0,80570,DÃ©partementale 935,M,"49,7936590","2,4713510",80,2019,80.0,1.0,1.0,3.0,2264896,1.0,1,3,2,5.0,,0.0,0,1992.0,A01,138Â 203Â 901,2.0,6.0,-1.0,1728827,2.0,33,,0.0,2.0,3.0,A01,138Â 203Â 901,1.0
1012796,201900054327,8,21,14:20,1,2,1,1.0,2.0,80235,4 Rue de la RÃ©publique,M,"50,0409250","1,5244230",80,2019,50.0,1.0,1.0,4.0,2264897,1.0,1,1,1,0.0,,0.0,0,1962.0,B01,138Â 203Â 898,1.0,-1.0,-1.0,1728828,3.0,7,,0.0,0.0,0.0,B01,138Â 203Â 898,1.0
1012796,201900054327,8,21,14:20,1,2,1,1.0,2.0,80235,4 Rue de la RÃ©publique,M,"50,0409250","1,5244230",80,2019,50.0,1.0,1.0,4.0,2264897,1.0,1,1,1,0.0,,0.0,0,1962.0,B01,138Â 203Â 898,1.0,-1.0,-1.0,1728829,3.0,2,,1.0,0.0,0.0,A01,138Â 203Â 899,1.0
1012796,201900054327,8,21,14:20,1,2,1,1.0,2.0,80235,4 Rue de la RÃ©publique,M,"50,0409250","1,5244230",80,2019,50.0,1.0,1.0,4.0,2264898,1.0,1,4,1,0.0,,0.0,0,1999.0,A01,138Â 203Â 899,2.0,6.0,-1.0,1728828,3.0,7,,0.0,0.0,0.0,B01,138Â 203Â 898,1.0
1012796,201900054327,8,21,14:20,1,2,1,1.0,2.0,80235,4 Rue de la RÃ©publique,M,"50,0409250","1,5244230",80,2019,50.0,1.0,1.0,4.0,2264898,1.0,1,4,1,0.0,,0.0,0,1999.0,A01,138Â 203Â 899,2.0,6.0,-1.0,1728829,3.0,2,,1.0,0.0,0.0,A01,138Â 203Â 899,1.0
1012797,201900054328,8,20,18:50,1,1,3,1.0,3.0,61440,Les Fosses,M,"48,7356640","0,6454780",61,2019,80.0,1.0,1.0,3.0,2264899,1.0,1,1,1,5.0,,0.0,0,1977.0,B01,138Â 203Â 896,1.0,5.0,-1.0,1728830,1.0,7,,0.0,2.0,1.0,B01,138Â 203Â 896,1.0
1012797,201900054328,8,20,18:50,1,1,3,1.0,3.0,61440,Les Fosses,M,"48,7356640","0,6454780",61,2019,80.0,1.0,1.0,3.0,2264899,1.0,1,1,1,5.0,,0.0,0,1977.0,B01,138Â 203Â 896,1.0,5.0,-1.0,1728831,2.0,7,,0.0,2.0,2.0,A01,138Â 203Â 897,1.0
1012797,201900054328,8,20,18:50,1,1,3,1.0,3.0,61440,Les Fosses,M,"48,7356640","0,6454780",61,2019,80.0,1.0,1.0,3.0,2264900,7.0,2,1,1,5.0,,0.0,0,2001.0,B01,138Â 203Â 896,1.0,-1.0,-1.0,1728830,1.0,7,,0.0,2.0,1.0,B01,138Â 203Â 896,1.0
1012797,201900054328,8,20,18:50,1,1,3,1.0,3.0,61440,Les Fosses,M,"48,7356640","0,6454780",61,2019,80.0,1.0,1.0,3.0,2264900,7.0,2,1,1,5.0,,0.0,0,2001.0,B01,138Â 203Â 896,1.0,-1.0,-1.0,1728831,2.0,7,,0.0,2.0,2.0,A01,138Â 203Â 897,1.0
1012797,201900054328,8,20,18:50,1,1,3,1.0,3.0,61440,Les Fosses,M,"48,7356640","0,6454780",61,2019,80.0,1.0,1.0,3.0,2264901,9.0,2,1,2,5.0,,0.0,0,2006.0,B01,138Â 203Â 896,1.0,-1.0,-1.0,1728830,1.0,7,,0.0,2.0,1.0,B01,138Â 203Â 896,1.0
1012797,201900054328,8,20,18:50,1,1,3,1.0,3.0,61440,Les Fosses,M,"48,7356640","0,6454780",61,2019,80.0,1.0,1.0,3.0,2264901,9.0,2,1,2,5.0,,0.0,0,2006.0,B01,138Â 203Â 896,1.0,-1.0,-1.0,1728831,2.0,7,,0.0,2.0,2.0,A01,138Â 203Â 897,1.0
1012797,201900054328,8,20,18:50,1,1,3,1.0,3.0,61440,Les Fosses,M,"48,7356640","0,6454780",61,2019,80.0,1.0,1.0,3.0,2264902,2.0,2,4,2,5.0,,0.0,0,1980.0,B01,138Â 203Â 896,1.0,5.0,-1.0,1728830,1.0,7,,0.0,2.0,1.0,B01,138Â 203Â 896,1.0
1012797,201900054328,8,20,18:50,1,1,3,1.0,3.0,61440,Les Fosses,M,"48,7356640","0,6454780",61,2019,80.0,1.0,1.0,3.0,2264902,2.0,2,4,2,5.0,,0.0,0,1980.0,B01,138Â 203Â 896,1.0,5.0,-1.0,1728831,2.0,7,,0.0,2.0,2.0,A01,138Â 203Â 897,1.0
1012797,201900054328,8,20,18:50,1,1,3,1.0,3.0,61440,Les Fosses,M,"48,7356640","0,6454780",61,2019,80.0,1.0,1.0,3.0,2264903,8.0,2,4,2,5.0,,0.0,0,2009.0,B01,138Â 203Â 896,1.0,-1.0,-1.0,1728830,1.0,7,,0.0,2.0,1.0,B01,138Â 203Â 896,1.0