Unnamed: 0_x,num_acc,mois,jour,hrmn,lum,agg,int,atm,col,com,adr,gps,lat,long,dep,annee,vma,situ,surf,catr,Unnamed: 0_y,place,catu,grav,sexe,trajet,secu,locp,actp,an_nais,num_veh_x,id_vehicule_x,secu1,secu2,secu3,Unnamed: 0,senc,catv,occutc,obs,obsm,choc,num_veh_y,id_vehicule_y,motor
1012797,201900054328,8,20,18:50,1,1,3,1.0,3.0,61440,Les Fosses,M,"48,7356640","0,6454780",61,2019,80.0,1.0,1.0,3.0,2264903,8.0,2,4,2,5.0,,0.0,0,2009.0,B01,138Â 203Â 896,1.0,-1.0,-1.0,1728831,2.0,7,,0.0,2.0,2.0,A01,138Â 203Â 897,1.0
1012797,201900054328,8,20,18:50,1,1,3,1.0,3.0,61440,Les Fosses,M,"48,7356640","0,6454780",61,2019,80.0,1.0,1.0,3.0,2264904,1.0,1,3,1,5.0,,0.0,0,1932.0,A01,138Â 203Â 897,1.0,5.0,-1.0,1728830,1.0,7,,0.0,2.0,1.0,B01,138Â 203Â 896,1.0
1012797,201900054328,8,20,18:50,1,1,3,1.0,3.0,61440,Les Fosses,M,"48,7356640","0,6454780",61,2019,80.0,1.0,1.0,3.0,2264904,1.0,1,3,1,5.0,,0.0,0,1932.0,A01,138Â 203Â 897,1.0,5.0,-1.0,1728831,2.0,7,,0.0,2.0,2.0,A01,138Â 203Â 897,1.0
1012798,201900054329,8,10,14:08,5,2,6,9.0,6.0,47049,Rond point de la route de casseneuil e de l'avenue de Belire,M,"44,4390670","0,6144390",47,2019,-1.0,3.0,2.0,3.0,2264905,2.0,2,1,2,5.0,,0.0,0,1960.0,A01,138Â 203Â 895,1.0,-1.0,-1.0,1728832,2.0,7,,9.0,0.0,1.0,A01,138Â 203Â 895,1.0
1012798,201900054329,8,10,14:08,5,2,6,9.0,6.0,47049,Rond point de la route de casseneuil e de l'avenue de Belire,M,"44,4390670","0,6144390",47,2019,-1.0,3.0,2.0,3.0,2264906,1.0,1,3,1,5.0,,0.0,0,1953.0,A01,138Â 203Â 895,1.0,-1.0,-1.0,1728832,2.0,7,,9.0,0.0,1.0,A01,138Â 203Â 895,1.0
1012799,201900054330,8,20,14:55,1,2,2,1.0,3.0,41043,Rue du Cher,M,"47,2762320","1,4932530",41,2019,50.0,1.0,1.0,4.0,2264907,1.0,1,4,1,5.0,,0.0,0,2005.0,A01,138Â 203Â 893,0.0,-1.0,-1.0,1728833,3.0,1,,0.0,2.0,3.0,A01,138Â 203Â 893,5.0
1012799,201900054330,8,20,14:55,1,2,2,1.0,3.0,41043,Rue du Cher,M,"47,2762320","1,4932530",41,2019,50.0,1.0,1.0,4.0,2264907,1.0,1,4,1,5.0,,0.0,0,2005.0,A01,138Â 203Â 893,0.0,-1.0,-1.0,1728834,3.0,7,,0.0,2.0,3.0,B01,138Â 203Â 894,1.0
1012799,201900054330,8,20,14:55,1,2,2,1.0,3.0,41043,Rue du Cher,M,"47,2762320","1,4932530",41,2019,50.0,1.0,1.0,4.0,2264908,1.0,1,1,1,5.0,,0.0,0,1961.0,B01,138Â 203Â 894,1.0,-1.0,-1.0,1728833,3.0,1,,0.0,2.0,3.0,A01,138Â 203Â 893,5.0
1012799,201900054330,8,20,14:55,1,2,2,1.0,3.0,41043,Rue du Cher,M,"47,2762320","1,4932530",41,2019,50.0,1.0,1.0,4.0,2264908,1.0,1,1,1,5.0,,0.0,0,1961.0,B01,138Â 203Â 894,1.0,-1.0,-1.0,1728834,3.0,7,,0.0,2.0,3.0,B01,138Â 203Â 894,1.0
1012800,201900054331,8,20,11:45,1,2,1,2.0,6.0,34284,avenue de la gare,M,"43,4874704","2,7676427",34,2019,-1.0,1.0,2.0,3.0,2264909,1.0,1,3,1,0.0,,0.0,0,1925.0,A01,138Â 203Â 892,1.0,-1.0,-1.0,1728835,1.0,7,,6.0,0.0,1.0,A01,138Â 203Â 892,0.0
1012801,201900054332,8,15,16:35,1,1,1,1.0,7.0,34070,Departementale 36,M,"43,4066000","2,9883190",34,2019,80.0,8.0,1.0,3.0,2264910,1.0,1,3,1,5.0,,0.0,0,1967.0,A01,138Â 203Â 891,2.0,-1.0,-1.0,1728836,2.0,33,,13.0,0.0,2.0,A01,138Â 203Â 891,1.0
1012802,201900054333,8,14,19:23,1,2,1,1.0,7.0,22218,Hent Sant Gonery,M,"48,8417190"," -3,2289480",22,2019,-1.0,1.0,1.0,3.0,2264911,1.0,1,3,2,5.0,,0.0,0,2005.0,A01,138Â 203Â 890,2.0,6.0,-1.0,1728837,2.0,2,,0.0,0.0,0.0,A01,138Â 203Â 890,1.0
1012803,201900054334,8,18,16:30,1,1,9,1.0,2.0,29187,CrÃ©ac'h,M,"48,5735781"," -4,1347511",29,2019,80.0,1.0,1.0,3.0,2264912,1.0,1,1,1,5.0,,0.0,0,1994.0,A01,138Â 203Â 888,1.0,-1.0,-1.0,1728838,1.0,7,,0.0,0.0,5.0,A01,138Â 203Â 888,1.0
1012803,201900054334,8,18,16:30,1,1,9,1.0,2.0,29187,CrÃ©ac'h,M,"48,5735781"," -4,1347511",29,2019,80.0,1.0,1.0,3.0,2264912,1.0,1,1,1,5.0,,0.0,0,1994.0,A01,138Â 203Â 888,1.0,-1.0,-1.0,1728839,1.0,2,,0.0,2.0,3.0,B01,138Â 203Â 889,1.0
1012803,201900054334,8,18,16:30,1,1,9,1.0,2.0,29187,CrÃ©ac'h,M,"48,5735781"," -4,1347511",29,2019,80.0,1.0,1.0,3.0,2264913,2.0,2,1,1,5.0,,0.0,0,1962.0,A01,138Â 203Â 888,1.0,-1.0,-1.0,1728838,1.0,7,,0.0,0.0,5.0,A01,138Â 203Â 888,1.0
1012803,201900054334,8,18,16:30,1,1,9,1.0,2.0,29187,CrÃ©ac'h,M,"48,5735781"," -4,1347511",29,2019,80.0,1.0,1.0,3.0,2264913,2.0,2,1,1,5.0,,0.0,0,1962.0,A01,138Â 203Â 888,1.0,-1.0,-1.0,1728839,1.0,2,,0.0,2.0,3.0,B01,138Â 203Â 889,1.0
1012803,201900054334,8,18,16:30,1,1,9,1.0,2.0,29187,CrÃ©ac'h,M,"48,5735781"," -4,1347511",29,2019,80.0,1.0,1.0,3.0,2264914,1.0,1,4,1,5.0,,0.0,0,2002.0,B01,138Â 203Â 889,2.0,-1.0,-1.0,1728838,1.0,7,,0.0,0.0,5.0,A01,138Â 203Â 888,1.0
1012803,201900054334,8,18,16:30,1,1,9,1.0,2.0,29187,CrÃ©ac'h,M,"48,5735781"," -4,1347511",29,2019,80.0,1.0,1.0,3.0,2264914,1.0,1,4,1,5.0,,0.0,0,2002.0,B01,138Â 203Â 889,2.0,-1.0,-1.0,1728839,1.0,2,,0.0,2.0,3.0,B01,138Â 203Â 889,1.0
1012803,201900054334,8,18,16:30,1,1,9,1.0,2.0,29187,CrÃ©ac'h,M,"48,5735781"," -4,1347511",29,2019,80.0,1.0,1.0,3.0,2264915,2.0,2,4,2,5.0,,0.0,0,2004.0,B01,138Â 203Â 889,2.0,-1.0,-1.0,1728838,1.0,7,,0.0,0.0,5.0,A01,138Â 203Â 888,1.0
1012803,201900054334,8,18,16:30,1,1,9,1.0,2.0,29187,CrÃ©ac'h,M,"48,5735781"," -4,1347511",29,2019,80.0,1.0,1.0,3.0,2264915,2.0,2,4,2,5.0,,0.0,0,2004.0,B01,138Â 203Â 889,2.0,-1.0,-1.0,1728839,1.0,2,,0.0,2.0,3.0,B01,138Â 203Â 889,1.0
1012804,201900054335,3,29,13:15,1,1,3,1.0,3.0,29076,Guevric (Milizac),M,"48,4662010"," -4,5896710",29,2019,80.0,1.0,1.0,4.0,2264916,1.0,1,1,2,5.0,,0.0,0,1991.0,A01,138Â 203Â 886,1.0,-1.0,-1.0,1728840,3.0,7,,0.0,0.0,8.0,A01,138Â 203Â 886,1.0
1012804,201900054335,3,29,13:15,1,1,3,1.0,3.0,29076,Guevric (Milizac),M,"48,4662010"," -4,5896710",29,2019,80.0,1.0,1.0,4.0,2264916,1.0,1,1,2,5.0,,0.0,0,1991.0,A01,138Â 203Â 886,1.0,-1.0,-1.0,1728841,3.0,31,,0.0,2.0,1.0,B01,138Â 203Â 887,1.0
1012804,201900054335,3,29,13:15,1,1,3,1.0,3.0,29076,Guevric (Milizac),M,"48,4662010"," -4,5896710",29,2019,80.0,1.0,1.0,4.0,2264917,1.0,1,3,1,1.0,,0.0,0,1987.0,B01,138Â 203Â 887,2.0,6.0,-1.0,1728840,3.0,7,,0.0,0.0,8.0,A01,138Â 203Â 886,1.0
1012804,201900054335,3,29,13:15,1,1,3,1.0,3.0,29076,Guevric (Milizac),M,"48,4662010"," -4,5896710",29,2019,80.0,1.0,1.0,4.0,2264917,1.0,1,3,1,1.0,,0.0,0,1987.0,B01,138Â 203Â 887,2.0,6.0,-1.0,1728841,3.0,31,,0.0,2.0,1.0,B01,138Â 203Â 887,1.0
1012805,201900054336,8,19,18:20,1,2,1,1.0,2.0,29075,Boulevard de Coataudon,M,"48,4132080"," -4,4500690",29,2019,50.0,1.0,1.0,3.0,2264918,1.0,1,1,1,9.0,,0.0,0,1975.0,A01,138Â 203Â 884,8.0,-1.0,-1.0,1728842,2.0,7,,0.0,2.0,1.0,A01,138Â 203Â 884,6.0
1012805,201900054336,8,19,18:20,1,2,1,1.0,2.0,29075,Boulevard de Coataudon,M,"48,4132080"," -4,4500690",29,2019,50.0,1.0,1.0,3.0,2264918,1.0,1,1,1,9.0,,0.0,0,1975.0,A01,138Â 203Â 884,8.0,-1.0,-1.0,1728843,2.0,7,,0.0,0.0,4.0,B01,138Â 203Â 885,0.0
1012805,201900054336,8,19,18:20,1,2,1,1.0,2.0,29075,Boulevard de Coataudon,M,"48,4132080"," -4,4500690",29,2019,50.0,1.0,1.0,3.0,2264919,1.0,1,4,2,1.0,,0.0,0,1979.0,B01,138Â 203Â 885,8.0,-1.0,-1.0,1728842,2.0,7,,0.0,2.0,1.0,A01,138Â 203Â 884,6.0
1012805,201900054336,8,19,18:20,1,2,1,1.0,2.0,29075,Boulevard de Coataudon,M,"48,4132080"," -4,4500690",29,2019,50.0,1.0,1.0,3.0,2264919,1.0,1,4,2,1.0,,0.0,0,1979.0,B01,138Â 203Â 885,8.0,-1.0,-1.0,1728843,2.0,7,,0.0,0.0,4.0,B01,138Â 203Â 885,0.0
1012806,201900054337,8,20,07:50,1,2,3,2.0,7.0,60667,rue pasteur,M,"49,3120810","2,7372010",60,2019,50.0,1.0,2.0,4.0,2264920,1.0,1,3,1,1.0,,0.0,0,1979.0,A01,138Â 203Â 883,2.0,6.0,9.0,1728844,0.0,33,,0.0,0.0,8.0,A01,138Â 203Â 883,1.0
1012807,201900054338,8,18,16:30,1,2,1,1.0,6.0,43051,Les Chatoux,M,"45,0513180","4,3172490",43,2019,50.0,3.0,9.0,4.0,2264921,1.0,1,3,1,5.0,,0.0,0,1980.0,A01,138Â 203Â 882,1.0,-1.0,-1.0,1728845,3.0,7,,2.0,0.0,1.0,A01,138Â 203Â 882,1.0
1012808,201900054339,7,30,12:45,1,2,3,1.0,3.0,07319,Boulevard Pasteur,M,"44,5585990","4,6873500",7,2019,50.0,1.0,1.0,4.0,2264922,1.0,1,1,2,3.0,,0.0,0,1983.0,A01,138Â 203Â 880,1.0,-1.0,-1.0,1728846,2.0,7,,0.0,2.0,1.0,A01,138Â 203Â 880,1.0
1012808,201900054339,7,30,12:45,1,2,3,1.0,3.0,07319,Boulevard Pasteur,M,"44,5585990","4,6873500",7,2019,50.0,1.0,1.0,4.0,2264922,1.0,1,1,2,3.0,,0.0,0,1983.0,A01,138Â 203Â 880,1.0,-1.0,-1.0,1728847,0.0,2,,0.0,2.0,7.0,B01,138Â 203Â 881,1.0
1012808,201900054339,7,30,12:45,1,2,3,1.0,3.0,07319,Boulevard Pasteur,M,"44,5585990","4,6873500",7,2019,50.0,1.0,1.0,4.0,2264923,1.0,1,3,2,1.0,,0.0,0,1971.0,B01,138Â 203Â 881,2.0,6.0,-1.0,1728846,2.0,7,,0.0,2.0,1.0,A01,138Â 203Â 880,1.0
1012808,201900054339,7,30,12:45,1,2,3,1.0,3.0,07319,Boulevard Pasteur,M,"44,5585990","4,6873500",7,2019,50.0,1.0,1.0,4.0,2264923,1.0,1,3,2,1.0,,0.0,0,1971.0,B01,138Â 203Â 881,2.0,6.0,-1.0,1728847,0.0,2,,0.0,2.0,7.0,B01,138Â 203Â 881,1.0
1012809,201900054340,8,18,16:27,1,2,1,1.0,6.0,21420,7 Grande Rue,M,"47,0147940","4,5874690",21,2019,50.0,3.0,1.0,3.0,2264924,1.0,1,2,1,0.0,,0.0,0,1937.0,A01,138Â 203Â 879,1.0,-1.0,-1.0,1728848,1.0,7,,6.0,0.0,1.0,A01,138Â 203Â 879,1.0
1012810,201900054341,8,20,17:50,1,1,1,1.0,1.0,48188,Route DÃ©partementale 806,M,"44,7168380","3,3725970",48,2019,80.0,1.0,1.0,3.0,2264925,1.0,1,4,2,5.0,,0.0,0,1973.0,B01,138Â 203Â 877,1.0,-1.0,-1.0,1728849,1.0,7,,0.0,2.0,8.0,B01,138Â 203Â 877,1.0
1012810,201900054341,8,20,17:50,1,1,1,1.0,1.0,48188,Route DÃ©partementale 806,M,"44,7168380","3,3725970",48,2019,80.0,1.0,1.0,3.0,2264925,1.0,1,4,2,5.0,,0.0,0,1973.0,B01,138Â 203Â 877,1.0,-1.0,-1.0,1728850,2.0,7,,0.0,2.0,8.0,A01,138Â 203Â 878,1.0
1012810,201900054341,8,20,17:50,1,1,1,1.0,1.0,48188,Route DÃ©partementale 806,M,"44,7168380","3,3725970",48,2019,80.0,1.0,1.0,3.0,2264926,1.0,1,1,1,5.0,,0.0,0,1969.0,A01,138Â 203Â 878,1.0,-1.0,-1.0,1728849,1.0,7,,0.0,2.0,8.0,B01,138Â 203Â 877,1.0
1012810,201900054341,8,20,17:50,1,1,1,1.0,1.0,48188,Route DÃ©partementale 806,M,"44,7168380","3,3725970",48,2019,80.0,1.0,1.0,3.0,2264926,1.0,1,1,1,5.0,,0.0,0,1969.0,A01,138Â 203Â 878,1.0,-1.0,-1.0,1728850,2.0,7,,0.0,2.0,8.0,A01,138Â 203Â 878,1.0
1012811,201900054342,8,20,18:15,1,1,1,1.0,2.0,17464,A 10,M,"46,0839930"," -0,5312070",17,2019,130.0,1.0,1.0,1.0,2264927,1.0,1,1,1,4.0,,0.0,0,1983.0,B01,138Â 203Â 874,1.0,-1.0,-1.0,1728851,2.0,17,,0.0,2.0,5.0,B01,138Â 203Â 874,0.0
1012811,201900054342,8,20,18:15,1,1,1,1.0,2.0,17464,A 10,M,"46,0839930"," -0,5312070",17,2019,130.0,1.0,1.0,1.0,2264927,1.0,1,1,1,4.0,,0.0,0,1983.0,B01,138Â 203Â 874,1.0,-1.0,-1.0,1728852,2.0,7,,0.0,2.0,1.0,A01,138Â 203Â 875,1.0
1012811,201900054342,8,20,18:15,1,1,1,1.0,2.0,17464,A 10,M,"46,0839930"," -0,5312070",17,2019,130.0,1.0,1.0,1.0,2264928,2.0,2,3,2,5.0,,0.0,0,1958.0,A01,138Â 203Â 875,1.0,-1.0,-1.0,1728851,2.0,17,,0.0,2.0,5.0,B01,138Â 203Â 874,0.0
1012811,201900054342,8,20,18:15,1,1,1,1.0,2.0,17464,A 10,M,"46,0839930"," -0,5312070",17,2019,130.0,1.0,1.0,1.0,2264928,2.0,2,3,2,5.0,,0.0,0,1958.0,A01,138Â 203Â 875,1.0,-1.0,-1.0,1728852,2.0,7,,0.0,2.0,1.0,A01,138Â 203Â 875,1.0
1012811,201900054342,8,20,18:15,1,1,1,1.0,2.0,17464,A 10,M,"46,0839930"," -0,5312070",17,2019,130.0,1.0,1.0,1.0,2264929,1.0,1,3,1,5.0,,0.0,0,1959.0,A01,138Â 203Â 875,1.0,-1.0,-1.0,1728851,2.0,17,,0.0,2.0,5.0,B01,138Â 203Â 874,0.0
1012811,201900054342,8,20,18:15,1,1,1,1.0,2.0,17464,A 10,M,"46,0839930"," -0,5312070",17,2019,130.0,1.0,1.0,1.0,2264929,1.0,1,3,1,5.0,,0.0,0,1959.0,A01,138Â 203Â 875,1.0,-1.0,-1.0,1728852,2.0,7,,0.0,2.0,1.0,A01,138Â 203Â 875,1.0
1012812,201900054343,8,21,08:00,1,1,1,1.0,5.0,62718,autoroute A1,M,"50,3021420","2,8890720",62,2019,130.0,1.0,1.0,1.0,2264930,2.0,1,1,1,5.0,,0.0,0,1972.0,C01,138Â 203Â 871,1.0,-1.0,-1.0,1728853,1.0,7,,0.0,9.0,2.0,C01,138Â 203Â 871,1.0
1012812,201900054343,8,21,08:00,1,1,1,1.0,5.0,62718,autoroute A1,M,"50,3021420","2,8890720",62,2019,130.0,1.0,1.0,1.0,2264930,2.0,1,1,1,5.0,,0.0,0,1972.0,C01,138Â 203Â 871,1.0,-1.0,-1.0,1728854,1.0,10,,0.0,2.0,1.0,B01,138Â 203Â 872,1.0
1012812,201900054343,8,21,08:00,1,1,1,1.0,5.0,62718,autoroute A1,M,"50,3021420","2,8890720",62,2019,130.0,1.0,1.0,1.0,2264930,2.0,1,1,1,5.0,,0.0,0,1972.0,C01,138Â 203Â 871,1.0,-1.0,-1.0,1728855,2.0,15,,3.0,2.0,1.0,A01,138Â 203Â 873,1.0
1012812,201900054343,8,21,08:00,1,1,1,1.0,5.0,62718,autoroute A1,M,"50,3021420","2,8890720",62,2019,130.0,1.0,1.0,1.0,2264931,1.0,1,1,1,5.0,,0.0,0,1960.0,B01,138Â 203Â 872,1.0,-1.0,-1.0,1728853,1.0,7,,0.0,9.0,2.0,C01,138Â 203Â 871,1.0
1012812,201900054343,8,21,08:00,1,1,1,1.0,5.0,62718,autoroute A1,M,"50,3021420","2,8890720",62,2019,130.0,1.0,1.0,1.0,2264931,1.0,1,1,1,5.0,,0.0,0,1960.0,B01,138Â 203Â 872,1.0,-1.0,-1.0,1728854,1.0,10,,0.0,2.0,1.0,B01,138Â 203Â 872,1.0
1012812,201900054343,8,21,08:00,1,1,1,1.0,5.0,62718,autoroute A1,M,"50,3021420","2,8890720",62,2019,130.0,1.0,1.0,1.0,2264931,1.0,1,1,1,5.0,,0.0,0,1960.0,B01,138Â 203Â 872,1.0,-1.0,-1.0,1728855,2.0,15,,3.0,2.0,1.0,A01,138Â 203Â 873,1.0
1012812,201900054343,8,21,08:00,1,1,1,1.0,5.0,62718,autoroute A1,M,"50,3021420","2,8890720",62,2019,130.0,1.0,1.0,1.0,2264932,2.0,2,4,2,5.0,,0.0,0,1963.0,B01,138Â 203Â 872,1.0,-1.0,-1.0,1728853,1.0,7,,0.0,9.0,2.0,C01,138Â 203Â 871,1.0
1012812,201900054343,8,21,08:00,1,1,1,1.0,5.0,62718,autoroute A1,M,"50,3021420","2,8890720",62,2019,130.0,1.0,1.0,1.0,2264932,2.0,2,4,2,5.0,,0.0,0,1963.0,B01,138Â 203Â 872,1.0,-1.0,-1.0,1728854,1.0,10,,0.0,2.0,1.0,B01,138Â 203Â 872,1.0
1012812,201900054343,8,21,08:00,1,1,1,1.0,5.0,62718,autoroute A1,M,"50,3021420","2,8890720",62,2019,130.0,1.0,1.0,1.0,2264932,2.0,2,4,2,5.0,,0.0,0,1963.0,B01,138Â 203Â 872,1.0,-1.0,-1.0,1728855,2.0,15,,3.0,2.0,1.0,A01,138Â 203Â 873,1.0
1012812,201900054343,8,21,08:00,1,1,1,1.0,5.0,62718,autoroute A1,M,"50,3021420","2,8890720",62,2019,130.0,1.0,1.0,1.0,2264933,2.0,2,4,1,4.0,,0.0,0,1969.0,A01,138Â 203Â 873,8.0,-1.0,-1.0,1728853,1.0,7,,0.0,9.0,2.0,C01,138Â 203Â 871,1.0
1012812,201900054343,8,21,08:00,1,1,1,1.0,5.0,62718,autoroute A1,M,"50,3021420","2,8890720",62,2019,130.0,1.0,1.0,1.0,2264933,2.0,2,4,1,4.0,,0.0,0,1969.0,A01,138Â 203Â 873,8.0,-1.0,-1.0,1728854,1.0,10,,0.0,2.0,1.0,B01,138Â 203Â 872,1.0
1012812,201900054343,8,21,08:00,1,1,1,1.0,5.0,62718,autoroute A1,M,"50,3021420","2,8890720",62,2019,130.0,1.0,1.0,1.0,2264933,2.0,2,4,1,4.0,,0.0,0,1969.0,A01,138Â 203Â 873,8.0,-1.0,-1.0,1728855,2.0,15,,3.0,2.0,1.0,A01,138Â 203Â 873,1.0
1012812,201900054343,8,21,08:00,1,1,1,1.0,5.0,62718,autoroute A1,M,"50,3021420","2,8890720",62,2019,130.0,1.0,1.0,1.0,2264934,1.0,1,4,1,4.0,,0.0,0,1962.0,A01,138Â 203Â 873,8.0,-1.0,-1.0,1728853,1.0,7,,0.0,9.0,2.0,C01,138Â 203Â 871,1.0
1012812,201900054343,8,21,08:00,1,1,1,1.0,5.0,62718,autoroute A1,M,"50,3021420","2,8890720",62,2019,130.0,1.0,1.0,1.0,2264934,1.0,1,4,1,4.0,,0.0,0,1962.0,A01,138Â 203Â 873,8.0,-1.0,-1.0,1728854,1.0,10,,0.0,2.0,1.0,B01,138Â 203Â 872,1.0
1012812,201900054343,8,21,08:00,1,1,1,1.0,5.0,62718,autoroute A1,M,"50,3021420","2,8890720",62,2019,130.0,1.0,1.0,1.0,2264934,1.0,1,4,1,4.0,,0.0,0,1962.0,A01,138Â 203Â 873,8.0,-1.0,-1.0,1728855,2.0,15,,3.0,2.0,1.0,A01,138Â 203Â 873,1.0
1012813,201900054344,8,20,23:13,5,2,1,1.0,6.0,97311,avenue paul castaing,M,"5,4856224"," -54,0160793",973,2019,50.0,1.0,1.0,4.0,2264935,1.0,1,3,1,5.0,,0.0,0,1993.0,A01,138Â 203Â 869,0.0,-1.0,-1.0,1728856,0.0,2,,0.0,0.0,0.0,A01,138Â 203Â 869,0.0
1012813,201900054344,8,20,23:13,5,2,1,1.0,6.0,97311,avenue paul castaing,M,"5,4856224"," -54,0160793",973,2019,50.0,1.0,1.0,4.0,2264935,1.0,1,3,1,5.0,,0.0,0,1993.0,A01,138Â 203Â 869,0.0,-1.0,-1.0,1728857,3.0,7,,0.0,2.0,1.0,B01,138Â 203Â 870,1.0
1012814,201900054345,7,21,07:30,1,1,3,1.0,5.0,97125,N4,M,"16,2570120"," -61,3087910",971,2019,80.0,1.0,1.0,2.0,2264936,1.0,1,4,1,5.0,,0.0,0,1990.0,C01,138Â 203Â 866,1.0,-1.0,-1.0,1728858,1.0,7,,0.0,2.0,1.0,C01,138Â 203Â 866,1.0
1012814,201900054345,7,21,07:30,1,1,3,1.0,5.0,97125,N4,M,"16,2570120"," -61,3087910",971,2019,80.0,1.0,1.0,2.0,2264936,1.0,1,4,1,5.0,,0.0,0,1990.0,C01,138Â 203Â 866,1.0,-1.0,-1.0,1728859,1.0,7,,0.0,2.0,1.0,B01,138Â 203Â 867,1.0
1012814,201900054345,7,21,07:30,1,1,3,1.0,5.0,97125,N4,M,"16,2570120"," -61,3087910",971,2019,80.0,1.0,1.0,2.0,2264936,1.0,1,4,1,5.0,,0.0,0,1990.0,C01,138Â 203Â 866,1.0,-1.0,-1.0,1728860,2.0,37,1.0,0.0,2.0,3.0,A01,138Â 203Â 868,1.0
1012814,201900054345,7,21,07:30,1,1,3,1.0,5.0,97125,N4,M,"16,2570120"," -61,3087910",971,2019,80.0,1.0,1.0,2.0,2264937,1.0,1,1,1,5.0,,0.0,0,1996.0,B01,138Â 203Â 867,1.0,-1.0,-1.0,1728858,1.0,7,,0.0,2.0,1.0,C01,138Â 203Â 866,1.0
1012814,201900054345,7,21,07:30,1,1,3,1.0,5.0,97125,N4,M,"16,2570120"," -61,3087910",971,2019,80.0,1.0,1.0,2.0,2264937,1.0,1,1,1,5.0,,0.0,0,1996.0,B01,138Â 203Â 867,1.0,-1.0,-1.0,1728859,1.0,7,,0.0,2.0,1.0,B01,138Â 203Â 867,1.0
1012814,201900054345,7,21,07:30,1,1,3,1.0,5.0,97125,N4,M,"16,2570120"," -61,3087910",971,2019,80.0,1.0,1.0,2.0,2264937,1.0,1,1,1,5.0,,0.0,0,1996.0,B01,138Â 203Â 867,1.0,-1.0,-1.0,1728860,2.0,37,1.0,0.0,2.0,3.0,A01,138Â 203Â 868,1.0
1012814,201900054345,7,21,07:30,1,1,3,1.0,5.0,97125,N4,M,"16,2570120"," -61,3087910",971,2019,80.0,1.0,1.0,2.0,2264938,1.0,1,1,1,4.0,,0.0,0,1972.0,A01,138Â 203Â 868,1.0,-1.0,-1.0,1728858,1.0,7,,0.0,2.0,1.0,C01,138Â 203Â 866,1.0
1012814,201900054345,7,21,07:30,1,1,3,1.0,5.0,97125,N4,M,"16,2570120"," -61,3087910",971,2019,80.0,1.0,1.0,2.0,2264938,1.0,1,1,1,4.0,,0.0,0,1972.0,A01,138Â 203Â 868,1.0,-1.0,-1.0,1728859,1.0,7,,0.0,2.0,1.0,B01,138Â 203Â 867,1.0
1012814,201900054345,7,21,07:30,1,1,3,1.0,5.0,97125,N4,M,"16,2570120"," -61,3087910",971,2019,80.0,1.0,1.0,2.0,2264938,1.0,1,1,1,4.0,,0.0,0,1972.0,A01,138Â 203Â 868,1.0,-1.0,-1.0,1728860,2.0,37,1.0,0.0,2.0,3.0,A01,138Â 203Â 868,1.0
1012815,201900054346,8,21,00:40,3,1,9,1.0,7.0,41252,Chemin de Montcellereux 41500 SuÃ¨vres,M,"47,6675970","1,4713460",41,2019,50.0,8.0,1.0,4.0,2264939,1.0,1,4,1,5.0,,0.0,0,2001.0,A01,138Â 203Â 865,0.0,-1.0,-1.0,1728861,0.0,31,,16.0,0.0,1.0,A01,138Â 203Â 865,6.0
1012816,201900054347,8,16,17:35,1,2,1,1.0,1.0,66065,Avenue Paul Reig,M,"42,5970040","2,9748650",66,2019,50.0,1.0,1.0,4.0,2264940,1.0,1,1,1,1.0,,0.0,0,1981.0,A01,138Â 203Â 863,1.0,-1.0,-1.0,1728862,0.0,7,,0.0,1.0,2.0,A01,138Â 203Â 863,1.0
1012816,201900054347,8,16,17:35,1,2,1,1.0,1.0,66065,Avenue Paul Reig,M,"42,5970040","2,9748650",66,2019,50.0,1.0,1.0,4.0,2264940,1.0,1,1,1,1.0,,0.0,0,1981.0,A01,138Â 203Â 863,1.0,-1.0,-1.0,1728863,0.0,1,,0.0,2.0,8.0,B01,138Â 203Â 864,5.0
1012816,201900054347,8,16,17:35,1,2,1,1.0,1.0,66065,Avenue Paul Reig,M,"42,5970040","2,9748650",66,2019,50.0,1.0,1.0,4.0,2264941,1.0,1,3,2,3.0,,0.0,0,1956.0,B01,138Â 203Â 864,0.0,-1.0,-1.0,1728862,0.0,7,,0.0,1.0,2.0,A01,138Â 203Â 863,1.0
1012816,201900054347,8,16,17:35,1,2,1,1.0,1.0,66065,Avenue Paul Reig,M,"42,5970040","2,9748650",66,2019,50.0,1.0,1.0,4.0,2264941,1.0,1,3,2,3.0,,0.0,0,1956.0,B01,138Â 203Â 864,0.0,-1.0,-1.0,1728863,0.0,1,,0.0,2.0,8.0,B01,138Â 203Â 864,5.0
1012817,201900054348,8,19,19:30,1,2,1,1.0,3.0,21038,65 Avenue GÃ©nÃ©ral de Gaulle,M,"47,1847500","5,3992940",21,2019,50.0,1.0,1.0,3.0,2264942,1.0,1,3,1,5.0,,0.0,0,2002.0,B01,138Â 203Â 861,2.0,6.0,-1.0,1728864,1.0,31,,12.0,2.0,5.0,B01,138Â 203Â 861,1.0
1012817,201900054348,8,19,19:30,1,2,1,1.0,3.0,21038,65 Avenue GÃ©nÃ©ral de Gaulle,M,"47,1847500","5,3992940",21,2019,50.0,1.0,1.0,3.0,2264942,1.0,1,3,1,5.0,,0.0,0,2002.0,B01,138Â 203Â 861,2.0,6.0,-1.0,1728865,1.0,7,,0.0,0.0,3.0,A01,138Â 203Â 862,1.0