Unnamed: 0_x,num_acc,mois,jour,hrmn,lum,agg,int,atm,col,com,adr,gps,lat,long,dep,annee,vma,situ,surf,catr,Unnamed: 0_y,place,catu,grav,sexe,trajet,secu,locp,actp,an_nais,num_veh_x,id_vehicule_x,secu1,secu2,secu3,Unnamed: 0,senc,catv,occutc,obs,obsm,choc,num_veh_y,id_vehicule_y,motor
1012817,201900054348,8,19,19:30,1,2,1,1.0,3.0,21038,65 Avenue GÃ©nÃ©ral de Gaulle,M,"47,1847500","5,3992940",21,2019,50.0,1.0,1.0,3.0,2264943,1.0,1,1,1,5.0,,0.0,0,1950.0,A01,138Â 203Â 862,1.0,-1.0,-1.0,1728864,1.0,31,,12.0,2.0,5.0,B01,138Â 203Â 861,1.0
1012817,201900054348,8,19,19:30,1,2,1,1.0,3.0,21038,65 Avenue GÃ©nÃ©ral de Gaulle,M,"47,1847500","5,3992940",21,2019,50.0,1.0,1.0,3.0,2264943,1.0,1,1,1,5.0,,0.0,0,1950.0,A01,138Â 203Â 862,1.0,-1.0,-1.0,1728865,1.0,7,,0.0,0.0,3.0,A01,138Â 203Â 862,1.0
1012818,201900054349,8,19,17:58,1,1,3,1.0,2.0,63284,DÃ©partementale 2,M,"45,7974631","3,2066569",63,2019,80.0,1.0,1.0,3.0,2264944,1.0,1,3,2,5.0,,0.0,0,1956.0,A01,138Â 203Â 859,1.0,5.0,-1.0,1728866,1.0,7,,0.0,0.0,4.0,A01,138Â 203Â 859,0.0
1012818,201900054349,8,19,17:58,1,1,3,1.0,2.0,63284,DÃ©partementale 2,M,"45,7974631","3,2066569",63,2019,80.0,1.0,1.0,3.0,2264944,1.0,1,3,2,5.0,,0.0,0,1956.0,A01,138Â 203Â 859,1.0,5.0,-1.0,1728867,1.0,7,,0.0,2.0,1.0,C01,138Â 203Â 860,0.0
1012818,201900054349,8,19,17:58,1,1,3,1.0,2.0,63284,DÃ©partementale 2,M,"45,7974631","3,2066569",63,2019,80.0,1.0,1.0,3.0,2264945,1.0,1,4,1,4.0,,0.0,0,1993.0,C01,138Â 203Â 860,1.0,5.0,-1.0,1728866,1.0,7,,0.0,0.0,4.0,A01,138Â 203Â 859,0.0
1012818,201900054349,8,19,17:58,1,1,3,1.0,2.0,63284,DÃ©partementale 2,M,"45,7974631","3,2066569",63,2019,80.0,1.0,1.0,3.0,2264945,1.0,1,4,1,4.0,,0.0,0,1993.0,C01,138Â 203Â 860,1.0,5.0,-1.0,1728867,1.0,7,,0.0,2.0,1.0,C01,138Â 203Â 860,0.0
1012819,201900054350,8,13,01:00,3,1,1,1.0,6.0,07182,Route de LargentiÃ¨re,M,"44,6368960","4,3198060",7,2019,80.0,8.0,1.0,3.0,2264946,3.0,2,1,2,9.0,,0.0,0,2013.0,A01,138Â 203Â 858,1.0,-1.0,-1.0,1728868,0.0,7,,0.0,0.0,1.0,A01,138Â 203Â 858,0.0
1012819,201900054350,8,13,01:00,3,1,1,1.0,6.0,07182,Route de LargentiÃ¨re,M,"44,6368960","4,3198060",7,2019,80.0,8.0,1.0,3.0,2264947,9.0,2,3,2,5.0,,0.0,0,1981.0,A01,138Â 203Â 858,1.0,-1.0,-1.0,1728868,0.0,7,,0.0,0.0,1.0,A01,138Â 203Â 858,0.0
1012819,201900054350,8,13,01:00,3,1,1,1.0,6.0,07182,Route de LargentiÃ¨re,M,"44,6368960","4,3198060",7,2019,80.0,8.0,1.0,3.0,2264948,1.0,1,1,1,5.0,,0.0,0,1981.0,A01,138Â 203Â 858,1.0,-1.0,-1.0,1728868,0.0,7,,0.0,0.0,1.0,A01,138Â 203Â 858,0.0
1012820,201900054351,8,20,23:45,3,2,1,9.0,1.0,01160,Route de Meyrin,M,"46,2510410","6,1148510",1,2019,80.0,1.0,2.0,3.0,2264949,8.0,2,4,2,5.0,,0.0,0,2003.0,B01,138Â 203Â 856,1.0,-1.0,-1.0,1728869,2.0,7,,0.0,2.0,1.0,B01,138Â 203Â 856,1.0
1012820,201900054351,8,20,23:45,3,2,1,9.0,1.0,01160,Route de Meyrin,M,"46,2510410","6,1148510",1,2019,80.0,1.0,2.0,3.0,2264949,8.0,2,4,2,5.0,,0.0,0,2003.0,B01,138Â 203Â 856,1.0,-1.0,-1.0,1728870,1.0,7,,3.0,2.0,2.0,A01,138Â 203Â 857,1.0
1012820,201900054351,8,20,23:45,3,2,1,9.0,1.0,01160,Route de Meyrin,M,"46,2510410","6,1148510",1,2019,80.0,1.0,2.0,3.0,2264950,7.0,2,4,2,5.0,,0.0,0,1997.0,B01,138Â 203Â 856,1.0,-1.0,-1.0,1728869,2.0,7,,0.0,2.0,1.0,B01,138Â 203Â 856,1.0
1012820,201900054351,8,20,23:45,3,2,1,9.0,1.0,01160,Route de Meyrin,M,"46,2510410","6,1148510",1,2019,80.0,1.0,2.0,3.0,2264950,7.0,2,4,2,5.0,,0.0,0,1997.0,B01,138Â 203Â 856,1.0,-1.0,-1.0,1728870,1.0,7,,3.0,2.0,2.0,A01,138Â 203Â 857,1.0
1012820,201900054351,8,20,23:45,3,2,1,9.0,1.0,01160,Route de Meyrin,M,"46,2510410","6,1148510",1,2019,80.0,1.0,2.0,3.0,2264951,9.0,2,4,2,5.0,,0.0,0,1970.0,B01,138Â 203Â 856,1.0,-1.0,-1.0,1728869,2.0,7,,0.0,2.0,1.0,B01,138Â 203Â 856,1.0
1012820,201900054351,8,20,23:45,3,2,1,9.0,1.0,01160,Route de Meyrin,M,"46,2510410","6,1148510",1,2019,80.0,1.0,2.0,3.0,2264951,9.0,2,4,2,5.0,,0.0,0,1970.0,B01,138Â 203Â 856,1.0,-1.0,-1.0,1728870,1.0,7,,3.0,2.0,2.0,A01,138Â 203Â 857,1.0
1012820,201900054351,8,20,23:45,3,2,1,9.0,1.0,01160,Route de Meyrin,M,"46,2510410","6,1148510",1,2019,80.0,1.0,2.0,3.0,2264952,2.0,2,1,1,5.0,,0.0,0,1993.0,B01,138Â 203Â 856,1.0,-1.0,-1.0,1728869,2.0,7,,0.0,2.0,1.0,B01,138Â 203Â 856,1.0
1012820,201900054351,8,20,23:45,3,2,1,9.0,1.0,01160,Route de Meyrin,M,"46,2510410","6,1148510",1,2019,80.0,1.0,2.0,3.0,2264952,2.0,2,1,1,5.0,,0.0,0,1993.0,B01,138Â 203Â 856,1.0,-1.0,-1.0,1728870,1.0,7,,3.0,2.0,2.0,A01,138Â 203Â 857,1.0
1012820,201900054351,8,20,23:45,3,2,1,9.0,1.0,01160,Route de Meyrin,M,"46,2510410","6,1148510",1,2019,80.0,1.0,2.0,3.0,2264953,1.0,1,4,1,5.0,,0.0,0,1987.0,B01,138Â 203Â 856,1.0,-1.0,-1.0,1728869,2.0,7,,0.0,2.0,1.0,B01,138Â 203Â 856,1.0
1012820,201900054351,8,20,23:45,3,2,1,9.0,1.0,01160,Route de Meyrin,M,"46,2510410","6,1148510",1,2019,80.0,1.0,2.0,3.0,2264953,1.0,1,4,1,5.0,,0.0,0,1987.0,B01,138Â 203Â 856,1.0,-1.0,-1.0,1728870,1.0,7,,3.0,2.0,2.0,A01,138Â 203Â 857,1.0
1012820,201900054351,8,20,23:45,3,2,1,9.0,1.0,01160,Route de Meyrin,M,"46,2510410","6,1148510",1,2019,80.0,1.0,2.0,3.0,2264954,1.0,1,3,1,5.0,,0.0,0,1984.0,A01,138Â 203Â 857,1.0,-1.0,-1.0,1728869,2.0,7,,0.0,2.0,1.0,B01,138Â 203Â 856,1.0
1012820,201900054351,8,20,23:45,3,2,1,9.0,1.0,01160,Route de Meyrin,M,"46,2510410","6,1148510",1,2019,80.0,1.0,2.0,3.0,2264954,1.0,1,3,1,5.0,,0.0,0,1984.0,A01,138Â 203Â 857,1.0,-1.0,-1.0,1728870,1.0,7,,3.0,2.0,2.0,A01,138Â 203Â 857,1.0
1012821,201900054352,8,20,16:50,1,1,1,1.0,6.0,81219,N126,M,"43,5713499","2,0110773",81,2019,110.0,8.0,1.0,2.0,2264955,7.0,2,1,1,5.0,,0.0,0,1991.0,A01,138Â 203Â 855,1.0,-1.0,-1.0,1728871,1.0,7,,4.0,0.0,3.0,A01,138Â 203Â 855,1.0
1012821,201900054352,8,20,16:50,1,1,1,1.0,6.0,81219,N126,M,"43,5713499","2,0110773",81,2019,110.0,8.0,1.0,2.0,2264956,2.0,2,1,1,5.0,,0.0,0,1988.0,A01,138Â 203Â 855,1.0,-1.0,-1.0,1728871,1.0,7,,4.0,0.0,3.0,A01,138Â 203Â 855,1.0
1012821,201900054352,8,20,16:50,1,1,1,1.0,6.0,81219,N126,M,"43,5713499","2,0110773",81,2019,110.0,8.0,1.0,2.0,2264957,1.0,1,3,1,5.0,,0.0,0,1990.0,A01,138Â 203Â 855,1.0,-1.0,-1.0,1728871,1.0,7,,4.0,0.0,3.0,A01,138Â 203Â 855,1.0
1012822,201900054353,8,21,14:30,1,1,3,1.0,3.0,31161,intersection chemin du rival et RD 813,M,"43,4840440","1,5353220",31,2019,80.0,1.0,1.0,3.0,2264958,1.0,1,1,2,1.0,,0.0,0,1992.0,A01,138Â 203Â 853,1.0,-1.0,-1.0,1728872,1.0,7,,0.0,2.0,0.0,A01,138Â 203Â 853,1.0
1012822,201900054353,8,21,14:30,1,1,3,1.0,3.0,31161,intersection chemin du rival et RD 813,M,"43,4840440","1,5353220",31,2019,80.0,1.0,1.0,3.0,2264958,1.0,1,1,2,1.0,,0.0,0,1992.0,A01,138Â 203Â 853,1.0,-1.0,-1.0,1728873,1.0,2,,0.0,0.0,8.0,B01,138Â 203Â 854,1.0
1012822,201900054353,8,21,14:30,1,1,3,1.0,3.0,31161,intersection chemin du rival et RD 813,M,"43,4840440","1,5353220",31,2019,80.0,1.0,1.0,3.0,2264959,1.0,1,3,1,5.0,,0.0,0,2004.0,B01,138Â 203Â 854,2.0,-1.0,-1.0,1728872,1.0,7,,0.0,2.0,0.0,A01,138Â 203Â 853,1.0
1012822,201900054353,8,21,14:30,1,1,3,1.0,3.0,31161,intersection chemin du rival et RD 813,M,"43,4840440","1,5353220",31,2019,80.0,1.0,1.0,3.0,2264959,1.0,1,3,1,5.0,,0.0,0,2004.0,B01,138Â 203Â 854,2.0,-1.0,-1.0,1728873,1.0,2,,0.0,0.0,8.0,B01,138Â 203Â 854,1.0
1012823,201900054354,8,19,06:00,3,1,2,1.0,3.0,86255,D36/D27,M,"46,1928900","0,3400830",86,2019,80.0,1.0,1.0,3.0,2264960,2.0,2,4,2,9.0,,0.0,0,1967.0,B01,138Â 203Â 851,1.0,-1.0,-1.0,1728874,3.0,7,,13.0,2.0,1.0,B01,138Â 203Â 851,1.0
1012823,201900054354,8,19,06:00,3,1,2,1.0,3.0,86255,D36/D27,M,"46,1928900","0,3400830",86,2019,80.0,1.0,1.0,3.0,2264960,2.0,2,4,2,9.0,,0.0,0,1967.0,B01,138Â 203Â 851,1.0,-1.0,-1.0,1728875,2.0,7,,0.0,2.0,1.0,A01,138Â 203Â 852,1.0
1012823,201900054354,8,19,06:00,3,1,2,1.0,3.0,86255,D36/D27,M,"46,1928900","0,3400830",86,2019,80.0,1.0,1.0,3.0,2264961,1.0,1,1,1,1.0,,0.0,0,1960.0,B01,138Â 203Â 851,1.0,-1.0,-1.0,1728874,3.0,7,,13.0,2.0,1.0,B01,138Â 203Â 851,1.0
1012823,201900054354,8,19,06:00,3,1,2,1.0,3.0,86255,D36/D27,M,"46,1928900","0,3400830",86,2019,80.0,1.0,1.0,3.0,2264961,1.0,1,1,1,1.0,,0.0,0,1960.0,B01,138Â 203Â 851,1.0,-1.0,-1.0,1728875,2.0,7,,0.0,2.0,1.0,A01,138Â 203Â 852,1.0
1012823,201900054354,8,19,06:00,3,1,2,1.0,3.0,86255,D36/D27,M,"46,1928900","0,3400830",86,2019,80.0,1.0,1.0,3.0,2264962,1.0,1,1,2,4.0,,0.0,0,1974.0,A01,138Â 203Â 852,0.0,-1.0,-1.0,1728874,3.0,7,,13.0,2.0,1.0,B01,138Â 203Â 851,1.0
1012823,201900054354,8,19,06:00,3,1,2,1.0,3.0,86255,D36/D27,M,"46,1928900","0,3400830",86,2019,80.0,1.0,1.0,3.0,2264962,1.0,1,1,2,4.0,,0.0,0,1974.0,A01,138Â 203Â 852,0.0,-1.0,-1.0,1728875,2.0,7,,0.0,2.0,1.0,A01,138Â 203Â 852,1.0
1012823,201900054354,8,19,06:00,3,1,2,1.0,3.0,86255,D36/D27,M,"46,1928900","0,3400830",86,2019,80.0,1.0,1.0,3.0,2264963,2.0,2,3,1,0.0,,0.0,0,1964.0,A01,138Â 203Â 852,0.0,-1.0,-1.0,1728874,3.0,7,,13.0,2.0,1.0,B01,138Â 203Â 851,1.0
1012823,201900054354,8,19,06:00,3,1,2,1.0,3.0,86255,D36/D27,M,"46,1928900","0,3400830",86,2019,80.0,1.0,1.0,3.0,2264963,2.0,2,3,1,0.0,,0.0,0,1964.0,A01,138Â 203Â 852,0.0,-1.0,-1.0,1728875,2.0,7,,0.0,2.0,1.0,A01,138Â 203Â 852,1.0
1012824,201900054355,8,17,14:45,1,1,1,1.0,3.0,33449,Route de Lacanau,M,"44,9072570"," -0,7518570",33,2019,80.0,1.0,1.0,4.0,2264964,1.0,1,1,1,5.0,,0.0,0,1998.0,B01,138Â 203Â 849,1.0,-1.0,-1.0,1728876,3.0,7,,0.0,2.0,8.0,B01,138Â 203Â 849,1.0
1012824,201900054355,8,17,14:45,1,1,1,1.0,3.0,33449,Route de Lacanau,M,"44,9072570"," -0,7518570",33,2019,80.0,1.0,1.0,4.0,2264964,1.0,1,1,1,5.0,,0.0,0,1998.0,B01,138Â 203Â 849,1.0,-1.0,-1.0,1728877,3.0,33,,0.0,2.0,1.0,A01,138Â 203Â 850,1.0
1012824,201900054355,8,17,14:45,1,1,1,1.0,3.0,33449,Route de Lacanau,M,"44,9072570"," -0,7518570",33,2019,80.0,1.0,1.0,4.0,2264965,1.0,1,3,1,5.0,,0.0,0,1997.0,A01,138Â 203Â 850,2.0,6.0,-1.0,1728876,3.0,7,,0.0,2.0,8.0,B01,138Â 203Â 849,1.0
1012824,201900054355,8,17,14:45,1,1,1,1.0,3.0,33449,Route de Lacanau,M,"44,9072570"," -0,7518570",33,2019,80.0,1.0,1.0,4.0,2264965,1.0,1,3,1,5.0,,0.0,0,1997.0,A01,138Â 203Â 850,2.0,6.0,-1.0,1728877,3.0,33,,0.0,2.0,1.0,A01,138Â 203Â 850,1.0
1012825,201900054356,8,21,10:55,1,2,3,1.0,3.0,44210,rue de la gare,M,"47,3177480"," -2,1890990",44,2019,50.0,5.0,1.0,4.0,2264966,1.0,1,3,1,0.0,,0.0,0,1980.0,B01,138Â 203Â 847,2.0,-1.0,-1.0,1728878,3.0,2,,0.0,2.0,1.0,B01,138Â 203Â 847,1.0
1012825,201900054356,8,21,10:55,1,2,3,1.0,3.0,44210,rue de la gare,M,"47,3177480"," -2,1890990",44,2019,50.0,5.0,1.0,4.0,2264966,1.0,1,3,1,0.0,,0.0,0,1980.0,B01,138Â 203Â 847,2.0,-1.0,-1.0,1728879,3.0,7,,0.0,2.0,8.0,A01,138Â 203Â 848,1.0
1012825,201900054356,8,21,10:55,1,2,3,1.0,3.0,44210,rue de la gare,M,"47,3177480"," -2,1890990",44,2019,50.0,5.0,1.0,4.0,2264967,1.0,1,1,2,3.0,,0.0,0,1989.0,A01,138Â 203Â 848,1.0,-1.0,-1.0,1728878,3.0,2,,0.0,2.0,1.0,B01,138Â 203Â 847,1.0
1012825,201900054356,8,21,10:55,1,2,3,1.0,3.0,44210,rue de la gare,M,"47,3177480"," -2,1890990",44,2019,50.0,5.0,1.0,4.0,2264967,1.0,1,1,2,3.0,,0.0,0,1989.0,A01,138Â 203Â 848,1.0,-1.0,-1.0,1728879,3.0,7,,0.0,2.0,8.0,A01,138Â 203Â 848,1.0
1012826,201900054357,8,20,15:45,1,1,1,1.0,1.0,35041,D777,M,"47,9275000"," -1,5512740",35,2019,80.0,1.0,1.0,3.0,2264968,1.0,1,2,1,5.0,,0.0,0,1929.0,A01,138Â 203Â 845,1.0,-1.0,-1.0,1728880,1.0,7,,0.0,2.0,1.0,A01,138Â 203Â 845,1.0
1012826,201900054357,8,20,15:45,1,1,1,1.0,1.0,35041,D777,M,"47,9275000"," -1,5512740",35,2019,80.0,1.0,1.0,3.0,2264968,1.0,1,2,1,5.0,,0.0,0,1929.0,A01,138Â 203Â 845,1.0,-1.0,-1.0,1728881,2.0,15,,0.0,2.0,1.0,B01,138Â 203Â 846,1.0
1012826,201900054357,8,20,15:45,1,1,1,1.0,1.0,35041,D777,M,"47,9275000"," -1,5512740",35,2019,80.0,1.0,1.0,3.0,2264969,2.0,2,2,2,5.0,,0.0,0,1930.0,A01,138Â 203Â 845,1.0,-1.0,-1.0,1728880,1.0,7,,0.0,2.0,1.0,A01,138Â 203Â 845,1.0
1012826,201900054357,8,20,15:45,1,1,1,1.0,1.0,35041,D777,M,"47,9275000"," -1,5512740",35,2019,80.0,1.0,1.0,3.0,2264969,2.0,2,2,2,5.0,,0.0,0,1930.0,A01,138Â 203Â 845,1.0,-1.0,-1.0,1728881,2.0,15,,0.0,2.0,1.0,B01,138Â 203Â 846,1.0
1012826,201900054357,8,20,15:45,1,1,1,1.0,1.0,35041,D777,M,"47,9275000"," -1,5512740",35,2019,80.0,1.0,1.0,3.0,2264970,1.0,1,1,1,4.0,,0.0,0,1955.0,B01,138Â 203Â 846,1.0,-1.0,-1.0,1728880,1.0,7,,0.0,2.0,1.0,A01,138Â 203Â 845,1.0
1012826,201900054357,8,20,15:45,1,1,1,1.0,1.0,35041,D777,M,"47,9275000"," -1,5512740",35,2019,80.0,1.0,1.0,3.0,2264970,1.0,1,1,1,4.0,,0.0,0,1955.0,B01,138Â 203Â 846,1.0,-1.0,-1.0,1728881,2.0,15,,0.0,2.0,1.0,B01,138Â 203Â 846,1.0
1012827,201900054358,8,20,20:04,2,1,1,1.0,3.0,13081,A7-Sens Marseille vers Lyon,M,"43,4927500","5,2399900",13,2019,110.0,1.0,1.0,1.0,2264971,1.0,1,1,1,0.0,,-1.0,0,1993.0,B01,138Â 203Â 843,8.0,0.0,-1.0,1728882,2.0,7,,0.0,2.0,2.0,B01,138Â 203Â 843,1.0
1012827,201900054358,8,20,20:04,2,1,1,1.0,3.0,13081,A7-Sens Marseille vers Lyon,M,"43,4927500","5,2399900",13,2019,110.0,1.0,1.0,1.0,2264971,1.0,1,1,1,0.0,,-1.0,0,1993.0,B01,138Â 203Â 843,8.0,0.0,-1.0,1728883,2.0,15,,0.0,2.0,6.0,A01,138Â 203Â 844,1.0
1012827,201900054358,8,20,20:04,2,1,1,1.0,3.0,13081,A7-Sens Marseille vers Lyon,M,"43,4927500","5,2399900",13,2019,110.0,1.0,1.0,1.0,2264972,2.0,2,4,2,0.0,,-1.0,0,1992.0,B01,138Â 203Â 843,8.0,5.0,-1.0,1728882,2.0,7,,0.0,2.0,2.0,B01,138Â 203Â 843,1.0
1012827,201900054358,8,20,20:04,2,1,1,1.0,3.0,13081,A7-Sens Marseille vers Lyon,M,"43,4927500","5,2399900",13,2019,110.0,1.0,1.0,1.0,2264972,2.0,2,4,2,0.0,,-1.0,0,1992.0,B01,138Â 203Â 843,8.0,5.0,-1.0,1728883,2.0,15,,0.0,2.0,6.0,A01,138Â 203Â 844,1.0
1012827,201900054358,8,20,20:04,2,1,1,1.0,3.0,13081,A7-Sens Marseille vers Lyon,M,"43,4927500","5,2399900",13,2019,110.0,1.0,1.0,1.0,2264973,1.0,1,1,1,0.0,,-1.0,0,1991.0,A01,138Â 203Â 844,8.0,0.0,-1.0,1728882,2.0,7,,0.0,2.0,2.0,B01,138Â 203Â 843,1.0
1012827,201900054358,8,20,20:04,2,1,1,1.0,3.0,13081,A7-Sens Marseille vers Lyon,M,"43,4927500","5,2399900",13,2019,110.0,1.0,1.0,1.0,2264973,1.0,1,1,1,0.0,,-1.0,0,1991.0,A01,138Â 203Â 844,8.0,0.0,-1.0,1728883,2.0,15,,0.0,2.0,6.0,A01,138Â 203Â 844,1.0
1012828,201900054359,8,19,08:10,1,1,1,1.0,7.0,13211,Sens Aubagne vers Marseille,M,"43,2885400","5,4986800",13,2019,90.0,2.0,1.0,1.0,2264974,1.0,1,4,2,5.0,,-1.0,0,1952.0,A01,138Â 203Â 842,1.0,0.0,-1.0,1728884,1.0,7,,3.0,0.0,1.0,A01,138Â 203Â 842,0.0
1012829,201900054360,8,19,14:30,1,1,1,8.0,2.0,13055,A507 sens Aubagne- Marseille,M,"43,3119859","5,4245371",13,2019,70.0,1.0,1.0,1.0,2264975,1.0,1,1,1,1.0,,-1.0,0,1995.0,B01,138Â 203Â 840,1.0,0.0,-1.0,1728885,2.0,7,,0.0,2.0,1.0,B01,138Â 203Â 840,1.0
1012829,201900054360,8,19,14:30,1,1,1,8.0,2.0,13055,A507 sens Aubagne- Marseille,M,"43,3119859","5,4245371",13,2019,70.0,1.0,1.0,1.0,2264975,1.0,1,1,1,1.0,,-1.0,0,1995.0,B01,138Â 203Â 840,1.0,0.0,-1.0,1728886,2.0,7,,0.0,2.0,4.0,A01,138Â 203Â 841,1.0
1012829,201900054360,8,19,14:30,1,1,1,8.0,2.0,13055,A507 sens Aubagne- Marseille,M,"43,3119859","5,4245371",13,2019,70.0,1.0,1.0,1.0,2264976,1.0,1,4,1,1.0,,-1.0,0,1969.0,A01,138Â 203Â 841,1.0,0.0,-1.0,1728885,2.0,7,,0.0,2.0,1.0,B01,138Â 203Â 840,1.0
1012829,201900054360,8,19,14:30,1,1,1,8.0,2.0,13055,A507 sens Aubagne- Marseille,M,"43,3119859","5,4245371",13,2019,70.0,1.0,1.0,1.0,2264976,1.0,1,4,1,1.0,,-1.0,0,1969.0,A01,138Â 203Â 841,1.0,0.0,-1.0,1728886,2.0,7,,0.0,2.0,4.0,A01,138Â 203Â 841,1.0
1012829,201900054360,8,19,14:30,1,1,1,8.0,2.0,13055,A507 sens Aubagne- Marseille,M,"43,3119859","5,4245371",13,2019,70.0,1.0,1.0,1.0,2264977,2.0,2,4,1,1.0,,-1.0,0,1990.0,A01,138Â 203Â 841,1.0,0.0,-1.0,1728885,2.0,7,,0.0,2.0,1.0,B01,138Â 203Â 840,1.0
1012829,201900054360,8,19,14:30,1,1,1,8.0,2.0,13055,A507 sens Aubagne- Marseille,M,"43,3119859","5,4245371",13,2019,70.0,1.0,1.0,1.0,2264977,2.0,2,4,1,1.0,,-1.0,0,1990.0,A01,138Â 203Â 841,1.0,0.0,-1.0,1728886,2.0,7,,0.0,2.0,4.0,A01,138Â 203Â 841,1.0
1012830,201900054361,8,20,13:25,1,1,1,3.0,6.0,69279,RD302   5.000 A 6.350,M,"45,7686900","5,0401200",69,2019,70.0,1.0,2.0,3.0,2264978,1.0,1,4,2,1.0,,-1.0,0,2001.0,A01,138Â 203Â 839,1.0,0.0,-1.0,1728887,2.0,7,,3.0,0.0,1.0,A01,138Â 203Â 839,1.0
1012831,201900054362,8,10,21:30,3,1,1,1.0,6.0,69256,A42     0.560 A 4.020,M,"45,7912700","4,9101400",69,2019,90.0,1.0,1.0,1.0,2264979,1.0,1,1,1,5.0,,-1.0,0,1981.0,A01,138Â 203Â 838,1.0,0.0,-1.0,1728888,2.0,7,,3.0,0.0,0.0,A01,138Â 203Â 838,1.0
1012831,201900054362,8,10,21:30,3,1,1,1.0,6.0,69256,A42     0.560 A 4.020,M,"45,7912700","4,9101400",69,2019,90.0,1.0,1.0,1.0,2264980,2.0,2,4,2,5.0,,-1.0,0,1982.0,A01,138Â 203Â 838,1.0,0.0,-1.0,1728888,2.0,7,,3.0,0.0,0.0,A01,138Â 203Â 838,1.0
1012832,201900054363,8,20,09:45,1,1,1,1.0,3.0,33063,ROCADE A 630,M,"44,8816800"," -0,5464700",33,2019,70.0,1.0,1.0,1.0,2264981,1.0,1,4,1,5.0,,-1.0, -1,1998.0,A01,138Â 203Â 836,1.0,8.0,-1.0,1728889,2.0,7,,4.0,2.0,7.0,A01,138Â 203Â 836,1.0
1012832,201900054363,8,20,09:45,1,1,1,1.0,3.0,33063,ROCADE A 630,M,"44,8816800"," -0,5464700",33,2019,70.0,1.0,1.0,1.0,2264981,1.0,1,4,1,5.0,,-1.0, -1,1998.0,A01,138Â 203Â 836,1.0,8.0,-1.0,1728890,2.0,38,1.0,0.0,2.0,8.0,B01,138Â 203Â 837,1.0
1012832,201900054363,8,20,09:45,1,1,1,1.0,3.0,33063,ROCADE A 630,M,"44,8816800"," -0,5464700",33,2019,70.0,1.0,1.0,1.0,2264982,1.0,1,1,1,4.0,,-1.0, -1,1967.0,B01,138Â 203Â 837,1.0,8.0,-1.0,1728889,2.0,7,,4.0,2.0,7.0,A01,138Â 203Â 836,1.0
1012832,201900054363,8,20,09:45,1,1,1,1.0,3.0,33063,ROCADE A 630,M,"44,8816800"," -0,5464700",33,2019,70.0,1.0,1.0,1.0,2264982,1.0,1,1,1,4.0,,-1.0, -1,1967.0,B01,138Â 203Â 837,1.0,8.0,-1.0,1728890,2.0,38,1.0,0.0,2.0,8.0,B01,138Â 203Â 837,1.0
1012833,201900054364,8,20,18:00,1,1,1,1.0,3.0,91136,RD 188,M,"48,7086400","2,2600800",91,2019,70.0,1.0,1.0,3.0,2264983,1.0,1,1,1,4.0,,0.0,0,1964.0,B01,138Â 203Â 834,1.0,4.0,-1.0,1728891,3.0,15,,0.0,2.0,3.0,B01,138Â 203Â 834,1.0
1012833,201900054364,8,20,18:00,1,1,1,1.0,3.0,91136,RD 188,M,"48,7086400","2,2600800",91,2019,70.0,1.0,1.0,3.0,2264983,1.0,1,1,1,4.0,,0.0,0,1964.0,B01,138Â 203Â 834,1.0,4.0,-1.0,1728892,3.0,7,,0.0,2.0,3.0,A01,138Â 203Â 835,1.0
1012833,201900054364,8,20,18:00,1,1,1,1.0,3.0,91136,RD 188,M,"48,7086400","2,2600800",91,2019,70.0,1.0,1.0,3.0,2264984,3.0,2,4,1,0.0,,0.0,0,2014.0,A01,138Â 203Â 835,1.0,8.0,-1.0,1728891,3.0,15,,0.0,2.0,3.0,B01,138Â 203Â 834,1.0
1012833,201900054364,8,20,18:00,1,1,1,1.0,3.0,91136,RD 188,M,"48,7086400","2,2600800",91,2019,70.0,1.0,1.0,3.0,2264984,3.0,2,4,1,0.0,,0.0,0,2014.0,A01,138Â 203Â 835,1.0,8.0,-1.0,1728892,3.0,7,,0.0,2.0,3.0,A01,138Â 203Â 835,1.0
1012833,201900054364,8,20,18:00,1,1,1,1.0,3.0,91136,RD 188,M,"48,7086400","2,2600800",91,2019,70.0,1.0,1.0,3.0,2264985,1.0,1,4,1,5.0,,0.0,0,1984.0,A01,138Â 203Â 835,1.0,0.0,-1.0,1728891,3.0,15,,0.0,2.0,3.0,B01,138Â 203Â 834,1.0
1012833,201900054364,8,20,18:00,1,1,1,1.0,3.0,91136,RD 188,M,"48,7086400","2,2600800",91,2019,70.0,1.0,1.0,3.0,2264985,1.0,1,4,1,5.0,,0.0,0,1984.0,A01,138Â 203Â 835,1.0,0.0,-1.0,1728892,3.0,7,,0.0,2.0,3.0,A01,138Â 203Â 835,1.0
1012833,201900054364,8,20,18:00,1,1,1,1.0,3.0,91136,RD 188,M,"48,7086400","2,2600800",91,2019,70.0,1.0,1.0,3.0,2264986,4.0,2,4,2,0.0,,0.0,0,2013.0,A01,138Â 203Â 835,1.0,8.0,-1.0,1728891,3.0,15,,0.0,2.0,3.0,B01,138Â 203Â 834,1.0