Unnamed: 0_x,num_acc,mois,jour,hrmn,lum,agg,int,atm,col,com,adr,gps,lat,long,dep,annee,vma,situ,surf,catr,Unnamed: 0_y,place,catu,grav,sexe,trajet,secu,locp,actp,an_nais,num_veh_x,id_vehicule_x,secu1,secu2,secu3,Unnamed: 0,senc,catv,occutc,obs,obsm,choc,num_veh_y,id_vehicule_y,motor
1012833,201900054364,8,20,18:00,1,1,1,1.0,3.0,91136,RD 188,M,"48,7086400","2,2600800",91,2019,70.0,1.0,1.0,3.0,2264986,4.0,2,4,2,0.0,,0.0,0,2013.0,A01,138Â 203Â 835,1.0,8.0,-1.0,1728892,3.0,7,,0.0,2.0,3.0,A01,138Â 203Â 835,1.0
1012834,201900054365,8,20,17:55,1,1,1,1.0,7.0,94069,Autoroute A4,M,"48,8172300","2,4299900",94,2019,90.0,1.0,1.0,1.0,2264987,1.0,1,4,1,1.0,,0.0,0,1986.0,A01,138Â 203Â 833,2.0,6.0,-1.0,1728893,1.0,34,,4.0,0.0,2.0,A01,138Â 203Â 833,1.0
1012835,201900054366,8,20,09:15,1,1,1,1.0,2.0,94069,A86 EXT,M,"48,8148000","2,4484000",94,2019,70.0,1.0,1.0,1.0,2264988,1.0,1,4,1,0.0,,-1.0, -1,1991.0,B01,138Â 203Â 831,2.0,6.0,-1.0,1728894,2.0,33,,0.0,2.0,7.0,B01,138Â 203Â 831,1.0
1012835,201900054366,8,20,09:15,1,1,1,1.0,2.0,94069,A86 EXT,M,"48,8148000","2,4484000",94,2019,70.0,1.0,1.0,1.0,2264988,1.0,1,4,1,0.0,,-1.0, -1,1991.0,B01,138Â 203Â 831,2.0,6.0,-1.0,1728895,2.0,7,,0.0,2.0,5.0,A01,138Â 203Â 832,1.0
1012835,201900054366,8,20,09:15,1,1,1,1.0,2.0,94069,A86 EXT,M,"48,8148000","2,4484000",94,2019,70.0,1.0,1.0,1.0,2264989,1.0,1,1,1,5.0,,0.0,0,1978.0,A01,138Â 203Â 832,1.0,0.0,-1.0,1728894,2.0,33,,0.0,2.0,7.0,B01,138Â 203Â 831,1.0
1012835,201900054366,8,20,09:15,1,1,1,1.0,2.0,94069,A86 EXT,M,"48,8148000","2,4484000",94,2019,70.0,1.0,1.0,1.0,2264989,1.0,1,1,1,5.0,,0.0,0,1978.0,A01,138Â 203Â 832,1.0,0.0,-1.0,1728895,2.0,7,,0.0,2.0,5.0,A01,138Â 203Â 832,1.0
1012836,201900054367,6,18,21:05,2,2,1,1.0,4.0,80021,GENERAL FOY (AVENUE DU ),M,"49,8873360","2,2794900",80,2019,50.0,1.0,1.0,4.0,2264990,1.0,1,4,2,0.0,,-1.0, -1,2000.0,A01,138Â 203Â 827,1.0,0.0,-1.0,1728896,0.0,7,,0.0,2.0,1.0,A01,138Â 203Â 827,1.0
1012836,201900054367,6,18,21:05,2,2,1,1.0,4.0,80021,GENERAL FOY (AVENUE DU ),M,"49,8873360","2,2794900",80,2019,50.0,1.0,1.0,4.0,2264990,1.0,1,4,2,0.0,,-1.0, -1,2000.0,A01,138Â 203Â 827,1.0,0.0,-1.0,1728897,0.0,7,,0.0,2.0,4.0,B01,138Â 203Â 828,1.0
1012836,201900054367,6,18,21:05,2,2,1,1.0,4.0,80021,GENERAL FOY (AVENUE DU ),M,"49,8873360","2,2794900",80,2019,50.0,1.0,1.0,4.0,2264990,1.0,1,4,2,0.0,,-1.0, -1,2000.0,A01,138Â 203Â 827,1.0,0.0,-1.0,1728898,0.0,7,,0.0,2.0,4.0,C01,138Â 203Â 829,1.0
1012836,201900054367,6,18,21:05,2,2,1,1.0,4.0,80021,GENERAL FOY (AVENUE DU ),M,"49,8873360","2,2794900",80,2019,50.0,1.0,1.0,4.0,2264991,4.0,2,4,2,0.0,,-1.0, -1,2019.0,B01,138Â 203Â 828,1.0,0.0,-1.0,1728896,0.0,7,,0.0,2.0,1.0,A01,138Â 203Â 827,1.0
1012836,201900054367,6,18,21:05,2,2,1,1.0,4.0,80021,GENERAL FOY (AVENUE DU ),M,"49,8873360","2,2794900",80,2019,50.0,1.0,1.0,4.0,2264991,4.0,2,4,2,0.0,,-1.0, -1,2019.0,B01,138Â 203Â 828,1.0,0.0,-1.0,1728897,0.0,7,,0.0,2.0,4.0,B01,138Â 203Â 828,1.0
1012836,201900054367,6,18,21:05,2,2,1,1.0,4.0,80021,GENERAL FOY (AVENUE DU ),M,"49,8873360","2,2794900",80,2019,50.0,1.0,1.0,4.0,2264991,4.0,2,4,2,0.0,,-1.0, -1,2019.0,B01,138Â 203Â 828,1.0,0.0,-1.0,1728898,0.0,7,,0.0,2.0,4.0,C01,138Â 203Â 829,1.0
1012836,201900054367,6,18,21:05,2,2,1,1.0,4.0,80021,GENERAL FOY (AVENUE DU ),M,"49,8873360","2,2794900",80,2019,50.0,1.0,1.0,4.0,2264992,1.0,1,1,1,0.0,,-1.0, -1,1988.0,B01,138Â 203Â 828,1.0,0.0,-1.0,1728896,0.0,7,,0.0,2.0,1.0,A01,138Â 203Â 827,1.0
1012836,201900054367,6,18,21:05,2,2,1,1.0,4.0,80021,GENERAL FOY (AVENUE DU ),M,"49,8873360","2,2794900",80,2019,50.0,1.0,1.0,4.0,2264992,1.0,1,1,1,0.0,,-1.0, -1,1988.0,B01,138Â 203Â 828,1.0,0.0,-1.0,1728897,0.0,7,,0.0,2.0,4.0,B01,138Â 203Â 828,1.0
1012836,201900054367,6,18,21:05,2,2,1,1.0,4.0,80021,GENERAL FOY (AVENUE DU ),M,"49,8873360","2,2794900",80,2019,50.0,1.0,1.0,4.0,2264992,1.0,1,1,1,0.0,,-1.0, -1,1988.0,B01,138Â 203Â 828,1.0,0.0,-1.0,1728898,0.0,7,,0.0,2.0,4.0,C01,138Â 203Â 829,1.0
1012836,201900054367,6,18,21:05,2,2,1,1.0,4.0,80021,GENERAL FOY (AVENUE DU ),M,"49,8873360","2,2794900",80,2019,50.0,1.0,1.0,4.0,2264993,1.0,1,1,2,0.0,,-1.0, -1,1992.0,C01,138Â 203Â 829,1.0,0.0,-1.0,1728896,0.0,7,,0.0,2.0,1.0,A01,138Â 203Â 827,1.0
1012836,201900054367,6,18,21:05,2,2,1,1.0,4.0,80021,GENERAL FOY (AVENUE DU ),M,"49,8873360","2,2794900",80,2019,50.0,1.0,1.0,4.0,2264993,1.0,1,1,2,0.0,,-1.0, -1,1992.0,C01,138Â 203Â 829,1.0,0.0,-1.0,1728897,0.0,7,,0.0,2.0,4.0,B01,138Â 203Â 828,1.0
1012836,201900054367,6,18,21:05,2,2,1,1.0,4.0,80021,GENERAL FOY (AVENUE DU ),M,"49,8873360","2,2794900",80,2019,50.0,1.0,1.0,4.0,2264993,1.0,1,1,2,0.0,,-1.0, -1,1992.0,C01,138Â 203Â 829,1.0,0.0,-1.0,1728898,0.0,7,,0.0,2.0,4.0,C01,138Â 203Â 829,1.0
1012837,201900054368,6,18,17:04,1,2,1,1.0,3.0,80021,R EDOUARD LUCAS,M,"49,8990540","2,2694110",80,2019,50.0,1.0,1.0,4.0,2264994,1.0,1,1,2,0.0,,0.0,0,1989.0,A01,138Â 203Â 825,1.0,0.0,-1.0,1728899,0.0,7,,0.0,2.0,2.0,A01,138Â 203Â 825,1.0
1012837,201900054368,6,18,17:04,1,2,1,1.0,3.0,80021,R EDOUARD LUCAS,M,"49,8990540","2,2694110",80,2019,50.0,1.0,1.0,4.0,2264994,1.0,1,1,2,0.0,,0.0,0,1989.0,A01,138Â 203Â 825,1.0,0.0,-1.0,1728900,0.0,2,,0.0,2.0,1.0,B01,138Â 203Â 826,1.0
1012837,201900054368,6,18,17:04,1,2,1,1.0,3.0,80021,R EDOUARD LUCAS,M,"49,8990540","2,2694110",80,2019,50.0,1.0,1.0,4.0,2264995,1.0,1,4,1,0.0,,0.0,0,1972.0,B01,138Â 203Â 826,2.0,0.0,-1.0,1728899,0.0,7,,0.0,2.0,2.0,A01,138Â 203Â 825,1.0
1012837,201900054368,6,18,17:04,1,2,1,1.0,3.0,80021,R EDOUARD LUCAS,M,"49,8990540","2,2694110",80,2019,50.0,1.0,1.0,4.0,2264995,1.0,1,4,1,0.0,,0.0,0,1972.0,B01,138Â 203Â 826,2.0,0.0,-1.0,1728900,0.0,2,,0.0,2.0,1.0,B01,138Â 203Â 826,1.0
1012838,201900054369,6,18,07:40,1,2,1,1.0,2.0,80021,R FRANKLIN ROOSEVELT ,M,"49,9175890","2,2931320",80,2019,50.0,1.0,1.0,4.0,2264996,1.0,1,4,1,0.0,,0.0,0,1981.0,B01,138Â 203Â 823,1.0,0.0,-1.0,1728901,0.0,10,,0.0,2.0,6.0,B01,138Â 203Â 823,1.0
1012838,201900054369,6,18,07:40,1,2,1,1.0,2.0,80021,R FRANKLIN ROOSEVELT ,M,"49,9175890","2,2931320",80,2019,50.0,1.0,1.0,4.0,2264996,1.0,1,4,1,0.0,,0.0,0,1981.0,B01,138Â 203Â 823,1.0,0.0,-1.0,1728902,0.0,17,,0.0,2.0,2.0,A01,138Â 203Â 824,1.0
1012838,201900054369,6,18,07:40,1,2,1,1.0,2.0,80021,R FRANKLIN ROOSEVELT ,M,"49,9175890","2,2931320",80,2019,50.0,1.0,1.0,4.0,2264997,1.0,1,1,1,0.0,,0.0,0,1969.0,A01,138Â 203Â 824,1.0,0.0,-1.0,1728901,0.0,10,,0.0,2.0,6.0,B01,138Â 203Â 823,1.0
1012838,201900054369,6,18,07:40,1,2,1,1.0,2.0,80021,R FRANKLIN ROOSEVELT ,M,"49,9175890","2,2931320",80,2019,50.0,1.0,1.0,4.0,2264997,1.0,1,1,1,0.0,,0.0,0,1969.0,A01,138Â 203Â 824,1.0,0.0,-1.0,1728902,0.0,17,,0.0,2.0,2.0,A01,138Â 203Â 824,1.0
1012839,201900054370,6,1,17:40,1,1,1,1.0,7.0,80724,,M,"49,8505780","2,2160820",80,2019,80.0,1.0,1.0,3.0,2264998,4.0,2,2,2,5.0,,0.0,0,1955.0,A01,138Â 203Â 822,1.0,0.0,-1.0,1728903,2.0,7,,2.0,0.0,1.0,A01,138Â 203Â 822,1.0
1012839,201900054370,6,1,17:40,1,1,1,1.0,7.0,80724,,M,"49,8505780","2,2160820",80,2019,80.0,1.0,1.0,3.0,2264999,2.0,2,3,1,5.0,,0.0,0,1940.0,A01,138Â 203Â 822,1.0,0.0,-1.0,1728903,2.0,7,,2.0,0.0,1.0,A01,138Â 203Â 822,1.0
1012839,201900054370,6,1,17:40,1,1,1,1.0,7.0,80724,,M,"49,8505780","2,2160820",80,2019,80.0,1.0,1.0,3.0,2265000,1.0,1,2,1,5.0,,0.0,0,1947.0,A01,138Â 203Â 822,1.0,0.0,-1.0,1728903,2.0,7,,2.0,0.0,1.0,A01,138Â 203Â 822,1.0
1012840,201900054371,8,17,15:40,1,2,1,1.0,3.0,63032,MONT-DORE (AVENUE DU),M,"45,7493000","3,0789600",63,2019,50.0,1.0,1.0,4.0,2265001,1.0,1,1,1,0.0,,-1.0, -1,1992.0,B01,138Â 203Â 818,1.0,0.0,-1.0,1728904,2.0,7,,0.0,2.0,7.0,B01,138Â 203Â 818,1.0
1012840,201900054371,8,17,15:40,1,2,1,1.0,3.0,63032,MONT-DORE (AVENUE DU),M,"45,7493000","3,0789600",63,2019,50.0,1.0,1.0,4.0,2265001,1.0,1,1,1,0.0,,-1.0, -1,1992.0,B01,138Â 203Â 818,1.0,0.0,-1.0,1728905,1.0,7,,0.0,2.0,1.0,A01,138Â 203Â 819,1.0
1012840,201900054371,8,17,15:40,1,2,1,1.0,3.0,63032,MONT-DORE (AVENUE DU),M,"45,7493000","3,0789600",63,2019,50.0,1.0,1.0,4.0,2265002,2.0,2,4,1,0.0,,-1.0, -1,1994.0,B01,138Â 203Â 818,1.0,0.0,-1.0,1728904,2.0,7,,0.0,2.0,7.0,B01,138Â 203Â 818,1.0
1012840,201900054371,8,17,15:40,1,2,1,1.0,3.0,63032,MONT-DORE (AVENUE DU),M,"45,7493000","3,0789600",63,2019,50.0,1.0,1.0,4.0,2265002,2.0,2,4,1,0.0,,-1.0, -1,1994.0,B01,138Â 203Â 818,1.0,0.0,-1.0,1728905,1.0,7,,0.0,2.0,1.0,A01,138Â 203Â 819,1.0
1012840,201900054371,8,17,15:40,1,2,1,1.0,3.0,63032,MONT-DORE (AVENUE DU),M,"45,7493000","3,0789600",63,2019,50.0,1.0,1.0,4.0,2265003,1.0,1,1,2,0.0,,-1.0, -1,1962.0,A01,138Â 203Â 819,1.0,0.0,-1.0,1728904,2.0,7,,0.0,2.0,7.0,B01,138Â 203Â 818,1.0
1012840,201900054371,8,17,15:40,1,2,1,1.0,3.0,63032,MONT-DORE (AVENUE DU),M,"45,7493000","3,0789600",63,2019,50.0,1.0,1.0,4.0,2265003,1.0,1,1,2,0.0,,-1.0, -1,1962.0,A01,138Â 203Â 819,1.0,0.0,-1.0,1728905,1.0,7,,0.0,2.0,1.0,A01,138Â 203Â 819,1.0
1012841,201900054372,8,14,19:45,1,2,6,1.0,2.0,63014,COURNON (AVENUE DE),M,"45,7553700","3,1459800",63,2019,50.0,1.0,1.0,7.0,2265004,1.0,1,4,1,0.0,,0.0,0,1988.0,A01,138Â 203Â 816,2.0,8.0,-1.0,1728906,1.0,1,,0.0,2.0,1.0,A01,138Â 203Â 816,5.0
1012841,201900054372,8,14,19:45,1,2,6,1.0,2.0,63014,COURNON (AVENUE DE),M,"45,7553700","3,1459800",63,2019,50.0,1.0,1.0,7.0,2265004,1.0,1,4,1,0.0,,0.0,0,1988.0,A01,138Â 203Â 816,2.0,8.0,-1.0,1728907,1.0,7,,0.0,2.0,4.0,B01,138Â 203Â 817,1.0
1012841,201900054372,8,14,19:45,1,2,6,1.0,2.0,63014,COURNON (AVENUE DE),M,"45,7553700","3,1459800",63,2019,50.0,1.0,1.0,7.0,2265005,1.0,1,1,1,0.0,,-1.0, -1,1972.0,B01,138Â 203Â 817,1.0,0.0,-1.0,1728906,1.0,1,,0.0,2.0,1.0,A01,138Â 203Â 816,5.0
1012841,201900054372,8,14,19:45,1,2,6,1.0,2.0,63014,COURNON (AVENUE DE),M,"45,7553700","3,1459800",63,2019,50.0,1.0,1.0,7.0,2265005,1.0,1,1,1,0.0,,-1.0, -1,1972.0,B01,138Â 203Â 817,1.0,0.0,-1.0,1728907,1.0,7,,0.0,2.0,4.0,B01,138Â 203Â 817,1.0
1012842,201900054373,8,17,23:35,3,2,1,3.0,7.0,51454,ROUTE DE CERNAY,M,"49,2600098","4,0674216",51,2019,50.0,1.0,2.0,6.0,2265006,2.0,2,4,1,5.0,,-1.0,0,2000.0,A01,138Â 203Â 815,8.0,5.0,-1.0,1728908,3.0,7,,6.0,0.0,1.0,A01,138Â 203Â 815,1.0
1012842,201900054373,8,17,23:35,3,2,1,3.0,7.0,51454,ROUTE DE CERNAY,M,"49,2600098","4,0674216",51,2019,50.0,1.0,2.0,6.0,2265007,1.0,1,1,1,5.0,,-1.0,0,1999.0,A01,138Â 203Â 815,1.0,5.0,-1.0,1728908,3.0,7,,6.0,0.0,1.0,A01,138Â 203Â 815,1.0
1012843,201900054374,6,8,13:45,1,1,1,1.0,7.0,69246,D96,M,"45,9391710","4,6160450",69,2019,50.0,3.0,1.0,3.0,2265008,1.0,1,3,1,5.0,,0.0,0,1986.0,A01,138Â 203Â 814,2.0,-1.0,-1.0,1728909,1.0,2,,6.0,0.0,0.0,A01,138Â 203Â 814,0.0
1012844,201900054375,6,8,16:30,1,2,2,1.0,6.0,95585,PERRET (AVENUE AUGUSTE ),M,"48,9758045","2,3829225",95,2019,50.0,1.0,1.0,4.0,2265009,1.0,1,1,1,5.0,,-1.0,0,1997.0,A01,138Â 203Â 812,1.0,0.0,-1.0,1728910,3.0,7,,0.0,1.0,1.0,A01,138Â 203Â 812,1.0
1012844,201900054375,6,8,16:30,1,2,2,1.0,6.0,95585,PERRET (AVENUE AUGUSTE ),M,"48,9758045","2,3829225",95,2019,50.0,1.0,1.0,4.0,2265009,1.0,1,1,1,5.0,,-1.0,0,1997.0,A01,138Â 203Â 812,1.0,0.0,-1.0,1728911,3.0,7,,0.0,2.0,1.0,A01,138Â 203Â 813,-1.0
1012844,201900054375,6,8,16:30,1,2,2,1.0,6.0,95585,PERRET (AVENUE AUGUSTE ),M,"48,9758045","2,3829225",95,2019,50.0,1.0,1.0,4.0,2265010,10.0,3,4,2,5.0,,4.0,3,2012.0,A01,138Â 203Â 812,0.0,0.0,0.0,1728910,3.0,7,,0.0,1.0,1.0,A01,138Â 203Â 812,1.0
1012844,201900054375,6,8,16:30,1,2,2,1.0,6.0,95585,PERRET (AVENUE AUGUSTE ),M,"48,9758045","2,3829225",95,2019,50.0,1.0,1.0,4.0,2265010,10.0,3,4,2,5.0,,4.0,3,2012.0,A01,138Â 203Â 812,0.0,0.0,0.0,1728911,3.0,7,,0.0,2.0,1.0,A01,138Â 203Â 813,-1.0
1012844,201900054375,6,8,16:30,1,2,2,1.0,6.0,95585,PERRET (AVENUE AUGUSTE ),M,"48,9758045","2,3829225",95,2019,50.0,1.0,1.0,4.0,2265011,1.0,1,1,1,5.0,,-1.0,0,1990.0,A01,138Â 203Â 813,8.0,-1.0,-1.0,1728910,3.0,7,,0.0,1.0,1.0,A01,138Â 203Â 812,1.0
1012844,201900054375,6,8,16:30,1,2,2,1.0,6.0,95585,PERRET (AVENUE AUGUSTE ),M,"48,9758045","2,3829225",95,2019,50.0,1.0,1.0,4.0,2265011,1.0,1,1,1,5.0,,-1.0,0,1990.0,A01,138Â 203Â 813,8.0,-1.0,-1.0,1728911,3.0,7,,0.0,2.0,1.0,A01,138Â 203Â 813,-1.0
1012845,201900054376,8,18,21:31,5,2,2,1.0,6.0,91421,CHARLES DE GAULLE (AVENUE),M,"48,6948500","2,4513900",91,2019,30.0,3.0,1.0,4.0,2265012,1.0,1,4,1,0.0,,0.0,0,1969.0,A01,138Â 203Â 811,8.0,0.0,-1.0,1728912,2.0,7,,9.0,0.0,2.0,A01,138Â 203Â 811,1.0
1012846,201900054377,8,18,20:20,1,2,2,2.0,3.0,89024,MONTARDOINS (RUE DES),M,"47,7893200","3,5803100",89,2019,50.0,1.0,2.0,4.0,2265013,1.0,1,3,1,5.0,,0.0,0,1993.0,A01,138Â 203Â 808,2.0,6.0,-1.0,1728913,2.0,2,,0.0,2.0,1.0,A01,138Â 203Â 808,1.0
1012846,201900054377,8,18,20:20,1,2,2,2.0,3.0,89024,MONTARDOINS (RUE DES),M,"47,7893200","3,5803100",89,2019,50.0,1.0,2.0,4.0,2265013,1.0,1,3,1,5.0,,0.0,0,1993.0,A01,138Â 203Â 808,2.0,6.0,-1.0,1728914,2.0,7,,0.0,2.0,6.0,B01,138Â 203Â 809,1.0
1012846,201900054377,8,18,20:20,1,2,2,2.0,3.0,89024,MONTARDOINS (RUE DES),M,"47,7893200","3,5803100",89,2019,50.0,1.0,2.0,4.0,2265014,1.0,1,1,1,5.0,,0.0,0,1990.0,B01,138Â 203Â 809,1.0,0.0,-1.0,1728913,2.0,2,,0.0,2.0,1.0,A01,138Â 203Â 808,1.0
1012846,201900054377,8,18,20:20,1,2,2,2.0,3.0,89024,MONTARDOINS (RUE DES),M,"47,7893200","3,5803100",89,2019,50.0,1.0,2.0,4.0,2265014,1.0,1,1,1,5.0,,0.0,0,1990.0,B01,138Â 203Â 809,1.0,0.0,-1.0,1728914,2.0,7,,0.0,2.0,6.0,B01,138Â 203Â 809,1.0
1012847,201900054378,8,16,15:55,1,1,1,1.0,1.0,89346,LINDRY ( RUE DE ),M,"47,8009500","3,5102500",89,2019,70.0,1.0,1.0,3.0,2265015,1.0,1,3,2,3.0,,-1.0, -1,1952.0,A01,138Â 203Â 806,1.0,5.0,-1.0,1728915,2.0,7,,0.0,2.0,3.0,A01,138Â 203Â 806,1.0
1012847,201900054378,8,16,15:55,1,1,1,1.0,1.0,89346,LINDRY ( RUE DE ),M,"47,8009500","3,5102500",89,2019,70.0,1.0,1.0,3.0,2265015,1.0,1,3,2,3.0,,-1.0, -1,1952.0,A01,138Â 203Â 806,1.0,5.0,-1.0,1728916,1.0,17,,6.0,2.0,1.0,B01,138Â 203Â 807,1.0
1012847,201900054378,8,16,15:55,1,1,1,1.0,1.0,89346,LINDRY ( RUE DE ),M,"47,8009500","3,5102500",89,2019,70.0,1.0,1.0,3.0,2265016,1.0,1,4,1,4.0,,-1.0, -1,1972.0,B01,138Â 203Â 807,1.0,5.0,-1.0,1728915,2.0,7,,0.0,2.0,3.0,A01,138Â 203Â 806,1.0
1012847,201900054378,8,16,15:55,1,1,1,1.0,1.0,89346,LINDRY ( RUE DE ),M,"47,8009500","3,5102500",89,2019,70.0,1.0,1.0,3.0,2265016,1.0,1,4,1,4.0,,-1.0, -1,1972.0,B01,138Â 203Â 807,1.0,5.0,-1.0,1728916,1.0,17,,6.0,2.0,1.0,B01,138Â 203Â 807,1.0
1012848,201900054379,8,17,19:31,1,2,1,1.0,1.0,87075,COURRIERES (ROUTE DES),M,"45,8158700","1,2150400",87,2019,50.0,1.0,1.0,4.0,2265017,1.0,1,1,1,5.0,,0.0,0,1999.0,A01,138Â 203Â 804,1.0,0.0,-1.0,1728917,1.0,7,,0.0,2.0,1.0,A01,138Â 203Â 804,1.0
1012848,201900054379,8,17,19:31,1,2,1,1.0,1.0,87075,COURRIERES (ROUTE DES),M,"45,8158700","1,2150400",87,2019,50.0,1.0,1.0,4.0,2265017,1.0,1,1,1,5.0,,0.0,0,1999.0,A01,138Â 203Â 804,1.0,0.0,-1.0,1728918,2.0,7,,0.0,2.0,1.0,B01,138Â 203Â 805,1.0
1012848,201900054379,8,17,19:31,1,2,1,1.0,1.0,87075,COURRIERES (ROUTE DES),M,"45,8158700","1,2150400",87,2019,50.0,1.0,1.0,4.0,2265018,1.0,1,4,1,5.0,,0.0,0,1974.0,B01,138Â 203Â 805,1.0,0.0,-1.0,1728917,1.0,7,,0.0,2.0,1.0,A01,138Â 203Â 804,1.0
1012848,201900054379,8,17,19:31,1,2,1,1.0,1.0,87075,COURRIERES (ROUTE DES),M,"45,8158700","1,2150400",87,2019,50.0,1.0,1.0,4.0,2265018,1.0,1,4,1,5.0,,0.0,0,1974.0,B01,138Â 203Â 805,1.0,0.0,-1.0,1728918,2.0,7,,0.0,2.0,1.0,B01,138Â 203Â 805,1.0
1012849,201900054380,8,17,15:11,1,1,1,1.0,6.0,87114,FONSALADE - LIEU DIT,M,"45,8381100","1,3411300",87,2019,50.0,3.0,1.0,4.0,2265019,1.0,1,3,1,5.0,,0.0,0,1950.0,A01,138Â 203Â 803,2.0,6.0,-1.0,1728919,1.0,33,,6.0,0.0,1.0,A01,138Â 203Â 803,1.0
1012850,201900054381,8,17,15:21,1,2,1,1.0,6.0,87085,PONT NEUF,M,"45,8258300","1,2691700",87,2019,50.0,1.0,1.0,3.0,2265020,1.0,1,4,1,5.0,,0.0,0,1977.0,B01,138Â 203Â 801,2.0,0.0,-1.0,1728920,2.0,80,,0.0,0.0,0.0,B01,138Â 203Â 801,3.0
1012850,201900054381,8,17,15:21,1,2,1,1.0,6.0,87085,PONT NEUF,M,"45,8258300","1,2691700",87,2019,50.0,1.0,1.0,3.0,2265020,1.0,1,4,1,5.0,,0.0,0,1977.0,B01,138Â 203Â 801,2.0,0.0,-1.0,1728921,2.0,10,,0.0,0.0,0.0,A01,138Â 203Â 802,1.0
1012850,201900054381,8,17,15:21,1,2,1,1.0,6.0,87085,PONT NEUF,M,"45,8258300","1,2691700",87,2019,50.0,1.0,1.0,3.0,2265021,1.0,1,1,2,5.0,,0.0,0,1967.0,A01,138Â 203Â 802,1.0,0.0,-1.0,1728920,2.0,80,,0.0,0.0,0.0,B01,138Â 203Â 801,3.0
1012850,201900054381,8,17,15:21,1,2,1,1.0,6.0,87085,PONT NEUF,M,"45,8258300","1,2691700",87,2019,50.0,1.0,1.0,3.0,2265021,1.0,1,1,2,5.0,,0.0,0,1967.0,A01,138Â 203Â 802,1.0,0.0,-1.0,1728921,2.0,10,,0.0,0.0,0.0,A01,138Â 203Â 802,1.0
1012851,201900054382,8,18,09:00,1,2,6,1.0,3.0,85194, RUE DES CAPUCINES ,M,"46,5161700"," -1,7762100",85,2019,50.0,1.0,1.0,4.0,2265022,1.0,1,1,1,3.0,,0.0,0,1940.0,A01,138Â 203Â 799,1.0,8.0,-1.0,1728922,2.0,7,,0.0,2.0,1.0,A01,138Â 203Â 799,1.0
1012851,201900054382,8,18,09:00,1,2,6,1.0,3.0,85194, RUE DES CAPUCINES ,M,"46,5161700"," -1,7762100",85,2019,50.0,1.0,1.0,4.0,2265022,1.0,1,1,1,3.0,,0.0,0,1940.0,A01,138Â 203Â 799,1.0,8.0,-1.0,1728923,2.0,2,,0.0,2.0,7.0,B01,138Â 203Â 800,0.0
1012851,201900054382,8,18,09:00,1,2,6,1.0,3.0,85194, RUE DES CAPUCINES ,M,"46,5161700"," -1,7762100",85,2019,50.0,1.0,1.0,4.0,2265023,2.0,1,4,2,1.0,,0.0,0,2001.0,B01,138Â 203Â 800,2.0,6.0,-1.0,1728922,2.0,7,,0.0,2.0,1.0,A01,138Â 203Â 799,1.0
1012851,201900054382,8,18,09:00,1,2,6,1.0,3.0,85194, RUE DES CAPUCINES ,M,"46,5161700"," -1,7762100",85,2019,50.0,1.0,1.0,4.0,2265023,2.0,1,4,2,1.0,,0.0,0,2001.0,B01,138Â 203Â 800,2.0,6.0,-1.0,1728923,2.0,2,,0.0,2.0,7.0,B01,138Â 203Â 800,0.0
1012852,201900054383,8,19,10:20,1,2,9,1.0,3.0,83137,MOUTTET FELY (RUE),M,"43,1201200","5,9593400",83,2019,50.0,2.0,1.0,4.0,2265024,1.0,1,1,2,0.0,,-1.0,0,1969.0,A01,138Â 203Â 797,1.0,0.0,-1.0,1728924,0.0,7,,0.0,2.0,3.0,A01,138Â 203Â 797,1.0
1012852,201900054383,8,19,10:20,1,2,9,1.0,3.0,83137,MOUTTET FELY (RUE),M,"43,1201200","5,9593400",83,2019,50.0,2.0,1.0,4.0,2265024,1.0,1,1,2,0.0,,-1.0,0,1969.0,A01,138Â 203Â 797,1.0,0.0,-1.0,1728925,0.0,7,,0.0,2.0,7.0,B01,138Â 203Â 798,1.0
1012852,201900054383,8,19,10:20,1,2,9,1.0,3.0,83137,MOUTTET FELY (RUE),M,"43,1201200","5,9593400",83,2019,50.0,2.0,1.0,4.0,2265025,1.0,1,4,1,9.0,,-1.0,0,1969.0,B01,138Â 203Â 798,1.0,0.0,0.0,1728924,0.0,7,,0.0,2.0,3.0,A01,138Â 203Â 797,1.0
1012852,201900054383,8,19,10:20,1,2,9,1.0,3.0,83137,MOUTTET FELY (RUE),M,"43,1201200","5,9593400",83,2019,50.0,2.0,1.0,4.0,2265025,1.0,1,4,1,9.0,,-1.0,0,1969.0,B01,138Â 203Â 798,1.0,0.0,0.0,1728925,0.0,7,,0.0,2.0,7.0,B01,138Â 203Â 798,1.0
1012853,201900054384,8,18,21:00,5,2,1,1.0,6.0,83126,FABRE (QUAI SATURNIN),M,"43,1017200","5,8816600",83,2019,30.0,1.0,1.0,4.0,2265026,10.0,3,4,2,5.0,,3.0,3,2018.0,A01,138Â 203Â 796,8.0,0.0,-1.0,1728926,1.0,7,,0.0,1.0,3.0,A01,138Â 203Â 796,1.0
1012853,201900054384,8,18,21:00,5,2,1,1.0,6.0,83126,FABRE (QUAI SATURNIN),M,"43,1017200","5,8816600",83,2019,30.0,1.0,1.0,4.0,2265027,10.0,3,4,2,5.0,,3.0,3,1980.0,A01,138Â 203Â 796,8.0,0.0,-1.0,1728926,1.0,7,,0.0,1.0,3.0,A01,138Â 203Â 796,1.0
1012853,201900054384,8,18,21:00,5,2,1,1.0,6.0,83126,FABRE (QUAI SATURNIN),M,"43,1017200","5,8816600",83,2019,30.0,1.0,1.0,4.0,2265028,1.0,1,1,1,5.0,,-1.0, -1,1935.0,A01,138Â 203Â 796,1.0,0.0,-1.0,1728926,1.0,7,,0.0,1.0,3.0,A01,138Â 203Â 796,1.0