Unnamed: 0_x,num_acc,mois,jour,hrmn,lum,agg,int,atm,col,com,adr,gps,lat,long,dep,annee,vma,situ,surf,catr,Unnamed: 0_y,place,catu,grav,sexe,trajet,secu,locp,actp,an_nais,num_veh_x,id_vehicule_x,secu1,secu2,secu3,Unnamed: 0,senc,catv,occutc,obs,obsm,choc,num_veh_y,id_vehicule_y,motor
1012854,201900054385,8,17,10:35,1,2,1,1.0,3.0,83061,D37,M,"43,4556790","6,7435980",83,2019,50.0,1.0,1.0,3.0,2265029,1.0,1,3,1,0.0,,-1.0,0,1974.0,B01,138Â 203Â 794,2.0,6.0,-1.0,1728927,2.0,31,,0.0,2.0,1.0,B01,138Â 203Â 794,1.0
1012854,201900054385,8,17,10:35,1,2,1,1.0,3.0,83061,D37,M,"43,4556790","6,7435980",83,2019,50.0,1.0,1.0,3.0,2265029,1.0,1,3,1,0.0,,-1.0,0,1974.0,B01,138Â 203Â 794,2.0,6.0,-1.0,1728928,2.0,7,,0.0,6.0,3.0,A01,138Â 203Â 795,1.0
1012854,201900054385,8,17,10:35,1,2,1,1.0,3.0,83061,D37,M,"43,4556790","6,7435980",83,2019,50.0,1.0,1.0,3.0,2265030,1.0,1,1,1,5.0,,-1.0,0,1950.0,A01,138Â 203Â 795,1.0,0.0,-1.0,1728927,2.0,31,,0.0,2.0,1.0,B01,138Â 203Â 794,1.0
1012854,201900054385,8,17,10:35,1,2,1,1.0,3.0,83061,D37,M,"43,4556790","6,7435980",83,2019,50.0,1.0,1.0,3.0,2265030,1.0,1,1,1,5.0,,-1.0,0,1950.0,A01,138Â 203Â 795,1.0,0.0,-1.0,1728928,2.0,7,,0.0,6.0,3.0,A01,138Â 203Â 795,1.0
1012855,201900054386,8,13,18:45,1,2,1,1.0,6.0,83050,MENDES FRANCE(BOULEVARD PIERRE),M,"43,5321600","6,4649500",83,2019,50.0,1.0,1.0,4.0,2265031,1.0,1,1,2,0.0,,-1.0,0,1980.0,A01,138Â 203Â 793,1.0,0.0,-1.0,1728929,3.0,7,,9.0,0.0,2.0,A01,138Â 203Â 793,1.0
1012855,201900054386,8,13,18:45,1,2,1,1.0,6.0,83050,MENDES FRANCE(BOULEVARD PIERRE),M,"43,5321600","6,4649500",83,2019,50.0,1.0,1.0,4.0,2265032,10.0,3,4,2,3.0,,3.0,3,1959.0,A01,138Â 203Â 793,8.0,0.0,-1.0,1728929,3.0,7,,9.0,0.0,2.0,A01,138Â 203Â 793,1.0
1012856,201900054387,8,18,18:40,1,2,2,1.0,3.0,77305,PEPINIERE ROYALE (RUE DE LA),M,"48,3861100","2,9519200",77,2019,50.0,1.0,1.0,4.0,2265033,1.0,1,3,2,4.0,,-1.0,0,1992.0,B01,138Â 203Â 790,1.0,0.0,-1.0,1728930,1.0,7,,0.0,2.0,3.0,B01,138Â 203Â 790,1.0
1012856,201900054387,8,18,18:40,1,2,2,1.0,3.0,77305,PEPINIERE ROYALE (RUE DE LA),M,"48,3861100","2,9519200",77,2019,50.0,1.0,1.0,4.0,2265033,1.0,1,3,2,4.0,,-1.0,0,1992.0,B01,138Â 203Â 790,1.0,0.0,-1.0,1728931,2.0,7,,0.0,2.0,2.0,A01,138Â 203Â 791,1.0
1012856,201900054387,8,18,18:40,1,2,2,1.0,3.0,77305,PEPINIERE ROYALE (RUE DE LA),M,"48,3861100","2,9519200",77,2019,50.0,1.0,1.0,4.0,2265034,1.0,1,3,1,4.0,,-1.0,0,1984.0,A01,138Â 203Â 791,1.0,0.0,-1.0,1728930,1.0,7,,0.0,2.0,3.0,B01,138Â 203Â 790,1.0
1012856,201900054387,8,18,18:40,1,2,2,1.0,3.0,77305,PEPINIERE ROYALE (RUE DE LA),M,"48,3861100","2,9519200",77,2019,50.0,1.0,1.0,4.0,2265034,1.0,1,3,1,4.0,,-1.0,0,1984.0,A01,138Â 203Â 791,1.0,0.0,-1.0,1728931,2.0,7,,0.0,2.0,2.0,A01,138Â 203Â 791,1.0
1012857,201900054388,8,19,00:20,5,2,2,1.0,3.0,77475,D603 X D17,M,"48,9577500","2,9470900",77,2019,50.0,1.0,1.0,3.0,2265035,2.0,2,4,2,0.0,,0.0,0,2010.0,A01,138Â 203Â 788,1.0,0.0,-1.0,1728932,1.0,7,,8.0,2.0,1.0,A01,138Â 203Â 788,1.0
1012857,201900054388,8,19,00:20,5,2,2,1.0,3.0,77475,D603 X D17,M,"48,9577500","2,9470900",77,2019,50.0,1.0,1.0,3.0,2265035,2.0,2,4,2,0.0,,0.0,0,2010.0,A01,138Â 203Â 788,1.0,0.0,-1.0,1728933,2.0,7,,0.0,2.0,3.0,B01,138Â 203Â 789,1.0
1012857,201900054388,8,19,00:20,5,2,2,1.0,3.0,77475,D603 X D17,M,"48,9577500","2,9470900",77,2019,50.0,1.0,1.0,3.0,2265036,1.0,1,4,1,9.0,,-1.0,0,1982.0,A01,138Â 203Â 788,1.0,5.0,-1.0,1728932,1.0,7,,8.0,2.0,1.0,A01,138Â 203Â 788,1.0
1012857,201900054388,8,19,00:20,5,2,2,1.0,3.0,77475,D603 X D17,M,"48,9577500","2,9470900",77,2019,50.0,1.0,1.0,3.0,2265036,1.0,1,4,1,9.0,,-1.0,0,1982.0,A01,138Â 203Â 788,1.0,5.0,-1.0,1728933,2.0,7,,0.0,2.0,3.0,B01,138Â 203Â 789,1.0
1012857,201900054388,8,19,00:20,5,2,2,1.0,3.0,77475,D603 X D17,M,"48,9577500","2,9470900",77,2019,50.0,1.0,1.0,3.0,2265037,1.0,1,3,1,9.0,,-1.0,0,1950.0,B01,138Â 203Â 789,1.0,0.0,-1.0,1728932,1.0,7,,8.0,2.0,1.0,A01,138Â 203Â 788,1.0
1012857,201900054388,8,19,00:20,5,2,2,1.0,3.0,77475,D603 X D17,M,"48,9577500","2,9470900",77,2019,50.0,1.0,1.0,3.0,2265037,1.0,1,3,1,9.0,,-1.0,0,1950.0,B01,138Â 203Â 789,1.0,0.0,-1.0,1728933,2.0,7,,0.0,2.0,3.0,B01,138Â 203Â 789,1.0
1012858,201900054389,8,16,16:00,1,2,1,1.0,4.0,76351,PONT V (DU),M,"49,4846500","0,1519100",76,2019,50.0,1.0,1.0,4.0,2265038,1.0,1,4,1,1.0,,-1.0,0,2000.0,A01,138Â 203Â 785,2.0,8.0,-1.0,1728934,2.0,33,,0.0,2.0,4.0,A01,138Â 203Â 785,1.0
1012858,201900054389,8,16,16:00,1,2,1,1.0,4.0,76351,PONT V (DU),M,"49,4846500","0,1519100",76,2019,50.0,1.0,1.0,4.0,2265038,1.0,1,4,1,1.0,,-1.0,0,2000.0,A01,138Â 203Â 785,2.0,8.0,-1.0,1728935,2.0,7,,0.0,2.0,6.0,B01,138Â 203Â 786,1.0
1012858,201900054389,8,16,16:00,1,2,1,1.0,4.0,76351,PONT V (DU),M,"49,4846500","0,1519100",76,2019,50.0,1.0,1.0,4.0,2265038,1.0,1,4,1,1.0,,-1.0,0,2000.0,A01,138Â 203Â 785,2.0,8.0,-1.0,1728936,1.0,13,,0.0,2.0,1.0,C01,138Â 203Â 787,1.0
1012858,201900054389,8,16,16:00,1,2,1,1.0,4.0,76351,PONT V (DU),M,"49,4846500","0,1519100",76,2019,50.0,1.0,1.0,4.0,2265039,1.0,1,1,1,1.0,,-1.0,0,1992.0,B01,138Â 203Â 786,1.0,0.0,-1.0,1728934,2.0,33,,0.0,2.0,4.0,A01,138Â 203Â 785,1.0
1012858,201900054389,8,16,16:00,1,2,1,1.0,4.0,76351,PONT V (DU),M,"49,4846500","0,1519100",76,2019,50.0,1.0,1.0,4.0,2265039,1.0,1,1,1,1.0,,-1.0,0,1992.0,B01,138Â 203Â 786,1.0,0.0,-1.0,1728935,2.0,7,,0.0,2.0,6.0,B01,138Â 203Â 786,1.0
1012858,201900054389,8,16,16:00,1,2,1,1.0,4.0,76351,PONT V (DU),M,"49,4846500","0,1519100",76,2019,50.0,1.0,1.0,4.0,2265039,1.0,1,1,1,1.0,,-1.0,0,1992.0,B01,138Â 203Â 786,1.0,0.0,-1.0,1728936,1.0,13,,0.0,2.0,1.0,C01,138Â 203Â 787,1.0
1012858,201900054389,8,16,16:00,1,2,1,1.0,4.0,76351,PONT V (DU),M,"49,4846500","0,1519100",76,2019,50.0,1.0,1.0,4.0,2265040,1.0,1,1,1,4.0,,-1.0,0,1985.0,C01,138Â 203Â 787,1.0,0.0,-1.0,1728934,2.0,33,,0.0,2.0,4.0,A01,138Â 203Â 785,1.0
1012858,201900054389,8,16,16:00,1,2,1,1.0,4.0,76351,PONT V (DU),M,"49,4846500","0,1519100",76,2019,50.0,1.0,1.0,4.0,2265040,1.0,1,1,1,4.0,,-1.0,0,1985.0,C01,138Â 203Â 787,1.0,0.0,-1.0,1728935,2.0,7,,0.0,2.0,6.0,B01,138Â 203Â 786,1.0
1012858,201900054389,8,16,16:00,1,2,1,1.0,4.0,76351,PONT V (DU),M,"49,4846500","0,1519100",76,2019,50.0,1.0,1.0,4.0,2265040,1.0,1,1,1,4.0,,-1.0,0,1985.0,C01,138Â 203Â 787,1.0,0.0,-1.0,1728936,1.0,13,,0.0,2.0,1.0,C01,138Â 203Â 787,1.0
1012859,201900054390,4,17,16:50,1,1,1,1.0,7.0,36121,L'Orte,M,"46,8227740","1,9535540",36,2019,80.0,1.0,1.0,3.0,2265041,1.0,1,3,2,1.0,,0.0,0,1970.0,A01,138Â 203Â 784,1.0,-1.0,-1.0,1728937,1.0,7,,13.0,0.0,1.0,A01,138Â 203Â 784,0.0
1012860,201900054391,5,17,14:30,1,1,3,1.0,3.0,36139,LA FERRANDIERE,M,"46,7912780","1,4862050",36,2019,80.0,1.0,1.0,3.0,2265042,1.0,1,4,1,5.0,,0.0,0,1999.0,A01,138Â 203Â 782,0.0,-1.0,-1.0,1728938,2.0,1,,0.0,2.0,3.0,A01,138Â 203Â 782,5.0
1012860,201900054391,5,17,14:30,1,1,3,1.0,3.0,36139,LA FERRANDIERE,M,"46,7912780","1,4862050",36,2019,80.0,1.0,1.0,3.0,2265042,1.0,1,4,1,5.0,,0.0,0,1999.0,A01,138Â 203Â 782,0.0,-1.0,-1.0,1728939,2.0,7,,0.0,2.0,2.0,B01,138Â 203Â 783,1.0
1012860,201900054391,5,17,14:30,1,1,3,1.0,3.0,36139,LA FERRANDIERE,M,"46,7912780","1,4862050",36,2019,80.0,1.0,1.0,3.0,2265043,2.0,2,1,1,3.0,,0.0,0,1948.0,B01,138Â 203Â 783,1.0,-1.0,-1.0,1728938,2.0,1,,0.0,2.0,3.0,A01,138Â 203Â 782,5.0
1012860,201900054391,5,17,14:30,1,1,3,1.0,3.0,36139,LA FERRANDIERE,M,"46,7912780","1,4862050",36,2019,80.0,1.0,1.0,3.0,2265043,2.0,2,1,1,3.0,,0.0,0,1948.0,B01,138Â 203Â 783,1.0,-1.0,-1.0,1728939,2.0,7,,0.0,2.0,2.0,B01,138Â 203Â 783,1.0
1012860,201900054391,5,17,14:30,1,1,3,1.0,3.0,36139,LA FERRANDIERE,M,"46,7912780","1,4862050",36,2019,80.0,1.0,1.0,3.0,2265044,1.0,1,1,2,3.0,,0.0,0,1961.0,B01,138Â 203Â 783,1.0,-1.0,-1.0,1728938,2.0,1,,0.0,2.0,3.0,A01,138Â 203Â 782,5.0
1012860,201900054391,5,17,14:30,1,1,3,1.0,3.0,36139,LA FERRANDIERE,M,"46,7912780","1,4862050",36,2019,80.0,1.0,1.0,3.0,2265044,1.0,1,1,2,3.0,,0.0,0,1961.0,B01,138Â 203Â 783,1.0,-1.0,-1.0,1728939,2.0,7,,0.0,2.0,2.0,B01,138Â 203Â 783,1.0
1012861,201900054392,5,13,14:20,1,1,1,1.0,3.0,36118,D27,M,"46,7387129","1,4259297",36,2019,80.0,1.0,1.0,3.0,2265045,1.0,1,1,2,5.0,,0.0,0,1993.0,A01,138Â 203Â 780,1.0,-1.0,-1.0,1728940,2.0,7,,0.0,2.0,3.0,A01,138Â 203Â 780,1.0
1012861,201900054392,5,13,14:20,1,1,1,1.0,3.0,36118,D27,M,"46,7387129","1,4259297",36,2019,80.0,1.0,1.0,3.0,2265045,1.0,1,1,2,5.0,,0.0,0,1993.0,A01,138Â 203Â 780,1.0,-1.0,-1.0,1728941,1.0,7,,0.0,2.0,3.0,B01,138Â 203Â 781,1.0
1012861,201900054392,5,13,14:20,1,1,1,1.0,3.0,36118,D27,M,"46,7387129","1,4259297",36,2019,80.0,1.0,1.0,3.0,2265046,2.0,2,2,2,9.0,,0.0,0,1941.0,B01,138Â 203Â 781,1.0,-1.0,-1.0,1728940,2.0,7,,0.0,2.0,3.0,A01,138Â 203Â 780,1.0
1012861,201900054392,5,13,14:20,1,1,1,1.0,3.0,36118,D27,M,"46,7387129","1,4259297",36,2019,80.0,1.0,1.0,3.0,2265046,2.0,2,2,2,9.0,,0.0,0,1941.0,B01,138Â 203Â 781,1.0,-1.0,-1.0,1728941,1.0,7,,0.0,2.0,3.0,B01,138Â 203Â 781,1.0
1012861,201900054392,5,13,14:20,1,1,1,1.0,3.0,36118,D27,M,"46,7387129","1,4259297",36,2019,80.0,1.0,1.0,3.0,2265047,1.0,1,1,1,9.0,,0.0,0,1941.0,B01,138Â 203Â 781,1.0,-1.0,-1.0,1728940,2.0,7,,0.0,2.0,3.0,A01,138Â 203Â 780,1.0
1012861,201900054392,5,13,14:20,1,1,1,1.0,3.0,36118,D27,M,"46,7387129","1,4259297",36,2019,80.0,1.0,1.0,3.0,2265047,1.0,1,1,1,9.0,,0.0,0,1941.0,B01,138Â 203Â 781,1.0,-1.0,-1.0,1728941,1.0,7,,0.0,2.0,3.0,B01,138Â 203Â 781,1.0
1012862,201900054393,5,1,20:40,2,1,3,1.0,2.0,36139,La Croix Blanche,M,"46,7612216","1,5065987",36,2019,80.0,1.0,1.0,3.0,2265048,1.0,1,1,1,5.0,,0.0,0,1980.0,A01,138Â 203Â 778,1.0,-1.0,-1.0,1728942,1.0,7,,0.0,2.0,5.0,A01,138Â 203Â 778,1.0
1012862,201900054393,5,1,20:40,2,1,3,1.0,2.0,36139,La Croix Blanche,M,"46,7612216","1,5065987",36,2019,80.0,1.0,1.0,3.0,2265048,1.0,1,1,1,5.0,,0.0,0,1980.0,A01,138Â 203Â 778,1.0,-1.0,-1.0,1728943,2.0,31,,0.0,2.0,3.0,B01,138Â 203Â 779,1.0
1012862,201900054393,5,1,20:40,2,1,3,1.0,2.0,36139,La Croix Blanche,M,"46,7612216","1,5065987",36,2019,80.0,1.0,1.0,3.0,2265049,1.0,1,3,2,5.0,,0.0,0,1996.0,B01,138Â 203Â 779,6.0,9.0,-1.0,1728942,1.0,7,,0.0,2.0,5.0,A01,138Â 203Â 778,1.0
1012862,201900054393,5,1,20:40,2,1,3,1.0,2.0,36139,La Croix Blanche,M,"46,7612216","1,5065987",36,2019,80.0,1.0,1.0,3.0,2265049,1.0,1,3,2,5.0,,0.0,0,1996.0,B01,138Â 203Â 779,6.0,9.0,-1.0,1728943,2.0,31,,0.0,2.0,3.0,B01,138Â 203Â 779,1.0
1012863,201900054394,5,16,18:35,2,1,1,1.0,1.0,16378,Ld Boisvert,M,"46,0551870","0,2261860",16,2019,80.0,1.0,1.0,3.0,2265050,1.0,1,3,1,3.0,,0.0,0,1976.0,B01,138Â 203Â 776,2.0,9.0,-1.0,1728944,2.0,33,,0.0,0.0,3.0,B01,138Â 203Â 776,1.0
1012863,201900054394,5,16,18:35,2,1,1,1.0,1.0,16378,Ld Boisvert,M,"46,0551870","0,2261860",16,2019,80.0,1.0,1.0,3.0,2265050,1.0,1,3,1,3.0,,0.0,0,1976.0,B01,138Â 203Â 776,2.0,9.0,-1.0,1728945,1.0,33,,13.0,2.0,3.0,A01,138Â 203Â 777,1.0
1012863,201900054394,5,16,18:35,2,1,1,1.0,1.0,16378,Ld Boisvert,M,"46,0551870","0,2261860",16,2019,80.0,1.0,1.0,3.0,2265051,1.0,1,3,1,3.0,,0.0,0,1973.0,A01,138Â 203Â 777,2.0,9.0,-1.0,1728944,2.0,33,,0.0,0.0,3.0,B01,138Â 203Â 776,1.0
1012863,201900054394,5,16,18:35,2,1,1,1.0,1.0,16378,Ld Boisvert,M,"46,0551870","0,2261860",16,2019,80.0,1.0,1.0,3.0,2265051,1.0,1,3,1,3.0,,0.0,0,1973.0,A01,138Â 203Â 777,2.0,9.0,-1.0,1728945,1.0,33,,13.0,2.0,3.0,A01,138Â 203Â 777,1.0
1012864,201900054395,5,13,09:39,1,2,1,1.0,6.0,16192,Rue des 4 Vents,M,"45,8866780","0,5793800",16,2019,50.0,1.0,1.0,4.0,2265052,10.0,3,4,1,5.0,,2.0,1,1930.0,A01,138Â 203Â 775,0.0,-1.0,-1.0,1728946,1.0,7,,0.0,1.0,2.0,A01,138Â 203Â 775,1.0
1012864,201900054395,5,13,09:39,1,2,1,1.0,6.0,16192,Rue des 4 Vents,M,"45,8866780","0,5793800",16,2019,50.0,1.0,1.0,4.0,2265053,1.0,1,1,1,5.0,,0.0,0,1949.0,A01,138Â 203Â 775,1.0,-1.0,-1.0,1728946,1.0,7,,0.0,1.0,2.0,A01,138Â 203Â 775,1.0
1012865,201900054396,5,16,14:20,1,1,1,1.0,1.0,16226,RD 15 PK 013+900,M,"45,7736950","0,0964800",16,2019,80.0,1.0,1.0,3.0,2265054,1.0,1,1,1,4.0,,0.0,0,1964.0,B01,138Â 203Â 773,1.0,-1.0,-1.0,1728947,1.0,10,,0.0,2.0,1.0,B01,138Â 203Â 773,1.0
1012865,201900054396,5,16,14:20,1,1,1,1.0,1.0,16226,RD 15 PK 013+900,M,"45,7736950","0,0964800",16,2019,80.0,1.0,1.0,3.0,2265054,1.0,1,1,1,4.0,,0.0,0,1964.0,B01,138Â 203Â 773,1.0,-1.0,-1.0,1728948,2.0,7,,0.0,2.0,2.0,A01,138Â 203Â 774,0.0
1012865,201900054396,5,16,14:20,1,1,1,1.0,1.0,16226,RD 15 PK 013+900,M,"45,7736950","0,0964800",16,2019,80.0,1.0,1.0,3.0,2265055,1.0,1,3,1,1.0,,0.0,0,1991.0,A01,138Â 203Â 774,8.0,-1.0,-1.0,1728947,1.0,10,,0.0,2.0,1.0,B01,138Â 203Â 773,1.0
1012865,201900054396,5,16,14:20,1,1,1,1.0,1.0,16226,RD 15 PK 013+900,M,"45,7736950","0,0964800",16,2019,80.0,1.0,1.0,3.0,2265055,1.0,1,3,1,1.0,,0.0,0,1991.0,A01,138Â 203Â 774,8.0,-1.0,-1.0,1728948,2.0,7,,0.0,2.0,2.0,A01,138Â 203Â 774,0.0
1012866,201900054397,5,26,12:15,1,1,1,1.0,7.0,16016,Ld Ris MARTIN,M,"45,9853340","0,6435390",16,2019,80.0,1.0,1.0,3.0,2265056,1.0,1,3,1,5.0,,0.0,0,1972.0,A01,138Â 203Â 772,2.0,-1.0,-1.0,1728949,2.0,31,,0.0,0.0,0.0,A01,138Â 203Â 772,1.0
1012867,201900054398,5,22,17:59,1,1,1,1.0,6.0,16001,,M,"46,0747800","0,6998710",16,2019,80.0,1.0,1.0,3.0,2265057,1.0,1,3,1,4.0,,0.0,0,1995.0,A01,138Â 203Â 771,1.0,-1.0,-1.0,1728950,2.0,15,,10.0,0.0,3.0,A01,138Â 203Â 771,1.0
1012868,201900054399,5,17,18:00,1,1,1,1.0,2.0,16337,Ld Les Pettites Brosses,M,"45,9852270","0,6775860",16,2019,80.0,1.0,1.0,3.0,2265058,1.0,1,3,1,5.0,,0.0,0,1957.0,A01,138Â 203Â 769,1.0,-1.0,-1.0,1728951,2.0,7,,0.0,2.0,3.0,A01,138Â 203Â 769,1.0
1012868,201900054399,5,17,18:00,1,1,1,1.0,2.0,16337,Ld Les Pettites Brosses,M,"45,9852270","0,6775860",16,2019,80.0,1.0,1.0,3.0,2265058,1.0,1,3,1,5.0,,0.0,0,1957.0,A01,138Â 203Â 769,1.0,-1.0,-1.0,1728952,2.0,7,,0.0,2.0,2.0,B01,138Â 203Â 770,1.0
1012868,201900054399,5,17,18:00,1,1,1,1.0,2.0,16337,Ld Les Pettites Brosses,M,"45,9852270","0,6775860",16,2019,80.0,1.0,1.0,3.0,2265059,2.0,2,3,2,5.0,,0.0,0,1979.0,A01,138Â 203Â 769,1.0,-1.0,-1.0,1728951,2.0,7,,0.0,2.0,3.0,A01,138Â 203Â 769,1.0
1012868,201900054399,5,17,18:00,1,1,1,1.0,2.0,16337,Ld Les Pettites Brosses,M,"45,9852270","0,6775860",16,2019,80.0,1.0,1.0,3.0,2265059,2.0,2,3,2,5.0,,0.0,0,1979.0,A01,138Â 203Â 769,1.0,-1.0,-1.0,1728952,2.0,7,,0.0,2.0,2.0,B01,138Â 203Â 770,1.0
1012868,201900054399,5,17,18:00,1,1,1,1.0,2.0,16337,Ld Les Pettites Brosses,M,"45,9852270","0,6775860",16,2019,80.0,1.0,1.0,3.0,2265060,2.0,1,3,1,5.0,,0.0,0,1950.0,B01,138Â 203Â 770,1.0,-1.0,-1.0,1728951,2.0,7,,0.0,2.0,3.0,A01,138Â 203Â 769,1.0
1012868,201900054399,5,17,18:00,1,1,1,1.0,2.0,16337,Ld Les Pettites Brosses,M,"45,9852270","0,6775860",16,2019,80.0,1.0,1.0,3.0,2265060,2.0,1,3,1,5.0,,0.0,0,1950.0,B01,138Â 203Â 770,1.0,-1.0,-1.0,1728952,2.0,7,,0.0,2.0,2.0,B01,138Â 203Â 770,1.0
1012869,201900054400,5,13,08:00,1,1,3,1.0,5.0,16106,Ld l'Alouette,M,"46,0320100","0,6413920",16,2019,80.0,1.0,1.0,3.0,2265061,1.0,1,1,1,1.0,,0.0,0,1997.0,A01,138Â 203Â 766,1.0,-1.0,-1.0,1728953,1.0,7,,0.0,2.0,2.0,A01,138Â 203Â 766,1.0
1012869,201900054400,5,13,08:00,1,1,3,1.0,5.0,16106,Ld l'Alouette,M,"46,0320100","0,6413920",16,2019,80.0,1.0,1.0,3.0,2265061,1.0,1,1,1,1.0,,0.0,0,1997.0,A01,138Â 203Â 766,1.0,-1.0,-1.0,1728954,2.0,7,,0.0,2.0,1.0,B01,138Â 203Â 767,1.0
1012869,201900054400,5,13,08:00,1,1,3,1.0,5.0,16106,Ld l'Alouette,M,"46,0320100","0,6413920",16,2019,80.0,1.0,1.0,3.0,2265061,1.0,1,1,1,1.0,,0.0,0,1997.0,A01,138Â 203Â 766,1.0,-1.0,-1.0,1728955,1.0,7,,0.0,2.0,4.0,C01,138Â 203Â 768,1.0
1012869,201900054400,5,13,08:00,1,1,3,1.0,5.0,16106,Ld l'Alouette,M,"46,0320100","0,6413920",16,2019,80.0,1.0,1.0,3.0,2265062,1.0,1,3,2,1.0,,0.0,0,1997.0,B01,138Â 203Â 767,1.0,-1.0,-1.0,1728953,1.0,7,,0.0,2.0,2.0,A01,138Â 203Â 766,1.0
1012869,201900054400,5,13,08:00,1,1,3,1.0,5.0,16106,Ld l'Alouette,M,"46,0320100","0,6413920",16,2019,80.0,1.0,1.0,3.0,2265062,1.0,1,3,2,1.0,,0.0,0,1997.0,B01,138Â 203Â 767,1.0,-1.0,-1.0,1728954,2.0,7,,0.0,2.0,1.0,B01,138Â 203Â 767,1.0
1012869,201900054400,5,13,08:00,1,1,3,1.0,5.0,16106,Ld l'Alouette,M,"46,0320100","0,6413920",16,2019,80.0,1.0,1.0,3.0,2265062,1.0,1,3,2,1.0,,0.0,0,1997.0,B01,138Â 203Â 767,1.0,-1.0,-1.0,1728955,1.0,7,,0.0,2.0,4.0,C01,138Â 203Â 768,1.0
1012869,201900054400,5,13,08:00,1,1,3,1.0,5.0,16106,Ld l'Alouette,M,"46,0320100","0,6413920",16,2019,80.0,1.0,1.0,3.0,2265063,1.0,1,1,2,5.0,,0.0,0,1964.0,C01,138Â 203Â 768,1.0,-1.0,-1.0,1728953,1.0,7,,0.0,2.0,2.0,A01,138Â 203Â 766,1.0
1012869,201900054400,5,13,08:00,1,1,3,1.0,5.0,16106,Ld l'Alouette,M,"46,0320100","0,6413920",16,2019,80.0,1.0,1.0,3.0,2265063,1.0,1,1,2,5.0,,0.0,0,1964.0,C01,138Â 203Â 768,1.0,-1.0,-1.0,1728954,2.0,7,,0.0,2.0,1.0,B01,138Â 203Â 767,1.0
1012869,201900054400,5,13,08:00,1,1,3,1.0,5.0,16106,Ld l'Alouette,M,"46,0320100","0,6413920",16,2019,80.0,1.0,1.0,3.0,2265063,1.0,1,1,2,5.0,,0.0,0,1964.0,C01,138Â 203Â 768,1.0,-1.0,-1.0,1728955,1.0,7,,0.0,2.0,4.0,C01,138Â 203Â 768,1.0
1012870,201900054401,5,22,17:15,1,2,9,1.0,1.0,16088,luchac,M,"45,7172260"," -0,2110510",16,2019,30.0,1.0,1.0,3.0,2265064,1.0,1,3,1,5.0,,0.0,0,1995.0,A01,138Â 203Â 764,2.0,6.0,9.0,1728956,2.0,31,,0.0,2.0,3.0,A01,138Â 203Â 764,1.0
1012870,201900054401,5,22,17:15,1,2,9,1.0,1.0,16088,luchac,M,"45,7172260"," -0,2110510",16,2019,30.0,1.0,1.0,3.0,2265064,1.0,1,3,1,5.0,,0.0,0,1995.0,A01,138Â 203Â 764,2.0,6.0,9.0,1728957,1.0,10,,0.0,2.0,3.0,B01,138Â 203Â 765,1.0
1012870,201900054401,5,22,17:15,1,2,9,1.0,1.0,16088,luchac,M,"45,7172260"," -0,2110510",16,2019,30.0,1.0,1.0,3.0,2265065,1.0,1,1,2,4.0,,0.0,0,1990.0,B01,138Â 203Â 765,1.0,-1.0,-1.0,1728956,2.0,31,,0.0,2.0,3.0,A01,138Â 203Â 764,1.0
1012870,201900054401,5,22,17:15,1,2,9,1.0,1.0,16088,luchac,M,"45,7172260"," -0,2110510",16,2019,30.0,1.0,1.0,3.0,2265065,1.0,1,1,2,4.0,,0.0,0,1990.0,B01,138Â 203Â 765,1.0,-1.0,-1.0,1728957,1.0,10,,0.0,2.0,3.0,B01,138Â 203Â 765,1.0
1012871,201900054402,5,18,21:45,3,1,1,8.0,6.0,16276,Ld  Chez Rouyer,M,"45,4306860"," -0,1556280",16,2019,80.0,1.0,1.0,3.0,2265066,1.0,1,3,1,5.0,,0.0,0,1985.0,A01,138Â 203Â 763,1.0,-1.0,-1.0,1728958,2.0,7,,13.0,0.0,9.0,A01,138Â 203Â 763,1.0
1012872,201900054403,5,1,22:50,3,1,1,2.0,6.0,16179,Ld Le Mureau,M,"45,4089660"," -0,2311460",16,2019,80.0,1.0,2.0,3.0,2265067,1.0,1,3,1,5.0,,0.0,0,1971.0,A01,138Â 203Â 762,0.0,-1.0,-1.0,1728959,1.0,7,,2.0,0.0,3.0,A01,138Â 203Â 762,1.0
1012873,201900054404,5,15,08:05,1,1,3,1.0,2.0,16003,La Petite RiviÃ¨re,M,"45,7836170","0,3435250",16,2019,80.0,1.0,1.0,3.0,2265068,1.0,1,1,1,1.0,,0.0,0,1973.0,B01,138Â 203Â 760,1.0,-1.0,-1.0,1728960,2.0,7,,0.0,2.0,2.0,B01,138Â 203Â 760,1.0
1012873,201900054404,5,15,08:05,1,1,3,1.0,2.0,16003,La Petite RiviÃ¨re,M,"45,7836170","0,3435250",16,2019,80.0,1.0,1.0,3.0,2265068,1.0,1,1,1,1.0,,0.0,0,1973.0,B01,138Â 203Â 760,1.0,-1.0,-1.0,1728961,2.0,2,,14.0,2.0,5.0,A01,138Â 203Â 761,1.0
1012873,201900054404,5,15,08:05,1,1,3,1.0,2.0,16003,La Petite RiviÃ¨re,M,"45,7836170","0,3435250",16,2019,80.0,1.0,1.0,3.0,2265069,1.0,1,3,1,1.0,,0.0,0,2002.0,A01,138Â 203Â 761,2.0,6.0,-1.0,1728960,2.0,7,,0.0,2.0,2.0,B01,138Â 203Â 760,1.0