Unnamed: 0_x,num_acc,mois,jour,hrmn,lum,agg,int,atm,col,com,adr,gps,lat,long,dep,annee,vma,situ,surf,catr,Unnamed: 0_y,place,catu,grav,sexe,trajet,secu,locp,actp,an_nais,num_veh_x,id_vehicule_x,secu1,secu2,secu3,Unnamed: 0,senc,catv,occutc,obs,obsm,choc,num_veh_y,id_vehicule_y,motor
1012873,201900054404,5,15,08:05,1,1,3,1.0,2.0,16003,La Petite RiviÃ¨re,M,"45,7836170","0,3435250",16,2019,80.0,1.0,1.0,3.0,2265069,1.0,1,3,1,1.0,,0.0,0,2002.0,A01,138Â 203Â 761,2.0,6.0,-1.0,1728961,2.0,2,,14.0,2.0,5.0,A01,138Â 203Â 761,1.0
1012874,201900054405,5,14,10:30,1,1,1,1.0,6.0,16344,Route de Chazelles,M,"45,7199190","0,3819780",16,2019,30.0,1.0,1.0,3.0,2265070,1.0,1,3,1,5.0,,0.0,0,1957.0,A01,138Â 203Â 759,2.0,6.0,-1.0,1728962,2.0,2,,6.0,0.0,0.0,A01,138Â 203Â 759,1.0
1012875,201900054406,5,11,12:00,1,1,4,2.0,1.0,16082,Ld La Bourgne (Charmant),M,"45,5017670","0,1686470",16,2019,80.0,1.0,2.0,3.0,2265071,9.0,2,4,2,5.0,,0.0,0,1965.0,A01,138Â 203Â 757,1.0,-1.0,-1.0,1728963,1.0,7,,0.0,2.0,1.0,A01,138Â 203Â 757,1.0
1012875,201900054406,5,11,12:00,1,1,4,2.0,1.0,16082,Ld La Bourgne (Charmant),M,"45,5017670","0,1686470",16,2019,80.0,1.0,2.0,3.0,2265071,9.0,2,4,2,5.0,,0.0,0,1965.0,A01,138Â 203Â 757,1.0,-1.0,-1.0,1728964,2.0,7,,0.0,2.0,1.0,B01,138Â 203Â 758,1.0
1012875,201900054406,5,11,12:00,1,1,4,2.0,1.0,16082,Ld La Bourgne (Charmant),M,"45,5017670","0,1686470",16,2019,80.0,1.0,2.0,3.0,2265072,1.0,1,1,1,5.0,,0.0,0,1952.0,A01,138Â 203Â 757,1.0,-1.0,-1.0,1728963,1.0,7,,0.0,2.0,1.0,A01,138Â 203Â 757,1.0
1012875,201900054406,5,11,12:00,1,1,4,2.0,1.0,16082,Ld La Bourgne (Charmant),M,"45,5017670","0,1686470",16,2019,80.0,1.0,2.0,3.0,2265072,1.0,1,1,1,5.0,,0.0,0,1952.0,A01,138Â 203Â 757,1.0,-1.0,-1.0,1728964,2.0,7,,0.0,2.0,1.0,B01,138Â 203Â 758,1.0
1012875,201900054406,5,11,12:00,1,1,4,2.0,1.0,16082,Ld La Bourgne (Charmant),M,"45,5017670","0,1686470",16,2019,80.0,1.0,2.0,3.0,2265073,7.0,2,4,2,5.0,,0.0,0,1954.0,A01,138Â 203Â 757,1.0,-1.0,-1.0,1728963,1.0,7,,0.0,2.0,1.0,A01,138Â 203Â 757,1.0
1012875,201900054406,5,11,12:00,1,1,4,2.0,1.0,16082,Ld La Bourgne (Charmant),M,"45,5017670","0,1686470",16,2019,80.0,1.0,2.0,3.0,2265073,7.0,2,4,2,5.0,,0.0,0,1954.0,A01,138Â 203Â 757,1.0,-1.0,-1.0,1728964,2.0,7,,0.0,2.0,1.0,B01,138Â 203Â 758,1.0
1012875,201900054406,5,11,12:00,1,1,4,2.0,1.0,16082,Ld La Bourgne (Charmant),M,"45,5017670","0,1686470",16,2019,80.0,1.0,2.0,3.0,2265074,2.0,2,4,1,5.0,,0.0,0,1964.0,A01,138Â 203Â 757,1.0,-1.0,-1.0,1728963,1.0,7,,0.0,2.0,1.0,A01,138Â 203Â 757,1.0
1012875,201900054406,5,11,12:00,1,1,4,2.0,1.0,16082,Ld La Bourgne (Charmant),M,"45,5017670","0,1686470",16,2019,80.0,1.0,2.0,3.0,2265074,2.0,2,4,1,5.0,,0.0,0,1964.0,A01,138Â 203Â 757,1.0,-1.0,-1.0,1728964,2.0,7,,0.0,2.0,1.0,B01,138Â 203Â 758,1.0
1012875,201900054406,5,11,12:00,1,1,4,2.0,1.0,16082,Ld La Bourgne (Charmant),M,"45,5017670","0,1686470",16,2019,80.0,1.0,2.0,3.0,2265075,1.0,1,1,2,5.0,,0.0,0,1980.0,B01,138Â 203Â 758,1.0,-1.0,-1.0,1728963,1.0,7,,0.0,2.0,1.0,A01,138Â 203Â 757,1.0
1012875,201900054406,5,11,12:00,1,1,4,2.0,1.0,16082,Ld La Bourgne (Charmant),M,"45,5017670","0,1686470",16,2019,80.0,1.0,2.0,3.0,2265075,1.0,1,1,2,5.0,,0.0,0,1980.0,B01,138Â 203Â 758,1.0,-1.0,-1.0,1728964,2.0,7,,0.0,2.0,1.0,B01,138Â 203Â 758,1.0
1012875,201900054406,5,11,12:00,1,1,4,2.0,1.0,16082,Ld La Bourgne (Charmant),M,"45,5017670","0,1686470",16,2019,80.0,1.0,2.0,3.0,2265076,9.0,2,3,2,5.0,,0.0,0,2013.0,B01,138Â 203Â 758,0.0,-1.0,-1.0,1728963,1.0,7,,0.0,2.0,1.0,A01,138Â 203Â 757,1.0
1012875,201900054406,5,11,12:00,1,1,4,2.0,1.0,16082,Ld La Bourgne (Charmant),M,"45,5017670","0,1686470",16,2019,80.0,1.0,2.0,3.0,2265076,9.0,2,3,2,5.0,,0.0,0,2013.0,B01,138Â 203Â 758,0.0,-1.0,-1.0,1728964,2.0,7,,0.0,2.0,1.0,B01,138Â 203Â 758,1.0
1012876,201900054407,5,29,15:10,1,1,1,1.0,7.0,07276,Le bouchet,M,"44,9034420","4,4840640",7,2019,80.0,1.0,1.0,3.0,2265077,1.0,1,4,1,5.0,,0.0,0,1989.0,A01,138Â 203Â 756,6.0,2.0,-1.0,1728965,1.0,33,,0.0,0.0,2.0,A01,138Â 203Â 756,1.0
1012877,201900054408,5,11,15:45,1,1,9,1.0,6.0,07338,Gauthier,M,"44,9447600","4,6035300",7,2019,80.0,3.0,1.0,3.0,2265078,1.0,1,3,1,5.0,,0.0,0,1964.0,A01,138Â 203Â 755,1.0,-1.0,-1.0,1728966,2.0,7,,2.0,0.0,7.0,A01,138Â 203Â 755,1.0
1012878,201900054409,5,20,16:30,1,2,1,1.0,6.0,07010,Avenue de l'Europe,M,"45,2431590","4,6687830",7,2019,50.0,1.0,1.0,4.0,2265079,10.0,3,4,2,2.0,,3.0,3,2000.0,A01,138Â 203Â 754,0.0,-1.0,-1.0,1728967,2.0,7,,0.0,1.0,1.0,A01,138Â 203Â 754,0.0
1012879,201900054410,5,7,16:25,1,2,3,1.0,3.0,07009,Avenue de Beaucaire,M,"45,2371370","4,7977870",7,2019,50.0,1.0,1.0,3.0,2265080,1.0,1,4,1,5.0,,0.0,0,1955.0,B01,138Â 203Â 752,2.0,6.0,9.0,1728968,0.0,33,,0.0,2.0,3.0,B01,138Â 203Â 752,1.0
1012879,201900054410,5,7,16:25,1,2,3,1.0,3.0,07009,Avenue de Beaucaire,M,"45,2371370","4,7977870",7,2019,50.0,1.0,1.0,3.0,2265080,1.0,1,4,1,5.0,,0.0,0,1955.0,B01,138Â 203Â 752,2.0,6.0,9.0,1728969,0.0,7,,0.0,2.0,5.0,A01,138Â 203Â 753,1.0
1012879,201900054410,5,7,16:25,1,2,3,1.0,3.0,07009,Avenue de Beaucaire,M,"45,2371370","4,7977870",7,2019,50.0,1.0,1.0,3.0,2265081,1.0,1,1,1,0.0,,0.0,0,1997.0,A01,138Â 203Â 753,8.0,-1.0,-1.0,1728968,0.0,33,,0.0,2.0,3.0,B01,138Â 203Â 752,1.0
1012879,201900054410,5,7,16:25,1,2,3,1.0,3.0,07009,Avenue de Beaucaire,M,"45,2371370","4,7977870",7,2019,50.0,1.0,1.0,3.0,2265081,1.0,1,1,1,0.0,,0.0,0,1997.0,A01,138Â 203Â 753,8.0,-1.0,-1.0,1728969,0.0,7,,0.0,2.0,5.0,A01,138Â 203Â 753,1.0
1012880,201900054411,5,8,11:50,1,2,1,2.0,3.0,07330,Avenue Jean JaurÃ¨s,M,"44,4072790","4,3890710",7,2019,50.0,1.0,2.0,4.0,2265082,1.0,1,1,1,5.0,,0.0,0,1960.0,A01,138Â 203Â 750,1.0,-1.0,-1.0,1728970,3.0,7,,0.0,2.0,3.0,A01,138Â 203Â 750,1.0
1012880,201900054411,5,8,11:50,1,2,1,2.0,3.0,07330,Avenue Jean JaurÃ¨s,M,"44,4072790","4,3890710",7,2019,50.0,1.0,2.0,4.0,2265082,1.0,1,1,1,5.0,,0.0,0,1960.0,A01,138Â 203Â 750,1.0,-1.0,-1.0,1728971,1.0,2,,0.0,2.0,1.0,B01,138Â 203Â 751,1.0
1012880,201900054411,5,8,11:50,1,2,1,2.0,3.0,07330,Avenue Jean JaurÃ¨s,M,"44,4072790","4,3890710",7,2019,50.0,1.0,2.0,4.0,2265083,1.0,1,4,1,3.0,,0.0,0,1969.0,B01,138Â 203Â 751,2.0,-1.0,-1.0,1728970,3.0,7,,0.0,2.0,3.0,A01,138Â 203Â 750,1.0
1012880,201900054411,5,8,11:50,1,2,1,2.0,3.0,07330,Avenue Jean JaurÃ¨s,M,"44,4072790","4,3890710",7,2019,50.0,1.0,2.0,4.0,2265083,1.0,1,4,1,3.0,,0.0,0,1969.0,B01,138Â 203Â 751,2.0,-1.0,-1.0,1728971,1.0,2,,0.0,2.0,1.0,B01,138Â 203Â 751,1.0
1012881,201900054412,5,14,09:05,1,1,3,1.0,1.0,07155,,M,"44,6285690","4,3554030",7,2019,80.0,1.0,1.0,3.0,2265084,1.0,1,4,2,5.0,,0.0,0,1990.0,B01,138Â 203Â 748,1.0,-1.0,-1.0,1728972,2.0,7,,0.0,2.0,2.0,B01,138Â 203Â 748,1.0
1012881,201900054412,5,14,09:05,1,1,3,1.0,1.0,07155,,M,"44,6285690","4,3554030",7,2019,80.0,1.0,1.0,3.0,2265084,1.0,1,4,2,5.0,,0.0,0,1990.0,B01,138Â 203Â 748,1.0,-1.0,-1.0,1728973,1.0,7,,0.0,2.0,3.0,A01,138Â 203Â 749,1.0
1012881,201900054412,5,14,09:05,1,1,3,1.0,1.0,07155,,M,"44,6285690","4,3554030",7,2019,80.0,1.0,1.0,3.0,2265085,1.0,1,4,1,4.0,,0.0,0,1947.0,A01,138Â 203Â 749,1.0,-1.0,-1.0,1728972,2.0,7,,0.0,2.0,2.0,B01,138Â 203Â 748,1.0
1012881,201900054412,5,14,09:05,1,1,3,1.0,1.0,07155,,M,"44,6285690","4,3554030",7,2019,80.0,1.0,1.0,3.0,2265085,1.0,1,4,1,4.0,,0.0,0,1947.0,A01,138Â 203Â 749,1.0,-1.0,-1.0,1728973,1.0,7,,0.0,2.0,3.0,A01,138Â 203Â 749,1.0
1012882,201900054413,5,22,11:45,1,2,1,1.0,1.0,07132,la calade du tribunal,M,"44,5437930","4,2950640",7,2019,50.0,1.0,1.0,3.0,2265086,1.0,1,4,2,5.0,,0.0,0,1944.0,B01,138Â 203Â 746,1.0,-1.0,-1.0,1728974,1.0,7,,0.0,2.0,3.0,B01,138Â 203Â 746,1.0
1012882,201900054413,5,22,11:45,1,2,1,1.0,1.0,07132,la calade du tribunal,M,"44,5437930","4,2950640",7,2019,50.0,1.0,1.0,3.0,2265086,1.0,1,4,2,5.0,,0.0,0,1944.0,B01,138Â 203Â 746,1.0,-1.0,-1.0,1728975,2.0,7,,0.0,2.0,3.0,A01,138Â 203Â 747,1.0
1012882,201900054413,5,22,11:45,1,2,1,1.0,1.0,07132,la calade du tribunal,M,"44,5437930","4,2950640",7,2019,50.0,1.0,1.0,3.0,2265087,1.0,1,1,2,4.0,,0.0,0,1985.0,A01,138Â 203Â 747,1.0,-1.0,-1.0,1728974,1.0,7,,0.0,2.0,3.0,B01,138Â 203Â 746,1.0
1012882,201900054413,5,22,11:45,1,2,1,1.0,1.0,07132,la calade du tribunal,M,"44,5437930","4,2950640",7,2019,50.0,1.0,1.0,3.0,2265087,1.0,1,1,2,4.0,,0.0,0,1985.0,A01,138Â 203Â 747,1.0,-1.0,-1.0,1728975,2.0,7,,0.0,2.0,3.0,A01,138Â 203Â 747,1.0
1012883,201900054414,5,13,17:25,1,1,1,1.0,3.0,07134,104,M,"44,5048310","4,3064690",7,2019,80.0,1.0,1.0,3.0,2265088,1.0,1,4,1,5.0,,0.0,0,1947.0,B01,138Â 203Â 744,1.0,-1.0,-1.0,1728976,0.0,7,,0.0,2.0,3.0,B01,138Â 203Â 744,1.0
1012883,201900054414,5,13,17:25,1,1,1,1.0,3.0,07134,104,M,"44,5048310","4,3064690",7,2019,80.0,1.0,1.0,3.0,2265088,1.0,1,4,1,5.0,,0.0,0,1947.0,B01,138Â 203Â 744,1.0,-1.0,-1.0,1728977,0.0,7,,0.0,2.0,3.0,A01,138Â 203Â 745,1.0
1012883,201900054414,5,13,17:25,1,1,1,1.0,3.0,07134,104,M,"44,5048310","4,3064690",7,2019,80.0,1.0,1.0,3.0,2265089,2.0,2,4,2,5.0,,0.0,0,1951.0,B01,138Â 203Â 744,1.0,-1.0,-1.0,1728976,0.0,7,,0.0,2.0,3.0,B01,138Â 203Â 744,1.0
1012883,201900054414,5,13,17:25,1,1,1,1.0,3.0,07134,104,M,"44,5048310","4,3064690",7,2019,80.0,1.0,1.0,3.0,2265089,2.0,2,4,2,5.0,,0.0,0,1951.0,B01,138Â 203Â 744,1.0,-1.0,-1.0,1728977,0.0,7,,0.0,2.0,3.0,A01,138Â 203Â 745,1.0
1012883,201900054414,5,13,17:25,1,1,1,1.0,3.0,07134,104,M,"44,5048310","4,3064690",7,2019,80.0,1.0,1.0,3.0,2265090,1.0,1,4,1,5.0,,0.0,0,1933.0,A01,138Â 203Â 745,1.0,-1.0,-1.0,1728976,0.0,7,,0.0,2.0,3.0,B01,138Â 203Â 744,1.0
1012883,201900054414,5,13,17:25,1,1,1,1.0,3.0,07134,104,M,"44,5048310","4,3064690",7,2019,80.0,1.0,1.0,3.0,2265090,1.0,1,4,1,5.0,,0.0,0,1933.0,A01,138Â 203Â 745,1.0,-1.0,-1.0,1728977,0.0,7,,0.0,2.0,3.0,A01,138Â 203Â 745,1.0
1012884,201900054415,5,13,18:00,1,1,1,6.0,6.0,07117,104A,M,"44,4508300","4,2112720",7,2019,80.0,1.0,1.0,3.0,2265091,1.0,1,1,1,5.0,,0.0,0,1992.0,A01,138Â 203Â 743,2.0,6.0,-1.0,1728978,1.0,33,,2.0,0.0,2.0,A01,138Â 203Â 743,0.0
1012884,201900054415,5,13,18:00,1,1,1,6.0,6.0,07117,104A,M,"44,4508300","4,2112720",7,2019,80.0,1.0,1.0,3.0,2265092,2.0,2,3,2,5.0,,0.0,0,1986.0,A01,138Â 203Â 743,2.0,-1.0,-1.0,1728978,1.0,33,,2.0,0.0,2.0,A01,138Â 203Â 743,0.0
1012885,201900054416,5,8,15:30,1,1,1,1.0,7.0,53126,Chevaille,M,"48,3495780"," -0,9564410",53,2019,80.0,8.0,1.0,4.0,2265093,1.0,1,3,1,5.0,,0.0,0,1998.0,A01,138Â 203Â 742,1.0,-1.0,-1.0,1728979,3.0,7,,8.0,0.0,0.0,A01,138Â 203Â 742,1.0
1012886,201900054417,5,17,14:00,1,1,1,1.0,7.0,53249,La GauchardiÃ¨re,M,"48,2147710"," -0,1571350",53,2019,80.0,3.0,1.0,3.0,2265094,1.0,1,3,1,5.0,,0.0,0,1957.0,A01,138Â 203Â 741,2.0,6.0,-1.0,1728980,1.0,33,,0.0,0.0,0.0,A01,138Â 203Â 741,1.0
1012887,201900054418,5,15,21:25,2,1,1,1.0,6.0,53098,la blohinÃ¨re,M,"47,9087110"," -1,1310150",53,2019,80.0,3.0,1.0,9.0,2265095,1.0,1,3,1,5.0,,0.0,0,1983.0,A01,138Â 203Â 740,8.0,2.0,-1.0,1728981,3.0,33,,2.0,0.0,1.0,A01,138Â 203Â 740,1.0
1012888,201900054419,5,20,06:45,2,2,6,1.0,7.0,53247,rue du maine,M,"48,1131530"," -1,0202440",53,2019,50.0,1.0,1.0,3.0,2265096,1.0,1,3,1,1.0,,0.0,0,2000.0,A01,138Â 203Â 739,2.0,-1.0,-1.0,1728982,1.0,2,,12.0,0.0,7.0,A01,138Â 203Â 739,1.0
1012889,201900054420,5,18,11:55,1,1,1,1.0,2.0,53161,D 32,M,"48,1292260"," -0,5760100",53,2019,80.0,1.0,1.0,3.0,2265097,1.0,1,1,1,5.0,,0.0,0,1964.0,B01,138Â 203Â 737,1.0,-1.0,-1.0,1728983,2.0,7,,0.0,0.0,4.0,B01,138Â 203Â 737,1.0
1012889,201900054420,5,18,11:55,1,1,1,1.0,2.0,53161,D 32,M,"48,1292260"," -0,5760100",53,2019,80.0,1.0,1.0,3.0,2265097,1.0,1,1,1,5.0,,0.0,0,1964.0,B01,138Â 203Â 737,1.0,-1.0,-1.0,1728984,2.0,1,,0.0,2.0,1.0,A01,138Â 203Â 738,5.0
1012889,201900054420,5,18,11:55,1,1,1,1.0,2.0,53161,D 32,M,"48,1292260"," -0,5760100",53,2019,80.0,1.0,1.0,3.0,2265098,1.0,1,3,1,5.0,,0.0,0,2002.0,A01,138Â 203Â 738,2.0,-1.0,-1.0,1728983,2.0,7,,0.0,0.0,4.0,B01,138Â 203Â 737,1.0
1012889,201900054420,5,18,11:55,1,1,1,1.0,2.0,53161,D 32,M,"48,1292260"," -0,5760100",53,2019,80.0,1.0,1.0,3.0,2265098,1.0,1,3,1,5.0,,0.0,0,2002.0,A01,138Â 203Â 738,2.0,-1.0,-1.0,1728984,2.0,1,,0.0,2.0,1.0,A01,138Â 203Â 738,5.0
1012890,201900054421,5,6,10:40,1,1,1,1.0,1.0,53141,bouge,M,"48,0633450"," -1,2211160",53,2019,80.0,1.0,1.0,3.0,2265099,1.0,1,4,1,5.0,,0.0,0,1948.0,A01,138Â 203Â 735,1.0,-1.0,-1.0,1728985,2.0,7,,0.0,2.0,1.0,A01,138Â 203Â 735,2.0
1012890,201900054421,5,6,10:40,1,1,1,1.0,1.0,53141,bouge,M,"48,0633450"," -1,2211160",53,2019,80.0,1.0,1.0,3.0,2265099,1.0,1,4,1,5.0,,0.0,0,1948.0,A01,138Â 203Â 735,1.0,-1.0,-1.0,1728986,1.0,10,,0.0,2.0,3.0,B01,138Â 203Â 736,1.0
1012890,201900054421,5,6,10:40,1,1,1,1.0,1.0,53141,bouge,M,"48,0633450"," -1,2211160",53,2019,80.0,1.0,1.0,3.0,2265100,2.0,2,4,2,5.0,,0.0,0,1982.0,B01,138Â 203Â 736,1.0,-1.0,-1.0,1728985,2.0,7,,0.0,2.0,1.0,A01,138Â 203Â 735,2.0
1012890,201900054421,5,6,10:40,1,1,1,1.0,1.0,53141,bouge,M,"48,0633450"," -1,2211160",53,2019,80.0,1.0,1.0,3.0,2265100,2.0,2,4,2,5.0,,0.0,0,1982.0,B01,138Â 203Â 736,1.0,-1.0,-1.0,1728986,1.0,10,,0.0,2.0,3.0,B01,138Â 203Â 736,1.0
1012890,201900054421,5,6,10:40,1,1,1,1.0,1.0,53141,bouge,M,"48,0633450"," -1,2211160",53,2019,80.0,1.0,1.0,3.0,2265101,1.0,1,3,1,5.0,,0.0,0,1973.0,B01,138Â 203Â 736,1.0,-1.0,-1.0,1728985,2.0,7,,0.0,2.0,1.0,A01,138Â 203Â 735,2.0
1012890,201900054421,5,6,10:40,1,1,1,1.0,1.0,53141,bouge,M,"48,0633450"," -1,2211160",53,2019,80.0,1.0,1.0,3.0,2265101,1.0,1,3,1,5.0,,0.0,0,1973.0,B01,138Â 203Â 736,1.0,-1.0,-1.0,1728986,1.0,10,,0.0,2.0,3.0,B01,138Â 203Â 736,1.0
1012891,201900054422,5,15,20:10,1,1,2,1.0,3.0,21505,"RD 10 L, PK 01+750",M,"47,4052810","4,3310700",21,2019,80.0,1.0,1.0,3.0,2265102,1.0,1,3,1,5.0,,0.0,0,1995.0,B01,138Â 203Â 733,1.0,-1.0,-1.0,1728987,1.0,7,,0.0,2.0,1.0,B01,138Â 203Â 733,1.0
1012891,201900054422,5,15,20:10,1,1,2,1.0,3.0,21505,"RD 10 L, PK 01+750",M,"47,4052810","4,3310700",21,2019,80.0,1.0,1.0,3.0,2265102,1.0,1,3,1,5.0,,0.0,0,1995.0,B01,138Â 203Â 733,1.0,-1.0,-1.0,1728988,1.0,7,,0.0,2.0,2.0,A01,138Â 203Â 734,1.0
1012891,201900054422,5,15,20:10,1,1,2,1.0,3.0,21505,"RD 10 L, PK 01+750",M,"47,4052810","4,3310700",21,2019,80.0,1.0,1.0,3.0,2265103,1.0,1,1,2,1.0,,0.0,0,1983.0,A01,138Â 203Â 734,1.0,-1.0,-1.0,1728987,1.0,7,,0.0,2.0,1.0,B01,138Â 203Â 733,1.0
1012891,201900054422,5,15,20:10,1,1,2,1.0,3.0,21505,"RD 10 L, PK 01+750",M,"47,4052810","4,3310700",21,2019,80.0,1.0,1.0,3.0,2265103,1.0,1,1,2,1.0,,0.0,0,1983.0,A01,138Â 203Â 734,1.0,-1.0,-1.0,1728988,1.0,7,,0.0,2.0,2.0,A01,138Â 203Â 734,1.0
1012892,201900054423,5,3,13:40,1,2,6,1.0,6.0,21154,Place Marmont,M,"47,8615950","4,5747860",21,2019,50.0,1.0,1.0,3.0,2265104,1.0,1,1,1,5.0,,0.0,0,1964.0,A01,138Â 203Â 732,1.0,-1.0,-1.0,1728989,1.0,7,,0.0,1.0,1.0,A01,138Â 203Â 732,1.0
1012892,201900054423,5,3,13:40,1,2,6,1.0,6.0,21154,Place Marmont,M,"47,8615950","4,5747860",21,2019,50.0,1.0,1.0,3.0,2265105,10.0,3,4,2,2.0,,3.0,3,2005.0,A01,138Â 203Â 732,0.0,-1.0,-1.0,1728989,1.0,7,,0.0,1.0,1.0,A01,138Â 203Â 732,1.0
1012893,201900054424,5,5,09:30,1,2,1,8.0,6.0,21250,chemin de la forge,M,"47,7552900","4,7867440",21,2019,50.0,1.0,1.0,4.0,2265106,1.0,1,2,2,1.0,,0.0,0,1947.0,A01,138Â 203Â 731,8.0,-1.0,-1.0,1728990,3.0,7,,6.0,0.0,8.0,A01,138Â 203Â 731,1.0
1012894,201900054425,5,30,15:00,1,1,9,1.0,5.0,21408,RD 7 PR 32+690 - Parking de JOUVENCE,M,"47,4153450","4,9833850",21,2019,80.0,1.0,1.0,3.0,2265107,1.0,1,1,2,5.0,,0.0,0,1985.0,A01,138Â 203Â 724,1.0,-1.0,-1.0,1728991,2.0,7,,0.0,2.0,3.0,A01,138Â 203Â 724,1.0
1012894,201900054425,5,30,15:00,1,1,9,1.0,5.0,21408,RD 7 PR 32+690 - Parking de JOUVENCE,M,"47,4153450","4,9833850",21,2019,80.0,1.0,1.0,3.0,2265107,1.0,1,1,2,5.0,,0.0,0,1985.0,A01,138Â 203Â 724,1.0,-1.0,-1.0,1728992,2.0,33,,0.0,2.0,1.0,B01,138Â 203Â 725,1.0
1012894,201900054425,5,30,15:00,1,1,9,1.0,5.0,21408,RD 7 PR 32+690 - Parking de JOUVENCE,M,"47,4153450","4,9833850",21,2019,80.0,1.0,1.0,3.0,2265107,1.0,1,1,2,5.0,,0.0,0,1985.0,A01,138Â 203Â 724,1.0,-1.0,-1.0,1728993,2.0,33,,0.0,2.0,1.0,C01,138Â 203Â 726,1.0
1012894,201900054425,5,30,15:00,1,1,9,1.0,5.0,21408,RD 7 PR 32+690 - Parking de JOUVENCE,M,"47,4153450","4,9833850",21,2019,80.0,1.0,1.0,3.0,2265107,1.0,1,1,2,5.0,,0.0,0,1985.0,A01,138Â 203Â 724,1.0,-1.0,-1.0,1728994,2.0,33,,0.0,2.0,1.0,D01,138Â 203Â 727,1.0
1012894,201900054425,5,30,15:00,1,1,9,1.0,5.0,21408,RD 7 PR 32+690 - Parking de JOUVENCE,M,"47,4153450","4,9833850",21,2019,80.0,1.0,1.0,3.0,2265107,1.0,1,1,2,5.0,,0.0,0,1985.0,A01,138Â 203Â 724,1.0,-1.0,-1.0,1728995,2.0,33,,0.0,2.0,1.0,E01,138Â 203Â 728,1.0
1012894,201900054425,5,30,15:00,1,1,9,1.0,5.0,21408,RD 7 PR 32+690 - Parking de JOUVENCE,M,"47,4153450","4,9833850",21,2019,80.0,1.0,1.0,3.0,2265108,1.0,1,4,1,5.0,,0.0,0,1980.0,B01,138Â 203Â 725,2.0,6.0,-1.0,1728991,2.0,7,,0.0,2.0,3.0,A01,138Â 203Â 724,1.0
1012894,201900054425,5,30,15:00,1,1,9,1.0,5.0,21408,RD 7 PR 32+690 - Parking de JOUVENCE,M,"47,4153450","4,9833850",21,2019,80.0,1.0,1.0,3.0,2265108,1.0,1,4,1,5.0,,0.0,0,1980.0,B01,138Â 203Â 725,2.0,6.0,-1.0,1728992,2.0,33,,0.0,2.0,1.0,B01,138Â 203Â 725,1.0
1012894,201900054425,5,30,15:00,1,1,9,1.0,5.0,21408,RD 7 PR 32+690 - Parking de JOUVENCE,M,"47,4153450","4,9833850",21,2019,80.0,1.0,1.0,3.0,2265108,1.0,1,4,1,5.0,,0.0,0,1980.0,B01,138Â 203Â 725,2.0,6.0,-1.0,1728993,2.0,33,,0.0,2.0,1.0,C01,138Â 203Â 726,1.0
1012894,201900054425,5,30,15:00,1,1,9,1.0,5.0,21408,RD 7 PR 32+690 - Parking de JOUVENCE,M,"47,4153450","4,9833850",21,2019,80.0,1.0,1.0,3.0,2265108,1.0,1,4,1,5.0,,0.0,0,1980.0,B01,138Â 203Â 725,2.0,6.0,-1.0,1728994,2.0,33,,0.0,2.0,1.0,D01,138Â 203Â 727,1.0
1012894,201900054425,5,30,15:00,1,1,9,1.0,5.0,21408,RD 7 PR 32+690 - Parking de JOUVENCE,M,"47,4153450","4,9833850",21,2019,80.0,1.0,1.0,3.0,2265108,1.0,1,4,1,5.0,,0.0,0,1980.0,B01,138Â 203Â 725,2.0,6.0,-1.0,1728995,2.0,33,,0.0,2.0,1.0,E01,138Â 203Â 728,1.0
1012894,201900054425,5,30,15:00,1,1,9,1.0,5.0,21408,RD 7 PR 32+690 - Parking de JOUVENCE,M,"47,4153450","4,9833850",21,2019,80.0,1.0,1.0,3.0,2265109,1.0,1,4,1,5.0,,0.0,0,1984.0,C01,138Â 203Â 726,2.0,6.0,-1.0,1728991,2.0,7,,0.0,2.0,3.0,A01,138Â 203Â 724,1.0
1012894,201900054425,5,30,15:00,1,1,9,1.0,5.0,21408,RD 7 PR 32+690 - Parking de JOUVENCE,M,"47,4153450","4,9833850",21,2019,80.0,1.0,1.0,3.0,2265109,1.0,1,4,1,5.0,,0.0,0,1984.0,C01,138Â 203Â 726,2.0,6.0,-1.0,1728992,2.0,33,,0.0,2.0,1.0,B01,138Â 203Â 725,1.0
1012894,201900054425,5,30,15:00,1,1,9,1.0,5.0,21408,RD 7 PR 32+690 - Parking de JOUVENCE,M,"47,4153450","4,9833850",21,2019,80.0,1.0,1.0,3.0,2265109,1.0,1,4,1,5.0,,0.0,0,1984.0,C01,138Â 203Â 726,2.0,6.0,-1.0,1728993,2.0,33,,0.0,2.0,1.0,C01,138Â 203Â 726,1.0
1012894,201900054425,5,30,15:00,1,1,9,1.0,5.0,21408,RD 7 PR 32+690 - Parking de JOUVENCE,M,"47,4153450","4,9833850",21,2019,80.0,1.0,1.0,3.0,2265109,1.0,1,4,1,5.0,,0.0,0,1984.0,C01,138Â 203Â 726,2.0,6.0,-1.0,1728994,2.0,33,,0.0,2.0,1.0,D01,138Â 203Â 727,1.0
1012894,201900054425,5,30,15:00,1,1,9,1.0,5.0,21408,RD 7 PR 32+690 - Parking de JOUVENCE,M,"47,4153450","4,9833850",21,2019,80.0,1.0,1.0,3.0,2265109,1.0,1,4,1,5.0,,0.0,0,1984.0,C01,138Â 203Â 726,2.0,6.0,-1.0,1728995,2.0,33,,0.0,2.0,1.0,E01,138Â 203Â 728,1.0