Unnamed: 0_x,num_acc,mois,jour,hrmn,lum,agg,int,atm,col,com,adr,gps,lat,long,dep,annee,vma,situ,surf,catr,Unnamed: 0_y,place,catu,grav,sexe,trajet,secu,locp,actp,an_nais,num_veh_x,id_vehicule_x,secu1,secu2,secu3,Unnamed: 0,senc,catv,occutc,obs,obsm,choc,num_veh_y,id_vehicule_y,motor
1012894,201900054425,5,30,15:00,1,1,9,1.0,5.0,21408,RD 7 PR 32+690 - Parking de JOUVENCE,M,"47,4153450","4,9833850",21,2019,80.0,1.0,1.0,3.0,2265110,1.0,1,3,1,5.0,,0.0,0,1991.0,D01,138Â 203Â 727,2.0,6.0,-1.0,1728991,2.0,7,,0.0,2.0,3.0,A01,138Â 203Â 724,1.0
1012894,201900054425,5,30,15:00,1,1,9,1.0,5.0,21408,RD 7 PR 32+690 - Parking de JOUVENCE,M,"47,4153450","4,9833850",21,2019,80.0,1.0,1.0,3.0,2265110,1.0,1,3,1,5.0,,0.0,0,1991.0,D01,138Â 203Â 727,2.0,6.0,-1.0,1728992,2.0,33,,0.0,2.0,1.0,B01,138Â 203Â 725,1.0
1012894,201900054425,5,30,15:00,1,1,9,1.0,5.0,21408,RD 7 PR 32+690 - Parking de JOUVENCE,M,"47,4153450","4,9833850",21,2019,80.0,1.0,1.0,3.0,2265110,1.0,1,3,1,5.0,,0.0,0,1991.0,D01,138Â 203Â 727,2.0,6.0,-1.0,1728993,2.0,33,,0.0,2.0,1.0,C01,138Â 203Â 726,1.0
1012894,201900054425,5,30,15:00,1,1,9,1.0,5.0,21408,RD 7 PR 32+690 - Parking de JOUVENCE,M,"47,4153450","4,9833850",21,2019,80.0,1.0,1.0,3.0,2265110,1.0,1,3,1,5.0,,0.0,0,1991.0,D01,138Â 203Â 727,2.0,6.0,-1.0,1728994,2.0,33,,0.0,2.0,1.0,D01,138Â 203Â 727,1.0
1012894,201900054425,5,30,15:00,1,1,9,1.0,5.0,21408,RD 7 PR 32+690 - Parking de JOUVENCE,M,"47,4153450","4,9833850",21,2019,80.0,1.0,1.0,3.0,2265110,1.0,1,3,1,5.0,,0.0,0,1991.0,D01,138Â 203Â 727,2.0,6.0,-1.0,1728995,2.0,33,,0.0,2.0,1.0,E01,138Â 203Â 728,1.0
1012894,201900054425,5,30,15:00,1,1,9,1.0,5.0,21408,RD 7 PR 32+690 - Parking de JOUVENCE,M,"47,4153450","4,9833850",21,2019,80.0,1.0,1.0,3.0,2265111,1.0,1,3,1,5.0,,0.0,0,1990.0,E01,138Â 203Â 728,2.0,6.0,-1.0,1728991,2.0,7,,0.0,2.0,3.0,A01,138Â 203Â 724,1.0
1012894,201900054425,5,30,15:00,1,1,9,1.0,5.0,21408,RD 7 PR 32+690 - Parking de JOUVENCE,M,"47,4153450","4,9833850",21,2019,80.0,1.0,1.0,3.0,2265111,1.0,1,3,1,5.0,,0.0,0,1990.0,E01,138Â 203Â 728,2.0,6.0,-1.0,1728992,2.0,33,,0.0,2.0,1.0,B01,138Â 203Â 725,1.0
1012894,201900054425,5,30,15:00,1,1,9,1.0,5.0,21408,RD 7 PR 32+690 - Parking de JOUVENCE,M,"47,4153450","4,9833850",21,2019,80.0,1.0,1.0,3.0,2265111,1.0,1,3,1,5.0,,0.0,0,1990.0,E01,138Â 203Â 728,2.0,6.0,-1.0,1728993,2.0,33,,0.0,2.0,1.0,C01,138Â 203Â 726,1.0
1012894,201900054425,5,30,15:00,1,1,9,1.0,5.0,21408,RD 7 PR 32+690 - Parking de JOUVENCE,M,"47,4153450","4,9833850",21,2019,80.0,1.0,1.0,3.0,2265111,1.0,1,3,1,5.0,,0.0,0,1990.0,E01,138Â 203Â 728,2.0,6.0,-1.0,1728994,2.0,33,,0.0,2.0,1.0,D01,138Â 203Â 727,1.0
1012894,201900054425,5,30,15:00,1,1,9,1.0,5.0,21408,RD 7 PR 32+690 - Parking de JOUVENCE,M,"47,4153450","4,9833850",21,2019,80.0,1.0,1.0,3.0,2265111,1.0,1,3,1,5.0,,0.0,0,1990.0,E01,138Â 203Â 728,2.0,6.0,-1.0,1728995,2.0,33,,0.0,2.0,1.0,E01,138Â 203Â 728,1.0
1012895,201900054426,5,28,23:50,3,1,1,1.0,1.0,21567,d906,M,"47,1048020","4,5199200",21,2019,80.0,1.0,1.0,3.0,2265112,1.0,1,4,2,5.0,,0.0,0,1951.0,B01,138Â 203Â 722,1.0,-1.0,-1.0,1728996,1.0,7,,0.0,2.0,1.0,B01,138Â 203Â 722,1.0
1012895,201900054426,5,28,23:50,3,1,1,1.0,1.0,21567,d906,M,"47,1048020","4,5199200",21,2019,80.0,1.0,1.0,3.0,2265112,1.0,1,4,2,5.0,,0.0,0,1951.0,B01,138Â 203Â 722,1.0,-1.0,-1.0,1728997,2.0,7,,0.0,2.0,1.0,A01,138Â 203Â 723,1.0
1012895,201900054426,5,28,23:50,3,1,1,1.0,1.0,21567,d906,M,"47,1048020","4,5199200",21,2019,80.0,1.0,1.0,3.0,2265113,1.0,1,1,1,5.0,,0.0,0,1981.0,A01,138Â 203Â 723,1.0,-1.0,-1.0,1728996,1.0,7,,0.0,2.0,1.0,B01,138Â 203Â 722,1.0
1012895,201900054426,5,28,23:50,3,1,1,1.0,1.0,21567,d906,M,"47,1048020","4,5199200",21,2019,80.0,1.0,1.0,3.0,2265113,1.0,1,1,1,5.0,,0.0,0,1981.0,A01,138Â 203Â 723,1.0,-1.0,-1.0,1728997,2.0,7,,0.0,2.0,1.0,A01,138Â 203Â 723,1.0
1012896,201900054427,5,12,16:15,1,1,4,1.0,7.0,21210,VC 8 des Bordes,M,"47,2407690","4,6148650",21,2019,80.0,1.0,9.0,4.0,2265114,1.0,1,4,1,3.0,,0.0,0,1994.0,A01,138Â 203Â 721,2.0,6.0,-1.0,1728998,3.0,33,,0.0,0.0,7.0,A01,138Â 203Â 721,1.0
1012897,201900054428,5,12,11:35,1,1,3,1.0,1.0,21210,"RD 18, PR 0+600 - zone d'activitÃ© le prÃ© raby",M,"47,2517810","4,5734410",21,2019,70.0,1.0,1.0,3.0,2265115,1.0,1,4,1,5.0,,0.0,0,1987.0,A01,138Â 203Â 719,1.0,-1.0,-1.0,1728999,1.0,7,,0.0,2.0,3.0,A01,138Â 203Â 719,1.0
1012897,201900054428,5,12,11:35,1,1,3,1.0,1.0,21210,"RD 18, PR 0+600 - zone d'activitÃ© le prÃ© raby",M,"47,2517810","4,5734410",21,2019,70.0,1.0,1.0,3.0,2265115,1.0,1,4,1,5.0,,0.0,0,1987.0,A01,138Â 203Â 719,1.0,-1.0,-1.0,1729000,2.0,33,,0.0,2.0,1.0,B01,138Â 203Â 720,1.0
1012897,201900054428,5,12,11:35,1,1,3,1.0,1.0,21210,"RD 18, PR 0+600 - zone d'activitÃ© le prÃ© raby",M,"47,2517810","4,5734410",21,2019,70.0,1.0,1.0,3.0,2265116,1.0,1,3,1,5.0,,0.0,0,1957.0,B01,138Â 203Â 720,2.0,6.0,-1.0,1728999,1.0,7,,0.0,2.0,3.0,A01,138Â 203Â 719,1.0
1012897,201900054428,5,12,11:35,1,1,3,1.0,1.0,21210,"RD 18, PR 0+600 - zone d'activitÃ© le prÃ© raby",M,"47,2517810","4,5734410",21,2019,70.0,1.0,1.0,3.0,2265116,1.0,1,3,1,5.0,,0.0,0,1957.0,B01,138Â 203Â 720,2.0,6.0,-1.0,1729000,2.0,33,,0.0,2.0,1.0,B01,138Â 203Â 720,1.0
1012898,201900054429,5,1,03:00,3,1,1,5.0,6.0,21630,D977 BIS,M,"47,2677050","4,5246550",21,2019,80.0,3.0,1.0,3.0,2265117,1.0,1,2,1,0.0,,0.0,0,1998.0,A01,138Â 203Â 718,8.0,-1.0,-1.0,1729001,1.0,7,,2.0,0.0,2.0,A01,138Â 203Â 718,1.0
1012898,201900054429,5,1,03:00,3,1,1,5.0,6.0,21630,D977 BIS,M,"47,2677050","4,5246550",21,2019,80.0,3.0,1.0,3.0,2265118,2.0,2,2,1,0.0,,0.0,0,1990.0,A01,138Â 203Â 718,8.0,-1.0,-1.0,1729001,1.0,7,,2.0,0.0,2.0,A01,138Â 203Â 718,1.0
1012899,201900054430,5,24,12:10,1,1,2,1.0,3.0,21327,RD 906,M,"47,0328870","4,6387230",21,2019,80.0,1.0,1.0,3.0,2265119,1.0,1,3,1,1.0,,0.0,0,1963.0,A01,138Â 203Â 716,2.0,6.0,9.0,1729002,1.0,33,,0.0,2.0,1.0,A01,138Â 203Â 716,1.0
1012899,201900054430,5,24,12:10,1,1,2,1.0,3.0,21327,RD 906,M,"47,0328870","4,6387230",21,2019,80.0,1.0,1.0,3.0,2265119,1.0,1,3,1,1.0,,0.0,0,1963.0,A01,138Â 203Â 716,2.0,6.0,9.0,1729003,1.0,7,,0.0,2.0,2.0,B01,138Â 203Â 717,1.0
1012899,201900054430,5,24,12:10,1,1,2,1.0,3.0,21327,RD 906,M,"47,0328870","4,6387230",21,2019,80.0,1.0,1.0,3.0,2265120,1.0,1,1,1,1.0,,0.0,0,1990.0,B01,138Â 203Â 717,1.0,-1.0,-1.0,1729002,1.0,33,,0.0,2.0,1.0,A01,138Â 203Â 716,1.0
1012899,201900054430,5,24,12:10,1,1,2,1.0,3.0,21327,RD 906,M,"47,0328870","4,6387230",21,2019,80.0,1.0,1.0,3.0,2265120,1.0,1,1,1,1.0,,0.0,0,1990.0,B01,138Â 203Â 717,1.0,-1.0,-1.0,1729003,1.0,7,,0.0,2.0,2.0,B01,138Â 203Â 717,1.0
1012900,201900054431,5,8,03:00,3,1,1,2.0,7.0,21534,rd 973,M,"47,0111800","4,9171450",21,2019,80.0,3.0,2.0,3.0,2265121,1.0,1,4,1,5.0,,0.0,0,1998.0,A01,138Â 203Â 715,8.0,-1.0,-1.0,1729004,1.0,7,,13.0,0.0,0.0,A01,138Â 203Â 715,1.0
1012900,201900054431,5,8,03:00,3,1,1,2.0,7.0,21534,rd 973,M,"47,0111800","4,9171450",21,2019,80.0,3.0,2.0,3.0,2265122,2.0,2,3,1,5.0,,0.0,0,1993.0,A01,138Â 203Â 715,8.0,-1.0,-1.0,1729004,1.0,7,,13.0,0.0,0.0,A01,138Â 203Â 715,1.0
1012900,201900054431,5,8,03:00,3,1,1,2.0,7.0,21534,rd 973,M,"47,0111800","4,9171450",21,2019,80.0,3.0,2.0,3.0,2265123,3.0,2,3,1,5.0,,0.0,0,2000.0,A01,138Â 203Â 715,8.0,-1.0,-1.0,1729004,1.0,7,,13.0,0.0,0.0,A01,138Â 203Â 715,1.0
1012900,201900054431,5,8,03:00,3,1,1,2.0,7.0,21534,rd 973,M,"47,0111800","4,9171450",21,2019,80.0,3.0,2.0,3.0,2265124,4.0,2,4,1,5.0,,0.0,0,2000.0,A01,138Â 203Â 715,8.0,-1.0,-1.0,1729004,1.0,7,,13.0,0.0,0.0,A01,138Â 203Â 715,1.0
1012901,201900054432,5,14,10:20,1,1,1,1.0,1.0,40031,RD 41,M,"43,8498900"," -0,8286330",40,2019,80.0,1.0,1.0,3.0,2265125,1.0,1,1,1,4.0,,0.0,0,1969.0,B01,138Â 203Â 713,1.0,-1.0,-1.0,1729005,0.0,15,,0.0,2.0,3.0,B01,138Â 203Â 713,0.0
1012901,201900054432,5,14,10:20,1,1,1,1.0,1.0,40031,RD 41,M,"43,8498900"," -0,8286330",40,2019,80.0,1.0,1.0,3.0,2265125,1.0,1,1,1,4.0,,0.0,0,1969.0,B01,138Â 203Â 713,1.0,-1.0,-1.0,1729006,0.0,7,,0.0,2.0,3.0,A01,138Â 203Â 714,0.0
1012901,201900054432,5,14,10:20,1,1,1,1.0,1.0,40031,RD 41,M,"43,8498900"," -0,8286330",40,2019,80.0,1.0,1.0,3.0,2265126,1.0,1,3,2,0.0,,0.0,0,1979.0,A01,138Â 203Â 714,1.0,-1.0,-1.0,1729005,0.0,15,,0.0,2.0,3.0,B01,138Â 203Â 713,0.0
1012901,201900054432,5,14,10:20,1,1,1,1.0,1.0,40031,RD 41,M,"43,8498900"," -0,8286330",40,2019,80.0,1.0,1.0,3.0,2265126,1.0,1,3,2,0.0,,0.0,0,1979.0,A01,138Â 203Â 714,1.0,-1.0,-1.0,1729006,0.0,7,,0.0,2.0,3.0,A01,138Â 203Â 714,0.0
1012902,201900054433,5,23,00:20,3,1,1,1.0,6.0,40061,D824,M,"43,8673120"," -0,6368220",40,2019,110.0,2.0,1.0,3.0,2265127,1.0,1,3,1,1.0,,0.0,0,1974.0,A01,138Â 203Â 712,2.0,6.0,-1.0,1729007,1.0,34,,3.0,0.0,1.0,A01,138Â 203Â 712,1.0
1012903,201900054434,5,27,13:30,1,1,1,2.0,2.0,40333,RD38 - route de mont de marsan,M,"43,9754310"," -0,7376510",40,2019,80.0,1.0,2.0,3.0,2265128,1.0,1,3,1,5.0,,0.0,0,1948.0,B01,138Â 203Â 710,2.0,-1.0,-1.0,1729008,1.0,1,,1.0,0.0,1.0,B01,138Â 203Â 710,5.0
1012903,201900054434,5,27,13:30,1,1,1,2.0,2.0,40333,RD38 - route de mont de marsan,M,"43,9754310"," -0,7376510",40,2019,80.0,1.0,2.0,3.0,2265128,1.0,1,3,1,5.0,,0.0,0,1948.0,B01,138Â 203Â 710,2.0,-1.0,-1.0,1729009,1.0,7,,0.0,2.0,6.0,A01,138Â 203Â 711,1.0
1012903,201900054434,5,27,13:30,1,1,1,2.0,2.0,40333,RD38 - route de mont de marsan,M,"43,9754310"," -0,7376510",40,2019,80.0,1.0,2.0,3.0,2265129,1.0,1,1,1,3.0,,0.0,0,1986.0,A01,138Â 203Â 711,1.0,-1.0,-1.0,1729008,1.0,1,,1.0,0.0,1.0,B01,138Â 203Â 710,5.0
1012903,201900054434,5,27,13:30,1,1,1,2.0,2.0,40333,RD38 - route de mont de marsan,M,"43,9754310"," -0,7376510",40,2019,80.0,1.0,2.0,3.0,2265129,1.0,1,1,1,3.0,,0.0,0,1986.0,A01,138Â 203Â 711,1.0,-1.0,-1.0,1729009,1.0,7,,0.0,2.0,6.0,A01,138Â 203Â 711,1.0
1012904,201900054435,5,31,10:00,1,1,1,1.0,1.0,40248,1526 Route de Saubrigues,M,"43,5794830"," -1,3508210",40,2019,80.0,1.0,1.0,3.0,2265130,1.0,1,3,1,5.0,,0.0,0,2002.0,B01,138Â 203Â 708,2.0,-1.0,-1.0,1729010,1.0,31,,0.0,2.0,1.0,B01,138Â 203Â 708,1.0
1012904,201900054435,5,31,10:00,1,1,1,1.0,1.0,40248,1526 Route de Saubrigues,M,"43,5794830"," -1,3508210",40,2019,80.0,1.0,1.0,3.0,2265130,1.0,1,3,1,5.0,,0.0,0,2002.0,B01,138Â 203Â 708,2.0,-1.0,-1.0,1729011,1.0,7,,0.0,2.0,3.0,A01,138Â 203Â 709,1.0
1012904,201900054435,5,31,10:00,1,1,1,1.0,1.0,40248,1526 Route de Saubrigues,M,"43,5794830"," -1,3508210",40,2019,80.0,1.0,1.0,3.0,2265131,2.0,2,2,2,5.0,,0.0,0,2005.0,B01,138Â 203Â 708,2.0,-1.0,-1.0,1729010,1.0,31,,0.0,2.0,1.0,B01,138Â 203Â 708,1.0
1012904,201900054435,5,31,10:00,1,1,1,1.0,1.0,40248,1526 Route de Saubrigues,M,"43,5794830"," -1,3508210",40,2019,80.0,1.0,1.0,3.0,2265131,2.0,2,2,2,5.0,,0.0,0,2005.0,B01,138Â 203Â 708,2.0,-1.0,-1.0,1729011,1.0,7,,0.0,2.0,3.0,A01,138Â 203Â 709,1.0
1012904,201900054435,5,31,10:00,1,1,1,1.0,1.0,40248,1526 Route de Saubrigues,M,"43,5794830"," -1,3508210",40,2019,80.0,1.0,1.0,3.0,2265132,1.0,1,1,1,5.0,,0.0,0,1963.0,A01,138Â 203Â 709,1.0,-1.0,-1.0,1729010,1.0,31,,0.0,2.0,1.0,B01,138Â 203Â 708,1.0
1012904,201900054435,5,31,10:00,1,1,1,1.0,1.0,40248,1526 Route de Saubrigues,M,"43,5794830"," -1,3508210",40,2019,80.0,1.0,1.0,3.0,2265132,1.0,1,1,1,5.0,,0.0,0,1963.0,A01,138Â 203Â 709,1.0,-1.0,-1.0,1729011,1.0,7,,0.0,2.0,3.0,A01,138Â 203Â 709,1.0
1012904,201900054435,5,31,10:00,1,1,1,1.0,1.0,40248,1526 Route de Saubrigues,M,"43,5794830"," -1,3508210",40,2019,80.0,1.0,1.0,3.0,2265133,2.0,2,1,1,5.0,,0.0,0,1972.0,A01,138Â 203Â 709,1.0,-1.0,-1.0,1729010,1.0,31,,0.0,2.0,1.0,B01,138Â 203Â 708,1.0
1012904,201900054435,5,31,10:00,1,1,1,1.0,1.0,40248,1526 Route de Saubrigues,M,"43,5794830"," -1,3508210",40,2019,80.0,1.0,1.0,3.0,2265133,2.0,2,1,1,5.0,,0.0,0,1972.0,A01,138Â 203Â 709,1.0,-1.0,-1.0,1729011,1.0,7,,0.0,2.0,3.0,A01,138Â 203Â 709,1.0
1012905,201900054436,5,12,13:55,1,2,4,1.0,3.0,40284,RD 810 -,M,"43,6565350"," -1,3136190",40,2019,50.0,1.0,1.0,3.0,2265134,1.0,1,1,2,5.0,,0.0,0,1960.0,A01,138Â 203Â 706,1.0,-1.0,-1.0,1729012,1.0,7,,0.0,2.0,2.0,A01,138Â 203Â 706,1.0
1012905,201900054436,5,12,13:55,1,2,4,1.0,3.0,40284,RD 810 -,M,"43,6565350"," -1,3136190",40,2019,50.0,1.0,1.0,3.0,2265134,1.0,1,1,2,5.0,,0.0,0,1960.0,A01,138Â 203Â 706,1.0,-1.0,-1.0,1729013,1.0,30,,0.0,2.0,1.0,B01,138Â 203Â 707,1.0
1012905,201900054436,5,12,13:55,1,2,4,1.0,3.0,40284,RD 810 -,M,"43,6565350"," -1,3136190",40,2019,50.0,1.0,1.0,3.0,2265135,1.0,1,3,1,5.0,,0.0,0,2001.0,B01,138Â 203Â 707,2.0,-1.0,-1.0,1729012,1.0,7,,0.0,2.0,2.0,A01,138Â 203Â 706,1.0
1012905,201900054436,5,12,13:55,1,2,4,1.0,3.0,40284,RD 810 -,M,"43,6565350"," -1,3136190",40,2019,50.0,1.0,1.0,3.0,2265135,1.0,1,3,1,5.0,,0.0,0,2001.0,B01,138Â 203Â 707,2.0,-1.0,-1.0,1729013,1.0,30,,0.0,2.0,1.0,B01,138Â 203Â 707,1.0
1012906,201900054437,5,21,08:25,1,1,9,1.0,3.0,40034,Route de BÃ©lus,M,"43,5913280"," -1,1468940",40,2019,80.0,1.0,1.0,3.0,2265136,1.0,1,1,1,0.0,,0.0,0,1962.0,A01,138Â 203Â 704,1.0,-1.0,-1.0,1729014,1.0,7,,0.0,2.0,6.0,A01,138Â 203Â 704,1.0
1012906,201900054437,5,21,08:25,1,1,9,1.0,3.0,40034,Route de BÃ©lus,M,"43,5913280"," -1,1468940",40,2019,80.0,1.0,1.0,3.0,2265136,1.0,1,1,1,0.0,,0.0,0,1962.0,A01,138Â 203Â 704,1.0,-1.0,-1.0,1729015,2.0,2,,0.0,2.0,1.0,B01,138Â 203Â 705,1.0
1012906,201900054437,5,21,08:25,1,1,9,1.0,3.0,40034,Route de BÃ©lus,M,"43,5913280"," -1,1468940",40,2019,80.0,1.0,1.0,3.0,2265137,1.0,1,3,1,2.0,,0.0,0,2001.0,B01,138Â 203Â 705,2.0,6.0,-1.0,1729014,1.0,7,,0.0,2.0,6.0,A01,138Â 203Â 704,1.0
1012906,201900054437,5,21,08:25,1,1,9,1.0,3.0,40034,Route de BÃ©lus,M,"43,5913280"," -1,1468940",40,2019,80.0,1.0,1.0,3.0,2265137,1.0,1,3,1,2.0,,0.0,0,2001.0,B01,138Â 203Â 705,2.0,6.0,-1.0,1729015,2.0,2,,0.0,2.0,1.0,B01,138Â 203Â 705,1.0
1012907,201900054438,3,27,16:10,1,1,1,1.0,2.0,40183,893 Route d'Orthez,M,"43,6509050"," -0,9504860",40,2019,80.0,1.0,1.0,3.0,2265138,1.0,1,1,2,5.0,,0.0,0,1944.0,B01,138Â 203Â 702,1.0,-1.0,-1.0,1729016,2.0,7,,0.0,2.0,4.0,B01,138Â 203Â 702,1.0
1012907,201900054438,3,27,16:10,1,1,1,1.0,2.0,40183,893 Route d'Orthez,M,"43,6509050"," -0,9504860",40,2019,80.0,1.0,1.0,3.0,2265138,1.0,1,1,2,5.0,,0.0,0,1944.0,B01,138Â 203Â 702,1.0,-1.0,-1.0,1729017,2.0,7,,0.0,2.0,1.0,A01,138Â 203Â 703,1.0
1012907,201900054438,3,27,16:10,1,1,1,1.0,2.0,40183,893 Route d'Orthez,M,"43,6509050"," -0,9504860",40,2019,80.0,1.0,1.0,3.0,2265139,1.0,1,3,2,0.0,,0.0,0,1990.0,A01,138Â 203Â 703,1.0,-1.0,-1.0,1729016,2.0,7,,0.0,2.0,4.0,B01,138Â 203Â 702,1.0
1012907,201900054438,3,27,16:10,1,1,1,1.0,2.0,40183,893 Route d'Orthez,M,"43,6509050"," -0,9504860",40,2019,80.0,1.0,1.0,3.0,2265139,1.0,1,3,2,0.0,,0.0,0,1990.0,A01,138Â 203Â 703,1.0,-1.0,-1.0,1729017,2.0,7,,0.0,2.0,1.0,A01,138Â 203Â 703,1.0
1012908,201900054439,4,30,18:10,1,1,3,1.0,3.0,40267,Lahoueille,M,"43,9768440"," -0,2395510",40,2019,50.0,1.0,1.0,3.0,2265140,1.0,1,3,1,3.0,,0.0,0,1968.0,B01,138Â 203Â 700,2.0,6.0,9.0,1729018,2.0,33,,0.0,2.0,1.0,B01,138Â 203Â 700,1.0
1012908,201900054439,4,30,18:10,1,1,3,1.0,3.0,40267,Lahoueille,M,"43,9768440"," -0,2395510",40,2019,50.0,1.0,1.0,3.0,2265140,1.0,1,3,1,3.0,,0.0,0,1968.0,B01,138Â 203Â 700,2.0,6.0,9.0,1729019,1.0,7,,0.0,2.0,3.0,A01,138Â 203Â 701,1.0
1012908,201900054439,4,30,18:10,1,1,3,1.0,3.0,40267,Lahoueille,M,"43,9768440"," -0,2395510",40,2019,50.0,1.0,1.0,3.0,2265141,1.0,1,1,1,3.0,,0.0,0,1997.0,A01,138Â 203Â 701,1.0,-1.0,-1.0,1729018,2.0,33,,0.0,2.0,1.0,B01,138Â 203Â 700,1.0
1012908,201900054439,4,30,18:10,1,1,3,1.0,3.0,40267,Lahoueille,M,"43,9768440"," -0,2395510",40,2019,50.0,1.0,1.0,3.0,2265141,1.0,1,1,1,3.0,,0.0,0,1997.0,A01,138Â 203Â 701,1.0,-1.0,-1.0,1729019,1.0,7,,0.0,2.0,3.0,A01,138Â 203Â 701,1.0
1012909,201900054440,5,9,16:30,1,1,1,1.0,1.0,40250,CD 932,M,"43,9206900"," -0,4464220",40,2019,80.0,1.0,1.0,3.0,2265142,1.0,1,1,1,4.0,,0.0,0,1972.0,B01,138Â 203Â 698,1.0,-1.0,-1.0,1729020,2.0,15,,0.0,2.0,1.0,B01,138Â 203Â 698,1.0
1012909,201900054440,5,9,16:30,1,1,1,1.0,1.0,40250,CD 932,M,"43,9206900"," -0,4464220",40,2019,80.0,1.0,1.0,3.0,2265142,1.0,1,1,1,4.0,,0.0,0,1972.0,B01,138Â 203Â 698,1.0,-1.0,-1.0,1729021,1.0,7,,0.0,2.0,1.0,A01,138Â 203Â 699,1.0
1012909,201900054440,5,9,16:30,1,1,1,1.0,1.0,40250,CD 932,M,"43,9206900"," -0,4464220",40,2019,80.0,1.0,1.0,3.0,2265143,1.0,1,3,1,5.0,,0.0,0,1969.0,A01,138Â 203Â 699,1.0,-1.0,-1.0,1729020,2.0,15,,0.0,2.0,1.0,B01,138Â 203Â 698,1.0
1012909,201900054440,5,9,16:30,1,1,1,1.0,1.0,40250,CD 932,M,"43,9206900"," -0,4464220",40,2019,80.0,1.0,1.0,3.0,2265143,1.0,1,3,1,5.0,,0.0,0,1969.0,A01,138Â 203Â 699,1.0,-1.0,-1.0,1729021,1.0,7,,0.0,2.0,1.0,A01,138Â 203Â 699,1.0
1012910,201900054441,5,29,13:15,1,1,1,1.0,6.0,24326,Route DÃ©partementale 706,M,"44,9895380","1,0616640",24,2019,80.0,1.0,1.0,3.0,2265144,1.0,1,3,1,5.0,,0.0,0,1977.0,A01,138Â 203Â 695,2.0,6.0,-1.0,1729022,1.0,33,,0.0,2.0,1.0,A01,138Â 203Â 695,1.0
1012910,201900054441,5,29,13:15,1,1,1,1.0,6.0,24326,Route DÃ©partementale 706,M,"44,9895380","1,0616640",24,2019,80.0,1.0,1.0,3.0,2265144,1.0,1,3,1,5.0,,0.0,0,1977.0,A01,138Â 203Â 695,2.0,6.0,-1.0,1729023,2.0,13,,0.0,2.0,3.0,B01,138Â 203Â 696,1.0
1012910,201900054441,5,29,13:15,1,1,1,1.0,6.0,24326,Route DÃ©partementale 706,M,"44,9895380","1,0616640",24,2019,80.0,1.0,1.0,3.0,2265144,1.0,1,3,1,5.0,,0.0,0,1977.0,A01,138Â 203Â 695,2.0,6.0,-1.0,1729024,1.0,31,,0.0,0.0,7.0,C01,138Â 203Â 697,1.0
1012910,201900054441,5,29,13:15,1,1,1,1.0,6.0,24326,Route DÃ©partementale 706,M,"44,9895380","1,0616640",24,2019,80.0,1.0,1.0,3.0,2265145,1.0,1,1,1,4.0,,0.0,0,1978.0,B01,138Â 203Â 696,1.0,-1.0,-1.0,1729022,1.0,33,,0.0,2.0,1.0,A01,138Â 203Â 695,1.0
1012910,201900054441,5,29,13:15,1,1,1,1.0,6.0,24326,Route DÃ©partementale 706,M,"44,9895380","1,0616640",24,2019,80.0,1.0,1.0,3.0,2265145,1.0,1,1,1,4.0,,0.0,0,1978.0,B01,138Â 203Â 696,1.0,-1.0,-1.0,1729023,2.0,13,,0.0,2.0,3.0,B01,138Â 203Â 696,1.0
1012910,201900054441,5,29,13:15,1,1,1,1.0,6.0,24326,Route DÃ©partementale 706,M,"44,9895380","1,0616640",24,2019,80.0,1.0,1.0,3.0,2265145,1.0,1,1,1,4.0,,0.0,0,1978.0,B01,138Â 203Â 696,1.0,-1.0,-1.0,1729024,1.0,31,,0.0,0.0,7.0,C01,138Â 203Â 697,1.0
1012910,201900054441,5,29,13:15,1,1,1,1.0,6.0,24326,Route DÃ©partementale 706,M,"44,9895380","1,0616640",24,2019,80.0,1.0,1.0,3.0,2265146,1.0,1,3,1,5.0,,0.0,0,1956.0,C01,138Â 203Â 697,2.0,6.0,-1.0,1729022,1.0,33,,0.0,2.0,1.0,A01,138Â 203Â 695,1.0
1012910,201900054441,5,29,13:15,1,1,1,1.0,6.0,24326,Route DÃ©partementale 706,M,"44,9895380","1,0616640",24,2019,80.0,1.0,1.0,3.0,2265146,1.0,1,3,1,5.0,,0.0,0,1956.0,C01,138Â 203Â 697,2.0,6.0,-1.0,1729023,2.0,13,,0.0,2.0,3.0,B01,138Â 203Â 696,1.0
1012910,201900054441,5,29,13:15,1,1,1,1.0,6.0,24326,Route DÃ©partementale 706,M,"44,9895380","1,0616640",24,2019,80.0,1.0,1.0,3.0,2265146,1.0,1,3,1,5.0,,0.0,0,1956.0,C01,138Â 203Â 697,2.0,6.0,-1.0,1729024,1.0,31,,0.0,0.0,7.0,C01,138Â 203Â 697,1.0
1012911,201900054442,5,19,15:30,1,1,1,8.0,1.0,24377,Voie commuale C201,M,"44,9444710","0,8813330",24,2019,80.0,1.0,1.0,4.0,2265147,1.0,1,3,1,9.0,,0.0,0,1946.0,B01,138Â 203Â 693,1.0,-1.0,-1.0,1729025,2.0,7,,0.0,2.0,3.0,B01,138Â 203Â 693,1.0