Unnamed: 0_x,num_acc,mois,jour,hrmn,lum,agg,int,atm,col,com,adr,gps,lat,long,dep,annee,vma,situ,surf,catr,Unnamed: 0_y,place,catu,grav,sexe,trajet,secu,locp,actp,an_nais,num_veh_x,id_vehicule_x,secu1,secu2,secu3,Unnamed: 0,senc,catv,occutc,obs,obsm,choc,num_veh_y,id_vehicule_y,motor
1012911,201900054442,5,19,15:30,1,1,1,8.0,1.0,24377,Voie commuale C201,M,"44,9444710","0,8813330",24,2019,80.0,1.0,1.0,4.0,2265147,1.0,1,3,1,9.0,,0.0,0,1946.0,B01,138Â 203Â 693,1.0,-1.0,-1.0,1729026,1.0,7,,0.0,2.0,2.0,A01,138Â 203Â 694,1.0
1012911,201900054442,5,19,15:30,1,1,1,8.0,1.0,24377,Voie commuale C201,M,"44,9444710","0,8813330",24,2019,80.0,1.0,1.0,4.0,2265148,2.0,1,4,2,5.0,,0.0,0,1990.0,A01,138Â 203Â 694,1.0,5.0,-1.0,1729025,2.0,7,,0.0,2.0,3.0,B01,138Â 203Â 693,1.0
1012911,201900054442,5,19,15:30,1,1,1,8.0,1.0,24377,Voie commuale C201,M,"44,9444710","0,8813330",24,2019,80.0,1.0,1.0,4.0,2265148,2.0,1,4,2,5.0,,0.0,0,1990.0,A01,138Â 203Â 694,1.0,5.0,-1.0,1729026,1.0,7,,0.0,2.0,2.0,A01,138Â 203Â 694,1.0
1012912,201900054443,5,20,10:45,1,1,1,1.0,7.0,24366,La bolÃ©,M,"44,8904240","1,1810760",24,2019,80.0,1.0,1.0,3.0,2265149,7.0,2,1,2,2.0,,0.0,0,2003.0,A01,138Â 203Â 692,1.0,-1.0,-1.0,1729027,1.0,7,,2.0,0.0,1.0,A01,138Â 203Â 692,1.0
1012912,201900054443,5,20,10:45,1,1,1,1.0,7.0,24366,La bolÃ©,M,"44,8904240","1,1810760",24,2019,80.0,1.0,1.0,3.0,2265150,8.0,2,3,2,2.0,,0.0,0,2003.0,A01,138Â 203Â 692,0.0,-1.0,-1.0,1729027,1.0,7,,2.0,0.0,1.0,A01,138Â 203Â 692,1.0
1012912,201900054443,5,20,10:45,1,1,1,1.0,7.0,24366,La bolÃ©,M,"44,8904240","1,1810760",24,2019,80.0,1.0,1.0,3.0,2265151,1.0,1,4,1,2.0,,0.0,0,2001.0,A01,138Â 203Â 692,1.0,-1.0,-1.0,1729027,1.0,7,,2.0,0.0,1.0,A01,138Â 203Â 692,1.0
1012912,201900054443,5,20,10:45,1,1,1,1.0,7.0,24366,La bolÃ©,M,"44,8904240","1,1810760",24,2019,80.0,1.0,1.0,3.0,2265152,9.0,2,1,2,2.0,,0.0,0,2002.0,A01,138Â 203Â 692,1.0,-1.0,-1.0,1729027,1.0,7,,2.0,0.0,1.0,A01,138Â 203Â 692,1.0
1012912,201900054443,5,20,10:45,1,1,1,1.0,7.0,24366,La bolÃ©,M,"44,8904240","1,1810760",24,2019,80.0,1.0,1.0,3.0,2265153,2.0,2,1,1,2.0,,0.0,0,2000.0,A01,138Â 203Â 692,1.0,-1.0,-1.0,1729027,1.0,7,,2.0,0.0,1.0,A01,138Â 203Â 692,1.0
1012913,201900054444,5,15,16:00,1,1,1,1.0,7.0,24366,D25,M,"44,8919970","1,1426240",24,2019,80.0,3.0,1.0,3.0,2265154,1.0,1,3,1,0.0,,0.0,0,1963.0,A01,138Â 203Â 691,1.0,-1.0,-1.0,1729028,3.0,7,,2.0,0.0,9.0,A01,138Â 203Â 691,1.0
1012913,201900054444,5,15,16:00,1,1,1,1.0,7.0,24366,D25,M,"44,8919970","1,1426240",24,2019,80.0,3.0,1.0,3.0,2265155,2.0,2,1,2,0.0,,0.0,0,1992.0,A01,138Â 203Â 691,1.0,-1.0,-1.0,1729028,3.0,7,,2.0,0.0,9.0,A01,138Â 203Â 691,1.0
1012914,201900054445,5,12,17:50,1,1,1,1.0,7.0,24533,Le Meynaud,M,"45,1402460","0,1745160",24,2019,80.0,3.0,1.0,3.0,2265156,1.0,1,3,1,5.0,,0.0,0,1992.0,A01,138Â 203Â 690,8.0,-1.0,-1.0,1729029,2.0,7,,2.0,0.0,1.0,A01,138Â 203Â 690,1.0
1012915,201900054446,5,20,10:45,1,1,1,1.0,7.0,24303,Le Moulin du Treuil,M,"45,3788740","0,2595100",24,2019,80.0,8.0,9.0,4.0,2265157,1.0,1,3,2,4.0,,0.0,0,1965.0,A01,138Â 203Â 689,1.0,-1.0,-1.0,1729030,3.0,7,,0.0,0.0,1.0,A01,138Â 203Â 689,1.0
1012916,201900054447,5,15,12:45,1,1,1,1.0,7.0,24253,Lespinasse,M,"45,4592570","0,4427590",24,2019,80.0,3.0,1.0,3.0,2265158,1.0,1,3,2,1.0,,0.0,0,1991.0,A01,138Â 203Â 688,2.0,9.0,-1.0,1729031,1.0,33,,0.0,0.0,8.0,A01,138Â 203Â 688,1.0
1012917,201900054448,5,3,12:15,1,2,1,1.0,7.0,24311,Parking super U Avenue Jules Ferry,M,"45,5354390","0,6664230",24,2019,-1.0,1.0,1.0,6.0,2265159,1.0,1,1,2,3.0,,0.0,0,1933.0,A01,138Â 203Â 687,8.0,-1.0,-1.0,1729032,3.0,7,,0.0,1.0,7.0,A01,138Â 203Â 687,0.0
1012917,201900054448,5,3,12:15,1,2,1,1.0,7.0,24311,Parking super U Avenue Jules Ferry,M,"45,5354390","0,6664230",24,2019,-1.0,1.0,1.0,6.0,2265160,10.0,3,4,1,3.0,,2.0,1,1963.0,A01,138Â 203Â 687,0.0,-1.0,-1.0,1729032,3.0,7,,0.0,1.0,7.0,A01,138Â 203Â 687,0.0
1012918,201900054449,5,8,00:35,3,1,1,2.0,3.0,24521,rn21,M,"45,2593450","0,8606480",24,2019,80.0,1.0,2.0,2.0,2265161,1.0,1,4,1,5.0,,0.0,0,1987.0,B01,138Â 203Â 685,1.0,-1.0,-1.0,1729033,1.0,7,,0.0,0.0,1.0,B01,138Â 203Â 685,1.0
1012918,201900054449,5,8,00:35,3,1,1,2.0,3.0,24521,rn21,M,"45,2593450","0,8606480",24,2019,80.0,1.0,2.0,2.0,2265161,1.0,1,4,1,5.0,,0.0,0,1987.0,B01,138Â 203Â 685,1.0,-1.0,-1.0,1729034,2.0,7,,0.0,0.0,1.0,A01,138Â 203Â 686,1.0
1012918,201900054449,5,8,00:35,3,1,1,2.0,3.0,24521,rn21,M,"45,2593450","0,8606480",24,2019,80.0,1.0,2.0,2.0,2265162,2.0,2,4,2,5.0,,0.0,0,1991.0,B01,138Â 203Â 685,1.0,-1.0,-1.0,1729033,1.0,7,,0.0,0.0,1.0,B01,138Â 203Â 685,1.0
1012918,201900054449,5,8,00:35,3,1,1,2.0,3.0,24521,rn21,M,"45,2593450","0,8606480",24,2019,80.0,1.0,2.0,2.0,2265162,2.0,2,4,2,5.0,,0.0,0,1991.0,B01,138Â 203Â 685,1.0,-1.0,-1.0,1729034,2.0,7,,0.0,0.0,1.0,A01,138Â 203Â 686,1.0
1012918,201900054449,5,8,00:35,3,1,1,2.0,3.0,24521,rn21,M,"45,2593450","0,8606480",24,2019,80.0,1.0,2.0,2.0,2265163,1.0,1,3,1,5.0,,0.0,0,1986.0,A01,138Â 203Â 686,1.0,-1.0,-1.0,1729033,1.0,7,,0.0,0.0,1.0,B01,138Â 203Â 685,1.0
1012918,201900054449,5,8,00:35,3,1,1,2.0,3.0,24521,rn21,M,"45,2593450","0,8606480",24,2019,80.0,1.0,2.0,2.0,2265163,1.0,1,3,1,5.0,,0.0,0,1986.0,A01,138Â 203Â 686,1.0,-1.0,-1.0,1729034,2.0,7,,0.0,0.0,1.0,A01,138Â 203Â 686,1.0
1012918,201900054449,5,8,00:35,3,1,1,2.0,3.0,24521,rn21,M,"45,2593450","0,8606480",24,2019,80.0,1.0,2.0,2.0,2265164,2.0,2,3,2,5.0,,0.0,0,1983.0,A01,138Â 203Â 686,1.0,-1.0,-1.0,1729033,1.0,7,,0.0,0.0,1.0,B01,138Â 203Â 685,1.0
1012918,201900054449,5,8,00:35,3,1,1,2.0,3.0,24521,rn21,M,"45,2593450","0,8606480",24,2019,80.0,1.0,2.0,2.0,2265164,2.0,2,3,2,5.0,,0.0,0,1983.0,A01,138Â 203Â 686,1.0,-1.0,-1.0,1729034,2.0,7,,0.0,0.0,1.0,A01,138Â 203Â 686,1.0
1012919,201900054450,5,1,13:30,1,1,1,1.0,7.0,24115,La Monnerie,M,"45,2596170","0,6829560",24,2019,80.0,8.0,1.0,3.0,2265165,1.0,1,4,1,5.0,,0.0,0,2000.0,A01,138Â 203Â 684,5.0,-1.0,-1.0,1729035,2.0,7,,2.0,0.0,9.0,A01,138Â 203Â 684,1.0
1012919,201900054450,5,1,13:30,1,1,1,1.0,7.0,24115,La Monnerie,M,"45,2596170","0,6829560",24,2019,80.0,8.0,1.0,3.0,2265166,4.0,2,4,1,5.0,,0.0,0,2004.0,A01,138Â 203Â 684,8.0,-1.0,-1.0,1729035,2.0,7,,2.0,0.0,9.0,A01,138Â 203Â 684,1.0
1012919,201900054450,5,1,13:30,1,1,1,1.0,7.0,24115,La Monnerie,M,"45,2596170","0,6829560",24,2019,80.0,8.0,1.0,3.0,2265167,2.0,2,3,2,5.0,,0.0,0,1998.0,A01,138Â 203Â 684,5.0,-1.0,-1.0,1729035,2.0,7,,2.0,0.0,9.0,A01,138Â 203Â 684,1.0
1012919,201900054450,5,1,13:30,1,1,1,1.0,7.0,24115,La Monnerie,M,"45,2596170","0,6829560",24,2019,80.0,8.0,1.0,3.0,2265168,3.0,2,3,1,5.0,,0.0,0,2003.0,A01,138Â 203Â 684,8.0,-1.0,-1.0,1729035,2.0,7,,2.0,0.0,9.0,A01,138Â 203Â 684,1.0
1012920,201900054451,5,10,18:15,1,1,1,1.0,7.0,04065,RD 16,M,"44,0579040","5,8345270",4,2019,80.0,3.0,1.0,3.0,2265169,1.0,1,3,1,5.0,,0.0,0,1973.0,A01,138Â 203Â 681,2.0,6.0,-1.0,1729036,1.0,33,,0.0,0.0,7.0,A01,138Â 203Â 681,1.0
1012921,201900054452,5,24,15:00,1,1,3,1.0,3.0,04138,RD 4100 - La Tuiliere,M,"43,9350620","5,8532810",4,2019,80.0,1.0,1.0,3.0,2265170,1.0,1,1,2,5.0,,0.0,0,1945.0,A01,138Â 203Â 679,1.0,-1.0,-1.0,1729037,2.0,7,,0.0,2.0,2.0,A01,138Â 203Â 679,1.0
1012921,201900054452,5,24,15:00,1,1,3,1.0,3.0,04138,RD 4100 - La Tuiliere,M,"43,9350620","5,8532810",4,2019,80.0,1.0,1.0,3.0,2265170,1.0,1,1,2,5.0,,0.0,0,1945.0,A01,138Â 203Â 679,1.0,-1.0,-1.0,1729038,2.0,1,,0.0,2.0,3.0,B01,138Â 203Â 680,5.0
1012921,201900054452,5,24,15:00,1,1,3,1.0,3.0,04138,RD 4100 - La Tuiliere,M,"43,9350620","5,8532810",4,2019,80.0,1.0,1.0,3.0,2265171,1.0,1,4,1,5.0,,0.0,0,1952.0,B01,138Â 203Â 680,2.0,-1.0,-1.0,1729037,2.0,7,,0.0,2.0,2.0,A01,138Â 203Â 679,1.0
1012921,201900054452,5,24,15:00,1,1,3,1.0,3.0,04138,RD 4100 - La Tuiliere,M,"43,9350620","5,8532810",4,2019,80.0,1.0,1.0,3.0,2265171,1.0,1,4,1,5.0,,0.0,0,1952.0,B01,138Â 203Â 680,2.0,-1.0,-1.0,1729038,2.0,1,,0.0,2.0,3.0,B01,138Â 203Â 680,5.0
1012922,201900054453,5,18,00:30,3,1,1,1.0,7.0,04106,RD12,M,"43,9567070","5,8650400",4,2019,80.0,1.0,1.0,3.0,2265172,1.0,1,4,2,5.0,,0.0,0,1990.0,A01,138Â 203Â 678,1.0,-1.0,-1.0,1729039,2.0,7,,0.0,0.0,9.0,A01,138Â 203Â 678,1.0
1012923,201900054454,5,11,15:00,1,1,2,1.0,3.0,04111,RD13 / Ch du Plan,M,"43,9151870","5,7795100",4,2019,80.0,1.0,1.0,3.0,2265173,1.0,1,4,1,4.0,,0.0,0,1973.0,B01,138Â 203Â 676,1.0,-1.0,-1.0,1729040,2.0,7,,7.0,2.0,1.0,B01,138Â 203Â 676,1.0
1012923,201900054454,5,11,15:00,1,1,2,1.0,3.0,04111,RD13 / Ch du Plan,M,"43,9151870","5,7795100",4,2019,80.0,1.0,1.0,3.0,2265173,1.0,1,4,1,4.0,,0.0,0,1973.0,B01,138Â 203Â 676,1.0,-1.0,-1.0,1729041,3.0,7,,8.0,0.0,7.0,A01,138Â 203Â 677,1.0
1012923,201900054454,5,11,15:00,1,1,2,1.0,3.0,04111,RD13 / Ch du Plan,M,"43,9151870","5,7795100",4,2019,80.0,1.0,1.0,3.0,2265174,1.0,1,2,1,5.0,,0.0,0,1936.0,A01,138Â 203Â 677,8.0,-1.0,-1.0,1729040,2.0,7,,7.0,2.0,1.0,B01,138Â 203Â 676,1.0
1012923,201900054454,5,11,15:00,1,1,2,1.0,3.0,04111,RD13 / Ch du Plan,M,"43,9151870","5,7795100",4,2019,80.0,1.0,1.0,3.0,2265174,1.0,1,2,1,5.0,,0.0,0,1936.0,A01,138Â 203Â 677,8.0,-1.0,-1.0,1729041,3.0,7,,8.0,0.0,7.0,A01,138Â 203Â 677,1.0
1012923,201900054454,5,11,15:00,1,1,2,1.0,3.0,04111,RD13 / Ch du Plan,M,"43,9151870","5,7795100",4,2019,80.0,1.0,1.0,3.0,2265175,2.0,2,2,2,5.0,,0.0,0,1944.0,A01,138Â 203Â 677,8.0,-1.0,-1.0,1729040,2.0,7,,7.0,2.0,1.0,B01,138Â 203Â 676,1.0
1012923,201900054454,5,11,15:00,1,1,2,1.0,3.0,04111,RD13 / Ch du Plan,M,"43,9151870","5,7795100",4,2019,80.0,1.0,1.0,3.0,2265175,2.0,2,2,2,5.0,,0.0,0,1944.0,A01,138Â 203Â 677,8.0,-1.0,-1.0,1729041,3.0,7,,8.0,0.0,7.0,A01,138Â 203Â 677,1.0
1012924,201900054455,5,13,14:50,1,1,1,1.0,7.0,04166,RD 6,M,"43,8211470","6,0514860",4,2019,80.0,1.0,1.0,3.0,2265176,1.0,1,4,1,5.0,,0.0,0,1946.0,A01,138Â 203Â 675,2.0,6.0,-1.0,1729042,1.0,31,,0.0,0.0,7.0,A01,138Â 203Â 675,1.0
1012925,201900054456,5,12,12:10,1,1,1,1.0,6.0,04031,RD 53,M,"43,8969850","6,1343140",4,2019,80.0,3.0,1.0,3.0,2265177,1.0,1,3,1,5.0,,0.0,0,1950.0,A01,138Â 203Â 674,2.0,6.0,9.0,1729043,2.0,33,,13.0,0.0,7.0,A01,138Â 203Â 674,1.0
1012926,201900054457,5,1,15:00,1,1,1,1.0,7.0,04074,RN 85,M,"44,0092330","6,2739060",4,2019,80.0,1.0,1.0,2.0,2265178,1.0,1,3,1,5.0,,0.0,0,1977.0,A01,138Â 203Â 673,2.0,9.0,6.0,1729044,2.0,33,,0.0,0.0,8.0,A01,138Â 203Â 673,1.0
1012926,201900054457,5,1,15:00,1,1,1,1.0,7.0,04074,RN 85,M,"44,0092330","6,2739060",4,2019,80.0,1.0,1.0,2.0,2265179,2.0,2,3,2,5.0,,0.0,0,1973.0,A01,138Â 203Â 673,2.0,6.0,-1.0,1729044,2.0,33,,0.0,0.0,8.0,A01,138Â 203Â 673,1.0
1012927,201900054458,5,20,08:00,1,1,1,1.0,5.0,04116,RD 4A,M,"44,0360810","5,9643680",4,2019,70.0,1.0,1.0,3.0,2265180,1.0,1,4,1,1.0,,0.0,0,1980.0,B01,138Â 203Â 670,1.0,-1.0,-1.0,1729045,1.0,7,,0.0,2.0,1.0,B01,138Â 203Â 670,1.0
1012927,201900054458,5,20,08:00,1,1,1,1.0,5.0,04116,RD 4A,M,"44,0360810","5,9643680",4,2019,70.0,1.0,1.0,3.0,2265180,1.0,1,4,1,1.0,,0.0,0,1980.0,B01,138Â 203Â 670,1.0,-1.0,-1.0,1729046,2.0,10,,0.0,2.0,2.0,A01,138Â 203Â 671,1.0
1012927,201900054458,5,20,08:00,1,1,1,1.0,5.0,04116,RD 4A,M,"44,0360810","5,9643680",4,2019,70.0,1.0,1.0,3.0,2265180,1.0,1,4,1,1.0,,0.0,0,1980.0,B01,138Â 203Â 670,1.0,-1.0,-1.0,1729047,1.0,7,,0.0,2.0,6.0,C01,138Â 203Â 672,1.0
1012927,201900054458,5,20,08:00,1,1,1,1.0,5.0,04116,RD 4A,M,"44,0360810","5,9643680",4,2019,70.0,1.0,1.0,3.0,2265181,1.0,1,1,1,4.0,,0.0,0,1985.0,A01,138Â 203Â 671,1.0,-1.0,-1.0,1729045,1.0,7,,0.0,2.0,1.0,B01,138Â 203Â 670,1.0
1012927,201900054458,5,20,08:00,1,1,1,1.0,5.0,04116,RD 4A,M,"44,0360810","5,9643680",4,2019,70.0,1.0,1.0,3.0,2265181,1.0,1,1,1,4.0,,0.0,0,1985.0,A01,138Â 203Â 671,1.0,-1.0,-1.0,1729046,2.0,10,,0.0,2.0,2.0,A01,138Â 203Â 671,1.0
1012927,201900054458,5,20,08:00,1,1,1,1.0,5.0,04116,RD 4A,M,"44,0360810","5,9643680",4,2019,70.0,1.0,1.0,3.0,2265181,1.0,1,1,1,4.0,,0.0,0,1985.0,A01,138Â 203Â 671,1.0,-1.0,-1.0,1729047,1.0,7,,0.0,2.0,6.0,C01,138Â 203Â 672,1.0
1012927,201900054458,5,20,08:00,1,1,1,1.0,5.0,04116,RD 4A,M,"44,0360810","5,9643680",4,2019,70.0,1.0,1.0,3.0,2265182,1.0,1,1,2,4.0,,0.0,0,1967.0,C01,138Â 203Â 672,1.0,-1.0,-1.0,1729045,1.0,7,,0.0,2.0,1.0,B01,138Â 203Â 670,1.0
1012927,201900054458,5,20,08:00,1,1,1,1.0,5.0,04116,RD 4A,M,"44,0360810","5,9643680",4,2019,70.0,1.0,1.0,3.0,2265182,1.0,1,1,2,4.0,,0.0,0,1967.0,C01,138Â 203Â 672,1.0,-1.0,-1.0,1729046,2.0,10,,0.0,2.0,2.0,A01,138Â 203Â 671,1.0
1012927,201900054458,5,20,08:00,1,1,1,1.0,5.0,04116,RD 4A,M,"44,0360810","5,9643680",4,2019,70.0,1.0,1.0,3.0,2265182,1.0,1,1,2,4.0,,0.0,0,1967.0,C01,138Â 203Â 672,1.0,-1.0,-1.0,1729047,1.0,7,,0.0,2.0,6.0,C01,138Â 203Â 672,1.0
1012928,201900054459,4,18,17:25,1,1,1,1.0,5.0,04001,RN 85,M,"44,0635170","6,1697180",4,2019,80.0,1.0,1.0,2.0,2265183,1.0,1,4,1,1.0,,0.0,0,1973.0,C01,138Â 203Â 667,1.0,-1.0,-1.0,1729048,2.0,7,,0.0,2.0,3.0,C01,138Â 203Â 667,1.0
1012928,201900054459,4,18,17:25,1,1,1,1.0,5.0,04001,RN 85,M,"44,0635170","6,1697180",4,2019,80.0,1.0,1.0,2.0,2265183,1.0,1,4,1,1.0,,0.0,0,1973.0,C01,138Â 203Â 667,1.0,-1.0,-1.0,1729049,2.0,7,,0.0,2.0,3.0,B01,138Â 203Â 668,1.0
1012928,201900054459,4,18,17:25,1,1,1,1.0,5.0,04001,RN 85,M,"44,0635170","6,1697180",4,2019,80.0,1.0,1.0,2.0,2265183,1.0,1,4,1,1.0,,0.0,0,1973.0,C01,138Â 203Â 667,1.0,-1.0,-1.0,1729050,1.0,7,,0.0,2.0,3.0,A01,138Â 203Â 669,1.0
1012928,201900054459,4,18,17:25,1,1,1,1.0,5.0,04001,RN 85,M,"44,0635170","6,1697180",4,2019,80.0,1.0,1.0,2.0,2265184,1.0,1,1,1,5.0,,0.0,0,2000.0,B01,138Â 203Â 668,1.0,-1.0,-1.0,1729048,2.0,7,,0.0,2.0,3.0,C01,138Â 203Â 667,1.0
1012928,201900054459,4,18,17:25,1,1,1,1.0,5.0,04001,RN 85,M,"44,0635170","6,1697180",4,2019,80.0,1.0,1.0,2.0,2265184,1.0,1,1,1,5.0,,0.0,0,2000.0,B01,138Â 203Â 668,1.0,-1.0,-1.0,1729049,2.0,7,,0.0,2.0,3.0,B01,138Â 203Â 668,1.0
1012928,201900054459,4,18,17:25,1,1,1,1.0,5.0,04001,RN 85,M,"44,0635170","6,1697180",4,2019,80.0,1.0,1.0,2.0,2265184,1.0,1,1,1,5.0,,0.0,0,2000.0,B01,138Â 203Â 668,1.0,-1.0,-1.0,1729050,1.0,7,,0.0,2.0,3.0,A01,138Â 203Â 669,1.0
1012928,201900054459,4,18,17:25,1,1,1,1.0,5.0,04001,RN 85,M,"44,0635170","6,1697180",4,2019,80.0,1.0,1.0,2.0,2265185,1.0,1,1,1,1.0,,0.0,0,1961.0,A01,138Â 203Â 669,1.0,-1.0,-1.0,1729048,2.0,7,,0.0,2.0,3.0,C01,138Â 203Â 667,1.0
1012928,201900054459,4,18,17:25,1,1,1,1.0,5.0,04001,RN 85,M,"44,0635170","6,1697180",4,2019,80.0,1.0,1.0,2.0,2265185,1.0,1,1,1,1.0,,0.0,0,1961.0,A01,138Â 203Â 669,1.0,-1.0,-1.0,1729049,2.0,7,,0.0,2.0,3.0,B01,138Â 203Â 668,1.0
1012928,201900054459,4,18,17:25,1,1,1,1.0,5.0,04001,RN 85,M,"44,0635170","6,1697180",4,2019,80.0,1.0,1.0,2.0,2265185,1.0,1,1,1,1.0,,0.0,0,1961.0,A01,138Â 203Â 669,1.0,-1.0,-1.0,1729050,1.0,7,,0.0,2.0,3.0,A01,138Â 203Â 669,1.0
1012929,201900054460,5,31,03:25,5,2,6,1.0,6.0,85234,195 Avenue Valentin,M,"46,7883800"," -2,0335300",85,2019,50.0,8.0,1.0,3.0,2265186,8.0,2,4,1,5.0,,0.0,0,1978.0,A01,138Â 203Â 666,0.0,-1.0,-1.0,1729051,1.0,7,,12.0,0.0,8.0,A01,138Â 203Â 666,1.0
1012929,201900054460,5,31,03:25,5,2,6,1.0,6.0,85234,195 Avenue Valentin,M,"46,7883800"," -2,0335300",85,2019,50.0,8.0,1.0,3.0,2265187,2.0,2,3,1,5.0,,0.0,0,1984.0,A01,138Â 203Â 666,1.0,-1.0,-1.0,1729051,1.0,7,,12.0,0.0,8.0,A01,138Â 203Â 666,1.0
1012930,201900054461,5,21,07:25,1,2,9,1.0,1.0,85234,121 Chemin de la Charraud Basse,M,"46,8037000"," -2,0877500",85,2019,50.0,1.0,1.0,4.0,2265188,1.0,1,4,1,5.0,,0.0,0,1961.0,B01,138Â 203Â 664,0.0,-1.0,-1.0,1729052,3.0,21,,0.0,2.0,3.0,B01,138Â 203Â 664,1.0
1012930,201900054461,5,21,07:25,1,2,9,1.0,1.0,85234,121 Chemin de la Charraud Basse,M,"46,8037000"," -2,0877500",85,2019,50.0,1.0,1.0,4.0,2265188,1.0,1,4,1,5.0,,0.0,0,1961.0,B01,138Â 203Â 664,0.0,-1.0,-1.0,1729053,3.0,13,,0.0,2.0,3.0,A01,138Â 203Â 665,1.0
1012930,201900054461,5,21,07:25,1,2,9,1.0,1.0,85234,121 Chemin de la Charraud Basse,M,"46,8037000"," -2,0877500",85,2019,50.0,1.0,1.0,4.0,2265189,7.0,2,4,1,5.0,,0.0,0,1950.0,B01,138Â 203Â 664,0.0,-1.0,-1.0,1729052,3.0,21,,0.0,2.0,3.0,B01,138Â 203Â 664,1.0
1012930,201900054461,5,21,07:25,1,2,9,1.0,1.0,85234,121 Chemin de la Charraud Basse,M,"46,8037000"," -2,0877500",85,2019,50.0,1.0,1.0,4.0,2265189,7.0,2,4,1,5.0,,0.0,0,1950.0,B01,138Â 203Â 664,0.0,-1.0,-1.0,1729053,3.0,13,,0.0,2.0,3.0,A01,138Â 203Â 665,1.0
1012930,201900054461,5,21,07:25,1,2,9,1.0,1.0,85234,121 Chemin de la Charraud Basse,M,"46,8037000"," -2,0877500",85,2019,50.0,1.0,1.0,4.0,2265190,1.0,1,4,1,4.0,,0.0,0,1991.0,A01,138Â 203Â 665,1.0,-1.0,-1.0,1729052,3.0,21,,0.0,2.0,3.0,B01,138Â 203Â 664,1.0
1012930,201900054461,5,21,07:25,1,2,9,1.0,1.0,85234,121 Chemin de la Charraud Basse,M,"46,8037000"," -2,0877500",85,2019,50.0,1.0,1.0,4.0,2265190,1.0,1,4,1,4.0,,0.0,0,1991.0,A01,138Â 203Â 665,1.0,-1.0,-1.0,1729053,3.0,13,,0.0,2.0,3.0,A01,138Â 203Â 665,1.0
1012931,201900054462,5,19,05:20,3,2,1,1.0,2.0,85234,,M,"46,7996100"," -2,0596100",85,2019,80.0,1.0,1.0,3.0,2265191,1.0,1,2,1,5.0,,0.0,0,1988.0,A01,138Â 203Â 662,0.0,-1.0,-1.0,1729054,1.0,1,,0.0,0.0,4.0,A01,138Â 203Â 662,5.0
1012931,201900054462,5,19,05:20,3,2,1,1.0,2.0,85234,,M,"46,7996100"," -2,0596100",85,2019,80.0,1.0,1.0,3.0,2265191,1.0,1,2,1,5.0,,0.0,0,1988.0,A01,138Â 203Â 662,0.0,-1.0,-1.0,1729055,1.0,7,,0.0,2.0,3.0,B01,138Â 203Â 663,1.0
1012931,201900054462,5,19,05:20,3,2,1,1.0,2.0,85234,,M,"46,7996100"," -2,0596100",85,2019,80.0,1.0,1.0,3.0,2265192,1.0,1,1,1,5.0,,0.0,0,1992.0,B01,138Â 203Â 663,1.0,-1.0,-1.0,1729054,1.0,1,,0.0,0.0,4.0,A01,138Â 203Â 662,5.0
1012931,201900054462,5,19,05:20,3,2,1,1.0,2.0,85234,,M,"46,7996100"," -2,0596100",85,2019,80.0,1.0,1.0,3.0,2265192,1.0,1,1,1,5.0,,0.0,0,1992.0,B01,138Â 203Â 663,1.0,-1.0,-1.0,1729055,1.0,7,,0.0,2.0,3.0,B01,138Â 203Â 663,1.0
1012932,201900054463,5,1,17:20,1,1,1,1.0,7.0,85234,Route de la Grande Borderie,M,"46,8327700"," -2,0835720",85,2019,80.0,3.0,1.0,3.0,2265193,1.0,1,3,1,5.0,,0.0,0,1996.0,A01,138Â 203Â 661,2.0,-1.0,-1.0,1729056,2.0,31,,3.0,0.0,4.0,A01,138Â 203Â 661,0.0
1012933,201900054464,5,16,21:30,2,1,1,1.0,6.0,85179,Rue des Justices,M,"46,4932500"," -1,5252200",85,2019,80.0,3.0,1.0,3.0,2265194,1.0,1,2,1,5.0,,0.0,0,1972.0,A01,138Â 203Â 660,1.0,-1.0,-1.0,1729057,2.0,7,,2.0,0.0,1.0,A01,138Â 203Â 660,1.0
1012934,201900054465,5,12,02:05,5,2,1,1.0,6.0,85307,Route de la Tranche,M,"46,3387900"," -1,3371500",85,2019,50.0,3.0,1.0,3.0,2265195,1.0,1,1,1,5.0,,0.0,0,1980.0,A01,138Â 203Â 659,8.0,-1.0,-1.0,1729058,1.0,7,,0.0,1.0,2.0,A01,138Â 203Â 659,1.0
1012934,201900054465,5,12,02:05,5,2,1,1.0,6.0,85307,Route de la Tranche,M,"46,3387900"," -1,3371500",85,2019,50.0,3.0,1.0,3.0,2265196,10.0,3,3,1,5.0,,5.0,1,2001.0,A01,138Â 203Â 659,0.0,-1.0,-1.0,1729058,1.0,7,,0.0,1.0,2.0,A01,138Â 203Â 659,1.0
1012934,201900054465,5,12,02:05,5,2,1,1.0,6.0,85307,Route de la Tranche,M,"46,3387900"," -1,3371500",85,2019,50.0,3.0,1.0,3.0,2265197,10.0,3,4,2,5.0,,5.0,1,2001.0,A01,138Â 203Â 659,0.0,-1.0,-1.0,1729058,1.0,7,,0.0,1.0,2.0,A01,138Â 203Â 659,1.0
1012935,201900054466,5,24,16:50,1,2,1,1.0,2.0,85076,Voie de la ChaumiÃ¨re,M,"47,0705700"," -1,2595700",85,2019,50.0,1.0,1.0,3.0,2265198,1.0,1,3,1,1.0,,0.0,0,1994.0,A01,138Â 203Â 656,2.0,6.0,-1.0,1729059,1.0,30,,0.0,2.0,1.0,A01,138Â 203Â 656,1.0