Unnamed: 0_x,num_acc,mois,jour,hrmn,lum,agg,int,atm,col,com,adr,gps,lat,long,dep,annee,vma,situ,surf,catr,Unnamed: 0_y,place,catu,grav,sexe,trajet,secu,locp,actp,an_nais,num_veh_x,id_vehicule_x,secu1,secu2,secu3,Unnamed: 0,senc,catv,occutc,obs,obsm,choc,num_veh_y,id_vehicule_y,motor
1012935,201900054466,5,24,16:50,1,2,1,1.0,2.0,85076,Voie de la ChaumiÃ¨re,M,"47,0705700"," -1,2595700",85,2019,50.0,1.0,1.0,3.0,2265198,1.0,1,3,1,1.0,,0.0,0,1994.0,A01,138Â 203Â 656,2.0,6.0,-1.0,1729060,1.0,7,,0.0,0.0,5.0,B01,138Â 203Â 657,1.0
1012935,201900054466,5,24,16:50,1,2,1,1.0,2.0,85076,Voie de la ChaumiÃ¨re,M,"47,0705700"," -1,2595700",85,2019,50.0,1.0,1.0,3.0,2265199,1.0,1,1,2,1.0,,0.0,0,1990.0,B01,138Â 203Â 657,1.0,-1.0,-1.0,1729059,1.0,30,,0.0,2.0,1.0,A01,138Â 203Â 656,1.0
1012935,201900054466,5,24,16:50,1,2,1,1.0,2.0,85076,Voie de la ChaumiÃ¨re,M,"47,0705700"," -1,2595700",85,2019,50.0,1.0,1.0,3.0,2265199,1.0,1,1,2,1.0,,0.0,0,1990.0,B01,138Â 203Â 657,1.0,-1.0,-1.0,1729060,1.0,7,,0.0,0.0,5.0,B01,138Â 203Â 657,1.0
1012936,201900054467,5,14,11:30,1,2,6,1.0,3.0,85146,Boulevard Auguste Durand,M,"46,9704100"," -1,3075100",85,2019,50.0,1.0,1.0,4.0,2265200,1.0,1,4,1,0.0,,0.0,0,2006.0,B01,138Â 203Â 654,0.0,-1.0,-1.0,1729061,0.0,1,,0.0,2.0,1.0,B01,138Â 203Â 654,5.0
1012936,201900054467,5,14,11:30,1,2,6,1.0,3.0,85146,Boulevard Auguste Durand,M,"46,9704100"," -1,3075100",85,2019,50.0,1.0,1.0,4.0,2265200,1.0,1,4,1,0.0,,0.0,0,2006.0,B01,138Â 203Â 654,0.0,-1.0,-1.0,1729062,0.0,7,,0.0,2.0,3.0,A01,138Â 203Â 655,1.0
1012936,201900054467,5,14,11:30,1,2,6,1.0,3.0,85146,Boulevard Auguste Durand,M,"46,9704100"," -1,3075100",85,2019,50.0,1.0,1.0,4.0,2265201,1.0,1,1,2,0.0,,0.0,0,1977.0,A01,138Â 203Â 655,1.0,-1.0,-1.0,1729061,0.0,1,,0.0,2.0,1.0,B01,138Â 203Â 654,5.0
1012936,201900054467,5,14,11:30,1,2,6,1.0,3.0,85146,Boulevard Auguste Durand,M,"46,9704100"," -1,3075100",85,2019,50.0,1.0,1.0,4.0,2265201,1.0,1,1,2,0.0,,0.0,0,1977.0,A01,138Â 203Â 655,1.0,-1.0,-1.0,1729062,0.0,7,,0.0,2.0,3.0,A01,138Â 203Â 655,1.0
1012937,201900054468,4,30,13:05,1,1,2,1.0,3.0,85021,La PÃ©nissiÃ¨re,M,"47,0405000"," -1,2534500",85,2019,80.0,1.0,1.0,3.0,2265202,1.0,1,1,1,4.0,,0.0,0,1996.0,A01,138Â 203Â 652,1.0,-1.0,-1.0,1729063,2.0,10,,0.0,0.0,8.0,A01,138Â 203Â 652,1.0
1012937,201900054468,4,30,13:05,1,1,2,1.0,3.0,85021,La PÃ©nissiÃ¨re,M,"47,0405000"," -1,2534500",85,2019,80.0,1.0,1.0,3.0,2265202,1.0,1,1,1,4.0,,0.0,0,1996.0,A01,138Â 203Â 652,1.0,-1.0,-1.0,1729064,1.0,7,,0.0,2.0,1.0,B01,138Â 203Â 653,1.0
1012937,201900054468,4,30,13:05,1,1,2,1.0,3.0,85021,La PÃ©nissiÃ¨re,M,"47,0405000"," -1,2534500",85,2019,80.0,1.0,1.0,3.0,2265203,2.0,2,1,1,4.0,,0.0,0,1980.0,A01,138Â 203Â 652,1.0,-1.0,-1.0,1729063,2.0,10,,0.0,0.0,8.0,A01,138Â 203Â 652,1.0
1012937,201900054468,4,30,13:05,1,1,2,1.0,3.0,85021,La PÃ©nissiÃ¨re,M,"47,0405000"," -1,2534500",85,2019,80.0,1.0,1.0,3.0,2265203,2.0,2,1,1,4.0,,0.0,0,1980.0,A01,138Â 203Â 652,1.0,-1.0,-1.0,1729064,1.0,7,,0.0,2.0,1.0,B01,138Â 203Â 653,1.0
1012937,201900054468,4,30,13:05,1,1,2,1.0,3.0,85021,La PÃ©nissiÃ¨re,M,"47,0405000"," -1,2534500",85,2019,80.0,1.0,1.0,3.0,2265204,2.0,2,1,2,4.0,,0.0,0,1978.0,B01,138Â 203Â 653,1.0,-1.0,-1.0,1729063,2.0,10,,0.0,0.0,8.0,A01,138Â 203Â 652,1.0
1012937,201900054468,4,30,13:05,1,1,2,1.0,3.0,85021,La PÃ©nissiÃ¨re,M,"47,0405000"," -1,2534500",85,2019,80.0,1.0,1.0,3.0,2265204,2.0,2,1,2,4.0,,0.0,0,1978.0,B01,138Â 203Â 653,1.0,-1.0,-1.0,1729064,1.0,7,,0.0,2.0,1.0,B01,138Â 203Â 653,1.0
1012937,201900054468,4,30,13:05,1,1,2,1.0,3.0,85021,La PÃ©nissiÃ¨re,M,"47,0405000"," -1,2534500",85,2019,80.0,1.0,1.0,3.0,2265205,1.0,1,3,2,4.0,,0.0,0,1995.0,B01,138Â 203Â 653,1.0,-1.0,-1.0,1729063,2.0,10,,0.0,0.0,8.0,A01,138Â 203Â 652,1.0
1012937,201900054468,4,30,13:05,1,1,2,1.0,3.0,85021,La PÃ©nissiÃ¨re,M,"47,0405000"," -1,2534500",85,2019,80.0,1.0,1.0,3.0,2265205,1.0,1,3,2,4.0,,0.0,0,1995.0,B01,138Â 203Â 653,1.0,-1.0,-1.0,1729064,1.0,7,,0.0,2.0,1.0,B01,138Â 203Â 653,1.0
1012938,201900054469,5,25,20:30,1,1,1,1.0,6.0,85051,PN 64 - Champ Roux,M,"46,6877400"," -1,0803000",85,2019,80.0,8.0,1.0,3.0,2265206,1.0,1,1,1,5.0,,0.0,0,1984.0,A01,138Â 203Â 651,1.0,-1.0,-1.0,1729065,1.0,7,,15.0,9.0,1.0,A01,138Â 203Â 651,1.0
1012938,201900054469,5,25,20:30,1,1,1,1.0,6.0,85051,PN 64 - Champ Roux,M,"46,6877400"," -1,0803000",85,2019,80.0,8.0,1.0,3.0,2265207,9.0,2,3,2,5.0,,0.0,0,1997.0,A01,138Â 203Â 651,1.0,-1.0,-1.0,1729065,1.0,7,,15.0,9.0,1.0,A01,138Â 203Â 651,1.0
1012938,201900054469,5,25,20:30,1,1,1,1.0,6.0,85051,PN 64 - Champ Roux,M,"46,6877400"," -1,0803000",85,2019,80.0,8.0,1.0,3.0,2265208,2.0,2,4,1,5.0,,0.0,0,2000.0,A01,138Â 203Â 651,1.0,-1.0,-1.0,1729065,1.0,7,,15.0,9.0,1.0,A01,138Â 203Â 651,1.0
1012939,201900054470,5,15,16:00,1,1,1,1.0,7.0,85034,D7,M,"46,6095300"," -1,1518100",85,2019,80.0,3.0,1.0,3.0,2265209,1.0,1,4,2,1.0,,0.0,0,1998.0,A01,138Â 203Â 650,2.0,6.0,-1.0,1729066,1.0,33,,0.0,0.0,8.0,A01,138Â 203Â 650,0.0
1012940,201900054471,5,18,09:00,1,1,2,2.0,3.0,27435,CD 810,M,"49,2740160","0,5197060",27,2019,80.0,1.0,2.0,3.0,2265210,1.0,1,4,2,-1.0,,-1.0,0,1992.0,A01,138Â 203Â 648,1.0,-1.0,-1.0,1729067,2.0,7,,0.0,2.0,3.0,A01,138Â 203Â 648,1.0
1012940,201900054471,5,18,09:00,1,1,2,2.0,3.0,27435,CD 810,M,"49,2740160","0,5197060",27,2019,80.0,1.0,2.0,3.0,2265210,1.0,1,4,2,-1.0,,-1.0,0,1992.0,A01,138Â 203Â 648,1.0,-1.0,-1.0,1729068,2.0,7,,0.0,0.0,8.0,A01,138Â 203Â 649,1.0
1012940,201900054471,5,18,09:00,1,1,2,2.0,3.0,27435,CD 810,M,"49,2740160","0,5197060",27,2019,80.0,1.0,2.0,3.0,2265211,1.0,1,3,2,5.0,,0.0,0,1945.0,A01,138Â 203Â 649,1.0,-1.0,-1.0,1729067,2.0,7,,0.0,2.0,3.0,A01,138Â 203Â 648,1.0
1012940,201900054471,5,18,09:00,1,1,2,2.0,3.0,27435,CD 810,M,"49,2740160","0,5197060",27,2019,80.0,1.0,2.0,3.0,2265211,1.0,1,3,2,5.0,,0.0,0,1945.0,A01,138Â 203Â 649,1.0,-1.0,-1.0,1729068,2.0,7,,0.0,0.0,8.0,A01,138Â 203Â 649,1.0
1012941,201900054472,5,5,10:10,1,2,1,1.0,5.0,27467,route de quillebeuf,M,"49,3636870","0,5114660",27,2019,50.0,1.0,1.0,3.0,2265212,1.0,1,3,1,3.0,,0.0,0,1954.0,C01,138Â 203Â 645,1.0,-1.0,-1.0,1729069,1.0,7,,0.0,2.0,2.0,C01,138Â 203Â 645,1.0
1012941,201900054472,5,5,10:10,1,2,1,1.0,5.0,27467,route de quillebeuf,M,"49,3636870","0,5114660",27,2019,50.0,1.0,1.0,3.0,2265212,1.0,1,3,1,3.0,,0.0,0,1954.0,C01,138Â 203Â 645,1.0,-1.0,-1.0,1729070,1.0,7,,0.0,0.0,8.0,B01,138Â 203Â 646,1.0
1012941,201900054472,5,5,10:10,1,2,1,1.0,5.0,27467,route de quillebeuf,M,"49,3636870","0,5114660",27,2019,50.0,1.0,1.0,3.0,2265212,1.0,1,3,1,3.0,,0.0,0,1954.0,C01,138Â 203Â 645,1.0,-1.0,-1.0,1729071,2.0,7,,0.0,2.0,3.0,A01,138Â 203Â 647,1.0
1012941,201900054472,5,5,10:10,1,2,1,1.0,5.0,27467,route de quillebeuf,M,"49,3636870","0,5114660",27,2019,50.0,1.0,1.0,3.0,2265213,1.0,1,1,1,3.0,,0.0,0,1950.0,B01,138Â 203Â 646,1.0,-1.0,-1.0,1729069,1.0,7,,0.0,2.0,2.0,C01,138Â 203Â 645,1.0
1012941,201900054472,5,5,10:10,1,2,1,1.0,5.0,27467,route de quillebeuf,M,"49,3636870","0,5114660",27,2019,50.0,1.0,1.0,3.0,2265213,1.0,1,1,1,3.0,,0.0,0,1950.0,B01,138Â 203Â 646,1.0,-1.0,-1.0,1729070,1.0,7,,0.0,0.0,8.0,B01,138Â 203Â 646,1.0
1012941,201900054472,5,5,10:10,1,2,1,1.0,5.0,27467,route de quillebeuf,M,"49,3636870","0,5114660",27,2019,50.0,1.0,1.0,3.0,2265213,1.0,1,1,1,3.0,,0.0,0,1950.0,B01,138Â 203Â 646,1.0,-1.0,-1.0,1729071,2.0,7,,0.0,2.0,3.0,A01,138Â 203Â 647,1.0
1012941,201900054472,5,5,10:10,1,2,1,1.0,5.0,27467,route de quillebeuf,M,"49,3636870","0,5114660",27,2019,50.0,1.0,1.0,3.0,2265214,1.0,1,1,1,5.0,,0.0,0,1999.0,A01,138Â 203Â 647,1.0,-1.0,-1.0,1729069,1.0,7,,0.0,2.0,2.0,C01,138Â 203Â 645,1.0
1012941,201900054472,5,5,10:10,1,2,1,1.0,5.0,27467,route de quillebeuf,M,"49,3636870","0,5114660",27,2019,50.0,1.0,1.0,3.0,2265214,1.0,1,1,1,5.0,,0.0,0,1999.0,A01,138Â 203Â 647,1.0,-1.0,-1.0,1729070,1.0,7,,0.0,0.0,8.0,B01,138Â 203Â 646,1.0
1012941,201900054472,5,5,10:10,1,2,1,1.0,5.0,27467,route de quillebeuf,M,"49,3636870","0,5114660",27,2019,50.0,1.0,1.0,3.0,2265214,1.0,1,1,1,5.0,,0.0,0,1999.0,A01,138Â 203Â 647,1.0,-1.0,-1.0,1729071,2.0,7,,0.0,2.0,3.0,A01,138Â 203Â 647,1.0
1012942,201900054473,5,19,07:00,1,1,1,1.0,7.0,27453,D 18 Bois Meigle,M,"49,4102350","1,3481890",27,2019,80.0,1.0,1.0,3.0,2265215,1.0,1,3,2,9.0,,0.0,0,1991.0,A01,138Â 203Â 644,1.0,-1.0,-1.0,1729072,1.0,7,,13.0,0.0,1.0,A01,138Â 203Â 644,1.0
1012943,201900054474,5,5,17:00,1,1,1,1.0,2.0,27346,route dÃ©partementale 20,M,"49,3025670","1,3282330",27,2019,80.0,1.0,1.0,3.0,2265216,1.0,1,3,1,5.0,,0.0,0,1998.0,B01,138Â 203Â 642,2.0,6.0,9.0,1729073,1.0,33,,0.0,2.0,2.0,B01,138Â 203Â 642,1.0
1012943,201900054474,5,5,17:00,1,1,1,1.0,2.0,27346,route dÃ©partementale 20,M,"49,3025670","1,3282330",27,2019,80.0,1.0,1.0,3.0,2265216,1.0,1,3,1,5.0,,0.0,0,1998.0,B01,138Â 203Â 642,2.0,6.0,9.0,1729074,1.0,7,,0.0,2.0,6.0,A01,138Â 203Â 643,1.0
1012943,201900054474,5,5,17:00,1,1,1,1.0,2.0,27346,route dÃ©partementale 20,M,"49,3025670","1,3282330",27,2019,80.0,1.0,1.0,3.0,2265217,1.0,1,1,2,3.0,,0.0,0,1997.0,A01,138Â 203Â 643,1.0,-1.0,-1.0,1729073,1.0,33,,0.0,2.0,2.0,B01,138Â 203Â 642,1.0
1012943,201900054474,5,5,17:00,1,1,1,1.0,2.0,27346,route dÃ©partementale 20,M,"49,3025670","1,3282330",27,2019,80.0,1.0,1.0,3.0,2265217,1.0,1,1,2,3.0,,0.0,0,1997.0,A01,138Â 203Â 643,1.0,-1.0,-1.0,1729074,1.0,7,,0.0,2.0,6.0,A01,138Â 203Â 643,1.0
1012944,201900054475,5,19,21:30,5,2,1,1.0,7.0,27056,rue du pont de l'Ã©tang,M,"49,0896430","0,5920830",27,2019,50.0,1.0,1.0,4.0,2265218,1.0,1,3,1,1.0,,0.0,0,2000.0,A01,138Â 203Â 641,2.0,-1.0,-1.0,1729075,3.0,34,,12.0,0.0,1.0,A01,138Â 203Â 641,1.0
1012945,201900054476,5,1,01:30,3,1,6,1.0,6.0,27252,RD 613,M,"49,1453850","0,4585190",27,2019,70.0,3.0,1.0,3.0,2265219,1.0,1,1,1,5.0,,0.0,0,1992.0,A01,138Â 203Â 640,1.0,-1.0,-1.0,1729076,1.0,7,,15.0,0.0,1.0,A01,138Â 203Â 640,0.0
1012945,201900054476,5,1,01:30,3,1,6,1.0,6.0,27252,RD 613,M,"49,1453850","0,4585190",27,2019,70.0,3.0,1.0,3.0,2265220,2.0,2,4,1,5.0,,0.0,0,1991.0,A01,138Â 203Â 640,1.0,-1.0,-1.0,1729076,1.0,7,,15.0,0.0,1.0,A01,138Â 203Â 640,0.0
1012946,201900054477,5,10,20:15,2,2,4,3.0,6.0,27678,rue des bruyÃ¨res,M,"48,9469640","1,1042790",27,2019,50.0,3.0,3.0,4.0,2265221,1.0,1,1,1,5.0,,0.0,0,1993.0,A01,138Â 203Â 639,1.0,-1.0,-1.0,1729077,2.0,7,,5.0,6.0,1.0,A01,138Â 203Â 639,1.0
1012946,201900054477,5,10,20:15,2,2,4,3.0,6.0,27678,rue des bruyÃ¨res,M,"48,9469640","1,1042790",27,2019,50.0,3.0,3.0,4.0,2265222,2.0,2,2,2,5.0,,0.0,0,1994.0,A01,138Â 203Â 639,1.0,-1.0,-1.0,1729077,2.0,7,,5.0,6.0,1.0,A01,138Â 203Â 639,1.0
1012947,201900054478,5,23,13:00,1,1,1,1.0,3.0,28148,D920,M,"48,4800300","1,0963180",28,2019,70.0,1.0,1.0,3.0,2265223,1.0,1,1,1,4.0,,0.0,0,1987.0,B01,138Â 203Â 637,1.0,-1.0,-1.0,1729078,1.0,7,,0.0,2.0,3.0,B01,138Â 203Â 637,1.0
1012947,201900054478,5,23,13:00,1,1,1,1.0,3.0,28148,D920,M,"48,4800300","1,0963180",28,2019,70.0,1.0,1.0,3.0,2265223,1.0,1,1,1,4.0,,0.0,0,1987.0,B01,138Â 203Â 637,1.0,-1.0,-1.0,1729079,2.0,7,,0.0,2.0,6.0,A01,138Â 203Â 638,1.0
1012947,201900054478,5,23,13:00,1,1,1,1.0,3.0,28148,D920,M,"48,4800300","1,0963180",28,2019,70.0,1.0,1.0,3.0,2265224,2.0,2,1,1,9.0,,0.0,0,1957.0,B01,138Â 203Â 637,1.0,5.0,-1.0,1729078,1.0,7,,0.0,2.0,3.0,B01,138Â 203Â 637,1.0
1012947,201900054478,5,23,13:00,1,1,1,1.0,3.0,28148,D920,M,"48,4800300","1,0963180",28,2019,70.0,1.0,1.0,3.0,2265224,2.0,2,1,1,9.0,,0.0,0,1957.0,B01,138Â 203Â 637,1.0,5.0,-1.0,1729079,2.0,7,,0.0,2.0,6.0,A01,138Â 203Â 638,1.0
1012947,201900054478,5,23,13:00,1,1,1,1.0,3.0,28148,D920,M,"48,4800300","1,0963180",28,2019,70.0,1.0,1.0,3.0,2265225,1.0,1,3,2,0.0,,0.0,0,1999.0,A01,138Â 203Â 638,1.0,-1.0,-1.0,1729078,1.0,7,,0.0,2.0,3.0,B01,138Â 203Â 637,1.0
1012947,201900054478,5,23,13:00,1,1,1,1.0,3.0,28148,D920,M,"48,4800300","1,0963180",28,2019,70.0,1.0,1.0,3.0,2265225,1.0,1,3,2,0.0,,0.0,0,1999.0,A01,138Â 203Â 638,1.0,-1.0,-1.0,1729079,2.0,7,,0.0,2.0,6.0,A01,138Â 203Â 638,1.0
1012948,201900054479,5,30,00:45,3,1,1,1.0,1.0,28259,Route Nationale 10 PK50+900,M,"48,2288820","1,4053740",28,2019,80.0,1.0,1.0,2.0,2265226,1.0,1,3,1,9.0,,0.0,0,1947.0,A01,138Â 203Â 635,1.0,-1.0,-1.0,1729080,1.0,7,,0.0,2.0,3.0,A01,138Â 203Â 635,1.0
1012948,201900054479,5,30,00:45,3,1,1,1.0,1.0,28259,Route Nationale 10 PK50+900,M,"48,2288820","1,4053740",28,2019,80.0,1.0,1.0,2.0,2265226,1.0,1,3,1,9.0,,0.0,0,1947.0,A01,138Â 203Â 635,1.0,-1.0,-1.0,1729081,2.0,7,,0.0,2.0,3.0,B01,138Â 203Â 636,1.0
1012948,201900054479,5,30,00:45,3,1,1,1.0,1.0,28259,Route Nationale 10 PK50+900,M,"48,2288820","1,4053740",28,2019,80.0,1.0,1.0,2.0,2265227,7.0,2,3,2,9.0,,0.0,0,1995.0,B01,138Â 203Â 636,1.0,-1.0,-1.0,1729080,1.0,7,,0.0,2.0,3.0,A01,138Â 203Â 635,1.0
1012948,201900054479,5,30,00:45,3,1,1,1.0,1.0,28259,Route Nationale 10 PK50+900,M,"48,2288820","1,4053740",28,2019,80.0,1.0,1.0,2.0,2265227,7.0,2,3,2,9.0,,0.0,0,1995.0,B01,138Â 203Â 636,1.0,-1.0,-1.0,1729081,2.0,7,,0.0,2.0,3.0,B01,138Â 203Â 636,1.0
1012948,201900054479,5,30,00:45,3,1,1,1.0,1.0,28259,Route Nationale 10 PK50+900,M,"48,2288820","1,4053740",28,2019,80.0,1.0,1.0,2.0,2265228,2.0,2,3,1,9.0,,0.0,0,1998.0,B01,138Â 203Â 636,1.0,-1.0,-1.0,1729080,1.0,7,,0.0,2.0,3.0,A01,138Â 203Â 635,1.0
1012948,201900054479,5,30,00:45,3,1,1,1.0,1.0,28259,Route Nationale 10 PK50+900,M,"48,2288820","1,4053740",28,2019,80.0,1.0,1.0,2.0,2265228,2.0,2,3,1,9.0,,0.0,0,1998.0,B01,138Â 203Â 636,1.0,-1.0,-1.0,1729081,2.0,7,,0.0,2.0,3.0,B01,138Â 203Â 636,1.0
1012948,201900054479,5,30,00:45,3,1,1,1.0,1.0,28259,Route Nationale 10 PK50+900,M,"48,2288820","1,4053740",28,2019,80.0,1.0,1.0,2.0,2265229,1.0,1,3,1,9.0,,0.0,0,1985.0,B01,138Â 203Â 636,1.0,-1.0,-1.0,1729080,1.0,7,,0.0,2.0,3.0,A01,138Â 203Â 635,1.0
1012948,201900054479,5,30,00:45,3,1,1,1.0,1.0,28259,Route Nationale 10 PK50+900,M,"48,2288820","1,4053740",28,2019,80.0,1.0,1.0,2.0,2265229,1.0,1,3,1,9.0,,0.0,0,1985.0,B01,138Â 203Â 636,1.0,-1.0,-1.0,1729081,2.0,7,,0.0,2.0,3.0,B01,138Â 203Â 636,1.0
1012949,201900054480,5,24,09:05,1,1,3,1.0,3.0,28391,Route dÃ©partementale 2020,M,"48,2009000","1,9344350",28,2019,90.0,1.0,1.0,3.0,2265230,1.0,1,1,1,4.0,,0.0,0,1966.0,B01,138Â 203Â 633,1.0,-1.0,-1.0,1729082,1.0,17,,0.0,2.0,1.0,B01,138Â 203Â 633,1.0
1012949,201900054480,5,24,09:05,1,1,3,1.0,3.0,28391,Route dÃ©partementale 2020,M,"48,2009000","1,9344350",28,2019,90.0,1.0,1.0,3.0,2265230,1.0,1,1,1,4.0,,0.0,0,1966.0,B01,138Â 203Â 633,1.0,-1.0,-1.0,1729083,3.0,7,,0.0,2.0,7.0,A01,138Â 203Â 634,1.0
1012949,201900054480,5,24,09:05,1,1,3,1.0,3.0,28391,Route dÃ©partementale 2020,M,"48,2009000","1,9344350",28,2019,90.0,1.0,1.0,3.0,2265231,1.0,1,4,2,5.0,,0.0,0,1945.0,A01,138Â 203Â 634,1.0,-1.0,-1.0,1729082,1.0,17,,0.0,2.0,1.0,B01,138Â 203Â 633,1.0
1012949,201900054480,5,24,09:05,1,1,3,1.0,3.0,28391,Route dÃ©partementale 2020,M,"48,2009000","1,9344350",28,2019,90.0,1.0,1.0,3.0,2265231,1.0,1,4,2,5.0,,0.0,0,1945.0,A01,138Â 203Â 634,1.0,-1.0,-1.0,1729083,3.0,7,,0.0,2.0,7.0,A01,138Â 203Â 634,1.0
1012950,201900054481,5,13,10:50,1,2,1,1.0,3.0,28015,49 Rue de Chartres (Auneau),M,"48,4607740","1,7679330",28,2019,50.0,1.0,1.0,3.0,2265232,1.0,1,1,2,0.0,,0.0,0,1947.0,B01,138Â 203Â 631,8.0,-1.0,-1.0,1729084,1.0,7,,0.0,2.0,7.0,B01,138Â 203Â 631,1.0
1012950,201900054481,5,13,10:50,1,2,1,1.0,3.0,28015,49 Rue de Chartres (Auneau),M,"48,4607740","1,7679330",28,2019,50.0,1.0,1.0,3.0,2265232,1.0,1,1,2,0.0,,0.0,0,1947.0,B01,138Â 203Â 631,8.0,-1.0,-1.0,1729085,1.0,2,,0.0,2.0,1.0,A01,138Â 203Â 632,1.0
1012950,201900054481,5,13,10:50,1,2,1,1.0,3.0,28015,49 Rue de Chartres (Auneau),M,"48,4607740","1,7679330",28,2019,50.0,1.0,1.0,3.0,2265233,1.0,1,3,1,0.0,,0.0,0,2000.0,A01,138Â 203Â 632,2.0,6.0,-1.0,1729084,1.0,7,,0.0,2.0,7.0,B01,138Â 203Â 631,1.0
1012950,201900054481,5,13,10:50,1,2,1,1.0,3.0,28015,49 Rue de Chartres (Auneau),M,"48,4607740","1,7679330",28,2019,50.0,1.0,1.0,3.0,2265233,1.0,1,3,1,0.0,,0.0,0,2000.0,A01,138Â 203Â 632,2.0,6.0,-1.0,1729085,1.0,2,,0.0,2.0,1.0,A01,138Â 203Â 632,1.0
1012951,201900054482,5,25,17:15,1,2,1,1.0,1.0,17447,Chemin des Barres de la Cure,M,"46,0859030"," -0,9160080",17,2019,50.0,1.0,1.0,3.0,2265234,1.0,1,1,1,5.0,,0.0,0,1974.0,B01,138Â 203Â 629,1.0,-1.0,-1.0,1729086,2.0,10,,0.0,2.0,1.0,B01,138Â 203Â 629,1.0
1012951,201900054482,5,25,17:15,1,2,1,1.0,1.0,17447,Chemin des Barres de la Cure,M,"46,0859030"," -0,9160080",17,2019,50.0,1.0,1.0,3.0,2265234,1.0,1,1,1,5.0,,0.0,0,1974.0,B01,138Â 203Â 629,1.0,-1.0,-1.0,1729087,1.0,2,,0.0,2.0,1.0,A01,138Â 203Â 630,1.0
1012951,201900054482,5,25,17:15,1,2,1,1.0,1.0,17447,Chemin des Barres de la Cure,M,"46,0859030"," -0,9160080",17,2019,50.0,1.0,1.0,3.0,2265235,1.0,1,3,1,5.0,,0.0,0,2001.0,A01,138Â 203Â 630,2.0,6.0,-1.0,1729086,2.0,10,,0.0,2.0,1.0,B01,138Â 203Â 629,1.0
1012951,201900054482,5,25,17:15,1,2,1,1.0,1.0,17447,Chemin des Barres de la Cure,M,"46,0859030"," -0,9160080",17,2019,50.0,1.0,1.0,3.0,2265235,1.0,1,3,1,5.0,,0.0,0,2001.0,A01,138Â 203Â 630,2.0,6.0,-1.0,1729087,1.0,2,,0.0,2.0,1.0,A01,138Â 203Â 630,1.0
1012952,201900054483,5,29,15:40,1,1,2,1.0,3.0,17385,RD 734,M,"45,9274150"," -1,2842960",17,2019,80.0,1.0,1.0,3.0,2265236,1.0,1,1,1,4.0,,0.0,0,1971.0,B01,138Â 203Â 627,1.0,-1.0,-1.0,1729088,1.0,13,,0.0,2.0,1.0,B01,138Â 203Â 627,1.0
1012952,201900054483,5,29,15:40,1,1,2,1.0,3.0,17385,RD 734,M,"45,9274150"," -1,2842960",17,2019,80.0,1.0,1.0,3.0,2265236,1.0,1,1,1,4.0,,0.0,0,1971.0,B01,138Â 203Â 627,1.0,-1.0,-1.0,1729089,3.0,1,,0.0,2.0,3.0,A01,138Â 203Â 628,5.0
1012952,201900054483,5,29,15:40,1,1,2,1.0,3.0,17385,RD 734,M,"45,9274150"," -1,2842960",17,2019,80.0,1.0,1.0,3.0,2265237,1.0,1,3,2,5.0,,0.0,0,1952.0,A01,138Â 203Â 628,2.0,-1.0,-1.0,1729088,1.0,13,,0.0,2.0,1.0,B01,138Â 203Â 627,1.0
1012952,201900054483,5,29,15:40,1,1,2,1.0,3.0,17385,RD 734,M,"45,9274150"," -1,2842960",17,2019,80.0,1.0,1.0,3.0,2265237,1.0,1,3,2,5.0,,0.0,0,1952.0,A01,138Â 203Â 628,2.0,-1.0,-1.0,1729089,3.0,1,,0.0,2.0,3.0,A01,138Â 203Â 628,5.0
1012953,201900054484,5,19,23:15,3,1,1,1.0,7.0,17385,RD 734,M,"45,9265690"," -1,2832620",17,2019,80.0,3.0,1.0,3.0,2265238,1.0,1,4,1,5.0,,0.0,0,1983.0,A01,138Â 203Â 626,2.0,-1.0,-1.0,1729090,1.0,2,,0.0,0.0,7.0,A01,138Â 203Â 626,1.0
1012954,201900054485,5,9,11:15,1,2,1,1.0,6.0,17337,rue de pontheziÃ¨re,M,"45,9526040"," -1,3781720",17,2019,50.0,1.0,1.0,4.0,2265239,1.0,1,1,1,4.0,,0.0,0,1999.0,A01,138Â 203Â 625,8.0,-1.0,-1.0,1729091,3.0,10,,0.0,1.0,4.0,A01,138Â 203Â 625,1.0
1012954,201900054485,5,9,11:15,1,2,1,1.0,6.0,17337,rue de pontheziÃ¨re,M,"45,9526040"," -1,3781720",17,2019,50.0,1.0,1.0,4.0,2265240,10.0,3,3,2,5.0,,3.0,3,1943.0,A01,138Â 203Â 625,0.0,-1.0,-1.0,1729091,3.0,10,,0.0,1.0,4.0,A01,138Â 203Â 625,1.0
1012955,201900054486,5,25,17:00,1,2,1,7.0,6.0,17168,Avenue du Cadoret,M,"45,9926990"," -1,0852460",17,2019,30.0,1.0,1.0,3.0,2265241,10.0,3,3,1,5.0,,1.0,3,2006.0,A01,138Â 203Â 624,0.0,-1.0,-1.0,1729092,2.0,7,,0.0,1.0,2.0,A01,138Â 203Â 624,1.0
1012955,201900054486,5,25,17:00,1,2,1,7.0,6.0,17168,Avenue du Cadoret,M,"45,9926990"," -1,0852460",17,2019,30.0,1.0,1.0,3.0,2265242,1.0,1,1,1,5.0,,0.0,0,1978.0,A01,138Â 203Â 624,8.0,-1.0,-1.0,1729092,2.0,7,,0.0,1.0,2.0,A01,138Â 203Â 624,1.0