Unnamed: 0_x,num_acc,mois,jour,hrmn,lum,agg,int,atm,col,com,adr,gps,lat,long,dep,annee,vma,situ,surf,catr,Unnamed: 0_y,place,catu,grav,sexe,trajet,secu,locp,actp,an_nais,num_veh_x,id_vehicule_x,secu1,secu2,secu3,Unnamed: 0,senc,catv,occutc,obs,obsm,choc,num_veh_y,id_vehicule_y,motor
1012955,201900054486,5,25,17:00,1,2,1,7.0,6.0,17168,Avenue du Cadoret,M,"45,9926990"," -1,0852460",17,2019,30.0,1.0,1.0,3.0,2265243,2.0,2,1,2,5.0,,0.0,0,1981.0,A01,138Â 203Â 624,8.0,-1.0,-1.0,1729092,2.0,7,,0.0,1.0,2.0,A01,138Â 203Â 624,1.0
1012956,201900054487,5,26,17:00,1,1,1,1.0,6.0,17182,CHEMIN VICINAL,M,"46,2346280"," -0,7505480",17,2019,-1.0,3.0,1.0,4.0,2265244,1.0,1,3,1,5.0,,0.0,0,1980.0,A01,138Â 203Â 623,8.0,-1.0,-1.0,1729093,3.0,7,,13.0,0.0,1.0,A01,138Â 203Â 623,1.0
1012956,201900054487,5,26,17:00,1,1,1,1.0,6.0,17182,CHEMIN VICINAL,M,"46,2346280"," -0,7505480",17,2019,-1.0,3.0,1.0,4.0,2265245,2.0,2,1,1,9.0,,-1.0, -1,1994.0,A01,138Â 203Â 623,1.0,-1.0,-1.0,1729093,3.0,7,,13.0,0.0,1.0,A01,138Â 203Â 623,1.0
1012957,201900054488,5,16,00:10,3,1,1,1.0,6.0,17132,Faute Faite,M,"46,2116640"," -0,6970660",17,2019,80.0,3.0,1.0,3.0,2265246,1.0,1,2,1,0.0,,0.0,0,1986.0,A01,138Â 203Â 622,8.0,-1.0,-1.0,1729094,2.0,7,,8.0,0.0,8.0,A01,138Â 203Â 622,1.0
1012958,201900054489,5,9,08:45,1,1,1,2.0,6.0,17322,RD 206,M,"46,2728530"," -0,8250580",17,2019,80.0,3.0,2.0,3.0,2265247,1.0,1,3,2,1.0,,0.0,0,1976.0,A01,138Â 203Â 621,8.0,-1.0,-1.0,1729095,2.0,7,,2.0,0.0,3.0,A01,138Â 203Â 621,1.0
1012959,201900054490,4,13,18:30,1,1,1,1.0,5.0,23040,Tiolet,M,"46,2069250","2,2187070",23,2019,80.0,1.0,1.0,3.0,2265248,2.0,2,1,1,5.0,,0.0,0,2000.0,A01,138Â 203Â 618,1.0,-1.0,-1.0,1729096,1.0,7,,7.0,2.0,9.0,A01,138Â 203Â 618,1.0
1012959,201900054490,4,13,18:30,1,1,1,1.0,5.0,23040,Tiolet,M,"46,2069250","2,2187070",23,2019,80.0,1.0,1.0,3.0,2265248,2.0,2,1,1,5.0,,0.0,0,2000.0,A01,138Â 203Â 618,1.0,-1.0,-1.0,1729097,2.0,7,,0.0,2.0,7.0,B01,138Â 203Â 619,1.0
1012959,201900054490,4,13,18:30,1,1,1,1.0,5.0,23040,Tiolet,M,"46,2069250","2,2187070",23,2019,80.0,1.0,1.0,3.0,2265248,2.0,2,1,1,5.0,,0.0,0,2000.0,A01,138Â 203Â 618,1.0,-1.0,-1.0,1729098,2.0,7,,0.0,0.0,0.0,C01,138Â 203Â 620,1.0
1012959,201900054490,4,13,18:30,1,1,1,1.0,5.0,23040,Tiolet,M,"46,2069250","2,2187070",23,2019,80.0,1.0,1.0,3.0,2265249,9.0,2,1,2,5.0,,0.0,0,1997.0,A01,138Â 203Â 618,1.0,-1.0,-1.0,1729096,1.0,7,,7.0,2.0,9.0,A01,138Â 203Â 618,1.0
1012959,201900054490,4,13,18:30,1,1,1,1.0,5.0,23040,Tiolet,M,"46,2069250","2,2187070",23,2019,80.0,1.0,1.0,3.0,2265249,9.0,2,1,2,5.0,,0.0,0,1997.0,A01,138Â 203Â 618,1.0,-1.0,-1.0,1729097,2.0,7,,0.0,2.0,7.0,B01,138Â 203Â 619,1.0
1012959,201900054490,4,13,18:30,1,1,1,1.0,5.0,23040,Tiolet,M,"46,2069250","2,2187070",23,2019,80.0,1.0,1.0,3.0,2265249,9.0,2,1,2,5.0,,0.0,0,1997.0,A01,138Â 203Â 618,1.0,-1.0,-1.0,1729098,2.0,7,,0.0,0.0,0.0,C01,138Â 203Â 620,1.0
1012959,201900054490,4,13,18:30,1,1,1,1.0,5.0,23040,Tiolet,M,"46,2069250","2,2187070",23,2019,80.0,1.0,1.0,3.0,2265250,1.0,1,3,1,5.0,,0.0,0,1974.0,A01,138Â 203Â 618,1.0,-1.0,-1.0,1729096,1.0,7,,7.0,2.0,9.0,A01,138Â 203Â 618,1.0
1012959,201900054490,4,13,18:30,1,1,1,1.0,5.0,23040,Tiolet,M,"46,2069250","2,2187070",23,2019,80.0,1.0,1.0,3.0,2265250,1.0,1,3,1,5.0,,0.0,0,1974.0,A01,138Â 203Â 618,1.0,-1.0,-1.0,1729097,2.0,7,,0.0,2.0,7.0,B01,138Â 203Â 619,1.0
1012959,201900054490,4,13,18:30,1,1,1,1.0,5.0,23040,Tiolet,M,"46,2069250","2,2187070",23,2019,80.0,1.0,1.0,3.0,2265250,1.0,1,3,1,5.0,,0.0,0,1974.0,A01,138Â 203Â 618,1.0,-1.0,-1.0,1729098,2.0,7,,0.0,0.0,0.0,C01,138Â 203Â 620,1.0
1012959,201900054490,4,13,18:30,1,1,1,1.0,5.0,23040,Tiolet,M,"46,2069250","2,2187070",23,2019,80.0,1.0,1.0,3.0,2265251,1.0,1,1,1,5.0,,0.0,0,1971.0,B01,138Â 203Â 619,1.0,-1.0,-1.0,1729096,1.0,7,,7.0,2.0,9.0,A01,138Â 203Â 618,1.0
1012959,201900054490,4,13,18:30,1,1,1,1.0,5.0,23040,Tiolet,M,"46,2069250","2,2187070",23,2019,80.0,1.0,1.0,3.0,2265251,1.0,1,1,1,5.0,,0.0,0,1971.0,B01,138Â 203Â 619,1.0,-1.0,-1.0,1729097,2.0,7,,0.0,2.0,7.0,B01,138Â 203Â 619,1.0
1012959,201900054490,4,13,18:30,1,1,1,1.0,5.0,23040,Tiolet,M,"46,2069250","2,2187070",23,2019,80.0,1.0,1.0,3.0,2265251,1.0,1,1,1,5.0,,0.0,0,1971.0,B01,138Â 203Â 619,1.0,-1.0,-1.0,1729098,2.0,7,,0.0,0.0,0.0,C01,138Â 203Â 620,1.0
1012959,201900054490,4,13,18:30,1,1,1,1.0,5.0,23040,Tiolet,M,"46,2069250","2,2187070",23,2019,80.0,1.0,1.0,3.0,2265252,1.0,1,1,1,5.0,,0.0,0,1965.0,C01,138Â 203Â 620,1.0,-1.0,-1.0,1729096,1.0,7,,7.0,2.0,9.0,A01,138Â 203Â 618,1.0
1012959,201900054490,4,13,18:30,1,1,1,1.0,5.0,23040,Tiolet,M,"46,2069250","2,2187070",23,2019,80.0,1.0,1.0,3.0,2265252,1.0,1,1,1,5.0,,0.0,0,1965.0,C01,138Â 203Â 620,1.0,-1.0,-1.0,1729097,2.0,7,,0.0,2.0,7.0,B01,138Â 203Â 619,1.0
1012959,201900054490,4,13,18:30,1,1,1,1.0,5.0,23040,Tiolet,M,"46,2069250","2,2187070",23,2019,80.0,1.0,1.0,3.0,2265252,1.0,1,1,1,5.0,,0.0,0,1965.0,C01,138Â 203Â 620,1.0,-1.0,-1.0,1729098,2.0,7,,0.0,0.0,0.0,C01,138Â 203Â 620,1.0
1012960,201900054491,5,18,04:45,3,1,1,2.0,1.0,23049,Bordas - D6,M,"46,2880790","1,9116690",23,2019,80.0,1.0,8.0,3.0,2265253,1.0,1,1,1,4.0,,0.0,0,1956.0,A01,138Â 203Â 616,1.0,5.0,-1.0,1729099,1.0,10,,0.0,2.0,3.0,A01,138Â 203Â 616,1.0
1012960,201900054491,5,18,04:45,3,1,1,2.0,1.0,23049,Bordas - D6,M,"46,2880790","1,9116690",23,2019,80.0,1.0,8.0,3.0,2265253,1.0,1,1,1,4.0,,0.0,0,1956.0,A01,138Â 203Â 616,1.0,5.0,-1.0,1729100,2.0,7,,0.0,2.0,3.0,B01,138Â 203Â 617,1.0
1012960,201900054491,5,18,04:45,3,1,1,2.0,1.0,23049,Bordas - D6,M,"46,2880790","1,9116690",23,2019,80.0,1.0,8.0,3.0,2265254,1.0,1,4,2,1.0,,0.0,0,1991.0,B01,138Â 203Â 617,1.0,5.0,-1.0,1729099,1.0,10,,0.0,2.0,3.0,A01,138Â 203Â 616,1.0
1012960,201900054491,5,18,04:45,3,1,1,2.0,1.0,23049,Bordas - D6,M,"46,2880790","1,9116690",23,2019,80.0,1.0,8.0,3.0,2265254,1.0,1,4,2,1.0,,0.0,0,1991.0,B01,138Â 203Â 617,1.0,5.0,-1.0,1729100,2.0,7,,0.0,2.0,3.0,B01,138Â 203Â 617,1.0
1012961,201900054492,5,5,01:20,3,1,1,1.0,7.0,87141,route dÃ©partementae NÂ°21,M,"45,8183210","0,9929550",87,2019,70.0,3.0,1.0,3.0,2265255,1.0,1,3,1,5.0,,0.0,0,1975.0,A01,138Â 203Â 615,1.0,-1.0,-1.0,1729101,2.0,7,,13.0,0.0,2.0,A01,138Â 203Â 615,1.0
1012962,201900054493,5,6,08:05,1,1,1,1.0,6.0,87126,RD675,M,"45,8414100","0,8483630",87,2019,80.0,1.0,1.0,3.0,2265256,1.0,1,4,2,5.0,,0.0,0,1949.0,A01,138Â 203Â 613,1.0,-1.0,-1.0,1729102,2.0,7,,0.0,2.0,3.0,A01,138Â 203Â 613,1.0
1012962,201900054493,5,6,08:05,1,1,1,1.0,6.0,87126,RD675,M,"45,8414100","0,8483630",87,2019,80.0,1.0,1.0,3.0,2265256,1.0,1,4,2,5.0,,0.0,0,1949.0,A01,138Â 203Â 613,1.0,-1.0,-1.0,1729103,2.0,7,,0.0,2.0,2.0,B01,138Â 203Â 614,1.0
1012962,201900054493,5,6,08:05,1,1,1,1.0,6.0,87126,RD675,M,"45,8414100","0,8483630",87,2019,80.0,1.0,1.0,3.0,2265257,1.0,1,3,2,5.0,,0.0,0,1968.0,B01,138Â 203Â 614,1.0,-1.0,-1.0,1729102,2.0,7,,0.0,2.0,3.0,A01,138Â 203Â 613,1.0
1012962,201900054493,5,6,08:05,1,1,1,1.0,6.0,87126,RD675,M,"45,8414100","0,8483630",87,2019,80.0,1.0,1.0,3.0,2265257,1.0,1,3,2,5.0,,0.0,0,1968.0,B01,138Â 203Â 614,1.0,-1.0,-1.0,1729103,2.0,7,,0.0,2.0,2.0,B01,138Â 203Â 614,1.0
1012963,201900054494,5,9,07:20,2,1,1,2.0,1.0,87180,RN145,M,"46,1921470","1,2448270",87,2019,-1.0,1.0,2.0,2.0,2265258,1.0,1,1,1,4.0,,0.0,0,1959.0,B01,138Â 203Â 611,1.0,-1.0,-1.0,1729104,1.0,14,,0.0,2.0,1.0,B01,138Â 203Â 611,1.0
1012963,201900054494,5,9,07:20,2,1,1,2.0,1.0,87180,RN145,M,"46,1921470","1,2448270",87,2019,-1.0,1.0,2.0,2.0,2265258,1.0,1,1,1,4.0,,0.0,0,1959.0,B01,138Â 203Â 611,1.0,-1.0,-1.0,1729105,2.0,7,,0.0,2.0,1.0,A01,138Â 203Â 612,1.0
1012963,201900054494,5,9,07:20,2,1,1,2.0,1.0,87180,RN145,M,"46,1921470","1,2448270",87,2019,-1.0,1.0,2.0,2.0,2265259,2.0,2,3,1,0.0,,0.0,0,1984.0,A01,138Â 203Â 612,8.0,-1.0,-1.0,1729104,1.0,14,,0.0,2.0,1.0,B01,138Â 203Â 611,1.0
1012963,201900054494,5,9,07:20,2,1,1,2.0,1.0,87180,RN145,M,"46,1921470","1,2448270",87,2019,-1.0,1.0,2.0,2.0,2265259,2.0,2,3,1,0.0,,0.0,0,1984.0,A01,138Â 203Â 612,8.0,-1.0,-1.0,1729105,2.0,7,,0.0,2.0,1.0,A01,138Â 203Â 612,1.0
1012963,201900054494,5,9,07:20,2,1,1,2.0,1.0,87180,RN145,M,"46,1921470","1,2448270",87,2019,-1.0,1.0,2.0,2.0,2265260,1.0,1,3,1,0.0,,0.0,0,1978.0,A01,138Â 203Â 612,8.0,-1.0,-1.0,1729104,1.0,14,,0.0,2.0,1.0,B01,138Â 203Â 611,1.0
1012963,201900054494,5,9,07:20,2,1,1,2.0,1.0,87180,RN145,M,"46,1921470","1,2448270",87,2019,-1.0,1.0,2.0,2.0,2265260,1.0,1,3,1,0.0,,0.0,0,1978.0,A01,138Â 203Â 612,8.0,-1.0,-1.0,1729105,2.0,7,,0.0,2.0,1.0,A01,138Â 203Â 612,1.0
1012964,201900054495,5,26,08:40,1,1,1,1.0,6.0,87047,Nepoulas,M,"45,9915880","1,2738710",87,2019,80.0,3.0,1.0,3.0,2265261,1.0,1,2,1,9.0,,0.0,0,1993.0,A01,138Â 203Â 610,1.0,-1.0,-1.0,1729106,2.0,7,,16.0,0.0,1.0,A01,138Â 203Â 610,1.0
1012965,201900054496,5,28,13:15,1,1,1,9.0,6.0,87033,Juniat,M,"46,0106900","1,1127330",87,2019,80.0,3.0,1.0,3.0,2265262,1.0,1,4,2,4.0,,0.0,0,1984.0,A01,138Â 203Â 609,1.0,-1.0,-1.0,1729107,2.0,7,,13.0,0.0,7.0,A01,138Â 203Â 609,6.0
1012966,201900054497,5,27,07:30,2,1,1,2.0,7.0,87100,RD675,M,"46,0240860","0,9517360",87,2019,80.0,3.0,2.0,3.0,2265263,1.0,1,4,1,5.0,,0.0,0,1985.0,A01,138Â 203Â 608,2.0,6.0,9.0,1729108,2.0,33,,0.0,0.0,3.0,A01,138Â 203Â 608,1.0
1012967,201900054498,5,23,08:25,1,2,3,1.0,6.0,37104,Rue du Vallon,M,"47,2838498","0,7863515",37,2019,50.0,1.0,1.0,4.0,2265264,1.0,1,1,2,2.0,,0.0,0,1997.0,A01,138Â 203Â 607,1.0,-1.0,-1.0,1729109,3.0,7,,0.0,1.0,3.0,A01,138Â 203Â 607,1.0
1012967,201900054498,5,23,08:25,1,2,3,1.0,6.0,37104,Rue du Vallon,M,"47,2838498","0,7863515",37,2019,50.0,1.0,1.0,4.0,2265265,10.0,3,3,2,0.0,,2.0,3,1936.0,A01,138Â 203Â 607,0.0,-1.0,-1.0,1729109,3.0,7,,0.0,1.0,3.0,A01,138Â 203Â 607,1.0
1012968,201900054499,5,3,17:40,1,2,1,1.0,2.0,37159,7 Rue du Val de l'Indre,M,"47,2797330","0,6425960",37,2019,50.0,1.0,1.0,3.0,2265266,1.0,1,1,2,5.0,,0.0,0,1954.0,B01,138Â 203Â 605,1.0,-1.0,-1.0,1729110,1.0,7,,0.0,0.0,6.0,B01,138Â 203Â 605,1.0
1012968,201900054499,5,3,17:40,1,2,1,1.0,2.0,37159,7 Rue du Val de l'Indre,M,"47,2797330","0,6425960",37,2019,50.0,1.0,1.0,3.0,2265266,1.0,1,1,2,5.0,,0.0,0,1954.0,B01,138Â 203Â 605,1.0,-1.0,-1.0,1729111,1.0,2,,0.0,2.0,1.0,A01,138Â 203Â 606,1.0
1012968,201900054499,5,3,17:40,1,2,1,1.0,2.0,37159,7 Rue du Val de l'Indre,M,"47,2797330","0,6425960",37,2019,50.0,1.0,1.0,3.0,2265267,1.0,1,4,1,5.0,,0.0,0,2004.0,A01,138Â 203Â 606,2.0,6.0,-1.0,1729110,1.0,7,,0.0,0.0,6.0,B01,138Â 203Â 605,1.0
1012968,201900054499,5,3,17:40,1,2,1,1.0,2.0,37159,7 Rue du Val de l'Indre,M,"47,2797330","0,6425960",37,2019,50.0,1.0,1.0,3.0,2265267,1.0,1,4,1,5.0,,0.0,0,2004.0,A01,138Â 203Â 606,2.0,6.0,-1.0,1729111,1.0,2,,0.0,2.0,1.0,A01,138Â 203Â 606,1.0
1012968,201900054499,5,3,17:40,1,2,1,1.0,2.0,37159,7 Rue du Val de l'Indre,M,"47,2797330","0,6425960",37,2019,50.0,1.0,1.0,3.0,2265268,2.0,2,4,2,5.0,,0.0,0,2000.0,A01,138Â 203Â 606,2.0,6.0,-1.0,1729110,1.0,7,,0.0,0.0,6.0,B01,138Â 203Â 605,1.0
1012968,201900054499,5,3,17:40,1,2,1,1.0,2.0,37159,7 Rue du Val de l'Indre,M,"47,2797330","0,6425960",37,2019,50.0,1.0,1.0,3.0,2265268,2.0,2,4,2,5.0,,0.0,0,2000.0,A01,138Â 203Â 606,2.0,6.0,-1.0,1729111,1.0,2,,0.0,2.0,1.0,A01,138Â 203Â 606,1.0
1012969,201900054500,5,1,16:50,1,1,1,1.0,6.0,37259,Les Effes,M,"46,7697430","0,9199210",37,2019,80.0,8.0,1.0,3.0,2265269,1.0,1,4,2,5.0,,0.0,0,1994.0,A01,138Â 203Â 604,1.0,-1.0,-1.0,1729112,2.0,7,,16.0,0.0,9.0,A01,138Â 203Â 604,6.0
1012969,201900054500,5,1,16:50,1,1,1,1.0,6.0,37259,Les Effes,M,"46,7697430","0,9199210",37,2019,80.0,8.0,1.0,3.0,2265270,7.0,2,4,2,5.0,,0.0,0,2014.0,A01,138Â 203Â 604,9.0,-1.0,-1.0,1729112,2.0,7,,16.0,0.0,9.0,A01,138Â 203Â 604,6.0
1012969,201900054500,5,1,16:50,1,1,1,1.0,6.0,37259,Les Effes,M,"46,7697430","0,9199210",37,2019,80.0,8.0,1.0,3.0,2265271,9.0,2,4,2,5.0,,0.0,0,2016.0,A01,138Â 203Â 604,9.0,-1.0,-1.0,1729112,2.0,7,,16.0,0.0,9.0,A01,138Â 203Â 604,6.0
1012970,201900054501,5,29,07:40,1,1,5,1.0,1.0,37216,Le Coteau de la Billette,M,"47,1594770","0,5743820",37,2019,70.0,1.0,1.0,3.0,2265272,1.0,1,3,1,1.0,,0.0,0,1967.0,A01,138Â 203Â 602,1.0,9.0,-1.0,1729113,1.0,7,,6.0,2.0,2.0,A01,138Â 203Â 602,1.0
1012970,201900054501,5,29,07:40,1,1,5,1.0,1.0,37216,Le Coteau de la Billette,M,"47,1594770","0,5743820",37,2019,70.0,1.0,1.0,3.0,2265272,1.0,1,3,1,1.0,,0.0,0,1967.0,A01,138Â 203Â 602,1.0,9.0,-1.0,1729114,0.0,7,,6.0,2.0,1.0,B01,138Â 203Â 603,1.0
1012970,201900054501,5,29,07:40,1,1,5,1.0,1.0,37216,Le Coteau de la Billette,M,"47,1594770","0,5743820",37,2019,70.0,1.0,1.0,3.0,2265273,1.0,1,1,1,4.0,,0.0,0,1970.0,B01,138Â 203Â 603,1.0,9.0,-1.0,1729113,1.0,7,,6.0,2.0,2.0,A01,138Â 203Â 602,1.0
1012970,201900054501,5,29,07:40,1,1,5,1.0,1.0,37216,Le Coteau de la Billette,M,"47,1594770","0,5743820",37,2019,70.0,1.0,1.0,3.0,2265273,1.0,1,1,1,4.0,,0.0,0,1970.0,B01,138Â 203Â 603,1.0,9.0,-1.0,1729114,0.0,7,,6.0,2.0,1.0,B01,138Â 203Â 603,1.0
1012971,201900054502,5,26,07:20,1,1,1,1.0,7.0,37281,La FrilliÃ¨re,M,"47,3958810","0,8275760",37,2019,70.0,8.0,1.0,3.0,2265274,1.0,1,3,1,0.0,,0.0,0,1990.0,A01,138Â 203Â 601,8.0,-1.0,-1.0,1729115,2.0,7,,16.0,0.0,0.0,A01,138Â 203Â 601,1.0
1012972,201900054503,5,26,13:05,1,1,1,1.0,1.0,37182,Route de Luynes,M,"47,4463474","0,4954920",37,2019,80.0,1.0,1.0,3.0,2265275,1.0,1,3,1,9.0,,0.0,0,1975.0,A01,138Â 203Â 599,1.0,-1.0,-1.0,1729116,1.0,7,,0.0,2.0,3.0,A01,138Â 203Â 599,0.0
1012972,201900054503,5,26,13:05,1,1,1,1.0,1.0,37182,Route de Luynes,M,"47,4463474","0,4954920",37,2019,80.0,1.0,1.0,3.0,2265275,1.0,1,3,1,9.0,,0.0,0,1975.0,A01,138Â 203Â 599,1.0,-1.0,-1.0,1729117,2.0,7,,0.0,2.0,1.0,B01,138Â 203Â 600,0.0
1012972,201900054503,5,26,13:05,1,1,1,1.0,1.0,37182,Route de Luynes,M,"47,4463474","0,4954920",37,2019,80.0,1.0,1.0,3.0,2265276,2.0,2,4,1,9.0,,0.0,0,2003.0,A01,138Â 203Â 599,1.0,-1.0,-1.0,1729116,1.0,7,,0.0,2.0,3.0,A01,138Â 203Â 599,0.0
1012972,201900054503,5,26,13:05,1,1,1,1.0,1.0,37182,Route de Luynes,M,"47,4463474","0,4954920",37,2019,80.0,1.0,1.0,3.0,2265276,2.0,2,4,1,9.0,,0.0,0,2003.0,A01,138Â 203Â 599,1.0,-1.0,-1.0,1729117,2.0,7,,0.0,2.0,1.0,B01,138Â 203Â 600,0.0
1012972,201900054503,5,26,13:05,1,1,1,1.0,1.0,37182,Route de Luynes,M,"47,4463474","0,4954920",37,2019,80.0,1.0,1.0,3.0,2265277,1.0,1,3,1,5.0,,0.0,0,1959.0,B01,138Â 203Â 600,1.0,-1.0,-1.0,1729116,1.0,7,,0.0,2.0,3.0,A01,138Â 203Â 599,0.0
1012972,201900054503,5,26,13:05,1,1,1,1.0,1.0,37182,Route de Luynes,M,"47,4463474","0,4954920",37,2019,80.0,1.0,1.0,3.0,2265277,1.0,1,3,1,5.0,,0.0,0,1959.0,B01,138Â 203Â 600,1.0,-1.0,-1.0,1729117,2.0,7,,0.0,2.0,1.0,B01,138Â 203Â 600,0.0
1012972,201900054503,5,26,13:05,1,1,1,1.0,1.0,37182,Route de Luynes,M,"47,4463474","0,4954920",37,2019,80.0,1.0,1.0,3.0,2265278,2.0,2,3,2,5.0,,0.0,0,1959.0,B01,138Â 203Â 600,1.0,-1.0,-1.0,1729116,1.0,7,,0.0,2.0,3.0,A01,138Â 203Â 599,0.0
1012972,201900054503,5,26,13:05,1,1,1,1.0,1.0,37182,Route de Luynes,M,"47,4463474","0,4954920",37,2019,80.0,1.0,1.0,3.0,2265278,2.0,2,3,2,5.0,,0.0,0,1959.0,B01,138Â 203Â 600,1.0,-1.0,-1.0,1729117,2.0,7,,0.0,2.0,1.0,B01,138Â 203Â 600,0.0
1012973,201900054504,5,5,12:30,1,1,1,1.0,6.0,37109,dÃ©partementale 367,M,"47,4186550","0,6323160",37,2019,50.0,1.0,1.0,3.0,2265279,1.0,1,4,1,5.0,,0.0,0,1993.0,A01,138Â 203Â 598,2.0,-1.0,-1.0,1729118,1.0,33,,4.0,0.0,8.0,A01,138Â 203Â 598,1.0
1012973,201900054504,5,5,12:30,1,1,1,1.0,6.0,37109,dÃ©partementale 367,M,"47,4186550","0,6323160",37,2019,50.0,1.0,1.0,3.0,2265280,2.0,2,3,2,5.0,,0.0,0,1999.0,A01,138Â 203Â 598,2.0,-1.0,-1.0,1729118,1.0,33,,4.0,0.0,8.0,A01,138Â 203Â 598,1.0
1012974,201900054505,5,27,16:20,1,1,1,1.0,2.0,37152,la perrÃ©e,M,"47,4459400","0,6755640",37,2019,50.0,1.0,1.0,3.0,2265281,1.0,1,4,2,4.0,,0.0,0,1981.0,B01,138Â 203Â 596,1.0,-1.0,-1.0,1729119,1.0,7,,0.0,0.0,4.0,B01,138Â 203Â 596,1.0
1012974,201900054505,5,27,16:20,1,1,1,1.0,2.0,37152,la perrÃ©e,M,"47,4459400","0,6755640",37,2019,50.0,1.0,1.0,3.0,2265281,1.0,1,4,2,4.0,,0.0,0,1981.0,B01,138Â 203Â 596,1.0,-1.0,-1.0,1729120,1.0,14,,0.0,2.0,1.0,A01,138Â 203Â 597,1.0
1012974,201900054505,5,27,16:20,1,1,1,1.0,2.0,37152,la perrÃ©e,M,"47,4459400","0,6755640",37,2019,50.0,1.0,1.0,3.0,2265282,1.0,1,1,1,4.0,,0.0,0,1977.0,A01,138Â 203Â 597,8.0,-1.0,-1.0,1729119,1.0,7,,0.0,0.0,4.0,B01,138Â 203Â 596,1.0
1012974,201900054505,5,27,16:20,1,1,1,1.0,2.0,37152,la perrÃ©e,M,"47,4459400","0,6755640",37,2019,50.0,1.0,1.0,3.0,2265282,1.0,1,1,1,4.0,,0.0,0,1977.0,A01,138Â 203Â 597,8.0,-1.0,-1.0,1729120,1.0,14,,0.0,2.0,1.0,A01,138Â 203Â 597,1.0
1012975,201900054506,5,7,08:25,1,2,1,1.0,6.0,37206,Le Bondonneau,M,"47,4950546","0,6324487",37,2019,50.0,3.0,1.0,4.0,2265283,1.0,1,4,2,2.0,,0.0,0,1948.0,A01,138Â 203Â 595,1.0,-1.0,-1.0,1729121,0.0,7,,6.0,0.0,1.0,A01,138Â 203Â 595,0.0
1012975,201900054506,5,7,08:25,1,2,1,1.0,6.0,37206,Le Bondonneau,M,"47,4950546","0,6324487",37,2019,50.0,3.0,1.0,4.0,2265284,3.0,2,4,2,2.0,,0.0,0,2014.0,A01,138Â 203Â 595,1.0,-1.0,-1.0,1729121,0.0,7,,6.0,0.0,1.0,A01,138Â 203Â 595,0.0
1012975,201900054506,5,7,08:25,1,2,1,1.0,6.0,37206,Le Bondonneau,M,"47,4950546","0,6324487",37,2019,50.0,3.0,1.0,4.0,2265285,2.0,2,4,2,2.0,,0.0,0,1981.0,A01,138Â 203Â 595,1.0,-1.0,-1.0,1729121,0.0,7,,6.0,0.0,1.0,A01,138Â 203Â 595,0.0
1012976,201900054507,5,12,04:15,3,1,1,1.0,6.0,37050,RD37 PK 3.5,M,"47,3218315","0,7105515",37,2019,90.0,1.0,1.0,3.0,2265286,1.0,1,1,2,5.0,,0.0,0,1980.0,A01,138Â 203Â 594,1.0,-1.0,-1.0,1729122,1.0,7,,0.0,1.0,2.0,A01,138Â 203Â 594,1.0
1012976,201900054507,5,12,04:15,3,1,1,1.0,6.0,37050,RD37 PK 3.5,M,"47,3218315","0,7105515",37,2019,90.0,1.0,1.0,3.0,2265287,10.0,3,3,1,5.0,,1.0,5,1988.0,A01,138Â 203Â 594,0.0,-1.0,-1.0,1729122,1.0,7,,0.0,1.0,2.0,A01,138Â 203Â 594,1.0
1012976,201900054507,5,12,04:15,3,1,1,1.0,6.0,37050,RD37 PK 3.5,M,"47,3218315","0,7105515",37,2019,90.0,1.0,1.0,3.0,2265288,2.0,2,1,1,5.0,,0.0,0,1973.0,A01,138Â 203Â 594,1.0,-1.0,-1.0,1729122,1.0,7,,0.0,1.0,2.0,A01,138Â 203Â 594,1.0
1012977,201900054508,5,28,19:45,1,1,6,1.0,1.0,30003,D 62,M,"43,5666240","4,1916390",30,2019,90.0,1.0,1.0,3.0,2265289,1.0,1,1,1,5.0,,0.0,0,1992.0,B01,138Â 203Â 592,1.0,-1.0,-1.0,1729123,3.0,7,,0.0,2.0,3.0,B01,138Â 203Â 592,1.0
1012977,201900054508,5,28,19:45,1,1,6,1.0,1.0,30003,D 62,M,"43,5666240","4,1916390",30,2019,90.0,1.0,1.0,3.0,2265289,1.0,1,1,1,5.0,,0.0,0,1992.0,B01,138Â 203Â 592,1.0,-1.0,-1.0,1729124,0.0,10,,13.0,2.0,6.0,A01,138Â 203Â 593,1.0
1012977,201900054508,5,28,19:45,1,1,6,1.0,1.0,30003,D 62,M,"43,5666240","4,1916390",30,2019,90.0,1.0,1.0,3.0,2265290,1.0,1,2,1,4.0,,0.0,0,1973.0,A01,138Â 203Â 593,1.0,-1.0,-1.0,1729123,3.0,7,,0.0,2.0,3.0,B01,138Â 203Â 592,1.0
1012977,201900054508,5,28,19:45,1,1,6,1.0,1.0,30003,D 62,M,"43,5666240","4,1916390",30,2019,90.0,1.0,1.0,3.0,2265290,1.0,1,2,1,4.0,,0.0,0,1973.0,A01,138Â 203Â 593,1.0,-1.0,-1.0,1729124,0.0,10,,13.0,2.0,6.0,A01,138Â 203Â 593,1.0
1012978,201900054509,5,30,12:15,1,2,2,1.0,3.0,30033,Rue de la gare,M,"43,7180930","4,3225950",30,2019,50.0,1.0,1.0,4.0,2265291,1.0,1,1,2,0.0,,0.0,0,1991.0,A01,138Â 203Â 590,1.0,-1.0,-1.0,1729125,1.0,7,,0.0,0.0,2.0,A01,138Â 203Â 590,1.0