Unnamed: 0_x,num_acc,mois,jour,hrmn,lum,agg,int,atm,col,com,adr,gps,lat,long,dep,annee,vma,situ,surf,catr,Unnamed: 0_y,place,catu,grav,sexe,trajet,secu,locp,actp,an_nais,num_veh_x,id_vehicule_x,secu1,secu2,secu3,Unnamed: 0,senc,catv,occutc,obs,obsm,choc,num_veh_y,id_vehicule_y,motor
1012978,201900054509,5,30,12:15,1,2,2,1.0,3.0,30033,Rue de la gare,M,"43,7180930","4,3225950",30,2019,50.0,1.0,1.0,4.0,2265291,1.0,1,1,2,0.0,,0.0,0,1991.0,A01,138Â 203Â 590,1.0,-1.0,-1.0,1729126,1.0,33,,0.0,2.0,1.0,B01,138Â 203Â 591,1.0
1012978,201900054509,5,30,12:15,1,2,2,1.0,3.0,30033,Rue de la gare,M,"43,7180930","4,3225950",30,2019,50.0,1.0,1.0,4.0,2265292,2.0,2,1,1,5.0,,0.0,0,1991.0,A01,138Â 203Â 590,1.0,-1.0,-1.0,1729125,1.0,7,,0.0,0.0,2.0,A01,138Â 203Â 590,1.0
1012978,201900054509,5,30,12:15,1,2,2,1.0,3.0,30033,Rue de la gare,M,"43,7180930","4,3225950",30,2019,50.0,1.0,1.0,4.0,2265292,2.0,2,1,1,5.0,,0.0,0,1991.0,A01,138Â 203Â 590,1.0,-1.0,-1.0,1729126,1.0,33,,0.0,2.0,1.0,B01,138Â 203Â 591,1.0
1012978,201900054509,5,30,12:15,1,2,2,1.0,3.0,30033,Rue de la gare,M,"43,7180930","4,3225950",30,2019,50.0,1.0,1.0,4.0,2265293,1.0,1,4,1,0.0,,0.0,0,1968.0,B01,138Â 203Â 591,2.0,-1.0,-1.0,1729125,1.0,7,,0.0,0.0,2.0,A01,138Â 203Â 590,1.0
1012978,201900054509,5,30,12:15,1,2,2,1.0,3.0,30033,Rue de la gare,M,"43,7180930","4,3225950",30,2019,50.0,1.0,1.0,4.0,2265293,1.0,1,4,1,0.0,,0.0,0,1968.0,B01,138Â 203Â 591,2.0,-1.0,-1.0,1729126,1.0,33,,0.0,2.0,1.0,B01,138Â 203Â 591,1.0
1012979,201900054510,5,21,10:00,1,1,2,1.0,3.0,30083,Place de la RÃ©publique,M,"43,7278430","4,2127520",30,2019,80.0,1.0,1.0,3.0,2265294,1.0,1,1,1,4.0,,0.0,0,1991.0,A01,138Â 203Â 588,1.0,-1.0,-1.0,1729127,2.0,10,,0.0,2.0,5.0,A01,138Â 203Â 588,1.0
1012979,201900054510,5,21,10:00,1,1,2,1.0,3.0,30083,Place de la RÃ©publique,M,"43,7278430","4,2127520",30,2019,80.0,1.0,1.0,3.0,2265294,1.0,1,1,1,4.0,,0.0,0,1991.0,A01,138Â 203Â 588,1.0,-1.0,-1.0,1729128,1.0,34,,0.0,2.0,9.0,B01,138Â 203Â 589,1.0
1012979,201900054510,5,21,10:00,1,1,2,1.0,3.0,30083,Place de la RÃ©publique,M,"43,7278430","4,2127520",30,2019,80.0,1.0,1.0,3.0,2265295,1.0,1,3,1,9.0,,0.0,0,1982.0,B01,138Â 203Â 589,2.0,6.0,-1.0,1729127,2.0,10,,0.0,2.0,5.0,A01,138Â 203Â 588,1.0
1012979,201900054510,5,21,10:00,1,1,2,1.0,3.0,30083,Place de la RÃ©publique,M,"43,7278430","4,2127520",30,2019,80.0,1.0,1.0,3.0,2265295,1.0,1,3,1,9.0,,0.0,0,1982.0,B01,138Â 203Â 589,2.0,6.0,-1.0,1729128,1.0,34,,0.0,2.0,9.0,B01,138Â 203Â 589,1.0
1012980,201900054511,5,29,13:50,1,2,1,1.0,3.0,30325,Route de Ganges,M,"43,9749400","3,7165260",30,2019,50.0,4.0,1.0,3.0,2265296,1.0,1,3,1,5.0,,0.0,0,2010.0,B01,138Â 203Â 586,2.0,-1.0,-1.0,1729129,3.0,1,,0.0,2.0,1.0,B01,138Â 203Â 586,6.0
1012980,201900054511,5,29,13:50,1,2,1,1.0,3.0,30325,Route de Ganges,M,"43,9749400","3,7165260",30,2019,50.0,4.0,1.0,3.0,2265296,1.0,1,3,1,5.0,,0.0,0,2010.0,B01,138Â 203Â 586,2.0,-1.0,-1.0,1729130,3.0,7,,0.0,9.0,5.0,A01,138Â 203Â 587,1.0
1012980,201900054511,5,29,13:50,1,2,1,1.0,3.0,30325,Route de Ganges,M,"43,9749400","3,7165260",30,2019,50.0,4.0,1.0,3.0,2265297,1.0,1,1,1,9.0,,0.0,0,1977.0,A01,138Â 203Â 587,1.0,5.0,-1.0,1729129,3.0,1,,0.0,2.0,1.0,B01,138Â 203Â 586,6.0
1012980,201900054511,5,29,13:50,1,2,1,1.0,3.0,30325,Route de Ganges,M,"43,9749400","3,7165260",30,2019,50.0,4.0,1.0,3.0,2265297,1.0,1,1,1,9.0,,0.0,0,1977.0,A01,138Â 203Â 587,1.0,5.0,-1.0,1729130,3.0,7,,0.0,9.0,5.0,A01,138Â 203Â 587,1.0
1012981,201900054512,5,28,23:40,3,1,1,1.0,6.0,30346,D 981,M,"43,9683800","4,5240690",30,2019,-1.0,1.0,1.0,3.0,2265298,3.0,2,3,1,5.0,,0.0,0,1990.0,A01,138Â 203Â 585,1.0,-1.0,-1.0,1729131,1.0,7,,2.0,0.0,3.0,A01,138Â 203Â 585,1.0
1012981,201900054512,5,28,23:40,3,1,1,1.0,6.0,30346,D 981,M,"43,9683800","4,5240690",30,2019,-1.0,1.0,1.0,3.0,2265299,1.0,1,3,1,5.0,,0.0,0,1993.0,A01,138Â 203Â 585,1.0,-1.0,-1.0,1729131,1.0,7,,2.0,0.0,3.0,A01,138Â 203Â 585,1.0
1012981,201900054512,5,28,23:40,3,1,1,1.0,6.0,30346,D 981,M,"43,9683800","4,5240690",30,2019,-1.0,1.0,1.0,3.0,2265300,2.0,2,4,1,5.0,,0.0,0,1994.0,A01,138Â 203Â 585,1.0,-1.0,-1.0,1729131,1.0,7,,2.0,0.0,3.0,A01,138Â 203Â 585,1.0
1012981,201900054512,5,28,23:40,3,1,1,1.0,6.0,30346,D 981,M,"43,9683800","4,5240690",30,2019,-1.0,1.0,1.0,3.0,2265301,4.0,2,3,1,5.0,,0.0,0,1991.0,A01,138Â 203Â 585,1.0,-1.0,-1.0,1729131,1.0,7,,2.0,0.0,3.0,A01,138Â 203Â 585,1.0
1012982,201900054513,5,12,17:15,1,1,2,6.0,1.0,30089,intersection D986L et D2,M,"43,8418360","4,6190670",30,2019,80.0,1.0,1.0,3.0,2265302,1.0,1,1,2,5.0,,0.0,0,2000.0,B01,138Â 203Â 583,1.0,-1.0,-1.0,1729132,3.0,7,,0.0,2.0,2.0,B01,138Â 203Â 583,1.0
1012982,201900054513,5,12,17:15,1,1,2,6.0,1.0,30089,intersection D986L et D2,M,"43,8418360","4,6190670",30,2019,80.0,1.0,1.0,3.0,2265302,1.0,1,1,2,5.0,,0.0,0,2000.0,B01,138Â 203Â 583,1.0,-1.0,-1.0,1729133,3.0,7,,0.0,2.0,3.0,A01,138Â 203Â 584,1.0
1012982,201900054513,5,12,17:15,1,1,2,6.0,1.0,30089,intersection D986L et D2,M,"43,8418360","4,6190670",30,2019,80.0,1.0,1.0,3.0,2265303,1.0,1,4,2,5.0,,0.0,0,1998.0,A01,138Â 203Â 584,1.0,-1.0,-1.0,1729132,3.0,7,,0.0,2.0,2.0,B01,138Â 203Â 583,1.0
1012982,201900054513,5,12,17:15,1,1,2,6.0,1.0,30089,intersection D986L et D2,M,"43,8418360","4,6190670",30,2019,80.0,1.0,1.0,3.0,2265303,1.0,1,4,2,5.0,,0.0,0,1998.0,A01,138Â 203Â 584,1.0,-1.0,-1.0,1729133,3.0,7,,0.0,2.0,3.0,A01,138Â 203Â 584,1.0
1012983,201900054514,5,9,19:40,1,1,1,1.0,7.0,30073,D 6086,M,"43,9872990","4,5781560",30,2019,80.0,3.0,1.0,3.0,2265304,1.0,1,3,2,5.0,,0.0,0,1954.0,A01,138Â 203Â 582,8.0,-1.0,-1.0,1729134,2.0,7,,13.0,0.0,2.0,A01,138Â 203Â 582,0.0
1012984,201900054515,5,24,01:25,5,2,1,1.0,6.0,30259,Route de NÃ®mes,M,"44,1048410","4,1029530",30,2019,50.0,4.0,1.0,3.0,2265305,1.0,1,3,1,5.0,,0.0,0,1991.0,A01,138Â 203Â 581,1.0,-1.0,-1.0,1729135,2.0,7,,8.0,0.0,3.0,A01,138Â 203Â 581,1.0
1012985,201900054516,5,7,16:30,1,1,9,1.0,7.0,30275,D7,M,"44,1157640","4,2220440",30,2019,70.0,5.0,1.0,3.0,2265306,1.0,1,3,1,5.0,,0.0,0,1957.0,A01,138Â 203Â 578,2.0,6.0,-1.0,1729136,2.0,33,,16.0,0.0,2.0,A01,138Â 203Â 578,1.0
1012986,201900054517,5,7,15:35,1,2,1,1.0,1.0,30223,face au 44 rue de la mairie,M,"44,1781890","4,1494300",30,2019,50.0,1.0,1.0,4.0,2265307,1.0,1,1,1,4.0,,0.0,0,1988.0,B01,138Â 203Â 576,1.0,-1.0,-1.0,1729137,2.0,14,,0.0,2.0,3.0,B01,138Â 203Â 576,1.0
1012986,201900054517,5,7,15:35,1,2,1,1.0,1.0,30223,face au 44 rue de la mairie,M,"44,1781890","4,1494300",30,2019,50.0,1.0,1.0,4.0,2265307,1.0,1,1,1,4.0,,0.0,0,1988.0,B01,138Â 203Â 576,1.0,-1.0,-1.0,1729138,1.0,2,,0.0,2.0,1.0,A01,138Â 203Â 577,1.0
1012986,201900054517,5,7,15:35,1,2,1,1.0,1.0,30223,face au 44 rue de la mairie,M,"44,1781890","4,1494300",30,2019,50.0,1.0,1.0,4.0,2265308,1.0,1,3,1,5.0,,0.0,0,2003.0,A01,138Â 203Â 577,2.0,-1.0,-1.0,1729137,2.0,14,,0.0,2.0,3.0,B01,138Â 203Â 576,1.0
1012986,201900054517,5,7,15:35,1,2,1,1.0,1.0,30223,face au 44 rue de la mairie,M,"44,1781890","4,1494300",30,2019,50.0,1.0,1.0,4.0,2265308,1.0,1,3,1,5.0,,0.0,0,2003.0,A01,138Â 203Â 577,2.0,-1.0,-1.0,1729138,1.0,2,,0.0,2.0,1.0,A01,138Â 203Â 577,1.0
1012987,201900054518,5,6,11:50,1,1,1,1.0,1.0,30330,D982 PK+14.800,M,"44,0221750","3,9953490",30,2019,80.0,1.0,1.0,3.0,2265309,2.0,2,3,2,3.0,,0.0,0,1959.0,B01,138Â 203Â 574,1.0,-1.0,-1.0,1729139,1.0,7,,0.0,2.0,3.0,B01,138Â 203Â 574,0.0
1012987,201900054518,5,6,11:50,1,1,1,1.0,1.0,30330,D982 PK+14.800,M,"44,0221750","3,9953490",30,2019,80.0,1.0,1.0,3.0,2265309,2.0,2,3,2,3.0,,0.0,0,1959.0,B01,138Â 203Â 574,1.0,-1.0,-1.0,1729140,2.0,7,,0.0,2.0,3.0,A01,138Â 203Â 575,0.0
1012987,201900054518,5,6,11:50,1,1,1,1.0,1.0,30330,D982 PK+14.800,M,"44,0221750","3,9953490",30,2019,80.0,1.0,1.0,3.0,2265310,1.0,1,1,1,3.0,,0.0,0,1953.0,B01,138Â 203Â 574,1.0,-1.0,-1.0,1729139,1.0,7,,0.0,2.0,3.0,B01,138Â 203Â 574,0.0
1012987,201900054518,5,6,11:50,1,1,1,1.0,1.0,30330,D982 PK+14.800,M,"44,0221750","3,9953490",30,2019,80.0,1.0,1.0,3.0,2265310,1.0,1,1,1,3.0,,0.0,0,1953.0,B01,138Â 203Â 574,1.0,-1.0,-1.0,1729140,2.0,7,,0.0,2.0,3.0,A01,138Â 203Â 575,0.0
1012987,201900054518,5,6,11:50,1,1,1,1.0,1.0,30330,D982 PK+14.800,M,"44,0221750","3,9953490",30,2019,80.0,1.0,1.0,3.0,2265311,1.0,1,4,2,1.0,,0.0,0,1997.0,A01,138Â 203Â 575,1.0,-1.0,-1.0,1729139,1.0,7,,0.0,2.0,3.0,B01,138Â 203Â 574,0.0
1012987,201900054518,5,6,11:50,1,1,1,1.0,1.0,30330,D982 PK+14.800,M,"44,0221750","3,9953490",30,2019,80.0,1.0,1.0,3.0,2265311,1.0,1,4,2,1.0,,0.0,0,1997.0,A01,138Â 203Â 575,1.0,-1.0,-1.0,1729140,2.0,7,,0.0,2.0,3.0,A01,138Â 203Â 575,0.0
1012988,201900054519,5,21,11:50,1,1,1,1.0,7.0,48132,Montalbert,M,"44,7973280","3,3650540",48,2019,-1.0,1.0,1.0,4.0,2265312,1.0,1,3,1,5.0,,0.0,0,1975.0,A01,138Â 203Â 573,2.0,6.0,-1.0,1729141,3.0,33,,0.0,0.0,0.0,A01,138Â 203Â 573,1.0
1012989,201900054520,5,27,17:30,1,1,3,1.0,3.0,48018,intersection RN 88 et RD 142,M,"44,5013340","3,4055160",48,2019,80.0,1.0,1.0,2.0,2265313,1.0,1,1,1,4.0,,0.0,0,1973.0,A01,138Â 203Â 571,1.0,5.0,-1.0,1729142,2.0,10,,0.0,2.0,2.0,A01,138Â 203Â 571,1.0
1012989,201900054520,5,27,17:30,1,1,3,1.0,3.0,48018,intersection RN 88 et RD 142,M,"44,5013340","3,4055160",48,2019,80.0,1.0,1.0,2.0,2265313,1.0,1,1,1,4.0,,0.0,0,1973.0,A01,138Â 203Â 571,1.0,5.0,-1.0,1729143,1.0,7,,0.0,2.0,3.0,B01,138Â 203Â 572,1.0
1012989,201900054520,5,27,17:30,1,1,3,1.0,3.0,48018,intersection RN 88 et RD 142,M,"44,5013340","3,4055160",48,2019,80.0,1.0,1.0,2.0,2265314,1.0,1,4,1,1.0,,0.0,0,1965.0,B01,138Â 203Â 572,1.0,5.0,-1.0,1729142,2.0,10,,0.0,2.0,2.0,A01,138Â 203Â 571,1.0
1012989,201900054520,5,27,17:30,1,1,3,1.0,3.0,48018,intersection RN 88 et RD 142,M,"44,5013340","3,4055160",48,2019,80.0,1.0,1.0,2.0,2265314,1.0,1,4,1,1.0,,0.0,0,1965.0,B01,138Â 203Â 572,1.0,5.0,-1.0,1729143,1.0,7,,0.0,2.0,3.0,B01,138Â 203Â 572,1.0
1012990,201900054521,5,7,13:50,1,1,1,1.0,1.0,48085,Mijoule,M,"44,3697720","3,3432210",48,2019,80.0,1.0,1.0,3.0,2265315,1.0,1,1,1,1.0,,0.0,0,1991.0,B01,138Â 203Â 569,1.0,-1.0,-1.0,1729144,1.0,10,,0.0,2.0,1.0,B01,138Â 203Â 569,1.0
1012990,201900054521,5,7,13:50,1,1,1,1.0,1.0,48085,Mijoule,M,"44,3697720","3,3432210",48,2019,80.0,1.0,1.0,3.0,2265315,1.0,1,1,1,1.0,,0.0,0,1991.0,B01,138Â 203Â 569,1.0,-1.0,-1.0,1729145,2.0,7,,0.0,2.0,1.0,A01,138Â 203Â 570,1.0
1012990,201900054521,5,7,13:50,1,1,1,1.0,1.0,48085,Mijoule,M,"44,3697720","3,3432210",48,2019,80.0,1.0,1.0,3.0,2265316,1.0,1,3,1,0.0,,0.0,0,1951.0,A01,138Â 203Â 570,1.0,-1.0,-1.0,1729144,1.0,10,,0.0,2.0,1.0,B01,138Â 203Â 569,1.0
1012990,201900054521,5,7,13:50,1,1,1,1.0,1.0,48085,Mijoule,M,"44,3697720","3,3432210",48,2019,80.0,1.0,1.0,3.0,2265316,1.0,1,3,1,0.0,,0.0,0,1951.0,A01,138Â 203Â 570,1.0,-1.0,-1.0,1729145,2.0,7,,0.0,2.0,1.0,A01,138Â 203Â 570,1.0
1012991,201900054522,5,1,17:03,1,1,1,1.0,6.0,48176,"RD 996 PK 8,090",M,"44,1992080","3,2577390",48,2019,80.0,3.0,1.0,3.0,2265317,1.0,1,3,1,5.0,,0.0,0,1971.0,A01,138Â 203Â 568,2.0,6.0,9.0,1729146,2.0,33,,13.0,0.0,2.0,A01,138Â 203Â 568,1.0
1012992,201900054523,5,10,11:46,1,1,1,1.0,1.0,48166,Saint-Laurent-De-Treves (Saint-Laurent-de-TrÃ¨ves),M,"44,2693540","3,6073870",48,2019,80.0,1.0,1.0,3.0,2265318,1.0,1,3,1,0.0,,0.0,0,1935.0,B01,138Â 203Â 566,1.0,-1.0,-1.0,1729147,1.0,7,,0.0,0.0,1.0,B01,138Â 203Â 566,1.0
1012992,201900054523,5,10,11:46,1,1,1,1.0,1.0,48166,Saint-Laurent-De-Treves (Saint-Laurent-de-TrÃ¨ves),M,"44,2693540","3,6073870",48,2019,80.0,1.0,1.0,3.0,2265318,1.0,1,3,1,0.0,,0.0,0,1935.0,B01,138Â 203Â 566,1.0,-1.0,-1.0,1729148,1.0,7,,0.0,0.0,3.0,A01,138Â 203Â 567,1.0
1012992,201900054523,5,10,11:46,1,1,1,1.0,1.0,48166,Saint-Laurent-De-Treves (Saint-Laurent-de-TrÃ¨ves),M,"44,2693540","3,6073870",48,2019,80.0,1.0,1.0,3.0,2265319,1.0,1,1,1,0.0,,0.0,0,2000.0,A01,138Â 203Â 567,1.0,-1.0,-1.0,1729147,1.0,7,,0.0,0.0,1.0,B01,138Â 203Â 566,1.0
1012992,201900054523,5,10,11:46,1,1,1,1.0,1.0,48166,Saint-Laurent-De-Treves (Saint-Laurent-de-TrÃ¨ves),M,"44,2693540","3,6073870",48,2019,80.0,1.0,1.0,3.0,2265319,1.0,1,1,1,0.0,,0.0,0,2000.0,A01,138Â 203Â 567,1.0,-1.0,-1.0,1729148,1.0,7,,0.0,0.0,3.0,A01,138Â 203Â 567,1.0
1012993,201900054524,5,31,15:30,1,2,3,1.0,3.0,48013,Chemin de la gare,M,"44,5331560","3,5457600",48,2019,50.0,1.0,1.0,4.0,2265320,1.0,1,3,1,5.0,,0.0,0,1948.0,B01,138Â 203Â 564,2.0,6.0,-1.0,1729149,3.0,1,,0.0,2.0,1.0,B01,138Â 203Â 564,5.0
1012993,201900054524,5,31,15:30,1,2,3,1.0,3.0,48013,Chemin de la gare,M,"44,5331560","3,5457600",48,2019,50.0,1.0,1.0,4.0,2265320,1.0,1,3,1,5.0,,0.0,0,1948.0,B01,138Â 203Â 564,2.0,6.0,-1.0,1729150,3.0,7,,0.0,2.0,6.0,A01,138Â 203Â 565,1.0
1012993,201900054524,5,31,15:30,1,2,3,1.0,3.0,48013,Chemin de la gare,M,"44,5331560","3,5457600",48,2019,50.0,1.0,1.0,4.0,2265321,1.0,1,1,1,5.0,,0.0,0,1940.0,A01,138Â 203Â 565,1.0,-1.0,-1.0,1729149,3.0,1,,0.0,2.0,1.0,B01,138Â 203Â 564,5.0
1012993,201900054524,5,31,15:30,1,2,3,1.0,3.0,48013,Chemin de la gare,M,"44,5331560","3,5457600",48,2019,50.0,1.0,1.0,4.0,2265321,1.0,1,1,1,5.0,,0.0,0,1940.0,A01,138Â 203Â 565,1.0,-1.0,-1.0,1729150,3.0,7,,0.0,2.0,6.0,A01,138Â 203Â 565,1.0
1012994,201900054525,5,30,11:30,1,1,1,1.0,6.0,48027,D901 (SAINT JULIEN DU TOURNEL),M,"44,5026780","3,6839160",48,2019,80.0,3.0,1.0,3.0,2265322,1.0,1,3,2,0.0,,0.0,0,1945.0,A01,138Â 203Â 563,1.0,-1.0,-1.0,1729151,1.0,7,,8.0,0.0,1.0,A01,138Â 203Â 563,1.0
1012995,201900054526,5,14,10:50,1,2,1,7.0,6.0,48137,Rouffiac,M,"44,4789590","3,4921160",48,2019,50.0,1.0,1.0,4.0,2265323,1.0,1,1,1,4.0,,0.0,0,1940.0,A01,138Â 203Â 562,1.0,-1.0,-1.0,1729152,0.0,7,,0.0,1.0,3.0,A01,138Â 203Â 562,1.0
1012995,201900054526,5,14,10:50,1,2,1,7.0,6.0,48137,Rouffiac,M,"44,4789590","3,4921160",48,2019,50.0,1.0,1.0,4.0,2265324,10.0,3,3,1,4.0,,1.0,6,1948.0,A01,138Â 203Â 562,0.0,-1.0,-1.0,1729152,0.0,7,,0.0,1.0,3.0,A01,138Â 203Â 562,1.0
1012996,201900054527,5,2,02:55,3,2,3,1.0,7.0,52149,D13,M,"48,4169750","4,9443540",52,2019,50.0,8.0,1.0,3.0,2265325,1.0,1,3,1,1.0,,0.0,0,1961.0,A01,138Â 203Â 561,1.0,-1.0,-1.0,1729153,2.0,7,,16.0,0.0,1.0,A01,138Â 203Â 561,1.0
1012997,201900054528,5,27,17:30,1,1,1,8.0,5.0,52118,ROUTE NATIONLE 67 pk22+780,M,"48,4926848","5,1108647",52,2019,80.0,1.0,1.0,2.0,2265326,1.0,1,1,2,1.0,,0.0,0,1980.0,C01,138Â 203Â 558,1.0,-1.0,-1.0,1729154,2.0,7,,0.0,2.0,1.0,C01,138Â 203Â 558,1.0
1012997,201900054528,5,27,17:30,1,1,1,8.0,5.0,52118,ROUTE NATIONLE 67 pk22+780,M,"48,4926848","5,1108647",52,2019,80.0,1.0,1.0,2.0,2265326,1.0,1,1,2,1.0,,0.0,0,1980.0,C01,138Â 203Â 558,1.0,-1.0,-1.0,1729155,2.0,15,,0.0,2.0,6.0,B01,138Â 203Â 559,1.0
1012997,201900054528,5,27,17:30,1,1,1,8.0,5.0,52118,ROUTE NATIONLE 67 pk22+780,M,"48,4926848","5,1108647",52,2019,80.0,1.0,1.0,2.0,2265326,1.0,1,1,2,1.0,,0.0,0,1980.0,C01,138Â 203Â 558,1.0,-1.0,-1.0,1729156,1.0,7,,0.0,2.0,3.0,A01,138Â 203Â 560,1.0
1012997,201900054528,5,27,17:30,1,1,1,8.0,5.0,52118,ROUTE NATIONLE 67 pk22+780,M,"48,4926848","5,1108647",52,2019,80.0,1.0,1.0,2.0,2265327,1.0,1,1,1,4.0,,0.0,0,1966.0,B01,138Â 203Â 559,1.0,-1.0,-1.0,1729154,2.0,7,,0.0,2.0,1.0,C01,138Â 203Â 558,1.0
1012997,201900054528,5,27,17:30,1,1,1,8.0,5.0,52118,ROUTE NATIONLE 67 pk22+780,M,"48,4926848","5,1108647",52,2019,80.0,1.0,1.0,2.0,2265327,1.0,1,1,1,4.0,,0.0,0,1966.0,B01,138Â 203Â 559,1.0,-1.0,-1.0,1729155,2.0,15,,0.0,2.0,6.0,B01,138Â 203Â 559,1.0
1012997,201900054528,5,27,17:30,1,1,1,8.0,5.0,52118,ROUTE NATIONLE 67 pk22+780,M,"48,4926848","5,1108647",52,2019,80.0,1.0,1.0,2.0,2265327,1.0,1,1,1,4.0,,0.0,0,1966.0,B01,138Â 203Â 559,1.0,-1.0,-1.0,1729156,1.0,7,,0.0,2.0,3.0,A01,138Â 203Â 560,1.0
1012997,201900054528,5,27,17:30,1,1,1,8.0,5.0,52118,ROUTE NATIONLE 67 pk22+780,M,"48,4926848","5,1108647",52,2019,80.0,1.0,1.0,2.0,2265328,1.0,1,4,1,1.0,,0.0,0,2000.0,A01,138Â 203Â 560,1.0,-1.0,-1.0,1729154,2.0,7,,0.0,2.0,1.0,C01,138Â 203Â 558,1.0
1012997,201900054528,5,27,17:30,1,1,1,8.0,5.0,52118,ROUTE NATIONLE 67 pk22+780,M,"48,4926848","5,1108647",52,2019,80.0,1.0,1.0,2.0,2265328,1.0,1,4,1,1.0,,0.0,0,2000.0,A01,138Â 203Â 560,1.0,-1.0,-1.0,1729155,2.0,15,,0.0,2.0,6.0,B01,138Â 203Â 559,1.0
1012997,201900054528,5,27,17:30,1,1,1,8.0,5.0,52118,ROUTE NATIONLE 67 pk22+780,M,"48,4926848","5,1108647",52,2019,80.0,1.0,1.0,2.0,2265328,1.0,1,4,1,1.0,,0.0,0,2000.0,A01,138Â 203Â 560,1.0,-1.0,-1.0,1729156,1.0,7,,0.0,2.0,3.0,A01,138Â 203Â 560,1.0
1012998,201900054529,5,31,11:15,1,2,2,1.0,3.0,52093,Route de Torcenay,M,"47,8113005","5,4512608",52,2019,70.0,1.0,1.0,3.0,2265329,9.0,2,1,2,3.0,,0.0,0,2011.0,B01,138Â 203Â 556,1.0,-1.0,-1.0,1729157,2.0,7,,0.0,2.0,7.0,B01,138Â 203Â 556,1.0
1012998,201900054529,5,31,11:15,1,2,2,1.0,3.0,52093,Route de Torcenay,M,"47,8113005","5,4512608",52,2019,70.0,1.0,1.0,3.0,2265329,9.0,2,1,2,3.0,,0.0,0,2011.0,B01,138Â 203Â 556,1.0,-1.0,-1.0,1729158,2.0,10,,0.0,2.0,3.0,A01,138Â 203Â 557,1.0
1012998,201900054529,5,31,11:15,1,2,2,1.0,3.0,52093,Route de Torcenay,M,"47,8113005","5,4512608",52,2019,70.0,1.0,1.0,3.0,2265330,2.0,2,4,2,3.0,,0.0,0,2010.0,B01,138Â 203Â 556,1.0,-1.0,-1.0,1729157,2.0,7,,0.0,2.0,7.0,B01,138Â 203Â 556,1.0
1012998,201900054529,5,31,11:15,1,2,2,1.0,3.0,52093,Route de Torcenay,M,"47,8113005","5,4512608",52,2019,70.0,1.0,1.0,3.0,2265330,2.0,2,4,2,3.0,,0.0,0,2010.0,B01,138Â 203Â 556,1.0,-1.0,-1.0,1729158,2.0,10,,0.0,2.0,3.0,A01,138Â 203Â 557,1.0
1012998,201900054529,5,31,11:15,1,2,2,1.0,3.0,52093,Route de Torcenay,M,"47,8113005","5,4512608",52,2019,70.0,1.0,1.0,3.0,2265331,1.0,1,1,2,3.0,,0.0,0,1985.0,B01,138Â 203Â 556,1.0,-1.0,-1.0,1729157,2.0,7,,0.0,2.0,7.0,B01,138Â 203Â 556,1.0
1012998,201900054529,5,31,11:15,1,2,2,1.0,3.0,52093,Route de Torcenay,M,"47,8113005","5,4512608",52,2019,70.0,1.0,1.0,3.0,2265331,1.0,1,1,2,3.0,,0.0,0,1985.0,B01,138Â 203Â 556,1.0,-1.0,-1.0,1729158,2.0,10,,0.0,2.0,3.0,A01,138Â 203Â 557,1.0
1012998,201900054529,5,31,11:15,1,2,2,1.0,3.0,52093,Route de Torcenay,M,"47,8113005","5,4512608",52,2019,70.0,1.0,1.0,3.0,2265332,1.0,1,1,1,4.0,,0.0,0,1971.0,A01,138Â 203Â 557,1.0,-1.0,-1.0,1729157,2.0,7,,0.0,2.0,7.0,B01,138Â 203Â 556,1.0
1012998,201900054529,5,31,11:15,1,2,2,1.0,3.0,52093,Route de Torcenay,M,"47,8113005","5,4512608",52,2019,70.0,1.0,1.0,3.0,2265332,1.0,1,1,1,4.0,,0.0,0,1971.0,A01,138Â 203Â 557,1.0,-1.0,-1.0,1729158,2.0,10,,0.0,2.0,3.0,A01,138Â 203Â 557,1.0
1012999,201900054530,5,15,13:45,1,1,4,1.0,2.0,52197,RN19 PR088+600,M,"47,7870630","5,5905210",52,2019,80.0,1.0,1.0,2.0,2265333,1.0,1,1,1,4.0,,0.0,0,1978.0,A01,138Â 203Â 554,1.0,-1.0,-1.0,1729159,2.0,17,,0.0,2.0,1.0,A01,138Â 203Â 554,1.0
1012999,201900054530,5,15,13:45,1,1,4,1.0,2.0,52197,RN19 PR088+600,M,"47,7870630","5,5905210",52,2019,80.0,1.0,1.0,2.0,2265333,1.0,1,1,1,4.0,,0.0,0,1978.0,A01,138Â 203Â 554,1.0,-1.0,-1.0,1729160,2.0,10,,0.0,0.0,4.0,B01,138Â 203Â 555,1.0
1012999,201900054530,5,15,13:45,1,1,4,1.0,2.0,52197,RN19 PR088+600,M,"47,7870630","5,5905210",52,2019,80.0,1.0,1.0,2.0,2265334,1.0,1,4,1,4.0,,0.0,0,1997.0,B01,138Â 203Â 555,1.0,-1.0,-1.0,1729159,2.0,17,,0.0,2.0,1.0,A01,138Â 203Â 554,1.0