Unnamed: 0_x,num_acc,mois,jour,hrmn,lum,agg,int,atm,col,com,adr,gps,lat,long,dep,annee,vma,situ,surf,catr,Unnamed: 0_y,place,catu,grav,sexe,trajet,secu,locp,actp,an_nais,num_veh_x,id_vehicule_x,secu1,secu2,secu3,Unnamed: 0,senc,catv,occutc,obs,obsm,choc,num_veh_y,id_vehicule_y,motor
1012999,201900054530,5,15,13:45,1,1,4,1.0,2.0,52197,RN19 PR088+600,M,"47,7870630","5,5905210",52,2019,80.0,1.0,1.0,2.0,2265334,1.0,1,4,1,4.0,,0.0,0,1997.0,B01,138Â 203Â 555,1.0,-1.0,-1.0,1729160,2.0,10,,0.0,0.0,4.0,B01,138Â 203Â 555,1.0
1013000,201900054531,5,2,21:20,3,1,1,2.0,6.0,52306,Route dÃ©partementale 147,M,"48,2738600","5,3712550",52,2019,80.0,3.0,2.0,3.0,2265335,1.0,1,4,1,9.0,,0.0,0,1993.0,A01,138Â 203Â 553,1.0,-1.0,-1.0,1729161,1.0,7,,13.0,0.0,9.0,A01,138Â 203Â 553,0.0
1013001,201900054532,5,3,10:00,1,1,1,8.0,1.0,08490,Route de Reims,M,"49,3948130","4,6756600",8,2019,80.0,1.0,2.0,3.0,2265336,1.0,1,1,2,5.0,,0.0,0,1954.0,A01,138Â 203Â 551,1.0,-1.0,-1.0,1729162,1.0,7,,0.0,2.0,1.0,A01,138Â 203Â 551,1.0
1013001,201900054532,5,3,10:00,1,1,1,8.0,1.0,08490,Route de Reims,M,"49,3948130","4,6756600",8,2019,80.0,1.0,2.0,3.0,2265336,1.0,1,1,2,5.0,,0.0,0,1954.0,A01,138Â 203Â 551,1.0,-1.0,-1.0,1729163,2.0,7,,0.0,2.0,1.0,B01,138Â 203Â 552,1.0
1013001,201900054532,5,3,10:00,1,1,1,8.0,1.0,08490,Route de Reims,M,"49,3948130","4,6756600",8,2019,80.0,1.0,2.0,3.0,2265337,1.0,1,4,2,3.0,,0.0,0,1949.0,B01,138Â 203Â 552,1.0,-1.0,-1.0,1729162,1.0,7,,0.0,2.0,1.0,A01,138Â 203Â 551,1.0
1013001,201900054532,5,3,10:00,1,1,1,8.0,1.0,08490,Route de Reims,M,"49,3948130","4,6756600",8,2019,80.0,1.0,2.0,3.0,2265337,1.0,1,4,2,3.0,,0.0,0,1949.0,B01,138Â 203Â 552,1.0,-1.0,-1.0,1729163,2.0,7,,0.0,2.0,1.0,B01,138Â 203Â 552,1.0
1013002,201900054533,5,4,19:00,1,1,1,1.0,3.0,08168,RD 52,M,"49,5701670","5,2476550",8,2019,80.0,1.0,1.0,3.0,2265338,1.0,1,1,1,4.0,,0.0,0,1970.0,B01,138Â 203Â 549,0.0,-1.0,-1.0,1729164,2.0,21,,0.0,2.0,6.0,B01,138Â 203Â 549,1.0
1013002,201900054533,5,4,19:00,1,1,1,1.0,3.0,08168,RD 52,M,"49,5701670","5,2476550",8,2019,80.0,1.0,1.0,3.0,2265338,1.0,1,1,1,4.0,,0.0,0,1970.0,B01,138Â 203Â 549,0.0,-1.0,-1.0,1729165,1.0,2,,0.0,2.0,2.0,A01,138Â 203Â 550,1.0
1013002,201900054533,5,4,19:00,1,1,1,1.0,3.0,08168,RD 52,M,"49,5701670","5,2476550",8,2019,80.0,1.0,1.0,3.0,2265339,1.0,1,3,1,5.0,,0.0,0,2001.0,A01,138Â 203Â 550,2.0,6.0,-1.0,1729164,2.0,21,,0.0,2.0,6.0,B01,138Â 203Â 549,1.0
1013002,201900054533,5,4,19:00,1,1,1,1.0,3.0,08168,RD 52,M,"49,5701670","5,2476550",8,2019,80.0,1.0,1.0,3.0,2265339,1.0,1,3,1,5.0,,0.0,0,2001.0,A01,138Â 203Â 550,2.0,6.0,-1.0,1729165,1.0,2,,0.0,2.0,2.0,A01,138Â 203Â 550,1.0
1013003,201900054534,5,27,13:35,1,1,1,1.0,1.0,08182,CD 978 PK 8+100,M,"49,7247800","4,2706240",8,2019,80.0,1.0,1.0,3.0,2265340,1.0,1,2,1,4.0,,0.0,0,1986.0,B01,138Â 203Â 547,8.0,-1.0,-1.0,1729166,1.0,15,,0.0,2.0,1.0,B01,138Â 203Â 547,1.0
1013003,201900054534,5,27,13:35,1,1,1,1.0,1.0,08182,CD 978 PK 8+100,M,"49,7247800","4,2706240",8,2019,80.0,1.0,1.0,3.0,2265340,1.0,1,2,1,4.0,,0.0,0,1986.0,B01,138Â 203Â 547,8.0,-1.0,-1.0,1729167,2.0,14,,0.0,2.0,1.0,A01,138Â 203Â 548,1.0
1013003,201900054534,5,27,13:35,1,1,1,1.0,1.0,08182,CD 978 PK 8+100,M,"49,7247800","4,2706240",8,2019,80.0,1.0,1.0,3.0,2265341,1.0,1,3,1,4.0,,0.0,0,1959.0,A01,138Â 203Â 548,1.0,-1.0,-1.0,1729166,1.0,15,,0.0,2.0,1.0,B01,138Â 203Â 547,1.0
1013003,201900054534,5,27,13:35,1,1,1,1.0,1.0,08182,CD 978 PK 8+100,M,"49,7247800","4,2706240",8,2019,80.0,1.0,1.0,3.0,2265341,1.0,1,3,1,4.0,,0.0,0,1959.0,A01,138Â 203Â 548,1.0,-1.0,-1.0,1729167,2.0,14,,0.0,2.0,1.0,A01,138Â 203Â 548,1.0
1013004,201900054535,5,1,04:40,3,2,1,1.0,1.0,08037,RD 8043 MON IDEE,M,"49,8726200","4,3790070",8,2019,50.0,1.0,1.0,3.0,2265342,1.0,1,4,1,5.0,,0.0,0,1994.0,A01,138Â 203Â 545,1.0,-1.0,-1.0,1729168,1.0,7,,0.0,2.0,3.0,A01,138Â 203Â 545,1.0
1013004,201900054535,5,1,04:40,3,2,1,1.0,1.0,08037,RD 8043 MON IDEE,M,"49,8726200","4,3790070",8,2019,50.0,1.0,1.0,3.0,2265342,1.0,1,4,1,5.0,,0.0,0,1994.0,A01,138Â 203Â 545,1.0,-1.0,-1.0,1729169,2.0,99,,0.0,2.0,3.0,B01,138Â 203Â 546,1.0
1013004,201900054535,5,1,04:40,3,2,1,1.0,1.0,08037,RD 8043 MON IDEE,M,"49,8726200","4,3790070",8,2019,50.0,1.0,1.0,3.0,2265343,2.0,2,4,2,4.0,,0.0,0,1966.0,B01,138Â 203Â 546,1.0,-1.0,-1.0,1729168,1.0,7,,0.0,2.0,3.0,A01,138Â 203Â 545,1.0
1013004,201900054535,5,1,04:40,3,2,1,1.0,1.0,08037,RD 8043 MON IDEE,M,"49,8726200","4,3790070",8,2019,50.0,1.0,1.0,3.0,2265343,2.0,2,4,2,4.0,,0.0,0,1966.0,B01,138Â 203Â 546,1.0,-1.0,-1.0,1729169,2.0,99,,0.0,2.0,3.0,B01,138Â 203Â 546,1.0
1013004,201900054535,5,1,04:40,3,2,1,1.0,1.0,08037,RD 8043 MON IDEE,M,"49,8726200","4,3790070",8,2019,50.0,1.0,1.0,3.0,2265344,1.0,1,3,1,4.0,,0.0,0,1962.0,B01,138Â 203Â 546,1.0,-1.0,-1.0,1729168,1.0,7,,0.0,2.0,3.0,A01,138Â 203Â 545,1.0
1013004,201900054535,5,1,04:40,3,2,1,1.0,1.0,08037,RD 8043 MON IDEE,M,"49,8726200","4,3790070",8,2019,50.0,1.0,1.0,3.0,2265344,1.0,1,3,1,4.0,,0.0,0,1962.0,B01,138Â 203Â 546,1.0,-1.0,-1.0,1729169,2.0,99,,0.0,2.0,3.0,B01,138Â 203Â 546,1.0
1013005,201900054536,5,7,19:20,1,1,1,1.0,1.0,08207,voie communale,M,"50,1117280","4,7870470",8,2019,90.0,1.0,1.0,4.0,2265345,1.0,1,3,1,5.0,,0.0,0,2002.0,B01,138Â 203Â 543,2.0,-1.0,-1.0,1729170,3.0,2,,0.0,2.0,1.0,B01,138Â 203Â 543,6.0
1013005,201900054536,5,7,19:20,1,1,1,1.0,1.0,08207,voie communale,M,"50,1117280","4,7870470",8,2019,90.0,1.0,1.0,4.0,2265345,1.0,1,3,1,5.0,,0.0,0,2002.0,B01,138Â 203Â 543,2.0,-1.0,-1.0,1729171,3.0,7,,0.0,2.0,3.0,A01,138Â 203Â 544,6.0
1013005,201900054536,5,7,19:20,1,1,1,1.0,1.0,08207,voie communale,M,"50,1117280","4,7870470",8,2019,90.0,1.0,1.0,4.0,2265346,1.0,1,1,1,9.0,,0.0,0,1986.0,A01,138Â 203Â 544,1.0,-1.0,-1.0,1729170,3.0,2,,0.0,2.0,1.0,B01,138Â 203Â 543,6.0
1013005,201900054536,5,7,19:20,1,1,1,1.0,1.0,08207,voie communale,M,"50,1117280","4,7870470",8,2019,90.0,1.0,1.0,4.0,2265346,1.0,1,1,1,9.0,,0.0,0,1986.0,A01,138Â 203Â 544,1.0,-1.0,-1.0,1729171,3.0,7,,0.0,2.0,3.0,A01,138Â 203Â 544,6.0
1013006,201900054537,5,16,17:45,1,1,1,1.0,1.0,88082,Rd 392A 88110 celles sur paine,M,"48,4747940","6,9787600",88,2019,80.0,1.0,1.0,3.0,2265347,1.0,1,4,1,1.0,,0.0,0,1966.0,B01,138Â 203Â 541,1.0,-1.0,-1.0,1729172,2.0,7,,0.0,2.0,1.0,B01,138Â 203Â 541,1.0
1013006,201900054537,5,16,17:45,1,1,1,1.0,1.0,88082,Rd 392A 88110 celles sur paine,M,"48,4747940","6,9787600",88,2019,80.0,1.0,1.0,3.0,2265347,1.0,1,4,1,1.0,,0.0,0,1966.0,B01,138Â 203Â 541,1.0,-1.0,-1.0,1729173,1.0,7,,0.0,2.0,1.0,A01,138Â 203Â 542,1.0
1013006,201900054537,5,16,17:45,1,1,1,1.0,1.0,88082,Rd 392A 88110 celles sur paine,M,"48,4747940","6,9787600",88,2019,80.0,1.0,1.0,3.0,2265348,1.0,1,3,1,1.0,,0.0,0,1993.0,A01,138Â 203Â 542,1.0,-1.0,-1.0,1729172,2.0,7,,0.0,2.0,1.0,B01,138Â 203Â 541,1.0
1013006,201900054537,5,16,17:45,1,1,1,1.0,1.0,88082,Rd 392A 88110 celles sur paine,M,"48,4747940","6,9787600",88,2019,80.0,1.0,1.0,3.0,2265348,1.0,1,3,1,1.0,,0.0,0,1993.0,A01,138Â 203Â 542,1.0,-1.0,-1.0,1729173,1.0,7,,0.0,2.0,1.0,A01,138Â 203Â 542,1.0
1013007,201900054538,5,7,16:45,1,2,1,1.0,6.0,88372,32 Rue Charles Weill,M,"48,4065350","6,8419210",88,2019,50.0,1.0,1.0,3.0,2265349,1.0,1,1,1,3.0,,0.0,0,1968.0,A01,138Â 203Â 540,2.0,-1.0,-1.0,1729174,3.0,33,,0.0,1.0,2.0,A01,138Â 203Â 540,1.0
1013007,201900054538,5,7,16:45,1,2,1,1.0,6.0,88372,32 Rue Charles Weill,M,"48,4065350","6,8419210",88,2019,50.0,1.0,1.0,3.0,2265350,10.0,3,4,2,5.0,,3.0,3,1955.0,A01,138Â 203Â 540,0.0,-1.0,-1.0,1729174,3.0,33,,0.0,1.0,2.0,A01,138Â 203Â 540,1.0
1013008,201900054539,5,16,16:00,1,2,1,8.0,6.0,88468,60 Rue Charles de Gaulle,M,"47,8774790","6,7689150",88,2019,50.0,1.0,1.0,2.0,2265351,1.0,1,1,2,5.0,,0.0,0,1936.0,A01,138Â 203Â 539,1.0,-1.0,-1.0,1729175,2.0,7,,0.0,1.0,1.0,A01,138Â 203Â 539,0.0
1013008,201900054539,5,16,16:00,1,2,1,8.0,6.0,88468,60 Rue Charles de Gaulle,M,"47,8774790","6,7689150",88,2019,50.0,1.0,1.0,2.0,2265352,10.0,3,2,2,5.0,,3.0,3,1931.0,A01,138Â 203Â 539,0.0,-1.0,-1.0,1729175,2.0,7,,0.0,1.0,1.0,A01,138Â 203Â 539,0.0
1013009,201900054540,5,24,17:15,1,1,1,1.0,6.0,88487,Route des Breules,M,"47,9346540","6,4848890",88,2019,80.0,3.0,1.0,4.0,2265353,1.0,1,3,1,5.0,,0.0,0,1985.0,A01,138Â 203Â 538,2.0,6.0,9.0,1729176,3.0,33,,15.0,0.0,1.0,A01,138Â 203Â 538,1.0
1013010,201900054541,5,28,22:20,3,1,1,1.0,7.0,88079,CD 14,M,"48,2248790","5,8326820",88,2019,80.0,3.0,1.0,3.0,2265354,1.0,1,3,1,5.0,,0.0,0,1997.0,A01,138Â 203Â 537,1.0,-1.0,-1.0,1729177,1.0,7,,13.0,0.0,9.0,A01,138Â 203Â 537,1.0
1013011,201900054542,5,5,10:00,1,1,1,8.0,5.0,88381,RD 18,M,"48,1240260","6,0247720",88,2019,-1.0,1.0,1.0,3.0,2265355,1.0,1,4,1,5.0,,0.0,0,1946.0,C01,138Â 203Â 534,1.0,-1.0,-1.0,1729178,2.0,7,,3.0,2.0,3.0,C01,138Â 203Â 534,1.0
1013011,201900054542,5,5,10:00,1,1,1,8.0,5.0,88381,RD 18,M,"48,1240260","6,0247720",88,2019,-1.0,1.0,1.0,3.0,2265355,1.0,1,4,1,5.0,,0.0,0,1946.0,C01,138Â 203Â 534,1.0,-1.0,-1.0,1729179,1.0,7,,3.0,2.0,1.0,A01,138Â 203Â 535,2.0
1013011,201900054542,5,5,10:00,1,1,1,8.0,5.0,88381,RD 18,M,"48,1240260","6,0247720",88,2019,-1.0,1.0,1.0,3.0,2265355,1.0,1,4,1,5.0,,0.0,0,1946.0,C01,138Â 203Â 534,1.0,-1.0,-1.0,1729180,2.0,7,,3.0,2.0,3.0,B01,138Â 203Â 536,1.0
1013011,201900054542,5,5,10:00,1,1,1,8.0,5.0,88381,RD 18,M,"48,1240260","6,0247720",88,2019,-1.0,1.0,1.0,3.0,2265356,1.0,1,1,1,5.0,,0.0,0,1972.0,A01,138Â 203Â 535,1.0,-1.0,-1.0,1729178,2.0,7,,3.0,2.0,3.0,C01,138Â 203Â 534,1.0
1013011,201900054542,5,5,10:00,1,1,1,8.0,5.0,88381,RD 18,M,"48,1240260","6,0247720",88,2019,-1.0,1.0,1.0,3.0,2265356,1.0,1,1,1,5.0,,0.0,0,1972.0,A01,138Â 203Â 535,1.0,-1.0,-1.0,1729179,1.0,7,,3.0,2.0,1.0,A01,138Â 203Â 535,2.0
1013011,201900054542,5,5,10:00,1,1,1,8.0,5.0,88381,RD 18,M,"48,1240260","6,0247720",88,2019,-1.0,1.0,1.0,3.0,2265356,1.0,1,1,1,5.0,,0.0,0,1972.0,A01,138Â 203Â 535,1.0,-1.0,-1.0,1729180,2.0,7,,3.0,2.0,3.0,B01,138Â 203Â 536,1.0
1013011,201900054542,5,5,10:00,1,1,1,8.0,5.0,88381,RD 18,M,"48,1240260","6,0247720",88,2019,-1.0,1.0,1.0,3.0,2265357,1.0,1,1,1,5.0,,0.0,0,1954.0,B01,138Â 203Â 536,1.0,-1.0,-1.0,1729178,2.0,7,,3.0,2.0,3.0,C01,138Â 203Â 534,1.0
1013011,201900054542,5,5,10:00,1,1,1,8.0,5.0,88381,RD 18,M,"48,1240260","6,0247720",88,2019,-1.0,1.0,1.0,3.0,2265357,1.0,1,1,1,5.0,,0.0,0,1954.0,B01,138Â 203Â 536,1.0,-1.0,-1.0,1729179,1.0,7,,3.0,2.0,1.0,A01,138Â 203Â 535,2.0
1013011,201900054542,5,5,10:00,1,1,1,8.0,5.0,88381,RD 18,M,"48,1240260","6,0247720",88,2019,-1.0,1.0,1.0,3.0,2265357,1.0,1,1,1,5.0,,0.0,0,1954.0,B01,138Â 203Â 536,1.0,-1.0,-1.0,1729180,2.0,7,,3.0,2.0,3.0,B01,138Â 203Â 536,1.0
1013012,201900054543,5,19,14:45,1,1,3,1.0,3.0,88379,D32,M,"48,3466730","6,4906190",88,2019,80.0,1.0,1.0,3.0,2265358,1.0,1,4,1,5.0,,0.0,0,1974.0,B01,138Â 203Â 532,1.0,-1.0,-1.0,1729181,1.0,7,,0.0,2.0,1.0,B01,138Â 203Â 532,1.0
1013012,201900054543,5,19,14:45,1,1,3,1.0,3.0,88379,D32,M,"48,3466730","6,4906190",88,2019,80.0,1.0,1.0,3.0,2265358,1.0,1,4,1,5.0,,0.0,0,1974.0,B01,138Â 203Â 532,1.0,-1.0,-1.0,1729182,1.0,7,,0.0,2.0,2.0,A01,138Â 203Â 533,1.0
1013012,201900054543,5,19,14:45,1,1,3,1.0,3.0,88379,D32,M,"48,3466730","6,4906190",88,2019,80.0,1.0,1.0,3.0,2265359,9.0,2,4,2,5.0,,0.0,0,2004.0,B01,138Â 203Â 532,1.0,-1.0,-1.0,1729181,1.0,7,,0.0,2.0,1.0,B01,138Â 203Â 532,1.0
1013012,201900054543,5,19,14:45,1,1,3,1.0,3.0,88379,D32,M,"48,3466730","6,4906190",88,2019,80.0,1.0,1.0,3.0,2265359,9.0,2,4,2,5.0,,0.0,0,2004.0,B01,138Â 203Â 532,1.0,-1.0,-1.0,1729182,1.0,7,,0.0,2.0,2.0,A01,138Â 203Â 533,1.0
1013012,201900054543,5,19,14:45,1,1,3,1.0,3.0,88379,D32,M,"48,3466730","6,4906190",88,2019,80.0,1.0,1.0,3.0,2265360,4.0,2,4,1,5.0,,0.0,0,2008.0,B01,138Â 203Â 532,1.0,-1.0,-1.0,1729181,1.0,7,,0.0,2.0,1.0,B01,138Â 203Â 532,1.0
1013012,201900054543,5,19,14:45,1,1,3,1.0,3.0,88379,D32,M,"48,3466730","6,4906190",88,2019,80.0,1.0,1.0,3.0,2265360,4.0,2,4,1,5.0,,0.0,0,2008.0,B01,138Â 203Â 532,1.0,-1.0,-1.0,1729182,1.0,7,,0.0,2.0,2.0,A01,138Â 203Â 533,1.0
1013012,201900054543,5,19,14:45,1,1,3,1.0,3.0,88379,D32,M,"48,3466730","6,4906190",88,2019,80.0,1.0,1.0,3.0,2265361,3.0,2,4,2,5.0,,0.0,0,2009.0,B01,138Â 203Â 532,1.0,-1.0,-1.0,1729181,1.0,7,,0.0,2.0,1.0,B01,138Â 203Â 532,1.0
1013012,201900054543,5,19,14:45,1,1,3,1.0,3.0,88379,D32,M,"48,3466730","6,4906190",88,2019,80.0,1.0,1.0,3.0,2265361,3.0,2,4,2,5.0,,0.0,0,2009.0,B01,138Â 203Â 532,1.0,-1.0,-1.0,1729182,1.0,7,,0.0,2.0,2.0,A01,138Â 203Â 533,1.0
1013012,201900054543,5,19,14:45,1,1,3,1.0,3.0,88379,D32,M,"48,3466730","6,4906190",88,2019,80.0,1.0,1.0,3.0,2265362,7.0,2,4,2,5.0,,0.0,0,1999.0,B01,138Â 203Â 532,1.0,-1.0,-1.0,1729181,1.0,7,,0.0,2.0,1.0,B01,138Â 203Â 532,1.0
1013012,201900054543,5,19,14:45,1,1,3,1.0,3.0,88379,D32,M,"48,3466730","6,4906190",88,2019,80.0,1.0,1.0,3.0,2265362,7.0,2,4,2,5.0,,0.0,0,1999.0,B01,138Â 203Â 532,1.0,-1.0,-1.0,1729182,1.0,7,,0.0,2.0,2.0,A01,138Â 203Â 533,1.0
1013012,201900054543,5,19,14:45,1,1,3,1.0,3.0,88379,D32,M,"48,3466730","6,4906190",88,2019,80.0,1.0,1.0,3.0,2265363,2.0,2,4,2,5.0,,0.0,0,1973.0,B01,138Â 203Â 532,1.0,-1.0,-1.0,1729181,1.0,7,,0.0,2.0,1.0,B01,138Â 203Â 532,1.0
1013012,201900054543,5,19,14:45,1,1,3,1.0,3.0,88379,D32,M,"48,3466730","6,4906190",88,2019,80.0,1.0,1.0,3.0,2265363,2.0,2,4,2,5.0,,0.0,0,1973.0,B01,138Â 203Â 532,1.0,-1.0,-1.0,1729182,1.0,7,,0.0,2.0,2.0,A01,138Â 203Â 533,1.0
1013012,201900054543,5,19,14:45,1,1,3,1.0,3.0,88379,D32,M,"48,3466730","6,4906190",88,2019,80.0,1.0,1.0,3.0,2265364,8.0,2,4,1,5.0,,0.0,0,2001.0,B01,138Â 203Â 532,1.0,-1.0,-1.0,1729181,1.0,7,,0.0,2.0,1.0,B01,138Â 203Â 532,1.0
1013012,201900054543,5,19,14:45,1,1,3,1.0,3.0,88379,D32,M,"48,3466730","6,4906190",88,2019,80.0,1.0,1.0,3.0,2265364,8.0,2,4,1,5.0,,0.0,0,2001.0,B01,138Â 203Â 532,1.0,-1.0,-1.0,1729182,1.0,7,,0.0,2.0,2.0,A01,138Â 203Â 533,1.0
1013012,201900054543,5,19,14:45,1,1,3,1.0,3.0,88379,D32,M,"48,3466730","6,4906190",88,2019,80.0,1.0,1.0,3.0,2265365,1.0,1,2,1,5.0,,0.0,0,1957.0,A01,138Â 203Â 533,1.0,-1.0,-1.0,1729181,1.0,7,,0.0,2.0,1.0,B01,138Â 203Â 532,1.0
1013012,201900054543,5,19,14:45,1,1,3,1.0,3.0,88379,D32,M,"48,3466730","6,4906190",88,2019,80.0,1.0,1.0,3.0,2265365,1.0,1,2,1,5.0,,0.0,0,1957.0,A01,138Â 203Â 533,1.0,-1.0,-1.0,1729182,1.0,7,,0.0,2.0,2.0,A01,138Â 203Â 533,1.0
1013013,201900054544,4,23,19:15,1,1,2,1.0,3.0,24549,Fongrive Bas,M,"44,7566510","0,3126610",24,2019,80.0,1.0,1.0,3.0,2265366,1.0,1,3,1,0.0,,0.0,0,1963.0,B01,138Â 203Â 530,1.0,-1.0,-1.0,1729183,1.0,7,,0.0,2.0,1.0,B01,138Â 203Â 530,1.0
1013013,201900054544,4,23,19:15,1,1,2,1.0,3.0,24549,Fongrive Bas,M,"44,7566510","0,3126610",24,2019,80.0,1.0,1.0,3.0,2265366,1.0,1,3,1,0.0,,0.0,0,1963.0,B01,138Â 203Â 530,1.0,-1.0,-1.0,1729184,1.0,7,,0.0,2.0,3.0,A01,138Â 203Â 531,1.0
1013013,201900054544,4,23,19:15,1,1,2,1.0,3.0,24549,Fongrive Bas,M,"44,7566510","0,3126610",24,2019,80.0,1.0,1.0,3.0,2265367,1.0,1,1,1,0.0,,0.0,0,1967.0,A01,138Â 203Â 531,1.0,-1.0,-1.0,1729183,1.0,7,,0.0,2.0,1.0,B01,138Â 203Â 530,1.0
1013013,201900054544,4,23,19:15,1,1,2,1.0,3.0,24549,Fongrive Bas,M,"44,7566510","0,3126610",24,2019,80.0,1.0,1.0,3.0,2265367,1.0,1,1,1,0.0,,0.0,0,1967.0,A01,138Â 203Â 531,1.0,-1.0,-1.0,1729184,1.0,7,,0.0,2.0,3.0,A01,138Â 203Â 531,1.0
1013014,201900054545,5,19,07:03,1,1,1,1.0,2.0,49301,N249 La RenaudiÃ¨re,M,"47,1143900"," -1,0580380",49,2019,110.0,1.0,1.0,2.0,2265368,1.0,1,1,2,4.0,,0.0,0,1972.0,B01,138Â 203Â 528,1.0,-1.0,-1.0,1729185,2.0,13,,0.0,0.0,6.0,B01,138Â 203Â 528,0.0
1013014,201900054545,5,19,07:03,1,1,1,1.0,2.0,49301,N249 La RenaudiÃ¨re,M,"47,1143900"," -1,0580380",49,2019,110.0,1.0,1.0,2.0,2265368,1.0,1,1,2,4.0,,0.0,0,1972.0,B01,138Â 203Â 528,1.0,-1.0,-1.0,1729186,2.0,7,,0.0,2.0,1.0,A01,138Â 203Â 529,1.0
1013014,201900054545,5,19,07:03,1,1,1,1.0,2.0,49301,N249 La RenaudiÃ¨re,M,"47,1143900"," -1,0580380",49,2019,110.0,1.0,1.0,2.0,2265369,4.0,2,1,1,4.0,,0.0,0,1972.0,B01,138Â 203Â 528,1.0,-1.0,-1.0,1729185,2.0,13,,0.0,0.0,6.0,B01,138Â 203Â 528,0.0
1013014,201900054545,5,19,07:03,1,1,1,1.0,2.0,49301,N249 La RenaudiÃ¨re,M,"47,1143900"," -1,0580380",49,2019,110.0,1.0,1.0,2.0,2265369,4.0,2,1,1,4.0,,0.0,0,1972.0,B01,138Â 203Â 528,1.0,-1.0,-1.0,1729186,2.0,7,,0.0,2.0,1.0,A01,138Â 203Â 529,1.0
1013014,201900054545,5,19,07:03,1,1,1,1.0,2.0,49301,N249 La RenaudiÃ¨re,M,"47,1143900"," -1,0580380",49,2019,110.0,1.0,1.0,2.0,2265370,2.0,2,1,1,5.0,,0.0,0,2001.0,A01,138Â 203Â 529,1.0,-1.0,-1.0,1729185,2.0,13,,0.0,0.0,6.0,B01,138Â 203Â 528,0.0
1013014,201900054545,5,19,07:03,1,1,1,1.0,2.0,49301,N249 La RenaudiÃ¨re,M,"47,1143900"," -1,0580380",49,2019,110.0,1.0,1.0,2.0,2265370,2.0,2,1,1,5.0,,0.0,0,2001.0,A01,138Â 203Â 529,1.0,-1.0,-1.0,1729186,2.0,7,,0.0,2.0,1.0,A01,138Â 203Â 529,1.0
1013014,201900054545,5,19,07:03,1,1,1,1.0,2.0,49301,N249 La RenaudiÃ¨re,M,"47,1143900"," -1,0580380",49,2019,110.0,1.0,1.0,2.0,2265371,3.0,2,3,1,5.0,,0.0,0,1993.0,A01,138Â 203Â 529,8.0,-1.0,-1.0,1729185,2.0,13,,0.0,0.0,6.0,B01,138Â 203Â 528,0.0
1013014,201900054545,5,19,07:03,1,1,1,1.0,2.0,49301,N249 La RenaudiÃ¨re,M,"47,1143900"," -1,0580380",49,2019,110.0,1.0,1.0,2.0,2265371,3.0,2,3,1,5.0,,0.0,0,1993.0,A01,138Â 203Â 529,8.0,-1.0,-1.0,1729186,2.0,7,,0.0,2.0,1.0,A01,138Â 203Â 529,1.0
1013014,201900054545,5,19,07:03,1,1,1,1.0,2.0,49301,N249 La RenaudiÃ¨re,M,"47,1143900"," -1,0580380",49,2019,110.0,1.0,1.0,2.0,2265372,5.0,2,1,1,5.0,,0.0,0,2001.0,A01,138Â 203Â 529,1.0,-1.0,-1.0,1729185,2.0,13,,0.0,0.0,6.0,B01,138Â 203Â 528,0.0
1013014,201900054545,5,19,07:03,1,1,1,1.0,2.0,49301,N249 La RenaudiÃ¨re,M,"47,1143900"," -1,0580380",49,2019,110.0,1.0,1.0,2.0,2265372,5.0,2,1,1,5.0,,0.0,0,2001.0,A01,138Â 203Â 529,1.0,-1.0,-1.0,1729186,2.0,7,,0.0,2.0,1.0,A01,138Â 203Â 529,1.0
1013014,201900054545,5,19,07:03,1,1,1,1.0,2.0,49301,N249 La RenaudiÃ¨re,M,"47,1143900"," -1,0580380",49,2019,110.0,1.0,1.0,2.0,2265373,4.0,2,3,1,5.0,,0.0,0,1999.0,A01,138Â 203Â 529,1.0,-1.0,-1.0,1729185,2.0,13,,0.0,0.0,6.0,B01,138Â 203Â 528,0.0
1013014,201900054545,5,19,07:03,1,1,1,1.0,2.0,49301,N249 La RenaudiÃ¨re,M,"47,1143900"," -1,0580380",49,2019,110.0,1.0,1.0,2.0,2265373,4.0,2,3,1,5.0,,0.0,0,1999.0,A01,138Â 203Â 529,1.0,-1.0,-1.0,1729186,2.0,7,,0.0,2.0,1.0,A01,138Â 203Â 529,1.0
1013014,201900054545,5,19,07:03,1,1,1,1.0,2.0,49301,N249 La RenaudiÃ¨re,M,"47,1143900"," -1,0580380",49,2019,110.0,1.0,1.0,2.0,2265374,1.0,1,1,1,5.0,,0.0,0,2000.0,A01,138Â 203Â 529,1.0,-1.0,-1.0,1729185,2.0,13,,0.0,0.0,6.0,B01,138Â 203Â 528,0.0
1013014,201900054545,5,19,07:03,1,1,1,1.0,2.0,49301,N249 La RenaudiÃ¨re,M,"47,1143900"," -1,0580380",49,2019,110.0,1.0,1.0,2.0,2265374,1.0,1,1,1,5.0,,0.0,0,2000.0,A01,138Â 203Â 529,1.0,-1.0,-1.0,1729186,2.0,7,,0.0,2.0,1.0,A01,138Â 203Â 529,1.0
1013015,201900054546,5,30,11:54,1,1,1,1.0,3.0,72231,Point kilomÃ©trique 89.700,M,"47,9508220","0,3222950",72,2019,130.0,1.0,1.0,1.0,2265375,1.0,1,1,1,4.0,,0.0,0,1998.0,B01,138Â 203Â 526,1.0,-1.0,-1.0,1729187,1.0,10,,0.0,2.0,2.0,B01,138Â 203Â 526,1.0
1013015,201900054546,5,30,11:54,1,1,1,1.0,3.0,72231,Point kilomÃ©trique 89.700,M,"47,9508220","0,3222950",72,2019,130.0,1.0,1.0,1.0,2265375,1.0,1,1,1,4.0,,0.0,0,1998.0,B01,138Â 203Â 526,1.0,-1.0,-1.0,1729188,1.0,7,,0.0,2.0,8.0,A01,138Â 203Â 527,1.0