Unnamed: 0_x,num_acc,mois,jour,hrmn,lum,agg,int,atm,col,com,adr,gps,lat,long,dep,annee,vma,situ,surf,catr,Unnamed: 0_y,place,catu,grav,sexe,trajet,secu,locp,actp,an_nais,num_veh_x,id_vehicule_x,secu1,secu2,secu3,Unnamed: 0,senc,catv,occutc,obs,obsm,choc,num_veh_y,id_vehicule_y,motor
1013015,201900054546,5,30,11:54,1,1,1,1.0,3.0,72231,Point kilomÃ©trique 89.700,M,"47,9508220","0,3222950",72,2019,130.0,1.0,1.0,1.0,2265376,1.0,1,2,2,5.0,,0.0,0,1946.0,A01,138Â 203Â 527,1.0,-1.0,-1.0,1729187,1.0,10,,0.0,2.0,2.0,B01,138Â 203Â 526,1.0
1013015,201900054546,5,30,11:54,1,1,1,1.0,3.0,72231,Point kilomÃ©trique 89.700,M,"47,9508220","0,3222950",72,2019,130.0,1.0,1.0,1.0,2265376,1.0,1,2,2,5.0,,0.0,0,1946.0,A01,138Â 203Â 527,1.0,-1.0,-1.0,1729188,1.0,7,,0.0,2.0,8.0,A01,138Â 203Â 527,1.0
1013016,201900054547,5,24,18:20,1,1,3,1.0,3.0,78620,Rue des FrÃ¨res Farman,M,"48,7402610","2,1103890",78,2019,80.0,1.0,1.0,3.0,2265377,1.0,1,4,1,1.0,,0.0,0,1966.0,B01,138Â 203Â 524,2.0,6.0,-1.0,1729189,0.0,33,,0.0,2.0,1.0,B01,138Â 203Â 524,1.0
1013016,201900054547,5,24,18:20,1,1,3,1.0,3.0,78620,Rue des FrÃ¨res Farman,M,"48,7402610","2,1103890",78,2019,80.0,1.0,1.0,3.0,2265377,1.0,1,4,1,1.0,,0.0,0,1966.0,B01,138Â 203Â 524,2.0,6.0,-1.0,1729190,0.0,7,,0.0,2.0,6.0,A01,138Â 203Â 525,1.0
1013016,201900054547,5,24,18:20,1,1,3,1.0,3.0,78620,Rue des FrÃ¨res Farman,M,"48,7402610","2,1103890",78,2019,80.0,1.0,1.0,3.0,2265378,1.0,1,1,1,1.0,,0.0,0,1969.0,A01,138Â 203Â 525,1.0,-1.0,-1.0,1729189,0.0,33,,0.0,2.0,1.0,B01,138Â 203Â 524,1.0
1013016,201900054547,5,24,18:20,1,1,3,1.0,3.0,78620,Rue des FrÃ¨res Farman,M,"48,7402610","2,1103890",78,2019,80.0,1.0,1.0,3.0,2265378,1.0,1,1,1,1.0,,0.0,0,1969.0,A01,138Â 203Â 525,1.0,-1.0,-1.0,1729190,0.0,7,,0.0,2.0,6.0,A01,138Â 203Â 525,1.0
1013017,201900054548,5,9,12:05,1,1,1,1.0,4.0,68295,autoroute A 35,M,"48,0244680","7,3725310",68,2019,130.0,1.0,1.0,1.0,2265379,1.0,1,1,1,9.0,,0.0,0,1964.0,D01,138Â 203Â 520,1.0,-1.0,-1.0,1729191,1.0,17,,0.0,0.0,0.0,D01,138Â 203Â 520,1.0
1013017,201900054548,5,9,12:05,1,1,1,1.0,4.0,68295,autoroute A 35,M,"48,0244680","7,3725310",68,2019,130.0,1.0,1.0,1.0,2265379,1.0,1,1,1,9.0,,0.0,0,1964.0,D01,138Â 203Â 520,1.0,-1.0,-1.0,1729192,1.0,7,,14.0,0.0,4.0,C01,138Â 203Â 521,1.0
1013017,201900054548,5,9,12:05,1,1,1,1.0,4.0,68295,autoroute A 35,M,"48,0244680","7,3725310",68,2019,130.0,1.0,1.0,1.0,2265379,1.0,1,1,1,9.0,,0.0,0,1964.0,D01,138Â 203Â 520,1.0,-1.0,-1.0,1729193,1.0,7,,14.0,0.0,1.0,B01,138Â 203Â 522,2.0
1013017,201900054548,5,9,12:05,1,1,1,1.0,4.0,68295,autoroute A 35,M,"48,0244680","7,3725310",68,2019,130.0,1.0,1.0,1.0,2265379,1.0,1,1,1,9.0,,0.0,0,1964.0,D01,138Â 203Â 520,1.0,-1.0,-1.0,1729194,1.0,7,,0.0,0.0,4.0,A01,138Â 203Â 523,1.0
1013017,201900054548,5,9,12:05,1,1,1,1.0,4.0,68295,autoroute A 35,M,"48,0244680","7,3725310",68,2019,130.0,1.0,1.0,1.0,2265380,1.0,1,4,2,1.0,,0.0,0,1980.0,C01,138Â 203Â 521,1.0,-1.0,-1.0,1729191,1.0,17,,0.0,0.0,0.0,D01,138Â 203Â 520,1.0
1013017,201900054548,5,9,12:05,1,1,1,1.0,4.0,68295,autoroute A 35,M,"48,0244680","7,3725310",68,2019,130.0,1.0,1.0,1.0,2265380,1.0,1,4,2,1.0,,0.0,0,1980.0,C01,138Â 203Â 521,1.0,-1.0,-1.0,1729192,1.0,7,,14.0,0.0,4.0,C01,138Â 203Â 521,1.0
1013017,201900054548,5,9,12:05,1,1,1,1.0,4.0,68295,autoroute A 35,M,"48,0244680","7,3725310",68,2019,130.0,1.0,1.0,1.0,2265380,1.0,1,4,2,1.0,,0.0,0,1980.0,C01,138Â 203Â 521,1.0,-1.0,-1.0,1729193,1.0,7,,14.0,0.0,1.0,B01,138Â 203Â 522,2.0
1013017,201900054548,5,9,12:05,1,1,1,1.0,4.0,68295,autoroute A 35,M,"48,0244680","7,3725310",68,2019,130.0,1.0,1.0,1.0,2265380,1.0,1,4,2,1.0,,0.0,0,1980.0,C01,138Â 203Â 521,1.0,-1.0,-1.0,1729194,1.0,7,,0.0,0.0,4.0,A01,138Â 203Â 523,1.0
1013017,201900054548,5,9,12:05,1,1,1,1.0,4.0,68295,autoroute A 35,M,"48,0244680","7,3725310",68,2019,130.0,1.0,1.0,1.0,2265381,1.0,1,4,1,5.0,,0.0,0,1940.0,B01,138Â 203Â 522,1.0,-1.0,-1.0,1729191,1.0,17,,0.0,0.0,0.0,D01,138Â 203Â 520,1.0
1013017,201900054548,5,9,12:05,1,1,1,1.0,4.0,68295,autoroute A 35,M,"48,0244680","7,3725310",68,2019,130.0,1.0,1.0,1.0,2265381,1.0,1,4,1,5.0,,0.0,0,1940.0,B01,138Â 203Â 522,1.0,-1.0,-1.0,1729192,1.0,7,,14.0,0.0,4.0,C01,138Â 203Â 521,1.0
1013017,201900054548,5,9,12:05,1,1,1,1.0,4.0,68295,autoroute A 35,M,"48,0244680","7,3725310",68,2019,130.0,1.0,1.0,1.0,2265381,1.0,1,4,1,5.0,,0.0,0,1940.0,B01,138Â 203Â 522,1.0,-1.0,-1.0,1729193,1.0,7,,14.0,0.0,1.0,B01,138Â 203Â 522,2.0
1013017,201900054548,5,9,12:05,1,1,1,1.0,4.0,68295,autoroute A 35,M,"48,0244680","7,3725310",68,2019,130.0,1.0,1.0,1.0,2265381,1.0,1,4,1,5.0,,0.0,0,1940.0,B01,138Â 203Â 522,1.0,-1.0,-1.0,1729194,1.0,7,,0.0,0.0,4.0,A01,138Â 203Â 523,1.0
1013017,201900054548,5,9,12:05,1,1,1,1.0,4.0,68295,autoroute A 35,M,"48,0244680","7,3725310",68,2019,130.0,1.0,1.0,1.0,2265382,1.0,1,1,2,1.0,,0.0,0,1980.0,A01,138Â 203Â 523,1.0,-1.0,-1.0,1729191,1.0,17,,0.0,0.0,0.0,D01,138Â 203Â 520,1.0
1013017,201900054548,5,9,12:05,1,1,1,1.0,4.0,68295,autoroute A 35,M,"48,0244680","7,3725310",68,2019,130.0,1.0,1.0,1.0,2265382,1.0,1,1,2,1.0,,0.0,0,1980.0,A01,138Â 203Â 523,1.0,-1.0,-1.0,1729192,1.0,7,,14.0,0.0,4.0,C01,138Â 203Â 521,1.0
1013017,201900054548,5,9,12:05,1,1,1,1.0,4.0,68295,autoroute A 35,M,"48,0244680","7,3725310",68,2019,130.0,1.0,1.0,1.0,2265382,1.0,1,1,2,1.0,,0.0,0,1980.0,A01,138Â 203Â 523,1.0,-1.0,-1.0,1729193,1.0,7,,14.0,0.0,1.0,B01,138Â 203Â 522,2.0
1013017,201900054548,5,9,12:05,1,1,1,1.0,4.0,68295,autoroute A 35,M,"48,0244680","7,3725310",68,2019,130.0,1.0,1.0,1.0,2265382,1.0,1,1,2,1.0,,0.0,0,1980.0,A01,138Â 203Â 523,1.0,-1.0,-1.0,1729194,1.0,7,,0.0,0.0,4.0,A01,138Â 203Â 523,1.0
1013018,201900054549,5,1,01:00,3,1,1,1.0,7.0,24292,PICONNEAU,M,"44,9184000","0,0852600",24,2019,80.0,1.0,1.0,4.0,2265383,1.0,1,3,1,5.0,,0.0,0,2001.0,A01,138Â 203Â 519,2.0,-1.0,-1.0,1729195,3.0,2,,0.0,6.0,3.0,A01,138Â 203Â 519,4.0
1013018,201900054549,5,1,01:00,3,1,1,1.0,7.0,24292,PICONNEAU,M,"44,9184000","0,0852600",24,2019,80.0,1.0,1.0,4.0,2265384,2.0,2,4,2,5.0,,0.0,0,2003.0,A01,138Â 203Â 519,2.0,-1.0,-1.0,1729195,3.0,2,,0.0,6.0,3.0,A01,138Â 203Â 519,4.0
1013019,201900054550,5,25,17:10,1,1,1,1.0,6.0,45229,A77 - PK 49+100,M,"47,8267782","2,6875428",45,2019,130.0,3.0,1.0,1.0,2265385,1.0,1,3,1,5.0,,0.0,0,1954.0,A01,138Â 203Â 518,1.0,-1.0,-1.0,1729196,2.0,7,,3.0,0.0,3.0,A01,138Â 203Â 518,1.0
1013020,201900054551,5,13,14:15,1,1,9,1.0,6.0,71143,"A 39, PK 120",M,"46,4812280","5,3037490",71,2019,130.0,2.0,9.0,1.0,2265386,1.0,1,1,1,4.0,,0.0,0,1982.0,A01,138Â 203Â 517,1.0,-1.0,-1.0,1729197,2.0,15,,0.0,1.0,5.0,A01,138Â 203Â 517,1.0
1013020,201900054551,5,13,14:15,1,1,9,1.0,6.0,71143,"A 39, PK 120",M,"46,4812280","5,3037490",71,2019,130.0,2.0,9.0,1.0,2265387,10.0,3,2,1,4.0,,6.0,2,1969.0,A01,138Â 203Â 517,0.0,-1.0,-1.0,1729197,2.0,15,,0.0,1.0,5.0,A01,138Â 203Â 517,1.0
1013021,201900054552,5,5,10:15,1,1,1,1.0,2.0,31503,A 64 PK 222.900 sens Toulouse / Bayonne,M,"43,1319150","0,9480113",31,2019,130.0,1.0,1.0,1.0,2265388,1.0,1,3,2,5.0,,0.0,0,1969.0,B01,138Â 203Â 515,1.0,-1.0,-1.0,1729198,2.0,7,,3.0,0.0,4.0,B01,138Â 203Â 515,1.0
1013021,201900054552,5,5,10:15,1,1,1,1.0,2.0,31503,A 64 PK 222.900 sens Toulouse / Bayonne,M,"43,1319150","0,9480113",31,2019,130.0,1.0,1.0,1.0,2265388,1.0,1,3,2,5.0,,0.0,0,1969.0,B01,138Â 203Â 515,1.0,-1.0,-1.0,1729199,2.0,7,,0.0,2.0,1.0,A01,138Â 203Â 516,1.0
1013021,201900054552,5,5,10:15,1,1,1,1.0,2.0,31503,A 64 PK 222.900 sens Toulouse / Bayonne,M,"43,1319150","0,9480113",31,2019,130.0,1.0,1.0,1.0,2265389,2.0,2,2,2,5.0,,0.0,0,1941.0,B01,138Â 203Â 515,1.0,-1.0,-1.0,1729198,2.0,7,,3.0,0.0,4.0,B01,138Â 203Â 515,1.0
1013021,201900054552,5,5,10:15,1,1,1,1.0,2.0,31503,A 64 PK 222.900 sens Toulouse / Bayonne,M,"43,1319150","0,9480113",31,2019,130.0,1.0,1.0,1.0,2265389,2.0,2,2,2,5.0,,0.0,0,1941.0,B01,138Â 203Â 515,1.0,-1.0,-1.0,1729199,2.0,7,,0.0,2.0,1.0,A01,138Â 203Â 516,1.0
1013021,201900054552,5,5,10:15,1,1,1,1.0,2.0,31503,A 64 PK 222.900 sens Toulouse / Bayonne,M,"43,1319150","0,9480113",31,2019,130.0,1.0,1.0,1.0,2265390,1.0,1,1,1,1.0,,0.0,0,1963.0,A01,138Â 203Â 516,1.0,-1.0,-1.0,1729198,2.0,7,,3.0,0.0,4.0,B01,138Â 203Â 515,1.0
1013021,201900054552,5,5,10:15,1,1,1,1.0,2.0,31503,A 64 PK 222.900 sens Toulouse / Bayonne,M,"43,1319150","0,9480113",31,2019,130.0,1.0,1.0,1.0,2265390,1.0,1,1,1,1.0,,0.0,0,1963.0,A01,138Â 203Â 516,1.0,-1.0,-1.0,1729199,2.0,7,,0.0,2.0,1.0,A01,138Â 203Â 516,1.0
1013022,201900054553,5,5,18:55,1,1,9,1.0,6.0,76660,autoroute 131,M,"49,4904120","0,2928114",76,2019,130.0,2.0,1.0,1.0,2265391,1.0,1,3,1,5.0,,0.0,0,1967.0,A01,138Â 203Â 514,1.0,-1.0,-1.0,1729200,1.0,7,,4.0,0.0,7.0,A01,138Â 203Â 514,0.0
1013023,201900054554,5,21,11:28,1,1,9,1.0,6.0,30036,Route Nationale N113,M,"43,7756664","4,2865837",30,2019,70.0,1.0,1.0,2.0,2265392,1.0,1,1,1,4.0,,0.0,0,1969.0,A01,138Â 203Â 512,8.0,-1.0,-1.0,1729201,1.0,7,,0.0,0.0,0.0,A01,138Â 203Â 512,1.0
1013023,201900054554,5,21,11:28,1,1,9,1.0,6.0,30036,Route Nationale N113,M,"43,7756664","4,2865837",30,2019,70.0,1.0,1.0,2.0,2265392,1.0,1,1,1,4.0,,0.0,0,1969.0,A01,138Â 203Â 512,8.0,-1.0,-1.0,1729202,1.0,2,,0.0,0.0,0.0,B01,138Â 203Â 513,1.0
1013023,201900054554,5,21,11:28,1,1,9,1.0,6.0,30036,Route Nationale N113,M,"43,7756664","4,2865837",30,2019,70.0,1.0,1.0,2.0,2265393,1.0,1,3,1,5.0,,0.0,0,1963.0,B01,138Â 203Â 513,2.0,-1.0,-1.0,1729201,1.0,7,,0.0,0.0,0.0,A01,138Â 203Â 512,1.0
1013023,201900054554,5,21,11:28,1,1,9,1.0,6.0,30036,Route Nationale N113,M,"43,7756664","4,2865837",30,2019,70.0,1.0,1.0,2.0,2265393,1.0,1,3,1,5.0,,0.0,0,1963.0,B01,138Â 203Â 513,2.0,-1.0,-1.0,1729202,1.0,2,,0.0,0.0,0.0,B01,138Â 203Â 513,1.0
1013024,201900054555,5,26,16:40,1,1,1,1.0,7.0,13091,2675 RD7N,M,"43,6045670","5,3387250",13,2019,80.0,3.0,1.0,3.0,2265394,3.0,2,3,2,5.0,,0.0,0,1949.0,A01,138Â 203Â 511,1.0,-1.0,-1.0,1729203,1.0,7,,11.0,0.0,1.0,A01,138Â 203Â 511,1.0
1013024,201900054555,5,26,16:40,1,1,1,1.0,7.0,13091,2675 RD7N,M,"43,6045670","5,3387250",13,2019,80.0,3.0,1.0,3.0,2265395,4.0,2,3,2,5.0,,0.0,0,1982.0,A01,138Â 203Â 511,1.0,-1.0,-1.0,1729203,1.0,7,,11.0,0.0,1.0,A01,138Â 203Â 511,1.0
1013024,201900054555,5,26,16:40,1,1,1,1.0,7.0,13091,2675 RD7N,M,"43,6045670","5,3387250",13,2019,80.0,3.0,1.0,3.0,2265396,1.0,1,3,1,5.0,,0.0,0,1949.0,A01,138Â 203Â 511,1.0,-1.0,-1.0,1729203,1.0,7,,11.0,0.0,1.0,A01,138Â 203Â 511,1.0
1013024,201900054555,5,26,16:40,1,1,1,1.0,7.0,13091,2675 RD7N,M,"43,6045670","5,3387250",13,2019,80.0,3.0,1.0,3.0,2265397,2.0,2,4,1,5.0,,0.0,0,1971.0,A01,138Â 203Â 511,1.0,-1.0,-1.0,1729203,1.0,7,,11.0,0.0,1.0,A01,138Â 203Â 511,1.0
1013025,201900054556,5,26,12:27,1,1,1,1.0,2.0,31091,barriÃ¨re de pÃ©age,M,"43,7193600","1,3923270",31,2019,50.0,1.0,1.0,1.0,2265398,1.0,1,1,2,5.0,,0.0,0,1980.0,B01,138Â 203Â 509,1.0,-1.0,-1.0,1729204,2.0,7,,0.0,0.0,4.0,B01,138Â 203Â 509,1.0
1013025,201900054556,5,26,12:27,1,1,1,1.0,2.0,31091,barriÃ¨re de pÃ©age,M,"43,7193600","1,3923270",31,2019,50.0,1.0,1.0,1.0,2265398,1.0,1,1,2,5.0,,0.0,0,1980.0,B01,138Â 203Â 509,1.0,-1.0,-1.0,1729205,2.0,7,,0.0,2.0,1.0,A01,138Â 203Â 510,1.0
1013025,201900054556,5,26,12:27,1,1,1,1.0,2.0,31091,barriÃ¨re de pÃ©age,M,"43,7193600","1,3923270",31,2019,50.0,1.0,1.0,1.0,2265399,2.0,2,1,1,5.0,,0.0,0,1978.0,B01,138Â 203Â 509,1.0,-1.0,-1.0,1729204,2.0,7,,0.0,0.0,4.0,B01,138Â 203Â 509,1.0
1013025,201900054556,5,26,12:27,1,1,1,1.0,2.0,31091,barriÃ¨re de pÃ©age,M,"43,7193600","1,3923270",31,2019,50.0,1.0,1.0,1.0,2265399,2.0,2,1,1,5.0,,0.0,0,1978.0,B01,138Â 203Â 509,1.0,-1.0,-1.0,1729205,2.0,7,,0.0,2.0,1.0,A01,138Â 203Â 510,1.0
1013025,201900054556,5,26,12:27,1,1,1,1.0,2.0,31091,barriÃ¨re de pÃ©age,M,"43,7193600","1,3923270",31,2019,50.0,1.0,1.0,1.0,2265400,9.0,2,1,2,5.0,,0.0,0,2002.0,B01,138Â 203Â 509,1.0,-1.0,-1.0,1729204,2.0,7,,0.0,0.0,4.0,B01,138Â 203Â 509,1.0
1013025,201900054556,5,26,12:27,1,1,1,1.0,2.0,31091,barriÃ¨re de pÃ©age,M,"43,7193600","1,3923270",31,2019,50.0,1.0,1.0,1.0,2265400,9.0,2,1,2,5.0,,0.0,0,2002.0,B01,138Â 203Â 509,1.0,-1.0,-1.0,1729205,2.0,7,,0.0,2.0,1.0,A01,138Â 203Â 510,1.0
1013025,201900054556,5,26,12:27,1,1,1,1.0,2.0,31091,barriÃ¨re de pÃ©age,M,"43,7193600","1,3923270",31,2019,50.0,1.0,1.0,1.0,2265401,1.0,1,3,1,5.0,,0.0,0,1951.0,A01,138Â 203Â 510,1.0,-1.0,-1.0,1729204,2.0,7,,0.0,0.0,4.0,B01,138Â 203Â 509,1.0
1013025,201900054556,5,26,12:27,1,1,1,1.0,2.0,31091,barriÃ¨re de pÃ©age,M,"43,7193600","1,3923270",31,2019,50.0,1.0,1.0,1.0,2265401,1.0,1,3,1,5.0,,0.0,0,1951.0,A01,138Â 203Â 510,1.0,-1.0,-1.0,1729205,2.0,7,,0.0,2.0,1.0,A01,138Â 203Â 510,1.0
1013026,201900054557,5,16,05:40,2,1,1,1.0,6.0,31516,A62,M,"43,7400910","1,3920270",31,2019,110.0,1.0,1.0,1.0,2265402,1.0,1,4,1,4.0,,0.0,0,1970.0,A01,138Â 203Â 508,1.0,-1.0,-1.0,1729206,2.0,7,,3.0,0.0,1.0,A01,138Â 203Â 508,1.0
1013027,201900054558,3,24,01:00,3,1,1,1.0,2.0,98805,VE2,M," -22,1647950","166,3935910",988,2019,110.0,1.0,1.0,1.0,2265403,1.0,1,1,1,0.0,,0.0,0,1993.0,A01,138Â 203Â 506,8.0,-1.0,-1.0,1729207,1.0,7,,0.0,2.0,1.0,A01,138Â 203Â 506,1.0
1013027,201900054558,3,24,01:00,3,1,1,1.0,2.0,98805,VE2,M," -22,1647950","166,3935910",988,2019,110.0,1.0,1.0,1.0,2265403,1.0,1,1,1,0.0,,0.0,0,1993.0,A01,138Â 203Â 506,8.0,-1.0,-1.0,1729208,1.0,7,,0.0,2.0,6.0,B01,138Â 203Â 507,1.0
1013027,201900054558,3,24,01:00,3,1,1,1.0,2.0,98805,VE2,M," -22,1647950","166,3935910",988,2019,110.0,1.0,1.0,1.0,2265404,1.0,1,3,2,5.0,,0.0,0,1961.0,B01,138Â 203Â 507,1.0,-1.0,-1.0,1729207,1.0,7,,0.0,2.0,1.0,A01,138Â 203Â 506,1.0
1013027,201900054558,3,24,01:00,3,1,1,1.0,2.0,98805,VE2,M," -22,1647950","166,3935910",988,2019,110.0,1.0,1.0,1.0,2265404,1.0,1,3,2,5.0,,0.0,0,1961.0,B01,138Â 203Â 507,1.0,-1.0,-1.0,1729208,1.0,7,,0.0,2.0,6.0,B01,138Â 203Â 507,1.0
1013027,201900054558,3,24,01:00,3,1,1,1.0,2.0,98805,VE2,M," -22,1647950","166,3935910",988,2019,110.0,1.0,1.0,1.0,2265405,2.0,2,4,2,5.0,,0.0,0,1975.0,B01,138Â 203Â 507,1.0,-1.0,-1.0,1729207,1.0,7,,0.0,2.0,1.0,A01,138Â 203Â 506,1.0
1013027,201900054558,3,24,01:00,3,1,1,1.0,2.0,98805,VE2,M," -22,1647950","166,3935910",988,2019,110.0,1.0,1.0,1.0,2265405,2.0,2,4,2,5.0,,0.0,0,1975.0,B01,138Â 203Â 507,1.0,-1.0,-1.0,1729208,1.0,7,,0.0,2.0,6.0,B01,138Â 203Â 507,1.0
1013028,201900054559,4,15,13:00,1,1,1,1.0,1.0,67506,Route Nationale 63,M,"48,6548226","7,7229801",67,2019,30.0,1.0,1.0,6.0,2265406,1.0,1,1,1,3.0,,0.0,0,1954.0,B01,138Â 203Â 504,1.0,-1.0,-1.0,1729209,3.0,7,,0.0,2.0,1.0,B01,138Â 203Â 504,1.0
1013028,201900054559,4,15,13:00,1,1,1,1.0,1.0,67506,Route Nationale 63,M,"48,6548226","7,7229801",67,2019,30.0,1.0,1.0,6.0,2265406,1.0,1,1,1,3.0,,0.0,0,1954.0,B01,138Â 203Â 504,1.0,-1.0,-1.0,1729210,3.0,7,,0.0,2.0,1.0,A01,138Â 203Â 505,1.0
1013028,201900054559,4,15,13:00,1,1,1,1.0,1.0,67506,Route Nationale 63,M,"48,6548226","7,7229801",67,2019,30.0,1.0,1.0,6.0,2265407,1.0,1,4,1,4.0,,0.0,0,1981.0,A01,138Â 203Â 505,1.0,-1.0,-1.0,1729209,3.0,7,,0.0,2.0,1.0,B01,138Â 203Â 504,1.0
1013028,201900054559,4,15,13:00,1,1,1,1.0,1.0,67506,Route Nationale 63,M,"48,6548226","7,7229801",67,2019,30.0,1.0,1.0,6.0,2265407,1.0,1,4,1,4.0,,0.0,0,1981.0,A01,138Â 203Â 505,1.0,-1.0,-1.0,1729210,3.0,7,,0.0,2.0,1.0,A01,138Â 203Â 505,1.0
1013029,201900054560,5,7,23:30,3,1,1,1.0,6.0,67151,D29,M,"48,6906700","7,9109810",67,2019,80.0,3.0,1.0,3.0,2265408,1.0,1,3,1,0.0,,0.0,0,1966.0,A01,138Â 203Â 503,1.0,-1.0,-1.0,1729211,2.0,7,,1.0,0.0,2.0,A01,138Â 203Â 503,1.0
1013030,201900054561,5,11,20:30,2,1,1,1.0,2.0,49127,Autoroute A11- PK 227 sens ANGERS /LE MANS,M,"47,6771250"," -0,2552610",49,2019,130.0,1.0,1.0,1.0,2265409,1.0,1,4,2,5.0,,0.0,0,1964.0,B01,138Â 203Â 501,1.0,-1.0,-1.0,1729212,2.0,7,,3.0,0.0,4.0,B01,138Â 203Â 501,1.0
1013030,201900054561,5,11,20:30,2,1,1,1.0,2.0,49127,Autoroute A11- PK 227 sens ANGERS /LE MANS,M,"47,6771250"," -0,2552610",49,2019,130.0,1.0,1.0,1.0,2265409,1.0,1,4,2,5.0,,0.0,0,1964.0,B01,138Â 203Â 501,1.0,-1.0,-1.0,1729213,2.0,7,,3.0,2.0,1.0,A01,138Â 203Â 502,1.0
1013030,201900054561,5,11,20:30,2,1,1,1.0,2.0,49127,Autoroute A11- PK 227 sens ANGERS /LE MANS,M,"47,6771250"," -0,2552610",49,2019,130.0,1.0,1.0,1.0,2265410,2.0,2,4,2,5.0,,0.0,0,1999.0,B01,138Â 203Â 501,1.0,-1.0,-1.0,1729212,2.0,7,,3.0,0.0,4.0,B01,138Â 203Â 501,1.0
1013030,201900054561,5,11,20:30,2,1,1,1.0,2.0,49127,Autoroute A11- PK 227 sens ANGERS /LE MANS,M,"47,6771250"," -0,2552610",49,2019,130.0,1.0,1.0,1.0,2265410,2.0,2,4,2,5.0,,0.0,0,1999.0,B01,138Â 203Â 501,1.0,-1.0,-1.0,1729213,2.0,7,,3.0,2.0,1.0,A01,138Â 203Â 502,1.0
1013030,201900054561,5,11,20:30,2,1,1,1.0,2.0,49127,Autoroute A11- PK 227 sens ANGERS /LE MANS,M,"47,6771250"," -0,2552610",49,2019,130.0,1.0,1.0,1.0,2265411,1.0,1,1,1,5.0,,0.0,0,1998.0,A01,138Â 203Â 502,1.0,-1.0,-1.0,1729212,2.0,7,,3.0,0.0,4.0,B01,138Â 203Â 501,1.0
1013030,201900054561,5,11,20:30,2,1,1,1.0,2.0,49127,Autoroute A11- PK 227 sens ANGERS /LE MANS,M,"47,6771250"," -0,2552610",49,2019,130.0,1.0,1.0,1.0,2265411,1.0,1,1,1,5.0,,0.0,0,1998.0,A01,138Â 203Â 502,1.0,-1.0,-1.0,1729213,2.0,7,,3.0,2.0,1.0,A01,138Â 203Â 502,1.0
1013031,201900054562,5,25,18:20,1,1,1,1.0,6.0,03175,,M,"46,2465019","3,0888247",3,2019,130.0,3.0,1.0,1.0,2265412,2.0,2,4,2,5.0,,0.0,0,2000.0,A01,138Â 203Â 500,1.0,-1.0,-1.0,1729214,1.0,7,,13.0,0.0,0.0,A01,138Â 203Â 500,1.0
1013031,201900054562,5,25,18:20,1,1,1,1.0,6.0,03175,,M,"46,2465019","3,0888247",3,2019,130.0,3.0,1.0,1.0,2265413,7.0,2,3,2,5.0,,0.0,0,1997.0,A01,138Â 203Â 500,1.0,-1.0,-1.0,1729214,1.0,7,,13.0,0.0,0.0,A01,138Â 203Â 500,1.0
1013031,201900054562,5,25,18:20,1,1,1,1.0,6.0,03175,,M,"46,2465019","3,0888247",3,2019,130.0,3.0,1.0,1.0,2265414,1.0,1,4,2,5.0,,0.0,0,2000.0,A01,138Â 203Â 500,1.0,-1.0,-1.0,1729214,1.0,7,,13.0,0.0,0.0,A01,138Â 203Â 500,1.0
1013032,201900054563,5,30,00:15,3,1,1,1.0,6.0,13069,D17,M,"43,6146200","5,1690590",13,2019,80.0,3.0,1.0,3.0,2265415,1.0,1,4,2,5.0,,0.0,0,1967.0,A01,138Â 203Â 499,1.0,-1.0,-1.0,1729215,1.0,7,,13.0,0.0,1.0,A01,138Â 203Â 499,1.0
1013033,201900054564,5,26,01:00,3,1,1,1.0,6.0,13051,Route DÃ©partementale 19,M,"43,5792970","5,2029840",13,2019,80.0,3.0,1.0,3.0,2265416,2.0,2,1,1,5.0,,0.0,0,1983.0,A01,138Â 203Â 498,1.0,-1.0,-1.0,1729216,2.0,7,,2.0,0.0,9.0,A01,138Â 203Â 498,1.0
1013033,201900054564,5,26,01:00,3,1,1,1.0,6.0,13051,Route DÃ©partementale 19,M,"43,5792970","5,2029840",13,2019,80.0,3.0,1.0,3.0,2265417,9.0,2,3,1,5.0,,0.0,0,2011.0,A01,138Â 203Â 498,1.0,-1.0,-1.0,1729216,2.0,7,,2.0,0.0,9.0,A01,138Â 203Â 498,1.0
1013033,201900054564,5,26,01:00,3,1,1,1.0,6.0,13051,Route DÃ©partementale 19,M,"43,5792970","5,2029840",13,2019,80.0,3.0,1.0,3.0,2265418,7.0,2,3,2,5.0,,0.0,0,2004.0,A01,138Â 203Â 498,1.0,-1.0,-1.0,1729216,2.0,7,,2.0,0.0,9.0,A01,138Â 203Â 498,1.0
1013033,201900054564,5,26,01:00,3,1,1,1.0,6.0,13051,Route DÃ©partementale 19,M,"43,5792970","5,2029840",13,2019,80.0,3.0,1.0,3.0,2265419,1.0,1,3,2,5.0,,0.0,0,1987.0,A01,138Â 203Â 498,1.0,-1.0,-1.0,1729216,2.0,7,,2.0,0.0,9.0,A01,138Â 203Â 498,1.0