Unnamed: 0_x,num_acc,mois,jour,hrmn,lum,agg,int,atm,col,com,adr,gps,lat,long,dep,annee,vma,situ,surf,catr,Unnamed: 0_y,place,catu,grav,sexe,trajet,secu,locp,actp,an_nais,num_veh_x,id_vehicule_x,secu1,secu2,secu3,Unnamed: 0,senc,catv,occutc,obs,obsm,choc,num_veh_y,id_vehicule_y,motor
1013034,201900054565,5,8,16:30,1,1,1,1.0,3.0,13051,ROUTE DEPARTEMENTALE 113,M,"43,5679410","5,1542100",13,2019,90.0,1.0,1.0,3.0,2265420,7.0,2,4,1,5.0,,0.0,0,2004.0,B01,138Â 203Â 496,1.0,-1.0,-1.0,1729217,2.0,7,,0.0,2.0,1.0,B01,138Â 203Â 496,1.0
1013034,201900054565,5,8,16:30,1,1,1,1.0,3.0,13051,ROUTE DEPARTEMENTALE 113,M,"43,5679410","5,1542100",13,2019,90.0,1.0,1.0,3.0,2265420,7.0,2,4,1,5.0,,0.0,0,2004.0,B01,138Â 203Â 496,1.0,-1.0,-1.0,1729218,2.0,7,,0.0,0.0,8.0,A01,138Â 203Â 497,1.0
1013034,201900054565,5,8,16:30,1,1,1,1.0,3.0,13051,ROUTE DEPARTEMENTALE 113,M,"43,5679410","5,1542100",13,2019,90.0,1.0,1.0,3.0,2265421,1.0,1,4,1,5.0,,0.0,0,1980.0,B01,138Â 203Â 496,1.0,-1.0,-1.0,1729217,2.0,7,,0.0,2.0,1.0,B01,138Â 203Â 496,1.0
1013034,201900054565,5,8,16:30,1,1,1,1.0,3.0,13051,ROUTE DEPARTEMENTALE 113,M,"43,5679410","5,1542100",13,2019,90.0,1.0,1.0,3.0,2265421,1.0,1,4,1,5.0,,0.0,0,1980.0,B01,138Â 203Â 496,1.0,-1.0,-1.0,1729218,2.0,7,,0.0,0.0,8.0,A01,138Â 203Â 497,1.0
1013034,201900054565,5,8,16:30,1,1,1,1.0,3.0,13051,ROUTE DEPARTEMENTALE 113,M,"43,5679410","5,1542100",13,2019,90.0,1.0,1.0,3.0,2265422,2.0,2,4,1,5.0,,0.0,0,2000.0,B01,138Â 203Â 496,1.0,-1.0,-1.0,1729217,2.0,7,,0.0,2.0,1.0,B01,138Â 203Â 496,1.0
1013034,201900054565,5,8,16:30,1,1,1,1.0,3.0,13051,ROUTE DEPARTEMENTALE 113,M,"43,5679410","5,1542100",13,2019,90.0,1.0,1.0,3.0,2265422,2.0,2,4,1,5.0,,0.0,0,2000.0,B01,138Â 203Â 496,1.0,-1.0,-1.0,1729218,2.0,7,,0.0,0.0,8.0,A01,138Â 203Â 497,1.0
1013034,201900054565,5,8,16:30,1,1,1,1.0,3.0,13051,ROUTE DEPARTEMENTALE 113,M,"43,5679410","5,1542100",13,2019,90.0,1.0,1.0,3.0,2265423,1.0,1,1,1,5.0,,0.0,0,1941.0,A01,138Â 203Â 497,1.0,-1.0,-1.0,1729217,2.0,7,,0.0,2.0,1.0,B01,138Â 203Â 496,1.0
1013034,201900054565,5,8,16:30,1,1,1,1.0,3.0,13051,ROUTE DEPARTEMENTALE 113,M,"43,5679410","5,1542100",13,2019,90.0,1.0,1.0,3.0,2265423,1.0,1,1,1,5.0,,0.0,0,1941.0,A01,138Â 203Â 497,1.0,-1.0,-1.0,1729218,2.0,7,,0.0,0.0,8.0,A01,138Â 203Â 497,1.0
1013035,201900054566,5,28,11:45,1,1,1,2.0,6.0,01170,"A404, PK 5.000,sortieCroix Chalon",M,"46,1770290","5,5603770",1,2019,70.0,3.0,2.0,1.0,2265424,1.0,1,4,2,5.0,,0.0,0,2000.0,A01,138Â 203Â 495,1.0,-1.0,-1.0,1729219,1.0,7,,3.0,0.0,1.0,A01,138Â 203Â 495,1.0
1013035,201900054566,5,28,11:45,1,1,1,2.0,6.0,01170,"A404, PK 5.000,sortieCroix Chalon",M,"46,1770290","5,5603770",1,2019,70.0,3.0,2.0,1.0,2265425,2.0,2,1,2,5.0,,0.0,0,1964.0,A01,138Â 203Â 495,1.0,-1.0,-1.0,1729219,1.0,7,,3.0,0.0,1.0,A01,138Â 203Â 495,1.0
1013036,201900054567,5,11,20:20,2,1,1,3.0,6.0,01087,"A40 PK 113.500, direction Macon",M,"46,1708270","5,6778430",1,2019,110.0,1.0,2.0,1.0,2265426,1.0,1,4,1,1.0,,0.0,0,1981.0,A01,138Â 203Â 494,8.0,-1.0,-1.0,1729220,1.0,7,,3.0,0.0,1.0,A01,138Â 203Â 494,1.0
1013037,201900054568,4,28,10:23,1,1,1,4.0,5.0,01331,A40,M,"46,1073990","5,4588570",1,2019,110.0,1.0,5.0,1.0,2265427,1.0,1,1,1,5.0,,0.0,0,1980.0,H01,138Â 203Â 486,8.0,-1.0,-1.0,1729221,1.0,7,,0.0,0.0,3.0,H01,138Â 203Â 486,1.0
1013037,201900054568,4,28,10:23,1,1,1,4.0,5.0,01331,A40,M,"46,1073990","5,4588570",1,2019,110.0,1.0,5.0,1.0,2265427,1.0,1,1,1,5.0,,0.0,0,1980.0,H01,138Â 203Â 486,8.0,-1.0,-1.0,1729222,1.0,7,,4.0,0.0,2.0,G01,138Â 203Â 487,1.0
1013037,201900054568,4,28,10:23,1,1,1,4.0,5.0,01331,A40,M,"46,1073990","5,4588570",1,2019,110.0,1.0,5.0,1.0,2265427,1.0,1,1,1,5.0,,0.0,0,1980.0,H01,138Â 203Â 486,8.0,-1.0,-1.0,1729223,1.0,7,,4.0,0.0,2.0,F01,138Â 203Â 488,1.0
1013037,201900054568,4,28,10:23,1,1,1,4.0,5.0,01331,A40,M,"46,1073990","5,4588570",1,2019,110.0,1.0,5.0,1.0,2265427,1.0,1,1,1,5.0,,0.0,0,1980.0,H01,138Â 203Â 486,8.0,-1.0,-1.0,1729224,1.0,7,,0.0,2.0,0.0,E01,138Â 203Â 489,1.0
1013037,201900054568,4,28,10:23,1,1,1,4.0,5.0,01331,A40,M,"46,1073990","5,4588570",1,2019,110.0,1.0,5.0,1.0,2265427,1.0,1,1,1,5.0,,0.0,0,1980.0,H01,138Â 203Â 486,8.0,-1.0,-1.0,1729225,1.0,7,,0.0,2.0,1.0,D01,138Â 203Â 490,1.0
1013037,201900054568,4,28,10:23,1,1,1,4.0,5.0,01331,A40,M,"46,1073990","5,4588570",1,2019,110.0,1.0,5.0,1.0,2265427,1.0,1,1,1,5.0,,0.0,0,1980.0,H01,138Â 203Â 486,8.0,-1.0,-1.0,1729226,1.0,7,,0.0,2.0,0.0,C01,138Â 203Â 491,1.0
1013037,201900054568,4,28,10:23,1,1,1,4.0,5.0,01331,A40,M,"46,1073990","5,4588570",1,2019,110.0,1.0,5.0,1.0,2265427,1.0,1,1,1,5.0,,0.0,0,1980.0,H01,138Â 203Â 486,8.0,-1.0,-1.0,1729227,1.0,7,,0.0,2.0,1.0,B01,138Â 203Â 492,1.0
1013037,201900054568,4,28,10:23,1,1,1,4.0,5.0,01331,A40,M,"46,1073990","5,4588570",1,2019,110.0,1.0,5.0,1.0,2265427,1.0,1,1,1,5.0,,0.0,0,1980.0,H01,138Â 203Â 486,8.0,-1.0,-1.0,1729228,1.0,7,,0.0,2.0,1.0,A01,138Â 203Â 493,1.0
1013037,201900054568,4,28,10:23,1,1,1,4.0,5.0,01331,A40,M,"46,1073990","5,4588570",1,2019,110.0,1.0,5.0,1.0,2265428,1.0,1,1,1,5.0,,0.0,0,1982.0,G01,138Â 203Â 487,8.0,-1.0,-1.0,1729221,1.0,7,,0.0,0.0,3.0,H01,138Â 203Â 486,1.0
1013037,201900054568,4,28,10:23,1,1,1,4.0,5.0,01331,A40,M,"46,1073990","5,4588570",1,2019,110.0,1.0,5.0,1.0,2265428,1.0,1,1,1,5.0,,0.0,0,1982.0,G01,138Â 203Â 487,8.0,-1.0,-1.0,1729222,1.0,7,,4.0,0.0,2.0,G01,138Â 203Â 487,1.0
1013037,201900054568,4,28,10:23,1,1,1,4.0,5.0,01331,A40,M,"46,1073990","5,4588570",1,2019,110.0,1.0,5.0,1.0,2265428,1.0,1,1,1,5.0,,0.0,0,1982.0,G01,138Â 203Â 487,8.0,-1.0,-1.0,1729223,1.0,7,,4.0,0.0,2.0,F01,138Â 203Â 488,1.0
1013037,201900054568,4,28,10:23,1,1,1,4.0,5.0,01331,A40,M,"46,1073990","5,4588570",1,2019,110.0,1.0,5.0,1.0,2265428,1.0,1,1,1,5.0,,0.0,0,1982.0,G01,138Â 203Â 487,8.0,-1.0,-1.0,1729224,1.0,7,,0.0,2.0,0.0,E01,138Â 203Â 489,1.0
1013037,201900054568,4,28,10:23,1,1,1,4.0,5.0,01331,A40,M,"46,1073990","5,4588570",1,2019,110.0,1.0,5.0,1.0,2265428,1.0,1,1,1,5.0,,0.0,0,1982.0,G01,138Â 203Â 487,8.0,-1.0,-1.0,1729225,1.0,7,,0.0,2.0,1.0,D01,138Â 203Â 490,1.0
1013037,201900054568,4,28,10:23,1,1,1,4.0,5.0,01331,A40,M,"46,1073990","5,4588570",1,2019,110.0,1.0,5.0,1.0,2265428,1.0,1,1,1,5.0,,0.0,0,1982.0,G01,138Â 203Â 487,8.0,-1.0,-1.0,1729226,1.0,7,,0.0,2.0,0.0,C01,138Â 203Â 491,1.0
1013037,201900054568,4,28,10:23,1,1,1,4.0,5.0,01331,A40,M,"46,1073990","5,4588570",1,2019,110.0,1.0,5.0,1.0,2265428,1.0,1,1,1,5.0,,0.0,0,1982.0,G01,138Â 203Â 487,8.0,-1.0,-1.0,1729227,1.0,7,,0.0,2.0,1.0,B01,138Â 203Â 492,1.0
1013037,201900054568,4,28,10:23,1,1,1,4.0,5.0,01331,A40,M,"46,1073990","5,4588570",1,2019,110.0,1.0,5.0,1.0,2265428,1.0,1,1,1,5.0,,0.0,0,1982.0,G01,138Â 203Â 487,8.0,-1.0,-1.0,1729228,1.0,7,,0.0,2.0,1.0,A01,138Â 203Â 493,1.0
1013037,201900054568,4,28,10:23,1,1,1,4.0,5.0,01331,A40,M,"46,1073990","5,4588570",1,2019,110.0,1.0,5.0,1.0,2265429,1.0,1,1,1,5.0,,0.0,0,1970.0,F01,138Â 203Â 488,8.0,-1.0,-1.0,1729221,1.0,7,,0.0,0.0,3.0,H01,138Â 203Â 486,1.0
1013037,201900054568,4,28,10:23,1,1,1,4.0,5.0,01331,A40,M,"46,1073990","5,4588570",1,2019,110.0,1.0,5.0,1.0,2265429,1.0,1,1,1,5.0,,0.0,0,1970.0,F01,138Â 203Â 488,8.0,-1.0,-1.0,1729222,1.0,7,,4.0,0.0,2.0,G01,138Â 203Â 487,1.0
1013037,201900054568,4,28,10:23,1,1,1,4.0,5.0,01331,A40,M,"46,1073990","5,4588570",1,2019,110.0,1.0,5.0,1.0,2265429,1.0,1,1,1,5.0,,0.0,0,1970.0,F01,138Â 203Â 488,8.0,-1.0,-1.0,1729223,1.0,7,,4.0,0.0,2.0,F01,138Â 203Â 488,1.0
1013037,201900054568,4,28,10:23,1,1,1,4.0,5.0,01331,A40,M,"46,1073990","5,4588570",1,2019,110.0,1.0,5.0,1.0,2265429,1.0,1,1,1,5.0,,0.0,0,1970.0,F01,138Â 203Â 488,8.0,-1.0,-1.0,1729224,1.0,7,,0.0,2.0,0.0,E01,138Â 203Â 489,1.0
1013037,201900054568,4,28,10:23,1,1,1,4.0,5.0,01331,A40,M,"46,1073990","5,4588570",1,2019,110.0,1.0,5.0,1.0,2265429,1.0,1,1,1,5.0,,0.0,0,1970.0,F01,138Â 203Â 488,8.0,-1.0,-1.0,1729225,1.0,7,,0.0,2.0,1.0,D01,138Â 203Â 490,1.0
1013037,201900054568,4,28,10:23,1,1,1,4.0,5.0,01331,A40,M,"46,1073990","5,4588570",1,2019,110.0,1.0,5.0,1.0,2265429,1.0,1,1,1,5.0,,0.0,0,1970.0,F01,138Â 203Â 488,8.0,-1.0,-1.0,1729226,1.0,7,,0.0,2.0,0.0,C01,138Â 203Â 491,1.0
1013037,201900054568,4,28,10:23,1,1,1,4.0,5.0,01331,A40,M,"46,1073990","5,4588570",1,2019,110.0,1.0,5.0,1.0,2265429,1.0,1,1,1,5.0,,0.0,0,1970.0,F01,138Â 203Â 488,8.0,-1.0,-1.0,1729227,1.0,7,,0.0,2.0,1.0,B01,138Â 203Â 492,1.0
1013037,201900054568,4,28,10:23,1,1,1,4.0,5.0,01331,A40,M,"46,1073990","5,4588570",1,2019,110.0,1.0,5.0,1.0,2265429,1.0,1,1,1,5.0,,0.0,0,1970.0,F01,138Â 203Â 488,8.0,-1.0,-1.0,1729228,1.0,7,,0.0,2.0,1.0,A01,138Â 203Â 493,1.0
1013037,201900054568,4,28,10:23,1,1,1,4.0,5.0,01331,A40,M,"46,1073990","5,4588570",1,2019,110.0,1.0,5.0,1.0,2265430,1.0,2,4,2,5.0,,0.0,0,1973.0,F01,138Â 203Â 488,8.0,-1.0,-1.0,1729221,1.0,7,,0.0,0.0,3.0,H01,138Â 203Â 486,1.0
1013037,201900054568,4,28,10:23,1,1,1,4.0,5.0,01331,A40,M,"46,1073990","5,4588570",1,2019,110.0,1.0,5.0,1.0,2265430,1.0,2,4,2,5.0,,0.0,0,1973.0,F01,138Â 203Â 488,8.0,-1.0,-1.0,1729222,1.0,7,,4.0,0.0,2.0,G01,138Â 203Â 487,1.0
1013037,201900054568,4,28,10:23,1,1,1,4.0,5.0,01331,A40,M,"46,1073990","5,4588570",1,2019,110.0,1.0,5.0,1.0,2265430,1.0,2,4,2,5.0,,0.0,0,1973.0,F01,138Â 203Â 488,8.0,-1.0,-1.0,1729223,1.0,7,,4.0,0.0,2.0,F01,138Â 203Â 488,1.0
1013037,201900054568,4,28,10:23,1,1,1,4.0,5.0,01331,A40,M,"46,1073990","5,4588570",1,2019,110.0,1.0,5.0,1.0,2265430,1.0,2,4,2,5.0,,0.0,0,1973.0,F01,138Â 203Â 488,8.0,-1.0,-1.0,1729224,1.0,7,,0.0,2.0,0.0,E01,138Â 203Â 489,1.0
1013037,201900054568,4,28,10:23,1,1,1,4.0,5.0,01331,A40,M,"46,1073990","5,4588570",1,2019,110.0,1.0,5.0,1.0,2265430,1.0,2,4,2,5.0,,0.0,0,1973.0,F01,138Â 203Â 488,8.0,-1.0,-1.0,1729225,1.0,7,,0.0,2.0,1.0,D01,138Â 203Â 490,1.0
1013037,201900054568,4,28,10:23,1,1,1,4.0,5.0,01331,A40,M,"46,1073990","5,4588570",1,2019,110.0,1.0,5.0,1.0,2265430,1.0,2,4,2,5.0,,0.0,0,1973.0,F01,138Â 203Â 488,8.0,-1.0,-1.0,1729226,1.0,7,,0.0,2.0,0.0,C01,138Â 203Â 491,1.0
1013037,201900054568,4,28,10:23,1,1,1,4.0,5.0,01331,A40,M,"46,1073990","5,4588570",1,2019,110.0,1.0,5.0,1.0,2265430,1.0,2,4,2,5.0,,0.0,0,1973.0,F01,138Â 203Â 488,8.0,-1.0,-1.0,1729227,1.0,7,,0.0,2.0,1.0,B01,138Â 203Â 492,1.0
1013037,201900054568,4,28,10:23,1,1,1,4.0,5.0,01331,A40,M,"46,1073990","5,4588570",1,2019,110.0,1.0,5.0,1.0,2265430,1.0,2,4,2,5.0,,0.0,0,1973.0,F01,138Â 203Â 488,8.0,-1.0,-1.0,1729228,1.0,7,,0.0,2.0,1.0,A01,138Â 203Â 493,1.0
1013037,201900054568,4,28,10:23,1,1,1,4.0,5.0,01331,A40,M,"46,1073990","5,4588570",1,2019,110.0,1.0,5.0,1.0,2265431,1.0,1,1,1,5.0,,0.0,0,1960.0,E01,138Â 203Â 489,8.0,-1.0,-1.0,1729221,1.0,7,,0.0,0.0,3.0,H01,138Â 203Â 486,1.0
1013037,201900054568,4,28,10:23,1,1,1,4.0,5.0,01331,A40,M,"46,1073990","5,4588570",1,2019,110.0,1.0,5.0,1.0,2265431,1.0,1,1,1,5.0,,0.0,0,1960.0,E01,138Â 203Â 489,8.0,-1.0,-1.0,1729222,1.0,7,,4.0,0.0,2.0,G01,138Â 203Â 487,1.0
1013037,201900054568,4,28,10:23,1,1,1,4.0,5.0,01331,A40,M,"46,1073990","5,4588570",1,2019,110.0,1.0,5.0,1.0,2265431,1.0,1,1,1,5.0,,0.0,0,1960.0,E01,138Â 203Â 489,8.0,-1.0,-1.0,1729223,1.0,7,,4.0,0.0,2.0,F01,138Â 203Â 488,1.0
1013037,201900054568,4,28,10:23,1,1,1,4.0,5.0,01331,A40,M,"46,1073990","5,4588570",1,2019,110.0,1.0,5.0,1.0,2265431,1.0,1,1,1,5.0,,0.0,0,1960.0,E01,138Â 203Â 489,8.0,-1.0,-1.0,1729224,1.0,7,,0.0,2.0,0.0,E01,138Â 203Â 489,1.0
1013037,201900054568,4,28,10:23,1,1,1,4.0,5.0,01331,A40,M,"46,1073990","5,4588570",1,2019,110.0,1.0,5.0,1.0,2265431,1.0,1,1,1,5.0,,0.0,0,1960.0,E01,138Â 203Â 489,8.0,-1.0,-1.0,1729225,1.0,7,,0.0,2.0,1.0,D01,138Â 203Â 490,1.0
1013037,201900054568,4,28,10:23,1,1,1,4.0,5.0,01331,A40,M,"46,1073990","5,4588570",1,2019,110.0,1.0,5.0,1.0,2265431,1.0,1,1,1,5.0,,0.0,0,1960.0,E01,138Â 203Â 489,8.0,-1.0,-1.0,1729226,1.0,7,,0.0,2.0,0.0,C01,138Â 203Â 491,1.0
1013037,201900054568,4,28,10:23,1,1,1,4.0,5.0,01331,A40,M,"46,1073990","5,4588570",1,2019,110.0,1.0,5.0,1.0,2265431,1.0,1,1,1,5.0,,0.0,0,1960.0,E01,138Â 203Â 489,8.0,-1.0,-1.0,1729227,1.0,7,,0.0,2.0,1.0,B01,138Â 203Â 492,1.0
1013037,201900054568,4,28,10:23,1,1,1,4.0,5.0,01331,A40,M,"46,1073990","5,4588570",1,2019,110.0,1.0,5.0,1.0,2265431,1.0,1,1,1,5.0,,0.0,0,1960.0,E01,138Â 203Â 489,8.0,-1.0,-1.0,1729228,1.0,7,,0.0,2.0,1.0,A01,138Â 203Â 493,1.0
1013037,201900054568,4,28,10:23,1,1,1,4.0,5.0,01331,A40,M,"46,1073990","5,4588570",1,2019,110.0,1.0,5.0,1.0,2265432,1.0,1,1,2,5.0,,0.0,0,1984.0,D01,138Â 203Â 490,8.0,-1.0,-1.0,1729221,1.0,7,,0.0,0.0,3.0,H01,138Â 203Â 486,1.0
1013037,201900054568,4,28,10:23,1,1,1,4.0,5.0,01331,A40,M,"46,1073990","5,4588570",1,2019,110.0,1.0,5.0,1.0,2265432,1.0,1,1,2,5.0,,0.0,0,1984.0,D01,138Â 203Â 490,8.0,-1.0,-1.0,1729222,1.0,7,,4.0,0.0,2.0,G01,138Â 203Â 487,1.0
1013037,201900054568,4,28,10:23,1,1,1,4.0,5.0,01331,A40,M,"46,1073990","5,4588570",1,2019,110.0,1.0,5.0,1.0,2265432,1.0,1,1,2,5.0,,0.0,0,1984.0,D01,138Â 203Â 490,8.0,-1.0,-1.0,1729223,1.0,7,,4.0,0.0,2.0,F01,138Â 203Â 488,1.0
1013037,201900054568,4,28,10:23,1,1,1,4.0,5.0,01331,A40,M,"46,1073990","5,4588570",1,2019,110.0,1.0,5.0,1.0,2265432,1.0,1,1,2,5.0,,0.0,0,1984.0,D01,138Â 203Â 490,8.0,-1.0,-1.0,1729224,1.0,7,,0.0,2.0,0.0,E01,138Â 203Â 489,1.0
1013037,201900054568,4,28,10:23,1,1,1,4.0,5.0,01331,A40,M,"46,1073990","5,4588570",1,2019,110.0,1.0,5.0,1.0,2265432,1.0,1,1,2,5.0,,0.0,0,1984.0,D01,138Â 203Â 490,8.0,-1.0,-1.0,1729225,1.0,7,,0.0,2.0,1.0,D01,138Â 203Â 490,1.0
1013037,201900054568,4,28,10:23,1,1,1,4.0,5.0,01331,A40,M,"46,1073990","5,4588570",1,2019,110.0,1.0,5.0,1.0,2265432,1.0,1,1,2,5.0,,0.0,0,1984.0,D01,138Â 203Â 490,8.0,-1.0,-1.0,1729226,1.0,7,,0.0,2.0,0.0,C01,138Â 203Â 491,1.0
1013037,201900054568,4,28,10:23,1,1,1,4.0,5.0,01331,A40,M,"46,1073990","5,4588570",1,2019,110.0,1.0,5.0,1.0,2265432,1.0,1,1,2,5.0,,0.0,0,1984.0,D01,138Â 203Â 490,8.0,-1.0,-1.0,1729227,1.0,7,,0.0,2.0,1.0,B01,138Â 203Â 492,1.0
1013037,201900054568,4,28,10:23,1,1,1,4.0,5.0,01331,A40,M,"46,1073990","5,4588570",1,2019,110.0,1.0,5.0,1.0,2265432,1.0,1,1,2,5.0,,0.0,0,1984.0,D01,138Â 203Â 490,8.0,-1.0,-1.0,1729228,1.0,7,,0.0,2.0,1.0,A01,138Â 203Â 493,1.0
1013037,201900054568,4,28,10:23,1,1,1,4.0,5.0,01331,A40,M,"46,1073990","5,4588570",1,2019,110.0,1.0,5.0,1.0,2265433,2.0,2,4,1,5.0,,0.0,0,1982.0,D01,138Â 203Â 490,8.0,-1.0,-1.0,1729221,1.0,7,,0.0,0.0,3.0,H01,138Â 203Â 486,1.0
1013037,201900054568,4,28,10:23,1,1,1,4.0,5.0,01331,A40,M,"46,1073990","5,4588570",1,2019,110.0,1.0,5.0,1.0,2265433,2.0,2,4,1,5.0,,0.0,0,1982.0,D01,138Â 203Â 490,8.0,-1.0,-1.0,1729222,1.0,7,,4.0,0.0,2.0,G01,138Â 203Â 487,1.0
1013037,201900054568,4,28,10:23,1,1,1,4.0,5.0,01331,A40,M,"46,1073990","5,4588570",1,2019,110.0,1.0,5.0,1.0,2265433,2.0,2,4,1,5.0,,0.0,0,1982.0,D01,138Â 203Â 490,8.0,-1.0,-1.0,1729223,1.0,7,,4.0,0.0,2.0,F01,138Â 203Â 488,1.0
1013037,201900054568,4,28,10:23,1,1,1,4.0,5.0,01331,A40,M,"46,1073990","5,4588570",1,2019,110.0,1.0,5.0,1.0,2265433,2.0,2,4,1,5.0,,0.0,0,1982.0,D01,138Â 203Â 490,8.0,-1.0,-1.0,1729224,1.0,7,,0.0,2.0,0.0,E01,138Â 203Â 489,1.0
1013037,201900054568,4,28,10:23,1,1,1,4.0,5.0,01331,A40,M,"46,1073990","5,4588570",1,2019,110.0,1.0,5.0,1.0,2265433,2.0,2,4,1,5.0,,0.0,0,1982.0,D01,138Â 203Â 490,8.0,-1.0,-1.0,1729225,1.0,7,,0.0,2.0,1.0,D01,138Â 203Â 490,1.0
1013037,201900054568,4,28,10:23,1,1,1,4.0,5.0,01331,A40,M,"46,1073990","5,4588570",1,2019,110.0,1.0,5.0,1.0,2265433,2.0,2,4,1,5.0,,0.0,0,1982.0,D01,138Â 203Â 490,8.0,-1.0,-1.0,1729226,1.0,7,,0.0,2.0,0.0,C01,138Â 203Â 491,1.0
1013037,201900054568,4,28,10:23,1,1,1,4.0,5.0,01331,A40,M,"46,1073990","5,4588570",1,2019,110.0,1.0,5.0,1.0,2265433,2.0,2,4,1,5.0,,0.0,0,1982.0,D01,138Â 203Â 490,8.0,-1.0,-1.0,1729227,1.0,7,,0.0,2.0,1.0,B01,138Â 203Â 492,1.0
1013037,201900054568,4,28,10:23,1,1,1,4.0,5.0,01331,A40,M,"46,1073990","5,4588570",1,2019,110.0,1.0,5.0,1.0,2265433,2.0,2,4,1,5.0,,0.0,0,1982.0,D01,138Â 203Â 490,8.0,-1.0,-1.0,1729228,1.0,7,,0.0,2.0,1.0,A01,138Â 203Â 493,1.0
1013037,201900054568,4,28,10:23,1,1,1,4.0,5.0,01331,A40,M,"46,1073990","5,4588570",1,2019,110.0,1.0,5.0,1.0,2265434,1.0,1,1,1,5.0,,0.0,0,1969.0,C01,138Â 203Â 491,8.0,-1.0,-1.0,1729221,1.0,7,,0.0,0.0,3.0,H01,138Â 203Â 486,1.0
1013037,201900054568,4,28,10:23,1,1,1,4.0,5.0,01331,A40,M,"46,1073990","5,4588570",1,2019,110.0,1.0,5.0,1.0,2265434,1.0,1,1,1,5.0,,0.0,0,1969.0,C01,138Â 203Â 491,8.0,-1.0,-1.0,1729222,1.0,7,,4.0,0.0,2.0,G01,138Â 203Â 487,1.0
1013037,201900054568,4,28,10:23,1,1,1,4.0,5.0,01331,A40,M,"46,1073990","5,4588570",1,2019,110.0,1.0,5.0,1.0,2265434,1.0,1,1,1,5.0,,0.0,0,1969.0,C01,138Â 203Â 491,8.0,-1.0,-1.0,1729223,1.0,7,,4.0,0.0,2.0,F01,138Â 203Â 488,1.0
1013037,201900054568,4,28,10:23,1,1,1,4.0,5.0,01331,A40,M,"46,1073990","5,4588570",1,2019,110.0,1.0,5.0,1.0,2265434,1.0,1,1,1,5.0,,0.0,0,1969.0,C01,138Â 203Â 491,8.0,-1.0,-1.0,1729224,1.0,7,,0.0,2.0,0.0,E01,138Â 203Â 489,1.0
1013037,201900054568,4,28,10:23,1,1,1,4.0,5.0,01331,A40,M,"46,1073990","5,4588570",1,2019,110.0,1.0,5.0,1.0,2265434,1.0,1,1,1,5.0,,0.0,0,1969.0,C01,138Â 203Â 491,8.0,-1.0,-1.0,1729225,1.0,7,,0.0,2.0,1.0,D01,138Â 203Â 490,1.0
1013037,201900054568,4,28,10:23,1,1,1,4.0,5.0,01331,A40,M,"46,1073990","5,4588570",1,2019,110.0,1.0,5.0,1.0,2265434,1.0,1,1,1,5.0,,0.0,0,1969.0,C01,138Â 203Â 491,8.0,-1.0,-1.0,1729226,1.0,7,,0.0,2.0,0.0,C01,138Â 203Â 491,1.0
1013037,201900054568,4,28,10:23,1,1,1,4.0,5.0,01331,A40,M,"46,1073990","5,4588570",1,2019,110.0,1.0,5.0,1.0,2265434,1.0,1,1,1,5.0,,0.0,0,1969.0,C01,138Â 203Â 491,8.0,-1.0,-1.0,1729227,1.0,7,,0.0,2.0,1.0,B01,138Â 203Â 492,1.0
1013037,201900054568,4,28,10:23,1,1,1,4.0,5.0,01331,A40,M,"46,1073990","5,4588570",1,2019,110.0,1.0,5.0,1.0,2265434,1.0,1,1,1,5.0,,0.0,0,1969.0,C01,138Â 203Â 491,8.0,-1.0,-1.0,1729228,1.0,7,,0.0,2.0,1.0,A01,138Â 203Â 493,1.0
1013037,201900054568,4,28,10:23,1,1,1,4.0,5.0,01331,A40,M,"46,1073990","5,4588570",1,2019,110.0,1.0,5.0,1.0,2265435,1.0,1,1,2,5.0,,0.0,0,1978.0,B01,138Â 203Â 492,8.0,-1.0,-1.0,1729221,1.0,7,,0.0,0.0,3.0,H01,138Â 203Â 486,1.0
1013037,201900054568,4,28,10:23,1,1,1,4.0,5.0,01331,A40,M,"46,1073990","5,4588570",1,2019,110.0,1.0,5.0,1.0,2265435,1.0,1,1,2,5.0,,0.0,0,1978.0,B01,138Â 203Â 492,8.0,-1.0,-1.0,1729222,1.0,7,,4.0,0.0,2.0,G01,138Â 203Â 487,1.0
1013037,201900054568,4,28,10:23,1,1,1,4.0,5.0,01331,A40,M,"46,1073990","5,4588570",1,2019,110.0,1.0,5.0,1.0,2265435,1.0,1,1,2,5.0,,0.0,0,1978.0,B01,138Â 203Â 492,8.0,-1.0,-1.0,1729223,1.0,7,,4.0,0.0,2.0,F01,138Â 203Â 488,1.0
1013037,201900054568,4,28,10:23,1,1,1,4.0,5.0,01331,A40,M,"46,1073990","5,4588570",1,2019,110.0,1.0,5.0,1.0,2265435,1.0,1,1,2,5.0,,0.0,0,1978.0,B01,138Â 203Â 492,8.0,-1.0,-1.0,1729224,1.0,7,,0.0,2.0,0.0,E01,138Â 203Â 489,1.0
1013037,201900054568,4,28,10:23,1,1,1,4.0,5.0,01331,A40,M,"46,1073990","5,4588570",1,2019,110.0,1.0,5.0,1.0,2265435,1.0,1,1,2,5.0,,0.0,0,1978.0,B01,138Â 203Â 492,8.0,-1.0,-1.0,1729225,1.0,7,,0.0,2.0,1.0,D01,138Â 203Â 490,1.0
1013037,201900054568,4,28,10:23,1,1,1,4.0,5.0,01331,A40,M,"46,1073990","5,4588570",1,2019,110.0,1.0,5.0,1.0,2265435,1.0,1,1,2,5.0,,0.0,0,1978.0,B01,138Â 203Â 492,8.0,-1.0,-1.0,1729226,1.0,7,,0.0,2.0,0.0,C01,138Â 203Â 491,1.0