Unnamed: 0_x,num_acc,mois,jour,hrmn,lum,agg,int,atm,col,com,adr,gps,lat,long,dep,annee,vma,situ,surf,catr,Unnamed: 0_y,place,catu,grav,sexe,trajet,secu,locp,actp,an_nais,num_veh_x,id_vehicule_x,secu1,secu2,secu3,Unnamed: 0,senc,catv,occutc,obs,obsm,choc,num_veh_y,id_vehicule_y,motor
1013037,201900054568,4,28,10:23,1,1,1,4.0,5.0,01331,A40,M,"46,1073990","5,4588570",1,2019,110.0,1.0,5.0,1.0,2265435,1.0,1,1,2,5.0,,0.0,0,1978.0,B01,138Â 203Â 492,8.0,-1.0,-1.0,1729227,1.0,7,,0.0,2.0,1.0,B01,138Â 203Â 492,1.0
1013037,201900054568,4,28,10:23,1,1,1,4.0,5.0,01331,A40,M,"46,1073990","5,4588570",1,2019,110.0,1.0,5.0,1.0,2265435,1.0,1,1,2,5.0,,0.0,0,1978.0,B01,138Â 203Â 492,8.0,-1.0,-1.0,1729228,1.0,7,,0.0,2.0,1.0,A01,138Â 203Â 493,1.0
1013037,201900054568,4,28,10:23,1,1,1,4.0,5.0,01331,A40,M,"46,1073990","5,4588570",1,2019,110.0,1.0,5.0,1.0,2265436,1.0,1,4,1,5.0,,0.0,0,1970.0,A01,138Â 203Â 493,8.0,-1.0,-1.0,1729221,1.0,7,,0.0,0.0,3.0,H01,138Â 203Â 486,1.0
1013037,201900054568,4,28,10:23,1,1,1,4.0,5.0,01331,A40,M,"46,1073990","5,4588570",1,2019,110.0,1.0,5.0,1.0,2265436,1.0,1,4,1,5.0,,0.0,0,1970.0,A01,138Â 203Â 493,8.0,-1.0,-1.0,1729222,1.0,7,,4.0,0.0,2.0,G01,138Â 203Â 487,1.0
1013037,201900054568,4,28,10:23,1,1,1,4.0,5.0,01331,A40,M,"46,1073990","5,4588570",1,2019,110.0,1.0,5.0,1.0,2265436,1.0,1,4,1,5.0,,0.0,0,1970.0,A01,138Â 203Â 493,8.0,-1.0,-1.0,1729223,1.0,7,,4.0,0.0,2.0,F01,138Â 203Â 488,1.0
1013037,201900054568,4,28,10:23,1,1,1,4.0,5.0,01331,A40,M,"46,1073990","5,4588570",1,2019,110.0,1.0,5.0,1.0,2265436,1.0,1,4,1,5.0,,0.0,0,1970.0,A01,138Â 203Â 493,8.0,-1.0,-1.0,1729224,1.0,7,,0.0,2.0,0.0,E01,138Â 203Â 489,1.0
1013037,201900054568,4,28,10:23,1,1,1,4.0,5.0,01331,A40,M,"46,1073990","5,4588570",1,2019,110.0,1.0,5.0,1.0,2265436,1.0,1,4,1,5.0,,0.0,0,1970.0,A01,138Â 203Â 493,8.0,-1.0,-1.0,1729225,1.0,7,,0.0,2.0,1.0,D01,138Â 203Â 490,1.0
1013037,201900054568,4,28,10:23,1,1,1,4.0,5.0,01331,A40,M,"46,1073990","5,4588570",1,2019,110.0,1.0,5.0,1.0,2265436,1.0,1,4,1,5.0,,0.0,0,1970.0,A01,138Â 203Â 493,8.0,-1.0,-1.0,1729226,1.0,7,,0.0,2.0,0.0,C01,138Â 203Â 491,1.0
1013037,201900054568,4,28,10:23,1,1,1,4.0,5.0,01331,A40,M,"46,1073990","5,4588570",1,2019,110.0,1.0,5.0,1.0,2265436,1.0,1,4,1,5.0,,0.0,0,1970.0,A01,138Â 203Â 493,8.0,-1.0,-1.0,1729227,1.0,7,,0.0,2.0,1.0,B01,138Â 203Â 492,1.0
1013037,201900054568,4,28,10:23,1,1,1,4.0,5.0,01331,A40,M,"46,1073990","5,4588570",1,2019,110.0,1.0,5.0,1.0,2265436,1.0,1,4,1,5.0,,0.0,0,1970.0,A01,138Â 203Â 493,8.0,-1.0,-1.0,1729228,1.0,7,,0.0,2.0,1.0,A01,138Â 203Â 493,1.0
1013038,201900054569,5,22,10:10,1,1,1,1.0,4.0,34337,Avenue de Palavas,M,"43,5393820","3,8870880",34,2019,80.0,1.0,1.0,3.0,2265437,1.0,1,4,1,4.0,,0.0,0,1984.0,A01,138Â 203Â 483,1.0,-1.0,-1.0,1729229,1.0,10,,0.0,2.0,3.0,A01,138Â 203Â 483,1.0
1013038,201900054569,5,22,10:10,1,1,1,1.0,4.0,34337,Avenue de Palavas,M,"43,5393820","3,8870880",34,2019,80.0,1.0,1.0,3.0,2265437,1.0,1,4,1,4.0,,0.0,0,1984.0,A01,138Â 203Â 483,1.0,-1.0,-1.0,1729230,1.0,7,,0.0,2.0,5.0,B01,138Â 203Â 484,1.0
1013038,201900054569,5,22,10:10,1,1,1,1.0,4.0,34337,Avenue de Palavas,M,"43,5393820","3,8870880",34,2019,80.0,1.0,1.0,3.0,2265437,1.0,1,4,1,4.0,,0.0,0,1984.0,A01,138Â 203Â 483,1.0,-1.0,-1.0,1729231,2.0,7,,0.0,2.0,1.0,C01,138Â 203Â 485,1.0
1013038,201900054569,5,22,10:10,1,1,1,1.0,4.0,34337,Avenue de Palavas,M,"43,5393820","3,8870880",34,2019,80.0,1.0,1.0,3.0,2265438,1.0,1,3,1,5.0,,0.0,0,1950.0,B01,138Â 203Â 484,1.0,-1.0,-1.0,1729229,1.0,10,,0.0,2.0,3.0,A01,138Â 203Â 483,1.0
1013038,201900054569,5,22,10:10,1,1,1,1.0,4.0,34337,Avenue de Palavas,M,"43,5393820","3,8870880",34,2019,80.0,1.0,1.0,3.0,2265438,1.0,1,3,1,5.0,,0.0,0,1950.0,B01,138Â 203Â 484,1.0,-1.0,-1.0,1729230,1.0,7,,0.0,2.0,5.0,B01,138Â 203Â 484,1.0
1013038,201900054569,5,22,10:10,1,1,1,1.0,4.0,34337,Avenue de Palavas,M,"43,5393820","3,8870880",34,2019,80.0,1.0,1.0,3.0,2265438,1.0,1,3,1,5.0,,0.0,0,1950.0,B01,138Â 203Â 484,1.0,-1.0,-1.0,1729231,2.0,7,,0.0,2.0,1.0,C01,138Â 203Â 485,1.0
1013038,201900054569,5,22,10:10,1,1,1,1.0,4.0,34337,Avenue de Palavas,M,"43,5393820","3,8870880",34,2019,80.0,1.0,1.0,3.0,2265439,1.0,1,1,1,5.0,,0.0,0,1949.0,C01,138Â 203Â 485,1.0,-1.0,-1.0,1729229,1.0,10,,0.0,2.0,3.0,A01,138Â 203Â 483,1.0
1013038,201900054569,5,22,10:10,1,1,1,1.0,4.0,34337,Avenue de Palavas,M,"43,5393820","3,8870880",34,2019,80.0,1.0,1.0,3.0,2265439,1.0,1,1,1,5.0,,0.0,0,1949.0,C01,138Â 203Â 485,1.0,-1.0,-1.0,1729230,1.0,7,,0.0,2.0,5.0,B01,138Â 203Â 484,1.0
1013038,201900054569,5,22,10:10,1,1,1,1.0,4.0,34337,Avenue de Palavas,M,"43,5393820","3,8870880",34,2019,80.0,1.0,1.0,3.0,2265439,1.0,1,1,1,5.0,,0.0,0,1949.0,C01,138Â 203Â 485,1.0,-1.0,-1.0,1729231,2.0,7,,0.0,2.0,1.0,C01,138Â 203Â 485,1.0
1013038,201900054569,5,22,10:10,1,1,1,1.0,4.0,34337,Avenue de Palavas,M,"43,5393820","3,8870880",34,2019,80.0,1.0,1.0,3.0,2265440,2.0,2,3,2,5.0,,0.0,0,1946.0,C01,138Â 203Â 485,1.0,-1.0,-1.0,1729229,1.0,10,,0.0,2.0,3.0,A01,138Â 203Â 483,1.0
1013038,201900054569,5,22,10:10,1,1,1,1.0,4.0,34337,Avenue de Palavas,M,"43,5393820","3,8870880",34,2019,80.0,1.0,1.0,3.0,2265440,2.0,2,3,2,5.0,,0.0,0,1946.0,C01,138Â 203Â 485,1.0,-1.0,-1.0,1729230,1.0,7,,0.0,2.0,5.0,B01,138Â 203Â 484,1.0
1013038,201900054569,5,22,10:10,1,1,1,1.0,4.0,34337,Avenue de Palavas,M,"43,5393820","3,8870880",34,2019,80.0,1.0,1.0,3.0,2265440,2.0,2,3,2,5.0,,0.0,0,1946.0,C01,138Â 203Â 485,1.0,-1.0,-1.0,1729231,2.0,7,,0.0,2.0,1.0,C01,138Â 203Â 485,1.0
1013039,201900054570,5,16,17:20,1,2,1,1.0,6.0,34337,rue maguelone,M,"43,5316390","3,8629320",34,2019,30.0,8.0,1.0,4.0,2265441,10.0,3,3,2,5.0,,5.0,9,1984.0,A01,138Â 203Â 482,0.0,-1.0,-1.0,1729232,3.0,7,,1.0,1.0,1.0,A01,138Â 203Â 482,1.0
1013039,201900054570,5,16,17:20,1,2,1,1.0,6.0,34337,rue maguelone,M,"43,5316390","3,8629320",34,2019,30.0,8.0,1.0,4.0,2265442,1.0,1,4,2,3.0,,0.0,0,1942.0,A01,138Â 203Â 482,1.0,-1.0,-1.0,1729232,3.0,7,,1.0,1.0,1.0,A01,138Â 203Â 482,1.0
1013039,201900054570,5,16,17:20,1,2,1,1.0,6.0,34337,rue maguelone,M,"43,5316390","3,8629320",34,2019,30.0,8.0,1.0,4.0,2265443,10.0,3,3,1,5.0,,5.0,9,1970.0,A01,138Â 203Â 482,0.0,-1.0,-1.0,1729232,3.0,7,,1.0,1.0,1.0,A01,138Â 203Â 482,1.0
1013040,201900054571,5,14,15:30,1,1,3,1.0,2.0,34337,RD 185 Lieu dit Le Larzat,M,"43,5453230","3,8214490",34,2019,80.0,1.0,1.0,3.0,2265444,1.0,1,4,1,0.0,,0.0,0,1964.0,B01,138Â 203Â 480,2.0,-1.0,-1.0,1729233,1.0,33,,0.0,2.0,1.0,B01,138Â 203Â 480,1.0
1013040,201900054571,5,14,15:30,1,1,3,1.0,2.0,34337,RD 185 Lieu dit Le Larzat,M,"43,5453230","3,8214490",34,2019,80.0,1.0,1.0,3.0,2265444,1.0,1,4,1,0.0,,0.0,0,1964.0,B01,138Â 203Â 480,2.0,-1.0,-1.0,1729234,1.0,7,,0.0,2.0,6.0,A01,138Â 203Â 481,1.0
1013040,201900054571,5,14,15:30,1,1,3,1.0,2.0,34337,RD 185 Lieu dit Le Larzat,M,"43,5453230","3,8214490",34,2019,80.0,1.0,1.0,3.0,2265445,1.0,1,1,1,0.0,,0.0,0,1983.0,A01,138Â 203Â 481,1.0,-1.0,-1.0,1729233,1.0,33,,0.0,2.0,1.0,B01,138Â 203Â 480,1.0
1013040,201900054571,5,14,15:30,1,1,3,1.0,2.0,34337,RD 185 Lieu dit Le Larzat,M,"43,5453230","3,8214490",34,2019,80.0,1.0,1.0,3.0,2265445,1.0,1,1,1,0.0,,0.0,0,1983.0,A01,138Â 203Â 481,1.0,-1.0,-1.0,1729234,1.0,7,,0.0,2.0,6.0,A01,138Â 203Â 481,1.0
1013040,201900054571,5,14,15:30,1,1,3,1.0,2.0,34337,RD 185 Lieu dit Le Larzat,M,"43,5453230","3,8214490",34,2019,80.0,1.0,1.0,3.0,2265446,2.0,2,1,2,0.0,,0.0,0,2000.0,A01,138Â 203Â 481,1.0,-1.0,-1.0,1729233,1.0,33,,0.0,2.0,1.0,B01,138Â 203Â 480,1.0
1013040,201900054571,5,14,15:30,1,1,3,1.0,2.0,34337,RD 185 Lieu dit Le Larzat,M,"43,5453230","3,8214490",34,2019,80.0,1.0,1.0,3.0,2265446,2.0,2,1,2,0.0,,0.0,0,2000.0,A01,138Â 203Â 481,1.0,-1.0,-1.0,1729234,1.0,7,,0.0,2.0,6.0,A01,138Â 203Â 481,1.0
1013041,201900054572,5,27,15:00,1,1,1,1.0,6.0,18190,A71 - 196+000 SENS 2,M,"47,1391130","2,1867690",18,2019,130.0,8.0,1.0,1.0,2265447,1.0,1,1,1,5.0,,0.0,0,1954.0,A01,138Â 203Â 479,1.0,-1.0,-1.0,1729235,2.0,7,,13.0,0.0,1.0,A01,138Â 203Â 479,1.0
1013041,201900054572,5,27,15:00,1,1,1,1.0,6.0,18190,A71 - 196+000 SENS 2,M,"47,1391130","2,1867690",18,2019,130.0,8.0,1.0,1.0,2265448,2.0,2,3,2,5.0,,0.0,0,1966.0,A01,138Â 203Â 479,1.0,-1.0,-1.0,1729235,2.0,7,,13.0,0.0,1.0,A01,138Â 203Â 479,1.0
1013042,201900054573,5,14,17:20,1,1,1,1.0,6.0,18159,route dÃ©partementale 29,M,"47,3183780","2,1484330",18,2019,80.0,3.0,1.0,3.0,2265449,1.0,1,4,1,5.0,,0.0,0,1980.0,A01,138Â 203Â 478,6.0,5.0,2.0,1729236,1.0,33,,13.0,0.0,3.0,A01,138Â 203Â 478,1.0
1013043,201900054574,5,22,17:55,1,1,1,1.0,6.0,42011,pÃ©age balbigny,M,"45,8409370","4,1641440",42,2019,30.0,1.0,1.0,1.0,2265450,1.0,1,3,1,4.0,,0.0,0,1992.0,A01,138Â 203Â 477,5.0,1.0,-1.0,1729237,3.0,7,,4.0,0.0,1.0,A01,138Â 203Â 477,1.0
1013044,201900054575,5,6,12:40,1,2,6,1.0,3.0,35210,Boulevard P Dumaine de la Josserie,M,"48,1484710"," -1,7628330",35,2019,50.0,1.0,1.0,4.0,2265451,1.0,1,4,1,5.0,,0.0,0,1994.0,B01,138Â 203Â 475,2.0,-1.0,-1.0,1729238,3.0,1,,0.0,2.0,1.0,B01,138Â 203Â 475,5.0
1013044,201900054575,5,6,12:40,1,2,6,1.0,3.0,35210,Boulevard P Dumaine de la Josserie,M,"48,1484710"," -1,7628330",35,2019,50.0,1.0,1.0,4.0,2265451,1.0,1,4,1,5.0,,0.0,0,1994.0,B01,138Â 203Â 475,2.0,-1.0,-1.0,1729239,3.0,7,,0.0,9.0,8.0,A01,138Â 203Â 476,1.0
1013044,201900054575,5,6,12:40,1,2,6,1.0,3.0,35210,Boulevard P Dumaine de la Josserie,M,"48,1484710"," -1,7628330",35,2019,50.0,1.0,1.0,4.0,2265452,1.0,1,1,1,5.0,,0.0,0,1969.0,A01,138Â 203Â 476,1.0,-1.0,-1.0,1729238,3.0,1,,0.0,2.0,1.0,B01,138Â 203Â 475,5.0
1013044,201900054575,5,6,12:40,1,2,6,1.0,3.0,35210,Boulevard P Dumaine de la Josserie,M,"48,1484710"," -1,7628330",35,2019,50.0,1.0,1.0,4.0,2265452,1.0,1,1,1,5.0,,0.0,0,1969.0,A01,138Â 203Â 476,1.0,-1.0,-1.0,1729239,3.0,7,,0.0,9.0,8.0,A01,138Â 203Â 476,1.0
1013044,201900054575,5,6,12:40,1,2,6,1.0,3.0,35210,Boulevard P Dumaine de la Josserie,M,"48,1484710"," -1,7628330",35,2019,50.0,1.0,1.0,4.0,2265453,2.0,2,1,2,5.0,,0.0,0,1998.0,A01,138Â 203Â 476,1.0,-1.0,-1.0,1729238,3.0,1,,0.0,2.0,1.0,B01,138Â 203Â 475,5.0
1013044,201900054575,5,6,12:40,1,2,6,1.0,3.0,35210,Boulevard P Dumaine de la Josserie,M,"48,1484710"," -1,7628330",35,2019,50.0,1.0,1.0,4.0,2265453,2.0,2,1,2,5.0,,0.0,0,1998.0,A01,138Â 203Â 476,1.0,-1.0,-1.0,1729239,3.0,7,,0.0,9.0,8.0,A01,138Â 203Â 476,1.0
1013045,201900054576,11,28,10:26,1,2,1,8.0,6.0,32013,MARNE (AVENUE DE LA),M,"43,6488800","0,5951800",32,2019,50.0,1.0,3.0,3.0,2265454,10.0,3,3,2,5.0,,2.0,3,1929.0,A01,138Â 203Â 474,8.0,0.0,-1.0,1729240,2.0,17,,0.0,1.0,1.0,A01,138Â 203Â 474,1.0
1013045,201900054576,11,28,10:26,1,2,1,8.0,6.0,32013,MARNE (AVENUE DE LA),M,"43,6488800","0,5951800",32,2019,50.0,1.0,3.0,3.0,2265455,1.0,1,1,1,4.0,,0.0,0,1970.0,A01,138Â 203Â 474,1.0,0.0,-1.0,1729240,2.0,17,,0.0,1.0,1.0,A01,138Â 203Â 474,1.0
1013046,201900054577,5,23,17:45,1,1,3,1.0,3.0,01350,Chemin des ChatonniÃ¨res,M,"46,2656690","5,2811330",1,2019,80.0,1.0,1.0,3.0,2265456,1.0,1,1,2,4.0,,0.0,0,1972.0,B01,138Â 203Â 471,1.0,-1.0,-1.0,1729241,1.0,38,1.0,0.0,0.0,6.0,B01,138Â 203Â 471,1.0
1013046,201900054577,5,23,17:45,1,1,3,1.0,3.0,01350,Chemin des ChatonniÃ¨res,M,"46,2656690","5,2811330",1,2019,80.0,1.0,1.0,3.0,2265456,1.0,1,1,2,4.0,,0.0,0,1972.0,B01,138Â 203Â 471,1.0,-1.0,-1.0,1729242,1.0,33,,15.0,2.0,9.0,A01,138Â 203Â 472,1.0
1013046,201900054577,5,23,17:45,1,1,3,1.0,3.0,01350,Chemin des ChatonniÃ¨res,M,"46,2656690","5,2811330",1,2019,80.0,1.0,1.0,3.0,2265457,1.0,1,3,2,0.0,,0.0,0,1953.0,A01,138Â 203Â 472,2.0,-1.0,-1.0,1729241,1.0,38,1.0,0.0,0.0,6.0,B01,138Â 203Â 471,1.0
1013046,201900054577,5,23,17:45,1,1,3,1.0,3.0,01350,Chemin des ChatonniÃ¨res,M,"46,2656690","5,2811330",1,2019,80.0,1.0,1.0,3.0,2265457,1.0,1,3,2,0.0,,0.0,0,1953.0,A01,138Â 203Â 472,2.0,-1.0,-1.0,1729242,1.0,33,,15.0,2.0,9.0,A01,138Â 203Â 472,1.0
1013047,201900054578,12,3,18:15,3,2,2,1.0,6.0,31555,BD DEODAT DE SEVERAC,M,"43,5894070","1,4219110",31,2019,50.0,1.0,1.0,4.0,2265458,1.0,1,1,1,5.0,,-1.0, -1,1972.0,B01,138Â 203Â 470,8.0,8.0,-1.0,1729243,2.0,1,,0.0,2.0,8.0,B01,138Â 203Â 470,5.0
1013047,201900054578,12,3,18:15,3,2,2,1.0,6.0,31555,BD DEODAT DE SEVERAC,M,"43,5894070","1,4219110",31,2019,50.0,1.0,1.0,4.0,2265458,1.0,1,1,1,5.0,,-1.0, -1,1972.0,B01,138Â 203Â 470,8.0,8.0,-1.0,1729244,1.0,7,,0.0,2.0,1.0,A01,138Â 203Â 473,1.0
1013047,201900054578,12,3,18:15,3,2,2,1.0,6.0,31555,BD DEODAT DE SEVERAC,M,"43,5894070","1,4219110",31,2019,50.0,1.0,1.0,4.0,2265459,2.0,2,4,1,5.0,,-1.0,0,2015.0,B01,138Â 203Â 470,8.0,8.0,-1.0,1729243,2.0,1,,0.0,2.0,8.0,B01,138Â 203Â 470,5.0
1013047,201900054578,12,3,18:15,3,2,2,1.0,6.0,31555,BD DEODAT DE SEVERAC,M,"43,5894070","1,4219110",31,2019,50.0,1.0,1.0,4.0,2265459,2.0,2,4,1,5.0,,-1.0,0,2015.0,B01,138Â 203Â 470,8.0,8.0,-1.0,1729244,1.0,7,,0.0,2.0,1.0,A01,138Â 203Â 473,1.0
1013047,201900054578,12,3,18:15,3,2,2,1.0,6.0,31555,BD DEODAT DE SEVERAC,M,"43,5894070","1,4219110",31,2019,50.0,1.0,1.0,4.0,2265460,1.0,1,1,2,9.0,,-1.0,0,1989.0,A01,138Â 203Â 473,1.0,8.0,-1.0,1729243,2.0,1,,0.0,2.0,8.0,B01,138Â 203Â 470,5.0
1013047,201900054578,12,3,18:15,3,2,2,1.0,6.0,31555,BD DEODAT DE SEVERAC,M,"43,5894070","1,4219110",31,2019,50.0,1.0,1.0,4.0,2265460,1.0,1,1,2,9.0,,-1.0,0,1989.0,A01,138Â 203Â 473,1.0,8.0,-1.0,1729244,1.0,7,,0.0,2.0,1.0,A01,138Â 203Â 473,1.0
1013048,201900054579,5,14,09:05,1,1,1,1.0,3.0,01425,A40 PK152,M,"46,1100620","5,2919690",1,2019,130.0,1.0,1.0,1.0,2265461,1.0,1,1,1,4.0,,0.0,0,1988.0,B01,138Â 203Â 467,1.0,-1.0,-1.0,1729245,1.0,17,,0.0,0.0,8.0,B01,138Â 203Â 467,1.0
1013048,201900054579,5,14,09:05,1,1,1,1.0,3.0,01425,A40 PK152,M,"46,1100620","5,2919690",1,2019,130.0,1.0,1.0,1.0,2265461,1.0,1,1,1,4.0,,0.0,0,1988.0,B01,138Â 203Â 467,1.0,-1.0,-1.0,1729246,1.0,7,,4.0,2.0,1.0,A01,138Â 203Â 469,1.0
1013048,201900054579,5,14,09:05,1,1,1,1.0,3.0,01425,A40 PK152,M,"46,1100620","5,2919690",1,2019,130.0,1.0,1.0,1.0,2265462,1.0,1,3,2,5.0,,0.0,0,1977.0,A01,138Â 203Â 469,1.0,-1.0,-1.0,1729245,1.0,17,,0.0,0.0,8.0,B01,138Â 203Â 467,1.0
1013048,201900054579,5,14,09:05,1,1,1,1.0,3.0,01425,A40 PK152,M,"46,1100620","5,2919690",1,2019,130.0,1.0,1.0,1.0,2265462,1.0,1,3,2,5.0,,0.0,0,1977.0,A01,138Â 203Â 469,1.0,-1.0,-1.0,1729246,1.0,7,,4.0,2.0,1.0,A01,138Â 203Â 469,1.0
1013049,201900054580,5,4,17:30,1,1,1,4.0,5.0,01422,autoroute A40,M,"46,1470320","5,2919260",1,2019,130.0,1.0,4.0,1.0,2265463,1.0,1,4,2,5.0,,0.0,0,1975.0,A01,138Â 203Â 463,1.0,-1.0,-1.0,1729247,1.0,7,,4.0,1.0,1.0,A01,138Â 203Â 463,1.0
1013049,201900054580,5,4,17:30,1,1,1,4.0,5.0,01422,autoroute A40,M,"46,1470320","5,2919260",1,2019,130.0,1.0,4.0,1.0,2265463,1.0,1,4,2,5.0,,0.0,0,1975.0,A01,138Â 203Â 463,1.0,-1.0,-1.0,1729248,1.0,7,,0.0,0.0,0.0,B01,138Â 203Â 464,1.0
1013049,201900054580,5,4,17:30,1,1,1,4.0,5.0,01422,autoroute A40,M,"46,1470320","5,2919260",1,2019,130.0,1.0,4.0,1.0,2265463,1.0,1,4,2,5.0,,0.0,0,1975.0,A01,138Â 203Â 463,1.0,-1.0,-1.0,1729249,1.0,7,,0.0,2.0,1.0,C01,138Â 203Â 465,1.0
1013049,201900054580,5,4,17:30,1,1,1,4.0,5.0,01422,autoroute A40,M,"46,1470320","5,2919260",1,2019,130.0,1.0,4.0,1.0,2265464,2.0,2,1,2,5.0,,0.0,0,2018.0,A01,138Â 203Â 463,3.0,-1.0,-1.0,1729247,1.0,7,,4.0,1.0,1.0,A01,138Â 203Â 463,1.0
1013049,201900054580,5,4,17:30,1,1,1,4.0,5.0,01422,autoroute A40,M,"46,1470320","5,2919260",1,2019,130.0,1.0,4.0,1.0,2265464,2.0,2,1,2,5.0,,0.0,0,2018.0,A01,138Â 203Â 463,3.0,-1.0,-1.0,1729248,1.0,7,,0.0,0.0,0.0,B01,138Â 203Â 464,1.0
1013049,201900054580,5,4,17:30,1,1,1,4.0,5.0,01422,autoroute A40,M,"46,1470320","5,2919260",1,2019,130.0,1.0,4.0,1.0,2265464,2.0,2,1,2,5.0,,0.0,0,2018.0,A01,138Â 203Â 463,3.0,-1.0,-1.0,1729249,1.0,7,,0.0,2.0,1.0,C01,138Â 203Â 465,1.0
1013049,201900054580,5,4,17:30,1,1,1,4.0,5.0,01422,autoroute A40,M,"46,1470320","5,2919260",1,2019,130.0,1.0,4.0,1.0,2265465,1.0,1,4,1,0.0,,0.0,0,1984.0,B01,138Â 203Â 464,0.0,-1.0,-1.0,1729247,1.0,7,,4.0,1.0,1.0,A01,138Â 203Â 463,1.0
1013049,201900054580,5,4,17:30,1,1,1,4.0,5.0,01422,autoroute A40,M,"46,1470320","5,2919260",1,2019,130.0,1.0,4.0,1.0,2265465,1.0,1,4,1,0.0,,0.0,0,1984.0,B01,138Â 203Â 464,0.0,-1.0,-1.0,1729248,1.0,7,,0.0,0.0,0.0,B01,138Â 203Â 464,1.0
1013049,201900054580,5,4,17:30,1,1,1,4.0,5.0,01422,autoroute A40,M,"46,1470320","5,2919260",1,2019,130.0,1.0,4.0,1.0,2265465,1.0,1,4,1,0.0,,0.0,0,1984.0,B01,138Â 203Â 464,0.0,-1.0,-1.0,1729249,1.0,7,,0.0,2.0,1.0,C01,138Â 203Â 465,1.0
1013049,201900054580,5,4,17:30,1,1,1,4.0,5.0,01422,autoroute A40,M,"46,1470320","5,2919260",1,2019,130.0,1.0,4.0,1.0,2265466,1.0,1,1,1,5.0,,0.0,0,1972.0,C01,138Â 203Â 465,1.0,-1.0,-1.0,1729247,1.0,7,,4.0,1.0,1.0,A01,138Â 203Â 463,1.0
1013049,201900054580,5,4,17:30,1,1,1,4.0,5.0,01422,autoroute A40,M,"46,1470320","5,2919260",1,2019,130.0,1.0,4.0,1.0,2265466,1.0,1,1,1,5.0,,0.0,0,1972.0,C01,138Â 203Â 465,1.0,-1.0,-1.0,1729248,1.0,7,,0.0,0.0,0.0,B01,138Â 203Â 464,1.0
1013049,201900054580,5,4,17:30,1,1,1,4.0,5.0,01422,autoroute A40,M,"46,1470320","5,2919260",1,2019,130.0,1.0,4.0,1.0,2265466,1.0,1,1,1,5.0,,0.0,0,1972.0,C01,138Â 203Â 465,1.0,-1.0,-1.0,1729249,1.0,7,,0.0,2.0,1.0,C01,138Â 203Â 465,1.0
1013050,201900054581,5,2,17:40,2,1,1,1.0,4.0,97415,r n 1,M," -20,9761170","55,2970960",974,2019,110.0,1.0,1.0,2.0,2265467,1.0,1,1,2,1.0,,0.0,0,1985.0,C01,138Â 203Â 460,1.0,-1.0,-1.0,1729250,1.0,7,,0.0,2.0,8.0,C01,138Â 203Â 460,0.0
1013050,201900054581,5,2,17:40,2,1,1,1.0,4.0,97415,r n 1,M," -20,9761170","55,2970960",974,2019,110.0,1.0,1.0,2.0,2265467,1.0,1,1,2,1.0,,0.0,0,1985.0,C01,138Â 203Â 460,1.0,-1.0,-1.0,1729251,1.0,7,,0.0,0.0,4.0,B01,138Â 203Â 461,0.0
1013050,201900054581,5,2,17:40,2,1,1,1.0,4.0,97415,r n 1,M," -20,9761170","55,2970960",974,2019,110.0,1.0,1.0,2.0,2265467,1.0,1,1,2,1.0,,0.0,0,1985.0,C01,138Â 203Â 460,1.0,-1.0,-1.0,1729252,1.0,33,,0.0,2.0,1.0,A01,138Â 203Â 462,1.0
1013050,201900054581,5,2,17:40,2,1,1,1.0,4.0,97415,r n 1,M," -20,9761170","55,2970960",974,2019,110.0,1.0,1.0,2.0,2265468,1.0,1,1,1,0.0,,0.0,0,1992.0,B01,138Â 203Â 461,1.0,-1.0,-1.0,1729250,1.0,7,,0.0,2.0,8.0,C01,138Â 203Â 460,0.0
1013050,201900054581,5,2,17:40,2,1,1,1.0,4.0,97415,r n 1,M," -20,9761170","55,2970960",974,2019,110.0,1.0,1.0,2.0,2265468,1.0,1,1,1,0.0,,0.0,0,1992.0,B01,138Â 203Â 461,1.0,-1.0,-1.0,1729251,1.0,7,,0.0,0.0,4.0,B01,138Â 203Â 461,0.0
1013050,201900054581,5,2,17:40,2,1,1,1.0,4.0,97415,r n 1,M," -20,9761170","55,2970960",974,2019,110.0,1.0,1.0,2.0,2265468,1.0,1,1,1,0.0,,0.0,0,1992.0,B01,138Â 203Â 461,1.0,-1.0,-1.0,1729252,1.0,33,,0.0,2.0,1.0,A01,138Â 203Â 462,1.0
1013050,201900054581,5,2,17:40,2,1,1,1.0,4.0,97415,r n 1,M," -20,9761170","55,2970960",974,2019,110.0,1.0,1.0,2.0,2265469,1.0,1,3,1,0.0,,0.0,0,1972.0,A01,138Â 203Â 462,2.0,6.0,-1.0,1729250,1.0,7,,0.0,2.0,8.0,C01,138Â 203Â 460,0.0
1013050,201900054581,5,2,17:40,2,1,1,1.0,4.0,97415,r n 1,M," -20,9761170","55,2970960",974,2019,110.0,1.0,1.0,2.0,2265469,1.0,1,3,1,0.0,,0.0,0,1972.0,A01,138Â 203Â 462,2.0,6.0,-1.0,1729251,1.0,7,,0.0,0.0,4.0,B01,138Â 203Â 461,0.0
1013050,201900054581,5,2,17:40,2,1,1,1.0,4.0,97415,r n 1,M," -20,9761170","55,2970960",974,2019,110.0,1.0,1.0,2.0,2265469,1.0,1,3,1,0.0,,0.0,0,1972.0,A01,138Â 203Â 462,2.0,6.0,-1.0,1729252,1.0,33,,0.0,2.0,1.0,A01,138Â 203Â 462,1.0