Unnamed: 0_x,num_acc,mois,jour,hrmn,lum,agg,int,atm,col,com,adr,gps,lat,long,dep,annee,vma,situ,surf,catr,Unnamed: 0_y,place,catu,grav,sexe,trajet,secu,locp,actp,an_nais,num_veh_x,id_vehicule_x,secu1,secu2,secu3,Unnamed: 0,senc,catv,occutc,obs,obsm,choc,num_veh_y,id_vehicule_y,motor
1013051,201900054582,5,11,04:00,5,2,1,3.0,7.0,97309,Avenue Morne Coco,M,"4,9031512"," -52,2870288",973,2019,50.0,3.0,2.0,4.0,2265470,1.0,1,2,1,5.0,,0.0,0,1988.0,A01,138Â 203Â 459,2.0,-1.0,-1.0,1729253,3.0,2,,0.0,0.0,2.0,A01,138Â 203Â 459,1.0
1013052,201900054583,5,5,12:45,1,2,1,1.0,2.0,97309,Route de Remire RD2,M,"4,9070480"," -52,2728980",973,2019,50.0,1.0,1.0,3.0,2265471,1.0,1,4,1,5.0,,0.0,0,1957.0,A01,138Â 203Â 457,2.0,-1.0,-1.0,1729254,1.0,2,,0.0,2.0,1.0,A01,138Â 203Â 457,1.0
1013052,201900054583,5,5,12:45,1,2,1,1.0,2.0,97309,Route de Remire RD2,M,"4,9070480"," -52,2728980",973,2019,50.0,1.0,1.0,3.0,2265471,1.0,1,4,1,5.0,,0.0,0,1957.0,A01,138Â 203Â 457,2.0,-1.0,-1.0,1729255,1.0,7,,0.0,0.0,4.0,B01,138Â 203Â 458,1.0
1013052,201900054583,5,5,12:45,1,2,1,1.0,2.0,97309,Route de Remire RD2,M,"4,9070480"," -52,2728980",973,2019,50.0,1.0,1.0,3.0,2265472,1.0,1,1,2,0.0,,0.0,0,1953.0,B01,138Â 203Â 458,1.0,-1.0,-1.0,1729254,1.0,2,,0.0,2.0,1.0,A01,138Â 203Â 457,1.0
1013052,201900054583,5,5,12:45,1,2,1,1.0,2.0,97309,Route de Remire RD2,M,"4,9070480"," -52,2728980",973,2019,50.0,1.0,1.0,3.0,2265472,1.0,1,1,2,0.0,,0.0,0,1953.0,B01,138Â 203Â 458,1.0,-1.0,-1.0,1729255,1.0,7,,0.0,0.0,4.0,B01,138Â 203Â 458,1.0
1013053,201900054584,5,2,17:15,1,2,1,1.0,3.0,97309,Boulevard Edmar Lama,M,"4,9069697"," -52,2776076",973,2019,50.0,1.0,1.0,4.0,2265473,1.0,1,4,1,9.0,,0.0,0,2005.0,B01,138Â 203Â 455,0.0,-1.0,-1.0,1729256,0.0,1,,0.0,2.0,3.0,B01,138Â 203Â 455,5.0
1013053,201900054584,5,2,17:15,1,2,1,1.0,3.0,97309,Boulevard Edmar Lama,M,"4,9069697"," -52,2776076",973,2019,50.0,1.0,1.0,4.0,2265473,1.0,1,4,1,9.0,,0.0,0,2005.0,B01,138Â 203Â 455,0.0,-1.0,-1.0,1729257,0.0,7,,0.0,9.0,2.0,A01,138Â 203Â 456,1.0
1013053,201900054584,5,2,17:15,1,2,1,1.0,3.0,97309,Boulevard Edmar Lama,M,"4,9069697"," -52,2776076",973,2019,50.0,1.0,1.0,4.0,2265474,1.0,1,1,2,0.0,,0.0,0,1992.0,A01,138Â 203Â 456,8.0,-1.0,-1.0,1729256,0.0,1,,0.0,2.0,3.0,B01,138Â 203Â 455,5.0
1013053,201900054584,5,2,17:15,1,2,1,1.0,3.0,97309,Boulevard Edmar Lama,M,"4,9069697"," -52,2776076",973,2019,50.0,1.0,1.0,4.0,2265474,1.0,1,1,2,0.0,,0.0,0,1992.0,A01,138Â 203Â 456,8.0,-1.0,-1.0,1729257,0.0,7,,0.0,9.0,2.0,A01,138Â 203Â 456,1.0
1013054,201900054585,5,11,01:20,5,2,1,1.0,2.0,69244,Route de Brignais,M,"45,7512500","4,7716190",69,2019,50.0,1.0,2.0,3.0,2265475,1.0,1,1,1,5.0,,0.0,0,2001.0,B01,138Â 203Â 453,1.0,-1.0,-1.0,1729258,3.0,7,,0.0,2.0,1.0,B01,138Â 203Â 453,1.0
1013054,201900054585,5,11,01:20,5,2,1,1.0,2.0,69244,Route de Brignais,M,"45,7512500","4,7716190",69,2019,50.0,1.0,2.0,3.0,2265475,1.0,1,1,1,5.0,,0.0,0,2001.0,B01,138Â 203Â 453,1.0,-1.0,-1.0,1729259,3.0,33,,0.0,0.0,4.0,A01,138Â 203Â 454,1.0
1013054,201900054585,5,11,01:20,5,2,1,1.0,2.0,69244,Route de Brignais,M,"45,7512500","4,7716190",69,2019,50.0,1.0,2.0,3.0,2265476,1.0,1,4,1,1.0,,0.0,0,1990.0,A01,138Â 203Â 454,2.0,6.0,9.0,1729258,3.0,7,,0.0,2.0,1.0,B01,138Â 203Â 453,1.0
1013054,201900054585,5,11,01:20,5,2,1,1.0,2.0,69244,Route de Brignais,M,"45,7512500","4,7716190",69,2019,50.0,1.0,2.0,3.0,2265476,1.0,1,4,1,1.0,,0.0,0,1990.0,A01,138Â 203Â 454,2.0,6.0,9.0,1729259,3.0,33,,0.0,0.0,4.0,A01,138Â 203Â 454,1.0
1013055,201900054586,12,3,16:30,1,2,9,1.0,3.0,31555,BILLIERES (AV ETIENNE) DU 1AU 78,M,"43,5970130","1,4263520",31,2019,50.0,1.0,1.0,4.0,2265477,1.0,1,1,1,9.0,,-1.0,0,1963.0,A01,138Â 203Â 466,1.0,8.0,-1.0,1729260,1.0,10,,0.0,2.0,7.0,A01,138Â 203Â 466,1.0
1013055,201900054586,12,3,16:30,1,2,9,1.0,3.0,31555,BILLIERES (AV ETIENNE) DU 1AU 78,M,"43,5970130","1,4263520",31,2019,50.0,1.0,1.0,4.0,2265477,1.0,1,1,1,9.0,,-1.0,0,1963.0,A01,138Â 203Â 466,1.0,8.0,-1.0,1729261,1.0,31,,0.0,2.0,1.0,B01,138Â 203Â 468,1.0
1013055,201900054586,12,3,16:30,1,2,9,1.0,3.0,31555,BILLIERES (AV ETIENNE) DU 1AU 78,M,"43,5970130","1,4263520",31,2019,50.0,1.0,1.0,4.0,2265478,1.0,1,3,1,9.0,,-1.0,0,1952.0,B01,138Â 203Â 468,2.0,8.0,-1.0,1729260,1.0,10,,0.0,2.0,7.0,A01,138Â 203Â 466,1.0
1013055,201900054586,12,3,16:30,1,2,9,1.0,3.0,31555,BILLIERES (AV ETIENNE) DU 1AU 78,M,"43,5970130","1,4263520",31,2019,50.0,1.0,1.0,4.0,2265478,1.0,1,3,1,9.0,,-1.0,0,1952.0,B01,138Â 203Â 468,2.0,8.0,-1.0,1729261,1.0,31,,0.0,2.0,1.0,B01,138Â 203Â 468,1.0
1013056,201900054587,4,30,22:40,5,2,9,1.0,7.0,69244,boulevard des hesperides 69160 tassin,M,"45,7632870","4,7795150",69,2019,50.0,1.0,1.0,4.0,2265479,1.0,1,4,1,5.0,,0.0,0,1979.0,A01,138Â 203Â 452,2.0,-1.0,-1.0,1729262,0.0,33,,3.0,0.0,0.0,A01,138Â 203Â 452,1.0
1013057,201900054588,5,31,18:50,1,2,6,1.0,6.0,06152,Route de Cannes,M,"43,6246230","6,9990810",6,2019,50.0,1.0,1.0,3.0,2265480,1.0,1,4,1,0.0,,0.0,0,1977.0,A01,138Â 203Â 451,2.0,6.0,-1.0,1729263,0.0,2,,0.0,0.0,8.0,A01,138Â 203Â 451,1.0
1013058,201900054589,12,4,00:55,4,2,3,1.0,6.0,30189,JAURES JEAN (BOULEVARD),M,"43,8384560","4,3498700",30,2019,50.0,8.0,1.0,4.0,2265481,2.0,2,2,1,0.0,,-1.0, -1,1990.0,A01,138Â 203Â 450,8.0,0.0,-1.0,1729264,0.0,7,,6.0,0.0,1.0,A01,138Â 203Â 450,1.0
1013058,201900054589,12,4,00:55,4,2,3,1.0,6.0,30189,JAURES JEAN (BOULEVARD),M,"43,8384560","4,3498700",30,2019,50.0,8.0,1.0,4.0,2265482,1.0,1,2,1,0.0,,-1.0, -1,1991.0,A01,138Â 203Â 450,1.0,8.0,-1.0,1729264,0.0,7,,6.0,0.0,1.0,A01,138Â 203Â 450,1.0
1013059,201900054590,12,4,17:00,1,1,1,1.0,1.0,29039,RD 783,M,"47,8591885"," -3,8806866",29,2019,70.0,1.0,1.0,3.0,2265483,1.0,1,4,1,9.0,,-1.0,0,1994.0,A01,138Â 203Â 448,2.0,6.0,-1.0,1729265,2.0,33,,0.0,2.0,8.0,A01,138Â 203Â 448,1.0
1013059,201900054590,12,4,17:00,1,1,1,1.0,1.0,29039,RD 783,M,"47,8591885"," -3,8806866",29,2019,70.0,1.0,1.0,3.0,2265483,1.0,1,4,1,9.0,,-1.0,0,1994.0,A01,138Â 203Â 448,2.0,6.0,-1.0,1729266,1.0,10,,0.0,2.0,8.0,B01,138Â 203Â 449,1.0
1013059,201900054590,12,4,17:00,1,1,1,1.0,1.0,29039,RD 783,M,"47,8591885"," -3,8806866",29,2019,70.0,1.0,1.0,3.0,2265484,1.0,1,1,2,9.0,,-1.0, -1,1936.0,B01,138Â 203Â 449,1.0,0.0,-1.0,1729265,2.0,33,,0.0,2.0,8.0,A01,138Â 203Â 448,1.0
1013059,201900054590,12,4,17:00,1,1,1,1.0,1.0,29039,RD 783,M,"47,8591885"," -3,8806866",29,2019,70.0,1.0,1.0,3.0,2265484,1.0,1,1,2,9.0,,-1.0, -1,1936.0,B01,138Â 203Â 449,1.0,0.0,-1.0,1729266,1.0,10,,0.0,2.0,8.0,B01,138Â 203Â 449,1.0
1013060,201900054591,12,4,12:15,1,2,1,1.0,6.0,26198,BLUM (Rue LÃ©on),M,"44,5675600","4,7550600",26,2019,50.0,1.0,1.0,4.0,2265485,10.0,3,3,1,1.0,,2.0,3,1966.0,A01,138Â 203Â 447,0.0,-1.0,-1.0,1729267,1.0,7,,0.0,1.0,1.0,A01,138Â 203Â 447,1.0
1013060,201900054591,12,4,12:15,1,2,1,1.0,6.0,26198,BLUM (Rue LÃ©on),M,"44,5675600","4,7550600",26,2019,50.0,1.0,1.0,4.0,2265486,1.0,1,1,2,5.0,,0.0,0,1952.0,A01,138Â 203Â 447,1.0,8.0,-1.0,1729267,1.0,7,,0.0,1.0,1.0,A01,138Â 203Â 447,1.0
1013061,201900054592,12,4,15:10,1,1,1,1.0,1.0,25031,DASLE (RUE DE),M,"47,4779700","6,8757200",25,2019,80.0,1.0,9.0,3.0,2265487,1.0,1,2,2,5.0,,-1.0,0,1954.0,B01,138Â 203Â 445,1.0,0.0,-1.0,1729268,2.0,7,,16.0,2.0,2.0,B01,138Â 203Â 445,1.0
1013061,201900054592,12,4,15:10,1,1,1,1.0,1.0,25031,DASLE (RUE DE),M,"47,4779700","6,8757200",25,2019,80.0,1.0,9.0,3.0,2265487,1.0,1,2,2,5.0,,-1.0,0,1954.0,B01,138Â 203Â 445,1.0,0.0,-1.0,1729269,1.0,7,,0.0,2.0,3.0,A01,138Â 203Â 446,1.0
1013061,201900054592,12,4,15:10,1,1,1,1.0,1.0,25031,DASLE (RUE DE),M,"47,4779700","6,8757200",25,2019,80.0,1.0,9.0,3.0,2265488,2.0,2,4,1,5.0,,-1.0,0,1946.0,A01,138Â 203Â 446,1.0,0.0,-1.0,1729268,2.0,7,,16.0,2.0,2.0,B01,138Â 203Â 445,1.0
1013061,201900054592,12,4,15:10,1,1,1,1.0,1.0,25031,DASLE (RUE DE),M,"47,4779700","6,8757200",25,2019,80.0,1.0,9.0,3.0,2265488,2.0,2,4,1,5.0,,-1.0,0,1946.0,A01,138Â 203Â 446,1.0,0.0,-1.0,1729269,1.0,7,,0.0,2.0,3.0,A01,138Â 203Â 446,1.0
1013061,201900054592,12,4,15:10,1,1,1,1.0,1.0,25031,DASLE (RUE DE),M,"47,4779700","6,8757200",25,2019,80.0,1.0,9.0,3.0,2265489,1.0,1,4,2,5.0,,-1.0,0,1950.0,A01,138Â 203Â 446,1.0,0.0,-1.0,1729268,2.0,7,,16.0,2.0,2.0,B01,138Â 203Â 445,1.0
1013061,201900054592,12,4,15:10,1,1,1,1.0,1.0,25031,DASLE (RUE DE),M,"47,4779700","6,8757200",25,2019,80.0,1.0,9.0,3.0,2265489,1.0,1,4,2,5.0,,-1.0,0,1950.0,A01,138Â 203Â 446,1.0,0.0,-1.0,1729269,1.0,7,,0.0,2.0,3.0,A01,138Â 203Â 446,1.0
1013062,201900054593,12,3,10:55,1,2,1,1.0,3.0,22278,GOUET (VIEILLE COTE DE),M,"48,5217428"," -2,7644253",22,2019,50.0,1.0,1.0,4.0,2265490,1.0,1,4,1,5.0,,-1.0, -1,2003.0,B01,138Â 203Â 441,2.0,0.0,-1.0,1729270,2.0,2,,0.0,2.0,3.0,B01,138Â 203Â 441,1.0
1013062,201900054593,12,3,10:55,1,2,1,1.0,3.0,22278,GOUET (VIEILLE COTE DE),M,"48,5217428"," -2,7644253",22,2019,50.0,1.0,1.0,4.0,2265490,1.0,1,4,1,5.0,,-1.0, -1,2003.0,B01,138Â 203Â 441,2.0,0.0,-1.0,1729271,1.0,7,,0.0,2.0,3.0,A01,138Â 203Â 442,1.0
1013062,201900054593,12,3,10:55,1,2,1,1.0,3.0,22278,GOUET (VIEILLE COTE DE),M,"48,5217428"," -2,7644253",22,2019,50.0,1.0,1.0,4.0,2265491,1.0,1,1,2,5.0,,-1.0, -1,1973.0,A01,138Â 203Â 442,1.0,0.0,-1.0,1729270,2.0,2,,0.0,2.0,3.0,B01,138Â 203Â 441,1.0
1013062,201900054593,12,3,10:55,1,2,1,1.0,3.0,22278,GOUET (VIEILLE COTE DE),M,"48,5217428"," -2,7644253",22,2019,50.0,1.0,1.0,4.0,2265491,1.0,1,1,2,5.0,,-1.0, -1,1973.0,A01,138Â 203Â 442,1.0,0.0,-1.0,1729271,1.0,7,,0.0,2.0,3.0,A01,138Â 203Â 442,1.0
1013063,201900054594,12,4,22:55,5,2,1,1.0,7.0,17300,LECLERC   AVENUE DU GENERAL,M,"46,1626200"," -1,1597500",17,2019,50.0,1.0,9.0,4.0,2265492,1.0,1,4,1,5.0,,-1.0,0,1996.0,A01,138Â 203Â 436,2.0,0.0,-1.0,1729272,1.0,30,,0.0,0.0,7.0,A01,138Â 203Â 436,1.0
1013064,201900054595,12,4,19:45,5,2,1,1.0,2.0,17300,SCHWEITZER   RUE DU DOCTEUR ALB,M,"46,1581300"," -1,1435100",17,2019,30.0,1.0,1.0,4.0,2265493,1.0,1,4,2,1.0,,-1.0,0,2001.0,A01,138Â 203Â 434,1.0,0.0,-1.0,1729273,3.0,7,,0.0,2.0,1.0,A01,138Â 203Â 434,1.0
1013064,201900054595,12,4,19:45,5,2,1,1.0,2.0,17300,SCHWEITZER   RUE DU DOCTEUR ALB,M,"46,1581300"," -1,1435100",17,2019,30.0,1.0,1.0,4.0,2265493,1.0,1,4,2,1.0,,-1.0,0,2001.0,A01,138Â 203Â 434,1.0,0.0,-1.0,1729274,3.0,7,,0.0,2.0,4.0,B01,138Â 203Â 435,1.0
1013064,201900054595,12,4,19:45,5,2,1,1.0,2.0,17300,SCHWEITZER   RUE DU DOCTEUR ALB,M,"46,1581300"," -1,1435100",17,2019,30.0,1.0,1.0,4.0,2265494,1.0,1,1,1,5.0,,-1.0,0,1991.0,B01,138Â 203Â 435,1.0,0.0,-1.0,1729273,3.0,7,,0.0,2.0,1.0,A01,138Â 203Â 434,1.0
1013064,201900054595,12,4,19:45,5,2,1,1.0,2.0,17300,SCHWEITZER   RUE DU DOCTEUR ALB,M,"46,1581300"," -1,1435100",17,2019,30.0,1.0,1.0,4.0,2265494,1.0,1,1,1,5.0,,-1.0,0,1991.0,B01,138Â 203Â 435,1.0,0.0,-1.0,1729274,3.0,7,,0.0,2.0,4.0,B01,138Â 203Â 435,1.0
1013065,201900054596,12,3,18:25,5,1,1,1.0,2.0,17291,RN 11,M,"46,1732800"," -1,1163900",17,2019,70.0,1.0,1.0,2.0,2265495,1.0,1,1,2,1.0,,-1.0, -1,1995.0,B01,138Â 203Â 432,1.0,0.0,-1.0,1729275,1.0,7,,0.0,2.0,1.0,B01,138Â 203Â 432,1.0
1013065,201900054596,12,3,18:25,5,1,1,1.0,2.0,17291,RN 11,M,"46,1732800"," -1,1163900",17,2019,70.0,1.0,1.0,2.0,2265495,1.0,1,1,2,1.0,,-1.0, -1,1995.0,B01,138Â 203Â 432,1.0,0.0,-1.0,1729276,1.0,7,,0.0,2.0,4.0,A01,138Â 203Â 433,2.0
1013065,201900054596,12,3,18:25,5,1,1,1.0,2.0,17291,RN 11,M,"46,1732800"," -1,1163900",17,2019,70.0,1.0,1.0,2.0,2265496,1.0,1,4,1,3.0,,-1.0,0,1929.0,A01,138Â 203Â 433,1.0,0.0,-1.0,1729275,1.0,7,,0.0,2.0,1.0,B01,138Â 203Â 432,1.0
1013065,201900054596,12,3,18:25,5,1,1,1.0,2.0,17291,RN 11,M,"46,1732800"," -1,1163900",17,2019,70.0,1.0,1.0,2.0,2265496,1.0,1,4,1,3.0,,-1.0,0,1929.0,A01,138Â 203Â 433,1.0,0.0,-1.0,1729276,1.0,7,,0.0,2.0,4.0,A01,138Â 203Â 433,2.0
1013066,201900054597,11,13,13:10,1,2,1,1.0,5.0,15014,PUPILLES DE LA NATION (AVENUE DES),M,"44,9210130","2,4395780",15,2019,50.0,1.0,1.0,4.0,2265497,1.0,1,4,2,9.0,,-1.0, -1,2000.0,A01,138Â 203Â 428,1.0,0.0,-1.0,1729277,2.0,7,,0.0,2.0,9.0,A01,138Â 203Â 428,1.0
1013066,201900054597,11,13,13:10,1,2,1,1.0,5.0,15014,PUPILLES DE LA NATION (AVENUE DES),M,"44,9210130","2,4395780",15,2019,50.0,1.0,1.0,4.0,2265497,1.0,1,4,2,9.0,,-1.0, -1,2000.0,A01,138Â 203Â 428,1.0,0.0,-1.0,1729278,1.0,7,,0.0,2.0,3.0,B01,138Â 203Â 429,1.0
1013066,201900054597,11,13,13:10,1,2,1,1.0,5.0,15014,PUPILLES DE LA NATION (AVENUE DES),M,"44,9210130","2,4395780",15,2019,50.0,1.0,1.0,4.0,2265497,1.0,1,4,2,9.0,,-1.0, -1,2000.0,A01,138Â 203Â 428,1.0,0.0,-1.0,1729279,2.0,7,,0.0,2.0,3.0,C01,138Â 203Â 430,0.0
1013066,201900054597,11,13,13:10,1,2,1,1.0,5.0,15014,PUPILLES DE LA NATION (AVENUE DES),M,"44,9210130","2,4395780",15,2019,50.0,1.0,1.0,4.0,2265498,2.0,2,1,1,1.0,,-1.0, -1,1996.0,B01,138Â 203Â 429,1.0,0.0,-1.0,1729277,2.0,7,,0.0,2.0,9.0,A01,138Â 203Â 428,1.0
1013066,201900054597,11,13,13:10,1,2,1,1.0,5.0,15014,PUPILLES DE LA NATION (AVENUE DES),M,"44,9210130","2,4395780",15,2019,50.0,1.0,1.0,4.0,2265498,2.0,2,1,1,1.0,,-1.0, -1,1996.0,B01,138Â 203Â 429,1.0,0.0,-1.0,1729278,1.0,7,,0.0,2.0,3.0,B01,138Â 203Â 429,1.0
1013066,201900054597,11,13,13:10,1,2,1,1.0,5.0,15014,PUPILLES DE LA NATION (AVENUE DES),M,"44,9210130","2,4395780",15,2019,50.0,1.0,1.0,4.0,2265498,2.0,2,1,1,1.0,,-1.0, -1,1996.0,B01,138Â 203Â 429,1.0,0.0,-1.0,1729279,2.0,7,,0.0,2.0,3.0,C01,138Â 203Â 430,0.0
1013066,201900054597,11,13,13:10,1,2,1,1.0,5.0,15014,PUPILLES DE LA NATION (AVENUE DES),M,"44,9210130","2,4395780",15,2019,50.0,1.0,1.0,4.0,2265499,1.0,1,4,1,1.0,,-1.0, -1,1996.0,B01,138Â 203Â 429,1.0,0.0,-1.0,1729277,2.0,7,,0.0,2.0,9.0,A01,138Â 203Â 428,1.0
1013066,201900054597,11,13,13:10,1,2,1,1.0,5.0,15014,PUPILLES DE LA NATION (AVENUE DES),M,"44,9210130","2,4395780",15,2019,50.0,1.0,1.0,4.0,2265499,1.0,1,4,1,1.0,,-1.0, -1,1996.0,B01,138Â 203Â 429,1.0,0.0,-1.0,1729278,1.0,7,,0.0,2.0,3.0,B01,138Â 203Â 429,1.0
1013066,201900054597,11,13,13:10,1,2,1,1.0,5.0,15014,PUPILLES DE LA NATION (AVENUE DES),M,"44,9210130","2,4395780",15,2019,50.0,1.0,1.0,4.0,2265499,1.0,1,4,1,1.0,,-1.0, -1,1996.0,B01,138Â 203Â 429,1.0,0.0,-1.0,1729279,2.0,7,,0.0,2.0,3.0,C01,138Â 203Â 430,0.0
1013066,201900054597,11,13,13:10,1,2,1,1.0,5.0,15014,PUPILLES DE LA NATION (AVENUE DES),M,"44,9210130","2,4395780",15,2019,50.0,1.0,1.0,4.0,2265500,1.0,1,1,1,1.0,,-1.0, -1,1975.0,C01,138Â 203Â 430,1.0,0.0,-1.0,1729277,2.0,7,,0.0,2.0,9.0,A01,138Â 203Â 428,1.0
1013066,201900054597,11,13,13:10,1,2,1,1.0,5.0,15014,PUPILLES DE LA NATION (AVENUE DES),M,"44,9210130","2,4395780",15,2019,50.0,1.0,1.0,4.0,2265500,1.0,1,1,1,1.0,,-1.0, -1,1975.0,C01,138Â 203Â 430,1.0,0.0,-1.0,1729278,1.0,7,,0.0,2.0,3.0,B01,138Â 203Â 429,1.0
1013066,201900054597,11,13,13:10,1,2,1,1.0,5.0,15014,PUPILLES DE LA NATION (AVENUE DES),M,"44,9210130","2,4395780",15,2019,50.0,1.0,1.0,4.0,2265500,1.0,1,1,1,1.0,,-1.0, -1,1975.0,C01,138Â 203Â 430,1.0,0.0,-1.0,1729279,2.0,7,,0.0,2.0,3.0,C01,138Â 203Â 430,0.0
1013067,201900054598,12,4,19:30,5,2,1,9.0,6.0,14699,R.D. 74,M,"49,3714500","0,1197200",14,2019,50.0,1.0,1.0,3.0,2265501,1.0,1,4,1,5.0,,0.0,0,1973.0,A01,138Â 203Â 427,1.0,0.0,-1.0,1729280,1.0,7,,0.0,2.0,2.0,A01,138Â 203Â 427,2.0
1013067,201900054598,12,4,19:30,5,2,1,9.0,6.0,14699,R.D. 74,M,"49,3714500","0,1197200",14,2019,50.0,1.0,1.0,3.0,2265502,2.0,2,1,1,5.0,,0.0,0,1974.0,A01,138Â 203Â 427,1.0,0.0,-1.0,1729280,1.0,7,,0.0,2.0,2.0,A01,138Â 203Â 427,2.0
1013068,201900054599,12,4,22:30,5,2,1,1.0,6.0,13208,MENDES FRANCE (AVENUE),M,"43,2553240","5,3762730",13,2019,50.0,1.0,1.0,4.0,2265503,1.0,1,3,1,5.0,,-1.0,0,1992.0,A01,138Â 203Â 426,2.0,0.0,-1.0,1729281,1.0,33,,1.0,0.0,2.0,A01,138Â 203Â 426,1.0
1013069,201900054600,12,4,18:00,5,2,1,1.0,4.0,13204,FRANÃOISE DUPARC (BOULEVARD),M,"43,3002630","5,4008510",13,2019,50.0,1.0,1.0,4.0,2265504,2.0,2,1,2,0.0,,-1.0,0,2002.0,C01,138Â 203Â 423,1.0,0.0,-1.0,1729282,1.0,7,,0.0,2.0,7.0,C01,138Â 203Â 423,1.0
1013069,201900054600,12,4,18:00,5,2,1,1.0,4.0,13204,FRANÃOISE DUPARC (BOULEVARD),M,"43,3002630","5,4008510",13,2019,50.0,1.0,1.0,4.0,2265504,2.0,2,1,2,0.0,,-1.0,0,2002.0,C01,138Â 203Â 423,1.0,0.0,-1.0,1729283,1.0,7,,0.0,2.0,3.0,B01,138Â 203Â 424,1.0
1013069,201900054600,12,4,18:00,5,2,1,1.0,4.0,13204,FRANÃOISE DUPARC (BOULEVARD),M,"43,3002630","5,4008510",13,2019,50.0,1.0,1.0,4.0,2265504,2.0,2,1,2,0.0,,-1.0,0,2002.0,C01,138Â 203Â 423,1.0,0.0,-1.0,1729284,2.0,7,,0.0,2.0,8.0,A01,138Â 203Â 425,1.0
1013069,201900054600,12,4,18:00,5,2,1,1.0,4.0,13204,FRANÃOISE DUPARC (BOULEVARD),M,"43,3002630","5,4008510",13,2019,50.0,1.0,1.0,4.0,2265505,1.0,1,4,1,1.0,,-1.0,0,2001.0,C01,138Â 203Â 423,1.0,0.0,-1.0,1729282,1.0,7,,0.0,2.0,7.0,C01,138Â 203Â 423,1.0
1013069,201900054600,12,4,18:00,5,2,1,1.0,4.0,13204,FRANÃOISE DUPARC (BOULEVARD),M,"43,3002630","5,4008510",13,2019,50.0,1.0,1.0,4.0,2265505,1.0,1,4,1,1.0,,-1.0,0,2001.0,C01,138Â 203Â 423,1.0,0.0,-1.0,1729283,1.0,7,,0.0,2.0,3.0,B01,138Â 203Â 424,1.0
1013069,201900054600,12,4,18:00,5,2,1,1.0,4.0,13204,FRANÃOISE DUPARC (BOULEVARD),M,"43,3002630","5,4008510",13,2019,50.0,1.0,1.0,4.0,2265505,1.0,1,4,1,1.0,,-1.0,0,2001.0,C01,138Â 203Â 423,1.0,0.0,-1.0,1729284,2.0,7,,0.0,2.0,8.0,A01,138Â 203Â 425,1.0
1013069,201900054600,12,4,18:00,5,2,1,1.0,4.0,13204,FRANÃOISE DUPARC (BOULEVARD),M,"43,3002630","5,4008510",13,2019,50.0,1.0,1.0,4.0,2265506,1.0,1,1,1,5.0,,-1.0,0,1988.0,B01,138Â 203Â 424,1.0,0.0,-1.0,1729282,1.0,7,,0.0,2.0,7.0,C01,138Â 203Â 423,1.0
1013069,201900054600,12,4,18:00,5,2,1,1.0,4.0,13204,FRANÃOISE DUPARC (BOULEVARD),M,"43,3002630","5,4008510",13,2019,50.0,1.0,1.0,4.0,2265506,1.0,1,1,1,5.0,,-1.0,0,1988.0,B01,138Â 203Â 424,1.0,0.0,-1.0,1729283,1.0,7,,0.0,2.0,3.0,B01,138Â 203Â 424,1.0
1013069,201900054600,12,4,18:00,5,2,1,1.0,4.0,13204,FRANÃOISE DUPARC (BOULEVARD),M,"43,3002630","5,4008510",13,2019,50.0,1.0,1.0,4.0,2265506,1.0,1,1,1,5.0,,-1.0,0,1988.0,B01,138Â 203Â 424,1.0,0.0,-1.0,1729284,2.0,7,,0.0,2.0,8.0,A01,138Â 203Â 425,1.0
1013069,201900054600,12,4,18:00,5,2,1,1.0,4.0,13204,FRANÃOISE DUPARC (BOULEVARD),M,"43,3002630","5,4008510",13,2019,50.0,1.0,1.0,4.0,2265507,1.0,1,1,1,4.0,,-1.0,0,1993.0,A01,138Â 203Â 425,1.0,0.0,-1.0,1729282,1.0,7,,0.0,2.0,7.0,C01,138Â 203Â 423,1.0
1013069,201900054600,12,4,18:00,5,2,1,1.0,4.0,13204,FRANÃOISE DUPARC (BOULEVARD),M,"43,3002630","5,4008510",13,2019,50.0,1.0,1.0,4.0,2265507,1.0,1,1,1,4.0,,-1.0,0,1993.0,A01,138Â 203Â 425,1.0,0.0,-1.0,1729283,1.0,7,,0.0,2.0,3.0,B01,138Â 203Â 424,1.0
1013069,201900054600,12,4,18:00,5,2,1,1.0,4.0,13204,FRANÃOISE DUPARC (BOULEVARD),M,"43,3002630","5,4008510",13,2019,50.0,1.0,1.0,4.0,2265507,1.0,1,1,1,4.0,,-1.0,0,1993.0,A01,138Â 203Â 425,1.0,0.0,-1.0,1729284,2.0,7,,0.0,2.0,8.0,A01,138Â 203Â 425,1.0
1013070,201900054601,12,4,15:00,1,2,1,1.0,4.0,13214,ST JOSEPH A STE MARTHE (chemin),M,"43,3424660","5,3862420",13,2019,50.0,1.0,1.0,3.0,2265508,1.0,1,1,1,5.0,,-1.0,0,2000.0,A01,138Â 203Â 420,1.0,0.0,-1.0,1729285,2.0,7,,0.0,2.0,4.0,A01,138Â 203Â 420,0.0