Unnamed: 0_x,num_acc,mois,jour,hrmn,lum,agg,int,atm,col,com,adr,gps,lat,long,dep,annee,vma,situ,surf,catr,Unnamed: 0_y,place,catu,grav,sexe,trajet,secu,locp,actp,an_nais,num_veh_x,id_vehicule_x,secu1,secu2,secu3,Unnamed: 0,senc,catv,occutc,obs,obsm,choc,num_veh_y,id_vehicule_y,motor
1013070,201900054601,12,4,15:00,1,2,1,1.0,4.0,13214,ST JOSEPH A STE MARTHE (chemin),M,"43,3424660","5,3862420",13,2019,50.0,1.0,1.0,3.0,2265508,1.0,1,1,1,5.0,,-1.0,0,2000.0,A01,138Â 203Â 420,1.0,0.0,-1.0,1729286,2.0,7,,0.0,2.0,4.0,B01,138Â 203Â 421,0.0
1013070,201900054601,12,4,15:00,1,2,1,1.0,4.0,13214,ST JOSEPH A STE MARTHE (chemin),M,"43,3424660","5,3862420",13,2019,50.0,1.0,1.0,3.0,2265508,1.0,1,1,1,5.0,,-1.0,0,2000.0,A01,138Â 203Â 420,1.0,0.0,-1.0,1729287,2.0,7,,0.0,2.0,1.0,C01,138Â 203Â 422,0.0
1013070,201900054601,12,4,15:00,1,2,1,1.0,4.0,13214,ST JOSEPH A STE MARTHE (chemin),M,"43,3424660","5,3862420",13,2019,50.0,1.0,1.0,3.0,2265509,4.0,2,4,1,5.0,,-1.0,0,2012.0,B01,138Â 203Â 421,1.0,0.0,-1.0,1729285,2.0,7,,0.0,2.0,4.0,A01,138Â 203Â 420,0.0
1013070,201900054601,12,4,15:00,1,2,1,1.0,4.0,13214,ST JOSEPH A STE MARTHE (chemin),M,"43,3424660","5,3862420",13,2019,50.0,1.0,1.0,3.0,2265509,4.0,2,4,1,5.0,,-1.0,0,2012.0,B01,138Â 203Â 421,1.0,0.0,-1.0,1729286,2.0,7,,0.0,2.0,4.0,B01,138Â 203Â 421,0.0
1013070,201900054601,12,4,15:00,1,2,1,1.0,4.0,13214,ST JOSEPH A STE MARTHE (chemin),M,"43,3424660","5,3862420",13,2019,50.0,1.0,1.0,3.0,2265509,4.0,2,4,1,5.0,,-1.0,0,2012.0,B01,138Â 203Â 421,1.0,0.0,-1.0,1729287,2.0,7,,0.0,2.0,1.0,C01,138Â 203Â 422,0.0
1013070,201900054601,12,4,15:00,1,2,1,1.0,4.0,13214,ST JOSEPH A STE MARTHE (chemin),M,"43,3424660","5,3862420",13,2019,50.0,1.0,1.0,3.0,2265510,2.0,2,4,2,5.0,,-1.0,0,2005.0,B01,138Â 203Â 421,1.0,0.0,-1.0,1729285,2.0,7,,0.0,2.0,4.0,A01,138Â 203Â 420,0.0
1013070,201900054601,12,4,15:00,1,2,1,1.0,4.0,13214,ST JOSEPH A STE MARTHE (chemin),M,"43,3424660","5,3862420",13,2019,50.0,1.0,1.0,3.0,2265510,2.0,2,4,2,5.0,,-1.0,0,2005.0,B01,138Â 203Â 421,1.0,0.0,-1.0,1729286,2.0,7,,0.0,2.0,4.0,B01,138Â 203Â 421,0.0
1013070,201900054601,12,4,15:00,1,2,1,1.0,4.0,13214,ST JOSEPH A STE MARTHE (chemin),M,"43,3424660","5,3862420",13,2019,50.0,1.0,1.0,3.0,2265510,2.0,2,4,2,5.0,,-1.0,0,2005.0,B01,138Â 203Â 421,1.0,0.0,-1.0,1729287,2.0,7,,0.0,2.0,1.0,C01,138Â 203Â 422,0.0
1013070,201900054601,12,4,15:00,1,2,1,1.0,4.0,13214,ST JOSEPH A STE MARTHE (chemin),M,"43,3424660","5,3862420",13,2019,50.0,1.0,1.0,3.0,2265511,1.0,1,4,1,0.0,,-1.0,0,1972.0,B01,138Â 203Â 421,1.0,0.0,-1.0,1729285,2.0,7,,0.0,2.0,4.0,A01,138Â 203Â 420,0.0
1013070,201900054601,12,4,15:00,1,2,1,1.0,4.0,13214,ST JOSEPH A STE MARTHE (chemin),M,"43,3424660","5,3862420",13,2019,50.0,1.0,1.0,3.0,2265511,1.0,1,4,1,0.0,,-1.0,0,1972.0,B01,138Â 203Â 421,1.0,0.0,-1.0,1729286,2.0,7,,0.0,2.0,4.0,B01,138Â 203Â 421,0.0
1013070,201900054601,12,4,15:00,1,2,1,1.0,4.0,13214,ST JOSEPH A STE MARTHE (chemin),M,"43,3424660","5,3862420",13,2019,50.0,1.0,1.0,3.0,2265511,1.0,1,4,1,0.0,,-1.0,0,1972.0,B01,138Â 203Â 421,1.0,0.0,-1.0,1729287,2.0,7,,0.0,2.0,1.0,C01,138Â 203Â 422,0.0
1013070,201900054601,12,4,15:00,1,2,1,1.0,4.0,13214,ST JOSEPH A STE MARTHE (chemin),M,"43,3424660","5,3862420",13,2019,50.0,1.0,1.0,3.0,2265512,4.0,2,4,2,5.0,,-1.0,0,1990.0,C01,138Â 203Â 422,1.0,0.0,-1.0,1729285,2.0,7,,0.0,2.0,4.0,A01,138Â 203Â 420,0.0
1013070,201900054601,12,4,15:00,1,2,1,1.0,4.0,13214,ST JOSEPH A STE MARTHE (chemin),M,"43,3424660","5,3862420",13,2019,50.0,1.0,1.0,3.0,2265512,4.0,2,4,2,5.0,,-1.0,0,1990.0,C01,138Â 203Â 422,1.0,0.0,-1.0,1729286,2.0,7,,0.0,2.0,4.0,B01,138Â 203Â 421,0.0
1013070,201900054601,12,4,15:00,1,2,1,1.0,4.0,13214,ST JOSEPH A STE MARTHE (chemin),M,"43,3424660","5,3862420",13,2019,50.0,1.0,1.0,3.0,2265512,4.0,2,4,2,5.0,,-1.0,0,1990.0,C01,138Â 203Â 422,1.0,0.0,-1.0,1729287,2.0,7,,0.0,2.0,1.0,C01,138Â 203Â 422,0.0
1013070,201900054601,12,4,15:00,1,2,1,1.0,4.0,13214,ST JOSEPH A STE MARTHE (chemin),M,"43,3424660","5,3862420",13,2019,50.0,1.0,1.0,3.0,2265513,1.0,1,4,1,5.0,,-1.0,0,1991.0,C01,138Â 203Â 422,1.0,0.0,-1.0,1729285,2.0,7,,0.0,2.0,4.0,A01,138Â 203Â 420,0.0
1013070,201900054601,12,4,15:00,1,2,1,1.0,4.0,13214,ST JOSEPH A STE MARTHE (chemin),M,"43,3424660","5,3862420",13,2019,50.0,1.0,1.0,3.0,2265513,1.0,1,4,1,5.0,,-1.0,0,1991.0,C01,138Â 203Â 422,1.0,0.0,-1.0,1729286,2.0,7,,0.0,2.0,4.0,B01,138Â 203Â 421,0.0
1013070,201900054601,12,4,15:00,1,2,1,1.0,4.0,13214,ST JOSEPH A STE MARTHE (chemin),M,"43,3424660","5,3862420",13,2019,50.0,1.0,1.0,3.0,2265513,1.0,1,4,1,5.0,,-1.0,0,1991.0,C01,138Â 203Â 422,1.0,0.0,-1.0,1729287,2.0,7,,0.0,2.0,1.0,C01,138Â 203Â 422,0.0
1013070,201900054601,12,4,15:00,1,2,1,1.0,4.0,13214,ST JOSEPH A STE MARTHE (chemin),M,"43,3424660","5,3862420",13,2019,50.0,1.0,1.0,3.0,2265514,2.0,2,4,2,5.0,,-1.0,0,2019.0,C01,138Â 203Â 422,1.0,0.0,-1.0,1729285,2.0,7,,0.0,2.0,4.0,A01,138Â 203Â 420,0.0
1013070,201900054601,12,4,15:00,1,2,1,1.0,4.0,13214,ST JOSEPH A STE MARTHE (chemin),M,"43,3424660","5,3862420",13,2019,50.0,1.0,1.0,3.0,2265514,2.0,2,4,2,5.0,,-1.0,0,2019.0,C01,138Â 203Â 422,1.0,0.0,-1.0,1729286,2.0,7,,0.0,2.0,4.0,B01,138Â 203Â 421,0.0
1013070,201900054601,12,4,15:00,1,2,1,1.0,4.0,13214,ST JOSEPH A STE MARTHE (chemin),M,"43,3424660","5,3862420",13,2019,50.0,1.0,1.0,3.0,2265514,2.0,2,4,2,5.0,,-1.0,0,2019.0,C01,138Â 203Â 422,1.0,0.0,-1.0,1729287,2.0,7,,0.0,2.0,1.0,C01,138Â 203Â 422,0.0
1013070,201900054601,12,4,15:00,1,2,1,1.0,4.0,13214,ST JOSEPH A STE MARTHE (chemin),M,"43,3424660","5,3862420",13,2019,50.0,1.0,1.0,3.0,2265515,3.0,2,4,2,5.0,,-1.0,0,2017.0,C01,138Â 203Â 422,1.0,0.0,-1.0,1729285,2.0,7,,0.0,2.0,4.0,A01,138Â 203Â 420,0.0
1013070,201900054601,12,4,15:00,1,2,1,1.0,4.0,13214,ST JOSEPH A STE MARTHE (chemin),M,"43,3424660","5,3862420",13,2019,50.0,1.0,1.0,3.0,2265515,3.0,2,4,2,5.0,,-1.0,0,2017.0,C01,138Â 203Â 422,1.0,0.0,-1.0,1729286,2.0,7,,0.0,2.0,4.0,B01,138Â 203Â 421,0.0
1013070,201900054601,12,4,15:00,1,2,1,1.0,4.0,13214,ST JOSEPH A STE MARTHE (chemin),M,"43,3424660","5,3862420",13,2019,50.0,1.0,1.0,3.0,2265515,3.0,2,4,2,5.0,,-1.0,0,2017.0,C01,138Â 203Â 422,1.0,0.0,-1.0,1729287,2.0,7,,0.0,2.0,1.0,C01,138Â 203Â 422,0.0
1013071,201900054602,12,3,14:55,1,2,9,1.0,6.0,13214,BASILE BARRELIER (BOULEVARD),M,"43,3391980","5,3899980",13,2019,50.0,1.0,1.0,4.0,2265516,1.0,1,1,1,0.0,,-1.0,0,1951.0,A01,138Â 203Â 418,1.0,0.0,-1.0,1729288,1.0,7,,0.0,0.0,0.0,A01,138Â 203Â 418,0.0
1013071,201900054602,12,3,14:55,1,2,9,1.0,6.0,13214,BASILE BARRELIER (BOULEVARD),M,"43,3391980","5,3899980",13,2019,50.0,1.0,1.0,4.0,2265516,1.0,1,1,1,0.0,,-1.0,0,1951.0,A01,138Â 203Â 418,1.0,0.0,-1.0,1729289,1.0,2,,0.0,0.0,0.0,B01,138Â 203Â 419,0.0
1013071,201900054602,12,3,14:55,1,2,9,1.0,6.0,13214,BASILE BARRELIER (BOULEVARD),M,"43,3391980","5,3899980",13,2019,50.0,1.0,1.0,4.0,2265517,1.0,1,4,1,0.0,,-1.0, -1,1988.0,B01,138Â 203Â 419,2.0,6.0,-1.0,1729288,1.0,7,,0.0,0.0,0.0,A01,138Â 203Â 418,0.0
1013071,201900054602,12,3,14:55,1,2,9,1.0,6.0,13214,BASILE BARRELIER (BOULEVARD),M,"43,3391980","5,3899980",13,2019,50.0,1.0,1.0,4.0,2265517,1.0,1,4,1,0.0,,-1.0, -1,1988.0,B01,138Â 203Â 419,2.0,6.0,-1.0,1729289,1.0,2,,0.0,0.0,0.0,B01,138Â 203Â 419,0.0
1013072,201900054603,12,4,06:40,5,2,1,1.0,6.0,13205,SAKAKINI (BOULEVARD),M,"43,2963050","5,4002900",13,2019,50.0,1.0,1.0,4.0,2265518,1.0,1,4,2,1.0,,-1.0, -1,1966.0,A01,138Â 203Â 417,1.0,8.0,-1.0,1729290,1.0,7,,8.0,0.0,2.0,A01,138Â 203Â 417,1.0
1013073,201900054604,12,4,00:00,5,2,1,1.0,6.0,13207,NEUVE SAINT (RUE),M,"43,2919360","5,3683050",13,2019,20.0,1.0,1.0,4.0,2265519,10.0,3,4,1,5.0,,1.0,3,1972.0,Z01,138Â 203Â 416,8.0,0.0,-1.0,1729291,0.0,32,,0.0,1.0,1.0,Z01,138Â 203Â 416,1.0
1013074,201900054605,12,3,17:45,2,2,8,1.0,3.0,12145,VOIE FERREE,M,"44,1045900","3,0756800",12,2019,50.0,1.0,1.0,4.0,2265520,1.0,1,1,1,4.0,,-1.0, -1,1979.0,B01,138Â 203Â 414,8.0,0.0,-1.0,1729292,3.0,39,,0.0,2.0,1.0,B01,138Â 203Â 414,3.0
1013074,201900054605,12,3,17:45,2,2,8,1.0,3.0,12145,VOIE FERREE,M,"44,1045900","3,0756800",12,2019,50.0,1.0,1.0,4.0,2265520,1.0,1,1,1,4.0,,-1.0, -1,1979.0,B01,138Â 203Â 414,8.0,0.0,-1.0,1729293,3.0,1,,0.0,4.0,7.0,A01,138Â 203Â 415,5.0
1013074,201900054605,12,3,17:45,2,2,8,1.0,3.0,12145,VOIE FERREE,M,"44,1045900","3,0756800",12,2019,50.0,1.0,1.0,4.0,2265521,1.0,1,3,1,3.0,,-1.0, -1,1990.0,A01,138Â 203Â 415,8.0,-1.0,-1.0,1729292,3.0,39,,0.0,2.0,1.0,B01,138Â 203Â 414,3.0
1013074,201900054605,12,3,17:45,2,2,8,1.0,3.0,12145,VOIE FERREE,M,"44,1045900","3,0756800",12,2019,50.0,1.0,1.0,4.0,2265521,1.0,1,3,1,3.0,,-1.0, -1,1990.0,A01,138Â 203Â 415,8.0,-1.0,-1.0,1729293,3.0,1,,0.0,4.0,7.0,A01,138Â 203Â 415,5.0
1013075,201900054606,12,3,19:00,3,1,6,1.0,3.0,07019,D104B,M,"44,5984500","4,3948600",7,2019,80.0,1.0,1.0,3.0,2265522,1.0,1,1,2,5.0,,-1.0, -1,1969.0,A01,138Â 203Â 412,1.0,0.0,-1.0,1729294,2.0,7,,0.0,2.0,3.0,A01,138Â 203Â 412,1.0
1013075,201900054606,12,3,19:00,3,1,6,1.0,3.0,07019,D104B,M,"44,5984500","4,3948600",7,2019,80.0,1.0,1.0,3.0,2265522,1.0,1,1,2,5.0,,-1.0, -1,1969.0,A01,138Â 203Â 412,1.0,0.0,-1.0,1729295,3.0,31,,0.0,2.0,2.0,B01,138Â 203Â 413,1.0
1013075,201900054606,12,3,19:00,3,1,6,1.0,3.0,07019,D104B,M,"44,5984500","4,3948600",7,2019,80.0,1.0,1.0,3.0,2265523,1.0,1,3,1,1.0,,-1.0, -1,1962.0,B01,138Â 203Â 413,2.0,6.0,-1.0,1729294,2.0,7,,0.0,2.0,3.0,A01,138Â 203Â 412,1.0
1013075,201900054606,12,3,19:00,3,1,6,1.0,3.0,07019,D104B,M,"44,5984500","4,3948600",7,2019,80.0,1.0,1.0,3.0,2265523,1.0,1,3,1,1.0,,-1.0, -1,1962.0,B01,138Â 203Â 413,2.0,6.0,-1.0,1729295,3.0,31,,0.0,2.0,2.0,B01,138Â 203Â 413,1.0
1013076,201900054607,12,4,14:50,1,2,1,1.0,6.0,06088,PILATTE (BD FRANCK),M,"43,6926090","7,2906590",6,2019,30.0,1.0,1.0,4.0,2265524,10.0,3,4,2,5.0,,3.0,3,2007.0,A01,138Â 203Â 411,8.0,0.0,-1.0,1729296,3.0,7,,0.0,1.0,1.0,A01,138Â 203Â 411,2.0
1013076,201900054607,12,4,14:50,1,2,1,1.0,6.0,06088,PILATTE (BD FRANCK),M,"43,6926090","7,2906590",6,2019,30.0,1.0,1.0,4.0,2265525,1.0,1,1,1,0.0,,0.0,0,1931.0,A01,138Â 203Â 411,1.0,8.0,-1.0,1729296,3.0,7,,0.0,1.0,1.0,A01,138Â 203Â 411,2.0
1013077,201900054608,12,2,15:00,1,2,1,1.0,6.0,06083,PARTOUNEAUX (RUE),M,"43,7745540","7,4967240",6,2019,50.0,1.0,1.0,4.0,2265526,10.0,3,4,1,5.0,,3.0,3,1928.0,A01,138Â 203Â 410,0.0,-1.0,-1.0,1729297,2.0,7,,0.0,1.0,1.0,A01,138Â 203Â 410,0.0
1013077,201900054608,12,2,15:00,1,2,1,1.0,6.0,06083,PARTOUNEAUX (RUE),M,"43,7745540","7,4967240",6,2019,50.0,1.0,1.0,4.0,2265527,1.0,1,1,1,4.0,,-1.0, -1,1977.0,A01,138Â 203Â 410,1.0,0.0,-1.0,1729297,2.0,7,,0.0,1.0,1.0,A01,138Â 203Â 410,0.0
1013078,201900054609,12,4,16:25,2,2,1,1.0,5.0,06069,CANNES (ROUTE DE)  -RD 6085-,M,"43,6303850","6,9587190",6,2019,50.0,1.0,1.0,4.0,2265528,1.0,1,1,2,0.0,,0.0,0,1977.0,C01,138Â 203Â 407,1.0,0.0,-1.0,1729298,2.0,7,,0.0,2.0,1.0,C01,138Â 203Â 407,1.0
1013078,201900054609,12,4,16:25,2,2,1,1.0,5.0,06069,CANNES (ROUTE DE)  -RD 6085-,M,"43,6303850","6,9587190",6,2019,50.0,1.0,1.0,4.0,2265528,1.0,1,1,2,0.0,,0.0,0,1977.0,C01,138Â 203Â 407,1.0,0.0,-1.0,1729299,1.0,33,,0.0,2.0,1.0,B01,138Â 203Â 408,1.0
1013078,201900054609,12,4,16:25,2,2,1,1.0,5.0,06069,CANNES (ROUTE DE)  -RD 6085-,M,"43,6303850","6,9587190",6,2019,50.0,1.0,1.0,4.0,2265528,1.0,1,1,2,0.0,,0.0,0,1977.0,C01,138Â 203Â 407,1.0,0.0,-1.0,1729300,1.0,7,,0.0,2.0,3.0,A01,138Â 203Â 409,1.0
1013078,201900054609,12,4,16:25,2,2,1,1.0,5.0,06069,CANNES (ROUTE DE)  -RD 6085-,M,"43,6303850","6,9587190",6,2019,50.0,1.0,1.0,4.0,2265529,1.0,1,4,1,0.0,,0.0,0,1965.0,B01,138Â 203Â 408,2.0,6.0,-1.0,1729298,2.0,7,,0.0,2.0,1.0,C01,138Â 203Â 407,1.0
1013078,201900054609,12,4,16:25,2,2,1,1.0,5.0,06069,CANNES (ROUTE DE)  -RD 6085-,M,"43,6303850","6,9587190",6,2019,50.0,1.0,1.0,4.0,2265529,1.0,1,4,1,0.0,,0.0,0,1965.0,B01,138Â 203Â 408,2.0,6.0,-1.0,1729299,1.0,33,,0.0,2.0,1.0,B01,138Â 203Â 408,1.0
1013078,201900054609,12,4,16:25,2,2,1,1.0,5.0,06069,CANNES (ROUTE DE)  -RD 6085-,M,"43,6303850","6,9587190",6,2019,50.0,1.0,1.0,4.0,2265529,1.0,1,4,1,0.0,,0.0,0,1965.0,B01,138Â 203Â 408,2.0,6.0,-1.0,1729300,1.0,7,,0.0,2.0,3.0,A01,138Â 203Â 409,1.0
1013078,201900054609,12,4,16:25,2,2,1,1.0,5.0,06069,CANNES (ROUTE DE)  -RD 6085-,M,"43,6303850","6,9587190",6,2019,50.0,1.0,1.0,4.0,2265530,1.0,1,1,1,0.0,,0.0,0,1974.0,A01,138Â 203Â 409,1.0,0.0,-1.0,1729298,2.0,7,,0.0,2.0,1.0,C01,138Â 203Â 407,1.0
1013078,201900054609,12,4,16:25,2,2,1,1.0,5.0,06069,CANNES (ROUTE DE)  -RD 6085-,M,"43,6303850","6,9587190",6,2019,50.0,1.0,1.0,4.0,2265530,1.0,1,1,1,0.0,,0.0,0,1974.0,A01,138Â 203Â 409,1.0,0.0,-1.0,1729299,1.0,33,,0.0,2.0,1.0,B01,138Â 203Â 408,1.0
1013078,201900054609,12,4,16:25,2,2,1,1.0,5.0,06069,CANNES (ROUTE DE)  -RD 6085-,M,"43,6303850","6,9587190",6,2019,50.0,1.0,1.0,4.0,2265530,1.0,1,1,1,0.0,,0.0,0,1974.0,A01,138Â 203Â 409,1.0,0.0,-1.0,1729300,1.0,7,,0.0,2.0,3.0,A01,138Â 203Â 409,1.0
1013079,201900054610,12,3,17:15,5,2,9,1.0,3.0,06123,DELATTRE DE TASSIGNY BD DU MAL,M,"43,6628160","7,1905100",6,2019,50.0,1.0,1.0,4.0,2265531,1.0,1,4,1,1.0,,0.0,0,1991.0,B01,138Â 203Â 406,2.0,6.0,-1.0,1729301,1.0,7,,0.0,2.0,0.0,Z01,138Â 203Â 405,0.0
1013079,201900054610,12,3,17:15,5,2,9,1.0,3.0,06123,DELATTRE DE TASSIGNY BD DU MAL,M,"43,6628160","7,1905100",6,2019,50.0,1.0,1.0,4.0,2265531,1.0,1,4,1,1.0,,0.0,0,1991.0,B01,138Â 203Â 406,2.0,6.0,-1.0,1729302,1.0,33,,0.0,2.0,6.0,B01,138Â 203Â 406,0.0
1013080,201900054611,12,3,18:50,5,2,1,1.0,2.0,06027,GARE AVENUE DE LA,M,"43,6566410","7,1468810",6,2019,50.0,1.0,1.0,7.0,2265532,1.0,1,1,1,5.0,,0.0,0,1987.0,B01,138Â 203Â 403,1.0,0.0,-1.0,1729303,1.0,7,,0.0,2.0,6.0,B01,138Â 203Â 403,1.0
1013080,201900054611,12,3,18:50,5,2,1,1.0,2.0,06027,GARE AVENUE DE LA,M,"43,6566410","7,1468810",6,2019,50.0,1.0,1.0,7.0,2265532,1.0,1,1,1,5.0,,0.0,0,1987.0,B01,138Â 203Â 403,1.0,0.0,-1.0,1729304,1.0,7,,0.0,2.0,3.0,A01,138Â 203Â 404,1.0
1013080,201900054611,12,3,18:50,5,2,1,1.0,2.0,06027,GARE AVENUE DE LA,M,"43,6566410","7,1468810",6,2019,50.0,1.0,1.0,7.0,2265533,1.0,1,4,2,5.0,,0.0,0,1937.0,A01,138Â 203Â 404,1.0,0.0,-1.0,1729303,1.0,7,,0.0,2.0,6.0,B01,138Â 203Â 403,1.0
1013080,201900054611,12,3,18:50,5,2,1,1.0,2.0,06027,GARE AVENUE DE LA,M,"43,6566410","7,1468810",6,2019,50.0,1.0,1.0,7.0,2265533,1.0,1,4,2,5.0,,0.0,0,1937.0,A01,138Â 203Â 404,1.0,0.0,-1.0,1729304,1.0,7,,0.0,2.0,3.0,A01,138Â 203Â 404,1.0
1013081,201900054612,12,3,20:20,5,2,1,1.0,3.0,05061,FREDERIC MISTRAL ( COURS ),M,"44,5579700","6,0744400",5,2019,50.0,1.0,1.0,3.0,2265534,1.0,1,4,1,5.0,,-1.0,0,2002.0,A01,138Â 203Â 401,2.0,6.0,-1.0,1729305,1.0,2,,0.0,2.0,7.0,A01,138Â 203Â 401,1.0
1013081,201900054612,12,3,20:20,5,2,1,1.0,3.0,05061,FREDERIC MISTRAL ( COURS ),M,"44,5579700","6,0744400",5,2019,50.0,1.0,1.0,3.0,2265534,1.0,1,4,1,5.0,,-1.0,0,2002.0,A01,138Â 203Â 401,2.0,6.0,-1.0,1729306,1.0,10,,0.0,2.0,8.0,B01,138Â 203Â 402,1.0
1013081,201900054612,12,3,20:20,5,2,1,1.0,3.0,05061,FREDERIC MISTRAL ( COURS ),M,"44,5579700","6,0744400",5,2019,50.0,1.0,1.0,3.0,2265535,1.0,1,1,1,9.0,,-1.0,0,1958.0,B01,138Â 203Â 402,1.0,0.0,-1.0,1729305,1.0,2,,0.0,2.0,7.0,A01,138Â 203Â 401,1.0
1013081,201900054612,12,3,20:20,5,2,1,1.0,3.0,05061,FREDERIC MISTRAL ( COURS ),M,"44,5579700","6,0744400",5,2019,50.0,1.0,1.0,3.0,2265535,1.0,1,1,1,9.0,,-1.0,0,1958.0,B01,138Â 203Â 402,1.0,0.0,-1.0,1729306,1.0,10,,0.0,2.0,8.0,B01,138Â 203Â 402,1.0
1013082,201900054613,12,3,15:30,1,2,3,7.0,7.0,05061,GEORGES POMPIDOU ( BD),M,"44,5596900","6,0842500",5,2019,50.0,1.0,1.0,4.0,2265536,10.0,3,3,2,5.0,,3.0,3,1943.0,A01,138Â 203Â 400,0.0,-1.0,-1.0,1729307,2.0,7,,0.0,1.0,1.0,A01,138Â 203Â 400,1.0
1013082,201900054613,12,3,15:30,1,2,3,7.0,7.0,05061,GEORGES POMPIDOU ( BD),M,"44,5596900","6,0842500",5,2019,50.0,1.0,1.0,4.0,2265537,1.0,1,1,2,5.0,,-1.0,0,1983.0,A01,138Â 203Â 400,1.0,0.0,-1.0,1729307,2.0,7,,0.0,1.0,1.0,A01,138Â 203Â 400,1.0
1013083,201900054614,12,4,13:45,1,2,1,1.0,4.0,75112,BD PERIPHERIQUE INTERIEUR,M,"48,8286956","2,3983278",75,2019,70.0,1.0,1.0,4.0,2265538,1.0,1,1,1,4.0,,0.0,0,1980.0,C01,138Â 203Â 397,1.0,0.0,-1.0,1729308,1.0,16,,0.0,2.0,1.0,C01,138Â 203Â 397,1.0
1013083,201900054614,12,4,13:45,1,2,1,1.0,4.0,75112,BD PERIPHERIQUE INTERIEUR,M,"48,8286956","2,3983278",75,2019,70.0,1.0,1.0,4.0,2265538,1.0,1,1,1,4.0,,0.0,0,1980.0,C01,138Â 203Â 397,1.0,0.0,-1.0,1729309,1.0,10,,0.0,2.0,4.0,B01,138Â 203Â 398,1.0
1013083,201900054614,12,4,13:45,1,2,1,1.0,4.0,75112,BD PERIPHERIQUE INTERIEUR,M,"48,8286956","2,3983278",75,2019,70.0,1.0,1.0,4.0,2265538,1.0,1,1,1,4.0,,0.0,0,1980.0,C01,138Â 203Â 397,1.0,0.0,-1.0,1729310,1.0,7,,0.0,2.0,1.0,A01,138Â 203Â 399,1.0
1013083,201900054614,12,4,13:45,1,2,1,1.0,4.0,75112,BD PERIPHERIQUE INTERIEUR,M,"48,8286956","2,3983278",75,2019,70.0,1.0,1.0,4.0,2265539,1.0,1,1,1,4.0,,0.0,0,1963.0,B01,138Â 203Â 398,1.0,0.0,-1.0,1729308,1.0,16,,0.0,2.0,1.0,C01,138Â 203Â 397,1.0
1013083,201900054614,12,4,13:45,1,2,1,1.0,4.0,75112,BD PERIPHERIQUE INTERIEUR,M,"48,8286956","2,3983278",75,2019,70.0,1.0,1.0,4.0,2265539,1.0,1,1,1,4.0,,0.0,0,1963.0,B01,138Â 203Â 398,1.0,0.0,-1.0,1729309,1.0,10,,0.0,2.0,4.0,B01,138Â 203Â 398,1.0
1013083,201900054614,12,4,13:45,1,2,1,1.0,4.0,75112,BD PERIPHERIQUE INTERIEUR,M,"48,8286956","2,3983278",75,2019,70.0,1.0,1.0,4.0,2265539,1.0,1,1,1,4.0,,0.0,0,1963.0,B01,138Â 203Â 398,1.0,0.0,-1.0,1729310,1.0,7,,0.0,2.0,1.0,A01,138Â 203Â 399,1.0
1013083,201900054614,12,4,13:45,1,2,1,1.0,4.0,75112,BD PERIPHERIQUE INTERIEUR,M,"48,8286956","2,3983278",75,2019,70.0,1.0,1.0,4.0,2265540,1.0,1,4,2,4.0,,0.0,0,1968.0,A01,138Â 203Â 399,1.0,0.0,-1.0,1729308,1.0,16,,0.0,2.0,1.0,C01,138Â 203Â 397,1.0
1013083,201900054614,12,4,13:45,1,2,1,1.0,4.0,75112,BD PERIPHERIQUE INTERIEUR,M,"48,8286956","2,3983278",75,2019,70.0,1.0,1.0,4.0,2265540,1.0,1,4,2,4.0,,0.0,0,1968.0,A01,138Â 203Â 399,1.0,0.0,-1.0,1729309,1.0,10,,0.0,2.0,4.0,B01,138Â 203Â 398,1.0
1013083,201900054614,12,4,13:45,1,2,1,1.0,4.0,75112,BD PERIPHERIQUE INTERIEUR,M,"48,8286956","2,3983278",75,2019,70.0,1.0,1.0,4.0,2265540,1.0,1,4,2,4.0,,0.0,0,1968.0,A01,138Â 203Â 399,1.0,0.0,-1.0,1729310,1.0,7,,0.0,2.0,1.0,A01,138Â 203Â 399,1.0
1013084,201900054615,12,4,08:35,1,2,1,1.0,3.0,75120,BD PERIPHERIQUE INTERIEUR,M,"48,8563440","2,4139230",75,2019,70.0,1.0,1.0,4.0,2265541,1.0,1,4,1,5.0,,0.0,0,1968.0,B01,138Â 203Â 395,2.0,6.0,-1.0,1729311,1.0,32,,0.0,2.0,3.0,B01,138Â 203Â 395,1.0
1013084,201900054615,12,4,08:35,1,2,1,1.0,3.0,75120,BD PERIPHERIQUE INTERIEUR,M,"48,8563440","2,4139230",75,2019,70.0,1.0,1.0,4.0,2265541,1.0,1,4,1,5.0,,0.0,0,1968.0,B01,138Â 203Â 395,2.0,6.0,-1.0,1729312,1.0,10,,0.0,2.0,2.0,A01,138Â 203Â 396,1.0
1013084,201900054615,12,4,08:35,1,2,1,1.0,3.0,75120,BD PERIPHERIQUE INTERIEUR,M,"48,8563440","2,4139230",75,2019,70.0,1.0,1.0,4.0,2265542,1.0,1,1,1,1.0,,0.0,0,1975.0,A01,138Â 203Â 396,1.0,0.0,-1.0,1729311,1.0,32,,0.0,2.0,3.0,B01,138Â 203Â 395,1.0
1013084,201900054615,12,4,08:35,1,2,1,1.0,3.0,75120,BD PERIPHERIQUE INTERIEUR,M,"48,8563440","2,4139230",75,2019,70.0,1.0,1.0,4.0,2265542,1.0,1,1,1,1.0,,0.0,0,1975.0,A01,138Â 203Â 396,1.0,0.0,-1.0,1729312,1.0,10,,0.0,2.0,2.0,A01,138Â 203Â 396,1.0