Unnamed: 0_x,num_acc,mois,jour,hrmn,lum,agg,int,atm,col,com,adr,gps,lat,long,dep,annee,vma,situ,surf,catr,Unnamed: 0_y,place,catu,grav,sexe,trajet,secu,locp,actp,an_nais,num_veh_x,id_vehicule_x,secu1,secu2,secu3,Unnamed: 0,senc,catv,occutc,obs,obsm,choc,num_veh_y,id_vehicule_y,motor
1013085,201900054616,12,3,09:20,1,2,1,1.0,3.0,75116,BD PERIPHERIQUE EXTERIEUR,M,"48,8465304","2,2546327",75,2019,70.0,1.0,1.0,4.0,2265543,1.0,1,1,1,5.0,,0.0,0,1980.0,A01,138Â 203Â 393,2.0,6.0,-1.0,1729313,2.0,33,,0.0,2.0,6.0,A01,138Â 203Â 393,1.0
1013085,201900054616,12,3,09:20,1,2,1,1.0,3.0,75116,BD PERIPHERIQUE EXTERIEUR,M,"48,8465304","2,2546327",75,2019,70.0,1.0,1.0,4.0,2265543,1.0,1,1,1,5.0,,0.0,0,1980.0,A01,138Â 203Â 393,2.0,6.0,-1.0,1729314,2.0,32,,0.0,2.0,2.0,B01,138Â 203Â 394,1.0
1013085,201900054616,12,3,09:20,1,2,1,1.0,3.0,75116,BD PERIPHERIQUE EXTERIEUR,M,"48,8465304","2,2546327",75,2019,70.0,1.0,1.0,4.0,2265544,1.0,1,4,1,4.0,,0.0,0,1996.0,B01,138Â 203Â 394,2.0,6.0,-1.0,1729313,2.0,33,,0.0,2.0,6.0,A01,138Â 203Â 393,1.0
1013085,201900054616,12,3,09:20,1,2,1,1.0,3.0,75116,BD PERIPHERIQUE EXTERIEUR,M,"48,8465304","2,2546327",75,2019,70.0,1.0,1.0,4.0,2265544,1.0,1,4,1,4.0,,0.0,0,1996.0,B01,138Â 203Â 394,2.0,6.0,-1.0,1729314,2.0,32,,0.0,2.0,2.0,B01,138Â 203Â 394,1.0
1013086,201900054617,12,4,11:40,1,2,1,1.0,4.0,75113,BD PERIPHERIQUE INTERIEUR,M,"48,8253570","2,3853880",75,2019,70.0,1.0,1.0,4.0,2265545,1.0,1,4,1,5.0,,0.0,0,1957.0,A01,138Â 203Â 390,2.0,6.0,-1.0,1729315,2.0,33,,0.0,2.0,1.0,A01,138Â 203Â 390,1.0
1013086,201900054617,12,4,11:40,1,2,1,1.0,4.0,75113,BD PERIPHERIQUE INTERIEUR,M,"48,8253570","2,3853880",75,2019,70.0,1.0,1.0,4.0,2265545,1.0,1,4,1,5.0,,0.0,0,1957.0,A01,138Â 203Â 390,2.0,6.0,-1.0,1729316,2.0,13,,0.0,2.0,4.0,B01,138Â 203Â 391,1.0
1013086,201900054617,12,4,11:40,1,2,1,1.0,4.0,75113,BD PERIPHERIQUE INTERIEUR,M,"48,8253570","2,3853880",75,2019,70.0,1.0,1.0,4.0,2265545,1.0,1,4,1,5.0,,0.0,0,1957.0,A01,138Â 203Â 390,2.0,6.0,-1.0,1729317,2.0,7,,0.0,2.0,2.0,C01,138Â 203Â 392,2.0
1013086,201900054617,12,4,11:40,1,2,1,1.0,4.0,75113,BD PERIPHERIQUE INTERIEUR,M,"48,8253570","2,3853880",75,2019,70.0,1.0,1.0,4.0,2265546,1.0,1,1,2,4.0,,0.0,0,1993.0,B01,138Â 203Â 391,1.0,0.0,-1.0,1729315,2.0,33,,0.0,2.0,1.0,A01,138Â 203Â 390,1.0
1013086,201900054617,12,4,11:40,1,2,1,1.0,4.0,75113,BD PERIPHERIQUE INTERIEUR,M,"48,8253570","2,3853880",75,2019,70.0,1.0,1.0,4.0,2265546,1.0,1,1,2,4.0,,0.0,0,1993.0,B01,138Â 203Â 391,1.0,0.0,-1.0,1729316,2.0,13,,0.0,2.0,4.0,B01,138Â 203Â 391,1.0
1013086,201900054617,12,4,11:40,1,2,1,1.0,4.0,75113,BD PERIPHERIQUE INTERIEUR,M,"48,8253570","2,3853880",75,2019,70.0,1.0,1.0,4.0,2265546,1.0,1,1,2,4.0,,0.0,0,1993.0,B01,138Â 203Â 391,1.0,0.0,-1.0,1729317,2.0,7,,0.0,2.0,2.0,C01,138Â 203Â 392,2.0
1013086,201900054617,12,4,11:40,1,2,1,1.0,4.0,75113,BD PERIPHERIQUE INTERIEUR,M,"48,8253570","2,3853880",75,2019,70.0,1.0,1.0,4.0,2265547,2.0,2,1,1,4.0,,0.0,0,1991.0,B01,138Â 203Â 391,1.0,0.0,-1.0,1729315,2.0,33,,0.0,2.0,1.0,A01,138Â 203Â 390,1.0
1013086,201900054617,12,4,11:40,1,2,1,1.0,4.0,75113,BD PERIPHERIQUE INTERIEUR,M,"48,8253570","2,3853880",75,2019,70.0,1.0,1.0,4.0,2265547,2.0,2,1,1,4.0,,0.0,0,1991.0,B01,138Â 203Â 391,1.0,0.0,-1.0,1729316,2.0,13,,0.0,2.0,4.0,B01,138Â 203Â 391,1.0
1013086,201900054617,12,4,11:40,1,2,1,1.0,4.0,75113,BD PERIPHERIQUE INTERIEUR,M,"48,8253570","2,3853880",75,2019,70.0,1.0,1.0,4.0,2265547,2.0,2,1,1,4.0,,0.0,0,1991.0,B01,138Â 203Â 391,1.0,0.0,-1.0,1729317,2.0,7,,0.0,2.0,2.0,C01,138Â 203Â 392,2.0
1013086,201900054617,12,4,11:40,1,2,1,1.0,4.0,75113,BD PERIPHERIQUE INTERIEUR,M,"48,8253570","2,3853880",75,2019,70.0,1.0,1.0,4.0,2265548,1.0,1,1,2,5.0,,0.0,0,1948.0,C01,138Â 203Â 392,1.0,0.0,-1.0,1729315,2.0,33,,0.0,2.0,1.0,A01,138Â 203Â 390,1.0
1013086,201900054617,12,4,11:40,1,2,1,1.0,4.0,75113,BD PERIPHERIQUE INTERIEUR,M,"48,8253570","2,3853880",75,2019,70.0,1.0,1.0,4.0,2265548,1.0,1,1,2,5.0,,0.0,0,1948.0,C01,138Â 203Â 392,1.0,0.0,-1.0,1729316,2.0,13,,0.0,2.0,4.0,B01,138Â 203Â 391,1.0
1013086,201900054617,12,4,11:40,1,2,1,1.0,4.0,75113,BD PERIPHERIQUE INTERIEUR,M,"48,8253570","2,3853880",75,2019,70.0,1.0,1.0,4.0,2265548,1.0,1,1,2,5.0,,0.0,0,1948.0,C01,138Â 203Â 392,1.0,0.0,-1.0,1729317,2.0,7,,0.0,2.0,2.0,C01,138Â 203Â 392,2.0
1013087,201900054618,12,3,20:35,5,2,1,1.0,3.0,75113,QUAI DE LA GARE,M,"48,8357624","2,3752985",75,2019,50.0,1.0,1.0,4.0,2265549,1.0,1,1,1,4.0,,0.0,0,1996.0,A01,138Â 203Â 388,1.0,0.0,-1.0,1729318,1.0,7,,0.0,2.0,5.0,A01,138Â 203Â 388,1.0
1013087,201900054618,12,3,20:35,5,2,1,1.0,3.0,75113,QUAI DE LA GARE,M,"48,8357624","2,3752985",75,2019,50.0,1.0,1.0,4.0,2265549,1.0,1,1,1,4.0,,0.0,0,1996.0,A01,138Â 203Â 388,1.0,0.0,-1.0,1729319,2.0,33,,0.0,2.0,8.0,B01,138Â 203Â 389,1.0
1013087,201900054618,12,3,20:35,5,2,1,1.0,3.0,75113,QUAI DE LA GARE,M,"48,8357624","2,3752985",75,2019,50.0,1.0,1.0,4.0,2265550,2.0,2,1,1,4.0,,0.0,0,1986.0,A01,138Â 203Â 388,1.0,0.0,-1.0,1729318,1.0,7,,0.0,2.0,5.0,A01,138Â 203Â 388,1.0
1013087,201900054618,12,3,20:35,5,2,1,1.0,3.0,75113,QUAI DE LA GARE,M,"48,8357624","2,3752985",75,2019,50.0,1.0,1.0,4.0,2265550,2.0,2,1,1,4.0,,0.0,0,1986.0,A01,138Â 203Â 388,1.0,0.0,-1.0,1729319,2.0,33,,0.0,2.0,8.0,B01,138Â 203Â 389,1.0
1013087,201900054618,12,3,20:35,5,2,1,1.0,3.0,75113,QUAI DE LA GARE,M,"48,8357624","2,3752985",75,2019,50.0,1.0,1.0,4.0,2265551,1.0,1,4,1,5.0,,0.0,0,1991.0,B01,138Â 203Â 389,2.0,6.0,-1.0,1729318,1.0,7,,0.0,2.0,5.0,A01,138Â 203Â 388,1.0
1013087,201900054618,12,3,20:35,5,2,1,1.0,3.0,75113,QUAI DE LA GARE,M,"48,8357624","2,3752985",75,2019,50.0,1.0,1.0,4.0,2265551,1.0,1,4,1,5.0,,0.0,0,1991.0,B01,138Â 203Â 389,2.0,6.0,-1.0,1729319,2.0,33,,0.0,2.0,8.0,B01,138Â 203Â 389,1.0
1013088,201900054619,12,4,18:25,5,2,4,1.0,3.0,75119,BOULEVARD DE LA COMMANDERIE,M,"48,9018840","2,3851920",75,2019,50.0,1.0,1.0,4.0,2265552,1.0,1,4,1,0.0,,0.0,0,1992.0,B01,138Â 203Â 386,2.0,6.0,-1.0,1729320,2.0,43,,0.0,2.0,1.0,B01,138Â 203Â 386,1.0
1013088,201900054619,12,4,18:25,5,2,4,1.0,3.0,75119,BOULEVARD DE LA COMMANDERIE,M,"48,9018840","2,3851920",75,2019,50.0,1.0,1.0,4.0,2265552,1.0,1,4,1,0.0,,0.0,0,1992.0,B01,138Â 203Â 386,2.0,6.0,-1.0,1729321,1.0,7,,0.0,2.0,5.0,A01,138Â 203Â 387,1.0
1013088,201900054619,12,4,18:25,5,2,4,1.0,3.0,75119,BOULEVARD DE LA COMMANDERIE,M,"48,9018840","2,3851920",75,2019,50.0,1.0,1.0,4.0,2265553,2.0,2,1,2,0.0,,0.0,0,2004.0,A01,138Â 203Â 387,1.0,0.0,-1.0,1729320,2.0,43,,0.0,2.0,1.0,B01,138Â 203Â 386,1.0
1013088,201900054619,12,4,18:25,5,2,4,1.0,3.0,75119,BOULEVARD DE LA COMMANDERIE,M,"48,9018840","2,3851920",75,2019,50.0,1.0,1.0,4.0,2265553,2.0,2,1,2,0.0,,0.0,0,2004.0,A01,138Â 203Â 387,1.0,0.0,-1.0,1729321,1.0,7,,0.0,2.0,5.0,A01,138Â 203Â 387,1.0
1013088,201900054619,12,4,18:25,5,2,4,1.0,3.0,75119,BOULEVARD DE LA COMMANDERIE,M,"48,9018840","2,3851920",75,2019,50.0,1.0,1.0,4.0,2265554,3.0,2,1,1,0.0,,0.0,0,2005.0,A01,138Â 203Â 387,1.0,0.0,-1.0,1729320,2.0,43,,0.0,2.0,1.0,B01,138Â 203Â 386,1.0
1013088,201900054619,12,4,18:25,5,2,4,1.0,3.0,75119,BOULEVARD DE LA COMMANDERIE,M,"48,9018840","2,3851920",75,2019,50.0,1.0,1.0,4.0,2265554,3.0,2,1,1,0.0,,0.0,0,2005.0,A01,138Â 203Â 387,1.0,0.0,-1.0,1729321,1.0,7,,0.0,2.0,5.0,A01,138Â 203Â 387,1.0
1013088,201900054619,12,4,18:25,5,2,4,1.0,3.0,75119,BOULEVARD DE LA COMMANDERIE,M,"48,9018840","2,3851920",75,2019,50.0,1.0,1.0,4.0,2265555,1.0,1,1,1,0.0,,0.0,0,2000.0,A01,138Â 203Â 387,1.0,0.0,-1.0,1729320,2.0,43,,0.0,2.0,1.0,B01,138Â 203Â 386,1.0
1013088,201900054619,12,4,18:25,5,2,4,1.0,3.0,75119,BOULEVARD DE LA COMMANDERIE,M,"48,9018840","2,3851920",75,2019,50.0,1.0,1.0,4.0,2265555,1.0,1,1,1,0.0,,0.0,0,2000.0,A01,138Â 203Â 387,1.0,0.0,-1.0,1729321,1.0,7,,0.0,2.0,5.0,A01,138Â 203Â 387,1.0
1013089,201900054620,12,4,17:50,5,2,2,1.0,6.0,75119,AVENUE SIMON BOLIVAR,M,"48,8783981","2,3742270",75,2019,50.0,1.0,1.0,4.0,2265556,10.0,3,4,1,0.0,,2.0,3,2004.0,Z01,138Â 203Â 385,0.0,-1.0,-1.0,1729322,1.0,7,,0.0,1.0,1.0,Z01,138Â 203Â 385,0.0
1013090,201900054621,12,4,09:15,1,2,1,1.0,6.0,75119,BOULEVARD MACDONALD,M,"48,8988030","2,3752680",75,2019,50.0,1.0,1.0,4.0,2265557,10.0,3,4,2,2.0,,4.0,3,1999.0,A01,138Â 203Â 384,0.0,-1.0,-1.0,1729323,2.0,7,,0.0,1.0,3.0,A01,138Â 203Â 384,1.0
1013090,201900054621,12,4,09:15,1,2,1,1.0,6.0,75119,BOULEVARD MACDONALD,M,"48,8988030","2,3752680",75,2019,50.0,1.0,1.0,4.0,2265558,1.0,1,1,2,5.0,,0.0,0,1988.0,A01,138Â 203Â 384,1.0,0.0,-1.0,1729323,2.0,7,,0.0,1.0,3.0,A01,138Â 203Â 384,1.0
1013091,201900054622,12,4,16:45,2,2,3,1.0,3.0,75118,RUE CAULAINCOURT,M,"48,8897340","2,3414180",75,2019,50.0,1.0,1.0,4.0,2265559,1.0,1,4,1,0.0,,0.0,0,1992.0,B01,138Â 203Â 382,2.0,6.0,-1.0,1729324,1.0,32,,0.0,2.0,1.0,B01,138Â 203Â 382,1.0
1013091,201900054622,12,4,16:45,2,2,3,1.0,3.0,75118,RUE CAULAINCOURT,M,"48,8897340","2,3414180",75,2019,50.0,1.0,1.0,4.0,2265559,1.0,1,4,1,0.0,,0.0,0,1992.0,B01,138Â 203Â 382,2.0,6.0,-1.0,1729325,2.0,7,,0.0,2.0,7.0,A01,138Â 203Â 383,1.0
1013091,201900054622,12,4,16:45,2,2,3,1.0,3.0,75118,RUE CAULAINCOURT,M,"48,8897340","2,3414180",75,2019,50.0,1.0,1.0,4.0,2265560,1.0,1,1,1,0.0,,0.0,0,1951.0,A01,138Â 203Â 383,1.0,0.0,-1.0,1729324,1.0,32,,0.0,2.0,1.0,B01,138Â 203Â 382,1.0
1013091,201900054622,12,4,16:45,2,2,3,1.0,3.0,75118,RUE CAULAINCOURT,M,"48,8897340","2,3414180",75,2019,50.0,1.0,1.0,4.0,2265560,1.0,1,1,1,0.0,,0.0,0,1951.0,A01,138Â 203Â 383,1.0,0.0,-1.0,1729325,2.0,7,,0.0,2.0,7.0,A01,138Â 203Â 383,1.0
1013092,201900054623,12,4,10:00,1,2,2,1.0,3.0,75118,RUE MARX DORMOY,M,"48,8902506","2,3599255",75,2019,50.0,1.0,1.0,4.0,2265561,1.0,1,1,1,5.0,,0.0,0,1954.0,A01,138Â 203Â 380,1.0,0.0,-1.0,1729326,2.0,7,,0.0,2.0,3.0,A01,138Â 203Â 380,1.0
1013092,201900054623,12,4,10:00,1,2,2,1.0,3.0,75118,RUE MARX DORMOY,M,"48,8902506","2,3599255",75,2019,50.0,1.0,1.0,4.0,2265561,1.0,1,1,1,5.0,,0.0,0,1954.0,A01,138Â 203Â 380,1.0,0.0,-1.0,1729327,2.0,31,,0.0,2.0,2.0,B01,138Â 203Â 381,1.0
1013092,201900054623,12,4,10:00,1,2,2,1.0,3.0,75118,RUE MARX DORMOY,M,"48,8902506","2,3599255",75,2019,50.0,1.0,1.0,4.0,2265562,1.0,1,4,1,5.0,,0.0,0,1945.0,B01,138Â 203Â 381,2.0,6.0,-1.0,1729326,2.0,7,,0.0,2.0,3.0,A01,138Â 203Â 380,1.0
1013092,201900054623,12,4,10:00,1,2,2,1.0,3.0,75118,RUE MARX DORMOY,M,"48,8902506","2,3599255",75,2019,50.0,1.0,1.0,4.0,2265562,1.0,1,4,1,5.0,,0.0,0,1945.0,B01,138Â 203Â 381,2.0,6.0,-1.0,1729327,2.0,31,,0.0,2.0,2.0,B01,138Â 203Â 381,1.0
1013093,201900054624,12,3,05:30,5,2,2,1.0,3.0,75118,RUE ORDENER,M,"48,8902350","2,3599200",75,2019,50.0,1.0,1.0,4.0,2265563,1.0,1,4,1,0.0,,0.0,0,2003.0,B01,138Â 203Â 378,2.0,6.0,-1.0,1729328,2.0,30,,0.0,2.0,1.0,B01,138Â 203Â 378,1.0
1013093,201900054624,12,3,05:30,5,2,2,1.0,3.0,75118,RUE ORDENER,M,"48,8902350","2,3599200",75,2019,50.0,1.0,1.0,4.0,2265563,1.0,1,4,1,0.0,,0.0,0,2003.0,B01,138Â 203Â 378,2.0,6.0,-1.0,1729329,1.0,7,,0.0,2.0,2.0,A01,138Â 203Â 379,1.0
1013093,201900054624,12,3,05:30,5,2,2,1.0,3.0,75118,RUE ORDENER,M,"48,8902350","2,3599200",75,2019,50.0,1.0,1.0,4.0,2265564,1.0,1,1,1,0.0,,0.0,0,1966.0,A01,138Â 203Â 379,1.0,0.0,-1.0,1729328,2.0,30,,0.0,2.0,1.0,B01,138Â 203Â 378,1.0
1013093,201900054624,12,3,05:30,5,2,2,1.0,3.0,75118,RUE ORDENER,M,"48,8902350","2,3599200",75,2019,50.0,1.0,1.0,4.0,2265564,1.0,1,1,1,0.0,,0.0,0,1966.0,A01,138Â 203Â 379,1.0,0.0,-1.0,1729329,1.0,7,,0.0,2.0,2.0,A01,138Â 203Â 379,1.0
1013094,201900054625,11,30,13:00,1,2,1,1.0,6.0,75116,AVENUE MOZART,M,"48,8505080","2,2670711",75,2019,50.0,1.0,1.0,4.0,2265565,1.0,1,3,1,5.0,,0.0,0,1969.0,A01,138Â 203Â 377,2.0,8.0,-1.0,1729330,2.0,1,,1.0,0.0,1.0,A01,138Â 203Â 377,5.0
1013095,201900054626,12,3,11:50,1,2,2,1.0,3.0,75116,RUE MOLITOR,M,"48,8453480","2,2575830",75,2019,30.0,1.0,1.0,4.0,2265566,2.0,2,1,2,3.0,,0.0,0,1987.0,A01,138Â 203Â 375,1.0,0.0,-1.0,1729331,1.0,7,,0.0,2.0,7.0,A01,138Â 203Â 375,1.0
1013095,201900054626,12,3,11:50,1,2,2,1.0,3.0,75116,RUE MOLITOR,M,"48,8453480","2,2575830",75,2019,30.0,1.0,1.0,4.0,2265566,2.0,2,1,2,3.0,,0.0,0,1987.0,A01,138Â 203Â 375,1.0,0.0,-1.0,1729332,1.0,33,,0.0,2.0,7.0,B01,138Â 203Â 376,1.0
1013095,201900054626,12,3,11:50,1,2,2,1.0,3.0,75116,RUE MOLITOR,M,"48,8453480","2,2575830",75,2019,30.0,1.0,1.0,4.0,2265567,1.0,1,1,1,3.0,,0.0,0,1987.0,A01,138Â 203Â 375,1.0,0.0,-1.0,1729331,1.0,7,,0.0,2.0,7.0,A01,138Â 203Â 375,1.0
1013095,201900054626,12,3,11:50,1,2,2,1.0,3.0,75116,RUE MOLITOR,M,"48,8453480","2,2575830",75,2019,30.0,1.0,1.0,4.0,2265567,1.0,1,1,1,3.0,,0.0,0,1987.0,A01,138Â 203Â 375,1.0,0.0,-1.0,1729332,1.0,33,,0.0,2.0,7.0,B01,138Â 203Â 376,1.0
1013095,201900054626,12,3,11:50,1,2,2,1.0,3.0,75116,RUE MOLITOR,M,"48,8453480","2,2575830",75,2019,30.0,1.0,1.0,4.0,2265568,1.0,1,4,1,1.0,,0.0,0,1979.0,B01,138Â 203Â 376,2.0,6.0,-1.0,1729331,1.0,7,,0.0,2.0,7.0,A01,138Â 203Â 375,1.0
1013095,201900054626,12,3,11:50,1,2,2,1.0,3.0,75116,RUE MOLITOR,M,"48,8453480","2,2575830",75,2019,30.0,1.0,1.0,4.0,2265568,1.0,1,4,1,1.0,,0.0,0,1979.0,B01,138Â 203Â 376,2.0,6.0,-1.0,1729332,1.0,33,,0.0,2.0,7.0,B01,138Â 203Â 376,1.0
1013096,201900054627,12,3,08:50,1,2,1,1.0,2.0,75115,PONT DU GARIGLIANO,M,"48,8392720","2,2684780",75,2019,50.0,1.0,1.0,4.0,2265569,1.0,1,4,1,1.0,,0.0,0,1986.0,A01,138Â 203Â 373,2.0,6.0,-1.0,1729333,1.0,2,,0.0,2.0,1.0,A01,138Â 203Â 373,1.0
1013096,201900054627,12,3,08:50,1,2,1,1.0,2.0,75115,PONT DU GARIGLIANO,M,"48,8392720","2,2684780",75,2019,50.0,1.0,1.0,4.0,2265569,1.0,1,4,1,1.0,,0.0,0,1986.0,A01,138Â 203Â 373,2.0,6.0,-1.0,1729334,1.0,7,,0.0,2.0,4.0,B01,138Â 203Â 374,1.0
1013096,201900054627,12,3,08:50,1,2,1,1.0,2.0,75115,PONT DU GARIGLIANO,M,"48,8392720","2,2684780",75,2019,50.0,1.0,1.0,4.0,2265570,1.0,1,1,1,0.0,,0.0,0,1954.0,B01,138Â 203Â 374,1.0,0.0,-1.0,1729333,1.0,2,,0.0,2.0,1.0,A01,138Â 203Â 373,1.0
1013096,201900054627,12,3,08:50,1,2,1,1.0,2.0,75115,PONT DU GARIGLIANO,M,"48,8392720","2,2684780",75,2019,50.0,1.0,1.0,4.0,2265570,1.0,1,1,1,0.0,,0.0,0,1954.0,B01,138Â 203Â 374,1.0,0.0,-1.0,1729334,1.0,7,,0.0,2.0,4.0,B01,138Â 203Â 374,1.0
1013097,201900054628,12,4,16:50,1,2,2,1.0,3.0,75115,RUE DE LA CONVENTION,M,"48,8411020","2,2878920",75,2019,50.0,1.0,1.0,4.0,2265571,1.0,1,4,1,1.0,,0.0,0,1988.0,B01,138Â 203Â 371,8.0,2.0,-1.0,1729335,2.0,1,,0.0,2.0,8.0,B01,138Â 203Â 371,5.0
1013097,201900054628,12,4,16:50,1,2,2,1.0,3.0,75115,RUE DE LA CONVENTION,M,"48,8411020","2,2878920",75,2019,50.0,1.0,1.0,4.0,2265571,1.0,1,4,1,1.0,,0.0,0,1988.0,B01,138Â 203Â 371,8.0,2.0,-1.0,1729336,1.0,7,,0.0,2.0,3.0,A01,138Â 203Â 372,1.0
1013097,201900054628,12,4,16:50,1,2,2,1.0,3.0,75115,RUE DE LA CONVENTION,M,"48,8411020","2,2878920",75,2019,50.0,1.0,1.0,4.0,2265572,2.0,2,1,1,5.0,,0.0,0,1978.0,A01,138Â 203Â 372,1.0,0.0,-1.0,1729335,2.0,1,,0.0,2.0,8.0,B01,138Â 203Â 371,5.0
1013097,201900054628,12,4,16:50,1,2,2,1.0,3.0,75115,RUE DE LA CONVENTION,M,"48,8411020","2,2878920",75,2019,50.0,1.0,1.0,4.0,2265572,2.0,2,1,1,5.0,,0.0,0,1978.0,A01,138Â 203Â 372,1.0,0.0,-1.0,1729336,1.0,7,,0.0,2.0,3.0,A01,138Â 203Â 372,1.0
1013097,201900054628,12,4,16:50,1,2,2,1.0,3.0,75115,RUE DE LA CONVENTION,M,"48,8411020","2,2878920",75,2019,50.0,1.0,1.0,4.0,2265573,1.0,1,1,1,5.0,,0.0,0,1996.0,A01,138Â 203Â 372,1.0,0.0,-1.0,1729335,2.0,1,,0.0,2.0,8.0,B01,138Â 203Â 371,5.0
1013097,201900054628,12,4,16:50,1,2,2,1.0,3.0,75115,RUE DE LA CONVENTION,M,"48,8411020","2,2878920",75,2019,50.0,1.0,1.0,4.0,2265573,1.0,1,1,1,5.0,,0.0,0,1996.0,A01,138Â 203Â 372,1.0,0.0,-1.0,1729336,1.0,7,,0.0,2.0,3.0,A01,138Â 203Â 372,1.0
1013098,201900054629,12,3,08:50,1,2,3,1.0,5.0,75115,RUE DE LA CROIX NIVERT,M,"48,8463265","2,2992316",75,2019,50.0,1.0,1.0,4.0,2265574,1.0,1,1,2,1.0,,0.0,0,1978.0,B01,138Â 203Â 368,1.0,0.0,-1.0,1729337,2.0,7,,0.0,2.0,3.0,B01,138Â 203Â 368,1.0
1013098,201900054629,12,3,08:50,1,2,3,1.0,5.0,75115,RUE DE LA CROIX NIVERT,M,"48,8463265","2,2992316",75,2019,50.0,1.0,1.0,4.0,2265574,1.0,1,1,2,1.0,,0.0,0,1978.0,B01,138Â 203Â 368,1.0,0.0,-1.0,1729338,1.0,10,,0.0,2.0,0.0,C01,138Â 203Â 369,1.0
1013098,201900054629,12,3,08:50,1,2,3,1.0,5.0,75115,RUE DE LA CROIX NIVERT,M,"48,8463265","2,2992316",75,2019,50.0,1.0,1.0,4.0,2265574,1.0,1,1,2,1.0,,0.0,0,1978.0,B01,138Â 203Â 368,1.0,0.0,-1.0,1729339,1.0,33,,0.0,2.0,1.0,A01,138Â 203Â 370,1.0
1013098,201900054629,12,3,08:50,1,2,3,1.0,5.0,75115,RUE DE LA CROIX NIVERT,M,"48,8463265","2,2992316",75,2019,50.0,1.0,1.0,4.0,2265575,1.0,1,1,1,0.0,,0.0,0,1966.0,C01,138Â 203Â 369,1.0,0.0,-1.0,1729337,2.0,7,,0.0,2.0,3.0,B01,138Â 203Â 368,1.0
1013098,201900054629,12,3,08:50,1,2,3,1.0,5.0,75115,RUE DE LA CROIX NIVERT,M,"48,8463265","2,2992316",75,2019,50.0,1.0,1.0,4.0,2265575,1.0,1,1,1,0.0,,0.0,0,1966.0,C01,138Â 203Â 369,1.0,0.0,-1.0,1729338,1.0,10,,0.0,2.0,0.0,C01,138Â 203Â 369,1.0
1013098,201900054629,12,3,08:50,1,2,3,1.0,5.0,75115,RUE DE LA CROIX NIVERT,M,"48,8463265","2,2992316",75,2019,50.0,1.0,1.0,4.0,2265575,1.0,1,1,1,0.0,,0.0,0,1966.0,C01,138Â 203Â 369,1.0,0.0,-1.0,1729339,1.0,33,,0.0,2.0,1.0,A01,138Â 203Â 370,1.0
1013098,201900054629,12,3,08:50,1,2,3,1.0,5.0,75115,RUE DE LA CROIX NIVERT,M,"48,8463265","2,2992316",75,2019,50.0,1.0,1.0,4.0,2265576,1.0,1,4,1,0.0,,0.0,0,1964.0,A01,138Â 203Â 370,2.0,6.0,-1.0,1729337,2.0,7,,0.0,2.0,3.0,B01,138Â 203Â 368,1.0
1013098,201900054629,12,3,08:50,1,2,3,1.0,5.0,75115,RUE DE LA CROIX NIVERT,M,"48,8463265","2,2992316",75,2019,50.0,1.0,1.0,4.0,2265576,1.0,1,4,1,0.0,,0.0,0,1964.0,A01,138Â 203Â 370,2.0,6.0,-1.0,1729338,1.0,10,,0.0,2.0,0.0,C01,138Â 203Â 369,1.0
1013098,201900054629,12,3,08:50,1,2,3,1.0,5.0,75115,RUE DE LA CROIX NIVERT,M,"48,8463265","2,2992316",75,2019,50.0,1.0,1.0,4.0,2265576,1.0,1,4,1,0.0,,0.0,0,1964.0,A01,138Â 203Â 370,2.0,6.0,-1.0,1729339,1.0,33,,0.0,2.0,1.0,A01,138Â 203Â 370,1.0
1013099,201900054630,12,4,11:00,1,2,1,1.0,3.0,75114,BOULEVARD ARAGO,M,"48,8344730","2,3340690",75,2019,50.0,1.0,1.0,4.0,2265577,1.0,1,4,1,0.0,,0.0,0,1975.0,B01,138Â 203Â 366,2.0,6.0,-1.0,1729340,1.0,31,,0.0,2.0,1.0,B01,138Â 203Â 366,1.0
1013099,201900054630,12,4,11:00,1,2,1,1.0,3.0,75114,BOULEVARD ARAGO,M,"48,8344730","2,3340690",75,2019,50.0,1.0,1.0,4.0,2265577,1.0,1,4,1,0.0,,0.0,0,1975.0,B01,138Â 203Â 366,2.0,6.0,-1.0,1729341,1.0,7,,0.0,2.0,3.0,A01,138Â 203Â 367,1.0
1013099,201900054630,12,4,11:00,1,2,1,1.0,3.0,75114,BOULEVARD ARAGO,M,"48,8344730","2,3340690",75,2019,50.0,1.0,1.0,4.0,2265578,1.0,1,1,1,4.0,,0.0,0,1968.0,A01,138Â 203Â 367,1.0,0.0,-1.0,1729340,1.0,31,,0.0,2.0,1.0,B01,138Â 203Â 366,1.0
1013099,201900054630,12,4,11:00,1,2,1,1.0,3.0,75114,BOULEVARD ARAGO,M,"48,8344730","2,3340690",75,2019,50.0,1.0,1.0,4.0,2265578,1.0,1,1,1,4.0,,0.0,0,1968.0,A01,138Â 203Â 367,1.0,0.0,-1.0,1729341,1.0,7,,0.0,2.0,3.0,A01,138Â 203Â 367,1.0
1013100,201900054631,12,2,22:30,5,2,2,1.0,3.0,75114,RUE FROIDEVAUX,M,"48,8360200","2,3276380",75,2019,50.0,1.0,1.0,4.0,2265579,1.0,1,1,1,0.0,,0.0,0,1960.0,A01,138Â 203Â 364,1.0,0.0,-1.0,1729342,1.0,7,,0.0,2.0,3.0,A01,138Â 203Â 364,1.0
1013100,201900054631,12,2,22:30,5,2,2,1.0,3.0,75114,RUE FROIDEVAUX,M,"48,8360200","2,3276380",75,2019,50.0,1.0,1.0,4.0,2265579,1.0,1,1,1,0.0,,0.0,0,1960.0,A01,138Â 203Â 364,1.0,0.0,-1.0,1729343,2.0,32,,0.0,2.0,1.0,B01,138Â 203Â 365,1.0