Unnamed: 0_x,num_acc,mois,jour,hrmn,lum,agg,int,atm,col,com,adr,gps,lat,long,dep,annee,vma,situ,surf,catr,Unnamed: 0_y,place,catu,grav,sexe,trajet,secu,locp,actp,an_nais,num_veh_x,id_vehicule_x,secu1,secu2,secu3,Unnamed: 0,senc,catv,occutc,obs,obsm,choc,num_veh_y,id_vehicule_y,motor
1013100,201900054631,12,2,22:30,5,2,2,1.0,3.0,75114,RUE FROIDEVAUX,M,"48,8360200","2,3276380",75,2019,50.0,1.0,1.0,4.0,2265580,1.0,1,4,1,0.0,,0.0,0,1958.0,B01,138Â 203Â 365,2.0,6.0,-1.0,1729342,1.0,7,,0.0,2.0,3.0,A01,138Â 203Â 364,1.0
1013100,201900054631,12,2,22:30,5,2,2,1.0,3.0,75114,RUE FROIDEVAUX,M,"48,8360200","2,3276380",75,2019,50.0,1.0,1.0,4.0,2265580,1.0,1,4,1,0.0,,0.0,0,1958.0,B01,138Â 203Â 365,2.0,6.0,-1.0,1729343,2.0,32,,0.0,2.0,1.0,B01,138Â 203Â 365,1.0
1013101,201900054632,12,4,20:00,5,2,3,1.0,6.0,75113,AVENUE DE LA PORTE DE VITRY,M,"48,8228320","2,3779177",75,2019,50.0,1.0,1.0,4.0,2265581,10.0,3,4,2,5.0,,3.0,3,1985.0,Z01,138Â 203Â 363,0.0,-1.0,-1.0,1729344,2.0,30,,0.0,1.0,1.0,Z01,138Â 203Â 363,0.0
1013102,201900054633,12,4,05:45,5,2,2,1.0,6.0,75112,AVENUE LEDRU ROLLIN,M,"48,8486360","2,3725690",75,2019,30.0,1.0,1.0,4.0,2265582,10.0,3,4,1,1.0,,2.0,3,1948.0,A01,138Â 203Â 362,0.0,-1.0,-1.0,1729345,2.0,7,,0.0,1.0,1.0,A01,138Â 203Â 362,1.0
1013102,201900054633,12,4,05:45,5,2,2,1.0,6.0,75112,AVENUE LEDRU ROLLIN,M,"48,8486360","2,3725690",75,2019,30.0,1.0,1.0,4.0,2265583,1.0,1,1,1,5.0,,0.0,0,1987.0,A01,138Â 203Â 362,1.0,0.0,-1.0,1729345,2.0,7,,0.0,1.0,1.0,A01,138Â 203Â 362,1.0
1013103,201900054634,12,4,20:40,5,2,2,1.0,3.0,75111,RUE AMELOT,M,"48,8559100","2,3691800",75,2019,30.0,1.0,1.0,4.0,2265584,1.0,1,4,1,0.0,,0.0,0,1972.0,B01,138Â 203Â 360,8.0,2.0,-1.0,1729346,1.0,1,,0.0,2.0,8.0,B01,138Â 203Â 360,5.0
1013103,201900054634,12,4,20:40,5,2,2,1.0,3.0,75111,RUE AMELOT,M,"48,8559100","2,3691800",75,2019,30.0,1.0,1.0,4.0,2265584,1.0,1,4,1,0.0,,0.0,0,1972.0,B01,138Â 203Â 360,8.0,2.0,-1.0,1729347,1.0,7,,0.0,2.0,3.0,A01,138Â 203Â 361,1.0
1013103,201900054634,12,4,20:40,5,2,2,1.0,3.0,75111,RUE AMELOT,M,"48,8559100","2,3691800",75,2019,30.0,1.0,1.0,4.0,2265585,1.0,1,1,1,0.0,,0.0,0,1989.0,A01,138Â 203Â 361,1.0,0.0,-1.0,1729346,1.0,1,,0.0,2.0,8.0,B01,138Â 203Â 360,5.0
1013103,201900054634,12,4,20:40,5,2,2,1.0,3.0,75111,RUE AMELOT,M,"48,8559100","2,3691800",75,2019,30.0,1.0,1.0,4.0,2265585,1.0,1,1,1,0.0,,0.0,0,1989.0,A01,138Â 203Â 361,1.0,0.0,-1.0,1729347,1.0,7,,0.0,2.0,3.0,A01,138Â 203Â 361,1.0
1013104,201900054635,12,4,14:30,1,2,2,1.0,3.0,75111,AVENUE DE LA REPUBLIQUE,M,"48,8651523","2,3751605",75,2019,50.0,1.0,1.0,4.0,2265586,1.0,1,4,1,5.0,,0.0,0,1978.0,A01,138Â 203Â 358,2.0,6.0,-1.0,1729348,2.0,32,,0.0,2.0,0.0,A01,138Â 203Â 358,1.0
1013104,201900054635,12,4,14:30,1,2,2,1.0,3.0,75111,AVENUE DE LA REPUBLIQUE,M,"48,8651523","2,3751605",75,2019,50.0,1.0,1.0,4.0,2265586,1.0,1,4,1,5.0,,0.0,0,1978.0,A01,138Â 203Â 358,2.0,6.0,-1.0,1729349,1.0,30,,0.0,2.0,1.0,B01,138Â 203Â 359,1.0
1013104,201900054635,12,4,14:30,1,2,2,1.0,3.0,75111,AVENUE DE LA REPUBLIQUE,M,"48,8651523","2,3751605",75,2019,50.0,1.0,1.0,4.0,2265587,1.0,1,1,1,4.0,,0.0,0,1984.0,B01,138Â 203Â 359,2.0,6.0,-1.0,1729348,2.0,32,,0.0,2.0,0.0,A01,138Â 203Â 358,1.0
1013104,201900054635,12,4,14:30,1,2,2,1.0,3.0,75111,AVENUE DE LA REPUBLIQUE,M,"48,8651523","2,3751605",75,2019,50.0,1.0,1.0,4.0,2265587,1.0,1,1,1,4.0,,0.0,0,1984.0,B01,138Â 203Â 359,2.0,6.0,-1.0,1729349,1.0,30,,0.0,2.0,1.0,B01,138Â 203Â 359,1.0
1013105,201900054636,12,4,12:30,1,2,3,1.0,6.0,75111,BOULEVARD VOLTAIRE,M,"48,8644520","2,3689970",75,2019,50.0,1.0,1.0,4.0,2265588,10.0,3,4,2,1.0,,4.0,3,1986.0,A01,138Â 203Â 357,0.0,-1.0,-1.0,1729350,2.0,31,,0.0,1.0,1.0,A01,138Â 203Â 357,1.0
1013105,201900054636,12,4,12:30,1,2,3,1.0,6.0,75111,BOULEVARD VOLTAIRE,M,"48,8644520","2,3689970",75,2019,50.0,1.0,1.0,4.0,2265589,1.0,1,1,1,1.0,,0.0,0,1975.0,A01,138Â 203Â 357,2.0,6.0,-1.0,1729350,2.0,31,,0.0,1.0,1.0,A01,138Â 203Â 357,1.0
1013106,201900054637,12,2,12:38,1,2,3,1.0,3.0,75108,PLACE CLEMENCEAU,M,"48,8677950","2,3138670",75,2019,50.0,1.0,1.0,4.0,2265590,1.0,1,1,1,4.0,,0.0,0,1976.0,B01,138Â 203Â 355,1.0,0.0,-1.0,1729351,2.0,7,,0.0,2.0,5.0,B01,138Â 203Â 355,2.0
1013106,201900054637,12,2,12:38,1,2,3,1.0,3.0,75108,PLACE CLEMENCEAU,M,"48,8677950","2,3138670",75,2019,50.0,1.0,1.0,4.0,2265590,1.0,1,1,1,4.0,,0.0,0,1976.0,B01,138Â 203Â 355,1.0,0.0,-1.0,1729352,1.0,30,,0.0,2.0,1.0,A01,138Â 203Â 356,1.0
1013106,201900054637,12,2,12:38,1,2,3,1.0,3.0,75108,PLACE CLEMENCEAU,M,"48,8677950","2,3138670",75,2019,50.0,1.0,1.0,4.0,2265591,1.0,1,4,1,9.0,,0.0,0,1987.0,A01,138Â 203Â 356,2.0,6.0,-1.0,1729351,2.0,7,,0.0,2.0,5.0,B01,138Â 203Â 355,2.0
1013106,201900054637,12,2,12:38,1,2,3,1.0,3.0,75108,PLACE CLEMENCEAU,M,"48,8677950","2,3138670",75,2019,50.0,1.0,1.0,4.0,2265591,1.0,1,4,1,9.0,,0.0,0,1987.0,A01,138Â 203Â 356,2.0,6.0,-1.0,1729352,1.0,30,,0.0,2.0,1.0,A01,138Â 203Â 356,1.0
1013107,201900054638,12,4,14:40,1,2,7,1.0,3.0,75107,PLACE DE LA RESISTANCE,M,"48,8624500","2,3019420",75,2019,50.0,1.0,1.0,4.0,2265592,1.0,1,4,1,0.0,,0.0,0,1965.0,B01,138Â 203Â 353,2.0,6.0,-1.0,1729353,1.0,43,,0.0,2.0,1.0,B01,138Â 203Â 353,1.0
1013107,201900054638,12,4,14:40,1,2,7,1.0,3.0,75107,PLACE DE LA RESISTANCE,M,"48,8624500","2,3019420",75,2019,50.0,1.0,1.0,4.0,2265592,1.0,1,4,1,0.0,,0.0,0,1965.0,B01,138Â 203Â 353,2.0,6.0,-1.0,1729354,1.0,7,,0.0,2.0,2.0,A01,138Â 203Â 354,1.0
1013107,201900054638,12,4,14:40,1,2,7,1.0,3.0,75107,PLACE DE LA RESISTANCE,M,"48,8624500","2,3019420",75,2019,50.0,1.0,1.0,4.0,2265593,1.0,1,1,1,0.0,,0.0,0,1945.0,A01,138Â 203Â 354,1.0,0.0,-1.0,1729353,1.0,43,,0.0,2.0,1.0,B01,138Â 203Â 353,1.0
1013107,201900054638,12,4,14:40,1,2,7,1.0,3.0,75107,PLACE DE LA RESISTANCE,M,"48,8624500","2,3019420",75,2019,50.0,1.0,1.0,4.0,2265593,1.0,1,1,1,0.0,,0.0,0,1945.0,A01,138Â 203Â 354,1.0,0.0,-1.0,1729354,1.0,7,,0.0,2.0,2.0,A01,138Â 203Â 354,1.0
1013108,201900054639,12,4,18:15,2,2,3,1.0,7.0,75104,QUAI DE L HOTEL DE VILLE,M,"48,8553290","2,3527690",75,2019,50.0,1.0,1.0,4.0,2265594,1.0,1,4,2,5.0,,0.0,0,1970.0,A01,138Â 203Â 352,8.0,2.0,-1.0,1729355,2.0,50,,0.0,0.0,0.0,A01,138Â 203Â 352,3.0
1013109,201900054640,12,4,18:00,2,2,1,1.0,2.0,94077,HAUTE SEINE (R DE LA),M,"48,7310100","2,4333100",94,2019,50.0,1.0,1.0,4.0,2265595,1.0,1,4,2,0.0,,-1.0, -1,1976.0,B01,138Â 203Â 350,1.0,0.0,-1.0,1729356,1.0,7,,0.0,2.0,6.0,B01,138Â 203Â 350,1.0
1013109,201900054640,12,4,18:00,2,2,1,1.0,2.0,94077,HAUTE SEINE (R DE LA),M,"48,7310100","2,4333100",94,2019,50.0,1.0,1.0,4.0,2265595,1.0,1,4,2,0.0,,-1.0, -1,1976.0,B01,138Â 203Â 350,1.0,0.0,-1.0,1729357,1.0,7,,0.0,2.0,2.0,A01,138Â 203Â 351,1.0
1013109,201900054640,12,4,18:00,2,2,1,1.0,2.0,94077,HAUTE SEINE (R DE LA),M,"48,7310100","2,4333100",94,2019,50.0,1.0,1.0,4.0,2265596,1.0,1,1,2,0.0,,-1.0, -1,1995.0,A01,138Â 203Â 351,1.0,0.0,-1.0,1729356,1.0,7,,0.0,2.0,6.0,B01,138Â 203Â 350,1.0
1013109,201900054640,12,4,18:00,2,2,1,1.0,2.0,94077,HAUTE SEINE (R DE LA),M,"48,7310100","2,4333100",94,2019,50.0,1.0,1.0,4.0,2265596,1.0,1,1,2,0.0,,-1.0, -1,1995.0,A01,138Â 203Â 351,1.0,0.0,-1.0,1729357,1.0,7,,0.0,2.0,2.0,A01,138Â 203Â 351,1.0
1013110,201900054641,12,3,11:50,1,2,3,1.0,6.0,94068,FOUR (R DU),M,"48,8110900","2,4695300",94,2019,50.0,1.0,1.0,3.0,2265597,1.0,1,1,1,4.0,,-1.0, -1,1964.0,A01,138Â 203Â 349,1.0,0.0,-1.0,1729358,1.0,7,,0.0,1.0,3.0,A01,138Â 203Â 349,1.0
1013110,201900054641,12,3,11:50,1,2,3,1.0,6.0,94068,FOUR (R DU),M,"48,8110900","2,4695300",94,2019,50.0,1.0,1.0,3.0,2265598,10.0,3,4,2,0.0,,4.0,3,2002.0,A01,138Â 203Â 349,8.0,0.0,-1.0,1729358,1.0,7,,0.0,1.0,3.0,A01,138Â 203Â 349,1.0
1013111,201900054642,12,2,21:10,5,2,2,1.0,3.0,94068,CRETEIL (BD DE),M,"48,7980000","2,4890000",94,2019,50.0,1.0,1.0,3.0,2265599,1.0,1,1,2,5.0,,-1.0, -1,1972.0,B01,138Â 203Â 347,1.0,8.0,-1.0,1729359,1.0,7,,0.0,2.0,1.0,B01,138Â 203Â 347,1.0
1013111,201900054642,12,2,21:10,5,2,2,1.0,3.0,94068,CRETEIL (BD DE),M,"48,7980000","2,4890000",94,2019,50.0,1.0,1.0,3.0,2265599,1.0,1,1,2,5.0,,-1.0, -1,1972.0,B01,138Â 203Â 347,1.0,8.0,-1.0,1729360,1.0,33,,0.0,2.0,2.0,A01,138Â 203Â 348,1.0
1013111,201900054642,12,2,21:10,5,2,2,1.0,3.0,94068,CRETEIL (BD DE),M,"48,7980000","2,4890000",94,2019,50.0,1.0,1.0,3.0,2265600,1.0,1,4,1,1.0,,-1.0, -1,1962.0,A01,138Â 203Â 348,2.0,6.0,-1.0,1729359,1.0,7,,0.0,2.0,1.0,B01,138Â 203Â 347,1.0
1013111,201900054642,12,2,21:10,5,2,2,1.0,3.0,94068,CRETEIL (BD DE),M,"48,7980000","2,4890000",94,2019,50.0,1.0,1.0,3.0,2265600,1.0,1,4,1,1.0,,-1.0, -1,1962.0,A01,138Â 203Â 348,2.0,6.0,-1.0,1729360,1.0,33,,0.0,2.0,2.0,A01,138Â 203Â 348,1.0
1013112,201900054643,12,4,12:00,1,2,9,1.0,6.0,94046,JEAN JAURES (R),M,"48,7947230","2,4341390",94,2019,50.0,-1.0,1.0,3.0,2265601,10.0,3,4,1,0.0,,3.0,3,1943.0,A01,138Â 203Â 346,8.0,0.0,-1.0,1729361,2.0,99,,0.0,1.0,1.0,A01,138Â 203Â 346,0.0
1013113,201900054644,12,4,08:50,1,2,1,1.0,1.0,94065,VANNE (R DE LA),M,"48,7597300","2,3467600",94,2019,50.0,1.0,7.0,9.0,2265602,5.0,2,4,2,0.0,,-1.0,0,1990.0,B01,138Â 203Â 344,8.0,0.0,-1.0,1729362,0.0,37,15.0,0.0,2.0,1.0,B01,138Â 203Â 344,1.0
1013113,201900054644,12,4,08:50,1,2,1,1.0,1.0,94065,VANNE (R DE LA),M,"48,7597300","2,3467600",94,2019,50.0,1.0,7.0,9.0,2265602,5.0,2,4,2,0.0,,-1.0,0,1990.0,B01,138Â 203Â 344,8.0,0.0,-1.0,1729363,3.0,37,9.0,0.0,2.0,1.0,A01,138Â 203Â 345,1.0
1013113,201900054644,12,4,08:50,1,2,1,1.0,1.0,94065,VANNE (R DE LA),M,"48,7597300","2,3467600",94,2019,50.0,1.0,7.0,9.0,2265603,5.0,2,4,2,0.0,,-1.0,0,1999.0,B01,138Â 203Â 344,8.0,0.0,-1.0,1729362,0.0,37,15.0,0.0,2.0,1.0,B01,138Â 203Â 344,1.0
1013113,201900054644,12,4,08:50,1,2,1,1.0,1.0,94065,VANNE (R DE LA),M,"48,7597300","2,3467600",94,2019,50.0,1.0,7.0,9.0,2265603,5.0,2,4,2,0.0,,-1.0,0,1999.0,B01,138Â 203Â 344,8.0,0.0,-1.0,1729363,3.0,37,9.0,0.0,2.0,1.0,A01,138Â 203Â 345,1.0
1013113,201900054644,12,4,08:50,1,2,1,1.0,1.0,94065,VANNE (R DE LA),M,"48,7597300","2,3467600",94,2019,50.0,1.0,7.0,9.0,2265604,5.0,2,4,2,0.0,,-1.0,0,1985.0,B01,138Â 203Â 344,8.0,0.0,-1.0,1729362,0.0,37,15.0,0.0,2.0,1.0,B01,138Â 203Â 344,1.0
1013113,201900054644,12,4,08:50,1,2,1,1.0,1.0,94065,VANNE (R DE LA),M,"48,7597300","2,3467600",94,2019,50.0,1.0,7.0,9.0,2265604,5.0,2,4,2,0.0,,-1.0,0,1985.0,B01,138Â 203Â 344,8.0,0.0,-1.0,1729363,3.0,37,9.0,0.0,2.0,1.0,A01,138Â 203Â 345,1.0
1013113,201900054644,12,4,08:50,1,2,1,1.0,1.0,94065,VANNE (R DE LA),M,"48,7597300","2,3467600",94,2019,50.0,1.0,7.0,9.0,2265605,5.0,2,4,2,0.0,,-1.0,0,1962.0,B01,138Â 203Â 344,8.0,0.0,-1.0,1729362,0.0,37,15.0,0.0,2.0,1.0,B01,138Â 203Â 344,1.0
1013113,201900054644,12,4,08:50,1,2,1,1.0,1.0,94065,VANNE (R DE LA),M,"48,7597300","2,3467600",94,2019,50.0,1.0,7.0,9.0,2265605,5.0,2,4,2,0.0,,-1.0,0,1962.0,B01,138Â 203Â 344,8.0,0.0,-1.0,1729363,3.0,37,9.0,0.0,2.0,1.0,A01,138Â 203Â 345,1.0
1013113,201900054644,12,4,08:50,1,2,1,1.0,1.0,94065,VANNE (R DE LA),M,"48,7597300","2,3467600",94,2019,50.0,1.0,7.0,9.0,2265606,5.0,2,4,2,1.0,,-1.0,0,1977.0,B01,138Â 203Â 344,8.0,0.0,-1.0,1729362,0.0,37,15.0,0.0,2.0,1.0,B01,138Â 203Â 344,1.0
1013113,201900054644,12,4,08:50,1,2,1,1.0,1.0,94065,VANNE (R DE LA),M,"48,7597300","2,3467600",94,2019,50.0,1.0,7.0,9.0,2265606,5.0,2,4,2,1.0,,-1.0,0,1977.0,B01,138Â 203Â 344,8.0,0.0,-1.0,1729363,3.0,37,9.0,0.0,2.0,1.0,A01,138Â 203Â 345,1.0
1013113,201900054644,12,4,08:50,1,2,1,1.0,1.0,94065,VANNE (R DE LA),M,"48,7597300","2,3467600",94,2019,50.0,1.0,7.0,9.0,2265607,5.0,2,4,2,9.0,,-1.0,0,1963.0,B01,138Â 203Â 344,8.0,0.0,-1.0,1729362,0.0,37,15.0,0.0,2.0,1.0,B01,138Â 203Â 344,1.0
1013113,201900054644,12,4,08:50,1,2,1,1.0,1.0,94065,VANNE (R DE LA),M,"48,7597300","2,3467600",94,2019,50.0,1.0,7.0,9.0,2265607,5.0,2,4,2,9.0,,-1.0,0,1963.0,B01,138Â 203Â 344,8.0,0.0,-1.0,1729363,3.0,37,9.0,0.0,2.0,1.0,A01,138Â 203Â 345,1.0
1013113,201900054644,12,4,08:50,1,2,1,1.0,1.0,94065,VANNE (R DE LA),M,"48,7597300","2,3467600",94,2019,50.0,1.0,7.0,9.0,2265608,5.0,2,4,2,9.0,,-1.0,0,2000.0,B01,138Â 203Â 344,8.0,0.0,-1.0,1729362,0.0,37,15.0,0.0,2.0,1.0,B01,138Â 203Â 344,1.0
1013113,201900054644,12,4,08:50,1,2,1,1.0,1.0,94065,VANNE (R DE LA),M,"48,7597300","2,3467600",94,2019,50.0,1.0,7.0,9.0,2265608,5.0,2,4,2,9.0,,-1.0,0,2000.0,B01,138Â 203Â 344,8.0,0.0,-1.0,1729363,3.0,37,9.0,0.0,2.0,1.0,A01,138Â 203Â 345,1.0
1013113,201900054644,12,4,08:50,1,2,1,1.0,1.0,94065,VANNE (R DE LA),M,"48,7597300","2,3467600",94,2019,50.0,1.0,7.0,9.0,2265609,5.0,2,4,2,0.0,,-1.0,0,1976.0,B01,138Â 203Â 344,8.0,0.0,-1.0,1729362,0.0,37,15.0,0.0,2.0,1.0,B01,138Â 203Â 344,1.0
1013113,201900054644,12,4,08:50,1,2,1,1.0,1.0,94065,VANNE (R DE LA),M,"48,7597300","2,3467600",94,2019,50.0,1.0,7.0,9.0,2265609,5.0,2,4,2,0.0,,-1.0,0,1976.0,B01,138Â 203Â 344,8.0,0.0,-1.0,1729363,3.0,37,9.0,0.0,2.0,1.0,A01,138Â 203Â 345,1.0
1013113,201900054644,12,4,08:50,1,2,1,1.0,1.0,94065,VANNE (R DE LA),M,"48,7597300","2,3467600",94,2019,50.0,1.0,7.0,9.0,2265610,5.0,2,4,2,0.0,,-1.0,0,1994.0,B01,138Â 203Â 344,8.0,0.0,-1.0,1729362,0.0,37,15.0,0.0,2.0,1.0,B01,138Â 203Â 344,1.0
1013113,201900054644,12,4,08:50,1,2,1,1.0,1.0,94065,VANNE (R DE LA),M,"48,7597300","2,3467600",94,2019,50.0,1.0,7.0,9.0,2265610,5.0,2,4,2,0.0,,-1.0,0,1994.0,B01,138Â 203Â 344,8.0,0.0,-1.0,1729363,3.0,37,9.0,0.0,2.0,1.0,A01,138Â 203Â 345,1.0
1013113,201900054644,12,4,08:50,1,2,1,1.0,1.0,94065,VANNE (R DE LA),M,"48,7597300","2,3467600",94,2019,50.0,1.0,7.0,9.0,2265611,1.0,1,4,1,4.0,,-1.0,0,1973.0,B01,138Â 203Â 344,1.0,0.0,-1.0,1729362,0.0,37,15.0,0.0,2.0,1.0,B01,138Â 203Â 344,1.0
1013113,201900054644,12,4,08:50,1,2,1,1.0,1.0,94065,VANNE (R DE LA),M,"48,7597300","2,3467600",94,2019,50.0,1.0,7.0,9.0,2265611,1.0,1,4,1,4.0,,-1.0,0,1973.0,B01,138Â 203Â 344,1.0,0.0,-1.0,1729363,3.0,37,9.0,0.0,2.0,1.0,A01,138Â 203Â 345,1.0
1013113,201900054644,12,4,08:50,1,2,1,1.0,1.0,94065,VANNE (R DE LA),M,"48,7597300","2,3467600",94,2019,50.0,1.0,7.0,9.0,2265612,5.0,2,4,1,0.0,,-1.0,0,1982.0,B01,138Â 203Â 344,8.0,0.0,-1.0,1729362,0.0,37,15.0,0.0,2.0,1.0,B01,138Â 203Â 344,1.0
1013113,201900054644,12,4,08:50,1,2,1,1.0,1.0,94065,VANNE (R DE LA),M,"48,7597300","2,3467600",94,2019,50.0,1.0,7.0,9.0,2265612,5.0,2,4,1,0.0,,-1.0,0,1982.0,B01,138Â 203Â 344,8.0,0.0,-1.0,1729363,3.0,37,9.0,0.0,2.0,1.0,A01,138Â 203Â 345,1.0
1013113,201900054644,12,4,08:50,1,2,1,1.0,1.0,94065,VANNE (R DE LA),M,"48,7597300","2,3467600",94,2019,50.0,1.0,7.0,9.0,2265613,5.0,2,4,1,0.0,,-1.0,0,1986.0,B01,138Â 203Â 344,8.0,0.0,-1.0,1729362,0.0,37,15.0,0.0,2.0,1.0,B01,138Â 203Â 344,1.0
1013113,201900054644,12,4,08:50,1,2,1,1.0,1.0,94065,VANNE (R DE LA),M,"48,7597300","2,3467600",94,2019,50.0,1.0,7.0,9.0,2265613,5.0,2,4,1,0.0,,-1.0,0,1986.0,B01,138Â 203Â 344,8.0,0.0,-1.0,1729363,3.0,37,9.0,0.0,2.0,1.0,A01,138Â 203Â 345,1.0
1013113,201900054644,12,4,08:50,1,2,1,1.0,1.0,94065,VANNE (R DE LA),M,"48,7597300","2,3467600",94,2019,50.0,1.0,7.0,9.0,2265614,5.0,2,4,2,9.0,,-1.0,0,1957.0,B01,138Â 203Â 344,8.0,0.0,-1.0,1729362,0.0,37,15.0,0.0,2.0,1.0,B01,138Â 203Â 344,1.0
1013113,201900054644,12,4,08:50,1,2,1,1.0,1.0,94065,VANNE (R DE LA),M,"48,7597300","2,3467600",94,2019,50.0,1.0,7.0,9.0,2265614,5.0,2,4,2,9.0,,-1.0,0,1957.0,B01,138Â 203Â 344,8.0,0.0,-1.0,1729363,3.0,37,9.0,0.0,2.0,1.0,A01,138Â 203Â 345,1.0
1013113,201900054644,12,4,08:50,1,2,1,1.0,1.0,94065,VANNE (R DE LA),M,"48,7597300","2,3467600",94,2019,50.0,1.0,7.0,9.0,2265615,5.0,2,4,2,1.0,,-1.0,0,1976.0,B01,138Â 203Â 344,8.0,0.0,-1.0,1729362,0.0,37,15.0,0.0,2.0,1.0,B01,138Â 203Â 344,1.0
1013113,201900054644,12,4,08:50,1,2,1,1.0,1.0,94065,VANNE (R DE LA),M,"48,7597300","2,3467600",94,2019,50.0,1.0,7.0,9.0,2265615,5.0,2,4,2,1.0,,-1.0,0,1976.0,B01,138Â 203Â 344,8.0,0.0,-1.0,1729363,3.0,37,9.0,0.0,2.0,1.0,A01,138Â 203Â 345,1.0
1013113,201900054644,12,4,08:50,1,2,1,1.0,1.0,94065,VANNE (R DE LA),M,"48,7597300","2,3467600",94,2019,50.0,1.0,7.0,9.0,2265616,5.0,2,4,2,9.0,,-1.0,0,1987.0,B01,138Â 203Â 344,8.0,0.0,-1.0,1729362,0.0,37,15.0,0.0,2.0,1.0,B01,138Â 203Â 344,1.0
1013113,201900054644,12,4,08:50,1,2,1,1.0,1.0,94065,VANNE (R DE LA),M,"48,7597300","2,3467600",94,2019,50.0,1.0,7.0,9.0,2265616,5.0,2,4,2,9.0,,-1.0,0,1987.0,B01,138Â 203Â 344,8.0,0.0,-1.0,1729363,3.0,37,9.0,0.0,2.0,1.0,A01,138Â 203Â 345,1.0
1013113,201900054644,12,4,08:50,1,2,1,1.0,1.0,94065,VANNE (R DE LA),M,"48,7597300","2,3467600",94,2019,50.0,1.0,7.0,9.0,2265617,5.0,2,4,1,9.0,,-1.0,0,1956.0,A01,138Â 203Â 345,8.0,0.0,-1.0,1729362,0.0,37,15.0,0.0,2.0,1.0,B01,138Â 203Â 344,1.0
1013113,201900054644,12,4,08:50,1,2,1,1.0,1.0,94065,VANNE (R DE LA),M,"48,7597300","2,3467600",94,2019,50.0,1.0,7.0,9.0,2265617,5.0,2,4,1,9.0,,-1.0,0,1956.0,A01,138Â 203Â 345,8.0,0.0,-1.0,1729363,3.0,37,9.0,0.0,2.0,1.0,A01,138Â 203Â 345,1.0
1013113,201900054644,12,4,08:50,1,2,1,1.0,1.0,94065,VANNE (R DE LA),M,"48,7597300","2,3467600",94,2019,50.0,1.0,7.0,9.0,2265618,5.0,2,4,2,9.0,,-1.0,0,1973.0,A01,138Â 203Â 345,8.0,0.0,-1.0,1729362,0.0,37,15.0,0.0,2.0,1.0,B01,138Â 203Â 344,1.0
1013113,201900054644,12,4,08:50,1,2,1,1.0,1.0,94065,VANNE (R DE LA),M,"48,7597300","2,3467600",94,2019,50.0,1.0,7.0,9.0,2265618,5.0,2,4,2,9.0,,-1.0,0,1973.0,A01,138Â 203Â 345,8.0,0.0,-1.0,1729363,3.0,37,9.0,0.0,2.0,1.0,A01,138Â 203Â 345,1.0
1013113,201900054644,12,4,08:50,1,2,1,1.0,1.0,94065,VANNE (R DE LA),M,"48,7597300","2,3467600",94,2019,50.0,1.0,7.0,9.0,2265619,5.0,2,4,2,9.0,,-1.0,0,1971.0,A01,138Â 203Â 345,8.0,0.0,-1.0,1729362,0.0,37,15.0,0.0,2.0,1.0,B01,138Â 203Â 344,1.0
1013113,201900054644,12,4,08:50,1,2,1,1.0,1.0,94065,VANNE (R DE LA),M,"48,7597300","2,3467600",94,2019,50.0,1.0,7.0,9.0,2265619,5.0,2,4,2,9.0,,-1.0,0,1971.0,A01,138Â 203Â 345,8.0,0.0,-1.0,1729363,3.0,37,9.0,0.0,2.0,1.0,A01,138Â 203Â 345,1.0
1013113,201900054644,12,4,08:50,1,2,1,1.0,1.0,94065,VANNE (R DE LA),M,"48,7597300","2,3467600",94,2019,50.0,1.0,7.0,9.0,2265620,5.0,2,4,1,9.0,,-1.0,0,1997.0,A01,138Â 203Â 345,8.0,0.0,-1.0,1729362,0.0,37,15.0,0.0,2.0,1.0,B01,138Â 203Â 344,1.0
1013113,201900054644,12,4,08:50,1,2,1,1.0,1.0,94065,VANNE (R DE LA),M,"48,7597300","2,3467600",94,2019,50.0,1.0,7.0,9.0,2265620,5.0,2,4,1,9.0,,-1.0,0,1997.0,A01,138Â 203Â 345,8.0,0.0,-1.0,1729363,3.0,37,9.0,0.0,2.0,1.0,A01,138Â 203Â 345,1.0
1013113,201900054644,12,4,08:50,1,2,1,1.0,1.0,94065,VANNE (R DE LA),M,"48,7597300","2,3467600",94,2019,50.0,1.0,7.0,9.0,2265621,5.0,2,4,2,9.0,,-1.0,0,1993.0,A01,138Â 203Â 345,8.0,0.0,-1.0,1729362,0.0,37,15.0,0.0,2.0,1.0,B01,138Â 203Â 344,1.0
1013113,201900054644,12,4,08:50,1,2,1,1.0,1.0,94065,VANNE (R DE LA),M,"48,7597300","2,3467600",94,2019,50.0,1.0,7.0,9.0,2265621,5.0,2,4,2,9.0,,-1.0,0,1993.0,A01,138Â 203Â 345,8.0,0.0,-1.0,1729363,3.0,37,9.0,0.0,2.0,1.0,A01,138Â 203Â 345,1.0
1013113,201900054644,12,4,08:50,1,2,1,1.0,1.0,94065,VANNE (R DE LA),M,"48,7597300","2,3467600",94,2019,50.0,1.0,7.0,9.0,2265622,5.0,2,4,2,0.0,,-1.0,0,1998.0,A01,138Â 203Â 345,8.0,0.0,-1.0,1729362,0.0,37,15.0,0.0,2.0,1.0,B01,138Â 203Â 344,1.0