Unnamed: 0_x,num_acc,mois,jour,hrmn,lum,agg,int,atm,col,com,adr,gps,lat,long,dep,annee,vma,situ,surf,catr,Unnamed: 0_y,place,catu,grav,sexe,trajet,secu,locp,actp,an_nais,num_veh_x,id_vehicule_x,secu1,secu2,secu3,Unnamed: 0,senc,catv,occutc,obs,obsm,choc,num_veh_y,id_vehicule_y,motor
1013113,201900054644,12,4,08:50,1,2,1,1.0,1.0,94065,VANNE (R DE LA),M,"48,7597300","2,3467600",94,2019,50.0,1.0,7.0,9.0,2265622,5.0,2,4,2,0.0,,-1.0,0,1998.0,A01,138Â 203Â 345,8.0,0.0,-1.0,1729363,3.0,37,9.0,0.0,2.0,1.0,A01,138Â 203Â 345,1.0
1013113,201900054644,12,4,08:50,1,2,1,1.0,1.0,94065,VANNE (R DE LA),M,"48,7597300","2,3467600",94,2019,50.0,1.0,7.0,9.0,2265623,5.0,2,4,1,0.0,,-1.0,0,2004.0,A01,138Â 203Â 345,8.0,0.0,-1.0,1729362,0.0,37,15.0,0.0,2.0,1.0,B01,138Â 203Â 344,1.0
1013113,201900054644,12,4,08:50,1,2,1,1.0,1.0,94065,VANNE (R DE LA),M,"48,7597300","2,3467600",94,2019,50.0,1.0,7.0,9.0,2265623,5.0,2,4,1,0.0,,-1.0,0,2004.0,A01,138Â 203Â 345,8.0,0.0,-1.0,1729363,3.0,37,9.0,0.0,2.0,1.0,A01,138Â 203Â 345,1.0
1013113,201900054644,12,4,08:50,1,2,1,1.0,1.0,94065,VANNE (R DE LA),M,"48,7597300","2,3467600",94,2019,50.0,1.0,7.0,9.0,2265624,5.0,2,4,2,0.0,,-1.0,0,1986.0,A01,138Â 203Â 345,8.0,0.0,-1.0,1729362,0.0,37,15.0,0.0,2.0,1.0,B01,138Â 203Â 344,1.0
1013113,201900054644,12,4,08:50,1,2,1,1.0,1.0,94065,VANNE (R DE LA),M,"48,7597300","2,3467600",94,2019,50.0,1.0,7.0,9.0,2265624,5.0,2,4,2,0.0,,-1.0,0,1986.0,A01,138Â 203Â 345,8.0,0.0,-1.0,1729363,3.0,37,9.0,0.0,2.0,1.0,A01,138Â 203Â 345,1.0
1013113,201900054644,12,4,08:50,1,2,1,1.0,1.0,94065,VANNE (R DE LA),M,"48,7597300","2,3467600",94,2019,50.0,1.0,7.0,9.0,2265625,1.0,1,4,1,4.0,,-1.0,0,1965.0,A01,138Â 203Â 345,1.0,0.0,-1.0,1729362,0.0,37,15.0,0.0,2.0,1.0,B01,138Â 203Â 344,1.0
1013113,201900054644,12,4,08:50,1,2,1,1.0,1.0,94065,VANNE (R DE LA),M,"48,7597300","2,3467600",94,2019,50.0,1.0,7.0,9.0,2265625,1.0,1,4,1,4.0,,-1.0,0,1965.0,A01,138Â 203Â 345,1.0,0.0,-1.0,1729363,3.0,37,9.0,0.0,2.0,1.0,A01,138Â 203Â 345,1.0
1013114,201900054645,12,4,10:50,1,2,1,1.0,6.0,94002,JEAN COLLY (R),M,"48,8095000","2,4158000",94,2019,50.0,1.0,1.0,4.0,2265626,1.0,1,1,1,4.0,,-1.0,0,1981.0,A01,138Â 203Â 343,1.0,0.0,-1.0,1729364,2.0,10,,0.0,1.0,4.0,A01,138Â 203Â 343,1.0
1013114,201900054645,12,4,10:50,1,2,1,1.0,6.0,94002,JEAN COLLY (R),M,"48,8095000","2,4158000",94,2019,50.0,1.0,1.0,4.0,2265627,10.0,3,4,2,3.0,,1.0,3,1937.0,A01,138Â 203Â 343,8.0,0.0,-1.0,1729364,2.0,10,,0.0,1.0,4.0,A01,138Â 203Â 343,1.0
1013115,201900054646,12,4,17:20,2,2,1,1.0,6.0,93062,THIERS (AVENUE),M,"48,8987900","2,5187800",93,2019,30.0,1.0,1.0,4.0,2265628,1.0,1,1,2,0.0,,-1.0, -1,1953.0,A01,138Â 203Â 342,1.0,0.0,-1.0,1729365,1.0,7,,0.0,1.0,3.0,A01,138Â 203Â 342,0.0
1013115,201900054646,12,4,17:20,2,2,1,1.0,6.0,93062,THIERS (AVENUE),M,"48,8987900","2,5187800",93,2019,30.0,1.0,1.0,4.0,2265629,10.0,3,4,2,0.0,,3.0,3,1966.0,A01,138Â 203Â 342,0.0,0.0,-1.0,1729365,1.0,7,,0.0,1.0,3.0,A01,138Â 203Â 342,0.0
1013115,201900054646,12,4,17:20,2,2,1,1.0,6.0,93062,THIERS (AVENUE),M,"48,8987900","2,5187800",93,2019,30.0,1.0,1.0,4.0,2265630,4.0,2,1,2,0.0,,-1.0, -1,2013.0,A01,138Â 203Â 342,1.0,0.0,-1.0,1729365,1.0,7,,0.0,1.0,3.0,A01,138Â 203Â 342,0.0
1013116,201900054647,12,3,11:30,1,2,1,1.0,3.0,93077,ROSNY (AVENUE DE),M,"48,8842320","2,5009130",93,2019,50.0,1.0,1.0,3.0,2265631,1.0,1,1,1,3.0,,-1.0, -1,1996.0,A01,138Â 203Â 340,1.0,0.0,-1.0,1729366,1.0,7,,0.0,2.0,5.0,A01,138Â 203Â 340,1.0
1013116,201900054647,12,3,11:30,1,2,1,1.0,3.0,93077,ROSNY (AVENUE DE),M,"48,8842320","2,5009130",93,2019,50.0,1.0,1.0,3.0,2265631,1.0,1,1,1,3.0,,-1.0, -1,1996.0,A01,138Â 203Â 340,1.0,0.0,-1.0,1729367,1.0,34,,0.0,2.0,1.0,B01,138Â 203Â 341,1.0
1013116,201900054647,12,3,11:30,1,2,1,1.0,3.0,93077,ROSNY (AVENUE DE),M,"48,8842320","2,5009130",93,2019,50.0,1.0,1.0,3.0,2265632,1.0,1,4,1,9.0,,-1.0, -1,1993.0,B01,138Â 203Â 341,2.0,6.0,-1.0,1729366,1.0,7,,0.0,2.0,5.0,A01,138Â 203Â 340,1.0
1013116,201900054647,12,3,11:30,1,2,1,1.0,3.0,93077,ROSNY (AVENUE DE),M,"48,8842320","2,5009130",93,2019,50.0,1.0,1.0,3.0,2265632,1.0,1,4,1,9.0,,-1.0, -1,1993.0,B01,138Â 203Â 341,2.0,6.0,-1.0,1729367,1.0,34,,0.0,2.0,1.0,B01,138Â 203Â 341,1.0
1013117,201900054648,12,4,19:05,5,2,9,1.0,2.0,93053,BREMENT (RUE DE) 1 A 83 - 2 A 78,M,"48,8994066","2,4587288",93,2019,50.0,1.0,1.0,3.0,2265633,1.0,1,4,1,1.0,,0.0,0,1965.0,A01,138Â 203Â 339,2.0,8.0,-1.0,1729368,1.0,7,,0.0,1.0,1.0,B01,138Â 203Â 338,0.0
1013117,201900054648,12,4,19:05,5,2,9,1.0,2.0,93053,BREMENT (RUE DE) 1 A 83 - 2 A 78,M,"48,8994066","2,4587288",93,2019,50.0,1.0,1.0,3.0,2265633,1.0,1,4,1,1.0,,0.0,0,1965.0,A01,138Â 203Â 339,2.0,8.0,-1.0,1729369,1.0,1,,0.0,1.0,4.0,A01,138Â 203Â 339,6.0
1013118,201900054649,11,29,11:49,1,2,2,1.0,3.0,93053,PARIS (RUE DE),M,"48,9038600","2,4705500",93,2019,50.0,1.0,2.0,3.0,2265634,1.0,1,1,1,0.0,,-1.0, -1,1999.0,A01,138Â 203Â 336,1.0,0.0,-1.0,1729370,1.0,10,,0.0,2.0,1.0,A01,138Â 203Â 336,1.0
1013118,201900054649,11,29,11:49,1,2,2,1.0,3.0,93053,PARIS (RUE DE),M,"48,9038600","2,4705500",93,2019,50.0,1.0,2.0,3.0,2265634,1.0,1,1,1,0.0,,-1.0, -1,1999.0,A01,138Â 203Â 336,1.0,0.0,-1.0,1729371,1.0,7,,0.0,2.0,7.0,B01,138Â 203Â 337,1.0
1013118,201900054649,11,29,11:49,1,2,2,1.0,3.0,93053,PARIS (RUE DE),M,"48,9038600","2,4705500",93,2019,50.0,1.0,2.0,3.0,2265635,1.0,1,4,1,4.0,,-1.0, -1,1999.0,B01,138Â 203Â 337,1.0,0.0,-1.0,1729370,1.0,10,,0.0,2.0,1.0,A01,138Â 203Â 336,1.0
1013118,201900054649,11,29,11:49,1,2,2,1.0,3.0,93053,PARIS (RUE DE),M,"48,9038600","2,4705500",93,2019,50.0,1.0,2.0,3.0,2265635,1.0,1,4,1,4.0,,-1.0, -1,1999.0,B01,138Â 203Â 337,1.0,0.0,-1.0,1729371,1.0,7,,0.0,2.0,7.0,B01,138Â 203Â 337,1.0
1013119,201900054650,12,4,20:40,5,2,9,1.0,7.0,93010,GALLIENI (AV.) DE 1 A 109,M,"48,9067807","2,4873626",93,2019,50.0,1.0,1.0,3.0,2265636,1.0,1,4,2,0.0,,-1.0, -1,1960.0,A01,138Â 203Â 335,1.0,0.0,-1.0,1729372,1.0,7,,12.0,0.0,3.0,A01,138Â 203Â 335,0.0
1013120,201900054651,12,4,16:23,2,2,1,1.0,6.0,93007,"""PAUL VAILLANT COUTURIER (AVENUE """"DU 01",M,"48,9275000","2,4739000",93,2019,50.0,1.0,1.0,3.0,2265637,10.0,3,4,2,2.0,,2.0,3,2008.0,A01,138Â 203Â 334,8.0,0.0,-1.0,1729373,2.0,7,,0.0,1.0,3.0,A01,138Â 203Â 334,1.0
1013120,201900054651,12,4,16:23,2,2,1,1.0,6.0,93007,"""PAUL VAILLANT COUTURIER (AVENUE """"DU 01",M,"48,9275000","2,4739000",93,2019,50.0,1.0,1.0,3.0,2265638,1.0,1,1,2,0.0,,-1.0, -1,1995.0,A01,138Â 203Â 334,1.0,0.0,-1.0,1729373,2.0,7,,0.0,1.0,3.0,A01,138Â 203Â 334,1.0
1013121,201900054652,12,4,09:20,1,2,9,1.0,2.0,92078,CHARLES DE GAULLE (BD)(72 AU 308),M,"48,9398800","2,3237400",92,2019,50.0,1.0,1.0,3.0,2265639,1.0,1,4,1,0.0,,-1.0, -1,1981.0,A01,138Â 203Â 332,1.0,8.0,-1.0,1729374,0.0,7,,0.0,2.0,4.0,A01,138Â 203Â 332,1.0
1013121,201900054652,12,4,09:20,1,2,9,1.0,2.0,92078,CHARLES DE GAULLE (BD)(72 AU 308),M,"48,9398800","2,3237400",92,2019,50.0,1.0,1.0,3.0,2265639,1.0,1,4,1,0.0,,-1.0, -1,1981.0,A01,138Â 203Â 332,1.0,8.0,-1.0,1729375,0.0,7,,0.0,2.0,1.0,B01,138Â 203Â 333,1.0
1013121,201900054652,12,4,09:20,1,2,9,1.0,2.0,92078,CHARLES DE GAULLE (BD)(72 AU 308),M,"48,9398800","2,3237400",92,2019,50.0,1.0,1.0,3.0,2265640,1.0,1,1,1,0.0,,-1.0, -1,1981.0,B01,138Â 203Â 333,1.0,0.0,-1.0,1729374,0.0,7,,0.0,2.0,4.0,A01,138Â 203Â 332,1.0
1013121,201900054652,12,4,09:20,1,2,9,1.0,2.0,92078,CHARLES DE GAULLE (BD)(72 AU 308),M,"48,9398800","2,3237400",92,2019,50.0,1.0,1.0,3.0,2265640,1.0,1,1,1,0.0,,-1.0, -1,1981.0,B01,138Â 203Â 333,1.0,0.0,-1.0,1729375,0.0,7,,0.0,2.0,1.0,B01,138Â 203Â 333,1.0
1013122,201900054653,12,4,11:30,1,2,1,1.0,1.0,92073,WASHINGTON (BOULEVARD),M,"48,8764000","2,2175000",92,2019,50.0,1.0,1.0,3.0,2265641,1.0,1,4,1,9.0,,-1.0, -1,1996.0,A01,138Â 203Â 330,2.0,8.0,-1.0,1729376,0.0,33,,0.0,2.0,1.0,A01,138Â 203Â 330,1.0
1013122,201900054653,12,4,11:30,1,2,1,1.0,1.0,92073,WASHINGTON (BOULEVARD),M,"48,8764000","2,2175000",92,2019,50.0,1.0,1.0,3.0,2265641,1.0,1,4,1,9.0,,-1.0, -1,1996.0,A01,138Â 203Â 330,2.0,8.0,-1.0,1729377,3.0,10,,0.0,2.0,1.0,B01,138Â 203Â 331,1.0
1013122,201900054653,12,4,11:30,1,2,1,1.0,1.0,92073,WASHINGTON (BOULEVARD),M,"48,8764000","2,2175000",92,2019,50.0,1.0,1.0,3.0,2265642,1.0,1,1,1,9.0,,-1.0, -1,1963.0,B01,138Â 203Â 331,1.0,8.0,-1.0,1729376,0.0,33,,0.0,2.0,1.0,A01,138Â 203Â 330,1.0
1013122,201900054653,12,4,11:30,1,2,1,1.0,1.0,92073,WASHINGTON (BOULEVARD),M,"48,8764000","2,2175000",92,2019,50.0,1.0,1.0,3.0,2265642,1.0,1,1,1,9.0,,-1.0, -1,1963.0,B01,138Â 203Â 331,1.0,8.0,-1.0,1729377,3.0,10,,0.0,2.0,1.0,B01,138Â 203Â 331,1.0
1013123,201900054654,12,4,10:05,1,2,1,1.0,7.0,92020,BROSSOLETTE RUE PIERRE AUTRES NÂ°,M,"48,8017000","2,2761800",92,2019,50.0,1.0,1.0,3.0,2265643,1.0,1,4,1,1.0,,-1.0,0,1986.0,A01,138Â 203Â 329,2.0,6.0,-1.0,1729378,2.0,33,,0.0,0.0,8.0,A01,138Â 203Â 329,1.0
1013124,201900054655,12,4,08:38,1,2,2,1.0,3.0,92019,FAYO VINCENT (RUE),M,"48,7648676","2,2812987",92,2019,50.0,1.0,1.0,4.0,2265644,1.0,1,1,1,1.0,,-1.0,0,1968.0,A01,138Â 203Â 327,1.0,8.0,-1.0,1729379,1.0,7,,0.0,9.0,1.0,A01,138Â 203Â 327,1.0
1013124,201900054655,12,4,08:38,1,2,2,1.0,3.0,92019,FAYO VINCENT (RUE),M,"48,7648676","2,2812987",92,2019,50.0,1.0,1.0,4.0,2265644,1.0,1,1,1,1.0,,-1.0,0,1968.0,A01,138Â 203Â 327,1.0,8.0,-1.0,1729380,1.0,1,,0.0,2.0,1.0,B01,138Â 203Â 328,5.0
1013124,201900054655,12,4,08:38,1,2,2,1.0,3.0,92019,FAYO VINCENT (RUE),M,"48,7648676","2,2812987",92,2019,50.0,1.0,1.0,4.0,2265645,1.0,1,4,1,2.0,,-1.0,0,2002.0,B01,138Â 203Â 328,8.0,0.0,-1.0,1729379,1.0,7,,0.0,9.0,1.0,A01,138Â 203Â 327,1.0
1013124,201900054655,12,4,08:38,1,2,2,1.0,3.0,92019,FAYO VINCENT (RUE),M,"48,7648676","2,2812987",92,2019,50.0,1.0,1.0,4.0,2265645,1.0,1,4,1,2.0,,-1.0,0,2002.0,B01,138Â 203Â 328,8.0,0.0,-1.0,1729380,1.0,1,,0.0,2.0,1.0,B01,138Â 203Â 328,5.0
1013125,201900054656,12,5,15:50,1,1,1,1.0,6.0,12029,chemin communal nÂ°1,M,"44,1854350","2,0692730",12,2019,80.0,3.0,1.0,4.0,2265646,1.0,1,2,1,5.0,,0.0,0,1952.0,A01,138Â 203Â 326,2.0,9.0,-1.0,1729381,3.0,33,,2.0,0.0,1.0,A01,138Â 203Â 326,1.0
1013126,201900054657,12,5,13:30,1,2,4,7.0,7.0,54157,2 Rue de la Gare,M,"48,8435020","6,0697920",54,2019,50.0,1.0,1.0,3.0,2265647,1.0,1,1,1,4.0,,0.0,0,1985.0,A01,138Â 203Â 325,1.0,-1.0,-1.0,1729382,2.0,15,,0.0,1.0,2.0,A01,138Â 203Â 325,1.0
1013126,201900054657,12,5,13:30,1,2,4,7.0,7.0,54157,2 Rue de la Gare,M,"48,8435020","6,0697920",54,2019,50.0,1.0,1.0,3.0,2265648,10.0,3,2,2,5.0,,3.0,3,1930.0,A01,138Â 203Â 325,0.0,-1.0,-1.0,1729382,2.0,15,,0.0,1.0,2.0,A01,138Â 203Â 325,1.0
1013126,201900054657,12,5,13:30,1,2,4,7.0,7.0,54157,2 Rue de la Gare,M,"48,8435020","6,0697920",54,2019,50.0,1.0,1.0,3.0,2265649,10.0,3,1,2,9.0,,3.0,3,1961.0,A01,138Â 203Â 325,0.0,-1.0,-1.0,1729382,2.0,15,,0.0,1.0,2.0,A01,138Â 203Â 325,1.0
1013127,201900054658,12,4,14:15,1,1,1,1.0,6.0,2A048,D81,M,"42,0433560","8,7534220",2A,2019,70.0,1.0,1.0,3.0,2265650,1.0,1,3,1,0.0,,0.0,0,1933.0,A01,138Â 203Â 324,1.0,-1.0,-1.0,1729383,1.0,7,,11.0,0.0,1.0,A01,138Â 203Â 324,1.0
1013128,201900054659,12,4,15:30,1,2,6,1.0,6.0,84088,COURS DE LA RÃPUBLIQUE,M,"43,9973600","5,0621080",84,2019,50.0,1.0,1.0,4.0,2265651,10.0,3,3,2,5.0,,3.0,3,1947.0,A01,138Â 203Â 323,0.0,-1.0,-1.0,1729384,1.0,7,,0.0,1.0,2.0,A01,138Â 203Â 323,1.0
1013128,201900054659,12,4,15:30,1,2,6,1.0,6.0,84088,COURS DE LA RÃPUBLIQUE,M,"43,9973600","5,0621080",84,2019,50.0,1.0,1.0,4.0,2265652,1.0,1,1,2,3.0,,0.0,0,1979.0,A01,138Â 203Â 323,1.0,-1.0,-1.0,1729384,1.0,7,,0.0,1.0,2.0,A01,138Â 203Â 323,1.0
1013129,201900054660,12,4,16:50,1,1,1,1.0,1.0,22237,D768,M,"48,5268370"," -2,3203310",22,2019,80.0,1.0,1.0,3.0,2265653,1.0,1,1,1,4.0,,0.0,0,1967.0,B01,138Â 203Â 321,1.0,-1.0,-1.0,1729385,2.0,17,,0.0,2.0,3.0,B01,138Â 203Â 321,1.0
1013129,201900054660,12,4,16:50,1,1,1,1.0,1.0,22237,D768,M,"48,5268370"," -2,3203310",22,2019,80.0,1.0,1.0,3.0,2265653,1.0,1,1,1,4.0,,0.0,0,1967.0,B01,138Â 203Â 321,1.0,-1.0,-1.0,1729386,1.0,7,,0.0,2.0,9.0,A01,138Â 203Â 322,1.0
1013129,201900054660,12,4,16:50,1,1,1,1.0,1.0,22237,D768,M,"48,5268370"," -2,3203310",22,2019,80.0,1.0,1.0,3.0,2265654,1.0,1,2,1,5.0,,0.0,0,1986.0,A01,138Â 203Â 322,0.0,5.0,-1.0,1729385,2.0,17,,0.0,2.0,3.0,B01,138Â 203Â 321,1.0
1013129,201900054660,12,4,16:50,1,1,1,1.0,1.0,22237,D768,M,"48,5268370"," -2,3203310",22,2019,80.0,1.0,1.0,3.0,2265654,1.0,1,2,1,5.0,,0.0,0,1986.0,A01,138Â 203Â 322,0.0,5.0,-1.0,1729386,1.0,7,,0.0,2.0,9.0,A01,138Â 203Â 322,1.0
1013130,201900054661,12,4,19:15,5,2,1,1.0,6.0,97212,Chemin Courbaril,M,"14,7114670"," -61,0315440",972,2019,50.0,1.0,2.0,4.0,2265655,1.0,1,3,1,9.0,,0.0,0,1992.0,A01,138Â 203Â 318,2.0,-1.0,-1.0,1729387,0.0,33,,6.0,0.0,1.0,A01,138Â 203Â 318,0.0
1013131,201900054662,12,4,14:45,1,1,1,1.0,1.0,97221,Chemin Pois Doux,M,"14,5080780"," -60,9455950",972,2019,80.0,1.0,1.0,3.0,2265656,1.0,1,3,1,9.0,,0.0,0,1964.0,A01,138Â 203Â 316,1.0,-1.0,-1.0,1729388,2.0,7,,0.0,2.0,1.0,A01,138Â 203Â 316,1.0
1013131,201900054662,12,4,14:45,1,1,1,1.0,1.0,97221,Chemin Pois Doux,M,"14,5080780"," -60,9455950",972,2019,80.0,1.0,1.0,3.0,2265656,1.0,1,3,1,9.0,,0.0,0,1964.0,A01,138Â 203Â 316,1.0,-1.0,-1.0,1729389,1.0,7,,0.0,2.0,1.0,B01,138Â 203Â 317,1.0
1013131,201900054662,12,4,14:45,1,1,1,1.0,1.0,97221,Chemin Pois Doux,M,"14,5080780"," -60,9455950",972,2019,80.0,1.0,1.0,3.0,2265657,1.0,1,4,1,9.0,,0.0,0,1991.0,B01,138Â 203Â 317,1.0,-1.0,-1.0,1729388,2.0,7,,0.0,2.0,1.0,A01,138Â 203Â 316,1.0
1013131,201900054662,12,4,14:45,1,1,1,1.0,1.0,97221,Chemin Pois Doux,M,"14,5080780"," -60,9455950",972,2019,80.0,1.0,1.0,3.0,2265657,1.0,1,4,1,9.0,,0.0,0,1991.0,B01,138Â 203Â 317,1.0,-1.0,-1.0,1729389,1.0,7,,0.0,2.0,1.0,B01,138Â 203Â 317,1.0
1013132,201900054663,12,5,10:14,1,2,1,1.0,6.0,12033,18 Avenue ArsÃ¨ne Ratier,M,"44,4701130","2,7266650",12,2019,50.0,1.0,1.0,3.0,2265658,10.0,3,3,2,3.0,,2.0,3,1932.0,A01,138Â 203Â 315,0.0,-1.0,-1.0,1729390,1.0,14,,0.0,1.0,1.0,A01,138Â 203Â 315,1.0
1013132,201900054663,12,5,10:14,1,2,1,1.0,6.0,12033,18 Avenue ArsÃ¨ne Ratier,M,"44,4701130","2,7266650",12,2019,50.0,1.0,1.0,3.0,2265659,1.0,1,1,1,4.0,,0.0,0,1962.0,A01,138Â 203Â 315,1.0,-1.0,-1.0,1729390,1.0,14,,0.0,1.0,1.0,A01,138Â 203Â 315,1.0
1013133,201900054664,12,4,12:30,1,2,9,7.0,6.0,67472,14 Rue de Sessenheim,M,"48,8201850","7,9657010",67,2019,-1.0,8.0,1.0,6.0,2265660,10.0,3,3,2,3.0,,9.0,3,1959.0,A01,138Â 203Â 314,0.0,-1.0,-1.0,1729391,0.0,7,,0.0,1.0,3.0,A01,138Â 203Â 314,1.0
1013133,201900054664,12,4,12:30,1,2,9,7.0,6.0,67472,14 Rue de Sessenheim,M,"48,8201850","7,9657010",67,2019,-1.0,8.0,1.0,6.0,2265661,1.0,1,1,2,3.0,,0.0,0,1952.0,A01,138Â 203Â 314,8.0,-1.0,-1.0,1729391,0.0,7,,0.0,1.0,3.0,A01,138Â 203Â 314,1.0
1013134,201900054665,12,2,22:50,3,1,1,1.0,6.0,34123,N109,M,"43,6172490","3,7958210",34,2019,110.0,1.0,1.0,2.0,2265662,1.0,1,4,1,1.0,,0.0,0,1976.0,A01,138Â 203Â 313,1.0,-1.0,-1.0,1729392,2.0,7,,0.0,6.0,1.0,A01,138Â 203Â 313,1.0
1013135,201900054666,12,2,08:55,1,1,1,1.0,6.0,34300,A75,M,"43,4030970","3,3445730",34,2019,130.0,1.0,1.0,1.0,2265663,1.0,1,4,1,1.0,,0.0,0,1983.0,A01,138Â 203Â 312,1.0,-1.0,-1.0,1729393,1.0,7,,0.0,9.0,1.0,A01,138Â 203Â 312,1.0
1013136,201900054667,12,5,07:55,2,1,1,9.0,1.0,57146,D66,M,"49,0320507","6,1666122",57,2019,80.0,1.0,1.0,3.0,2265664,1.0,1,2,1,1.0,,0.0,0,2000.0,A01,138Â 203Â 310,0.0,-1.0,-1.0,1729394,2.0,7,,0.0,2.0,2.0,A01,138Â 203Â 310,1.0
1013136,201900054667,12,5,07:55,2,1,1,9.0,1.0,57146,D66,M,"49,0320507","6,1666122",57,2019,80.0,1.0,1.0,3.0,2265664,1.0,1,2,1,1.0,,0.0,0,2000.0,A01,138Â 203Â 310,0.0,-1.0,-1.0,1729395,1.0,7,,0.0,2.0,3.0,B01,138Â 203Â 311,1.0
1013136,201900054667,12,5,07:55,2,1,1,9.0,1.0,57146,D66,M,"49,0320507","6,1666122",57,2019,80.0,1.0,1.0,3.0,2265665,1.0,1,4,2,1.0,,0.0,0,1982.0,B01,138Â 203Â 311,1.0,-1.0,-1.0,1729394,2.0,7,,0.0,2.0,2.0,A01,138Â 203Â 310,1.0
1013136,201900054667,12,5,07:55,2,1,1,9.0,1.0,57146,D66,M,"49,0320507","6,1666122",57,2019,80.0,1.0,1.0,3.0,2265665,1.0,1,4,2,1.0,,0.0,0,1982.0,B01,138Â 203Â 311,1.0,-1.0,-1.0,1729395,1.0,7,,0.0,2.0,3.0,B01,138Â 203Â 311,1.0
1013136,201900054667,12,5,07:55,2,1,1,9.0,1.0,57146,D66,M,"49,0320507","6,1666122",57,2019,80.0,1.0,1.0,3.0,2265666,9.0,2,3,1,9.0,,0.0,0,2018.0,B01,138Â 203Â 311,3.0,-1.0,-1.0,1729394,2.0,7,,0.0,2.0,2.0,A01,138Â 203Â 310,1.0
1013136,201900054667,12,5,07:55,2,1,1,9.0,1.0,57146,D66,M,"49,0320507","6,1666122",57,2019,80.0,1.0,1.0,3.0,2265666,9.0,2,3,1,9.0,,0.0,0,2018.0,B01,138Â 203Â 311,3.0,-1.0,-1.0,1729395,1.0,7,,0.0,2.0,3.0,B01,138Â 203Â 311,1.0
1013137,201900054668,12,4,08:00,2,2,1,1.0,3.0,56036,819 Route de Caudan,M,"47,7888850"," -3,3531460",56,2019,50.0,1.0,1.0,9.0,2265667,1.0,1,1,2,4.0,,0.0,0,1962.0,B01,138Â 203Â 308,1.0,-1.0,-1.0,1729396,1.0,7,,0.0,2.0,3.0,B01,138Â 203Â 308,1.0
1013137,201900054668,12,4,08:00,2,2,1,1.0,3.0,56036,819 Route de Caudan,M,"47,7888850"," -3,3531460",56,2019,50.0,1.0,1.0,9.0,2265667,1.0,1,1,2,4.0,,0.0,0,1962.0,B01,138Â 203Â 308,1.0,-1.0,-1.0,1729397,2.0,2,,0.0,2.0,1.0,A01,138Â 203Â 309,1.0
1013137,201900054668,12,4,08:00,2,2,1,1.0,3.0,56036,819 Route de Caudan,M,"47,7888850"," -3,3531460",56,2019,50.0,1.0,1.0,9.0,2265668,1.0,1,3,1,1.0,,0.0,0,1987.0,A01,138Â 203Â 309,8.0,-1.0,-1.0,1729396,1.0,7,,0.0,2.0,3.0,B01,138Â 203Â 308,1.0
1013137,201900054668,12,4,08:00,2,2,1,1.0,3.0,56036,819 Route de Caudan,M,"47,7888850"," -3,3531460",56,2019,50.0,1.0,1.0,9.0,2265668,1.0,1,3,1,1.0,,0.0,0,1987.0,A01,138Â 203Â 309,8.0,-1.0,-1.0,1729397,2.0,2,,0.0,2.0,1.0,A01,138Â 203Â 309,1.0
1013138,201900054669,12,4,07:35,2,1,9,1.0,7.0,49055,Route dÃ©partementale 191,M,"47,5526260"," -0,5810750",49,2019,80.0,3.0,7.0,3.0,2265669,1.0,1,3,1,2.0,,0.0,0,2001.0,A01,138Â 203Â 307,1.0,-1.0,-1.0,1729398,0.0,7,,8.0,0.0,2.0,A01,138Â 203Â 307,1.0
1013139,201900054670,12,4,20:15,3,1,1,5.0,6.0,41185,"PK 35+200, R.D. 765",M,"47,3584320","1,7172892",41,2019,80.0,3.0,1.0,3.0,2265670,9.0,2,4,1,5.0,,0.0,0,2015.0,A01,138Â 203Â 306,8.0,-1.0,-1.0,1729399,1.0,7,,10.0,0.0,1.0,A01,138Â 203Â 306,1.0
1013139,201900054670,12,4,20:15,3,1,1,5.0,6.0,41185,"PK 35+200, R.D. 765",M,"47,3584320","1,7172892",41,2019,80.0,3.0,1.0,3.0,2265671,8.0,2,3,1,5.0,,0.0,0,2013.0,A01,138Â 203Â 306,1.0,9.0,-1.0,1729399,1.0,7,,10.0,0.0,1.0,A01,138Â 203Â 306,1.0
1013139,201900054670,12,4,20:15,3,1,1,5.0,6.0,41185,"PK 35+200, R.D. 765",M,"47,3584320","1,7172892",41,2019,80.0,3.0,1.0,3.0,2265672,7.0,2,4,1,5.0,,0.0,0,2006.0,A01,138Â 203Â 306,8.0,-1.0,-1.0,1729399,1.0,7,,10.0,0.0,1.0,A01,138Â 203Â 306,1.0
1013139,201900054670,12,4,20:15,3,1,1,5.0,6.0,41185,"PK 35+200, R.D. 765",M,"47,3584320","1,7172892",41,2019,80.0,3.0,1.0,3.0,2265673,2.0,2,4,2,5.0,,0.0,0,1994.0,A01,138Â 203Â 306,8.0,-1.0,-1.0,1729399,1.0,7,,10.0,0.0,1.0,A01,138Â 203Â 306,1.0
1013139,201900054670,12,4,20:15,3,1,1,5.0,6.0,41185,"PK 35+200, R.D. 765",M,"47,3584320","1,7172892",41,2019,80.0,3.0,1.0,3.0,2265674,1.0,1,4,2,5.0,,0.0,0,1994.0,A01,138Â 203Â 306,8.0,-1.0,-1.0,1729399,1.0,7,,10.0,0.0,1.0,A01,138Â 203Â 306,1.0
1013139,201900054670,12,4,20:15,3,1,1,5.0,6.0,41185,"PK 35+200, R.D. 765",M,"47,3584320","1,7172892",41,2019,80.0,3.0,1.0,3.0,2265675,4.0,2,1,2,5.0,,0.0,0,1999.0,A01,138Â 203Â 306,0.0,-1.0,-1.0,1729399,1.0,7,,10.0,0.0,1.0,A01,138Â 203Â 306,1.0