Unnamed: 0_x,num_acc,mois,jour,hrmn,lum,agg,int,atm,col,com,adr,gps,lat,long,dep,annee,vma,situ,surf,catr,Unnamed: 0_y,place,catu,grav,sexe,trajet,secu,locp,actp,an_nais,num_veh_x,id_vehicule_x,secu1,secu2,secu3,Unnamed: 0,senc,catv,occutc,obs,obsm,choc,num_veh_y,id_vehicule_y,motor
1013139,201900054670,12,4,20:15,3,1,1,5.0,6.0,41185,"PK 35+200, R.D. 765",M,"47,3584320","1,7172892",41,2019,80.0,3.0,1.0,3.0,2265676,3.0,2,4,1,5.0,,0.0,0,1995.0,A01,138Â 203Â 306,0.0,-1.0,-1.0,1729399,1.0,7,,10.0,0.0,1.0,A01,138Â 203Â 306,1.0
1013140,201900054671,12,4,18:30,3,1,1,2.0,1.0,34300,D18,M,"43,3924750","3,3129870",34,2019,80.0,1.0,2.0,3.0,2265677,1.0,1,3,2,0.0,,0.0,0,1984.0,B01,138Â 203Â 304,1.0,-1.0,-1.0,1729400,2.0,7,,0.0,2.0,3.0,B01,138Â 203Â 304,1.0
1013140,201900054671,12,4,18:30,3,1,1,2.0,1.0,34300,D18,M,"43,3924750","3,3129870",34,2019,80.0,1.0,2.0,3.0,2265677,1.0,1,3,2,0.0,,0.0,0,1984.0,B01,138Â 203Â 304,1.0,-1.0,-1.0,1729401,1.0,7,,0.0,2.0,2.0,A01,138Â 203Â 305,1.0
1013140,201900054671,12,4,18:30,3,1,1,2.0,1.0,34300,D18,M,"43,3924750","3,3129870",34,2019,80.0,1.0,2.0,3.0,2265678,1.0,1,3,1,0.0,,0.0,0,1996.0,A01,138Â 203Â 305,1.0,-1.0,-1.0,1729400,2.0,7,,0.0,2.0,3.0,B01,138Â 203Â 304,1.0
1013140,201900054671,12,4,18:30,3,1,1,2.0,1.0,34300,D18,M,"43,3924750","3,3129870",34,2019,80.0,1.0,2.0,3.0,2265678,1.0,1,3,1,0.0,,0.0,0,1996.0,A01,138Â 203Â 305,1.0,-1.0,-1.0,1729401,1.0,7,,0.0,2.0,2.0,A01,138Â 203Â 305,1.0
1013141,201900054672,12,3,13:45,1,1,3,1.0,4.0,22258,D765,M,"48,4333860"," -2,6348300",22,2019,80.0,1.0,1.0,3.0,2265679,1.0,1,1,1,4.0,,0.0,0,1983.0,A01,138Â 203Â 300,1.0,-1.0,-1.0,1729402,1.0,10,,0.0,0.0,4.0,A01,138Â 203Â 300,1.0
1013141,201900054672,12,3,13:45,1,1,3,1.0,4.0,22258,D765,M,"48,4333860"," -2,6348300",22,2019,80.0,1.0,1.0,3.0,2265679,1.0,1,1,1,4.0,,0.0,0,1983.0,A01,138Â 203Â 300,1.0,-1.0,-1.0,1729403,1.0,7,,0.0,2.0,4.0,B01,138Â 203Â 301,1.0
1013141,201900054672,12,3,13:45,1,1,3,1.0,4.0,22258,D765,M,"48,4333860"," -2,6348300",22,2019,80.0,1.0,1.0,3.0,2265679,1.0,1,1,1,4.0,,0.0,0,1983.0,A01,138Â 203Â 300,1.0,-1.0,-1.0,1729404,1.0,7,,0.0,2.0,4.0,C01,138Â 203Â 302,1.0
1013141,201900054672,12,3,13:45,1,1,3,1.0,4.0,22258,D765,M,"48,4333860"," -2,6348300",22,2019,80.0,1.0,1.0,3.0,2265679,1.0,1,1,1,4.0,,0.0,0,1983.0,A01,138Â 203Â 300,1.0,-1.0,-1.0,1729405,1.0,7,,0.0,2.0,1.0,D01,138Â 203Â 303,1.0
1013141,201900054672,12,3,13:45,1,1,3,1.0,4.0,22258,D765,M,"48,4333860"," -2,6348300",22,2019,80.0,1.0,1.0,3.0,2265680,1.0,1,1,2,5.0,,0.0,0,1976.0,B01,138Â 203Â 301,1.0,-1.0,-1.0,1729402,1.0,10,,0.0,0.0,4.0,A01,138Â 203Â 300,1.0
1013141,201900054672,12,3,13:45,1,1,3,1.0,4.0,22258,D765,M,"48,4333860"," -2,6348300",22,2019,80.0,1.0,1.0,3.0,2265680,1.0,1,1,2,5.0,,0.0,0,1976.0,B01,138Â 203Â 301,1.0,-1.0,-1.0,1729403,1.0,7,,0.0,2.0,4.0,B01,138Â 203Â 301,1.0
1013141,201900054672,12,3,13:45,1,1,3,1.0,4.0,22258,D765,M,"48,4333860"," -2,6348300",22,2019,80.0,1.0,1.0,3.0,2265680,1.0,1,1,2,5.0,,0.0,0,1976.0,B01,138Â 203Â 301,1.0,-1.0,-1.0,1729404,1.0,7,,0.0,2.0,4.0,C01,138Â 203Â 302,1.0
1013141,201900054672,12,3,13:45,1,1,3,1.0,4.0,22258,D765,M,"48,4333860"," -2,6348300",22,2019,80.0,1.0,1.0,3.0,2265680,1.0,1,1,2,5.0,,0.0,0,1976.0,B01,138Â 203Â 301,1.0,-1.0,-1.0,1729405,1.0,7,,0.0,2.0,1.0,D01,138Â 203Â 303,1.0
1013141,201900054672,12,3,13:45,1,1,3,1.0,4.0,22258,D765,M,"48,4333860"," -2,6348300",22,2019,80.0,1.0,1.0,3.0,2265681,1.0,1,1,2,0.0,,0.0,0,1982.0,C01,138Â 203Â 302,1.0,-1.0,-1.0,1729402,1.0,10,,0.0,0.0,4.0,A01,138Â 203Â 300,1.0
1013141,201900054672,12,3,13:45,1,1,3,1.0,4.0,22258,D765,M,"48,4333860"," -2,6348300",22,2019,80.0,1.0,1.0,3.0,2265681,1.0,1,1,2,0.0,,0.0,0,1982.0,C01,138Â 203Â 302,1.0,-1.0,-1.0,1729403,1.0,7,,0.0,2.0,4.0,B01,138Â 203Â 301,1.0
1013141,201900054672,12,3,13:45,1,1,3,1.0,4.0,22258,D765,M,"48,4333860"," -2,6348300",22,2019,80.0,1.0,1.0,3.0,2265681,1.0,1,1,2,0.0,,0.0,0,1982.0,C01,138Â 203Â 302,1.0,-1.0,-1.0,1729404,1.0,7,,0.0,2.0,4.0,C01,138Â 203Â 302,1.0
1013141,201900054672,12,3,13:45,1,1,3,1.0,4.0,22258,D765,M,"48,4333860"," -2,6348300",22,2019,80.0,1.0,1.0,3.0,2265681,1.0,1,1,2,0.0,,0.0,0,1982.0,C01,138Â 203Â 302,1.0,-1.0,-1.0,1729405,1.0,7,,0.0,2.0,1.0,D01,138Â 203Â 303,1.0
1013141,201900054672,12,3,13:45,1,1,3,1.0,4.0,22258,D765,M,"48,4333860"," -2,6348300",22,2019,80.0,1.0,1.0,3.0,2265682,2.0,2,3,2,5.0,,0.0,0,1971.0,D01,138Â 203Â 303,1.0,-1.0,-1.0,1729402,1.0,10,,0.0,0.0,4.0,A01,138Â 203Â 300,1.0
1013141,201900054672,12,3,13:45,1,1,3,1.0,4.0,22258,D765,M,"48,4333860"," -2,6348300",22,2019,80.0,1.0,1.0,3.0,2265682,2.0,2,3,2,5.0,,0.0,0,1971.0,D01,138Â 203Â 303,1.0,-1.0,-1.0,1729403,1.0,7,,0.0,2.0,4.0,B01,138Â 203Â 301,1.0
1013141,201900054672,12,3,13:45,1,1,3,1.0,4.0,22258,D765,M,"48,4333860"," -2,6348300",22,2019,80.0,1.0,1.0,3.0,2265682,2.0,2,3,2,5.0,,0.0,0,1971.0,D01,138Â 203Â 303,1.0,-1.0,-1.0,1729404,1.0,7,,0.0,2.0,4.0,C01,138Â 203Â 302,1.0
1013141,201900054672,12,3,13:45,1,1,3,1.0,4.0,22258,D765,M,"48,4333860"," -2,6348300",22,2019,80.0,1.0,1.0,3.0,2265682,2.0,2,3,2,5.0,,0.0,0,1971.0,D01,138Â 203Â 303,1.0,-1.0,-1.0,1729405,1.0,7,,0.0,2.0,1.0,D01,138Â 203Â 303,1.0
1013141,201900054672,12,3,13:45,1,1,3,1.0,4.0,22258,D765,M,"48,4333860"," -2,6348300",22,2019,80.0,1.0,1.0,3.0,2265683,1.0,1,4,2,5.0,,0.0,0,1997.0,D01,138Â 203Â 303,1.0,-1.0,-1.0,1729402,1.0,10,,0.0,0.0,4.0,A01,138Â 203Â 300,1.0
1013141,201900054672,12,3,13:45,1,1,3,1.0,4.0,22258,D765,M,"48,4333860"," -2,6348300",22,2019,80.0,1.0,1.0,3.0,2265683,1.0,1,4,2,5.0,,0.0,0,1997.0,D01,138Â 203Â 303,1.0,-1.0,-1.0,1729403,1.0,7,,0.0,2.0,4.0,B01,138Â 203Â 301,1.0
1013141,201900054672,12,3,13:45,1,1,3,1.0,4.0,22258,D765,M,"48,4333860"," -2,6348300",22,2019,80.0,1.0,1.0,3.0,2265683,1.0,1,4,2,5.0,,0.0,0,1997.0,D01,138Â 203Â 303,1.0,-1.0,-1.0,1729404,1.0,7,,0.0,2.0,4.0,C01,138Â 203Â 302,1.0
1013141,201900054672,12,3,13:45,1,1,3,1.0,4.0,22258,D765,M,"48,4333860"," -2,6348300",22,2019,80.0,1.0,1.0,3.0,2265683,1.0,1,4,2,5.0,,0.0,0,1997.0,D01,138Â 203Â 303,1.0,-1.0,-1.0,1729405,1.0,7,,0.0,2.0,1.0,D01,138Â 203Â 303,1.0
1013142,201900054673,12,4,17:50,3,1,1,1.0,6.0,22241,Lieu Dit Bellevue,M,"48,0979757"," -2,5629387",22,2019,80.0,1.0,1.0,3.0,2265684,10.0,3,2,2,3.0,,1.0,1,1957.0,A01,138Â 203Â 299,0.0,-1.0,-1.0,1729406,1.0,0,,0.0,1.0,2.0,A01,138Â 203Â 299,0.0
1013143,201900054674,11,29,10:10,1,1,1,7.0,3.0,44102,La Noisetterie,M,"47,0420093"," -1,4739259",44,2019,70.0,1.0,1.0,3.0,2265685,1.0,1,4,1,5.0,,0.0,0,1946.0,B01,138Â 203Â 297,2.0,-1.0,-1.0,1729407,1.0,1,,0.0,2.0,8.0,B01,138Â 203Â 297,5.0
1013143,201900054674,11,29,10:10,1,1,1,7.0,3.0,44102,La Noisetterie,M,"47,0420093"," -1,4739259",44,2019,70.0,1.0,1.0,3.0,2265685,1.0,1,4,1,5.0,,0.0,0,1946.0,B01,138Â 203Â 297,2.0,-1.0,-1.0,1729408,1.0,7,,0.0,9.0,2.0,A01,138Â 203Â 298,1.0
1013143,201900054674,11,29,10:10,1,1,1,7.0,3.0,44102,La Noisetterie,M,"47,0420093"," -1,4739259",44,2019,70.0,1.0,1.0,3.0,2265686,1.0,1,1,2,3.0,,0.0,0,1945.0,A01,138Â 203Â 298,8.0,-1.0,-1.0,1729407,1.0,1,,0.0,2.0,8.0,B01,138Â 203Â 297,5.0
1013143,201900054674,11,29,10:10,1,1,1,7.0,3.0,44102,La Noisetterie,M,"47,0420093"," -1,4739259",44,2019,70.0,1.0,1.0,3.0,2265686,1.0,1,1,2,3.0,,0.0,0,1945.0,A01,138Â 203Â 298,8.0,-1.0,-1.0,1729408,1.0,7,,0.0,9.0,2.0,A01,138Â 203Â 298,1.0
1013144,201900054675,12,3,17:20,3,1,1,5.0,1.0,02456,D922,M,"49,5755230","3,1688410",2,2019,80.0,1.0,1.0,3.0,2265687,1.0,1,1,1,4.0,,0.0,0,1957.0,B01,138Â 203Â 295,1.0,9.0,-1.0,1729409,1.0,7,,0.0,2.0,3.0,B01,138Â 203Â 295,1.0
1013144,201900054675,12,3,17:20,3,1,1,5.0,1.0,02456,D922,M,"49,5755230","3,1688410",2,2019,80.0,1.0,1.0,3.0,2265687,1.0,1,1,1,4.0,,0.0,0,1957.0,B01,138Â 203Â 295,1.0,9.0,-1.0,1729410,2.0,10,,0.0,2.0,3.0,A01,138Â 203Â 296,1.0
1013144,201900054675,12,3,17:20,3,1,1,5.0,1.0,02456,D922,M,"49,5755230","3,1688410",2,2019,80.0,1.0,1.0,3.0,2265688,1.0,1,4,1,9.0,,0.0,0,1945.0,A01,138Â 203Â 296,1.0,9.0,-1.0,1729409,1.0,7,,0.0,2.0,3.0,B01,138Â 203Â 295,1.0
1013144,201900054675,12,3,17:20,3,1,1,5.0,1.0,02456,D922,M,"49,5755230","3,1688410",2,2019,80.0,1.0,1.0,3.0,2265688,1.0,1,4,1,9.0,,0.0,0,1945.0,A01,138Â 203Â 296,1.0,9.0,-1.0,1729410,2.0,10,,0.0,2.0,3.0,A01,138Â 203Â 296,1.0
1013145,201900054676,12,4,18:35,3,1,1,5.0,7.0,03278,,M,"46,2168361","3,1622324",3,2019,80.0,1.0,2.0,3.0,2265689,1.0,1,4,1,5.0,,0.0,0,2004.0,A01,138Â 203Â 294,2.0,-1.0,-1.0,1729411,1.0,2,,0.0,0.0,0.0,A01,138Â 203Â 294,1.0
1013146,201900054677,12,5,14:15,1,1,1,1.0,7.0,15027,D66,M,"44,7391697","2,3639445",15,2019,80.0,3.0,1.0,3.0,2265690,1.0,1,4,1,0.0,,0.0,0,1968.0,A01,138Â 203Â 293,2.0,6.0,-1.0,1729412,3.0,2,,0.0,0.0,0.0,A01,138Â 203Â 293,0.0
1013147,201900054678,12,5,13:55,1,2,1,1.0,1.0,58118,25 Route de Luzy,M,"46,8158680","3,7255570",58,2019,50.0,1.0,1.0,3.0,2265691,1.0,1,4,1,0.0,,0.0,0,1995.0,B01,138Â 203Â 291,1.0,-1.0,-1.0,1729413,1.0,7,,0.0,0.0,3.0,B01,138Â 203Â 291,1.0
1013147,201900054678,12,5,13:55,1,2,1,1.0,1.0,58118,25 Route de Luzy,M,"46,8158680","3,7255570",58,2019,50.0,1.0,1.0,3.0,2265691,1.0,1,4,1,0.0,,0.0,0,1995.0,B01,138Â 203Â 291,1.0,-1.0,-1.0,1729414,2.0,7,,0.0,2.0,1.0,A01,138Â 203Â 292,1.0
1013147,201900054678,12,5,13:55,1,2,1,1.0,1.0,58118,25 Route de Luzy,M,"46,8158680","3,7255570",58,2019,50.0,1.0,1.0,3.0,2265692,1.0,1,2,1,0.0,,0.0,0,1976.0,A01,138Â 203Â 292,0.0,-1.0,-1.0,1729413,1.0,7,,0.0,0.0,3.0,B01,138Â 203Â 291,1.0
1013147,201900054678,12,5,13:55,1,2,1,1.0,1.0,58118,25 Route de Luzy,M,"46,8158680","3,7255570",58,2019,50.0,1.0,1.0,3.0,2265692,1.0,1,2,1,0.0,,0.0,0,1976.0,A01,138Â 203Â 292,0.0,-1.0,-1.0,1729414,2.0,7,,0.0,2.0,1.0,A01,138Â 203Â 292,1.0
1013148,201900054679,12,5,00:50,5,2,1,1.0,6.0,72132,Rue Marceau,M,"48,1795070","0,6345260",72,2019,50.0,3.0,1.0,3.0,2265693,1.0,1,4,2,5.0,,0.0,0,1991.0,A01,138Â 203Â 290,8.0,-1.0,-1.0,1729415,2.0,7,,2.0,0.0,2.0,A01,138Â 203Â 290,1.0
1013149,201900054680,12,4,18:30,3,1,6,1.0,3.0,72386,D314,M,"48,0128710","0,2738860",72,2019,70.0,1.0,1.0,3.0,2265694,1.0,1,1,2,1.0,,0.0,0,1965.0,B01,138Â 203Â 288,1.0,-1.0,-1.0,1729416,2.0,7,,0.0,2.0,1.0,B01,138Â 203Â 288,1.0
1013149,201900054680,12,4,18:30,3,1,6,1.0,3.0,72386,D314,M,"48,0128710","0,2738860",72,2019,70.0,1.0,1.0,3.0,2265694,1.0,1,1,2,1.0,,0.0,0,1965.0,B01,138Â 203Â 288,1.0,-1.0,-1.0,1729417,2.0,2,,0.0,2.0,7.0,A01,138Â 203Â 289,1.0
1013149,201900054680,12,4,18:30,3,1,6,1.0,3.0,72386,D314,M,"48,0128710","0,2738860",72,2019,70.0,1.0,1.0,3.0,2265695,1.0,1,4,1,0.0,,0.0,0,2002.0,A01,138Â 203Â 289,2.0,-1.0,-1.0,1729416,2.0,7,,0.0,2.0,1.0,B01,138Â 203Â 288,1.0
1013149,201900054680,12,4,18:30,3,1,6,1.0,3.0,72386,D314,M,"48,0128710","0,2738860",72,2019,70.0,1.0,1.0,3.0,2265695,1.0,1,4,1,0.0,,0.0,0,2002.0,A01,138Â 203Â 289,2.0,-1.0,-1.0,1729417,2.0,2,,0.0,2.0,7.0,A01,138Â 203Â 289,1.0
1013150,201900054681,12,5,16:45,3,1,1,1.0,6.0,60648,D61,M,"49,6089540","2,2477400",60,2019,80.0,3.0,6.0,3.0,2265696,2.0,2,4,1,5.0,,0.0,0,2006.0,A01,138Â 203Â 283,1.0,-1.0,-1.0,1729418,0.0,7,,13.0,0.0,1.0,A01,138Â 203Â 283,1.0
1013150,201900054681,12,5,16:45,3,1,1,1.0,6.0,60648,D61,M,"49,6089540","2,2477400",60,2019,80.0,3.0,6.0,3.0,2265697,1.0,1,4,2,5.0,,0.0,0,1999.0,A01,138Â 203Â 283,1.0,-1.0,-1.0,1729418,0.0,7,,13.0,0.0,1.0,A01,138Â 203Â 283,1.0
1013151,201900054682,12,5,20:00,3,1,1,5.0,6.0,60063,D35,M,"49,3783030","2,0530750",60,2019,80.0,3.0,2.0,3.0,2265698,1.0,1,4,2,1.0,,0.0,0,1977.0,A01,138Â 203Â 282,1.0,-1.0,-1.0,1729419,2.0,7,,13.0,0.0,2.0,A01,138Â 203Â 282,1.0
1013152,201900054683,12,5,07:28,2,2,2,5.0,3.0,45176,2 Avenue de la Liberation,M,"48,0603330","2,4835870",45,2019,70.0,1.0,9.0,3.0,2265699,1.0,1,1,1,4.0,,0.0,0,1949.0,B01,138Â 203Â 280,8.0,-1.0,-1.0,1729420,1.0,37,1.0,0.0,0.0,8.0,B01,138Â 203Â 280,1.0
1013152,201900054683,12,5,07:28,2,2,2,5.0,3.0,45176,2 Avenue de la Liberation,M,"48,0603330","2,4835870",45,2019,70.0,1.0,9.0,3.0,2265699,1.0,1,1,1,4.0,,0.0,0,1949.0,B01,138Â 203Â 280,8.0,-1.0,-1.0,1729421,1.0,7,,0.0,2.0,1.0,A01,138Â 203Â 281,1.0
1013152,201900054683,12,5,07:28,2,2,2,5.0,3.0,45176,2 Avenue de la Liberation,M,"48,0603330","2,4835870",45,2019,70.0,1.0,9.0,3.0,2265700,1.0,1,3,2,1.0,,0.0,0,1994.0,A01,138Â 203Â 281,8.0,-1.0,-1.0,1729420,1.0,37,1.0,0.0,0.0,8.0,B01,138Â 203Â 280,1.0
1013152,201900054683,12,5,07:28,2,2,2,5.0,3.0,45176,2 Avenue de la Liberation,M,"48,0603330","2,4835870",45,2019,70.0,1.0,9.0,3.0,2265700,1.0,1,3,2,1.0,,0.0,0,1994.0,A01,138Â 203Â 281,8.0,-1.0,-1.0,1729421,1.0,7,,0.0,2.0,1.0,A01,138Â 203Â 281,1.0
1013153,201900054684,12,4,18:35,3,1,1,1.0,1.0,10049,"RD444,",M,"48,1780550","4,1219000",10,2019,80.0,1.0,1.0,3.0,2265701,1.0,1,3,1,1.0,,0.0,0,1995.0,B01,138Â 203Â 278,2.0,6.0,9.0,1729422,1.0,33,,0.0,2.0,1.0,B01,138Â 203Â 278,1.0
1013153,201900054684,12,4,18:35,3,1,1,1.0,1.0,10049,"RD444,",M,"48,1780550","4,1219000",10,2019,80.0,1.0,1.0,3.0,2265701,1.0,1,3,1,1.0,,0.0,0,1995.0,B01,138Â 203Â 278,2.0,6.0,9.0,1729423,2.0,7,,0.0,2.0,3.0,A01,138Â 203Â 279,1.0
1013153,201900054684,12,4,18:35,3,1,1,1.0,1.0,10049,"RD444,",M,"48,1780550","4,1219000",10,2019,80.0,1.0,1.0,3.0,2265702,1.0,1,1,2,1.0,,0.0,0,1986.0,A01,138Â 203Â 279,1.0,-1.0,-1.0,1729422,1.0,33,,0.0,2.0,1.0,B01,138Â 203Â 278,1.0
1013153,201900054684,12,4,18:35,3,1,1,1.0,1.0,10049,"RD444,",M,"48,1780550","4,1219000",10,2019,80.0,1.0,1.0,3.0,2265702,1.0,1,1,2,1.0,,0.0,0,1986.0,A01,138Â 203Â 279,1.0,-1.0,-1.0,1729423,2.0,7,,0.0,2.0,3.0,A01,138Â 203Â 279,1.0
1013154,201900054685,12,4,18:25,3,1,1,1.0,1.0,07122,,M,"44,5518670","4,3585150",7,2019,80.0,1.0,1.0,3.0,2265703,1.0,1,2,1,5.0,,0.0,0,1981.0,B01,138Â 203Â 276,1.0,-1.0,-1.0,1729424,2.0,7,,0.0,2.0,1.0,B01,138Â 203Â 276,1.0
1013154,201900054685,12,4,18:25,3,1,1,1.0,1.0,07122,,M,"44,5518670","4,3585150",7,2019,80.0,1.0,1.0,3.0,2265703,1.0,1,2,1,5.0,,0.0,0,1981.0,B01,138Â 203Â 276,1.0,-1.0,-1.0,1729425,1.0,7,,0.0,2.0,1.0,A01,138Â 203Â 277,1.0
1013154,201900054685,12,4,18:25,3,1,1,1.0,1.0,07122,,M,"44,5518670","4,3585150",7,2019,80.0,1.0,1.0,3.0,2265704,1.0,1,4,1,1.0,,0.0,0,1980.0,A01,138Â 203Â 277,1.0,-1.0,-1.0,1729424,2.0,7,,0.0,2.0,1.0,B01,138Â 203Â 276,1.0
1013154,201900054685,12,4,18:25,3,1,1,1.0,1.0,07122,,M,"44,5518670","4,3585150",7,2019,80.0,1.0,1.0,3.0,2265704,1.0,1,4,1,1.0,,0.0,0,1980.0,A01,138Â 203Â 277,1.0,-1.0,-1.0,1729425,1.0,7,,0.0,2.0,1.0,A01,138Â 203Â 277,1.0
1013155,201900054686,12,4,13:10,1,1,1,1.0,6.0,07240,route de Vernoux,M,"44,8589930","4,8292760",7,2019,80.0,3.0,1.0,3.0,2265705,1.0,1,3,2,5.0,,0.0,0,1927.0,A01,138Â 203Â 275,1.0,-1.0,-1.0,1729426,0.0,7,,13.0,0.0,0.0,A01,138Â 203Â 275,1.0
1013156,201900054687,12,5,12:45,1,1,1,1.0,1.0,24199,D100e2,M,"45,4146520","0,4422120",24,2019,80.0,1.0,1.0,3.0,2265706,1.0,1,4,2,1.0,,0.0,0,1980.0,B01,138Â 203Â 273,1.0,-1.0,-1.0,1729427,1.0,7,,0.0,2.0,3.0,B01,138Â 203Â 273,1.0
1013156,201900054687,12,5,12:45,1,1,1,1.0,1.0,24199,D100e2,M,"45,4146520","0,4422120",24,2019,80.0,1.0,1.0,3.0,2265706,1.0,1,4,2,1.0,,0.0,0,1980.0,B01,138Â 203Â 273,1.0,-1.0,-1.0,1729428,2.0,2,,0.0,2.0,3.0,A01,138Â 203Â 274,1.0
1013156,201900054687,12,5,12:45,1,1,1,1.0,1.0,24199,D100e2,M,"45,4146520","0,4422120",24,2019,80.0,1.0,1.0,3.0,2265707,1.0,1,3,1,1.0,,0.0,0,2003.0,A01,138Â 203Â 274,2.0,6.0,-1.0,1729427,1.0,7,,0.0,2.0,3.0,B01,138Â 203Â 273,1.0
1013156,201900054687,12,5,12:45,1,1,1,1.0,1.0,24199,D100e2,M,"45,4146520","0,4422120",24,2019,80.0,1.0,1.0,3.0,2265707,1.0,1,3,1,1.0,,0.0,0,2003.0,A01,138Â 203Â 274,2.0,6.0,-1.0,1729428,2.0,2,,0.0,2.0,3.0,A01,138Â 203Â 274,1.0
1013157,201900054688,12,5,17:25,5,2,3,5.0,6.0,85146,Bd du PrÃ©sident Auguste Durand,M,"46,9752500"," -1,3038400",85,2019,50.0,1.0,1.0,4.0,2265708,10.0,3,3,2,5.0,,2.0,3,1945.0,A01,138Â 203Â 272,0.0,-1.0,-1.0,1729429,3.0,7,,0.0,1.0,2.0,A01,138Â 203Â 272,0.0
1013157,201900054688,12,5,17:25,5,2,3,5.0,6.0,85146,Bd du PrÃ©sident Auguste Durand,M,"46,9752500"," -1,3038400",85,2019,50.0,1.0,1.0,4.0,2265709,1.0,1,1,1,5.0,,0.0,0,1987.0,A01,138Â 203Â 272,1.0,-1.0,-1.0,1729429,3.0,7,,0.0,1.0,2.0,A01,138Â 203Â 272,0.0
1013158,201900054689,12,4,19:20,5,2,1,1.0,6.0,30006,6 Boulevard Fanfonne Guillerme,M,"43,6862330","4,2104920",30,2019,50.0,1.0,1.0,4.0,2265710,1.0,1,1,1,5.0,,0.0,0,1947.0,A01,138Â 203Â 271,1.0,-1.0,-1.0,1729430,1.0,7,,0.0,1.0,1.0,A01,138Â 203Â 271,1.0
1013158,201900054689,12,4,19:20,5,2,1,1.0,6.0,30006,6 Boulevard Fanfonne Guillerme,M,"43,6862330","4,2104920",30,2019,50.0,1.0,1.0,4.0,2265711,10.0,3,3,1,5.0,,2.0,6,1936.0,A01,138Â 203Â 271,0.0,-1.0,-1.0,1729430,1.0,7,,0.0,1.0,1.0,A01,138Â 203Â 271,1.0
1013159,201900054690,12,5,11:20,5,1,1,1.0,2.0,01373,A40,M,"46,1325360","5,5990930",1,2019,110.0,1.0,1.0,1.0,2265712,1.0,1,1,1,4.0,,0.0,0,1998.0,B01,138Â 203Â 269,8.0,-1.0,-1.0,1729431,2.0,17,,0.0,2.0,2.0,B01,138Â 203Â 269,1.0
1013159,201900054690,12,5,11:20,5,1,1,1.0,2.0,01373,A40,M,"46,1325360","5,5990930",1,2019,110.0,1.0,1.0,1.0,2265712,1.0,1,1,1,4.0,,0.0,0,1998.0,B01,138Â 203Â 269,8.0,-1.0,-1.0,1729432,2.0,7,,0.0,0.0,4.0,A01,138Â 203Â 270,1.0
1013159,201900054690,12,5,11:20,5,1,1,1.0,2.0,01373,A40,M,"46,1325360","5,5990930",1,2019,110.0,1.0,1.0,1.0,2265713,1.0,1,4,2,0.0,,0.0,0,1963.0,A01,138Â 203Â 270,8.0,-1.0,-1.0,1729431,2.0,17,,0.0,2.0,2.0,B01,138Â 203Â 269,1.0
1013159,201900054690,12,5,11:20,5,1,1,1.0,2.0,01373,A40,M,"46,1325360","5,5990930",1,2019,110.0,1.0,1.0,1.0,2265713,1.0,1,4,2,0.0,,0.0,0,1963.0,A01,138Â 203Â 270,8.0,-1.0,-1.0,1729432,2.0,7,,0.0,0.0,4.0,A01,138Â 203Â 270,1.0
1013159,201900054690,12,5,11:20,5,1,1,1.0,2.0,01373,A40,M,"46,1325360","5,5990930",1,2019,110.0,1.0,1.0,1.0,2265714,2.0,2,1,1,0.0,,0.0,0,1947.0,A01,138Â 203Â 270,8.0,-1.0,-1.0,1729431,2.0,17,,0.0,2.0,2.0,B01,138Â 203Â 269,1.0
1013159,201900054690,12,5,11:20,5,1,1,1.0,2.0,01373,A40,M,"46,1325360","5,5990930",1,2019,110.0,1.0,1.0,1.0,2265714,2.0,2,1,1,0.0,,0.0,0,1947.0,A01,138Â 203Â 270,8.0,-1.0,-1.0,1729432,2.0,7,,0.0,0.0,4.0,A01,138Â 203Â 270,1.0
1013160,201900054691,11,18,15:47,1,1,1,1.0,6.0,39031,,M,"47,1660880","5,6411930",39,2019,130.0,1.0,1.0,1.0,2265715,1.0,1,3,2,5.0,,0.0,0,1953.0,A01,138Â 203Â 268,1.0,-1.0,-1.0,1729433,1.0,7,,3.0,0.0,1.0,A01,138Â 203Â 268,1.0
1013161,201900054692,12,5,10:18,1,1,1,5.0,6.0,72375,A11,M,"48,1224790","0,6121460",72,2019,130.0,2.0,1.0,1.0,2265716,1.0,1,3,2,5.0,,0.0,0,1960.0,A01,138Â 203Â 267,1.0,-1.0,-1.0,1729434,1.0,7,,3.0,0.0,1.0,A01,138Â 203Â 267,1.0
1013161,201900054692,12,5,10:18,1,1,1,5.0,6.0,72375,A11,M,"48,1224790","0,6121460",72,2019,130.0,2.0,1.0,1.0,2265717,2.0,2,2,1,5.0,,0.0,0,1961.0,A01,138Â 203Â 267,1.0,-1.0,-1.0,1729434,1.0,7,,3.0,0.0,1.0,A01,138Â 203Â 267,1.0
1013162,201900054693,12,5,09:45,1,1,1,8.0,7.0,06079,A8,M,"43,5479520","6,9437950",6,2019,110.0,2.0,1.0,1.0,2265718,1.0,1,2,1,9.0,,0.0,0,1957.0,A01,138Â 203Â 266,1.0,-1.0,-1.0,1729435,1.0,7,,5.0,0.0,7.0,A01,138Â 203Â 266,1.0
1013163,201900054694,12,5,08:15,3,1,1,1.0,7.0,77414,A4,M,"48,6294601","3,2450625",77,2019,50.0,4.0,7.0,3.0,2265719,1.0,1,4,1,4.0,,0.0,0,1983.0,A01,138Â 203Â 265,1.0,-1.0,-1.0,1729436,1.0,37,1.0,6.0,0.0,1.0,A01,138Â 203Â 265,1.0