Unnamed: 0_x,num_acc,mois,jour,hrmn,lum,agg,int,atm,col,com,adr,gps,lat,long,dep,annee,vma,situ,surf,catr,Unnamed: 0_y,place,catu,grav,sexe,trajet,secu,locp,actp,an_nais,num_veh_x,id_vehicule_x,secu1,secu2,secu3,Unnamed: 0,senc,catv,occutc,obs,obsm,choc,num_veh_y,id_vehicule_y,motor
1013164,201900054695,12,5,07:10,3,1,1,5.0,7.0,78389,route nationale 12,M,"48,8005400","1,8372750",78,2019,110.0,3.0,2.0,2.0,2265720,1.0,1,2,2,1.0,,0.0,0,1964.0,A01,138Â 203Â 264,1.0,-1.0,-1.0,1729437,2.0,7,,0.0,0.0,0.0,A01,138Â 203Â 264,1.0
1013165,201900054696,12,5,17:12,3,1,1,1.0,1.0,2A247,Route de l'Ospedale,M,"41,6164590","9,2596100",2A,2019,80.0,1.0,1.0,3.0,2265721,1.0,1,4,1,1.0,,0.0,0,1976.0,B01,138Â 203Â 262,1.0,-1.0,-1.0,1729438,1.0,7,,0.0,2.0,1.0,B01,138Â 203Â 262,1.0
1013165,201900054696,12,5,17:12,3,1,1,1.0,1.0,2A247,Route de l'Ospedale,M,"41,6164590","9,2596100",2A,2019,80.0,1.0,1.0,3.0,2265721,1.0,1,4,1,1.0,,0.0,0,1976.0,B01,138Â 203Â 262,1.0,-1.0,-1.0,1729439,2.0,7,,0.0,2.0,1.0,A01,138Â 203Â 263,1.0
1013165,201900054696,12,5,17:12,3,1,1,1.0,1.0,2A247,Route de l'Ospedale,M,"41,6164590","9,2596100",2A,2019,80.0,1.0,1.0,3.0,2265722,1.0,1,4,1,4.0,,0.0,0,1987.0,A01,138Â 203Â 263,1.0,-1.0,-1.0,1729438,1.0,7,,0.0,2.0,1.0,B01,138Â 203Â 262,1.0
1013165,201900054696,12,5,17:12,3,1,1,1.0,1.0,2A247,Route de l'Ospedale,M,"41,6164590","9,2596100",2A,2019,80.0,1.0,1.0,3.0,2265722,1.0,1,4,1,4.0,,0.0,0,1987.0,A01,138Â 203Â 263,1.0,-1.0,-1.0,1729439,2.0,7,,0.0,2.0,1.0,A01,138Â 203Â 263,1.0
1013166,201900054697,12,3,12:30,1,1,1,1.0,7.0,05173,D22,M,"44,3045070","5,8871740",5,2019,80.0,8.0,1.0,3.0,2265723,1.0,1,3,1,5.0,,0.0,0,1946.0,A01,138Â 203Â 259,2.0,-1.0,-1.0,1729440,1.0,31,,0.0,0.0,0.0,A01,138Â 203Â 259,1.0
1013167,201900054698,12,5,05:10,3,1,1,5.0,1.0,74280,45 Route de Morette,M,"45,8993990","6,2918830",74,2019,70.0,1.0,7.0,3.0,2265724,1.0,1,1,1,1.0,,0.0,0,1984.0,B01,138Â 203Â 257,1.0,-1.0,-1.0,1729441,2.0,7,,0.0,2.0,1.0,B01,138Â 203Â 257,1.0
1013167,201900054698,12,5,05:10,3,1,1,5.0,1.0,74280,45 Route de Morette,M,"45,8993990","6,2918830",74,2019,70.0,1.0,7.0,3.0,2265724,1.0,1,1,1,1.0,,0.0,0,1984.0,B01,138Â 203Â 257,1.0,-1.0,-1.0,1729442,1.0,33,,0.0,2.0,1.0,A01,138Â 203Â 258,1.0
1013167,201900054698,12,5,05:10,3,1,1,5.0,1.0,74280,45 Route de Morette,M,"45,8993990","6,2918830",74,2019,70.0,1.0,7.0,3.0,2265725,1.0,1,2,1,1.0,,0.0,0,1984.0,A01,138Â 203Â 258,2.0,6.0,-1.0,1729441,2.0,7,,0.0,2.0,1.0,B01,138Â 203Â 257,1.0
1013167,201900054698,12,5,05:10,3,1,1,5.0,1.0,74280,45 Route de Morette,M,"45,8993990","6,2918830",74,2019,70.0,1.0,7.0,3.0,2265725,1.0,1,2,1,1.0,,0.0,0,1984.0,A01,138Â 203Â 258,2.0,6.0,-1.0,1729442,1.0,33,,0.0,2.0,1.0,A01,138Â 203Â 258,1.0
1013168,201900054699,12,5,09:50,1,1,1,5.0,7.0,69072,Chemin des Pins,M,"45,7924200","4,7402200",69,2019,50.0,1.0,7.0,4.0,2265726,1.0,1,4,2,0.0,,0.0,0,1995.0,A01,138Â 203Â 256,1.0,-1.0,-1.0,1729443,0.0,7,,0.0,0.0,1.0,A01,138Â 203Â 256,0.0
1013169,201900054700,12,5,16:25,1,2,1,1.0,6.0,64430,Rue Jeanne d'Albret,M,"43,4875390"," -0,7730150",64,2019,50.0,4.0,1.0,4.0,2265727,10.0,3,2,1,5.0,,5.0,9,1958.0,A01,138Â 203Â 255,0.0,-1.0,-1.0,1729444,3.0,7,,15.0,1.0,2.0,A01,138Â 203Â 255,1.0
1013169,201900054700,12,5,16:25,1,2,1,1.0,6.0,64430,Rue Jeanne d'Albret,M,"43,4875390"," -0,7730150",64,2019,50.0,4.0,1.0,4.0,2265728,1.0,1,3,1,5.0,,0.0,0,1950.0,A01,138Â 203Â 255,1.0,-1.0,-1.0,1729444,3.0,7,,15.0,1.0,2.0,A01,138Â 203Â 255,1.0
1013169,201900054700,12,5,16:25,1,2,1,1.0,6.0,64430,Rue Jeanne d'Albret,M,"43,4875390"," -0,7730150",64,2019,50.0,4.0,1.0,4.0,2265729,10.0,3,2,2,3.0,,5.0,9,1933.0,A01,138Â 203Â 255,0.0,-1.0,-1.0,1729444,3.0,7,,15.0,1.0,2.0,A01,138Â 203Â 255,1.0
1013170,201900054701,12,4,08:10,1,1,1,1.0,6.0,33177,Route de Bassot,M,"45,3025720"," -0,9507700",33,2019,70.0,1.0,1.0,4.0,2265730,10.0,3,4,1,2.0,,1.0,2,2005.0,A01,138Â 203Â 254,0.0,-1.0,-1.0,1729445,1.0,7,,0.0,1.0,3.0,A01,138Â 203Â 254,1.0
1013170,201900054701,12,4,08:10,1,1,1,1.0,6.0,33177,Route de Bassot,M,"45,3025720"," -0,9507700",33,2019,70.0,1.0,1.0,4.0,2265731,1.0,1,1,2,1.0,,0.0,0,1969.0,A01,138Â 203Â 254,1.0,-1.0,-1.0,1729445,1.0,7,,0.0,1.0,3.0,A01,138Â 203Â 254,1.0
1013171,201900054702,12,4,18:25,3,2,1,1.0,1.0,33433,38 Chemin des Anglais,M,"44,9138800"," -0,4406200",33,2019,50.0,1.0,1.0,4.0,2265732,1.0,1,4,2,1.0,,0.0,0,1979.0,A01,138Â 203Â 250,1.0,5.0,-1.0,1729446,1.0,7,,0.0,2.0,3.0,A01,138Â 203Â 250,1.0
1013171,201900054702,12,4,18:25,3,2,1,1.0,1.0,33433,38 Chemin des Anglais,M,"44,9138800"," -0,4406200",33,2019,50.0,1.0,1.0,4.0,2265732,1.0,1,4,2,1.0,,0.0,0,1979.0,A01,138Â 203Â 250,1.0,5.0,-1.0,1729447,2.0,7,,0.0,2.0,3.0,B01,138Â 203Â 251,1.0
1013171,201900054702,12,4,18:25,3,2,1,1.0,1.0,33433,38 Chemin des Anglais,M,"44,9138800"," -0,4406200",33,2019,50.0,1.0,1.0,4.0,2265733,1.0,1,1,1,5.0,,0.0,0,1979.0,B01,138Â 203Â 251,1.0,5.0,-1.0,1729446,1.0,7,,0.0,2.0,3.0,A01,138Â 203Â 250,1.0
1013171,201900054702,12,4,18:25,3,2,1,1.0,1.0,33433,38 Chemin des Anglais,M,"44,9138800"," -0,4406200",33,2019,50.0,1.0,1.0,4.0,2265733,1.0,1,1,1,5.0,,0.0,0,1979.0,B01,138Â 203Â 251,1.0,5.0,-1.0,1729447,2.0,7,,0.0,2.0,3.0,B01,138Â 203Â 251,1.0
1013171,201900054702,12,4,18:25,3,2,1,1.0,1.0,33433,38 Chemin des Anglais,M,"44,9138800"," -0,4406200",33,2019,50.0,1.0,1.0,4.0,2265734,7.0,2,3,1,5.0,,0.0,0,2015.0,B01,138Â 203Â 251,3.0,-1.0,-1.0,1729446,1.0,7,,0.0,2.0,3.0,A01,138Â 203Â 250,1.0
1013171,201900054702,12,4,18:25,3,2,1,1.0,1.0,33433,38 Chemin des Anglais,M,"44,9138800"," -0,4406200",33,2019,50.0,1.0,1.0,4.0,2265734,7.0,2,3,1,5.0,,0.0,0,2015.0,B01,138Â 203Â 251,3.0,-1.0,-1.0,1729447,2.0,7,,0.0,2.0,3.0,B01,138Â 203Â 251,1.0
1013172,201900054703,12,4,20:35,3,1,1,5.0,6.0,27347,D57,M,"49,0432550","1,2119630",27,2019,80.0,3.0,1.0,3.0,2265735,1.0,1,4,1,1.0,,0.0,0,1993.0,A01,138Â 203Â 249,8.0,-1.0,-1.0,1729448,0.0,7,,8.0,0.0,7.0,A01,138Â 203Â 249,1.0
1013173,201900054704,12,1,05:30,3,1,1,1.0,1.0,62810,N17,M,"50,3507300","2,7870640",62,2019,90.0,1.0,1.0,2.0,2265736,1.0,1,3,1,5.0,,0.0,0,1980.0,B01,138Â 203Â 245,0.0,-1.0,-1.0,1729449,2.0,7,,0.0,2.0,1.0,B01,138Â 203Â 245,1.0
1013173,201900054704,12,1,05:30,3,1,1,1.0,1.0,62810,N17,M,"50,3507300","2,7870640",62,2019,90.0,1.0,1.0,2.0,2265736,1.0,1,3,1,5.0,,0.0,0,1980.0,B01,138Â 203Â 245,0.0,-1.0,-1.0,1729450,1.0,7,,0.0,2.0,1.0,A01,138Â 203Â 246,0.0
1013173,201900054704,12,1,05:30,3,1,1,1.0,1.0,62810,N17,M,"50,3507300","2,7870640",62,2019,90.0,1.0,1.0,2.0,2265737,1.0,1,4,1,1.0,,0.0,0,1985.0,A01,138Â 203Â 246,0.0,-1.0,-1.0,1729449,2.0,7,,0.0,2.0,1.0,B01,138Â 203Â 245,1.0
1013173,201900054704,12,1,05:30,3,1,1,1.0,1.0,62810,N17,M,"50,3507300","2,7870640",62,2019,90.0,1.0,1.0,2.0,2265737,1.0,1,4,1,1.0,,0.0,0,1985.0,A01,138Â 203Â 246,0.0,-1.0,-1.0,1729450,1.0,7,,0.0,2.0,1.0,A01,138Â 203Â 246,0.0
1013174,201900054705,12,2,07:05,5,1,1,2.0,2.0,83137,A57,M,"43,1213200","5,9533100",83,2019,90.0,1.0,2.0,1.0,2265738,1.0,1,4,1,4.0,,-1.0,0,1980.0,B01,138Â 203Â 243,1.0,8.0,-1.0,1729451,2.0,10,,0.0,2.0,4.0,B01,138Â 203Â 243,1.0
1013174,201900054705,12,2,07:05,5,1,1,2.0,2.0,83137,A57,M,"43,1213200","5,9533100",83,2019,90.0,1.0,2.0,1.0,2265738,1.0,1,4,1,4.0,,-1.0,0,1980.0,B01,138Â 203Â 243,1.0,8.0,-1.0,1729452,2.0,10,,0.0,2.0,1.0,A01,138Â 203Â 244,1.0
1013174,201900054705,12,2,07:05,5,1,1,2.0,2.0,83137,A57,M,"43,1213200","5,9533100",83,2019,90.0,1.0,2.0,1.0,2265739,1.0,1,1,1,4.0,,-1.0,0,1989.0,A01,138Â 203Â 244,1.0,8.0,-1.0,1729451,2.0,10,,0.0,2.0,4.0,B01,138Â 203Â 243,1.0
1013174,201900054705,12,2,07:05,5,1,1,2.0,2.0,83137,A57,M,"43,1213200","5,9533100",83,2019,90.0,1.0,2.0,1.0,2265739,1.0,1,1,1,4.0,,-1.0,0,1989.0,A01,138Â 203Â 244,1.0,8.0,-1.0,1729452,2.0,10,,0.0,2.0,1.0,A01,138Â 203Â 244,1.0
1013175,201900054706,11,29,17:05,2,1,1,2.0,4.0,67482,Autoroute A.351,M,"48,5875000","7,7111600",67,2019,90.0,1.0,2.0,1.0,2265740,1.0,1,1,2,5.0,,-1.0, -1,1996.0,C01,138Â 203Â 240,1.0,0.0,-1.0,1729453,2.0,7,,0.0,2.0,1.0,C01,138Â 203Â 240,1.0
1013175,201900054706,11,29,17:05,2,1,1,2.0,4.0,67482,Autoroute A.351,M,"48,5875000","7,7111600",67,2019,90.0,1.0,2.0,1.0,2265740,1.0,1,1,2,5.0,,-1.0, -1,1996.0,C01,138Â 203Â 240,1.0,0.0,-1.0,1729454,2.0,7,,0.0,2.0,4.0,B01,138Â 203Â 241,1.0
1013175,201900054706,11,29,17:05,2,1,1,2.0,4.0,67482,Autoroute A.351,M,"48,5875000","7,7111600",67,2019,90.0,1.0,2.0,1.0,2265740,1.0,1,1,2,5.0,,-1.0, -1,1996.0,C01,138Â 203Â 240,1.0,0.0,-1.0,1729455,2.0,7,,0.0,2.0,4.0,A01,138Â 203Â 242,1.0
1013175,201900054706,11,29,17:05,2,1,1,2.0,4.0,67482,Autoroute A.351,M,"48,5875000","7,7111600",67,2019,90.0,1.0,2.0,1.0,2265741,1.0,1,4,2,5.0,,-1.0,0,1994.0,B01,138Â 203Â 241,1.0,0.0,-1.0,1729453,2.0,7,,0.0,2.0,1.0,C01,138Â 203Â 240,1.0
1013175,201900054706,11,29,17:05,2,1,1,2.0,4.0,67482,Autoroute A.351,M,"48,5875000","7,7111600",67,2019,90.0,1.0,2.0,1.0,2265741,1.0,1,4,2,5.0,,-1.0,0,1994.0,B01,138Â 203Â 241,1.0,0.0,-1.0,1729454,2.0,7,,0.0,2.0,4.0,B01,138Â 203Â 241,1.0
1013175,201900054706,11,29,17:05,2,1,1,2.0,4.0,67482,Autoroute A.351,M,"48,5875000","7,7111600",67,2019,90.0,1.0,2.0,1.0,2265741,1.0,1,4,2,5.0,,-1.0,0,1994.0,B01,138Â 203Â 241,1.0,0.0,-1.0,1729455,2.0,7,,0.0,2.0,4.0,A01,138Â 203Â 242,1.0
1013175,201900054706,11,29,17:05,2,1,1,2.0,4.0,67482,Autoroute A.351,M,"48,5875000","7,7111600",67,2019,90.0,1.0,2.0,1.0,2265742,1.0,1,1,2,5.0,,-1.0,0,1974.0,A01,138Â 203Â 242,1.0,0.0,-1.0,1729453,2.0,7,,0.0,2.0,1.0,C01,138Â 203Â 240,1.0
1013175,201900054706,11,29,17:05,2,1,1,2.0,4.0,67482,Autoroute A.351,M,"48,5875000","7,7111600",67,2019,90.0,1.0,2.0,1.0,2265742,1.0,1,1,2,5.0,,-1.0,0,1974.0,A01,138Â 203Â 242,1.0,0.0,-1.0,1729454,2.0,7,,0.0,2.0,4.0,B01,138Â 203Â 241,1.0
1013175,201900054706,11,29,17:05,2,1,1,2.0,4.0,67482,Autoroute A.351,M,"48,5875000","7,7111600",67,2019,90.0,1.0,2.0,1.0,2265742,1.0,1,1,2,5.0,,-1.0,0,1974.0,A01,138Â 203Â 242,1.0,0.0,-1.0,1729455,2.0,7,,0.0,2.0,4.0,A01,138Â 203Â 242,1.0
1013176,201900054707,12,3,16:20,1,1,1,1.0,3.0,67482,Autoroute A4,M,"48,5962757","7,7402570",67,2019,90.0,1.0,1.0,1.0,2265743,1.0,1,1,1,4.0,,-1.0,0,1970.0,B01,138Â 203Â 238,1.0,8.0,-1.0,1729456,2.0,14,,0.0,2.0,2.0,B01,138Â 203Â 238,1.0
1013176,201900054707,12,3,16:20,1,1,1,1.0,3.0,67482,Autoroute A4,M,"48,5962757","7,7402570",67,2019,90.0,1.0,1.0,1.0,2265743,1.0,1,1,1,4.0,,-1.0,0,1970.0,B01,138Â 203Â 238,1.0,8.0,-1.0,1729457,2.0,7,,0.0,2.0,8.0,A01,138Â 203Â 239,1.0
1013176,201900054707,12,3,16:20,1,1,1,1.0,3.0,67482,Autoroute A4,M,"48,5962757","7,7402570",67,2019,90.0,1.0,1.0,1.0,2265744,1.0,1,4,2,4.0,,-1.0,0,1965.0,A01,138Â 203Â 239,1.0,8.0,-1.0,1729456,2.0,14,,0.0,2.0,2.0,B01,138Â 203Â 238,1.0
1013176,201900054707,12,3,16:20,1,1,1,1.0,3.0,67482,Autoroute A4,M,"48,5962757","7,7402570",67,2019,90.0,1.0,1.0,1.0,2265744,1.0,1,4,2,4.0,,-1.0,0,1965.0,A01,138Â 203Â 239,1.0,8.0,-1.0,1729457,2.0,7,,0.0,2.0,8.0,A01,138Â 203Â 239,1.0
1013177,201900054708,12,4,20:05,5,1,1,1.0,3.0,92050,A14,M,"48,8935271","2,2331357",92,2019,70.0,1.0,1.0,1.0,2265745,1.0,1,1,1,0.0,,-1.0,0,1989.0,B01,138Â 203Â 236,1.0,4.0,-1.0,1729458,2.0,7,,0.0,2.0,7.0,B01,138Â 203Â 236,1.0
1013177,201900054708,12,4,20:05,5,1,1,1.0,3.0,92050,A14,M,"48,8935271","2,2331357",92,2019,70.0,1.0,1.0,1.0,2265745,1.0,1,1,1,0.0,,-1.0,0,1989.0,B01,138Â 203Â 236,1.0,4.0,-1.0,1729459,2.0,33,,0.0,2.0,1.0,A01,138Â 203Â 237,1.0
1013177,201900054708,12,4,20:05,5,1,1,1.0,3.0,92050,A14,M,"48,8935271","2,2331357",92,2019,70.0,1.0,1.0,1.0,2265746,1.0,1,4,1,0.0,,-1.0,0,1972.0,A01,138Â 203Â 237,2.0,6.0,-1.0,1729458,2.0,7,,0.0,2.0,7.0,B01,138Â 203Â 236,1.0
1013177,201900054708,12,4,20:05,5,1,1,1.0,3.0,92050,A14,M,"48,8935271","2,2331357",92,2019,70.0,1.0,1.0,1.0,2265746,1.0,1,4,1,0.0,,-1.0,0,1972.0,A01,138Â 203Â 237,2.0,6.0,-1.0,1729459,2.0,33,,0.0,2.0,1.0,A01,138Â 203Â 237,1.0
1013178,201900054709,12,4,14:15,1,1,1,1.0,1.0,78545,A12 Y,M,"48,8090550","2,0544210",78,2019,90.0,1.0,1.0,1.0,2265747,1.0,1,4,2,0.0,,-1.0, -1,1974.0,B01,138Â 203Â 234,1.0,0.0,-1.0,1729460,1.0,7,,0.0,2.0,4.0,B01,138Â 203Â 234,1.0
1013178,201900054709,12,4,14:15,1,1,1,1.0,1.0,78545,A12 Y,M,"48,8090550","2,0544210",78,2019,90.0,1.0,1.0,1.0,2265747,1.0,1,4,2,0.0,,-1.0, -1,1974.0,B01,138Â 203Â 234,1.0,0.0,-1.0,1729461,1.0,7,,0.0,2.0,1.0,A01,138Â 203Â 235,1.0
1013178,201900054709,12,4,14:15,1,1,1,1.0,1.0,78545,A12 Y,M,"48,8090550","2,0544210",78,2019,90.0,1.0,1.0,1.0,2265748,1.0,1,1,1,0.0,,-1.0, -1,1997.0,A01,138Â 203Â 235,1.0,0.0,-1.0,1729460,1.0,7,,0.0,2.0,4.0,B01,138Â 203Â 234,1.0
1013178,201900054709,12,4,14:15,1,1,1,1.0,1.0,78545,A12 Y,M,"48,8090550","2,0544210",78,2019,90.0,1.0,1.0,1.0,2265748,1.0,1,1,1,0.0,,-1.0, -1,1997.0,A01,138Â 203Â 235,1.0,0.0,-1.0,1729461,1.0,7,,0.0,2.0,1.0,A01,138Â 203Â 235,1.0
1013179,201900054710,12,3,20:40,3,1,1,1.0,2.0,78646,RN12 INT,M,"48,7903280","2,1136680",78,2019,110.0,1.0,1.0,2.0,2265749,1.0,1,1,2,1.0,,-1.0, -1,1997.0,B01,138Â 203Â 232,1.0,8.0,-1.0,1729462,2.0,7,,0.0,2.0,6.0,B01,138Â 203Â 232,1.0
1013179,201900054710,12,3,20:40,3,1,1,1.0,2.0,78646,RN12 INT,M,"48,7903280","2,1136680",78,2019,110.0,1.0,1.0,2.0,2265749,1.0,1,1,2,1.0,,-1.0, -1,1997.0,B01,138Â 203Â 232,1.0,8.0,-1.0,1729463,2.0,7,,0.0,2.0,1.0,A01,138Â 203Â 233,1.0
1013179,201900054710,12,3,20:40,3,1,1,1.0,2.0,78646,RN12 INT,M,"48,7903280","2,1136680",78,2019,110.0,1.0,1.0,2.0,2265750,1.0,1,4,1,4.0,,-1.0, -1,1982.0,A01,138Â 203Â 233,1.0,8.0,-1.0,1729462,2.0,7,,0.0,2.0,6.0,B01,138Â 203Â 232,1.0
1013179,201900054710,12,3,20:40,3,1,1,1.0,2.0,78646,RN12 INT,M,"48,7903280","2,1136680",78,2019,110.0,1.0,1.0,2.0,2265750,1.0,1,4,1,4.0,,-1.0, -1,1982.0,A01,138Â 203Â 233,1.0,8.0,-1.0,1729463,2.0,7,,0.0,2.0,1.0,A01,138Â 203Â 233,1.0
1013180,201900054711,12,2,20:50,3,1,1,1.0,2.0,93064,AUTOROUTE A86,M,"48,8819100","2,4739400",93,2019,90.0,1.0,1.0,1.0,2265751,1.0,1,4,2,0.0,,-1.0, -1,1981.0,B01,138Â 203Â 230,1.0,0.0,-1.0,1729464,2.0,7,,0.0,2.0,4.0,B01,138Â 203Â 230,1.0
1013180,201900054711,12,2,20:50,3,1,1,1.0,2.0,93064,AUTOROUTE A86,M,"48,8819100","2,4739400",93,2019,90.0,1.0,1.0,1.0,2265751,1.0,1,4,2,0.0,,-1.0, -1,1981.0,B01,138Â 203Â 230,1.0,0.0,-1.0,1729465,2.0,10,,0.0,2.0,1.0,A01,138Â 203Â 231,1.0
1013180,201900054711,12,2,20:50,3,1,1,1.0,2.0,93064,AUTOROUTE A86,M,"48,8819100","2,4739400",93,2019,90.0,1.0,1.0,1.0,2265752,1.0,1,1,1,9.0,,-1.0, -1,1978.0,A01,138Â 203Â 231,1.0,0.0,-1.0,1729464,2.0,7,,0.0,2.0,4.0,B01,138Â 203Â 230,1.0
1013180,201900054711,12,2,20:50,3,1,1,1.0,2.0,93064,AUTOROUTE A86,M,"48,8819100","2,4739400",93,2019,90.0,1.0,1.0,1.0,2265752,1.0,1,1,1,9.0,,-1.0, -1,1978.0,A01,138Â 203Â 231,1.0,0.0,-1.0,1729465,2.0,10,,0.0,2.0,1.0,A01,138Â 203Â 231,1.0
1013181,201900054712,12,2,18:25,4,1,1,1.0,2.0,93066,AUTOROUTE A1,M,"48,9157100","2,3578700",93,2019,90.0,2.0,1.0,1.0,2265753,1.0,1,1,1,0.0,,-1.0, -1,1986.0,B01,138Â 203Â 228,1.0,0.0,-1.0,1729466,1.0,7,,1.0,0.0,1.0,B01,138Â 203Â 228,1.0
1013181,201900054712,12,2,18:25,4,1,1,1.0,2.0,93066,AUTOROUTE A1,M,"48,9157100","2,3578700",93,2019,90.0,2.0,1.0,1.0,2265753,1.0,1,1,1,0.0,,-1.0, -1,1986.0,B01,138Â 203Â 228,1.0,0.0,-1.0,1729467,1.0,7,,0.0,2.0,4.0,A01,138Â 203Â 229,1.0
1013181,201900054712,12,2,18:25,4,1,1,1.0,2.0,93066,AUTOROUTE A1,M,"48,9157100","2,3578700",93,2019,90.0,2.0,1.0,1.0,2265754,1.0,1,4,1,0.0,,-1.0, -1,1965.0,A01,138Â 203Â 229,1.0,4.0,-1.0,1729466,1.0,7,,1.0,0.0,1.0,B01,138Â 203Â 228,1.0
1013181,201900054712,12,2,18:25,4,1,1,1.0,2.0,93066,AUTOROUTE A1,M,"48,9157100","2,3578700",93,2019,90.0,2.0,1.0,1.0,2265754,1.0,1,4,1,0.0,,-1.0, -1,1965.0,A01,138Â 203Â 229,1.0,4.0,-1.0,1729467,1.0,7,,0.0,2.0,4.0,A01,138Â 203Â 229,1.0
1013182,201900054713,12,2,16:30,1,1,1,1.0,2.0,95212,AUTOROUTE A1,M,"49,0241800","2,5358900",95,2019,90.0,1.0,1.0,1.0,2265755,1.0,1,4,1,1.0,,-1.0,0,1974.0,A01,138Â 203Â 226,1.0,0.0,-1.0,1729468,1.0,7,,0.0,2.0,5.0,A01,138Â 203Â 226,1.0
1013182,201900054713,12,2,16:30,1,1,1,1.0,2.0,95212,AUTOROUTE A1,M,"49,0241800","2,5358900",95,2019,90.0,1.0,1.0,1.0,2265755,1.0,1,4,1,1.0,,-1.0,0,1974.0,A01,138Â 203Â 226,1.0,0.0,-1.0,1729469,1.0,15,,0.0,2.0,3.0,B01,138Â 203Â 227,1.0
1013182,201900054713,12,2,16:30,1,1,1,1.0,2.0,95212,AUTOROUTE A1,M,"49,0241800","2,5358900",95,2019,90.0,1.0,1.0,1.0,2265756,1.0,1,1,1,4.0,,-1.0,0,1960.0,B01,138Â 203Â 227,1.0,0.0,-1.0,1729468,1.0,7,,0.0,2.0,5.0,A01,138Â 203Â 226,1.0
1013182,201900054713,12,2,16:30,1,1,1,1.0,2.0,95212,AUTOROUTE A1,M,"49,0241800","2,5358900",95,2019,90.0,1.0,1.0,1.0,2265756,1.0,1,1,1,4.0,,-1.0,0,1960.0,B01,138Â 203Â 227,1.0,0.0,-1.0,1729469,1.0,15,,0.0,2.0,3.0,B01,138Â 203Â 227,1.0
1013183,201900054714,12,4,18:15,2,1,1,1.0,2.0,94081,A86 INT,M,"48,7764477","2,4216274",94,2019,90.0,1.0,1.0,1.0,2265757,1.0,1,4,1,4.0,,-1.0,0,1996.0,A01,138Â 203Â 224,1.0,0.0,-1.0,1729470,2.0,7,,0.0,2.0,1.0,A01,138Â 203Â 224,1.0
1013183,201900054714,12,4,18:15,2,1,1,1.0,2.0,94081,A86 INT,M,"48,7764477","2,4216274",94,2019,90.0,1.0,1.0,1.0,2265757,1.0,1,4,1,4.0,,-1.0,0,1996.0,A01,138Â 203Â 224,1.0,0.0,-1.0,1729471,2.0,7,,0.0,2.0,5.0,B01,138Â 203Â 225,1.0
1013183,201900054714,12,4,18:15,2,1,1,1.0,2.0,94081,A86 INT,M,"48,7764477","2,4216274",94,2019,90.0,1.0,1.0,1.0,2265758,1.0,1,1,2,1.0,,-1.0,0,1984.0,B01,138Â 203Â 225,1.0,0.0,-1.0,1729470,2.0,7,,0.0,2.0,1.0,A01,138Â 203Â 224,1.0
1013183,201900054714,12,4,18:15,2,1,1,1.0,2.0,94081,A86 INT,M,"48,7764477","2,4216274",94,2019,90.0,1.0,1.0,1.0,2265758,1.0,1,1,2,1.0,,-1.0,0,1984.0,B01,138Â 203Â 225,1.0,0.0,-1.0,1729471,2.0,7,,0.0,2.0,5.0,B01,138Â 203Â 225,1.0
1013184,201900054715,12,4,14:20,1,1,1,1.0,4.0,77337,RN104,M,"48,8281790","2,6179090",77,2019,70.0,1.0,1.0,2.0,2265759,1.0,1,1,1,4.0,,-1.0,0,1984.0,A01,138Â 203Â 221,1.0,4.0,-1.0,1729472,1.0,15,,0.0,2.0,0.0,A01,138Â 203Â 221,1.0
1013184,201900054715,12,4,14:20,1,1,1,1.0,4.0,77337,RN104,M,"48,8281790","2,6179090",77,2019,70.0,1.0,1.0,2.0,2265759,1.0,1,1,1,4.0,,-1.0,0,1984.0,A01,138Â 203Â 221,1.0,4.0,-1.0,1729473,1.0,10,,0.0,9.0,2.0,B01,138Â 203Â 222,1.0
1013184,201900054715,12,4,14:20,1,1,1,1.0,4.0,77337,RN104,M,"48,8281790","2,6179090",77,2019,70.0,1.0,1.0,2.0,2265759,1.0,1,1,1,4.0,,-1.0,0,1984.0,A01,138Â 203Â 221,1.0,4.0,-1.0,1729474,1.0,34,,0.0,9.0,1.0,C01,138Â 203Â 223,1.0
1013184,201900054715,12,4,14:20,1,1,1,1.0,4.0,77337,RN104,M,"48,8281790","2,6179090",77,2019,70.0,1.0,1.0,2.0,2265760,1.0,1,1,2,4.0,,-1.0,0,1969.0,B01,138Â 203Â 222,1.0,4.0,-1.0,1729472,1.0,15,,0.0,2.0,0.0,A01,138Â 203Â 221,1.0
1013184,201900054715,12,4,14:20,1,1,1,1.0,4.0,77337,RN104,M,"48,8281790","2,6179090",77,2019,70.0,1.0,1.0,2.0,2265760,1.0,1,1,2,4.0,,-1.0,0,1969.0,B01,138Â 203Â 222,1.0,4.0,-1.0,1729473,1.0,10,,0.0,9.0,2.0,B01,138Â 203Â 222,1.0
1013184,201900054715,12,4,14:20,1,1,1,1.0,4.0,77337,RN104,M,"48,8281790","2,6179090",77,2019,70.0,1.0,1.0,2.0,2265760,1.0,1,1,2,4.0,,-1.0,0,1969.0,B01,138Â 203Â 222,1.0,4.0,-1.0,1729474,1.0,34,,0.0,9.0,1.0,C01,138Â 203Â 223,1.0