Unnamed: 0_x,num_acc,mois,jour,hrmn,lum,agg,int,atm,col,com,adr,gps,lat,long,dep,annee,vma,situ,surf,catr,Unnamed: 0_y,place,catu,grav,sexe,trajet,secu,locp,actp,an_nais,num_veh_x,id_vehicule_x,secu1,secu2,secu3,Unnamed: 0,senc,catv,occutc,obs,obsm,choc,num_veh_y,id_vehicule_y,motor
1013184,201900054715,12,4,14:20,1,1,1,1.0,4.0,77337,RN104,M,"48,8281790","2,6179090",77,2019,70.0,1.0,1.0,2.0,2265761,1.0,1,4,1,0.0,,-1.0,0,1984.0,C01,138Â 203Â 223,2.0,4.0,-1.0,1729472,1.0,15,,0.0,2.0,0.0,A01,138Â 203Â 221,1.0
1013184,201900054715,12,4,14:20,1,1,1,1.0,4.0,77337,RN104,M,"48,8281790","2,6179090",77,2019,70.0,1.0,1.0,2.0,2265761,1.0,1,4,1,0.0,,-1.0,0,1984.0,C01,138Â 203Â 223,2.0,4.0,-1.0,1729473,1.0,10,,0.0,9.0,2.0,B01,138Â 203Â 222,1.0
1013184,201900054715,12,4,14:20,1,1,1,1.0,4.0,77337,RN104,M,"48,8281790","2,6179090",77,2019,70.0,1.0,1.0,2.0,2265761,1.0,1,4,1,0.0,,-1.0,0,1984.0,C01,138Â 203Â 223,2.0,4.0,-1.0,1729474,1.0,34,,0.0,9.0,1.0,C01,138Â 203Â 223,1.0
1013185,201900054716,12,2,20:18,3,2,1,1.0,6.0,94038,LEO LAGRANGE (R),M,"48,7686300","2,3221700",94,2019,50.0,2.0,1.0,4.0,2265762,10.0,3,4,2,9.0,,1.0,3,1963.0,A01,138Â 203Â 220,8.0,0.0,-1.0,1729475,1.0,7,,0.0,1.0,3.0,A01,138Â 203Â 220,0.0
1013185,201900054716,12,2,20:18,3,2,1,1.0,6.0,94038,LEO LAGRANGE (R),M,"48,7686300","2,3221700",94,2019,50.0,2.0,1.0,4.0,2265763,1.0,1,1,1,9.0,,0.0,0,1975.0,A01,138Â 203Â 220,1.0,0.0,-1.0,1729475,1.0,7,,0.0,1.0,3.0,A01,138Â 203Â 220,0.0
1013186,201900054717,12,2,02:30,1,1,1,1.0,7.0,92078,AUTOROUTE A86,M,"48,9301881","2,3258724",92,2019,70.0,1.0,7.0,1.0,2265764,1.0,1,4,1,0.0,,-1.0,0,1999.0,A01,138Â 203Â 219,2.0,0.0,-1.0,1729476,2.0,2,,0.0,0.0,9.0,A01,138Â 203Â 219,1.0
1013187,201900054718,12,3,08:10,1,2,1,1.0,3.0,75114,BD PERIPHERIQUE INTERIEUR,M,"48,8168200","2,3375730",75,2019,70.0,1.0,1.0,4.0,2265765,1.0,1,4,1,4.0,,0.0,0,1972.0,B01,138Â 203Â 217,2.0,6.0,-1.0,1729477,1.0,33,,0.0,2.0,3.0,B01,138Â 203Â 217,1.0
1013187,201900054718,12,3,08:10,1,2,1,1.0,3.0,75114,BD PERIPHERIQUE INTERIEUR,M,"48,8168200","2,3375730",75,2019,70.0,1.0,1.0,4.0,2265765,1.0,1,4,1,4.0,,0.0,0,1972.0,B01,138Â 203Â 217,2.0,6.0,-1.0,1729478,1.0,7,,0.0,2.0,2.0,A01,138Â 203Â 218,1.0
1013187,201900054718,12,3,08:10,1,2,1,1.0,3.0,75114,BD PERIPHERIQUE INTERIEUR,M,"48,8168200","2,3375730",75,2019,70.0,1.0,1.0,4.0,2265766,1.0,1,1,1,4.0,,0.0,0,1991.0,A01,138Â 203Â 218,1.0,0.0,-1.0,1729477,1.0,33,,0.0,2.0,3.0,B01,138Â 203Â 217,1.0
1013187,201900054718,12,3,08:10,1,2,1,1.0,3.0,75114,BD PERIPHERIQUE INTERIEUR,M,"48,8168200","2,3375730",75,2019,70.0,1.0,1.0,4.0,2265766,1.0,1,1,1,4.0,,0.0,0,1991.0,A01,138Â 203Â 218,1.0,0.0,-1.0,1729478,1.0,7,,0.0,2.0,2.0,A01,138Â 203Â 218,1.0
1013188,201900054719,12,2,08:30,2,2,1,1.0,3.0,75116,BD PERIPHERIQUE INTERIEUR,M,"48,8727940","2,2746370",75,2019,70.0,1.0,1.0,4.0,2265767,1.0,1,4,1,1.0,,0.0,0,1996.0,B01,138Â 203Â 215,2.0,6.0,-1.0,1729479,1.0,43,,0.0,2.0,7.0,B01,138Â 203Â 215,1.0
1013188,201900054719,12,2,08:30,2,2,1,1.0,3.0,75116,BD PERIPHERIQUE INTERIEUR,M,"48,8727940","2,2746370",75,2019,70.0,1.0,1.0,4.0,2265767,1.0,1,4,1,1.0,,0.0,0,1996.0,B01,138Â 203Â 215,2.0,6.0,-1.0,1729480,1.0,7,,0.0,2.0,8.0,A01,138Â 203Â 216,1.0
1013188,201900054719,12,2,08:30,2,2,1,1.0,3.0,75116,BD PERIPHERIQUE INTERIEUR,M,"48,8727940","2,2746370",75,2019,70.0,1.0,1.0,4.0,2265768,1.0,1,1,1,1.0,,0.0,0,1988.0,A01,138Â 203Â 216,1.0,0.0,-1.0,1729479,1.0,43,,0.0,2.0,7.0,B01,138Â 203Â 215,1.0
1013188,201900054719,12,2,08:30,2,2,1,1.0,3.0,75116,BD PERIPHERIQUE INTERIEUR,M,"48,8727940","2,2746370",75,2019,70.0,1.0,1.0,4.0,2265768,1.0,1,1,1,1.0,,0.0,0,1988.0,A01,138Â 203Â 216,1.0,0.0,-1.0,1729480,1.0,7,,0.0,2.0,8.0,A01,138Â 203Â 216,1.0
1013189,201900054720,12,1,00:00,4,2,1,1.0,2.0,75117,BD PERIPHERIQUE EXTERIEUR,M,"48,8846580","2,2861280",75,2019,70.0,1.0,1.0,4.0,2265769,2.0,2,1,2,5.0,,0.0,0,1984.0,A01,138Â 203Â 213,1.0,0.0,-1.0,1729481,2.0,7,,0.0,2.0,1.0,A01,138Â 203Â 213,1.0
1013189,201900054720,12,1,00:00,4,2,1,1.0,2.0,75117,BD PERIPHERIQUE EXTERIEUR,M,"48,8846580","2,2861280",75,2019,70.0,1.0,1.0,4.0,2265769,2.0,2,1,2,5.0,,0.0,0,1984.0,A01,138Â 203Â 213,1.0,0.0,-1.0,1729482,2.0,7,,0.0,2.0,4.0,B01,138Â 203Â 214,1.0
1013189,201900054720,12,1,00:00,4,2,1,1.0,2.0,75117,BD PERIPHERIQUE EXTERIEUR,M,"48,8846580","2,2861280",75,2019,70.0,1.0,1.0,4.0,2265770,3.0,2,4,1,5.0,,0.0,0,2014.0,A01,138Â 203Â 213,3.0,1.0,-1.0,1729481,2.0,7,,0.0,2.0,1.0,A01,138Â 203Â 213,1.0
1013189,201900054720,12,1,00:00,4,2,1,1.0,2.0,75117,BD PERIPHERIQUE EXTERIEUR,M,"48,8846580","2,2861280",75,2019,70.0,1.0,1.0,4.0,2265770,3.0,2,4,1,5.0,,0.0,0,2014.0,A01,138Â 203Â 213,3.0,1.0,-1.0,1729482,2.0,7,,0.0,2.0,4.0,B01,138Â 203Â 214,1.0
1013189,201900054720,12,1,00:00,4,2,1,1.0,2.0,75117,BD PERIPHERIQUE EXTERIEUR,M,"48,8846580","2,2861280",75,2019,70.0,1.0,1.0,4.0,2265771,1.0,1,1,1,5.0,,0.0,0,1999.0,A01,138Â 203Â 213,1.0,0.0,-1.0,1729481,2.0,7,,0.0,2.0,1.0,A01,138Â 203Â 213,1.0
1013189,201900054720,12,1,00:00,4,2,1,1.0,2.0,75117,BD PERIPHERIQUE EXTERIEUR,M,"48,8846580","2,2861280",75,2019,70.0,1.0,1.0,4.0,2265771,1.0,1,1,1,5.0,,0.0,0,1999.0,A01,138Â 203Â 213,1.0,0.0,-1.0,1729482,2.0,7,,0.0,2.0,4.0,B01,138Â 203Â 214,1.0
1013189,201900054720,12,1,00:00,4,2,1,1.0,2.0,75117,BD PERIPHERIQUE EXTERIEUR,M,"48,8846580","2,2861280",75,2019,70.0,1.0,1.0,4.0,2265772,1.0,1,1,1,4.0,,0.0,0,1988.0,B01,138Â 203Â 214,1.0,0.0,-1.0,1729481,2.0,7,,0.0,2.0,1.0,A01,138Â 203Â 213,1.0
1013189,201900054720,12,1,00:00,4,2,1,1.0,2.0,75117,BD PERIPHERIQUE EXTERIEUR,M,"48,8846580","2,2861280",75,2019,70.0,1.0,1.0,4.0,2265772,1.0,1,1,1,4.0,,0.0,0,1988.0,B01,138Â 203Â 214,1.0,0.0,-1.0,1729482,2.0,7,,0.0,2.0,4.0,B01,138Â 203Â 214,1.0
1013190,201900054721,12,2,19:31,5,2,2,1.0,6.0,75110,BOULEVARD DE STRASBOURG,M,"48,8722690","2,3559020",75,2019,50.0,6.0,1.0,4.0,2265773,10.0,3,4,1,0.0,,4.0,3,1984.0,A01,138Â 203Â 212,0.0,-1.0,-1.0,1729483,1.0,7,,0.0,1.0,1.0,A01,138Â 203Â 212,1.0
1013190,201900054721,12,2,19:31,5,2,2,1.0,6.0,75110,BOULEVARD DE STRASBOURG,M,"48,8722690","2,3559020",75,2019,50.0,6.0,1.0,4.0,2265774,1.0,1,1,1,4.0,,0.0,0,1941.0,A01,138Â 203Â 212,1.0,0.0,-1.0,1729483,1.0,7,,0.0,1.0,1.0,A01,138Â 203Â 212,1.0
1013191,201900054722,12,3,08:25,1,2,1,1.0,7.0,75120,AVENUE GAMBETTA,M,"48,8676482","2,4008675",75,2019,50.0,1.0,1.0,4.0,2265775,2.0,2,4,2,2.0,,0.0,0,2005.0,A01,138Â 203Â 211,2.0,6.0,-1.0,1729484,1.0,33,,0.0,1.0,8.0,A01,138Â 203Â 211,1.0
1013191,201900054722,12,3,08:25,1,2,1,1.0,7.0,75120,AVENUE GAMBETTA,M,"48,8676482","2,4008675",75,2019,50.0,1.0,1.0,4.0,2265776,1.0,1,4,1,2.0,,0.0,0,1965.0,A01,138Â 203Â 211,2.0,6.0,-1.0,1729484,1.0,33,,0.0,1.0,8.0,A01,138Â 203Â 211,1.0
1013192,201900054723,12,3,00:20,5,2,1,1.0,6.0,75120,RUE BELGRAND,M,"48,8645354","2,4078335",75,2019,30.0,5.0,1.0,4.0,2265777,1.0,1,4,1,1.0,,0.0,0,1986.0,A01,138Â 203Â 210,8.0,2.0,-1.0,1729485,1.0,7,,0.0,2.0,3.0,Z01,138Â 203Â 209,0.0
1013192,201900054723,12,3,00:20,5,2,1,1.0,6.0,75120,RUE BELGRAND,M,"48,8645354","2,4078335",75,2019,30.0,5.0,1.0,4.0,2265777,1.0,1,4,1,1.0,,0.0,0,1986.0,A01,138Â 203Â 210,8.0,2.0,-1.0,1729486,1.0,50,,0.0,2.0,1.0,A01,138Â 203Â 210,3.0
1013193,201900054724,12,3,18:00,2,2,4,1.0,3.0,75116,AVENUE D IENA,M,"48,8717439","2,2953808",75,2019,50.0,1.0,1.0,4.0,2265778,1.0,1,1,1,4.0,,0.0,0,1971.0,B01,138Â 203Â 207,1.0,0.0,-1.0,1729487,1.0,7,,0.0,2.0,0.0,B01,138Â 203Â 207,2.0
1013193,201900054724,12,3,18:00,2,2,4,1.0,3.0,75116,AVENUE D IENA,M,"48,8717439","2,2953808",75,2019,50.0,1.0,1.0,4.0,2265778,1.0,1,1,1,4.0,,0.0,0,1971.0,B01,138Â 203Â 207,1.0,0.0,-1.0,1729488,1.0,1,,0.0,2.0,8.0,A01,138Â 203Â 208,5.0
1013193,201900054724,12,3,18:00,2,2,4,1.0,3.0,75116,AVENUE D IENA,M,"48,8717439","2,2953808",75,2019,50.0,1.0,1.0,4.0,2265779,1.0,1,4,1,4.0,,0.0,0,1981.0,A01,138Â 203Â 208,0.0,-1.0,-1.0,1729487,1.0,7,,0.0,2.0,0.0,B01,138Â 203Â 207,2.0
1013193,201900054724,12,3,18:00,2,2,4,1.0,3.0,75116,AVENUE D IENA,M,"48,8717439","2,2953808",75,2019,50.0,1.0,1.0,4.0,2265779,1.0,1,4,1,4.0,,0.0,0,1981.0,A01,138Â 203Â 208,0.0,-1.0,-1.0,1729488,1.0,1,,0.0,2.0,8.0,A01,138Â 203Â 208,5.0
1013194,201900054725,12,3,10:30,1,2,1,1.0,6.0,75116,VOIE GEORGES POMPIDOU,M,"48,8465657","2,2741163",75,2019,50.0,1.0,1.0,4.0,2265780,1.0,1,3,1,0.0,,0.0,0,1964.0,A01,138Â 203Â 206,2.0,6.0,-1.0,1729489,1.0,43,,9.0,0.0,0.0,A01,138Â 203Â 206,1.0
1013195,201900054726,12,3,11:15,1,2,2,1.0,6.0,75116,BOULEVARD EXELMANS,M,"48,8435650","2,2593749",75,2019,50.0,1.0,1.0,4.0,2265781,10.0,3,4,2,5.0,,4.0,3,1943.0,A01,138Â 203Â 205,0.0,-1.0,-1.0,1729490,2.0,7,,0.0,1.0,1.0,A01,138Â 203Â 205,1.0
1013195,201900054726,12,3,11:15,1,2,2,1.0,6.0,75116,BOULEVARD EXELMANS,M,"48,8435650","2,2593749",75,2019,50.0,1.0,1.0,4.0,2265782,1.0,1,1,2,5.0,,0.0,0,1943.0,A01,138Â 203Â 205,1.0,0.0,-1.0,1729490,2.0,7,,0.0,1.0,1.0,A01,138Â 203Â 205,1.0
1013196,201900054727,12,3,08:30,1,2,1,1.0,6.0,75112,RUE VILLIOT,M,"48,8419090","2,3759540",75,2019,50.0,1.0,1.0,4.0,2265783,1.0,1,4,2,1.0,,0.0,0,1969.0,A01,138Â 203Â 204,8.0,2.0,-1.0,1729491,2.0,7,,0.0,2.0,2.0,Z01,138Â 203Â 203,1.0
1013196,201900054727,12,3,08:30,1,2,1,1.0,6.0,75112,RUE VILLIOT,M,"48,8419090","2,3759540",75,2019,50.0,1.0,1.0,4.0,2265783,1.0,1,4,2,1.0,,0.0,0,1969.0,A01,138Â 203Â 204,8.0,2.0,-1.0,1729492,2.0,1,,0.0,2.0,8.0,A01,138Â 203Â 204,5.0
1013197,201900054728,12,3,18:00,5,2,2,1.0,6.0,75111,RUE JEAN PIERRE TIMBAUD,M,"48,8678300","2,3771370",75,2019,30.0,1.0,1.0,4.0,2265784,10.0,3,4,2,0.0,,4.0,3,1984.0,Z01,138Â 203Â 202,0.0,-1.0,-1.0,1729493,2.0,7,,0.0,1.0,0.0,Z01,138Â 203Â 202,0.0
1013198,201900054729,12,3,10:30,1,2,1,1.0,6.0,75111,AVENUE LEDRU ROLLIN,M,"48,8543056","2,3778927",75,2019,30.0,1.0,1.0,4.0,2265785,1.0,1,4,2,1.0,,0.0,0,1996.0,B01,138Â 203Â 200,8.0,2.0,-1.0,1729494,2.0,80,,0.0,2.0,1.0,B01,138Â 203Â 200,2.0
1013198,201900054729,12,3,10:30,1,2,1,1.0,6.0,75111,AVENUE LEDRU ROLLIN,M,"48,8543056","2,3778927",75,2019,30.0,1.0,1.0,4.0,2265785,1.0,1,4,2,1.0,,0.0,0,1996.0,B01,138Â 203Â 200,8.0,2.0,-1.0,1729495,1.0,7,,0.0,2.0,1.0,A01,138Â 203Â 201,0.0
1013199,201900054730,12,3,05:00,5,2,1,1.0,7.0,75109,BOULEVARD DE CLICHY,M,"48,8827539","2,3356151",75,2019,30.0,1.0,1.0,4.0,2265786,1.0,1,4,1,5.0,,0.0,0,1997.0,Y01,138Â 203Â 199,8.0,2.0,-1.0,1729496,2.0,50,,0.0,0.0,0.0,Y01,138Â 203Â 199,3.0
1013200,201900054731,12,3,13:25,1,2,2,1.0,6.0,75107,RUE DE VARENNE,M,"48,8539820","2,3238660",75,2019,50.0,1.0,1.0,4.0,2265787,10.0,3,4,2,5.0,,4.0,3,1964.0,A01,138Â 203Â 198,0.0,-1.0,-1.0,1729497,1.0,10,,0.0,1.0,3.0,A01,138Â 203Â 198,1.0
1013200,201900054731,12,3,13:25,1,2,2,1.0,6.0,75107,RUE DE VARENNE,M,"48,8539820","2,3238660",75,2019,50.0,1.0,1.0,4.0,2265788,1.0,1,1,1,4.0,,0.0,0,1993.0,A01,138Â 203Â 198,1.0,0.0,-1.0,1729497,1.0,10,,0.0,1.0,3.0,A01,138Â 203Â 198,1.0
1013201,201900054732,12,3,16:00,1,2,2,1.0,6.0,75103,RUE DE TURENNE,M,"48,8581580","2,3644850",75,2019,50.0,1.0,1.0,4.0,2265789,10.0,3,4,2,5.0,,3.0,3,1942.0,Z01,138Â 203Â 197,0.0,-1.0,-1.0,1729498,2.0,7,,0.0,1.0,0.0,Z01,138Â 203Â 197,1.0
1013202,201900054733,12,2,21:56,5,2,3,1.0,5.0,94081,EDITH CAVELL (R),M,"48,7970000","2,4100000",94,2019,50.0,1.0,1.0,4.0,2265790,2.0,2,4,2,9.0,,-1.0, -1,1940.0,B01,138Â 203Â 194,1.0,0.0,-1.0,1729499,2.0,7,,0.0,2.0,7.0,B01,138Â 203Â 194,1.0
1013202,201900054733,12,2,21:56,5,2,3,1.0,5.0,94081,EDITH CAVELL (R),M,"48,7970000","2,4100000",94,2019,50.0,1.0,1.0,4.0,2265790,2.0,2,4,2,9.0,,-1.0, -1,1940.0,B01,138Â 203Â 194,1.0,0.0,-1.0,1729500,3.0,15,,1.0,0.0,0.0,C01,138Â 203Â 195,1.0
1013202,201900054733,12,2,21:56,5,2,3,1.0,5.0,94081,EDITH CAVELL (R),M,"48,7970000","2,4100000",94,2019,50.0,1.0,1.0,4.0,2265790,2.0,2,4,2,9.0,,-1.0, -1,1940.0,B01,138Â 203Â 194,1.0,0.0,-1.0,1729501,3.0,7,,0.0,2.0,1.0,A01,138Â 203Â 196,1.0
1013202,201900054733,12,2,21:56,5,2,3,1.0,5.0,94081,EDITH CAVELL (R),M,"48,7970000","2,4100000",94,2019,50.0,1.0,1.0,4.0,2265791,1.0,1,1,2,9.0,,-1.0, -1,1962.0,B01,138Â 203Â 194,1.0,0.0,-1.0,1729499,2.0,7,,0.0,2.0,7.0,B01,138Â 203Â 194,1.0
1013202,201900054733,12,2,21:56,5,2,3,1.0,5.0,94081,EDITH CAVELL (R),M,"48,7970000","2,4100000",94,2019,50.0,1.0,1.0,4.0,2265791,1.0,1,1,2,9.0,,-1.0, -1,1962.0,B01,138Â 203Â 194,1.0,0.0,-1.0,1729500,3.0,15,,1.0,0.0,0.0,C01,138Â 203Â 195,1.0
1013202,201900054733,12,2,21:56,5,2,3,1.0,5.0,94081,EDITH CAVELL (R),M,"48,7970000","2,4100000",94,2019,50.0,1.0,1.0,4.0,2265791,1.0,1,1,2,9.0,,-1.0, -1,1962.0,B01,138Â 203Â 194,1.0,0.0,-1.0,1729501,3.0,7,,0.0,2.0,1.0,A01,138Â 203Â 196,1.0
1013202,201900054733,12,2,21:56,5,2,3,1.0,5.0,94081,EDITH CAVELL (R),M,"48,7970000","2,4100000",94,2019,50.0,1.0,1.0,4.0,2265792,1.0,1,1,1,1.0,,-1.0, -1,1978.0,C01,138Â 203Â 195,8.0,0.0,-1.0,1729499,2.0,7,,0.0,2.0,7.0,B01,138Â 203Â 194,1.0
1013202,201900054733,12,2,21:56,5,2,3,1.0,5.0,94081,EDITH CAVELL (R),M,"48,7970000","2,4100000",94,2019,50.0,1.0,1.0,4.0,2265792,1.0,1,1,1,1.0,,-1.0, -1,1978.0,C01,138Â 203Â 195,8.0,0.0,-1.0,1729500,3.0,15,,1.0,0.0,0.0,C01,138Â 203Â 195,1.0
1013202,201900054733,12,2,21:56,5,2,3,1.0,5.0,94081,EDITH CAVELL (R),M,"48,7970000","2,4100000",94,2019,50.0,1.0,1.0,4.0,2265792,1.0,1,1,1,1.0,,-1.0, -1,1978.0,C01,138Â 203Â 195,8.0,0.0,-1.0,1729501,3.0,7,,0.0,2.0,1.0,A01,138Â 203Â 196,1.0
1013202,201900054733,12,2,21:56,5,2,3,1.0,5.0,94081,EDITH CAVELL (R),M,"48,7970000","2,4100000",94,2019,50.0,1.0,1.0,4.0,2265793,1.0,1,1,1,9.0,,-1.0, -1,1993.0,A01,138Â 203Â 196,1.0,0.0,-1.0,1729499,2.0,7,,0.0,2.0,7.0,B01,138Â 203Â 194,1.0
1013202,201900054733,12,2,21:56,5,2,3,1.0,5.0,94081,EDITH CAVELL (R),M,"48,7970000","2,4100000",94,2019,50.0,1.0,1.0,4.0,2265793,1.0,1,1,1,9.0,,-1.0, -1,1993.0,A01,138Â 203Â 196,1.0,0.0,-1.0,1729500,3.0,15,,1.0,0.0,0.0,C01,138Â 203Â 195,1.0
1013202,201900054733,12,2,21:56,5,2,3,1.0,5.0,94081,EDITH CAVELL (R),M,"48,7970000","2,4100000",94,2019,50.0,1.0,1.0,4.0,2265793,1.0,1,1,1,9.0,,-1.0, -1,1993.0,A01,138Â 203Â 196,1.0,0.0,-1.0,1729501,3.0,7,,0.0,2.0,1.0,A01,138Â 203Â 196,1.0
1013203,201900054734,12,2,17:30,5,2,1,1.0,3.0,94081,EUGENE HENAFF (R),M,"48,7940000","2,4150000",94,2019,50.0,1.0,1.0,4.0,2265794,1.0,1,1,1,9.0,,-1.0, -1,1986.0,A01,138Â 203Â 192,1.0,0.0,-1.0,1729502,1.0,7,,0.0,2.0,3.0,A01,138Â 203Â 192,1.0
1013203,201900054734,12,2,17:30,5,2,1,1.0,3.0,94081,EUGENE HENAFF (R),M,"48,7940000","2,4150000",94,2019,50.0,1.0,1.0,4.0,2265794,1.0,1,1,1,9.0,,-1.0, -1,1986.0,A01,138Â 203Â 192,1.0,0.0,-1.0,1729503,1.0,33,,0.0,2.0,1.0,B01,138Â 203Â 193,1.0
1013203,201900054734,12,2,17:30,5,2,1,1.0,3.0,94081,EUGENE HENAFF (R),M,"48,7940000","2,4150000",94,2019,50.0,1.0,1.0,4.0,2265795,1.0,1,4,1,0.0,,-1.0, -1,1969.0,B01,138Â 203Â 193,2.0,6.0,-1.0,1729502,1.0,7,,0.0,2.0,3.0,A01,138Â 203Â 192,1.0
1013203,201900054734,12,2,17:30,5,2,1,1.0,3.0,94081,EUGENE HENAFF (R),M,"48,7940000","2,4150000",94,2019,50.0,1.0,1.0,4.0,2265795,1.0,1,4,1,0.0,,-1.0, -1,1969.0,B01,138Â 203Â 193,2.0,6.0,-1.0,1729503,1.0,33,,0.0,2.0,1.0,B01,138Â 203Â 193,1.0
1013204,201900054735,12,3,13:40,1,2,1,1.0,3.0,94041,WESTERMEYER (R),M,"48,8183200","2,3954200",94,2019,5.0,1.0,1.0,3.0,2265796,1.0,1,1,1,0.0,,-1.0, -1,1989.0,B01,138Â 203Â 190,2.0,6.0,-1.0,1729504,1.0,33,,0.0,2.0,1.0,B01,138Â 203Â 190,1.0
1013204,201900054735,12,3,13:40,1,2,1,1.0,3.0,94041,WESTERMEYER (R),M,"48,8183200","2,3954200",94,2019,5.0,1.0,1.0,3.0,2265796,1.0,1,1,1,0.0,,-1.0, -1,1989.0,B01,138Â 203Â 190,2.0,6.0,-1.0,1729505,2.0,31,,0.0,2.0,3.0,A01,138Â 203Â 191,1.0
1013204,201900054735,12,3,13:40,1,2,1,1.0,3.0,94041,WESTERMEYER (R),M,"48,8183200","2,3954200",94,2019,5.0,1.0,1.0,3.0,2265797,1.0,1,4,1,0.0,,-1.0, -1,1975.0,A01,138Â 203Â 191,2.0,6.0,-1.0,1729504,1.0,33,,0.0,2.0,1.0,B01,138Â 203Â 190,1.0
1013204,201900054735,12,3,13:40,1,2,1,1.0,3.0,94041,WESTERMEYER (R),M,"48,8183200","2,3954200",94,2019,5.0,1.0,1.0,3.0,2265797,1.0,1,4,1,0.0,,-1.0, -1,1975.0,A01,138Â 203Â 191,2.0,6.0,-1.0,1729505,2.0,31,,0.0,2.0,3.0,A01,138Â 203Â 191,1.0
1013205,201900054736,12,1,14:35,1,2,9,8.0,4.0,94028,TASSIGNY(AVE DU MARECHAL DE LATTRE DE),M,"48,7965300","2,4572800",94,2019,50.0,1.0,2.0,3.0,2265798,1.0,1,4,2,0.0,,-1.0,0,1966.0,C01,138Â 203Â 187,8.0,0.0,-1.0,1729506,1.0,7,,0.0,2.0,4.0,C01,138Â 203Â 187,1.0
1013205,201900054736,12,1,14:35,1,2,9,8.0,4.0,94028,TASSIGNY(AVE DU MARECHAL DE LATTRE DE),M,"48,7965300","2,4572800",94,2019,50.0,1.0,2.0,3.0,2265798,1.0,1,4,2,0.0,,-1.0,0,1966.0,C01,138Â 203Â 187,8.0,0.0,-1.0,1729507,1.0,7,,0.0,2.0,9.0,B01,138Â 203Â 188,1.0
1013205,201900054736,12,1,14:35,1,2,9,8.0,4.0,94028,TASSIGNY(AVE DU MARECHAL DE LATTRE DE),M,"48,7965300","2,4572800",94,2019,50.0,1.0,2.0,3.0,2265798,1.0,1,4,2,0.0,,-1.0,0,1966.0,C01,138Â 203Â 187,8.0,0.0,-1.0,1729508,1.0,7,,0.0,2.0,1.0,A01,138Â 203Â 189,1.0
1013205,201900054736,12,1,14:35,1,2,9,8.0,4.0,94028,TASSIGNY(AVE DU MARECHAL DE LATTRE DE),M,"48,7965300","2,4572800",94,2019,50.0,1.0,2.0,3.0,2265799,1.0,1,4,2,0.0,,-1.0,0,1990.0,B01,138Â 203Â 188,8.0,0.0,-1.0,1729506,1.0,7,,0.0,2.0,4.0,C01,138Â 203Â 187,1.0
1013205,201900054736,12,1,14:35,1,2,9,8.0,4.0,94028,TASSIGNY(AVE DU MARECHAL DE LATTRE DE),M,"48,7965300","2,4572800",94,2019,50.0,1.0,2.0,3.0,2265799,1.0,1,4,2,0.0,,-1.0,0,1990.0,B01,138Â 203Â 188,8.0,0.0,-1.0,1729507,1.0,7,,0.0,2.0,9.0,B01,138Â 203Â 188,1.0
1013205,201900054736,12,1,14:35,1,2,9,8.0,4.0,94028,TASSIGNY(AVE DU MARECHAL DE LATTRE DE),M,"48,7965300","2,4572800",94,2019,50.0,1.0,2.0,3.0,2265799,1.0,1,4,2,0.0,,-1.0,0,1990.0,B01,138Â 203Â 188,8.0,0.0,-1.0,1729508,1.0,7,,0.0,2.0,1.0,A01,138Â 203Â 189,1.0
1013205,201900054736,12,1,14:35,1,2,9,8.0,4.0,94028,TASSIGNY(AVE DU MARECHAL DE LATTRE DE),M,"48,7965300","2,4572800",94,2019,50.0,1.0,2.0,3.0,2265800,1.0,1,1,1,0.0,,-1.0,0,1977.0,A01,138Â 203Â 189,8.0,0.0,-1.0,1729506,1.0,7,,0.0,2.0,4.0,C01,138Â 203Â 187,1.0
1013205,201900054736,12,1,14:35,1,2,9,8.0,4.0,94028,TASSIGNY(AVE DU MARECHAL DE LATTRE DE),M,"48,7965300","2,4572800",94,2019,50.0,1.0,2.0,3.0,2265800,1.0,1,1,1,0.0,,-1.0,0,1977.0,A01,138Â 203Â 189,8.0,0.0,-1.0,1729507,1.0,7,,0.0,2.0,9.0,B01,138Â 203Â 188,1.0
1013205,201900054736,12,1,14:35,1,2,9,8.0,4.0,94028,TASSIGNY(AVE DU MARECHAL DE LATTRE DE),M,"48,7965300","2,4572800",94,2019,50.0,1.0,2.0,3.0,2265800,1.0,1,1,1,0.0,,-1.0,0,1977.0,A01,138Â 203Â 189,8.0,0.0,-1.0,1729508,1.0,7,,0.0,2.0,1.0,A01,138Â 203Â 189,1.0
1013206,201900054737,11,30,15:00,1,2,3,1.0,3.0,93078,DAMBEL (AVENUE EMILE),M,"48,9530700","2,5498600",93,2019,50.0,1.0,1.0,4.0,2265801,1.0,1,1,2,5.0,,-1.0, -1,1945.0,B01,138Â 203Â 185,1.0,8.0,-1.0,1729509,1.0,10,,0.0,2.0,8.0,B01,138Â 203Â 185,0.0
1013206,201900054737,11,30,15:00,1,2,3,1.0,3.0,93078,DAMBEL (AVENUE EMILE),M,"48,9530700","2,5498600",93,2019,50.0,1.0,1.0,4.0,2265801,1.0,1,1,2,5.0,,-1.0, -1,1945.0,B01,138Â 203Â 185,1.0,8.0,-1.0,1729510,1.0,31,,0.0,2.0,2.0,A01,138Â 203Â 186,1.0
1013206,201900054737,11,30,15:00,1,2,3,1.0,3.0,93078,DAMBEL (AVENUE EMILE),M,"48,9530700","2,5498600",93,2019,50.0,1.0,1.0,4.0,2265802,1.0,1,3,1,0.0,,-1.0, -1,1997.0,A01,138Â 203Â 186,2.0,8.0,-1.0,1729509,1.0,10,,0.0,2.0,8.0,B01,138Â 203Â 185,0.0