Unnamed: 0_x,num_acc,mois,jour,hrmn,lum,agg,int,atm,col,com,adr,gps,lat,long,dep,annee,vma,situ,surf,catr,Unnamed: 0_y,place,catu,grav,sexe,trajet,secu,locp,actp,an_nais,num_veh_x,id_vehicule_x,secu1,secu2,secu3,Unnamed: 0,senc,catv,occutc,obs,obsm,choc,num_veh_y,id_vehicule_y,motor
1013206,201900054737,11,30,15:00,1,2,3,1.0,3.0,93078,DAMBEL (AVENUE EMILE),M,"48,9530700","2,5498600",93,2019,50.0,1.0,1.0,4.0,2265802,1.0,1,3,1,0.0,,-1.0, -1,1997.0,A01,138Â 203Â 186,2.0,8.0,-1.0,1729510,1.0,31,,0.0,2.0,2.0,A01,138Â 203Â 186,1.0
1013207,201900054738,11,30,11:15,1,2,3,1.0,3.0,93074,MEAUX RUE DE,M,"48,9361370","2,5787760",93,2019,30.0,1.0,1.0,3.0,2265803,1.0,1,1,1,1.0,,-1.0, -1,1988.0,A01,138Â 203Â 183,8.0,0.0,-1.0,1729511,2.0,7,,0.0,2.0,3.0,A01,138Â 203Â 183,0.0
1013207,201900054738,11,30,11:15,1,2,3,1.0,3.0,93074,MEAUX RUE DE,M,"48,9361370","2,5787760",93,2019,30.0,1.0,1.0,3.0,2265803,1.0,1,1,1,1.0,,-1.0, -1,1988.0,A01,138Â 203Â 183,8.0,0.0,-1.0,1729512,2.0,30,,0.0,2.0,1.0,B01,138Â 203Â 184,6.0
1013207,201900054738,11,30,11:15,1,2,3,1.0,3.0,93074,MEAUX RUE DE,M,"48,9361370","2,5787760",93,2019,30.0,1.0,1.0,3.0,2265804,2.0,2,1,1,5.0,,-1.0, -1,2004.0,B01,138Â 203Â 184,2.0,0.0,-1.0,1729511,2.0,7,,0.0,2.0,3.0,A01,138Â 203Â 183,0.0
1013207,201900054738,11,30,11:15,1,2,3,1.0,3.0,93074,MEAUX RUE DE,M,"48,9361370","2,5787760",93,2019,30.0,1.0,1.0,3.0,2265804,2.0,2,1,1,5.0,,-1.0, -1,2004.0,B01,138Â 203Â 184,2.0,0.0,-1.0,1729512,2.0,30,,0.0,2.0,1.0,B01,138Â 203Â 184,6.0
1013207,201900054738,11,30,11:15,1,2,3,1.0,3.0,93074,MEAUX RUE DE,M,"48,9361370","2,5787760",93,2019,30.0,1.0,1.0,3.0,2265805,1.0,1,4,1,5.0,,-1.0, -1,2003.0,B01,138Â 203Â 184,2.0,0.0,-1.0,1729511,2.0,7,,0.0,2.0,3.0,A01,138Â 203Â 183,0.0
1013207,201900054738,11,30,11:15,1,2,3,1.0,3.0,93074,MEAUX RUE DE,M,"48,9361370","2,5787760",93,2019,30.0,1.0,1.0,3.0,2265805,1.0,1,4,1,5.0,,-1.0, -1,2003.0,B01,138Â 203Â 184,2.0,0.0,-1.0,1729512,2.0,30,,0.0,2.0,1.0,B01,138Â 203Â 184,6.0
1013208,201900054739,12,2,08:00,1,2,3,9.0,6.0,93032,MUGUETS   (AVENUE DES),M,"48,8947600","2,5437500",93,2019,50.0,1.0,7.0,4.0,2265806,10.0,3,4,2,0.0,,3.0,3,1966.0,A01,138Â 203Â 182,8.0,0.0,-1.0,1729513,1.0,7,,0.0,1.0,2.0,A01,138Â 203Â 182,1.0
1013208,201900054739,12,2,08:00,1,2,3,9.0,6.0,93032,MUGUETS   (AVENUE DES),M,"48,8947600","2,5437500",93,2019,50.0,1.0,7.0,4.0,2265807,1.0,1,1,1,1.0,,0.0,0,1995.0,A01,138Â 203Â 182,1.0,0.0,-1.0,1729513,1.0,7,,0.0,1.0,2.0,A01,138Â 203Â 182,1.0
1013209,201900054740,12,3,08:35,1,2,1,1.0,1.0,93001,FELIX FAURE (BLD)  => 118/119,M,"48,9081500","2,3782600",93,2019,50.0,1.0,1.0,3.0,2265808,2.0,1,4,1,0.0,,-1.0, -1,1991.0,A01,138Â 203Â 180,2.0,8.0,-1.0,1729514,2.0,32,,0.0,2.0,1.0,A01,138Â 203Â 180,1.0
1013209,201900054740,12,3,08:35,1,2,1,1.0,1.0,93001,FELIX FAURE (BLD)  => 118/119,M,"48,9081500","2,3782600",93,2019,50.0,1.0,1.0,3.0,2265808,2.0,1,4,1,0.0,,-1.0, -1,1991.0,A01,138Â 203Â 180,2.0,8.0,-1.0,1729515,1.0,32,,0.0,2.0,1.0,Z01,138Â 203Â 181,0.0
1013210,201900054741,12,3,19:15,5,2,1,1.0,6.0,92062,WALLACE (BD RICHARD) DU 17 AU 91 ET DU 3,M,"48,8800000","2,2300000",92,2019,30.0,1.0,1.0,4.0,2265809,1.0,1,1,1,4.0,,0.0,0,1994.0,A01,138Â 203Â 179,5.0,8.0,-1.0,1729516,2.0,7,,0.0,1.0,3.0,A01,138Â 203Â 179,1.0
1013210,201900054741,12,3,19:15,5,2,1,1.0,6.0,92062,WALLACE (BD RICHARD) DU 17 AU 91 ET DU 3,M,"48,8800000","2,2300000",92,2019,30.0,1.0,1.0,4.0,2265810,10.0,3,4,1,0.0,,4.0,3,1949.0,A01,138Â 203Â 179,8.0,0.0,-1.0,1729516,2.0,7,,0.0,1.0,3.0,A01,138Â 203Â 179,1.0
1013211,201900054742,12,2,16:00,1,2,1,1.0,6.0,92024,VICTOR HUGO (BD),M,"48,8984500","2,3120600",92,2019,50.0,1.0,1.0,3.0,2265811,1.0,1,1,1,0.0,,0.0,0,1981.0,A01,138Â 203Â 178,2.0,0.0,-1.0,1729517,2.0,32,,0.0,1.0,8.0,A01,138Â 203Â 178,0.0
1013211,201900054742,12,2,16:00,1,2,1,1.0,6.0,92024,VICTOR HUGO (BD),M,"48,8984500","2,3120600",92,2019,50.0,1.0,1.0,3.0,2265812,10.0,3,4,1,0.0,,1.0,3,1987.0,A01,138Â 203Â 178,0.0,-1.0,-1.0,1729517,2.0,32,,0.0,1.0,8.0,A01,138Â 203Â 178,0.0
1013212,201900054743,12,3,18:15,5,2,1,2.0,6.0,92060,DESCARTES (AVENUE),M,"48,7765600","2,2484100",92,2019,50.0,1.0,2.0,4.0,2265813,10.0,3,4,2,0.0,,4.0,3,1991.0,A01,138Â 203Â 177,0.0,-1.0,-1.0,1729518,3.0,7,,0.0,1.0,2.0,A01,138Â 203Â 177,1.0
1013212,201900054743,12,3,18:15,5,2,1,2.0,6.0,92060,DESCARTES (AVENUE),M,"48,7765600","2,2484100",92,2019,50.0,1.0,2.0,4.0,2265814,1.0,1,1,1,5.0,,-1.0, -1,1941.0,A01,138Â 203Â 177,1.0,0.0,-1.0,1729518,3.0,7,,0.0,1.0,2.0,A01,138Â 203Â 177,1.0
1013213,201900054744,12,3,16:20,1,2,1,1.0,6.0,92002,FONTAINE MOUTON (AVENUE DE LA),M,"48,7392821","2,2899686",92,2019,50.0,1.0,1.0,4.0,2265815,1.0,1,1,1,0.0,,-1.0,0,1995.0,A01,138Â 203Â 174,1.0,0.0,-1.0,1729519,1.0,7,,0.0,1.0,1.0,A01,138Â 203Â 174,1.0
1013213,201900054744,12,3,16:20,1,2,1,1.0,6.0,92002,FONTAINE MOUTON (AVENUE DE LA),M,"48,7392821","2,2899686",92,2019,50.0,1.0,1.0,4.0,2265816,10.0,3,4,1,3.0,,4.0,3,1954.0,A01,138Â 203Â 174,8.0,0.0,-1.0,1729519,1.0,7,,0.0,1.0,1.0,A01,138Â 203Â 174,1.0
1013214,201900054745,12,4,07:30,3,1,1,5.0,2.0,02576,1 Route de Fontenoy,M,"49,3988610","3,2380390",2,2019,80.0,1.0,9.0,3.0,2265817,2.0,2,1,2,9.0,,0.0,0,1992.0,A01,138Â 203Â 172,1.0,9.0,-1.0,1729520,1.0,10,,0.0,2.0,2.0,A01,138Â 203Â 172,1.0
1013214,201900054745,12,4,07:30,3,1,1,5.0,2.0,02576,1 Route de Fontenoy,M,"49,3988610","3,2380390",2,2019,80.0,1.0,9.0,3.0,2265817,2.0,2,1,2,9.0,,0.0,0,1992.0,A01,138Â 203Â 172,1.0,9.0,-1.0,1729521,1.0,21,,0.0,0.0,6.0,B01,138Â 203Â 173,1.0
1013214,201900054745,12,4,07:30,3,1,1,5.0,2.0,02576,1 Route de Fontenoy,M,"49,3988610","3,2380390",2,2019,80.0,1.0,9.0,3.0,2265818,1.0,1,1,1,1.0,,0.0,0,1990.0,A01,138Â 203Â 172,1.0,-1.0,-1.0,1729520,1.0,10,,0.0,2.0,2.0,A01,138Â 203Â 172,1.0
1013214,201900054745,12,4,07:30,3,1,1,5.0,2.0,02576,1 Route de Fontenoy,M,"49,3988610","3,2380390",2,2019,80.0,1.0,9.0,3.0,2265818,1.0,1,1,1,1.0,,0.0,0,1990.0,A01,138Â 203Â 172,1.0,-1.0,-1.0,1729521,1.0,21,,0.0,0.0,6.0,B01,138Â 203Â 173,1.0
1013214,201900054745,12,4,07:30,3,1,1,5.0,2.0,02576,1 Route de Fontenoy,M,"49,3988610","3,2380390",2,2019,80.0,1.0,9.0,3.0,2265819,1.0,1,2,1,4.0,,0.0,0,1970.0,B01,138Â 203Â 173,0.0,-1.0,-1.0,1729520,1.0,10,,0.0,2.0,2.0,A01,138Â 203Â 172,1.0
1013214,201900054745,12,4,07:30,3,1,1,5.0,2.0,02576,1 Route de Fontenoy,M,"49,3988610","3,2380390",2,2019,80.0,1.0,9.0,3.0,2265819,1.0,1,2,1,4.0,,0.0,0,1970.0,B01,138Â 203Â 173,0.0,-1.0,-1.0,1729521,1.0,21,,0.0,0.0,6.0,B01,138Â 203Â 173,1.0
1013215,201900054746,10,28,18:00,3,1,3,2.0,3.0,44180,La DandeliÃ¨re (FreignÃ©),M,"47,5435160"," -1,1344700",44,2019,80.0,1.0,2.0,3.0,2265820,1.0,1,4,2,9.0,,0.0,0,1971.0,A01,138Â 203Â 170,1.0,-1.0,-1.0,1729522,2.0,7,,0.0,2.0,3.0,A01,138Â 203Â 170,1.0
1013215,201900054746,10,28,18:00,3,1,3,2.0,3.0,44180,La DandeliÃ¨re (FreignÃ©),M,"47,5435160"," -1,1344700",44,2019,80.0,1.0,2.0,3.0,2265820,1.0,1,4,2,9.0,,0.0,0,1971.0,A01,138Â 203Â 170,1.0,-1.0,-1.0,1729523,1.0,7,,0.0,2.0,1.0,B01,138Â 203Â 171,1.0
1013215,201900054746,10,28,18:00,3,1,3,2.0,3.0,44180,La DandeliÃ¨re (FreignÃ©),M,"47,5435160"," -1,1344700",44,2019,80.0,1.0,2.0,3.0,2265821,1.0,1,4,2,9.0,,0.0,0,1984.0,B01,138Â 203Â 171,1.0,-1.0,-1.0,1729522,2.0,7,,0.0,2.0,3.0,A01,138Â 203Â 170,1.0
1013215,201900054746,10,28,18:00,3,1,3,2.0,3.0,44180,La DandeliÃ¨re (FreignÃ©),M,"47,5435160"," -1,1344700",44,2019,80.0,1.0,2.0,3.0,2265821,1.0,1,4,2,9.0,,0.0,0,1984.0,B01,138Â 203Â 171,1.0,-1.0,-1.0,1729523,1.0,7,,0.0,2.0,1.0,B01,138Â 203Â 171,1.0
1013216,201900054747,12,3,16:40,1,2,1,9.0,6.0,62364,Rue d'Hesdin,M,"50,5095080","2,1328640",62,2019,50.0,1.0,1.0,3.0,2265822,10.0,3,3,1,9.0,,2.0,3,1944.0,A01,138Â 203Â 169,9.0,-1.0,-1.0,1729524,3.0,7,,0.0,1.0,1.0,A01,138Â 203Â 169,1.0
1013216,201900054747,12,3,16:40,1,2,1,9.0,6.0,62364,Rue d'Hesdin,M,"50,5095080","2,1328640",62,2019,50.0,1.0,1.0,3.0,2265823,1.0,1,1,2,2.0,,0.0,0,1982.0,A01,138Â 203Â 169,1.0,-1.0,-1.0,1729524,3.0,7,,0.0,1.0,1.0,A01,138Â 203Â 169,1.0
1013217,201900054748,12,3,07:00,1,2,6,1.0,6.0,97412,Rue Hubert Delisle,M," -21,3739530","55,6151420",974,2019,50.0,1.0,1.0,4.0,2265824,10.0,3,3,1,1.0,,3.0,3,1941.0,A01,138Â 203Â 168,0.0,-1.0,-1.0,1729525,1.0,7,,0.0,1.0,1.0,A01,138Â 203Â 168,1.0
1013217,201900054748,12,3,07:00,1,2,6,1.0,6.0,97412,Rue Hubert Delisle,M," -21,3739530","55,6151420",974,2019,50.0,1.0,1.0,4.0,2265825,1.0,1,1,1,1.0,,0.0,0,1956.0,A01,138Â 203Â 168,1.0,-1.0,-1.0,1729525,1.0,7,,0.0,1.0,1.0,A01,138Â 203Â 168,1.0
1013218,201900054749,12,4,05:07,3,1,1,5.0,7.0,60370,D927,M,"49,2675130","2,1150000",60,2019,80.0,1.0,1.0,3.0,2265826,1.0,1,4,2,1.0,,0.0,0,1994.0,A01,138Â 203Â 167,2.0,9.0,-1.0,1729526,2.0,2,,0.0,0.0,7.0,A01,138Â 203Â 167,1.0
1013219,201900054750,12,3,15:35,1,2,6,1.0,1.0,06033,2621 1Ã¨re Avenue,M,"43,7854350","7,2134010",6,2019,70.0,1.0,1.0,3.0,2265827,1.0,1,1,1,9.0,,0.0,0,1966.0,B01,138Â 203Â 165,1.0,-1.0,-1.0,1729527,1.0,7,,0.0,2.0,3.0,B01,138Â 203Â 165,1.0
1013219,201900054750,12,3,15:35,1,2,6,1.0,1.0,06033,2621 1Ã¨re Avenue,M,"43,7854350","7,2134010",6,2019,70.0,1.0,1.0,3.0,2265827,1.0,1,1,1,9.0,,0.0,0,1966.0,B01,138Â 203Â 165,1.0,-1.0,-1.0,1729528,2.0,33,,0.0,2.0,3.0,A01,138Â 203Â 166,1.0
1013219,201900054750,12,3,15:35,1,2,6,1.0,1.0,06033,2621 1Ã¨re Avenue,M,"43,7854350","7,2134010",6,2019,70.0,1.0,1.0,3.0,2265828,1.0,1,3,1,0.0,,0.0,0,1971.0,A01,138Â 203Â 166,2.0,-1.0,-1.0,1729527,1.0,7,,0.0,2.0,3.0,B01,138Â 203Â 165,1.0
1013219,201900054750,12,3,15:35,1,2,6,1.0,1.0,06033,2621 1Ã¨re Avenue,M,"43,7854350","7,2134010",6,2019,70.0,1.0,1.0,3.0,2265828,1.0,1,3,1,0.0,,0.0,0,1971.0,A01,138Â 203Â 166,2.0,-1.0,-1.0,1729528,2.0,33,,0.0,2.0,3.0,A01,138Â 203Â 166,1.0
1013220,201900054751,12,3,09:15,2,2,2,5.0,1.0,84099,chemin des mulets,M,"43,8607910","5,0798160",84,2019,70.0,1.0,1.0,4.0,2265829,1.0,1,4,1,5.0,,0.0,0,1935.0,B01,138Â 203Â 163,1.0,-1.0,-1.0,1729529,0.0,7,,8.0,2.0,3.0,B01,138Â 203Â 163,1.0
1013220,201900054751,12,3,09:15,2,2,2,5.0,1.0,84099,chemin des mulets,M,"43,8607910","5,0798160",84,2019,70.0,1.0,1.0,4.0,2265829,1.0,1,4,1,5.0,,0.0,0,1935.0,B01,138Â 203Â 163,1.0,-1.0,-1.0,1729530,0.0,7,,0.0,2.0,2.0,A01,138Â 203Â 164,1.0
1013220,201900054751,12,3,09:15,2,2,2,5.0,1.0,84099,chemin des mulets,M,"43,8607910","5,0798160",84,2019,70.0,1.0,1.0,4.0,2265830,1.0,1,1,1,1.0,,0.0,0,1978.0,A01,138Â 203Â 164,1.0,-1.0,-1.0,1729529,0.0,7,,8.0,2.0,3.0,B01,138Â 203Â 163,1.0
1013220,201900054751,12,3,09:15,2,2,2,5.0,1.0,84099,chemin des mulets,M,"43,8607910","5,0798160",84,2019,70.0,1.0,1.0,4.0,2265830,1.0,1,1,1,1.0,,0.0,0,1978.0,A01,138Â 203Â 164,1.0,-1.0,-1.0,1729530,0.0,7,,0.0,2.0,2.0,A01,138Â 203Â 164,1.0
1013221,201900054752,11,1,12:35,1,1,1,1.0,4.0,34254,A750,M,"43,6576250","3,4666350",34,2019,110.0,2.0,1.0,1.0,2265831,2.0,2,1,1,5.0,,0.0,0,1992.0,A01,138Â 203Â 159,1.0,-1.0,-1.0,1729531,1.0,7,,0.0,0.0,4.0,A01,138Â 203Â 159,1.0
1013221,201900054752,11,1,12:35,1,1,1,1.0,4.0,34254,A750,M,"43,6576250","3,4666350",34,2019,110.0,2.0,1.0,1.0,2265831,2.0,2,1,1,5.0,,0.0,0,1992.0,A01,138Â 203Â 159,1.0,-1.0,-1.0,1729532,1.0,7,,1.0,0.0,1.0,B01,138Â 203Â 160,1.0
1013221,201900054752,11,1,12:35,1,1,1,1.0,4.0,34254,A750,M,"43,6576250","3,4666350",34,2019,110.0,2.0,1.0,1.0,2265831,2.0,2,1,1,5.0,,0.0,0,1992.0,A01,138Â 203Â 159,1.0,-1.0,-1.0,1729533,1.0,7,,0.0,2.0,1.0,C01,138Â 203Â 161,1.0
1013221,201900054752,11,1,12:35,1,1,1,1.0,4.0,34254,A750,M,"43,6576250","3,4666350",34,2019,110.0,2.0,1.0,1.0,2265831,2.0,2,1,1,5.0,,0.0,0,1992.0,A01,138Â 203Â 159,1.0,-1.0,-1.0,1729534,1.0,7,,0.0,2.0,1.0,D01,138Â 203Â 162,1.0
1013221,201900054752,11,1,12:35,1,1,1,1.0,4.0,34254,A750,M,"43,6576250","3,4666350",34,2019,110.0,2.0,1.0,1.0,2265832,1.0,1,1,2,5.0,,0.0,0,1964.0,A01,138Â 203Â 159,1.0,-1.0,-1.0,1729531,1.0,7,,0.0,0.0,4.0,A01,138Â 203Â 159,1.0
1013221,201900054752,11,1,12:35,1,1,1,1.0,4.0,34254,A750,M,"43,6576250","3,4666350",34,2019,110.0,2.0,1.0,1.0,2265832,1.0,1,1,2,5.0,,0.0,0,1964.0,A01,138Â 203Â 159,1.0,-1.0,-1.0,1729532,1.0,7,,1.0,0.0,1.0,B01,138Â 203Â 160,1.0
1013221,201900054752,11,1,12:35,1,1,1,1.0,4.0,34254,A750,M,"43,6576250","3,4666350",34,2019,110.0,2.0,1.0,1.0,2265832,1.0,1,1,2,5.0,,0.0,0,1964.0,A01,138Â 203Â 159,1.0,-1.0,-1.0,1729533,1.0,7,,0.0,2.0,1.0,C01,138Â 203Â 161,1.0
1013221,201900054752,11,1,12:35,1,1,1,1.0,4.0,34254,A750,M,"43,6576250","3,4666350",34,2019,110.0,2.0,1.0,1.0,2265832,1.0,1,1,2,5.0,,0.0,0,1964.0,A01,138Â 203Â 159,1.0,-1.0,-1.0,1729534,1.0,7,,0.0,2.0,1.0,D01,138Â 203Â 162,1.0
1013221,201900054752,11,1,12:35,1,1,1,1.0,4.0,34254,A750,M,"43,6576250","3,4666350",34,2019,110.0,2.0,1.0,1.0,2265833,1.0,1,4,2,5.0,,0.0,0,2000.0,B01,138Â 203Â 160,1.0,-1.0,-1.0,1729531,1.0,7,,0.0,0.0,4.0,A01,138Â 203Â 159,1.0
1013221,201900054752,11,1,12:35,1,1,1,1.0,4.0,34254,A750,M,"43,6576250","3,4666350",34,2019,110.0,2.0,1.0,1.0,2265833,1.0,1,4,2,5.0,,0.0,0,2000.0,B01,138Â 203Â 160,1.0,-1.0,-1.0,1729532,1.0,7,,1.0,0.0,1.0,B01,138Â 203Â 160,1.0
1013221,201900054752,11,1,12:35,1,1,1,1.0,4.0,34254,A750,M,"43,6576250","3,4666350",34,2019,110.0,2.0,1.0,1.0,2265833,1.0,1,4,2,5.0,,0.0,0,2000.0,B01,138Â 203Â 160,1.0,-1.0,-1.0,1729533,1.0,7,,0.0,2.0,1.0,C01,138Â 203Â 161,1.0
1013221,201900054752,11,1,12:35,1,1,1,1.0,4.0,34254,A750,M,"43,6576250","3,4666350",34,2019,110.0,2.0,1.0,1.0,2265833,1.0,1,4,2,5.0,,0.0,0,2000.0,B01,138Â 203Â 160,1.0,-1.0,-1.0,1729534,1.0,7,,0.0,2.0,1.0,D01,138Â 203Â 162,1.0
1013221,201900054752,11,1,12:35,1,1,1,1.0,4.0,34254,A750,M,"43,6576250","3,4666350",34,2019,110.0,2.0,1.0,1.0,2265834,2.0,2,3,2,5.0,,0.0,0,1966.0,B01,138Â 203Â 160,1.0,-1.0,-1.0,1729531,1.0,7,,0.0,0.0,4.0,A01,138Â 203Â 159,1.0
1013221,201900054752,11,1,12:35,1,1,1,1.0,4.0,34254,A750,M,"43,6576250","3,4666350",34,2019,110.0,2.0,1.0,1.0,2265834,2.0,2,3,2,5.0,,0.0,0,1966.0,B01,138Â 203Â 160,1.0,-1.0,-1.0,1729532,1.0,7,,1.0,0.0,1.0,B01,138Â 203Â 160,1.0
1013221,201900054752,11,1,12:35,1,1,1,1.0,4.0,34254,A750,M,"43,6576250","3,4666350",34,2019,110.0,2.0,1.0,1.0,2265834,2.0,2,3,2,5.0,,0.0,0,1966.0,B01,138Â 203Â 160,1.0,-1.0,-1.0,1729533,1.0,7,,0.0,2.0,1.0,C01,138Â 203Â 161,1.0
1013221,201900054752,11,1,12:35,1,1,1,1.0,4.0,34254,A750,M,"43,6576250","3,4666350",34,2019,110.0,2.0,1.0,1.0,2265834,2.0,2,3,2,5.0,,0.0,0,1966.0,B01,138Â 203Â 160,1.0,-1.0,-1.0,1729534,1.0,7,,0.0,2.0,1.0,D01,138Â 203Â 162,1.0
1013221,201900054752,11,1,12:35,1,1,1,1.0,4.0,34254,A750,M,"43,6576250","3,4666350",34,2019,110.0,2.0,1.0,1.0,2265835,2.0,2,1,1,5.0,,0.0,0,1957.0,C01,138Â 203Â 161,1.0,-1.0,-1.0,1729531,1.0,7,,0.0,0.0,4.0,A01,138Â 203Â 159,1.0
1013221,201900054752,11,1,12:35,1,1,1,1.0,4.0,34254,A750,M,"43,6576250","3,4666350",34,2019,110.0,2.0,1.0,1.0,2265835,2.0,2,1,1,5.0,,0.0,0,1957.0,C01,138Â 203Â 161,1.0,-1.0,-1.0,1729532,1.0,7,,1.0,0.0,1.0,B01,138Â 203Â 160,1.0
1013221,201900054752,11,1,12:35,1,1,1,1.0,4.0,34254,A750,M,"43,6576250","3,4666350",34,2019,110.0,2.0,1.0,1.0,2265835,2.0,2,1,1,5.0,,0.0,0,1957.0,C01,138Â 203Â 161,1.0,-1.0,-1.0,1729533,1.0,7,,0.0,2.0,1.0,C01,138Â 203Â 161,1.0
1013221,201900054752,11,1,12:35,1,1,1,1.0,4.0,34254,A750,M,"43,6576250","3,4666350",34,2019,110.0,2.0,1.0,1.0,2265835,2.0,2,1,1,5.0,,0.0,0,1957.0,C01,138Â 203Â 161,1.0,-1.0,-1.0,1729534,1.0,7,,0.0,2.0,1.0,D01,138Â 203Â 162,1.0
1013221,201900054752,11,1,12:35,1,1,1,1.0,4.0,34254,A750,M,"43,6576250","3,4666350",34,2019,110.0,2.0,1.0,1.0,2265836,1.0,1,4,2,5.0,,0.0,0,1960.0,C01,138Â 203Â 161,1.0,-1.0,-1.0,1729531,1.0,7,,0.0,0.0,4.0,A01,138Â 203Â 159,1.0
1013221,201900054752,11,1,12:35,1,1,1,1.0,4.0,34254,A750,M,"43,6576250","3,4666350",34,2019,110.0,2.0,1.0,1.0,2265836,1.0,1,4,2,5.0,,0.0,0,1960.0,C01,138Â 203Â 161,1.0,-1.0,-1.0,1729532,1.0,7,,1.0,0.0,1.0,B01,138Â 203Â 160,1.0
1013221,201900054752,11,1,12:35,1,1,1,1.0,4.0,34254,A750,M,"43,6576250","3,4666350",34,2019,110.0,2.0,1.0,1.0,2265836,1.0,1,4,2,5.0,,0.0,0,1960.0,C01,138Â 203Â 161,1.0,-1.0,-1.0,1729533,1.0,7,,0.0,2.0,1.0,C01,138Â 203Â 161,1.0
1013221,201900054752,11,1,12:35,1,1,1,1.0,4.0,34254,A750,M,"43,6576250","3,4666350",34,2019,110.0,2.0,1.0,1.0,2265836,1.0,1,4,2,5.0,,0.0,0,1960.0,C01,138Â 203Â 161,1.0,-1.0,-1.0,1729534,1.0,7,,0.0,2.0,1.0,D01,138Â 203Â 162,1.0
1013221,201900054752,11,1,12:35,1,1,1,1.0,4.0,34254,A750,M,"43,6576250","3,4666350",34,2019,110.0,2.0,1.0,1.0,2265837,1.0,1,1,1,5.0,,0.0,0,1945.0,D01,138Â 203Â 162,1.0,-1.0,-1.0,1729531,1.0,7,,0.0,0.0,4.0,A01,138Â 203Â 159,1.0
1013221,201900054752,11,1,12:35,1,1,1,1.0,4.0,34254,A750,M,"43,6576250","3,4666350",34,2019,110.0,2.0,1.0,1.0,2265837,1.0,1,1,1,5.0,,0.0,0,1945.0,D01,138Â 203Â 162,1.0,-1.0,-1.0,1729532,1.0,7,,1.0,0.0,1.0,B01,138Â 203Â 160,1.0
1013221,201900054752,11,1,12:35,1,1,1,1.0,4.0,34254,A750,M,"43,6576250","3,4666350",34,2019,110.0,2.0,1.0,1.0,2265837,1.0,1,1,1,5.0,,0.0,0,1945.0,D01,138Â 203Â 162,1.0,-1.0,-1.0,1729533,1.0,7,,0.0,2.0,1.0,C01,138Â 203Â 161,1.0
1013221,201900054752,11,1,12:35,1,1,1,1.0,4.0,34254,A750,M,"43,6576250","3,4666350",34,2019,110.0,2.0,1.0,1.0,2265837,1.0,1,1,1,5.0,,0.0,0,1945.0,D01,138Â 203Â 162,1.0,-1.0,-1.0,1729534,1.0,7,,0.0,2.0,1.0,D01,138Â 203Â 162,1.0
1013222,201900054753,12,3,02:50,3,1,1,8.0,6.0,63404,A75,M,"45,5942720","3,2272720",63,2019,90.0,1.0,2.0,1.0,2265838,1.0,1,3,2,1.0,,0.0,0,1979.0,A01,138Â 203Â 158,1.0,-1.0,-1.0,1729535,2.0,7,,4.0,0.0,1.0,A01,138Â 203Â 158,1.0
1013223,201900054754,12,4,01:00,3,1,1,5.0,6.0,56102,lieu-dit queroux,M,"47,9748890"," -2,5647880",56,2019,80.0,3.0,7.0,4.0,2265839,1.0,1,3,1,5.0,,0.0,0,1996.0,A01,138Â 203Â 157,0.0,-1.0,-1.0,1729536,3.0,7,,6.0,0.0,2.0,A01,138Â 203Â 157,1.0
1013224,201900054755,12,2,06:20,5,2,1,1.0,5.0,67025,Route du Rhin,M,"48,8570567","8,0869518",67,2019,50.0,1.0,1.0,3.0,2265840,1.0,1,3,1,1.0,,0.0,0,2000.0,C01,138Â 203Â 154,2.0,6.0,-1.0,1729537,1.0,2,,0.0,2.0,1.0,C01,138Â 203Â 154,1.0
1013224,201900054755,12,2,06:20,5,2,1,1.0,5.0,67025,Route du Rhin,M,"48,8570567","8,0869518",67,2019,50.0,1.0,1.0,3.0,2265840,1.0,1,3,1,1.0,,0.0,0,2000.0,C01,138Â 203Â 154,2.0,6.0,-1.0,1729538,1.0,7,,0.0,2.0,6.0,B01,138Â 203Â 155,1.0
1013224,201900054755,12,2,06:20,5,2,1,1.0,5.0,67025,Route du Rhin,M,"48,8570567","8,0869518",67,2019,50.0,1.0,1.0,3.0,2265840,1.0,1,3,1,1.0,,0.0,0,2000.0,C01,138Â 203Â 154,2.0,6.0,-1.0,1729539,2.0,7,,0.0,2.0,1.0,A01,138Â 203Â 156,1.0
1013224,201900054755,12,2,06:20,5,2,1,1.0,5.0,67025,Route du Rhin,M,"48,8570567","8,0869518",67,2019,50.0,1.0,1.0,3.0,2265841,1.0,1,1,1,1.0,,0.0,0,1971.0,B01,138Â 203Â 155,1.0,-1.0,-1.0,1729537,1.0,2,,0.0,2.0,1.0,C01,138Â 203Â 154,1.0
1013224,201900054755,12,2,06:20,5,2,1,1.0,5.0,67025,Route du Rhin,M,"48,8570567","8,0869518",67,2019,50.0,1.0,1.0,3.0,2265841,1.0,1,1,1,1.0,,0.0,0,1971.0,B01,138Â 203Â 155,1.0,-1.0,-1.0,1729538,1.0,7,,0.0,2.0,6.0,B01,138Â 203Â 155,1.0
1013224,201900054755,12,2,06:20,5,2,1,1.0,5.0,67025,Route du Rhin,M,"48,8570567","8,0869518",67,2019,50.0,1.0,1.0,3.0,2265841,1.0,1,1,1,1.0,,0.0,0,1971.0,B01,138Â 203Â 155,1.0,-1.0,-1.0,1729539,2.0,7,,0.0,2.0,1.0,A01,138Â 203Â 156,1.0