Unnamed: 0_x,num_acc,mois,jour,hrmn,lum,agg,int,atm,col,com,adr,gps,lat,long,dep,annee,vma,situ,surf,catr,Unnamed: 0_y,place,catu,grav,sexe,trajet,secu,locp,actp,an_nais,num_veh_x,id_vehicule_x,secu1,secu2,secu3,Unnamed: 0,senc,catv,occutc,obs,obsm,choc,num_veh_y,id_vehicule_y,motor
1013224,201900054755,12,2,06:20,5,2,1,1.0,5.0,67025,Route du Rhin,M,"48,8570567","8,0869518",67,2019,50.0,1.0,1.0,3.0,2265842,2.0,2,1,1,1.0,,0.0,0,1976.0,B01,138Â 203Â 155,1.0,-1.0,-1.0,1729537,1.0,2,,0.0,2.0,1.0,C01,138Â 203Â 154,1.0
1013224,201900054755,12,2,06:20,5,2,1,1.0,5.0,67025,Route du Rhin,M,"48,8570567","8,0869518",67,2019,50.0,1.0,1.0,3.0,2265842,2.0,2,1,1,1.0,,0.0,0,1976.0,B01,138Â 203Â 155,1.0,-1.0,-1.0,1729538,1.0,7,,0.0,2.0,6.0,B01,138Â 203Â 155,1.0
1013224,201900054755,12,2,06:20,5,2,1,1.0,5.0,67025,Route du Rhin,M,"48,8570567","8,0869518",67,2019,50.0,1.0,1.0,3.0,2265842,2.0,2,1,1,1.0,,0.0,0,1976.0,B01,138Â 203Â 155,1.0,-1.0,-1.0,1729539,2.0,7,,0.0,2.0,1.0,A01,138Â 203Â 156,1.0
1013224,201900054755,12,2,06:20,5,2,1,1.0,5.0,67025,Route du Rhin,M,"48,8570567","8,0869518",67,2019,50.0,1.0,1.0,3.0,2265843,1.0,1,1,2,1.0,,0.0,0,1981.0,A01,138Â 203Â 156,1.0,-1.0,-1.0,1729537,1.0,2,,0.0,2.0,1.0,C01,138Â 203Â 154,1.0
1013224,201900054755,12,2,06:20,5,2,1,1.0,5.0,67025,Route du Rhin,M,"48,8570567","8,0869518",67,2019,50.0,1.0,1.0,3.0,2265843,1.0,1,1,2,1.0,,0.0,0,1981.0,A01,138Â 203Â 156,1.0,-1.0,-1.0,1729538,1.0,7,,0.0,2.0,6.0,B01,138Â 203Â 155,1.0
1013224,201900054755,12,2,06:20,5,2,1,1.0,5.0,67025,Route du Rhin,M,"48,8570567","8,0869518",67,2019,50.0,1.0,1.0,3.0,2265843,1.0,1,1,2,1.0,,0.0,0,1981.0,A01,138Â 203Â 156,1.0,-1.0,-1.0,1729539,2.0,7,,0.0,2.0,1.0,A01,138Â 203Â 156,1.0
1013225,201900054756,12,4,07:43,2,1,1,5.0,4.0,76272,Rue Albert Perne,M,"49,8085370","0,8423660",76,2019,70.0,1.0,1.0,3.0,2265844,1.0,1,3,2,1.0,,0.0,0,1984.0,A01,138Â 203Â 151,1.0,5.0,-1.0,1729540,2.0,7,,0.0,2.0,3.0,A01,138Â 203Â 151,1.0
1013225,201900054756,12,4,07:43,2,1,1,5.0,4.0,76272,Rue Albert Perne,M,"49,8085370","0,8423660",76,2019,70.0,1.0,1.0,3.0,2265844,1.0,1,3,2,1.0,,0.0,0,1984.0,A01,138Â 203Â 151,1.0,5.0,-1.0,1729541,1.0,17,,0.0,2.0,3.0,B01,138Â 203Â 152,1.0
1013225,201900054756,12,4,07:43,2,1,1,5.0,4.0,76272,Rue Albert Perne,M,"49,8085370","0,8423660",76,2019,70.0,1.0,1.0,3.0,2265844,1.0,1,3,2,1.0,,0.0,0,1984.0,A01,138Â 203Â 151,1.0,5.0,-1.0,1729542,2.0,7,,0.0,2.0,8.0,C01,138Â 203Â 153,1.0
1013225,201900054756,12,4,07:43,2,1,1,5.0,4.0,76272,Rue Albert Perne,M,"49,8085370","0,8423660",76,2019,70.0,1.0,1.0,3.0,2265845,1.0,1,1,1,4.0,,0.0,0,1967.0,B01,138Â 203Â 152,1.0,-1.0,-1.0,1729540,2.0,7,,0.0,2.0,3.0,A01,138Â 203Â 151,1.0
1013225,201900054756,12,4,07:43,2,1,1,5.0,4.0,76272,Rue Albert Perne,M,"49,8085370","0,8423660",76,2019,70.0,1.0,1.0,3.0,2265845,1.0,1,1,1,4.0,,0.0,0,1967.0,B01,138Â 203Â 152,1.0,-1.0,-1.0,1729541,1.0,17,,0.0,2.0,3.0,B01,138Â 203Â 152,1.0
1013225,201900054756,12,4,07:43,2,1,1,5.0,4.0,76272,Rue Albert Perne,M,"49,8085370","0,8423660",76,2019,70.0,1.0,1.0,3.0,2265845,1.0,1,1,1,4.0,,0.0,0,1967.0,B01,138Â 203Â 152,1.0,-1.0,-1.0,1729542,2.0,7,,0.0,2.0,8.0,C01,138Â 203Â 153,1.0
1013225,201900054756,12,4,07:43,2,1,1,5.0,4.0,76272,Rue Albert Perne,M,"49,8085370","0,8423660",76,2019,70.0,1.0,1.0,3.0,2265846,1.0,1,4,2,1.0,,0.0,0,2000.0,C01,138Â 203Â 153,1.0,5.0,-1.0,1729540,2.0,7,,0.0,2.0,3.0,A01,138Â 203Â 151,1.0
1013225,201900054756,12,4,07:43,2,1,1,5.0,4.0,76272,Rue Albert Perne,M,"49,8085370","0,8423660",76,2019,70.0,1.0,1.0,3.0,2265846,1.0,1,4,2,1.0,,0.0,0,2000.0,C01,138Â 203Â 153,1.0,5.0,-1.0,1729541,1.0,17,,0.0,2.0,3.0,B01,138Â 203Â 152,1.0
1013225,201900054756,12,4,07:43,2,1,1,5.0,4.0,76272,Rue Albert Perne,M,"49,8085370","0,8423660",76,2019,70.0,1.0,1.0,3.0,2265846,1.0,1,4,2,1.0,,0.0,0,2000.0,C01,138Â 203Â 153,1.0,5.0,-1.0,1729542,2.0,7,,0.0,2.0,8.0,C01,138Â 203Â 153,1.0
1013226,201900054757,12,3,13:20,1,2,3,5.0,6.0,76312,24 Boulevard de Verdun,M,"49,4849540","1,7300050",76,2019,50.0,4.0,1.0,2.0,2265847,1.0,1,3,1,4.0,,0.0,0,1960.0,A01,138Â 203Â 150,1.0,-1.0,-1.0,1729543,2.0,15,,6.0,0.0,1.0,A01,138Â 203Â 150,1.0
1013227,201900054758,12,2,17:50,3,1,1,1.0,3.0,80599,D56,M,"50,2057310","2,0005680",80,2019,80.0,1.0,1.0,3.0,2265848,1.0,1,3,1,0.0,,0.0,0,1980.0,B01,138Â 203Â 148,2.0,6.0,-1.0,1729544,2.0,31,,0.0,2.0,3.0,B01,138Â 203Â 148,1.0
1013227,201900054758,12,2,17:50,3,1,1,1.0,3.0,80599,D56,M,"50,2057310","2,0005680",80,2019,80.0,1.0,1.0,3.0,2265848,1.0,1,3,1,0.0,,0.0,0,1980.0,B01,138Â 203Â 148,2.0,6.0,-1.0,1729545,1.0,7,,0.0,2.0,3.0,A01,138Â 203Â 149,1.0
1013227,201900054758,12,2,17:50,3,1,1,1.0,3.0,80599,D56,M,"50,2057310","2,0005680",80,2019,80.0,1.0,1.0,3.0,2265849,1.0,1,1,2,1.0,,0.0,0,1993.0,A01,138Â 203Â 149,1.0,-1.0,-1.0,1729544,2.0,31,,0.0,2.0,3.0,B01,138Â 203Â 148,1.0
1013227,201900054758,12,2,17:50,3,1,1,1.0,3.0,80599,D56,M,"50,2057310","2,0005680",80,2019,80.0,1.0,1.0,3.0,2265849,1.0,1,1,2,1.0,,0.0,0,1993.0,A01,138Â 203Â 149,1.0,-1.0,-1.0,1729545,1.0,7,,0.0,2.0,3.0,A01,138Â 203Â 149,1.0
1013228,201900054759,12,4,13:15,1,1,1,5.0,6.0,80036,D167,M,"49,8894560","2,4664550",80,2019,50.0,3.0,2.0,3.0,2265850,1.0,1,2,1,1.0,,0.0,0,1996.0,A01,138Â 203Â 147,8.0,-1.0,-1.0,1729546,1.0,7,,2.0,0.0,7.0,A01,138Â 203Â 147,1.0
1013229,201900054760,12,3,18:30,5,2,3,1.0,6.0,33071,Rue du Fort Bayard,M,"44,8255600"," -0,1841600",33,2019,50.0,1.0,1.0,3.0,2265851,10.0,3,3,2,5.0,,3.0,3,2003.0,A01,138Â 203Â 146,0.0,-1.0,-1.0,1729547,1.0,7,,0.0,1.0,2.0,A01,138Â 203Â 146,1.0
1013229,201900054760,12,3,18:30,5,2,3,1.0,6.0,33071,Rue du Fort Bayard,M,"44,8255600"," -0,1841600",33,2019,50.0,1.0,1.0,3.0,2265852,1.0,1,1,2,1.0,,0.0,0,1955.0,A01,138Â 203Â 146,1.0,-1.0,-1.0,1729547,1.0,7,,0.0,1.0,2.0,A01,138Â 203Â 146,1.0
1013230,201900054761,11,29,14:30,1,1,3,1.0,3.0,49305,Lieu Dit la Gateliere,M,"47,7047990"," -0,7290480",49,2019,80.0,1.0,1.0,3.0,2265853,1.0,1,4,1,0.0,,0.0,0,1983.0,A01,138Â 203Â 144,8.0,-1.0,-1.0,1729548,3.0,33,,0.0,2.0,5.0,A01,138Â 203Â 144,1.0
1013230,201900054761,11,29,14:30,1,1,3,1.0,3.0,49305,Lieu Dit la Gateliere,M,"47,7047990"," -0,7290480",49,2019,80.0,1.0,1.0,3.0,2265853,1.0,1,4,1,0.0,,0.0,0,1983.0,A01,138Â 203Â 144,8.0,-1.0,-1.0,1729549,0.0,7,,0.0,2.0,8.0,B01,138Â 203Â 145,1.0
1013230,201900054761,11,29,14:30,1,1,3,1.0,3.0,49305,Lieu Dit la Gateliere,M,"47,7047990"," -0,7290480",49,2019,80.0,1.0,1.0,3.0,2265854,1.0,1,1,1,9.0,,0.0,0,1997.0,B01,138Â 203Â 145,8.0,-1.0,-1.0,1729548,3.0,33,,0.0,2.0,5.0,A01,138Â 203Â 144,1.0
1013230,201900054761,11,29,14:30,1,1,3,1.0,3.0,49305,Lieu Dit la Gateliere,M,"47,7047990"," -0,7290480",49,2019,80.0,1.0,1.0,3.0,2265854,1.0,1,1,1,9.0,,0.0,0,1997.0,B01,138Â 203Â 145,8.0,-1.0,-1.0,1729549,0.0,7,,0.0,2.0,8.0,B01,138Â 203Â 145,1.0
1013231,201900054762,12,1,16:56,1,1,1,1.0,6.0,49003,D761,M,"47,2551200"," -0,3329380",49,2019,110.0,1.0,1.0,3.0,2265855,1.0,1,3,1,5.0,,0.0,0,1945.0,A01,138Â 203Â 143,1.0,-1.0,-1.0,1729550,1.0,7,,6.0,0.0,2.0,A01,138Â 203Â 143,1.0
1013232,201900054763,12,3,18:43,3,1,1,1.0,1.0,49218,D92,M,"47,2442910"," -1,0889150",49,2019,80.0,1.0,1.0,3.0,2265856,1.0,1,1,2,1.0,,0.0,0,1990.0,B01,138Â 203Â 141,1.0,-1.0,-1.0,1729551,1.0,7,,0.0,2.0,3.0,B01,138Â 203Â 141,1.0
1013232,201900054763,12,3,18:43,3,1,1,1.0,1.0,49218,D92,M,"47,2442910"," -1,0889150",49,2019,80.0,1.0,1.0,3.0,2265856,1.0,1,1,2,1.0,,0.0,0,1990.0,B01,138Â 203Â 141,1.0,-1.0,-1.0,1729552,2.0,2,,0.0,2.0,8.0,A01,138Â 203Â 142,1.0
1013232,201900054763,12,3,18:43,3,1,1,1.0,1.0,49218,D92,M,"47,2442910"," -1,0889150",49,2019,80.0,1.0,1.0,3.0,2265857,2.0,2,1,2,1.0,,0.0,0,1992.0,B01,138Â 203Â 141,1.0,-1.0,-1.0,1729551,1.0,7,,0.0,2.0,3.0,B01,138Â 203Â 141,1.0
1013232,201900054763,12,3,18:43,3,1,1,1.0,1.0,49218,D92,M,"47,2442910"," -1,0889150",49,2019,80.0,1.0,1.0,3.0,2265857,2.0,2,1,2,1.0,,0.0,0,1992.0,B01,138Â 203Â 141,1.0,-1.0,-1.0,1729552,2.0,2,,0.0,2.0,8.0,A01,138Â 203Â 142,1.0
1013232,201900054763,12,3,18:43,3,1,1,1.0,1.0,49218,D92,M,"47,2442910"," -1,0889150",49,2019,80.0,1.0,1.0,3.0,2265858,1.0,1,3,1,1.0,,0.0,0,1985.0,A01,138Â 203Â 142,2.0,-1.0,-1.0,1729551,1.0,7,,0.0,2.0,3.0,B01,138Â 203Â 141,1.0
1013232,201900054763,12,3,18:43,3,1,1,1.0,1.0,49218,D92,M,"47,2442910"," -1,0889150",49,2019,80.0,1.0,1.0,3.0,2265858,1.0,1,3,1,1.0,,0.0,0,1985.0,A01,138Â 203Â 142,2.0,-1.0,-1.0,1729552,2.0,2,,0.0,2.0,8.0,A01,138Â 203Â 142,1.0
1013233,201900054764,12,3,13:10,1,1,5,1.0,1.0,29259,D58,M,"48,6504326"," -3,9600900",29,2019,90.0,1.0,1.0,3.0,2265859,1.0,1,4,1,5.0,,0.0,0,1935.0,A01,138Â 203Â 139,1.0,-1.0,-1.0,1729553,2.0,7,,0.0,2.0,7.0,A01,138Â 203Â 139,1.0
1013233,201900054764,12,3,13:10,1,1,5,1.0,1.0,29259,D58,M,"48,6504326"," -3,9600900",29,2019,90.0,1.0,1.0,3.0,2265859,1.0,1,4,1,5.0,,0.0,0,1935.0,A01,138Â 203Â 139,1.0,-1.0,-1.0,1729554,1.0,7,,0.0,2.0,1.0,B01,138Â 203Â 140,1.0
1013233,201900054764,12,3,13:10,1,1,5,1.0,1.0,29259,D58,M,"48,6504326"," -3,9600900",29,2019,90.0,1.0,1.0,3.0,2265860,2.0,2,3,2,5.0,,0.0,0,1940.0,A01,138Â 203Â 139,1.0,-1.0,-1.0,1729553,2.0,7,,0.0,2.0,7.0,A01,138Â 203Â 139,1.0
1013233,201900054764,12,3,13:10,1,1,5,1.0,1.0,29259,D58,M,"48,6504326"," -3,9600900",29,2019,90.0,1.0,1.0,3.0,2265860,2.0,2,3,2,5.0,,0.0,0,1940.0,A01,138Â 203Â 139,1.0,-1.0,-1.0,1729554,1.0,7,,0.0,2.0,1.0,B01,138Â 203Â 140,1.0
1013233,201900054764,12,3,13:10,1,1,5,1.0,1.0,29259,D58,M,"48,6504326"," -3,9600900",29,2019,90.0,1.0,1.0,3.0,2265861,1.0,1,4,1,5.0,,0.0,0,1943.0,B01,138Â 203Â 140,1.0,-1.0,-1.0,1729553,2.0,7,,0.0,2.0,7.0,A01,138Â 203Â 139,1.0
1013233,201900054764,12,3,13:10,1,1,5,1.0,1.0,29259,D58,M,"48,6504326"," -3,9600900",29,2019,90.0,1.0,1.0,3.0,2265861,1.0,1,4,1,5.0,,0.0,0,1943.0,B01,138Â 203Â 140,1.0,-1.0,-1.0,1729554,1.0,7,,0.0,2.0,1.0,B01,138Â 203Â 140,1.0
1013233,201900054764,12,3,13:10,1,1,5,1.0,1.0,29259,D58,M,"48,6504326"," -3,9600900",29,2019,90.0,1.0,1.0,3.0,2265862,2.0,2,4,2,5.0,,0.0,0,1944.0,B01,138Â 203Â 140,1.0,-1.0,-1.0,1729553,2.0,7,,0.0,2.0,7.0,A01,138Â 203Â 139,1.0
1013233,201900054764,12,3,13:10,1,1,5,1.0,1.0,29259,D58,M,"48,6504326"," -3,9600900",29,2019,90.0,1.0,1.0,3.0,2265862,2.0,2,4,2,5.0,,0.0,0,1944.0,B01,138Â 203Â 140,1.0,-1.0,-1.0,1729554,1.0,7,,0.0,2.0,1.0,B01,138Â 203Â 140,1.0
1013234,201900054765,12,4,01:30,4,1,6,1.0,6.0,38517,Route de Saint Quentin,M,"45,2882100","5,5213300",38,2019,80.0,1.0,1.0,3.0,2265863,1.0,1,2,1,5.0,,0.0,0,1982.0,A01,138Â 203Â 138,0.0,-1.0,-1.0,1729555,1.0,7,,8.0,0.0,1.0,A01,138Â 203Â 138,1.0
1013234,201900054765,12,4,01:30,4,1,6,1.0,6.0,38517,Route de Saint Quentin,M,"45,2882100","5,5213300",38,2019,80.0,1.0,1.0,3.0,2265864,9.0,2,3,2,5.0,,0.0,0,2018.0,A01,138Â 203Â 138,0.0,-1.0,-1.0,1729555,1.0,7,,8.0,0.0,1.0,A01,138Â 203Â 138,1.0
1013235,201900054766,12,3,16:25,2,1,1,7.0,2.0,03076,,M,"46,5912077","3,4012275",3,2019,80.0,1.0,1.0,3.0,2265865,2.0,2,1,2,5.0,,0.0,0,1990.0,A01,138Â 203Â 136,1.0,-1.0,-1.0,1729556,2.0,7,,0.0,2.0,1.0,A01,138Â 203Â 136,1.0
1013235,201900054766,12,3,16:25,2,1,1,7.0,2.0,03076,,M,"46,5912077","3,4012275",3,2019,80.0,1.0,1.0,3.0,2265865,2.0,2,1,2,5.0,,0.0,0,1990.0,A01,138Â 203Â 136,1.0,-1.0,-1.0,1729557,2.0,1,,0.0,0.0,4.0,B01,138Â 203Â 137,5.0
1013235,201900054766,12,3,16:25,2,1,1,7.0,2.0,03076,,M,"46,5912077","3,4012275",3,2019,80.0,1.0,1.0,3.0,2265866,1.0,1,1,2,5.0,,0.0,0,1958.0,A01,138Â 203Â 136,1.0,-1.0,-1.0,1729556,2.0,7,,0.0,2.0,1.0,A01,138Â 203Â 136,1.0
1013235,201900054766,12,3,16:25,2,1,1,7.0,2.0,03076,,M,"46,5912077","3,4012275",3,2019,80.0,1.0,1.0,3.0,2265866,1.0,1,1,2,5.0,,0.0,0,1958.0,A01,138Â 203Â 136,1.0,-1.0,-1.0,1729557,2.0,1,,0.0,0.0,4.0,B01,138Â 203Â 137,5.0
1013235,201900054766,12,3,16:25,2,1,1,7.0,2.0,03076,,M,"46,5912077","3,4012275",3,2019,80.0,1.0,1.0,3.0,2265867,1.0,1,3,1,5.0,,0.0,0,1956.0,B01,138Â 203Â 137,2.0,-1.0,-1.0,1729556,2.0,7,,0.0,2.0,1.0,A01,138Â 203Â 136,1.0
1013235,201900054766,12,3,16:25,2,1,1,7.0,2.0,03076,,M,"46,5912077","3,4012275",3,2019,80.0,1.0,1.0,3.0,2265867,1.0,1,3,1,5.0,,0.0,0,1956.0,B01,138Â 203Â 137,2.0,-1.0,-1.0,1729557,2.0,1,,0.0,0.0,4.0,B01,138Â 203Â 137,5.0
1013236,201900054767,12,4,06:30,3,1,3,5.0,7.0,14252,D43,M,"48,9962210"," -0,2571490",14,2019,80.0,1.0,1.0,3.0,2265868,1.0,1,4,1,1.0,,0.0,0,1997.0,A01,138Â 203Â 135,1.0,-1.0,-1.0,1729558,1.0,7,,0.0,0.0,1.0,A01,138Â 203Â 135,1.0
1013236,201900054767,12,4,06:30,3,1,3,5.0,7.0,14252,D43,M,"48,9962210"," -0,2571490",14,2019,80.0,1.0,1.0,3.0,2265869,2.0,2,4,1,1.0,,0.0,0,1984.0,A01,138Â 203Â 135,1.0,-1.0,-1.0,1729558,1.0,7,,0.0,0.0,1.0,A01,138Â 203Â 135,1.0
1013237,201900054768,12,3,14:30,1,1,2,5.0,3.0,60222,D938,M,"49,4690470","2,2620630",60,2019,70.0,1.0,2.0,3.0,2265870,1.0,1,1,1,0.0,,0.0,0,1953.0,A01,138Â 203Â 133,1.0,-1.0,-1.0,1729559,1.0,7,,7.0,2.0,7.0,A01,138Â 203Â 133,1.0
1013237,201900054768,12,3,14:30,1,1,2,5.0,3.0,60222,D938,M,"49,4690470","2,2620630",60,2019,70.0,1.0,2.0,3.0,2265870,1.0,1,1,1,0.0,,0.0,0,1953.0,A01,138Â 203Â 133,1.0,-1.0,-1.0,1729560,2.0,7,,0.0,2.0,1.0,B01,138Â 203Â 134,1.0
1013237,201900054768,12,3,14:30,1,1,2,5.0,3.0,60222,D938,M,"49,4690470","2,2620630",60,2019,70.0,1.0,2.0,3.0,2265871,2.0,2,1,1,0.0,,0.0,0,2011.0,B01,138Â 203Â 134,1.0,-1.0,-1.0,1729559,1.0,7,,7.0,2.0,7.0,A01,138Â 203Â 133,1.0
1013237,201900054768,12,3,14:30,1,1,2,5.0,3.0,60222,D938,M,"49,4690470","2,2620630",60,2019,70.0,1.0,2.0,3.0,2265871,2.0,2,1,1,0.0,,0.0,0,2011.0,B01,138Â 203Â 134,1.0,-1.0,-1.0,1729560,2.0,7,,0.0,2.0,1.0,B01,138Â 203Â 134,1.0
1013237,201900054768,12,3,14:30,1,1,2,5.0,3.0,60222,D938,M,"49,4690470","2,2620630",60,2019,70.0,1.0,2.0,3.0,2265872,1.0,1,4,2,0.0,,0.0,0,1949.0,B01,138Â 203Â 134,1.0,-1.0,-1.0,1729559,1.0,7,,7.0,2.0,7.0,A01,138Â 203Â 133,1.0
1013237,201900054768,12,3,14:30,1,1,2,5.0,3.0,60222,D938,M,"49,4690470","2,2620630",60,2019,70.0,1.0,2.0,3.0,2265872,1.0,1,4,2,0.0,,0.0,0,1949.0,B01,138Â 203Â 134,1.0,-1.0,-1.0,1729560,2.0,7,,0.0,2.0,1.0,B01,138Â 203Â 134,1.0
1013238,201900054769,12,4,07:20,3,1,1,5.0,7.0,60584,D12,M,"49,2272620","2,4138010",60,2019,80.0,3.0,7.0,3.0,2265873,1.0,1,3,1,1.0,,0.0,0,1965.0,A01,138Â 203Â 132,6.0,2.0,-1.0,1729561,0.0,33,,13.0,0.0,8.0,A01,138Â 203Â 132,1.0
1013239,201900054770,12,4,09:03,2,1,1,5.0,1.0,10339,D33,M,"48,3890110","3,7560460",10,2019,80.0,1.0,1.0,3.0,2265874,1.0,1,4,1,4.0,,0.0,0,1987.0,B01,138Â 203Â 130,1.0,-1.0,-1.0,1729562,2.0,15,,0.0,2.0,3.0,B01,138Â 203Â 130,0.0
1013239,201900054770,12,4,09:03,2,1,1,5.0,1.0,10339,D33,M,"48,3890110","3,7560460",10,2019,80.0,1.0,1.0,3.0,2265874,1.0,1,4,1,4.0,,0.0,0,1987.0,B01,138Â 203Â 130,1.0,-1.0,-1.0,1729563,1.0,7,,0.0,2.0,1.0,A01,138Â 203Â 131,0.0
1013239,201900054770,12,4,09:03,2,1,1,5.0,1.0,10339,D33,M,"48,3890110","3,7560460",10,2019,80.0,1.0,1.0,3.0,2265875,1.0,1,2,1,0.0,,0.0,0,1959.0,A01,138Â 203Â 131,1.0,-1.0,-1.0,1729562,2.0,15,,0.0,2.0,3.0,B01,138Â 203Â 130,0.0
1013239,201900054770,12,4,09:03,2,1,1,5.0,1.0,10339,D33,M,"48,3890110","3,7560460",10,2019,80.0,1.0,1.0,3.0,2265875,1.0,1,2,1,0.0,,0.0,0,1959.0,A01,138Â 203Â 131,1.0,-1.0,-1.0,1729563,1.0,7,,0.0,2.0,1.0,A01,138Â 203Â 131,0.0
1013240,201900054771,12,3,12:55,1,1,1,1.0,1.0,53163,CD 32 - PK 16.400,M,"48,1580480"," -0,4535300",53,2019,80.0,1.0,1.0,3.0,2265876,1.0,1,3,2,3.0,,0.0,0,1984.0,A01,138Â 203Â 128,1.0,-1.0,-1.0,1729564,1.0,7,,0.0,2.0,1.0,A01,138Â 203Â 128,1.0
1013240,201900054771,12,3,12:55,1,1,1,1.0,1.0,53163,CD 32 - PK 16.400,M,"48,1580480"," -0,4535300",53,2019,80.0,1.0,1.0,3.0,2265876,1.0,1,3,2,3.0,,0.0,0,1984.0,A01,138Â 203Â 128,1.0,-1.0,-1.0,1729565,2.0,7,,0.0,2.0,1.0,B01,138Â 203Â 129,1.0
1013240,201900054771,12,3,12:55,1,1,1,1.0,1.0,53163,CD 32 - PK 16.400,M,"48,1580480"," -0,4535300",53,2019,80.0,1.0,1.0,3.0,2265877,9.0,2,3,1,2.0,,0.0,0,2005.0,B01,138Â 203Â 129,1.0,-1.0,-1.0,1729564,1.0,7,,0.0,2.0,1.0,A01,138Â 203Â 128,1.0
1013240,201900054771,12,3,12:55,1,1,1,1.0,1.0,53163,CD 32 - PK 16.400,M,"48,1580480"," -0,4535300",53,2019,80.0,1.0,1.0,3.0,2265877,9.0,2,3,1,2.0,,0.0,0,2005.0,B01,138Â 203Â 129,1.0,-1.0,-1.0,1729565,2.0,7,,0.0,2.0,1.0,B01,138Â 203Â 129,1.0
1013240,201900054771,12,3,12:55,1,1,1,1.0,1.0,53163,CD 32 - PK 16.400,M,"48,1580480"," -0,4535300",53,2019,80.0,1.0,1.0,3.0,2265878,7.0,2,3,2,2.0,,0.0,0,2011.0,B01,138Â 203Â 129,1.0,3.0,-1.0,1729564,1.0,7,,0.0,2.0,1.0,A01,138Â 203Â 128,1.0
1013240,201900054771,12,3,12:55,1,1,1,1.0,1.0,53163,CD 32 - PK 16.400,M,"48,1580480"," -0,4535300",53,2019,80.0,1.0,1.0,3.0,2265878,7.0,2,3,2,2.0,,0.0,0,2011.0,B01,138Â 203Â 129,1.0,3.0,-1.0,1729565,2.0,7,,0.0,2.0,1.0,B01,138Â 203Â 129,1.0
1013240,201900054771,12,3,12:55,1,1,1,1.0,1.0,53163,CD 32 - PK 16.400,M,"48,1580480"," -0,4535300",53,2019,80.0,1.0,1.0,3.0,2265879,1.0,1,4,2,2.0,,0.0,0,1979.0,B01,138Â 203Â 129,1.0,-1.0,-1.0,1729564,1.0,7,,0.0,2.0,1.0,A01,138Â 203Â 128,1.0
1013240,201900054771,12,3,12:55,1,1,1,1.0,1.0,53163,CD 32 - PK 16.400,M,"48,1580480"," -0,4535300",53,2019,80.0,1.0,1.0,3.0,2265879,1.0,1,4,2,2.0,,0.0,0,1979.0,B01,138Â 203Â 129,1.0,-1.0,-1.0,1729565,2.0,7,,0.0,2.0,1.0,B01,138Â 203Â 129,1.0
1013240,201900054771,12,3,12:55,1,1,1,1.0,1.0,53163,CD 32 - PK 16.400,M,"48,1580480"," -0,4535300",53,2019,80.0,1.0,1.0,3.0,2265880,2.0,2,3,2,2.0,,0.0,0,2008.0,B01,138Â 203Â 129,1.0,-1.0,-1.0,1729564,1.0,7,,0.0,2.0,1.0,A01,138Â 203Â 128,1.0
1013240,201900054771,12,3,12:55,1,1,1,1.0,1.0,53163,CD 32 - PK 16.400,M,"48,1580480"," -0,4535300",53,2019,80.0,1.0,1.0,3.0,2265880,2.0,2,3,2,2.0,,0.0,0,2008.0,B01,138Â 203Â 129,1.0,-1.0,-1.0,1729565,2.0,7,,0.0,2.0,1.0,B01,138Â 203Â 129,1.0
1013241,201900054772,12,3,09:55,1,2,9,1.0,6.0,40312,22 Rue du Muguet,M,"43,5488850"," -1,4892950",40,2019,50.0,5.0,1.0,4.0,2265881,10.0,3,3,1,5.0,,1.0,3,1954.0,A01,138Â 203Â 127,0.0,-1.0,-1.0,1729566,3.0,7,,0.0,1.0,2.0,A01,138Â 203Â 127,1.0
1013241,201900054772,12,3,09:55,1,2,9,1.0,6.0,40312,22 Rue du Muguet,M,"43,5488850"," -1,4892950",40,2019,50.0,5.0,1.0,4.0,2265882,1.0,1,1,2,1.0,,0.0,0,1971.0,A01,138Â 203Â 127,1.0,-1.0,-1.0,1729566,3.0,7,,0.0,1.0,2.0,A01,138Â 203Â 127,1.0
1013242,201900054773,12,3,16:00,1,1,1,1.0,7.0,24094,D44,M,"45,0942000","0,6763500",24,2019,80.0,1.0,1.0,3.0,2265883,10.0,3,4,2,5.0,,1.0,1,1969.0,A01,138Â 203Â 126,0.0,-1.0,-1.0,1729567,3.0,10,,0.0,1.0,2.0,A01,138Â 203Â 126,1.0
1013242,201900054773,12,3,16:00,1,1,1,1.0,7.0,24094,D44,M,"45,0942000","0,6763500",24,2019,80.0,1.0,1.0,3.0,2265884,1.0,1,1,1,0.0,,0.0,0,1997.0,A01,138Â 203Â 126,1.0,-1.0,-1.0,1729567,3.0,10,,0.0,1.0,2.0,A01,138Â 203Â 126,1.0
1013243,201900054774,12,4,11:00,1,1,2,1.0,3.0,85277,D19,M,"46,5022800"," -1,3478900",85,2019,70.0,1.0,1.0,3.0,2265885,1.0,1,1,1,5.0,,0.0,0,1950.0,B01,138Â 203Â 124,1.0,-1.0,-1.0,1729568,2.0,7,,0.0,2.0,7.0,B01,138Â 203Â 124,1.0
1013243,201900054774,12,4,11:00,1,1,2,1.0,3.0,85277,D19,M,"46,5022800"," -1,3478900",85,2019,70.0,1.0,1.0,3.0,2265885,1.0,1,1,1,5.0,,0.0,0,1950.0,B01,138Â 203Â 124,1.0,-1.0,-1.0,1729569,1.0,1,,0.0,2.0,1.0,A01,138Â 203Â 125,5.0
1013243,201900054774,12,4,11:00,1,1,2,1.0,3.0,85277,D19,M,"46,5022800"," -1,3478900",85,2019,70.0,1.0,1.0,3.0,2265886,1.0,1,3,1,5.0,,0.0,0,1966.0,A01,138Â 203Â 125,0.0,-1.0,-1.0,1729568,2.0,7,,0.0,2.0,7.0,B01,138Â 203Â 124,1.0