Unnamed: 0_x,num_acc,mois,jour,hrmn,lum,agg,int,atm,col,com,adr,gps,lat,long,dep,annee,vma,situ,surf,catr,Unnamed: 0_y,place,catu,grav,sexe,trajet,secu,locp,actp,an_nais,num_veh_x,id_vehicule_x,secu1,secu2,secu3,Unnamed: 0,senc,catv,occutc,obs,obsm,choc,num_veh_y,id_vehicule_y,motor
1013243,201900054774,12,4,11:00,1,1,2,1.0,3.0,85277,D19,M,"46,5022800"," -1,3478900",85,2019,70.0,1.0,1.0,3.0,2265886,1.0,1,3,1,5.0,,0.0,0,1966.0,A01,138Â 203Â 125,0.0,-1.0,-1.0,1729569,1.0,1,,0.0,2.0,1.0,A01,138Â 203Â 125,5.0
1013244,201900054775,12,3,18:06,5,2,1,1.0,6.0,85111,58 Rue des FaÃ¯enciers,M,"46,3251100"," -0,9563400",85,2019,50.0,4.0,1.0,4.0,2265887,10.0,3,3,1,5.0,,5.0,9,2010.0,A01,138Â 203Â 123,0.0,-1.0,-1.0,1729570,1.0,7,,0.0,1.0,2.0,A01,138Â 203Â 123,1.0
1013244,201900054775,12,3,18:06,5,2,1,1.0,6.0,85111,58 Rue des FaÃ¯enciers,M,"46,3251100"," -0,9563400",85,2019,50.0,4.0,1.0,4.0,2265888,1.0,1,1,1,1.0,,0.0,0,1981.0,A01,138Â 203Â 123,1.0,-1.0,-1.0,1729570,1.0,7,,0.0,1.0,2.0,A01,138Â 203Â 123,1.0
1013244,201900054775,12,3,18:06,5,2,1,1.0,6.0,85111,58 Rue des FaÃ¯enciers,M,"46,3251100"," -0,9563400",85,2019,50.0,4.0,1.0,4.0,2265889,10.0,3,4,1,5.0,,5.0,9,1986.0,A01,138Â 203Â 123,0.0,-1.0,-1.0,1729570,1.0,7,,0.0,1.0,2.0,A01,138Â 203Â 123,1.0
1013244,201900054775,12,3,18:06,5,2,1,1.0,6.0,85111,58 Rue des FaÃ¯enciers,M,"46,3251100"," -0,9563400",85,2019,50.0,4.0,1.0,4.0,2265890,10.0,3,3,2,4.0,,5.0,9,1993.0,A01,138Â 203Â 123,0.0,-1.0,-1.0,1729570,1.0,7,,0.0,1.0,2.0,A01,138Â 203Â 123,1.0
1013244,201900054775,12,3,18:06,5,2,1,1.0,6.0,85111,58 Rue des FaÃ¯enciers,M,"46,3251100"," -0,9563400",85,2019,50.0,4.0,1.0,4.0,2265891,10.0,3,4,1,5.0,,5.0,9,2015.0,A01,138Â 203Â 123,0.0,-1.0,-1.0,1729570,1.0,7,,0.0,1.0,2.0,A01,138Â 203Â 123,1.0
1013244,201900054775,12,3,18:06,5,2,1,1.0,6.0,85111,58 Rue des FaÃ¯enciers,M,"46,3251100"," -0,9563400",85,2019,50.0,4.0,1.0,4.0,2265892,10.0,3,4,1,5.0,,5.0,9,1990.0,A01,138Â 203Â 123,0.0,-1.0,-1.0,1729570,1.0,7,,0.0,1.0,2.0,A01,138Â 203Â 123,1.0
1013244,201900054775,12,3,18:06,5,2,1,1.0,6.0,85111,58 Rue des FaÃ¯enciers,M,"46,3251100"," -0,9563400",85,2019,50.0,4.0,1.0,4.0,2265893,10.0,3,4,2,5.0,,5.0,9,1988.0,A01,138Â 203Â 123,0.0,-1.0,-1.0,1729570,1.0,7,,0.0,1.0,2.0,A01,138Â 203Â 123,1.0
1013245,201900054776,2,19,09:50,1,1,2,1.0,1.0,76669,route des loges,M,"49,6849082","0,3172731",76,2019,80.0,1.0,2.0,3.0,2265894,1.0,1,4,1,5.0,,0.0,0,1978.0,B01,138Â 203Â 121,2.0,6.0,-1.0,1729571,1.0,1,,0.0,2.0,1.0,B01,138Â 203Â 121,5.0
1013245,201900054776,2,19,09:50,1,1,2,1.0,1.0,76669,route des loges,M,"49,6849082","0,3172731",76,2019,80.0,1.0,2.0,3.0,2265894,1.0,1,4,1,5.0,,0.0,0,1978.0,B01,138Â 203Â 121,2.0,6.0,-1.0,1729572,2.0,7,,0.0,9.0,3.0,A01,138Â 203Â 122,1.0
1013245,201900054776,2,19,09:50,1,1,2,1.0,1.0,76669,route des loges,M,"49,6849082","0,3172731",76,2019,80.0,1.0,2.0,3.0,2265895,1.0,1,1,1,1.0,,0.0,0,1981.0,A01,138Â 203Â 122,1.0,-1.0,-1.0,1729571,1.0,1,,0.0,2.0,1.0,B01,138Â 203Â 121,5.0
1013245,201900054776,2,19,09:50,1,1,2,1.0,1.0,76669,route des loges,M,"49,6849082","0,3172731",76,2019,80.0,1.0,2.0,3.0,2265895,1.0,1,1,1,1.0,,0.0,0,1981.0,A01,138Â 203Â 122,1.0,-1.0,-1.0,1729572,2.0,7,,0.0,9.0,3.0,A01,138Â 203Â 122,1.0
1013246,201900054777,2,18,14:00,1,1,1,1.0,6.0,82060,St Romain,M,"44,2481590","1,0272320",82,2019,80.0,3.0,1.0,3.0,2265896,1.0,1,3,1,5.0,,0.0,0,1967.0,A01,138Â 203Â 120,1.0,-1.0,-1.0,1729573,1.0,7,,8.0,0.0,2.0,A01,138Â 203Â 120,1.0
1013247,201900054778,2,19,16:15,1,1,1,1.0,5.0,63249,CD 906 - LD CHAMP DES BRUGERETTES,M,"45,8136660","3,5111189",63,2019,80.0,1.0,1.0,3.0,2265897,1.0,1,1,1,0.0,,0.0,0,1991.0,B01,138Â 203Â 117,1.0,-1.0,-1.0,1729574,2.0,7,,0.0,2.0,3.0,B01,138Â 203Â 117,1.0
1013247,201900054778,2,19,16:15,1,1,1,1.0,5.0,63249,CD 906 - LD CHAMP DES BRUGERETTES,M,"45,8136660","3,5111189",63,2019,80.0,1.0,1.0,3.0,2265897,1.0,1,1,1,0.0,,0.0,0,1991.0,B01,138Â 203Â 117,1.0,-1.0,-1.0,1729575,2.0,7,,0.0,2.0,1.0,C01,138Â 203Â 118,1.0
1013247,201900054778,2,19,16:15,1,1,1,1.0,5.0,63249,CD 906 - LD CHAMP DES BRUGERETTES,M,"45,8136660","3,5111189",63,2019,80.0,1.0,1.0,3.0,2265897,1.0,1,1,1,0.0,,0.0,0,1991.0,B01,138Â 203Â 117,1.0,-1.0,-1.0,1729576,1.0,7,,0.0,2.0,3.0,A01,138Â 203Â 119,1.0
1013247,201900054778,2,19,16:15,1,1,1,1.0,5.0,63249,CD 906 - LD CHAMP DES BRUGERETTES,M,"45,8136660","3,5111189",63,2019,80.0,1.0,1.0,3.0,2265898,2.0,1,4,2,4.0,,0.0,0,1970.0,C01,138Â 203Â 118,1.0,-1.0,-1.0,1729574,2.0,7,,0.0,2.0,3.0,B01,138Â 203Â 117,1.0
1013247,201900054778,2,19,16:15,1,1,1,1.0,5.0,63249,CD 906 - LD CHAMP DES BRUGERETTES,M,"45,8136660","3,5111189",63,2019,80.0,1.0,1.0,3.0,2265898,2.0,1,4,2,4.0,,0.0,0,1970.0,C01,138Â 203Â 118,1.0,-1.0,-1.0,1729575,2.0,7,,0.0,2.0,1.0,C01,138Â 203Â 118,1.0
1013247,201900054778,2,19,16:15,1,1,1,1.0,5.0,63249,CD 906 - LD CHAMP DES BRUGERETTES,M,"45,8136660","3,5111189",63,2019,80.0,1.0,1.0,3.0,2265898,2.0,1,4,2,4.0,,0.0,0,1970.0,C01,138Â 203Â 118,1.0,-1.0,-1.0,1729576,1.0,7,,0.0,2.0,3.0,A01,138Â 203Â 119,1.0
1013247,201900054778,2,19,16:15,1,1,1,1.0,5.0,63249,CD 906 - LD CHAMP DES BRUGERETTES,M,"45,8136660","3,5111189",63,2019,80.0,1.0,1.0,3.0,2265899,2.0,2,4,1,9.0,,0.0,0,1950.0,C01,138Â 203Â 118,1.0,-1.0,-1.0,1729574,2.0,7,,0.0,2.0,3.0,B01,138Â 203Â 117,1.0
1013247,201900054778,2,19,16:15,1,1,1,1.0,5.0,63249,CD 906 - LD CHAMP DES BRUGERETTES,M,"45,8136660","3,5111189",63,2019,80.0,1.0,1.0,3.0,2265899,2.0,2,4,1,9.0,,0.0,0,1950.0,C01,138Â 203Â 118,1.0,-1.0,-1.0,1729575,2.0,7,,0.0,2.0,1.0,C01,138Â 203Â 118,1.0
1013247,201900054778,2,19,16:15,1,1,1,1.0,5.0,63249,CD 906 - LD CHAMP DES BRUGERETTES,M,"45,8136660","3,5111189",63,2019,80.0,1.0,1.0,3.0,2265899,2.0,2,4,1,9.0,,0.0,0,1950.0,C01,138Â 203Â 118,1.0,-1.0,-1.0,1729576,1.0,7,,0.0,2.0,3.0,A01,138Â 203Â 119,1.0
1013247,201900054778,2,19,16:15,1,1,1,1.0,5.0,63249,CD 906 - LD CHAMP DES BRUGERETTES,M,"45,8136660","3,5111189",63,2019,80.0,1.0,1.0,3.0,2265900,7.0,2,4,2,0.0,,0.0,0,2005.0,A01,138Â 203Â 119,1.0,-1.0,-1.0,1729574,2.0,7,,0.0,2.0,3.0,B01,138Â 203Â 117,1.0
1013247,201900054778,2,19,16:15,1,1,1,1.0,5.0,63249,CD 906 - LD CHAMP DES BRUGERETTES,M,"45,8136660","3,5111189",63,2019,80.0,1.0,1.0,3.0,2265900,7.0,2,4,2,0.0,,0.0,0,2005.0,A01,138Â 203Â 119,1.0,-1.0,-1.0,1729575,2.0,7,,0.0,2.0,1.0,C01,138Â 203Â 118,1.0
1013247,201900054778,2,19,16:15,1,1,1,1.0,5.0,63249,CD 906 - LD CHAMP DES BRUGERETTES,M,"45,8136660","3,5111189",63,2019,80.0,1.0,1.0,3.0,2265900,7.0,2,4,2,0.0,,0.0,0,2005.0,A01,138Â 203Â 119,1.0,-1.0,-1.0,1729576,1.0,7,,0.0,2.0,3.0,A01,138Â 203Â 119,1.0
1013247,201900054778,2,19,16:15,1,1,1,1.0,5.0,63249,CD 906 - LD CHAMP DES BRUGERETTES,M,"45,8136660","3,5111189",63,2019,80.0,1.0,1.0,3.0,2265901,2.0,2,4,2,0.0,,0.0,0,1972.0,A01,138Â 203Â 119,1.0,-1.0,-1.0,1729574,2.0,7,,0.0,2.0,3.0,B01,138Â 203Â 117,1.0
1013247,201900054778,2,19,16:15,1,1,1,1.0,5.0,63249,CD 906 - LD CHAMP DES BRUGERETTES,M,"45,8136660","3,5111189",63,2019,80.0,1.0,1.0,3.0,2265901,2.0,2,4,2,0.0,,0.0,0,1972.0,A01,138Â 203Â 119,1.0,-1.0,-1.0,1729575,2.0,7,,0.0,2.0,1.0,C01,138Â 203Â 118,1.0
1013247,201900054778,2,19,16:15,1,1,1,1.0,5.0,63249,CD 906 - LD CHAMP DES BRUGERETTES,M,"45,8136660","3,5111189",63,2019,80.0,1.0,1.0,3.0,2265901,2.0,2,4,2,0.0,,0.0,0,1972.0,A01,138Â 203Â 119,1.0,-1.0,-1.0,1729576,1.0,7,,0.0,2.0,3.0,A01,138Â 203Â 119,1.0
1013247,201900054778,2,19,16:15,1,1,1,1.0,5.0,63249,CD 906 - LD CHAMP DES BRUGERETTES,M,"45,8136660","3,5111189",63,2019,80.0,1.0,1.0,3.0,2265902,1.0,1,4,1,0.0,,0.0,0,1976.0,A01,138Â 203Â 119,1.0,-1.0,-1.0,1729574,2.0,7,,0.0,2.0,3.0,B01,138Â 203Â 117,1.0
1013247,201900054778,2,19,16:15,1,1,1,1.0,5.0,63249,CD 906 - LD CHAMP DES BRUGERETTES,M,"45,8136660","3,5111189",63,2019,80.0,1.0,1.0,3.0,2265902,1.0,1,4,1,0.0,,0.0,0,1976.0,A01,138Â 203Â 119,1.0,-1.0,-1.0,1729575,2.0,7,,0.0,2.0,1.0,C01,138Â 203Â 118,1.0
1013247,201900054778,2,19,16:15,1,1,1,1.0,5.0,63249,CD 906 - LD CHAMP DES BRUGERETTES,M,"45,8136660","3,5111189",63,2019,80.0,1.0,1.0,3.0,2265902,1.0,1,4,1,0.0,,0.0,0,1976.0,A01,138Â 203Â 119,1.0,-1.0,-1.0,1729576,1.0,7,,0.0,2.0,3.0,A01,138Â 203Â 119,1.0
1013248,201900054779,2,16,18:40,5,2,1,1.0,6.0,63125,route de CLERMONT FERRAND D906,M,"45,7816420","3,5329220",63,2019,50.0,8.0,1.0,3.0,2265903,1.0,1,3,1,5.0,,0.0,0,1961.0,A01,138Â 203Â 116,2.0,6.0,9.0,1729577,2.0,33,,11.0,0.0,1.0,A01,138Â 203Â 116,1.0
1013249,201900054780,2,17,18:00,2,1,1,1.0,1.0,42224,lieu dit la Blache,M,"45,3470090","4,4367950",42,2019,80.0,1.0,1.0,3.0,2265904,1.0,1,1,1,5.0,,0.0,0,1973.0,A01,138Â 203Â 114,5.0,-1.0,-1.0,1729578,2.0,7,,0.0,2.0,3.0,A01,138Â 203Â 114,1.0
1013249,201900054780,2,17,18:00,2,1,1,1.0,1.0,42224,lieu dit la Blache,M,"45,3470090","4,4367950",42,2019,80.0,1.0,1.0,3.0,2265904,1.0,1,1,1,5.0,,0.0,0,1973.0,A01,138Â 203Â 114,5.0,-1.0,-1.0,1729579,1.0,7,,0.0,2.0,3.0,B01,138Â 203Â 115,1.0
1013249,201900054780,2,17,18:00,2,1,1,1.0,1.0,42224,lieu dit la Blache,M,"45,3470090","4,4367950",42,2019,80.0,1.0,1.0,3.0,2265905,2.0,2,4,2,5.0,,0.0,0,1977.0,B01,138Â 203Â 115,5.0,-1.0,-1.0,1729578,2.0,7,,0.0,2.0,3.0,A01,138Â 203Â 114,1.0
1013249,201900054780,2,17,18:00,2,1,1,1.0,1.0,42224,lieu dit la Blache,M,"45,3470090","4,4367950",42,2019,80.0,1.0,1.0,3.0,2265905,2.0,2,4,2,5.0,,0.0,0,1977.0,B01,138Â 203Â 115,5.0,-1.0,-1.0,1729579,1.0,7,,0.0,2.0,3.0,B01,138Â 203Â 115,1.0
1013249,201900054780,2,17,18:00,2,1,1,1.0,1.0,42224,lieu dit la Blache,M,"45,3470090","4,4367950",42,2019,80.0,1.0,1.0,3.0,2265906,1.0,1,4,1,5.0,,0.0,0,1976.0,B01,138Â 203Â 115,5.0,-1.0,-1.0,1729578,2.0,7,,0.0,2.0,3.0,A01,138Â 203Â 114,1.0
1013249,201900054780,2,17,18:00,2,1,1,1.0,1.0,42224,lieu dit la Blache,M,"45,3470090","4,4367950",42,2019,80.0,1.0,1.0,3.0,2265906,1.0,1,4,1,5.0,,0.0,0,1976.0,B01,138Â 203Â 115,5.0,-1.0,-1.0,1729579,1.0,7,,0.0,2.0,3.0,B01,138Â 203Â 115,1.0
1013250,201900054781,2,19,16:35,1,1,1,1.0,6.0,86235,Lieu dit Mossais,M,"46,3782946","0,4118108",86,2019,80.0,3.0,1.0,4.0,2265907,1.0,1,3,1,5.0,,0.0,0,1938.0,A01,138Â 203Â 113,0.0,-1.0,-1.0,1729580,3.0,7,,2.0,0.0,1.0,A01,138Â 203Â 113,1.0
1013251,201900054782,2,18,13:10,1,1,2,1.0,3.0,39132,,M,"46,8275900","5,4673570",39,2019,80.0,1.0,1.0,3.0,2265908,1.0,1,3,2,5.0,,0.0,0,2003.0,A01,138Â 203Â 111,2.0,-1.0,-1.0,1729581,3.0,1,,0.0,2.0,3.0,A01,138Â 203Â 111,5.0
1013251,201900054782,2,18,13:10,1,1,2,1.0,3.0,39132,,M,"46,8275900","5,4673570",39,2019,80.0,1.0,1.0,3.0,2265908,1.0,1,3,2,5.0,,0.0,0,2003.0,A01,138Â 203Â 111,2.0,-1.0,-1.0,1729582,1.0,7,,0.0,2.0,2.0,B01,138Â 203Â 112,1.0
1013251,201900054782,2,18,13:10,1,1,2,1.0,3.0,39132,,M,"46,8275900","5,4673570",39,2019,80.0,1.0,1.0,3.0,2265909,1.0,1,1,2,5.0,,0.0,0,1955.0,B01,138Â 203Â 112,1.0,-1.0,-1.0,1729581,3.0,1,,0.0,2.0,3.0,A01,138Â 203Â 111,5.0
1013251,201900054782,2,18,13:10,1,1,2,1.0,3.0,39132,,M,"46,8275900","5,4673570",39,2019,80.0,1.0,1.0,3.0,2265909,1.0,1,1,2,5.0,,0.0,0,1955.0,B01,138Â 203Â 112,1.0,-1.0,-1.0,1729582,1.0,7,,0.0,2.0,2.0,B01,138Â 203Â 112,1.0
1013252,201900054783,2,18,09:00,1,1,2,1.0,3.0,31468,RD 52,M,"43,2837540","0,8477660",31,2019,80.0,1.0,1.0,3.0,2265910,1.0,1,4,1,5.0,,0.0,0,1947.0,B01,138Â 203Â 109,1.0,-1.0,-1.0,1729583,1.0,7,,8.0,2.0,8.0,B01,138Â 203Â 109,0.0
1013252,201900054783,2,18,09:00,1,1,2,1.0,3.0,31468,RD 52,M,"43,2837540","0,8477660",31,2019,80.0,1.0,1.0,3.0,2265910,1.0,1,4,1,5.0,,0.0,0,1947.0,B01,138Â 203Â 109,1.0,-1.0,-1.0,1729584,2.0,10,,0.0,2.0,1.0,A01,138Â 203Â 110,0.0
1013252,201900054783,2,18,09:00,1,1,2,1.0,3.0,31468,RD 52,M,"43,2837540","0,8477660",31,2019,80.0,1.0,1.0,3.0,2265911,1.0,1,4,1,5.0,,0.0,0,1944.0,A01,138Â 203Â 110,0.0,-1.0,-1.0,1729583,1.0,7,,8.0,2.0,8.0,B01,138Â 203Â 109,0.0
1013252,201900054783,2,18,09:00,1,1,2,1.0,3.0,31468,RD 52,M,"43,2837540","0,8477660",31,2019,80.0,1.0,1.0,3.0,2265911,1.0,1,4,1,5.0,,0.0,0,1944.0,A01,138Â 203Â 110,0.0,-1.0,-1.0,1729584,2.0,10,,0.0,2.0,1.0,A01,138Â 203Â 110,0.0
1013253,201900054784,2,14,16:30,2,1,1,7.0,6.0,26374,route dÃ©partementale 116,M,"44,3177800","5,6161670",26,2019,80.0,1.0,1.0,3.0,2265912,1.0,1,3,1,5.0,,0.0,0,1930.0,A01,138Â 203Â 106,0.0,-1.0,-1.0,1729585,2.0,7,,3.0,0.0,2.0,A01,138Â 203Â 106,1.0
1013254,201900054785,2,17,08:14,2,1,1,1.0,6.0,50550,route dÃ©partementale D971,M,"49,1273960"," -1,4125800",50,2019,80.0,3.0,1.0,3.0,2265913,1.0,1,3,1,5.0,,0.0,0,2000.0,A01,138Â 203Â 105,1.0,-1.0,-1.0,1729586,3.0,7,,7.0,0.0,3.0,A01,138Â 203Â 105,0.0
1013255,201900054786,1,19,06:30,3,1,1,1.0,6.0,18231,D951,M,"46,7284910","2,5761880",18,2019,80.0,3.0,1.0,3.0,2265914,1.0,1,3,1,9.0,,0.0,0,1981.0,A01,138Â 203Â 104,1.0,-1.0,-1.0,1729587,2.0,7,,2.0,0.0,1.0,A01,138Â 203Â 104,1.0
1013256,201900054787,2,18,16:45,1,1,1,8.0,1.0,07191,1205 Chemin de l'Ãle Blanc,M,"44,5902430","4,7366430",7,2019,30.0,1.0,1.0,4.0,2265915,1.0,1,1,1,4.0,,0.0,0,2000.0,B01,138Â 203Â 102,1.0,-1.0,-1.0,1729588,1.0,7,,0.0,2.0,3.0,B01,138Â 203Â 102,6.0
1013256,201900054787,2,18,16:45,1,1,1,8.0,1.0,07191,1205 Chemin de l'Ãle Blanc,M,"44,5902430","4,7366430",7,2019,30.0,1.0,1.0,4.0,2265915,1.0,1,1,1,4.0,,0.0,0,2000.0,B01,138Â 203Â 102,1.0,-1.0,-1.0,1729589,2.0,7,,0.0,2.0,3.0,A01,138Â 203Â 103,1.0
1013256,201900054787,2,18,16:45,1,1,1,8.0,1.0,07191,1205 Chemin de l'Ãle Blanc,M,"44,5902430","4,7366430",7,2019,30.0,1.0,1.0,4.0,2265916,1.0,1,1,1,5.0,,0.0,0,1998.0,A01,138Â 203Â 103,0.0,-1.0,-1.0,1729588,1.0,7,,0.0,2.0,3.0,B01,138Â 203Â 102,6.0
1013256,201900054787,2,18,16:45,1,1,1,8.0,1.0,07191,1205 Chemin de l'Ãle Blanc,M,"44,5902430","4,7366430",7,2019,30.0,1.0,1.0,4.0,2265916,1.0,1,1,1,5.0,,0.0,0,1998.0,A01,138Â 203Â 103,0.0,-1.0,-1.0,1729589,2.0,7,,0.0,2.0,3.0,A01,138Â 203Â 103,1.0
1013256,201900054787,2,18,16:45,1,1,1,8.0,1.0,07191,1205 Chemin de l'Ãle Blanc,M,"44,5902430","4,7366430",7,2019,30.0,1.0,1.0,4.0,2265917,9.0,2,1,1,0.0,,0.0,0,2017.0,A01,138Â 203Â 103,0.0,-1.0,-1.0,1729588,1.0,7,,0.0,2.0,3.0,B01,138Â 203Â 102,6.0
1013256,201900054787,2,18,16:45,1,1,1,8.0,1.0,07191,1205 Chemin de l'Ãle Blanc,M,"44,5902430","4,7366430",7,2019,30.0,1.0,1.0,4.0,2265917,9.0,2,1,1,0.0,,0.0,0,2017.0,A01,138Â 203Â 103,0.0,-1.0,-1.0,1729589,2.0,7,,0.0,2.0,3.0,A01,138Â 203Â 103,1.0
1013256,201900054787,2,18,16:45,1,1,1,8.0,1.0,07191,1205 Chemin de l'Ãle Blanc,M,"44,5902430","4,7366430",7,2019,30.0,1.0,1.0,4.0,2265918,7.0,2,4,2,5.0,,0.0,0,2002.0,A01,138Â 203Â 103,0.0,-1.0,-1.0,1729588,1.0,7,,0.0,2.0,3.0,B01,138Â 203Â 102,6.0
1013256,201900054787,2,18,16:45,1,1,1,8.0,1.0,07191,1205 Chemin de l'Ãle Blanc,M,"44,5902430","4,7366430",7,2019,30.0,1.0,1.0,4.0,2265918,7.0,2,4,2,5.0,,0.0,0,2002.0,A01,138Â 203Â 103,0.0,-1.0,-1.0,1729589,2.0,7,,0.0,2.0,3.0,A01,138Â 203Â 103,1.0
1013257,201900054788,2,19,09:30,1,2,1,1.0,3.0,07319,Avenue Paul Langevin,M,"44,5340330","4,6862190",7,2019,50.0,1.0,1.0,4.0,2265919,1.0,1,4,1,3.0,,0.0,0,1977.0,A01,138Â 203Â 100,1.0,-1.0,-1.0,1729590,3.0,7,,0.0,2.0,1.0,A01,138Â 203Â 100,1.0
1013257,201900054788,2,19,09:30,1,2,1,1.0,3.0,07319,Avenue Paul Langevin,M,"44,5340330","4,6862190",7,2019,50.0,1.0,1.0,4.0,2265919,1.0,1,4,1,3.0,,0.0,0,1977.0,A01,138Â 203Â 100,1.0,-1.0,-1.0,1729591,0.0,7,,1.0,0.0,1.0,B01,138Â 203Â 101,1.0
1013257,201900054788,2,19,09:30,1,2,1,1.0,3.0,07319,Avenue Paul Langevin,M,"44,5340330","4,6862190",7,2019,50.0,1.0,1.0,4.0,2265920,1.0,1,4,1,0.0,,0.0,0,1981.0,B01,138Â 203Â 101,1.0,-1.0,-1.0,1729590,3.0,7,,0.0,2.0,1.0,A01,138Â 203Â 100,1.0
1013257,201900054788,2,19,09:30,1,2,1,1.0,3.0,07319,Avenue Paul Langevin,M,"44,5340330","4,6862190",7,2019,50.0,1.0,1.0,4.0,2265920,1.0,1,4,1,0.0,,0.0,0,1981.0,B01,138Â 203Â 101,1.0,-1.0,-1.0,1729591,0.0,7,,1.0,0.0,1.0,B01,138Â 203Â 101,1.0
1013258,201900054789,2,19,20:15,5,2,1,1.0,7.0,07066,chemin du pont,M,"44,7120130","4,6641450",7,2019,50.0,1.0,1.0,4.0,2265921,1.0,1,3,1,5.0,,0.0,0,1992.0,A01,138Â 203Â 099,0.0,-1.0,-1.0,1729592,3.0,2,,6.0,0.0,1.0,A01,138Â 203Â 099,1.0
1013259,201900054790,2,18,20:45,3,1,1,1.0,7.0,24376,La Poste - Puymangou,M,"45,1695000","0,0891800",24,2019,70.0,3.0,1.0,3.0,2265922,1.0,1,2,1,1.0,,0.0,0,1961.0,A01,138Â 203Â 098,8.0,-1.0,-1.0,1729593,2.0,10,,17.0,0.0,1.0,A01,138Â 203Â 098,1.0
1013260,201900054791,2,19,09:56,1,1,1,1.0,1.0,04178,D951,M,"44,0286290","5,7527300",4,2019,80.0,1.0,1.0,3.0,2265923,1.0,1,4,2,5.0,,0.0,0,1948.0,B01,138Â 203Â 096,1.0,-1.0,-1.0,1729594,2.0,7,,0.0,0.0,3.0,B01,138Â 203Â 096,1.0
1013260,201900054791,2,19,09:56,1,1,1,1.0,1.0,04178,D951,M,"44,0286290","5,7527300",4,2019,80.0,1.0,1.0,3.0,2265923,1.0,1,4,2,5.0,,0.0,0,1948.0,B01,138Â 203Â 096,1.0,-1.0,-1.0,1729595,1.0,7,,0.0,2.0,3.0,A01,138Â 203Â 097,1.0
1013260,201900054791,2,19,09:56,1,1,1,1.0,1.0,04178,D951,M,"44,0286290","5,7527300",4,2019,80.0,1.0,1.0,3.0,2265924,1.0,1,4,1,4.0,,0.0,0,1963.0,A01,138Â 203Â 097,1.0,-1.0,-1.0,1729594,2.0,7,,0.0,0.0,3.0,B01,138Â 203Â 096,1.0
1013260,201900054791,2,19,09:56,1,1,1,1.0,1.0,04178,D951,M,"44,0286290","5,7527300",4,2019,80.0,1.0,1.0,3.0,2265924,1.0,1,4,1,4.0,,0.0,0,1963.0,A01,138Â 203Â 097,1.0,-1.0,-1.0,1729595,1.0,7,,0.0,2.0,3.0,A01,138Â 203Â 097,1.0
1013261,201900054792,2,18,17:43,2,2,1,1.0,6.0,04230,chemin de l'espigaous,M,"43,8313660","5,9903230",4,2019,50.0,1.0,1.0,4.0,2265925,1.0,1,1,1,5.0,,0.0,0,2004.0,A01,138Â 203Â 095,2.0,6.0,-1.0,1729596,3.0,2,,0.0,1.0,1.0,A01,138Â 203Â 095,1.0
1013261,201900054792,2,18,17:43,2,2,1,1.0,6.0,04230,chemin de l'espigaous,M,"43,8313660","5,9903230",4,2019,50.0,1.0,1.0,4.0,2265926,10.0,3,4,2,5.0,,1.0,2,1955.0,A01,138Â 203Â 095,0.0,-1.0,-1.0,1729596,3.0,2,,0.0,1.0,1.0,A01,138Â 203Â 095,1.0
1013262,201900054793,2,17,15:40,1,1,1,1.0,1.0,04110,Ch de St Clement,M,"44,0413560","6,1032420",4,2019,80.0,1.0,1.0,4.0,2265927,2.0,2,1,1,5.0,,0.0,0,1974.0,C01,138Â 203Â 093,9.0,-1.0,-1.0,1729597,3.0,99,,0.0,2.0,1.0,C01,138Â 203Â 093,1.0
1013262,201900054793,2,17,15:40,1,1,1,1.0,1.0,04110,Ch de St Clement,M,"44,0413560","6,1032420",4,2019,80.0,1.0,1.0,4.0,2265927,2.0,2,1,1,5.0,,0.0,0,1974.0,C01,138Â 203Â 093,9.0,-1.0,-1.0,1729598,3.0,31,,0.0,2.0,1.0,A01,138Â 203Â 094,1.0
1013262,201900054793,2,17,15:40,1,1,1,1.0,1.0,04110,Ch de St Clement,M,"44,0413560","6,1032420",4,2019,80.0,1.0,1.0,4.0,2265928,1.0,1,1,1,5.0,,0.0,0,1985.0,C01,138Â 203Â 093,9.0,-1.0,-1.0,1729597,3.0,99,,0.0,2.0,1.0,C01,138Â 203Â 093,1.0
1013262,201900054793,2,17,15:40,1,1,1,1.0,1.0,04110,Ch de St Clement,M,"44,0413560","6,1032420",4,2019,80.0,1.0,1.0,4.0,2265928,1.0,1,1,1,5.0,,0.0,0,1985.0,C01,138Â 203Â 093,9.0,-1.0,-1.0,1729598,3.0,31,,0.0,2.0,1.0,A01,138Â 203Â 094,1.0
1013262,201900054793,2,17,15:40,1,1,1,1.0,1.0,04110,Ch de St Clement,M,"44,0413560","6,1032420",4,2019,80.0,1.0,1.0,4.0,2265929,1.0,1,3,1,5.0,,0.0,0,2005.0,A01,138Â 203Â 094,2.0,6.0,-1.0,1729597,3.0,99,,0.0,2.0,1.0,C01,138Â 203Â 093,1.0
1013262,201900054793,2,17,15:40,1,1,1,1.0,1.0,04110,Ch de St Clement,M,"44,0413560","6,1032420",4,2019,80.0,1.0,1.0,4.0,2265929,1.0,1,3,1,5.0,,0.0,0,2005.0,A01,138Â 203Â 094,2.0,6.0,-1.0,1729598,3.0,31,,0.0,2.0,1.0,A01,138Â 203Â 094,1.0