Unnamed: 0_x,num_acc,mois,jour,hrmn,lum,agg,int,atm,col,com,adr,gps,lat,long,dep,annee,vma,situ,surf,catr,Unnamed: 0_y,place,catu,grav,sexe,trajet,secu,locp,actp,an_nais,num_veh_x,id_vehicule_x,secu1,secu2,secu3,Unnamed: 0,senc,catv,occutc,obs,obsm,choc,num_veh_y,id_vehicule_y,motor
1013263,201900054794,2,3,08:35,1,1,1,1.0,7.0,27214,D20,M,"49,3079350","1,4069210",27,2019,80.0,8.0,7.0,3.0,2265930,1.0,1,3,1,5.0,,0.0,0,1974.0,B01,138Â 203Â 092,1.0,-1.0,-1.0,1729599,1.0,7,,0.0,0.0,0.0,B01,138Â 203Â 092,1.0
1013264,201900054795,2,18,17:00,1,2,1,1.0,6.0,27398,19 route de Beaumont,M,"49,0970490","0,6161790",27,2019,50.0,1.0,1.0,4.0,2265931,1.0,1,3,1,0.0,,0.0,0,1990.0,A01,138Â 203Â 091,1.0,-1.0,-1.0,1729600,2.0,7,,8.0,0.0,7.0,A01,138Â 203Â 091,1.0
1013264,201900054795,2,18,17:00,1,2,1,1.0,6.0,27398,19 route de Beaumont,M,"49,0970490","0,6161790",27,2019,50.0,1.0,1.0,4.0,2265932,2.0,2,2,1,0.0,,0.0,0,1986.0,A01,138Â 203Â 091,0.0,-1.0,-1.0,1729600,2.0,7,,8.0,0.0,7.0,A01,138Â 203Â 091,1.0
1013265,201900054796,2,19,14:07,1,2,1,8.0,6.0,28227,Avenue du gÃ©nÃ©ral de GAULLE,M,"48,5868350","1,5856510",28,2019,50.0,1.0,1.0,3.0,2265933,10.0,3,3,2,5.0,,3.0,3,2000.0,A01,138Â 203Â 090,0.0,-1.0,-1.0,1729601,2.0,7,,0.0,1.0,2.0,A01,138Â 203Â 090,1.0
1013265,201900054796,2,19,14:07,1,2,1,8.0,6.0,28227,Avenue du gÃ©nÃ©ral de GAULLE,M,"48,5868350","1,5856510",28,2019,50.0,1.0,1.0,3.0,2265934,1.0,1,1,2,5.0,,0.0,0,1955.0,A01,138Â 203Â 090,1.0,-1.0,-1.0,1729601,2.0,7,,0.0,1.0,2.0,A01,138Â 203Â 090,1.0
1013266,201900054797,2,19,11:30,1,1,1,1.0,7.0,37108,D764,M,"47,1467920","1,0363230",37,2019,80.0,3.0,1.0,3.0,2265935,1.0,1,3,2,0.0,,0.0,0,1999.0,A01,138Â 203Â 089,1.0,-1.0,-1.0,1729602,1.0,7,,13.0,0.0,2.0,A01,138Â 203Â 089,1.0
1013267,201900054798,2,19,18:25,2,1,1,2.0,6.0,98805,VE2,M," -22,1904600","166,4410900",988,2019,110.0,1.0,2.0,1.0,2265936,2.0,2,3,2,9.0,,0.0,0,1997.0,A01,138Â 203Â 087,1.0,-1.0,-1.0,1729603,2.0,10,,3.0,0.0,3.0,A01,138Â 203Â 087,1.0
1013267,201900054798,2,19,18:25,2,1,1,2.0,6.0,98805,VE2,M," -22,1904600","166,4410900",988,2019,110.0,1.0,2.0,1.0,2265937,1.0,1,4,1,9.0,,0.0,0,1999.0,A01,138Â 203Â 087,1.0,-1.0,-1.0,1729603,2.0,10,,3.0,0.0,3.0,A01,138Â 203Â 087,1.0
1013268,201900054799,2,16,08:15,2,1,1,1.0,2.0,63300,A 71,M,"45,8991930","3,1540290",63,2019,130.0,1.0,1.0,1.0,2265938,9.0,2,1,2,5.0,,0.0,0,2017.0,A01,138Â 203Â 085,9.0,-1.0,-1.0,1729604,1.0,7,,0.0,2.0,1.0,A01,138Â 203Â 085,0.0
1013268,201900054799,2,16,08:15,2,1,1,1.0,2.0,63300,A 71,M,"45,8991930","3,1540290",63,2019,130.0,1.0,1.0,1.0,2265938,9.0,2,1,2,5.0,,0.0,0,2017.0,A01,138Â 203Â 085,9.0,-1.0,-1.0,1729605,1.0,7,,0.0,0.0,4.0,B01,138Â 203Â 086,0.0
1013268,201900054799,2,16,08:15,2,1,1,1.0,2.0,63300,A 71,M,"45,8991930","3,1540290",63,2019,130.0,1.0,1.0,1.0,2265939,8.0,2,1,1,5.0,,0.0,0,1987.0,A01,138Â 203Â 085,1.0,-1.0,-1.0,1729604,1.0,7,,0.0,2.0,1.0,A01,138Â 203Â 085,0.0
1013268,201900054799,2,16,08:15,2,1,1,1.0,2.0,63300,A 71,M,"45,8991930","3,1540290",63,2019,130.0,1.0,1.0,1.0,2265939,8.0,2,1,1,5.0,,0.0,0,1987.0,A01,138Â 203Â 085,1.0,-1.0,-1.0,1729605,1.0,7,,0.0,0.0,4.0,B01,138Â 203Â 086,0.0
1013268,201900054799,2,16,08:15,2,1,1,1.0,2.0,63300,A 71,M,"45,8991930","3,1540290",63,2019,130.0,1.0,1.0,1.0,2265940,7.0,2,1,2,5.0,,0.0,0,1987.0,A01,138Â 203Â 085,1.0,-1.0,-1.0,1729604,1.0,7,,0.0,2.0,1.0,A01,138Â 203Â 085,0.0
1013268,201900054799,2,16,08:15,2,1,1,1.0,2.0,63300,A 71,M,"45,8991930","3,1540290",63,2019,130.0,1.0,1.0,1.0,2265940,7.0,2,1,2,5.0,,0.0,0,1987.0,A01,138Â 203Â 085,1.0,-1.0,-1.0,1729605,1.0,7,,0.0,0.0,4.0,B01,138Â 203Â 086,0.0
1013268,201900054799,2,16,08:15,2,1,1,1.0,2.0,63300,A 71,M,"45,8991930","3,1540290",63,2019,130.0,1.0,1.0,1.0,2265941,2.0,2,4,2,0.0,,0.0,0,1961.0,A01,138Â 203Â 085,1.0,-1.0,-1.0,1729604,1.0,7,,0.0,2.0,1.0,A01,138Â 203Â 085,0.0
1013268,201900054799,2,16,08:15,2,1,1,1.0,2.0,63300,A 71,M,"45,8991930","3,1540290",63,2019,130.0,1.0,1.0,1.0,2265941,2.0,2,4,2,0.0,,0.0,0,1961.0,A01,138Â 203Â 085,1.0,-1.0,-1.0,1729605,1.0,7,,0.0,0.0,4.0,B01,138Â 203Â 086,0.0
1013268,201900054799,2,16,08:15,2,1,1,1.0,2.0,63300,A 71,M,"45,8991930","3,1540290",63,2019,130.0,1.0,1.0,1.0,2265942,1.0,1,1,1,5.0,,0.0,0,1963.0,A01,138Â 203Â 085,1.0,-1.0,-1.0,1729604,1.0,7,,0.0,2.0,1.0,A01,138Â 203Â 085,0.0
1013268,201900054799,2,16,08:15,2,1,1,1.0,2.0,63300,A 71,M,"45,8991930","3,1540290",63,2019,130.0,1.0,1.0,1.0,2265942,1.0,1,1,1,5.0,,0.0,0,1963.0,A01,138Â 203Â 085,1.0,-1.0,-1.0,1729605,1.0,7,,0.0,0.0,4.0,B01,138Â 203Â 086,0.0
1013268,201900054799,2,16,08:15,2,1,1,1.0,2.0,63300,A 71,M,"45,8991930","3,1540290",63,2019,130.0,1.0,1.0,1.0,2265943,2.0,2,3,2,5.0,,0.0,0,1933.0,B01,138Â 203Â 086,1.0,-1.0,-1.0,1729604,1.0,7,,0.0,2.0,1.0,A01,138Â 203Â 085,0.0
1013268,201900054799,2,16,08:15,2,1,1,1.0,2.0,63300,A 71,M,"45,8991930","3,1540290",63,2019,130.0,1.0,1.0,1.0,2265943,2.0,2,3,2,5.0,,0.0,0,1933.0,B01,138Â 203Â 086,1.0,-1.0,-1.0,1729605,1.0,7,,0.0,0.0,4.0,B01,138Â 203Â 086,0.0
1013268,201900054799,2,16,08:15,2,1,1,1.0,2.0,63300,A 71,M,"45,8991930","3,1540290",63,2019,130.0,1.0,1.0,1.0,2265944,1.0,1,3,1,5.0,,0.0,0,1939.0,B01,138Â 203Â 086,1.0,-1.0,-1.0,1729604,1.0,7,,0.0,2.0,1.0,A01,138Â 203Â 085,0.0
1013268,201900054799,2,16,08:15,2,1,1,1.0,2.0,63300,A 71,M,"45,8991930","3,1540290",63,2019,130.0,1.0,1.0,1.0,2265944,1.0,1,3,1,5.0,,0.0,0,1939.0,B01,138Â 203Â 086,1.0,-1.0,-1.0,1729605,1.0,7,,0.0,0.0,4.0,B01,138Â 203Â 086,0.0
1013269,201900054800,1,29,03:00,3,1,1,1.0,7.0,13001,A8 pk 21+500 sens sud,M,"43,5204940","5,4175540",13,2019,110.0,3.0,1.0,1.0,2265945,1.0,1,4,1,4.0,,0.0,0,1990.0,A01,138Â 203Â 084,8.0,-1.0,-1.0,1729606,1.0,15,,2.0,0.0,1.0,A01,138Â 203Â 084,1.0
1013270,201900054801,1,16,09:00,1,1,1,1.0,2.0,13086,A52,M,"43,3400450","5,6093090",13,2019,110.0,1.0,1.0,1.0,2265946,1.0,1,1,1,4.0,,0.0,0,1985.0,A01,138Â 203Â 082,8.0,-1.0,-1.0,1729607,2.0,10,,0.0,2.0,1.0,A01,138Â 203Â 082,1.0
1013270,201900054801,1,16,09:00,1,1,1,1.0,2.0,13086,A52,M,"43,3400450","5,6093090",13,2019,110.0,1.0,1.0,1.0,2265946,1.0,1,1,1,4.0,,0.0,0,1985.0,A01,138Â 203Â 082,8.0,-1.0,-1.0,1729608,2.0,7,,0.0,0.0,4.0,B01,138Â 203Â 083,1.0
1013270,201900054801,1,16,09:00,1,1,1,1.0,2.0,13086,A52,M,"43,3400450","5,6093090",13,2019,110.0,1.0,1.0,1.0,2265947,2.0,2,4,2,5.0,,0.0,0,1955.0,B01,138Â 203Â 083,8.0,-1.0,-1.0,1729607,2.0,10,,0.0,2.0,1.0,A01,138Â 203Â 082,1.0
1013270,201900054801,1,16,09:00,1,1,1,1.0,2.0,13086,A52,M,"43,3400450","5,6093090",13,2019,110.0,1.0,1.0,1.0,2265947,2.0,2,4,2,5.0,,0.0,0,1955.0,B01,138Â 203Â 083,8.0,-1.0,-1.0,1729608,2.0,7,,0.0,0.0,4.0,B01,138Â 203Â 083,1.0
1013270,201900054801,1,16,09:00,1,1,1,1.0,2.0,13086,A52,M,"43,3400450","5,6093090",13,2019,110.0,1.0,1.0,1.0,2265948,7.0,2,1,2,5.0,,0.0,0,2018.0,B01,138Â 203Â 083,8.0,-1.0,-1.0,1729607,2.0,10,,0.0,2.0,1.0,A01,138Â 203Â 082,1.0
1013270,201900054801,1,16,09:00,1,1,1,1.0,2.0,13086,A52,M,"43,3400450","5,6093090",13,2019,110.0,1.0,1.0,1.0,2265948,7.0,2,1,2,5.0,,0.0,0,2018.0,B01,138Â 203Â 083,8.0,-1.0,-1.0,1729608,2.0,7,,0.0,0.0,4.0,B01,138Â 203Â 083,1.0
1013270,201900054801,1,16,09:00,1,1,1,1.0,2.0,13086,A52,M,"43,3400450","5,6093090",13,2019,110.0,1.0,1.0,1.0,2265949,1.0,1,1,2,5.0,,0.0,0,1980.0,B01,138Â 203Â 083,8.0,-1.0,-1.0,1729607,2.0,10,,0.0,2.0,1.0,A01,138Â 203Â 082,1.0
1013270,201900054801,1,16,09:00,1,1,1,1.0,2.0,13086,A52,M,"43,3400450","5,6093090",13,2019,110.0,1.0,1.0,1.0,2265949,1.0,1,1,2,5.0,,0.0,0,1980.0,B01,138Â 203Â 083,8.0,-1.0,-1.0,1729608,2.0,7,,0.0,0.0,4.0,B01,138Â 203Â 083,1.0
1013271,201900054802,2,18,17:15,1,1,9,1.0,3.0,90015,Autoroute A36 - Pk 38.200 - en direction de MONTBELIARD,M,"47,5940550","6,8571190",90,2019,110.0,1.0,1.0,1.0,2265950,1.0,1,4,2,1.0,,0.0,0,1987.0,B01,138Â 203Â 080,1.0,-1.0,-1.0,1729609,1.0,7,,0.0,2.0,8.0,B01,138Â 203Â 080,1.0
1013271,201900054802,2,18,17:15,1,1,9,1.0,3.0,90015,Autoroute A36 - Pk 38.200 - en direction de MONTBELIARD,M,"47,5940550","6,8571190",90,2019,110.0,1.0,1.0,1.0,2265950,1.0,1,4,2,1.0,,0.0,0,1987.0,B01,138Â 203Â 080,1.0,-1.0,-1.0,1729610,1.0,17,,0.0,2.0,3.0,A01,138Â 203Â 081,1.0
1013271,201900054802,2,18,17:15,1,1,9,1.0,3.0,90015,Autoroute A36 - Pk 38.200 - en direction de MONTBELIARD,M,"47,5940550","6,8571190",90,2019,110.0,1.0,1.0,1.0,2265951,1.0,1,4,1,4.0,,0.0,0,1972.0,A01,138Â 203Â 081,1.0,-1.0,-1.0,1729609,1.0,7,,0.0,2.0,8.0,B01,138Â 203Â 080,1.0
1013271,201900054802,2,18,17:15,1,1,9,1.0,3.0,90015,Autoroute A36 - Pk 38.200 - en direction de MONTBELIARD,M,"47,5940550","6,8571190",90,2019,110.0,1.0,1.0,1.0,2265951,1.0,1,4,1,4.0,,0.0,0,1972.0,A01,138Â 203Â 081,1.0,-1.0,-1.0,1729610,1.0,17,,0.0,2.0,3.0,A01,138Â 203Â 081,1.0
1013272,201900054803,2,18,07:35,2,1,1,1.0,2.0,27580,"autoroute A13, point kilomÃ©trique 123+907 en direction de Paris",M,"49,3487590","0,9035830",27,2019,130.0,1.0,1.0,1.0,2265952,1.0,1,1,1,4.0,,0.0,0,1975.0,B01,138Â 203Â 078,1.0,-1.0,-1.0,1729611,2.0,15,,0.0,2.0,5.0,B01,138Â 203Â 078,1.0
1013272,201900054803,2,18,07:35,2,1,1,1.0,2.0,27580,"autoroute A13, point kilomÃ©trique 123+907 en direction de Paris",M,"49,3487590","0,9035830",27,2019,130.0,1.0,1.0,1.0,2265952,1.0,1,1,1,4.0,,0.0,0,1975.0,B01,138Â 203Â 078,1.0,-1.0,-1.0,1729612,2.0,7,,0.0,2.0,1.0,A01,138Â 203Â 079,1.0
1013272,201900054803,2,18,07:35,2,1,1,1.0,2.0,27580,"autoroute A13, point kilomÃ©trique 123+907 en direction de Paris",M,"49,3487590","0,9035830",27,2019,130.0,1.0,1.0,1.0,2265953,1.0,1,4,1,1.0,,0.0,0,1971.0,A01,138Â 203Â 079,0.0,-1.0,-1.0,1729611,2.0,15,,0.0,2.0,5.0,B01,138Â 203Â 078,1.0
1013272,201900054803,2,18,07:35,2,1,1,1.0,2.0,27580,"autoroute A13, point kilomÃ©trique 123+907 en direction de Paris",M,"49,3487590","0,9035830",27,2019,130.0,1.0,1.0,1.0,2265953,1.0,1,4,1,1.0,,0.0,0,1971.0,A01,138Â 203Â 079,0.0,-1.0,-1.0,1729612,2.0,7,,0.0,2.0,1.0,A01,138Â 203Â 079,1.0
1013273,201900054804,2,19,15:00,1,1,1,1.0,6.0,13051,A7 pk 240+200 sens sud nord,M,"43,5928780","5,1780700",13,2019,30.0,8.0,1.0,1.0,2265954,1.0,1,4,1,5.0,,0.0,0,2000.0,A01,138Â 203Â 076,1.0,-1.0,-1.0,1729613,2.0,7,,5.0,0.0,1.0,A01,138Â 203Â 076,1.0
1013273,201900054804,2,19,15:00,1,1,1,1.0,6.0,13051,A7 pk 240+200 sens sud nord,M,"43,5928780","5,1780700",13,2019,30.0,8.0,1.0,1.0,2265954,1.0,1,4,1,5.0,,0.0,0,2000.0,A01,138Â 203Â 076,1.0,-1.0,-1.0,1729614,2.0,7,,0.0,0.0,4.0,B01,138Â 203Â 077,1.0
1013273,201900054804,2,19,15:00,1,1,1,1.0,6.0,13051,A7 pk 240+200 sens sud nord,M,"43,5928780","5,1780700",13,2019,30.0,8.0,1.0,1.0,2265955,2.0,2,1,1,5.0,,0.0,0,2004.0,A01,138Â 203Â 076,1.0,-1.0,-1.0,1729613,2.0,7,,5.0,0.0,1.0,A01,138Â 203Â 076,1.0
1013273,201900054804,2,19,15:00,1,1,1,1.0,6.0,13051,A7 pk 240+200 sens sud nord,M,"43,5928780","5,1780700",13,2019,30.0,8.0,1.0,1.0,2265955,2.0,2,1,1,5.0,,0.0,0,2004.0,A01,138Â 203Â 076,1.0,-1.0,-1.0,1729614,2.0,7,,0.0,0.0,4.0,B01,138Â 203Â 077,1.0
1013273,201900054804,2,19,15:00,1,1,1,1.0,6.0,13051,A7 pk 240+200 sens sud nord,M,"43,5928780","5,1780700",13,2019,30.0,8.0,1.0,1.0,2265956,2.0,2,1,1,5.0,,0.0,0,2004.0,B01,138Â 203Â 077,1.0,-1.0,-1.0,1729613,2.0,7,,5.0,0.0,1.0,A01,138Â 203Â 076,1.0
1013273,201900054804,2,19,15:00,1,1,1,1.0,6.0,13051,A7 pk 240+200 sens sud nord,M,"43,5928780","5,1780700",13,2019,30.0,8.0,1.0,1.0,2265956,2.0,2,1,1,5.0,,0.0,0,2004.0,B01,138Â 203Â 077,1.0,-1.0,-1.0,1729614,2.0,7,,0.0,0.0,4.0,B01,138Â 203Â 077,1.0
1013273,201900054804,2,19,15:00,1,1,1,1.0,6.0,13051,A7 pk 240+200 sens sud nord,M,"43,5928780","5,1780700",13,2019,30.0,8.0,1.0,1.0,2265957,1.0,1,1,1,5.0,,0.0,0,1958.0,B01,138Â 203Â 077,1.0,-1.0,-1.0,1729613,2.0,7,,5.0,0.0,1.0,A01,138Â 203Â 076,1.0
1013273,201900054804,2,19,15:00,1,1,1,1.0,6.0,13051,A7 pk 240+200 sens sud nord,M,"43,5928780","5,1780700",13,2019,30.0,8.0,1.0,1.0,2265957,1.0,1,1,1,5.0,,0.0,0,1958.0,B01,138Â 203Â 077,1.0,-1.0,-1.0,1729614,2.0,7,,0.0,0.0,4.0,B01,138Â 203Â 077,1.0
1013274,201900054805,2,17,21:40,3,1,1,1.0,6.0,97228,RD 15 carrefour rue fonds cacao,M,"14,7538320"," -61,0281900",972,2019,80.0,1.0,1.0,3.0,2265958,1.0,1,3,1,5.0,,0.0,0,1987.0,A01,138Â 203Â 075,1.0,-1.0,-1.0,1729615,2.0,0,,0.0,0.0,0.0,A01,138Â 203Â 075,0.0
1013275,201900054806,2,17,19:10,5,1,1,1.0,6.0,97228,RN1,M,"14,7816940"," -60,9923970",972,2019,80.0,1.0,1.0,2.0,2265959,1.0,1,3,1,5.0,,0.0,0,2000.0,A01,138Â 203Â 074,0.0,-1.0,-1.0,1729616,1.0,2,,7.0,0.0,1.0,A01,138Â 203Â 074,0.0
1013276,201900054807,2,19,10:15,1,2,1,1.0,3.0,2B134,avenue charles de gaulle,M,"42,6299620","8,9369860",2B,2019,50.0,1.0,1.0,3.0,2265960,1.0,1,3,1,0.0,,0.0,0,2003.0,B01,138Â 203Â 072,2.0,-1.0,-1.0,1729617,1.0,32,,0.0,2.0,1.0,B01,138Â 203Â 072,1.0
1013276,201900054807,2,19,10:15,1,2,1,1.0,3.0,2B134,avenue charles de gaulle,M,"42,6299620","8,9369860",2B,2019,50.0,1.0,1.0,3.0,2265960,1.0,1,3,1,0.0,,0.0,0,2003.0,B01,138Â 203Â 072,2.0,-1.0,-1.0,1729618,2.0,7,,0.0,2.0,7.0,A01,138Â 203Â 073,1.0
1013276,201900054807,2,19,10:15,1,2,1,1.0,3.0,2B134,avenue charles de gaulle,M,"42,6299620","8,9369860",2B,2019,50.0,1.0,1.0,3.0,2265961,1.0,1,1,1,0.0,,0.0,0,1953.0,A01,138Â 203Â 073,1.0,-1.0,-1.0,1729617,1.0,32,,0.0,2.0,1.0,B01,138Â 203Â 072,1.0
1013276,201900054807,2,19,10:15,1,2,1,1.0,3.0,2B134,avenue charles de gaulle,M,"42,6299620","8,9369860",2B,2019,50.0,1.0,1.0,3.0,2265961,1.0,1,1,1,0.0,,0.0,0,1953.0,A01,138Â 203Â 073,1.0,-1.0,-1.0,1729618,2.0,7,,0.0,2.0,7.0,A01,138Â 203Â 073,1.0
1013276,201900054807,2,19,10:15,1,2,1,1.0,3.0,2B134,avenue charles de gaulle,M,"42,6299620","8,9369860",2B,2019,50.0,1.0,1.0,3.0,2265962,2.0,2,1,2,0.0,,0.0,0,1955.0,A01,138Â 203Â 073,1.0,-1.0,-1.0,1729617,1.0,32,,0.0,2.0,1.0,B01,138Â 203Â 072,1.0
1013276,201900054807,2,19,10:15,1,2,1,1.0,3.0,2B134,avenue charles de gaulle,M,"42,6299620","8,9369860",2B,2019,50.0,1.0,1.0,3.0,2265962,2.0,2,1,2,0.0,,0.0,0,1955.0,A01,138Â 203Â 073,1.0,-1.0,-1.0,1729618,2.0,7,,0.0,2.0,7.0,A01,138Â 203Â 073,1.0
1013277,201900054808,2,19,01:51,3,1,1,1.0,2.0,26252,A7 PK 076.500 sens sud-nord,M,"44,8717140","4,8648960",26,2019,130.0,1.0,1.0,1.0,2265963,1.0,1,3,1,4.0,,0.0,0,1986.0,A01,138Â 203Â 070,8.0,-1.0,-1.0,1729619,2.0,17,,0.0,2.0,1.0,A01,138Â 203Â 070,1.0
1013277,201900054808,2,19,01:51,3,1,1,1.0,2.0,26252,A7 PK 076.500 sens sud-nord,M,"44,8717140","4,8648960",26,2019,130.0,1.0,1.0,1.0,2265963,1.0,1,3,1,4.0,,0.0,0,1986.0,A01,138Â 203Â 070,8.0,-1.0,-1.0,1729620,2.0,17,,0.0,0.0,4.0,B01,138Â 203Â 071,1.0
1013277,201900054808,2,19,01:51,3,1,1,1.0,2.0,26252,A7 PK 076.500 sens sud-nord,M,"44,8717140","4,8648960",26,2019,130.0,1.0,1.0,1.0,2265964,1.0,1,4,1,4.0,,0.0,0,1961.0,B01,138Â 203Â 071,1.0,-1.0,-1.0,1729619,2.0,17,,0.0,2.0,1.0,A01,138Â 203Â 070,1.0
1013277,201900054808,2,19,01:51,3,1,1,1.0,2.0,26252,A7 PK 076.500 sens sud-nord,M,"44,8717140","4,8648960",26,2019,130.0,1.0,1.0,1.0,2265964,1.0,1,4,1,4.0,,0.0,0,1961.0,B01,138Â 203Â 071,1.0,-1.0,-1.0,1729620,2.0,17,,0.0,0.0,4.0,B01,138Â 203Â 071,1.0
1013278,201900054809,2,19,17:35,1,1,1,1.0,2.0,55120,,M,"48,7530390","5,1267830",55,2019,80.0,1.0,1.0,3.0,2265965,1.0,1,3,2,1.0,,0.0,0,1965.0,B01,138Â 203Â 068,2.0,4.0,6.0,1729621,2.0,1,,0.0,0.0,4.0,B01,138Â 203Â 068,5.0
1013278,201900054809,2,19,17:35,1,1,1,1.0,2.0,55120,,M,"48,7530390","5,1267830",55,2019,80.0,1.0,1.0,3.0,2265965,1.0,1,3,2,1.0,,0.0,0,1965.0,B01,138Â 203Â 068,2.0,4.0,6.0,1729622,2.0,7,,0.0,9.0,2.0,A01,138Â 203Â 069,1.0
1013278,201900054809,2,19,17:35,1,1,1,1.0,2.0,55120,,M,"48,7530390","5,1267830",55,2019,80.0,1.0,1.0,3.0,2265966,1.0,1,1,2,0.0,,0.0,0,1937.0,A01,138Â 203Â 069,1.0,-1.0,-1.0,1729621,2.0,1,,0.0,0.0,4.0,B01,138Â 203Â 068,5.0
1013278,201900054809,2,19,17:35,1,1,1,1.0,2.0,55120,,M,"48,7530390","5,1267830",55,2019,80.0,1.0,1.0,3.0,2265966,1.0,1,1,2,0.0,,0.0,0,1937.0,A01,138Â 203Â 069,1.0,-1.0,-1.0,1729622,2.0,7,,0.0,9.0,2.0,A01,138Â 203Â 069,1.0
1013279,201900054810,2,17,16:33,2,2,2,7.0,3.0,69255,7 route de Bordeaux,M,"45,7367500","4,6836600",69,2019,70.0,1.0,1.0,3.0,2265967,1.0,1,4,1,5.0,,0.0,0,1972.0,B01,138Â 203Â 066,2.0,-1.0,-1.0,1729623,2.0,1,,0.0,2.0,1.0,B01,138Â 203Â 066,5.0
1013279,201900054810,2,17,16:33,2,2,2,7.0,3.0,69255,7 route de Bordeaux,M,"45,7367500","4,6836600",69,2019,70.0,1.0,1.0,3.0,2265967,1.0,1,4,1,5.0,,0.0,0,1972.0,B01,138Â 203Â 066,2.0,-1.0,-1.0,1729624,1.0,7,,0.0,2.0,2.0,A01,138Â 203Â 067,0.0
1013279,201900054810,2,17,16:33,2,2,2,7.0,3.0,69255,7 route de Bordeaux,M,"45,7367500","4,6836600",69,2019,70.0,1.0,1.0,3.0,2265968,1.0,1,1,2,5.0,,0.0,0,1952.0,A01,138Â 203Â 067,1.0,-1.0,-1.0,1729623,2.0,1,,0.0,2.0,1.0,B01,138Â 203Â 066,5.0
1013279,201900054810,2,17,16:33,2,2,2,7.0,3.0,69255,7 route de Bordeaux,M,"45,7367500","4,6836600",69,2019,70.0,1.0,1.0,3.0,2265968,1.0,1,1,2,5.0,,0.0,0,1952.0,A01,138Â 203Â 067,1.0,-1.0,-1.0,1729624,1.0,7,,0.0,2.0,2.0,A01,138Â 203Â 067,0.0
1013280,201900054811,6,13,07:45,1,2,1,1.0,2.0,10357,Prolongement Bd POMPIDOU,M,"48,2978000","4,0953000",10,2019,70.0,1.0,1.0,3.0,2265969,1.0,1,1,2,0.0,,-1.0, -1,1984.0,B01,138Â 203Â 064,1.0,0.0,-1.0,1729625,2.0,7,,0.0,2.0,6.0,B01,138Â 203Â 064,1.0
1013280,201900054811,6,13,07:45,1,2,1,1.0,2.0,10357,Prolongement Bd POMPIDOU,M,"48,2978000","4,0953000",10,2019,70.0,1.0,1.0,3.0,2265969,1.0,1,1,2,0.0,,-1.0, -1,1984.0,B01,138Â 203Â 064,1.0,0.0,-1.0,1729626,2.0,2,,0.0,2.0,1.0,A01,138Â 203Â 065,1.0
1013280,201900054811,6,13,07:45,1,2,1,1.0,2.0,10357,Prolongement Bd POMPIDOU,M,"48,2978000","4,0953000",10,2019,70.0,1.0,1.0,3.0,2265970,1.0,1,4,1,9.0,,-1.0, -1,1999.0,A01,138Â 203Â 065,2.0,0.0,-1.0,1729625,2.0,7,,0.0,2.0,6.0,B01,138Â 203Â 064,1.0
1013280,201900054811,6,13,07:45,1,2,1,1.0,2.0,10357,Prolongement Bd POMPIDOU,M,"48,2978000","4,0953000",10,2019,70.0,1.0,1.0,3.0,2265970,1.0,1,4,1,9.0,,-1.0, -1,1999.0,A01,138Â 203Â 065,2.0,0.0,-1.0,1729626,2.0,2,,0.0,2.0,1.0,A01,138Â 203Â 065,1.0
1013281,201900054812,2,18,14:50,1,1,1,1.0,2.0,69072,D 307,M,"45,8060720","4,7365250",69,2019,70.0,1.0,1.0,3.0,2265971,1.0,1,1,1,5.0,,0.0,0,1980.0,A01,138Â 203Â 062,2.0,-1.0,-1.0,1729627,3.0,33,,0.0,9.0,1.0,A01,138Â 203Â 062,6.0
1013281,201900054812,2,18,14:50,1,1,1,1.0,2.0,69072,D 307,M,"45,8060720","4,7365250",69,2019,70.0,1.0,1.0,3.0,2265971,1.0,1,1,1,5.0,,0.0,0,1980.0,A01,138Â 203Â 062,2.0,-1.0,-1.0,1729628,3.0,1,,0.0,2.0,6.0,B01,138Â 203Â 063,5.0
1013281,201900054812,2,18,14:50,1,1,1,1.0,2.0,69072,D 307,M,"45,8060720","4,7365250",69,2019,70.0,1.0,1.0,3.0,2265972,1.0,1,4,1,5.0,,0.0,0,1952.0,B01,138Â 203Â 063,2.0,-1.0,-1.0,1729627,3.0,33,,0.0,9.0,1.0,A01,138Â 203Â 062,6.0
1013281,201900054812,2,18,14:50,1,1,1,1.0,2.0,69072,D 307,M,"45,8060720","4,7365250",69,2019,70.0,1.0,1.0,3.0,2265972,1.0,1,4,1,5.0,,0.0,0,1952.0,B01,138Â 203Â 063,2.0,-1.0,-1.0,1729628,3.0,1,,0.0,2.0,6.0,B01,138Â 203Â 063,5.0
1013282,201900054813,6,12,17:19,1,2,1,8.0,2.0,10387,ROBERT SCHUMANN (RUE),M,"48,3072000","4,0954000",10,2019,50.0,1.0,1.0,4.0,2265973,1.0,1,3,1,0.0,,-1.0, -1,2003.0,B01,138Â 203Â 060,8.0,0.0,-1.0,1729629,2.0,1,,0.0,2.0,5.0,B01,138Â 203Â 060,5.0