Unnamed: 0_x,num_acc,mois,jour,hrmn,lum,agg,int,atm,col,com,adr,gps,lat,long,dep,annee,vma,situ,surf,catr,Unnamed: 0_y,place,catu,grav,sexe,trajet,secu,locp,actp,an_nais,num_veh_x,id_vehicule_x,secu1,secu2,secu3,Unnamed: 0,senc,catv,occutc,obs,obsm,choc,num_veh_y,id_vehicule_y,motor
1013282,201900054813,6,12,17:19,1,2,1,8.0,2.0,10387,ROBERT SCHUMANN (RUE),M,"48,3072000","4,0954000",10,2019,50.0,1.0,1.0,4.0,2265973,1.0,1,3,1,0.0,,-1.0, -1,2003.0,B01,138Â 203Â 060,8.0,0.0,-1.0,1729630,2.0,37,1.0,0.0,2.0,1.0,A01,138Â 203Â 061,1.0
1013282,201900054813,6,12,17:19,1,2,1,8.0,2.0,10387,ROBERT SCHUMANN (RUE),M,"48,3072000","4,0954000",10,2019,50.0,1.0,1.0,4.0,2265974,1.0,1,1,2,4.0,,-1.0, -1,1972.0,A01,138Â 203Â 061,1.0,0.0,-1.0,1729629,2.0,1,,0.0,2.0,5.0,B01,138Â 203Â 060,5.0
1013282,201900054813,6,12,17:19,1,2,1,8.0,2.0,10387,ROBERT SCHUMANN (RUE),M,"48,3072000","4,0954000",10,2019,50.0,1.0,1.0,4.0,2265974,1.0,1,1,2,4.0,,-1.0, -1,1972.0,A01,138Â 203Â 061,1.0,0.0,-1.0,1729630,2.0,37,1.0,0.0,2.0,1.0,A01,138Â 203Â 061,1.0
1013283,201900054814,6,12,16:40,1,2,1,1.0,2.0,10387,VICTOR HUGO (RUE),M,"48,2940700","4,0679200",10,2019,50.0,1.0,1.0,7.0,2265975,1.0,1,1,2,0.0,,-1.0, -1,1971.0,B01,138Â 203Â 057,1.0,0.0,-1.0,1729631,2.0,7,,0.0,2.0,4.0,B01,138Â 203Â 057,1.0
1013283,201900054814,6,12,16:40,1,2,1,1.0,2.0,10387,VICTOR HUGO (RUE),M,"48,2940700","4,0679200",10,2019,50.0,1.0,1.0,7.0,2265975,1.0,1,1,2,0.0,,-1.0, -1,1971.0,B01,138Â 203Â 057,1.0,0.0,-1.0,1729632,2.0,7,,0.0,2.0,1.0,A01,138Â 203Â 058,1.0
1013283,201900054814,6,12,16:40,1,2,1,1.0,2.0,10387,VICTOR HUGO (RUE),M,"48,2940700","4,0679200",10,2019,50.0,1.0,1.0,7.0,2265976,1.0,1,4,1,0.0,,-1.0, -1,2000.0,A01,138Â 203Â 058,1.0,0.0,-1.0,1729631,2.0,7,,0.0,2.0,4.0,B01,138Â 203Â 057,1.0
1013283,201900054814,6,12,16:40,1,2,1,1.0,2.0,10387,VICTOR HUGO (RUE),M,"48,2940700","4,0679200",10,2019,50.0,1.0,1.0,7.0,2265976,1.0,1,4,1,0.0,,-1.0, -1,2000.0,A01,138Â 203Â 058,1.0,0.0,-1.0,1729632,2.0,7,,0.0,2.0,1.0,A01,138Â 203Â 058,1.0
1013284,201900054815,6,11,19:50,1,2,1,1.0,1.0,10081,MARIE NOEL (RUE),M,"48,3090700","4,0329700",10,2019,50.0,1.0,1.0,7.0,2265977,1.0,1,1,1,0.0,,-1.0, -1,1998.0,A01,138Â 203Â 054,1.0,0.0,-1.0,1729633,3.0,7,,0.0,1.0,2.0,A01,138Â 203Â 054,1.0
1013284,201900054815,6,11,19:50,1,2,1,1.0,1.0,10081,MARIE NOEL (RUE),M,"48,3090700","4,0329700",10,2019,50.0,1.0,1.0,7.0,2265977,1.0,1,1,1,0.0,,-1.0, -1,1998.0,A01,138Â 203Â 054,1.0,0.0,-1.0,1729634,3.0,1,,0.0,2.0,3.0,B01,138Â 203Â 055,1.0
1013284,201900054815,6,11,19:50,1,2,1,1.0,1.0,10081,MARIE NOEL (RUE),M,"48,3090700","4,0329700",10,2019,50.0,1.0,1.0,7.0,2265978,1.0,1,4,1,0.0,,-1.0, -1,2001.0,B01,138Â 203Â 055,8.0,0.0,-1.0,1729633,3.0,7,,0.0,1.0,2.0,A01,138Â 203Â 054,1.0
1013284,201900054815,6,11,19:50,1,2,1,1.0,1.0,10081,MARIE NOEL (RUE),M,"48,3090700","4,0329700",10,2019,50.0,1.0,1.0,7.0,2265978,1.0,1,4,1,0.0,,-1.0, -1,2001.0,B01,138Â 203Â 055,8.0,0.0,-1.0,1729634,3.0,1,,0.0,2.0,3.0,B01,138Â 203Â 055,1.0
1013285,201900054816,2,19,11:45,1,2,1,8.0,6.0,16385,route de la SabliÃ¨re,M,"45,6578844","0,2502822",16,2019,50.0,1.0,1.0,3.0,2265979,1.0,1,1,2,5.0,,0.0,0,1982.0,A01,138Â 203Â 053,1.0,-1.0,-1.0,1729635,2.0,7,,0.0,1.0,7.0,A01,138Â 203Â 053,1.0
1013285,201900054816,2,19,11:45,1,2,1,8.0,6.0,16385,route de la SabliÃ¨re,M,"45,6578844","0,2502822",16,2019,50.0,1.0,1.0,3.0,2265980,4.0,2,1,1,5.0,,0.0,0,2012.0,A01,138Â 203Â 053,1.0,-1.0,-1.0,1729635,2.0,7,,0.0,1.0,7.0,A01,138Â 203Â 053,1.0
1013285,201900054816,2,19,11:45,1,2,1,8.0,6.0,16385,route de la SabliÃ¨re,M,"45,6578844","0,2502822",16,2019,50.0,1.0,1.0,3.0,2265981,2.0,2,1,1,5.0,,0.0,0,2007.0,A01,138Â 203Â 053,1.0,-1.0,-1.0,1729635,2.0,7,,0.0,1.0,7.0,A01,138Â 203Â 053,1.0
1013285,201900054816,2,19,11:45,1,2,1,8.0,6.0,16385,route de la SabliÃ¨re,M,"45,6578844","0,2502822",16,2019,50.0,1.0,1.0,3.0,2265982,10.0,3,3,2,3.0,,1.0,6,1990.0,A01,138Â 203Â 053,8.0,-1.0,-1.0,1729635,2.0,7,,0.0,1.0,7.0,A01,138Â 203Â 053,1.0
1013286,201900054817,6,10,17:11,1,2,1,2.0,6.0,10387,CHARMILLES (MAIL DES),M,"48,2986700","4,0871800",10,2019,50.0,1.0,2.0,4.0,2265983,1.0,1,4,2,0.0,,-1.0,0,1999.0,A01,138Â 203Â 052,1.0,0.0,-1.0,1729636,1.0,7,,8.0,0.0,1.0,A01,138Â 203Â 052,1.0
1013287,201900054818,2,19,17:50,1,1,3,1.0,2.0,22339,D2,M,"48,4737915"," -2,0608207",22,2019,80.0,1.0,1.0,3.0,2265984,1.0,1,3,1,0.0,,0.0,0,2000.0,A01,138Â 203Â 049,2.0,6.0,-1.0,1729637,1.0,2,,0.0,2.0,1.0,A01,138Â 203Â 049,1.0
1013287,201900054818,2,19,17:50,1,1,3,1.0,2.0,22339,D2,M,"48,4737915"," -2,0608207",22,2019,80.0,1.0,1.0,3.0,2265984,1.0,1,3,1,0.0,,0.0,0,2000.0,A01,138Â 203Â 049,2.0,6.0,-1.0,1729638,1.0,7,,0.0,0.0,4.0,B01,138Â 203Â 050,1.0
1013287,201900054818,2,19,17:50,1,1,3,1.0,2.0,22339,D2,M,"48,4737915"," -2,0608207",22,2019,80.0,1.0,1.0,3.0,2265985,1.0,1,1,2,5.0,,0.0,0,1967.0,B01,138Â 203Â 050,1.0,-1.0,-1.0,1729637,1.0,2,,0.0,2.0,1.0,A01,138Â 203Â 049,1.0
1013287,201900054818,2,19,17:50,1,1,3,1.0,2.0,22339,D2,M,"48,4737915"," -2,0608207",22,2019,80.0,1.0,1.0,3.0,2265985,1.0,1,1,2,5.0,,0.0,0,1967.0,B01,138Â 203Â 050,1.0,-1.0,-1.0,1729638,1.0,7,,0.0,0.0,4.0,B01,138Â 203Â 050,1.0
1013288,201900054819,2,18,17:40,1,2,1,2.0,2.0,22339,2 route de ploubalay,M,"48,4634466"," -2,0583665",22,2019,50.0,1.0,2.0,3.0,2265986,1.0,1,4,1,1.0,,0.0,0,1988.0,A01,138Â 203Â 047,2.0,6.0,-1.0,1729639,1.0,2,,0.0,0.0,1.0,A01,138Â 203Â 047,1.0
1013288,201900054819,2,18,17:40,1,2,1,2.0,2.0,22339,2 route de ploubalay,M,"48,4634466"," -2,0583665",22,2019,50.0,1.0,2.0,3.0,2265986,1.0,1,4,1,1.0,,0.0,0,1988.0,A01,138Â 203Â 047,2.0,6.0,-1.0,1729640,1.0,7,,0.0,2.0,4.0,B01,138Â 203Â 048,1.0
1013288,201900054819,2,18,17:40,1,2,1,2.0,2.0,22339,2 route de ploubalay,M,"48,4634466"," -2,0583665",22,2019,50.0,1.0,2.0,3.0,2265987,1.0,1,1,1,5.0,,0.0,0,1949.0,B01,138Â 203Â 048,1.0,-1.0,-1.0,1729639,1.0,2,,0.0,0.0,1.0,A01,138Â 203Â 047,1.0
1013288,201900054819,2,18,17:40,1,2,1,2.0,2.0,22339,2 route de ploubalay,M,"48,4634466"," -2,0583665",22,2019,50.0,1.0,2.0,3.0,2265987,1.0,1,1,1,5.0,,0.0,0,1949.0,B01,138Â 203Â 048,1.0,-1.0,-1.0,1729640,1.0,7,,0.0,2.0,4.0,B01,138Â 203Â 048,1.0
1013289,201900054820,6,8,04:10,3,1,1,1.0,7.0,10333,ROCADE OUEST (RD 610),M,"48,2689200","4,0518800",10,2019,80.0,1.0,1.0,3.0,2265988,1.0,1,4,2,1.0,,-1.0, -1,1967.0,A01,138Â 203Â 051,1.0,5.0,-1.0,1729641,1.0,7,,0.0,4.0,1.0,A01,138Â 203Â 051,1.0
1013290,201900054821,2,19,16:00,1,1,1,1.0,3.0,80421,D132,M,"49,7824050","2,7908980",80,2019,80.0,1.0,1.0,3.0,2265989,1.0,1,3,1,5.0,,0.0,0,1972.0,A01,138Â 203Â 046,0.0,-1.0,-1.0,1729642,2.0,7,,0.0,2.0,8.0,B01,138Â 203Â 045,0.0
1013290,201900054821,2,19,16:00,1,1,1,1.0,3.0,80421,D132,M,"49,7824050","2,7908980",80,2019,80.0,1.0,1.0,3.0,2265989,1.0,1,3,1,5.0,,0.0,0,1972.0,A01,138Â 203Â 046,0.0,-1.0,-1.0,1729643,2.0,1,,0.0,0.0,8.0,A01,138Â 203Â 046,5.0
1013291,201900054822,2,19,13:00,1,1,1,1.0,6.0,62354,D 113,M,"50,5683130","1,6987220",62,2019,80.0,3.0,1.0,3.0,2265990,1.0,1,3,2,5.0,,0.0,0,1999.0,A01,138Â 203Â 042,1.0,-1.0,-1.0,1729644,3.0,7,,2.0,0.0,2.0,A01,138Â 203Â 042,1.0
1013292,201900054823,2,16,04:55,3,1,1,1.0,3.0,83144,,M,"43,1334900","5,9847600",83,2019,110.0,1.0,1.0,1.0,2265991,1.0,1,1,1,5.0,,0.0,0,1985.0,A01,138Â 203Â 036,1.0,8.0,-1.0,1729645,2.0,7,,3.0,2.0,2.0,A01,138Â 203Â 036,1.0
1013292,201900054823,2,16,04:55,3,1,1,1.0,3.0,83144,,M,"43,1334900","5,9847600",83,2019,110.0,1.0,1.0,1.0,2265991,1.0,1,1,1,5.0,,0.0,0,1985.0,A01,138Â 203Â 036,1.0,8.0,-1.0,1729646,2.0,7,,0.0,2.0,3.0,B01,138Â 203Â 038,1.0
1013292,201900054823,2,16,04:55,3,1,1,1.0,3.0,83144,,M,"43,1334900","5,9847600",83,2019,110.0,1.0,1.0,1.0,2265992,1.0,1,4,2,5.0,,0.0,0,2000.0,B01,138Â 203Â 038,1.0,8.0,-1.0,1729645,2.0,7,,3.0,2.0,2.0,A01,138Â 203Â 036,1.0
1013292,201900054823,2,16,04:55,3,1,1,1.0,3.0,83144,,M,"43,1334900","5,9847600",83,2019,110.0,1.0,1.0,1.0,2265992,1.0,1,4,2,5.0,,0.0,0,2000.0,B01,138Â 203Â 038,1.0,8.0,-1.0,1729646,2.0,7,,0.0,2.0,3.0,B01,138Â 203Â 038,1.0
1013292,201900054823,2,16,04:55,3,1,1,1.0,3.0,83144,,M,"43,1334900","5,9847600",83,2019,110.0,1.0,1.0,1.0,2265993,2.0,2,4,2,5.0,,0.0,0,2000.0,B01,138Â 203Â 038,1.0,8.0,-1.0,1729645,2.0,7,,3.0,2.0,2.0,A01,138Â 203Â 036,1.0
1013292,201900054823,2,16,04:55,3,1,1,1.0,3.0,83144,,M,"43,1334900","5,9847600",83,2019,110.0,1.0,1.0,1.0,2265993,2.0,2,4,2,5.0,,0.0,0,2000.0,B01,138Â 203Â 038,1.0,8.0,-1.0,1729646,2.0,7,,0.0,2.0,3.0,B01,138Â 203Â 038,1.0
1013293,201900054824,6,5,12:25,1,1,1,1.0,1.0,08105,MONTHERME,M,"49,8150900","4,7017600",8,2019,80.0,1.0,1.0,3.0,2265994,1.0,1,1,1,1.0,,0.0,0,1973.0,B01,138Â 203Â 034,1.0,0.0,-1.0,1729647,2.0,7,,0.0,2.0,1.0,B01,138Â 203Â 034,1.0
1013293,201900054824,6,5,12:25,1,1,1,1.0,1.0,08105,MONTHERME,M,"49,8150900","4,7017600",8,2019,80.0,1.0,1.0,3.0,2265994,1.0,1,1,1,1.0,,0.0,0,1973.0,B01,138Â 203Â 034,1.0,0.0,-1.0,1729648,1.0,7,,0.0,2.0,7.0,A01,138Â 203Â 035,1.0
1013293,201900054824,6,5,12:25,1,1,1,1.0,1.0,08105,MONTHERME,M,"49,8150900","4,7017600",8,2019,80.0,1.0,1.0,3.0,2265995,1.0,1,4,1,5.0,,0.0,0,1989.0,A01,138Â 203Â 035,1.0,0.0,-1.0,1729647,2.0,7,,0.0,2.0,1.0,B01,138Â 203Â 034,1.0
1013293,201900054824,6,5,12:25,1,1,1,1.0,1.0,08105,MONTHERME,M,"49,8150900","4,7017600",8,2019,80.0,1.0,1.0,3.0,2265995,1.0,1,4,1,5.0,,0.0,0,1989.0,A01,138Â 203Â 035,1.0,0.0,-1.0,1729648,1.0,7,,0.0,2.0,7.0,A01,138Â 203Â 035,1.0
1013293,201900054824,6,5,12:25,1,1,1,1.0,1.0,08105,MONTHERME,M,"49,8150900","4,7017600",8,2019,80.0,1.0,1.0,3.0,2265996,2.0,2,3,1,5.0,,0.0,0,1979.0,A01,138Â 203Â 035,1.0,0.0,-1.0,1729647,2.0,7,,0.0,2.0,1.0,B01,138Â 203Â 034,1.0
1013293,201900054824,6,5,12:25,1,1,1,1.0,1.0,08105,MONTHERME,M,"49,8150900","4,7017600",8,2019,80.0,1.0,1.0,3.0,2265996,2.0,2,3,1,5.0,,0.0,0,1979.0,A01,138Â 203Â 035,1.0,0.0,-1.0,1729648,1.0,7,,0.0,2.0,7.0,A01,138Â 203Â 035,1.0
1013294,201900054825,2,15,08:55,1,1,1,1.0,2.0,69029,A43   3.353 A 3.865,M,"45,7241600","4,9267400",69,2019,90.0,1.0,1.0,1.0,2265997,1.0,1,1,1,5.0,,0.0,0,1990.0,B01,138Â 203Â 031,1.0,0.0,-1.0,1729649,2.0,7,,0.0,2.0,4.0,B01,138Â 203Â 031,1.0
1013294,201900054825,2,15,08:55,1,1,1,1.0,2.0,69029,A43   3.353 A 3.865,M,"45,7241600","4,9267400",69,2019,90.0,1.0,1.0,1.0,2265997,1.0,1,1,1,5.0,,0.0,0,1990.0,B01,138Â 203Â 031,1.0,0.0,-1.0,1729650,2.0,33,,0.0,2.0,4.0,A01,138Â 203Â 033,1.0
1013294,201900054825,2,15,08:55,1,1,1,1.0,2.0,69029,A43   3.353 A 3.865,M,"45,7241600","4,9267400",69,2019,90.0,1.0,1.0,1.0,2265998,1.0,1,3,2,5.0,,0.0,0,1959.0,A01,138Â 203Â 033,2.0,6.0,-1.0,1729649,2.0,7,,0.0,2.0,4.0,B01,138Â 203Â 031,1.0
1013294,201900054825,2,15,08:55,1,1,1,1.0,2.0,69029,A43   3.353 A 3.865,M,"45,7241600","4,9267400",69,2019,90.0,1.0,1.0,1.0,2265998,1.0,1,3,2,5.0,,0.0,0,1959.0,A01,138Â 203Â 033,2.0,6.0,-1.0,1729650,2.0,33,,0.0,2.0,4.0,A01,138Â 203Â 033,1.0
1013295,201900054826,6,8,10:10,1,2,9,1.0,3.0,07316,rue des sabotiers,M,"44,9192100","4,8619100",7,2019,50.0,1.0,1.0,4.0,2265999,1.0,1,1,2,3.0,,-1.0, -1,1943.0,B01,138Â 203Â 030,1.0,0.0,-1.0,1729651,3.0,7,,0.0,2.0,1.0,B01,138Â 203Â 030,1.0
1013295,201900054826,6,8,10:10,1,2,9,1.0,3.0,07316,rue des sabotiers,M,"44,9192100","4,8619100",7,2019,50.0,1.0,1.0,4.0,2265999,1.0,1,1,2,3.0,,-1.0, -1,1943.0,B01,138Â 203Â 030,1.0,0.0,-1.0,1729652,3.0,1,,0.0,2.0,8.0,A01,138Â 203Â 032,5.0
1013295,201900054826,6,8,10:10,1,2,9,1.0,3.0,07316,rue des sabotiers,M,"44,9192100","4,8619100",7,2019,50.0,1.0,1.0,4.0,2266000,1.0,1,4,1,0.0,,-1.0, -1,1967.0,A01,138Â 203Â 032,8.0,0.0,-1.0,1729651,3.0,7,,0.0,2.0,1.0,B01,138Â 203Â 030,1.0
1013295,201900054826,6,8,10:10,1,2,9,1.0,3.0,07316,rue des sabotiers,M,"44,9192100","4,8619100",7,2019,50.0,1.0,1.0,4.0,2266000,1.0,1,4,1,0.0,,-1.0, -1,1967.0,A01,138Â 203Â 032,8.0,0.0,-1.0,1729652,3.0,1,,0.0,2.0,8.0,A01,138Â 203Â 032,5.0
1013296,201900054827,5,18,14:20,1,1,1,1.0,1.0,07019,RN 102,M,"44,6218000","4,3940810",7,2019,70.0,1.0,1.0,2.0,2266001,1.0,1,4,1,5.0,,-1.0, -1,1957.0,B01,138Â 203Â 026,1.0,0.0,-1.0,1729653,3.0,10,,0.0,2.0,1.0,B01,138Â 203Â 026,1.0
1013296,201900054827,5,18,14:20,1,1,1,1.0,1.0,07019,RN 102,M,"44,6218000","4,3940810",7,2019,70.0,1.0,1.0,2.0,2266001,1.0,1,4,1,5.0,,-1.0, -1,1957.0,B01,138Â 203Â 026,1.0,0.0,-1.0,1729654,3.0,10,,3.0,2.0,1.0,A01,138Â 203Â 028,1.0
1013296,201900054827,5,18,14:20,1,1,1,1.0,1.0,07019,RN 102,M,"44,6218000","4,3940810",7,2019,70.0,1.0,1.0,2.0,2266002,1.0,1,1,1,4.0,,-1.0, -1,1964.0,A01,138Â 203Â 028,1.0,0.0,-1.0,1729653,3.0,10,,0.0,2.0,1.0,B01,138Â 203Â 026,1.0
1013296,201900054827,5,18,14:20,1,1,1,1.0,1.0,07019,RN 102,M,"44,6218000","4,3940810",7,2019,70.0,1.0,1.0,2.0,2266002,1.0,1,1,1,4.0,,-1.0, -1,1964.0,A01,138Â 203Â 028,1.0,0.0,-1.0,1729654,3.0,10,,3.0,2.0,1.0,A01,138Â 203Â 028,1.0
1013297,201900054828,2,18,17:50,1,1,1,1.0,3.0,33075,ROCADE A 630,M,"44,8898700"," -0,6113200",33,2019,90.0,1.0,1.0,1.0,2266003,1.0,1,1,1,0.0,,-1.0, -1,1959.0,A01,138Â 203Â 027,1.0,8.0,-1.0,1729655,2.0,7,,0.0,2.0,3.0,A01,138Â 203Â 027,1.0
1013297,201900054828,2,18,17:50,1,1,1,1.0,3.0,33075,ROCADE A 630,M,"44,8898700"," -0,6113200",33,2019,90.0,1.0,1.0,1.0,2266003,1.0,1,1,1,0.0,,-1.0, -1,1959.0,A01,138Â 203Â 027,1.0,8.0,-1.0,1729656,2.0,33,,0.0,2.0,1.0,B01,138Â 203Â 029,1.0
1013297,201900054828,2,18,17:50,1,1,1,1.0,3.0,33075,ROCADE A 630,M,"44,8898700"," -0,6113200",33,2019,90.0,1.0,1.0,1.0,2266004,1.0,1,4,1,1.0,,-1.0, -1,1996.0,B01,138Â 203Â 029,2.0,6.0,-1.0,1729655,2.0,7,,0.0,2.0,3.0,A01,138Â 203Â 027,1.0
1013297,201900054828,2,18,17:50,1,1,1,1.0,3.0,33075,ROCADE A 630,M,"44,8898700"," -0,6113200",33,2019,90.0,1.0,1.0,1.0,2266004,1.0,1,4,1,1.0,,-1.0, -1,1996.0,B01,138Â 203Â 029,2.0,6.0,-1.0,1729656,2.0,33,,0.0,2.0,1.0,B01,138Â 203Â 029,1.0
1013298,201900054829,6,10,18:25,1,1,6,8.0,3.0,07019,D 104 (DEVIATION ST PRIVAS),M,"44,6125200","4,4077400",7,2019,80.0,1.0,1.0,2.0,2266005,1.0,1,1,1,9.0,,-1.0, -1,2001.0,A01,138Â 203Â 023,1.0,0.0,-1.0,1729657,2.0,7,,0.0,2.0,3.0,A01,138Â 203Â 023,1.0
1013298,201900054829,6,10,18:25,1,1,6,8.0,3.0,07019,D 104 (DEVIATION ST PRIVAS),M,"44,6125200","4,4077400",7,2019,80.0,1.0,1.0,2.0,2266005,1.0,1,1,1,9.0,,-1.0, -1,2001.0,A01,138Â 203Â 023,1.0,0.0,-1.0,1729658,1.0,33,,0.0,2.0,2.0,B01,138Â 203Â 025,1.0
1013298,201900054829,6,10,18:25,1,1,6,8.0,3.0,07019,D 104 (DEVIATION ST PRIVAS),M,"44,6125200","4,4077400",7,2019,80.0,1.0,1.0,2.0,2266006,1.0,1,1,1,5.0,,-1.0, -1,1996.0,B01,138Â 203Â 025,2.0,6.0,-1.0,1729657,2.0,7,,0.0,2.0,3.0,A01,138Â 203Â 023,1.0
1013298,201900054829,6,10,18:25,1,1,6,8.0,3.0,07019,D 104 (DEVIATION ST PRIVAS),M,"44,6125200","4,4077400",7,2019,80.0,1.0,1.0,2.0,2266006,1.0,1,1,1,5.0,,-1.0, -1,1996.0,B01,138Â 203Â 025,2.0,6.0,-1.0,1729658,1.0,33,,0.0,2.0,2.0,B01,138Â 203Â 025,1.0
1013298,201900054829,6,10,18:25,1,1,6,8.0,3.0,07019,D 104 (DEVIATION ST PRIVAS),M,"44,6125200","4,4077400",7,2019,80.0,1.0,1.0,2.0,2266007,2.0,2,3,1,5.0,,-1.0, -1,1996.0,B01,138Â 203Â 025,2.0,0.0,-1.0,1729657,2.0,7,,0.0,2.0,3.0,A01,138Â 203Â 023,1.0
1013298,201900054829,6,10,18:25,1,1,6,8.0,3.0,07019,D 104 (DEVIATION ST PRIVAS),M,"44,6125200","4,4077400",7,2019,80.0,1.0,1.0,2.0,2266007,2.0,2,3,1,5.0,,-1.0, -1,1996.0,B01,138Â 203Â 025,2.0,0.0,-1.0,1729658,1.0,33,,0.0,2.0,2.0,B01,138Â 203Â 025,1.0
1013299,201900054830,2,17,13:35,1,1,1,1.0,4.0,94034,AUTOROUTE A86,M,"48,7588000","2,3250000",94,2019,70.0,1.0,1.0,1.0,2266008,1.0,1,1,1,0.0,,-1.0,0,1994.0,A01,138Â 203Â 019,1.0,8.0,-1.0,1729659,1.0,7,,0.0,2.0,4.0,A01,138Â 203Â 019,1.0
1013299,201900054830,2,17,13:35,1,1,1,1.0,4.0,94034,AUTOROUTE A86,M,"48,7588000","2,3250000",94,2019,70.0,1.0,1.0,1.0,2266008,1.0,1,1,1,0.0,,-1.0,0,1994.0,A01,138Â 203Â 019,1.0,8.0,-1.0,1729660,1.0,7,,0.0,2.0,4.0,C01,138Â 203Â 021,1.0
1013299,201900054830,2,17,13:35,1,1,1,1.0,4.0,94034,AUTOROUTE A86,M,"48,7588000","2,3250000",94,2019,70.0,1.0,1.0,1.0,2266008,1.0,1,1,1,0.0,,-1.0,0,1994.0,A01,138Â 203Â 019,1.0,8.0,-1.0,1729661,1.0,7,,0.0,2.0,4.0,B01,138Â 203Â 022,1.0
1013299,201900054830,2,17,13:35,1,1,1,1.0,4.0,94034,AUTOROUTE A86,M,"48,7588000","2,3250000",94,2019,70.0,1.0,1.0,1.0,2266008,1.0,1,1,1,0.0,,-1.0,0,1994.0,A01,138Â 203Â 019,1.0,8.0,-1.0,1729662,1.0,7,,0.0,2.0,1.0,D01,138Â 203Â 024,1.0
1013299,201900054830,2,17,13:35,1,1,1,1.0,4.0,94034,AUTOROUTE A86,M,"48,7588000","2,3250000",94,2019,70.0,1.0,1.0,1.0,2266009,1.0,1,1,1,0.0,,-1.0,0,1985.0,C01,138Â 203Â 021,1.0,8.0,-1.0,1729659,1.0,7,,0.0,2.0,4.0,A01,138Â 203Â 019,1.0
1013299,201900054830,2,17,13:35,1,1,1,1.0,4.0,94034,AUTOROUTE A86,M,"48,7588000","2,3250000",94,2019,70.0,1.0,1.0,1.0,2266009,1.0,1,1,1,0.0,,-1.0,0,1985.0,C01,138Â 203Â 021,1.0,8.0,-1.0,1729660,1.0,7,,0.0,2.0,4.0,C01,138Â 203Â 021,1.0
1013299,201900054830,2,17,13:35,1,1,1,1.0,4.0,94034,AUTOROUTE A86,M,"48,7588000","2,3250000",94,2019,70.0,1.0,1.0,1.0,2266009,1.0,1,1,1,0.0,,-1.0,0,1985.0,C01,138Â 203Â 021,1.0,8.0,-1.0,1729661,1.0,7,,0.0,2.0,4.0,B01,138Â 203Â 022,1.0
1013299,201900054830,2,17,13:35,1,1,1,1.0,4.0,94034,AUTOROUTE A86,M,"48,7588000","2,3250000",94,2019,70.0,1.0,1.0,1.0,2266009,1.0,1,1,1,0.0,,-1.0,0,1985.0,C01,138Â 203Â 021,1.0,8.0,-1.0,1729662,1.0,7,,0.0,2.0,1.0,D01,138Â 203Â 024,1.0
1013299,201900054830,2,17,13:35,1,1,1,1.0,4.0,94034,AUTOROUTE A86,M,"48,7588000","2,3250000",94,2019,70.0,1.0,1.0,1.0,2266010,1.0,1,1,1,0.0,,-1.0,0,1981.0,B01,138Â 203Â 022,1.0,8.0,-1.0,1729659,1.0,7,,0.0,2.0,4.0,A01,138Â 203Â 019,1.0
1013299,201900054830,2,17,13:35,1,1,1,1.0,4.0,94034,AUTOROUTE A86,M,"48,7588000","2,3250000",94,2019,70.0,1.0,1.0,1.0,2266010,1.0,1,1,1,0.0,,-1.0,0,1981.0,B01,138Â 203Â 022,1.0,8.0,-1.0,1729660,1.0,7,,0.0,2.0,4.0,C01,138Â 203Â 021,1.0
1013299,201900054830,2,17,13:35,1,1,1,1.0,4.0,94034,AUTOROUTE A86,M,"48,7588000","2,3250000",94,2019,70.0,1.0,1.0,1.0,2266010,1.0,1,1,1,0.0,,-1.0,0,1981.0,B01,138Â 203Â 022,1.0,8.0,-1.0,1729661,1.0,7,,0.0,2.0,4.0,B01,138Â 203Â 022,1.0
1013299,201900054830,2,17,13:35,1,1,1,1.0,4.0,94034,AUTOROUTE A86,M,"48,7588000","2,3250000",94,2019,70.0,1.0,1.0,1.0,2266010,1.0,1,1,1,0.0,,-1.0,0,1981.0,B01,138Â 203Â 022,1.0,8.0,-1.0,1729662,1.0,7,,0.0,2.0,1.0,D01,138Â 203Â 024,1.0
1013299,201900054830,2,17,13:35,1,1,1,1.0,4.0,94034,AUTOROUTE A86,M,"48,7588000","2,3250000",94,2019,70.0,1.0,1.0,1.0,2266011,3.0,2,4,2,0.0,,-1.0,0,1986.0,B01,138Â 203Â 022,1.0,8.0,-1.0,1729659,1.0,7,,0.0,2.0,4.0,A01,138Â 203Â 019,1.0
1013299,201900054830,2,17,13:35,1,1,1,1.0,4.0,94034,AUTOROUTE A86,M,"48,7588000","2,3250000",94,2019,70.0,1.0,1.0,1.0,2266011,3.0,2,4,2,0.0,,-1.0,0,1986.0,B01,138Â 203Â 022,1.0,8.0,-1.0,1729660,1.0,7,,0.0,2.0,4.0,C01,138Â 203Â 021,1.0
1013299,201900054830,2,17,13:35,1,1,1,1.0,4.0,94034,AUTOROUTE A86,M,"48,7588000","2,3250000",94,2019,70.0,1.0,1.0,1.0,2266011,3.0,2,4,2,0.0,,-1.0,0,1986.0,B01,138Â 203Â 022,1.0,8.0,-1.0,1729661,1.0,7,,0.0,2.0,4.0,B01,138Â 203Â 022,1.0
1013299,201900054830,2,17,13:35,1,1,1,1.0,4.0,94034,AUTOROUTE A86,M,"48,7588000","2,3250000",94,2019,70.0,1.0,1.0,1.0,2266011,3.0,2,4,2,0.0,,-1.0,0,1986.0,B01,138Â 203Â 022,1.0,8.0,-1.0,1729662,1.0,7,,0.0,2.0,1.0,D01,138Â 203Â 024,1.0