Unnamed: 0_x,num_acc,mois,jour,hrmn,lum,agg,int,atm,col,com,adr,gps,lat,long,dep,annee,vma,situ,surf,catr,Unnamed: 0_y,place,catu,grav,sexe,trajet,secu,locp,actp,an_nais,num_veh_x,id_vehicule_x,secu1,secu2,secu3,Unnamed: 0,senc,catv,occutc,obs,obsm,choc,num_veh_y,id_vehicule_y,motor
1013299,201900054830,2,17,13:35,1,1,1,1.0,4.0,94034,AUTOROUTE A86,M,"48,7588000","2,3250000",94,2019,70.0,1.0,1.0,1.0,2266012,1.0,1,1,1,0.0,,-1.0,0,1985.0,D01,138Â 203Â 024,1.0,8.0,-1.0,1729659,1.0,7,,0.0,2.0,4.0,A01,138Â 203Â 019,1.0
1013299,201900054830,2,17,13:35,1,1,1,1.0,4.0,94034,AUTOROUTE A86,M,"48,7588000","2,3250000",94,2019,70.0,1.0,1.0,1.0,2266012,1.0,1,1,1,0.0,,-1.0,0,1985.0,D01,138Â 203Â 024,1.0,8.0,-1.0,1729660,1.0,7,,0.0,2.0,4.0,C01,138Â 203Â 021,1.0
1013299,201900054830,2,17,13:35,1,1,1,1.0,4.0,94034,AUTOROUTE A86,M,"48,7588000","2,3250000",94,2019,70.0,1.0,1.0,1.0,2266012,1.0,1,1,1,0.0,,-1.0,0,1985.0,D01,138Â 203Â 024,1.0,8.0,-1.0,1729661,1.0,7,,0.0,2.0,4.0,B01,138Â 203Â 022,1.0
1013299,201900054830,2,17,13:35,1,1,1,1.0,4.0,94034,AUTOROUTE A86,M,"48,7588000","2,3250000",94,2019,70.0,1.0,1.0,1.0,2266012,1.0,1,1,1,0.0,,-1.0,0,1985.0,D01,138Â 203Â 024,1.0,8.0,-1.0,1729662,1.0,7,,0.0,2.0,1.0,D01,138Â 203Â 024,1.0
1013300,201900054831,5,22,15:00,1,2,3,1.0,3.0,07019,PONSON (ZA),M,"44,6165000","4,4045600",7,2019,50.0,1.0,1.0,4.0,2266013,1.0,1,1,1,3.0,,-1.0, -1,1982.0,A01,138Â 203Â 018,1.0,8.0,-1.0,1729663,3.0,7,,0.0,2.0,2.0,A01,138Â 203Â 018,1.0
1013300,201900054831,5,22,15:00,1,2,3,1.0,3.0,07019,PONSON (ZA),M,"44,6165000","4,4045600",7,2019,50.0,1.0,1.0,4.0,2266013,1.0,1,1,1,3.0,,-1.0, -1,1982.0,A01,138Â 203Â 018,1.0,8.0,-1.0,1729664,3.0,33,,0.0,2.0,2.0,B01,138Â 203Â 020,1.0
1013300,201900054831,5,22,15:00,1,2,3,1.0,3.0,07019,PONSON (ZA),M,"44,6165000","4,4045600",7,2019,50.0,1.0,1.0,4.0,2266014,1.0,1,3,1,5.0,,-1.0, -1,1968.0,B01,138Â 203Â 020,2.0,6.0,-1.0,1729663,3.0,7,,0.0,2.0,2.0,A01,138Â 203Â 018,1.0
1013300,201900054831,5,22,15:00,1,2,3,1.0,3.0,07019,PONSON (ZA),M,"44,6165000","4,4045600",7,2019,50.0,1.0,1.0,4.0,2266014,1.0,1,3,1,5.0,,-1.0, -1,1968.0,B01,138Â 203Â 020,2.0,6.0,-1.0,1729664,3.0,33,,0.0,2.0,2.0,B01,138Â 203Â 020,1.0
1013301,201900054832,6,18,20:20,1,2,1,1.0,6.0,06088,THIERS (AV.),M,"43,7047128","7,2633060",6,2019,50.0,1.0,1.0,4.0,2266015,1.0,1,4,1,0.0,,0.0,0,1988.0,B01,138Â 203Â 014,2.0,0.0,-1.0,1729665,2.0,30,,1.0,2.0,0.0,B01,138Â 203Â 014,1.0
1013301,201900054832,6,18,20:20,1,2,1,1.0,6.0,06088,THIERS (AV.),M,"43,7047128","7,2633060",6,2019,50.0,1.0,1.0,4.0,2266015,1.0,1,4,1,0.0,,0.0,0,1988.0,B01,138Â 203Â 014,2.0,0.0,-1.0,1729666,1.0,33,,0.0,2.0,0.0,A01,138Â 203Â 015,1.0
1013301,201900054832,6,18,20:20,1,2,1,1.0,6.0,06088,THIERS (AV.),M,"43,7047128","7,2633060",6,2019,50.0,1.0,1.0,4.0,2266016,1.0,1,1,1,1.0,,0.0,0,1985.0,A01,138Â 203Â 015,2.0,6.0,-1.0,1729665,2.0,30,,1.0,2.0,0.0,B01,138Â 203Â 014,1.0
1013301,201900054832,6,18,20:20,1,2,1,1.0,6.0,06088,THIERS (AV.),M,"43,7047128","7,2633060",6,2019,50.0,1.0,1.0,4.0,2266016,1.0,1,1,1,1.0,,0.0,0,1985.0,A01,138Â 203Â 015,2.0,6.0,-1.0,1729666,1.0,33,,0.0,2.0,0.0,A01,138Â 203Â 015,1.0
1013302,201900054833,6,18,09:25,1,2,1,1.0,3.0,06088,JOLY (CORNICHE ANDRE DE),M,"43,7042870","7,2994800",6,2019,50.0,1.0,1.0,7.0,2266017,1.0,1,4,1,4.0,,0.0,0,1991.0,B01,138Â 203Â 012,2.0,8.0,-1.0,1729667,1.0,33,,0.0,2.0,2.0,B01,138Â 203Â 012,1.0
1013302,201900054833,6,18,09:25,1,2,1,1.0,3.0,06088,JOLY (CORNICHE ANDRE DE),M,"43,7042870","7,2994800",6,2019,50.0,1.0,1.0,7.0,2266017,1.0,1,4,1,4.0,,0.0,0,1991.0,B01,138Â 203Â 012,2.0,8.0,-1.0,1729668,2.0,7,,0.0,2.0,6.0,A01,138Â 203Â 013,1.0
1013302,201900054833,6,18,09:25,1,2,1,1.0,3.0,06088,JOLY (CORNICHE ANDRE DE),M,"43,7042870","7,2994800",6,2019,50.0,1.0,1.0,7.0,2266018,1.0,1,1,1,5.0,,0.0,0,1978.0,A01,138Â 203Â 013,1.0,0.0,-1.0,1729667,1.0,33,,0.0,2.0,2.0,B01,138Â 203Â 012,1.0
1013302,201900054833,6,18,09:25,1,2,1,1.0,3.0,06088,JOLY (CORNICHE ANDRE DE),M,"43,7042870","7,2994800",6,2019,50.0,1.0,1.0,7.0,2266018,1.0,1,1,1,5.0,,0.0,0,1978.0,A01,138Â 203Â 013,1.0,0.0,-1.0,1729668,2.0,7,,0.0,2.0,6.0,A01,138Â 203Â 013,1.0
1013303,201900054834,2,18,15:20,5,1,1,1.0,3.0,92050,A14,M,"48,8973167","2,2206840",92,2019,70.0,1.0,1.0,1.0,2266019,1.0,1,4,1,4.0,,-1.0,0,1989.0,B01,138Â 203Â 016,2.0,4.0,-1.0,1729669,1.0,31,,0.0,2.0,8.0,B01,138Â 203Â 016,0.0
1013303,201900054834,2,18,15:20,5,1,1,1.0,3.0,92050,A14,M,"48,8973167","2,2206840",92,2019,70.0,1.0,1.0,1.0,2266019,1.0,1,4,1,4.0,,-1.0,0,1989.0,B01,138Â 203Â 016,2.0,4.0,-1.0,1729670,1.0,7,,0.0,2.0,7.0,A01,138Â 203Â 017,0.0
1013303,201900054834,2,18,15:20,5,1,1,1.0,3.0,92050,A14,M,"48,8973167","2,2206840",92,2019,70.0,1.0,1.0,1.0,2266020,1.0,1,1,1,1.0,,-1.0,0,1973.0,A01,138Â 203Â 017,1.0,0.0,-1.0,1729669,1.0,31,,0.0,2.0,8.0,B01,138Â 203Â 016,0.0
1013303,201900054834,2,18,15:20,5,1,1,1.0,3.0,92050,A14,M,"48,8973167","2,2206840",92,2019,70.0,1.0,1.0,1.0,2266020,1.0,1,1,1,1.0,,-1.0,0,1973.0,A01,138Â 203Â 017,1.0,0.0,-1.0,1729670,1.0,7,,0.0,2.0,7.0,A01,138Â 203Â 017,0.0
1013304,201900054835,2,18,11:30,1,1,1,1.0,5.0,78402,A13,M,"48,9653930","1,8055370",78,2019,130.0,1.0,1.0,1.0,2266021,1.0,1,1,1,0.0,,-1.0,0,1991.0,H01,138Â 203Â 004,1.0,0.0,-1.0,1729671,1.0,7,,0.0,2.0,1.0,H01,138Â 203Â 004,1.0
1013304,201900054835,2,18,11:30,1,1,1,1.0,5.0,78402,A13,M,"48,9653930","1,8055370",78,2019,130.0,1.0,1.0,1.0,2266021,1.0,1,1,1,0.0,,-1.0,0,1991.0,H01,138Â 203Â 004,1.0,0.0,-1.0,1729672,1.0,7,,0.0,2.0,4.0,G01,138Â 203Â 005,1.0
1013304,201900054835,2,18,11:30,1,1,1,1.0,5.0,78402,A13,M,"48,9653930","1,8055370",78,2019,130.0,1.0,1.0,1.0,2266021,1.0,1,1,1,0.0,,-1.0,0,1991.0,H01,138Â 203Â 004,1.0,0.0,-1.0,1729673,1.0,7,,0.0,2.0,1.0,F01,138Â 203Â 006,1.0
1013304,201900054835,2,18,11:30,1,1,1,1.0,5.0,78402,A13,M,"48,9653930","1,8055370",78,2019,130.0,1.0,1.0,1.0,2266021,1.0,1,1,1,0.0,,-1.0,0,1991.0,H01,138Â 203Â 004,1.0,0.0,-1.0,1729674,1.0,7,,0.0,2.0,4.0,E01,138Â 203Â 007,1.0
1013304,201900054835,2,18,11:30,1,1,1,1.0,5.0,78402,A13,M,"48,9653930","1,8055370",78,2019,130.0,1.0,1.0,1.0,2266021,1.0,1,1,1,0.0,,-1.0,0,1991.0,H01,138Â 203Â 004,1.0,0.0,-1.0,1729675,1.0,7,,0.0,2.0,4.0,D01,138Â 203Â 008,1.0
1013304,201900054835,2,18,11:30,1,1,1,1.0,5.0,78402,A13,M,"48,9653930","1,8055370",78,2019,130.0,1.0,1.0,1.0,2266021,1.0,1,1,1,0.0,,-1.0,0,1991.0,H01,138Â 203Â 004,1.0,0.0,-1.0,1729676,1.0,7,,0.0,2.0,4.0,C01,138Â 203Â 009,1.0
1013304,201900054835,2,18,11:30,1,1,1,1.0,5.0,78402,A13,M,"48,9653930","1,8055370",78,2019,130.0,1.0,1.0,1.0,2266021,1.0,1,1,1,0.0,,-1.0,0,1991.0,H01,138Â 203Â 004,1.0,0.0,-1.0,1729677,1.0,15,,0.0,2.0,8.0,B01,138Â 203Â 010,1.0
1013304,201900054835,2,18,11:30,1,1,1,1.0,5.0,78402,A13,M,"48,9653930","1,8055370",78,2019,130.0,1.0,1.0,1.0,2266021,1.0,1,1,1,0.0,,-1.0,0,1991.0,H01,138Â 203Â 004,1.0,0.0,-1.0,1729678,1.0,7,,0.0,2.0,1.0,A01,138Â 203Â 011,1.0
1013304,201900054835,2,18,11:30,1,1,1,1.0,5.0,78402,A13,M,"48,9653930","1,8055370",78,2019,130.0,1.0,1.0,1.0,2266022,1.0,1,1,1,0.0,,-1.0,0,1993.0,G01,138Â 203Â 005,1.0,0.0,-1.0,1729671,1.0,7,,0.0,2.0,1.0,H01,138Â 203Â 004,1.0
1013304,201900054835,2,18,11:30,1,1,1,1.0,5.0,78402,A13,M,"48,9653930","1,8055370",78,2019,130.0,1.0,1.0,1.0,2266022,1.0,1,1,1,0.0,,-1.0,0,1993.0,G01,138Â 203Â 005,1.0,0.0,-1.0,1729672,1.0,7,,0.0,2.0,4.0,G01,138Â 203Â 005,1.0
1013304,201900054835,2,18,11:30,1,1,1,1.0,5.0,78402,A13,M,"48,9653930","1,8055370",78,2019,130.0,1.0,1.0,1.0,2266022,1.0,1,1,1,0.0,,-1.0,0,1993.0,G01,138Â 203Â 005,1.0,0.0,-1.0,1729673,1.0,7,,0.0,2.0,1.0,F01,138Â 203Â 006,1.0
1013304,201900054835,2,18,11:30,1,1,1,1.0,5.0,78402,A13,M,"48,9653930","1,8055370",78,2019,130.0,1.0,1.0,1.0,2266022,1.0,1,1,1,0.0,,-1.0,0,1993.0,G01,138Â 203Â 005,1.0,0.0,-1.0,1729674,1.0,7,,0.0,2.0,4.0,E01,138Â 203Â 007,1.0
1013304,201900054835,2,18,11:30,1,1,1,1.0,5.0,78402,A13,M,"48,9653930","1,8055370",78,2019,130.0,1.0,1.0,1.0,2266022,1.0,1,1,1,0.0,,-1.0,0,1993.0,G01,138Â 203Â 005,1.0,0.0,-1.0,1729675,1.0,7,,0.0,2.0,4.0,D01,138Â 203Â 008,1.0
1013304,201900054835,2,18,11:30,1,1,1,1.0,5.0,78402,A13,M,"48,9653930","1,8055370",78,2019,130.0,1.0,1.0,1.0,2266022,1.0,1,1,1,0.0,,-1.0,0,1993.0,G01,138Â 203Â 005,1.0,0.0,-1.0,1729676,1.0,7,,0.0,2.0,4.0,C01,138Â 203Â 009,1.0
1013304,201900054835,2,18,11:30,1,1,1,1.0,5.0,78402,A13,M,"48,9653930","1,8055370",78,2019,130.0,1.0,1.0,1.0,2266022,1.0,1,1,1,0.0,,-1.0,0,1993.0,G01,138Â 203Â 005,1.0,0.0,-1.0,1729677,1.0,15,,0.0,2.0,8.0,B01,138Â 203Â 010,1.0
1013304,201900054835,2,18,11:30,1,1,1,1.0,5.0,78402,A13,M,"48,9653930","1,8055370",78,2019,130.0,1.0,1.0,1.0,2266022,1.0,1,1,1,0.0,,-1.0,0,1993.0,G01,138Â 203Â 005,1.0,0.0,-1.0,1729678,1.0,7,,0.0,2.0,1.0,A01,138Â 203Â 011,1.0
1013304,201900054835,2,18,11:30,1,1,1,1.0,5.0,78402,A13,M,"48,9653930","1,8055370",78,2019,130.0,1.0,1.0,1.0,2266023,2.0,2,4,2,0.0,,-1.0,0,1996.0,F01,138Â 203Â 006,1.0,0.0,-1.0,1729671,1.0,7,,0.0,2.0,1.0,H01,138Â 203Â 004,1.0
1013304,201900054835,2,18,11:30,1,1,1,1.0,5.0,78402,A13,M,"48,9653930","1,8055370",78,2019,130.0,1.0,1.0,1.0,2266023,2.0,2,4,2,0.0,,-1.0,0,1996.0,F01,138Â 203Â 006,1.0,0.0,-1.0,1729672,1.0,7,,0.0,2.0,4.0,G01,138Â 203Â 005,1.0
1013304,201900054835,2,18,11:30,1,1,1,1.0,5.0,78402,A13,M,"48,9653930","1,8055370",78,2019,130.0,1.0,1.0,1.0,2266023,2.0,2,4,2,0.0,,-1.0,0,1996.0,F01,138Â 203Â 006,1.0,0.0,-1.0,1729673,1.0,7,,0.0,2.0,1.0,F01,138Â 203Â 006,1.0
1013304,201900054835,2,18,11:30,1,1,1,1.0,5.0,78402,A13,M,"48,9653930","1,8055370",78,2019,130.0,1.0,1.0,1.0,2266023,2.0,2,4,2,0.0,,-1.0,0,1996.0,F01,138Â 203Â 006,1.0,0.0,-1.0,1729674,1.0,7,,0.0,2.0,4.0,E01,138Â 203Â 007,1.0
1013304,201900054835,2,18,11:30,1,1,1,1.0,5.0,78402,A13,M,"48,9653930","1,8055370",78,2019,130.0,1.0,1.0,1.0,2266023,2.0,2,4,2,0.0,,-1.0,0,1996.0,F01,138Â 203Â 006,1.0,0.0,-1.0,1729675,1.0,7,,0.0,2.0,4.0,D01,138Â 203Â 008,1.0
1013304,201900054835,2,18,11:30,1,1,1,1.0,5.0,78402,A13,M,"48,9653930","1,8055370",78,2019,130.0,1.0,1.0,1.0,2266023,2.0,2,4,2,0.0,,-1.0,0,1996.0,F01,138Â 203Â 006,1.0,0.0,-1.0,1729676,1.0,7,,0.0,2.0,4.0,C01,138Â 203Â 009,1.0
1013304,201900054835,2,18,11:30,1,1,1,1.0,5.0,78402,A13,M,"48,9653930","1,8055370",78,2019,130.0,1.0,1.0,1.0,2266023,2.0,2,4,2,0.0,,-1.0,0,1996.0,F01,138Â 203Â 006,1.0,0.0,-1.0,1729677,1.0,15,,0.0,2.0,8.0,B01,138Â 203Â 010,1.0
1013304,201900054835,2,18,11:30,1,1,1,1.0,5.0,78402,A13,M,"48,9653930","1,8055370",78,2019,130.0,1.0,1.0,1.0,2266023,2.0,2,4,2,0.0,,-1.0,0,1996.0,F01,138Â 203Â 006,1.0,0.0,-1.0,1729678,1.0,7,,0.0,2.0,1.0,A01,138Â 203Â 011,1.0
1013304,201900054835,2,18,11:30,1,1,1,1.0,5.0,78402,A13,M,"48,9653930","1,8055370",78,2019,130.0,1.0,1.0,1.0,2266024,1.0,1,1,1,0.0,,-1.0,0,1985.0,F01,138Â 203Â 006,1.0,0.0,-1.0,1729671,1.0,7,,0.0,2.0,1.0,H01,138Â 203Â 004,1.0
1013304,201900054835,2,18,11:30,1,1,1,1.0,5.0,78402,A13,M,"48,9653930","1,8055370",78,2019,130.0,1.0,1.0,1.0,2266024,1.0,1,1,1,0.0,,-1.0,0,1985.0,F01,138Â 203Â 006,1.0,0.0,-1.0,1729672,1.0,7,,0.0,2.0,4.0,G01,138Â 203Â 005,1.0
1013304,201900054835,2,18,11:30,1,1,1,1.0,5.0,78402,A13,M,"48,9653930","1,8055370",78,2019,130.0,1.0,1.0,1.0,2266024,1.0,1,1,1,0.0,,-1.0,0,1985.0,F01,138Â 203Â 006,1.0,0.0,-1.0,1729673,1.0,7,,0.0,2.0,1.0,F01,138Â 203Â 006,1.0
1013304,201900054835,2,18,11:30,1,1,1,1.0,5.0,78402,A13,M,"48,9653930","1,8055370",78,2019,130.0,1.0,1.0,1.0,2266024,1.0,1,1,1,0.0,,-1.0,0,1985.0,F01,138Â 203Â 006,1.0,0.0,-1.0,1729674,1.0,7,,0.0,2.0,4.0,E01,138Â 203Â 007,1.0
1013304,201900054835,2,18,11:30,1,1,1,1.0,5.0,78402,A13,M,"48,9653930","1,8055370",78,2019,130.0,1.0,1.0,1.0,2266024,1.0,1,1,1,0.0,,-1.0,0,1985.0,F01,138Â 203Â 006,1.0,0.0,-1.0,1729675,1.0,7,,0.0,2.0,4.0,D01,138Â 203Â 008,1.0
1013304,201900054835,2,18,11:30,1,1,1,1.0,5.0,78402,A13,M,"48,9653930","1,8055370",78,2019,130.0,1.0,1.0,1.0,2266024,1.0,1,1,1,0.0,,-1.0,0,1985.0,F01,138Â 203Â 006,1.0,0.0,-1.0,1729676,1.0,7,,0.0,2.0,4.0,C01,138Â 203Â 009,1.0
1013304,201900054835,2,18,11:30,1,1,1,1.0,5.0,78402,A13,M,"48,9653930","1,8055370",78,2019,130.0,1.0,1.0,1.0,2266024,1.0,1,1,1,0.0,,-1.0,0,1985.0,F01,138Â 203Â 006,1.0,0.0,-1.0,1729677,1.0,15,,0.0,2.0,8.0,B01,138Â 203Â 010,1.0
1013304,201900054835,2,18,11:30,1,1,1,1.0,5.0,78402,A13,M,"48,9653930","1,8055370",78,2019,130.0,1.0,1.0,1.0,2266024,1.0,1,1,1,0.0,,-1.0,0,1985.0,F01,138Â 203Â 006,1.0,0.0,-1.0,1729678,1.0,7,,0.0,2.0,1.0,A01,138Â 203Â 011,1.0
1013304,201900054835,2,18,11:30,1,1,1,1.0,5.0,78402,A13,M,"48,9653930","1,8055370",78,2019,130.0,1.0,1.0,1.0,2266025,2.0,2,1,1,0.0,,-1.0,0,1974.0,E01,138Â 203Â 007,1.0,0.0,-1.0,1729671,1.0,7,,0.0,2.0,1.0,H01,138Â 203Â 004,1.0
1013304,201900054835,2,18,11:30,1,1,1,1.0,5.0,78402,A13,M,"48,9653930","1,8055370",78,2019,130.0,1.0,1.0,1.0,2266025,2.0,2,1,1,0.0,,-1.0,0,1974.0,E01,138Â 203Â 007,1.0,0.0,-1.0,1729672,1.0,7,,0.0,2.0,4.0,G01,138Â 203Â 005,1.0
1013304,201900054835,2,18,11:30,1,1,1,1.0,5.0,78402,A13,M,"48,9653930","1,8055370",78,2019,130.0,1.0,1.0,1.0,2266025,2.0,2,1,1,0.0,,-1.0,0,1974.0,E01,138Â 203Â 007,1.0,0.0,-1.0,1729673,1.0,7,,0.0,2.0,1.0,F01,138Â 203Â 006,1.0
1013304,201900054835,2,18,11:30,1,1,1,1.0,5.0,78402,A13,M,"48,9653930","1,8055370",78,2019,130.0,1.0,1.0,1.0,2266025,2.0,2,1,1,0.0,,-1.0,0,1974.0,E01,138Â 203Â 007,1.0,0.0,-1.0,1729674,1.0,7,,0.0,2.0,4.0,E01,138Â 203Â 007,1.0
1013304,201900054835,2,18,11:30,1,1,1,1.0,5.0,78402,A13,M,"48,9653930","1,8055370",78,2019,130.0,1.0,1.0,1.0,2266025,2.0,2,1,1,0.0,,-1.0,0,1974.0,E01,138Â 203Â 007,1.0,0.0,-1.0,1729675,1.0,7,,0.0,2.0,4.0,D01,138Â 203Â 008,1.0
1013304,201900054835,2,18,11:30,1,1,1,1.0,5.0,78402,A13,M,"48,9653930","1,8055370",78,2019,130.0,1.0,1.0,1.0,2266025,2.0,2,1,1,0.0,,-1.0,0,1974.0,E01,138Â 203Â 007,1.0,0.0,-1.0,1729676,1.0,7,,0.0,2.0,4.0,C01,138Â 203Â 009,1.0
1013304,201900054835,2,18,11:30,1,1,1,1.0,5.0,78402,A13,M,"48,9653930","1,8055370",78,2019,130.0,1.0,1.0,1.0,2266025,2.0,2,1,1,0.0,,-1.0,0,1974.0,E01,138Â 203Â 007,1.0,0.0,-1.0,1729677,1.0,15,,0.0,2.0,8.0,B01,138Â 203Â 010,1.0
1013304,201900054835,2,18,11:30,1,1,1,1.0,5.0,78402,A13,M,"48,9653930","1,8055370",78,2019,130.0,1.0,1.0,1.0,2266025,2.0,2,1,1,0.0,,-1.0,0,1974.0,E01,138Â 203Â 007,1.0,0.0,-1.0,1729678,1.0,7,,0.0,2.0,1.0,A01,138Â 203Â 011,1.0
1013304,201900054835,2,18,11:30,1,1,1,1.0,5.0,78402,A13,M,"48,9653930","1,8055370",78,2019,130.0,1.0,1.0,1.0,2266026,1.0,1,1,1,0.0,,-1.0,0,1980.0,E01,138Â 203Â 007,1.0,0.0,-1.0,1729671,1.0,7,,0.0,2.0,1.0,H01,138Â 203Â 004,1.0
1013304,201900054835,2,18,11:30,1,1,1,1.0,5.0,78402,A13,M,"48,9653930","1,8055370",78,2019,130.0,1.0,1.0,1.0,2266026,1.0,1,1,1,0.0,,-1.0,0,1980.0,E01,138Â 203Â 007,1.0,0.0,-1.0,1729672,1.0,7,,0.0,2.0,4.0,G01,138Â 203Â 005,1.0
1013304,201900054835,2,18,11:30,1,1,1,1.0,5.0,78402,A13,M,"48,9653930","1,8055370",78,2019,130.0,1.0,1.0,1.0,2266026,1.0,1,1,1,0.0,,-1.0,0,1980.0,E01,138Â 203Â 007,1.0,0.0,-1.0,1729673,1.0,7,,0.0,2.0,1.0,F01,138Â 203Â 006,1.0
1013304,201900054835,2,18,11:30,1,1,1,1.0,5.0,78402,A13,M,"48,9653930","1,8055370",78,2019,130.0,1.0,1.0,1.0,2266026,1.0,1,1,1,0.0,,-1.0,0,1980.0,E01,138Â 203Â 007,1.0,0.0,-1.0,1729674,1.0,7,,0.0,2.0,4.0,E01,138Â 203Â 007,1.0
1013304,201900054835,2,18,11:30,1,1,1,1.0,5.0,78402,A13,M,"48,9653930","1,8055370",78,2019,130.0,1.0,1.0,1.0,2266026,1.0,1,1,1,0.0,,-1.0,0,1980.0,E01,138Â 203Â 007,1.0,0.0,-1.0,1729675,1.0,7,,0.0,2.0,4.0,D01,138Â 203Â 008,1.0
1013304,201900054835,2,18,11:30,1,1,1,1.0,5.0,78402,A13,M,"48,9653930","1,8055370",78,2019,130.0,1.0,1.0,1.0,2266026,1.0,1,1,1,0.0,,-1.0,0,1980.0,E01,138Â 203Â 007,1.0,0.0,-1.0,1729676,1.0,7,,0.0,2.0,4.0,C01,138Â 203Â 009,1.0
1013304,201900054835,2,18,11:30,1,1,1,1.0,5.0,78402,A13,M,"48,9653930","1,8055370",78,2019,130.0,1.0,1.0,1.0,2266026,1.0,1,1,1,0.0,,-1.0,0,1980.0,E01,138Â 203Â 007,1.0,0.0,-1.0,1729677,1.0,15,,0.0,2.0,8.0,B01,138Â 203Â 010,1.0
1013304,201900054835,2,18,11:30,1,1,1,1.0,5.0,78402,A13,M,"48,9653930","1,8055370",78,2019,130.0,1.0,1.0,1.0,2266026,1.0,1,1,1,0.0,,-1.0,0,1980.0,E01,138Â 203Â 007,1.0,0.0,-1.0,1729678,1.0,7,,0.0,2.0,1.0,A01,138Â 203Â 011,1.0
1013304,201900054835,2,18,11:30,1,1,1,1.0,5.0,78402,A13,M,"48,9653930","1,8055370",78,2019,130.0,1.0,1.0,1.0,2266027,1.0,1,1,2,0.0,,-1.0,0,1969.0,D01,138Â 203Â 008,1.0,0.0,-1.0,1729671,1.0,7,,0.0,2.0,1.0,H01,138Â 203Â 004,1.0
1013304,201900054835,2,18,11:30,1,1,1,1.0,5.0,78402,A13,M,"48,9653930","1,8055370",78,2019,130.0,1.0,1.0,1.0,2266027,1.0,1,1,2,0.0,,-1.0,0,1969.0,D01,138Â 203Â 008,1.0,0.0,-1.0,1729672,1.0,7,,0.0,2.0,4.0,G01,138Â 203Â 005,1.0
1013304,201900054835,2,18,11:30,1,1,1,1.0,5.0,78402,A13,M,"48,9653930","1,8055370",78,2019,130.0,1.0,1.0,1.0,2266027,1.0,1,1,2,0.0,,-1.0,0,1969.0,D01,138Â 203Â 008,1.0,0.0,-1.0,1729673,1.0,7,,0.0,2.0,1.0,F01,138Â 203Â 006,1.0
1013304,201900054835,2,18,11:30,1,1,1,1.0,5.0,78402,A13,M,"48,9653930","1,8055370",78,2019,130.0,1.0,1.0,1.0,2266027,1.0,1,1,2,0.0,,-1.0,0,1969.0,D01,138Â 203Â 008,1.0,0.0,-1.0,1729674,1.0,7,,0.0,2.0,4.0,E01,138Â 203Â 007,1.0
1013304,201900054835,2,18,11:30,1,1,1,1.0,5.0,78402,A13,M,"48,9653930","1,8055370",78,2019,130.0,1.0,1.0,1.0,2266027,1.0,1,1,2,0.0,,-1.0,0,1969.0,D01,138Â 203Â 008,1.0,0.0,-1.0,1729675,1.0,7,,0.0,2.0,4.0,D01,138Â 203Â 008,1.0
1013304,201900054835,2,18,11:30,1,1,1,1.0,5.0,78402,A13,M,"48,9653930","1,8055370",78,2019,130.0,1.0,1.0,1.0,2266027,1.0,1,1,2,0.0,,-1.0,0,1969.0,D01,138Â 203Â 008,1.0,0.0,-1.0,1729676,1.0,7,,0.0,2.0,4.0,C01,138Â 203Â 009,1.0
1013304,201900054835,2,18,11:30,1,1,1,1.0,5.0,78402,A13,M,"48,9653930","1,8055370",78,2019,130.0,1.0,1.0,1.0,2266027,1.0,1,1,2,0.0,,-1.0,0,1969.0,D01,138Â 203Â 008,1.0,0.0,-1.0,1729677,1.0,15,,0.0,2.0,8.0,B01,138Â 203Â 010,1.0
1013304,201900054835,2,18,11:30,1,1,1,1.0,5.0,78402,A13,M,"48,9653930","1,8055370",78,2019,130.0,1.0,1.0,1.0,2266027,1.0,1,1,2,0.0,,-1.0,0,1969.0,D01,138Â 203Â 008,1.0,0.0,-1.0,1729678,1.0,7,,0.0,2.0,1.0,A01,138Â 203Â 011,1.0
1013304,201900054835,2,18,11:30,1,1,1,1.0,5.0,78402,A13,M,"48,9653930","1,8055370",78,2019,130.0,1.0,1.0,1.0,2266028,2.0,2,4,2,0.0,,-1.0,0,1982.0,C01,138Â 203Â 009,1.0,0.0,-1.0,1729671,1.0,7,,0.0,2.0,1.0,H01,138Â 203Â 004,1.0
1013304,201900054835,2,18,11:30,1,1,1,1.0,5.0,78402,A13,M,"48,9653930","1,8055370",78,2019,130.0,1.0,1.0,1.0,2266028,2.0,2,4,2,0.0,,-1.0,0,1982.0,C01,138Â 203Â 009,1.0,0.0,-1.0,1729672,1.0,7,,0.0,2.0,4.0,G01,138Â 203Â 005,1.0
1013304,201900054835,2,18,11:30,1,1,1,1.0,5.0,78402,A13,M,"48,9653930","1,8055370",78,2019,130.0,1.0,1.0,1.0,2266028,2.0,2,4,2,0.0,,-1.0,0,1982.0,C01,138Â 203Â 009,1.0,0.0,-1.0,1729673,1.0,7,,0.0,2.0,1.0,F01,138Â 203Â 006,1.0
1013304,201900054835,2,18,11:30,1,1,1,1.0,5.0,78402,A13,M,"48,9653930","1,8055370",78,2019,130.0,1.0,1.0,1.0,2266028,2.0,2,4,2,0.0,,-1.0,0,1982.0,C01,138Â 203Â 009,1.0,0.0,-1.0,1729674,1.0,7,,0.0,2.0,4.0,E01,138Â 203Â 007,1.0
1013304,201900054835,2,18,11:30,1,1,1,1.0,5.0,78402,A13,M,"48,9653930","1,8055370",78,2019,130.0,1.0,1.0,1.0,2266028,2.0,2,4,2,0.0,,-1.0,0,1982.0,C01,138Â 203Â 009,1.0,0.0,-1.0,1729675,1.0,7,,0.0,2.0,4.0,D01,138Â 203Â 008,1.0