Unnamed: 0_x,num_acc,mois,jour,hrmn,lum,agg,int,atm,col,com,adr,gps,lat,long,dep,annee,vma,situ,surf,catr,Unnamed: 0_y,place,catu,grav,sexe,trajet,secu,locp,actp,an_nais,num_veh_x,id_vehicule_x,secu1,secu2,secu3,Unnamed: 0,senc,catv,occutc,obs,obsm,choc,num_veh_y,id_vehicule_y,motor
1013304,201900054835,2,18,11:30,1,1,1,1.0,5.0,78402,A13,M,"48,9653930","1,8055370",78,2019,130.0,1.0,1.0,1.0,2266028,2.0,2,4,2,0.0,,-1.0,0,1982.0,C01,138Â 203Â 009,1.0,0.0,-1.0,1729676,1.0,7,,0.0,2.0,4.0,C01,138Â 203Â 009,1.0
1013304,201900054835,2,18,11:30,1,1,1,1.0,5.0,78402,A13,M,"48,9653930","1,8055370",78,2019,130.0,1.0,1.0,1.0,2266028,2.0,2,4,2,0.0,,-1.0,0,1982.0,C01,138Â 203Â 009,1.0,0.0,-1.0,1729677,1.0,15,,0.0,2.0,8.0,B01,138Â 203Â 010,1.0
1013304,201900054835,2,18,11:30,1,1,1,1.0,5.0,78402,A13,M,"48,9653930","1,8055370",78,2019,130.0,1.0,1.0,1.0,2266028,2.0,2,4,2,0.0,,-1.0,0,1982.0,C01,138Â 203Â 009,1.0,0.0,-1.0,1729678,1.0,7,,0.0,2.0,1.0,A01,138Â 203Â 011,1.0
1013304,201900054835,2,18,11:30,1,1,1,1.0,5.0,78402,A13,M,"48,9653930","1,8055370",78,2019,130.0,1.0,1.0,1.0,2266029,3.0,2,4,1,0.0,,-1.0,0,2018.0,C01,138Â 203Â 009,1.0,0.0,-1.0,1729671,1.0,7,,0.0,2.0,1.0,H01,138Â 203Â 004,1.0
1013304,201900054835,2,18,11:30,1,1,1,1.0,5.0,78402,A13,M,"48,9653930","1,8055370",78,2019,130.0,1.0,1.0,1.0,2266029,3.0,2,4,1,0.0,,-1.0,0,2018.0,C01,138Â 203Â 009,1.0,0.0,-1.0,1729672,1.0,7,,0.0,2.0,4.0,G01,138Â 203Â 005,1.0
1013304,201900054835,2,18,11:30,1,1,1,1.0,5.0,78402,A13,M,"48,9653930","1,8055370",78,2019,130.0,1.0,1.0,1.0,2266029,3.0,2,4,1,0.0,,-1.0,0,2018.0,C01,138Â 203Â 009,1.0,0.0,-1.0,1729673,1.0,7,,0.0,2.0,1.0,F01,138Â 203Â 006,1.0
1013304,201900054835,2,18,11:30,1,1,1,1.0,5.0,78402,A13,M,"48,9653930","1,8055370",78,2019,130.0,1.0,1.0,1.0,2266029,3.0,2,4,1,0.0,,-1.0,0,2018.0,C01,138Â 203Â 009,1.0,0.0,-1.0,1729674,1.0,7,,0.0,2.0,4.0,E01,138Â 203Â 007,1.0
1013304,201900054835,2,18,11:30,1,1,1,1.0,5.0,78402,A13,M,"48,9653930","1,8055370",78,2019,130.0,1.0,1.0,1.0,2266029,3.0,2,4,1,0.0,,-1.0,0,2018.0,C01,138Â 203Â 009,1.0,0.0,-1.0,1729675,1.0,7,,0.0,2.0,4.0,D01,138Â 203Â 008,1.0
1013304,201900054835,2,18,11:30,1,1,1,1.0,5.0,78402,A13,M,"48,9653930","1,8055370",78,2019,130.0,1.0,1.0,1.0,2266029,3.0,2,4,1,0.0,,-1.0,0,2018.0,C01,138Â 203Â 009,1.0,0.0,-1.0,1729676,1.0,7,,0.0,2.0,4.0,C01,138Â 203Â 009,1.0
1013304,201900054835,2,18,11:30,1,1,1,1.0,5.0,78402,A13,M,"48,9653930","1,8055370",78,2019,130.0,1.0,1.0,1.0,2266029,3.0,2,4,1,0.0,,-1.0,0,2018.0,C01,138Â 203Â 009,1.0,0.0,-1.0,1729677,1.0,15,,0.0,2.0,8.0,B01,138Â 203Â 010,1.0
1013304,201900054835,2,18,11:30,1,1,1,1.0,5.0,78402,A13,M,"48,9653930","1,8055370",78,2019,130.0,1.0,1.0,1.0,2266029,3.0,2,4,1,0.0,,-1.0,0,2018.0,C01,138Â 203Â 009,1.0,0.0,-1.0,1729678,1.0,7,,0.0,2.0,1.0,A01,138Â 203Â 011,1.0
1013304,201900054835,2,18,11:30,1,1,1,1.0,5.0,78402,A13,M,"48,9653930","1,8055370",78,2019,130.0,1.0,1.0,1.0,2266030,5.0,2,1,2,0.0,,-1.0,0,2012.0,C01,138Â 203Â 009,1.0,0.0,-1.0,1729671,1.0,7,,0.0,2.0,1.0,H01,138Â 203Â 004,1.0
1013304,201900054835,2,18,11:30,1,1,1,1.0,5.0,78402,A13,M,"48,9653930","1,8055370",78,2019,130.0,1.0,1.0,1.0,2266030,5.0,2,1,2,0.0,,-1.0,0,2012.0,C01,138Â 203Â 009,1.0,0.0,-1.0,1729672,1.0,7,,0.0,2.0,4.0,G01,138Â 203Â 005,1.0
1013304,201900054835,2,18,11:30,1,1,1,1.0,5.0,78402,A13,M,"48,9653930","1,8055370",78,2019,130.0,1.0,1.0,1.0,2266030,5.0,2,1,2,0.0,,-1.0,0,2012.0,C01,138Â 203Â 009,1.0,0.0,-1.0,1729673,1.0,7,,0.0,2.0,1.0,F01,138Â 203Â 006,1.0
1013304,201900054835,2,18,11:30,1,1,1,1.0,5.0,78402,A13,M,"48,9653930","1,8055370",78,2019,130.0,1.0,1.0,1.0,2266030,5.0,2,1,2,0.0,,-1.0,0,2012.0,C01,138Â 203Â 009,1.0,0.0,-1.0,1729674,1.0,7,,0.0,2.0,4.0,E01,138Â 203Â 007,1.0
1013304,201900054835,2,18,11:30,1,1,1,1.0,5.0,78402,A13,M,"48,9653930","1,8055370",78,2019,130.0,1.0,1.0,1.0,2266030,5.0,2,1,2,0.0,,-1.0,0,2012.0,C01,138Â 203Â 009,1.0,0.0,-1.0,1729675,1.0,7,,0.0,2.0,4.0,D01,138Â 203Â 008,1.0
1013304,201900054835,2,18,11:30,1,1,1,1.0,5.0,78402,A13,M,"48,9653930","1,8055370",78,2019,130.0,1.0,1.0,1.0,2266030,5.0,2,1,2,0.0,,-1.0,0,2012.0,C01,138Â 203Â 009,1.0,0.0,-1.0,1729676,1.0,7,,0.0,2.0,4.0,C01,138Â 203Â 009,1.0
1013304,201900054835,2,18,11:30,1,1,1,1.0,5.0,78402,A13,M,"48,9653930","1,8055370",78,2019,130.0,1.0,1.0,1.0,2266030,5.0,2,1,2,0.0,,-1.0,0,2012.0,C01,138Â 203Â 009,1.0,0.0,-1.0,1729677,1.0,15,,0.0,2.0,8.0,B01,138Â 203Â 010,1.0
1013304,201900054835,2,18,11:30,1,1,1,1.0,5.0,78402,A13,M,"48,9653930","1,8055370",78,2019,130.0,1.0,1.0,1.0,2266030,5.0,2,1,2,0.0,,-1.0,0,2012.0,C01,138Â 203Â 009,1.0,0.0,-1.0,1729678,1.0,7,,0.0,2.0,1.0,A01,138Â 203Â 011,1.0
1013304,201900054835,2,18,11:30,1,1,1,1.0,5.0,78402,A13,M,"48,9653930","1,8055370",78,2019,130.0,1.0,1.0,1.0,2266031,4.0,2,1,2,0.0,,-1.0,0,2015.0,C01,138Â 203Â 009,1.0,0.0,-1.0,1729671,1.0,7,,0.0,2.0,1.0,H01,138Â 203Â 004,1.0
1013304,201900054835,2,18,11:30,1,1,1,1.0,5.0,78402,A13,M,"48,9653930","1,8055370",78,2019,130.0,1.0,1.0,1.0,2266031,4.0,2,1,2,0.0,,-1.0,0,2015.0,C01,138Â 203Â 009,1.0,0.0,-1.0,1729672,1.0,7,,0.0,2.0,4.0,G01,138Â 203Â 005,1.0
1013304,201900054835,2,18,11:30,1,1,1,1.0,5.0,78402,A13,M,"48,9653930","1,8055370",78,2019,130.0,1.0,1.0,1.0,2266031,4.0,2,1,2,0.0,,-1.0,0,2015.0,C01,138Â 203Â 009,1.0,0.0,-1.0,1729673,1.0,7,,0.0,2.0,1.0,F01,138Â 203Â 006,1.0
1013304,201900054835,2,18,11:30,1,1,1,1.0,5.0,78402,A13,M,"48,9653930","1,8055370",78,2019,130.0,1.0,1.0,1.0,2266031,4.0,2,1,2,0.0,,-1.0,0,2015.0,C01,138Â 203Â 009,1.0,0.0,-1.0,1729674,1.0,7,,0.0,2.0,4.0,E01,138Â 203Â 007,1.0
1013304,201900054835,2,18,11:30,1,1,1,1.0,5.0,78402,A13,M,"48,9653930","1,8055370",78,2019,130.0,1.0,1.0,1.0,2266031,4.0,2,1,2,0.0,,-1.0,0,2015.0,C01,138Â 203Â 009,1.0,0.0,-1.0,1729675,1.0,7,,0.0,2.0,4.0,D01,138Â 203Â 008,1.0
1013304,201900054835,2,18,11:30,1,1,1,1.0,5.0,78402,A13,M,"48,9653930","1,8055370",78,2019,130.0,1.0,1.0,1.0,2266031,4.0,2,1,2,0.0,,-1.0,0,2015.0,C01,138Â 203Â 009,1.0,0.0,-1.0,1729676,1.0,7,,0.0,2.0,4.0,C01,138Â 203Â 009,1.0
1013304,201900054835,2,18,11:30,1,1,1,1.0,5.0,78402,A13,M,"48,9653930","1,8055370",78,2019,130.0,1.0,1.0,1.0,2266031,4.0,2,1,2,0.0,,-1.0,0,2015.0,C01,138Â 203Â 009,1.0,0.0,-1.0,1729677,1.0,15,,0.0,2.0,8.0,B01,138Â 203Â 010,1.0
1013304,201900054835,2,18,11:30,1,1,1,1.0,5.0,78402,A13,M,"48,9653930","1,8055370",78,2019,130.0,1.0,1.0,1.0,2266031,4.0,2,1,2,0.0,,-1.0,0,2015.0,C01,138Â 203Â 009,1.0,0.0,-1.0,1729678,1.0,7,,0.0,2.0,1.0,A01,138Â 203Â 011,1.0
1013304,201900054835,2,18,11:30,1,1,1,1.0,5.0,78402,A13,M,"48,9653930","1,8055370",78,2019,130.0,1.0,1.0,1.0,2266032,1.0,1,1,1,0.0,,-1.0,0,1983.0,C01,138Â 203Â 009,1.0,0.0,-1.0,1729671,1.0,7,,0.0,2.0,1.0,H01,138Â 203Â 004,1.0
1013304,201900054835,2,18,11:30,1,1,1,1.0,5.0,78402,A13,M,"48,9653930","1,8055370",78,2019,130.0,1.0,1.0,1.0,2266032,1.0,1,1,1,0.0,,-1.0,0,1983.0,C01,138Â 203Â 009,1.0,0.0,-1.0,1729672,1.0,7,,0.0,2.0,4.0,G01,138Â 203Â 005,1.0
1013304,201900054835,2,18,11:30,1,1,1,1.0,5.0,78402,A13,M,"48,9653930","1,8055370",78,2019,130.0,1.0,1.0,1.0,2266032,1.0,1,1,1,0.0,,-1.0,0,1983.0,C01,138Â 203Â 009,1.0,0.0,-1.0,1729673,1.0,7,,0.0,2.0,1.0,F01,138Â 203Â 006,1.0
1013304,201900054835,2,18,11:30,1,1,1,1.0,5.0,78402,A13,M,"48,9653930","1,8055370",78,2019,130.0,1.0,1.0,1.0,2266032,1.0,1,1,1,0.0,,-1.0,0,1983.0,C01,138Â 203Â 009,1.0,0.0,-1.0,1729674,1.0,7,,0.0,2.0,4.0,E01,138Â 203Â 007,1.0
1013304,201900054835,2,18,11:30,1,1,1,1.0,5.0,78402,A13,M,"48,9653930","1,8055370",78,2019,130.0,1.0,1.0,1.0,2266032,1.0,1,1,1,0.0,,-1.0,0,1983.0,C01,138Â 203Â 009,1.0,0.0,-1.0,1729675,1.0,7,,0.0,2.0,4.0,D01,138Â 203Â 008,1.0
1013304,201900054835,2,18,11:30,1,1,1,1.0,5.0,78402,A13,M,"48,9653930","1,8055370",78,2019,130.0,1.0,1.0,1.0,2266032,1.0,1,1,1,0.0,,-1.0,0,1983.0,C01,138Â 203Â 009,1.0,0.0,-1.0,1729676,1.0,7,,0.0,2.0,4.0,C01,138Â 203Â 009,1.0
1013304,201900054835,2,18,11:30,1,1,1,1.0,5.0,78402,A13,M,"48,9653930","1,8055370",78,2019,130.0,1.0,1.0,1.0,2266032,1.0,1,1,1,0.0,,-1.0,0,1983.0,C01,138Â 203Â 009,1.0,0.0,-1.0,1729677,1.0,15,,0.0,2.0,8.0,B01,138Â 203Â 010,1.0
1013304,201900054835,2,18,11:30,1,1,1,1.0,5.0,78402,A13,M,"48,9653930","1,8055370",78,2019,130.0,1.0,1.0,1.0,2266032,1.0,1,1,1,0.0,,-1.0,0,1983.0,C01,138Â 203Â 009,1.0,0.0,-1.0,1729678,1.0,7,,0.0,2.0,1.0,A01,138Â 203Â 011,1.0
1013304,201900054835,2,18,11:30,1,1,1,1.0,5.0,78402,A13,M,"48,9653930","1,8055370",78,2019,130.0,1.0,1.0,1.0,2266033,1.0,1,1,1,0.0,,-1.0,0,1968.0,B01,138Â 203Â 010,1.0,0.0,-1.0,1729671,1.0,7,,0.0,2.0,1.0,H01,138Â 203Â 004,1.0
1013304,201900054835,2,18,11:30,1,1,1,1.0,5.0,78402,A13,M,"48,9653930","1,8055370",78,2019,130.0,1.0,1.0,1.0,2266033,1.0,1,1,1,0.0,,-1.0,0,1968.0,B01,138Â 203Â 010,1.0,0.0,-1.0,1729672,1.0,7,,0.0,2.0,4.0,G01,138Â 203Â 005,1.0
1013304,201900054835,2,18,11:30,1,1,1,1.0,5.0,78402,A13,M,"48,9653930","1,8055370",78,2019,130.0,1.0,1.0,1.0,2266033,1.0,1,1,1,0.0,,-1.0,0,1968.0,B01,138Â 203Â 010,1.0,0.0,-1.0,1729673,1.0,7,,0.0,2.0,1.0,F01,138Â 203Â 006,1.0
1013304,201900054835,2,18,11:30,1,1,1,1.0,5.0,78402,A13,M,"48,9653930","1,8055370",78,2019,130.0,1.0,1.0,1.0,2266033,1.0,1,1,1,0.0,,-1.0,0,1968.0,B01,138Â 203Â 010,1.0,0.0,-1.0,1729674,1.0,7,,0.0,2.0,4.0,E01,138Â 203Â 007,1.0
1013304,201900054835,2,18,11:30,1,1,1,1.0,5.0,78402,A13,M,"48,9653930","1,8055370",78,2019,130.0,1.0,1.0,1.0,2266033,1.0,1,1,1,0.0,,-1.0,0,1968.0,B01,138Â 203Â 010,1.0,0.0,-1.0,1729675,1.0,7,,0.0,2.0,4.0,D01,138Â 203Â 008,1.0
1013304,201900054835,2,18,11:30,1,1,1,1.0,5.0,78402,A13,M,"48,9653930","1,8055370",78,2019,130.0,1.0,1.0,1.0,2266033,1.0,1,1,1,0.0,,-1.0,0,1968.0,B01,138Â 203Â 010,1.0,0.0,-1.0,1729676,1.0,7,,0.0,2.0,4.0,C01,138Â 203Â 009,1.0
1013304,201900054835,2,18,11:30,1,1,1,1.0,5.0,78402,A13,M,"48,9653930","1,8055370",78,2019,130.0,1.0,1.0,1.0,2266033,1.0,1,1,1,0.0,,-1.0,0,1968.0,B01,138Â 203Â 010,1.0,0.0,-1.0,1729677,1.0,15,,0.0,2.0,8.0,B01,138Â 203Â 010,1.0
1013304,201900054835,2,18,11:30,1,1,1,1.0,5.0,78402,A13,M,"48,9653930","1,8055370",78,2019,130.0,1.0,1.0,1.0,2266033,1.0,1,1,1,0.0,,-1.0,0,1968.0,B01,138Â 203Â 010,1.0,0.0,-1.0,1729678,1.0,7,,0.0,2.0,1.0,A01,138Â 203Â 011,1.0
1013304,201900054835,2,18,11:30,1,1,1,1.0,5.0,78402,A13,M,"48,9653930","1,8055370",78,2019,130.0,1.0,1.0,1.0,2266034,1.0,1,4,2,0.0,,-1.0,0,1969.0,A01,138Â 203Â 011,1.0,0.0,-1.0,1729671,1.0,7,,0.0,2.0,1.0,H01,138Â 203Â 004,1.0
1013304,201900054835,2,18,11:30,1,1,1,1.0,5.0,78402,A13,M,"48,9653930","1,8055370",78,2019,130.0,1.0,1.0,1.0,2266034,1.0,1,4,2,0.0,,-1.0,0,1969.0,A01,138Â 203Â 011,1.0,0.0,-1.0,1729672,1.0,7,,0.0,2.0,4.0,G01,138Â 203Â 005,1.0
1013304,201900054835,2,18,11:30,1,1,1,1.0,5.0,78402,A13,M,"48,9653930","1,8055370",78,2019,130.0,1.0,1.0,1.0,2266034,1.0,1,4,2,0.0,,-1.0,0,1969.0,A01,138Â 203Â 011,1.0,0.0,-1.0,1729673,1.0,7,,0.0,2.0,1.0,F01,138Â 203Â 006,1.0
1013304,201900054835,2,18,11:30,1,1,1,1.0,5.0,78402,A13,M,"48,9653930","1,8055370",78,2019,130.0,1.0,1.0,1.0,2266034,1.0,1,4,2,0.0,,-1.0,0,1969.0,A01,138Â 203Â 011,1.0,0.0,-1.0,1729674,1.0,7,,0.0,2.0,4.0,E01,138Â 203Â 007,1.0
1013304,201900054835,2,18,11:30,1,1,1,1.0,5.0,78402,A13,M,"48,9653930","1,8055370",78,2019,130.0,1.0,1.0,1.0,2266034,1.0,1,4,2,0.0,,-1.0,0,1969.0,A01,138Â 203Â 011,1.0,0.0,-1.0,1729675,1.0,7,,0.0,2.0,4.0,D01,138Â 203Â 008,1.0
1013304,201900054835,2,18,11:30,1,1,1,1.0,5.0,78402,A13,M,"48,9653930","1,8055370",78,2019,130.0,1.0,1.0,1.0,2266034,1.0,1,4,2,0.0,,-1.0,0,1969.0,A01,138Â 203Â 011,1.0,0.0,-1.0,1729676,1.0,7,,0.0,2.0,4.0,C01,138Â 203Â 009,1.0
1013304,201900054835,2,18,11:30,1,1,1,1.0,5.0,78402,A13,M,"48,9653930","1,8055370",78,2019,130.0,1.0,1.0,1.0,2266034,1.0,1,4,2,0.0,,-1.0,0,1969.0,A01,138Â 203Â 011,1.0,0.0,-1.0,1729677,1.0,15,,0.0,2.0,8.0,B01,138Â 203Â 010,1.0
1013304,201900054835,2,18,11:30,1,1,1,1.0,5.0,78402,A13,M,"48,9653930","1,8055370",78,2019,130.0,1.0,1.0,1.0,2266034,1.0,1,4,2,0.0,,-1.0,0,1969.0,A01,138Â 203Â 011,1.0,0.0,-1.0,1729678,1.0,7,,0.0,2.0,1.0,A01,138Â 203Â 011,1.0
1013305,201900054836,2,17,07:00,3,1,1,1.0,5.0,78402,A13,M,"48,9640670","1,7757290",78,2019,110.0,1.0,1.0,1.0,2266035,1.0,1,1,1,1.0,,-1.0, -1,1986.0,D01,138Â 203Â 001,8.0,8.0,-1.0,1729679,1.0,7,,0.0,2.0,2.0,D01,138Â 203Â 001,1.0
1013305,201900054836,2,17,07:00,3,1,1,1.0,5.0,78402,A13,M,"48,9640670","1,7757290",78,2019,110.0,1.0,1.0,1.0,2266035,1.0,1,1,1,1.0,,-1.0, -1,1986.0,D01,138Â 203Â 001,8.0,8.0,-1.0,1729680,1.0,7,,0.0,1.0,1.0,C01,138Â 203Â 002,1.0
1013305,201900054836,2,17,07:00,3,1,1,1.0,5.0,78402,A13,M,"48,9640670","1,7757290",78,2019,110.0,1.0,1.0,1.0,2266035,1.0,1,1,1,1.0,,-1.0, -1,1986.0,D01,138Â 203Â 001,8.0,8.0,-1.0,1729681,1.0,7,,0.0,2.0,1.0,A01,138Â 203Â 003,1.0
1013305,201900054836,2,17,07:00,3,1,1,1.0,5.0,78402,A13,M,"48,9640670","1,7757290",78,2019,110.0,1.0,1.0,1.0,2266036,10.0,3,2,1,9.0,,9.0,1,1980.0,C01,138Â 203Â 002,8.0,8.0,-1.0,1729679,1.0,7,,0.0,2.0,2.0,D01,138Â 203Â 001,1.0
1013305,201900054836,2,17,07:00,3,1,1,1.0,5.0,78402,A13,M,"48,9640670","1,7757290",78,2019,110.0,1.0,1.0,1.0,2266036,10.0,3,2,1,9.0,,9.0,1,1980.0,C01,138Â 203Â 002,8.0,8.0,-1.0,1729680,1.0,7,,0.0,1.0,1.0,C01,138Â 203Â 002,1.0
1013305,201900054836,2,17,07:00,3,1,1,1.0,5.0,78402,A13,M,"48,9640670","1,7757290",78,2019,110.0,1.0,1.0,1.0,2266036,10.0,3,2,1,9.0,,9.0,1,1980.0,C01,138Â 203Â 002,8.0,8.0,-1.0,1729681,1.0,7,,0.0,2.0,1.0,A01,138Â 203Â 003,1.0
1013305,201900054836,2,17,07:00,3,1,1,1.0,5.0,78402,A13,M,"48,9640670","1,7757290",78,2019,110.0,1.0,1.0,1.0,2266037,4.0,2,1,1,9.0,,-1.0, -1,1985.0,C01,138Â 203Â 002,8.0,8.0,-1.0,1729679,1.0,7,,0.0,2.0,2.0,D01,138Â 203Â 001,1.0
1013305,201900054836,2,17,07:00,3,1,1,1.0,5.0,78402,A13,M,"48,9640670","1,7757290",78,2019,110.0,1.0,1.0,1.0,2266037,4.0,2,1,1,9.0,,-1.0, -1,1985.0,C01,138Â 203Â 002,8.0,8.0,-1.0,1729680,1.0,7,,0.0,1.0,1.0,C01,138Â 203Â 002,1.0
1013305,201900054836,2,17,07:00,3,1,1,1.0,5.0,78402,A13,M,"48,9640670","1,7757290",78,2019,110.0,1.0,1.0,1.0,2266037,4.0,2,1,1,9.0,,-1.0, -1,1985.0,C01,138Â 203Â 002,8.0,8.0,-1.0,1729681,1.0,7,,0.0,2.0,1.0,A01,138Â 203Â 003,1.0
1013305,201900054836,2,17,07:00,3,1,1,1.0,5.0,78402,A13,M,"48,9640670","1,7757290",78,2019,110.0,1.0,1.0,1.0,2266038,2.0,2,1,1,9.0,,-1.0, -1,1986.0,C01,138Â 203Â 002,8.0,8.0,-1.0,1729679,1.0,7,,0.0,2.0,2.0,D01,138Â 203Â 001,1.0
1013305,201900054836,2,17,07:00,3,1,1,1.0,5.0,78402,A13,M,"48,9640670","1,7757290",78,2019,110.0,1.0,1.0,1.0,2266038,2.0,2,1,1,9.0,,-1.0, -1,1986.0,C01,138Â 203Â 002,8.0,8.0,-1.0,1729680,1.0,7,,0.0,1.0,1.0,C01,138Â 203Â 002,1.0
1013305,201900054836,2,17,07:00,3,1,1,1.0,5.0,78402,A13,M,"48,9640670","1,7757290",78,2019,110.0,1.0,1.0,1.0,2266038,2.0,2,1,1,9.0,,-1.0, -1,1986.0,C01,138Â 203Â 002,8.0,8.0,-1.0,1729681,1.0,7,,0.0,2.0,1.0,A01,138Â 203Â 003,1.0
1013305,201900054836,2,17,07:00,3,1,1,1.0,5.0,78402,A13,M,"48,9640670","1,7757290",78,2019,110.0,1.0,1.0,1.0,2266039,1.0,1,1,1,9.0,,-1.0, -1,1996.0,A01,138Â 203Â 003,1.0,8.0,-1.0,1729679,1.0,7,,0.0,2.0,2.0,D01,138Â 203Â 001,1.0
1013305,201900054836,2,17,07:00,3,1,1,1.0,5.0,78402,A13,M,"48,9640670","1,7757290",78,2019,110.0,1.0,1.0,1.0,2266039,1.0,1,1,1,9.0,,-1.0, -1,1996.0,A01,138Â 203Â 003,1.0,8.0,-1.0,1729680,1.0,7,,0.0,1.0,1.0,C01,138Â 203Â 002,1.0
1013305,201900054836,2,17,07:00,3,1,1,1.0,5.0,78402,A13,M,"48,9640670","1,7757290",78,2019,110.0,1.0,1.0,1.0,2266039,1.0,1,1,1,9.0,,-1.0, -1,1996.0,A01,138Â 203Â 003,1.0,8.0,-1.0,1729681,1.0,7,,0.0,2.0,1.0,A01,138Â 203Â 003,1.0
1013305,201900054836,2,17,07:00,3,1,1,1.0,5.0,78402,A13,M,"48,9640670","1,7757290",78,2019,110.0,1.0,1.0,1.0,2266040,2.0,2,1,1,9.0,,-1.0, -1,1994.0,A01,138Â 203Â 003,1.0,8.0,-1.0,1729679,1.0,7,,0.0,2.0,2.0,D01,138Â 203Â 001,1.0
1013305,201900054836,2,17,07:00,3,1,1,1.0,5.0,78402,A13,M,"48,9640670","1,7757290",78,2019,110.0,1.0,1.0,1.0,2266040,2.0,2,1,1,9.0,,-1.0, -1,1994.0,A01,138Â 203Â 003,1.0,8.0,-1.0,1729680,1.0,7,,0.0,1.0,1.0,C01,138Â 203Â 002,1.0
1013305,201900054836,2,17,07:00,3,1,1,1.0,5.0,78402,A13,M,"48,9640670","1,7757290",78,2019,110.0,1.0,1.0,1.0,2266040,2.0,2,1,1,9.0,,-1.0, -1,1994.0,A01,138Â 203Â 003,1.0,8.0,-1.0,1729681,1.0,7,,0.0,2.0,1.0,A01,138Â 203Â 003,1.0
1013305,201900054836,2,17,07:00,3,1,1,1.0,5.0,78402,A13,M,"48,9640670","1,7757290",78,2019,110.0,1.0,1.0,1.0,2266041,2.0,2,1,2,9.0,,-1.0, -1,1997.0,A01,138Â 203Â 003,1.0,8.0,-1.0,1729679,1.0,7,,0.0,2.0,2.0,D01,138Â 203Â 001,1.0
1013305,201900054836,2,17,07:00,3,1,1,1.0,5.0,78402,A13,M,"48,9640670","1,7757290",78,2019,110.0,1.0,1.0,1.0,2266041,2.0,2,1,2,9.0,,-1.0, -1,1997.0,A01,138Â 203Â 003,1.0,8.0,-1.0,1729680,1.0,7,,0.0,1.0,1.0,C01,138Â 203Â 002,1.0
1013305,201900054836,2,17,07:00,3,1,1,1.0,5.0,78402,A13,M,"48,9640670","1,7757290",78,2019,110.0,1.0,1.0,1.0,2266041,2.0,2,1,2,9.0,,-1.0, -1,1997.0,A01,138Â 203Â 003,1.0,8.0,-1.0,1729681,1.0,7,,0.0,2.0,1.0,A01,138Â 203Â 003,1.0
1013306,201900054837,6,15,15:30,1,1,1,1.0,1.0,06088,TERRON (CH. DE),M,"43,6929800","7,2177600",6,2019,50.0,1.0,1.0,4.0,2266042,2.0,2,3,1,0.0,,0.0,0,1999.0,A01,138Â 202Â 998,2.0,0.0,-1.0,1729682,1.0,33,,0.0,2.0,8.0,A01,138Â 202Â 998,1.0
1013306,201900054837,6,15,15:30,1,1,1,1.0,1.0,06088,TERRON (CH. DE),M,"43,6929800","7,2177600",6,2019,50.0,1.0,1.0,4.0,2266042,2.0,2,3,1,0.0,,0.0,0,1999.0,A01,138Â 202Â 998,2.0,0.0,-1.0,1729683,2.0,7,,0.0,6.0,8.0,B01,138Â 203Â 000,1.0
1013306,201900054837,6,15,15:30,1,1,1,1.0,1.0,06088,TERRON (CH. DE),M,"43,6929800","7,2177600",6,2019,50.0,1.0,1.0,4.0,2266043,1.0,1,3,1,5.0,,0.0,0,1999.0,A01,138Â 202Â 998,2.0,6.0,-1.0,1729682,1.0,33,,0.0,2.0,8.0,A01,138Â 202Â 998,1.0
1013306,201900054837,6,15,15:30,1,1,1,1.0,1.0,06088,TERRON (CH. DE),M,"43,6929800","7,2177600",6,2019,50.0,1.0,1.0,4.0,2266043,1.0,1,3,1,5.0,,0.0,0,1999.0,A01,138Â 202Â 998,2.0,6.0,-1.0,1729683,2.0,7,,0.0,6.0,8.0,B01,138Â 203Â 000,1.0
1013306,201900054837,6,15,15:30,1,1,1,1.0,1.0,06088,TERRON (CH. DE),M,"43,6929800","7,2177600",6,2019,50.0,1.0,1.0,4.0,2266044,1.0,1,4,2,3.0,,0.0,0,1978.0,B01,138Â 203Â 000,1.0,0.0,-1.0,1729682,1.0,33,,0.0,2.0,8.0,A01,138Â 202Â 998,1.0
1013306,201900054837,6,15,15:30,1,1,1,1.0,1.0,06088,TERRON (CH. DE),M,"43,6929800","7,2177600",6,2019,50.0,1.0,1.0,4.0,2266044,1.0,1,4,2,3.0,,0.0,0,1978.0,B01,138Â 203Â 000,1.0,0.0,-1.0,1729683,2.0,7,,0.0,6.0,8.0,B01,138Â 203Â 000,1.0
1013307,201900054838,6,6,03:30,5,2,1,1.0,2.0,06088,ANGLAIS (DU NÂ° 114 AU NÂ° 263),M,"43,6843070","7,2350930",6,2019,30.0,1.0,1.0,7.0,2266045,1.0,1,4,1,0.0,,0.0,0,1976.0,B01,138Â 202Â 994,1.0,0.0,-1.0,1729684,2.0,7,,0.0,2.0,4.0,B01,138Â 202Â 994,1.0
1013307,201900054838,6,6,03:30,5,2,1,1.0,2.0,06088,ANGLAIS (DU NÂ° 114 AU NÂ° 263),M,"43,6843070","7,2350930",6,2019,30.0,1.0,1.0,7.0,2266045,1.0,1,4,1,0.0,,0.0,0,1976.0,B01,138Â 202Â 994,1.0,0.0,-1.0,1729685,2.0,34,,0.0,0.0,0.0,A01,138Â 202Â 995,1.0
1013307,201900054838,6,6,03:30,5,2,1,1.0,2.0,06088,ANGLAIS (DU NÂ° 114 AU NÂ° 263),M,"43,6843070","7,2350930",6,2019,30.0,1.0,1.0,7.0,2266046,1.0,1,3,1,0.0,,0.0,0,1996.0,A01,138Â 202Â 995,2.0,8.0,-1.0,1729684,2.0,7,,0.0,2.0,4.0,B01,138Â 202Â 994,1.0