Unnamed: 0_x,num_acc,mois,jour,hrmn,lum,agg,int,atm,col,com,adr,gps,lat,long,dep,annee,vma,situ,surf,catr,Unnamed: 0_y,place,catu,grav,sexe,trajet,secu,locp,actp,an_nais,num_veh_x,id_vehicule_x,secu1,secu2,secu3,Unnamed: 0,senc,catv,occutc,obs,obsm,choc,num_veh_y,id_vehicule_y,motor
1013307,201900054838,6,6,03:30,5,2,1,1.0,2.0,06088,ANGLAIS (DU NÂ° 114 AU NÂ° 263),M,"43,6843070","7,2350930",6,2019,30.0,1.0,1.0,7.0,2266046,1.0,1,3,1,0.0,,0.0,0,1996.0,A01,138Â 202Â 995,2.0,8.0,-1.0,1729685,2.0,34,,0.0,0.0,0.0,A01,138Â 202Â 995,1.0
1013308,201900054839,6,10,19:20,2,1,1,1.0,2.0,06088,MERCANTOUR (BD),M,"43,7106800","7,1877400",6,2019,90.0,1.0,1.0,7.0,2266047,1.0,1,4,1,1.0,,0.0,0,1973.0,B01,138Â 202Â 992,1.0,8.0,-1.0,1729686,1.0,7,,0.0,2.0,4.0,B01,138Â 202Â 992,0.0
1013308,201900054839,6,10,19:20,2,1,1,1.0,2.0,06088,MERCANTOUR (BD),M,"43,7106800","7,1877400",6,2019,90.0,1.0,1.0,7.0,2266047,1.0,1,4,1,1.0,,0.0,0,1973.0,B01,138Â 202Â 992,1.0,8.0,-1.0,1729687,1.0,33,,0.0,2.0,4.0,A01,138Â 202Â 993,0.0
1013308,201900054839,6,10,19:20,2,1,1,1.0,2.0,06088,MERCANTOUR (BD),M,"43,7106800","7,1877400",6,2019,90.0,1.0,1.0,7.0,2266048,2.0,2,3,1,0.0,,0.0,0,1987.0,A01,138Â 202Â 993,2.0,8.0,-1.0,1729686,1.0,7,,0.0,2.0,4.0,B01,138Â 202Â 992,0.0
1013308,201900054839,6,10,19:20,2,1,1,1.0,2.0,06088,MERCANTOUR (BD),M,"43,7106800","7,1877400",6,2019,90.0,1.0,1.0,7.0,2266048,2.0,2,3,1,0.0,,0.0,0,1987.0,A01,138Â 202Â 993,2.0,8.0,-1.0,1729687,1.0,33,,0.0,2.0,4.0,A01,138Â 202Â 993,0.0
1013308,201900054839,6,10,19:20,2,1,1,1.0,2.0,06088,MERCANTOUR (BD),M,"43,7106800","7,1877400",6,2019,90.0,1.0,1.0,7.0,2266049,1.0,1,2,1,0.0,,0.0,0,1965.0,A01,138Â 202Â 993,2.0,8.0,-1.0,1729686,1.0,7,,0.0,2.0,4.0,B01,138Â 202Â 992,0.0
1013308,201900054839,6,10,19:20,2,1,1,1.0,2.0,06088,MERCANTOUR (BD),M,"43,7106800","7,1877400",6,2019,90.0,1.0,1.0,7.0,2266049,1.0,1,2,1,0.0,,0.0,0,1965.0,A01,138Â 202Â 993,2.0,8.0,-1.0,1729687,1.0,33,,0.0,2.0,4.0,A01,138Â 202Â 993,0.0
1013309,201900054840,6,10,13:20,1,1,1,8.0,7.0,06088,MERCANTOUR (BD),M,"43,7327224","7,1845152",6,2019,90.0,1.0,1.0,7.0,2266050,1.0,1,2,1,5.0,,0.0,0,1957.0,A01,138Â 202Â 991,2.0,6.0,-1.0,1729688,2.0,33,,8.0,0.0,1.0,A01,138Â 202Â 991,1.0
1013310,201900054841,2,15,17:10,1,1,1,1.0,4.0,78640,RN12 INT,M,"48,7818270","2,1648030",78,2019,90.0,1.0,1.0,2.0,2266051,1.0,1,1,1,0.0,,-1.0,0,1986.0,D01,138Â 202Â 988,1.0,8.0,-1.0,1729689,1.0,7,,0.0,2.0,4.0,D01,138Â 202Â 988,0.0
1013310,201900054841,2,15,17:10,1,1,1,1.0,4.0,78640,RN12 INT,M,"48,7818270","2,1648030",78,2019,90.0,1.0,1.0,2.0,2266051,1.0,1,1,1,0.0,,-1.0,0,1986.0,D01,138Â 202Â 988,1.0,8.0,-1.0,1729690,1.0,7,,0.0,2.0,4.0,C01,138Â 202Â 996,1.0
1013310,201900054841,2,15,17:10,1,1,1,1.0,4.0,78640,RN12 INT,M,"48,7818270","2,1648030",78,2019,90.0,1.0,1.0,2.0,2266051,1.0,1,1,1,0.0,,-1.0,0,1986.0,D01,138Â 202Â 988,1.0,8.0,-1.0,1729691,1.0,7,,0.0,2.0,1.0,B01,138Â 202Â 997,1.0
1013310,201900054841,2,15,17:10,1,1,1,1.0,4.0,78640,RN12 INT,M,"48,7818270","2,1648030",78,2019,90.0,1.0,1.0,2.0,2266051,1.0,1,1,1,0.0,,-1.0,0,1986.0,D01,138Â 202Â 988,1.0,8.0,-1.0,1729692,1.0,7,,0.0,2.0,1.0,A01,138Â 202Â 999,1.0
1013310,201900054841,2,15,17:10,1,1,1,1.0,4.0,78640,RN12 INT,M,"48,7818270","2,1648030",78,2019,90.0,1.0,1.0,2.0,2266052,1.0,1,4,1,0.0,,-1.0,0,1972.0,C01,138Â 202Â 996,1.0,8.0,-1.0,1729689,1.0,7,,0.0,2.0,4.0,D01,138Â 202Â 988,0.0
1013310,201900054841,2,15,17:10,1,1,1,1.0,4.0,78640,RN12 INT,M,"48,7818270","2,1648030",78,2019,90.0,1.0,1.0,2.0,2266052,1.0,1,4,1,0.0,,-1.0,0,1972.0,C01,138Â 202Â 996,1.0,8.0,-1.0,1729690,1.0,7,,0.0,2.0,4.0,C01,138Â 202Â 996,1.0
1013310,201900054841,2,15,17:10,1,1,1,1.0,4.0,78640,RN12 INT,M,"48,7818270","2,1648030",78,2019,90.0,1.0,1.0,2.0,2266052,1.0,1,4,1,0.0,,-1.0,0,1972.0,C01,138Â 202Â 996,1.0,8.0,-1.0,1729691,1.0,7,,0.0,2.0,1.0,B01,138Â 202Â 997,1.0
1013310,201900054841,2,15,17:10,1,1,1,1.0,4.0,78640,RN12 INT,M,"48,7818270","2,1648030",78,2019,90.0,1.0,1.0,2.0,2266052,1.0,1,4,1,0.0,,-1.0,0,1972.0,C01,138Â 202Â 996,1.0,8.0,-1.0,1729692,1.0,7,,0.0,2.0,1.0,A01,138Â 202Â 999,1.0
1013310,201900054841,2,15,17:10,1,1,1,1.0,4.0,78640,RN12 INT,M,"48,7818270","2,1648030",78,2019,90.0,1.0,1.0,2.0,2266053,1.0,1,1,1,0.0,,-1.0,0,1992.0,B01,138Â 202Â 997,1.0,8.0,-1.0,1729689,1.0,7,,0.0,2.0,4.0,D01,138Â 202Â 988,0.0
1013310,201900054841,2,15,17:10,1,1,1,1.0,4.0,78640,RN12 INT,M,"48,7818270","2,1648030",78,2019,90.0,1.0,1.0,2.0,2266053,1.0,1,1,1,0.0,,-1.0,0,1992.0,B01,138Â 202Â 997,1.0,8.0,-1.0,1729690,1.0,7,,0.0,2.0,4.0,C01,138Â 202Â 996,1.0
1013310,201900054841,2,15,17:10,1,1,1,1.0,4.0,78640,RN12 INT,M,"48,7818270","2,1648030",78,2019,90.0,1.0,1.0,2.0,2266053,1.0,1,1,1,0.0,,-1.0,0,1992.0,B01,138Â 202Â 997,1.0,8.0,-1.0,1729691,1.0,7,,0.0,2.0,1.0,B01,138Â 202Â 997,1.0
1013310,201900054841,2,15,17:10,1,1,1,1.0,4.0,78640,RN12 INT,M,"48,7818270","2,1648030",78,2019,90.0,1.0,1.0,2.0,2266053,1.0,1,1,1,0.0,,-1.0,0,1992.0,B01,138Â 202Â 997,1.0,8.0,-1.0,1729692,1.0,7,,0.0,2.0,1.0,A01,138Â 202Â 999,1.0
1013310,201900054841,2,15,17:10,1,1,1,1.0,4.0,78640,RN12 INT,M,"48,7818270","2,1648030",78,2019,90.0,1.0,1.0,2.0,2266054,1.0,1,1,1,0.0,,-1.0,0,1997.0,A01,138Â 202Â 999,1.0,8.0,-1.0,1729689,1.0,7,,0.0,2.0,4.0,D01,138Â 202Â 988,0.0
1013310,201900054841,2,15,17:10,1,1,1,1.0,4.0,78640,RN12 INT,M,"48,7818270","2,1648030",78,2019,90.0,1.0,1.0,2.0,2266054,1.0,1,1,1,0.0,,-1.0,0,1997.0,A01,138Â 202Â 999,1.0,8.0,-1.0,1729690,1.0,7,,0.0,2.0,4.0,C01,138Â 202Â 996,1.0
1013310,201900054841,2,15,17:10,1,1,1,1.0,4.0,78640,RN12 INT,M,"48,7818270","2,1648030",78,2019,90.0,1.0,1.0,2.0,2266054,1.0,1,1,1,0.0,,-1.0,0,1997.0,A01,138Â 202Â 999,1.0,8.0,-1.0,1729691,1.0,7,,0.0,2.0,1.0,B01,138Â 202Â 997,1.0
1013310,201900054841,2,15,17:10,1,1,1,1.0,4.0,78640,RN12 INT,M,"48,7818270","2,1648030",78,2019,90.0,1.0,1.0,2.0,2266054,1.0,1,1,1,0.0,,-1.0,0,1997.0,A01,138Â 202Â 999,1.0,8.0,-1.0,1729692,1.0,7,,0.0,2.0,1.0,A01,138Â 202Â 999,1.0
1013311,201900054842,6,9,18:15,1,2,1,1.0,2.0,06088,MERCANTOUR (BD),M,"43,6765500","7,2009600",6,2019,50.0,1.0,1.0,7.0,2266055,1.0,1,1,1,5.0,,0.0,0,1982.0,A01,138Â 202Â 987,1.0,0.0,-1.0,1729693,1.0,99,,0.0,2.0,1.0,A01,138Â 202Â 987,6.0
1013311,201900054842,6,9,18:15,1,2,1,1.0,2.0,06088,MERCANTOUR (BD),M,"43,6765500","7,2009600",6,2019,50.0,1.0,1.0,7.0,2266055,1.0,1,1,1,5.0,,0.0,0,1982.0,A01,138Â 202Â 987,1.0,0.0,-1.0,1729694,1.0,3,,8.0,0.0,4.0,B01,138Â 202Â 989,0.0
1013311,201900054842,6,9,18:15,1,2,1,1.0,2.0,06088,MERCANTOUR (BD),M,"43,6765500","7,2009600",6,2019,50.0,1.0,1.0,7.0,2266056,4.0,2,1,2,0.0,,0.0,0,2015.0,B01,138Â 202Â 989,1.0,0.0,-1.0,1729693,1.0,99,,0.0,2.0,1.0,A01,138Â 202Â 987,6.0
1013311,201900054842,6,9,18:15,1,2,1,1.0,2.0,06088,MERCANTOUR (BD),M,"43,6765500","7,2009600",6,2019,50.0,1.0,1.0,7.0,2266056,4.0,2,1,2,0.0,,0.0,0,2015.0,B01,138Â 202Â 989,1.0,0.0,-1.0,1729694,1.0,3,,8.0,0.0,4.0,B01,138Â 202Â 989,0.0
1013311,201900054842,6,9,18:15,1,2,1,1.0,2.0,06088,MERCANTOUR (BD),M,"43,6765500","7,2009600",6,2019,50.0,1.0,1.0,7.0,2266057,2.0,2,4,2,0.0,,0.0,0,1978.0,B01,138Â 202Â 989,1.0,0.0,-1.0,1729693,1.0,99,,0.0,2.0,1.0,A01,138Â 202Â 987,6.0
1013311,201900054842,6,9,18:15,1,2,1,1.0,2.0,06088,MERCANTOUR (BD),M,"43,6765500","7,2009600",6,2019,50.0,1.0,1.0,7.0,2266057,2.0,2,4,2,0.0,,0.0,0,1978.0,B01,138Â 202Â 989,1.0,0.0,-1.0,1729694,1.0,3,,8.0,0.0,4.0,B01,138Â 202Â 989,0.0
1013311,201900054842,6,9,18:15,1,2,1,1.0,2.0,06088,MERCANTOUR (BD),M,"43,6765500","7,2009600",6,2019,50.0,1.0,1.0,7.0,2266058,1.0,1,1,1,0.0,,0.0,0,1972.0,B01,138Â 202Â 989,1.0,0.0,-1.0,1729693,1.0,99,,0.0,2.0,1.0,A01,138Â 202Â 987,6.0
1013311,201900054842,6,9,18:15,1,2,1,1.0,2.0,06088,MERCANTOUR (BD),M,"43,6765500","7,2009600",6,2019,50.0,1.0,1.0,7.0,2266058,1.0,1,1,1,0.0,,0.0,0,1972.0,B01,138Â 202Â 989,1.0,0.0,-1.0,1729694,1.0,3,,8.0,0.0,4.0,B01,138Â 202Â 989,0.0
1013312,201900054843,2,17,11:40,1,1,1,1.0,4.0,93005,AUTOROUTE A3,M,"48,9455800","2,4766100",93,2019,110.0,1.0,1.0,1.0,2266059,1.0,1,1,1,0.0,,-1.0, -1,1996.0,A01,138Â 202Â 984,1.0,8.0,-1.0,1729695,2.0,7,,0.0,2.0,4.0,A01,138Â 202Â 984,1.0
1013312,201900054843,2,17,11:40,1,1,1,1.0,4.0,93005,AUTOROUTE A3,M,"48,9455800","2,4766100",93,2019,110.0,1.0,1.0,1.0,2266059,1.0,1,1,1,0.0,,-1.0, -1,1996.0,A01,138Â 202Â 984,1.0,8.0,-1.0,1729696,2.0,7,,0.0,2.0,1.0,B01,138Â 202Â 985,1.0
1013312,201900054843,2,17,11:40,1,1,1,1.0,4.0,93005,AUTOROUTE A3,M,"48,9455800","2,4766100",93,2019,110.0,1.0,1.0,1.0,2266059,1.0,1,1,1,0.0,,-1.0, -1,1996.0,A01,138Â 202Â 984,1.0,8.0,-1.0,1729697,2.0,7,,0.0,2.0,1.0,C01,138Â 202Â 986,1.0
1013312,201900054843,2,17,11:40,1,1,1,1.0,4.0,93005,AUTOROUTE A3,M,"48,9455800","2,4766100",93,2019,110.0,1.0,1.0,1.0,2266060,1.0,1,4,2,0.0,,-1.0, -1,1997.0,B01,138Â 202Â 985,1.0,8.0,-1.0,1729695,2.0,7,,0.0,2.0,4.0,A01,138Â 202Â 984,1.0
1013312,201900054843,2,17,11:40,1,1,1,1.0,4.0,93005,AUTOROUTE A3,M,"48,9455800","2,4766100",93,2019,110.0,1.0,1.0,1.0,2266060,1.0,1,4,2,0.0,,-1.0, -1,1997.0,B01,138Â 202Â 985,1.0,8.0,-1.0,1729696,2.0,7,,0.0,2.0,1.0,B01,138Â 202Â 985,1.0
1013312,201900054843,2,17,11:40,1,1,1,1.0,4.0,93005,AUTOROUTE A3,M,"48,9455800","2,4766100",93,2019,110.0,1.0,1.0,1.0,2266060,1.0,1,4,2,0.0,,-1.0, -1,1997.0,B01,138Â 202Â 985,1.0,8.0,-1.0,1729697,2.0,7,,0.0,2.0,1.0,C01,138Â 202Â 986,1.0
1013312,201900054843,2,17,11:40,1,1,1,1.0,4.0,93005,AUTOROUTE A3,M,"48,9455800","2,4766100",93,2019,110.0,1.0,1.0,1.0,2266061,1.0,1,1,1,0.0,,-1.0, -1,1980.0,C01,138Â 202Â 986,1.0,8.0,-1.0,1729695,2.0,7,,0.0,2.0,4.0,A01,138Â 202Â 984,1.0
1013312,201900054843,2,17,11:40,1,1,1,1.0,4.0,93005,AUTOROUTE A3,M,"48,9455800","2,4766100",93,2019,110.0,1.0,1.0,1.0,2266061,1.0,1,1,1,0.0,,-1.0, -1,1980.0,C01,138Â 202Â 986,1.0,8.0,-1.0,1729696,2.0,7,,0.0,2.0,1.0,B01,138Â 202Â 985,1.0
1013312,201900054843,2,17,11:40,1,1,1,1.0,4.0,93005,AUTOROUTE A3,M,"48,9455800","2,4766100",93,2019,110.0,1.0,1.0,1.0,2266061,1.0,1,1,1,0.0,,-1.0, -1,1980.0,C01,138Â 202Â 986,1.0,8.0,-1.0,1729697,2.0,7,,0.0,2.0,1.0,C01,138Â 202Â 986,1.0
1013313,201900054844,6,5,22:20,5,2,9,1.0,6.0,06088,PASTEUR (BD),M,"43,7202400","7,2817300",6,2019,50.0,1.0,1.0,4.0,2266062,1.0,1,1,1,0.0,,0.0,0,1999.0,A01,138Â 202Â 983,1.0,0.0,-1.0,1729698,2.0,10,,8.0,1.0,1.0,A01,138Â 202Â 983,1.0
1013313,201900054844,6,5,22:20,5,2,9,1.0,6.0,06088,PASTEUR (BD),M,"43,7202400","7,2817300",6,2019,50.0,1.0,1.0,4.0,2266063,10.0,3,4,1,0.0,,9.0,6,1998.0,A01,138Â 202Â 983,8.0,0.0,-1.0,1729698,2.0,10,,8.0,1.0,1.0,A01,138Â 202Â 983,1.0
1013313,201900054844,6,5,22:20,5,2,9,1.0,6.0,06088,PASTEUR (BD),M,"43,7202400","7,2817300",6,2019,50.0,1.0,1.0,4.0,2266064,10.0,3,3,1,9.0,,3.0,3,1951.0,A01,138Â 202Â 983,8.0,0.0,-1.0,1729698,2.0,10,,8.0,1.0,1.0,A01,138Â 202Â 983,1.0
1013314,201900054845,2,16,20:00,5,1,1,1.0,6.0,93010,AUTOROUTE A3,M,"48,8893800","2,4738300",93,2019,90.0,1.0,1.0,1.0,2266065,1.0,1,4,1,5.0,,-1.0, -1,1982.0,A01,138Â 202Â 982,1.0,8.0,-1.0,1729699,1.0,7,,4.0,0.0,1.0,A01,138Â 202Â 982,1.0
1013315,201900054846,6,5,13:45,1,2,1,1.0,6.0,06088,DIABLES BLEUS (AV. DES),M,"43,7079300","7,2843000",6,2019,50.0,1.0,1.0,4.0,2266066,10.0,3,4,1,0.0,,4.0,3,1964.0,A01,138Â 202Â 981,0.0,0.0,0.0,1729700,1.0,7,,0.0,1.0,1.0,A01,138Â 202Â 981,2.0
1013315,201900054846,6,5,13:45,1,2,1,1.0,6.0,06088,DIABLES BLEUS (AV. DES),M,"43,7079300","7,2843000",6,2019,50.0,1.0,1.0,4.0,2266067,1.0,1,1,2,5.0,,0.0,0,1950.0,A01,138Â 202Â 981,1.0,0.0,-1.0,1729700,1.0,7,,0.0,1.0,1.0,A01,138Â 202Â 981,2.0
1013316,201900054847,6,4,12:36,1,2,6,1.0,3.0,06088,TURIN (RTE DE),M,"43,7307631","7,2884899",6,2019,50.0,1.0,1.0,4.0,2266068,1.0,1,3,1,9.0,,0.0,0,1992.0,A01,138Â 202Â 976,8.0,0.0,-1.0,1729701,3.0,7,,3.0,2.0,7.0,A01,138Â 202Â 976,1.0
1013316,201900054847,6,4,12:36,1,2,6,1.0,3.0,06088,TURIN (RTE DE),M,"43,7307631","7,2884899",6,2019,50.0,1.0,1.0,4.0,2266068,1.0,1,3,1,9.0,,0.0,0,1992.0,A01,138Â 202Â 976,8.0,0.0,-1.0,1729702,3.0,7,,0.0,2.0,8.0,B01,138Â 202Â 978,1.0
1013316,201900054847,6,4,12:36,1,2,6,1.0,3.0,06088,TURIN (RTE DE),M,"43,7307631","7,2884899",6,2019,50.0,1.0,1.0,4.0,2266069,1.0,1,1,2,0.0,,0.0,0,2001.0,B01,138Â 202Â 978,1.0,0.0,-1.0,1729701,3.0,7,,3.0,2.0,7.0,A01,138Â 202Â 976,1.0
1013316,201900054847,6,4,12:36,1,2,6,1.0,3.0,06088,TURIN (RTE DE),M,"43,7307631","7,2884899",6,2019,50.0,1.0,1.0,4.0,2266069,1.0,1,1,2,0.0,,0.0,0,2001.0,B01,138Â 202Â 978,1.0,0.0,-1.0,1729702,3.0,7,,0.0,2.0,8.0,B01,138Â 202Â 978,1.0
1013317,201900054848,2,18,12:40,1,1,1,1.0,5.0,94018,A4,M,"48,8181100","2,4115400",94,2019,90.0,1.0,1.0,1.0,2266070,1.0,1,1,1,4.0,,-1.0,0,1980.0,A01,138Â 202Â 977,1.0,8.0,-1.0,1729703,1.0,14,,0.0,2.0,4.0,A01,138Â 202Â 977,1.0
1013317,201900054848,2,18,12:40,1,1,1,1.0,5.0,94018,A4,M,"48,8181100","2,4115400",94,2019,90.0,1.0,1.0,1.0,2266070,1.0,1,1,1,4.0,,-1.0,0,1980.0,A01,138Â 202Â 977,1.0,8.0,-1.0,1729704,1.0,10,,0.0,2.0,7.0,B01,138Â 202Â 979,1.0
1013317,201900054848,2,18,12:40,1,1,1,1.0,5.0,94018,A4,M,"48,8181100","2,4115400",94,2019,90.0,1.0,1.0,1.0,2266070,1.0,1,1,1,4.0,,-1.0,0,1980.0,A01,138Â 202Â 977,1.0,8.0,-1.0,1729705,1.0,14,,0.0,2.0,1.0,C01,138Â 202Â 980,1.0
1013317,201900054848,2,18,12:40,1,1,1,1.0,5.0,94018,A4,M,"48,8181100","2,4115400",94,2019,90.0,1.0,1.0,1.0,2266071,1.0,1,1,1,4.0,,-1.0,0,1973.0,B01,138Â 202Â 979,1.0,8.0,-1.0,1729703,1.0,14,,0.0,2.0,4.0,A01,138Â 202Â 977,1.0
1013317,201900054848,2,18,12:40,1,1,1,1.0,5.0,94018,A4,M,"48,8181100","2,4115400",94,2019,90.0,1.0,1.0,1.0,2266071,1.0,1,1,1,4.0,,-1.0,0,1973.0,B01,138Â 202Â 979,1.0,8.0,-1.0,1729704,1.0,10,,0.0,2.0,7.0,B01,138Â 202Â 979,1.0
1013317,201900054848,2,18,12:40,1,1,1,1.0,5.0,94018,A4,M,"48,8181100","2,4115400",94,2019,90.0,1.0,1.0,1.0,2266071,1.0,1,1,1,4.0,,-1.0,0,1973.0,B01,138Â 202Â 979,1.0,8.0,-1.0,1729705,1.0,14,,0.0,2.0,1.0,C01,138Â 202Â 980,1.0
1013317,201900054848,2,18,12:40,1,1,1,1.0,5.0,94018,A4,M,"48,8181100","2,4115400",94,2019,90.0,1.0,1.0,1.0,2266072,1.0,1,4,1,4.0,,-1.0,0,1955.0,C01,138Â 202Â 980,1.0,8.0,-1.0,1729703,1.0,14,,0.0,2.0,4.0,A01,138Â 202Â 977,1.0
1013317,201900054848,2,18,12:40,1,1,1,1.0,5.0,94018,A4,M,"48,8181100","2,4115400",94,2019,90.0,1.0,1.0,1.0,2266072,1.0,1,4,1,4.0,,-1.0,0,1955.0,C01,138Â 202Â 980,1.0,8.0,-1.0,1729704,1.0,10,,0.0,2.0,7.0,B01,138Â 202Â 979,1.0
1013317,201900054848,2,18,12:40,1,1,1,1.0,5.0,94018,A4,M,"48,8181100","2,4115400",94,2019,90.0,1.0,1.0,1.0,2266072,1.0,1,4,1,4.0,,-1.0,0,1955.0,C01,138Â 202Â 980,1.0,8.0,-1.0,1729705,1.0,14,,0.0,2.0,1.0,C01,138Â 202Â 980,1.0
1013318,201900054849,5,31,12:17,1,2,1,1.0,2.0,06088,ROQUEBILLIERE (R. DE),M,"43,7074030","7,2862350",6,2019,50.0,1.0,1.0,4.0,2266073,1.0,1,1,2,0.0,,-1.0, -1,1997.0,W01,138Â 202Â 973,1.0,0.0,-1.0,1729706,0.0,7,,0.0,2.0,6.0,W01,138Â 202Â 973,1.0
1013318,201900054849,5,31,12:17,1,2,1,1.0,2.0,06088,ROQUEBILLIERE (R. DE),M,"43,7074030","7,2862350",6,2019,50.0,1.0,1.0,4.0,2266073,1.0,1,1,2,0.0,,-1.0, -1,1997.0,W01,138Â 202Â 973,1.0,0.0,-1.0,1729707,3.0,30,,1.0,0.0,7.0,A01,138Â 202Â 975,2.0
1013318,201900054849,5,31,12:17,1,2,1,1.0,2.0,06088,ROQUEBILLIERE (R. DE),M,"43,7074030","7,2862350",6,2019,50.0,1.0,1.0,4.0,2266074,1.0,1,4,1,4.0,,0.0,0,1997.0,A01,138Â 202Â 975,8.0,8.0,-1.0,1729706,0.0,7,,0.0,2.0,6.0,W01,138Â 202Â 973,1.0
1013318,201900054849,5,31,12:17,1,2,1,1.0,2.0,06088,ROQUEBILLIERE (R. DE),M,"43,7074030","7,2862350",6,2019,50.0,1.0,1.0,4.0,2266074,1.0,1,4,1,4.0,,0.0,0,1997.0,A01,138Â 202Â 975,8.0,8.0,-1.0,1729707,3.0,30,,1.0,0.0,7.0,A01,138Â 202Â 975,2.0
1013319,201900054850,5,31,09:47,1,2,9,1.0,2.0,06088,QUAI DES ETATS UNIS,M,"43,6952000","7,2731000",6,2019,50.0,1.0,1.0,7.0,2266075,1.0,1,1,1,0.0,,0.0,0,1941.0,A01,138Â 202Â 971,2.0,0.0,-1.0,1729708,2.0,34,,0.0,2.0,1.0,A01,138Â 202Â 971,1.0
1013319,201900054850,5,31,09:47,1,2,9,1.0,2.0,06088,QUAI DES ETATS UNIS,M,"43,6952000","7,2731000",6,2019,50.0,1.0,1.0,7.0,2266075,1.0,1,1,1,0.0,,0.0,0,1941.0,A01,138Â 202Â 971,2.0,0.0,-1.0,1729709,2.0,32,,0.0,0.0,4.0,B01,138Â 202Â 972,0.0
1013319,201900054850,5,31,09:47,1,2,9,1.0,2.0,06088,QUAI DES ETATS UNIS,M,"43,6952000","7,2731000",6,2019,50.0,1.0,1.0,7.0,2266076,1.0,1,1,1,5.0,,0.0,0,1951.0,B01,138Â 202Â 972,2.0,0.0,-1.0,1729708,2.0,34,,0.0,2.0,1.0,A01,138Â 202Â 971,1.0
1013319,201900054850,5,31,09:47,1,2,9,1.0,2.0,06088,QUAI DES ETATS UNIS,M,"43,6952000","7,2731000",6,2019,50.0,1.0,1.0,7.0,2266076,1.0,1,1,1,5.0,,0.0,0,1951.0,B01,138Â 202Â 972,2.0,0.0,-1.0,1729709,2.0,32,,0.0,0.0,4.0,B01,138Â 202Â 972,0.0
1013319,201900054850,5,31,09:47,1,2,9,1.0,2.0,06088,QUAI DES ETATS UNIS,M,"43,6952000","7,2731000",6,2019,50.0,1.0,1.0,7.0,2266077,2.0,2,3,2,0.0,,0.0,0,1953.0,B01,138Â 202Â 972,8.0,0.0,-1.0,1729708,2.0,34,,0.0,2.0,1.0,A01,138Â 202Â 971,1.0
1013319,201900054850,5,31,09:47,1,2,9,1.0,2.0,06088,QUAI DES ETATS UNIS,M,"43,6952000","7,2731000",6,2019,50.0,1.0,1.0,7.0,2266077,2.0,2,3,2,0.0,,0.0,0,1953.0,B01,138Â 202Â 972,8.0,0.0,-1.0,1729709,2.0,32,,0.0,0.0,4.0,B01,138Â 202Â 972,0.0
1013320,201900054851,2,18,12:15,1,1,1,1.0,2.0,77438,A104,M,"48,8578400","2,6654600",77,2019,90.0,1.0,1.0,1.0,2266078,1.0,1,1,1,5.0,,-1.0,0,1964.0,A01,138Â 202Â 970,1.0,0.0,-1.0,1729710,2.0,7,,0.0,2.0,8.0,A01,138Â 202Â 970,1.0
1013320,201900054851,2,18,12:15,1,1,1,1.0,2.0,77438,A104,M,"48,8578400","2,6654600",77,2019,90.0,1.0,1.0,1.0,2266078,1.0,1,1,1,5.0,,-1.0,0,1964.0,A01,138Â 202Â 970,1.0,0.0,-1.0,1729711,2.0,7,,0.0,2.0,5.0,B01,138Â 202Â 974,1.0
1013320,201900054851,2,18,12:15,1,1,1,1.0,2.0,77438,A104,M,"48,8578400","2,6654600",77,2019,90.0,1.0,1.0,1.0,2266079,1.0,1,4,1,4.0,,-1.0,0,1962.0,B01,138Â 202Â 974,1.0,0.0,-1.0,1729710,2.0,7,,0.0,2.0,8.0,A01,138Â 202Â 970,1.0
1013320,201900054851,2,18,12:15,1,1,1,1.0,2.0,77438,A104,M,"48,8578400","2,6654600",77,2019,90.0,1.0,1.0,1.0,2266079,1.0,1,4,1,4.0,,-1.0,0,1962.0,B01,138Â 202Â 974,1.0,0.0,-1.0,1729711,2.0,7,,0.0,2.0,5.0,B01,138Â 202Â 974,1.0
1013321,201900054852,5,31,09:05,1,2,1,1.0,6.0,06088,DIABLES BLEUS (AV. DES),M,"43,7083080","7,2901330",6,2019,50.0,1.0,1.0,4.0,2266080,1.0,1,1,1,4.0,,0.0,0,1970.0,A01,138Â 202Â 969,2.0,0.0,-1.0,1729712,0.0,33,,0.0,1.0,1.0,A01,138Â 202Â 969,1.0
1013321,201900054852,5,31,09:05,1,2,1,1.0,6.0,06088,DIABLES BLEUS (AV. DES),M,"43,7083080","7,2901330",6,2019,50.0,1.0,1.0,4.0,2266081,10.0,3,2,2,9.0,,3.0,3,1942.0,A01,138Â 202Â 969,0.0,0.0,0.0,1729712,0.0,33,,0.0,1.0,1.0,A01,138Â 202Â 969,1.0
1013322,201900054853,5,29,12:55,1,2,1,1.0,3.0,06088,MADELEINE (BD DE LA),M,"43,7022630","7,2363710",6,2019,50.0,1.0,1.0,4.0,2266082,1.0,1,1,2,0.0,,0.0,0,1946.0,A01,138Â 202Â 964,1.0,0.0,-1.0,1729713,2.0,7,,0.0,2.0,1.0,A01,138Â 202Â 964,6.0
1013322,201900054853,5,29,12:55,1,2,1,1.0,3.0,06088,MADELEINE (BD DE LA),M,"43,7022630","7,2363710",6,2019,50.0,1.0,1.0,4.0,2266082,1.0,1,1,2,0.0,,0.0,0,1946.0,A01,138Â 202Â 964,1.0,0.0,-1.0,1729714,2.0,33,,0.0,2.0,8.0,B01,138Â 202Â 966,6.0
1013322,201900054853,5,29,12:55,1,2,1,1.0,3.0,06088,MADELEINE (BD DE LA),M,"43,7022630","7,2363710",6,2019,50.0,1.0,1.0,4.0,2266083,1.0,1,4,1,0.0,,0.0,0,1981.0,B01,138Â 202Â 966,2.0,6.0,-1.0,1729713,2.0,7,,0.0,2.0,1.0,A01,138Â 202Â 964,6.0