Unnamed: 0_x,num_acc,mois,jour,hrmn,lum,agg,int,atm,col,com,adr,gps,lat,long,dep,annee,vma,situ,surf,catr,Unnamed: 0_y,place,catu,grav,sexe,trajet,secu,locp,actp,an_nais,num_veh_x,id_vehicule_x,secu1,secu2,secu3,Unnamed: 0,senc,catv,occutc,obs,obsm,choc,num_veh_y,id_vehicule_y,motor
1013322,201900054853,5,29,12:55,1,2,1,1.0,3.0,06088,MADELEINE (BD DE LA),M,"43,7022630","7,2363710",6,2019,50.0,1.0,1.0,4.0,2266083,1.0,1,4,1,0.0,,0.0,0,1981.0,B01,138Â 202Â 966,2.0,6.0,-1.0,1729714,2.0,33,,0.0,2.0,8.0,B01,138Â 202Â 966,6.0
1013323,201900054854,2,18,10:45,1,1,1,1.0,4.0,77517,A104.EXT,M,"48,9057600","2,6417100",77,2019,90.0,1.0,1.0,1.0,2266084,1.0,1,1,1,4.0,,-1.0,0,1965.0,A01,138Â 202Â 965,1.0,0.0,-1.0,1729715,2.0,17,,0.0,2.0,4.0,A01,138Â 202Â 965,1.0
1013323,201900054854,2,18,10:45,1,1,1,1.0,4.0,77517,A104.EXT,M,"48,9057600","2,6417100",77,2019,90.0,1.0,1.0,1.0,2266084,1.0,1,1,1,4.0,,-1.0,0,1965.0,A01,138Â 202Â 965,1.0,0.0,-1.0,1729716,2.0,15,,0.0,2.0,1.0,C01,138Â 202Â 967,1.0
1013323,201900054854,2,18,10:45,1,1,1,1.0,4.0,77517,A104.EXT,M,"48,9057600","2,6417100",77,2019,90.0,1.0,1.0,1.0,2266084,1.0,1,1,1,4.0,,-1.0,0,1965.0,A01,138Â 202Â 965,1.0,0.0,-1.0,1729717,2.0,7,,0.0,2.0,1.0,B01,138Â 202Â 968,1.0
1013323,201900054854,2,18,10:45,1,1,1,1.0,4.0,77517,A104.EXT,M,"48,9057600","2,6417100",77,2019,90.0,1.0,1.0,1.0,2266085,1.0,1,1,1,4.0,,-1.0,0,1991.0,C01,138Â 202Â 967,1.0,0.0,-1.0,1729715,2.0,17,,0.0,2.0,4.0,A01,138Â 202Â 965,1.0
1013323,201900054854,2,18,10:45,1,1,1,1.0,4.0,77517,A104.EXT,M,"48,9057600","2,6417100",77,2019,90.0,1.0,1.0,1.0,2266085,1.0,1,1,1,4.0,,-1.0,0,1991.0,C01,138Â 202Â 967,1.0,0.0,-1.0,1729716,2.0,15,,0.0,2.0,1.0,C01,138Â 202Â 967,1.0
1013323,201900054854,2,18,10:45,1,1,1,1.0,4.0,77517,A104.EXT,M,"48,9057600","2,6417100",77,2019,90.0,1.0,1.0,1.0,2266085,1.0,1,1,1,4.0,,-1.0,0,1991.0,C01,138Â 202Â 967,1.0,0.0,-1.0,1729717,2.0,7,,0.0,2.0,1.0,B01,138Â 202Â 968,1.0
1013323,201900054854,2,18,10:45,1,1,1,1.0,4.0,77517,A104.EXT,M,"48,9057600","2,6417100",77,2019,90.0,1.0,1.0,1.0,2266086,1.0,1,4,1,1.0,,-1.0,0,1980.0,B01,138Â 202Â 968,1.0,0.0,-1.0,1729715,2.0,17,,0.0,2.0,4.0,A01,138Â 202Â 965,1.0
1013323,201900054854,2,18,10:45,1,1,1,1.0,4.0,77517,A104.EXT,M,"48,9057600","2,6417100",77,2019,90.0,1.0,1.0,1.0,2266086,1.0,1,4,1,1.0,,-1.0,0,1980.0,B01,138Â 202Â 968,1.0,0.0,-1.0,1729716,2.0,15,,0.0,2.0,1.0,C01,138Â 202Â 967,1.0
1013323,201900054854,2,18,10:45,1,1,1,1.0,4.0,77517,A104.EXT,M,"48,9057600","2,6417100",77,2019,90.0,1.0,1.0,1.0,2266086,1.0,1,4,1,1.0,,-1.0,0,1980.0,B01,138Â 202Â 968,1.0,0.0,-1.0,1729717,2.0,7,,0.0,2.0,1.0,B01,138Â 202Â 968,1.0
1013324,201900054855,6,16,11:22,1,2,1,1.0,6.0,06083,PARTOUNEAUX (RUE),M,"43,7748310","7,4986320",6,2019,50.0,1.0,1.0,4.0,2266087,1.0,1,1,1,5.0,,0.0,0,1981.0,A01,138Â 202Â 962,1.0,0.0,-1.0,1729718,1.0,7,,12.0,1.0,2.0,A01,138Â 202Â 962,1.0
1013324,201900054855,6,16,11:22,1,2,1,1.0,6.0,06083,PARTOUNEAUX (RUE),M,"43,7748310","7,4986320",6,2019,50.0,1.0,1.0,4.0,2266088,10.0,3,3,2,5.0,,3.0,3,1943.0,A01,138Â 202Â 962,8.0,0.0,-1.0,1729718,1.0,7,,12.0,1.0,2.0,A01,138Â 202Â 962,1.0
1013325,201900054856,2,18,09:25,1,1,1,1.0,2.0,93051,A4,M,"48,8361700","2,5509400",93,2019,110.0,1.0,1.0,1.0,2266089,1.0,1,4,1,0.0,,-1.0, -1,1959.0,B01,138Â 202Â 961,1.0,0.0,-1.0,1729719,2.0,7,,0.0,2.0,3.0,B01,138Â 202Â 961,1.0
1013325,201900054856,2,18,09:25,1,1,1,1.0,2.0,93051,A4,M,"48,8361700","2,5509400",93,2019,110.0,1.0,1.0,1.0,2266089,1.0,1,4,1,0.0,,-1.0, -1,1959.0,B01,138Â 202Â 961,1.0,0.0,-1.0,1729720,2.0,7,,0.0,2.0,5.0,A01,138Â 202Â 963,1.0
1013325,201900054856,2,18,09:25,1,1,1,1.0,2.0,93051,A4,M,"48,8361700","2,5509400",93,2019,110.0,1.0,1.0,1.0,2266090,1.0,1,1,1,0.0,,-1.0, -1,1982.0,A01,138Â 202Â 963,1.0,8.0,-1.0,1729719,2.0,7,,0.0,2.0,3.0,B01,138Â 202Â 961,1.0
1013325,201900054856,2,18,09:25,1,1,1,1.0,2.0,93051,A4,M,"48,8361700","2,5509400",93,2019,110.0,1.0,1.0,1.0,2266090,1.0,1,1,1,0.0,,-1.0, -1,1982.0,A01,138Â 202Â 963,1.0,8.0,-1.0,1729720,2.0,7,,0.0,2.0,5.0,A01,138Â 202Â 963,1.0
1013326,201900054857,6,7,23:00,5,2,1,1.0,6.0,06104,MONLEON (AVENUE SYLVIO DE),M,"43,7552870","7,4829790",6,2019,50.0,1.0,1.0,3.0,2266091,1.0,1,1,1,5.0,,0.0,0,1984.0,B01,138Â 202Â 959,2.0,6.0,-1.0,1729721,1.0,31,,0.0,2.0,8.0,B01,138Â 202Â 959,1.0
1013326,201900054857,6,7,23:00,5,2,1,1.0,6.0,06104,MONLEON (AVENUE SYLVIO DE),M,"43,7552870","7,4829790",6,2019,50.0,1.0,1.0,3.0,2266091,1.0,1,1,1,5.0,,0.0,0,1984.0,B01,138Â 202Â 959,2.0,6.0,-1.0,1729722,1.0,31,,0.0,2.0,7.0,A01,138Â 202Â 960,0.0
1013326,201900054857,6,7,23:00,5,2,1,1.0,6.0,06104,MONLEON (AVENUE SYLVIO DE),M,"43,7552870","7,4829790",6,2019,50.0,1.0,1.0,3.0,2266092,1.0,1,4,1,5.0,,-1.0, -1,1986.0,A01,138Â 202Â 960,2.0,6.0,-1.0,1729721,1.0,31,,0.0,2.0,8.0,B01,138Â 202Â 959,1.0
1013326,201900054857,6,7,23:00,5,2,1,1.0,6.0,06104,MONLEON (AVENUE SYLVIO DE),M,"43,7552870","7,4829790",6,2019,50.0,1.0,1.0,3.0,2266092,1.0,1,4,1,5.0,,-1.0, -1,1986.0,A01,138Â 202Â 960,2.0,6.0,-1.0,1729722,1.0,31,,0.0,2.0,7.0,A01,138Â 202Â 960,0.0
1013327,201900054858,2,18,09:00,1,1,1,1.0,3.0,77018,A4,M,"48,8360200","2,8087800",77,2019,130.0,1.0,1.0,1.0,2266093,2.0,2,4,1,1.0,,-1.0,0,1960.0,B01,138Â 202Â 957,1.0,0.0,-1.0,1729723,2.0,7,,0.0,2.0,7.0,B01,138Â 202Â 957,1.0
1013327,201900054858,2,18,09:00,1,1,1,1.0,3.0,77018,A4,M,"48,8360200","2,8087800",77,2019,130.0,1.0,1.0,1.0,2266093,2.0,2,4,1,1.0,,-1.0,0,1960.0,B01,138Â 202Â 957,1.0,0.0,-1.0,1729724,2.0,7,,0.0,2.0,8.0,A01,138Â 202Â 958,1.0
1013327,201900054858,2,18,09:00,1,1,1,1.0,3.0,77018,A4,M,"48,8360200","2,8087800",77,2019,130.0,1.0,1.0,1.0,2266094,1.0,1,4,2,1.0,,-1.0,0,1967.0,B01,138Â 202Â 957,1.0,0.0,-1.0,1729723,2.0,7,,0.0,2.0,7.0,B01,138Â 202Â 957,1.0
1013327,201900054858,2,18,09:00,1,1,1,1.0,3.0,77018,A4,M,"48,8360200","2,8087800",77,2019,130.0,1.0,1.0,1.0,2266094,1.0,1,4,2,1.0,,-1.0,0,1967.0,B01,138Â 202Â 957,1.0,0.0,-1.0,1729724,2.0,7,,0.0,2.0,8.0,A01,138Â 202Â 958,1.0
1013327,201900054858,2,18,09:00,1,1,1,1.0,3.0,77018,A4,M,"48,8360200","2,8087800",77,2019,130.0,1.0,1.0,1.0,2266095,1.0,1,4,1,1.0,,-1.0,0,1998.0,A01,138Â 202Â 958,1.0,8.0,-1.0,1729723,2.0,7,,0.0,2.0,7.0,B01,138Â 202Â 957,1.0
1013327,201900054858,2,18,09:00,1,1,1,1.0,3.0,77018,A4,M,"48,8360200","2,8087800",77,2019,130.0,1.0,1.0,1.0,2266095,1.0,1,4,1,1.0,,-1.0,0,1998.0,A01,138Â 202Â 958,1.0,8.0,-1.0,1729724,2.0,7,,0.0,2.0,8.0,A01,138Â 202Â 958,1.0
1013328,201900054859,6,14,10:30,1,2,9,1.0,3.0,06069,PAOUTE (ROUTE ET TRAVERSE DE LA),M,"43,6322876","6,9595452",6,2019,30.0,1.0,1.0,4.0,2266096,1.0,1,4,1,5.0,,0.0,0,1960.0,B01,138Â 202Â 955,2.0,6.0,-1.0,1729725,0.0,32,,0.0,2.0,1.0,B01,138Â 202Â 955,1.0
1013328,201900054859,6,14,10:30,1,2,9,1.0,3.0,06069,PAOUTE (ROUTE ET TRAVERSE DE LA),M,"43,6322876","6,9595452",6,2019,30.0,1.0,1.0,4.0,2266096,1.0,1,4,1,5.0,,0.0,0,1960.0,B01,138Â 202Â 955,2.0,6.0,-1.0,1729726,0.0,7,,0.0,2.0,3.0,A01,138Â 202Â 956,1.0
1013328,201900054859,6,14,10:30,1,2,9,1.0,3.0,06069,PAOUTE (ROUTE ET TRAVERSE DE LA),M,"43,6322876","6,9595452",6,2019,30.0,1.0,1.0,4.0,2266097,1.0,1,1,2,1.0,,0.0,0,1993.0,A01,138Â 202Â 956,1.0,0.0,-1.0,1729725,0.0,32,,0.0,2.0,1.0,B01,138Â 202Â 955,1.0
1013328,201900054859,6,14,10:30,1,2,9,1.0,3.0,06069,PAOUTE (ROUTE ET TRAVERSE DE LA),M,"43,6322876","6,9595452",6,2019,30.0,1.0,1.0,4.0,2266097,1.0,1,1,2,1.0,,0.0,0,1993.0,A01,138Â 202Â 956,1.0,0.0,-1.0,1729726,0.0,7,,0.0,2.0,3.0,A01,138Â 202Â 956,1.0
1013329,201900054860,2,18,00:35,3,1,1,1.0,5.0,77058,A4,M,"48,8305930","2,6961140",77,2019,110.0,1.0,1.0,1.0,2266098,1.0,1,3,1,1.0,,-1.0,0,2000.0,A01,138Â 202Â 951,1.0,0.0,-1.0,1729727,1.0,7,,0.0,2.0,1.0,A01,138Â 202Â 951,1.0
1013329,201900054860,2,18,00:35,3,1,1,1.0,5.0,77058,A4,M,"48,8305930","2,6961140",77,2019,110.0,1.0,1.0,1.0,2266098,1.0,1,3,1,1.0,,-1.0,0,2000.0,A01,138Â 202Â 951,1.0,0.0,-1.0,1729728,2.0,7,,0.0,2.0,1.0,C01,138Â 202Â 953,1.0
1013329,201900054860,2,18,00:35,3,1,1,1.0,5.0,77058,A4,M,"48,8305930","2,6961140",77,2019,110.0,1.0,1.0,1.0,2266098,1.0,1,3,1,1.0,,-1.0,0,2000.0,A01,138Â 202Â 951,1.0,0.0,-1.0,1729729,2.0,7,,0.0,2.0,1.0,B01,138Â 202Â 954,1.0
1013329,201900054860,2,18,00:35,3,1,1,1.0,5.0,77058,A4,M,"48,8305930","2,6961140",77,2019,110.0,1.0,1.0,1.0,2266099,1.0,1,3,2,5.0,,-1.0,0,1996.0,C01,138Â 202Â 953,1.0,0.0,-1.0,1729727,1.0,7,,0.0,2.0,1.0,A01,138Â 202Â 951,1.0
1013329,201900054860,2,18,00:35,3,1,1,1.0,5.0,77058,A4,M,"48,8305930","2,6961140",77,2019,110.0,1.0,1.0,1.0,2266099,1.0,1,3,2,5.0,,-1.0,0,1996.0,C01,138Â 202Â 953,1.0,0.0,-1.0,1729728,2.0,7,,0.0,2.0,1.0,C01,138Â 202Â 953,1.0
1013329,201900054860,2,18,00:35,3,1,1,1.0,5.0,77058,A4,M,"48,8305930","2,6961140",77,2019,110.0,1.0,1.0,1.0,2266099,1.0,1,3,2,5.0,,-1.0,0,1996.0,C01,138Â 202Â 953,1.0,0.0,-1.0,1729729,2.0,7,,0.0,2.0,1.0,B01,138Â 202Â 954,1.0
1013329,201900054860,2,18,00:35,3,1,1,1.0,5.0,77058,A4,M,"48,8305930","2,6961140",77,2019,110.0,1.0,1.0,1.0,2266100,1.0,1,1,1,5.0,,-1.0,0,1995.0,B01,138Â 202Â 954,1.0,0.0,-1.0,1729727,1.0,7,,0.0,2.0,1.0,A01,138Â 202Â 951,1.0
1013329,201900054860,2,18,00:35,3,1,1,1.0,5.0,77058,A4,M,"48,8305930","2,6961140",77,2019,110.0,1.0,1.0,1.0,2266100,1.0,1,1,1,5.0,,-1.0,0,1995.0,B01,138Â 202Â 954,1.0,0.0,-1.0,1729728,2.0,7,,0.0,2.0,1.0,C01,138Â 202Â 953,1.0
1013329,201900054860,2,18,00:35,3,1,1,1.0,5.0,77058,A4,M,"48,8305930","2,6961140",77,2019,110.0,1.0,1.0,1.0,2266100,1.0,1,1,1,5.0,,-1.0,0,1995.0,B01,138Â 202Â 954,1.0,0.0,-1.0,1729729,2.0,7,,0.0,2.0,1.0,B01,138Â 202Â 954,1.0
1013330,201900054861,6,11,12:50,1,2,1,1.0,3.0,06069,PROVENCE (AVENUE DE),M,"43,6509540","6,9228260",6,2019,50.0,1.0,1.0,4.0,2266101,2.0,2,4,2,5.0,,0.0,0,2002.0,B01,138Â 202Â 950,2.0,6.0,-1.0,1729730,1.0,32,,0.0,2.0,8.0,B01,138Â 202Â 950,1.0
1013330,201900054861,6,11,12:50,1,2,1,1.0,3.0,06069,PROVENCE (AVENUE DE),M,"43,6509540","6,9228260",6,2019,50.0,1.0,1.0,4.0,2266101,2.0,2,4,2,5.0,,0.0,0,2002.0,B01,138Â 202Â 950,2.0,6.0,-1.0,1729731,1.0,7,,0.0,2.0,7.0,A01,138Â 202Â 952,1.0
1013330,201900054861,6,11,12:50,1,2,1,1.0,3.0,06069,PROVENCE (AVENUE DE),M,"43,6509540","6,9228260",6,2019,50.0,1.0,1.0,4.0,2266102,1.0,1,1,1,5.0,,0.0,0,2001.0,B01,138Â 202Â 950,2.0,6.0,-1.0,1729730,1.0,32,,0.0,2.0,8.0,B01,138Â 202Â 950,1.0
1013330,201900054861,6,11,12:50,1,2,1,1.0,3.0,06069,PROVENCE (AVENUE DE),M,"43,6509540","6,9228260",6,2019,50.0,1.0,1.0,4.0,2266102,1.0,1,1,1,5.0,,0.0,0,2001.0,B01,138Â 202Â 950,2.0,6.0,-1.0,1729731,1.0,7,,0.0,2.0,7.0,A01,138Â 202Â 952,1.0
1013330,201900054861,6,11,12:50,1,2,1,1.0,3.0,06069,PROVENCE (AVENUE DE),M,"43,6509540","6,9228260",6,2019,50.0,1.0,1.0,4.0,2266103,1.0,1,1,1,1.0,,0.0,0,1993.0,A01,138Â 202Â 952,1.0,0.0,-1.0,1729730,1.0,32,,0.0,2.0,8.0,B01,138Â 202Â 950,1.0
1013330,201900054861,6,11,12:50,1,2,1,1.0,3.0,06069,PROVENCE (AVENUE DE),M,"43,6509540","6,9228260",6,2019,50.0,1.0,1.0,4.0,2266103,1.0,1,1,1,1.0,,0.0,0,1993.0,A01,138Â 202Â 952,1.0,0.0,-1.0,1729731,1.0,7,,0.0,2.0,7.0,A01,138Â 202Â 952,1.0
1013331,201900054862,6,8,07:30,1,2,9,1.0,1.0,06069,ZILLER (AVENUE PIERRE),M,"43,6772200","6,9471900",6,2019,50.0,1.0,1.0,3.0,2266104,1.0,1,3,1,0.0,,0.0,0,1978.0,A01,138Â 202Â 946,2.0,6.0,-1.0,1729732,1.0,33,,0.0,2.0,1.0,A01,138Â 202Â 946,1.0
1013331,201900054862,6,8,07:30,1,2,9,1.0,1.0,06069,ZILLER (AVENUE PIERRE),M,"43,6772200","6,9471900",6,2019,50.0,1.0,1.0,3.0,2266104,1.0,1,3,1,0.0,,0.0,0,1978.0,A01,138Â 202Â 946,2.0,6.0,-1.0,1729733,2.0,7,,0.0,2.0,3.0,B01,138Â 202Â 947,1.0
1013331,201900054862,6,8,07:30,1,2,9,1.0,1.0,06069,ZILLER (AVENUE PIERRE),M,"43,6772200","6,9471900",6,2019,50.0,1.0,1.0,3.0,2266105,1.0,1,1,1,4.0,,0.0,0,1980.0,B01,138Â 202Â 947,1.0,0.0,-1.0,1729732,1.0,33,,0.0,2.0,1.0,A01,138Â 202Â 946,1.0
1013331,201900054862,6,8,07:30,1,2,9,1.0,1.0,06069,ZILLER (AVENUE PIERRE),M,"43,6772200","6,9471900",6,2019,50.0,1.0,1.0,3.0,2266105,1.0,1,1,1,4.0,,0.0,0,1980.0,B01,138Â 202Â 947,1.0,0.0,-1.0,1729733,2.0,7,,0.0,2.0,3.0,B01,138Â 202Â 947,1.0
1013332,201900054863,6,7,15:25,1,2,1,1.0,5.0,06069,PLAN (ROUTE DU) -D304-,M,"43,6432336","6,9559819",6,2019,50.0,1.0,1.0,4.0,2266106,1.0,1,4,1,5.0,,0.0,0,2003.0,A01,138Â 202Â 940,2.0,6.0,-1.0,1729734,0.0,2,,0.0,2.0,1.0,A01,138Â 202Â 940,1.0
1013332,201900054863,6,7,15:25,1,2,1,1.0,5.0,06069,PLAN (ROUTE DU) -D304-,M,"43,6432336","6,9559819",6,2019,50.0,1.0,1.0,4.0,2266106,1.0,1,4,1,5.0,,0.0,0,2003.0,A01,138Â 202Â 940,2.0,6.0,-1.0,1729735,0.0,7,,0.0,2.0,2.0,B01,138Â 202Â 942,1.0
1013332,201900054863,6,7,15:25,1,2,1,1.0,5.0,06069,PLAN (ROUTE DU) -D304-,M,"43,6432336","6,9559819",6,2019,50.0,1.0,1.0,4.0,2266106,1.0,1,4,1,5.0,,0.0,0,2003.0,A01,138Â 202Â 940,2.0,6.0,-1.0,1729736,0.0,7,,0.0,2.0,0.0,C01,138Â 202Â 943,1.0
1013332,201900054863,6,7,15:25,1,2,1,1.0,5.0,06069,PLAN (ROUTE DU) -D304-,M,"43,6432336","6,9559819",6,2019,50.0,1.0,1.0,4.0,2266107,1.0,1,1,1,5.0,,0.0,0,1948.0,B01,138Â 202Â 942,1.0,0.0,-1.0,1729734,0.0,2,,0.0,2.0,1.0,A01,138Â 202Â 940,1.0
1013332,201900054863,6,7,15:25,1,2,1,1.0,5.0,06069,PLAN (ROUTE DU) -D304-,M,"43,6432336","6,9559819",6,2019,50.0,1.0,1.0,4.0,2266107,1.0,1,1,1,5.0,,0.0,0,1948.0,B01,138Â 202Â 942,1.0,0.0,-1.0,1729735,0.0,7,,0.0,2.0,2.0,B01,138Â 202Â 942,1.0
1013332,201900054863,6,7,15:25,1,2,1,1.0,5.0,06069,PLAN (ROUTE DU) -D304-,M,"43,6432336","6,9559819",6,2019,50.0,1.0,1.0,4.0,2266107,1.0,1,1,1,5.0,,0.0,0,1948.0,B01,138Â 202Â 942,1.0,0.0,-1.0,1729736,0.0,7,,0.0,2.0,0.0,C01,138Â 202Â 943,1.0
1013332,201900054863,6,7,15:25,1,2,1,1.0,5.0,06069,PLAN (ROUTE DU) -D304-,M,"43,6432336","6,9559819",6,2019,50.0,1.0,1.0,4.0,2266108,1.0,1,1,2,5.0,,0.0,0,1968.0,C01,138Â 202Â 943,1.0,0.0,-1.0,1729734,0.0,2,,0.0,2.0,1.0,A01,138Â 202Â 940,1.0
1013332,201900054863,6,7,15:25,1,2,1,1.0,5.0,06069,PLAN (ROUTE DU) -D304-,M,"43,6432336","6,9559819",6,2019,50.0,1.0,1.0,4.0,2266108,1.0,1,1,2,5.0,,0.0,0,1968.0,C01,138Â 202Â 943,1.0,0.0,-1.0,1729735,0.0,7,,0.0,2.0,2.0,B01,138Â 202Â 942,1.0
1013332,201900054863,6,7,15:25,1,2,1,1.0,5.0,06069,PLAN (ROUTE DU) -D304-,M,"43,6432336","6,9559819",6,2019,50.0,1.0,1.0,4.0,2266108,1.0,1,1,2,5.0,,0.0,0,1968.0,C01,138Â 202Â 943,1.0,0.0,-1.0,1729736,0.0,7,,0.0,2.0,0.0,C01,138Â 202Â 943,1.0
1013333,201900054864,2,11,14:00,1,2,1,1.0,4.0,42071,LIBERATION (AVENUE DE LA),M,"46,0289800","4,0841100",42,2019,50.0,1.0,1.0,4.0,2266109,1.0,1,1,2,0.0,,0.0,0,1979.0,A01,138Â 202Â 938,8.0,0.0,-1.0,1729737,2.0,7,,14.0,0.0,4.0,A01,138Â 202Â 938,1.0
1013333,201900054864,2,11,14:00,1,2,1,1.0,4.0,42071,LIBERATION (AVENUE DE LA),M,"46,0289800","4,0841100",42,2019,50.0,1.0,1.0,4.0,2266109,1.0,1,1,2,0.0,,0.0,0,1979.0,A01,138Â 202Â 938,8.0,0.0,-1.0,1729738,2.0,7,,0.0,2.0,4.0,B01,138Â 202Â 939,1.0
1013333,201900054864,2,11,14:00,1,2,1,1.0,4.0,42071,LIBERATION (AVENUE DE LA),M,"46,0289800","4,0841100",42,2019,50.0,1.0,1.0,4.0,2266109,1.0,1,1,2,0.0,,0.0,0,1979.0,A01,138Â 202Â 938,8.0,0.0,-1.0,1729739,2.0,7,,0.0,2.0,4.0,C01,138Â 202Â 941,1.0
1013333,201900054864,2,11,14:00,1,2,1,1.0,4.0,42071,LIBERATION (AVENUE DE LA),M,"46,0289800","4,0841100",42,2019,50.0,1.0,1.0,4.0,2266110,1.0,1,4,1,0.0,,0.0,0,1951.0,B01,138Â 202Â 939,8.0,0.0,-1.0,1729737,2.0,7,,14.0,0.0,4.0,A01,138Â 202Â 938,1.0
1013333,201900054864,2,11,14:00,1,2,1,1.0,4.0,42071,LIBERATION (AVENUE DE LA),M,"46,0289800","4,0841100",42,2019,50.0,1.0,1.0,4.0,2266110,1.0,1,4,1,0.0,,0.0,0,1951.0,B01,138Â 202Â 939,8.0,0.0,-1.0,1729738,2.0,7,,0.0,2.0,4.0,B01,138Â 202Â 939,1.0
1013333,201900054864,2,11,14:00,1,2,1,1.0,4.0,42071,LIBERATION (AVENUE DE LA),M,"46,0289800","4,0841100",42,2019,50.0,1.0,1.0,4.0,2266110,1.0,1,4,1,0.0,,0.0,0,1951.0,B01,138Â 202Â 939,8.0,0.0,-1.0,1729739,2.0,7,,0.0,2.0,4.0,C01,138Â 202Â 941,1.0
1013333,201900054864,2,11,14:00,1,2,1,1.0,4.0,42071,LIBERATION (AVENUE DE LA),M,"46,0289800","4,0841100",42,2019,50.0,1.0,1.0,4.0,2266111,2.0,2,4,2,0.0,,0.0,0,1984.0,B01,138Â 202Â 939,8.0,0.0,-1.0,1729737,2.0,7,,14.0,0.0,4.0,A01,138Â 202Â 938,1.0
1013333,201900054864,2,11,14:00,1,2,1,1.0,4.0,42071,LIBERATION (AVENUE DE LA),M,"46,0289800","4,0841100",42,2019,50.0,1.0,1.0,4.0,2266111,2.0,2,4,2,0.0,,0.0,0,1984.0,B01,138Â 202Â 939,8.0,0.0,-1.0,1729738,2.0,7,,0.0,2.0,4.0,B01,138Â 202Â 939,1.0
1013333,201900054864,2,11,14:00,1,2,1,1.0,4.0,42071,LIBERATION (AVENUE DE LA),M,"46,0289800","4,0841100",42,2019,50.0,1.0,1.0,4.0,2266111,2.0,2,4,2,0.0,,0.0,0,1984.0,B01,138Â 202Â 939,8.0,0.0,-1.0,1729739,2.0,7,,0.0,2.0,4.0,C01,138Â 202Â 941,1.0
1013333,201900054864,2,11,14:00,1,2,1,1.0,4.0,42071,LIBERATION (AVENUE DE LA),M,"46,0289800","4,0841100",42,2019,50.0,1.0,1.0,4.0,2266112,1.0,1,1,1,0.0,,0.0,0,1985.0,C01,138Â 202Â 941,1.0,0.0,-1.0,1729737,2.0,7,,14.0,0.0,4.0,A01,138Â 202Â 938,1.0
1013333,201900054864,2,11,14:00,1,2,1,1.0,4.0,42071,LIBERATION (AVENUE DE LA),M,"46,0289800","4,0841100",42,2019,50.0,1.0,1.0,4.0,2266112,1.0,1,1,1,0.0,,0.0,0,1985.0,C01,138Â 202Â 941,1.0,0.0,-1.0,1729738,2.0,7,,0.0,2.0,4.0,B01,138Â 202Â 939,1.0
1013333,201900054864,2,11,14:00,1,2,1,1.0,4.0,42071,LIBERATION (AVENUE DE LA),M,"46,0289800","4,0841100",42,2019,50.0,1.0,1.0,4.0,2266112,1.0,1,1,1,0.0,,0.0,0,1985.0,C01,138Â 202Â 941,1.0,0.0,-1.0,1729739,2.0,7,,0.0,2.0,4.0,C01,138Â 202Â 941,1.0
1013334,201900054865,2,15,09:21,1,2,1,1.0,6.0,29232,REPUBLIQUE RUE DE LA,M,"48,0033700"," -4,0880100",29,2019,50.0,1.0,1.0,4.0,2266113,10.0,3,3,2,3.0,,8.0,3,1963.0,A01,138Â 202Â 936,8.0,0.0,-1.0,1729740,2.0,7,,0.0,1.0,3.0,A01,138Â 202Â 936,1.0
1013334,201900054865,2,15,09:21,1,2,1,1.0,6.0,29232,REPUBLIQUE RUE DE LA,M,"48,0033700"," -4,0880100",29,2019,50.0,1.0,1.0,4.0,2266114,1.0,1,1,1,3.0,,0.0,0,1925.0,A01,138Â 202Â 936,1.0,0.0,-1.0,1729740,2.0,7,,0.0,1.0,3.0,A01,138Â 202Â 936,1.0
1013335,201900054866,6,18,21:45,5,2,3,1.0,3.0,06029,BLANC (RUE LOUIS),M,"43,5531856","7,0127002",6,2019,50.0,1.0,1.0,4.0,2266115,1.0,1,3,1,0.0,,0.0,0,1968.0,B01,138Â 202Â 935,2.0,6.0,-1.0,1729741,3.0,30,,0.0,2.0,1.0,B01,138Â 202Â 935,1.0
1013335,201900054866,6,18,21:45,5,2,3,1.0,3.0,06029,BLANC (RUE LOUIS),M,"43,5531856","7,0127002",6,2019,50.0,1.0,1.0,4.0,2266115,1.0,1,3,1,0.0,,0.0,0,1968.0,B01,138Â 202Â 935,2.0,6.0,-1.0,1729742,1.0,7,,0.0,2.0,3.0,A01,138Â 202Â 937,1.0
1013335,201900054866,6,18,21:45,5,2,3,1.0,3.0,06029,BLANC (RUE LOUIS),M,"43,5531856","7,0127002",6,2019,50.0,1.0,1.0,4.0,2266116,4.0,2,1,1,4.0,,0.0,0,1988.0,A01,138Â 202Â 937,1.0,0.0,-1.0,1729741,3.0,30,,0.0,2.0,1.0,B01,138Â 202Â 935,1.0
1013335,201900054866,6,18,21:45,5,2,3,1.0,3.0,06029,BLANC (RUE LOUIS),M,"43,5531856","7,0127002",6,2019,50.0,1.0,1.0,4.0,2266116,4.0,2,1,1,4.0,,0.0,0,1988.0,A01,138Â 202Â 937,1.0,0.0,-1.0,1729742,1.0,7,,0.0,2.0,3.0,A01,138Â 202Â 937,1.0
1013335,201900054866,6,18,21:45,5,2,3,1.0,3.0,06029,BLANC (RUE LOUIS),M,"43,5531856","7,0127002",6,2019,50.0,1.0,1.0,4.0,2266117,1.0,1,1,1,4.0,,0.0,0,1977.0,A01,138Â 202Â 937,1.0,0.0,-1.0,1729741,3.0,30,,0.0,2.0,1.0,B01,138Â 202Â 935,1.0