Unnamed: 0_x,num_acc,mois,jour,hrmn,lum,agg,int,atm,col,com,adr,gps,lat,long,dep,annee,vma,situ,surf,catr,Unnamed: 0_y,place,catu,grav,sexe,trajet,secu,locp,actp,an_nais,num_veh_x,id_vehicule_x,secu1,secu2,secu3,Unnamed: 0,senc,catv,occutc,obs,obsm,choc,num_veh_y,id_vehicule_y,motor
1013335,201900054866,6,18,21:45,5,2,3,1.0,3.0,06029,BLANC (RUE LOUIS),M,"43,5531856","7,0127002",6,2019,50.0,1.0,1.0,4.0,2266117,1.0,1,1,1,4.0,,0.0,0,1977.0,A01,138Â 202Â 937,1.0,0.0,-1.0,1729742,1.0,7,,0.0,2.0,3.0,A01,138Â 202Â 937,1.0
1013335,201900054866,6,18,21:45,5,2,3,1.0,3.0,06029,BLANC (RUE LOUIS),M,"43,5531856","7,0127002",6,2019,50.0,1.0,1.0,4.0,2266118,2.0,2,1,2,4.0,,0.0,0,1988.0,A01,138Â 202Â 937,1.0,0.0,-1.0,1729741,3.0,30,,0.0,2.0,1.0,B01,138Â 202Â 935,1.0
1013335,201900054866,6,18,21:45,5,2,3,1.0,3.0,06029,BLANC (RUE LOUIS),M,"43,5531856","7,0127002",6,2019,50.0,1.0,1.0,4.0,2266118,2.0,2,1,2,4.0,,0.0,0,1988.0,A01,138Â 202Â 937,1.0,0.0,-1.0,1729742,1.0,7,,0.0,2.0,3.0,A01,138Â 202Â 937,1.0
1013336,201900054867,6,8,16:00,1,2,9,1.0,2.0,06029,LORRAINE (BOULEVARD DE),M,"43,5528480","7,0279850",6,2019,50.0,1.0,1.0,4.0,2266119,1.0,1,4,1,5.0,,0.0,0,1935.0,B01,138Â 202Â 924,2.0,0.0,-1.0,1729743,3.0,32,,0.0,2.0,4.0,B01,138Â 202Â 924,1.0
1013336,201900054867,6,8,16:00,1,2,9,1.0,2.0,06029,LORRAINE (BOULEVARD DE),M,"43,5528480","7,0279850",6,2019,50.0,1.0,1.0,4.0,2266119,1.0,1,4,1,5.0,,0.0,0,1935.0,B01,138Â 202Â 924,2.0,0.0,-1.0,1729744,3.0,7,,0.0,2.0,4.0,A01,138Â 202Â 925,1.0
1013336,201900054867,6,8,16:00,1,2,9,1.0,2.0,06029,LORRAINE (BOULEVARD DE),M,"43,5528480","7,0279850",6,2019,50.0,1.0,1.0,4.0,2266120,1.0,1,1,1,5.0,,0.0,0,1939.0,A01,138Â 202Â 925,1.0,0.0,-1.0,1729743,3.0,32,,0.0,2.0,4.0,B01,138Â 202Â 924,1.0
1013336,201900054867,6,8,16:00,1,2,9,1.0,2.0,06029,LORRAINE (BOULEVARD DE),M,"43,5528480","7,0279850",6,2019,50.0,1.0,1.0,4.0,2266120,1.0,1,1,1,5.0,,0.0,0,1939.0,A01,138Â 202Â 925,1.0,0.0,-1.0,1729744,3.0,7,,0.0,2.0,4.0,A01,138Â 202Â 925,1.0
1013337,201900054868,6,6,15:45,1,2,2,1.0,3.0,06029,CROISETTE (BOULEVARD DE LA),M,"43,5459410","7,0339160",6,2019,50.0,1.0,1.0,4.0,2266121,1.0,1,4,2,0.0,,0.0,0,1997.0,A01,138Â 202Â 922,2.0,6.0,-1.0,1729745,1.0,30,,0.0,2.0,1.0,A01,138Â 202Â 922,0.0
1013337,201900054868,6,6,15:45,1,2,2,1.0,3.0,06029,CROISETTE (BOULEVARD DE LA),M,"43,5459410","7,0339160",6,2019,50.0,1.0,1.0,4.0,2266121,1.0,1,4,2,0.0,,0.0,0,1997.0,A01,138Â 202Â 922,2.0,6.0,-1.0,1729746,0.0,7,,0.0,2.0,0.0,B01,138Â 202Â 923,0.0
1013337,201900054868,6,6,15:45,1,2,2,1.0,3.0,06029,CROISETTE (BOULEVARD DE LA),M,"43,5459410","7,0339160",6,2019,50.0,1.0,1.0,4.0,2266122,1.0,1,1,1,5.0,,0.0,0,1997.0,B01,138Â 202Â 923,1.0,0.0,-1.0,1729745,1.0,30,,0.0,2.0,1.0,A01,138Â 202Â 922,0.0
1013337,201900054868,6,6,15:45,1,2,2,1.0,3.0,06029,CROISETTE (BOULEVARD DE LA),M,"43,5459410","7,0339160",6,2019,50.0,1.0,1.0,4.0,2266122,1.0,1,1,1,5.0,,0.0,0,1997.0,B01,138Â 202Â 923,1.0,0.0,-1.0,1729746,0.0,7,,0.0,2.0,0.0,B01,138Â 202Â 923,0.0
1013338,201900054869,2,9,21:30,5,2,2,2.0,2.0,14715,FERNAND MOUREAUX (BOULEVARD),M,"49,3643615","0,0827146",14,2019,30.0,1.0,2.0,4.0,2266123,1.0,1,1,1,5.0,,-1.0, -1,1994.0,B01,138Â 202Â 920,1.0,0.0,-1.0,1729747,3.0,7,,0.0,0.0,6.0,B01,138Â 202Â 920,1.0
1013338,201900054869,2,9,21:30,5,2,2,2.0,2.0,14715,FERNAND MOUREAUX (BOULEVARD),M,"49,3643615","0,0827146",14,2019,30.0,1.0,2.0,4.0,2266123,1.0,1,1,1,5.0,,-1.0, -1,1994.0,B01,138Â 202Â 920,1.0,0.0,-1.0,1729748,3.0,30,,0.0,2.0,1.0,A01,138Â 202Â 921,1.0
1013338,201900054869,2,9,21:30,5,2,2,2.0,2.0,14715,FERNAND MOUREAUX (BOULEVARD),M,"49,3643615","0,0827146",14,2019,30.0,1.0,2.0,4.0,2266124,1.0,1,4,1,4.0,,-1.0, -1,2000.0,A01,138Â 202Â 921,2.0,6.0,-1.0,1729747,3.0,7,,0.0,0.0,6.0,B01,138Â 202Â 920,1.0
1013338,201900054869,2,9,21:30,5,2,2,2.0,2.0,14715,FERNAND MOUREAUX (BOULEVARD),M,"49,3643615","0,0827146",14,2019,30.0,1.0,2.0,4.0,2266124,1.0,1,4,1,4.0,,-1.0, -1,2000.0,A01,138Â 202Â 921,2.0,6.0,-1.0,1729748,3.0,30,,0.0,2.0,1.0,A01,138Â 202Â 921,1.0
1013339,201900054870,6,5,12:00,1,2,1,1.0,3.0,06029,DIX HUIT JUIN (PLACE DU),M,"43,5539980","7,0170570",6,2019,50.0,1.0,1.0,4.0,2266125,1.0,1,4,1,5.0,,0.0,0,1956.0,B01,138Â 202Â 917,2.0,8.0,-1.0,1729749,1.0,32,,0.0,2.0,8.0,B01,138Â 202Â 917,1.0
1013339,201900054870,6,5,12:00,1,2,1,1.0,3.0,06029,DIX HUIT JUIN (PLACE DU),M,"43,5539980","7,0170570",6,2019,50.0,1.0,1.0,4.0,2266125,1.0,1,4,1,5.0,,0.0,0,1956.0,B01,138Â 202Â 917,2.0,8.0,-1.0,1729750,1.0,10,,0.0,2.0,1.0,A01,138Â 202Â 919,1.0
1013339,201900054870,6,5,12:00,1,2,1,1.0,3.0,06029,DIX HUIT JUIN (PLACE DU),M,"43,5539980","7,0170570",6,2019,50.0,1.0,1.0,4.0,2266126,1.0,1,1,2,0.0,,0.0,0,1964.0,A01,138Â 202Â 919,1.0,8.0,-1.0,1729749,1.0,32,,0.0,2.0,8.0,B01,138Â 202Â 917,1.0
1013339,201900054870,6,5,12:00,1,2,1,1.0,3.0,06029,DIX HUIT JUIN (PLACE DU),M,"43,5539980","7,0170570",6,2019,50.0,1.0,1.0,4.0,2266126,1.0,1,1,2,0.0,,0.0,0,1964.0,A01,138Â 202Â 919,1.0,8.0,-1.0,1729750,1.0,10,,0.0,2.0,1.0,A01,138Â 202Â 919,1.0
1013340,201900054871,2,12,07:15,2,2,1,1.0,6.0,06123,DE GAULLE GENERAL AVENUE,M,"43,6624200","7,1940800",6,2019,20.0,1.0,1.0,7.0,2266127,10.0,3,4,1,9.0,,3.0,3,1960.0,A01,138Â 202Â 915,8.0,0.0,-1.0,1729751,1.0,7,,0.0,1.0,2.0,A01,138Â 202Â 915,1.0
1013340,201900054871,2,12,07:15,2,2,1,1.0,6.0,06123,DE GAULLE GENERAL AVENUE,M,"43,6624200","7,1940800",6,2019,20.0,1.0,1.0,7.0,2266128,1.0,1,1,1,1.0,,0.0,0,1967.0,A01,138Â 202Â 915,1.0,0.0,-1.0,1729751,1.0,7,,0.0,1.0,2.0,A01,138Â 202Â 915,1.0
1013341,201900054872,5,31,21:50,5,2,6,1.0,3.0,06029,ANTIBES (RUE D'),M,"43,5513486","7,0295298",6,2019,50.0,1.0,1.0,9.0,2266129,1.0,1,3,1,0.0,,0.0,0,1962.0,B01,138Â 202Â 916,2.0,6.0,-1.0,1729752,3.0,7,,0.0,2.0,1.0,A01,138Â 202Â 914,0.0
1013341,201900054872,5,31,21:50,5,2,6,1.0,3.0,06029,ANTIBES (RUE D'),M,"43,5513486","7,0295298",6,2019,50.0,1.0,1.0,9.0,2266129,1.0,1,3,1,0.0,,0.0,0,1962.0,B01,138Â 202Â 916,2.0,6.0,-1.0,1729753,3.0,32,,0.0,2.0,5.0,B01,138Â 202Â 916,0.0
1013342,201900054873,2,14,15:30,1,2,2,1.0,3.0,93072,MAXIME GORKI (BOULEVARD) NÂ°72 AU 80,M,"48,9497800","2,3860000",93,2019,50.0,1.0,1.0,3.0,2266130,1.0,1,1,1,0.0,,-1.0, -1,1973.0,B01,138Â 202Â 912,1.0,0.0,-1.0,1729754,2.0,10,,0.0,2.0,6.0,B01,138Â 202Â 912,0.0
1013342,201900054873,2,14,15:30,1,2,2,1.0,3.0,93072,MAXIME GORKI (BOULEVARD) NÂ°72 AU 80,M,"48,9497800","2,3860000",93,2019,50.0,1.0,1.0,3.0,2266130,1.0,1,1,1,0.0,,-1.0, -1,1973.0,B01,138Â 202Â 912,1.0,0.0,-1.0,1729755,2.0,3,,0.0,2.0,3.0,A01,138Â 202Â 913,0.0
1013342,201900054873,2,14,15:30,1,2,2,1.0,3.0,93072,MAXIME GORKI (BOULEVARD) NÂ°72 AU 80,M,"48,9497800","2,3860000",93,2019,50.0,1.0,1.0,3.0,2266131,1.0,1,4,2,0.0,,-1.0, -1,1997.0,A01,138Â 202Â 913,1.0,0.0,-1.0,1729754,2.0,10,,0.0,2.0,6.0,B01,138Â 202Â 912,0.0
1013342,201900054873,2,14,15:30,1,2,2,1.0,3.0,93072,MAXIME GORKI (BOULEVARD) NÂ°72 AU 80,M,"48,9497800","2,3860000",93,2019,50.0,1.0,1.0,3.0,2266131,1.0,1,4,2,0.0,,-1.0, -1,1997.0,A01,138Â 202Â 913,1.0,0.0,-1.0,1729755,2.0,3,,0.0,2.0,3.0,A01,138Â 202Â 913,0.0
1013343,201900054874,6,15,22:15,5,2,9,1.0,3.0,06123,PONANT AVENUE DU,M,"43,6585020","7,1883360",6,2019,50.0,1.0,1.0,7.0,2266132,1.0,1,4,1,0.0,,0.0,0,2002.0,A01,138Â 202Â 910,2.0,0.0,-1.0,1729756,3.0,32,,0.0,2.0,3.0,A01,138Â 202Â 910,1.0
1013343,201900054874,6,15,22:15,5,2,9,1.0,3.0,06123,PONANT AVENUE DU,M,"43,6585020","7,1883360",6,2019,50.0,1.0,1.0,7.0,2266132,1.0,1,4,1,0.0,,0.0,0,2002.0,A01,138Â 202Â 910,2.0,0.0,-1.0,1729757,3.0,7,,0.0,2.0,3.0,B01,138Â 202Â 911,0.0
1013343,201900054874,6,15,22:15,5,2,9,1.0,3.0,06123,PONANT AVENUE DU,M,"43,6585020","7,1883360",6,2019,50.0,1.0,1.0,7.0,2266133,1.0,1,1,2,0.0,,0.0,0,2000.0,B01,138Â 202Â 911,1.0,0.0,-1.0,1729756,3.0,32,,0.0,2.0,3.0,A01,138Â 202Â 910,1.0
1013343,201900054874,6,15,22:15,5,2,9,1.0,3.0,06123,PONANT AVENUE DU,M,"43,6585020","7,1883360",6,2019,50.0,1.0,1.0,7.0,2266133,1.0,1,1,2,0.0,,0.0,0,2000.0,B01,138Â 202Â 911,1.0,0.0,-1.0,1729757,3.0,7,,0.0,2.0,3.0,B01,138Â 202Â 911,0.0
1013344,201900054875,6,15,09:35,1,2,1,1.0,6.0,06123,LIBERATION AVENUE DE LA,M,"43,6692800","7,1893500",6,2019,50.0,1.0,1.0,7.0,2266134,1.0,1,1,1,5.0,,0.0,0,1931.0,A01,138Â 202Â 908,1.0,0.0,-1.0,1729758,3.0,7,,0.0,1.0,8.0,A01,138Â 202Â 908,1.0
1013344,201900054875,6,15,09:35,1,2,1,1.0,6.0,06123,LIBERATION AVENUE DE LA,M,"43,6692800","7,1893500",6,2019,50.0,1.0,1.0,7.0,2266135,10.0,3,4,2,5.0,,2.0,3,1945.0,A01,138Â 202Â 908,8.0,0.0,-1.0,1729758,3.0,7,,0.0,1.0,8.0,A01,138Â 202Â 908,1.0
1013345,201900054876,2,13,16:05,1,2,1,1.0,6.0,93048,CHANZY (BOULEVARD),M,"48,8582400","2,4343100",93,2019,50.0,1.0,1.0,3.0,2266136,1.0,1,1,1,0.0,,-1.0, -1,1962.0,A01,138Â 202Â 909,1.0,0.0,-1.0,1729759,1.0,7,,0.0,1.0,3.0,A01,138Â 202Â 909,1.0
1013345,201900054876,2,13,16:05,1,2,1,1.0,6.0,93048,CHANZY (BOULEVARD),M,"48,8582400","2,4343100",93,2019,50.0,1.0,1.0,3.0,2266137,10.0,3,3,2,0.0,,2.0,3,2006.0,A01,138Â 202Â 909,8.0,0.0,-1.0,1729759,1.0,7,,0.0,1.0,3.0,A01,138Â 202Â 909,1.0
1013346,201900054877,6,14,11:15,1,2,1,1.0,1.0,06123,11 NOVEMBRE AVENUE DU,M,"43,6764000","7,1909000",6,2019,50.0,1.0,1.0,7.0,2266138,1.0,1,4,2,5.0,,0.0,0,1987.0,A01,138Â 202Â 906,2.0,0.0,-1.0,1729760,3.0,1,,0.0,2.0,8.0,A01,138Â 202Â 906,5.0
1013346,201900054877,6,14,11:15,1,2,1,1.0,1.0,06123,11 NOVEMBRE AVENUE DU,M,"43,6764000","7,1909000",6,2019,50.0,1.0,1.0,7.0,2266138,1.0,1,4,2,5.0,,0.0,0,1987.0,A01,138Â 202Â 906,2.0,0.0,-1.0,1729761,3.0,7,,0.0,6.0,1.0,B01,138Â 202Â 907,1.0
1013346,201900054877,6,14,11:15,1,2,1,1.0,1.0,06123,11 NOVEMBRE AVENUE DU,M,"43,6764000","7,1909000",6,2019,50.0,1.0,1.0,7.0,2266139,1.0,1,1,1,1.0,,0.0,0,1966.0,B01,138Â 202Â 907,1.0,8.0,-1.0,1729760,3.0,1,,0.0,2.0,8.0,A01,138Â 202Â 906,5.0
1013346,201900054877,6,14,11:15,1,2,1,1.0,1.0,06123,11 NOVEMBRE AVENUE DU,M,"43,6764000","7,1909000",6,2019,50.0,1.0,1.0,7.0,2266139,1.0,1,1,1,1.0,,0.0,0,1966.0,B01,138Â 202Â 907,1.0,8.0,-1.0,1729761,3.0,7,,0.0,6.0,1.0,B01,138Â 202Â 907,1.0
1013347,201900054878,6,12,08:40,1,2,1,1.0,6.0,06123,BORD DE MER RN 98,M,"43,6569100","7,1805000",6,2019,50.0,1.0,1.0,7.0,2266140,10.0,3,3,2,0.0,,4.0,3,1948.0,A01,138Â 202Â 903,8.0,0.0,-1.0,1729762,3.0,7,,0.0,1.0,1.0,A01,138Â 202Â 903,1.0
1013347,201900054878,6,12,08:40,1,2,1,1.0,6.0,06123,BORD DE MER RN 98,M,"43,6569100","7,1805000",6,2019,50.0,1.0,1.0,7.0,2266141,1.0,1,1,1,1.0,,0.0,0,1967.0,A01,138Â 202Â 903,1.0,0.0,-1.0,1729762,3.0,7,,0.0,1.0,1.0,A01,138Â 202Â 903,1.0
1013348,201900054879,6,11,18:55,1,2,1,1.0,6.0,06027,NICE AVENUE DE (RN7),M,"43,6551200","7,1516200",6,2019,50.0,1.0,1.0,7.0,2266142,10.0,3,4,1,0.0,,4.0,3,1968.0,A01,138Â 202Â 900,0.0,0.0,-1.0,1729763,3.0,7,,0.0,1.0,1.0,A01,138Â 202Â 900,1.0
1013348,201900054879,6,11,18:55,1,2,1,1.0,6.0,06027,NICE AVENUE DE (RN7),M,"43,6551200","7,1516200",6,2019,50.0,1.0,1.0,7.0,2266143,1.0,1,1,2,9.0,,0.0,0,1992.0,A01,138Â 202Â 900,1.0,0.0,-1.0,1729763,3.0,7,,0.0,1.0,1.0,A01,138Â 202Â 900,1.0
1013349,201900054880,2,12,19:45,3,1,1,1.0,2.0,95252,AUTOROUTE A115,M,"48,9849900","2,2418600",95,2019,90.0,1.0,1.0,1.0,2266144,1.0,1,1,2,0.0,,-1.0,0,1992.0,B01,138Â 202Â 897,1.0,0.0,-1.0,1729764,1.0,7,,0.0,2.0,6.0,B01,138Â 202Â 897,1.0
1013349,201900054880,2,12,19:45,3,1,1,1.0,2.0,95252,AUTOROUTE A115,M,"48,9849900","2,2418600",95,2019,90.0,1.0,1.0,1.0,2266144,1.0,1,1,2,0.0,,-1.0,0,1992.0,B01,138Â 202Â 897,1.0,0.0,-1.0,1729765,1.0,33,,0.0,2.0,1.0,A01,138Â 202Â 899,1.0
1013349,201900054880,2,12,19:45,3,1,1,1.0,2.0,95252,AUTOROUTE A115,M,"48,9849900","2,2418600",95,2019,90.0,1.0,1.0,1.0,2266145,1.0,1,4,1,1.0,,-1.0,0,1972.0,A01,138Â 202Â 899,2.0,6.0,-1.0,1729764,1.0,7,,0.0,2.0,6.0,B01,138Â 202Â 897,1.0
1013349,201900054880,2,12,19:45,3,1,1,1.0,2.0,95252,AUTOROUTE A115,M,"48,9849900","2,2418600",95,2019,90.0,1.0,1.0,1.0,2266145,1.0,1,4,1,1.0,,-1.0,0,1972.0,A01,138Â 202Â 899,2.0,6.0,-1.0,1729765,1.0,33,,0.0,2.0,1.0,A01,138Â 202Â 899,1.0
1013350,201900054881,2,12,19:00,3,1,1,1.0,2.0,95219,AUTOROUTE A115,M,"48,9892900","2,2439400",95,2019,90.0,1.0,1.0,1.0,2266146,1.0,1,1,2,0.0,,-1.0,0,1985.0,B01,138Â 202Â 893,1.0,8.0,-1.0,1729766,1.0,7,,0.0,2.0,4.0,B01,138Â 202Â 893,1.0
1013350,201900054881,2,12,19:00,3,1,1,1.0,2.0,95219,AUTOROUTE A115,M,"48,9892900","2,2439400",95,2019,90.0,1.0,1.0,1.0,2266146,1.0,1,1,2,0.0,,-1.0,0,1985.0,B01,138Â 202Â 893,1.0,8.0,-1.0,1729767,1.0,33,,0.0,2.0,1.0,A01,138Â 202Â 895,1.0
1013350,201900054881,2,12,19:00,3,1,1,1.0,2.0,95219,AUTOROUTE A115,M,"48,9892900","2,2439400",95,2019,90.0,1.0,1.0,1.0,2266147,1.0,1,4,1,0.0,,-1.0,0,1990.0,A01,138Â 202Â 895,2.0,8.0,-1.0,1729766,1.0,7,,0.0,2.0,4.0,B01,138Â 202Â 893,1.0
1013350,201900054881,2,12,19:00,3,1,1,1.0,2.0,95219,AUTOROUTE A115,M,"48,9892900","2,2439400",95,2019,90.0,1.0,1.0,1.0,2266147,1.0,1,4,1,0.0,,-1.0,0,1990.0,A01,138Â 202Â 895,2.0,8.0,-1.0,1729767,1.0,33,,0.0,2.0,1.0,A01,138Â 202Â 895,1.0
1013351,201900054882,6,11,08:00,1,2,1,1.0,2.0,06123,BORD DE MER RN 98,M,"43,6635100","7,1982600",6,2019,70.0,1.0,1.0,7.0,2266148,1.0,1,4,2,4.0,,0.0,0,1991.0,A01,138Â 202Â 892,1.0,0.0,-1.0,1729768,3.0,10,,0.0,2.0,1.0,A01,138Â 202Â 892,1.0
1013351,201900054882,6,11,08:00,1,2,1,1.0,2.0,06123,BORD DE MER RN 98,M,"43,6635100","7,1982600",6,2019,70.0,1.0,1.0,7.0,2266148,1.0,1,4,2,4.0,,0.0,0,1991.0,A01,138Â 202Â 892,1.0,0.0,-1.0,1729769,3.0,10,,0.0,2.0,4.0,B01,138Â 202Â 894,1.0
1013351,201900054882,6,11,08:00,1,2,1,1.0,2.0,06123,BORD DE MER RN 98,M,"43,6635100","7,1982600",6,2019,70.0,1.0,1.0,7.0,2266149,1.0,1,1,1,4.0,,0.0,0,1983.0,B01,138Â 202Â 894,1.0,0.0,-1.0,1729768,3.0,10,,0.0,2.0,1.0,A01,138Â 202Â 892,1.0
1013351,201900054882,6,11,08:00,1,2,1,1.0,2.0,06123,BORD DE MER RN 98,M,"43,6635100","7,1982600",6,2019,70.0,1.0,1.0,7.0,2266149,1.0,1,1,1,4.0,,0.0,0,1983.0,B01,138Â 202Â 894,1.0,0.0,-1.0,1729769,3.0,10,,0.0,2.0,4.0,B01,138Â 202Â 894,1.0
1013352,201900054883,2,16,00:20,5,1,1,2.0,6.0,98818,VE1 SENS SUD/NORD,M," -22,2496800","166,4503500",988,2019,70.0,1.0,2.0,1.0,2266150,1.0,1,4,2,0.0,,0.0,0,1974.0,A01,138Â 202Â 891,1.0,1.0,-1.0,1729770,1.0,7,,4.0,0.0,1.0,A01,138Â 202Â 891,1.0
1013353,201900054884,6,8,02:50,3,2,1,1.0,1.0,06027,FRANCE ROUTE DE,M,"43,6608160","7,1294760",6,2019,50.0,1.0,1.0,4.0,2266151,5.0,2,4,1,5.0,,0.0,0,2002.0,A01,138Â 202Â 889,2.0,6.0,-1.0,1729771,1.0,30,,0.0,2.0,1.0,A01,138Â 202Â 889,1.0
1013353,201900054884,6,8,02:50,3,2,1,1.0,1.0,06027,FRANCE ROUTE DE,M,"43,6608160","7,1294760",6,2019,50.0,1.0,1.0,4.0,2266151,5.0,2,4,1,5.0,,0.0,0,2002.0,A01,138Â 202Â 889,2.0,6.0,-1.0,1729772,1.0,7,,0.0,2.0,1.0,B01,138Â 202Â 890,1.0
1013353,201900054884,6,8,02:50,3,2,1,1.0,1.0,06027,FRANCE ROUTE DE,M,"43,6608160","7,1294760",6,2019,50.0,1.0,1.0,4.0,2266152,1.0,1,4,1,5.0,,0.0,0,2002.0,A01,138Â 202Â 889,2.0,6.0,-1.0,1729771,1.0,30,,0.0,2.0,1.0,A01,138Â 202Â 889,1.0
1013353,201900054884,6,8,02:50,3,2,1,1.0,1.0,06027,FRANCE ROUTE DE,M,"43,6608160","7,1294760",6,2019,50.0,1.0,1.0,4.0,2266152,1.0,1,4,1,5.0,,0.0,0,2002.0,A01,138Â 202Â 889,2.0,6.0,-1.0,1729772,1.0,7,,0.0,2.0,1.0,B01,138Â 202Â 890,1.0
1013353,201900054884,6,8,02:50,3,2,1,1.0,1.0,06027,FRANCE ROUTE DE,M,"43,6608160","7,1294760",6,2019,50.0,1.0,1.0,4.0,2266153,1.0,1,1,2,0.0,,-1.0, -1,1962.0,B01,138Â 202Â 890,1.0,0.0,-1.0,1729771,1.0,30,,0.0,2.0,1.0,A01,138Â 202Â 889,1.0
1013353,201900054884,6,8,02:50,3,2,1,1.0,1.0,06027,FRANCE ROUTE DE,M,"43,6608160","7,1294760",6,2019,50.0,1.0,1.0,4.0,2266153,1.0,1,1,2,0.0,,-1.0, -1,1962.0,B01,138Â 202Â 890,1.0,0.0,-1.0,1729772,1.0,7,,0.0,2.0,1.0,B01,138Â 202Â 890,1.0
1013354,201900054885,2,14,06:00,1,1,1,2.0,6.0,98818,VE1,M," -22,2499300","166,4498700",988,2019,70.0,1.0,2.0,1.0,2266154,1.0,1,4,2,1.0,,0.0,0,1976.0,A01,138Â 202Â 888,1.0,1.0,-1.0,1729773,2.0,7,,3.0,0.0,1.0,A01,138Â 202Â 888,1.0
1013355,201900054886,6,6,09:25,1,2,9,1.0,6.0,06027,GARE AVENUE DE LA,M,"43,6615000","7,1488800",6,2019,50.0,1.0,1.0,7.0,2266155,10.0,3,4,2,5.0,,3.0,3,1973.0,A01,138Â 202Â 887,8.0,0.0,-1.0,1729774,1.0,7,,0.0,1.0,1.0,A01,138Â 202Â 887,1.0
1013355,201900054886,6,6,09:25,1,2,9,1.0,6.0,06027,GARE AVENUE DE LA,M,"43,6615000","7,1488800",6,2019,50.0,1.0,1.0,7.0,2266156,1.0,1,1,1,5.0,,0.0,0,1948.0,A01,138Â 202Â 887,1.0,0.0,-1.0,1729774,1.0,7,,0.0,1.0,1.0,A01,138Â 202Â 887,1.0
1013356,201900054887,2,2,17:00,1,2,3,1.0,3.0,98736,AFARERII (RUE),M," -17,5292100"," -149,5536300",987,2019,50.0,2.0,1.0,4.0,2266157,1.0,1,4,1,5.0,,-1.0, -1,1972.0,B01,138Â 202Â 885,2.0,8.0,-1.0,1729775,2.0,32,,0.0,2.0,1.0,B01,138Â 202Â 885,1.0
1013356,201900054887,2,2,17:00,1,2,3,1.0,3.0,98736,AFARERII (RUE),M," -17,5292100"," -149,5536300",987,2019,50.0,2.0,1.0,4.0,2266157,1.0,1,4,1,5.0,,-1.0, -1,1972.0,B01,138Â 202Â 885,2.0,8.0,-1.0,1729776,1.0,10,,0.0,2.0,3.0,A01,138Â 202Â 886,1.0
1013356,201900054887,2,2,17:00,1,2,3,1.0,3.0,98736,AFARERII (RUE),M," -17,5292100"," -149,5536300",987,2019,50.0,2.0,1.0,4.0,2266158,1.0,1,1,2,0.0,,-1.0, -1,1991.0,A01,138Â 202Â 886,8.0,0.0,-1.0,1729775,2.0,32,,0.0,2.0,1.0,B01,138Â 202Â 885,1.0
1013356,201900054887,2,2,17:00,1,2,3,1.0,3.0,98736,AFARERII (RUE),M," -17,5292100"," -149,5536300",987,2019,50.0,2.0,1.0,4.0,2266158,1.0,1,1,2,0.0,,-1.0, -1,1991.0,A01,138Â 202Â 886,8.0,0.0,-1.0,1729776,1.0,10,,0.0,2.0,3.0,A01,138Â 202Â 886,1.0
1013357,201900054888,6,6,10:50,1,2,9,1.0,3.0,06027,VAL FLEURI CHEMIN DU,M,"43,6655780","7,1702280",6,2019,50.0,1.0,1.0,4.0,2266159,1.0,1,4,1,0.0,,0.0,0,1978.0,B01,138Â 202Â 883,1.0,0.0,-1.0,1729777,3.0,7,,0.0,2.0,8.0,B01,138Â 202Â 883,1.0
1013357,201900054888,6,6,10:50,1,2,9,1.0,3.0,06027,VAL FLEURI CHEMIN DU,M,"43,6655780","7,1702280",6,2019,50.0,1.0,1.0,4.0,2266159,1.0,1,4,1,0.0,,0.0,0,1978.0,B01,138Â 202Â 883,1.0,0.0,-1.0,1729778,3.0,33,,0.0,2.0,1.0,A01,138Â 202Â 884,1.0
1013357,201900054888,6,6,10:50,1,2,9,1.0,3.0,06027,VAL FLEURI CHEMIN DU,M,"43,6655780","7,1702280",6,2019,50.0,1.0,1.0,4.0,2266160,1.0,1,1,1,0.0,,0.0,0,1988.0,A01,138Â 202Â 884,2.0,0.0,-1.0,1729777,3.0,7,,0.0,2.0,8.0,B01,138Â 202Â 883,1.0
1013357,201900054888,6,6,10:50,1,2,9,1.0,3.0,06027,VAL FLEURI CHEMIN DU,M,"43,6655780","7,1702280",6,2019,50.0,1.0,1.0,4.0,2266160,1.0,1,1,1,0.0,,0.0,0,1988.0,A01,138Â 202Â 884,2.0,0.0,-1.0,1729778,3.0,33,,0.0,2.0,1.0,A01,138Â 202Â 884,1.0
1013358,201900054889,2,16,15:25,1,2,1,1.0,2.0,97611,doujani-CarriÃ¨re ( route de la ),M," -12,7932200","45,2142000",976,2019,50.0,1.0,1.0,9.0,2266161,1.0,1,1,1,9.0,,-1.0, -1,1986.0,B01,138Â 202Â 881,1.0,8.0,-1.0,1729779,2.0,7,,0.0,2.0,4.0,B01,138Â 202Â 881,1.0
1013358,201900054889,2,16,15:25,1,2,1,1.0,2.0,97611,doujani-CarriÃ¨re ( route de la ),M," -12,7932200","45,2142000",976,2019,50.0,1.0,1.0,9.0,2266161,1.0,1,1,1,9.0,,-1.0, -1,1986.0,B01,138Â 202Â 881,1.0,8.0,-1.0,1729780,2.0,30,,0.0,2.0,1.0,A01,138Â 202Â 882,1.0
1013358,201900054889,2,16,15:25,1,2,1,1.0,2.0,97611,doujani-CarriÃ¨re ( route de la ),M," -12,7932200","45,2142000",976,2019,50.0,1.0,1.0,9.0,2266162,1.0,1,4,1,9.0,,-1.0, -1,1992.0,A01,138Â 202Â 882,2.0,8.0,-1.0,1729779,2.0,7,,0.0,2.0,4.0,B01,138Â 202Â 881,1.0
1013358,201900054889,2,16,15:25,1,2,1,1.0,2.0,97611,doujani-CarriÃ¨re ( route de la ),M," -12,7932200","45,2142000",976,2019,50.0,1.0,1.0,9.0,2266162,1.0,1,4,1,9.0,,-1.0, -1,1992.0,A01,138Â 202Â 882,2.0,8.0,-1.0,1729780,2.0,30,,0.0,2.0,1.0,A01,138Â 202Â 882,1.0