Unnamed: 0_x,num_acc,mois,jour,hrmn,lum,agg,int,atm,col,com,adr,gps,lat,long,dep,annee,vma,situ,surf,catr,Unnamed: 0_y,place,catu,grav,sexe,trajet,secu,locp,actp,an_nais,num_veh_x,id_vehicule_x,secu1,secu2,secu3,Unnamed: 0,senc,catv,occutc,obs,obsm,choc,num_veh_y,id_vehicule_y,motor
1013359,201900054890,6,6,08:50,1,2,3,1.0,3.0,06027,NICE AVENUE DE (RN7),M,"43,6574200","7,1580600",6,2019,50.0,1.0,1.0,7.0,2266163,1.0,1,1,1,1.0,,0.0,0,1991.0,A01,138Â 202Â 879,2.0,6.0,-1.0,1729781,1.0,33,,0.0,2.0,3.0,A01,138Â 202Â 879,1.0
1013359,201900054890,6,6,08:50,1,2,3,1.0,3.0,06027,NICE AVENUE DE (RN7),M,"43,6574200","7,1580600",6,2019,50.0,1.0,1.0,7.0,2266163,1.0,1,1,1,1.0,,0.0,0,1991.0,A01,138Â 202Â 879,2.0,6.0,-1.0,1729782,2.0,31,,0.0,2.0,3.0,B01,138Â 202Â 880,1.0
1013359,201900054890,6,6,08:50,1,2,3,1.0,3.0,06027,NICE AVENUE DE (RN7),M,"43,6574200","7,1580600",6,2019,50.0,1.0,1.0,7.0,2266164,1.0,1,4,1,0.0,,0.0,0,1971.0,B01,138Â 202Â 880,2.0,6.0,-1.0,1729781,1.0,33,,0.0,2.0,3.0,A01,138Â 202Â 879,1.0
1013359,201900054890,6,6,08:50,1,2,3,1.0,3.0,06027,NICE AVENUE DE (RN7),M,"43,6574200","7,1580600",6,2019,50.0,1.0,1.0,7.0,2266164,1.0,1,4,1,0.0,,0.0,0,1971.0,B01,138Â 202Â 880,2.0,6.0,-1.0,1729782,2.0,31,,0.0,2.0,3.0,B01,138Â 202Â 880,1.0
1013360,201900054891,2,16,10:50,1,2,1,1.0,3.0,97611,kaweni-Madrasse (rue),M," -12,7752500","45,2219500",976,2019,50.0,1.0,1.0,7.0,2266165,1.0,1,4,1,5.0,,-1.0,0,1975.0,B01,138Â 202Â 877,1.0,0.0,-1.0,1729783,2.0,7,,0.0,2.0,1.0,B01,138Â 202Â 877,1.0
1013360,201900054891,2,16,10:50,1,2,1,1.0,3.0,97611,kaweni-Madrasse (rue),M," -12,7752500","45,2219500",976,2019,50.0,1.0,1.0,7.0,2266165,1.0,1,4,1,5.0,,-1.0,0,1975.0,B01,138Â 202Â 877,1.0,0.0,-1.0,1729784,1.0,34,,1.0,0.0,2.0,A01,138Â 202Â 878,1.0
1013360,201900054891,2,16,10:50,1,2,1,1.0,3.0,97611,kaweni-Madrasse (rue),M," -12,7752500","45,2219500",976,2019,50.0,1.0,1.0,7.0,2266166,2.0,1,4,1,5.0,,-1.0,0,1991.0,A01,138Â 202Â 878,2.0,0.0,-1.0,1729783,2.0,7,,0.0,2.0,1.0,B01,138Â 202Â 877,1.0
1013360,201900054891,2,16,10:50,1,2,1,1.0,3.0,97611,kaweni-Madrasse (rue),M," -12,7752500","45,2219500",976,2019,50.0,1.0,1.0,7.0,2266166,2.0,1,4,1,5.0,,-1.0,0,1991.0,A01,138Â 202Â 878,2.0,0.0,-1.0,1729784,1.0,34,,1.0,0.0,2.0,A01,138Â 202Â 878,1.0
1013361,201900054892,6,4,17:20,1,2,1,1.0,3.0,06123,DE GAULLE GENERAL AVENUE,M,"43,6675630","7,1923840",6,2019,50.0,1.0,1.0,7.0,2266167,2.0,2,4,1,5.0,,0.0,0,2004.0,B01,138Â 202Â 875,2.0,6.0,-1.0,1729785,2.0,2,,0.0,2.0,7.0,B01,138Â 202Â 875,1.0
1013361,201900054892,6,4,17:20,1,2,1,1.0,3.0,06123,DE GAULLE GENERAL AVENUE,M,"43,6675630","7,1923840",6,2019,50.0,1.0,1.0,7.0,2266167,2.0,2,4,1,5.0,,0.0,0,2004.0,B01,138Â 202Â 875,2.0,6.0,-1.0,1729786,3.0,7,,0.0,2.0,2.0,A01,138Â 202Â 876,1.0
1013361,201900054892,6,4,17:20,1,2,1,1.0,3.0,06123,DE GAULLE GENERAL AVENUE,M,"43,6675630","7,1923840",6,2019,50.0,1.0,1.0,7.0,2266168,1.0,1,1,1,5.0,,0.0,0,2004.0,B01,138Â 202Â 875,2.0,6.0,-1.0,1729785,2.0,2,,0.0,2.0,7.0,B01,138Â 202Â 875,1.0
1013361,201900054892,6,4,17:20,1,2,1,1.0,3.0,06123,DE GAULLE GENERAL AVENUE,M,"43,6675630","7,1923840",6,2019,50.0,1.0,1.0,7.0,2266168,1.0,1,1,1,5.0,,0.0,0,2004.0,B01,138Â 202Â 875,2.0,6.0,-1.0,1729786,3.0,7,,0.0,2.0,2.0,A01,138Â 202Â 876,1.0
1013361,201900054892,6,4,17:20,1,2,1,1.0,3.0,06123,DE GAULLE GENERAL AVENUE,M,"43,6675630","7,1923840",6,2019,50.0,1.0,1.0,7.0,2266169,1.0,1,1,1,1.0,,0.0,0,2000.0,A01,138Â 202Â 876,1.0,0.0,-1.0,1729785,2.0,2,,0.0,2.0,7.0,B01,138Â 202Â 875,1.0
1013361,201900054892,6,4,17:20,1,2,1,1.0,3.0,06123,DE GAULLE GENERAL AVENUE,M,"43,6675630","7,1923840",6,2019,50.0,1.0,1.0,7.0,2266169,1.0,1,1,1,1.0,,0.0,0,2000.0,A01,138Â 202Â 876,1.0,0.0,-1.0,1729786,3.0,7,,0.0,2.0,2.0,A01,138Â 202Â 876,1.0
1013362,201900054893,2,15,06:38,1,2,1,1.0,6.0,97611,cavani-Belle vue (rue),M," -12,7863600","45,2200700",976,2019,50.0,1.0,1.0,4.0,2266170,10.0,3,4,1,0.0,,1.0,3,1975.0,A01,138Â 202Â 872,8.0,0.0,-1.0,1729787,2.0,7,,0.0,1.0,1.0,A01,138Â 202Â 872,1.0
1013362,201900054893,2,15,06:38,1,2,1,1.0,6.0,97611,cavani-Belle vue (rue),M," -12,7863600","45,2200700",976,2019,50.0,1.0,1.0,4.0,2266171,1.0,1,1,1,9.0,,-1.0,0,1972.0,A01,138Â 202Â 872,1.0,8.0,-1.0,1729787,2.0,7,,0.0,1.0,1.0,A01,138Â 202Â 872,1.0
1013363,201900054894,6,1,06:30,1,2,9,1.0,1.0,06123,VESPINS ROUTE DES,M,"43,6600200","7,1880300",6,2019,50.0,1.0,1.0,7.0,2266172,1.0,1,4,2,1.0,,0.0,0,1993.0,B01,138Â 202Â 870,1.0,0.0,-1.0,1729788,1.0,7,,0.0,2.0,1.0,B01,138Â 202Â 870,1.0
1013363,201900054894,6,1,06:30,1,2,9,1.0,1.0,06123,VESPINS ROUTE DES,M,"43,6600200","7,1880300",6,2019,50.0,1.0,1.0,7.0,2266172,1.0,1,4,2,1.0,,0.0,0,1993.0,B01,138Â 202Â 870,1.0,0.0,-1.0,1729789,2.0,7,,0.0,2.0,1.0,A01,138Â 202Â 871,1.0
1013363,201900054894,6,1,06:30,1,2,9,1.0,1.0,06123,VESPINS ROUTE DES,M,"43,6600200","7,1880300",6,2019,50.0,1.0,1.0,7.0,2266173,1.0,1,1,1,1.0,,0.0,0,1977.0,A01,138Â 202Â 871,1.0,0.0,-1.0,1729788,1.0,7,,0.0,2.0,1.0,B01,138Â 202Â 870,1.0
1013363,201900054894,6,1,06:30,1,2,9,1.0,1.0,06123,VESPINS ROUTE DES,M,"43,6600200","7,1880300",6,2019,50.0,1.0,1.0,7.0,2266173,1.0,1,1,1,1.0,,0.0,0,1977.0,A01,138Â 202Â 871,1.0,0.0,-1.0,1729789,2.0,7,,0.0,2.0,1.0,A01,138Â 202Â 871,1.0
1013364,201900054895,2,16,18:10,1,1,9,1.0,7.0,97416,RN3 (ANCIENNE ROUTE),M," -21,3315600","55,4657300",974,2019,110.0,1.0,1.0,2.0,2266174,1.0,1,3,1,9.0,,-1.0, -1,1986.0,A01,138Â 202Â 869,2.0,8.0,-1.0,1729790,1.0,33,,0.0,0.0,8.0,A01,138Â 202Â 869,1.0
1013365,201900054896,6,1,05:20,5,2,9,1.0,1.0,06123,GARE ROUTE DE LA,M,"43,6619300","7,1936800",6,2019,50.0,1.0,1.0,7.0,2266175,1.0,1,4,2,1.0,,0.0,0,1990.0,B01,138Â 202Â 866,2.0,8.0,-1.0,1729791,1.0,33,,0.0,2.0,1.0,B01,138Â 202Â 866,1.0
1013365,201900054896,6,1,05:20,5,2,9,1.0,1.0,06123,GARE ROUTE DE LA,M,"43,6619300","7,1936800",6,2019,50.0,1.0,1.0,7.0,2266175,1.0,1,4,2,1.0,,0.0,0,1990.0,B01,138Â 202Â 866,2.0,8.0,-1.0,1729792,2.0,20,,0.0,2.0,1.0,A01,138Â 202Â 868,1.0
1013365,201900054896,6,1,05:20,5,2,9,1.0,1.0,06123,GARE ROUTE DE LA,M,"43,6619300","7,1936800",6,2019,50.0,1.0,1.0,7.0,2266176,1.0,1,1,1,1.0,,0.0,0,1960.0,A01,138Â 202Â 868,1.0,8.0,-1.0,1729791,1.0,33,,0.0,2.0,1.0,B01,138Â 202Â 866,1.0
1013365,201900054896,6,1,05:20,5,2,9,1.0,1.0,06123,GARE ROUTE DE LA,M,"43,6619300","7,1936800",6,2019,50.0,1.0,1.0,7.0,2266176,1.0,1,1,1,1.0,,0.0,0,1960.0,A01,138Â 202Â 868,1.0,8.0,-1.0,1729792,2.0,20,,0.0,2.0,1.0,A01,138Â 202Â 868,1.0
1013366,201900054897,2,15,07:50,1,2,1,1.0,4.0,97411,RN2/081,M," -20,8862500","55,4938400",974,2019,90.0,1.0,1.0,2.0,2266177,1.0,1,4,1,5.0,,-1.0, -1,1974.0,A01,138Â 202Â 864,1.0,4.0,-1.0,1729793,1.0,7,,0.0,2.0,1.0,A01,138Â 202Â 864,1.0
1013366,201900054897,2,15,07:50,1,2,1,1.0,4.0,97411,RN2/081,M," -20,8862500","55,4938400",974,2019,90.0,1.0,1.0,2.0,2266177,1.0,1,4,1,5.0,,-1.0, -1,1974.0,A01,138Â 202Â 864,1.0,4.0,-1.0,1729794,1.0,7,,0.0,4.0,6.0,C01,138Â 202Â 865,1.0
1013366,201900054897,2,15,07:50,1,2,1,1.0,4.0,97411,RN2/081,M," -20,8862500","55,4938400",974,2019,90.0,1.0,1.0,2.0,2266177,1.0,1,4,1,5.0,,-1.0, -1,1974.0,A01,138Â 202Â 864,1.0,4.0,-1.0,1729795,1.0,7,,0.0,2.0,4.0,B01,138Â 202Â 867,1.0
1013366,201900054897,2,15,07:50,1,2,1,1.0,4.0,97411,RN2/081,M," -20,8862500","55,4938400",974,2019,90.0,1.0,1.0,2.0,2266178,1.0,1,1,2,1.0,,-1.0, -1,1980.0,C01,138Â 202Â 865,1.0,8.0,-1.0,1729793,1.0,7,,0.0,2.0,1.0,A01,138Â 202Â 864,1.0
1013366,201900054897,2,15,07:50,1,2,1,1.0,4.0,97411,RN2/081,M," -20,8862500","55,4938400",974,2019,90.0,1.0,1.0,2.0,2266178,1.0,1,1,2,1.0,,-1.0, -1,1980.0,C01,138Â 202Â 865,1.0,8.0,-1.0,1729794,1.0,7,,0.0,4.0,6.0,C01,138Â 202Â 865,1.0
1013366,201900054897,2,15,07:50,1,2,1,1.0,4.0,97411,RN2/081,M," -20,8862500","55,4938400",974,2019,90.0,1.0,1.0,2.0,2266178,1.0,1,1,2,1.0,,-1.0, -1,1980.0,C01,138Â 202Â 865,1.0,8.0,-1.0,1729795,1.0,7,,0.0,2.0,4.0,B01,138Â 202Â 867,1.0
1013366,201900054897,2,15,07:50,1,2,1,1.0,4.0,97411,RN2/081,M," -20,8862500","55,4938400",974,2019,90.0,1.0,1.0,2.0,2266179,1.0,1,1,1,1.0,,-1.0, -1,1970.0,B01,138Â 202Â 867,1.0,4.0,-1.0,1729793,1.0,7,,0.0,2.0,1.0,A01,138Â 202Â 864,1.0
1013366,201900054897,2,15,07:50,1,2,1,1.0,4.0,97411,RN2/081,M," -20,8862500","55,4938400",974,2019,90.0,1.0,1.0,2.0,2266179,1.0,1,1,1,1.0,,-1.0, -1,1970.0,B01,138Â 202Â 867,1.0,4.0,-1.0,1729794,1.0,7,,0.0,4.0,6.0,C01,138Â 202Â 865,1.0
1013366,201900054897,2,15,07:50,1,2,1,1.0,4.0,97411,RN2/081,M," -20,8862500","55,4938400",974,2019,90.0,1.0,1.0,2.0,2266179,1.0,1,1,1,1.0,,-1.0, -1,1970.0,B01,138Â 202Â 867,1.0,4.0,-1.0,1729795,1.0,7,,0.0,2.0,4.0,B01,138Â 202Â 867,1.0
1013367,201900054898,5,31,14:40,1,2,9,1.0,5.0,06123,LECLERC GENERAL AVENUE,M,"43,6740470","7,1896900",6,2019,50.0,1.0,1.0,7.0,2266180,1.0,1,4,1,9.0,,0.0,0,2002.0,A01,138Â 202Â 859,2.0,8.0,-1.0,1729796,3.0,31,,1.0,2.0,2.0,A01,138Â 202Â 859,1.0
1013367,201900054898,5,31,14:40,1,2,9,1.0,5.0,06123,LECLERC GENERAL AVENUE,M,"43,6740470","7,1896900",6,2019,50.0,1.0,1.0,7.0,2266180,1.0,1,4,1,9.0,,0.0,0,2002.0,A01,138Â 202Â 859,2.0,8.0,-1.0,1729797,3.0,7,,1.0,2.0,8.0,B01,138Â 202Â 861,1.0
1013367,201900054898,5,31,14:40,1,2,9,1.0,5.0,06123,LECLERC GENERAL AVENUE,M,"43,6740470","7,1896900",6,2019,50.0,1.0,1.0,7.0,2266180,1.0,1,4,1,9.0,,0.0,0,2002.0,A01,138Â 202Â 859,2.0,8.0,-1.0,1729798,3.0,7,,0.0,0.0,6.0,C01,138Â 202Â 862,1.0
1013367,201900054898,5,31,14:40,1,2,9,1.0,5.0,06123,LECLERC GENERAL AVENUE,M,"43,6740470","7,1896900",6,2019,50.0,1.0,1.0,7.0,2266180,1.0,1,4,1,9.0,,0.0,0,2002.0,A01,138Â 202Â 859,2.0,8.0,-1.0,1729799,3.0,7,,0.0,0.0,3.0,D01,138Â 202Â 863,1.0
1013367,201900054898,5,31,14:40,1,2,9,1.0,5.0,06123,LECLERC GENERAL AVENUE,M,"43,6740470","7,1896900",6,2019,50.0,1.0,1.0,7.0,2266181,1.0,1,1,2,0.0,,0.0,0,1977.0,B01,138Â 202Â 861,1.0,0.0,-1.0,1729796,3.0,31,,1.0,2.0,2.0,A01,138Â 202Â 859,1.0
1013367,201900054898,5,31,14:40,1,2,9,1.0,5.0,06123,LECLERC GENERAL AVENUE,M,"43,6740470","7,1896900",6,2019,50.0,1.0,1.0,7.0,2266181,1.0,1,1,2,0.0,,0.0,0,1977.0,B01,138Â 202Â 861,1.0,0.0,-1.0,1729797,3.0,7,,1.0,2.0,8.0,B01,138Â 202Â 861,1.0
1013367,201900054898,5,31,14:40,1,2,9,1.0,5.0,06123,LECLERC GENERAL AVENUE,M,"43,6740470","7,1896900",6,2019,50.0,1.0,1.0,7.0,2266181,1.0,1,1,2,0.0,,0.0,0,1977.0,B01,138Â 202Â 861,1.0,0.0,-1.0,1729798,3.0,7,,0.0,0.0,6.0,C01,138Â 202Â 862,1.0
1013367,201900054898,5,31,14:40,1,2,9,1.0,5.0,06123,LECLERC GENERAL AVENUE,M,"43,6740470","7,1896900",6,2019,50.0,1.0,1.0,7.0,2266181,1.0,1,1,2,0.0,,0.0,0,1977.0,B01,138Â 202Â 861,1.0,0.0,-1.0,1729799,3.0,7,,0.0,0.0,3.0,D01,138Â 202Â 863,1.0
1013368,201900054899,2,15,19:50,5,2,1,1.0,3.0,97409,CRESSONNIERE (rue de la),M," -20,9689000","55,6567800",974,2019,50.0,1.0,1.0,4.0,2266182,1.0,1,1,1,5.0,,-1.0, -1,1989.0,B01,138Â 202Â 854,1.0,0.0,-1.0,1729800,1.0,7,,0.0,2.0,3.0,B01,138Â 202Â 854,0.0
1013368,201900054899,2,15,19:50,5,2,1,1.0,3.0,97409,CRESSONNIERE (rue de la),M," -20,9689000","55,6567800",974,2019,50.0,1.0,1.0,4.0,2266182,1.0,1,1,1,5.0,,-1.0, -1,1989.0,B01,138Â 202Â 854,1.0,0.0,-1.0,1729801,2.0,30,,0.0,2.0,1.0,A01,138Â 202Â 855,1.0
1013368,201900054899,2,15,19:50,5,2,1,1.0,3.0,97409,CRESSONNIERE (rue de la),M," -20,9689000","55,6567800",974,2019,50.0,1.0,1.0,4.0,2266183,1.0,1,4,1,5.0,,-1.0, -1,1981.0,A01,138Â 202Â 855,2.0,0.0,-1.0,1729800,1.0,7,,0.0,2.0,3.0,B01,138Â 202Â 854,0.0
1013368,201900054899,2,15,19:50,5,2,1,1.0,3.0,97409,CRESSONNIERE (rue de la),M," -20,9689000","55,6567800",974,2019,50.0,1.0,1.0,4.0,2266183,1.0,1,4,1,5.0,,-1.0, -1,1981.0,A01,138Â 202Â 855,2.0,0.0,-1.0,1729801,2.0,30,,0.0,2.0,1.0,A01,138Â 202Â 855,1.0
1013369,201900054900,6,8,08:39,1,2,1,1.0,6.0,06004,BORD DE MER RN.98 LA SIESTA,M,"43,5999000","7,1254900",6,2019,50.0,1.0,1.0,3.0,2266184,1.0,1,3,1,5.0,,0.0,0,1959.0,C01,138Â 202Â 851,8.0,8.0,-1.0,1729802,3.0,1,,0.0,2.0,4.0,C01,138Â 202Â 851,6.0
1013369,201900054900,6,8,08:39,1,2,1,1.0,6.0,06004,BORD DE MER RN.98 LA SIESTA,M,"43,5999000","7,1254900",6,2019,50.0,1.0,1.0,3.0,2266184,1.0,1,3,1,5.0,,0.0,0,1959.0,C01,138Â 202Â 851,8.0,8.0,-1.0,1729803,3.0,1,,0.0,2.0,4.0,B01,138Â 202Â 852,6.0
1013369,201900054900,6,8,08:39,1,2,1,1.0,6.0,06004,BORD DE MER RN.98 LA SIESTA,M,"43,5999000","7,1254900",6,2019,50.0,1.0,1.0,3.0,2266184,1.0,1,3,1,5.0,,0.0,0,1959.0,C01,138Â 202Â 851,8.0,8.0,-1.0,1729804,3.0,7,,0.0,2.0,2.0,A01,138Â 202Â 853,0.0
1013369,201900054900,6,8,08:39,1,2,1,1.0,6.0,06004,BORD DE MER RN.98 LA SIESTA,M,"43,5999000","7,1254900",6,2019,50.0,1.0,1.0,3.0,2266185,1.0,1,3,1,5.0,,0.0,0,1953.0,B01,138Â 202Â 852,8.0,8.0,-1.0,1729802,3.0,1,,0.0,2.0,4.0,C01,138Â 202Â 851,6.0
1013369,201900054900,6,8,08:39,1,2,1,1.0,6.0,06004,BORD DE MER RN.98 LA SIESTA,M,"43,5999000","7,1254900",6,2019,50.0,1.0,1.0,3.0,2266185,1.0,1,3,1,5.0,,0.0,0,1953.0,B01,138Â 202Â 852,8.0,8.0,-1.0,1729803,3.0,1,,0.0,2.0,4.0,B01,138Â 202Â 852,6.0
1013369,201900054900,6,8,08:39,1,2,1,1.0,6.0,06004,BORD DE MER RN.98 LA SIESTA,M,"43,5999000","7,1254900",6,2019,50.0,1.0,1.0,3.0,2266185,1.0,1,3,1,5.0,,0.0,0,1953.0,B01,138Â 202Â 852,8.0,8.0,-1.0,1729804,3.0,7,,0.0,2.0,2.0,A01,138Â 202Â 853,0.0
1013369,201900054900,6,8,08:39,1,2,1,1.0,6.0,06004,BORD DE MER RN.98 LA SIESTA,M,"43,5999000","7,1254900",6,2019,50.0,1.0,1.0,3.0,2266186,10.0,3,4,1,0.0,,6.0,1,1950.0,A01,138Â 202Â 853,8.0,0.0,-1.0,1729802,3.0,1,,0.0,2.0,4.0,C01,138Â 202Â 851,6.0
1013369,201900054900,6,8,08:39,1,2,1,1.0,6.0,06004,BORD DE MER RN.98 LA SIESTA,M,"43,5999000","7,1254900",6,2019,50.0,1.0,1.0,3.0,2266186,10.0,3,4,1,0.0,,6.0,1,1950.0,A01,138Â 202Â 853,8.0,0.0,-1.0,1729803,3.0,1,,0.0,2.0,4.0,B01,138Â 202Â 852,6.0
1013369,201900054900,6,8,08:39,1,2,1,1.0,6.0,06004,BORD DE MER RN.98 LA SIESTA,M,"43,5999000","7,1254900",6,2019,50.0,1.0,1.0,3.0,2266186,10.0,3,4,1,0.0,,6.0,1,1950.0,A01,138Â 202Â 853,8.0,0.0,-1.0,1729804,3.0,7,,0.0,2.0,2.0,A01,138Â 202Â 853,0.0
1013369,201900054900,6,8,08:39,1,2,1,1.0,6.0,06004,BORD DE MER RN.98 LA SIESTA,M,"43,5999000","7,1254900",6,2019,50.0,1.0,1.0,3.0,2266187,1.0,1,1,1,1.0,,0.0,0,1982.0,A01,138Â 202Â 853,1.0,8.0,-1.0,1729802,3.0,1,,0.0,2.0,4.0,C01,138Â 202Â 851,6.0
1013369,201900054900,6,8,08:39,1,2,1,1.0,6.0,06004,BORD DE MER RN.98 LA SIESTA,M,"43,5999000","7,1254900",6,2019,50.0,1.0,1.0,3.0,2266187,1.0,1,1,1,1.0,,0.0,0,1982.0,A01,138Â 202Â 853,1.0,8.0,-1.0,1729803,3.0,1,,0.0,2.0,4.0,B01,138Â 202Â 852,6.0
1013369,201900054900,6,8,08:39,1,2,1,1.0,6.0,06004,BORD DE MER RN.98 LA SIESTA,M,"43,5999000","7,1254900",6,2019,50.0,1.0,1.0,3.0,2266187,1.0,1,1,1,1.0,,0.0,0,1982.0,A01,138Â 202Â 853,1.0,8.0,-1.0,1729804,3.0,7,,0.0,2.0,2.0,A01,138Â 202Â 853,0.0
1013370,201900054901,6,12,19:05,1,2,1,1.0,2.0,05061,EMBRUN ( AVENUE D'),M,"44,5683000","6,0992300",5,2019,50.0,1.0,1.0,2.0,2266188,1.0,1,1,1,0.0,,0.0,0,2004.0,A01,138Â 202Â 840,2.0,0.0,-1.0,1729805,1.0,30,,0.0,2.0,1.0,A01,138Â 202Â 840,1.0
1013370,201900054901,6,12,19:05,1,2,1,1.0,2.0,05061,EMBRUN ( AVENUE D'),M,"44,5683000","6,0992300",5,2019,50.0,1.0,1.0,2.0,2266188,1.0,1,1,1,0.0,,0.0,0,2004.0,A01,138Â 202Â 840,2.0,0.0,-1.0,1729806,1.0,30,,0.0,2.0,4.0,B01,138Â 202Â 841,1.0
1013370,201900054901,6,12,19:05,1,2,1,1.0,2.0,05061,EMBRUN ( AVENUE D'),M,"44,5683000","6,0992300",5,2019,50.0,1.0,1.0,2.0,2266189,1.0,1,4,1,9.0,,0.0,0,1949.0,B01,138Â 202Â 841,2.0,0.0,-1.0,1729805,1.0,30,,0.0,2.0,1.0,A01,138Â 202Â 840,1.0
1013370,201900054901,6,12,19:05,1,2,1,1.0,2.0,05061,EMBRUN ( AVENUE D'),M,"44,5683000","6,0992300",5,2019,50.0,1.0,1.0,2.0,2266189,1.0,1,4,1,9.0,,0.0,0,1949.0,B01,138Â 202Â 841,2.0,0.0,-1.0,1729806,1.0,30,,0.0,2.0,4.0,B01,138Â 202Â 841,1.0
1013371,201900054902,2,14,17:50,1,2,1,1.0,3.0,97302,GALMOT (AVENUE),M,"4,9318881"," -52,3285890",973,2019,50.0,1.0,1.0,4.0,2266190,1.0,1,1,2,9.0,,-1.0,0,1960.0,A01,138Â 202Â 842,1.0,0.0,-1.0,1729807,0.0,7,,0.0,2.0,1.0,A01,138Â 202Â 842,0.0
1013371,201900054902,2,14,17:50,1,2,1,1.0,3.0,97302,GALMOT (AVENUE),M,"4,9318881"," -52,3285890",973,2019,50.0,1.0,1.0,4.0,2266190,1.0,1,1,2,9.0,,-1.0,0,1960.0,A01,138Â 202Â 842,1.0,0.0,-1.0,1729808,3.0,1,,0.0,2.0,7.0,B01,138Â 202Â 843,5.0
1013371,201900054902,2,14,17:50,1,2,1,1.0,3.0,97302,GALMOT (AVENUE),M,"4,9318881"," -52,3285890",973,2019,50.0,1.0,1.0,4.0,2266191,1.0,1,4,2,0.0,,-1.0,0,1987.0,B01,138Â 202Â 843,8.0,0.0,-1.0,1729807,0.0,7,,0.0,2.0,1.0,A01,138Â 202Â 842,0.0
1013371,201900054902,2,14,17:50,1,2,1,1.0,3.0,97302,GALMOT (AVENUE),M,"4,9318881"," -52,3285890",973,2019,50.0,1.0,1.0,4.0,2266191,1.0,1,4,2,0.0,,-1.0,0,1987.0,B01,138Â 202Â 843,8.0,0.0,-1.0,1729808,3.0,1,,0.0,2.0,7.0,B01,138Â 202Â 843,5.0
1013372,201900054903,6,12,13:35,1,1,9,1.0,4.0,05061,RN 85,M,"44,5802700","6,0820000",5,2019,70.0,1.0,1.0,2.0,2266192,1.0,1,1,1,0.0,,0.0,0,1981.0,C01,138Â 202Â 837,1.0,0.0,-1.0,1729809,2.0,10,,0.0,2.0,6.0,C01,138Â 202Â 837,1.0
1013372,201900054903,6,12,13:35,1,1,9,1.0,4.0,05061,RN 85,M,"44,5802700","6,0820000",5,2019,70.0,1.0,1.0,2.0,2266192,1.0,1,1,1,0.0,,0.0,0,1981.0,C01,138Â 202Â 837,1.0,0.0,-1.0,1729810,2.0,7,,0.0,2.0,6.0,B01,138Â 202Â 838,1.0
1013372,201900054903,6,12,13:35,1,1,9,1.0,4.0,05061,RN 85,M,"44,5802700","6,0820000",5,2019,70.0,1.0,1.0,2.0,2266192,1.0,1,1,1,0.0,,0.0,0,1981.0,C01,138Â 202Â 837,1.0,0.0,-1.0,1729811,2.0,7,,0.0,2.0,5.0,A01,138Â 202Â 839,1.0
1013372,201900054903,6,12,13:35,1,1,9,1.0,4.0,05061,RN 85,M,"44,5802700","6,0820000",5,2019,70.0,1.0,1.0,2.0,2266193,1.0,1,4,1,9.0,,0.0,0,1985.0,B01,138Â 202Â 838,1.0,0.0,-1.0,1729809,2.0,10,,0.0,2.0,6.0,C01,138Â 202Â 837,1.0
1013372,201900054903,6,12,13:35,1,1,9,1.0,4.0,05061,RN 85,M,"44,5802700","6,0820000",5,2019,70.0,1.0,1.0,2.0,2266193,1.0,1,4,1,9.0,,0.0,0,1985.0,B01,138Â 202Â 838,1.0,0.0,-1.0,1729810,2.0,7,,0.0,2.0,6.0,B01,138Â 202Â 838,1.0
1013372,201900054903,6,12,13:35,1,1,9,1.0,4.0,05061,RN 85,M,"44,5802700","6,0820000",5,2019,70.0,1.0,1.0,2.0,2266193,1.0,1,4,1,9.0,,0.0,0,1985.0,B01,138Â 202Â 838,1.0,0.0,-1.0,1729811,2.0,7,,0.0,2.0,5.0,A01,138Â 202Â 839,1.0
1013372,201900054903,6,12,13:35,1,1,9,1.0,4.0,05061,RN 85,M,"44,5802700","6,0820000",5,2019,70.0,1.0,1.0,2.0,2266194,2.0,2,1,1,5.0,,0.0,0,1949.0,A01,138Â 202Â 839,1.0,0.0,-1.0,1729809,2.0,10,,0.0,2.0,6.0,C01,138Â 202Â 837,1.0
1013372,201900054903,6,12,13:35,1,1,9,1.0,4.0,05061,RN 85,M,"44,5802700","6,0820000",5,2019,70.0,1.0,1.0,2.0,2266194,2.0,2,1,1,5.0,,0.0,0,1949.0,A01,138Â 202Â 839,1.0,0.0,-1.0,1729810,2.0,7,,0.0,2.0,6.0,B01,138Â 202Â 838,1.0
1013372,201900054903,6,12,13:35,1,1,9,1.0,4.0,05061,RN 85,M,"44,5802700","6,0820000",5,2019,70.0,1.0,1.0,2.0,2266194,2.0,2,1,1,5.0,,0.0,0,1949.0,A01,138Â 202Â 839,1.0,0.0,-1.0,1729811,2.0,7,,0.0,2.0,5.0,A01,138Â 202Â 839,1.0
1013372,201900054903,6,12,13:35,1,1,9,1.0,4.0,05061,RN 85,M,"44,5802700","6,0820000",5,2019,70.0,1.0,1.0,2.0,2266195,1.0,1,4,2,5.0,,0.0,0,1973.0,A01,138Â 202Â 839,1.0,0.0,-1.0,1729809,2.0,10,,0.0,2.0,6.0,C01,138Â 202Â 837,1.0