Unnamed: 0_x,num_acc,mois,jour,hrmn,lum,agg,int,atm,col,com,adr,gps,lat,long,dep,annee,vma,situ,surf,catr,Unnamed: 0_y,place,catu,grav,sexe,trajet,secu,locp,actp,an_nais,num_veh_x,id_vehicule_x,secu1,secu2,secu3,Unnamed: 0,senc,catv,occutc,obs,obsm,choc,num_veh_y,id_vehicule_y,motor
1013372,201900054903,6,12,13:35,1,1,9,1.0,4.0,05061,RN 85,M,"44,5802700","6,0820000",5,2019,70.0,1.0,1.0,2.0,2266195,1.0,1,4,2,5.0,,0.0,0,1973.0,A01,138Â 202Â 839,1.0,0.0,-1.0,1729810,2.0,7,,0.0,2.0,6.0,B01,138Â 202Â 838,1.0
1013372,201900054903,6,12,13:35,1,1,9,1.0,4.0,05061,RN 85,M,"44,5802700","6,0820000",5,2019,70.0,1.0,1.0,2.0,2266195,1.0,1,4,2,5.0,,0.0,0,1973.0,A01,138Â 202Â 839,1.0,0.0,-1.0,1729811,2.0,7,,0.0,2.0,5.0,A01,138Â 202Â 839,1.0
1013373,201900054904,2,17,18:35,2,2,1,1.0,6.0,69259,JEAN CAGNE                          (AV),M,"45,6963000","4,8717000",69,2019,50.0,1.0,1.0,4.0,2266196,1.0,1,1,1,5.0,,0.0,0,1977.0,A01,138Â 202Â 836,1.0,0.0,-1.0,1729812,1.0,7,,0.0,1.0,1.0,A01,138Â 202Â 836,1.0
1013373,201900054904,2,17,18:35,2,2,1,1.0,6.0,69259,JEAN CAGNE                          (AV),M,"45,6963000","4,8717000",69,2019,50.0,1.0,1.0,4.0,2266197,10.0,3,4,1,5.0,,2.0,3,2011.0,A01,138Â 202Â 836,8.0,0.0,-1.0,1729812,1.0,7,,0.0,1.0,1.0,A01,138Â 202Â 836,1.0
1013374,201900054905,6,8,17:45,1,2,1,1.0,2.0,05061,D942 A,M,"44,5534500","6,0787300",5,2019,50.0,1.0,1.0,3.0,2266198,1.0,1,4,1,5.0,,0.0,0,1950.0,A01,138Â 202Â 834,2.0,8.0,-1.0,1729813,2.0,1,,0.0,2.0,1.0,A01,138Â 202Â 834,5.0
1013374,201900054905,6,8,17:45,1,2,1,1.0,2.0,05061,D942 A,M,"44,5534500","6,0787300",5,2019,50.0,1.0,1.0,3.0,2266198,1.0,1,4,1,5.0,,0.0,0,1950.0,A01,138Â 202Â 834,2.0,8.0,-1.0,1729814,2.0,1,,0.0,2.0,4.0,B01,138Â 202Â 835,5.0
1013374,201900054905,6,8,17:45,1,2,1,1.0,2.0,05061,D942 A,M,"44,5534500","6,0787300",5,2019,50.0,1.0,1.0,3.0,2266199,1.0,1,1,2,5.0,,0.0,0,1956.0,B01,138Â 202Â 835,2.0,0.0,-1.0,1729813,2.0,1,,0.0,2.0,1.0,A01,138Â 202Â 834,5.0
1013374,201900054905,6,8,17:45,1,2,1,1.0,2.0,05061,D942 A,M,"44,5534500","6,0787300",5,2019,50.0,1.0,1.0,3.0,2266199,1.0,1,1,2,5.0,,0.0,0,1956.0,B01,138Â 202Â 835,2.0,0.0,-1.0,1729814,2.0,1,,0.0,2.0,4.0,B01,138Â 202Â 835,5.0
1013375,201900054906,2,17,18:55,5,2,2,1.0,3.0,69259,IRENE JOLIOT CURIE                  (BD),M,"45,7142800","4,8792000",69,2019,50.0,1.0,1.0,4.0,2266200,1.0,1,1,1,5.0,,0.0,0,1978.0,B01,138Â 202Â 832,1.0,0.0,-1.0,1729815,2.0,7,,0.0,2.0,2.0,B01,138Â 202Â 832,1.0
1013375,201900054906,2,17,18:55,5,2,2,1.0,3.0,69259,IRENE JOLIOT CURIE                  (BD),M,"45,7142800","4,8792000",69,2019,50.0,1.0,1.0,4.0,2266200,1.0,1,1,1,5.0,,0.0,0,1978.0,B01,138Â 202Â 832,1.0,0.0,-1.0,1729816,1.0,32,,0.0,2.0,1.0,A01,138Â 202Â 833,1.0
1013375,201900054906,2,17,18:55,5,2,2,1.0,3.0,69259,IRENE JOLIOT CURIE                  (BD),M,"45,7142800","4,8792000",69,2019,50.0,1.0,1.0,4.0,2266201,1.0,1,3,1,5.0,,0.0,0,1999.0,A01,138Â 202Â 833,2.0,6.0,-1.0,1729815,2.0,7,,0.0,2.0,2.0,B01,138Â 202Â 832,1.0
1013375,201900054906,2,17,18:55,5,2,2,1.0,3.0,69259,IRENE JOLIOT CURIE                  (BD),M,"45,7142800","4,8792000",69,2019,50.0,1.0,1.0,4.0,2266201,1.0,1,3,1,5.0,,0.0,0,1999.0,A01,138Â 202Â 833,2.0,6.0,-1.0,1729816,1.0,32,,0.0,2.0,1.0,A01,138Â 202Â 833,1.0
1013376,201900054907,2,16,17:40,1,2,1,1.0,7.0,69259,JEAN CAGNE                          (AV),M,"45,6955800","4,8727700",69,2019,50.0,1.0,1.0,4.0,2266202,1.0,1,3,1,5.0,,0.0,0,1998.0,A01,138Â 202Â 830,8.0,0.0,-1.0,1729817,3.0,30,,0.0,0.0,0.0,A01,138Â 202Â 830,1.0
1013377,201900054908,6,2,16:50,1,2,3,1.0,7.0,05061,JARDINS  ( RUE DES ),M,"44,5636700","6,0812800",5,2019,30.0,1.0,1.0,4.0,2266203,1.0,1,3,1,5.0,,0.0,0,1980.0,A01,138Â 202Â 831,2.0,6.0,-1.0,1729818,2.0,33,,0.0,0.0,8.0,A01,138Â 202Â 831,1.0
1013378,201900054909,2,16,13:15,1,2,3,1.0,6.0,69259,GABRIEL FAURE                       (R ),M,"45,6964600","4,8740200",69,2019,30.0,1.0,1.0,4.0,2266204,10.0,3,3,2,3.0,,3.0,3,1952.0,A01,138Â 202Â 829,8.0,0.0,-1.0,1729819,1.0,7,,0.0,1.0,4.0,A01,138Â 202Â 829,0.0
1013379,201900054910,5,30,19:05,1,2,9,1.0,7.0,05061,COMMANDANT DUMONT ( AVENUE),M,"44,5702500","6,0830600",5,2019,50.0,3.0,1.0,2.0,2266205,10.0,3,4,2,5.0,,3.0,3,1958.0,A01,138Â 202Â 828,8.0,0.0,-1.0,1729820,2.0,7,,0.0,1.0,1.0,A01,138Â 202Â 828,1.0
1013379,201900054910,5,30,19:05,1,2,9,1.0,7.0,05061,COMMANDANT DUMONT ( AVENUE),M,"44,5702500","6,0830600",5,2019,50.0,3.0,1.0,2.0,2266206,1.0,1,1,1,9.0,,0.0,0,1996.0,A01,138Â 202Â 828,1.0,0.0,-1.0,1729820,2.0,7,,0.0,1.0,1.0,A01,138Â 202Â 828,1.0
1013380,201900054911,2,16,09:20,1,2,1,7.0,3.0,69259,VIVIANI                             (AV),M,"45,7220400","4,8796000",69,2019,50.0,1.0,1.0,4.0,2266207,1.0,1,4,1,9.0,,0.0,0,1941.0,B01,138Â 202Â 825,2.0,0.0,-1.0,1729821,1.0,1,,0.0,2.0,7.0,B01,138Â 202Â 825,5.0
1013380,201900054911,2,16,09:20,1,2,1,7.0,3.0,69259,VIVIANI                             (AV),M,"45,7220400","4,8796000",69,2019,50.0,1.0,1.0,4.0,2266207,1.0,1,4,1,9.0,,0.0,0,1941.0,B01,138Â 202Â 825,2.0,0.0,-1.0,1729822,1.0,10,,0.0,2.0,2.0,A01,138Â 202Â 827,1.0
1013380,201900054911,2,16,09:20,1,2,1,7.0,3.0,69259,VIVIANI                             (AV),M,"45,7220400","4,8796000",69,2019,50.0,1.0,1.0,4.0,2266208,1.0,1,1,1,1.0,,0.0,0,1991.0,A01,138Â 202Â 827,8.0,0.0,-1.0,1729821,1.0,1,,0.0,2.0,7.0,B01,138Â 202Â 825,5.0
1013380,201900054911,2,16,09:20,1,2,1,7.0,3.0,69259,VIVIANI                             (AV),M,"45,7220400","4,8796000",69,2019,50.0,1.0,1.0,4.0,2266208,1.0,1,1,1,1.0,,0.0,0,1991.0,A01,138Â 202Â 827,8.0,0.0,-1.0,1729822,1.0,10,,0.0,2.0,2.0,A01,138Â 202Â 827,1.0
1013381,201900054912,5,29,16:10,1,2,3,1.0,3.0,05061,ST EXUPERY ( RUE ),M,"44,5527500","6,0683300",5,2019,50.0,1.0,1.0,4.0,2266209,1.0,1,4,1,9.0,,0.0,0,1989.0,B01,138Â 202Â 824,2.0,6.0,-1.0,1729823,1.0,33,,0.0,2.0,3.0,B01,138Â 202Â 824,1.0
1013381,201900054912,5,29,16:10,1,2,3,1.0,3.0,05061,ST EXUPERY ( RUE ),M,"44,5527500","6,0683300",5,2019,50.0,1.0,1.0,4.0,2266209,1.0,1,4,1,9.0,,0.0,0,1989.0,B01,138Â 202Â 824,2.0,6.0,-1.0,1729824,2.0,7,,0.0,2.0,2.0,A01,138Â 202Â 826,1.0
1013381,201900054912,5,29,16:10,1,2,3,1.0,3.0,05061,ST EXUPERY ( RUE ),M,"44,5527500","6,0683300",5,2019,50.0,1.0,1.0,4.0,2266210,1.0,1,1,1,5.0,,0.0,0,1933.0,A01,138Â 202Â 826,1.0,0.0,-1.0,1729823,1.0,33,,0.0,2.0,3.0,B01,138Â 202Â 824,1.0
1013381,201900054912,5,29,16:10,1,2,3,1.0,3.0,05061,ST EXUPERY ( RUE ),M,"44,5527500","6,0683300",5,2019,50.0,1.0,1.0,4.0,2266210,1.0,1,1,1,5.0,,0.0,0,1933.0,A01,138Â 202Â 826,1.0,0.0,-1.0,1729824,2.0,7,,0.0,2.0,2.0,A01,138Â 202Â 826,1.0
1013382,201900054913,2,15,17:00,1,2,3,1.0,6.0,69383,DAUPHINE (DU)                       (R ),M,"45,7537850","4,8719300",69,2019,50.0,1.0,1.0,4.0,2266211,10.0,3,4,2,0.0,,3.0,3,1973.0,A01,138Â 202Â 823,8.0,0.0,-1.0,1729825,3.0,7,,0.0,1.0,1.0,A01,138Â 202Â 823,1.0
1013382,201900054913,2,15,17:00,1,2,3,1.0,6.0,69383,DAUPHINE (DU)                       (R ),M,"45,7537850","4,8719300",69,2019,50.0,1.0,1.0,4.0,2266212,1.0,1,1,1,0.0,,0.0,0,1965.0,A01,138Â 202Â 823,1.0,0.0,-1.0,1729825,3.0,7,,0.0,1.0,1.0,A01,138Â 202Â 823,1.0
1013383,201900054914,6,14,07:50,1,2,1,8.0,1.0,05023,CHAMP DE MARS,M,"44,9015300","6,6443000",5,2019,50.0,1.0,1.0,2.0,2266213,1.0,1,1,1,5.0,,0.0,0,1952.0,A01,138Â 202Â 821,8.0,0.0,-1.0,1729826,1.0,7,,0.0,2.0,1.0,A01,138Â 202Â 821,1.0
1013383,201900054914,6,14,07:50,1,2,1,8.0,1.0,05023,CHAMP DE MARS,M,"44,9015300","6,6443000",5,2019,50.0,1.0,1.0,2.0,2266213,1.0,1,1,1,5.0,,0.0,0,1952.0,A01,138Â 202Â 821,8.0,0.0,-1.0,1729827,2.0,1,,0.0,2.0,1.0,B01,138Â 202Â 822,5.0
1013383,201900054914,6,14,07:50,1,2,1,8.0,1.0,05023,CHAMP DE MARS,M,"44,9015300","6,6443000",5,2019,50.0,1.0,1.0,2.0,2266214,1.0,1,3,1,5.0,,0.0,0,1966.0,B01,138Â 202Â 822,2.0,0.0,-1.0,1729826,1.0,7,,0.0,2.0,1.0,A01,138Â 202Â 821,1.0
1013383,201900054914,6,14,07:50,1,2,1,8.0,1.0,05023,CHAMP DE MARS,M,"44,9015300","6,6443000",5,2019,50.0,1.0,1.0,2.0,2266214,1.0,1,3,1,5.0,,0.0,0,1966.0,B01,138Â 202Â 822,2.0,0.0,-1.0,1729827,2.0,1,,0.0,2.0,1.0,B01,138Â 202Â 822,5.0
1013384,201900054915,2,15,13:55,1,2,2,1.0,6.0,69383,ABONDANCE (DE L')                   (R ),M,"45,7538500","4,8554200",69,2019,50.0,1.0,1.0,4.0,2266215,1.0,1,4,1,9.0,,0.0,0,1990.0,B01,138Â 202Â 819,1.0,0.0,-1.0,1729828,1.0,7,,1.0,2.0,8.0,B01,138Â 202Â 819,1.0
1013384,201900054915,2,15,13:55,1,2,2,1.0,6.0,69383,ABONDANCE (DE L')                   (R ),M,"45,7538500","4,8554200",69,2019,50.0,1.0,1.0,4.0,2266215,1.0,1,4,1,9.0,,0.0,0,1990.0,B01,138Â 202Â 819,1.0,0.0,-1.0,1729829,1.0,7,,0.0,2.0,1.0,A01,138Â 202Â 820,1.0
1013384,201900054915,2,15,13:55,1,2,2,1.0,6.0,69383,ABONDANCE (DE L')                   (R ),M,"45,7538500","4,8554200",69,2019,50.0,1.0,1.0,4.0,2266216,1.0,1,1,2,9.0,,0.0,0,1984.0,A01,138Â 202Â 820,1.0,0.0,-1.0,1729828,1.0,7,,1.0,2.0,8.0,B01,138Â 202Â 819,1.0
1013384,201900054915,2,15,13:55,1,2,2,1.0,6.0,69383,ABONDANCE (DE L')                   (R ),M,"45,7538500","4,8554200",69,2019,50.0,1.0,1.0,4.0,2266216,1.0,1,1,2,9.0,,0.0,0,1984.0,A01,138Â 202Â 820,1.0,0.0,-1.0,1729829,1.0,7,,0.0,2.0,1.0,A01,138Â 202Â 820,1.0
1013385,201900054916,6,13,11:20,1,2,1,7.0,7.0,05023,PETSCHE (AVENUE MAURICE),M,"44,8964200","6,6342400",5,2019,50.0,1.0,1.0,3.0,2266217,1.0,1,1,1,5.0,,0.0,0,1928.0,A01,138Â 202Â 818,1.0,8.0,-1.0,1729830,1.0,7,,0.0,1.0,1.0,A01,138Â 202Â 818,1.0
1013385,201900054916,6,13,11:20,1,2,1,7.0,7.0,05023,PETSCHE (AVENUE MAURICE),M,"44,8964200","6,6342400",5,2019,50.0,1.0,1.0,3.0,2266218,10.0,3,4,2,1.0,,0.0,0,1962.0,A01,138Â 202Â 818,8.0,0.0,-1.0,1729830,1.0,7,,0.0,1.0,1.0,A01,138Â 202Â 818,1.0
1013386,201900054917,2,15,13:50,1,2,1,1.0,3.0,69388,FRERES LUMIERE (DES)                (AV),M,"45,7436200","4,8725300",69,2019,50.0,1.0,1.0,4.0,2266219,1.0,1,1,2,0.0,,0.0,0,1995.0,B01,138Â 202Â 816,1.0,0.0,-1.0,1729831,1.0,7,,0.0,2.0,7.0,B01,138Â 202Â 816,1.0
1013386,201900054917,2,15,13:50,1,2,1,1.0,3.0,69388,FRERES LUMIERE (DES)                (AV),M,"45,7436200","4,8725300",69,2019,50.0,1.0,1.0,4.0,2266219,1.0,1,1,2,0.0,,0.0,0,1995.0,B01,138Â 202Â 816,1.0,0.0,-1.0,1729832,1.0,34,,0.0,2.0,3.0,A01,138Â 202Â 817,1.0
1013386,201900054917,2,15,13:50,1,2,1,1.0,3.0,69388,FRERES LUMIERE (DES)                (AV),M,"45,7436200","4,8725300",69,2019,50.0,1.0,1.0,4.0,2266220,1.0,1,4,1,0.0,,0.0,0,1961.0,A01,138Â 202Â 817,2.0,6.0,-1.0,1729831,1.0,7,,0.0,2.0,7.0,B01,138Â 202Â 816,1.0
1013386,201900054917,2,15,13:50,1,2,1,1.0,3.0,69388,FRERES LUMIERE (DES)                (AV),M,"45,7436200","4,8725300",69,2019,50.0,1.0,1.0,4.0,2266220,1.0,1,4,1,0.0,,0.0,0,1961.0,A01,138Â 202Â 817,2.0,6.0,-1.0,1729832,1.0,34,,0.0,2.0,3.0,A01,138Â 202Â 817,1.0
1013387,201900054918,2,14,09:50,1,2,9,1.0,6.0,69259,GEORGES LYVET                       (R ),M,"45,6991700","4,8697400",69,2019,30.0,1.0,1.0,9.0,2266221,1.0,1,1,2,4.0,,0.0,0,1979.0,A01,138Â 202Â 813,1.0,8.0,-1.0,1729833,3.0,7,,0.0,1.0,6.0,A01,138Â 202Â 813,1.0
1013387,201900054918,2,14,09:50,1,2,9,1.0,6.0,69259,GEORGES LYVET                       (R ),M,"45,6991700","4,8697400",69,2019,30.0,1.0,1.0,9.0,2266222,10.0,3,4,2,9.0,,9.0,2,1948.0,A01,138Â 202Â 813,8.0,0.0,-1.0,1729833,3.0,7,,0.0,1.0,6.0,A01,138Â 202Â 813,1.0
1013388,201900054919,6,7,12:40,1,2,1,1.0,4.0,05023,GRENOBLE (ROUTE DE),M,"44,9170680","6,6221090",5,2019,50.0,3.0,1.0,3.0,2266223,1.0,1,4,2,1.0,,0.0,0,1986.0,A01,138Â 202Â 811,1.0,1.0,-1.0,1729834,1.0,7,,0.0,2.0,1.0,A01,138Â 202Â 811,1.0
1013388,201900054919,6,7,12:40,1,2,1,1.0,4.0,05023,GRENOBLE (ROUTE DE),M,"44,9170680","6,6221090",5,2019,50.0,3.0,1.0,3.0,2266223,1.0,1,4,2,1.0,,0.0,0,1986.0,A01,138Â 202Â 811,1.0,1.0,-1.0,1729835,1.0,7,,0.0,2.0,1.0,B01,138Â 202Â 812,1.0
1013388,201900054919,6,7,12:40,1,2,1,1.0,4.0,05023,GRENOBLE (ROUTE DE),M,"44,9170680","6,6221090",5,2019,50.0,3.0,1.0,3.0,2266223,1.0,1,4,2,1.0,,0.0,0,1986.0,A01,138Â 202Â 811,1.0,1.0,-1.0,1729836,1.0,7,,0.0,2.0,4.0,C01,138Â 202Â 814,1.0
1013388,201900054919,6,7,12:40,1,2,1,1.0,4.0,05023,GRENOBLE (ROUTE DE),M,"44,9170680","6,6221090",5,2019,50.0,3.0,1.0,3.0,2266223,1.0,1,4,2,1.0,,0.0,0,1986.0,A01,138Â 202Â 811,1.0,1.0,-1.0,1729837,2.0,7,,0.0,2.0,4.0,D01,138Â 202Â 815,1.0
1013388,201900054919,6,7,12:40,1,2,1,1.0,4.0,05023,GRENOBLE (ROUTE DE),M,"44,9170680","6,6221090",5,2019,50.0,3.0,1.0,3.0,2266224,1.0,1,1,2,5.0,,0.0,0,1991.0,B01,138Â 202Â 812,1.0,0.0,-1.0,1729834,1.0,7,,0.0,2.0,1.0,A01,138Â 202Â 811,1.0
1013388,201900054919,6,7,12:40,1,2,1,1.0,4.0,05023,GRENOBLE (ROUTE DE),M,"44,9170680","6,6221090",5,2019,50.0,3.0,1.0,3.0,2266224,1.0,1,1,2,5.0,,0.0,0,1991.0,B01,138Â 202Â 812,1.0,0.0,-1.0,1729835,1.0,7,,0.0,2.0,1.0,B01,138Â 202Â 812,1.0
1013388,201900054919,6,7,12:40,1,2,1,1.0,4.0,05023,GRENOBLE (ROUTE DE),M,"44,9170680","6,6221090",5,2019,50.0,3.0,1.0,3.0,2266224,1.0,1,1,2,5.0,,0.0,0,1991.0,B01,138Â 202Â 812,1.0,0.0,-1.0,1729836,1.0,7,,0.0,2.0,4.0,C01,138Â 202Â 814,1.0
1013388,201900054919,6,7,12:40,1,2,1,1.0,4.0,05023,GRENOBLE (ROUTE DE),M,"44,9170680","6,6221090",5,2019,50.0,3.0,1.0,3.0,2266224,1.0,1,1,2,5.0,,0.0,0,1991.0,B01,138Â 202Â 812,1.0,0.0,-1.0,1729837,2.0,7,,0.0,2.0,4.0,D01,138Â 202Â 815,1.0
1013388,201900054919,6,7,12:40,1,2,1,1.0,4.0,05023,GRENOBLE (ROUTE DE),M,"44,9170680","6,6221090",5,2019,50.0,3.0,1.0,3.0,2266225,1.0,1,4,2,9.0,,0.0,0,1999.0,C01,138Â 202Â 814,1.0,0.0,-1.0,1729834,1.0,7,,0.0,2.0,1.0,A01,138Â 202Â 811,1.0
1013388,201900054919,6,7,12:40,1,2,1,1.0,4.0,05023,GRENOBLE (ROUTE DE),M,"44,9170680","6,6221090",5,2019,50.0,3.0,1.0,3.0,2266225,1.0,1,4,2,9.0,,0.0,0,1999.0,C01,138Â 202Â 814,1.0,0.0,-1.0,1729835,1.0,7,,0.0,2.0,1.0,B01,138Â 202Â 812,1.0
1013388,201900054919,6,7,12:40,1,2,1,1.0,4.0,05023,GRENOBLE (ROUTE DE),M,"44,9170680","6,6221090",5,2019,50.0,3.0,1.0,3.0,2266225,1.0,1,4,2,9.0,,0.0,0,1999.0,C01,138Â 202Â 814,1.0,0.0,-1.0,1729836,1.0,7,,0.0,2.0,4.0,C01,138Â 202Â 814,1.0
1013388,201900054919,6,7,12:40,1,2,1,1.0,4.0,05023,GRENOBLE (ROUTE DE),M,"44,9170680","6,6221090",5,2019,50.0,3.0,1.0,3.0,2266225,1.0,1,4,2,9.0,,0.0,0,1999.0,C01,138Â 202Â 814,1.0,0.0,-1.0,1729837,2.0,7,,0.0,2.0,4.0,D01,138Â 202Â 815,1.0
1013388,201900054919,6,7,12:40,1,2,1,1.0,4.0,05023,GRENOBLE (ROUTE DE),M,"44,9170680","6,6221090",5,2019,50.0,3.0,1.0,3.0,2266226,1.0,1,4,2,1.0,,0.0,0,1995.0,D01,138Â 202Â 815,1.0,0.0,-1.0,1729834,1.0,7,,0.0,2.0,1.0,A01,138Â 202Â 811,1.0
1013388,201900054919,6,7,12:40,1,2,1,1.0,4.0,05023,GRENOBLE (ROUTE DE),M,"44,9170680","6,6221090",5,2019,50.0,3.0,1.0,3.0,2266226,1.0,1,4,2,1.0,,0.0,0,1995.0,D01,138Â 202Â 815,1.0,0.0,-1.0,1729835,1.0,7,,0.0,2.0,1.0,B01,138Â 202Â 812,1.0
1013388,201900054919,6,7,12:40,1,2,1,1.0,4.0,05023,GRENOBLE (ROUTE DE),M,"44,9170680","6,6221090",5,2019,50.0,3.0,1.0,3.0,2266226,1.0,1,4,2,1.0,,0.0,0,1995.0,D01,138Â 202Â 815,1.0,0.0,-1.0,1729836,1.0,7,,0.0,2.0,4.0,C01,138Â 202Â 814,1.0
1013388,201900054919,6,7,12:40,1,2,1,1.0,4.0,05023,GRENOBLE (ROUTE DE),M,"44,9170680","6,6221090",5,2019,50.0,3.0,1.0,3.0,2266226,1.0,1,4,2,1.0,,0.0,0,1995.0,D01,138Â 202Â 815,1.0,0.0,-1.0,1729837,2.0,7,,0.0,2.0,4.0,D01,138Â 202Â 815,1.0
1013389,201900054920,2,15,05:10,5,2,2,1.0,3.0,69383,PINEL                               (BD),M,"45,7512300","4,8966500",69,2019,50.0,1.0,1.0,4.0,2266227,1.0,1,1,1,4.0,,0.0,0,1986.0,B01,138Â 202Â 809,1.0,0.0,-1.0,1729838,1.0,7,,0.0,2.0,1.0,B01,138Â 202Â 809,1.0
1013389,201900054920,2,15,05:10,5,2,2,1.0,3.0,69383,PINEL                               (BD),M,"45,7512300","4,8966500",69,2019,50.0,1.0,1.0,4.0,2266227,1.0,1,1,1,4.0,,0.0,0,1986.0,B01,138Â 202Â 809,1.0,0.0,-1.0,1729839,1.0,7,,0.0,2.0,5.0,A01,138Â 202Â 810,1.0
1013389,201900054920,2,15,05:10,5,2,2,1.0,3.0,69383,PINEL                               (BD),M,"45,7512300","4,8966500",69,2019,50.0,1.0,1.0,4.0,2266228,1.0,1,4,1,0.0,,0.0,0,1968.0,A01,138Â 202Â 810,1.0,0.0,-1.0,1729838,1.0,7,,0.0,2.0,1.0,B01,138Â 202Â 809,1.0
1013389,201900054920,2,15,05:10,5,2,2,1.0,3.0,69383,PINEL                               (BD),M,"45,7512300","4,8966500",69,2019,50.0,1.0,1.0,4.0,2266228,1.0,1,4,1,0.0,,0.0,0,1968.0,A01,138Â 202Â 810,1.0,0.0,-1.0,1729839,1.0,7,,0.0,2.0,5.0,A01,138Â 202Â 810,1.0
1013390,201900054921,2,14,19:05,5,2,3,1.0,3.0,69388,PUISARD (DU)                        (R ),M,"45,7228200","4,8774600",69,2019,50.0,1.0,1.0,4.0,2266229,1.0,1,1,1,0.0,,0.0,0,1950.0,A01,138Â 202Â 806,8.0,0.0,-1.0,1729840,1.0,7,,0.0,6.0,2.0,A01,138Â 202Â 806,1.0
1013390,201900054921,2,14,19:05,5,2,3,1.0,3.0,69388,PUISARD (DU)                        (R ),M,"45,7228200","4,8774600",69,2019,50.0,1.0,1.0,4.0,2266229,1.0,1,1,1,0.0,,0.0,0,1950.0,A01,138Â 202Â 806,8.0,0.0,-1.0,1729841,2.0,1,,0.0,2.0,8.0,B01,138Â 202Â 807,0.0
1013390,201900054921,2,14,19:05,5,2,3,1.0,3.0,69388,PUISARD (DU)                        (R ),M,"45,7228200","4,8774600",69,2019,50.0,1.0,1.0,4.0,2266230,1.0,1,4,1,4.0,,0.0,0,1999.0,B01,138Â 202Â 807,8.0,0.0,-1.0,1729840,1.0,7,,0.0,6.0,2.0,A01,138Â 202Â 806,1.0
1013390,201900054921,2,14,19:05,5,2,3,1.0,3.0,69388,PUISARD (DU)                        (R ),M,"45,7228200","4,8774600",69,2019,50.0,1.0,1.0,4.0,2266230,1.0,1,4,1,4.0,,0.0,0,1999.0,B01,138Â 202Â 807,8.0,0.0,-1.0,1729841,2.0,1,,0.0,2.0,8.0,B01,138Â 202Â 807,0.0
1013391,201900054922,5,28,12:00,1,2,1,1.0,6.0,04112,AllÃ©e Alphonse Daudet,M,"43,8289300","5,7823900",4,2019,50.0,1.0,1.0,4.0,2266231,10.0,3,4,2,5.0,,4.0,5,2013.0,A01,138Â 202Â 808,0.0,-1.0,-1.0,1729842,0.0,7,,0.0,1.0,6.0,A01,138Â 202Â 808,1.0
1013391,201900054922,5,28,12:00,1,2,1,1.0,6.0,04112,AllÃ©e Alphonse Daudet,M,"43,8289300","5,7823900",4,2019,50.0,1.0,1.0,4.0,2266232,1.0,1,1,2,5.0,,-1.0, -1,1976.0,A01,138Â 202Â 808,1.0,-1.0,-1.0,1729842,0.0,7,,0.0,1.0,6.0,A01,138Â 202Â 808,1.0
1013392,201900054923,2,14,08:30,1,2,2,1.0,3.0,69387,ST MICHEL                           (R ),M,"45,7520100","4,8449500",69,2019,50.0,1.0,1.0,4.0,2266233,1.0,1,4,1,0.0,,0.0,0,1980.0,B01,138Â 202Â 804,2.0,0.0,-1.0,1729843,1.0,43,,1.0,2.0,8.0,B01,138Â 202Â 804,1.0
1013392,201900054923,2,14,08:30,1,2,2,1.0,3.0,69387,ST MICHEL                           (R ),M,"45,7520100","4,8449500",69,2019,50.0,1.0,1.0,4.0,2266233,1.0,1,4,1,0.0,,0.0,0,1980.0,B01,138Â 202Â 804,2.0,0.0,-1.0,1729844,2.0,7,,0.0,2.0,1.0,A01,138Â 202Â 805,1.0
1013392,201900054923,2,14,08:30,1,2,2,1.0,3.0,69387,ST MICHEL                           (R ),M,"45,7520100","4,8449500",69,2019,50.0,1.0,1.0,4.0,2266234,1.0,1,1,1,0.0,,0.0,0,1985.0,A01,138Â 202Â 805,1.0,0.0,-1.0,1729843,1.0,43,,1.0,2.0,8.0,B01,138Â 202Â 804,1.0
1013392,201900054923,2,14,08:30,1,2,2,1.0,3.0,69387,ST MICHEL                           (R ),M,"45,7520100","4,8449500",69,2019,50.0,1.0,1.0,4.0,2266234,1.0,1,1,1,0.0,,0.0,0,1985.0,A01,138Â 202Â 805,1.0,0.0,-1.0,1729844,2.0,7,,0.0,2.0,1.0,A01,138Â 202Â 805,1.0
1013393,201900054924,6,7,12:50,1,2,3,1.0,3.0,03310,rue Sidi Brahim,M,"46,1210414","3,4387681",3,2019,50.0,1.0,1.0,4.0,2266235,1.0,1,1,1,5.0,,-1.0, -1,1990.0,A01,138Â 202Â 802,1.0,8.0,-1.0,1729845,0.0,7,,0.0,2.0,3.0,A01,138Â 202Â 802,1.0
1013393,201900054924,6,7,12:50,1,2,3,1.0,3.0,03310,rue Sidi Brahim,M,"46,1210414","3,4387681",3,2019,50.0,1.0,1.0,4.0,2266235,1.0,1,1,1,5.0,,-1.0, -1,1990.0,A01,138Â 202Â 802,1.0,8.0,-1.0,1729846,0.0,7,,6.0,2.0,8.0,B01,138Â 202Â 803,1.0