Unnamed: 0_x,num_acc,mois,jour,hrmn,lum,agg,int,atm,col,com,adr,gps,lat,long,dep,annee,vma,situ,surf,catr,Unnamed: 0_y,place,catu,grav,sexe,trajet,secu,locp,actp,an_nais,num_veh_x,id_vehicule_x,secu1,secu2,secu3,Unnamed: 0,senc,catv,occutc,obs,obsm,choc,num_veh_y,id_vehicule_y,motor
1013393,201900054924,6,7,12:50,1,2,3,1.0,3.0,03310,rue Sidi Brahim,M,"46,1210414","3,4387681",3,2019,50.0,1.0,1.0,4.0,2266236,1.0,1,3,2,5.0,,0.0,0,1937.0,B01,138Â 202Â 803,1.0,0.0,-1.0,1729845,0.0,7,,0.0,2.0,3.0,A01,138Â 202Â 802,1.0
1013393,201900054924,6,7,12:50,1,2,3,1.0,3.0,03310,rue Sidi Brahim,M,"46,1210414","3,4387681",3,2019,50.0,1.0,1.0,4.0,2266236,1.0,1,3,2,5.0,,0.0,0,1937.0,B01,138Â 202Â 803,1.0,0.0,-1.0,1729846,0.0,7,,6.0,2.0,8.0,B01,138Â 202Â 803,1.0
1013394,201900054925,6,18,15:59,1,2,6,1.0,3.0,03185,rue Albert Einstein,M,"46,3480127","2,6022499",3,2019,50.0,1.0,1.0,4.0,2266237,1.0,1,3,1,3.0,,0.0,0,1968.0,B01,138Â 202Â 799,8.0,0.0,-1.0,1729847,3.0,1,,0.0,2.0,4.0,B01,138Â 202Â 799,5.0
1013394,201900054925,6,18,15:59,1,2,6,1.0,3.0,03185,rue Albert Einstein,M,"46,3480127","2,6022499",3,2019,50.0,1.0,1.0,4.0,2266237,1.0,1,3,1,3.0,,0.0,0,1968.0,B01,138Â 202Â 799,8.0,0.0,-1.0,1729848,2.0,7,,0.0,2.0,3.0,A01,138Â 202Â 800,1.0
1013394,201900054925,6,18,15:59,1,2,6,1.0,3.0,03185,rue Albert Einstein,M,"46,3480127","2,6022499",3,2019,50.0,1.0,1.0,4.0,2266238,1.0,1,1,2,3.0,,0.0,0,1994.0,A01,138Â 202Â 800,1.0,8.0,-1.0,1729847,3.0,1,,0.0,2.0,4.0,B01,138Â 202Â 799,5.0
1013394,201900054925,6,18,15:59,1,2,6,1.0,3.0,03185,rue Albert Einstein,M,"46,3480127","2,6022499",3,2019,50.0,1.0,1.0,4.0,2266238,1.0,1,1,2,3.0,,0.0,0,1994.0,A01,138Â 202Â 800,1.0,8.0,-1.0,1729848,2.0,7,,0.0,2.0,3.0,A01,138Â 202Â 800,1.0
1013395,201900054926,2,16,02:25,5,2,1,1.0,6.0,97213,ROUTE NATIONALE 1,M,"14,6221900"," -60,9907000",972,2019,50.0,1.0,1.0,2.0,2266239,10.0,3,3,1,5.0,,2.0,3,1969.0,Z01,138Â 202Â 801,8.0,0.0,-1.0,1729849,2.0,33,,0.0,1.0,1.0,Z01,138Â 202Â 801,0.0
1013396,201900054927,2,20,07:10,1,2,3,1.0,6.0,97209,VINCENT PLACOLY (RUE),M,"14,6054300"," -61,0855800",972,2019,50.0,2.0,2.0,2.0,2266240,1.0,1,1,2,9.0,,-1.0,0,1964.0,A01,138Â 202Â 796,1.0,0.0,-1.0,1729850,2.0,7,,0.0,1.0,2.0,A01,138Â 202Â 796,1.0
1013396,201900054927,2,20,07:10,1,2,3,1.0,6.0,97209,VINCENT PLACOLY (RUE),M,"14,6054300"," -61,0855800",972,2019,50.0,2.0,2.0,2.0,2266241,10.0,3,4,2,0.0,,2.0,3,1998.0,A01,138Â 202Â 796,8.0,0.0,-1.0,1729850,2.0,7,,0.0,1.0,2.0,A01,138Â 202Â 796,1.0
1013397,201900054928,6,14,20:10,2,2,3,3.0,3.0,03185,rue des Faucheroux,M,"46,3315301","2,6046247",3,2019,50.0,1.0,2.0,4.0,2266242,2.0,2,1,1,5.0,,0.0,0,1980.0,A01,138Â 202Â 797,1.0,0.0,-1.0,1729851,1.0,7,,0.0,2.0,3.0,A01,138Â 202Â 797,1.0
1013397,201900054928,6,14,20:10,2,2,3,3.0,3.0,03185,rue des Faucheroux,M,"46,3315301","2,6046247",3,2019,50.0,1.0,2.0,4.0,2266242,2.0,2,1,1,5.0,,0.0,0,1980.0,A01,138Â 202Â 797,1.0,0.0,-1.0,1729852,1.0,33,,0.0,2.0,1.0,B01,138Â 202Â 798,1.0
1013397,201900054928,6,14,20:10,2,2,3,3.0,3.0,03185,rue des Faucheroux,M,"46,3315301","2,6046247",3,2019,50.0,1.0,2.0,4.0,2266243,3.0,2,1,2,5.0,,0.0,0,1955.0,A01,138Â 202Â 797,1.0,0.0,-1.0,1729851,1.0,7,,0.0,2.0,3.0,A01,138Â 202Â 797,1.0
1013397,201900054928,6,14,20:10,2,2,3,3.0,3.0,03185,rue des Faucheroux,M,"46,3315301","2,6046247",3,2019,50.0,1.0,2.0,4.0,2266243,3.0,2,1,2,5.0,,0.0,0,1955.0,A01,138Â 202Â 797,1.0,0.0,-1.0,1729852,1.0,33,,0.0,2.0,1.0,B01,138Â 202Â 798,1.0
1013397,201900054928,6,14,20:10,2,2,3,3.0,3.0,03185,rue des Faucheroux,M,"46,3315301","2,6046247",3,2019,50.0,1.0,2.0,4.0,2266244,1.0,1,1,1,5.0,,0.0,0,1954.0,A01,138Â 202Â 797,1.0,0.0,-1.0,1729851,1.0,7,,0.0,2.0,3.0,A01,138Â 202Â 797,1.0
1013397,201900054928,6,14,20:10,2,2,3,3.0,3.0,03185,rue des Faucheroux,M,"46,3315301","2,6046247",3,2019,50.0,1.0,2.0,4.0,2266244,1.0,1,1,1,5.0,,0.0,0,1954.0,A01,138Â 202Â 797,1.0,0.0,-1.0,1729852,1.0,33,,0.0,2.0,1.0,B01,138Â 202Â 798,1.0
1013397,201900054928,6,14,20:10,2,2,3,3.0,3.0,03185,rue des Faucheroux,M,"46,3315301","2,6046247",3,2019,50.0,1.0,2.0,4.0,2266245,1.0,1,3,1,1.0,,0.0,0,1972.0,B01,138Â 202Â 798,2.0,0.0,-1.0,1729851,1.0,7,,0.0,2.0,3.0,A01,138Â 202Â 797,1.0
1013397,201900054928,6,14,20:10,2,2,3,3.0,3.0,03185,rue des Faucheroux,M,"46,3315301","2,6046247",3,2019,50.0,1.0,2.0,4.0,2266245,1.0,1,3,1,1.0,,0.0,0,1972.0,B01,138Â 202Â 798,2.0,0.0,-1.0,1729852,1.0,33,,0.0,2.0,1.0,B01,138Â 202Â 798,1.0
1013398,201900054929,6,5,18:20,1,2,1,3.0,6.0,03185,quai Rouget de l'Isle,M,"46,3408306","2,5934656",3,2019,50.0,1.0,2.0,4.0,2266246,10.0,3,4,2,1.0,,3.0,3,1999.0,A01,138Â 202Â 793,8.0,0.0,-1.0,1729853,1.0,7,,0.0,1.0,2.0,A01,138Â 202Â 793,1.0
1013398,201900054929,6,5,18:20,1,2,1,3.0,6.0,03185,quai Rouget de l'Isle,M,"46,3408306","2,5934656",3,2019,50.0,1.0,2.0,4.0,2266247,1.0,1,1,1,3.0,,0.0,0,1950.0,A01,138Â 202Â 793,1.0,0.0,-1.0,1729853,1.0,7,,0.0,1.0,2.0,A01,138Â 202Â 793,1.0
1013399,201900054930,6,16,10:00,1,1,1,1.0,1.0,02243,MONTAGNE DE VAUXROT,M,"49,4072900","3,3357100",2,2019,80.0,1.0,1.0,3.0,2266248,1.0,1,1,1,5.0,,-1.0,0,1950.0,B01,138Â 202Â 790,1.0,0.0,-1.0,1729854,1.0,7,,0.0,2.0,3.0,B01,138Â 202Â 790,1.0
1013399,201900054930,6,16,10:00,1,1,1,1.0,1.0,02243,MONTAGNE DE VAUXROT,M,"49,4072900","3,3357100",2,2019,80.0,1.0,1.0,3.0,2266248,1.0,1,1,1,5.0,,-1.0,0,1950.0,B01,138Â 202Â 790,1.0,0.0,-1.0,1729855,2.0,33,,0.0,2.0,1.0,A01,138Â 202Â 791,1.0
1013399,201900054930,6,16,10:00,1,1,1,1.0,1.0,02243,MONTAGNE DE VAUXROT,M,"49,4072900","3,3357100",2,2019,80.0,1.0,1.0,3.0,2266249,1.0,1,3,1,5.0,,-1.0,0,1965.0,A01,138Â 202Â 791,2.0,0.0,-1.0,1729854,1.0,7,,0.0,2.0,3.0,B01,138Â 202Â 790,1.0
1013399,201900054930,6,16,10:00,1,1,1,1.0,1.0,02243,MONTAGNE DE VAUXROT,M,"49,4072900","3,3357100",2,2019,80.0,1.0,1.0,3.0,2266249,1.0,1,3,1,5.0,,-1.0,0,1965.0,A01,138Â 202Â 791,2.0,0.0,-1.0,1729855,2.0,33,,0.0,2.0,1.0,A01,138Â 202Â 791,1.0
1013400,201900054931,2,14,19:20,5,2,1,1.0,5.0,97209,AUTOROUTE (A1),M,"14,6164300"," -61,0430200",972,2019,90.0,1.0,1.0,1.0,2266250,1.0,1,1,1,5.0,,-1.0,0,1996.0,A01,138Â 202Â 789,1.0,0.0,-1.0,1729856,2.0,7,,0.0,2.0,1.0,A01,138Â 202Â 789,1.0
1013400,201900054931,2,14,19:20,5,2,1,1.0,5.0,97209,AUTOROUTE (A1),M,"14,6164300"," -61,0430200",972,2019,90.0,1.0,1.0,1.0,2266250,1.0,1,1,1,5.0,,-1.0,0,1996.0,A01,138Â 202Â 789,1.0,0.0,-1.0,1729857,2.0,7,,0.0,2.0,3.0,C01,138Â 202Â 794,1.0
1013400,201900054931,2,14,19:20,5,2,1,1.0,5.0,97209,AUTOROUTE (A1),M,"14,6164300"," -61,0430200",972,2019,90.0,1.0,1.0,1.0,2266250,1.0,1,1,1,5.0,,-1.0,0,1996.0,A01,138Â 202Â 789,1.0,0.0,-1.0,1729858,2.0,7,,0.0,2.0,9.0,B01,138Â 202Â 795,1.0
1013400,201900054931,2,14,19:20,5,2,1,1.0,5.0,97209,AUTOROUTE (A1),M,"14,6164300"," -61,0430200",972,2019,90.0,1.0,1.0,1.0,2266251,1.0,1,1,1,5.0,,-1.0,0,1994.0,C01,138Â 202Â 794,1.0,0.0,-1.0,1729856,2.0,7,,0.0,2.0,1.0,A01,138Â 202Â 789,1.0
1013400,201900054931,2,14,19:20,5,2,1,1.0,5.0,97209,AUTOROUTE (A1),M,"14,6164300"," -61,0430200",972,2019,90.0,1.0,1.0,1.0,2266251,1.0,1,1,1,5.0,,-1.0,0,1994.0,C01,138Â 202Â 794,1.0,0.0,-1.0,1729857,2.0,7,,0.0,2.0,3.0,C01,138Â 202Â 794,1.0
1013400,201900054931,2,14,19:20,5,2,1,1.0,5.0,97209,AUTOROUTE (A1),M,"14,6164300"," -61,0430200",972,2019,90.0,1.0,1.0,1.0,2266251,1.0,1,1,1,5.0,,-1.0,0,1994.0,C01,138Â 202Â 794,1.0,0.0,-1.0,1729858,2.0,7,,0.0,2.0,9.0,B01,138Â 202Â 795,1.0
1013400,201900054931,2,14,19:20,5,2,1,1.0,5.0,97209,AUTOROUTE (A1),M,"14,6164300"," -61,0430200",972,2019,90.0,1.0,1.0,1.0,2266252,1.0,1,4,1,5.0,,-1.0,0,1998.0,B01,138Â 202Â 795,1.0,5.0,-1.0,1729856,2.0,7,,0.0,2.0,1.0,A01,138Â 202Â 789,1.0
1013400,201900054931,2,14,19:20,5,2,1,1.0,5.0,97209,AUTOROUTE (A1),M,"14,6164300"," -61,0430200",972,2019,90.0,1.0,1.0,1.0,2266252,1.0,1,4,1,5.0,,-1.0,0,1998.0,B01,138Â 202Â 795,1.0,5.0,-1.0,1729857,2.0,7,,0.0,2.0,3.0,C01,138Â 202Â 794,1.0
1013400,201900054931,2,14,19:20,5,2,1,1.0,5.0,97209,AUTOROUTE (A1),M,"14,6164300"," -61,0430200",972,2019,90.0,1.0,1.0,1.0,2266252,1.0,1,4,1,5.0,,-1.0,0,1998.0,B01,138Â 202Â 795,1.0,5.0,-1.0,1729858,2.0,7,,0.0,2.0,9.0,B01,138Â 202Â 795,1.0
1013401,201900054932,2,13,12:20,1,2,1,1.0,6.0,97209,CHEVALIER SAINTE-MARTHE (BOULEVARD),M,"14,6064000"," -61,0675000",972,2019,30.0,1.0,1.0,3.0,2266253,10.0,3,3,2,9.0,,3.0,3,1957.0,A01,138Â 202Â 787,8.0,0.0,-1.0,1729859,1.0,0,,0.0,1.0,1.0,A01,138Â 202Â 787,1.0
1013402,201900054933,5,3,22:20,5,2,5,1.0,3.0,02691,VERMAND (RUE DE),M,"49,8483200","3,2774200",2,2019,50.0,2.0,1.0,4.0,2266254,5.0,2,4,1,0.0,,-1.0,0,2001.0,B01,138Â 202Â 786,2.0,8.0,-1.0,1729860,2.0,2,,0.0,2.0,7.0,B01,138Â 202Â 786,1.0
1013402,201900054933,5,3,22:20,5,2,5,1.0,3.0,02691,VERMAND (RUE DE),M,"49,8483200","3,2774200",2,2019,50.0,2.0,1.0,4.0,2266254,5.0,2,4,1,0.0,,-1.0,0,2001.0,B01,138Â 202Â 786,2.0,8.0,-1.0,1729861,2.0,7,,0.0,2.0,1.0,A01,138Â 202Â 788,1.0
1013402,201900054933,5,3,22:20,5,2,5,1.0,3.0,02691,VERMAND (RUE DE),M,"49,8483200","3,2774200",2,2019,50.0,2.0,1.0,4.0,2266255,1.0,1,4,1,5.0,,-1.0,0,1999.0,B01,138Â 202Â 786,2.0,8.0,-1.0,1729860,2.0,2,,0.0,2.0,7.0,B01,138Â 202Â 786,1.0
1013402,201900054933,5,3,22:20,5,2,5,1.0,3.0,02691,VERMAND (RUE DE),M,"49,8483200","3,2774200",2,2019,50.0,2.0,1.0,4.0,2266255,1.0,1,4,1,5.0,,-1.0,0,1999.0,B01,138Â 202Â 786,2.0,8.0,-1.0,1729861,2.0,7,,0.0,2.0,1.0,A01,138Â 202Â 788,1.0
1013402,201900054933,5,3,22:20,5,2,5,1.0,3.0,02691,VERMAND (RUE DE),M,"49,8483200","3,2774200",2,2019,50.0,2.0,1.0,4.0,2266256,1.0,1,1,1,5.0,,-1.0,0,1999.0,A01,138Â 202Â 788,1.0,8.0,-1.0,1729860,2.0,2,,0.0,2.0,7.0,B01,138Â 202Â 786,1.0
1013402,201900054933,5,3,22:20,5,2,5,1.0,3.0,02691,VERMAND (RUE DE),M,"49,8483200","3,2774200",2,2019,50.0,2.0,1.0,4.0,2266256,1.0,1,1,1,5.0,,-1.0,0,1999.0,A01,138Â 202Â 788,1.0,8.0,-1.0,1729861,2.0,7,,0.0,2.0,1.0,A01,138Â 202Â 788,1.0
1013403,201900054934,5,27,09:40,1,2,6,1.0,6.0,02691,MULHOUSE DE 8 A 125 (RUE DE),M,"49,8509400","3,2979600",2,2019,50.0,1.0,1.0,4.0,2266257,10.0,3,4,2,2.0,,3.0,3,2005.0,A01,138Â 202Â 783,8.0,0.0,-1.0,1729862,2.0,7,,0.0,1.0,1.0,A01,138Â 202Â 783,1.0
1013403,201900054934,5,27,09:40,1,2,6,1.0,6.0,02691,MULHOUSE DE 8 A 125 (RUE DE),M,"49,8509400","3,2979600",2,2019,50.0,1.0,1.0,4.0,2266258,1.0,1,1,1,-1.0,,-1.0, -1,1936.0,A01,138Â 202Â 783,8.0,8.0,8.0,1729862,2.0,7,,0.0,1.0,1.0,A01,138Â 202Â 783,1.0
1013404,201900054935,2,12,17:50,1,1,1,2.0,3.0,97209,CHATEAUBOEUF (ROUTE DE),M,"14,6165600"," -61,0492500",972,2019,60.0,1.0,2.0,4.0,2266259,1.0,1,1,1,0.0,,-1.0,0,1980.0,A01,138Â 202Â 784,1.0,0.0,-1.0,1729863,2.0,7,,0.0,1.0,1.0,A01,138Â 202Â 784,1.0
1013404,201900054935,2,12,17:50,1,1,1,2.0,3.0,97209,CHATEAUBOEUF (ROUTE DE),M,"14,6165600"," -61,0492500",972,2019,60.0,1.0,2.0,4.0,2266259,1.0,1,1,1,0.0,,-1.0,0,1980.0,A01,138Â 202Â 784,1.0,0.0,-1.0,1729864,1.0,33,,0.0,2.0,6.0,B01,138Â 202Â 785,1.0
1013404,201900054935,2,12,17:50,1,1,1,2.0,3.0,97209,CHATEAUBOEUF (ROUTE DE),M,"14,6165600"," -61,0492500",972,2019,60.0,1.0,2.0,4.0,2266260,1.0,1,3,1,5.0,,-1.0,0,1983.0,B01,138Â 202Â 785,2.0,8.0,-1.0,1729863,2.0,7,,0.0,1.0,1.0,A01,138Â 202Â 784,1.0
1013404,201900054935,2,12,17:50,1,1,1,2.0,3.0,97209,CHATEAUBOEUF (ROUTE DE),M,"14,6165600"," -61,0492500",972,2019,60.0,1.0,2.0,4.0,2266260,1.0,1,3,1,5.0,,-1.0,0,1983.0,B01,138Â 202Â 785,2.0,8.0,-1.0,1729864,1.0,33,,0.0,2.0,6.0,B01,138Â 202Â 785,1.0
1013405,201900054936,5,27,11:00,1,2,2,1.0,3.0,02408,HUREE (RUE DE LA),M,"49,5679400","3,6420000",2,2019,50.0,2.0,1.0,4.0,2266261,1.0,1,4,1,5.0,,-1.0,0,1995.0,B01,138Â 202Â 780,2.0,0.0,-1.0,1729865,1.0,30,,0.0,2.0,1.0,B01,138Â 202Â 780,1.0
1013405,201900054936,5,27,11:00,1,2,2,1.0,3.0,02408,HUREE (RUE DE LA),M,"49,5679400","3,6420000",2,2019,50.0,2.0,1.0,4.0,2266261,1.0,1,4,1,5.0,,-1.0,0,1995.0,B01,138Â 202Â 780,2.0,0.0,-1.0,1729866,1.0,7,,0.0,2.0,7.0,A01,138Â 202Â 782,1.0
1013405,201900054936,5,27,11:00,1,2,2,1.0,3.0,02408,HUREE (RUE DE LA),M,"49,5679400","3,6420000",2,2019,50.0,2.0,1.0,4.0,2266262,1.0,1,1,2,5.0,,-1.0,0,1968.0,A01,138Â 202Â 782,1.0,0.0,-1.0,1729865,1.0,30,,0.0,2.0,1.0,B01,138Â 202Â 780,1.0
1013405,201900054936,5,27,11:00,1,2,2,1.0,3.0,02408,HUREE (RUE DE LA),M,"49,5679400","3,6420000",2,2019,50.0,2.0,1.0,4.0,2266262,1.0,1,1,2,5.0,,-1.0,0,1968.0,A01,138Â 202Â 782,1.0,0.0,-1.0,1729866,1.0,7,,0.0,2.0,7.0,A01,138Â 202Â 782,1.0
1013406,201900054937,2,17,19:20,5,2,9,1.0,7.0,69034,ST CLAIR (DE)                       (GR),M,"45,7909000","4,8595700",69,2019,50.0,1.0,1.0,4.0,2266263,1.0,1,4,1,0.0,,0.0,0,1962.0,A01,138Â 202Â 781,2.0,6.0,-1.0,1729867,3.0,33,,0.0,0.0,9.0,A01,138Â 202Â 781,1.0
1013407,201900054938,6,14,08:38,1,2,6,2.0,6.0,02168,PRAIRIE (RUE DE LA),M,"49,0388640","3,4016050",2,2019,50.0,2.0,2.0,4.0,2266264,1.0,1,1,2,3.0,,0.0,0,1981.0,B01,138Â 202Â 778,1.0,0.0,-1.0,1729868,1.0,7,,0.0,0.0,5.0,B01,138Â 202Â 778,6.0
1013407,201900054938,6,14,08:38,1,2,6,2.0,6.0,02168,PRAIRIE (RUE DE LA),M,"49,0388640","3,4016050",2,2019,50.0,2.0,2.0,4.0,2266264,1.0,1,1,2,3.0,,0.0,0,1981.0,B01,138Â 202Â 778,1.0,0.0,-1.0,1729869,1.0,7,,7.0,2.0,1.0,A01,138Â 202Â 779,0.0
1013407,201900054938,6,14,08:38,1,2,6,2.0,6.0,02168,PRAIRIE (RUE DE LA),M,"49,0388640","3,4016050",2,2019,50.0,2.0,2.0,4.0,2266265,10.0,3,3,1,5.0,,5.0,1,1950.0,A01,138Â 202Â 779,8.0,0.0,-1.0,1729868,1.0,7,,0.0,0.0,5.0,B01,138Â 202Â 778,6.0
1013407,201900054938,6,14,08:38,1,2,6,2.0,6.0,02168,PRAIRIE (RUE DE LA),M,"49,0388640","3,4016050",2,2019,50.0,2.0,2.0,4.0,2266265,10.0,3,3,1,5.0,,5.0,1,1950.0,A01,138Â 202Â 779,8.0,0.0,-1.0,1729869,1.0,7,,7.0,2.0,1.0,A01,138Â 202Â 779,0.0
1013407,201900054938,6,14,08:38,1,2,6,2.0,6.0,02168,PRAIRIE (RUE DE LA),M,"49,0388640","3,4016050",2,2019,50.0,2.0,2.0,4.0,2266266,1.0,1,1,1,0.0,,0.0,0,1998.0,A01,138Â 202Â 779,8.0,0.0,-1.0,1729868,1.0,7,,0.0,0.0,5.0,B01,138Â 202Â 778,6.0
1013407,201900054938,6,14,08:38,1,2,6,2.0,6.0,02168,PRAIRIE (RUE DE LA),M,"49,0388640","3,4016050",2,2019,50.0,2.0,2.0,4.0,2266266,1.0,1,1,1,0.0,,0.0,0,1998.0,A01,138Â 202Â 779,8.0,0.0,-1.0,1729869,1.0,7,,7.0,2.0,1.0,A01,138Â 202Â 779,0.0
1013408,201900054939,2,16,18:50,5,2,1,1.0,6.0,69384,JOSEPH GILLET                       (QU),M,"45,7797300","4,8115900",69,2019,50.0,1.0,1.0,4.0,2266267,10.0,3,4,1,9.0,,4.0,3,2015.0,A01,138Â 202Â 777,0.0,0.0,0.0,1729870,1.0,7,,0.0,1.0,1.0,A01,138Â 202Â 777,0.0
1013408,201900054939,2,16,18:50,5,2,1,1.0,6.0,69384,JOSEPH GILLET                       (QU),M,"45,7797300","4,8115900",69,2019,50.0,1.0,1.0,4.0,2266268,1.0,1,1,1,1.0,,0.0,0,1992.0,A01,138Â 202Â 777,1.0,0.0,-1.0,1729870,1.0,7,,0.0,1.0,1.0,A01,138Â 202Â 777,0.0
1013409,201900054940,5,24,12:20,1,2,1,1.0,1.0,01014,TUILERIE ( RUE DE LA ),M,"46,2733379","5,6669861",1,2019,50.0,1.0,1.0,4.0,2266269,1.0,1,4,1,1.0,,0.0,0,1974.0,B01,138Â 202Â 775,1.0,0.0,-1.0,1729871,1.0,7,,0.0,2.0,1.0,B01,138Â 202Â 775,1.0
1013409,201900054940,5,24,12:20,1,2,1,1.0,1.0,01014,TUILERIE ( RUE DE LA ),M,"46,2733379","5,6669861",1,2019,50.0,1.0,1.0,4.0,2266269,1.0,1,4,1,1.0,,0.0,0,1974.0,B01,138Â 202Â 775,1.0,0.0,-1.0,1729872,2.0,7,,0.0,2.0,1.0,A01,138Â 202Â 776,1.0
1013409,201900054940,5,24,12:20,1,2,1,1.0,1.0,01014,TUILERIE ( RUE DE LA ),M,"46,2733379","5,6669861",1,2019,50.0,1.0,1.0,4.0,2266270,1.0,1,3,1,5.0,,0.0,0,1938.0,A01,138Â 202Â 776,1.0,8.0,-1.0,1729871,1.0,7,,0.0,2.0,1.0,B01,138Â 202Â 775,1.0
1013409,201900054940,5,24,12:20,1,2,1,1.0,1.0,01014,TUILERIE ( RUE DE LA ),M,"46,2733379","5,6669861",1,2019,50.0,1.0,1.0,4.0,2266270,1.0,1,3,1,5.0,,0.0,0,1938.0,A01,138Â 202Â 776,1.0,8.0,-1.0,1729872,2.0,7,,0.0,2.0,1.0,A01,138Â 202Â 776,1.0
1013409,201900054940,5,24,12:20,1,2,1,1.0,1.0,01014,TUILERIE ( RUE DE LA ),M,"46,2733379","5,6669861",1,2019,50.0,1.0,1.0,4.0,2266271,2.0,2,3,2,5.0,,0.0,0,1939.0,A01,138Â 202Â 776,1.0,8.0,-1.0,1729871,1.0,7,,0.0,2.0,1.0,B01,138Â 202Â 775,1.0
1013409,201900054940,5,24,12:20,1,2,1,1.0,1.0,01014,TUILERIE ( RUE DE LA ),M,"46,2733379","5,6669861",1,2019,50.0,1.0,1.0,4.0,2266271,2.0,2,3,2,5.0,,0.0,0,1939.0,A01,138Â 202Â 776,1.0,8.0,-1.0,1729872,2.0,7,,0.0,2.0,1.0,A01,138Â 202Â 776,1.0
1013410,201900054941,2,16,15:45,1,2,7,7.0,2.0,69034,BASCULE (DE LA)                     (PL),M,"45,8028200","4,8511200",69,2019,50.0,1.0,1.0,7.0,2266272,2.0,2,4,1,5.0,,0.0,0,1979.0,B01,138Â 202Â 773,1.0,0.0,-1.0,1729873,0.0,7,,0.0,2.0,5.0,B01,138Â 202Â 773,1.0
1013410,201900054941,2,16,15:45,1,2,7,7.0,2.0,69034,BASCULE (DE LA)                     (PL),M,"45,8028200","4,8511200",69,2019,50.0,1.0,1.0,7.0,2266272,2.0,2,4,1,5.0,,0.0,0,1979.0,B01,138Â 202Â 773,1.0,0.0,-1.0,1729874,1.0,7,,15.0,2.0,1.0,A01,138Â 202Â 774,1.0
1013410,201900054941,2,16,15:45,1,2,7,7.0,2.0,69034,BASCULE (DE LA)                     (PL),M,"45,8028200","4,8511200",69,2019,50.0,1.0,1.0,7.0,2266273,1.0,1,4,1,5.0,,0.0,0,1985.0,B01,138Â 202Â 773,1.0,0.0,-1.0,1729873,0.0,7,,0.0,2.0,5.0,B01,138Â 202Â 773,1.0
1013410,201900054941,2,16,15:45,1,2,7,7.0,2.0,69034,BASCULE (DE LA)                     (PL),M,"45,8028200","4,8511200",69,2019,50.0,1.0,1.0,7.0,2266273,1.0,1,4,1,5.0,,0.0,0,1985.0,B01,138Â 202Â 773,1.0,0.0,-1.0,1729874,1.0,7,,15.0,2.0,1.0,A01,138Â 202Â 774,1.0
1013410,201900054941,2,16,15:45,1,2,7,7.0,2.0,69034,BASCULE (DE LA)                     (PL),M,"45,8028200","4,8511200",69,2019,50.0,1.0,1.0,7.0,2266274,1.0,1,1,1,5.0,,0.0,0,1935.0,A01,138Â 202Â 774,1.0,8.0,-1.0,1729873,0.0,7,,0.0,2.0,5.0,B01,138Â 202Â 773,1.0
1013410,201900054941,2,16,15:45,1,2,7,7.0,2.0,69034,BASCULE (DE LA)                     (PL),M,"45,8028200","4,8511200",69,2019,50.0,1.0,1.0,7.0,2266274,1.0,1,1,1,5.0,,0.0,0,1935.0,A01,138Â 202Â 774,1.0,8.0,-1.0,1729874,1.0,7,,15.0,2.0,1.0,A01,138Â 202Â 774,1.0
1013410,201900054941,2,16,15:45,1,2,7,7.0,2.0,69034,BASCULE (DE LA)                     (PL),M,"45,8028200","4,8511200",69,2019,50.0,1.0,1.0,7.0,2266275,2.0,2,1,2,5.0,,0.0,0,1937.0,A01,138Â 202Â 774,1.0,0.0,-1.0,1729873,0.0,7,,0.0,2.0,5.0,B01,138Â 202Â 773,1.0
1013410,201900054941,2,16,15:45,1,2,7,7.0,2.0,69034,BASCULE (DE LA)                     (PL),M,"45,8028200","4,8511200",69,2019,50.0,1.0,1.0,7.0,2266275,2.0,2,1,2,5.0,,0.0,0,1937.0,A01,138Â 202Â 774,1.0,0.0,-1.0,1729874,1.0,7,,15.0,2.0,1.0,A01,138Â 202Â 774,1.0
1013411,201900054942,6,16,07:30,1,2,1,1.0,1.0,01053,CURTAFRAY ( CHEMIN DE),M,"46,1939320","5,2607022",1,2019,50.0,1.0,1.0,4.0,2266276,1.0,1,4,1,1.0,,-1.0,0,1965.0,B01,138Â 202Â 771,1.0,8.0,-1.0,1729875,0.0,10,,0.0,2.0,1.0,B01,138Â 202Â 771,1.0
1013411,201900054942,6,16,07:30,1,2,1,1.0,1.0,01053,CURTAFRAY ( CHEMIN DE),M,"46,1939320","5,2607022",1,2019,50.0,1.0,1.0,4.0,2266276,1.0,1,4,1,1.0,,-1.0,0,1965.0,B01,138Â 202Â 771,1.0,8.0,-1.0,1729876,2.0,10,,0.0,2.0,1.0,A01,138Â 202Â 772,1.0
1013411,201900054942,6,16,07:30,1,2,1,1.0,1.0,01053,CURTAFRAY ( CHEMIN DE),M,"46,1939320","5,2607022",1,2019,50.0,1.0,1.0,4.0,2266277,2.0,2,3,1,0.0,,-1.0,0,1994.0,A01,138Â 202Â 772,1.0,8.0,-1.0,1729875,0.0,10,,0.0,2.0,1.0,B01,138Â 202Â 771,1.0