Unnamed: 0_x,num_acc,mois,jour,hrmn,lum,agg,int,atm,col,com,adr,gps,lat,long,dep,annee,vma,situ,surf,catr,Unnamed: 0_y,place,catu,grav,sexe,trajet,secu,locp,actp,an_nais,num_veh_x,id_vehicule_x,secu1,secu2,secu3,Unnamed: 0,senc,catv,occutc,obs,obsm,choc,num_veh_y,id_vehicule_y,motor
1013411,201900054942,6,16,07:30,1,2,1,1.0,1.0,01053,CURTAFRAY ( CHEMIN DE),M,"46,1939320","5,2607022",1,2019,50.0,1.0,1.0,4.0,2266277,2.0,2,3,1,0.0,,-1.0,0,1994.0,A01,138Â 202Â 772,1.0,8.0,-1.0,1729876,2.0,10,,0.0,2.0,1.0,A01,138Â 202Â 772,1.0
1013411,201900054942,6,16,07:30,1,2,1,1.0,1.0,01053,CURTAFRAY ( CHEMIN DE),M,"46,1939320","5,2607022",1,2019,50.0,1.0,1.0,4.0,2266278,1.0,1,3,1,5.0,,-1.0,0,1996.0,A01,138Â 202Â 772,1.0,8.0,-1.0,1729875,0.0,10,,0.0,2.0,1.0,B01,138Â 202Â 771,1.0
1013411,201900054942,6,16,07:30,1,2,1,1.0,1.0,01053,CURTAFRAY ( CHEMIN DE),M,"46,1939320","5,2607022",1,2019,50.0,1.0,1.0,4.0,2266278,1.0,1,3,1,5.0,,-1.0,0,1996.0,A01,138Â 202Â 772,1.0,8.0,-1.0,1729876,2.0,10,,0.0,2.0,1.0,A01,138Â 202Â 772,1.0
1013412,201900054943,6,7,12:20,1,2,1,1.0,6.0,01053,HUGO ( BD VICTOR) PAIR,M,"46,2011751","5,2290961",1,2019,2.0,1.0,1.0,3.0,2266279,10.0,3,3,1,2.0,,1.0,3,2004.0,A01,138Â 202Â 769,8.0,0.0,-1.0,1729877,1.0,7,,0.0,1.0,1.0,A01,138Â 202Â 769,1.0
1013412,201900054943,6,7,12:20,1,2,1,1.0,6.0,01053,HUGO ( BD VICTOR) PAIR,M,"46,2011751","5,2290961",1,2019,2.0,1.0,1.0,3.0,2266280,1.0,1,1,2,2.0,,0.0,0,2001.0,A01,138Â 202Â 769,1.0,8.0,-1.0,1729877,1.0,7,,0.0,1.0,1.0,A01,138Â 202Â 769,1.0
1013413,201900054944,2,16,00:15,5,2,1,1.0,6.0,69381,ROMARIN                             (R ),M,"45,7684400","4,8344300",69,2019,50.0,1.0,1.0,7.0,2266281,1.0,1,1,1,0.0,,0.0,0,1989.0,A01,138Â 202Â 770,1.0,0.0,-1.0,1729878,1.0,7,,0.0,1.0,3.0,A01,138Â 202Â 770,1.0
1013413,201900054944,2,16,00:15,5,2,1,1.0,6.0,69381,ROMARIN                             (R ),M,"45,7684400","4,8344300",69,2019,50.0,1.0,1.0,7.0,2266282,10.0,3,4,1,0.0,,1.0,1,1996.0,A01,138Â 202Â 770,8.0,0.0,-1.0,1729878,1.0,7,,0.0,1.0,3.0,A01,138Â 202Â 770,1.0
1013414,201900054945,6,6,05:45,3,2,2,1.0,3.0,01053,EUROPE ( CARREFOUR DE L  COTE MC DO),M,"46,2078496","5,2362743",1,2019,50.0,1.0,1.0,3.0,2266283,1.0,1,3,1,1.0,,-1.0, -1,1980.0,B01,138Â 202Â 767,1.0,0.0,-1.0,1729879,1.0,7,,0.0,2.0,3.0,B01,138Â 202Â 767,1.0
1013414,201900054945,6,6,05:45,3,2,2,1.0,3.0,01053,EUROPE ( CARREFOUR DE L  COTE MC DO),M,"46,2078496","5,2362743",1,2019,50.0,1.0,1.0,3.0,2266283,1.0,1,3,1,1.0,,-1.0, -1,1980.0,B01,138Â 202Â 767,1.0,0.0,-1.0,1729880,1.0,7,,0.0,2.0,1.0,A01,138Â 202Â 768,1.0
1013414,201900054945,6,6,05:45,3,2,2,1.0,3.0,01053,EUROPE ( CARREFOUR DE L  COTE MC DO),M,"46,2078496","5,2362743",1,2019,50.0,1.0,1.0,3.0,2266284,1.0,1,4,1,5.0,,-1.0, -1,1991.0,A01,138Â 202Â 768,1.0,0.0,-1.0,1729879,1.0,7,,0.0,2.0,3.0,B01,138Â 202Â 767,1.0
1013414,201900054945,6,6,05:45,3,2,2,1.0,3.0,01053,EUROPE ( CARREFOUR DE L  COTE MC DO),M,"46,2078496","5,2362743",1,2019,50.0,1.0,1.0,3.0,2266284,1.0,1,4,1,5.0,,-1.0, -1,1991.0,A01,138Â 202Â 768,1.0,0.0,-1.0,1729880,1.0,7,,0.0,2.0,1.0,A01,138Â 202Â 768,1.0
1013415,201900054946,2,15,22:14,5,2,1,1.0,6.0,69382,BELLECOUR                           (PL),M,"45,7571800","4,8336900",69,2019,30.0,1.0,1.0,4.0,2266285,2.0,2,1,2,5.0,,0.0,0,1996.0,A01,138Â 202Â 766,1.0,0.0,-1.0,1729881,2.0,7,,1.0,0.0,1.0,A01,138Â 202Â 766,1.0
1013415,201900054946,2,15,22:14,5,2,1,1.0,6.0,69382,BELLECOUR                           (PL),M,"45,7571800","4,8336900",69,2019,30.0,1.0,1.0,4.0,2266286,10.0,3,4,1,0.0,,1.0,3,1995.0,A01,138Â 202Â 766,8.0,0.0,-1.0,1729881,2.0,7,,1.0,0.0,1.0,A01,138Â 202Â 766,1.0
1013415,201900054946,2,15,22:14,5,2,1,1.0,6.0,69382,BELLECOUR                           (PL),M,"45,7571800","4,8336900",69,2019,30.0,1.0,1.0,4.0,2266287,1.0,1,1,2,5.0,,0.0,0,1995.0,A01,138Â 202Â 766,1.0,0.0,-1.0,1729881,2.0,7,,1.0,0.0,1.0,A01,138Â 202Â 766,1.0
1013416,201900054947,5,31,22:15,3,1,1,1.0,6.0,01451,POLLIAT (ROUTE DE ) IMPAIR,M,"46,2337438","5,1946387",1,2019,80.0,1.0,1.0,3.0,2266288,1.0,1,4,2,0.0,,0.0,0,1955.0,A01,138Â 202Â 765,1.0,5.0,-1.0,1729882,1.0,7,,14.0,0.0,1.0,A01,138Â 202Â 765,1.0
1013417,201900054948,2,15,19:50,5,2,3,1.0,3.0,69389,CHINARD                             (R ),M,"45,7781000","4,8057200",69,2019,50.0,1.0,1.0,4.0,2266289,2.0,2,1,2,0.0,,0.0,0,1997.0,A01,138Â 202Â 763,1.0,0.0,-1.0,1729883,1.0,7,,0.0,2.0,1.0,A01,138Â 202Â 763,1.0
1013417,201900054948,2,15,19:50,5,2,3,1.0,3.0,69389,CHINARD                             (R ),M,"45,7781000","4,8057200",69,2019,50.0,1.0,1.0,4.0,2266289,2.0,2,1,2,0.0,,0.0,0,1997.0,A01,138Â 202Â 763,1.0,0.0,-1.0,1729884,1.0,7,,0.0,2.0,8.0,B01,138Â 202Â 764,1.0
1013417,201900054948,2,15,19:50,5,2,3,1.0,3.0,69389,CHINARD                             (R ),M,"45,7781000","4,8057200",69,2019,50.0,1.0,1.0,4.0,2266290,1.0,1,1,1,0.0,,0.0,0,1996.0,A01,138Â 202Â 763,1.0,0.0,-1.0,1729883,1.0,7,,0.0,2.0,1.0,A01,138Â 202Â 763,1.0
1013417,201900054948,2,15,19:50,5,2,3,1.0,3.0,69389,CHINARD                             (R ),M,"45,7781000","4,8057200",69,2019,50.0,1.0,1.0,4.0,2266290,1.0,1,1,1,0.0,,0.0,0,1996.0,A01,138Â 202Â 763,1.0,0.0,-1.0,1729884,1.0,7,,0.0,2.0,8.0,B01,138Â 202Â 764,1.0
1013417,201900054948,2,15,19:50,5,2,3,1.0,3.0,69389,CHINARD                             (R ),M,"45,7781000","4,8057200",69,2019,50.0,1.0,1.0,4.0,2266291,1.0,1,4,1,0.0,,0.0,0,1951.0,B01,138Â 202Â 764,1.0,0.0,-1.0,1729883,1.0,7,,0.0,2.0,1.0,A01,138Â 202Â 763,1.0
1013417,201900054948,2,15,19:50,5,2,3,1.0,3.0,69389,CHINARD                             (R ),M,"45,7781000","4,8057200",69,2019,50.0,1.0,1.0,4.0,2266291,1.0,1,4,1,0.0,,0.0,0,1951.0,B01,138Â 202Â 764,1.0,0.0,-1.0,1729884,1.0,7,,0.0,2.0,8.0,B01,138Â 202Â 764,1.0
1013418,201900054949,5,30,16:05,1,1,6,1.0,6.0,01053,LOUHANS (ROND POINT),M,"46,2280123","5,2289725",1,2019,50.0,1.0,1.0,3.0,2266292,1.0,1,3,1,5.0,,-1.0, -1,1946.0,B01,138Â 202Â 761,8.0,0.0,-1.0,1729885,1.0,1,,0.0,2.0,4.0,B01,138Â 202Â 761,5.0
1013418,201900054949,5,30,16:05,1,1,6,1.0,6.0,01053,LOUHANS (ROND POINT),M,"46,2280123","5,2289725",1,2019,50.0,1.0,1.0,3.0,2266292,1.0,1,3,1,5.0,,-1.0, -1,1946.0,B01,138Â 202Â 761,8.0,0.0,-1.0,1729886,1.0,7,,0.0,0.0,8.0,A01,138Â 202Â 762,1.0
1013418,201900054949,5,30,16:05,1,1,6,1.0,6.0,01053,LOUHANS (ROND POINT),M,"46,2280123","5,2289725",1,2019,50.0,1.0,1.0,3.0,2266293,1.0,1,1,2,5.0,,0.0,0,1940.0,A01,138Â 202Â 762,1.0,0.0,-1.0,1729885,1.0,1,,0.0,2.0,4.0,B01,138Â 202Â 761,5.0
1013418,201900054949,5,30,16:05,1,1,6,1.0,6.0,01053,LOUHANS (ROND POINT),M,"46,2280123","5,2289725",1,2019,50.0,1.0,1.0,3.0,2266293,1.0,1,1,2,5.0,,0.0,0,1940.0,A01,138Â 202Â 762,1.0,0.0,-1.0,1729886,1.0,7,,0.0,0.0,8.0,A01,138Â 202Â 762,1.0
1013419,201900054950,2,15,17:38,1,2,1,1.0,7.0,69202,LEON BLONDEAU    (R),M,"45,7427700","4,7808500",69,2019,50.0,1.0,1.0,4.0,2266294,2.0,2,4,1,0.0,,0.0,0,2001.0,A01,138Â 202Â 760,1.0,5.0,-1.0,1729887,1.0,7,,13.0,2.0,1.0,A01,138Â 202Â 760,1.0
1013419,201900054950,2,15,17:38,1,2,1,1.0,7.0,69202,LEON BLONDEAU    (R),M,"45,7427700","4,7808500",69,2019,50.0,1.0,1.0,4.0,2266295,1.0,1,4,1,0.0,,0.0,0,1997.0,A01,138Â 202Â 760,1.0,5.0,-1.0,1729887,1.0,7,,13.0,2.0,1.0,A01,138Â 202Â 760,1.0
1013420,201900054951,6,19,19:05,1,2,1,1.0,2.0,75116,PORTE DE PASSY,M,"48,8620140","2,2643930",75,2019,70.0,1.0,1.0,4.0,2266296,1.0,1,1,1,1.0,,0.0,0,1972.0,B01,138Â 202Â 758,1.0,0.0,-1.0,1729888,2.0,7,,0.0,2.0,5.0,B01,138Â 202Â 758,1.0
1013420,201900054951,6,19,19:05,1,2,1,1.0,2.0,75116,PORTE DE PASSY,M,"48,8620140","2,2643930",75,2019,70.0,1.0,1.0,4.0,2266296,1.0,1,1,1,1.0,,0.0,0,1972.0,B01,138Â 202Â 758,1.0,0.0,-1.0,1729889,2.0,7,,0.0,2.0,3.0,A01,138Â 202Â 759,1.0
1013420,201900054951,6,19,19:05,1,2,1,1.0,2.0,75116,PORTE DE PASSY,M,"48,8620140","2,2643930",75,2019,70.0,1.0,1.0,4.0,2266297,1.0,1,4,2,4.0,,0.0,0,1997.0,A01,138Â 202Â 759,1.0,0.0,-1.0,1729888,2.0,7,,0.0,2.0,5.0,B01,138Â 202Â 758,1.0
1013420,201900054951,6,19,19:05,1,2,1,1.0,2.0,75116,PORTE DE PASSY,M,"48,8620140","2,2643930",75,2019,70.0,1.0,1.0,4.0,2266297,1.0,1,4,2,4.0,,0.0,0,1997.0,A01,138Â 202Â 759,1.0,0.0,-1.0,1729889,2.0,7,,0.0,2.0,3.0,A01,138Â 202Â 759,1.0
1013421,201900054952,2,15,14:05,1,2,1,1.0,3.0,69384,EUGENE PONS                         (R ),M,"45,7799100","4,8397800",69,2019,50.0,1.0,1.0,4.0,2266298,1.0,1,4,1,4.0,,0.0,0,1999.0,B01,138Â 202Â 756,8.0,0.0,-1.0,1729890,1.0,1,,0.0,2.0,1.0,B01,138Â 202Â 756,0.0
1013421,201900054952,2,15,14:05,1,2,1,1.0,3.0,69384,EUGENE PONS                         (R ),M,"45,7799100","4,8397800",69,2019,50.0,1.0,1.0,4.0,2266298,1.0,1,4,1,4.0,,0.0,0,1999.0,B01,138Â 202Â 756,8.0,0.0,-1.0,1729891,2.0,7,,0.0,2.0,6.0,A01,138Â 202Â 757,1.0
1013421,201900054952,2,15,14:05,1,2,1,1.0,3.0,69384,EUGENE PONS                         (R ),M,"45,7799100","4,8397800",69,2019,50.0,1.0,1.0,4.0,2266299,1.0,1,1,1,5.0,,0.0,0,1961.0,A01,138Â 202Â 757,1.0,0.0,-1.0,1729890,1.0,1,,0.0,2.0,1.0,B01,138Â 202Â 756,0.0
1013421,201900054952,2,15,14:05,1,2,1,1.0,3.0,69384,EUGENE PONS                         (R ),M,"45,7799100","4,8397800",69,2019,50.0,1.0,1.0,4.0,2266299,1.0,1,1,1,5.0,,0.0,0,1961.0,A01,138Â 202Â 757,1.0,0.0,-1.0,1729891,2.0,7,,0.0,2.0,6.0,A01,138Â 202Â 757,1.0
1013422,201900054953,6,19,14:15,1,2,1,1.0,4.0,75118,PORTE DE CLIGNANCOURT,M,"48,9007580","2,3371890",75,2019,70.0,1.0,1.0,4.0,2266300,1.0,1,1,1,5.0,,0.0,0,1995.0,C01,138Â 202Â 753,1.0,0.0,-1.0,1729892,1.0,7,,0.0,2.0,3.0,C01,138Â 202Â 753,1.0
1013422,201900054953,6,19,14:15,1,2,1,1.0,4.0,75118,PORTE DE CLIGNANCOURT,M,"48,9007580","2,3371890",75,2019,70.0,1.0,1.0,4.0,2266300,1.0,1,1,1,5.0,,0.0,0,1995.0,C01,138Â 202Â 753,1.0,0.0,-1.0,1729893,1.0,32,,0.0,2.0,4.0,B01,138Â 202Â 754,1.0
1013422,201900054953,6,19,14:15,1,2,1,1.0,4.0,75118,PORTE DE CLIGNANCOURT,M,"48,9007580","2,3371890",75,2019,70.0,1.0,1.0,4.0,2266300,1.0,1,1,1,5.0,,0.0,0,1995.0,C01,138Â 202Â 753,1.0,0.0,-1.0,1729894,1.0,43,,0.0,2.0,2.0,A01,138Â 202Â 755,1.0
1013422,201900054953,6,19,14:15,1,2,1,1.0,4.0,75118,PORTE DE CLIGNANCOURT,M,"48,9007580","2,3371890",75,2019,70.0,1.0,1.0,4.0,2266301,1.0,1,4,1,5.0,,0.0,0,1993.0,B01,138Â 202Â 754,2.0,6.0,-1.0,1729892,1.0,7,,0.0,2.0,3.0,C01,138Â 202Â 753,1.0
1013422,201900054953,6,19,14:15,1,2,1,1.0,4.0,75118,PORTE DE CLIGNANCOURT,M,"48,9007580","2,3371890",75,2019,70.0,1.0,1.0,4.0,2266301,1.0,1,4,1,5.0,,0.0,0,1993.0,B01,138Â 202Â 754,2.0,6.0,-1.0,1729893,1.0,32,,0.0,2.0,4.0,B01,138Â 202Â 754,1.0
1013422,201900054953,6,19,14:15,1,2,1,1.0,4.0,75118,PORTE DE CLIGNANCOURT,M,"48,9007580","2,3371890",75,2019,70.0,1.0,1.0,4.0,2266301,1.0,1,4,1,5.0,,0.0,0,1993.0,B01,138Â 202Â 754,2.0,6.0,-1.0,1729894,1.0,43,,0.0,2.0,2.0,A01,138Â 202Â 755,1.0
1013422,201900054953,6,19,14:15,1,2,1,1.0,4.0,75118,PORTE DE CLIGNANCOURT,M,"48,9007580","2,3371890",75,2019,70.0,1.0,1.0,4.0,2266302,1.0,1,1,1,5.0,,0.0,0,1971.0,A01,138Â 202Â 755,2.0,6.0,-1.0,1729892,1.0,7,,0.0,2.0,3.0,C01,138Â 202Â 753,1.0
1013422,201900054953,6,19,14:15,1,2,1,1.0,4.0,75118,PORTE DE CLIGNANCOURT,M,"48,9007580","2,3371890",75,2019,70.0,1.0,1.0,4.0,2266302,1.0,1,1,1,5.0,,0.0,0,1971.0,A01,138Â 202Â 755,2.0,6.0,-1.0,1729893,1.0,32,,0.0,2.0,4.0,B01,138Â 202Â 754,1.0
1013422,201900054953,6,19,14:15,1,2,1,1.0,4.0,75118,PORTE DE CLIGNANCOURT,M,"48,9007580","2,3371890",75,2019,70.0,1.0,1.0,4.0,2266302,1.0,1,1,1,5.0,,0.0,0,1971.0,A01,138Â 202Â 755,2.0,6.0,-1.0,1729894,1.0,43,,0.0,2.0,2.0,A01,138Â 202Â 755,1.0
1013423,201900054954,2,15,09:40,1,2,6,1.0,3.0,69389,25EME REGIMENT DE TIRAILLEURS SENEGA(AV),M,"45,7817300","4,8002400",69,2019,50.0,1.0,1.0,4.0,2266303,1.0,1,1,1,1.0,,0.0,0,1991.0,B01,138Â 202Â 751,1.0,0.0,-1.0,1729895,3.0,7,,0.0,2.0,3.0,B01,138Â 202Â 751,0.0
1013423,201900054954,2,15,09:40,1,2,6,1.0,3.0,69389,25EME REGIMENT DE TIRAILLEURS SENEGA(AV),M,"45,7817300","4,8002400",69,2019,50.0,1.0,1.0,4.0,2266303,1.0,1,1,1,1.0,,0.0,0,1991.0,B01,138Â 202Â 751,1.0,0.0,-1.0,1729896,3.0,34,,0.0,2.0,2.0,A01,138Â 202Â 752,0.0
1013423,201900054954,2,15,09:40,1,2,6,1.0,3.0,69389,25EME REGIMENT DE TIRAILLEURS SENEGA(AV),M,"45,7817300","4,8002400",69,2019,50.0,1.0,1.0,4.0,2266304,1.0,1,4,1,1.0,,0.0,0,1974.0,A01,138Â 202Â 752,2.0,6.0,-1.0,1729895,3.0,7,,0.0,2.0,3.0,B01,138Â 202Â 751,0.0
1013423,201900054954,2,15,09:40,1,2,6,1.0,3.0,69389,25EME REGIMENT DE TIRAILLEURS SENEGA(AV),M,"45,7817300","4,8002400",69,2019,50.0,1.0,1.0,4.0,2266304,1.0,1,4,1,1.0,,0.0,0,1974.0,A01,138Â 202Â 752,2.0,6.0,-1.0,1729896,3.0,34,,0.0,2.0,2.0,A01,138Â 202Â 752,0.0
1013424,201900054955,6,19,13:30,1,2,1,1.0,3.0,75118,PORTE DE CLIGNANCOURT,M,"48,9008950","2,3440140",75,2019,70.0,1.0,1.0,4.0,2266305,1.0,1,4,1,4.0,,0.0,0,1962.0,B01,138Â 202Â 749,2.0,6.0,-1.0,1729897,1.0,33,,0.0,2.0,1.0,B01,138Â 202Â 749,1.0
1013424,201900054955,6,19,13:30,1,2,1,1.0,3.0,75118,PORTE DE CLIGNANCOURT,M,"48,9008950","2,3440140",75,2019,70.0,1.0,1.0,4.0,2266305,1.0,1,4,1,4.0,,0.0,0,1962.0,B01,138Â 202Â 749,2.0,6.0,-1.0,1729898,1.0,7,,0.0,2.0,6.0,A01,138Â 202Â 750,1.0
1013424,201900054955,6,19,13:30,1,2,1,1.0,3.0,75118,PORTE DE CLIGNANCOURT,M,"48,9008950","2,3440140",75,2019,70.0,1.0,1.0,4.0,2266306,1.0,1,1,2,5.0,,0.0,0,1981.0,A01,138Â 202Â 750,1.0,0.0,-1.0,1729897,1.0,33,,0.0,2.0,1.0,B01,138Â 202Â 749,1.0
1013424,201900054955,6,19,13:30,1,2,1,1.0,3.0,75118,PORTE DE CLIGNANCOURT,M,"48,9008950","2,3440140",75,2019,70.0,1.0,1.0,4.0,2266306,1.0,1,1,2,5.0,,0.0,0,1981.0,A01,138Â 202Â 750,1.0,0.0,-1.0,1729898,1.0,7,,0.0,2.0,6.0,A01,138Â 202Â 750,1.0
1013425,201900054956,6,18,20:00,1,2,1,1.0,4.0,75114,PORTE DE CHATILLON,M,"48,8235200","2,3103580",75,2019,70.0,1.0,1.0,4.0,2266307,4.0,2,4,2,5.0,,0.0,0,1945.0,A01,138Â 202Â 746,1.0,0.0,-1.0,1729899,1.0,7,,0.0,2.0,1.0,A01,138Â 202Â 746,2.0
1013425,201900054956,6,18,20:00,1,2,1,1.0,4.0,75114,PORTE DE CHATILLON,M,"48,8235200","2,3103580",75,2019,70.0,1.0,1.0,4.0,2266307,4.0,2,4,2,5.0,,0.0,0,1945.0,A01,138Â 202Â 746,1.0,0.0,-1.0,1729900,1.0,7,,0.0,2.0,4.0,B01,138Â 202Â 747,1.0
1013425,201900054956,6,18,20:00,1,2,1,1.0,4.0,75114,PORTE DE CHATILLON,M,"48,8235200","2,3103580",75,2019,70.0,1.0,1.0,4.0,2266307,4.0,2,4,2,5.0,,0.0,0,1945.0,A01,138Â 202Â 746,1.0,0.0,-1.0,1729901,1.0,7,,0.0,2.0,4.0,C01,138Â 202Â 748,1.0
1013425,201900054956,6,18,20:00,1,2,1,1.0,4.0,75114,PORTE DE CHATILLON,M,"48,8235200","2,3103580",75,2019,70.0,1.0,1.0,4.0,2266308,1.0,1,1,1,4.0,,0.0,0,1982.0,A01,138Â 202Â 746,1.0,0.0,-1.0,1729899,1.0,7,,0.0,2.0,1.0,A01,138Â 202Â 746,2.0
1013425,201900054956,6,18,20:00,1,2,1,1.0,4.0,75114,PORTE DE CHATILLON,M,"48,8235200","2,3103580",75,2019,70.0,1.0,1.0,4.0,2266308,1.0,1,1,1,4.0,,0.0,0,1982.0,A01,138Â 202Â 746,1.0,0.0,-1.0,1729900,1.0,7,,0.0,2.0,4.0,B01,138Â 202Â 747,1.0
1013425,201900054956,6,18,20:00,1,2,1,1.0,4.0,75114,PORTE DE CHATILLON,M,"48,8235200","2,3103580",75,2019,70.0,1.0,1.0,4.0,2266308,1.0,1,1,1,4.0,,0.0,0,1982.0,A01,138Â 202Â 746,1.0,0.0,-1.0,1729901,1.0,7,,0.0,2.0,4.0,C01,138Â 202Â 748,1.0
1013425,201900054956,6,18,20:00,1,2,1,1.0,4.0,75114,PORTE DE CHATILLON,M,"48,8235200","2,3103580",75,2019,70.0,1.0,1.0,4.0,2266309,1.0,1,1,1,5.0,,0.0,0,1968.0,B01,138Â 202Â 747,1.0,0.0,-1.0,1729899,1.0,7,,0.0,2.0,1.0,A01,138Â 202Â 746,2.0
1013425,201900054956,6,18,20:00,1,2,1,1.0,4.0,75114,PORTE DE CHATILLON,M,"48,8235200","2,3103580",75,2019,70.0,1.0,1.0,4.0,2266309,1.0,1,1,1,5.0,,0.0,0,1968.0,B01,138Â 202Â 747,1.0,0.0,-1.0,1729900,1.0,7,,0.0,2.0,4.0,B01,138Â 202Â 747,1.0
1013425,201900054956,6,18,20:00,1,2,1,1.0,4.0,75114,PORTE DE CHATILLON,M,"48,8235200","2,3103580",75,2019,70.0,1.0,1.0,4.0,2266309,1.0,1,1,1,5.0,,0.0,0,1968.0,B01,138Â 202Â 747,1.0,0.0,-1.0,1729901,1.0,7,,0.0,2.0,4.0,C01,138Â 202Â 748,1.0
1013425,201900054956,6,18,20:00,1,2,1,1.0,4.0,75114,PORTE DE CHATILLON,M,"48,8235200","2,3103580",75,2019,70.0,1.0,1.0,4.0,2266310,2.0,2,1,2,5.0,,0.0,0,1970.0,B01,138Â 202Â 747,1.0,0.0,-1.0,1729899,1.0,7,,0.0,2.0,1.0,A01,138Â 202Â 746,2.0
1013425,201900054956,6,18,20:00,1,2,1,1.0,4.0,75114,PORTE DE CHATILLON,M,"48,8235200","2,3103580",75,2019,70.0,1.0,1.0,4.0,2266310,2.0,2,1,2,5.0,,0.0,0,1970.0,B01,138Â 202Â 747,1.0,0.0,-1.0,1729900,1.0,7,,0.0,2.0,4.0,B01,138Â 202Â 747,1.0
1013425,201900054956,6,18,20:00,1,2,1,1.0,4.0,75114,PORTE DE CHATILLON,M,"48,8235200","2,3103580",75,2019,70.0,1.0,1.0,4.0,2266310,2.0,2,1,2,5.0,,0.0,0,1970.0,B01,138Â 202Â 747,1.0,0.0,-1.0,1729901,1.0,7,,0.0,2.0,4.0,C01,138Â 202Â 748,1.0
1013425,201900054956,6,18,20:00,1,2,1,1.0,4.0,75114,PORTE DE CHATILLON,M,"48,8235200","2,3103580",75,2019,70.0,1.0,1.0,4.0,2266311,4.0,2,1,1,5.0,,0.0,0,2008.0,C01,138Â 202Â 748,1.0,0.0,-1.0,1729899,1.0,7,,0.0,2.0,1.0,A01,138Â 202Â 746,2.0
1013425,201900054956,6,18,20:00,1,2,1,1.0,4.0,75114,PORTE DE CHATILLON,M,"48,8235200","2,3103580",75,2019,70.0,1.0,1.0,4.0,2266311,4.0,2,1,1,5.0,,0.0,0,2008.0,C01,138Â 202Â 748,1.0,0.0,-1.0,1729900,1.0,7,,0.0,2.0,4.0,B01,138Â 202Â 747,1.0
1013425,201900054956,6,18,20:00,1,2,1,1.0,4.0,75114,PORTE DE CHATILLON,M,"48,8235200","2,3103580",75,2019,70.0,1.0,1.0,4.0,2266311,4.0,2,1,1,5.0,,0.0,0,2008.0,C01,138Â 202Â 748,1.0,0.0,-1.0,1729901,1.0,7,,0.0,2.0,4.0,C01,138Â 202Â 748,1.0
1013425,201900054956,6,18,20:00,1,2,1,1.0,4.0,75114,PORTE DE CHATILLON,M,"48,8235200","2,3103580",75,2019,70.0,1.0,1.0,4.0,2266312,2.0,2,1,1,5.0,,0.0,0,1986.0,C01,138Â 202Â 748,1.0,0.0,-1.0,1729899,1.0,7,,0.0,2.0,1.0,A01,138Â 202Â 746,2.0
1013425,201900054956,6,18,20:00,1,2,1,1.0,4.0,75114,PORTE DE CHATILLON,M,"48,8235200","2,3103580",75,2019,70.0,1.0,1.0,4.0,2266312,2.0,2,1,1,5.0,,0.0,0,1986.0,C01,138Â 202Â 748,1.0,0.0,-1.0,1729900,1.0,7,,0.0,2.0,4.0,B01,138Â 202Â 747,1.0
1013425,201900054956,6,18,20:00,1,2,1,1.0,4.0,75114,PORTE DE CHATILLON,M,"48,8235200","2,3103580",75,2019,70.0,1.0,1.0,4.0,2266312,2.0,2,1,1,5.0,,0.0,0,1986.0,C01,138Â 202Â 748,1.0,0.0,-1.0,1729901,1.0,7,,0.0,2.0,4.0,C01,138Â 202Â 748,1.0
1013425,201900054956,6,18,20:00,1,2,1,1.0,4.0,75114,PORTE DE CHATILLON,M,"48,8235200","2,3103580",75,2019,70.0,1.0,1.0,4.0,2266313,1.0,1,1,2,5.0,,0.0,0,1987.0,C01,138Â 202Â 748,1.0,0.0,-1.0,1729899,1.0,7,,0.0,2.0,1.0,A01,138Â 202Â 746,2.0
1013425,201900054956,6,18,20:00,1,2,1,1.0,4.0,75114,PORTE DE CHATILLON,M,"48,8235200","2,3103580",75,2019,70.0,1.0,1.0,4.0,2266313,1.0,1,1,2,5.0,,0.0,0,1987.0,C01,138Â 202Â 748,1.0,0.0,-1.0,1729900,1.0,7,,0.0,2.0,4.0,B01,138Â 202Â 747,1.0
1013425,201900054956,6,18,20:00,1,2,1,1.0,4.0,75114,PORTE DE CHATILLON,M,"48,8235200","2,3103580",75,2019,70.0,1.0,1.0,4.0,2266313,1.0,1,1,2,5.0,,0.0,0,1987.0,C01,138Â 202Â 748,1.0,0.0,-1.0,1729901,1.0,7,,0.0,2.0,4.0,C01,138Â 202Â 748,1.0
1013425,201900054956,6,18,20:00,1,2,1,1.0,4.0,75114,PORTE DE CHATILLON,M,"48,8235200","2,3103580",75,2019,70.0,1.0,1.0,4.0,2266314,3.0,2,1,1,5.0,,0.0,0,2012.0,C01,138Â 202Â 748,1.0,0.0,-1.0,1729899,1.0,7,,0.0,2.0,1.0,A01,138Â 202Â 746,2.0
1013425,201900054956,6,18,20:00,1,2,1,1.0,4.0,75114,PORTE DE CHATILLON,M,"48,8235200","2,3103580",75,2019,70.0,1.0,1.0,4.0,2266314,3.0,2,1,1,5.0,,0.0,0,2012.0,C01,138Â 202Â 748,1.0,0.0,-1.0,1729900,1.0,7,,0.0,2.0,4.0,B01,138Â 202Â 747,1.0