Unnamed: 0_x,num_acc,mois,jour,hrmn,lum,agg,int,atm,col,com,adr,gps,lat,long,dep,annee,vma,situ,surf,catr,Unnamed: 0_y,place,catu,grav,sexe,trajet,secu,locp,actp,an_nais,num_veh_x,id_vehicule_x,secu1,secu2,secu3,Unnamed: 0,senc,catv,occutc,obs,obsm,choc,num_veh_y,id_vehicule_y,motor
1013425,201900054956,6,18,20:00,1,2,1,1.0,4.0,75114,PORTE DE CHATILLON,M,"48,8235200","2,3103580",75,2019,70.0,1.0,1.0,4.0,2266314,3.0,2,1,1,5.0,,0.0,0,2012.0,C01,138Â 202Â 748,1.0,0.0,-1.0,1729901,1.0,7,,0.0,2.0,4.0,C01,138Â 202Â 748,1.0
1013426,201900054957,6,17,13:00,1,2,1,1.0,2.0,75119,PORTE D AUBERVILLIERS,M,"48,9003090","2,3779940",75,2019,70.0,1.0,1.0,4.0,2266315,1.0,1,4,1,1.0,,0.0,0,1966.0,A01,138Â 202Â 742,2.0,6.0,-1.0,1729902,2.0,43,,0.0,2.0,1.0,A01,138Â 202Â 742,1.0
1013426,201900054957,6,17,13:00,1,2,1,1.0,2.0,75119,PORTE D AUBERVILLIERS,M,"48,9003090","2,3779940",75,2019,70.0,1.0,1.0,4.0,2266315,1.0,1,4,1,1.0,,0.0,0,1966.0,A01,138Â 202Â 742,2.0,6.0,-1.0,1729903,2.0,7,,0.0,2.0,4.0,B01,138Â 202Â 743,1.0
1013426,201900054957,6,17,13:00,1,2,1,1.0,2.0,75119,PORTE D AUBERVILLIERS,M,"48,9003090","2,3779940",75,2019,70.0,1.0,1.0,4.0,2266316,1.0,1,1,1,4.0,,0.0,0,1960.0,B01,138Â 202Â 743,1.0,0.0,-1.0,1729902,2.0,43,,0.0,2.0,1.0,A01,138Â 202Â 742,1.0
1013426,201900054957,6,17,13:00,1,2,1,1.0,2.0,75119,PORTE D AUBERVILLIERS,M,"48,9003090","2,3779940",75,2019,70.0,1.0,1.0,4.0,2266316,1.0,1,1,1,4.0,,0.0,0,1960.0,B01,138Â 202Â 743,1.0,0.0,-1.0,1729903,2.0,7,,0.0,2.0,4.0,B01,138Â 202Â 743,1.0
1013427,201900054958,2,14,18:45,5,2,1,1.0,3.0,69034,JEAN PETIT                          (CH),M,"45,8020700","4,8622400",69,2019,50.0,1.0,1.0,4.0,2266317,1.0,1,1,2,5.0,,0.0,0,1978.0,A01,138Â 202Â 744,1.0,0.0,-1.0,1729904,2.0,7,,0.0,2.0,5.0,A01,138Â 202Â 744,1.0
1013427,201900054958,2,14,18:45,5,2,1,1.0,3.0,69034,JEAN PETIT                          (CH),M,"45,8020700","4,8622400",69,2019,50.0,1.0,1.0,4.0,2266317,1.0,1,1,2,5.0,,0.0,0,1978.0,A01,138Â 202Â 744,1.0,0.0,-1.0,1729905,1.0,33,,0.0,2.0,1.0,B01,138Â 202Â 745,1.0
1013427,201900054958,2,14,18:45,5,2,1,1.0,3.0,69034,JEAN PETIT                          (CH),M,"45,8020700","4,8622400",69,2019,50.0,1.0,1.0,4.0,2266318,1.0,1,3,1,0.0,,0.0,0,1970.0,B01,138Â 202Â 745,2.0,6.0,-1.0,1729904,2.0,7,,0.0,2.0,5.0,A01,138Â 202Â 744,1.0
1013427,201900054958,2,14,18:45,5,2,1,1.0,3.0,69034,JEAN PETIT                          (CH),M,"45,8020700","4,8622400",69,2019,50.0,1.0,1.0,4.0,2266318,1.0,1,3,1,0.0,,0.0,0,1970.0,B01,138Â 202Â 745,2.0,6.0,-1.0,1729905,1.0,33,,0.0,2.0,1.0,B01,138Â 202Â 745,1.0
1013428,201900054959,6,17,08:00,1,2,1,7.0,4.0,75112,BOULEVARD PERIPHERIQUE,M,"48,8271410","2,3910300",75,2019,70.0,1.0,1.0,4.0,2266319,1.0,1,1,1,1.0,,0.0,0,1958.0,A01,138Â 202Â 739,1.0,0.0,-1.0,1729906,2.0,10,,0.0,2.0,1.0,A01,138Â 202Â 739,1.0
1013428,201900054959,6,17,08:00,1,2,1,7.0,4.0,75112,BOULEVARD PERIPHERIQUE,M,"48,8271410","2,3910300",75,2019,70.0,1.0,1.0,4.0,2266319,1.0,1,1,1,1.0,,0.0,0,1958.0,A01,138Â 202Â 739,1.0,0.0,-1.0,1729907,2.0,32,,0.0,2.0,4.0,B01,138Â 202Â 740,1.0
1013428,201900054959,6,17,08:00,1,2,1,7.0,4.0,75112,BOULEVARD PERIPHERIQUE,M,"48,8271410","2,3910300",75,2019,70.0,1.0,1.0,4.0,2266319,1.0,1,1,1,1.0,,0.0,0,1958.0,A01,138Â 202Â 739,1.0,0.0,-1.0,1729908,2.0,7,,0.0,2.0,4.0,C01,138Â 202Â 741,1.0
1013428,201900054959,6,17,08:00,1,2,1,7.0,4.0,75112,BOULEVARD PERIPHERIQUE,M,"48,8271410","2,3910300",75,2019,70.0,1.0,1.0,4.0,2266320,2.0,2,1,1,4.0,,0.0,0,1996.0,A01,138Â 202Â 739,1.0,0.0,-1.0,1729906,2.0,10,,0.0,2.0,1.0,A01,138Â 202Â 739,1.0
1013428,201900054959,6,17,08:00,1,2,1,7.0,4.0,75112,BOULEVARD PERIPHERIQUE,M,"48,8271410","2,3910300",75,2019,70.0,1.0,1.0,4.0,2266320,2.0,2,1,1,4.0,,0.0,0,1996.0,A01,138Â 202Â 739,1.0,0.0,-1.0,1729907,2.0,32,,0.0,2.0,4.0,B01,138Â 202Â 740,1.0
1013428,201900054959,6,17,08:00,1,2,1,7.0,4.0,75112,BOULEVARD PERIPHERIQUE,M,"48,8271410","2,3910300",75,2019,70.0,1.0,1.0,4.0,2266320,2.0,2,1,1,4.0,,0.0,0,1996.0,A01,138Â 202Â 739,1.0,0.0,-1.0,1729908,2.0,7,,0.0,2.0,4.0,C01,138Â 202Â 741,1.0
1013428,201900054959,6,17,08:00,1,2,1,7.0,4.0,75112,BOULEVARD PERIPHERIQUE,M,"48,8271410","2,3910300",75,2019,70.0,1.0,1.0,4.0,2266321,1.0,1,4,2,1.0,,0.0,0,1962.0,B01,138Â 202Â 740,2.0,6.0,-1.0,1729906,2.0,10,,0.0,2.0,1.0,A01,138Â 202Â 739,1.0
1013428,201900054959,6,17,08:00,1,2,1,7.0,4.0,75112,BOULEVARD PERIPHERIQUE,M,"48,8271410","2,3910300",75,2019,70.0,1.0,1.0,4.0,2266321,1.0,1,4,2,1.0,,0.0,0,1962.0,B01,138Â 202Â 740,2.0,6.0,-1.0,1729907,2.0,32,,0.0,2.0,4.0,B01,138Â 202Â 740,1.0
1013428,201900054959,6,17,08:00,1,2,1,7.0,4.0,75112,BOULEVARD PERIPHERIQUE,M,"48,8271410","2,3910300",75,2019,70.0,1.0,1.0,4.0,2266321,1.0,1,4,2,1.0,,0.0,0,1962.0,B01,138Â 202Â 740,2.0,6.0,-1.0,1729908,2.0,7,,0.0,2.0,4.0,C01,138Â 202Â 741,1.0
1013428,201900054959,6,17,08:00,1,2,1,7.0,4.0,75112,BOULEVARD PERIPHERIQUE,M,"48,8271410","2,3910300",75,2019,70.0,1.0,1.0,4.0,2266322,1.0,1,1,1,1.0,,0.0,0,1988.0,C01,138Â 202Â 741,1.0,0.0,-1.0,1729906,2.0,10,,0.0,2.0,1.0,A01,138Â 202Â 739,1.0
1013428,201900054959,6,17,08:00,1,2,1,7.0,4.0,75112,BOULEVARD PERIPHERIQUE,M,"48,8271410","2,3910300",75,2019,70.0,1.0,1.0,4.0,2266322,1.0,1,1,1,1.0,,0.0,0,1988.0,C01,138Â 202Â 741,1.0,0.0,-1.0,1729907,2.0,32,,0.0,2.0,4.0,B01,138Â 202Â 740,1.0
1013428,201900054959,6,17,08:00,1,2,1,7.0,4.0,75112,BOULEVARD PERIPHERIQUE,M,"48,8271410","2,3910300",75,2019,70.0,1.0,1.0,4.0,2266322,1.0,1,1,1,1.0,,0.0,0,1988.0,C01,138Â 202Â 741,1.0,0.0,-1.0,1729908,2.0,7,,0.0,2.0,4.0,C01,138Â 202Â 741,1.0
1013429,201900054960,2,15,13:43,1,2,1,1.0,3.0,2B033,ROUTE ROYALE,M,"42,6770800","9,4346000",2B,2019,50.0,1.0,1.0,4.0,2266323,1.0,1,1,1,5.0,,0.0,0,1993.0,A01,138Â 202Â 737,2.0,0.0,-1.0,1729909,1.0,34,,0.0,1.0,7.0,A01,138Â 202Â 737,1.0
1013429,201900054960,2,15,13:43,1,2,1,1.0,3.0,2B033,ROUTE ROYALE,M,"42,6770800","9,4346000",2B,2019,50.0,1.0,1.0,4.0,2266323,1.0,1,1,1,5.0,,0.0,0,1993.0,A01,138Â 202Â 737,2.0,0.0,-1.0,1729910,1.0,7,,0.0,2.0,4.0,B01,138Â 202Â 738,1.0
1013429,201900054960,2,15,13:43,1,2,1,1.0,3.0,2B033,ROUTE ROYALE,M,"42,6770800","9,4346000",2B,2019,50.0,1.0,1.0,4.0,2266324,10.0,3,4,1,9.0,,3.0,5,2006.0,A01,138Â 202Â 737,8.0,0.0,-1.0,1729909,1.0,34,,0.0,1.0,7.0,A01,138Â 202Â 737,1.0
1013429,201900054960,2,15,13:43,1,2,1,1.0,3.0,2B033,ROUTE ROYALE,M,"42,6770800","9,4346000",2B,2019,50.0,1.0,1.0,4.0,2266324,10.0,3,4,1,9.0,,3.0,5,2006.0,A01,138Â 202Â 737,8.0,0.0,-1.0,1729910,1.0,7,,0.0,2.0,4.0,B01,138Â 202Â 738,1.0
1013429,201900054960,2,15,13:43,1,2,1,1.0,3.0,2B033,ROUTE ROYALE,M,"42,6770800","9,4346000",2B,2019,50.0,1.0,1.0,4.0,2266325,1.0,1,1,1,5.0,,0.0,0,1971.0,B01,138Â 202Â 738,1.0,0.0,-1.0,1729909,1.0,34,,0.0,1.0,7.0,A01,138Â 202Â 737,1.0
1013429,201900054960,2,15,13:43,1,2,1,1.0,3.0,2B033,ROUTE ROYALE,M,"42,6770800","9,4346000",2B,2019,50.0,1.0,1.0,4.0,2266325,1.0,1,1,1,5.0,,0.0,0,1971.0,B01,138Â 202Â 738,1.0,0.0,-1.0,1729910,1.0,7,,0.0,2.0,4.0,B01,138Â 202Â 738,1.0
1013430,201900054961,6,16,03:45,5,2,4,1.0,6.0,75116,PORTE DE PASSY,M,"48,8600730","2,2631900",75,2019,70.0,1.0,1.0,4.0,2266326,1.0,1,4,1,5.0,,0.0,0,1977.0,A01,138Â 202Â 736,1.0,0.0,-1.0,1729911,2.0,7,,4.0,0.0,3.0,A01,138Â 202Â 736,1.0
1013430,201900054961,6,16,03:45,5,2,4,1.0,6.0,75116,PORTE DE PASSY,M,"48,8600730","2,2631900",75,2019,70.0,1.0,1.0,4.0,2266327,2.0,2,4,1,5.0,,0.0,0,1973.0,A01,138Â 202Â 736,1.0,0.0,-1.0,1729911,2.0,7,,4.0,0.0,3.0,A01,138Â 202Â 736,1.0
1013431,201900054962,2,13,11:25,1,1,1,1.0,3.0,97113,PETIT HAVRE (SECTEUR),M,"16,2177289"," -61,4305992",971,2019,80.0,1.0,1.0,2.0,2266328,1.0,1,3,1,9.0,,-1.0, -1,1938.0,A01,138Â 202Â 734,1.0,0.0,-1.0,1729912,1.0,7,,0.0,2.0,1.0,A01,138Â 202Â 734,1.0
1013431,201900054962,2,13,11:25,1,1,1,1.0,3.0,97113,PETIT HAVRE (SECTEUR),M,"16,2177289"," -61,4305992",971,2019,80.0,1.0,1.0,2.0,2266328,1.0,1,3,1,9.0,,-1.0, -1,1938.0,A01,138Â 202Â 734,1.0,0.0,-1.0,1729913,1.0,38,2.0,0.0,2.0,2.0,B01,138Â 202Â 735,1.0
1013431,201900054962,2,13,11:25,1,1,1,1.0,3.0,97113,PETIT HAVRE (SECTEUR),M,"16,2177289"," -61,4305992",971,2019,80.0,1.0,1.0,2.0,2266329,2.0,2,4,2,0.0,,-1.0, -1,1948.0,B01,138Â 202Â 735,1.0,8.0,-1.0,1729912,1.0,7,,0.0,2.0,1.0,A01,138Â 202Â 734,1.0
1013431,201900054962,2,13,11:25,1,1,1,1.0,3.0,97113,PETIT HAVRE (SECTEUR),M,"16,2177289"," -61,4305992",971,2019,80.0,1.0,1.0,2.0,2266329,2.0,2,4,2,0.0,,-1.0, -1,1948.0,B01,138Â 202Â 735,1.0,8.0,-1.0,1729913,1.0,38,2.0,0.0,2.0,2.0,B01,138Â 202Â 735,1.0
1013431,201900054962,2,13,11:25,1,1,1,1.0,3.0,97113,PETIT HAVRE (SECTEUR),M,"16,2177289"," -61,4305992",971,2019,80.0,1.0,1.0,2.0,2266330,1.0,1,1,1,4.0,,-1.0, -1,1938.0,B01,138Â 202Â 735,1.0,8.0,-1.0,1729912,1.0,7,,0.0,2.0,1.0,A01,138Â 202Â 734,1.0
1013431,201900054962,2,13,11:25,1,1,1,1.0,3.0,97113,PETIT HAVRE (SECTEUR),M,"16,2177289"," -61,4305992",971,2019,80.0,1.0,1.0,2.0,2266330,1.0,1,1,1,4.0,,-1.0, -1,1938.0,B01,138Â 202Â 735,1.0,8.0,-1.0,1729913,1.0,38,2.0,0.0,2.0,2.0,B01,138Â 202Â 735,1.0
1013432,201900054963,6,15,16:55,1,2,1,1.0,6.0,75117,BOULEVARD PERIPHERIQUE,M,"48,9005010","2,3248890",75,2019,70.0,1.0,1.0,4.0,2266331,1.0,1,4,1,1.0,,0.0,0,1978.0,A01,138Â 202Â 733,2.0,6.0,-1.0,1729914,1.0,7,,0.0,2.0,7.0,Z01,138Â 202Â 732,0.0
1013432,201900054963,6,15,16:55,1,2,1,1.0,6.0,75117,BOULEVARD PERIPHERIQUE,M,"48,9005010","2,3248890",75,2019,70.0,1.0,1.0,4.0,2266331,1.0,1,4,1,1.0,,0.0,0,1978.0,A01,138Â 202Â 733,2.0,6.0,-1.0,1729915,1.0,33,,0.0,2.0,8.0,A01,138Â 202Â 733,1.0
1013433,201900054964,6,15,15:35,1,2,4,1.0,5.0,75116,BOULEVARD PERIPHERIQUE,M,"48,8750410","2,2765920",75,2019,70.0,1.0,1.0,4.0,2266332,1.0,1,1,1,5.0,,0.0,0,1952.0,C01,138Â 202Â 727,1.0,8.0,-1.0,1729916,1.0,7,,0.0,2.0,5.0,C01,138Â 202Â 727,1.0
1013433,201900054964,6,15,15:35,1,2,4,1.0,5.0,75116,BOULEVARD PERIPHERIQUE,M,"48,8750410","2,2765920",75,2019,70.0,1.0,1.0,4.0,2266332,1.0,1,1,1,5.0,,0.0,0,1952.0,C01,138Â 202Â 727,1.0,8.0,-1.0,1729917,1.0,7,,0.0,2.0,3.0,B01,138Â 202Â 728,1.0
1013433,201900054964,6,15,15:35,1,2,4,1.0,5.0,75116,BOULEVARD PERIPHERIQUE,M,"48,8750410","2,2765920",75,2019,70.0,1.0,1.0,4.0,2266332,1.0,1,1,1,5.0,,0.0,0,1952.0,C01,138Â 202Â 727,1.0,8.0,-1.0,1729918,1.0,32,,0.0,2.0,1.0,A01,138Â 202Â 729,1.0
1013433,201900054964,6,15,15:35,1,2,4,1.0,5.0,75116,BOULEVARD PERIPHERIQUE,M,"48,8750410","2,2765920",75,2019,70.0,1.0,1.0,4.0,2266333,1.0,1,1,2,5.0,,0.0,0,1996.0,B01,138Â 202Â 728,1.0,8.0,-1.0,1729916,1.0,7,,0.0,2.0,5.0,C01,138Â 202Â 727,1.0
1013433,201900054964,6,15,15:35,1,2,4,1.0,5.0,75116,BOULEVARD PERIPHERIQUE,M,"48,8750410","2,2765920",75,2019,70.0,1.0,1.0,4.0,2266333,1.0,1,1,2,5.0,,0.0,0,1996.0,B01,138Â 202Â 728,1.0,8.0,-1.0,1729917,1.0,7,,0.0,2.0,3.0,B01,138Â 202Â 728,1.0
1013433,201900054964,6,15,15:35,1,2,4,1.0,5.0,75116,BOULEVARD PERIPHERIQUE,M,"48,8750410","2,2765920",75,2019,70.0,1.0,1.0,4.0,2266333,1.0,1,1,2,5.0,,0.0,0,1996.0,B01,138Â 202Â 728,1.0,8.0,-1.0,1729918,1.0,32,,0.0,2.0,1.0,A01,138Â 202Â 729,1.0
1013433,201900054964,6,15,15:35,1,2,4,1.0,5.0,75116,BOULEVARD PERIPHERIQUE,M,"48,8750410","2,2765920",75,2019,70.0,1.0,1.0,4.0,2266334,1.0,1,3,1,5.0,,0.0,0,1941.0,A01,138Â 202Â 729,2.0,6.0,-1.0,1729916,1.0,7,,0.0,2.0,5.0,C01,138Â 202Â 727,1.0
1013433,201900054964,6,15,15:35,1,2,4,1.0,5.0,75116,BOULEVARD PERIPHERIQUE,M,"48,8750410","2,2765920",75,2019,70.0,1.0,1.0,4.0,2266334,1.0,1,3,1,5.0,,0.0,0,1941.0,A01,138Â 202Â 729,2.0,6.0,-1.0,1729917,1.0,7,,0.0,2.0,3.0,B01,138Â 202Â 728,1.0
1013433,201900054964,6,15,15:35,1,2,4,1.0,5.0,75116,BOULEVARD PERIPHERIQUE,M,"48,8750410","2,2765920",75,2019,70.0,1.0,1.0,4.0,2266334,1.0,1,3,1,5.0,,0.0,0,1941.0,A01,138Â 202Â 729,2.0,6.0,-1.0,1729918,1.0,32,,0.0,2.0,1.0,A01,138Â 202Â 729,1.0
1013434,201900054965,2,14,17:00,1,2,1,1.0,2.0,2A004,CAMPIGLIA HYACINTE  RUE,M,"41,9276517","8,7378859",2A,2019,50.0,1.0,1.0,4.0,2266335,1.0,1,4,1,5.0,,-1.0,0,1991.0,B01,138Â 202Â 730,2.0,0.0,-1.0,1729919,3.0,2,,0.0,2.0,7.0,B01,138Â 202Â 730,1.0
1013434,201900054965,2,14,17:00,1,2,1,1.0,2.0,2A004,CAMPIGLIA HYACINTE  RUE,M,"41,9276517","8,7378859",2A,2019,50.0,1.0,1.0,4.0,2266335,1.0,1,4,1,5.0,,-1.0,0,1991.0,B01,138Â 202Â 730,2.0,0.0,-1.0,1729920,3.0,10,,0.0,2.0,4.0,A01,138Â 202Â 731,1.0
1013434,201900054965,2,14,17:00,1,2,1,1.0,2.0,2A004,CAMPIGLIA HYACINTE  RUE,M,"41,9276517","8,7378859",2A,2019,50.0,1.0,1.0,4.0,2266336,1.0,1,4,1,4.0,,-1.0,0,1987.0,A01,138Â 202Â 731,1.0,0.0,-1.0,1729919,3.0,2,,0.0,2.0,7.0,B01,138Â 202Â 730,1.0
1013434,201900054965,2,14,17:00,1,2,1,1.0,2.0,2A004,CAMPIGLIA HYACINTE  RUE,M,"41,9276517","8,7378859",2A,2019,50.0,1.0,1.0,4.0,2266336,1.0,1,4,1,4.0,,-1.0,0,1987.0,A01,138Â 202Â 731,1.0,0.0,-1.0,1729920,3.0,10,,0.0,2.0,4.0,A01,138Â 202Â 731,1.0
1013435,201900054966,6,14,19:30,1,2,1,1.0,6.0,75119,PORTE D AUBERVILLIERS,M,"48,9007300","2,3725630",75,2019,70.0,1.0,1.0,4.0,2266337,1.0,1,1,2,5.0,,0.0,0,1974.0,C01,138Â 202Â 724,1.0,0.0,-1.0,1729921,2.0,7,,0.0,2.0,1.0,C01,138Â 202Â 724,1.0
1013435,201900054966,6,14,19:30,1,2,1,1.0,6.0,75119,PORTE D AUBERVILLIERS,M,"48,9007300","2,3725630",75,2019,70.0,1.0,1.0,4.0,2266337,1.0,1,1,2,5.0,,0.0,0,1974.0,C01,138Â 202Â 724,1.0,0.0,-1.0,1729922,2.0,7,,0.0,2.0,4.0,Z01,138Â 202Â 725,1.0
1013435,201900054966,6,14,19:30,1,2,1,1.0,6.0,75119,PORTE D AUBERVILLIERS,M,"48,9007300","2,3725630",75,2019,70.0,1.0,1.0,4.0,2266337,1.0,1,1,2,5.0,,0.0,0,1974.0,C01,138Â 202Â 724,1.0,0.0,-1.0,1729923,2.0,33,,0.0,2.0,1.0,A01,138Â 202Â 726,1.0
1013435,201900054966,6,14,19:30,1,2,1,1.0,6.0,75119,PORTE D AUBERVILLIERS,M,"48,9007300","2,3725630",75,2019,70.0,1.0,1.0,4.0,2266338,1.0,1,4,1,1.0,,0.0,0,1984.0,A01,138Â 202Â 726,2.0,6.0,-1.0,1729921,2.0,7,,0.0,2.0,1.0,C01,138Â 202Â 724,1.0
1013435,201900054966,6,14,19:30,1,2,1,1.0,6.0,75119,PORTE D AUBERVILLIERS,M,"48,9007300","2,3725630",75,2019,70.0,1.0,1.0,4.0,2266338,1.0,1,4,1,1.0,,0.0,0,1984.0,A01,138Â 202Â 726,2.0,6.0,-1.0,1729922,2.0,7,,0.0,2.0,4.0,Z01,138Â 202Â 725,1.0
1013435,201900054966,6,14,19:30,1,2,1,1.0,6.0,75119,PORTE D AUBERVILLIERS,M,"48,9007300","2,3725630",75,2019,70.0,1.0,1.0,4.0,2266338,1.0,1,4,1,1.0,,0.0,0,1984.0,A01,138Â 202Â 726,2.0,6.0,-1.0,1729923,2.0,33,,0.0,2.0,1.0,A01,138Â 202Â 726,1.0
1013436,201900054967,2,1,20:00,3,2,1,2.0,6.0,95288,CHARLES DE GAULLE (RUE),M,"48,9847300","2,3530500",95,2019,50.0,1.0,2.0,4.0,2266339,10.0,3,4,1,1.0,,2.0,3,1974.0,A01,138Â 202Â 723,8.0,0.0,-1.0,1729924,3.0,7,,0.0,1.0,2.0,A01,138Â 202Â 723,1.0
1013436,201900054967,2,1,20:00,3,2,1,2.0,6.0,95288,CHARLES DE GAULLE (RUE),M,"48,9847300","2,3530500",95,2019,50.0,1.0,2.0,4.0,2266340,1.0,1,1,1,5.0,,-1.0,0,1994.0,A01,138Â 202Â 723,8.0,0.0,-1.0,1729924,3.0,7,,0.0,1.0,2.0,A01,138Â 202Â 723,1.0
1013437,201900054968,2,15,21:00,5,2,1,1.0,1.0,95218,JACQUES DUCLOS (BOULEVARD),M,"49,0184300","2,0959500",95,2019,70.0,1.0,1.0,2.0,2266341,1.0,1,3,2,5.0,,-1.0,0,1993.0,B01,138Â 202Â 719,2.0,0.0,-1.0,1729925,2.0,33,,0.0,2.0,1.0,B01,138Â 202Â 719,1.0
1013437,201900054968,2,15,21:00,5,2,1,1.0,1.0,95218,JACQUES DUCLOS (BOULEVARD),M,"49,0184300","2,0959500",95,2019,70.0,1.0,1.0,2.0,2266341,1.0,1,3,2,5.0,,-1.0,0,1993.0,B01,138Â 202Â 719,2.0,0.0,-1.0,1729926,2.0,7,,0.0,2.0,3.0,A01,138Â 202Â 721,1.0
1013437,201900054968,2,15,21:00,5,2,1,1.0,1.0,95218,JACQUES DUCLOS (BOULEVARD),M,"49,0184300","2,0959500",95,2019,70.0,1.0,1.0,2.0,2266342,1.0,1,1,1,1.0,,-1.0,0,1995.0,A01,138Â 202Â 721,8.0,8.0,-1.0,1729925,2.0,33,,0.0,2.0,1.0,B01,138Â 202Â 719,1.0
1013437,201900054968,2,15,21:00,5,2,1,1.0,1.0,95218,JACQUES DUCLOS (BOULEVARD),M,"49,0184300","2,0959500",95,2019,70.0,1.0,1.0,2.0,2266342,1.0,1,1,1,1.0,,-1.0,0,1995.0,A01,138Â 202Â 721,8.0,8.0,-1.0,1729926,2.0,7,,0.0,2.0,3.0,A01,138Â 202Â 721,1.0
1013438,201900054969,6,14,14:55,1,2,4,1.0,4.0,75113,QUAI D IVRY,M,"48,8247340","2,3844650",75,2019,70.0,1.0,1.0,4.0,2266343,1.0,1,4,1,5.0,,0.0,0,1981.0,A01,138Â 202Â 718,1.0,0.0,-1.0,1729927,2.0,7,,0.0,2.0,1.0,A01,138Â 202Â 718,1.0
1013438,201900054969,6,14,14:55,1,2,4,1.0,4.0,75113,QUAI D IVRY,M,"48,8247340","2,3844650",75,2019,70.0,1.0,1.0,4.0,2266343,1.0,1,4,1,5.0,,0.0,0,1981.0,A01,138Â 202Â 718,1.0,0.0,-1.0,1729928,2.0,7,,0.0,2.0,4.0,B01,138Â 202Â 720,1.0
1013438,201900054969,6,14,14:55,1,2,4,1.0,4.0,75113,QUAI D IVRY,M,"48,8247340","2,3844650",75,2019,70.0,1.0,1.0,4.0,2266343,1.0,1,4,1,5.0,,0.0,0,1981.0,A01,138Â 202Â 718,1.0,0.0,-1.0,1729929,2.0,10,,0.0,2.0,4.0,C01,138Â 202Â 722,1.0
1013438,201900054969,6,14,14:55,1,2,4,1.0,4.0,75113,QUAI D IVRY,M,"48,8247340","2,3844650",75,2019,70.0,1.0,1.0,4.0,2266344,1.0,1,1,2,5.0,,0.0,0,1988.0,B01,138Â 202Â 720,1.0,0.0,-1.0,1729927,2.0,7,,0.0,2.0,1.0,A01,138Â 202Â 718,1.0
1013438,201900054969,6,14,14:55,1,2,4,1.0,4.0,75113,QUAI D IVRY,M,"48,8247340","2,3844650",75,2019,70.0,1.0,1.0,4.0,2266344,1.0,1,1,2,5.0,,0.0,0,1988.0,B01,138Â 202Â 720,1.0,0.0,-1.0,1729928,2.0,7,,0.0,2.0,4.0,B01,138Â 202Â 720,1.0
1013438,201900054969,6,14,14:55,1,2,4,1.0,4.0,75113,QUAI D IVRY,M,"48,8247340","2,3844650",75,2019,70.0,1.0,1.0,4.0,2266344,1.0,1,1,2,5.0,,0.0,0,1988.0,B01,138Â 202Â 720,1.0,0.0,-1.0,1729929,2.0,10,,0.0,2.0,4.0,C01,138Â 202Â 722,1.0
1013438,201900054969,6,14,14:55,1,2,4,1.0,4.0,75113,QUAI D IVRY,M,"48,8247340","2,3844650",75,2019,70.0,1.0,1.0,4.0,2266345,1.0,1,1,1,1.0,,0.0,0,1959.0,C01,138Â 202Â 722,1.0,4.0,-1.0,1729927,2.0,7,,0.0,2.0,1.0,A01,138Â 202Â 718,1.0
1013438,201900054969,6,14,14:55,1,2,4,1.0,4.0,75113,QUAI D IVRY,M,"48,8247340","2,3844650",75,2019,70.0,1.0,1.0,4.0,2266345,1.0,1,1,1,1.0,,0.0,0,1959.0,C01,138Â 202Â 722,1.0,4.0,-1.0,1729928,2.0,7,,0.0,2.0,4.0,B01,138Â 202Â 720,1.0
1013438,201900054969,6,14,14:55,1,2,4,1.0,4.0,75113,QUAI D IVRY,M,"48,8247340","2,3844650",75,2019,70.0,1.0,1.0,4.0,2266345,1.0,1,1,1,1.0,,0.0,0,1959.0,C01,138Â 202Â 722,1.0,4.0,-1.0,1729929,2.0,10,,0.0,2.0,4.0,C01,138Â 202Â 722,1.0
1013439,201900054970,2,15,07:30,2,2,1,1.0,6.0,95306,OSCAR THÃVENIN(BOULEVARD),M,"48,9910300","2,1617500",95,2019,50.0,1.0,1.0,4.0,2266346,10.0,3,4,1,1.0,,4.0,3,1957.0,Z01,138Â 202Â 717,0.0,0.0,0.0,1729930,1.0,0,,0.0,1.0,1.0,Z01,138Â 202Â 717,0.0
1013440,201900054971,6,14,09:27,1,2,4,1.0,3.0,75114,PORTE DE CHATILLON,M,"48,8232900","2,3113700",75,2019,70.0,1.0,1.0,4.0,2266347,1.0,1,3,1,0.0,,0.0,0,1955.0,B01,138Â 202Â 715,2.0,6.0,-1.0,1729931,1.0,33,,0.0,2.0,7.0,B01,138Â 202Â 715,1.0
1013440,201900054971,6,14,09:27,1,2,4,1.0,3.0,75114,PORTE DE CHATILLON,M,"48,8232900","2,3113700",75,2019,70.0,1.0,1.0,4.0,2266347,1.0,1,3,1,0.0,,0.0,0,1955.0,B01,138Â 202Â 715,2.0,6.0,-1.0,1729932,1.0,15,,0.0,2.0,1.0,A01,138Â 202Â 716,1.0
1013440,201900054971,6,14,09:27,1,2,4,1.0,3.0,75114,PORTE DE CHATILLON,M,"48,8232900","2,3113700",75,2019,70.0,1.0,1.0,4.0,2266348,1.0,1,1,1,4.0,,0.0,0,1964.0,A01,138Â 202Â 716,1.0,0.0,-1.0,1729931,1.0,33,,0.0,2.0,7.0,B01,138Â 202Â 715,1.0
1013440,201900054971,6,14,09:27,1,2,4,1.0,3.0,75114,PORTE DE CHATILLON,M,"48,8232900","2,3113700",75,2019,70.0,1.0,1.0,4.0,2266348,1.0,1,1,1,4.0,,0.0,0,1964.0,A01,138Â 202Â 716,1.0,0.0,-1.0,1729932,1.0,15,,0.0,2.0,1.0,A01,138Â 202Â 716,1.0