Unnamed: 0_x,num_acc,mois,jour,hrmn,lum,agg,int,atm,col,com,adr,gps,lat,long,dep,annee,vma,situ,surf,catr,Unnamed: 0_y,place,catu,grav,sexe,trajet,secu,locp,actp,an_nais,num_veh_x,id_vehicule_x,secu1,secu2,secu3,Unnamed: 0,senc,catv,occutc,obs,obsm,choc,num_veh_y,id_vehicule_y,motor
1013441,201900054972,6,14,09:10,1,2,1,1.0,7.0,75112,ECHANGEUR BERCY,M,"48,8277765","2,3934860",75,2019,70.0,1.0,1.0,4.0,2266349,2.0,1,4,1,4.0,,0.0,0,1993.0,A01,138Â 202Â 712,2.0,6.0,-1.0,1729933,1.0,32,,0.0,0.0,0.0,A01,138Â 202Â 712,1.0
1013442,201900054973,2,12,05:05,5,2,6,1.0,5.0,95572,BETHUNES (AVENUE DES),M,"49,0470300","2,1363800",95,2019,50.0,1.0,2.0,4.0,2266350,1.0,1,1,1,1.0,,-1.0,0,1963.0,B01,138Â 202Â 711,1.0,0.0,-1.0,1729934,3.0,7,,0.0,2.0,3.0,B01,138Â 202Â 711,1.0
1013442,201900054973,2,12,05:05,5,2,6,1.0,5.0,95572,BETHUNES (AVENUE DES),M,"49,0470300","2,1363800",95,2019,50.0,1.0,2.0,4.0,2266350,1.0,1,1,1,1.0,,-1.0,0,1963.0,B01,138Â 202Â 711,1.0,0.0,-1.0,1729935,3.0,33,,12.0,2.0,2.0,A01,138Â 202Â 713,1.0
1013442,201900054973,2,12,05:05,5,2,6,1.0,5.0,95572,BETHUNES (AVENUE DES),M,"49,0470300","2,1363800",95,2019,50.0,1.0,2.0,4.0,2266350,1.0,1,1,1,1.0,,-1.0,0,1963.0,B01,138Â 202Â 711,1.0,0.0,-1.0,1729936,3.0,10,,0.0,2.0,1.0,A01,138Â 202Â 714,-1.0
1013442,201900054973,2,12,05:05,5,2,6,1.0,5.0,95572,BETHUNES (AVENUE DES),M,"49,0470300","2,1363800",95,2019,50.0,1.0,2.0,4.0,2266351,1.0,1,3,1,1.0,,-1.0,0,1995.0,A01,138Â 202Â 713,2.0,6.0,-1.0,1729934,3.0,7,,0.0,2.0,3.0,B01,138Â 202Â 711,1.0
1013442,201900054973,2,12,05:05,5,2,6,1.0,5.0,95572,BETHUNES (AVENUE DES),M,"49,0470300","2,1363800",95,2019,50.0,1.0,2.0,4.0,2266351,1.0,1,3,1,1.0,,-1.0,0,1995.0,A01,138Â 202Â 713,2.0,6.0,-1.0,1729935,3.0,33,,12.0,2.0,2.0,A01,138Â 202Â 713,1.0
1013442,201900054973,2,12,05:05,5,2,6,1.0,5.0,95572,BETHUNES (AVENUE DES),M,"49,0470300","2,1363800",95,2019,50.0,1.0,2.0,4.0,2266351,1.0,1,3,1,1.0,,-1.0,0,1995.0,A01,138Â 202Â 713,2.0,6.0,-1.0,1729936,3.0,10,,0.0,2.0,1.0,A01,138Â 202Â 714,-1.0
1013442,201900054973,2,12,05:05,5,2,6,1.0,5.0,95572,BETHUNES (AVENUE DES),M,"49,0470300","2,1363800",95,2019,50.0,1.0,2.0,4.0,2266352,1.0,1,1,1,5.0,,-1.0, -1,1963.0,A01,138Â 202Â 714,1.0,0.0,0.0,1729934,3.0,7,,0.0,2.0,3.0,B01,138Â 202Â 711,1.0
1013442,201900054973,2,12,05:05,5,2,6,1.0,5.0,95572,BETHUNES (AVENUE DES),M,"49,0470300","2,1363800",95,2019,50.0,1.0,2.0,4.0,2266352,1.0,1,1,1,5.0,,-1.0, -1,1963.0,A01,138Â 202Â 714,1.0,0.0,0.0,1729935,3.0,33,,12.0,2.0,2.0,A01,138Â 202Â 713,1.0
1013442,201900054973,2,12,05:05,5,2,6,1.0,5.0,95572,BETHUNES (AVENUE DES),M,"49,0470300","2,1363800",95,2019,50.0,1.0,2.0,4.0,2266352,1.0,1,1,1,5.0,,-1.0, -1,1963.0,A01,138Â 202Â 714,1.0,0.0,0.0,1729936,3.0,10,,0.0,2.0,1.0,A01,138Â 202Â 714,-1.0
1013443,201900054974,6,13,18:15,1,2,1,2.0,4.0,75120,PORTE DE MONTREUIL,M,"48,8572400","2,4140250",75,2019,70.0,1.0,2.0,4.0,2266353,1.0,1,4,2,5.0,,0.0,0,1949.0,A01,138Â 202Â 704,1.0,0.0,-1.0,1729937,1.0,7,,0.0,2.0,1.0,A01,138Â 202Â 704,1.0
1013443,201900054974,6,13,18:15,1,2,1,2.0,4.0,75120,PORTE DE MONTREUIL,M,"48,8572400","2,4140250",75,2019,70.0,1.0,2.0,4.0,2266353,1.0,1,4,2,5.0,,0.0,0,1949.0,A01,138Â 202Â 704,1.0,0.0,-1.0,1729938,1.0,7,,0.0,2.0,4.0,B01,138Â 202Â 707,1.0
1013443,201900054974,6,13,18:15,1,2,1,2.0,4.0,75120,PORTE DE MONTREUIL,M,"48,8572400","2,4140250",75,2019,70.0,1.0,2.0,4.0,2266353,1.0,1,4,2,5.0,,0.0,0,1949.0,A01,138Â 202Â 704,1.0,0.0,-1.0,1729939,1.0,7,,0.0,2.0,4.0,C01,138Â 202Â 708,1.0
1013443,201900054974,6,13,18:15,1,2,1,2.0,4.0,75120,PORTE DE MONTREUIL,M,"48,8572400","2,4140250",75,2019,70.0,1.0,2.0,4.0,2266353,1.0,1,4,2,5.0,,0.0,0,1949.0,A01,138Â 202Â 704,1.0,0.0,-1.0,1729940,1.0,7,,0.0,2.0,4.0,D01,138Â 202Â 709,2.0
1013443,201900054974,6,13,18:15,1,2,1,2.0,4.0,75120,PORTE DE MONTREUIL,M,"48,8572400","2,4140250",75,2019,70.0,1.0,2.0,4.0,2266353,1.0,1,4,2,5.0,,0.0,0,1949.0,A01,138Â 202Â 704,1.0,0.0,-1.0,1729941,1.0,7,,0.0,2.0,4.0,E01,138Â 202Â 710,1.0
1013443,201900054974,6,13,18:15,1,2,1,2.0,4.0,75120,PORTE DE MONTREUIL,M,"48,8572400","2,4140250",75,2019,70.0,1.0,2.0,4.0,2266354,1.0,1,1,1,5.0,,0.0,0,1995.0,B01,138Â 202Â 707,1.0,8.0,-1.0,1729937,1.0,7,,0.0,2.0,1.0,A01,138Â 202Â 704,1.0
1013443,201900054974,6,13,18:15,1,2,1,2.0,4.0,75120,PORTE DE MONTREUIL,M,"48,8572400","2,4140250",75,2019,70.0,1.0,2.0,4.0,2266354,1.0,1,1,1,5.0,,0.0,0,1995.0,B01,138Â 202Â 707,1.0,8.0,-1.0,1729938,1.0,7,,0.0,2.0,4.0,B01,138Â 202Â 707,1.0
1013443,201900054974,6,13,18:15,1,2,1,2.0,4.0,75120,PORTE DE MONTREUIL,M,"48,8572400","2,4140250",75,2019,70.0,1.0,2.0,4.0,2266354,1.0,1,1,1,5.0,,0.0,0,1995.0,B01,138Â 202Â 707,1.0,8.0,-1.0,1729939,1.0,7,,0.0,2.0,4.0,C01,138Â 202Â 708,1.0
1013443,201900054974,6,13,18:15,1,2,1,2.0,4.0,75120,PORTE DE MONTREUIL,M,"48,8572400","2,4140250",75,2019,70.0,1.0,2.0,4.0,2266354,1.0,1,1,1,5.0,,0.0,0,1995.0,B01,138Â 202Â 707,1.0,8.0,-1.0,1729940,1.0,7,,0.0,2.0,4.0,D01,138Â 202Â 709,2.0
1013443,201900054974,6,13,18:15,1,2,1,2.0,4.0,75120,PORTE DE MONTREUIL,M,"48,8572400","2,4140250",75,2019,70.0,1.0,2.0,4.0,2266354,1.0,1,1,1,5.0,,0.0,0,1995.0,B01,138Â 202Â 707,1.0,8.0,-1.0,1729941,1.0,7,,0.0,2.0,4.0,E01,138Â 202Â 710,1.0
1013443,201900054974,6,13,18:15,1,2,1,2.0,4.0,75120,PORTE DE MONTREUIL,M,"48,8572400","2,4140250",75,2019,70.0,1.0,2.0,4.0,2266355,1.0,1,1,1,1.0,,0.0,0,1989.0,C01,138Â 202Â 708,1.0,8.0,-1.0,1729937,1.0,7,,0.0,2.0,1.0,A01,138Â 202Â 704,1.0
1013443,201900054974,6,13,18:15,1,2,1,2.0,4.0,75120,PORTE DE MONTREUIL,M,"48,8572400","2,4140250",75,2019,70.0,1.0,2.0,4.0,2266355,1.0,1,1,1,1.0,,0.0,0,1989.0,C01,138Â 202Â 708,1.0,8.0,-1.0,1729938,1.0,7,,0.0,2.0,4.0,B01,138Â 202Â 707,1.0
1013443,201900054974,6,13,18:15,1,2,1,2.0,4.0,75120,PORTE DE MONTREUIL,M,"48,8572400","2,4140250",75,2019,70.0,1.0,2.0,4.0,2266355,1.0,1,1,1,1.0,,0.0,0,1989.0,C01,138Â 202Â 708,1.0,8.0,-1.0,1729939,1.0,7,,0.0,2.0,4.0,C01,138Â 202Â 708,1.0
1013443,201900054974,6,13,18:15,1,2,1,2.0,4.0,75120,PORTE DE MONTREUIL,M,"48,8572400","2,4140250",75,2019,70.0,1.0,2.0,4.0,2266355,1.0,1,1,1,1.0,,0.0,0,1989.0,C01,138Â 202Â 708,1.0,8.0,-1.0,1729940,1.0,7,,0.0,2.0,4.0,D01,138Â 202Â 709,2.0
1013443,201900054974,6,13,18:15,1,2,1,2.0,4.0,75120,PORTE DE MONTREUIL,M,"48,8572400","2,4140250",75,2019,70.0,1.0,2.0,4.0,2266355,1.0,1,1,1,1.0,,0.0,0,1989.0,C01,138Â 202Â 708,1.0,8.0,-1.0,1729941,1.0,7,,0.0,2.0,4.0,E01,138Â 202Â 710,1.0
1013443,201900054974,6,13,18:15,1,2,1,2.0,4.0,75120,PORTE DE MONTREUIL,M,"48,8572400","2,4140250",75,2019,70.0,1.0,2.0,4.0,2266356,1.0,1,1,1,4.0,,0.0,0,1972.0,D01,138Â 202Â 709,1.0,8.0,-1.0,1729937,1.0,7,,0.0,2.0,1.0,A01,138Â 202Â 704,1.0
1013443,201900054974,6,13,18:15,1,2,1,2.0,4.0,75120,PORTE DE MONTREUIL,M,"48,8572400","2,4140250",75,2019,70.0,1.0,2.0,4.0,2266356,1.0,1,1,1,4.0,,0.0,0,1972.0,D01,138Â 202Â 709,1.0,8.0,-1.0,1729938,1.0,7,,0.0,2.0,4.0,B01,138Â 202Â 707,1.0
1013443,201900054974,6,13,18:15,1,2,1,2.0,4.0,75120,PORTE DE MONTREUIL,M,"48,8572400","2,4140250",75,2019,70.0,1.0,2.0,4.0,2266356,1.0,1,1,1,4.0,,0.0,0,1972.0,D01,138Â 202Â 709,1.0,8.0,-1.0,1729939,1.0,7,,0.0,2.0,4.0,C01,138Â 202Â 708,1.0
1013443,201900054974,6,13,18:15,1,2,1,2.0,4.0,75120,PORTE DE MONTREUIL,M,"48,8572400","2,4140250",75,2019,70.0,1.0,2.0,4.0,2266356,1.0,1,1,1,4.0,,0.0,0,1972.0,D01,138Â 202Â 709,1.0,8.0,-1.0,1729940,1.0,7,,0.0,2.0,4.0,D01,138Â 202Â 709,2.0
1013443,201900054974,6,13,18:15,1,2,1,2.0,4.0,75120,PORTE DE MONTREUIL,M,"48,8572400","2,4140250",75,2019,70.0,1.0,2.0,4.0,2266356,1.0,1,1,1,4.0,,0.0,0,1972.0,D01,138Â 202Â 709,1.0,8.0,-1.0,1729941,1.0,7,,0.0,2.0,4.0,E01,138Â 202Â 710,1.0
1013443,201900054974,6,13,18:15,1,2,1,2.0,4.0,75120,PORTE DE MONTREUIL,M,"48,8572400","2,4140250",75,2019,70.0,1.0,2.0,4.0,2266357,1.0,1,1,2,5.0,,0.0,0,1964.0,E01,138Â 202Â 710,1.0,8.0,-1.0,1729937,1.0,7,,0.0,2.0,1.0,A01,138Â 202Â 704,1.0
1013443,201900054974,6,13,18:15,1,2,1,2.0,4.0,75120,PORTE DE MONTREUIL,M,"48,8572400","2,4140250",75,2019,70.0,1.0,2.0,4.0,2266357,1.0,1,1,2,5.0,,0.0,0,1964.0,E01,138Â 202Â 710,1.0,8.0,-1.0,1729938,1.0,7,,0.0,2.0,4.0,B01,138Â 202Â 707,1.0
1013443,201900054974,6,13,18:15,1,2,1,2.0,4.0,75120,PORTE DE MONTREUIL,M,"48,8572400","2,4140250",75,2019,70.0,1.0,2.0,4.0,2266357,1.0,1,1,2,5.0,,0.0,0,1964.0,E01,138Â 202Â 710,1.0,8.0,-1.0,1729939,1.0,7,,0.0,2.0,4.0,C01,138Â 202Â 708,1.0
1013443,201900054974,6,13,18:15,1,2,1,2.0,4.0,75120,PORTE DE MONTREUIL,M,"48,8572400","2,4140250",75,2019,70.0,1.0,2.0,4.0,2266357,1.0,1,1,2,5.0,,0.0,0,1964.0,E01,138Â 202Â 710,1.0,8.0,-1.0,1729940,1.0,7,,0.0,2.0,4.0,D01,138Â 202Â 709,2.0
1013443,201900054974,6,13,18:15,1,2,1,2.0,4.0,75120,PORTE DE MONTREUIL,M,"48,8572400","2,4140250",75,2019,70.0,1.0,2.0,4.0,2266357,1.0,1,1,2,5.0,,0.0,0,1964.0,E01,138Â 202Â 710,1.0,8.0,-1.0,1729941,1.0,7,,0.0,2.0,4.0,E01,138Â 202Â 710,1.0
1013444,201900054975,6,12,23:30,5,2,4,1.0,6.0,75113,PORTE D IVRY,M,"48,8210700","2,3774720",75,2019,70.0,1.0,1.0,4.0,2266358,1.0,1,4,1,1.0,,0.0,0,1991.0,A01,138Â 202Â 703,2.0,6.0,-1.0,1729942,1.0,7,,0.0,2.0,1.0,Z01,138Â 202Â 702,1.0
1013444,201900054975,6,12,23:30,5,2,4,1.0,6.0,75113,PORTE D IVRY,M,"48,8210700","2,3774720",75,2019,70.0,1.0,1.0,4.0,2266358,1.0,1,4,1,1.0,,0.0,0,1991.0,A01,138Â 202Â 703,2.0,6.0,-1.0,1729943,1.0,33,,0.0,2.0,4.0,A01,138Â 202Â 703,1.0
1013445,201900054976,6,12,13:50,1,2,1,2.0,4.0,75114,BOULEVARD PERIPHERIQUE,M,"48,8194170","2,3282910",75,2019,70.0,1.0,2.0,4.0,2266359,1.0,1,1,2,5.0,,0.0,0,1996.0,C01,138Â 202Â 698,1.0,0.0,-1.0,1729944,2.0,7,,4.0,2.0,2.0,C01,138Â 202Â 698,1.0
1013445,201900054976,6,12,13:50,1,2,1,2.0,4.0,75114,BOULEVARD PERIPHERIQUE,M,"48,8194170","2,3282910",75,2019,70.0,1.0,2.0,4.0,2266359,1.0,1,1,2,5.0,,0.0,0,1996.0,C01,138Â 202Â 698,1.0,0.0,-1.0,1729945,2.0,7,,0.0,2.0,2.0,B01,138Â 202Â 699,1.0
1013445,201900054976,6,12,13:50,1,2,1,2.0,4.0,75114,BOULEVARD PERIPHERIQUE,M,"48,8194170","2,3282910",75,2019,70.0,1.0,2.0,4.0,2266359,1.0,1,1,2,5.0,,0.0,0,1996.0,C01,138Â 202Â 698,1.0,0.0,-1.0,1729946,2.0,43,,0.0,2.0,3.0,A01,138Â 202Â 700,1.0
1013445,201900054976,6,12,13:50,1,2,1,2.0,4.0,75114,BOULEVARD PERIPHERIQUE,M,"48,8194170","2,3282910",75,2019,70.0,1.0,2.0,4.0,2266360,1.0,1,1,2,5.0,,0.0,0,1990.0,B01,138Â 202Â 699,1.0,0.0,-1.0,1729944,2.0,7,,4.0,2.0,2.0,C01,138Â 202Â 698,1.0
1013445,201900054976,6,12,13:50,1,2,1,2.0,4.0,75114,BOULEVARD PERIPHERIQUE,M,"48,8194170","2,3282910",75,2019,70.0,1.0,2.0,4.0,2266360,1.0,1,1,2,5.0,,0.0,0,1990.0,B01,138Â 202Â 699,1.0,0.0,-1.0,1729945,2.0,7,,0.0,2.0,2.0,B01,138Â 202Â 699,1.0
1013445,201900054976,6,12,13:50,1,2,1,2.0,4.0,75114,BOULEVARD PERIPHERIQUE,M,"48,8194170","2,3282910",75,2019,70.0,1.0,2.0,4.0,2266360,1.0,1,1,2,5.0,,0.0,0,1990.0,B01,138Â 202Â 699,1.0,0.0,-1.0,1729946,2.0,43,,0.0,2.0,3.0,A01,138Â 202Â 700,1.0
1013445,201900054976,6,12,13:50,1,2,1,2.0,4.0,75114,BOULEVARD PERIPHERIQUE,M,"48,8194170","2,3282910",75,2019,70.0,1.0,2.0,4.0,2266361,1.0,1,4,1,4.0,,0.0,0,1968.0,A01,138Â 202Â 700,2.0,6.0,-1.0,1729944,2.0,7,,4.0,2.0,2.0,C01,138Â 202Â 698,1.0
1013445,201900054976,6,12,13:50,1,2,1,2.0,4.0,75114,BOULEVARD PERIPHERIQUE,M,"48,8194170","2,3282910",75,2019,70.0,1.0,2.0,4.0,2266361,1.0,1,4,1,4.0,,0.0,0,1968.0,A01,138Â 202Â 700,2.0,6.0,-1.0,1729945,2.0,7,,0.0,2.0,2.0,B01,138Â 202Â 699,1.0
1013445,201900054976,6,12,13:50,1,2,1,2.0,4.0,75114,BOULEVARD PERIPHERIQUE,M,"48,8194170","2,3282910",75,2019,70.0,1.0,2.0,4.0,2266361,1.0,1,4,1,4.0,,0.0,0,1968.0,A01,138Â 202Â 700,2.0,6.0,-1.0,1729946,2.0,43,,0.0,2.0,3.0,A01,138Â 202Â 700,1.0
1013446,201900054977,6,11,16:00,1,2,1,1.0,3.0,75119,PORTE DES LILAS,M,"48,8788790","2,4079060",75,2019,70.0,1.0,1.0,4.0,2266362,1.0,1,1,1,4.0,,0.0,0,1962.0,B01,138Â 202Â 694,1.0,0.0,-1.0,1729947,1.0,16,,0.0,2.0,6.0,B01,138Â 202Â 694,1.0
1013446,201900054977,6,11,16:00,1,2,1,1.0,3.0,75119,PORTE DES LILAS,M,"48,8788790","2,4079060",75,2019,70.0,1.0,1.0,4.0,2266362,1.0,1,1,1,4.0,,0.0,0,1962.0,B01,138Â 202Â 694,1.0,0.0,-1.0,1729948,1.0,7,,0.0,2.0,2.0,A01,138Â 202Â 695,1.0
1013446,201900054977,6,11,16:00,1,2,1,1.0,3.0,75119,PORTE DES LILAS,M,"48,8788790","2,4079060",75,2019,70.0,1.0,1.0,4.0,2266363,2.0,2,4,2,5.0,,0.0,0,1939.0,A01,138Â 202Â 695,1.0,0.0,-1.0,1729947,1.0,16,,0.0,2.0,6.0,B01,138Â 202Â 694,1.0
1013446,201900054977,6,11,16:00,1,2,1,1.0,3.0,75119,PORTE DES LILAS,M,"48,8788790","2,4079060",75,2019,70.0,1.0,1.0,4.0,2266363,2.0,2,4,2,5.0,,0.0,0,1939.0,A01,138Â 202Â 695,1.0,0.0,-1.0,1729948,1.0,7,,0.0,2.0,2.0,A01,138Â 202Â 695,1.0
1013446,201900054977,6,11,16:00,1,2,1,1.0,3.0,75119,PORTE DES LILAS,M,"48,8788790","2,4079060",75,2019,70.0,1.0,1.0,4.0,2266364,1.0,1,4,1,5.0,,0.0,0,1936.0,A01,138Â 202Â 695,1.0,0.0,-1.0,1729947,1.0,16,,0.0,2.0,6.0,B01,138Â 202Â 694,1.0
1013446,201900054977,6,11,16:00,1,2,1,1.0,3.0,75119,PORTE DES LILAS,M,"48,8788790","2,4079060",75,2019,70.0,1.0,1.0,4.0,2266364,1.0,1,4,1,5.0,,0.0,0,1936.0,A01,138Â 202Â 695,1.0,0.0,-1.0,1729948,1.0,7,,0.0,2.0,2.0,A01,138Â 202Â 695,1.0
1013447,201900054978,6,11,15:00,1,2,4,1.0,3.0,75112,PORT DE BERCY,M,"48,8277150","2,3945180",75,2019,70.0,1.0,1.0,4.0,2266365,1.0,1,4,1,5.0,,0.0,0,1987.0,A01,138Â 202Â 692,2.0,0.0,-1.0,1729949,2.0,32,,0.0,2.0,4.0,A01,138Â 202Â 692,1.0
1013447,201900054978,6,11,15:00,1,2,4,1.0,3.0,75112,PORT DE BERCY,M,"48,8277150","2,3945180",75,2019,70.0,1.0,1.0,4.0,2266365,1.0,1,4,1,5.0,,0.0,0,1987.0,A01,138Â 202Â 692,2.0,0.0,-1.0,1729950,2.0,7,,0.0,2.0,5.0,Z01,138Â 202Â 693,0.0
1013448,201900054979,6,11,11:00,1,2,4,1.0,2.0,75116,BOULEVARD PERIPHERIQUE,M,"48,8776550","2,2803440",75,2019,70.0,1.0,1.0,4.0,2266366,1.0,1,4,2,5.0,,0.0,0,1984.0,A01,138Â 202Â 690,2.0,6.0,-1.0,1729951,1.0,30,,0.0,2.0,3.0,A01,138Â 202Â 690,1.0
1013448,201900054979,6,11,11:00,1,2,4,1.0,2.0,75116,BOULEVARD PERIPHERIQUE,M,"48,8776550","2,2803440",75,2019,70.0,1.0,1.0,4.0,2266366,1.0,1,4,2,5.0,,0.0,0,1984.0,A01,138Â 202Â 690,2.0,6.0,-1.0,1729952,1.0,7,,0.0,2.0,6.0,B01,138Â 202Â 691,1.0
1013448,201900054979,6,11,11:00,1,2,4,1.0,2.0,75116,BOULEVARD PERIPHERIQUE,M,"48,8776550","2,2803440",75,2019,70.0,1.0,1.0,4.0,2266367,1.0,1,1,2,4.0,,0.0,0,1981.0,B01,138Â 202Â 691,1.0,0.0,-1.0,1729951,1.0,30,,0.0,2.0,3.0,A01,138Â 202Â 690,1.0
1013448,201900054979,6,11,11:00,1,2,4,1.0,2.0,75116,BOULEVARD PERIPHERIQUE,M,"48,8776550","2,2803440",75,2019,70.0,1.0,1.0,4.0,2266367,1.0,1,1,2,4.0,,0.0,0,1981.0,B01,138Â 202Â 691,1.0,0.0,-1.0,1729952,1.0,7,,0.0,2.0,6.0,B01,138Â 202Â 691,1.0
1013449,201900054980,6,11,08:10,1,2,1,1.0,6.0,75114,BOULEVARD PERIPHERIQUE,M,"48,8217520","2,3179320",75,2019,70.0,1.0,1.0,4.0,2266368,1.0,1,1,2,1.0,,0.0,0,1988.0,B01,138Â 202Â 687,1.0,0.0,-1.0,1729953,1.0,7,,0.0,2.0,7.0,B01,138Â 202Â 687,1.0
1013449,201900054980,6,11,08:10,1,2,1,1.0,6.0,75114,BOULEVARD PERIPHERIQUE,M,"48,8217520","2,3179320",75,2019,70.0,1.0,1.0,4.0,2266368,1.0,1,1,2,1.0,,0.0,0,1988.0,B01,138Â 202Â 687,1.0,0.0,-1.0,1729954,1.0,43,,0.0,2.0,1.0,A01,138Â 202Â 688,1.0
1013449,201900054980,6,11,08:10,1,2,1,1.0,6.0,75114,BOULEVARD PERIPHERIQUE,M,"48,8217520","2,3179320",75,2019,70.0,1.0,1.0,4.0,2266368,1.0,1,1,2,1.0,,0.0,0,1988.0,B01,138Â 202Â 687,1.0,0.0,-1.0,1729955,1.0,33,,0.0,2.0,4.0,Z01,138Â 202Â 689,0.0
1013449,201900054980,6,11,08:10,1,2,1,1.0,6.0,75114,BOULEVARD PERIPHERIQUE,M,"48,8217520","2,3179320",75,2019,70.0,1.0,1.0,4.0,2266369,1.0,1,4,1,1.0,,0.0,0,1967.0,A01,138Â 202Â 688,2.0,6.0,-1.0,1729953,1.0,7,,0.0,2.0,7.0,B01,138Â 202Â 687,1.0
1013449,201900054980,6,11,08:10,1,2,1,1.0,6.0,75114,BOULEVARD PERIPHERIQUE,M,"48,8217520","2,3179320",75,2019,70.0,1.0,1.0,4.0,2266369,1.0,1,4,1,1.0,,0.0,0,1967.0,A01,138Â 202Â 688,2.0,6.0,-1.0,1729954,1.0,43,,0.0,2.0,1.0,A01,138Â 202Â 688,1.0
1013449,201900054980,6,11,08:10,1,2,1,1.0,6.0,75114,BOULEVARD PERIPHERIQUE,M,"48,8217520","2,3179320",75,2019,70.0,1.0,1.0,4.0,2266369,1.0,1,4,1,1.0,,0.0,0,1967.0,A01,138Â 202Â 688,2.0,6.0,-1.0,1729955,1.0,33,,0.0,2.0,4.0,Z01,138Â 202Â 689,0.0
1013450,201900054981,6,6,12:50,1,2,1,1.0,4.0,75120,BOULEVARD PERIPHERIQUE,M,"48,8554470","2,4138260",75,2019,70.0,1.0,1.0,4.0,2266370,1.0,1,1,1,0.0,,0.0,0,1979.0,A01,138Â 202Â 683,1.0,0.0,-1.0,1729956,1.0,7,,0.0,2.0,1.0,A01,138Â 202Â 683,1.0
1013450,201900054981,6,6,12:50,1,2,1,1.0,4.0,75120,BOULEVARD PERIPHERIQUE,M,"48,8554470","2,4138260",75,2019,70.0,1.0,1.0,4.0,2266370,1.0,1,1,1,0.0,,0.0,0,1979.0,A01,138Â 202Â 683,1.0,0.0,-1.0,1729957,1.0,7,,0.0,2.0,4.0,D01,138Â 202Â 684,1.0
1013450,201900054981,6,6,12:50,1,2,1,1.0,4.0,75120,BOULEVARD PERIPHERIQUE,M,"48,8554470","2,4138260",75,2019,70.0,1.0,1.0,4.0,2266370,1.0,1,1,1,0.0,,0.0,0,1979.0,A01,138Â 202Â 683,1.0,0.0,-1.0,1729958,1.0,7,,0.0,2.0,4.0,C01,138Â 202Â 685,1.0
1013450,201900054981,6,6,12:50,1,2,1,1.0,4.0,75120,BOULEVARD PERIPHERIQUE,M,"48,8554470","2,4138260",75,2019,70.0,1.0,1.0,4.0,2266370,1.0,1,1,1,0.0,,0.0,0,1979.0,A01,138Â 202Â 683,1.0,0.0,-1.0,1729959,1.0,7,,0.0,2.0,4.0,B01,138Â 202Â 686,1.0
1013450,201900054981,6,6,12:50,1,2,1,1.0,4.0,75120,BOULEVARD PERIPHERIQUE,M,"48,8554470","2,4138260",75,2019,70.0,1.0,1.0,4.0,2266371,1.0,1,1,1,0.0,,0.0,0,1900.0,D01,138Â 202Â 684,1.0,0.0,-1.0,1729956,1.0,7,,0.0,2.0,1.0,A01,138Â 202Â 683,1.0
1013450,201900054981,6,6,12:50,1,2,1,1.0,4.0,75120,BOULEVARD PERIPHERIQUE,M,"48,8554470","2,4138260",75,2019,70.0,1.0,1.0,4.0,2266371,1.0,1,1,1,0.0,,0.0,0,1900.0,D01,138Â 202Â 684,1.0,0.0,-1.0,1729957,1.0,7,,0.0,2.0,4.0,D01,138Â 202Â 684,1.0
1013450,201900054981,6,6,12:50,1,2,1,1.0,4.0,75120,BOULEVARD PERIPHERIQUE,M,"48,8554470","2,4138260",75,2019,70.0,1.0,1.0,4.0,2266371,1.0,1,1,1,0.0,,0.0,0,1900.0,D01,138Â 202Â 684,1.0,0.0,-1.0,1729958,1.0,7,,0.0,2.0,4.0,C01,138Â 202Â 685,1.0
1013450,201900054981,6,6,12:50,1,2,1,1.0,4.0,75120,BOULEVARD PERIPHERIQUE,M,"48,8554470","2,4138260",75,2019,70.0,1.0,1.0,4.0,2266371,1.0,1,1,1,0.0,,0.0,0,1900.0,D01,138Â 202Â 684,1.0,0.0,-1.0,1729959,1.0,7,,0.0,2.0,4.0,B01,138Â 202Â 686,1.0
1013450,201900054981,6,6,12:50,1,2,1,1.0,4.0,75120,BOULEVARD PERIPHERIQUE,M,"48,8554470","2,4138260",75,2019,70.0,1.0,1.0,4.0,2266372,4.0,2,4,2,5.0,,0.0,0,2009.0,C01,138Â 202Â 685,1.0,0.0,-1.0,1729956,1.0,7,,0.0,2.0,1.0,A01,138Â 202Â 683,1.0
1013450,201900054981,6,6,12:50,1,2,1,1.0,4.0,75120,BOULEVARD PERIPHERIQUE,M,"48,8554470","2,4138260",75,2019,70.0,1.0,1.0,4.0,2266372,4.0,2,4,2,5.0,,0.0,0,2009.0,C01,138Â 202Â 685,1.0,0.0,-1.0,1729957,1.0,7,,0.0,2.0,4.0,D01,138Â 202Â 684,1.0
1013450,201900054981,6,6,12:50,1,2,1,1.0,4.0,75120,BOULEVARD PERIPHERIQUE,M,"48,8554470","2,4138260",75,2019,70.0,1.0,1.0,4.0,2266372,4.0,2,4,2,5.0,,0.0,0,2009.0,C01,138Â 202Â 685,1.0,0.0,-1.0,1729958,1.0,7,,0.0,2.0,4.0,C01,138Â 202Â 685,1.0
1013450,201900054981,6,6,12:50,1,2,1,1.0,4.0,75120,BOULEVARD PERIPHERIQUE,M,"48,8554470","2,4138260",75,2019,70.0,1.0,1.0,4.0,2266372,4.0,2,4,2,5.0,,0.0,0,2009.0,C01,138Â 202Â 685,1.0,0.0,-1.0,1729959,1.0,7,,0.0,2.0,4.0,B01,138Â 202Â 686,1.0
1013450,201900054981,6,6,12:50,1,2,1,1.0,4.0,75120,BOULEVARD PERIPHERIQUE,M,"48,8554470","2,4138260",75,2019,70.0,1.0,1.0,4.0,2266373,1.0,1,1,1,5.0,,0.0,0,1967.0,C01,138Â 202Â 685,1.0,0.0,-1.0,1729956,1.0,7,,0.0,2.0,1.0,A01,138Â 202Â 683,1.0