Unnamed: 0_x,num_acc,mois,jour,hrmn,lum,agg,int,atm,col,com,adr,gps,lat,long,dep,annee,vma,situ,surf,catr,Unnamed: 0_y,place,catu,grav,sexe,trajet,secu,locp,actp,an_nais,num_veh_x,id_vehicule_x,secu1,secu2,secu3,Unnamed: 0,senc,catv,occutc,obs,obsm,choc,num_veh_y,id_vehicule_y,motor
1013450,201900054981,6,6,12:50,1,2,1,1.0,4.0,75120,BOULEVARD PERIPHERIQUE,M,"48,8554470","2,4138260",75,2019,70.0,1.0,1.0,4.0,2266373,1.0,1,1,1,5.0,,0.0,0,1967.0,C01,138Â 202Â 685,1.0,0.0,-1.0,1729957,1.0,7,,0.0,2.0,4.0,D01,138Â 202Â 684,1.0
1013450,201900054981,6,6,12:50,1,2,1,1.0,4.0,75120,BOULEVARD PERIPHERIQUE,M,"48,8554470","2,4138260",75,2019,70.0,1.0,1.0,4.0,2266373,1.0,1,1,1,5.0,,0.0,0,1967.0,C01,138Â 202Â 685,1.0,0.0,-1.0,1729958,1.0,7,,0.0,2.0,4.0,C01,138Â 202Â 685,1.0
1013450,201900054981,6,6,12:50,1,2,1,1.0,4.0,75120,BOULEVARD PERIPHERIQUE,M,"48,8554470","2,4138260",75,2019,70.0,1.0,1.0,4.0,2266373,1.0,1,1,1,5.0,,0.0,0,1967.0,C01,138Â 202Â 685,1.0,0.0,-1.0,1729959,1.0,7,,0.0,2.0,4.0,B01,138Â 202Â 686,1.0
1013450,201900054981,6,6,12:50,1,2,1,1.0,4.0,75120,BOULEVARD PERIPHERIQUE,M,"48,8554470","2,4138260",75,2019,70.0,1.0,1.0,4.0,2266374,1.0,1,1,1,5.0,,0.0,0,1977.0,B01,138Â 202Â 686,1.0,0.0,-1.0,1729956,1.0,7,,0.0,2.0,1.0,A01,138Â 202Â 683,1.0
1013450,201900054981,6,6,12:50,1,2,1,1.0,4.0,75120,BOULEVARD PERIPHERIQUE,M,"48,8554470","2,4138260",75,2019,70.0,1.0,1.0,4.0,2266374,1.0,1,1,1,5.0,,0.0,0,1977.0,B01,138Â 202Â 686,1.0,0.0,-1.0,1729957,1.0,7,,0.0,2.0,4.0,D01,138Â 202Â 684,1.0
1013450,201900054981,6,6,12:50,1,2,1,1.0,4.0,75120,BOULEVARD PERIPHERIQUE,M,"48,8554470","2,4138260",75,2019,70.0,1.0,1.0,4.0,2266374,1.0,1,1,1,5.0,,0.0,0,1977.0,B01,138Â 202Â 686,1.0,0.0,-1.0,1729958,1.0,7,,0.0,2.0,4.0,C01,138Â 202Â 685,1.0
1013450,201900054981,6,6,12:50,1,2,1,1.0,4.0,75120,BOULEVARD PERIPHERIQUE,M,"48,8554470","2,4138260",75,2019,70.0,1.0,1.0,4.0,2266374,1.0,1,1,1,5.0,,0.0,0,1977.0,B01,138Â 202Â 686,1.0,0.0,-1.0,1729959,1.0,7,,0.0,2.0,4.0,B01,138Â 202Â 686,1.0
1013451,201900054982,6,9,11:00,1,2,4,1.0,6.0,75120,BOULEVARD PERIPHERIQUE,M,"48,8520770","2,4150750",75,2019,50.0,1.0,1.0,4.0,2266375,5.0,2,4,1,9.0,,0.0,0,2015.0,A01,138Â 202Â 682,1.0,8.0,-1.0,1729960,2.0,7,,4.0,0.0,1.0,A01,138Â 202Â 682,1.0
1013451,201900054982,6,9,11:00,1,2,4,1.0,6.0,75120,BOULEVARD PERIPHERIQUE,M,"48,8520770","2,4150750",75,2019,50.0,1.0,1.0,4.0,2266376,1.0,1,1,1,5.0,,0.0,0,1975.0,A01,138Â 202Â 682,1.0,8.0,-1.0,1729960,2.0,7,,4.0,0.0,1.0,A01,138Â 202Â 682,1.0
1013451,201900054982,6,9,11:00,1,2,4,1.0,6.0,75120,BOULEVARD PERIPHERIQUE,M,"48,8520770","2,4150750",75,2019,50.0,1.0,1.0,4.0,2266377,3.0,2,1,2,9.0,,0.0,0,2011.0,A01,138Â 202Â 682,1.0,8.0,-1.0,1729960,2.0,7,,4.0,0.0,1.0,A01,138Â 202Â 682,1.0
1013451,201900054982,6,9,11:00,1,2,4,1.0,6.0,75120,BOULEVARD PERIPHERIQUE,M,"48,8520770","2,4150750",75,2019,50.0,1.0,1.0,4.0,2266378,2.0,2,4,2,9.0,,0.0,0,1975.0,A01,138Â 202Â 682,1.0,0.0,-1.0,1729960,2.0,7,,4.0,0.0,1.0,A01,138Â 202Â 682,1.0
1013451,201900054982,6,9,11:00,1,2,4,1.0,6.0,75120,BOULEVARD PERIPHERIQUE,M,"48,8520770","2,4150750",75,2019,50.0,1.0,1.0,4.0,2266379,4.0,2,4,1,9.0,,0.0,0,2010.0,A01,138Â 202Â 682,1.0,0.0,-1.0,1729960,2.0,7,,4.0,0.0,1.0,A01,138Â 202Â 682,1.0
1013452,201900054983,2,14,00:35,5,2,1,1.0,3.0,91687,MARMONT (AVENUE),M,"48,6668000","2,3769400",91,2019,50.0,1.0,1.0,3.0,2266380,1.0,1,4,1,0.0,,0.0,0,1988.0,A01,138Â 202Â 696,1.0,0.0,-1.0,1729961,3.0,7,,8.0,2.0,3.0,A01,138Â 202Â 696,1.0
1013452,201900054983,2,14,00:35,5,2,1,1.0,3.0,91687,MARMONT (AVENUE),M,"48,6668000","2,3769400",91,2019,50.0,1.0,1.0,3.0,2266380,1.0,1,4,1,0.0,,0.0,0,1988.0,A01,138Â 202Â 696,1.0,0.0,-1.0,1729962,3.0,7,,8.0,2.0,2.0,B01,138Â 202Â 697,1.0
1013452,201900054983,2,14,00:35,5,2,1,1.0,3.0,91687,MARMONT (AVENUE),M,"48,6668000","2,3769400",91,2019,50.0,1.0,1.0,3.0,2266381,3.0,2,1,1,9.0,,0.0,0,1987.0,A01,138Â 202Â 696,8.0,0.0,-1.0,1729961,3.0,7,,8.0,2.0,3.0,A01,138Â 202Â 696,1.0
1013452,201900054983,2,14,00:35,5,2,1,1.0,3.0,91687,MARMONT (AVENUE),M,"48,6668000","2,3769400",91,2019,50.0,1.0,1.0,3.0,2266381,3.0,2,1,1,9.0,,0.0,0,1987.0,A01,138Â 202Â 696,8.0,0.0,-1.0,1729962,3.0,7,,8.0,2.0,2.0,B01,138Â 202Â 697,1.0
1013452,201900054983,2,14,00:35,5,2,1,1.0,3.0,91687,MARMONT (AVENUE),M,"48,6668000","2,3769400",91,2019,50.0,1.0,1.0,3.0,2266382,4.0,2,1,1,4.0,,0.0,0,1995.0,A01,138Â 202Â 696,8.0,0.0,-1.0,1729961,3.0,7,,8.0,2.0,3.0,A01,138Â 202Â 696,1.0
1013452,201900054983,2,14,00:35,5,2,1,1.0,3.0,91687,MARMONT (AVENUE),M,"48,6668000","2,3769400",91,2019,50.0,1.0,1.0,3.0,2266382,4.0,2,1,1,4.0,,0.0,0,1995.0,A01,138Â 202Â 696,8.0,0.0,-1.0,1729962,3.0,7,,8.0,2.0,2.0,B01,138Â 202Â 697,1.0
1013452,201900054983,2,14,00:35,5,2,1,1.0,3.0,91687,MARMONT (AVENUE),M,"48,6668000","2,3769400",91,2019,50.0,1.0,1.0,3.0,2266383,1.0,1,4,1,4.0,,0.0,0,1990.0,B01,138Â 202Â 697,8.0,0.0,-1.0,1729961,3.0,7,,8.0,2.0,3.0,A01,138Â 202Â 696,1.0
1013452,201900054983,2,14,00:35,5,2,1,1.0,3.0,91687,MARMONT (AVENUE),M,"48,6668000","2,3769400",91,2019,50.0,1.0,1.0,3.0,2266383,1.0,1,4,1,4.0,,0.0,0,1990.0,B01,138Â 202Â 697,8.0,0.0,-1.0,1729962,3.0,7,,8.0,2.0,2.0,B01,138Â 202Â 697,1.0
1013453,201900054984,6,9,07:30,1,2,4,1.0,6.0,75113,BOULEVARD PERIPHERIQUE,M,"48,8259140","2,3869130",75,2019,70.0,1.0,1.0,4.0,2266384,1.0,1,1,1,4.0,,0.0,0,1958.0,A01,138Â 202Â 680,1.0,0.0,-1.0,1729963,1.0,7,,0.0,2.0,4.0,A01,138Â 202Â 680,1.0
1013453,201900054984,6,9,07:30,1,2,4,1.0,6.0,75113,BOULEVARD PERIPHERIQUE,M,"48,8259140","2,3869130",75,2019,70.0,1.0,1.0,4.0,2266384,1.0,1,1,1,4.0,,0.0,0,1958.0,A01,138Â 202Â 680,1.0,0.0,-1.0,1729964,1.0,7,,0.0,2.0,1.0,Z01,138Â 202Â 681,1.0
1013453,201900054984,6,9,07:30,1,2,4,1.0,6.0,75113,BOULEVARD PERIPHERIQUE,M,"48,8259140","2,3869130",75,2019,70.0,1.0,1.0,4.0,2266385,2.0,2,4,2,5.0,,0.0,0,1996.0,Z01,138Â 202Â 681,1.0,0.0,-1.0,1729963,1.0,7,,0.0,2.0,4.0,A01,138Â 202Â 680,1.0
1013453,201900054984,6,9,07:30,1,2,4,1.0,6.0,75113,BOULEVARD PERIPHERIQUE,M,"48,8259140","2,3869130",75,2019,70.0,1.0,1.0,4.0,2266385,2.0,2,4,2,5.0,,0.0,0,1996.0,Z01,138Â 202Â 681,1.0,0.0,-1.0,1729964,1.0,7,,0.0,2.0,1.0,Z01,138Â 202Â 681,1.0
1013454,201900054985,6,8,19:00,1,2,1,1.0,7.0,75120,BOULEVARD PERIPHERIQUE,M,"48,8733170","2,4120540",75,2019,70.0,1.0,1.0,4.0,2266386,1.0,1,4,1,5.0,,0.0,0,1970.0,A01,138Â 202Â 678,2.0,6.0,-1.0,1729965,2.0,31,,0.0,0.0,0.0,A01,138Â 202Â 678,1.0
1013455,201900054986,2,14,08:35,1,2,1,1.0,6.0,91216,CORBEIL (RUE),M,"48,6719300","2,3308100",91,2019,50.0,1.0,1.0,3.0,2266387,10.0,3,4,2,0.0,,2.0,3,1986.0,A01,138Â 202Â 679,8.0,0.0,-1.0,1729966,2.0,7,,0.0,1.0,1.0,A01,138Â 202Â 679,1.0
1013455,201900054986,2,14,08:35,1,2,1,1.0,6.0,91216,CORBEIL (RUE),M,"48,6719300","2,3308100",91,2019,50.0,1.0,1.0,3.0,2266388,1.0,1,1,2,0.0,,-1.0, -1,1988.0,A01,138Â 202Â 679,1.0,0.0,-1.0,1729966,2.0,7,,0.0,1.0,1.0,A01,138Â 202Â 679,1.0
1013456,201900054987,6,8,19:50,1,2,1,1.0,3.0,75117,BOULEVARD PERIPHERIQUE,M,"48,8801370","2,2818950",75,2019,70.0,1.0,1.0,4.0,2266389,1.0,1,1,1,5.0,,0.0,0,1991.0,B01,138Â 202Â 675,1.0,5.0,-1.0,1729967,1.0,7,,0.0,2.0,6.0,B01,138Â 202Â 675,1.0
1013456,201900054987,6,8,19:50,1,2,1,1.0,3.0,75117,BOULEVARD PERIPHERIQUE,M,"48,8801370","2,2818950",75,2019,70.0,1.0,1.0,4.0,2266389,1.0,1,1,1,5.0,,0.0,0,1991.0,B01,138Â 202Â 675,1.0,5.0,-1.0,1729968,1.0,33,,0.0,2.0,1.0,A01,138Â 202Â 677,1.0
1013456,201900054987,6,8,19:50,1,2,1,1.0,3.0,75117,BOULEVARD PERIPHERIQUE,M,"48,8801370","2,2818950",75,2019,70.0,1.0,1.0,4.0,2266390,1.0,1,4,1,5.0,,0.0,0,1987.0,A01,138Â 202Â 677,2.0,6.0,-1.0,1729967,1.0,7,,0.0,2.0,6.0,B01,138Â 202Â 675,1.0
1013456,201900054987,6,8,19:50,1,2,1,1.0,3.0,75117,BOULEVARD PERIPHERIQUE,M,"48,8801370","2,2818950",75,2019,70.0,1.0,1.0,4.0,2266390,1.0,1,4,1,5.0,,0.0,0,1987.0,A01,138Â 202Â 677,2.0,6.0,-1.0,1729968,1.0,33,,0.0,2.0,1.0,A01,138Â 202Â 677,1.0
1013457,201900054988,6,8,19:10,1,2,1,1.0,4.0,75117,PORTE DE CLICHY,M,"48,8964620","2,3100570",75,2019,70.0,1.0,1.0,4.0,2266391,1.0,1,1,1,5.0,,0.0,0,1986.0,A01,138Â 202Â 670,1.0,0.0,-1.0,1729969,1.0,7,,0.0,2.0,2.0,A01,138Â 202Â 670,1.0
1013457,201900054988,6,8,19:10,1,2,1,1.0,4.0,75117,PORTE DE CLICHY,M,"48,8964620","2,3100570",75,2019,70.0,1.0,1.0,4.0,2266391,1.0,1,1,1,5.0,,0.0,0,1986.0,A01,138Â 202Â 670,1.0,0.0,-1.0,1729970,1.0,32,,0.0,2.0,3.0,B01,138Â 202Â 672,1.0
1013457,201900054988,6,8,19:10,1,2,1,1.0,4.0,75117,PORTE DE CLICHY,M,"48,8964620","2,3100570",75,2019,70.0,1.0,1.0,4.0,2266391,1.0,1,1,1,5.0,,0.0,0,1986.0,A01,138Â 202Â 670,1.0,0.0,-1.0,1729971,1.0,7,,0.0,2.0,1.0,C01,138Â 202Â 673,1.0
1013457,201900054988,6,8,19:10,1,2,1,1.0,4.0,75117,PORTE DE CLICHY,M,"48,8964620","2,3100570",75,2019,70.0,1.0,1.0,4.0,2266392,1.0,1,4,2,5.0,,0.0,0,1992.0,B01,138Â 202Â 672,2.0,6.0,-1.0,1729969,1.0,7,,0.0,2.0,2.0,A01,138Â 202Â 670,1.0
1013457,201900054988,6,8,19:10,1,2,1,1.0,4.0,75117,PORTE DE CLICHY,M,"48,8964620","2,3100570",75,2019,70.0,1.0,1.0,4.0,2266392,1.0,1,4,2,5.0,,0.0,0,1992.0,B01,138Â 202Â 672,2.0,6.0,-1.0,1729970,1.0,32,,0.0,2.0,3.0,B01,138Â 202Â 672,1.0
1013457,201900054988,6,8,19:10,1,2,1,1.0,4.0,75117,PORTE DE CLICHY,M,"48,8964620","2,3100570",75,2019,70.0,1.0,1.0,4.0,2266392,1.0,1,4,2,5.0,,0.0,0,1992.0,B01,138Â 202Â 672,2.0,6.0,-1.0,1729971,1.0,7,,0.0,2.0,1.0,C01,138Â 202Â 673,1.0
1013457,201900054988,6,8,19:10,1,2,1,1.0,4.0,75117,PORTE DE CLICHY,M,"48,8964620","2,3100570",75,2019,70.0,1.0,1.0,4.0,2266393,1.0,1,1,1,5.0,,0.0,0,1980.0,C01,138Â 202Â 673,1.0,4.0,-1.0,1729969,1.0,7,,0.0,2.0,2.0,A01,138Â 202Â 670,1.0
1013457,201900054988,6,8,19:10,1,2,1,1.0,4.0,75117,PORTE DE CLICHY,M,"48,8964620","2,3100570",75,2019,70.0,1.0,1.0,4.0,2266393,1.0,1,1,1,5.0,,0.0,0,1980.0,C01,138Â 202Â 673,1.0,4.0,-1.0,1729970,1.0,32,,0.0,2.0,3.0,B01,138Â 202Â 672,1.0
1013457,201900054988,6,8,19:10,1,2,1,1.0,4.0,75117,PORTE DE CLICHY,M,"48,8964620","2,3100570",75,2019,70.0,1.0,1.0,4.0,2266393,1.0,1,1,1,5.0,,0.0,0,1980.0,C01,138Â 202Â 673,1.0,4.0,-1.0,1729971,1.0,7,,0.0,2.0,1.0,C01,138Â 202Â 673,1.0
1013458,201900054989,2,14,21:45,3,1,1,1.0,7.0,91421,NATIONALE 6 (PARTIE FORET),M,"48,6892800","2,4783190",91,2019,90.0,1.0,1.0,2.0,2266394,1.0,1,3,1,9.0,,0.0,0,1987.0,A01,138Â 202Â 671,2.0,6.0,-1.0,1729972,1.0,33,,0.0,0.0,1.0,A01,138Â 202Â 671,1.0
1013459,201900054990,6,8,15:50,1,2,4,1.0,6.0,75117,PORTE D ASNIERES,M,"48,8905500","2,2987100",75,2019,50.0,1.0,1.0,4.0,2266395,2.0,2,4,1,4.0,,0.0,0,1991.0,A01,138Â 202Â 669,2.0,6.0,-1.0,1729973,2.0,42,,4.0,0.0,7.0,A01,138Â 202Â 669,1.0
1013459,201900054990,6,8,15:50,1,2,4,1.0,6.0,75117,PORTE D ASNIERES,M,"48,8905500","2,2987100",75,2019,50.0,1.0,1.0,4.0,2266396,1.0,1,4,1,4.0,,0.0,0,1977.0,A01,138Â 202Â 669,2.0,6.0,-1.0,1729973,2.0,42,,4.0,0.0,7.0,A01,138Â 202Â 669,1.0
1013460,201900054991,6,7,11:40,1,2,1,1.0,2.0,75117,BOULEVARD PERIPHERIQUE,M,"48,8895910","2,2974170",75,2019,50.0,1.0,1.0,4.0,2266397,1.0,1,1,1,5.0,,0.0,0,1949.0,B01,138Â 202Â 667,1.0,0.0,-1.0,1729974,2.0,7,,0.0,2.0,4.0,B01,138Â 202Â 667,1.0
1013460,201900054991,6,7,11:40,1,2,1,1.0,2.0,75117,BOULEVARD PERIPHERIQUE,M,"48,8895910","2,2974170",75,2019,50.0,1.0,1.0,4.0,2266397,1.0,1,1,1,5.0,,0.0,0,1949.0,B01,138Â 202Â 667,1.0,0.0,-1.0,1729975,2.0,32,,0.0,2.0,1.0,A01,138Â 202Â 668,1.0
1013460,201900054991,6,7,11:40,1,2,1,1.0,2.0,75117,BOULEVARD PERIPHERIQUE,M,"48,8895910","2,2974170",75,2019,50.0,1.0,1.0,4.0,2266398,1.0,1,4,1,4.0,,0.0,0,2000.0,A01,138Â 202Â 668,2.0,6.0,-1.0,1729974,2.0,7,,0.0,2.0,4.0,B01,138Â 202Â 667,1.0
1013460,201900054991,6,7,11:40,1,2,1,1.0,2.0,75117,BOULEVARD PERIPHERIQUE,M,"48,8895910","2,2974170",75,2019,50.0,1.0,1.0,4.0,2266398,1.0,1,4,1,4.0,,0.0,0,2000.0,A01,138Â 202Â 668,2.0,6.0,-1.0,1729975,2.0,32,,0.0,2.0,1.0,A01,138Â 202Â 668,1.0
1013461,201900054992,2,14,16:00,1,2,7,1.0,6.0,91421,EUROPE (PLACE DE L'),M,"48,7046300","2,4536400",91,2019,30.0,1.0,1.0,6.0,2266399,10.0,3,4,2,2.0,,8.0,9,1999.0,A01,138Â 202Â 666,8.0,0.0,-1.0,1729976,0.0,10,,0.0,1.0,6.0,A01,138Â 202Â 666,0.0
1013461,201900054992,2,14,16:00,1,2,7,1.0,6.0,91421,EUROPE (PLACE DE L'),M,"48,7046300","2,4536400",91,2019,30.0,1.0,1.0,6.0,2266400,1.0,1,1,1,4.0,,-1.0, -1,1971.0,A01,138Â 202Â 666,1.0,0.0,-1.0,1729976,0.0,10,,0.0,1.0,6.0,A01,138Â 202Â 666,0.0
1013462,201900054993,6,7,09:00,1,2,1,1.0,4.0,75120,PORTE DES LILAS,M,"48,8714470","2,4132320",75,2019,70.0,1.0,1.0,4.0,2266401,1.0,1,1,1,5.0,,0.0,0,1991.0,A01,138Â 202Â 663,2.0,6.0,-1.0,1729977,2.0,31,,0.0,2.0,3.0,A01,138Â 202Â 663,1.0
1013462,201900054993,6,7,09:00,1,2,1,1.0,4.0,75120,PORTE DES LILAS,M,"48,8714470","2,4132320",75,2019,70.0,1.0,1.0,4.0,2266401,1.0,1,1,1,5.0,,0.0,0,1991.0,A01,138Â 202Â 663,2.0,6.0,-1.0,1729978,2.0,31,,0.0,2.0,5.0,B01,138Â 202Â 664,1.0
1013462,201900054993,6,7,09:00,1,2,1,1.0,4.0,75120,PORTE DES LILAS,M,"48,8714470","2,4132320",75,2019,70.0,1.0,1.0,4.0,2266401,1.0,1,1,1,5.0,,0.0,0,1991.0,A01,138Â 202Â 663,2.0,6.0,-1.0,1729979,2.0,7,,0.0,2.0,5.0,C01,138Â 202Â 665,1.0
1013462,201900054993,6,7,09:00,1,2,1,1.0,4.0,75120,PORTE DES LILAS,M,"48,8714470","2,4132320",75,2019,70.0,1.0,1.0,4.0,2266402,2.0,2,3,2,1.0,,0.0,0,1991.0,B01,138Â 202Â 664,2.0,6.0,-1.0,1729977,2.0,31,,0.0,2.0,3.0,A01,138Â 202Â 663,1.0
1013462,201900054993,6,7,09:00,1,2,1,1.0,4.0,75120,PORTE DES LILAS,M,"48,8714470","2,4132320",75,2019,70.0,1.0,1.0,4.0,2266402,2.0,2,3,2,1.0,,0.0,0,1991.0,B01,138Â 202Â 664,2.0,6.0,-1.0,1729978,2.0,31,,0.0,2.0,5.0,B01,138Â 202Â 664,1.0
1013462,201900054993,6,7,09:00,1,2,1,1.0,4.0,75120,PORTE DES LILAS,M,"48,8714470","2,4132320",75,2019,70.0,1.0,1.0,4.0,2266402,2.0,2,3,2,1.0,,0.0,0,1991.0,B01,138Â 202Â 664,2.0,6.0,-1.0,1729979,2.0,7,,0.0,2.0,5.0,C01,138Â 202Â 665,1.0
1013462,201900054993,6,7,09:00,1,2,1,1.0,4.0,75120,PORTE DES LILAS,M,"48,8714470","2,4132320",75,2019,70.0,1.0,1.0,4.0,2266403,1.0,1,1,1,1.0,,0.0,0,1986.0,B01,138Â 202Â 664,2.0,6.0,-1.0,1729977,2.0,31,,0.0,2.0,3.0,A01,138Â 202Â 663,1.0
1013462,201900054993,6,7,09:00,1,2,1,1.0,4.0,75120,PORTE DES LILAS,M,"48,8714470","2,4132320",75,2019,70.0,1.0,1.0,4.0,2266403,1.0,1,1,1,1.0,,0.0,0,1986.0,B01,138Â 202Â 664,2.0,6.0,-1.0,1729978,2.0,31,,0.0,2.0,5.0,B01,138Â 202Â 664,1.0
1013462,201900054993,6,7,09:00,1,2,1,1.0,4.0,75120,PORTE DES LILAS,M,"48,8714470","2,4132320",75,2019,70.0,1.0,1.0,4.0,2266403,1.0,1,1,1,1.0,,0.0,0,1986.0,B01,138Â 202Â 664,2.0,6.0,-1.0,1729979,2.0,7,,0.0,2.0,5.0,C01,138Â 202Â 665,1.0
1013462,201900054993,6,7,09:00,1,2,1,1.0,4.0,75120,PORTE DES LILAS,M,"48,8714470","2,4132320",75,2019,70.0,1.0,1.0,4.0,2266404,1.0,1,1,1,1.0,,0.0,0,1980.0,C01,138Â 202Â 665,1.0,4.0,-1.0,1729977,2.0,31,,0.0,2.0,3.0,A01,138Â 202Â 663,1.0
1013462,201900054993,6,7,09:00,1,2,1,1.0,4.0,75120,PORTE DES LILAS,M,"48,8714470","2,4132320",75,2019,70.0,1.0,1.0,4.0,2266404,1.0,1,1,1,1.0,,0.0,0,1980.0,C01,138Â 202Â 665,1.0,4.0,-1.0,1729978,2.0,31,,0.0,2.0,5.0,B01,138Â 202Â 664,1.0
1013462,201900054993,6,7,09:00,1,2,1,1.0,4.0,75120,PORTE DES LILAS,M,"48,8714470","2,4132320",75,2019,70.0,1.0,1.0,4.0,2266404,1.0,1,1,1,1.0,,0.0,0,1980.0,C01,138Â 202Â 665,1.0,4.0,-1.0,1729979,2.0,7,,0.0,2.0,5.0,C01,138Â 202Â 665,1.0
1013463,201900054994,2,14,12:00,1,2,1,7.0,6.0,91691,CONCY(RUE),M,"48,7095100","2,4842900",91,2019,50.0,1.0,1.0,4.0,2266405,10.0,3,4,1,3.0,,3.0,3,1929.0,A01,138Â 202Â 662,8.0,0.0,-1.0,1729980,1.0,7,,0.0,1.0,2.0,A01,138Â 202Â 662,1.0
1013463,201900054994,2,14,12:00,1,2,1,7.0,6.0,91691,CONCY(RUE),M,"48,7095100","2,4842900",91,2019,50.0,1.0,1.0,4.0,2266406,1.0,1,1,2,0.0,,-1.0, -1,1989.0,A01,138Â 202Â 662,1.0,0.0,-1.0,1729980,1.0,7,,0.0,1.0,2.0,A01,138Â 202Â 662,1.0
1013464,201900054995,6,7,04:40,5,2,4,1.0,7.0,75112,QUAI DE BERCY,M,"48,8283980","2,3883380",75,2019,50.0,1.0,1.0,4.0,2266407,1.0,1,3,1,1.0,,0.0,0,1997.0,A01,138Â 202Â 661,2.0,6.0,-1.0,1729981,1.0,33,,0.0,0.0,0.0,A01,138Â 202Â 661,1.0
1013465,201900054996,6,6,16:45,1,2,1,1.0,4.0,75116,PORTE DAUPHINE,M,"48,8719930","2,2740200",75,2019,70.0,1.0,1.0,4.0,2266408,1.0,1,1,1,5.0,,0.0,0,1995.0,B01,138Â 202Â 658,1.0,8.0,-1.0,1729982,1.0,7,,0.0,2.0,7.0,B01,138Â 202Â 658,1.0
1013465,201900054996,6,6,16:45,1,2,1,1.0,4.0,75116,PORTE DAUPHINE,M,"48,8719930","2,2740200",75,2019,70.0,1.0,1.0,4.0,2266408,1.0,1,1,1,5.0,,0.0,0,1995.0,B01,138Â 202Â 658,1.0,8.0,-1.0,1729983,1.0,34,,0.0,2.0,8.0,A01,138Â 202Â 659,1.0
1013465,201900054996,6,6,16:45,1,2,1,1.0,4.0,75116,PORTE DAUPHINE,M,"48,8719930","2,2740200",75,2019,70.0,1.0,1.0,4.0,2266408,1.0,1,1,1,5.0,,0.0,0,1995.0,B01,138Â 202Â 658,1.0,8.0,-1.0,1729984,1.0,7,,0.0,2.0,4.0,C01,138Â 202Â 660,1.0
1013465,201900054996,6,6,16:45,1,2,1,1.0,4.0,75116,PORTE DAUPHINE,M,"48,8719930","2,2740200",75,2019,70.0,1.0,1.0,4.0,2266409,1.0,1,4,1,5.0,,0.0,0,1985.0,A01,138Â 202Â 659,2.0,6.0,-1.0,1729982,1.0,7,,0.0,2.0,7.0,B01,138Â 202Â 658,1.0
1013465,201900054996,6,6,16:45,1,2,1,1.0,4.0,75116,PORTE DAUPHINE,M,"48,8719930","2,2740200",75,2019,70.0,1.0,1.0,4.0,2266409,1.0,1,4,1,5.0,,0.0,0,1985.0,A01,138Â 202Â 659,2.0,6.0,-1.0,1729983,1.0,34,,0.0,2.0,8.0,A01,138Â 202Â 659,1.0
1013465,201900054996,6,6,16:45,1,2,1,1.0,4.0,75116,PORTE DAUPHINE,M,"48,8719930","2,2740200",75,2019,70.0,1.0,1.0,4.0,2266409,1.0,1,4,1,5.0,,0.0,0,1985.0,A01,138Â 202Â 659,2.0,6.0,-1.0,1729984,1.0,7,,0.0,2.0,4.0,C01,138Â 202Â 660,1.0
1013465,201900054996,6,6,16:45,1,2,1,1.0,4.0,75116,PORTE DAUPHINE,M,"48,8719930","2,2740200",75,2019,70.0,1.0,1.0,4.0,2266410,1.0,1,1,1,5.0,,0.0,0,1968.0,C01,138Â 202Â 660,1.0,4.0,-1.0,1729982,1.0,7,,0.0,2.0,7.0,B01,138Â 202Â 658,1.0
1013465,201900054996,6,6,16:45,1,2,1,1.0,4.0,75116,PORTE DAUPHINE,M,"48,8719930","2,2740200",75,2019,70.0,1.0,1.0,4.0,2266410,1.0,1,1,1,5.0,,0.0,0,1968.0,C01,138Â 202Â 660,1.0,4.0,-1.0,1729983,1.0,34,,0.0,2.0,8.0,A01,138Â 202Â 659,1.0
1013465,201900054996,6,6,16:45,1,2,1,1.0,4.0,75116,PORTE DAUPHINE,M,"48,8719930","2,2740200",75,2019,70.0,1.0,1.0,4.0,2266410,1.0,1,1,1,5.0,,0.0,0,1968.0,C01,138Â 202Â 660,1.0,4.0,-1.0,1729984,1.0,7,,0.0,2.0,4.0,C01,138Â 202Â 660,1.0
1013466,201900054997,6,6,08:30,1,2,1,1.0,3.0,75120,PORTE DE BAGNOLET,M,"48,8617120","2,4136970",75,2019,70.0,1.0,1.0,4.0,2266411,1.0,1,1,1,4.0,,0.0,0,1956.0,A01,138Â 202Â 656,1.0,0.0,-1.0,1729985,1.0,10,,0.0,2.0,7.0,A01,138Â 202Â 656,1.0
1013466,201900054997,6,6,08:30,1,2,1,1.0,3.0,75120,PORTE DE BAGNOLET,M,"48,8617120","2,4136970",75,2019,70.0,1.0,1.0,4.0,2266411,1.0,1,1,1,4.0,,0.0,0,1956.0,A01,138Â 202Â 656,1.0,0.0,-1.0,1729986,1.0,33,,0.0,2.0,3.0,B01,138Â 202Â 657,1.0
1013466,201900054997,6,6,08:30,1,2,1,1.0,3.0,75120,PORTE DE BAGNOLET,M,"48,8617120","2,4136970",75,2019,70.0,1.0,1.0,4.0,2266412,1.0,1,4,2,1.0,,0.0,0,1991.0,B01,138Â 202Â 657,2.0,0.0,-1.0,1729985,1.0,10,,0.0,2.0,7.0,A01,138Â 202Â 656,1.0
1013466,201900054997,6,6,08:30,1,2,1,1.0,3.0,75120,PORTE DE BAGNOLET,M,"48,8617120","2,4136970",75,2019,70.0,1.0,1.0,4.0,2266412,1.0,1,4,2,1.0,,0.0,0,1991.0,B01,138Â 202Â 657,2.0,0.0,-1.0,1729986,1.0,33,,0.0,2.0,3.0,B01,138Â 202Â 657,1.0