Unnamed: 0_x,num_acc,mois,jour,hrmn,lum,agg,int,atm,col,com,adr,gps,lat,long,dep,annee,vma,situ,surf,catr,Unnamed: 0_y,place,catu,grav,sexe,trajet,secu,locp,actp,an_nais,num_veh_x,id_vehicule_x,secu1,secu2,secu3,Unnamed: 0,senc,catv,occutc,obs,obsm,choc,num_veh_y,id_vehicule_y,motor
1013467,201900054998,6,4,09:40,1,2,1,1.0,2.0,75118,ECHANGEUR SAINT OUEN,M,"48,9007580","2,3371890",75,2019,70.0,1.0,1.0,4.0,2266413,1.0,1,4,2,4.0,,0.0,0,1985.0,A01,138Â 202Â 653,1.0,0.0,-1.0,1729987,1.0,7,,0.0,2.0,1.0,A01,138Â 202Â 653,1.0
1013467,201900054998,6,4,09:40,1,2,1,1.0,2.0,75118,ECHANGEUR SAINT OUEN,M,"48,9007580","2,3371890",75,2019,70.0,1.0,1.0,4.0,2266413,1.0,1,4,2,4.0,,0.0,0,1985.0,A01,138Â 202Â 653,1.0,0.0,-1.0,1729988,1.0,7,,0.0,2.0,4.0,B01,138Â 202Â 654,1.0
1013467,201900054998,6,4,09:40,1,2,1,1.0,2.0,75118,ECHANGEUR SAINT OUEN,M,"48,9007580","2,3371890",75,2019,70.0,1.0,1.0,4.0,2266414,1.0,1,1,2,1.0,,0.0,0,1986.0,B01,138Â 202Â 654,1.0,0.0,-1.0,1729987,1.0,7,,0.0,2.0,1.0,A01,138Â 202Â 653,1.0
1013467,201900054998,6,4,09:40,1,2,1,1.0,2.0,75118,ECHANGEUR SAINT OUEN,M,"48,9007580","2,3371890",75,2019,70.0,1.0,1.0,4.0,2266414,1.0,1,1,2,1.0,,0.0,0,1986.0,B01,138Â 202Â 654,1.0,0.0,-1.0,1729988,1.0,7,,0.0,2.0,4.0,B01,138Â 202Â 654,1.0
1013468,201900054999,2,17,15:00,1,2,2,1.0,6.0,91326,COUR DE FRANCE (AVENUE DE LA),M,"48,6845690","2,3752060",91,2019,50.0,1.0,1.0,2.0,2266415,10.0,3,4,2,5.0,,4.0,3,1969.0,A01,138Â 202Â 651,8.0,0.0,-1.0,1729989,1.0,7,,0.0,1.0,2.0,A01,138Â 202Â 651,1.0
1013468,201900054999,2,17,15:00,1,2,2,1.0,6.0,91326,COUR DE FRANCE (AVENUE DE LA),M,"48,6845690","2,3752060",91,2019,50.0,1.0,1.0,2.0,2266416,1.0,1,1,1,5.0,,0.0,0,1953.0,A01,138Â 202Â 651,1.0,0.0,-1.0,1729989,1.0,7,,0.0,1.0,2.0,A01,138Â 202Â 651,1.0
1013469,201900055000,6,3,17:00,1,2,1,1.0,2.0,75119,PORTE D AUBERVILLIERS,M,"48,9003680","2,3751870",75,2019,70.0,1.0,1.0,4.0,2266417,1.0,1,4,1,1.0,,0.0,0,1982.0,A01,138Â 202Â 650,2.0,6.0,-1.0,1729990,1.0,34,,0.0,2.0,1.0,A01,138Â 202Â 650,1.0
1013469,201900055000,6,3,17:00,1,2,1,1.0,2.0,75119,PORTE D AUBERVILLIERS,M,"48,9003680","2,3751870",75,2019,70.0,1.0,1.0,4.0,2266417,1.0,1,4,1,1.0,,0.0,0,1982.0,A01,138Â 202Â 650,2.0,6.0,-1.0,1729991,1.0,7,,0.0,2.0,4.0,B01,138Â 202Â 652,1.0
1013469,201900055000,6,3,17:00,1,2,1,1.0,2.0,75119,PORTE D AUBERVILLIERS,M,"48,9003680","2,3751870",75,2019,70.0,1.0,1.0,4.0,2266418,1.0,1,1,1,5.0,,0.0,0,1990.0,B01,138Â 202Â 652,1.0,8.0,-1.0,1729990,1.0,34,,0.0,2.0,1.0,A01,138Â 202Â 650,1.0
1013469,201900055000,6,3,17:00,1,2,1,1.0,2.0,75119,PORTE D AUBERVILLIERS,M,"48,9003680","2,3751870",75,2019,70.0,1.0,1.0,4.0,2266418,1.0,1,1,1,5.0,,0.0,0,1990.0,B01,138Â 202Â 652,1.0,8.0,-1.0,1729991,1.0,7,,0.0,2.0,4.0,B01,138Â 202Â 652,1.0
1013470,201900055001,2,11,19:10,5,2,1,1.0,6.0,91228,PASCAL (COURS BLAISE),M,"48,6268100","2,4301000",91,2019,50.0,1.0,1.0,4.0,2266419,1.0,1,1,1,9.0,,0.0,0,1996.0,A01,138Â 202Â 649,1.0,0.0,-1.0,1729992,1.0,7,,0.0,1.0,3.0,A01,138Â 202Â 649,5.0
1013470,201900055001,2,11,19:10,5,2,1,1.0,6.0,91228,PASCAL (COURS BLAISE),M,"48,6268100","2,4301000",91,2019,50.0,1.0,1.0,4.0,2266420,10.0,3,3,1,0.0,,3.0,3,1982.0,A01,138Â 202Â 649,8.0,0.0,-1.0,1729992,1.0,7,,0.0,1.0,3.0,A01,138Â 202Â 649,5.0
1013471,201900055002,6,1,19:40,1,2,1,1.0,2.0,75112,PORTE DE CHARENTON,M,"48,8308070","2,4031540",75,2019,70.0,1.0,1.0,4.0,2266421,1.0,1,1,1,9.0,,-1.0, -1,1974.0,A01,138Â 202Â 647,1.0,0.0,-1.0,1729993,2.0,7,,0.0,2.0,1.0,A01,138Â 202Â 647,1.0
1013471,201900055002,6,1,19:40,1,2,1,1.0,2.0,75112,PORTE DE CHARENTON,M,"48,8308070","2,4031540",75,2019,70.0,1.0,1.0,4.0,2266421,1.0,1,1,1,9.0,,-1.0, -1,1974.0,A01,138Â 202Â 647,1.0,0.0,-1.0,1729994,2.0,7,,0.0,2.0,4.0,B01,138Â 202Â 648,1.0
1013471,201900055002,6,1,19:40,1,2,1,1.0,2.0,75112,PORTE DE CHARENTON,M,"48,8308070","2,4031540",75,2019,70.0,1.0,1.0,4.0,2266422,4.0,2,1,2,5.0,,0.0,0,2018.0,B01,138Â 202Â 648,1.0,0.0,-1.0,1729993,2.0,7,,0.0,2.0,1.0,A01,138Â 202Â 647,1.0
1013471,201900055002,6,1,19:40,1,2,1,1.0,2.0,75112,PORTE DE CHARENTON,M,"48,8308070","2,4031540",75,2019,70.0,1.0,1.0,4.0,2266422,4.0,2,1,2,5.0,,0.0,0,2018.0,B01,138Â 202Â 648,1.0,0.0,-1.0,1729994,2.0,7,,0.0,2.0,4.0,B01,138Â 202Â 648,1.0
1013471,201900055002,6,1,19:40,1,2,1,1.0,2.0,75112,PORTE DE CHARENTON,M,"48,8308070","2,4031540",75,2019,70.0,1.0,1.0,4.0,2266423,1.0,1,1,1,5.0,,0.0,0,1985.0,B01,138Â 202Â 648,1.0,0.0,-1.0,1729993,2.0,7,,0.0,2.0,1.0,A01,138Â 202Â 647,1.0
1013471,201900055002,6,1,19:40,1,2,1,1.0,2.0,75112,PORTE DE CHARENTON,M,"48,8308070","2,4031540",75,2019,70.0,1.0,1.0,4.0,2266423,1.0,1,1,1,5.0,,0.0,0,1985.0,B01,138Â 202Â 648,1.0,0.0,-1.0,1729994,2.0,7,,0.0,2.0,4.0,B01,138Â 202Â 648,1.0
1013471,201900055002,6,1,19:40,1,2,1,1.0,2.0,75112,PORTE DE CHARENTON,M,"48,8308070","2,4031540",75,2019,70.0,1.0,1.0,4.0,2266424,2.0,2,4,2,5.0,,0.0,0,1987.0,B01,138Â 202Â 648,1.0,0.0,-1.0,1729993,2.0,7,,0.0,2.0,1.0,A01,138Â 202Â 647,1.0
1013471,201900055002,6,1,19:40,1,2,1,1.0,2.0,75112,PORTE DE CHARENTON,M,"48,8308070","2,4031540",75,2019,70.0,1.0,1.0,4.0,2266424,2.0,2,4,2,5.0,,0.0,0,1987.0,B01,138Â 202Â 648,1.0,0.0,-1.0,1729994,2.0,7,,0.0,2.0,4.0,B01,138Â 202Â 648,1.0
1013471,201900055002,6,1,19:40,1,2,1,1.0,2.0,75112,PORTE DE CHARENTON,M,"48,8308070","2,4031540",75,2019,70.0,1.0,1.0,4.0,2266425,3.0,2,1,2,5.0,,0.0,0,2016.0,B01,138Â 202Â 648,1.0,0.0,-1.0,1729993,2.0,7,,0.0,2.0,1.0,A01,138Â 202Â 647,1.0
1013471,201900055002,6,1,19:40,1,2,1,1.0,2.0,75112,PORTE DE CHARENTON,M,"48,8308070","2,4031540",75,2019,70.0,1.0,1.0,4.0,2266425,3.0,2,1,2,5.0,,0.0,0,2016.0,B01,138Â 202Â 648,1.0,0.0,-1.0,1729994,2.0,7,,0.0,2.0,4.0,B01,138Â 202Â 648,1.0
1013472,201900055003,6,1,11:20,1,2,1,1.0,6.0,75118,BOULEVARD PERIPHERIQUE,M,"48,9010410","2,3507640",75,2019,70.0,1.0,1.0,4.0,2266426,1.0,1,4,1,1.0,,-1.0, -1,1993.0,A01,138Â 202Â 644,2.0,8.0,-1.0,1729995,1.0,33,,0.0,2.0,7.0,A01,138Â 202Â 644,1.0
1013472,201900055003,6,1,11:20,1,2,1,1.0,6.0,75118,BOULEVARD PERIPHERIQUE,M,"48,9010410","2,3507640",75,2019,70.0,1.0,1.0,4.0,2266426,1.0,1,4,1,1.0,,-1.0, -1,1993.0,A01,138Â 202Â 644,2.0,8.0,-1.0,1729996,1.0,7,,0.0,2.0,8.0,Z01,138Â 202Â 645,0.0
1013473,201900055004,2,13,17:30,1,1,1,1.0,3.0,91223,R.N.20,M,"48,4378800","2,1637900",91,2019,90.0,1.0,1.0,2.0,2266427,1.0,1,1,1,4.0,,0.0,0,1967.0,A01,138Â 202Â 643,1.0,8.0,-1.0,1729997,1.0,17,,0.0,2.0,7.0,A01,138Â 202Â 643,1.0
1013473,201900055004,2,13,17:30,1,1,1,1.0,3.0,91223,R.N.20,M,"48,4378800","2,1637900",91,2019,90.0,1.0,1.0,2.0,2266427,1.0,1,1,1,4.0,,0.0,0,1967.0,A01,138Â 202Â 643,1.0,8.0,-1.0,1729998,0.0,7,,0.0,2.0,9.0,B01,138Â 202Â 646,1.0
1013473,201900055004,2,13,17:30,1,1,1,1.0,3.0,91223,R.N.20,M,"48,4378800","2,1637900",91,2019,90.0,1.0,1.0,2.0,2266428,1.0,1,4,2,0.0,,0.0,0,1999.0,B01,138Â 202Â 646,1.0,8.0,-1.0,1729997,1.0,17,,0.0,2.0,7.0,A01,138Â 202Â 643,1.0
1013473,201900055004,2,13,17:30,1,1,1,1.0,3.0,91223,R.N.20,M,"48,4378800","2,1637900",91,2019,90.0,1.0,1.0,2.0,2266428,1.0,1,4,2,0.0,,0.0,0,1999.0,B01,138Â 202Â 646,1.0,8.0,-1.0,1729998,0.0,7,,0.0,2.0,9.0,B01,138Â 202Â 646,1.0
1013474,201900055005,5,29,23:40,5,2,1,1.0,3.0,75119,BOULEVARD PERIPHERIQUE,M,"48,8900100","2,3960560",75,2019,70.0,1.0,1.0,4.0,2266429,1.0,1,4,1,5.0,,0.0,0,1995.0,A01,138Â 202Â 641,2.0,6.0,-1.0,1729999,1.0,33,,0.0,2.0,2.0,A01,138Â 202Â 641,1.0
1013474,201900055005,5,29,23:40,5,2,1,1.0,3.0,75119,BOULEVARD PERIPHERIQUE,M,"48,8900100","2,3960560",75,2019,70.0,1.0,1.0,4.0,2266429,1.0,1,4,1,5.0,,0.0,0,1995.0,A01,138Â 202Â 641,2.0,6.0,-1.0,1730000,1.0,7,,0.0,2.0,6.0,B01,138Â 202Â 642,1.0
1013474,201900055005,5,29,23:40,5,2,1,1.0,3.0,75119,BOULEVARD PERIPHERIQUE,M,"48,8900100","2,3960560",75,2019,70.0,1.0,1.0,4.0,2266430,1.0,1,1,2,5.0,,0.0,0,1997.0,B01,138Â 202Â 642,1.0,0.0,-1.0,1729999,1.0,33,,0.0,2.0,2.0,A01,138Â 202Â 641,1.0
1013474,201900055005,5,29,23:40,5,2,1,1.0,3.0,75119,BOULEVARD PERIPHERIQUE,M,"48,8900100","2,3960560",75,2019,70.0,1.0,1.0,4.0,2266430,1.0,1,1,2,5.0,,0.0,0,1997.0,B01,138Â 202Â 642,1.0,0.0,-1.0,1730000,1.0,7,,0.0,2.0,6.0,B01,138Â 202Â 642,1.0
1013475,201900055006,5,29,14:00,1,2,1,1.0,3.0,75112,BOULEVARD PERIPHERIQUE,M,"48,8320220","2,4048750",75,2019,70.0,1.0,1.0,4.0,2266431,1.0,1,4,1,5.0,,0.0,0,1971.0,B01,138Â 202Â 637,2.0,6.0,-1.0,1730001,1.0,33,,4.0,2.0,7.0,B01,138Â 202Â 637,1.0
1013475,201900055006,5,29,14:00,1,2,1,1.0,3.0,75112,BOULEVARD PERIPHERIQUE,M,"48,8320220","2,4048750",75,2019,70.0,1.0,1.0,4.0,2266431,1.0,1,4,1,5.0,,0.0,0,1971.0,B01,138Â 202Â 637,2.0,6.0,-1.0,1730002,1.0,10,,0.0,2.0,3.0,A01,138Â 202Â 638,1.0
1013475,201900055006,5,29,14:00,1,2,1,1.0,3.0,75112,BOULEVARD PERIPHERIQUE,M,"48,8320220","2,4048750",75,2019,70.0,1.0,1.0,4.0,2266432,1.0,1,1,1,4.0,,0.0,0,1966.0,A01,138Â 202Â 638,1.0,0.0,-1.0,1730001,1.0,33,,4.0,2.0,7.0,B01,138Â 202Â 637,1.0
1013475,201900055006,5,29,14:00,1,2,1,1.0,3.0,75112,BOULEVARD PERIPHERIQUE,M,"48,8320220","2,4048750",75,2019,70.0,1.0,1.0,4.0,2266432,1.0,1,1,1,4.0,,0.0,0,1966.0,A01,138Â 202Â 638,1.0,0.0,-1.0,1730002,1.0,10,,0.0,2.0,3.0,A01,138Â 202Â 638,1.0
1013476,201900055007,5,28,07:10,1,2,1,1.0,3.0,75119,BOULEVARD PERIPHERIQUE,M,"48,8849220","2,3982760",75,2019,70.0,1.0,1.0,4.0,2266433,1.0,1,4,1,4.0,,-1.0, -1,1994.0,A01,138Â 202Â 633,2.0,6.0,-1.0,1730003,2.0,31,,0.0,2.0,1.0,A01,138Â 202Â 633,1.0
1013476,201900055007,5,28,07:10,1,2,1,1.0,3.0,75119,BOULEVARD PERIPHERIQUE,M,"48,8849220","2,3982760",75,2019,70.0,1.0,1.0,4.0,2266433,1.0,1,4,1,4.0,,-1.0, -1,1994.0,A01,138Â 202Â 633,2.0,6.0,-1.0,1730004,2.0,10,,0.0,2.0,4.0,B01,138Â 202Â 634,1.0
1013476,201900055007,5,28,07:10,1,2,1,1.0,3.0,75119,BOULEVARD PERIPHERIQUE,M,"48,8849220","2,3982760",75,2019,70.0,1.0,1.0,4.0,2266434,1.0,1,1,1,4.0,,0.0,0,1971.0,B01,138Â 202Â 634,1.0,0.0,-1.0,1730003,2.0,31,,0.0,2.0,1.0,A01,138Â 202Â 633,1.0
1013476,201900055007,5,28,07:10,1,2,1,1.0,3.0,75119,BOULEVARD PERIPHERIQUE,M,"48,8849220","2,3982760",75,2019,70.0,1.0,1.0,4.0,2266434,1.0,1,1,1,4.0,,0.0,0,1971.0,B01,138Â 202Â 634,1.0,0.0,-1.0,1730004,2.0,10,,0.0,2.0,4.0,B01,138Â 202Â 634,1.0
1013477,201900055008,6,19,13:02,1,2,2,1.0,3.0,75104,QUAI HENRI IV,M,"48,8507810","2,3614280",75,2019,50.0,5.0,1.0,4.0,2266435,1.0,1,1,1,4.0,,0.0,0,1961.0,A01,138Â 202Â 631,1.0,8.0,-1.0,1730005,1.0,7,,0.0,2.0,5.0,A01,138Â 202Â 631,1.0
1013477,201900055008,6,19,13:02,1,2,2,1.0,3.0,75104,QUAI HENRI IV,M,"48,8507810","2,3614280",75,2019,50.0,5.0,1.0,4.0,2266435,1.0,1,1,1,4.0,,0.0,0,1961.0,A01,138Â 202Â 631,1.0,8.0,-1.0,1730006,3.0,1,,0.0,2.0,1.0,B01,138Â 202Â 632,5.0
1013477,201900055008,6,19,13:02,1,2,2,1.0,3.0,75104,QUAI HENRI IV,M,"48,8507810","2,3614280",75,2019,50.0,5.0,1.0,4.0,2266436,1.0,1,3,2,9.0,,0.0,0,1961.0,B01,138Â 202Â 632,8.0,0.0,-1.0,1730005,1.0,7,,0.0,2.0,5.0,A01,138Â 202Â 631,1.0
1013477,201900055008,6,19,13:02,1,2,2,1.0,3.0,75104,QUAI HENRI IV,M,"48,8507810","2,3614280",75,2019,50.0,5.0,1.0,4.0,2266436,1.0,1,3,2,9.0,,0.0,0,1961.0,B01,138Â 202Â 632,8.0,0.0,-1.0,1730006,3.0,1,,0.0,2.0,1.0,B01,138Â 202Â 632,5.0
1013478,201900055009,6,17,11:20,1,2,1,1.0,2.0,75116,BOULEVARD PERIPHERIQUE INTERIEUR OUEST,M,"48,8665240","2,2687920",75,2019,70.0,1.0,1.0,4.0,2266437,1.0,1,1,1,4.0,,0.0,0,1973.0,A01,138Â 202Â 629,8.0,0.0,-1.0,1730007,1.0,7,,0.0,2.0,4.0,A01,138Â 202Â 629,1.0
1013478,201900055009,6,17,11:20,1,2,1,1.0,2.0,75116,BOULEVARD PERIPHERIQUE INTERIEUR OUEST,M,"48,8665240","2,2687920",75,2019,70.0,1.0,1.0,4.0,2266437,1.0,1,1,1,4.0,,0.0,0,1973.0,A01,138Â 202Â 629,8.0,0.0,-1.0,1730008,1.0,32,,0.0,2.0,1.0,B01,138Â 202Â 630,1.0
1013478,201900055009,6,17,11:20,1,2,1,1.0,2.0,75116,BOULEVARD PERIPHERIQUE INTERIEUR OUEST,M,"48,8665240","2,2687920",75,2019,70.0,1.0,1.0,4.0,2266438,1.0,1,3,1,9.0,,0.0,0,1968.0,B01,138Â 202Â 630,2.0,0.0,-1.0,1730007,1.0,7,,0.0,2.0,4.0,A01,138Â 202Â 629,1.0
1013478,201900055009,6,17,11:20,1,2,1,1.0,2.0,75116,BOULEVARD PERIPHERIQUE INTERIEUR OUEST,M,"48,8665240","2,2687920",75,2019,70.0,1.0,1.0,4.0,2266438,1.0,1,3,1,9.0,,0.0,0,1968.0,B01,138Â 202Â 630,2.0,0.0,-1.0,1730008,1.0,32,,0.0,2.0,1.0,B01,138Â 202Â 630,1.0
1013479,201900055010,6,15,09:16,1,2,3,1.0,6.0,75119,RUE DE LA CLOTURE,M,"48,8970160","2,3924250",75,2019,50.0,1.0,1.0,4.0,2266439,1.0,1,3,1,5.0,,0.0,0,1977.0,A01,138Â 202Â 628,2.0,6.0,-1.0,1730009,1.0,2,,12.0,0.0,1.0,A01,138Â 202Â 628,1.0
1013480,201900055011,2,15,08:30,1,2,1,1.0,2.0,91027,MITTERAND (AVENUE FRANCOIS) NÂ° 2 A 110,M,"48,7019500","2,3716600",91,2019,50.0,1.0,1.0,2.0,2266440,1.0,1,4,1,1.0,,0.0,0,1975.0,A01,138Â 202Â 625,1.0,0.0,-1.0,1730010,2.0,10,,0.0,2.0,1.0,A01,138Â 202Â 625,1.0
1013480,201900055011,2,15,08:30,1,2,1,1.0,2.0,91027,MITTERAND (AVENUE FRANCOIS) NÂ° 2 A 110,M,"48,7019500","2,3716600",91,2019,50.0,1.0,1.0,2.0,2266440,1.0,1,4,1,1.0,,0.0,0,1975.0,A01,138Â 202Â 625,1.0,0.0,-1.0,1730011,2.0,10,,0.0,2.0,4.0,B01,138Â 202Â 627,1.0
1013480,201900055011,2,15,08:30,1,2,1,1.0,2.0,91027,MITTERAND (AVENUE FRANCOIS) NÂ° 2 A 110,M,"48,7019500","2,3716600",91,2019,50.0,1.0,1.0,2.0,2266441,2.0,2,1,2,1.0,,0.0,0,1962.0,B01,138Â 202Â 627,1.0,0.0,-1.0,1730010,2.0,10,,0.0,2.0,1.0,A01,138Â 202Â 625,1.0
1013480,201900055011,2,15,08:30,1,2,1,1.0,2.0,91027,MITTERAND (AVENUE FRANCOIS) NÂ° 2 A 110,M,"48,7019500","2,3716600",91,2019,50.0,1.0,1.0,2.0,2266441,2.0,2,1,2,1.0,,0.0,0,1962.0,B01,138Â 202Â 627,1.0,0.0,-1.0,1730011,2.0,10,,0.0,2.0,4.0,B01,138Â 202Â 627,1.0
1013480,201900055011,2,15,08:30,1,2,1,1.0,2.0,91027,MITTERAND (AVENUE FRANCOIS) NÂ° 2 A 110,M,"48,7019500","2,3716600",91,2019,50.0,1.0,1.0,2.0,2266442,1.0,1,1,1,1.0,,0.0,0,1968.0,B01,138Â 202Â 627,1.0,0.0,-1.0,1730010,2.0,10,,0.0,2.0,1.0,A01,138Â 202Â 625,1.0
1013480,201900055011,2,15,08:30,1,2,1,1.0,2.0,91027,MITTERAND (AVENUE FRANCOIS) NÂ° 2 A 110,M,"48,7019500","2,3716600",91,2019,50.0,1.0,1.0,2.0,2266442,1.0,1,1,1,1.0,,0.0,0,1968.0,B01,138Â 202Â 627,1.0,0.0,-1.0,1730011,2.0,10,,0.0,2.0,4.0,B01,138Â 202Â 627,1.0
1013481,201900055012,6,14,23:39,5,2,2,1.0,3.0,75107,QUAI D ORSAY,M,"48,8628470","2,3134420",75,2019,50.0,1.0,1.0,4.0,2266443,1.0,1,1,1,4.0,,0.0,0,1990.0,A01,138Â 202Â 624,1.0,0.0,-1.0,1730012,1.0,7,,0.0,2.0,7.0,A01,138Â 202Â 624,1.0
1013481,201900055012,6,14,23:39,5,2,2,1.0,3.0,75107,QUAI D ORSAY,M,"48,8628470","2,3134420",75,2019,50.0,1.0,1.0,4.0,2266443,1.0,1,1,1,4.0,,0.0,0,1990.0,A01,138Â 202Â 624,1.0,0.0,-1.0,1730013,1.0,2,,0.0,2.0,1.0,B01,138Â 202Â 626,1.0
1013481,201900055012,6,14,23:39,5,2,2,1.0,3.0,75107,QUAI D ORSAY,M,"48,8628470","2,3134420",75,2019,50.0,1.0,1.0,4.0,2266444,2.0,2,1,1,4.0,,0.0,0,1975.0,A01,138Â 202Â 624,1.0,0.0,-1.0,1730012,1.0,7,,0.0,2.0,7.0,A01,138Â 202Â 624,1.0
1013481,201900055012,6,14,23:39,5,2,2,1.0,3.0,75107,QUAI D ORSAY,M,"48,8628470","2,3134420",75,2019,50.0,1.0,1.0,4.0,2266444,2.0,2,1,1,4.0,,0.0,0,1975.0,A01,138Â 202Â 624,1.0,0.0,-1.0,1730013,1.0,2,,0.0,2.0,1.0,B01,138Â 202Â 626,1.0
1013481,201900055012,6,14,23:39,5,2,2,1.0,3.0,75107,QUAI D ORSAY,M,"48,8628470","2,3134420",75,2019,50.0,1.0,1.0,4.0,2266445,3.0,2,1,1,4.0,,0.0,0,1984.0,A01,138Â 202Â 624,1.0,0.0,-1.0,1730012,1.0,7,,0.0,2.0,7.0,A01,138Â 202Â 624,1.0
1013481,201900055012,6,14,23:39,5,2,2,1.0,3.0,75107,QUAI D ORSAY,M,"48,8628470","2,3134420",75,2019,50.0,1.0,1.0,4.0,2266445,3.0,2,1,1,4.0,,0.0,0,1984.0,A01,138Â 202Â 624,1.0,0.0,-1.0,1730013,1.0,2,,0.0,2.0,1.0,B01,138Â 202Â 626,1.0
1013481,201900055012,6,14,23:39,5,2,2,1.0,3.0,75107,QUAI D ORSAY,M,"48,8628470","2,3134420",75,2019,50.0,1.0,1.0,4.0,2266446,2.0,2,4,1,5.0,,0.0,0,2000.0,B01,138Â 202Â 626,2.0,6.0,-1.0,1730012,1.0,7,,0.0,2.0,7.0,A01,138Â 202Â 624,1.0
1013481,201900055012,6,14,23:39,5,2,2,1.0,3.0,75107,QUAI D ORSAY,M,"48,8628470","2,3134420",75,2019,50.0,1.0,1.0,4.0,2266446,2.0,2,4,1,5.0,,0.0,0,2000.0,B01,138Â 202Â 626,2.0,6.0,-1.0,1730013,1.0,2,,0.0,2.0,1.0,B01,138Â 202Â 626,1.0
1013481,201900055012,6,14,23:39,5,2,2,1.0,3.0,75107,QUAI D ORSAY,M,"48,8628470","2,3134420",75,2019,50.0,1.0,1.0,4.0,2266447,1.0,1,1,2,5.0,,0.0,0,2000.0,B01,138Â 202Â 626,2.0,6.0,-1.0,1730012,1.0,7,,0.0,2.0,7.0,A01,138Â 202Â 624,1.0
1013481,201900055012,6,14,23:39,5,2,2,1.0,3.0,75107,QUAI D ORSAY,M,"48,8628470","2,3134420",75,2019,50.0,1.0,1.0,4.0,2266447,1.0,1,1,2,5.0,,0.0,0,2000.0,B01,138Â 202Â 626,2.0,6.0,-1.0,1730013,1.0,2,,0.0,2.0,1.0,B01,138Â 202Â 626,1.0
1013482,201900055013,6,14,15:50,1,2,1,1.0,6.0,75117,AVENUE DES TERNES,M,"48,8781880","2,2962460",75,2019,50.0,1.0,1.0,4.0,2266448,1.0,1,1,1,5.0,,0.0,0,1983.0,A01,138Â 202Â 621,1.0,0.0,-1.0,1730014,1.0,7,,0.0,1.0,3.0,A01,138Â 202Â 621,1.0
1013482,201900055013,6,14,15:50,1,2,1,1.0,6.0,75117,AVENUE DES TERNES,M,"48,8781880","2,2962460",75,2019,50.0,1.0,1.0,4.0,2266449,10.0,3,2,1,5.0,,2.0,3,1931.0,A01,138Â 202Â 621,8.0,0.0,-1.0,1730014,1.0,7,,0.0,1.0,3.0,A01,138Â 202Â 621,1.0
1013483,201900055014,2,16,19:35,5,2,1,1.0,4.0,91021,DIVISION LECLERC (AVENUE DE LA),M,"48,5930000","2,2460000",91,2019,50.0,1.0,1.0,4.0,2266450,1.0,1,1,1,0.0,,0.0,0,1968.0,B01,138Â 202Â 620,1.0,0.0,-1.0,1730015,3.0,7,,0.0,2.0,4.0,B01,138Â 202Â 620,0.0
1013483,201900055014,2,16,19:35,5,2,1,1.0,4.0,91021,DIVISION LECLERC (AVENUE DE LA),M,"48,5930000","2,2460000",91,2019,50.0,1.0,1.0,4.0,2266450,1.0,1,1,1,0.0,,0.0,0,1968.0,B01,138Â 202Â 620,1.0,0.0,-1.0,1730016,3.0,7,,0.0,2.0,4.0,C01,138Â 202Â 622,0.0
1013483,201900055014,2,16,19:35,5,2,1,1.0,4.0,91021,DIVISION LECLERC (AVENUE DE LA),M,"48,5930000","2,2460000",91,2019,50.0,1.0,1.0,4.0,2266450,1.0,1,1,1,0.0,,0.0,0,1968.0,B01,138Â 202Â 620,1.0,0.0,-1.0,1730017,3.0,7,,0.0,2.0,1.0,A01,138Â 202Â 623,0.0
1013483,201900055014,2,16,19:35,5,2,1,1.0,4.0,91021,DIVISION LECLERC (AVENUE DE LA),M,"48,5930000","2,2460000",91,2019,50.0,1.0,1.0,4.0,2266451,1.0,1,4,1,0.0,,0.0,0,1995.0,C01,138Â 202Â 622,1.0,0.0,-1.0,1730015,3.0,7,,0.0,2.0,4.0,B01,138Â 202Â 620,0.0
1013483,201900055014,2,16,19:35,5,2,1,1.0,4.0,91021,DIVISION LECLERC (AVENUE DE LA),M,"48,5930000","2,2460000",91,2019,50.0,1.0,1.0,4.0,2266451,1.0,1,4,1,0.0,,0.0,0,1995.0,C01,138Â 202Â 622,1.0,0.0,-1.0,1730016,3.0,7,,0.0,2.0,4.0,C01,138Â 202Â 622,0.0
1013483,201900055014,2,16,19:35,5,2,1,1.0,4.0,91021,DIVISION LECLERC (AVENUE DE LA),M,"48,5930000","2,2460000",91,2019,50.0,1.0,1.0,4.0,2266451,1.0,1,4,1,0.0,,0.0,0,1995.0,C01,138Â 202Â 622,1.0,0.0,-1.0,1730017,3.0,7,,0.0,2.0,1.0,A01,138Â 202Â 623,0.0
1013483,201900055014,2,16,19:35,5,2,1,1.0,4.0,91021,DIVISION LECLERC (AVENUE DE LA),M,"48,5930000","2,2460000",91,2019,50.0,1.0,1.0,4.0,2266452,1.0,1,1,1,0.0,,0.0,0,2000.0,A01,138Â 202Â 623,1.0,8.0,-1.0,1730015,3.0,7,,0.0,2.0,4.0,B01,138Â 202Â 620,0.0
1013483,201900055014,2,16,19:35,5,2,1,1.0,4.0,91021,DIVISION LECLERC (AVENUE DE LA),M,"48,5930000","2,2460000",91,2019,50.0,1.0,1.0,4.0,2266452,1.0,1,1,1,0.0,,0.0,0,2000.0,A01,138Â 202Â 623,1.0,8.0,-1.0,1730016,3.0,7,,0.0,2.0,4.0,C01,138Â 202Â 622,0.0
1013483,201900055014,2,16,19:35,5,2,1,1.0,4.0,91021,DIVISION LECLERC (AVENUE DE LA),M,"48,5930000","2,2460000",91,2019,50.0,1.0,1.0,4.0,2266452,1.0,1,1,1,0.0,,0.0,0,2000.0,A01,138Â 202Â 623,1.0,8.0,-1.0,1730017,3.0,7,,0.0,2.0,1.0,A01,138Â 202Â 623,0.0