Unnamed: 0_x,num_acc,mois,jour,hrmn,lum,agg,int,atm,col,com,adr,gps,lat,long,dep,annee,vma,situ,surf,catr,Unnamed: 0_y,place,catu,grav,sexe,trajet,secu,locp,actp,an_nais,num_veh_x,id_vehicule_x,secu1,secu2,secu3,Unnamed: 0,senc,catv,occutc,obs,obsm,choc,num_veh_y,id_vehicule_y,motor
1013484,201900055015,6,14,14:43,1,2,1,1.0,6.0,75116,AVENUE RAYMOND POINCARE,M,"48,8674810","2,2859120",75,2019,30.0,1.0,1.0,4.0,2266453,10.0,3,2,2,0.0,,3.0,3,1939.0,A01,138Â 202Â 619,8.0,0.0,-1.0,1730018,1.0,7,,0.0,1.0,1.0,A01,138Â 202Â 619,1.0
1013484,201900055015,6,14,14:43,1,2,1,1.0,6.0,75116,AVENUE RAYMOND POINCARE,M,"48,8674810","2,2859120",75,2019,30.0,1.0,1.0,4.0,2266454,1.0,1,1,2,5.0,,0.0,0,1983.0,A01,138Â 202Â 619,1.0,0.0,-1.0,1730018,1.0,7,,0.0,1.0,1.0,A01,138Â 202Â 619,1.0
1013485,201900055016,2,13,19:04,5,2,1,1.0,2.0,91425,NATIONALE 20 (ROUTE),M,"48,6515200","2,2725700",91,2019,50.0,1.0,1.0,2.0,2266455,1.0,1,1,1,5.0,,0.0,0,2000.0,A01,138Â 202Â 617,1.0,0.0,-1.0,1730019,1.0,7,,0.0,2.0,1.0,A01,138Â 202Â 617,1.0
1013485,201900055016,2,13,19:04,5,2,1,1.0,2.0,91425,NATIONALE 20 (ROUTE),M,"48,6515200","2,2725700",91,2019,50.0,1.0,1.0,2.0,2266455,1.0,1,1,1,5.0,,0.0,0,2000.0,A01,138Â 202Â 617,1.0,0.0,-1.0,1730020,1.0,7,,0.0,2.0,4.0,B01,138Â 202Â 618,1.0
1013485,201900055016,2,13,19:04,5,2,1,1.0,2.0,91425,NATIONALE 20 (ROUTE),M,"48,6515200","2,2725700",91,2019,50.0,1.0,1.0,2.0,2266456,2.0,2,4,2,5.0,,0.0,0,2001.0,A01,138Â 202Â 617,1.0,0.0,-1.0,1730019,1.0,7,,0.0,2.0,1.0,A01,138Â 202Â 617,1.0
1013485,201900055016,2,13,19:04,5,2,1,1.0,2.0,91425,NATIONALE 20 (ROUTE),M,"48,6515200","2,2725700",91,2019,50.0,1.0,1.0,2.0,2266456,2.0,2,4,2,5.0,,0.0,0,2001.0,A01,138Â 202Â 617,1.0,0.0,-1.0,1730020,1.0,7,,0.0,2.0,4.0,B01,138Â 202Â 618,1.0
1013485,201900055016,2,13,19:04,5,2,1,1.0,2.0,91425,NATIONALE 20 (ROUTE),M,"48,6515200","2,2725700",91,2019,50.0,1.0,1.0,2.0,2266457,1.0,1,1,1,5.0,,0.0,0,1963.0,B01,138Â 202Â 618,1.0,0.0,-1.0,1730019,1.0,7,,0.0,2.0,1.0,A01,138Â 202Â 617,1.0
1013485,201900055016,2,13,19:04,5,2,1,1.0,2.0,91425,NATIONALE 20 (ROUTE),M,"48,6515200","2,2725700",91,2019,50.0,1.0,1.0,2.0,2266457,1.0,1,1,1,5.0,,0.0,0,1963.0,B01,138Â 202Â 618,1.0,0.0,-1.0,1730020,1.0,7,,0.0,2.0,4.0,B01,138Â 202Â 618,1.0
1013486,201900055017,6,13,00:44,5,2,4,1.0,2.0,75120,BOULEVARD PERIPHERIQUE,M,"48,8752550","2,4104020",75,2019,70.0,1.0,1.0,4.0,2266458,1.0,1,3,1,5.0,,0.0,0,1985.0,A01,138Â 202Â 614,2.0,6.0,-1.0,1730021,1.0,33,,0.0,2.0,7.0,A01,138Â 202Â 614,1.0
1013486,201900055017,6,13,00:44,5,2,4,1.0,2.0,75120,BOULEVARD PERIPHERIQUE,M,"48,8752550","2,4104020",75,2019,70.0,1.0,1.0,4.0,2266458,1.0,1,3,1,5.0,,0.0,0,1985.0,A01,138Â 202Â 614,2.0,6.0,-1.0,1730022,1.0,10,,0.0,2.0,4.0,B01,138Â 202Â 615,1.0
1013486,201900055017,6,13,00:44,5,2,4,1.0,2.0,75120,BOULEVARD PERIPHERIQUE,M,"48,8752550","2,4104020",75,2019,70.0,1.0,1.0,4.0,2266459,3.0,2,1,2,0.0,,0.0,0,1986.0,B01,138Â 202Â 615,1.0,0.0,-1.0,1730021,1.0,33,,0.0,2.0,7.0,A01,138Â 202Â 614,1.0
1013486,201900055017,6,13,00:44,5,2,4,1.0,2.0,75120,BOULEVARD PERIPHERIQUE,M,"48,8752550","2,4104020",75,2019,70.0,1.0,1.0,4.0,2266459,3.0,2,1,2,0.0,,0.0,0,1986.0,B01,138Â 202Â 615,1.0,0.0,-1.0,1730022,1.0,10,,0.0,2.0,4.0,B01,138Â 202Â 615,1.0
1013486,201900055017,6,13,00:44,5,2,4,1.0,2.0,75120,BOULEVARD PERIPHERIQUE,M,"48,8752550","2,4104020",75,2019,70.0,1.0,1.0,4.0,2266460,1.0,1,1,1,4.0,,0.0,0,1992.0,B01,138Â 202Â 615,1.0,0.0,-1.0,1730021,1.0,33,,0.0,2.0,7.0,A01,138Â 202Â 614,1.0
1013486,201900055017,6,13,00:44,5,2,4,1.0,2.0,75120,BOULEVARD PERIPHERIQUE,M,"48,8752550","2,4104020",75,2019,70.0,1.0,1.0,4.0,2266460,1.0,1,1,1,4.0,,0.0,0,1992.0,B01,138Â 202Â 615,1.0,0.0,-1.0,1730022,1.0,10,,0.0,2.0,4.0,B01,138Â 202Â 615,1.0
1013486,201900055017,6,13,00:44,5,2,4,1.0,2.0,75120,BOULEVARD PERIPHERIQUE,M,"48,8752550","2,4104020",75,2019,70.0,1.0,1.0,4.0,2266461,2.0,2,1,1,4.0,,0.0,0,1990.0,B01,138Â 202Â 615,1.0,0.0,-1.0,1730021,1.0,33,,0.0,2.0,7.0,A01,138Â 202Â 614,1.0
1013486,201900055017,6,13,00:44,5,2,4,1.0,2.0,75120,BOULEVARD PERIPHERIQUE,M,"48,8752550","2,4104020",75,2019,70.0,1.0,1.0,4.0,2266461,2.0,2,1,1,4.0,,0.0,0,1990.0,B01,138Â 202Â 615,1.0,0.0,-1.0,1730022,1.0,10,,0.0,2.0,4.0,B01,138Â 202Â 615,1.0
1013487,201900055018,2,13,17:20,1,2,6,1.0,3.0,88160,SAINT-DIE (AV. DE),M,"48,1839000","6,4672000",88,2019,50.0,1.0,1.0,3.0,2266462,1.0,1,1,1,5.0,,0.0,0,1986.0,B01,138Â 202Â 613,1.0,8.0,-1.0,1730023,2.0,7,,0.0,2.0,3.0,B01,138Â 202Â 613,1.0
1013487,201900055018,2,13,17:20,1,2,6,1.0,3.0,88160,SAINT-DIE (AV. DE),M,"48,1839000","6,4672000",88,2019,50.0,1.0,1.0,3.0,2266462,1.0,1,1,1,5.0,,0.0,0,1986.0,B01,138Â 202Â 613,1.0,8.0,-1.0,1730024,2.0,2,,0.0,2.0,1.0,A01,138Â 202Â 616,1.0
1013487,201900055018,2,13,17:20,1,2,6,1.0,3.0,88160,SAINT-DIE (AV. DE),M,"48,1839000","6,4672000",88,2019,50.0,1.0,1.0,3.0,2266463,2.0,2,1,2,5.0,,0.0,0,1950.0,B01,138Â 202Â 613,1.0,8.0,-1.0,1730023,2.0,7,,0.0,2.0,3.0,B01,138Â 202Â 613,1.0
1013487,201900055018,2,13,17:20,1,2,6,1.0,3.0,88160,SAINT-DIE (AV. DE),M,"48,1839000","6,4672000",88,2019,50.0,1.0,1.0,3.0,2266463,2.0,2,1,2,5.0,,0.0,0,1950.0,B01,138Â 202Â 613,1.0,8.0,-1.0,1730024,2.0,2,,0.0,2.0,1.0,A01,138Â 202Â 616,1.0
1013487,201900055018,2,13,17:20,1,2,6,1.0,3.0,88160,SAINT-DIE (AV. DE),M,"48,1839000","6,4672000",88,2019,50.0,1.0,1.0,3.0,2266464,1.0,1,3,1,5.0,,0.0,0,2001.0,A01,138Â 202Â 616,2.0,8.0,-1.0,1730023,2.0,7,,0.0,2.0,3.0,B01,138Â 202Â 613,1.0
1013487,201900055018,2,13,17:20,1,2,6,1.0,3.0,88160,SAINT-DIE (AV. DE),M,"48,1839000","6,4672000",88,2019,50.0,1.0,1.0,3.0,2266464,1.0,1,3,1,5.0,,0.0,0,2001.0,A01,138Â 202Â 616,2.0,8.0,-1.0,1730024,2.0,2,,0.0,2.0,1.0,A01,138Â 202Â 616,1.0
1013488,201900055019,6,12,07:58,1,2,1,1.0,3.0,75117,PORTE D ASNIERES,M,"48,8926100","2,3024620",75,2019,70.0,1.0,1.0,4.0,2266465,1.0,1,4,1,4.0,,0.0,0,1967.0,B01,138Â 202Â 611,2.0,7.0,-1.0,1730025,0.0,33,,0.0,2.0,7.0,B01,138Â 202Â 611,1.0
1013488,201900055019,6,12,07:58,1,2,1,1.0,3.0,75117,PORTE D ASNIERES,M,"48,8926100","2,3024620",75,2019,70.0,1.0,1.0,4.0,2266465,1.0,1,4,1,4.0,,0.0,0,1967.0,B01,138Â 202Â 611,2.0,7.0,-1.0,1730026,0.0,7,,0.0,2.0,8.0,A01,138Â 202Â 612,1.0
1013488,201900055019,6,12,07:58,1,2,1,1.0,3.0,75117,PORTE D ASNIERES,M,"48,8926100","2,3024620",75,2019,70.0,1.0,1.0,4.0,2266466,4.0,2,1,2,5.0,,0.0,0,1995.0,A01,138Â 202Â 612,1.0,0.0,-1.0,1730025,0.0,33,,0.0,2.0,7.0,B01,138Â 202Â 611,1.0
1013488,201900055019,6,12,07:58,1,2,1,1.0,3.0,75117,PORTE D ASNIERES,M,"48,8926100","2,3024620",75,2019,70.0,1.0,1.0,4.0,2266466,4.0,2,1,2,5.0,,0.0,0,1995.0,A01,138Â 202Â 612,1.0,0.0,-1.0,1730026,0.0,7,,0.0,2.0,8.0,A01,138Â 202Â 612,1.0
1013488,201900055019,6,12,07:58,1,2,1,1.0,3.0,75117,PORTE D ASNIERES,M,"48,8926100","2,3024620",75,2019,70.0,1.0,1.0,4.0,2266467,3.0,2,1,2,5.0,,0.0,0,1994.0,A01,138Â 202Â 612,1.0,0.0,-1.0,1730025,0.0,33,,0.0,2.0,7.0,B01,138Â 202Â 611,1.0
1013488,201900055019,6,12,07:58,1,2,1,1.0,3.0,75117,PORTE D ASNIERES,M,"48,8926100","2,3024620",75,2019,70.0,1.0,1.0,4.0,2266467,3.0,2,1,2,5.0,,0.0,0,1994.0,A01,138Â 202Â 612,1.0,0.0,-1.0,1730026,0.0,7,,0.0,2.0,8.0,A01,138Â 202Â 612,1.0
1013488,201900055019,6,12,07:58,1,2,1,1.0,3.0,75117,PORTE D ASNIERES,M,"48,8926100","2,3024620",75,2019,70.0,1.0,1.0,4.0,2266468,2.0,2,1,1,5.0,,0.0,0,1993.0,A01,138Â 202Â 612,1.0,0.0,-1.0,1730025,0.0,33,,0.0,2.0,7.0,B01,138Â 202Â 611,1.0
1013488,201900055019,6,12,07:58,1,2,1,1.0,3.0,75117,PORTE D ASNIERES,M,"48,8926100","2,3024620",75,2019,70.0,1.0,1.0,4.0,2266468,2.0,2,1,1,5.0,,0.0,0,1993.0,A01,138Â 202Â 612,1.0,0.0,-1.0,1730026,0.0,7,,0.0,2.0,8.0,A01,138Â 202Â 612,1.0
1013488,201900055019,6,12,07:58,1,2,1,1.0,3.0,75117,PORTE D ASNIERES,M,"48,8926100","2,3024620",75,2019,70.0,1.0,1.0,4.0,2266469,1.0,1,1,1,5.0,,0.0,0,1990.0,A01,138Â 202Â 612,1.0,0.0,-1.0,1730025,0.0,33,,0.0,2.0,7.0,B01,138Â 202Â 611,1.0
1013488,201900055019,6,12,07:58,1,2,1,1.0,3.0,75117,PORTE D ASNIERES,M,"48,8926100","2,3024620",75,2019,70.0,1.0,1.0,4.0,2266469,1.0,1,1,1,5.0,,0.0,0,1990.0,A01,138Â 202Â 612,1.0,0.0,-1.0,1730026,0.0,7,,0.0,2.0,8.0,A01,138Â 202Â 612,1.0
1013489,201900055020,2,15,13:26,1,2,1,1.0,6.0,87085,THUILLAT (RUE VICTOR),M,"45,8428400","1,2569300",87,2019,50.0,1.0,1.0,4.0,2266470,10.0,3,4,2,2.0,,1.0,3,2006.0,A01,138Â 202Â 610,8.0,0.0,-1.0,1730027,2.0,7,,0.0,1.0,3.0,A01,138Â 202Â 610,1.0
1013489,201900055020,2,15,13:26,1,2,1,1.0,6.0,87085,THUILLAT (RUE VICTOR),M,"45,8428400","1,2569300",87,2019,50.0,1.0,1.0,4.0,2266471,1.0,1,1,2,5.0,,-1.0,0,1961.0,A01,138Â 202Â 610,1.0,0.0,-1.0,1730027,2.0,7,,0.0,1.0,3.0,A01,138Â 202Â 610,1.0
1013490,201900055021,2,14,16:57,1,2,1,1.0,6.0,87085,BAUDIN ( AVENUE) (VC),M,"45,8268100","1,2591000",87,2019,50.0,1.0,1.0,4.0,2266472,1.0,1,1,1,4.0,,-1.0,0,1968.0,A01,138Â 202Â 608,1.0,0.0,-1.0,1730028,2.0,37,1.0,0.0,1.0,5.0,A01,138Â 202Â 608,3.0
1013490,201900055021,2,14,16:57,1,2,1,1.0,6.0,87085,BAUDIN ( AVENUE) (VC),M,"45,8268100","1,2591000",87,2019,50.0,1.0,1.0,4.0,2266473,10.0,3,4,1,2.0,,9.0,1,2006.0,A01,138Â 202Â 608,8.0,0.0,-1.0,1730028,2.0,37,1.0,0.0,1.0,5.0,A01,138Â 202Â 608,3.0
1013491,201900055022,6,10,22:27,5,2,2,1.0,3.0,75118,RUE DOUDEAUVILLE,M,"48,8884870","2,3535570",75,2019,30.0,1.0,1.0,4.0,2266474,1.0,1,2,1,5.0,,0.0,0,1993.0,B01,138Â 202Â 607,0.0,0.0,-1.0,1730029,1.0,50,,0.0,2.0,1.0,B01,138Â 202Â 607,3.0
1013491,201900055022,6,10,22:27,5,2,2,1.0,3.0,75118,RUE DOUDEAUVILLE,M,"48,8884870","2,3535570",75,2019,30.0,1.0,1.0,4.0,2266474,1.0,1,2,1,5.0,,0.0,0,1993.0,B01,138Â 202Â 607,0.0,0.0,-1.0,1730030,1.0,10,,0.0,2.0,8.0,A01,138Â 202Â 609,1.0
1013491,201900055022,6,10,22:27,5,2,2,1.0,3.0,75118,RUE DOUDEAUVILLE,M,"48,8884870","2,3535570",75,2019,30.0,1.0,1.0,4.0,2266475,1.0,1,1,1,3.0,,0.0,0,1989.0,A01,138Â 202Â 609,1.0,0.0,-1.0,1730029,1.0,50,,0.0,2.0,1.0,B01,138Â 202Â 607,3.0
1013491,201900055022,6,10,22:27,5,2,2,1.0,3.0,75118,RUE DOUDEAUVILLE,M,"48,8884870","2,3535570",75,2019,30.0,1.0,1.0,4.0,2266475,1.0,1,1,1,3.0,,0.0,0,1989.0,A01,138Â 202Â 609,1.0,0.0,-1.0,1730030,1.0,10,,0.0,2.0,8.0,A01,138Â 202Â 609,1.0
1013492,201900055023,6,5,22:13,4,2,7,3.0,6.0,75114,RUE JULIA BARTET,M,"48,8272000","2,3046030",75,2019,50.0,1.0,2.0,4.0,2266476,1.0,1,1,1,5.0,,0.0,0,1993.0,A01,138Â 202Â 605,2.0,6.0,-1.0,1730031,2.0,33,,0.0,1.0,2.0,A01,138Â 202Â 605,1.0
1013492,201900055023,6,5,22:13,4,2,7,3.0,6.0,75114,RUE JULIA BARTET,M,"48,8272000","2,3046030",75,2019,50.0,1.0,2.0,4.0,2266477,10.0,3,3,2,5.0,,4.0,3,1995.0,A01,138Â 202Â 605,8.0,0.0,-1.0,1730031,2.0,33,,0.0,1.0,2.0,A01,138Â 202Â 605,1.0
1013493,201900055024,2,12,13:47,1,2,2,1.0,3.0,87085,GARIBALDI (AVENUE),M,"45,8351900","1,2605100",87,2019,50.0,1.0,1.0,4.0,2266478,1.0,1,4,1,5.0,,-1.0,0,1979.0,B01,138Â 202Â 604,1.0,0.0,-1.0,1730032,2.0,7,,0.0,2.0,1.0,B01,138Â 202Â 604,0.0
1013493,201900055024,2,12,13:47,1,2,2,1.0,3.0,87085,GARIBALDI (AVENUE),M,"45,8351900","1,2605100",87,2019,50.0,1.0,1.0,4.0,2266478,1.0,1,4,1,5.0,,-1.0,0,1979.0,B01,138Â 202Â 604,1.0,0.0,-1.0,1730033,1.0,7,,0.0,2.0,8.0,A01,138Â 202Â 606,1.0
1013493,201900055024,2,12,13:47,1,2,2,1.0,3.0,87085,GARIBALDI (AVENUE),M,"45,8351900","1,2605100",87,2019,50.0,1.0,1.0,4.0,2266479,1.0,1,1,2,5.0,,-1.0,0,1995.0,A01,138Â 202Â 606,1.0,0.0,-1.0,1730032,2.0,7,,0.0,2.0,1.0,B01,138Â 202Â 604,0.0
1013493,201900055024,2,12,13:47,1,2,2,1.0,3.0,87085,GARIBALDI (AVENUE),M,"45,8351900","1,2605100",87,2019,50.0,1.0,1.0,4.0,2266479,1.0,1,1,2,5.0,,-1.0,0,1995.0,A01,138Â 202Â 606,1.0,0.0,-1.0,1730033,1.0,7,,0.0,2.0,8.0,A01,138Â 202Â 606,1.0
1013494,201900055025,6,5,11:00,1,2,1,2.0,6.0,75120,RUE DES FRERES FLAVIEN,M,"48,8762340","2,4123990",75,2019,50.0,1.0,2.0,4.0,2266480,1.0,1,3,1,5.0,,0.0,0,1975.0,A01,138Â 202Â 603,2.0,6.0,-1.0,1730034,2.0,31,,1.0,0.0,8.0,A01,138Â 202Â 603,1.0
1013495,201900055026,6,5,00:05,5,2,1,1.0,6.0,75107,RUE DE GRENELLE,M,"48,8558250","2,3230200",75,2019,30.0,1.0,1.0,4.0,2266481,1.0,1,3,1,5.0,,0.0,0,1992.0,A01,138Â 202Â 600,0.0,0.0,-1.0,1730035,1.0,50,,12.0,0.0,1.0,A01,138Â 202Â 600,3.0
1013496,201900055027,6,4,19:25,1,2,3,1.0,3.0,75108,BOULEVARD HAUSSMANN,M,"48,8750170","2,3086190",75,2019,50.0,1.0,1.0,4.0,2266482,1.0,1,4,1,1.0,,0.0,0,1984.0,B01,138Â 202Â 598,2.0,6.0,-1.0,1730036,1.0,43,,0.0,2.0,2.0,B01,138Â 202Â 598,1.0
1013496,201900055027,6,4,19:25,1,2,3,1.0,3.0,75108,BOULEVARD HAUSSMANN,M,"48,8750170","2,3086190",75,2019,50.0,1.0,1.0,4.0,2266482,1.0,1,4,1,1.0,,0.0,0,1984.0,B01,138Â 202Â 598,2.0,6.0,-1.0,1730037,1.0,7,,0.0,2.0,3.0,A01,138Â 202Â 599,1.0
1013496,201900055027,6,4,19:25,1,2,3,1.0,3.0,75108,BOULEVARD HAUSSMANN,M,"48,8750170","2,3086190",75,2019,50.0,1.0,1.0,4.0,2266483,3.0,2,1,1,4.0,,0.0,0,1986.0,A01,138Â 202Â 599,1.0,0.0,-1.0,1730036,1.0,43,,0.0,2.0,2.0,B01,138Â 202Â 598,1.0
1013496,201900055027,6,4,19:25,1,2,3,1.0,3.0,75108,BOULEVARD HAUSSMANN,M,"48,8750170","2,3086190",75,2019,50.0,1.0,1.0,4.0,2266483,3.0,2,1,1,4.0,,0.0,0,1986.0,A01,138Â 202Â 599,1.0,0.0,-1.0,1730037,1.0,7,,0.0,2.0,3.0,A01,138Â 202Â 599,1.0
1013496,201900055027,6,4,19:25,1,2,3,1.0,3.0,75108,BOULEVARD HAUSSMANN,M,"48,8750170","2,3086190",75,2019,50.0,1.0,1.0,4.0,2266484,2.0,2,1,1,4.0,,0.0,0,1986.0,A01,138Â 202Â 599,1.0,0.0,-1.0,1730036,1.0,43,,0.0,2.0,2.0,B01,138Â 202Â 598,1.0
1013496,201900055027,6,4,19:25,1,2,3,1.0,3.0,75108,BOULEVARD HAUSSMANN,M,"48,8750170","2,3086190",75,2019,50.0,1.0,1.0,4.0,2266484,2.0,2,1,1,4.0,,0.0,0,1986.0,A01,138Â 202Â 599,1.0,0.0,-1.0,1730037,1.0,7,,0.0,2.0,3.0,A01,138Â 202Â 599,1.0
1013496,201900055027,6,4,19:25,1,2,3,1.0,3.0,75108,BOULEVARD HAUSSMANN,M,"48,8750170","2,3086190",75,2019,50.0,1.0,1.0,4.0,2266485,1.0,1,1,1,4.0,,0.0,0,1997.0,A01,138Â 202Â 599,1.0,0.0,-1.0,1730036,1.0,43,,0.0,2.0,2.0,B01,138Â 202Â 598,1.0
1013496,201900055027,6,4,19:25,1,2,3,1.0,3.0,75108,BOULEVARD HAUSSMANN,M,"48,8750170","2,3086190",75,2019,50.0,1.0,1.0,4.0,2266485,1.0,1,1,1,4.0,,0.0,0,1997.0,A01,138Â 202Â 599,1.0,0.0,-1.0,1730037,1.0,7,,0.0,2.0,3.0,A01,138Â 202Â 599,1.0
1013497,201900055028,6,3,18:55,1,2,1,1.0,6.0,75120,RUE PELLEPORT,M,"48,8714780","2,3986460",75,2019,30.0,1.0,1.0,4.0,2266486,10.0,3,3,2,0.0,,2.0,3,1943.0,A01,138Â 202Â 597,8.0,0.0,-1.0,1730038,2.0,30,,0.0,1.0,0.0,A01,138Â 202Â 597,1.0
1013497,201900055028,6,3,18:55,1,2,1,1.0,6.0,75120,RUE PELLEPORT,M,"48,8714780","2,3986460",75,2019,30.0,1.0,1.0,4.0,2266487,1.0,1,1,1,4.0,,0.0,0,1992.0,A01,138Â 202Â 597,2.0,6.0,-1.0,1730038,2.0,30,,0.0,1.0,0.0,A01,138Â 202Â 597,1.0
1013498,201900055029,6,3,13:10,1,2,1,1.0,5.0,75117,ECHANGEUR MAILLOT,M,"48,8833290","2,2843200",75,2019,70.0,1.0,1.0,4.0,2266488,1.0,1,1,1,0.0,,0.0,0,1985.0,C01,138Â 202Â 594,1.0,0.0,-1.0,1730039,1.0,7,,0.0,2.0,5.0,C01,138Â 202Â 594,1.0
1013498,201900055029,6,3,13:10,1,2,1,1.0,5.0,75117,ECHANGEUR MAILLOT,M,"48,8833290","2,2843200",75,2019,70.0,1.0,1.0,4.0,2266488,1.0,1,1,1,0.0,,0.0,0,1985.0,C01,138Â 202Â 594,1.0,0.0,-1.0,1730040,1.0,7,,0.0,2.0,7.0,B01,138Â 202Â 595,1.0
1013498,201900055029,6,3,13:10,1,2,1,1.0,5.0,75117,ECHANGEUR MAILLOT,M,"48,8833290","2,2843200",75,2019,70.0,1.0,1.0,4.0,2266488,1.0,1,1,1,0.0,,0.0,0,1985.0,C01,138Â 202Â 594,1.0,0.0,-1.0,1730041,1.0,43,,0.0,2.0,1.0,A01,138Â 202Â 596,1.0
1013498,201900055029,6,3,13:10,1,2,1,1.0,5.0,75117,ECHANGEUR MAILLOT,M,"48,8833290","2,2843200",75,2019,70.0,1.0,1.0,4.0,2266489,1.0,1,1,2,0.0,,0.0,0,1994.0,B01,138Â 202Â 595,1.0,0.0,-1.0,1730039,1.0,7,,0.0,2.0,5.0,C01,138Â 202Â 594,1.0
1013498,201900055029,6,3,13:10,1,2,1,1.0,5.0,75117,ECHANGEUR MAILLOT,M,"48,8833290","2,2843200",75,2019,70.0,1.0,1.0,4.0,2266489,1.0,1,1,2,0.0,,0.0,0,1994.0,B01,138Â 202Â 595,1.0,0.0,-1.0,1730040,1.0,7,,0.0,2.0,7.0,B01,138Â 202Â 595,1.0
1013498,201900055029,6,3,13:10,1,2,1,1.0,5.0,75117,ECHANGEUR MAILLOT,M,"48,8833290","2,2843200",75,2019,70.0,1.0,1.0,4.0,2266489,1.0,1,1,2,0.0,,0.0,0,1994.0,B01,138Â 202Â 595,1.0,0.0,-1.0,1730041,1.0,43,,0.0,2.0,1.0,A01,138Â 202Â 596,1.0
1013498,201900055029,6,3,13:10,1,2,1,1.0,5.0,75117,ECHANGEUR MAILLOT,M,"48,8833290","2,2843200",75,2019,70.0,1.0,1.0,4.0,2266490,1.0,1,3,1,4.0,,0.0,0,1986.0,A01,138Â 202Â 596,2.0,0.0,-1.0,1730039,1.0,7,,0.0,2.0,5.0,C01,138Â 202Â 594,1.0
1013498,201900055029,6,3,13:10,1,2,1,1.0,5.0,75117,ECHANGEUR MAILLOT,M,"48,8833290","2,2843200",75,2019,70.0,1.0,1.0,4.0,2266490,1.0,1,3,1,4.0,,0.0,0,1986.0,A01,138Â 202Â 596,2.0,0.0,-1.0,1730040,1.0,7,,0.0,2.0,7.0,B01,138Â 202Â 595,1.0
1013498,201900055029,6,3,13:10,1,2,1,1.0,5.0,75117,ECHANGEUR MAILLOT,M,"48,8833290","2,2843200",75,2019,70.0,1.0,1.0,4.0,2266490,1.0,1,3,1,4.0,,0.0,0,1986.0,A01,138Â 202Â 596,2.0,0.0,-1.0,1730041,1.0,43,,0.0,2.0,1.0,A01,138Â 202Â 596,1.0
1013498,201900055029,6,3,13:10,1,2,1,1.0,5.0,75117,ECHANGEUR MAILLOT,M,"48,8833290","2,2843200",75,2019,70.0,1.0,1.0,4.0,2266491,2.0,2,4,1,4.0,,0.0,0,2000.0,A01,138Â 202Â 596,2.0,0.0,-1.0,1730039,1.0,7,,0.0,2.0,5.0,C01,138Â 202Â 594,1.0
1013498,201900055029,6,3,13:10,1,2,1,1.0,5.0,75117,ECHANGEUR MAILLOT,M,"48,8833290","2,2843200",75,2019,70.0,1.0,1.0,4.0,2266491,2.0,2,4,1,4.0,,0.0,0,2000.0,A01,138Â 202Â 596,2.0,0.0,-1.0,1730040,1.0,7,,0.0,2.0,7.0,B01,138Â 202Â 595,1.0
1013498,201900055029,6,3,13:10,1,2,1,1.0,5.0,75117,ECHANGEUR MAILLOT,M,"48,8833290","2,2843200",75,2019,70.0,1.0,1.0,4.0,2266491,2.0,2,4,1,4.0,,0.0,0,2000.0,A01,138Â 202Â 596,2.0,0.0,-1.0,1730041,1.0,43,,0.0,2.0,1.0,A01,138Â 202Â 596,1.0
1013499,201900055030,6,2,16:43,1,2,2,1.0,3.0,75116,AVENUE KLEBER,M,"48,8724310","2,2940610",75,2019,50.0,1.0,1.0,4.0,2266492,2.0,2,4,2,5.0,,0.0,0,1963.0,B01,138Â 202Â 592,0.0,0.0,-1.0,1730042,2.0,99,,0.0,2.0,3.0,B01,138Â 202Â 592,3.0
1013499,201900055030,6,2,16:43,1,2,2,1.0,3.0,75116,AVENUE KLEBER,M,"48,8724310","2,2940610",75,2019,50.0,1.0,1.0,4.0,2266492,2.0,2,4,2,5.0,,0.0,0,1963.0,B01,138Â 202Â 592,0.0,0.0,-1.0,1730043,1.0,10,,0.0,2.0,2.0,A01,138Â 202Â 593,1.0
1013499,201900055030,6,2,16:43,1,2,2,1.0,3.0,75116,AVENUE KLEBER,M,"48,8724310","2,2940610",75,2019,50.0,1.0,1.0,4.0,2266493,2.0,2,4,1,5.0,,0.0,0,1980.0,B01,138Â 202Â 592,0.0,0.0,-1.0,1730042,2.0,99,,0.0,2.0,3.0,B01,138Â 202Â 592,3.0
1013499,201900055030,6,2,16:43,1,2,2,1.0,3.0,75116,AVENUE KLEBER,M,"48,8724310","2,2940610",75,2019,50.0,1.0,1.0,4.0,2266493,2.0,2,4,1,5.0,,0.0,0,1980.0,B01,138Â 202Â 592,0.0,0.0,-1.0,1730043,1.0,10,,0.0,2.0,2.0,A01,138Â 202Â 593,1.0
1013499,201900055030,6,2,16:43,1,2,2,1.0,3.0,75116,AVENUE KLEBER,M,"48,8724310","2,2940610",75,2019,50.0,1.0,1.0,4.0,2266494,2.0,2,4,2,5.0,,0.0,0,1974.0,B01,138Â 202Â 592,0.0,0.0,-1.0,1730042,2.0,99,,0.0,2.0,3.0,B01,138Â 202Â 592,3.0
1013499,201900055030,6,2,16:43,1,2,2,1.0,3.0,75116,AVENUE KLEBER,M,"48,8724310","2,2940610",75,2019,50.0,1.0,1.0,4.0,2266494,2.0,2,4,2,5.0,,0.0,0,1974.0,B01,138Â 202Â 592,0.0,0.0,-1.0,1730043,1.0,10,,0.0,2.0,2.0,A01,138Â 202Â 593,1.0
1013499,201900055030,6,2,16:43,1,2,2,1.0,3.0,75116,AVENUE KLEBER,M,"48,8724310","2,2940610",75,2019,50.0,1.0,1.0,4.0,2266495,2.0,2,4,1,5.0,,0.0,0,1952.0,B01,138Â 202Â 592,0.0,0.0,-1.0,1730042,2.0,99,,0.0,2.0,3.0,B01,138Â 202Â 592,3.0