Unnamed: 0_x,num_acc,mois,jour,hrmn,lum,agg,int,atm,col,com,adr,gps,lat,long,dep,annee,vma,situ,surf,catr,Unnamed: 0_y,place,catu,grav,sexe,trajet,secu,locp,actp,an_nais,num_veh_x,id_vehicule_x,secu1,secu2,secu3,Unnamed: 0,senc,catv,occutc,obs,obsm,choc,num_veh_y,id_vehicule_y,motor
1013499,201900055030,6,2,16:43,1,2,2,1.0,3.0,75116,AVENUE KLEBER,M,"48,8724310","2,2940610",75,2019,50.0,1.0,1.0,4.0,2266495,2.0,2,4,1,5.0,,0.0,0,1952.0,B01,138Â 202Â 592,0.0,0.0,-1.0,1730043,1.0,10,,0.0,2.0,2.0,A01,138Â 202Â 593,1.0
1013499,201900055030,6,2,16:43,1,2,2,1.0,3.0,75116,AVENUE KLEBER,M,"48,8724310","2,2940610",75,2019,50.0,1.0,1.0,4.0,2266496,2.0,2,4,2,0.0,,0.0,0,1990.0,B01,138Â 202Â 592,0.0,0.0,-1.0,1730042,2.0,99,,0.0,2.0,3.0,B01,138Â 202Â 592,3.0
1013499,201900055030,6,2,16:43,1,2,2,1.0,3.0,75116,AVENUE KLEBER,M,"48,8724310","2,2940610",75,2019,50.0,1.0,1.0,4.0,2266496,2.0,2,4,2,0.0,,0.0,0,1990.0,B01,138Â 202Â 592,0.0,0.0,-1.0,1730043,1.0,10,,0.0,2.0,2.0,A01,138Â 202Â 593,1.0
1013499,201900055030,6,2,16:43,1,2,2,1.0,3.0,75116,AVENUE KLEBER,M,"48,8724310","2,2940610",75,2019,50.0,1.0,1.0,4.0,2266497,2.0,2,3,2,5.0,,0.0,0,1949.0,B01,138Â 202Â 592,0.0,0.0,-1.0,1730042,2.0,99,,0.0,2.0,3.0,B01,138Â 202Â 592,3.0
1013499,201900055030,6,2,16:43,1,2,2,1.0,3.0,75116,AVENUE KLEBER,M,"48,8724310","2,2940610",75,2019,50.0,1.0,1.0,4.0,2266497,2.0,2,3,2,5.0,,0.0,0,1949.0,B01,138Â 202Â 592,0.0,0.0,-1.0,1730043,1.0,10,,0.0,2.0,2.0,A01,138Â 202Â 593,1.0
1013499,201900055030,6,2,16:43,1,2,2,1.0,3.0,75116,AVENUE KLEBER,M,"48,8724310","2,2940610",75,2019,50.0,1.0,1.0,4.0,2266498,1.0,1,1,1,4.0,,0.0,0,1983.0,B01,138Â 202Â 592,1.0,0.0,-1.0,1730042,2.0,99,,0.0,2.0,3.0,B01,138Â 202Â 592,3.0
1013499,201900055030,6,2,16:43,1,2,2,1.0,3.0,75116,AVENUE KLEBER,M,"48,8724310","2,2940610",75,2019,50.0,1.0,1.0,4.0,2266498,1.0,1,1,1,4.0,,0.0,0,1983.0,B01,138Â 202Â 592,1.0,0.0,-1.0,1730043,1.0,10,,0.0,2.0,2.0,A01,138Â 202Â 593,1.0
1013499,201900055030,6,2,16:43,1,2,2,1.0,3.0,75116,AVENUE KLEBER,M,"48,8724310","2,2940610",75,2019,50.0,1.0,1.0,4.0,2266499,2.0,2,1,2,0.0,,0.0,0,1961.0,A01,138Â 202Â 593,1.0,0.0,-1.0,1730042,2.0,99,,0.0,2.0,3.0,B01,138Â 202Â 592,3.0
1013499,201900055030,6,2,16:43,1,2,2,1.0,3.0,75116,AVENUE KLEBER,M,"48,8724310","2,2940610",75,2019,50.0,1.0,1.0,4.0,2266499,2.0,2,1,2,0.0,,0.0,0,1961.0,A01,138Â 202Â 593,1.0,0.0,-1.0,1730043,1.0,10,,0.0,2.0,2.0,A01,138Â 202Â 593,1.0
1013499,201900055030,6,2,16:43,1,2,2,1.0,3.0,75116,AVENUE KLEBER,M,"48,8724310","2,2940610",75,2019,50.0,1.0,1.0,4.0,2266500,1.0,1,1,1,5.0,,0.0,0,1962.0,A01,138Â 202Â 593,1.0,8.0,-1.0,1730042,2.0,99,,0.0,2.0,3.0,B01,138Â 202Â 592,3.0
1013499,201900055030,6,2,16:43,1,2,2,1.0,3.0,75116,AVENUE KLEBER,M,"48,8724310","2,2940610",75,2019,50.0,1.0,1.0,4.0,2266500,1.0,1,1,1,5.0,,0.0,0,1962.0,A01,138Â 202Â 593,1.0,8.0,-1.0,1730043,1.0,10,,0.0,2.0,2.0,A01,138Â 202Â 593,1.0
1013500,201900055031,2,13,14:25,1,2,2,1.0,6.0,87085,BARBES (RUE ARMAND),M,"45,8404600","1,2602100",87,2019,50.0,1.0,1.0,4.0,2266501,1.0,1,1,1,5.0,,-1.0,0,1993.0,B01,138Â 202Â 601,1.0,0.0,-1.0,1730044,2.0,7,,0.0,2.0,1.0,B01,138Â 202Â 601,1.0
1013500,201900055031,2,13,14:25,1,2,2,1.0,6.0,87085,BARBES (RUE ARMAND),M,"45,8404600","1,2602100",87,2019,50.0,1.0,1.0,4.0,2266501,1.0,1,1,1,5.0,,-1.0,0,1993.0,B01,138Â 202Â 601,1.0,0.0,-1.0,1730045,1.0,7,,6.0,2.0,2.0,A01,138Â 202Â 602,1.0
1013500,201900055031,2,13,14:25,1,2,2,1.0,6.0,87085,BARBES (RUE ARMAND),M,"45,8404600","1,2602100",87,2019,50.0,1.0,1.0,4.0,2266502,1.0,1,4,2,5.0,,-1.0,0,1949.0,A01,138Â 202Â 602,1.0,0.0,-1.0,1730044,2.0,7,,0.0,2.0,1.0,B01,138Â 202Â 601,1.0
1013500,201900055031,2,13,14:25,1,2,2,1.0,6.0,87085,BARBES (RUE ARMAND),M,"45,8404600","1,2602100",87,2019,50.0,1.0,1.0,4.0,2266502,1.0,1,4,2,5.0,,-1.0,0,1949.0,A01,138Â 202Â 602,1.0,0.0,-1.0,1730045,1.0,7,,6.0,2.0,2.0,A01,138Â 202Â 602,1.0
1013501,201900055032,6,2,01:01,5,2,2,1.0,3.0,75102,RUE DU QUATRE SEPTEMBRE,M,"48,8695330","2,3367950",75,2019,50.0,1.0,1.0,4.0,2266503,1.0,1,1,1,9.0,,0.0,0,1975.0,A01,138Â 202Â 590,1.0,0.0,-1.0,1730046,2.0,7,,0.0,2.0,8.0,A01,138Â 202Â 590,1.0
1013501,201900055032,6,2,01:01,5,2,2,1.0,3.0,75102,RUE DU QUATRE SEPTEMBRE,M,"48,8695330","2,3367950",75,2019,50.0,1.0,1.0,4.0,2266503,1.0,1,1,1,9.0,,0.0,0,1975.0,A01,138Â 202Â 590,1.0,0.0,-1.0,1730047,2.0,50,,0.0,2.0,1.0,B01,138Â 202Â 591,3.0
1013501,201900055032,6,2,01:01,5,2,2,1.0,3.0,75102,RUE DU QUATRE SEPTEMBRE,M,"48,8695330","2,3367950",75,2019,50.0,1.0,1.0,4.0,2266504,1.0,1,3,2,5.0,,0.0,0,2001.0,B01,138Â 202Â 591,0.0,0.0,-1.0,1730046,2.0,7,,0.0,2.0,8.0,A01,138Â 202Â 590,1.0
1013501,201900055032,6,2,01:01,5,2,2,1.0,3.0,75102,RUE DU QUATRE SEPTEMBRE,M,"48,8695330","2,3367950",75,2019,50.0,1.0,1.0,4.0,2266504,1.0,1,3,2,5.0,,0.0,0,2001.0,B01,138Â 202Â 591,0.0,0.0,-1.0,1730047,2.0,50,,0.0,2.0,1.0,B01,138Â 202Â 591,3.0
1013501,201900055032,6,2,01:01,5,2,2,1.0,3.0,75102,RUE DU QUATRE SEPTEMBRE,M,"48,8695330","2,3367950",75,2019,50.0,1.0,1.0,4.0,2266505,2.0,2,4,2,0.0,,0.0,0,2001.0,B01,138Â 202Â 591,0.0,0.0,-1.0,1730046,2.0,7,,0.0,2.0,8.0,A01,138Â 202Â 590,1.0
1013501,201900055032,6,2,01:01,5,2,2,1.0,3.0,75102,RUE DU QUATRE SEPTEMBRE,M,"48,8695330","2,3367950",75,2019,50.0,1.0,1.0,4.0,2266505,2.0,2,4,2,0.0,,0.0,0,2001.0,B01,138Â 202Â 591,0.0,0.0,-1.0,1730047,2.0,50,,0.0,2.0,1.0,B01,138Â 202Â 591,3.0
1013502,201900055033,2,9,19:30,3,1,2,1.0,3.0,86158,PARTHENAY (Rte de) RD 30,M,"46,6102500","0,2947800",86,2019,80.0,1.0,1.0,3.0,2266506,4.0,2,4,2,5.0,,-1.0,0,1982.0,B01,138Â 202Â 587,1.0,0.0,-1.0,1730048,1.0,7,,0.0,2.0,8.0,B01,138Â 202Â 587,0.0
1013502,201900055033,2,9,19:30,3,1,2,1.0,3.0,86158,PARTHENAY (Rte de) RD 30,M,"46,6102500","0,2947800",86,2019,80.0,1.0,1.0,3.0,2266506,4.0,2,4,2,5.0,,-1.0,0,1982.0,B01,138Â 202Â 587,1.0,0.0,-1.0,1730049,3.0,7,,0.0,2.0,1.0,A01,138Â 202Â 589,0.0
1013502,201900055033,2,9,19:30,3,1,2,1.0,3.0,86158,PARTHENAY (Rte de) RD 30,M,"46,6102500","0,2947800",86,2019,80.0,1.0,1.0,3.0,2266507,2.0,2,4,2,5.0,,-1.0,0,2009.0,B01,138Â 202Â 587,1.0,0.0,-1.0,1730048,1.0,7,,0.0,2.0,8.0,B01,138Â 202Â 587,0.0
1013502,201900055033,2,9,19:30,3,1,2,1.0,3.0,86158,PARTHENAY (Rte de) RD 30,M,"46,6102500","0,2947800",86,2019,80.0,1.0,1.0,3.0,2266507,2.0,2,4,2,5.0,,-1.0,0,2009.0,B01,138Â 202Â 587,1.0,0.0,-1.0,1730049,3.0,7,,0.0,2.0,1.0,A01,138Â 202Â 589,0.0
1013502,201900055033,2,9,19:30,3,1,2,1.0,3.0,86158,PARTHENAY (Rte de) RD 30,M,"46,6102500","0,2947800",86,2019,80.0,1.0,1.0,3.0,2266508,1.0,1,1,1,5.0,,-1.0,0,1972.0,B01,138Â 202Â 587,1.0,0.0,-1.0,1730048,1.0,7,,0.0,2.0,8.0,B01,138Â 202Â 587,0.0
1013502,201900055033,2,9,19:30,3,1,2,1.0,3.0,86158,PARTHENAY (Rte de) RD 30,M,"46,6102500","0,2947800",86,2019,80.0,1.0,1.0,3.0,2266508,1.0,1,1,1,5.0,,-1.0,0,1972.0,B01,138Â 202Â 587,1.0,0.0,-1.0,1730049,3.0,7,,0.0,2.0,1.0,A01,138Â 202Â 589,0.0
1013502,201900055033,2,9,19:30,3,1,2,1.0,3.0,86158,PARTHENAY (Rte de) RD 30,M,"46,6102500","0,2947800",86,2019,80.0,1.0,1.0,3.0,2266509,3.0,2,4,2,5.0,,-1.0,0,2017.0,B01,138Â 202Â 587,1.0,0.0,-1.0,1730048,1.0,7,,0.0,2.0,8.0,B01,138Â 202Â 587,0.0
1013502,201900055033,2,9,19:30,3,1,2,1.0,3.0,86158,PARTHENAY (Rte de) RD 30,M,"46,6102500","0,2947800",86,2019,80.0,1.0,1.0,3.0,2266509,3.0,2,4,2,5.0,,-1.0,0,2017.0,B01,138Â 202Â 587,1.0,0.0,-1.0,1730049,3.0,7,,0.0,2.0,1.0,A01,138Â 202Â 589,0.0
1013502,201900055033,2,9,19:30,3,1,2,1.0,3.0,86158,PARTHENAY (Rte de) RD 30,M,"46,6102500","0,2947800",86,2019,80.0,1.0,1.0,3.0,2266510,1.0,1,1,1,4.0,,-1.0,0,1992.0,A01,138Â 202Â 589,1.0,0.0,-1.0,1730048,1.0,7,,0.0,2.0,8.0,B01,138Â 202Â 587,0.0
1013502,201900055033,2,9,19:30,3,1,2,1.0,3.0,86158,PARTHENAY (Rte de) RD 30,M,"46,6102500","0,2947800",86,2019,80.0,1.0,1.0,3.0,2266510,1.0,1,1,1,4.0,,-1.0,0,1992.0,A01,138Â 202Â 589,1.0,0.0,-1.0,1730049,3.0,7,,0.0,2.0,1.0,A01,138Â 202Â 589,0.0
1013503,201900055034,5,31,10:55,1,2,1,1.0,3.0,75116,AVENUE DE NEW YORK,M,"48,8628010","2,2945040",75,2019,50.0,6.0,1.0,4.0,2266511,1.0,1,4,1,4.0,,0.0,0,1989.0,A01,138Â 202Â 585,2.0,6.0,-1.0,1730050,1.0,31,,0.0,2.0,4.0,A01,138Â 202Â 585,1.0
1013503,201900055034,5,31,10:55,1,2,1,1.0,3.0,75116,AVENUE DE NEW YORK,M,"48,8628010","2,2945040",75,2019,50.0,6.0,1.0,4.0,2266511,1.0,1,4,1,4.0,,0.0,0,1989.0,A01,138Â 202Â 585,2.0,6.0,-1.0,1730051,1.0,7,,0.0,2.0,2.0,Z01,138Â 202Â 586,1.0
1013503,201900055034,5,31,10:55,1,2,1,1.0,3.0,75116,AVENUE DE NEW YORK,M,"48,8628010","2,2945040",75,2019,50.0,6.0,1.0,4.0,2266512,1.0,1,1,1,5.0,,0.0,0,1948.0,Z01,138Â 202Â 586,1.0,0.0,-1.0,1730050,1.0,31,,0.0,2.0,4.0,A01,138Â 202Â 585,1.0
1013503,201900055034,5,31,10:55,1,2,1,1.0,3.0,75116,AVENUE DE NEW YORK,M,"48,8628010","2,2945040",75,2019,50.0,6.0,1.0,4.0,2266512,1.0,1,1,1,5.0,,0.0,0,1948.0,Z01,138Â 202Â 586,1.0,0.0,-1.0,1730051,1.0,7,,0.0,2.0,2.0,Z01,138Â 202Â 586,1.0
1013504,201900055035,5,31,01:10,5,2,2,1.0,6.0,75118,RUE LABAT,M,"48,8890380","2,3481470",75,2019,50.0,1.0,1.0,4.0,2266513,1.0,1,4,2,4.0,,0.0,0,1992.0,A01,138Â 202Â 583,1.0,8.0,-1.0,1730052,1.0,7,,8.0,0.0,2.0,A01,138Â 202Â 583,1.0
1013505,201900055036,5,29,17:30,1,2,1,8.0,3.0,75113,BOULEVARD PERIPHERIQUE,M,"48,8235130","2,3823940",75,2019,70.0,1.0,1.0,4.0,2266514,1.0,1,3,1,9.0,,0.0,0,1997.0,B01,138Â 202Â 581,2.0,6.0,-1.0,1730053,2.0,33,,0.0,2.0,1.0,B01,138Â 202Â 581,1.0
1013505,201900055036,5,29,17:30,1,2,1,8.0,3.0,75113,BOULEVARD PERIPHERIQUE,M,"48,8235130","2,3823940",75,2019,70.0,1.0,1.0,4.0,2266514,1.0,1,3,1,9.0,,0.0,0,1997.0,B01,138Â 202Â 581,2.0,6.0,-1.0,1730054,2.0,7,,0.0,2.0,6.0,A01,138Â 202Â 582,1.0
1013505,201900055036,5,29,17:30,1,2,1,8.0,3.0,75113,BOULEVARD PERIPHERIQUE,M,"48,8235130","2,3823940",75,2019,70.0,1.0,1.0,4.0,2266515,1.0,1,1,2,9.0,,0.0,0,1942.0,A01,138Â 202Â 582,1.0,0.0,-1.0,1730053,2.0,33,,0.0,2.0,1.0,B01,138Â 202Â 581,1.0
1013505,201900055036,5,29,17:30,1,2,1,8.0,3.0,75113,BOULEVARD PERIPHERIQUE,M,"48,8235130","2,3823940",75,2019,70.0,1.0,1.0,4.0,2266515,1.0,1,1,2,9.0,,0.0,0,1942.0,A01,138Â 202Â 582,1.0,0.0,-1.0,1730054,2.0,7,,0.0,2.0,6.0,A01,138Â 202Â 582,1.0
1013505,201900055036,5,29,17:30,1,2,1,8.0,3.0,75113,BOULEVARD PERIPHERIQUE,M,"48,8235130","2,3823940",75,2019,70.0,1.0,1.0,4.0,2266516,2.0,2,1,2,9.0,,0.0,0,1951.0,A01,138Â 202Â 582,1.0,0.0,-1.0,1730053,2.0,33,,0.0,2.0,1.0,B01,138Â 202Â 581,1.0
1013505,201900055036,5,29,17:30,1,2,1,8.0,3.0,75113,BOULEVARD PERIPHERIQUE,M,"48,8235130","2,3823940",75,2019,70.0,1.0,1.0,4.0,2266516,2.0,2,1,2,9.0,,0.0,0,1951.0,A01,138Â 202Â 582,1.0,0.0,-1.0,1730054,2.0,7,,0.0,2.0,6.0,A01,138Â 202Â 582,1.0
1013506,201900055037,5,29,16:32,1,2,4,1.0,6.0,75115,RUE DE LA CONVENTION,M,"48,8370190","2,2971240",75,2019,50.0,1.0,1.0,4.0,2266517,1.0,1,1,1,4.0,,0.0,0,1978.0,A01,138Â 202Â 580,2.0,6.0,-1.0,1730055,1.0,34,,0.0,1.0,2.0,A01,138Â 202Â 580,1.0
1013506,201900055037,5,29,16:32,1,2,4,1.0,6.0,75115,RUE DE LA CONVENTION,M,"48,8370190","2,2971240",75,2019,50.0,1.0,1.0,4.0,2266518,10.0,3,3,2,1.0,,2.0,4,1987.0,A01,138Â 202Â 580,8.0,0.0,-1.0,1730055,1.0,34,,0.0,1.0,2.0,A01,138Â 202Â 580,1.0
1013507,201900055038,2,12,07:30,3,2,3,1.0,3.0,85194,AVENUE DE TALMONT ,M,"46,4845800"," -1,7295500",85,2019,50.0,1.0,1.0,4.0,2266519,1.0,1,1,1,1.0,,-1.0, -1,1974.0,A01,138Â 202Â 579,1.0,0.0,-1.0,1730056,2.0,7,,0.0,2.0,1.0,A01,138Â 202Â 579,1.0
1013507,201900055038,2,12,07:30,3,2,3,1.0,3.0,85194,AVENUE DE TALMONT ,M,"46,4845800"," -1,7295500",85,2019,50.0,1.0,1.0,4.0,2266519,1.0,1,1,1,1.0,,-1.0, -1,1974.0,A01,138Â 202Â 579,1.0,0.0,-1.0,1730057,2.0,2,,0.0,2.0,7.0,B01,138Â 202Â 584,1.0
1013507,201900055038,2,12,07:30,3,2,3,1.0,3.0,85194,AVENUE DE TALMONT ,M,"46,4845800"," -1,7295500",85,2019,50.0,1.0,1.0,4.0,2266520,1.0,1,4,1,1.0,,-1.0, -1,1989.0,B01,138Â 202Â 584,2.0,6.0,-1.0,1730056,2.0,7,,0.0,2.0,1.0,A01,138Â 202Â 579,1.0
1013507,201900055038,2,12,07:30,3,2,3,1.0,3.0,85194,AVENUE DE TALMONT ,M,"46,4845800"," -1,7295500",85,2019,50.0,1.0,1.0,4.0,2266520,1.0,1,4,1,1.0,,-1.0, -1,1989.0,B01,138Â 202Â 584,2.0,6.0,-1.0,1730057,2.0,2,,0.0,2.0,7.0,B01,138Â 202Â 584,1.0
1013508,201900055039,5,29,14:10,1,2,1,1.0,3.0,75118,BOULEVARD PERIPHERIQUE,M,"48,9003880","2,3590750",75,2019,70.0,1.0,1.0,4.0,2266521,1.0,1,1,1,1.0,,0.0,0,1962.0,A01,138Â 202Â 577,2.0,8.0,-1.0,1730058,1.0,33,,0.0,2.0,1.0,A01,138Â 202Â 577,1.0
1013508,201900055039,5,29,14:10,1,2,1,1.0,3.0,75118,BOULEVARD PERIPHERIQUE,M,"48,9003880","2,3590750",75,2019,70.0,1.0,1.0,4.0,2266521,1.0,1,1,1,1.0,,0.0,0,1962.0,A01,138Â 202Â 577,2.0,8.0,-1.0,1730059,2.0,1,,0.0,2.0,1.0,B01,138Â 202Â 578,5.0
1013508,201900055039,5,29,14:10,1,2,1,1.0,3.0,75118,BOULEVARD PERIPHERIQUE,M,"48,9003880","2,3590750",75,2019,70.0,1.0,1.0,4.0,2266522,1.0,1,4,1,5.0,,0.0,0,1979.0,B01,138Â 202Â 578,8.0,0.0,-1.0,1730058,1.0,33,,0.0,2.0,1.0,A01,138Â 202Â 577,1.0
1013508,201900055039,5,29,14:10,1,2,1,1.0,3.0,75118,BOULEVARD PERIPHERIQUE,M,"48,9003880","2,3590750",75,2019,70.0,1.0,1.0,4.0,2266522,1.0,1,4,1,5.0,,0.0,0,1979.0,B01,138Â 202Â 578,8.0,0.0,-1.0,1730059,2.0,1,,0.0,2.0,1.0,B01,138Â 202Â 578,5.0
1013509,201900055040,5,28,23:12,4,2,2,1.0,6.0,75115,BOULEVARD VICTOR,M,"48,8361010","2,2782580",75,2019,50.0,1.0,1.0,4.0,2266523,1.0,1,1,1,0.0,,0.0,0,1971.0,B01,138Â 202Â 574,1.0,0.0,-1.0,1730060,2.0,7,,0.0,2.0,3.0,B01,138Â 202Â 574,1.0
1013509,201900055040,5,28,23:12,4,2,2,1.0,6.0,75115,BOULEVARD VICTOR,M,"48,8361010","2,2782580",75,2019,50.0,1.0,1.0,4.0,2266523,1.0,1,1,1,0.0,,0.0,0,1971.0,B01,138Â 202Â 574,1.0,0.0,-1.0,1730061,1.0,33,,0.0,2.0,1.0,A01,138Â 202Â 575,1.0
1013509,201900055040,5,28,23:12,4,2,2,1.0,6.0,75115,BOULEVARD VICTOR,M,"48,8361010","2,2782580",75,2019,50.0,1.0,1.0,4.0,2266524,1.0,1,3,1,0.0,,0.0,0,1982.0,A01,138Â 202Â 575,2.0,6.0,-1.0,1730060,2.0,7,,0.0,2.0,3.0,B01,138Â 202Â 574,1.0
1013509,201900055040,5,28,23:12,4,2,2,1.0,6.0,75115,BOULEVARD VICTOR,M,"48,8361010","2,2782580",75,2019,50.0,1.0,1.0,4.0,2266524,1.0,1,3,1,0.0,,0.0,0,1982.0,A01,138Â 202Â 575,2.0,6.0,-1.0,1730061,1.0,33,,0.0,2.0,1.0,A01,138Â 202Â 575,1.0
1013510,201900055041,2,16,05:00,5,2,1,1.0,1.0,83137,GASQUET (AVE JOSEPH DE 1408 A FIN,M,"43,1220100","5,9735100",83,2019,50.0,1.0,1.0,4.0,2266525,1.0,1,1,1,5.0,,0.0,0,1997.0,A01,138Â 202Â 572,1.0,0.0,-1.0,1730062,3.0,7,,0.0,2.0,3.0,A01,138Â 202Â 572,6.0
1013510,201900055041,2,16,05:00,5,2,1,1.0,1.0,83137,GASQUET (AVE JOSEPH DE 1408 A FIN,M,"43,1220100","5,9735100",83,2019,50.0,1.0,1.0,4.0,2266525,1.0,1,1,1,5.0,,0.0,0,1997.0,A01,138Â 202Â 572,1.0,0.0,-1.0,1730063,3.0,10,,0.0,2.0,3.0,B01,138Â 202Â 573,0.0
1013510,201900055041,2,16,05:00,5,2,1,1.0,1.0,83137,GASQUET (AVE JOSEPH DE 1408 A FIN,M,"43,1220100","5,9735100",83,2019,50.0,1.0,1.0,4.0,2266526,1.0,1,4,1,9.0,,0.0,0,1986.0,B01,138Â 202Â 573,1.0,4.0,-1.0,1730062,3.0,7,,0.0,2.0,3.0,A01,138Â 202Â 572,6.0
1013510,201900055041,2,16,05:00,5,2,1,1.0,1.0,83137,GASQUET (AVE JOSEPH DE 1408 A FIN,M,"43,1220100","5,9735100",83,2019,50.0,1.0,1.0,4.0,2266526,1.0,1,4,1,9.0,,0.0,0,1986.0,B01,138Â 202Â 573,1.0,4.0,-1.0,1730063,3.0,10,,0.0,2.0,3.0,B01,138Â 202Â 573,0.0
1013511,201900055042,6,18,20:25,1,2,4,1.0,6.0,75106,BOULEVARD SAINT MICHEL,M,"48,8469740","2,3406180",75,2019,50.0,1.0,1.0,4.0,2266527,10.0,3,4,1,9.0,,4.0,3,2000.0,A01,138Â 202Â 571,8.0,0.0,-1.0,1730064,2.0,33,,0.0,1.0,1.0,A01,138Â 202Â 571,1.0
1013511,201900055042,6,18,20:25,1,2,4,1.0,6.0,75106,BOULEVARD SAINT MICHEL,M,"48,8469740","2,3406180",75,2019,50.0,1.0,1.0,4.0,2266528,1.0,1,1,1,9.0,,0.0,0,1990.0,A01,138Â 202Â 571,2.0,6.0,-1.0,1730064,2.0,33,,0.0,1.0,1.0,A01,138Â 202Â 571,1.0
1013512,201900055043,2,14,17:10,1,2,1,1.0,6.0,83137,DE GAULLE (CORNICHE GENERAL),M,"43,1085600","5,9534500",83,2019,50.0,1.0,1.0,4.0,2266529,10.0,3,3,2,0.0,,3.0,3,1969.0,A01,138Â 202Â 570,8.0,0.0,-1.0,1730065,1.0,7,,0.0,1.0,3.0,A01,138Â 202Â 570,1.0
1013512,201900055043,2,14,17:10,1,2,1,1.0,6.0,83137,DE GAULLE (CORNICHE GENERAL),M,"43,1085600","5,9534500",83,2019,50.0,1.0,1.0,4.0,2266530,1.0,1,1,2,5.0,,0.0,0,1978.0,A01,138Â 202Â 570,1.0,8.0,-1.0,1730065,1.0,7,,0.0,1.0,3.0,A01,138Â 202Â 570,1.0
1013513,201900055044,6,18,15:55,1,2,4,1.0,2.0,75106,BOULEVARD DU MONTPARNASSE,M,"48,8419660","2,3298970",75,2019,50.0,1.0,1.0,4.0,2266531,1.0,1,1,1,0.0,,0.0,0,1982.0,B01,138Â 202Â 567,1.0,0.0,-1.0,1730066,2.0,7,,0.0,2.0,4.0,B01,138Â 202Â 567,1.0
1013513,201900055044,6,18,15:55,1,2,4,1.0,2.0,75106,BOULEVARD DU MONTPARNASSE,M,"48,8419660","2,3298970",75,2019,50.0,1.0,1.0,4.0,2266531,1.0,1,1,1,0.0,,0.0,0,1982.0,B01,138Â 202Â 567,1.0,0.0,-1.0,1730067,2.0,50,,0.0,2.0,1.0,A01,138Â 202Â 569,3.0
1013513,201900055044,6,18,15:55,1,2,4,1.0,2.0,75106,BOULEVARD DU MONTPARNASSE,M,"48,8419660","2,3298970",75,2019,50.0,1.0,1.0,4.0,2266532,1.0,1,4,1,5.0,,0.0,0,1988.0,A01,138Â 202Â 569,0.0,8.0,-1.0,1730066,2.0,7,,0.0,2.0,4.0,B01,138Â 202Â 567,1.0
1013513,201900055044,6,18,15:55,1,2,4,1.0,2.0,75106,BOULEVARD DU MONTPARNASSE,M,"48,8419660","2,3298970",75,2019,50.0,1.0,1.0,4.0,2266532,1.0,1,4,1,5.0,,0.0,0,1988.0,A01,138Â 202Â 569,0.0,8.0,-1.0,1730067,2.0,50,,0.0,2.0,1.0,A01,138Â 202Â 569,3.0
1013514,201900055045,6,18,09:28,1,2,2,1.0,3.0,75113,RUE NEUVE TOLBIAC,M,"48,8310510","2,3775790",75,2019,30.0,1.0,1.0,4.0,2266533,1.0,1,4,1,5.0,,0.0,0,1988.0,B01,138Â 202Â 563,2.0,6.0,-1.0,1730068,2.0,32,,0.0,2.0,8.0,B01,138Â 202Â 563,1.0
1013514,201900055045,6,18,09:28,1,2,2,1.0,3.0,75113,RUE NEUVE TOLBIAC,M,"48,8310510","2,3775790",75,2019,30.0,1.0,1.0,4.0,2266533,1.0,1,4,1,5.0,,0.0,0,1988.0,B01,138Â 202Â 563,2.0,6.0,-1.0,1730069,1.0,7,,0.0,2.0,3.0,A01,138Â 202Â 565,1.0
1013514,201900055045,6,18,09:28,1,2,2,1.0,3.0,75113,RUE NEUVE TOLBIAC,M,"48,8310510","2,3775790",75,2019,30.0,1.0,1.0,4.0,2266534,1.0,1,1,1,5.0,,0.0,0,1964.0,A01,138Â 202Â 565,1.0,0.0,-1.0,1730068,2.0,32,,0.0,2.0,8.0,B01,138Â 202Â 563,1.0
1013514,201900055045,6,18,09:28,1,2,2,1.0,3.0,75113,RUE NEUVE TOLBIAC,M,"48,8310510","2,3775790",75,2019,30.0,1.0,1.0,4.0,2266534,1.0,1,1,1,5.0,,0.0,0,1964.0,A01,138Â 202Â 565,1.0,0.0,-1.0,1730069,1.0,7,,0.0,2.0,3.0,A01,138Â 202Â 565,1.0
1013515,201900055046,6,14,01:30,5,2,3,1.0,6.0,75106,RUE DU FOUR,M,"48,8526620","2,3337070",75,2019,50.0,1.0,1.0,4.0,2266535,1.0,1,4,1,5.0,,0.0,0,1974.0,A01,138Â 202Â 561,2.0,6.0,-1.0,1730070,2.0,34,,9.0,0.0,1.0,A01,138Â 202Â 561,3.0
1013516,201900055047,6,13,09:50,1,2,1,1.0,6.0,75106,RUE NOTRE DAME DES CHAMPS,M,"48,8407600","2,3344430",75,2019,50.0,1.0,1.0,4.0,2266536,10.0,3,3,1,0.0,,2.0,3,2004.0,A01,138Â 202Â 558,0.0,0.0,-1.0,1730071,1.0,7,,0.0,1.0,2.0,A01,138Â 202Â 558,2.0
1013516,201900055047,6,13,09:50,1,2,1,1.0,6.0,75106,RUE NOTRE DAME DES CHAMPS,M,"48,8407600","2,3344430",75,2019,50.0,1.0,1.0,4.0,2266537,1.0,1,1,2,1.0,,0.0,0,1974.0,A01,138Â 202Â 558,8.0,0.0,-1.0,1730071,1.0,7,,0.0,1.0,2.0,A01,138Â 202Â 558,2.0
1013517,201900055048,6,11,15:39,1,2,1,1.0,3.0,75106,RUE DE RENNES,M,"48,8453100","2,3252750",75,2019,50.0,5.0,1.0,4.0,2266538,1.0,1,4,1,5.0,,0.0,0,1998.0,B01,138Â 202Â 556,2.0,0.0,-1.0,1730072,2.0,1,,0.0,2.0,5.0,B01,138Â 202Â 556,5.0