Unnamed: 0_x,num_acc,mois,jour,hrmn,lum,agg,int,atm,col,com,adr,gps,lat,long,dep,annee,vma,situ,surf,catr,Unnamed: 0_y,place,catu,grav,sexe,trajet,secu,locp,actp,an_nais,num_veh_x,id_vehicule_x,secu1,secu2,secu3,Unnamed: 0,senc,catv,occutc,obs,obsm,choc,num_veh_y,id_vehicule_y,motor
1013517,201900055048,6,11,15:39,1,2,1,1.0,3.0,75106,RUE DE RENNES,M,"48,8453100","2,3252750",75,2019,50.0,5.0,1.0,4.0,2266538,1.0,1,4,1,5.0,,0.0,0,1998.0,B01,138Â 202Â 556,2.0,0.0,-1.0,1730073,2.0,7,,0.0,2.0,7.0,A01,138Â 202Â 557,1.0
1013517,201900055048,6,11,15:39,1,2,1,1.0,3.0,75106,RUE DE RENNES,M,"48,8453100","2,3252750",75,2019,50.0,5.0,1.0,4.0,2266539,1.0,1,1,1,4.0,,0.0,0,1981.0,A01,138Â 202Â 557,1.0,0.0,-1.0,1730072,2.0,1,,0.0,2.0,5.0,B01,138Â 202Â 556,5.0
1013517,201900055048,6,11,15:39,1,2,1,1.0,3.0,75106,RUE DE RENNES,M,"48,8453100","2,3252750",75,2019,50.0,5.0,1.0,4.0,2266539,1.0,1,1,1,4.0,,0.0,0,1981.0,A01,138Â 202Â 557,1.0,0.0,-1.0,1730073,2.0,7,,0.0,2.0,7.0,A01,138Â 202Â 557,1.0
1013518,201900055049,6,11,09:50,1,2,7,1.0,3.0,75105,BOULEVARD SAINT GERMAIN,M,"48,8499750","2,3490300",75,2019,50.0,1.0,1.0,4.0,2266540,1.0,1,4,1,9.0,,0.0,0,1995.0,B01,138Â 202Â 554,2.0,6.0,-1.0,1730074,2.0,30,,0.0,2.0,0.0,B01,138Â 202Â 554,1.0
1013518,201900055049,6,11,09:50,1,2,7,1.0,3.0,75105,BOULEVARD SAINT GERMAIN,M,"48,8499750","2,3490300",75,2019,50.0,1.0,1.0,4.0,2266540,1.0,1,4,1,9.0,,0.0,0,1995.0,B01,138Â 202Â 554,2.0,6.0,-1.0,1730075,2.0,7,,0.0,2.0,8.0,A01,138Â 202Â 555,2.0
1013518,201900055049,6,11,09:50,1,2,7,1.0,3.0,75105,BOULEVARD SAINT GERMAIN,M,"48,8499750","2,3490300",75,2019,50.0,1.0,1.0,4.0,2266541,1.0,1,1,1,4.0,,0.0,0,1951.0,A01,138Â 202Â 555,1.0,0.0,-1.0,1730074,2.0,30,,0.0,2.0,0.0,B01,138Â 202Â 554,1.0
1013518,201900055049,6,11,09:50,1,2,7,1.0,3.0,75105,BOULEVARD SAINT GERMAIN,M,"48,8499750","2,3490300",75,2019,50.0,1.0,1.0,4.0,2266541,1.0,1,1,1,4.0,,0.0,0,1951.0,A01,138Â 202Â 555,1.0,0.0,-1.0,1730075,2.0,7,,0.0,2.0,8.0,A01,138Â 202Â 555,2.0
1013519,201900055050,2,14,15:25,1,2,1,1.0,3.0,82121,PARIS N2020 cedeo (AVENUE DE),M,"44,0324600","1,3742600",82,2019,50.0,1.0,1.0,4.0,2266542,1.0,1,3,1,5.0,,-1.0,0,1954.0,A01,138Â 202Â 559,2.0,8.0,-1.0,1730076,1.0,33,,0.0,2.0,8.0,A01,138Â 202Â 559,1.0
1013519,201900055050,2,14,15:25,1,2,1,1.0,3.0,82121,PARIS N2020 cedeo (AVENUE DE),M,"44,0324600","1,3742600",82,2019,50.0,1.0,1.0,4.0,2266542,1.0,1,3,1,5.0,,-1.0,0,1954.0,A01,138Â 202Â 559,2.0,8.0,-1.0,1730077,2.0,7,,0.0,2.0,1.0,B01,138Â 202Â 560,1.0
1013519,201900055050,2,14,15:25,1,2,1,1.0,3.0,82121,PARIS N2020 cedeo (AVENUE DE),M,"44,0324600","1,3742600",82,2019,50.0,1.0,1.0,4.0,2266543,1.0,1,1,2,5.0,,-1.0,0,1941.0,B01,138Â 202Â 560,1.0,8.0,-1.0,1730076,1.0,33,,0.0,2.0,8.0,A01,138Â 202Â 559,1.0
1013519,201900055050,2,14,15:25,1,2,1,1.0,3.0,82121,PARIS N2020 cedeo (AVENUE DE),M,"44,0324600","1,3742600",82,2019,50.0,1.0,1.0,4.0,2266543,1.0,1,1,2,5.0,,-1.0,0,1941.0,B01,138Â 202Â 560,1.0,8.0,-1.0,1730077,2.0,7,,0.0,2.0,1.0,B01,138Â 202Â 560,1.0
1013520,201900055051,6,6,16:25,1,2,2,1.0,6.0,75106,RUE VAVIN,M,"48,8439860","2,3306120",75,2019,50.0,1.0,1.0,4.0,2266544,10.0,3,4,2,2.0,,3.0,3,2006.0,Z01,138Â 202Â 553,8.0,0.0,-1.0,1730078,1.0,7,,0.0,1.0,1.0,Z01,138Â 202Â 553,1.0
1013521,201900055052,6,5,13:10,1,2,1,2.0,6.0,75106,RUE DU CHERCHE MIDI,M,"48,8492830","2,3259450",75,2019,50.0,5.0,2.0,4.0,2266545,10.0,3,4,2,0.0,,3.0,3,1956.0,A01,138Â 202Â 551,8.0,0.0,-1.0,1730079,2.0,50,,0.0,1.0,1.0,A01,138Â 202Â 551,3.0
1013521,201900055052,6,5,13:10,1,2,1,2.0,6.0,75106,RUE DU CHERCHE MIDI,M,"48,8492830","2,3259450",75,2019,50.0,5.0,2.0,4.0,2266546,1.0,1,1,1,5.0,,0.0,0,1974.0,A01,138Â 202Â 551,0.0,0.0,-1.0,1730079,2.0,50,,0.0,1.0,1.0,A01,138Â 202Â 551,3.0
1013522,201900055053,6,3,14:55,1,2,3,1.0,6.0,75106,RUE DE SEINE,M,"48,8552740","2,3367920",75,2019,30.0,1.0,1.0,4.0,2266547,10.0,3,4,2,5.0,,3.0,3,1932.0,Z01,138Â 202Â 548,8.0,0.0,-1.0,1730080,2.0,10,,0.0,1.0,4.0,Z01,138Â 202Â 548,1.0
1013523,201900055054,6,1,20:00,1,2,1,1.0,1.0,75106,RUE DE VAUGIRARD,M,"48,8481810","2,3308420",75,2019,50.0,1.0,1.0,4.0,2266548,1.0,1,1,1,4.0,,0.0,0,1985.0,B01,138Â 202Â 545,8.0,0.0,-1.0,1730081,1.0,10,,0.0,2.0,2.0,B01,138Â 202Â 545,1.0
1013523,201900055054,6,1,20:00,1,2,1,1.0,1.0,75106,RUE DE VAUGIRARD,M,"48,8481810","2,3308420",75,2019,50.0,1.0,1.0,4.0,2266548,1.0,1,1,1,4.0,,0.0,0,1985.0,B01,138Â 202Â 545,8.0,0.0,-1.0,1730082,2.0,50,,0.0,2.0,1.0,A01,138Â 202Â 546,3.0
1013523,201900055054,6,1,20:00,1,2,1,1.0,1.0,75106,RUE DE VAUGIRARD,M,"48,8481810","2,3308420",75,2019,50.0,1.0,1.0,4.0,2266549,1.0,1,4,1,5.0,,0.0,0,1989.0,A01,138Â 202Â 546,8.0,0.0,-1.0,1730081,1.0,10,,0.0,2.0,2.0,B01,138Â 202Â 545,1.0
1013523,201900055054,6,1,20:00,1,2,1,1.0,1.0,75106,RUE DE VAUGIRARD,M,"48,8481810","2,3308420",75,2019,50.0,1.0,1.0,4.0,2266549,1.0,1,4,1,5.0,,0.0,0,1989.0,A01,138Â 202Â 546,8.0,0.0,-1.0,1730082,2.0,50,,0.0,2.0,1.0,A01,138Â 202Â 546,3.0
1013524,201900055055,2,14,17:00,1,2,1,1.0,6.0,80021,"15, AV DE LA DEFENSE PASSIVE",M,"49,9071800","2,3195600",80,2019,50.0,1.0,1.0,4.0,2266550,1.0,1,1,1,0.0,,0.0,0,1998.0,A01,138Â 202Â 544,1.0,0.0,-1.0,1730083,0.0,7,,0.0,1.0,1.0,A01,138Â 202Â 544,1.0
1013524,201900055055,2,14,17:00,1,2,1,1.0,6.0,80021,"15, AV DE LA DEFENSE PASSIVE",M,"49,9071800","2,3195600",80,2019,50.0,1.0,1.0,4.0,2266551,10.0,3,3,2,0.0,,3.0,3,1954.0,A01,138Â 202Â 544,8.0,0.0,-1.0,1730083,0.0,7,,0.0,1.0,1.0,A01,138Â 202Â 544,1.0
1013525,201900055056,5,31,21:15,5,2,4,1.0,3.0,75106,AVENUE DE L OBSERVATOIRE,M,"48,8401220","2,3366310",75,2019,30.0,1.0,1.0,4.0,2266552,1.0,1,1,1,5.0,,0.0,0,1966.0,A01,138Â 202Â 542,1.0,8.0,-1.0,1730084,1.0,7,,0.0,2.0,3.0,A01,138Â 202Â 542,1.0
1013525,201900055056,5,31,21:15,5,2,4,1.0,3.0,75106,AVENUE DE L OBSERVATOIRE,M,"48,8401220","2,3366310",75,2019,30.0,1.0,1.0,4.0,2266552,1.0,1,1,1,5.0,,0.0,0,1966.0,A01,138Â 202Â 542,1.0,8.0,-1.0,1730085,1.0,33,,0.0,2.0,1.0,B01,138Â 202Â 543,1.0
1013525,201900055056,5,31,21:15,5,2,4,1.0,3.0,75106,AVENUE DE L OBSERVATOIRE,M,"48,8401220","2,3366310",75,2019,30.0,1.0,1.0,4.0,2266553,1.0,1,4,1,5.0,,0.0,0,1993.0,B01,138Â 202Â 543,2.0,8.0,-1.0,1730084,1.0,7,,0.0,2.0,3.0,A01,138Â 202Â 542,1.0
1013525,201900055056,5,31,21:15,5,2,4,1.0,3.0,75106,AVENUE DE L OBSERVATOIRE,M,"48,8401220","2,3366310",75,2019,30.0,1.0,1.0,4.0,2266553,1.0,1,4,1,5.0,,0.0,0,1993.0,B01,138Â 202Â 543,2.0,8.0,-1.0,1730085,1.0,33,,0.0,2.0,1.0,B01,138Â 202Â 543,1.0
1013526,201900055057,5,31,02:10,5,2,1,1.0,6.0,75106,BOULEVARD DU MONTPARNASSE,M,"48,8409090","2,3330790",75,2019,50.0,1.0,1.0,4.0,2266554,1.0,1,3,1,0.0,,0.0,0,1997.0,A01,138Â 202Â 540,2.0,6.0,-1.0,1730086,2.0,30,,12.0,0.0,2.0,A01,138Â 202Â 540,1.0
1013527,201900055058,6,19,17:05,1,2,7,1.0,3.0,75120,AVENUE DE LA PORTE DES LILAS,M,"48,8775710","2,4079430",75,2019,50.0,1.0,1.0,4.0,2266555,1.0,1,1,1,9.0,,0.0,0,1988.0,A01,138Â 202Â 536,1.0,0.0,-1.0,1730087,3.0,7,,0.0,2.0,2.0,A01,138Â 202Â 536,1.0
1013527,201900055058,6,19,17:05,1,2,7,1.0,3.0,75120,AVENUE DE LA PORTE DES LILAS,M,"48,8775710","2,4079430",75,2019,50.0,1.0,1.0,4.0,2266555,1.0,1,1,1,9.0,,0.0,0,1988.0,A01,138Â 202Â 536,1.0,0.0,-1.0,1730088,3.0,33,,0.0,2.0,1.0,B01,138Â 202Â 537,1.0
1013527,201900055058,6,19,17:05,1,2,7,1.0,3.0,75120,AVENUE DE LA PORTE DES LILAS,M,"48,8775710","2,4079430",75,2019,50.0,1.0,1.0,4.0,2266556,1.0,1,4,1,9.0,,0.0,0,1980.0,B01,138Â 202Â 537,2.0,6.0,-1.0,1730087,3.0,7,,0.0,2.0,2.0,A01,138Â 202Â 536,1.0
1013527,201900055058,6,19,17:05,1,2,7,1.0,3.0,75120,AVENUE DE LA PORTE DES LILAS,M,"48,8775710","2,4079430",75,2019,50.0,1.0,1.0,4.0,2266556,1.0,1,4,1,9.0,,0.0,0,1980.0,B01,138Â 202Â 537,2.0,6.0,-1.0,1730088,3.0,33,,0.0,2.0,1.0,B01,138Â 202Â 537,1.0
1013528,201900055059,6,18,16:45,1,2,2,1.0,3.0,75120,RUE DE MENILMONTANT,M,"48,8683050","2,3881710",75,2019,50.0,1.0,1.0,4.0,2266557,1.0,1,4,1,5.0,,0.0,0,1996.0,A01,138Â 202Â 532,8.0,0.0,-1.0,1730089,2.0,1,,0.0,2.0,1.0,A01,138Â 202Â 532,5.0
1013528,201900055059,6,18,16:45,1,2,2,1.0,3.0,75120,RUE DE MENILMONTANT,M,"48,8683050","2,3881710",75,2019,50.0,1.0,1.0,4.0,2266557,1.0,1,4,1,5.0,,0.0,0,1996.0,A01,138Â 202Â 532,8.0,0.0,-1.0,1730090,1.0,7,,0.0,2.0,3.0,B01,138Â 202Â 534,1.0
1013528,201900055059,6,18,16:45,1,2,2,1.0,3.0,75120,RUE DE MENILMONTANT,M,"48,8683050","2,3881710",75,2019,50.0,1.0,1.0,4.0,2266558,1.0,1,1,2,5.0,,0.0,0,1998.0,B01,138Â 202Â 534,1.0,0.0,-1.0,1730089,2.0,1,,0.0,2.0,1.0,A01,138Â 202Â 532,5.0
1013528,201900055059,6,18,16:45,1,2,2,1.0,3.0,75120,RUE DE MENILMONTANT,M,"48,8683050","2,3881710",75,2019,50.0,1.0,1.0,4.0,2266558,1.0,1,1,2,5.0,,0.0,0,1998.0,B01,138Â 202Â 534,1.0,0.0,-1.0,1730090,1.0,7,,0.0,2.0,3.0,B01,138Â 202Â 534,1.0
1013529,201900055060,2,16,19:50,4,2,1,1.0,1.0,78172,CARNOT (AVENUE) nÂ°48,M,"48,9984300","2,0936900",78,2019,50.0,1.0,1.0,4.0,2266559,1.0,1,4,1,0.0,,-1.0,0,1995.0,B01,138Â 202Â 531,1.0,0.0,-1.0,1730091,1.0,7,,7.0,2.0,1.0,B01,138Â 202Â 531,1.0
1013529,201900055060,2,16,19:50,4,2,1,1.0,1.0,78172,CARNOT (AVENUE) nÂ°48,M,"48,9984300","2,0936900",78,2019,50.0,1.0,1.0,4.0,2266559,1.0,1,4,1,0.0,,-1.0,0,1995.0,B01,138Â 202Â 531,1.0,0.0,-1.0,1730092,2.0,7,,1.0,2.0,1.0,A01,138Â 202Â 533,1.0
1013529,201900055060,2,16,19:50,4,2,1,1.0,1.0,78172,CARNOT (AVENUE) nÂ°48,M,"48,9984300","2,0936900",78,2019,50.0,1.0,1.0,4.0,2266560,1.0,1,4,1,0.0,,-1.0, -1,1962.0,A01,138Â 202Â 533,1.0,0.0,-1.0,1730091,1.0,7,,7.0,2.0,1.0,B01,138Â 202Â 531,1.0
1013529,201900055060,2,16,19:50,4,2,1,1.0,1.0,78172,CARNOT (AVENUE) nÂ°48,M,"48,9984300","2,0936900",78,2019,50.0,1.0,1.0,4.0,2266560,1.0,1,4,1,0.0,,-1.0, -1,1962.0,A01,138Â 202Â 533,1.0,0.0,-1.0,1730092,2.0,7,,1.0,2.0,1.0,A01,138Â 202Â 533,1.0
1013530,201900055061,2,15,12:35,1,2,2,1.0,3.0,78123,CLEMENCEAU RUE GEORGES,M,"48,9432000","2,0288300",78,2019,50.0,1.0,1.0,4.0,2266561,1.0,1,4,1,0.0,,-1.0,0,1995.0,B01,138Â 202Â 528,2.0,-1.0,-1.0,1730093,3.0,34,,0.0,2.0,8.0,B01,138Â 202Â 528,0.0
1013530,201900055061,2,15,12:35,1,2,2,1.0,3.0,78123,CLEMENCEAU RUE GEORGES,M,"48,9432000","2,0288300",78,2019,50.0,1.0,1.0,4.0,2266561,1.0,1,4,1,0.0,,-1.0,0,1995.0,B01,138Â 202Â 528,2.0,-1.0,-1.0,1730094,3.0,7,,0.0,2.0,1.0,A01,138Â 202Â 530,0.0
1013530,201900055061,2,15,12:35,1,2,2,1.0,3.0,78123,CLEMENCEAU RUE GEORGES,M,"48,9432000","2,0288300",78,2019,50.0,1.0,1.0,4.0,2266562,2.0,2,4,2,0.0,,-1.0,0,1994.0,B01,138Â 202Â 528,2.0,-1.0,-1.0,1730093,3.0,34,,0.0,2.0,8.0,B01,138Â 202Â 528,0.0
1013530,201900055061,2,15,12:35,1,2,2,1.0,3.0,78123,CLEMENCEAU RUE GEORGES,M,"48,9432000","2,0288300",78,2019,50.0,1.0,1.0,4.0,2266562,2.0,2,4,2,0.0,,-1.0,0,1994.0,B01,138Â 202Â 528,2.0,-1.0,-1.0,1730094,3.0,7,,0.0,2.0,1.0,A01,138Â 202Â 530,0.0
1013530,201900055061,2,15,12:35,1,2,2,1.0,3.0,78123,CLEMENCEAU RUE GEORGES,M,"48,9432000","2,0288300",78,2019,50.0,1.0,1.0,4.0,2266563,1.0,1,1,2,0.0,,-1.0,0,1953.0,A01,138Â 202Â 530,1.0,0.0,-1.0,1730093,3.0,34,,0.0,2.0,8.0,B01,138Â 202Â 528,0.0
1013530,201900055061,2,15,12:35,1,2,2,1.0,3.0,78123,CLEMENCEAU RUE GEORGES,M,"48,9432000","2,0288300",78,2019,50.0,1.0,1.0,4.0,2266563,1.0,1,1,2,0.0,,-1.0,0,1953.0,A01,138Â 202Â 530,1.0,0.0,-1.0,1730094,3.0,7,,0.0,2.0,1.0,A01,138Â 202Â 530,0.0
1013531,201900055062,6,17,18:02,1,2,3,1.0,6.0,75120,RUE D AVRON,M,"48,8533360","2,4096820",75,2019,50.0,1.0,1.0,4.0,2266564,10.0,3,4,2,5.0,,3.0,3,2018.0,B01,138Â 202Â 527,8.0,0.0,-1.0,1730095,2.0,33,,0.0,1.0,4.0,B01,138Â 202Â 527,1.0
1013531,201900055062,6,17,18:02,1,2,3,1.0,6.0,75120,RUE D AVRON,M,"48,8533360","2,4096820",75,2019,50.0,1.0,1.0,4.0,2266564,10.0,3,4,2,5.0,,3.0,3,2018.0,B01,138Â 202Â 527,8.0,0.0,-1.0,1730096,2.0,31,,0.0,2.0,1.0,A01,138Â 202Â 529,1.0
1013531,201900055062,6,17,18:02,1,2,3,1.0,6.0,75120,RUE D AVRON,M,"48,8533360","2,4096820",75,2019,50.0,1.0,1.0,4.0,2266565,10.0,3,1,2,5.0,,3.0,3,1994.0,B01,138Â 202Â 527,8.0,0.0,-1.0,1730095,2.0,33,,0.0,1.0,4.0,B01,138Â 202Â 527,1.0
1013531,201900055062,6,17,18:02,1,2,3,1.0,6.0,75120,RUE D AVRON,M,"48,8533360","2,4096820",75,2019,50.0,1.0,1.0,4.0,2266565,10.0,3,1,2,5.0,,3.0,3,1994.0,B01,138Â 202Â 527,8.0,0.0,-1.0,1730096,2.0,31,,0.0,2.0,1.0,A01,138Â 202Â 529,1.0
1013531,201900055062,6,17,18:02,1,2,3,1.0,6.0,75120,RUE D AVRON,M,"48,8533360","2,4096820",75,2019,50.0,1.0,1.0,4.0,2266566,1.0,1,4,1,1.0,,0.0,0,1992.0,B01,138Â 202Â 527,2.0,8.0,-1.0,1730095,2.0,33,,0.0,1.0,4.0,B01,138Â 202Â 527,1.0
1013531,201900055062,6,17,18:02,1,2,3,1.0,6.0,75120,RUE D AVRON,M,"48,8533360","2,4096820",75,2019,50.0,1.0,1.0,4.0,2266566,1.0,1,4,1,1.0,,0.0,0,1992.0,B01,138Â 202Â 527,2.0,8.0,-1.0,1730096,2.0,31,,0.0,2.0,1.0,A01,138Â 202Â 529,1.0
1013531,201900055062,6,17,18:02,1,2,3,1.0,6.0,75120,RUE D AVRON,M,"48,8533360","2,4096820",75,2019,50.0,1.0,1.0,4.0,2266567,1.0,1,4,1,1.0,,0.0,0,1976.0,A01,138Â 202Â 529,2.0,8.0,-1.0,1730095,2.0,33,,0.0,1.0,4.0,B01,138Â 202Â 527,1.0
1013531,201900055062,6,17,18:02,1,2,3,1.0,6.0,75120,RUE D AVRON,M,"48,8533360","2,4096820",75,2019,50.0,1.0,1.0,4.0,2266567,1.0,1,4,1,1.0,,0.0,0,1976.0,A01,138Â 202Â 529,2.0,8.0,-1.0,1730096,2.0,31,,0.0,2.0,1.0,A01,138Â 202Â 529,1.0
1013532,201900055063,6,16,19:35,1,2,2,1.0,7.0,75120,BOULEVARD DAVOUT,M,"48,8479190","2,4114960",75,2019,50.0,1.0,1.0,4.0,2266568,1.0,1,1,2,5.0,,0.0,0,2003.0,A01,138Â 202Â 524,0.0,0.0,-1.0,1730097,1.0,50,,0.0,0.0,0.0,A01,138Â 202Â 524,3.0
1013532,201900055063,6,16,19:35,1,2,2,1.0,7.0,75120,BOULEVARD DAVOUT,M,"48,8479190","2,4114960",75,2019,50.0,1.0,1.0,4.0,2266569,2.0,2,4,2,5.0,,0.0,0,2003.0,A01,138Â 202Â 524,0.0,0.0,-1.0,1730097,1.0,50,,0.0,0.0,0.0,A01,138Â 202Â 524,3.0
1013533,201900055064,6,16,18:10,1,2,3,1.0,6.0,75120,RUE DE GUEBRIANT,M,"48,8733720","2,4102390",75,2019,50.0,1.0,1.0,4.0,2266570,10.0,3,1,2,5.0,,5.0,1,1980.0,A01,138Â 202Â 522,8.0,0.0,-1.0,1730098,2.0,30,,0.0,1.0,1.0,A01,138Â 202Â 522,1.0
1013533,201900055064,6,16,18:10,1,2,3,1.0,6.0,75120,RUE DE GUEBRIANT,M,"48,8733720","2,4102390",75,2019,50.0,1.0,1.0,4.0,2266571,1.0,1,1,1,5.0,,0.0,0,1997.0,A01,138Â 202Â 522,2.0,6.0,-1.0,1730098,2.0,30,,0.0,1.0,1.0,A01,138Â 202Â 522,1.0
1013533,201900055064,6,16,18:10,1,2,3,1.0,6.0,75120,RUE DE GUEBRIANT,M,"48,8733720","2,4102390",75,2019,50.0,1.0,1.0,4.0,2266572,10.0,3,4,1,5.0,,2.0,3,2016.0,A01,138Â 202Â 522,8.0,0.0,-1.0,1730098,2.0,30,,0.0,1.0,1.0,A01,138Â 202Â 522,1.0
1013534,201900055065,2,14,08:20,1,1,1,1.0,4.0,77123,CD 212,M,"48,9763300","2,6605800",77,2019,80.0,1.0,1.0,3.0,2266573,1.0,1,4,2,0.0,,0.0,0,1976.0,B01,138Â 202Â 518,1.0,0.0,-1.0,1730099,1.0,7,,0.0,2.0,5.0,B01,138Â 202Â 518,0.0
1013534,201900055065,2,14,08:20,1,1,1,1.0,4.0,77123,CD 212,M,"48,9763300","2,6605800",77,2019,80.0,1.0,1.0,3.0,2266573,1.0,1,4,2,0.0,,0.0,0,1976.0,B01,138Â 202Â 518,1.0,0.0,-1.0,1730100,1.0,7,,0.0,2.0,4.0,C01,138Â 202Â 520,0.0
1013534,201900055065,2,14,08:20,1,1,1,1.0,4.0,77123,CD 212,M,"48,9763300","2,6605800",77,2019,80.0,1.0,1.0,3.0,2266573,1.0,1,4,2,0.0,,0.0,0,1976.0,B01,138Â 202Â 518,1.0,0.0,-1.0,1730101,1.0,7,,1.0,2.0,3.0,A01,138Â 202Â 521,0.0
1013534,201900055065,2,14,08:20,1,1,1,1.0,4.0,77123,CD 212,M,"48,9763300","2,6605800",77,2019,80.0,1.0,1.0,3.0,2266574,1.0,1,1,1,0.0,,0.0,0,1970.0,C01,138Â 202Â 520,1.0,0.0,-1.0,1730099,1.0,7,,0.0,2.0,5.0,B01,138Â 202Â 518,0.0
1013534,201900055065,2,14,08:20,1,1,1,1.0,4.0,77123,CD 212,M,"48,9763300","2,6605800",77,2019,80.0,1.0,1.0,3.0,2266574,1.0,1,1,1,0.0,,0.0,0,1970.0,C01,138Â 202Â 520,1.0,0.0,-1.0,1730100,1.0,7,,0.0,2.0,4.0,C01,138Â 202Â 520,0.0
1013534,201900055065,2,14,08:20,1,1,1,1.0,4.0,77123,CD 212,M,"48,9763300","2,6605800",77,2019,80.0,1.0,1.0,3.0,2266574,1.0,1,1,1,0.0,,0.0,0,1970.0,C01,138Â 202Â 520,1.0,0.0,-1.0,1730101,1.0,7,,1.0,2.0,3.0,A01,138Â 202Â 521,0.0
1013534,201900055065,2,14,08:20,1,1,1,1.0,4.0,77123,CD 212,M,"48,9763300","2,6605800",77,2019,80.0,1.0,1.0,3.0,2266575,1.0,1,4,1,0.0,,0.0,0,1961.0,A01,138Â 202Â 521,1.0,5.0,-1.0,1730099,1.0,7,,0.0,2.0,5.0,B01,138Â 202Â 518,0.0
1013534,201900055065,2,14,08:20,1,1,1,1.0,4.0,77123,CD 212,M,"48,9763300","2,6605800",77,2019,80.0,1.0,1.0,3.0,2266575,1.0,1,4,1,0.0,,0.0,0,1961.0,A01,138Â 202Â 521,1.0,5.0,-1.0,1730100,1.0,7,,0.0,2.0,4.0,C01,138Â 202Â 520,0.0
1013534,201900055065,2,14,08:20,1,1,1,1.0,4.0,77123,CD 212,M,"48,9763300","2,6605800",77,2019,80.0,1.0,1.0,3.0,2266575,1.0,1,4,1,0.0,,0.0,0,1961.0,A01,138Â 202Â 521,1.0,5.0,-1.0,1730101,1.0,7,,1.0,2.0,3.0,A01,138Â 202Â 521,0.0
1013535,201900055066,6,14,17:00,1,2,2,1.0,3.0,75120,RUE DES PYRENEES,M,"48,8561950","2,4049200",75,2019,50.0,1.0,1.0,4.0,2266576,1.0,1,4,1,5.0,,0.0,0,2003.0,B01,138Â 202Â 517,0.0,0.0,-1.0,1730102,2.0,50,,0.0,2.0,1.0,B01,138Â 202Â 517,3.0
1013535,201900055066,6,14,17:00,1,2,2,1.0,3.0,75120,RUE DES PYRENEES,M,"48,8561950","2,4049200",75,2019,50.0,1.0,1.0,4.0,2266576,1.0,1,4,1,5.0,,0.0,0,2003.0,B01,138Â 202Â 517,0.0,0.0,-1.0,1730103,2.0,7,,0.0,2.0,8.0,A01,138Â 202Â 519,1.0
1013535,201900055066,6,14,17:00,1,2,2,1.0,3.0,75120,RUE DES PYRENEES,M,"48,8561950","2,4049200",75,2019,50.0,1.0,1.0,4.0,2266577,1.0,1,1,1,4.0,,0.0,0,1972.0,A01,138Â 202Â 519,1.0,0.0,-1.0,1730102,2.0,50,,0.0,2.0,1.0,B01,138Â 202Â 517,3.0
1013535,201900055066,6,14,17:00,1,2,2,1.0,3.0,75120,RUE DES PYRENEES,M,"48,8561950","2,4049200",75,2019,50.0,1.0,1.0,4.0,2266577,1.0,1,1,1,4.0,,0.0,0,1972.0,A01,138Â 202Â 519,1.0,0.0,-1.0,1730103,2.0,7,,0.0,2.0,8.0,A01,138Â 202Â 519,1.0
1013536,201900055067,6,14,13:10,1,2,2,1.0,2.0,75120,RUE DES DOCTEURS DEJERINE,M,"48,8546420","2,4120830",75,2019,50.0,1.0,1.0,4.0,2266578,2.0,2,4,1,5.0,,0.0,0,1980.0,A01,138Â 202Â 511,1.0,0.0,-1.0,1730104,2.0,7,,1.0,2.0,2.0,A01,138Â 202Â 511,1.0
1013536,201900055067,6,14,13:10,1,2,2,1.0,2.0,75120,RUE DES DOCTEURS DEJERINE,M,"48,8546420","2,4120830",75,2019,50.0,1.0,1.0,4.0,2266578,2.0,2,4,1,5.0,,0.0,0,1980.0,A01,138Â 202Â 511,1.0,0.0,-1.0,1730105,2.0,7,,0.0,2.0,6.0,B01,138Â 202Â 513,1.0
1013536,201900055067,6,14,13:10,1,2,2,1.0,2.0,75120,RUE DES DOCTEURS DEJERINE,M,"48,8546420","2,4120830",75,2019,50.0,1.0,1.0,4.0,2266579,1.0,1,4,2,5.0,,0.0,0,1990.0,A01,138Â 202Â 511,1.0,0.0,-1.0,1730104,2.0,7,,1.0,2.0,2.0,A01,138Â 202Â 511,1.0
1013536,201900055067,6,14,13:10,1,2,2,1.0,2.0,75120,RUE DES DOCTEURS DEJERINE,M,"48,8546420","2,4120830",75,2019,50.0,1.0,1.0,4.0,2266579,1.0,1,4,2,5.0,,0.0,0,1990.0,A01,138Â 202Â 511,1.0,0.0,-1.0,1730105,2.0,7,,0.0,2.0,6.0,B01,138Â 202Â 513,1.0
1013536,201900055067,6,14,13:10,1,2,2,1.0,2.0,75120,RUE DES DOCTEURS DEJERINE,M,"48,8546420","2,4120830",75,2019,50.0,1.0,1.0,4.0,2266580,1.0,1,4,2,2.0,,0.0,0,1989.0,B01,138Â 202Â 513,1.0,0.0,-1.0,1730104,2.0,7,,1.0,2.0,2.0,A01,138Â 202Â 511,1.0
1013536,201900055067,6,14,13:10,1,2,2,1.0,2.0,75120,RUE DES DOCTEURS DEJERINE,M,"48,8546420","2,4120830",75,2019,50.0,1.0,1.0,4.0,2266580,1.0,1,4,2,2.0,,0.0,0,1989.0,B01,138Â 202Â 513,1.0,0.0,-1.0,1730105,2.0,7,,0.0,2.0,6.0,B01,138Â 202Â 513,1.0
1013537,201900055068,6,14,10:40,1,2,3,1.0,6.0,75120,RUE BELGRAND,M,"48,8648430","2,4001810",75,2019,50.0,1.0,1.0,4.0,2266581,1.0,1,4,1,5.0,,0.0,0,1975.0,A01,138Â 202Â 508,2.0,6.0,-1.0,1730106,2.0,33,,7.0,0.0,1.0,A01,138Â 202Â 508,1.0