Unnamed: 0_x,num_acc,mois,jour,hrmn,lum,agg,int,atm,col,com,adr,gps,lat,long,dep,annee,vma,situ,surf,catr,Unnamed: 0_y,place,catu,grav,sexe,trajet,secu,locp,actp,an_nais,num_veh_x,id_vehicule_x,secu1,secu2,secu3,Unnamed: 0,senc,catv,occutc,obs,obsm,choc,num_veh_y,id_vehicule_y,motor
1013538,201900055069,2,15,18:06,2,1,1,1.0,4.0,77121,DEPARTEMENTALE 471 (ROUTE),M,"48,8211000","2,6861300",77,2019,80.0,1.0,1.0,3.0,2266582,1.0,1,4,2,5.0,,-1.0,0,1973.0,B01,138Â 202Â 507,1.0,8.0,-1.0,1730107,1.0,7,,0.0,2.0,4.0,B01,138Â 202Â 507,1.0
1013538,201900055069,2,15,18:06,2,1,1,1.0,4.0,77121,DEPARTEMENTALE 471 (ROUTE),M,"48,8211000","2,6861300",77,2019,80.0,1.0,1.0,3.0,2266582,1.0,1,4,2,5.0,,-1.0,0,1973.0,B01,138Â 202Â 507,1.0,8.0,-1.0,1730108,1.0,7,,0.0,2.0,4.0,C01,138Â 202Â 509,1.0
1013538,201900055069,2,15,18:06,2,1,1,1.0,4.0,77121,DEPARTEMENTALE 471 (ROUTE),M,"48,8211000","2,6861300",77,2019,80.0,1.0,1.0,3.0,2266582,1.0,1,4,2,5.0,,-1.0,0,1973.0,B01,138Â 202Â 507,1.0,8.0,-1.0,1730109,1.0,7,,0.0,2.0,1.0,A01,138Â 202Â 510,1.0
1013538,201900055069,2,15,18:06,2,1,1,1.0,4.0,77121,DEPARTEMENTALE 471 (ROUTE),M,"48,8211000","2,6861300",77,2019,80.0,1.0,1.0,3.0,2266583,1.0,1,1,1,1.0,,-1.0,0,1972.0,C01,138Â 202Â 509,1.0,8.0,-1.0,1730107,1.0,7,,0.0,2.0,4.0,B01,138Â 202Â 507,1.0
1013538,201900055069,2,15,18:06,2,1,1,1.0,4.0,77121,DEPARTEMENTALE 471 (ROUTE),M,"48,8211000","2,6861300",77,2019,80.0,1.0,1.0,3.0,2266583,1.0,1,1,1,1.0,,-1.0,0,1972.0,C01,138Â 202Â 509,1.0,8.0,-1.0,1730108,1.0,7,,0.0,2.0,4.0,C01,138Â 202Â 509,1.0
1013538,201900055069,2,15,18:06,2,1,1,1.0,4.0,77121,DEPARTEMENTALE 471 (ROUTE),M,"48,8211000","2,6861300",77,2019,80.0,1.0,1.0,3.0,2266583,1.0,1,1,1,1.0,,-1.0,0,1972.0,C01,138Â 202Â 509,1.0,8.0,-1.0,1730109,1.0,7,,0.0,2.0,1.0,A01,138Â 202Â 510,1.0
1013538,201900055069,2,15,18:06,2,1,1,1.0,4.0,77121,DEPARTEMENTALE 471 (ROUTE),M,"48,8211000","2,6861300",77,2019,80.0,1.0,1.0,3.0,2266584,1.0,1,1,1,1.0,,-1.0,0,1990.0,A01,138Â 202Â 510,1.0,8.0,-1.0,1730107,1.0,7,,0.0,2.0,4.0,B01,138Â 202Â 507,1.0
1013538,201900055069,2,15,18:06,2,1,1,1.0,4.0,77121,DEPARTEMENTALE 471 (ROUTE),M,"48,8211000","2,6861300",77,2019,80.0,1.0,1.0,3.0,2266584,1.0,1,1,1,1.0,,-1.0,0,1990.0,A01,138Â 202Â 510,1.0,8.0,-1.0,1730108,1.0,7,,0.0,2.0,4.0,C01,138Â 202Â 509,1.0
1013538,201900055069,2,15,18:06,2,1,1,1.0,4.0,77121,DEPARTEMENTALE 471 (ROUTE),M,"48,8211000","2,6861300",77,2019,80.0,1.0,1.0,3.0,2266584,1.0,1,1,1,1.0,,-1.0,0,1990.0,A01,138Â 202Â 510,1.0,8.0,-1.0,1730109,1.0,7,,0.0,2.0,1.0,A01,138Â 202Â 510,1.0
1013539,201900055070,6,11,18:10,1,2,1,2.0,6.0,75120,BOULEVARD DAVOUT,M,"48,8637270","2,4086570",75,2019,50.0,1.0,2.0,4.0,2266585,10.0,3,4,1,0.0,,4.0,5,2016.0,A01,138Â 202Â 506,8.0,0.0,-1.0,1730110,2.0,7,,0.0,1.0,2.0,A01,138Â 202Â 506,1.0
1013539,201900055070,6,11,18:10,1,2,1,2.0,6.0,75120,BOULEVARD DAVOUT,M,"48,8637270","2,4086570",75,2019,50.0,1.0,2.0,4.0,2266586,1.0,1,1,1,0.0,,0.0,0,1950.0,A01,138Â 202Â 506,1.0,0.0,-1.0,1730110,2.0,7,,0.0,1.0,2.0,A01,138Â 202Â 506,1.0
1013540,201900055071,2,17,14:55,1,1,1,1.0,3.0,77210,D605 - Route Nationale 105,M,"48,4104900","2,9236500",77,2019,80.0,1.0,1.0,3.0,2266587,1.0,1,4,1,1.0,,-1.0,0,1989.0,A01,138Â 202Â 505,1.0,0.0,-1.0,1730111,1.0,10,,0.0,2.0,3.0,B01,138Â 202Â 503,0.0
1013540,201900055071,2,17,14:55,1,1,1,1.0,3.0,77210,D605 - Route Nationale 105,M,"48,4104900","2,9236500",77,2019,80.0,1.0,1.0,3.0,2266587,1.0,1,4,1,1.0,,-1.0,0,1989.0,A01,138Â 202Â 505,1.0,0.0,-1.0,1730112,1.0,7,,0.0,2.0,7.0,A01,138Â 202Â 505,1.0
1013541,201900055072,6,10,08:39,1,2,2,1.0,6.0,75120,COURS DE VINCENNES,M,"48,8475480","2,4063250",75,2019,50.0,1.0,1.0,4.0,2266588,1.0,1,4,1,5.0,,0.0,0,1975.0,A01,138Â 202Â 502,2.0,8.0,-1.0,1730113,2.0,30,,0.0,2.0,6.0,A01,138Â 202Â 502,1.0
1013541,201900055072,6,10,08:39,1,2,2,1.0,6.0,75120,COURS DE VINCENNES,M,"48,8475480","2,4063250",75,2019,50.0,1.0,1.0,4.0,2266588,1.0,1,4,1,5.0,,0.0,0,1975.0,A01,138Â 202Â 502,2.0,8.0,-1.0,1730114,2.0,7,,0.0,2.0,0.0,Z01,138Â 202Â 504,1.0
1013542,201900055073,6,7,13:25,1,2,2,1.0,3.0,75120,AVENUE DU PROFESSEUR ANDRE LEMIERE,M,"48,8543410","2,4153410",75,2019,50.0,1.0,1.0,4.0,2266589,1.0,1,4,1,0.0,,0.0,0,1989.0,B01,138Â 202Â 499,2.0,0.0,-1.0,1730115,2.0,33,,0.0,2.0,0.0,B01,138Â 202Â 499,1.0
1013542,201900055073,6,7,13:25,1,2,2,1.0,3.0,75120,AVENUE DU PROFESSEUR ANDRE LEMIERE,M,"48,8543410","2,4153410",75,2019,50.0,1.0,1.0,4.0,2266589,1.0,1,4,1,0.0,,0.0,0,1989.0,B01,138Â 202Â 499,2.0,0.0,-1.0,1730116,0.0,7,,0.0,2.0,2.0,A01,138Â 202Â 500,1.0
1013542,201900055073,6,7,13:25,1,2,2,1.0,3.0,75120,AVENUE DU PROFESSEUR ANDRE LEMIERE,M,"48,8543410","2,4153410",75,2019,50.0,1.0,1.0,4.0,2266590,1.0,1,1,1,9.0,,0.0,0,1958.0,A01,138Â 202Â 500,1.0,0.0,-1.0,1730115,2.0,33,,0.0,2.0,0.0,B01,138Â 202Â 499,1.0
1013542,201900055073,6,7,13:25,1,2,2,1.0,3.0,75120,AVENUE DU PROFESSEUR ANDRE LEMIERE,M,"48,8543410","2,4153410",75,2019,50.0,1.0,1.0,4.0,2266590,1.0,1,1,1,9.0,,0.0,0,1958.0,A01,138Â 202Â 500,1.0,0.0,-1.0,1730116,0.0,7,,0.0,2.0,2.0,A01,138Â 202Â 500,1.0
1013543,201900055074,2,16,12:20,1,1,6,1.0,3.0,77058,D406 X D35-MARIE CURIE (AV),M,"48,8331000","2,7057000",77,2019,50.0,1.0,1.0,3.0,2266591,1.0,1,4,1,0.0,,0.0,0,1940.0,B01,138Â 202Â 497,8.0,0.0,-1.0,1730117,1.0,10,,0.0,1.0,0.0,B01,138Â 202Â 497,1.0
1013543,201900055074,2,16,12:20,1,1,6,1.0,3.0,77058,D406 X D35-MARIE CURIE (AV),M,"48,8331000","2,7057000",77,2019,50.0,1.0,1.0,3.0,2266591,1.0,1,4,1,0.0,,0.0,0,1940.0,B01,138Â 202Â 497,8.0,0.0,-1.0,1730118,3.0,1,,0.0,2.0,1.0,A01,138Â 202Â 498,5.0
1013543,201900055074,2,16,12:20,1,1,6,1.0,3.0,77058,D406 X D35-MARIE CURIE (AV),M,"48,8331000","2,7057000",77,2019,50.0,1.0,1.0,3.0,2266592,1.0,1,1,1,0.0,,-1.0,0,1960.0,A01,138Â 202Â 498,2.0,0.0,-1.0,1730117,1.0,10,,0.0,1.0,0.0,B01,138Â 202Â 497,1.0
1013543,201900055074,2,16,12:20,1,1,6,1.0,3.0,77058,D406 X D35-MARIE CURIE (AV),M,"48,8331000","2,7057000",77,2019,50.0,1.0,1.0,3.0,2266592,1.0,1,1,1,0.0,,-1.0,0,1960.0,A01,138Â 202Â 498,2.0,0.0,-1.0,1730118,3.0,1,,0.0,2.0,1.0,A01,138Â 202Â 498,5.0
1013544,201900055075,6,7,00:45,5,2,1,1.0,2.0,75112,AVENUE DE SAINT MANDE,M,"48,8449240","2,4030170",75,2019,50.0,1.0,1.0,4.0,2266593,4.0,2,1,1,0.0,,0.0,0,2000.0,B01,138Â 202Â 495,1.0,0.0,-1.0,1730119,2.0,7,,0.0,2.0,4.0,B01,138Â 202Â 495,1.0
1013544,201900055075,6,7,00:45,5,2,1,1.0,2.0,75112,AVENUE DE SAINT MANDE,M,"48,8449240","2,4030170",75,2019,50.0,1.0,1.0,4.0,2266593,4.0,2,1,1,0.0,,0.0,0,2000.0,B01,138Â 202Â 495,1.0,0.0,-1.0,1730120,2.0,32,,0.0,2.0,1.0,A01,138Â 202Â 496,1.0
1013544,201900055075,6,7,00:45,5,2,1,1.0,2.0,75112,AVENUE DE SAINT MANDE,M,"48,8449240","2,4030170",75,2019,50.0,1.0,1.0,4.0,2266594,1.0,1,1,1,0.0,,0.0,0,1998.0,B01,138Â 202Â 495,1.0,0.0,-1.0,1730119,2.0,7,,0.0,2.0,4.0,B01,138Â 202Â 495,1.0
1013544,201900055075,6,7,00:45,5,2,1,1.0,2.0,75112,AVENUE DE SAINT MANDE,M,"48,8449240","2,4030170",75,2019,50.0,1.0,1.0,4.0,2266594,1.0,1,1,1,0.0,,0.0,0,1998.0,B01,138Â 202Â 495,1.0,0.0,-1.0,1730120,2.0,32,,0.0,2.0,1.0,A01,138Â 202Â 496,1.0
1013544,201900055075,6,7,00:45,5,2,1,1.0,2.0,75112,AVENUE DE SAINT MANDE,M,"48,8449240","2,4030170",75,2019,50.0,1.0,1.0,4.0,2266595,3.0,2,1,1,0.0,,0.0,0,2000.0,B01,138Â 202Â 495,1.0,0.0,-1.0,1730119,2.0,7,,0.0,2.0,4.0,B01,138Â 202Â 495,1.0
1013544,201900055075,6,7,00:45,5,2,1,1.0,2.0,75112,AVENUE DE SAINT MANDE,M,"48,8449240","2,4030170",75,2019,50.0,1.0,1.0,4.0,2266595,3.0,2,1,1,0.0,,0.0,0,2000.0,B01,138Â 202Â 495,1.0,0.0,-1.0,1730120,2.0,32,,0.0,2.0,1.0,A01,138Â 202Â 496,1.0
1013544,201900055075,6,7,00:45,5,2,1,1.0,2.0,75112,AVENUE DE SAINT MANDE,M,"48,8449240","2,4030170",75,2019,50.0,1.0,1.0,4.0,2266596,2.0,2,1,1,0.0,,0.0,0,1998.0,B01,138Â 202Â 495,1.0,0.0,-1.0,1730119,2.0,7,,0.0,2.0,4.0,B01,138Â 202Â 495,1.0
1013544,201900055075,6,7,00:45,5,2,1,1.0,2.0,75112,AVENUE DE SAINT MANDE,M,"48,8449240","2,4030170",75,2019,50.0,1.0,1.0,4.0,2266596,2.0,2,1,1,0.0,,0.0,0,1998.0,B01,138Â 202Â 495,1.0,0.0,-1.0,1730120,2.0,32,,0.0,2.0,1.0,A01,138Â 202Â 496,1.0
1013544,201900055075,6,7,00:45,5,2,1,1.0,2.0,75112,AVENUE DE SAINT MANDE,M,"48,8449240","2,4030170",75,2019,50.0,1.0,1.0,4.0,2266597,1.0,1,4,1,0.0,,0.0,0,1955.0,A01,138Â 202Â 496,2.0,6.0,-1.0,1730119,2.0,7,,0.0,2.0,4.0,B01,138Â 202Â 495,1.0
1013544,201900055075,6,7,00:45,5,2,1,1.0,2.0,75112,AVENUE DE SAINT MANDE,M,"48,8449240","2,4030170",75,2019,50.0,1.0,1.0,4.0,2266597,1.0,1,4,1,0.0,,0.0,0,1955.0,A01,138Â 202Â 496,2.0,6.0,-1.0,1730120,2.0,32,,0.0,2.0,1.0,A01,138Â 202Â 496,1.0
1013545,201900055076,2,15,10:15,1,2,9,7.0,6.0,77131,GENERAL DE GAULLE (RUE DU),M,"48,8121484","3,0842210",77,2019,30.0,1.0,1.0,4.0,2266598,10.0,3,3,2,3.0,,9.0,2,1929.0,A01,138Â 202Â 494,8.0,0.0,-1.0,1730121,3.0,10,,0.0,1.0,4.0,A01,138Â 202Â 494,1.0
1013545,201900055076,2,15,10:15,1,2,9,7.0,6.0,77131,GENERAL DE GAULLE (RUE DU),M,"48,8121484","3,0842210",77,2019,30.0,1.0,1.0,4.0,2266599,1.0,1,1,1,5.0,,-1.0,0,1995.0,A01,138Â 202Â 494,1.0,0.0,-1.0,1730121,3.0,10,,0.0,1.0,4.0,A01,138Â 202Â 494,1.0
1013546,201900055077,6,6,16:15,1,2,2,1.0,6.0,75120,RUE BELGRAND,M,"48,8646830","2,4041580",75,2019,50.0,1.0,1.0,4.0,2266600,1.0,1,1,1,1.0,,0.0,0,1989.0,A01,138Â 202Â 493,1.0,0.0,-1.0,1730122,2.0,7,,0.0,1.0,1.0,A01,138Â 202Â 493,1.0
1013546,201900055077,6,6,16:15,1,2,2,1.0,6.0,75120,RUE BELGRAND,M,"48,8646830","2,4041580",75,2019,50.0,1.0,1.0,4.0,2266601,10.0,3,4,2,1.0,,4.0,3,1961.0,A01,138Â 202Â 493,8.0,0.0,-1.0,1730122,2.0,7,,0.0,1.0,1.0,A01,138Â 202Â 493,1.0
1013547,201900055078,2,13,12:25,1,2,2,1.0,3.0,76540,LECLERC. RUE DU GENERAL,M,"49,4392163","1,0958031",76,2019,50.0,1.0,1.0,4.0,2266602,8.0,2,4,2,9.0,,0.0,0,1972.0,A01,138Â 202Â 490,8.0,0.0,-1.0,1730123,0.0,37,5.0,0.0,2.0,2.0,A01,138Â 202Â 490,1.0
1013547,201900055078,2,13,12:25,1,2,2,1.0,3.0,76540,LECLERC. RUE DU GENERAL,M,"49,4392163","1,0958031",76,2019,50.0,1.0,1.0,4.0,2266602,8.0,2,4,2,9.0,,0.0,0,1972.0,A01,138Â 202Â 490,8.0,0.0,-1.0,1730124,0.0,7,,0.0,2.0,3.0,Z01,138Â 202Â 492,1.0
1013547,201900055078,2,13,12:25,1,2,2,1.0,3.0,76540,LECLERC. RUE DU GENERAL,M,"49,4392163","1,0958031",76,2019,50.0,1.0,1.0,4.0,2266603,8.0,2,4,2,9.0,,0.0,0,2000.0,A01,138Â 202Â 490,8.0,0.0,-1.0,1730123,0.0,37,5.0,0.0,2.0,2.0,A01,138Â 202Â 490,1.0
1013547,201900055078,2,13,12:25,1,2,2,1.0,3.0,76540,LECLERC. RUE DU GENERAL,M,"49,4392163","1,0958031",76,2019,50.0,1.0,1.0,4.0,2266603,8.0,2,4,2,9.0,,0.0,0,2000.0,A01,138Â 202Â 490,8.0,0.0,-1.0,1730124,0.0,7,,0.0,2.0,3.0,Z01,138Â 202Â 492,1.0
1013547,201900055078,2,13,12:25,1,2,2,1.0,3.0,76540,LECLERC. RUE DU GENERAL,M,"49,4392163","1,0958031",76,2019,50.0,1.0,1.0,4.0,2266604,8.0,2,4,2,9.0,,0.0,0,1942.0,A01,138Â 202Â 490,8.0,0.0,-1.0,1730123,0.0,37,5.0,0.0,2.0,2.0,A01,138Â 202Â 490,1.0
1013547,201900055078,2,13,12:25,1,2,2,1.0,3.0,76540,LECLERC. RUE DU GENERAL,M,"49,4392163","1,0958031",76,2019,50.0,1.0,1.0,4.0,2266604,8.0,2,4,2,9.0,,0.0,0,1942.0,A01,138Â 202Â 490,8.0,0.0,-1.0,1730124,0.0,7,,0.0,2.0,3.0,Z01,138Â 202Â 492,1.0
1013547,201900055078,2,13,12:25,1,2,2,1.0,3.0,76540,LECLERC. RUE DU GENERAL,M,"49,4392163","1,0958031",76,2019,50.0,1.0,1.0,4.0,2266605,8.0,2,4,2,9.0,,0.0,0,2000.0,A01,138Â 202Â 490,8.0,0.0,-1.0,1730123,0.0,37,5.0,0.0,2.0,2.0,A01,138Â 202Â 490,1.0
1013547,201900055078,2,13,12:25,1,2,2,1.0,3.0,76540,LECLERC. RUE DU GENERAL,M,"49,4392163","1,0958031",76,2019,50.0,1.0,1.0,4.0,2266605,8.0,2,4,2,9.0,,0.0,0,2000.0,A01,138Â 202Â 490,8.0,0.0,-1.0,1730124,0.0,7,,0.0,2.0,3.0,Z01,138Â 202Â 492,1.0
1013547,201900055078,2,13,12:25,1,2,2,1.0,3.0,76540,LECLERC. RUE DU GENERAL,M,"49,4392163","1,0958031",76,2019,50.0,1.0,1.0,4.0,2266606,1.0,1,1,1,4.0,,0.0,0,1961.0,A01,138Â 202Â 490,8.0,0.0,-1.0,1730123,0.0,37,5.0,0.0,2.0,2.0,A01,138Â 202Â 490,1.0
1013547,201900055078,2,13,12:25,1,2,2,1.0,3.0,76540,LECLERC. RUE DU GENERAL,M,"49,4392163","1,0958031",76,2019,50.0,1.0,1.0,4.0,2266606,1.0,1,1,1,4.0,,0.0,0,1961.0,A01,138Â 202Â 490,8.0,0.0,-1.0,1730124,0.0,7,,0.0,2.0,3.0,Z01,138Â 202Â 492,1.0
1013548,201900055079,6,5,18:50,1,2,4,3.0,7.0,75120,PLACE DE LA PORTE DE MONTREUIL,M,"48,8545710","2,4134140",75,2019,30.0,1.0,2.0,4.0,2266607,1.0,1,4,1,0.0,,0.0,0,1979.0,A01,138Â 202Â 487,2.0,8.0,-1.0,1730125,0.0,2,,12.0,2.0,8.0,A01,138Â 202Â 487,3.0
1013549,201900055080,2,14,18:00,1,2,2,1.0,3.0,76351,THIRE ET BONFAIT (AV.),M,"49,5079800","0,1540600",76,2019,50.0,1.0,1.0,4.0,2266608,1.0,1,4,2,0.0,,-1.0,0,1978.0,A01,138Â 202Â 486,1.0,0.0,-1.0,1730126,0.0,7,,0.0,2.0,1.0,A01,138Â 202Â 486,1.0
1013549,201900055080,2,14,18:00,1,2,2,1.0,3.0,76351,THIRE ET BONFAIT (AV.),M,"49,5079800","0,1540600",76,2019,50.0,1.0,1.0,4.0,2266608,1.0,1,4,2,0.0,,-1.0,0,1978.0,A01,138Â 202Â 486,1.0,0.0,-1.0,1730127,0.0,7,,0.0,2.0,8.0,B01,138Â 202Â 488,1.0
1013549,201900055080,2,14,18:00,1,2,2,1.0,3.0,76351,THIRE ET BONFAIT (AV.),M,"49,5079800","0,1540600",76,2019,50.0,1.0,1.0,4.0,2266609,1.0,1,1,1,0.0,,-1.0,0,1975.0,B01,138Â 202Â 488,1.0,0.0,-1.0,1730126,0.0,7,,0.0,2.0,1.0,A01,138Â 202Â 486,1.0
1013549,201900055080,2,14,18:00,1,2,2,1.0,3.0,76351,THIRE ET BONFAIT (AV.),M,"49,5079800","0,1540600",76,2019,50.0,1.0,1.0,4.0,2266609,1.0,1,1,1,0.0,,-1.0,0,1975.0,B01,138Â 202Â 488,1.0,0.0,-1.0,1730127,0.0,7,,0.0,2.0,8.0,B01,138Â 202Â 488,1.0
1013550,201900055081,6,5,13:50,1,2,2,2.0,3.0,75120,BOULEVARD DAVOUT,M,"48,8535390","2,4107830",75,2019,50.0,1.0,2.0,4.0,2266610,1.0,1,4,1,5.0,,0.0,0,1954.0,A01,138Â 202Â 483,1.0,0.0,-1.0,1730128,1.0,7,,0.0,2.0,1.0,A01,138Â 202Â 483,1.0
1013550,201900055081,6,5,13:50,1,2,2,2.0,3.0,75120,BOULEVARD DAVOUT,M,"48,8535390","2,4107830",75,2019,50.0,1.0,2.0,4.0,2266610,1.0,1,4,1,5.0,,0.0,0,1954.0,A01,138Â 202Â 483,1.0,0.0,-1.0,1730129,1.0,7,,0.0,2.0,3.0,B01,138Â 202Â 485,1.0
1013550,201900055081,6,5,13:50,1,2,2,2.0,3.0,75120,BOULEVARD DAVOUT,M,"48,8535390","2,4107830",75,2019,50.0,1.0,2.0,4.0,2266611,1.0,1,1,2,1.0,,0.0,0,1989.0,B01,138Â 202Â 485,1.0,0.0,-1.0,1730128,1.0,7,,0.0,2.0,1.0,A01,138Â 202Â 483,1.0
1013550,201900055081,6,5,13:50,1,2,2,2.0,3.0,75120,BOULEVARD DAVOUT,M,"48,8535390","2,4107830",75,2019,50.0,1.0,2.0,4.0,2266611,1.0,1,1,2,1.0,,0.0,0,1989.0,B01,138Â 202Â 485,1.0,0.0,-1.0,1730129,1.0,7,,0.0,2.0,3.0,B01,138Â 202Â 485,1.0
1013551,201900055082,2,13,14:00,1,2,3,1.0,3.0,76351,ALGER,M,"49,4980000","0,0960400",76,2019,50.0,1.0,1.0,4.0,2266612,1.0,1,1,1,0.0,,-1.0, -1,1998.0,A01,138Â 202Â 482,1.0,0.0,-1.0,1730130,0.0,7,,0.0,2.0,6.0,A01,138Â 202Â 482,1.0
1013551,201900055082,2,13,14:00,1,2,3,1.0,3.0,76351,ALGER,M,"49,4980000","0,0960400",76,2019,50.0,1.0,1.0,4.0,2266612,1.0,1,1,1,0.0,,-1.0, -1,1998.0,A01,138Â 202Â 482,1.0,0.0,-1.0,1730131,0.0,33,,0.0,2.0,1.0,B01,138Â 202Â 484,1.0
1013551,201900055082,2,13,14:00,1,2,3,1.0,3.0,76351,ALGER,M,"49,4980000","0,0960400",76,2019,50.0,1.0,1.0,4.0,2266613,1.0,1,4,2,0.0,,-1.0,0,1996.0,B01,138Â 202Â 484,2.0,0.0,-1.0,1730130,0.0,7,,0.0,2.0,6.0,A01,138Â 202Â 482,1.0
1013551,201900055082,2,13,14:00,1,2,3,1.0,3.0,76351,ALGER,M,"49,4980000","0,0960400",76,2019,50.0,1.0,1.0,4.0,2266613,1.0,1,4,2,0.0,,-1.0,0,1996.0,B01,138Â 202Â 484,2.0,0.0,-1.0,1730131,0.0,33,,0.0,2.0,1.0,B01,138Â 202Â 484,1.0
1013552,201900055083,6,2,14:30,1,2,1,1.0,6.0,75120,RUE DE BELLEVILLE,M,"48,8760530","2,4028610",75,2019,50.0,1.0,1.0,4.0,2266614,10.0,3,4,1,0.0,,2.0,3,2010.0,A01,138Â 202Â 481,8.0,0.0,-1.0,1730132,1.0,7,,0.0,1.0,3.0,A01,138Â 202Â 481,1.0
1013552,201900055083,6,2,14:30,1,2,1,1.0,6.0,75120,RUE DE BELLEVILLE,M,"48,8760530","2,4028610",75,2019,50.0,1.0,1.0,4.0,2266615,1.0,1,1,1,0.0,,0.0,0,1958.0,A01,138Â 202Â 481,1.0,0.0,-1.0,1730132,1.0,7,,0.0,1.0,3.0,A01,138Â 202Â 481,1.0
1013553,201900055084,6,19,17:45,1,2,2,1.0,3.0,75119,AVENUE CORENTIN CARIOU,M,"48,8981780","2,3859910",75,2019,50.0,5.0,1.0,4.0,2266616,1.0,1,1,1,1.0,,0.0,0,1998.0,A01,138Â 202Â 476,1.0,5.0,-1.0,1730133,2.0,7,,0.0,2.0,5.0,A01,138Â 202Â 476,1.0
1013553,201900055084,6,19,17:45,1,2,2,1.0,3.0,75119,AVENUE CORENTIN CARIOU,M,"48,8981780","2,3859910",75,2019,50.0,5.0,1.0,4.0,2266616,1.0,1,1,1,1.0,,0.0,0,1998.0,A01,138Â 202Â 476,1.0,5.0,-1.0,1730134,2.0,1,,0.0,2.0,1.0,B01,138Â 202Â 478,5.0
1013553,201900055084,6,19,17:45,1,2,2,1.0,3.0,75119,AVENUE CORENTIN CARIOU,M,"48,8981780","2,3859910",75,2019,50.0,5.0,1.0,4.0,2266617,3.0,2,1,2,5.0,,0.0,0,1999.0,A01,138Â 202Â 476,8.0,0.0,-1.0,1730133,2.0,7,,0.0,2.0,5.0,A01,138Â 202Â 476,1.0
1013553,201900055084,6,19,17:45,1,2,2,1.0,3.0,75119,AVENUE CORENTIN CARIOU,M,"48,8981780","2,3859910",75,2019,50.0,5.0,1.0,4.0,2266617,3.0,2,1,2,5.0,,0.0,0,1999.0,A01,138Â 202Â 476,8.0,0.0,-1.0,1730134,2.0,1,,0.0,2.0,1.0,B01,138Â 202Â 478,5.0
1013553,201900055084,6,19,17:45,1,2,2,1.0,3.0,75119,AVENUE CORENTIN CARIOU,M,"48,8981780","2,3859910",75,2019,50.0,5.0,1.0,4.0,2266618,1.0,1,4,1,1.0,,0.0,0,1972.0,B01,138Â 202Â 478,8.0,0.0,-1.0,1730133,2.0,7,,0.0,2.0,5.0,A01,138Â 202Â 476,1.0
1013553,201900055084,6,19,17:45,1,2,2,1.0,3.0,75119,AVENUE CORENTIN CARIOU,M,"48,8981780","2,3859910",75,2019,50.0,5.0,1.0,4.0,2266618,1.0,1,4,1,1.0,,0.0,0,1972.0,B01,138Â 202Â 478,8.0,0.0,-1.0,1730134,2.0,1,,0.0,2.0,1.0,B01,138Â 202Â 478,5.0
1013554,201900055085,6,19,14:00,1,2,2,1.0,6.0,75119,AVENUE DE FLANDRE,M,"48,8883790","2,3741560",75,2019,50.0,1.0,1.0,4.0,2266619,10.0,3,4,1,1.0,,4.0,3,1957.0,A01,138Â 202Â 475,8.0,0.0,-1.0,1730135,1.0,30,,0.0,1.0,7.0,A01,138Â 202Â 475,3.0
1013554,201900055085,6,19,14:00,1,2,2,1.0,6.0,75119,AVENUE DE FLANDRE,M,"48,8883790","2,3741560",75,2019,50.0,1.0,1.0,4.0,2266620,2.0,1,1,1,1.0,,0.0,0,1992.0,A01,138Â 202Â 475,2.0,0.0,-1.0,1730135,1.0,30,,0.0,1.0,7.0,A01,138Â 202Â 475,3.0
1013555,201900055086,2,17,15:55,1,2,3,1.0,6.0,74012,BLANC (RUE RENE),M,"46,1932900","6,2360900",74,2019,50.0,1.0,1.0,4.0,2266621,10.0,3,4,1,0.0,,2.0,3,1992.0,A01,138Â 202Â 474,8.0,0.0,-1.0,1730136,3.0,7,,0.0,1.0,1.0,A01,138Â 202Â 474,1.0
1013555,201900055086,2,17,15:55,1,2,3,1.0,6.0,74012,BLANC (RUE RENE),M,"46,1932900","6,2360900",74,2019,50.0,1.0,1.0,4.0,2266622,1.0,1,1,1,0.0,,0.0,0,1926.0,A01,138Â 202Â 474,1.0,8.0,-1.0,1730136,3.0,7,,0.0,1.0,1.0,A01,138Â 202Â 474,1.0
1013556,201900055087,6,12,14:30,1,2,3,3.0,3.0,75119,RUE D AUBERVILLIERS,M,"48,8976140","2,3711100",75,2019,50.0,6.0,2.0,4.0,2266623,1.0,1,1,1,4.0,,0.0,0,1958.0,B01,138Â 202Â 472,1.0,0.0,-1.0,1730137,1.0,7,,0.0,2.0,2.0,B01,138Â 202Â 472,1.0
1013556,201900055087,6,12,14:30,1,2,3,3.0,3.0,75119,RUE D AUBERVILLIERS,M,"48,8976140","2,3711100",75,2019,50.0,6.0,2.0,4.0,2266623,1.0,1,1,1,4.0,,0.0,0,1958.0,B01,138Â 202Â 472,1.0,0.0,-1.0,1730138,1.0,43,,0.0,2.0,1.0,A01,138Â 202Â 473,1.0
1013556,201900055087,6,12,14:30,1,2,3,3.0,3.0,75119,RUE D AUBERVILLIERS,M,"48,8976140","2,3711100",75,2019,50.0,6.0,2.0,4.0,2266624,1.0,1,4,1,5.0,,0.0,0,1977.0,A01,138Â 202Â 473,2.0,6.0,-1.0,1730137,1.0,7,,0.0,2.0,2.0,B01,138Â 202Â 472,1.0
1013556,201900055087,6,12,14:30,1,2,3,3.0,3.0,75119,RUE D AUBERVILLIERS,M,"48,8976140","2,3711100",75,2019,50.0,6.0,2.0,4.0,2266624,1.0,1,4,1,5.0,,0.0,0,1977.0,A01,138Â 202Â 473,2.0,6.0,-1.0,1730138,1.0,43,,0.0,2.0,1.0,A01,138Â 202Â 473,1.0