Unnamed: 0_x,num_acc,mois,jour,hrmn,lum,agg,int,atm,col,com,adr,gps,lat,long,dep,annee,vma,situ,surf,catr,Unnamed: 0_y,place,catu,grav,sexe,trajet,secu,locp,actp,an_nais,num_veh_x,id_vehicule_x,secu1,secu2,secu3,Unnamed: 0,senc,catv,occutc,obs,obsm,choc,num_veh_y,id_vehicule_y,motor
1013557,201900055088,2,16,18:25,5,2,2,1.0,3.0,74012,GLIERES (RUE DES),M,"46,1941700","6,2453600",74,2019,50.0,1.0,1.0,4.0,2266625,1.0,1,4,1,5.0,,0.0,0,1995.0,A01,138Â 202Â 470,8.0,0.0,-1.0,1730139,1.0,31,,0.0,2.0,1.0,A01,138Â 202Â 470,1.0
1013557,201900055088,2,16,18:25,5,2,2,1.0,3.0,74012,GLIERES (RUE DES),M,"46,1941700","6,2453600",74,2019,50.0,1.0,1.0,4.0,2266625,1.0,1,4,1,5.0,,0.0,0,1995.0,A01,138Â 202Â 470,8.0,0.0,-1.0,1730140,3.0,7,,0.0,2.0,6.0,B01,138Â 202Â 471,1.0
1013557,201900055088,2,16,18:25,5,2,2,1.0,3.0,74012,GLIERES (RUE DES),M,"46,1941700","6,2453600",74,2019,50.0,1.0,1.0,4.0,2266626,1.0,1,1,1,0.0,,0.0,0,1966.0,B01,138Â 202Â 471,8.0,0.0,-1.0,1730139,1.0,31,,0.0,2.0,1.0,A01,138Â 202Â 470,1.0
1013557,201900055088,2,16,18:25,5,2,2,1.0,3.0,74012,GLIERES (RUE DES),M,"46,1941700","6,2453600",74,2019,50.0,1.0,1.0,4.0,2266626,1.0,1,1,1,0.0,,0.0,0,1966.0,B01,138Â 202Â 471,8.0,0.0,-1.0,1730140,3.0,7,,0.0,2.0,6.0,B01,138Â 202Â 471,1.0
1013558,201900055089,2,15,14:35,1,2,1,1.0,6.0,74133,POSTE (RUE DE LA),M,"46,1912900","6,2096700",74,2019,30.0,1.0,1.0,4.0,2266627,1.0,1,1,1,4.0,,0.0,0,1991.0,A01,138Â 202Â 468,8.0,0.0,-1.0,1730141,2.0,7,,0.0,1.0,1.0,A01,138Â 202Â 468,1.0
1013558,201900055089,2,15,14:35,1,2,1,1.0,6.0,74133,POSTE (RUE DE LA),M,"46,1912900","6,2096700",74,2019,30.0,1.0,1.0,4.0,2266628,10.0,3,4,2,9.0,,3.0,3,1958.0,A01,138Â 202Â 468,8.0,0.0,-1.0,1730141,2.0,7,,0.0,1.0,1.0,A01,138Â 202Â 468,1.0
1013559,201900055090,6,11,18:00,1,2,3,2.0,3.0,75119,AVENUE JEAN JAURES,M,"48,8872260","2,3871650",75,2019,50.0,1.0,2.0,4.0,2266629,1.0,1,1,1,1.0,,0.0,0,1986.0,A01,138Â 202Â 467,1.0,0.0,-1.0,1730142,2.0,7,,0.0,2.0,3.0,A01,138Â 202Â 467,1.0
1013559,201900055090,6,11,18:00,1,2,3,2.0,3.0,75119,AVENUE JEAN JAURES,M,"48,8872260","2,3871650",75,2019,50.0,1.0,2.0,4.0,2266629,1.0,1,1,1,1.0,,0.0,0,1986.0,A01,138Â 202Â 467,1.0,0.0,-1.0,1730143,2.0,33,,0.0,2.0,1.0,B01,138Â 202Â 469,1.0
1013559,201900055090,6,11,18:00,1,2,3,2.0,3.0,75119,AVENUE JEAN JAURES,M,"48,8872260","2,3871650",75,2019,50.0,1.0,2.0,4.0,2266630,2.0,1,4,1,4.0,,0.0,0,1978.0,B01,138Â 202Â 469,2.0,8.0,-1.0,1730142,2.0,7,,0.0,2.0,3.0,A01,138Â 202Â 467,1.0
1013559,201900055090,6,11,18:00,1,2,3,2.0,3.0,75119,AVENUE JEAN JAURES,M,"48,8872260","2,3871650",75,2019,50.0,1.0,2.0,4.0,2266630,2.0,1,4,1,4.0,,0.0,0,1978.0,B01,138Â 202Â 469,2.0,8.0,-1.0,1730143,2.0,33,,0.0,2.0,1.0,B01,138Â 202Â 469,1.0
1013560,201900055091,6,9,19:45,1,2,3,1.0,3.0,75119,RUE MANIN,M,"48,8840220","2,3904830",75,2019,30.0,1.0,1.0,4.0,2266631,1.0,1,1,1,0.0,,0.0,0,1952.0,B01,138Â 202Â 463,1.0,0.0,-1.0,1730144,1.0,7,,0.0,2.0,8.0,B01,138Â 202Â 463,1.0
1013560,201900055091,6,9,19:45,1,2,3,1.0,3.0,75119,RUE MANIN,M,"48,8840220","2,3904830",75,2019,30.0,1.0,1.0,4.0,2266631,1.0,1,1,1,0.0,,0.0,0,1952.0,B01,138Â 202Â 463,1.0,0.0,-1.0,1730145,1.0,31,,0.0,2.0,2.0,A01,138Â 202Â 465,1.0
1013560,201900055091,6,9,19:45,1,2,3,1.0,3.0,75119,RUE MANIN,M,"48,8840220","2,3904830",75,2019,30.0,1.0,1.0,4.0,2266632,1.0,1,4,1,0.0,,0.0,0,1991.0,A01,138Â 202Â 465,2.0,0.0,-1.0,1730144,1.0,7,,0.0,2.0,8.0,B01,138Â 202Â 463,1.0
1013560,201900055091,6,9,19:45,1,2,3,1.0,3.0,75119,RUE MANIN,M,"48,8840220","2,3904830",75,2019,30.0,1.0,1.0,4.0,2266632,1.0,1,4,1,0.0,,0.0,0,1991.0,A01,138Â 202Â 465,2.0,0.0,-1.0,1730145,1.0,31,,0.0,2.0,2.0,A01,138Â 202Â 465,1.0
1013561,201900055092,2,13,12:55,1,2,6,1.0,2.0,74012,ETREMBIERES (ROUTE D'),M,"46,1900700","6,2333100",74,2019,50.0,1.0,1.0,3.0,2266633,1.0,1,1,1,0.0,,0.0,0,1951.0,A01,138Â 202Â 464,1.0,0.0,-1.0,1730146,2.0,7,,0.0,2.0,2.0,A01,138Â 202Â 464,1.0
1013561,201900055092,2,13,12:55,1,2,6,1.0,2.0,74012,ETREMBIERES (ROUTE D'),M,"46,1900700","6,2333100",74,2019,50.0,1.0,1.0,3.0,2266633,1.0,1,1,1,0.0,,0.0,0,1951.0,A01,138Â 202Â 464,1.0,0.0,-1.0,1730147,2.0,7,,0.0,2.0,6.0,B01,138Â 202Â 466,1.0
1013561,201900055092,2,13,12:55,1,2,6,1.0,2.0,74012,ETREMBIERES (ROUTE D'),M,"46,1900700","6,2333100",74,2019,50.0,1.0,1.0,3.0,2266634,1.0,1,4,1,1.0,,0.0,0,1979.0,B01,138Â 202Â 466,1.0,0.0,-1.0,1730146,2.0,7,,0.0,2.0,2.0,A01,138Â 202Â 464,1.0
1013561,201900055092,2,13,12:55,1,2,6,1.0,2.0,74012,ETREMBIERES (ROUTE D'),M,"46,1900700","6,2333100",74,2019,50.0,1.0,1.0,3.0,2266634,1.0,1,4,1,1.0,,0.0,0,1979.0,B01,138Â 202Â 466,1.0,0.0,-1.0,1730147,2.0,7,,0.0,2.0,6.0,B01,138Â 202Â 466,1.0
1013562,201900055093,6,8,16:10,1,2,4,1.0,6.0,75119,QUAI DE LA MARNE,M,"48,8896460","2,3826050",75,2019,20.0,5.0,1.0,4.0,2266635,10.0,3,4,2,5.0,,2.0,3,2005.0,A01,138Â 202Â 462,8.0,0.0,-1.0,1730148,0.0,1,,0.0,1.0,1.0,A01,138Â 202Â 462,5.0
1013562,201900055093,6,8,16:10,1,2,4,1.0,6.0,75119,QUAI DE LA MARNE,M,"48,8896460","2,3826050",75,2019,20.0,5.0,1.0,4.0,2266636,1.0,1,4,1,1.0,,0.0,0,1995.0,A01,138Â 202Â 462,2.0,0.0,-1.0,1730148,0.0,1,,0.0,1.0,1.0,A01,138Â 202Â 462,5.0
1013563,201900055094,2,13,07:30,1,2,1,1.0,6.0,74298,TANINGES (ROUTE DE ),M,"46,1888290","6,2650910",74,2019,50.0,1.0,1.0,3.0,2266637,10.0,3,4,1,1.0,,3.0,3,1979.0,A01,138Â 202Â 461,8.0,0.0,-1.0,1730149,1.0,7,,0.0,1.0,3.0,A01,138Â 202Â 461,1.0
1013563,201900055094,2,13,07:30,1,2,1,1.0,6.0,74298,TANINGES (ROUTE DE ),M,"46,1888290","6,2650910",74,2019,50.0,1.0,1.0,3.0,2266638,1.0,1,1,1,1.0,,0.0,0,1982.0,A01,138Â 202Â 461,1.0,0.0,-1.0,1730149,1.0,7,,0.0,1.0,3.0,A01,138Â 202Â 461,1.0
1013564,201900055095,6,8,15:40,1,2,1,1.0,3.0,75119,AVENUE DE FLANDRE,M,"48,8870730","2,3721670",75,2019,50.0,6.0,2.0,4.0,2266639,1.0,1,4,1,0.0,,0.0,0,2002.0,B01,138Â 202Â 459,2.0,0.0,-1.0,1730150,2.0,30,,0.0,2.0,3.0,B01,138Â 202Â 459,1.0
1013564,201900055095,6,8,15:40,1,2,1,1.0,3.0,75119,AVENUE DE FLANDRE,M,"48,8870730","2,3721670",75,2019,50.0,6.0,2.0,4.0,2266639,1.0,1,4,1,0.0,,0.0,0,2002.0,B01,138Â 202Â 459,2.0,0.0,-1.0,1730151,2.0,7,,0.0,2.0,2.0,A01,138Â 202Â 460,1.0
1013564,201900055095,6,8,15:40,1,2,1,1.0,3.0,75119,AVENUE DE FLANDRE,M,"48,8870730","2,3721670",75,2019,50.0,6.0,2.0,4.0,2266640,1.0,1,1,1,5.0,,0.0,0,1957.0,A01,138Â 202Â 460,8.0,0.0,-1.0,1730150,2.0,30,,0.0,2.0,3.0,B01,138Â 202Â 459,1.0
1013564,201900055095,6,8,15:40,1,2,1,1.0,3.0,75119,AVENUE DE FLANDRE,M,"48,8870730","2,3721670",75,2019,50.0,6.0,2.0,4.0,2266640,1.0,1,1,1,5.0,,0.0,0,1957.0,A01,138Â 202Â 460,8.0,0.0,-1.0,1730151,2.0,7,,0.0,2.0,2.0,A01,138Â 202Â 460,1.0
1013565,201900055096,2,12,07:05,2,2,1,2.0,6.0,74012,DUSSONCHET (RUE CLAUDE PHILIPPE),M,"46,1869900","6,2473600",74,2019,50.0,1.0,2.0,4.0,2266641,1.0,1,1,1,1.0,,0.0,0,1971.0,A01,138Â 202Â 458,1.0,0.0,-1.0,1730152,1.0,7,,0.0,1.0,7.0,A01,138Â 202Â 458,0.0
1013565,201900055096,2,12,07:05,2,2,1,2.0,6.0,74012,DUSSONCHET (RUE CLAUDE PHILIPPE),M,"46,1869900","6,2473600",74,2019,50.0,1.0,2.0,4.0,2266642,10.0,3,4,2,1.0,,2.0,5,1962.0,A01,138Â 202Â 458,8.0,0.0,-1.0,1730152,1.0,7,,0.0,1.0,7.0,A01,138Â 202Â 458,0.0
1013566,201900055097,6,8,10:20,1,2,7,1.0,6.0,75119,PLACE DU COLONEL FABIEN,M,"48,8780180","2,3706910",75,2019,50.0,1.0,1.0,4.0,2266643,1.0,1,4,1,5.0,,0.0,0,1971.0,A01,138Â 202Â 457,1.0,8.0,-1.0,1730153,0.0,7,,0.0,2.0,8.0,Z01,138Â 202Â 455,0.0
1013566,201900055097,6,8,10:20,1,2,7,1.0,6.0,75119,PLACE DU COLONEL FABIEN,M,"48,8780180","2,3706910",75,2019,50.0,1.0,1.0,4.0,2266643,1.0,1,4,1,5.0,,0.0,0,1971.0,A01,138Â 202Â 457,1.0,8.0,-1.0,1730154,0.0,7,,0.0,2.0,1.0,A01,138Â 202Â 457,1.0
1013567,201900055098,2,15,19:40,5,2,2,1.0,3.0,72181,LIBERATION (AV DE LA) NÂ° PAIRS 124 ET+,M,"48,0009000","0,1834300",72,2019,50.0,1.0,1.0,4.0,2266644,1.0,1,4,1,1.0,,0.0,0,1973.0,B01,138Â 202Â 454,2.0,6.0,-1.0,1730155,1.0,32,,0.0,2.0,1.0,B01,138Â 202Â 454,1.0
1013567,201900055098,2,15,19:40,5,2,2,1.0,3.0,72181,LIBERATION (AV DE LA) NÂ° PAIRS 124 ET+,M,"48,0009000","0,1834300",72,2019,50.0,1.0,1.0,4.0,2266644,1.0,1,4,1,1.0,,0.0,0,1973.0,B01,138Â 202Â 454,2.0,6.0,-1.0,1730156,1.0,7,,0.0,2.0,1.0,Z01,138Â 202Â 456,1.0
1013568,201900055099,6,8,09:10,1,2,3,1.0,7.0,75119,AVENUE JEAN JAURES,M,"48,8871290","2,3867820",75,2019,50.0,1.0,1.0,4.0,2266645,1.0,1,4,1,1.0,,0.0,0,1981.0,A01,138Â 202Â 453,2.0,0.0,-1.0,1730157,2.0,34,,0.0,0.0,8.0,A01,138Â 202Â 453,1.0
1013569,201900055100,6,7,19:10,2,2,1,2.0,2.0,75119,AVENUE JEAN JAURES,M,"48,8852480","2,3798970",75,2019,30.0,1.0,2.0,4.0,2266646,1.0,1,4,1,0.0,,0.0,0,1990.0,A01,138Â 202Â 450,2.0,0.0,-1.0,1730158,2.0,30,,0.0,2.0,4.0,A01,138Â 202Â 450,1.0
1013569,201900055100,6,7,19:10,2,2,1,2.0,2.0,75119,AVENUE JEAN JAURES,M,"48,8852480","2,3798970",75,2019,30.0,1.0,2.0,4.0,2266646,1.0,1,4,1,0.0,,0.0,0,1990.0,A01,138Â 202Â 450,2.0,0.0,-1.0,1730159,2.0,10,,0.0,2.0,4.0,B01,138Â 202Â 452,1.0
1013569,201900055100,6,7,19:10,2,2,1,2.0,2.0,75119,AVENUE JEAN JAURES,M,"48,8852480","2,3798970",75,2019,30.0,1.0,2.0,4.0,2266647,1.0,1,1,1,0.0,,0.0,0,1973.0,B01,138Â 202Â 452,8.0,0.0,-1.0,1730158,2.0,30,,0.0,2.0,4.0,A01,138Â 202Â 450,1.0
1013569,201900055100,6,7,19:10,2,2,1,2.0,2.0,75119,AVENUE JEAN JAURES,M,"48,8852480","2,3798970",75,2019,30.0,1.0,2.0,4.0,2266647,1.0,1,1,1,0.0,,0.0,0,1973.0,B01,138Â 202Â 452,8.0,0.0,-1.0,1730159,2.0,10,,0.0,2.0,4.0,B01,138Â 202Â 452,1.0
1013570,201900055101,2,14,12:45,1,2,1,1.0,6.0,71270,RD 906 - PR 48+100 - LYON (ROUTE DE),M,"46,2887400","4,8113700",71,2019,70.0,1.0,1.0,3.0,2266648,10.0,3,4,1,9.0,,5.0,2,1966.0,A01,138Â 202Â 449,8.0,0.0,-1.0,1730160,2.0,7,,0.0,2.0,2.0,A01,138Â 202Â 449,1.0
1013570,201900055101,2,14,12:45,1,2,1,1.0,6.0,71270,RD 906 - PR 48+100 - LYON (ROUTE DE),M,"46,2887400","4,8113700",71,2019,70.0,1.0,1.0,3.0,2266648,10.0,3,4,1,9.0,,5.0,2,1966.0,A01,138Â 202Â 449,8.0,0.0,-1.0,1730161,2.0,7,,0.0,2.0,6.0,B01,138Â 202Â 451,1.0
1013570,201900055101,2,14,12:45,1,2,1,1.0,6.0,71270,RD 906 - PR 48+100 - LYON (ROUTE DE),M,"46,2887400","4,8113700",71,2019,70.0,1.0,1.0,3.0,2266649,1.0,1,1,1,0.0,,0.0,0,1996.0,A01,138Â 202Â 449,1.0,8.0,-1.0,1730160,2.0,7,,0.0,2.0,2.0,A01,138Â 202Â 449,1.0
1013570,201900055101,2,14,12:45,1,2,1,1.0,6.0,71270,RD 906 - PR 48+100 - LYON (ROUTE DE),M,"46,2887400","4,8113700",71,2019,70.0,1.0,1.0,3.0,2266649,1.0,1,1,1,0.0,,0.0,0,1996.0,A01,138Â 202Â 449,1.0,8.0,-1.0,1730161,2.0,7,,0.0,2.0,6.0,B01,138Â 202Â 451,1.0
1013570,201900055101,2,14,12:45,1,2,1,1.0,6.0,71270,RD 906 - PR 48+100 - LYON (ROUTE DE),M,"46,2887400","4,8113700",71,2019,70.0,1.0,1.0,3.0,2266650,1.0,1,1,1,9.0,,0.0,0,1987.0,B01,138Â 202Â 451,1.0,0.0,-1.0,1730160,2.0,7,,0.0,2.0,2.0,A01,138Â 202Â 449,1.0
1013570,201900055101,2,14,12:45,1,2,1,1.0,6.0,71270,RD 906 - PR 48+100 - LYON (ROUTE DE),M,"46,2887400","4,8113700",71,2019,70.0,1.0,1.0,3.0,2266650,1.0,1,1,1,9.0,,0.0,0,1987.0,B01,138Â 202Â 451,1.0,0.0,-1.0,1730161,2.0,7,,0.0,2.0,6.0,B01,138Â 202Â 451,1.0
1013571,201900055102,6,7,07:45,1,2,1,8.0,4.0,75119,RUE MANIN,M,"48,8830810","2,3861370",75,2019,50.0,1.0,1.0,4.0,2266651,1.0,1,4,1,1.0,,0.0,0,1953.0,C01,138Â 202Â 444,1.0,0.0,-1.0,1730162,1.0,10,,0.0,2.0,6.0,C01,138Â 202Â 444,1.0
1013571,201900055102,6,7,07:45,1,2,1,8.0,4.0,75119,RUE MANIN,M,"48,8830810","2,3861370",75,2019,50.0,1.0,1.0,4.0,2266651,1.0,1,4,1,1.0,,0.0,0,1953.0,C01,138Â 202Â 444,1.0,0.0,-1.0,1730163,1.0,7,,0.0,2.0,4.0,B01,138Â 202Â 446,1.0
1013571,201900055102,6,7,07:45,1,2,1,8.0,4.0,75119,RUE MANIN,M,"48,8830810","2,3861370",75,2019,50.0,1.0,1.0,4.0,2266651,1.0,1,4,1,1.0,,0.0,0,1953.0,C01,138Â 202Â 444,1.0,0.0,-1.0,1730164,1.0,7,,0.0,2.0,1.0,A01,138Â 202Â 448,1.0
1013571,201900055102,6,7,07:45,1,2,1,8.0,4.0,75119,RUE MANIN,M,"48,8830810","2,3861370",75,2019,50.0,1.0,1.0,4.0,2266652,1.0,1,1,1,1.0,,0.0,0,1995.0,B01,138Â 202Â 446,1.0,0.0,-1.0,1730162,1.0,10,,0.0,2.0,6.0,C01,138Â 202Â 444,1.0
1013571,201900055102,6,7,07:45,1,2,1,8.0,4.0,75119,RUE MANIN,M,"48,8830810","2,3861370",75,2019,50.0,1.0,1.0,4.0,2266652,1.0,1,1,1,1.0,,0.0,0,1995.0,B01,138Â 202Â 446,1.0,0.0,-1.0,1730163,1.0,7,,0.0,2.0,4.0,B01,138Â 202Â 446,1.0
1013571,201900055102,6,7,07:45,1,2,1,8.0,4.0,75119,RUE MANIN,M,"48,8830810","2,3861370",75,2019,50.0,1.0,1.0,4.0,2266652,1.0,1,1,1,1.0,,0.0,0,1995.0,B01,138Â 202Â 446,1.0,0.0,-1.0,1730164,1.0,7,,0.0,2.0,1.0,A01,138Â 202Â 448,1.0
1013571,201900055102,6,7,07:45,1,2,1,8.0,4.0,75119,RUE MANIN,M,"48,8830810","2,3861370",75,2019,50.0,1.0,1.0,4.0,2266653,1.0,1,1,1,0.0,,0.0,0,1993.0,A01,138Â 202Â 448,1.0,5.0,-1.0,1730162,1.0,10,,0.0,2.0,6.0,C01,138Â 202Â 444,1.0
1013571,201900055102,6,7,07:45,1,2,1,8.0,4.0,75119,RUE MANIN,M,"48,8830810","2,3861370",75,2019,50.0,1.0,1.0,4.0,2266653,1.0,1,1,1,0.0,,0.0,0,1993.0,A01,138Â 202Â 448,1.0,5.0,-1.0,1730163,1.0,7,,0.0,2.0,4.0,B01,138Â 202Â 446,1.0
1013571,201900055102,6,7,07:45,1,2,1,8.0,4.0,75119,RUE MANIN,M,"48,8830810","2,3861370",75,2019,50.0,1.0,1.0,4.0,2266653,1.0,1,1,1,0.0,,0.0,0,1993.0,A01,138Â 202Â 448,1.0,5.0,-1.0,1730164,1.0,7,,0.0,2.0,1.0,A01,138Â 202Â 448,1.0
1013572,201900055103,6,7,09:01,1,2,1,8.0,6.0,75119,AVENUE DE FLANDRE,M,"48,8854190","2,3705560",75,2019,50.0,6.0,1.0,4.0,2266654,1.0,1,4,2,0.0,,0.0,0,1967.0,A01,138Â 202Â 441,2.0,0.0,-1.0,1730165,1.0,1,,0.0,2.0,1.0,A01,138Â 202Â 441,5.0
1013572,201900055103,6,7,09:01,1,2,1,8.0,6.0,75119,AVENUE DE FLANDRE,M,"48,8854190","2,3705560",75,2019,50.0,6.0,1.0,4.0,2266654,1.0,1,4,2,0.0,,0.0,0,1967.0,A01,138Â 202Â 441,2.0,0.0,-1.0,1730166,1.0,7,,0.0,2.0,4.0,Z01,138Â 202Â 442,1.0
1013573,201900055104,6,3,15:30,1,2,1,1.0,6.0,75119,RUE BOTZARIS,M,"48,8795230","2,3885400",75,2019,30.0,1.0,1.0,4.0,2266655,10.0,3,4,2,1.0,,3.0,3,1990.0,A01,138Â 202Â 440,8.0,0.0,-1.0,1730167,2.0,7,,0.0,1.0,7.0,A01,138Â 202Â 440,1.0
1013573,201900055104,6,3,15:30,1,2,1,1.0,6.0,75119,RUE BOTZARIS,M,"48,8795230","2,3885400",75,2019,30.0,1.0,1.0,4.0,2266656,1.0,1,1,1,4.0,,0.0,0,1956.0,A01,138Â 202Â 440,1.0,8.0,-1.0,1730167,2.0,7,,0.0,1.0,7.0,A01,138Â 202Â 440,1.0
1013574,201900055105,6,2,20:05,1,2,1,1.0,3.0,75119,AVENUE JEAN JAURES,M,"48,8870970","2,3865670",75,2019,50.0,1.0,1.0,4.0,2266657,1.0,1,1,1,0.0,,0.0,0,1991.0,B01,138Â 202Â 438,2.0,0.0,-1.0,1730168,2.0,32,,0.0,2.0,1.0,B01,138Â 202Â 438,1.0
1013574,201900055105,6,2,20:05,1,2,1,1.0,3.0,75119,AVENUE JEAN JAURES,M,"48,8870970","2,3865670",75,2019,50.0,1.0,1.0,4.0,2266657,1.0,1,1,1,0.0,,0.0,0,1991.0,B01,138Â 202Â 438,2.0,0.0,-1.0,1730169,1.0,7,,0.0,2.0,2.0,A01,138Â 202Â 439,1.0
1013574,201900055105,6,2,20:05,1,2,1,1.0,3.0,75119,AVENUE JEAN JAURES,M,"48,8870970","2,3865670",75,2019,50.0,1.0,1.0,4.0,2266658,2.0,2,4,2,0.0,,0.0,0,1989.0,B01,138Â 202Â 438,2.0,0.0,-1.0,1730168,2.0,32,,0.0,2.0,1.0,B01,138Â 202Â 438,1.0
1013574,201900055105,6,2,20:05,1,2,1,1.0,3.0,75119,AVENUE JEAN JAURES,M,"48,8870970","2,3865670",75,2019,50.0,1.0,1.0,4.0,2266658,2.0,2,4,2,0.0,,0.0,0,1989.0,B01,138Â 202Â 438,2.0,0.0,-1.0,1730169,1.0,7,,0.0,2.0,2.0,A01,138Â 202Â 439,1.0
1013574,201900055105,6,2,20:05,1,2,1,1.0,3.0,75119,AVENUE JEAN JAURES,M,"48,8870970","2,3865670",75,2019,50.0,1.0,1.0,4.0,2266659,1.0,1,1,1,0.0,,0.0,0,1971.0,A01,138Â 202Â 439,1.0,0.0,-1.0,1730168,2.0,32,,0.0,2.0,1.0,B01,138Â 202Â 438,1.0
1013574,201900055105,6,2,20:05,1,2,1,1.0,3.0,75119,AVENUE JEAN JAURES,M,"48,8870970","2,3865670",75,2019,50.0,1.0,1.0,4.0,2266659,1.0,1,1,1,0.0,,0.0,0,1971.0,A01,138Â 202Â 439,1.0,0.0,-1.0,1730169,1.0,7,,0.0,2.0,2.0,A01,138Â 202Â 439,1.0
1013575,201900055106,6,2,15:40,1,2,2,1.0,6.0,75119,RUE MANIN,M,"48,8847540","2,3922270",75,2019,50.0,1.0,1.0,4.0,2266660,10.0,3,4,1,5.0,,3.0,3,2010.0,Z01,138Â 202Â 437,8.0,0.0,-1.0,1730170,2.0,43,,0.0,1.0,3.0,Z01,138Â 202Â 437,1.0
1013576,201900055107,6,1,09:48,1,2,3,1.0,6.0,75119,QUAI DE LA MARNE,M,"48,8901300","2,3835660",75,2019,30.0,5.0,1.0,4.0,2266661,10.0,3,4,2,5.0,,2.0,3,1949.0,A01,138Â 202Â 436,8.0,0.0,-1.0,1730171,1.0,1,,0.0,1.0,3.0,A01,138Â 202Â 436,5.0
1013576,201900055107,6,1,09:48,1,2,3,1.0,6.0,75119,QUAI DE LA MARNE,M,"48,8901300","2,3835660",75,2019,30.0,5.0,1.0,4.0,2266662,1.0,1,1,1,1.0,,0.0,0,1991.0,A01,138Â 202Â 436,8.0,0.0,-1.0,1730171,1.0,1,,0.0,1.0,3.0,A01,138Â 202Â 436,5.0
1013577,201900055108,5,31,12:55,1,2,1,1.0,6.0,75119,RUE GASTON TESSIER,M,"48,8961090","2,3746440",75,2019,30.0,1.0,1.0,4.0,2266663,1.0,1,1,1,5.0,,0.0,0,1954.0,A01,138Â 202Â 433,1.0,0.0,-1.0,1730172,2.0,7,,0.0,2.0,2.0,A01,138Â 202Â 433,1.0
1013577,201900055108,5,31,12:55,1,2,1,1.0,6.0,75119,RUE GASTON TESSIER,M,"48,8961090","2,3746440",75,2019,30.0,1.0,1.0,4.0,2266663,1.0,1,1,1,5.0,,0.0,0,1954.0,A01,138Â 202Â 433,1.0,0.0,-1.0,1730173,3.0,60,,0.0,2.0,0.0,B01,138Â 202Â 435,5.0
1013577,201900055108,5,31,12:55,1,2,1,1.0,6.0,75119,RUE GASTON TESSIER,M,"48,8961090","2,3746440",75,2019,30.0,1.0,1.0,4.0,2266664,10.0,3,4,1,0.0,,3.0,3,2013.0,B01,138Â 202Â 435,8.0,0.0,-1.0,1730172,2.0,7,,0.0,2.0,2.0,A01,138Â 202Â 433,1.0
1013577,201900055108,5,31,12:55,1,2,1,1.0,6.0,75119,RUE GASTON TESSIER,M,"48,8961090","2,3746440",75,2019,30.0,1.0,1.0,4.0,2266664,10.0,3,4,1,0.0,,3.0,3,2013.0,B01,138Â 202Â 435,8.0,0.0,-1.0,1730173,3.0,60,,0.0,2.0,0.0,B01,138Â 202Â 435,5.0
1013578,201900055109,5,31,08:30,1,2,4,1.0,6.0,75119,RUE EMILE REYNAUD,M,"48,9019020","2,3851860",75,2019,30.0,1.0,1.0,4.0,2266665,10.0,3,4,2,0.0,,3.0,3,1957.0,A01,138Â 202Â 431,8.0,0.0,-1.0,1730174,1.0,10,,0.0,1.0,1.0,A01,138Â 202Â 431,1.0
1013578,201900055109,5,31,08:30,1,2,4,1.0,6.0,75119,RUE EMILE REYNAUD,M,"48,9019020","2,3851860",75,2019,30.0,1.0,1.0,4.0,2266666,1.0,1,1,1,9.0,,0.0,0,1989.0,A01,138Â 202Â 431,8.0,0.0,-1.0,1730174,1.0,10,,0.0,1.0,1.0,A01,138Â 202Â 431,1.0
1013579,201900055110,5,29,14:30,1,2,1,1.0,2.0,75119,BOULEVARD PERIPHERIQUE,M,"48,8790320","2,4081160",75,2019,70.0,1.0,1.0,4.0,2266667,1.0,1,4,1,0.0,,0.0,0,1978.0,B01,138Â 202Â 426,8.0,0.0,-1.0,1730175,3.0,7,,0.0,2.0,4.0,B01,138Â 202Â 426,1.0
1013579,201900055110,5,29,14:30,1,2,1,1.0,2.0,75119,BOULEVARD PERIPHERIQUE,M,"48,8790320","2,4081160",75,2019,70.0,1.0,1.0,4.0,2266667,1.0,1,4,1,0.0,,0.0,0,1978.0,B01,138Â 202Â 426,8.0,0.0,-1.0,1730176,3.0,10,,0.0,2.0,1.0,A01,138Â 202Â 427,1.0
1013579,201900055110,5,29,14:30,1,2,1,1.0,2.0,75119,BOULEVARD PERIPHERIQUE,M,"48,8790320","2,4081160",75,2019,70.0,1.0,1.0,4.0,2266668,1.0,1,1,1,4.0,,0.0,0,1963.0,A01,138Â 202Â 427,1.0,0.0,-1.0,1730175,3.0,7,,0.0,2.0,4.0,B01,138Â 202Â 426,1.0
1013579,201900055110,5,29,14:30,1,2,1,1.0,2.0,75119,BOULEVARD PERIPHERIQUE,M,"48,8790320","2,4081160",75,2019,70.0,1.0,1.0,4.0,2266668,1.0,1,1,1,4.0,,0.0,0,1963.0,A01,138Â 202Â 427,1.0,0.0,-1.0,1730176,3.0,10,,0.0,2.0,1.0,A01,138Â 202Â 427,1.0
1013580,201900055111,6,15,15:50,1,2,1,1.0,6.0,75118,AVENUE DE LA PORTE DE MONTMARTRE,M,"48,9007940","2,3353240",75,2019,50.0,1.0,1.0,4.0,2266669,10.0,3,4,1,0.0,,2.0,3,1955.0,A01,138Â 202Â 424,8.0,0.0,-1.0,1730177,1.0,7,,0.0,1.0,3.0,A01,138Â 202Â 424,1.0
1013580,201900055111,6,15,15:50,1,2,1,1.0,6.0,75118,AVENUE DE LA PORTE DE MONTMARTRE,M,"48,9007940","2,3353240",75,2019,50.0,1.0,1.0,4.0,2266670,1.0,1,1,1,1.0,,0.0,0,1959.0,A01,138Â 202Â 424,1.0,8.0,-1.0,1730177,1.0,7,,0.0,1.0,3.0,A01,138Â 202Â 424,1.0