Unnamed: 0_x,num_acc,mois,jour,hrmn,lum,agg,int,atm,col,com,adr,gps,lat,long,dep,annee,vma,situ,surf,catr,Unnamed: 0_y,place,catu,grav,sexe,trajet,secu,locp,actp,an_nais,num_veh_x,id_vehicule_x,secu1,secu2,secu3,Unnamed: 0,senc,catv,occutc,obs,obsm,choc,num_veh_y,id_vehicule_y,motor
1013581,201900055112,6,14,16:15,1,2,1,1.0,6.0,75118,RUE GERMAIN PILON,M,"48,8835930","2,3365900",75,2019,30.0,1.0,1.0,4.0,2266671,10.0,3,4,1,0.0,,5.0,1,1946.0,Z01,138Â 202Â 422,8.0,0.0,-1.0,1730178,2.0,1,,0.0,1.0,1.0,Z01,138Â 202Â 422,5.0
1013582,201900055113,2,17,17:50,1,2,1,1.0,3.0,69290,EGALITE (DE L')                     (R ),M,"45,6892300","4,9467800",69,2019,50.0,1.0,1.0,4.0,2266672,2.0,2,1,2,0.0,,0.0,0,2011.0,A01,138Â 202Â 418,1.0,0.0,-1.0,1730179,3.0,7,,0.0,2.0,3.0,A01,138Â 202Â 418,0.0
1013582,201900055113,2,17,17:50,1,2,1,1.0,3.0,69290,EGALITE (DE L')                     (R ),M,"45,6892300","4,9467800",69,2019,50.0,1.0,1.0,4.0,2266672,2.0,2,1,2,0.0,,0.0,0,2011.0,A01,138Â 202Â 418,1.0,0.0,-1.0,1730180,1.0,33,,0.0,2.0,1.0,B01,138Â 202Â 421,0.0
1013582,201900055113,2,17,17:50,1,2,1,1.0,3.0,69290,EGALITE (DE L')                     (R ),M,"45,6892300","4,9467800",69,2019,50.0,1.0,1.0,4.0,2266673,4.0,2,1,2,0.0,,0.0,0,2007.0,A01,138Â 202Â 418,1.0,0.0,-1.0,1730179,3.0,7,,0.0,2.0,3.0,A01,138Â 202Â 418,0.0
1013582,201900055113,2,17,17:50,1,2,1,1.0,3.0,69290,EGALITE (DE L')                     (R ),M,"45,6892300","4,9467800",69,2019,50.0,1.0,1.0,4.0,2266673,4.0,2,1,2,0.0,,0.0,0,2007.0,A01,138Â 202Â 418,1.0,0.0,-1.0,1730180,1.0,33,,0.0,2.0,1.0,B01,138Â 202Â 421,0.0
1013582,201900055113,2,17,17:50,1,2,1,1.0,3.0,69290,EGALITE (DE L')                     (R ),M,"45,6892300","4,9467800",69,2019,50.0,1.0,1.0,4.0,2266674,1.0,1,1,2,0.0,,-1.0, -1,1973.0,A01,138Â 202Â 418,1.0,0.0,-1.0,1730179,3.0,7,,0.0,2.0,3.0,A01,138Â 202Â 418,0.0
1013582,201900055113,2,17,17:50,1,2,1,1.0,3.0,69290,EGALITE (DE L')                     (R ),M,"45,6892300","4,9467800",69,2019,50.0,1.0,1.0,4.0,2266674,1.0,1,1,2,0.0,,-1.0, -1,1973.0,A01,138Â 202Â 418,1.0,0.0,-1.0,1730180,1.0,33,,0.0,2.0,1.0,B01,138Â 202Â 421,0.0
1013582,201900055113,2,17,17:50,1,2,1,1.0,3.0,69290,EGALITE (DE L')                     (R ),M,"45,6892300","4,9467800",69,2019,50.0,1.0,1.0,4.0,2266675,3.0,2,1,2,0.0,,0.0,0,1981.0,A01,138Â 202Â 418,1.0,0.0,-1.0,1730179,3.0,7,,0.0,2.0,3.0,A01,138Â 202Â 418,0.0
1013582,201900055113,2,17,17:50,1,2,1,1.0,3.0,69290,EGALITE (DE L')                     (R ),M,"45,6892300","4,9467800",69,2019,50.0,1.0,1.0,4.0,2266675,3.0,2,1,2,0.0,,0.0,0,1981.0,A01,138Â 202Â 418,1.0,0.0,-1.0,1730180,1.0,33,,0.0,2.0,1.0,B01,138Â 202Â 421,0.0
1013582,201900055113,2,17,17:50,1,2,1,1.0,3.0,69290,EGALITE (DE L')                     (R ),M,"45,6892300","4,9467800",69,2019,50.0,1.0,1.0,4.0,2266676,5.0,2,1,2,0.0,,0.0,0,2010.0,A01,138Â 202Â 418,1.0,0.0,-1.0,1730179,3.0,7,,0.0,2.0,3.0,A01,138Â 202Â 418,0.0
1013582,201900055113,2,17,17:50,1,2,1,1.0,3.0,69290,EGALITE (DE L')                     (R ),M,"45,6892300","4,9467800",69,2019,50.0,1.0,1.0,4.0,2266676,5.0,2,1,2,0.0,,0.0,0,2010.0,A01,138Â 202Â 418,1.0,0.0,-1.0,1730180,1.0,33,,0.0,2.0,1.0,B01,138Â 202Â 421,0.0
1013582,201900055113,2,17,17:50,1,2,1,1.0,3.0,69290,EGALITE (DE L')                     (R ),M,"45,6892300","4,9467800",69,2019,50.0,1.0,1.0,4.0,2266677,1.0,1,4,1,9.0,,0.0,0,1987.0,B01,138Â 202Â 421,8.0,8.0,-1.0,1730179,3.0,7,,0.0,2.0,3.0,A01,138Â 202Â 418,0.0
1013582,201900055113,2,17,17:50,1,2,1,1.0,3.0,69290,EGALITE (DE L')                     (R ),M,"45,6892300","4,9467800",69,2019,50.0,1.0,1.0,4.0,2266677,1.0,1,4,1,9.0,,0.0,0,1987.0,B01,138Â 202Â 421,8.0,8.0,-1.0,1730180,1.0,33,,0.0,2.0,1.0,B01,138Â 202Â 421,0.0
1013583,201900055114,2,17,15:00,1,2,1,1.0,6.0,69266,CUSSET   (Pont de),M,"45,7680000","4,9050000",69,2019,50.0,1.0,1.0,4.0,2266678,1.0,1,1,1,5.0,,0.0,0,1971.0,A01,138Â 202Â 417,1.0,0.0,-1.0,1730181,3.0,7,,0.0,1.0,1.0,A01,138Â 202Â 417,1.0
1013583,201900055114,2,17,15:00,1,2,1,1.0,6.0,69266,CUSSET   (Pont de),M,"45,7680000","4,9050000",69,2019,50.0,1.0,1.0,4.0,2266679,10.0,3,2,1,5.0,,2.0,3,1938.0,A01,138Â 202Â 417,8.0,0.0,-1.0,1730181,3.0,7,,0.0,1.0,1.0,A01,138Â 202Â 417,1.0
1013584,201900055115,2,17,08:00,1,2,1,1.0,6.0,69266,NORD      (Rue du),M,"45,7637900","4,8826100",69,2019,50.0,1.0,1.0,4.0,2266680,1.0,1,4,1,0.0,,0.0,0,1990.0,A01,138Â 202Â 416,1.0,0.0,-1.0,1730182,1.0,7,,1.0,2.0,1.0,A01,138Â 202Â 416,0.0
1013585,201900055116,2,16,12:30,1,2,1,1.0,3.0,69282,POMMIER (DE)                        (CH),M,"45,7761900","4,9974700",69,2019,50.0,2.0,1.0,4.0,2266681,1.0,1,4,1,0.0,,0.0,0,2002.0,A01,138Â 202Â 414,8.0,-1.0,-1.0,1730183,2.0,30,,0.0,2.0,1.0,A01,138Â 202Â 414,1.0
1013585,201900055116,2,16,12:30,1,2,1,1.0,3.0,69282,POMMIER (DE)                        (CH),M,"45,7761900","4,9974700",69,2019,50.0,2.0,1.0,4.0,2266681,1.0,1,4,1,0.0,,0.0,0,2002.0,A01,138Â 202Â 414,8.0,-1.0,-1.0,1730184,2.0,7,,0.0,2.0,3.0,B01,138Â 202Â 415,1.0
1013585,201900055116,2,16,12:30,1,2,1,1.0,3.0,69282,POMMIER (DE)                        (CH),M,"45,7761900","4,9974700",69,2019,50.0,2.0,1.0,4.0,2266682,2.0,2,4,1,0.0,,0.0,0,2002.0,A01,138Â 202Â 414,2.0,8.0,-1.0,1730183,2.0,30,,0.0,2.0,1.0,A01,138Â 202Â 414,1.0
1013585,201900055116,2,16,12:30,1,2,1,1.0,3.0,69282,POMMIER (DE)                        (CH),M,"45,7761900","4,9974700",69,2019,50.0,2.0,1.0,4.0,2266682,2.0,2,4,1,0.0,,0.0,0,2002.0,A01,138Â 202Â 414,2.0,8.0,-1.0,1730184,2.0,7,,0.0,2.0,3.0,B01,138Â 202Â 415,1.0
1013585,201900055116,2,16,12:30,1,2,1,1.0,3.0,69282,POMMIER (DE)                        (CH),M,"45,7761900","4,9974700",69,2019,50.0,2.0,1.0,4.0,2266683,1.0,1,1,2,0.0,,0.0,0,1976.0,B01,138Â 202Â 415,1.0,8.0,-1.0,1730183,2.0,30,,0.0,2.0,1.0,A01,138Â 202Â 414,1.0
1013585,201900055116,2,16,12:30,1,2,1,1.0,3.0,69282,POMMIER (DE)                        (CH),M,"45,7761900","4,9974700",69,2019,50.0,2.0,1.0,4.0,2266683,1.0,1,1,2,0.0,,0.0,0,1976.0,B01,138Â 202Â 415,1.0,8.0,-1.0,1730184,2.0,7,,0.0,2.0,3.0,B01,138Â 202Â 415,1.0
1013586,201900055117,6,12,19:35,1,2,2,2.0,6.0,75118,RUE MARX DORMOY,M,"48,8890560","2,3598790",75,2019,50.0,1.0,2.0,4.0,2266684,1.0,1,4,1,0.0,,0.0,0,1975.0,A01,138Â 202Â 419,2.0,6.0,-1.0,1730185,1.0,33,,0.0,2.0,3.0,A01,138Â 202Â 419,1.0
1013586,201900055117,6,12,19:35,1,2,2,2.0,6.0,75118,RUE MARX DORMOY,M,"48,8890560","2,3598790",75,2019,50.0,1.0,2.0,4.0,2266684,1.0,1,4,1,0.0,,0.0,0,1975.0,A01,138Â 202Â 419,2.0,6.0,-1.0,1730186,1.0,32,,0.0,2.0,1.0,Z01,138Â 202Â 420,1.0
1013587,201900055118,2,11,11:45,1,2,9,1.0,6.0,69290,COLETTE                             (R ),M,"45,6895600","4,9442200",69,2019,30.0,2.0,1.0,4.0,2266685,10.0,3,4,1,2.0,,2.0,3,2007.0,A01,138Â 202Â 413,8.0,0.0,-1.0,1730187,1.0,7,,0.0,1.0,1.0,A01,138Â 202Â 413,1.0
1013587,201900055118,2,11,11:45,1,2,9,1.0,6.0,69290,COLETTE                             (R ),M,"45,6895600","4,9442200",69,2019,30.0,2.0,1.0,4.0,2266686,1.0,1,1,1,0.0,,0.0,0,1969.0,A01,138Â 202Â 413,1.0,8.0,-1.0,1730187,1.0,7,,0.0,1.0,1.0,A01,138Â 202Â 413,1.0
1013588,201900055119,2,15,17:15,1,2,6,1.0,6.0,69271,AUGUSTE DELAGE                          ,M,"45,7410000","4,9786000",69,2019,50.0,2.0,1.0,4.0,2266687,10.0,3,4,1,5.0,,3.0,3,2018.0,A01,138Â 202Â 412,8.0,0.0,-1.0,1730188,2.0,7,,0.0,1.0,3.0,A01,138Â 202Â 412,1.0
1013588,201900055119,2,15,17:15,1,2,6,1.0,6.0,69271,AUGUSTE DELAGE                          ,M,"45,7410000","4,9786000",69,2019,50.0,2.0,1.0,4.0,2266688,1.0,1,1,1,5.0,,0.0,0,1962.0,A01,138Â 202Â 412,1.0,0.0,-1.0,1730188,2.0,7,,0.0,1.0,3.0,A01,138Â 202Â 412,1.0
1013588,201900055119,2,15,17:15,1,2,6,1.0,6.0,69271,AUGUSTE DELAGE                          ,M,"45,7410000","4,9786000",69,2019,50.0,2.0,1.0,4.0,2266689,10.0,3,4,1,5.0,,3.0,3,1981.0,A01,138Â 202Â 412,8.0,0.0,-1.0,1730188,2.0,7,,0.0,1.0,3.0,A01,138Â 202Â 412,1.0
1013589,201900055120,2,15,13:25,1,2,1,1.0,5.0,69290,ARISTIDE BRIAND (D 518)             (R ),M,"45,6925600","4,9325800",69,2019,50.0,1.0,1.0,3.0,2266690,1.0,1,4,1,1.0,,0.0,0,1971.0,B01,138Â 202Â 409,2.0,8.0,-1.0,1730189,2.0,2,,0.0,2.0,1.0,B01,138Â 202Â 409,1.0
1013589,201900055120,2,15,13:25,1,2,1,1.0,5.0,69290,ARISTIDE BRIAND (D 518)             (R ),M,"45,6925600","4,9325800",69,2019,50.0,1.0,1.0,3.0,2266690,1.0,1,4,1,1.0,,0.0,0,1971.0,B01,138Â 202Â 409,2.0,8.0,-1.0,1730190,1.0,7,,0.0,2.0,0.0,C01,138Â 202Â 410,0.0
1013589,201900055120,2,15,13:25,1,2,1,1.0,5.0,69290,ARISTIDE BRIAND (D 518)             (R ),M,"45,6925600","4,9325800",69,2019,50.0,1.0,1.0,3.0,2266690,1.0,1,4,1,1.0,,0.0,0,1971.0,B01,138Â 202Â 409,2.0,8.0,-1.0,1730191,2.0,7,,0.0,2.0,3.0,A01,138Â 202Â 411,1.0
1013589,201900055120,2,15,13:25,1,2,1,1.0,5.0,69290,ARISTIDE BRIAND (D 518)             (R ),M,"45,6925600","4,9325800",69,2019,50.0,1.0,1.0,3.0,2266691,1.0,1,1,2,0.0,,0.0,0,1982.0,C01,138Â 202Â 410,1.0,0.0,-1.0,1730189,2.0,2,,0.0,2.0,1.0,B01,138Â 202Â 409,1.0
1013589,201900055120,2,15,13:25,1,2,1,1.0,5.0,69290,ARISTIDE BRIAND (D 518)             (R ),M,"45,6925600","4,9325800",69,2019,50.0,1.0,1.0,3.0,2266691,1.0,1,1,2,0.0,,0.0,0,1982.0,C01,138Â 202Â 410,1.0,0.0,-1.0,1730190,1.0,7,,0.0,2.0,0.0,C01,138Â 202Â 410,0.0
1013589,201900055120,2,15,13:25,1,2,1,1.0,5.0,69290,ARISTIDE BRIAND (D 518)             (R ),M,"45,6925600","4,9325800",69,2019,50.0,1.0,1.0,3.0,2266691,1.0,1,1,2,0.0,,0.0,0,1982.0,C01,138Â 202Â 410,1.0,0.0,-1.0,1730191,2.0,7,,0.0,2.0,3.0,A01,138Â 202Â 411,1.0
1013589,201900055120,2,15,13:25,1,2,1,1.0,5.0,69290,ARISTIDE BRIAND (D 518)             (R ),M,"45,6925600","4,9325800",69,2019,50.0,1.0,1.0,3.0,2266692,1.0,1,1,1,9.0,,0.0,0,1980.0,A01,138Â 202Â 411,1.0,0.0,-1.0,1730189,2.0,2,,0.0,2.0,1.0,B01,138Â 202Â 409,1.0
1013589,201900055120,2,15,13:25,1,2,1,1.0,5.0,69290,ARISTIDE BRIAND (D 518)             (R ),M,"45,6925600","4,9325800",69,2019,50.0,1.0,1.0,3.0,2266692,1.0,1,1,1,9.0,,0.0,0,1980.0,A01,138Â 202Â 411,1.0,0.0,-1.0,1730190,1.0,7,,0.0,2.0,0.0,C01,138Â 202Â 410,0.0
1013589,201900055120,2,15,13:25,1,2,1,1.0,5.0,69290,ARISTIDE BRIAND (D 518)             (R ),M,"45,6925600","4,9325800",69,2019,50.0,1.0,1.0,3.0,2266692,1.0,1,1,1,9.0,,0.0,0,1980.0,A01,138Â 202Â 411,1.0,0.0,-1.0,1730191,2.0,7,,0.0,2.0,3.0,A01,138Â 202Â 411,1.0
1013590,201900055121,2,17,18:50,2,2,6,1.0,6.0,69091,MONTROND (DE) ( R ),M,"45,5880500","4,7604200",69,2019,50.0,1.0,1.0,4.0,2266693,10.0,3,4,1,9.0,,3.0,3,2014.0,A01,138Â 202Â 408,8.0,0.0,-1.0,1730192,1.0,7,,0.0,1.0,3.0,A01,138Â 202Â 408,1.0
1013590,201900055121,2,17,18:50,2,2,6,1.0,6.0,69091,MONTROND (DE) ( R ),M,"45,5880500","4,7604200",69,2019,50.0,1.0,1.0,4.0,2266694,10.0,3,4,1,9.0,,3.0,3,1974.0,A01,138Â 202Â 408,8.0,0.0,-1.0,1730192,1.0,7,,0.0,1.0,3.0,A01,138Â 202Â 408,1.0
1013590,201900055121,2,17,18:50,2,2,6,1.0,6.0,69091,MONTROND (DE) ( R ),M,"45,5880500","4,7604200",69,2019,50.0,1.0,1.0,4.0,2266695,1.0,1,1,1,5.0,,0.0,0,1994.0,A01,138Â 202Â 408,8.0,0.0,-1.0,1730192,1.0,7,,0.0,1.0,3.0,A01,138Â 202Â 408,1.0
1013591,201900055122,1,2,12:52,1,2,3,1.0,3.0,49007,GUICHARD,M,"47,4483300"," -0,5502600",49,2019,50.0,1.0,1.0,4.0,2266696,1.0,1,4,1,4.0,,-1.0, -1,1991.0,B01,138Â 202Â 401,2.0,8.0,-1.0,1730193,2.0,2,,0.0,2.0,1.0,B01,138Â 202Â 401,1.0
1013591,201900055122,1,2,12:52,1,2,3,1.0,3.0,49007,GUICHARD,M,"47,4483300"," -0,5502600",49,2019,50.0,1.0,1.0,4.0,2266696,1.0,1,4,1,4.0,,-1.0, -1,1991.0,B01,138Â 202Â 401,2.0,8.0,-1.0,1730194,2.0,7,,0.0,2.0,3.0,A01,138Â 202Â 402,1.0
1013591,201900055122,1,2,12:52,1,2,3,1.0,3.0,49007,GUICHARD,M,"47,4483300"," -0,5502600",49,2019,50.0,1.0,1.0,4.0,2266697,1.0,1,1,1,5.0,,-1.0, -1,1974.0,A01,138Â 202Â 402,1.0,8.0,-1.0,1730193,2.0,2,,0.0,2.0,1.0,B01,138Â 202Â 401,1.0
1013591,201900055122,1,2,12:52,1,2,3,1.0,3.0,49007,GUICHARD,M,"47,4483300"," -0,5502600",49,2019,50.0,1.0,1.0,4.0,2266697,1.0,1,1,1,5.0,,-1.0, -1,1974.0,A01,138Â 202Â 402,1.0,8.0,-1.0,1730194,2.0,7,,0.0,2.0,3.0,A01,138Â 202Â 402,1.0
1013592,201900055123,1,1,05:45,5,2,6,1.0,7.0,49007,LEROY PLACE,M,"47,4647700"," -0,5487700",49,2019,50.0,1.0,2.0,4.0,2266698,1.0,1,4,1,5.0,,-1.0, -1,1990.0,A01,138Â 202Â 400,1.0,8.0,-1.0,1730195,2.0,7,,14.0,0.0,1.0,A01,138Â 202Â 400,1.0
1013592,201900055123,1,1,05:45,5,2,6,1.0,7.0,49007,LEROY PLACE,M,"47,4647700"," -0,5487700",49,2019,50.0,1.0,2.0,4.0,2266699,2.0,2,3,2,5.0,,-1.0, -1,1988.0,A01,138Â 202Â 400,1.0,8.0,-1.0,1730195,2.0,7,,14.0,0.0,1.0,A01,138Â 202Â 400,1.0
1013593,201900055124,1,1,08:18,2,2,1,1.0,6.0,45075,RUE DES TROIS FOSSES,M,"47,8946270","1,8436580",45,2019,50.0,4.0,2.0,4.0,2266700,1.0,1,4,1,5.0,,-1.0, -1,1996.0,A01,138Â 202Â 399,8.0,0.0,-1.0,1730196,2.0,7,,15.0,0.0,1.0,A01,138Â 202Â 399,1.0
1013593,201900055124,1,1,08:18,2,2,1,1.0,6.0,45075,RUE DES TROIS FOSSES,M,"47,8946270","1,8436580",45,2019,50.0,4.0,2.0,4.0,2266701,2.0,2,1,1,5.0,,-1.0, -1,1997.0,A01,138Â 202Â 399,8.0,0.0,-1.0,1730196,2.0,7,,15.0,0.0,1.0,A01,138Â 202Â 399,1.0
1013594,201900055125,1,3,15:30,1,2,1,1.0,3.0,44184,VILLE HALLUARD (RUE DE LA),M,"47,2843000"," -2,2019000",44,2019,50.0,1.0,1.0,4.0,2266702,1.0,1,1,1,5.0,,0.0,0,1949.0,B01,138Â 202Â 397,1.0,0.0,-1.0,1730197,1.0,7,,0.0,2.0,3.0,B01,138Â 202Â 397,1.0
1013594,201900055125,1,3,15:30,1,2,1,1.0,3.0,44184,VILLE HALLUARD (RUE DE LA),M,"47,2843000"," -2,2019000",44,2019,50.0,1.0,1.0,4.0,2266702,1.0,1,1,1,5.0,,0.0,0,1949.0,B01,138Â 202Â 397,1.0,0.0,-1.0,1730198,1.0,33,,0.0,2.0,5.0,A01,138Â 202Â 398,1.0
1013594,201900055125,1,3,15:30,1,2,1,1.0,3.0,44184,VILLE HALLUARD (RUE DE LA),M,"47,2843000"," -2,2019000",44,2019,50.0,1.0,1.0,4.0,2266703,1.0,1,4,1,1.0,,0.0,0,1962.0,A01,138Â 202Â 398,2.0,6.0,-1.0,1730197,1.0,7,,0.0,2.0,3.0,B01,138Â 202Â 397,1.0
1013594,201900055125,1,3,15:30,1,2,1,1.0,3.0,44184,VILLE HALLUARD (RUE DE LA),M,"47,2843000"," -2,2019000",44,2019,50.0,1.0,1.0,4.0,2266703,1.0,1,4,1,1.0,,0.0,0,1962.0,A01,138Â 202Â 398,2.0,6.0,-1.0,1730198,1.0,33,,0.0,2.0,5.0,A01,138Â 202Â 398,1.0
1013595,201900055126,1,2,11:40,1,2,1,8.0,6.0,44162,PLACE OCEANE,M,"47,2256200"," -1,6298600",44,2019,10.0,1.0,1.0,6.0,2266704,10.0,3,4,2,3.0,,3.0,3,1935.0,A01,138Â 202Â 396,8.0,0.0,-1.0,1730199,1.0,7,,0.0,1.0,4.0,A01,138Â 202Â 396,1.0
1013595,201900055126,1,2,11:40,1,2,1,8.0,6.0,44162,PLACE OCEANE,M,"47,2256200"," -1,6298600",44,2019,10.0,1.0,1.0,6.0,2266705,1.0,1,1,2,3.0,,0.0,0,1983.0,A01,138Â 202Â 396,1.0,0.0,-1.0,1730199,1.0,7,,0.0,1.0,4.0,A01,138Â 202Â 396,1.0
1013596,201900055127,1,2,16:05,1,2,8,1.0,3.0,42187,POLYGONE (AVENUE DU ),M,"46,0548400","4,0807800",42,2019,50.0,1.0,1.0,4.0,2266706,1.0,1,1,1,3.0,,0.0,0,1944.0,B01,138Â 202Â 394,1.0,0.0,-1.0,1730200,3.0,7,,0.0,2.0,1.0,B01,138Â 202Â 394,1.0
1013596,201900055127,1,2,16:05,1,2,8,1.0,3.0,42187,POLYGONE (AVENUE DU ),M,"46,0548400","4,0807800",42,2019,50.0,1.0,1.0,4.0,2266706,1.0,1,1,1,3.0,,0.0,0,1944.0,B01,138Â 202Â 394,1.0,0.0,-1.0,1730201,3.0,1,,0.0,2.0,7.0,A01,138Â 202Â 395,5.0
1013596,201900055127,1,2,16:05,1,2,8,1.0,3.0,42187,POLYGONE (AVENUE DU ),M,"46,0548400","4,0807800",42,2019,50.0,1.0,1.0,4.0,2266707,1.0,1,3,1,5.0,,0.0,0,1984.0,A01,138Â 202Â 395,2.0,8.0,-1.0,1730200,3.0,7,,0.0,2.0,1.0,B01,138Â 202Â 394,1.0
1013596,201900055127,1,2,16:05,1,2,8,1.0,3.0,42187,POLYGONE (AVENUE DU ),M,"46,0548400","4,0807800",42,2019,50.0,1.0,1.0,4.0,2266707,1.0,1,3,1,5.0,,0.0,0,1984.0,A01,138Â 202Â 395,2.0,8.0,-1.0,1730201,3.0,1,,0.0,2.0,7.0,A01,138Â 202Â 395,5.0
1013597,201900055128,1,3,22:27,5,2,1,1.0,6.0,38516,D 590 - AVENUE DU GRESIVAUDAN,M,"45,2048100","5,7472400",38,2019,50.0,1.0,1.0,3.0,2266708,1.0,1,3,1,0.0,,-1.0,0,1962.0,A01,138Â 202Â 393,2.0,8.0,-1.0,1730202,2.0,33,,1.0,0.0,1.0,A01,138Â 202Â 393,1.0
1013598,201900055129,1,2,17:30,5,2,1,1.0,7.0,38421,RUE RABELAIS,M,"45,1757700","5,7637900",38,2019,50.0,1.0,1.0,4.0,2266709,1.0,1,1,2,0.0,,0.0,0,1900.0,A01,138Â 202Â 392,1.0,0.0,-1.0,1730203,0.0,7,,0.0,1.0,0.0,A01,138Â 202Â 392,1.0
1013598,201900055129,1,2,17:30,5,2,1,1.0,7.0,38421,RUE RABELAIS,M,"45,1757700","5,7637900",38,2019,50.0,1.0,1.0,4.0,2266710,10.0,3,4,1,0.0,,1.0,B,2005.0,A01,138Â 202Â 392,8.0,0.0,-1.0,1730203,0.0,7,,0.0,1.0,0.0,A01,138Â 202Â 392,1.0
1013599,201900055130,1,2,18:25,5,2,1,1.0,6.0,38185,RUE DE LA LIBERTE,M,"45,1883500","5,7290500",38,2019,30.0,1.0,1.0,4.0,2266711,1.0,1,1,1,0.0,,-1.0,0,1997.0,A01,138Â 202Â 391,1.0,0.0,-1.0,1730204,3.0,7,,0.0,1.0,1.0,A01,138Â 202Â 391,1.0
1013599,201900055130,1,2,18:25,5,2,1,1.0,6.0,38185,RUE DE LA LIBERTE,M,"45,1883500","5,7290500",38,2019,30.0,1.0,1.0,4.0,2266712,10.0,3,4,1,0.0,,3.0,3,2009.0,A01,138Â 202Â 391,8.0,0.0,-1.0,1730204,3.0,7,,0.0,1.0,1.0,A01,138Â 202Â 391,1.0
1013600,201900055131,1,3,17:10,1,2,1,1.0,3.0,37261,JUIN (BOULEVARD DU MARECHAL),M,"47,4128700","0,7030200",37,2019,50.0,1.0,1.0,4.0,2266713,1.0,1,1,1,0.0,,-1.0,0,1966.0,A01,138Â 202Â 389,1.0,8.0,-1.0,1730205,1.0,10,,0.0,2.0,6.0,A01,138Â 202Â 389,1.0
1013600,201900055131,1,3,17:10,1,2,1,1.0,3.0,37261,JUIN (BOULEVARD DU MARECHAL),M,"47,4128700","0,7030200",37,2019,50.0,1.0,1.0,4.0,2266713,1.0,1,1,1,0.0,,-1.0,0,1966.0,A01,138Â 202Â 389,1.0,8.0,-1.0,1730206,1.0,7,,0.0,2.0,2.0,B01,138Â 202Â 390,1.0
1013600,201900055131,1,3,17:10,1,2,1,1.0,3.0,37261,JUIN (BOULEVARD DU MARECHAL),M,"47,4128700","0,7030200",37,2019,50.0,1.0,1.0,4.0,2266714,1.0,1,4,2,0.0,,-1.0,0,1986.0,B01,138Â 202Â 390,1.0,0.0,-1.0,1730205,1.0,10,,0.0,2.0,6.0,A01,138Â 202Â 389,1.0
1013600,201900055131,1,3,17:10,1,2,1,1.0,3.0,37261,JUIN (BOULEVARD DU MARECHAL),M,"47,4128700","0,7030200",37,2019,50.0,1.0,1.0,4.0,2266714,1.0,1,4,2,0.0,,-1.0,0,1986.0,B01,138Â 202Â 390,1.0,0.0,-1.0,1730206,1.0,7,,0.0,2.0,2.0,B01,138Â 202Â 390,1.0
1013601,201900055132,1,1,07:25,5,2,1,1.0,6.0,35238,RUE DE ST MALO,M,"48,1185100"," -1,6805300",35,2019,50.0,1.0,1.0,4.0,2266715,1.0,1,4,1,1.0,,-1.0,0,1982.0,A01,138Â 202Â 388,1.0,0.0,-1.0,1730207,0.0,7,,1.0,0.0,2.0,A01,138Â 202Â 388,1.0
1013602,201900055133,1,1,01:15,3,2,1,1.0,6.0,35051,LIN (RUE DU),M,"48,1120920"," -1,6200260",35,2019,50.0,1.0,1.0,4.0,2266716,1.0,1,4,1,5.0,,0.0,0,1992.0,A01,138Â 202Â 387,1.0,0.0,-1.0,1730208,0.0,7,,0.0,0.0,2.0,A01,138Â 202Â 387,1.0
1013603,201900055134,1,5,15:35,1,2,1,1.0,2.0,34172,MONDIAL 98 (AVENUE DU),M,"43,6040200","3,9124100",34,2019,50.0,1.0,1.0,4.0,2266717,1.0,1,1,1,0.0,,0.0,0,1998.0,A01,138Â 202Â 385,1.0,0.0,-1.0,1730209,2.0,7,,0.0,2.0,3.0,A01,138Â 202Â 385,1.0
1013603,201900055134,1,5,15:35,1,2,1,1.0,2.0,34172,MONDIAL 98 (AVENUE DU),M,"43,6040200","3,9124100",34,2019,50.0,1.0,1.0,4.0,2266717,1.0,1,1,1,0.0,,0.0,0,1998.0,A01,138Â 202Â 385,1.0,0.0,-1.0,1730210,1.0,32,,0.0,0.0,4.0,B01,138Â 202Â 386,1.0
1013603,201900055134,1,5,15:35,1,2,1,1.0,2.0,34172,MONDIAL 98 (AVENUE DU),M,"43,6040200","3,9124100",34,2019,50.0,1.0,1.0,4.0,2266718,1.0,1,4,1,0.0,,0.0,0,1988.0,B01,138Â 202Â 386,2.0,6.0,-1.0,1730209,2.0,7,,0.0,2.0,3.0,A01,138Â 202Â 385,1.0
1013603,201900055134,1,5,15:35,1,2,1,1.0,2.0,34172,MONDIAL 98 (AVENUE DU),M,"43,6040200","3,9124100",34,2019,50.0,1.0,1.0,4.0,2266718,1.0,1,4,1,0.0,,0.0,0,1988.0,B01,138Â 202Â 386,2.0,6.0,-1.0,1730210,1.0,32,,0.0,0.0,4.0,B01,138Â 202Â 386,1.0