Unnamed: 0_x,num_acc,mois,jour,hrmn,lum,agg,int,atm,col,com,adr,gps,lat,long,dep,annee,vma,situ,surf,catr,Unnamed: 0_y,place,catu,grav,sexe,trajet,secu,locp,actp,an_nais,num_veh_x,id_vehicule_x,secu1,secu2,secu3,Unnamed: 0,senc,catv,occutc,obs,obsm,choc,num_veh_y,id_vehicule_y,motor
1013604,201900055135,1,4,13:00,1,2,1,1.0,7.0,34172,POMPIGNANE (AVENUE DE LA),M,"43,6074800","3,8986000",34,2019,50.0,1.0,1.0,4.0,2266719,1.0,1,1,1,0.0,,-1.0, -1,1971.0,A01,138Â 202Â 382,1.0,0.0,-1.0,1730211,2.0,7,,0.0,1.0,1.0,A01,138Â 202Â 382,1.0
1013604,201900055135,1,4,13:00,1,2,1,1.0,7.0,34172,POMPIGNANE (AVENUE DE LA),M,"43,6074800","3,8986000",34,2019,50.0,1.0,1.0,4.0,2266720,10.0,3,3,1,0.0,,3.0,3,1965.0,A01,138Â 202Â 382,8.0,0.0,-1.0,1730211,2.0,7,,0.0,1.0,1.0,A01,138Â 202Â 382,1.0
1013605,201900055136,1,1,04:30,5,2,1,1.0,6.0,34172,COMTE (RUE AUGUSTE),M,"43,6104900","3,8686000",34,2019,50.0,1.0,1.0,4.0,2266721,10.0,3,4,1,5.0,,1.0,2,1984.0,A01,138Â 202Â 380,8.0,0.0,-1.0,1730212,2.0,7,,0.0,1.0,2.0,A01,138Â 202Â 380,1.0
1013606,201900055137,1,2,16:55,1,2,1,1.0,6.0,34032,GAY- LUSSAC LOUIS JOSEPH (RUE),M,"43,3468410","3,2578990",34,2019,50.0,1.0,1.0,4.0,2266722,10.0,3,3,2,3.0,,2.0,3,1963.0,A01,138Â 202Â 379,8.0,0.0,-1.0,1730213,3.0,7,,0.0,1.0,2.0,A01,138Â 202Â 379,1.0
1013606,201900055137,1,2,16:55,1,2,1,1.0,6.0,34032,GAY- LUSSAC LOUIS JOSEPH (RUE),M,"43,3468410","3,2578990",34,2019,50.0,1.0,1.0,4.0,2266723,1.0,1,1,1,3.0,,-1.0, -1,1971.0,A01,138Â 202Â 379,1.0,8.0,-1.0,1730213,3.0,7,,0.0,1.0,2.0,A01,138Â 202Â 379,1.0
1013607,201900055138,1,24,17:55,5,2,1,1.0,3.0,33063,112 BD MARECHAL LECLERC - Ligne 9 ou retour dÃ©pot autobus Ã  soufflet KEOLIS ,M,"44,8284500"," -0,5939000",33,2019,50.0,5.0,1.0,4.0,2266724,1.0,1,3,2,1.0,,-1.0, -1,1979.0,A01,138Â 202Â 377,2.0,0.0,-1.0,1730214,2.0,1,,0.0,2.0,8.0,A01,138Â 202Â 377,5.0
1013607,201900055138,1,24,17:55,5,2,1,1.0,3.0,33063,112 BD MARECHAL LECLERC - Ligne 9 ou retour dÃ©pot autobus Ã  soufflet KEOLIS ,M,"44,8284500"," -0,5939000",33,2019,50.0,5.0,1.0,4.0,2266724,1.0,1,3,2,1.0,,-1.0, -1,1979.0,A01,138Â 202Â 377,2.0,0.0,-1.0,1730215,2.0,37,0.0,0.0,2.0,7.0,Z01,138Â 202Â 378,1.0
1013608,201900055139,1,5,14:40,1,2,1,1.0,2.0,32013,VICTOR HUGO (RUE),M,"43,6507900","0,5769900",32,2019,50.0,1.0,1.0,4.0,2266725,1.0,1,3,1,5.0,,-1.0, -1,1997.0,A01,138Â 202Â 375,2.0,6.0,-1.0,1730216,3.0,31,,0.0,2.0,1.0,A01,138Â 202Â 375,1.0
1013608,201900055139,1,5,14:40,1,2,1,1.0,2.0,32013,VICTOR HUGO (RUE),M,"43,6507900","0,5769900",32,2019,50.0,1.0,1.0,4.0,2266725,1.0,1,3,1,5.0,,-1.0, -1,1997.0,A01,138Â 202Â 375,2.0,6.0,-1.0,1730217,3.0,31,,0.0,2.0,4.0,B01,138Â 202Â 376,1.0
1013608,201900055139,1,5,14:40,1,2,1,1.0,2.0,32013,VICTOR HUGO (RUE),M,"43,6507900","0,5769900",32,2019,50.0,1.0,1.0,4.0,2266726,1.0,1,1,1,5.0,,-1.0, -1,1998.0,B01,138Â 202Â 376,2.0,6.0,-1.0,1730216,3.0,31,,0.0,2.0,1.0,A01,138Â 202Â 375,1.0
1013608,201900055139,1,5,14:40,1,2,1,1.0,2.0,32013,VICTOR HUGO (RUE),M,"43,6507900","0,5769900",32,2019,50.0,1.0,1.0,4.0,2266726,1.0,1,1,1,5.0,,-1.0, -1,1998.0,B01,138Â 202Â 376,2.0,6.0,-1.0,1730217,3.0,31,,0.0,2.0,4.0,B01,138Â 202Â 376,1.0
1013609,201900055140,1,4,02:00,5,2,1,1.0,7.0,31555,108 AV FREDERIC ESTEBE,M,"43,6252900","1,4371100",31,2019,50.0,1.0,1.0,3.0,2266727,1.0,1,4,2,0.0,,-1.0,0,1969.0,A01,138Â 202Â 374,2.0,0.0,-1.0,1730218,0.0,31,,0.0,0.0,9.0,A01,138Â 202Â 374,1.0
1013610,201900055141,10,26,14:03,1,2,9,1.0,3.0,93074,BOUCHER RUE ALEXANDRE,M,"48,9334700","2,5669900",93,2019,50.0,1.0,1.0,4.0,2266728,1.0,1,1,2,5.0,,-1.0, -1,1943.0,B01,138Â 202Â 371,1.0,8.0,-1.0,1730219,0.0,7,,0.0,2.0,2.0,B01,138Â 202Â 371,1.0
1013610,201900055141,10,26,14:03,1,2,9,1.0,3.0,93074,BOUCHER RUE ALEXANDRE,M,"48,9334700","2,5669900",93,2019,50.0,1.0,1.0,4.0,2266728,1.0,1,1,2,5.0,,-1.0, -1,1943.0,B01,138Â 202Â 371,1.0,8.0,-1.0,1730220,0.0,2,,0.0,2.0,1.0,A01,138Â 202Â 372,1.0
1013610,201900055141,10,26,14:03,1,2,9,1.0,3.0,93074,BOUCHER RUE ALEXANDRE,M,"48,9334700","2,5669900",93,2019,50.0,1.0,1.0,4.0,2266729,1.0,1,4,1,1.0,,-1.0, -1,1994.0,A01,138Â 202Â 372,8.0,0.0,-1.0,1730219,0.0,7,,0.0,2.0,2.0,B01,138Â 202Â 371,1.0
1013610,201900055141,10,26,14:03,1,2,9,1.0,3.0,93074,BOUCHER RUE ALEXANDRE,M,"48,9334700","2,5669900",93,2019,50.0,1.0,1.0,4.0,2266729,1.0,1,4,1,1.0,,-1.0, -1,1994.0,A01,138Â 202Â 372,8.0,0.0,-1.0,1730220,0.0,2,,0.0,2.0,1.0,A01,138Â 202Â 372,1.0
1013611,201900055142,1,3,16:30,1,2,1,1.0,6.0,31555,5 AV DU MIRAIL,M,"43,5700100","1,3903800",31,2019,50.0,1.0,1.0,4.0,2266730,10.0,3,3,1,5.0,,3.0,5,2013.0,A01,138Â 202Â 373,8.0,0.0,-1.0,1730221,1.0,7,,0.0,1.0,0.0,A01,138Â 202Â 373,1.0
1013611,201900055142,1,3,16:30,1,2,1,1.0,6.0,31555,5 AV DU MIRAIL,M,"43,5700100","1,3903800",31,2019,50.0,1.0,1.0,4.0,2266731,1.0,1,1,1,5.0,,-1.0,0,1965.0,A01,138Â 202Â 373,1.0,8.0,-1.0,1730221,1.0,7,,0.0,1.0,0.0,A01,138Â 202Â 373,1.0
1013612,201900055143,10,26,22:10,3,2,1,1.0,6.0,93027,VAILLANT-COUTURIER (AVENUE PAUL),M,"48,9190200","2,4086800",93,2019,50.0,3.0,1.0,3.0,2266732,1.0,1,1,1,5.0,,-1.0, -1,1976.0,A01,138Â 202Â 370,1.0,0.0,-1.0,1730222,2.0,3,,0.0,1.0,3.0,A01,138Â 202Â 370,1.0
1013612,201900055143,10,26,22:10,3,2,1,1.0,6.0,93027,VAILLANT-COUTURIER (AVENUE PAUL),M,"48,9190200","2,4086800",93,2019,50.0,3.0,1.0,3.0,2266733,10.0,3,3,1,0.0,,1.0,3,1900.0,A01,138Â 202Â 370,8.0,0.0,-1.0,1730222,2.0,3,,0.0,1.0,3.0,A01,138Â 202Â 370,1.0
1013613,201900055144,1,3,13:50,1,2,1,1.0,1.0,31555,RUE DANIEL FAUCHER,M,"43,5729500","1,4011000",31,2019,50.0,1.0,1.0,4.0,2266734,1.0,1,1,1,9.0,,-1.0,0,1998.0,A01,138Â 202Â 368,1.0,8.0,-1.0,1730223,1.0,7,,0.0,2.0,1.0,A01,138Â 202Â 368,1.0
1013613,201900055144,1,3,13:50,1,2,1,1.0,1.0,31555,RUE DANIEL FAUCHER,M,"43,5729500","1,4011000",31,2019,50.0,1.0,1.0,4.0,2266734,1.0,1,1,1,9.0,,-1.0,0,1998.0,A01,138Â 202Â 368,1.0,8.0,-1.0,1730224,2.0,7,,0.0,2.0,3.0,B01,138Â 202Â 369,1.0
1013613,201900055144,1,3,13:50,1,2,1,1.0,1.0,31555,RUE DANIEL FAUCHER,M,"43,5729500","1,4011000",31,2019,50.0,1.0,1.0,4.0,2266735,1.0,1,4,2,5.0,,-1.0,0,1965.0,B01,138Â 202Â 369,1.0,8.0,-1.0,1730223,1.0,7,,0.0,2.0,1.0,A01,138Â 202Â 368,1.0
1013613,201900055144,1,3,13:50,1,2,1,1.0,1.0,31555,RUE DANIEL FAUCHER,M,"43,5729500","1,4011000",31,2019,50.0,1.0,1.0,4.0,2266735,1.0,1,4,2,5.0,,-1.0,0,1965.0,B01,138Â 202Â 369,1.0,8.0,-1.0,1730224,2.0,7,,0.0,2.0,3.0,B01,138Â 202Â 369,1.0
1013614,201900055145,10,26,10:22,1,2,1,1.0,6.0,93013,JAURES (AVENUE JEAN) DE 28 A 62,M,"48,9328200","2,4249500",93,2019,50.0,1.0,1.0,3.0,2266736,10.0,3,4,1,5.0,,4.0,3,1983.0,A01,138Â 202Â 367,8.0,0.0,-1.0,1730225,3.0,7,,0.0,1.0,1.0,A01,138Â 202Â 367,0.0
1013614,201900055145,10,26,10:22,1,2,1,1.0,6.0,93013,JAURES (AVENUE JEAN) DE 28 A 62,M,"48,9328200","2,4249500",93,2019,50.0,1.0,1.0,3.0,2266737,1.0,1,1,1,3.0,,-1.0, -1,1974.0,A01,138Â 202Â 367,8.0,0.0,-1.0,1730225,3.0,7,,0.0,1.0,1.0,A01,138Â 202Â 367,0.0
1013615,201900055146,1,4,23:06,5,2,9,1.0,2.0,30189,ALLENDE SALVADOR (RUE),M,"43,8434900","4,3920900",30,2019,70.0,1.0,1.0,4.0,2266738,1.0,1,4,2,5.0,,-1.0,0,1986.0,B01,138Â 202Â 365,1.0,0.0,-1.0,1730226,2.0,7,,0.0,2.0,4.0,B01,138Â 202Â 365,1.0
1013615,201900055146,1,4,23:06,5,2,9,1.0,2.0,30189,ALLENDE SALVADOR (RUE),M,"43,8434900","4,3920900",30,2019,70.0,1.0,1.0,4.0,2266738,1.0,1,4,2,5.0,,-1.0,0,1986.0,B01,138Â 202Â 365,1.0,0.0,-1.0,1730227,2.0,7,,0.0,2.0,1.0,A01,138Â 202Â 366,1.0
1013615,201900055146,1,4,23:06,5,2,9,1.0,2.0,30189,ALLENDE SALVADOR (RUE),M,"43,8434900","4,3920900",30,2019,70.0,1.0,1.0,4.0,2266739,1.0,1,4,2,5.0,,-1.0,0,1989.0,A01,138Â 202Â 366,1.0,0.0,-1.0,1730226,2.0,7,,0.0,2.0,4.0,B01,138Â 202Â 365,1.0
1013615,201900055146,1,4,23:06,5,2,9,1.0,2.0,30189,ALLENDE SALVADOR (RUE),M,"43,8434900","4,3920900",30,2019,70.0,1.0,1.0,4.0,2266739,1.0,1,4,2,5.0,,-1.0,0,1989.0,A01,138Â 202Â 366,1.0,0.0,-1.0,1730227,2.0,7,,0.0,2.0,1.0,A01,138Â 202Â 366,1.0
1013616,201900055147,10,26,12:25,1,2,9,1.0,3.0,93010,GALLIENI (AV.) DE 2 A 96,M,"48,9047620","2,4747390",93,2019,50.0,1.0,1.0,3.0,2266740,1.0,1,1,1,5.0,,0.0,0,1982.0,A01,138Â 202Â 363,1.0,8.0,-1.0,1730228,1.0,7,,0.0,2.0,2.0,A01,138Â 202Â 363,1.0
1013616,201900055147,10,26,12:25,1,2,9,1.0,3.0,93010,GALLIENI (AV.) DE 2 A 96,M,"48,9047620","2,4747390",93,2019,50.0,1.0,1.0,3.0,2266740,1.0,1,1,1,5.0,,0.0,0,1982.0,A01,138Â 202Â 363,1.0,8.0,-1.0,1730229,1.0,7,,0.0,0.0,3.0,B01,138Â 202Â 364,1.0
1013616,201900055147,10,26,12:25,1,2,9,1.0,3.0,93010,GALLIENI (AV.) DE 2 A 96,M,"48,9047620","2,4747390",93,2019,50.0,1.0,1.0,3.0,2266741,1.0,1,4,1,9.0,,0.0,0,1992.0,B01,138Â 202Â 364,1.0,8.0,-1.0,1730228,1.0,7,,0.0,2.0,2.0,A01,138Â 202Â 363,1.0
1013616,201900055147,10,26,12:25,1,2,9,1.0,3.0,93010,GALLIENI (AV.) DE 2 A 96,M,"48,9047620","2,4747390",93,2019,50.0,1.0,1.0,3.0,2266741,1.0,1,4,1,9.0,,0.0,0,1992.0,B01,138Â 202Â 364,1.0,8.0,-1.0,1730229,1.0,7,,0.0,0.0,3.0,B01,138Â 202Â 364,1.0
1013617,201900055148,10,26,02:30,5,2,6,1.0,3.0,93055,NOISY LE SEC (ROUTE DE),M,"48,8955200","2,4259800",93,2019,50.0,1.0,1.0,3.0,2266742,5.0,2,4,2,5.0,,-1.0, -1,1992.0,A01,138Â 202Â 361,2.0,8.0,-1.0,1730230,3.0,30,,14.0,0.0,0.0,A01,138Â 202Â 361,0.0
1013617,201900055148,10,26,02:30,5,2,6,1.0,3.0,93055,NOISY LE SEC (ROUTE DE),M,"48,8955200","2,4259800",93,2019,50.0,1.0,1.0,3.0,2266742,5.0,2,4,2,5.0,,-1.0, -1,1992.0,A01,138Â 202Â 361,2.0,8.0,-1.0,1730231,3.0,7,,14.0,0.0,3.0,B01,138Â 202Â 362,0.0
1013618,201900055149,10,26,14:00,1,2,3,1.0,3.0,93007,"""DESCARTES (AVENUE """"DU 1 AU 41"""")  Z1""",M,"48,9504900","2,4437000",93,2019,50.0,1.0,1.0,3.0,2266743,1.0,1,1,1,0.0,,-1.0, -1,1958.0,A01,138Â 202Â 357,1.0,0.0,-1.0,1730232,1.0,7,,0.0,2.0,3.0,A01,138Â 202Â 357,1.0
1013618,201900055149,10,26,14:00,1,2,3,1.0,3.0,93007,"""DESCARTES (AVENUE """"DU 1 AU 41"""")  Z1""",M,"48,9504900","2,4437000",93,2019,50.0,1.0,1.0,3.0,2266743,1.0,1,1,1,0.0,,-1.0, -1,1958.0,A01,138Â 202Â 357,1.0,0.0,-1.0,1730233,1.0,32,,0.0,2.0,7.0,B01,138Â 202Â 359,1.0
1013618,201900055149,10,26,14:00,1,2,3,1.0,3.0,93007,"""DESCARTES (AVENUE """"DU 1 AU 41"""")  Z1""",M,"48,9504900","2,4437000",93,2019,50.0,1.0,1.0,3.0,2266744,1.0,1,4,1,9.0,,-1.0, -1,1999.0,B01,138Â 202Â 359,2.0,0.0,-1.0,1730232,1.0,7,,0.0,2.0,3.0,A01,138Â 202Â 357,1.0
1013618,201900055149,10,26,14:00,1,2,3,1.0,3.0,93007,"""DESCARTES (AVENUE """"DU 1 AU 41"""")  Z1""",M,"48,9504900","2,4437000",93,2019,50.0,1.0,1.0,3.0,2266744,1.0,1,4,1,9.0,,-1.0, -1,1999.0,B01,138Â 202Â 359,2.0,0.0,-1.0,1730233,1.0,32,,0.0,2.0,7.0,B01,138Â 202Â 359,1.0
1013619,201900055150,10,25,08:10,1,2,6,1.0,6.0,92046,DE STALINGRAD/ youri GAGARINE (rond point),M,"48,8121118","2,2933968",92,2019,50.0,1.0,1.0,3.0,2266745,1.0,1,1,1,0.0,,0.0,0,1971.0,Z01,138Â 202Â 355,1.0,8.0,-1.0,1730234,2.0,10,,0.0,1.0,0.0,Z01,138Â 202Â 355,1.0
1013619,201900055150,10,25,08:10,1,2,6,1.0,6.0,92046,DE STALINGRAD/ youri GAGARINE (rond point),M,"48,8121118","2,2933968",92,2019,50.0,1.0,1.0,3.0,2266746,10.0,3,4,2,1.0,,3.0,3,1968.0,Z01,138Â 202Â 355,8.0,0.0,-1.0,1730234,2.0,10,,0.0,1.0,0.0,Z01,138Â 202Â 355,1.0
1013620,201900055151,1,5,19:05,5,2,1,1.0,4.0,27229,QUATORZE JUILLET (BOULEVARD),M,"49,0106800","1,1675700",27,2019,50.0,1.0,1.0,4.0,2266747,1.0,1,1,1,5.0,,-1.0,0,1957.0,A01,138Â 202Â 353,1.0,4.0,-1.0,1730235,1.0,7,,0.0,2.0,1.0,A01,138Â 202Â 353,1.0
1013620,201900055151,1,5,19:05,5,2,1,1.0,4.0,27229,QUATORZE JUILLET (BOULEVARD),M,"49,0106800","1,1675700",27,2019,50.0,1.0,1.0,4.0,2266747,1.0,1,1,1,5.0,,-1.0,0,1957.0,A01,138Â 202Â 353,1.0,4.0,-1.0,1730236,1.0,7,,0.0,2.0,4.0,B01,138Â 202Â 354,1.0
1013620,201900055151,1,5,19:05,5,2,1,1.0,4.0,27229,QUATORZE JUILLET (BOULEVARD),M,"49,0106800","1,1675700",27,2019,50.0,1.0,1.0,4.0,2266747,1.0,1,1,1,5.0,,-1.0,0,1957.0,A01,138Â 202Â 353,1.0,4.0,-1.0,1730237,1.0,7,,0.0,0.0,4.0,C01,138Â 202Â 356,1.0
1013620,201900055151,1,5,19:05,5,2,1,1.0,4.0,27229,QUATORZE JUILLET (BOULEVARD),M,"49,0106800","1,1675700",27,2019,50.0,1.0,1.0,4.0,2266748,1.0,1,4,1,0.0,,-1.0,0,1965.0,B01,138Â 202Â 354,1.0,6.0,-1.0,1730235,1.0,7,,0.0,2.0,1.0,A01,138Â 202Â 353,1.0
1013620,201900055151,1,5,19:05,5,2,1,1.0,4.0,27229,QUATORZE JUILLET (BOULEVARD),M,"49,0106800","1,1675700",27,2019,50.0,1.0,1.0,4.0,2266748,1.0,1,4,1,0.0,,-1.0,0,1965.0,B01,138Â 202Â 354,1.0,6.0,-1.0,1730236,1.0,7,,0.0,2.0,4.0,B01,138Â 202Â 354,1.0
1013620,201900055151,1,5,19:05,5,2,1,1.0,4.0,27229,QUATORZE JUILLET (BOULEVARD),M,"49,0106800","1,1675700",27,2019,50.0,1.0,1.0,4.0,2266748,1.0,1,4,1,0.0,,-1.0,0,1965.0,B01,138Â 202Â 354,1.0,6.0,-1.0,1730237,1.0,7,,0.0,0.0,4.0,C01,138Â 202Â 356,1.0
1013620,201900055151,1,5,19:05,5,2,1,1.0,4.0,27229,QUATORZE JUILLET (BOULEVARD),M,"49,0106800","1,1675700",27,2019,50.0,1.0,1.0,4.0,2266749,2.0,2,4,2,0.0,,-1.0,0,1958.0,B01,138Â 202Â 354,1.0,5.0,-1.0,1730235,1.0,7,,0.0,2.0,1.0,A01,138Â 202Â 353,1.0
1013620,201900055151,1,5,19:05,5,2,1,1.0,4.0,27229,QUATORZE JUILLET (BOULEVARD),M,"49,0106800","1,1675700",27,2019,50.0,1.0,1.0,4.0,2266749,2.0,2,4,2,0.0,,-1.0,0,1958.0,B01,138Â 202Â 354,1.0,5.0,-1.0,1730236,1.0,7,,0.0,2.0,4.0,B01,138Â 202Â 354,1.0
1013620,201900055151,1,5,19:05,5,2,1,1.0,4.0,27229,QUATORZE JUILLET (BOULEVARD),M,"49,0106800","1,1675700",27,2019,50.0,1.0,1.0,4.0,2266749,2.0,2,4,2,0.0,,-1.0,0,1958.0,B01,138Â 202Â 354,1.0,5.0,-1.0,1730237,1.0,7,,0.0,0.0,4.0,C01,138Â 202Â 356,1.0
1013620,201900055151,1,5,19:05,5,2,1,1.0,4.0,27229,QUATORZE JUILLET (BOULEVARD),M,"49,0106800","1,1675700",27,2019,50.0,1.0,1.0,4.0,2266750,1.0,1,1,1,0.0,,-1.0,0,1970.0,C01,138Â 202Â 356,1.0,0.0,-1.0,1730235,1.0,7,,0.0,2.0,1.0,A01,138Â 202Â 353,1.0
1013620,201900055151,1,5,19:05,5,2,1,1.0,4.0,27229,QUATORZE JUILLET (BOULEVARD),M,"49,0106800","1,1675700",27,2019,50.0,1.0,1.0,4.0,2266750,1.0,1,1,1,0.0,,-1.0,0,1970.0,C01,138Â 202Â 356,1.0,0.0,-1.0,1730236,1.0,7,,0.0,2.0,4.0,B01,138Â 202Â 354,1.0
1013620,201900055151,1,5,19:05,5,2,1,1.0,4.0,27229,QUATORZE JUILLET (BOULEVARD),M,"49,0106800","1,1675700",27,2019,50.0,1.0,1.0,4.0,2266750,1.0,1,1,1,0.0,,-1.0,0,1970.0,C01,138Â 202Â 356,1.0,0.0,-1.0,1730237,1.0,7,,0.0,0.0,4.0,C01,138Â 202Â 356,1.0
1013621,201900055152,10,26,16:50,1,2,1,1.0,6.0,92022,PAVE DES GARDES (RUE DU),M,"48,8074234","2,1880811",92,2019,50.0,1.0,1.0,3.0,2266751,1.0,1,1,1,5.0,,-1.0,0,1990.0,A01,138Â 202Â 352,8.0,0.0,-1.0,1730238,1.0,7,,0.0,1.0,1.0,A01,138Â 202Â 352,1.0
1013621,201900055152,10,26,16:50,1,2,1,1.0,6.0,92022,PAVE DES GARDES (RUE DU),M,"48,8074234","2,1880811",92,2019,50.0,1.0,1.0,3.0,2266752,10.0,3,4,2,5.0,,3.0,3,1959.0,A01,138Â 202Â 352,8.0,0.0,-1.0,1730238,1.0,7,,0.0,1.0,1.0,A01,138Â 202Â 352,1.0
1013622,201900055153,1,5,11:00,1,2,1,1.0,6.0,27229,JOSEPHINE (RUE),M,"49,0236300","1,1433300",27,2019,50.0,1.0,1.0,4.0,2266753,10.0,3,4,2,0.0,,3.0,3,1986.0,A01,138Â 202Â 351,8.0,0.0,-1.0,1730239,0.0,7,,0.0,1.0,1.0,A01,138Â 202Â 351,1.0
1013622,201900055153,1,5,11:00,1,2,1,1.0,6.0,27229,JOSEPHINE (RUE),M,"49,0236300","1,1433300",27,2019,50.0,1.0,1.0,4.0,2266754,1.0,1,1,2,0.0,,-1.0, -1,1950.0,A01,138Â 202Â 351,1.0,8.0,-1.0,1730239,0.0,7,,0.0,1.0,1.0,A01,138Â 202Â 351,1.0
1013623,201900055154,10,26,20:40,5,2,1,1.0,3.0,92062,PDT WILSON (Avenue),M,"48,8852000","2,2248900",92,2019,50.0,1.0,1.0,3.0,2266755,1.0,1,4,1,9.0,,-1.0,0,1973.0,B01,138Â 202Â 348,2.0,6.0,-1.0,1730240,2.0,2,,0.0,2.0,2.0,B01,138Â 202Â 348,1.0
1013623,201900055154,10,26,20:40,5,2,1,1.0,3.0,92062,PDT WILSON (Avenue),M,"48,8852000","2,2248900",92,2019,50.0,1.0,1.0,3.0,2266755,1.0,1,4,1,9.0,,-1.0,0,1973.0,B01,138Â 202Â 348,2.0,6.0,-1.0,1730241,2.0,7,,0.0,2.0,3.0,A01,138Â 202Â 350,1.0
1013623,201900055154,10,26,20:40,5,2,1,1.0,3.0,92062,PDT WILSON (Avenue),M,"48,8852000","2,2248900",92,2019,50.0,1.0,1.0,3.0,2266756,1.0,1,1,1,9.0,,-1.0,0,1968.0,A01,138Â 202Â 350,1.0,8.0,-1.0,1730240,2.0,2,,0.0,2.0,2.0,B01,138Â 202Â 348,1.0
1013623,201900055154,10,26,20:40,5,2,1,1.0,3.0,92062,PDT WILSON (Avenue),M,"48,8852000","2,2248900",92,2019,50.0,1.0,1.0,3.0,2266756,1.0,1,1,1,9.0,,-1.0,0,1968.0,A01,138Â 202Â 350,1.0,8.0,-1.0,1730241,2.0,7,,0.0,2.0,3.0,A01,138Â 202Â 350,1.0
1013624,201900055155,1,2,18:35,2,2,6,1.0,3.0,26058,LYON AVENUE DE,M,"44,9485300","4,8927900",26,2019,50.0,1.0,1.0,4.0,2266757,1.0,1,3,1,0.0,,0.0,0,1962.0,B01,138Â 202Â 347,2.0,0.0,-1.0,1730242,3.0,1,,0.0,2.0,0.0,B01,138Â 202Â 347,5.0
1013624,201900055155,1,2,18:35,2,2,6,1.0,3.0,26058,LYON AVENUE DE,M,"44,9485300","4,8927900",26,2019,50.0,1.0,1.0,4.0,2266757,1.0,1,3,1,0.0,,0.0,0,1962.0,B01,138Â 202Â 347,2.0,0.0,-1.0,1730243,3.0,7,,0.0,2.0,1.0,A01,138Â 202Â 349,1.0
1013624,201900055155,1,2,18:35,2,2,6,1.0,3.0,26058,LYON AVENUE DE,M,"44,9485300","4,8927900",26,2019,50.0,1.0,1.0,4.0,2266758,1.0,1,1,1,5.0,,0.0,0,1978.0,A01,138Â 202Â 349,1.0,0.0,-1.0,1730242,3.0,1,,0.0,2.0,0.0,B01,138Â 202Â 347,5.0
1013624,201900055155,1,2,18:35,2,2,6,1.0,3.0,26058,LYON AVENUE DE,M,"44,9485300","4,8927900",26,2019,50.0,1.0,1.0,4.0,2266758,1.0,1,1,1,5.0,,0.0,0,1978.0,A01,138Â 202Â 349,1.0,0.0,-1.0,1730243,3.0,7,,0.0,2.0,1.0,A01,138Â 202Â 349,1.0
1013625,201900055156,10,26,19:20,5,2,1,1.0,6.0,92044,BINEAU (BOULEVARD),M,"48,8866649","2,2835643",92,2019,50.0,1.0,1.0,3.0,2266759,1.0,1,4,1,5.0,,-1.0,0,1950.0,A01,138Â 202Â 344,1.0,8.0,-1.0,1730244,3.0,10,,11.0,0.0,1.0,A01,138Â 202Â 344,1.0
1013626,201900055157,10,26,17:45,1,2,1,1.0,7.0,92044,ANATOLE.FRANCE(RUE) 141+ ET 126 +,M,"48,8962464","2,2812877",92,2019,50.0,1.0,1.0,3.0,2266760,1.0,1,3,1,9.0,,0.0,0,1953.0,Y01,138Â 202Â 342,8.0,0.0,-1.0,1730245,1.0,50,,0.0,0.0,0.0,Y01,138Â 202Â 342,3.0
1013627,201900055158,10,26,10:16,1,2,1,1.0,6.0,92012,GENERAL LECLERC (AVENUE DU) 1/33 - 2/58,M,"48,8333299","2,2425120",92,2019,50.0,1.0,1.0,3.0,2266761,1.0,1,4,1,1.0,,-1.0,0,1972.0,A01,138Â 202Â 339,1.0,0.0,-1.0,1730246,3.0,7,,4.0,0.0,3.0,A01,138Â 202Â 339,1.0
1013628,201900055159,1,4,05:25,5,2,6,1.0,3.0,17300,ROMPSAY   AVENUE DE,M,"46,1616000"," -1,1399200",17,2019,50.0,1.0,1.0,4.0,2266762,1.0,1,4,1,1.0,,-1.0, -1,1972.0,B01,138Â 202Â 340,8.0,0.0,-1.0,1730247,1.0,1,,0.0,2.0,5.0,B01,138Â 202Â 340,5.0
1013628,201900055159,1,4,05:25,5,2,6,1.0,3.0,17300,ROMPSAY   AVENUE DE,M,"46,1616000"," -1,1399200",17,2019,50.0,1.0,1.0,4.0,2266762,1.0,1,4,1,1.0,,-1.0, -1,1972.0,B01,138Â 202Â 340,8.0,0.0,-1.0,1730248,2.0,7,,0.0,2.0,2.0,A01,138Â 202Â 341,1.0
1013628,201900055159,1,4,05:25,5,2,6,1.0,3.0,17300,ROMPSAY   AVENUE DE,M,"46,1616000"," -1,1399200",17,2019,50.0,1.0,1.0,4.0,2266763,1.0,1,1,1,5.0,,-1.0, -1,1980.0,A01,138Â 202Â 341,1.0,8.0,-1.0,1730247,1.0,1,,0.0,2.0,5.0,B01,138Â 202Â 340,5.0
1013628,201900055159,1,4,05:25,5,2,6,1.0,3.0,17300,ROMPSAY   AVENUE DE,M,"46,1616000"," -1,1399200",17,2019,50.0,1.0,1.0,4.0,2266763,1.0,1,1,1,5.0,,-1.0, -1,1980.0,A01,138Â 202Â 341,1.0,8.0,-1.0,1730248,2.0,7,,0.0,2.0,2.0,A01,138Â 202Â 341,1.0
1013629,201900055160,10,26,21:40,4,2,4,1.0,3.0,92004,MAURICE BOKANOWSKI,M,"48,9071050","2,2858134",92,2019,50.0,1.0,1.0,3.0,2266764,1.0,1,4,1,5.0,,-1.0,0,1989.0,B01,138Â 202Â 337,8.0,0.0,-1.0,1730249,3.0,1,,0.0,2.0,8.0,B01,138Â 202Â 337,0.0