Unnamed: 0_x,num_acc,mois,jour,hrmn,lum,agg,int,atm,col,com,adr,gps,lat,long,dep,annee,vma,situ,surf,catr,Unnamed: 0_y,place,catu,grav,sexe,trajet,secu,locp,actp,an_nais,num_veh_x,id_vehicule_x,secu1,secu2,secu3,Unnamed: 0,senc,catv,occutc,obs,obsm,choc,num_veh_y,id_vehicule_y,motor
1013629,201900055160,10,26,21:40,4,2,4,1.0,3.0,92004,MAURICE BOKANOWSKI,M,"48,9071050","2,2858134",92,2019,50.0,1.0,1.0,3.0,2266764,1.0,1,4,1,5.0,,-1.0,0,1989.0,B01,138Â 202Â 337,8.0,0.0,-1.0,1730250,3.0,32,,0.0,2.0,1.0,A01,138Â 202Â 338,0.0
1013629,201900055160,10,26,21:40,4,2,4,1.0,3.0,92004,MAURICE BOKANOWSKI,M,"48,9071050","2,2858134",92,2019,50.0,1.0,1.0,3.0,2266765,1.0,1,1,1,1.0,,-1.0,0,1970.0,A01,138Â 202Â 338,2.0,0.0,-1.0,1730249,3.0,1,,0.0,2.0,8.0,B01,138Â 202Â 337,0.0
1013629,201900055160,10,26,21:40,4,2,4,1.0,3.0,92004,MAURICE BOKANOWSKI,M,"48,9071050","2,2858134",92,2019,50.0,1.0,1.0,3.0,2266765,1.0,1,1,1,1.0,,-1.0,0,1970.0,A01,138Â 202Â 338,2.0,0.0,-1.0,1730250,3.0,32,,0.0,2.0,1.0,A01,138Â 202Â 338,0.0
1013630,201900055161,1,2,20:00,5,2,3,1.0,3.0,17300,VERDUN   PLACE DE,M,"46,1630800"," -1,1543200",17,2019,30.0,1.0,1.0,4.0,2266766,1.0,1,1,2,0.0,,-1.0, -1,1992.0,A01,138Â 202Â 335,8.0,0.0,-1.0,1730251,1.0,7,,0.0,2.0,2.0,A01,138Â 202Â 335,1.0
1013630,201900055161,1,2,20:00,5,2,3,1.0,3.0,17300,VERDUN   PLACE DE,M,"46,1630800"," -1,1543200",17,2019,30.0,1.0,1.0,4.0,2266766,1.0,1,1,2,0.0,,-1.0, -1,1992.0,A01,138Â 202Â 335,8.0,0.0,-1.0,1730252,2.0,2,,0.0,2.0,1.0,B01,138Â 202Â 336,1.0
1013630,201900055161,1,2,20:00,5,2,3,1.0,3.0,17300,VERDUN   PLACE DE,M,"46,1630800"," -1,1543200",17,2019,30.0,1.0,1.0,4.0,2266767,1.0,1,4,1,5.0,,-1.0, -1,2001.0,B01,138Â 202Â 336,2.0,0.0,-1.0,1730251,1.0,7,,0.0,2.0,2.0,A01,138Â 202Â 335,1.0
1013630,201900055161,1,2,20:00,5,2,3,1.0,3.0,17300,VERDUN   PLACE DE,M,"46,1630800"," -1,1543200",17,2019,30.0,1.0,1.0,4.0,2266767,1.0,1,4,1,5.0,,-1.0, -1,2001.0,B01,138Â 202Â 336,2.0,0.0,-1.0,1730252,2.0,2,,0.0,2.0,1.0,B01,138Â 202Â 336,1.0
1013631,201900055162,10,26,12:50,1,1,1,1.0,7.0,51295,RD 14,M,"48,6866684","4,4958196",51,2019,80.0,3.0,1.0,3.0,2266768,1.0,1,3,2,0.0,,0.0,0,1991.0,A01,138Â 202Â 332,1.0,5.0,-1.0,1730253,2.0,7,,2.0,0.0,1.0,A01,138Â 202Â 332,0.0
1013632,201900055163,1,3,13:08,1,1,1,1.0,2.0,13039,FOSSETTE (Rond-point de la),M,"43,4876300","4,8846300",13,2019,90.0,1.0,1.0,2.0,2266769,2.0,2,4,1,4.0,,-1.0, -1,1999.0,B01,138Â 202Â 329,1.0,0.0,-1.0,1730254,0.0,10,,0.0,2.0,6.0,B01,138Â 202Â 329,1.0
1013632,201900055163,1,3,13:08,1,1,1,1.0,2.0,13039,FOSSETTE (Rond-point de la),M,"43,4876300","4,8846300",13,2019,90.0,1.0,1.0,2.0,2266769,2.0,2,4,1,4.0,,-1.0, -1,1999.0,B01,138Â 202Â 329,1.0,0.0,-1.0,1730255,0.0,14,,0.0,2.0,2.0,A01,138Â 202Â 331,1.0
1013632,201900055163,1,3,13:08,1,1,1,1.0,2.0,13039,FOSSETTE (Rond-point de la),M,"43,4876300","4,8846300",13,2019,90.0,1.0,1.0,2.0,2266770,1.0,1,4,1,4.0,,-1.0, -1,1962.0,B01,138Â 202Â 329,1.0,0.0,-1.0,1730254,0.0,10,,0.0,2.0,6.0,B01,138Â 202Â 329,1.0
1013632,201900055163,1,3,13:08,1,1,1,1.0,2.0,13039,FOSSETTE (Rond-point de la),M,"43,4876300","4,8846300",13,2019,90.0,1.0,1.0,2.0,2266770,1.0,1,4,1,4.0,,-1.0, -1,1962.0,B01,138Â 202Â 329,1.0,0.0,-1.0,1730255,0.0,14,,0.0,2.0,2.0,A01,138Â 202Â 331,1.0
1013632,201900055163,1,3,13:08,1,1,1,1.0,2.0,13039,FOSSETTE (Rond-point de la),M,"43,4876300","4,8846300",13,2019,90.0,1.0,1.0,2.0,2266771,1.0,1,1,1,4.0,,-1.0, -1,1962.0,A01,138Â 202Â 331,1.0,0.0,-1.0,1730254,0.0,10,,0.0,2.0,6.0,B01,138Â 202Â 329,1.0
1013632,201900055163,1,3,13:08,1,1,1,1.0,2.0,13039,FOSSETTE (Rond-point de la),M,"43,4876300","4,8846300",13,2019,90.0,1.0,1.0,2.0,2266771,1.0,1,1,1,4.0,,-1.0, -1,1962.0,A01,138Â 202Â 331,1.0,0.0,-1.0,1730255,0.0,14,,0.0,2.0,2.0,A01,138Â 202Â 331,1.0
1013633,201900055164,10,26,18:10,1,2,3,1.0,1.0,01333,Rue du Mont Blanc,M,"45,9261780","4,9552110",1,2019,50.0,1.0,1.0,3.0,2266772,1.0,1,1,1,5.0,,0.0,0,1999.0,A01,138Â 202Â 328,1.0,-1.0,-1.0,1730256,1.0,7,,0.0,2.0,1.0,A01,138Â 202Â 328,1.0
1013633,201900055164,10,26,18:10,1,2,3,1.0,1.0,01333,Rue du Mont Blanc,M,"45,9261780","4,9552110",1,2019,50.0,1.0,1.0,3.0,2266772,1.0,1,1,1,5.0,,0.0,0,1999.0,A01,138Â 202Â 328,1.0,-1.0,-1.0,1730257,2.0,33,,0.0,2.0,1.0,B01,138Â 202Â 330,1.0
1013633,201900055164,10,26,18:10,1,2,3,1.0,1.0,01333,Rue du Mont Blanc,M,"45,9261780","4,9552110",1,2019,50.0,1.0,1.0,3.0,2266773,1.0,1,3,1,5.0,,0.0,0,1961.0,B01,138Â 202Â 330,2.0,-1.0,-1.0,1730256,1.0,7,,0.0,2.0,1.0,A01,138Â 202Â 328,1.0
1013633,201900055164,10,26,18:10,1,2,3,1.0,1.0,01333,Rue du Mont Blanc,M,"45,9261780","4,9552110",1,2019,50.0,1.0,1.0,3.0,2266773,1.0,1,3,1,5.0,,0.0,0,1961.0,B01,138Â 202Â 330,2.0,-1.0,-1.0,1730257,2.0,33,,0.0,2.0,1.0,B01,138Â 202Â 330,1.0
1013634,201900055165,1,5,12:40,1,2,1,1.0,6.0,13204,CHAVE (BOULEVARD),M,"43,2955370","5,3960390",13,2019,50.0,1.0,1.0,4.0,2266774,1.0,1,1,1,0.0,,-1.0,0,1970.0,A01,138Â 202Â 327,1.0,8.0,-1.0,1730258,0.0,7,,0.0,1.0,1.0,A01,138Â 202Â 327,0.0
1013634,201900055165,1,5,12:40,1,2,1,1.0,6.0,13204,CHAVE (BOULEVARD),M,"43,2955370","5,3960390",13,2019,50.0,1.0,1.0,4.0,2266775,10.0,3,3,1,5.0,,3.0,3,2009.0,A01,138Â 202Â 327,8.0,0.0,-1.0,1730258,0.0,7,,0.0,1.0,1.0,A01,138Â 202Â 327,0.0
1013635,201900055166,10,27,10:15,1,1,1,1.0,3.0,74034,D332,M,"46,2547360","6,6305020",74,2019,80.0,1.0,1.0,3.0,2266776,2.0,2,1,2,5.0,,0.0,0,1992.0,B01,138Â 202Â 324,1.0,-1.0,-1.0,1730259,2.0,10,,0.0,2.0,3.0,B01,138Â 202Â 324,1.0
1013635,201900055166,10,27,10:15,1,1,1,1.0,3.0,74034,D332,M,"46,2547360","6,6305020",74,2019,80.0,1.0,1.0,3.0,2266776,2.0,2,1,2,5.0,,0.0,0,1992.0,B01,138Â 202Â 324,1.0,-1.0,-1.0,1730260,1.0,33,,0.0,2.0,7.0,A01,138Â 202Â 326,1.0
1013635,201900055166,10,27,10:15,1,1,1,1.0,3.0,74034,D332,M,"46,2547360","6,6305020",74,2019,80.0,1.0,1.0,3.0,2266777,7.0,2,1,1,5.0,,0.0,0,2010.0,B01,138Â 202Â 324,1.0,-1.0,-1.0,1730259,2.0,10,,0.0,2.0,3.0,B01,138Â 202Â 324,1.0
1013635,201900055166,10,27,10:15,1,1,1,1.0,3.0,74034,D332,M,"46,2547360","6,6305020",74,2019,80.0,1.0,1.0,3.0,2266777,7.0,2,1,1,5.0,,0.0,0,2010.0,B01,138Â 202Â 324,1.0,-1.0,-1.0,1730260,1.0,33,,0.0,2.0,7.0,A01,138Â 202Â 326,1.0
1013635,201900055166,10,27,10:15,1,1,1,1.0,3.0,74034,D332,M,"46,2547360","6,6305020",74,2019,80.0,1.0,1.0,3.0,2266778,1.0,1,1,1,5.0,,0.0,0,1981.0,B01,138Â 202Â 324,1.0,-1.0,-1.0,1730259,2.0,10,,0.0,2.0,3.0,B01,138Â 202Â 324,1.0
1013635,201900055166,10,27,10:15,1,1,1,1.0,3.0,74034,D332,M,"46,2547360","6,6305020",74,2019,80.0,1.0,1.0,3.0,2266778,1.0,1,1,1,5.0,,0.0,0,1981.0,B01,138Â 202Â 324,1.0,-1.0,-1.0,1730260,1.0,33,,0.0,2.0,7.0,A01,138Â 202Â 326,1.0
1013635,201900055166,10,27,10:15,1,1,1,1.0,3.0,74034,D332,M,"46,2547360","6,6305020",74,2019,80.0,1.0,1.0,3.0,2266779,1.0,1,3,1,5.0,,0.0,0,2000.0,A01,138Â 202Â 326,2.0,-1.0,-1.0,1730259,2.0,10,,0.0,2.0,3.0,B01,138Â 202Â 324,1.0
1013635,201900055166,10,27,10:15,1,1,1,1.0,3.0,74034,D332,M,"46,2547360","6,6305020",74,2019,80.0,1.0,1.0,3.0,2266779,1.0,1,3,1,5.0,,0.0,0,2000.0,A01,138Â 202Â 326,2.0,-1.0,-1.0,1730260,1.0,33,,0.0,2.0,7.0,A01,138Â 202Â 326,1.0
1013636,201900055167,1,5,04:35,5,2,2,1.0,3.0,13205,ROGER BRUN (RUE),M,"43,2857281","5,3927095",13,2019,50.0,1.0,1.0,4.0,2266780,2.0,2,1,2,5.0,,-1.0, -1,2001.0,B01,138Â 202Â 323,1.0,8.0,-1.0,1730261,1.0,7,,0.0,2.0,2.0,B01,138Â 202Â 323,1.0
1013636,201900055167,1,5,04:35,5,2,2,1.0,3.0,13205,ROGER BRUN (RUE),M,"43,2857281","5,3927095",13,2019,50.0,1.0,1.0,4.0,2266780,2.0,2,1,2,5.0,,-1.0, -1,2001.0,B01,138Â 202Â 323,1.0,8.0,-1.0,1730262,1.0,7,,0.0,2.0,3.0,A01,138Â 202Â 325,1.0
1013636,201900055167,1,5,04:35,5,2,2,1.0,3.0,13205,ROGER BRUN (RUE),M,"43,2857281","5,3927095",13,2019,50.0,1.0,1.0,4.0,2266781,1.0,1,1,1,5.0,,-1.0, -1,1999.0,B01,138Â 202Â 323,1.0,8.0,-1.0,1730261,1.0,7,,0.0,2.0,2.0,B01,138Â 202Â 323,1.0
1013636,201900055167,1,5,04:35,5,2,2,1.0,3.0,13205,ROGER BRUN (RUE),M,"43,2857281","5,3927095",13,2019,50.0,1.0,1.0,4.0,2266781,1.0,1,1,1,5.0,,-1.0, -1,1999.0,B01,138Â 202Â 323,1.0,8.0,-1.0,1730262,1.0,7,,0.0,2.0,3.0,A01,138Â 202Â 325,1.0
1013636,201900055167,1,5,04:35,5,2,2,1.0,3.0,13205,ROGER BRUN (RUE),M,"43,2857281","5,3927095",13,2019,50.0,1.0,1.0,4.0,2266782,4.0,2,1,2,5.0,,-1.0, -1,1994.0,A01,138Â 202Â 325,1.0,8.0,-1.0,1730261,1.0,7,,0.0,2.0,2.0,B01,138Â 202Â 323,1.0
1013636,201900055167,1,5,04:35,5,2,2,1.0,3.0,13205,ROGER BRUN (RUE),M,"43,2857281","5,3927095",13,2019,50.0,1.0,1.0,4.0,2266782,4.0,2,1,2,5.0,,-1.0, -1,1994.0,A01,138Â 202Â 325,1.0,8.0,-1.0,1730262,1.0,7,,0.0,2.0,3.0,A01,138Â 202Â 325,1.0
1013636,201900055167,1,5,04:35,5,2,2,1.0,3.0,13205,ROGER BRUN (RUE),M,"43,2857281","5,3927095",13,2019,50.0,1.0,1.0,4.0,2266783,1.0,1,4,1,4.0,,-1.0, -1,1977.0,A01,138Â 202Â 325,1.0,0.0,-1.0,1730261,1.0,7,,0.0,2.0,2.0,B01,138Â 202Â 323,1.0
1013636,201900055167,1,5,04:35,5,2,2,1.0,3.0,13205,ROGER BRUN (RUE),M,"43,2857281","5,3927095",13,2019,50.0,1.0,1.0,4.0,2266783,1.0,1,4,1,4.0,,-1.0, -1,1977.0,A01,138Â 202Â 325,1.0,0.0,-1.0,1730262,1.0,7,,0.0,2.0,3.0,A01,138Â 202Â 325,1.0
1013637,201900055168,1,4,14:00,1,2,1,1.0,3.0,13203,GÃNÃRAL LECLERC (RUE),M,"43,3045010","5,3762870",13,2019,50.0,1.0,1.0,4.0,2266784,1.0,1,1,1,5.0,,-1.0, -1,1980.0,A01,138Â 202Â 320,1.0,0.0,-1.0,1730263,3.0,7,,0.0,2.0,3.0,A01,138Â 202Â 320,1.0
1013637,201900055168,1,4,14:00,1,2,1,1.0,3.0,13203,GÃNÃRAL LECLERC (RUE),M,"43,3045010","5,3762870",13,2019,50.0,1.0,1.0,4.0,2266784,1.0,1,1,1,5.0,,-1.0, -1,1980.0,A01,138Â 202Â 320,1.0,0.0,-1.0,1730264,3.0,30,,0.0,2.0,1.0,B01,138Â 202Â 322,1.0
1013637,201900055168,1,4,14:00,1,2,1,1.0,3.0,13203,GÃNÃRAL LECLERC (RUE),M,"43,3045010","5,3762870",13,2019,50.0,1.0,1.0,4.0,2266785,3.0,2,4,2,5.0,,-1.0, -1,2015.0,A01,138Â 202Â 320,1.0,0.0,-1.0,1730263,3.0,7,,0.0,2.0,3.0,A01,138Â 202Â 320,1.0
1013637,201900055168,1,4,14:00,1,2,1,1.0,3.0,13203,GÃNÃRAL LECLERC (RUE),M,"43,3045010","5,3762870",13,2019,50.0,1.0,1.0,4.0,2266785,3.0,2,4,2,5.0,,-1.0, -1,2015.0,A01,138Â 202Â 320,1.0,0.0,-1.0,1730264,3.0,30,,0.0,2.0,1.0,B01,138Â 202Â 322,1.0
1013637,201900055168,1,4,14:00,1,2,1,1.0,3.0,13203,GÃNÃRAL LECLERC (RUE),M,"43,3045010","5,3762870",13,2019,50.0,1.0,1.0,4.0,2266786,1.0,1,4,1,0.0,,-1.0, -1,1982.0,B01,138Â 202Â 322,2.0,0.0,-1.0,1730263,3.0,7,,0.0,2.0,3.0,A01,138Â 202Â 320,1.0
1013637,201900055168,1,4,14:00,1,2,1,1.0,3.0,13203,GÃNÃRAL LECLERC (RUE),M,"43,3045010","5,3762870",13,2019,50.0,1.0,1.0,4.0,2266786,1.0,1,4,1,0.0,,-1.0, -1,1982.0,B01,138Â 202Â 322,2.0,0.0,-1.0,1730264,3.0,30,,0.0,2.0,1.0,B01,138Â 202Â 322,1.0
1013638,201900055169,1,4,01:26,5,2,7,1.0,2.0,13205,JEAN MOULIN (BOULEVARD),M,"43,2903900","5,4000500",13,2019,50.0,1.0,1.0,3.0,2266787,2.0,2,4,2,5.0,,-1.0,0,1997.0,A01,138Â 202Â 317,1.0,0.0,-1.0,1730265,1.0,7,,0.0,2.0,6.0,A01,138Â 202Â 317,1.0
1013638,201900055169,1,4,01:26,5,2,7,1.0,2.0,13205,JEAN MOULIN (BOULEVARD),M,"43,2903900","5,4000500",13,2019,50.0,1.0,1.0,3.0,2266787,2.0,2,4,2,5.0,,-1.0,0,1997.0,A01,138Â 202Â 317,1.0,0.0,-1.0,1730266,0.0,7,,0.0,0.0,0.0,Z01,138Â 202Â 318,0.0
1013638,201900055169,1,4,01:26,5,2,7,1.0,2.0,13205,JEAN MOULIN (BOULEVARD),M,"43,2903900","5,4000500",13,2019,50.0,1.0,1.0,3.0,2266788,1.0,1,1,1,5.0,,-1.0, -1,1995.0,A01,138Â 202Â 317,1.0,0.0,-1.0,1730265,1.0,7,,0.0,2.0,6.0,A01,138Â 202Â 317,1.0
1013638,201900055169,1,4,01:26,5,2,7,1.0,2.0,13205,JEAN MOULIN (BOULEVARD),M,"43,2903900","5,4000500",13,2019,50.0,1.0,1.0,3.0,2266788,1.0,1,1,1,5.0,,-1.0, -1,1995.0,A01,138Â 202Â 317,1.0,0.0,-1.0,1730266,0.0,7,,0.0,0.0,0.0,Z01,138Â 202Â 318,0.0
1013639,201900055170,1,3,16:00,1,2,1,1.0,7.0,13213,COROT (AVENUE),M,"43,3188000","5,3730700",13,2019,50.0,1.0,1.0,4.0,2266789,1.0,1,4,1,5.0,,-1.0, -1,2001.0,A01,138Â 202Â 316,2.0,0.0,-1.0,1730267,1.0,30,,0.0,0.0,0.0,A01,138Â 202Â 316,0.0
1013639,201900055170,1,3,16:00,1,2,1,1.0,7.0,13213,COROT (AVENUE),M,"43,3188000","5,3730700",13,2019,50.0,1.0,1.0,4.0,2266790,2.0,2,4,2,5.0,,-1.0, -1,2001.0,A01,138Â 202Â 316,2.0,0.0,-1.0,1730267,1.0,30,,0.0,0.0,0.0,A01,138Â 202Â 316,0.0
1013640,201900055171,1,3,12:20,1,1,1,1.0,6.0,13002,QUATRE SAISONS (ROUTE DES),M,"43,3129000","5,4993600",13,2019,50.0,1.0,1.0,4.0,2266791,1.0,1,3,1,0.0,,-1.0, -1,1971.0,A01,138Â 202Â 315,1.0,0.0,-1.0,1730268,3.0,7,,0.0,0.0,9.0,A01,138Â 202Â 315,1.0
1013641,201900055172,1,2,23:45,5,2,1,1.0,3.0,13204,ALEX. FLEMING (BOULEVARD),M,"43,3177800","5,3742800",13,2019,50.0,1.0,1.0,4.0,2266792,1.0,1,3,1,0.0,,-1.0, -1,1992.0,B01,138Â 202Â 313,1.0,0.0,-1.0,1730269,3.0,7,,0.0,2.0,8.0,B01,138Â 202Â 313,1.0
1013641,201900055172,1,2,23:45,5,2,1,1.0,3.0,13204,ALEX. FLEMING (BOULEVARD),M,"43,3177800","5,3742800",13,2019,50.0,1.0,1.0,4.0,2266792,1.0,1,3,1,0.0,,-1.0, -1,1992.0,B01,138Â 202Â 313,1.0,0.0,-1.0,1730270,3.0,7,,8.0,2.0,2.0,A01,138Â 202Â 314,1.0
1013641,201900055172,1,2,23:45,5,2,1,1.0,3.0,13204,ALEX. FLEMING (BOULEVARD),M,"43,3177800","5,3742800",13,2019,50.0,1.0,1.0,4.0,2266793,2.0,2,4,2,0.0,,-1.0, -1,1994.0,B01,138Â 202Â 313,1.0,0.0,-1.0,1730269,3.0,7,,0.0,2.0,8.0,B01,138Â 202Â 313,1.0
1013641,201900055172,1,2,23:45,5,2,1,1.0,3.0,13204,ALEX. FLEMING (BOULEVARD),M,"43,3177800","5,3742800",13,2019,50.0,1.0,1.0,4.0,2266793,2.0,2,4,2,0.0,,-1.0, -1,1994.0,B01,138Â 202Â 313,1.0,0.0,-1.0,1730270,3.0,7,,8.0,2.0,2.0,A01,138Â 202Â 314,1.0
1013641,201900055172,1,2,23:45,5,2,1,1.0,3.0,13204,ALEX. FLEMING (BOULEVARD),M,"43,3177800","5,3742800",13,2019,50.0,1.0,1.0,4.0,2266794,1.0,1,1,1,0.0,,-1.0, -1,1992.0,A01,138Â 202Â 314,1.0,0.0,-1.0,1730269,3.0,7,,0.0,2.0,8.0,B01,138Â 202Â 313,1.0
1013641,201900055172,1,2,23:45,5,2,1,1.0,3.0,13204,ALEX. FLEMING (BOULEVARD),M,"43,3177800","5,3742800",13,2019,50.0,1.0,1.0,4.0,2266794,1.0,1,1,1,0.0,,-1.0, -1,1992.0,A01,138Â 202Â 314,1.0,0.0,-1.0,1730270,3.0,7,,8.0,2.0,2.0,A01,138Â 202Â 314,1.0
1013642,201900055173,1,2,18:00,2,2,1,1.0,3.0,13209,MORGIOU (chemin de ),M,"43,2251000","5,4036100",13,2019,50.0,1.0,1.0,7.0,2266795,1.0,1,1,1,9.0,,-1.0, -1,1965.0,A01,138Â 202Â 311,1.0,0.0,-1.0,1730271,2.0,7,,0.0,2.0,1.0,A01,138Â 202Â 311,1.0
1013642,201900055173,1,2,18:00,2,2,1,1.0,3.0,13209,MORGIOU (chemin de ),M,"43,2251000","5,4036100",13,2019,50.0,1.0,1.0,7.0,2266795,1.0,1,1,1,9.0,,-1.0, -1,1965.0,A01,138Â 202Â 311,1.0,0.0,-1.0,1730272,1.0,7,,0.0,2.0,8.0,B01,138Â 202Â 312,1.0
1013642,201900055173,1,2,18:00,2,2,1,1.0,3.0,13209,MORGIOU (chemin de ),M,"43,2251000","5,4036100",13,2019,50.0,1.0,1.0,7.0,2266796,1.0,1,4,1,0.0,,-1.0, -1,1961.0,B01,138Â 202Â 312,1.0,0.0,-1.0,1730271,2.0,7,,0.0,2.0,1.0,A01,138Â 202Â 311,1.0
1013642,201900055173,1,2,18:00,2,2,1,1.0,3.0,13209,MORGIOU (chemin de ),M,"43,2251000","5,4036100",13,2019,50.0,1.0,1.0,7.0,2266796,1.0,1,4,1,0.0,,-1.0, -1,1961.0,B01,138Â 202Â 312,1.0,0.0,-1.0,1730272,1.0,7,,0.0,2.0,8.0,B01,138Â 202Â 312,1.0
1013643,201900055174,1,2,18:15,5,2,1,1.0,4.0,13209,AUGUSTIN AUBERT (RUE),M,"43,2663680","5,4030470",13,2019,50.0,1.0,1.0,4.0,2266797,1.0,1,1,1,5.0,,-1.0, -1,1992.0,A01,138Â 202Â 308,5.0,0.0,-1.0,1730273,2.0,7,,0.0,2.0,1.0,A01,138Â 202Â 308,0.0
1013643,201900055174,1,2,18:15,5,2,1,1.0,4.0,13209,AUGUSTIN AUBERT (RUE),M,"43,2663680","5,4030470",13,2019,50.0,1.0,1.0,4.0,2266797,1.0,1,1,1,5.0,,-1.0, -1,1992.0,A01,138Â 202Â 308,5.0,0.0,-1.0,1730274,2.0,7,,0.0,2.0,4.0,B01,138Â 202Â 309,0.0
1013643,201900055174,1,2,18:15,5,2,1,1.0,4.0,13209,AUGUSTIN AUBERT (RUE),M,"43,2663680","5,4030470",13,2019,50.0,1.0,1.0,4.0,2266797,1.0,1,1,1,5.0,,-1.0, -1,1992.0,A01,138Â 202Â 308,5.0,0.0,-1.0,1730275,2.0,33,,0.0,0.0,4.0,C01,138Â 202Â 310,0.0
1013643,201900055174,1,2,18:15,5,2,1,1.0,4.0,13209,AUGUSTIN AUBERT (RUE),M,"43,2663680","5,4030470",13,2019,50.0,1.0,1.0,4.0,2266798,1.0,1,4,2,5.0,,-1.0, -1,1985.0,B01,138Â 202Â 309,1.0,0.0,-1.0,1730273,2.0,7,,0.0,2.0,1.0,A01,138Â 202Â 308,0.0
1013643,201900055174,1,2,18:15,5,2,1,1.0,4.0,13209,AUGUSTIN AUBERT (RUE),M,"43,2663680","5,4030470",13,2019,50.0,1.0,1.0,4.0,2266798,1.0,1,4,2,5.0,,-1.0, -1,1985.0,B01,138Â 202Â 309,1.0,0.0,-1.0,1730274,2.0,7,,0.0,2.0,4.0,B01,138Â 202Â 309,0.0
1013643,201900055174,1,2,18:15,5,2,1,1.0,4.0,13209,AUGUSTIN AUBERT (RUE),M,"43,2663680","5,4030470",13,2019,50.0,1.0,1.0,4.0,2266798,1.0,1,4,2,5.0,,-1.0, -1,1985.0,B01,138Â 202Â 309,1.0,0.0,-1.0,1730275,2.0,33,,0.0,0.0,4.0,C01,138Â 202Â 310,0.0
1013643,201900055174,1,2,18:15,5,2,1,1.0,4.0,13209,AUGUSTIN AUBERT (RUE),M,"43,2663680","5,4030470",13,2019,50.0,1.0,1.0,4.0,2266799,1.0,1,1,1,5.0,,-1.0,0,1947.0,C01,138Â 202Â 310,2.0,0.0,-1.0,1730273,2.0,7,,0.0,2.0,1.0,A01,138Â 202Â 308,0.0
1013643,201900055174,1,2,18:15,5,2,1,1.0,4.0,13209,AUGUSTIN AUBERT (RUE),M,"43,2663680","5,4030470",13,2019,50.0,1.0,1.0,4.0,2266799,1.0,1,1,1,5.0,,-1.0,0,1947.0,C01,138Â 202Â 310,2.0,0.0,-1.0,1730274,2.0,7,,0.0,2.0,4.0,B01,138Â 202Â 309,0.0
1013643,201900055174,1,2,18:15,5,2,1,1.0,4.0,13209,AUGUSTIN AUBERT (RUE),M,"43,2663680","5,4030470",13,2019,50.0,1.0,1.0,4.0,2266799,1.0,1,1,1,5.0,,-1.0,0,1947.0,C01,138Â 202Â 310,2.0,0.0,-1.0,1730275,2.0,33,,0.0,0.0,4.0,C01,138Â 202Â 310,0.0
1013644,201900055175,10,26,16:25,1,1,2,1.0,1.0,81109,D59,M,"43,6468311","2,1384421",81,2019,80.0,1.0,1.0,3.0,2266800,1.0,1,4,1,0.0,,0.0,0,1963.0,A01,138Â 202Â 319,1.0,-1.0,-1.0,1730276,2.0,7,,0.0,2.0,2.0,A01,138Â 202Â 319,1.0
1013644,201900055175,10,26,16:25,1,1,2,1.0,1.0,81109,D59,M,"43,6468311","2,1384421",81,2019,80.0,1.0,1.0,3.0,2266800,1.0,1,4,1,0.0,,0.0,0,1963.0,A01,138Â 202Â 319,1.0,-1.0,-1.0,1730277,1.0,7,,0.0,2.0,3.0,B01,138Â 202Â 321,1.0
1013644,201900055175,10,26,16:25,1,1,2,1.0,1.0,81109,D59,M,"43,6468311","2,1384421",81,2019,80.0,1.0,1.0,3.0,2266801,9.0,2,3,2,5.0,,0.0,0,2005.0,B01,138Â 202Â 321,1.0,-1.0,-1.0,1730276,2.0,7,,0.0,2.0,2.0,A01,138Â 202Â 319,1.0
1013644,201900055175,10,26,16:25,1,1,2,1.0,1.0,81109,D59,M,"43,6468311","2,1384421",81,2019,80.0,1.0,1.0,3.0,2266801,9.0,2,3,2,5.0,,0.0,0,2005.0,B01,138Â 202Â 321,1.0,-1.0,-1.0,1730277,1.0,7,,0.0,2.0,3.0,B01,138Â 202Â 321,1.0
1013644,201900055175,10,26,16:25,1,1,2,1.0,1.0,81109,D59,M,"43,6468311","2,1384421",81,2019,80.0,1.0,1.0,3.0,2266802,1.0,1,4,2,5.0,,0.0,0,2001.0,B01,138Â 202Â 321,1.0,-1.0,-1.0,1730276,2.0,7,,0.0,2.0,2.0,A01,138Â 202Â 319,1.0
1013644,201900055175,10,26,16:25,1,1,2,1.0,1.0,81109,D59,M,"43,6468311","2,1384421",81,2019,80.0,1.0,1.0,3.0,2266802,1.0,1,4,2,5.0,,0.0,0,2001.0,B01,138Â 202Â 321,1.0,-1.0,-1.0,1730277,1.0,7,,0.0,2.0,3.0,B01,138Â 202Â 321,1.0
1013644,201900055175,10,26,16:25,1,1,2,1.0,1.0,81109,D59,M,"43,6468311","2,1384421",81,2019,80.0,1.0,1.0,3.0,2266803,2.0,2,4,1,5.0,,0.0,0,2002.0,B01,138Â 202Â 321,1.0,-1.0,-1.0,1730276,2.0,7,,0.0,2.0,2.0,A01,138Â 202Â 319,1.0
1013644,201900055175,10,26,16:25,1,1,2,1.0,1.0,81109,D59,M,"43,6468311","2,1384421",81,2019,80.0,1.0,1.0,3.0,2266803,2.0,2,4,1,5.0,,0.0,0,2002.0,B01,138Â 202Â 321,1.0,-1.0,-1.0,1730277,1.0,7,,0.0,2.0,3.0,B01,138Â 202Â 321,1.0
1013645,201900055176,1,2,16:30,1,2,2,1.0,3.0,13202,RUFFI (RUE DE),M,"43,3149300","5,3694400",13,2019,50.0,1.0,1.0,4.0,2266804,2.0,2,3,1,5.0,,-1.0,0,2001.0,B01,138Â 202Â 307,2.0,0.0,-1.0,1730278,3.0,7,,0.0,2.0,3.0,Z01,138Â 202Â 306,1.0