Unnamed: 0_x,num_acc,mois,jour,hrmn,lum,agg,int,atm,col,com,adr,gps,lat,long,dep,annee,vma,situ,surf,catr,Unnamed: 0_y,place,catu,grav,sexe,trajet,secu,locp,actp,an_nais,num_veh_x,id_vehicule_x,secu1,secu2,secu3,Unnamed: 0,senc,catv,occutc,obs,obsm,choc,num_veh_y,id_vehicule_y,motor
1013645,201900055176,1,2,16:30,1,2,2,1.0,3.0,13202,RUFFI (RUE DE),M,"43,3149300","5,3694400",13,2019,50.0,1.0,1.0,4.0,2266804,2.0,2,3,1,5.0,,-1.0,0,2001.0,B01,138Â 202Â 307,2.0,0.0,-1.0,1730279,1.0,2,,0.0,2.0,1.0,B01,138Â 202Â 307,1.0
1013645,201900055176,1,2,16:30,1,2,2,1.0,3.0,13202,RUFFI (RUE DE),M,"43,3149300","5,3694400",13,2019,50.0,1.0,1.0,4.0,2266805,1.0,1,1,1,5.0,,-1.0, -1,2002.0,B01,138Â 202Â 307,2.0,0.0,-1.0,1730278,3.0,7,,0.0,2.0,3.0,Z01,138Â 202Â 306,1.0
1013645,201900055176,1,2,16:30,1,2,2,1.0,3.0,13202,RUFFI (RUE DE),M,"43,3149300","5,3694400",13,2019,50.0,1.0,1.0,4.0,2266805,1.0,1,1,1,5.0,,-1.0, -1,2002.0,B01,138Â 202Â 307,2.0,0.0,-1.0,1730279,1.0,2,,0.0,2.0,1.0,B01,138Â 202Â 307,1.0
1013646,201900055177,10,25,16:30,1,1,1,1.0,6.0,81003,D999,M,"43,8880530","2,4417600",81,2019,80.0,3.0,1.0,3.0,2266806,1.0,1,3,1,5.0,,0.0,0,1950.0,A01,138Â 202Â 305,2.0,6.0,9.0,1730280,2.0,33,,13.0,0.0,1.0,A01,138Â 202Â 305,1.0
1013646,201900055177,10,25,16:30,1,1,1,1.0,6.0,81003,D999,M,"43,8880530","2,4417600",81,2019,80.0,3.0,1.0,3.0,2266807,2.0,2,4,1,5.0,,0.0,0,1975.0,A01,138Â 202Â 305,2.0,6.0,-1.0,1730280,2.0,33,,13.0,0.0,1.0,A01,138Â 202Â 305,1.0
1013647,201900055178,1,2,16:25,1,2,9,1.0,3.0,13212,MONTOLIVET (AVENUE DE),M,"43,3144130","5,4138910",13,2019,50.0,1.0,1.0,4.0,2266808,4.0,2,1,2,5.0,,-1.0,0,1934.0,B01,138Â 202Â 303,1.0,8.0,-1.0,1730281,1.0,7,,0.0,0.0,0.0,B01,138Â 202Â 303,0.0
1013647,201900055178,1,2,16:25,1,2,9,1.0,3.0,13212,MONTOLIVET (AVENUE DE),M,"43,3144130","5,4138910",13,2019,50.0,1.0,1.0,4.0,2266808,4.0,2,1,2,5.0,,-1.0,0,1934.0,B01,138Â 202Â 303,1.0,8.0,-1.0,1730282,1.0,3,,0.0,2.0,2.0,A01,138Â 202Â 304,1.0
1013647,201900055178,1,2,16:25,1,2,9,1.0,3.0,13212,MONTOLIVET (AVENUE DE),M,"43,3144130","5,4138910",13,2019,50.0,1.0,1.0,4.0,2266809,1.0,1,1,2,5.0,,-1.0,0,1962.0,B01,138Â 202Â 303,1.0,8.0,-1.0,1730281,1.0,7,,0.0,0.0,0.0,B01,138Â 202Â 303,0.0
1013647,201900055178,1,2,16:25,1,2,9,1.0,3.0,13212,MONTOLIVET (AVENUE DE),M,"43,3144130","5,4138910",13,2019,50.0,1.0,1.0,4.0,2266809,1.0,1,1,2,5.0,,-1.0,0,1962.0,B01,138Â 202Â 303,1.0,8.0,-1.0,1730282,1.0,3,,0.0,2.0,2.0,A01,138Â 202Â 304,1.0
1013647,201900055178,1,2,16:25,1,2,9,1.0,3.0,13212,MONTOLIVET (AVENUE DE),M,"43,3144130","5,4138910",13,2019,50.0,1.0,1.0,4.0,2266810,1.0,1,1,2,0.0,,-1.0,0,1988.0,A01,138Â 202Â 304,1.0,0.0,-1.0,1730281,1.0,7,,0.0,0.0,0.0,B01,138Â 202Â 303,0.0
1013647,201900055178,1,2,16:25,1,2,9,1.0,3.0,13212,MONTOLIVET (AVENUE DE),M,"43,3144130","5,4138910",13,2019,50.0,1.0,1.0,4.0,2266810,1.0,1,1,2,0.0,,-1.0,0,1988.0,A01,138Â 202Â 304,1.0,0.0,-1.0,1730282,1.0,3,,0.0,2.0,2.0,A01,138Â 202Â 304,1.0
1013647,201900055178,1,2,16:25,1,2,9,1.0,3.0,13212,MONTOLIVET (AVENUE DE),M,"43,3144130","5,4138910",13,2019,50.0,1.0,1.0,4.0,2266811,2.0,2,4,1,0.0,,-1.0, -1,1998.0,A01,138Â 202Â 304,1.0,0.0,-1.0,1730281,1.0,7,,0.0,0.0,0.0,B01,138Â 202Â 303,0.0
1013647,201900055178,1,2,16:25,1,2,9,1.0,3.0,13212,MONTOLIVET (AVENUE DE),M,"43,3144130","5,4138910",13,2019,50.0,1.0,1.0,4.0,2266811,2.0,2,4,1,0.0,,-1.0, -1,1998.0,A01,138Â 202Â 304,1.0,0.0,-1.0,1730282,1.0,3,,0.0,2.0,2.0,A01,138Â 202Â 304,1.0
1013648,201900055179,10,27,17:25,1,2,1,1.0,3.0,97405,RN2,M," -21,3680480","55,5620340",974,2019,50.0,1.0,1.0,2.0,2266812,2.0,2,4,2,5.0,,0.0,0,1975.0,B01,138Â 202Â 301,2.0,6.0,-1.0,1730283,2.0,33,,0.0,2.0,7.0,B01,138Â 202Â 301,1.0
1013648,201900055179,10,27,17:25,1,2,1,1.0,3.0,97405,RN2,M," -21,3680480","55,5620340",974,2019,50.0,1.0,1.0,2.0,2266812,2.0,2,4,2,5.0,,0.0,0,1975.0,B01,138Â 202Â 301,2.0,6.0,-1.0,1730284,2.0,7,,0.0,2.0,8.0,A01,138Â 202Â 302,1.0
1013648,201900055179,10,27,17:25,1,2,1,1.0,3.0,97405,RN2,M," -21,3680480","55,5620340",974,2019,50.0,1.0,1.0,2.0,2266813,1.0,1,4,1,5.0,,0.0,0,1968.0,B01,138Â 202Â 301,2.0,6.0,-1.0,1730283,2.0,33,,0.0,2.0,7.0,B01,138Â 202Â 301,1.0
1013648,201900055179,10,27,17:25,1,2,1,1.0,3.0,97405,RN2,M," -21,3680480","55,5620340",974,2019,50.0,1.0,1.0,2.0,2266813,1.0,1,4,1,5.0,,0.0,0,1968.0,B01,138Â 202Â 301,2.0,6.0,-1.0,1730284,2.0,7,,0.0,2.0,8.0,A01,138Â 202Â 302,1.0
1013648,201900055179,10,27,17:25,1,2,1,1.0,3.0,97405,RN2,M," -21,3680480","55,5620340",974,2019,50.0,1.0,1.0,2.0,2266814,1.0,1,1,1,5.0,,0.0,0,1971.0,A01,138Â 202Â 302,1.0,-1.0,-1.0,1730283,2.0,33,,0.0,2.0,7.0,B01,138Â 202Â 301,1.0
1013648,201900055179,10,27,17:25,1,2,1,1.0,3.0,97405,RN2,M," -21,3680480","55,5620340",974,2019,50.0,1.0,1.0,2.0,2266814,1.0,1,1,1,5.0,,0.0,0,1971.0,A01,138Â 202Â 302,1.0,-1.0,-1.0,1730284,2.0,7,,0.0,2.0,8.0,A01,138Â 202Â 302,1.0
1013649,201900055180,1,1,04:46,5,2,2,1.0,3.0,13214,xxxxx,M,"43,3149100","5,3878500",13,2019,50.0,1.0,1.0,7.0,2266815,1.0,1,4,1,5.0,,-1.0, -1,1993.0,B01,138Â 202Â 300,1.0,0.0,-1.0,1730285,0.0,7,,0.0,2.0,1.0,A01,138Â 202Â 299,1.0
1013649,201900055180,1,1,04:46,5,2,2,1.0,3.0,13214,xxxxx,M,"43,3149100","5,3878500",13,2019,50.0,1.0,1.0,7.0,2266815,1.0,1,4,1,5.0,,-1.0, -1,1993.0,B01,138Â 202Â 300,1.0,0.0,-1.0,1730286,0.0,7,,0.0,2.0,3.0,B01,138Â 202Â 300,1.0
1013650,201900055181,10,27,13:40,1,1,1,1.0,1.0,97405,RN2,M," -21,3653800","55,5450560",974,2019,80.0,1.0,1.0,2.0,2266816,1.0,1,4,2,5.0,,0.0,0,1975.0,B01,138Â 202Â 297,1.0,-1.0,-1.0,1730287,2.0,7,,0.0,2.0,1.0,B01,138Â 202Â 297,2.0
1013650,201900055181,10,27,13:40,1,1,1,1.0,1.0,97405,RN2,M," -21,3653800","55,5450560",974,2019,80.0,1.0,1.0,2.0,2266816,1.0,1,4,2,5.0,,0.0,0,1975.0,B01,138Â 202Â 297,1.0,-1.0,-1.0,1730288,1.0,7,,0.0,2.0,3.0,A01,138Â 202Â 298,1.0
1013650,201900055181,10,27,13:40,1,1,1,1.0,1.0,97405,RN2,M," -21,3653800","55,5450560",974,2019,80.0,1.0,1.0,2.0,2266817,2.0,2,4,2,5.0,,0.0,0,1970.0,B01,138Â 202Â 297,1.0,-1.0,-1.0,1730287,2.0,7,,0.0,2.0,1.0,B01,138Â 202Â 297,2.0
1013650,201900055181,10,27,13:40,1,1,1,1.0,1.0,97405,RN2,M," -21,3653800","55,5450560",974,2019,80.0,1.0,1.0,2.0,2266817,2.0,2,4,2,5.0,,0.0,0,1970.0,B01,138Â 202Â 297,1.0,-1.0,-1.0,1730288,1.0,7,,0.0,2.0,3.0,A01,138Â 202Â 298,1.0
1013650,201900055181,10,27,13:40,1,1,1,1.0,1.0,97405,RN2,M," -21,3653800","55,5450560",974,2019,80.0,1.0,1.0,2.0,2266818,1.0,1,1,1,0.0,,0.0,0,1997.0,A01,138Â 202Â 298,1.0,-1.0,-1.0,1730287,2.0,7,,0.0,2.0,1.0,B01,138Â 202Â 297,2.0
1013650,201900055181,10,27,13:40,1,1,1,1.0,1.0,97405,RN2,M," -21,3653800","55,5450560",974,2019,80.0,1.0,1.0,2.0,2266818,1.0,1,1,1,0.0,,0.0,0,1997.0,A01,138Â 202Â 298,1.0,-1.0,-1.0,1730288,1.0,7,,0.0,2.0,3.0,A01,138Â 202Â 298,1.0
1013651,201900055182,1,1,14:50,1,2,1,1.0,6.0,13201,COLBERT (RUE)    IMPAIRS,M,"43,3000100","5,3795100",13,2019,50.0,1.0,1.0,4.0,2266819,10.0,3,4,1,0.0,,5.0,B,2003.0,A01,138Â 202Â 296,0.0,0.0,0.0,1730289,1.0,7,,0.0,2.0,3.0,A01,138Â 202Â 296,1.0
1013651,201900055182,1,1,14:50,1,2,1,1.0,6.0,13201,COLBERT (RUE)    IMPAIRS,M,"43,3000100","5,3795100",13,2019,50.0,1.0,1.0,4.0,2266820,1.0,1,1,1,5.0,,0.0,0,1986.0,A01,138Â 202Â 296,1.0,8.0,-1.0,1730289,1.0,7,,0.0,2.0,3.0,A01,138Â 202Â 296,1.0
1013652,201900055183,10,26,23:10,3,1,1,2.0,5.0,97204,Avenue du General de Gaulle,M,"14,6938820"," -61,1637450",972,2019,-1.0,1.0,2.0,2.0,2266821,2.0,2,1,1,5.0,,0.0,0,1997.0,C01,138Â 202Â 293,8.0,-1.0,-1.0,1730290,1.0,7,,0.0,2.0,1.0,C01,138Â 202Â 293,1.0
1013652,201900055183,10,26,23:10,3,1,1,2.0,5.0,97204,Avenue du General de Gaulle,M,"14,6938820"," -61,1637450",972,2019,-1.0,1.0,2.0,2.0,2266821,2.0,2,1,1,5.0,,0.0,0,1997.0,C01,138Â 202Â 293,8.0,-1.0,-1.0,1730291,2.0,7,,0.0,2.0,1.0,B01,138Â 202Â 294,1.0
1013652,201900055183,10,26,23:10,3,1,1,2.0,5.0,97204,Avenue du General de Gaulle,M,"14,6938820"," -61,1637450",972,2019,-1.0,1.0,2.0,2.0,2266821,2.0,2,1,1,5.0,,0.0,0,1997.0,C01,138Â 202Â 293,8.0,-1.0,-1.0,1730292,1.0,7,,0.0,2.0,1.0,A01,138Â 202Â 295,1.0
1013652,201900055183,10,26,23:10,3,1,1,2.0,5.0,97204,Avenue du General de Gaulle,M,"14,6938820"," -61,1637450",972,2019,-1.0,1.0,2.0,2.0,2266822,1.0,1,1,1,5.0,,0.0,0,1997.0,C01,138Â 202Â 293,8.0,-1.0,-1.0,1730290,1.0,7,,0.0,2.0,1.0,C01,138Â 202Â 293,1.0
1013652,201900055183,10,26,23:10,3,1,1,2.0,5.0,97204,Avenue du General de Gaulle,M,"14,6938820"," -61,1637450",972,2019,-1.0,1.0,2.0,2.0,2266822,1.0,1,1,1,5.0,,0.0,0,1997.0,C01,138Â 202Â 293,8.0,-1.0,-1.0,1730291,2.0,7,,0.0,2.0,1.0,B01,138Â 202Â 294,1.0
1013652,201900055183,10,26,23:10,3,1,1,2.0,5.0,97204,Avenue du General de Gaulle,M,"14,6938820"," -61,1637450",972,2019,-1.0,1.0,2.0,2.0,2266822,1.0,1,1,1,5.0,,0.0,0,1997.0,C01,138Â 202Â 293,8.0,-1.0,-1.0,1730292,1.0,7,,0.0,2.0,1.0,A01,138Â 202Â 295,1.0
1013652,201900055183,10,26,23:10,3,1,1,2.0,5.0,97204,Avenue du General de Gaulle,M,"14,6938820"," -61,1637450",972,2019,-1.0,1.0,2.0,2.0,2266823,1.0,1,3,2,5.0,,0.0,0,1979.0,B01,138Â 202Â 294,8.0,-1.0,-1.0,1730290,1.0,7,,0.0,2.0,1.0,C01,138Â 202Â 293,1.0
1013652,201900055183,10,26,23:10,3,1,1,2.0,5.0,97204,Avenue du General de Gaulle,M,"14,6938820"," -61,1637450",972,2019,-1.0,1.0,2.0,2.0,2266823,1.0,1,3,2,5.0,,0.0,0,1979.0,B01,138Â 202Â 294,8.0,-1.0,-1.0,1730291,2.0,7,,0.0,2.0,1.0,B01,138Â 202Â 294,1.0
1013652,201900055183,10,26,23:10,3,1,1,2.0,5.0,97204,Avenue du General de Gaulle,M,"14,6938820"," -61,1637450",972,2019,-1.0,1.0,2.0,2.0,2266823,1.0,1,3,2,5.0,,0.0,0,1979.0,B01,138Â 202Â 294,8.0,-1.0,-1.0,1730292,1.0,7,,0.0,2.0,1.0,A01,138Â 202Â 295,1.0
1013652,201900055183,10,26,23:10,3,1,1,2.0,5.0,97204,Avenue du General de Gaulle,M,"14,6938820"," -61,1637450",972,2019,-1.0,1.0,2.0,2.0,2266824,1.0,1,4,1,5.0,,0.0,0,1999.0,A01,138Â 202Â 295,8.0,-1.0,-1.0,1730290,1.0,7,,0.0,2.0,1.0,C01,138Â 202Â 293,1.0
1013652,201900055183,10,26,23:10,3,1,1,2.0,5.0,97204,Avenue du General de Gaulle,M,"14,6938820"," -61,1637450",972,2019,-1.0,1.0,2.0,2.0,2266824,1.0,1,4,1,5.0,,0.0,0,1999.0,A01,138Â 202Â 295,8.0,-1.0,-1.0,1730291,2.0,7,,0.0,2.0,1.0,B01,138Â 202Â 294,1.0
1013652,201900055183,10,26,23:10,3,1,1,2.0,5.0,97204,Avenue du General de Gaulle,M,"14,6938820"," -61,1637450",972,2019,-1.0,1.0,2.0,2.0,2266824,1.0,1,4,1,5.0,,0.0,0,1999.0,A01,138Â 202Â 295,8.0,-1.0,-1.0,1730292,1.0,7,,0.0,2.0,1.0,A01,138Â 202Â 295,1.0
1013653,201900055184,1,1,08:05,2,2,1,1.0,6.0,13075,FREDERIC MISTRAL (AVE),M,"43,3497000","5,4700000",13,2019,50.0,1.0,1.0,4.0,2266825,10.0,3,1,1,9.0,,0.0,0,1943.0,A01,138Â 202Â 292,8.0,0.0,-1.0,1730293,0.0,7,,8.0,0.0,1.0,A01,138Â 202Â 292,1.0
1013653,201900055184,1,1,08:05,2,2,1,1.0,6.0,13075,FREDERIC MISTRAL (AVE),M,"43,3497000","5,4700000",13,2019,50.0,1.0,1.0,4.0,2266826,1.0,1,4,1,5.0,,-1.0, -1,1998.0,A01,138Â 202Â 292,1.0,0.0,-1.0,1730293,0.0,7,,8.0,0.0,1.0,A01,138Â 202Â 292,1.0
1013654,201900055185,10,27,09:15,1,2,6,1.0,3.0,83019,Avenue Lou Mistraou,M,"43,1425830","6,3368530",83,2019,50.0,1.0,1.0,3.0,2266827,1.0,1,3,1,5.0,,0.0,0,1951.0,B01,138Â 202Â 290,2.0,6.0,-1.0,1730294,0.0,32,,0.0,2.0,2.0,B01,138Â 202Â 290,1.0
1013654,201900055185,10,27,09:15,1,2,6,1.0,3.0,83019,Avenue Lou Mistraou,M,"43,1425830","6,3368530",83,2019,50.0,1.0,1.0,3.0,2266827,1.0,1,3,1,5.0,,0.0,0,1951.0,B01,138Â 202Â 290,2.0,6.0,-1.0,1730295,0.0,7,,0.0,2.0,3.0,A01,138Â 202Â 291,1.0
1013654,201900055185,10,27,09:15,1,2,6,1.0,3.0,83019,Avenue Lou Mistraou,M,"43,1425830","6,3368530",83,2019,50.0,1.0,1.0,3.0,2266828,1.0,1,1,1,5.0,,0.0,0,1957.0,A01,138Â 202Â 291,1.0,-1.0,-1.0,1730294,0.0,32,,0.0,2.0,2.0,B01,138Â 202Â 290,1.0
1013654,201900055185,10,27,09:15,1,2,6,1.0,3.0,83019,Avenue Lou Mistraou,M,"43,1425830","6,3368530",83,2019,50.0,1.0,1.0,3.0,2266828,1.0,1,1,1,5.0,,0.0,0,1957.0,A01,138Â 202Â 291,1.0,-1.0,-1.0,1730295,0.0,7,,0.0,2.0,3.0,A01,138Â 202Â 291,1.0
1013655,201900055186,10,27,01:10,3,1,1,2.0,7.0,44197,D1,M,"47,7442850"," -1,5951030",44,2019,80.0,8.0,2.0,3.0,2266829,1.0,1,3,1,5.0,,0.0,0,1998.0,A01,138Â 202Â 287,0.0,-1.0,-1.0,1730296,1.0,7,,13.0,0.0,1.0,A01,138Â 202Â 287,1.0
1013656,201900055187,10,27,14:30,1,2,2,1.0,3.0,62060,3 Rue de Noeux,M,"50,2329950","2,1205760",62,2019,50.0,1.0,1.0,4.0,2266830,1.0,1,3,1,0.0,,0.0,0,1996.0,B01,138Â 202Â 285,2.0,6.0,-1.0,1730297,0.0,30,,0.0,2.0,1.0,B01,138Â 202Â 285,1.0
1013656,201900055187,10,27,14:30,1,2,2,1.0,3.0,62060,3 Rue de Noeux,M,"50,2329950","2,1205760",62,2019,50.0,1.0,1.0,4.0,2266830,1.0,1,3,1,0.0,,0.0,0,1996.0,B01,138Â 202Â 285,2.0,6.0,-1.0,1730298,0.0,21,,0.0,0.0,6.0,A01,138Â 202Â 286,1.0
1013656,201900055187,10,27,14:30,1,2,2,1.0,3.0,62060,3 Rue de Noeux,M,"50,2329950","2,1205760",62,2019,50.0,1.0,1.0,4.0,2266831,1.0,1,1,1,0.0,,0.0,0,1990.0,A01,138Â 202Â 286,0.0,-1.0,-1.0,1730297,0.0,30,,0.0,2.0,1.0,B01,138Â 202Â 285,1.0
1013656,201900055187,10,27,14:30,1,2,2,1.0,3.0,62060,3 Rue de Noeux,M,"50,2329950","2,1205760",62,2019,50.0,1.0,1.0,4.0,2266831,1.0,1,1,1,0.0,,0.0,0,1990.0,A01,138Â 202Â 286,0.0,-1.0,-1.0,1730298,0.0,21,,0.0,0.0,6.0,A01,138Â 202Â 286,1.0
1013657,201900055188,1,2,16:15,1,1,3,1.0,3.0,12202,MOYRAZES (ROUTE DE),M,"44,3511600","2,5556400",12,2019,80.0,1.0,1.0,3.0,2266832,1.0,1,4,2,5.0,,-1.0,0,1950.0,B01,138Â 202Â 288,1.0,5.0,-1.0,1730299,1.0,7,,0.0,2.0,1.0,B01,138Â 202Â 288,1.0
1013657,201900055188,1,2,16:15,1,1,3,1.0,3.0,12202,MOYRAZES (ROUTE DE),M,"44,3511600","2,5556400",12,2019,80.0,1.0,1.0,3.0,2266832,1.0,1,4,2,5.0,,-1.0,0,1950.0,B01,138Â 202Â 288,1.0,5.0,-1.0,1730300,1.0,7,,0.0,2.0,3.0,A01,138Â 202Â 289,1.0
1013657,201900055188,1,2,16:15,1,1,3,1.0,3.0,12202,MOYRAZES (ROUTE DE),M,"44,3511600","2,5556400",12,2019,80.0,1.0,1.0,3.0,2266833,1.0,1,4,2,5.0,,-1.0,0,1954.0,A01,138Â 202Â 289,1.0,5.0,-1.0,1730299,1.0,7,,0.0,2.0,1.0,B01,138Â 202Â 288,1.0
1013657,201900055188,1,2,16:15,1,1,3,1.0,3.0,12202,MOYRAZES (ROUTE DE),M,"44,3511600","2,5556400",12,2019,80.0,1.0,1.0,3.0,2266833,1.0,1,4,2,5.0,,-1.0,0,1954.0,A01,138Â 202Â 289,1.0,5.0,-1.0,1730300,1.0,7,,0.0,2.0,3.0,A01,138Â 202Â 289,1.0
1013658,201900055189,10,27,14:55,1,1,1,1.0,6.0,62649,Route d'Henu,M,"50,1546110","2,5061010",62,2019,80.0,1.0,1.0,3.0,2266834,2.0,2,3,1,5.0,,0.0,0,1978.0,A01,138Â 202Â 284,0.0,-1.0,-1.0,1730301,2.0,7,,13.0,0.0,9.0,A01,138Â 202Â 284,1.0
1013658,201900055189,10,27,14:55,1,1,1,1.0,6.0,62649,Route d'Henu,M,"50,1546110","2,5061010",62,2019,80.0,1.0,1.0,3.0,2266835,1.0,1,3,1,5.0,,0.0,0,1989.0,A01,138Â 202Â 284,8.0,-1.0,-1.0,1730301,2.0,7,,13.0,0.0,9.0,A01,138Â 202Â 284,1.0
1013659,201900055190,1,5,13:38,1,2,2,1.0,3.0,10362,GENERAL LECLERC (RUE DU),M,"48,2920000","4,0392000",10,2019,50.0,1.0,1.0,4.0,2266836,2.0,2,1,1,9.0,,-1.0,0,2008.0,B01,138Â 202Â 282,1.0,0.0,-1.0,1730302,3.0,7,,0.0,2.0,1.0,B01,138Â 202Â 282,1.0
1013659,201900055190,1,5,13:38,1,2,2,1.0,3.0,10362,GENERAL LECLERC (RUE DU),M,"48,2920000","4,0392000",10,2019,50.0,1.0,1.0,4.0,2266836,2.0,2,1,1,9.0,,-1.0,0,2008.0,B01,138Â 202Â 282,1.0,0.0,-1.0,1730303,2.0,7,,0.0,2.0,7.0,A01,138Â 202Â 283,1.0
1013659,201900055190,1,5,13:38,1,2,2,1.0,3.0,10362,GENERAL LECLERC (RUE DU),M,"48,2920000","4,0392000",10,2019,50.0,1.0,1.0,4.0,2266837,1.0,1,1,2,9.0,,-1.0,0,1975.0,B01,138Â 202Â 282,1.0,0.0,-1.0,1730302,3.0,7,,0.0,2.0,1.0,B01,138Â 202Â 282,1.0
1013659,201900055190,1,5,13:38,1,2,2,1.0,3.0,10362,GENERAL LECLERC (RUE DU),M,"48,2920000","4,0392000",10,2019,50.0,1.0,1.0,4.0,2266837,1.0,1,1,2,9.0,,-1.0,0,1975.0,B01,138Â 202Â 282,1.0,0.0,-1.0,1730303,2.0,7,,0.0,2.0,7.0,A01,138Â 202Â 283,1.0
1013659,201900055190,1,5,13:38,1,2,2,1.0,3.0,10362,GENERAL LECLERC (RUE DU),M,"48,2920000","4,0392000",10,2019,50.0,1.0,1.0,4.0,2266838,1.0,1,4,2,9.0,,-1.0,0,1992.0,A01,138Â 202Â 283,1.0,0.0,-1.0,1730302,3.0,7,,0.0,2.0,1.0,B01,138Â 202Â 282,1.0
1013659,201900055190,1,5,13:38,1,2,2,1.0,3.0,10362,GENERAL LECLERC (RUE DU),M,"48,2920000","4,0392000",10,2019,50.0,1.0,1.0,4.0,2266838,1.0,1,4,2,9.0,,-1.0,0,1992.0,A01,138Â 202Â 283,1.0,0.0,-1.0,1730303,2.0,7,,0.0,2.0,7.0,A01,138Â 202Â 283,1.0
1013660,201900055191,10,27,03:44,3,1,1,1.0,1.0,30034,D6113,M,"43,7596360","4,4902360",30,2019,80.0,1.0,1.0,3.0,2266839,1.0,1,2,1,1.0,,0.0,0,1998.0,A01,138Â 202Â 280,8.0,-1.0,-1.0,1730304,2.0,7,,0.0,5.0,1.0,A01,138Â 202Â 280,0.0
1013660,201900055191,10,27,03:44,3,1,1,1.0,1.0,30034,D6113,M,"43,7596360","4,4902360",30,2019,80.0,1.0,1.0,3.0,2266839,1.0,1,2,1,1.0,,0.0,0,1998.0,A01,138Â 202Â 280,8.0,-1.0,-1.0,1730305,2.0,7,,0.0,5.0,1.0,B01,138Â 202Â 281,0.0
1013660,201900055191,10,27,03:44,3,1,1,1.0,1.0,30034,D6113,M,"43,7596360","4,4902360",30,2019,80.0,1.0,1.0,3.0,2266840,2.0,2,4,1,5.0,,0.0,0,1989.0,B01,138Â 202Â 281,8.0,-1.0,-1.0,1730304,2.0,7,,0.0,5.0,1.0,A01,138Â 202Â 280,0.0
1013660,201900055191,10,27,03:44,3,1,1,1.0,1.0,30034,D6113,M,"43,7596360","4,4902360",30,2019,80.0,1.0,1.0,3.0,2266840,2.0,2,4,1,5.0,,0.0,0,1989.0,B01,138Â 202Â 281,8.0,-1.0,-1.0,1730305,2.0,7,,0.0,5.0,1.0,B01,138Â 202Â 281,0.0
1013660,201900055191,10,27,03:44,3,1,1,1.0,1.0,30034,D6113,M,"43,7596360","4,4902360",30,2019,80.0,1.0,1.0,3.0,2266841,1.0,1,4,1,5.0,,0.0,0,1983.0,B01,138Â 202Â 281,8.0,-1.0,-1.0,1730304,2.0,7,,0.0,5.0,1.0,A01,138Â 202Â 280,0.0
1013660,201900055191,10,27,03:44,3,1,1,1.0,1.0,30034,D6113,M,"43,7596360","4,4902360",30,2019,80.0,1.0,1.0,3.0,2266841,1.0,1,4,1,5.0,,0.0,0,1983.0,B01,138Â 202Â 281,8.0,-1.0,-1.0,1730305,2.0,7,,0.0,5.0,1.0,B01,138Â 202Â 281,0.0
1013660,201900055191,10,27,03:44,3,1,1,1.0,1.0,30034,D6113,M,"43,7596360","4,4902360",30,2019,80.0,1.0,1.0,3.0,2266842,9.0,2,4,2,5.0,,0.0,0,2001.0,B01,138Â 202Â 281,8.0,-1.0,-1.0,1730304,2.0,7,,0.0,5.0,1.0,A01,138Â 202Â 280,0.0
1013660,201900055191,10,27,03:44,3,1,1,1.0,1.0,30034,D6113,M,"43,7596360","4,4902360",30,2019,80.0,1.0,1.0,3.0,2266842,9.0,2,4,2,5.0,,0.0,0,2001.0,B01,138Â 202Â 281,8.0,-1.0,-1.0,1730305,2.0,7,,0.0,5.0,1.0,B01,138Â 202Â 281,0.0
1013661,201900055192,1,4,18:45,5,2,2,1.0,6.0,10387,REPUBLIQUE (RUE DE LA ),M,"48,2991600","4,0731100",10,2019,50.0,1.0,1.0,4.0,2266843,10.0,3,4,2,0.0,,2.0,3,1985.0,A01,138Â 202Â 279,8.0,0.0,-1.0,1730306,3.0,7,,0.0,1.0,0.0,A01,138Â 202Â 279,1.0
1013662,201900055193,10,27,13:15,1,1,2,2.0,6.0,51267,RD 27,M,"49,2525642","3,8704499",51,2019,80.0,1.0,2.0,3.0,2266844,1.0,1,1,1,5.0,,0.0,0,1991.0,B01,138Â 202Â 277,1.0,-1.0,-1.0,1730307,2.0,7,,0.0,2.0,1.0,B01,138Â 202Â 277,1.0
1013662,201900055193,10,27,13:15,1,1,2,2.0,6.0,51267,RD 27,M,"49,2525642","3,8704499",51,2019,80.0,1.0,2.0,3.0,2266844,1.0,1,1,1,5.0,,0.0,0,1991.0,B01,138Â 202Â 277,1.0,-1.0,-1.0,1730308,1.0,3,,0.0,2.0,7.0,A01,138Â 202Â 278,0.0
1013662,201900055193,10,27,13:15,1,1,2,2.0,6.0,51267,RD 27,M,"49,2525642","3,8704499",51,2019,80.0,1.0,2.0,3.0,2266845,1.0,1,3,2,5.0,,0.0,0,2005.0,A01,138Â 202Â 278,9.0,-1.0,-1.0,1730307,2.0,7,,0.0,2.0,1.0,B01,138Â 202Â 277,1.0
1013662,201900055193,10,27,13:15,1,1,2,2.0,6.0,51267,RD 27,M,"49,2525642","3,8704499",51,2019,80.0,1.0,2.0,3.0,2266845,1.0,1,3,2,5.0,,0.0,0,2005.0,A01,138Â 202Â 278,9.0,-1.0,-1.0,1730308,1.0,3,,0.0,2.0,7.0,A01,138Â 202Â 278,0.0