Unnamed: 0_x,num_acc,mois,jour,hrmn,lum,agg,int,atm,col,com,adr,gps,lat,long,dep,annee,vma,situ,surf,catr,Unnamed: 0_y,place,catu,grav,sexe,trajet,secu,locp,actp,an_nais,num_veh_x,id_vehicule_x,secu1,secu2,secu3,Unnamed: 0,senc,catv,occutc,obs,obsm,choc,num_veh_y,id_vehicule_y,motor
1013663,201900055194,10,26,15:00,1,1,1,1.0,3.0,51069,RD 980,M,"49,1947885","3,8630644",51,2019,80.0,1.0,1.0,3.0,2266846,1.0,1,4,1,5.0,,0.0,0,1998.0,A01,138Â 202Â 275,1.0,-1.0,-1.0,1730309,2.0,7,,0.0,2.0,8.0,A01,138Â 202Â 275,1.0
1013663,201900055194,10,26,15:00,1,1,1,1.0,3.0,51069,RD 980,M,"49,1947885","3,8630644",51,2019,80.0,1.0,1.0,3.0,2266846,1.0,1,4,1,5.0,,0.0,0,1998.0,A01,138Â 202Â 275,1.0,-1.0,-1.0,1730310,2.0,33,,0.0,2.0,2.0,B01,138Â 202Â 276,1.0
1013663,201900055194,10,26,15:00,1,1,1,1.0,3.0,51069,RD 980,M,"49,1947885","3,8630644",51,2019,80.0,1.0,1.0,3.0,2266847,2.0,2,1,2,5.0,,0.0,0,2000.0,A01,138Â 202Â 275,1.0,-1.0,-1.0,1730309,2.0,7,,0.0,2.0,8.0,A01,138Â 202Â 275,1.0
1013663,201900055194,10,26,15:00,1,1,1,1.0,3.0,51069,RD 980,M,"49,1947885","3,8630644",51,2019,80.0,1.0,1.0,3.0,2266847,2.0,2,1,2,5.0,,0.0,0,2000.0,A01,138Â 202Â 275,1.0,-1.0,-1.0,1730310,2.0,33,,0.0,2.0,2.0,B01,138Â 202Â 276,1.0
1013663,201900055194,10,26,15:00,1,1,1,1.0,3.0,51069,RD 980,M,"49,1947885","3,8630644",51,2019,80.0,1.0,1.0,3.0,2266848,1.0,1,3,1,5.0,,0.0,0,1965.0,B01,138Â 202Â 276,2.0,6.0,-1.0,1730309,2.0,7,,0.0,2.0,8.0,A01,138Â 202Â 275,1.0
1013663,201900055194,10,26,15:00,1,1,1,1.0,3.0,51069,RD 980,M,"49,1947885","3,8630644",51,2019,80.0,1.0,1.0,3.0,2266848,1.0,1,3,1,5.0,,0.0,0,1965.0,B01,138Â 202Â 276,2.0,6.0,-1.0,1730310,2.0,33,,0.0,2.0,2.0,B01,138Â 202Â 276,1.0
1013664,201900055195,10,26,22:20,3,1,1,1.0,6.0,77311,D201,M,"48,4712100","3,0529100",77,2019,80.0,3.0,1.0,3.0,2266849,1.0,1,3,2,1.0,,0.0,0,1985.0,A01,138Â 202Â 274,1.0,-1.0,-1.0,1730311,1.0,3,,0.0,0.0,1.0,A01,138Â 202Â 274,1.0
1013665,201900055196,10,26,19:50,3,1,1,1.0,2.0,80352,D920,M,"49,7585180","2,0824290",80,2019,80.0,1.0,1.0,3.0,2266850,2.0,2,4,1,5.0,,0.0,0,1978.0,B01,138Â 202Â 270,1.0,-1.0,-1.0,1730312,1.0,3,,0.0,2.0,4.0,B01,138Â 202Â 270,1.0
1013665,201900055196,10,26,19:50,3,1,1,1.0,2.0,80352,D920,M,"49,7585180","2,0824290",80,2019,80.0,1.0,1.0,3.0,2266850,2.0,2,4,1,5.0,,0.0,0,1978.0,B01,138Â 202Â 270,1.0,-1.0,-1.0,1730313,1.0,7,,0.0,2.0,1.0,A01,138Â 202Â 271,1.0
1013665,201900055196,10,26,19:50,3,1,1,1.0,2.0,80352,D920,M,"49,7585180","2,0824290",80,2019,80.0,1.0,1.0,3.0,2266851,1.0,1,1,1,5.0,,0.0,0,1980.0,B01,138Â 202Â 270,1.0,-1.0,-1.0,1730312,1.0,3,,0.0,2.0,4.0,B01,138Â 202Â 270,1.0
1013665,201900055196,10,26,19:50,3,1,1,1.0,2.0,80352,D920,M,"49,7585180","2,0824290",80,2019,80.0,1.0,1.0,3.0,2266851,1.0,1,1,1,5.0,,0.0,0,1980.0,B01,138Â 202Â 270,1.0,-1.0,-1.0,1730313,1.0,7,,0.0,2.0,1.0,A01,138Â 202Â 271,1.0
1013665,201900055196,10,26,19:50,3,1,1,1.0,2.0,80352,D920,M,"49,7585180","2,0824290",80,2019,80.0,1.0,1.0,3.0,2266852,1.0,1,1,1,5.0,,0.0,0,1976.0,A01,138Â 202Â 271,1.0,-1.0,-1.0,1730312,1.0,3,,0.0,2.0,4.0,B01,138Â 202Â 270,1.0
1013665,201900055196,10,26,19:50,3,1,1,1.0,2.0,80352,D920,M,"49,7585180","2,0824290",80,2019,80.0,1.0,1.0,3.0,2266852,1.0,1,1,1,5.0,,0.0,0,1976.0,A01,138Â 202Â 271,1.0,-1.0,-1.0,1730313,1.0,7,,0.0,2.0,1.0,A01,138Â 202Â 271,1.0
1013666,201900055197,1,2,11:59,1,2,2,1.0,3.0,10387,VOULDY (CHAUSSEE DU),M,"48,2947000","4,0824000",10,2019,50.0,1.0,1.0,4.0,2266853,1.0,1,1,1,9.0,,0.0,0,1956.0,B01,138Â 202Â 272,1.0,0.0,-1.0,1730314,2.0,10,,0.0,2.0,1.0,B01,138Â 202Â 272,1.0
1013666,201900055197,1,2,11:59,1,2,2,1.0,3.0,10387,VOULDY (CHAUSSEE DU),M,"48,2947000","4,0824000",10,2019,50.0,1.0,1.0,4.0,2266853,1.0,1,1,1,9.0,,0.0,0,1956.0,B01,138Â 202Â 272,1.0,0.0,-1.0,1730315,1.0,7,,0.0,2.0,7.0,A01,138Â 202Â 273,1.0
1013666,201900055197,1,2,11:59,1,2,2,1.0,3.0,10387,VOULDY (CHAUSSEE DU),M,"48,2947000","4,0824000",10,2019,50.0,1.0,1.0,4.0,2266854,2.0,2,4,2,9.0,,0.0,0,1998.0,A01,138Â 202Â 273,1.0,0.0,-1.0,1730314,2.0,10,,0.0,2.0,1.0,B01,138Â 202Â 272,1.0
1013666,201900055197,1,2,11:59,1,2,2,1.0,3.0,10387,VOULDY (CHAUSSEE DU),M,"48,2947000","4,0824000",10,2019,50.0,1.0,1.0,4.0,2266854,2.0,2,4,2,9.0,,0.0,0,1998.0,A01,138Â 202Â 273,1.0,0.0,-1.0,1730315,1.0,7,,0.0,2.0,7.0,A01,138Â 202Â 273,1.0
1013666,201900055197,1,2,11:59,1,2,2,1.0,3.0,10387,VOULDY (CHAUSSEE DU),M,"48,2947000","4,0824000",10,2019,50.0,1.0,1.0,4.0,2266855,1.0,1,1,1,0.0,,0.0,0,1998.0,A01,138Â 202Â 273,1.0,0.0,-1.0,1730314,2.0,10,,0.0,2.0,1.0,B01,138Â 202Â 272,1.0
1013666,201900055197,1,2,11:59,1,2,2,1.0,3.0,10387,VOULDY (CHAUSSEE DU),M,"48,2947000","4,0824000",10,2019,50.0,1.0,1.0,4.0,2266855,1.0,1,1,1,0.0,,0.0,0,1998.0,A01,138Â 202Â 273,1.0,0.0,-1.0,1730315,1.0,7,,0.0,2.0,7.0,A01,138Â 202Â 273,1.0
1013667,201900055198,10,26,17:30,1,2,3,1.0,6.0,82125,14 Faubourg Launet,M,"43,9569290","1,2354680",82,2019,30.0,4.0,1.0,3.0,2266856,1.0,1,3,1,5.0,,0.0,0,2006.0,A01,138Â 202Â 268,0.0,-1.0,-1.0,1730316,1.0,2,,8.0,0.0,1.0,A01,138Â 202Â 268,1.0
1013667,201900055198,10,26,17:30,1,2,3,1.0,6.0,82125,14 Faubourg Launet,M,"43,9569290","1,2354680",82,2019,30.0,4.0,1.0,3.0,2266857,2.0,2,1,1,5.0,,0.0,0,2004.0,A01,138Â 202Â 268,2.0,-1.0,-1.0,1730316,1.0,2,,8.0,0.0,1.0,A01,138Â 202Â 268,1.0
1013668,201900055199,1,1,14:55,1,2,6,2.0,7.0,10387,VOULDY (CHAUSSEE DU),M,"48,2906900","4,0877900",10,2019,50.0,1.0,2.0,4.0,2266858,2.0,2,4,1,0.0,,-1.0,0,1990.0,A01,138Â 202Â 269,1.0,0.0,-1.0,1730317,3.0,7,,15.0,0.0,3.0,A01,138Â 202Â 269,1.0
1013668,201900055199,1,1,14:55,1,2,6,2.0,7.0,10387,VOULDY (CHAUSSEE DU),M,"48,2906900","4,0877900",10,2019,50.0,1.0,2.0,4.0,2266859,1.0,1,4,2,0.0,,-1.0,0,1987.0,A01,138Â 202Â 269,1.0,0.0,-1.0,1730317,3.0,7,,15.0,0.0,3.0,A01,138Â 202Â 269,1.0
1013669,201900055200,10,26,15:15,1,1,1,1.0,3.0,65185,D69,M,"43,2733090"," -0,1155070",65,2019,80.0,1.0,1.0,3.0,2266860,1.0,1,3,1,5.0,,0.0,0,1937.0,B01,138Â 202Â 267,2.0,9.0,-1.0,1730318,2.0,0,,0.0,2.0,3.0,A01,138Â 202Â 266,0.0
1013669,201900055200,10,26,15:15,1,1,1,1.0,3.0,65185,D69,M,"43,2733090"," -0,1155070",65,2019,80.0,1.0,1.0,3.0,2266860,1.0,1,3,1,5.0,,0.0,0,1937.0,B01,138Â 202Â 267,2.0,9.0,-1.0,1730319,1.0,1,,0.0,2.0,8.0,B01,138Â 202Â 267,5.0
1013670,201900055201,1,3,12:35,1,2,1,1.0,6.0,09225,IRENEE CROS AVENUE,M,"43,1109200","1,6132900",9,2019,50.0,1.0,1.0,4.0,2266861,10.0,3,3,2,5.0,,4.0,3,1927.0,A01,138Â 202Â 263,8.0,0.0,-1.0,1730320,1.0,7,,0.0,1.0,1.0,A01,138Â 202Â 263,1.0
1013670,201900055201,1,3,12:35,1,2,1,1.0,6.0,09225,IRENEE CROS AVENUE,M,"43,1109200","1,6132900",9,2019,50.0,1.0,1.0,4.0,2266862,1.0,1,1,2,1.0,,-1.0, -1,1986.0,A01,138Â 202Â 263,8.0,0.0,-1.0,1730320,1.0,7,,0.0,1.0,1.0,A01,138Â 202Â 263,1.0
1013671,201900055202,10,25,16:20,1,1,1,1.0,6.0,33480,D 122,M,"44,8448000"," -0,1818200",33,2019,80.0,3.0,1.0,3.0,2266863,1.0,1,1,2,5.0,,0.0,0,1938.0,A01,138Â 202Â 264,1.0,-1.0,-1.0,1730321,1.0,7,,17.0,0.0,2.0,A01,138Â 202Â 264,1.0
1013671,201900055202,10,25,16:20,1,1,1,1.0,6.0,33480,D 122,M,"44,8448000"," -0,1818200",33,2019,80.0,3.0,1.0,3.0,2266864,2.0,2,2,1,5.0,,0.0,0,1941.0,A01,138Â 202Â 264,1.0,-1.0,-1.0,1730321,1.0,7,,17.0,0.0,2.0,A01,138Â 202Â 264,1.0
1013672,201900055203,10,23,08:50,1,1,1,2.0,6.0,33086,Cabireau Rte de Pourcaud,M,"44,7872060"," -0,2971230",33,2019,70.0,3.0,2.0,4.0,2266865,1.0,1,3,2,1.0,,0.0,0,1995.0,A01,138Â 202Â 261,1.0,-1.0,-1.0,1730322,3.0,7,,8.0,0.0,3.0,A01,138Â 202Â 261,1.0
1013673,201900055204,10,27,10:25,1,2,3,1.0,6.0,69006,1 Rue Saint Roch,M,"45,9733900","4,3338600",69,2019,50.0,1.0,1.0,4.0,2266866,10.0,3,4,2,3.0,,3.0,3,1957.0,A01,138Â 202Â 259,0.0,-1.0,-1.0,1730323,0.0,7,,0.0,1.0,3.0,A01,138Â 202Â 259,1.0
1013673,201900055204,10,27,10:25,1,2,3,1.0,6.0,69006,1 Rue Saint Roch,M,"45,9733900","4,3338600",69,2019,50.0,1.0,1.0,4.0,2266867,1.0,1,1,2,5.0,,0.0,0,1937.0,A01,138Â 202Â 259,1.0,-1.0,-1.0,1730323,0.0,7,,0.0,1.0,3.0,A01,138Â 202Â 259,1.0
1013674,201900055205,10,27,20:00,5,2,1,8.0,1.0,71092,Route de Montpont-en-bresse,M,"46,5926250","5,1910100",71,2019,50.0,1.0,1.0,3.0,2266868,1.0,1,3,1,5.0,,0.0,0,1949.0,B01,138Â 202Â 257,1.0,-1.0,-1.0,1730324,0.0,7,,0.0,2.0,3.0,B01,138Â 202Â 257,1.0
1013674,201900055205,10,27,20:00,5,2,1,8.0,1.0,71092,Route de Montpont-en-bresse,M,"46,5926250","5,1910100",71,2019,50.0,1.0,1.0,3.0,2266868,1.0,1,3,1,5.0,,0.0,0,1949.0,B01,138Â 202Â 257,1.0,-1.0,-1.0,1730325,1.0,7,,0.0,2.0,3.0,A01,138Â 202Â 258,1.0
1013674,201900055205,10,27,20:00,5,2,1,8.0,1.0,71092,Route de Montpont-en-bresse,M,"46,5926250","5,1910100",71,2019,50.0,1.0,1.0,3.0,2266869,1.0,1,1,1,9.0,,0.0,0,1970.0,A01,138Â 202Â 258,1.0,-1.0,-1.0,1730324,0.0,7,,0.0,2.0,3.0,B01,138Â 202Â 257,1.0
1013674,201900055205,10,27,20:00,5,2,1,8.0,1.0,71092,Route de Montpont-en-bresse,M,"46,5926250","5,1910100",71,2019,50.0,1.0,1.0,3.0,2266869,1.0,1,1,1,9.0,,0.0,0,1970.0,A01,138Â 202Â 258,1.0,-1.0,-1.0,1730325,1.0,7,,0.0,2.0,3.0,A01,138Â 202Â 258,1.0
1013675,201900055206,1,1,15:00,1,1,1,5.0,1.0,09225,ROUTE NATIONALE 20,M,"43,1378420","1,6129320",9,2019,80.0,1.0,1.0,2.0,2266870,1.0,1,4,2,5.0,,-1.0,0,2000.0,B01,138Â 202Â 260,8.0,0.0,-1.0,1730326,1.0,7,,0.0,2.0,1.0,B01,138Â 202Â 260,1.0
1013675,201900055206,1,1,15:00,1,1,1,5.0,1.0,09225,ROUTE NATIONALE 20,M,"43,1378420","1,6129320",9,2019,80.0,1.0,1.0,2.0,2266870,1.0,1,4,2,5.0,,-1.0,0,2000.0,B01,138Â 202Â 260,8.0,0.0,-1.0,1730327,2.0,7,,0.0,2.0,3.0,A01,138Â 202Â 262,1.0
1013675,201900055206,1,1,15:00,1,1,1,5.0,1.0,09225,ROUTE NATIONALE 20,M,"43,1378420","1,6129320",9,2019,80.0,1.0,1.0,2.0,2266871,2.0,2,4,1,5.0,,-1.0,0,1992.0,A01,138Â 202Â 262,8.0,0.0,-1.0,1730326,1.0,7,,0.0,2.0,1.0,B01,138Â 202Â 260,1.0
1013675,201900055206,1,1,15:00,1,1,1,5.0,1.0,09225,ROUTE NATIONALE 20,M,"43,1378420","1,6129320",9,2019,80.0,1.0,1.0,2.0,2266871,2.0,2,4,1,5.0,,-1.0,0,1992.0,A01,138Â 202Â 262,8.0,0.0,-1.0,1730327,2.0,7,,0.0,2.0,3.0,A01,138Â 202Â 262,1.0
1013675,201900055206,1,1,15:00,1,1,1,5.0,1.0,09225,ROUTE NATIONALE 20,M,"43,1378420","1,6129320",9,2019,80.0,1.0,1.0,2.0,2266872,1.0,1,4,2,5.0,,-1.0,0,1991.0,A01,138Â 202Â 262,8.0,0.0,-1.0,1730326,1.0,7,,0.0,2.0,1.0,B01,138Â 202Â 260,1.0
1013675,201900055206,1,1,15:00,1,1,1,5.0,1.0,09225,ROUTE NATIONALE 20,M,"43,1378420","1,6129320",9,2019,80.0,1.0,1.0,2.0,2266872,1.0,1,4,2,5.0,,-1.0,0,1991.0,A01,138Â 202Â 262,8.0,0.0,-1.0,1730327,2.0,7,,0.0,2.0,3.0,A01,138Â 202Â 262,1.0
1013675,201900055206,1,1,15:00,1,1,1,5.0,1.0,09225,ROUTE NATIONALE 20,M,"43,1378420","1,6129320",9,2019,80.0,1.0,1.0,2.0,2266873,5.0,2,3,1,5.0,,-1.0,0,2015.0,A01,138Â 202Â 262,3.0,0.0,-1.0,1730326,1.0,7,,0.0,2.0,1.0,B01,138Â 202Â 260,1.0
1013675,201900055206,1,1,15:00,1,1,1,5.0,1.0,09225,ROUTE NATIONALE 20,M,"43,1378420","1,6129320",9,2019,80.0,1.0,1.0,2.0,2266873,5.0,2,3,1,5.0,,-1.0,0,2015.0,A01,138Â 202Â 262,3.0,0.0,-1.0,1730327,2.0,7,,0.0,2.0,3.0,A01,138Â 202Â 262,1.0
1013675,201900055206,1,1,15:00,1,1,1,5.0,1.0,09225,ROUTE NATIONALE 20,M,"43,1378420","1,6129320",9,2019,80.0,1.0,1.0,2.0,2266874,5.0,2,4,1,5.0,,-1.0,0,2017.0,A01,138Â 202Â 262,8.0,0.0,-1.0,1730326,1.0,7,,0.0,2.0,1.0,B01,138Â 202Â 260,1.0
1013675,201900055206,1,1,15:00,1,1,1,5.0,1.0,09225,ROUTE NATIONALE 20,M,"43,1378420","1,6129320",9,2019,80.0,1.0,1.0,2.0,2266874,5.0,2,4,1,5.0,,-1.0,0,2017.0,A01,138Â 202Â 262,8.0,0.0,-1.0,1730327,2.0,7,,0.0,2.0,3.0,A01,138Â 202Â 262,1.0
1013676,201900055207,1,5,21:04,5,2,7,1.0,3.0,06088,DUNANT (AV. HENRI),M,"43,7202600","7,2626900",6,2019,50.0,1.0,1.0,4.0,2266875,1.0,1,4,1,4.0,,0.0,0,1989.0,B01,138Â 202Â 254,2.0,0.0,-1.0,1730328,1.0,2,,0.0,2.0,1.0,B01,138Â 202Â 254,0.0
1013676,201900055207,1,5,21:04,5,2,7,1.0,3.0,06088,DUNANT (AV. HENRI),M,"43,7202600","7,2626900",6,2019,50.0,1.0,1.0,4.0,2266875,1.0,1,4,1,4.0,,0.0,0,1989.0,B01,138Â 202Â 254,2.0,0.0,-1.0,1730329,1.0,10,,0.0,2.0,8.0,A01,138Â 202Â 256,0.0
1013676,201900055207,1,5,21:04,5,2,7,1.0,3.0,06088,DUNANT (AV. HENRI),M,"43,7202600","7,2626900",6,2019,50.0,1.0,1.0,4.0,2266876,1.0,1,1,1,5.0,,0.0,0,1968.0,A01,138Â 202Â 256,8.0,0.0,-1.0,1730328,1.0,2,,0.0,2.0,1.0,B01,138Â 202Â 254,0.0
1013676,201900055207,1,5,21:04,5,2,7,1.0,3.0,06088,DUNANT (AV. HENRI),M,"43,7202600","7,2626900",6,2019,50.0,1.0,1.0,4.0,2266876,1.0,1,1,1,5.0,,0.0,0,1968.0,A01,138Â 202Â 256,8.0,0.0,-1.0,1730329,1.0,10,,0.0,2.0,8.0,A01,138Â 202Â 256,0.0
1013677,201900055208,10,26,17:50,1,1,1,1.0,7.0,63223,Pont de Menat,M,"46,1002950","2,9273860",63,2019,80.0,1.0,2.0,3.0,2266877,2.0,2,4,2,5.0,,0.0,0,1990.0,A01,138Â 202Â 255,2.0,6.0,-1.0,1730330,2.0,33,,0.0,0.0,8.0,A01,138Â 202Â 255,1.0
1013677,201900055208,10,26,17:50,1,1,1,1.0,7.0,63223,Pont de Menat,M,"46,1002950","2,9273860",63,2019,80.0,1.0,2.0,3.0,2266878,1.0,1,4,1,5.0,,0.0,0,1993.0,A01,138Â 202Â 255,2.0,6.0,-1.0,1730330,2.0,33,,0.0,0.0,8.0,A01,138Â 202Â 255,1.0
1013678,201900055209,1,5,05:45,5,2,1,1.0,2.0,06088,ANGLAIS PLAGE (DU 265 AU 350),M,"43,6774500","7,2290100",6,2019,50.0,1.0,1.0,4.0,2266879,1.0,1,1,1,4.0,,0.0,0,1963.0,B01,138Â 202Â 252,1.0,8.0,-1.0,1730331,2.0,10,,1.0,0.0,5.0,B01,138Â 202Â 252,1.0
1013678,201900055209,1,5,05:45,5,2,1,1.0,2.0,06088,ANGLAIS PLAGE (DU 265 AU 350),M,"43,6774500","7,2290100",6,2019,50.0,1.0,1.0,4.0,2266879,1.0,1,1,1,4.0,,0.0,0,1963.0,B01,138Â 202Â 252,1.0,8.0,-1.0,1730332,2.0,7,,1.0,0.0,3.0,A01,138Â 202Â 253,1.0
1013678,201900055209,1,5,05:45,5,2,1,1.0,2.0,06088,ANGLAIS PLAGE (DU 265 AU 350),M,"43,6774500","7,2290100",6,2019,50.0,1.0,1.0,4.0,2266880,1.0,1,4,1,5.0,,0.0,0,1988.0,A01,138Â 202Â 253,8.0,8.0,-1.0,1730331,2.0,10,,1.0,0.0,5.0,B01,138Â 202Â 252,1.0
1013678,201900055209,1,5,05:45,5,2,1,1.0,2.0,06088,ANGLAIS PLAGE (DU 265 AU 350),M,"43,6774500","7,2290100",6,2019,50.0,1.0,1.0,4.0,2266880,1.0,1,4,1,5.0,,0.0,0,1988.0,A01,138Â 202Â 253,8.0,8.0,-1.0,1730332,2.0,7,,1.0,0.0,3.0,A01,138Â 202Â 253,1.0
1013679,201900055210,10,26,20:00,3,1,1,1.0,6.0,12025,D32,M,"43,8550890","2,7468520",12,2019,80.0,3.0,1.0,3.0,2266881,1.0,1,2,1,0.0,,0.0,0,1944.0,A01,138Â 202Â 251,0.0,-1.0,-1.0,1730333,1.0,7,,8.0,0.0,1.0,A01,138Â 202Â 251,1.0
1013680,201900055211,1,3,14:20,1,2,1,1.0,3.0,06088,VERDUN (AV. DE),M,"43,6968020","7,2686510",6,2019,50.0,1.0,1.0,4.0,2266882,1.0,1,3,2,5.0,,0.0,0,1971.0,A01,138Â 202Â 249,2.0,6.0,-1.0,1730334,1.0,2,,0.0,2.0,1.0,A01,138Â 202Â 249,6.0
1013680,201900055211,1,3,14:20,1,2,1,1.0,3.0,06088,VERDUN (AV. DE),M,"43,6968020","7,2686510",6,2019,50.0,1.0,1.0,4.0,2266882,1.0,1,3,2,5.0,,0.0,0,1971.0,A01,138Â 202Â 249,2.0,6.0,-1.0,1730335,1.0,7,,0.0,2.0,5.0,B01,138Â 202Â 250,6.0
1013680,201900055211,1,3,14:20,1,2,1,1.0,3.0,06088,VERDUN (AV. DE),M,"43,6968020","7,2686510",6,2019,50.0,1.0,1.0,4.0,2266883,1.0,1,1,1,5.0,,0.0,0,1992.0,B01,138Â 202Â 250,1.0,0.0,-1.0,1730334,1.0,2,,0.0,2.0,1.0,A01,138Â 202Â 249,6.0
1013680,201900055211,1,3,14:20,1,2,1,1.0,3.0,06088,VERDUN (AV. DE),M,"43,6968020","7,2686510",6,2019,50.0,1.0,1.0,4.0,2266883,1.0,1,1,1,5.0,,0.0,0,1992.0,B01,138Â 202Â 250,1.0,0.0,-1.0,1730335,1.0,7,,0.0,2.0,5.0,B01,138Â 202Â 250,6.0
1013681,201900055212,10,27,14:45,1,1,1,1.0,6.0,42287,D503,M,"45,2585830","4,4702770",42,2019,80.0,1.0,1.0,3.0,2266884,1.0,1,4,1,5.0,,0.0,0,1994.0,A01,138Â 202Â 248,2.0,6.0,-1.0,1730336,2.0,31,,13.0,0.0,1.0,A01,138Â 202Â 248,1.0
1013682,201900055213,1,3,10:45,1,2,1,1.0,6.0,06088,SAINTE-MARGUERITE (PL.),M,"43,6790800","7,2106000",6,2019,50.0,1.0,1.0,4.0,2266885,10.0,3,3,2,5.0,,2.0,3,1957.0,A01,138Â 202Â 247,8.0,0.0,-1.0,1730337,2.0,7,,0.0,1.0,1.0,A01,138Â 202Â 247,0.0
1013682,201900055213,1,3,10:45,1,2,1,1.0,6.0,06088,SAINTE-MARGUERITE (PL.),M,"43,6790800","7,2106000",6,2019,50.0,1.0,1.0,4.0,2266886,1.0,1,1,1,5.0,,0.0,0,1985.0,A01,138Â 202Â 247,1.0,0.0,-1.0,1730337,2.0,7,,0.0,1.0,1.0,A01,138Â 202Â 247,0.0
1013683,201900055214,10,23,07:50,2,1,1,2.0,5.0,41049,193 Rue de Selles,M,"47,3387380","1,4827440",41,2019,-1.0,1.0,2.0,3.0,2266887,1.0,1,4,1,1.0,,0.0,0,1999.0,A01,138Â 202Â 242,1.0,-1.0,-1.0,1730338,1.0,7,,0.0,2.0,1.0,A01,138Â 202Â 242,1.0
1013683,201900055214,10,23,07:50,2,1,1,2.0,5.0,41049,193 Rue de Selles,M,"47,3387380","1,4827440",41,2019,-1.0,1.0,2.0,3.0,2266887,1.0,1,4,1,1.0,,0.0,0,1999.0,A01,138Â 202Â 242,1.0,-1.0,-1.0,1730339,1.0,7,,0.0,0.0,6.0,B01,138Â 202Â 243,1.0
1013683,201900055214,10,23,07:50,2,1,1,2.0,5.0,41049,193 Rue de Selles,M,"47,3387380","1,4827440",41,2019,-1.0,1.0,2.0,3.0,2266887,1.0,1,4,1,1.0,,0.0,0,1999.0,A01,138Â 202Â 242,1.0,-1.0,-1.0,1730340,2.0,7,,0.0,2.0,1.0,C01,138Â 202Â 245,1.0
1013683,201900055214,10,23,07:50,2,1,1,2.0,5.0,41049,193 Rue de Selles,M,"47,3387380","1,4827440",41,2019,-1.0,1.0,2.0,3.0,2266887,1.0,1,4,1,1.0,,0.0,0,1999.0,A01,138Â 202Â 242,1.0,-1.0,-1.0,1730341,1.0,7,,0.0,0.0,4.0,D01,138Â 202Â 246,1.0
1013683,201900055214,10,23,07:50,2,1,1,2.0,5.0,41049,193 Rue de Selles,M,"47,3387380","1,4827440",41,2019,-1.0,1.0,2.0,3.0,2266888,2.0,2,4,2,9.0,,0.0,0,1960.0,B01,138Â 202Â 243,1.0,-1.0,-1.0,1730338,1.0,7,,0.0,2.0,1.0,A01,138Â 202Â 242,1.0
1013683,201900055214,10,23,07:50,2,1,1,2.0,5.0,41049,193 Rue de Selles,M,"47,3387380","1,4827440",41,2019,-1.0,1.0,2.0,3.0,2266888,2.0,2,4,2,9.0,,0.0,0,1960.0,B01,138Â 202Â 243,1.0,-1.0,-1.0,1730339,1.0,7,,0.0,0.0,6.0,B01,138Â 202Â 243,1.0
1013683,201900055214,10,23,07:50,2,1,1,2.0,5.0,41049,193 Rue de Selles,M,"47,3387380","1,4827440",41,2019,-1.0,1.0,2.0,3.0,2266888,2.0,2,4,2,9.0,,0.0,0,1960.0,B01,138Â 202Â 243,1.0,-1.0,-1.0,1730340,2.0,7,,0.0,2.0,1.0,C01,138Â 202Â 245,1.0
1013683,201900055214,10,23,07:50,2,1,1,2.0,5.0,41049,193 Rue de Selles,M,"47,3387380","1,4827440",41,2019,-1.0,1.0,2.0,3.0,2266888,2.0,2,4,2,9.0,,0.0,0,1960.0,B01,138Â 202Â 243,1.0,-1.0,-1.0,1730341,1.0,7,,0.0,0.0,4.0,D01,138Â 202Â 246,1.0
1013683,201900055214,10,23,07:50,2,1,1,2.0,5.0,41049,193 Rue de Selles,M,"47,3387380","1,4827440",41,2019,-1.0,1.0,2.0,3.0,2266889,1.0,1,1,1,9.0,,0.0,0,1958.0,B01,138Â 202Â 243,1.0,-1.0,-1.0,1730338,1.0,7,,0.0,2.0,1.0,A01,138Â 202Â 242,1.0
1013683,201900055214,10,23,07:50,2,1,1,2.0,5.0,41049,193 Rue de Selles,M,"47,3387380","1,4827440",41,2019,-1.0,1.0,2.0,3.0,2266889,1.0,1,1,1,9.0,,0.0,0,1958.0,B01,138Â 202Â 243,1.0,-1.0,-1.0,1730339,1.0,7,,0.0,0.0,6.0,B01,138Â 202Â 243,1.0
1013683,201900055214,10,23,07:50,2,1,1,2.0,5.0,41049,193 Rue de Selles,M,"47,3387380","1,4827440",41,2019,-1.0,1.0,2.0,3.0,2266889,1.0,1,1,1,9.0,,0.0,0,1958.0,B01,138Â 202Â 243,1.0,-1.0,-1.0,1730340,2.0,7,,0.0,2.0,1.0,C01,138Â 202Â 245,1.0
1013683,201900055214,10,23,07:50,2,1,1,2.0,5.0,41049,193 Rue de Selles,M,"47,3387380","1,4827440",41,2019,-1.0,1.0,2.0,3.0,2266889,1.0,1,1,1,9.0,,0.0,0,1958.0,B01,138Â 202Â 243,1.0,-1.0,-1.0,1730341,1.0,7,,0.0,0.0,4.0,D01,138Â 202Â 246,1.0
1013683,201900055214,10,23,07:50,2,1,1,2.0,5.0,41049,193 Rue de Selles,M,"47,3387380","1,4827440",41,2019,-1.0,1.0,2.0,3.0,2266890,1.0,1,1,1,-1.0,,-1.0, -1,1982.0,C01,138Â 202Â 245,1.0,-1.0,-1.0,1730338,1.0,7,,0.0,2.0,1.0,A01,138Â 202Â 242,1.0