Unnamed: 0_x,num_acc,mois,jour,hrmn,lum,agg,int,atm,col,com,adr,gps,lat,long,dep,annee,vma,situ,surf,catr,Unnamed: 0_y,place,catu,grav,sexe,trajet,secu,locp,actp,an_nais,num_veh_x,id_vehicule_x,secu1,secu2,secu3,Unnamed: 0,senc,catv,occutc,obs,obsm,choc,num_veh_y,id_vehicule_y,motor
1013683,201900055214,10,23,07:50,2,1,1,2.0,5.0,41049,193 Rue de Selles,M,"47,3387380","1,4827440",41,2019,-1.0,1.0,2.0,3.0,2266890,1.0,1,1,1,-1.0,,-1.0, -1,1982.0,C01,138Â 202Â 245,1.0,-1.0,-1.0,1730339,1.0,7,,0.0,0.0,6.0,B01,138Â 202Â 243,1.0
1013683,201900055214,10,23,07:50,2,1,1,2.0,5.0,41049,193 Rue de Selles,M,"47,3387380","1,4827440",41,2019,-1.0,1.0,2.0,3.0,2266890,1.0,1,1,1,-1.0,,-1.0, -1,1982.0,C01,138Â 202Â 245,1.0,-1.0,-1.0,1730340,2.0,7,,0.0,2.0,1.0,C01,138Â 202Â 245,1.0
1013683,201900055214,10,23,07:50,2,1,1,2.0,5.0,41049,193 Rue de Selles,M,"47,3387380","1,4827440",41,2019,-1.0,1.0,2.0,3.0,2266890,1.0,1,1,1,-1.0,,-1.0, -1,1982.0,C01,138Â 202Â 245,1.0,-1.0,-1.0,1730341,1.0,7,,0.0,0.0,4.0,D01,138Â 202Â 246,1.0
1013683,201900055214,10,23,07:50,2,1,1,2.0,5.0,41049,193 Rue de Selles,M,"47,3387380","1,4827440",41,2019,-1.0,1.0,2.0,3.0,2266891,1.0,1,1,1,1.0,,0.0,0,1967.0,D01,138Â 202Â 246,1.0,-1.0,-1.0,1730338,1.0,7,,0.0,2.0,1.0,A01,138Â 202Â 242,1.0
1013683,201900055214,10,23,07:50,2,1,1,2.0,5.0,41049,193 Rue de Selles,M,"47,3387380","1,4827440",41,2019,-1.0,1.0,2.0,3.0,2266891,1.0,1,1,1,1.0,,0.0,0,1967.0,D01,138Â 202Â 246,1.0,-1.0,-1.0,1730339,1.0,7,,0.0,0.0,6.0,B01,138Â 202Â 243,1.0
1013683,201900055214,10,23,07:50,2,1,1,2.0,5.0,41049,193 Rue de Selles,M,"47,3387380","1,4827440",41,2019,-1.0,1.0,2.0,3.0,2266891,1.0,1,1,1,1.0,,0.0,0,1967.0,D01,138Â 202Â 246,1.0,-1.0,-1.0,1730340,2.0,7,,0.0,2.0,1.0,C01,138Â 202Â 245,1.0
1013683,201900055214,10,23,07:50,2,1,1,2.0,5.0,41049,193 Rue de Selles,M,"47,3387380","1,4827440",41,2019,-1.0,1.0,2.0,3.0,2266891,1.0,1,1,1,1.0,,0.0,0,1967.0,D01,138Â 202Â 246,1.0,-1.0,-1.0,1730341,1.0,7,,0.0,0.0,4.0,D01,138Â 202Â 246,1.0
1013684,201900055215,1,3,08:40,1,2,9,1.0,3.0,06069,MISTRAL (AVENUE ET PLACE FREDERIC),M,"43,6460000","6,9166000",6,2019,50.0,1.0,1.0,4.0,2266892,1.0,1,1,2,5.0,,-1.0, -1,1964.0,A01,138Â 202Â 241,1.0,0.0,-1.0,1730342,2.0,7,,0.0,2.0,2.0,A01,138Â 202Â 241,6.0
1013684,201900055215,1,3,08:40,1,2,9,1.0,3.0,06069,MISTRAL (AVENUE ET PLACE FREDERIC),M,"43,6460000","6,9166000",6,2019,50.0,1.0,1.0,4.0,2266892,1.0,1,1,2,5.0,,-1.0, -1,1964.0,A01,138Â 202Â 241,1.0,0.0,-1.0,1730343,2.0,33,,0.0,2.0,1.0,B01,138Â 202Â 244,6.0
1013684,201900055215,1,3,08:40,1,2,9,1.0,3.0,06069,MISTRAL (AVENUE ET PLACE FREDERIC),M,"43,6460000","6,9166000",6,2019,50.0,1.0,1.0,4.0,2266893,1.0,1,4,1,1.0,,-1.0, -1,1994.0,B01,138Â 202Â 244,2.0,0.0,-1.0,1730342,2.0,7,,0.0,2.0,2.0,A01,138Â 202Â 241,6.0
1013684,201900055215,1,3,08:40,1,2,9,1.0,3.0,06069,MISTRAL (AVENUE ET PLACE FREDERIC),M,"43,6460000","6,9166000",6,2019,50.0,1.0,1.0,4.0,2266893,1.0,1,4,1,1.0,,-1.0, -1,1994.0,B01,138Â 202Â 244,2.0,0.0,-1.0,1730343,2.0,33,,0.0,2.0,1.0,B01,138Â 202Â 244,6.0
1013685,201900055216,10,26,17:10,1,1,3,3.0,1.0,29272,Kerudoc H,M,"47,9696815"," -3,9571349",29,2019,-1.0,1.0,2.0,3.0,2266894,1.0,1,1,2,0.0,,0.0,0,1948.0,A01,138Â 202Â 239,1.0,-1.0,-1.0,1730344,1.0,7,,0.0,2.0,8.0,A01,138Â 202Â 239,1.0
1013685,201900055216,10,26,17:10,1,1,3,3.0,1.0,29272,Kerudoc H,M,"47,9696815"," -3,9571349",29,2019,-1.0,1.0,2.0,3.0,2266894,1.0,1,1,2,0.0,,0.0,0,1948.0,A01,138Â 202Â 239,1.0,-1.0,-1.0,1730345,2.0,7,,0.0,2.0,1.0,B01,138Â 202Â 240,1.0
1013685,201900055216,10,26,17:10,1,1,3,3.0,1.0,29272,Kerudoc H,M,"47,9696815"," -3,9571349",29,2019,-1.0,1.0,2.0,3.0,2266895,1.0,1,1,2,0.0,,0.0,0,2001.0,B01,138Â 202Â 240,1.0,-1.0,-1.0,1730344,1.0,7,,0.0,2.0,8.0,A01,138Â 202Â 239,1.0
1013685,201900055216,10,26,17:10,1,1,3,3.0,1.0,29272,Kerudoc H,M,"47,9696815"," -3,9571349",29,2019,-1.0,1.0,2.0,3.0,2266895,1.0,1,1,2,0.0,,0.0,0,2001.0,B01,138Â 202Â 240,1.0,-1.0,-1.0,1730345,2.0,7,,0.0,2.0,1.0,B01,138Â 202Â 240,1.0
1013685,201900055216,10,26,17:10,1,1,3,3.0,1.0,29272,Kerudoc H,M,"47,9696815"," -3,9571349",29,2019,-1.0,1.0,2.0,3.0,2266896,2.0,2,1,1,0.0,,0.0,0,2000.0,B01,138Â 202Â 240,1.0,-1.0,-1.0,1730344,1.0,7,,0.0,2.0,8.0,A01,138Â 202Â 239,1.0
1013685,201900055216,10,26,17:10,1,1,3,3.0,1.0,29272,Kerudoc H,M,"47,9696815"," -3,9571349",29,2019,-1.0,1.0,2.0,3.0,2266896,2.0,2,1,1,0.0,,0.0,0,2000.0,B01,138Â 202Â 240,1.0,-1.0,-1.0,1730345,2.0,7,,0.0,2.0,1.0,B01,138Â 202Â 240,1.0
1013685,201900055216,10,26,17:10,1,1,3,3.0,1.0,29272,Kerudoc H,M,"47,9696815"," -3,9571349",29,2019,-1.0,1.0,2.0,3.0,2266897,4.0,2,1,1,0.0,,0.0,0,2008.0,B01,138Â 202Â 240,1.0,-1.0,-1.0,1730344,1.0,7,,0.0,2.0,8.0,A01,138Â 202Â 239,1.0
1013685,201900055216,10,26,17:10,1,1,3,3.0,1.0,29272,Kerudoc H,M,"47,9696815"," -3,9571349",29,2019,-1.0,1.0,2.0,3.0,2266897,4.0,2,1,1,0.0,,0.0,0,2008.0,B01,138Â 202Â 240,1.0,-1.0,-1.0,1730345,2.0,7,,0.0,2.0,1.0,B01,138Â 202Â 240,1.0
1013685,201900055216,10,26,17:10,1,1,3,3.0,1.0,29272,Kerudoc H,M,"47,9696815"," -3,9571349",29,2019,-1.0,1.0,2.0,3.0,2266898,3.0,2,4,1,5.0,,0.0,0,2005.0,B01,138Â 202Â 240,1.0,-1.0,-1.0,1730344,1.0,7,,0.0,2.0,8.0,A01,138Â 202Â 239,1.0
1013685,201900055216,10,26,17:10,1,1,3,3.0,1.0,29272,Kerudoc H,M,"47,9696815"," -3,9571349",29,2019,-1.0,1.0,2.0,3.0,2266898,3.0,2,4,1,5.0,,0.0,0,2005.0,B01,138Â 202Â 240,1.0,-1.0,-1.0,1730345,2.0,7,,0.0,2.0,1.0,B01,138Â 202Â 240,1.0
1013686,201900055217,1,5,10:45,1,2,1,1.0,6.0,06029,TONNER (AVENUE FRANCIS),M,"43,5496900","6,9733800",6,2019,50.0,1.0,1.0,4.0,2266899,10.0,3,4,2,5.0,,3.0,3,1939.0,A01,138Â 202Â 238,8.0,0.0,-1.0,1730346,1.0,10,,0.0,1.0,1.0,A01,138Â 202Â 238,1.0
1013686,201900055217,1,5,10:45,1,2,1,1.0,6.0,06029,TONNER (AVENUE FRANCIS),M,"43,5496900","6,9733800",6,2019,50.0,1.0,1.0,4.0,2266900,1.0,1,1,1,5.0,,0.0,0,1988.0,A01,138Â 202Â 238,1.0,0.0,-1.0,1730346,1.0,10,,0.0,1.0,1.0,A01,138Â 202Â 238,1.0
1013687,201900055218,10,27,12:15,1,1,1,1.0,6.0,31552,Moussou,M,"43,2474869","0,9604797",31,2019,80.0,1.0,1.0,3.0,2266901,1.0,1,3,1,5.0,,0.0,0,1949.0,A01,138Â 202Â 236,1.0,-1.0,-1.0,1730347,1.0,10,,13.0,0.0,3.0,A01,138Â 202Â 236,1.0
1013688,201900055219,1,4,18:15,2,2,1,1.0,1.0,06029,PICAUD (AVENUE DR) BOCCA,M,"43,5505300","6,9939100",6,2019,50.0,1.0,1.0,4.0,2266902,1.0,1,1,1,5.0,,0.0,0,1939.0,A01,138Â 202Â 235,1.0,0.0,-1.0,1730348,1.0,10,,0.0,2.0,5.0,A01,138Â 202Â 235,1.0
1013688,201900055219,1,4,18:15,2,2,1,1.0,1.0,06029,PICAUD (AVENUE DR) BOCCA,M,"43,5505300","6,9939100",6,2019,50.0,1.0,1.0,4.0,2266902,1.0,1,1,1,5.0,,0.0,0,1939.0,A01,138Â 202Â 235,1.0,0.0,-1.0,1730349,1.0,32,,0.0,2.0,1.0,B01,138Â 202Â 237,1.0
1013688,201900055219,1,4,18:15,2,2,1,1.0,1.0,06029,PICAUD (AVENUE DR) BOCCA,M,"43,5505300","6,9939100",6,2019,50.0,1.0,1.0,4.0,2266903,1.0,1,4,1,5.0,,0.0,0,1981.0,B01,138Â 202Â 237,2.0,0.0,-1.0,1730348,1.0,10,,0.0,2.0,5.0,A01,138Â 202Â 235,1.0
1013688,201900055219,1,4,18:15,2,2,1,1.0,1.0,06029,PICAUD (AVENUE DR) BOCCA,M,"43,5505300","6,9939100",6,2019,50.0,1.0,1.0,4.0,2266903,1.0,1,4,1,5.0,,0.0,0,1981.0,B01,138Â 202Â 237,2.0,0.0,-1.0,1730349,1.0,32,,0.0,2.0,1.0,B01,138Â 202Â 237,1.0
1013689,201900055220,10,27,00:30,3,1,1,5.0,7.0,01338,route du village,M,"45,7111465","5,5630115",1,2019,-1.0,3.0,1.0,3.0,2266904,1.0,1,3,1,5.0,,0.0,0,1985.0,A01,138Â 202Â 234,0.0,-1.0,-1.0,1730350,2.0,7,,8.0,0.0,9.0,A01,138Â 202Â 234,1.0
1013690,201900055221,10,26,19:30,3,1,1,1.0,7.0,70084,D15,M,"47,3510330","5,9627690",70,2019,80.0,3.0,1.0,3.0,2266905,1.0,1,3,1,5.0,,0.0,0,1972.0,A01,138Â 202Â 232,2.0,6.0,9.0,1730351,1.0,33,,13.0,0.0,0.0,A01,138Â 202Â 232,1.0
1013691,201900055222,1,4,10:30,1,2,1,1.0,6.0,06029,ALSACE ( BOULEVARD D'),M,"43,5541020","7,0235560",6,2019,50.0,1.0,1.0,4.0,2266906,10.0,3,4,2,5.0,,2.0,3,1974.0,A01,138Â 202Â 230,8.0,0.0,-1.0,1730352,1.0,10,,0.0,1.0,1.0,A01,138Â 202Â 230,1.0
1013691,201900055222,1,4,10:30,1,2,1,1.0,6.0,06029,ALSACE ( BOULEVARD D'),M,"43,5541020","7,0235560",6,2019,50.0,1.0,1.0,4.0,2266907,1.0,1,1,1,4.0,,0.0,0,1976.0,A01,138Â 202Â 230,1.0,0.0,-1.0,1730352,1.0,10,,0.0,1.0,1.0,A01,138Â 202Â 230,1.0
1013692,201900055223,10,26,13:40,1,2,2,1.0,3.0,66204,Place de l'Oratory,M,"42,5795590","2,4266170",66,2019,50.0,1.0,1.0,3.0,2266908,1.0,1,3,1,5.0,,0.0,0,2002.0,A01,138Â 202Â 229,2.0,-1.0,-1.0,1730353,2.0,31,,0.0,2.0,1.0,A01,138Â 202Â 229,1.0
1013692,201900055223,10,26,13:40,1,2,2,1.0,3.0,66204,Place de l'Oratory,M,"42,5795590","2,4266170",66,2019,50.0,1.0,1.0,3.0,2266908,1.0,1,3,1,5.0,,0.0,0,2002.0,A01,138Â 202Â 229,2.0,-1.0,-1.0,1730354,2.0,7,,0.0,2.0,2.0,B01,138Â 202Â 231,1.0
1013692,201900055223,10,26,13:40,1,2,2,1.0,3.0,66204,Place de l'Oratory,M,"42,5795590","2,4266170",66,2019,50.0,1.0,1.0,3.0,2266909,1.0,1,1,2,5.0,,0.0,0,1960.0,B01,138Â 202Â 231,1.0,-1.0,-1.0,1730353,2.0,31,,0.0,2.0,1.0,A01,138Â 202Â 229,1.0
1013692,201900055223,10,26,13:40,1,2,2,1.0,3.0,66204,Place de l'Oratory,M,"42,5795590","2,4266170",66,2019,50.0,1.0,1.0,3.0,2266909,1.0,1,1,2,5.0,,0.0,0,1960.0,B01,138Â 202Â 231,1.0,-1.0,-1.0,1730354,2.0,7,,0.0,2.0,2.0,B01,138Â 202Â 231,1.0
1013693,201900055224,1,2,17:15,2,2,3,1.0,1.0,06029,TONNER (AVENUE FRANCIS),M,"43,5492100","6,9851100",6,2019,50.0,1.0,1.0,4.0,2266910,2.0,2,4,2,0.0,,-1.0, -1,1992.0,B01,138Â 202Â 227,2.0,0.0,-1.0,1730355,2.0,33,,0.0,2.0,1.0,B01,138Â 202Â 227,1.0
1013693,201900055224,1,2,17:15,2,2,3,1.0,1.0,06029,TONNER (AVENUE FRANCIS),M,"43,5492100","6,9851100",6,2019,50.0,1.0,1.0,4.0,2266910,2.0,2,4,2,0.0,,-1.0, -1,1992.0,B01,138Â 202Â 227,2.0,0.0,-1.0,1730356,2.0,7,,0.0,2.0,8.0,A01,138Â 202Â 228,1.0
1013693,201900055224,1,2,17:15,2,2,3,1.0,1.0,06029,TONNER (AVENUE FRANCIS),M,"43,5492100","6,9851100",6,2019,50.0,1.0,1.0,4.0,2266911,1.0,1,4,1,0.0,,-1.0, -1,1992.0,B01,138Â 202Â 227,2.0,0.0,-1.0,1730355,2.0,33,,0.0,2.0,1.0,B01,138Â 202Â 227,1.0
1013693,201900055224,1,2,17:15,2,2,3,1.0,1.0,06029,TONNER (AVENUE FRANCIS),M,"43,5492100","6,9851100",6,2019,50.0,1.0,1.0,4.0,2266911,1.0,1,4,1,0.0,,-1.0, -1,1992.0,B01,138Â 202Â 227,2.0,0.0,-1.0,1730356,2.0,7,,0.0,2.0,8.0,A01,138Â 202Â 228,1.0
1013693,201900055224,1,2,17:15,2,2,3,1.0,1.0,06029,TONNER (AVENUE FRANCIS),M,"43,5492100","6,9851100",6,2019,50.0,1.0,1.0,4.0,2266912,1.0,1,1,1,0.0,,-1.0, -1,1991.0,A01,138Â 202Â 228,1.0,0.0,-1.0,1730355,2.0,33,,0.0,2.0,1.0,B01,138Â 202Â 227,1.0
1013693,201900055224,1,2,17:15,2,2,3,1.0,1.0,06029,TONNER (AVENUE FRANCIS),M,"43,5492100","6,9851100",6,2019,50.0,1.0,1.0,4.0,2266912,1.0,1,1,1,0.0,,-1.0, -1,1991.0,A01,138Â 202Â 228,1.0,0.0,-1.0,1730356,2.0,7,,0.0,2.0,8.0,A01,138Â 202Â 228,1.0
1013694,201900055225,1,3,12:00,1,2,1,1.0,6.0,06027,ST PIERRE PLACE,M,"43,6573900","7,1638900",6,2019,50.0,1.0,1.0,4.0,2266913,10.0,3,4,1,9.0,,1.0,9,1951.0,A01,138Â 202Â 224,8.0,0.0,-1.0,1730357,1.0,7,,0.0,1.0,1.0,A01,138Â 202Â 224,1.0
1013694,201900055225,1,3,12:00,1,2,1,1.0,6.0,06027,ST PIERRE PLACE,M,"43,6573900","7,1638900",6,2019,50.0,1.0,1.0,4.0,2266914,1.0,1,1,2,5.0,,0.0,0,1968.0,A01,138Â 202Â 224,1.0,0.0,-1.0,1730357,1.0,7,,0.0,1.0,1.0,A01,138Â 202Â 224,1.0
1013695,201900055226,10,26,15:05,1,2,2,1.0,3.0,09265,Avenue des PyrÃ©nÃ©es,M,"43,0991200","1,6242960",9,2019,50.0,1.0,1.0,3.0,2266915,1.0,1,1,2,0.0,,0.0,0,1982.0,B01,138Â 202Â 221,1.0,-1.0,-1.0,1730358,2.0,7,,0.0,2.0,3.0,B01,138Â 202Â 221,1.0
1013695,201900055226,10,26,15:05,1,2,2,1.0,3.0,09265,Avenue des PyrÃ©nÃ©es,M,"43,0991200","1,6242960",9,2019,50.0,1.0,1.0,3.0,2266915,1.0,1,1,2,0.0,,0.0,0,1982.0,B01,138Â 202Â 221,1.0,-1.0,-1.0,1730359,2.0,2,,0.0,2.0,1.0,A01,138Â 202Â 223,1.0
1013695,201900055226,10,26,15:05,1,2,2,1.0,3.0,09265,Avenue des PyrÃ©nÃ©es,M,"43,0991200","1,6242960",9,2019,50.0,1.0,1.0,3.0,2266916,1.0,1,4,1,0.0,,0.0,0,1997.0,A01,138Â 202Â 223,0.0,-1.0,-1.0,1730358,2.0,7,,0.0,2.0,3.0,B01,138Â 202Â 221,1.0
1013695,201900055226,10,26,15:05,1,2,2,1.0,3.0,09265,Avenue des PyrÃ©nÃ©es,M,"43,0991200","1,6242960",9,2019,50.0,1.0,1.0,3.0,2266916,1.0,1,4,1,0.0,,0.0,0,1997.0,A01,138Â 202Â 223,0.0,-1.0,-1.0,1730359,2.0,2,,0.0,2.0,1.0,A01,138Â 202Â 223,1.0
1013696,201900055227,1,3,15:15,1,2,4,1.0,3.0,06004,ROSTAGNE AV.DE LA,M,"43,5717400","7,1188300",6,2019,50.0,1.0,1.0,4.0,2266917,2.0,2,4,1,0.0,,0.0,0,1953.0,B01,138Â 202Â 219,2.0,6.0,-1.0,1730360,1.0,31,,0.0,2.0,2.0,B01,138Â 202Â 219,0.0
1013696,201900055227,1,3,15:15,1,2,4,1.0,3.0,06004,ROSTAGNE AV.DE LA,M,"43,5717400","7,1188300",6,2019,50.0,1.0,1.0,4.0,2266917,2.0,2,4,1,0.0,,0.0,0,1953.0,B01,138Â 202Â 219,2.0,6.0,-1.0,1730361,3.0,7,,0.0,2.0,8.0,A01,138Â 202Â 222,1.0
1013696,201900055227,1,3,15:15,1,2,4,1.0,3.0,06004,ROSTAGNE AV.DE LA,M,"43,5717400","7,1188300",6,2019,50.0,1.0,1.0,4.0,2266918,1.0,1,4,1,5.0,,0.0,0,1950.0,B01,138Â 202Â 219,2.0,6.0,-1.0,1730360,1.0,31,,0.0,2.0,2.0,B01,138Â 202Â 219,0.0
1013696,201900055227,1,3,15:15,1,2,4,1.0,3.0,06004,ROSTAGNE AV.DE LA,M,"43,5717400","7,1188300",6,2019,50.0,1.0,1.0,4.0,2266918,1.0,1,4,1,5.0,,0.0,0,1950.0,B01,138Â 202Â 219,2.0,6.0,-1.0,1730361,3.0,7,,0.0,2.0,8.0,A01,138Â 202Â 222,1.0
1013696,201900055227,1,3,15:15,1,2,4,1.0,3.0,06004,ROSTAGNE AV.DE LA,M,"43,5717400","7,1188300",6,2019,50.0,1.0,1.0,4.0,2266919,1.0,1,1,2,0.0,,0.0,0,1994.0,A01,138Â 202Â 222,1.0,0.0,-1.0,1730360,1.0,31,,0.0,2.0,2.0,B01,138Â 202Â 219,0.0
1013696,201900055227,1,3,15:15,1,2,4,1.0,3.0,06004,ROSTAGNE AV.DE LA,M,"43,5717400","7,1188300",6,2019,50.0,1.0,1.0,4.0,2266919,1.0,1,1,2,0.0,,0.0,0,1994.0,A01,138Â 202Â 222,1.0,0.0,-1.0,1730361,3.0,7,,0.0,2.0,8.0,A01,138Â 202Â 222,1.0
1013697,201900055228,10,25,17:15,1,1,2,1.0,3.0,60503,D152,M,"49,5849860","2,5818829",60,2019,80.0,1.0,1.0,3.0,2266920,2.0,2,4,1,9.0,,0.0,0,1950.0,A01,138Â 202Â 218,1.0,-1.0,-1.0,1730362,0.0,7,,0.0,0.0,1.0,A01,138Â 202Â 218,1.0
1013697,201900055228,10,25,17:15,1,1,2,1.0,3.0,60503,D152,M,"49,5849860","2,5818829",60,2019,80.0,1.0,1.0,3.0,2266920,2.0,2,4,1,9.0,,0.0,0,1950.0,A01,138Â 202Â 218,1.0,-1.0,-1.0,1730363,0.0,7,,0.0,0.0,2.0,B01,138Â 202Â 220,1.0
1013697,201900055228,10,25,17:15,1,1,2,1.0,3.0,60503,D152,M,"49,5849860","2,5818829",60,2019,80.0,1.0,1.0,3.0,2266921,1.0,1,4,2,0.0,,0.0,0,1947.0,A01,138Â 202Â 218,1.0,-1.0,-1.0,1730362,0.0,7,,0.0,0.0,1.0,A01,138Â 202Â 218,1.0
1013697,201900055228,10,25,17:15,1,1,2,1.0,3.0,60503,D152,M,"49,5849860","2,5818829",60,2019,80.0,1.0,1.0,3.0,2266921,1.0,1,4,2,0.0,,0.0,0,1947.0,A01,138Â 202Â 218,1.0,-1.0,-1.0,1730363,0.0,7,,0.0,0.0,2.0,B01,138Â 202Â 220,1.0
1013697,201900055228,10,25,17:15,1,1,2,1.0,3.0,60503,D152,M,"49,5849860","2,5818829",60,2019,80.0,1.0,1.0,3.0,2266922,1.0,1,1,1,0.0,,0.0,0,1965.0,B01,138Â 202Â 220,1.0,-1.0,-1.0,1730362,0.0,7,,0.0,0.0,1.0,A01,138Â 202Â 218,1.0
1013697,201900055228,10,25,17:15,1,1,2,1.0,3.0,60503,D152,M,"49,5849860","2,5818829",60,2019,80.0,1.0,1.0,3.0,2266922,1.0,1,1,1,0.0,,0.0,0,1965.0,B01,138Â 202Â 220,1.0,-1.0,-1.0,1730363,0.0,7,,0.0,0.0,2.0,B01,138Â 202Â 220,1.0
1013698,201900055229,1,2,01:00,5,2,1,1.0,6.0,06004,D. 35 BIS,M,"43,6017120","7,0838196",6,2019,70.0,1.0,1.0,3.0,2266923,10.0,3,3,1,9.0,,1.0,B,1996.0,Z01,138Â 202Â 216,8.0,0.0,-1.0,1730364,1.0,7,,0.0,1.0,1.0,Z01,138Â 202Â 216,0.0
1013699,201900055230,1,1,00:30,5,2,1,9.0,6.0,02738,ROOSEVELT (BOULEVARD,M,"49,6576430","3,2998070",2,2019,50.0,2.0,2.0,4.0,2266924,1.0,1,2,1,-1.0,,-1.0, -1,1995.0,B01,138Â 202Â 213,0.0,0.0,0.0,1730365,1.0,33,,0.0,0.0,0.0,B01,138Â 202Â 213,1.0
1013699,201900055230,1,1,00:30,5,2,1,9.0,6.0,02738,ROOSEVELT (BOULEVARD,M,"49,6576430","3,2998070",2,2019,50.0,2.0,2.0,4.0,2266924,1.0,1,2,1,-1.0,,-1.0, -1,1995.0,B01,138Â 202Â 213,0.0,0.0,0.0,1730366,3.0,2,,0.0,0.0,0.0,A01,138Â 202Â 215,1.0
1013699,201900055230,1,1,00:30,5,2,1,9.0,6.0,02738,ROOSEVELT (BOULEVARD,M,"49,6576430","3,2998070",2,2019,50.0,2.0,2.0,4.0,2266925,1.0,1,3,1,0.0,,0.0,0,1997.0,A01,138Â 202Â 215,8.0,0.0,-1.0,1730365,1.0,33,,0.0,0.0,0.0,B01,138Â 202Â 213,1.0
1013699,201900055230,1,1,00:30,5,2,1,9.0,6.0,02738,ROOSEVELT (BOULEVARD,M,"49,6576430","3,2998070",2,2019,50.0,2.0,2.0,4.0,2266925,1.0,1,3,1,0.0,,0.0,0,1997.0,A01,138Â 202Â 215,8.0,0.0,-1.0,1730366,3.0,2,,0.0,0.0,0.0,A01,138Â 202Â 215,1.0
1013700,201900055231,10,27,05:05,3,1,4,1.0,7.0,10416,D25,M,"48,1957650","4,0758520",10,2019,80.0,8.0,1.0,3.0,2266926,2.0,2,3,2,5.0,,0.0,0,1974.0,A01,138Â 202Â 214,1.0,-1.0,-1.0,1730367,1.0,7,,13.0,0.0,1.0,A01,138Â 202Â 214,1.0
1013700,201900055231,10,27,05:05,3,1,4,1.0,7.0,10416,D25,M,"48,1957650","4,0758520",10,2019,80.0,8.0,1.0,3.0,2266927,1.0,1,3,1,5.0,,0.0,0,1992.0,A01,138Â 202Â 214,1.0,-1.0,-1.0,1730367,1.0,7,,13.0,0.0,1.0,A01,138Â 202Â 214,1.0
1013701,201900055232,10,27,02:10,3,1,6,1.0,6.0,07078,Rue de la RÃ©publique,M,"45,2559620","4,7188760",7,2019,80.0,8.0,1.0,3.0,2266928,1.0,1,3,1,5.0,,0.0,0,2001.0,A01,138Â 202Â 212,1.0,-1.0,-1.0,1730368,0.0,7,,6.0,0.0,1.0,A01,138Â 202Â 212,1.0
1013702,201900055233,1,3,15:20,1,1,3,1.0,5.0,01451,STRASBOURG (ROUTE DE),M,"46,2412019","5,2668505",1,2019,80.0,1.0,1.0,3.0,2266929,1.0,1,4,1,0.0,,-1.0, -1,1983.0,C01,138Â 202Â 209,1.0,0.0,-1.0,1730369,2.0,7,,0.0,2.0,1.0,C01,138Â 202Â 209,1.0
1013702,201900055233,1,3,15:20,1,1,3,1.0,5.0,01451,STRASBOURG (ROUTE DE),M,"46,2412019","5,2668505",1,2019,80.0,1.0,1.0,3.0,2266929,1.0,1,4,1,0.0,,-1.0, -1,1983.0,C01,138Â 202Â 209,1.0,0.0,-1.0,1730370,1.0,7,,0.0,2.0,4.0,B01,138Â 202Â 210,1.0
1013702,201900055233,1,3,15:20,1,1,3,1.0,5.0,01451,STRASBOURG (ROUTE DE),M,"46,2412019","5,2668505",1,2019,80.0,1.0,1.0,3.0,2266929,1.0,1,4,1,0.0,,-1.0, -1,1983.0,C01,138Â 202Â 209,1.0,0.0,-1.0,1730371,1.0,7,,0.0,2.0,1.0,A01,138Â 202Â 211,1.0
1013702,201900055233,1,3,15:20,1,1,3,1.0,5.0,01451,STRASBOURG (ROUTE DE),M,"46,2412019","5,2668505",1,2019,80.0,1.0,1.0,3.0,2266930,1.0,1,1,1,9.0,,-1.0, -1,1962.0,B01,138Â 202Â 210,1.0,8.0,-1.0,1730369,2.0,7,,0.0,2.0,1.0,C01,138Â 202Â 209,1.0
1013702,201900055233,1,3,15:20,1,1,3,1.0,5.0,01451,STRASBOURG (ROUTE DE),M,"46,2412019","5,2668505",1,2019,80.0,1.0,1.0,3.0,2266930,1.0,1,1,1,9.0,,-1.0, -1,1962.0,B01,138Â 202Â 210,1.0,8.0,-1.0,1730370,1.0,7,,0.0,2.0,4.0,B01,138Â 202Â 210,1.0
1013702,201900055233,1,3,15:20,1,1,3,1.0,5.0,01451,STRASBOURG (ROUTE DE),M,"46,2412019","5,2668505",1,2019,80.0,1.0,1.0,3.0,2266930,1.0,1,1,1,9.0,,-1.0, -1,1962.0,B01,138Â 202Â 210,1.0,8.0,-1.0,1730371,1.0,7,,0.0,2.0,1.0,A01,138Â 202Â 211,1.0
1013702,201900055233,1,3,15:20,1,1,3,1.0,5.0,01451,STRASBOURG (ROUTE DE),M,"46,2412019","5,2668505",1,2019,80.0,1.0,1.0,3.0,2266931,1.0,1,1,1,4.0,,-1.0, -1,1957.0,A01,138Â 202Â 211,1.0,8.0,-1.0,1730369,2.0,7,,0.0,2.0,1.0,C01,138Â 202Â 209,1.0
1013702,201900055233,1,3,15:20,1,1,3,1.0,5.0,01451,STRASBOURG (ROUTE DE),M,"46,2412019","5,2668505",1,2019,80.0,1.0,1.0,3.0,2266931,1.0,1,1,1,4.0,,-1.0, -1,1957.0,A01,138Â 202Â 211,1.0,8.0,-1.0,1730370,1.0,7,,0.0,2.0,4.0,B01,138Â 202Â 210,1.0
1013702,201900055233,1,3,15:20,1,1,3,1.0,5.0,01451,STRASBOURG (ROUTE DE),M,"46,2412019","5,2668505",1,2019,80.0,1.0,1.0,3.0,2266931,1.0,1,1,1,4.0,,-1.0, -1,1957.0,A01,138Â 202Â 211,1.0,8.0,-1.0,1730371,1.0,7,,0.0,2.0,1.0,A01,138Â 202Â 211,1.0