Unnamed: 0_x,num_acc,mois,jour,hrmn,lum,agg,int,atm,col,com,adr,gps,lat,long,dep,annee,vma,situ,surf,catr,Unnamed: 0_y,place,catu,grav,sexe,trajet,secu,locp,actp,an_nais,num_veh_x,id_vehicule_x,secu1,secu2,secu3,Unnamed: 0,senc,catv,occutc,obs,obsm,choc,num_veh_y,id_vehicule_y,motor
1013703,201900055234,1,1,20:30,5,2,9,2.0,7.0,01053,AVENUE AMEDEE MERCIER,M,"46,1990700","5,2571300",1,2019,50.0,1.0,2.0,3.0,2266932,1.0,1,4,1,5.0,,-1.0, -1,1995.0,A01,138Â 202Â 206,8.0,0.0,-1.0,1730372,2.0,7,,12.0,0.0,1.0,A01,138Â 202Â 206,1.0
1013704,201900055235,1,4,19:20,5,2,1,1.0,6.0,75113,PORTE D IVRY,M,"48,8198740","2,3743350",75,2019,70.0,1.0,1.0,4.0,2266933,2.0,1,4,1,1.0,,0.0,0,1982.0,A01,138Â 202Â 204,2.0,6.0,-1.0,1730373,2.0,32,,0.0,2.0,7.0,A01,138Â 202Â 204,1.0
1013704,201900055235,1,4,19:20,5,2,1,1.0,6.0,75113,PORTE D IVRY,M,"48,8198740","2,3743350",75,2019,70.0,1.0,1.0,4.0,2266933,2.0,1,4,1,1.0,,0.0,0,1982.0,A01,138Â 202Â 204,2.0,6.0,-1.0,1730374,2.0,7,,0.0,2.0,6.0,Z01,138Â 202Â 205,1.0
1013705,201900055236,10,26,19:00,2,1,3,1.0,3.0,40102,1518 Route d'Eauze,M,"43,9699280","0,0057610",40,2019,80.0,1.0,1.0,2.0,2266934,1.0,1,3,2,0.0,,0.0,0,1970.0,B01,138Â 202Â 207,2.0,6.0,-1.0,1730375,2.0,31,,0.0,2.0,1.0,B01,138Â 202Â 207,1.0
1013705,201900055236,10,26,19:00,2,1,3,1.0,3.0,40102,1518 Route d'Eauze,M,"43,9699280","0,0057610",40,2019,80.0,1.0,1.0,2.0,2266934,1.0,1,3,2,0.0,,0.0,0,1970.0,B01,138Â 202Â 207,2.0,6.0,-1.0,1730376,2.0,7,,0.0,2.0,6.0,A01,138Â 202Â 208,1.0
1013705,201900055236,10,26,19:00,2,1,3,1.0,3.0,40102,1518 Route d'Eauze,M,"43,9699280","0,0057610",40,2019,80.0,1.0,1.0,2.0,2266935,7.0,2,1,2,9.0,,0.0,0,2016.0,A01,138Â 202Â 208,1.0,3.0,-1.0,1730375,2.0,31,,0.0,2.0,1.0,B01,138Â 202Â 207,1.0
1013705,201900055236,10,26,19:00,2,1,3,1.0,3.0,40102,1518 Route d'Eauze,M,"43,9699280","0,0057610",40,2019,80.0,1.0,1.0,2.0,2266935,7.0,2,1,2,9.0,,0.0,0,2016.0,A01,138Â 202Â 208,1.0,3.0,-1.0,1730376,2.0,7,,0.0,2.0,6.0,A01,138Â 202Â 208,1.0
1013705,201900055236,10,26,19:00,2,1,3,1.0,3.0,40102,1518 Route d'Eauze,M,"43,9699280","0,0057610",40,2019,80.0,1.0,1.0,2.0,2266936,2.0,2,1,2,9.0,,0.0,0,1991.0,A01,138Â 202Â 208,1.0,-1.0,-1.0,1730375,2.0,31,,0.0,2.0,1.0,B01,138Â 202Â 207,1.0
1013705,201900055236,10,26,19:00,2,1,3,1.0,3.0,40102,1518 Route d'Eauze,M,"43,9699280","0,0057610",40,2019,80.0,1.0,1.0,2.0,2266936,2.0,2,1,2,9.0,,0.0,0,1991.0,A01,138Â 202Â 208,1.0,-1.0,-1.0,1730376,2.0,7,,0.0,2.0,6.0,A01,138Â 202Â 208,1.0
1013705,201900055236,10,26,19:00,2,1,3,1.0,3.0,40102,1518 Route d'Eauze,M,"43,9699280","0,0057610",40,2019,80.0,1.0,1.0,2.0,2266937,1.0,1,1,1,9.0,,0.0,0,1986.0,A01,138Â 202Â 208,1.0,-1.0,-1.0,1730375,2.0,31,,0.0,2.0,1.0,B01,138Â 202Â 207,1.0
1013705,201900055236,10,26,19:00,2,1,3,1.0,3.0,40102,1518 Route d'Eauze,M,"43,9699280","0,0057610",40,2019,80.0,1.0,1.0,2.0,2266937,1.0,1,1,1,9.0,,0.0,0,1986.0,A01,138Â 202Â 208,1.0,-1.0,-1.0,1730376,2.0,7,,0.0,2.0,6.0,A01,138Â 202Â 208,1.0
1013706,201900055237,1,4,18:00,2,2,1,1.0,5.0,75115,PORTE DE SEVRES,M,"48,8323730","2,2805420",75,2019,70.0,1.0,1.0,4.0,2266938,1.0,1,1,1,5.0,,0.0,0,1974.0,C01,138Â 202Â 201,1.0,0.0,-1.0,1730377,2.0,10,,0.0,2.0,5.0,C01,138Â 202Â 201,1.0
1013706,201900055237,1,4,18:00,2,2,1,1.0,5.0,75115,PORTE DE SEVRES,M,"48,8323730","2,2805420",75,2019,70.0,1.0,1.0,4.0,2266938,1.0,1,1,1,5.0,,0.0,0,1974.0,C01,138Â 202Â 201,1.0,0.0,-1.0,1730378,2.0,7,,0.0,2.0,7.0,B01,138Â 202Â 202,1.0
1013706,201900055237,1,4,18:00,2,2,1,1.0,5.0,75115,PORTE DE SEVRES,M,"48,8323730","2,2805420",75,2019,70.0,1.0,1.0,4.0,2266938,1.0,1,1,1,5.0,,0.0,0,1974.0,C01,138Â 202Â 201,1.0,0.0,-1.0,1730379,2.0,43,,0.0,2.0,8.0,A01,138Â 202Â 203,1.0
1013706,201900055237,1,4,18:00,2,2,1,1.0,5.0,75115,PORTE DE SEVRES,M,"48,8323730","2,2805420",75,2019,70.0,1.0,1.0,4.0,2266939,1.0,1,1,1,5.0,,0.0,0,1989.0,B01,138Â 202Â 202,1.0,0.0,-1.0,1730377,2.0,10,,0.0,2.0,5.0,C01,138Â 202Â 201,1.0
1013706,201900055237,1,4,18:00,2,2,1,1.0,5.0,75115,PORTE DE SEVRES,M,"48,8323730","2,2805420",75,2019,70.0,1.0,1.0,4.0,2266939,1.0,1,1,1,5.0,,0.0,0,1989.0,B01,138Â 202Â 202,1.0,0.0,-1.0,1730378,2.0,7,,0.0,2.0,7.0,B01,138Â 202Â 202,1.0
1013706,201900055237,1,4,18:00,2,2,1,1.0,5.0,75115,PORTE DE SEVRES,M,"48,8323730","2,2805420",75,2019,70.0,1.0,1.0,4.0,2266939,1.0,1,1,1,5.0,,0.0,0,1989.0,B01,138Â 202Â 202,1.0,0.0,-1.0,1730379,2.0,43,,0.0,2.0,8.0,A01,138Â 202Â 203,1.0
1013706,201900055237,1,4,18:00,2,2,1,1.0,5.0,75115,PORTE DE SEVRES,M,"48,8323730","2,2805420",75,2019,70.0,1.0,1.0,4.0,2266940,1.0,1,4,1,1.0,,0.0,0,1980.0,A01,138Â 202Â 203,2.0,6.0,-1.0,1730377,2.0,10,,0.0,2.0,5.0,C01,138Â 202Â 201,1.0
1013706,201900055237,1,4,18:00,2,2,1,1.0,5.0,75115,PORTE DE SEVRES,M,"48,8323730","2,2805420",75,2019,70.0,1.0,1.0,4.0,2266940,1.0,1,4,1,1.0,,0.0,0,1980.0,A01,138Â 202Â 203,2.0,6.0,-1.0,1730378,2.0,7,,0.0,2.0,7.0,B01,138Â 202Â 202,1.0
1013706,201900055237,1,4,18:00,2,2,1,1.0,5.0,75115,PORTE DE SEVRES,M,"48,8323730","2,2805420",75,2019,70.0,1.0,1.0,4.0,2266940,1.0,1,4,1,1.0,,0.0,0,1980.0,A01,138Â 202Â 203,2.0,6.0,-1.0,1730379,2.0,43,,0.0,2.0,8.0,A01,138Â 202Â 203,1.0
1013707,201900055238,10,26,19:15,3,1,1,1.0,7.0,27198,Lieu Dit la Frileuse,M,"48,8451540","1,0383390",27,2019,80.0,1.0,9.0,4.0,2266941,1.0,1,4,1,5.0,,0.0,0,2000.0,A01,138Â 202Â 200,2.0,6.0,-1.0,1730380,3.0,33,,0.0,0.0,0.0,A01,138Â 202Â 200,1.0
1013708,201900055239,10,20,01:10,3,1,1,2.0,6.0,27181,C14,M,"48,7959180","1,2575090",27,2019,80.0,3.0,2.0,4.0,2266942,1.0,1,3,2,1.0,,0.0,0,1997.0,A01,138Â 202Â 198,0.0,-1.0,-1.0,1730381,3.0,7,,2.0,0.0,3.0,A01,138Â 202Â 198,1.0
1013709,201900055240,1,4,00:20,5,2,2,1.0,3.0,75109,RUE LA FAYETTE,M,"48,8750700","2,3409830",75,2019,50.0,1.0,1.0,4.0,2266943,1.0,1,1,1,0.0,,0.0,0,1991.0,B01,138Â 202Â 197,1.0,0.0,-1.0,1730382,1.0,7,,0.0,2.0,2.0,B01,138Â 202Â 197,1.0
1013709,201900055240,1,4,00:20,5,2,2,1.0,3.0,75109,RUE LA FAYETTE,M,"48,8750700","2,3409830",75,2019,50.0,1.0,1.0,4.0,2266943,1.0,1,1,1,0.0,,0.0,0,1991.0,B01,138Â 202Â 197,1.0,0.0,-1.0,1730383,1.0,33,,0.0,2.0,8.0,A01,138Â 202Â 199,1.0
1013709,201900055240,1,4,00:20,5,2,2,1.0,3.0,75109,RUE LA FAYETTE,M,"48,8750700","2,3409830",75,2019,50.0,1.0,1.0,4.0,2266944,1.0,1,3,1,5.0,,0.0,0,1984.0,A01,138Â 202Â 199,2.0,6.0,-1.0,1730382,1.0,7,,0.0,2.0,2.0,B01,138Â 202Â 197,1.0
1013709,201900055240,1,4,00:20,5,2,2,1.0,3.0,75109,RUE LA FAYETTE,M,"48,8750700","2,3409830",75,2019,50.0,1.0,1.0,4.0,2266944,1.0,1,3,1,5.0,,0.0,0,1984.0,A01,138Â 202Â 199,2.0,6.0,-1.0,1730383,1.0,33,,0.0,2.0,8.0,A01,138Â 202Â 199,1.0
1013710,201900055241,10,26,21:00,3,1,1,1.0,6.0,08491,D334,M,"49,7231710","4,8531740",8,2019,80.0,3.0,1.0,3.0,2266945,2.0,2,3,1,5.0,,0.0,0,1999.0,A01,138Â 202Â 195,1.0,-1.0,-1.0,1730384,1.0,7,,6.0,0.0,3.0,A01,138Â 202Â 195,1.0
1013710,201900055241,10,26,21:00,3,1,1,1.0,6.0,08491,D334,M,"49,7231710","4,8531740",8,2019,80.0,3.0,1.0,3.0,2266946,2.0,2,1,1,5.0,,0.0,0,1998.0,A01,138Â 202Â 195,1.0,-1.0,-1.0,1730384,1.0,7,,6.0,0.0,3.0,A01,138Â 202Â 195,1.0
1013710,201900055241,10,26,21:00,3,1,1,1.0,6.0,08491,D334,M,"49,7231710","4,8531740",8,2019,80.0,3.0,1.0,3.0,2266947,1.0,1,4,1,5.0,,0.0,0,1988.0,A01,138Â 202Â 195,1.0,-1.0,-1.0,1730384,1.0,7,,6.0,0.0,3.0,A01,138Â 202Â 195,1.0
1013711,201900055242,1,2,17:30,5,2,2,1.0,3.0,75105,QUAI DES GRANDS AUGUSTINS,M,"48,8537810","2,3443210",75,2019,50.0,1.0,1.0,4.0,2266948,1.0,1,1,1,5.0,,0.0,0,1983.0,A01,138Â 202Â 194,1.0,0.0,-1.0,1730385,1.0,7,,0.0,2.0,2.0,A01,138Â 202Â 194,1.0
1013711,201900055242,1,2,17:30,5,2,2,1.0,3.0,75105,QUAI DES GRANDS AUGUSTINS,M,"48,8537810","2,3443210",75,2019,50.0,1.0,1.0,4.0,2266948,1.0,1,1,1,5.0,,0.0,0,1983.0,A01,138Â 202Â 194,1.0,0.0,-1.0,1730386,1.0,1,,0.0,2.0,6.0,B01,138Â 202Â 196,5.0
1013711,201900055242,1,2,17:30,5,2,2,1.0,3.0,75105,QUAI DES GRANDS AUGUSTINS,M,"48,8537810","2,3443210",75,2019,50.0,1.0,1.0,4.0,2266949,1.0,1,4,2,5.0,,-1.0, -1,2004.0,B01,138Â 202Â 196,2.0,0.0,-1.0,1730385,1.0,7,,0.0,2.0,2.0,A01,138Â 202Â 194,1.0
1013711,201900055242,1,2,17:30,5,2,2,1.0,3.0,75105,QUAI DES GRANDS AUGUSTINS,M,"48,8537810","2,3443210",75,2019,50.0,1.0,1.0,4.0,2266949,1.0,1,4,2,5.0,,-1.0, -1,2004.0,B01,138Â 202Â 196,2.0,0.0,-1.0,1730386,1.0,1,,0.0,2.0,6.0,B01,138Â 202Â 196,5.0
1013712,201900055243,10,25,17:15,1,1,3,1.0,3.0,88299,D166,M,"48,3077390","5,9820730",88,2019,80.0,1.0,1.0,3.0,2266950,1.0,1,4,1,5.0,,0.0,0,1998.0,B01,138Â 202Â 192,1.0,-1.0,-1.0,1730387,2.0,7,,0.0,2.0,8.0,B01,138Â 202Â 192,1.0
1013712,201900055243,10,25,17:15,1,1,3,1.0,3.0,88299,D166,M,"48,3077390","5,9820730",88,2019,80.0,1.0,1.0,3.0,2266950,1.0,1,4,1,5.0,,0.0,0,1998.0,B01,138Â 202Â 192,1.0,-1.0,-1.0,1730388,2.0,33,,0.0,2.0,1.0,A01,138Â 202Â 193,1.0
1013712,201900055243,10,25,17:15,1,1,3,1.0,3.0,88299,D166,M,"48,3077390","5,9820730",88,2019,80.0,1.0,1.0,3.0,2266951,1.0,1,3,1,5.0,,0.0,0,1962.0,A01,138Â 202Â 193,2.0,-1.0,-1.0,1730387,2.0,7,,0.0,2.0,8.0,B01,138Â 202Â 192,1.0
1013712,201900055243,10,25,17:15,1,1,3,1.0,3.0,88299,D166,M,"48,3077390","5,9820730",88,2019,80.0,1.0,1.0,3.0,2266951,1.0,1,3,1,5.0,,0.0,0,1962.0,A01,138Â 202Â 193,2.0,-1.0,-1.0,1730388,2.0,33,,0.0,2.0,1.0,A01,138Â 202Â 193,1.0
1013713,201900055244,9,29,16:00,1,2,3,2.0,3.0,24226,cd936- rue de la tour,M,"44,8517520","0,0299280",24,2019,50.0,1.0,2.0,3.0,2266952,1.0,1,1,2,5.0,,0.0,0,1980.0,A01,138Â 202Â 190,1.0,-1.0,-1.0,1730389,2.0,7,,0.0,2.0,2.0,A01,138Â 202Â 190,6.0
1013713,201900055244,9,29,16:00,1,2,3,2.0,3.0,24226,cd936- rue de la tour,M,"44,8517520","0,0299280",24,2019,50.0,1.0,2.0,3.0,2266952,1.0,1,1,2,5.0,,0.0,0,1980.0,A01,138Â 202Â 190,1.0,-1.0,-1.0,1730390,1.0,31,,0.0,2.0,1.0,B01,138Â 202Â 191,6.0
1013713,201900055244,9,29,16:00,1,2,3,2.0,3.0,24226,cd936- rue de la tour,M,"44,8517520","0,0299280",24,2019,50.0,1.0,2.0,3.0,2266953,1.0,1,3,1,5.0,,0.0,0,1978.0,B01,138Â 202Â 191,2.0,6.0,-1.0,1730389,2.0,7,,0.0,2.0,2.0,A01,138Â 202Â 190,6.0
1013713,201900055244,9,29,16:00,1,2,3,2.0,3.0,24226,cd936- rue de la tour,M,"44,8517520","0,0299280",24,2019,50.0,1.0,2.0,3.0,2266953,1.0,1,3,1,5.0,,0.0,0,1978.0,B01,138Â 202Â 191,2.0,6.0,-1.0,1730390,1.0,31,,0.0,2.0,1.0,B01,138Â 202Â 191,6.0
1013714,201900055245,1,2,18:05,5,2,2,1.0,6.0,75106,BOULEVARD RASPAIL,M,"48,8481340","2,3279360",75,2019,50.0,1.0,1.0,4.0,2266954,10.0,3,4,2,5.0,,4.0,3,2003.0,A01,138Â 202Â 189,8.0,0.0,-1.0,1730391,2.0,7,,0.0,1.0,1.0,A01,138Â 202Â 189,1.0
1013714,201900055245,1,2,18:05,5,2,2,1.0,6.0,75106,BOULEVARD RASPAIL,M,"48,8481340","2,3279360",75,2019,50.0,1.0,1.0,4.0,2266955,1.0,1,1,1,4.0,,0.0,0,1963.0,A01,138Â 202Â 189,1.0,0.0,-1.0,1730391,2.0,7,,0.0,1.0,1.0,A01,138Â 202Â 189,1.0
1013714,201900055245,1,2,18:05,5,2,2,1.0,6.0,75106,BOULEVARD RASPAIL,M,"48,8481340","2,3279360",75,2019,50.0,1.0,1.0,4.0,2266956,10.0,3,4,2,5.0,,4.0,3,1972.0,A01,138Â 202Â 189,8.0,0.0,-1.0,1730391,2.0,7,,0.0,1.0,1.0,A01,138Â 202Â 189,1.0
1013715,201900055246,10,26,17:45,1,1,1,1.0,6.0,31296,A64,M,"43,1203850","0,8955810",31,2019,70.0,1.0,1.0,1.0,2266957,2.0,2,2,2,5.0,,0.0,0,1952.0,A01,138Â 202Â 188,1.0,-1.0,-1.0,1730392,1.0,7,,10.0,0.0,3.0,A01,138Â 202Â 188,1.0
1013715,201900055246,10,26,17:45,1,1,1,1.0,6.0,31296,A64,M,"43,1203850","0,8955810",31,2019,70.0,1.0,1.0,1.0,2266958,1.0,1,2,1,5.0,,0.0,0,1951.0,A01,138Â 202Â 188,0.0,-1.0,-1.0,1730392,1.0,7,,10.0,0.0,3.0,A01,138Â 202Â 188,1.0
1013716,201900055247,1,5,09:05,1,2,2,1.0,7.0,75120,RUE DES COURONNES,M,"48,8696550","2,3821760",75,2019,30.0,1.0,1.0,4.0,2266959,1.0,1,4,1,5.0,,0.0,0,1958.0,A01,138Â 202Â 187,2.0,0.0,-1.0,1730393,2.0,1,,0.0,0.0,0.0,A01,138Â 202Â 187,5.0
1013717,201900055248,9,30,15:55,1,2,2,1.0,3.0,97415,20 Rue Jean Bernard Rousseau,M," -21,0041490","55,2786580",974,2019,50.0,1.0,1.0,4.0,2266960,1.0,1,1,1,0.0,,0.0,0,1998.0,B01,138Â 202Â 184,2.0,-1.0,-1.0,1730394,2.0,31,,0.0,2.0,1.0,B01,138Â 202Â 184,1.0
1013717,201900055248,9,30,15:55,1,2,2,1.0,3.0,97415,20 Rue Jean Bernard Rousseau,M," -21,0041490","55,2786580",974,2019,50.0,1.0,1.0,4.0,2266960,1.0,1,1,1,0.0,,0.0,0,1998.0,B01,138Â 202Â 184,2.0,-1.0,-1.0,1730395,2.0,7,,0.0,0.0,8.0,A01,138Â 202Â 186,1.0
1013717,201900055248,9,30,15:55,1,2,2,1.0,3.0,97415,20 Rue Jean Bernard Rousseau,M," -21,0041490","55,2786580",974,2019,50.0,1.0,1.0,4.0,2266961,2.0,2,3,2,0.0,,0.0,0,2000.0,B01,138Â 202Â 184,2.0,-1.0,-1.0,1730394,2.0,31,,0.0,2.0,1.0,B01,138Â 202Â 184,1.0
1013717,201900055248,9,30,15:55,1,2,2,1.0,3.0,97415,20 Rue Jean Bernard Rousseau,M," -21,0041490","55,2786580",974,2019,50.0,1.0,1.0,4.0,2266961,2.0,2,3,2,0.0,,0.0,0,2000.0,B01,138Â 202Â 184,2.0,-1.0,-1.0,1730395,2.0,7,,0.0,0.0,8.0,A01,138Â 202Â 186,1.0
1013717,201900055248,9,30,15:55,1,2,2,1.0,3.0,97415,20 Rue Jean Bernard Rousseau,M," -21,0041490","55,2786580",974,2019,50.0,1.0,1.0,4.0,2266962,1.0,1,1,1,4.0,,0.0,0,1970.0,A01,138Â 202Â 186,1.0,-1.0,-1.0,1730394,2.0,31,,0.0,2.0,1.0,B01,138Â 202Â 184,1.0
1013717,201900055248,9,30,15:55,1,2,2,1.0,3.0,97415,20 Rue Jean Bernard Rousseau,M," -21,0041490","55,2786580",974,2019,50.0,1.0,1.0,4.0,2266962,1.0,1,1,1,4.0,,0.0,0,1970.0,A01,138Â 202Â 186,1.0,-1.0,-1.0,1730395,2.0,7,,0.0,0.0,8.0,A01,138Â 202Â 186,1.0
1013718,201900055249,1,5,08:50,1,2,3,8.0,3.0,75120,AVENUE GAMBETTA,M,"48,8637970","2,3910920",75,2019,50.0,1.0,1.0,4.0,2266963,1.0,1,1,2,4.0,,0.0,0,1982.0,A01,138Â 202Â 183,1.0,0.0,-1.0,1730396,1.0,7,,0.0,2.0,2.0,A01,138Â 202Â 183,1.0
1013718,201900055249,1,5,08:50,1,2,3,8.0,3.0,75120,AVENUE GAMBETTA,M,"48,8637970","2,3910920",75,2019,50.0,1.0,1.0,4.0,2266963,1.0,1,1,2,4.0,,0.0,0,1982.0,A01,138Â 202Â 183,1.0,0.0,-1.0,1730397,2.0,33,,0.0,2.0,1.0,B01,138Â 202Â 185,1.0
1013718,201900055249,1,5,08:50,1,2,3,8.0,3.0,75120,AVENUE GAMBETTA,M,"48,8637970","2,3910920",75,2019,50.0,1.0,1.0,4.0,2266964,1.0,1,4,1,1.0,,-1.0,0,1993.0,B01,138Â 202Â 185,2.0,6.0,-1.0,1730396,1.0,7,,0.0,2.0,2.0,A01,138Â 202Â 183,1.0
1013718,201900055249,1,5,08:50,1,2,3,8.0,3.0,75120,AVENUE GAMBETTA,M,"48,8637970","2,3910920",75,2019,50.0,1.0,1.0,4.0,2266964,1.0,1,4,1,1.0,,-1.0,0,1993.0,B01,138Â 202Â 185,2.0,6.0,-1.0,1730397,2.0,33,,0.0,2.0,1.0,B01,138Â 202Â 185,1.0
1013719,201900055250,10,27,12:40,1,1,1,1.0,6.0,38433,Route des 4 Montagnes,M,"45,1660300","5,6247300",38,2019,80.0,3.0,1.0,3.0,2266965,1.0,1,2,1,0.0,,0.0,0,1962.0,A01,138Â 202Â 182,2.0,4.0,9.0,1730398,2.0,33,,2.0,0.0,0.0,A01,138Â 202Â 182,1.0
1013720,201900055251,1,3,19:43,5,2,2,1.0,6.0,75120,RUE LOUIS LUMIERE,M,"48,8626650","2,4109820",75,2019,50.0,1.0,1.0,4.0,2266966,1.0,1,4,1,5.0,,0.0,0,1996.0,A01,138Â 202Â 181,2.0,0.0,-1.0,1730399,1.0,7,,0.0,2.0,1.0,Z01,138Â 202Â 180,1.0
1013720,201900055251,1,3,19:43,5,2,2,1.0,6.0,75120,RUE LOUIS LUMIERE,M,"48,8626650","2,4109820",75,2019,50.0,1.0,1.0,4.0,2266966,1.0,1,4,1,5.0,,0.0,0,1996.0,A01,138Â 202Â 181,2.0,0.0,-1.0,1730400,2.0,1,,0.0,2.0,1.0,A01,138Â 202Â 181,5.0
1013721,201900055252,10,27,00:40,3,1,1,1.0,7.0,51636,A4,M,"49,1379661","4,2177984",51,2019,130.0,1.0,1.0,1.0,2266967,10.0,3,3,1,5.0,,8.0,3,1996.0,A01,138Â 202Â 179,0.0,-1.0,-1.0,1730401,1.0,7,,0.0,1.0,1.0,A01,138Â 202Â 179,1.0
1013721,201900055252,10,27,00:40,3,1,1,1.0,7.0,51636,A4,M,"49,1379661","4,2177984",51,2019,130.0,1.0,1.0,1.0,2266968,1.0,1,1,2,5.0,,0.0,0,1976.0,A01,138Â 202Â 179,1.0,-1.0,-1.0,1730401,1.0,7,,0.0,1.0,1.0,A01,138Â 202Â 179,1.0
1013722,201900055253,1,1,21:00,5,2,3,2.0,3.0,75120,RUE DE MENILMONTANT,M,"48,8691120","2,3914480",75,2019,50.0,1.0,2.0,4.0,2266969,1.0,1,4,1,1.0,,-1.0, -1,1999.0,B01,138Â 202Â 178,2.0,6.0,-1.0,1730402,3.0,7,,0.0,2.0,3.0,A01,138Â 202Â 177,1.0
1013722,201900055253,1,1,21:00,5,2,3,2.0,3.0,75120,RUE DE MENILMONTANT,M,"48,8691120","2,3914480",75,2019,50.0,1.0,2.0,4.0,2266969,1.0,1,4,1,1.0,,-1.0, -1,1999.0,B01,138Â 202Â 178,2.0,6.0,-1.0,1730403,2.0,2,,0.0,2.0,1.0,B01,138Â 202Â 178,1.0
1013723,201900055254,10,27,04:00,5,1,6,1.0,5.0,69043,Route de Brignais,M,"45,6987500","4,7664600",69,2019,70.0,1.0,1.0,3.0,2266970,2.0,2,3,1,5.0,,0.0,0,2001.0,A01,138Â 202Â 176,8.0,-1.0,-1.0,1730404,0.0,20,,0.0,0.0,8.0,C01,138Â 202Â 174,3.0
1013723,201900055254,10,27,04:00,5,1,6,1.0,5.0,69043,Route de Brignais,M,"45,6987500","4,7664600",69,2019,70.0,1.0,1.0,3.0,2266970,2.0,2,3,1,5.0,,0.0,0,2001.0,A01,138Â 202Â 176,8.0,-1.0,-1.0,1730405,0.0,20,,0.0,0.0,8.0,B01,138Â 202Â 175,3.0
1013723,201900055254,10,27,04:00,5,1,6,1.0,5.0,69043,Route de Brignais,M,"45,6987500","4,7664600",69,2019,70.0,1.0,1.0,3.0,2266970,2.0,2,3,1,5.0,,0.0,0,2001.0,A01,138Â 202Â 176,8.0,-1.0,-1.0,1730406,1.0,7,,16.0,0.0,1.0,A01,138Â 202Â 176,1.0
1013723,201900055254,10,27,04:00,5,1,6,1.0,5.0,69043,Route de Brignais,M,"45,6987500","4,7664600",69,2019,70.0,1.0,1.0,3.0,2266971,8.0,2,3,1,5.0,,0.0,0,1992.0,A01,138Â 202Â 176,1.0,-1.0,-1.0,1730404,0.0,20,,0.0,0.0,8.0,C01,138Â 202Â 174,3.0
1013723,201900055254,10,27,04:00,5,1,6,1.0,5.0,69043,Route de Brignais,M,"45,6987500","4,7664600",69,2019,70.0,1.0,1.0,3.0,2266971,8.0,2,3,1,5.0,,0.0,0,1992.0,A01,138Â 202Â 176,1.0,-1.0,-1.0,1730405,0.0,20,,0.0,0.0,8.0,B01,138Â 202Â 175,3.0
1013723,201900055254,10,27,04:00,5,1,6,1.0,5.0,69043,Route de Brignais,M,"45,6987500","4,7664600",69,2019,70.0,1.0,1.0,3.0,2266971,8.0,2,3,1,5.0,,0.0,0,1992.0,A01,138Â 202Â 176,1.0,-1.0,-1.0,1730406,1.0,7,,16.0,0.0,1.0,A01,138Â 202Â 176,1.0
1013723,201900055254,10,27,04:00,5,1,6,1.0,5.0,69043,Route de Brignais,M,"45,6987500","4,7664600",69,2019,70.0,1.0,1.0,3.0,2266972,9.0,2,3,1,5.0,,0.0,0,1999.0,A01,138Â 202Â 176,8.0,-1.0,-1.0,1730404,0.0,20,,0.0,0.0,8.0,C01,138Â 202Â 174,3.0
1013723,201900055254,10,27,04:00,5,1,6,1.0,5.0,69043,Route de Brignais,M,"45,6987500","4,7664600",69,2019,70.0,1.0,1.0,3.0,2266972,9.0,2,3,1,5.0,,0.0,0,1999.0,A01,138Â 202Â 176,8.0,-1.0,-1.0,1730405,0.0,20,,0.0,0.0,8.0,B01,138Â 202Â 175,3.0
1013723,201900055254,10,27,04:00,5,1,6,1.0,5.0,69043,Route de Brignais,M,"45,6987500","4,7664600",69,2019,70.0,1.0,1.0,3.0,2266972,9.0,2,3,1,5.0,,0.0,0,1999.0,A01,138Â 202Â 176,8.0,-1.0,-1.0,1730406,1.0,7,,16.0,0.0,1.0,A01,138Â 202Â 176,1.0
1013723,201900055254,10,27,04:00,5,1,6,1.0,5.0,69043,Route de Brignais,M,"45,6987500","4,7664600",69,2019,70.0,1.0,1.0,3.0,2266973,7.0,2,3,1,5.0,,0.0,0,1997.0,A01,138Â 202Â 176,8.0,-1.0,-1.0,1730404,0.0,20,,0.0,0.0,8.0,C01,138Â 202Â 174,3.0
1013723,201900055254,10,27,04:00,5,1,6,1.0,5.0,69043,Route de Brignais,M,"45,6987500","4,7664600",69,2019,70.0,1.0,1.0,3.0,2266973,7.0,2,3,1,5.0,,0.0,0,1997.0,A01,138Â 202Â 176,8.0,-1.0,-1.0,1730405,0.0,20,,0.0,0.0,8.0,B01,138Â 202Â 175,3.0
1013723,201900055254,10,27,04:00,5,1,6,1.0,5.0,69043,Route de Brignais,M,"45,6987500","4,7664600",69,2019,70.0,1.0,1.0,3.0,2266973,7.0,2,3,1,5.0,,0.0,0,1997.0,A01,138Â 202Â 176,8.0,-1.0,-1.0,1730406,1.0,7,,16.0,0.0,1.0,A01,138Â 202Â 176,1.0
1013723,201900055254,10,27,04:00,5,1,6,1.0,5.0,69043,Route de Brignais,M,"45,6987500","4,7664600",69,2019,70.0,1.0,1.0,3.0,2266974,1.0,1,3,1,5.0,,0.0,0,1996.0,A01,138Â 202Â 176,8.0,-1.0,-1.0,1730404,0.0,20,,0.0,0.0,8.0,C01,138Â 202Â 174,3.0
1013723,201900055254,10,27,04:00,5,1,6,1.0,5.0,69043,Route de Brignais,M,"45,6987500","4,7664600",69,2019,70.0,1.0,1.0,3.0,2266974,1.0,1,3,1,5.0,,0.0,0,1996.0,A01,138Â 202Â 176,8.0,-1.0,-1.0,1730405,0.0,20,,0.0,0.0,8.0,B01,138Â 202Â 175,3.0