Unnamed: 0_x,num_acc,mois,jour,hrmn,lum,agg,int,atm,col,com,adr,gps,lat,long,dep,annee,vma,situ,surf,catr,Unnamed: 0_y,place,catu,grav,sexe,trajet,secu,locp,actp,an_nais,num_veh_x,id_vehicule_x,secu1,secu2,secu3,Unnamed: 0,senc,catv,occutc,obs,obsm,choc,num_veh_y,id_vehicule_y,motor
1013723,201900055254,10,27,04:00,5,1,6,1.0,5.0,69043,Route de Brignais,M,"45,6987500","4,7664600",69,2019,70.0,1.0,1.0,3.0,2266974,1.0,1,3,1,5.0,,0.0,0,1996.0,A01,138Â 202Â 176,8.0,-1.0,-1.0,1730406,1.0,7,,16.0,0.0,1.0,A01,138Â 202Â 176,1.0
1013724,201900055255,1,1,02:40,5,2,7,2.0,6.0,75120,PLACE DE LA PORTE DE BAGNOLET,M,"48,8645440","2,4090060",75,2019,50.0,1.0,2.0,4.0,2266975,10.0,3,4,1,5.0,,2.0,3,2001.0,A01,138Â 202Â 173,8.0,0.0,-1.0,1730407,2.0,7,,0.0,1.0,1.0,A01,138Â 202Â 173,1.0
1013724,201900055255,1,1,02:40,5,2,7,2.0,6.0,75120,PLACE DE LA PORTE DE BAGNOLET,M,"48,8645440","2,4090060",75,2019,50.0,1.0,2.0,4.0,2266976,1.0,1,1,1,5.0,,0.0,0,1991.0,A01,138Â 202Â 173,1.0,0.0,-1.0,1730407,2.0,7,,0.0,1.0,1.0,A01,138Â 202Â 173,1.0
1013725,201900055256,8,13,19:00,3,2,1,1.0,6.0,98729,Pk 2+5 - Teavaro - RT91,M," -17,5331890"," -149,8386110",987,2019,-1.0,1.0,1.0,2.0,2266977,10.0,3,2,1,0.0,,2.0,1,1946.0,A01,138Â 202Â 172,0.0,-1.0,-1.0,1730408,1.0,7,,14.0,1.0,1.0,A01,138Â 202Â 172,1.0
1013725,201900055256,8,13,19:00,3,2,1,1.0,6.0,98729,Pk 2+5 - Teavaro - RT91,M," -17,5331890"," -149,8386110",987,2019,-1.0,1.0,1.0,2.0,2266978,1.0,1,1,1,1.0,,0.0,0,1971.0,A01,138Â 202Â 172,8.0,-1.0,-1.0,1730408,1.0,7,,14.0,1.0,1.0,A01,138Â 202Â 172,1.0
1013726,201900055257,10,27,10:15,1,1,1,1.0,6.0,98803,R.T.3,M," -21,5176500","165,4732800",988,2019,90.0,3.0,1.0,2.0,2266979,2.0,2,3,1,5.0,,0.0,0,1976.0,A01,138Â 202Â 169,1.0,-1.0,-1.0,1730409,2.0,7,,2.0,0.0,1.0,A01,138Â 202Â 169,1.0
1013726,201900055257,10,27,10:15,1,1,1,1.0,6.0,98803,R.T.3,M," -21,5176500","165,4732800",988,2019,90.0,3.0,1.0,2.0,2266980,1.0,1,4,1,5.0,,0.0,0,1997.0,A01,138Â 202Â 169,1.0,-1.0,-1.0,1730409,2.0,7,,2.0,0.0,1.0,A01,138Â 202Â 169,1.0
1013726,201900055257,10,27,10:15,1,1,1,1.0,6.0,98803,R.T.3,M," -21,5176500","165,4732800",988,2019,90.0,3.0,1.0,2.0,2266981,9.0,2,4,1,5.0,,0.0,0,1982.0,A01,138Â 202Â 169,1.0,-1.0,-1.0,1730409,2.0,7,,2.0,0.0,1.0,A01,138Â 202Â 169,1.0
1013727,201900055258,1,4,09:30,1,2,2,1.0,3.0,75119,RUE DE BELLEVILLE,M,"48,8752490","2,3952570",75,2019,50.0,1.0,1.0,4.0,2266982,1.0,1,1,1,5.0,,0.0,0,1996.0,A01,138Â 202Â 170,1.0,0.0,-1.0,1730410,2.0,7,,0.0,2.0,3.0,A01,138Â 202Â 170,1.0
1013727,201900055258,1,4,09:30,1,2,2,1.0,3.0,75119,RUE DE BELLEVILLE,M,"48,8752490","2,3952570",75,2019,50.0,1.0,1.0,4.0,2266982,1.0,1,1,1,5.0,,0.0,0,1996.0,A01,138Â 202Â 170,1.0,0.0,-1.0,1730411,2.0,32,,0.0,2.0,1.0,B01,138Â 202Â 171,1.0
1013727,201900055258,1,4,09:30,1,2,2,1.0,3.0,75119,RUE DE BELLEVILLE,M,"48,8752490","2,3952570",75,2019,50.0,1.0,1.0,4.0,2266983,1.0,1,4,2,1.0,,0.0,0,1967.0,B01,138Â 202Â 171,2.0,6.0,-1.0,1730410,2.0,7,,0.0,2.0,3.0,A01,138Â 202Â 170,1.0
1013727,201900055258,1,4,09:30,1,2,2,1.0,3.0,75119,RUE DE BELLEVILLE,M,"48,8752490","2,3952570",75,2019,50.0,1.0,1.0,4.0,2266983,1.0,1,4,2,1.0,,0.0,0,1967.0,B01,138Â 202Â 171,2.0,6.0,-1.0,1730411,2.0,32,,0.0,2.0,1.0,B01,138Â 202Â 171,1.0
1013728,201900055259,10,26,23:20,3,1,1,1.0,6.0,37079,La Hardonnerie,M,"47,3182250","1,0263770",37,2019,80.0,3.0,1.0,3.0,2266984,1.0,1,2,1,0.0,,0.0,0,1981.0,A01,138Â 202Â 168,1.0,-1.0,-1.0,1730412,2.0,7,,13.0,0.0,1.0,A01,138Â 202Â 168,0.0
1013729,201900055260,10,26,23:04,3,1,1,1.0,6.0,91630,D132,M,"48,5811570","2,0912700",91,2019,80.0,3.0,2.0,3.0,2266985,1.0,1,2,1,5.0,,0.0,0,1996.0,A01,138Â 202Â 167,0.0,-1.0,-1.0,1730413,1.0,10,,13.0,0.0,1.0,A01,138Â 202Â 167,1.0
1013730,201900055261,10,27,10:35,1,1,1,2.0,1.0,78478,Rue Douaville,M,"48,4709400","1,8657170",78,2019,70.0,1.0,2.0,2.0,2266986,8.0,2,1,1,5.0,,0.0,0,2012.0,B01,138Â 202Â 165,1.0,-1.0,-1.0,1730414,1.0,7,,0.0,0.0,2.0,B01,138Â 202Â 165,1.0
1013730,201900055261,10,27,10:35,1,1,1,2.0,1.0,78478,Rue Douaville,M,"48,4709400","1,8657170",78,2019,70.0,1.0,2.0,2.0,2266986,8.0,2,1,1,5.0,,0.0,0,2012.0,B01,138Â 202Â 165,1.0,-1.0,-1.0,1730415,2.0,7,,0.0,0.0,2.0,A01,138Â 202Â 166,1.0
1013730,201900055261,10,27,10:35,1,1,1,2.0,1.0,78478,Rue Douaville,M,"48,4709400","1,8657170",78,2019,70.0,1.0,2.0,2.0,2266987,1.0,1,1,1,5.0,,0.0,0,1956.0,B01,138Â 202Â 165,1.0,-1.0,-1.0,1730414,1.0,7,,0.0,0.0,2.0,B01,138Â 202Â 165,1.0
1013730,201900055261,10,27,10:35,1,1,1,2.0,1.0,78478,Rue Douaville,M,"48,4709400","1,8657170",78,2019,70.0,1.0,2.0,2.0,2266987,1.0,1,1,1,5.0,,0.0,0,1956.0,B01,138Â 202Â 165,1.0,-1.0,-1.0,1730415,2.0,7,,0.0,0.0,2.0,A01,138Â 202Â 166,1.0
1013730,201900055261,10,27,10:35,1,1,1,2.0,1.0,78478,Rue Douaville,M,"48,4709400","1,8657170",78,2019,70.0,1.0,2.0,2.0,2266988,7.0,2,1,2,5.0,,0.0,0,2013.0,B01,138Â 202Â 165,1.0,-1.0,-1.0,1730414,1.0,7,,0.0,0.0,2.0,B01,138Â 202Â 165,1.0
1013730,201900055261,10,27,10:35,1,1,1,2.0,1.0,78478,Rue Douaville,M,"48,4709400","1,8657170",78,2019,70.0,1.0,2.0,2.0,2266988,7.0,2,1,2,5.0,,0.0,0,2013.0,B01,138Â 202Â 165,1.0,-1.0,-1.0,1730415,2.0,7,,0.0,0.0,2.0,A01,138Â 202Â 166,1.0
1013730,201900055261,10,27,10:35,1,1,1,2.0,1.0,78478,Rue Douaville,M,"48,4709400","1,8657170",78,2019,70.0,1.0,2.0,2.0,2266989,6.0,2,4,2,5.0,,0.0,0,1956.0,B01,138Â 202Â 165,1.0,-1.0,-1.0,1730414,1.0,7,,0.0,0.0,2.0,B01,138Â 202Â 165,1.0
1013730,201900055261,10,27,10:35,1,1,1,2.0,1.0,78478,Rue Douaville,M,"48,4709400","1,8657170",78,2019,70.0,1.0,2.0,2.0,2266989,6.0,2,4,2,5.0,,0.0,0,1956.0,B01,138Â 202Â 165,1.0,-1.0,-1.0,1730415,2.0,7,,0.0,0.0,2.0,A01,138Â 202Â 166,1.0
1013730,201900055261,10,27,10:35,1,1,1,2.0,1.0,78478,Rue Douaville,M,"48,4709400","1,8657170",78,2019,70.0,1.0,2.0,2.0,2266990,1.0,1,1,1,5.0,,0.0,0,1931.0,A01,138Â 202Â 166,1.0,-1.0,-1.0,1730414,1.0,7,,0.0,0.0,2.0,B01,138Â 202Â 165,1.0
1013730,201900055261,10,27,10:35,1,1,1,2.0,1.0,78478,Rue Douaville,M,"48,4709400","1,8657170",78,2019,70.0,1.0,2.0,2.0,2266990,1.0,1,1,1,5.0,,0.0,0,1931.0,A01,138Â 202Â 166,1.0,-1.0,-1.0,1730415,2.0,7,,0.0,0.0,2.0,A01,138Â 202Â 166,1.0
1013731,201900055262,1,2,20:50,5,2,1,1.0,6.0,75119,RUE GASTON TESSIER,M,"48,8963010","2,3756030",75,2019,50.0,1.0,1.0,4.0,2266991,10.0,3,4,2,0.0,,2.0,4,1980.0,A01,138Â 202Â 164,8.0,0.0,-1.0,1730416,2.0,7,,0.0,1.0,1.0,A01,138Â 202Â 164,1.0
1013731,201900055262,1,2,20:50,5,2,1,1.0,6.0,75119,RUE GASTON TESSIER,M,"48,8963010","2,3756030",75,2019,50.0,1.0,1.0,4.0,2266992,1.0,1,1,1,0.0,,-1.0,0,1985.0,A01,138Â 202Â 164,1.0,0.0,-1.0,1730416,2.0,7,,0.0,1.0,1.0,A01,138Â 202Â 164,1.0
1013732,201900055263,10,27,06:45,1,2,1,1.0,6.0,67130,19 Route du Rhin,M,"48,4139380","7,6675610",67,2019,50.0,4.0,1.0,4.0,2266993,1.0,1,3,1,5.0,,0.0,0,2001.0,A01,138Â 202Â 163,2.0,-1.0,-1.0,1730417,2.0,2,,8.0,0.0,1.0,A01,138Â 202Â 163,1.0
1013732,201900055263,10,27,06:45,1,2,1,1.0,6.0,67130,19 Route du Rhin,M,"48,4139380","7,6675610",67,2019,50.0,4.0,1.0,4.0,2266994,2.0,2,4,2,1.0,,0.0,0,2001.0,A01,138Â 202Â 163,2.0,-1.0,-1.0,1730417,2.0,2,,8.0,0.0,1.0,A01,138Â 202Â 163,1.0
1013733,201900055264,1,1,20:05,3,2,2,2.0,6.0,75119,AVENUE DE FLANDRE,M,"48,8930380","2,3800640",75,2019,50.0,1.0,2.0,4.0,2266995,1.0,1,4,1,5.0,,0.0,0,1977.0,A01,138Â 202Â 162,2.0,6.0,-1.0,1730418,1.0,32,,1.0,0.0,7.0,A01,138Â 202Â 162,1.0
1013734,201900055265,10,26,19:50,5,2,2,1.0,1.0,57474,Rue de Metz,M,"49,2655940","6,1700830",57,2019,50.0,1.0,1.0,3.0,2266996,1.0,1,4,1,0.0,,0.0,0,1964.0,B01,138Â 202Â 159,1.0,-1.0,-1.0,1730419,1.0,7,,0.0,2.0,1.0,B01,138Â 202Â 159,1.0
1013734,201900055265,10,26,19:50,5,2,2,1.0,1.0,57474,Rue de Metz,M,"49,2655940","6,1700830",57,2019,50.0,1.0,1.0,3.0,2266996,1.0,1,4,1,0.0,,0.0,0,1964.0,B01,138Â 202Â 159,1.0,-1.0,-1.0,1730420,2.0,7,,0.0,2.0,1.0,A01,138Â 202Â 161,1.0
1013734,201900055265,10,26,19:50,5,2,2,1.0,1.0,57474,Rue de Metz,M,"49,2655940","6,1700830",57,2019,50.0,1.0,1.0,3.0,2266997,2.0,2,3,2,0.0,,0.0,0,1962.0,B01,138Â 202Â 159,1.0,-1.0,-1.0,1730419,1.0,7,,0.0,2.0,1.0,B01,138Â 202Â 159,1.0
1013734,201900055265,10,26,19:50,5,2,2,1.0,1.0,57474,Rue de Metz,M,"49,2655940","6,1700830",57,2019,50.0,1.0,1.0,3.0,2266997,2.0,2,3,2,0.0,,0.0,0,1962.0,B01,138Â 202Â 159,1.0,-1.0,-1.0,1730420,2.0,7,,0.0,2.0,1.0,A01,138Â 202Â 161,1.0
1013734,201900055265,10,26,19:50,5,2,2,1.0,1.0,57474,Rue de Metz,M,"49,2655940","6,1700830",57,2019,50.0,1.0,1.0,3.0,2266998,7.0,2,3,2,0.0,,0.0,0,1989.0,B01,138Â 202Â 159,0.0,-1.0,-1.0,1730419,1.0,7,,0.0,2.0,1.0,B01,138Â 202Â 159,1.0
1013734,201900055265,10,26,19:50,5,2,2,1.0,1.0,57474,Rue de Metz,M,"49,2655940","6,1700830",57,2019,50.0,1.0,1.0,3.0,2266998,7.0,2,3,2,0.0,,0.0,0,1989.0,B01,138Â 202Â 159,0.0,-1.0,-1.0,1730420,2.0,7,,0.0,2.0,1.0,A01,138Â 202Â 161,1.0
1013734,201900055265,10,26,19:50,5,2,2,1.0,1.0,57474,Rue de Metz,M,"49,2655940","6,1700830",57,2019,50.0,1.0,1.0,3.0,2266999,1.0,1,4,1,0.0,,0.0,0,1977.0,A01,138Â 202Â 161,1.0,-1.0,-1.0,1730419,1.0,7,,0.0,2.0,1.0,B01,138Â 202Â 159,1.0
1013734,201900055265,10,26,19:50,5,2,2,1.0,1.0,57474,Rue de Metz,M,"49,2655940","6,1700830",57,2019,50.0,1.0,1.0,3.0,2266999,1.0,1,4,1,0.0,,0.0,0,1977.0,A01,138Â 202Â 161,1.0,-1.0,-1.0,1730420,2.0,7,,0.0,2.0,1.0,A01,138Â 202Â 161,1.0
1013735,201900055266,1,1,14:50,1,2,2,1.0,3.0,75119,AVENUE DE LA PORTE CHAUMONT,M,"48,8862390","2,3967340",75,2019,50.0,1.0,1.0,4.0,2267000,1.0,1,1,1,5.0,,0.0,0,1995.0,B01,138Â 202Â 158,1.0,8.0,-1.0,1730421,2.0,7,,0.0,2.0,6.0,B01,138Â 202Â 158,1.0
1013735,201900055266,1,1,14:50,1,2,2,1.0,3.0,75119,AVENUE DE LA PORTE CHAUMONT,M,"48,8862390","2,3967340",75,2019,50.0,1.0,1.0,4.0,2267000,1.0,1,1,1,5.0,,0.0,0,1995.0,B01,138Â 202Â 158,1.0,8.0,-1.0,1730422,1.0,32,,0.0,2.0,8.0,A01,138Â 202Â 160,1.0
1013735,201900055266,1,1,14:50,1,2,2,1.0,3.0,75119,AVENUE DE LA PORTE CHAUMONT,M,"48,8862390","2,3967340",75,2019,50.0,1.0,1.0,4.0,2267001,1.0,1,4,1,0.0,,0.0,0,1973.0,A01,138Â 202Â 160,2.0,6.0,-1.0,1730421,2.0,7,,0.0,2.0,6.0,B01,138Â 202Â 158,1.0
1013735,201900055266,1,1,14:50,1,2,2,1.0,3.0,75119,AVENUE DE LA PORTE CHAUMONT,M,"48,8862390","2,3967340",75,2019,50.0,1.0,1.0,4.0,2267001,1.0,1,4,1,0.0,,0.0,0,1973.0,A01,138Â 202Â 160,2.0,6.0,-1.0,1730422,1.0,32,,0.0,2.0,8.0,A01,138Â 202Â 160,1.0
1013736,201900055267,10,26,17:40,1,1,1,1.0,7.0,74063,D22,M,"46,2544718","6,8457172",74,2019,80.0,1.0,1.0,3.0,2267002,1.0,1,3,1,5.0,,0.0,0,1959.0,A01,138Â 202Â 157,8.0,-1.0,-1.0,1730423,2.0,33,,0.0,0.0,7.0,A01,138Â 202Â 157,1.0
1013737,201900055268,1,1,06:00,5,2,7,1.0,2.0,75119,PLACE AUGUSTE BARON,M,"48,9009430","2,3882240",75,2019,50.0,1.0,1.0,4.0,2267003,2.0,2,4,2,0.0,,0.0,0,1994.0,A01,138Â 202Â 155,1.0,0.0,-1.0,1730424,3.0,7,,0.0,2.0,4.0,A01,138Â 202Â 155,1.0
1013737,201900055268,1,1,06:00,5,2,7,1.0,2.0,75119,PLACE AUGUSTE BARON,M,"48,9009430","2,3882240",75,2019,50.0,1.0,1.0,4.0,2267003,2.0,2,4,2,0.0,,0.0,0,1994.0,A01,138Â 202Â 155,1.0,0.0,-1.0,1730425,3.0,7,,0.0,2.0,1.0,B01,138Â 202Â 156,1.0
1013737,201900055268,1,1,06:00,5,2,7,1.0,2.0,75119,PLACE AUGUSTE BARON,M,"48,9009430","2,3882240",75,2019,50.0,1.0,1.0,4.0,2267004,1.0,1,1,1,0.0,,0.0,0,1987.0,A01,138Â 202Â 155,1.0,0.0,-1.0,1730424,3.0,7,,0.0,2.0,4.0,A01,138Â 202Â 155,1.0
1013737,201900055268,1,1,06:00,5,2,7,1.0,2.0,75119,PLACE AUGUSTE BARON,M,"48,9009430","2,3882240",75,2019,50.0,1.0,1.0,4.0,2267004,1.0,1,1,1,0.0,,0.0,0,1987.0,A01,138Â 202Â 155,1.0,0.0,-1.0,1730425,3.0,7,,0.0,2.0,1.0,B01,138Â 202Â 156,1.0
1013737,201900055268,1,1,06:00,5,2,7,1.0,2.0,75119,PLACE AUGUSTE BARON,M,"48,9009430","2,3882240",75,2019,50.0,1.0,1.0,4.0,2267005,1.0,1,1,1,0.0,,0.0,0,1995.0,B01,138Â 202Â 156,1.0,0.0,-1.0,1730424,3.0,7,,0.0,2.0,4.0,A01,138Â 202Â 155,1.0
1013737,201900055268,1,1,06:00,5,2,7,1.0,2.0,75119,PLACE AUGUSTE BARON,M,"48,9009430","2,3882240",75,2019,50.0,1.0,1.0,4.0,2267005,1.0,1,1,1,0.0,,0.0,0,1995.0,B01,138Â 202Â 156,1.0,0.0,-1.0,1730425,3.0,7,,0.0,2.0,1.0,B01,138Â 202Â 156,1.0
1013738,201900055269,10,27,19:00,5,2,1,1.0,6.0,74220,Route de la Roche-sur-foron,M,"46,1157600","6,2725010",74,2019,50.0,1.0,1.0,3.0,2267006,1.0,1,3,1,0.0,,0.0,0,1984.0,A01,138Â 202Â 154,2.0,6.0,-1.0,1730426,1.0,2,,12.0,0.0,2.0,A01,138Â 202Â 154,1.0
1013739,201900055270,1,4,07:50,2,2,1,1.0,7.0,75118,BOULEVARD BARBES,M,"48,8910490","2,3496120",75,2019,30.0,1.0,1.0,4.0,2267007,1.0,1,3,1,1.0,,-1.0, -1,1985.0,A01,138Â 202Â 153,2.0,6.0,-1.0,1730427,2.0,43,,12.0,0.0,1.0,A01,138Â 202Â 153,1.0
1013740,201900055271,10,26,23:50,3,1,1,1.0,6.0,38344,Route du Gue d'Agnin,M,"45,3594650","4,8330680",38,2019,70.0,3.0,1.0,3.0,2267008,1.0,1,3,1,0.0,,0.0,0,1973.0,A01,138Â 202Â 152,8.0,-1.0,-1.0,1730428,0.0,10,,9.0,0.0,1.0,A01,138Â 202Â 152,1.0
1013741,201900055272,1,1,19:00,3,2,2,1.0,6.0,75118,RUE DU MONT CENIS,M,"48,8943330","2,3453740",75,2019,50.0,1.0,1.0,4.0,2267009,1.0,1,4,1,9.0,,0.0,0,1997.0,A01,138Â 202Â 151,1.0,0.0,-1.0,1730429,2.0,2,,0.0,2.0,3.0,Z01,138Â 202Â 150,0.0
1013741,201900055272,1,1,19:00,3,2,2,1.0,6.0,75118,RUE DU MONT CENIS,M,"48,8943330","2,3453740",75,2019,50.0,1.0,1.0,4.0,2267009,1.0,1,4,1,9.0,,0.0,0,1997.0,A01,138Â 202Â 151,1.0,0.0,-1.0,1730430,3.0,7,,0.0,2.0,7.0,A01,138Â 202Â 151,1.0
1013742,201900055273,1,5,12:00,1,2,2,1.0,3.0,75117,RUE JOUFFROY D ABBANS,M,"48,8859700","2,3095600",75,2019,30.0,1.0,1.0,4.0,2267010,4.0,2,1,2,5.0,,0.0,0,2011.0,A01,138Â 202Â 147,1.0,0.0,-1.0,1730431,1.0,7,,0.0,2.0,2.0,A01,138Â 202Â 147,1.0
1013742,201900055273,1,5,12:00,1,2,2,1.0,3.0,75117,RUE JOUFFROY D ABBANS,M,"48,8859700","2,3095600",75,2019,30.0,1.0,1.0,4.0,2267010,4.0,2,1,2,5.0,,0.0,0,2011.0,A01,138Â 202Â 147,1.0,0.0,-1.0,1730432,2.0,7,,0.0,2.0,3.0,B01,138Â 202Â 148,1.0
1013742,201900055273,1,5,12:00,1,2,2,1.0,3.0,75117,RUE JOUFFROY D ABBANS,M,"48,8859700","2,3095600",75,2019,30.0,1.0,1.0,4.0,2267011,3.0,2,1,2,5.0,,0.0,0,2012.0,A01,138Â 202Â 147,1.0,0.0,-1.0,1730431,1.0,7,,0.0,2.0,2.0,A01,138Â 202Â 147,1.0
1013742,201900055273,1,5,12:00,1,2,2,1.0,3.0,75117,RUE JOUFFROY D ABBANS,M,"48,8859700","2,3095600",75,2019,30.0,1.0,1.0,4.0,2267011,3.0,2,1,2,5.0,,0.0,0,2012.0,A01,138Â 202Â 147,1.0,0.0,-1.0,1730432,2.0,7,,0.0,2.0,3.0,B01,138Â 202Â 148,1.0
1013742,201900055273,1,5,12:00,1,2,2,1.0,3.0,75117,RUE JOUFFROY D ABBANS,M,"48,8859700","2,3095600",75,2019,30.0,1.0,1.0,4.0,2267012,1.0,1,4,2,5.0,,0.0,0,1984.0,A01,138Â 202Â 147,1.0,0.0,-1.0,1730431,1.0,7,,0.0,2.0,2.0,A01,138Â 202Â 147,1.0
1013742,201900055273,1,5,12:00,1,2,2,1.0,3.0,75117,RUE JOUFFROY D ABBANS,M,"48,8859700","2,3095600",75,2019,30.0,1.0,1.0,4.0,2267012,1.0,1,4,2,5.0,,0.0,0,1984.0,A01,138Â 202Â 147,1.0,0.0,-1.0,1730432,2.0,7,,0.0,2.0,3.0,B01,138Â 202Â 148,1.0
1013742,201900055273,1,5,12:00,1,2,2,1.0,3.0,75117,RUE JOUFFROY D ABBANS,M,"48,8859700","2,3095600",75,2019,30.0,1.0,1.0,4.0,2267013,1.0,1,1,1,4.0,,0.0,0,1973.0,B01,138Â 202Â 148,1.0,0.0,-1.0,1730431,1.0,7,,0.0,2.0,2.0,A01,138Â 202Â 147,1.0
1013742,201900055273,1,5,12:00,1,2,2,1.0,3.0,75117,RUE JOUFFROY D ABBANS,M,"48,8859700","2,3095600",75,2019,30.0,1.0,1.0,4.0,2267013,1.0,1,1,1,4.0,,0.0,0,1973.0,B01,138Â 202Â 148,1.0,0.0,-1.0,1730432,2.0,7,,0.0,2.0,3.0,B01,138Â 202Â 148,1.0
1013743,201900055274,1,4,19:20,5,2,7,1.0,6.0,75117,AVENUE GOURGAUD,M,"48,8853780","2,2972710",75,2019,30.0,1.0,1.0,4.0,2267014,10.0,3,4,2,3.0,,4.0,3,1989.0,A01,138Â 202Â 146,8.0,0.0,-1.0,1730433,2.0,30,,0.0,1.0,1.0,A01,138Â 202Â 146,1.0
1013743,201900055274,1,4,19:20,5,2,7,1.0,6.0,75117,AVENUE GOURGAUD,M,"48,8853780","2,2972710",75,2019,30.0,1.0,1.0,4.0,2267015,1.0,1,1,1,4.0,,0.0,0,1996.0,A01,138Â 202Â 146,2.0,6.0,-1.0,1730433,2.0,30,,0.0,1.0,1.0,A01,138Â 202Â 146,1.0
1013744,201900055275,1,2,16:40,1,2,2,1.0,6.0,75117,AVENUE DE WAGRAM,M,"48,8809820","2,3003040",75,2019,30.0,1.0,1.0,4.0,2267016,10.0,3,4,2,0.0,,3.0,3,1995.0,A01,138Â 202Â 144,8.0,0.0,-1.0,1730434,1.0,7,,0.0,1.0,4.0,A01,138Â 202Â 144,1.0
1013744,201900055275,1,2,16:40,1,2,2,1.0,6.0,75117,AVENUE DE WAGRAM,M,"48,8809820","2,3003040",75,2019,30.0,1.0,1.0,4.0,2267017,1.0,1,1,1,5.0,,0.0,0,1985.0,A01,138Â 202Â 144,1.0,0.0,-1.0,1730434,1.0,7,,0.0,1.0,4.0,A01,138Â 202Â 144,1.0
1013745,201900055276,1,4,18:30,5,2,2,1.0,6.0,75116,RUE CHARDON LAGACHE,M,"48,8431000","2,2648520",75,2019,50.0,1.0,1.0,4.0,2267018,10.0,3,4,2,5.0,,2.0,3,1988.0,A01,138Â 202Â 143,8.0,0.0,-1.0,1730435,2.0,7,,0.0,1.0,4.0,A01,138Â 202Â 143,1.0
1013745,201900055276,1,4,18:30,5,2,2,1.0,6.0,75116,RUE CHARDON LAGACHE,M,"48,8431000","2,2648520",75,2019,50.0,1.0,1.0,4.0,2267019,1.0,1,4,2,0.0,,0.0,0,1998.0,A01,138Â 202Â 143,1.0,0.0,-1.0,1730435,2.0,7,,0.0,1.0,4.0,A01,138Â 202Â 143,1.0
1013746,201900055277,10,27,13:15,1,2,3,1.0,3.0,38059,Route de Grenoble,M,"45,1310800","5,7766500",38,2019,50.0,1.0,1.0,3.0,2267020,1.0,1,2,1,5.0,,0.0,0,1971.0,B01,138Â 202Â 145,2.0,-1.0,-1.0,1730436,2.0,1,,0.0,2.0,1.0,B01,138Â 202Â 145,5.0
1013746,201900055277,10,27,13:15,1,2,3,1.0,3.0,38059,Route de Grenoble,M,"45,1310800","5,7766500",38,2019,50.0,1.0,1.0,3.0,2267020,1.0,1,2,1,5.0,,0.0,0,1971.0,B01,138Â 202Â 145,2.0,-1.0,-1.0,1730437,3.0,21,,0.0,9.0,2.0,A01,138Â 202Â 149,1.0
1013746,201900055277,10,27,13:15,1,2,3,1.0,3.0,38059,Route de Grenoble,M,"45,1310800","5,7766500",38,2019,50.0,1.0,1.0,3.0,2267021,1.0,1,1,1,9.0,,0.0,0,1957.0,A01,138Â 202Â 149,0.0,-1.0,-1.0,1730436,2.0,1,,0.0,2.0,1.0,B01,138Â 202Â 145,5.0
1013746,201900055277,10,27,13:15,1,2,3,1.0,3.0,38059,Route de Grenoble,M,"45,1310800","5,7766500",38,2019,50.0,1.0,1.0,3.0,2267021,1.0,1,1,1,9.0,,0.0,0,1957.0,A01,138Â 202Â 149,0.0,-1.0,-1.0,1730437,3.0,21,,0.0,9.0,2.0,A01,138Â 202Â 149,1.0
1013747,201900055278,10,26,17:10,1,1,1,1.0,3.0,69059,Route de Lyon,M,"45,8472060","4,7190150",69,2019,90.0,1.0,1.0,3.0,2267022,1.0,1,3,1,5.0,,0.0,0,1972.0,A01,138Â 202Â 141,2.0,6.0,9.0,1730438,1.0,33,,0.0,2.0,7.0,A01,138Â 202Â 141,1.0
1013747,201900055278,10,26,17:10,1,1,1,1.0,3.0,69059,Route de Lyon,M,"45,8472060","4,7190150",69,2019,90.0,1.0,1.0,3.0,2267022,1.0,1,3,1,5.0,,0.0,0,1972.0,A01,138Â 202Â 141,2.0,6.0,9.0,1730439,1.0,10,,0.0,2.0,3.0,B01,138Â 202Â 142,1.0
1013747,201900055278,10,26,17:10,1,1,1,1.0,3.0,69059,Route de Lyon,M,"45,8472060","4,7190150",69,2019,90.0,1.0,1.0,3.0,2267023,1.0,1,1,1,5.0,,0.0,0,1970.0,B01,138Â 202Â 142,1.0,-1.0,-1.0,1730438,1.0,33,,0.0,2.0,7.0,A01,138Â 202Â 141,1.0
1013747,201900055278,10,26,17:10,1,1,1,1.0,3.0,69059,Route de Lyon,M,"45,8472060","4,7190150",69,2019,90.0,1.0,1.0,3.0,2267023,1.0,1,1,1,5.0,,0.0,0,1970.0,B01,138Â 202Â 142,1.0,-1.0,-1.0,1730439,1.0,10,,0.0,2.0,3.0,B01,138Â 202Â 142,1.0
1013748,201900055279,10,27,08:20,1,1,1,1.0,1.0,46102,Avenue de Rodez,M,"44,6070350","2,0449590",46,2019,50.0,1.0,1.0,3.0,2267024,1.0,1,1,1,5.0,,0.0,0,1954.0,B01,138Â 202Â 139,8.0,-1.0,-1.0,1730440,1.0,7,,0.0,2.0,1.0,B01,138Â 202Â 139,1.0
1013748,201900055279,10,27,08:20,1,1,1,1.0,1.0,46102,Avenue de Rodez,M,"44,6070350","2,0449590",46,2019,50.0,1.0,1.0,3.0,2267024,1.0,1,1,1,5.0,,0.0,0,1954.0,B01,138Â 202Â 139,8.0,-1.0,-1.0,1730441,2.0,7,,0.0,2.0,1.0,A01,138Â 202Â 140,1.0