Unnamed: 0_x,num_acc,mois,jour,hrmn,lum,agg,int,atm,col,com,adr,gps,lat,long,dep,annee,vma,situ,surf,catr,Unnamed: 0_y,place,catu,grav,sexe,trajet,secu,locp,actp,an_nais,num_veh_x,id_vehicule_x,secu1,secu2,secu3,Unnamed: 0,senc,catv,occutc,obs,obsm,choc,num_veh_y,id_vehicule_y,motor
1013748,201900055279,10,27,08:20,1,1,1,1.0,1.0,46102,Avenue de Rodez,M,"44,6070350","2,0449590",46,2019,50.0,1.0,1.0,3.0,2267025,1.0,1,3,2,5.0,,0.0,0,1997.0,A01,138Â 202Â 140,8.0,-1.0,-1.0,1730440,1.0,7,,0.0,2.0,1.0,B01,138Â 202Â 139,1.0
1013748,201900055279,10,27,08:20,1,1,1,1.0,1.0,46102,Avenue de Rodez,M,"44,6070350","2,0449590",46,2019,50.0,1.0,1.0,3.0,2267025,1.0,1,3,2,5.0,,0.0,0,1997.0,A01,138Â 202Â 140,8.0,-1.0,-1.0,1730441,2.0,7,,0.0,2.0,1.0,A01,138Â 202Â 140,1.0
1013749,201900055280,10,23,17:00,1,1,1,1.0,3.0,19038,RD 1089,M,"45,2233490","1,7038780",19,2019,90.0,1.0,2.0,3.0,2267026,1.0,1,3,1,5.0,,0.0,0,1941.0,A01,138Â 202Â 137,1.0,-1.0,-1.0,1730442,3.0,7,,0.0,2.0,3.0,A01,138Â 202Â 137,1.0
1013749,201900055280,10,23,17:00,1,1,1,1.0,3.0,19038,RD 1089,M,"45,2233490","1,7038780",19,2019,90.0,1.0,2.0,3.0,2267026,1.0,1,3,1,5.0,,0.0,0,1941.0,A01,138Â 202Â 137,1.0,-1.0,-1.0,1730443,3.0,7,,0.0,2.0,2.0,B01,138Â 202Â 138,1.0
1013749,201900055280,10,23,17:00,1,1,1,1.0,3.0,19038,RD 1089,M,"45,2233490","1,7038780",19,2019,90.0,1.0,2.0,3.0,2267027,1.0,1,3,2,5.0,,0.0,0,1940.0,B01,138Â 202Â 138,1.0,-1.0,-1.0,1730442,3.0,7,,0.0,2.0,3.0,A01,138Â 202Â 137,1.0
1013749,201900055280,10,23,17:00,1,1,1,1.0,3.0,19038,RD 1089,M,"45,2233490","1,7038780",19,2019,90.0,1.0,2.0,3.0,2267027,1.0,1,3,2,5.0,,0.0,0,1940.0,B01,138Â 202Â 138,1.0,-1.0,-1.0,1730443,3.0,7,,0.0,2.0,2.0,B01,138Â 202Â 138,1.0
1013750,201900055281,10,26,18:00,1,2,3,1.0,1.0,33243,1 Rue AbbÃ© Lewden,M,"44,9137890"," -0,2302370",33,2019,-1.0,8.0,1.0,3.0,2267028,1.0,1,1,1,5.0,,0.0,0,2000.0,B01,138Â 202Â 133,1.0,-1.0,-1.0,1730444,1.0,7,,0.0,2.0,1.0,B01,138Â 202Â 133,1.0
1013750,201900055281,10,26,18:00,1,2,3,1.0,1.0,33243,1 Rue AbbÃ© Lewden,M,"44,9137890"," -0,2302370",33,2019,-1.0,8.0,1.0,3.0,2267028,1.0,1,1,1,5.0,,0.0,0,2000.0,B01,138Â 202Â 133,1.0,-1.0,-1.0,1730445,0.0,2,,0.0,2.0,2.0,A01,138Â 202Â 134,1.0
1013750,201900055281,10,26,18:00,1,2,3,1.0,1.0,33243,1 Rue AbbÃ© Lewden,M,"44,9137890"," -0,2302370",33,2019,-1.0,8.0,1.0,3.0,2267029,1.0,1,3,1,1.0,,0.0,0,1982.0,A01,138Â 202Â 134,2.0,-1.0,-1.0,1730444,1.0,7,,0.0,2.0,1.0,B01,138Â 202Â 133,1.0
1013750,201900055281,10,26,18:00,1,2,3,1.0,1.0,33243,1 Rue AbbÃ© Lewden,M,"44,9137890"," -0,2302370",33,2019,-1.0,8.0,1.0,3.0,2267029,1.0,1,3,1,1.0,,0.0,0,1982.0,A01,138Â 202Â 134,2.0,-1.0,-1.0,1730445,0.0,2,,0.0,2.0,2.0,A01,138Â 202Â 134,1.0
1013751,201900055282,10,25,18:00,2,1,1,1.0,6.0,27335,D836,M,"49,1449640","1,1974910",27,2019,80.0,8.0,1.0,3.0,2267030,1.0,1,4,1,5.0,,0.0,0,1949.0,A01,138Â 202Â 131,1.0,-1.0,-1.0,1730446,1.0,7,,2.0,0.0,1.0,A01,138Â 202Â 131,1.0
1013752,201900055283,1,3,23:10,5,2,2,1.0,3.0,75116,AVENUE THEOPHILE GAUTIER,M,"48,8482590","2,2699380",75,2019,50.0,1.0,1.0,4.0,2267031,2.0,2,1,2,0.0,,0.0,0,1995.0,A01,138Â 202Â 130,1.0,0.0,-1.0,1730447,2.0,7,,1.0,2.0,2.0,A01,138Â 202Â 130,1.0
1013752,201900055283,1,3,23:10,5,2,2,1.0,3.0,75116,AVENUE THEOPHILE GAUTIER,M,"48,8482590","2,2699380",75,2019,50.0,1.0,1.0,4.0,2267031,2.0,2,1,2,0.0,,0.0,0,1995.0,A01,138Â 202Â 130,1.0,0.0,-1.0,1730448,1.0,32,,0.0,2.0,1.0,B01,138Â 202Â 132,1.0
1013752,201900055283,1,3,23:10,5,2,2,1.0,3.0,75116,AVENUE THEOPHILE GAUTIER,M,"48,8482590","2,2699380",75,2019,50.0,1.0,1.0,4.0,2267032,1.0,1,4,1,5.0,,0.0,0,1996.0,A01,138Â 202Â 130,1.0,0.0,-1.0,1730447,2.0,7,,1.0,2.0,2.0,A01,138Â 202Â 130,1.0
1013752,201900055283,1,3,23:10,5,2,2,1.0,3.0,75116,AVENUE THEOPHILE GAUTIER,M,"48,8482590","2,2699380",75,2019,50.0,1.0,1.0,4.0,2267032,1.0,1,4,1,5.0,,0.0,0,1996.0,A01,138Â 202Â 130,1.0,0.0,-1.0,1730448,1.0,32,,0.0,2.0,1.0,B01,138Â 202Â 132,1.0
1013752,201900055283,1,3,23:10,5,2,2,1.0,3.0,75116,AVENUE THEOPHILE GAUTIER,M,"48,8482590","2,2699380",75,2019,50.0,1.0,1.0,4.0,2267033,1.0,1,4,1,1.0,,0.0,0,1968.0,B01,138Â 202Â 132,2.0,6.0,-1.0,1730447,2.0,7,,1.0,2.0,2.0,A01,138Â 202Â 130,1.0
1013752,201900055283,1,3,23:10,5,2,2,1.0,3.0,75116,AVENUE THEOPHILE GAUTIER,M,"48,8482590","2,2699380",75,2019,50.0,1.0,1.0,4.0,2267033,1.0,1,4,1,1.0,,0.0,0,1968.0,B01,138Â 202Â 132,2.0,6.0,-1.0,1730448,1.0,32,,0.0,2.0,1.0,B01,138Â 202Â 132,1.0
1013753,201900055284,10,26,16:15,1,1,1,1.0,3.0,27684,Rue de l'Aqueduc,M,"49,0106420","1,1929640",27,2019,50.0,1.0,1.0,3.0,2267034,1.0,1,4,1,0.0,,0.0,0,2004.0,B01,138Â 202Â 129,2.0,6.0,-1.0,1730449,0.0,7,,0.0,2.0,0.0,A01,138Â 202Â 128,0.0
1013753,201900055284,10,26,16:15,1,1,1,1.0,3.0,27684,Rue de l'Aqueduc,M,"49,0106420","1,1929640",27,2019,50.0,1.0,1.0,3.0,2267034,1.0,1,4,1,0.0,,0.0,0,2004.0,B01,138Â 202Â 129,2.0,6.0,-1.0,1730450,3.0,30,,0.0,2.0,8.0,B01,138Â 202Â 129,1.0
1013754,201900055285,1,2,00:05,5,2,7,1.0,6.0,75108,PLACE CHARLES DE GAULLE,M,"48,8735290","2,2958460",75,2019,50.0,1.0,1.0,4.0,2267035,4.0,2,1,2,0.0,,0.0,0,1998.0,A01,138Â 202Â 127,1.0,0.0,-1.0,1730451,3.0,7,,0.0,1.0,2.0,A01,138Â 202Â 127,1.0
1013754,201900055285,1,2,00:05,5,2,7,1.0,6.0,75108,PLACE CHARLES DE GAULLE,M,"48,8735290","2,2958460",75,2019,50.0,1.0,1.0,4.0,2267036,10.0,3,4,1,0.0,,1.0,3,1967.0,A01,138Â 202Â 127,8.0,0.0,-1.0,1730451,3.0,7,,0.0,1.0,2.0,A01,138Â 202Â 127,1.0
1013754,201900055285,1,2,00:05,5,2,7,1.0,6.0,75108,PLACE CHARLES DE GAULLE,M,"48,8735290","2,2958460",75,2019,50.0,1.0,1.0,4.0,2267037,3.0,2,1,1,0.0,,0.0,0,1995.0,A01,138Â 202Â 127,1.0,0.0,-1.0,1730451,3.0,7,,0.0,1.0,2.0,A01,138Â 202Â 127,1.0
1013754,201900055285,1,2,00:05,5,2,7,1.0,6.0,75108,PLACE CHARLES DE GAULLE,M,"48,8735290","2,2958460",75,2019,50.0,1.0,1.0,4.0,2267038,1.0,1,1,1,4.0,,0.0,0,1979.0,A01,138Â 202Â 127,1.0,0.0,-1.0,1730451,3.0,7,,0.0,1.0,2.0,A01,138Â 202Â 127,1.0
1013755,201900055286,10,27,04:40,3,1,1,3.0,2.0,60628,ROUTE NATIONALE 31,M,"49,4170548","2,1723097",60,2019,100.0,1.0,2.0,2.0,2267039,1.0,1,4,1,0.0,,0.0,0,1981.0,A01,138Â 202Â 125,1.0,-1.0,-1.0,1730452,0.0,7,,3.0,2.0,1.0,A01,138Â 202Â 125,0.0
1013755,201900055286,10,27,04:40,3,1,1,3.0,2.0,60628,ROUTE NATIONALE 31,M,"49,4170548","2,1723097",60,2019,100.0,1.0,2.0,2.0,2267039,1.0,1,4,1,0.0,,0.0,0,1981.0,A01,138Â 202Â 125,1.0,-1.0,-1.0,1730453,0.0,7,,3.0,0.0,4.0,B01,138Â 202Â 126,0.0
1013755,201900055286,10,27,04:40,3,1,1,3.0,2.0,60628,ROUTE NATIONALE 31,M,"49,4170548","2,1723097",60,2019,100.0,1.0,2.0,2.0,2267040,1.0,1,3,2,5.0,,-1.0, -1,1998.0,B01,138Â 202Â 126,1.0,-1.0,-1.0,1730452,0.0,7,,3.0,2.0,1.0,A01,138Â 202Â 125,0.0
1013755,201900055286,10,27,04:40,3,1,1,3.0,2.0,60628,ROUTE NATIONALE 31,M,"49,4170548","2,1723097",60,2019,100.0,1.0,2.0,2.0,2267040,1.0,1,3,2,5.0,,-1.0, -1,1998.0,B01,138Â 202Â 126,1.0,-1.0,-1.0,1730453,0.0,7,,3.0,0.0,4.0,B01,138Â 202Â 126,0.0
1013755,201900055286,10,27,04:40,3,1,1,3.0,2.0,60628,ROUTE NATIONALE 31,M,"49,4170548","2,1723097",60,2019,100.0,1.0,2.0,2.0,2267041,2.0,2,4,2,5.0,,0.0,0,1999.0,B01,138Â 202Â 126,1.0,-1.0,-1.0,1730452,0.0,7,,3.0,2.0,1.0,A01,138Â 202Â 125,0.0
1013755,201900055286,10,27,04:40,3,1,1,3.0,2.0,60628,ROUTE NATIONALE 31,M,"49,4170548","2,1723097",60,2019,100.0,1.0,2.0,2.0,2267041,2.0,2,4,2,5.0,,0.0,0,1999.0,B01,138Â 202Â 126,1.0,-1.0,-1.0,1730453,0.0,7,,3.0,0.0,4.0,B01,138Â 202Â 126,0.0
1013755,201900055286,10,27,04:40,3,1,1,3.0,2.0,60628,ROUTE NATIONALE 31,M,"49,4170548","2,1723097",60,2019,100.0,1.0,2.0,2.0,2267042,7.0,2,3,1,5.0,,0.0,0,1996.0,B01,138Â 202Â 126,1.0,-1.0,-1.0,1730452,0.0,7,,3.0,2.0,1.0,A01,138Â 202Â 125,0.0
1013755,201900055286,10,27,04:40,3,1,1,3.0,2.0,60628,ROUTE NATIONALE 31,M,"49,4170548","2,1723097",60,2019,100.0,1.0,2.0,2.0,2267042,7.0,2,3,1,5.0,,0.0,0,1996.0,B01,138Â 202Â 126,1.0,-1.0,-1.0,1730453,0.0,7,,3.0,0.0,4.0,B01,138Â 202Â 126,0.0
1013756,201900055287,1,1,01:50,5,2,2,2.0,6.0,75116,AVENUE HENRI MARTIN,M,"48,8639600","2,2773820",75,2019,50.0,1.0,2.0,4.0,2267043,2.0,2,4,2,5.0,,-1.0,0,1933.0,A01,138Â 202Â 124,1.0,0.0,-1.0,1730454,2.0,7,,0.0,2.0,0.0,Z01,138Â 202Â 123,0.0
1013756,201900055287,1,1,01:50,5,2,2,2.0,6.0,75116,AVENUE HENRI MARTIN,M,"48,8639600","2,2773820",75,2019,50.0,1.0,2.0,4.0,2267043,2.0,2,4,2,5.0,,-1.0,0,1933.0,A01,138Â 202Â 124,1.0,0.0,-1.0,1730455,2.0,7,,1.0,2.0,1.0,A01,138Â 202Â 124,1.0
1013756,201900055287,1,1,01:50,5,2,2,2.0,6.0,75116,AVENUE HENRI MARTIN,M,"48,8639600","2,2773820",75,2019,50.0,1.0,2.0,4.0,2267044,3.0,2,1,2,0.0,,-1.0,0,1964.0,A01,138Â 202Â 124,1.0,0.0,-1.0,1730454,2.0,7,,0.0,2.0,0.0,Z01,138Â 202Â 123,0.0
1013756,201900055287,1,1,01:50,5,2,2,2.0,6.0,75116,AVENUE HENRI MARTIN,M,"48,8639600","2,2773820",75,2019,50.0,1.0,2.0,4.0,2267044,3.0,2,1,2,0.0,,-1.0,0,1964.0,A01,138Â 202Â 124,1.0,0.0,-1.0,1730455,2.0,7,,1.0,2.0,1.0,A01,138Â 202Â 124,1.0
1013756,201900055287,1,1,01:50,5,2,2,2.0,6.0,75116,AVENUE HENRI MARTIN,M,"48,8639600","2,2773820",75,2019,50.0,1.0,2.0,4.0,2267045,1.0,1,1,1,5.0,,0.0,0,1990.0,A01,138Â 202Â 124,1.0,0.0,-1.0,1730454,2.0,7,,0.0,2.0,0.0,Z01,138Â 202Â 123,0.0
1013756,201900055287,1,1,01:50,5,2,2,2.0,6.0,75116,AVENUE HENRI MARTIN,M,"48,8639600","2,2773820",75,2019,50.0,1.0,2.0,4.0,2267045,1.0,1,1,1,5.0,,0.0,0,1990.0,A01,138Â 202Â 124,1.0,0.0,-1.0,1730455,2.0,7,,1.0,2.0,1.0,A01,138Â 202Â 124,1.0
1013757,201900055288,10,26,21:34,3,1,1,1.0,6.0,80467,D1017,M,"49,6756260","2,7677570",80,2019,80.0,1.0,1.0,3.0,2267046,1.0,1,1,1,5.0,,0.0,0,1967.0,A01,138Â 202Â 122,1.0,-1.0,-1.0,1730456,1.0,7,,0.0,1.0,1.0,A01,138Â 202Â 122,1.0
1013757,201900055288,10,26,21:34,3,1,1,1.0,6.0,80467,D1017,M,"49,6756260","2,7677570",80,2019,80.0,1.0,1.0,3.0,2267047,10.0,3,3,1,5.0,,1.0,3,1980.0,A01,138Â 202Â 122,0.0,-1.0,-1.0,1730456,1.0,7,,0.0,1.0,1.0,A01,138Â 202Â 122,1.0
1013758,201900055289,1,4,12:30,1,2,2,1.0,3.0,75115,RUE DE VAUGIRARD,M,"48,8383090","2,2984510",75,2019,50.0,1.0,1.0,4.0,2267048,1.0,1,4,1,5.0,,0.0,0,1993.0,A01,138Â 202Â 120,2.0,6.0,-1.0,1730457,2.0,31,,0.0,2.0,1.0,A01,138Â 202Â 120,1.0
1013758,201900055289,1,4,12:30,1,2,2,1.0,3.0,75115,RUE DE VAUGIRARD,M,"48,8383090","2,2984510",75,2019,50.0,1.0,1.0,4.0,2267048,1.0,1,4,1,5.0,,0.0,0,1993.0,A01,138Â 202Â 120,2.0,6.0,-1.0,1730458,1.0,10,,0.0,2.0,7.0,B01,138Â 202Â 121,1.0
1013758,201900055289,1,4,12:30,1,2,2,1.0,3.0,75115,RUE DE VAUGIRARD,M,"48,8383090","2,2984510",75,2019,50.0,1.0,1.0,4.0,2267049,1.0,1,1,2,1.0,,0.0,0,1984.0,B01,138Â 202Â 121,1.0,0.0,-1.0,1730457,2.0,31,,0.0,2.0,1.0,A01,138Â 202Â 120,1.0
1013758,201900055289,1,4,12:30,1,2,2,1.0,3.0,75115,RUE DE VAUGIRARD,M,"48,8383090","2,2984510",75,2019,50.0,1.0,1.0,4.0,2267049,1.0,1,1,2,1.0,,0.0,0,1984.0,B01,138Â 202Â 121,1.0,0.0,-1.0,1730458,1.0,10,,0.0,2.0,7.0,B01,138Â 202Â 121,1.0
1013759,201900055290,1,3,20:25,5,2,1,1.0,7.0,75115,RUE ALPHONSE BERTILLON,M,"48,8348720","2,3112870",75,2019,50.0,1.0,1.0,4.0,2267050,1.0,1,4,1,1.0,,-1.0, -1,1959.0,A01,138Â 202Â 118,2.0,6.0,-1.0,1730459,1.0,32,,0.0,0.0,0.0,A01,138Â 202Â 118,1.0
1013760,201900055291,1,2,13:51,1,2,2,1.0,3.0,75115,BOULEVARD GENERAL MARTIAL VALIN,M,"48,8370570","2,2744540",75,2019,50.0,1.0,1.0,4.0,2267051,3.0,2,4,2,5.0,,0.0,0,2010.0,B01,138Â 202Â 115,1.0,0.0,-1.0,1730460,2.0,7,,0.0,2.0,6.0,B01,138Â 202Â 115,1.0
1013760,201900055291,1,2,13:51,1,2,2,1.0,3.0,75115,BOULEVARD GENERAL MARTIAL VALIN,M,"48,8370570","2,2744540",75,2019,50.0,1.0,1.0,4.0,2267051,3.0,2,4,2,5.0,,0.0,0,2010.0,B01,138Â 202Â 115,1.0,0.0,-1.0,1730461,3.0,7,,0.0,2.0,1.0,A01,138Â 202Â 116,1.0
1013760,201900055291,1,2,13:51,1,2,2,1.0,3.0,75115,BOULEVARD GENERAL MARTIAL VALIN,M,"48,8370570","2,2744540",75,2019,50.0,1.0,1.0,4.0,2267052,4.0,2,4,2,5.0,,0.0,0,2005.0,B01,138Â 202Â 115,1.0,0.0,-1.0,1730460,2.0,7,,0.0,2.0,6.0,B01,138Â 202Â 115,1.0
1013760,201900055291,1,2,13:51,1,2,2,1.0,3.0,75115,BOULEVARD GENERAL MARTIAL VALIN,M,"48,8370570","2,2744540",75,2019,50.0,1.0,1.0,4.0,2267052,4.0,2,4,2,5.0,,0.0,0,2005.0,B01,138Â 202Â 115,1.0,0.0,-1.0,1730461,3.0,7,,0.0,2.0,1.0,A01,138Â 202Â 116,1.0
1013760,201900055291,1,2,13:51,1,2,2,1.0,3.0,75115,BOULEVARD GENERAL MARTIAL VALIN,M,"48,8370570","2,2744540",75,2019,50.0,1.0,1.0,4.0,2267053,1.0,1,4,2,5.0,,0.0,0,1976.0,B01,138Â 202Â 115,1.0,0.0,-1.0,1730460,2.0,7,,0.0,2.0,6.0,B01,138Â 202Â 115,1.0
1013760,201900055291,1,2,13:51,1,2,2,1.0,3.0,75115,BOULEVARD GENERAL MARTIAL VALIN,M,"48,8370570","2,2744540",75,2019,50.0,1.0,1.0,4.0,2267053,1.0,1,4,2,5.0,,0.0,0,1976.0,B01,138Â 202Â 115,1.0,0.0,-1.0,1730461,3.0,7,,0.0,2.0,1.0,A01,138Â 202Â 116,1.0
1013760,201900055291,1,2,13:51,1,2,2,1.0,3.0,75115,BOULEVARD GENERAL MARTIAL VALIN,M,"48,8370570","2,2744540",75,2019,50.0,1.0,1.0,4.0,2267054,1.0,1,1,1,4.0,,0.0,0,1993.0,A01,138Â 202Â 116,1.0,0.0,-1.0,1730460,2.0,7,,0.0,2.0,6.0,B01,138Â 202Â 115,1.0
1013760,201900055291,1,2,13:51,1,2,2,1.0,3.0,75115,BOULEVARD GENERAL MARTIAL VALIN,M,"48,8370570","2,2744540",75,2019,50.0,1.0,1.0,4.0,2267054,1.0,1,1,1,4.0,,0.0,0,1993.0,A01,138Â 202Â 116,1.0,0.0,-1.0,1730461,3.0,7,,0.0,2.0,1.0,A01,138Â 202Â 116,1.0
1013761,201900055292,10,25,23:45,3,2,1,1.0,7.0,59216,Rue de Thun l'Eveque,M,"50,2204650","3,2685370",59,2019,50.0,4.0,2.0,3.0,2267055,2.0,2,1,1,5.0,,0.0,0,2002.0,A01,138Â 202Â 117,1.0,-1.0,-1.0,1730462,1.0,7,,8.0,0.0,3.0,A01,138Â 202Â 117,1.0
1013761,201900055292,10,25,23:45,3,2,1,1.0,7.0,59216,Rue de Thun l'Eveque,M,"50,2204650","3,2685370",59,2019,50.0,4.0,2.0,3.0,2267056,2.0,2,1,2,5.0,,0.0,0,2000.0,A01,138Â 202Â 117,1.0,-1.0,-1.0,1730462,1.0,7,,8.0,0.0,3.0,A01,138Â 202Â 117,1.0
1013761,201900055292,10,25,23:45,3,2,1,1.0,7.0,59216,Rue de Thun l'Eveque,M,"50,2204650","3,2685370",59,2019,50.0,4.0,2.0,3.0,2267057,1.0,1,3,1,5.0,,0.0,0,2001.0,A01,138Â 202Â 117,1.0,-1.0,-1.0,1730462,1.0,7,,8.0,0.0,3.0,A01,138Â 202Â 117,1.0
1013762,201900055293,1,1,22:40,5,2,3,1.0,2.0,75115,QUAI DE GRENELLE,M,"48,8528930","2,2865380",75,2019,50.0,1.0,1.0,4.0,2267058,1.0,1,4,1,9.0,,0.0,0,1960.0,B01,138Â 202Â 113,2.0,6.0,-1.0,1730463,1.0,33,,0.0,2.0,4.0,B01,138Â 202Â 113,1.0
1013762,201900055293,1,1,22:40,5,2,3,1.0,2.0,75115,QUAI DE GRENELLE,M,"48,8528930","2,2865380",75,2019,50.0,1.0,1.0,4.0,2267058,1.0,1,4,1,9.0,,0.0,0,1960.0,B01,138Â 202Â 113,2.0,6.0,-1.0,1730464,1.0,7,,0.0,2.0,2.0,A01,138Â 202Â 114,1.0
1013762,201900055293,1,1,22:40,5,2,3,1.0,2.0,75115,QUAI DE GRENELLE,M,"48,8528930","2,2865380",75,2019,50.0,1.0,1.0,4.0,2267059,1.0,1,1,1,9.0,,0.0,0,1994.0,A01,138Â 202Â 114,1.0,0.0,-1.0,1730463,1.0,33,,0.0,2.0,4.0,B01,138Â 202Â 113,1.0
1013762,201900055293,1,1,22:40,5,2,3,1.0,2.0,75115,QUAI DE GRENELLE,M,"48,8528930","2,2865380",75,2019,50.0,1.0,1.0,4.0,2267059,1.0,1,1,1,9.0,,0.0,0,1994.0,A01,138Â 202Â 114,1.0,0.0,-1.0,1730464,1.0,7,,0.0,2.0,2.0,A01,138Â 202Â 114,1.0
1013763,201900055294,1,4,19:50,5,2,3,1.0,6.0,75114,RUE RAYMOND LOSSERAND,M,"48,8337010","2,3176550",75,2019,30.0,1.0,1.0,4.0,2267060,1.0,1,4,1,4.0,,0.0,0,1978.0,A01,138Â 202Â 110,2.0,0.0,-1.0,1730465,2.0,7,,0.0,0.0,0.0,Z01,138Â 202Â 109,0.0
1013763,201900055294,1,4,19:50,5,2,3,1.0,6.0,75114,RUE RAYMOND LOSSERAND,M,"48,8337010","2,3176550",75,2019,30.0,1.0,1.0,4.0,2267060,1.0,1,4,1,4.0,,0.0,0,1978.0,A01,138Â 202Â 110,2.0,0.0,-1.0,1730466,2.0,30,,0.0,2.0,3.0,A01,138Â 202Â 110,1.0
1013764,201900055295,10,4,13:10,1,1,1,1.0,2.0,69029,RD383   7.640 A 11.044,M,"45,7235200","4,8906900",69,2019,70.0,1.0,1.0,3.0,2267061,1.0,1,4,1,0.0,,-1.0, -1,1973.0,A01,138Â 202Â 108,1.0,8.0,-1.0,1730467,2.0,7,,0.0,2.0,4.0,A01,138Â 202Â 108,1.0
1013764,201900055295,10,4,13:10,1,1,1,1.0,2.0,69029,RD383   7.640 A 11.044,M,"45,7235200","4,8906900",69,2019,70.0,1.0,1.0,3.0,2267061,1.0,1,4,1,0.0,,-1.0, -1,1973.0,A01,138Â 202Â 108,1.0,8.0,-1.0,1730468,2.0,10,,0.0,2.0,1.0,Z01,138Â 202Â 111,1.0
1013765,201900055296,1,4,08:20,1,2,2,1.0,6.0,75114,AVENUE GEORGES LAFENESTRE,M,"48,8251250","2,3111990",75,2019,50.0,1.0,1.0,4.0,2267062,1.0,1,4,1,1.0,,-1.0, -1,1964.0,A01,138Â 202Â 107,2.0,6.0,-1.0,1730469,2.0,43,,12.0,0.0,1.0,A01,138Â 202Â 107,1.0
1013766,201900055297,1,3,13:35,1,2,3,1.0,3.0,75114,RUE DAREAU,M,"48,8314320","2,3380120",75,2019,30.0,1.0,1.0,4.0,2267063,1.0,1,1,1,4.0,,0.0,0,1978.0,B01,138Â 202Â 103,1.0,0.0,-1.0,1730470,2.0,7,,0.0,2.0,3.0,B01,138Â 202Â 103,1.0
1013766,201900055297,1,3,13:35,1,2,3,1.0,3.0,75114,RUE DAREAU,M,"48,8314320","2,3380120",75,2019,30.0,1.0,1.0,4.0,2267063,1.0,1,1,1,4.0,,0.0,0,1978.0,B01,138Â 202Â 103,1.0,0.0,-1.0,1730471,1.0,1,,0.0,2.0,1.0,A01,138Â 202Â 104,5.0
1013766,201900055297,1,3,13:35,1,2,3,1.0,3.0,75114,RUE DAREAU,M,"48,8314320","2,3380120",75,2019,30.0,1.0,1.0,4.0,2267064,1.0,1,4,2,1.0,,0.0,0,1990.0,A01,138Â 202Â 104,2.0,0.0,-1.0,1730470,2.0,7,,0.0,2.0,3.0,B01,138Â 202Â 103,1.0
1013766,201900055297,1,3,13:35,1,2,3,1.0,3.0,75114,RUE DAREAU,M,"48,8314320","2,3380120",75,2019,30.0,1.0,1.0,4.0,2267064,1.0,1,4,2,1.0,,0.0,0,1990.0,A01,138Â 202Â 104,2.0,0.0,-1.0,1730471,1.0,1,,0.0,2.0,1.0,A01,138Â 202Â 104,5.0
1013767,201900055298,10,26,06:55,2,1,1,1.0,3.0,33167,ROUTE NATIONALE 230,M,"44,8204200"," -0,5192000",33,2019,90.0,1.0,1.0,2.0,2267065,1.0,1,4,1,1.0,,-1.0, -1,1958.0,B01,138Â 202Â 105,1.0,8.0,-1.0,1730472,2.0,7,,0.0,2.0,6.0,B01,138Â 202Â 105,1.0
1013767,201900055298,10,26,06:55,2,1,1,1.0,3.0,33167,ROUTE NATIONALE 230,M,"44,8204200"," -0,5192000",33,2019,90.0,1.0,1.0,2.0,2267065,1.0,1,4,1,1.0,,-1.0, -1,1958.0,B01,138Â 202Â 105,1.0,8.0,-1.0,1730473,2.0,7,,0.0,2.0,2.0,A01,138Â 202Â 106,1.0
1013767,201900055298,10,26,06:55,2,1,1,1.0,3.0,33167,ROUTE NATIONALE 230,M,"44,8204200"," -0,5192000",33,2019,90.0,1.0,1.0,2.0,2267066,1.0,1,1,1,5.0,,-1.0, -1,1990.0,A01,138Â 202Â 106,1.0,8.0,-1.0,1730472,2.0,7,,0.0,2.0,6.0,B01,138Â 202Â 105,1.0
1013767,201900055298,10,26,06:55,2,1,1,1.0,3.0,33167,ROUTE NATIONALE 230,M,"44,8204200"," -0,5192000",33,2019,90.0,1.0,1.0,2.0,2267066,1.0,1,1,1,5.0,,-1.0, -1,1990.0,A01,138Â 202Â 106,1.0,8.0,-1.0,1730473,2.0,7,,0.0,2.0,2.0,A01,138Â 202Â 106,1.0
1013768,201900055299,1,5,21:15,5,2,3,1.0,6.0,75113,RUE DE LA GLACIERE,M,"48,8282880","2,3425910",75,2019,50.0,1.0,1.0,4.0,2267067,4.0,2,4,1,5.0,,-1.0, -1,1999.0,A01,138Â 202Â 101,1.0,0.0,-1.0,1730474,2.0,7,,6.0,0.0,1.0,A01,138Â 202Â 101,1.0
1013768,201900055299,1,5,21:15,5,2,3,1.0,6.0,75113,RUE DE LA GLACIERE,M,"48,8282880","2,3425910",75,2019,50.0,1.0,1.0,4.0,2267068,2.0,2,1,1,5.0,,-1.0, -1,2002.0,A01,138Â 202Â 101,1.0,0.0,-1.0,1730474,2.0,7,,6.0,0.0,1.0,A01,138Â 202Â 101,1.0
1013768,201900055299,1,5,21:15,5,2,3,1.0,6.0,75113,RUE DE LA GLACIERE,M,"48,8282880","2,3425910",75,2019,50.0,1.0,1.0,4.0,2267069,1.0,1,4,1,5.0,,-1.0, -1,1996.0,A01,138Â 202Â 101,1.0,0.0,-1.0,1730474,2.0,7,,6.0,0.0,1.0,A01,138Â 202Â 101,1.0
1013768,201900055299,1,5,21:15,5,2,3,1.0,6.0,75113,RUE DE LA GLACIERE,M,"48,8282880","2,3425910",75,2019,50.0,1.0,1.0,4.0,2267070,5.0,2,1,1,5.0,,-1.0, -1,2002.0,A01,138Â 202Â 101,1.0,0.0,-1.0,1730474,2.0,7,,6.0,0.0,1.0,A01,138Â 202Â 101,1.0
1013768,201900055299,1,5,21:15,5,2,3,1.0,6.0,75113,RUE DE LA GLACIERE,M,"48,8282880","2,3425910",75,2019,50.0,1.0,1.0,4.0,2267071,3.0,2,4,2,5.0,,-1.0, -1,1998.0,A01,138Â 202Â 101,1.0,0.0,-1.0,1730474,2.0,7,,6.0,0.0,1.0,A01,138Â 202Â 101,1.0