Unnamed: 0_x,num_acc,mois,jour,hrmn,lum,agg,int,atm,col,com,adr,gps,lat,long,dep,annee,vma,situ,surf,catr,Unnamed: 0_y,place,catu,grav,sexe,trajet,secu,locp,actp,an_nais,num_veh_x,id_vehicule_x,secu1,secu2,secu3,Unnamed: 0,senc,catv,occutc,obs,obsm,choc,num_veh_y,id_vehicule_y,motor
1013769,201900055300,1,5,12:55,1,2,1,1.0,3.0,75112,RUE DE REUILLY,M,"48,8491620","2,3853720",75,2019,50.0,1.0,1.0,4.0,2267072,1.0,1,4,2,1.0,,0.0,0,1995.0,B01,138Â 202Â 096,2.0,6.0,-1.0,1730475,1.0,30,,0.0,2.0,2.0,B01,138Â 202Â 096,1.0
1013769,201900055300,1,5,12:55,1,2,1,1.0,3.0,75112,RUE DE REUILLY,M,"48,8491620","2,3853720",75,2019,50.0,1.0,1.0,4.0,2267072,1.0,1,4,2,1.0,,0.0,0,1995.0,B01,138Â 202Â 096,2.0,6.0,-1.0,1730476,1.0,7,,0.0,2.0,3.0,A01,138Â 202Â 099,1.0
1013769,201900055300,1,5,12:55,1,2,1,1.0,3.0,75112,RUE DE REUILLY,M,"48,8491620","2,3853720",75,2019,50.0,1.0,1.0,4.0,2267073,1.0,1,1,1,5.0,,0.0,0,1972.0,A01,138Â 202Â 099,1.0,0.0,-1.0,1730475,1.0,30,,0.0,2.0,2.0,B01,138Â 202Â 096,1.0
1013769,201900055300,1,5,12:55,1,2,1,1.0,3.0,75112,RUE DE REUILLY,M,"48,8491620","2,3853720",75,2019,50.0,1.0,1.0,4.0,2267073,1.0,1,1,1,5.0,,0.0,0,1972.0,A01,138Â 202Â 099,1.0,0.0,-1.0,1730476,1.0,7,,0.0,2.0,3.0,A01,138Â 202Â 099,1.0
1013770,201900055301,1,4,20:40,5,2,1,1.0,6.0,75111,RUE DU FAUBOURG SAINT ANTOINE,M,"48,8505050","2,3797380",75,2019,50.0,1.0,1.0,4.0,2267074,10.0,3,4,2,1.0,,2.0,3,1944.0,A01,138Â 202Â 092,8.0,0.0,-1.0,1730477,1.0,32,,0.0,1.0,2.0,A01,138Â 202Â 092,1.0
1013770,201900055301,1,4,20:40,5,2,1,1.0,6.0,75111,RUE DU FAUBOURG SAINT ANTOINE,M,"48,8505050","2,3797380",75,2019,50.0,1.0,1.0,4.0,2267075,1.0,1,1,1,1.0,,0.0,0,1981.0,A01,138Â 202Â 092,2.0,6.0,-1.0,1730477,1.0,32,,0.0,1.0,2.0,A01,138Â 202Â 092,1.0
1013771,201900055302,10,26,15:00,1,1,1,1.0,4.0,91689,AUTOROUTE A6,M,"48,7292900","2,3144800",91,2019,110.0,1.0,1.0,1.0,2267076,1.0,1,1,2,0.0,,-1.0, -1,1998.0,A01,138Â 202Â 093,1.0,0.0,-1.0,1730478,2.0,7,,0.0,2.0,1.0,A01,138Â 202Â 093,1.0
1013771,201900055302,10,26,15:00,1,1,1,1.0,4.0,91689,AUTOROUTE A6,M,"48,7292900","2,3144800",91,2019,110.0,1.0,1.0,1.0,2267076,1.0,1,1,2,0.0,,-1.0, -1,1998.0,A01,138Â 202Â 093,1.0,0.0,-1.0,1730479,2.0,7,,0.0,2.0,1.0,B01,138Â 202Â 094,1.0
1013771,201900055302,10,26,15:00,1,1,1,1.0,4.0,91689,AUTOROUTE A6,M,"48,7292900","2,3144800",91,2019,110.0,1.0,1.0,1.0,2267076,1.0,1,1,2,0.0,,-1.0, -1,1998.0,A01,138Â 202Â 093,1.0,0.0,-1.0,1730480,2.0,7,,0.0,2.0,4.0,C01,138Â 202Â 097,1.0
1013771,201900055302,10,26,15:00,1,1,1,1.0,4.0,91689,AUTOROUTE A6,M,"48,7292900","2,3144800",91,2019,110.0,1.0,1.0,1.0,2267076,1.0,1,1,2,0.0,,-1.0, -1,1998.0,A01,138Â 202Â 093,1.0,0.0,-1.0,1730481,2.0,7,,0.0,2.0,4.0,D01,138Â 202Â 100,1.0
1013771,201900055302,10,26,15:00,1,1,1,1.0,4.0,91689,AUTOROUTE A6,M,"48,7292900","2,3144800",91,2019,110.0,1.0,1.0,1.0,2267076,1.0,1,1,2,0.0,,-1.0, -1,1998.0,A01,138Â 202Â 093,1.0,0.0,-1.0,1730482,2.0,10,,0.0,2.0,4.0,E01,138Â 202Â 102,1.0
1013771,201900055302,10,26,15:00,1,1,1,1.0,4.0,91689,AUTOROUTE A6,M,"48,7292900","2,3144800",91,2019,110.0,1.0,1.0,1.0,2267077,4.0,2,4,2,0.0,,0.0,0,2019.0,B01,138Â 202Â 094,8.0,0.0,-1.0,1730478,2.0,7,,0.0,2.0,1.0,A01,138Â 202Â 093,1.0
1013771,201900055302,10,26,15:00,1,1,1,1.0,4.0,91689,AUTOROUTE A6,M,"48,7292900","2,3144800",91,2019,110.0,1.0,1.0,1.0,2267077,4.0,2,4,2,0.0,,0.0,0,2019.0,B01,138Â 202Â 094,8.0,0.0,-1.0,1730479,2.0,7,,0.0,2.0,1.0,B01,138Â 202Â 094,1.0
1013771,201900055302,10,26,15:00,1,1,1,1.0,4.0,91689,AUTOROUTE A6,M,"48,7292900","2,3144800",91,2019,110.0,1.0,1.0,1.0,2267077,4.0,2,4,2,0.0,,0.0,0,2019.0,B01,138Â 202Â 094,8.0,0.0,-1.0,1730480,2.0,7,,0.0,2.0,4.0,C01,138Â 202Â 097,1.0
1013771,201900055302,10,26,15:00,1,1,1,1.0,4.0,91689,AUTOROUTE A6,M,"48,7292900","2,3144800",91,2019,110.0,1.0,1.0,1.0,2267077,4.0,2,4,2,0.0,,0.0,0,2019.0,B01,138Â 202Â 094,8.0,0.0,-1.0,1730481,2.0,7,,0.0,2.0,4.0,D01,138Â 202Â 100,1.0
1013771,201900055302,10,26,15:00,1,1,1,1.0,4.0,91689,AUTOROUTE A6,M,"48,7292900","2,3144800",91,2019,110.0,1.0,1.0,1.0,2267077,4.0,2,4,2,0.0,,0.0,0,2019.0,B01,138Â 202Â 094,8.0,0.0,-1.0,1730482,2.0,10,,0.0,2.0,4.0,E01,138Â 202Â 102,1.0
1013771,201900055302,10,26,15:00,1,1,1,1.0,4.0,91689,AUTOROUTE A6,M,"48,7292900","2,3144800",91,2019,110.0,1.0,1.0,1.0,2267078,3.0,2,4,2,5.0,,0.0,0,1993.0,B01,138Â 202Â 094,1.0,0.0,-1.0,1730478,2.0,7,,0.0,2.0,1.0,A01,138Â 202Â 093,1.0
1013771,201900055302,10,26,15:00,1,1,1,1.0,4.0,91689,AUTOROUTE A6,M,"48,7292900","2,3144800",91,2019,110.0,1.0,1.0,1.0,2267078,3.0,2,4,2,5.0,,0.0,0,1993.0,B01,138Â 202Â 094,1.0,0.0,-1.0,1730479,2.0,7,,0.0,2.0,1.0,B01,138Â 202Â 094,1.0
1013771,201900055302,10,26,15:00,1,1,1,1.0,4.0,91689,AUTOROUTE A6,M,"48,7292900","2,3144800",91,2019,110.0,1.0,1.0,1.0,2267078,3.0,2,4,2,5.0,,0.0,0,1993.0,B01,138Â 202Â 094,1.0,0.0,-1.0,1730480,2.0,7,,0.0,2.0,4.0,C01,138Â 202Â 097,1.0
1013771,201900055302,10,26,15:00,1,1,1,1.0,4.0,91689,AUTOROUTE A6,M,"48,7292900","2,3144800",91,2019,110.0,1.0,1.0,1.0,2267078,3.0,2,4,2,5.0,,0.0,0,1993.0,B01,138Â 202Â 094,1.0,0.0,-1.0,1730481,2.0,7,,0.0,2.0,4.0,D01,138Â 202Â 100,1.0
1013771,201900055302,10,26,15:00,1,1,1,1.0,4.0,91689,AUTOROUTE A6,M,"48,7292900","2,3144800",91,2019,110.0,1.0,1.0,1.0,2267078,3.0,2,4,2,5.0,,0.0,0,1993.0,B01,138Â 202Â 094,1.0,0.0,-1.0,1730482,2.0,10,,0.0,2.0,4.0,E01,138Â 202Â 102,1.0
1013771,201900055302,10,26,15:00,1,1,1,1.0,4.0,91689,AUTOROUTE A6,M,"48,7292900","2,3144800",91,2019,110.0,1.0,1.0,1.0,2267079,1.0,1,1,1,0.0,,0.0,0,1990.0,B01,138Â 202Â 094,1.0,0.0,-1.0,1730478,2.0,7,,0.0,2.0,1.0,A01,138Â 202Â 093,1.0
1013771,201900055302,10,26,15:00,1,1,1,1.0,4.0,91689,AUTOROUTE A6,M,"48,7292900","2,3144800",91,2019,110.0,1.0,1.0,1.0,2267079,1.0,1,1,1,0.0,,0.0,0,1990.0,B01,138Â 202Â 094,1.0,0.0,-1.0,1730479,2.0,7,,0.0,2.0,1.0,B01,138Â 202Â 094,1.0
1013771,201900055302,10,26,15:00,1,1,1,1.0,4.0,91689,AUTOROUTE A6,M,"48,7292900","2,3144800",91,2019,110.0,1.0,1.0,1.0,2267079,1.0,1,1,1,0.0,,0.0,0,1990.0,B01,138Â 202Â 094,1.0,0.0,-1.0,1730480,2.0,7,,0.0,2.0,4.0,C01,138Â 202Â 097,1.0
1013771,201900055302,10,26,15:00,1,1,1,1.0,4.0,91689,AUTOROUTE A6,M,"48,7292900","2,3144800",91,2019,110.0,1.0,1.0,1.0,2267079,1.0,1,1,1,0.0,,0.0,0,1990.0,B01,138Â 202Â 094,1.0,0.0,-1.0,1730481,2.0,7,,0.0,2.0,4.0,D01,138Â 202Â 100,1.0
1013771,201900055302,10,26,15:00,1,1,1,1.0,4.0,91689,AUTOROUTE A6,M,"48,7292900","2,3144800",91,2019,110.0,1.0,1.0,1.0,2267079,1.0,1,1,1,0.0,,0.0,0,1990.0,B01,138Â 202Â 094,1.0,0.0,-1.0,1730482,2.0,10,,0.0,2.0,4.0,E01,138Â 202Â 102,1.0
1013771,201900055302,10,26,15:00,1,1,1,1.0,4.0,91689,AUTOROUTE A6,M,"48,7292900","2,3144800",91,2019,110.0,1.0,1.0,1.0,2267080,1.0,1,1,1,0.0,,0.0,0,1965.0,C01,138Â 202Â 097,1.0,0.0,-1.0,1730478,2.0,7,,0.0,2.0,1.0,A01,138Â 202Â 093,1.0
1013771,201900055302,10,26,15:00,1,1,1,1.0,4.0,91689,AUTOROUTE A6,M,"48,7292900","2,3144800",91,2019,110.0,1.0,1.0,1.0,2267080,1.0,1,1,1,0.0,,0.0,0,1965.0,C01,138Â 202Â 097,1.0,0.0,-1.0,1730479,2.0,7,,0.0,2.0,1.0,B01,138Â 202Â 094,1.0
1013771,201900055302,10,26,15:00,1,1,1,1.0,4.0,91689,AUTOROUTE A6,M,"48,7292900","2,3144800",91,2019,110.0,1.0,1.0,1.0,2267080,1.0,1,1,1,0.0,,0.0,0,1965.0,C01,138Â 202Â 097,1.0,0.0,-1.0,1730480,2.0,7,,0.0,2.0,4.0,C01,138Â 202Â 097,1.0
1013771,201900055302,10,26,15:00,1,1,1,1.0,4.0,91689,AUTOROUTE A6,M,"48,7292900","2,3144800",91,2019,110.0,1.0,1.0,1.0,2267080,1.0,1,1,1,0.0,,0.0,0,1965.0,C01,138Â 202Â 097,1.0,0.0,-1.0,1730481,2.0,7,,0.0,2.0,4.0,D01,138Â 202Â 100,1.0
1013771,201900055302,10,26,15:00,1,1,1,1.0,4.0,91689,AUTOROUTE A6,M,"48,7292900","2,3144800",91,2019,110.0,1.0,1.0,1.0,2267080,1.0,1,1,1,0.0,,0.0,0,1965.0,C01,138Â 202Â 097,1.0,0.0,-1.0,1730482,2.0,10,,0.0,2.0,4.0,E01,138Â 202Â 102,1.0
1013771,201900055302,10,26,15:00,1,1,1,1.0,4.0,91689,AUTOROUTE A6,M,"48,7292900","2,3144800",91,2019,110.0,1.0,1.0,1.0,2267081,1.0,1,1,1,0.0,,0.0,0,1987.0,D01,138Â 202Â 100,1.0,0.0,-1.0,1730478,2.0,7,,0.0,2.0,1.0,A01,138Â 202Â 093,1.0
1013771,201900055302,10,26,15:00,1,1,1,1.0,4.0,91689,AUTOROUTE A6,M,"48,7292900","2,3144800",91,2019,110.0,1.0,1.0,1.0,2267081,1.0,1,1,1,0.0,,0.0,0,1987.0,D01,138Â 202Â 100,1.0,0.0,-1.0,1730479,2.0,7,,0.0,2.0,1.0,B01,138Â 202Â 094,1.0
1013771,201900055302,10,26,15:00,1,1,1,1.0,4.0,91689,AUTOROUTE A6,M,"48,7292900","2,3144800",91,2019,110.0,1.0,1.0,1.0,2267081,1.0,1,1,1,0.0,,0.0,0,1987.0,D01,138Â 202Â 100,1.0,0.0,-1.0,1730480,2.0,7,,0.0,2.0,4.0,C01,138Â 202Â 097,1.0
1013771,201900055302,10,26,15:00,1,1,1,1.0,4.0,91689,AUTOROUTE A6,M,"48,7292900","2,3144800",91,2019,110.0,1.0,1.0,1.0,2267081,1.0,1,1,1,0.0,,0.0,0,1987.0,D01,138Â 202Â 100,1.0,0.0,-1.0,1730481,2.0,7,,0.0,2.0,4.0,D01,138Â 202Â 100,1.0
1013771,201900055302,10,26,15:00,1,1,1,1.0,4.0,91689,AUTOROUTE A6,M,"48,7292900","2,3144800",91,2019,110.0,1.0,1.0,1.0,2267081,1.0,1,1,1,0.0,,0.0,0,1987.0,D01,138Â 202Â 100,1.0,0.0,-1.0,1730482,2.0,10,,0.0,2.0,4.0,E01,138Â 202Â 102,1.0
1013771,201900055302,10,26,15:00,1,1,1,1.0,4.0,91689,AUTOROUTE A6,M,"48,7292900","2,3144800",91,2019,110.0,1.0,1.0,1.0,2267082,1.0,1,1,1,0.0,,0.0,0,1992.0,E01,138Â 202Â 102,1.0,0.0,-1.0,1730478,2.0,7,,0.0,2.0,1.0,A01,138Â 202Â 093,1.0
1013771,201900055302,10,26,15:00,1,1,1,1.0,4.0,91689,AUTOROUTE A6,M,"48,7292900","2,3144800",91,2019,110.0,1.0,1.0,1.0,2267082,1.0,1,1,1,0.0,,0.0,0,1992.0,E01,138Â 202Â 102,1.0,0.0,-1.0,1730479,2.0,7,,0.0,2.0,1.0,B01,138Â 202Â 094,1.0
1013771,201900055302,10,26,15:00,1,1,1,1.0,4.0,91689,AUTOROUTE A6,M,"48,7292900","2,3144800",91,2019,110.0,1.0,1.0,1.0,2267082,1.0,1,1,1,0.0,,0.0,0,1992.0,E01,138Â 202Â 102,1.0,0.0,-1.0,1730480,2.0,7,,0.0,2.0,4.0,C01,138Â 202Â 097,1.0
1013771,201900055302,10,26,15:00,1,1,1,1.0,4.0,91689,AUTOROUTE A6,M,"48,7292900","2,3144800",91,2019,110.0,1.0,1.0,1.0,2267082,1.0,1,1,1,0.0,,0.0,0,1992.0,E01,138Â 202Â 102,1.0,0.0,-1.0,1730481,2.0,7,,0.0,2.0,4.0,D01,138Â 202Â 100,1.0
1013771,201900055302,10,26,15:00,1,1,1,1.0,4.0,91689,AUTOROUTE A6,M,"48,7292900","2,3144800",91,2019,110.0,1.0,1.0,1.0,2267082,1.0,1,1,1,0.0,,0.0,0,1992.0,E01,138Â 202Â 102,1.0,0.0,-1.0,1730482,2.0,10,,0.0,2.0,4.0,E01,138Â 202Â 102,1.0
1013772,201900055303,9,23,14:55,1,2,1,1.0,6.0,06069,CHENES (CHEMIN DES),M,"43,6408510","6,9111790",6,2019,50.0,2.0,1.0,4.0,2267083,10.0,3,4,1,9.0,,3.0,3,1931.0,A01,138Â 202Â 091,8.0,0.0,-1.0,1730483,1.0,10,,0.0,1.0,1.0,A01,138Â 202Â 091,0.0
1013773,201900055304,1,4,21:30,5,2,1,1.0,3.0,75111,AVENUE PHILIPPE AUGUSTE,M,"48,8502650","2,3947430",75,2019,50.0,1.0,1.0,4.0,2267084,1.0,1,1,1,4.0,,0.0,0,1983.0,B01,138Â 202Â 089,1.0,0.0,-1.0,1730484,3.0,7,,0.0,2.0,0.0,B01,138Â 202Â 089,1.0
1013773,201900055304,1,4,21:30,5,2,1,1.0,3.0,75111,AVENUE PHILIPPE AUGUSTE,M,"48,8502650","2,3947430",75,2019,50.0,1.0,1.0,4.0,2267084,1.0,1,1,1,4.0,,0.0,0,1983.0,B01,138Â 202Â 089,1.0,0.0,-1.0,1730485,1.0,2,,0.0,2.0,2.0,A01,138Â 202Â 090,1.0
1013773,201900055304,1,4,21:30,5,2,1,1.0,3.0,75111,AVENUE PHILIPPE AUGUSTE,M,"48,8502650","2,3947430",75,2019,50.0,1.0,1.0,4.0,2267085,1.0,1,4,1,4.0,,0.0,0,1997.0,A01,138Â 202Â 090,2.0,6.0,-1.0,1730484,3.0,7,,0.0,2.0,0.0,B01,138Â 202Â 089,1.0
1013773,201900055304,1,4,21:30,5,2,1,1.0,3.0,75111,AVENUE PHILIPPE AUGUSTE,M,"48,8502650","2,3947430",75,2019,50.0,1.0,1.0,4.0,2267085,1.0,1,4,1,4.0,,0.0,0,1997.0,A01,138Â 202Â 090,2.0,6.0,-1.0,1730485,1.0,2,,0.0,2.0,2.0,A01,138Â 202Â 090,1.0
1013774,201900055305,10,26,16:00,1,1,1,1.0,2.0,91549,RN 104,M,"48,6257800","2,3387700",91,2019,110.0,1.0,1.0,2.0,2267086,1.0,1,3,2,5.0,,0.0,0,1969.0,B01,138Â 202Â 087,1.0,8.0,-1.0,1730486,2.0,7,,0.0,2.0,5.0,B01,138Â 202Â 087,1.0
1013774,201900055305,10,26,16:00,1,1,1,1.0,2.0,91549,RN 104,M,"48,6257800","2,3387700",91,2019,110.0,1.0,1.0,2.0,2267086,1.0,1,3,2,5.0,,0.0,0,1969.0,B01,138Â 202Â 087,1.0,8.0,-1.0,1730487,2.0,7,,0.0,2.0,3.0,A01,138Â 202Â 088,1.0
1013774,201900055305,10,26,16:00,1,1,1,1.0,2.0,91549,RN 104,M,"48,6257800","2,3387700",91,2019,110.0,1.0,1.0,2.0,2267087,1.0,1,1,2,5.0,,0.0,0,1942.0,A01,138Â 202Â 088,1.0,8.0,-1.0,1730486,2.0,7,,0.0,2.0,5.0,B01,138Â 202Â 087,1.0
1013774,201900055305,10,26,16:00,1,1,1,1.0,2.0,91549,RN 104,M,"48,6257800","2,3387700",91,2019,110.0,1.0,1.0,2.0,2267087,1.0,1,1,2,5.0,,0.0,0,1942.0,A01,138Â 202Â 088,1.0,8.0,-1.0,1730487,2.0,7,,0.0,2.0,3.0,A01,138Â 202Â 088,1.0
1013774,201900055305,10,26,16:00,1,1,1,1.0,2.0,91549,RN 104,M,"48,6257800","2,3387700",91,2019,110.0,1.0,1.0,2.0,2267088,2.0,2,1,1,0.0,,0.0,0,1943.0,A01,138Â 202Â 088,1.0,4.0,-1.0,1730486,2.0,7,,0.0,2.0,5.0,B01,138Â 202Â 087,1.0
1013774,201900055305,10,26,16:00,1,1,1,1.0,2.0,91549,RN 104,M,"48,6257800","2,3387700",91,2019,110.0,1.0,1.0,2.0,2267088,2.0,2,1,1,0.0,,0.0,0,1943.0,A01,138Â 202Â 088,1.0,4.0,-1.0,1730487,2.0,7,,0.0,2.0,3.0,A01,138Â 202Â 088,1.0
1013775,201900055306,1,4,17:30,5,2,2,1.0,2.0,75111,BOULEVARD RICHARD LENOIR,M,"48,8580080","2,3716340",75,2019,50.0,1.0,1.0,4.0,2267089,1.0,1,1,1,0.0,,0.0,0,1950.0,B01,138Â 202Â 078,1.0,0.0,-1.0,1730488,1.0,7,,0.0,2.0,5.0,B01,138Â 202Â 078,1.0
1013775,201900055306,1,4,17:30,5,2,2,1.0,2.0,75111,BOULEVARD RICHARD LENOIR,M,"48,8580080","2,3716340",75,2019,50.0,1.0,1.0,4.0,2267089,1.0,1,1,1,0.0,,0.0,0,1950.0,B01,138Â 202Â 078,1.0,0.0,-1.0,1730489,1.0,7,,1.0,2.0,3.0,A01,138Â 202Â 079,1.0
1013775,201900055306,1,4,17:30,5,2,2,1.0,2.0,75111,BOULEVARD RICHARD LENOIR,M,"48,8580080","2,3716340",75,2019,50.0,1.0,1.0,4.0,2267090,1.0,1,4,1,0.0,,0.0,0,1969.0,A01,138Â 202Â 079,1.0,0.0,-1.0,1730488,1.0,7,,0.0,2.0,5.0,B01,138Â 202Â 078,1.0
1013775,201900055306,1,4,17:30,5,2,2,1.0,2.0,75111,BOULEVARD RICHARD LENOIR,M,"48,8580080","2,3716340",75,2019,50.0,1.0,1.0,4.0,2267090,1.0,1,4,1,0.0,,0.0,0,1969.0,A01,138Â 202Â 079,1.0,0.0,-1.0,1730489,1.0,7,,1.0,2.0,3.0,A01,138Â 202Â 079,1.0
1013776,201900055307,1,4,10:50,1,2,3,8.0,3.0,75103,BOULEVARD DES FILLES DU CALVAIRE,M,"48,8609520","2,3672640",75,2019,50.0,1.0,1.0,4.0,2267091,1.0,1,4,1,0.0,,0.0,0,1989.0,A01,138Â 202Â 076,2.0,6.0,-1.0,1730490,1.0,34,,0.0,2.0,2.0,A01,138Â 202Â 076,1.0
1013776,201900055307,1,4,10:50,1,2,3,8.0,3.0,75103,BOULEVARD DES FILLES DU CALVAIRE,M,"48,8609520","2,3672640",75,2019,50.0,1.0,1.0,4.0,2267091,1.0,1,4,1,0.0,,0.0,0,1989.0,A01,138Â 202Â 076,2.0,6.0,-1.0,1730491,1.0,7,,0.0,2.0,3.0,B01,138Â 202Â 077,2.0
1013776,201900055307,1,4,10:50,1,2,3,8.0,3.0,75103,BOULEVARD DES FILLES DU CALVAIRE,M,"48,8609520","2,3672640",75,2019,50.0,1.0,1.0,4.0,2267092,1.0,1,1,1,4.0,,0.0,0,1976.0,B01,138Â 202Â 077,1.0,0.0,-1.0,1730490,1.0,34,,0.0,2.0,2.0,A01,138Â 202Â 076,1.0
1013776,201900055307,1,4,10:50,1,2,3,8.0,3.0,75103,BOULEVARD DES FILLES DU CALVAIRE,M,"48,8609520","2,3672640",75,2019,50.0,1.0,1.0,4.0,2267092,1.0,1,1,1,4.0,,0.0,0,1976.0,B01,138Â 202Â 077,1.0,0.0,-1.0,1730491,1.0,7,,0.0,2.0,3.0,B01,138Â 202Â 077,2.0
1013777,201900055308,9,21,16:00,1,2,3,1.0,6.0,06123,VESPINS ROUTE DES,M,"43,6600420","7,1835380",6,2019,50.0,1.0,1.0,7.0,2267093,1.0,1,4,1,5.0,,0.0,0,1996.0,A01,138Â 202Â 081,2.0,6.0,-1.0,1730492,1.0,33,,0.0,0.0,0.0,A01,138Â 202Â 081,1.0
1013777,201900055308,9,21,16:00,1,2,3,1.0,6.0,06123,VESPINS ROUTE DES,M,"43,6600420","7,1835380",6,2019,50.0,1.0,1.0,7.0,2267093,1.0,1,4,1,5.0,,0.0,0,1996.0,A01,138Â 202Â 081,2.0,6.0,-1.0,1730493,3.0,7,,0.0,0.0,0.0,B01,138Â 202Â 086,1.0
1013777,201900055308,9,21,16:00,1,2,3,1.0,6.0,06123,VESPINS ROUTE DES,M,"43,6600420","7,1835380",6,2019,50.0,1.0,1.0,7.0,2267094,1.0,1,1,2,5.0,,0.0,0,1973.0,B01,138Â 202Â 086,1.0,8.0,-1.0,1730492,1.0,33,,0.0,0.0,0.0,A01,138Â 202Â 081,1.0
1013777,201900055308,9,21,16:00,1,2,3,1.0,6.0,06123,VESPINS ROUTE DES,M,"43,6600420","7,1835380",6,2019,50.0,1.0,1.0,7.0,2267094,1.0,1,1,2,5.0,,0.0,0,1973.0,B01,138Â 202Â 086,1.0,8.0,-1.0,1730493,3.0,7,,0.0,0.0,0.0,B01,138Â 202Â 086,1.0
1013778,201900055309,1,1,22:15,5,2,2,1.0,6.0,75111,RUE DE CHARONNE,M,"48,8535780","2,3804190",75,2019,50.0,1.0,1.0,4.0,2267095,1.0,1,4,1,9.0,,0.0,0,1980.0,A01,138Â 202Â 075,2.0,6.0,-1.0,1730494,0.0,30,,0.0,2.0,0.0,Z01,138Â 202Â 074,0.0
1013778,201900055309,1,1,22:15,5,2,2,1.0,6.0,75111,RUE DE CHARONNE,M,"48,8535780","2,3804190",75,2019,50.0,1.0,1.0,4.0,2267095,1.0,1,4,1,9.0,,0.0,0,1980.0,A01,138Â 202Â 075,2.0,6.0,-1.0,1730495,2.0,32,,1.0,2.0,0.0,A01,138Â 202Â 075,1.0
1013779,201900055310,1,4,10:00,1,2,2,1.0,6.0,75103,BOULEVARD SAINT DENIS,M,"48,8693170","2,3542980",75,2019,50.0,1.0,1.0,4.0,2267096,10.0,3,4,1,9.0,,4.0,3,1969.0,Z01,138Â 202Â 072,8.0,0.0,-1.0,1730496,1.0,34,,0.0,1.0,0.0,Z01,138Â 202Â 072,1.0
1013780,201900055311,1,3,20:25,3,2,1,1.0,6.0,75110,PLACE DE LA REPUBLIQUE,M,"48,8681370","2,3637210",75,2019,30.0,6.0,1.0,4.0,2267097,1.0,1,1,1,4.0,,0.0,0,1985.0,A01,138Â 202Â 071,2.0,6.0,-1.0,1730497,1.0,31,,0.0,1.0,2.0,A01,138Â 202Â 071,1.0
1013780,201900055311,1,3,20:25,3,2,1,1.0,6.0,75110,PLACE DE LA REPUBLIQUE,M,"48,8681370","2,3637210",75,2019,30.0,6.0,1.0,4.0,2267098,10.0,3,4,1,5.0,,8.0,2,2010.0,A01,138Â 202Â 071,8.0,0.0,-1.0,1730497,1.0,31,,0.0,1.0,2.0,A01,138Â 202Â 071,1.0
1013781,201900055312,1,5,02:10,5,2,2,1.0,3.0,75108,PONT DES INVALIDES,M,"48,8646180","2,3103220",75,2019,50.0,1.0,1.0,4.0,2267099,2.0,2,4,2,5.0,,0.0,0,2001.0,A01,138Â 202Â 068,1.0,0.0,-1.0,1730498,1.0,7,,0.0,2.0,2.0,A01,138Â 202Â 068,1.0
1013781,201900055312,1,5,02:10,5,2,2,1.0,3.0,75108,PONT DES INVALIDES,M,"48,8646180","2,3103220",75,2019,50.0,1.0,1.0,4.0,2267099,2.0,2,4,2,5.0,,0.0,0,2001.0,A01,138Â 202Â 068,1.0,0.0,-1.0,1730499,1.0,7,,0.0,2.0,1.0,B01,138Â 202Â 070,1.0
1013781,201900055312,1,5,02:10,5,2,2,1.0,3.0,75108,PONT DES INVALIDES,M,"48,8646180","2,3103220",75,2019,50.0,1.0,1.0,4.0,2267100,1.0,1,1,2,9.0,,0.0,0,1998.0,A01,138Â 202Â 068,1.0,0.0,-1.0,1730498,1.0,7,,0.0,2.0,2.0,A01,138Â 202Â 068,1.0
1013781,201900055312,1,5,02:10,5,2,2,1.0,3.0,75108,PONT DES INVALIDES,M,"48,8646180","2,3103220",75,2019,50.0,1.0,1.0,4.0,2267100,1.0,1,1,2,9.0,,0.0,0,1998.0,A01,138Â 202Â 068,1.0,0.0,-1.0,1730499,1.0,7,,0.0,2.0,1.0,B01,138Â 202Â 070,1.0
1013781,201900055312,1,5,02:10,5,2,2,1.0,3.0,75108,PONT DES INVALIDES,M,"48,8646180","2,3103220",75,2019,50.0,1.0,1.0,4.0,2267101,5.0,2,4,2,5.0,,0.0,0,1983.0,B01,138Â 202Â 070,1.0,0.0,-1.0,1730498,1.0,7,,0.0,2.0,2.0,A01,138Â 202Â 068,1.0
1013781,201900055312,1,5,02:10,5,2,2,1.0,3.0,75108,PONT DES INVALIDES,M,"48,8646180","2,3103220",75,2019,50.0,1.0,1.0,4.0,2267101,5.0,2,4,2,5.0,,0.0,0,1983.0,B01,138Â 202Â 070,1.0,0.0,-1.0,1730499,1.0,7,,0.0,2.0,1.0,B01,138Â 202Â 070,1.0
1013781,201900055312,1,5,02:10,5,2,2,1.0,3.0,75108,PONT DES INVALIDES,M,"48,8646180","2,3103220",75,2019,50.0,1.0,1.0,4.0,2267102,1.0,1,1,1,9.0,,0.0,0,1989.0,B01,138Â 202Â 070,1.0,0.0,-1.0,1730498,1.0,7,,0.0,2.0,2.0,A01,138Â 202Â 068,1.0
1013781,201900055312,1,5,02:10,5,2,2,1.0,3.0,75108,PONT DES INVALIDES,M,"48,8646180","2,3103220",75,2019,50.0,1.0,1.0,4.0,2267102,1.0,1,1,1,9.0,,0.0,0,1989.0,B01,138Â 202Â 070,1.0,0.0,-1.0,1730499,1.0,7,,0.0,2.0,1.0,B01,138Â 202Â 070,1.0