Unnamed: 0_x,num_acc,mois,jour,hrmn,lum,agg,int,atm,col,com,adr,gps,lat,long,dep,annee,vma,situ,surf,catr,Unnamed: 0_y,place,catu,grav,sexe,trajet,secu,locp,actp,an_nais,num_veh_x,id_vehicule_x,secu1,secu2,secu3,Unnamed: 0,senc,catv,occutc,obs,obsm,choc,num_veh_y,id_vehicule_y,motor
1013782,201900055313,10,26,12:50,1,1,1,1.0,6.0,92025,A86,M,"48,9258744","2,2342563",92,2019,90.0,1.0,1.0,1.0,2267103,1.0,1,4,1,4.0,,-1.0,0,1990.0,A01,138Â 202Â 080,1.0,5.0,-1.0,1730500,1.0,7,,0.0,2.0,1.0,A01,138Â 202Â 080,1.0
1013782,201900055313,10,26,12:50,1,1,1,1.0,6.0,92025,A86,M,"48,9258744","2,2342563",92,2019,90.0,1.0,1.0,1.0,2267103,1.0,1,4,1,4.0,,-1.0,0,1990.0,A01,138Â 202Â 080,1.0,5.0,-1.0,1730501,1.0,7,,0.0,2.0,4.0,B01,138Â 202Â 082,1.0
1013782,201900055313,10,26,12:50,1,1,1,1.0,6.0,92025,A86,M,"48,9258744","2,2342563",92,2019,90.0,1.0,1.0,1.0,2267103,1.0,1,4,1,4.0,,-1.0,0,1990.0,A01,138Â 202Â 080,1.0,5.0,-1.0,1730502,1.0,7,,0.0,2.0,4.0,C01,138Â 202Â 083,1.0
1013782,201900055313,10,26,12:50,1,1,1,1.0,6.0,92025,A86,M,"48,9258744","2,2342563",92,2019,90.0,1.0,1.0,1.0,2267103,1.0,1,4,1,4.0,,-1.0,0,1990.0,A01,138Â 202Â 080,1.0,5.0,-1.0,1730503,1.0,7,,0.0,2.0,4.0,D01,138Â 202Â 084,1.0
1013782,201900055313,10,26,12:50,1,1,1,1.0,6.0,92025,A86,M,"48,9258744","2,2342563",92,2019,90.0,1.0,1.0,1.0,2267103,1.0,1,4,1,4.0,,-1.0,0,1990.0,A01,138Â 202Â 080,1.0,5.0,-1.0,1730504,1.0,7,,0.0,2.0,4.0,E01,138Â 202Â 085,1.0
1013782,201900055313,10,26,12:50,1,1,1,1.0,6.0,92025,A86,M,"48,9258744","2,2342563",92,2019,90.0,1.0,1.0,1.0,2267104,1.0,1,1,1,4.0,,-1.0,0,1987.0,B01,138Â 202Â 082,1.0,0.0,-1.0,1730500,1.0,7,,0.0,2.0,1.0,A01,138Â 202Â 080,1.0
1013782,201900055313,10,26,12:50,1,1,1,1.0,6.0,92025,A86,M,"48,9258744","2,2342563",92,2019,90.0,1.0,1.0,1.0,2267104,1.0,1,1,1,4.0,,-1.0,0,1987.0,B01,138Â 202Â 082,1.0,0.0,-1.0,1730501,1.0,7,,0.0,2.0,4.0,B01,138Â 202Â 082,1.0
1013782,201900055313,10,26,12:50,1,1,1,1.0,6.0,92025,A86,M,"48,9258744","2,2342563",92,2019,90.0,1.0,1.0,1.0,2267104,1.0,1,1,1,4.0,,-1.0,0,1987.0,B01,138Â 202Â 082,1.0,0.0,-1.0,1730502,1.0,7,,0.0,2.0,4.0,C01,138Â 202Â 083,1.0
1013782,201900055313,10,26,12:50,1,1,1,1.0,6.0,92025,A86,M,"48,9258744","2,2342563",92,2019,90.0,1.0,1.0,1.0,2267104,1.0,1,1,1,4.0,,-1.0,0,1987.0,B01,138Â 202Â 082,1.0,0.0,-1.0,1730503,1.0,7,,0.0,2.0,4.0,D01,138Â 202Â 084,1.0
1013782,201900055313,10,26,12:50,1,1,1,1.0,6.0,92025,A86,M,"48,9258744","2,2342563",92,2019,90.0,1.0,1.0,1.0,2267104,1.0,1,1,1,4.0,,-1.0,0,1987.0,B01,138Â 202Â 082,1.0,0.0,-1.0,1730504,1.0,7,,0.0,2.0,4.0,E01,138Â 202Â 085,1.0
1013782,201900055313,10,26,12:50,1,1,1,1.0,6.0,92025,A86,M,"48,9258744","2,2342563",92,2019,90.0,1.0,1.0,1.0,2267105,1.0,1,1,2,0.0,,-1.0,0,1993.0,C01,138Â 202Â 083,1.0,0.0,-1.0,1730500,1.0,7,,0.0,2.0,1.0,A01,138Â 202Â 080,1.0
1013782,201900055313,10,26,12:50,1,1,1,1.0,6.0,92025,A86,M,"48,9258744","2,2342563",92,2019,90.0,1.0,1.0,1.0,2267105,1.0,1,1,2,0.0,,-1.0,0,1993.0,C01,138Â 202Â 083,1.0,0.0,-1.0,1730501,1.0,7,,0.0,2.0,4.0,B01,138Â 202Â 082,1.0
1013782,201900055313,10,26,12:50,1,1,1,1.0,6.0,92025,A86,M,"48,9258744","2,2342563",92,2019,90.0,1.0,1.0,1.0,2267105,1.0,1,1,2,0.0,,-1.0,0,1993.0,C01,138Â 202Â 083,1.0,0.0,-1.0,1730502,1.0,7,,0.0,2.0,4.0,C01,138Â 202Â 083,1.0
1013782,201900055313,10,26,12:50,1,1,1,1.0,6.0,92025,A86,M,"48,9258744","2,2342563",92,2019,90.0,1.0,1.0,1.0,2267105,1.0,1,1,2,0.0,,-1.0,0,1993.0,C01,138Â 202Â 083,1.0,0.0,-1.0,1730503,1.0,7,,0.0,2.0,4.0,D01,138Â 202Â 084,1.0
1013782,201900055313,10,26,12:50,1,1,1,1.0,6.0,92025,A86,M,"48,9258744","2,2342563",92,2019,90.0,1.0,1.0,1.0,2267105,1.0,1,1,2,0.0,,-1.0,0,1993.0,C01,138Â 202Â 083,1.0,0.0,-1.0,1730504,1.0,7,,0.0,2.0,4.0,E01,138Â 202Â 085,1.0
1013782,201900055313,10,26,12:50,1,1,1,1.0,6.0,92025,A86,M,"48,9258744","2,2342563",92,2019,90.0,1.0,1.0,1.0,2267106,1.0,1,1,1,0.0,,-1.0,0,1999.0,D01,138Â 202Â 084,1.0,0.0,-1.0,1730500,1.0,7,,0.0,2.0,1.0,A01,138Â 202Â 080,1.0
1013782,201900055313,10,26,12:50,1,1,1,1.0,6.0,92025,A86,M,"48,9258744","2,2342563",92,2019,90.0,1.0,1.0,1.0,2267106,1.0,1,1,1,0.0,,-1.0,0,1999.0,D01,138Â 202Â 084,1.0,0.0,-1.0,1730501,1.0,7,,0.0,2.0,4.0,B01,138Â 202Â 082,1.0
1013782,201900055313,10,26,12:50,1,1,1,1.0,6.0,92025,A86,M,"48,9258744","2,2342563",92,2019,90.0,1.0,1.0,1.0,2267106,1.0,1,1,1,0.0,,-1.0,0,1999.0,D01,138Â 202Â 084,1.0,0.0,-1.0,1730502,1.0,7,,0.0,2.0,4.0,C01,138Â 202Â 083,1.0
1013782,201900055313,10,26,12:50,1,1,1,1.0,6.0,92025,A86,M,"48,9258744","2,2342563",92,2019,90.0,1.0,1.0,1.0,2267106,1.0,1,1,1,0.0,,-1.0,0,1999.0,D01,138Â 202Â 084,1.0,0.0,-1.0,1730503,1.0,7,,0.0,2.0,4.0,D01,138Â 202Â 084,1.0
1013782,201900055313,10,26,12:50,1,1,1,1.0,6.0,92025,A86,M,"48,9258744","2,2342563",92,2019,90.0,1.0,1.0,1.0,2267106,1.0,1,1,1,0.0,,-1.0,0,1999.0,D01,138Â 202Â 084,1.0,0.0,-1.0,1730504,1.0,7,,0.0,2.0,4.0,E01,138Â 202Â 085,1.0
1013782,201900055313,10,26,12:50,1,1,1,1.0,6.0,92025,A86,M,"48,9258744","2,2342563",92,2019,90.0,1.0,1.0,1.0,2267107,1.0,1,1,1,9.0,,-1.0,0,1996.0,E01,138Â 202Â 085,1.0,0.0,-1.0,1730500,1.0,7,,0.0,2.0,1.0,A01,138Â 202Â 080,1.0
1013782,201900055313,10,26,12:50,1,1,1,1.0,6.0,92025,A86,M,"48,9258744","2,2342563",92,2019,90.0,1.0,1.0,1.0,2267107,1.0,1,1,1,9.0,,-1.0,0,1996.0,E01,138Â 202Â 085,1.0,0.0,-1.0,1730501,1.0,7,,0.0,2.0,4.0,B01,138Â 202Â 082,1.0
1013782,201900055313,10,26,12:50,1,1,1,1.0,6.0,92025,A86,M,"48,9258744","2,2342563",92,2019,90.0,1.0,1.0,1.0,2267107,1.0,1,1,1,9.0,,-1.0,0,1996.0,E01,138Â 202Â 085,1.0,0.0,-1.0,1730502,1.0,7,,0.0,2.0,4.0,C01,138Â 202Â 083,1.0
1013782,201900055313,10,26,12:50,1,1,1,1.0,6.0,92025,A86,M,"48,9258744","2,2342563",92,2019,90.0,1.0,1.0,1.0,2267107,1.0,1,1,1,9.0,,-1.0,0,1996.0,E01,138Â 202Â 085,1.0,0.0,-1.0,1730503,1.0,7,,0.0,2.0,4.0,D01,138Â 202Â 084,1.0
1013782,201900055313,10,26,12:50,1,1,1,1.0,6.0,92025,A86,M,"48,9258744","2,2342563",92,2019,90.0,1.0,1.0,1.0,2267107,1.0,1,1,1,9.0,,-1.0,0,1996.0,E01,138Â 202Â 085,1.0,0.0,-1.0,1730504,1.0,7,,0.0,2.0,4.0,E01,138Â 202Â 085,1.0
1013783,201900055314,1,3,18:15,5,2,1,1.0,2.0,75108,AVENUE DES CHAMPS ELYSEES,M,"48,8683900","2,3119680",75,2019,50.0,1.0,1.0,4.0,2267108,1.0,1,4,1,1.0,,0.0,0,1958.0,B01,138Â 202Â 066,1.0,0.0,-1.0,1730505,1.0,10,,0.0,2.0,4.0,B01,138Â 202Â 066,1.0
1013783,201900055314,1,3,18:15,5,2,1,1.0,2.0,75108,AVENUE DES CHAMPS ELYSEES,M,"48,8683900","2,3119680",75,2019,50.0,1.0,1.0,4.0,2267108,1.0,1,4,1,1.0,,0.0,0,1958.0,B01,138Â 202Â 066,1.0,0.0,-1.0,1730506,1.0,7,,0.0,2.0,1.0,A01,138Â 202Â 067,1.0
1013783,201900055314,1,3,18:15,5,2,1,1.0,2.0,75108,AVENUE DES CHAMPS ELYSEES,M,"48,8683900","2,3119680",75,2019,50.0,1.0,1.0,4.0,2267109,1.0,1,1,1,5.0,,0.0,0,1995.0,A01,138Â 202Â 067,1.0,0.0,-1.0,1730505,1.0,10,,0.0,2.0,4.0,B01,138Â 202Â 066,1.0
1013783,201900055314,1,3,18:15,5,2,1,1.0,2.0,75108,AVENUE DES CHAMPS ELYSEES,M,"48,8683900","2,3119680",75,2019,50.0,1.0,1.0,4.0,2267109,1.0,1,1,1,5.0,,0.0,0,1995.0,A01,138Â 202Â 067,1.0,0.0,-1.0,1730506,1.0,7,,0.0,2.0,1.0,A01,138Â 202Â 067,1.0
1013783,201900055314,1,3,18:15,5,2,1,1.0,2.0,75108,AVENUE DES CHAMPS ELYSEES,M,"48,8683900","2,3119680",75,2019,50.0,1.0,1.0,4.0,2267110,2.0,2,1,2,0.0,,-1.0, -1,1995.0,A01,138Â 202Â 067,1.0,0.0,-1.0,1730505,1.0,10,,0.0,2.0,4.0,B01,138Â 202Â 066,1.0
1013783,201900055314,1,3,18:15,5,2,1,1.0,2.0,75108,AVENUE DES CHAMPS ELYSEES,M,"48,8683900","2,3119680",75,2019,50.0,1.0,1.0,4.0,2267110,2.0,2,1,2,0.0,,-1.0, -1,1995.0,A01,138Â 202Â 067,1.0,0.0,-1.0,1730506,1.0,7,,0.0,2.0,1.0,A01,138Â 202Â 067,1.0
1013784,201900055315,9,21,07:30,1,2,3,1.0,3.0,06123,VESPINS ROUTE DES,M,"43,6600000","7,1882000",6,2019,50.0,1.0,1.0,7.0,2267111,1.0,1,2,1,1.0,,0.0,0,1995.0,B01,138Â 202Â 069,2.0,6.0,-1.0,1730507,3.0,33,,0.0,2.0,1.0,B01,138Â 202Â 069,1.0
1013784,201900055315,9,21,07:30,1,2,3,1.0,3.0,06123,VESPINS ROUTE DES,M,"43,6600000","7,1882000",6,2019,50.0,1.0,1.0,7.0,2267111,1.0,1,2,1,1.0,,0.0,0,1995.0,B01,138Â 202Â 069,2.0,6.0,-1.0,1730508,3.0,7,,0.0,2.0,2.0,A01,138Â 202Â 073,1.0
1013784,201900055315,9,21,07:30,1,2,3,1.0,3.0,06123,VESPINS ROUTE DES,M,"43,6600000","7,1882000",6,2019,50.0,1.0,1.0,7.0,2267112,1.0,1,4,1,0.0,,0.0,0,1990.0,A01,138Â 202Â 073,1.0,0.0,-1.0,1730507,3.0,33,,0.0,2.0,1.0,B01,138Â 202Â 069,1.0
1013784,201900055315,9,21,07:30,1,2,3,1.0,3.0,06123,VESPINS ROUTE DES,M,"43,6600000","7,1882000",6,2019,50.0,1.0,1.0,7.0,2267112,1.0,1,4,1,0.0,,0.0,0,1990.0,A01,138Â 202Â 073,1.0,0.0,-1.0,1730508,3.0,7,,0.0,2.0,2.0,A01,138Â 202Â 073,1.0
1013785,201900055316,10,25,15:20,1,1,1,1.0,2.0,93006,AUTOROUTE A3,M,"48,8665900","2,4244500",93,2019,90.0,1.0,1.0,1.0,2267113,1.0,1,4,2,1.0,,-1.0, -1,1964.0,B01,138Â 202Â 064,1.0,0.0,-1.0,1730509,2.0,7,,0.0,2.0,4.0,B01,138Â 202Â 064,1.0
1013785,201900055316,10,25,15:20,1,1,1,1.0,2.0,93006,AUTOROUTE A3,M,"48,8665900","2,4244500",93,2019,90.0,1.0,1.0,1.0,2267113,1.0,1,4,2,1.0,,-1.0, -1,1964.0,B01,138Â 202Â 064,1.0,0.0,-1.0,1730510,2.0,17,,0.0,2.0,1.0,A01,138Â 202Â 065,1.0
1013785,201900055316,10,25,15:20,1,1,1,1.0,2.0,93006,AUTOROUTE A3,M,"48,8665900","2,4244500",93,2019,90.0,1.0,1.0,1.0,2267114,1.0,1,1,1,1.0,,-1.0, -1,1961.0,A01,138Â 202Â 065,1.0,0.0,-1.0,1730509,2.0,7,,0.0,2.0,4.0,B01,138Â 202Â 064,1.0
1013785,201900055316,10,25,15:20,1,1,1,1.0,2.0,93006,AUTOROUTE A3,M,"48,8665900","2,4244500",93,2019,90.0,1.0,1.0,1.0,2267114,1.0,1,1,1,1.0,,-1.0, -1,1961.0,A01,138Â 202Â 065,1.0,0.0,-1.0,1730510,2.0,17,,0.0,2.0,1.0,A01,138Â 202Â 065,1.0
1013786,201900055317,1,1,18:30,5,2,4,2.0,6.0,75108,AVENUE DE FRIEDLAND,M,"48,8742330","2,2995400",75,2019,50.0,1.0,2.0,4.0,2267115,2.0,2,1,2,5.0,,0.0,0,1967.0,A01,138Â 202Â 063,1.0,0.0,-1.0,1730511,2.0,7,,11.0,0.0,1.0,A01,138Â 202Â 063,1.0
1013786,201900055317,1,1,18:30,5,2,4,2.0,6.0,75108,AVENUE DE FRIEDLAND,M,"48,8742330","2,2995400",75,2019,50.0,1.0,2.0,4.0,2267116,1.0,1,4,2,5.0,,0.0,0,1968.0,A01,138Â 202Â 063,1.0,0.0,-1.0,1730511,2.0,7,,11.0,0.0,1.0,A01,138Â 202Â 063,1.0
1013787,201900055318,10,24,19:45,3,1,1,1.0,5.0,93006,AUTOROUTE A3,M,"48,8654200","2,4197500",93,2019,90.0,1.0,1.0,1.0,2267117,1.0,1,1,1,0.0,,-1.0, -1,1981.0,C01,138Â 202Â 060,1.0,0.0,-1.0,1730512,1.0,10,,0.0,2.0,1.0,C01,138Â 202Â 060,1.0
1013787,201900055318,10,24,19:45,3,1,1,1.0,5.0,93006,AUTOROUTE A3,M,"48,8654200","2,4197500",93,2019,90.0,1.0,1.0,1.0,2267117,1.0,1,1,1,0.0,,-1.0, -1,1981.0,C01,138Â 202Â 060,1.0,0.0,-1.0,1730513,1.0,7,,4.0,2.0,5.0,B01,138Â 202Â 061,1.0
1013787,201900055318,10,24,19:45,3,1,1,1.0,5.0,93006,AUTOROUTE A3,M,"48,8654200","2,4197500",93,2019,90.0,1.0,1.0,1.0,2267117,1.0,1,1,1,0.0,,-1.0, -1,1981.0,C01,138Â 202Â 060,1.0,0.0,-1.0,1730514,1.0,7,,0.0,2.0,3.0,A01,138Â 202Â 062,1.0
1013787,201900055318,10,24,19:45,3,1,1,1.0,5.0,93006,AUTOROUTE A3,M,"48,8654200","2,4197500",93,2019,90.0,1.0,1.0,1.0,2267118,1.0,1,4,1,0.0,,-1.0, -1,1970.0,B01,138Â 202Â 061,1.0,0.0,-1.0,1730512,1.0,10,,0.0,2.0,1.0,C01,138Â 202Â 060,1.0
1013787,201900055318,10,24,19:45,3,1,1,1.0,5.0,93006,AUTOROUTE A3,M,"48,8654200","2,4197500",93,2019,90.0,1.0,1.0,1.0,2267118,1.0,1,4,1,0.0,,-1.0, -1,1970.0,B01,138Â 202Â 061,1.0,0.0,-1.0,1730513,1.0,7,,4.0,2.0,5.0,B01,138Â 202Â 061,1.0
1013787,201900055318,10,24,19:45,3,1,1,1.0,5.0,93006,AUTOROUTE A3,M,"48,8654200","2,4197500",93,2019,90.0,1.0,1.0,1.0,2267118,1.0,1,4,1,0.0,,-1.0, -1,1970.0,B01,138Â 202Â 061,1.0,0.0,-1.0,1730514,1.0,7,,0.0,2.0,3.0,A01,138Â 202Â 062,1.0
1013787,201900055318,10,24,19:45,3,1,1,1.0,5.0,93006,AUTOROUTE A3,M,"48,8654200","2,4197500",93,2019,90.0,1.0,1.0,1.0,2267119,1.0,1,1,1,0.0,,-1.0, -1,2002.0,A01,138Â 202Â 062,1.0,0.0,-1.0,1730512,1.0,10,,0.0,2.0,1.0,C01,138Â 202Â 060,1.0
1013787,201900055318,10,24,19:45,3,1,1,1.0,5.0,93006,AUTOROUTE A3,M,"48,8654200","2,4197500",93,2019,90.0,1.0,1.0,1.0,2267119,1.0,1,1,1,0.0,,-1.0, -1,2002.0,A01,138Â 202Â 062,1.0,0.0,-1.0,1730513,1.0,7,,4.0,2.0,5.0,B01,138Â 202Â 061,1.0
1013787,201900055318,10,24,19:45,3,1,1,1.0,5.0,93006,AUTOROUTE A3,M,"48,8654200","2,4197500",93,2019,90.0,1.0,1.0,1.0,2267119,1.0,1,1,1,0.0,,-1.0, -1,2002.0,A01,138Â 202Â 062,1.0,0.0,-1.0,1730514,1.0,7,,0.0,2.0,3.0,A01,138Â 202Â 062,1.0
1013788,201900055319,1,3,16:15,1,2,3,1.0,7.0,75104,RUE SAINT ANTOINE,M,"48,8547630","2,3624190",75,2019,50.0,1.0,1.0,4.0,2267120,1.0,1,4,1,3.0,,0.0,0,1975.0,A01,138Â 202Â 059,2.0,6.0,-1.0,1730515,1.0,34,,0.0,0.0,7.0,A01,138Â 202Â 059,1.0
1013789,201900055320,1,2,13:55,1,2,1,8.0,6.0,75103,RUE DES QUATRE FILS,M,"48,8608530","2,3589280",75,2019,30.0,1.0,1.0,4.0,2267121,1.0,1,1,2,9.0,,-1.0, -1,1972.0,C01,138Â 202Â 055,8.0,0.0,-1.0,1730516,1.0,7,,0.0,2.0,0.0,C01,138Â 202Â 055,1.0
1013789,201900055320,1,2,13:55,1,2,1,8.0,6.0,75103,RUE DES QUATRE FILS,M,"48,8608530","2,3589280",75,2019,30.0,1.0,1.0,4.0,2267121,1.0,1,1,2,9.0,,-1.0, -1,1972.0,C01,138Â 202Â 055,8.0,0.0,-1.0,1730517,1.0,1,,1.0,2.0,0.0,B01,138Â 202Â 056,5.0
1013789,201900055320,1,2,13:55,1,2,1,8.0,6.0,75103,RUE DES QUATRE FILS,M,"48,8608530","2,3589280",75,2019,30.0,1.0,1.0,4.0,2267121,1.0,1,1,2,9.0,,-1.0, -1,1972.0,C01,138Â 202Â 055,8.0,0.0,-1.0,1730518,1.0,7,,0.0,2.0,0.0,A01,138Â 202Â 058,1.0
1013789,201900055320,1,2,13:55,1,2,1,8.0,6.0,75103,RUE DES QUATRE FILS,M,"48,8608530","2,3589280",75,2019,30.0,1.0,1.0,4.0,2267122,1.0,1,4,2,1.0,,-1.0, -1,1983.0,B01,138Â 202Â 056,8.0,0.0,-1.0,1730516,1.0,7,,0.0,2.0,0.0,C01,138Â 202Â 055,1.0
1013789,201900055320,1,2,13:55,1,2,1,8.0,6.0,75103,RUE DES QUATRE FILS,M,"48,8608530","2,3589280",75,2019,30.0,1.0,1.0,4.0,2267122,1.0,1,4,2,1.0,,-1.0, -1,1983.0,B01,138Â 202Â 056,8.0,0.0,-1.0,1730517,1.0,1,,1.0,2.0,0.0,B01,138Â 202Â 056,5.0
1013789,201900055320,1,2,13:55,1,2,1,8.0,6.0,75103,RUE DES QUATRE FILS,M,"48,8608530","2,3589280",75,2019,30.0,1.0,1.0,4.0,2267122,1.0,1,4,2,1.0,,-1.0, -1,1983.0,B01,138Â 202Â 056,8.0,0.0,-1.0,1730518,1.0,7,,0.0,2.0,0.0,A01,138Â 202Â 058,1.0
1013789,201900055320,1,2,13:55,1,2,1,8.0,6.0,75103,RUE DES QUATRE FILS,M,"48,8608530","2,3589280",75,2019,30.0,1.0,1.0,4.0,2267123,1.0,1,1,2,5.0,,-1.0, -1,1963.0,A01,138Â 202Â 058,1.0,0.0,-1.0,1730516,1.0,7,,0.0,2.0,0.0,C01,138Â 202Â 055,1.0
1013789,201900055320,1,2,13:55,1,2,1,8.0,6.0,75103,RUE DES QUATRE FILS,M,"48,8608530","2,3589280",75,2019,30.0,1.0,1.0,4.0,2267123,1.0,1,1,2,5.0,,-1.0, -1,1963.0,A01,138Â 202Â 058,1.0,0.0,-1.0,1730517,1.0,1,,1.0,2.0,0.0,B01,138Â 202Â 056,5.0
1013789,201900055320,1,2,13:55,1,2,1,8.0,6.0,75103,RUE DES QUATRE FILS,M,"48,8608530","2,3589280",75,2019,30.0,1.0,1.0,4.0,2267123,1.0,1,1,2,5.0,,-1.0, -1,1963.0,A01,138Â 202Â 058,1.0,0.0,-1.0,1730518,1.0,7,,0.0,2.0,0.0,A01,138Â 202Â 058,1.0
1013790,201900055321,1,2,17:20,5,2,2,1.0,6.0,75101,RUE DE MONTPENSIER,M,"48,8638560","2,3359010",75,2019,50.0,1.0,1.0,4.0,2267124,10.0,3,4,2,1.0,,4.0,3,1955.0,A01,138Â 202Â 054,8.0,0.0,-1.0,1730519,3.0,7,,0.0,1.0,3.0,A01,138Â 202Â 054,1.0
1013790,201900055321,1,2,17:20,5,2,2,1.0,6.0,75101,RUE DE MONTPENSIER,M,"48,8638560","2,3359010",75,2019,50.0,1.0,1.0,4.0,2267125,1.0,1,4,2,1.0,,0.0,0,1943.0,A01,138Â 202Â 054,1.0,0.0,-1.0,1730519,3.0,7,,0.0,1.0,3.0,A01,138Â 202Â 054,1.0
1013791,201900055322,10,24,20:15,5,1,1,1.0,3.0,93008,AUTOROUTE A86,M,"48,9128600","2,4359500",93,2019,90.0,1.0,1.0,1.0,2267126,1.0,1,3,1,0.0,,-1.0, -1,1964.0,B01,138Â 202Â 052,2.0,6.0,-1.0,1730520,1.0,33,,0.0,2.0,7.0,B01,138Â 202Â 052,1.0
1013791,201900055322,10,24,20:15,5,1,1,1.0,3.0,93008,AUTOROUTE A86,M,"48,9128600","2,4359500",93,2019,90.0,1.0,1.0,1.0,2267126,1.0,1,3,1,0.0,,-1.0, -1,1964.0,B01,138Â 202Â 052,2.0,6.0,-1.0,1730521,1.0,7,,0.0,2.0,8.0,A01,138Â 202Â 057,1.0
1013791,201900055322,10,24,20:15,5,1,1,1.0,3.0,93008,AUTOROUTE A86,M,"48,9128600","2,4359500",93,2019,90.0,1.0,1.0,1.0,2267127,1.0,1,1,1,0.0,,-1.0, -1,1990.0,A01,138Â 202Â 057,1.0,0.0,-1.0,1730520,1.0,33,,0.0,2.0,7.0,B01,138Â 202Â 052,1.0
1013791,201900055322,10,24,20:15,5,1,1,1.0,3.0,93008,AUTOROUTE A86,M,"48,9128600","2,4359500",93,2019,90.0,1.0,1.0,1.0,2267127,1.0,1,1,1,0.0,,-1.0, -1,1990.0,A01,138Â 202Â 057,1.0,0.0,-1.0,1730521,1.0,7,,0.0,2.0,8.0,A01,138Â 202Â 057,1.0
1013792,201900055323,9,23,13:40,1,2,1,1.0,6.0,01053,ALAGNIER ( RUE DE L'),M,"46,1950000","5,2735200",1,2019,50.0,2.0,1.0,4.0,2267128,10.0,3,3,2,2.0,,2.0,3,1974.0,A01,138Â 202Â 050,8.0,0.0,-1.0,1730522,3.0,37,1.0,0.0,1.0,5.0,A01,138Â 202Â 050,1.0
1013792,201900055323,9,23,13:40,1,2,1,1.0,6.0,01053,ALAGNIER ( RUE DE L'),M,"46,1950000","5,2735200",1,2019,50.0,2.0,1.0,4.0,2267129,1.0,1,1,1,4.0,,-1.0,0,1975.0,A01,138Â 202Â 050,1.0,8.0,-1.0,1730522,3.0,37,1.0,0.0,1.0,5.0,A01,138Â 202Â 050,1.0
1013793,201900055324,9,23,08:00,2,2,4,1.0,6.0,75114,BD PERIPHERIQUE INTERIEUR,M,"48,8220884","2,3165864",75,2019,70.0,1.0,1.0,4.0,2267130,1.0,1,4,1,1.0,,0.0,0,1968.0,A01,138Â 202Â 048,2.0,6.0,-1.0,1730523,1.0,43,,0.0,2.0,8.0,A01,138Â 202Â 048,1.0
1013793,201900055324,9,23,08:00,2,2,4,1.0,6.0,75114,BD PERIPHERIQUE INTERIEUR,M,"48,8220884","2,3165864",75,2019,70.0,1.0,1.0,4.0,2267130,1.0,1,4,1,1.0,,0.0,0,1968.0,A01,138Â 202Â 048,2.0,6.0,-1.0,1730524,1.0,7,,0.0,2.0,2.0,Z01,138Â 202Â 049,0.0
1013794,201900055325,9,22,12:20,1,2,1,1.0,2.0,75117,BD PERIPHERIQUE INTERIEUR,M,"48,8989860","2,3172920",75,2019,70.0,1.0,3.0,4.0,2267131,1.0,1,4,1,1.0,,0.0,0,1988.0,A01,138Â 202Â 046,2.0,6.0,-1.0,1730525,1.0,32,,0.0,2.0,1.0,A01,138Â 202Â 046,1.0
1013794,201900055325,9,22,12:20,1,2,1,1.0,2.0,75117,BD PERIPHERIQUE INTERIEUR,M,"48,8989860","2,3172920",75,2019,70.0,1.0,3.0,4.0,2267131,1.0,1,4,1,1.0,,0.0,0,1988.0,A01,138Â 202Â 046,2.0,6.0,-1.0,1730526,1.0,7,,0.0,2.0,4.0,B01,138Â 202Â 047,1.0
1013794,201900055325,9,22,12:20,1,2,1,1.0,2.0,75117,BD PERIPHERIQUE INTERIEUR,M,"48,8989860","2,3172920",75,2019,70.0,1.0,3.0,4.0,2267132,1.0,1,1,1,4.0,,0.0,0,1974.0,B01,138Â 202Â 047,1.0,0.0,-1.0,1730525,1.0,32,,0.0,2.0,1.0,A01,138Â 202Â 046,1.0
1013794,201900055325,9,22,12:20,1,2,1,1.0,2.0,75117,BD PERIPHERIQUE INTERIEUR,M,"48,8989860","2,3172920",75,2019,70.0,1.0,3.0,4.0,2267132,1.0,1,1,1,4.0,,0.0,0,1974.0,B01,138Â 202Â 047,1.0,0.0,-1.0,1730526,1.0,7,,0.0,2.0,4.0,B01,138Â 202Â 047,1.0
1013795,201900055326,9,23,11:07,1,2,2,1.0,3.0,75110,RUE LOUIS BLANC,M,"48,8811050","2,3651790",75,2019,50.0,1.0,1.0,4.0,2267133,4.0,2,1,2,0.0,,0.0,0,1994.0,A01,138Â 202Â 044,1.0,0.0,-1.0,1730527,1.0,10,,0.0,2.0,7.0,A01,138Â 202Â 044,3.0
1013795,201900055326,9,23,11:07,1,2,2,1.0,3.0,75110,RUE LOUIS BLANC,M,"48,8811050","2,3651790",75,2019,50.0,1.0,1.0,4.0,2267133,4.0,2,1,2,0.0,,0.0,0,1994.0,A01,138Â 202Â 044,1.0,0.0,-1.0,1730528,1.0,43,,0.0,2.0,3.0,B01,138Â 202Â 045,1.0
1013795,201900055326,9,23,11:07,1,2,2,1.0,3.0,75110,RUE LOUIS BLANC,M,"48,8811050","2,3651790",75,2019,50.0,1.0,1.0,4.0,2267134,3.0,2,1,2,0.0,,0.0,0,1991.0,A01,138Â 202Â 044,1.0,0.0,-1.0,1730527,1.0,10,,0.0,2.0,7.0,A01,138Â 202Â 044,3.0
1013795,201900055326,9,23,11:07,1,2,2,1.0,3.0,75110,RUE LOUIS BLANC,M,"48,8811050","2,3651790",75,2019,50.0,1.0,1.0,4.0,2267134,3.0,2,1,2,0.0,,0.0,0,1991.0,A01,138Â 202Â 044,1.0,0.0,-1.0,1730528,1.0,43,,0.0,2.0,3.0,B01,138Â 202Â 045,1.0