Unnamed: 0_x,num_acc,mois,jour,hrmn,lum,agg,int,atm,col,com,adr,gps,lat,long,dep,annee,vma,situ,surf,catr,Unnamed: 0_y,place,catu,grav,sexe,trajet,secu,locp,actp,an_nais,num_veh_x,id_vehicule_x,secu1,secu2,secu3,Unnamed: 0,senc,catv,occutc,obs,obsm,choc,num_veh_y,id_vehicule_y,motor
1013795,201900055326,9,23,11:07,1,2,2,1.0,3.0,75110,RUE LOUIS BLANC,M,"48,8811050","2,3651790",75,2019,50.0,1.0,1.0,4.0,2267135,5.0,2,1,2,4.0,,0.0,0,1989.0,A01,138Â 202Â 044,1.0,0.0,-1.0,1730527,1.0,10,,0.0,2.0,7.0,A01,138Â 202Â 044,3.0
1013795,201900055326,9,23,11:07,1,2,2,1.0,3.0,75110,RUE LOUIS BLANC,M,"48,8811050","2,3651790",75,2019,50.0,1.0,1.0,4.0,2267135,5.0,2,1,2,4.0,,0.0,0,1989.0,A01,138Â 202Â 044,1.0,0.0,-1.0,1730528,1.0,43,,0.0,2.0,3.0,B01,138Â 202Â 045,1.0
1013795,201900055326,9,23,11:07,1,2,2,1.0,3.0,75110,RUE LOUIS BLANC,M,"48,8811050","2,3651790",75,2019,50.0,1.0,1.0,4.0,2267136,2.0,2,1,1,0.0,,0.0,0,1993.0,A01,138Â 202Â 044,1.0,0.0,-1.0,1730527,1.0,10,,0.0,2.0,7.0,A01,138Â 202Â 044,3.0
1013795,201900055326,9,23,11:07,1,2,2,1.0,3.0,75110,RUE LOUIS BLANC,M,"48,8811050","2,3651790",75,2019,50.0,1.0,1.0,4.0,2267136,2.0,2,1,1,0.0,,0.0,0,1993.0,A01,138Â 202Â 044,1.0,0.0,-1.0,1730528,1.0,43,,0.0,2.0,3.0,B01,138Â 202Â 045,1.0
1013795,201900055326,9,23,11:07,1,2,2,1.0,3.0,75110,RUE LOUIS BLANC,M,"48,8811050","2,3651790",75,2019,50.0,1.0,1.0,4.0,2267137,1.0,1,1,1,4.0,,0.0,0,1975.0,A01,138Â 202Â 044,1.0,0.0,-1.0,1730527,1.0,10,,0.0,2.0,7.0,A01,138Â 202Â 044,3.0
1013795,201900055326,9,23,11:07,1,2,2,1.0,3.0,75110,RUE LOUIS BLANC,M,"48,8811050","2,3651790",75,2019,50.0,1.0,1.0,4.0,2267137,1.0,1,1,1,4.0,,0.0,0,1975.0,A01,138Â 202Â 044,1.0,0.0,-1.0,1730528,1.0,43,,0.0,2.0,3.0,B01,138Â 202Â 045,1.0
1013795,201900055326,9,23,11:07,1,2,2,1.0,3.0,75110,RUE LOUIS BLANC,M,"48,8811050","2,3651790",75,2019,50.0,1.0,1.0,4.0,2267138,1.0,1,4,1,4.0,,0.0,0,1975.0,B01,138Â 202Â 045,2.0,6.0,-1.0,1730527,1.0,10,,0.0,2.0,7.0,A01,138Â 202Â 044,3.0
1013795,201900055326,9,23,11:07,1,2,2,1.0,3.0,75110,RUE LOUIS BLANC,M,"48,8811050","2,3651790",75,2019,50.0,1.0,1.0,4.0,2267138,1.0,1,4,1,4.0,,0.0,0,1975.0,B01,138Â 202Â 045,2.0,6.0,-1.0,1730528,1.0,43,,0.0,2.0,3.0,B01,138Â 202Â 045,1.0
1013796,201900055327,9,23,12:30,1,2,4,1.0,2.0,75106,BOULEVARD RASPAIL,M,"48,8438130","2,3291610",75,2019,50.0,1.0,1.0,4.0,2267139,1.0,1,3,1,5.0,,0.0,0,1976.0,B01,138Â 202Â 042,2.0,6.0,-1.0,1730529,2.0,33,,0.0,2.0,1.0,B01,138Â 202Â 042,1.0
1013796,201900055327,9,23,12:30,1,2,4,1.0,2.0,75106,BOULEVARD RASPAIL,M,"48,8438130","2,3291610",75,2019,50.0,1.0,1.0,4.0,2267139,1.0,1,3,1,5.0,,0.0,0,1976.0,B01,138Â 202Â 042,2.0,6.0,-1.0,1730530,2.0,7,,0.0,2.0,5.0,A01,138Â 202Â 043,1.0
1013796,201900055327,9,23,12:30,1,2,4,1.0,2.0,75106,BOULEVARD RASPAIL,M,"48,8438130","2,3291610",75,2019,50.0,1.0,1.0,4.0,2267140,10.0,3,1,2,5.0,,3.0,3,1970.0,A01,138Â 202Â 043,0.0,-1.0,-1.0,1730529,2.0,33,,0.0,2.0,1.0,B01,138Â 202Â 042,1.0
1013796,201900055327,9,23,12:30,1,2,4,1.0,2.0,75106,BOULEVARD RASPAIL,M,"48,8438130","2,3291610",75,2019,50.0,1.0,1.0,4.0,2267140,10.0,3,1,2,5.0,,3.0,3,1970.0,A01,138Â 202Â 043,0.0,-1.0,-1.0,1730530,2.0,7,,0.0,2.0,5.0,A01,138Â 202Â 043,1.0
1013796,201900055327,9,23,12:30,1,2,4,1.0,2.0,75106,BOULEVARD RASPAIL,M,"48,8438130","2,3291610",75,2019,50.0,1.0,1.0,4.0,2267141,1.0,1,1,1,4.0,,0.0,0,1968.0,A01,138Â 202Â 043,1.0,0.0,-1.0,1730529,2.0,33,,0.0,2.0,1.0,B01,138Â 202Â 042,1.0
1013796,201900055327,9,23,12:30,1,2,4,1.0,2.0,75106,BOULEVARD RASPAIL,M,"48,8438130","2,3291610",75,2019,50.0,1.0,1.0,4.0,2267141,1.0,1,1,1,4.0,,0.0,0,1968.0,A01,138Â 202Â 043,1.0,0.0,-1.0,1730530,2.0,7,,0.0,2.0,5.0,A01,138Â 202Â 043,1.0
1013797,201900055328,1,4,19:35,1,2,9,1.0,6.0,94078,HENRI LEDUC (R),M,"48,7317442","2,4478866",94,2019,50.0,1.0,1.0,3.0,2267142,1.0,1,1,1,4.0,,-1.0, -1,1977.0,D01,138Â 202Â 051,1.0,0.0,-1.0,1730531,2.0,37,1.0,0.0,2.0,2.0,D01,138Â 202Â 051,0.0
1013797,201900055328,1,4,19:35,1,2,9,1.0,6.0,94078,HENRI LEDUC (R),M,"48,7317442","2,4478866",94,2019,50.0,1.0,1.0,3.0,2267142,1.0,1,1,1,4.0,,-1.0, -1,1977.0,D01,138Â 202Â 051,1.0,0.0,-1.0,1730532,2.0,7,,0.0,1.0,1.0,A01,138Â 202Â 053,1.0
1013797,201900055328,1,4,19:35,1,2,9,1.0,6.0,94078,HENRI LEDUC (R),M,"48,7317442","2,4478866",94,2019,50.0,1.0,1.0,3.0,2267143,2.0,2,3,1,5.0,,-1.0,0,1967.0,A01,138Â 202Â 053,1.0,0.0,-1.0,1730531,2.0,37,1.0,0.0,2.0,2.0,D01,138Â 202Â 051,0.0
1013797,201900055328,1,4,19:35,1,2,9,1.0,6.0,94078,HENRI LEDUC (R),M,"48,7317442","2,4478866",94,2019,50.0,1.0,1.0,3.0,2267143,2.0,2,3,1,5.0,,-1.0,0,1967.0,A01,138Â 202Â 053,1.0,0.0,-1.0,1730532,2.0,7,,0.0,1.0,1.0,A01,138Â 202Â 053,1.0
1013797,201900055328,1,4,19:35,1,2,9,1.0,6.0,94078,HENRI LEDUC (R),M,"48,7317442","2,4478866",94,2019,50.0,1.0,1.0,3.0,2267144,10.0,3,3,1,5.0,,1.0,2,1988.0,A01,138Â 202Â 053,8.0,0.0,-1.0,1730531,2.0,37,1.0,0.0,2.0,2.0,D01,138Â 202Â 051,0.0
1013797,201900055328,1,4,19:35,1,2,9,1.0,6.0,94078,HENRI LEDUC (R),M,"48,7317442","2,4478866",94,2019,50.0,1.0,1.0,3.0,2267144,10.0,3,3,1,5.0,,1.0,2,1988.0,A01,138Â 202Â 053,8.0,0.0,-1.0,1730532,2.0,7,,0.0,1.0,1.0,A01,138Â 202Â 053,1.0
1013797,201900055328,1,4,19:35,1,2,9,1.0,6.0,94078,HENRI LEDUC (R),M,"48,7317442","2,4478866",94,2019,50.0,1.0,1.0,3.0,2267145,1.0,1,4,2,5.0,,-1.0, -1,1961.0,A01,138Â 202Â 053,1.0,0.0,-1.0,1730531,2.0,37,1.0,0.0,2.0,2.0,D01,138Â 202Â 051,0.0
1013797,201900055328,1,4,19:35,1,2,9,1.0,6.0,94078,HENRI LEDUC (R),M,"48,7317442","2,4478866",94,2019,50.0,1.0,1.0,3.0,2267145,1.0,1,4,2,5.0,,-1.0, -1,1961.0,A01,138Â 202Â 053,1.0,0.0,-1.0,1730532,2.0,7,,0.0,1.0,1.0,A01,138Â 202Â 053,1.0
1013798,201900055329,10,26,15:30,1,1,1,1.0,6.0,77514,A104,M,"48,9354989","2,6281022",77,2019,90.0,1.0,1.0,1.0,2267146,1.0,1,4,1,0.0,,-1.0,0,1984.0,A01,138Â 202Â 040,1.0,8.0,-1.0,1730533,2.0,7,,0.0,0.0,4.0,A01,138Â 202Â 040,1.0
1013798,201900055329,10,26,15:30,1,1,1,1.0,6.0,77514,A104,M,"48,9354989","2,6281022",77,2019,90.0,1.0,1.0,1.0,2267146,1.0,1,4,1,0.0,,-1.0,0,1984.0,A01,138Â 202Â 040,1.0,8.0,-1.0,1730534,2.0,7,,0.0,2.0,1.0,B01,138Â 202Â 041,1.0
1013798,201900055329,10,26,15:30,1,1,1,1.0,6.0,77514,A104,M,"48,9354989","2,6281022",77,2019,90.0,1.0,1.0,1.0,2267147,2.0,2,1,2,5.0,,-1.0,0,1994.0,B01,138Â 202Â 041,1.0,0.0,-1.0,1730533,2.0,7,,0.0,0.0,4.0,A01,138Â 202Â 040,1.0
1013798,201900055329,10,26,15:30,1,1,1,1.0,6.0,77514,A104,M,"48,9354989","2,6281022",77,2019,90.0,1.0,1.0,1.0,2267147,2.0,2,1,2,5.0,,-1.0,0,1994.0,B01,138Â 202Â 041,1.0,0.0,-1.0,1730534,2.0,7,,0.0,2.0,1.0,B01,138Â 202Â 041,1.0
1013798,201900055329,10,26,15:30,1,1,1,1.0,6.0,77514,A104,M,"48,9354989","2,6281022",77,2019,90.0,1.0,1.0,1.0,2267148,4.0,2,4,2,5.0,,-1.0,0,2017.0,B01,138Â 202Â 041,1.0,0.0,-1.0,1730533,2.0,7,,0.0,0.0,4.0,A01,138Â 202Â 040,1.0
1013798,201900055329,10,26,15:30,1,1,1,1.0,6.0,77514,A104,M,"48,9354989","2,6281022",77,2019,90.0,1.0,1.0,1.0,2267148,4.0,2,4,2,5.0,,-1.0,0,2017.0,B01,138Â 202Â 041,1.0,0.0,-1.0,1730534,2.0,7,,0.0,2.0,1.0,B01,138Â 202Â 041,1.0
1013798,201900055329,10,26,15:30,1,1,1,1.0,6.0,77514,A104,M,"48,9354989","2,6281022",77,2019,90.0,1.0,1.0,1.0,2267149,1.0,1,1,1,0.0,,-1.0,0,1984.0,B01,138Â 202Â 041,1.0,0.0,-1.0,1730533,2.0,7,,0.0,0.0,4.0,A01,138Â 202Â 040,1.0
1013798,201900055329,10,26,15:30,1,1,1,1.0,6.0,77514,A104,M,"48,9354989","2,6281022",77,2019,90.0,1.0,1.0,1.0,2267149,1.0,1,1,1,0.0,,-1.0,0,1984.0,B01,138Â 202Â 041,1.0,0.0,-1.0,1730534,2.0,7,,0.0,2.0,1.0,B01,138Â 202Â 041,1.0
1013799,201900055330,10,26,10:15,1,1,1,1.0,6.0,77468,A104,M,"48,8534350","2,6628413",77,2019,90.0,3.0,1.0,1.0,2267150,1.0,1,4,2,1.0,,-1.0, -1,1997.0,A01,138Â 202Â 037,1.0,0.0,-1.0,1730535,1.0,7,,3.0,0.0,2.0,A01,138Â 202Â 037,1.0
1013800,201900055331,10,26,00:30,3,1,1,1.0,2.0,94018,A4,M,"48,8178140","2,4132640",94,2019,90.0,1.0,1.0,1.0,2267151,2.0,2,4,1,5.0,,-1.0,0,1995.0,B01,138Â 202Â 035,2.0,0.0,-1.0,1730536,2.0,43,,0.0,2.0,6.0,B01,138Â 202Â 035,1.0
1013800,201900055331,10,26,00:30,3,1,1,1.0,2.0,94018,A4,M,"48,8178140","2,4132640",94,2019,90.0,1.0,1.0,1.0,2267151,2.0,2,4,1,5.0,,-1.0,0,1995.0,B01,138Â 202Â 035,2.0,0.0,-1.0,1730537,2.0,7,,0.0,2.0,2.0,A01,138Â 202Â 036,1.0
1013800,201900055331,10,26,00:30,3,1,1,1.0,2.0,94018,A4,M,"48,8178140","2,4132640",94,2019,90.0,1.0,1.0,1.0,2267152,1.0,1,4,1,5.0,,0.0,0,1992.0,B01,138Â 202Â 035,2.0,-1.0,-1.0,1730536,2.0,43,,0.0,2.0,6.0,B01,138Â 202Â 035,1.0
1013800,201900055331,10,26,00:30,3,1,1,1.0,2.0,94018,A4,M,"48,8178140","2,4132640",94,2019,90.0,1.0,1.0,1.0,2267152,1.0,1,4,1,5.0,,0.0,0,1992.0,B01,138Â 202Â 035,2.0,-1.0,-1.0,1730537,2.0,7,,0.0,2.0,2.0,A01,138Â 202Â 036,1.0
1013800,201900055331,10,26,00:30,3,1,1,1.0,2.0,94018,A4,M,"48,8178140","2,4132640",94,2019,90.0,1.0,1.0,1.0,2267153,1.0,1,1,1,5.0,,-1.0,0,1988.0,A01,138Â 202Â 036,1.0,4.0,-1.0,1730536,2.0,43,,0.0,2.0,6.0,B01,138Â 202Â 035,1.0
1013800,201900055331,10,26,00:30,3,1,1,1.0,2.0,94018,A4,M,"48,8178140","2,4132640",94,2019,90.0,1.0,1.0,1.0,2267153,1.0,1,1,1,5.0,,-1.0,0,1988.0,A01,138Â 202Â 036,1.0,4.0,-1.0,1730537,2.0,7,,0.0,2.0,2.0,A01,138Â 202Â 036,1.0
1013801,201900055332,10,24,19:05,5,2,1,1.0,3.0,69264,BELLEVILLE (rue de),M,"45,9975900","4,7192000",69,2019,50.0,1.0,1.0,3.0,2267154,1.0,1,4,1,0.0,,0.0,0,1977.0,B01,138Â 202Â 032,2.0,6.0,-1.0,1730538,1.0,33,,0.0,2.0,2.0,B01,138Â 202Â 032,1.0
1013801,201900055332,10,24,19:05,5,2,1,1.0,3.0,69264,BELLEVILLE (rue de),M,"45,9975900","4,7192000",69,2019,50.0,1.0,1.0,3.0,2267154,1.0,1,4,1,0.0,,0.0,0,1977.0,B01,138Â 202Â 032,2.0,6.0,-1.0,1730539,1.0,10,,0.0,2.0,3.0,A01,138Â 202Â 033,1.0
1013801,201900055332,10,24,19:05,5,2,1,1.0,3.0,69264,BELLEVILLE (rue de),M,"45,9975900","4,7192000",69,2019,50.0,1.0,1.0,3.0,2267155,1.0,1,1,2,0.0,,0.0,0,1989.0,A01,138Â 202Â 033,1.0,0.0,-1.0,1730538,1.0,33,,0.0,2.0,2.0,B01,138Â 202Â 032,1.0
1013801,201900055332,10,24,19:05,5,2,1,1.0,3.0,69264,BELLEVILLE (rue de),M,"45,9975900","4,7192000",69,2019,50.0,1.0,1.0,3.0,2267155,1.0,1,1,2,0.0,,0.0,0,1989.0,A01,138Â 202Â 033,1.0,0.0,-1.0,1730539,1.0,10,,0.0,2.0,3.0,A01,138Â 202Â 033,1.0
1013802,201900055333,10,25,13:37,1,2,1,1.0,3.0,63113,PUY DE DOME (AVENUE DU),M,"45,7879300","3,0575500",63,2019,50.0,1.0,1.0,7.0,2267156,1.0,1,1,1,0.0,,-1.0, -1,1982.0,B01,138Â 202Â 030,1.0,0.0,-1.0,1730540,1.0,7,,0.0,2.0,1.0,B01,138Â 202Â 030,1.0
1013802,201900055333,10,25,13:37,1,2,1,1.0,3.0,63113,PUY DE DOME (AVENUE DU),M,"45,7879300","3,0575500",63,2019,50.0,1.0,1.0,7.0,2267156,1.0,1,1,1,0.0,,-1.0, -1,1982.0,B01,138Â 202Â 030,1.0,0.0,-1.0,1730541,1.0,7,,0.0,2.0,8.0,A01,138Â 202Â 031,1.0
1013802,201900055333,10,25,13:37,1,2,1,1.0,3.0,63113,PUY DE DOME (AVENUE DU),M,"45,7879300","3,0575500",63,2019,50.0,1.0,1.0,7.0,2267157,1.0,1,4,2,0.0,,-1.0, -1,1941.0,A01,138Â 202Â 031,1.0,0.0,-1.0,1730540,1.0,7,,0.0,2.0,1.0,B01,138Â 202Â 030,1.0
1013802,201900055333,10,25,13:37,1,2,1,1.0,3.0,63113,PUY DE DOME (AVENUE DU),M,"45,7879300","3,0575500",63,2019,50.0,1.0,1.0,7.0,2267157,1.0,1,4,2,0.0,,-1.0, -1,1941.0,A01,138Â 202Â 031,1.0,0.0,-1.0,1730541,1.0,7,,0.0,2.0,8.0,A01,138Â 202Â 031,1.0
1013803,201900055334,10,24,19:22,1,2,1,1.0,2.0,63113,LAFAYETTE (BD),M,"45,7731900","3,0954200",63,2019,50.0,1.0,1.0,4.0,2267158,1.0,1,4,1,0.0,,-1.0, -1,1992.0,B01,138Â 202Â 028,2.0,6.0,-1.0,1730542,1.0,33,,0.0,2.0,4.0,B01,138Â 202Â 028,1.0
1013803,201900055334,10,24,19:22,1,2,1,1.0,2.0,63113,LAFAYETTE (BD),M,"45,7731900","3,0954200",63,2019,50.0,1.0,1.0,4.0,2267158,1.0,1,4,1,0.0,,-1.0, -1,1992.0,B01,138Â 202Â 028,2.0,6.0,-1.0,1730543,1.0,37,1.0,0.0,2.0,1.0,A01,138Â 202Â 029,1.0
1013803,201900055334,10,24,19:22,1,2,1,1.0,2.0,63113,LAFAYETTE (BD),M,"45,7731900","3,0954200",63,2019,50.0,1.0,1.0,4.0,2267159,1.0,1,1,1,4.0,,-1.0, -1,1981.0,A01,138Â 202Â 029,1.0,0.0,-1.0,1730542,1.0,33,,0.0,2.0,4.0,B01,138Â 202Â 028,1.0
1013803,201900055334,10,24,19:22,1,2,1,1.0,2.0,63113,LAFAYETTE (BD),M,"45,7731900","3,0954200",63,2019,50.0,1.0,1.0,4.0,2267159,1.0,1,1,1,4.0,,-1.0, -1,1981.0,A01,138Â 202Â 029,1.0,0.0,-1.0,1730543,1.0,37,1.0,0.0,2.0,1.0,A01,138Â 202Â 029,1.0
1013804,201900055335,10,23,14:05,1,2,6,1.0,3.0,63113,BERTHELOT (BOULEVARD),M,"45,7815200","3,0705500",63,2019,50.0,1.0,2.0,7.0,2267160,1.0,1,4,2,0.0,,-1.0, -1,2002.0,A01,138Â 202Â 026,2.0,6.0,-1.0,1730544,1.0,2,,0.0,2.0,1.0,A01,138Â 202Â 026,1.0
1013804,201900055335,10,23,14:05,1,2,6,1.0,3.0,63113,BERTHELOT (BOULEVARD),M,"45,7815200","3,0705500",63,2019,50.0,1.0,2.0,7.0,2267160,1.0,1,4,2,0.0,,-1.0, -1,2002.0,A01,138Â 202Â 026,2.0,6.0,-1.0,1730545,1.0,7,,0.0,2.0,5.0,B01,138Â 202Â 027,1.0
1013804,201900055335,10,23,14:05,1,2,6,1.0,3.0,63113,BERTHELOT (BOULEVARD),M,"45,7815200","3,0705500",63,2019,50.0,1.0,2.0,7.0,2267161,1.0,1,1,2,0.0,,-1.0, -1,1954.0,B01,138Â 202Â 027,1.0,0.0,-1.0,1730544,1.0,2,,0.0,2.0,1.0,A01,138Â 202Â 026,1.0
1013804,201900055335,10,23,14:05,1,2,6,1.0,3.0,63113,BERTHELOT (BOULEVARD),M,"45,7815200","3,0705500",63,2019,50.0,1.0,2.0,7.0,2267161,1.0,1,1,2,0.0,,-1.0, -1,1954.0,B01,138Â 202Â 027,1.0,0.0,-1.0,1730545,1.0,7,,0.0,2.0,5.0,B01,138Â 202Â 027,1.0
1013805,201900055336,9,25,12:13,1,2,1,1.0,6.0,42218,ROBERT,M,"45,4421571","4,3879937",42,2019,30.0,1.0,1.0,4.0,2267162,10.0,3,4,1,2.0,,2.0,5,2007.0,A01,138Â 202Â 025,8.0,0.0,-1.0,1730546,2.0,7,,0.0,1.0,6.0,A01,138Â 202Â 025,1.0
1013805,201900055336,9,25,12:13,1,2,1,1.0,6.0,42218,ROBERT,M,"45,4421571","4,3879937",42,2019,30.0,1.0,1.0,4.0,2267163,1.0,1,1,2,5.0,,-1.0,0,1946.0,A01,138Â 202Â 025,1.0,8.0,-1.0,1730546,2.0,7,,0.0,1.0,6.0,A01,138Â 202Â 025,1.0
1013806,201900055337,10,25,01:55,5,2,1,1.0,6.0,13207,Corniche John FitzgÃ©rald Kennedy,M,"43,2787890","5,3543670",13,2019,50.0,1.0,1.0,4.0,2267164,1.0,1,3,1,0.0,,-1.0, -1,1959.0,A01,138Â 202Â 024,2.0,0.0,-1.0,1730547,2.0,33,,14.0,0.0,1.0,A01,138Â 202Â 024,1.0
1013807,201900055338,4,12,11:45,1,1,1,1.0,3.0,98722,"Point kilomÃ©trque 16.600, route territoriale nÂ°2",M," -17,5928790"," -149,3965100",987,2019,60.0,1.0,1.0,2.0,2267165,1.0,1,1,1,5.0,,0.0,0,1982.0,B01,138Â 202Â 022,1.0,-1.0,-1.0,1730548,1.0,7,,0.0,0.0,8.0,B01,138Â 202Â 022,1.0
1013807,201900055338,4,12,11:45,1,1,1,1.0,3.0,98722,"Point kilomÃ©trque 16.600, route territoriale nÂ°2",M," -17,5928790"," -149,3965100",987,2019,60.0,1.0,1.0,2.0,2267165,1.0,1,1,1,5.0,,0.0,0,1982.0,B01,138Â 202Â 022,1.0,-1.0,-1.0,1730549,1.0,34,,0.0,2.0,1.0,A01,138Â 202Â 023,1.0
1013807,201900055338,4,12,11:45,1,1,1,1.0,3.0,98722,"Point kilomÃ©trque 16.600, route territoriale nÂ°2",M," -17,5928790"," -149,3965100",987,2019,60.0,1.0,1.0,2.0,2267166,1.0,1,3,1,1.0,,0.0,0,1982.0,A01,138Â 202Â 023,2.0,-1.0,-1.0,1730548,1.0,7,,0.0,0.0,8.0,B01,138Â 202Â 022,1.0
1013807,201900055338,4,12,11:45,1,1,1,1.0,3.0,98722,"Point kilomÃ©trque 16.600, route territoriale nÂ°2",M," -17,5928790"," -149,3965100",987,2019,60.0,1.0,1.0,2.0,2267166,1.0,1,3,1,1.0,,0.0,0,1982.0,A01,138Â 202Â 023,2.0,-1.0,-1.0,1730549,1.0,34,,0.0,2.0,1.0,A01,138Â 202Â 023,1.0
1013808,201900055339,1,2,13:40,1,2,1,1.0,1.0,94077,VILLENEUVE LE ROI (PONT DE),M,"48,7284000","2,4425000",94,2019,50.0,1.0,1.0,3.0,2267167,1.0,1,4,1,1.0,,-1.0, -1,1988.0,A01,138Â 202Â 018,1.0,0.0,-1.0,1730550,0.0,10,,0.0,2.0,3.0,A01,138Â 202Â 018,1.0
1013808,201900055339,1,2,13:40,1,2,1,1.0,1.0,94077,VILLENEUVE LE ROI (PONT DE),M,"48,7284000","2,4425000",94,2019,50.0,1.0,1.0,3.0,2267167,1.0,1,4,1,1.0,,-1.0, -1,1988.0,A01,138Â 202Â 018,1.0,0.0,-1.0,1730551,0.0,10,,0.0,2.0,3.0,B01,138Â 202Â 038,1.0
1013808,201900055339,1,2,13:40,1,2,1,1.0,1.0,94077,VILLENEUVE LE ROI (PONT DE),M,"48,7284000","2,4425000",94,2019,50.0,1.0,1.0,3.0,2267168,2.0,2,4,1,1.0,,-1.0, -1,1987.0,A01,138Â 202Â 018,8.0,0.0,-1.0,1730550,0.0,10,,0.0,2.0,3.0,A01,138Â 202Â 018,1.0
1013808,201900055339,1,2,13:40,1,2,1,1.0,1.0,94077,VILLENEUVE LE ROI (PONT DE),M,"48,7284000","2,4425000",94,2019,50.0,1.0,1.0,3.0,2267168,2.0,2,4,1,1.0,,-1.0, -1,1987.0,A01,138Â 202Â 018,8.0,0.0,-1.0,1730551,0.0,10,,0.0,2.0,3.0,B01,138Â 202Â 038,1.0
1013808,201900055339,1,2,13:40,1,2,1,1.0,1.0,94077,VILLENEUVE LE ROI (PONT DE),M,"48,7284000","2,4425000",94,2019,50.0,1.0,1.0,3.0,2267169,1.0,1,1,1,1.0,,-1.0, -1,1985.0,B01,138Â 202Â 038,1.0,0.0,-1.0,1730550,0.0,10,,0.0,2.0,3.0,A01,138Â 202Â 018,1.0
1013808,201900055339,1,2,13:40,1,2,1,1.0,1.0,94077,VILLENEUVE LE ROI (PONT DE),M,"48,7284000","2,4425000",94,2019,50.0,1.0,1.0,3.0,2267169,1.0,1,1,1,1.0,,-1.0, -1,1985.0,B01,138Â 202Â 038,1.0,0.0,-1.0,1730551,0.0,10,,0.0,2.0,3.0,B01,138Â 202Â 038,1.0
1013809,201900055340,1,3,13:35,1,2,1,1.0,6.0,94041,MICHELET (R),M,"48,8076100","2,3771100",94,2019,50.0,1.0,1.0,4.0,2267170,10.0,3,4,2,5.0,,3.0,3,1985.0,A01,138Â 202Â 016,8.0,0.0,-1.0,1730552,1.0,7,,0.0,2.0,3.0,A01,138Â 202Â 016,0.0
1013809,201900055340,1,3,13:35,1,2,1,1.0,6.0,94041,MICHELET (R),M,"48,8076100","2,3771100",94,2019,50.0,1.0,1.0,4.0,2267171,1.0,1,1,1,5.0,,0.0,0,1993.0,A01,138Â 202Â 016,1.0,8.0,-1.0,1730552,1.0,7,,0.0,2.0,3.0,A01,138Â 202Â 016,0.0
1013810,201900055341,9,23,11:50,1,2,2,1.0,3.0,75120,BOULEVARD DAVOUT,M,"48,8534852","2,4105236",75,2019,50.0,1.0,1.0,4.0,2267172,1.0,1,1,1,4.0,,0.0,0,1975.0,A01,138Â 202Â 019,1.0,0.0,-1.0,1730553,1.0,7,,0.0,2.0,1.0,A01,138Â 202Â 019,1.0
1013810,201900055341,9,23,11:50,1,2,2,1.0,3.0,75120,BOULEVARD DAVOUT,M,"48,8534852","2,4105236",75,2019,50.0,1.0,1.0,4.0,2267172,1.0,1,1,1,4.0,,0.0,0,1975.0,A01,138Â 202Â 019,1.0,0.0,-1.0,1730554,2.0,7,,0.0,2.0,8.0,B01,138Â 202Â 039,1.0
1013810,201900055341,9,23,11:50,1,2,2,1.0,3.0,75120,BOULEVARD DAVOUT,M,"48,8534852","2,4105236",75,2019,50.0,1.0,1.0,4.0,2267173,1.0,1,4,1,4.0,,0.0,0,1963.0,B01,138Â 202Â 039,1.0,0.0,-1.0,1730553,1.0,7,,0.0,2.0,1.0,A01,138Â 202Â 019,1.0
1013810,201900055341,9,23,11:50,1,2,2,1.0,3.0,75120,BOULEVARD DAVOUT,M,"48,8534852","2,4105236",75,2019,50.0,1.0,1.0,4.0,2267173,1.0,1,4,1,4.0,,0.0,0,1963.0,B01,138Â 202Â 039,1.0,0.0,-1.0,1730554,2.0,7,,0.0,2.0,8.0,B01,138Â 202Â 039,1.0
1013811,201900055342,10,26,10:30,1,2,1,1.0,4.0,98818,AVENUE BONAPARTE,M," -22,2393500","166,4625200",988,2019,50.0,1.0,1.0,4.0,2267174,1.0,1,1,1,5.0,,-1.0, -1,1981.0,B01,138Â 202Â 017,1.0,8.0,-1.0,1730555,2.0,7,,0.0,2.0,3.0,B01,138Â 202Â 017,1.0
1013811,201900055342,10,26,10:30,1,2,1,1.0,4.0,98818,AVENUE BONAPARTE,M," -22,2393500","166,4625200",988,2019,50.0,1.0,1.0,4.0,2267174,1.0,1,1,1,5.0,,-1.0, -1,1981.0,B01,138Â 202Â 017,1.0,8.0,-1.0,1730556,2.0,7,,0.0,2.0,3.0,C01,138Â 202Â 020,1.0
1013811,201900055342,10,26,10:30,1,2,1,1.0,4.0,98818,AVENUE BONAPARTE,M," -22,2393500","166,4625200",988,2019,50.0,1.0,1.0,4.0,2267174,1.0,1,1,1,5.0,,-1.0, -1,1981.0,B01,138Â 202Â 017,1.0,8.0,-1.0,1730557,1.0,7,,0.0,2.0,3.0,A01,138Â 202Â 021,1.0
1013811,201900055342,10,26,10:30,1,2,1,1.0,4.0,98818,AVENUE BONAPARTE,M," -22,2393500","166,4625200",988,2019,50.0,1.0,1.0,4.0,2267175,1.0,1,4,2,5.0,,-1.0, -1,1973.0,C01,138Â 202Â 020,1.0,8.0,-1.0,1730555,2.0,7,,0.0,2.0,3.0,B01,138Â 202Â 017,1.0
1013811,201900055342,10,26,10:30,1,2,1,1.0,4.0,98818,AVENUE BONAPARTE,M," -22,2393500","166,4625200",988,2019,50.0,1.0,1.0,4.0,2267175,1.0,1,4,2,5.0,,-1.0, -1,1973.0,C01,138Â 202Â 020,1.0,8.0,-1.0,1730556,2.0,7,,0.0,2.0,3.0,C01,138Â 202Â 020,1.0