Unnamed: 0_x,num_acc,mois,jour,hrmn,lum,agg,int,atm,col,com,adr,gps,lat,long,dep,annee,vma,situ,surf,catr,Unnamed: 0_y,place,catu,grav,sexe,trajet,secu,locp,actp,an_nais,num_veh_x,id_vehicule_x,secu1,secu2,secu3,Unnamed: 0,senc,catv,occutc,obs,obsm,choc,num_veh_y,id_vehicule_y,motor
1013811,201900055342,10,26,10:30,1,2,1,1.0,4.0,98818,AVENUE BONAPARTE,M," -22,2393500","166,4625200",988,2019,50.0,1.0,1.0,4.0,2267175,1.0,1,4,2,5.0,,-1.0, -1,1973.0,C01,138Â 202Â 020,1.0,8.0,-1.0,1730557,1.0,7,,0.0,2.0,3.0,A01,138Â 202Â 021,1.0
1013811,201900055342,10,26,10:30,1,2,1,1.0,4.0,98818,AVENUE BONAPARTE,M," -22,2393500","166,4625200",988,2019,50.0,1.0,1.0,4.0,2267176,2.0,2,3,2,5.0,,-1.0, -1,1951.0,C01,138Â 202Â 020,1.0,8.0,-1.0,1730555,2.0,7,,0.0,2.0,3.0,B01,138Â 202Â 017,1.0
1013811,201900055342,10,26,10:30,1,2,1,1.0,4.0,98818,AVENUE BONAPARTE,M," -22,2393500","166,4625200",988,2019,50.0,1.0,1.0,4.0,2267176,2.0,2,3,2,5.0,,-1.0, -1,1951.0,C01,138Â 202Â 020,1.0,8.0,-1.0,1730556,2.0,7,,0.0,2.0,3.0,C01,138Â 202Â 020,1.0
1013811,201900055342,10,26,10:30,1,2,1,1.0,4.0,98818,AVENUE BONAPARTE,M," -22,2393500","166,4625200",988,2019,50.0,1.0,1.0,4.0,2267176,2.0,2,3,2,5.0,,-1.0, -1,1951.0,C01,138Â 202Â 020,1.0,8.0,-1.0,1730557,1.0,7,,0.0,2.0,3.0,A01,138Â 202Â 021,1.0
1013811,201900055342,10,26,10:30,1,2,1,1.0,4.0,98818,AVENUE BONAPARTE,M," -22,2393500","166,4625200",988,2019,50.0,1.0,1.0,4.0,2267177,4.0,2,4,2,5.0,,-1.0, -1,1937.0,C01,138Â 202Â 020,1.0,8.0,-1.0,1730555,2.0,7,,0.0,2.0,3.0,B01,138Â 202Â 017,1.0
1013811,201900055342,10,26,10:30,1,2,1,1.0,4.0,98818,AVENUE BONAPARTE,M," -22,2393500","166,4625200",988,2019,50.0,1.0,1.0,4.0,2267177,4.0,2,4,2,5.0,,-1.0, -1,1937.0,C01,138Â 202Â 020,1.0,8.0,-1.0,1730556,2.0,7,,0.0,2.0,3.0,C01,138Â 202Â 020,1.0
1013811,201900055342,10,26,10:30,1,2,1,1.0,4.0,98818,AVENUE BONAPARTE,M," -22,2393500","166,4625200",988,2019,50.0,1.0,1.0,4.0,2267177,4.0,2,4,2,5.0,,-1.0, -1,1937.0,C01,138Â 202Â 020,1.0,8.0,-1.0,1730557,1.0,7,,0.0,2.0,3.0,A01,138Â 202Â 021,1.0
1013811,201900055342,10,26,10:30,1,2,1,1.0,4.0,98818,AVENUE BONAPARTE,M," -22,2393500","166,4625200",988,2019,50.0,1.0,1.0,4.0,2267178,1.0,1,1,1,5.0,,0.0,0,1992.0,A01,138Â 202Â 021,1.0,8.0,-1.0,1730555,2.0,7,,0.0,2.0,3.0,B01,138Â 202Â 017,1.0
1013811,201900055342,10,26,10:30,1,2,1,1.0,4.0,98818,AVENUE BONAPARTE,M," -22,2393500","166,4625200",988,2019,50.0,1.0,1.0,4.0,2267178,1.0,1,1,1,5.0,,0.0,0,1992.0,A01,138Â 202Â 021,1.0,8.0,-1.0,1730556,2.0,7,,0.0,2.0,3.0,C01,138Â 202Â 020,1.0
1013811,201900055342,10,26,10:30,1,2,1,1.0,4.0,98818,AVENUE BONAPARTE,M," -22,2393500","166,4625200",988,2019,50.0,1.0,1.0,4.0,2267178,1.0,1,1,1,5.0,,0.0,0,1992.0,A01,138Â 202Â 021,1.0,8.0,-1.0,1730557,1.0,7,,0.0,2.0,3.0,A01,138Â 202Â 021,1.0
1013812,201900055343,9,23,19:45,2,2,2,1.0,3.0,75117,AVENUE DE VILLIERS,M,"48,8838196","2,3047593",75,2019,50.0,1.0,1.0,4.0,2267179,1.0,1,1,1,1.0,,0.0,0,1951.0,A01,138Â 202Â 014,1.0,0.0,-1.0,1730558,1.0,7,,0.0,2.0,2.0,A01,138Â 202Â 014,1.0
1013812,201900055343,9,23,19:45,2,2,2,1.0,3.0,75117,AVENUE DE VILLIERS,M,"48,8838196","2,3047593",75,2019,50.0,1.0,1.0,4.0,2267179,1.0,1,1,1,1.0,,0.0,0,1951.0,A01,138Â 202Â 014,1.0,0.0,-1.0,1730559,2.0,1,,0.0,2.0,1.0,B01,138Â 202Â 015,5.0
1013812,201900055343,9,23,19:45,2,2,2,1.0,3.0,75117,AVENUE DE VILLIERS,M,"48,8838196","2,3047593",75,2019,50.0,1.0,1.0,4.0,2267180,1.0,1,4,1,1.0,,0.0,0,1997.0,B01,138Â 202Â 015,8.0,2.0,-1.0,1730558,1.0,7,,0.0,2.0,2.0,A01,138Â 202Â 014,1.0
1013812,201900055343,9,23,19:45,2,2,2,1.0,3.0,75117,AVENUE DE VILLIERS,M,"48,8838196","2,3047593",75,2019,50.0,1.0,1.0,4.0,2267180,1.0,1,4,1,1.0,,0.0,0,1997.0,B01,138Â 202Â 015,8.0,2.0,-1.0,1730559,2.0,1,,0.0,2.0,1.0,B01,138Â 202Â 015,5.0
1013813,201900055344,10,24,18:45,3,2,1,1.0,6.0,97302,TROUBIRAN (CHEMIN DE),M,"4,9271848"," -52,3034835",973,2019,50.0,1.0,1.0,4.0,2267181,1.0,1,4,1,0.0,,-1.0,0,1972.0,A01,138Â 202Â 013,1.0,0.0,-1.0,1730560,1.0,7,,0.0,0.0,0.0,A01,138Â 202Â 013,1.0
1013814,201900055345,9,23,18:10,1,2,3,1.0,3.0,75117,BOULEVARD DE DOUAUMONT,M,"48,8950464","2,3058639",75,2019,50.0,1.0,1.0,4.0,2267182,1.0,1,1,1,1.0,,0.0,0,1953.0,A01,138Â 202Â 010,1.0,0.0,-1.0,1730561,1.0,10,,0.0,2.0,8.0,A01,138Â 202Â 010,1.0
1013814,201900055345,9,23,18:10,1,2,3,1.0,3.0,75117,BOULEVARD DE DOUAUMONT,M,"48,8950464","2,3058639",75,2019,50.0,1.0,1.0,4.0,2267182,1.0,1,1,1,1.0,,0.0,0,1953.0,A01,138Â 202Â 010,1.0,0.0,-1.0,1730562,1.0,33,,0.0,2.0,1.0,B01,138Â 202Â 012,1.0
1013814,201900055345,9,23,18:10,1,2,3,1.0,3.0,75117,BOULEVARD DE DOUAUMONT,M,"48,8950464","2,3058639",75,2019,50.0,1.0,1.0,4.0,2267183,1.0,1,4,1,0.0,,0.0,0,1992.0,B01,138Â 202Â 012,2.0,6.0,-1.0,1730561,1.0,10,,0.0,2.0,8.0,A01,138Â 202Â 010,1.0
1013814,201900055345,9,23,18:10,1,2,3,1.0,3.0,75117,BOULEVARD DE DOUAUMONT,M,"48,8950464","2,3058639",75,2019,50.0,1.0,1.0,4.0,2267183,1.0,1,4,1,0.0,,0.0,0,1992.0,B01,138Â 202Â 012,2.0,6.0,-1.0,1730562,1.0,33,,0.0,2.0,1.0,B01,138Â 202Â 012,1.0
1013815,201900055346,10,25,22:50,5,2,2,1.0,3.0,69386,VAUBAN                              (R ),M,"45,7648900","4,8435900",69,2019,50.0,1.0,1.0,4.0,2267184,1.0,1,1,1,0.0,,-1.0, -1,1998.0,B01,138Â 202Â 009,1.0,0.0,-1.0,1730563,2.0,7,,0.0,9.0,7.0,B01,138Â 202Â 009,1.0
1013815,201900055346,10,25,22:50,5,2,2,1.0,3.0,69386,VAUBAN                              (R ),M,"45,7648900","4,8435900",69,2019,50.0,1.0,1.0,4.0,2267184,1.0,1,1,1,0.0,,-1.0, -1,1998.0,B01,138Â 202Â 009,1.0,0.0,-1.0,1730564,1.0,30,,0.0,2.0,1.0,A01,138Â 202Â 011,1.0
1013815,201900055346,10,25,22:50,5,2,2,1.0,3.0,69386,VAUBAN                              (R ),M,"45,7648900","4,8435900",69,2019,50.0,1.0,1.0,4.0,2267185,1.0,1,4,1,0.0,,-1.0, -1,1994.0,A01,138Â 202Â 011,2.0,0.0,-1.0,1730563,2.0,7,,0.0,9.0,7.0,B01,138Â 202Â 009,1.0
1013815,201900055346,10,25,22:50,5,2,2,1.0,3.0,69386,VAUBAN                              (R ),M,"45,7648900","4,8435900",69,2019,50.0,1.0,1.0,4.0,2267185,1.0,1,4,1,0.0,,-1.0, -1,1994.0,A01,138Â 202Â 011,2.0,0.0,-1.0,1730564,1.0,30,,0.0,2.0,1.0,A01,138Â 202Â 011,1.0
1013816,201900055347,9,23,09:45,1,2,2,1.0,6.0,75117,BOULEVARD DE DOUAUMONT,M,"48,8962835","2,3100133",75,2019,50.0,1.0,1.0,4.0,2267186,10.0,3,4,2,4.0,,4.0,3,1973.0,A01,138Â 202Â 008,0.0,-1.0,-1.0,1730565,1.0,10,,0.0,1.0,1.0,A01,138Â 202Â 008,1.0
1013816,201900055347,9,23,09:45,1,2,2,1.0,6.0,75117,BOULEVARD DE DOUAUMONT,M,"48,8962835","2,3100133",75,2019,50.0,1.0,1.0,4.0,2267187,1.0,1,1,1,4.0,,0.0,0,1975.0,A01,138Â 202Â 008,1.0,0.0,-1.0,1730565,1.0,10,,0.0,1.0,1.0,A01,138Â 202Â 008,1.0
1013817,201900055348,9,22,19:50,5,2,2,8.0,6.0,75117,AVENUE DE CLICHY,M,"48,8902553","2,3207453",75,2019,50.0,1.0,2.0,4.0,2267188,1.0,1,4,1,5.0,,0.0,0,1941.0,A01,138Â 202Â 004,2.0,6.0,-1.0,1730566,2.0,30,,9.0,0.0,0.0,A01,138Â 202Â 004,1.0
1013818,201900055349,10,24,20:20,5,2,2,1.0,2.0,69388,VIVIANI                             (AV),M,"45,7227100","4,8772100",69,2019,50.0,1.0,1.0,4.0,2267189,1.0,1,4,1,0.0,,-1.0, -1,1992.0,A01,138Â 202Â 001,2.0,0.0,-1.0,1730567,1.0,33,,0.0,2.0,1.0,A01,138Â 202Â 001,1.0
1013818,201900055349,10,24,20:20,5,2,2,1.0,2.0,69388,VIVIANI                             (AV),M,"45,7227100","4,8772100",69,2019,50.0,1.0,1.0,4.0,2267189,1.0,1,4,1,0.0,,-1.0, -1,1992.0,A01,138Â 202Â 001,2.0,0.0,-1.0,1730568,1.0,7,,0.0,2.0,4.0,B01,138Â 202Â 007,1.0
1013818,201900055349,10,24,20:20,5,2,2,1.0,2.0,69388,VIVIANI                             (AV),M,"45,7227100","4,8772100",69,2019,50.0,1.0,1.0,4.0,2267190,1.0,1,1,1,0.0,,-1.0,0,1977.0,B01,138Â 202Â 007,1.0,0.0,-1.0,1730567,1.0,33,,0.0,2.0,1.0,A01,138Â 202Â 001,1.0
1013818,201900055349,10,24,20:20,5,2,2,1.0,2.0,69388,VIVIANI                             (AV),M,"45,7227100","4,8772100",69,2019,50.0,1.0,1.0,4.0,2267190,1.0,1,1,1,0.0,,-1.0,0,1977.0,B01,138Â 202Â 007,1.0,0.0,-1.0,1730568,1.0,7,,0.0,2.0,4.0,B01,138Â 202Â 007,1.0
1013819,201900055350,9,23,18:15,1,2,2,1.0,6.0,75116,AVENUE DE MALAKOFF,M,"48,8750920","2,2839750",75,2019,50.0,6.0,1.0,4.0,2267191,1.0,1,1,1,4.0,,0.0,0,1981.0,A01,138Â 202Â 000,1.0,0.0,-1.0,1730569,1.0,10,,0.0,1.0,2.0,A01,138Â 202Â 000,1.0
1013819,201900055350,9,23,18:15,1,2,2,1.0,6.0,75116,AVENUE DE MALAKOFF,M,"48,8750920","2,2839750",75,2019,50.0,6.0,1.0,4.0,2267192,10.0,3,4,2,0.0,,4.0,3,1937.0,A01,138Â 202Â 000,0.0,-1.0,-1.0,1730569,1.0,10,,0.0,1.0,2.0,A01,138Â 202Â 000,1.0
1013820,201900055351,10,24,10:45,1,1,1,1.0,2.0,97213,ROUTE NATIONALE 5,M,"14,5963000"," -60,9924000",972,2019,70.0,1.0,1.0,2.0,2267193,1.0,1,1,1,0.0,,-1.0,0,1976.0,A01,138Â 201Â 998,1.0,0.0,-1.0,1730570,1.0,7,,0.0,2.0,1.0,A01,138Â 201Â 998,1.0
1013820,201900055351,10,24,10:45,1,1,1,1.0,2.0,97213,ROUTE NATIONALE 5,M,"14,5963000"," -60,9924000",972,2019,70.0,1.0,1.0,2.0,2267193,1.0,1,1,1,0.0,,-1.0,0,1976.0,A01,138Â 201Â 998,1.0,0.0,-1.0,1730571,1.0,7,,0.0,2.0,4.0,B01,138Â 201Â 999,1.0
1013820,201900055351,10,24,10:45,1,1,1,1.0,2.0,97213,ROUTE NATIONALE 5,M,"14,5963000"," -60,9924000",972,2019,70.0,1.0,1.0,2.0,2267194,2.0,2,4,1,0.0,,-1.0,0,1951.0,B01,138Â 201Â 999,1.0,0.0,-1.0,1730570,1.0,7,,0.0,2.0,1.0,A01,138Â 201Â 998,1.0
1013820,201900055351,10,24,10:45,1,1,1,1.0,2.0,97213,ROUTE NATIONALE 5,M,"14,5963000"," -60,9924000",972,2019,70.0,1.0,1.0,2.0,2267194,2.0,2,4,1,0.0,,-1.0,0,1951.0,B01,138Â 201Â 999,1.0,0.0,-1.0,1730571,1.0,7,,0.0,2.0,4.0,B01,138Â 201Â 999,1.0
1013820,201900055351,10,24,10:45,1,1,1,1.0,2.0,97213,ROUTE NATIONALE 5,M,"14,5963000"," -60,9924000",972,2019,70.0,1.0,1.0,2.0,2267195,1.0,1,4,1,0.0,,-1.0,0,1974.0,B01,138Â 201Â 999,1.0,0.0,-1.0,1730570,1.0,7,,0.0,2.0,1.0,A01,138Â 201Â 998,1.0
1013820,201900055351,10,24,10:45,1,1,1,1.0,2.0,97213,ROUTE NATIONALE 5,M,"14,5963000"," -60,9924000",972,2019,70.0,1.0,1.0,2.0,2267195,1.0,1,4,1,0.0,,-1.0,0,1974.0,B01,138Â 201Â 999,1.0,0.0,-1.0,1730571,1.0,7,,0.0,2.0,4.0,B01,138Â 201Â 999,1.0
1013821,201900055352,9,23,06:30,5,2,1,1.0,6.0,75116,RUE LA PEROUSE,M,"48,8701980","2,2936350",75,2019,30.0,1.0,1.0,4.0,2267196,1.0,1,1,1,1.0,,0.0,0,1972.0,A01,138Â 201Â 997,1.0,0.0,-1.0,1730572,1.0,7,,0.0,1.0,2.0,A01,138Â 201Â 997,1.0
1013821,201900055352,9,23,06:30,5,2,1,1.0,6.0,75116,RUE LA PEROUSE,M,"48,8701980","2,2936350",75,2019,30.0,1.0,1.0,4.0,2267197,10.0,3,4,1,0.0,,0.0,A,1975.0,A01,138Â 201Â 997,0.0,-1.0,-1.0,1730572,1.0,7,,0.0,1.0,2.0,A01,138Â 201Â 997,1.0
1013822,201900055353,10,25,20:15,5,2,1,1.0,7.0,69081,MARCHE (DU)                             ,M,"45,7752000","4,7784000",69,2019,30.0,1.0,1.0,4.0,2267198,1.0,1,4,1,0.0,,-1.0, -1,1999.0,A01,138Â 201Â 996,8.0,0.0,-1.0,1730573,1.0,7,,8.0,0.0,1.0,A01,138Â 201Â 996,1.0
1013823,201900055354,9,23,14:30,1,2,2,7.0,6.0,75115,RUE LECOURBE,M,"48,8437140","2,3064170",75,2019,50.0,1.0,1.0,4.0,2267199,1.0,1,1,1,1.0,,0.0,0,1977.0,A01,138Â 201Â 995,1.0,0.0,-1.0,1730574,1.0,10,,0.0,1.0,2.0,A01,138Â 201Â 995,1.0
1013823,201900055354,9,23,14:30,1,2,2,7.0,6.0,75115,RUE LECOURBE,M,"48,8437140","2,3064170",75,2019,50.0,1.0,1.0,4.0,2267200,10.0,3,4,2,0.0,,0.0,0,1932.0,A01,138Â 201Â 995,0.0,-1.0,-1.0,1730574,1.0,10,,0.0,1.0,2.0,A01,138Â 201Â 995,1.0
1013824,201900055355,10,25,01:35,5,2,1,1.0,3.0,69382,TILSITT                             (QU),M,"45,7579000","4,8282100",69,2019,50.0,1.0,1.0,4.0,2267201,1.0,1,4,2,5.0,,-1.0, -1,1997.0,A01,138Â 201Â 992,8.0,0.0,-1.0,1730575,1.0,99,,0.0,2.0,8.0,A01,138Â 201Â 992,3.0
1013824,201900055355,10,25,01:35,5,2,1,1.0,3.0,69382,TILSITT                             (QU),M,"45,7579000","4,8282100",69,2019,50.0,1.0,1.0,4.0,2267201,1.0,1,4,2,5.0,,-1.0, -1,1997.0,A01,138Â 201Â 992,8.0,0.0,-1.0,1730576,1.0,7,,0.0,6.0,8.0,B01,138Â 201Â 994,3.0
1013824,201900055355,10,25,01:35,5,2,1,1.0,3.0,69382,TILSITT                             (QU),M,"45,7579000","4,8282100",69,2019,50.0,1.0,1.0,4.0,2267202,1.0,1,1,2,5.0,,-1.0, -1,1989.0,B01,138Â 201Â 994,8.0,0.0,-1.0,1730575,1.0,99,,0.0,2.0,8.0,A01,138Â 201Â 992,3.0
1013824,201900055355,10,25,01:35,5,2,1,1.0,3.0,69382,TILSITT                             (QU),M,"45,7579000","4,8282100",69,2019,50.0,1.0,1.0,4.0,2267202,1.0,1,1,2,5.0,,-1.0, -1,1989.0,B01,138Â 201Â 994,8.0,0.0,-1.0,1730576,1.0,7,,0.0,6.0,8.0,B01,138Â 201Â 994,3.0
1013824,201900055355,10,25,01:35,5,2,1,1.0,3.0,69382,TILSITT                             (QU),M,"45,7579000","4,8282100",69,2019,50.0,1.0,1.0,4.0,2267203,2.0,2,1,1,5.0,,-1.0, -1,1987.0,B01,138Â 201Â 994,8.0,0.0,-1.0,1730575,1.0,99,,0.0,2.0,8.0,A01,138Â 201Â 992,3.0
1013824,201900055355,10,25,01:35,5,2,1,1.0,3.0,69382,TILSITT                             (QU),M,"45,7579000","4,8282100",69,2019,50.0,1.0,1.0,4.0,2267203,2.0,2,1,1,5.0,,-1.0, -1,1987.0,B01,138Â 201Â 994,8.0,0.0,-1.0,1730576,1.0,7,,0.0,6.0,8.0,B01,138Â 201Â 994,3.0
1013825,201900055356,9,23,10:20,1,2,7,1.0,3.0,75115,PLACE CHARLES VALLIN,M,"48,8354165","2,3026853",75,2019,50.0,1.0,1.0,4.0,2267204,1.0,1,1,2,0.0,,0.0,0,1940.0,A01,138Â 201Â 991,1.0,0.0,-1.0,1730577,1.0,7,,0.0,2.0,2.0,A01,138Â 201Â 991,1.0
1013825,201900055356,9,23,10:20,1,2,7,1.0,3.0,75115,PLACE CHARLES VALLIN,M,"48,8354165","2,3026853",75,2019,50.0,1.0,1.0,4.0,2267204,1.0,1,1,2,0.0,,0.0,0,1940.0,A01,138Â 201Â 991,1.0,0.0,-1.0,1730578,2.0,2,,0.0,2.0,1.0,B01,138Â 201Â 993,1.0
1013825,201900055356,9,23,10:20,1,2,7,1.0,3.0,75115,PLACE CHARLES VALLIN,M,"48,8354165","2,3026853",75,2019,50.0,1.0,1.0,4.0,2267205,1.0,1,4,2,0.0,,0.0,0,1998.0,B01,138Â 201Â 993,2.0,6.0,-1.0,1730577,1.0,7,,0.0,2.0,2.0,A01,138Â 201Â 991,1.0
1013825,201900055356,9,23,10:20,1,2,7,1.0,3.0,75115,PLACE CHARLES VALLIN,M,"48,8354165","2,3026853",75,2019,50.0,1.0,1.0,4.0,2267205,1.0,1,4,2,0.0,,0.0,0,1998.0,B01,138Â 201Â 993,2.0,6.0,-1.0,1730578,2.0,2,,0.0,2.0,1.0,B01,138Â 201Â 993,1.0
1013826,201900055357,10,24,14:40,1,2,1,1.0,7.0,69385,TRION (DE)                          (R ),M,"45,7581000","4,8136000",69,2019,50.0,1.0,1.0,4.0,2267206,1.0,1,1,1,4.0,,-1.0, -1,1975.0,A01,138Â 201Â 990,1.0,0.0,-1.0,1730579,1.0,37,2.0,0.0,0.0,0.0,A01,138Â 201Â 990,1.0
1013826,201900055357,10,24,14:40,1,2,1,1.0,7.0,69385,TRION (DE)                          (R ),M,"45,7581000","4,8136000",69,2019,50.0,1.0,1.0,4.0,2267207,3.0,2,4,2,0.0,,-1.0, -1,1993.0,A01,138Â 201Â 990,1.0,0.0,-1.0,1730579,1.0,37,2.0,0.0,0.0,0.0,A01,138Â 201Â 990,1.0
1013827,201900055358,1,5,18:50,5,2,1,1.0,3.0,94060,MARECHAL MORTIER (AV DU),M,"48,7903100","2,5757650",94,2019,50.0,1.0,1.0,4.0,2267208,1.0,1,1,1,0.0,,-1.0,0,1983.0,A01,138Â 202Â 002,1.0,0.0,-1.0,1730580,1.0,7,,0.0,2.0,3.0,A01,138Â 202Â 002,1.0
1013827,201900055358,1,5,18:50,5,2,1,1.0,3.0,94060,MARECHAL MORTIER (AV DU),M,"48,7903100","2,5757650",94,2019,50.0,1.0,1.0,4.0,2267208,1.0,1,1,1,0.0,,-1.0,0,1983.0,A01,138Â 202Â 002,1.0,0.0,-1.0,1730581,1.0,30,,0.0,2.0,1.0,B01,138Â 202Â 003,1.0
1013827,201900055358,1,5,18:50,5,2,1,1.0,3.0,94060,MARECHAL MORTIER (AV DU),M,"48,7903100","2,5757650",94,2019,50.0,1.0,1.0,4.0,2267209,1.0,1,4,1,0.0,,-1.0,0,1999.0,B01,138Â 202Â 003,2.0,6.0,-1.0,1730580,1.0,7,,0.0,2.0,3.0,A01,138Â 202Â 002,1.0
1013827,201900055358,1,5,18:50,5,2,1,1.0,3.0,94060,MARECHAL MORTIER (AV DU),M,"48,7903100","2,5757650",94,2019,50.0,1.0,1.0,4.0,2267209,1.0,1,4,1,0.0,,-1.0,0,1999.0,B01,138Â 202Â 003,2.0,6.0,-1.0,1730581,1.0,30,,0.0,2.0,1.0,B01,138Â 202Â 003,1.0
1013828,201900055359,9,23,05:00,5,2,3,1.0,6.0,75115,RUE DE LA CROIX NIVERT,M,"48,8338693","2,2901454",75,2019,50.0,1.0,1.0,4.0,2267210,10.0,3,4,2,0.0,,4.0,3,1983.0,Z01,138Â 201Â 989,0.0,-1.0,-1.0,1730582,2.0,7,,0.0,1.0,3.0,Z01,138Â 201Â 989,2.0
1013829,201900055360,1,5,10:43,1,2,1,1.0,6.0,94019,LIBERATION (RTE DE LA),M,"48,8023800","2,5394300",94,2019,50.0,1.0,1.0,3.0,2267211,10.0,3,4,2,1.0,,1.0,3,1991.0,A01,138Â 201Â 988,8.0,0.0,-1.0,1730583,2.0,34,,0.0,1.0,1.0,A01,138Â 201Â 988,1.0
1013829,201900055360,1,5,10:43,1,2,1,1.0,6.0,94019,LIBERATION (RTE DE LA),M,"48,8023800","2,5394300",94,2019,50.0,1.0,1.0,3.0,2267212,1.0,1,1,1,1.0,,-1.0,0,1974.0,A01,138Â 201Â 988,2.0,8.0,-1.0,1730583,2.0,34,,0.0,1.0,1.0,A01,138Â 201Â 988,1.0
1013830,201900055361,9,22,12:50,1,2,1,2.0,2.0,75114,AVENUE DENFERT ROCHEREAU,M,"48,8366977","2,3348064",75,2019,50.0,1.0,2.0,4.0,2267213,2.0,2,1,1,4.0,,0.0,0,1977.0,A01,138Â 201Â 986,2.0,6.0,-1.0,1730584,1.0,43,,0.0,2.0,1.0,A01,138Â 201Â 986,1.0
1013830,201900055361,9,22,12:50,1,2,1,2.0,2.0,75114,AVENUE DENFERT ROCHEREAU,M,"48,8366977","2,3348064",75,2019,50.0,1.0,2.0,4.0,2267213,2.0,2,1,1,4.0,,0.0,0,1977.0,A01,138Â 201Â 986,2.0,6.0,-1.0,1730585,1.0,7,,0.0,2.0,4.0,B01,138Â 201Â 987,1.0
1013830,201900055361,9,22,12:50,1,2,1,2.0,2.0,75114,AVENUE DENFERT ROCHEREAU,M,"48,8366977","2,3348064",75,2019,50.0,1.0,2.0,4.0,2267214,1.0,1,4,1,4.0,,0.0,0,1980.0,A01,138Â 201Â 986,2.0,6.0,-1.0,1730584,1.0,43,,0.0,2.0,1.0,A01,138Â 201Â 986,1.0
1013830,201900055361,9,22,12:50,1,2,1,2.0,2.0,75114,AVENUE DENFERT ROCHEREAU,M,"48,8366977","2,3348064",75,2019,50.0,1.0,2.0,4.0,2267214,1.0,1,4,1,4.0,,0.0,0,1980.0,A01,138Â 201Â 986,2.0,6.0,-1.0,1730585,1.0,7,,0.0,2.0,4.0,B01,138Â 201Â 987,1.0
1013830,201900055361,9,22,12:50,1,2,1,2.0,2.0,75114,AVENUE DENFERT ROCHEREAU,M,"48,8366977","2,3348064",75,2019,50.0,1.0,2.0,4.0,2267215,1.0,1,1,2,1.0,,0.0,0,1979.0,B01,138Â 201Â 987,1.0,0.0,-1.0,1730584,1.0,43,,0.0,2.0,1.0,A01,138Â 201Â 986,1.0
1013830,201900055361,9,22,12:50,1,2,1,2.0,2.0,75114,AVENUE DENFERT ROCHEREAU,M,"48,8366977","2,3348064",75,2019,50.0,1.0,2.0,4.0,2267215,1.0,1,1,2,1.0,,0.0,0,1979.0,B01,138Â 201Â 987,1.0,0.0,-1.0,1730585,1.0,7,,0.0,2.0,4.0,B01,138Â 201Â 987,1.0
1013831,201900055362,1,4,14:10,1,2,3,8.0,3.0,94018,CARRIERES (QU DES),M,"48,8192400","2,4075500",94,2019,50.0,1.0,1.0,3.0,2267216,1.0,1,1,1,9.0,,-1.0,0,1992.0,A01,138Â 201Â 984,1.0,8.0,-1.0,1730586,1.0,7,,0.0,2.0,3.0,A01,138Â 201Â 984,1.0
1013831,201900055362,1,4,14:10,1,2,3,8.0,3.0,94018,CARRIERES (QU DES),M,"48,8192400","2,4075500",94,2019,50.0,1.0,1.0,3.0,2267216,1.0,1,1,1,9.0,,-1.0,0,1992.0,A01,138Â 201Â 984,1.0,8.0,-1.0,1730587,1.0,33,,0.0,2.0,1.0,B01,138Â 201Â 985,1.0
1013831,201900055362,1,4,14:10,1,2,3,8.0,3.0,94018,CARRIERES (QU DES),M,"48,8192400","2,4075500",94,2019,50.0,1.0,1.0,3.0,2267217,2.0,2,4,1,1.0,,-1.0,0,2001.0,B01,138Â 201Â 985,2.0,8.0,-1.0,1730586,1.0,7,,0.0,2.0,3.0,A01,138Â 201Â 984,1.0
1013831,201900055362,1,4,14:10,1,2,3,8.0,3.0,94018,CARRIERES (QU DES),M,"48,8192400","2,4075500",94,2019,50.0,1.0,1.0,3.0,2267217,2.0,2,4,1,1.0,,-1.0,0,2001.0,B01,138Â 201Â 985,2.0,8.0,-1.0,1730587,1.0,33,,0.0,2.0,1.0,B01,138Â 201Â 985,1.0
1013831,201900055362,1,4,14:10,1,2,3,8.0,3.0,94018,CARRIERES (QU DES),M,"48,8192400","2,4075500",94,2019,50.0,1.0,1.0,3.0,2267218,1.0,1,4,1,9.0,,-1.0,0,1998.0,B01,138Â 201Â 985,2.0,8.0,-1.0,1730586,1.0,7,,0.0,2.0,3.0,A01,138Â 201Â 984,1.0
1013831,201900055362,1,4,14:10,1,2,3,8.0,3.0,94018,CARRIERES (QU DES),M,"48,8192400","2,4075500",94,2019,50.0,1.0,1.0,3.0,2267218,1.0,1,4,1,9.0,,-1.0,0,1998.0,B01,138Â 201Â 985,2.0,8.0,-1.0,1730587,1.0,33,,0.0,2.0,1.0,B01,138Â 201Â 985,1.0