Unnamed: 0_x,num_acc,mois,jour,hrmn,lum,agg,int,atm,col,com,adr,gps,lat,long,dep,annee,vma,situ,surf,catr,Unnamed: 0_y,place,catu,grav,sexe,trajet,secu,locp,actp,an_nais,num_veh_x,id_vehicule_x,secu1,secu2,secu3,Unnamed: 0,senc,catv,occutc,obs,obsm,choc,num_veh_y,id_vehicule_y,motor
1013832,201900055363,1,3,16:30,1,2,3,1.0,3.0,94018,PARIS (R DE),M,"48,8274387","2,4045026",94,2019,30.0,1.0,1.0,3.0,2267219,1.0,1,1,1,4.0,,-1.0,0,1985.0,B01,138Â 201Â 980,1.0,0.0,-1.0,1730588,1.0,10,,0.0,2.0,2.0,B01,138Â 201Â 980,1.0
1013832,201900055363,1,3,16:30,1,2,3,1.0,3.0,94018,PARIS (R DE),M,"48,8274387","2,4045026",94,2019,30.0,1.0,1.0,3.0,2267219,1.0,1,1,1,4.0,,-1.0,0,1985.0,B01,138Â 201Â 980,1.0,0.0,-1.0,1730589,2.0,34,,0.0,2.0,1.0,A01,138Â 201Â 982,1.0
1013832,201900055363,1,3,16:30,1,2,3,1.0,3.0,94018,PARIS (R DE),M,"48,8274387","2,4045026",94,2019,30.0,1.0,1.0,3.0,2267220,1.0,1,3,1,5.0,,-1.0,0,1973.0,A01,138Â 201Â 982,2.0,7.0,-1.0,1730588,1.0,10,,0.0,2.0,2.0,B01,138Â 201Â 980,1.0
1013832,201900055363,1,3,16:30,1,2,3,1.0,3.0,94018,PARIS (R DE),M,"48,8274387","2,4045026",94,2019,30.0,1.0,1.0,3.0,2267220,1.0,1,3,1,5.0,,-1.0,0,1973.0,A01,138Â 201Â 982,2.0,7.0,-1.0,1730589,2.0,34,,0.0,2.0,1.0,A01,138Â 201Â 982,1.0
1013833,201900055364,9,23,18:07,1,2,3,1.0,3.0,75113,BOULEVARD KELLERMANN,M,"48,8210092","2,3507480",75,2019,50.0,1.0,1.0,4.0,2267221,1.0,1,4,1,5.0,,0.0, -1,1995.0,B01,138Â 201Â 981,2.0,6.0,-1.0,1730590,1.0,2,,0.0,2.0,8.0,B01,138Â 201Â 981,3.0
1013833,201900055364,9,23,18:07,1,2,3,1.0,3.0,75113,BOULEVARD KELLERMANN,M,"48,8210092","2,3507480",75,2019,50.0,1.0,1.0,4.0,2267221,1.0,1,4,1,5.0,,0.0, -1,1995.0,B01,138Â 201Â 981,2.0,6.0,-1.0,1730591,1.0,7,,0.0,2.0,2.0,A01,138Â 201Â 983,1.0
1013833,201900055364,9,23,18:07,1,2,3,1.0,3.0,75113,BOULEVARD KELLERMANN,M,"48,8210092","2,3507480",75,2019,50.0,1.0,1.0,4.0,2267222,1.0,1,1,1,9.0,,0.0,0,1995.0,A01,138Â 201Â 983,1.0,0.0,-1.0,1730590,1.0,2,,0.0,2.0,8.0,B01,138Â 201Â 981,3.0
1013833,201900055364,9,23,18:07,1,2,3,1.0,3.0,75113,BOULEVARD KELLERMANN,M,"48,8210092","2,3507480",75,2019,50.0,1.0,1.0,4.0,2267222,1.0,1,1,1,9.0,,0.0,0,1995.0,A01,138Â 201Â 983,1.0,0.0,-1.0,1730591,1.0,7,,0.0,2.0,2.0,A01,138Â 201Â 983,1.0
1013834,201900055365,10,24,19:45,5,2,1,9.0,6.0,2B033,TOGA,M,"42,7082300","9,4537800",2B,2019,50.0,1.0,2.0,3.0,2267223,10.0,3,4,1,5.0,,3.0,3,1998.0,A01,138Â 201Â 979,8.0,0.0,-1.0,1730592,1.0,7,,0.0,1.0,1.0,A01,138Â 201Â 979,1.0
1013834,201900055365,10,24,19:45,5,2,1,9.0,6.0,2B033,TOGA,M,"42,7082300","9,4537800",2B,2019,50.0,1.0,2.0,3.0,2267224,1.0,1,1,1,1.0,,0.0,0,1955.0,A01,138Â 201Â 979,1.0,8.0,-1.0,1730592,1.0,7,,0.0,1.0,1.0,A01,138Â 201Â 979,1.0
1013834,201900055365,10,24,19:45,5,2,1,9.0,6.0,2B033,TOGA,M,"42,7082300","9,4537800",2B,2019,50.0,1.0,2.0,3.0,2267225,10.0,3,1,1,0.0,,3.0,3,1997.0,A01,138Â 201Â 979,8.0,0.0,-1.0,1730592,1.0,7,,0.0,1.0,1.0,A01,138Â 201Â 979,1.0
1013835,201900055366,1,4,08:00,3,1,1,1.0,6.0,94004,MARECHAL DE LATTRE DE TASSIGNY (AV DU),M,"48,7586000","2,5022700",94,2019,70.0,1.0,8.0,2.0,2267226,1.0,1,4,2,1.0,,-1.0,0,1966.0,A01,138Â 201Â 976,1.0,0.0,-1.0,1730593,2.0,7,,4.0,0.0,3.0,A01,138Â 201Â 976,1.0
1013836,201900055367,9,23,16:10,1,2,1,1.0,3.0,75113,AVENUE D ITALIE,M,"48,8294431","2,3562697",75,2019,50.0,5.0,1.0,4.0,2267227,1.0,1,1,1,4.0,,0.0,0,1960.0,A01,138Â 201Â 977,1.0,0.0,-1.0,1730594,1.0,7,,0.0,2.0,5.0,A01,138Â 201Â 977,1.0
1013836,201900055367,9,23,16:10,1,2,1,1.0,3.0,75113,AVENUE D ITALIE,M,"48,8294431","2,3562697",75,2019,50.0,5.0,1.0,4.0,2267227,1.0,1,1,1,4.0,,0.0,0,1960.0,A01,138Â 201Â 977,1.0,0.0,-1.0,1730595,1.0,1,,0.0,2.0,1.0,B01,138Â 201Â 978,5.0
1013836,201900055367,9,23,16:10,1,2,1,1.0,3.0,75113,AVENUE D ITALIE,M,"48,8294431","2,3562697",75,2019,50.0,5.0,1.0,4.0,2267228,3.0,2,1,1,5.0,,0.0,0,1960.0,A01,138Â 201Â 977,1.0,0.0,-1.0,1730594,1.0,7,,0.0,2.0,5.0,A01,138Â 201Â 977,1.0
1013836,201900055367,9,23,16:10,1,2,1,1.0,3.0,75113,AVENUE D ITALIE,M,"48,8294431","2,3562697",75,2019,50.0,5.0,1.0,4.0,2267228,3.0,2,1,1,5.0,,0.0,0,1960.0,A01,138Â 201Â 977,1.0,0.0,-1.0,1730595,1.0,1,,0.0,2.0,1.0,B01,138Â 201Â 978,5.0
1013836,201900055367,9,23,16:10,1,2,1,1.0,3.0,75113,AVENUE D ITALIE,M,"48,8294431","2,3562697",75,2019,50.0,5.0,1.0,4.0,2267229,1.0,1,4,1,5.0,,0.0,0,1992.0,B01,138Â 201Â 978,2.0,8.0,-1.0,1730594,1.0,7,,0.0,2.0,5.0,A01,138Â 201Â 977,1.0
1013836,201900055367,9,23,16:10,1,2,1,1.0,3.0,75113,AVENUE D ITALIE,M,"48,8294431","2,3562697",75,2019,50.0,5.0,1.0,4.0,2267229,1.0,1,4,1,5.0,,0.0,0,1992.0,B01,138Â 201Â 978,2.0,8.0,-1.0,1730595,1.0,1,,0.0,2.0,1.0,B01,138Â 201Â 978,5.0
1013837,201900055368,10,23,12:25,1,2,9,1.0,2.0,97105,CHARLES DE GAULLE (BD DU GENERAL),M,"15,9954100"," -61,7316810",971,2019,50.0,1.0,1.0,2.0,2267230,1.0,1,4,2,9.0,,-1.0, -1,1971.0,B01,138Â 201Â 974,1.0,0.0,-1.0,1730596,0.0,10,,0.0,0.0,4.0,B01,138Â 201Â 974,1.0
1013837,201900055368,10,23,12:25,1,2,9,1.0,2.0,97105,CHARLES DE GAULLE (BD DU GENERAL),M,"15,9954100"," -61,7316810",971,2019,50.0,1.0,1.0,2.0,2267230,1.0,1,4,2,9.0,,-1.0, -1,1971.0,B01,138Â 201Â 974,1.0,0.0,-1.0,1730597,0.0,10,,0.0,2.0,4.0,A01,138Â 201Â 975,1.0
1013837,201900055368,10,23,12:25,1,2,9,1.0,2.0,97105,CHARLES DE GAULLE (BD DU GENERAL),M,"15,9954100"," -61,7316810",971,2019,50.0,1.0,1.0,2.0,2267231,1.0,1,1,2,9.0,,-1.0, -1,1997.0,A01,138Â 201Â 975,1.0,0.0,-1.0,1730596,0.0,10,,0.0,0.0,4.0,B01,138Â 201Â 974,1.0
1013837,201900055368,10,23,12:25,1,2,9,1.0,2.0,97105,CHARLES DE GAULLE (BD DU GENERAL),M,"15,9954100"," -61,7316810",971,2019,50.0,1.0,1.0,2.0,2267231,1.0,1,1,2,9.0,,-1.0, -1,1997.0,A01,138Â 201Â 975,1.0,0.0,-1.0,1730597,0.0,10,,0.0,2.0,4.0,A01,138Â 201Â 975,1.0
1013838,201900055369,10,25,23:00,5,2,3,1.0,2.0,2A004,PRINCE IMPERIAL COURS,M,"41,9341315","8,7453752",2A,2019,50.0,1.0,1.0,2.0,2267232,1.0,1,4,1,0.0,,-1.0, -1,1987.0,A01,138Â 201Â 970,2.0,0.0,-1.0,1730598,2.0,32,,0.0,2.0,1.0,A01,138Â 201Â 970,1.0
1013838,201900055369,10,25,23:00,5,2,3,1.0,2.0,2A004,PRINCE IMPERIAL COURS,M,"41,9341315","8,7453752",2A,2019,50.0,1.0,1.0,2.0,2267232,1.0,1,4,1,0.0,,-1.0, -1,1987.0,A01,138Â 201Â 970,2.0,0.0,-1.0,1730599,2.0,7,,0.0,2.0,6.0,B01,138Â 201Â 971,1.0
1013838,201900055369,10,25,23:00,5,2,3,1.0,2.0,2A004,PRINCE IMPERIAL COURS,M,"41,9341315","8,7453752",2A,2019,50.0,1.0,1.0,2.0,2267233,1.0,1,1,1,9.0,,-1.0, -1,1956.0,B01,138Â 201Â 971,1.0,0.0,-1.0,1730598,2.0,32,,0.0,2.0,1.0,A01,138Â 201Â 970,1.0
1013838,201900055369,10,25,23:00,5,2,3,1.0,2.0,2A004,PRINCE IMPERIAL COURS,M,"41,9341315","8,7453752",2A,2019,50.0,1.0,1.0,2.0,2267233,1.0,1,1,1,9.0,,-1.0, -1,1956.0,B01,138Â 201Â 971,1.0,0.0,-1.0,1730599,2.0,7,,0.0,2.0,6.0,B01,138Â 201Â 971,1.0
1013839,201900055370,1,3,06:05,3,1,1,1.0,7.0,94004,MARECHAL DE LATTRE DE TASSIGNY (AV DU),M,"48,7616400","2,4962400",94,2019,70.0,1.0,1.0,2.0,2267234,1.0,1,4,1,1.0,,-1.0,0,1993.0,A01,138Â 201Â 973,1.0,8.0,-1.0,1730600,2.0,7,,4.0,0.0,1.0,A01,138Â 201Â 973,1.0
1013840,201900055371,9,23,15:30,1,2,1,1.0,6.0,75112,BOULEVARD DE REUILLY,M,"48,8396110","2,3987990",75,2019,50.0,1.0,1.0,4.0,2267235,1.0,1,1,1,4.0,,0.0,0,1973.0,A01,138Â 201Â 972,1.0,0.0,-1.0,1730601,1.0,7,,0.0,1.0,4.0,A01,138Â 201Â 972,1.0
1013840,201900055371,9,23,15:30,1,2,1,1.0,6.0,75112,BOULEVARD DE REUILLY,M,"48,8396110","2,3987990",75,2019,50.0,1.0,1.0,4.0,2267236,10.0,3,4,2,9.0,,8.0,3,1970.0,A01,138Â 201Â 972,0.0,-1.0,-1.0,1730601,1.0,7,,0.0,1.0,4.0,A01,138Â 201Â 972,1.0
1013841,201900055372,1,4,19:20,5,2,2,1.0,3.0,93066,PRESSENCE FRANCIS (AVENUE),M,"48,9195700","2,3616500",93,2019,50.0,1.0,1.0,3.0,2267237,1.0,1,3,1,0.0,,-1.0, -1,1995.0,B01,138Â 201Â 968,2.0,6.0,-1.0,1730602,2.0,32,,0.0,2.0,1.0,B01,138Â 201Â 968,1.0
1013841,201900055372,1,4,19:20,5,2,2,1.0,3.0,93066,PRESSENCE FRANCIS (AVENUE),M,"48,9195700","2,3616500",93,2019,50.0,1.0,1.0,3.0,2267237,1.0,1,3,1,0.0,,-1.0, -1,1995.0,B01,138Â 201Â 968,2.0,6.0,-1.0,1730603,2.0,10,,0.0,2.0,7.0,A01,138Â 201Â 969,1.0
1013841,201900055372,1,4,19:20,5,2,2,1.0,3.0,93066,PRESSENCE FRANCIS (AVENUE),M,"48,9195700","2,3616500",93,2019,50.0,1.0,1.0,3.0,2267238,1.0,1,1,1,0.0,,-1.0, -1,1962.0,A01,138Â 201Â 969,1.0,0.0,-1.0,1730602,2.0,32,,0.0,2.0,1.0,B01,138Â 201Â 968,1.0
1013841,201900055372,1,4,19:20,5,2,2,1.0,3.0,93066,PRESSENCE FRANCIS (AVENUE),M,"48,9195700","2,3616500",93,2019,50.0,1.0,1.0,3.0,2267238,1.0,1,1,1,0.0,,-1.0, -1,1962.0,A01,138Â 201Â 969,1.0,0.0,-1.0,1730603,2.0,10,,0.0,2.0,7.0,A01,138Â 201Â 969,1.0
1013842,201900055373,9,23,13:30,1,2,4,1.0,2.0,75111,BOULEVARD RICHARD LENOIR,M,"48,8540016","2,3689672",75,2019,50.0,1.0,1.0,4.0,2267239,1.0,1,1,1,4.0,,0.0,0,1991.0,B01,138Â 201Â 966,1.0,0.0,-1.0,1730604,2.0,10,,0.0,2.0,4.0,B01,138Â 201Â 966,1.0
1013842,201900055373,9,23,13:30,1,2,4,1.0,2.0,75111,BOULEVARD RICHARD LENOIR,M,"48,8540016","2,3689672",75,2019,50.0,1.0,1.0,4.0,2267239,1.0,1,1,1,4.0,,0.0,0,1991.0,B01,138Â 201Â 966,1.0,0.0,-1.0,1730605,2.0,1,,0.0,2.0,5.0,A01,138Â 201Â 967,5.0
1013842,201900055373,9,23,13:30,1,2,4,1.0,2.0,75111,BOULEVARD RICHARD LENOIR,M,"48,8540016","2,3689672",75,2019,50.0,1.0,1.0,4.0,2267240,1.0,1,4,2,5.0,,0.0,0,1972.0,A01,138Â 201Â 967,8.0,2.0,-1.0,1730604,2.0,10,,0.0,2.0,4.0,B01,138Â 201Â 966,1.0
1013842,201900055373,9,23,13:30,1,2,4,1.0,2.0,75111,BOULEVARD RICHARD LENOIR,M,"48,8540016","2,3689672",75,2019,50.0,1.0,1.0,4.0,2267240,1.0,1,4,2,5.0,,0.0,0,1972.0,A01,138Â 201Â 967,8.0,2.0,-1.0,1730605,2.0,1,,0.0,2.0,5.0,A01,138Â 201Â 967,5.0
1013843,201900055374,10,26,02:15,5,2,1,1.0,6.0,95428,CHARLES DE GAULLE  AVENUE,M,"48,9760500","2,3128800",95,2019,50.0,4.0,1.0,4.0,2267241,3.0,2,4,1,5.0,,-1.0, -1,2000.0,A01,138Â 201Â 964,1.0,0.0,-1.0,1730606,2.0,7,,6.0,0.0,1.0,A01,138Â 201Â 964,1.0
1013843,201900055374,10,26,02:15,5,2,1,1.0,6.0,95428,CHARLES DE GAULLE  AVENUE,M,"48,9760500","2,3128800",95,2019,50.0,4.0,1.0,4.0,2267242,4.0,2,4,1,5.0,,-1.0, -1,2000.0,A01,138Â 201Â 964,1.0,0.0,-1.0,1730606,2.0,7,,6.0,0.0,1.0,A01,138Â 201Â 964,1.0
1013843,201900055374,10,26,02:15,5,2,1,1.0,6.0,95428,CHARLES DE GAULLE  AVENUE,M,"48,9760500","2,3128800",95,2019,50.0,4.0,1.0,4.0,2267243,2.0,2,4,1,5.0,,-1.0, -1,1999.0,A01,138Â 201Â 964,1.0,0.0,-1.0,1730606,2.0,7,,6.0,0.0,1.0,A01,138Â 201Â 964,1.0
1013843,201900055374,10,26,02:15,5,2,1,1.0,6.0,95428,CHARLES DE GAULLE  AVENUE,M,"48,9760500","2,3128800",95,2019,50.0,4.0,1.0,4.0,2267244,1.0,1,4,1,5.0,,-1.0, -1,2000.0,A01,138Â 201Â 964,1.0,0.0,-1.0,1730606,2.0,7,,6.0,0.0,1.0,A01,138Â 201Â 964,1.0
1013844,201900055375,1,3,10:00,1,2,1,1.0,3.0,93070,BATELIERS (RUE DES),M,"48,9149400","2,3304200",93,2019,50.0,1.0,1.0,4.0,2267245,1.0,1,1,2,1.0,,-1.0,0,1978.0,A01,138Â 201Â 963,1.0,0.0,-1.0,1730607,1.0,7,,0.0,2.0,2.0,A01,138Â 201Â 963,1.0
1013844,201900055375,1,3,10:00,1,2,1,1.0,3.0,93070,BATELIERS (RUE DES),M,"48,9149400","2,3304200",93,2019,50.0,1.0,1.0,4.0,2267245,1.0,1,1,2,1.0,,-1.0,0,1978.0,A01,138Â 201Â 963,1.0,0.0,-1.0,1730608,1.0,1,,0.0,2.0,3.0,B01,138Â 201Â 965,5.0
1013844,201900055375,1,3,10:00,1,2,1,1.0,3.0,93070,BATELIERS (RUE DES),M,"48,9149400","2,3304200",93,2019,50.0,1.0,1.0,4.0,2267246,1.0,1,4,1,4.0,,-1.0, -1,1990.0,B01,138Â 201Â 965,2.0,8.0,-1.0,1730607,1.0,7,,0.0,2.0,2.0,A01,138Â 201Â 963,1.0
1013844,201900055375,1,3,10:00,1,2,1,1.0,3.0,93070,BATELIERS (RUE DES),M,"48,9149400","2,3304200",93,2019,50.0,1.0,1.0,4.0,2267246,1.0,1,4,1,4.0,,-1.0, -1,1990.0,B01,138Â 201Â 965,2.0,8.0,-1.0,1730608,1.0,1,,0.0,2.0,3.0,B01,138Â 201Â 965,5.0
1013845,201900055376,9,23,20:05,5,2,7,1.0,3.0,75108,PLACE DE LA CONCORDE,M,"48,8658652","2,3199069",75,2019,50.0,1.0,1.0,4.0,2267247,3.0,2,1,2,5.0,,0.0,0,2009.0,A01,138Â 201Â 961,3.0,0.0,-1.0,1730609,1.0,7,,0.0,2.0,2.0,A01,138Â 201Â 961,1.0
1013845,201900055376,9,23,20:05,5,2,7,1.0,3.0,75108,PLACE DE LA CONCORDE,M,"48,8658652","2,3199069",75,2019,50.0,1.0,1.0,4.0,2267247,3.0,2,1,2,5.0,,0.0,0,2009.0,A01,138Â 201Â 961,3.0,0.0,-1.0,1730610,1.0,34,,0.0,2.0,3.0,B01,138Â 201Â 962,1.0
1013845,201900055376,9,23,20:05,5,2,7,1.0,3.0,75108,PLACE DE LA CONCORDE,M,"48,8658652","2,3199069",75,2019,50.0,1.0,1.0,4.0,2267248,4.0,2,1,2,5.0,,0.0,0,2016.0,A01,138Â 201Â 961,3.0,0.0,-1.0,1730609,1.0,7,,0.0,2.0,2.0,A01,138Â 201Â 961,1.0
1013845,201900055376,9,23,20:05,5,2,7,1.0,3.0,75108,PLACE DE LA CONCORDE,M,"48,8658652","2,3199069",75,2019,50.0,1.0,1.0,4.0,2267248,4.0,2,1,2,5.0,,0.0,0,2016.0,A01,138Â 201Â 961,3.0,0.0,-1.0,1730610,1.0,34,,0.0,2.0,3.0,B01,138Â 201Â 962,1.0
1013845,201900055376,9,23,20:05,5,2,7,1.0,3.0,75108,PLACE DE LA CONCORDE,M,"48,8658652","2,3199069",75,2019,50.0,1.0,1.0,4.0,2267249,2.0,2,1,2,5.0,,0.0,0,1989.0,A01,138Â 201Â 961,1.0,0.0,-1.0,1730609,1.0,7,,0.0,2.0,2.0,A01,138Â 201Â 961,1.0
1013845,201900055376,9,23,20:05,5,2,7,1.0,3.0,75108,PLACE DE LA CONCORDE,M,"48,8658652","2,3199069",75,2019,50.0,1.0,1.0,4.0,2267249,2.0,2,1,2,5.0,,0.0,0,1989.0,A01,138Â 201Â 961,1.0,0.0,-1.0,1730610,1.0,34,,0.0,2.0,3.0,B01,138Â 201Â 962,1.0
1013845,201900055376,9,23,20:05,5,2,7,1.0,3.0,75108,PLACE DE LA CONCORDE,M,"48,8658652","2,3199069",75,2019,50.0,1.0,1.0,4.0,2267250,1.0,1,1,1,5.0,,0.0,0,1988.0,A01,138Â 201Â 961,1.0,0.0,-1.0,1730609,1.0,7,,0.0,2.0,2.0,A01,138Â 201Â 961,1.0
1013845,201900055376,9,23,20:05,5,2,7,1.0,3.0,75108,PLACE DE LA CONCORDE,M,"48,8658652","2,3199069",75,2019,50.0,1.0,1.0,4.0,2267250,1.0,1,1,1,5.0,,0.0,0,1988.0,A01,138Â 201Â 961,1.0,0.0,-1.0,1730610,1.0,34,,0.0,2.0,3.0,B01,138Â 201Â 962,1.0
1013845,201900055376,9,23,20:05,5,2,7,1.0,3.0,75108,PLACE DE LA CONCORDE,M,"48,8658652","2,3199069",75,2019,50.0,1.0,1.0,4.0,2267251,1.0,1,4,1,9.0,,0.0,0,1990.0,B01,138Â 201Â 962,2.0,6.0,-1.0,1730609,1.0,7,,0.0,2.0,2.0,A01,138Â 201Â 961,1.0
1013845,201900055376,9,23,20:05,5,2,7,1.0,3.0,75108,PLACE DE LA CONCORDE,M,"48,8658652","2,3199069",75,2019,50.0,1.0,1.0,4.0,2267251,1.0,1,4,1,9.0,,0.0,0,1990.0,B01,138Â 201Â 962,2.0,6.0,-1.0,1730610,1.0,34,,0.0,2.0,3.0,B01,138Â 201Â 962,1.0
1013846,201900055377,1,2,19:20,5,2,3,1.0,3.0,93039,MARINE (QUAI DE LA ),M,"48,9358000","2,3408200",93,2019,50.0,1.0,1.0,3.0,2267252,1.0,1,1,2,0.0,,0.0,0,1992.0,A01,138Â 201Â 957,1.0,0.0,-1.0,1730611,3.0,7,,0.0,2.0,3.0,A01,138Â 201Â 957,1.0
1013846,201900055377,1,2,19:20,5,2,3,1.0,3.0,93039,MARINE (QUAI DE LA ),M,"48,9358000","2,3408200",93,2019,50.0,1.0,1.0,3.0,2267252,1.0,1,1,2,0.0,,0.0,0,1992.0,A01,138Â 201Â 957,1.0,0.0,-1.0,1730612,3.0,30,,0.0,2.0,8.0,B01,138Â 201Â 959,1.0
1013846,201900055377,1,2,19:20,5,2,3,1.0,3.0,93039,MARINE (QUAI DE LA ),M,"48,9358000","2,3408200",93,2019,50.0,1.0,1.0,3.0,2267253,1.0,1,4,1,0.0,,0.0,0,1984.0,B01,138Â 201Â 959,2.0,0.0,-1.0,1730611,3.0,7,,0.0,2.0,3.0,A01,138Â 201Â 957,1.0
1013846,201900055377,1,2,19:20,5,2,3,1.0,3.0,93039,MARINE (QUAI DE LA ),M,"48,9358000","2,3408200",93,2019,50.0,1.0,1.0,3.0,2267253,1.0,1,4,1,0.0,,0.0,0,1984.0,B01,138Â 201Â 959,2.0,0.0,-1.0,1730612,3.0,30,,0.0,2.0,8.0,B01,138Â 201Â 959,1.0
1013847,201900055378,9,23,17:10,1,2,1,1.0,4.0,75104,BOULEVARD BOURDON,M,"48,8486210","2,3662720",75,2019,50.0,1.0,1.0,4.0,2267254,1.0,1,1,1,1.0,,0.0,0,1971.0,C01,138Â 201Â 955,1.0,0.0,-1.0,1730613,2.0,10,,0.0,2.0,8.0,C01,138Â 201Â 955,1.0
1013847,201900055378,9,23,17:10,1,2,1,1.0,4.0,75104,BOULEVARD BOURDON,M,"48,8486210","2,3662720",75,2019,50.0,1.0,1.0,4.0,2267254,1.0,1,1,1,1.0,,0.0,0,1971.0,C01,138Â 201Â 955,1.0,0.0,-1.0,1730614,2.0,10,,0.0,2.0,5.0,B01,138Â 201Â 956,1.0
1013847,201900055378,9,23,17:10,1,2,1,1.0,4.0,75104,BOULEVARD BOURDON,M,"48,8486210","2,3662720",75,2019,50.0,1.0,1.0,4.0,2267254,1.0,1,1,1,1.0,,0.0,0,1971.0,C01,138Â 201Â 955,1.0,0.0,-1.0,1730615,2.0,2,,0.0,2.0,8.0,A01,138Â 201Â 958,1.0
1013847,201900055378,9,23,17:10,1,2,1,1.0,4.0,75104,BOULEVARD BOURDON,M,"48,8486210","2,3662720",75,2019,50.0,1.0,1.0,4.0,2267255,1.0,1,1,1,4.0,,0.0,0,1964.0,B01,138Â 201Â 956,1.0,0.0,-1.0,1730613,2.0,10,,0.0,2.0,8.0,C01,138Â 201Â 955,1.0
1013847,201900055378,9,23,17:10,1,2,1,1.0,4.0,75104,BOULEVARD BOURDON,M,"48,8486210","2,3662720",75,2019,50.0,1.0,1.0,4.0,2267255,1.0,1,1,1,4.0,,0.0,0,1964.0,B01,138Â 201Â 956,1.0,0.0,-1.0,1730614,2.0,10,,0.0,2.0,5.0,B01,138Â 201Â 956,1.0
1013847,201900055378,9,23,17:10,1,2,1,1.0,4.0,75104,BOULEVARD BOURDON,M,"48,8486210","2,3662720",75,2019,50.0,1.0,1.0,4.0,2267255,1.0,1,1,1,4.0,,0.0,0,1964.0,B01,138Â 201Â 956,1.0,0.0,-1.0,1730615,2.0,2,,0.0,2.0,8.0,A01,138Â 201Â 958,1.0
1013847,201900055378,9,23,17:10,1,2,1,1.0,4.0,75104,BOULEVARD BOURDON,M,"48,8486210","2,3662720",75,2019,50.0,1.0,1.0,4.0,2267256,1.0,1,4,1,9.0,,0.0,0,2000.0,A01,138Â 201Â 958,2.0,6.0,-1.0,1730613,2.0,10,,0.0,2.0,8.0,C01,138Â 201Â 955,1.0
1013847,201900055378,9,23,17:10,1,2,1,1.0,4.0,75104,BOULEVARD BOURDON,M,"48,8486210","2,3662720",75,2019,50.0,1.0,1.0,4.0,2267256,1.0,1,4,1,9.0,,0.0,0,2000.0,A01,138Â 201Â 958,2.0,6.0,-1.0,1730614,2.0,10,,0.0,2.0,5.0,B01,138Â 201Â 956,1.0
1013847,201900055378,9,23,17:10,1,2,1,1.0,4.0,75104,BOULEVARD BOURDON,M,"48,8486210","2,3662720",75,2019,50.0,1.0,1.0,4.0,2267256,1.0,1,4,1,9.0,,0.0,0,2000.0,A01,138Â 201Â 958,2.0,6.0,-1.0,1730615,2.0,2,,0.0,2.0,8.0,A01,138Â 201Â 958,1.0
1013848,201900055379,1,1,14:40,1,2,1,1.0,3.0,93027,CACHIN (AVENUE MARCEL),M,"48,9299700","2,3966000",93,2019,50.0,1.0,2.0,3.0,2267257,1.0,1,1,1,0.0,,-1.0, -1,1965.0,A01,138Â 201Â 951,1.0,0.0,-1.0,1730616,0.0,10,,0.0,2.0,2.0,A01,138Â 201Â 951,1.0
1013848,201900055379,1,1,14:40,1,2,1,1.0,3.0,93027,CACHIN (AVENUE MARCEL),M,"48,9299700","2,3966000",93,2019,50.0,1.0,2.0,3.0,2267257,1.0,1,1,1,0.0,,-1.0, -1,1965.0,A01,138Â 201Â 951,1.0,0.0,-1.0,1730617,0.0,2,,0.0,2.0,3.0,B01,138Â 201Â 954,1.0
1013848,201900055379,1,1,14:40,1,2,1,1.0,3.0,93027,CACHIN (AVENUE MARCEL),M,"48,9299700","2,3966000",93,2019,50.0,1.0,2.0,3.0,2267258,1.0,1,4,1,0.0,,-1.0, -1,1986.0,B01,138Â 201Â 954,2.0,6.0,-1.0,1730616,0.0,10,,0.0,2.0,2.0,A01,138Â 201Â 951,1.0
1013848,201900055379,1,1,14:40,1,2,1,1.0,3.0,93027,CACHIN (AVENUE MARCEL),M,"48,9299700","2,3966000",93,2019,50.0,1.0,2.0,3.0,2267258,1.0,1,4,1,0.0,,-1.0, -1,1986.0,B01,138Â 201Â 954,2.0,6.0,-1.0,1730617,0.0,2,,0.0,2.0,3.0,B01,138Â 201Â 954,1.0
1013849,201900055380,9,23,09:55,1,2,1,1.0,2.0,94015,PASTEUR (BD),M,"48,8409900","2,5265800",94,2019,50.0,1.0,1.0,3.0,2267259,1.0,1,4,1,1.0,,-1.0, -1,1987.0,B01,138Â 201Â 949,1.0,8.0,-1.0,1730618,3.0,7,,0.0,2.0,6.0,B01,138Â 201Â 949,1.0
1013849,201900055380,9,23,09:55,1,2,1,1.0,2.0,94015,PASTEUR (BD),M,"48,8409900","2,5265800",94,2019,50.0,1.0,1.0,3.0,2267259,1.0,1,4,1,1.0,,-1.0, -1,1987.0,B01,138Â 201Â 949,1.0,8.0,-1.0,1730619,3.0,10,,0.0,2.0,2.0,A01,138Â 201Â 952,1.0
1013849,201900055380,9,23,09:55,1,2,1,1.0,2.0,94015,PASTEUR (BD),M,"48,8409900","2,5265800",94,2019,50.0,1.0,1.0,3.0,2267260,1.0,1,1,1,0.0,,-1.0, -1,1990.0,A01,138Â 201Â 952,1.0,0.0,-1.0,1730618,3.0,7,,0.0,2.0,6.0,B01,138Â 201Â 949,1.0
1013849,201900055380,9,23,09:55,1,2,1,1.0,2.0,94015,PASTEUR (BD),M,"48,8409900","2,5265800",94,2019,50.0,1.0,1.0,3.0,2267260,1.0,1,1,1,0.0,,-1.0, -1,1990.0,A01,138Â 201Â 952,1.0,0.0,-1.0,1730619,3.0,10,,0.0,2.0,2.0,A01,138Â 201Â 952,1.0