Unnamed: 0_x,num_acc,mois,jour,hrmn,lum,agg,int,atm,col,com,adr,gps,lat,long,dep,annee,vma,situ,surf,catr,Unnamed: 0_y,place,catu,grav,sexe,trajet,secu,locp,actp,an_nais,num_veh_x,id_vehicule_x,secu1,secu2,secu3,Unnamed: 0,senc,catv,occutc,obs,obsm,choc,num_veh_y,id_vehicule_y,motor
1013850,201900055381,9,23,10:10,1,2,2,1.0,6.0,94041,JEAN JAURES (AV),M,"48,8083000","2,4040700",94,2019,50.0,3.0,1.0,3.0,2267261,10.0,3,4,2,9.0,,9.0,B,1992.0,A01,138Â 201Â 948,8.0,0.0,-1.0,1730620,1.0,10,,0.0,1.0,3.0,A01,138Â 201Â 948,1.0
1013850,201900055381,9,23,10:10,1,2,2,1.0,6.0,94041,JEAN JAURES (AV),M,"48,8083000","2,4040700",94,2019,50.0,3.0,1.0,3.0,2267262,1.0,1,1,1,0.0,,0.0,0,1973.0,A01,138Â 201Â 948,1.0,0.0,-1.0,1730620,1.0,10,,0.0,1.0,3.0,A01,138Â 201Â 948,1.0
1013851,201900055382,9,23,16:00,1,2,1,1.0,3.0,94073,GENERAL DE GAULLE (AV DU),M,"48,7682100","2,3720100",94,2019,50.0,1.0,1.0,4.0,2267263,1.0,1,1,1,5.0,,-1.0, -1,1948.0,A01,138Â 201Â 946,1.0,0.0,-1.0,1730621,0.0,7,,0.0,2.0,1.0,A01,138Â 201Â 946,1.0
1013851,201900055382,9,23,16:00,1,2,1,1.0,3.0,94073,GENERAL DE GAULLE (AV DU),M,"48,7682100","2,3720100",94,2019,50.0,1.0,1.0,4.0,2267263,1.0,1,1,1,5.0,,-1.0, -1,1948.0,A01,138Â 201Â 946,1.0,0.0,-1.0,1730622,0.0,32,,0.0,2.0,7.0,B01,138Â 201Â 947,1.0
1013851,201900055382,9,23,16:00,1,2,1,1.0,3.0,94073,GENERAL DE GAULLE (AV DU),M,"48,7682100","2,3720100",94,2019,50.0,1.0,1.0,4.0,2267264,1.0,1,4,1,9.0,,-1.0,0,1960.0,B01,138Â 201Â 947,2.0,0.0,-1.0,1730621,0.0,7,,0.0,2.0,1.0,A01,138Â 201Â 946,1.0
1013851,201900055382,9,23,16:00,1,2,1,1.0,3.0,94073,GENERAL DE GAULLE (AV DU),M,"48,7682100","2,3720100",94,2019,50.0,1.0,1.0,4.0,2267264,1.0,1,4,1,9.0,,-1.0,0,1960.0,B01,138Â 201Â 947,2.0,0.0,-1.0,1730622,0.0,32,,0.0,2.0,7.0,B01,138Â 201Â 947,1.0
1013852,201900055383,10,25,16:30,1,2,1,1.0,2.0,91589,BRIAND (BOULEVARD ARISTIDE),M,"48,6871220","2,3539700",91,2019,50.0,1.0,1.0,4.0,2267265,1.0,1,1,1,5.0,,0.0,0,1969.0,B01,138Â 201Â 950,1.0,8.0,-1.0,1730623,1.0,7,,0.0,0.0,6.0,B01,138Â 201Â 950,1.0
1013852,201900055383,10,25,16:30,1,2,1,1.0,2.0,91589,BRIAND (BOULEVARD ARISTIDE),M,"48,6871220","2,3539700",91,2019,50.0,1.0,1.0,4.0,2267265,1.0,1,1,1,5.0,,0.0,0,1969.0,B01,138Â 201Â 950,1.0,8.0,-1.0,1730624,1.0,30,,0.0,2.0,1.0,A01,138Â 201Â 953,1.0
1013852,201900055383,10,25,16:30,1,2,1,1.0,2.0,91589,BRIAND (BOULEVARD ARISTIDE),M,"48,6871220","2,3539700",91,2019,50.0,1.0,1.0,4.0,2267266,1.0,1,4,1,5.0,,0.0,0,1989.0,A01,138Â 201Â 953,2.0,8.0,-1.0,1730623,1.0,7,,0.0,0.0,6.0,B01,138Â 201Â 950,1.0
1013852,201900055383,10,25,16:30,1,2,1,1.0,2.0,91589,BRIAND (BOULEVARD ARISTIDE),M,"48,6871220","2,3539700",91,2019,50.0,1.0,1.0,4.0,2267266,1.0,1,4,1,5.0,,0.0,0,1989.0,A01,138Â 201Â 953,2.0,8.0,-1.0,1730624,1.0,30,,0.0,2.0,1.0,A01,138Â 201Â 953,1.0
1013853,201900055384,9,23,11:10,1,2,3,1.0,3.0,94021,JEAN MERMOZ (BD),M,"48,7663900","2,3357100",94,2019,50.0,1.0,1.0,3.0,2267267,1.0,1,1,2,0.0,,-1.0, -1,1965.0,A01,138Â 201Â 943,1.0,0.0,-1.0,1730625,1.0,10,,8.0,2.0,3.0,A01,138Â 201Â 943,1.0
1013853,201900055384,9,23,11:10,1,2,3,1.0,3.0,94021,JEAN MERMOZ (BD),M,"48,7663900","2,3357100",94,2019,50.0,1.0,1.0,3.0,2267267,1.0,1,1,2,0.0,,-1.0, -1,1965.0,A01,138Â 201Â 943,1.0,0.0,-1.0,1730626,1.0,10,,0.0,2.0,2.0,B01,138Â 201Â 945,1.0
1013853,201900055384,9,23,11:10,1,2,3,1.0,3.0,94021,JEAN MERMOZ (BD),M,"48,7663900","2,3357100",94,2019,50.0,1.0,1.0,3.0,2267268,1.0,1,4,1,0.0,,-1.0, -1,1944.0,B01,138Â 201Â 945,1.0,0.0,-1.0,1730625,1.0,10,,8.0,2.0,3.0,A01,138Â 201Â 943,1.0
1013853,201900055384,9,23,11:10,1,2,3,1.0,3.0,94021,JEAN MERMOZ (BD),M,"48,7663900","2,3357100",94,2019,50.0,1.0,1.0,3.0,2267268,1.0,1,4,1,0.0,,-1.0, -1,1944.0,B01,138Â 201Â 945,1.0,0.0,-1.0,1730626,1.0,10,,0.0,2.0,2.0,B01,138Â 201Â 945,1.0
1013854,201900055385,1,5,20:05,5,2,2,1.0,3.0,93057,ROSNY (AL. DE),M,"48,9075400","2,5179000",93,2019,50.0,1.0,1.0,4.0,2267269,1.0,1,4,2,5.0,,0.0,0,1995.0,A01,138Â 201Â 940,1.0,0.0,-1.0,1730627,1.0,7,,0.0,2.0,6.0,A01,138Â 201Â 940,1.0
1013854,201900055385,1,5,20:05,5,2,2,1.0,3.0,93057,ROSNY (AL. DE),M,"48,9075400","2,5179000",93,2019,50.0,1.0,1.0,4.0,2267269,1.0,1,4,2,5.0,,0.0,0,1995.0,A01,138Â 201Â 940,1.0,0.0,-1.0,1730628,1.0,33,,0.0,2.0,1.0,B01,138Â 201Â 944,1.0
1013854,201900055385,1,5,20:05,5,2,2,1.0,3.0,93057,ROSNY (AL. DE),M,"48,9075400","2,5179000",93,2019,50.0,1.0,1.0,4.0,2267270,1.0,1,4,1,0.0,,-1.0, -1,1996.0,B01,138Â 201Â 944,2.0,6.0,-1.0,1730627,1.0,7,,0.0,2.0,6.0,A01,138Â 201Â 940,1.0
1013854,201900055385,1,5,20:05,5,2,2,1.0,3.0,93057,ROSNY (AL. DE),M,"48,9075400","2,5179000",93,2019,50.0,1.0,1.0,4.0,2267270,1.0,1,4,1,0.0,,-1.0, -1,1996.0,B01,138Â 201Â 944,2.0,6.0,-1.0,1730628,1.0,33,,0.0,2.0,1.0,B01,138Â 201Â 944,1.0
1013855,201900055386,9,22,03:15,5,2,1,1.0,6.0,94079,FRIEDBERG (BD DE),M,"48,8317600","2,5415700",94,2019,50.0,2.0,1.0,3.0,2267271,1.0,2,1,1,0.0,,0.0,0,1975.0,A01,138Â 201Â 939,1.0,0.0,-1.0,1730629,2.0,7,,1.0,0.0,2.0,A01,138Â 201Â 939,1.0
1013855,201900055386,9,22,03:15,5,2,1,1.0,6.0,94079,FRIEDBERG (BD DE),M,"48,8317600","2,5415700",94,2019,50.0,2.0,1.0,3.0,2267272,1.0,1,1,1,5.0,,-1.0, -1,1975.0,A01,138Â 201Â 939,1.0,0.0,-1.0,1730629,2.0,7,,1.0,0.0,2.0,A01,138Â 201Â 939,1.0
1013855,201900055386,9,22,03:15,5,2,1,1.0,6.0,94079,FRIEDBERG (BD DE),M,"48,8317600","2,5415700",94,2019,50.0,2.0,1.0,3.0,2267273,4.0,2,4,1,0.0,,-1.0, -1,1975.0,A01,138Â 201Â 939,1.0,0.0,-1.0,1730629,2.0,7,,1.0,0.0,2.0,A01,138Â 201Â 939,1.0
1013856,201900055387,1,4,05:15,5,2,2,1.0,3.0,93010,VARAGNAT (AVENUE HENRI),M,"48,9175400","2,4851800",93,2019,50.0,1.0,1.0,3.0,2267274,2.0,2,4,1,1.0,,-1.0,0,1987.0,A01,138Â 201Â 935,1.0,8.0,-1.0,1730630,3.0,10,,0.0,2.0,3.0,A01,138Â 201Â 935,1.0
1013856,201900055387,1,4,05:15,5,2,2,1.0,3.0,93010,VARAGNAT (AVENUE HENRI),M,"48,9175400","2,4851800",93,2019,50.0,1.0,1.0,3.0,2267274,2.0,2,4,1,1.0,,-1.0,0,1987.0,A01,138Â 201Â 935,1.0,8.0,-1.0,1730631,3.0,10,,0.0,2.0,2.0,B01,138Â 201Â 937,1.0
1013856,201900055387,1,4,05:15,5,2,2,1.0,3.0,93010,VARAGNAT (AVENUE HENRI),M,"48,9175400","2,4851800",93,2019,50.0,1.0,1.0,3.0,2267275,1.0,1,1,1,1.0,,-1.0, -1,1975.0,A01,138Â 201Â 935,1.0,8.0,-1.0,1730630,3.0,10,,0.0,2.0,3.0,A01,138Â 201Â 935,1.0
1013856,201900055387,1,4,05:15,5,2,2,1.0,3.0,93010,VARAGNAT (AVENUE HENRI),M,"48,9175400","2,4851800",93,2019,50.0,1.0,1.0,3.0,2267275,1.0,1,1,1,1.0,,-1.0, -1,1975.0,A01,138Â 201Â 935,1.0,8.0,-1.0,1730631,3.0,10,,0.0,2.0,2.0,B01,138Â 201Â 937,1.0
1013857,201900055388,9,23,11:00,1,2,1,1.0,3.0,94017,REPUBLIQUE (AV DE LA),M,"48,8187800","2,5114500",94,2019,50.0,3.0,1.0,3.0,2267276,2.0,2,4,1,2.0,,-1.0, -1,2007.0,A01,138Â 201Â 934,2.0,6.0,-1.0,1730632,1.0,34,,0.0,2.0,1.0,A01,138Â 201Â 934,1.0
1013857,201900055388,9,23,11:00,1,2,1,1.0,3.0,94017,REPUBLIQUE (AV DE LA),M,"48,8187800","2,5114500",94,2019,50.0,3.0,1.0,3.0,2267276,2.0,2,4,1,2.0,,-1.0, -1,2007.0,A01,138Â 201Â 934,2.0,6.0,-1.0,1730633,1.0,7,,0.0,0.0,6.0,B01,138Â 201Â 936,1.0
1013857,201900055388,9,23,11:00,1,2,1,1.0,3.0,94017,REPUBLIQUE (AV DE LA),M,"48,8187800","2,5114500",94,2019,50.0,3.0,1.0,3.0,2267277,1.0,1,1,1,5.0,,0.0,0,1998.0,A01,138Â 201Â 934,2.0,6.0,-1.0,1730632,1.0,34,,0.0,2.0,1.0,A01,138Â 201Â 934,1.0
1013857,201900055388,9,23,11:00,1,2,1,1.0,3.0,94017,REPUBLIQUE (AV DE LA),M,"48,8187800","2,5114500",94,2019,50.0,3.0,1.0,3.0,2267277,1.0,1,1,1,5.0,,0.0,0,1998.0,A01,138Â 201Â 934,2.0,6.0,-1.0,1730633,1.0,7,,0.0,0.0,6.0,B01,138Â 201Â 936,1.0
1013857,201900055388,9,23,11:00,1,2,1,1.0,3.0,94017,REPUBLIQUE (AV DE LA),M,"48,8187800","2,5114500",94,2019,50.0,3.0,1.0,3.0,2267278,1.0,1,1,2,4.0,,0.0,0,1982.0,B01,138Â 201Â 936,1.0,0.0,-1.0,1730632,1.0,34,,0.0,2.0,1.0,A01,138Â 201Â 934,1.0
1013857,201900055388,9,23,11:00,1,2,1,1.0,3.0,94017,REPUBLIQUE (AV DE LA),M,"48,8187800","2,5114500",94,2019,50.0,3.0,1.0,3.0,2267278,1.0,1,1,2,4.0,,0.0,0,1982.0,B01,138Â 201Â 936,1.0,0.0,-1.0,1730633,1.0,7,,0.0,0.0,6.0,B01,138Â 201Â 936,1.0
1013858,201900055389,1,2,19:20,5,2,1,1.0,2.0,93057,JAURES (AV. JEAN) 1 A 123,M,"48,9062200","2,4996280",93,2019,50.0,1.0,1.0,3.0,2267279,1.0,1,4,1,0.0,,-1.0, -1,1955.0,A01,138Â 201Â 931,8.0,0.0,-1.0,1730634,1.0,7,,0.0,2.0,4.0,A01,138Â 201Â 931,0.0
1013858,201900055389,1,2,19:20,5,2,1,1.0,2.0,93057,JAURES (AV. JEAN) 1 A 123,M,"48,9062200","2,4996280",93,2019,50.0,1.0,1.0,3.0,2267279,1.0,1,4,1,0.0,,-1.0, -1,1955.0,A01,138Â 201Â 931,8.0,0.0,-1.0,1730635,1.0,7,,0.0,2.0,1.0,B01,138Â 201Â 933,0.0
1013858,201900055389,1,2,19:20,5,2,1,1.0,2.0,93057,JAURES (AV. JEAN) 1 A 123,M,"48,9062200","2,4996280",93,2019,50.0,1.0,1.0,3.0,2267280,1.0,1,1,1,0.0,,-1.0, -1,1998.0,B01,138Â 201Â 933,1.0,0.0,-1.0,1730634,1.0,7,,0.0,2.0,4.0,A01,138Â 201Â 931,0.0
1013858,201900055389,1,2,19:20,5,2,1,1.0,2.0,93057,JAURES (AV. JEAN) 1 A 123,M,"48,9062200","2,4996280",93,2019,50.0,1.0,1.0,3.0,2267280,1.0,1,1,1,0.0,,-1.0, -1,1998.0,B01,138Â 201Â 933,1.0,0.0,-1.0,1730635,1.0,7,,0.0,2.0,1.0,B01,138Â 201Â 933,0.0
1013859,201900055390,9,23,09:05,1,2,1,7.0,7.0,94017,ROGER SALENGRO (AV),M,"48,8179000","2,4942300",94,2019,30.0,1.0,1.0,3.0,2267281,1.0,1,4,1,5.0,,-1.0, -1,1976.0,A01,138Â 201Â 930,2.0,6.0,-1.0,1730636,2.0,30,,0.0,0.0,0.0,A01,138Â 201Â 930,1.0
1013860,201900055391,1,5,13:00,1,2,1,1.0,6.0,93008,LEBRUN (RUE DU LIEUTENANT),M,"48,9088700","2,4409010",93,2019,30.0,1.0,1.0,4.0,2267282,1.0,1,1,2,5.0,,0.0,0,1996.0,A01,138Â 201Â 929,1.0,0.0,-1.0,1730637,1.0,7,,0.0,1.0,5.0,A01,138Â 201Â 929,1.0
1013860,201900055391,1,5,13:00,1,2,1,1.0,6.0,93008,LEBRUN (RUE DU LIEUTENANT),M,"48,9088700","2,4409010",93,2019,30.0,1.0,1.0,4.0,2267283,10.0,3,4,2,5.0,,5.0,3,2014.0,A01,138Â 201Â 929,8.0,0.0,-1.0,1730637,1.0,7,,0.0,1.0,5.0,A01,138Â 201Â 929,1.0
1013861,201900055392,9,22,23:17,5,2,2,1.0,3.0,94002,VAILLANT COUTURIER (R),M,"48,7900000","2,4200000",94,2019,50.0,1.0,1.0,3.0,2267284,1.0,1,1,1,0.0,,-1.0, -1,1992.0,A01,138Â 201Â 926,1.0,0.0,-1.0,1730638,2.0,7,,0.0,2.0,2.0,A01,138Â 201Â 926,1.0
1013861,201900055392,9,22,23:17,5,2,2,1.0,3.0,94002,VAILLANT COUTURIER (R),M,"48,7900000","2,4200000",94,2019,50.0,1.0,1.0,3.0,2267284,1.0,1,1,1,0.0,,-1.0, -1,1992.0,A01,138Â 201Â 926,1.0,0.0,-1.0,1730639,2.0,7,,0.0,2.0,3.0,B01,138Â 201Â 928,1.0
1013861,201900055392,9,22,23:17,5,2,2,1.0,3.0,94002,VAILLANT COUTURIER (R),M,"48,7900000","2,4200000",94,2019,50.0,1.0,1.0,3.0,2267285,4.0,2,1,1,5.0,,-1.0, -1,1998.0,B01,138Â 201Â 928,1.0,0.0,-1.0,1730638,2.0,7,,0.0,2.0,2.0,A01,138Â 201Â 926,1.0
1013861,201900055392,9,22,23:17,5,2,2,1.0,3.0,94002,VAILLANT COUTURIER (R),M,"48,7900000","2,4200000",94,2019,50.0,1.0,1.0,3.0,2267285,4.0,2,1,1,5.0,,-1.0, -1,1998.0,B01,138Â 201Â 928,1.0,0.0,-1.0,1730639,2.0,7,,0.0,2.0,3.0,B01,138Â 201Â 928,1.0
1013861,201900055392,9,22,23:17,5,2,2,1.0,3.0,94002,VAILLANT COUTURIER (R),M,"48,7900000","2,4200000",94,2019,50.0,1.0,1.0,3.0,2267286,2.0,2,4,2,5.0,,-1.0, -1,1933.0,B01,138Â 201Â 928,1.0,0.0,-1.0,1730638,2.0,7,,0.0,2.0,2.0,A01,138Â 201Â 926,1.0
1013861,201900055392,9,22,23:17,5,2,2,1.0,3.0,94002,VAILLANT COUTURIER (R),M,"48,7900000","2,4200000",94,2019,50.0,1.0,1.0,3.0,2267286,2.0,2,4,2,5.0,,-1.0, -1,1933.0,B01,138Â 201Â 928,1.0,0.0,-1.0,1730639,2.0,7,,0.0,2.0,3.0,B01,138Â 201Â 928,1.0
1013861,201900055392,9,22,23:17,5,2,2,1.0,3.0,94002,VAILLANT COUTURIER (R),M,"48,7900000","2,4200000",94,2019,50.0,1.0,1.0,3.0,2267287,1.0,1,4,2,5.0,,-1.0, -1,1940.0,B01,138Â 201Â 928,1.0,0.0,-1.0,1730638,2.0,7,,0.0,2.0,2.0,A01,138Â 201Â 926,1.0
1013861,201900055392,9,22,23:17,5,2,2,1.0,3.0,94002,VAILLANT COUTURIER (R),M,"48,7900000","2,4200000",94,2019,50.0,1.0,1.0,3.0,2267287,1.0,1,4,2,5.0,,-1.0, -1,1940.0,B01,138Â 201Â 928,1.0,0.0,-1.0,1730639,2.0,7,,0.0,2.0,3.0,B01,138Â 201Â 928,1.0
1013862,201900055393,1,4,18:50,5,2,1,1.0,2.0,93007,DOCTEUR CALMETTE (RUE DU),M,"48,9414000","2,4749400",93,2019,30.0,2.0,1.0,4.0,2267288,1.0,1,1,2,5.0,,-1.0, -1,1981.0,A01,138Â 201Â 925,1.0,0.0,-1.0,1730640,1.0,7,,0.0,2.0,4.0,A01,138Â 201Â 925,0.0
1013862,201900055393,1,4,18:50,5,2,1,1.0,2.0,93007,DOCTEUR CALMETTE (RUE DU),M,"48,9414000","2,4749400",93,2019,30.0,2.0,1.0,4.0,2267288,1.0,1,1,2,5.0,,-1.0, -1,1981.0,A01,138Â 201Â 925,1.0,0.0,-1.0,1730641,1.0,7,,0.0,2.0,1.0,B01,138Â 201Â 927,0.0
1013862,201900055393,1,4,18:50,5,2,1,1.0,2.0,93007,DOCTEUR CALMETTE (RUE DU),M,"48,9414000","2,4749400",93,2019,30.0,2.0,1.0,4.0,2267289,2.0,2,4,1,0.0,,-1.0, -1,2006.0,A01,138Â 201Â 925,1.0,0.0,-1.0,1730640,1.0,7,,0.0,2.0,4.0,A01,138Â 201Â 925,0.0
1013862,201900055393,1,4,18:50,5,2,1,1.0,2.0,93007,DOCTEUR CALMETTE (RUE DU),M,"48,9414000","2,4749400",93,2019,30.0,2.0,1.0,4.0,2267289,2.0,2,4,1,0.0,,-1.0, -1,2006.0,A01,138Â 201Â 925,1.0,0.0,-1.0,1730641,1.0,7,,0.0,2.0,1.0,B01,138Â 201Â 927,0.0
1013862,201900055393,1,4,18:50,5,2,1,1.0,2.0,93007,DOCTEUR CALMETTE (RUE DU),M,"48,9414000","2,4749400",93,2019,30.0,2.0,1.0,4.0,2267290,1.0,1,1,1,4.0,,-1.0,0,1992.0,B01,138Â 201Â 927,1.0,0.0,-1.0,1730640,1.0,7,,0.0,2.0,4.0,A01,138Â 201Â 925,0.0
1013862,201900055393,1,4,18:50,5,2,1,1.0,2.0,93007,DOCTEUR CALMETTE (RUE DU),M,"48,9414000","2,4749400",93,2019,30.0,2.0,1.0,4.0,2267290,1.0,1,1,1,4.0,,-1.0,0,1992.0,B01,138Â 201Â 927,1.0,0.0,-1.0,1730641,1.0,7,,0.0,2.0,1.0,B01,138Â 201Â 927,0.0
1013863,201900055394,1,2,17:58,5,2,1,1.0,3.0,92073,GAULLE (AVENUE GENERAL CHARLES DE),M,"48,8694584","2,2241601",92,2019,50.0,1.0,1.0,3.0,2267291,8.0,2,4,1,9.0,,-1.0,0,1980.0,B01,138Â 201Â 921,8.0,0.0,-1.0,1730642,0.0,37,2.0,0.0,0.0,8.0,B01,138Â 201Â 921,1.0
1013863,201900055394,1,2,17:58,5,2,1,1.0,3.0,92073,GAULLE (AVENUE GENERAL CHARLES DE),M,"48,8694584","2,2241601",92,2019,50.0,1.0,1.0,3.0,2267291,8.0,2,4,1,9.0,,-1.0,0,1980.0,B01,138Â 201Â 921,8.0,0.0,-1.0,1730643,3.0,7,,0.0,0.0,5.0,A01,138Â 201Â 923,1.0
1013863,201900055394,1,2,17:58,5,2,1,1.0,3.0,92073,GAULLE (AVENUE GENERAL CHARLES DE),M,"48,8694584","2,2241601",92,2019,50.0,1.0,1.0,3.0,2267292,1.0,1,1,1,0.0,,0.0,0,1988.0,B01,138Â 201Â 921,1.0,0.0,-1.0,1730642,0.0,37,2.0,0.0,0.0,8.0,B01,138Â 201Â 921,1.0
1013863,201900055394,1,2,17:58,5,2,1,1.0,3.0,92073,GAULLE (AVENUE GENERAL CHARLES DE),M,"48,8694584","2,2241601",92,2019,50.0,1.0,1.0,3.0,2267292,1.0,1,1,1,0.0,,0.0,0,1988.0,B01,138Â 201Â 921,1.0,0.0,-1.0,1730643,3.0,7,,0.0,0.0,5.0,A01,138Â 201Â 923,1.0
1013863,201900055394,1,2,17:58,5,2,1,1.0,3.0,92073,GAULLE (AVENUE GENERAL CHARLES DE),M,"48,8694584","2,2241601",92,2019,50.0,1.0,1.0,3.0,2267293,1.0,1,1,1,0.0,,-1.0,0,1958.0,A01,138Â 201Â 923,1.0,0.0,-1.0,1730642,0.0,37,2.0,0.0,0.0,8.0,B01,138Â 201Â 921,1.0
1013863,201900055394,1,2,17:58,5,2,1,1.0,3.0,92073,GAULLE (AVENUE GENERAL CHARLES DE),M,"48,8694584","2,2241601",92,2019,50.0,1.0,1.0,3.0,2267293,1.0,1,1,1,0.0,,-1.0,0,1958.0,A01,138Â 201Â 923,1.0,0.0,-1.0,1730643,3.0,7,,0.0,0.0,5.0,A01,138Â 201Â 923,1.0
1013864,201900055395,9,23,11:15,1,2,1,1.0,4.0,93072,MARCEL CACHIN (AVENUE) DES NÂ°1 AU 17,M,"48,9560200","2,3830600",93,2019,50.0,1.0,1.0,3.0,2267294,1.0,1,1,1,0.0,,-1.0, -1,1995.0,C01,138Â 201Â 920,8.0,0.0,-1.0,1730644,1.0,7,,1.0,0.0,1.0,C01,138Â 201Â 920,0.0
1013864,201900055395,9,23,11:15,1,2,1,1.0,4.0,93072,MARCEL CACHIN (AVENUE) DES NÂ°1 AU 17,M,"48,9560200","2,3830600",93,2019,50.0,1.0,1.0,3.0,2267294,1.0,1,1,1,0.0,,-1.0, -1,1995.0,C01,138Â 201Â 920,8.0,0.0,-1.0,1730645,1.0,7,,0.0,2.0,4.0,B01,138Â 201Â 922,0.0
1013864,201900055395,9,23,11:15,1,2,1,1.0,4.0,93072,MARCEL CACHIN (AVENUE) DES NÂ°1 AU 17,M,"48,9560200","2,3830600",93,2019,50.0,1.0,1.0,3.0,2267294,1.0,1,1,1,0.0,,-1.0, -1,1995.0,C01,138Â 201Â 920,8.0,0.0,-1.0,1730646,1.0,7,,0.0,2.0,4.0,A01,138Â 201Â 924,0.0
1013864,201900055395,9,23,11:15,1,2,1,1.0,4.0,93072,MARCEL CACHIN (AVENUE) DES NÂ°1 AU 17,M,"48,9560200","2,3830600",93,2019,50.0,1.0,1.0,3.0,2267295,4.0,2,1,2,0.0,,-1.0, -1,2015.0,B01,138Â 201Â 922,8.0,0.0,-1.0,1730644,1.0,7,,1.0,0.0,1.0,C01,138Â 201Â 920,0.0
1013864,201900055395,9,23,11:15,1,2,1,1.0,4.0,93072,MARCEL CACHIN (AVENUE) DES NÂ°1 AU 17,M,"48,9560200","2,3830600",93,2019,50.0,1.0,1.0,3.0,2267295,4.0,2,1,2,0.0,,-1.0, -1,2015.0,B01,138Â 201Â 922,8.0,0.0,-1.0,1730645,1.0,7,,0.0,2.0,4.0,B01,138Â 201Â 922,0.0
1013864,201900055395,9,23,11:15,1,2,1,1.0,4.0,93072,MARCEL CACHIN (AVENUE) DES NÂ°1 AU 17,M,"48,9560200","2,3830600",93,2019,50.0,1.0,1.0,3.0,2267295,4.0,2,1,2,0.0,,-1.0, -1,2015.0,B01,138Â 201Â 922,8.0,0.0,-1.0,1730646,1.0,7,,0.0,2.0,4.0,A01,138Â 201Â 924,0.0
1013864,201900055395,9,23,11:15,1,2,1,1.0,4.0,93072,MARCEL CACHIN (AVENUE) DES NÂ°1 AU 17,M,"48,9560200","2,3830600",93,2019,50.0,1.0,1.0,3.0,2267296,1.0,1,4,2,0.0,,-1.0, -1,1985.0,B01,138Â 201Â 922,8.0,0.0,-1.0,1730644,1.0,7,,1.0,0.0,1.0,C01,138Â 201Â 920,0.0
1013864,201900055395,9,23,11:15,1,2,1,1.0,4.0,93072,MARCEL CACHIN (AVENUE) DES NÂ°1 AU 17,M,"48,9560200","2,3830600",93,2019,50.0,1.0,1.0,3.0,2267296,1.0,1,4,2,0.0,,-1.0, -1,1985.0,B01,138Â 201Â 922,8.0,0.0,-1.0,1730645,1.0,7,,0.0,2.0,4.0,B01,138Â 201Â 922,0.0
1013864,201900055395,9,23,11:15,1,2,1,1.0,4.0,93072,MARCEL CACHIN (AVENUE) DES NÂ°1 AU 17,M,"48,9560200","2,3830600",93,2019,50.0,1.0,1.0,3.0,2267296,1.0,1,4,2,0.0,,-1.0, -1,1985.0,B01,138Â 201Â 922,8.0,0.0,-1.0,1730646,1.0,7,,0.0,2.0,4.0,A01,138Â 201Â 924,0.0
1013864,201900055395,9,23,11:15,1,2,1,1.0,4.0,93072,MARCEL CACHIN (AVENUE) DES NÂ°1 AU 17,M,"48,9560200","2,3830600",93,2019,50.0,1.0,1.0,3.0,2267297,1.0,1,1,1,0.0,,-1.0, -1,1943.0,A01,138Â 201Â 924,8.0,0.0,-1.0,1730644,1.0,7,,1.0,0.0,1.0,C01,138Â 201Â 920,0.0
1013864,201900055395,9,23,11:15,1,2,1,1.0,4.0,93072,MARCEL CACHIN (AVENUE) DES NÂ°1 AU 17,M,"48,9560200","2,3830600",93,2019,50.0,1.0,1.0,3.0,2267297,1.0,1,1,1,0.0,,-1.0, -1,1943.0,A01,138Â 201Â 924,8.0,0.0,-1.0,1730645,1.0,7,,0.0,2.0,4.0,B01,138Â 201Â 922,0.0
1013864,201900055395,9,23,11:15,1,2,1,1.0,4.0,93072,MARCEL CACHIN (AVENUE) DES NÂ°1 AU 17,M,"48,9560200","2,3830600",93,2019,50.0,1.0,1.0,3.0,2267297,1.0,1,1,1,0.0,,-1.0, -1,1943.0,A01,138Â 201Â 924,8.0,0.0,-1.0,1730646,1.0,7,,0.0,2.0,4.0,A01,138Â 201Â 924,0.0
1013865,201900055396,1,1,15:50,1,2,1,8.0,6.0,92073,JAURES (AVENUE JEAN),M,"48,8619000","2,2119500",92,2019,50.0,1.0,1.0,3.0,2267298,1.0,1,1,1,0.0,,0.0,0,1994.0,A01,138Â 201Â 918,8.0,0.0,-1.0,1730647,1.0,7,,0.0,1.0,1.0,A01,138Â 201Â 918,1.0
1013865,201900055396,1,1,15:50,1,2,1,8.0,6.0,92073,JAURES (AVENUE JEAN),M,"48,8619000","2,2119500",92,2019,50.0,1.0,1.0,3.0,2267299,10.0,3,4,1,0.0,,9.0,B,2004.0,A01,138Â 201Â 918,8.0,0.0,-1.0,1730647,1.0,7,,0.0,1.0,1.0,A01,138Â 201Â 918,1.0
1013866,201900055397,1,3,17:50,5,2,1,1.0,6.0,92063,ESTIENNE D'ORVES (RUE D'),M,"48,8868500","2,1795900",92,2019,50.0,2.0,1.0,4.0,2267300,1.0,1,1,2,1.0,,-1.0,0,1990.0,A01,138Â 201Â 915,1.0,8.0,-1.0,1730648,2.0,7,,0.0,2.0,8.0,A01,138Â 201Â 915,1.0
1013866,201900055397,1,3,17:50,5,2,1,1.0,6.0,92063,ESTIENNE D'ORVES (RUE D'),M,"48,8868500","2,1795900",92,2019,50.0,2.0,1.0,4.0,2267300,1.0,1,1,2,1.0,,-1.0,0,1990.0,A01,138Â 201Â 915,1.0,8.0,-1.0,1730649,2.0,1,,1.0,0.0,1.0,B01,138Â 201Â 916,5.0