Unnamed: 0_x,num_acc,mois,jour,hrmn,lum,agg,int,atm,col,com,adr,gps,lat,long,dep,annee,vma,situ,surf,catr,Unnamed: 0_y,place,catu,grav,sexe,trajet,secu,locp,actp,an_nais,num_veh_x,id_vehicule_x,secu1,secu2,secu3,Unnamed: 0,senc,catv,occutc,obs,obsm,choc,num_veh_y,id_vehicule_y,motor
1013866,201900055397,1,3,17:50,5,2,1,1.0,6.0,92063,ESTIENNE D'ORVES (RUE D'),M,"48,8868500","2,1795900",92,2019,50.0,2.0,1.0,4.0,2267301,1.0,1,4,1,1.0,,-1.0,0,1980.0,B01,138Â 201Â 916,8.0,0.0,-1.0,1730648,2.0,7,,0.0,2.0,8.0,A01,138Â 201Â 915,1.0
1013866,201900055397,1,3,17:50,5,2,1,1.0,6.0,92063,ESTIENNE D'ORVES (RUE D'),M,"48,8868500","2,1795900",92,2019,50.0,2.0,1.0,4.0,2267301,1.0,1,4,1,1.0,,-1.0,0,1980.0,B01,138Â 201Â 916,8.0,0.0,-1.0,1730649,2.0,1,,1.0,0.0,1.0,B01,138Â 201Â 916,5.0
1013867,201900055398,10,24,16:00,1,1,6,1.0,7.0,91433,PITHIVIERS (ROND POINT),M,"48,4342200","2,1860400",91,2019,50.0,1.0,8.0,3.0,2267302,1.0,1,4,1,4.0,,0.0,0,1975.0,A01,138Â 201Â 932,2.0,6.0,-1.0,1730650,2.0,33,,0.0,0.0,0.0,A01,138Â 201Â 932,1.0
1013868,201900055399,9,23,09:30,1,2,1,1.0,3.0,93066,FORT DE LA BRICHE,M,"48,9438100","2,3420500",93,2019,50.0,1.0,1.0,3.0,2267303,1.0,1,4,1,0.0,,-1.0, -1,1993.0,A01,138Â 201Â 917,2.0,6.0,-1.0,1730651,1.0,33,,0.0,2.0,1.0,A01,138Â 201Â 917,1.0
1013868,201900055399,9,23,09:30,1,2,1,1.0,3.0,93066,FORT DE LA BRICHE,M,"48,9438100","2,3420500",93,2019,50.0,1.0,1.0,3.0,2267303,1.0,1,4,1,0.0,,-1.0, -1,1993.0,A01,138Â 201Â 917,2.0,6.0,-1.0,1730652,2.0,7,,0.0,2.0,8.0,B01,138Â 201Â 919,1.0
1013868,201900055399,9,23,09:30,1,2,1,1.0,3.0,93066,FORT DE LA BRICHE,M,"48,9438100","2,3420500",93,2019,50.0,1.0,1.0,3.0,2267304,1.0,1,1,1,0.0,,-1.0, -1,1990.0,B01,138Â 201Â 919,1.0,0.0,-1.0,1730651,1.0,33,,0.0,2.0,1.0,A01,138Â 201Â 917,1.0
1013868,201900055399,9,23,09:30,1,2,1,1.0,3.0,93066,FORT DE LA BRICHE,M,"48,9438100","2,3420500",93,2019,50.0,1.0,1.0,3.0,2267304,1.0,1,1,1,0.0,,-1.0, -1,1990.0,B01,138Â 201Â 919,1.0,0.0,-1.0,1730652,2.0,7,,0.0,2.0,8.0,B01,138Â 201Â 919,1.0
1013869,201900055400,10,25,07:15,2,2,2,1.0,3.0,91201,JACQUELINE JEUNON(RUE),M,"48,6877800","2,4239100",91,2019,50.0,-1.0,1.0,4.0,2267305,1.0,1,4,1,0.0,,0.0,0,2000.0,B01,138Â 201Â 912,8.0,0.0,-1.0,1730653,2.0,1,,0.0,2.0,1.0,B01,138Â 201Â 912,0.0
1013869,201900055400,10,25,07:15,2,2,2,1.0,3.0,91201,JACQUELINE JEUNON(RUE),M,"48,6877800","2,4239100",91,2019,50.0,-1.0,1.0,4.0,2267305,1.0,1,4,1,0.0,,0.0,0,2000.0,B01,138Â 201Â 912,8.0,0.0,-1.0,1730654,1.0,3,,0.0,2.0,3.0,A01,138Â 201Â 914,1.0
1013869,201900055400,10,25,07:15,2,2,2,1.0,3.0,91201,JACQUELINE JEUNON(RUE),M,"48,6877800","2,4239100",91,2019,50.0,-1.0,1.0,4.0,2267306,1.0,1,1,1,1.0,,0.0,0,1967.0,A01,138Â 201Â 914,8.0,0.0,-1.0,1730653,2.0,1,,0.0,2.0,1.0,B01,138Â 201Â 912,0.0
1013869,201900055400,10,25,07:15,2,2,2,1.0,3.0,91201,JACQUELINE JEUNON(RUE),M,"48,6877800","2,4239100",91,2019,50.0,-1.0,1.0,4.0,2267306,1.0,1,1,1,1.0,,0.0,0,1967.0,A01,138Â 201Â 914,8.0,0.0,-1.0,1730654,1.0,3,,0.0,2.0,3.0,A01,138Â 201Â 914,1.0
1013870,201900055401,10,24,20:45,5,1,1,2.0,6.0,87085,AUTOROUTE A20,M,"45,8604800","1,2850200",87,2019,50.0,1.0,2.0,1.0,2267307,1.0,1,4,2,5.0,,-1.0, -1,1998.0,A01,138Â 201Â 911,1.0,0.0,-1.0,1730655,1.0,7,,0.0,0.0,9.0,A01,138Â 201Â 911,1.0
1013871,201900055402,10,24,18:11,1,1,1,2.0,4.0,87085,AUTOROUTE A20,M,"45,9212700","1,2991700",87,2019,110.0,1.0,2.0,1.0,2267308,2.0,2,4,2,5.0,,-1.0, -1,2003.0,C01,138Â 201Â 908,1.0,0.0,-1.0,1730656,1.0,7,,0.0,2.0,4.0,C01,138Â 201Â 908,1.0
1013871,201900055402,10,24,18:11,1,1,1,2.0,4.0,87085,AUTOROUTE A20,M,"45,9212700","1,2991700",87,2019,110.0,1.0,2.0,1.0,2267308,2.0,2,4,2,5.0,,-1.0, -1,2003.0,C01,138Â 201Â 908,1.0,0.0,-1.0,1730657,1.0,7,,0.0,2.0,4.0,B01,138Â 201Â 909,1.0
1013871,201900055402,10,24,18:11,1,1,1,2.0,4.0,87085,AUTOROUTE A20,M,"45,9212700","1,2991700",87,2019,110.0,1.0,2.0,1.0,2267308,2.0,2,4,2,5.0,,-1.0, -1,2003.0,C01,138Â 201Â 908,1.0,0.0,-1.0,1730658,1.0,10,,0.0,2.0,1.0,A01,138Â 201Â 910,1.0
1013871,201900055402,10,24,18:11,1,1,1,2.0,4.0,87085,AUTOROUTE A20,M,"45,9212700","1,2991700",87,2019,110.0,1.0,2.0,1.0,2267309,4.0,2,4,2,5.0,,-1.0, -1,2006.0,C01,138Â 201Â 908,1.0,0.0,-1.0,1730656,1.0,7,,0.0,2.0,4.0,C01,138Â 201Â 908,1.0
1013871,201900055402,10,24,18:11,1,1,1,2.0,4.0,87085,AUTOROUTE A20,M,"45,9212700","1,2991700",87,2019,110.0,1.0,2.0,1.0,2267309,4.0,2,4,2,5.0,,-1.0, -1,2006.0,C01,138Â 201Â 908,1.0,0.0,-1.0,1730657,1.0,7,,0.0,2.0,4.0,B01,138Â 201Â 909,1.0
1013871,201900055402,10,24,18:11,1,1,1,2.0,4.0,87085,AUTOROUTE A20,M,"45,9212700","1,2991700",87,2019,110.0,1.0,2.0,1.0,2267309,4.0,2,4,2,5.0,,-1.0, -1,2006.0,C01,138Â 201Â 908,1.0,0.0,-1.0,1730658,1.0,10,,0.0,2.0,1.0,A01,138Â 201Â 910,1.0
1013871,201900055402,10,24,18:11,1,1,1,2.0,4.0,87085,AUTOROUTE A20,M,"45,9212700","1,2991700",87,2019,110.0,1.0,2.0,1.0,2267310,1.0,1,4,2,5.0,,-1.0, -1,1979.0,C01,138Â 201Â 908,1.0,0.0,-1.0,1730656,1.0,7,,0.0,2.0,4.0,C01,138Â 201Â 908,1.0
1013871,201900055402,10,24,18:11,1,1,1,2.0,4.0,87085,AUTOROUTE A20,M,"45,9212700","1,2991700",87,2019,110.0,1.0,2.0,1.0,2267310,1.0,1,4,2,5.0,,-1.0, -1,1979.0,C01,138Â 201Â 908,1.0,0.0,-1.0,1730657,1.0,7,,0.0,2.0,4.0,B01,138Â 201Â 909,1.0
1013871,201900055402,10,24,18:11,1,1,1,2.0,4.0,87085,AUTOROUTE A20,M,"45,9212700","1,2991700",87,2019,110.0,1.0,2.0,1.0,2267310,1.0,1,4,2,5.0,,-1.0, -1,1979.0,C01,138Â 201Â 908,1.0,0.0,-1.0,1730658,1.0,10,,0.0,2.0,1.0,A01,138Â 201Â 910,1.0
1013871,201900055402,10,24,18:11,1,1,1,2.0,4.0,87085,AUTOROUTE A20,M,"45,9212700","1,2991700",87,2019,110.0,1.0,2.0,1.0,2267311,2.0,2,4,2,5.0,,-1.0, -1,1947.0,B01,138Â 201Â 909,1.0,0.0,-1.0,1730656,1.0,7,,0.0,2.0,4.0,C01,138Â 201Â 908,1.0
1013871,201900055402,10,24,18:11,1,1,1,2.0,4.0,87085,AUTOROUTE A20,M,"45,9212700","1,2991700",87,2019,110.0,1.0,2.0,1.0,2267311,2.0,2,4,2,5.0,,-1.0, -1,1947.0,B01,138Â 201Â 909,1.0,0.0,-1.0,1730657,1.0,7,,0.0,2.0,4.0,B01,138Â 201Â 909,1.0
1013871,201900055402,10,24,18:11,1,1,1,2.0,4.0,87085,AUTOROUTE A20,M,"45,9212700","1,2991700",87,2019,110.0,1.0,2.0,1.0,2267311,2.0,2,4,2,5.0,,-1.0, -1,1947.0,B01,138Â 201Â 909,1.0,0.0,-1.0,1730658,1.0,10,,0.0,2.0,1.0,A01,138Â 201Â 910,1.0
1013871,201900055402,10,24,18:11,1,1,1,2.0,4.0,87085,AUTOROUTE A20,M,"45,9212700","1,2991700",87,2019,110.0,1.0,2.0,1.0,2267312,1.0,1,4,1,5.0,,-1.0, -1,1943.0,B01,138Â 201Â 909,1.0,0.0,-1.0,1730656,1.0,7,,0.0,2.0,4.0,C01,138Â 201Â 908,1.0
1013871,201900055402,10,24,18:11,1,1,1,2.0,4.0,87085,AUTOROUTE A20,M,"45,9212700","1,2991700",87,2019,110.0,1.0,2.0,1.0,2267312,1.0,1,4,1,5.0,,-1.0, -1,1943.0,B01,138Â 201Â 909,1.0,0.0,-1.0,1730657,1.0,7,,0.0,2.0,4.0,B01,138Â 201Â 909,1.0
1013871,201900055402,10,24,18:11,1,1,1,2.0,4.0,87085,AUTOROUTE A20,M,"45,9212700","1,2991700",87,2019,110.0,1.0,2.0,1.0,2267312,1.0,1,4,1,5.0,,-1.0, -1,1943.0,B01,138Â 201Â 909,1.0,0.0,-1.0,1730658,1.0,10,,0.0,2.0,1.0,A01,138Â 201Â 910,1.0
1013871,201900055402,10,24,18:11,1,1,1,2.0,4.0,87085,AUTOROUTE A20,M,"45,9212700","1,2991700",87,2019,110.0,1.0,2.0,1.0,2267313,1.0,1,4,1,4.0,,-1.0, -1,1982.0,A01,138Â 201Â 910,1.0,0.0,-1.0,1730656,1.0,7,,0.0,2.0,4.0,C01,138Â 201Â 908,1.0
1013871,201900055402,10,24,18:11,1,1,1,2.0,4.0,87085,AUTOROUTE A20,M,"45,9212700","1,2991700",87,2019,110.0,1.0,2.0,1.0,2267313,1.0,1,4,1,4.0,,-1.0, -1,1982.0,A01,138Â 201Â 910,1.0,0.0,-1.0,1730657,1.0,7,,0.0,2.0,4.0,B01,138Â 201Â 909,1.0
1013871,201900055402,10,24,18:11,1,1,1,2.0,4.0,87085,AUTOROUTE A20,M,"45,9212700","1,2991700",87,2019,110.0,1.0,2.0,1.0,2267313,1.0,1,4,1,4.0,,-1.0, -1,1982.0,A01,138Â 201Â 910,1.0,0.0,-1.0,1730658,1.0,10,,0.0,2.0,1.0,A01,138Â 201Â 910,1.0
1013872,201900055403,10,24,17:24,1,2,1,2.0,4.0,87085,PORT DU NAVEIX (RUE DU),M,"45,8323100","1,2740000",87,2019,50.0,1.0,2.0,2.0,2267314,1.0,1,1,1,4.0,,-1.0, -1,1973.0,A01,138Â 201Â 905,1.0,0.0,-1.0,1730659,2.0,17,,0.0,2.0,1.0,A01,138Â 201Â 905,1.0
1013872,201900055403,10,24,17:24,1,2,1,2.0,4.0,87085,PORT DU NAVEIX (RUE DU),M,"45,8323100","1,2740000",87,2019,50.0,1.0,2.0,2.0,2267314,1.0,1,1,1,4.0,,-1.0, -1,1973.0,A01,138Â 201Â 905,1.0,0.0,-1.0,1730660,2.0,7,,0.0,2.0,4.0,B01,138Â 201Â 906,1.0
1013872,201900055403,10,24,17:24,1,2,1,2.0,4.0,87085,PORT DU NAVEIX (RUE DU),M,"45,8323100","1,2740000",87,2019,50.0,1.0,2.0,2.0,2267314,1.0,1,1,1,4.0,,-1.0, -1,1973.0,A01,138Â 201Â 905,1.0,0.0,-1.0,1730661,2.0,7,,0.0,2.0,4.0,C01,138Â 201Â 907,1.0
1013872,201900055403,10,24,17:24,1,2,1,2.0,4.0,87085,PORT DU NAVEIX (RUE DU),M,"45,8323100","1,2740000",87,2019,50.0,1.0,2.0,2.0,2267315,1.0,1,4,2,5.0,,-1.0, -1,1995.0,B01,138Â 201Â 906,1.0,0.0,-1.0,1730659,2.0,17,,0.0,2.0,1.0,A01,138Â 201Â 905,1.0
1013872,201900055403,10,24,17:24,1,2,1,2.0,4.0,87085,PORT DU NAVEIX (RUE DU),M,"45,8323100","1,2740000",87,2019,50.0,1.0,2.0,2.0,2267315,1.0,1,4,2,5.0,,-1.0, -1,1995.0,B01,138Â 201Â 906,1.0,0.0,-1.0,1730660,2.0,7,,0.0,2.0,4.0,B01,138Â 201Â 906,1.0
1013872,201900055403,10,24,17:24,1,2,1,2.0,4.0,87085,PORT DU NAVEIX (RUE DU),M,"45,8323100","1,2740000",87,2019,50.0,1.0,2.0,2.0,2267315,1.0,1,4,2,5.0,,-1.0, -1,1995.0,B01,138Â 201Â 906,1.0,0.0,-1.0,1730661,2.0,7,,0.0,2.0,4.0,C01,138Â 201Â 907,1.0
1013872,201900055403,10,24,17:24,1,2,1,2.0,4.0,87085,PORT DU NAVEIX (RUE DU),M,"45,8323100","1,2740000",87,2019,50.0,1.0,2.0,2.0,2267316,2.0,2,4,2,5.0,,-1.0, -1,1995.0,B01,138Â 201Â 906,1.0,0.0,-1.0,1730659,2.0,17,,0.0,2.0,1.0,A01,138Â 201Â 905,1.0
1013872,201900055403,10,24,17:24,1,2,1,2.0,4.0,87085,PORT DU NAVEIX (RUE DU),M,"45,8323100","1,2740000",87,2019,50.0,1.0,2.0,2.0,2267316,2.0,2,4,2,5.0,,-1.0, -1,1995.0,B01,138Â 201Â 906,1.0,0.0,-1.0,1730660,2.0,7,,0.0,2.0,4.0,B01,138Â 201Â 906,1.0
1013872,201900055403,10,24,17:24,1,2,1,2.0,4.0,87085,PORT DU NAVEIX (RUE DU),M,"45,8323100","1,2740000",87,2019,50.0,1.0,2.0,2.0,2267316,2.0,2,4,2,5.0,,-1.0, -1,1995.0,B01,138Â 201Â 906,1.0,0.0,-1.0,1730661,2.0,7,,0.0,2.0,4.0,C01,138Â 201Â 907,1.0
1013872,201900055403,10,24,17:24,1,2,1,2.0,4.0,87085,PORT DU NAVEIX (RUE DU),M,"45,8323100","1,2740000",87,2019,50.0,1.0,2.0,2.0,2267317,1.0,1,1,1,5.0,,-1.0, -1,1961.0,C01,138Â 201Â 907,1.0,0.0,-1.0,1730659,2.0,17,,0.0,2.0,1.0,A01,138Â 201Â 905,1.0
1013872,201900055403,10,24,17:24,1,2,1,2.0,4.0,87085,PORT DU NAVEIX (RUE DU),M,"45,8323100","1,2740000",87,2019,50.0,1.0,2.0,2.0,2267317,1.0,1,1,1,5.0,,-1.0, -1,1961.0,C01,138Â 201Â 907,1.0,0.0,-1.0,1730660,2.0,7,,0.0,2.0,4.0,B01,138Â 201Â 906,1.0
1013872,201900055403,10,24,17:24,1,2,1,2.0,4.0,87085,PORT DU NAVEIX (RUE DU),M,"45,8323100","1,2740000",87,2019,50.0,1.0,2.0,2.0,2267317,1.0,1,1,1,5.0,,-1.0, -1,1961.0,C01,138Â 201Â 907,1.0,0.0,-1.0,1730661,2.0,7,,0.0,2.0,4.0,C01,138Â 201Â 907,1.0
1013873,201900055404,10,25,09:25,1,2,1,1.0,3.0,86194,GRAND CERF (BOULEVARD DU),M,"46,5869000","0,3391700",86,2019,50.0,1.0,2.0,4.0,2267318,1.0,1,4,2,1.0,,-1.0, -1,1988.0,A01,138Â 201Â 903,1.0,8.0,-1.0,1730662,1.0,7,,0.0,2.0,1.0,A01,138Â 201Â 903,0.0
1013873,201900055404,10,25,09:25,1,2,1,1.0,3.0,86194,GRAND CERF (BOULEVARD DU),M,"46,5869000","0,3391700",86,2019,50.0,1.0,2.0,4.0,2267318,1.0,1,4,2,1.0,,-1.0, -1,1988.0,A01,138Â 201Â 903,1.0,8.0,-1.0,1730663,1.0,7,,0.0,2.0,1.0,B01,138Â 201Â 904,0.0
1013873,201900055404,10,25,09:25,1,2,1,1.0,3.0,86194,GRAND CERF (BOULEVARD DU),M,"46,5869000","0,3391700",86,2019,50.0,1.0,2.0,4.0,2267319,1.0,1,4,2,1.0,,-1.0, -1,1989.0,B01,138Â 201Â 904,1.0,8.0,-1.0,1730662,1.0,7,,0.0,2.0,1.0,A01,138Â 201Â 903,0.0
1013873,201900055404,10,25,09:25,1,2,1,1.0,3.0,86194,GRAND CERF (BOULEVARD DU),M,"46,5869000","0,3391700",86,2019,50.0,1.0,2.0,4.0,2267319,1.0,1,4,2,1.0,,-1.0, -1,1989.0,B01,138Â 201Â 904,1.0,8.0,-1.0,1730663,1.0,7,,0.0,2.0,1.0,B01,138Â 201Â 904,0.0
1013874,201900055405,9,23,13:00,1,2,1,1.0,2.0,93051,MONT D'EST (BD),M,"48,8432700","2,5472300",93,2019,50.0,3.0,1.0,3.0,2267320,1.0,1,4,2,5.0,,-1.0, -1,1981.0,B01,138Â 201Â 901,1.0,8.0,-1.0,1730664,1.0,7,,15.0,0.0,4.0,B01,138Â 201Â 901,1.0
1013874,201900055405,9,23,13:00,1,2,1,1.0,2.0,93051,MONT D'EST (BD),M,"48,8432700","2,5472300",93,2019,50.0,3.0,1.0,3.0,2267320,1.0,1,4,2,5.0,,-1.0, -1,1981.0,B01,138Â 201Â 901,1.0,8.0,-1.0,1730665,1.0,7,,0.0,2.0,1.0,A01,138Â 201Â 913,1.0
1013875,201900055406,10,24,15:40,1,2,6,8.0,3.0,85194,AVENUE DU PAS DU BOIS ,M,"46,5022900"," -1,7408400",85,2019,50.0,1.0,2.0,4.0,2267321,1.0,1,4,2,5.0,,0.0,0,1964.0,B01,138Â 201Â 898,8.0,0.0,-1.0,1730666,3.0,1,,0.0,2.0,7.0,B01,138Â 201Â 898,5.0
1013875,201900055406,10,24,15:40,1,2,6,8.0,3.0,85194,AVENUE DU PAS DU BOIS ,M,"46,5022900"," -1,7408400",85,2019,50.0,1.0,2.0,4.0,2267321,1.0,1,4,2,5.0,,0.0,0,1964.0,B01,138Â 201Â 898,8.0,0.0,-1.0,1730667,1.0,7,,0.0,9.0,3.0,A01,138Â 201Â 900,1.0
1013875,201900055406,10,24,15:40,1,2,6,8.0,3.0,85194,AVENUE DU PAS DU BOIS ,M,"46,5022900"," -1,7408400",85,2019,50.0,1.0,2.0,4.0,2267322,1.0,1,1,1,5.0,,0.0,0,1949.0,A01,138Â 201Â 900,1.0,0.0,-1.0,1730666,3.0,1,,0.0,2.0,7.0,B01,138Â 201Â 898,5.0
1013875,201900055406,10,24,15:40,1,2,6,8.0,3.0,85194,AVENUE DU PAS DU BOIS ,M,"46,5022900"," -1,7408400",85,2019,50.0,1.0,2.0,4.0,2267322,1.0,1,1,1,5.0,,0.0,0,1949.0,A01,138Â 201Â 900,1.0,0.0,-1.0,1730667,1.0,7,,0.0,9.0,3.0,A01,138Â 201Â 900,1.0
1013876,201900055407,9,23,19:40,2,2,1,1.0,3.0,93031,DIX HUIT JUIN 1940 (AVENUE DU),M,"48,9539500","2,3077600",93,2019,50.0,1.0,1.0,3.0,2267323,1.0,1,4,2,1.0,,-1.0, -1,1969.0,A01,138Â 201Â 897,2.0,6.0,-1.0,1730668,3.0,32,,0.0,2.0,7.0,A01,138Â 201Â 897,1.0
1013876,201900055407,9,23,19:40,2,2,1,1.0,3.0,93031,DIX HUIT JUIN 1940 (AVENUE DU),M,"48,9539500","2,3077600",93,2019,50.0,1.0,1.0,3.0,2267323,1.0,1,4,2,1.0,,-1.0, -1,1969.0,A01,138Â 201Â 897,2.0,6.0,-1.0,1730669,3.0,10,,0.0,2.0,3.0,B01,138Â 201Â 899,1.0
1013876,201900055407,9,23,19:40,2,2,1,1.0,3.0,93031,DIX HUIT JUIN 1940 (AVENUE DU),M,"48,9539500","2,3077600",93,2019,50.0,1.0,1.0,3.0,2267324,1.0,1,1,1,0.0,,-1.0, -1,1979.0,B01,138Â 201Â 899,1.0,0.0,-1.0,1730668,3.0,32,,0.0,2.0,7.0,A01,138Â 201Â 897,1.0
1013876,201900055407,9,23,19:40,2,2,1,1.0,3.0,93031,DIX HUIT JUIN 1940 (AVENUE DU),M,"48,9539500","2,3077600",93,2019,50.0,1.0,1.0,3.0,2267324,1.0,1,1,1,0.0,,-1.0, -1,1979.0,B01,138Â 201Â 899,1.0,0.0,-1.0,1730669,3.0,10,,0.0,2.0,3.0,B01,138Â 201Â 899,1.0
1013877,201900055408,10,24,18:15,2,2,9,1.0,6.0,83137,BRIAND (AVE ARISTIDE DE 1 A 1219,M,"43,1244100","5,8959500",83,2019,50.0,1.0,1.0,4.0,2267325,1.0,1,3,1,0.0,,-1.0,0,1977.0,A01,138Â 201Â 895,1.0,0.0,-1.0,1730670,1.0,7,,15.0,0.0,1.0,A01,138Â 201Â 895,1.0
1013878,201900055409,9,23,17:10,1,2,1,1.0,3.0,93029,LEJEUNE (AVENUE),M,"48,9147000","2,4690000",93,2019,50.0,1.0,1.0,4.0,2267326,1.0,1,1,1,4.0,,-1.0, -1,1982.0,A01,138Â 201Â 894,1.0,0.0,-1.0,1730671,1.0,37,1.0,0.0,6.0,2.0,A01,138Â 201Â 894,1.0
1013878,201900055409,9,23,17:10,1,2,1,1.0,3.0,93029,LEJEUNE (AVENUE),M,"48,9147000","2,4690000",93,2019,50.0,1.0,1.0,4.0,2267326,1.0,1,1,1,4.0,,-1.0, -1,1982.0,A01,138Â 201Â 894,1.0,0.0,-1.0,1730672,1.0,1,,0.0,6.0,1.0,B01,138Â 201Â 896,5.0
1013878,201900055409,9,23,17:10,1,2,1,1.0,3.0,93029,LEJEUNE (AVENUE),M,"48,9147000","2,4690000",93,2019,50.0,1.0,1.0,4.0,2267327,1.0,1,4,1,0.0,,-1.0, -1,2007.0,B01,138Â 201Â 896,8.0,0.0,-1.0,1730671,1.0,37,1.0,0.0,6.0,2.0,A01,138Â 201Â 894,1.0
1013878,201900055409,9,23,17:10,1,2,1,1.0,3.0,93029,LEJEUNE (AVENUE),M,"48,9147000","2,4690000",93,2019,50.0,1.0,1.0,4.0,2267327,1.0,1,4,1,0.0,,-1.0, -1,2007.0,B01,138Â 201Â 896,8.0,0.0,-1.0,1730672,1.0,1,,0.0,6.0,1.0,B01,138Â 201Â 896,5.0
1013879,201900055410,1,2,17:50,5,2,2,1.0,6.0,92063,COLMAR (AVENUE DE),M,"48,8867727","2,1744119",92,2019,50.0,1.0,1.0,3.0,2267328,10.0,3,4,2,1.0,,4.0,3,1967.0,A01,138Â 201Â 902,8.0,0.0,-1.0,1730673,1.0,43,,0.0,1.0,1.0,A01,138Â 201Â 902,1.0
1013879,201900055410,1,2,17:50,5,2,2,1.0,6.0,92063,COLMAR (AVENUE DE),M,"48,8867727","2,1744119",92,2019,50.0,1.0,1.0,3.0,2267329,1.0,1,4,1,5.0,,0.0,0,1977.0,A01,138Â 201Â 902,2.0,8.0,-1.0,1730673,1.0,43,,0.0,1.0,1.0,A01,138Â 201Â 902,1.0
1013879,201900055410,1,2,17:50,5,2,2,1.0,6.0,92063,COLMAR (AVENUE DE),M,"48,8867727","2,1744119",92,2019,50.0,1.0,1.0,3.0,2267330,2.0,2,4,2,5.0,,0.0,0,2007.0,A01,138Â 201Â 902,2.0,8.0,-1.0,1730673,1.0,43,,0.0,1.0,1.0,A01,138Â 201Â 902,1.0
1013880,201900055411,9,23,18:15,1,2,1,1.0,6.0,93008,VOLTAIRE (RUE),M,"48,9126400","2,4150700",93,2019,50.0,1.0,1.0,7.0,2267331,1.0,1,1,1,0.0,,0.0,0,1999.0,F01,138Â 201Â 892,1.0,-1.0,-1.0,1730674,1.0,7,,9.0,0.0,1.0,F01,138Â 201Â 892,1.0
1013880,201900055411,9,23,18:15,1,2,1,1.0,6.0,93008,VOLTAIRE (RUE),M,"48,9126400","2,4150700",93,2019,50.0,1.0,1.0,7.0,2267332,10.0,3,4,1,3.0,,5.0,3,2015.0,F01,138Â 201Â 892,0.0,-1.0,-1.0,1730674,1.0,7,,9.0,0.0,1.0,F01,138Â 201Â 892,1.0
1013880,201900055411,9,23,18:15,1,2,1,1.0,6.0,93008,VOLTAIRE (RUE),M,"48,9126400","2,4150700",93,2019,50.0,1.0,1.0,7.0,2267333,10.0,3,4,1,3.0,,5.0,3,2009.0,F01,138Â 201Â 892,0.0,-1.0,-1.0,1730674,1.0,7,,9.0,0.0,1.0,F01,138Â 201Â 892,1.0
1013881,201900055412,10,25,07:40,2,2,9,9.0,3.0,82121,COS (AVENUE DE),M,"44,0401500","1,3670100",82,2019,50.0,1.0,2.0,4.0,2267334,1.0,1,3,1,0.0,,0.0,0,1996.0,B01,138Â 201Â 889,2.0,6.0,-1.0,1730675,2.0,33,,0.0,2.0,1.0,B01,138Â 201Â 889,0.0
1013881,201900055412,10,25,07:40,2,2,9,9.0,3.0,82121,COS (AVENUE DE),M,"44,0401500","1,3670100",82,2019,50.0,1.0,2.0,4.0,2267334,1.0,1,3,1,0.0,,0.0,0,1996.0,B01,138Â 201Â 889,2.0,6.0,-1.0,1730676,1.0,10,,0.0,2.0,5.0,A01,138Â 201Â 890,1.0
1013881,201900055412,10,25,07:40,2,2,9,9.0,3.0,82121,COS (AVENUE DE),M,"44,0401500","1,3670100",82,2019,50.0,1.0,2.0,4.0,2267335,1.0,1,1,1,1.0,,0.0,0,1977.0,A01,138Â 201Â 890,1.0,0.0,-1.0,1730675,2.0,33,,0.0,2.0,1.0,B01,138Â 201Â 889,0.0
1013881,201900055412,10,25,07:40,2,2,9,9.0,3.0,82121,COS (AVENUE DE),M,"44,0401500","1,3670100",82,2019,50.0,1.0,2.0,4.0,2267335,1.0,1,1,1,1.0,,0.0,0,1977.0,A01,138Â 201Â 890,1.0,0.0,-1.0,1730676,1.0,10,,0.0,2.0,5.0,A01,138Â 201Â 890,1.0
1013882,201900055413,9,22,21:00,5,2,1,2.0,3.0,92033,GAUDONNES,M,"48,8543200","2,1932700",92,2019,50.0,1.0,2.0,4.0,2267336,1.0,1,4,1,4.0,,-1.0,0,2003.0,A01,138Â 201Â 888,2.0,0.0,-1.0,1730677,1.0,7,,0.0,2.0,0.0,B01,138Â 201Â 887,0.0
1013882,201900055413,9,22,21:00,5,2,1,2.0,3.0,92033,GAUDONNES,M,"48,8543200","2,1932700",92,2019,50.0,1.0,2.0,4.0,2267336,1.0,1,4,1,4.0,,-1.0,0,2003.0,A01,138Â 201Â 888,2.0,0.0,-1.0,1730678,2.0,30,,0.0,2.0,7.0,A01,138Â 201Â 888,1.0
1013883,201900055414,10,23,00:05,5,2,1,1.0,2.0,80021,JULES BARNI (RUE),M,"49,8882800","2,3167700",80,2019,30.0,1.0,1.0,4.0,2267337,1.0,1,4,2,0.0,,-1.0, -1,1997.0,B01,138Â 201Â 886,1.0,0.0,-1.0,1730679,0.0,7,,0.0,2.0,6.0,Z01,138Â 201Â 885,1.0
1013883,201900055414,10,23,00:05,5,2,1,1.0,2.0,80021,JULES BARNI (RUE),M,"49,8882800","2,3167700",80,2019,30.0,1.0,1.0,4.0,2267337,1.0,1,4,2,0.0,,-1.0, -1,1997.0,B01,138Â 201Â 886,1.0,0.0,-1.0,1730680,0.0,7,,0.0,2.0,6.0,B01,138Â 201Â 886,1.0
1013884,201900055415,9,20,20:45,5,2,3,1.0,3.0,92063,COLMAR (AVENUE DE),M,"48,8868400","2,1711200",92,2019,50.0,1.0,1.0,3.0,2267338,1.0,1,4,1,4.0,,-1.0,0,2002.0,B01,138Â 201Â 883,2.0,0.0,-1.0,1730681,1.0,30,,0.0,2.0,2.0,B01,138Â 201Â 883,3.0