Unnamed: 0_x,num_acc,mois,jour,hrmn,lum,agg,int,atm,col,com,adr,gps,lat,long,dep,annee,vma,situ,surf,catr,Unnamed: 0_y,place,catu,grav,sexe,trajet,secu,locp,actp,an_nais,num_veh_x,id_vehicule_x,secu1,secu2,secu3,Unnamed: 0,senc,catv,occutc,obs,obsm,choc,num_veh_y,id_vehicule_y,motor
1013884,201900055415,9,20,20:45,5,2,3,1.0,3.0,92063,COLMAR (AVENUE DE),M,"48,8868400","2,1711200",92,2019,50.0,1.0,1.0,3.0,2267338,1.0,1,4,1,4.0,,-1.0,0,2002.0,B01,138Â 201Â 883,2.0,0.0,-1.0,1730682,1.0,7,,0.0,2.0,3.0,A01,138Â 201Â 884,1.0
1013884,201900055415,9,20,20:45,5,2,3,1.0,3.0,92063,COLMAR (AVENUE DE),M,"48,8868400","2,1711200",92,2019,50.0,1.0,1.0,3.0,2267339,1.0,1,1,1,5.0,,-1.0,0,1993.0,A01,138Â 201Â 884,1.0,8.0,-1.0,1730681,1.0,30,,0.0,2.0,2.0,B01,138Â 201Â 883,3.0
1013884,201900055415,9,20,20:45,5,2,3,1.0,3.0,92063,COLMAR (AVENUE DE),M,"48,8868400","2,1711200",92,2019,50.0,1.0,1.0,3.0,2267339,1.0,1,1,1,5.0,,-1.0,0,1993.0,A01,138Â 201Â 884,1.0,8.0,-1.0,1730682,1.0,7,,0.0,2.0,3.0,A01,138Â 201Â 884,1.0
1013885,201900055416,9,23,13:40,1,2,1,1.0,6.0,92063,ALBERT 1ER (AVENUE),M,"48,8841100","2,1741900",92,2019,50.0,1.0,1.0,4.0,2267340,10.0,3,3,2,2.0,,3.0,3,2006.0,A01,138Â 201Â 881,8.0,8.0,-1.0,1730683,1.0,10,,0.0,1.0,2.0,A01,138Â 201Â 881,1.0
1013885,201900055416,9,23,13:40,1,2,1,1.0,6.0,92063,ALBERT 1ER (AVENUE),M,"48,8841100","2,1741900",92,2019,50.0,1.0,1.0,4.0,2267341,1.0,1,1,1,4.0,,0.0,0,2000.0,A01,138Â 201Â 881,1.0,8.0,-1.0,1730683,1.0,10,,0.0,1.0,2.0,A01,138Â 201Â 881,1.0
1013886,201900055417,9,22,03:25,5,2,9,1.0,7.0,92062,DE DION BOUTON (QUAI) DU 1 AU 28,M,"48,8700000","2,2300000",92,2019,50.0,1.0,1.0,3.0,2267342,5.0,2,4,2,5.0,,-1.0,0,1989.0,A01,138Â 201Â 879,2.0,6.0,-1.0,1730684,2.0,33,,0.0,0.0,0.0,A01,138Â 201Â 879,1.0
1013886,201900055417,9,22,03:25,5,2,9,1.0,7.0,92062,DE DION BOUTON (QUAI) DU 1 AU 28,M,"48,8700000","2,2300000",92,2019,50.0,1.0,1.0,3.0,2267343,1.0,1,1,1,5.0,,-1.0,0,1991.0,A01,138Â 201Â 879,2.0,6.0,-1.0,1730684,2.0,33,,0.0,0.0,0.0,A01,138Â 201Â 879,1.0
1013887,201900055418,10,25,00:30,3,1,1,1.0,7.0,77186,RD606,M,"48,4781100","2,6738800",77,2019,70.0,3.0,1.0,3.0,2267344,3.0,2,4,1,0.0,,-1.0, -1,2000.0,A01,138Â 201Â 880,1.0,0.0,-1.0,1730685,2.0,7,,2.0,0.0,1.0,A01,138Â 201Â 880,1.0
1013887,201900055418,10,25,00:30,3,1,1,1.0,7.0,77186,RD606,M,"48,4781100","2,6738800",77,2019,70.0,3.0,1.0,3.0,2267345,1.0,1,1,1,0.0,,-1.0,0,2000.0,A01,138Â 201Â 880,8.0,0.0,-1.0,1730685,2.0,7,,2.0,0.0,1.0,A01,138Â 201Â 880,1.0
1013887,201900055418,10,25,00:30,3,1,1,1.0,7.0,77186,RD606,M,"48,4781100","2,6738800",77,2019,70.0,3.0,1.0,3.0,2267346,2.0,2,4,1,0.0,,-1.0, -1,2003.0,A01,138Â 201Â 880,1.0,0.0,-1.0,1730685,2.0,7,,2.0,0.0,1.0,A01,138Â 201Â 880,1.0
1013887,201900055418,10,25,00:30,3,1,1,1.0,7.0,77186,RD606,M,"48,4781100","2,6738800",77,2019,70.0,3.0,1.0,3.0,2267347,4.0,2,1,1,0.0,,-1.0, -1,2003.0,A01,138Â 201Â 880,1.0,0.0,-1.0,1730685,2.0,7,,2.0,0.0,1.0,A01,138Â 201Â 880,1.0
1013888,201900055419,10,22,07:45,5,2,1,8.0,6.0,77131,D402-VICTOR HUGO (AVENUE),M,"48,8147790","3,0817720",77,2019,30.0,1.0,1.0,3.0,2267348,10.0,3,3,1,1.0,,8.0,1,1965.0,A01,138Â 201Â 877,8.0,0.0,-1.0,1730686,2.0,7,,0.0,1.0,3.0,A01,138Â 201Â 877,1.0
1013888,201900055419,10,22,07:45,5,2,1,8.0,6.0,77131,D402-VICTOR HUGO (AVENUE),M,"48,8147790","3,0817720",77,2019,30.0,1.0,1.0,3.0,2267349,1.0,1,1,2,1.0,,-1.0, -1,1995.0,A01,138Â 201Â 877,1.0,0.0,-1.0,1730686,2.0,7,,0.0,1.0,3.0,A01,138Â 201Â 877,1.0
1013889,201900055420,9,23,11:05,1,2,1,1.0,3.0,92020,LIBERTE BOULEVARD DE LA NÂ° PAIRS,M,"48,8030500","2,2901400",92,2019,50.0,1.0,1.0,3.0,2267350,2.0,2,1,1,4.0,,-1.0,0,1901.0,B01,138Â 201Â 876,1.0,0.0,-1.0,1730687,1.0,10,,1.0,0.0,2.0,B01,138Â 201Â 876,1.0
1013889,201900055420,9,23,11:05,1,2,1,1.0,3.0,92020,LIBERTE BOULEVARD DE LA NÂ° PAIRS,M,"48,8030500","2,2901400",92,2019,50.0,1.0,1.0,3.0,2267350,2.0,2,1,1,4.0,,-1.0,0,1901.0,B01,138Â 201Â 876,1.0,0.0,-1.0,1730688,1.0,99,,0.0,2.0,3.0,A01,138Â 201Â 878,0.0
1013889,201900055420,9,23,11:05,1,2,1,1.0,3.0,92020,LIBERTE BOULEVARD DE LA NÂ° PAIRS,M,"48,8030500","2,2901400",92,2019,50.0,1.0,1.0,3.0,2267351,1.0,1,1,1,4.0,,-1.0,0,1985.0,B01,138Â 201Â 876,1.0,0.0,-1.0,1730687,1.0,10,,1.0,0.0,2.0,B01,138Â 201Â 876,1.0
1013889,201900055420,9,23,11:05,1,2,1,1.0,3.0,92020,LIBERTE BOULEVARD DE LA NÂ° PAIRS,M,"48,8030500","2,2901400",92,2019,50.0,1.0,1.0,3.0,2267351,1.0,1,1,1,4.0,,-1.0,0,1985.0,B01,138Â 201Â 876,1.0,0.0,-1.0,1730688,1.0,99,,0.0,2.0,3.0,A01,138Â 201Â 878,0.0
1013889,201900055420,9,23,11:05,1,2,1,1.0,3.0,92020,LIBERTE BOULEVARD DE LA NÂ° PAIRS,M,"48,8030500","2,2901400",92,2019,50.0,1.0,1.0,3.0,2267352,2.0,2,4,1,4.0,,-1.0,0,1979.0,A01,138Â 201Â 878,8.0,0.0,-1.0,1730687,1.0,10,,1.0,0.0,2.0,B01,138Â 201Â 876,1.0
1013889,201900055420,9,23,11:05,1,2,1,1.0,3.0,92020,LIBERTE BOULEVARD DE LA NÂ° PAIRS,M,"48,8030500","2,2901400",92,2019,50.0,1.0,1.0,3.0,2267352,2.0,2,4,1,4.0,,-1.0,0,1979.0,A01,138Â 201Â 878,8.0,0.0,-1.0,1730688,1.0,99,,0.0,2.0,3.0,A01,138Â 201Â 878,0.0
1013889,201900055420,9,23,11:05,1,2,1,1.0,3.0,92020,LIBERTE BOULEVARD DE LA NÂ° PAIRS,M,"48,8030500","2,2901400",92,2019,50.0,1.0,1.0,3.0,2267353,1.0,1,1,1,4.0,,-1.0,0,1990.0,A01,138Â 201Â 878,8.0,0.0,-1.0,1730687,1.0,10,,1.0,0.0,2.0,B01,138Â 201Â 876,1.0
1013889,201900055420,9,23,11:05,1,2,1,1.0,3.0,92020,LIBERTE BOULEVARD DE LA NÂ° PAIRS,M,"48,8030500","2,2901400",92,2019,50.0,1.0,1.0,3.0,2267353,1.0,1,1,1,4.0,,-1.0,0,1990.0,A01,138Â 201Â 878,8.0,0.0,-1.0,1730688,1.0,99,,0.0,2.0,3.0,A01,138Â 201Â 878,0.0
1013890,201900055421,9,23,18:15,1,2,1,8.0,3.0,92024,VICTOR HUGO (BD),M,"48,8991047","2,3131784",92,2019,50.0,1.0,1.0,3.0,2267354,1.0,1,4,1,1.0,,-1.0,0,1970.0,A01,138Â 201Â 873,2.0,0.0,-1.0,1730689,2.0,32,,0.0,2.0,1.0,A01,138Â 201Â 873,1.0
1013890,201900055421,9,23,18:15,1,2,1,8.0,3.0,92024,VICTOR HUGO (BD),M,"48,8991047","2,3131784",92,2019,50.0,1.0,1.0,3.0,2267354,1.0,1,4,1,1.0,,-1.0,0,1970.0,A01,138Â 201Â 873,2.0,0.0,-1.0,1730690,2.0,1,,0.0,2.0,8.0,B01,138Â 201Â 875,5.0
1013890,201900055421,9,23,18:15,1,2,1,8.0,3.0,92024,VICTOR HUGO (BD),M,"48,8991047","2,3131784",92,2019,50.0,1.0,1.0,3.0,2267355,1.0,1,4,1,5.0,,-1.0,0,2008.0,B01,138Â 201Â 875,8.0,0.0,-1.0,1730689,2.0,32,,0.0,2.0,1.0,A01,138Â 201Â 873,1.0
1013890,201900055421,9,23,18:15,1,2,1,8.0,3.0,92024,VICTOR HUGO (BD),M,"48,8991047","2,3131784",92,2019,50.0,1.0,1.0,3.0,2267355,1.0,1,4,1,5.0,,-1.0,0,2008.0,B01,138Â 201Â 875,8.0,0.0,-1.0,1730690,2.0,1,,0.0,2.0,8.0,B01,138Â 201Â 875,5.0
1013891,201900055422,10,24,17:10,2,2,2,2.0,3.0,76351,FOCH (AVENUE),M,"49,4935700","0,1009600",76,2019,50.0,1.0,1.0,4.0,2267356,1.0,1,3,1,5.0,,-1.0,0,1995.0,B01,138Â 201Â 872,2.0,6.0,-1.0,1730691,2.0,2,,0.0,2.0,1.0,B01,138Â 201Â 872,1.0
1013891,201900055422,10,24,17:10,2,2,2,2.0,3.0,76351,FOCH (AVENUE),M,"49,4935700","0,1009600",76,2019,50.0,1.0,1.0,4.0,2267356,1.0,1,3,1,5.0,,-1.0,0,1995.0,B01,138Â 201Â 872,2.0,6.0,-1.0,1730692,1.0,7,,0.0,2.0,7.0,A01,138Â 201Â 874,1.0
1013891,201900055422,10,24,17:10,2,2,2,2.0,3.0,76351,FOCH (AVENUE),M,"49,4935700","0,1009600",76,2019,50.0,1.0,1.0,4.0,2267357,3.0,2,1,2,0.0,,-1.0, -1,2014.0,A01,138Â 201Â 874,1.0,0.0,-1.0,1730691,2.0,2,,0.0,2.0,1.0,B01,138Â 201Â 872,1.0
1013891,201900055422,10,24,17:10,2,2,2,2.0,3.0,76351,FOCH (AVENUE),M,"49,4935700","0,1009600",76,2019,50.0,1.0,1.0,4.0,2267357,3.0,2,1,2,0.0,,-1.0, -1,2014.0,A01,138Â 201Â 874,1.0,0.0,-1.0,1730692,1.0,7,,0.0,2.0,7.0,A01,138Â 201Â 874,1.0
1013891,201900055422,10,24,17:10,2,2,2,2.0,3.0,76351,FOCH (AVENUE),M,"49,4935700","0,1009600",76,2019,50.0,1.0,1.0,4.0,2267358,1.0,1,1,1,5.0,,-1.0,0,1995.0,A01,138Â 201Â 874,1.0,0.0,-1.0,1730691,2.0,2,,0.0,2.0,1.0,B01,138Â 201Â 872,1.0
1013891,201900055422,10,24,17:10,2,2,2,2.0,3.0,76351,FOCH (AVENUE),M,"49,4935700","0,1009600",76,2019,50.0,1.0,1.0,4.0,2267358,1.0,1,1,1,5.0,,-1.0,0,1995.0,A01,138Â 201Â 874,1.0,0.0,-1.0,1730692,1.0,7,,0.0,2.0,7.0,A01,138Â 201Â 874,1.0
1013891,201900055422,10,24,17:10,2,2,2,2.0,3.0,76351,FOCH (AVENUE),M,"49,4935700","0,1009600",76,2019,50.0,1.0,1.0,4.0,2267359,4.0,2,1,2,0.0,,-1.0, -1,2014.0,A01,138Â 201Â 874,1.0,0.0,-1.0,1730691,2.0,2,,0.0,2.0,1.0,B01,138Â 201Â 872,1.0
1013891,201900055422,10,24,17:10,2,2,2,2.0,3.0,76351,FOCH (AVENUE),M,"49,4935700","0,1009600",76,2019,50.0,1.0,1.0,4.0,2267359,4.0,2,1,2,0.0,,-1.0, -1,2014.0,A01,138Â 201Â 874,1.0,0.0,-1.0,1730692,1.0,7,,0.0,2.0,7.0,A01,138Â 201Â 874,1.0
1013892,201900055423,9,23,10:10,1,2,1,1.0,6.0,92012,EST (RUE DE L') 1/FIN - 18/FIN,M,"48,8406000","2,2448000",92,2019,50.0,1.0,1.0,4.0,2267360,1.0,1,1,1,5.0,,-1.0,0,1951.0,A01,138Â 201Â 869,1.0,0.0,-1.0,1730693,2.0,7,,0.0,1.0,3.0,A01,138Â 201Â 869,1.0
1013892,201900055423,9,23,10:10,1,2,1,1.0,6.0,92012,EST (RUE DE L') 1/FIN - 18/FIN,M,"48,8406000","2,2448000",92,2019,50.0,1.0,1.0,4.0,2267361,10.0,3,4,1,5.0,,3.0,3,1936.0,A01,138Â 201Â 869,8.0,0.0,-1.0,1730693,2.0,7,,0.0,1.0,3.0,A01,138Â 201Â 869,1.0
1013893,201900055424,10,25,22:10,5,2,2,1.0,3.0,72181,STALINGRAD (PL DE),M,"48,0001300","0,1924900",72,2019,50.0,1.0,1.0,4.0,2267362,1.0,1,4,1,4.0,,-1.0, -1,1990.0,A01,138Â 201Â 868,2.0,8.0,-1.0,1730694,2.0,32,,0.0,2.0,1.0,A01,138Â 201Â 868,1.0
1013893,201900055424,10,25,22:10,5,2,2,1.0,3.0,72181,STALINGRAD (PL DE),M,"48,0001300","0,1924900",72,2019,50.0,1.0,1.0,4.0,2267362,1.0,1,4,1,4.0,,-1.0, -1,1990.0,A01,138Â 201Â 868,2.0,8.0,-1.0,1730695,2.0,7,,0.0,2.0,8.0,B01,138Â 201Â 871,1.0
1013893,201900055424,10,25,22:10,5,2,2,1.0,3.0,72181,STALINGRAD (PL DE),M,"48,0001300","0,1924900",72,2019,50.0,1.0,1.0,4.0,2267363,1.0,1,1,1,0.0,,-1.0, -1,1990.0,B01,138Â 201Â 871,1.0,0.0,-1.0,1730694,2.0,32,,0.0,2.0,1.0,A01,138Â 201Â 868,1.0
1013893,201900055424,10,25,22:10,5,2,2,1.0,3.0,72181,STALINGRAD (PL DE),M,"48,0001300","0,1924900",72,2019,50.0,1.0,1.0,4.0,2267363,1.0,1,1,1,0.0,,-1.0, -1,1990.0,B01,138Â 201Â 871,1.0,0.0,-1.0,1730695,2.0,7,,0.0,2.0,8.0,B01,138Â 201Â 871,1.0
1013894,201900055425,9,23,14:30,1,1,1,2.0,1.0,29262,D11,M,"48,4352458"," -3,9828351",29,2019,80.0,1.0,2.0,3.0,2267364,1.0,1,1,1,4.0,,0.0,0,1973.0,A01,138Â 201Â 866,1.0,-1.0,-1.0,1730696,2.0,15,,0.0,2.0,0.0,A01,138Â 201Â 866,1.0
1013894,201900055425,9,23,14:30,1,1,1,2.0,1.0,29262,D11,M,"48,4352458"," -3,9828351",29,2019,80.0,1.0,2.0,3.0,2267364,1.0,1,1,1,4.0,,0.0,0,1973.0,A01,138Â 201Â 866,1.0,-1.0,-1.0,1730697,1.0,7,,0.0,2.0,8.0,B01,138Â 201Â 867,1.0
1013894,201900055425,9,23,14:30,1,1,1,2.0,1.0,29262,D11,M,"48,4352458"," -3,9828351",29,2019,80.0,1.0,2.0,3.0,2267365,1.0,1,4,1,1.0,,0.0,0,1984.0,B01,138Â 201Â 867,1.0,-1.0,-1.0,1730696,2.0,15,,0.0,2.0,0.0,A01,138Â 201Â 866,1.0
1013894,201900055425,9,23,14:30,1,1,1,2.0,1.0,29262,D11,M,"48,4352458"," -3,9828351",29,2019,80.0,1.0,2.0,3.0,2267365,1.0,1,4,1,1.0,,0.0,0,1984.0,B01,138Â 201Â 867,1.0,-1.0,-1.0,1730697,1.0,7,,0.0,2.0,8.0,B01,138Â 201Â 867,1.0
1013895,201900055426,10,24,21:23,5,2,1,1.0,6.0,72181,TOULOUSE,M,"47,9741400","0,2328400",72,2019,50.0,1.0,1.0,7.0,2267366,10.0,3,3,2,0.0,,1.0,3,2018.0,Z01,138Â 201Â 865,8.0,0.0,-1.0,1730698,2.0,7,,0.0,1.0,1.0,Z01,138Â 201Â 865,1.0
1013896,201900055427,9,2,12:35,1,1,1,1.0,6.0,12104,les encastrades,M,"44,4812410","2,0283340",12,2019,80.0,3.0,1.0,3.0,2267367,1.0,1,3,1,1.0,,0.0,0,1995.0,A01,138Â 201Â 864,1.0,-1.0,-1.0,1730699,2.0,7,,2.0,0.0,1.0,A01,138Â 201Â 864,1.0
1013897,201900055428,10,24,20:45,5,2,1,1.0,6.0,72181,JAURES JEAN (AV) NÂ° PAIRS 60 ET >,M,"47,9860300","0,2090100",72,2019,50.0,1.0,2.0,7.0,2267368,10.0,3,4,1,0.0,,4.0,3,2003.0,Z01,138Â 201Â 863,8.0,0.0,-1.0,1730700,1.0,7,,0.0,1.0,1.0,Z01,138Â 201Â 863,1.0
1013898,201900055429,9,22,02:10,3,1,1,2.0,6.0,14689,Route du Bois (Hamars),M,"48,9837210"," -0,5611950",14,2019,80.0,3.0,2.0,3.0,2267369,2.0,2,4,2,5.0,,0.0,0,1993.0,A01,138Â 201Â 862,8.0,-1.0,-1.0,1730701,1.0,7,,13.0,0.0,3.0,A01,138Â 201Â 862,1.0
1013898,201900055429,9,22,02:10,3,1,1,2.0,6.0,14689,Route du Bois (Hamars),M,"48,9837210"," -0,5611950",14,2019,80.0,3.0,2.0,3.0,2267370,1.0,1,3,1,5.0,,0.0,0,1967.0,A01,138Â 201Â 862,8.0,-1.0,-1.0,1730701,1.0,7,,13.0,0.0,3.0,A01,138Â 201Â 862,1.0
1013899,201900055430,9,22,17:15,1,1,1,1.0,1.0,62700,RD928,M,"50,3094720","2,0090220",62,2019,50.0,1.0,2.0,3.0,2267371,1.0,1,4,1,5.0,,0.0,0,1971.0,B01,138Â 201Â 859,1.0,-1.0,-1.0,1730702,2.0,7,,0.0,2.0,1.0,B01,138Â 201Â 859,1.0
1013899,201900055430,9,22,17:15,1,1,1,1.0,1.0,62700,RD928,M,"50,3094720","2,0090220",62,2019,50.0,1.0,2.0,3.0,2267371,1.0,1,4,1,5.0,,0.0,0,1971.0,B01,138Â 201Â 859,1.0,-1.0,-1.0,1730703,1.0,99,,0.0,2.0,1.0,A01,138Â 201Â 860,1.0
1013899,201900055430,9,22,17:15,1,1,1,1.0,1.0,62700,RD928,M,"50,3094720","2,0090220",62,2019,50.0,1.0,2.0,3.0,2267372,8.0,2,4,2,5.0,,0.0,0,1942.0,A01,138Â 201Â 860,0.0,-1.0,-1.0,1730702,2.0,7,,0.0,2.0,1.0,B01,138Â 201Â 859,1.0
1013899,201900055430,9,22,17:15,1,1,1,1.0,1.0,62700,RD928,M,"50,3094720","2,0090220",62,2019,50.0,1.0,2.0,3.0,2267372,8.0,2,4,2,5.0,,0.0,0,1942.0,A01,138Â 201Â 860,0.0,-1.0,-1.0,1730703,1.0,99,,0.0,2.0,1.0,A01,138Â 201Â 860,1.0
1013899,201900055430,9,22,17:15,1,1,1,1.0,1.0,62700,RD928,M,"50,3094720","2,0090220",62,2019,50.0,1.0,2.0,3.0,2267373,2.0,2,3,1,5.0,,0.0,0,1935.0,A01,138Â 201Â 860,1.0,-1.0,-1.0,1730702,2.0,7,,0.0,2.0,1.0,B01,138Â 201Â 859,1.0
1013899,201900055430,9,22,17:15,1,1,1,1.0,1.0,62700,RD928,M,"50,3094720","2,0090220",62,2019,50.0,1.0,2.0,3.0,2267373,2.0,2,3,1,5.0,,0.0,0,1935.0,A01,138Â 201Â 860,1.0,-1.0,-1.0,1730703,1.0,99,,0.0,2.0,1.0,A01,138Â 201Â 860,1.0
1013899,201900055430,9,22,17:15,1,1,1,1.0,1.0,62700,RD928,M,"50,3094720","2,0090220",62,2019,50.0,1.0,2.0,3.0,2267374,1.0,1,4,1,5.0,,0.0,0,1969.0,A01,138Â 201Â 860,1.0,-1.0,-1.0,1730702,2.0,7,,0.0,2.0,1.0,B01,138Â 201Â 859,1.0
1013899,201900055430,9,22,17:15,1,1,1,1.0,1.0,62700,RD928,M,"50,3094720","2,0090220",62,2019,50.0,1.0,2.0,3.0,2267374,1.0,1,4,1,5.0,,0.0,0,1969.0,A01,138Â 201Â 860,1.0,-1.0,-1.0,1730703,1.0,99,,0.0,2.0,1.0,A01,138Â 201Â 860,1.0
1013899,201900055430,9,22,17:15,1,1,1,1.0,1.0,62700,RD928,M,"50,3094720","2,0090220",62,2019,50.0,1.0,2.0,3.0,2267375,7.0,2,4,2,5.0,,0.0,0,1979.0,A01,138Â 201Â 860,0.0,-1.0,-1.0,1730702,2.0,7,,0.0,2.0,1.0,B01,138Â 201Â 859,1.0
1013899,201900055430,9,22,17:15,1,1,1,1.0,1.0,62700,RD928,M,"50,3094720","2,0090220",62,2019,50.0,1.0,2.0,3.0,2267375,7.0,2,4,2,5.0,,0.0,0,1979.0,A01,138Â 201Â 860,0.0,-1.0,-1.0,1730703,1.0,99,,0.0,2.0,1.0,A01,138Â 201Â 860,1.0
1013899,201900055430,9,22,17:15,1,1,1,1.0,1.0,62700,RD928,M,"50,3094720","2,0090220",62,2019,50.0,1.0,2.0,3.0,2267376,4.0,2,4,2,5.0,,0.0,0,1998.0,A01,138Â 201Â 860,0.0,-1.0,-1.0,1730702,2.0,7,,0.0,2.0,1.0,B01,138Â 201Â 859,1.0
1013899,201900055430,9,22,17:15,1,1,1,1.0,1.0,62700,RD928,M,"50,3094720","2,0090220",62,2019,50.0,1.0,2.0,3.0,2267376,4.0,2,4,2,5.0,,0.0,0,1998.0,A01,138Â 201Â 860,0.0,-1.0,-1.0,1730703,1.0,99,,0.0,2.0,1.0,A01,138Â 201Â 860,1.0
1013899,201900055430,9,22,17:15,1,1,1,1.0,1.0,62700,RD928,M,"50,3094720","2,0090220",62,2019,50.0,1.0,2.0,3.0,2267377,9.0,2,4,2,5.0,,0.0,0,2012.0,A01,138Â 201Â 860,0.0,-1.0,-1.0,1730702,2.0,7,,0.0,2.0,1.0,B01,138Â 201Â 859,1.0
1013899,201900055430,9,22,17:15,1,1,1,1.0,1.0,62700,RD928,M,"50,3094720","2,0090220",62,2019,50.0,1.0,2.0,3.0,2267377,9.0,2,4,2,5.0,,0.0,0,2012.0,A01,138Â 201Â 860,0.0,-1.0,-1.0,1730703,1.0,99,,0.0,2.0,1.0,A01,138Â 201Â 860,1.0
1013900,201900055431,9,17,14:30,1,1,1,1.0,6.0,38157,La Combe au Rieu,M,"45,5242060","4,9996810",38,2019,80.0,1.0,1.0,4.0,2267378,1.0,1,4,2,1.0,,0.0,0,1995.0,A01,138Â 201Â 857,1.0,-1.0,-1.0,1730704,2.0,7,,13.0,0.0,1.0,A01,138Â 201Â 857,1.0
1013901,201900055432,9,19,16:50,1,2,1,1.0,6.0,38425,24 Rue Sergent Geoffray,M,"45,4001370","4,7721610",38,2019,50.0,4.0,1.0,4.0,2267379,1.0,1,3,1,5.0,,0.0,0,2006.0,A01,138Â 201Â 856,0.0,-1.0,-1.0,1730705,2.0,1,,12.0,0.0,1.0,A01,138Â 201Â 856,5.0
1013902,201900055433,1,4,20:55,5,2,2,1.0,3.0,92050,JOILIOT CURIE F. ET IRENE AVENUE NÂ°IMPAI,M,"48,8888003","2,2032273",92,2019,50.0,1.0,1.0,3.0,2267380,1.0,1,4,2,0.0,,-1.0,0,1998.0,A01,138Â 201Â 870,8.0,0.0,-1.0,1730706,2.0,7,,2.0,2.0,2.0,A01,138Â 201Â 870,1.0
1013902,201900055433,1,4,20:55,5,2,2,1.0,3.0,92050,JOILIOT CURIE F. ET IRENE AVENUE NÂ°IMPAI,M,"48,8888003","2,2032273",92,2019,50.0,1.0,1.0,3.0,2267380,1.0,1,4,2,0.0,,-1.0,0,1998.0,A01,138Â 201Â 870,8.0,0.0,-1.0,1730707,2.0,7,,0.0,2.0,1.0,B01,138Â 201Â 891,1.0
1013902,201900055433,1,4,20:55,5,2,2,1.0,3.0,92050,JOILIOT CURIE F. ET IRENE AVENUE NÂ°IMPAI,M,"48,8888003","2,2032273",92,2019,50.0,1.0,1.0,3.0,2267381,2.0,2,4,2,0.0,,-1.0,0,1998.0,A01,138Â 201Â 870,1.0,0.0,-1.0,1730706,2.0,7,,2.0,2.0,2.0,A01,138Â 201Â 870,1.0
1013902,201900055433,1,4,20:55,5,2,2,1.0,3.0,92050,JOILIOT CURIE F. ET IRENE AVENUE NÂ°IMPAI,M,"48,8888003","2,2032273",92,2019,50.0,1.0,1.0,3.0,2267381,2.0,2,4,2,0.0,,-1.0,0,1998.0,A01,138Â 201Â 870,1.0,0.0,-1.0,1730707,2.0,7,,0.0,2.0,1.0,B01,138Â 201Â 891,1.0
1013902,201900055433,1,4,20:55,5,2,2,1.0,3.0,92050,JOILIOT CURIE F. ET IRENE AVENUE NÂ°IMPAI,M,"48,8888003","2,2032273",92,2019,50.0,1.0,1.0,3.0,2267382,1.0,1,1,1,0.0,,-1.0,0,1992.0,B01,138Â 201Â 891,1.0,0.0,-1.0,1730706,2.0,7,,2.0,2.0,2.0,A01,138Â 201Â 870,1.0
1013902,201900055433,1,4,20:55,5,2,2,1.0,3.0,92050,JOILIOT CURIE F. ET IRENE AVENUE NÂ°IMPAI,M,"48,8888003","2,2032273",92,2019,50.0,1.0,1.0,3.0,2267382,1.0,1,1,1,0.0,,-1.0,0,1992.0,B01,138Â 201Â 891,1.0,0.0,-1.0,1730707,2.0,7,,0.0,2.0,1.0,B01,138Â 201Â 891,1.0
1013903,201900055434,10,22,13:00,1,1,1,1.0,6.0,72181,LIBERTE (AV DE LA),M,"47,9630400","0,2245700",72,2019,110.0,1.0,1.0,3.0,2267383,1.0,1,2,1,5.0,,-1.0, -1,1979.0,A01,138Â 201Â 861,1.0,0.0,-1.0,1730708,1.0,7,,9.0,0.0,1.0,A01,138Â 201Â 861,1.0
1013904,201900055435,10,25,18:00,3,2,1,1.0,2.0,71040,RN 70 PR 37+850,M,"46,6990100","4,3883600",71,2019,70.0,1.0,1.0,2.0,2267384,1.0,1,4,2,5.0,,0.0,0,1995.0,A01,138Â 201Â 854,1.0,0.0,-1.0,1730709,1.0,7,,0.0,2.0,1.0,A01,138Â 201Â 854,1.0
1013904,201900055435,10,25,18:00,3,2,1,1.0,2.0,71040,RN 70 PR 37+850,M,"46,6990100","4,3883600",71,2019,70.0,1.0,1.0,2.0,2267384,1.0,1,4,2,5.0,,0.0,0,1995.0,A01,138Â 201Â 854,1.0,0.0,-1.0,1730710,1.0,13,,0.0,2.0,4.0,B01,138Â 201Â 855,1.0
1013904,201900055435,10,25,18:00,3,2,1,1.0,2.0,71040,RN 70 PR 37+850,M,"46,6990100","4,3883600",71,2019,70.0,1.0,1.0,2.0,2267385,1.0,1,1,1,4.0,,0.0,0,1981.0,B01,138Â 201Â 855,1.0,0.0,-1.0,1730709,1.0,7,,0.0,2.0,1.0,A01,138Â 201Â 854,1.0
1013904,201900055435,10,25,18:00,3,2,1,1.0,2.0,71040,RN 70 PR 37+850,M,"46,6990100","4,3883600",71,2019,70.0,1.0,1.0,2.0,2267385,1.0,1,1,1,4.0,,0.0,0,1981.0,B01,138Â 201Â 855,1.0,0.0,-1.0,1730710,1.0,13,,0.0,2.0,4.0,B01,138Â 201Â 855,1.0
1013905,201900055436,10,24,20:30,5,2,2,1.0,3.0,69266,ROGER SALENGRO   Ciat   (Avenue),M,"45,7782000","4,8794300",69,2019,50.0,1.0,1.0,4.0,2267386,1.0,1,4,1,0.0,,-1.0, -1,1997.0,B01,138Â 201Â 850,2.0,0.0,-1.0,1730711,1.0,33,,0.0,2.0,1.0,B01,138Â 201Â 850,1.0
1013905,201900055436,10,24,20:30,5,2,2,1.0,3.0,69266,ROGER SALENGRO   Ciat   (Avenue),M,"45,7782000","4,8794300",69,2019,50.0,1.0,1.0,4.0,2267386,1.0,1,4,1,0.0,,-1.0, -1,1997.0,B01,138Â 201Â 850,2.0,0.0,-1.0,1730712,2.0,7,,0.0,2.0,2.0,A01,138Â 201Â 853,1.0