Unnamed: 0_x,num_acc,mois,jour,hrmn,lum,agg,int,atm,col,com,adr,gps,lat,long,dep,annee,vma,situ,surf,catr,Unnamed: 0_y,place,catu,grav,sexe,trajet,secu,locp,actp,an_nais,num_veh_x,id_vehicule_x,secu1,secu2,secu3,Unnamed: 0,senc,catv,occutc,obs,obsm,choc,num_veh_y,id_vehicule_y,motor
1013905,201900055436,10,24,20:30,5,2,2,1.0,3.0,69266,ROGER SALENGRO   Ciat   (Avenue),M,"45,7782000","4,8794300",69,2019,50.0,1.0,1.0,4.0,2267387,1.0,1,1,1,0.0,,-1.0, -1,1987.0,A01,138Â 201Â 853,1.0,0.0,-1.0,1730711,1.0,33,,0.0,2.0,1.0,B01,138Â 201Â 850,1.0
1013905,201900055436,10,24,20:30,5,2,2,1.0,3.0,69266,ROGER SALENGRO   Ciat   (Avenue),M,"45,7782000","4,8794300",69,2019,50.0,1.0,1.0,4.0,2267387,1.0,1,1,1,0.0,,-1.0, -1,1987.0,A01,138Â 201Â 853,1.0,0.0,-1.0,1730712,2.0,7,,0.0,2.0,2.0,A01,138Â 201Â 853,1.0
1013906,201900055437,10,24,14:50,1,2,2,1.0,3.0,69282,REPUBLIQUE (DE)                     (R ),M,"45,7667200","4,9972000",69,2019,50.0,1.0,1.0,4.0,2267388,1.0,1,1,1,1.0,,-1.0, -1,1998.0,B01,138Â 201Â 848,1.0,0.0,-1.0,1730713,1.0,7,,0.0,2.0,2.0,B01,138Â 201Â 848,1.0
1013906,201900055437,10,24,14:50,1,2,2,1.0,3.0,69282,REPUBLIQUE (DE)                     (R ),M,"45,7667200","4,9972000",69,2019,50.0,1.0,1.0,4.0,2267388,1.0,1,1,1,1.0,,-1.0, -1,1998.0,B01,138Â 201Â 848,1.0,0.0,-1.0,1730714,2.0,7,,0.0,2.0,5.0,A01,138Â 201Â 849,1.0
1013906,201900055437,10,24,14:50,1,2,2,1.0,3.0,69282,REPUBLIQUE (DE)                     (R ),M,"45,7667200","4,9972000",69,2019,50.0,1.0,1.0,4.0,2267389,4.0,2,1,2,3.0,,-1.0, -1,1999.0,A01,138Â 201Â 849,1.0,0.0,-1.0,1730713,1.0,7,,0.0,2.0,2.0,B01,138Â 201Â 848,1.0
1013906,201900055437,10,24,14:50,1,2,2,1.0,3.0,69282,REPUBLIQUE (DE)                     (R ),M,"45,7667200","4,9972000",69,2019,50.0,1.0,1.0,4.0,2267389,4.0,2,1,2,3.0,,-1.0, -1,1999.0,A01,138Â 201Â 849,1.0,0.0,-1.0,1730714,2.0,7,,0.0,2.0,5.0,A01,138Â 201Â 849,1.0
1013906,201900055437,10,24,14:50,1,2,2,1.0,3.0,69282,REPUBLIQUE (DE)                     (R ),M,"45,7667200","4,9972000",69,2019,50.0,1.0,1.0,4.0,2267390,1.0,1,4,2,3.0,,-1.0, -1,1999.0,A01,138Â 201Â 849,1.0,0.0,-1.0,1730713,1.0,7,,0.0,2.0,2.0,B01,138Â 201Â 848,1.0
1013906,201900055437,10,24,14:50,1,2,2,1.0,3.0,69282,REPUBLIQUE (DE)                     (R ),M,"45,7667200","4,9972000",69,2019,50.0,1.0,1.0,4.0,2267390,1.0,1,4,2,3.0,,-1.0, -1,1999.0,A01,138Â 201Â 849,1.0,0.0,-1.0,1730714,2.0,7,,0.0,2.0,5.0,A01,138Â 201Â 849,1.0
1013906,201900055437,10,24,14:50,1,2,2,1.0,3.0,69282,REPUBLIQUE (DE)                     (R ),M,"45,7667200","4,9972000",69,2019,50.0,1.0,1.0,4.0,2267391,3.0,2,4,1,3.0,,-1.0, -1,2018.0,A01,138Â 201Â 849,3.0,0.0,-1.0,1730713,1.0,7,,0.0,2.0,2.0,B01,138Â 201Â 848,1.0
1013906,201900055437,10,24,14:50,1,2,2,1.0,3.0,69282,REPUBLIQUE (DE)                     (R ),M,"45,7667200","4,9972000",69,2019,50.0,1.0,1.0,4.0,2267391,3.0,2,4,1,3.0,,-1.0, -1,2018.0,A01,138Â 201Â 849,3.0,0.0,-1.0,1730714,2.0,7,,0.0,2.0,5.0,A01,138Â 201Â 849,1.0
1013906,201900055437,10,24,14:50,1,2,2,1.0,3.0,69282,REPUBLIQUE (DE)                     (R ),M,"45,7667200","4,9972000",69,2019,50.0,1.0,1.0,4.0,2267392,2.0,2,4,2,3.0,,-1.0, -1,2003.0,A01,138Â 201Â 849,1.0,0.0,-1.0,1730713,1.0,7,,0.0,2.0,2.0,B01,138Â 201Â 848,1.0
1013906,201900055437,10,24,14:50,1,2,2,1.0,3.0,69282,REPUBLIQUE (DE)                     (R ),M,"45,7667200","4,9972000",69,2019,50.0,1.0,1.0,4.0,2267392,2.0,2,4,2,3.0,,-1.0, -1,2003.0,A01,138Â 201Â 849,1.0,0.0,-1.0,1730714,2.0,7,,0.0,2.0,5.0,A01,138Â 201Â 849,1.0
1013906,201900055437,10,24,14:50,1,2,2,1.0,3.0,69282,REPUBLIQUE (DE)                     (R ),M,"45,7667200","4,9972000",69,2019,50.0,1.0,1.0,4.0,2267393,5.0,2,1,2,3.0,,-1.0, -1,2005.0,A01,138Â 201Â 849,1.0,0.0,-1.0,1730713,1.0,7,,0.0,2.0,2.0,B01,138Â 201Â 848,1.0
1013906,201900055437,10,24,14:50,1,2,2,1.0,3.0,69282,REPUBLIQUE (DE)                     (R ),M,"45,7667200","4,9972000",69,2019,50.0,1.0,1.0,4.0,2267393,5.0,2,1,2,3.0,,-1.0, -1,2005.0,A01,138Â 201Â 849,1.0,0.0,-1.0,1730714,2.0,7,,0.0,2.0,5.0,A01,138Â 201Â 849,1.0
1013907,201900055438,10,24,08:10,1,2,2,1.0,3.0,69256,MARIUS GROSSO                       (R ),M,"45,7636400","4,9333800",69,2019,50.0,1.0,1.0,7.0,2267394,1.0,1,4,2,1.0,,-1.0, -1,1983.0,B01,138Â 201Â 846,2.0,8.0,-1.0,1730715,3.0,1,,0.0,2.0,7.0,B01,138Â 201Â 846,5.0
1013907,201900055438,10,24,08:10,1,2,2,1.0,3.0,69256,MARIUS GROSSO                       (R ),M,"45,7636400","4,9333800",69,2019,50.0,1.0,1.0,7.0,2267394,1.0,1,4,2,1.0,,-1.0, -1,1983.0,B01,138Â 201Â 846,2.0,8.0,-1.0,1730716,0.0,7,,0.0,6.0,1.0,A01,138Â 201Â 847,0.0
1013908,201900055439,10,19,19:30,5,2,2,2.0,3.0,69266,FRANCOIS GILLET      (Rue),M,"45,7596300","4,8742900",69,2019,50.0,1.0,2.0,4.0,2267395,1.0,1,4,2,0.0,,-1.0, -1,1968.0,B01,138Â 201Â 844,1.0,0.0,-1.0,1730717,2.0,7,,0.0,2.0,1.0,B01,138Â 201Â 844,1.0
1013908,201900055439,10,19,19:30,5,2,2,2.0,3.0,69266,FRANCOIS GILLET      (Rue),M,"45,7596300","4,8742900",69,2019,50.0,1.0,2.0,4.0,2267395,1.0,1,4,2,0.0,,-1.0, -1,1968.0,B01,138Â 201Â 844,1.0,0.0,-1.0,1730718,1.0,7,,0.0,2.0,7.0,A01,138Â 201Â 845,1.0
1013908,201900055439,10,19,19:30,5,2,2,2.0,3.0,69266,FRANCOIS GILLET      (Rue),M,"45,7596300","4,8742900",69,2019,50.0,1.0,2.0,4.0,2267396,1.0,1,1,1,0.0,,-1.0, -1,2000.0,A01,138Â 201Â 845,1.0,0.0,-1.0,1730717,2.0,7,,0.0,2.0,1.0,B01,138Â 201Â 844,1.0
1013908,201900055439,10,19,19:30,5,2,2,2.0,3.0,69266,FRANCOIS GILLET      (Rue),M,"45,7596300","4,8742900",69,2019,50.0,1.0,2.0,4.0,2267396,1.0,1,1,1,0.0,,-1.0, -1,2000.0,A01,138Â 201Â 845,1.0,0.0,-1.0,1730718,1.0,7,,0.0,2.0,7.0,A01,138Â 201Â 845,1.0
1013909,201900055440,9,11,14:00,1,1,1,1.0,7.0,49355,Les Poteries,M,"47,1349760"," -0,8118960",49,2019,80.0,1.0,1.0,3.0,2267397,1.0,1,2,1,5.0,,0.0,0,1947.0,A01,138Â 201Â 851,2.0,-1.0,-1.0,1730719,2.0,1,,0.0,0.0,0.0,A01,138Â 201Â 851,0.0
1013910,201900055441,10,24,15:15,1,2,1,1.0,3.0,67482,DOUBS (RUE DU),M,"48,5552410","7,7334470",67,2019,50.0,1.0,1.0,4.0,2267398,2.0,1,4,1,9.0,,-1.0,0,1986.0,A01,138Â 201Â 840,2.0,0.0,-1.0,1730720,1.0,1,,0.0,2.0,8.0,A01,138Â 201Â 840,5.0
1013910,201900055441,10,24,15:15,1,2,1,1.0,3.0,67482,DOUBS (RUE DU),M,"48,5552410","7,7334470",67,2019,50.0,1.0,1.0,4.0,2267398,2.0,1,4,1,9.0,,-1.0,0,1986.0,A01,138Â 201Â 840,2.0,0.0,-1.0,1730721,1.0,10,,0.0,2.0,1.0,B01,138Â 201Â 841,1.0
1013910,201900055441,10,24,15:15,1,2,1,1.0,3.0,67482,DOUBS (RUE DU),M,"48,5552410","7,7334470",67,2019,50.0,1.0,1.0,4.0,2267399,1.0,1,1,2,0.0,,-1.0,0,1933.0,B01,138Â 201Â 841,1.0,0.0,-1.0,1730720,1.0,1,,0.0,2.0,8.0,A01,138Â 201Â 840,5.0
1013910,201900055441,10,24,15:15,1,2,1,1.0,3.0,67482,DOUBS (RUE DU),M,"48,5552410","7,7334470",67,2019,50.0,1.0,1.0,4.0,2267399,1.0,1,1,2,0.0,,-1.0,0,1933.0,B01,138Â 201Â 841,1.0,0.0,-1.0,1730721,1.0,10,,0.0,2.0,1.0,B01,138Â 201Â 841,1.0
1013911,201900055442,9,23,19:15,2,2,1,1.0,3.0,68209,3 Route du Vin,M,"48,1538140","7,3203730",68,2019,50.0,1.0,1.0,3.0,2267400,1.0,1,1,2,0.0,,0.0,0,1994.0,A01,138Â 201Â 838,1.0,-1.0,-1.0,1730722,2.0,7,,0.0,2.0,3.0,A01,138Â 201Â 838,1.0
1013911,201900055442,9,23,19:15,2,2,1,1.0,3.0,68209,3 Route du Vin,M,"48,1538140","7,3203730",68,2019,50.0,1.0,1.0,3.0,2267400,1.0,1,1,2,0.0,,0.0,0,1994.0,A01,138Â 201Â 838,1.0,-1.0,-1.0,1730723,2.0,33,,0.0,2.0,1.0,B01,138Â 201Â 839,1.0
1013911,201900055442,9,23,19:15,2,2,1,1.0,3.0,68209,3 Route du Vin,M,"48,1538140","7,3203730",68,2019,50.0,1.0,1.0,3.0,2267401,1.0,1,4,1,0.0,,0.0,0,1958.0,B01,138Â 201Â 839,2.0,6.0,-1.0,1730722,2.0,7,,0.0,2.0,3.0,A01,138Â 201Â 838,1.0
1013911,201900055442,9,23,19:15,2,2,1,1.0,3.0,68209,3 Route du Vin,M,"48,1538140","7,3203730",68,2019,50.0,1.0,1.0,3.0,2267401,1.0,1,4,1,0.0,,0.0,0,1958.0,B01,138Â 201Â 839,2.0,6.0,-1.0,1730723,2.0,33,,0.0,2.0,1.0,B01,138Â 201Â 839,1.0
1013912,201900055443,10,25,17:07,1,2,1,1.0,2.0,65286,4 ESPAGNE (BOULEVARD D'),M,"43,0882114"," -0,0431164",65,2019,50.0,1.0,1.0,3.0,2267402,1.0,1,1,1,5.0,,0.0,0,1969.0,B01,138Â 201Â 836,8.0,0.0,-1.0,1730724,1.0,7,,0.0,2.0,4.0,B01,138Â 201Â 836,1.0
1013912,201900055443,10,25,17:07,1,2,1,1.0,2.0,65286,4 ESPAGNE (BOULEVARD D'),M,"43,0882114"," -0,0431164",65,2019,50.0,1.0,1.0,3.0,2267402,1.0,1,1,1,5.0,,0.0,0,1969.0,B01,138Â 201Â 836,8.0,0.0,-1.0,1730725,1.0,7,,0.0,2.0,1.0,A01,138Â 201Â 837,0.0
1013912,201900055443,10,25,17:07,1,2,1,1.0,2.0,65286,4 ESPAGNE (BOULEVARD D'),M,"43,0882114"," -0,0431164",65,2019,50.0,1.0,1.0,3.0,2267403,2.0,2,4,1,5.0,,0.0,0,1945.0,B01,138Â 201Â 836,8.0,0.0,-1.0,1730724,1.0,7,,0.0,2.0,4.0,B01,138Â 201Â 836,1.0
1013912,201900055443,10,25,17:07,1,2,1,1.0,2.0,65286,4 ESPAGNE (BOULEVARD D'),M,"43,0882114"," -0,0431164",65,2019,50.0,1.0,1.0,3.0,2267403,2.0,2,4,1,5.0,,0.0,0,1945.0,B01,138Â 201Â 836,8.0,0.0,-1.0,1730725,1.0,7,,0.0,2.0,1.0,A01,138Â 201Â 837,0.0
1013912,201900055443,10,25,17:07,1,2,1,1.0,2.0,65286,4 ESPAGNE (BOULEVARD D'),M,"43,0882114"," -0,0431164",65,2019,50.0,1.0,1.0,3.0,2267404,1.0,1,1,1,5.0,,0.0,0,1977.0,A01,138Â 201Â 837,8.0,0.0,-1.0,1730724,1.0,7,,0.0,2.0,4.0,B01,138Â 201Â 836,1.0
1013912,201900055443,10,25,17:07,1,2,1,1.0,2.0,65286,4 ESPAGNE (BOULEVARD D'),M,"43,0882114"," -0,0431164",65,2019,50.0,1.0,1.0,3.0,2267404,1.0,1,1,1,5.0,,0.0,0,1977.0,A01,138Â 201Â 837,8.0,0.0,-1.0,1730725,1.0,7,,0.0,2.0,1.0,A01,138Â 201Â 837,0.0
1013912,201900055443,10,25,17:07,1,2,1,1.0,2.0,65286,4 ESPAGNE (BOULEVARD D'),M,"43,0882114"," -0,0431164",65,2019,50.0,1.0,1.0,3.0,2267405,4.0,2,4,2,5.0,,0.0,0,2007.0,A01,138Â 201Â 837,1.0,0.0,-1.0,1730724,1.0,7,,0.0,2.0,4.0,B01,138Â 201Â 836,1.0
1013912,201900055443,10,25,17:07,1,2,1,1.0,2.0,65286,4 ESPAGNE (BOULEVARD D'),M,"43,0882114"," -0,0431164",65,2019,50.0,1.0,1.0,3.0,2267405,4.0,2,4,2,5.0,,0.0,0,2007.0,A01,138Â 201Â 837,1.0,0.0,-1.0,1730725,1.0,7,,0.0,2.0,1.0,A01,138Â 201Â 837,0.0
1013913,201900055444,9,23,10:45,1,1,1,1.0,7.0,68005,RD 11-1 PK 7,M,"48,1213920","7,2273170",68,2019,80.0,3.0,8.0,3.0,2267406,1.0,1,4,1,9.0,,0.0,0,1986.0,A01,138Â 201Â 835,1.0,-1.0,-1.0,1730726,1.0,7,,2.0,0.0,1.0,A01,138Â 201Â 835,1.0
1013914,201900055445,9,23,07:05,3,2,1,1.0,6.0,59174,Route de Maubeuge,M,"50,1996120","4,0383730",59,2019,50.0,1.0,1.0,3.0,2267407,10.0,3,3,1,9.0,,1.0,B,1978.0,A01,138Â 201Â 833,0.0,-1.0,-1.0,1730727,1.0,0,,0.0,1.0,0.0,A01,138Â 201Â 833,0.0
1013915,201900055446,10,25,14:54,1,1,1,1.0,2.0,64483,ITHURRALDE ANDRE (AVENUE),M,"43,3952700"," -1,6480000",64,2019,50.0,1.0,1.0,3.0,2267408,1.0,1,4,1,0.0,,-1.0,0,1969.0,A01,138Â 201Â 832,2.0,6.0,-1.0,1730728,1.0,30,,0.0,2.0,1.0,A01,138Â 201Â 832,1.0
1013915,201900055446,10,25,14:54,1,1,1,1.0,2.0,64483,ITHURRALDE ANDRE (AVENUE),M,"43,3952700"," -1,6480000",64,2019,50.0,1.0,1.0,3.0,2267408,1.0,1,4,1,0.0,,-1.0,0,1969.0,A01,138Â 201Â 832,2.0,6.0,-1.0,1730729,1.0,7,,0.0,2.0,4.0,B01,138Â 201Â 834,0.0
1013915,201900055446,10,25,14:54,1,1,1,1.0,2.0,64483,ITHURRALDE ANDRE (AVENUE),M,"43,3952700"," -1,6480000",64,2019,50.0,1.0,1.0,3.0,2267409,1.0,1,1,2,0.0,,-1.0,0,1948.0,B01,138Â 201Â 834,1.0,8.0,-1.0,1730728,1.0,30,,0.0,2.0,1.0,A01,138Â 201Â 832,1.0
1013915,201900055446,10,25,14:54,1,1,1,1.0,2.0,64483,ITHURRALDE ANDRE (AVENUE),M,"43,3952700"," -1,6480000",64,2019,50.0,1.0,1.0,3.0,2267409,1.0,1,1,2,0.0,,-1.0,0,1948.0,B01,138Â 201Â 834,1.0,8.0,-1.0,1730729,1.0,7,,0.0,2.0,4.0,B01,138Â 201Â 834,0.0
1013916,201900055447,9,22,21:30,3,1,1,2.0,6.0,56060,La Loirie,M,"47,7620950"," -2,1897180",56,2019,80.0,3.0,2.0,3.0,2267410,1.0,1,3,1,5.0,,0.0,0,1972.0,A01,138Â 201Â 831,1.0,-1.0,-1.0,1730730,2.0,7,,2.0,0.0,1.0,A01,138Â 201Â 831,1.0
1013917,201900055448,10,24,13:20,1,2,1,1.0,6.0,64445,MARECHAL LECLERC DU,M,"43,3058700"," -0,3361800",64,2019,50.0,1.0,1.0,4.0,2267411,1.0,1,1,2,3.0,,0.0,0,1946.0,A01,138Â 201Â 829,8.0,0.0,-1.0,1730731,1.0,7,,0.0,1.0,1.0,A01,138Â 201Â 829,1.0
1013917,201900055448,10,24,13:20,1,2,1,1.0,6.0,64445,MARECHAL LECLERC DU,M,"43,3058700"," -0,3361800",64,2019,50.0,1.0,1.0,4.0,2267412,10.0,3,4,2,0.0,,2.0,B,2015.0,A01,138Â 201Â 829,8.0,0.0,-1.0,1730731,1.0,7,,0.0,1.0,1.0,A01,138Â 201Â 829,1.0
1013918,201900055449,9,24,17:10,1,1,1,1.0,3.0,56177,Route de Bieuzy RD16,M,"47,7956200"," -2,9742770",56,2019,80.0,1.0,1.0,3.0,2267413,1.0,1,3,1,0.0,,0.0,0,1972.0,A01,138Â 201Â 827,1.0,5.0,-1.0,1730732,2.0,7,,0.0,0.0,1.0,A01,138Â 201Â 827,1.0
1013918,201900055449,9,24,17:10,1,1,1,1.0,3.0,56177,Route de Bieuzy RD16,M,"47,7956200"," -2,9742770",56,2019,80.0,1.0,1.0,3.0,2267413,1.0,1,3,1,0.0,,0.0,0,1972.0,A01,138Â 201Â 827,1.0,5.0,-1.0,1730733,1.0,15,,0.0,0.0,3.0,B01,138Â 201Â 828,1.0
1013918,201900055449,9,24,17:10,1,1,1,1.0,3.0,56177,Route de Bieuzy RD16,M,"47,7956200"," -2,9742770",56,2019,80.0,1.0,1.0,3.0,2267414,1.0,1,1,1,4.0,,0.0,0,1980.0,B01,138Â 201Â 828,1.0,-1.0,-1.0,1730732,2.0,7,,0.0,0.0,1.0,A01,138Â 201Â 827,1.0
1013918,201900055449,9,24,17:10,1,1,1,1.0,3.0,56177,Route de Bieuzy RD16,M,"47,7956200"," -2,9742770",56,2019,80.0,1.0,1.0,3.0,2267414,1.0,1,1,1,4.0,,0.0,0,1980.0,B01,138Â 201Â 828,1.0,-1.0,-1.0,1730733,1.0,15,,0.0,0.0,3.0,B01,138Â 201Â 828,1.0
1013919,201900055450,9,24,04:00,3,1,1,3.0,6.0,79329,Rue du Thouet,M,"46,9583210"," -0,1896650",79,2019,80.0,1.0,2.0,4.0,2267415,1.0,1,3,1,4.0,,0.0,0,1980.0,A01,138Â 201Â 825,2.0,-1.0,-1.0,1730734,3.0,32,,0.0,6.0,1.0,A01,138Â 201Â 825,1.0
1013920,201900055451,9,23,10:40,1,1,3,2.0,2.0,2A323,Route Territoriale 20  -- Lieu dit Valle di Bona,M,"42,0233082","8,9005953",2A,2019,70.0,1.0,2.0,2.0,2267416,1.0,1,4,1,5.0,,0.0,0,1946.0,B01,138Â 201Â 823,1.0,-1.0,-1.0,1730735,1.0,7,,0.0,0.0,5.0,B01,138Â 201Â 823,1.0
1013920,201900055451,9,23,10:40,1,1,3,2.0,2.0,2A323,Route Territoriale 20  -- Lieu dit Valle di Bona,M,"42,0233082","8,9005953",2A,2019,70.0,1.0,2.0,2.0,2267416,1.0,1,4,1,5.0,,0.0,0,1946.0,B01,138Â 201Â 823,1.0,-1.0,-1.0,1730736,1.0,15,,0.0,2.0,3.0,A01,138Â 201Â 824,1.0
1013920,201900055451,9,23,10:40,1,1,3,2.0,2.0,2A323,Route Territoriale 20  -- Lieu dit Valle di Bona,M,"42,0233082","8,9005953",2A,2019,70.0,1.0,2.0,2.0,2267417,1.0,1,1,2,4.0,,0.0,0,1981.0,A01,138Â 201Â 824,1.0,-1.0,-1.0,1730735,1.0,7,,0.0,0.0,5.0,B01,138Â 201Â 823,1.0
1013920,201900055451,9,23,10:40,1,1,3,2.0,2.0,2A323,Route Territoriale 20  -- Lieu dit Valle di Bona,M,"42,0233082","8,9005953",2A,2019,70.0,1.0,2.0,2.0,2267417,1.0,1,1,2,4.0,,0.0,0,1981.0,A01,138Â 201Â 824,1.0,-1.0,-1.0,1730736,1.0,15,,0.0,2.0,3.0,A01,138Â 201Â 824,1.0
1013921,201900055452,9,23,22:20,3,1,1,1.0,7.0,71001,Route des Sables,M,"46,5575090","4,9669600",71,2019,80.0,3.0,1.0,3.0,2267418,1.0,1,3,1,5.0,,0.0,0,1985.0,A01,138Â 201Â 822,0.0,-1.0,-1.0,1730737,3.0,7,,13.0,0.0,1.0,A01,138Â 201Â 822,1.0
1013922,201900055453,1,2,07:20,5,2,1,1.0,2.0,92050,CLEMENCEAU GEORGES AVENUE NÂ° PAIR,M,"48,8860400","2,2141100",92,2019,50.0,1.0,1.0,3.0,2267419,1.0,1,4,1,1.0,,-1.0,0,1978.0,A01,138Â 201Â 830,2.0,0.0,-1.0,1730738,1.0,31,,0.0,2.0,0.0,A01,138Â 201Â 830,1.0
1013922,201900055453,1,2,07:20,5,2,1,1.0,2.0,92050,CLEMENCEAU GEORGES AVENUE NÂ° PAIR,M,"48,8860400","2,2141100",92,2019,50.0,1.0,1.0,3.0,2267419,1.0,1,4,1,1.0,,-1.0,0,1978.0,A01,138Â 201Â 830,2.0,0.0,-1.0,1730739,1.0,7,,0.0,2.0,5.0,B01,138Â 201Â 852,0.0
1013922,201900055453,1,2,07:20,5,2,1,1.0,2.0,92050,CLEMENCEAU GEORGES AVENUE NÂ° PAIR,M,"48,8860400","2,2141100",92,2019,50.0,1.0,1.0,3.0,2267420,1.0,1,1,2,1.0,,-1.0,0,1982.0,B01,138Â 201Â 852,1.0,0.0,-1.0,1730738,1.0,31,,0.0,2.0,0.0,A01,138Â 201Â 830,1.0
1013922,201900055453,1,2,07:20,5,2,1,1.0,2.0,92050,CLEMENCEAU GEORGES AVENUE NÂ° PAIR,M,"48,8860400","2,2141100",92,2019,50.0,1.0,1.0,3.0,2267420,1.0,1,1,2,1.0,,-1.0,0,1982.0,B01,138Â 201Â 852,1.0,0.0,-1.0,1730739,1.0,7,,0.0,2.0,5.0,B01,138Â 201Â 852,0.0
1013923,201900055454,9,24,09:00,1,1,1,2.0,1.0,71248,D975,M,"46,5557970","4,9281060",71,2019,80.0,1.0,2.0,3.0,2267421,1.0,1,1,1,4.0,,0.0,0,1977.0,B01,138Â 201Â 820,1.0,-1.0,-1.0,1730740,1.0,14,,0.0,2.0,3.0,B01,138Â 201Â 820,1.0
1013923,201900055454,9,24,09:00,1,1,1,2.0,1.0,71248,D975,M,"46,5557970","4,9281060",71,2019,80.0,1.0,2.0,3.0,2267421,1.0,1,1,1,4.0,,0.0,0,1977.0,B01,138Â 201Â 820,1.0,-1.0,-1.0,1730741,2.0,10,,0.0,2.0,1.0,A01,138Â 201Â 821,1.0
1013923,201900055454,9,24,09:00,1,1,1,2.0,1.0,71248,D975,M,"46,5557970","4,9281060",71,2019,80.0,1.0,2.0,3.0,2267422,1.0,1,2,1,3.0,,0.0,0,1935.0,A01,138Â 201Â 821,0.0,-1.0,-1.0,1730740,1.0,14,,0.0,2.0,3.0,B01,138Â 201Â 820,1.0
1013923,201900055454,9,24,09:00,1,1,1,2.0,1.0,71248,D975,M,"46,5557970","4,9281060",71,2019,80.0,1.0,2.0,3.0,2267422,1.0,1,2,1,3.0,,0.0,0,1935.0,A01,138Â 201Â 821,0.0,-1.0,-1.0,1730741,2.0,10,,0.0,2.0,1.0,A01,138Â 201Â 821,1.0
1013924,201900055455,9,23,23:30,3,1,1,2.0,7.0,89169,chemin des patis,M,"47,9373082","3,8825586",89,2019,80.0,8.0,2.0,4.0,2267423,2.0,2,1,1,0.0,,0.0,0,2002.0,A01,138Â 201Â 818,1.0,-1.0,-1.0,1730742,0.0,7,,0.0,0.0,9.0,A01,138Â 201Â 818,0.0
1013924,201900055455,9,23,23:30,3,1,1,2.0,7.0,89169,chemin des patis,M,"47,9373082","3,8825586",89,2019,80.0,8.0,2.0,4.0,2267424,1.0,1,3,1,0.0,,0.0,0,1999.0,A01,138Â 201Â 818,1.0,-1.0,-1.0,1730742,0.0,7,,0.0,0.0,9.0,A01,138Â 201Â 818,0.0
1013925,201900055456,1,2,19:15,5,2,9,1.0,3.0,92026,REPUBLIQUE (DE 29 A FIN),M,"48,9006700","2,2488000",92,2019,50.0,1.0,1.0,7.0,2267425,1.0,1,4,1,1.0,,-1.0,0,1975.0,A01,138Â 201Â 817,8.0,0.0,-1.0,1730743,3.0,50,,0.0,2.0,2.0,A01,138Â 201Â 817,3.0
1013925,201900055456,1,2,19:15,5,2,9,1.0,3.0,92026,REPUBLIQUE (DE 29 A FIN),M,"48,9006700","2,2488000",92,2019,50.0,1.0,1.0,7.0,2267425,1.0,1,4,1,1.0,,-1.0,0,1975.0,A01,138Â 201Â 817,8.0,0.0,-1.0,1730744,3.0,7,,0.0,2.0,3.0,B01,138Â 201Â 819,1.0
1013925,201900055456,1,2,19:15,5,2,9,1.0,3.0,92026,REPUBLIQUE (DE 29 A FIN),M,"48,9006700","2,2488000",92,2019,50.0,1.0,1.0,7.0,2267426,1.0,1,1,1,5.0,,-1.0,0,1963.0,B01,138Â 201Â 819,1.0,0.0,-1.0,1730743,3.0,50,,0.0,2.0,2.0,A01,138Â 201Â 817,3.0
1013925,201900055456,1,2,19:15,5,2,9,1.0,3.0,92026,REPUBLIQUE (DE 29 A FIN),M,"48,9006700","2,2488000",92,2019,50.0,1.0,1.0,7.0,2267426,1.0,1,1,1,5.0,,-1.0,0,1963.0,B01,138Â 201Â 819,1.0,0.0,-1.0,1730744,3.0,7,,0.0,2.0,3.0,B01,138Â 201Â 819,1.0
1013926,201900055457,10,25,18:35,1,2,1,1.0,7.0,64102,BARTHES (CHEMIN DES),M,"43,4974493"," -1,4937899",64,2019,50.0,1.0,1.0,4.0,2267427,1.0,1,4,1,0.0,,-1.0,0,2004.0,A01,138Â 201Â 826,2.0,6.0,-1.0,1730745,1.0,30,,12.0,0.0,2.0,A01,138Â 201Â 826,1.0
1013926,201900055457,10,25,18:35,1,2,1,1.0,7.0,64102,BARTHES (CHEMIN DES),M,"43,4974493"," -1,4937899",64,2019,50.0,1.0,1.0,4.0,2267428,2.0,2,4,2,0.0,,-1.0,0,2004.0,A01,138Â 201Â 826,2.0,6.0,-1.0,1730745,1.0,30,,12.0,0.0,2.0,A01,138Â 201Â 826,1.0
1013927,201900055458,9,18,17:30,1,2,1,1.0,1.0,63180,RD1093 Face Ã©cole,M,"45,8636300","3,3020870",63,2019,50.0,1.0,1.0,3.0,2267429,1.0,1,4,1,5.0,,0.0,0,1988.0,B01,138Â 201Â 815,2.0,-1.0,-1.0,1730746,1.0,1,,0.0,2.0,3.0,B01,138Â 201Â 815,5.0
1013927,201900055458,9,18,17:30,1,2,1,1.0,1.0,63180,RD1093 Face Ã©cole,M,"45,8636300","3,3020870",63,2019,50.0,1.0,1.0,3.0,2267429,1.0,1,4,1,5.0,,0.0,0,1988.0,B01,138Â 201Â 815,2.0,-1.0,-1.0,1730747,2.0,7,,0.0,2.0,3.0,A01,138Â 201Â 816,1.0