Unnamed: 0_x,num_acc,mois,jour,hrmn,lum,agg,int,atm,col,com,adr,gps,lat,long,dep,annee,vma,situ,surf,catr,Unnamed: 0_y,place,catu,grav,sexe,trajet,secu,locp,actp,an_nais,num_veh_x,id_vehicule_x,secu1,secu2,secu3,Unnamed: 0,senc,catv,occutc,obs,obsm,choc,num_veh_y,id_vehicule_y,motor
1013927,201900055458,9,18,17:30,1,2,1,1.0,1.0,63180,RD1093 Face Ã©cole,M,"45,8636300","3,3020870",63,2019,50.0,1.0,1.0,3.0,2267430,1.0,1,1,2,5.0,,0.0,0,1990.0,A01,138Â 201Â 816,8.0,-1.0,-1.0,1730746,1.0,1,,0.0,2.0,3.0,B01,138Â 201Â 815,5.0
1013927,201900055458,9,18,17:30,1,2,1,1.0,1.0,63180,RD1093 Face Ã©cole,M,"45,8636300","3,3020870",63,2019,50.0,1.0,1.0,3.0,2267430,1.0,1,1,2,5.0,,0.0,0,1990.0,A01,138Â 201Â 816,8.0,-1.0,-1.0,1730747,2.0,7,,0.0,2.0,3.0,A01,138Â 201Â 816,1.0
1013928,201900055459,1,2,12:45,1,2,1,1.0,2.0,92012,GENERAL LECLERC (AVENUE DU) 1/33 - 2/58,M,"48,8324024","2,2397206",92,2019,50.0,1.0,1.0,3.0,2267431,1.0,1,1,1,4.0,,-1.0, -1,1994.0,A01,138Â 201Â 812,8.0,0.0,-1.0,1730748,2.0,10,,0.0,2.0,6.0,A01,138Â 201Â 812,1.0
1013928,201900055459,1,2,12:45,1,2,1,1.0,2.0,92012,GENERAL LECLERC (AVENUE DU) 1/33 - 2/58,M,"48,8324024","2,2397206",92,2019,50.0,1.0,1.0,3.0,2267431,1.0,1,1,1,4.0,,-1.0, -1,1994.0,A01,138Â 201Â 812,8.0,0.0,-1.0,1730749,2.0,1,,0.0,2.0,1.0,B01,138Â 201Â 814,5.0
1013928,201900055459,1,2,12:45,1,2,1,1.0,2.0,92012,GENERAL LECLERC (AVENUE DU) 1/33 - 2/58,M,"48,8324024","2,2397206",92,2019,50.0,1.0,1.0,3.0,2267432,1.0,1,4,1,4.0,,-1.0, -1,1994.0,B01,138Â 201Â 814,8.0,8.0,-1.0,1730748,2.0,10,,0.0,2.0,6.0,A01,138Â 201Â 812,1.0
1013928,201900055459,1,2,12:45,1,2,1,1.0,2.0,92012,GENERAL LECLERC (AVENUE DU) 1/33 - 2/58,M,"48,8324024","2,2397206",92,2019,50.0,1.0,1.0,3.0,2267432,1.0,1,4,1,4.0,,-1.0, -1,1994.0,B01,138Â 201Â 814,8.0,8.0,-1.0,1730749,2.0,1,,0.0,2.0,1.0,B01,138Â 201Â 814,5.0
1013929,201900055460,9,24,10:40,1,1,4,2.0,3.0,63073,rue du Cross/rue de la Combes,M,"45,5865860","3,1824785",63,2019,80.0,1.0,2.0,3.0,2267433,1.0,1,3,1,5.0,,0.0,0,2002.0,A01,138Â 201Â 811,2.0,6.0,-1.0,1730750,2.0,2,,0.0,2.0,8.0,A01,138Â 201Â 811,1.0
1013929,201900055460,9,24,10:40,1,1,4,2.0,3.0,63073,rue du Cross/rue de la Combes,M,"45,5865860","3,1824785",63,2019,80.0,1.0,2.0,3.0,2267433,1.0,1,3,1,5.0,,0.0,0,2002.0,A01,138Â 201Â 811,2.0,6.0,-1.0,1730751,1.0,14,,0.0,2.0,8.0,B01,138Â 201Â 813,1.0
1013929,201900055460,9,24,10:40,1,1,4,2.0,3.0,63073,rue du Cross/rue de la Combes,M,"45,5865860","3,1824785",63,2019,80.0,1.0,2.0,3.0,2267434,1.0,1,1,1,4.0,,0.0,0,1981.0,B01,138Â 201Â 813,1.0,-1.0,-1.0,1730750,2.0,2,,0.0,2.0,8.0,A01,138Â 201Â 811,1.0
1013929,201900055460,9,24,10:40,1,1,4,2.0,3.0,63073,rue du Cross/rue de la Combes,M,"45,5865860","3,1824785",63,2019,80.0,1.0,2.0,3.0,2267434,1.0,1,1,1,4.0,,0.0,0,1981.0,B01,138Â 201Â 813,1.0,-1.0,-1.0,1730751,1.0,14,,0.0,2.0,8.0,B01,138Â 201Â 813,1.0
1013930,201900055461,9,15,12:30,1,1,2,1.0,2.0,63146,La Boissiere - D997,M,"45,7083221","3,4091681",63,2019,80.0,1.0,1.0,3.0,2267435,1.0,1,1,1,5.0,,0.0,0,1972.0,B01,138Â 201Â 807,1.0,-1.0,-1.0,1730752,2.0,7,,0.0,0.0,6.0,B01,138Â 201Â 807,1.0
1013930,201900055461,9,15,12:30,1,1,2,1.0,2.0,63146,La Boissiere - D997,M,"45,7083221","3,4091681",63,2019,80.0,1.0,1.0,3.0,2267435,1.0,1,1,1,5.0,,0.0,0,1972.0,B01,138Â 201Â 807,1.0,-1.0,-1.0,1730753,2.0,31,,0.0,2.0,1.0,A01,138Â 201Â 809,1.0
1013930,201900055461,9,15,12:30,1,1,2,1.0,2.0,63146,La Boissiere - D997,M,"45,7083221","3,4091681",63,2019,80.0,1.0,1.0,3.0,2267436,1.0,1,3,1,5.0,,0.0,0,1974.0,A01,138Â 201Â 809,2.0,6.0,-1.0,1730752,2.0,7,,0.0,0.0,6.0,B01,138Â 201Â 807,1.0
1013930,201900055461,9,15,12:30,1,1,2,1.0,2.0,63146,La Boissiere - D997,M,"45,7083221","3,4091681",63,2019,80.0,1.0,1.0,3.0,2267436,1.0,1,3,1,5.0,,0.0,0,1974.0,A01,138Â 201Â 809,2.0,6.0,-1.0,1730753,2.0,31,,0.0,2.0,1.0,A01,138Â 201Â 809,1.0
1013931,201900055462,1,2,10:45,1,2,1,8.0,3.0,92012,ALPHONSE LE GALLO (QUAI) 1/34,M,"48,8329378","2,2272794",92,2019,50.0,1.0,1.0,3.0,2267437,1.0,1,1,1,0.0,,-1.0,0,1962.0,A01,138Â 201Â 808,1.0,0.0,-1.0,1730754,2.0,7,,5.0,2.0,8.0,A01,138Â 201Â 808,1.0
1013931,201900055462,1,2,10:45,1,2,1,8.0,3.0,92012,ALPHONSE LE GALLO (QUAI) 1/34,M,"48,8329378","2,2272794",92,2019,50.0,1.0,1.0,3.0,2267437,1.0,1,1,1,0.0,,-1.0,0,1962.0,A01,138Â 201Â 808,1.0,0.0,-1.0,1730755,2.0,7,,0.0,2.0,7.0,B01,138Â 201Â 810,1.0
1013931,201900055462,1,2,10:45,1,2,1,8.0,3.0,92012,ALPHONSE LE GALLO (QUAI) 1/34,M,"48,8329378","2,2272794",92,2019,50.0,1.0,1.0,3.0,2267438,2.0,2,4,1,0.0,,-1.0,0,1964.0,A01,138Â 201Â 808,1.0,0.0,-1.0,1730754,2.0,7,,5.0,2.0,8.0,A01,138Â 201Â 808,1.0
1013931,201900055462,1,2,10:45,1,2,1,8.0,3.0,92012,ALPHONSE LE GALLO (QUAI) 1/34,M,"48,8329378","2,2272794",92,2019,50.0,1.0,1.0,3.0,2267438,2.0,2,4,1,0.0,,-1.0,0,1964.0,A01,138Â 201Â 808,1.0,0.0,-1.0,1730755,2.0,7,,0.0,2.0,7.0,B01,138Â 201Â 810,1.0
1013931,201900055462,1,2,10:45,1,2,1,8.0,3.0,92012,ALPHONSE LE GALLO (QUAI) 1/34,M,"48,8329378","2,2272794",92,2019,50.0,1.0,1.0,3.0,2267439,1.0,1,4,1,0.0,,-1.0,0,1992.0,B01,138Â 201Â 810,1.0,0.0,-1.0,1730754,2.0,7,,5.0,2.0,8.0,A01,138Â 201Â 808,1.0
1013931,201900055462,1,2,10:45,1,2,1,8.0,3.0,92012,ALPHONSE LE GALLO (QUAI) 1/34,M,"48,8329378","2,2272794",92,2019,50.0,1.0,1.0,3.0,2267439,1.0,1,4,1,0.0,,-1.0,0,1992.0,B01,138Â 201Â 810,1.0,0.0,-1.0,1730755,2.0,7,,0.0,2.0,7.0,B01,138Â 201Â 810,1.0
1013932,201900055463,1,3,18:10,5,1,1,1.0,6.0,80523,Route DÃ©partementale 929,M,"49,9942820","2,6681350",80,2019,80.0,1.0,1.0,3.0,2267440,1.0,1,1,1,5.0,,0.0,0,1952.0,B01,138Â 201Â 803,1.0,-1.0,-1.0,1730756,2.0,7,,0.0,2.0,3.0,B01,138Â 201Â 803,1.0
1013932,201900055463,1,3,18:10,5,1,1,1.0,6.0,80523,Route DÃ©partementale 929,M,"49,9942820","2,6681350",80,2019,80.0,1.0,1.0,3.0,2267440,1.0,1,1,1,5.0,,0.0,0,1952.0,B01,138Â 201Â 803,1.0,-1.0,-1.0,1730757,1.0,2,,0.0,2.0,3.0,A01,138Â 201Â 805,1.0
1013932,201900055463,1,3,18:10,5,1,1,1.0,6.0,80523,Route DÃ©partementale 929,M,"49,9942820","2,6681350",80,2019,80.0,1.0,1.0,3.0,2267441,1.0,1,3,1,5.0,,0.0,0,2002.0,A01,138Â 201Â 805,2.0,6.0,-1.0,1730756,2.0,7,,0.0,2.0,3.0,B01,138Â 201Â 803,1.0
1013932,201900055463,1,3,18:10,5,1,1,1.0,6.0,80523,Route DÃ©partementale 929,M,"49,9942820","2,6681350",80,2019,80.0,1.0,1.0,3.0,2267441,1.0,1,3,1,5.0,,0.0,0,2002.0,A01,138Â 201Â 805,2.0,6.0,-1.0,1730757,1.0,2,,0.0,2.0,3.0,A01,138Â 201Â 805,1.0
1013933,201900055464,9,24,14:45,1,2,1,2.0,1.0,61092,Route de Paris,M,"48,7527180","0,7439560",61,2019,50.0,1.0,1.0,3.0,2267442,1.0,1,3,2,1.0,,0.0,0,1982.0,B01,138Â 201Â 804,1.0,-1.0,-1.0,1730758,1.0,7,,0.0,2.0,3.0,B01,138Â 201Â 804,1.0
1013933,201900055464,9,24,14:45,1,2,1,2.0,1.0,61092,Route de Paris,M,"48,7527180","0,7439560",61,2019,50.0,1.0,1.0,3.0,2267442,1.0,1,3,2,1.0,,0.0,0,1982.0,B01,138Â 201Â 804,1.0,-1.0,-1.0,1730759,2.0,7,,0.0,2.0,3.0,A01,138Â 201Â 806,1.0
1013933,201900055464,9,24,14:45,1,2,1,2.0,1.0,61092,Route de Paris,M,"48,7527180","0,7439560",61,2019,50.0,1.0,1.0,3.0,2267443,1.0,1,1,2,5.0,,0.0,0,1951.0,A01,138Â 201Â 806,1.0,-1.0,-1.0,1730758,1.0,7,,0.0,2.0,3.0,B01,138Â 201Â 804,1.0
1013933,201900055464,9,24,14:45,1,2,1,2.0,1.0,61092,Route de Paris,M,"48,7527180","0,7439560",61,2019,50.0,1.0,1.0,3.0,2267443,1.0,1,1,2,5.0,,0.0,0,1951.0,A01,138Â 201Â 806,1.0,-1.0,-1.0,1730759,2.0,7,,0.0,2.0,3.0,A01,138Â 201Â 806,1.0
1013934,201900055465,10,25,10:29,1,2,1,1.0,7.0,64024,BARRE (PROMENADE DE LA),M,"43,5212719"," -1,5218346",64,2019,30.0,5.0,2.0,4.0,2267444,1.0,1,3,1,1.0,,-1.0,0,1991.0,A01,138Â 201Â 801,2.0,8.0,-1.0,1730760,1.0,50,,0.0,0.0,0.0,A01,138Â 201Â 801,3.0
1013935,201900055466,9,14,14:00,1,1,1,1.0,6.0,61508,Route d'Orbec,M,"48,9344760","0,2118090",61,2019,80.0,3.0,1.0,3.0,2267445,1.0,1,3,1,5.0,,0.0,0,1991.0,A01,138Â 201Â 800,2.0,6.0,-1.0,1730761,1.0,33,,2.0,0.0,1.0,A01,138Â 201Â 800,1.0
1013936,201900055467,1,5,12:30,1,1,1,1.0,1.0,37153,D910,M,"47,4851180","0,7693740",37,2019,80.0,1.0,1.0,3.0,2267446,2.0,2,4,1,0.0,,0.0,0,1994.0,A01,138Â 201Â 799,1.0,-1.0,-1.0,1730762,1.0,7,,0.0,2.0,3.0,A01,138Â 201Â 799,1.0
1013936,201900055467,1,5,12:30,1,1,1,1.0,1.0,37153,D910,M,"47,4851180","0,7693740",37,2019,80.0,1.0,1.0,3.0,2267446,2.0,2,4,1,0.0,,0.0,0,1994.0,A01,138Â 201Â 799,1.0,-1.0,-1.0,1730763,2.0,7,,0.0,2.0,3.0,B01,138Â 201Â 802,1.0
1013936,201900055467,1,5,12:30,1,1,1,1.0,1.0,37153,D910,M,"47,4851180","0,7693740",37,2019,80.0,1.0,1.0,3.0,2267447,4.0,2,3,1,0.0,,0.0,0,1977.0,A01,138Â 201Â 799,1.0,-1.0,-1.0,1730762,1.0,7,,0.0,2.0,3.0,A01,138Â 201Â 799,1.0
1013936,201900055467,1,5,12:30,1,1,1,1.0,1.0,37153,D910,M,"47,4851180","0,7693740",37,2019,80.0,1.0,1.0,3.0,2267447,4.0,2,3,1,0.0,,0.0,0,1977.0,A01,138Â 201Â 799,1.0,-1.0,-1.0,1730763,2.0,7,,0.0,2.0,3.0,B01,138Â 201Â 802,1.0
1013936,201900055467,1,5,12:30,1,1,1,1.0,1.0,37153,D910,M,"47,4851180","0,7693740",37,2019,80.0,1.0,1.0,3.0,2267448,3.0,2,4,1,0.0,,0.0,0,2003.0,A01,138Â 201Â 799,1.0,-1.0,-1.0,1730762,1.0,7,,0.0,2.0,3.0,A01,138Â 201Â 799,1.0
1013936,201900055467,1,5,12:30,1,1,1,1.0,1.0,37153,D910,M,"47,4851180","0,7693740",37,2019,80.0,1.0,1.0,3.0,2267448,3.0,2,4,1,0.0,,0.0,0,2003.0,A01,138Â 201Â 799,1.0,-1.0,-1.0,1730763,2.0,7,,0.0,2.0,3.0,B01,138Â 201Â 802,1.0
1013936,201900055467,1,5,12:30,1,1,1,1.0,1.0,37153,D910,M,"47,4851180","0,7693740",37,2019,80.0,1.0,1.0,3.0,2267449,1.0,1,4,1,0.0,,0.0,0,1996.0,A01,138Â 201Â 799,1.0,-1.0,-1.0,1730762,1.0,7,,0.0,2.0,3.0,A01,138Â 201Â 799,1.0
1013936,201900055467,1,5,12:30,1,1,1,1.0,1.0,37153,D910,M,"47,4851180","0,7693740",37,2019,80.0,1.0,1.0,3.0,2267449,1.0,1,4,1,0.0,,0.0,0,1996.0,A01,138Â 201Â 799,1.0,-1.0,-1.0,1730763,2.0,7,,0.0,2.0,3.0,B01,138Â 201Â 802,1.0
1013936,201900055467,1,5,12:30,1,1,1,1.0,1.0,37153,D910,M,"47,4851180","0,7693740",37,2019,80.0,1.0,1.0,3.0,2267450,1.0,1,4,1,3.0,,0.0,0,1966.0,B01,138Â 201Â 802,1.0,-1.0,-1.0,1730762,1.0,7,,0.0,2.0,3.0,A01,138Â 201Â 799,1.0
1013936,201900055467,1,5,12:30,1,1,1,1.0,1.0,37153,D910,M,"47,4851180","0,7693740",37,2019,80.0,1.0,1.0,3.0,2267450,1.0,1,4,1,3.0,,0.0,0,1966.0,B01,138Â 201Â 802,1.0,-1.0,-1.0,1730763,2.0,7,,0.0,2.0,3.0,B01,138Â 201Â 802,1.0
1013937,201900055468,1,1,00:40,5,2,1,1.0,7.0,12300,18 avenue Etienne SouliÃ©,M,"44,3558260","2,0388290",12,2019,50.0,1.0,1.0,4.0,2267451,1.0,1,3,2,5.0,,0.0,0,1992.0,A01,138Â 201Â 797,2.0,-1.0,-1.0,1730764,3.0,2,,8.0,0.0,7.0,A01,138Â 201Â 797,6.0
1013938,201900055469,9,23,18:40,1,1,1,1.0,7.0,38269,RN85,M,"44,8997700","5,8010500",38,2019,80.0,1.0,1.0,2.0,2267452,1.0,1,3,1,5.0,,0.0,0,1993.0,A01,138Â 201Â 795,2.0,6.0,9.0,1730765,1.0,33,,0.0,0.0,0.0,A01,138Â 201Â 795,1.0
1013939,201900055470,1,5,02:35,3,1,1,1.0,2.0,81131,A68,M,"43,8845916","2,0040105",81,2019,130.0,1.0,1.0,1.0,2267453,1.0,1,1,1,4.0,,0.0,0,1975.0,B01,138Â 201Â 793,1.0,-1.0,-1.0,1730766,1.0,17,,0.0,0.0,4.0,B01,138Â 201Â 793,1.0
1013939,201900055470,1,5,02:35,3,1,1,1.0,2.0,81131,A68,M,"43,8845916","2,0040105",81,2019,130.0,1.0,1.0,1.0,2267453,1.0,1,1,1,4.0,,0.0,0,1975.0,B01,138Â 201Â 793,1.0,-1.0,-1.0,1730767,1.0,7,,0.0,2.0,1.0,A01,138Â 201Â 794,1.0
1013939,201900055470,1,5,02:35,3,1,1,1.0,2.0,81131,A68,M,"43,8845916","2,0040105",81,2019,130.0,1.0,1.0,1.0,2267454,2.0,2,4,2,5.0,,0.0,0,1999.0,A01,138Â 201Â 794,1.0,-1.0,-1.0,1730766,1.0,17,,0.0,0.0,4.0,B01,138Â 201Â 793,1.0
1013939,201900055470,1,5,02:35,3,1,1,1.0,2.0,81131,A68,M,"43,8845916","2,0040105",81,2019,130.0,1.0,1.0,1.0,2267454,2.0,2,4,2,5.0,,0.0,0,1999.0,A01,138Â 201Â 794,1.0,-1.0,-1.0,1730767,1.0,7,,0.0,2.0,1.0,A01,138Â 201Â 794,1.0
1013939,201900055470,1,5,02:35,3,1,1,1.0,2.0,81131,A68,M,"43,8845916","2,0040105",81,2019,130.0,1.0,1.0,1.0,2267455,1.0,1,1,1,5.0,,0.0,0,1975.0,A01,138Â 201Â 794,1.0,-1.0,-1.0,1730766,1.0,17,,0.0,0.0,4.0,B01,138Â 201Â 793,1.0
1013939,201900055470,1,5,02:35,3,1,1,1.0,2.0,81131,A68,M,"43,8845916","2,0040105",81,2019,130.0,1.0,1.0,1.0,2267455,1.0,1,1,1,5.0,,0.0,0,1975.0,A01,138Â 201Â 794,1.0,-1.0,-1.0,1730767,1.0,7,,0.0,2.0,1.0,A01,138Â 201Â 794,1.0
1013940,201900055471,9,23,08:45,1,1,1,8.0,6.0,58134,Bois de LandrÃ©,M,"46,9554720","3,2918400",58,2019,80.0,8.0,2.0,3.0,2267456,1.0,1,3,1,2.0,,0.0,0,1997.0,A01,138Â 201Â 792,1.0,-1.0,-1.0,1730768,2.0,7,,2.0,0.0,0.0,A01,138Â 201Â 792,1.0
1013941,201900055472,1,1,05:15,5,2,1,1.0,1.0,2A249,RT402,M,"41,6688085","8,9209281",2A,2019,50.0,1.0,1.0,2.0,2267457,1.0,1,3,1,5.0,,0.0,0,1995.0,A01,138Â 201Â 788,1.0,-1.0,-1.0,1730769,1.0,7,,0.0,2.0,1.0,A01,138Â 201Â 788,1.0
1013941,201900055472,1,1,05:15,5,2,1,1.0,1.0,2A249,RT402,M,"41,6688085","8,9209281",2A,2019,50.0,1.0,1.0,2.0,2267457,1.0,1,3,1,5.0,,0.0,0,1995.0,A01,138Â 201Â 788,1.0,-1.0,-1.0,1730770,1.0,7,,0.0,2.0,1.0,B01,138Â 201Â 790,1.0
1013941,201900055472,1,1,05:15,5,2,1,1.0,1.0,2A249,RT402,M,"41,6688085","8,9209281",2A,2019,50.0,1.0,1.0,2.0,2267458,9.0,2,4,2,5.0,,0.0,0,2000.0,A01,138Â 201Â 788,1.0,-1.0,-1.0,1730769,1.0,7,,0.0,2.0,1.0,A01,138Â 201Â 788,1.0
1013941,201900055472,1,1,05:15,5,2,1,1.0,1.0,2A249,RT402,M,"41,6688085","8,9209281",2A,2019,50.0,1.0,1.0,2.0,2267458,9.0,2,4,2,5.0,,0.0,0,2000.0,A01,138Â 201Â 788,1.0,-1.0,-1.0,1730770,1.0,7,,0.0,2.0,1.0,B01,138Â 201Â 790,1.0
1013941,201900055472,1,1,05:15,5,2,1,1.0,1.0,2A249,RT402,M,"41,6688085","8,9209281",2A,2019,50.0,1.0,1.0,2.0,2267459,5.0,2,1,1,5.0,,0.0,0,2004.0,A01,138Â 201Â 788,0.0,-1.0,-1.0,1730769,1.0,7,,0.0,2.0,1.0,A01,138Â 201Â 788,1.0
1013941,201900055472,1,1,05:15,5,2,1,1.0,1.0,2A249,RT402,M,"41,6688085","8,9209281",2A,2019,50.0,1.0,1.0,2.0,2267459,5.0,2,1,1,5.0,,0.0,0,2004.0,A01,138Â 201Â 788,0.0,-1.0,-1.0,1730770,1.0,7,,0.0,2.0,1.0,B01,138Â 201Â 790,1.0
1013941,201900055472,1,1,05:15,5,2,1,1.0,1.0,2A249,RT402,M,"41,6688085","8,9209281",2A,2019,50.0,1.0,1.0,2.0,2267460,8.0,2,4,2,5.0,,0.0,0,2000.0,A01,138Â 201Â 788,0.0,-1.0,-1.0,1730769,1.0,7,,0.0,2.0,1.0,A01,138Â 201Â 788,1.0
1013941,201900055472,1,1,05:15,5,2,1,1.0,1.0,2A249,RT402,M,"41,6688085","8,9209281",2A,2019,50.0,1.0,1.0,2.0,2267460,8.0,2,4,2,5.0,,0.0,0,2000.0,A01,138Â 201Â 788,0.0,-1.0,-1.0,1730770,1.0,7,,0.0,2.0,1.0,B01,138Â 201Â 790,1.0
1013941,201900055472,1,1,05:15,5,2,1,1.0,1.0,2A249,RT402,M,"41,6688085","8,9209281",2A,2019,50.0,1.0,1.0,2.0,2267461,7.0,2,4,2,5.0,,0.0,0,2000.0,A01,138Â 201Â 788,0.0,-1.0,-1.0,1730769,1.0,7,,0.0,2.0,1.0,A01,138Â 201Â 788,1.0
1013941,201900055472,1,1,05:15,5,2,1,1.0,1.0,2A249,RT402,M,"41,6688085","8,9209281",2A,2019,50.0,1.0,1.0,2.0,2267461,7.0,2,4,2,5.0,,0.0,0,2000.0,A01,138Â 201Â 788,0.0,-1.0,-1.0,1730770,1.0,7,,0.0,2.0,1.0,B01,138Â 201Â 790,1.0
1013941,201900055472,1,1,05:15,5,2,1,1.0,1.0,2A249,RT402,M,"41,6688085","8,9209281",2A,2019,50.0,1.0,1.0,2.0,2267462,2.0,2,4,1,5.0,,0.0,0,2000.0,A01,138Â 201Â 788,1.0,-1.0,-1.0,1730769,1.0,7,,0.0,2.0,1.0,A01,138Â 201Â 788,1.0
1013941,201900055472,1,1,05:15,5,2,1,1.0,1.0,2A249,RT402,M,"41,6688085","8,9209281",2A,2019,50.0,1.0,1.0,2.0,2267462,2.0,2,4,1,5.0,,0.0,0,2000.0,A01,138Â 201Â 788,1.0,-1.0,-1.0,1730770,1.0,7,,0.0,2.0,1.0,B01,138Â 201Â 790,1.0
1013941,201900055472,1,1,05:15,5,2,1,1.0,1.0,2A249,RT402,M,"41,6688085","8,9209281",2A,2019,50.0,1.0,1.0,2.0,2267463,1.0,1,1,1,5.0,,0.0,0,1995.0,B01,138Â 201Â 790,1.0,-1.0,-1.0,1730769,1.0,7,,0.0,2.0,1.0,A01,138Â 201Â 788,1.0
1013941,201900055472,1,1,05:15,5,2,1,1.0,1.0,2A249,RT402,M,"41,6688085","8,9209281",2A,2019,50.0,1.0,1.0,2.0,2267463,1.0,1,1,1,5.0,,0.0,0,1995.0,B01,138Â 201Â 790,1.0,-1.0,-1.0,1730770,1.0,7,,0.0,2.0,1.0,B01,138Â 201Â 790,1.0
1013942,201900055473,9,23,18:00,1,1,1,8.0,3.0,72341,La Roche,M,"48,0182330","0,4645970",72,2019,70.0,1.0,2.0,3.0,2267464,9.0,2,4,2,0.0,,0.0,0,2008.0,B01,138Â 201Â 786,1.0,-1.0,-1.0,1730771,1.0,7,,0.0,2.0,1.0,B01,138Â 201Â 786,1.0
1013942,201900055473,9,23,18:00,1,1,1,8.0,3.0,72341,La Roche,M,"48,0182330","0,4645970",72,2019,70.0,1.0,2.0,3.0,2267464,9.0,2,4,2,0.0,,0.0,0,2008.0,B01,138Â 201Â 786,1.0,-1.0,-1.0,1730772,1.0,7,,0.0,2.0,7.0,A01,138Â 201Â 787,1.0
1013942,201900055473,9,23,18:00,1,1,1,8.0,3.0,72341,La Roche,M,"48,0182330","0,4645970",72,2019,70.0,1.0,2.0,3.0,2267465,1.0,1,1,1,0.0,,0.0,0,1979.0,B01,138Â 201Â 786,1.0,-1.0,-1.0,1730771,1.0,7,,0.0,2.0,1.0,B01,138Â 201Â 786,1.0
1013942,201900055473,9,23,18:00,1,1,1,8.0,3.0,72341,La Roche,M,"48,0182330","0,4645970",72,2019,70.0,1.0,2.0,3.0,2267465,1.0,1,1,1,0.0,,0.0,0,1979.0,B01,138Â 201Â 786,1.0,-1.0,-1.0,1730772,1.0,7,,0.0,2.0,7.0,A01,138Â 201Â 787,1.0
1013942,201900055473,9,23,18:00,1,1,1,8.0,3.0,72341,La Roche,M,"48,0182330","0,4645970",72,2019,70.0,1.0,2.0,3.0,2267466,1.0,1,4,2,0.0,,0.0,0,1990.0,A01,138Â 201Â 787,1.0,-1.0,-1.0,1730771,1.0,7,,0.0,2.0,1.0,B01,138Â 201Â 786,1.0
1013942,201900055473,9,23,18:00,1,1,1,8.0,3.0,72341,La Roche,M,"48,0182330","0,4645970",72,2019,70.0,1.0,2.0,3.0,2267466,1.0,1,4,2,0.0,,0.0,0,1990.0,A01,138Â 201Â 787,1.0,-1.0,-1.0,1730772,1.0,7,,0.0,2.0,7.0,A01,138Â 201Â 787,1.0
1013943,201900055474,1,4,15:30,1,1,1,1.0,6.0,26294,Route de Gaudillan,M,"45,0763150","4,9862590",26,2019,80.0,1.0,1.0,4.0,2267467,2.0,2,1,2,5.0,,0.0,0,1977.0,A01,138Â 201Â 785,1.0,-1.0,-1.0,1730773,3.0,7,,0.0,1.0,1.0,A01,138Â 201Â 785,6.0
1013943,201900055474,1,4,15:30,1,1,1,1.0,6.0,26294,Route de Gaudillan,M,"45,0763150","4,9862590",26,2019,80.0,1.0,1.0,4.0,2267468,1.0,1,1,2,5.0,,0.0,0,2002.0,A01,138Â 201Â 785,1.0,-1.0,-1.0,1730773,3.0,7,,0.0,1.0,1.0,A01,138Â 201Â 785,6.0
1013943,201900055474,1,4,15:30,1,1,1,1.0,6.0,26294,Route de Gaudillan,M,"45,0763150","4,9862590",26,2019,80.0,1.0,1.0,4.0,2267469,10.0,3,4,2,5.0,,6.0,3,1986.0,A01,138Â 201Â 785,0.0,-1.0,-1.0,1730773,3.0,7,,0.0,1.0,1.0,A01,138Â 201Â 785,6.0
1013944,201900055475,9,23,23:00,3,1,1,1.0,6.0,14399,D579,M,"49,2629650","0,2174740",14,2019,90.0,3.0,2.0,3.0,2267470,1.0,1,3,1,1.0,,0.0,0,1999.0,A01,138Â 201Â 784,1.0,-1.0,-1.0,1730774,1.0,7,,3.0,0.0,3.0,A01,138Â 201Â 784,1.0
1013945,201900055476,1,1,16:10,1,1,1,1.0,7.0,66172,A9 PK 250+697,M,"42,7038840","2,8654010",66,2019,130.0,1.0,1.0,1.0,2267471,1.0,1,4,1,5.0,,0.0,0,1988.0,A01,138Â 201Â 783,1.0,-1.0,-1.0,1730775,2.0,7,,3.0,0.0,1.0,A01,138Â 201Â 783,1.0
1013945,201900055476,1,1,16:10,1,1,1,1.0,7.0,66172,A9 PK 250+697,M,"42,7038840","2,8654010",66,2019,130.0,1.0,1.0,1.0,2267472,2.0,2,3,2,4.0,,0.0,0,1994.0,A01,138Â 201Â 783,1.0,-1.0,-1.0,1730775,2.0,7,,3.0,0.0,1.0,A01,138Â 201Â 783,1.0
1013946,201900055477,8,24,19:50,1,1,1,1.0,6.0,83135,,M,"43,5933760","6,0163890",83,2019,80.0,3.0,1.0,3.0,2267473,1.0,1,3,1,0.0,,0.0,0,1988.0,A01,138Â 201Â 782,0.0,-1.0,-1.0,1730776,2.0,7,,6.0,0.0,1.0,A01,138Â 201Â 782,1.0
1013947,201900055478,1,4,17:15,2,2,1,1.0,3.0,01004,Avenue de la libÃ©ration,M,"45,9663710","5,3382940",1,2019,50.0,1.0,1.0,4.0,2267474,1.0,1,1,2,0.0,,0.0,0,1988.0,B01,138Â 201Â 780,1.0,-1.0,-1.0,1730777,3.0,7,,0.0,2.0,1.0,B01,138Â 201Â 780,1.0
1013947,201900055478,1,4,17:15,2,2,1,1.0,3.0,01004,Avenue de la libÃ©ration,M,"45,9663710","5,3382940",1,2019,50.0,1.0,1.0,4.0,2267474,1.0,1,1,2,0.0,,0.0,0,1988.0,B01,138Â 201Â 780,1.0,-1.0,-1.0,1730778,3.0,2,,0.0,2.0,8.0,A01,138Â 201Â 781,1.0