Unnamed: 0_x,num_acc,mois,jour,hrmn,lum,agg,int,atm,col,com,adr,gps,lat,long,dep,annee,vma,situ,surf,catr,Unnamed: 0_y,place,catu,grav,sexe,trajet,secu,locp,actp,an_nais,num_veh_x,id_vehicule_x,secu1,secu2,secu3,Unnamed: 0,senc,catv,occutc,obs,obsm,choc,num_veh_y,id_vehicule_y,motor
1013947,201900055478,1,4,17:15,2,2,1,1.0,3.0,01004,Avenue de la libÃ©ration,M,"45,9663710","5,3382940",1,2019,50.0,1.0,1.0,4.0,2267475,1.0,1,3,2,0.0,,0.0,0,2001.0,A01,138Â 201Â 781,2.0,6.0,9.0,1730777,3.0,7,,0.0,2.0,1.0,B01,138Â 201Â 780,1.0
1013947,201900055478,1,4,17:15,2,2,1,1.0,3.0,01004,Avenue de la libÃ©ration,M,"45,9663710","5,3382940",1,2019,50.0,1.0,1.0,4.0,2267475,1.0,1,3,2,0.0,,0.0,0,2001.0,A01,138Â 201Â 781,2.0,6.0,9.0,1730778,3.0,2,,0.0,2.0,8.0,A01,138Â 201Â 781,1.0
1013948,201900055479,9,23,09:55,1,1,1,1.0,7.0,60636,RD 932,M,"49,4875470","2,8725560",60,2019,50.0,3.0,1.0,3.0,2267476,1.0,1,4,1,4.0,,0.0,0,1960.0,A01,138Â 201Â 779,1.0,-1.0,-1.0,1730779,1.0,15,,13.0,0.0,2.0,A01,138Â 201Â 779,1.0
1013949,201900055480,9,14,11:00,1,2,1,1.0,6.0,43062,Fontannes,M,"45,0679540","3,7733630",43,2019,50.0,1.0,1.0,4.0,2267477,1.0,1,3,1,5.0,,0.0,0,1948.0,A01,138Â 201Â 777,2.0,-1.0,-1.0,1730780,3.0,1,,0.0,5.0,1.0,A01,138Â 201Â 777,5.0
1013950,201900055481,1,4,14:00,1,1,1,1.0,2.0,80332,.,M,"50,2335690","1,7518840",80,2019,130.0,1.0,1.0,1.0,2267478,2.0,2,1,2,5.0,,0.0,0,1946.0,B01,138Â 201Â 776,1.0,-1.0,-1.0,1730781,2.0,10,,0.0,2.0,4.0,B01,138Â 201Â 776,0.0
1013950,201900055481,1,4,14:00,1,1,1,1.0,2.0,80332,.,M,"50,2335690","1,7518840",80,2019,130.0,1.0,1.0,1.0,2267478,2.0,2,1,2,5.0,,0.0,0,1946.0,B01,138Â 201Â 776,1.0,-1.0,-1.0,1730782,2.0,7,,4.0,2.0,8.0,A01,138Â 201Â 778,0.0
1013950,201900055481,1,4,14:00,1,1,1,1.0,2.0,80332,.,M,"50,2335690","1,7518840",80,2019,130.0,1.0,1.0,1.0,2267479,1.0,1,1,1,5.0,,0.0,0,1944.0,B01,138Â 201Â 776,1.0,-1.0,-1.0,1730781,2.0,10,,0.0,2.0,4.0,B01,138Â 201Â 776,0.0
1013950,201900055481,1,4,14:00,1,1,1,1.0,2.0,80332,.,M,"50,2335690","1,7518840",80,2019,130.0,1.0,1.0,1.0,2267479,1.0,1,1,1,5.0,,0.0,0,1944.0,B01,138Â 201Â 776,1.0,-1.0,-1.0,1730782,2.0,7,,4.0,2.0,8.0,A01,138Â 201Â 778,0.0
1013950,201900055481,1,4,14:00,1,1,1,1.0,2.0,80332,.,M,"50,2335690","1,7518840",80,2019,130.0,1.0,1.0,1.0,2267480,1.0,1,1,1,5.0,,0.0,0,1984.0,A01,138Â 201Â 778,1.0,-1.0,-1.0,1730781,2.0,10,,0.0,2.0,4.0,B01,138Â 201Â 776,0.0
1013950,201900055481,1,4,14:00,1,1,1,1.0,2.0,80332,.,M,"50,2335690","1,7518840",80,2019,130.0,1.0,1.0,1.0,2267480,1.0,1,1,1,5.0,,0.0,0,1984.0,A01,138Â 201Â 778,1.0,-1.0,-1.0,1730782,2.0,7,,4.0,2.0,8.0,A01,138Â 201Â 778,0.0
1013950,201900055481,1,4,14:00,1,1,1,1.0,2.0,80332,.,M,"50,2335690","1,7518840",80,2019,130.0,1.0,1.0,1.0,2267481,2.0,2,4,2,5.0,,0.0,0,1985.0,A01,138Â 201Â 778,1.0,-1.0,-1.0,1730781,2.0,10,,0.0,2.0,4.0,B01,138Â 201Â 776,0.0
1013950,201900055481,1,4,14:00,1,1,1,1.0,2.0,80332,.,M,"50,2335690","1,7518840",80,2019,130.0,1.0,1.0,1.0,2267481,2.0,2,4,2,5.0,,0.0,0,1985.0,A01,138Â 201Â 778,1.0,-1.0,-1.0,1730782,2.0,7,,4.0,2.0,8.0,A01,138Â 201Â 778,0.0
1013950,201900055481,1,4,14:00,1,1,1,1.0,2.0,80332,.,M,"50,2335690","1,7518840",80,2019,130.0,1.0,1.0,1.0,2267482,9.0,2,1,2,5.0,,0.0,0,2008.0,A01,138Â 201Â 778,1.0,-1.0,-1.0,1730781,2.0,10,,0.0,2.0,4.0,B01,138Â 201Â 776,0.0
1013950,201900055481,1,4,14:00,1,1,1,1.0,2.0,80332,.,M,"50,2335690","1,7518840",80,2019,130.0,1.0,1.0,1.0,2267482,9.0,2,1,2,5.0,,0.0,0,2008.0,A01,138Â 201Â 778,1.0,-1.0,-1.0,1730782,2.0,7,,4.0,2.0,8.0,A01,138Â 201Â 778,0.0
1013951,201900055482,1,1,20:30,5,2,3,1.0,7.0,97353,rue LÃ©onard Domerger,M,"3,6435651"," -54,0317488",973,2019,50.0,1.0,1.0,4.0,2267483,1.0,1,4,1,0.0,,0.0,0,1999.0,A01,138Â 201Â 773,0.0,-1.0,-1.0,1730783,3.0,2,,0.0,0.0,0.0,A01,138Â 201Â 773,1.0
1013952,201900055483,9,23,15:00,1,2,6,1.0,3.0,53097,Boulevard Foch,M,"48,1505730"," -0,3959250",53,2019,50.0,1.0,1.0,4.0,2267484,1.0,1,1,2,5.0,,0.0,0,1946.0,B01,138Â 201Â 774,1.0,-1.0,-1.0,1730784,3.0,7,,0.0,9.0,1.0,B01,138Â 201Â 774,0.0
1013952,201900055483,9,23,15:00,1,2,6,1.0,3.0,53097,Boulevard Foch,M,"48,1505730"," -0,3959250",53,2019,50.0,1.0,1.0,4.0,2267484,1.0,1,1,2,5.0,,0.0,0,1946.0,B01,138Â 201Â 774,1.0,-1.0,-1.0,1730785,3.0,1,,0.0,2.0,7.0,A01,138Â 201Â 775,5.0
1013952,201900055483,9,23,15:00,1,2,6,1.0,3.0,53097,Boulevard Foch,M,"48,1505730"," -0,3959250",53,2019,50.0,1.0,1.0,4.0,2267485,1.0,1,4,1,5.0,,0.0,0,1964.0,A01,138Â 201Â 775,0.0,-1.0,-1.0,1730784,3.0,7,,0.0,9.0,1.0,B01,138Â 201Â 774,0.0
1013952,201900055483,9,23,15:00,1,2,6,1.0,3.0,53097,Boulevard Foch,M,"48,1505730"," -0,3959250",53,2019,50.0,1.0,1.0,4.0,2267485,1.0,1,4,1,5.0,,0.0,0,1964.0,A01,138Â 201Â 775,0.0,-1.0,-1.0,1730785,3.0,1,,0.0,2.0,7.0,A01,138Â 201Â 775,5.0
1013953,201900055484,1,2,11:45,1,1,1,1.0,6.0,84088,NÂ°4268 route de mazan,M,"44,0192313","5,0836834",84,2019,80.0,3.0,1.0,3.0,2267486,1.0,1,2,1,3.0,,0.0,0,1943.0,A01,138Â 201Â 771,1.0,-1.0,-1.0,1730786,1.0,7,,2.0,0.0,1.0,A01,138Â 201Â 771,1.0
1013954,201900055485,9,14,11:00,1,1,3,1.0,1.0,40248,D54,M,"43,5682290"," -1,3606240",40,2019,50.0,1.0,1.0,3.0,2267487,1.0,1,1,2,5.0,,0.0,0,1969.0,B01,138Â 201Â 770,1.0,-1.0,-1.0,1730787,2.0,10,,0.0,2.0,3.0,B01,138Â 201Â 770,1.0
1013954,201900055485,9,14,11:00,1,1,3,1.0,1.0,40248,D54,M,"43,5682290"," -1,3606240",40,2019,50.0,1.0,1.0,3.0,2267487,1.0,1,1,2,5.0,,0.0,0,1969.0,B01,138Â 201Â 770,1.0,-1.0,-1.0,1730788,1.0,2,,0.0,2.0,1.0,A01,138Â 201Â 772,1.0
1013954,201900055485,9,14,11:00,1,1,3,1.0,1.0,40248,D54,M,"43,5682290"," -1,3606240",40,2019,50.0,1.0,1.0,3.0,2267488,1.0,1,3,1,5.0,,0.0,0,2003.0,A01,138Â 201Â 772,2.0,6.0,-1.0,1730787,2.0,10,,0.0,2.0,3.0,B01,138Â 201Â 770,1.0
1013954,201900055485,9,14,11:00,1,1,3,1.0,1.0,40248,D54,M,"43,5682290"," -1,3606240",40,2019,50.0,1.0,1.0,3.0,2267488,1.0,1,3,1,5.0,,0.0,0,2003.0,A01,138Â 201Â 772,2.0,6.0,-1.0,1730788,1.0,2,,0.0,2.0,1.0,A01,138Â 201Â 772,1.0
1013955,201900055486,1,5,07:00,3,2,1,1.0,6.0,41194,12 rue Georges ClÃ©menceau,M,"47,3583340","1,7445100",41,2019,30.0,4.0,1.0,4.0,2267489,1.0,1,1,1,0.0,,0.0,0,1990.0,A01,138Â 201Â 769,1.0,-1.0,-1.0,1730789,0.0,7,,9.0,0.0,3.0,A01,138Â 201Â 769,0.0
1013955,201900055486,1,5,07:00,3,2,1,1.0,6.0,41194,12 rue Georges ClÃ©menceau,M,"47,3583340","1,7445100",41,2019,30.0,4.0,1.0,4.0,2267490,2.0,2,4,1,0.0,,0.0,0,1999.0,A01,138Â 201Â 769,1.0,-1.0,-1.0,1730789,0.0,7,,9.0,0.0,3.0,A01,138Â 201Â 769,0.0
1013956,201900055487,10,25,02:45,5,2,1,1.0,7.0,64102,MAUBEC (RUE),M,"43,5007950"," -1,4669710",64,2019,50.0,4.0,3.0,4.0,2267491,1.0,1,1,1,5.0,,0.0,0,2000.0,A01,138Â 201Â 791,1.0,0.0,-1.0,1730790,1.0,10,,12.0,1.0,7.0,A01,138Â 201Â 791,0.0
1013956,201900055487,10,25,02:45,5,2,1,1.0,7.0,64102,MAUBEC (RUE),M,"43,5007950"," -1,4669710",64,2019,50.0,4.0,3.0,4.0,2267492,10.0,3,2,1,5.0,,5.0,1,2000.0,A01,138Â 201Â 791,8.0,0.0,-1.0,1730790,1.0,10,,12.0,1.0,7.0,A01,138Â 201Â 791,0.0
1013957,201900055488,8,7,11:10,1,2,1,1.0,7.0,24547,Rue du Gouverneur GÃ©nÃ©ral Cournarie,M,"45,1289700","1,3024700",24,2019,50.0,1.0,1.0,3.0,2267493,1.0,1,1,1,4.0,,0.0,0,1991.0,A01,138Â 201Â 768,0.0,1.0,-1.0,1730791,2.0,10,,0.0,1.0,3.0,A01,138Â 201Â 768,6.0
1013957,201900055488,8,7,11:10,1,2,1,1.0,7.0,24547,Rue du Gouverneur GÃ©nÃ©ral Cournarie,M,"45,1289700","1,3024700",24,2019,50.0,1.0,1.0,3.0,2267494,10.0,3,3,1,0.0,,1.0,3,1935.0,A01,138Â 201Â 768,0.0,-1.0,-1.0,1730791,2.0,10,,0.0,1.0,3.0,A01,138Â 201Â 768,6.0
1013958,201900055489,1,2,14:35,1,1,2,1.0,3.0,86166,D6 PK 12+800,M,"46,5653270","0,1535130",86,2019,80.0,1.0,1.0,3.0,2267495,1.0,1,2,1,5.0,,0.0,0,1961.0,B01,138Â 201Â 765,2.0,6.0,-1.0,1730792,2.0,33,,0.0,2.0,1.0,B01,138Â 201Â 765,1.0
1013958,201900055489,1,2,14:35,1,1,2,1.0,3.0,86166,D6 PK 12+800,M,"46,5653270","0,1535130",86,2019,80.0,1.0,1.0,3.0,2267495,1.0,1,2,1,5.0,,0.0,0,1961.0,B01,138Â 201Â 765,2.0,6.0,-1.0,1730793,1.0,21,,0.0,2.0,2.0,A01,138Â 201Â 767,1.0
1013958,201900055489,1,2,14:35,1,1,2,1.0,3.0,86166,D6 PK 12+800,M,"46,5653270","0,1535130",86,2019,80.0,1.0,1.0,3.0,2267496,1.0,1,1,1,4.0,,0.0,0,1983.0,A01,138Â 201Â 767,0.0,-1.0,-1.0,1730792,2.0,33,,0.0,2.0,1.0,B01,138Â 201Â 765,1.0
1013958,201900055489,1,2,14:35,1,1,2,1.0,3.0,86166,D6 PK 12+800,M,"46,5653270","0,1535130",86,2019,80.0,1.0,1.0,3.0,2267496,1.0,1,1,1,4.0,,0.0,0,1983.0,A01,138Â 201Â 767,0.0,-1.0,-1.0,1730793,1.0,21,,0.0,2.0,2.0,A01,138Â 201Â 767,1.0
1013959,201900055490,2,9,21:50,3,1,1,1.0,1.0,04122,RN85 - Tarelle,M,"44,0328870","6,0930710",4,2019,80.0,1.0,1.0,2.0,2267497,1.0,1,1,1,5.0,,0.0,0,1981.0,A01,138Â 201Â 763,8.0,-1.0,-1.0,1730794,1.0,7,,0.0,2.0,3.0,A01,138Â 201Â 763,1.0
1013959,201900055490,2,9,21:50,3,1,1,1.0,1.0,04122,RN85 - Tarelle,M,"44,0328870","6,0930710",4,2019,80.0,1.0,1.0,2.0,2267497,1.0,1,1,1,5.0,,0.0,0,1981.0,A01,138Â 201Â 763,8.0,-1.0,-1.0,1730795,2.0,7,,0.0,2.0,8.0,B01,138Â 201Â 764,1.0
1013959,201900055490,2,9,21:50,3,1,1,1.0,1.0,04122,RN85 - Tarelle,M,"44,0328870","6,0930710",4,2019,80.0,1.0,1.0,2.0,2267498,1.0,1,4,2,1.0,,0.0,0,1960.0,B01,138Â 201Â 764,1.0,-1.0,-1.0,1730794,1.0,7,,0.0,2.0,3.0,A01,138Â 201Â 763,1.0
1013959,201900055490,2,9,21:50,3,1,1,1.0,1.0,04122,RN85 - Tarelle,M,"44,0328870","6,0930710",4,2019,80.0,1.0,1.0,2.0,2267498,1.0,1,4,2,1.0,,0.0,0,1960.0,B01,138Â 201Â 764,1.0,-1.0,-1.0,1730795,2.0,7,,0.0,2.0,8.0,B01,138Â 201Â 764,1.0
1013960,201900055491,9,23,23:10,3,2,1,2.0,6.0,27067,D14B,M,"49,2880560","1,7203730",27,2019,50.0,3.0,1.0,3.0,2267499,1.0,1,3,1,3.0,,0.0,0,1986.0,A01,138Â 201Â 761,8.0,-1.0,-1.0,1730796,3.0,7,,15.0,0.0,9.0,A01,138Â 201Â 761,1.0
1013960,201900055491,9,23,23:10,3,2,1,2.0,6.0,27067,D14B,M,"49,2880560","1,7203730",27,2019,50.0,3.0,1.0,3.0,2267500,2.0,2,4,1,3.0,,0.0,0,2000.0,A01,138Â 201Â 761,8.0,-1.0,-1.0,1730796,3.0,7,,15.0,0.0,9.0,A01,138Â 201Â 761,1.0
1013961,201900055492,1,1,02:00,3,1,1,1.0,1.0,74238,D 902 ROUTE DES GRANDES ALPES,M,"46,2227787","6,6635560",74,2019,80.0,1.0,1.0,3.0,2267501,2.0,1,3,1,1.0,,0.0,0,1968.0,B01,138Â 201Â 760,1.0,-1.0,-1.0,1730797,2.0,7,,0.0,2.0,2.0,B01,138Â 201Â 760,1.0
1013961,201900055492,1,1,02:00,3,1,1,1.0,1.0,74238,D 902 ROUTE DES GRANDES ALPES,M,"46,2227787","6,6635560",74,2019,80.0,1.0,1.0,3.0,2267501,2.0,1,3,1,1.0,,0.0,0,1968.0,B01,138Â 201Â 760,1.0,-1.0,-1.0,1730798,1.0,7,,4.0,2.0,2.0,A01,138Â 201Â 762,1.0
1013961,201900055492,1,1,02:00,3,1,1,1.0,1.0,74238,D 902 ROUTE DES GRANDES ALPES,M,"46,2227787","6,6635560",74,2019,80.0,1.0,1.0,3.0,2267502,2.0,1,1,1,5.0,,0.0,0,1989.0,A01,138Â 201Â 762,1.0,-1.0,-1.0,1730797,2.0,7,,0.0,2.0,2.0,B01,138Â 201Â 760,1.0
1013961,201900055492,1,1,02:00,3,1,1,1.0,1.0,74238,D 902 ROUTE DES GRANDES ALPES,M,"46,2227787","6,6635560",74,2019,80.0,1.0,1.0,3.0,2267502,2.0,1,1,1,5.0,,0.0,0,1989.0,A01,138Â 201Â 762,1.0,-1.0,-1.0,1730798,1.0,7,,4.0,2.0,2.0,A01,138Â 201Â 762,1.0
1013962,201900055493,9,24,08:05,1,1,1,2.0,7.0,37234,Les Piaux,M,"47,1958211","1,0285369",37,2019,80.0,3.0,2.0,3.0,2267503,1.0,1,4,1,4.0,,0.0,0,1988.0,A01,138Â 201Â 759,1.0,-1.0,-1.0,1730799,2.0,7,,15.0,0.0,2.0,A01,138Â 201Â 759,1.0
1013962,201900055493,9,24,08:05,1,1,1,2.0,7.0,37234,Les Piaux,M,"47,1958211","1,0285369",37,2019,80.0,3.0,2.0,3.0,2267504,6.0,2,4,2,4.0,,0.0,0,1999.0,A01,138Â 201Â 759,1.0,-1.0,-1.0,1730799,2.0,7,,15.0,0.0,2.0,A01,138Â 201Â 759,1.0
1013962,201900055493,9,24,08:05,1,1,1,2.0,7.0,37234,Les Piaux,M,"47,1958211","1,0285369",37,2019,80.0,3.0,2.0,3.0,2267505,2.0,2,4,2,4.0,,0.0,0,1982.0,A01,138Â 201Â 759,1.0,-1.0,-1.0,1730799,2.0,7,,15.0,0.0,2.0,A01,138Â 201Â 759,1.0
1013963,201900055494,1,1,13:00,1,2,6,1.0,3.0,42338,AIGUILLY,M,"46,0742700","4,0992730",42,2019,80.0,1.0,2.0,3.0,2267506,1.0,1,4,1,5.0,,0.0,0,1981.0,A01,138Â 201Â 755,8.0,-1.0,-1.0,1730800,2.0,7,,0.0,2.0,1.0,A01,138Â 201Â 755,1.0
1013963,201900055494,1,1,13:00,1,2,6,1.0,3.0,42338,AIGUILLY,M,"46,0742700","4,0992730",42,2019,80.0,1.0,2.0,3.0,2267506,1.0,1,4,1,5.0,,0.0,0,1981.0,A01,138Â 201Â 755,8.0,-1.0,-1.0,1730801,2.0,7,,1.0,0.0,6.0,B01,138Â 201Â 758,1.0
1013963,201900055494,1,1,13:00,1,2,6,1.0,3.0,42338,AIGUILLY,M,"46,0742700","4,0992730",42,2019,80.0,1.0,2.0,3.0,2267507,7.0,2,4,1,5.0,,0.0,0,2015.0,B01,138Â 201Â 758,3.0,-1.0,-1.0,1730800,2.0,7,,0.0,2.0,1.0,A01,138Â 201Â 755,1.0
1013963,201900055494,1,1,13:00,1,2,6,1.0,3.0,42338,AIGUILLY,M,"46,0742700","4,0992730",42,2019,80.0,1.0,2.0,3.0,2267507,7.0,2,4,1,5.0,,0.0,0,2015.0,B01,138Â 201Â 758,3.0,-1.0,-1.0,1730801,2.0,7,,1.0,0.0,6.0,B01,138Â 201Â 758,1.0
1013963,201900055494,1,1,13:00,1,2,6,1.0,3.0,42338,AIGUILLY,M,"46,0742700","4,0992730",42,2019,80.0,1.0,2.0,3.0,2267508,1.0,1,4,1,5.0,,0.0,0,1975.0,B01,138Â 201Â 758,1.0,-1.0,-1.0,1730800,2.0,7,,0.0,2.0,1.0,A01,138Â 201Â 755,1.0
1013963,201900055494,1,1,13:00,1,2,6,1.0,3.0,42338,AIGUILLY,M,"46,0742700","4,0992730",42,2019,80.0,1.0,2.0,3.0,2267508,1.0,1,4,1,5.0,,0.0,0,1975.0,B01,138Â 201Â 758,1.0,-1.0,-1.0,1730801,2.0,7,,1.0,0.0,6.0,B01,138Â 201Â 758,1.0
1013963,201900055494,1,1,13:00,1,2,6,1.0,3.0,42338,AIGUILLY,M,"46,0742700","4,0992730",42,2019,80.0,1.0,2.0,3.0,2267509,9.0,2,4,1,5.0,,0.0,0,2012.0,B01,138Â 201Â 758,3.0,-1.0,-1.0,1730800,2.0,7,,0.0,2.0,1.0,A01,138Â 201Â 755,1.0
1013963,201900055494,1,1,13:00,1,2,6,1.0,3.0,42338,AIGUILLY,M,"46,0742700","4,0992730",42,2019,80.0,1.0,2.0,3.0,2267509,9.0,2,4,1,5.0,,0.0,0,2012.0,B01,138Â 201Â 758,3.0,-1.0,-1.0,1730801,2.0,7,,1.0,0.0,6.0,B01,138Â 201Â 758,1.0
1013964,201900055495,1,1,07:15,3,1,1,5.0,6.0,31512,LE COURANJOU,M,"43,5565420","1,6242040",31,2019,90.0,3.0,2.0,3.0,2267510,1.0,1,1,1,5.0,,0.0,0,2000.0,A01,138Â 201Â 753,1.0,-1.0,-1.0,1730802,2.0,10,,2.0,0.0,1.0,A01,138Â 201Â 753,1.0
1013964,201900055495,1,1,07:15,3,1,1,5.0,6.0,31512,LE COURANJOU,M,"43,5565420","1,6242040",31,2019,90.0,3.0,2.0,3.0,2267511,2.0,2,1,1,5.0,,0.0,0,2002.0,A01,138Â 201Â 753,1.0,-1.0,-1.0,1730802,2.0,10,,2.0,0.0,1.0,A01,138Â 201Â 753,1.0
1013964,201900055495,1,1,07:15,3,1,1,5.0,6.0,31512,LE COURANJOU,M,"43,5565420","1,6242040",31,2019,90.0,3.0,2.0,3.0,2267512,5.0,2,4,2,5.0,,0.0,0,2002.0,A01,138Â 201Â 753,1.0,-1.0,-1.0,1730802,2.0,10,,2.0,0.0,1.0,A01,138Â 201Â 753,1.0
1013964,201900055495,1,1,07:15,3,1,1,5.0,6.0,31512,LE COURANJOU,M,"43,5565420","1,6242040",31,2019,90.0,3.0,2.0,3.0,2267513,3.0,2,3,1,5.0,,0.0,0,2001.0,A01,138Â 201Â 753,1.0,-1.0,-1.0,1730802,2.0,10,,2.0,0.0,1.0,A01,138Â 201Â 753,1.0
1013964,201900055495,1,1,07:15,3,1,1,5.0,6.0,31512,LE COURANJOU,M,"43,5565420","1,6242040",31,2019,90.0,3.0,2.0,3.0,2267514,4.0,2,4,2,5.0,,0.0,0,2002.0,A01,138Â 201Â 753,1.0,-1.0,-1.0,1730802,2.0,10,,2.0,0.0,1.0,A01,138Â 201Â 753,1.0
1013965,201900055496,9,23,18:15,1,1,1,1.0,6.0,73151,A43 BarriÃ¨re de pÃ©age de Chignin Les Marches,M,"45,5127520","6,0023270",73,2019,30.0,1.0,1.0,1.0,2267515,1.0,1,3,1,4.0,,0.0,0,1962.0,A01,138Â 201Â 754,1.0,-1.0,-1.0,1730803,2.0,7,,6.0,0.0,3.0,A01,138Â 201Â 754,1.0
1013966,201900055497,1,5,07:38,3,2,1,4.0,6.0,57210,route de niederstinzel,M,"48,8521900","7,0268580",57,2019,-1.0,3.0,5.0,3.0,2267516,1.0,1,4,2,1.0,,0.0,0,1987.0,A01,138Â 201Â 750,1.0,-1.0,-1.0,1730804,1.0,7,,13.0,0.0,1.0,A01,138Â 201Â 750,1.0
1013967,201900055498,10,25,07:40,2,2,2,1.0,1.0,63124,rt du Cendre/av du midi,M,"45,7305814","3,1844060",63,2019,50.0,1.0,1.0,7.0,2267517,1.0,1,1,2,5.0,,0.0,0,1982.0,A01,138Â 201Â 751,1.0,0.0,-1.0,1730805,2.0,7,,0.0,2.0,2.0,A01,138Â 201Â 751,1.0
1013967,201900055498,10,25,07:40,2,2,2,1.0,1.0,63124,rt du Cendre/av du midi,M,"45,7305814","3,1844060",63,2019,50.0,1.0,1.0,7.0,2267517,1.0,1,1,2,5.0,,0.0,0,1982.0,A01,138Â 201Â 751,1.0,0.0,-1.0,1730806,1.0,33,,0.0,2.0,1.0,B01,138Â 201Â 766,1.0
1013967,201900055498,10,25,07:40,2,2,2,1.0,1.0,63124,rt du Cendre/av du midi,M,"45,7305814","3,1844060",63,2019,50.0,1.0,1.0,7.0,2267518,2.0,2,1,1,5.0,,0.0,0,1975.0,A01,138Â 201Â 751,1.0,0.0,-1.0,1730805,2.0,7,,0.0,2.0,2.0,A01,138Â 201Â 751,1.0
1013967,201900055498,10,25,07:40,2,2,2,1.0,1.0,63124,rt du Cendre/av du midi,M,"45,7305814","3,1844060",63,2019,50.0,1.0,1.0,7.0,2267518,2.0,2,1,1,5.0,,0.0,0,1975.0,A01,138Â 201Â 751,1.0,0.0,-1.0,1730806,1.0,33,,0.0,2.0,1.0,B01,138Â 201Â 766,1.0
1013967,201900055498,10,25,07:40,2,2,2,1.0,1.0,63124,rt du Cendre/av du midi,M,"45,7305814","3,1844060",63,2019,50.0,1.0,1.0,7.0,2267519,1.0,1,3,1,5.0,,0.0,0,1983.0,B01,138Â 201Â 766,2.0,6.0,-1.0,1730805,2.0,7,,0.0,2.0,2.0,A01,138Â 201Â 751,1.0
1013967,201900055498,10,25,07:40,2,2,2,1.0,1.0,63124,rt du Cendre/av du midi,M,"45,7305814","3,1844060",63,2019,50.0,1.0,1.0,7.0,2267519,1.0,1,3,1,5.0,,0.0,0,1983.0,B01,138Â 201Â 766,2.0,6.0,-1.0,1730806,1.0,33,,0.0,2.0,1.0,B01,138Â 201Â 766,1.0
1013968,201900055499,9,17,10:25,1,1,1,1.0,7.0,06152,route du parc,M,"43,6141530","7,0438850",6,2019,70.0,1.0,1.0,3.0,2267520,1.0,1,3,2,0.0,,0.0,0,1991.0,A01,138Â 201Â 752,6.0,2.0,-1.0,1730807,0.0,33,,0.0,0.0,7.0,A01,138Â 201Â 752,1.0
1013969,201900055500,10,25,19:25,3,1,1,1.0,2.0,59426,VERTUQUET (RUE DU),M,"50,7561350","3,1636290",59,2019,20.0,1.0,1.0,7.0,2267521,1.0,1,4,1,0.0,,0.0,0,2000.0,B01,138Â 201Â 747,2.0,0.0,-1.0,1730808,3.0,1,,0.0,0.0,0.0,B01,138Â 201Â 747,0.0
1013969,201900055500,10,25,19:25,3,1,1,1.0,2.0,59426,VERTUQUET (RUE DU),M,"50,7561350","3,1636290",59,2019,20.0,1.0,1.0,7.0,2267521,1.0,1,4,1,0.0,,0.0,0,2000.0,B01,138Â 201Â 747,2.0,0.0,-1.0,1730809,3.0,7,,0.0,6.0,2.0,A01,138Â 201Â 748,1.0
1013969,201900055500,10,25,19:25,3,1,1,1.0,2.0,59426,VERTUQUET (RUE DU),M,"50,7561350","3,1636290",59,2019,20.0,1.0,1.0,7.0,2267522,1.0,1,1,1,1.0,,0.0,0,1990.0,A01,138Â 201Â 748,1.0,0.0,-1.0,1730808,3.0,1,,0.0,0.0,0.0,B01,138Â 201Â 747,0.0
1013969,201900055500,10,25,19:25,3,1,1,1.0,2.0,59426,VERTUQUET (RUE DU),M,"50,7561350","3,1636290",59,2019,20.0,1.0,1.0,7.0,2267522,1.0,1,1,1,1.0,,0.0,0,1990.0,A01,138Â 201Â 748,1.0,0.0,-1.0,1730809,3.0,7,,0.0,6.0,2.0,A01,138Â 201Â 748,1.0
1013970,201900055501,10,22,17:40,1,2,1,1.0,3.0,59291,JEAN (RUE),M,"50,2426700","3,9016900",59,2019,50.0,1.0,1.0,4.0,2267523,1.0,1,3,1,5.0,,-1.0,0,1998.0,A01,138Â 201Â 744,2.0,0.0,-1.0,1730810,1.0,33,,0.0,2.0,0.0,A01,138Â 201Â 744,1.0
1013970,201900055501,10,22,17:40,1,2,1,1.0,3.0,59291,JEAN (RUE),M,"50,2426700","3,9016900",59,2019,50.0,1.0,1.0,4.0,2267523,1.0,1,3,1,5.0,,-1.0,0,1998.0,A01,138Â 201Â 744,2.0,0.0,-1.0,1730811,3.0,7,,0.0,2.0,2.0,B01,138Â 201Â 745,1.0
1013970,201900055501,10,22,17:40,1,2,1,1.0,3.0,59291,JEAN (RUE),M,"50,2426700","3,9016900",59,2019,50.0,1.0,1.0,4.0,2267524,1.0,1,4,1,5.0,,-1.0,0,1957.0,B01,138Â 201Â 745,1.0,0.0,-1.0,1730810,1.0,33,,0.0,2.0,0.0,A01,138Â 201Â 744,1.0
1013970,201900055501,10,22,17:40,1,2,1,1.0,3.0,59291,JEAN (RUE),M,"50,2426700","3,9016900",59,2019,50.0,1.0,1.0,4.0,2267524,1.0,1,4,1,5.0,,-1.0,0,1957.0,B01,138Â 201Â 745,1.0,0.0,-1.0,1730811,3.0,7,,0.0,2.0,2.0,B01,138Â 201Â 745,1.0
1013971,201900055502,10,24,15:25,1,2,1,1.0,6.0,59327,TOURBIERES (CHEMIN DES),M,"50,3868000","3,1811000",59,2019,50.0,1.0,1.0,4.0,2267525,1.0,1,2,1,9.0,,-1.0, -1,1953.0,A01,138Â 201Â 743,1.0,0.0,-1.0,1730812,3.0,7,,2.0,0.0,3.0,A01,138Â 201Â 743,1.0