Unnamed: 0_x,num_acc,mois,jour,hrmn,lum,agg,int,atm,col,com,adr,gps,lat,long,dep,annee,vma,situ,surf,catr,Unnamed: 0_y,place,catu,grav,sexe,trajet,secu,locp,actp,an_nais,num_veh_x,id_vehicule_x,secu1,secu2,secu3,Unnamed: 0,senc,catv,occutc,obs,obsm,choc,num_veh_y,id_vehicule_y,motor
1013972,201900055503,9,17,11:55,1,2,1,1.0,6.0,06018,Route des Lucioles,M,"43,6170800","7,0605580",6,2019,-1.0,1.0,1.0,3.0,2267526,1.0,1,1,1,0.0,,0.0,0,1995.0,A01,138Â 201Â 746,2.0,6.0,-1.0,1730813,0.0,33,,0.0,1.0,1.0,A01,138Â 201Â 746,1.0
1013972,201900055503,9,17,11:55,1,2,1,1.0,6.0,06018,Route des Lucioles,M,"43,6170800","7,0605580",6,2019,-1.0,1.0,1.0,3.0,2267527,10.0,3,3,1,0.0,,3.0,3,1998.0,A01,138Â 201Â 746,0.0,-1.0,-1.0,1730813,0.0,33,,0.0,1.0,1.0,A01,138Â 201Â 746,1.0
1013973,201900055504,1,3,14:15,1,2,1,1.0,6.0,97404,Rue du Stade,M," -21,2664500","55,3716110",974,2019,50.0,1.0,1.0,4.0,2267528,1.0,1,1,2,5.0,,0.0,0,1968.0,A01,138Â 201Â 749,1.0,-1.0,-1.0,1730814,0.0,7,,0.0,1.0,3.0,A01,138Â 201Â 749,1.0
1013973,201900055504,1,3,14:15,1,2,1,1.0,6.0,97404,Rue du Stade,M," -21,2664500","55,3716110",974,2019,50.0,1.0,1.0,4.0,2267529,10.0,3,3,1,9.0,,2.0,1,2012.0,A01,138Â 201Â 749,0.0,-1.0,-1.0,1730814,0.0,7,,0.0,1.0,3.0,A01,138Â 201Â 749,1.0
1013974,201900055505,10,25,10:20,1,2,3,2.0,6.0,53130,HILARD ( RUE D' ),M,"48,0771900"," -0,7765300",53,2019,50.0,8.0,2.0,4.0,2267530,10.0,3,3,1,5.0,,5.0,1,1949.0,A01,138Â 201Â 742,0.0,-1.0,-1.0,1730815,1.0,37,1.0,0.0,1.0,2.0,A01,138Â 201Â 742,1.0
1013974,201900055505,10,25,10:20,1,2,3,2.0,6.0,53130,HILARD ( RUE D' ),M,"48,0771900"," -0,7765300",53,2019,50.0,8.0,2.0,4.0,2267531,1.0,1,1,1,4.0,,-1.0, -1,1970.0,A01,138Â 201Â 742,1.0,0.0,-1.0,1730815,1.0,37,1.0,0.0,1.0,2.0,A01,138Â 201Â 742,1.0
1013975,201900055506,9,21,21:45,3,1,1,1.0,6.0,69234,A89-PK 523.100,M,"45,8763000","4,5292970",69,2019,130.0,2.0,1.0,1.0,2267532,1.0,1,4,1,0.0,,0.0,0,1996.0,A01,138Â 201Â 740,1.0,-1.0,-1.0,1730816,2.0,7,,3.0,0.0,2.0,A01,138Â 201Â 740,1.0
1013976,201900055507,10,24,12:55,1,1,1,1.0,7.0,52121,RD 674,M,"48,1230800","5,1855100",52,2019,80.0,1.0,1.0,3.0,2267533,1.0,1,2,1,5.0,,-1.0,0,1928.0,A01,138Â 201Â 739,1.0,0.0,-1.0,1730817,1.0,7,,2.0,0.0,9.0,A01,138Â 201Â 739,1.0
1013976,201900055507,10,24,12:55,1,1,1,1.0,7.0,52121,RD 674,M,"48,1230800","5,1855100",52,2019,80.0,1.0,1.0,3.0,2267534,2.0,2,1,2,5.0,,0.0,0,1932.0,A01,138Â 201Â 739,1.0,0.0,-1.0,1730817,1.0,7,,2.0,0.0,9.0,A01,138Â 201Â 739,1.0
1013977,201900055508,9,17,15:20,1,1,1,1.0,6.0,45024,A10 - PK 115+770,M,"47,8300367","1,6601886",45,2019,130.0,1.0,1.0,1.0,2267535,1.0,1,3,2,5.0,,0.0,0,1958.0,A01,138Â 201Â 738,1.0,-1.0,-1.0,1730818,1.0,7,,4.0,0.0,3.0,A01,138Â 201Â 738,1.0
1013978,201900055509,10,22,05:45,5,2,1,8.0,2.0,49099,MOINIE(BOULEVARD DE LA ),M,"47,0587300"," -0,9042100",49,2019,50.0,1.0,1.0,7.0,2267536,1.0,1,4,2,9.0,,-1.0, -1,2001.0,A01,138Â 201Â 736,8.0,8.0,-1.0,1730819,2.0,1,,0.0,2.0,4.0,A01,138Â 201Â 736,5.0
1013978,201900055509,10,22,05:45,5,2,1,8.0,2.0,49099,MOINIE(BOULEVARD DE LA ),M,"47,0587300"," -0,9042100",49,2019,50.0,1.0,1.0,7.0,2267536,1.0,1,4,2,9.0,,-1.0, -1,2001.0,A01,138Â 201Â 736,8.0,8.0,-1.0,1730820,2.0,7,,0.0,2.0,1.0,Z01,138Â 201Â 737,0.0
1013979,201900055510,9,23,16:50,2,2,6,1.0,3.0,97415,Giratoire route du Trou d'Eau / Avenue de la Mer - HERMITAGE LES BAINS,M," -21,0751600","55,2273690",974,2019,50.0,1.0,1.0,4.0,2267537,1.0,1,3,1,5.0,,0.0,0,1962.0,B01,138Â 201Â 734,2.0,-1.0,-1.0,1730821,2.0,1,,0.0,2.0,5.0,B01,138Â 201Â 734,5.0
1013979,201900055510,9,23,16:50,2,2,6,1.0,3.0,97415,Giratoire route du Trou d'Eau / Avenue de la Mer - HERMITAGE LES BAINS,M," -21,0751600","55,2273690",974,2019,50.0,1.0,1.0,4.0,2267537,1.0,1,3,1,5.0,,0.0,0,1962.0,B01,138Â 201Â 734,2.0,-1.0,-1.0,1730822,2.0,7,,0.0,2.0,1.0,A01,138Â 201Â 735,1.0
1013979,201900055510,9,23,16:50,2,2,6,1.0,3.0,97415,Giratoire route du Trou d'Eau / Avenue de la Mer - HERMITAGE LES BAINS,M," -21,0751600","55,2273690",974,2019,50.0,1.0,1.0,4.0,2267538,1.0,1,1,2,0.0,,0.0,0,1970.0,A01,138Â 201Â 735,1.0,-1.0,-1.0,1730821,2.0,1,,0.0,2.0,5.0,B01,138Â 201Â 734,5.0
1013979,201900055510,9,23,16:50,2,2,6,1.0,3.0,97415,Giratoire route du Trou d'Eau / Avenue de la Mer - HERMITAGE LES BAINS,M," -21,0751600","55,2273690",974,2019,50.0,1.0,1.0,4.0,2267538,1.0,1,1,2,0.0,,0.0,0,1970.0,A01,138Â 201Â 735,1.0,-1.0,-1.0,1730822,2.0,7,,0.0,2.0,1.0,A01,138Â 201Â 735,1.0
1013980,201900055511,10,24,08:26,1,2,1,1.0,3.0,49007,PONTS DE CE,M,"47,4530400"," -0,5387000",49,2019,60.0,1.0,1.0,4.0,2267539,1.0,1,4,1,0.0,,-1.0,0,1970.0,B01,138Â 201Â 732,1.0,8.0,-1.0,1730823,1.0,7,,0.0,2.0,3.0,B01,138Â 201Â 732,1.0
1013980,201900055511,10,24,08:26,1,2,1,1.0,3.0,49007,PONTS DE CE,M,"47,4530400"," -0,5387000",49,2019,60.0,1.0,1.0,4.0,2267539,1.0,1,4,1,0.0,,-1.0,0,1970.0,B01,138Â 201Â 732,1.0,8.0,-1.0,1730824,1.0,7,,0.0,2.0,2.0,A01,138Â 201Â 733,1.0
1013980,201900055511,10,24,08:26,1,2,1,1.0,3.0,49007,PONTS DE CE,M,"47,4530400"," -0,5387000",49,2019,60.0,1.0,1.0,4.0,2267540,1.0,1,4,2,0.0,,-1.0, -1,1994.0,A01,138Â 201Â 733,1.0,8.0,-1.0,1730823,1.0,7,,0.0,2.0,3.0,B01,138Â 201Â 732,1.0
1013980,201900055511,10,24,08:26,1,2,1,1.0,3.0,49007,PONTS DE CE,M,"47,4530400"," -0,5387000",49,2019,60.0,1.0,1.0,4.0,2267540,1.0,1,4,2,0.0,,-1.0, -1,1994.0,A01,138Â 201Â 733,1.0,8.0,-1.0,1730824,1.0,7,,0.0,2.0,2.0,A01,138Â 201Â 733,1.0
1013981,201900055512,9,24,12:20,1,1,1,3.0,5.0,45324,D11 - Lieu dit LES GRAZINS,M,"47,8068913","2,2033665",45,2019,70.0,1.0,2.0,3.0,2267541,1.0,1,1,1,1.0,,0.0,0,1980.0,C01,138Â 201Â 729,1.0,-1.0,-1.0,1730825,2.0,7,,0.0,2.0,8.0,C01,138Â 201Â 729,1.0
1013981,201900055512,9,24,12:20,1,1,1,3.0,5.0,45324,D11 - Lieu dit LES GRAZINS,M,"47,8068913","2,2033665",45,2019,70.0,1.0,2.0,3.0,2267541,1.0,1,1,1,1.0,,0.0,0,1980.0,C01,138Â 201Â 729,1.0,-1.0,-1.0,1730826,2.0,7,,0.0,2.0,1.0,B01,138Â 201Â 730,1.0
1013981,201900055512,9,24,12:20,1,1,1,3.0,5.0,45324,D11 - Lieu dit LES GRAZINS,M,"47,8068913","2,2033665",45,2019,70.0,1.0,2.0,3.0,2267541,1.0,1,1,1,1.0,,0.0,0,1980.0,C01,138Â 201Â 729,1.0,-1.0,-1.0,1730827,1.0,7,,0.0,2.0,3.0,A01,138Â 201Â 731,1.0
1013981,201900055512,9,24,12:20,1,1,1,3.0,5.0,45324,D11 - Lieu dit LES GRAZINS,M,"47,8068913","2,2033665",45,2019,70.0,1.0,2.0,3.0,2267542,1.0,1,4,1,1.0,,0.0,0,1963.0,B01,138Â 201Â 730,1.0,-1.0,-1.0,1730825,2.0,7,,0.0,2.0,8.0,C01,138Â 201Â 729,1.0
1013981,201900055512,9,24,12:20,1,1,1,3.0,5.0,45324,D11 - Lieu dit LES GRAZINS,M,"47,8068913","2,2033665",45,2019,70.0,1.0,2.0,3.0,2267542,1.0,1,4,1,1.0,,0.0,0,1963.0,B01,138Â 201Â 730,1.0,-1.0,-1.0,1730826,2.0,7,,0.0,2.0,1.0,B01,138Â 201Â 730,1.0
1013981,201900055512,9,24,12:20,1,1,1,3.0,5.0,45324,D11 - Lieu dit LES GRAZINS,M,"47,8068913","2,2033665",45,2019,70.0,1.0,2.0,3.0,2267542,1.0,1,4,1,1.0,,0.0,0,1963.0,B01,138Â 201Â 730,1.0,-1.0,-1.0,1730827,1.0,7,,0.0,2.0,3.0,A01,138Â 201Â 731,1.0
1013981,201900055512,9,24,12:20,1,1,1,3.0,5.0,45324,D11 - Lieu dit LES GRAZINS,M,"47,8068913","2,2033665",45,2019,70.0,1.0,2.0,3.0,2267543,1.0,1,2,1,1.0,,0.0,0,1967.0,A01,138Â 201Â 731,8.0,-1.0,-1.0,1730825,2.0,7,,0.0,2.0,8.0,C01,138Â 201Â 729,1.0
1013981,201900055512,9,24,12:20,1,1,1,3.0,5.0,45324,D11 - Lieu dit LES GRAZINS,M,"47,8068913","2,2033665",45,2019,70.0,1.0,2.0,3.0,2267543,1.0,1,2,1,1.0,,0.0,0,1967.0,A01,138Â 201Â 731,8.0,-1.0,-1.0,1730826,2.0,7,,0.0,2.0,1.0,B01,138Â 201Â 730,1.0
1013981,201900055512,9,24,12:20,1,1,1,3.0,5.0,45324,D11 - Lieu dit LES GRAZINS,M,"47,8068913","2,2033665",45,2019,70.0,1.0,2.0,3.0,2267543,1.0,1,2,1,1.0,,0.0,0,1967.0,A01,138Â 201Â 731,8.0,-1.0,-1.0,1730827,1.0,7,,0.0,2.0,3.0,A01,138Â 201Â 731,1.0
1013982,201900055513,10,26,00:55,5,2,1,2.0,6.0,44162,AVENUE DE L'ANGEVINIERE,M,"47,2444700"," -1,6138100",44,2019,50.0,1.0,1.0,4.0,2267544,1.0,1,4,1,0.0,,-1.0, -1,2004.0,A01,138Â 201Â 728,2.0,0.0,-1.0,1730828,1.0,43,,6.0,0.0,1.0,A01,138Â 201Â 728,1.0
1013982,201900055513,10,26,00:55,5,2,1,2.0,6.0,44162,AVENUE DE L'ANGEVINIERE,M,"47,2444700"," -1,6138100",44,2019,50.0,1.0,1.0,4.0,2267545,2.0,2,4,1,0.0,,0.0,0,1998.0,A01,138Â 201Â 728,2.0,0.0,-1.0,1730828,1.0,43,,6.0,0.0,1.0,A01,138Â 201Â 728,1.0
1013983,201900055514,9,24,11:30,1,1,9,3.0,3.0,77443,D228,M,"48,8800000","2,9740000",77,2019,80.0,1.0,2.0,3.0,2267546,1.0,1,1,1,1.0,,0.0,0,1967.0,A01,138Â 201Â 726,1.0,-1.0,-1.0,1730829,1.0,10,,0.0,2.0,1.0,A01,138Â 201Â 726,0.0
1013983,201900055514,9,24,11:30,1,1,9,3.0,3.0,77443,D228,M,"48,8800000","2,9740000",77,2019,80.0,1.0,2.0,3.0,2267546,1.0,1,1,1,1.0,,0.0,0,1967.0,A01,138Â 201Â 726,1.0,-1.0,-1.0,1730830,2.0,7,,0.0,2.0,7.0,B01,138Â 201Â 727,0.0
1013983,201900055514,9,24,11:30,1,1,9,3.0,3.0,77443,D228,M,"48,8800000","2,9740000",77,2019,80.0,1.0,2.0,3.0,2267547,1.0,1,2,2,9.0,,0.0,0,1944.0,B01,138Â 201Â 727,0.0,-1.0,-1.0,1730829,1.0,10,,0.0,2.0,1.0,A01,138Â 201Â 726,0.0
1013983,201900055514,9,24,11:30,1,1,9,3.0,3.0,77443,D228,M,"48,8800000","2,9740000",77,2019,80.0,1.0,2.0,3.0,2267547,1.0,1,2,2,9.0,,0.0,0,1944.0,B01,138Â 201Â 727,0.0,-1.0,-1.0,1730830,2.0,7,,0.0,2.0,7.0,B01,138Â 201Â 727,0.0
1013984,201900055515,10,20,23:30,3,1,1,1.0,7.0,44009,PERIPHERIQUE SUD,M,"47,2307000"," -1,4703000",44,2019,90.0,1.0,2.0,2.0,2267548,1.0,1,3,1,0.0,,0.0,0,1981.0,A01,138Â 201Â 725,1.0,0.0,-1.0,1730831,2.0,7,,4.0,0.0,8.0,A01,138Â 201Â 725,1.0
1013985,201900055516,9,23,21:00,5,2,1,1.0,3.0,2B148,Casamozza,M,"42,5258150","9,4408200",2B,2019,50.0,1.0,1.0,2.0,2267549,1.0,1,3,1,0.0,,0.0,0,1996.0,B01,138Â 201Â 723,2.0,6.0,-1.0,1730832,2.0,33,,0.0,2.0,1.0,B01,138Â 201Â 723,1.0
1013985,201900055516,9,23,21:00,5,2,1,1.0,3.0,2B148,Casamozza,M,"42,5258150","9,4408200",2B,2019,50.0,1.0,1.0,2.0,2267549,1.0,1,3,1,0.0,,0.0,0,1996.0,B01,138Â 201Â 723,2.0,6.0,-1.0,1730833,3.0,7,,0.0,2.0,7.0,A01,138Â 201Â 724,1.0
1013985,201900055516,9,23,21:00,5,2,1,1.0,3.0,2B148,Casamozza,M,"42,5258150","9,4408200",2B,2019,50.0,1.0,1.0,2.0,2267550,1.0,1,4,1,5.0,,0.0,0,2000.0,A01,138Â 201Â 724,0.0,-1.0,-1.0,1730832,2.0,33,,0.0,2.0,1.0,B01,138Â 201Â 723,1.0
1013985,201900055516,9,23,21:00,5,2,1,1.0,3.0,2B148,Casamozza,M,"42,5258150","9,4408200",2B,2019,50.0,1.0,1.0,2.0,2267550,1.0,1,4,1,5.0,,0.0,0,2000.0,A01,138Â 201Â 724,0.0,-1.0,-1.0,1730833,3.0,7,,0.0,2.0,7.0,A01,138Â 201Â 724,1.0
1013985,201900055516,9,23,21:00,5,2,1,1.0,3.0,2B148,Casamozza,M,"42,5258150","9,4408200",2B,2019,50.0,1.0,1.0,2.0,2267551,2.0,2,3,2,5.0,,0.0,0,2000.0,A01,138Â 201Â 724,1.0,-1.0,-1.0,1730832,2.0,33,,0.0,2.0,1.0,B01,138Â 201Â 723,1.0
1013985,201900055516,9,23,21:00,5,2,1,1.0,3.0,2B148,Casamozza,M,"42,5258150","9,4408200",2B,2019,50.0,1.0,1.0,2.0,2267551,2.0,2,3,2,5.0,,0.0,0,2000.0,A01,138Â 201Â 724,1.0,-1.0,-1.0,1730833,3.0,7,,0.0,2.0,7.0,A01,138Â 201Â 724,1.0
1013986,201900055517,1,2,16:27,1,1,3,1.0,3.0,97404,Intersection RD 11 / RD 110,M," -21,2697740","55,3778580",974,2019,80.0,1.0,1.0,3.0,2267552,1.0,1,1,1,5.0,,0.0,0,1978.0,A01,138Â 201Â 722,1.0,-1.0,-1.0,1730834,1.0,7,,0.0,2.0,3.0,A01,138Â 201Â 722,6.0
1013986,201900055517,1,2,16:27,1,1,3,1.0,3.0,97404,Intersection RD 11 / RD 110,M," -21,2697740","55,3778580",974,2019,80.0,1.0,1.0,3.0,2267552,1.0,1,1,1,5.0,,0.0,0,1978.0,A01,138Â 201Â 722,1.0,-1.0,-1.0,1730835,1.0,31,,0.0,2.0,1.0,B01,138Â 201Â 741,1.0
1013986,201900055517,1,2,16:27,1,1,3,1.0,3.0,97404,Intersection RD 11 / RD 110,M," -21,2697740","55,3778580",974,2019,80.0,1.0,1.0,3.0,2267553,1.0,1,3,1,5.0,,0.0,0,2001.0,B01,138Â 201Â 741,2.0,-1.0,-1.0,1730834,1.0,7,,0.0,2.0,3.0,A01,138Â 201Â 722,6.0
1013986,201900055517,1,2,16:27,1,1,3,1.0,3.0,97404,Intersection RD 11 / RD 110,M," -21,2697740","55,3778580",974,2019,80.0,1.0,1.0,3.0,2267553,1.0,1,3,1,5.0,,0.0,0,2001.0,B01,138Â 201Â 741,2.0,-1.0,-1.0,1730835,1.0,31,,0.0,2.0,1.0,B01,138Â 201Â 741,1.0
1013987,201900055518,9,24,17:25,1,2,1,1.0,6.0,30258,Avenue des CostiÃ¨res,M,"43,6745550","4,4216880",30,2019,70.0,1.0,1.0,4.0,2267554,1.0,1,1,1,1.0,,0.0,0,1993.0,A01,138Â 201Â 720,1.0,-1.0,-1.0,1730836,3.0,7,,0.0,1.0,2.0,A01,138Â 201Â 720,1.0
1013987,201900055518,9,24,17:25,1,2,1,1.0,6.0,30258,Avenue des CostiÃ¨res,M,"43,6745550","4,4216880",30,2019,70.0,1.0,1.0,4.0,2267555,10.0,3,3,1,2.0,,3.0,3,2008.0,A01,138Â 201Â 720,0.0,-1.0,-1.0,1730836,3.0,7,,0.0,1.0,2.0,A01,138Â 201Â 720,1.0
1013988,201900055519,1,4,23:10,3,1,1,1.0,1.0,97231,dÃ©partementale 7,M,"14,5288160"," -61,0168650",972,2019,80.0,1.0,1.0,3.0,2267556,1.0,1,4,1,5.0,,0.0,0,1998.0,B01,138Â 201Â 718,1.0,-1.0,-1.0,1730837,2.0,7,,0.0,2.0,1.0,B01,138Â 201Â 718,6.0
1013988,201900055519,1,4,23:10,3,1,1,1.0,1.0,97231,dÃ©partementale 7,M,"14,5288160"," -61,0168650",972,2019,80.0,1.0,1.0,3.0,2267556,1.0,1,4,1,5.0,,0.0,0,1998.0,B01,138Â 201Â 718,1.0,-1.0,-1.0,1730838,1.0,7,,0.0,2.0,1.0,A01,138Â 201Â 719,6.0
1013988,201900055519,1,4,23:10,3,1,1,1.0,1.0,97231,dÃ©partementale 7,M,"14,5288160"," -61,0168650",972,2019,80.0,1.0,1.0,3.0,2267557,7.0,2,4,2,5.0,,0.0,0,1958.0,A01,138Â 201Â 719,1.0,-1.0,-1.0,1730837,2.0,7,,0.0,2.0,1.0,B01,138Â 201Â 718,6.0
1013988,201900055519,1,4,23:10,3,1,1,1.0,1.0,97231,dÃ©partementale 7,M,"14,5288160"," -61,0168650",972,2019,80.0,1.0,1.0,3.0,2267557,7.0,2,4,2,5.0,,0.0,0,1958.0,A01,138Â 201Â 719,1.0,-1.0,-1.0,1730838,1.0,7,,0.0,2.0,1.0,A01,138Â 201Â 719,6.0
1013988,201900055519,1,4,23:10,3,1,1,1.0,1.0,97231,dÃ©partementale 7,M,"14,5288160"," -61,0168650",972,2019,80.0,1.0,1.0,3.0,2267558,1.0,1,3,2,5.0,,0.0,0,1954.0,A01,138Â 201Â 719,1.0,-1.0,-1.0,1730837,2.0,7,,0.0,2.0,1.0,B01,138Â 201Â 718,6.0
1013988,201900055519,1,4,23:10,3,1,1,1.0,1.0,97231,dÃ©partementale 7,M,"14,5288160"," -61,0168650",972,2019,80.0,1.0,1.0,3.0,2267558,1.0,1,3,2,5.0,,0.0,0,1954.0,A01,138Â 201Â 719,1.0,-1.0,-1.0,1730838,1.0,7,,0.0,2.0,1.0,A01,138Â 201Â 719,6.0
1013988,201900055519,1,4,23:10,3,1,1,1.0,1.0,97231,dÃ©partementale 7,M,"14,5288160"," -61,0168650",972,2019,80.0,1.0,1.0,3.0,2267559,2.0,2,4,1,5.0,,0.0,0,1984.0,A01,138Â 201Â 719,1.0,-1.0,-1.0,1730837,2.0,7,,0.0,2.0,1.0,B01,138Â 201Â 718,6.0
1013988,201900055519,1,4,23:10,3,1,1,1.0,1.0,97231,dÃ©partementale 7,M,"14,5288160"," -61,0168650",972,2019,80.0,1.0,1.0,3.0,2267559,2.0,2,4,1,5.0,,0.0,0,1984.0,A01,138Â 201Â 719,1.0,-1.0,-1.0,1730838,1.0,7,,0.0,2.0,1.0,A01,138Â 201Â 719,6.0
1013989,201900055520,10,19,09:45,1,2,1,1.0,6.0,42218,MITTERAND FRANCOIS,M,"45,4675100","4,3780300",42,2019,50.0,1.0,1.0,3.0,2267560,10.0,3,4,2,0.0,,4.0,3,2000.0,A01,138Â 201Â 721,8.0,0.0,-1.0,1730839,2.0,7,,0.0,1.0,3.0,A01,138Â 201Â 721,1.0
1013989,201900055520,10,19,09:45,1,2,1,1.0,6.0,42218,MITTERAND FRANCOIS,M,"45,4675100","4,3780300",42,2019,50.0,1.0,1.0,3.0,2267561,1.0,1,1,2,5.0,,0.0,0,1970.0,A01,138Â 201Â 721,1.0,8.0,-1.0,1730839,2.0,7,,0.0,1.0,3.0,A01,138Â 201Â 721,1.0
1013990,201900055521,1,4,14:50,1,2,1,1.0,7.0,11203,Boulevard Marx Dormoy,M,"43,2016630","2,7564080",11,2019,50.0,1.0,1.0,7.0,2267562,10.0,3,3,1,0.0,,1.0,3,1985.0,A01,138Â 201Â 716,0.0,-1.0,-1.0,1730840,3.0,7,,0.0,1.0,7.0,A01,138Â 201Â 716,1.0
1013990,201900055521,1,4,14:50,1,2,1,1.0,7.0,11203,Boulevard Marx Dormoy,M,"43,2016630","2,7564080",11,2019,50.0,1.0,1.0,7.0,2267563,1.0,1,1,1,3.0,,0.0,0,1940.0,A01,138Â 201Â 716,1.0,-1.0,-1.0,1730840,3.0,7,,0.0,1.0,7.0,A01,138Â 201Â 716,1.0
1013991,201900055522,10,5,08:14,1,2,1,1.0,7.0,42218,NAUTIN LEON,M,"45,4347900","4,3900100",42,2019,50.0,1.0,1.0,4.0,2267564,1.0,1,3,1,0.0,,-1.0, -1,1985.0,A01,138Â 201Â 715,2.0,0.0,-1.0,1730841,2.0,1,,0.0,0.0,0.0,A01,138Â 201Â 715,5.0
1013992,201900055523,1,3,02:40,3,1,9,1.0,2.0,52147,A 31 PK 108+800,M,"47,8631780","5,2232310",52,2019,130.0,1.0,1.0,1.0,2267565,1.0,1,1,1,4.0,,0.0,0,1965.0,B01,138Â 201Â 713,1.0,-1.0,-1.0,1730842,2.0,17,,0.0,0.0,0.0,B01,138Â 201Â 713,1.0
1013992,201900055523,1,3,02:40,3,1,9,1.0,2.0,52147,A 31 PK 108+800,M,"47,8631780","5,2232310",52,2019,130.0,1.0,1.0,1.0,2267565,1.0,1,1,1,4.0,,0.0,0,1965.0,B01,138Â 201Â 713,1.0,-1.0,-1.0,1730843,2.0,7,,4.0,2.0,2.0,A01,138Â 201Â 714,1.0
1013992,201900055523,1,3,02:40,3,1,9,1.0,2.0,52147,A 31 PK 108+800,M,"47,8631780","5,2232310",52,2019,130.0,1.0,1.0,1.0,2267566,2.0,2,3,2,0.0,,0.0,0,1995.0,A01,138Â 201Â 714,1.0,-1.0,-1.0,1730842,2.0,17,,0.0,0.0,0.0,B01,138Â 201Â 713,1.0
1013992,201900055523,1,3,02:40,3,1,9,1.0,2.0,52147,A 31 PK 108+800,M,"47,8631780","5,2232310",52,2019,130.0,1.0,1.0,1.0,2267566,2.0,2,3,2,0.0,,0.0,0,1995.0,A01,138Â 201Â 714,1.0,-1.0,-1.0,1730843,2.0,7,,4.0,2.0,2.0,A01,138Â 201Â 714,1.0
1013992,201900055523,1,3,02:40,3,1,9,1.0,2.0,52147,A 31 PK 108+800,M,"47,8631780","5,2232310",52,2019,130.0,1.0,1.0,1.0,2267567,1.0,1,4,1,0.0,,0.0,0,1994.0,A01,138Â 201Â 714,1.0,-1.0,-1.0,1730842,2.0,17,,0.0,0.0,0.0,B01,138Â 201Â 713,1.0
1013992,201900055523,1,3,02:40,3,1,9,1.0,2.0,52147,A 31 PK 108+800,M,"47,8631780","5,2232310",52,2019,130.0,1.0,1.0,1.0,2267567,1.0,1,4,1,0.0,,0.0,0,1994.0,A01,138Â 201Â 714,1.0,-1.0,-1.0,1730843,2.0,7,,4.0,2.0,2.0,A01,138Â 201Â 714,1.0
1013993,201900055524,9,23,11:50,1,2,7,1.0,6.0,13015,Rue de la Vierge,M,"43,4513080","5,4112790",13,2019,30.0,1.0,1.0,4.0,2267568,1.0,1,1,2,3.0,,0.0,0,1959.0,A01,138Â 201Â 712,1.0,-1.0,-1.0,1730844,3.0,7,,0.0,1.0,5.0,A01,138Â 201Â 712,1.0
1013993,201900055524,9,23,11:50,1,2,7,1.0,6.0,13015,Rue de la Vierge,M,"43,4513080","5,4112790",13,2019,30.0,1.0,1.0,4.0,2267569,10.0,3,3,2,3.0,,1.0,1,1921.0,A01,138Â 201Â 712,0.0,-1.0,-1.0,1730844,3.0,7,,0.0,1.0,5.0,A01,138Â 201Â 712,1.0
1013994,201900055525,1,3,20:30,3,1,1,1.0,2.0,35206,RN137,M,"48,0520770"," -1,6819670",35,2019,110.0,1.0,1.0,2.0,2267570,1.0,1,4,1,5.0,,0.0,0,1982.0,A01,138Â 201Â 708,1.0,-1.0,-1.0,1730845,1.0,7,,13.0,2.0,1.0,A01,138Â 201Â 708,1.0
1013994,201900055525,1,3,20:30,3,1,1,1.0,2.0,35206,RN137,M,"48,0520770"," -1,6819670",35,2019,110.0,1.0,1.0,2.0,2267570,1.0,1,4,1,5.0,,0.0,0,1982.0,A01,138Â 201Â 708,1.0,-1.0,-1.0,1730846,1.0,17,,0.0,2.0,4.0,B01,138Â 201Â 709,0.0
1013995,201900055526,10,4,09:42,1,2,1,2.0,1.0,42218,MOMEY,M,"45,4607100","4,3694200",42,2019,50.0,1.0,2.0,4.0,2267571,1.0,1,4,1,1.0,,-1.0, -1,1979.0,A01,138Â 201Â 710,1.0,8.0,-1.0,1730847,1.0,7,,0.0,2.0,3.0,A01,138Â 201Â 710,1.0
1013995,201900055526,10,4,09:42,1,2,1,2.0,1.0,42218,MOMEY,M,"45,4607100","4,3694200",42,2019,50.0,1.0,2.0,4.0,2267571,1.0,1,4,1,1.0,,-1.0, -1,1979.0,A01,138Â 201Â 710,1.0,8.0,-1.0,1730848,2.0,7,,0.0,2.0,3.0,B01,138Â 201Â 711,1.0
1013995,201900055526,10,4,09:42,1,2,1,2.0,1.0,42218,MOMEY,M,"45,4607100","4,3694200",42,2019,50.0,1.0,2.0,4.0,2267572,1.0,1,3,2,9.0,,-1.0, -1,1984.0,B01,138Â 201Â 711,1.0,8.0,-1.0,1730847,1.0,7,,0.0,2.0,3.0,A01,138Â 201Â 710,1.0
1013995,201900055526,10,4,09:42,1,2,1,2.0,1.0,42218,MOMEY,M,"45,4607100","4,3694200",42,2019,50.0,1.0,2.0,4.0,2267572,1.0,1,3,2,9.0,,-1.0, -1,1984.0,B01,138Â 201Â 711,1.0,8.0,-1.0,1730848,2.0,7,,0.0,2.0,3.0,B01,138Â 201Â 711,1.0
1013995,201900055526,10,4,09:42,1,2,1,2.0,1.0,42218,MOMEY,M,"45,4607100","4,3694200",42,2019,50.0,1.0,2.0,4.0,2267573,2.0,2,3,2,9.0,,-1.0, -1,1995.0,B01,138Â 201Â 711,1.0,8.0,-1.0,1730847,1.0,7,,0.0,2.0,3.0,A01,138Â 201Â 710,1.0