Unnamed: 0_x,num_acc,mois,jour,hrmn,lum,agg,int,atm,col,com,adr,gps,lat,long,dep,annee,vma,situ,surf,catr,Unnamed: 0_y,place,catu,grav,sexe,trajet,secu,locp,actp,an_nais,num_veh_x,id_vehicule_x,secu1,secu2,secu3,Unnamed: 0,senc,catv,occutc,obs,obsm,choc,num_veh_y,id_vehicule_y,motor
1013995,201900055526,10,4,09:42,1,2,1,2.0,1.0,42218,MOMEY,M,"45,4607100","4,3694200",42,2019,50.0,1.0,2.0,4.0,2267573,2.0,2,3,2,9.0,,-1.0, -1,1995.0,B01,138Â 201Â 711,1.0,8.0,-1.0,1730848,2.0,7,,0.0,2.0,3.0,B01,138Â 201Â 711,1.0
1013996,201900055527,9,24,07:30,1,1,1,1.0,1.0,88086,31 Rue du Coq de BruyÃ¨res,M,"48,1928740","6,7368900",88,2019,80.0,1.0,1.0,3.0,2267574,1.0,1,3,1,0.0,,0.0,0,1999.0,A01,138Â 201Â 706,1.0,-1.0,-1.0,1730849,2.0,7,,0.0,2.0,1.0,A01,138Â 201Â 706,0.0
1013996,201900055527,9,24,07:30,1,1,1,1.0,1.0,88086,31 Rue du Coq de BruyÃ¨res,M,"48,1928740","6,7368900",88,2019,80.0,1.0,1.0,3.0,2267574,1.0,1,3,1,0.0,,0.0,0,1999.0,A01,138Â 201Â 706,1.0,-1.0,-1.0,1730850,1.0,7,,0.0,2.0,1.0,B01,138Â 201Â 707,1.0
1013996,201900055527,9,24,07:30,1,1,1,1.0,1.0,88086,31 Rue du Coq de BruyÃ¨res,M,"48,1928740","6,7368900",88,2019,80.0,1.0,1.0,3.0,2267575,1.0,1,3,2,0.0,,0.0,0,1962.0,B01,138Â 201Â 707,1.0,-1.0,-1.0,1730849,2.0,7,,0.0,2.0,1.0,A01,138Â 201Â 706,0.0
1013996,201900055527,9,24,07:30,1,1,1,1.0,1.0,88086,31 Rue du Coq de BruyÃ¨res,M,"48,1928740","6,7368900",88,2019,80.0,1.0,1.0,3.0,2267575,1.0,1,3,2,0.0,,0.0,0,1962.0,B01,138Â 201Â 707,1.0,-1.0,-1.0,1730850,1.0,7,,0.0,2.0,1.0,B01,138Â 201Â 707,1.0
1013997,201900055528,9,23,19:40,2,2,1,1.0,3.0,38317,11 Rue Mozart,M,"45,1298670","5,6955180",38,2019,50.0,1.0,1.0,7.0,2267576,1.0,1,1,2,5.0,,0.0,0,2000.0,B01,138Â 201Â 702,1.0,-1.0,-1.0,1730851,3.0,7,,0.0,9.0,1.0,B01,138Â 201Â 702,1.0
1013997,201900055528,9,23,19:40,2,2,1,1.0,3.0,38317,11 Rue Mozart,M,"45,1298670","5,6955180",38,2019,50.0,1.0,1.0,7.0,2267576,1.0,1,1,2,5.0,,0.0,0,2000.0,B01,138Â 201Â 702,1.0,-1.0,-1.0,1730852,3.0,1,,0.0,2.0,8.0,A01,138Â 201Â 704,5.0
1013997,201900055528,9,23,19:40,2,2,1,1.0,3.0,38317,11 Rue Mozart,M,"45,1298670","5,6955180",38,2019,50.0,1.0,1.0,7.0,2267577,1.0,1,4,2,5.0,,0.0,0,2007.0,A01,138Â 201Â 704,0.0,-1.0,-1.0,1730851,3.0,7,,0.0,9.0,1.0,B01,138Â 201Â 702,1.0
1013997,201900055528,9,23,19:40,2,2,1,1.0,3.0,38317,11 Rue Mozart,M,"45,1298670","5,6955180",38,2019,50.0,1.0,1.0,7.0,2267577,1.0,1,4,2,5.0,,0.0,0,2007.0,A01,138Â 201Â 704,0.0,-1.0,-1.0,1730852,3.0,1,,0.0,2.0,8.0,A01,138Â 201Â 704,5.0
1013998,201900055529,10,25,15:20,1,2,3,1.0,3.0,42187,CARNOT (AVENUE),M,"46,0404700","4,0677000",42,2019,50.0,1.0,1.0,4.0,2267578,1.0,1,4,1,1.0,,-1.0, -1,1981.0,B01,138Â 201Â 701,2.0,0.0,-1.0,1730853,2.0,2,,0.0,2.0,8.0,B01,138Â 201Â 701,1.0
1013998,201900055529,10,25,15:20,1,2,3,1.0,3.0,42187,CARNOT (AVENUE),M,"46,0404700","4,0677000",42,2019,50.0,1.0,1.0,4.0,2267578,1.0,1,4,1,1.0,,-1.0, -1,1981.0,B01,138Â 201Â 701,2.0,0.0,-1.0,1730854,1.0,3,,0.0,2.0,1.0,A01,138Â 201Â 705,1.0
1013998,201900055529,10,25,15:20,1,2,3,1.0,3.0,42187,CARNOT (AVENUE),M,"46,0404700","4,0677000",42,2019,50.0,1.0,1.0,4.0,2267579,1.0,1,1,2,5.0,,-1.0, -1,1985.0,A01,138Â 201Â 705,1.0,0.0,-1.0,1730853,2.0,2,,0.0,2.0,8.0,B01,138Â 201Â 701,1.0
1013998,201900055529,10,25,15:20,1,2,3,1.0,3.0,42187,CARNOT (AVENUE),M,"46,0404700","4,0677000",42,2019,50.0,1.0,1.0,4.0,2267579,1.0,1,1,2,5.0,,-1.0, -1,1985.0,A01,138Â 201Â 705,1.0,0.0,-1.0,1730854,1.0,3,,0.0,2.0,1.0,A01,138Â 201Â 705,1.0
1013999,201900055530,1,3,10:25,1,1,1,7.0,2.0,71384,A6,M,"46,6908340","4,8439540",71,2019,130.0,1.0,1.0,1.0,2267580,1.0,1,1,1,4.0,,0.0,0,1959.0,B01,138Â 201Â 700,1.0,-1.0,-1.0,1730855,1.0,17,,0.0,2.0,6.0,B01,138Â 201Â 700,1.0
1013999,201900055530,1,3,10:25,1,1,1,7.0,2.0,71384,A6,M,"46,6908340","4,8439540",71,2019,130.0,1.0,1.0,1.0,2267580,1.0,1,1,1,4.0,,0.0,0,1959.0,B01,138Â 201Â 700,1.0,-1.0,-1.0,1730856,1.0,7,,0.0,2.0,2.0,A01,138Â 201Â 703,1.0
1013999,201900055530,1,3,10:25,1,1,1,7.0,2.0,71384,A6,M,"46,6908340","4,8439540",71,2019,130.0,1.0,1.0,1.0,2267581,3.0,2,3,2,5.0,,0.0,0,1959.0,A01,138Â 201Â 703,1.0,-1.0,-1.0,1730855,1.0,17,,0.0,2.0,6.0,B01,138Â 201Â 700,1.0
1013999,201900055530,1,3,10:25,1,1,1,7.0,2.0,71384,A6,M,"46,6908340","4,8439540",71,2019,130.0,1.0,1.0,1.0,2267581,3.0,2,3,2,5.0,,0.0,0,1959.0,A01,138Â 201Â 703,1.0,-1.0,-1.0,1730856,1.0,7,,0.0,2.0,2.0,A01,138Â 201Â 703,1.0
1013999,201900055530,1,3,10:25,1,1,1,7.0,2.0,71384,A6,M,"46,6908340","4,8439540",71,2019,130.0,1.0,1.0,1.0,2267582,9.0,2,3,2,5.0,,0.0,0,1984.0,A01,138Â 201Â 703,1.0,-1.0,-1.0,1730855,1.0,17,,0.0,2.0,6.0,B01,138Â 201Â 700,1.0
1013999,201900055530,1,3,10:25,1,1,1,7.0,2.0,71384,A6,M,"46,6908340","4,8439540",71,2019,130.0,1.0,1.0,1.0,2267582,9.0,2,3,2,5.0,,0.0,0,1984.0,A01,138Â 201Â 703,1.0,-1.0,-1.0,1730856,1.0,7,,0.0,2.0,2.0,A01,138Â 201Â 703,1.0
1013999,201900055530,1,3,10:25,1,1,1,7.0,2.0,71384,A6,M,"46,6908340","4,8439540",71,2019,130.0,1.0,1.0,1.0,2267583,1.0,1,1,1,5.0,,0.0,0,1982.0,A01,138Â 201Â 703,1.0,-1.0,-1.0,1730855,1.0,17,,0.0,2.0,6.0,B01,138Â 201Â 700,1.0
1013999,201900055530,1,3,10:25,1,1,1,7.0,2.0,71384,A6,M,"46,6908340","4,8439540",71,2019,130.0,1.0,1.0,1.0,2267583,1.0,1,1,1,5.0,,0.0,0,1982.0,A01,138Â 201Â 703,1.0,-1.0,-1.0,1730856,1.0,7,,0.0,2.0,2.0,A01,138Â 201Â 703,1.0
1013999,201900055530,1,3,10:25,1,1,1,7.0,2.0,71384,A6,M,"46,6908340","4,8439540",71,2019,130.0,1.0,1.0,1.0,2267584,4.0,2,3,1,5.0,,0.0,0,1954.0,A01,138Â 201Â 703,1.0,-1.0,-1.0,1730855,1.0,17,,0.0,2.0,6.0,B01,138Â 201Â 700,1.0
1013999,201900055530,1,3,10:25,1,1,1,7.0,2.0,71384,A6,M,"46,6908340","4,8439540",71,2019,130.0,1.0,1.0,1.0,2267584,4.0,2,3,1,5.0,,0.0,0,1954.0,A01,138Â 201Â 703,1.0,-1.0,-1.0,1730856,1.0,7,,0.0,2.0,2.0,A01,138Â 201Â 703,1.0
1014000,201900055531,9,17,09:35,1,2,1,1.0,6.0,07324,20 avenue Foch,M,"45,0716260","4,8244040",7,2019,50.0,1.0,1.0,3.0,2267585,1.0,1,1,1,3.0,,0.0,0,1931.0,A01,138Â 201Â 699,1.0,-1.0,-1.0,1730857,2.0,7,,0.0,1.0,1.0,A01,138Â 201Â 699,0.0
1014000,201900055531,9,17,09:35,1,2,1,1.0,6.0,07324,20 avenue Foch,M,"45,0716260","4,8244040",7,2019,50.0,1.0,1.0,3.0,2267586,10.0,3,3,1,3.0,,2.0,1,1962.0,A01,138Â 201Â 699,0.0,-1.0,-1.0,1730857,2.0,7,,0.0,1.0,1.0,A01,138Â 201Â 699,0.0
1014001,201900055532,1,5,08:05,2,1,1,1.0,6.0,41208,"A.10 PK 170.800, sens 2",M,"47,5792780","1,0646970",41,2019,130.0,1.0,1.0,1.0,2267587,5.0,2,3,1,5.0,,0.0,0,1971.0,A01,138Â 201Â 695,1.0,-1.0,-1.0,1730858,2.0,7,,3.0,0.0,1.0,A01,138Â 201Â 695,0.0
1014001,201900055532,1,5,08:05,2,1,1,1.0,6.0,41208,"A.10 PK 170.800, sens 2",M,"47,5792780","1,0646970",41,2019,130.0,1.0,1.0,1.0,2267588,1.0,1,4,2,5.0,,0.0,0,1971.0,A01,138Â 201Â 695,1.0,-1.0,-1.0,1730858,2.0,7,,3.0,0.0,1.0,A01,138Â 201Â 695,0.0
1014001,201900055532,1,5,08:05,2,1,1,1.0,6.0,41208,"A.10 PK 170.800, sens 2",M,"47,5792780","1,0646970",41,2019,130.0,1.0,1.0,1.0,2267589,7.0,2,3,2,5.0,,0.0,0,2005.0,A01,138Â 201Â 695,1.0,-1.0,-1.0,1730858,2.0,7,,3.0,0.0,1.0,A01,138Â 201Â 695,0.0
1014001,201900055532,1,5,08:05,2,1,1,1.0,6.0,41208,"A.10 PK 170.800, sens 2",M,"47,5792780","1,0646970",41,2019,130.0,1.0,1.0,1.0,2267590,9.0,2,4,2,5.0,,0.0,0,1998.0,A01,138Â 201Â 695,1.0,-1.0,-1.0,1730858,2.0,7,,3.0,0.0,1.0,A01,138Â 201Â 695,0.0
1014001,201900055532,1,5,08:05,2,1,1,1.0,6.0,41208,"A.10 PK 170.800, sens 2",M,"47,5792780","1,0646970",41,2019,130.0,1.0,1.0,1.0,2267591,2.0,2,1,2,5.0,,0.0,0,1997.0,A01,138Â 201Â 695,1.0,-1.0,-1.0,1730858,2.0,7,,3.0,0.0,1.0,A01,138Â 201Â 695,0.0
1014002,201900055533,9,23,00:15,5,1,1,8.0,7.0,69208,411 Route de Chessy,M,"45,8695000","4,6040500",69,2019,70.0,8.0,2.0,3.0,2267592,1.0,1,3,2,0.0,,0.0,0,1998.0,A01,138Â 201Â 694,1.0,-1.0,-1.0,1730859,2.0,7,,0.0,0.0,2.0,A01,138Â 201Â 694,1.0
1014003,201900055534,1,2,10:45,1,1,1,1.0,3.0,62849,D142E2,M,"50,4015739","1,6723007",62,2019,80.0,1.0,1.0,3.0,2267593,1.0,1,1,1,4.0,,0.0,0,1980.0,B01,138Â 201Â 692,1.0,-1.0,-1.0,1730860,2.0,10,,0.0,2.0,7.0,B01,138Â 201Â 692,1.0
1014003,201900055534,1,2,10:45,1,1,1,1.0,3.0,62849,D142E2,M,"50,4015739","1,6723007",62,2019,80.0,1.0,1.0,3.0,2267593,1.0,1,1,1,4.0,,0.0,0,1980.0,B01,138Â 201Â 692,1.0,-1.0,-1.0,1730861,2.0,2,,0.0,2.0,8.0,A01,138Â 201Â 693,1.0
1014003,201900055534,1,2,10:45,1,1,1,1.0,3.0,62849,D142E2,M,"50,4015739","1,6723007",62,2019,80.0,1.0,1.0,3.0,2267594,1.0,1,4,1,5.0,,0.0,0,2004.0,A01,138Â 201Â 693,2.0,-1.0,-1.0,1730860,2.0,10,,0.0,2.0,7.0,B01,138Â 201Â 692,1.0
1014003,201900055534,1,2,10:45,1,1,1,1.0,3.0,62849,D142E2,M,"50,4015739","1,6723007",62,2019,80.0,1.0,1.0,3.0,2267594,1.0,1,4,1,5.0,,0.0,0,2004.0,A01,138Â 201Â 693,2.0,-1.0,-1.0,1730861,2.0,2,,0.0,2.0,8.0,A01,138Â 201Â 693,1.0
1014004,201900055535,9,24,17:45,1,1,1,2.0,3.0,19098,rd1120,M,"45,1952380","1,8370600",19,2019,80.0,1.0,2.0,3.0,2267595,1.0,1,1,1,4.0,,0.0,0,1961.0,B01,138Â 201Â 690,1.0,-1.0,-1.0,1730862,2.0,15,,0.0,2.0,1.0,B01,138Â 201Â 690,1.0
1014004,201900055535,9,24,17:45,1,1,1,2.0,3.0,19098,rd1120,M,"45,1952380","1,8370600",19,2019,80.0,1.0,2.0,3.0,2267595,1.0,1,1,1,4.0,,0.0,0,1961.0,B01,138Â 201Â 690,1.0,-1.0,-1.0,1730863,3.0,7,,0.0,2.0,8.0,A01,138Â 201Â 691,1.0
1014004,201900055535,9,24,17:45,1,1,1,2.0,3.0,19098,rd1120,M,"45,1952380","1,8370600",19,2019,80.0,1.0,2.0,3.0,2267596,1.0,1,3,1,1.0,,0.0,0,2000.0,A01,138Â 201Â 691,1.0,-1.0,-1.0,1730862,2.0,15,,0.0,2.0,1.0,B01,138Â 201Â 690,1.0
1014004,201900055535,9,24,17:45,1,1,1,2.0,3.0,19098,rd1120,M,"45,1952380","1,8370600",19,2019,80.0,1.0,2.0,3.0,2267596,1.0,1,3,1,1.0,,0.0,0,2000.0,A01,138Â 201Â 691,1.0,-1.0,-1.0,1730863,3.0,7,,0.0,2.0,8.0,A01,138Â 201Â 691,1.0
1014005,201900055536,9,23,16:30,1,1,1,3.0,6.0,79049,Rue de Niort,M,"46,8244400"," -0,4931200",79,2019,80.0,3.0,2.0,3.0,2267597,1.0,1,4,1,1.0,,0.0,0,1983.0,A01,138Â 201Â 688,1.0,-1.0,-1.0,1730864,2.0,7,,2.0,0.0,1.0,A01,138Â 201Â 688,1.0
1014006,201900055537,9,18,18:30,1,2,2,1.0,3.0,33213,Avenue de l'Esprit des LoÃ¯s,M,"44,6879400"," -0,5386200",33,2019,50.0,1.0,1.0,3.0,2267598,1.0,1,1,1,1.0,,0.0,0,1967.0,B01,138Â 201Â 682,1.0,-1.0,-1.0,1730865,2.0,7,,0.0,2.0,3.0,B01,138Â 201Â 682,1.0
1014006,201900055537,9,18,18:30,1,2,2,1.0,3.0,33213,Avenue de l'Esprit des LoÃ¯s,M,"44,6879400"," -0,5386200",33,2019,50.0,1.0,1.0,3.0,2267598,1.0,1,1,1,1.0,,0.0,0,1967.0,B01,138Â 201Â 682,1.0,-1.0,-1.0,1730866,1.0,33,,0.0,2.0,3.0,A01,138Â 201Â 684,1.0
1014006,201900055537,9,18,18:30,1,2,2,1.0,3.0,33213,Avenue de l'Esprit des LoÃ¯s,M,"44,6879400"," -0,5386200",33,2019,50.0,1.0,1.0,3.0,2267599,1.0,1,3,1,1.0,,0.0,0,1993.0,A01,138Â 201Â 684,2.0,6.0,-1.0,1730865,2.0,7,,0.0,2.0,3.0,B01,138Â 201Â 682,1.0
1014006,201900055537,9,18,18:30,1,2,2,1.0,3.0,33213,Avenue de l'Esprit des LoÃ¯s,M,"44,6879400"," -0,5386200",33,2019,50.0,1.0,1.0,3.0,2267599,1.0,1,3,1,1.0,,0.0,0,1993.0,A01,138Â 201Â 684,2.0,6.0,-1.0,1730866,1.0,33,,0.0,2.0,3.0,A01,138Â 201Â 684,1.0
1014007,201900055538,10,26,00:45,5,2,3,1.0,6.0,37261,MAGINOT (AV. ANDRE),M,"47,4137600","0,6867200",37,2019,50.0,1.0,1.0,4.0,2267600,1.0,1,1,1,5.0,,-1.0, -1,2000.0,A01,138Â 201Â 683,1.0,0.0,-1.0,1730867,1.0,7,,0.0,2.0,1.0,A01,138Â 201Â 683,1.0
1014007,201900055538,10,26,00:45,5,2,3,1.0,6.0,37261,MAGINOT (AV. ANDRE),M,"47,4137600","0,6867200",37,2019,50.0,1.0,1.0,4.0,2267600,1.0,1,1,1,5.0,,-1.0, -1,2000.0,A01,138Â 201Â 683,1.0,0.0,-1.0,1730868,2.0,2,,0.0,2.0,1.0,B01,138Â 201Â 685,1.0
1014007,201900055538,10,26,00:45,5,2,3,1.0,6.0,37261,MAGINOT (AV. ANDRE),M,"47,4137600","0,6867200",37,2019,50.0,1.0,1.0,4.0,2267601,1.0,1,4,1,0.0,,-1.0, -1,1993.0,B01,138Â 201Â 685,2.0,0.0,-1.0,1730867,1.0,7,,0.0,2.0,1.0,A01,138Â 201Â 683,1.0
1014007,201900055538,10,26,00:45,5,2,3,1.0,6.0,37261,MAGINOT (AV. ANDRE),M,"47,4137600","0,6867200",37,2019,50.0,1.0,1.0,4.0,2267601,1.0,1,4,1,0.0,,-1.0, -1,1993.0,B01,138Â 201Â 685,2.0,0.0,-1.0,1730868,2.0,2,,0.0,2.0,1.0,B01,138Â 201Â 685,1.0
1014008,201900055539,9,20,16:05,1,2,6,1.0,3.0,33433,26 Rue du Suisse,M,"44,9099200"," -0,4238700",33,2019,50.0,1.0,1.0,4.0,2267602,1.0,1,1,1,9.0,,0.0,0,1987.0,B01,138Â 201Â 680,1.0,-1.0,-1.0,1730869,2.0,7,,0.0,2.0,3.0,B01,138Â 201Â 680,1.0
1014008,201900055539,9,20,16:05,1,2,6,1.0,3.0,33433,26 Rue du Suisse,M,"44,9099200"," -0,4238700",33,2019,50.0,1.0,1.0,4.0,2267602,1.0,1,1,1,9.0,,0.0,0,1987.0,B01,138Â 201Â 680,1.0,-1.0,-1.0,1730870,3.0,7,,0.0,2.0,1.0,A01,138Â 201Â 681,1.0
1014008,201900055539,9,20,16:05,1,2,6,1.0,3.0,33433,26 Rue du Suisse,M,"44,9099200"," -0,4238700",33,2019,50.0,1.0,1.0,4.0,2267603,1.0,1,3,2,9.0,,0.0,0,1963.0,A01,138Â 201Â 681,1.0,-1.0,-1.0,1730869,2.0,7,,0.0,2.0,3.0,B01,138Â 201Â 680,1.0
1014008,201900055539,9,20,16:05,1,2,6,1.0,3.0,33433,26 Rue du Suisse,M,"44,9099200"," -0,4238700",33,2019,50.0,1.0,1.0,4.0,2267603,1.0,1,3,2,9.0,,0.0,0,1963.0,A01,138Â 201Â 681,1.0,-1.0,-1.0,1730870,3.0,7,,0.0,2.0,1.0,A01,138Â 201Â 681,1.0
1014009,201900055540,8,31,15:15,1,2,1,1.0,3.0,33312,68 Rue de Macau,M,"44,9561000"," -0,6071400",33,2019,50.0,1.0,1.0,4.0,2267604,1.0,1,1,2,0.0,,0.0,0,1947.0,A01,138Â 201Â 676,1.0,-1.0,-1.0,1730871,2.0,7,,0.0,2.0,3.0,A01,138Â 201Â 676,1.0
1014009,201900055540,8,31,15:15,1,2,1,1.0,3.0,33312,68 Rue de Macau,M,"44,9561000"," -0,6071400",33,2019,50.0,1.0,1.0,4.0,2267604,1.0,1,1,2,0.0,,0.0,0,1947.0,A01,138Â 201Â 676,1.0,-1.0,-1.0,1730872,1.0,33,,0.0,2.0,1.0,B01,138Â 201Â 678,1.0
1014009,201900055540,8,31,15:15,1,2,1,1.0,3.0,33312,68 Rue de Macau,M,"44,9561000"," -0,6071400",33,2019,50.0,1.0,1.0,4.0,2267605,1.0,1,3,1,0.0,,0.0,0,1990.0,B01,138Â 201Â 678,2.0,6.0,-1.0,1730871,2.0,7,,0.0,2.0,3.0,A01,138Â 201Â 676,1.0
1014009,201900055540,8,31,15:15,1,2,1,1.0,3.0,33312,68 Rue de Macau,M,"44,9561000"," -0,6071400",33,2019,50.0,1.0,1.0,4.0,2267605,1.0,1,3,1,0.0,,0.0,0,1990.0,B01,138Â 201Â 678,2.0,6.0,-1.0,1730872,1.0,33,,0.0,2.0,1.0,B01,138Â 201Â 678,1.0
1014010,201900055541,10,25,16:16,1,2,3,1.0,4.0,37233,DUCLOS (AVENUE JACQUES),M,"47,3810911","0,7379408",37,2019,50.0,1.0,1.0,4.0,2267606,1.0,1,1,2,0.0,,-1.0, -1,1989.0,A01,138Â 201Â 675,1.0,0.0,-1.0,1730873,3.0,7,,0.0,2.0,1.0,A01,138Â 201Â 675,1.0
1014010,201900055541,10,25,16:16,1,2,3,1.0,4.0,37233,DUCLOS (AVENUE JACQUES),M,"47,3810911","0,7379408",37,2019,50.0,1.0,1.0,4.0,2267606,1.0,1,1,2,0.0,,-1.0, -1,1989.0,A01,138Â 201Â 675,1.0,0.0,-1.0,1730874,3.0,7,,0.0,2.0,4.0,B01,138Â 201Â 677,1.0
1014010,201900055541,10,25,16:16,1,2,3,1.0,4.0,37233,DUCLOS (AVENUE JACQUES),M,"47,3810911","0,7379408",37,2019,50.0,1.0,1.0,4.0,2267606,1.0,1,1,2,0.0,,-1.0, -1,1989.0,A01,138Â 201Â 675,1.0,0.0,-1.0,1730875,3.0,7,,0.0,0.0,4.0,C01,138Â 201Â 679,1.0
1014010,201900055541,10,25,16:16,1,2,3,1.0,4.0,37233,DUCLOS (AVENUE JACQUES),M,"47,3810911","0,7379408",37,2019,50.0,1.0,1.0,4.0,2267607,3.0,2,1,1,0.0,,-1.0, -1,2014.0,A01,138Â 201Â 675,1.0,0.0,-1.0,1730873,3.0,7,,0.0,2.0,1.0,A01,138Â 201Â 675,1.0
1014010,201900055541,10,25,16:16,1,2,3,1.0,4.0,37233,DUCLOS (AVENUE JACQUES),M,"47,3810911","0,7379408",37,2019,50.0,1.0,1.0,4.0,2267607,3.0,2,1,1,0.0,,-1.0, -1,2014.0,A01,138Â 201Â 675,1.0,0.0,-1.0,1730874,3.0,7,,0.0,2.0,4.0,B01,138Â 201Â 677,1.0
1014010,201900055541,10,25,16:16,1,2,3,1.0,4.0,37233,DUCLOS (AVENUE JACQUES),M,"47,3810911","0,7379408",37,2019,50.0,1.0,1.0,4.0,2267607,3.0,2,1,1,0.0,,-1.0, -1,2014.0,A01,138Â 201Â 675,1.0,0.0,-1.0,1730875,3.0,7,,0.0,0.0,4.0,C01,138Â 201Â 679,1.0
1014010,201900055541,10,25,16:16,1,2,3,1.0,4.0,37233,DUCLOS (AVENUE JACQUES),M,"47,3810911","0,7379408",37,2019,50.0,1.0,1.0,4.0,2267608,1.0,1,4,1,0.0,,-1.0, -1,1999.0,B01,138Â 201Â 677,1.0,0.0,-1.0,1730873,3.0,7,,0.0,2.0,1.0,A01,138Â 201Â 675,1.0
1014010,201900055541,10,25,16:16,1,2,3,1.0,4.0,37233,DUCLOS (AVENUE JACQUES),M,"47,3810911","0,7379408",37,2019,50.0,1.0,1.0,4.0,2267608,1.0,1,4,1,0.0,,-1.0, -1,1999.0,B01,138Â 201Â 677,1.0,0.0,-1.0,1730874,3.0,7,,0.0,2.0,4.0,B01,138Â 201Â 677,1.0
1014010,201900055541,10,25,16:16,1,2,3,1.0,4.0,37233,DUCLOS (AVENUE JACQUES),M,"47,3810911","0,7379408",37,2019,50.0,1.0,1.0,4.0,2267608,1.0,1,4,1,0.0,,-1.0, -1,1999.0,B01,138Â 201Â 677,1.0,0.0,-1.0,1730875,3.0,7,,0.0,0.0,4.0,C01,138Â 201Â 679,1.0
1014010,201900055541,10,25,16:16,1,2,3,1.0,4.0,37233,DUCLOS (AVENUE JACQUES),M,"47,3810911","0,7379408",37,2019,50.0,1.0,1.0,4.0,2267609,2.0,2,4,1,0.0,,-1.0, -1,2003.0,B01,138Â 201Â 677,1.0,0.0,-1.0,1730873,3.0,7,,0.0,2.0,1.0,A01,138Â 201Â 675,1.0
1014010,201900055541,10,25,16:16,1,2,3,1.0,4.0,37233,DUCLOS (AVENUE JACQUES),M,"47,3810911","0,7379408",37,2019,50.0,1.0,1.0,4.0,2267609,2.0,2,4,1,0.0,,-1.0, -1,2003.0,B01,138Â 201Â 677,1.0,0.0,-1.0,1730874,3.0,7,,0.0,2.0,4.0,B01,138Â 201Â 677,1.0
1014010,201900055541,10,25,16:16,1,2,3,1.0,4.0,37233,DUCLOS (AVENUE JACQUES),M,"47,3810911","0,7379408",37,2019,50.0,1.0,1.0,4.0,2267609,2.0,2,4,1,0.0,,-1.0, -1,2003.0,B01,138Â 201Â 677,1.0,0.0,-1.0,1730875,3.0,7,,0.0,0.0,4.0,C01,138Â 201Â 679,1.0
1014010,201900055541,10,25,16:16,1,2,3,1.0,4.0,37233,DUCLOS (AVENUE JACQUES),M,"47,3810911","0,7379408",37,2019,50.0,1.0,1.0,4.0,2267610,1.0,1,1,2,0.0,,-1.0, -1,1974.0,C01,138Â 201Â 679,1.0,0.0,-1.0,1730873,3.0,7,,0.0,2.0,1.0,A01,138Â 201Â 675,1.0
1014010,201900055541,10,25,16:16,1,2,3,1.0,4.0,37233,DUCLOS (AVENUE JACQUES),M,"47,3810911","0,7379408",37,2019,50.0,1.0,1.0,4.0,2267610,1.0,1,1,2,0.0,,-1.0, -1,1974.0,C01,138Â 201Â 679,1.0,0.0,-1.0,1730874,3.0,7,,0.0,2.0,4.0,B01,138Â 201Â 677,1.0
1014010,201900055541,10,25,16:16,1,2,3,1.0,4.0,37233,DUCLOS (AVENUE JACQUES),M,"47,3810911","0,7379408",37,2019,50.0,1.0,1.0,4.0,2267610,1.0,1,1,2,0.0,,-1.0, -1,1974.0,C01,138Â 201Â 679,1.0,0.0,-1.0,1730875,3.0,7,,0.0,0.0,4.0,C01,138Â 201Â 679,1.0
1014010,201900055541,10,25,16:16,1,2,3,1.0,4.0,37233,DUCLOS (AVENUE JACQUES),M,"47,3810911","0,7379408",37,2019,50.0,1.0,1.0,4.0,2267611,2.0,2,1,2,0.0,,-1.0, -1,2007.0,C01,138Â 201Â 679,1.0,0.0,-1.0,1730873,3.0,7,,0.0,2.0,1.0,A01,138Â 201Â 675,1.0
1014010,201900055541,10,25,16:16,1,2,3,1.0,4.0,37233,DUCLOS (AVENUE JACQUES),M,"47,3810911","0,7379408",37,2019,50.0,1.0,1.0,4.0,2267611,2.0,2,1,2,0.0,,-1.0, -1,2007.0,C01,138Â 201Â 679,1.0,0.0,-1.0,1730874,3.0,7,,0.0,2.0,4.0,B01,138Â 201Â 677,1.0
1014010,201900055541,10,25,16:16,1,2,3,1.0,4.0,37233,DUCLOS (AVENUE JACQUES),M,"47,3810911","0,7379408",37,2019,50.0,1.0,1.0,4.0,2267611,2.0,2,1,2,0.0,,-1.0, -1,2007.0,C01,138Â 201Â 679,1.0,0.0,-1.0,1730875,3.0,7,,0.0,0.0,4.0,C01,138Â 201Â 679,1.0
1014010,201900055541,10,25,16:16,1,2,3,1.0,4.0,37233,DUCLOS (AVENUE JACQUES),M,"47,3810911","0,7379408",37,2019,50.0,1.0,1.0,4.0,2267612,3.0,2,1,2,0.0,,-1.0, -1,2008.0,C01,138Â 201Â 679,1.0,0.0,-1.0,1730873,3.0,7,,0.0,2.0,1.0,A01,138Â 201Â 675,1.0
1014010,201900055541,10,25,16:16,1,2,3,1.0,4.0,37233,DUCLOS (AVENUE JACQUES),M,"47,3810911","0,7379408",37,2019,50.0,1.0,1.0,4.0,2267612,3.0,2,1,2,0.0,,-1.0, -1,2008.0,C01,138Â 201Â 679,1.0,0.0,-1.0,1730874,3.0,7,,0.0,2.0,4.0,B01,138Â 201Â 677,1.0
1014010,201900055541,10,25,16:16,1,2,3,1.0,4.0,37233,DUCLOS (AVENUE JACQUES),M,"47,3810911","0,7379408",37,2019,50.0,1.0,1.0,4.0,2267612,3.0,2,1,2,0.0,,-1.0, -1,2008.0,C01,138Â 201Â 679,1.0,0.0,-1.0,1730875,3.0,7,,0.0,0.0,4.0,C01,138Â 201Â 679,1.0