Unnamed: 0_x,num_acc,mois,jour,hrmn,lum,agg,int,atm,col,com,adr,gps,lat,long,dep,annee,vma,situ,surf,catr,Unnamed: 0_y,place,catu,grav,sexe,trajet,secu,locp,actp,an_nais,num_veh_x,id_vehicule_x,secu1,secu2,secu3,Unnamed: 0,senc,catv,occutc,obs,obsm,choc,num_veh_y,id_vehicule_y,motor
1014011,201900055542,9,24,07:35,2,2,3,2.0,3.0,85243,Rue du Huit Mai,M,"46,6019600"," -1,8272300",85,2019,50.0,1.0,2.0,3.0,2267613,1.0,1,3,1,2.0,,0.0,0,2001.0,B01,138Â 201Â 673,2.0,-1.0,-1.0,1730876,1.0,2,,0.0,2.0,1.0,B01,138Â 201Â 673,1.0
1014011,201900055542,9,24,07:35,2,2,3,2.0,3.0,85243,Rue du Huit Mai,M,"46,6019600"," -1,8272300",85,2019,50.0,1.0,2.0,3.0,2267613,1.0,1,3,1,2.0,,0.0,0,2001.0,B01,138Â 201Â 673,2.0,-1.0,-1.0,1730877,3.0,7,,0.0,2.0,5.0,A01,138Â 201Â 674,1.0
1014011,201900055542,9,24,07:35,2,2,3,2.0,3.0,85243,Rue du Huit Mai,M,"46,6019600"," -1,8272300",85,2019,50.0,1.0,2.0,3.0,2267614,1.0,1,1,1,5.0,,0.0,0,1939.0,A01,138Â 201Â 674,1.0,-1.0,-1.0,1730876,1.0,2,,0.0,2.0,1.0,B01,138Â 201Â 673,1.0
1014011,201900055542,9,24,07:35,2,2,3,2.0,3.0,85243,Rue du Huit Mai,M,"46,6019600"," -1,8272300",85,2019,50.0,1.0,2.0,3.0,2267614,1.0,1,1,1,5.0,,0.0,0,1939.0,A01,138Â 201Â 674,1.0,-1.0,-1.0,1730877,3.0,7,,0.0,2.0,5.0,A01,138Â 201Â 674,1.0
1014012,201900055543,10,25,10:40,1,2,3,8.0,2.0,37233,LOIRE (LEVEE DE LA),M,"47,3968122","0,7103470",37,2019,50.0,1.0,2.0,4.0,2267615,1.0,1,1,1,4.0,,-1.0, -1,1990.0,A01,138Â 201Â 669,1.0,8.0,-1.0,1730878,1.0,7,,0.0,2.0,1.0,A01,138Â 201Â 669,1.0
1014012,201900055543,10,25,10:40,1,2,3,8.0,2.0,37233,LOIRE (LEVEE DE LA),M,"47,3968122","0,7103470",37,2019,50.0,1.0,2.0,4.0,2267615,1.0,1,1,1,4.0,,-1.0, -1,1990.0,A01,138Â 201Â 669,1.0,8.0,-1.0,1730879,1.0,7,,0.0,2.0,4.0,B01,138Â 201Â 671,1.0
1014012,201900055543,10,25,10:40,1,2,3,8.0,2.0,37233,LOIRE (LEVEE DE LA),M,"47,3968122","0,7103470",37,2019,50.0,1.0,2.0,4.0,2267616,1.0,1,4,2,5.0,,-1.0, -1,1999.0,B01,138Â 201Â 671,1.0,8.0,-1.0,1730878,1.0,7,,0.0,2.0,1.0,A01,138Â 201Â 669,1.0
1014012,201900055543,10,25,10:40,1,2,3,8.0,2.0,37233,LOIRE (LEVEE DE LA),M,"47,3968122","0,7103470",37,2019,50.0,1.0,2.0,4.0,2267616,1.0,1,4,2,5.0,,-1.0, -1,1999.0,B01,138Â 201Â 671,1.0,8.0,-1.0,1730879,1.0,7,,0.0,2.0,4.0,B01,138Â 201Â 671,1.0
1014013,201900055544,10,24,19:20,3,2,1,1.0,4.0,37261,PONT CHER (AVENUE DE),M,"47,3688732","0,6766254",37,2019,50.0,1.0,1.0,3.0,2267617,1.0,1,1,2,0.0,,-1.0,0,2000.0,A01,138Â 201Â 666,1.0,8.0,-1.0,1730880,2.0,7,,14.0,2.0,1.0,A01,138Â 201Â 666,1.0
1014013,201900055544,10,24,19:20,3,2,1,1.0,4.0,37261,PONT CHER (AVENUE DE),M,"47,3688732","0,6766254",37,2019,50.0,1.0,1.0,3.0,2267617,1.0,1,1,2,0.0,,-1.0,0,2000.0,A01,138Â 201Â 666,1.0,8.0,-1.0,1730881,2.0,7,,14.0,2.0,4.0,B01,138Â 201Â 667,1.0
1014013,201900055544,10,24,19:20,3,2,1,1.0,4.0,37261,PONT CHER (AVENUE DE),M,"47,3688732","0,6766254",37,2019,50.0,1.0,1.0,3.0,2267617,1.0,1,1,2,0.0,,-1.0,0,2000.0,A01,138Â 201Â 666,1.0,8.0,-1.0,1730882,2.0,7,,0.0,2.0,4.0,C01,138Â 201Â 668,1.0
1014013,201900055544,10,24,19:20,3,2,1,1.0,4.0,37261,PONT CHER (AVENUE DE),M,"47,3688732","0,6766254",37,2019,50.0,1.0,1.0,3.0,2267618,2.0,2,4,2,0.0,,-1.0,0,1984.0,B01,138Â 201Â 667,1.0,0.0,-1.0,1730880,2.0,7,,14.0,2.0,1.0,A01,138Â 201Â 666,1.0
1014013,201900055544,10,24,19:20,3,2,1,1.0,4.0,37261,PONT CHER (AVENUE DE),M,"47,3688732","0,6766254",37,2019,50.0,1.0,1.0,3.0,2267618,2.0,2,4,2,0.0,,-1.0,0,1984.0,B01,138Â 201Â 667,1.0,0.0,-1.0,1730881,2.0,7,,14.0,2.0,4.0,B01,138Â 201Â 667,1.0
1014013,201900055544,10,24,19:20,3,2,1,1.0,4.0,37261,PONT CHER (AVENUE DE),M,"47,3688732","0,6766254",37,2019,50.0,1.0,1.0,3.0,2267618,2.0,2,4,2,0.0,,-1.0,0,1984.0,B01,138Â 201Â 667,1.0,0.0,-1.0,1730882,2.0,7,,0.0,2.0,4.0,C01,138Â 201Â 668,1.0
1014013,201900055544,10,24,19:20,3,2,1,1.0,4.0,37261,PONT CHER (AVENUE DE),M,"47,3688732","0,6766254",37,2019,50.0,1.0,1.0,3.0,2267619,1.0,1,4,1,0.0,,-1.0,0,1964.0,B01,138Â 201Â 667,1.0,0.0,-1.0,1730880,2.0,7,,14.0,2.0,1.0,A01,138Â 201Â 666,1.0
1014013,201900055544,10,24,19:20,3,2,1,1.0,4.0,37261,PONT CHER (AVENUE DE),M,"47,3688732","0,6766254",37,2019,50.0,1.0,1.0,3.0,2267619,1.0,1,4,1,0.0,,-1.0,0,1964.0,B01,138Â 201Â 667,1.0,0.0,-1.0,1730881,2.0,7,,14.0,2.0,4.0,B01,138Â 201Â 667,1.0
1014013,201900055544,10,24,19:20,3,2,1,1.0,4.0,37261,PONT CHER (AVENUE DE),M,"47,3688732","0,6766254",37,2019,50.0,1.0,1.0,3.0,2267619,1.0,1,4,1,0.0,,-1.0,0,1964.0,B01,138Â 201Â 667,1.0,0.0,-1.0,1730882,2.0,7,,0.0,2.0,4.0,C01,138Â 201Â 668,1.0
1014013,201900055544,10,24,19:20,3,2,1,1.0,4.0,37261,PONT CHER (AVENUE DE),M,"47,3688732","0,6766254",37,2019,50.0,1.0,1.0,3.0,2267620,1.0,1,1,1,1.0,,-1.0,0,1963.0,C01,138Â 201Â 668,1.0,0.0,-1.0,1730880,2.0,7,,14.0,2.0,1.0,A01,138Â 201Â 666,1.0
1014013,201900055544,10,24,19:20,3,2,1,1.0,4.0,37261,PONT CHER (AVENUE DE),M,"47,3688732","0,6766254",37,2019,50.0,1.0,1.0,3.0,2267620,1.0,1,1,1,1.0,,-1.0,0,1963.0,C01,138Â 201Â 668,1.0,0.0,-1.0,1730881,2.0,7,,14.0,2.0,4.0,B01,138Â 201Â 667,1.0
1014013,201900055544,10,24,19:20,3,2,1,1.0,4.0,37261,PONT CHER (AVENUE DE),M,"47,3688732","0,6766254",37,2019,50.0,1.0,1.0,3.0,2267620,1.0,1,1,1,1.0,,-1.0,0,1963.0,C01,138Â 201Â 668,1.0,0.0,-1.0,1730882,2.0,7,,0.0,2.0,4.0,C01,138Â 201Â 668,1.0
1014014,201900055545,10,24,18:52,2,2,2,1.0,2.0,37261,PAS NOTRE-DAME (RUE DU),M,"47,4141805","0,6966753",37,2019,50.0,1.0,1.0,4.0,2267621,2.0,2,4,2,5.0,,-1.0, -1,1996.0,B01,138Â 201Â 664,1.0,0.0,-1.0,1730883,2.0,7,,6.0,2.0,6.0,B01,138Â 201Â 664,1.0
1014014,201900055545,10,24,18:52,2,2,2,1.0,2.0,37261,PAS NOTRE-DAME (RUE DU),M,"47,4141805","0,6966753",37,2019,50.0,1.0,1.0,4.0,2267621,2.0,2,4,2,5.0,,-1.0, -1,1996.0,B01,138Â 201Â 664,1.0,0.0,-1.0,1730884,3.0,7,,0.0,2.0,1.0,A01,138Â 201Â 665,1.0
1014014,201900055545,10,24,18:52,2,2,2,1.0,2.0,37261,PAS NOTRE-DAME (RUE DU),M,"47,4141805","0,6966753",37,2019,50.0,1.0,1.0,4.0,2267622,1.0,1,1,2,5.0,,-1.0, -1,1994.0,B01,138Â 201Â 664,1.0,0.0,-1.0,1730883,2.0,7,,6.0,2.0,6.0,B01,138Â 201Â 664,1.0
1014014,201900055545,10,24,18:52,2,2,2,1.0,2.0,37261,PAS NOTRE-DAME (RUE DU),M,"47,4141805","0,6966753",37,2019,50.0,1.0,1.0,4.0,2267622,1.0,1,1,2,5.0,,-1.0, -1,1994.0,B01,138Â 201Â 664,1.0,0.0,-1.0,1730884,3.0,7,,0.0,2.0,1.0,A01,138Â 201Â 665,1.0
1014014,201900055545,10,24,18:52,2,2,2,1.0,2.0,37261,PAS NOTRE-DAME (RUE DU),M,"47,4141805","0,6966753",37,2019,50.0,1.0,1.0,4.0,2267623,1.0,1,1,1,5.0,,-1.0, -1,1998.0,A01,138Â 201Â 665,1.0,0.0,-1.0,1730883,2.0,7,,6.0,2.0,6.0,B01,138Â 201Â 664,1.0
1014014,201900055545,10,24,18:52,2,2,2,1.0,2.0,37261,PAS NOTRE-DAME (RUE DU),M,"47,4141805","0,6966753",37,2019,50.0,1.0,1.0,4.0,2267623,1.0,1,1,1,5.0,,-1.0, -1,1998.0,A01,138Â 201Â 665,1.0,0.0,-1.0,1730884,3.0,7,,0.0,2.0,1.0,A01,138Â 201Â 665,1.0
1014015,201900055546,1,6,00:35,3,1,1,1.0,6.0,97413,RN1,M," -21,2141670","55,2958330",974,2019,110.0,1.0,1.0,2.0,2267624,10.0,3,2,1,5.0,,6.0,3,1992.0,A01,138Â 201Â 686,0.0,-1.0,-1.0,1730885,2.0,7,,0.0,1.0,1.0,A01,138Â 201Â 686,1.0
1014015,201900055546,1,6,00:35,3,1,1,1.0,6.0,97413,RN1,M," -21,2141670","55,2958330",974,2019,110.0,1.0,1.0,2.0,2267625,1.0,1,1,1,5.0,,0.0,0,1996.0,A01,138Â 201Â 686,1.0,-1.0,-1.0,1730885,2.0,7,,0.0,1.0,1.0,A01,138Â 201Â 686,1.0
1014016,201900055547,1,5,02:45,3,2,1,1.0,7.0,97413,2 Rue du GÃ©nÃ©ral Lambert,M," -21,1593360","55,2867760",974,2019,50.0,4.0,1.0,2.0,2267626,1.0,1,3,1,5.0,,0.0,0,2003.0,A01,138Â 201Â 661,0.0,-1.0,-1.0,1730886,1.0,2,,12.0,0.0,1.0,A01,138Â 201Â 661,1.0
1014016,201900055547,1,5,02:45,3,2,1,1.0,7.0,97413,2 Rue du GÃ©nÃ©ral Lambert,M," -21,1593360","55,2867760",974,2019,50.0,4.0,1.0,2.0,2267627,2.0,2,1,1,5.0,,0.0,0,2002.0,A01,138Â 201Â 661,2.0,-1.0,-1.0,1730886,1.0,2,,12.0,0.0,1.0,A01,138Â 201Â 661,1.0
1014017,201900055548,1,1,10:45,1,1,1,1.0,4.0,97413,RN1A,M," -21,1439980","55,2723660",974,2019,90.0,5.0,1.0,2.0,2267628,1.0,1,3,1,5.0,,0.0,0,1969.0,C01,138Â 201Â 658,2.0,-1.0,-1.0,1730887,1.0,1,,0.0,2.0,4.0,C01,138Â 201Â 658,6.0
1014017,201900055548,1,1,10:45,1,1,1,1.0,4.0,97413,RN1A,M," -21,1439980","55,2723660",974,2019,90.0,5.0,1.0,2.0,2267628,1.0,1,3,1,5.0,,0.0,0,1969.0,C01,138Â 201Â 658,2.0,-1.0,-1.0,1730888,1.0,1,,0.0,2.0,4.0,B01,138Â 201Â 659,6.0
1014017,201900055548,1,1,10:45,1,1,1,1.0,4.0,97413,RN1A,M," -21,1439980","55,2723660",974,2019,90.0,5.0,1.0,2.0,2267628,1.0,1,3,1,5.0,,0.0,0,1969.0,C01,138Â 201Â 658,2.0,-1.0,-1.0,1730889,1.0,7,,0.0,9.0,1.0,A01,138Â 201Â 660,1.0
1014017,201900055548,1,1,10:45,1,1,1,1.0,4.0,97413,RN1A,M," -21,1439980","55,2723660",974,2019,90.0,5.0,1.0,2.0,2267629,1.0,1,3,1,5.0,,0.0,0,1971.0,B01,138Â 201Â 659,2.0,-1.0,-1.0,1730887,1.0,1,,0.0,2.0,4.0,C01,138Â 201Â 658,6.0
1014017,201900055548,1,1,10:45,1,1,1,1.0,4.0,97413,RN1A,M," -21,1439980","55,2723660",974,2019,90.0,5.0,1.0,2.0,2267629,1.0,1,3,1,5.0,,0.0,0,1971.0,B01,138Â 201Â 659,2.0,-1.0,-1.0,1730888,1.0,1,,0.0,2.0,4.0,B01,138Â 201Â 659,6.0
1014017,201900055548,1,1,10:45,1,1,1,1.0,4.0,97413,RN1A,M," -21,1439980","55,2723660",974,2019,90.0,5.0,1.0,2.0,2267629,1.0,1,3,1,5.0,,0.0,0,1971.0,B01,138Â 201Â 659,2.0,-1.0,-1.0,1730889,1.0,7,,0.0,9.0,1.0,A01,138Â 201Â 660,1.0
1014017,201900055548,1,1,10:45,1,1,1,1.0,4.0,97413,RN1A,M," -21,1439980","55,2723660",974,2019,90.0,5.0,1.0,2.0,2267630,1.0,1,1,1,5.0,,0.0,0,1974.0,A01,138Â 201Â 660,8.0,-1.0,-1.0,1730887,1.0,1,,0.0,2.0,4.0,C01,138Â 201Â 658,6.0
1014017,201900055548,1,1,10:45,1,1,1,1.0,4.0,97413,RN1A,M," -21,1439980","55,2723660",974,2019,90.0,5.0,1.0,2.0,2267630,1.0,1,1,1,5.0,,0.0,0,1974.0,A01,138Â 201Â 660,8.0,-1.0,-1.0,1730888,1.0,1,,0.0,2.0,4.0,B01,138Â 201Â 659,6.0
1014017,201900055548,1,1,10:45,1,1,1,1.0,4.0,97413,RN1A,M," -21,1439980","55,2723660",974,2019,90.0,5.0,1.0,2.0,2267630,1.0,1,1,1,5.0,,0.0,0,1974.0,A01,138Â 201Â 660,8.0,-1.0,-1.0,1730889,1.0,7,,0.0,9.0,1.0,A01,138Â 201Â 660,1.0
1014018,201900055549,1,3,10:10,1,1,1,1.0,6.0,14760,A84,M,"49,0938890"," -0,6264060",14,2019,130.0,3.0,1.0,1.0,2267631,8.0,2,1,2,5.0,,0.0,0,2015.0,A01,138Â 201Â 657,1.0,3.0,-1.0,1730890,2.0,7,,13.0,0.0,2.0,A01,138Â 201Â 657,1.0
1014018,201900055549,1,3,10:10,1,1,1,1.0,6.0,14760,A84,M,"49,0938890"," -0,6264060",14,2019,130.0,3.0,1.0,1.0,2267632,7.0,2,1,1,5.0,,0.0,0,2008.0,A01,138Â 201Â 657,1.0,-1.0,-1.0,1730890,2.0,7,,13.0,0.0,2.0,A01,138Â 201Â 657,1.0
1014018,201900055549,1,3,10:10,1,1,1,1.0,6.0,14760,A84,M,"49,0938890"," -0,6264060",14,2019,130.0,3.0,1.0,1.0,2267633,1.0,1,4,1,5.0,,0.0,0,1981.0,A01,138Â 201Â 657,1.0,-1.0,-1.0,1730890,2.0,7,,13.0,0.0,2.0,A01,138Â 201Â 657,1.0
1014018,201900055549,1,3,10:10,1,1,1,1.0,6.0,14760,A84,M,"49,0938890"," -0,6264060",14,2019,130.0,3.0,1.0,1.0,2267634,2.0,2,3,2,5.0,,0.0,0,1992.0,A01,138Â 201Â 657,1.0,-1.0,-1.0,1730890,2.0,7,,13.0,0.0,2.0,A01,138Â 201Â 657,1.0
1014018,201900055549,1,3,10:10,1,1,1,1.0,6.0,14760,A84,M,"49,0938890"," -0,6264060",14,2019,130.0,3.0,1.0,1.0,2267635,9.0,2,4,1,5.0,,0.0,0,2012.0,A01,138Â 201Â 657,3.0,1.0,-1.0,1730890,2.0,7,,13.0,0.0,2.0,A01,138Â 201Â 657,1.0
1014019,201900055550,10,25,11:00,1,2,3,2.0,3.0,35238,PATTON (AVENUE DU GENERAL SIR GEORGES),M,"48,1320600"," -1,6617400",35,2019,50.0,1.0,1.0,4.0,2267636,1.0,1,4,2,5.0,,-1.0,0,1991.0,A01,138Â 201Â 662,1.0,8.0,-1.0,1730891,3.0,7,,0.0,2.0,1.0,A01,138Â 201Â 662,1.0
1014019,201900055550,10,25,11:00,1,2,3,2.0,3.0,35238,PATTON (AVENUE DU GENERAL SIR GEORGES),M,"48,1320600"," -1,6617400",35,2019,50.0,1.0,1.0,4.0,2267636,1.0,1,4,2,5.0,,-1.0,0,1991.0,A01,138Â 201Â 662,1.0,8.0,-1.0,1730892,3.0,37,2.0,0.0,2.0,2.0,B01,138Â 201Â 663,1.0
1014019,201900055550,10,25,11:00,1,2,3,2.0,3.0,35238,PATTON (AVENUE DU GENERAL SIR GEORGES),M,"48,1320600"," -1,6617400",35,2019,50.0,1.0,1.0,4.0,2267637,8.0,2,4,1,5.0,,-1.0,0,2001.0,B01,138Â 201Â 663,8.0,0.0,-1.0,1730891,3.0,7,,0.0,2.0,1.0,A01,138Â 201Â 662,1.0
1014019,201900055550,10,25,11:00,1,2,3,2.0,3.0,35238,PATTON (AVENUE DU GENERAL SIR GEORGES),M,"48,1320600"," -1,6617400",35,2019,50.0,1.0,1.0,4.0,2267637,8.0,2,4,1,5.0,,-1.0,0,2001.0,B01,138Â 201Â 663,8.0,0.0,-1.0,1730892,3.0,37,2.0,0.0,2.0,2.0,B01,138Â 201Â 663,1.0
1014019,201900055550,10,25,11:00,1,2,3,2.0,3.0,35238,PATTON (AVENUE DU GENERAL SIR GEORGES),M,"48,1320600"," -1,6617400",35,2019,50.0,1.0,1.0,4.0,2267638,1.0,1,1,1,4.0,,-1.0,0,1972.0,B01,138Â 201Â 663,1.0,8.0,-1.0,1730891,3.0,7,,0.0,2.0,1.0,A01,138Â 201Â 662,1.0
1014019,201900055550,10,25,11:00,1,2,3,2.0,3.0,35238,PATTON (AVENUE DU GENERAL SIR GEORGES),M,"48,1320600"," -1,6617400",35,2019,50.0,1.0,1.0,4.0,2267638,1.0,1,1,1,4.0,,-1.0,0,1972.0,B01,138Â 201Â 663,1.0,8.0,-1.0,1730892,3.0,37,2.0,0.0,2.0,2.0,B01,138Â 201Â 663,1.0
1014020,201900055551,9,23,12:50,1,1,1,2.0,3.0,14061,D577,M,"48,8842936"," -0,8541308",14,2019,80.0,1.0,2.0,3.0,2267639,1.0,1,1,1,4.0,,0.0,0,1973.0,B01,138Â 201Â 670,1.0,-1.0,-1.0,1730893,1.0,17,,0.0,2.0,8.0,B01,138Â 201Â 670,1.0
1014020,201900055551,9,23,12:50,1,1,1,2.0,3.0,14061,D577,M,"48,8842936"," -0,8541308",14,2019,80.0,1.0,2.0,3.0,2267639,1.0,1,1,1,4.0,,0.0,0,1973.0,B01,138Â 201Â 670,1.0,-1.0,-1.0,1730894,2.0,7,,0.0,2.0,3.0,A01,138Â 201Â 672,1.0
1014020,201900055551,9,23,12:50,1,1,1,2.0,3.0,14061,D577,M,"48,8842936"," -0,8541308",14,2019,80.0,1.0,2.0,3.0,2267640,1.0,1,3,2,5.0,,0.0,0,1931.0,A01,138Â 201Â 672,1.0,-1.0,-1.0,1730893,1.0,17,,0.0,2.0,8.0,B01,138Â 201Â 670,1.0
1014020,201900055551,9,23,12:50,1,1,1,2.0,3.0,14061,D577,M,"48,8842936"," -0,8541308",14,2019,80.0,1.0,2.0,3.0,2267640,1.0,1,3,2,5.0,,0.0,0,1931.0,A01,138Â 201Â 672,1.0,-1.0,-1.0,1730894,2.0,7,,0.0,2.0,3.0,A01,138Â 201Â 672,1.0
1014021,201900055552,1,2,15:15,1,1,1,1.0,6.0,48009,Autoroute A75 PK 132+180 direction PARIS,M,"44,7455598","3,2884821",48,2019,130.0,3.0,1.0,1.0,2267641,1.0,1,3,1,5.0,,0.0,0,1996.0,A01,138Â 201Â 655,1.0,-1.0,-1.0,1730895,2.0,7,,3.0,0.0,1.0,A01,138Â 201Â 655,1.0
1014021,201900055552,1,2,15:15,1,1,1,1.0,6.0,48009,Autoroute A75 PK 132+180 direction PARIS,M,"44,7455598","3,2884821",48,2019,130.0,3.0,1.0,1.0,2267641,1.0,1,3,1,5.0,,0.0,0,1996.0,A01,138Â 201Â 655,1.0,-1.0,-1.0,1730896,2.0,7,,0.0,0.0,5.0,B01,138Â 201Â 656,1.0
1014021,201900055552,1,2,15:15,1,1,1,1.0,6.0,48009,Autoroute A75 PK 132+180 direction PARIS,M,"44,7455598","3,2884821",48,2019,130.0,3.0,1.0,1.0,2267642,2.0,2,1,1,5.0,,0.0,0,1997.0,A01,138Â 201Â 655,1.0,-1.0,-1.0,1730895,2.0,7,,3.0,0.0,1.0,A01,138Â 201Â 655,1.0
1014021,201900055552,1,2,15:15,1,1,1,1.0,6.0,48009,Autoroute A75 PK 132+180 direction PARIS,M,"44,7455598","3,2884821",48,2019,130.0,3.0,1.0,1.0,2267642,2.0,2,1,1,5.0,,0.0,0,1997.0,A01,138Â 201Â 655,1.0,-1.0,-1.0,1730896,2.0,7,,0.0,0.0,5.0,B01,138Â 201Â 656,1.0
1014021,201900055552,1,2,15:15,1,1,1,1.0,6.0,48009,Autoroute A75 PK 132+180 direction PARIS,M,"44,7455598","3,2884821",48,2019,130.0,3.0,1.0,1.0,2267643,4.0,2,3,1,1.0,,0.0,0,1989.0,A01,138Â 201Â 655,1.0,-1.0,-1.0,1730895,2.0,7,,3.0,0.0,1.0,A01,138Â 201Â 655,1.0
1014021,201900055552,1,2,15:15,1,1,1,1.0,6.0,48009,Autoroute A75 PK 132+180 direction PARIS,M,"44,7455598","3,2884821",48,2019,130.0,3.0,1.0,1.0,2267643,4.0,2,3,1,1.0,,0.0,0,1989.0,A01,138Â 201Â 655,1.0,-1.0,-1.0,1730896,2.0,7,,0.0,0.0,5.0,B01,138Â 201Â 656,1.0
1014021,201900055552,1,2,15:15,1,1,1,1.0,6.0,48009,Autoroute A75 PK 132+180 direction PARIS,M,"44,7455598","3,2884821",48,2019,130.0,3.0,1.0,1.0,2267644,3.0,2,1,1,5.0,,0.0,0,1996.0,A01,138Â 201Â 655,1.0,-1.0,-1.0,1730895,2.0,7,,3.0,0.0,1.0,A01,138Â 201Â 655,1.0
1014021,201900055552,1,2,15:15,1,1,1,1.0,6.0,48009,Autoroute A75 PK 132+180 direction PARIS,M,"44,7455598","3,2884821",48,2019,130.0,3.0,1.0,1.0,2267644,3.0,2,1,1,5.0,,0.0,0,1996.0,A01,138Â 201Â 655,1.0,-1.0,-1.0,1730896,2.0,7,,0.0,0.0,5.0,B01,138Â 201Â 656,1.0
1014021,201900055552,1,2,15:15,1,1,1,1.0,6.0,48009,Autoroute A75 PK 132+180 direction PARIS,M,"44,7455598","3,2884821",48,2019,130.0,3.0,1.0,1.0,2267645,10.0,3,1,1,9.0,,6.0,9,1963.0,B01,138Â 201Â 656,0.0,-1.0,-1.0,1730895,2.0,7,,3.0,0.0,1.0,A01,138Â 201Â 655,1.0
1014021,201900055552,1,2,15:15,1,1,1,1.0,6.0,48009,Autoroute A75 PK 132+180 direction PARIS,M,"44,7455598","3,2884821",48,2019,130.0,3.0,1.0,1.0,2267645,10.0,3,1,1,9.0,,6.0,9,1963.0,B01,138Â 201Â 656,0.0,-1.0,-1.0,1730896,2.0,7,,0.0,0.0,5.0,B01,138Â 201Â 656,1.0
1014022,201900055553,1,1,13:40,1,1,1,1.0,6.0,34259,A750 PK 11+100 en direction de Montpellier,M,"43,6337990","3,7558170",34,2019,130.0,1.0,1.0,1.0,2267646,1.0,1,3,2,5.0,,0.0,0,1966.0,A01,138Â 201Â 653,1.0,5.0,-1.0,1730897,2.0,7,,3.0,0.0,3.0,A01,138Â 201Â 653,1.0
1014022,201900055553,1,1,13:40,1,1,1,1.0,6.0,34259,A750 PK 11+100 en direction de Montpellier,M,"43,6337990","3,7558170",34,2019,130.0,1.0,1.0,1.0,2267647,2.0,2,3,2,5.0,,0.0,0,1985.0,A01,138Â 201Â 653,1.0,5.0,-1.0,1730897,2.0,7,,3.0,0.0,3.0,A01,138Â 201Â 653,1.0
1014022,201900055553,1,1,13:40,1,1,1,1.0,6.0,34259,A750 PK 11+100 en direction de Montpellier,M,"43,6337990","3,7558170",34,2019,130.0,1.0,1.0,1.0,2267648,5.0,2,3,1,0.0,,0.0,0,1972.0,A01,138Â 201Â 653,0.0,-1.0,-1.0,1730897,2.0,7,,3.0,0.0,3.0,A01,138Â 201Â 653,1.0
1014023,201900055554,10,24,10:15,1,2,3,1.0,3.0,34172,VERT-BOIS (AVENUE DU),M,"43,6362310","3,8685710",34,2019,50.0,1.0,1.0,4.0,2267649,1.0,1,4,1,5.0,,0.0,0,1999.0,B01,138Â 201Â 652,2.0,6.0,-1.0,1730898,2.0,31,,0.0,2.0,1.0,B01,138Â 201Â 652,1.0
1014023,201900055554,10,24,10:15,1,2,3,1.0,3.0,34172,VERT-BOIS (AVENUE DU),M,"43,6362310","3,8685710",34,2019,50.0,1.0,1.0,4.0,2267649,1.0,1,4,1,5.0,,0.0,0,1999.0,B01,138Â 201Â 652,2.0,6.0,-1.0,1730899,2.0,7,,0.0,2.0,8.0,A01,138Â 201Â 654,1.0
1014023,201900055554,10,24,10:15,1,2,3,1.0,3.0,34172,VERT-BOIS (AVENUE DU),M,"43,6362310","3,8685710",34,2019,50.0,1.0,1.0,4.0,2267650,1.0,1,1,2,5.0,,0.0,0,1959.0,A01,138Â 201Â 654,1.0,0.0,-1.0,1730898,2.0,31,,0.0,2.0,1.0,B01,138Â 201Â 652,1.0
1014023,201900055554,10,24,10:15,1,2,3,1.0,3.0,34172,VERT-BOIS (AVENUE DU),M,"43,6362310","3,8685710",34,2019,50.0,1.0,1.0,4.0,2267650,1.0,1,1,2,5.0,,0.0,0,1959.0,A01,138Â 201Â 654,1.0,0.0,-1.0,1730899,2.0,7,,0.0,2.0,8.0,A01,138Â 201Â 654,1.0
1014024,201900055555,10,24,23:20,5,2,3,1.0,3.0,34172,SABATIER D'ESPEYRAN (AVENUE FREDERIC),M,"43,6243717","3,8627235",34,2019,50.0,1.0,1.0,4.0,2267651,1.0,1,4,1,0.0,,-1.0, -1,1954.0,B01,138Â 201Â 647,2.0,8.0,-1.0,1730900,2.0,33,,0.0,2.0,1.0,B01,138Â 201Â 647,1.0
1014024,201900055555,10,24,23:20,5,2,3,1.0,3.0,34172,SABATIER D'ESPEYRAN (AVENUE FREDERIC),M,"43,6243717","3,8627235",34,2019,50.0,1.0,1.0,4.0,2267651,1.0,1,4,1,0.0,,-1.0, -1,1954.0,B01,138Â 201Â 647,2.0,8.0,-1.0,1730901,1.0,7,,0.0,2.0,5.0,A01,138Â 201Â 649,1.0
1014024,201900055555,10,24,23:20,5,2,3,1.0,3.0,34172,SABATIER D'ESPEYRAN (AVENUE FREDERIC),M,"43,6243717","3,8627235",34,2019,50.0,1.0,1.0,4.0,2267652,1.0,1,1,2,0.0,,-1.0, -1,2000.0,A01,138Â 201Â 649,1.0,0.0,-1.0,1730900,2.0,33,,0.0,2.0,1.0,B01,138Â 201Â 647,1.0
1014024,201900055555,10,24,23:20,5,2,3,1.0,3.0,34172,SABATIER D'ESPEYRAN (AVENUE FREDERIC),M,"43,6243717","3,8627235",34,2019,50.0,1.0,1.0,4.0,2267652,1.0,1,1,2,0.0,,-1.0, -1,2000.0,A01,138Â 201Â 649,1.0,0.0,-1.0,1730901,1.0,7,,0.0,2.0,5.0,A01,138Â 201Â 649,1.0