Unnamed: 0_x,num_acc,mois,jour,hrmn,lum,agg,int,atm,col,com,adr,gps,lat,long,dep,annee,vma,situ,surf,catr,Unnamed: 0_y,place,catu,grav,sexe,trajet,secu,locp,actp,an_nais,num_veh_x,id_vehicule_x,secu1,secu2,secu3,Unnamed: 0,senc,catv,occutc,obs,obsm,choc,num_veh_y,id_vehicule_y,motor
1014025,201900055556,1,1,18:34,3,1,1,1.0,5.0,15005,A75 PK 101+800,M,"44,9924240","3,1839580",15,2019,130.0,1.0,1.0,1.0,2267653,1.0,1,1,2,5.0,,0.0,0,1998.0,D01,138Â 201Â 645,1.0,-1.0,-1.0,1730902,1.0,7,,0.0,2.0,1.0,D01,138Â 201Â 645,1.0
1014025,201900055556,1,1,18:34,3,1,1,1.0,5.0,15005,A75 PK 101+800,M,"44,9924240","3,1839580",15,2019,130.0,1.0,1.0,1.0,2267653,1.0,1,1,2,5.0,,0.0,0,1998.0,D01,138Â 201Â 645,1.0,-1.0,-1.0,1730903,1.0,7,,0.0,2.0,1.0,C01,138Â 201Â 646,1.0
1014025,201900055556,1,1,18:34,3,1,1,1.0,5.0,15005,A75 PK 101+800,M,"44,9924240","3,1839580",15,2019,130.0,1.0,1.0,1.0,2267653,1.0,1,1,2,5.0,,0.0,0,1998.0,D01,138Â 201Â 645,1.0,-1.0,-1.0,1730904,1.0,7,,0.0,2.0,1.0,B01,138Â 201Â 648,1.0
1014025,201900055556,1,1,18:34,3,1,1,1.0,5.0,15005,A75 PK 101+800,M,"44,9924240","3,1839580",15,2019,130.0,1.0,1.0,1.0,2267653,1.0,1,1,2,5.0,,0.0,0,1998.0,D01,138Â 201Â 645,1.0,-1.0,-1.0,1730905,2.0,7,,3.0,2.0,1.0,A01,138Â 201Â 650,1.0
1014025,201900055556,1,1,18:34,3,1,1,1.0,5.0,15005,A75 PK 101+800,M,"44,9924240","3,1839580",15,2019,130.0,1.0,1.0,1.0,2267654,4.0,2,1,1,5.0,,0.0,0,1993.0,C01,138Â 201Â 646,1.0,-1.0,-1.0,1730902,1.0,7,,0.0,2.0,1.0,D01,138Â 201Â 645,1.0
1014025,201900055556,1,1,18:34,3,1,1,1.0,5.0,15005,A75 PK 101+800,M,"44,9924240","3,1839580",15,2019,130.0,1.0,1.0,1.0,2267654,4.0,2,1,1,5.0,,0.0,0,1993.0,C01,138Â 201Â 646,1.0,-1.0,-1.0,1730903,1.0,7,,0.0,2.0,1.0,C01,138Â 201Â 646,1.0
1014025,201900055556,1,1,18:34,3,1,1,1.0,5.0,15005,A75 PK 101+800,M,"44,9924240","3,1839580",15,2019,130.0,1.0,1.0,1.0,2267654,4.0,2,1,1,5.0,,0.0,0,1993.0,C01,138Â 201Â 646,1.0,-1.0,-1.0,1730904,1.0,7,,0.0,2.0,1.0,B01,138Â 201Â 648,1.0
1014025,201900055556,1,1,18:34,3,1,1,1.0,5.0,15005,A75 PK 101+800,M,"44,9924240","3,1839580",15,2019,130.0,1.0,1.0,1.0,2267654,4.0,2,1,1,5.0,,0.0,0,1993.0,C01,138Â 201Â 646,1.0,-1.0,-1.0,1730905,2.0,7,,3.0,2.0,1.0,A01,138Â 201Â 650,1.0
1014025,201900055556,1,1,18:34,3,1,1,1.0,5.0,15005,A75 PK 101+800,M,"44,9924240","3,1839580",15,2019,130.0,1.0,1.0,1.0,2267655,3.0,2,1,1,5.0,,0.0,0,2000.0,C01,138Â 201Â 646,1.0,-1.0,-1.0,1730902,1.0,7,,0.0,2.0,1.0,D01,138Â 201Â 645,1.0
1014025,201900055556,1,1,18:34,3,1,1,1.0,5.0,15005,A75 PK 101+800,M,"44,9924240","3,1839580",15,2019,130.0,1.0,1.0,1.0,2267655,3.0,2,1,1,5.0,,0.0,0,2000.0,C01,138Â 201Â 646,1.0,-1.0,-1.0,1730903,1.0,7,,0.0,2.0,1.0,C01,138Â 201Â 646,1.0
1014025,201900055556,1,1,18:34,3,1,1,1.0,5.0,15005,A75 PK 101+800,M,"44,9924240","3,1839580",15,2019,130.0,1.0,1.0,1.0,2267655,3.0,2,1,1,5.0,,0.0,0,2000.0,C01,138Â 201Â 646,1.0,-1.0,-1.0,1730904,1.0,7,,0.0,2.0,1.0,B01,138Â 201Â 648,1.0
1014025,201900055556,1,1,18:34,3,1,1,1.0,5.0,15005,A75 PK 101+800,M,"44,9924240","3,1839580",15,2019,130.0,1.0,1.0,1.0,2267655,3.0,2,1,1,5.0,,0.0,0,2000.0,C01,138Â 201Â 646,1.0,-1.0,-1.0,1730905,2.0,7,,3.0,2.0,1.0,A01,138Â 201Â 650,1.0
1014025,201900055556,1,1,18:34,3,1,1,1.0,5.0,15005,A75 PK 101+800,M,"44,9924240","3,1839580",15,2019,130.0,1.0,1.0,1.0,2267656,2.0,2,1,1,5.0,,0.0,0,1998.0,C01,138Â 201Â 646,1.0,-1.0,-1.0,1730902,1.0,7,,0.0,2.0,1.0,D01,138Â 201Â 645,1.0
1014025,201900055556,1,1,18:34,3,1,1,1.0,5.0,15005,A75 PK 101+800,M,"44,9924240","3,1839580",15,2019,130.0,1.0,1.0,1.0,2267656,2.0,2,1,1,5.0,,0.0,0,1998.0,C01,138Â 201Â 646,1.0,-1.0,-1.0,1730903,1.0,7,,0.0,2.0,1.0,C01,138Â 201Â 646,1.0
1014025,201900055556,1,1,18:34,3,1,1,1.0,5.0,15005,A75 PK 101+800,M,"44,9924240","3,1839580",15,2019,130.0,1.0,1.0,1.0,2267656,2.0,2,1,1,5.0,,0.0,0,1998.0,C01,138Â 201Â 646,1.0,-1.0,-1.0,1730904,1.0,7,,0.0,2.0,1.0,B01,138Â 201Â 648,1.0
1014025,201900055556,1,1,18:34,3,1,1,1.0,5.0,15005,A75 PK 101+800,M,"44,9924240","3,1839580",15,2019,130.0,1.0,1.0,1.0,2267656,2.0,2,1,1,5.0,,0.0,0,1998.0,C01,138Â 201Â 646,1.0,-1.0,-1.0,1730905,2.0,7,,3.0,2.0,1.0,A01,138Â 201Â 650,1.0
1014025,201900055556,1,1,18:34,3,1,1,1.0,5.0,15005,A75 PK 101+800,M,"44,9924240","3,1839580",15,2019,130.0,1.0,1.0,1.0,2267657,1.0,1,1,1,5.0,,0.0,0,1993.0,C01,138Â 201Â 646,1.0,-1.0,-1.0,1730902,1.0,7,,0.0,2.0,1.0,D01,138Â 201Â 645,1.0
1014025,201900055556,1,1,18:34,3,1,1,1.0,5.0,15005,A75 PK 101+800,M,"44,9924240","3,1839580",15,2019,130.0,1.0,1.0,1.0,2267657,1.0,1,1,1,5.0,,0.0,0,1993.0,C01,138Â 201Â 646,1.0,-1.0,-1.0,1730903,1.0,7,,0.0,2.0,1.0,C01,138Â 201Â 646,1.0
1014025,201900055556,1,1,18:34,3,1,1,1.0,5.0,15005,A75 PK 101+800,M,"44,9924240","3,1839580",15,2019,130.0,1.0,1.0,1.0,2267657,1.0,1,1,1,5.0,,0.0,0,1993.0,C01,138Â 201Â 646,1.0,-1.0,-1.0,1730904,1.0,7,,0.0,2.0,1.0,B01,138Â 201Â 648,1.0
1014025,201900055556,1,1,18:34,3,1,1,1.0,5.0,15005,A75 PK 101+800,M,"44,9924240","3,1839580",15,2019,130.0,1.0,1.0,1.0,2267657,1.0,1,1,1,5.0,,0.0,0,1993.0,C01,138Â 201Â 646,1.0,-1.0,-1.0,1730905,2.0,7,,3.0,2.0,1.0,A01,138Â 201Â 650,1.0
1014025,201900055556,1,1,18:34,3,1,1,1.0,5.0,15005,A75 PK 101+800,M,"44,9924240","3,1839580",15,2019,130.0,1.0,1.0,1.0,2267658,4.0,2,1,1,5.0,,0.0,0,1999.0,B01,138Â 201Â 648,1.0,-1.0,-1.0,1730902,1.0,7,,0.0,2.0,1.0,D01,138Â 201Â 645,1.0
1014025,201900055556,1,1,18:34,3,1,1,1.0,5.0,15005,A75 PK 101+800,M,"44,9924240","3,1839580",15,2019,130.0,1.0,1.0,1.0,2267658,4.0,2,1,1,5.0,,0.0,0,1999.0,B01,138Â 201Â 648,1.0,-1.0,-1.0,1730903,1.0,7,,0.0,2.0,1.0,C01,138Â 201Â 646,1.0
1014025,201900055556,1,1,18:34,3,1,1,1.0,5.0,15005,A75 PK 101+800,M,"44,9924240","3,1839580",15,2019,130.0,1.0,1.0,1.0,2267658,4.0,2,1,1,5.0,,0.0,0,1999.0,B01,138Â 201Â 648,1.0,-1.0,-1.0,1730904,1.0,7,,0.0,2.0,1.0,B01,138Â 201Â 648,1.0
1014025,201900055556,1,1,18:34,3,1,1,1.0,5.0,15005,A75 PK 101+800,M,"44,9924240","3,1839580",15,2019,130.0,1.0,1.0,1.0,2267658,4.0,2,1,1,5.0,,0.0,0,1999.0,B01,138Â 201Â 648,1.0,-1.0,-1.0,1730905,2.0,7,,3.0,2.0,1.0,A01,138Â 201Â 650,1.0
1014025,201900055556,1,1,18:34,3,1,1,1.0,5.0,15005,A75 PK 101+800,M,"44,9924240","3,1839580",15,2019,130.0,1.0,1.0,1.0,2267659,3.0,2,1,1,5.0,,0.0,0,1998.0,B01,138Â 201Â 648,1.0,-1.0,-1.0,1730902,1.0,7,,0.0,2.0,1.0,D01,138Â 201Â 645,1.0
1014025,201900055556,1,1,18:34,3,1,1,1.0,5.0,15005,A75 PK 101+800,M,"44,9924240","3,1839580",15,2019,130.0,1.0,1.0,1.0,2267659,3.0,2,1,1,5.0,,0.0,0,1998.0,B01,138Â 201Â 648,1.0,-1.0,-1.0,1730903,1.0,7,,0.0,2.0,1.0,C01,138Â 201Â 646,1.0
1014025,201900055556,1,1,18:34,3,1,1,1.0,5.0,15005,A75 PK 101+800,M,"44,9924240","3,1839580",15,2019,130.0,1.0,1.0,1.0,2267659,3.0,2,1,1,5.0,,0.0,0,1998.0,B01,138Â 201Â 648,1.0,-1.0,-1.0,1730904,1.0,7,,0.0,2.0,1.0,B01,138Â 201Â 648,1.0
1014025,201900055556,1,1,18:34,3,1,1,1.0,5.0,15005,A75 PK 101+800,M,"44,9924240","3,1839580",15,2019,130.0,1.0,1.0,1.0,2267659,3.0,2,1,1,5.0,,0.0,0,1998.0,B01,138Â 201Â 648,1.0,-1.0,-1.0,1730905,2.0,7,,3.0,2.0,1.0,A01,138Â 201Â 650,1.0
1014025,201900055556,1,1,18:34,3,1,1,1.0,5.0,15005,A75 PK 101+800,M,"44,9924240","3,1839580",15,2019,130.0,1.0,1.0,1.0,2267660,2.0,2,1,2,5.0,,0.0,0,1997.0,B01,138Â 201Â 648,1.0,-1.0,-1.0,1730902,1.0,7,,0.0,2.0,1.0,D01,138Â 201Â 645,1.0
1014025,201900055556,1,1,18:34,3,1,1,1.0,5.0,15005,A75 PK 101+800,M,"44,9924240","3,1839580",15,2019,130.0,1.0,1.0,1.0,2267660,2.0,2,1,2,5.0,,0.0,0,1997.0,B01,138Â 201Â 648,1.0,-1.0,-1.0,1730903,1.0,7,,0.0,2.0,1.0,C01,138Â 201Â 646,1.0
1014025,201900055556,1,1,18:34,3,1,1,1.0,5.0,15005,A75 PK 101+800,M,"44,9924240","3,1839580",15,2019,130.0,1.0,1.0,1.0,2267660,2.0,2,1,2,5.0,,0.0,0,1997.0,B01,138Â 201Â 648,1.0,-1.0,-1.0,1730904,1.0,7,,0.0,2.0,1.0,B01,138Â 201Â 648,1.0
1014025,201900055556,1,1,18:34,3,1,1,1.0,5.0,15005,A75 PK 101+800,M,"44,9924240","3,1839580",15,2019,130.0,1.0,1.0,1.0,2267660,2.0,2,1,2,5.0,,0.0,0,1997.0,B01,138Â 201Â 648,1.0,-1.0,-1.0,1730905,2.0,7,,3.0,2.0,1.0,A01,138Â 201Â 650,1.0
1014025,201900055556,1,1,18:34,3,1,1,1.0,5.0,15005,A75 PK 101+800,M,"44,9924240","3,1839580",15,2019,130.0,1.0,1.0,1.0,2267661,1.0,1,1,1,5.0,,0.0,0,1997.0,B01,138Â 201Â 648,1.0,-1.0,-1.0,1730902,1.0,7,,0.0,2.0,1.0,D01,138Â 201Â 645,1.0
1014025,201900055556,1,1,18:34,3,1,1,1.0,5.0,15005,A75 PK 101+800,M,"44,9924240","3,1839580",15,2019,130.0,1.0,1.0,1.0,2267661,1.0,1,1,1,5.0,,0.0,0,1997.0,B01,138Â 201Â 648,1.0,-1.0,-1.0,1730903,1.0,7,,0.0,2.0,1.0,C01,138Â 201Â 646,1.0
1014025,201900055556,1,1,18:34,3,1,1,1.0,5.0,15005,A75 PK 101+800,M,"44,9924240","3,1839580",15,2019,130.0,1.0,1.0,1.0,2267661,1.0,1,1,1,5.0,,0.0,0,1997.0,B01,138Â 201Â 648,1.0,-1.0,-1.0,1730904,1.0,7,,0.0,2.0,1.0,B01,138Â 201Â 648,1.0
1014025,201900055556,1,1,18:34,3,1,1,1.0,5.0,15005,A75 PK 101+800,M,"44,9924240","3,1839580",15,2019,130.0,1.0,1.0,1.0,2267661,1.0,1,1,1,5.0,,0.0,0,1997.0,B01,138Â 201Â 648,1.0,-1.0,-1.0,1730905,2.0,7,,3.0,2.0,1.0,A01,138Â 201Â 650,1.0
1014025,201900055556,1,1,18:34,3,1,1,1.0,5.0,15005,A75 PK 101+800,M,"44,9924240","3,1839580",15,2019,130.0,1.0,1.0,1.0,2267662,2.0,2,2,2,5.0,,0.0,0,1943.0,A01,138Â 201Â 650,8.0,-1.0,-1.0,1730902,1.0,7,,0.0,2.0,1.0,D01,138Â 201Â 645,1.0
1014025,201900055556,1,1,18:34,3,1,1,1.0,5.0,15005,A75 PK 101+800,M,"44,9924240","3,1839580",15,2019,130.0,1.0,1.0,1.0,2267662,2.0,2,2,2,5.0,,0.0,0,1943.0,A01,138Â 201Â 650,8.0,-1.0,-1.0,1730903,1.0,7,,0.0,2.0,1.0,C01,138Â 201Â 646,1.0
1014025,201900055556,1,1,18:34,3,1,1,1.0,5.0,15005,A75 PK 101+800,M,"44,9924240","3,1839580",15,2019,130.0,1.0,1.0,1.0,2267662,2.0,2,2,2,5.0,,0.0,0,1943.0,A01,138Â 201Â 650,8.0,-1.0,-1.0,1730904,1.0,7,,0.0,2.0,1.0,B01,138Â 201Â 648,1.0
1014025,201900055556,1,1,18:34,3,1,1,1.0,5.0,15005,A75 PK 101+800,M,"44,9924240","3,1839580",15,2019,130.0,1.0,1.0,1.0,2267662,2.0,2,2,2,5.0,,0.0,0,1943.0,A01,138Â 201Â 650,8.0,-1.0,-1.0,1730905,2.0,7,,3.0,2.0,1.0,A01,138Â 201Â 650,1.0
1014025,201900055556,1,1,18:34,3,1,1,1.0,5.0,15005,A75 PK 101+800,M,"44,9924240","3,1839580",15,2019,130.0,1.0,1.0,1.0,2267663,1.0,1,1,1,5.0,,0.0,0,1935.0,A01,138Â 201Â 650,1.0,-1.0,-1.0,1730902,1.0,7,,0.0,2.0,1.0,D01,138Â 201Â 645,1.0
1014025,201900055556,1,1,18:34,3,1,1,1.0,5.0,15005,A75 PK 101+800,M,"44,9924240","3,1839580",15,2019,130.0,1.0,1.0,1.0,2267663,1.0,1,1,1,5.0,,0.0,0,1935.0,A01,138Â 201Â 650,1.0,-1.0,-1.0,1730903,1.0,7,,0.0,2.0,1.0,C01,138Â 201Â 646,1.0
1014025,201900055556,1,1,18:34,3,1,1,1.0,5.0,15005,A75 PK 101+800,M,"44,9924240","3,1839580",15,2019,130.0,1.0,1.0,1.0,2267663,1.0,1,1,1,5.0,,0.0,0,1935.0,A01,138Â 201Â 650,1.0,-1.0,-1.0,1730904,1.0,7,,0.0,2.0,1.0,B01,138Â 201Â 648,1.0
1014025,201900055556,1,1,18:34,3,1,1,1.0,5.0,15005,A75 PK 101+800,M,"44,9924240","3,1839580",15,2019,130.0,1.0,1.0,1.0,2267663,1.0,1,1,1,5.0,,0.0,0,1935.0,A01,138Â 201Â 650,1.0,-1.0,-1.0,1730905,2.0,7,,3.0,2.0,1.0,A01,138Â 201Â 650,1.0
1014026,201900055557,9,24,13:10,1,1,1,2.0,3.0,76099,Route du Manoir,M,"49,5509950","0,8529400",76,2019,70.0,1.0,2.0,3.0,2267664,8.0,2,1,1,4.0,,0.0,0,1976.0,B01,138Â 201Â 643,1.0,-1.0,-1.0,1730906,2.0,14,,0.0,2.0,1.0,B01,138Â 201Â 643,0.0
1014026,201900055557,9,24,13:10,1,1,1,2.0,3.0,76099,Route du Manoir,M,"49,5509950","0,8529400",76,2019,70.0,1.0,2.0,3.0,2267664,8.0,2,1,1,4.0,,0.0,0,1976.0,B01,138Â 201Â 643,1.0,-1.0,-1.0,1730907,1.0,7,,0.0,2.0,2.0,A01,138Â 201Â 651,0.0
1014026,201900055557,9,24,13:10,1,1,1,2.0,3.0,76099,Route du Manoir,M,"49,5509950","0,8529400",76,2019,70.0,1.0,2.0,3.0,2267665,1.0,1,1,1,4.0,,0.0,0,1975.0,B01,138Â 201Â 643,1.0,-1.0,-1.0,1730906,2.0,14,,0.0,2.0,1.0,B01,138Â 201Â 643,0.0
1014026,201900055557,9,24,13:10,1,1,1,2.0,3.0,76099,Route du Manoir,M,"49,5509950","0,8529400",76,2019,70.0,1.0,2.0,3.0,2267665,1.0,1,1,1,4.0,,0.0,0,1975.0,B01,138Â 201Â 643,1.0,-1.0,-1.0,1730907,1.0,7,,0.0,2.0,2.0,A01,138Â 201Â 651,0.0
1014026,201900055557,9,24,13:10,1,1,1,2.0,3.0,76099,Route du Manoir,M,"49,5509950","0,8529400",76,2019,70.0,1.0,2.0,3.0,2267666,2.0,2,1,1,4.0,,0.0,0,1986.0,B01,138Â 201Â 643,1.0,-1.0,-1.0,1730906,2.0,14,,0.0,2.0,1.0,B01,138Â 201Â 643,0.0
1014026,201900055557,9,24,13:10,1,1,1,2.0,3.0,76099,Route du Manoir,M,"49,5509950","0,8529400",76,2019,70.0,1.0,2.0,3.0,2267666,2.0,2,1,1,4.0,,0.0,0,1986.0,B01,138Â 201Â 643,1.0,-1.0,-1.0,1730907,1.0,7,,0.0,2.0,2.0,A01,138Â 201Â 651,0.0
1014026,201900055557,9,24,13:10,1,1,1,2.0,3.0,76099,Route du Manoir,M,"49,5509950","0,8529400",76,2019,70.0,1.0,2.0,3.0,2267667,1.0,1,3,2,0.0,,0.0,0,1974.0,A01,138Â 201Â 651,1.0,-1.0,-1.0,1730906,2.0,14,,0.0,2.0,1.0,B01,138Â 201Â 643,0.0
1014026,201900055557,9,24,13:10,1,1,1,2.0,3.0,76099,Route du Manoir,M,"49,5509950","0,8529400",76,2019,70.0,1.0,2.0,3.0,2267667,1.0,1,3,2,0.0,,0.0,0,1974.0,A01,138Â 201Â 651,1.0,-1.0,-1.0,1730907,1.0,7,,0.0,2.0,2.0,A01,138Â 201Â 651,0.0
1014027,201900055558,10,25,12:10,1,2,6,1.0,3.0,33063,ALL HAUSMANN,M,"44,8659300"," -0,5751800",33,2019,50.0,1.0,1.0,4.0,2267668,1.0,1,3,1,0.0,,-1.0, -1,1995.0,B01,138Â 201Â 642,2.0,0.0,-1.0,1730908,0.0,2,,0.0,2.0,8.0,B01,138Â 201Â 642,1.0
1014027,201900055558,10,25,12:10,1,2,6,1.0,3.0,33063,ALL HAUSMANN,M,"44,8659300"," -0,5751800",33,2019,50.0,1.0,1.0,4.0,2267668,1.0,1,3,1,0.0,,-1.0, -1,1995.0,B01,138Â 201Â 642,2.0,0.0,-1.0,1730909,0.0,15,,0.0,2.0,2.0,A01,138Â 201Â 644,1.0
1014027,201900055558,10,25,12:10,1,2,6,1.0,3.0,33063,ALL HAUSMANN,M,"44,8659300"," -0,5751800",33,2019,50.0,1.0,1.0,4.0,2267669,1.0,1,1,1,4.0,,-1.0, -1,1987.0,A01,138Â 201Â 644,8.0,0.0,-1.0,1730908,0.0,2,,0.0,2.0,8.0,B01,138Â 201Â 642,1.0
1014027,201900055558,10,25,12:10,1,2,6,1.0,3.0,33063,ALL HAUSMANN,M,"44,8659300"," -0,5751800",33,2019,50.0,1.0,1.0,4.0,2267669,1.0,1,1,1,4.0,,-1.0, -1,1987.0,A01,138Â 201Â 644,8.0,0.0,-1.0,1730909,0.0,15,,0.0,2.0,2.0,A01,138Â 201Â 644,1.0
1014028,201900055559,1,1,04:00,3,1,1,1.0,6.0,87201,RD 941 2x2 voies,M,"45,8476900","1,1694000",87,2019,110.0,2.0,1.0,3.0,2267670,1.0,1,3,1,5.0,,0.0,0,1987.0,A01,138Â 201Â 641,1.0,-1.0,-1.0,1730910,1.0,7,,3.0,0.0,2.0,A01,138Â 201Â 641,1.0
1014029,201900055560,9,23,18:40,1,1,1,1.0,2.0,13055,A507 sens Marseille - Aubagne,M,"43,3363090","5,3800940",13,2019,70.0,1.0,1.0,1.0,2267671,1.0,1,4,1,0.0,,-1.0,0,1998.0,B01,138Â 201Â 637,1.0,0.0,-1.0,1730911,1.0,7,,0.0,0.0,0.0,B01,138Â 201Â 637,1.0
1014029,201900055560,9,23,18:40,1,1,1,1.0,2.0,13055,A507 sens Marseille - Aubagne,M,"43,3363090","5,3800940",13,2019,70.0,1.0,1.0,1.0,2267671,1.0,1,4,1,0.0,,-1.0,0,1998.0,B01,138Â 201Â 637,1.0,0.0,-1.0,1730912,1.0,7,,0.0,0.0,0.0,A01,138Â 201Â 640,1.0
1014029,201900055560,9,23,18:40,1,1,1,1.0,2.0,13055,A507 sens Marseille - Aubagne,M,"43,3363090","5,3800940",13,2019,70.0,1.0,1.0,1.0,2267672,1.0,1,4,1,0.0,,-1.0,0,1991.0,A01,138Â 201Â 640,1.0,0.0,-1.0,1730911,1.0,7,,0.0,0.0,0.0,B01,138Â 201Â 637,1.0
1014029,201900055560,9,23,18:40,1,1,1,1.0,2.0,13055,A507 sens Marseille - Aubagne,M,"43,3363090","5,3800940",13,2019,70.0,1.0,1.0,1.0,2267672,1.0,1,4,1,0.0,,-1.0,0,1991.0,A01,138Â 201Â 640,1.0,0.0,-1.0,1730912,1.0,7,,0.0,0.0,0.0,A01,138Â 201Â 640,1.0
1014030,201900055561,1,4,20:00,5,2,1,1.0,4.0,83054,chemin de HyÃ¨res,M,"43,1719920","6,0500560",83,2019,50.0,1.0,1.0,3.0,2267673,1.0,1,1,1,9.0,,0.0,0,1983.0,A01,138Â 201Â 633,1.0,5.0,-1.0,1730913,2.0,7,,0.0,2.0,1.0,A01,138Â 201Â 633,1.0
1014030,201900055561,1,4,20:00,5,2,1,1.0,4.0,83054,chemin de HyÃ¨res,M,"43,1719920","6,0500560",83,2019,50.0,1.0,1.0,3.0,2267673,1.0,1,1,1,9.0,,0.0,0,1983.0,A01,138Â 201Â 633,1.0,5.0,-1.0,1730914,2.0,7,,0.0,2.0,1.0,C01,138Â 201Â 635,1.0
1014030,201900055561,1,4,20:00,5,2,1,1.0,4.0,83054,chemin de HyÃ¨res,M,"43,1719920","6,0500560",83,2019,50.0,1.0,1.0,3.0,2267673,1.0,1,1,1,9.0,,0.0,0,1983.0,A01,138Â 201Â 633,1.0,5.0,-1.0,1730915,2.0,7,,0.0,2.0,1.0,B01,138Â 201Â 638,1.0
1014030,201900055561,1,4,20:00,5,2,1,1.0,4.0,83054,chemin de HyÃ¨res,M,"43,1719920","6,0500560",83,2019,50.0,1.0,1.0,3.0,2267674,1.0,1,1,1,1.0,,0.0,0,1982.0,C01,138Â 201Â 635,1.0,-1.0,-1.0,1730913,2.0,7,,0.0,2.0,1.0,A01,138Â 201Â 633,1.0
1014030,201900055561,1,4,20:00,5,2,1,1.0,4.0,83054,chemin de HyÃ¨res,M,"43,1719920","6,0500560",83,2019,50.0,1.0,1.0,3.0,2267674,1.0,1,1,1,1.0,,0.0,0,1982.0,C01,138Â 201Â 635,1.0,-1.0,-1.0,1730914,2.0,7,,0.0,2.0,1.0,C01,138Â 201Â 635,1.0
1014030,201900055561,1,4,20:00,5,2,1,1.0,4.0,83054,chemin de HyÃ¨res,M,"43,1719920","6,0500560",83,2019,50.0,1.0,1.0,3.0,2267674,1.0,1,1,1,1.0,,0.0,0,1982.0,C01,138Â 201Â 635,1.0,-1.0,-1.0,1730915,2.0,7,,0.0,2.0,1.0,B01,138Â 201Â 638,1.0
1014030,201900055561,1,4,20:00,5,2,1,1.0,4.0,83054,chemin de HyÃ¨res,M,"43,1719920","6,0500560",83,2019,50.0,1.0,1.0,3.0,2267675,1.0,1,3,1,1.0,,0.0,0,1994.0,B01,138Â 201Â 638,1.0,-1.0,-1.0,1730913,2.0,7,,0.0,2.0,1.0,A01,138Â 201Â 633,1.0
1014030,201900055561,1,4,20:00,5,2,1,1.0,4.0,83054,chemin de HyÃ¨res,M,"43,1719920","6,0500560",83,2019,50.0,1.0,1.0,3.0,2267675,1.0,1,3,1,1.0,,0.0,0,1994.0,B01,138Â 201Â 638,1.0,-1.0,-1.0,1730914,2.0,7,,0.0,2.0,1.0,C01,138Â 201Â 635,1.0
1014030,201900055561,1,4,20:00,5,2,1,1.0,4.0,83054,chemin de HyÃ¨res,M,"43,1719920","6,0500560",83,2019,50.0,1.0,1.0,3.0,2267675,1.0,1,3,1,1.0,,0.0,0,1994.0,B01,138Â 201Â 638,1.0,-1.0,-1.0,1730915,2.0,7,,0.0,2.0,1.0,B01,138Â 201Â 638,1.0
1014031,201900055562,10,24,18:20,4,2,4,2.0,5.0,33281,AVE DU PHARE,M,"44,8524700"," -0,6933400",33,2019,70.0,1.0,2.0,4.0,2267676,1.0,1,1,1,0.0,,-1.0, -1,1980.0,C01,138Â 201Â 634,1.0,0.0,-1.0,1730916,1.0,7,,0.0,2.0,8.0,C01,138Â 201Â 634,1.0
1014031,201900055562,10,24,18:20,4,2,4,2.0,5.0,33281,AVE DU PHARE,M,"44,8524700"," -0,6933400",33,2019,70.0,1.0,2.0,4.0,2267676,1.0,1,1,1,0.0,,-1.0, -1,1980.0,C01,138Â 201Â 634,1.0,0.0,-1.0,1730917,2.0,7,,0.0,2.0,0.0,B01,138Â 201Â 636,1.0
1014031,201900055562,10,24,18:20,4,2,4,2.0,5.0,33281,AVE DU PHARE,M,"44,8524700"," -0,6933400",33,2019,70.0,1.0,2.0,4.0,2267676,1.0,1,1,1,0.0,,-1.0, -1,1980.0,C01,138Â 201Â 634,1.0,0.0,-1.0,1730918,2.0,33,,0.0,2.0,0.0,A01,138Â 201Â 639,1.0
1014031,201900055562,10,24,18:20,4,2,4,2.0,5.0,33281,AVE DU PHARE,M,"44,8524700"," -0,6933400",33,2019,70.0,1.0,2.0,4.0,2267677,1.0,1,1,1,0.0,,-1.0, -1,1978.0,B01,138Â 201Â 636,1.0,0.0,-1.0,1730916,1.0,7,,0.0,2.0,8.0,C01,138Â 201Â 634,1.0
1014031,201900055562,10,24,18:20,4,2,4,2.0,5.0,33281,AVE DU PHARE,M,"44,8524700"," -0,6933400",33,2019,70.0,1.0,2.0,4.0,2267677,1.0,1,1,1,0.0,,-1.0, -1,1978.0,B01,138Â 201Â 636,1.0,0.0,-1.0,1730917,2.0,7,,0.0,2.0,0.0,B01,138Â 201Â 636,1.0
1014031,201900055562,10,24,18:20,4,2,4,2.0,5.0,33281,AVE DU PHARE,M,"44,8524700"," -0,6933400",33,2019,70.0,1.0,2.0,4.0,2267677,1.0,1,1,1,0.0,,-1.0, -1,1978.0,B01,138Â 201Â 636,1.0,0.0,-1.0,1730918,2.0,33,,0.0,2.0,0.0,A01,138Â 201Â 639,1.0
1014031,201900055562,10,24,18:20,4,2,4,2.0,5.0,33281,AVE DU PHARE,M,"44,8524700"," -0,6933400",33,2019,70.0,1.0,2.0,4.0,2267678,1.0,1,3,1,1.0,,-1.0, -1,1997.0,A01,138Â 201Â 639,2.0,6.0,-1.0,1730916,1.0,7,,0.0,2.0,8.0,C01,138Â 201Â 634,1.0
1014031,201900055562,10,24,18:20,4,2,4,2.0,5.0,33281,AVE DU PHARE,M,"44,8524700"," -0,6933400",33,2019,70.0,1.0,2.0,4.0,2267678,1.0,1,3,1,1.0,,-1.0, -1,1997.0,A01,138Â 201Â 639,2.0,6.0,-1.0,1730917,2.0,7,,0.0,2.0,0.0,B01,138Â 201Â 636,1.0