Unnamed: 0_x,num_acc,mois,jour,hrmn,lum,agg,int,atm,col,com,adr,gps,lat,long,dep,annee,vma,situ,surf,catr,Unnamed: 0_y,place,catu,grav,sexe,trajet,secu,locp,actp,an_nais,num_veh_x,id_vehicule_x,secu1,secu2,secu3,Unnamed: 0,senc,catv,occutc,obs,obsm,choc,num_veh_y,id_vehicule_y,motor
1014031,201900055562,10,24,18:20,4,2,4,2.0,5.0,33281,AVE DU PHARE,M,"44,8524700"," -0,6933400",33,2019,70.0,1.0,2.0,4.0,2267678,1.0,1,3,1,1.0,,-1.0, -1,1997.0,A01,138Â 201Â 639,2.0,6.0,-1.0,1730918,2.0,33,,0.0,2.0,0.0,A01,138Â 201Â 639,1.0
1014032,201900055563,9,19,08:00,1,1,1,1.0,3.0,69199,RD383   14.250 A 18.000,M,"45,7111200","4,8439300",69,2019,70.0,1.0,1.0,3.0,2267679,1.0,1,4,1,4.0,,-1.0,0,1968.0,B01,138Â 201Â 631,2.0,6.0,-1.0,1730919,1.0,33,,0.0,2.0,6.0,B01,138Â 201Â 631,1.0
1014032,201900055563,9,19,08:00,1,1,1,1.0,3.0,69199,RD383   14.250 A 18.000,M,"45,7111200","4,8439300",69,2019,70.0,1.0,1.0,3.0,2267679,1.0,1,4,1,4.0,,-1.0,0,1968.0,B01,138Â 201Â 631,2.0,6.0,-1.0,1730920,1.0,7,,0.0,2.0,2.0,A01,138Â 201Â 632,1.0
1014032,201900055563,9,19,08:00,1,1,1,1.0,3.0,69199,RD383   14.250 A 18.000,M,"45,7111200","4,8439300",69,2019,70.0,1.0,1.0,3.0,2267680,1.0,1,1,1,9.0,,-1.0,0,1996.0,A01,138Â 201Â 632,1.0,0.0,-1.0,1730919,1.0,33,,0.0,2.0,6.0,B01,138Â 201Â 631,1.0
1014032,201900055563,9,19,08:00,1,1,1,1.0,3.0,69199,RD383   14.250 A 18.000,M,"45,7111200","4,8439300",69,2019,70.0,1.0,1.0,3.0,2267680,1.0,1,1,1,9.0,,-1.0,0,1996.0,A01,138Â 201Â 632,1.0,0.0,-1.0,1730920,1.0,7,,0.0,2.0,2.0,A01,138Â 201Â 632,1.0
1014033,201900055564,1,2,19:10,5,2,1,1.0,7.0,83130,rue de la rÃ©publique,M,"43,1854390","6,0416160",83,2019,70.0,4.0,1.0,3.0,2267681,1.0,1,3,1,1.0,,0.0,0,1983.0,A01,138Â 201Â 630,2.0,6.0,-1.0,1730921,2.0,2,,0.0,0.0,0.0,A01,138Â 201Â 630,1.0
1014034,201900055565,10,25,11:15,1,2,1,1.0,6.0,33318,RUE DU ROYAUME-UNI,M,"44,7960800"," -0,7073100",33,2019,30.0,1.0,1.0,4.0,2267682,1.0,1,4,2,4.0,,-1.0, -1,2000.0,A01,138Â 201Â 629,2.0,6.0,-1.0,1730922,0.0,32,,0.0,0.0,7.0,A01,138Â 201Â 629,3.0
1014035,201900055566,1,4,18:30,3,1,1,1.0,1.0,62199,CD 341,M,"50,3847740","2,6287170",62,2019,80.0,1.0,1.0,3.0,2267683,2.0,2,1,2,5.0,,0.0,0,1978.0,B01,138Â 201Â 625,1.0,-1.0,-1.0,1730923,2.0,7,,0.0,2.0,1.0,B01,138Â 201Â 625,0.0
1014035,201900055566,1,4,18:30,3,1,1,1.0,1.0,62199,CD 341,M,"50,3847740","2,6287170",62,2019,80.0,1.0,1.0,3.0,2267683,2.0,2,1,2,5.0,,0.0,0,1978.0,B01,138Â 201Â 625,1.0,-1.0,-1.0,1730924,1.0,7,,0.0,2.0,1.0,A01,138Â 201Â 626,0.0
1014035,201900055566,1,4,18:30,3,1,1,1.0,1.0,62199,CD 341,M,"50,3847740","2,6287170",62,2019,80.0,1.0,1.0,3.0,2267684,7.0,2,1,2,5.0,,0.0,0,2008.0,B01,138Â 201Â 625,1.0,-1.0,-1.0,1730923,2.0,7,,0.0,2.0,1.0,B01,138Â 201Â 625,0.0
1014035,201900055566,1,4,18:30,3,1,1,1.0,1.0,62199,CD 341,M,"50,3847740","2,6287170",62,2019,80.0,1.0,1.0,3.0,2267684,7.0,2,1,2,5.0,,0.0,0,2008.0,B01,138Â 201Â 625,1.0,-1.0,-1.0,1730924,1.0,7,,0.0,2.0,1.0,A01,138Â 201Â 626,0.0
1014035,201900055566,1,4,18:30,3,1,1,1.0,1.0,62199,CD 341,M,"50,3847740","2,6287170",62,2019,80.0,1.0,1.0,3.0,2267685,9.0,2,1,2,5.0,,0.0,0,2005.0,B01,138Â 201Â 625,1.0,-1.0,-1.0,1730923,2.0,7,,0.0,2.0,1.0,B01,138Â 201Â 625,0.0
1014035,201900055566,1,4,18:30,3,1,1,1.0,1.0,62199,CD 341,M,"50,3847740","2,6287170",62,2019,80.0,1.0,1.0,3.0,2267685,9.0,2,1,2,5.0,,0.0,0,2005.0,B01,138Â 201Â 625,1.0,-1.0,-1.0,1730924,1.0,7,,0.0,2.0,1.0,A01,138Â 201Â 626,0.0
1014035,201900055566,1,4,18:30,3,1,1,1.0,1.0,62199,CD 341,M,"50,3847740","2,6287170",62,2019,80.0,1.0,1.0,3.0,2267686,1.0,1,2,1,5.0,,0.0,0,1976.0,B01,138Â 201Â 625,1.0,-1.0,-1.0,1730923,2.0,7,,0.0,2.0,1.0,B01,138Â 201Â 625,0.0
1014035,201900055566,1,4,18:30,3,1,1,1.0,1.0,62199,CD 341,M,"50,3847740","2,6287170",62,2019,80.0,1.0,1.0,3.0,2267686,1.0,1,2,1,5.0,,0.0,0,1976.0,B01,138Â 201Â 625,1.0,-1.0,-1.0,1730924,1.0,7,,0.0,2.0,1.0,A01,138Â 201Â 626,0.0
1014035,201900055566,1,4,18:30,3,1,1,1.0,1.0,62199,CD 341,M,"50,3847740","2,6287170",62,2019,80.0,1.0,1.0,3.0,2267687,8.0,2,4,1,0.0,,0.0,0,2011.0,B01,138Â 201Â 625,1.0,3.0,-1.0,1730923,2.0,7,,0.0,2.0,1.0,B01,138Â 201Â 625,0.0
1014035,201900055566,1,4,18:30,3,1,1,1.0,1.0,62199,CD 341,M,"50,3847740","2,6287170",62,2019,80.0,1.0,1.0,3.0,2267687,8.0,2,4,1,0.0,,0.0,0,2011.0,B01,138Â 201Â 625,1.0,3.0,-1.0,1730924,1.0,7,,0.0,2.0,1.0,A01,138Â 201Â 626,0.0
1014035,201900055566,1,4,18:30,3,1,1,1.0,1.0,62199,CD 341,M,"50,3847740","2,6287170",62,2019,80.0,1.0,1.0,3.0,2267688,1.0,1,1,1,1.0,,0.0,0,1989.0,A01,138Â 201Â 626,1.0,-1.0,-1.0,1730923,2.0,7,,0.0,2.0,1.0,B01,138Â 201Â 625,0.0
1014035,201900055566,1,4,18:30,3,1,1,1.0,1.0,62199,CD 341,M,"50,3847740","2,6287170",62,2019,80.0,1.0,1.0,3.0,2267688,1.0,1,1,1,1.0,,0.0,0,1989.0,A01,138Â 201Â 626,1.0,-1.0,-1.0,1730924,1.0,7,,0.0,2.0,1.0,A01,138Â 201Â 626,0.0
1014036,201900055567,10,7,15:10,1,2,3,1.0,3.0,33281,AVE DE KAOLACK,M,"44,8221900"," -0,6651200",33,2019,50.0,1.0,1.0,4.0,2267689,1.0,1,1,2,0.0,,-1.0, -1,1934.0,B01,138Â 201Â 623,1.0,0.0,-1.0,1730925,1.0,7,,0.0,2.0,6.0,B01,138Â 201Â 623,1.0
1014036,201900055567,10,7,15:10,1,2,3,1.0,3.0,33281,AVE DE KAOLACK,M,"44,8221900"," -0,6651200",33,2019,50.0,1.0,1.0,4.0,2267689,1.0,1,1,2,0.0,,-1.0, -1,1934.0,B01,138Â 201Â 623,1.0,0.0,-1.0,1730926,1.0,33,,0.0,2.0,1.0,A01,138Â 201Â 624,1.0
1014036,201900055567,10,7,15:10,1,2,3,1.0,3.0,33281,AVE DE KAOLACK,M,"44,8221900"," -0,6651200",33,2019,50.0,1.0,1.0,4.0,2267690,1.0,1,4,1,0.0,,-1.0, -1,1994.0,A01,138Â 201Â 624,8.0,0.0,-1.0,1730925,1.0,7,,0.0,2.0,6.0,B01,138Â 201Â 623,1.0
1014036,201900055567,10,7,15:10,1,2,3,1.0,3.0,33281,AVE DE KAOLACK,M,"44,8221900"," -0,6651200",33,2019,50.0,1.0,1.0,4.0,2267690,1.0,1,4,1,0.0,,-1.0, -1,1994.0,A01,138Â 201Â 624,8.0,0.0,-1.0,1730926,1.0,33,,0.0,2.0,1.0,A01,138Â 201Â 624,1.0
1014037,201900055568,1,1,18:35,3,1,1,1.0,6.0,66141,CD 900 - niveau PK16,M,"42,7530600","2,8954900",66,2019,110.0,2.0,1.0,3.0,2267691,1.0,1,1,1,3.0,,0.0,0,1987.0,A01,138Â 201Â 622,1.0,-1.0,-1.0,1730927,1.0,7,,1.0,1.0,1.0,A01,138Â 201Â 622,6.0
1014037,201900055568,1,1,18:35,3,1,1,1.0,6.0,66141,CD 900 - niveau PK16,M,"42,7530600","2,8954900",66,2019,110.0,2.0,1.0,3.0,2267692,7.0,2,1,2,0.0,,0.0,0,2015.0,A01,138Â 201Â 622,0.0,-1.0,-1.0,1730927,1.0,7,,1.0,1.0,1.0,A01,138Â 201Â 622,6.0
1014037,201900055568,1,1,18:35,3,1,1,1.0,6.0,66141,CD 900 - niveau PK16,M,"42,7530600","2,8954900",66,2019,110.0,2.0,1.0,3.0,2267693,9.0,2,3,2,3.0,,0.0,0,2012.0,A01,138Â 201Â 622,0.0,-1.0,-1.0,1730927,1.0,7,,1.0,1.0,1.0,A01,138Â 201Â 622,6.0
1014037,201900055568,1,1,18:35,3,1,1,1.0,6.0,66141,CD 900 - niveau PK16,M,"42,7530600","2,8954900",66,2019,110.0,2.0,1.0,3.0,2267694,10.0,3,3,1,3.0,,6.0,9,1974.0,A01,138Â 201Â 622,4.0,-1.0,-1.0,1730927,1.0,7,,1.0,1.0,1.0,A01,138Â 201Â 622,6.0
1014037,201900055568,1,1,18:35,3,1,1,1.0,6.0,66141,CD 900 - niveau PK16,M,"42,7530600","2,8954900",66,2019,110.0,2.0,1.0,3.0,2267695,10.0,3,1,1,3.0,,1.0,0,1979.0,A01,138Â 201Â 622,0.0,-1.0,-1.0,1730927,1.0,7,,1.0,1.0,1.0,A01,138Â 201Â 622,6.0
1014038,201900055569,9,22,18:45,1,1,1,3.0,2.0,59350,AUTOROUTE A25,M,"50,6100000","3,0400000",59,2019,70.0,3.0,2.0,1.0,2267696,1.0,1,1,2,0.0,,-1.0, -1,1948.0,B01,138Â 201Â 627,1.0,0.0,-1.0,1730928,1.0,7,,0.0,2.0,4.0,B01,138Â 201Â 627,1.0
1014038,201900055569,9,22,18:45,1,1,1,3.0,2.0,59350,AUTOROUTE A25,M,"50,6100000","3,0400000",59,2019,70.0,3.0,2.0,1.0,2267696,1.0,1,1,2,0.0,,-1.0, -1,1948.0,B01,138Â 201Â 627,1.0,0.0,-1.0,1730929,1.0,33,,0.0,2.0,1.0,A01,138Â 201Â 628,0.0
1014038,201900055569,9,22,18:45,1,1,1,3.0,2.0,59350,AUTOROUTE A25,M,"50,6100000","3,0400000",59,2019,70.0,3.0,2.0,1.0,2267697,1.0,1,3,1,0.0,,-1.0, -1,1997.0,A01,138Â 201Â 628,2.0,6.0,-1.0,1730928,1.0,7,,0.0,2.0,4.0,B01,138Â 201Â 627,1.0
1014038,201900055569,9,22,18:45,1,1,1,3.0,2.0,59350,AUTOROUTE A25,M,"50,6100000","3,0400000",59,2019,70.0,3.0,2.0,1.0,2267697,1.0,1,3,1,0.0,,-1.0, -1,1997.0,A01,138Â 201Â 628,2.0,6.0,-1.0,1730929,1.0,33,,0.0,2.0,1.0,A01,138Â 201Â 628,0.0
1014039,201900055570,1,3,16:55,1,1,1,8.0,7.0,61192,"autoroute A 28, PR 188+155, sens 2",M,"48,6805620","0,2308850",61,2019,130.0,3.0,1.0,1.0,2267698,1.0,1,4,1,4.0,,0.0,0,1971.0,A01,138Â 201Â 620,1.0,-1.0,-1.0,1730930,2.0,17,,16.0,0.0,8.0,A01,138Â 201Â 620,1.0
1014040,201900055571,10,7,22:00,5,2,2,1.0,2.0,33192,CRS DU GENERAL DE GAULLE,M,"44,7784700"," -0,6097400",33,2019,50.0,1.0,1.0,4.0,2267699,1.0,1,4,1,5.0,,-1.0, -1,2000.0,A01,138Â 201Â 619,2.0,6.0,-1.0,1730931,0.0,31,,0.0,2.0,1.0,A01,138Â 201Â 619,1.0
1014040,201900055571,10,7,22:00,5,2,2,1.0,2.0,33192,CRS DU GENERAL DE GAULLE,M,"44,7784700"," -0,6097400",33,2019,50.0,1.0,1.0,4.0,2267699,1.0,1,4,1,5.0,,-1.0, -1,2000.0,A01,138Â 201Â 619,2.0,6.0,-1.0,1730932,0.0,7,,0.0,2.0,7.0,B01,138Â 201Â 621,1.0
1014040,201900055571,10,7,22:00,5,2,2,1.0,2.0,33192,CRS DU GENERAL DE GAULLE,M,"44,7784700"," -0,6097400",33,2019,50.0,1.0,1.0,4.0,2267700,1.0,1,1,1,1.0,,-1.0, -1,1983.0,B01,138Â 201Â 621,8.0,0.0,-1.0,1730931,0.0,31,,0.0,2.0,1.0,A01,138Â 201Â 619,1.0
1014040,201900055571,10,7,22:00,5,2,2,1.0,2.0,33192,CRS DU GENERAL DE GAULLE,M,"44,7784700"," -0,6097400",33,2019,50.0,1.0,1.0,4.0,2267700,1.0,1,1,1,1.0,,-1.0, -1,1983.0,B01,138Â 201Â 621,8.0,0.0,-1.0,1730932,0.0,7,,0.0,2.0,7.0,B01,138Â 201Â 621,1.0
1014041,201900055572,1,4,20:20,5,2,1,1.0,6.0,69133,rue du rivat,M,"45,6284130","4,7774290",69,2019,-1.0,3.0,1.0,3.0,2267701,2.0,2,4,1,5.0,,0.0,0,2001.0,A01,138Â 201Â 617,1.0,-1.0,-1.0,1730933,0.0,7,,8.0,0.0,2.0,A01,138Â 201Â 617,1.0
1014041,201900055572,1,4,20:20,5,2,1,1.0,6.0,69133,rue du rivat,M,"45,6284130","4,7774290",69,2019,-1.0,3.0,1.0,3.0,2267702,1.0,1,4,1,5.0,,0.0,0,2001.0,A01,138Â 201Â 617,1.0,-1.0,-1.0,1730933,0.0,7,,8.0,0.0,2.0,A01,138Â 201Â 617,1.0
1014042,201900055573,10,25,07:30,2,2,1,1.0,6.0,33318,RUE PAULIN DE NOLE,M,"44,7933400"," -0,6136400",33,2019,50.0,1.0,1.0,4.0,2267703,10.0,3,4,1,0.0,,3.0,3,1998.0,Z01,138Â 201Â 616,8.0,0.0,-1.0,1730934,0.0,7,,0.0,1.0,0.0,Z01,138Â 201Â 616,1.0
1014043,201900055574,9,22,04:05,3,1,1,1.0,3.0,95176,AUTOROUTE A15,M,"48,9890800","2,2017500",95,2019,110.0,1.0,1.0,1.0,2267704,4.0,2,4,2,5.0,,-1.0, -1,2001.0,B01,138Â 201Â 615,1.0,8.0,-1.0,1730935,1.0,7,,0.0,2.0,3.0,B01,138Â 201Â 615,1.0
1014043,201900055574,9,22,04:05,3,1,1,1.0,3.0,95176,AUTOROUTE A15,M,"48,9890800","2,2017500",95,2019,110.0,1.0,1.0,1.0,2267704,4.0,2,4,2,5.0,,-1.0, -1,2001.0,B01,138Â 201Â 615,1.0,8.0,-1.0,1730936,1.0,7,,0.0,2.0,1.0,A01,138Â 201Â 618,1.0
1014043,201900055574,9,22,04:05,3,1,1,1.0,3.0,95176,AUTOROUTE A15,M,"48,9890800","2,2017500",95,2019,110.0,1.0,1.0,1.0,2267705,1.0,1,1,1,5.0,,-1.0, -1,1953.0,B01,138Â 201Â 615,1.0,8.0,-1.0,1730935,1.0,7,,0.0,2.0,3.0,B01,138Â 201Â 615,1.0
1014043,201900055574,9,22,04:05,3,1,1,1.0,3.0,95176,AUTOROUTE A15,M,"48,9890800","2,2017500",95,2019,110.0,1.0,1.0,1.0,2267705,1.0,1,1,1,5.0,,-1.0, -1,1953.0,B01,138Â 201Â 615,1.0,8.0,-1.0,1730936,1.0,7,,0.0,2.0,1.0,A01,138Â 201Â 618,1.0
1014043,201900055574,9,22,04:05,3,1,1,1.0,3.0,95176,AUTOROUTE A15,M,"48,9890800","2,2017500",95,2019,110.0,1.0,1.0,1.0,2267706,3.0,2,4,2,5.0,,-1.0, -1,2001.0,B01,138Â 201Â 615,1.0,8.0,-1.0,1730935,1.0,7,,0.0,2.0,3.0,B01,138Â 201Â 615,1.0
1014043,201900055574,9,22,04:05,3,1,1,1.0,3.0,95176,AUTOROUTE A15,M,"48,9890800","2,2017500",95,2019,110.0,1.0,1.0,1.0,2267706,3.0,2,4,2,5.0,,-1.0, -1,2001.0,B01,138Â 201Â 615,1.0,8.0,-1.0,1730936,1.0,7,,0.0,2.0,1.0,A01,138Â 201Â 618,1.0
1014043,201900055574,9,22,04:05,3,1,1,1.0,3.0,95176,AUTOROUTE A15,M,"48,9890800","2,2017500",95,2019,110.0,1.0,1.0,1.0,2267707,1.0,1,1,1,5.0,,-1.0, -1,1995.0,A01,138Â 201Â 618,1.0,8.0,-1.0,1730935,1.0,7,,0.0,2.0,3.0,B01,138Â 201Â 615,1.0
1014043,201900055574,9,22,04:05,3,1,1,1.0,3.0,95176,AUTOROUTE A15,M,"48,9890800","2,2017500",95,2019,110.0,1.0,1.0,1.0,2267707,1.0,1,1,1,5.0,,-1.0, -1,1995.0,A01,138Â 201Â 618,1.0,8.0,-1.0,1730936,1.0,7,,0.0,2.0,1.0,A01,138Â 201Â 618,1.0
1014044,201900055575,1,2,06:00,5,2,1,1.0,6.0,83116,649 avenue du 8 mai 1945,M,"43,4529260","5,8696890",83,2019,50.0,3.0,7.0,3.0,2267708,1.0,1,3,1,0.0,,0.0,0,1991.0,A01,138Â 201Â 614,0.0,-1.0,-1.0,1730937,1.0,7,,6.0,0.0,0.0,A01,138Â 201Â 614,1.0
1014044,201900055575,1,2,06:00,5,2,1,1.0,6.0,83116,649 avenue du 8 mai 1945,M,"43,4529260","5,8696890",83,2019,50.0,3.0,7.0,3.0,2267709,2.0,2,1,1,0.0,,0.0,0,1995.0,A01,138Â 201Â 614,1.0,-1.0,-1.0,1730937,1.0,7,,6.0,0.0,0.0,A01,138Â 201Â 614,1.0
1014045,201900055576,10,24,23:10,5,2,2,8.0,3.0,33119,BD ENTRE DEUX MERS,M,"44,8438100"," -0,5296100",33,2019,50.0,1.0,1.0,4.0,2267710,1.0,1,4,1,-1.0,,-1.0, -1,1963.0,B01,138Â 201Â 610,1.0,-1.0,-1.0,1730938,2.0,7,,0.0,0.0,0.0,B01,138Â 201Â 610,1.0
1014045,201900055576,10,24,23:10,5,2,2,8.0,3.0,33119,BD ENTRE DEUX MERS,M,"44,8438100"," -0,5296100",33,2019,50.0,1.0,1.0,4.0,2267710,1.0,1,4,1,-1.0,,-1.0, -1,1963.0,B01,138Â 201Â 610,1.0,-1.0,-1.0,1730939,2.0,7,,0.0,2.0,1.0,A01,138Â 201Â 613,1.0
1014045,201900055576,10,24,23:10,5,2,2,8.0,3.0,33119,BD ENTRE DEUX MERS,M,"44,8438100"," -0,5296100",33,2019,50.0,1.0,1.0,4.0,2267711,1.0,1,4,1,-1.0,,-1.0, -1,1998.0,A01,138Â 201Â 613,8.0,-1.0,-1.0,1730938,2.0,7,,0.0,0.0,0.0,B01,138Â 201Â 610,1.0
1014045,201900055576,10,24,23:10,5,2,2,8.0,3.0,33119,BD ENTRE DEUX MERS,M,"44,8438100"," -0,5296100",33,2019,50.0,1.0,1.0,4.0,2267711,1.0,1,4,1,-1.0,,-1.0, -1,1998.0,A01,138Â 201Â 613,8.0,-1.0,-1.0,1730939,2.0,7,,0.0,2.0,1.0,A01,138Â 201Â 613,1.0
1014046,201900055577,9,22,21:35,3,1,1,1.0,4.0,95252,AUTOROUTE A15,M,"48,9764400","2,2362400",95,2019,110.0,1.0,2.0,1.0,2267712,1.0,1,1,2,5.0,,-1.0,0,1963.0,C01,138Â 201Â 609,1.0,8.0,-1.0,1730940,1.0,7,,0.0,2.0,6.0,C01,138Â 201Â 609,1.0
1014046,201900055577,9,22,21:35,3,1,1,1.0,4.0,95252,AUTOROUTE A15,M,"48,9764400","2,2362400",95,2019,110.0,1.0,2.0,1.0,2267712,1.0,1,1,2,5.0,,-1.0,0,1963.0,C01,138Â 201Â 609,1.0,8.0,-1.0,1730941,1.0,7,,0.0,2.0,4.0,B01,138Â 201Â 611,1.0
1014046,201900055577,9,22,21:35,3,1,1,1.0,4.0,95252,AUTOROUTE A15,M,"48,9764400","2,2362400",95,2019,110.0,1.0,2.0,1.0,2267712,1.0,1,1,2,5.0,,-1.0,0,1963.0,C01,138Â 201Â 609,1.0,8.0,-1.0,1730942,1.0,7,,0.0,2.0,1.0,A01,138Â 201Â 612,1.0
1014046,201900055577,9,22,21:35,3,1,1,1.0,4.0,95252,AUTOROUTE A15,M,"48,9764400","2,2362400",95,2019,110.0,1.0,2.0,1.0,2267713,1.0,1,1,1,5.0,,-1.0,0,1960.0,B01,138Â 201Â 611,1.0,8.0,-1.0,1730940,1.0,7,,0.0,2.0,6.0,C01,138Â 201Â 609,1.0
1014046,201900055577,9,22,21:35,3,1,1,1.0,4.0,95252,AUTOROUTE A15,M,"48,9764400","2,2362400",95,2019,110.0,1.0,2.0,1.0,2267713,1.0,1,1,1,5.0,,-1.0,0,1960.0,B01,138Â 201Â 611,1.0,8.0,-1.0,1730941,1.0,7,,0.0,2.0,4.0,B01,138Â 201Â 611,1.0
1014046,201900055577,9,22,21:35,3,1,1,1.0,4.0,95252,AUTOROUTE A15,M,"48,9764400","2,2362400",95,2019,110.0,1.0,2.0,1.0,2267713,1.0,1,1,1,5.0,,-1.0,0,1960.0,B01,138Â 201Â 611,1.0,8.0,-1.0,1730942,1.0,7,,0.0,2.0,1.0,A01,138Â 201Â 612,1.0
1014046,201900055577,9,22,21:35,3,1,1,1.0,4.0,95252,AUTOROUTE A15,M,"48,9764400","2,2362400",95,2019,110.0,1.0,2.0,1.0,2267714,1.0,1,4,2,5.0,,-1.0,0,1991.0,A01,138Â 201Â 612,1.0,8.0,-1.0,1730940,1.0,7,,0.0,2.0,6.0,C01,138Â 201Â 609,1.0
1014046,201900055577,9,22,21:35,3,1,1,1.0,4.0,95252,AUTOROUTE A15,M,"48,9764400","2,2362400",95,2019,110.0,1.0,2.0,1.0,2267714,1.0,1,4,2,5.0,,-1.0,0,1991.0,A01,138Â 201Â 612,1.0,8.0,-1.0,1730941,1.0,7,,0.0,2.0,4.0,B01,138Â 201Â 611,1.0
1014046,201900055577,9,22,21:35,3,1,1,1.0,4.0,95252,AUTOROUTE A15,M,"48,9764400","2,2362400",95,2019,110.0,1.0,2.0,1.0,2267714,1.0,1,4,2,5.0,,-1.0,0,1991.0,A01,138Â 201Â 612,1.0,8.0,-1.0,1730942,1.0,7,,0.0,2.0,1.0,A01,138Â 201Â 612,1.0
1014047,201900055578,1,4,19:15,5,2,1,1.0,7.0,51030,RUE DU PONT,M,"49,0463620","4,0900870",51,2019,50.0,8.0,1.0,4.0,2267715,1.0,1,3,2,5.0,,0.0,0,1972.0,A01,138Â 201Â 608,2.0,8.0,-1.0,1730943,3.0,2,,10.0,0.0,3.0,A01,138Â 201Â 608,1.0
1014048,201900055579,9,22,21:20,3,1,1,1.0,5.0,93053,AUTOROUTE A3,M,"48,8934400","2,4722100",93,2019,70.0,1.0,2.0,1.0,2267716,1.0,1,4,1,5.0,,-1.0, -1,1985.0,C01,138Â 201Â 602,1.0,0.0,-1.0,1730944,2.0,7,,0.0,2.0,4.0,C01,138Â 201Â 602,1.0
1014048,201900055579,9,22,21:20,3,1,1,1.0,5.0,93053,AUTOROUTE A3,M,"48,8934400","2,4722100",93,2019,70.0,1.0,2.0,1.0,2267716,1.0,1,4,1,5.0,,-1.0, -1,1985.0,C01,138Â 201Â 602,1.0,0.0,-1.0,1730945,2.0,7,,0.0,2.0,4.0,B01,138Â 201Â 604,1.0
1014048,201900055579,9,22,21:20,3,1,1,1.0,5.0,93053,AUTOROUTE A3,M,"48,8934400","2,4722100",93,2019,70.0,1.0,2.0,1.0,2267716,1.0,1,4,1,5.0,,-1.0, -1,1985.0,C01,138Â 201Â 602,1.0,0.0,-1.0,1730946,2.0,7,,0.0,2.0,1.0,A01,138Â 201Â 607,1.0
1014048,201900055579,9,22,21:20,3,1,1,1.0,5.0,93053,AUTOROUTE A3,M,"48,8934400","2,4722100",93,2019,70.0,1.0,2.0,1.0,2267717,1.0,1,1,1,0.0,,-1.0, -1,1974.0,B01,138Â 201Â 604,1.0,0.0,-1.0,1730944,2.0,7,,0.0,2.0,4.0,C01,138Â 201Â 602,1.0
1014048,201900055579,9,22,21:20,3,1,1,1.0,5.0,93053,AUTOROUTE A3,M,"48,8934400","2,4722100",93,2019,70.0,1.0,2.0,1.0,2267717,1.0,1,1,1,0.0,,-1.0, -1,1974.0,B01,138Â 201Â 604,1.0,0.0,-1.0,1730945,2.0,7,,0.0,2.0,4.0,B01,138Â 201Â 604,1.0
1014048,201900055579,9,22,21:20,3,1,1,1.0,5.0,93053,AUTOROUTE A3,M,"48,8934400","2,4722100",93,2019,70.0,1.0,2.0,1.0,2267717,1.0,1,1,1,0.0,,-1.0, -1,1974.0,B01,138Â 201Â 604,1.0,0.0,-1.0,1730946,2.0,7,,0.0,2.0,1.0,A01,138Â 201Â 607,1.0
1014048,201900055579,9,22,21:20,3,1,1,1.0,5.0,93053,AUTOROUTE A3,M,"48,8934400","2,4722100",93,2019,70.0,1.0,2.0,1.0,2267718,1.0,1,1,1,0.0,,-1.0, -1,1989.0,A01,138Â 201Â 607,1.0,0.0,-1.0,1730944,2.0,7,,0.0,2.0,4.0,C01,138Â 201Â 602,1.0
1014048,201900055579,9,22,21:20,3,1,1,1.0,5.0,93053,AUTOROUTE A3,M,"48,8934400","2,4722100",93,2019,70.0,1.0,2.0,1.0,2267718,1.0,1,1,1,0.0,,-1.0, -1,1989.0,A01,138Â 201Â 607,1.0,0.0,-1.0,1730945,2.0,7,,0.0,2.0,4.0,B01,138Â 201Â 604,1.0
1014048,201900055579,9,22,21:20,3,1,1,1.0,5.0,93053,AUTOROUTE A3,M,"48,8934400","2,4722100",93,2019,70.0,1.0,2.0,1.0,2267718,1.0,1,1,1,0.0,,-1.0, -1,1989.0,A01,138Â 201Â 607,1.0,0.0,-1.0,1730946,2.0,7,,0.0,2.0,1.0,A01,138Â 201Â 607,1.0
1014049,201900055580,1,3,12:30,1,1,1,1.0,1.0,19187,La Bonnefougie,M,"45,2900420","1,3378430",19,2019,80.0,1.0,1.0,3.0,2267719,1.0,1,3,1,9.0,,0.0,0,1951.0,B01,138Â 201Â 601,1.0,-1.0,-1.0,1730947,1.0,7,,0.0,2.0,1.0,B01,138Â 201Â 601,1.0
1014049,201900055580,1,3,12:30,1,1,1,1.0,1.0,19187,La Bonnefougie,M,"45,2900420","1,3378430",19,2019,80.0,1.0,1.0,3.0,2267719,1.0,1,3,1,9.0,,0.0,0,1951.0,B01,138Â 201Â 601,1.0,-1.0,-1.0,1730948,2.0,7,,0.0,2.0,1.0,A01,138Â 201Â 605,1.0
1014049,201900055580,1,3,12:30,1,1,1,1.0,1.0,19187,La Bonnefougie,M,"45,2900420","1,3378430",19,2019,80.0,1.0,1.0,3.0,2267720,1.0,1,1,1,4.0,,0.0,0,1991.0,A01,138Â 201Â 605,1.0,-1.0,-1.0,1730947,1.0,7,,0.0,2.0,1.0,B01,138Â 201Â 601,1.0
1014049,201900055580,1,3,12:30,1,1,1,1.0,1.0,19187,La Bonnefougie,M,"45,2900420","1,3378430",19,2019,80.0,1.0,1.0,3.0,2267720,1.0,1,1,1,4.0,,0.0,0,1991.0,A01,138Â 201Â 605,1.0,-1.0,-1.0,1730948,2.0,7,,0.0,2.0,1.0,A01,138Â 201Â 605,1.0