Unnamed: 0_x,num_acc,mois,jour,hrmn,lum,agg,int,atm,col,com,adr,gps,lat,long,dep,annee,vma,situ,surf,catr,Unnamed: 0_y,place,catu,grav,sexe,trajet,secu,locp,actp,an_nais,num_veh_x,id_vehicule_x,secu1,secu2,secu3,Unnamed: 0,senc,catv,occutc,obs,obsm,choc,num_veh_y,id_vehicule_y,motor
1014050,201900055581,10,24,17:20,1,2,3,2.0,4.0,33075,AVE DE TERREFORT,M,"44,8881500"," -0,6105800",33,2019,50.0,1.0,2.0,4.0,2267721,1.0,1,1,1,0.0,,-1.0, -1,1997.0,A01,138Â 201Â 600,1.0,0.0,-1.0,1730949,2.0,7,,0.0,2.0,1.0,A01,138Â 201Â 600,1.0
1014050,201900055581,10,24,17:20,1,2,3,2.0,4.0,33075,AVE DE TERREFORT,M,"44,8881500"," -0,6105800",33,2019,50.0,1.0,2.0,4.0,2267721,1.0,1,1,1,0.0,,-1.0, -1,1997.0,A01,138Â 201Â 600,1.0,0.0,-1.0,1730950,2.0,7,,0.0,2.0,4.0,B01,138Â 201Â 603,1.0
1014050,201900055581,10,24,17:20,1,2,3,2.0,4.0,33075,AVE DE TERREFORT,M,"44,8881500"," -0,6105800",33,2019,50.0,1.0,2.0,4.0,2267721,1.0,1,1,1,0.0,,-1.0, -1,1997.0,A01,138Â 201Â 600,1.0,0.0,-1.0,1730951,2.0,7,,0.0,2.0,4.0,C01,138Â 201Â 606,1.0
1014050,201900055581,10,24,17:20,1,2,3,2.0,4.0,33075,AVE DE TERREFORT,M,"44,8881500"," -0,6105800",33,2019,50.0,1.0,2.0,4.0,2267722,1.0,1,4,2,0.0,,-1.0, -1,1965.0,B01,138Â 201Â 603,1.0,0.0,-1.0,1730949,2.0,7,,0.0,2.0,1.0,A01,138Â 201Â 600,1.0
1014050,201900055581,10,24,17:20,1,2,3,2.0,4.0,33075,AVE DE TERREFORT,M,"44,8881500"," -0,6105800",33,2019,50.0,1.0,2.0,4.0,2267722,1.0,1,4,2,0.0,,-1.0, -1,1965.0,B01,138Â 201Â 603,1.0,0.0,-1.0,1730950,2.0,7,,0.0,2.0,4.0,B01,138Â 201Â 603,1.0
1014050,201900055581,10,24,17:20,1,2,3,2.0,4.0,33075,AVE DE TERREFORT,M,"44,8881500"," -0,6105800",33,2019,50.0,1.0,2.0,4.0,2267722,1.0,1,4,2,0.0,,-1.0, -1,1965.0,B01,138Â 201Â 603,1.0,0.0,-1.0,1730951,2.0,7,,0.0,2.0,4.0,C01,138Â 201Â 606,1.0
1014050,201900055581,10,24,17:20,1,2,3,2.0,4.0,33075,AVE DE TERREFORT,M,"44,8881500"," -0,6105800",33,2019,50.0,1.0,2.0,4.0,2267723,1.0,1,1,1,0.0,,-1.0, -1,1973.0,C01,138Â 201Â 606,1.0,0.0,-1.0,1730949,2.0,7,,0.0,2.0,1.0,A01,138Â 201Â 600,1.0
1014050,201900055581,10,24,17:20,1,2,3,2.0,4.0,33075,AVE DE TERREFORT,M,"44,8881500"," -0,6105800",33,2019,50.0,1.0,2.0,4.0,2267723,1.0,1,1,1,0.0,,-1.0, -1,1973.0,C01,138Â 201Â 606,1.0,0.0,-1.0,1730950,2.0,7,,0.0,2.0,4.0,B01,138Â 201Â 603,1.0
1014050,201900055581,10,24,17:20,1,2,3,2.0,4.0,33075,AVE DE TERREFORT,M,"44,8881500"," -0,6105800",33,2019,50.0,1.0,2.0,4.0,2267723,1.0,1,1,1,0.0,,-1.0, -1,1973.0,C01,138Â 201Â 606,1.0,0.0,-1.0,1730951,2.0,7,,0.0,2.0,4.0,C01,138Â 201Â 606,1.0
1014051,201900055582,1,3,12:15,1,1,1,1.0,7.0,56122,RD 766 La Ville Cadio,M,"47,9803500"," -2,3737700",56,2019,80.0,3.0,1.0,3.0,2267724,1.0,1,2,1,5.0,,0.0,0,1937.0,A01,138Â 201Â 597,1.0,-1.0,-1.0,1730952,1.0,7,,0.0,0.0,2.0,A01,138Â 201Â 597,1.0
1014052,201900055583,9,22,19:40,1,1,1,1.0,4.0,93007,AUTOROUTE A1,M,"48,9503900","2,4488800",93,2019,110.0,1.0,2.0,1.0,2267725,1.0,1,1,1,9.0,,-1.0, -1,1949.0,C01,138Â 201Â 596,1.0,0.0,-1.0,1730953,2.0,7,,0.0,2.0,4.0,C01,138Â 201Â 596,1.0
1014052,201900055583,9,22,19:40,1,1,1,1.0,4.0,93007,AUTOROUTE A1,M,"48,9503900","2,4488800",93,2019,110.0,1.0,2.0,1.0,2267725,1.0,1,1,1,9.0,,-1.0, -1,1949.0,C01,138Â 201Â 596,1.0,0.0,-1.0,1730954,2.0,7,,0.0,2.0,4.0,B01,138Â 201Â 598,1.0
1014052,201900055583,9,22,19:40,1,1,1,1.0,4.0,93007,AUTOROUTE A1,M,"48,9503900","2,4488800",93,2019,110.0,1.0,2.0,1.0,2267725,1.0,1,1,1,9.0,,-1.0, -1,1949.0,C01,138Â 201Â 596,1.0,0.0,-1.0,1730955,2.0,7,,0.0,2.0,1.0,A01,138Â 201Â 599,1.0
1014052,201900055583,9,22,19:40,1,1,1,1.0,4.0,93007,AUTOROUTE A1,M,"48,9503900","2,4488800",93,2019,110.0,1.0,2.0,1.0,2267726,1.0,1,4,1,9.0,,-1.0, -1,1959.0,B01,138Â 201Â 598,1.0,0.0,-1.0,1730953,2.0,7,,0.0,2.0,4.0,C01,138Â 201Â 596,1.0
1014052,201900055583,9,22,19:40,1,1,1,1.0,4.0,93007,AUTOROUTE A1,M,"48,9503900","2,4488800",93,2019,110.0,1.0,2.0,1.0,2267726,1.0,1,4,1,9.0,,-1.0, -1,1959.0,B01,138Â 201Â 598,1.0,0.0,-1.0,1730954,2.0,7,,0.0,2.0,4.0,B01,138Â 201Â 598,1.0
1014052,201900055583,9,22,19:40,1,1,1,1.0,4.0,93007,AUTOROUTE A1,M,"48,9503900","2,4488800",93,2019,110.0,1.0,2.0,1.0,2267726,1.0,1,4,1,9.0,,-1.0, -1,1959.0,B01,138Â 201Â 598,1.0,0.0,-1.0,1730955,2.0,7,,0.0,2.0,1.0,A01,138Â 201Â 599,1.0
1014052,201900055583,9,22,19:40,1,1,1,1.0,4.0,93007,AUTOROUTE A1,M,"48,9503900","2,4488800",93,2019,110.0,1.0,2.0,1.0,2267727,1.0,1,1,1,9.0,,-1.0, -1,1992.0,A01,138Â 201Â 599,1.0,0.0,-1.0,1730953,2.0,7,,0.0,2.0,4.0,C01,138Â 201Â 596,1.0
1014052,201900055583,9,22,19:40,1,1,1,1.0,4.0,93007,AUTOROUTE A1,M,"48,9503900","2,4488800",93,2019,110.0,1.0,2.0,1.0,2267727,1.0,1,1,1,9.0,,-1.0, -1,1992.0,A01,138Â 201Â 599,1.0,0.0,-1.0,1730954,2.0,7,,0.0,2.0,4.0,B01,138Â 201Â 598,1.0
1014052,201900055583,9,22,19:40,1,1,1,1.0,4.0,93007,AUTOROUTE A1,M,"48,9503900","2,4488800",93,2019,110.0,1.0,2.0,1.0,2267727,1.0,1,1,1,9.0,,-1.0, -1,1992.0,A01,138Â 201Â 599,1.0,0.0,-1.0,1730955,2.0,7,,0.0,2.0,1.0,A01,138Â 201Â 599,1.0
1014053,201900055584,10,24,17:40,1,2,2,1.0,3.0,33318,BD DU HAUT LIVRAC,M,"44,7985300"," -0,6734900",33,2019,50.0,1.0,1.0,4.0,2267728,1.0,1,1,1,0.0,,-1.0, -1,1970.0,B01,138Â 201Â 594,1.0,0.0,-1.0,1730956,1.0,7,,0.0,2.0,3.0,B01,138Â 201Â 594,1.0
1014053,201900055584,10,24,17:40,1,2,2,1.0,3.0,33318,BD DU HAUT LIVRAC,M,"44,7985300"," -0,6734900",33,2019,50.0,1.0,1.0,4.0,2267728,1.0,1,1,1,0.0,,-1.0, -1,1970.0,B01,138Â 201Â 594,1.0,0.0,-1.0,1730957,1.0,7,,0.0,2.0,1.0,A01,138Â 201Â 595,1.0
1014053,201900055584,10,24,17:40,1,2,2,1.0,3.0,33318,BD DU HAUT LIVRAC,M,"44,7985300"," -0,6734900",33,2019,50.0,1.0,1.0,4.0,2267729,1.0,1,4,2,0.0,,-1.0, -1,1993.0,A01,138Â 201Â 595,8.0,0.0,-1.0,1730956,1.0,7,,0.0,2.0,3.0,B01,138Â 201Â 594,1.0
1014053,201900055584,10,24,17:40,1,2,2,1.0,3.0,33318,BD DU HAUT LIVRAC,M,"44,7985300"," -0,6734900",33,2019,50.0,1.0,1.0,4.0,2267729,1.0,1,4,2,0.0,,-1.0, -1,1993.0,A01,138Â 201Â 595,8.0,0.0,-1.0,1730957,1.0,7,,0.0,2.0,1.0,A01,138Â 201Â 595,1.0
1014054,201900055585,1,4,09:10,1,2,1,1.0,6.0,74173,273 rue de la poste,M,"45,8576860","6,6164300",74,2019,50.0,1.0,1.0,4.0,2267730,10.0,3,4,1,3.0,,6.0,A,1969.0,A01,138Â 201Â 593,8.0,-1.0,-1.0,1730958,0.0,7,,0.0,1.0,2.0,A01,138Â 201Â 593,0.0
1014054,201900055585,1,4,09:10,1,2,1,1.0,6.0,74173,273 rue de la poste,M,"45,8576860","6,6164300",74,2019,50.0,1.0,1.0,4.0,2267731,1.0,1,1,2,3.0,,0.0,0,1930.0,A01,138Â 201Â 593,8.0,-1.0,-1.0,1730958,0.0,7,,0.0,1.0,2.0,A01,138Â 201Â 593,0.0
1014055,201900055586,9,22,16:00,1,1,1,2.0,3.0,95582,AUTOROUTE A15,M,"48,9634700","2,2642900",95,2019,110.0,1.0,2.0,1.0,2267732,1.0,1,4,1,5.0,,-1.0,0,1971.0,A01,138Â 201Â 591,1.0,0.0,-1.0,1730959,2.0,7,,0.0,2.0,8.0,A01,138Â 201Â 591,1.0
1014055,201900055586,9,22,16:00,1,1,1,2.0,3.0,95582,AUTOROUTE A15,M,"48,9634700","2,2642900",95,2019,110.0,1.0,2.0,1.0,2267732,1.0,1,4,1,5.0,,-1.0,0,1971.0,A01,138Â 201Â 591,1.0,0.0,-1.0,1730960,2.0,10,,0.0,2.0,2.0,B01,138Â 201Â 592,1.0
1014055,201900055586,9,22,16:00,1,1,1,2.0,3.0,95582,AUTOROUTE A15,M,"48,9634700","2,2642900",95,2019,110.0,1.0,2.0,1.0,2267733,1.0,1,1,1,5.0,,-1.0,0,1972.0,B01,138Â 201Â 592,1.0,0.0,-1.0,1730959,2.0,7,,0.0,2.0,8.0,A01,138Â 201Â 591,1.0
1014055,201900055586,9,22,16:00,1,1,1,2.0,3.0,95582,AUTOROUTE A15,M,"48,9634700","2,2642900",95,2019,110.0,1.0,2.0,1.0,2267733,1.0,1,1,1,5.0,,-1.0,0,1972.0,B01,138Â 201Â 592,1.0,0.0,-1.0,1730960,2.0,10,,0.0,2.0,2.0,B01,138Â 201Â 592,1.0
1014055,201900055586,9,22,16:00,1,1,1,2.0,3.0,95582,AUTOROUTE A15,M,"48,9634700","2,2642900",95,2019,110.0,1.0,2.0,1.0,2267734,2.0,2,4,1,5.0,,-1.0,0,2011.0,B01,138Â 201Â 592,1.0,0.0,-1.0,1730959,2.0,7,,0.0,2.0,8.0,A01,138Â 201Â 591,1.0
1014055,201900055586,9,22,16:00,1,1,1,2.0,3.0,95582,AUTOROUTE A15,M,"48,9634700","2,2642900",95,2019,110.0,1.0,2.0,1.0,2267734,2.0,2,4,1,5.0,,-1.0,0,2011.0,B01,138Â 201Â 592,1.0,0.0,-1.0,1730960,2.0,10,,0.0,2.0,2.0,B01,138Â 201Â 592,1.0
1014055,201900055586,9,22,16:00,1,1,1,2.0,3.0,95582,AUTOROUTE A15,M,"48,9634700","2,2642900",95,2019,110.0,1.0,2.0,1.0,2267735,6.0,2,4,1,5.0,,-1.0,0,2014.0,B01,138Â 201Â 592,1.0,0.0,-1.0,1730959,2.0,7,,0.0,2.0,8.0,A01,138Â 201Â 591,1.0
1014055,201900055586,9,22,16:00,1,1,1,2.0,3.0,95582,AUTOROUTE A15,M,"48,9634700","2,2642900",95,2019,110.0,1.0,2.0,1.0,2267735,6.0,2,4,1,5.0,,-1.0,0,2014.0,B01,138Â 201Â 592,1.0,0.0,-1.0,1730960,2.0,10,,0.0,2.0,2.0,B01,138Â 201Â 592,1.0
1014056,201900055587,1,2,09:20,1,2,2,1.0,6.0,79063,2 rue du moulin,M,"47,0460260"," -0,3536380",79,2019,50.0,1.0,1.0,3.0,2267736,1.0,1,1,1,3.0,,0.0,0,1950.0,A01,138Â 201Â 589,1.0,-1.0,-1.0,1730961,2.0,7,,0.0,1.0,2.0,A01,138Â 201Â 589,1.0
1014056,201900055587,1,2,09:20,1,2,2,1.0,6.0,79063,2 rue du moulin,M,"47,0460260"," -0,3536380",79,2019,50.0,1.0,1.0,3.0,2267737,10.0,3,3,2,3.0,,2.0,3,1933.0,A01,138Â 201Â 589,0.0,-1.0,-1.0,1730961,2.0,7,,0.0,1.0,2.0,A01,138Â 201Â 589,1.0
1014057,201900055588,10,24,13:50,1,2,3,2.0,2.0,33281,KENNEDY (AVE PRESIDENT J.F.),M,"44,8326600"," -0,6559300",33,2019,50.0,1.0,2.0,4.0,2267738,3.0,2,4,1,0.0,,-1.0, -1,2014.0,B01,138Â 201Â 588,8.0,0.0,-1.0,1730962,1.0,10,,0.0,2.0,6.0,B01,138Â 201Â 588,1.0
1014057,201900055588,10,24,13:50,1,2,3,2.0,2.0,33281,KENNEDY (AVE PRESIDENT J.F.),M,"44,8326600"," -0,6559300",33,2019,50.0,1.0,2.0,4.0,2267738,3.0,2,4,1,0.0,,-1.0, -1,2014.0,B01,138Â 201Â 588,8.0,0.0,-1.0,1730963,1.0,7,,0.0,2.0,2.0,A01,138Â 201Â 590,1.0
1014057,201900055588,10,24,13:50,1,2,3,2.0,2.0,33281,KENNEDY (AVE PRESIDENT J.F.),M,"44,8326600"," -0,6559300",33,2019,50.0,1.0,2.0,4.0,2267739,1.0,1,1,2,5.0,,-1.0, -1,1957.0,B01,138Â 201Â 588,8.0,0.0,-1.0,1730962,1.0,10,,0.0,2.0,6.0,B01,138Â 201Â 588,1.0
1014057,201900055588,10,24,13:50,1,2,3,2.0,2.0,33281,KENNEDY (AVE PRESIDENT J.F.),M,"44,8326600"," -0,6559300",33,2019,50.0,1.0,2.0,4.0,2267739,1.0,1,1,2,5.0,,-1.0, -1,1957.0,B01,138Â 201Â 588,8.0,0.0,-1.0,1730963,1.0,7,,0.0,2.0,2.0,A01,138Â 201Â 590,1.0
1014057,201900055588,10,24,13:50,1,2,3,2.0,2.0,33281,KENNEDY (AVE PRESIDENT J.F.),M,"44,8326600"," -0,6559300",33,2019,50.0,1.0,2.0,4.0,2267740,2.0,2,4,2,5.0,,-1.0, -1,2011.0,B01,138Â 201Â 588,8.0,0.0,-1.0,1730962,1.0,10,,0.0,2.0,6.0,B01,138Â 201Â 588,1.0
1014057,201900055588,10,24,13:50,1,2,3,2.0,2.0,33281,KENNEDY (AVE PRESIDENT J.F.),M,"44,8326600"," -0,6559300",33,2019,50.0,1.0,2.0,4.0,2267740,2.0,2,4,2,5.0,,-1.0, -1,2011.0,B01,138Â 201Â 588,8.0,0.0,-1.0,1730963,1.0,7,,0.0,2.0,2.0,A01,138Â 201Â 590,1.0
1014057,201900055588,10,24,13:50,1,2,3,2.0,2.0,33281,KENNEDY (AVE PRESIDENT J.F.),M,"44,8326600"," -0,6559300",33,2019,50.0,1.0,2.0,4.0,2267741,1.0,1,1,1,0.0,,-1.0, -1,1992.0,A01,138Â 201Â 590,8.0,0.0,-1.0,1730962,1.0,10,,0.0,2.0,6.0,B01,138Â 201Â 588,1.0
1014057,201900055588,10,24,13:50,1,2,3,2.0,2.0,33281,KENNEDY (AVE PRESIDENT J.F.),M,"44,8326600"," -0,6559300",33,2019,50.0,1.0,2.0,4.0,2267741,1.0,1,1,1,0.0,,-1.0, -1,1992.0,A01,138Â 201Â 590,8.0,0.0,-1.0,1730963,1.0,7,,0.0,2.0,2.0,A01,138Â 201Â 590,1.0
1014058,201900055589,9,22,08:00,1,1,1,1.0,2.0,93008,AUTOROUTE A86,M,"48,9064200","2,4584700",93,2019,90.0,1.0,1.0,1.0,2267742,1.0,1,4,1,5.0,,-1.0, -1,1950.0,B01,138Â 201Â 586,1.0,8.0,-1.0,1730964,1.0,7,,4.0,2.0,6.0,B01,138Â 201Â 586,1.0
1014058,201900055589,9,22,08:00,1,1,1,1.0,2.0,93008,AUTOROUTE A86,M,"48,9064200","2,4584700",93,2019,90.0,1.0,1.0,1.0,2267742,1.0,1,4,1,5.0,,-1.0, -1,1950.0,B01,138Â 201Â 586,1.0,8.0,-1.0,1730965,1.0,7,,4.0,2.0,2.0,Z01,138Â 201Â 587,1.0
1014059,201900055590,1,5,05:40,3,1,1,1.0,1.0,2A271,RT 20,M,"41,9811860","8,8370930",2A,2019,80.0,1.0,1.0,2.0,2267743,1.0,1,3,1,1.0,,0.0,0,1990.0,B01,138Â 201Â 584,1.0,-1.0,-1.0,1730966,2.0,7,,0.0,2.0,1.0,B01,138Â 201Â 584,1.0
1014059,201900055590,1,5,05:40,3,1,1,1.0,1.0,2A271,RT 20,M,"41,9811860","8,8370930",2A,2019,80.0,1.0,1.0,2.0,2267743,1.0,1,3,1,1.0,,0.0,0,1990.0,B01,138Â 201Â 584,1.0,-1.0,-1.0,1730967,1.0,7,,0.0,2.0,1.0,A01,138Â 201Â 585,1.0
1014059,201900055590,1,5,05:40,3,1,1,1.0,1.0,2A271,RT 20,M,"41,9811860","8,8370930",2A,2019,80.0,1.0,1.0,2.0,2267744,1.0,1,3,1,9.0,,0.0,0,1999.0,A01,138Â 201Â 585,1.0,-1.0,-1.0,1730966,2.0,7,,0.0,2.0,1.0,B01,138Â 201Â 584,1.0
1014059,201900055590,1,5,05:40,3,1,1,1.0,1.0,2A271,RT 20,M,"41,9811860","8,8370930",2A,2019,80.0,1.0,1.0,2.0,2267744,1.0,1,3,1,9.0,,0.0,0,1999.0,A01,138Â 201Â 585,1.0,-1.0,-1.0,1730967,1.0,7,,0.0,2.0,1.0,A01,138Â 201Â 585,1.0
1014060,201900055591,10,24,10:30,1,2,3,2.0,1.0,33063,QUAI DES CHARTRONS,M,"44,8524000"," -0,5677500",33,2019,50.0,1.0,2.0,4.0,2267745,1.0,1,4,1,0.0,,0.0,0,1952.0,Y01,138Â 201Â 582,8.0,0.0,-1.0,1730968,1.0,50,,0.0,2.0,8.0,Y01,138Â 201Â 582,3.0
1014060,201900055591,10,24,10:30,1,2,3,2.0,1.0,33063,QUAI DES CHARTRONS,M,"44,8524000"," -0,5677500",33,2019,50.0,1.0,2.0,4.0,2267745,1.0,1,4,1,0.0,,0.0,0,1952.0,Y01,138Â 201Â 582,8.0,0.0,-1.0,1730969,1.0,7,,0.0,1.0,1.0,A01,138Â 201Â 583,1.0
1014060,201900055591,10,24,10:30,1,2,3,2.0,1.0,33063,QUAI DES CHARTRONS,M,"44,8524000"," -0,5677500",33,2019,50.0,1.0,2.0,4.0,2267746,1.0,1,1,2,0.0,,-1.0, -1,1998.0,A01,138Â 201Â 583,8.0,0.0,-1.0,1730968,1.0,50,,0.0,2.0,8.0,Y01,138Â 201Â 582,3.0
1014060,201900055591,10,24,10:30,1,2,3,2.0,1.0,33063,QUAI DES CHARTRONS,M,"44,8524000"," -0,5677500",33,2019,50.0,1.0,2.0,4.0,2267746,1.0,1,1,2,0.0,,-1.0, -1,1998.0,A01,138Â 201Â 583,8.0,0.0,-1.0,1730969,1.0,7,,0.0,1.0,1.0,A01,138Â 201Â 583,1.0
1014061,201900055592,1,6,04:45,3,1,1,1.0,1.0,2B318,RT 10,M,"42,4382830","9,5160600",2B,2019,70.0,1.0,1.0,2.0,2267747,1.0,1,1,1,4.0,,0.0,0,1993.0,B01,138Â 201Â 579,8.0,-1.0,-1.0,1730970,1.0,7,,0.0,2.0,1.0,B01,138Â 201Â 579,1.0
1014061,201900055592,1,6,04:45,3,1,1,1.0,1.0,2B318,RT 10,M,"42,4382830","9,5160600",2B,2019,70.0,1.0,1.0,2.0,2267747,1.0,1,1,1,4.0,,0.0,0,1993.0,B01,138Â 201Â 579,8.0,-1.0,-1.0,1730971,2.0,7,,0.0,2.0,1.0,A01,138Â 201Â 581,1.0
1014061,201900055592,1,6,04:45,3,1,1,1.0,1.0,2B318,RT 10,M,"42,4382830","9,5160600",2B,2019,70.0,1.0,1.0,2.0,2267748,9.0,2,1,1,0.0,,0.0,0,1984.0,B01,138Â 201Â 579,8.0,-1.0,-1.0,1730970,1.0,7,,0.0,2.0,1.0,B01,138Â 201Â 579,1.0
1014061,201900055592,1,6,04:45,3,1,1,1.0,1.0,2B318,RT 10,M,"42,4382830","9,5160600",2B,2019,70.0,1.0,1.0,2.0,2267748,9.0,2,1,1,0.0,,0.0,0,1984.0,B01,138Â 201Â 579,8.0,-1.0,-1.0,1730971,2.0,7,,0.0,2.0,1.0,A01,138Â 201Â 581,1.0
1014061,201900055592,1,6,04:45,3,1,1,1.0,1.0,2B318,RT 10,M,"42,4382830","9,5160600",2B,2019,70.0,1.0,1.0,2.0,2267749,8.0,2,1,1,0.0,,0.0,0,1978.0,B01,138Â 201Â 579,8.0,-1.0,-1.0,1730970,1.0,7,,0.0,2.0,1.0,B01,138Â 201Â 579,1.0
1014061,201900055592,1,6,04:45,3,1,1,1.0,1.0,2B318,RT 10,M,"42,4382830","9,5160600",2B,2019,70.0,1.0,1.0,2.0,2267749,8.0,2,1,1,0.0,,0.0,0,1978.0,B01,138Â 201Â 579,8.0,-1.0,-1.0,1730971,2.0,7,,0.0,2.0,1.0,A01,138Â 201Â 581,1.0
1014061,201900055592,1,6,04:45,3,1,1,1.0,1.0,2B318,RT 10,M,"42,4382830","9,5160600",2B,2019,70.0,1.0,1.0,2.0,2267750,9.0,2,1,1,0.0,,0.0,0,1980.0,B01,138Â 201Â 579,8.0,-1.0,-1.0,1730970,1.0,7,,0.0,2.0,1.0,B01,138Â 201Â 579,1.0
1014061,201900055592,1,6,04:45,3,1,1,1.0,1.0,2B318,RT 10,M,"42,4382830","9,5160600",2B,2019,70.0,1.0,1.0,2.0,2267750,9.0,2,1,1,0.0,,0.0,0,1980.0,B01,138Â 201Â 579,8.0,-1.0,-1.0,1730971,2.0,7,,0.0,2.0,1.0,A01,138Â 201Â 581,1.0
1014061,201900055592,1,6,04:45,3,1,1,1.0,1.0,2B318,RT 10,M,"42,4382830","9,5160600",2B,2019,70.0,1.0,1.0,2.0,2267751,2.0,2,1,1,0.0,,0.0,0,1973.0,B01,138Â 201Â 579,8.0,-1.0,-1.0,1730970,1.0,7,,0.0,2.0,1.0,B01,138Â 201Â 579,1.0
1014061,201900055592,1,6,04:45,3,1,1,1.0,1.0,2B318,RT 10,M,"42,4382830","9,5160600",2B,2019,70.0,1.0,1.0,2.0,2267751,2.0,2,1,1,0.0,,0.0,0,1973.0,B01,138Â 201Â 579,8.0,-1.0,-1.0,1730971,2.0,7,,0.0,2.0,1.0,A01,138Â 201Â 581,1.0
1014061,201900055592,1,6,04:45,3,1,1,1.0,1.0,2B318,RT 10,M,"42,4382830","9,5160600",2B,2019,70.0,1.0,1.0,2.0,2267752,1.0,1,3,1,9.0,,0.0,0,1994.0,A01,138Â 201Â 581,1.0,-1.0,-1.0,1730970,1.0,7,,0.0,2.0,1.0,B01,138Â 201Â 579,1.0
1014061,201900055592,1,6,04:45,3,1,1,1.0,1.0,2B318,RT 10,M,"42,4382830","9,5160600",2B,2019,70.0,1.0,1.0,2.0,2267752,1.0,1,3,1,9.0,,0.0,0,1994.0,A01,138Â 201Â 581,1.0,-1.0,-1.0,1730971,2.0,7,,0.0,2.0,1.0,A01,138Â 201Â 581,1.0
1014062,201900055593,9,22,04:35,5,1,1,1.0,6.0,95527,AUTOROUTE A1,M,"49,0112700","2,5291300",95,2019,110.0,1.0,1.0,1.0,2267753,1.0,1,4,1,5.0,,-1.0,0,1994.0,A01,138Â 201Â 580,1.0,4.0,-1.0,1730972,2.0,7,,4.0,0.0,1.0,A01,138Â 201Â 580,1.0
1014062,201900055593,9,22,04:35,5,1,1,1.0,6.0,95527,AUTOROUTE A1,M,"49,0112700","2,5291300",95,2019,110.0,1.0,1.0,1.0,2267754,5.0,2,1,1,5.0,,-1.0,0,1999.0,A01,138Â 201Â 580,1.0,0.0,-1.0,1730972,2.0,7,,4.0,0.0,1.0,A01,138Â 201Â 580,1.0
1014062,201900055593,9,22,04:35,5,1,1,1.0,6.0,95527,AUTOROUTE A1,M,"49,0112700","2,5291300",95,2019,110.0,1.0,1.0,1.0,2267755,3.0,2,4,1,5.0,,-1.0,0,1998.0,A01,138Â 201Â 580,1.0,0.0,-1.0,1730972,2.0,7,,4.0,0.0,1.0,A01,138Â 201Â 580,1.0
1014062,201900055593,9,22,04:35,5,1,1,1.0,6.0,95527,AUTOROUTE A1,M,"49,0112700","2,5291300",95,2019,110.0,1.0,1.0,1.0,2267756,2.0,2,4,1,5.0,,-1.0,0,1998.0,A01,138Â 201Â 580,1.0,0.0,-1.0,1730972,2.0,7,,4.0,0.0,1.0,A01,138Â 201Â 580,1.0
1014062,201900055593,9,22,04:35,5,1,1,1.0,6.0,95527,AUTOROUTE A1,M,"49,0112700","2,5291300",95,2019,110.0,1.0,1.0,1.0,2267757,3.0,2,1,2,5.0,,-1.0,0,1998.0,A01,138Â 201Â 580,1.0,0.0,-1.0,1730972,2.0,7,,4.0,0.0,1.0,A01,138Â 201Â 580,1.0
1014063,201900055594,1,2,17:45,5,2,6,1.0,2.0,2B346,rt 10,M,"42,5262830","9,5047850",2B,2019,50.0,1.0,1.0,2.0,2267758,1.0,1,4,1,1.0,,0.0,0,1994.0,B01,138Â 201Â 575,8.0,-1.0,-1.0,1730973,0.0,7,,0.0,0.0,4.0,B01,138Â 201Â 575,1.0
1014063,201900055594,1,2,17:45,5,2,6,1.0,2.0,2B346,rt 10,M,"42,5262830","9,5047850",2B,2019,50.0,1.0,1.0,2.0,2267758,1.0,1,4,1,1.0,,0.0,0,1994.0,B01,138Â 201Â 575,8.0,-1.0,-1.0,1730974,0.0,7,,0.0,2.0,1.0,A01,138Â 201Â 576,1.0
1014063,201900055594,1,2,17:45,5,2,6,1.0,2.0,2B346,rt 10,M,"42,5262830","9,5047850",2B,2019,50.0,1.0,1.0,2.0,2267759,1.0,1,4,1,1.0,,0.0,0,1981.0,A01,138Â 201Â 576,8.0,-1.0,-1.0,1730973,0.0,7,,0.0,0.0,4.0,B01,138Â 201Â 575,1.0
1014063,201900055594,1,2,17:45,5,2,6,1.0,2.0,2B346,rt 10,M,"42,5262830","9,5047850",2B,2019,50.0,1.0,1.0,2.0,2267759,1.0,1,4,1,1.0,,0.0,0,1981.0,A01,138Â 201Â 576,8.0,-1.0,-1.0,1730974,0.0,7,,0.0,2.0,1.0,A01,138Â 201Â 576,1.0
1014064,201900055595,10,24,00:15,5,2,2,2.0,3.0,33119,BD ENTRE DEUX MERS,M,"44,8452000"," -0,5322000",33,2019,50.0,1.0,2.0,4.0,2267760,1.0,1,1,2,5.0,,-1.0, -1,2000.0,B01,138Â 201Â 577,1.0,0.0,-1.0,1730975,0.0,7,,0.0,2.0,1.0,B01,138Â 201Â 577,1.0
1014064,201900055595,10,24,00:15,5,2,2,2.0,3.0,33119,BD ENTRE DEUX MERS,M,"44,8452000"," -0,5322000",33,2019,50.0,1.0,2.0,4.0,2267760,1.0,1,1,2,5.0,,-1.0, -1,2000.0,B01,138Â 201Â 577,1.0,0.0,-1.0,1730976,0.0,7,,0.0,2.0,6.0,A01,138Â 201Â 578,1.0
1014064,201900055595,10,24,00:15,5,2,2,2.0,3.0,33119,BD ENTRE DEUX MERS,M,"44,8452000"," -0,5322000",33,2019,50.0,1.0,2.0,4.0,2267761,1.0,1,4,1,0.0,,-1.0, -1,1995.0,A01,138Â 201Â 578,8.0,0.0,-1.0,1730975,0.0,7,,0.0,2.0,1.0,B01,138Â 201Â 577,1.0
1014064,201900055595,10,24,00:15,5,2,2,2.0,3.0,33119,BD ENTRE DEUX MERS,M,"44,8452000"," -0,5322000",33,2019,50.0,1.0,2.0,4.0,2267761,1.0,1,4,1,0.0,,-1.0, -1,1995.0,A01,138Â 201Â 578,8.0,0.0,-1.0,1730976,0.0,7,,0.0,2.0,6.0,A01,138Â 201Â 578,1.0