Unnamed: 0_x,num_acc,mois,jour,hrmn,lum,agg,int,atm,col,com,adr,gps,lat,long,dep,annee,vma,situ,surf,catr,Unnamed: 0_y,place,catu,grav,sexe,trajet,secu,locp,actp,an_nais,num_veh_x,id_vehicule_x,secu1,secu2,secu3,Unnamed: 0,senc,catv,occutc,obs,obsm,choc,num_veh_y,id_vehicule_y,motor
1014065,201900055596,9,23,20:45,4,1,1,1.0,6.0,94022,A86 EXT,M,"48,7741000","2,4075000",94,2019,90.0,1.0,1.0,1.0,2267762,1.0,1,4,2,1.0,,-1.0,0,1994.0,A01,138Â 201Â 574,1.0,0.0,-1.0,1730977,1.0,7,,3.0,2.0,9.0,A01,138Â 201Â 574,1.0
1014066,201900055597,1,3,14:15,1,2,1,1.0,6.0,80318,"29b, Rue Roger Godard",M,"50,0149130","2,0809530",80,2019,50.0,1.0,1.0,3.0,2267763,10.0,3,3,2,5.0,,3.0,3,1948.0,A01,138Â 201Â 573,0.0,-1.0,-1.0,1730978,1.0,7,,0.0,1.0,0.0,A01,138Â 201Â 573,1.0
1014066,201900055597,1,3,14:15,1,2,1,1.0,6.0,80318,"29b, Rue Roger Godard",M,"50,0149130","2,0809530",80,2019,50.0,1.0,1.0,3.0,2267764,1.0,1,1,2,1.0,,0.0,0,1994.0,A01,138Â 201Â 573,1.0,-1.0,-1.0,1730978,1.0,7,,0.0,1.0,0.0,A01,138Â 201Â 573,1.0
1014067,201900055598,9,22,20:50,5,1,1,8.0,6.0,77122,RN104,M,"48,6463660","2,5974380",77,2019,110.0,1.0,1.0,2.0,2267765,2.0,1,4,1,5.0,,0.0,0,1990.0,A01,138Â 201Â 571,1.0,0.0,-1.0,1730979,1.0,7,,16.0,0.0,2.0,A01,138Â 201Â 571,1.0
1014068,201900055599,10,24,20:06,4,2,1,1.0,6.0,31555,RUE LEON JOULIN,M,"43,5538600","1,4224300",31,2019,50.0,1.0,1.0,4.0,2267766,1.0,1,1,1,9.0,,-1.0, -1,1996.0,A01,138Â 201Â 572,1.0,0.0,-1.0,1730980,0.0,7,,0.0,1.0,1.0,A01,138Â 201Â 572,1.0
1014068,201900055599,10,24,20:06,4,2,1,1.0,6.0,31555,RUE LEON JOULIN,M,"43,5538600","1,4224300",31,2019,50.0,1.0,1.0,4.0,2267767,10.0,3,3,1,9.0,,2.0,3,1983.0,A01,138Â 201Â 572,8.0,0.0,-1.0,1730980,0.0,7,,0.0,1.0,1.0,A01,138Â 201Â 572,1.0
1014069,201900055600,1,5,18:10,5,2,1,1.0,1.0,80234,dÃ©partementale 1,M,"49,9026070","2,4559620",80,2019,50.0,1.0,1.0,3.0,2267768,1.0,1,3,1,5.0,,0.0,0,1965.0,B01,138Â 201Â 567,8.0,-1.0,-1.0,1730981,2.0,7,,12.0,2.0,3.0,B01,138Â 201Â 567,1.0
1014069,201900055600,1,5,18:10,5,2,1,1.0,1.0,80234,dÃ©partementale 1,M,"49,9026070","2,4559620",80,2019,50.0,1.0,1.0,3.0,2267768,1.0,1,3,1,5.0,,0.0,0,1965.0,B01,138Â 201Â 567,8.0,-1.0,-1.0,1730982,1.0,7,,12.0,2.0,3.0,A01,138Â 201Â 570,1.0
1014069,201900055600,1,5,18:10,5,2,1,1.0,1.0,80234,dÃ©partementale 1,M,"49,9026070","2,4559620",80,2019,50.0,1.0,1.0,3.0,2267769,2.0,2,4,2,5.0,,0.0,0,1964.0,B01,138Â 201Â 567,1.0,-1.0,-1.0,1730981,2.0,7,,12.0,2.0,3.0,B01,138Â 201Â 567,1.0
1014069,201900055600,1,5,18:10,5,2,1,1.0,1.0,80234,dÃ©partementale 1,M,"49,9026070","2,4559620",80,2019,50.0,1.0,1.0,3.0,2267769,2.0,2,4,2,5.0,,0.0,0,1964.0,B01,138Â 201Â 567,1.0,-1.0,-1.0,1730982,1.0,7,,12.0,2.0,3.0,A01,138Â 201Â 570,1.0
1014069,201900055600,1,5,18:10,5,2,1,1.0,1.0,80234,dÃ©partementale 1,M,"49,9026070","2,4559620",80,2019,50.0,1.0,1.0,3.0,2267770,1.0,1,4,2,3.0,,0.0,0,1940.0,A01,138Â 201Â 570,1.0,-1.0,-1.0,1730981,2.0,7,,12.0,2.0,3.0,B01,138Â 201Â 567,1.0
1014069,201900055600,1,5,18:10,5,2,1,1.0,1.0,80234,dÃ©partementale 1,M,"49,9026070","2,4559620",80,2019,50.0,1.0,1.0,3.0,2267770,1.0,1,4,2,3.0,,0.0,0,1940.0,A01,138Â 201Â 570,1.0,-1.0,-1.0,1730982,1.0,7,,12.0,2.0,3.0,A01,138Â 201Â 570,1.0
1014070,201900055601,10,24,16:30,1,1,1,2.0,2.0,31555,VA007331 A620,M,"43,5698200","1,4133300",31,2019,90.0,1.0,2.0,1.0,2267771,2.0,2,1,1,3.0,,-1.0, -1,1990.0,B01,138Â 201Â 566,1.0,0.0,-1.0,1730983,1.0,10,,0.0,2.0,4.0,B01,138Â 201Â 566,1.0
1014070,201900055601,10,24,16:30,1,1,1,2.0,2.0,31555,VA007331 A620,M,"43,5698200","1,4133300",31,2019,90.0,1.0,2.0,1.0,2267771,2.0,2,1,1,3.0,,-1.0, -1,1990.0,B01,138Â 201Â 566,1.0,0.0,-1.0,1730984,1.0,7,,0.0,2.0,1.0,A01,138Â 201Â 569,1.0
1014070,201900055601,10,24,16:30,1,1,1,2.0,2.0,31555,VA007331 A620,M,"43,5698200","1,4133300",31,2019,90.0,1.0,2.0,1.0,2267772,1.0,1,1,1,4.0,,-1.0, -1,1962.0,B01,138Â 201Â 566,1.0,0.0,-1.0,1730983,1.0,10,,0.0,2.0,4.0,B01,138Â 201Â 566,1.0
1014070,201900055601,10,24,16:30,1,1,1,2.0,2.0,31555,VA007331 A620,M,"43,5698200","1,4133300",31,2019,90.0,1.0,2.0,1.0,2267772,1.0,1,1,1,4.0,,-1.0, -1,1962.0,B01,138Â 201Â 566,1.0,0.0,-1.0,1730984,1.0,7,,0.0,2.0,1.0,A01,138Â 201Â 569,1.0
1014070,201900055601,10,24,16:30,1,1,1,2.0,2.0,31555,VA007331 A620,M,"43,5698200","1,4133300",31,2019,90.0,1.0,2.0,1.0,2267773,1.0,1,4,2,0.0,,-1.0, -1,1991.0,A01,138Â 201Â 569,1.0,0.0,-1.0,1730983,1.0,10,,0.0,2.0,4.0,B01,138Â 201Â 566,1.0
1014070,201900055601,10,24,16:30,1,1,1,2.0,2.0,31555,VA007331 A620,M,"43,5698200","1,4133300",31,2019,90.0,1.0,2.0,1.0,2267773,1.0,1,4,2,0.0,,-1.0, -1,1991.0,A01,138Â 201Â 569,1.0,0.0,-1.0,1730984,1.0,7,,0.0,2.0,1.0,A01,138Â 201Â 569,1.0
1014071,201900055602,1,2,18:45,3,1,1,1.0,6.0,82103,D928,M,"43,8386500","0,9269900",82,2019,80.0,3.0,1.0,3.0,2267774,1.0,1,2,1,5.0,,0.0,0,1971.0,A01,138Â 201Â 565,1.0,-1.0,-1.0,1730985,1.0,7,,2.0,0.0,1.0,A01,138Â 201Â 565,1.0
1014072,201900055603,9,20,12:40,1,2,1,1.0,6.0,97416,LEBLOND 1 (RUE MARIUS ET ARY),M," -21,3365300","55,4707400",974,2019,50.0,1.0,1.0,4.0,2267775,10.0,3,4,2,0.0,,1.0,A,2003.0,A01,138Â 201Â 563,0.0,-1.0,-1.0,1730986,1.0,7,,0.0,1.0,6.0,A01,138Â 201Â 563,1.0
1014072,201900055603,9,20,12:40,1,2,1,1.0,6.0,97416,LEBLOND 1 (RUE MARIUS ET ARY),M," -21,3365300","55,4707400",974,2019,50.0,1.0,1.0,4.0,2267776,10.0,3,1,2,0.0,,2.0,3,1972.0,A01,138Â 201Â 563,0.0,-1.0,-1.0,1730986,1.0,7,,0.0,1.0,6.0,A01,138Â 201Â 563,1.0
1014073,201900055604,10,24,15:30,1,2,1,1.0,1.0,31555,ALL JULES GUESDE,M,"43,5946300","1,4490900",31,2019,50.0,1.0,1.0,4.0,2267777,10.0,3,3,1,9.0,,2.0,3,1962.0,A01,138Â 201Â 562,8.0,0.0,-1.0,1730987,1.0,31,,0.0,1.0,1.0,A01,138Â 201Â 562,1.0
1014073,201900055604,10,24,15:30,1,2,1,1.0,1.0,31555,ALL JULES GUESDE,M,"43,5946300","1,4490900",31,2019,50.0,1.0,1.0,4.0,2267777,10.0,3,3,1,9.0,,2.0,3,1962.0,A01,138Â 201Â 562,8.0,0.0,-1.0,1730988,2.0,7,,0.0,2.0,7.0,B01,138Â 201Â 564,1.0
1014073,201900055604,10,24,15:30,1,2,1,1.0,1.0,31555,ALL JULES GUESDE,M,"43,5946300","1,4490900",31,2019,50.0,1.0,1.0,4.0,2267778,1.0,1,4,1,0.0,,-1.0, -1,1969.0,A01,138Â 201Â 562,2.0,0.0,-1.0,1730987,1.0,31,,0.0,1.0,1.0,A01,138Â 201Â 562,1.0
1014073,201900055604,10,24,15:30,1,2,1,1.0,1.0,31555,ALL JULES GUESDE,M,"43,5946300","1,4490900",31,2019,50.0,1.0,1.0,4.0,2267778,1.0,1,4,1,0.0,,-1.0, -1,1969.0,A01,138Â 201Â 562,2.0,0.0,-1.0,1730988,2.0,7,,0.0,2.0,7.0,B01,138Â 201Â 564,1.0
1014073,201900055604,10,24,15:30,1,2,1,1.0,1.0,31555,ALL JULES GUESDE,M,"43,5946300","1,4490900",31,2019,50.0,1.0,1.0,4.0,2267779,1.0,1,1,1,0.0,,-1.0, -1,1968.0,B01,138Â 201Â 564,1.0,0.0,-1.0,1730987,1.0,31,,0.0,1.0,1.0,A01,138Â 201Â 562,1.0
1014073,201900055604,10,24,15:30,1,2,1,1.0,1.0,31555,ALL JULES GUESDE,M,"43,5946300","1,4490900",31,2019,50.0,1.0,1.0,4.0,2267779,1.0,1,1,1,0.0,,-1.0, -1,1968.0,B01,138Â 201Â 564,1.0,0.0,-1.0,1730988,2.0,7,,0.0,2.0,7.0,B01,138Â 201Â 564,1.0
1014074,201900055605,1,3,23:40,5,2,1,1.0,6.0,69214,avenue victor hugo,M,"46,0026900","4,3254840",69,2019,50.0,3.0,1.0,3.0,2267780,1.0,1,4,1,5.0,,0.0,0,1991.0,A01,138Â 201Â 561,1.0,-1.0,-1.0,1730989,0.0,7,,9.0,0.0,1.0,A01,138Â 201Â 561,1.0
1014075,201900055606,10,25,10:06,1,2,3,1.0,6.0,30189,VOULAND (RUE),M,"43,8366000","4,3566900",30,2019,30.0,1.0,1.0,4.0,2267781,10.0,3,3,1,5.0,,2.0,3,1931.0,A01,138Â 201Â 559,8.0,0.0,-1.0,1730990,0.0,15,,0.0,1.0,2.0,A01,138Â 201Â 559,1.0
1014075,201900055606,10,25,10:06,1,2,3,1.0,6.0,30189,VOULAND (RUE),M,"43,8366000","4,3566900",30,2019,30.0,1.0,1.0,4.0,2267782,1.0,1,1,1,4.0,,0.0,0,1994.0,A01,138Â 201Â 559,1.0,0.0,-1.0,1730990,0.0,15,,0.0,1.0,2.0,A01,138Â 201Â 559,1.0
1014076,201900055607,9,22,22:45,5,2,3,8.0,3.0,69388,ALBERT THOMAS                       (CO),M,"45,7469600","4,8671400",69,2019,50.0,1.0,2.0,7.0,2267783,1.0,1,1,1,5.0,,-1.0,0,1962.0,B01,138Â 201Â 558,1.0,0.0,-1.0,1730991,3.0,7,,0.0,2.0,8.0,B01,138Â 201Â 558,1.0
1014076,201900055607,9,22,22:45,5,2,3,8.0,3.0,69388,ALBERT THOMAS                       (CO),M,"45,7469600","4,8671400",69,2019,50.0,1.0,2.0,7.0,2267783,1.0,1,1,1,5.0,,-1.0,0,1962.0,B01,138Â 201Â 558,1.0,0.0,-1.0,1730992,2.0,32,,0.0,2.0,1.0,A01,138Â 201Â 560,1.0
1014076,201900055607,9,22,22:45,5,2,3,8.0,3.0,69388,ALBERT THOMAS                       (CO),M,"45,7469600","4,8671400",69,2019,50.0,1.0,2.0,7.0,2267784,1.0,1,3,1,4.0,,-1.0,0,1989.0,A01,138Â 201Â 560,2.0,0.0,-1.0,1730991,3.0,7,,0.0,2.0,8.0,B01,138Â 201Â 558,1.0
1014076,201900055607,9,22,22:45,5,2,3,8.0,3.0,69388,ALBERT THOMAS                       (CO),M,"45,7469600","4,8671400",69,2019,50.0,1.0,2.0,7.0,2267784,1.0,1,3,1,4.0,,-1.0,0,1989.0,A01,138Â 201Â 560,2.0,0.0,-1.0,1730992,2.0,32,,0.0,2.0,1.0,A01,138Â 201Â 560,1.0
1014077,201900055608,1,4,15:00,1,1,1,1.0,1.0,32129,DÃ©partementale 40,M,"43,8374510","0,8244800",32,2019,80.0,1.0,1.0,3.0,2267785,1.0,1,1,1,5.0,,0.0,0,1953.0,B01,138Â 201Â 556,1.0,-1.0,-1.0,1730993,2.0,7,,0.0,2.0,1.0,B01,138Â 201Â 556,1.0
1014077,201900055608,1,4,15:00,1,1,1,1.0,1.0,32129,DÃ©partementale 40,M,"43,8374510","0,8244800",32,2019,80.0,1.0,1.0,3.0,2267785,1.0,1,1,1,5.0,,0.0,0,1953.0,B01,138Â 201Â 556,1.0,-1.0,-1.0,1730994,1.0,7,,0.0,2.0,1.0,A01,138Â 201Â 557,1.0
1014077,201900055608,1,4,15:00,1,1,1,1.0,1.0,32129,DÃ©partementale 40,M,"43,8374510","0,8244800",32,2019,80.0,1.0,1.0,3.0,2267786,7.0,2,1,2,5.0,,0.0,0,1979.0,B01,138Â 201Â 556,1.0,-1.0,-1.0,1730993,2.0,7,,0.0,2.0,1.0,B01,138Â 201Â 556,1.0
1014077,201900055608,1,4,15:00,1,1,1,1.0,1.0,32129,DÃ©partementale 40,M,"43,8374510","0,8244800",32,2019,80.0,1.0,1.0,3.0,2267786,7.0,2,1,2,5.0,,0.0,0,1979.0,B01,138Â 201Â 556,1.0,-1.0,-1.0,1730994,1.0,7,,0.0,2.0,1.0,A01,138Â 201Â 557,1.0
1014077,201900055608,1,4,15:00,1,1,1,1.0,1.0,32129,DÃ©partementale 40,M,"43,8374510","0,8244800",32,2019,80.0,1.0,1.0,3.0,2267787,2.0,2,3,2,5.0,,0.0,0,1953.0,B01,138Â 201Â 556,1.0,-1.0,-1.0,1730993,2.0,7,,0.0,2.0,1.0,B01,138Â 201Â 556,1.0
1014077,201900055608,1,4,15:00,1,1,1,1.0,1.0,32129,DÃ©partementale 40,M,"43,8374510","0,8244800",32,2019,80.0,1.0,1.0,3.0,2267787,2.0,2,3,2,5.0,,0.0,0,1953.0,B01,138Â 201Â 556,1.0,-1.0,-1.0,1730994,1.0,7,,0.0,2.0,1.0,A01,138Â 201Â 557,1.0
1014077,201900055608,1,4,15:00,1,1,1,1.0,1.0,32129,DÃ©partementale 40,M,"43,8374510","0,8244800",32,2019,80.0,1.0,1.0,3.0,2267788,1.0,1,1,2,5.0,,0.0,0,1950.0,A01,138Â 201Â 557,1.0,-1.0,-1.0,1730993,2.0,7,,0.0,2.0,1.0,B01,138Â 201Â 556,1.0
1014077,201900055608,1,4,15:00,1,1,1,1.0,1.0,32129,DÃ©partementale 40,M,"43,8374510","0,8244800",32,2019,80.0,1.0,1.0,3.0,2267788,1.0,1,1,2,5.0,,0.0,0,1950.0,A01,138Â 201Â 557,1.0,-1.0,-1.0,1730994,1.0,7,,0.0,2.0,1.0,A01,138Â 201Â 557,1.0
1014078,201900055609,1,1,07:00,3,1,1,5.0,6.0,32346,lieu dit la plaine,M,"43,6851750","0,2677630",32,2019,80.0,3.0,2.0,3.0,2267789,1.0,1,4,2,5.0,,0.0,0,1997.0,A01,138Â 201Â 553,1.0,-1.0,-1.0,1730995,2.0,7,,17.0,0.0,2.0,A01,138Â 201Â 553,1.0
1014078,201900055609,1,1,07:00,3,1,1,5.0,6.0,32346,lieu dit la plaine,M,"43,6851750","0,2677630",32,2019,80.0,3.0,2.0,3.0,2267790,9.0,2,3,2,5.0,,0.0,0,1999.0,A01,138Â 201Â 553,0.0,-1.0,-1.0,1730995,2.0,7,,17.0,0.0,2.0,A01,138Â 201Â 553,1.0
1014078,201900055609,1,1,07:00,3,1,1,5.0,6.0,32346,lieu dit la plaine,M,"43,6851750","0,2677630",32,2019,80.0,3.0,2.0,3.0,2267791,7.0,2,3,1,5.0,,0.0,0,1998.0,A01,138Â 201Â 553,0.0,-1.0,-1.0,1730995,2.0,7,,17.0,0.0,2.0,A01,138Â 201Â 553,1.0
1014079,201900055610,1,1,16:20,1,1,1,5.0,6.0,32262,D39,M,"43,6636400","1,0275780",32,2019,80.0,3.0,2.0,3.0,2267792,1.0,1,3,2,5.0,,0.0,0,1949.0,A01,138Â 201Â 551,0.0,-1.0,-1.0,1730996,2.0,7,,13.0,0.0,1.0,A01,138Â 201Â 551,1.0
1014080,201900055611,9,22,22:15,5,2,1,3.0,3.0,69383,MAZENOD                             (R ),M,"45,7585100","4,8429900",69,2019,50.0,1.0,2.0,4.0,2267793,1.0,1,4,1,4.0,,-1.0,0,1999.0,B01,138Â 201Â 550,2.0,6.0,-1.0,1730997,2.0,2,,0.0,2.0,1.0,B01,138Â 201Â 550,1.0
1014080,201900055611,9,22,22:15,5,2,1,3.0,3.0,69383,MAZENOD                             (R ),M,"45,7585100","4,8429900",69,2019,50.0,1.0,2.0,4.0,2267793,1.0,1,4,1,4.0,,-1.0,0,1999.0,B01,138Â 201Â 550,2.0,6.0,-1.0,1730998,2.0,7,,0.0,2.0,3.0,A01,138Â 201Â 555,1.0
1014080,201900055611,9,22,22:15,5,2,1,3.0,3.0,69383,MAZENOD                             (R ),M,"45,7585100","4,8429900",69,2019,50.0,1.0,2.0,4.0,2267794,1.0,1,1,1,0.0,,-1.0,0,1968.0,A01,138Â 201Â 555,1.0,8.0,-1.0,1730997,2.0,2,,0.0,2.0,1.0,B01,138Â 201Â 550,1.0
1014080,201900055611,9,22,22:15,5,2,1,3.0,3.0,69383,MAZENOD                             (R ),M,"45,7585100","4,8429900",69,2019,50.0,1.0,2.0,4.0,2267794,1.0,1,1,1,0.0,,-1.0,0,1968.0,A01,138Â 201Â 555,1.0,8.0,-1.0,1730998,2.0,7,,0.0,2.0,3.0,A01,138Â 201Â 555,1.0
1014081,201900055612,9,22,19:25,2,2,1,3.0,2.0,69387,BERTHELOT                           (AV),M,"45,7421200","4,8514300",69,2019,50.0,6.0,2.0,4.0,2267795,1.0,1,4,1,9.0,,-1.0, -1,2006.0,B01,138Â 201Â 549,8.0,0.0,-1.0,1730999,1.0,30,,0.0,9.0,1.0,A01,138Â 201Â 548,0.0
1014081,201900055612,9,22,19:25,2,2,1,3.0,2.0,69387,BERTHELOT                           (AV),M,"45,7421200","4,8514300",69,2019,50.0,6.0,2.0,4.0,2267795,1.0,1,4,1,9.0,,-1.0, -1,2006.0,B01,138Â 201Â 549,8.0,0.0,-1.0,1731000,1.0,1,,0.0,2.0,4.0,B01,138Â 201Â 549,0.0
1014082,201900055613,10,25,15:45,1,2,1,1.0,3.0,29019,LE GORGEU (NÂ°29 (TOTAL)-UBO(ALBERT 1ER ),M,"48,3988400"," -4,4944900",29,2019,50.0,1.0,1.0,4.0,2267796,1.0,1,4,1,0.0,,0.0,0,1991.0,B01,138Â 201Â 552,8.0,0.0,-1.0,1731001,1.0,1,,0.0,2.0,1.0,B01,138Â 201Â 552,5.0
1014082,201900055613,10,25,15:45,1,2,1,1.0,3.0,29019,LE GORGEU (NÂ°29 (TOTAL)-UBO(ALBERT 1ER ),M,"48,3988400"," -4,4944900",29,2019,50.0,1.0,1.0,4.0,2267796,1.0,1,4,1,0.0,,0.0,0,1991.0,B01,138Â 201Â 552,8.0,0.0,-1.0,1731002,1.0,37,1.0,0.0,2.0,7.0,A01,138Â 201Â 554,1.0
1014082,201900055613,10,25,15:45,1,2,1,1.0,3.0,29019,LE GORGEU (NÂ°29 (TOTAL)-UBO(ALBERT 1ER ),M,"48,3988400"," -4,4944900",29,2019,50.0,1.0,1.0,4.0,2267797,1.0,1,1,1,4.0,,-1.0,0,1972.0,A01,138Â 201Â 554,1.0,0.0,-1.0,1731001,1.0,1,,0.0,2.0,1.0,B01,138Â 201Â 552,5.0
1014082,201900055613,10,25,15:45,1,2,1,1.0,3.0,29019,LE GORGEU (NÂ°29 (TOTAL)-UBO(ALBERT 1ER ),M,"48,3988400"," -4,4944900",29,2019,50.0,1.0,1.0,4.0,2267797,1.0,1,1,1,4.0,,-1.0,0,1972.0,A01,138Â 201Â 554,1.0,0.0,-1.0,1731002,1.0,37,1.0,0.0,2.0,7.0,A01,138Â 201Â 554,1.0
1014083,201900055614,9,22,15:50,1,2,1,1.0,7.0,69388,ETATS UNIS (DES)                    (BD),M,"45,7262700","4,8699000",69,2019,50.0,1.0,1.0,4.0,2267798,1.0,1,4,1,5.0,,-1.0,0,2003.0,A01,138Â 201Â 547,8.0,0.0,-1.0,1731003,1.0,30,,0.0,0.0,0.0,A01,138Â 201Â 547,0.0
1014084,201900055615,10,25,09:35,1,2,2,1.0,3.0,29019,GILOUX YVES (DE 13 A 63 ET 52 A 114),M,"48,4155000"," -4,4808000",29,2019,50.0,1.0,2.0,4.0,2267799,1.0,1,4,2,4.0,,0.0,0,1993.0,A01,138Â 201Â 544,1.0,0.0,-1.0,1731004,3.0,7,,0.0,2.0,2.0,A01,138Â 201Â 544,1.0
1014084,201900055615,10,25,09:35,1,2,2,1.0,3.0,29019,GILOUX YVES (DE 13 A 63 ET 52 A 114),M,"48,4155000"," -4,4808000",29,2019,50.0,1.0,2.0,4.0,2267799,1.0,1,4,2,4.0,,0.0,0,1993.0,A01,138Â 201Â 544,1.0,0.0,-1.0,1731005,3.0,7,,0.0,2.0,2.0,B01,138Â 201Â 546,1.0
1014084,201900055615,10,25,09:35,1,2,2,1.0,3.0,29019,GILOUX YVES (DE 13 A 63 ET 52 A 114),M,"48,4155000"," -4,4808000",29,2019,50.0,1.0,2.0,4.0,2267800,1.0,1,4,2,3.0,,0.0,0,1984.0,B01,138Â 201Â 546,1.0,0.0,-1.0,1731004,3.0,7,,0.0,2.0,2.0,A01,138Â 201Â 544,1.0
1014084,201900055615,10,25,09:35,1,2,2,1.0,3.0,29019,GILOUX YVES (DE 13 A 63 ET 52 A 114),M,"48,4155000"," -4,4808000",29,2019,50.0,1.0,2.0,4.0,2267800,1.0,1,4,2,3.0,,0.0,0,1984.0,B01,138Â 201Â 546,1.0,0.0,-1.0,1731005,3.0,7,,0.0,2.0,2.0,B01,138Â 201Â 546,1.0
1014084,201900055615,10,25,09:35,1,2,2,1.0,3.0,29019,GILOUX YVES (DE 13 A 63 ET 52 A 114),M,"48,4155000"," -4,4808000",29,2019,50.0,1.0,2.0,4.0,2267801,2.0,2,4,2,3.0,,-1.0,0,1987.0,B01,138Â 201Â 546,1.0,0.0,-1.0,1731004,3.0,7,,0.0,2.0,2.0,A01,138Â 201Â 544,1.0
1014084,201900055615,10,25,09:35,1,2,2,1.0,3.0,29019,GILOUX YVES (DE 13 A 63 ET 52 A 114),M,"48,4155000"," -4,4808000",29,2019,50.0,1.0,2.0,4.0,2267801,2.0,2,4,2,3.0,,-1.0,0,1987.0,B01,138Â 201Â 546,1.0,0.0,-1.0,1731005,3.0,7,,0.0,2.0,2.0,B01,138Â 201Â 546,1.0
1014085,201900055616,9,22,12:10,1,2,2,1.0,3.0,69387,JEAN JAURES                         (AV),M,"45,7451900","4,8418300",69,2019,50.0,1.0,1.0,4.0,2267802,1.0,1,1,1,4.0,,-1.0,0,1996.0,B01,138Â 201Â 543,1.0,0.0,-1.0,1731006,3.0,7,,0.0,2.0,1.0,B01,138Â 201Â 543,0.0
1014085,201900055616,9,22,12:10,1,2,2,1.0,3.0,69387,JEAN JAURES                         (AV),M,"45,7451900","4,8418300",69,2019,50.0,1.0,1.0,4.0,2267802,1.0,1,1,1,4.0,,-1.0,0,1996.0,B01,138Â 201Â 543,1.0,0.0,-1.0,1731007,3.0,7,,0.0,2.0,2.0,A01,138Â 201Â 545,0.0
1014085,201900055616,9,22,12:10,1,2,2,1.0,3.0,69387,JEAN JAURES                         (AV),M,"45,7451900","4,8418300",69,2019,50.0,1.0,1.0,4.0,2267803,1.0,1,4,2,0.0,,-1.0,0,1983.0,A01,138Â 201Â 545,8.0,0.0,-1.0,1731006,3.0,7,,0.0,2.0,1.0,B01,138Â 201Â 543,0.0
1014085,201900055616,9,22,12:10,1,2,2,1.0,3.0,69387,JEAN JAURES                         (AV),M,"45,7451900","4,8418300",69,2019,50.0,1.0,1.0,4.0,2267803,1.0,1,4,2,0.0,,-1.0,0,1983.0,A01,138Â 201Â 545,8.0,0.0,-1.0,1731007,3.0,7,,0.0,2.0,2.0,A01,138Â 201Â 545,0.0
1014086,201900055617,10,25,01:15,3,2,6,1.0,6.0,29019,PROVENCE (AVENUE ET ROND POINT),M,"48,4073018"," -4,5133801",29,2019,50.0,1.0,1.0,4.0,2267804,1.0,1,1,1,5.0,,0.0,0,1990.0,A01,138Â 201Â 541,1.0,0.0,-1.0,1731008,0.0,7,,2.0,1.0,1.0,A01,138Â 201Â 541,1.0
1014086,201900055617,10,25,01:15,3,2,6,1.0,6.0,29019,PROVENCE (AVENUE ET ROND POINT),M,"48,4073018"," -4,5133801",29,2019,50.0,1.0,1.0,4.0,2267805,10.0,3,4,1,5.0,,5.0,1,2003.0,A01,138Â 201Â 541,8.0,0.0,-1.0,1731008,0.0,7,,2.0,1.0,1.0,A01,138Â 201Â 541,1.0
1014086,201900055617,10,25,01:15,3,2,6,1.0,6.0,29019,PROVENCE (AVENUE ET ROND POINT),M,"48,4073018"," -4,5133801",29,2019,50.0,1.0,1.0,4.0,2267806,10.0,3,3,2,5.0,,5.0,1,2004.0,A01,138Â 201Â 541,8.0,0.0,-1.0,1731008,0.0,7,,2.0,1.0,1.0,A01,138Â 201Â 541,1.0
1014087,201900055618,9,22,08:30,1,2,1,2.0,3.0,97213,ROUTE NATIONALE 1,M,"14,6209950"," -60,9917800",972,2019,70.0,1.0,2.0,2.0,2267807,1.0,1,1,1,0.0,,-1.0, -1,1965.0,B01,138Â 201Â 540,2.0,8.0,-1.0,1731009,2.0,1,,0.0,2.0,6.0,B01,138Â 201Â 540,0.0
1014087,201900055618,9,22,08:30,1,2,1,2.0,3.0,97213,ROUTE NATIONALE 1,M,"14,6209950"," -60,9917800",972,2019,70.0,1.0,2.0,2.0,2267807,1.0,1,1,1,0.0,,-1.0, -1,1965.0,B01,138Â 201Â 540,2.0,8.0,-1.0,1731010,2.0,33,,0.0,2.0,2.0,A01,138Â 201Â 542,1.0
1014087,201900055618,9,22,08:30,1,2,1,2.0,3.0,97213,ROUTE NATIONALE 1,M,"14,6209950"," -60,9917800",972,2019,70.0,1.0,2.0,2.0,2267808,1.0,1,4,2,0.0,,-1.0,0,1965.0,A01,138Â 201Â 542,2.0,8.0,-1.0,1731009,2.0,1,,0.0,2.0,6.0,B01,138Â 201Â 540,0.0
1014087,201900055618,9,22,08:30,1,2,1,2.0,3.0,97213,ROUTE NATIONALE 1,M,"14,6209950"," -60,9917800",972,2019,70.0,1.0,2.0,2.0,2267808,1.0,1,4,2,0.0,,-1.0,0,1965.0,A01,138Â 201Â 542,2.0,8.0,-1.0,1731010,2.0,33,,0.0,2.0,2.0,A01,138Â 201Â 542,1.0