Unnamed: 0_x,num_acc,mois,jour,hrmn,lum,agg,int,atm,col,com,adr,gps,lat,long,dep,annee,vma,situ,surf,catr,Unnamed: 0_y,place,catu,grav,sexe,trajet,secu,locp,actp,an_nais,num_veh_x,id_vehicule_x,secu1,secu2,secu3,Unnamed: 0,senc,catv,occutc,obs,obsm,choc,num_veh_y,id_vehicule_y,motor
1014088,201900055619,9,22,20:45,5,2,1,2.0,6.0,69382,CHARLEMAGNE                         (CO),M,"45,7468000","4,8243000",69,2019,30.0,6.0,2.0,7.0,2267809,1.0,1,4,2,9.0,,-1.0, -1,1982.0,A01,138Â 201Â 538,1.0,5.0,-1.0,1731011,2.0,7,,8.0,0.0,1.0,A01,138Â 201Â 538,6.0
1014088,201900055619,9,22,20:45,5,2,1,2.0,6.0,69382,CHARLEMAGNE                         (CO),M,"45,7468000","4,8243000",69,2019,30.0,6.0,2.0,7.0,2267810,2.0,2,4,1,9.0,,-1.0, -1,1982.0,A01,138Â 201Â 538,1.0,5.0,-1.0,1731011,2.0,7,,8.0,0.0,1.0,A01,138Â 201Â 538,6.0
1014089,201900055620,9,22,16:30,1,2,1,1.0,7.0,69142,STEPHANE DECHANT                    (R ),M,"45,7253200","4,8139500",69,2019,50.0,1.0,1.0,3.0,2267811,1.0,1,4,1,5.0,,-1.0,0,1963.0,A01,138Â 201Â 537,2.0,0.0,-1.0,1731012,2.0,32,,0.0,0.0,7.0,A01,138Â 201Â 537,6.0
1014090,201900055621,10,25,18:00,1,1,1,1.0,7.0,26281,RD 532 (DIRECTION TAIN),M,"45,0571300","5,0224500",26,2019,90.0,1.0,1.0,3.0,2267812,2.0,2,4,1,0.0,,0.0,0,2006.0,A01,138Â 201Â 536,0.0,-1.0,-1.0,1731013,2.0,7,,0.0,0.0,9.0,A01,138Â 201Â 536,-1.0
1014090,201900055621,10,25,18:00,1,1,1,1.0,7.0,26281,RD 532 (DIRECTION TAIN),M,"45,0571300","5,0224500",26,2019,90.0,1.0,1.0,3.0,2267813,1.0,1,4,1,0.0,,0.0,0,1973.0,A01,138Â 201Â 536,1.0,0.0,-1.0,1731013,2.0,7,,0.0,0.0,9.0,A01,138Â 201Â 536,-1.0
1014091,201900055622,9,21,11:00,1,1,1,1.0,2.0,76217,D485,M,"49,9245800","1,1135200",76,2019,50.0,1.0,1.0,3.0,2267814,5.0,2,4,2,5.0,,0.0,0,1952.0,B01,138Â 201Â 526,1.0,8.0,-1.0,1731014,1.0,7,,0.0,2.0,6.0,B01,138Â 201Â 526,1.0
1014091,201900055622,9,21,11:00,1,1,1,1.0,2.0,76217,D485,M,"49,9245800","1,1135200",76,2019,50.0,1.0,1.0,3.0,2267814,5.0,2,4,2,5.0,,0.0,0,1952.0,B01,138Â 201Â 526,1.0,8.0,-1.0,1731015,1.0,7,,0.0,2.0,2.0,A01,138Â 201Â 527,1.0
1014091,201900055622,9,21,11:00,1,1,1,1.0,2.0,76217,D485,M,"49,9245800","1,1135200",76,2019,50.0,1.0,1.0,3.0,2267815,4.0,2,4,1,5.0,,0.0,0,2016.0,B01,138Â 201Â 526,1.0,8.0,-1.0,1731014,1.0,7,,0.0,2.0,6.0,B01,138Â 201Â 526,1.0
1014091,201900055622,9,21,11:00,1,1,1,1.0,2.0,76217,D485,M,"49,9245800","1,1135200",76,2019,50.0,1.0,1.0,3.0,2267815,4.0,2,4,1,5.0,,0.0,0,2016.0,B01,138Â 201Â 526,1.0,8.0,-1.0,1731015,1.0,7,,0.0,2.0,2.0,A01,138Â 201Â 527,1.0
1014091,201900055622,9,21,11:00,1,1,1,1.0,2.0,76217,D485,M,"49,9245800","1,1135200",76,2019,50.0,1.0,1.0,3.0,2267816,2.0,2,1,2,5.0,,0.0,0,1955.0,B01,138Â 201Â 526,1.0,8.0,-1.0,1731014,1.0,7,,0.0,2.0,6.0,B01,138Â 201Â 526,1.0
1014091,201900055622,9,21,11:00,1,1,1,1.0,2.0,76217,D485,M,"49,9245800","1,1135200",76,2019,50.0,1.0,1.0,3.0,2267816,2.0,2,1,2,5.0,,0.0,0,1955.0,B01,138Â 201Â 526,1.0,8.0,-1.0,1731015,1.0,7,,0.0,2.0,2.0,A01,138Â 201Â 527,1.0
1014091,201900055622,9,21,11:00,1,1,1,1.0,2.0,76217,D485,M,"49,9245800","1,1135200",76,2019,50.0,1.0,1.0,3.0,2267817,3.0,2,4,1,0.0,,0.0,0,2013.0,B01,138Â 201Â 526,1.0,8.0,-1.0,1731014,1.0,7,,0.0,2.0,6.0,B01,138Â 201Â 526,1.0
1014091,201900055622,9,21,11:00,1,1,1,1.0,2.0,76217,D485,M,"49,9245800","1,1135200",76,2019,50.0,1.0,1.0,3.0,2267817,3.0,2,4,1,0.0,,0.0,0,2013.0,B01,138Â 201Â 526,1.0,8.0,-1.0,1731015,1.0,7,,0.0,2.0,2.0,A01,138Â 201Â 527,1.0
1014091,201900055622,9,21,11:00,1,1,1,1.0,2.0,76217,D485,M,"49,9245800","1,1135200",76,2019,50.0,1.0,1.0,3.0,2267818,1.0,1,1,1,5.0,,0.0,0,1950.0,B01,138Â 201Â 526,1.0,8.0,-1.0,1731014,1.0,7,,0.0,2.0,6.0,B01,138Â 201Â 526,1.0
1014091,201900055622,9,21,11:00,1,1,1,1.0,2.0,76217,D485,M,"49,9245800","1,1135200",76,2019,50.0,1.0,1.0,3.0,2267818,1.0,1,1,1,5.0,,0.0,0,1950.0,B01,138Â 201Â 526,1.0,8.0,-1.0,1731015,1.0,7,,0.0,2.0,2.0,A01,138Â 201Â 527,1.0
1014091,201900055622,9,21,11:00,1,1,1,1.0,2.0,76217,D485,M,"49,9245800","1,1135200",76,2019,50.0,1.0,1.0,3.0,2267819,2.0,2,4,2,0.0,,0.0,0,2002.0,A01,138Â 201Â 527,1.0,0.0,-1.0,1731014,1.0,7,,0.0,2.0,6.0,B01,138Â 201Â 526,1.0
1014091,201900055622,9,21,11:00,1,1,1,1.0,2.0,76217,D485,M,"49,9245800","1,1135200",76,2019,50.0,1.0,1.0,3.0,2267819,2.0,2,4,2,0.0,,0.0,0,2002.0,A01,138Â 201Â 527,1.0,0.0,-1.0,1731015,1.0,7,,0.0,2.0,2.0,A01,138Â 201Â 527,1.0
1014091,201900055622,9,21,11:00,1,1,1,1.0,2.0,76217,D485,M,"49,9245800","1,1135200",76,2019,50.0,1.0,1.0,3.0,2267820,3.0,2,4,2,0.0,,0.0,0,2007.0,A01,138Â 201Â 527,1.0,0.0,-1.0,1731014,1.0,7,,0.0,2.0,6.0,B01,138Â 201Â 526,1.0
1014091,201900055622,9,21,11:00,1,1,1,1.0,2.0,76217,D485,M,"49,9245800","1,1135200",76,2019,50.0,1.0,1.0,3.0,2267820,3.0,2,4,2,0.0,,0.0,0,2007.0,A01,138Â 201Â 527,1.0,0.0,-1.0,1731015,1.0,7,,0.0,2.0,2.0,A01,138Â 201Â 527,1.0
1014091,201900055622,9,21,11:00,1,1,1,1.0,2.0,76217,D485,M,"49,9245800","1,1135200",76,2019,50.0,1.0,1.0,3.0,2267821,1.0,1,1,1,5.0,,0.0,0,1975.0,A01,138Â 201Â 527,1.0,8.0,-1.0,1731014,1.0,7,,0.0,2.0,6.0,B01,138Â 201Â 526,1.0
1014091,201900055622,9,21,11:00,1,1,1,1.0,2.0,76217,D485,M,"49,9245800","1,1135200",76,2019,50.0,1.0,1.0,3.0,2267821,1.0,1,1,1,5.0,,0.0,0,1975.0,A01,138Â 201Â 527,1.0,8.0,-1.0,1731015,1.0,7,,0.0,2.0,2.0,A01,138Â 201Â 527,1.0
1014092,201900055623,9,22,06:05,5,2,1,1.0,6.0,69266,EMILE ZOLA     (Cours),M,"45,7707700","4,8726400",69,2019,50.0,1.0,1.0,4.0,2267822,1.0,1,1,1,5.0,,-1.0, -1,1979.0,A01,138Â 201Â 523,1.0,8.0,-1.0,1731016,2.0,7,,0.0,1.0,7.0,A01,138Â 201Â 523,1.0
1014092,201900055623,9,22,06:05,5,2,1,1.0,6.0,69266,EMILE ZOLA     (Cours),M,"45,7707700","4,8726400",69,2019,50.0,1.0,1.0,4.0,2267823,10.0,3,3,1,5.0,,1.0,3,1992.0,A01,138Â 201Â 523,8.0,0.0,-1.0,1731016,2.0,7,,0.0,1.0,7.0,A01,138Â 201Â 523,1.0
1014093,201900055624,9,19,15:50,1,2,3,1.0,3.0,69013,JOUX (avenue de),M,"46,0055300","4,7316500",69,2019,70.0,1.0,1.0,3.0,2267824,1.0,1,1,1,1.0,,-1.0,0,1979.0,A01,138Â 201Â 521,1.0,8.0,-1.0,1731017,3.0,7,,0.0,2.0,3.0,A01,138Â 201Â 521,1.0
1014093,201900055624,9,19,15:50,1,2,3,1.0,3.0,69013,JOUX (avenue de),M,"46,0055300","4,7316500",69,2019,70.0,1.0,1.0,3.0,2267824,1.0,1,1,1,1.0,,-1.0,0,1979.0,A01,138Â 201Â 521,1.0,8.0,-1.0,1731018,3.0,33,,0.0,2.0,1.0,B01,138Â 201Â 522,1.0
1014093,201900055624,9,19,15:50,1,2,3,1.0,3.0,69013,JOUX (avenue de),M,"46,0055300","4,7316500",69,2019,70.0,1.0,1.0,3.0,2267825,1.0,1,3,1,1.0,,-1.0,0,1996.0,B01,138Â 201Â 522,2.0,8.0,-1.0,1731017,3.0,7,,0.0,2.0,3.0,A01,138Â 201Â 521,1.0
1014093,201900055624,9,19,15:50,1,2,3,1.0,3.0,69013,JOUX (avenue de),M,"46,0055300","4,7316500",69,2019,70.0,1.0,1.0,3.0,2267825,1.0,1,3,1,1.0,,-1.0,0,1996.0,B01,138Â 201Â 522,2.0,8.0,-1.0,1731018,3.0,33,,0.0,2.0,1.0,B01,138Â 201Â 522,1.0
1014094,201900055625,9,22,05:30,5,2,1,1.0,6.0,59421,ROUBAIX (RUE DE),M,"50,6978000","3,1400920",59,2019,50.0,1.0,1.0,7.0,2267826,1.0,1,4,1,5.0,,-1.0,0,2000.0,A01,138Â 201Â 520,2.0,8.0,-1.0,1731019,1.0,31,,1.0,0.0,1.0,A01,138Â 201Â 520,1.0
1014095,201900055626,9,22,16:05,1,2,1,1.0,6.0,59512,VERDUN (AVENUE DE),M,"50,6865000","3,1993000",59,2019,50.0,1.0,1.0,4.0,2267827,10.0,3,3,2,5.0,,3.0,3,2006.0,Z01,138Â 201Â 519,8.0,0.0,-1.0,1731020,2.0,7,,0.0,1.0,1.0,Z01,138Â 201Â 519,1.0
1014096,201900055627,9,22,23:45,5,2,1,2.0,6.0,59392,ALPHONSE LAMARTINE (BOULEVARD),M,"50,2875300","3,9650100",59,2019,50.0,1.0,2.0,4.0,2267828,2.0,2,3,1,0.0,,-1.0, -1,1994.0,A01,138Â 201Â 518,1.0,0.0,-1.0,1731021,3.0,7,,2.0,0.0,2.0,A01,138Â 201Â 518,1.0
1014096,201900055627,9,22,23:45,5,2,1,2.0,6.0,59392,ALPHONSE LAMARTINE (BOULEVARD),M,"50,2875300","3,9650100",59,2019,50.0,1.0,2.0,4.0,2267829,1.0,1,3,1,0.0,,0.0,0,1991.0,A01,138Â 201Â 518,1.0,0.0,-1.0,1731021,3.0,7,,2.0,0.0,2.0,A01,138Â 201Â 518,1.0
1014097,201900055628,9,22,15:10,1,2,9,2.0,3.0,51454,ALLEE BEETHOVEN,M,"49,2382540","4,0205280",51,2019,50.0,1.0,2.0,4.0,2267830,2.0,2,4,2,5.0,,-1.0,0,2001.0,A01,138Â 201Â 516,2.0,8.0,-1.0,1731022,1.0,30,,0.0,2.0,6.0,A01,138Â 201Â 516,0.0
1014097,201900055628,9,22,15:10,1,2,9,2.0,3.0,51454,ALLEE BEETHOVEN,M,"49,2382540","4,0205280",51,2019,50.0,1.0,2.0,4.0,2267830,2.0,2,4,2,5.0,,-1.0,0,2001.0,A01,138Â 201Â 516,2.0,8.0,-1.0,1731023,1.0,7,,0.0,2.0,2.0,B01,138Â 201Â 517,1.0
1014097,201900055628,9,22,15:10,1,2,9,2.0,3.0,51454,ALLEE BEETHOVEN,M,"49,2382540","4,0205280",51,2019,50.0,1.0,2.0,4.0,2267831,1.0,1,4,1,0.0,,-1.0,0,2001.0,A01,138Â 201Â 516,2.0,8.0,-1.0,1731022,1.0,30,,0.0,2.0,6.0,A01,138Â 201Â 516,0.0
1014097,201900055628,9,22,15:10,1,2,9,2.0,3.0,51454,ALLEE BEETHOVEN,M,"49,2382540","4,0205280",51,2019,50.0,1.0,2.0,4.0,2267831,1.0,1,4,1,0.0,,-1.0,0,2001.0,A01,138Â 201Â 516,2.0,8.0,-1.0,1731023,1.0,7,,0.0,2.0,2.0,B01,138Â 201Â 517,1.0
1014097,201900055628,9,22,15:10,1,2,9,2.0,3.0,51454,ALLEE BEETHOVEN,M,"49,2382540","4,0205280",51,2019,50.0,1.0,2.0,4.0,2267832,1.0,1,1,1,5.0,,-1.0,0,1989.0,B01,138Â 201Â 517,1.0,8.0,-1.0,1731022,1.0,30,,0.0,2.0,6.0,A01,138Â 201Â 516,0.0
1014097,201900055628,9,22,15:10,1,2,9,2.0,3.0,51454,ALLEE BEETHOVEN,M,"49,2382540","4,0205280",51,2019,50.0,1.0,2.0,4.0,2267832,1.0,1,1,1,5.0,,-1.0,0,1989.0,B01,138Â 201Â 517,1.0,8.0,-1.0,1731023,1.0,7,,0.0,2.0,2.0,B01,138Â 201Â 517,1.0
1014098,201900055629,9,22,03:00,5,2,6,1.0,7.0,50218,SHERBONE (ROND POINT),M,"48,8328600"," -1,5738400",50,2019,50.0,1.0,1.0,4.0,2267833,1.0,1,4,1,5.0,,0.0,0,2001.0,A01,138Â 201Â 515,2.0,8.0,-1.0,1731024,3.0,30,,0.0,0.0,8.0,A01,138Â 201Â 515,1.0
1014099,201900055630,9,21,14:30,1,2,9,1.0,2.0,43157,VALETTE (RUE ANTOINE),M,"45,0201800","3,8938500",43,2019,50.0,1.0,1.0,3.0,2267834,1.0,1,3,1,5.0,,-1.0,0,2005.0,A01,138Â 201Â 513,2.0,6.0,-1.0,1731025,2.0,2,,0.0,2.0,3.0,A01,138Â 201Â 513,1.0
1014099,201900055630,9,21,14:30,1,2,9,1.0,2.0,43157,VALETTE (RUE ANTOINE),M,"45,0201800","3,8938500",43,2019,50.0,1.0,1.0,3.0,2267834,1.0,1,3,1,5.0,,-1.0,0,2005.0,A01,138Â 201Â 513,2.0,6.0,-1.0,1731026,2.0,7,,0.0,0.0,5.0,B01,138Â 201Â 514,1.0
1014099,201900055630,9,21,14:30,1,2,9,1.0,2.0,43157,VALETTE (RUE ANTOINE),M,"45,0201800","3,8938500",43,2019,50.0,1.0,1.0,3.0,2267835,1.0,1,1,1,5.0,,-1.0,0,1996.0,B01,138Â 201Â 514,1.0,0.0,-1.0,1731025,2.0,2,,0.0,2.0,3.0,A01,138Â 201Â 513,1.0
1014099,201900055630,9,21,14:30,1,2,9,1.0,2.0,43157,VALETTE (RUE ANTOINE),M,"45,0201800","3,8938500",43,2019,50.0,1.0,1.0,3.0,2267835,1.0,1,1,1,5.0,,-1.0,0,1996.0,B01,138Â 201Â 514,1.0,0.0,-1.0,1731026,2.0,7,,0.0,0.0,5.0,B01,138Â 201Â 514,1.0
1014100,201900055631,9,22,15:25,1,2,1,1.0,3.0,37261,CHOISEUL (PLACE),M,"47,4018400","0,6842600",37,2019,50.0,1.0,1.0,4.0,2267836,1.0,1,1,2,3.0,,-1.0,0,1961.0,B01,138Â 201Â 511,1.0,8.0,-1.0,1731027,2.0,7,,0.0,2.0,6.0,B01,138Â 201Â 511,1.0
1014100,201900055631,9,22,15:25,1,2,1,1.0,3.0,37261,CHOISEUL (PLACE),M,"47,4018400","0,6842600",37,2019,50.0,1.0,1.0,4.0,2267836,1.0,1,1,2,3.0,,-1.0,0,1961.0,B01,138Â 201Â 511,1.0,8.0,-1.0,1731028,2.0,1,,0.0,2.0,1.0,A01,138Â 201Â 512,5.0
1014100,201900055631,9,22,15:25,1,2,1,1.0,3.0,37261,CHOISEUL (PLACE),M,"47,4018400","0,6842600",37,2019,50.0,1.0,1.0,4.0,2267837,1.0,1,4,1,3.0,,-1.0,0,1995.0,A01,138Â 201Â 512,8.0,0.0,-1.0,1731027,2.0,7,,0.0,2.0,6.0,B01,138Â 201Â 511,1.0
1014100,201900055631,9,22,15:25,1,2,1,1.0,3.0,37261,CHOISEUL (PLACE),M,"47,4018400","0,6842600",37,2019,50.0,1.0,1.0,4.0,2267837,1.0,1,4,1,3.0,,-1.0,0,1995.0,A01,138Â 201Â 512,8.0,0.0,-1.0,1731028,2.0,1,,0.0,2.0,1.0,A01,138Â 201Â 512,5.0
1014101,201900055632,9,22,09:42,1,2,1,2.0,7.0,37261,ALOUETTE (AVENUE),M,"47,3625858","0,6961263",37,2019,50.0,1.0,2.0,4.0,2267838,1.0,1,4,1,5.0,,-1.0,0,1993.0,A01,138Â 201Â 510,1.0,0.0,-1.0,1731029,2.0,7,,4.0,0.0,3.0,A01,138Â 201Â 510,1.0
1014102,201900055633,9,22,06:56,5,2,6,8.0,7.0,37261,FRANCAIS LIBRES (CARREFOUR DES),M,"47,3969767","0,7037219",37,2019,50.0,1.0,1.0,4.0,2267839,1.0,1,4,2,1.0,,-1.0,0,2003.0,A01,138Â 201Â 509,2.0,6.0,-1.0,1731030,3.0,30,,12.0,0.0,0.0,A01,138Â 201Â 509,1.0
1014103,201900055634,9,22,08:20,2,2,2,2.0,3.0,34172,MARCHE GARE (AVENUE DU),M,"43,5852700","3,8821300",34,2019,50.0,1.0,2.0,4.0,2267840,2.0,2,1,1,0.0,,0.0,0,1991.0,A01,138Â 201Â 507,1.0,8.0,-1.0,1731031,1.0,7,,0.0,2.0,6.0,A01,138Â 201Â 507,0.0
1014103,201900055634,9,22,08:20,2,2,2,2.0,3.0,34172,MARCHE GARE (AVENUE DU),M,"43,5852700","3,8821300",34,2019,50.0,1.0,2.0,4.0,2267840,2.0,2,1,1,0.0,,0.0,0,1991.0,A01,138Â 201Â 507,1.0,8.0,-1.0,1731032,2.0,7,,0.0,2.0,1.0,B01,138Â 201Â 508,0.0
1014103,201900055634,9,22,08:20,2,2,2,2.0,3.0,34172,MARCHE GARE (AVENUE DU),M,"43,5852700","3,8821300",34,2019,50.0,1.0,2.0,4.0,2267841,1.0,1,1,1,0.0,,0.0,0,1985.0,A01,138Â 201Â 507,1.0,8.0,-1.0,1731031,1.0,7,,0.0,2.0,6.0,A01,138Â 201Â 507,0.0
1014103,201900055634,9,22,08:20,2,2,2,2.0,3.0,34172,MARCHE GARE (AVENUE DU),M,"43,5852700","3,8821300",34,2019,50.0,1.0,2.0,4.0,2267841,1.0,1,1,1,0.0,,0.0,0,1985.0,A01,138Â 201Â 507,1.0,8.0,-1.0,1731032,2.0,7,,0.0,2.0,1.0,B01,138Â 201Â 508,0.0
1014103,201900055634,9,22,08:20,2,2,2,2.0,3.0,34172,MARCHE GARE (AVENUE DU),M,"43,5852700","3,8821300",34,2019,50.0,1.0,2.0,4.0,2267842,1.0,1,4,1,0.0,,0.0,0,1988.0,B01,138Â 201Â 508,1.0,0.0,-1.0,1731031,1.0,7,,0.0,2.0,6.0,A01,138Â 201Â 507,0.0
1014103,201900055634,9,22,08:20,2,2,2,2.0,3.0,34172,MARCHE GARE (AVENUE DU),M,"43,5852700","3,8821300",34,2019,50.0,1.0,2.0,4.0,2267842,1.0,1,4,1,0.0,,0.0,0,1988.0,B01,138Â 201Â 508,1.0,0.0,-1.0,1731032,2.0,7,,0.0,2.0,1.0,B01,138Â 201Â 508,0.0
1014104,201900055635,9,22,10:40,1,2,1,1.0,6.0,29019,AIGUILLON (DE 1 A 37 ET 2 A 46),M,"48,3847670"," -4,4870589",29,2019,50.0,1.0,1.0,4.0,2267843,1.0,1,1,1,5.0,,-1.0,0,1971.0,A01,138Â 201Â 505,1.0,0.0,-1.0,1731033,3.0,7,,0.0,2.0,1.0,A01,138Â 201Â 505,1.0
1014104,201900055635,9,22,10:40,1,2,1,1.0,6.0,29019,AIGUILLON (DE 1 A 37 ET 2 A 46),M,"48,3847670"," -4,4870589",29,2019,50.0,1.0,1.0,4.0,2267844,10.0,3,4,1,5.0,,3.0,3,2014.0,A01,138Â 201Â 505,8.0,0.0,-1.0,1731033,3.0,7,,0.0,2.0,1.0,A01,138Â 201Â 505,1.0
1014105,201900055636,9,22,20:00,5,2,1,1.0,3.0,13211,VALBARELLE (BOULEVARD DE LA ),M,"43,2869371","5,4457378",13,2019,50.0,1.0,1.0,4.0,2267845,1.0,1,3,1,4.0,,-1.0,0,1968.0,B01,138Â 201Â 503,2.0,6.0,-1.0,1731034,1.0,33,,0.0,2.0,1.0,B01,138Â 201Â 503,0.0
1014105,201900055636,9,22,20:00,5,2,1,1.0,3.0,13211,VALBARELLE (BOULEVARD DE LA ),M,"43,2869371","5,4457378",13,2019,50.0,1.0,1.0,4.0,2267845,1.0,1,3,1,4.0,,-1.0,0,1968.0,B01,138Â 201Â 503,2.0,6.0,-1.0,1731035,1.0,10,,0.0,2.0,8.0,A01,138Â 201Â 504,0.0
1014105,201900055636,9,22,20:00,5,2,1,1.0,3.0,13211,VALBARELLE (BOULEVARD DE LA ),M,"43,2869371","5,4457378",13,2019,50.0,1.0,1.0,4.0,2267846,1.0,1,1,1,5.0,,-1.0,0,1998.0,A01,138Â 201Â 504,1.0,0.0,-1.0,1731034,1.0,33,,0.0,2.0,1.0,B01,138Â 201Â 503,0.0
1014105,201900055636,9,22,20:00,5,2,1,1.0,3.0,13211,VALBARELLE (BOULEVARD DE LA ),M,"43,2869371","5,4457378",13,2019,50.0,1.0,1.0,4.0,2267846,1.0,1,1,1,5.0,,-1.0,0,1998.0,A01,138Â 201Â 504,1.0,0.0,-1.0,1731035,1.0,10,,0.0,2.0,8.0,A01,138Â 201Â 504,0.0
1014106,201900055637,9,22,17:55,1,2,1,1.0,3.0,13202,PARIS (BOULEVARD DE),M,"43,3088100","5,3707800",13,2019,50.0,1.0,1.0,4.0,2267847,1.0,1,4,1,5.0,,-1.0, -1,1977.0,B01,138Â 201Â 501,2.0,0.0,-1.0,1731036,1.0,33,,0.0,2.0,1.0,B01,138Â 201Â 501,1.0
1014106,201900055637,9,22,17:55,1,2,1,1.0,3.0,13202,PARIS (BOULEVARD DE),M,"43,3088100","5,3707800",13,2019,50.0,1.0,1.0,4.0,2267847,1.0,1,4,1,5.0,,-1.0, -1,1977.0,B01,138Â 201Â 501,2.0,0.0,-1.0,1731037,1.0,7,,0.0,2.0,2.0,A01,138Â 201Â 502,1.0
1014106,201900055637,9,22,17:55,1,2,1,1.0,3.0,13202,PARIS (BOULEVARD DE),M,"43,3088100","5,3707800",13,2019,50.0,1.0,1.0,4.0,2267848,1.0,1,3,1,5.0,,-1.0, -1,1986.0,A01,138Â 201Â 502,1.0,0.0,-1.0,1731036,1.0,33,,0.0,2.0,1.0,B01,138Â 201Â 501,1.0
1014106,201900055637,9,22,17:55,1,2,1,1.0,3.0,13202,PARIS (BOULEVARD DE),M,"43,3088100","5,3707800",13,2019,50.0,1.0,1.0,4.0,2267848,1.0,1,3,1,5.0,,-1.0, -1,1986.0,A01,138Â 201Â 502,1.0,0.0,-1.0,1731037,1.0,7,,0.0,2.0,2.0,A01,138Â 201Â 502,1.0
1014107,201900055638,9,22,17:15,1,2,1,1.0,1.0,13213,TAOUME (RUE DU),M,"43,3269540","5,4576760",13,2019,50.0,1.0,1.0,4.0,2267849,1.0,1,4,1,5.0,,-1.0, -1,2004.0,A01,138Â 201Â 499,1.0,0.0,-1.0,1731038,1.0,3,,0.0,2.0,2.0,A01,138Â 201Â 499,0.0
1014107,201900055638,9,22,17:15,1,2,1,1.0,1.0,13213,TAOUME (RUE DU),M,"43,3269540","5,4576760",13,2019,50.0,1.0,1.0,4.0,2267849,1.0,1,4,1,5.0,,-1.0, -1,2004.0,A01,138Â 201Â 499,1.0,0.0,-1.0,1731039,2.0,7,,0.0,2.0,1.0,B01,138Â 201Â 500,1.0
1014107,201900055638,9,22,17:15,1,2,1,1.0,1.0,13213,TAOUME (RUE DU),M,"43,3269540","5,4576760",13,2019,50.0,1.0,1.0,4.0,2267850,1.0,1,4,1,5.0,,-1.0, -1,2000.0,B01,138Â 201Â 500,1.0,0.0,-1.0,1731038,1.0,3,,0.0,2.0,2.0,A01,138Â 201Â 499,0.0
1014107,201900055638,9,22,17:15,1,2,1,1.0,1.0,13213,TAOUME (RUE DU),M,"43,3269540","5,4576760",13,2019,50.0,1.0,1.0,4.0,2267850,1.0,1,4,1,5.0,,-1.0, -1,2000.0,B01,138Â 201Â 500,1.0,0.0,-1.0,1731039,2.0,7,,0.0,2.0,1.0,B01,138Â 201Â 500,1.0
1014108,201900055639,9,22,17:30,1,2,1,1.0,6.0,13206,PRADO (AVENUE DU),M,"43,2849038","5,3843107",13,2019,50.0,1.0,1.0,4.0,2267851,10.0,3,3,1,5.0,,4.0,1,2006.0,Z01,138Â 201Â 498,8.0,0.0,-1.0,1731040,1.0,33,,0.0,1.0,1.0,Z01,138Â 201Â 498,1.0
1014109,201900055640,9,22,02:30,5,2,2,8.0,3.0,13215,LYON (RUE DE),M,"43,3292160","5,3655930",13,2019,50.0,1.0,2.0,7.0,2267852,1.0,1,4,2,0.0,,-1.0, -1,1983.0,A01,138Â 201Â 494,1.0,0.0,-1.0,1731041,1.0,7,,0.0,2.0,2.0,A01,138Â 201Â 494,1.0
1014109,201900055640,9,22,02:30,5,2,2,8.0,3.0,13215,LYON (RUE DE),M,"43,3292160","5,3655930",13,2019,50.0,1.0,2.0,7.0,2267852,1.0,1,4,2,0.0,,-1.0, -1,1983.0,A01,138Â 201Â 494,1.0,0.0,-1.0,1731042,2.0,7,,0.0,2.0,1.0,Z01,138Â 201Â 495,1.0
1014110,201900055641,9,14,12:10,1,2,1,1.0,6.0,01283,VERDUN (COURS DE DU 59-86 AU 151),M,"46,2592660","5,6469120",1,2019,50.0,1.0,1.0,4.0,2267853,10.0,3,3,2,3.0,,2.0,3,1961.0,A01,138Â 201Â 491,8.0,0.0,-1.0,1731043,0.0,7,,0.0,1.0,4.0,A01,138Â 201Â 491,1.0
1014110,201900055641,9,14,12:10,1,2,1,1.0,6.0,01283,VERDUN (COURS DE DU 59-86 AU 151),M,"46,2592660","5,6469120",1,2019,50.0,1.0,1.0,4.0,2267854,1.0,1,1,1,3.0,,0.0,0,1978.0,A01,138Â 201Â 491,1.0,0.0,-1.0,1731043,0.0,7,,0.0,1.0,4.0,A01,138Â 201Â 491,1.0
1014111,201900055642,9,22,06:18,5,2,5,1.0,6.0,75106,BOULEVARD DU MONTPARNASSE,M,"48,8397520","2,3365635",75,2019,50.0,1.0,1.0,4.0,2267855,4.0,2,4,2,0.0,,0.0,0,1995.0,A01,138Â 201Â 489,1.0,0.0,-1.0,1731044,1.0,7,,0.0,2.0,1.0,Z01,138Â 201Â 488,1.0
1014111,201900055642,9,22,06:18,5,2,5,1.0,6.0,75106,BOULEVARD DU MONTPARNASSE,M,"48,8397520","2,3365635",75,2019,50.0,1.0,1.0,4.0,2267855,4.0,2,4,2,0.0,,0.0,0,1995.0,A01,138Â 201Â 489,1.0,0.0,-1.0,1731045,2.0,7,,0.0,2.0,5.0,A01,138Â 201Â 489,1.0
1014111,201900055642,9,22,06:18,5,2,5,1.0,6.0,75106,BOULEVARD DU MONTPARNASSE,M,"48,8397520","2,3365635",75,2019,50.0,1.0,1.0,4.0,2267856,2.0,2,1,1,5.0,,0.0,0,1999.0,A01,138Â 201Â 489,1.0,0.0,-1.0,1731044,1.0,7,,0.0,2.0,1.0,Z01,138Â 201Â 488,1.0
1014111,201900055642,9,22,06:18,5,2,5,1.0,6.0,75106,BOULEVARD DU MONTPARNASSE,M,"48,8397520","2,3365635",75,2019,50.0,1.0,1.0,4.0,2267856,2.0,2,1,1,5.0,,0.0,0,1999.0,A01,138Â 201Â 489,1.0,0.0,-1.0,1731045,2.0,7,,0.0,2.0,5.0,A01,138Â 201Â 489,1.0