Unnamed: 0_x,num_acc,mois,jour,hrmn,lum,agg,int,atm,col,com,adr,gps,lat,long,dep,annee,vma,situ,surf,catr,Unnamed: 0_y,place,catu,grav,sexe,trajet,secu,locp,actp,an_nais,num_veh_x,id_vehicule_x,secu1,secu2,secu3,Unnamed: 0,senc,catv,occutc,obs,obsm,choc,num_veh_y,id_vehicule_y,motor
1014111,201900055642,9,22,06:18,5,2,5,1.0,6.0,75106,BOULEVARD DU MONTPARNASSE,M,"48,8397520","2,3365635",75,2019,50.0,1.0,1.0,4.0,2267857,1.0,1,1,2,5.0,,0.0,0,1996.0,A01,138Â 201Â 489,1.0,0.0,-1.0,1731044,1.0,7,,0.0,2.0,1.0,Z01,138Â 201Â 488,1.0
1014111,201900055642,9,22,06:18,5,2,5,1.0,6.0,75106,BOULEVARD DU MONTPARNASSE,M,"48,8397520","2,3365635",75,2019,50.0,1.0,1.0,4.0,2267857,1.0,1,1,2,5.0,,0.0,0,1996.0,A01,138Â 201Â 489,1.0,0.0,-1.0,1731045,2.0,7,,0.0,2.0,5.0,A01,138Â 201Â 489,1.0
1014112,201900055643,9,22,14:00,1,2,2,2.0,3.0,75117,RUE DE TOCQUEVILLE,M,"48,8878429","2,3070866",75,2019,30.0,1.0,2.0,4.0,2267858,1.0,1,1,1,5.0,,0.0,0,1972.0,A01,138Â 201Â 486,1.0,0.0,-1.0,1731046,2.0,7,,0.0,2.0,5.0,A01,138Â 201Â 486,1.0
1014112,201900055643,9,22,14:00,1,2,2,2.0,3.0,75117,RUE DE TOCQUEVILLE,M,"48,8878429","2,3070866",75,2019,30.0,1.0,2.0,4.0,2267858,1.0,1,1,1,5.0,,0.0,0,1972.0,A01,138Â 201Â 486,1.0,0.0,-1.0,1731047,2.0,31,,0.0,2.0,5.0,B01,138Â 201Â 487,1.0
1014112,201900055643,9,22,14:00,1,2,2,2.0,3.0,75117,RUE DE TOCQUEVILLE,M,"48,8878429","2,3070866",75,2019,30.0,1.0,2.0,4.0,2267859,1.0,1,4,1,5.0,,0.0,0,1963.0,B01,138Â 201Â 487,2.0,6.0,-1.0,1731046,2.0,7,,0.0,2.0,5.0,A01,138Â 201Â 486,1.0
1014112,201900055643,9,22,14:00,1,2,2,2.0,3.0,75117,RUE DE TOCQUEVILLE,M,"48,8878429","2,3070866",75,2019,30.0,1.0,2.0,4.0,2267859,1.0,1,4,1,5.0,,0.0,0,1963.0,B01,138Â 201Â 487,2.0,6.0,-1.0,1731047,2.0,31,,0.0,2.0,5.0,B01,138Â 201Â 487,1.0
1014113,201900055644,9,19,08:30,1,2,2,1.0,3.0,75116,AVENUE DE L HIPPODROME,M,"48,8622868","2,2383142",75,2019,50.0,5.0,1.0,4.0,2267860,1.0,1,4,1,5.0,,0.0,0,1978.0,B01,138Â 201Â 484,2.0,8.0,-1.0,1731048,1.0,1,,0.0,2.0,1.0,B01,138Â 201Â 484,5.0
1014113,201900055644,9,19,08:30,1,2,2,1.0,3.0,75116,AVENUE DE L HIPPODROME,M,"48,8622868","2,2383142",75,2019,50.0,5.0,1.0,4.0,2267860,1.0,1,4,1,5.0,,0.0,0,1978.0,B01,138Â 201Â 484,2.0,8.0,-1.0,1731049,1.0,1,,0.0,2.0,8.0,A01,138Â 201Â 485,5.0
1014113,201900055644,9,19,08:30,1,2,2,1.0,3.0,75116,AVENUE DE L HIPPODROME,M,"48,8622868","2,2383142",75,2019,50.0,5.0,1.0,4.0,2267861,1.0,1,1,2,2.0,,0.0,0,2001.0,A01,138Â 201Â 485,8.0,2.0,-1.0,1731048,1.0,1,,0.0,2.0,1.0,B01,138Â 201Â 484,5.0
1014113,201900055644,9,19,08:30,1,2,2,1.0,3.0,75116,AVENUE DE L HIPPODROME,M,"48,8622868","2,2383142",75,2019,50.0,5.0,1.0,4.0,2267861,1.0,1,1,2,2.0,,0.0,0,2001.0,A01,138Â 201Â 485,8.0,2.0,-1.0,1731049,1.0,1,,0.0,2.0,8.0,A01,138Â 201Â 485,5.0
1014114,201900055645,9,22,12:00,1,2,1,2.0,6.0,75107,PONT DES INVALIDES,M,"48,8633879","2,3104012",75,2019,50.0,1.0,2.0,4.0,2267862,1.0,1,1,1,5.0,,0.0,0,1985.0,A01,138Â 201Â 483,2.0,6.0,-1.0,1731050,1.0,32,,0.0,1.0,1.0,A01,138Â 201Â 483,1.0
1014114,201900055645,9,22,12:00,1,2,1,2.0,6.0,75107,PONT DES INVALIDES,M,"48,8633879","2,3104012",75,2019,50.0,1.0,2.0,4.0,2267863,10.0,3,4,2,5.0,,3.0,0,1978.0,A01,138Â 201Â 483,0.0,0.0,0.0,1731050,1.0,32,,0.0,1.0,1.0,A01,138Â 201Â 483,1.0
1014115,201900055646,9,22,01:36,5,2,2,1.0,3.0,75116,ALLEE DE LONGCHAMP,M,"48,8676860","2,2509510",75,2019,50.0,1.0,1.0,4.0,2267864,2.0,2,1,1,9.0,,-1.0, -1,2003.0,A01,138Â 201Â 480,2.0,6.0,-1.0,1731051,1.0,30,,0.0,2.0,1.0,A01,138Â 201Â 480,1.0
1014115,201900055646,9,22,01:36,5,2,2,1.0,3.0,75116,ALLEE DE LONGCHAMP,M,"48,8676860","2,2509510",75,2019,50.0,1.0,1.0,4.0,2267864,2.0,2,1,1,9.0,,-1.0, -1,2003.0,A01,138Â 201Â 480,2.0,6.0,-1.0,1731052,1.0,7,,0.0,2.0,4.0,B01,138Â 201Â 481,2.0
1014115,201900055646,9,22,01:36,5,2,2,1.0,3.0,75116,ALLEE DE LONGCHAMP,M,"48,8676860","2,2509510",75,2019,50.0,1.0,1.0,4.0,2267865,1.0,1,4,1,5.0,,0.0,0,2003.0,A01,138Â 201Â 480,2.0,6.0,-1.0,1731051,1.0,30,,0.0,2.0,1.0,A01,138Â 201Â 480,1.0
1014115,201900055646,9,22,01:36,5,2,2,1.0,3.0,75116,ALLEE DE LONGCHAMP,M,"48,8676860","2,2509510",75,2019,50.0,1.0,1.0,4.0,2267865,1.0,1,4,1,5.0,,0.0,0,2003.0,A01,138Â 201Â 480,2.0,6.0,-1.0,1731052,1.0,7,,0.0,2.0,4.0,B01,138Â 201Â 481,2.0
1014115,201900055646,9,22,01:36,5,2,2,1.0,3.0,75116,ALLEE DE LONGCHAMP,M,"48,8676860","2,2509510",75,2019,50.0,1.0,1.0,4.0,2267866,1.0,1,1,1,5.0,,0.0,0,1961.0,B01,138Â 201Â 481,1.0,8.0,-1.0,1731051,1.0,30,,0.0,2.0,1.0,A01,138Â 201Â 480,1.0
1014115,201900055646,9,22,01:36,5,2,2,1.0,3.0,75116,ALLEE DE LONGCHAMP,M,"48,8676860","2,2509510",75,2019,50.0,1.0,1.0,4.0,2267866,1.0,1,1,1,5.0,,0.0,0,1961.0,B01,138Â 201Â 481,1.0,8.0,-1.0,1731052,1.0,7,,0.0,2.0,4.0,B01,138Â 201Â 481,2.0
1014116,201900055647,9,21,11:25,1,2,1,1.0,6.0,75115,RUE DES MORILLONS,M,"48,8332625","2,2993017",75,2019,50.0,1.0,1.0,4.0,2267867,1.0,1,1,1,5.0,,0.0,0,1973.0,A01,138Â 201Â 479,8.0,2.0,-1.0,1731053,2.0,1,,0.0,1.0,1.0,A01,138Â 201Â 479,5.0
1014116,201900055647,9,21,11:25,1,2,1,1.0,6.0,75115,RUE DES MORILLONS,M,"48,8332625","2,2993017",75,2019,50.0,1.0,1.0,4.0,2267868,10.0,3,4,2,5.0,,2.0,3,1926.0,A01,138Â 201Â 479,0.0,0.0,0.0,1731053,2.0,1,,0.0,1.0,1.0,A01,138Â 201Â 479,5.0
1014117,201900055648,9,21,08:15,1,2,2,1.0,7.0,75115,RUE DE LA CONVENTION,M,"48,8399731","2,2903582",75,2019,50.0,1.0,1.0,4.0,2267869,1.0,1,4,2,5.0,,0.0,0,1960.0,A01,138Â 201Â 478,8.0,2.0,-1.0,1731054,1.0,1,,0.0,0.0,8.0,A01,138Â 201Â 478,5.0
1014118,201900055649,9,22,10:16,1,2,2,8.0,3.0,75113,QUAI D AUSTERLITZ,M,"48,8419153","2,3678797",75,2019,50.0,6.0,1.0,4.0,2267870,1.0,1,1,1,0.0,,0.0,0,1943.0,A01,138Â 201Â 476,1.0,9.0,-1.0,1731055,1.0,7,,0.0,2.0,2.0,A01,138Â 201Â 476,1.0
1014118,201900055649,9,22,10:16,1,2,2,8.0,3.0,75113,QUAI D AUSTERLITZ,M,"48,8419153","2,3678797",75,2019,50.0,6.0,1.0,4.0,2267870,1.0,1,1,1,0.0,,0.0,0,1943.0,A01,138Â 201Â 476,1.0,9.0,-1.0,1731056,2.0,1,,0.0,2.0,1.0,B01,138Â 201Â 477,5.0
1014118,201900055649,9,22,10:16,1,2,2,8.0,3.0,75113,QUAI D AUSTERLITZ,M,"48,8419153","2,3678797",75,2019,50.0,6.0,1.0,4.0,2267871,1.0,1,4,1,5.0,,0.0,0,1984.0,B01,138Â 201Â 477,2.0,8.0,-1.0,1731055,1.0,7,,0.0,2.0,2.0,A01,138Â 201Â 476,1.0
1014118,201900055649,9,22,10:16,1,2,2,8.0,3.0,75113,QUAI D AUSTERLITZ,M,"48,8419153","2,3678797",75,2019,50.0,6.0,1.0,4.0,2267871,1.0,1,4,1,5.0,,0.0,0,1984.0,B01,138Â 201Â 477,2.0,8.0,-1.0,1731056,2.0,1,,0.0,2.0,1.0,B01,138Â 201Â 477,5.0
1014119,201900055650,9,22,04:30,5,2,7,1.0,2.0,75113,BOULEVARD VINCENT AURIOL,M,"48,8330190","2,3618259",75,2019,50.0,1.0,1.0,4.0,2267872,1.0,1,1,1,0.0,,0.0,0,1960.0,B01,138Â 201Â 474,1.0,0.0,-1.0,1731057,1.0,7,,0.0,2.0,4.0,B01,138Â 201Â 474,1.0
1014119,201900055650,9,22,04:30,5,2,7,1.0,2.0,75113,BOULEVARD VINCENT AURIOL,M,"48,8330190","2,3618259",75,2019,50.0,1.0,1.0,4.0,2267872,1.0,1,1,1,0.0,,0.0,0,1960.0,B01,138Â 201Â 474,1.0,0.0,-1.0,1731058,1.0,30,,0.0,2.0,1.0,A01,138Â 201Â 475,1.0
1014119,201900055650,9,22,04:30,5,2,7,1.0,2.0,75113,BOULEVARD VINCENT AURIOL,M,"48,8330190","2,3618259",75,2019,50.0,1.0,1.0,4.0,2267873,1.0,1,4,1,0.0,,0.0,0,1996.0,A01,138Â 201Â 475,2.0,6.0,-1.0,1731057,1.0,7,,0.0,2.0,4.0,B01,138Â 201Â 474,1.0
1014119,201900055650,9,22,04:30,5,2,7,1.0,2.0,75113,BOULEVARD VINCENT AURIOL,M,"48,8330190","2,3618259",75,2019,50.0,1.0,1.0,4.0,2267873,1.0,1,4,1,0.0,,0.0,0,1996.0,A01,138Â 201Â 475,2.0,6.0,-1.0,1731058,1.0,30,,0.0,2.0,1.0,A01,138Â 201Â 475,1.0
1014119,201900055650,9,22,04:30,5,2,7,1.0,2.0,75113,BOULEVARD VINCENT AURIOL,M,"48,8330190","2,3618259",75,2019,50.0,1.0,1.0,4.0,2267874,2.0,2,4,2,0.0,,0.0,0,1998.0,A01,138Â 201Â 475,2.0,6.0,-1.0,1731057,1.0,7,,0.0,2.0,4.0,B01,138Â 201Â 474,1.0
1014119,201900055650,9,22,04:30,5,2,7,1.0,2.0,75113,BOULEVARD VINCENT AURIOL,M,"48,8330190","2,3618259",75,2019,50.0,1.0,1.0,4.0,2267874,2.0,2,4,2,0.0,,0.0,0,1998.0,A01,138Â 201Â 475,2.0,6.0,-1.0,1731058,1.0,30,,0.0,2.0,1.0,A01,138Â 201Â 475,1.0
1014120,201900055651,9,22,13:10,1,2,2,2.0,6.0,75107,RUE DE GRENELLE,M,"48,8544183","2,3259139",75,2019,50.0,1.0,2.0,4.0,2267875,10.0,3,4,2,5.0,,2.0,5,2011.0,A01,138Â 201Â 473,0.0,0.0,0.0,1731059,1.0,30,,0.0,1.0,1.0,A01,138Â 201Â 473,1.0
1014120,201900055651,9,22,13:10,1,2,2,2.0,6.0,75107,RUE DE GRENELLE,M,"48,8544183","2,3259139",75,2019,50.0,1.0,2.0,4.0,2267876,1.0,1,1,1,3.0,,0.0,0,1992.0,A01,138Â 201Â 473,2.0,6.0,0.0,1731059,1.0,30,,0.0,1.0,1.0,A01,138Â 201Â 473,1.0
1014121,201900055652,9,22,07:00,2,2,1,1.0,6.0,75104,QUAI HENRI IV,M,"48,8493846","2,3618112",75,2019,50.0,1.0,1.0,4.0,2267877,1.0,1,4,2,5.0,,0.0,0,1992.0,A01,138Â 201Â 472,1.0,0.0,-1.0,1731060,2.0,7,,9.0,0.0,1.0,A01,138Â 201Â 472,2.0
1014122,201900055653,9,22,20:57,5,2,3,2.0,3.0,94081,YOURI GAGARINE (AV),M,"48,7859815","2,3915116",94,2019,50.0,1.0,2.0,3.0,2267878,1.0,1,1,1,0.0,,-1.0, -1,1970.0,A01,138Â 201Â 470,1.0,0.0,-1.0,1731061,2.0,7,,0.0,2.0,2.0,A01,138Â 201Â 470,1.0
1014122,201900055653,9,22,20:57,5,2,3,2.0,3.0,94081,YOURI GAGARINE (AV),M,"48,7859815","2,3915116",94,2019,50.0,1.0,2.0,3.0,2267878,1.0,1,1,1,0.0,,-1.0, -1,1970.0,A01,138Â 201Â 470,1.0,0.0,-1.0,1731062,1.0,7,,0.0,2.0,1.0,B01,138Â 201Â 471,1.0
1014122,201900055653,9,22,20:57,5,2,3,2.0,3.0,94081,YOURI GAGARINE (AV),M,"48,7859815","2,3915116",94,2019,50.0,1.0,2.0,3.0,2267879,4.0,2,4,2,0.0,,-1.0, -1,2010.0,A01,138Â 201Â 470,8.0,-1.0,-1.0,1731061,2.0,7,,0.0,2.0,2.0,A01,138Â 201Â 470,1.0
1014122,201900055653,9,22,20:57,5,2,3,2.0,3.0,94081,YOURI GAGARINE (AV),M,"48,7859815","2,3915116",94,2019,50.0,1.0,2.0,3.0,2267879,4.0,2,4,2,0.0,,-1.0, -1,2010.0,A01,138Â 201Â 470,8.0,-1.0,-1.0,1731062,1.0,7,,0.0,2.0,1.0,B01,138Â 201Â 471,1.0
1014122,201900055653,9,22,20:57,5,2,3,2.0,3.0,94081,YOURI GAGARINE (AV),M,"48,7859815","2,3915116",94,2019,50.0,1.0,2.0,3.0,2267880,3.0,2,4,1,9.0,,-1.0, -1,1977.0,A01,138Â 201Â 470,8.0,0.0,-1.0,1731061,2.0,7,,0.0,2.0,2.0,A01,138Â 201Â 470,1.0
1014122,201900055653,9,22,20:57,5,2,3,2.0,3.0,94081,YOURI GAGARINE (AV),M,"48,7859815","2,3915116",94,2019,50.0,1.0,2.0,3.0,2267880,3.0,2,4,1,9.0,,-1.0, -1,1977.0,A01,138Â 201Â 470,8.0,0.0,-1.0,1731062,1.0,7,,0.0,2.0,1.0,B01,138Â 201Â 471,1.0
1014122,201900055653,9,22,20:57,5,2,3,2.0,3.0,94081,YOURI GAGARINE (AV),M,"48,7859815","2,3915116",94,2019,50.0,1.0,2.0,3.0,2267881,1.0,1,1,1,5.0,,-1.0, -1,1975.0,B01,138Â 201Â 471,1.0,0.0,-1.0,1731061,2.0,7,,0.0,2.0,2.0,A01,138Â 201Â 470,1.0
1014122,201900055653,9,22,20:57,5,2,3,2.0,3.0,94081,YOURI GAGARINE (AV),M,"48,7859815","2,3915116",94,2019,50.0,1.0,2.0,3.0,2267881,1.0,1,1,1,5.0,,-1.0, -1,1975.0,B01,138Â 201Â 471,1.0,0.0,-1.0,1731062,1.0,7,,0.0,2.0,1.0,B01,138Â 201Â 471,1.0
1014123,201900055654,9,22,14:45,1,2,9,2.0,3.0,94067,GENERAL LECLERC (CENTRE (PL DU),M,"48,8464996","2,4179527",94,2019,50.0,1.0,2.0,4.0,2267882,1.0,1,4,1,9.0,,-1.0, -1,1991.0,B01,138Â 201Â 468,2.0,6.0,-1.0,1731063,2.0,33,,0.0,2.0,8.0,B01,138Â 201Â 468,0.0
1014123,201900055654,9,22,14:45,1,2,9,2.0,3.0,94067,GENERAL LECLERC (CENTRE (PL DU),M,"48,8464996","2,4179527",94,2019,50.0,1.0,2.0,4.0,2267882,1.0,1,4,1,9.0,,-1.0, -1,1991.0,B01,138Â 201Â 468,2.0,6.0,-1.0,1731064,2.0,7,,0.0,2.0,7.0,A01,138Â 201Â 469,0.0
1014123,201900055654,9,22,14:45,1,2,9,2.0,3.0,94067,GENERAL LECLERC (CENTRE (PL DU),M,"48,8464996","2,4179527",94,2019,50.0,1.0,2.0,4.0,2267883,1.0,1,1,2,9.0,,-1.0,0,1997.0,A01,138Â 201Â 469,1.0,0.0,-1.0,1731063,2.0,33,,0.0,2.0,8.0,B01,138Â 201Â 468,0.0
1014123,201900055654,9,22,14:45,1,2,9,2.0,3.0,94067,GENERAL LECLERC (CENTRE (PL DU),M,"48,8464996","2,4179527",94,2019,50.0,1.0,2.0,4.0,2267883,1.0,1,1,2,9.0,,-1.0,0,1997.0,A01,138Â 201Â 469,1.0,0.0,-1.0,1731064,2.0,7,,0.0,2.0,7.0,A01,138Â 201Â 469,0.0
1014124,201900055655,9,22,19:55,2,2,3,2.0,3.0,94074,RASPAIL (R),M,"48,7650100","2,4450900",94,2019,50.0,1.0,2.0,4.0,2267884,1.0,1,1,1,5.0,,-1.0, -1,1977.0,B01,138Â 201Â 466,1.0,0.0,-1.0,1731065,3.0,7,,0.0,2.0,2.0,B01,138Â 201Â 466,0.0
1014124,201900055655,9,22,19:55,2,2,3,2.0,3.0,94074,RASPAIL (R),M,"48,7650100","2,4450900",94,2019,50.0,1.0,2.0,4.0,2267884,1.0,1,1,1,5.0,,-1.0, -1,1977.0,B01,138Â 201Â 466,1.0,0.0,-1.0,1731066,3.0,3,,0.0,2.0,1.0,A01,138Â 201Â 467,0.0
1014124,201900055655,9,22,19:55,2,2,3,2.0,3.0,94074,RASPAIL (R),M,"48,7650100","2,4450900",94,2019,50.0,1.0,2.0,4.0,2267885,4.0,2,4,1,5.0,,-1.0, -1,2015.0,B01,138Â 201Â 466,1.0,0.0,-1.0,1731065,3.0,7,,0.0,2.0,2.0,B01,138Â 201Â 466,0.0
1014124,201900055655,9,22,19:55,2,2,3,2.0,3.0,94074,RASPAIL (R),M,"48,7650100","2,4450900",94,2019,50.0,1.0,2.0,4.0,2267885,4.0,2,4,1,5.0,,-1.0, -1,2015.0,B01,138Â 201Â 466,1.0,0.0,-1.0,1731066,3.0,3,,0.0,2.0,1.0,A01,138Â 201Â 467,0.0
1014124,201900055655,9,22,19:55,2,2,3,2.0,3.0,94074,RASPAIL (R),M,"48,7650100","2,4450900",94,2019,50.0,1.0,2.0,4.0,2267886,3.0,2,4,2,5.0,,-1.0, -1,2008.0,B01,138Â 201Â 466,1.0,0.0,-1.0,1731065,3.0,7,,0.0,2.0,2.0,B01,138Â 201Â 466,0.0
1014124,201900055655,9,22,19:55,2,2,3,2.0,3.0,94074,RASPAIL (R),M,"48,7650100","2,4450900",94,2019,50.0,1.0,2.0,4.0,2267886,3.0,2,4,2,5.0,,-1.0, -1,2008.0,B01,138Â 201Â 466,1.0,0.0,-1.0,1731066,3.0,3,,0.0,2.0,1.0,A01,138Â 201Â 467,0.0
1014124,201900055655,9,22,19:55,2,2,3,2.0,3.0,94074,RASPAIL (R),M,"48,7650100","2,4450900",94,2019,50.0,1.0,2.0,4.0,2267887,1.0,1,1,1,0.0,,-1.0, -1,1993.0,A01,138Â 201Â 467,1.0,8.0,-1.0,1731065,3.0,7,,0.0,2.0,2.0,B01,138Â 201Â 466,0.0
1014124,201900055655,9,22,19:55,2,2,3,2.0,3.0,94074,RASPAIL (R),M,"48,7650100","2,4450900",94,2019,50.0,1.0,2.0,4.0,2267887,1.0,1,1,1,0.0,,-1.0, -1,1993.0,A01,138Â 201Â 467,1.0,8.0,-1.0,1731066,3.0,3,,0.0,2.0,1.0,A01,138Â 201Â 467,0.0
1014125,201900055656,9,22,18:15,1,2,2,2.0,1.0,94046,GEORGES CLEMENCEAU (AV),M,"48,8120243","2,4436181",94,2019,50.0,1.0,2.0,4.0,2267888,1.0,1,4,1,9.0,,-1.0,0,2001.0,A01,138Â 201Â 464,2.0,0.0,-1.0,1731067,1.0,32,,0.0,2.0,1.0,A01,138Â 201Â 464,1.0
1014125,201900055656,9,22,18:15,1,2,2,2.0,1.0,94046,GEORGES CLEMENCEAU (AV),M,"48,8120243","2,4436181",94,2019,50.0,1.0,2.0,4.0,2267888,1.0,1,4,1,9.0,,-1.0,0,2001.0,A01,138Â 201Â 464,2.0,0.0,-1.0,1731068,1.0,10,,0.0,2.0,1.0,B01,138Â 201Â 465,1.0
1014125,201900055656,9,22,18:15,1,2,2,2.0,1.0,94046,GEORGES CLEMENCEAU (AV),M,"48,8120243","2,4436181",94,2019,50.0,1.0,2.0,4.0,2267889,1.0,1,1,1,3.0,,-1.0,0,1970.0,B01,138Â 201Â 465,1.0,0.0,-1.0,1731067,1.0,32,,0.0,2.0,1.0,A01,138Â 201Â 464,1.0
1014125,201900055656,9,22,18:15,1,2,2,2.0,1.0,94046,GEORGES CLEMENCEAU (AV),M,"48,8120243","2,4436181",94,2019,50.0,1.0,2.0,4.0,2267889,1.0,1,1,1,3.0,,-1.0,0,1970.0,B01,138Â 201Â 465,1.0,0.0,-1.0,1731068,1.0,10,,0.0,2.0,1.0,B01,138Â 201Â 465,1.0
1014126,201900055657,9,21,16:40,1,2,1,1.0,6.0,94022,HUIT MAI 1945 (AV DU),M,"48,7651100","2,4107200",94,2019,30.0,1.0,1.0,4.0,2267890,2.0,2,1,2,0.0,,0.0,0,1974.0,A01,138Â 201Â 463,1.0,0.0,-1.0,1731069,1.0,7,,0.0,1.0,2.0,A01,138Â 201Â 463,1.0
1014126,201900055657,9,21,16:40,1,2,1,1.0,6.0,94022,HUIT MAI 1945 (AV DU),M,"48,7651100","2,4107200",94,2019,30.0,1.0,1.0,4.0,2267891,10.0,3,4,1,1.0,,2.0,3,1989.0,A01,138Â 201Â 463,8.0,0.0,-1.0,1731069,1.0,7,,0.0,1.0,2.0,A01,138Â 201Â 463,1.0
1014126,201900055657,9,21,16:40,1,2,1,1.0,6.0,94022,HUIT MAI 1945 (AV DU),M,"48,7651100","2,4107200",94,2019,30.0,1.0,1.0,4.0,2267892,1.0,1,1,1,1.0,,0.0,0,1975.0,A01,138Â 201Â 463,1.0,0.0,-1.0,1731069,1.0,7,,0.0,1.0,2.0,A01,138Â 201Â 463,1.0
1014127,201900055658,9,22,18:20,1,2,1,8.0,5.0,94017,FranÃ§ois MittÃ©rrand (avenue),M,"48,8156500","2,5143500",94,2019,50.0,1.0,2.0,4.0,2267893,1.0,1,1,1,0.0,,-1.0, -1,1999.0,A01,138Â 201Â 459,1.0,0.0,-1.0,1731070,1.0,7,,0.0,2.0,1.0,A01,138Â 201Â 459,1.0
1014127,201900055658,9,22,18:20,1,2,1,8.0,5.0,94017,FranÃ§ois MittÃ©rrand (avenue),M,"48,8156500","2,5143500",94,2019,50.0,1.0,2.0,4.0,2267893,1.0,1,1,1,0.0,,-1.0, -1,1999.0,A01,138Â 201Â 459,1.0,0.0,-1.0,1731071,1.0,7,,0.0,2.0,4.0,B01,138Â 201Â 460,1.0
1014127,201900055658,9,22,18:20,1,2,1,8.0,5.0,94017,FranÃ§ois MittÃ©rrand (avenue),M,"48,8156500","2,5143500",94,2019,50.0,1.0,2.0,4.0,2267893,1.0,1,1,1,0.0,,-1.0, -1,1999.0,A01,138Â 201Â 459,1.0,0.0,-1.0,1731072,1.0,7,,0.0,2.0,4.0,C01,138Â 201Â 461,1.0
1014127,201900055658,9,22,18:20,1,2,1,8.0,5.0,94017,FranÃ§ois MittÃ©rrand (avenue),M,"48,8156500","2,5143500",94,2019,50.0,1.0,2.0,4.0,2267893,1.0,1,1,1,0.0,,-1.0, -1,1999.0,A01,138Â 201Â 459,1.0,0.0,-1.0,1731073,1.0,7,,0.0,2.0,4.0,D01,138Â 201Â 462,1.0
1014127,201900055658,9,22,18:20,1,2,1,8.0,5.0,94017,FranÃ§ois MittÃ©rrand (avenue),M,"48,8156500","2,5143500",94,2019,50.0,1.0,2.0,4.0,2267894,1.0,1,1,1,0.0,,-1.0, -1,1977.0,B01,138Â 201Â 460,1.0,8.0,-1.0,1731070,1.0,7,,0.0,2.0,1.0,A01,138Â 201Â 459,1.0
1014127,201900055658,9,22,18:20,1,2,1,8.0,5.0,94017,FranÃ§ois MittÃ©rrand (avenue),M,"48,8156500","2,5143500",94,2019,50.0,1.0,2.0,4.0,2267894,1.0,1,1,1,0.0,,-1.0, -1,1977.0,B01,138Â 201Â 460,1.0,8.0,-1.0,1731071,1.0,7,,0.0,2.0,4.0,B01,138Â 201Â 460,1.0
1014127,201900055658,9,22,18:20,1,2,1,8.0,5.0,94017,FranÃ§ois MittÃ©rrand (avenue),M,"48,8156500","2,5143500",94,2019,50.0,1.0,2.0,4.0,2267894,1.0,1,1,1,0.0,,-1.0, -1,1977.0,B01,138Â 201Â 460,1.0,8.0,-1.0,1731072,1.0,7,,0.0,2.0,4.0,C01,138Â 201Â 461,1.0
1014127,201900055658,9,22,18:20,1,2,1,8.0,5.0,94017,FranÃ§ois MittÃ©rrand (avenue),M,"48,8156500","2,5143500",94,2019,50.0,1.0,2.0,4.0,2267894,1.0,1,1,1,0.0,,-1.0, -1,1977.0,B01,138Â 201Â 460,1.0,8.0,-1.0,1731073,1.0,7,,0.0,2.0,4.0,D01,138Â 201Â 462,1.0
1014127,201900055658,9,22,18:20,1,2,1,8.0,5.0,94017,FranÃ§ois MittÃ©rrand (avenue),M,"48,8156500","2,5143500",94,2019,50.0,1.0,2.0,4.0,2267895,2.0,2,4,2,0.0,,-1.0, -1,1981.0,B01,138Â 201Â 460,1.0,8.0,-1.0,1731070,1.0,7,,0.0,2.0,1.0,A01,138Â 201Â 459,1.0
1014127,201900055658,9,22,18:20,1,2,1,8.0,5.0,94017,FranÃ§ois MittÃ©rrand (avenue),M,"48,8156500","2,5143500",94,2019,50.0,1.0,2.0,4.0,2267895,2.0,2,4,2,0.0,,-1.0, -1,1981.0,B01,138Â 201Â 460,1.0,8.0,-1.0,1731071,1.0,7,,0.0,2.0,4.0,B01,138Â 201Â 460,1.0
1014127,201900055658,9,22,18:20,1,2,1,8.0,5.0,94017,FranÃ§ois MittÃ©rrand (avenue),M,"48,8156500","2,5143500",94,2019,50.0,1.0,2.0,4.0,2267895,2.0,2,4,2,0.0,,-1.0, -1,1981.0,B01,138Â 201Â 460,1.0,8.0,-1.0,1731072,1.0,7,,0.0,2.0,4.0,C01,138Â 201Â 461,1.0
1014127,201900055658,9,22,18:20,1,2,1,8.0,5.0,94017,FranÃ§ois MittÃ©rrand (avenue),M,"48,8156500","2,5143500",94,2019,50.0,1.0,2.0,4.0,2267895,2.0,2,4,2,0.0,,-1.0, -1,1981.0,B01,138Â 201Â 460,1.0,8.0,-1.0,1731073,1.0,7,,0.0,2.0,4.0,D01,138Â 201Â 462,1.0
1014127,201900055658,9,22,18:20,1,2,1,8.0,5.0,94017,FranÃ§ois MittÃ©rrand (avenue),M,"48,8156500","2,5143500",94,2019,50.0,1.0,2.0,4.0,2267896,1.0,1,1,1,0.0,,-1.0, -1,1990.0,C01,138Â 201Â 461,1.0,8.0,-1.0,1731070,1.0,7,,0.0,2.0,1.0,A01,138Â 201Â 459,1.0
1014127,201900055658,9,22,18:20,1,2,1,8.0,5.0,94017,FranÃ§ois MittÃ©rrand (avenue),M,"48,8156500","2,5143500",94,2019,50.0,1.0,2.0,4.0,2267896,1.0,1,1,1,0.0,,-1.0, -1,1990.0,C01,138Â 201Â 461,1.0,8.0,-1.0,1731071,1.0,7,,0.0,2.0,4.0,B01,138Â 201Â 460,1.0