Unnamed: 0_x,num_acc,mois,jour,hrmn,lum,agg,int,atm,col,com,adr,gps,lat,long,dep,annee,vma,situ,surf,catr,Unnamed: 0_y,place,catu,grav,sexe,trajet,secu,locp,actp,an_nais,num_veh_x,id_vehicule_x,secu1,secu2,secu3,Unnamed: 0,senc,catv,occutc,obs,obsm,choc,num_veh_y,id_vehicule_y,motor
1014127,201900055658,9,22,18:20,1,2,1,8.0,5.0,94017,FranÃ§ois MittÃ©rrand (avenue),M,"48,8156500","2,5143500",94,2019,50.0,1.0,2.0,4.0,2267896,1.0,1,1,1,0.0,,-1.0, -1,1990.0,C01,138Â 201Â 461,1.0,8.0,-1.0,1731072,1.0,7,,0.0,2.0,4.0,C01,138Â 201Â 461,1.0
1014127,201900055658,9,22,18:20,1,2,1,8.0,5.0,94017,FranÃ§ois MittÃ©rrand (avenue),M,"48,8156500","2,5143500",94,2019,50.0,1.0,2.0,4.0,2267896,1.0,1,1,1,0.0,,-1.0, -1,1990.0,C01,138Â 201Â 461,1.0,8.0,-1.0,1731073,1.0,7,,0.0,2.0,4.0,D01,138Â 201Â 462,1.0
1014127,201900055658,9,22,18:20,1,2,1,8.0,5.0,94017,FranÃ§ois MittÃ©rrand (avenue),M,"48,8156500","2,5143500",94,2019,50.0,1.0,2.0,4.0,2267897,1.0,1,1,2,0.0,,-1.0, -1,1995.0,D01,138Â 201Â 462,1.0,8.0,-1.0,1731070,1.0,7,,0.0,2.0,1.0,A01,138Â 201Â 459,1.0
1014127,201900055658,9,22,18:20,1,2,1,8.0,5.0,94017,FranÃ§ois MittÃ©rrand (avenue),M,"48,8156500","2,5143500",94,2019,50.0,1.0,2.0,4.0,2267897,1.0,1,1,2,0.0,,-1.0, -1,1995.0,D01,138Â 201Â 462,1.0,8.0,-1.0,1731071,1.0,7,,0.0,2.0,4.0,B01,138Â 201Â 460,1.0
1014127,201900055658,9,22,18:20,1,2,1,8.0,5.0,94017,FranÃ§ois MittÃ©rrand (avenue),M,"48,8156500","2,5143500",94,2019,50.0,1.0,2.0,4.0,2267897,1.0,1,1,2,0.0,,-1.0, -1,1995.0,D01,138Â 201Â 462,1.0,8.0,-1.0,1731072,1.0,7,,0.0,2.0,4.0,C01,138Â 201Â 461,1.0
1014127,201900055658,9,22,18:20,1,2,1,8.0,5.0,94017,FranÃ§ois MittÃ©rrand (avenue),M,"48,8156500","2,5143500",94,2019,50.0,1.0,2.0,4.0,2267897,1.0,1,1,2,0.0,,-1.0, -1,1995.0,D01,138Â 201Â 462,1.0,8.0,-1.0,1731073,1.0,7,,0.0,2.0,4.0,D01,138Â 201Â 462,1.0
1014128,201900055659,9,22,21:15,5,2,1,2.0,6.0,93078,DAMBEL (AVENUE EMILE),M,"48,9558700","2,5459900",93,2019,50.0,1.0,2.0,4.0,2267898,1.0,1,4,2,3.0,,-1.0, -1,1976.0,A01,138Â 201Â 458,1.0,0.0,-1.0,1731074,2.0,7,,1.0,0.0,2.0,A01,138Â 201Â 458,1.0
1014129,201900055660,9,22,17:00,1,2,1,2.0,6.0,93008,VAILLANT COUTURIER (AVENUE PAUL),M,"48,9075800","2,4544900",93,2019,50.0,1.0,3.0,3.0,2267899,3.0,2,1,1,9.0,,-1.0, -1,2001.0,A01,138Â 201Â 457,1.0,0.0,-1.0,1731075,1.0,7,,12.0,0.0,2.0,A01,138Â 201Â 457,0.0
1014129,201900055660,9,22,17:00,1,2,1,2.0,6.0,93008,VAILLANT COUTURIER (AVENUE PAUL),M,"48,9075800","2,4544900",93,2019,50.0,1.0,3.0,3.0,2267900,1.0,1,4,1,4.0,,-1.0, -1,1996.0,A01,138Â 201Â 457,1.0,0.0,-1.0,1731075,1.0,7,,12.0,0.0,2.0,A01,138Â 201Â 457,0.0
1014129,201900055660,9,22,17:00,1,2,1,2.0,6.0,93008,VAILLANT COUTURIER (AVENUE PAUL),M,"48,9075800","2,4544900",93,2019,50.0,1.0,3.0,3.0,2267901,2.0,2,4,2,4.0,,-1.0, -1,1993.0,A01,138Â 201Â 457,1.0,0.0,-1.0,1731075,1.0,7,,12.0,0.0,2.0,A01,138Â 201Â 457,0.0
1014129,201900055660,9,22,17:00,1,2,1,2.0,6.0,93008,VAILLANT COUTURIER (AVENUE PAUL),M,"48,9075800","2,4544900",93,2019,50.0,1.0,3.0,3.0,2267902,4.0,2,4,2,4.0,,-1.0, -1,1988.0,A01,138Â 201Â 457,1.0,0.0,-1.0,1731075,1.0,7,,12.0,0.0,2.0,A01,138Â 201Â 457,0.0
1014130,201900055661,9,22,19:45,5,2,9,1.0,6.0,93001,REPUBLIQUE (AVE DE LA ) => NO 41/50,M,"48,9131800","2,3829200",93,2019,50.0,1.0,1.0,3.0,2267903,1.0,1,1,2,0.0,,-1.0, -1,1995.0,A01,138Â 201Â 456,1.0,5.0,-1.0,1731076,3.0,99,,0.0,2.0,3.0,A01,138Â 201Â 456,1.0
1014130,201900055661,9,22,19:45,5,2,9,1.0,6.0,93001,REPUBLIQUE (AVE DE LA ) => NO 41/50,M,"48,9131800","2,3829200",93,2019,50.0,1.0,1.0,3.0,2267904,2.0,2,4,1,0.0,,-1.0, -1,2003.0,A01,138Â 201Â 456,1.0,0.0,-1.0,1731076,3.0,99,,0.0,2.0,3.0,A01,138Â 201Â 456,1.0
1014131,201900055662,9,22,10:45,1,2,1,1.0,1.0,93001,VICTOR HUGO (AVE)  => 120,M,"48,9053200","2,3742900",93,2019,50.0,1.0,1.0,3.0,2267905,1.0,1,4,1,5.0,,-1.0, -1,1981.0,A01,138Â 201Â 454,1.0,5.0,-1.0,1731077,1.0,3,,0.0,2.0,1.0,A01,138Â 201Â 454,0.0
1014131,201900055662,9,22,10:45,1,2,1,1.0,1.0,93001,VICTOR HUGO (AVE)  => 120,M,"48,9053200","2,3742900",93,2019,50.0,1.0,1.0,3.0,2267905,1.0,1,4,1,5.0,,-1.0, -1,1981.0,A01,138Â 201Â 454,1.0,5.0,-1.0,1731078,1.0,3,,0.0,2.0,1.0,B01,138Â 201Â 455,0.0
1014132,201900055663,9,22,14:00,1,2,3,3.0,3.0,92046,CoulÃ©e Verte,M,"48,8201890","2,2959610",92,2019,50.0,1.0,2.0,4.0,2267906,1.0,1,1,1,5.0,,-1.0,0,1948.0,B01,138Â 201Â 452,1.0,8.0,-1.0,1731079,3.0,7,,0.0,2.0,8.0,B01,138Â 201Â 452,1.0
1014132,201900055663,9,22,14:00,1,2,3,3.0,3.0,92046,CoulÃ©e Verte,M,"48,8201890","2,2959610",92,2019,50.0,1.0,2.0,4.0,2267906,1.0,1,1,1,5.0,,-1.0,0,1948.0,B01,138Â 201Â 452,1.0,8.0,-1.0,1731080,3.0,30,,0.0,2.0,1.0,A01,138Â 201Â 453,1.0
1014132,201900055663,9,22,14:00,1,2,3,3.0,3.0,92046,CoulÃ©e Verte,M,"48,8201890","2,2959610",92,2019,50.0,1.0,2.0,4.0,2267907,1.0,1,4,2,5.0,,-1.0,0,1995.0,A01,138Â 201Â 453,2.0,8.0,-1.0,1731079,3.0,7,,0.0,2.0,8.0,B01,138Â 201Â 452,1.0
1014132,201900055663,9,22,14:00,1,2,3,3.0,3.0,92046,CoulÃ©e Verte,M,"48,8201890","2,2959610",92,2019,50.0,1.0,2.0,4.0,2267907,1.0,1,4,2,5.0,,-1.0,0,1995.0,A01,138Â 201Â 453,2.0,8.0,-1.0,1731080,3.0,30,,0.0,2.0,1.0,A01,138Â 201Â 453,1.0
1014133,201900055664,9,22,10:25,1,2,3,1.0,1.0,92046,GABRIEL PERI,M,"48,8193000","2,2957450",92,2019,50.0,1.0,1.0,3.0,2267908,1.0,1,1,2,5.0,,-1.0,0,1977.0,B01,138Â 201Â 450,1.0,0.0,-1.0,1731081,3.0,7,,0.0,2.0,1.0,B01,138Â 201Â 450,0.0
1014133,201900055664,9,22,10:25,1,2,3,1.0,1.0,92046,GABRIEL PERI,M,"48,8193000","2,2957450",92,2019,50.0,1.0,1.0,3.0,2267908,1.0,1,1,2,5.0,,-1.0,0,1977.0,B01,138Â 201Â 450,1.0,0.0,-1.0,1731082,3.0,50,,0.0,2.0,1.0,A01,138Â 201Â 451,3.0
1014133,201900055664,9,22,10:25,1,2,3,1.0,1.0,92046,GABRIEL PERI,M,"48,8193000","2,2957450",92,2019,50.0,1.0,1.0,3.0,2267909,1.0,1,4,1,5.0,,-1.0,0,1994.0,A01,138Â 201Â 451,2.0,0.0,-1.0,1731081,3.0,7,,0.0,2.0,1.0,B01,138Â 201Â 450,0.0
1014133,201900055664,9,22,10:25,1,2,3,1.0,1.0,92046,GABRIEL PERI,M,"48,8193000","2,2957450",92,2019,50.0,1.0,1.0,3.0,2267909,1.0,1,4,1,5.0,,-1.0,0,1994.0,A01,138Â 201Â 451,2.0,0.0,-1.0,1731082,3.0,50,,0.0,2.0,1.0,A01,138Â 201Â 451,3.0
1014134,201900055665,9,22,14:55,1,2,2,2.0,7.0,92012,SILLY (RUE DE) 1/87 - 2/88,M,"48,8414000","2,2313000",92,2019,50.0,1.0,2.0,7.0,2267910,10.0,3,4,2,0.0,,3.0,3,1993.0,A01,138Â 201Â 449,8.0,0.0,-1.0,1731083,1.0,7,,0.0,0.0,0.0,A01,138Â 201Â 449,0.0
1014134,201900055665,9,22,14:55,1,2,2,2.0,7.0,92012,SILLY (RUE DE) 1/87 - 2/88,M,"48,8414000","2,2313000",92,2019,50.0,1.0,2.0,7.0,2267911,1.0,1,1,2,0.0,,-1.0,0,1944.0,A01,138Â 201Â 449,1.0,0.0,-1.0,1731083,1.0,7,,0.0,0.0,0.0,A01,138Â 201Â 449,0.0
1014135,201900055666,10,4,21:25,5,2,2,1.0,3.0,92012,REINE (ROUTE DE LA) 1/37- 6/80,M,"48,8402610","2,2338831",92,2019,50.0,1.0,1.0,3.0,2267912,1.0,1,4,1,0.0,,-1.0,0,1944.0,A01,138Â 201Â 448,2.0,0.0,-1.0,1731084,1.0,30,,0.0,2.0,0.0,B01,138Â 201Â 447,1.0
1014135,201900055666,10,4,21:25,5,2,2,1.0,3.0,92012,REINE (ROUTE DE LA) 1/37- 6/80,M,"48,8402610","2,2338831",92,2019,50.0,1.0,1.0,3.0,2267912,1.0,1,4,1,0.0,,-1.0,0,1944.0,A01,138Â 201Â 448,2.0,0.0,-1.0,1731085,2.0,34,,0.0,2.0,8.0,A01,138Â 201Â 448,1.0
1014136,201900055667,9,21,03:30,5,2,1,1.0,6.0,92014,PASTEUR (RUE),M,"48,7734000","2,3138000",92,2019,50.0,1.0,1.0,4.0,2267913,1.0,1,4,1,5.0,,-1.0,0,1996.0,A01,138Â 201Â 446,1.0,8.0,-1.0,1731086,2.0,7,,1.0,0.0,2.0,A01,138Â 201Â 446,1.0
1014137,201900055668,9,19,18:00,1,1,1,1.0,7.0,54563,RD 5D PK 0+900,M,"48,4788460","6,0826640",54,2019,80.0,3.0,1.0,3.0,2267914,1.0,1,3,1,5.0,,0.0,0,1973.0,A01,138Â 201Â 445,2.0,-1.0,-1.0,1731087,1.0,33,,0.0,0.0,1.0,A01,138Â 201Â 445,1.0
1014138,201900055669,9,22,19:27,3,1,1,3.0,3.0,01052,D2,M,"46,0383350","4,9941470",1,2019,-1.0,1.0,2.0,3.0,2267915,1.0,1,1,1,5.0,,0.0,0,1974.0,A01,138Â 201Â 443,1.0,-1.0,-1.0,1731088,2.0,7,,0.0,2.0,3.0,A01,138Â 201Â 443,1.0
1014138,201900055669,9,22,19:27,3,1,1,3.0,3.0,01052,D2,M,"46,0383350","4,9941470",1,2019,-1.0,1.0,2.0,3.0,2267915,1.0,1,1,1,5.0,,0.0,0,1974.0,A01,138Â 201Â 443,1.0,-1.0,-1.0,1731089,1.0,7,,0.0,2.0,8.0,B01,138Â 201Â 444,1.0
1014138,201900055669,9,22,19:27,3,1,1,3.0,3.0,01052,D2,M,"46,0383350","4,9941470",1,2019,-1.0,1.0,2.0,3.0,2267916,9.0,2,4,2,5.0,,0.0,0,1954.0,B01,138Â 201Â 444,1.0,-1.0,-1.0,1731088,2.0,7,,0.0,2.0,3.0,A01,138Â 201Â 443,1.0
1014138,201900055669,9,22,19:27,3,1,1,3.0,3.0,01052,D2,M,"46,0383350","4,9941470",1,2019,-1.0,1.0,2.0,3.0,2267916,9.0,2,4,2,5.0,,0.0,0,1954.0,B01,138Â 201Â 444,1.0,-1.0,-1.0,1731089,1.0,7,,0.0,2.0,8.0,B01,138Â 201Â 444,1.0
1014138,201900055669,9,22,19:27,3,1,1,3.0,3.0,01052,D2,M,"46,0383350","4,9941470",1,2019,-1.0,1.0,2.0,3.0,2267917,2.0,2,4,2,5.0,,0.0,0,1959.0,B01,138Â 201Â 444,1.0,-1.0,-1.0,1731088,2.0,7,,0.0,2.0,3.0,A01,138Â 201Â 443,1.0
1014138,201900055669,9,22,19:27,3,1,1,3.0,3.0,01052,D2,M,"46,0383350","4,9941470",1,2019,-1.0,1.0,2.0,3.0,2267917,2.0,2,4,2,5.0,,0.0,0,1959.0,B01,138Â 201Â 444,1.0,-1.0,-1.0,1731089,1.0,7,,0.0,2.0,8.0,B01,138Â 201Â 444,1.0
1014138,201900055669,9,22,19:27,3,1,1,3.0,3.0,01052,D2,M,"46,0383350","4,9941470",1,2019,-1.0,1.0,2.0,3.0,2267918,1.0,1,4,1,5.0,,0.0,0,1961.0,B01,138Â 201Â 444,1.0,-1.0,-1.0,1731088,2.0,7,,0.0,2.0,3.0,A01,138Â 201Â 443,1.0
1014138,201900055669,9,22,19:27,3,1,1,3.0,3.0,01052,D2,M,"46,0383350","4,9941470",1,2019,-1.0,1.0,2.0,3.0,2267918,1.0,1,4,1,5.0,,0.0,0,1961.0,B01,138Â 201Â 444,1.0,-1.0,-1.0,1731089,1.0,7,,0.0,2.0,8.0,B01,138Â 201Â 444,1.0
1014139,201900055670,9,23,14:15,1,2,1,1.0,1.0,68315,35 rue du fossÃ©,M,"47,8854170","7,2275460",68,2019,30.0,1.0,1.0,4.0,2267919,1.0,1,1,1,5.0,,0.0,0,1973.0,A01,138Â 201Â 441,1.0,-1.0,-1.0,1731090,1.0,7,,0.0,1.0,1.0,A01,138Â 201Â 441,1.0
1014139,201900055670,9,23,14:15,1,2,1,1.0,1.0,68315,35 rue du fossÃ©,M,"47,8854170","7,2275460",68,2019,30.0,1.0,1.0,4.0,2267919,1.0,1,1,1,5.0,,0.0,0,1973.0,A01,138Â 201Â 441,1.0,-1.0,-1.0,1731091,2.0,1,,0.0,2.0,1.0,B01,138Â 201Â 442,5.0
1014139,201900055670,9,23,14:15,1,2,1,1.0,1.0,68315,35 rue du fossÃ©,M,"47,8854170","7,2275460",68,2019,30.0,1.0,1.0,4.0,2267920,1.0,1,4,1,5.0,,0.0,0,2004.0,B01,138Â 201Â 442,0.0,-1.0,-1.0,1731090,1.0,7,,0.0,1.0,1.0,A01,138Â 201Â 441,1.0
1014139,201900055670,9,23,14:15,1,2,1,1.0,1.0,68315,35 rue du fossÃ©,M,"47,8854170","7,2275460",68,2019,30.0,1.0,1.0,4.0,2267920,1.0,1,4,1,5.0,,0.0,0,2004.0,B01,138Â 201Â 442,0.0,-1.0,-1.0,1731091,2.0,1,,0.0,2.0,1.0,B01,138Â 201Â 442,5.0
1014140,201900055671,9,19,10:45,1,2,1,1.0,6.0,95445,RN 184,M,"49,0992190","2,2655820",95,2019,70.0,3.0,1.0,2.0,2267921,1.0,1,4,1,5.0,,0.0,0,1978.0,A01,138Â 201Â 439,2.0,-1.0,-1.0,1731092,1.0,33,,3.0,0.0,2.0,A01,138Â 201Â 439,1.0
1014140,201900055671,9,19,10:45,1,2,1,1.0,6.0,95445,RN 184,M,"49,0992190","2,2655820",95,2019,70.0,3.0,1.0,2.0,2267921,1.0,1,4,1,5.0,,0.0,0,1978.0,A01,138Â 201Â 439,2.0,-1.0,-1.0,1731093,1.0,7,,0.0,0.0,0.0,B01,138Â 201Â 440,1.0
1014141,201900055672,9,22,20:10,5,1,9,1.0,6.0,95487,RD301,M,"49,1525620","2,2707920",95,2019,80.0,1.0,1.0,3.0,2267922,1.0,1,2,1,5.0,,0.0,0,1972.0,A01,138Â 201Â 438,2.0,6.0,-1.0,1731094,0.0,33,,14.0,0.0,1.0,A01,138Â 201Â 438,1.0
1014142,201900055673,9,23,09:00,1,1,1,1.0,1.0,33138,Les Mougneaux,M,"45,0589500"," -0,1042000",33,2019,70.0,1.0,1.0,3.0,2267923,1.0,1,1,1,4.0,,0.0,0,1976.0,B01,138Â 201Â 436,1.0,-1.0,-1.0,1731095,1.0,21,,0.0,2.0,1.0,B01,138Â 201Â 436,1.0
1014142,201900055673,9,23,09:00,1,1,1,1.0,1.0,33138,Les Mougneaux,M,"45,0589500"," -0,1042000",33,2019,70.0,1.0,1.0,3.0,2267923,1.0,1,1,1,4.0,,0.0,0,1976.0,B01,138Â 201Â 436,1.0,-1.0,-1.0,1731096,2.0,7,,0.0,2.0,3.0,A01,138Â 201Â 437,1.0
1014142,201900055673,9,23,09:00,1,1,1,1.0,1.0,33138,Les Mougneaux,M,"45,0589500"," -0,1042000",33,2019,70.0,1.0,1.0,3.0,2267924,1.0,1,3,1,3.0,,0.0,0,1948.0,A01,138Â 201Â 437,1.0,-1.0,-1.0,1731095,1.0,21,,0.0,2.0,1.0,B01,138Â 201Â 436,1.0
1014142,201900055673,9,23,09:00,1,1,1,1.0,1.0,33138,Les Mougneaux,M,"45,0589500"," -0,1042000",33,2019,70.0,1.0,1.0,3.0,2267924,1.0,1,3,1,3.0,,0.0,0,1948.0,A01,138Â 201Â 437,1.0,-1.0,-1.0,1731096,2.0,7,,0.0,2.0,3.0,A01,138Â 201Â 437,1.0
1014143,201900055674,9,23,06:40,2,2,2,1.0,6.0,13078,avenue du port,M,"43,3939250","4,7978830",13,2019,50.0,1.0,2.0,4.0,2267925,1.0,1,1,1,0.0,,0.0,0,1959.0,A01,138Â 201Â 435,1.0,-1.0,-1.0,1731097,3.0,7,,0.0,1.0,3.0,A01,138Â 201Â 435,1.0
1014143,201900055674,9,23,06:40,2,2,2,1.0,6.0,13078,avenue du port,M,"43,3939250","4,7978830",13,2019,50.0,1.0,2.0,4.0,2267926,10.0,3,3,2,2.0,,2.0,3,2004.0,A01,138Â 201Â 435,0.0,-1.0,-1.0,1731097,3.0,7,,0.0,1.0,3.0,A01,138Â 201Â 435,1.0
1014144,201900055675,9,15,14:20,1,1,1,1.0,1.0,97232,chemin cadette,M,"14,5725300"," -60,8621140",972,2019,90.0,1.0,1.0,2.0,2267927,1.0,1,3,1,5.0,,0.0,0,1945.0,A01,138Â 201Â 433,0.0,-1.0,-1.0,1731098,2.0,7,,0.0,2.0,3.0,A01,138Â 201Â 433,1.0
1014144,201900055675,9,15,14:20,1,1,1,1.0,1.0,97232,chemin cadette,M,"14,5725300"," -60,8621140",972,2019,90.0,1.0,1.0,2.0,2267927,1.0,1,3,1,5.0,,0.0,0,1945.0,A01,138Â 201Â 433,0.0,-1.0,-1.0,1731099,1.0,7,,0.0,2.0,3.0,B01,138Â 201Â 434,1.0
1014144,201900055675,9,15,14:20,1,1,1,1.0,1.0,97232,chemin cadette,M,"14,5725300"," -60,8621140",972,2019,90.0,1.0,1.0,2.0,2267928,8.0,2,1,1,5.0,,0.0,0,2011.0,B01,138Â 201Â 434,1.0,-1.0,-1.0,1731098,2.0,7,,0.0,2.0,3.0,A01,138Â 201Â 433,1.0
1014144,201900055675,9,15,14:20,1,1,1,1.0,1.0,97232,chemin cadette,M,"14,5725300"," -60,8621140",972,2019,90.0,1.0,1.0,2.0,2267928,8.0,2,1,1,5.0,,0.0,0,2011.0,B01,138Â 201Â 434,1.0,-1.0,-1.0,1731099,1.0,7,,0.0,2.0,3.0,B01,138Â 201Â 434,1.0
1014144,201900055675,9,15,14:20,1,1,1,1.0,1.0,97232,chemin cadette,M,"14,5725300"," -60,8621140",972,2019,90.0,1.0,1.0,2.0,2267929,9.0,2,1,1,5.0,,0.0,0,2009.0,B01,138Â 201Â 434,1.0,-1.0,-1.0,1731098,2.0,7,,0.0,2.0,3.0,A01,138Â 201Â 433,1.0
1014144,201900055675,9,15,14:20,1,1,1,1.0,1.0,97232,chemin cadette,M,"14,5725300"," -60,8621140",972,2019,90.0,1.0,1.0,2.0,2267929,9.0,2,1,1,5.0,,0.0,0,2009.0,B01,138Â 201Â 434,1.0,-1.0,-1.0,1731099,1.0,7,,0.0,2.0,3.0,B01,138Â 201Â 434,1.0
1014144,201900055675,9,15,14:20,1,1,1,1.0,1.0,97232,chemin cadette,M,"14,5725300"," -60,8621140",972,2019,90.0,1.0,1.0,2.0,2267930,7.0,2,1,1,5.0,,0.0,0,2015.0,B01,138Â 201Â 434,1.0,-1.0,-1.0,1731098,2.0,7,,0.0,2.0,3.0,A01,138Â 201Â 433,1.0
1014144,201900055675,9,15,14:20,1,1,1,1.0,1.0,97232,chemin cadette,M,"14,5725300"," -60,8621140",972,2019,90.0,1.0,1.0,2.0,2267930,7.0,2,1,1,5.0,,0.0,0,2015.0,B01,138Â 201Â 434,1.0,-1.0,-1.0,1731099,1.0,7,,0.0,2.0,3.0,B01,138Â 201Â 434,1.0
1014144,201900055675,9,15,14:20,1,1,1,1.0,1.0,97232,chemin cadette,M,"14,5725300"," -60,8621140",972,2019,90.0,1.0,1.0,2.0,2267931,1.0,1,1,1,5.0,,0.0,0,1986.0,B01,138Â 201Â 434,1.0,-1.0,-1.0,1731098,2.0,7,,0.0,2.0,3.0,A01,138Â 201Â 433,1.0
1014144,201900055675,9,15,14:20,1,1,1,1.0,1.0,97232,chemin cadette,M,"14,5725300"," -60,8621140",972,2019,90.0,1.0,1.0,2.0,2267931,1.0,1,1,1,5.0,,0.0,0,1986.0,B01,138Â 201Â 434,1.0,-1.0,-1.0,1731099,1.0,7,,0.0,2.0,3.0,B01,138Â 201Â 434,1.0
1014145,201900055676,9,21,20:40,2,1,1,1.0,1.0,27478,ROUTE DE SAINT ANDRE CD52 PR17+500,M,"48,9488060","1,2245940",27,2019,80.0,1.0,1.0,3.0,2267932,1.0,1,4,1,5.0,,0.0,0,1974.0,B01,138Â 201Â 431,1.0,-1.0,-1.0,1731100,2.0,7,,0.0,2.0,1.0,B01,138Â 201Â 431,1.0
1014145,201900055676,9,21,20:40,2,1,1,1.0,1.0,27478,ROUTE DE SAINT ANDRE CD52 PR17+500,M,"48,9488060","1,2245940",27,2019,80.0,1.0,1.0,3.0,2267932,1.0,1,4,1,5.0,,0.0,0,1974.0,B01,138Â 201Â 431,1.0,-1.0,-1.0,1731101,1.0,7,,0.0,2.0,7.0,A01,138Â 201Â 432,1.0
1014145,201900055676,9,21,20:40,2,1,1,1.0,1.0,27478,ROUTE DE SAINT ANDRE CD52 PR17+500,M,"48,9488060","1,2245940",27,2019,80.0,1.0,1.0,3.0,2267933,2.0,2,3,1,5.0,,0.0,0,2003.0,A01,138Â 201Â 432,1.0,-1.0,-1.0,1731100,2.0,7,,0.0,2.0,1.0,B01,138Â 201Â 431,1.0
1014145,201900055676,9,21,20:40,2,1,1,1.0,1.0,27478,ROUTE DE SAINT ANDRE CD52 PR17+500,M,"48,9488060","1,2245940",27,2019,80.0,1.0,1.0,3.0,2267933,2.0,2,3,1,5.0,,0.0,0,2003.0,A01,138Â 201Â 432,1.0,-1.0,-1.0,1731101,1.0,7,,0.0,2.0,7.0,A01,138Â 201Â 432,1.0
1014145,201900055676,9,21,20:40,2,1,1,1.0,1.0,27478,ROUTE DE SAINT ANDRE CD52 PR17+500,M,"48,9488060","1,2245940",27,2019,80.0,1.0,1.0,3.0,2267934,1.0,1,1,1,5.0,,0.0,0,2000.0,A01,138Â 201Â 432,1.0,-1.0,-1.0,1731100,2.0,7,,0.0,2.0,1.0,B01,138Â 201Â 431,1.0
1014145,201900055676,9,21,20:40,2,1,1,1.0,1.0,27478,ROUTE DE SAINT ANDRE CD52 PR17+500,M,"48,9488060","1,2245940",27,2019,80.0,1.0,1.0,3.0,2267934,1.0,1,1,1,5.0,,0.0,0,2000.0,A01,138Â 201Â 432,1.0,-1.0,-1.0,1731101,1.0,7,,0.0,2.0,7.0,A01,138Â 201Â 432,1.0
1014146,201900055677,9,21,12:05,1,2,6,1.0,2.0,35176,Place Bonabry (Messac),M,"47,8241700"," -1,8100030",35,2019,50.0,1.0,1.0,9.0,2267935,1.0,1,1,2,5.0,,0.0,0,1939.0,A01,138Â 201Â 429,1.0,-1.0,-1.0,1731102,3.0,7,,0.0,2.0,3.0,A01,138Â 201Â 429,1.0
1014146,201900055677,9,21,12:05,1,2,6,1.0,2.0,35176,Place Bonabry (Messac),M,"47,8241700"," -1,8100030",35,2019,50.0,1.0,1.0,9.0,2267935,1.0,1,1,2,5.0,,0.0,0,1939.0,A01,138Â 201Â 429,1.0,-1.0,-1.0,1731103,3.0,33,,0.0,2.0,4.0,B01,138Â 201Â 430,1.0
1014146,201900055677,9,21,12:05,1,2,6,1.0,2.0,35176,Place Bonabry (Messac),M,"47,8241700"," -1,8100030",35,2019,50.0,1.0,1.0,9.0,2267936,1.0,1,4,1,5.0,,0.0,0,1971.0,B01,138Â 201Â 430,2.0,6.0,-1.0,1731102,3.0,7,,0.0,2.0,3.0,A01,138Â 201Â 429,1.0
1014146,201900055677,9,21,12:05,1,2,6,1.0,2.0,35176,Place Bonabry (Messac),M,"47,8241700"," -1,8100030",35,2019,50.0,1.0,1.0,9.0,2267936,1.0,1,4,1,5.0,,0.0,0,1971.0,B01,138Â 201Â 430,2.0,6.0,-1.0,1731103,3.0,33,,0.0,2.0,4.0,B01,138Â 201Â 430,1.0
1014147,201900055678,9,23,12:20,1,1,1,2.0,7.0,22193,Le Rocher,M,"48,3879280"," -2,4506650",22,2019,80.0,1.0,2.0,3.0,2267937,1.0,1,3,2,4.0,,0.0,0,1967.0,A01,138Â 201Â 428,1.0,-1.0,-1.0,1731104,1.0,10,,2.0,0.0,1.0,A01,138Â 201Â 428,1.0
1014148,201900055679,7,12,16:00,1,1,1,1.0,3.0,76058,Route de Mesnil Reaume,M,"49,9793740","1,4212310",76,2019,80.0,1.0,1.0,3.0,2267938,1.0,1,4,2,5.0,,0.0,0,1977.0,A01,138Â 201Â 426,2.0,9.0,-1.0,1731105,0.0,33,,0.0,2.0,8.0,A01,138Â 201Â 426,1.0
1014148,201900055679,7,12,16:00,1,1,1,1.0,3.0,76058,Route de Mesnil Reaume,M,"49,9793740","1,4212310",76,2019,80.0,1.0,1.0,3.0,2267938,1.0,1,4,2,5.0,,0.0,0,1977.0,A01,138Â 201Â 426,2.0,9.0,-1.0,1731106,0.0,7,,0.0,2.0,8.0,B01,138Â 201Â 427,1.0
1014148,201900055679,7,12,16:00,1,1,1,1.0,3.0,76058,Route de Mesnil Reaume,M,"49,9793740","1,4212310",76,2019,80.0,1.0,1.0,3.0,2267939,1.0,1,1,2,5.0,,0.0,0,1970.0,B01,138Â 201Â 427,1.0,-1.0,-1.0,1731105,0.0,33,,0.0,2.0,8.0,A01,138Â 201Â 426,1.0
1014148,201900055679,7,12,16:00,1,1,1,1.0,3.0,76058,Route de Mesnil Reaume,M,"49,9793740","1,4212310",76,2019,80.0,1.0,1.0,3.0,2267939,1.0,1,1,2,5.0,,0.0,0,1970.0,B01,138Â 201Â 427,1.0,-1.0,-1.0,1731106,0.0,7,,0.0,2.0,8.0,B01,138Â 201Â 427,1.0
1014149,201900055680,7,14,11:30,1,1,1,1.0,1.0,61362,Le Champ Guide,M,"48,7024480"," -0,5289370",61,2019,80.0,1.0,1.0,3.0,2267940,1.0,1,3,1,0.0,,0.0,0,1984.0,A01,138Â 201Â 424,1.0,5.0,-1.0,1731107,2.0,7,,0.0,2.0,3.0,A01,138Â 201Â 424,1.0
1014149,201900055680,7,14,11:30,1,1,1,1.0,1.0,61362,Le Champ Guide,M,"48,7024480"," -0,5289370",61,2019,80.0,1.0,1.0,3.0,2267940,1.0,1,3,1,0.0,,0.0,0,1984.0,A01,138Â 201Â 424,1.0,5.0,-1.0,1731108,1.0,7,,0.0,2.0,3.0,B01,138Â 201Â 425,1.0