Unnamed: 0_x,num_acc,mois,jour,hrmn,lum,agg,int,atm,col,com,adr,gps,lat,long,dep,annee,vma,situ,surf,catr,Unnamed: 0_y,place,catu,grav,sexe,trajet,secu,locp,actp,an_nais,num_veh_x,id_vehicule_x,secu1,secu2,secu3,Unnamed: 0,senc,catv,occutc,obs,obsm,choc,num_veh_y,id_vehicule_y,motor
1014149,201900055680,7,14,11:30,1,1,1,1.0,1.0,61362,Le Champ Guide,M,"48,7024480"," -0,5289370",61,2019,80.0,1.0,1.0,3.0,2267941,1.0,1,3,1,0.0,,0.0,0,1967.0,B01,138Â 201Â 425,1.0,5.0,-1.0,1731107,2.0,7,,0.0,2.0,3.0,A01,138Â 201Â 424,1.0
1014149,201900055680,7,14,11:30,1,1,1,1.0,1.0,61362,Le Champ Guide,M,"48,7024480"," -0,5289370",61,2019,80.0,1.0,1.0,3.0,2267941,1.0,1,3,1,0.0,,0.0,0,1967.0,B01,138Â 201Â 425,1.0,5.0,-1.0,1731108,1.0,7,,0.0,2.0,3.0,B01,138Â 201Â 425,1.0
1014150,201900055681,7,12,05:50,1,1,1,1.0,1.0,42092,route dÃ©partemental 1498,M,"45,4820550","4,3537510",42,2019,70.0,1.0,1.0,3.0,2267942,1.0,1,4,1,1.0,,0.0,0,1994.0,A01,138Â 201Â 422,1.0,-1.0,-1.0,1731109,1.0,7,,0.0,2.0,2.0,A01,138Â 201Â 422,1.0
1014150,201900055681,7,12,05:50,1,1,1,1.0,1.0,42092,route dÃ©partemental 1498,M,"45,4820550","4,3537510",42,2019,70.0,1.0,1.0,3.0,2267942,1.0,1,4,1,1.0,,0.0,0,1994.0,A01,138Â 201Â 422,1.0,-1.0,-1.0,1731110,2.0,7,,0.0,2.0,1.0,B01,138Â 201Â 423,1.0
1014150,201900055681,7,12,05:50,1,1,1,1.0,1.0,42092,route dÃ©partemental 1498,M,"45,4820550","4,3537510",42,2019,70.0,1.0,1.0,3.0,2267943,1.0,1,4,1,5.0,,0.0,0,1992.0,B01,138Â 201Â 423,1.0,-1.0,-1.0,1731109,1.0,7,,0.0,2.0,2.0,A01,138Â 201Â 422,1.0
1014150,201900055681,7,12,05:50,1,1,1,1.0,1.0,42092,route dÃ©partemental 1498,M,"45,4820550","4,3537510",42,2019,70.0,1.0,1.0,3.0,2267943,1.0,1,4,1,5.0,,0.0,0,1992.0,B01,138Â 201Â 423,1.0,-1.0,-1.0,1731110,2.0,7,,0.0,2.0,1.0,B01,138Â 201Â 423,1.0
1014151,201900055682,7,13,21:30,1,2,1,1.0,6.0,46029,8 Avenue de la RÃ©publique,M,"44,9313090","1,8482640",46,2019,50.0,3.0,1.0,3.0,2267944,2.0,2,3,1,5.0,,0.0,0,1991.0,A01,138Â 201Â 421,8.0,-1.0,-1.0,1731111,2.0,7,,6.0,0.0,3.0,A01,138Â 201Â 421,1.0
1014151,201900055682,7,13,21:30,1,2,1,1.0,6.0,46029,8 Avenue de la RÃ©publique,M,"44,9313090","1,8482640",46,2019,50.0,3.0,1.0,3.0,2267945,1.0,1,3,1,5.0,,0.0,0,1999.0,A01,138Â 201Â 421,0.0,-1.0,-1.0,1731111,2.0,7,,6.0,0.0,3.0,A01,138Â 201Â 421,1.0
1014152,201900055683,7,9,18:00,1,2,1,1.0,1.0,86263,"les eulets, 86240 smarves",M,"46,5048710","0,3474330",86,2019,30.0,1.0,1.0,4.0,2267946,1.0,1,3,2,5.0,,0.0,0,1956.0,A01,138Â 201Â 419,1.0,-1.0,-1.0,1731112,3.0,7,,0.0,2.0,3.0,A01,138Â 201Â 419,1.0
1014152,201900055683,7,9,18:00,1,2,1,1.0,1.0,86263,"les eulets, 86240 smarves",M,"46,5048710","0,3474330",86,2019,30.0,1.0,1.0,4.0,2267946,1.0,1,3,2,5.0,,0.0,0,1956.0,A01,138Â 201Â 419,1.0,-1.0,-1.0,1731113,3.0,7,,0.0,2.0,3.0,B01,138Â 201Â 420,1.0
1014152,201900055683,7,9,18:00,1,2,1,1.0,1.0,86263,"les eulets, 86240 smarves",M,"46,5048710","0,3474330",86,2019,30.0,1.0,1.0,4.0,2267947,1.0,1,4,2,5.0,,0.0,0,1976.0,B01,138Â 201Â 420,1.0,-1.0,-1.0,1731112,3.0,7,,0.0,2.0,3.0,A01,138Â 201Â 419,1.0
1014152,201900055683,7,9,18:00,1,2,1,1.0,1.0,86263,"les eulets, 86240 smarves",M,"46,5048710","0,3474330",86,2019,30.0,1.0,1.0,4.0,2267947,1.0,1,4,2,5.0,,0.0,0,1976.0,B01,138Â 201Â 420,1.0,-1.0,-1.0,1731113,3.0,7,,0.0,2.0,3.0,B01,138Â 201Â 420,1.0
1014152,201900055683,7,9,18:00,1,2,1,1.0,1.0,86263,"les eulets, 86240 smarves",M,"46,5048710","0,3474330",86,2019,30.0,1.0,1.0,4.0,2267948,3.0,2,1,2,5.0,,0.0,0,2010.0,B01,138Â 201Â 420,1.0,-1.0,-1.0,1731112,3.0,7,,0.0,2.0,3.0,A01,138Â 201Â 419,1.0
1014152,201900055683,7,9,18:00,1,2,1,1.0,1.0,86263,"les eulets, 86240 smarves",M,"46,5048710","0,3474330",86,2019,30.0,1.0,1.0,4.0,2267948,3.0,2,1,2,5.0,,0.0,0,2010.0,B01,138Â 201Â 420,1.0,-1.0,-1.0,1731113,3.0,7,,0.0,2.0,3.0,B01,138Â 201Â 420,1.0
1014153,201900055684,7,10,18:25,2,1,2,7.0,3.0,86209,Croisement D95 (pk 29+200) et D95A (PK 0),M,"46,4707660","0,3967100",86,2019,80.0,1.0,1.0,3.0,2267949,1.0,1,1,2,1.0,,0.0,0,1978.0,A01,138Â 201Â 417,1.0,-1.0,-1.0,1731114,1.0,7,,0.0,9.0,2.0,A01,138Â 201Â 417,1.0
1014153,201900055684,7,10,18:25,2,1,2,7.0,3.0,86209,Croisement D95 (pk 29+200) et D95A (PK 0),M,"46,4707660","0,3967100",86,2019,80.0,1.0,1.0,3.0,2267949,1.0,1,1,2,1.0,,0.0,0,1978.0,A01,138Â 201Â 417,1.0,-1.0,-1.0,1731115,1.0,1,,0.0,2.0,1.0,B01,138Â 201Â 418,5.0
1014153,201900055684,7,10,18:25,2,1,2,7.0,3.0,86209,Croisement D95 (pk 29+200) et D95A (PK 0),M,"46,4707660","0,3967100",86,2019,80.0,1.0,1.0,3.0,2267950,1.0,1,4,2,5.0,,0.0,0,1960.0,B01,138Â 201Â 418,6.0,2.0,-1.0,1731114,1.0,7,,0.0,9.0,2.0,A01,138Â 201Â 417,1.0
1014153,201900055684,7,10,18:25,2,1,2,7.0,3.0,86209,Croisement D95 (pk 29+200) et D95A (PK 0),M,"46,4707660","0,3967100",86,2019,80.0,1.0,1.0,3.0,2267950,1.0,1,4,2,5.0,,0.0,0,1960.0,B01,138Â 201Â 418,6.0,2.0,-1.0,1731115,1.0,1,,0.0,2.0,1.0,B01,138Â 201Â 418,5.0
1014154,201900055685,7,13,03:15,3,1,1,1.0,6.0,34051,D2,M,"43,6020660","3,4817740",34,2019,80.0,3.0,1.0,3.0,2267951,1.0,1,3,1,5.0,,0.0,0,1995.0,A01,138Â 201Â 416,0.0,-1.0,-1.0,1731116,0.0,7,,2.0,0.0,3.0,A01,138Â 201Â 416,1.0
1014155,201900055686,7,12,17:50,1,2,3,1.0,1.0,68115,rue de soppe,M,"47,7490960","7,0925410",68,2019,50.0,1.0,1.0,3.0,2267952,1.0,1,4,1,5.0,,0.0,0,1946.0,B01,138Â 201Â 414,2.0,-1.0,-1.0,1731117,2.0,1,,0.0,2.0,1.0,B01,138Â 201Â 414,5.0
1014155,201900055686,7,12,17:50,1,2,3,1.0,1.0,68115,rue de soppe,M,"47,7490960","7,0925410",68,2019,50.0,1.0,1.0,3.0,2267952,1.0,1,4,1,5.0,,0.0,0,1946.0,B01,138Â 201Â 414,2.0,-1.0,-1.0,1731118,1.0,7,,0.0,0.0,3.0,A01,138Â 201Â 415,0.0
1014155,201900055686,7,12,17:50,1,2,3,1.0,1.0,68115,rue de soppe,M,"47,7490960","7,0925410",68,2019,50.0,1.0,1.0,3.0,2267953,1.0,1,1,1,1.0,,0.0,0,1999.0,A01,138Â 201Â 415,1.0,-1.0,-1.0,1731117,2.0,1,,0.0,2.0,1.0,B01,138Â 201Â 414,5.0
1014155,201900055686,7,12,17:50,1,2,3,1.0,1.0,68115,rue de soppe,M,"47,7490960","7,0925410",68,2019,50.0,1.0,1.0,3.0,2267953,1.0,1,1,1,1.0,,0.0,0,1999.0,A01,138Â 201Â 415,1.0,-1.0,-1.0,1731118,1.0,7,,0.0,0.0,3.0,A01,138Â 201Â 415,0.0
1014156,201900055687,7,11,11:55,1,1,1,1.0,1.0,22204,kervulguen,M,"48,7186100"," -3,1566460",22,2019,80.0,1.0,1.0,4.0,2267954,1.0,1,4,2,1.0,,0.0,0,1992.0,A01,138Â 201Â 412,1.0,-1.0,-1.0,1731119,3.0,7,,0.0,2.0,3.0,A01,138Â 201Â 412,1.0
1014156,201900055687,7,11,11:55,1,1,1,1.0,1.0,22204,kervulguen,M,"48,7186100"," -3,1566460",22,2019,80.0,1.0,1.0,4.0,2267954,1.0,1,4,2,1.0,,0.0,0,1992.0,A01,138Â 201Â 412,1.0,-1.0,-1.0,1731120,3.0,10,,0.0,2.0,3.0,B01,138Â 201Â 413,1.0
1014156,201900055687,7,11,11:55,1,1,1,1.0,1.0,22204,kervulguen,M,"48,7186100"," -3,1566460",22,2019,80.0,1.0,1.0,4.0,2267955,1.0,1,1,1,1.0,,0.0,0,1995.0,B01,138Â 201Â 413,1.0,-1.0,-1.0,1731119,3.0,7,,0.0,2.0,3.0,A01,138Â 201Â 412,1.0
1014156,201900055687,7,11,11:55,1,1,1,1.0,1.0,22204,kervulguen,M,"48,7186100"," -3,1566460",22,2019,80.0,1.0,1.0,4.0,2267955,1.0,1,1,1,1.0,,0.0,0,1995.0,B01,138Â 201Â 413,1.0,-1.0,-1.0,1731120,3.0,10,,0.0,2.0,3.0,B01,138Â 201Â 413,1.0
1014157,201900055688,7,14,08:00,3,1,1,1.0,7.0,39222,,M,"46,7478810","5,7319260",39,2019,80.0,3.0,1.0,3.0,2267956,1.0,1,2,1,5.0,,0.0,0,1954.0,A01,138Â 201Â 411,0.0,-1.0,-1.0,1731121,1.0,7,,0.0,0.0,8.0,A01,138Â 201Â 411,1.0
1014158,201900055689,7,14,09:40,1,1,1,1.0,3.0,25222,Rue de l'Epine,M,"47,1553210","6,2765350",25,2019,80.0,1.0,1.0,3.0,2267957,1.0,1,3,1,5.0,,0.0,0,1991.0,A01,138Â 201Â 408,1.0,-1.0,-1.0,1731122,2.0,7,,0.0,2.0,3.0,A01,138Â 201Â 408,1.0
1014158,201900055689,7,14,09:40,1,1,1,1.0,3.0,25222,Rue de l'Epine,M,"47,1553210","6,2765350",25,2019,80.0,1.0,1.0,3.0,2267957,1.0,1,3,1,5.0,,0.0,0,1991.0,A01,138Â 201Â 408,1.0,-1.0,-1.0,1731123,1.0,7,,0.0,2.0,1.0,B01,138Â 201Â 409,1.0
1014158,201900055689,7,14,09:40,1,1,1,1.0,3.0,25222,Rue de l'Epine,M,"47,1553210","6,2765350",25,2019,80.0,1.0,1.0,3.0,2267958,2.0,2,4,2,5.0,,0.0,0,1937.0,B01,138Â 201Â 409,1.0,-1.0,-1.0,1731122,2.0,7,,0.0,2.0,3.0,A01,138Â 201Â 408,1.0
1014158,201900055689,7,14,09:40,1,1,1,1.0,3.0,25222,Rue de l'Epine,M,"47,1553210","6,2765350",25,2019,80.0,1.0,1.0,3.0,2267958,2.0,2,4,2,5.0,,0.0,0,1937.0,B01,138Â 201Â 409,1.0,-1.0,-1.0,1731123,1.0,7,,0.0,2.0,1.0,B01,138Â 201Â 409,1.0
1014158,201900055689,7,14,09:40,1,1,1,1.0,3.0,25222,Rue de l'Epine,M,"47,1553210","6,2765350",25,2019,80.0,1.0,1.0,3.0,2267959,1.0,1,3,1,5.0,,0.0,0,1935.0,B01,138Â 201Â 409,1.0,-1.0,-1.0,1731122,2.0,7,,0.0,2.0,3.0,A01,138Â 201Â 408,1.0
1014158,201900055689,7,14,09:40,1,1,1,1.0,3.0,25222,Rue de l'Epine,M,"47,1553210","6,2765350",25,2019,80.0,1.0,1.0,3.0,2267959,1.0,1,3,1,5.0,,0.0,0,1935.0,B01,138Â 201Â 409,1.0,-1.0,-1.0,1731123,1.0,7,,0.0,2.0,1.0,B01,138Â 201Â 409,1.0
1014159,201900055690,7,12,19:15,1,1,1,1.0,1.0,44152,La Turcaudais,M,"47,4643120"," -1,9826510",44,2019,70.0,1.0,1.0,3.0,2267960,1.0,1,2,1,5.0,,0.0,0,1990.0,B01,138Â 201Â 406,1.0,-1.0,-1.0,1731124,1.0,7,,0.0,0.0,1.0,B01,138Â 201Â 406,1.0
1014159,201900055690,7,12,19:15,1,1,1,1.0,1.0,44152,La Turcaudais,M,"47,4643120"," -1,9826510",44,2019,70.0,1.0,1.0,3.0,2267960,1.0,1,2,1,5.0,,0.0,0,1990.0,B01,138Â 201Â 406,1.0,-1.0,-1.0,1731125,2.0,7,,0.0,2.0,1.0,A01,138Â 201Â 407,1.0
1014159,201900055690,7,12,19:15,1,1,1,1.0,1.0,44152,La Turcaudais,M,"47,4643120"," -1,9826510",44,2019,70.0,1.0,1.0,3.0,2267961,7.0,2,3,2,5.0,,0.0,0,2019.0,B01,138Â 201Â 406,3.0,-1.0,-1.0,1731124,1.0,7,,0.0,0.0,1.0,B01,138Â 201Â 406,1.0
1014159,201900055690,7,12,19:15,1,1,1,1.0,1.0,44152,La Turcaudais,M,"47,4643120"," -1,9826510",44,2019,70.0,1.0,1.0,3.0,2267961,7.0,2,3,2,5.0,,0.0,0,2019.0,B01,138Â 201Â 406,3.0,-1.0,-1.0,1731125,2.0,7,,0.0,2.0,1.0,A01,138Â 201Â 407,1.0
1014159,201900055690,7,12,19:15,1,1,1,1.0,1.0,44152,La Turcaudais,M,"47,4643120"," -1,9826510",44,2019,70.0,1.0,1.0,3.0,2267962,1.0,1,3,1,5.0,,0.0,0,1999.0,A01,138Â 201Â 407,1.0,-1.0,-1.0,1731124,1.0,7,,0.0,0.0,1.0,B01,138Â 201Â 406,1.0
1014159,201900055690,7,12,19:15,1,1,1,1.0,1.0,44152,La Turcaudais,M,"47,4643120"," -1,9826510",44,2019,70.0,1.0,1.0,3.0,2267962,1.0,1,3,1,5.0,,0.0,0,1999.0,A01,138Â 201Â 407,1.0,-1.0,-1.0,1731125,2.0,7,,0.0,2.0,1.0,A01,138Â 201Â 407,1.0
1014160,201900055691,7,5,16:30,1,2,3,1.0,3.0,44063,Rue du Pont Jean Vay,M,"47,0762890"," -1,2485010",44,2019,30.0,1.0,1.0,4.0,2267963,1.0,1,4,1,5.0,,0.0,0,2007.0,B01,138Â 201Â 404,0.0,-1.0,-1.0,1731126,3.0,1,,0.0,2.0,7.0,B01,138Â 201Â 404,5.0
1014160,201900055691,7,5,16:30,1,2,3,1.0,3.0,44063,Rue du Pont Jean Vay,M,"47,0762890"," -1,2485010",44,2019,30.0,1.0,1.0,4.0,2267963,1.0,1,4,1,5.0,,0.0,0,2007.0,B01,138Â 201Â 404,0.0,-1.0,-1.0,1731127,3.0,7,,0.0,9.0,1.0,A01,138Â 201Â 405,1.0
1014160,201900055691,7,5,16:30,1,2,3,1.0,3.0,44063,Rue du Pont Jean Vay,M,"47,0762890"," -1,2485010",44,2019,30.0,1.0,1.0,4.0,2267964,1.0,1,1,2,3.0,,0.0,0,1996.0,A01,138Â 201Â 405,1.0,-1.0,-1.0,1731126,3.0,1,,0.0,2.0,7.0,B01,138Â 201Â 404,5.0
1014160,201900055691,7,5,16:30,1,2,3,1.0,3.0,44063,Rue du Pont Jean Vay,M,"47,0762890"," -1,2485010",44,2019,30.0,1.0,1.0,4.0,2267964,1.0,1,1,2,3.0,,0.0,0,1996.0,A01,138Â 201Â 405,1.0,-1.0,-1.0,1731127,3.0,7,,0.0,9.0,1.0,A01,138Â 201Â 405,1.0
1014161,201900055692,7,11,22:05,2,1,1,1.0,6.0,44015,Les Freshes,M,"47,4749030"," -1,8512720",44,2019,70.0,8.0,1.0,4.0,2267965,10.0,3,3,2,5.0,,0.0,1,1943.0,A01,138Â 201Â 403,0.0,-1.0,-1.0,1731128,0.0,7,,0.0,1.0,2.0,A01,138Â 201Â 403,0.0
1014161,201900055692,7,11,22:05,2,1,1,1.0,6.0,44015,Les Freshes,M,"47,4749030"," -1,8512720",44,2019,70.0,8.0,1.0,4.0,2267966,1.0,1,1,1,5.0,,0.0,0,1932.0,A01,138Â 201Â 403,1.0,-1.0,-1.0,1731128,0.0,7,,0.0,1.0,2.0,A01,138Â 201Â 403,0.0
1014161,201900055692,7,11,22:05,2,1,1,1.0,6.0,44015,Les Freshes,M,"47,4749030"," -1,8512720",44,2019,70.0,8.0,1.0,4.0,2267967,9.0,2,1,2,5.0,,0.0,0,1947.0,A01,138Â 201Â 403,1.0,-1.0,-1.0,1731128,0.0,7,,0.0,1.0,2.0,A01,138Â 201Â 403,0.0
1014161,201900055692,7,11,22:05,2,1,1,1.0,6.0,44015,Les Freshes,M,"47,4749030"," -1,8512720",44,2019,70.0,8.0,1.0,4.0,2267968,2.0,2,1,2,5.0,,0.0,0,1937.0,A01,138Â 201Â 403,1.0,-1.0,-1.0,1731128,0.0,7,,0.0,1.0,2.0,A01,138Â 201Â 403,0.0
1014162,201900055693,7,12,14:30,1,2,1,1.0,6.0,35095,Rue des Ponts,M,"48,5470760"," -1,7593080",35,2019,50.0,1.0,1.0,3.0,2267969,1.0,1,1,2,1.0,,0.0,0,1964.0,A01,138Â 201Â 402,1.0,-1.0,-1.0,1731129,1.0,7,,0.0,1.0,7.0,A01,138Â 201Â 402,1.0
1014162,201900055693,7,12,14:30,1,2,1,1.0,6.0,35095,Rue des Ponts,M,"48,5470760"," -1,7593080",35,2019,50.0,1.0,1.0,3.0,2267970,10.0,3,3,1,5.0,,3.0,0,2006.0,A01,138Â 201Â 402,0.0,-1.0,-1.0,1731129,1.0,7,,0.0,1.0,7.0,A01,138Â 201Â 402,1.0
1014163,201900055694,7,13,05:26,2,2,6,1.0,6.0,29041,Rue de Pen PavÃ©,M,"48,0590770"," -3,8292610",29,2019,50.0,4.0,1.0,3.0,2267971,2.0,2,4,1,5.0,,0.0,0,1998.0,A01,138Â 201Â 401,1.0,-1.0,-1.0,1731130,1.0,7,,13.0,0.0,1.0,A01,138Â 201Â 401,1.0
1014163,201900055694,7,13,05:26,2,2,6,1.0,6.0,29041,Rue de Pen PavÃ©,M,"48,0590770"," -3,8292610",29,2019,50.0,4.0,1.0,3.0,2267972,1.0,1,4,1,5.0,,0.0,0,1972.0,A01,138Â 201Â 401,1.0,-1.0,-1.0,1731130,1.0,7,,13.0,0.0,1.0,A01,138Â 201Â 401,1.0
1014163,201900055694,7,13,05:26,2,2,6,1.0,6.0,29041,Rue de Pen PavÃ©,M,"48,0590770"," -3,8292610",29,2019,50.0,4.0,1.0,3.0,2267973,7.0,2,4,1,5.0,,0.0,0,1999.0,A01,138Â 201Â 401,1.0,-1.0,-1.0,1731130,1.0,7,,13.0,0.0,1.0,A01,138Â 201Â 401,1.0
1014164,201900055695,7,12,20:05,1,1,1,1.0,5.0,29209,Tariec,M,"48,5452215"," -4,5045989",29,2019,80.0,1.0,1.0,3.0,2267974,1.0,1,1,1,5.0,,0.0,0,1998.0,C01,138Â 201Â 398,1.0,-1.0,-1.0,1731131,2.0,7,,0.0,2.0,6.0,C01,138Â 201Â 398,1.0
1014164,201900055695,7,12,20:05,1,1,1,1.0,5.0,29209,Tariec,M,"48,5452215"," -4,5045989",29,2019,80.0,1.0,1.0,3.0,2267974,1.0,1,1,1,5.0,,0.0,0,1998.0,C01,138Â 201Â 398,1.0,-1.0,-1.0,1731132,2.0,33,,0.0,2.0,7.0,B01,138Â 201Â 399,1.0
1014164,201900055695,7,12,20:05,1,1,1,1.0,5.0,29209,Tariec,M,"48,5452215"," -4,5045989",29,2019,80.0,1.0,1.0,3.0,2267974,1.0,1,1,1,5.0,,0.0,0,1998.0,C01,138Â 201Â 398,1.0,-1.0,-1.0,1731133,1.0,7,,0.0,2.0,3.0,A01,138Â 201Â 400,1.0
1014164,201900055695,7,12,20:05,1,1,1,1.0,5.0,29209,Tariec,M,"48,5452215"," -4,5045989",29,2019,80.0,1.0,1.0,3.0,2267975,2.0,2,3,2,5.0,,0.0,0,1980.0,B01,138Â 201Â 399,2.0,6.0,-1.0,1731131,2.0,7,,0.0,2.0,6.0,C01,138Â 201Â 398,1.0
1014164,201900055695,7,12,20:05,1,1,1,1.0,5.0,29209,Tariec,M,"48,5452215"," -4,5045989",29,2019,80.0,1.0,1.0,3.0,2267975,2.0,2,3,2,5.0,,0.0,0,1980.0,B01,138Â 201Â 399,2.0,6.0,-1.0,1731132,2.0,33,,0.0,2.0,7.0,B01,138Â 201Â 399,1.0
1014164,201900055695,7,12,20:05,1,1,1,1.0,5.0,29209,Tariec,M,"48,5452215"," -4,5045989",29,2019,80.0,1.0,1.0,3.0,2267975,2.0,2,3,2,5.0,,0.0,0,1980.0,B01,138Â 201Â 399,2.0,6.0,-1.0,1731133,1.0,7,,0.0,2.0,3.0,A01,138Â 201Â 400,1.0
1014164,201900055695,7,12,20:05,1,1,1,1.0,5.0,29209,Tariec,M,"48,5452215"," -4,5045989",29,2019,80.0,1.0,1.0,3.0,2267976,1.0,1,2,1,5.0,,0.0,0,1979.0,B01,138Â 201Â 399,2.0,6.0,-1.0,1731131,2.0,7,,0.0,2.0,6.0,C01,138Â 201Â 398,1.0
1014164,201900055695,7,12,20:05,1,1,1,1.0,5.0,29209,Tariec,M,"48,5452215"," -4,5045989",29,2019,80.0,1.0,1.0,3.0,2267976,1.0,1,2,1,5.0,,0.0,0,1979.0,B01,138Â 201Â 399,2.0,6.0,-1.0,1731132,2.0,33,,0.0,2.0,7.0,B01,138Â 201Â 399,1.0
1014164,201900055695,7,12,20:05,1,1,1,1.0,5.0,29209,Tariec,M,"48,5452215"," -4,5045989",29,2019,80.0,1.0,1.0,3.0,2267976,1.0,1,2,1,5.0,,0.0,0,1979.0,B01,138Â 201Â 399,2.0,6.0,-1.0,1731133,1.0,7,,0.0,2.0,3.0,A01,138Â 201Â 400,1.0
1014164,201900055695,7,12,20:05,1,1,1,1.0,5.0,29209,Tariec,M,"48,5452215"," -4,5045989",29,2019,80.0,1.0,1.0,3.0,2267977,2.0,2,4,1,5.0,,0.0,0,1979.0,A01,138Â 201Â 400,1.0,-1.0,-1.0,1731131,2.0,7,,0.0,2.0,6.0,C01,138Â 201Â 398,1.0
1014164,201900055695,7,12,20:05,1,1,1,1.0,5.0,29209,Tariec,M,"48,5452215"," -4,5045989",29,2019,80.0,1.0,1.0,3.0,2267977,2.0,2,4,1,5.0,,0.0,0,1979.0,A01,138Â 201Â 400,1.0,-1.0,-1.0,1731132,2.0,33,,0.0,2.0,7.0,B01,138Â 201Â 399,1.0
1014164,201900055695,7,12,20:05,1,1,1,1.0,5.0,29209,Tariec,M,"48,5452215"," -4,5045989",29,2019,80.0,1.0,1.0,3.0,2267977,2.0,2,4,1,5.0,,0.0,0,1979.0,A01,138Â 201Â 400,1.0,-1.0,-1.0,1731133,1.0,7,,0.0,2.0,3.0,A01,138Â 201Â 400,1.0
1014164,201900055695,7,12,20:05,1,1,1,1.0,5.0,29209,Tariec,M,"48,5452215"," -4,5045989",29,2019,80.0,1.0,1.0,3.0,2267978,1.0,1,4,2,0.0,,0.0,0,1981.0,A01,138Â 201Â 400,1.0,-1.0,-1.0,1731131,2.0,7,,0.0,2.0,6.0,C01,138Â 201Â 398,1.0
1014164,201900055695,7,12,20:05,1,1,1,1.0,5.0,29209,Tariec,M,"48,5452215"," -4,5045989",29,2019,80.0,1.0,1.0,3.0,2267978,1.0,1,4,2,0.0,,0.0,0,1981.0,A01,138Â 201Â 400,1.0,-1.0,-1.0,1731132,2.0,33,,0.0,2.0,7.0,B01,138Â 201Â 399,1.0
1014164,201900055695,7,12,20:05,1,1,1,1.0,5.0,29209,Tariec,M,"48,5452215"," -4,5045989",29,2019,80.0,1.0,1.0,3.0,2267978,1.0,1,4,2,0.0,,0.0,0,1981.0,A01,138Â 201Â 400,1.0,-1.0,-1.0,1731133,1.0,7,,0.0,2.0,3.0,A01,138Â 201Â 400,1.0
1014165,201900055696,7,10,09:45,1,2,1,1.0,3.0,31561,Avenue HermÃ¨s,M,"43,6394940","1,4967620",31,2019,50.0,1.0,1.0,4.0,2267979,1.0,1,3,1,1.0,,0.0,0,1983.0,B01,138Â 201Â 396,2.0,6.0,9.0,1731134,0.0,33,,0.0,2.0,2.0,B01,138Â 201Â 396,1.0
1014165,201900055696,7,10,09:45,1,2,1,1.0,3.0,31561,Avenue HermÃ¨s,M,"43,6394940","1,4967620",31,2019,50.0,1.0,1.0,4.0,2267979,1.0,1,3,1,1.0,,0.0,0,1983.0,B01,138Â 201Â 396,2.0,6.0,9.0,1731135,3.0,10,,0.0,2.0,8.0,A01,138Â 201Â 397,1.0
1014165,201900055696,7,10,09:45,1,2,1,1.0,3.0,31561,Avenue HermÃ¨s,M,"43,6394940","1,4967620",31,2019,50.0,1.0,1.0,4.0,2267980,1.0,1,1,1,4.0,,0.0,0,1966.0,A01,138Â 201Â 397,1.0,-1.0,-1.0,1731134,0.0,33,,0.0,2.0,2.0,B01,138Â 201Â 396,1.0
1014165,201900055696,7,10,09:45,1,2,1,1.0,3.0,31561,Avenue HermÃ¨s,M,"43,6394940","1,4967620",31,2019,50.0,1.0,1.0,4.0,2267980,1.0,1,1,1,4.0,,0.0,0,1966.0,A01,138Â 201Â 397,1.0,-1.0,-1.0,1731135,3.0,10,,0.0,2.0,8.0,A01,138Â 201Â 397,1.0
1014166,201900055697,7,13,18:00,1,1,3,1.0,3.0,38075,RD 1090,M,"45,4653370","5,9930780",38,2019,80.0,1.0,1.0,3.0,2267981,2.0,2,4,2,5.0,,0.0,0,1958.0,B01,138Â 201Â 394,2.0,6.0,-1.0,1731136,3.0,33,,0.0,2.0,3.0,B01,138Â 201Â 394,1.0
1014166,201900055697,7,13,18:00,1,1,3,1.0,3.0,38075,RD 1090,M,"45,4653370","5,9930780",38,2019,80.0,1.0,1.0,3.0,2267981,2.0,2,4,2,5.0,,0.0,0,1958.0,B01,138Â 201Â 394,2.0,6.0,-1.0,1731137,3.0,7,,0.0,0.0,6.0,A01,138Â 201Â 395,1.0
1014166,201900055697,7,13,18:00,1,1,3,1.0,3.0,38075,RD 1090,M,"45,4653370","5,9930780",38,2019,80.0,1.0,1.0,3.0,2267982,1.0,1,4,1,5.0,,0.0,0,1963.0,B01,138Â 201Â 394,2.0,6.0,-1.0,1731136,3.0,33,,0.0,2.0,3.0,B01,138Â 201Â 394,1.0
1014166,201900055697,7,13,18:00,1,1,3,1.0,3.0,38075,RD 1090,M,"45,4653370","5,9930780",38,2019,80.0,1.0,1.0,3.0,2267982,1.0,1,4,1,5.0,,0.0,0,1963.0,B01,138Â 201Â 394,2.0,6.0,-1.0,1731137,3.0,7,,0.0,0.0,6.0,A01,138Â 201Â 395,1.0
1014166,201900055697,7,13,18:00,1,1,3,1.0,3.0,38075,RD 1090,M,"45,4653370","5,9930780",38,2019,80.0,1.0,1.0,3.0,2267983,1.0,1,1,2,5.0,,0.0,0,1984.0,A01,138Â 201Â 395,1.0,-1.0,-1.0,1731136,3.0,33,,0.0,2.0,3.0,B01,138Â 201Â 394,1.0