Unnamed: 0_x,num_acc,mois,jour,hrmn,lum,agg,int,atm,col,com,adr,gps,lat,long,dep,annee,vma,situ,surf,catr,Unnamed: 0_y,place,catu,grav,sexe,trajet,secu,locp,actp,an_nais,num_veh_x,id_vehicule_x,secu1,secu2,secu3,Unnamed: 0,senc,catv,occutc,obs,obsm,choc,num_veh_y,id_vehicule_y,motor
1014166,201900055697,7,13,18:00,1,1,3,1.0,3.0,38075,RD 1090,M,"45,4653370","5,9930780",38,2019,80.0,1.0,1.0,3.0,2267983,1.0,1,1,2,5.0,,0.0,0,1984.0,A01,138Â 201Â 395,1.0,-1.0,-1.0,1731137,3.0,7,,0.0,0.0,6.0,A01,138Â 201Â 395,1.0
1014167,201900055698,6,21,14:20,1,2,1,1.0,2.0,38039,192 Route DÃ©partementale 1090,M,"45,2718960","5,8687950",38,2019,30.0,1.0,1.0,3.0,2267984,1.0,1,4,1,5.0,,0.0,0,1959.0,B01,138Â 201Â 392,2.0,-1.0,-1.0,1731138,2.0,1,,0.0,2.0,1.0,B01,138Â 201Â 392,5.0
1014167,201900055698,6,21,14:20,1,2,1,1.0,2.0,38039,192 Route DÃ©partementale 1090,M,"45,2718960","5,8687950",38,2019,30.0,1.0,1.0,3.0,2267984,1.0,1,4,1,5.0,,0.0,0,1959.0,B01,138Â 201Â 392,2.0,-1.0,-1.0,1731139,1.0,7,,0.0,0.0,5.0,A01,138Â 201Â 393,1.0
1014167,201900055698,6,21,14:20,1,2,1,1.0,2.0,38039,192 Route DÃ©partementale 1090,M,"45,2718960","5,8687950",38,2019,30.0,1.0,1.0,3.0,2267985,1.0,1,1,2,0.0,,0.0,0,2000.0,A01,138Â 201Â 393,1.0,-1.0,-1.0,1731138,2.0,1,,0.0,2.0,1.0,B01,138Â 201Â 392,5.0
1014167,201900055698,6,21,14:20,1,2,1,1.0,2.0,38039,192 Route DÃ©partementale 1090,M,"45,2718960","5,8687950",38,2019,30.0,1.0,1.0,3.0,2267985,1.0,1,1,2,0.0,,0.0,0,2000.0,A01,138Â 201Â 393,1.0,-1.0,-1.0,1731139,1.0,7,,0.0,0.0,5.0,A01,138Â 201Â 393,1.0
1014168,201900055699,7,11,08:50,1,2,1,1.0,3.0,38229,Boulevard des Alpes,M,"45,2036700","5,7734700",38,2019,50.0,1.0,1.0,4.0,2267986,1.0,1,3,1,5.0,,0.0,0,1974.0,B01,138Â 201Â 390,2.0,6.0,-1.0,1731140,3.0,33,,0.0,2.0,1.0,B01,138Â 201Â 390,1.0
1014168,201900055699,7,11,08:50,1,2,1,1.0,3.0,38229,Boulevard des Alpes,M,"45,2036700","5,7734700",38,2019,50.0,1.0,1.0,4.0,2267986,1.0,1,3,1,5.0,,0.0,0,1974.0,B01,138Â 201Â 390,2.0,6.0,-1.0,1731141,3.0,7,,0.0,2.0,7.0,A01,138Â 201Â 391,1.0
1014168,201900055699,7,11,08:50,1,2,1,1.0,3.0,38229,Boulevard des Alpes,M,"45,2036700","5,7734700",38,2019,50.0,1.0,1.0,4.0,2267987,1.0,1,1,1,5.0,,0.0,0,1979.0,A01,138Â 201Â 391,1.0,-1.0,-1.0,1731140,3.0,33,,0.0,2.0,1.0,B01,138Â 201Â 390,1.0
1014168,201900055699,7,11,08:50,1,2,1,1.0,3.0,38229,Boulevard des Alpes,M,"45,2036700","5,7734700",38,2019,50.0,1.0,1.0,4.0,2267987,1.0,1,1,1,5.0,,0.0,0,1979.0,A01,138Â 201Â 391,1.0,-1.0,-1.0,1731141,3.0,7,,0.0,2.0,7.0,A01,138Â 201Â 391,1.0
1014168,201900055699,7,11,08:50,1,2,1,1.0,3.0,38229,Boulevard des Alpes,M,"45,2036700","5,7734700",38,2019,50.0,1.0,1.0,4.0,2267988,4.0,2,1,1,5.0,,0.0,0,2011.0,A01,138Â 201Â 391,1.0,-1.0,-1.0,1731140,3.0,33,,0.0,2.0,1.0,B01,138Â 201Â 390,1.0
1014168,201900055699,7,11,08:50,1,2,1,1.0,3.0,38229,Boulevard des Alpes,M,"45,2036700","5,7734700",38,2019,50.0,1.0,1.0,4.0,2267988,4.0,2,1,1,5.0,,0.0,0,2011.0,A01,138Â 201Â 391,1.0,-1.0,-1.0,1731141,3.0,7,,0.0,2.0,7.0,A01,138Â 201Â 391,1.0
1014169,201900055700,7,13,12:30,1,1,2,1.0,3.0,15092,DÃ©partemenatle 49,M,"45,4166340","2,5430050",15,2019,70.0,1.0,1.0,3.0,2267989,1.0,1,1,1,5.0,,0.0,0,1952.0,A01,138Â 201Â 388,1.0,-1.0,-1.0,1731142,3.0,7,,13.0,2.0,1.0,A01,138Â 201Â 388,1.0
1014169,201900055700,7,13,12:30,1,1,2,1.0,3.0,15092,DÃ©partemenatle 49,M,"45,4166340","2,5430050",15,2019,70.0,1.0,1.0,3.0,2267989,1.0,1,1,1,5.0,,0.0,0,1952.0,A01,138Â 201Â 388,1.0,-1.0,-1.0,1731143,2.0,7,,9.0,2.0,8.0,B01,138Â 201Â 389,1.0
1014169,201900055700,7,13,12:30,1,1,2,1.0,3.0,15092,DÃ©partemenatle 49,M,"45,4166340","2,5430050",15,2019,70.0,1.0,1.0,3.0,2267990,3.0,2,4,1,5.0,,0.0,0,1933.0,B01,138Â 201Â 389,1.0,-1.0,-1.0,1731142,3.0,7,,13.0,2.0,1.0,A01,138Â 201Â 388,1.0
1014169,201900055700,7,13,12:30,1,1,2,1.0,3.0,15092,DÃ©partemenatle 49,M,"45,4166340","2,5430050",15,2019,70.0,1.0,1.0,3.0,2267990,3.0,2,4,1,5.0,,0.0,0,1933.0,B01,138Â 201Â 389,1.0,-1.0,-1.0,1731143,2.0,7,,9.0,2.0,8.0,B01,138Â 201Â 389,1.0
1014169,201900055700,7,13,12:30,1,1,2,1.0,3.0,15092,DÃ©partemenatle 49,M,"45,4166340","2,5430050",15,2019,70.0,1.0,1.0,3.0,2267991,2.0,2,4,2,5.0,,0.0,0,1938.0,B01,138Â 201Â 389,1.0,-1.0,-1.0,1731142,3.0,7,,13.0,2.0,1.0,A01,138Â 201Â 388,1.0
1014169,201900055700,7,13,12:30,1,1,2,1.0,3.0,15092,DÃ©partemenatle 49,M,"45,4166340","2,5430050",15,2019,70.0,1.0,1.0,3.0,2267991,2.0,2,4,2,5.0,,0.0,0,1938.0,B01,138Â 201Â 389,1.0,-1.0,-1.0,1731143,2.0,7,,9.0,2.0,8.0,B01,138Â 201Â 389,1.0
1014169,201900055700,7,13,12:30,1,1,2,1.0,3.0,15092,DÃ©partemenatle 49,M,"45,4166340","2,5430050",15,2019,70.0,1.0,1.0,3.0,2267992,1.0,1,1,1,5.0,,0.0,0,1957.0,B01,138Â 201Â 389,1.0,-1.0,-1.0,1731142,3.0,7,,13.0,2.0,1.0,A01,138Â 201Â 388,1.0
1014169,201900055700,7,13,12:30,1,1,2,1.0,3.0,15092,DÃ©partemenatle 49,M,"45,4166340","2,5430050",15,2019,70.0,1.0,1.0,3.0,2267992,1.0,1,1,1,5.0,,0.0,0,1957.0,B01,138Â 201Â 389,1.0,-1.0,-1.0,1731143,2.0,7,,9.0,2.0,8.0,B01,138Â 201Â 389,1.0
1014170,201900055701,7,13,19:45,2,1,1,1.0,6.0,15205,D35 - PK43+600 sens croissant,M,"45,1412900","2,5055110",15,2019,80.0,3.0,9.0,3.0,2267993,1.0,1,3,1,5.0,,0.0,0,1996.0,A01,138Â 201Â 387,2.0,6.0,9.0,1731144,1.0,33,,4.0,0.0,7.0,A01,138Â 201Â 387,1.0
1014171,201900055702,7,13,15:50,1,1,2,1.0,1.0,01229,Route de Bourg,M,"46,3127140","5,1437570",1,2019,80.0,1.0,1.0,3.0,2267994,1.0,1,1,1,5.0,,0.0,0,1950.0,A01,138Â 201Â 385,1.0,-1.0,-1.0,1731145,3.0,7,,0.0,2.0,5.0,A01,138Â 201Â 385,1.0
1014171,201900055702,7,13,15:50,1,1,2,1.0,1.0,01229,Route de Bourg,M,"46,3127140","5,1437570",1,2019,80.0,1.0,1.0,3.0,2267994,1.0,1,1,1,5.0,,0.0,0,1950.0,A01,138Â 201Â 385,1.0,-1.0,-1.0,1731146,1.0,33,,0.0,2.0,1.0,B01,138Â 201Â 386,1.0
1014171,201900055702,7,13,15:50,1,1,2,1.0,1.0,01229,Route de Bourg,M,"46,3127140","5,1437570",1,2019,80.0,1.0,1.0,3.0,2267995,1.0,1,4,2,5.0,,0.0,0,1990.0,B01,138Â 201Â 386,2.0,6.0,-1.0,1731145,3.0,7,,0.0,2.0,5.0,A01,138Â 201Â 385,1.0
1014171,201900055702,7,13,15:50,1,1,2,1.0,1.0,01229,Route de Bourg,M,"46,3127140","5,1437570",1,2019,80.0,1.0,1.0,3.0,2267995,1.0,1,4,2,5.0,,0.0,0,1990.0,B01,138Â 201Â 386,2.0,6.0,-1.0,1731146,1.0,33,,0.0,2.0,1.0,B01,138Â 201Â 386,1.0
1014172,201900055703,7,11,17:30,1,1,1,1.0,1.0,58215,D38,M,"47,2824060","2,9563430",58,2019,80.0,1.0,9.0,3.0,2267996,1.0,1,4,2,0.0,,0.0,0,1994.0,B01,138Â 201Â 383,1.0,5.0,-1.0,1731147,2.0,7,,0.0,2.0,1.0,B01,138Â 201Â 383,1.0
1014172,201900055703,7,11,17:30,1,1,1,1.0,1.0,58215,D38,M,"47,2824060","2,9563430",58,2019,80.0,1.0,9.0,3.0,2267996,1.0,1,4,2,0.0,,0.0,0,1994.0,B01,138Â 201Â 383,1.0,5.0,-1.0,1731148,1.0,7,,0.0,2.0,1.0,A01,138Â 201Â 384,1.0
1014172,201900055703,7,11,17:30,1,1,1,1.0,1.0,58215,D38,M,"47,2824060","2,9563430",58,2019,80.0,1.0,9.0,3.0,2267997,1.0,1,3,2,0.0,,0.0,0,1942.0,A01,138Â 201Â 384,1.0,5.0,-1.0,1731147,2.0,7,,0.0,2.0,1.0,B01,138Â 201Â 383,1.0
1014172,201900055703,7,11,17:30,1,1,1,1.0,1.0,58215,D38,M,"47,2824060","2,9563430",58,2019,80.0,1.0,9.0,3.0,2267997,1.0,1,3,2,0.0,,0.0,0,1942.0,A01,138Â 201Â 384,1.0,5.0,-1.0,1731148,1.0,7,,0.0,2.0,1.0,A01,138Â 201Â 384,1.0
1014173,201900055704,7,13,15:45,1,2,1,1.0,6.0,58301,bourg,M,"46,9129010","3,7608310",58,2019,50.0,1.0,1.0,3.0,2267998,1.0,1,3,1,5.0,,0.0,0,1991.0,A01,138Â 201Â 382,2.0,-1.0,-1.0,1731149,3.0,33,,6.0,0.0,1.0,A01,138Â 201Â 382,1.0
1014174,201900055705,7,12,17:00,1,1,1,1.0,7.0,66205,d69,M,"42,8022190","2,6732680",66,2019,80.0,1.0,1.0,3.0,2267999,1.0,1,3,1,5.0,,0.0,0,1981.0,A01,138Â 201Â 381,0.0,-1.0,-1.0,1731150,1.0,2,,0.0,0.0,7.0,A01,138Â 201Â 381,0.0
1014175,201900055706,7,12,19:40,2,1,1,1.0,7.0,66154,D118,M,"42,6602800","2,1268500",66,2019,80.0,1.0,1.0,3.0,2268000,1.0,1,4,1,5.0,,0.0,0,1972.0,A01,138Â 201Â 380,2.0,6.0,-1.0,1731151,3.0,31,,4.0,0.0,2.0,A01,138Â 201Â 380,0.0
1014176,201900055707,7,10,20:00,1,2,1,1.0,7.0,54583,Rue de Maron,M,"48,6588750","5,9800540",54,2019,30.0,1.0,1.0,3.0,2268001,1.0,1,3,1,5.0,,0.0,0,1993.0,A01,138Â 201Â 379,2.0,6.0,0.0,1731152,2.0,33,,1.0,0.0,9.0,A01,138Â 201Â 379,1.0
1014177,201900055708,7,11,17:00,1,1,1,1.0,3.0,72262,La FoctiÃ¨re (RuillÃ©-sur-Loir),M,"47,7493550","0,5996090",72,2019,80.0,1.0,1.0,3.0,2268002,1.0,1,4,1,1.0,,0.0,0,1969.0,A01,138Â 201Â 375,2.0,6.0,-1.0,1731153,1.0,33,,0.0,2.0,7.0,A01,138Â 201Â 375,1.0
1014177,201900055708,7,11,17:00,1,1,1,1.0,3.0,72262,La FoctiÃ¨re (RuillÃ©-sur-Loir),M,"47,7493550","0,5996090",72,2019,80.0,1.0,1.0,3.0,2268002,1.0,1,4,1,1.0,,0.0,0,1969.0,A01,138Â 201Â 375,2.0,6.0,-1.0,1731154,1.0,7,,0.0,2.0,8.0,B01,138Â 201Â 376,1.0
1014177,201900055708,7,11,17:00,1,1,1,1.0,3.0,72262,La FoctiÃ¨re (RuillÃ©-sur-Loir),M,"47,7493550","0,5996090",72,2019,80.0,1.0,1.0,3.0,2268003,1.0,1,1,2,5.0,,0.0,0,1980.0,B01,138Â 201Â 376,1.0,-1.0,-1.0,1731153,1.0,33,,0.0,2.0,7.0,A01,138Â 201Â 375,1.0
1014177,201900055708,7,11,17:00,1,1,1,1.0,3.0,72262,La FoctiÃ¨re (RuillÃ©-sur-Loir),M,"47,7493550","0,5996090",72,2019,80.0,1.0,1.0,3.0,2268003,1.0,1,1,2,5.0,,0.0,0,1980.0,B01,138Â 201Â 376,1.0,-1.0,-1.0,1731154,1.0,7,,0.0,2.0,8.0,B01,138Â 201Â 376,1.0
1014178,201900055709,7,13,18:50,1,1,1,1.0,5.0,06023,Rd 6204 beil sur roya PK 2,M,"43,9046360","7,5241810",6,2019,80.0,1.0,1.0,3.0,2268004,1.0,1,1,1,5.0,,0.0,0,1946.0,A01,138Â 201Â 372,1.0,-1.0,-1.0,1731155,1.0,7,,0.0,2.0,6.0,A01,138Â 201Â 372,1.0
1014178,201900055709,7,13,18:50,1,1,1,1.0,5.0,06023,Rd 6204 beil sur roya PK 2,M,"43,9046360","7,5241810",6,2019,80.0,1.0,1.0,3.0,2268004,1.0,1,1,1,5.0,,0.0,0,1946.0,A01,138Â 201Â 372,1.0,-1.0,-1.0,1731156,1.0,7,,0.0,0.0,6.0,B01,138Â 201Â 373,1.0
1014178,201900055709,7,13,18:50,1,1,1,1.0,5.0,06023,Rd 6204 beil sur roya PK 2,M,"43,9046360","7,5241810",6,2019,80.0,1.0,1.0,3.0,2268004,1.0,1,1,1,5.0,,0.0,0,1946.0,A01,138Â 201Â 372,1.0,-1.0,-1.0,1731157,1.0,33,,6.0,2.0,7.0,C01,138Â 201Â 374,1.0
1014178,201900055709,7,13,18:50,1,1,1,1.0,5.0,06023,Rd 6204 beil sur roya PK 2,M,"43,9046360","7,5241810",6,2019,80.0,1.0,1.0,3.0,2268005,2.0,2,1,2,5.0,,0.0,0,1987.0,B01,138Â 201Â 373,1.0,-1.0,-1.0,1731155,1.0,7,,0.0,2.0,6.0,A01,138Â 201Â 372,1.0
1014178,201900055709,7,13,18:50,1,1,1,1.0,5.0,06023,Rd 6204 beil sur roya PK 2,M,"43,9046360","7,5241810",6,2019,80.0,1.0,1.0,3.0,2268005,2.0,2,1,2,5.0,,0.0,0,1987.0,B01,138Â 201Â 373,1.0,-1.0,-1.0,1731156,1.0,7,,0.0,0.0,6.0,B01,138Â 201Â 373,1.0
1014178,201900055709,7,13,18:50,1,1,1,1.0,5.0,06023,Rd 6204 beil sur roya PK 2,M,"43,9046360","7,5241810",6,2019,80.0,1.0,1.0,3.0,2268005,2.0,2,1,2,5.0,,0.0,0,1987.0,B01,138Â 201Â 373,1.0,-1.0,-1.0,1731157,1.0,33,,6.0,2.0,7.0,C01,138Â 201Â 374,1.0
1014178,201900055709,7,13,18:50,1,1,1,1.0,5.0,06023,Rd 6204 beil sur roya PK 2,M,"43,9046360","7,5241810",6,2019,80.0,1.0,1.0,3.0,2268006,9.0,2,1,1,5.0,,0.0,0,1962.0,B01,138Â 201Â 373,1.0,-1.0,-1.0,1731155,1.0,7,,0.0,2.0,6.0,A01,138Â 201Â 372,1.0
1014178,201900055709,7,13,18:50,1,1,1,1.0,5.0,06023,Rd 6204 beil sur roya PK 2,M,"43,9046360","7,5241810",6,2019,80.0,1.0,1.0,3.0,2268006,9.0,2,1,1,5.0,,0.0,0,1962.0,B01,138Â 201Â 373,1.0,-1.0,-1.0,1731156,1.0,7,,0.0,0.0,6.0,B01,138Â 201Â 373,1.0
1014178,201900055709,7,13,18:50,1,1,1,1.0,5.0,06023,Rd 6204 beil sur roya PK 2,M,"43,9046360","7,5241810",6,2019,80.0,1.0,1.0,3.0,2268006,9.0,2,1,1,5.0,,0.0,0,1962.0,B01,138Â 201Â 373,1.0,-1.0,-1.0,1731157,1.0,33,,6.0,2.0,7.0,C01,138Â 201Â 374,1.0
1014178,201900055709,7,13,18:50,1,1,1,1.0,5.0,06023,Rd 6204 beil sur roya PK 2,M,"43,9046360","7,5241810",6,2019,80.0,1.0,1.0,3.0,2268007,1.0,1,1,2,5.0,,0.0,0,1970.0,B01,138Â 201Â 373,1.0,-1.0,-1.0,1731155,1.0,7,,0.0,2.0,6.0,A01,138Â 201Â 372,1.0
1014178,201900055709,7,13,18:50,1,1,1,1.0,5.0,06023,Rd 6204 beil sur roya PK 2,M,"43,9046360","7,5241810",6,2019,80.0,1.0,1.0,3.0,2268007,1.0,1,1,2,5.0,,0.0,0,1970.0,B01,138Â 201Â 373,1.0,-1.0,-1.0,1731156,1.0,7,,0.0,0.0,6.0,B01,138Â 201Â 373,1.0
1014178,201900055709,7,13,18:50,1,1,1,1.0,5.0,06023,Rd 6204 beil sur roya PK 2,M,"43,9046360","7,5241810",6,2019,80.0,1.0,1.0,3.0,2268007,1.0,1,1,2,5.0,,0.0,0,1970.0,B01,138Â 201Â 373,1.0,-1.0,-1.0,1731157,1.0,33,,6.0,2.0,7.0,C01,138Â 201Â 374,1.0
1014178,201900055709,7,13,18:50,1,1,1,1.0,5.0,06023,Rd 6204 beil sur roya PK 2,M,"43,9046360","7,5241810",6,2019,80.0,1.0,1.0,3.0,2268008,2.0,2,3,2,5.0,,0.0,0,1991.0,C01,138Â 201Â 374,2.0,6.0,-1.0,1731155,1.0,7,,0.0,2.0,6.0,A01,138Â 201Â 372,1.0
1014178,201900055709,7,13,18:50,1,1,1,1.0,5.0,06023,Rd 6204 beil sur roya PK 2,M,"43,9046360","7,5241810",6,2019,80.0,1.0,1.0,3.0,2268008,2.0,2,3,2,5.0,,0.0,0,1991.0,C01,138Â 201Â 374,2.0,6.0,-1.0,1731156,1.0,7,,0.0,0.0,6.0,B01,138Â 201Â 373,1.0
1014178,201900055709,7,13,18:50,1,1,1,1.0,5.0,06023,Rd 6204 beil sur roya PK 2,M,"43,9046360","7,5241810",6,2019,80.0,1.0,1.0,3.0,2268008,2.0,2,3,2,5.0,,0.0,0,1991.0,C01,138Â 201Â 374,2.0,6.0,-1.0,1731157,1.0,33,,6.0,2.0,7.0,C01,138Â 201Â 374,1.0
1014178,201900055709,7,13,18:50,1,1,1,1.0,5.0,06023,Rd 6204 beil sur roya PK 2,M,"43,9046360","7,5241810",6,2019,80.0,1.0,1.0,3.0,2268009,1.0,1,3,1,5.0,,0.0,0,1986.0,C01,138Â 201Â 374,6.0,2.0,-1.0,1731155,1.0,7,,0.0,2.0,6.0,A01,138Â 201Â 372,1.0
1014178,201900055709,7,13,18:50,1,1,1,1.0,5.0,06023,Rd 6204 beil sur roya PK 2,M,"43,9046360","7,5241810",6,2019,80.0,1.0,1.0,3.0,2268009,1.0,1,3,1,5.0,,0.0,0,1986.0,C01,138Â 201Â 374,6.0,2.0,-1.0,1731156,1.0,7,,0.0,0.0,6.0,B01,138Â 201Â 373,1.0
1014178,201900055709,7,13,18:50,1,1,1,1.0,5.0,06023,Rd 6204 beil sur roya PK 2,M,"43,9046360","7,5241810",6,2019,80.0,1.0,1.0,3.0,2268009,1.0,1,3,1,5.0,,0.0,0,1986.0,C01,138Â 201Â 374,6.0,2.0,-1.0,1731157,1.0,33,,6.0,2.0,7.0,C01,138Â 201Â 374,1.0
1014179,201900055710,7,12,18:30,1,1,1,1.0,1.0,06104,Chemin de la CoupiÃ¨re,M,"43,7704270","7,4553800",6,2019,50.0,1.0,1.0,4.0,2268010,1.0,1,1,1,5.0,,0.0,0,1938.0,B01,138Â 201Â 370,1.0,-1.0,-1.0,1731158,1.0,7,,0.0,2.0,3.0,B01,138Â 201Â 370,1.0
1014179,201900055710,7,12,18:30,1,1,1,1.0,1.0,06104,Chemin de la CoupiÃ¨re,M,"43,7704270","7,4553800",6,2019,50.0,1.0,1.0,4.0,2268010,1.0,1,1,1,5.0,,0.0,0,1938.0,B01,138Â 201Â 370,1.0,-1.0,-1.0,1731159,2.0,2,,13.0,2.0,3.0,A01,138Â 201Â 371,1.0
1014179,201900055710,7,12,18:30,1,1,1,1.0,1.0,06104,Chemin de la CoupiÃ¨re,M,"43,7704270","7,4553800",6,2019,50.0,1.0,1.0,4.0,2268011,1.0,1,3,1,0.0,,0.0,0,1988.0,A01,138Â 201Â 371,8.0,-1.0,-1.0,1731158,1.0,7,,0.0,2.0,3.0,B01,138Â 201Â 370,1.0
1014179,201900055710,7,12,18:30,1,1,1,1.0,1.0,06104,Chemin de la CoupiÃ¨re,M,"43,7704270","7,4553800",6,2019,50.0,1.0,1.0,4.0,2268011,1.0,1,3,1,0.0,,0.0,0,1988.0,A01,138Â 201Â 371,8.0,-1.0,-1.0,1731159,2.0,2,,13.0,2.0,3.0,A01,138Â 201Â 371,1.0
1014180,201900055711,7,12,23:15,5,2,1,1.0,1.0,06138,avenue de lerins,M,"43,5135400","6,9370680",6,2019,50.0,1.0,1.0,3.0,2268012,1.0,1,1,1,5.0,,0.0,0,1991.0,B01,138Â 201Â 368,1.0,-1.0,-1.0,1731160,1.0,7,,0.0,2.0,1.0,B01,138Â 201Â 368,1.0
1014180,201900055711,7,12,23:15,5,2,1,1.0,1.0,06138,avenue de lerins,M,"43,5135400","6,9370680",6,2019,50.0,1.0,1.0,3.0,2268012,1.0,1,1,1,5.0,,0.0,0,1991.0,B01,138Â 201Â 368,1.0,-1.0,-1.0,1731161,3.0,33,,0.0,2.0,1.0,A01,138Â 201Â 369,1.0
1014180,201900055711,7,12,23:15,5,2,1,1.0,1.0,06138,avenue de lerins,M,"43,5135400","6,9370680",6,2019,50.0,1.0,1.0,3.0,2268013,1.0,1,3,1,5.0,,0.0,0,1979.0,A01,138Â 201Â 369,2.0,-1.0,-1.0,1731160,1.0,7,,0.0,2.0,1.0,B01,138Â 201Â 368,1.0
1014180,201900055711,7,12,23:15,5,2,1,1.0,1.0,06138,avenue de lerins,M,"43,5135400","6,9370680",6,2019,50.0,1.0,1.0,3.0,2268013,1.0,1,3,1,5.0,,0.0,0,1979.0,A01,138Â 201Â 369,2.0,-1.0,-1.0,1731161,3.0,33,,0.0,2.0,1.0,A01,138Â 201Â 369,1.0
1014180,201900055711,7,12,23:15,5,2,1,1.0,1.0,06138,avenue de lerins,M,"43,5135400","6,9370680",6,2019,50.0,1.0,1.0,3.0,2268014,2.0,2,3,2,5.0,,0.0,0,1982.0,A01,138Â 201Â 369,2.0,-1.0,-1.0,1731160,1.0,7,,0.0,2.0,1.0,B01,138Â 201Â 368,1.0
1014180,201900055711,7,12,23:15,5,2,1,1.0,1.0,06138,avenue de lerins,M,"43,5135400","6,9370680",6,2019,50.0,1.0,1.0,3.0,2268014,2.0,2,3,2,5.0,,0.0,0,1982.0,A01,138Â 201Â 369,2.0,-1.0,-1.0,1731161,3.0,33,,0.0,2.0,1.0,A01,138Â 201Â 369,1.0
1014181,201900055712,7,13,01:05,3,1,1,1.0,6.0,14471,La gaillardiÃ¨re,M,"48,9906020","0,2591120",14,2019,80.0,3.0,1.0,3.0,2268015,1.0,1,4,1,5.0,,0.0,0,1972.0,A01,138Â 201Â 367,1.0,-1.0,-1.0,1731162,1.0,7,,2.0,0.0,1.0,A01,138Â 201Â 367,1.0
1014182,201900055713,7,13,15:30,1,1,1,1.0,7.0,14739,VER SUR MER RD514,M,"49,3399250"," -0,5409060",14,2019,80.0,1.0,1.0,3.0,2268016,1.0,1,3,1,5.0,,0.0,0,1992.0,A01,138Â 201Â 366,2.0,6.0,-1.0,1731163,2.0,31,,16.0,0.0,0.0,A01,138Â 201Â 366,1.0
1014183,201900055714,7,8,11:30,1,1,1,1.0,2.0,14367,Route DÃ©partementale 11,M,"49,2294340"," -1,0508280",14,2019,80.0,1.0,1.0,3.0,2268017,1.0,1,1,1,5.0,,0.0,0,2001.0,B01,138Â 201Â 364,2.0,6.0,-1.0,1731164,2.0,2,,0.0,2.0,4.0,B01,138Â 201Â 364,1.0
1014183,201900055714,7,8,11:30,1,1,1,1.0,2.0,14367,Route DÃ©partementale 11,M,"49,2294340"," -1,0508280",14,2019,80.0,1.0,1.0,3.0,2268017,1.0,1,1,1,5.0,,0.0,0,2001.0,B01,138Â 201Â 364,2.0,6.0,-1.0,1731165,2.0,2,,0.0,2.0,1.0,A01,138Â 201Â 365,1.0
1014183,201900055714,7,8,11:30,1,1,1,1.0,2.0,14367,Route DÃ©partementale 11,M,"49,2294340"," -1,0508280",14,2019,80.0,1.0,1.0,3.0,2268018,1.0,1,3,1,5.0,,0.0,0,2004.0,A01,138Â 201Â 365,2.0,6.0,-1.0,1731164,2.0,2,,0.0,2.0,4.0,B01,138Â 201Â 364,1.0
1014183,201900055714,7,8,11:30,1,1,1,1.0,2.0,14367,Route DÃ©partementale 11,M,"49,2294340"," -1,0508280",14,2019,80.0,1.0,1.0,3.0,2268018,1.0,1,3,1,5.0,,0.0,0,2004.0,A01,138Â 201Â 365,2.0,6.0,-1.0,1731165,2.0,2,,0.0,2.0,1.0,A01,138Â 201Â 365,1.0
1014184,201900055715,7,13,05:10,2,1,3,1.0,2.0,14738,Rue Saint-Manvieu,M,"49,1553370"," -0,4602840",14,2019,80.0,1.0,1.0,3.0,2268019,1.0,1,4,1,1.0,,0.0,0,1961.0,A01,138Â 201Â 362,2.0,4.0,9.0,1731166,1.0,1,,0.0,0.0,4.0,A01,138Â 201Â 362,5.0
1014184,201900055715,7,13,05:10,2,1,3,1.0,2.0,14738,Rue Saint-Manvieu,M,"49,1553370"," -0,4602840",14,2019,80.0,1.0,1.0,3.0,2268019,1.0,1,4,1,1.0,,0.0,0,1961.0,A01,138Â 201Â 362,2.0,4.0,9.0,1731167,1.0,7,,0.0,2.0,0.0,B01,138Â 201Â 363,0.0
1014185,201900055716,7,14,12:15,1,1,1,1.0,1.0,50109,RD 13 le pont au ferrey,M,"48,9124390"," -1,4450710",50,2019,80.0,1.0,1.0,3.0,2268020,2.0,1,1,1,5.0,,0.0,0,1947.0,B01,138Â 201Â 360,1.0,-1.0,-1.0,1731168,1.0,7,,0.0,2.0,3.0,B01,138Â 201Â 360,1.0
1014185,201900055716,7,14,12:15,1,1,1,1.0,1.0,50109,RD 13 le pont au ferrey,M,"48,9124390"," -1,4450710",50,2019,80.0,1.0,1.0,3.0,2268020,2.0,1,1,1,5.0,,0.0,0,1947.0,B01,138Â 201Â 360,1.0,-1.0,-1.0,1731169,2.0,33,,0.0,2.0,1.0,A01,138Â 201Â 361,1.0
1014185,201900055716,7,14,12:15,1,1,1,1.0,1.0,50109,RD 13 le pont au ferrey,M,"48,9124390"," -1,4450710",50,2019,80.0,1.0,1.0,3.0,2268021,1.0,2,4,2,5.0,,0.0,0,1946.0,B01,138Â 201Â 360,1.0,-1.0,-1.0,1731168,1.0,7,,0.0,2.0,3.0,B01,138Â 201Â 360,1.0
1014185,201900055716,7,14,12:15,1,1,1,1.0,1.0,50109,RD 13 le pont au ferrey,M,"48,9124390"," -1,4450710",50,2019,80.0,1.0,1.0,3.0,2268021,1.0,2,4,2,5.0,,0.0,0,1946.0,B01,138Â 201Â 360,1.0,-1.0,-1.0,1731169,2.0,33,,0.0,2.0,1.0,A01,138Â 201Â 361,1.0