Unnamed: 0_x,num_acc,mois,jour,hrmn,lum,agg,int,atm,col,com,adr,gps,lat,long,dep,annee,vma,situ,surf,catr,Unnamed: 0_y,place,catu,grav,sexe,trajet,secu,locp,actp,an_nais,num_veh_x,id_vehicule_x,secu1,secu2,secu3,Unnamed: 0,senc,catv,occutc,obs,obsm,choc,num_veh_y,id_vehicule_y,motor
1014185,201900055716,7,14,12:15,1,1,1,1.0,1.0,50109,RD 13 le pont au ferrey,M,"48,9124390"," -1,4450710",50,2019,80.0,1.0,1.0,3.0,2268022,1.0,1,3,1,5.0,,0.0,0,1985.0,A01,138Â 201Â 361,2.0,-1.0,-1.0,1731168,1.0,7,,0.0,2.0,3.0,B01,138Â 201Â 360,1.0
1014185,201900055716,7,14,12:15,1,1,1,1.0,1.0,50109,RD 13 le pont au ferrey,M,"48,9124390"," -1,4450710",50,2019,80.0,1.0,1.0,3.0,2268022,1.0,1,3,1,5.0,,0.0,0,1985.0,A01,138Â 201Â 361,2.0,-1.0,-1.0,1731169,2.0,33,,0.0,2.0,1.0,A01,138Â 201Â 361,1.0
1014185,201900055716,7,14,12:15,1,1,1,1.0,1.0,50109,RD 13 le pont au ferrey,M,"48,9124390"," -1,4450710",50,2019,80.0,1.0,1.0,3.0,2268023,2.0,2,3,2,5.0,,0.0,0,2007.0,A01,138Â 201Â 361,2.0,-1.0,-1.0,1731168,1.0,7,,0.0,2.0,3.0,B01,138Â 201Â 360,1.0
1014185,201900055716,7,14,12:15,1,1,1,1.0,1.0,50109,RD 13 le pont au ferrey,M,"48,9124390"," -1,4450710",50,2019,80.0,1.0,1.0,3.0,2268023,2.0,2,3,2,5.0,,0.0,0,2007.0,A01,138Â 201Â 361,2.0,-1.0,-1.0,1731169,2.0,33,,0.0,2.0,1.0,A01,138Â 201Â 361,1.0
1014186,201900055717,7,13,17:00,1,1,1,1.0,7.0,50523,La FiÃ¨re,M,"49,4045460"," -1,3538750",50,2019,80.0,3.0,1.0,3.0,2268024,1.0,1,4,1,5.0,,0.0,0,1991.0,A01,138Â 201Â 359,1.0,-1.0,-1.0,1731170,0.0,7,,13.0,0.0,2.0,A01,138Â 201Â 359,1.0
1014187,201900055718,7,12,22:30,3,1,1,1.0,6.0,60151,DÃ©partmentale 81,M,"49,4315695","2,9176208",60,2019,80.0,1.0,1.0,3.0,2268025,1.0,1,4,2,5.0,,0.0,0,1996.0,A01,138Â 201Â 358,2.0,6.0,-1.0,1731171,2.0,33,,0.0,6.0,3.0,A01,138Â 201Â 358,1.0
1014188,201900055719,7,13,00:40,3,1,1,1.0,6.0,60628,N31,M,"49,4222996","2,1527905",60,2019,80.0,1.0,1.0,2.0,2268026,1.0,1,3,2,5.0,,0.0,0,1950.0,A01,138Â 201Â 357,1.0,-1.0,-1.0,1731172,1.0,7,,4.0,0.0,1.0,A01,138Â 201Â 357,1.0
1014189,201900055720,7,13,09:10,1,2,2,7.0,3.0,45146,R G BEAUMARIE - R DE LA ROTONDE,M,"47,7188400","1,9374820",45,2019,50.0,1.0,1.0,4.0,2268027,1.0,1,1,1,1.0,,0.0,0,1968.0,B01,138Â 201Â 355,8.0,-1.0,-1.0,1731173,2.0,7,,0.0,2.0,1.0,B01,138Â 201Â 355,1.0
1014189,201900055720,7,13,09:10,1,2,2,7.0,3.0,45146,R G BEAUMARIE - R DE LA ROTONDE,M,"47,7188400","1,9374820",45,2019,50.0,1.0,1.0,4.0,2268027,1.0,1,1,1,1.0,,0.0,0,1968.0,B01,138Â 201Â 355,8.0,-1.0,-1.0,1731174,2.0,7,,6.0,2.0,8.0,A01,138Â 201Â 356,1.0
1014189,201900055720,7,13,09:10,1,2,2,7.0,3.0,45146,R G BEAUMARIE - R DE LA ROTONDE,M,"47,7188400","1,9374820",45,2019,50.0,1.0,1.0,4.0,2268028,2.0,2,1,2,1.0,,0.0,0,1974.0,B01,138Â 201Â 355,8.0,-1.0,-1.0,1731173,2.0,7,,0.0,2.0,1.0,B01,138Â 201Â 355,1.0
1014189,201900055720,7,13,09:10,1,2,2,7.0,3.0,45146,R G BEAUMARIE - R DE LA ROTONDE,M,"47,7188400","1,9374820",45,2019,50.0,1.0,1.0,4.0,2268028,2.0,2,1,2,1.0,,0.0,0,1974.0,B01,138Â 201Â 355,8.0,-1.0,-1.0,1731174,2.0,7,,6.0,2.0,8.0,A01,138Â 201Â 356,1.0
1014189,201900055720,7,13,09:10,1,2,2,7.0,3.0,45146,R G BEAUMARIE - R DE LA ROTONDE,M,"47,7188400","1,9374820",45,2019,50.0,1.0,1.0,4.0,2268029,1.0,1,4,1,5.0,,0.0,0,1987.0,A01,138Â 201Â 356,8.0,-1.0,-1.0,1731173,2.0,7,,0.0,2.0,1.0,B01,138Â 201Â 355,1.0
1014189,201900055720,7,13,09:10,1,2,2,7.0,3.0,45146,R G BEAUMARIE - R DE LA ROTONDE,M,"47,7188400","1,9374820",45,2019,50.0,1.0,1.0,4.0,2268029,1.0,1,4,1,5.0,,0.0,0,1987.0,A01,138Â 201Â 356,8.0,-1.0,-1.0,1731174,2.0,7,,6.0,2.0,8.0,A01,138Â 201Â 356,1.0
1014190,201900055721,7,12,18:15,1,1,1,7.0,1.0,64040,Route de Lanne - CD 918,M,"43,1004767"," -0,7245380",64,2019,80.0,1.0,1.0,3.0,2268030,2.0,2,3,2,5.0,,0.0,0,2003.0,B01,138Â 201Â 353,2.0,-1.0,-1.0,1731175,2.0,2,,0.0,2.0,1.0,B01,138Â 201Â 353,1.0
1014190,201900055721,7,12,18:15,1,1,1,7.0,1.0,64040,Route de Lanne - CD 918,M,"43,1004767"," -0,7245380",64,2019,80.0,1.0,1.0,3.0,2268030,2.0,2,3,2,5.0,,0.0,0,2003.0,B01,138Â 201Â 353,2.0,-1.0,-1.0,1731176,1.0,7,,0.0,2.0,1.0,A01,138Â 201Â 354,1.0
1014190,201900055721,7,12,18:15,1,1,1,7.0,1.0,64040,Route de Lanne - CD 918,M,"43,1004767"," -0,7245380",64,2019,80.0,1.0,1.0,3.0,2268031,1.0,1,2,2,5.0,,0.0,0,2003.0,B01,138Â 201Â 353,2.0,6.0,-1.0,1731175,2.0,2,,0.0,2.0,1.0,B01,138Â 201Â 353,1.0
1014190,201900055721,7,12,18:15,1,1,1,7.0,1.0,64040,Route de Lanne - CD 918,M,"43,1004767"," -0,7245380",64,2019,80.0,1.0,1.0,3.0,2268031,1.0,1,2,2,5.0,,0.0,0,2003.0,B01,138Â 201Â 353,2.0,6.0,-1.0,1731176,1.0,7,,0.0,2.0,1.0,A01,138Â 201Â 354,1.0
1014190,201900055721,7,12,18:15,1,1,1,7.0,1.0,64040,Route de Lanne - CD 918,M,"43,1004767"," -0,7245380",64,2019,80.0,1.0,1.0,3.0,2268032,2.0,2,4,2,5.0,,0.0,0,1950.0,A01,138Â 201Â 354,1.0,-1.0,-1.0,1731175,2.0,2,,0.0,2.0,1.0,B01,138Â 201Â 353,1.0
1014190,201900055721,7,12,18:15,1,1,1,7.0,1.0,64040,Route de Lanne - CD 918,M,"43,1004767"," -0,7245380",64,2019,80.0,1.0,1.0,3.0,2268032,2.0,2,4,2,5.0,,0.0,0,1950.0,A01,138Â 201Â 354,1.0,-1.0,-1.0,1731176,1.0,7,,0.0,2.0,1.0,A01,138Â 201Â 354,1.0
1014190,201900055721,7,12,18:15,1,1,1,7.0,1.0,64040,Route de Lanne - CD 918,M,"43,1004767"," -0,7245380",64,2019,80.0,1.0,1.0,3.0,2268033,1.0,1,1,1,5.0,,0.0,0,1949.0,A01,138Â 201Â 354,1.0,-1.0,-1.0,1731175,2.0,2,,0.0,2.0,1.0,B01,138Â 201Â 353,1.0
1014190,201900055721,7,12,18:15,1,1,1,7.0,1.0,64040,Route de Lanne - CD 918,M,"43,1004767"," -0,7245380",64,2019,80.0,1.0,1.0,3.0,2268033,1.0,1,1,1,5.0,,0.0,0,1949.0,A01,138Â 201Â 354,1.0,-1.0,-1.0,1731176,1.0,7,,0.0,2.0,1.0,A01,138Â 201Â 354,1.0
1014191,201900055722,7,12,09:55,1,1,2,1.0,3.0,73159,D202 Villarbet,M,"45,4710523","6,0785374",73,2019,80.0,1.0,1.0,3.0,2268034,1.0,1,4,1,5.0,,0.0,0,1970.0,B01,138Â 201Â 350,2.0,-1.0,-1.0,1731177,1.0,1,,0.0,2.0,1.0,B01,138Â 201Â 350,5.0
1014191,201900055722,7,12,09:55,1,1,2,1.0,3.0,73159,D202 Villarbet,M,"45,4710523","6,0785374",73,2019,80.0,1.0,1.0,3.0,2268034,1.0,1,4,1,5.0,,0.0,0,1970.0,B01,138Â 201Â 350,2.0,-1.0,-1.0,1731178,2.0,7,,0.0,2.0,2.0,A01,138Â 201Â 351,1.0
1014191,201900055722,7,12,09:55,1,1,2,1.0,3.0,73159,D202 Villarbet,M,"45,4710523","6,0785374",73,2019,80.0,1.0,1.0,3.0,2268035,1.0,1,1,2,5.0,,0.0,0,1999.0,A01,138Â 201Â 351,1.0,-1.0,-1.0,1731177,1.0,1,,0.0,2.0,1.0,B01,138Â 201Â 350,5.0
1014191,201900055722,7,12,09:55,1,1,2,1.0,3.0,73159,D202 Villarbet,M,"45,4710523","6,0785374",73,2019,80.0,1.0,1.0,3.0,2268035,1.0,1,1,2,5.0,,0.0,0,1999.0,A01,138Â 201Â 351,1.0,-1.0,-1.0,1731178,2.0,7,,0.0,2.0,2.0,A01,138Â 201Â 351,1.0
1014192,201900055723,7,14,04:49,2,1,1,1.0,6.0,18235,RD 955,M,"47,1598440","2,5237080",18,2019,80.0,3.0,1.0,3.0,2268036,1.0,1,1,1,5.0,,0.0,0,2001.0,A01,138Â 201Â 349,8.0,-1.0,-1.0,1731179,0.0,7,,13.0,0.0,1.0,A01,138Â 201Â 349,1.0
1014192,201900055723,7,14,04:49,2,1,1,1.0,6.0,18235,RD 955,M,"47,1598440","2,5237080",18,2019,80.0,3.0,1.0,3.0,2268037,2.0,2,4,1,5.0,,0.0,0,2001.0,A01,138Â 201Â 349,8.0,-1.0,-1.0,1731179,0.0,7,,13.0,0.0,1.0,A01,138Â 201Â 349,1.0
1014192,201900055723,7,14,04:49,2,1,1,1.0,6.0,18235,RD 955,M,"47,1598440","2,5237080",18,2019,80.0,3.0,1.0,3.0,2268038,7.0,2,3,1,5.0,,0.0,0,2002.0,A01,138Â 201Â 349,8.0,-1.0,-1.0,1731179,0.0,7,,13.0,0.0,1.0,A01,138Â 201Â 349,1.0
1014193,201900055724,7,13,02:30,3,1,1,1.0,7.0,18166,Rue des Alouettes,M,"47,0991570","2,5645200",18,2019,50.0,8.0,1.0,3.0,2268039,2.0,2,1,2,5.0,,0.0,0,2001.0,A01,138Â 201Â 348,1.0,-1.0,-1.0,1731180,1.0,7,,0.0,0.0,0.0,A01,138Â 201Â 348,1.0
1014193,201900055724,7,13,02:30,3,1,1,1.0,7.0,18166,Rue des Alouettes,M,"47,0991570","2,5645200",18,2019,50.0,8.0,1.0,3.0,2268040,1.0,1,4,1,5.0,,0.0,0,2000.0,A01,138Â 201Â 348,1.0,-1.0,-1.0,1731180,1.0,7,,0.0,0.0,0.0,A01,138Â 201Â 348,1.0
1014194,201900055725,7,13,23:15,3,1,1,1.0,6.0,43186,chaudeyrac,M,"44,9690320","4,1655450",43,2019,50.0,8.0,9.0,3.0,2268041,1.0,1,3,2,5.0,,0.0,0,1979.0,A01,138Â 201Â 347,1.0,-1.0,-1.0,1731181,2.0,7,,2.0,0.0,1.0,A01,138Â 201Â 347,1.0
1014194,201900055725,7,13,23:15,3,1,1,1.0,6.0,43186,chaudeyrac,M,"44,9690320","4,1655450",43,2019,50.0,8.0,9.0,3.0,2268042,9.0,2,1,2,5.0,,0.0,0,2012.0,A01,138Â 201Â 347,1.0,3.0,-1.0,1731181,2.0,7,,2.0,0.0,1.0,A01,138Â 201Â 347,1.0
1014195,201900055726,5,17,12:15,1,1,3,2.0,1.0,07349,D86E,M,"44,8149670","4,7921530",7,2019,70.0,1.0,2.0,3.0,2268043,1.0,1,1,1,0.0,,0.0,0,1965.0,A01,138Â 201Â 345,1.0,-1.0,-1.0,1731182,1.0,7,,0.0,2.0,1.0,A01,138Â 201Â 345,1.0
1014195,201900055726,5,17,12:15,1,1,3,2.0,1.0,07349,D86E,M,"44,8149670","4,7921530",7,2019,70.0,1.0,2.0,3.0,2268043,1.0,1,1,1,0.0,,0.0,0,1965.0,A01,138Â 201Â 345,1.0,-1.0,-1.0,1731183,2.0,7,,0.0,2.0,1.0,B01,138Â 201Â 346,1.0
1014195,201900055726,5,17,12:15,1,1,3,2.0,1.0,07349,D86E,M,"44,8149670","4,7921530",7,2019,70.0,1.0,2.0,3.0,2268044,1.0,1,3,1,0.0,,0.0,0,1972.0,B01,138Â 201Â 346,1.0,-1.0,-1.0,1731182,1.0,7,,0.0,2.0,1.0,A01,138Â 201Â 345,1.0
1014195,201900055726,5,17,12:15,1,1,3,2.0,1.0,07349,D86E,M,"44,8149670","4,7921530",7,2019,70.0,1.0,2.0,3.0,2268044,1.0,1,3,1,0.0,,0.0,0,1972.0,B01,138Â 201Â 346,1.0,-1.0,-1.0,1731183,2.0,7,,0.0,2.0,1.0,B01,138Â 201Â 346,1.0
1014196,201900055727,7,11,17:50,1,2,6,1.0,2.0,53107,Rue du Douanier Rousseau,M,"48,4109920"," -0,8059310",53,2019,50.0,1.0,1.0,3.0,2268045,2.0,2,1,1,5.0,,0.0,0,2001.0,A01,138Â 201Â 343,2.0,6.0,-1.0,1731184,2.0,2,,0.0,2.0,1.0,A01,138Â 201Â 343,1.0
1014196,201900055727,7,11,17:50,1,2,6,1.0,2.0,53107,Rue du Douanier Rousseau,M,"48,4109920"," -0,8059310",53,2019,50.0,1.0,1.0,3.0,2268045,2.0,2,1,1,5.0,,0.0,0,2001.0,A01,138Â 201Â 343,2.0,6.0,-1.0,1731185,2.0,10,,0.0,0.0,6.0,B01,138Â 201Â 344,1.0
1014196,201900055727,7,11,17:50,1,2,6,1.0,2.0,53107,Rue du Douanier Rousseau,M,"48,4109920"," -0,8059310",53,2019,50.0,1.0,1.0,3.0,2268046,1.0,1,4,1,5.0,,0.0,0,2004.0,A01,138Â 201Â 343,2.0,6.0,-1.0,1731184,2.0,2,,0.0,2.0,1.0,A01,138Â 201Â 343,1.0
1014196,201900055727,7,11,17:50,1,2,6,1.0,2.0,53107,Rue du Douanier Rousseau,M,"48,4109920"," -0,8059310",53,2019,50.0,1.0,1.0,3.0,2268046,1.0,1,4,1,5.0,,0.0,0,2004.0,A01,138Â 201Â 343,2.0,6.0,-1.0,1731185,2.0,10,,0.0,0.0,6.0,B01,138Â 201Â 344,1.0
1014196,201900055727,7,11,17:50,1,2,6,1.0,2.0,53107,Rue du Douanier Rousseau,M,"48,4109920"," -0,8059310",53,2019,50.0,1.0,1.0,3.0,2268047,1.0,1,1,1,5.0,,0.0,0,1955.0,B01,138Â 201Â 344,1.0,-1.0,-1.0,1731184,2.0,2,,0.0,2.0,1.0,A01,138Â 201Â 343,1.0
1014196,201900055727,7,11,17:50,1,2,6,1.0,2.0,53107,Rue du Douanier Rousseau,M,"48,4109920"," -0,8059310",53,2019,50.0,1.0,1.0,3.0,2268047,1.0,1,1,1,5.0,,0.0,0,1955.0,B01,138Â 201Â 344,1.0,-1.0,-1.0,1731185,2.0,10,,0.0,0.0,6.0,B01,138Â 201Â 344,1.0
1014196,201900055727,7,11,17:50,1,2,6,1.0,2.0,53107,Rue du Douanier Rousseau,M,"48,4109920"," -0,8059310",53,2019,50.0,1.0,1.0,3.0,2268048,2.0,2,1,2,5.0,,0.0,0,1955.0,B01,138Â 201Â 344,1.0,-1.0,-1.0,1731184,2.0,2,,0.0,2.0,1.0,A01,138Â 201Â 343,1.0
1014196,201900055727,7,11,17:50,1,2,6,1.0,2.0,53107,Rue du Douanier Rousseau,M,"48,4109920"," -0,8059310",53,2019,50.0,1.0,1.0,3.0,2268048,2.0,2,1,2,5.0,,0.0,0,1955.0,B01,138Â 201Â 344,1.0,-1.0,-1.0,1731185,2.0,10,,0.0,0.0,6.0,B01,138Â 201Â 344,1.0
1014197,201900055728,7,14,12:15,1,2,1,1.0,7.0,53222,8 Rue de la Mairie,M,"48,2206920"," -0,7346320",53,2019,50.0,1.0,1.0,3.0,2268049,3.0,2,1,1,5.0,,0.0,0,2007.0,A01,138Â 201Â 342,2.0,9.0,-1.0,1731186,2.0,33,,0.0,0.0,9.0,A01,138Â 201Â 342,1.0
1014197,201900055728,7,14,12:15,1,2,1,1.0,7.0,53222,8 Rue de la Mairie,M,"48,2206920"," -0,7346320",53,2019,50.0,1.0,1.0,3.0,2268050,1.0,1,3,1,5.0,,0.0,0,1978.0,A01,138Â 201Â 342,2.0,9.0,-1.0,1731186,2.0,33,,0.0,0.0,9.0,A01,138Â 201Â 342,1.0
1014198,201900055729,7,9,21:00,1,2,1,1.0,7.0,53182,19 Rue du Huit Mai 1945,M,"48,1153850"," -0,9727750",53,2019,50.0,1.0,1.0,4.0,2268051,1.0,1,4,2,5.0,,0.0,0,2001.0,A01,138Â 201Â 341,2.0,6.0,9.0,1731187,2.0,2,,0.0,0.0,3.0,A01,138Â 201Â 341,1.0
1014199,201900055730,7,12,09:05,1,1,1,1.0,6.0,21387,RD973,M,"47,0070690","4,9566920",21,2019,-1.0,3.0,1.0,3.0,2268052,1.0,1,3,2,5.0,,0.0,0,1957.0,A01,138Â 201Â 340,1.0,-1.0,-1.0,1731188,2.0,7,,15.0,0.0,2.0,A01,138Â 201Â 340,1.0
1014200,201900055731,6,18,22:40,5,2,6,1.0,6.0,40009,Rond-Point RD38,M,"44,0149280"," -0,8458210",40,2019,50.0,3.0,1.0,3.0,2268053,9.0,2,4,2,5.0,,0.0,0,1995.0,A01,138Â 201Â 339,0.0,-1.0,-1.0,1731189,2.0,7,,12.0,0.0,7.0,A01,138Â 201Â 339,1.0
1014200,201900055731,6,18,22:40,5,2,6,1.0,6.0,40009,Rond-Point RD38,M,"44,0149280"," -0,8458210",40,2019,50.0,3.0,1.0,3.0,2268054,1.0,1,4,1,5.0,,0.0,0,1998.0,A01,138Â 201Â 339,1.0,-1.0,-1.0,1731189,2.0,7,,12.0,0.0,7.0,A01,138Â 201Â 339,1.0
1014200,201900055731,6,18,22:40,5,2,6,1.0,6.0,40009,Rond-Point RD38,M,"44,0149280"," -0,8458210",40,2019,50.0,3.0,1.0,3.0,2268055,2.0,2,4,2,5.0,,0.0,0,1994.0,A01,138Â 201Â 339,1.0,-1.0,-1.0,1731189,2.0,7,,12.0,0.0,7.0,A01,138Â 201Â 339,1.0
1014201,201900055732,7,14,15:00,1,1,1,1.0,7.0,24330,La Rousselie,M,"45,0704000","1,0423800",24,2019,80.0,3.0,1.0,4.0,2268056,1.0,1,2,1,5.0,,0.0,0,1999.0,A01,138Â 201Â 338,0.0,-1.0,-1.0,1731190,3.0,2,,8.0,0.0,8.0,A01,138Â 201Â 338,1.0
1014202,201900055733,7,10,06:15,2,1,1,1.0,6.0,04066,RD 4,M,"44,4040579","5,9801242",4,2019,80.0,8.0,9.0,3.0,2268057,1.0,1,3,1,1.0,,0.0,0,1999.0,A01,138Â 201Â 337,8.0,-1.0,-1.0,1731191,2.0,7,,6.0,0.0,2.0,A01,138Â 201Â 337,1.0
1014203,201900055734,7,13,14:15,1,1,1,1.0,7.0,04104,RD 950,M,"43,9936050","5,7375490",4,2019,80.0,3.0,1.0,3.0,2268058,1.0,1,4,1,5.0,,0.0,0,2000.0,A01,138Â 201Â 336,2.0,6.0,-1.0,1731192,1.0,33,,0.0,0.0,0.0,A01,138Â 201Â 336,1.0
1014204,201900055735,7,12,14:05,1,1,1,1.0,1.0,04111,RD 13,M,"43,9224830","5,7775460",4,2019,80.0,1.0,1.0,3.0,2268059,1.0,1,2,2,5.0,,0.0,0,1945.0,A01,138Â 201Â 334,1.0,-1.0,-1.0,1731193,1.0,7,,0.0,2.0,3.0,A01,138Â 201Â 334,1.0
1014204,201900055735,7,12,14:05,1,1,1,1.0,1.0,04111,RD 13,M,"43,9224830","5,7775460",4,2019,80.0,1.0,1.0,3.0,2268059,1.0,1,2,2,5.0,,0.0,0,1945.0,A01,138Â 201Â 334,1.0,-1.0,-1.0,1731194,2.0,7,,0.0,2.0,3.0,B01,138Â 201Â 335,1.0
1014204,201900055735,7,12,14:05,1,1,1,1.0,1.0,04111,RD 13,M,"43,9224830","5,7775460",4,2019,80.0,1.0,1.0,3.0,2268060,1.0,1,2,2,3.0,,0.0,0,1981.0,B01,138Â 201Â 335,1.0,-1.0,-1.0,1731193,1.0,7,,0.0,2.0,3.0,A01,138Â 201Â 334,1.0
1014204,201900055735,7,12,14:05,1,1,1,1.0,1.0,04111,RD 13,M,"43,9224830","5,7775460",4,2019,80.0,1.0,1.0,3.0,2268060,1.0,1,2,2,3.0,,0.0,0,1981.0,B01,138Â 201Â 335,1.0,-1.0,-1.0,1731194,2.0,7,,0.0,2.0,3.0,B01,138Â 201Â 335,1.0
1014205,201900055736,7,12,11:10,1,2,1,1.0,7.0,04166,RD 952,M,"43,8184070","6,1010750",4,2019,50.0,1.0,1.0,3.0,2268061,1.0,1,4,1,5.0,,0.0,0,2004.0,A01,138Â 201Â 333,2.0,-1.0,-1.0,1731195,1.0,1,,0.0,0.0,8.0,A01,138Â 201Â 333,5.0
1014206,201900055737,7,11,17:25,1,1,1,1.0,3.0,85142,Rue des Essarts,M,"46,7718100"," -1,3095600",85,2019,80.0,1.0,1.0,3.0,2268062,1.0,1,3,1,1.0,,0.0,0,1989.0,B01,138Â 201Â 328,8.0,-1.0,-1.0,1731196,1.0,7,,13.0,0.0,3.0,B01,138Â 201Â 328,1.0
1014206,201900055737,7,11,17:25,1,1,1,1.0,3.0,85142,Rue des Essarts,M,"46,7718100"," -1,3095600",85,2019,80.0,1.0,1.0,3.0,2268062,1.0,1,3,1,1.0,,0.0,0,1989.0,B01,138Â 201Â 328,8.0,-1.0,-1.0,1731197,2.0,7,,0.0,0.0,6.0,A01,138Â 201Â 329,1.0
1014206,201900055737,7,11,17:25,1,1,1,1.0,3.0,85142,Rue des Essarts,M,"46,7718100"," -1,3095600",85,2019,80.0,1.0,1.0,3.0,2268063,1.0,1,1,2,1.0,,0.0,0,1971.0,A01,138Â 201Â 329,1.0,-1.0,-1.0,1731196,1.0,7,,13.0,0.0,3.0,B01,138Â 201Â 328,1.0
1014206,201900055737,7,11,17:25,1,1,1,1.0,3.0,85142,Rue des Essarts,M,"46,7718100"," -1,3095600",85,2019,80.0,1.0,1.0,3.0,2268063,1.0,1,1,2,1.0,,0.0,0,1971.0,A01,138Â 201Â 329,1.0,-1.0,-1.0,1731197,2.0,7,,0.0,0.0,6.0,A01,138Â 201Â 329,1.0
1014207,201900055738,7,14,02:27,5,2,1,1.0,6.0,27467,95 TER Route de Rouen,M,"49,3557400","0,5267870",27,2019,50.0,4.0,1.0,3.0,2268064,1.0,1,3,1,5.0,,0.0,0,1993.0,A01,138Â 201Â 327,1.0,-1.0,-1.0,1731198,2.0,7,,2.0,0.0,2.0,A01,138Â 201Â 327,1.0
1014208,201900055739,7,11,21:25,1,2,1,1.0,6.0,28023,RUE DE L'ANCIENNE GARE,M,"48,5341480","1,6533390",28,2019,50.0,3.0,1.0,3.0,2268065,1.0,1,3,1,0.0,,0.0,0,1986.0,A01,138Â 201Â 326,0.0,-1.0,-1.0,1731199,1.0,7,,6.0,0.0,1.0,A01,138Â 201Â 326,1.0
1014209,201900055740,7,13,19:05,1,1,1,1.0,1.0,17212,RD 224,M,"45,8291920"," -0,2398380",17,2019,80.0,1.0,1.0,3.0,2268066,1.0,1,3,1,5.0,,0.0,0,1999.0,B01,138Â 201Â 324,8.0,-1.0,-1.0,1731200,1.0,7,,0.0,2.0,3.0,B01,138Â 201Â 324,1.0
1014209,201900055740,7,13,19:05,1,1,1,1.0,1.0,17212,RD 224,M,"45,8291920"," -0,2398380",17,2019,80.0,1.0,1.0,3.0,2268066,1.0,1,3,1,5.0,,0.0,0,1999.0,B01,138Â 201Â 324,8.0,-1.0,-1.0,1731201,2.0,7,,0.0,2.0,3.0,A01,138Â 201Â 325,1.0
1014209,201900055740,7,13,19:05,1,1,1,1.0,1.0,17212,RD 224,M,"45,8291920"," -0,2398380",17,2019,80.0,1.0,1.0,3.0,2268067,1.0,1,4,1,5.0,,0.0,0,1993.0,A01,138Â 201Â 325,8.0,-1.0,-1.0,1731200,1.0,7,,0.0,2.0,3.0,B01,138Â 201Â 324,1.0
1014209,201900055740,7,13,19:05,1,1,1,1.0,1.0,17212,RD 224,M,"45,8291920"," -0,2398380",17,2019,80.0,1.0,1.0,3.0,2268067,1.0,1,4,1,5.0,,0.0,0,1993.0,A01,138Â 201Â 325,8.0,-1.0,-1.0,1731201,2.0,7,,0.0,2.0,3.0,A01,138Â 201Â 325,1.0
1014210,201900055741,7,14,03:15,5,2,1,1.0,6.0,17241,ZI Clairvent,M,"45,2111580"," -0,1757600",17,2019,-1.0,1.0,1.0,6.0,2268068,1.0,1,3,1,5.0,,0.0,0,1994.0,A01,138Â 201Â 323,0.0,-1.0,-1.0,1731202,3.0,33,,12.0,0.0,1.0,A01,138Â 201Â 323,1.0
1014211,201900055742,7,13,10:25,1,1,2,1.0,3.0,37173,dÃ©partementale 12,M,"47,1685640","1,2810902",37,2019,80.0,1.0,1.0,3.0,2268069,4.0,2,1,1,9.0,,0.0,0,2015.0,A01,138Â 201Â 321,1.0,9.0,-1.0,1731203,0.0,7,,0.0,2.0,2.0,A01,138Â 201Â 321,1.0
1014211,201900055742,7,13,10:25,1,1,2,1.0,3.0,37173,dÃ©partementale 12,M,"47,1685640","1,2810902",37,2019,80.0,1.0,1.0,3.0,2268069,4.0,2,1,1,9.0,,0.0,0,2015.0,A01,138Â 201Â 321,1.0,9.0,-1.0,1731204,0.0,7,,0.0,2.0,1.0,B01,138Â 201Â 322,0.0
1014211,201900055742,7,13,10:25,1,1,2,1.0,3.0,37173,dÃ©partementale 12,M,"47,1685640","1,2810902",37,2019,80.0,1.0,1.0,3.0,2268070,3.0,2,1,2,0.0,,0.0,0,2017.0,A01,138Â 201Â 321,1.0,9.0,-1.0,1731203,0.0,7,,0.0,2.0,2.0,A01,138Â 201Â 321,1.0
1014211,201900055742,7,13,10:25,1,1,2,1.0,3.0,37173,dÃ©partementale 12,M,"47,1685640","1,2810902",37,2019,80.0,1.0,1.0,3.0,2268070,3.0,2,1,2,0.0,,0.0,0,2017.0,A01,138Â 201Â 321,1.0,9.0,-1.0,1731204,0.0,7,,0.0,2.0,1.0,B01,138Â 201Â 322,0.0
1014211,201900055742,7,13,10:25,1,1,2,1.0,3.0,37173,dÃ©partementale 12,M,"47,1685640","1,2810902",37,2019,80.0,1.0,1.0,3.0,2268071,1.0,1,4,2,9.0,,0.0,0,1983.0,A01,138Â 201Â 321,1.0,5.0,-1.0,1731203,0.0,7,,0.0,2.0,2.0,A01,138Â 201Â 321,1.0
1014211,201900055742,7,13,10:25,1,1,2,1.0,3.0,37173,dÃ©partementale 12,M,"47,1685640","1,2810902",37,2019,80.0,1.0,1.0,3.0,2268071,1.0,1,4,2,9.0,,0.0,0,1983.0,A01,138Â 201Â 321,1.0,5.0,-1.0,1731204,0.0,7,,0.0,2.0,1.0,B01,138Â 201Â 322,0.0
1014211,201900055742,7,13,10:25,1,1,2,1.0,3.0,37173,dÃ©partementale 12,M,"47,1685640","1,2810902",37,2019,80.0,1.0,1.0,3.0,2268072,1.0,1,3,1,9.0,,0.0,0,2000.0,B01,138Â 201Â 322,1.0,-1.0,-1.0,1731203,0.0,7,,0.0,2.0,2.0,A01,138Â 201Â 321,1.0
1014211,201900055742,7,13,10:25,1,1,2,1.0,3.0,37173,dÃ©partementale 12,M,"47,1685640","1,2810902",37,2019,80.0,1.0,1.0,3.0,2268072,1.0,1,3,1,9.0,,0.0,0,2000.0,B01,138Â 201Â 322,1.0,-1.0,-1.0,1731204,0.0,7,,0.0,2.0,1.0,B01,138Â 201Â 322,0.0