Unnamed: 0_x,num_acc,mois,jour,hrmn,lum,agg,int,atm,col,com,adr,gps,lat,long,dep,annee,vma,situ,surf,catr,Unnamed: 0_y,place,catu,grav,sexe,trajet,secu,locp,actp,an_nais,num_veh_x,id_vehicule_x,secu1,secu2,secu3,Unnamed: 0,senc,catv,occutc,obs,obsm,choc,num_veh_y,id_vehicule_y,motor
1014212,201900055743,7,12,17:50,1,2,2,1.0,3.0,37109,Rue EugÃ¨ne Gouin,M,"47,4045400","0,5997308",37,2019,50.0,1.0,1.0,3.0,2268073,1.0,1,1,2,5.0,,0.0,0,1994.0,A01,138Â 201Â 319,1.0,-1.0,-1.0,1731205,3.0,7,,0.0,2.0,1.0,A01,138Â 201Â 319,0.0
1014212,201900055743,7,12,17:50,1,2,2,1.0,3.0,37109,Rue EugÃ¨ne Gouin,M,"47,4045400","0,5997308",37,2019,50.0,1.0,1.0,3.0,2268073,1.0,1,1,2,5.0,,0.0,0,1994.0,A01,138Â 201Â 319,1.0,-1.0,-1.0,1731206,3.0,7,,0.0,0.0,8.0,B01,138Â 201Â 320,0.0
1014212,201900055743,7,12,17:50,1,2,2,1.0,3.0,37109,Rue EugÃ¨ne Gouin,M,"47,4045400","0,5997308",37,2019,50.0,1.0,1.0,3.0,2268074,1.0,1,4,1,5.0,,0.0,0,1950.0,B01,138Â 201Â 320,1.0,-1.0,-1.0,1731205,3.0,7,,0.0,2.0,1.0,A01,138Â 201Â 319,0.0
1014212,201900055743,7,12,17:50,1,2,2,1.0,3.0,37109,Rue EugÃ¨ne Gouin,M,"47,4045400","0,5997308",37,2019,50.0,1.0,1.0,3.0,2268074,1.0,1,4,1,5.0,,0.0,0,1950.0,B01,138Â 201Â 320,1.0,-1.0,-1.0,1731206,3.0,7,,0.0,0.0,8.0,B01,138Â 201Â 320,0.0
1014213,201900055744,7,11,11:15,1,2,1,1.0,6.0,30339,Le Gasquet Haut,M,"44,0806230","3,6417630",30,2019,-1.0,8.0,1.0,3.0,2268075,1.0,1,3,2,0.0,,0.0,0,1943.0,A01,138Â 201Â 318,1.0,-1.0,-1.0,1731207,1.0,7,,6.0,0.0,1.0,A01,138Â 201Â 318,0.0
1014214,201900055745,7,12,07:30,1,1,1,1.0,2.0,30255,RN106,M,"43,9538574","4,2394878",30,2019,110.0,1.0,1.0,2.0,2268076,1.0,1,1,1,1.0,,0.0,0,1973.0,A01,138Â 201Â 316,1.0,-1.0,-1.0,1731208,1.0,7,,0.0,9.0,2.0,A01,138Â 201Â 316,1.0
1014214,201900055745,7,12,07:30,1,1,1,1.0,2.0,30255,RN106,M,"43,9538574","4,2394878",30,2019,110.0,1.0,1.0,2.0,2268076,1.0,1,1,1,1.0,,0.0,0,1973.0,A01,138Â 201Â 316,1.0,-1.0,-1.0,1731209,1.0,2,,0.0,2.0,4.0,B01,138Â 201Â 317,1.0
1014214,201900055745,7,12,07:30,1,1,1,1.0,2.0,30255,RN106,M,"43,9538574","4,2394878",30,2019,110.0,1.0,1.0,2.0,2268077,1.0,1,3,1,0.0,,0.0,0,1978.0,B01,138Â 201Â 317,2.0,-1.0,-1.0,1731208,1.0,7,,0.0,9.0,2.0,A01,138Â 201Â 316,1.0
1014214,201900055745,7,12,07:30,1,1,1,1.0,2.0,30255,RN106,M,"43,9538574","4,2394878",30,2019,110.0,1.0,1.0,2.0,2268077,1.0,1,3,1,0.0,,0.0,0,1978.0,B01,138Â 201Â 317,2.0,-1.0,-1.0,1731209,1.0,2,,0.0,2.0,4.0,B01,138Â 201Â 317,1.0
1014215,201900055746,7,14,13:45,1,1,1,1.0,3.0,08214,RD7,M,"50,0167260","4,7558470",8,2019,80.0,1.0,1.0,3.0,2268078,1.0,1,2,1,5.0,,0.0,0,1971.0,A01,138Â 201Â 313,2.0,6.0,9.0,1731210,1.0,33,,0.0,2.0,3.0,A01,138Â 201Â 313,1.0
1014215,201900055746,7,14,13:45,1,1,1,1.0,3.0,08214,RD7,M,"50,0167260","4,7558470",8,2019,80.0,1.0,1.0,3.0,2268078,1.0,1,2,1,5.0,,0.0,0,1971.0,A01,138Â 201Â 313,2.0,6.0,9.0,1731211,2.0,10,,0.0,2.0,3.0,B01,138Â 201Â 314,1.0
1014215,201900055746,7,14,13:45,1,1,1,1.0,3.0,08214,RD7,M,"50,0167260","4,7558470",8,2019,80.0,1.0,1.0,3.0,2268079,1.0,1,1,1,5.0,,0.0,0,1945.0,B01,138Â 201Â 314,1.0,-1.0,-1.0,1731210,1.0,33,,0.0,2.0,3.0,A01,138Â 201Â 313,1.0
1014215,201900055746,7,14,13:45,1,1,1,1.0,3.0,08214,RD7,M,"50,0167260","4,7558470",8,2019,80.0,1.0,1.0,3.0,2268079,1.0,1,1,1,5.0,,0.0,0,1945.0,B01,138Â 201Â 314,1.0,-1.0,-1.0,1731211,2.0,10,,0.0,2.0,3.0,B01,138Â 201Â 314,1.0
1014216,201900055747,7,5,23:00,3,2,1,1.0,1.0,97307,1005 Rue du Champ de Canne,M,"4,8818611"," -52,3210144",973,2019,50.0,1.0,1.0,4.0,2268080,2.0,2,4,2,5.0,,0.0,0,1989.0,B01,138Â 201Â 311,2.0,-1.0,-1.0,1731212,3.0,2,,0.0,2.0,1.0,B01,138Â 201Â 311,1.0
1014216,201900055747,7,5,23:00,3,2,1,1.0,1.0,97307,1005 Rue du Champ de Canne,M,"4,8818611"," -52,3210144",973,2019,50.0,1.0,1.0,4.0,2268080,2.0,2,4,2,5.0,,0.0,0,1989.0,B01,138Â 201Â 311,2.0,-1.0,-1.0,1731213,3.0,2,,0.0,2.0,1.0,A01,138Â 201Â 312,1.0
1014216,201900055747,7,5,23:00,3,2,1,1.0,1.0,97307,1005 Rue du Champ de Canne,M,"4,8818611"," -52,3210144",973,2019,50.0,1.0,1.0,4.0,2268081,2.0,2,3,2,5.0,,0.0,0,1991.0,A01,138Â 201Â 312,2.0,-1.0,-1.0,1731212,3.0,2,,0.0,2.0,1.0,B01,138Â 201Â 311,1.0
1014216,201900055747,7,5,23:00,3,2,1,1.0,1.0,97307,1005 Rue du Champ de Canne,M,"4,8818611"," -52,3210144",973,2019,50.0,1.0,1.0,4.0,2268081,2.0,2,3,2,5.0,,0.0,0,1991.0,A01,138Â 201Â 312,2.0,-1.0,-1.0,1731213,3.0,2,,0.0,2.0,1.0,A01,138Â 201Â 312,1.0
1014216,201900055747,7,5,23:00,3,2,1,1.0,1.0,97307,1005 Rue du Champ de Canne,M,"4,8818611"," -52,3210144",973,2019,50.0,1.0,1.0,4.0,2268082,1.0,1,3,1,5.0,,0.0,0,1989.0,A01,138Â 201Â 312,2.0,-1.0,-1.0,1731212,3.0,2,,0.0,2.0,1.0,B01,138Â 201Â 311,1.0
1014216,201900055747,7,5,23:00,3,2,1,1.0,1.0,97307,1005 Rue du Champ de Canne,M,"4,8818611"," -52,3210144",973,2019,50.0,1.0,1.0,4.0,2268082,1.0,1,3,1,5.0,,0.0,0,1989.0,A01,138Â 201Â 312,2.0,-1.0,-1.0,1731213,3.0,2,,0.0,2.0,1.0,A01,138Â 201Â 312,1.0
1014217,201900055748,7,12,20:00,2,1,1,1.0,7.0,80754,Autoroute A29 PK 163.000,M,"49,8141690","1,9331910",80,2019,130.0,3.0,1.0,1.0,2268083,1.0,1,4,2,5.0,,0.0,0,1994.0,A01,138Â 201Â 310,1.0,-1.0,-1.0,1731214,1.0,7,,13.0,0.0,1.0,A01,138Â 201Â 310,1.0
1014218,201900055749,5,31,15:00,1,1,1,1.0,6.0,80632,Autoroute a 16,M,"49,8945060","2,2307450",80,2019,130.0,1.0,1.0,1.0,2268084,1.0,1,3,1,0.0,,0.0,0,2000.0,A01,138Â 201Â 309,1.0,-1.0,-1.0,1731215,2.0,7,,4.0,0.0,3.0,A01,138Â 201Â 309,1.0
1014219,201900055750,7,13,15:50,1,1,1,1.0,2.0,31395,A64 PK 269+318 en direction de TOULOUSE,M,"43,4382690","1,3093930",31,2019,130.0,1.0,1.0,1.0,2268085,1.0,1,4,1,3.0,,0.0,0,1966.0,B01,138Â 201Â 307,1.0,-1.0,-1.0,1731216,1.0,10,,0.0,0.0,6.0,B01,138Â 201Â 307,1.0
1014219,201900055750,7,13,15:50,1,1,1,1.0,2.0,31395,A64 PK 269+318 en direction de TOULOUSE,M,"43,4382690","1,3093930",31,2019,130.0,1.0,1.0,1.0,2268085,1.0,1,4,1,3.0,,0.0,0,1966.0,B01,138Â 201Â 307,1.0,-1.0,-1.0,1731217,1.0,7,,0.0,2.0,2.0,A01,138Â 201Â 308,1.0
1014219,201900055750,7,13,15:50,1,1,1,1.0,2.0,31395,A64 PK 269+318 en direction de TOULOUSE,M,"43,4382690","1,3093930",31,2019,130.0,1.0,1.0,1.0,2268086,2.0,2,1,2,5.0,,0.0,0,2006.0,A01,138Â 201Â 308,1.0,-1.0,-1.0,1731216,1.0,10,,0.0,0.0,6.0,B01,138Â 201Â 307,1.0
1014219,201900055750,7,13,15:50,1,1,1,1.0,2.0,31395,A64 PK 269+318 en direction de TOULOUSE,M,"43,4382690","1,3093930",31,2019,130.0,1.0,1.0,1.0,2268086,2.0,2,1,2,5.0,,0.0,0,2006.0,A01,138Â 201Â 308,1.0,-1.0,-1.0,1731217,1.0,7,,0.0,2.0,2.0,A01,138Â 201Â 308,1.0
1014219,201900055750,7,13,15:50,1,1,1,1.0,2.0,31395,A64 PK 269+318 en direction de TOULOUSE,M,"43,4382690","1,3093930",31,2019,130.0,1.0,1.0,1.0,2268087,1.0,1,3,2,5.0,,0.0,0,1973.0,A01,138Â 201Â 308,1.0,-1.0,-1.0,1731216,1.0,10,,0.0,0.0,6.0,B01,138Â 201Â 307,1.0
1014219,201900055750,7,13,15:50,1,1,1,1.0,2.0,31395,A64 PK 269+318 en direction de TOULOUSE,M,"43,4382690","1,3093930",31,2019,130.0,1.0,1.0,1.0,2268087,1.0,1,3,2,5.0,,0.0,0,1973.0,A01,138Â 201Â 308,1.0,-1.0,-1.0,1731217,1.0,7,,0.0,2.0,2.0,A01,138Â 201Â 308,1.0
1014219,201900055750,7,13,15:50,1,1,1,1.0,2.0,31395,A64 PK 269+318 en direction de TOULOUSE,M,"43,4382690","1,3093930",31,2019,130.0,1.0,1.0,1.0,2268088,7.0,2,1,2,5.0,,0.0,0,2006.0,A01,138Â 201Â 308,1.0,-1.0,-1.0,1731216,1.0,10,,0.0,0.0,6.0,B01,138Â 201Â 307,1.0
1014219,201900055750,7,13,15:50,1,1,1,1.0,2.0,31395,A64 PK 269+318 en direction de TOULOUSE,M,"43,4382690","1,3093930",31,2019,130.0,1.0,1.0,1.0,2268088,7.0,2,1,2,5.0,,0.0,0,2006.0,A01,138Â 201Â 308,1.0,-1.0,-1.0,1731217,1.0,7,,0.0,2.0,2.0,A01,138Â 201Â 308,1.0
1014220,201900055751,7,12,14:14,1,1,1,1.0,2.0,31107,A64 - PK 253.744,M,"43,3193330","1,2165890",31,2019,130.0,1.0,1.0,1.0,2268089,2.0,2,3,2,9.0,,0.0,0,1943.0,B01,138Â 201Â 305,1.0,-1.0,-1.0,1731218,1.0,7,,3.0,0.0,4.0,B01,138Â 201Â 305,1.0
1014220,201900055751,7,12,14:14,1,1,1,1.0,2.0,31107,A64 - PK 253.744,M,"43,3193330","1,2165890",31,2019,130.0,1.0,1.0,1.0,2268089,2.0,2,3,2,9.0,,0.0,0,1943.0,B01,138Â 201Â 305,1.0,-1.0,-1.0,1731219,1.0,15,,4.0,2.0,2.0,A01,138Â 201Â 306,1.0
1014220,201900055751,7,12,14:14,1,1,1,1.0,2.0,31107,A64 - PK 253.744,M,"43,3193330","1,2165890",31,2019,130.0,1.0,1.0,1.0,2268090,1.0,1,3,1,4.0,,0.0,0,1964.0,B01,138Â 201Â 305,1.0,-1.0,-1.0,1731218,1.0,7,,3.0,0.0,4.0,B01,138Â 201Â 305,1.0
1014220,201900055751,7,12,14:14,1,1,1,1.0,2.0,31107,A64 - PK 253.744,M,"43,3193330","1,2165890",31,2019,130.0,1.0,1.0,1.0,2268090,1.0,1,3,1,4.0,,0.0,0,1964.0,B01,138Â 201Â 305,1.0,-1.0,-1.0,1731219,1.0,15,,4.0,2.0,2.0,A01,138Â 201Â 306,1.0
1014220,201900055751,7,12,14:14,1,1,1,1.0,2.0,31107,A64 - PK 253.744,M,"43,3193330","1,2165890",31,2019,130.0,1.0,1.0,1.0,2268091,9.0,2,2,2,9.0,,0.0,0,1940.0,B01,138Â 201Â 305,1.0,-1.0,-1.0,1731218,1.0,7,,3.0,0.0,4.0,B01,138Â 201Â 305,1.0
1014220,201900055751,7,12,14:14,1,1,1,1.0,2.0,31107,A64 - PK 253.744,M,"43,3193330","1,2165890",31,2019,130.0,1.0,1.0,1.0,2268091,9.0,2,2,2,9.0,,0.0,0,1940.0,B01,138Â 201Â 305,1.0,-1.0,-1.0,1731219,1.0,15,,4.0,2.0,2.0,A01,138Â 201Â 306,1.0
1014220,201900055751,7,12,14:14,1,1,1,1.0,2.0,31107,A64 - PK 253.744,M,"43,3193330","1,2165890",31,2019,130.0,1.0,1.0,1.0,2268092,1.0,1,1,1,4.0,,0.0,0,1979.0,A01,138Â 201Â 306,1.0,-1.0,-1.0,1731218,1.0,7,,3.0,0.0,4.0,B01,138Â 201Â 305,1.0
1014220,201900055751,7,12,14:14,1,1,1,1.0,2.0,31107,A64 - PK 253.744,M,"43,3193330","1,2165890",31,2019,130.0,1.0,1.0,1.0,2268092,1.0,1,1,1,4.0,,0.0,0,1979.0,A01,138Â 201Â 306,1.0,-1.0,-1.0,1731219,1.0,15,,4.0,2.0,2.0,A01,138Â 201Â 306,1.0
1014221,201900055752,7,12,11:35,1,1,1,1.0,2.0,31104,A.64,M,"43,3374870","1,2480460",31,2019,130.0,1.0,1.0,1.0,2268093,2.0,2,4,2,5.0,,0.0,0,1931.0,B01,138Â 201Â 303,1.0,-1.0,-1.0,1731220,1.0,7,,0.0,0.0,4.0,B01,138Â 201Â 303,1.0
1014221,201900055752,7,12,11:35,1,1,1,1.0,2.0,31104,A.64,M,"43,3374870","1,2480460",31,2019,130.0,1.0,1.0,1.0,2268093,2.0,2,4,2,5.0,,0.0,0,1931.0,B01,138Â 201Â 303,1.0,-1.0,-1.0,1731221,1.0,7,,0.0,2.0,1.0,A01,138Â 201Â 304,1.0
1014221,201900055752,7,12,11:35,1,1,1,1.0,2.0,31104,A.64,M,"43,3374870","1,2480460",31,2019,130.0,1.0,1.0,1.0,2268094,1.0,1,2,2,5.0,,0.0,0,1945.0,B01,138Â 201Â 303,1.0,-1.0,-1.0,1731220,1.0,7,,0.0,0.0,4.0,B01,138Â 201Â 303,1.0
1014221,201900055752,7,12,11:35,1,1,1,1.0,2.0,31104,A.64,M,"43,3374870","1,2480460",31,2019,130.0,1.0,1.0,1.0,2268094,1.0,1,2,2,5.0,,0.0,0,1945.0,B01,138Â 201Â 303,1.0,-1.0,-1.0,1731221,1.0,7,,0.0,2.0,1.0,A01,138Â 201Â 304,1.0
1014221,201900055752,7,12,11:35,1,1,1,1.0,2.0,31104,A.64,M,"43,3374870","1,2480460",31,2019,130.0,1.0,1.0,1.0,2268095,1.0,1,1,2,5.0,,0.0,0,1990.0,A01,138Â 201Â 304,1.0,-1.0,-1.0,1731220,1.0,7,,0.0,0.0,4.0,B01,138Â 201Â 303,1.0
1014221,201900055752,7,12,11:35,1,1,1,1.0,2.0,31104,A.64,M,"43,3374870","1,2480460",31,2019,130.0,1.0,1.0,1.0,2268095,1.0,1,1,2,5.0,,0.0,0,1990.0,A01,138Â 201Â 304,1.0,-1.0,-1.0,1731221,1.0,7,,0.0,2.0,1.0,A01,138Â 201Â 304,1.0
1014222,201900055753,7,11,16:15,1,1,1,7.0,2.0,34337,RD 612,M,"43,5528120","3,8383260",34,2019,110.0,1.0,1.0,3.0,2268096,1.0,1,1,1,0.0,,0.0,0,1973.0,B01,138Â 201Â 301,1.0,-1.0,-1.0,1731222,1.0,7,,0.0,2.0,6.0,B01,138Â 201Â 301,1.0
1014222,201900055753,7,11,16:15,1,1,1,7.0,2.0,34337,RD 612,M,"43,5528120","3,8383260",34,2019,110.0,1.0,1.0,3.0,2268096,1.0,1,1,1,0.0,,0.0,0,1973.0,B01,138Â 201Â 301,1.0,-1.0,-1.0,1731223,1.0,32,,3.0,2.0,1.0,A01,138Â 201Â 302,1.0
1014222,201900055753,7,11,16:15,1,1,1,7.0,2.0,34337,RD 612,M,"43,5528120","3,8383260",34,2019,110.0,1.0,1.0,3.0,2268097,2.0,2,3,2,5.0,,0.0,0,1954.0,A01,138Â 201Â 302,2.0,-1.0,-1.0,1731222,1.0,7,,0.0,2.0,6.0,B01,138Â 201Â 301,1.0
1014222,201900055753,7,11,16:15,1,1,1,7.0,2.0,34337,RD 612,M,"43,5528120","3,8383260",34,2019,110.0,1.0,1.0,3.0,2268097,2.0,2,3,2,5.0,,0.0,0,1954.0,A01,138Â 201Â 302,2.0,-1.0,-1.0,1731223,1.0,32,,3.0,2.0,1.0,A01,138Â 201Â 302,1.0
1014222,201900055753,7,11,16:15,1,1,1,7.0,2.0,34337,RD 612,M,"43,5528120","3,8383260",34,2019,110.0,1.0,1.0,3.0,2268098,1.0,1,4,1,5.0,,0.0,0,1952.0,A01,138Â 201Â 302,2.0,-1.0,-1.0,1731222,1.0,7,,0.0,2.0,6.0,B01,138Â 201Â 301,1.0
1014222,201900055753,7,11,16:15,1,1,1,7.0,2.0,34337,RD 612,M,"43,5528120","3,8383260",34,2019,110.0,1.0,1.0,3.0,2268098,1.0,1,4,1,5.0,,0.0,0,1952.0,A01,138Â 201Â 302,2.0,-1.0,-1.0,1731223,1.0,32,,3.0,2.0,1.0,A01,138Â 201Â 302,1.0
1014223,201900055754,7,14,03:00,5,2,1,1.0,7.0,06018,Chemin Neuf,M,"43,6270360","7,0951620",6,2019,50.0,1.0,1.0,3.0,2268099,1.0,1,4,1,9.0,,0.0,0,1965.0,A01,138Â 201Â 300,1.0,-1.0,-1.0,1731224,3.0,99,,10.0,0.0,2.0,A01,138Â 201Â 300,1.0
1014224,201900055755,7,14,13:35,1,1,1,1.0,5.0,01089,A 42 - PK 040.100 - SENS LYON/GENEVE,M,"45,9588410","5,3052340",1,2019,130.0,1.0,1.0,1.0,2268100,1.0,1,1,1,4.0,,0.0,0,1974.0,C01,138Â 201Â 297,8.0,-1.0,-1.0,1731225,1.0,17,,0.0,2.0,8.0,C01,138Â 201Â 297,1.0
1014224,201900055755,7,14,13:35,1,1,1,1.0,5.0,01089,A 42 - PK 040.100 - SENS LYON/GENEVE,M,"45,9588410","5,3052340",1,2019,130.0,1.0,1.0,1.0,2268100,1.0,1,1,1,4.0,,0.0,0,1974.0,C01,138Â 201Â 297,8.0,-1.0,-1.0,1731226,1.0,7,,0.0,2.0,1.0,B01,138Â 201Â 298,1.0
1014224,201900055755,7,14,13:35,1,1,1,1.0,5.0,01089,A 42 - PK 040.100 - SENS LYON/GENEVE,M,"45,9588410","5,3052340",1,2019,130.0,1.0,1.0,1.0,2268100,1.0,1,1,1,4.0,,0.0,0,1974.0,C01,138Â 201Â 297,8.0,-1.0,-1.0,1731227,1.0,7,,0.0,2.0,7.0,A01,138Â 201Â 299,1.0
1014224,201900055755,7,14,13:35,1,1,1,1.0,5.0,01089,A 42 - PK 040.100 - SENS LYON/GENEVE,M,"45,9588410","5,3052340",1,2019,130.0,1.0,1.0,1.0,2268101,1.0,1,1,1,9.0,,0.0,0,1972.0,B01,138Â 201Â 298,8.0,-1.0,-1.0,1731225,1.0,17,,0.0,2.0,8.0,C01,138Â 201Â 297,1.0
1014224,201900055755,7,14,13:35,1,1,1,1.0,5.0,01089,A 42 - PK 040.100 - SENS LYON/GENEVE,M,"45,9588410","5,3052340",1,2019,130.0,1.0,1.0,1.0,2268101,1.0,1,1,1,9.0,,0.0,0,1972.0,B01,138Â 201Â 298,8.0,-1.0,-1.0,1731226,1.0,7,,0.0,2.0,1.0,B01,138Â 201Â 298,1.0
1014224,201900055755,7,14,13:35,1,1,1,1.0,5.0,01089,A 42 - PK 040.100 - SENS LYON/GENEVE,M,"45,9588410","5,3052340",1,2019,130.0,1.0,1.0,1.0,2268101,1.0,1,1,1,9.0,,0.0,0,1972.0,B01,138Â 201Â 298,8.0,-1.0,-1.0,1731227,1.0,7,,0.0,2.0,7.0,A01,138Â 201Â 299,1.0
1014224,201900055755,7,14,13:35,1,1,1,1.0,5.0,01089,A 42 - PK 040.100 - SENS LYON/GENEVE,M,"45,9588410","5,3052340",1,2019,130.0,1.0,1.0,1.0,2268102,7.0,2,4,1,9.0,,0.0,0,2009.0,B01,138Â 201Â 298,8.0,-1.0,-1.0,1731225,1.0,17,,0.0,2.0,8.0,C01,138Â 201Â 297,1.0
1014224,201900055755,7,14,13:35,1,1,1,1.0,5.0,01089,A 42 - PK 040.100 - SENS LYON/GENEVE,M,"45,9588410","5,3052340",1,2019,130.0,1.0,1.0,1.0,2268102,7.0,2,4,1,9.0,,0.0,0,2009.0,B01,138Â 201Â 298,8.0,-1.0,-1.0,1731226,1.0,7,,0.0,2.0,1.0,B01,138Â 201Â 298,1.0
1014224,201900055755,7,14,13:35,1,1,1,1.0,5.0,01089,A 42 - PK 040.100 - SENS LYON/GENEVE,M,"45,9588410","5,3052340",1,2019,130.0,1.0,1.0,1.0,2268102,7.0,2,4,1,9.0,,0.0,0,2009.0,B01,138Â 201Â 298,8.0,-1.0,-1.0,1731227,1.0,7,,0.0,2.0,7.0,A01,138Â 201Â 299,1.0
1014224,201900055755,7,14,13:35,1,1,1,1.0,5.0,01089,A 42 - PK 040.100 - SENS LYON/GENEVE,M,"45,9588410","5,3052340",1,2019,130.0,1.0,1.0,1.0,2268103,2.0,2,1,2,9.0,,0.0,0,1971.0,B01,138Â 201Â 298,8.0,-1.0,-1.0,1731225,1.0,17,,0.0,2.0,8.0,C01,138Â 201Â 297,1.0
1014224,201900055755,7,14,13:35,1,1,1,1.0,5.0,01089,A 42 - PK 040.100 - SENS LYON/GENEVE,M,"45,9588410","5,3052340",1,2019,130.0,1.0,1.0,1.0,2268103,2.0,2,1,2,9.0,,0.0,0,1971.0,B01,138Â 201Â 298,8.0,-1.0,-1.0,1731226,1.0,7,,0.0,2.0,1.0,B01,138Â 201Â 298,1.0
1014224,201900055755,7,14,13:35,1,1,1,1.0,5.0,01089,A 42 - PK 040.100 - SENS LYON/GENEVE,M,"45,9588410","5,3052340",1,2019,130.0,1.0,1.0,1.0,2268103,2.0,2,1,2,9.0,,0.0,0,1971.0,B01,138Â 201Â 298,8.0,-1.0,-1.0,1731227,1.0,7,,0.0,2.0,7.0,A01,138Â 201Â 299,1.0
1014224,201900055755,7,14,13:35,1,1,1,1.0,5.0,01089,A 42 - PK 040.100 - SENS LYON/GENEVE,M,"45,9588410","5,3052340",1,2019,130.0,1.0,1.0,1.0,2268104,9.0,2,4,2,9.0,,0.0,0,2005.0,B01,138Â 201Â 298,8.0,-1.0,-1.0,1731225,1.0,17,,0.0,2.0,8.0,C01,138Â 201Â 297,1.0
1014224,201900055755,7,14,13:35,1,1,1,1.0,5.0,01089,A 42 - PK 040.100 - SENS LYON/GENEVE,M,"45,9588410","5,3052340",1,2019,130.0,1.0,1.0,1.0,2268104,9.0,2,4,2,9.0,,0.0,0,2005.0,B01,138Â 201Â 298,8.0,-1.0,-1.0,1731226,1.0,7,,0.0,2.0,1.0,B01,138Â 201Â 298,1.0
1014224,201900055755,7,14,13:35,1,1,1,1.0,5.0,01089,A 42 - PK 040.100 - SENS LYON/GENEVE,M,"45,9588410","5,3052340",1,2019,130.0,1.0,1.0,1.0,2268104,9.0,2,4,2,9.0,,0.0,0,2005.0,B01,138Â 201Â 298,8.0,-1.0,-1.0,1731227,1.0,7,,0.0,2.0,7.0,A01,138Â 201Â 299,1.0
1014224,201900055755,7,14,13:35,1,1,1,1.0,5.0,01089,A 42 - PK 040.100 - SENS LYON/GENEVE,M,"45,9588410","5,3052340",1,2019,130.0,1.0,1.0,1.0,2268105,1.0,1,4,2,0.0,,0.0,0,1996.0,A01,138Â 201Â 299,8.0,-1.0,-1.0,1731225,1.0,17,,0.0,2.0,8.0,C01,138Â 201Â 297,1.0
1014224,201900055755,7,14,13:35,1,1,1,1.0,5.0,01089,A 42 - PK 040.100 - SENS LYON/GENEVE,M,"45,9588410","5,3052340",1,2019,130.0,1.0,1.0,1.0,2268105,1.0,1,4,2,0.0,,0.0,0,1996.0,A01,138Â 201Â 299,8.0,-1.0,-1.0,1731226,1.0,7,,0.0,2.0,1.0,B01,138Â 201Â 298,1.0
1014224,201900055755,7,14,13:35,1,1,1,1.0,5.0,01089,A 42 - PK 040.100 - SENS LYON/GENEVE,M,"45,9588410","5,3052340",1,2019,130.0,1.0,1.0,1.0,2268105,1.0,1,4,2,0.0,,0.0,0,1996.0,A01,138Â 201Â 299,8.0,-1.0,-1.0,1731227,1.0,7,,0.0,2.0,7.0,A01,138Â 201Â 299,1.0
1014225,201900055756,7,11,16:55,1,1,1,1.0,7.0,69299,A432 - pk027+500,M,"45,7064000","5,0995500",69,2019,130.0,3.0,1.0,1.0,2268106,1.0,1,3,2,5.0,,0.0,0,1946.0,A01,138Â 201Â 296,8.0,-1.0,-1.0,1731228,1.0,7,,3.0,0.0,8.0,A01,138Â 201Â 296,1.0
1014226,201900055757,7,13,11:30,1,1,1,1.0,4.0,79048,,M,"46,3477440"," -0,3174240",79,2019,130.0,1.0,1.0,1.0,2268107,1.0,1,1,2,5.0,,0.0,0,1967.0,F01,138Â 201Â 290,1.0,-1.0,-1.0,1731229,1.0,7,,0.0,2.0,4.0,F01,138Â 201Â 290,1.0
1014226,201900055757,7,13,11:30,1,1,1,1.0,4.0,79048,,M,"46,3477440"," -0,3174240",79,2019,130.0,1.0,1.0,1.0,2268107,1.0,1,1,2,5.0,,0.0,0,1967.0,F01,138Â 201Â 290,1.0,-1.0,-1.0,1731230,1.0,7,,3.0,2.0,4.0,E01,138Â 201Â 291,1.0
1014226,201900055757,7,13,11:30,1,1,1,1.0,4.0,79048,,M,"46,3477440"," -0,3174240",79,2019,130.0,1.0,1.0,1.0,2268107,1.0,1,1,2,5.0,,0.0,0,1967.0,F01,138Â 201Â 290,1.0,-1.0,-1.0,1731231,1.0,7,,0.0,2.0,5.0,D01,138Â 201Â 292,1.0
1014226,201900055757,7,13,11:30,1,1,1,1.0,4.0,79048,,M,"46,3477440"," -0,3174240",79,2019,130.0,1.0,1.0,1.0,2268107,1.0,1,1,2,5.0,,0.0,0,1967.0,F01,138Â 201Â 290,1.0,-1.0,-1.0,1731232,1.0,7,,0.0,2.0,4.0,C01,138Â 201Â 293,1.0
1014226,201900055757,7,13,11:30,1,1,1,1.0,4.0,79048,,M,"46,3477440"," -0,3174240",79,2019,130.0,1.0,1.0,1.0,2268107,1.0,1,1,2,5.0,,0.0,0,1967.0,F01,138Â 201Â 290,1.0,-1.0,-1.0,1731233,1.0,7,,0.0,2.0,4.0,B01,138Â 201Â 294,1.0
1014226,201900055757,7,13,11:30,1,1,1,1.0,4.0,79048,,M,"46,3477440"," -0,3174240",79,2019,130.0,1.0,1.0,1.0,2268107,1.0,1,1,2,5.0,,0.0,0,1967.0,F01,138Â 201Â 290,1.0,-1.0,-1.0,1731234,1.0,17,,0.0,2.0,1.0,A01,138Â 201Â 295,1.0
1014226,201900055757,7,13,11:30,1,1,1,1.0,4.0,79048,,M,"46,3477440"," -0,3174240",79,2019,130.0,1.0,1.0,1.0,2268108,2.0,2,1,1,5.0,,0.0,0,1966.0,F01,138Â 201Â 290,1.0,-1.0,-1.0,1731229,1.0,7,,0.0,2.0,4.0,F01,138Â 201Â 290,1.0