Unnamed: 0_x,num_acc,mois,jour,hrmn,lum,agg,int,atm,col,com,adr,gps,lat,long,dep,annee,vma,situ,surf,catr,Unnamed: 0_y,place,catu,grav,sexe,trajet,secu,locp,actp,an_nais,num_veh_x,id_vehicule_x,secu1,secu2,secu3,Unnamed: 0,senc,catv,occutc,obs,obsm,choc,num_veh_y,id_vehicule_y,motor
1014226,201900055757,7,13,11:30,1,1,1,1.0,4.0,79048,,M,"46,3477440"," -0,3174240",79,2019,130.0,1.0,1.0,1.0,2268108,2.0,2,1,1,5.0,,0.0,0,1966.0,F01,138Â 201Â 290,1.0,-1.0,-1.0,1731230,1.0,7,,3.0,2.0,4.0,E01,138Â 201Â 291,1.0
1014226,201900055757,7,13,11:30,1,1,1,1.0,4.0,79048,,M,"46,3477440"," -0,3174240",79,2019,130.0,1.0,1.0,1.0,2268108,2.0,2,1,1,5.0,,0.0,0,1966.0,F01,138Â 201Â 290,1.0,-1.0,-1.0,1731231,1.0,7,,0.0,2.0,5.0,D01,138Â 201Â 292,1.0
1014226,201900055757,7,13,11:30,1,1,1,1.0,4.0,79048,,M,"46,3477440"," -0,3174240",79,2019,130.0,1.0,1.0,1.0,2268108,2.0,2,1,1,5.0,,0.0,0,1966.0,F01,138Â 201Â 290,1.0,-1.0,-1.0,1731232,1.0,7,,0.0,2.0,4.0,C01,138Â 201Â 293,1.0
1014226,201900055757,7,13,11:30,1,1,1,1.0,4.0,79048,,M,"46,3477440"," -0,3174240",79,2019,130.0,1.0,1.0,1.0,2268108,2.0,2,1,1,5.0,,0.0,0,1966.0,F01,138Â 201Â 290,1.0,-1.0,-1.0,1731233,1.0,7,,0.0,2.0,4.0,B01,138Â 201Â 294,1.0
1014226,201900055757,7,13,11:30,1,1,1,1.0,4.0,79048,,M,"46,3477440"," -0,3174240",79,2019,130.0,1.0,1.0,1.0,2268108,2.0,2,1,1,5.0,,0.0,0,1966.0,F01,138Â 201Â 290,1.0,-1.0,-1.0,1731234,1.0,17,,0.0,2.0,1.0,A01,138Â 201Â 295,1.0
1014226,201900055757,7,13,11:30,1,1,1,1.0,4.0,79048,,M,"46,3477440"," -0,3174240",79,2019,130.0,1.0,1.0,1.0,2268109,2.0,2,1,2,5.0,,0.0,0,1973.0,E01,138Â 201Â 291,1.0,-1.0,-1.0,1731229,1.0,7,,0.0,2.0,4.0,F01,138Â 201Â 290,1.0
1014226,201900055757,7,13,11:30,1,1,1,1.0,4.0,79048,,M,"46,3477440"," -0,3174240",79,2019,130.0,1.0,1.0,1.0,2268109,2.0,2,1,2,5.0,,0.0,0,1973.0,E01,138Â 201Â 291,1.0,-1.0,-1.0,1731230,1.0,7,,3.0,2.0,4.0,E01,138Â 201Â 291,1.0
1014226,201900055757,7,13,11:30,1,1,1,1.0,4.0,79048,,M,"46,3477440"," -0,3174240",79,2019,130.0,1.0,1.0,1.0,2268109,2.0,2,1,2,5.0,,0.0,0,1973.0,E01,138Â 201Â 291,1.0,-1.0,-1.0,1731231,1.0,7,,0.0,2.0,5.0,D01,138Â 201Â 292,1.0
1014226,201900055757,7,13,11:30,1,1,1,1.0,4.0,79048,,M,"46,3477440"," -0,3174240",79,2019,130.0,1.0,1.0,1.0,2268109,2.0,2,1,2,5.0,,0.0,0,1973.0,E01,138Â 201Â 291,1.0,-1.0,-1.0,1731232,1.0,7,,0.0,2.0,4.0,C01,138Â 201Â 293,1.0
1014226,201900055757,7,13,11:30,1,1,1,1.0,4.0,79048,,M,"46,3477440"," -0,3174240",79,2019,130.0,1.0,1.0,1.0,2268109,2.0,2,1,2,5.0,,0.0,0,1973.0,E01,138Â 201Â 291,1.0,-1.0,-1.0,1731233,1.0,7,,0.0,2.0,4.0,B01,138Â 201Â 294,1.0
1014226,201900055757,7,13,11:30,1,1,1,1.0,4.0,79048,,M,"46,3477440"," -0,3174240",79,2019,130.0,1.0,1.0,1.0,2268109,2.0,2,1,2,5.0,,0.0,0,1973.0,E01,138Â 201Â 291,1.0,-1.0,-1.0,1731234,1.0,17,,0.0,2.0,1.0,A01,138Â 201Â 295,1.0
1014226,201900055757,7,13,11:30,1,1,1,1.0,4.0,79048,,M,"46,3477440"," -0,3174240",79,2019,130.0,1.0,1.0,1.0,2268110,3.0,2,1,1,5.0,,0.0,0,2008.0,E01,138Â 201Â 291,1.0,-1.0,-1.0,1731229,1.0,7,,0.0,2.0,4.0,F01,138Â 201Â 290,1.0
1014226,201900055757,7,13,11:30,1,1,1,1.0,4.0,79048,,M,"46,3477440"," -0,3174240",79,2019,130.0,1.0,1.0,1.0,2268110,3.0,2,1,1,5.0,,0.0,0,2008.0,E01,138Â 201Â 291,1.0,-1.0,-1.0,1731230,1.0,7,,3.0,2.0,4.0,E01,138Â 201Â 291,1.0
1014226,201900055757,7,13,11:30,1,1,1,1.0,4.0,79048,,M,"46,3477440"," -0,3174240",79,2019,130.0,1.0,1.0,1.0,2268110,3.0,2,1,1,5.0,,0.0,0,2008.0,E01,138Â 201Â 291,1.0,-1.0,-1.0,1731231,1.0,7,,0.0,2.0,5.0,D01,138Â 201Â 292,1.0
1014226,201900055757,7,13,11:30,1,1,1,1.0,4.0,79048,,M,"46,3477440"," -0,3174240",79,2019,130.0,1.0,1.0,1.0,2268110,3.0,2,1,1,5.0,,0.0,0,2008.0,E01,138Â 201Â 291,1.0,-1.0,-1.0,1731232,1.0,7,,0.0,2.0,4.0,C01,138Â 201Â 293,1.0
1014226,201900055757,7,13,11:30,1,1,1,1.0,4.0,79048,,M,"46,3477440"," -0,3174240",79,2019,130.0,1.0,1.0,1.0,2268110,3.0,2,1,1,5.0,,0.0,0,2008.0,E01,138Â 201Â 291,1.0,-1.0,-1.0,1731233,1.0,7,,0.0,2.0,4.0,B01,138Â 201Â 294,1.0
1014226,201900055757,7,13,11:30,1,1,1,1.0,4.0,79048,,M,"46,3477440"," -0,3174240",79,2019,130.0,1.0,1.0,1.0,2268110,3.0,2,1,1,5.0,,0.0,0,2008.0,E01,138Â 201Â 291,1.0,-1.0,-1.0,1731234,1.0,17,,0.0,2.0,1.0,A01,138Â 201Â 295,1.0
1014226,201900055757,7,13,11:30,1,1,1,1.0,4.0,79048,,M,"46,3477440"," -0,3174240",79,2019,130.0,1.0,1.0,1.0,2268111,4.0,2,1,2,5.0,,0.0,0,2003.0,E01,138Â 201Â 291,1.0,-1.0,-1.0,1731229,1.0,7,,0.0,2.0,4.0,F01,138Â 201Â 290,1.0
1014226,201900055757,7,13,11:30,1,1,1,1.0,4.0,79048,,M,"46,3477440"," -0,3174240",79,2019,130.0,1.0,1.0,1.0,2268111,4.0,2,1,2,5.0,,0.0,0,2003.0,E01,138Â 201Â 291,1.0,-1.0,-1.0,1731230,1.0,7,,3.0,2.0,4.0,E01,138Â 201Â 291,1.0
1014226,201900055757,7,13,11:30,1,1,1,1.0,4.0,79048,,M,"46,3477440"," -0,3174240",79,2019,130.0,1.0,1.0,1.0,2268111,4.0,2,1,2,5.0,,0.0,0,2003.0,E01,138Â 201Â 291,1.0,-1.0,-1.0,1731231,1.0,7,,0.0,2.0,5.0,D01,138Â 201Â 292,1.0
1014226,201900055757,7,13,11:30,1,1,1,1.0,4.0,79048,,M,"46,3477440"," -0,3174240",79,2019,130.0,1.0,1.0,1.0,2268111,4.0,2,1,2,5.0,,0.0,0,2003.0,E01,138Â 201Â 291,1.0,-1.0,-1.0,1731232,1.0,7,,0.0,2.0,4.0,C01,138Â 201Â 293,1.0
1014226,201900055757,7,13,11:30,1,1,1,1.0,4.0,79048,,M,"46,3477440"," -0,3174240",79,2019,130.0,1.0,1.0,1.0,2268111,4.0,2,1,2,5.0,,0.0,0,2003.0,E01,138Â 201Â 291,1.0,-1.0,-1.0,1731233,1.0,7,,0.0,2.0,4.0,B01,138Â 201Â 294,1.0
1014226,201900055757,7,13,11:30,1,1,1,1.0,4.0,79048,,M,"46,3477440"," -0,3174240",79,2019,130.0,1.0,1.0,1.0,2268111,4.0,2,1,2,5.0,,0.0,0,2003.0,E01,138Â 201Â 291,1.0,-1.0,-1.0,1731234,1.0,17,,0.0,2.0,1.0,A01,138Â 201Â 295,1.0
1014226,201900055757,7,13,11:30,1,1,1,1.0,4.0,79048,,M,"46,3477440"," -0,3174240",79,2019,130.0,1.0,1.0,1.0,2268112,1.0,1,1,1,5.0,,0.0,0,1973.0,E01,138Â 201Â 291,1.0,-1.0,-1.0,1731229,1.0,7,,0.0,2.0,4.0,F01,138Â 201Â 290,1.0
1014226,201900055757,7,13,11:30,1,1,1,1.0,4.0,79048,,M,"46,3477440"," -0,3174240",79,2019,130.0,1.0,1.0,1.0,2268112,1.0,1,1,1,5.0,,0.0,0,1973.0,E01,138Â 201Â 291,1.0,-1.0,-1.0,1731230,1.0,7,,3.0,2.0,4.0,E01,138Â 201Â 291,1.0
1014226,201900055757,7,13,11:30,1,1,1,1.0,4.0,79048,,M,"46,3477440"," -0,3174240",79,2019,130.0,1.0,1.0,1.0,2268112,1.0,1,1,1,5.0,,0.0,0,1973.0,E01,138Â 201Â 291,1.0,-1.0,-1.0,1731231,1.0,7,,0.0,2.0,5.0,D01,138Â 201Â 292,1.0
1014226,201900055757,7,13,11:30,1,1,1,1.0,4.0,79048,,M,"46,3477440"," -0,3174240",79,2019,130.0,1.0,1.0,1.0,2268112,1.0,1,1,1,5.0,,0.0,0,1973.0,E01,138Â 201Â 291,1.0,-1.0,-1.0,1731232,1.0,7,,0.0,2.0,4.0,C01,138Â 201Â 293,1.0
1014226,201900055757,7,13,11:30,1,1,1,1.0,4.0,79048,,M,"46,3477440"," -0,3174240",79,2019,130.0,1.0,1.0,1.0,2268112,1.0,1,1,1,5.0,,0.0,0,1973.0,E01,138Â 201Â 291,1.0,-1.0,-1.0,1731233,1.0,7,,0.0,2.0,4.0,B01,138Â 201Â 294,1.0
1014226,201900055757,7,13,11:30,1,1,1,1.0,4.0,79048,,M,"46,3477440"," -0,3174240",79,2019,130.0,1.0,1.0,1.0,2268112,1.0,1,1,1,5.0,,0.0,0,1973.0,E01,138Â 201Â 291,1.0,-1.0,-1.0,1731234,1.0,17,,0.0,2.0,1.0,A01,138Â 201Â 295,1.0
1014226,201900055757,7,13,11:30,1,1,1,1.0,4.0,79048,,M,"46,3477440"," -0,3174240",79,2019,130.0,1.0,1.0,1.0,2268113,3.0,2,1,2,5.0,,0.0,0,2007.0,D01,138Â 201Â 292,1.0,-1.0,-1.0,1731229,1.0,7,,0.0,2.0,4.0,F01,138Â 201Â 290,1.0
1014226,201900055757,7,13,11:30,1,1,1,1.0,4.0,79048,,M,"46,3477440"," -0,3174240",79,2019,130.0,1.0,1.0,1.0,2268113,3.0,2,1,2,5.0,,0.0,0,2007.0,D01,138Â 201Â 292,1.0,-1.0,-1.0,1731230,1.0,7,,3.0,2.0,4.0,E01,138Â 201Â 291,1.0
1014226,201900055757,7,13,11:30,1,1,1,1.0,4.0,79048,,M,"46,3477440"," -0,3174240",79,2019,130.0,1.0,1.0,1.0,2268113,3.0,2,1,2,5.0,,0.0,0,2007.0,D01,138Â 201Â 292,1.0,-1.0,-1.0,1731231,1.0,7,,0.0,2.0,5.0,D01,138Â 201Â 292,1.0
1014226,201900055757,7,13,11:30,1,1,1,1.0,4.0,79048,,M,"46,3477440"," -0,3174240",79,2019,130.0,1.0,1.0,1.0,2268113,3.0,2,1,2,5.0,,0.0,0,2007.0,D01,138Â 201Â 292,1.0,-1.0,-1.0,1731232,1.0,7,,0.0,2.0,4.0,C01,138Â 201Â 293,1.0
1014226,201900055757,7,13,11:30,1,1,1,1.0,4.0,79048,,M,"46,3477440"," -0,3174240",79,2019,130.0,1.0,1.0,1.0,2268113,3.0,2,1,2,5.0,,0.0,0,2007.0,D01,138Â 201Â 292,1.0,-1.0,-1.0,1731233,1.0,7,,0.0,2.0,4.0,B01,138Â 201Â 294,1.0
1014226,201900055757,7,13,11:30,1,1,1,1.0,4.0,79048,,M,"46,3477440"," -0,3174240",79,2019,130.0,1.0,1.0,1.0,2268113,3.0,2,1,2,5.0,,0.0,0,2007.0,D01,138Â 201Â 292,1.0,-1.0,-1.0,1731234,1.0,17,,0.0,2.0,1.0,A01,138Â 201Â 295,1.0
1014226,201900055757,7,13,11:30,1,1,1,1.0,4.0,79048,,M,"46,3477440"," -0,3174240",79,2019,130.0,1.0,1.0,1.0,2268114,2.0,2,1,2,5.0,,0.0,0,1982.0,D01,138Â 201Â 292,1.0,-1.0,-1.0,1731229,1.0,7,,0.0,2.0,4.0,F01,138Â 201Â 290,1.0
1014226,201900055757,7,13,11:30,1,1,1,1.0,4.0,79048,,M,"46,3477440"," -0,3174240",79,2019,130.0,1.0,1.0,1.0,2268114,2.0,2,1,2,5.0,,0.0,0,1982.0,D01,138Â 201Â 292,1.0,-1.0,-1.0,1731230,1.0,7,,3.0,2.0,4.0,E01,138Â 201Â 291,1.0
1014226,201900055757,7,13,11:30,1,1,1,1.0,4.0,79048,,M,"46,3477440"," -0,3174240",79,2019,130.0,1.0,1.0,1.0,2268114,2.0,2,1,2,5.0,,0.0,0,1982.0,D01,138Â 201Â 292,1.0,-1.0,-1.0,1731231,1.0,7,,0.0,2.0,5.0,D01,138Â 201Â 292,1.0
1014226,201900055757,7,13,11:30,1,1,1,1.0,4.0,79048,,M,"46,3477440"," -0,3174240",79,2019,130.0,1.0,1.0,1.0,2268114,2.0,2,1,2,5.0,,0.0,0,1982.0,D01,138Â 201Â 292,1.0,-1.0,-1.0,1731232,1.0,7,,0.0,2.0,4.0,C01,138Â 201Â 293,1.0
1014226,201900055757,7,13,11:30,1,1,1,1.0,4.0,79048,,M,"46,3477440"," -0,3174240",79,2019,130.0,1.0,1.0,1.0,2268114,2.0,2,1,2,5.0,,0.0,0,1982.0,D01,138Â 201Â 292,1.0,-1.0,-1.0,1731233,1.0,7,,0.0,2.0,4.0,B01,138Â 201Â 294,1.0
1014226,201900055757,7,13,11:30,1,1,1,1.0,4.0,79048,,M,"46,3477440"," -0,3174240",79,2019,130.0,1.0,1.0,1.0,2268114,2.0,2,1,2,5.0,,0.0,0,1982.0,D01,138Â 201Â 292,1.0,-1.0,-1.0,1731234,1.0,17,,0.0,2.0,1.0,A01,138Â 201Â 295,1.0
1014226,201900055757,7,13,11:30,1,1,1,1.0,4.0,79048,,M,"46,3477440"," -0,3174240",79,2019,130.0,1.0,1.0,1.0,2268115,1.0,1,1,1,5.0,,0.0,0,1980.0,D01,138Â 201Â 292,1.0,-1.0,-1.0,1731229,1.0,7,,0.0,2.0,4.0,F01,138Â 201Â 290,1.0
1014226,201900055757,7,13,11:30,1,1,1,1.0,4.0,79048,,M,"46,3477440"," -0,3174240",79,2019,130.0,1.0,1.0,1.0,2268115,1.0,1,1,1,5.0,,0.0,0,1980.0,D01,138Â 201Â 292,1.0,-1.0,-1.0,1731230,1.0,7,,3.0,2.0,4.0,E01,138Â 201Â 291,1.0
1014226,201900055757,7,13,11:30,1,1,1,1.0,4.0,79048,,M,"46,3477440"," -0,3174240",79,2019,130.0,1.0,1.0,1.0,2268115,1.0,1,1,1,5.0,,0.0,0,1980.0,D01,138Â 201Â 292,1.0,-1.0,-1.0,1731231,1.0,7,,0.0,2.0,5.0,D01,138Â 201Â 292,1.0
1014226,201900055757,7,13,11:30,1,1,1,1.0,4.0,79048,,M,"46,3477440"," -0,3174240",79,2019,130.0,1.0,1.0,1.0,2268115,1.0,1,1,1,5.0,,0.0,0,1980.0,D01,138Â 201Â 292,1.0,-1.0,-1.0,1731232,1.0,7,,0.0,2.0,4.0,C01,138Â 201Â 293,1.0
1014226,201900055757,7,13,11:30,1,1,1,1.0,4.0,79048,,M,"46,3477440"," -0,3174240",79,2019,130.0,1.0,1.0,1.0,2268115,1.0,1,1,1,5.0,,0.0,0,1980.0,D01,138Â 201Â 292,1.0,-1.0,-1.0,1731233,1.0,7,,0.0,2.0,4.0,B01,138Â 201Â 294,1.0
1014226,201900055757,7,13,11:30,1,1,1,1.0,4.0,79048,,M,"46,3477440"," -0,3174240",79,2019,130.0,1.0,1.0,1.0,2268115,1.0,1,1,1,5.0,,0.0,0,1980.0,D01,138Â 201Â 292,1.0,-1.0,-1.0,1731234,1.0,17,,0.0,2.0,1.0,A01,138Â 201Â 295,1.0
1014226,201900055757,7,13,11:30,1,1,1,1.0,4.0,79048,,M,"46,3477440"," -0,3174240",79,2019,130.0,1.0,1.0,1.0,2268116,4.0,2,1,1,5.0,,0.0,0,2010.0,D01,138Â 201Â 292,1.0,-1.0,-1.0,1731229,1.0,7,,0.0,2.0,4.0,F01,138Â 201Â 290,1.0
1014226,201900055757,7,13,11:30,1,1,1,1.0,4.0,79048,,M,"46,3477440"," -0,3174240",79,2019,130.0,1.0,1.0,1.0,2268116,4.0,2,1,1,5.0,,0.0,0,2010.0,D01,138Â 201Â 292,1.0,-1.0,-1.0,1731230,1.0,7,,3.0,2.0,4.0,E01,138Â 201Â 291,1.0
1014226,201900055757,7,13,11:30,1,1,1,1.0,4.0,79048,,M,"46,3477440"," -0,3174240",79,2019,130.0,1.0,1.0,1.0,2268116,4.0,2,1,1,5.0,,0.0,0,2010.0,D01,138Â 201Â 292,1.0,-1.0,-1.0,1731231,1.0,7,,0.0,2.0,5.0,D01,138Â 201Â 292,1.0
1014226,201900055757,7,13,11:30,1,1,1,1.0,4.0,79048,,M,"46,3477440"," -0,3174240",79,2019,130.0,1.0,1.0,1.0,2268116,4.0,2,1,1,5.0,,0.0,0,2010.0,D01,138Â 201Â 292,1.0,-1.0,-1.0,1731232,1.0,7,,0.0,2.0,4.0,C01,138Â 201Â 293,1.0
1014226,201900055757,7,13,11:30,1,1,1,1.0,4.0,79048,,M,"46,3477440"," -0,3174240",79,2019,130.0,1.0,1.0,1.0,2268116,4.0,2,1,1,5.0,,0.0,0,2010.0,D01,138Â 201Â 292,1.0,-1.0,-1.0,1731233,1.0,7,,0.0,2.0,4.0,B01,138Â 201Â 294,1.0
1014226,201900055757,7,13,11:30,1,1,1,1.0,4.0,79048,,M,"46,3477440"," -0,3174240",79,2019,130.0,1.0,1.0,1.0,2268116,4.0,2,1,1,5.0,,0.0,0,2010.0,D01,138Â 201Â 292,1.0,-1.0,-1.0,1731234,1.0,17,,0.0,2.0,1.0,A01,138Â 201Â 295,1.0
1014226,201900055757,7,13,11:30,1,1,1,1.0,4.0,79048,,M,"46,3477440"," -0,3174240",79,2019,130.0,1.0,1.0,1.0,2268117,1.0,1,4,1,5.0,,0.0,0,1984.0,C01,138Â 201Â 293,1.0,-1.0,-1.0,1731229,1.0,7,,0.0,2.0,4.0,F01,138Â 201Â 290,1.0
1014226,201900055757,7,13,11:30,1,1,1,1.0,4.0,79048,,M,"46,3477440"," -0,3174240",79,2019,130.0,1.0,1.0,1.0,2268117,1.0,1,4,1,5.0,,0.0,0,1984.0,C01,138Â 201Â 293,1.0,-1.0,-1.0,1731230,1.0,7,,3.0,2.0,4.0,E01,138Â 201Â 291,1.0
1014226,201900055757,7,13,11:30,1,1,1,1.0,4.0,79048,,M,"46,3477440"," -0,3174240",79,2019,130.0,1.0,1.0,1.0,2268117,1.0,1,4,1,5.0,,0.0,0,1984.0,C01,138Â 201Â 293,1.0,-1.0,-1.0,1731231,1.0,7,,0.0,2.0,5.0,D01,138Â 201Â 292,1.0
1014226,201900055757,7,13,11:30,1,1,1,1.0,4.0,79048,,M,"46,3477440"," -0,3174240",79,2019,130.0,1.0,1.0,1.0,2268117,1.0,1,4,1,5.0,,0.0,0,1984.0,C01,138Â 201Â 293,1.0,-1.0,-1.0,1731232,1.0,7,,0.0,2.0,4.0,C01,138Â 201Â 293,1.0
1014226,201900055757,7,13,11:30,1,1,1,1.0,4.0,79048,,M,"46,3477440"," -0,3174240",79,2019,130.0,1.0,1.0,1.0,2268117,1.0,1,4,1,5.0,,0.0,0,1984.0,C01,138Â 201Â 293,1.0,-1.0,-1.0,1731233,1.0,7,,0.0,2.0,4.0,B01,138Â 201Â 294,1.0
1014226,201900055757,7,13,11:30,1,1,1,1.0,4.0,79048,,M,"46,3477440"," -0,3174240",79,2019,130.0,1.0,1.0,1.0,2268117,1.0,1,4,1,5.0,,0.0,0,1984.0,C01,138Â 201Â 293,1.0,-1.0,-1.0,1731234,1.0,17,,0.0,2.0,1.0,A01,138Â 201Â 295,1.0
1014226,201900055757,7,13,11:30,1,1,1,1.0,4.0,79048,,M,"46,3477440"," -0,3174240",79,2019,130.0,1.0,1.0,1.0,2268118,4.0,2,1,2,5.0,,0.0,0,2011.0,C01,138Â 201Â 293,1.0,-1.0,-1.0,1731229,1.0,7,,0.0,2.0,4.0,F01,138Â 201Â 290,1.0
1014226,201900055757,7,13,11:30,1,1,1,1.0,4.0,79048,,M,"46,3477440"," -0,3174240",79,2019,130.0,1.0,1.0,1.0,2268118,4.0,2,1,2,5.0,,0.0,0,2011.0,C01,138Â 201Â 293,1.0,-1.0,-1.0,1731230,1.0,7,,3.0,2.0,4.0,E01,138Â 201Â 291,1.0
1014226,201900055757,7,13,11:30,1,1,1,1.0,4.0,79048,,M,"46,3477440"," -0,3174240",79,2019,130.0,1.0,1.0,1.0,2268118,4.0,2,1,2,5.0,,0.0,0,2011.0,C01,138Â 201Â 293,1.0,-1.0,-1.0,1731231,1.0,7,,0.0,2.0,5.0,D01,138Â 201Â 292,1.0
1014226,201900055757,7,13,11:30,1,1,1,1.0,4.0,79048,,M,"46,3477440"," -0,3174240",79,2019,130.0,1.0,1.0,1.0,2268118,4.0,2,1,2,5.0,,0.0,0,2011.0,C01,138Â 201Â 293,1.0,-1.0,-1.0,1731232,1.0,7,,0.0,2.0,4.0,C01,138Â 201Â 293,1.0
1014226,201900055757,7,13,11:30,1,1,1,1.0,4.0,79048,,M,"46,3477440"," -0,3174240",79,2019,130.0,1.0,1.0,1.0,2268118,4.0,2,1,2,5.0,,0.0,0,2011.0,C01,138Â 201Â 293,1.0,-1.0,-1.0,1731233,1.0,7,,0.0,2.0,4.0,B01,138Â 201Â 294,1.0
1014226,201900055757,7,13,11:30,1,1,1,1.0,4.0,79048,,M,"46,3477440"," -0,3174240",79,2019,130.0,1.0,1.0,1.0,2268118,4.0,2,1,2,5.0,,0.0,0,2011.0,C01,138Â 201Â 293,1.0,-1.0,-1.0,1731234,1.0,17,,0.0,2.0,1.0,A01,138Â 201Â 295,1.0
1014226,201900055757,7,13,11:30,1,1,1,1.0,4.0,79048,,M,"46,3477440"," -0,3174240",79,2019,130.0,1.0,1.0,1.0,2268119,3.0,2,1,1,5.0,,0.0,0,2014.0,C01,138Â 201Â 293,1.0,-1.0,-1.0,1731229,1.0,7,,0.0,2.0,4.0,F01,138Â 201Â 290,1.0
1014226,201900055757,7,13,11:30,1,1,1,1.0,4.0,79048,,M,"46,3477440"," -0,3174240",79,2019,130.0,1.0,1.0,1.0,2268119,3.0,2,1,1,5.0,,0.0,0,2014.0,C01,138Â 201Â 293,1.0,-1.0,-1.0,1731230,1.0,7,,3.0,2.0,4.0,E01,138Â 201Â 291,1.0
1014226,201900055757,7,13,11:30,1,1,1,1.0,4.0,79048,,M,"46,3477440"," -0,3174240",79,2019,130.0,1.0,1.0,1.0,2268119,3.0,2,1,1,5.0,,0.0,0,2014.0,C01,138Â 201Â 293,1.0,-1.0,-1.0,1731231,1.0,7,,0.0,2.0,5.0,D01,138Â 201Â 292,1.0
1014226,201900055757,7,13,11:30,1,1,1,1.0,4.0,79048,,M,"46,3477440"," -0,3174240",79,2019,130.0,1.0,1.0,1.0,2268119,3.0,2,1,1,5.0,,0.0,0,2014.0,C01,138Â 201Â 293,1.0,-1.0,-1.0,1731232,1.0,7,,0.0,2.0,4.0,C01,138Â 201Â 293,1.0
1014226,201900055757,7,13,11:30,1,1,1,1.0,4.0,79048,,M,"46,3477440"," -0,3174240",79,2019,130.0,1.0,1.0,1.0,2268119,3.0,2,1,1,5.0,,0.0,0,2014.0,C01,138Â 201Â 293,1.0,-1.0,-1.0,1731233,1.0,7,,0.0,2.0,4.0,B01,138Â 201Â 294,1.0
1014226,201900055757,7,13,11:30,1,1,1,1.0,4.0,79048,,M,"46,3477440"," -0,3174240",79,2019,130.0,1.0,1.0,1.0,2268119,3.0,2,1,1,5.0,,0.0,0,2014.0,C01,138Â 201Â 293,1.0,-1.0,-1.0,1731234,1.0,17,,0.0,2.0,1.0,A01,138Â 201Â 295,1.0
1014226,201900055757,7,13,11:30,1,1,1,1.0,4.0,79048,,M,"46,3477440"," -0,3174240",79,2019,130.0,1.0,1.0,1.0,2268120,2.0,2,4,2,5.0,,0.0,0,1979.0,C01,138Â 201Â 293,1.0,-1.0,-1.0,1731229,1.0,7,,0.0,2.0,4.0,F01,138Â 201Â 290,1.0
1014226,201900055757,7,13,11:30,1,1,1,1.0,4.0,79048,,M,"46,3477440"," -0,3174240",79,2019,130.0,1.0,1.0,1.0,2268120,2.0,2,4,2,5.0,,0.0,0,1979.0,C01,138Â 201Â 293,1.0,-1.0,-1.0,1731230,1.0,7,,3.0,2.0,4.0,E01,138Â 201Â 291,1.0
1014226,201900055757,7,13,11:30,1,1,1,1.0,4.0,79048,,M,"46,3477440"," -0,3174240",79,2019,130.0,1.0,1.0,1.0,2268120,2.0,2,4,2,5.0,,0.0,0,1979.0,C01,138Â 201Â 293,1.0,-1.0,-1.0,1731231,1.0,7,,0.0,2.0,5.0,D01,138Â 201Â 292,1.0
1014226,201900055757,7,13,11:30,1,1,1,1.0,4.0,79048,,M,"46,3477440"," -0,3174240",79,2019,130.0,1.0,1.0,1.0,2268120,2.0,2,4,2,5.0,,0.0,0,1979.0,C01,138Â 201Â 293,1.0,-1.0,-1.0,1731232,1.0,7,,0.0,2.0,4.0,C01,138Â 201Â 293,1.0
1014226,201900055757,7,13,11:30,1,1,1,1.0,4.0,79048,,M,"46,3477440"," -0,3174240",79,2019,130.0,1.0,1.0,1.0,2268120,2.0,2,4,2,5.0,,0.0,0,1979.0,C01,138Â 201Â 293,1.0,-1.0,-1.0,1731233,1.0,7,,0.0,2.0,4.0,B01,138Â 201Â 294,1.0
1014226,201900055757,7,13,11:30,1,1,1,1.0,4.0,79048,,M,"46,3477440"," -0,3174240",79,2019,130.0,1.0,1.0,1.0,2268120,2.0,2,4,2,5.0,,0.0,0,1979.0,C01,138Â 201Â 293,1.0,-1.0,-1.0,1731234,1.0,17,,0.0,2.0,1.0,A01,138Â 201Â 295,1.0
1014226,201900055757,7,13,11:30,1,1,1,1.0,4.0,79048,,M,"46,3477440"," -0,3174240",79,2019,130.0,1.0,1.0,1.0,2268121,3.0,2,1,1,5.0,,0.0,0,2015.0,B01,138Â 201Â 294,3.0,-1.0,-1.0,1731229,1.0,7,,0.0,2.0,4.0,F01,138Â 201Â 290,1.0
1014226,201900055757,7,13,11:30,1,1,1,1.0,4.0,79048,,M,"46,3477440"," -0,3174240",79,2019,130.0,1.0,1.0,1.0,2268121,3.0,2,1,1,5.0,,0.0,0,2015.0,B01,138Â 201Â 294,3.0,-1.0,-1.0,1731230,1.0,7,,3.0,2.0,4.0,E01,138Â 201Â 291,1.0
1014226,201900055757,7,13,11:30,1,1,1,1.0,4.0,79048,,M,"46,3477440"," -0,3174240",79,2019,130.0,1.0,1.0,1.0,2268121,3.0,2,1,1,5.0,,0.0,0,2015.0,B01,138Â 201Â 294,3.0,-1.0,-1.0,1731231,1.0,7,,0.0,2.0,5.0,D01,138Â 201Â 292,1.0
1014226,201900055757,7,13,11:30,1,1,1,1.0,4.0,79048,,M,"46,3477440"," -0,3174240",79,2019,130.0,1.0,1.0,1.0,2268121,3.0,2,1,1,5.0,,0.0,0,2015.0,B01,138Â 201Â 294,3.0,-1.0,-1.0,1731232,1.0,7,,0.0,2.0,4.0,C01,138Â 201Â 293,1.0