Unnamed: 0_x,num_acc,mois,jour,hrmn,lum,agg,int,atm,col,com,adr,gps,lat,long,dep,annee,vma,situ,surf,catr,Unnamed: 0_y,place,catu,grav,sexe,trajet,secu,locp,actp,an_nais,num_veh_x,id_vehicule_x,secu1,secu2,secu3,Unnamed: 0,senc,catv,occutc,obs,obsm,choc,num_veh_y,id_vehicule_y,motor
1014226,201900055757,7,13,11:30,1,1,1,1.0,4.0,79048,,M,"46,3477440"," -0,3174240",79,2019,130.0,1.0,1.0,1.0,2268121,3.0,2,1,1,5.0,,0.0,0,2015.0,B01,138Â 201Â 294,3.0,-1.0,-1.0,1731233,1.0,7,,0.0,2.0,4.0,B01,138Â 201Â 294,1.0
1014226,201900055757,7,13,11:30,1,1,1,1.0,4.0,79048,,M,"46,3477440"," -0,3174240",79,2019,130.0,1.0,1.0,1.0,2268121,3.0,2,1,1,5.0,,0.0,0,2015.0,B01,138Â 201Â 294,3.0,-1.0,-1.0,1731234,1.0,17,,0.0,2.0,1.0,A01,138Â 201Â 295,1.0
1014226,201900055757,7,13,11:30,1,1,1,1.0,4.0,79048,,M,"46,3477440"," -0,3174240",79,2019,130.0,1.0,1.0,1.0,2268122,4.0,2,2,2,5.0,,0.0,0,1959.0,B01,138Â 201Â 294,8.0,-1.0,-1.0,1731229,1.0,7,,0.0,2.0,4.0,F01,138Â 201Â 290,1.0
1014226,201900055757,7,13,11:30,1,1,1,1.0,4.0,79048,,M,"46,3477440"," -0,3174240",79,2019,130.0,1.0,1.0,1.0,2268122,4.0,2,2,2,5.0,,0.0,0,1959.0,B01,138Â 201Â 294,8.0,-1.0,-1.0,1731230,1.0,7,,3.0,2.0,4.0,E01,138Â 201Â 291,1.0
1014226,201900055757,7,13,11:30,1,1,1,1.0,4.0,79048,,M,"46,3477440"," -0,3174240",79,2019,130.0,1.0,1.0,1.0,2268122,4.0,2,2,2,5.0,,0.0,0,1959.0,B01,138Â 201Â 294,8.0,-1.0,-1.0,1731231,1.0,7,,0.0,2.0,5.0,D01,138Â 201Â 292,1.0
1014226,201900055757,7,13,11:30,1,1,1,1.0,4.0,79048,,M,"46,3477440"," -0,3174240",79,2019,130.0,1.0,1.0,1.0,2268122,4.0,2,2,2,5.0,,0.0,0,1959.0,B01,138Â 201Â 294,8.0,-1.0,-1.0,1731232,1.0,7,,0.0,2.0,4.0,C01,138Â 201Â 293,1.0
1014226,201900055757,7,13,11:30,1,1,1,1.0,4.0,79048,,M,"46,3477440"," -0,3174240",79,2019,130.0,1.0,1.0,1.0,2268122,4.0,2,2,2,5.0,,0.0,0,1959.0,B01,138Â 201Â 294,8.0,-1.0,-1.0,1731233,1.0,7,,0.0,2.0,4.0,B01,138Â 201Â 294,1.0
1014226,201900055757,7,13,11:30,1,1,1,1.0,4.0,79048,,M,"46,3477440"," -0,3174240",79,2019,130.0,1.0,1.0,1.0,2268122,4.0,2,2,2,5.0,,0.0,0,1959.0,B01,138Â 201Â 294,8.0,-1.0,-1.0,1731234,1.0,17,,0.0,2.0,1.0,A01,138Â 201Â 295,1.0
1014226,201900055757,7,13,11:30,1,1,1,1.0,4.0,79048,,M,"46,3477440"," -0,3174240",79,2019,130.0,1.0,1.0,1.0,2268123,1.0,1,1,1,5.0,,0.0,0,1956.0,B01,138Â 201Â 294,1.0,-1.0,-1.0,1731229,1.0,7,,0.0,2.0,4.0,F01,138Â 201Â 290,1.0
1014226,201900055757,7,13,11:30,1,1,1,1.0,4.0,79048,,M,"46,3477440"," -0,3174240",79,2019,130.0,1.0,1.0,1.0,2268123,1.0,1,1,1,5.0,,0.0,0,1956.0,B01,138Â 201Â 294,1.0,-1.0,-1.0,1731230,1.0,7,,3.0,2.0,4.0,E01,138Â 201Â 291,1.0
1014226,201900055757,7,13,11:30,1,1,1,1.0,4.0,79048,,M,"46,3477440"," -0,3174240",79,2019,130.0,1.0,1.0,1.0,2268123,1.0,1,1,1,5.0,,0.0,0,1956.0,B01,138Â 201Â 294,1.0,-1.0,-1.0,1731231,1.0,7,,0.0,2.0,5.0,D01,138Â 201Â 292,1.0
1014226,201900055757,7,13,11:30,1,1,1,1.0,4.0,79048,,M,"46,3477440"," -0,3174240",79,2019,130.0,1.0,1.0,1.0,2268123,1.0,1,1,1,5.0,,0.0,0,1956.0,B01,138Â 201Â 294,1.0,-1.0,-1.0,1731232,1.0,7,,0.0,2.0,4.0,C01,138Â 201Â 293,1.0
1014226,201900055757,7,13,11:30,1,1,1,1.0,4.0,79048,,M,"46,3477440"," -0,3174240",79,2019,130.0,1.0,1.0,1.0,2268123,1.0,1,1,1,5.0,,0.0,0,1956.0,B01,138Â 201Â 294,1.0,-1.0,-1.0,1731233,1.0,7,,0.0,2.0,4.0,B01,138Â 201Â 294,1.0
1014226,201900055757,7,13,11:30,1,1,1,1.0,4.0,79048,,M,"46,3477440"," -0,3174240",79,2019,130.0,1.0,1.0,1.0,2268123,1.0,1,1,1,5.0,,0.0,0,1956.0,B01,138Â 201Â 294,1.0,-1.0,-1.0,1731234,1.0,17,,0.0,2.0,1.0,A01,138Â 201Â 295,1.0
1014226,201900055757,7,13,11:30,1,1,1,1.0,4.0,79048,,M,"46,3477440"," -0,3174240",79,2019,130.0,1.0,1.0,1.0,2268124,1.0,1,4,1,4.0,,0.0,0,1975.0,A01,138Â 201Â 295,1.0,-1.0,-1.0,1731229,1.0,7,,0.0,2.0,4.0,F01,138Â 201Â 290,1.0
1014226,201900055757,7,13,11:30,1,1,1,1.0,4.0,79048,,M,"46,3477440"," -0,3174240",79,2019,130.0,1.0,1.0,1.0,2268124,1.0,1,4,1,4.0,,0.0,0,1975.0,A01,138Â 201Â 295,1.0,-1.0,-1.0,1731230,1.0,7,,3.0,2.0,4.0,E01,138Â 201Â 291,1.0
1014226,201900055757,7,13,11:30,1,1,1,1.0,4.0,79048,,M,"46,3477440"," -0,3174240",79,2019,130.0,1.0,1.0,1.0,2268124,1.0,1,4,1,4.0,,0.0,0,1975.0,A01,138Â 201Â 295,1.0,-1.0,-1.0,1731231,1.0,7,,0.0,2.0,5.0,D01,138Â 201Â 292,1.0
1014226,201900055757,7,13,11:30,1,1,1,1.0,4.0,79048,,M,"46,3477440"," -0,3174240",79,2019,130.0,1.0,1.0,1.0,2268124,1.0,1,4,1,4.0,,0.0,0,1975.0,A01,138Â 201Â 295,1.0,-1.0,-1.0,1731232,1.0,7,,0.0,2.0,4.0,C01,138Â 201Â 293,1.0
1014226,201900055757,7,13,11:30,1,1,1,1.0,4.0,79048,,M,"46,3477440"," -0,3174240",79,2019,130.0,1.0,1.0,1.0,2268124,1.0,1,4,1,4.0,,0.0,0,1975.0,A01,138Â 201Â 295,1.0,-1.0,-1.0,1731233,1.0,7,,0.0,2.0,4.0,B01,138Â 201Â 294,1.0
1014226,201900055757,7,13,11:30,1,1,1,1.0,4.0,79048,,M,"46,3477440"," -0,3174240",79,2019,130.0,1.0,1.0,1.0,2268124,1.0,1,4,1,4.0,,0.0,0,1975.0,A01,138Â 201Â 295,1.0,-1.0,-1.0,1731234,1.0,17,,0.0,2.0,1.0,A01,138Â 201Â 295,1.0
1014227,201900055758,7,12,19:55,1,1,1,1.0,7.0,89022,A6 pk 207.7 sens PARIS-LYON,M,"47,5286111","3,9841453",89,2019,130.0,1.0,1.0,1.0,2268125,2.0,2,3,2,5.0,,0.0,0,1929.0,A01,138Â 201Â 287,1.0,-1.0,-1.0,1731235,1.0,7,,0.0,0.0,9.0,A01,138Â 201Â 287,1.0
1014227,201900055758,7,12,19:55,1,1,1,1.0,7.0,89022,A6 pk 207.7 sens PARIS-LYON,M,"47,5286111","3,9841453",89,2019,130.0,1.0,1.0,1.0,2268126,1.0,1,3,1,5.0,,0.0,0,1967.0,A01,138Â 201Â 287,1.0,-1.0,-1.0,1731235,1.0,7,,0.0,0.0,9.0,A01,138Â 201Â 287,1.0
1014228,201900055759,7,12,16:00,1,1,1,1.0,5.0,67067,"autoroute A4, PK 468.300",M,"48,7032470","7,7128080",67,2019,-1.0,1.0,1.0,1.0,2268127,1.0,1,4,1,1.0,,0.0,0,1991.0,E01,138Â 201Â 282,1.0,-1.0,-1.0,1731236,1.0,7,,0.0,2.0,1.0,E01,138Â 201Â 282,1.0
1014228,201900055759,7,12,16:00,1,1,1,1.0,5.0,67067,"autoroute A4, PK 468.300",M,"48,7032470","7,7128080",67,2019,-1.0,1.0,1.0,1.0,2268127,1.0,1,4,1,1.0,,0.0,0,1991.0,E01,138Â 201Â 282,1.0,-1.0,-1.0,1731237,1.0,7,,0.0,2.0,1.0,D01,138Â 201Â 283,1.0
1014228,201900055759,7,12,16:00,1,1,1,1.0,5.0,67067,"autoroute A4, PK 468.300",M,"48,7032470","7,7128080",67,2019,-1.0,1.0,1.0,1.0,2268127,1.0,1,4,1,1.0,,0.0,0,1991.0,E01,138Â 201Â 282,1.0,-1.0,-1.0,1731238,1.0,7,,0.0,2.0,1.0,C01,138Â 201Â 284,1.0
1014228,201900055759,7,12,16:00,1,1,1,1.0,5.0,67067,"autoroute A4, PK 468.300",M,"48,7032470","7,7128080",67,2019,-1.0,1.0,1.0,1.0,2268127,1.0,1,4,1,1.0,,0.0,0,1991.0,E01,138Â 201Â 282,1.0,-1.0,-1.0,1731239,1.0,10,,0.0,2.0,9.0,B01,138Â 201Â 285,1.0
1014228,201900055759,7,12,16:00,1,1,1,1.0,5.0,67067,"autoroute A4, PK 468.300",M,"48,7032470","7,7128080",67,2019,-1.0,1.0,1.0,1.0,2268127,1.0,1,4,1,1.0,,0.0,0,1991.0,E01,138Â 201Â 282,1.0,-1.0,-1.0,1731240,1.0,7,,0.0,0.0,4.0,A01,138Â 201Â 286,1.0
1014228,201900055759,7,12,16:00,1,1,1,1.0,5.0,67067,"autoroute A4, PK 468.300",M,"48,7032470","7,7128080",67,2019,-1.0,1.0,1.0,1.0,2268128,1.0,1,1,2,1.0,,0.0,0,1993.0,D01,138Â 201Â 283,1.0,-1.0,-1.0,1731236,1.0,7,,0.0,2.0,1.0,E01,138Â 201Â 282,1.0
1014228,201900055759,7,12,16:00,1,1,1,1.0,5.0,67067,"autoroute A4, PK 468.300",M,"48,7032470","7,7128080",67,2019,-1.0,1.0,1.0,1.0,2268128,1.0,1,1,2,1.0,,0.0,0,1993.0,D01,138Â 201Â 283,1.0,-1.0,-1.0,1731237,1.0,7,,0.0,2.0,1.0,D01,138Â 201Â 283,1.0
1014228,201900055759,7,12,16:00,1,1,1,1.0,5.0,67067,"autoroute A4, PK 468.300",M,"48,7032470","7,7128080",67,2019,-1.0,1.0,1.0,1.0,2268128,1.0,1,1,2,1.0,,0.0,0,1993.0,D01,138Â 201Â 283,1.0,-1.0,-1.0,1731238,1.0,7,,0.0,2.0,1.0,C01,138Â 201Â 284,1.0
1014228,201900055759,7,12,16:00,1,1,1,1.0,5.0,67067,"autoroute A4, PK 468.300",M,"48,7032470","7,7128080",67,2019,-1.0,1.0,1.0,1.0,2268128,1.0,1,1,2,1.0,,0.0,0,1993.0,D01,138Â 201Â 283,1.0,-1.0,-1.0,1731239,1.0,10,,0.0,2.0,9.0,B01,138Â 201Â 285,1.0
1014228,201900055759,7,12,16:00,1,1,1,1.0,5.0,67067,"autoroute A4, PK 468.300",M,"48,7032470","7,7128080",67,2019,-1.0,1.0,1.0,1.0,2268128,1.0,1,1,2,1.0,,0.0,0,1993.0,D01,138Â 201Â 283,1.0,-1.0,-1.0,1731240,1.0,7,,0.0,0.0,4.0,A01,138Â 201Â 286,1.0
1014228,201900055759,7,12,16:00,1,1,1,1.0,5.0,67067,"autoroute A4, PK 468.300",M,"48,7032470","7,7128080",67,2019,-1.0,1.0,1.0,1.0,2268129,1.0,1,1,1,5.0,,0.0,0,1960.0,C01,138Â 201Â 284,1.0,-1.0,-1.0,1731236,1.0,7,,0.0,2.0,1.0,E01,138Â 201Â 282,1.0
1014228,201900055759,7,12,16:00,1,1,1,1.0,5.0,67067,"autoroute A4, PK 468.300",M,"48,7032470","7,7128080",67,2019,-1.0,1.0,1.0,1.0,2268129,1.0,1,1,1,5.0,,0.0,0,1960.0,C01,138Â 201Â 284,1.0,-1.0,-1.0,1731237,1.0,7,,0.0,2.0,1.0,D01,138Â 201Â 283,1.0
1014228,201900055759,7,12,16:00,1,1,1,1.0,5.0,67067,"autoroute A4, PK 468.300",M,"48,7032470","7,7128080",67,2019,-1.0,1.0,1.0,1.0,2268129,1.0,1,1,1,5.0,,0.0,0,1960.0,C01,138Â 201Â 284,1.0,-1.0,-1.0,1731238,1.0,7,,0.0,2.0,1.0,C01,138Â 201Â 284,1.0
1014228,201900055759,7,12,16:00,1,1,1,1.0,5.0,67067,"autoroute A4, PK 468.300",M,"48,7032470","7,7128080",67,2019,-1.0,1.0,1.0,1.0,2268129,1.0,1,1,1,5.0,,0.0,0,1960.0,C01,138Â 201Â 284,1.0,-1.0,-1.0,1731239,1.0,10,,0.0,2.0,9.0,B01,138Â 201Â 285,1.0
1014228,201900055759,7,12,16:00,1,1,1,1.0,5.0,67067,"autoroute A4, PK 468.300",M,"48,7032470","7,7128080",67,2019,-1.0,1.0,1.0,1.0,2268129,1.0,1,1,1,5.0,,0.0,0,1960.0,C01,138Â 201Â 284,1.0,-1.0,-1.0,1731240,1.0,7,,0.0,0.0,4.0,A01,138Â 201Â 286,1.0
1014228,201900055759,7,12,16:00,1,1,1,1.0,5.0,67067,"autoroute A4, PK 468.300",M,"48,7032470","7,7128080",67,2019,-1.0,1.0,1.0,1.0,2268130,1.0,1,1,1,4.0,,0.0,0,1977.0,B01,138Â 201Â 285,1.0,-1.0,-1.0,1731236,1.0,7,,0.0,2.0,1.0,E01,138Â 201Â 282,1.0
1014228,201900055759,7,12,16:00,1,1,1,1.0,5.0,67067,"autoroute A4, PK 468.300",M,"48,7032470","7,7128080",67,2019,-1.0,1.0,1.0,1.0,2268130,1.0,1,1,1,4.0,,0.0,0,1977.0,B01,138Â 201Â 285,1.0,-1.0,-1.0,1731237,1.0,7,,0.0,2.0,1.0,D01,138Â 201Â 283,1.0
1014228,201900055759,7,12,16:00,1,1,1,1.0,5.0,67067,"autoroute A4, PK 468.300",M,"48,7032470","7,7128080",67,2019,-1.0,1.0,1.0,1.0,2268130,1.0,1,1,1,4.0,,0.0,0,1977.0,B01,138Â 201Â 285,1.0,-1.0,-1.0,1731238,1.0,7,,0.0,2.0,1.0,C01,138Â 201Â 284,1.0
1014228,201900055759,7,12,16:00,1,1,1,1.0,5.0,67067,"autoroute A4, PK 468.300",M,"48,7032470","7,7128080",67,2019,-1.0,1.0,1.0,1.0,2268130,1.0,1,1,1,4.0,,0.0,0,1977.0,B01,138Â 201Â 285,1.0,-1.0,-1.0,1731239,1.0,10,,0.0,2.0,9.0,B01,138Â 201Â 285,1.0
1014228,201900055759,7,12,16:00,1,1,1,1.0,5.0,67067,"autoroute A4, PK 468.300",M,"48,7032470","7,7128080",67,2019,-1.0,1.0,1.0,1.0,2268130,1.0,1,1,1,4.0,,0.0,0,1977.0,B01,138Â 201Â 285,1.0,-1.0,-1.0,1731240,1.0,7,,0.0,0.0,4.0,A01,138Â 201Â 286,1.0
1014228,201900055759,7,12,16:00,1,1,1,1.0,5.0,67067,"autoroute A4, PK 468.300",M,"48,7032470","7,7128080",67,2019,-1.0,1.0,1.0,1.0,2268131,1.0,1,1,2,1.0,,0.0,0,1978.0,A01,138Â 201Â 286,1.0,-1.0,-1.0,1731236,1.0,7,,0.0,2.0,1.0,E01,138Â 201Â 282,1.0
1014228,201900055759,7,12,16:00,1,1,1,1.0,5.0,67067,"autoroute A4, PK 468.300",M,"48,7032470","7,7128080",67,2019,-1.0,1.0,1.0,1.0,2268131,1.0,1,1,2,1.0,,0.0,0,1978.0,A01,138Â 201Â 286,1.0,-1.0,-1.0,1731237,1.0,7,,0.0,2.0,1.0,D01,138Â 201Â 283,1.0
1014228,201900055759,7,12,16:00,1,1,1,1.0,5.0,67067,"autoroute A4, PK 468.300",M,"48,7032470","7,7128080",67,2019,-1.0,1.0,1.0,1.0,2268131,1.0,1,1,2,1.0,,0.0,0,1978.0,A01,138Â 201Â 286,1.0,-1.0,-1.0,1731238,1.0,7,,0.0,2.0,1.0,C01,138Â 201Â 284,1.0
1014228,201900055759,7,12,16:00,1,1,1,1.0,5.0,67067,"autoroute A4, PK 468.300",M,"48,7032470","7,7128080",67,2019,-1.0,1.0,1.0,1.0,2268131,1.0,1,1,2,1.0,,0.0,0,1978.0,A01,138Â 201Â 286,1.0,-1.0,-1.0,1731239,1.0,10,,0.0,2.0,9.0,B01,138Â 201Â 285,1.0
1014228,201900055759,7,12,16:00,1,1,1,1.0,5.0,67067,"autoroute A4, PK 468.300",M,"48,7032470","7,7128080",67,2019,-1.0,1.0,1.0,1.0,2268131,1.0,1,1,2,1.0,,0.0,0,1978.0,A01,138Â 201Â 286,1.0,-1.0,-1.0,1731240,1.0,7,,0.0,0.0,4.0,A01,138Â 201Â 286,1.0
1014229,201900055760,7,13,04:50,3,1,1,1.0,2.0,90062,A36,M,"47,6731950","6,9736000",90,2019,90.0,1.0,1.0,1.0,2268132,2.0,2,1,2,4.0,,0.0,0,1980.0,B01,138Â 201Â 280,1.0,-1.0,-1.0,1731241,2.0,17,,0.0,0.0,6.0,B01,138Â 201Â 280,6.0
1014229,201900055760,7,13,04:50,3,1,1,1.0,2.0,90062,A36,M,"47,6731950","6,9736000",90,2019,90.0,1.0,1.0,1.0,2268132,2.0,2,1,2,4.0,,0.0,0,1980.0,B01,138Â 201Â 280,1.0,-1.0,-1.0,1731242,2.0,7,,0.0,2.0,2.0,A01,138Â 201Â 281,6.0
1014229,201900055760,7,13,04:50,3,1,1,1.0,2.0,90062,A36,M,"47,6731950","6,9736000",90,2019,90.0,1.0,1.0,1.0,2268133,1.0,1,1,1,4.0,,0.0,0,1980.0,B01,138Â 201Â 280,1.0,-1.0,-1.0,1731241,2.0,17,,0.0,0.0,6.0,B01,138Â 201Â 280,6.0
1014229,201900055760,7,13,04:50,3,1,1,1.0,2.0,90062,A36,M,"47,6731950","6,9736000",90,2019,90.0,1.0,1.0,1.0,2268133,1.0,1,1,1,4.0,,0.0,0,1980.0,B01,138Â 201Â 280,1.0,-1.0,-1.0,1731242,2.0,7,,0.0,2.0,2.0,A01,138Â 201Â 281,6.0
1014229,201900055760,7,13,04:50,3,1,1,1.0,2.0,90062,A36,M,"47,6731950","6,9736000",90,2019,90.0,1.0,1.0,1.0,2268134,1.0,1,4,1,1.0,,0.0,0,1975.0,A01,138Â 201Â 281,1.0,-1.0,-1.0,1731241,2.0,17,,0.0,0.0,6.0,B01,138Â 201Â 280,6.0
1014229,201900055760,7,13,04:50,3,1,1,1.0,2.0,90062,A36,M,"47,6731950","6,9736000",90,2019,90.0,1.0,1.0,1.0,2268134,1.0,1,4,1,1.0,,0.0,0,1975.0,A01,138Â 201Â 281,1.0,-1.0,-1.0,1731242,2.0,7,,0.0,2.0,2.0,A01,138Â 201Â 281,6.0
1014230,201900055761,7,12,02:20,3,1,1,1.0,7.0,06088,A8 PK 207+000 sens Nord,M,"43,7450290","7,3676820",6,2019,90.0,1.0,1.0,1.0,2268135,1.0,1,3,1,5.0,,0.0,0,1995.0,A01,138Â 201Â 279,2.0,6.0,-1.0,1731243,2.0,33,,4.0,0.0,1.0,A01,138Â 201Â 279,1.0
1014231,201900055762,7,14,08:15,1,2,1,1.0,6.0,97613,Rue du CollÃ¨ge,M," -12,7590210","45,0796040",976,2019,-1.0,1.0,1.0,3.0,2268136,10.0,3,4,1,9.0,,1.0,5,2015.0,A01,138Â 201Â 278,0.0,-1.0,-1.0,1731244,1.0,7,,0.0,1.0,2.0,A01,138Â 201Â 278,0.0
1014231,201900055762,7,14,08:15,1,2,1,1.0,6.0,97613,Rue du CollÃ¨ge,M," -12,7590210","45,0796040",976,2019,-1.0,1.0,1.0,3.0,2268137,1.0,1,1,2,9.0,,0.0,0,1975.0,A01,138Â 201Â 278,8.0,-1.0,-1.0,1731244,1.0,7,,0.0,1.0,2.0,A01,138Â 201Â 278,0.0
1014232,201900055763,7,13,12:45,1,1,1,1.0,4.0,34101,"a9, PK 144+700",M,"43,3909470","3,4606590",34,2019,130.0,1.0,1.0,1.0,2268138,1.0,1,4,1,0.0,,0.0,0,1988.0,A01,138Â 201Â 275,1.0,-1.0,-1.0,1731245,1.0,7,,3.0,2.0,1.0,A01,138Â 201Â 275,1.0
1014232,201900055763,7,13,12:45,1,1,1,1.0,4.0,34101,"a9, PK 144+700",M,"43,3909470","3,4606590",34,2019,130.0,1.0,1.0,1.0,2268138,1.0,1,4,1,0.0,,0.0,0,1988.0,A01,138Â 201Â 275,1.0,-1.0,-1.0,1731246,1.0,7,,0.0,2.0,4.0,B01,138Â 201Â 276,1.0
1014232,201900055763,7,13,12:45,1,1,1,1.0,4.0,34101,"a9, PK 144+700",M,"43,3909470","3,4606590",34,2019,130.0,1.0,1.0,1.0,2268138,1.0,1,4,1,0.0,,0.0,0,1988.0,A01,138Â 201Â 275,1.0,-1.0,-1.0,1731247,1.0,10,,0.0,0.0,8.0,C01,138Â 201Â 277,1.0
1014232,201900055763,7,13,12:45,1,1,1,1.0,4.0,34101,"a9, PK 144+700",M,"43,3909470","3,4606590",34,2019,130.0,1.0,1.0,1.0,2268139,7.0,2,4,2,5.0,,0.0,0,2006.0,B01,138Â 201Â 276,3.0,-1.0,-1.0,1731245,1.0,7,,3.0,2.0,1.0,A01,138Â 201Â 275,1.0
1014232,201900055763,7,13,12:45,1,1,1,1.0,4.0,34101,"a9, PK 144+700",M,"43,3909470","3,4606590",34,2019,130.0,1.0,1.0,1.0,2268139,7.0,2,4,2,5.0,,0.0,0,2006.0,B01,138Â 201Â 276,3.0,-1.0,-1.0,1731246,1.0,7,,0.0,2.0,4.0,B01,138Â 201Â 276,1.0
1014232,201900055763,7,13,12:45,1,1,1,1.0,4.0,34101,"a9, PK 144+700",M,"43,3909470","3,4606590",34,2019,130.0,1.0,1.0,1.0,2268139,7.0,2,4,2,5.0,,0.0,0,2006.0,B01,138Â 201Â 276,3.0,-1.0,-1.0,1731247,1.0,10,,0.0,0.0,8.0,C01,138Â 201Â 277,1.0
1014232,201900055763,7,13,12:45,1,1,1,1.0,4.0,34101,"a9, PK 144+700",M,"43,3909470","3,4606590",34,2019,130.0,1.0,1.0,1.0,2268140,9.0,2,4,2,5.0,,0.0,0,2015.0,B01,138Â 201Â 276,3.0,-1.0,-1.0,1731245,1.0,7,,3.0,2.0,1.0,A01,138Â 201Â 275,1.0
1014232,201900055763,7,13,12:45,1,1,1,1.0,4.0,34101,"a9, PK 144+700",M,"43,3909470","3,4606590",34,2019,130.0,1.0,1.0,1.0,2268140,9.0,2,4,2,5.0,,0.0,0,2015.0,B01,138Â 201Â 276,3.0,-1.0,-1.0,1731246,1.0,7,,0.0,2.0,4.0,B01,138Â 201Â 276,1.0
1014232,201900055763,7,13,12:45,1,1,1,1.0,4.0,34101,"a9, PK 144+700",M,"43,3909470","3,4606590",34,2019,130.0,1.0,1.0,1.0,2268140,9.0,2,4,2,5.0,,0.0,0,2015.0,B01,138Â 201Â 276,3.0,-1.0,-1.0,1731247,1.0,10,,0.0,0.0,8.0,C01,138Â 201Â 277,1.0
1014232,201900055763,7,13,12:45,1,1,1,1.0,4.0,34101,"a9, PK 144+700",M,"43,3909470","3,4606590",34,2019,130.0,1.0,1.0,1.0,2268141,1.0,1,1,1,5.0,,0.0,0,1980.0,B01,138Â 201Â 276,1.0,-1.0,-1.0,1731245,1.0,7,,3.0,2.0,1.0,A01,138Â 201Â 275,1.0
1014232,201900055763,7,13,12:45,1,1,1,1.0,4.0,34101,"a9, PK 144+700",M,"43,3909470","3,4606590",34,2019,130.0,1.0,1.0,1.0,2268141,1.0,1,1,1,5.0,,0.0,0,1980.0,B01,138Â 201Â 276,1.0,-1.0,-1.0,1731246,1.0,7,,0.0,2.0,4.0,B01,138Â 201Â 276,1.0
1014232,201900055763,7,13,12:45,1,1,1,1.0,4.0,34101,"a9, PK 144+700",M,"43,3909470","3,4606590",34,2019,130.0,1.0,1.0,1.0,2268141,1.0,1,1,1,5.0,,0.0,0,1980.0,B01,138Â 201Â 276,1.0,-1.0,-1.0,1731247,1.0,10,,0.0,0.0,8.0,C01,138Â 201Â 277,1.0
1014232,201900055763,7,13,12:45,1,1,1,1.0,4.0,34101,"a9, PK 144+700",M,"43,3909470","3,4606590",34,2019,130.0,1.0,1.0,1.0,2268142,2.0,2,4,2,0.0,,0.0,0,1982.0,B01,138Â 201Â 276,1.0,-1.0,-1.0,1731245,1.0,7,,3.0,2.0,1.0,A01,138Â 201Â 275,1.0
1014232,201900055763,7,13,12:45,1,1,1,1.0,4.0,34101,"a9, PK 144+700",M,"43,3909470","3,4606590",34,2019,130.0,1.0,1.0,1.0,2268142,2.0,2,4,2,0.0,,0.0,0,1982.0,B01,138Â 201Â 276,1.0,-1.0,-1.0,1731246,1.0,7,,0.0,2.0,4.0,B01,138Â 201Â 276,1.0
1014232,201900055763,7,13,12:45,1,1,1,1.0,4.0,34101,"a9, PK 144+700",M,"43,3909470","3,4606590",34,2019,130.0,1.0,1.0,1.0,2268142,2.0,2,4,2,0.0,,0.0,0,1982.0,B01,138Â 201Â 276,1.0,-1.0,-1.0,1731247,1.0,10,,0.0,0.0,8.0,C01,138Â 201Â 277,1.0
1014232,201900055763,7,13,12:45,1,1,1,1.0,4.0,34101,"a9, PK 144+700",M,"43,3909470","3,4606590",34,2019,130.0,1.0,1.0,1.0,2268143,1.0,1,1,1,5.0,,0.0,0,1956.0,C01,138Â 201Â 277,1.0,-1.0,-1.0,1731245,1.0,7,,3.0,2.0,1.0,A01,138Â 201Â 275,1.0
1014232,201900055763,7,13,12:45,1,1,1,1.0,4.0,34101,"a9, PK 144+700",M,"43,3909470","3,4606590",34,2019,130.0,1.0,1.0,1.0,2268143,1.0,1,1,1,5.0,,0.0,0,1956.0,C01,138Â 201Â 277,1.0,-1.0,-1.0,1731246,1.0,7,,0.0,2.0,4.0,B01,138Â 201Â 276,1.0
1014232,201900055763,7,13,12:45,1,1,1,1.0,4.0,34101,"a9, PK 144+700",M,"43,3909470","3,4606590",34,2019,130.0,1.0,1.0,1.0,2268143,1.0,1,1,1,5.0,,0.0,0,1956.0,C01,138Â 201Â 277,1.0,-1.0,-1.0,1731247,1.0,10,,0.0,0.0,8.0,C01,138Â 201Â 277,1.0
1014233,201900055764,7,11,17:33,1,1,1,1.0,4.0,34113,"Autoroute A9, bretelle d'entrÃ©e, aire de repos de GIGEAN Sud, PK 119+800, sens SETE MONTPELLIER",M,"43,4909090","3,7167140",34,2019,50.0,1.0,1.0,1.0,2268144,1.0,1,1,1,-1.0,,-1.0, -1,1900.0,C01,138Â 201Â 272,1.0,-1.0,-1.0,1731248,2.0,99,,0.0,2.0,4.0,C01,138Â 201Â 272,6.0
1014233,201900055764,7,11,17:33,1,1,1,1.0,4.0,34113,"Autoroute A9, bretelle d'entrÃ©e, aire de repos de GIGEAN Sud, PK 119+800, sens SETE MONTPELLIER",M,"43,4909090","3,7167140",34,2019,50.0,1.0,1.0,1.0,2268144,1.0,1,1,1,-1.0,,-1.0, -1,1900.0,C01,138Â 201Â 272,1.0,-1.0,-1.0,1731249,2.0,17,,0.0,0.0,0.0,B01,138Â 201Â 273,1.0
1014233,201900055764,7,11,17:33,1,1,1,1.0,4.0,34113,"Autoroute A9, bretelle d'entrÃ©e, aire de repos de GIGEAN Sud, PK 119+800, sens SETE MONTPELLIER",M,"43,4909090","3,7167140",34,2019,50.0,1.0,1.0,1.0,2268144,1.0,1,1,1,-1.0,,-1.0, -1,1900.0,C01,138Â 201Â 272,1.0,-1.0,-1.0,1731250,2.0,7,,0.0,2.0,1.0,A01,138Â 201Â 274,1.0