Unnamed: 0_x,num_acc,mois,jour,hrmn,lum,agg,int,atm,col,com,adr,gps,lat,long,dep,annee,vma,situ,surf,catr,Unnamed: 0_y,place,catu,grav,sexe,trajet,secu,locp,actp,an_nais,num_veh_x,id_vehicule_x,secu1,secu2,secu3,Unnamed: 0,senc,catv,occutc,obs,obsm,choc,num_veh_y,id_vehicule_y,motor
1014233,201900055764,7,11,17:33,1,1,1,1.0,4.0,34113,"Autoroute A9, bretelle d'entrÃ©e, aire de repos de GIGEAN Sud, PK 119+800, sens SETE MONTPELLIER",M,"43,4909090","3,7167140",34,2019,50.0,1.0,1.0,1.0,2268145,1.0,1,1,1,4.0,,0.0,0,1976.0,B01,138Â 201Â 273,1.0,-1.0,-1.0,1731248,2.0,99,,0.0,2.0,4.0,C01,138Â 201Â 272,6.0
1014233,201900055764,7,11,17:33,1,1,1,1.0,4.0,34113,"Autoroute A9, bretelle d'entrÃ©e, aire de repos de GIGEAN Sud, PK 119+800, sens SETE MONTPELLIER",M,"43,4909090","3,7167140",34,2019,50.0,1.0,1.0,1.0,2268145,1.0,1,1,1,4.0,,0.0,0,1976.0,B01,138Â 201Â 273,1.0,-1.0,-1.0,1731249,2.0,17,,0.0,0.0,0.0,B01,138Â 201Â 273,1.0
1014233,201900055764,7,11,17:33,1,1,1,1.0,4.0,34113,"Autoroute A9, bretelle d'entrÃ©e, aire de repos de GIGEAN Sud, PK 119+800, sens SETE MONTPELLIER",M,"43,4909090","3,7167140",34,2019,50.0,1.0,1.0,1.0,2268145,1.0,1,1,1,4.0,,0.0,0,1976.0,B01,138Â 201Â 273,1.0,-1.0,-1.0,1731250,2.0,7,,0.0,2.0,1.0,A01,138Â 201Â 274,1.0
1014233,201900055764,7,11,17:33,1,1,1,1.0,4.0,34113,"Autoroute A9, bretelle d'entrÃ©e, aire de repos de GIGEAN Sud, PK 119+800, sens SETE MONTPELLIER",M,"43,4909090","3,7167140",34,2019,50.0,1.0,1.0,1.0,2268146,2.0,2,1,2,5.0,,0.0,0,1947.0,A01,138Â 201Â 274,1.0,-1.0,-1.0,1731248,2.0,99,,0.0,2.0,4.0,C01,138Â 201Â 272,6.0
1014233,201900055764,7,11,17:33,1,1,1,1.0,4.0,34113,"Autoroute A9, bretelle d'entrÃ©e, aire de repos de GIGEAN Sud, PK 119+800, sens SETE MONTPELLIER",M,"43,4909090","3,7167140",34,2019,50.0,1.0,1.0,1.0,2268146,2.0,2,1,2,5.0,,0.0,0,1947.0,A01,138Â 201Â 274,1.0,-1.0,-1.0,1731249,2.0,17,,0.0,0.0,0.0,B01,138Â 201Â 273,1.0
1014233,201900055764,7,11,17:33,1,1,1,1.0,4.0,34113,"Autoroute A9, bretelle d'entrÃ©e, aire de repos de GIGEAN Sud, PK 119+800, sens SETE MONTPELLIER",M,"43,4909090","3,7167140",34,2019,50.0,1.0,1.0,1.0,2268146,2.0,2,1,2,5.0,,0.0,0,1947.0,A01,138Â 201Â 274,1.0,-1.0,-1.0,1731250,2.0,7,,0.0,2.0,1.0,A01,138Â 201Â 274,1.0
1014233,201900055764,7,11,17:33,1,1,1,1.0,4.0,34113,"Autoroute A9, bretelle d'entrÃ©e, aire de repos de GIGEAN Sud, PK 119+800, sens SETE MONTPELLIER",M,"43,4909090","3,7167140",34,2019,50.0,1.0,1.0,1.0,2268147,9.0,2,3,2,5.0,,0.0,0,1933.0,A01,138Â 201Â 274,1.0,-1.0,-1.0,1731248,2.0,99,,0.0,2.0,4.0,C01,138Â 201Â 272,6.0
1014233,201900055764,7,11,17:33,1,1,1,1.0,4.0,34113,"Autoroute A9, bretelle d'entrÃ©e, aire de repos de GIGEAN Sud, PK 119+800, sens SETE MONTPELLIER",M,"43,4909090","3,7167140",34,2019,50.0,1.0,1.0,1.0,2268147,9.0,2,3,2,5.0,,0.0,0,1933.0,A01,138Â 201Â 274,1.0,-1.0,-1.0,1731249,2.0,17,,0.0,0.0,0.0,B01,138Â 201Â 273,1.0
1014233,201900055764,7,11,17:33,1,1,1,1.0,4.0,34113,"Autoroute A9, bretelle d'entrÃ©e, aire de repos de GIGEAN Sud, PK 119+800, sens SETE MONTPELLIER",M,"43,4909090","3,7167140",34,2019,50.0,1.0,1.0,1.0,2268147,9.0,2,3,2,5.0,,0.0,0,1933.0,A01,138Â 201Â 274,1.0,-1.0,-1.0,1731250,2.0,7,,0.0,2.0,1.0,A01,138Â 201Â 274,1.0
1014233,201900055764,7,11,17:33,1,1,1,1.0,4.0,34113,"Autoroute A9, bretelle d'entrÃ©e, aire de repos de GIGEAN Sud, PK 119+800, sens SETE MONTPELLIER",M,"43,4909090","3,7167140",34,2019,50.0,1.0,1.0,1.0,2268148,1.0,1,1,1,5.0,,0.0,0,1946.0,A01,138Â 201Â 274,1.0,-1.0,-1.0,1731248,2.0,99,,0.0,2.0,4.0,C01,138Â 201Â 272,6.0
1014233,201900055764,7,11,17:33,1,1,1,1.0,4.0,34113,"Autoroute A9, bretelle d'entrÃ©e, aire de repos de GIGEAN Sud, PK 119+800, sens SETE MONTPELLIER",M,"43,4909090","3,7167140",34,2019,50.0,1.0,1.0,1.0,2268148,1.0,1,1,1,5.0,,0.0,0,1946.0,A01,138Â 201Â 274,1.0,-1.0,-1.0,1731249,2.0,17,,0.0,0.0,0.0,B01,138Â 201Â 273,1.0
1014233,201900055764,7,11,17:33,1,1,1,1.0,4.0,34113,"Autoroute A9, bretelle d'entrÃ©e, aire de repos de GIGEAN Sud, PK 119+800, sens SETE MONTPELLIER",M,"43,4909090","3,7167140",34,2019,50.0,1.0,1.0,1.0,2268148,1.0,1,1,1,5.0,,0.0,0,1946.0,A01,138Â 201Â 274,1.0,-1.0,-1.0,1731250,2.0,7,,0.0,2.0,1.0,A01,138Â 201Â 274,1.0
1014234,201900055765,7,12,11:10,1,1,1,1.0,2.0,13067,Autoroute A7 Pk 217+300 sens Sud/ Nord,M,"43,7915700","5,0431020",13,2019,130.0,1.0,1.0,1.0,2268149,7.0,2,4,2,5.0,,0.0,0,1998.0,B01,138Â 201Â 270,1.0,-1.0,-1.0,1731251,2.0,7,,0.0,0.0,4.0,B01,138Â 201Â 270,1.0
1014234,201900055765,7,12,11:10,1,1,1,1.0,2.0,13067,Autoroute A7 Pk 217+300 sens Sud/ Nord,M,"43,7915700","5,0431020",13,2019,130.0,1.0,1.0,1.0,2268149,7.0,2,4,2,5.0,,0.0,0,1998.0,B01,138Â 201Â 270,1.0,-1.0,-1.0,1731252,2.0,7,,0.0,2.0,1.0,A01,138Â 201Â 271,1.0
1014234,201900055765,7,12,11:10,1,1,1,1.0,2.0,13067,Autoroute A7 Pk 217+300 sens Sud/ Nord,M,"43,7915700","5,0431020",13,2019,130.0,1.0,1.0,1.0,2268150,1.0,1,1,1,5.0,,0.0,0,1963.0,B01,138Â 201Â 270,1.0,-1.0,-1.0,1731251,2.0,7,,0.0,0.0,4.0,B01,138Â 201Â 270,1.0
1014234,201900055765,7,12,11:10,1,1,1,1.0,2.0,13067,Autoroute A7 Pk 217+300 sens Sud/ Nord,M,"43,7915700","5,0431020",13,2019,130.0,1.0,1.0,1.0,2268150,1.0,1,1,1,5.0,,0.0,0,1963.0,B01,138Â 201Â 270,1.0,-1.0,-1.0,1731252,2.0,7,,0.0,2.0,1.0,A01,138Â 201Â 271,1.0
1014234,201900055765,7,12,11:10,1,1,1,1.0,2.0,13067,Autoroute A7 Pk 217+300 sens Sud/ Nord,M,"43,7915700","5,0431020",13,2019,130.0,1.0,1.0,1.0,2268151,2.0,2,1,2,5.0,,0.0,0,1968.0,B01,138Â 201Â 270,1.0,-1.0,-1.0,1731251,2.0,7,,0.0,0.0,4.0,B01,138Â 201Â 270,1.0
1014234,201900055765,7,12,11:10,1,1,1,1.0,2.0,13067,Autoroute A7 Pk 217+300 sens Sud/ Nord,M,"43,7915700","5,0431020",13,2019,130.0,1.0,1.0,1.0,2268151,2.0,2,1,2,5.0,,0.0,0,1968.0,B01,138Â 201Â 270,1.0,-1.0,-1.0,1731252,2.0,7,,0.0,2.0,1.0,A01,138Â 201Â 271,1.0
1014234,201900055765,7,12,11:10,1,1,1,1.0,2.0,13067,Autoroute A7 Pk 217+300 sens Sud/ Nord,M,"43,7915700","5,0431020",13,2019,130.0,1.0,1.0,1.0,2268152,1.0,1,1,1,5.0,,0.0,0,1987.0,A01,138Â 201Â 271,1.0,-1.0,-1.0,1731251,2.0,7,,0.0,0.0,4.0,B01,138Â 201Â 270,1.0
1014234,201900055765,7,12,11:10,1,1,1,1.0,2.0,13067,Autoroute A7 Pk 217+300 sens Sud/ Nord,M,"43,7915700","5,0431020",13,2019,130.0,1.0,1.0,1.0,2268152,1.0,1,1,1,5.0,,0.0,0,1987.0,A01,138Â 201Â 271,1.0,-1.0,-1.0,1731252,2.0,7,,0.0,2.0,1.0,A01,138Â 201Â 271,1.0
1014234,201900055765,7,12,11:10,1,1,1,1.0,2.0,13067,Autoroute A7 Pk 217+300 sens Sud/ Nord,M,"43,7915700","5,0431020",13,2019,130.0,1.0,1.0,1.0,2268153,2.0,2,1,1,5.0,,0.0,0,2002.0,A01,138Â 201Â 271,1.0,-1.0,-1.0,1731251,2.0,7,,0.0,0.0,4.0,B01,138Â 201Â 270,1.0
1014234,201900055765,7,12,11:10,1,1,1,1.0,2.0,13067,Autoroute A7 Pk 217+300 sens Sud/ Nord,M,"43,7915700","5,0431020",13,2019,130.0,1.0,1.0,1.0,2268153,2.0,2,1,1,5.0,,0.0,0,2002.0,A01,138Â 201Â 271,1.0,-1.0,-1.0,1731252,2.0,7,,0.0,2.0,1.0,A01,138Â 201Â 271,1.0
1014235,201900055766,7,13,00:30,3,1,1,1.0,7.0,98808,Tribu de KARAGREU,M," -21,3825600","165,4126700",988,2019,90.0,8.0,9.0,4.0,2268154,2.0,2,4,1,5.0,,0.0,0,1973.0,A01,138Â 201Â 269,1.0,-1.0,-1.0,1731253,3.0,10,,16.0,0.0,0.0,A01,138Â 201Â 269,1.0
1014235,201900055766,7,13,00:30,3,1,1,1.0,7.0,98808,Tribu de KARAGREU,M," -21,3825600","165,4126700",988,2019,90.0,8.0,9.0,4.0,2268155,1.0,1,2,1,5.0,,0.0,0,1973.0,A01,138Â 201Â 269,0.0,-1.0,-1.0,1731253,3.0,10,,16.0,0.0,0.0,A01,138Â 201Â 269,1.0
1014236,201900055767,7,11,21:50,3,1,1,2.0,6.0,98817,RP3 - Col de Mouirange,M," -22,2203100","166,6651500",988,2019,-1.0,3.0,2.0,3.0,2268156,1.0,1,4,1,4.0,,0.0,0,1992.0,A01,138Â 201Â 267,1.0,-1.0,-1.0,1731254,1.0,7,,12.0,0.0,9.0,A01,138Â 201Â 267,1.0
1014237,201900055768,7,13,01:25,3,1,1,1.0,7.0,98802,RT 1 PK 74+50,M," -21,8879940","166,0713820",988,2019,70.0,3.0,1.0,2.0,2268157,1.0,1,3,1,5.0,,0.0,0,1979.0,A01,138Â 201Â 266,8.0,-1.0,-1.0,1731255,1.0,7,,0.0,0.0,9.0,A01,138Â 201Â 266,1.0
1014238,201900055769,7,14,02:15,5,2,1,1.0,2.0,97608,Route des Badamiers,M," -12,7804220","45,2796480",976,2019,50.0,4.0,1.0,4.0,2268158,1.0,2,4,1,5.0,,0.0,0,2000.0,A01,138Â 201Â 264,1.0,-1.0,-1.0,1731256,2.0,7,,1.0,0.0,1.0,A01,138Â 201Â 264,1.0
1014238,201900055769,7,14,02:15,5,2,1,1.0,2.0,97608,Route des Badamiers,M," -12,7804220","45,2796480",976,2019,50.0,4.0,1.0,4.0,2268158,1.0,2,4,1,5.0,,0.0,0,2000.0,A01,138Â 201Â 264,1.0,-1.0,-1.0,1731257,0.0,7,,0.0,2.0,4.0,B01,138Â 201Â 265,1.0
1014238,201900055769,7,14,02:15,5,2,1,1.0,2.0,97608,Route des Badamiers,M," -12,7804220","45,2796480",976,2019,50.0,4.0,1.0,4.0,2268159,2.0,2,4,1,5.0,,0.0,0,1997.0,A01,138Â 201Â 264,1.0,-1.0,-1.0,1731256,2.0,7,,1.0,0.0,1.0,A01,138Â 201Â 264,1.0
1014238,201900055769,7,14,02:15,5,2,1,1.0,2.0,97608,Route des Badamiers,M," -12,7804220","45,2796480",976,2019,50.0,4.0,1.0,4.0,2268159,2.0,2,4,1,5.0,,0.0,0,1997.0,A01,138Â 201Â 264,1.0,-1.0,-1.0,1731257,0.0,7,,0.0,2.0,4.0,B01,138Â 201Â 265,1.0
1014239,201900055770,7,11,16:45,1,1,1,1.0,1.0,97311,Route de Saint-Jean,M,"5,4336880"," -54,0374200",973,2019,70.0,1.0,1.0,3.0,2268160,1.0,1,3,1,0.0,,0.0,0,1978.0,A01,138Â 201Â 262,0.0,-1.0,-1.0,1731258,2.0,7,,0.0,2.0,1.0,A01,138Â 201Â 262,0.0
1014239,201900055770,7,11,16:45,1,1,1,1.0,1.0,97311,Route de Saint-Jean,M,"5,4336880"," -54,0374200",973,2019,70.0,1.0,1.0,3.0,2268160,1.0,1,3,1,0.0,,0.0,0,1978.0,A01,138Â 201Â 262,0.0,-1.0,-1.0,1731259,1.0,7,,0.0,2.0,3.0,B01,138Â 201Â 263,0.0
1014239,201900055770,7,11,16:45,1,1,1,1.0,1.0,97311,Route de Saint-Jean,M,"5,4336880"," -54,0374200",973,2019,70.0,1.0,1.0,3.0,2268161,2.0,2,3,1,0.0,,0.0,0,1983.0,A01,138Â 201Â 262,0.0,-1.0,-1.0,1731258,2.0,7,,0.0,2.0,1.0,A01,138Â 201Â 262,0.0
1014239,201900055770,7,11,16:45,1,1,1,1.0,1.0,97311,Route de Saint-Jean,M,"5,4336880"," -54,0374200",973,2019,70.0,1.0,1.0,3.0,2268161,2.0,2,3,1,0.0,,0.0,0,1983.0,A01,138Â 201Â 262,0.0,-1.0,-1.0,1731259,1.0,7,,0.0,2.0,3.0,B01,138Â 201Â 263,0.0
1014239,201900055770,7,11,16:45,1,1,1,1.0,1.0,97311,Route de Saint-Jean,M,"5,4336880"," -54,0374200",973,2019,70.0,1.0,1.0,3.0,2268162,1.0,1,4,1,0.0,,0.0,0,1989.0,B01,138Â 201Â 263,1.0,-1.0,-1.0,1731258,2.0,7,,0.0,2.0,1.0,A01,138Â 201Â 262,0.0
1014239,201900055770,7,11,16:45,1,1,1,1.0,1.0,97311,Route de Saint-Jean,M,"5,4336880"," -54,0374200",973,2019,70.0,1.0,1.0,3.0,2268162,1.0,1,4,1,0.0,,0.0,0,1989.0,B01,138Â 201Â 263,1.0,-1.0,-1.0,1731259,1.0,7,,0.0,2.0,3.0,B01,138Â 201Â 263,0.0
1014240,201900055771,7,12,14:40,1,2,1,1.0,3.0,97107,Rue de Cambrefort - Bidou,M,"16,0613600"," -61,5689100",971,2019,50.0,1.0,1.0,4.0,2268163,1.0,1,3,1,5.0,,0.0,0,1993.0,B01,138Â 201Â 260,0.0,-1.0,-1.0,1731260,3.0,0,,0.0,2.0,1.0,B01,138Â 201Â 260,0.0
1014240,201900055771,7,12,14:40,1,2,1,1.0,3.0,97107,Rue de Cambrefort - Bidou,M,"16,0613600"," -61,5689100",971,2019,50.0,1.0,1.0,4.0,2268163,1.0,1,3,1,5.0,,0.0,0,1993.0,B01,138Â 201Â 260,0.0,-1.0,-1.0,1731261,3.0,7,,0.0,2.0,6.0,A01,138Â 201Â 261,1.0
1014240,201900055771,7,12,14:40,1,2,1,1.0,3.0,97107,Rue de Cambrefort - Bidou,M,"16,0613600"," -61,5689100",971,2019,50.0,1.0,1.0,4.0,2268164,1.0,1,1,1,5.0,,0.0,0,1974.0,A01,138Â 201Â 261,1.0,-1.0,-1.0,1731260,3.0,0,,0.0,2.0,1.0,B01,138Â 201Â 260,0.0
1014240,201900055771,7,12,14:40,1,2,1,1.0,3.0,97107,Rue de Cambrefort - Bidou,M,"16,0613600"," -61,5689100",971,2019,50.0,1.0,1.0,4.0,2268164,1.0,1,1,1,5.0,,0.0,0,1974.0,A01,138Â 201Â 261,1.0,-1.0,-1.0,1731261,3.0,7,,0.0,2.0,6.0,A01,138Â 201Â 261,1.0
1014241,201900055772,7,11,15:20,1,1,1,1.0,1.0,33097,D207,M,"45,0783300"," -1,1689300",33,2019,70.0,1.0,1.0,3.0,2268165,1.0,1,4,1,0.0,,0.0,0,1998.0,A01,138Â 201Â 258,1.0,-1.0,-1.0,1731262,2.0,7,,0.0,2.0,3.0,A01,138Â 201Â 258,1.0
1014241,201900055772,7,11,15:20,1,1,1,1.0,1.0,33097,D207,M,"45,0783300"," -1,1689300",33,2019,70.0,1.0,1.0,3.0,2268165,1.0,1,4,1,0.0,,0.0,0,1998.0,A01,138Â 201Â 258,1.0,-1.0,-1.0,1731263,1.0,7,,0.0,2.0,3.0,B01,138Â 201Â 259,1.0
1014241,201900055772,7,11,15:20,1,1,1,1.0,1.0,33097,D207,M,"45,0783300"," -1,1689300",33,2019,70.0,1.0,1.0,3.0,2268166,2.0,2,4,1,5.0,,0.0,0,1967.0,B01,138Â 201Â 259,1.0,-1.0,-1.0,1731262,2.0,7,,0.0,2.0,3.0,A01,138Â 201Â 258,1.0
1014241,201900055772,7,11,15:20,1,1,1,1.0,1.0,33097,D207,M,"45,0783300"," -1,1689300",33,2019,70.0,1.0,1.0,3.0,2268166,2.0,2,4,1,5.0,,0.0,0,1967.0,B01,138Â 201Â 259,1.0,-1.0,-1.0,1731263,1.0,7,,0.0,2.0,3.0,B01,138Â 201Â 259,1.0
1014241,201900055772,7,11,15:20,1,1,1,1.0,1.0,33097,D207,M,"45,0783300"," -1,1689300",33,2019,70.0,1.0,1.0,3.0,2268167,9.0,2,3,2,5.0,,0.0,0,1966.0,B01,138Â 201Â 259,1.0,-1.0,-1.0,1731262,2.0,7,,0.0,2.0,3.0,A01,138Â 201Â 258,1.0
1014241,201900055772,7,11,15:20,1,1,1,1.0,1.0,33097,D207,M,"45,0783300"," -1,1689300",33,2019,70.0,1.0,1.0,3.0,2268167,9.0,2,3,2,5.0,,0.0,0,1966.0,B01,138Â 201Â 259,1.0,-1.0,-1.0,1731263,1.0,7,,0.0,2.0,3.0,B01,138Â 201Â 259,1.0
1014241,201900055772,7,11,15:20,1,1,1,1.0,1.0,33097,D207,M,"45,0783300"," -1,1689300",33,2019,70.0,1.0,1.0,3.0,2268168,1.0,1,4,2,5.0,,0.0,0,2002.0,B01,138Â 201Â 259,1.0,-1.0,-1.0,1731262,2.0,7,,0.0,2.0,3.0,A01,138Â 201Â 258,1.0
1014241,201900055772,7,11,15:20,1,1,1,1.0,1.0,33097,D207,M,"45,0783300"," -1,1689300",33,2019,70.0,1.0,1.0,3.0,2268168,1.0,1,4,2,5.0,,0.0,0,2002.0,B01,138Â 201Â 259,1.0,-1.0,-1.0,1731263,1.0,7,,0.0,2.0,3.0,B01,138Â 201Â 259,1.0
1014242,201900055773,7,12,11:45,1,1,2,1.0,2.0,77383,D619,M,"48,5621516","3,0827447",77,2019,80.0,1.0,1.0,3.0,2268169,1.0,1,1,1,4.0,,0.0,0,1966.0,B01,138Â 201Â 256,1.0,-1.0,-1.0,1731264,2.0,17,,0.0,2.0,2.0,B01,138Â 201Â 256,1.0
1014242,201900055773,7,12,11:45,1,1,2,1.0,2.0,77383,D619,M,"48,5621516","3,0827447",77,2019,80.0,1.0,1.0,3.0,2268169,1.0,1,1,1,4.0,,0.0,0,1966.0,B01,138Â 201Â 256,1.0,-1.0,-1.0,1731265,2.0,7,,0.0,0.0,6.0,A01,138Â 201Â 257,1.0
1014242,201900055773,7,12,11:45,1,1,2,1.0,2.0,77383,D619,M,"48,5621516","3,0827447",77,2019,80.0,1.0,1.0,3.0,2268170,9.0,2,4,1,5.0,,0.0,0,2010.0,A01,138Â 201Â 257,1.0,3.0,-1.0,1731264,2.0,17,,0.0,2.0,2.0,B01,138Â 201Â 256,1.0
1014242,201900055773,7,12,11:45,1,1,2,1.0,2.0,77383,D619,M,"48,5621516","3,0827447",77,2019,80.0,1.0,1.0,3.0,2268170,9.0,2,4,1,5.0,,0.0,0,2010.0,A01,138Â 201Â 257,1.0,3.0,-1.0,1731265,2.0,7,,0.0,0.0,6.0,A01,138Â 201Â 257,1.0
1014242,201900055773,7,12,11:45,1,1,2,1.0,2.0,77383,D619,M,"48,5621516","3,0827447",77,2019,80.0,1.0,1.0,3.0,2268171,7.0,2,4,2,5.0,,0.0,0,2013.0,A01,138Â 201Â 257,1.0,3.0,-1.0,1731264,2.0,17,,0.0,2.0,2.0,B01,138Â 201Â 256,1.0
1014242,201900055773,7,12,11:45,1,1,2,1.0,2.0,77383,D619,M,"48,5621516","3,0827447",77,2019,80.0,1.0,1.0,3.0,2268171,7.0,2,4,2,5.0,,0.0,0,2013.0,A01,138Â 201Â 257,1.0,3.0,-1.0,1731265,2.0,7,,0.0,0.0,6.0,A01,138Â 201Â 257,1.0
1014242,201900055773,7,12,11:45,1,1,2,1.0,2.0,77383,D619,M,"48,5621516","3,0827447",77,2019,80.0,1.0,1.0,3.0,2268172,1.0,1,4,2,5.0,,0.0,0,1982.0,A01,138Â 201Â 257,1.0,-1.0,-1.0,1731264,2.0,17,,0.0,2.0,2.0,B01,138Â 201Â 256,1.0
1014242,201900055773,7,12,11:45,1,1,2,1.0,2.0,77383,D619,M,"48,5621516","3,0827447",77,2019,80.0,1.0,1.0,3.0,2268172,1.0,1,4,2,5.0,,0.0,0,1982.0,A01,138Â 201Â 257,1.0,-1.0,-1.0,1731265,2.0,7,,0.0,0.0,6.0,A01,138Â 201Â 257,1.0
1014243,201900055774,7,12,03:30,3,1,1,1.0,5.0,77367,D405,M,"49,0453800","2,9954300",77,2019,80.0,1.0,1.0,3.0,2268173,1.0,1,3,1,5.0,,0.0,0,1984.0,A01,138Â 201Â 253,8.0,-1.0,-1.0,1731266,2.0,7,,0.0,2.0,3.0,A01,138Â 201Â 253,1.0
1014243,201900055774,7,12,03:30,3,1,1,1.0,5.0,77367,D405,M,"49,0453800","2,9954300",77,2019,80.0,1.0,1.0,3.0,2268173,1.0,1,3,1,5.0,,0.0,0,1984.0,A01,138Â 201Â 253,8.0,-1.0,-1.0,1731267,1.0,7,,0.0,2.0,3.0,B01,138Â 201Â 254,1.0
1014243,201900055774,7,12,03:30,3,1,1,1.0,5.0,77367,D405,M,"49,0453800","2,9954300",77,2019,80.0,1.0,1.0,3.0,2268173,1.0,1,3,1,5.0,,0.0,0,1984.0,A01,138Â 201Â 253,8.0,-1.0,-1.0,1731268,2.0,10,,0.0,9.0,3.0,C01,138Â 201Â 255,1.0
1014243,201900055774,7,12,03:30,3,1,1,1.0,5.0,77367,D405,M,"49,0453800","2,9954300",77,2019,80.0,1.0,1.0,3.0,2268174,1.0,1,4,1,1.0,,0.0,0,1977.0,B01,138Â 201Â 254,8.0,-1.0,-1.0,1731266,2.0,7,,0.0,2.0,3.0,A01,138Â 201Â 253,1.0
1014243,201900055774,7,12,03:30,3,1,1,1.0,5.0,77367,D405,M,"49,0453800","2,9954300",77,2019,80.0,1.0,1.0,3.0,2268174,1.0,1,4,1,1.0,,0.0,0,1977.0,B01,138Â 201Â 254,8.0,-1.0,-1.0,1731267,1.0,7,,0.0,2.0,3.0,B01,138Â 201Â 254,1.0
1014243,201900055774,7,12,03:30,3,1,1,1.0,5.0,77367,D405,M,"49,0453800","2,9954300",77,2019,80.0,1.0,1.0,3.0,2268174,1.0,1,4,1,1.0,,0.0,0,1977.0,B01,138Â 201Â 254,8.0,-1.0,-1.0,1731268,2.0,10,,0.0,9.0,3.0,C01,138Â 201Â 255,1.0
1014243,201900055774,7,12,03:30,3,1,1,1.0,5.0,77367,D405,M,"49,0453800","2,9954300",77,2019,80.0,1.0,1.0,3.0,2268175,1.0,1,1,1,4.0,,0.0,0,1982.0,C01,138Â 201Â 255,1.0,-1.0,-1.0,1731266,2.0,7,,0.0,2.0,3.0,A01,138Â 201Â 253,1.0
1014243,201900055774,7,12,03:30,3,1,1,1.0,5.0,77367,D405,M,"49,0453800","2,9954300",77,2019,80.0,1.0,1.0,3.0,2268175,1.0,1,1,1,4.0,,0.0,0,1982.0,C01,138Â 201Â 255,1.0,-1.0,-1.0,1731267,1.0,7,,0.0,2.0,3.0,B01,138Â 201Â 254,1.0
1014243,201900055774,7,12,03:30,3,1,1,1.0,5.0,77367,D405,M,"49,0453800","2,9954300",77,2019,80.0,1.0,1.0,3.0,2268175,1.0,1,1,1,4.0,,0.0,0,1982.0,C01,138Â 201Â 255,1.0,-1.0,-1.0,1731268,2.0,10,,0.0,9.0,3.0,C01,138Â 201Â 255,1.0
1014244,201900055775,7,5,17:00,1,2,1,1.0,3.0,77183,Rue des Carreaux,M,"48,9450520","3,1294350",77,2019,50.0,1.0,1.0,4.0,2268176,1.0,1,4,1,3.0,,0.0,0,1978.0,A01,138Â 201Â 251,0.0,-1.0,-1.0,1731269,3.0,1,,0.0,9.0,5.0,A01,138Â 201Â 251,5.0
1014244,201900055775,7,5,17:00,1,2,1,1.0,3.0,77183,Rue des Carreaux,M,"48,9450520","3,1294350",77,2019,50.0,1.0,1.0,4.0,2268176,1.0,1,4,1,3.0,,0.0,0,1978.0,A01,138Â 201Â 251,0.0,-1.0,-1.0,1731270,0.0,1,,0.0,9.0,1.0,B01,138Â 201Â 252,5.0
1014245,201900055776,7,12,22:00,2,1,3,1.0,3.0,77191,D408 X D67,M,"48,5562860","2,9683122",77,2019,80.0,1.0,1.0,3.0,2268177,1.0,1,4,1,5.0,,0.0,0,1974.0,B01,138Â 201Â 249,1.0,-1.0,-1.0,1731271,1.0,7,,0.0,2.0,1.0,B01,138Â 201Â 249,1.0
1014245,201900055776,7,12,22:00,2,1,3,1.0,3.0,77191,D408 X D67,M,"48,5562860","2,9683122",77,2019,80.0,1.0,1.0,3.0,2268177,1.0,1,4,1,5.0,,0.0,0,1974.0,B01,138Â 201Â 249,1.0,-1.0,-1.0,1731272,1.0,7,,0.0,2.0,3.0,A01,138Â 201Â 250,0.0
1014245,201900055776,7,12,22:00,2,1,3,1.0,3.0,77191,D408 X D67,M,"48,5562860","2,9683122",77,2019,80.0,1.0,1.0,3.0,2268178,2.0,2,4,1,5.0,,0.0,0,1999.0,A01,138Â 201Â 250,1.0,-1.0,-1.0,1731271,1.0,7,,0.0,2.0,1.0,B01,138Â 201Â 249,1.0
1014245,201900055776,7,12,22:00,2,1,3,1.0,3.0,77191,D408 X D67,M,"48,5562860","2,9683122",77,2019,80.0,1.0,1.0,3.0,2268178,2.0,2,4,1,5.0,,0.0,0,1999.0,A01,138Â 201Â 250,1.0,-1.0,-1.0,1731272,1.0,7,,0.0,2.0,3.0,A01,138Â 201Â 250,0.0
1014245,201900055776,7,12,22:00,2,1,3,1.0,3.0,77191,D408 X D67,M,"48,5562860","2,9683122",77,2019,80.0,1.0,1.0,3.0,2268179,1.0,1,3,1,5.0,,0.0,0,1999.0,A01,138Â 201Â 250,1.0,-1.0,-1.0,1731271,1.0,7,,0.0,2.0,1.0,B01,138Â 201Â 249,1.0
1014245,201900055776,7,12,22:00,2,1,3,1.0,3.0,77191,D408 X D67,M,"48,5562860","2,9683122",77,2019,80.0,1.0,1.0,3.0,2268179,1.0,1,3,1,5.0,,0.0,0,1999.0,A01,138Â 201Â 250,1.0,-1.0,-1.0,1731272,1.0,7,,0.0,2.0,3.0,A01,138Â 201Â 250,0.0