Unnamed: 0_x,num_acc,mois,jour,hrmn,lum,agg,int,atm,col,com,adr,gps,lat,long,dep,annee,vma,situ,surf,catr,Unnamed: 0_y,place,catu,grav,sexe,trajet,secu,locp,actp,an_nais,num_veh_x,id_vehicule_x,secu1,secu2,secu3,Unnamed: 0,senc,catv,occutc,obs,obsm,choc,num_veh_y,id_vehicule_y,motor
1014246,201900055777,7,12,13:00,1,2,1,1.0,1.0,95301,36 Route de la VallÃ©e,M,"49,0765290","1,6798510",95,2019,80.0,1.0,1.0,3.0,2268180,1.0,1,3,1,5.0,,0.0,0,1950.0,B01,138Â 201Â 247,6.0,-1.0,-1.0,1731273,2.0,1,,0.0,2.0,1.0,B01,138Â 201Â 247,5.0
1014246,201900055777,7,12,13:00,1,2,1,1.0,1.0,95301,36 Route de la VallÃ©e,M,"49,0765290","1,6798510",95,2019,80.0,1.0,1.0,3.0,2268180,1.0,1,3,1,5.0,,0.0,0,1950.0,B01,138Â 201Â 247,6.0,-1.0,-1.0,1731274,1.0,7,,9.0,9.0,1.0,A01,138Â 201Â 248,0.0
1014246,201900055777,7,12,13:00,1,2,1,1.0,1.0,95301,36 Route de la VallÃ©e,M,"49,0765290","1,6798510",95,2019,80.0,1.0,1.0,3.0,2268181,1.0,1,4,1,3.0,,0.0,0,1934.0,A01,138Â 201Â 248,8.0,-1.0,-1.0,1731273,2.0,1,,0.0,2.0,1.0,B01,138Â 201Â 247,5.0
1014246,201900055777,7,12,13:00,1,2,1,1.0,1.0,95301,36 Route de la VallÃ©e,M,"49,0765290","1,6798510",95,2019,80.0,1.0,1.0,3.0,2268181,1.0,1,4,1,3.0,,0.0,0,1934.0,A01,138Â 201Â 248,8.0,-1.0,-1.0,1731274,1.0,7,,9.0,9.0,1.0,A01,138Â 201Â 248,0.0
1014247,201900055778,7,12,17:20,1,1,1,1.0,1.0,78335,D983,M,"49,0126340","1,7364340",78,2019,80.0,1.0,1.0,3.0,2268182,9.0,2,4,1,3.0,,0.0,0,2012.0,B01,138Â 201Â 245,8.0,-1.0,-1.0,1731275,1.0,7,,0.0,2.0,1.0,B01,138Â 201Â 245,1.0
1014247,201900055778,7,12,17:20,1,1,1,1.0,1.0,78335,D983,M,"49,0126340","1,7364340",78,2019,80.0,1.0,1.0,3.0,2268182,9.0,2,4,1,3.0,,0.0,0,2012.0,B01,138Â 201Â 245,8.0,-1.0,-1.0,1731276,2.0,7,,0.0,2.0,1.0,A01,138Â 201Â 246,1.0
1014247,201900055778,7,12,17:20,1,1,1,1.0,1.0,78335,D983,M,"49,0126340","1,7364340",78,2019,80.0,1.0,1.0,3.0,2268183,7.0,2,4,1,3.0,,0.0,0,2016.0,B01,138Â 201Â 245,3.0,-1.0,-1.0,1731275,1.0,7,,0.0,2.0,1.0,B01,138Â 201Â 245,1.0
1014247,201900055778,7,12,17:20,1,1,1,1.0,1.0,78335,D983,M,"49,0126340","1,7364340",78,2019,80.0,1.0,1.0,3.0,2268183,7.0,2,4,1,3.0,,0.0,0,2016.0,B01,138Â 201Â 245,3.0,-1.0,-1.0,1731276,2.0,7,,0.0,2.0,1.0,A01,138Â 201Â 246,1.0
1014247,201900055778,7,12,17:20,1,1,1,1.0,1.0,78335,D983,M,"49,0126340","1,7364340",78,2019,80.0,1.0,1.0,3.0,2268184,8.0,2,4,1,3.0,,0.0,0,2014.0,B01,138Â 201Â 245,8.0,-1.0,-1.0,1731275,1.0,7,,0.0,2.0,1.0,B01,138Â 201Â 245,1.0
1014247,201900055778,7,12,17:20,1,1,1,1.0,1.0,78335,D983,M,"49,0126340","1,7364340",78,2019,80.0,1.0,1.0,3.0,2268184,8.0,2,4,1,3.0,,0.0,0,2014.0,B01,138Â 201Â 245,8.0,-1.0,-1.0,1731276,2.0,7,,0.0,2.0,1.0,A01,138Â 201Â 246,1.0
1014247,201900055778,7,12,17:20,1,1,1,1.0,1.0,78335,D983,M,"49,0126340","1,7364340",78,2019,80.0,1.0,1.0,3.0,2268185,2.0,2,4,2,3.0,,0.0,0,1988.0,B01,138Â 201Â 245,8.0,-1.0,-1.0,1731275,1.0,7,,0.0,2.0,1.0,B01,138Â 201Â 245,1.0
1014247,201900055778,7,12,17:20,1,1,1,1.0,1.0,78335,D983,M,"49,0126340","1,7364340",78,2019,80.0,1.0,1.0,3.0,2268185,2.0,2,4,2,3.0,,0.0,0,1988.0,B01,138Â 201Â 245,8.0,-1.0,-1.0,1731276,2.0,7,,0.0,2.0,1.0,A01,138Â 201Â 246,1.0
1014247,201900055778,7,12,17:20,1,1,1,1.0,1.0,78335,D983,M,"49,0126340","1,7364340",78,2019,80.0,1.0,1.0,3.0,2268186,1.0,1,1,1,3.0,,0.0,0,1991.0,B01,138Â 201Â 245,8.0,-1.0,-1.0,1731275,1.0,7,,0.0,2.0,1.0,B01,138Â 201Â 245,1.0
1014247,201900055778,7,12,17:20,1,1,1,1.0,1.0,78335,D983,M,"49,0126340","1,7364340",78,2019,80.0,1.0,1.0,3.0,2268186,1.0,1,1,1,3.0,,0.0,0,1991.0,B01,138Â 201Â 245,8.0,-1.0,-1.0,1731276,2.0,7,,0.0,2.0,1.0,A01,138Â 201Â 246,1.0
1014247,201900055778,7,12,17:20,1,1,1,1.0,1.0,78335,D983,M,"49,0126340","1,7364340",78,2019,80.0,1.0,1.0,3.0,2268187,1.0,1,3,1,0.0,,0.0,0,1956.0,A01,138Â 201Â 246,8.0,-1.0,-1.0,1731275,1.0,7,,0.0,2.0,1.0,B01,138Â 201Â 245,1.0
1014247,201900055778,7,12,17:20,1,1,1,1.0,1.0,78335,D983,M,"49,0126340","1,7364340",78,2019,80.0,1.0,1.0,3.0,2268187,1.0,1,3,1,0.0,,0.0,0,1956.0,A01,138Â 201Â 246,8.0,-1.0,-1.0,1731276,2.0,7,,0.0,2.0,1.0,A01,138Â 201Â 246,1.0
1014248,201900055779,7,12,08:30,1,2,1,1.0,1.0,2B079,Ponte Novu,M,"42,4852870","9,2807240",2B,2019,50.0,1.0,1.0,2.0,2268188,1.0,1,4,1,5.0,,0.0,0,1952.0,B01,138Â 201Â 243,1.0,-1.0,-1.0,1731277,2.0,7,,0.0,2.0,1.0,B01,138Â 201Â 243,1.0
1014248,201900055779,7,12,08:30,1,2,1,1.0,1.0,2B079,Ponte Novu,M,"42,4852870","9,2807240",2B,2019,50.0,1.0,1.0,2.0,2268188,1.0,1,4,1,5.0,,0.0,0,1952.0,B01,138Â 201Â 243,1.0,-1.0,-1.0,1731278,1.0,7,,0.0,2.0,1.0,A01,138Â 201Â 244,1.0
1014248,201900055779,7,12,08:30,1,2,1,1.0,1.0,2B079,Ponte Novu,M,"42,4852870","9,2807240",2B,2019,50.0,1.0,1.0,2.0,2268189,1.0,1,4,2,5.0,,0.0,0,1998.0,A01,138Â 201Â 244,1.0,-1.0,-1.0,1731277,2.0,7,,0.0,2.0,1.0,B01,138Â 201Â 243,1.0
1014248,201900055779,7,12,08:30,1,2,1,1.0,1.0,2B079,Ponte Novu,M,"42,4852870","9,2807240",2B,2019,50.0,1.0,1.0,2.0,2268189,1.0,1,4,2,5.0,,0.0,0,1998.0,A01,138Â 201Â 244,1.0,-1.0,-1.0,1731278,1.0,7,,0.0,2.0,1.0,A01,138Â 201Â 244,1.0
1014248,201900055779,7,12,08:30,1,2,1,1.0,1.0,2B079,Ponte Novu,M,"42,4852870","9,2807240",2B,2019,50.0,1.0,1.0,2.0,2268190,2.0,2,4,1,5.0,,0.0,0,1993.0,A01,138Â 201Â 244,1.0,-1.0,-1.0,1731277,2.0,7,,0.0,2.0,1.0,B01,138Â 201Â 243,1.0
1014248,201900055779,7,12,08:30,1,2,1,1.0,1.0,2B079,Ponte Novu,M,"42,4852870","9,2807240",2B,2019,50.0,1.0,1.0,2.0,2268190,2.0,2,4,1,5.0,,0.0,0,1993.0,A01,138Â 201Â 244,1.0,-1.0,-1.0,1731278,1.0,7,,0.0,2.0,1.0,A01,138Â 201Â 244,1.0
1014249,201900055780,7,13,16:50,1,2,1,1.0,6.0,2B298,route de Calvi,M,"42,6777980","9,3027400",2B,2019,50.0,1.0,1.0,3.0,2268191,1.0,1,1,1,5.0,,0.0,0,1970.0,A01,138Â 201Â 242,2.0,-1.0,-1.0,1731279,1.0,32,,12.0,0.0,2.0,A01,138Â 201Â 242,1.0
1014249,201900055780,7,13,16:50,1,2,1,1.0,6.0,2B298,route de Calvi,M,"42,6777980","9,3027400",2B,2019,50.0,1.0,1.0,3.0,2268192,2.0,2,3,2,5.0,,0.0,0,1971.0,A01,138Â 201Â 242,2.0,-1.0,-1.0,1731279,1.0,32,,12.0,0.0,2.0,A01,138Â 201Â 242,1.0
1014250,201900055781,7,12,05:30,2,2,6,1.0,6.0,66017,avenue du roussillon,M,"42,8384260","3,0399370",66,2019,50.0,1.0,1.0,4.0,2268193,3.0,2,3,2,5.0,,0.0,0,1998.0,A01,138Â 201Â 241,1.0,-1.0,-1.0,1731280,1.0,7,,11.0,0.0,3.0,A01,138Â 201Â 241,0.0
1014250,201900055781,7,12,05:30,2,2,6,1.0,6.0,66017,avenue du roussillon,M,"42,8384260","3,0399370",66,2019,50.0,1.0,1.0,4.0,2268194,2.0,2,4,1,5.0,,0.0,0,1996.0,A01,138Â 201Â 241,1.0,-1.0,-1.0,1731280,1.0,7,,11.0,0.0,3.0,A01,138Â 201Â 241,0.0
1014250,201900055781,7,12,05:30,2,2,6,1.0,6.0,66017,avenue du roussillon,M,"42,8384260","3,0399370",66,2019,50.0,1.0,1.0,4.0,2268195,4.0,2,4,2,5.0,,0.0,0,1997.0,A01,138Â 201Â 241,1.0,-1.0,-1.0,1731280,1.0,7,,11.0,0.0,3.0,A01,138Â 201Â 241,0.0
1014250,201900055781,7,12,05:30,2,2,6,1.0,6.0,66017,avenue du roussillon,M,"42,8384260","3,0399370",66,2019,50.0,1.0,1.0,4.0,2268196,1.0,1,1,1,5.0,,0.0,0,1995.0,A01,138Â 201Â 241,1.0,-1.0,-1.0,1731280,1.0,7,,11.0,0.0,3.0,A01,138Â 201Â 241,0.0
1014251,201900055782,7,6,10:00,1,2,6,1.0,6.0,66037,ROND POINT DES ONNEURS DE SANG BENEVOLES AVENUE DE LA MEDITERRANEE,M,"42,7051595","3,0055387",66,2019,50.0,1.0,1.0,4.0,2268197,10.0,3,3,1,5.0,,3.0,3,1935.0,A01,138Â 201Â 240,0.0,-1.0,-1.0,1731281,3.0,7,,0.0,1.0,1.0,A01,138Â 201Â 240,1.0
1014251,201900055782,7,6,10:00,1,2,6,1.0,6.0,66037,ROND POINT DES ONNEURS DE SANG BENEVOLES AVENUE DE LA MEDITERRANEE,M,"42,7051595","3,0055387",66,2019,50.0,1.0,1.0,4.0,2268198,1.0,1,1,1,5.0,,0.0,0,1952.0,A01,138Â 201Â 240,1.0,-1.0,-1.0,1731281,3.0,7,,0.0,1.0,1.0,A01,138Â 201Â 240,1.0
1014252,201900055783,7,14,16:45,1,2,1,1.0,5.0,34199,Avenue Jacques Denis Tastavin et Michel Llopis,M,"43,4629910","3,4136070",34,2019,50.0,1.0,1.0,3.0,2268199,1.0,1,1,1,5.0,,0.0,0,1975.0,A01,138Â 201Â 237,1.0,-1.0,-1.0,1731282,1.0,7,,0.0,2.0,3.0,A01,138Â 201Â 237,1.0
1014252,201900055783,7,14,16:45,1,2,1,1.0,5.0,34199,Avenue Jacques Denis Tastavin et Michel Llopis,M,"43,4629910","3,4136070",34,2019,50.0,1.0,1.0,3.0,2268199,1.0,1,1,1,5.0,,0.0,0,1975.0,A01,138Â 201Â 237,1.0,-1.0,-1.0,1731283,2.0,2,,0.0,2.0,1.0,B01,138Â 201Â 238,1.0
1014252,201900055783,7,14,16:45,1,2,1,1.0,5.0,34199,Avenue Jacques Denis Tastavin et Michel Llopis,M,"43,4629910","3,4136070",34,2019,50.0,1.0,1.0,3.0,2268199,1.0,1,1,1,5.0,,0.0,0,1975.0,A01,138Â 201Â 237,1.0,-1.0,-1.0,1731284,1.0,7,,0.0,2.0,6.0,C01,138Â 201Â 239,1.0
1014252,201900055783,7,14,16:45,1,2,1,1.0,5.0,34199,Avenue Jacques Denis Tastavin et Michel Llopis,M,"43,4629910","3,4136070",34,2019,50.0,1.0,1.0,3.0,2268200,1.0,1,3,1,5.0,,0.0,0,1989.0,B01,138Â 201Â 238,2.0,-1.0,-1.0,1731282,1.0,7,,0.0,2.0,3.0,A01,138Â 201Â 237,1.0
1014252,201900055783,7,14,16:45,1,2,1,1.0,5.0,34199,Avenue Jacques Denis Tastavin et Michel Llopis,M,"43,4629910","3,4136070",34,2019,50.0,1.0,1.0,3.0,2268200,1.0,1,3,1,5.0,,0.0,0,1989.0,B01,138Â 201Â 238,2.0,-1.0,-1.0,1731283,2.0,2,,0.0,2.0,1.0,B01,138Â 201Â 238,1.0
1014252,201900055783,7,14,16:45,1,2,1,1.0,5.0,34199,Avenue Jacques Denis Tastavin et Michel Llopis,M,"43,4629910","3,4136070",34,2019,50.0,1.0,1.0,3.0,2268200,1.0,1,3,1,5.0,,0.0,0,1989.0,B01,138Â 201Â 238,2.0,-1.0,-1.0,1731284,1.0,7,,0.0,2.0,6.0,C01,138Â 201Â 239,1.0
1014252,201900055783,7,14,16:45,1,2,1,1.0,5.0,34199,Avenue Jacques Denis Tastavin et Michel Llopis,M,"43,4629910","3,4136070",34,2019,50.0,1.0,1.0,3.0,2268201,1.0,1,1,2,5.0,,0.0,0,1951.0,C01,138Â 201Â 239,1.0,-1.0,-1.0,1731282,1.0,7,,0.0,2.0,3.0,A01,138Â 201Â 237,1.0
1014252,201900055783,7,14,16:45,1,2,1,1.0,5.0,34199,Avenue Jacques Denis Tastavin et Michel Llopis,M,"43,4629910","3,4136070",34,2019,50.0,1.0,1.0,3.0,2268201,1.0,1,1,2,5.0,,0.0,0,1951.0,C01,138Â 201Â 239,1.0,-1.0,-1.0,1731283,2.0,2,,0.0,2.0,1.0,B01,138Â 201Â 238,1.0
1014252,201900055783,7,14,16:45,1,2,1,1.0,5.0,34199,Avenue Jacques Denis Tastavin et Michel Llopis,M,"43,4629910","3,4136070",34,2019,50.0,1.0,1.0,3.0,2268201,1.0,1,1,2,5.0,,0.0,0,1951.0,C01,138Â 201Â 239,1.0,-1.0,-1.0,1731284,1.0,7,,0.0,2.0,6.0,C01,138Â 201Â 239,1.0
1014253,201900055784,7,11,13:45,1,2,1,1.0,6.0,34161,Avenue de Beziers,M,"43,3305880","3,1231290",34,2019,50.0,1.0,1.0,3.0,2268202,1.0,1,3,1,5.0,,0.0,0,1952.0,B01,138Â 201Â 235,2.0,-1.0,-1.0,1731285,2.0,33,,0.0,0.0,9.0,B01,138Â 201Â 235,0.0
1014253,201900055784,7,11,13:45,1,2,1,1.0,6.0,34161,Avenue de Beziers,M,"43,3305880","3,1231290",34,2019,50.0,1.0,1.0,3.0,2268202,1.0,1,3,1,5.0,,0.0,0,1952.0,B01,138Â 201Â 235,2.0,-1.0,-1.0,1731286,2.0,7,,0.0,0.0,0.0,A01,138Â 201Â 236,0.0
1014253,201900055784,7,11,13:45,1,2,1,1.0,6.0,34161,Avenue de Beziers,M,"43,3305880","3,1231290",34,2019,50.0,1.0,1.0,3.0,2268203,2.0,2,4,2,5.0,,0.0,0,1962.0,B01,138Â 201Â 235,2.0,-1.0,-1.0,1731285,2.0,33,,0.0,0.0,9.0,B01,138Â 201Â 235,0.0
1014253,201900055784,7,11,13:45,1,2,1,1.0,6.0,34161,Avenue de Beziers,M,"43,3305880","3,1231290",34,2019,50.0,1.0,1.0,3.0,2268203,2.0,2,4,2,5.0,,0.0,0,1962.0,B01,138Â 201Â 235,2.0,-1.0,-1.0,1731286,2.0,7,,0.0,0.0,0.0,A01,138Â 201Â 236,0.0
1014253,201900055784,7,11,13:45,1,2,1,1.0,6.0,34161,Avenue de Beziers,M,"43,3305880","3,1231290",34,2019,50.0,1.0,1.0,3.0,2268204,1.0,1,1,2,4.0,,0.0,0,1986.0,A01,138Â 201Â 236,8.0,-1.0,-1.0,1731285,2.0,33,,0.0,0.0,9.0,B01,138Â 201Â 235,0.0
1014253,201900055784,7,11,13:45,1,2,1,1.0,6.0,34161,Avenue de Beziers,M,"43,3305880","3,1231290",34,2019,50.0,1.0,1.0,3.0,2268204,1.0,1,1,2,4.0,,0.0,0,1986.0,A01,138Â 201Â 236,8.0,-1.0,-1.0,1731286,2.0,7,,0.0,0.0,0.0,A01,138Â 201Â 236,0.0
1014254,201900055785,6,16,11:00,1,1,1,1.0,7.0,83071,Passage du Cerf,M,"43,1767240","6,2123300",83,2019,80.0,1.0,1.0,3.0,2268205,1.0,1,3,1,5.0,,0.0,0,1953.0,A01,138Â 201Â 234,2.0,-1.0,-1.0,1731287,2.0,1,,0.0,0.0,0.0,A01,138Â 201Â 234,5.0
1014255,201900055786,7,14,19:30,1,1,1,1.0,1.0,83035,,M,"43,2565900","5,7500910",83,2019,70.0,1.0,1.0,3.0,2268206,1.0,1,1,1,5.0,,0.0,0,1985.0,A01,138Â 201Â 232,1.0,-1.0,-1.0,1731288,1.0,7,,12.0,2.0,2.0,A01,138Â 201Â 232,1.0
1014255,201900055786,7,14,19:30,1,1,1,1.0,1.0,83035,,M,"43,2565900","5,7500910",83,2019,70.0,1.0,1.0,3.0,2268206,1.0,1,1,1,5.0,,0.0,0,1985.0,A01,138Â 201Â 232,1.0,-1.0,-1.0,1731289,2.0,34,,0.0,2.0,1.0,B01,138Â 201Â 233,1.0
1014255,201900055786,7,14,19:30,1,1,1,1.0,1.0,83035,,M,"43,2565900","5,7500910",83,2019,70.0,1.0,1.0,3.0,2268207,2.0,2,3,2,1.0,,0.0,0,1996.0,B01,138Â 201Â 233,2.0,6.0,-1.0,1731288,1.0,7,,12.0,2.0,2.0,A01,138Â 201Â 232,1.0
1014255,201900055786,7,14,19:30,1,1,1,1.0,1.0,83035,,M,"43,2565900","5,7500910",83,2019,70.0,1.0,1.0,3.0,2268207,2.0,2,3,2,1.0,,0.0,0,1996.0,B01,138Â 201Â 233,2.0,6.0,-1.0,1731289,2.0,34,,0.0,2.0,1.0,B01,138Â 201Â 233,1.0
1014255,201900055786,7,14,19:30,1,1,1,1.0,1.0,83035,,M,"43,2565900","5,7500910",83,2019,70.0,1.0,1.0,3.0,2268208,1.0,1,4,1,1.0,,0.0,0,1968.0,B01,138Â 201Â 233,2.0,6.0,-1.0,1731288,1.0,7,,12.0,2.0,2.0,A01,138Â 201Â 232,1.0
1014255,201900055786,7,14,19:30,1,1,1,1.0,1.0,83035,,M,"43,2565900","5,7500910",83,2019,70.0,1.0,1.0,3.0,2268208,1.0,1,4,1,1.0,,0.0,0,1968.0,B01,138Â 201Â 233,2.0,6.0,-1.0,1731289,2.0,34,,0.0,2.0,1.0,B01,138Â 201Â 233,1.0
1014256,201900055787,7,13,19:25,1,1,1,1.0,6.0,83016,Passage de Pouyen,M,"43,2133800","5,8147430",83,2019,80.0,1.0,1.0,3.0,2268209,1.0,1,3,1,5.0,,0.0,0,2004.0,A01,138Â 201Â 231,2.0,-1.0,-1.0,1731290,2.0,2,,4.0,0.0,7.0,A01,138Â 201Â 231,1.0
1014257,201900055788,7,12,10:30,1,1,1,1.0,2.0,83059,RD 554,M,"43,3333660","6,0748000",83,2019,80.0,1.0,1.0,3.0,2268210,1.0,1,1,1,5.0,,0.0,0,1932.0,A01,138Â 201Â 229,1.0,-1.0,-1.0,1731291,2.0,7,,0.0,9.0,2.0,A01,138Â 201Â 229,1.0
1014257,201900055788,7,12,10:30,1,1,1,1.0,2.0,83059,RD 554,M,"43,3333660","6,0748000",83,2019,80.0,1.0,1.0,3.0,2268210,1.0,1,1,1,5.0,,0.0,0,1932.0,A01,138Â 201Â 229,1.0,-1.0,-1.0,1731292,2.0,1,,0.0,2.0,4.0,B01,138Â 201Â 230,5.0
1014257,201900055788,7,12,10:30,1,1,1,1.0,2.0,83059,RD 554,M,"43,3333660","6,0748000",83,2019,80.0,1.0,1.0,3.0,2268211,1.0,1,3,1,5.0,,0.0,0,1934.0,B01,138Â 201Â 230,2.0,-1.0,-1.0,1731291,2.0,7,,0.0,9.0,2.0,A01,138Â 201Â 229,1.0
1014257,201900055788,7,12,10:30,1,1,1,1.0,2.0,83059,RD 554,M,"43,3333660","6,0748000",83,2019,80.0,1.0,1.0,3.0,2268211,1.0,1,3,1,5.0,,0.0,0,1934.0,B01,138Â 201Â 230,2.0,-1.0,-1.0,1731292,2.0,1,,0.0,2.0,4.0,B01,138Â 201Â 230,5.0
1014258,201900055789,7,13,07:40,1,1,1,7.0,1.0,06075,5047 Route de Saint-Blaise,M,"43,8298630","7,2391290",6,2019,70.0,1.0,1.0,7.0,2268212,1.0,1,3,1,5.0,,0.0,0,1946.0,A01,138Â 201Â 227,2.0,-1.0,-1.0,1731293,2.0,1,,0.0,2.0,1.0,A01,138Â 201Â 227,6.0
1014258,201900055789,7,13,07:40,1,1,1,7.0,1.0,06075,5047 Route de Saint-Blaise,M,"43,8298630","7,2391290",6,2019,70.0,1.0,1.0,7.0,2268212,1.0,1,3,1,5.0,,0.0,0,1946.0,A01,138Â 201Â 227,2.0,-1.0,-1.0,1731294,1.0,2,,0.0,2.0,1.0,B01,138Â 201Â 228,1.0
1014258,201900055789,7,13,07:40,1,1,1,7.0,1.0,06075,5047 Route de Saint-Blaise,M,"43,8298630","7,2391290",6,2019,70.0,1.0,1.0,7.0,2268213,1.0,1,1,1,5.0,,0.0,0,2001.0,B01,138Â 201Â 228,2.0,-1.0,-1.0,1731293,2.0,1,,0.0,2.0,1.0,A01,138Â 201Â 227,6.0
1014258,201900055789,7,13,07:40,1,1,1,7.0,1.0,06075,5047 Route de Saint-Blaise,M,"43,8298630","7,2391290",6,2019,70.0,1.0,1.0,7.0,2268213,1.0,1,1,1,5.0,,0.0,0,2001.0,B01,138Â 201Â 228,2.0,-1.0,-1.0,1731294,1.0,2,,0.0,2.0,1.0,B01,138Â 201Â 228,1.0
1014259,201900055790,7,14,11:35,1,1,1,1.0,7.0,04039,RD 952,M,"43,8347390","6,4930860",4,2019,80.0,1.0,1.0,3.0,2268214,1.0,1,3,1,5.0,,0.0,0,1959.0,A01,138Â 201Â 226,2.0,6.0,-1.0,1731295,1.0,33,,0.0,0.0,7.0,A01,138Â 201Â 226,1.0
1014260,201900055791,7,12,17:10,1,1,2,7.0,3.0,13084,D23,M,"43,7261290","5,2749960",13,2019,80.0,1.0,1.0,3.0,2268215,1.0,1,2,1,1.0,,0.0,0,1996.0,A01,138Â 201Â 224,1.0,-1.0,-1.0,1731296,1.0,7,,13.0,2.0,3.0,A01,138Â 201Â 224,1.0
1014260,201900055791,7,12,17:10,1,1,2,7.0,3.0,13084,D23,M,"43,7261290","5,2749960",13,2019,80.0,1.0,1.0,3.0,2268215,1.0,1,2,1,1.0,,0.0,0,1996.0,A01,138Â 201Â 224,1.0,-1.0,-1.0,1731297,0.0,7,,13.0,2.0,2.0,B01,138Â 201Â 225,1.0
1014260,201900055791,7,12,17:10,1,1,2,7.0,3.0,13084,D23,M,"43,7261290","5,2749960",13,2019,80.0,1.0,1.0,3.0,2268216,1.0,1,4,1,1.0,,0.0,0,1984.0,B01,138Â 201Â 225,1.0,-1.0,-1.0,1731296,1.0,7,,13.0,2.0,3.0,A01,138Â 201Â 224,1.0
1014260,201900055791,7,12,17:10,1,1,2,7.0,3.0,13084,D23,M,"43,7261290","5,2749960",13,2019,80.0,1.0,1.0,3.0,2268216,1.0,1,4,1,1.0,,0.0,0,1984.0,B01,138Â 201Â 225,1.0,-1.0,-1.0,1731297,0.0,7,,13.0,2.0,2.0,B01,138Â 201Â 225,1.0
1014261,201900055792,7,13,14:05,1,2,1,1.0,2.0,13014,Boulevard Henri Wallon,M,"43,4900340","5,1728890",13,2019,50.0,1.0,1.0,3.0,2268217,2.0,2,4,1,4.0,,0.0,0,1997.0,B01,138Â 201Â 222,1.0,-1.0,-1.0,1731298,3.0,7,,0.0,0.0,4.0,B01,138Â 201Â 222,1.0
1014261,201900055792,7,13,14:05,1,2,1,1.0,2.0,13014,Boulevard Henri Wallon,M,"43,4900340","5,1728890",13,2019,50.0,1.0,1.0,3.0,2268217,2.0,2,4,1,4.0,,0.0,0,1997.0,B01,138Â 201Â 222,1.0,-1.0,-1.0,1731299,3.0,7,,0.0,2.0,1.0,A01,138Â 201Â 223,1.0
1014261,201900055792,7,13,14:05,1,2,1,1.0,2.0,13014,Boulevard Henri Wallon,M,"43,4900340","5,1728890",13,2019,50.0,1.0,1.0,3.0,2268218,1.0,1,4,1,4.0,,0.0,0,1998.0,B01,138Â 201Â 222,1.0,-1.0,-1.0,1731298,3.0,7,,0.0,0.0,4.0,B01,138Â 201Â 222,1.0
1014261,201900055792,7,13,14:05,1,2,1,1.0,2.0,13014,Boulevard Henri Wallon,M,"43,4900340","5,1728890",13,2019,50.0,1.0,1.0,3.0,2268218,1.0,1,4,1,4.0,,0.0,0,1998.0,B01,138Â 201Â 222,1.0,-1.0,-1.0,1731299,3.0,7,,0.0,2.0,1.0,A01,138Â 201Â 223,1.0
1014261,201900055792,7,13,14:05,1,2,1,1.0,2.0,13014,Boulevard Henri Wallon,M,"43,4900340","5,1728890",13,2019,50.0,1.0,1.0,3.0,2268219,1.0,1,1,1,5.0,,0.0,0,1988.0,A01,138Â 201Â 223,8.0,-1.0,-1.0,1731298,3.0,7,,0.0,0.0,4.0,B01,138Â 201Â 222,1.0
1014261,201900055792,7,13,14:05,1,2,1,1.0,2.0,13014,Boulevard Henri Wallon,M,"43,4900340","5,1728890",13,2019,50.0,1.0,1.0,3.0,2268219,1.0,1,1,1,5.0,,0.0,0,1988.0,A01,138Â 201Â 223,8.0,-1.0,-1.0,1731299,3.0,7,,0.0,2.0,1.0,A01,138Â 201Â 223,1.0
1014262,201900055793,7,14,13:40,1,2,1,1.0,6.0,13022,Ancien Chemin de Marseille,M,"43,2180430","5,5380950",13,2019,50.0,1.0,1.0,4.0,2268220,1.0,1,3,1,5.0,,0.0,0,2002.0,A01,138Â 201Â 221,2.0,6.0,-1.0,1731300,1.0,31,,12.0,0.0,7.0,A01,138Â 201Â 221,1.0
1014263,201900055794,7,11,14:30,1,1,1,1.0,1.0,13042,d8n,M,"43,2955499","5,6259948",13,2019,80.0,1.0,1.0,3.0,2268221,1.0,1,1,1,4.0,,0.0,0,1968.0,B01,138Â 201Â 219,1.0,-1.0,-1.0,1731301,1.0,99,,0.0,2.0,3.0,B01,138Â 201Â 219,1.0
1014263,201900055794,7,11,14:30,1,1,1,1.0,1.0,13042,d8n,M,"43,2955499","5,6259948",13,2019,80.0,1.0,1.0,3.0,2268221,1.0,1,1,1,4.0,,0.0,0,1968.0,B01,138Â 201Â 219,1.0,-1.0,-1.0,1731302,2.0,7,,0.0,2.0,3.0,A01,138Â 201Â 220,0.0
1014263,201900055794,7,11,14:30,1,1,1,1.0,1.0,13042,d8n,M,"43,2955499","5,6259948",13,2019,80.0,1.0,1.0,3.0,2268222,1.0,1,3,1,5.0,,0.0,0,1965.0,A01,138Â 201Â 220,1.0,-1.0,-1.0,1731301,1.0,99,,0.0,2.0,3.0,B01,138Â 201Â 219,1.0
1014263,201900055794,7,11,14:30,1,1,1,1.0,1.0,13042,d8n,M,"43,2955499","5,6259948",13,2019,80.0,1.0,1.0,3.0,2268222,1.0,1,3,1,5.0,,0.0,0,1965.0,A01,138Â 201Â 220,1.0,-1.0,-1.0,1731302,2.0,7,,0.0,2.0,3.0,A01,138Â 201Â 220,0.0