Unnamed: 0_x,num_acc,mois,jour,hrmn,lum,agg,int,atm,col,com,adr,gps,lat,long,dep,annee,vma,situ,surf,catr,Unnamed: 0_y,place,catu,grav,sexe,trajet,secu,locp,actp,an_nais,num_veh_x,id_vehicule_x,secu1,secu2,secu3,Unnamed: 0,senc,catv,occutc,obs,obsm,choc,num_veh_y,id_vehicule_y,motor
1014263,201900055794,7,11,14:30,1,1,1,1.0,1.0,13042,d8n,M,"43,2955499","5,6259948",13,2019,80.0,1.0,1.0,3.0,2268223,2.0,2,1,2,5.0,,0.0,0,1965.0,A01,138Â 201Â 220,1.0,-1.0,-1.0,1731301,1.0,99,,0.0,2.0,3.0,B01,138Â 201Â 219,1.0
1014263,201900055794,7,11,14:30,1,1,1,1.0,1.0,13042,d8n,M,"43,2955499","5,6259948",13,2019,80.0,1.0,1.0,3.0,2268223,2.0,2,1,2,5.0,,0.0,0,1965.0,A01,138Â 201Â 220,1.0,-1.0,-1.0,1731302,2.0,7,,0.0,2.0,3.0,A01,138Â 201Â 220,0.0
1014264,201900055795,7,12,12:00,1,1,6,1.0,5.0,13066,Route de ChÃ¢teaurenard Cd 28,M,"43,8853560","4,8947480",13,2019,80.0,1.0,1.0,3.0,2268224,1.0,1,1,2,0.0,,0.0,0,1982.0,E01,138Â 201Â 214,1.0,-1.0,-1.0,1731303,3.0,7,,0.0,2.0,1.0,E01,138Â 201Â 214,0.0
1014264,201900055795,7,12,12:00,1,1,6,1.0,5.0,13066,Route de ChÃ¢teaurenard Cd 28,M,"43,8853560","4,8947480",13,2019,80.0,1.0,1.0,3.0,2268224,1.0,1,1,2,0.0,,0.0,0,1982.0,E01,138Â 201Â 214,1.0,-1.0,-1.0,1731304,3.0,7,,0.0,2.0,6.0,D01,138Â 201Â 215,0.0
1014264,201900055795,7,12,12:00,1,1,6,1.0,5.0,13066,Route de ChÃ¢teaurenard Cd 28,M,"43,8853560","4,8947480",13,2019,80.0,1.0,1.0,3.0,2268224,1.0,1,1,2,0.0,,0.0,0,1982.0,E01,138Â 201Â 214,1.0,-1.0,-1.0,1731305,3.0,7,,0.0,2.0,1.0,C01,138Â 201Â 216,0.0
1014264,201900055795,7,12,12:00,1,1,6,1.0,5.0,13066,Route de ChÃ¢teaurenard Cd 28,M,"43,8853560","4,8947480",13,2019,80.0,1.0,1.0,3.0,2268224,1.0,1,1,2,0.0,,0.0,0,1982.0,E01,138Â 201Â 214,1.0,-1.0,-1.0,1731306,3.0,14,,0.0,2.0,1.0,B01,138Â 201Â 217,0.0
1014264,201900055795,7,12,12:00,1,1,6,1.0,5.0,13066,Route de ChÃ¢teaurenard Cd 28,M,"43,8853560","4,8947480",13,2019,80.0,1.0,1.0,3.0,2268224,1.0,1,1,2,0.0,,0.0,0,1982.0,E01,138Â 201Â 214,1.0,-1.0,-1.0,1731307,3.0,17,,7.0,2.0,9.0,A01,138Â 201Â 218,0.0
1014264,201900055795,7,12,12:00,1,1,6,1.0,5.0,13066,Route de ChÃ¢teaurenard Cd 28,M,"43,8853560","4,8947480",13,2019,80.0,1.0,1.0,3.0,2268225,1.0,1,1,1,1.0,,0.0,0,1992.0,D01,138Â 201Â 215,1.0,-1.0,-1.0,1731303,3.0,7,,0.0,2.0,1.0,E01,138Â 201Â 214,0.0
1014264,201900055795,7,12,12:00,1,1,6,1.0,5.0,13066,Route de ChÃ¢teaurenard Cd 28,M,"43,8853560","4,8947480",13,2019,80.0,1.0,1.0,3.0,2268225,1.0,1,1,1,1.0,,0.0,0,1992.0,D01,138Â 201Â 215,1.0,-1.0,-1.0,1731304,3.0,7,,0.0,2.0,6.0,D01,138Â 201Â 215,0.0
1014264,201900055795,7,12,12:00,1,1,6,1.0,5.0,13066,Route de ChÃ¢teaurenard Cd 28,M,"43,8853560","4,8947480",13,2019,80.0,1.0,1.0,3.0,2268225,1.0,1,1,1,1.0,,0.0,0,1992.0,D01,138Â 201Â 215,1.0,-1.0,-1.0,1731305,3.0,7,,0.0,2.0,1.0,C01,138Â 201Â 216,0.0
1014264,201900055795,7,12,12:00,1,1,6,1.0,5.0,13066,Route de ChÃ¢teaurenard Cd 28,M,"43,8853560","4,8947480",13,2019,80.0,1.0,1.0,3.0,2268225,1.0,1,1,1,1.0,,0.0,0,1992.0,D01,138Â 201Â 215,1.0,-1.0,-1.0,1731306,3.0,14,,0.0,2.0,1.0,B01,138Â 201Â 217,0.0
1014264,201900055795,7,12,12:00,1,1,6,1.0,5.0,13066,Route de ChÃ¢teaurenard Cd 28,M,"43,8853560","4,8947480",13,2019,80.0,1.0,1.0,3.0,2268225,1.0,1,1,1,1.0,,0.0,0,1992.0,D01,138Â 201Â 215,1.0,-1.0,-1.0,1731307,3.0,17,,7.0,2.0,9.0,A01,138Â 201Â 218,0.0
1014264,201900055795,7,12,12:00,1,1,6,1.0,5.0,13066,Route de ChÃ¢teaurenard Cd 28,M,"43,8853560","4,8947480",13,2019,80.0,1.0,1.0,3.0,2268226,2.0,2,4,2,0.0,,0.0,0,1977.0,C01,138Â 201Â 216,1.0,-1.0,-1.0,1731303,3.0,7,,0.0,2.0,1.0,E01,138Â 201Â 214,0.0
1014264,201900055795,7,12,12:00,1,1,6,1.0,5.0,13066,Route de ChÃ¢teaurenard Cd 28,M,"43,8853560","4,8947480",13,2019,80.0,1.0,1.0,3.0,2268226,2.0,2,4,2,0.0,,0.0,0,1977.0,C01,138Â 201Â 216,1.0,-1.0,-1.0,1731304,3.0,7,,0.0,2.0,6.0,D01,138Â 201Â 215,0.0
1014264,201900055795,7,12,12:00,1,1,6,1.0,5.0,13066,Route de ChÃ¢teaurenard Cd 28,M,"43,8853560","4,8947480",13,2019,80.0,1.0,1.0,3.0,2268226,2.0,2,4,2,0.0,,0.0,0,1977.0,C01,138Â 201Â 216,1.0,-1.0,-1.0,1731305,3.0,7,,0.0,2.0,1.0,C01,138Â 201Â 216,0.0
1014264,201900055795,7,12,12:00,1,1,6,1.0,5.0,13066,Route de ChÃ¢teaurenard Cd 28,M,"43,8853560","4,8947480",13,2019,80.0,1.0,1.0,3.0,2268226,2.0,2,4,2,0.0,,0.0,0,1977.0,C01,138Â 201Â 216,1.0,-1.0,-1.0,1731306,3.0,14,,0.0,2.0,1.0,B01,138Â 201Â 217,0.0
1014264,201900055795,7,12,12:00,1,1,6,1.0,5.0,13066,Route de ChÃ¢teaurenard Cd 28,M,"43,8853560","4,8947480",13,2019,80.0,1.0,1.0,3.0,2268226,2.0,2,4,2,0.0,,0.0,0,1977.0,C01,138Â 201Â 216,1.0,-1.0,-1.0,1731307,3.0,17,,7.0,2.0,9.0,A01,138Â 201Â 218,0.0
1014264,201900055795,7,12,12:00,1,1,6,1.0,5.0,13066,Route de ChÃ¢teaurenard Cd 28,M,"43,8853560","4,8947480",13,2019,80.0,1.0,1.0,3.0,2268227,4.0,2,4,2,0.0,,0.0,0,2014.0,C01,138Â 201Â 216,1.0,-1.0,-1.0,1731303,3.0,7,,0.0,2.0,1.0,E01,138Â 201Â 214,0.0
1014264,201900055795,7,12,12:00,1,1,6,1.0,5.0,13066,Route de ChÃ¢teaurenard Cd 28,M,"43,8853560","4,8947480",13,2019,80.0,1.0,1.0,3.0,2268227,4.0,2,4,2,0.0,,0.0,0,2014.0,C01,138Â 201Â 216,1.0,-1.0,-1.0,1731304,3.0,7,,0.0,2.0,6.0,D01,138Â 201Â 215,0.0
1014264,201900055795,7,12,12:00,1,1,6,1.0,5.0,13066,Route de ChÃ¢teaurenard Cd 28,M,"43,8853560","4,8947480",13,2019,80.0,1.0,1.0,3.0,2268227,4.0,2,4,2,0.0,,0.0,0,2014.0,C01,138Â 201Â 216,1.0,-1.0,-1.0,1731305,3.0,7,,0.0,2.0,1.0,C01,138Â 201Â 216,0.0
1014264,201900055795,7,12,12:00,1,1,6,1.0,5.0,13066,Route de ChÃ¢teaurenard Cd 28,M,"43,8853560","4,8947480",13,2019,80.0,1.0,1.0,3.0,2268227,4.0,2,4,2,0.0,,0.0,0,2014.0,C01,138Â 201Â 216,1.0,-1.0,-1.0,1731306,3.0,14,,0.0,2.0,1.0,B01,138Â 201Â 217,0.0
1014264,201900055795,7,12,12:00,1,1,6,1.0,5.0,13066,Route de ChÃ¢teaurenard Cd 28,M,"43,8853560","4,8947480",13,2019,80.0,1.0,1.0,3.0,2268227,4.0,2,4,2,0.0,,0.0,0,2014.0,C01,138Â 201Â 216,1.0,-1.0,-1.0,1731307,3.0,17,,7.0,2.0,9.0,A01,138Â 201Â 218,0.0
1014264,201900055795,7,12,12:00,1,1,6,1.0,5.0,13066,Route de ChÃ¢teaurenard Cd 28,M,"43,8853560","4,8947480",13,2019,80.0,1.0,1.0,3.0,2268228,1.0,1,4,2,0.0,,0.0,0,1976.0,C01,138Â 201Â 216,1.0,-1.0,-1.0,1731303,3.0,7,,0.0,2.0,1.0,E01,138Â 201Â 214,0.0
1014264,201900055795,7,12,12:00,1,1,6,1.0,5.0,13066,Route de ChÃ¢teaurenard Cd 28,M,"43,8853560","4,8947480",13,2019,80.0,1.0,1.0,3.0,2268228,1.0,1,4,2,0.0,,0.0,0,1976.0,C01,138Â 201Â 216,1.0,-1.0,-1.0,1731304,3.0,7,,0.0,2.0,6.0,D01,138Â 201Â 215,0.0
1014264,201900055795,7,12,12:00,1,1,6,1.0,5.0,13066,Route de ChÃ¢teaurenard Cd 28,M,"43,8853560","4,8947480",13,2019,80.0,1.0,1.0,3.0,2268228,1.0,1,4,2,0.0,,0.0,0,1976.0,C01,138Â 201Â 216,1.0,-1.0,-1.0,1731305,3.0,7,,0.0,2.0,1.0,C01,138Â 201Â 216,0.0
1014264,201900055795,7,12,12:00,1,1,6,1.0,5.0,13066,Route de ChÃ¢teaurenard Cd 28,M,"43,8853560","4,8947480",13,2019,80.0,1.0,1.0,3.0,2268228,1.0,1,4,2,0.0,,0.0,0,1976.0,C01,138Â 201Â 216,1.0,-1.0,-1.0,1731306,3.0,14,,0.0,2.0,1.0,B01,138Â 201Â 217,0.0
1014264,201900055795,7,12,12:00,1,1,6,1.0,5.0,13066,Route de ChÃ¢teaurenard Cd 28,M,"43,8853560","4,8947480",13,2019,80.0,1.0,1.0,3.0,2268228,1.0,1,4,2,0.0,,0.0,0,1976.0,C01,138Â 201Â 216,1.0,-1.0,-1.0,1731307,3.0,17,,7.0,2.0,9.0,A01,138Â 201Â 218,0.0
1014264,201900055795,7,12,12:00,1,1,6,1.0,5.0,13066,Route de ChÃ¢teaurenard Cd 28,M,"43,8853560","4,8947480",13,2019,80.0,1.0,1.0,3.0,2268229,1.0,1,3,1,4.0,,0.0,0,1958.0,B01,138Â 201Â 217,8.0,-1.0,-1.0,1731303,3.0,7,,0.0,2.0,1.0,E01,138Â 201Â 214,0.0
1014264,201900055795,7,12,12:00,1,1,6,1.0,5.0,13066,Route de ChÃ¢teaurenard Cd 28,M,"43,8853560","4,8947480",13,2019,80.0,1.0,1.0,3.0,2268229,1.0,1,3,1,4.0,,0.0,0,1958.0,B01,138Â 201Â 217,8.0,-1.0,-1.0,1731304,3.0,7,,0.0,2.0,6.0,D01,138Â 201Â 215,0.0
1014264,201900055795,7,12,12:00,1,1,6,1.0,5.0,13066,Route de ChÃ¢teaurenard Cd 28,M,"43,8853560","4,8947480",13,2019,80.0,1.0,1.0,3.0,2268229,1.0,1,3,1,4.0,,0.0,0,1958.0,B01,138Â 201Â 217,8.0,-1.0,-1.0,1731305,3.0,7,,0.0,2.0,1.0,C01,138Â 201Â 216,0.0
1014264,201900055795,7,12,12:00,1,1,6,1.0,5.0,13066,Route de ChÃ¢teaurenard Cd 28,M,"43,8853560","4,8947480",13,2019,80.0,1.0,1.0,3.0,2268229,1.0,1,3,1,4.0,,0.0,0,1958.0,B01,138Â 201Â 217,8.0,-1.0,-1.0,1731306,3.0,14,,0.0,2.0,1.0,B01,138Â 201Â 217,0.0
1014264,201900055795,7,12,12:00,1,1,6,1.0,5.0,13066,Route de ChÃ¢teaurenard Cd 28,M,"43,8853560","4,8947480",13,2019,80.0,1.0,1.0,3.0,2268229,1.0,1,3,1,4.0,,0.0,0,1958.0,B01,138Â 201Â 217,8.0,-1.0,-1.0,1731307,3.0,17,,7.0,2.0,9.0,A01,138Â 201Â 218,0.0
1014264,201900055795,7,12,12:00,1,1,6,1.0,5.0,13066,Route de ChÃ¢teaurenard Cd 28,M,"43,8853560","4,8947480",13,2019,80.0,1.0,1.0,3.0,2268230,1.0,1,3,1,4.0,,0.0,0,1984.0,A01,138Â 201Â 218,8.0,-1.0,-1.0,1731303,3.0,7,,0.0,2.0,1.0,E01,138Â 201Â 214,0.0
1014264,201900055795,7,12,12:00,1,1,6,1.0,5.0,13066,Route de ChÃ¢teaurenard Cd 28,M,"43,8853560","4,8947480",13,2019,80.0,1.0,1.0,3.0,2268230,1.0,1,3,1,4.0,,0.0,0,1984.0,A01,138Â 201Â 218,8.0,-1.0,-1.0,1731304,3.0,7,,0.0,2.0,6.0,D01,138Â 201Â 215,0.0
1014264,201900055795,7,12,12:00,1,1,6,1.0,5.0,13066,Route de ChÃ¢teaurenard Cd 28,M,"43,8853560","4,8947480",13,2019,80.0,1.0,1.0,3.0,2268230,1.0,1,3,1,4.0,,0.0,0,1984.0,A01,138Â 201Â 218,8.0,-1.0,-1.0,1731305,3.0,7,,0.0,2.0,1.0,C01,138Â 201Â 216,0.0
1014264,201900055795,7,12,12:00,1,1,6,1.0,5.0,13066,Route de ChÃ¢teaurenard Cd 28,M,"43,8853560","4,8947480",13,2019,80.0,1.0,1.0,3.0,2268230,1.0,1,3,1,4.0,,0.0,0,1984.0,A01,138Â 201Â 218,8.0,-1.0,-1.0,1731306,3.0,14,,0.0,2.0,1.0,B01,138Â 201Â 217,0.0
1014264,201900055795,7,12,12:00,1,1,6,1.0,5.0,13066,Route de ChÃ¢teaurenard Cd 28,M,"43,8853560","4,8947480",13,2019,80.0,1.0,1.0,3.0,2268230,1.0,1,3,1,4.0,,0.0,0,1984.0,A01,138Â 201Â 218,8.0,-1.0,-1.0,1731307,3.0,17,,7.0,2.0,9.0,A01,138Â 201Â 218,0.0
1014265,201900055796,7,8,23:45,3,1,1,1.0,3.0,13004,RD 453,M,"43,6774110","4,6283890",13,2019,80.0,1.0,1.0,3.0,2268231,1.0,1,3,1,9.0,,0.0,0,2000.0,A01,138Â 201Â 212,1.0,-1.0,-1.0,1731308,2.0,7,,0.0,2.0,8.0,A01,138Â 201Â 212,1.0
1014265,201900055796,7,8,23:45,3,1,1,1.0,3.0,13004,RD 453,M,"43,6774110","4,6283890",13,2019,80.0,1.0,1.0,3.0,2268231,1.0,1,3,1,9.0,,0.0,0,2000.0,A01,138Â 201Â 212,1.0,-1.0,-1.0,1731309,3.0,0,,0.0,2.0,0.0,B01,138Â 201Â 213,1.0
1014266,201900055797,7,13,17:40,1,2,3,1.0,1.0,89099,Rue Georges Jacob,M,"47,9541681","3,5346195",89,2019,50.0,1.0,1.0,4.0,2268232,1.0,1,1,1,5.0,,0.0,0,1956.0,A01,138Â 201Â 210,1.0,-1.0,-1.0,1731310,0.0,7,,0.0,2.0,1.0,A01,138Â 201Â 210,0.0
1014266,201900055797,7,13,17:40,1,2,3,1.0,1.0,89099,Rue Georges Jacob,M,"47,9541681","3,5346195",89,2019,50.0,1.0,1.0,4.0,2268232,1.0,1,1,1,5.0,,0.0,0,1956.0,A01,138Â 201Â 210,1.0,-1.0,-1.0,1731311,3.0,2,,0.0,2.0,1.0,B01,138Â 201Â 211,1.0
1014266,201900055797,7,13,17:40,1,2,3,1.0,1.0,89099,Rue Georges Jacob,M,"47,9541681","3,5346195",89,2019,50.0,1.0,1.0,4.0,2268233,1.0,1,4,1,5.0,,0.0,0,2004.0,B01,138Â 201Â 211,2.0,-1.0,-1.0,1731310,0.0,7,,0.0,2.0,1.0,A01,138Â 201Â 210,0.0
1014266,201900055797,7,13,17:40,1,2,3,1.0,1.0,89099,Rue Georges Jacob,M,"47,9541681","3,5346195",89,2019,50.0,1.0,1.0,4.0,2268233,1.0,1,4,1,5.0,,0.0,0,2004.0,B01,138Â 201Â 211,2.0,-1.0,-1.0,1731311,3.0,2,,0.0,2.0,1.0,B01,138Â 201Â 211,1.0
1014267,201900055798,7,14,05:55,2,2,1,1.0,6.0,08328,Lotissement le Soleil,M,"49,8218130","4,7623580",8,2019,50.0,4.0,1.0,4.0,2268234,1.0,1,3,1,5.0,,0.0,0,1989.0,A01,138Â 201Â 209,2.0,-1.0,-1.0,1731312,0.0,33,,6.0,0.0,1.0,A01,138Â 201Â 209,1.0
1014268,201900055799,7,12,08:10,1,2,3,2.0,3.0,68185,29 rue ClÃ©menceau,M,"48,2714030","7,2825610",68,2019,50.0,1.0,2.0,3.0,2268235,1.0,1,4,1,3.0,,0.0,0,1992.0,A01,138Â 201Â 207,1.0,-1.0,-1.0,1731313,0.0,7,,0.0,2.0,2.0,A01,138Â 201Â 207,1.0
1014268,201900055799,7,12,08:10,1,2,3,2.0,3.0,68185,29 rue ClÃ©menceau,M,"48,2714030","7,2825610",68,2019,50.0,1.0,2.0,3.0,2268235,1.0,1,4,1,3.0,,0.0,0,1992.0,A01,138Â 201Â 207,1.0,-1.0,-1.0,1731314,1.0,7,,1.0,0.0,2.0,B01,138Â 201Â 208,1.0
1014268,201900055799,7,12,08:10,1,2,3,2.0,3.0,68185,29 rue ClÃ©menceau,M,"48,2714030","7,2825610",68,2019,50.0,1.0,2.0,3.0,2268236,1.0,1,4,2,1.0,,0.0,0,1980.0,B01,138Â 201Â 208,1.0,-1.0,-1.0,1731313,0.0,7,,0.0,2.0,2.0,A01,138Â 201Â 207,1.0
1014268,201900055799,7,12,08:10,1,2,3,2.0,3.0,68185,29 rue ClÃ©menceau,M,"48,2714030","7,2825610",68,2019,50.0,1.0,2.0,3.0,2268236,1.0,1,4,2,1.0,,0.0,0,1980.0,B01,138Â 201Â 208,1.0,-1.0,-1.0,1731314,1.0,7,,1.0,0.0,2.0,B01,138Â 201Â 208,1.0
1014269,201900055800,7,4,19:30,1,1,1,1.0,7.0,68230,Rue de l'Ãglise,M,"47,9343570","7,5543100",68,2019,50.0,4.0,1.0,4.0,2268237,1.0,1,4,1,9.0,,0.0,0,2003.0,A01,138Â 201Â 206,2.0,6.0,-1.0,1731315,3.0,2,,12.0,0.0,9.0,A01,138Â 201Â 206,1.0
1014270,201900055801,7,10,19:30,1,2,3,1.0,1.0,68223,Rue Gaessle,M,"48,0267340","7,0867590",68,2019,50.0,1.0,1.0,4.0,2268238,1.0,1,4,1,5.0,,0.0,0,2010.0,B01,138Â 201Â 204,2.0,-1.0,-1.0,1731316,2.0,1,,0.0,2.0,7.0,B01,138Â 201Â 204,5.0
1014270,201900055801,7,10,19:30,1,2,3,1.0,1.0,68223,Rue Gaessle,M,"48,0267340","7,0867590",68,2019,50.0,1.0,1.0,4.0,2268238,1.0,1,4,1,5.0,,0.0,0,2010.0,B01,138Â 201Â 204,2.0,-1.0,-1.0,1731317,1.0,7,,0.0,2.0,3.0,A01,138Â 201Â 205,1.0
1014270,201900055801,7,10,19:30,1,2,3,1.0,1.0,68223,Rue Gaessle,M,"48,0267340","7,0867590",68,2019,50.0,1.0,1.0,4.0,2268239,1.0,1,1,1,5.0,,0.0,0,1995.0,A01,138Â 201Â 205,1.0,-1.0,-1.0,1731316,2.0,1,,0.0,2.0,7.0,B01,138Â 201Â 204,5.0
1014270,201900055801,7,10,19:30,1,2,3,1.0,1.0,68223,Rue Gaessle,M,"48,0267340","7,0867590",68,2019,50.0,1.0,1.0,4.0,2268239,1.0,1,1,1,5.0,,0.0,0,1995.0,A01,138Â 201Â 205,1.0,-1.0,-1.0,1731317,1.0,7,,0.0,2.0,3.0,A01,138Â 201Â 205,1.0
1014271,201900055802,7,13,11:30,1,2,1,1.0,1.0,68226,Grand rue,M,"48,0411970","7,1362050",68,2019,50.0,4.0,1.0,3.0,2268240,1.0,1,1,2,5.0,,0.0,0,1958.0,B01,138Â 201Â 202,1.0,-1.0,-1.0,1731318,2.0,10,,9.0,0.0,3.0,B01,138Â 201Â 202,1.0
1014271,201900055802,7,13,11:30,1,2,1,1.0,1.0,68226,Grand rue,M,"48,0411970","7,1362050",68,2019,50.0,4.0,1.0,3.0,2268240,1.0,1,1,2,5.0,,0.0,0,1958.0,B01,138Â 201Â 202,1.0,-1.0,-1.0,1731319,2.0,7,,9.0,1.0,1.0,A01,138Â 201Â 203,1.0
1014271,201900055802,7,13,11:30,1,2,1,1.0,1.0,68226,Grand rue,M,"48,0411970","7,1362050",68,2019,50.0,4.0,1.0,3.0,2268241,10.0,3,1,2,3.0,,5.0,2,1963.0,A01,138Â 201Â 203,0.0,-1.0,-1.0,1731318,2.0,10,,9.0,0.0,3.0,B01,138Â 201Â 202,1.0
1014271,201900055802,7,13,11:30,1,2,1,1.0,1.0,68226,Grand rue,M,"48,0411970","7,1362050",68,2019,50.0,4.0,1.0,3.0,2268241,10.0,3,1,2,3.0,,5.0,2,1963.0,A01,138Â 201Â 203,0.0,-1.0,-1.0,1731319,2.0,7,,9.0,1.0,1.0,A01,138Â 201Â 203,1.0
1014271,201900055802,7,13,11:30,1,2,1,1.0,1.0,68226,Grand rue,M,"48,0411970","7,1362050",68,2019,50.0,4.0,1.0,3.0,2268242,1.0,1,1,2,5.0,,0.0,0,1956.0,A01,138Â 201Â 203,1.0,-1.0,-1.0,1731318,2.0,10,,9.0,0.0,3.0,B01,138Â 201Â 202,1.0
1014271,201900055802,7,13,11:30,1,2,1,1.0,1.0,68226,Grand rue,M,"48,0411970","7,1362050",68,2019,50.0,4.0,1.0,3.0,2268242,1.0,1,1,2,5.0,,0.0,0,1956.0,A01,138Â 201Â 203,1.0,-1.0,-1.0,1731319,2.0,7,,9.0,1.0,1.0,A01,138Â 201Â 203,1.0
1014271,201900055802,7,13,11:30,1,2,1,1.0,1.0,68226,Grand rue,M,"48,0411970","7,1362050",68,2019,50.0,4.0,1.0,3.0,2268243,10.0,3,3,2,5.0,,5.0,2,1952.0,A01,138Â 201Â 203,0.0,-1.0,-1.0,1731318,2.0,10,,9.0,0.0,3.0,B01,138Â 201Â 202,1.0
1014271,201900055802,7,13,11:30,1,2,1,1.0,1.0,68226,Grand rue,M,"48,0411970","7,1362050",68,2019,50.0,4.0,1.0,3.0,2268243,10.0,3,3,2,5.0,,5.0,2,1952.0,A01,138Â 201Â 203,0.0,-1.0,-1.0,1731319,2.0,7,,9.0,1.0,1.0,A01,138Â 201Â 203,1.0
1014271,201900055802,7,13,11:30,1,2,1,1.0,1.0,68226,Grand rue,M,"48,0411970","7,1362050",68,2019,50.0,4.0,1.0,3.0,2268244,10.0,3,4,1,5.0,,5.0,1,1951.0,A01,138Â 201Â 203,0.0,-1.0,-1.0,1731318,2.0,10,,9.0,0.0,3.0,B01,138Â 201Â 202,1.0
1014271,201900055802,7,13,11:30,1,2,1,1.0,1.0,68226,Grand rue,M,"48,0411970","7,1362050",68,2019,50.0,4.0,1.0,3.0,2268244,10.0,3,4,1,5.0,,5.0,1,1951.0,A01,138Â 201Â 203,0.0,-1.0,-1.0,1731319,2.0,7,,9.0,1.0,1.0,A01,138Â 201Â 203,1.0
1014271,201900055802,7,13,11:30,1,2,1,1.0,1.0,68226,Grand rue,M,"48,0411970","7,1362050",68,2019,50.0,4.0,1.0,3.0,2268245,2.0,2,1,2,5.0,,0.0,0,1985.0,A01,138Â 201Â 203,1.0,-1.0,-1.0,1731318,2.0,10,,9.0,0.0,3.0,B01,138Â 201Â 202,1.0
1014271,201900055802,7,13,11:30,1,2,1,1.0,1.0,68226,Grand rue,M,"48,0411970","7,1362050",68,2019,50.0,4.0,1.0,3.0,2268245,2.0,2,1,2,5.0,,0.0,0,1985.0,A01,138Â 201Â 203,1.0,-1.0,-1.0,1731319,2.0,7,,9.0,1.0,1.0,A01,138Â 201Â 203,1.0
1014271,201900055802,7,13,11:30,1,2,1,1.0,1.0,68226,Grand rue,M,"48,0411970","7,1362050",68,2019,50.0,4.0,1.0,3.0,2268246,10.0,3,4,2,5.0,,5.0,2,1944.0,A01,138Â 201Â 203,0.0,-1.0,-1.0,1731318,2.0,10,,9.0,0.0,3.0,B01,138Â 201Â 202,1.0
1014271,201900055802,7,13,11:30,1,2,1,1.0,1.0,68226,Grand rue,M,"48,0411970","7,1362050",68,2019,50.0,4.0,1.0,3.0,2268246,10.0,3,4,2,5.0,,5.0,2,1944.0,A01,138Â 201Â 203,0.0,-1.0,-1.0,1731319,2.0,7,,9.0,1.0,1.0,A01,138Â 201Â 203,1.0
1014272,201900055803,7,12,17:19,1,1,1,1.0,3.0,63204,Route dÃ©partementale 2,M,"45,8042893","3,2008232",63,2019,80.0,8.0,1.0,3.0,2268247,1.0,1,1,1,4.0,,0.0,0,1960.0,B01,138Â 201Â 200,0.0,-1.0,-1.0,1731320,2.0,21,,0.0,2.0,2.0,B01,138Â 201Â 200,0.0
1014272,201900055803,7,12,17:19,1,1,1,1.0,3.0,63204,Route dÃ©partementale 2,M,"45,8042893","3,2008232",63,2019,80.0,8.0,1.0,3.0,2268247,1.0,1,1,1,4.0,,0.0,0,1960.0,B01,138Â 201Â 200,0.0,-1.0,-1.0,1731321,2.0,33,,0.0,2.0,3.0,A01,138Â 201Â 201,1.0
1014272,201900055803,7,12,17:19,1,1,1,1.0,3.0,63204,Route dÃ©partementale 2,M,"45,8042893","3,2008232",63,2019,80.0,8.0,1.0,3.0,2268248,1.0,1,3,1,0.0,,0.0,0,1964.0,A01,138Â 201Â 201,2.0,-1.0,-1.0,1731320,2.0,21,,0.0,2.0,2.0,B01,138Â 201Â 200,0.0
1014272,201900055803,7,12,17:19,1,1,1,1.0,3.0,63204,Route dÃ©partementale 2,M,"45,8042893","3,2008232",63,2019,80.0,8.0,1.0,3.0,2268248,1.0,1,3,1,0.0,,0.0,0,1964.0,A01,138Â 201Â 201,2.0,-1.0,-1.0,1731321,2.0,33,,0.0,2.0,3.0,A01,138Â 201Â 201,1.0
1014273,201900055804,7,13,15:22,1,1,1,1.0,2.0,73054,D902,M,"45,6935600","6,7098363",73,2019,80.0,1.0,1.0,3.0,2268249,1.0,1,2,1,5.0,,0.0,0,1969.0,A01,138Â 201Â 198,2.0,6.0,9.0,1731322,1.0,33,,15.0,2.0,1.0,A01,138Â 201Â 198,1.0
1014273,201900055804,7,13,15:22,1,1,1,1.0,2.0,73054,D902,M,"45,6935600","6,7098363",73,2019,80.0,1.0,1.0,3.0,2268249,1.0,1,2,1,5.0,,0.0,0,1969.0,A01,138Â 201Â 198,2.0,6.0,9.0,1731323,1.0,43,,0.0,2.0,6.0,B01,138Â 201Â 199,1.0
1014273,201900055804,7,13,15:22,1,1,1,1.0,2.0,73054,D902,M,"45,6935600","6,7098363",73,2019,80.0,1.0,1.0,3.0,2268250,1.0,1,1,1,5.0,,0.0,0,1960.0,B01,138Â 201Â 199,2.0,6.0,-1.0,1731322,1.0,33,,15.0,2.0,1.0,A01,138Â 201Â 198,1.0
1014273,201900055804,7,13,15:22,1,1,1,1.0,2.0,73054,D902,M,"45,6935600","6,7098363",73,2019,80.0,1.0,1.0,3.0,2268250,1.0,1,1,1,5.0,,0.0,0,1960.0,B01,138Â 201Â 199,2.0,6.0,-1.0,1731323,1.0,43,,0.0,2.0,6.0,B01,138Â 201Â 199,1.0
1014274,201900055805,7,13,02:50,3,1,1,1.0,6.0,73081,D911 Rue Henri Bouvier,M,"45,6768935","6,1445598",73,2019,80.0,3.0,1.0,3.0,2268251,1.0,1,3,2,5.0,,0.0,0,1994.0,A01,138Â 201Â 197,1.0,5.0,-1.0,1731324,1.0,7,,6.0,0.0,3.0,A01,138Â 201Â 197,1.0