Unnamed: 0_x,num_acc,mois,jour,hrmn,lum,agg,int,atm,col,com,adr,gps,lat,long,dep,annee,vma,situ,surf,catr,Unnamed: 0_y,place,catu,grav,sexe,trajet,secu,locp,actp,an_nais,num_veh_x,id_vehicule_x,secu1,secu2,secu3,Unnamed: 0,senc,catv,occutc,obs,obsm,choc,num_veh_y,id_vehicule_y,motor
1014275,201900055806,7,13,17:10,1,1,1,1.0,2.0,38468,"dÃ©partementale 4, salaise sur sanne",M,"45,3492340","4,7887640",38,2019,80.0,1.0,1.0,3.0,2268252,1.0,1,4,1,5.0,,0.0,0,1987.0,B01,138Â 201Â 195,1.0,-1.0,-1.0,1731325,1.0,7,,0.0,0.0,4.0,B01,138Â 201Â 195,1.0
1014275,201900055806,7,13,17:10,1,1,1,1.0,2.0,38468,"dÃ©partementale 4, salaise sur sanne",M,"45,3492340","4,7887640",38,2019,80.0,1.0,1.0,3.0,2268252,1.0,1,4,1,5.0,,0.0,0,1987.0,B01,138Â 201Â 195,1.0,-1.0,-1.0,1731326,1.0,7,,0.0,2.0,2.0,A01,138Â 201Â 196,1.0
1014275,201900055806,7,13,17:10,1,1,1,1.0,2.0,38468,"dÃ©partementale 4, salaise sur sanne",M,"45,3492340","4,7887640",38,2019,80.0,1.0,1.0,3.0,2268253,1.0,1,1,1,5.0,,0.0,0,1968.0,A01,138Â 201Â 196,1.0,-1.0,-1.0,1731325,1.0,7,,0.0,0.0,4.0,B01,138Â 201Â 195,1.0
1014275,201900055806,7,13,17:10,1,1,1,1.0,2.0,38468,"dÃ©partementale 4, salaise sur sanne",M,"45,3492340","4,7887640",38,2019,80.0,1.0,1.0,3.0,2268253,1.0,1,1,1,5.0,,0.0,0,1968.0,A01,138Â 201Â 196,1.0,-1.0,-1.0,1731326,1.0,7,,0.0,2.0,2.0,A01,138Â 201Â 196,1.0
1014276,201900055807,4,6,01:40,3,1,1,1.0,6.0,38425,MontÃ©e de Louze,M,"45,3999410","4,8084830",38,2019,80.0,3.0,1.0,2.0,2268254,1.0,1,3,1,0.0,,0.0,0,1981.0,A01,138Â 201Â 194,0.0,-1.0,-1.0,1731327,2.0,10,,8.0,0.0,2.0,A01,138Â 201Â 194,1.0
1014277,201900055808,7,11,22:35,4,2,1,1.0,3.0,38247,05 RUE DES CARRIÃRES,M,"45,8134740","5,4032990",38,2019,50.0,1.0,1.0,3.0,2268255,1.0,1,4,1,1.0,,0.0,0,1986.0,A01,138Â 201Â 192,2.0,6.0,-1.0,1731328,0.0,2,,0.0,2.0,3.0,A01,138Â 201Â 192,1.0
1014277,201900055808,7,11,22:35,4,2,1,1.0,3.0,38247,05 RUE DES CARRIÃRES,M,"45,8134740","5,4032990",38,2019,50.0,1.0,1.0,3.0,2268255,1.0,1,4,1,1.0,,0.0,0,1986.0,A01,138Â 201Â 192,2.0,6.0,-1.0,1731329,0.0,7,,0.0,2.0,3.0,B01,138Â 201Â 193,1.0
1014278,201900055809,7,13,18:00,1,1,1,1.0,2.0,69167,D 504,M,"46,0192100","4,5725340",69,2019,80.0,1.0,1.0,3.0,2268256,1.0,1,4,1,5.0,,0.0,0,1966.0,A01,138Â 201Â 190,2.0,6.0,9.0,1731330,1.0,33,,0.0,0.0,4.0,A01,138Â 201Â 190,1.0
1014278,201900055809,7,13,18:00,1,1,1,1.0,2.0,69167,D 504,M,"46,0192100","4,5725340",69,2019,80.0,1.0,1.0,3.0,2268256,1.0,1,4,1,5.0,,0.0,0,1966.0,A01,138Â 201Â 190,2.0,6.0,9.0,1731331,1.0,33,,0.0,2.0,1.0,B01,138Â 201Â 191,1.0
1014278,201900055809,7,13,18:00,1,1,1,1.0,2.0,69167,D 504,M,"46,0192100","4,5725340",69,2019,80.0,1.0,1.0,3.0,2268257,1.0,1,4,1,5.0,,0.0,0,1978.0,B01,138Â 201Â 191,2.0,6.0,9.0,1731330,1.0,33,,0.0,0.0,4.0,A01,138Â 201Â 190,1.0
1014278,201900055809,7,13,18:00,1,1,1,1.0,2.0,69167,D 504,M,"46,0192100","4,5725340",69,2019,80.0,1.0,1.0,3.0,2268257,1.0,1,4,1,5.0,,0.0,0,1978.0,B01,138Â 201Â 191,2.0,6.0,9.0,1731331,1.0,33,,0.0,2.0,1.0,B01,138Â 201Â 191,1.0
1014279,201900055810,7,13,10:45,1,2,1,1.0,7.0,69148,place de l'Ã©glise,M,"45,6590319","4,7187039",69,2019,50.0,1.0,1.0,3.0,2268258,1.0,1,1,1,0.0,,0.0,0,1975.0,A01,138Â 201Â 189,1.0,-1.0,-1.0,1731332,2.0,10,,0.0,1.0,2.0,A01,138Â 201Â 189,1.0
1014279,201900055810,7,13,10:45,1,2,1,1.0,7.0,69148,place de l'Ã©glise,M,"45,6590319","4,7187039",69,2019,50.0,1.0,1.0,3.0,2268259,10.0,3,4,1,3.0,,2.0,3,1935.0,A01,138Â 201Â 189,0.0,-1.0,-1.0,1731332,2.0,10,,0.0,1.0,2.0,A01,138Â 201Â 189,1.0
1014280,201900055811,7,10,02:35,4,2,1,1.0,6.0,17225,Route de la Fouasse,M,"45,7219260"," -1,1723290",17,2019,50.0,1.0,1.0,3.0,2268260,1.0,1,4,1,0.0,,0.0,0,1993.0,A01,138Â 201Â 188,2.0,-1.0,-1.0,1731333,1.0,2,,5.0,0.0,2.0,A01,138Â 201Â 188,1.0
1014280,201900055811,7,10,02:35,4,2,1,1.0,6.0,17225,Route de la Fouasse,M,"45,7219260"," -1,1723290",17,2019,50.0,1.0,1.0,3.0,2268261,2.0,2,1,1,5.0,,0.0,0,2002.0,A01,138Â 201Â 188,0.0,-1.0,-1.0,1731333,1.0,2,,5.0,0.0,2.0,A01,138Â 201Â 188,1.0
1014281,201900055812,7,12,09:40,1,2,1,7.0,3.0,33243,rue Jules VÃ©drines,M,"44,9068320"," -0,2350480",33,2019,50.0,1.0,1.0,4.0,2268262,1.0,1,4,1,0.0,,0.0,0,1933.0,B01,138Â 201Â 186,0.0,-1.0,-1.0,1731334,0.0,1,,0.0,2.0,7.0,B01,138Â 201Â 186,5.0
1014281,201900055812,7,12,09:40,1,2,1,7.0,3.0,33243,rue Jules VÃ©drines,M,"44,9068320"," -0,2350480",33,2019,50.0,1.0,1.0,4.0,2268262,1.0,1,4,1,0.0,,0.0,0,1933.0,B01,138Â 201Â 186,0.0,-1.0,-1.0,1731335,0.0,7,,0.0,2.0,8.0,A01,138Â 201Â 187,0.0
1014281,201900055812,7,12,09:40,1,2,1,7.0,3.0,33243,rue Jules VÃ©drines,M,"44,9068320"," -0,2350480",33,2019,50.0,1.0,1.0,4.0,2268263,1.0,1,1,2,0.0,,0.0,0,1980.0,A01,138Â 201Â 187,1.0,-1.0,-1.0,1731334,0.0,1,,0.0,2.0,7.0,B01,138Â 201Â 186,5.0
1014281,201900055812,7,12,09:40,1,2,1,7.0,3.0,33243,rue Jules VÃ©drines,M,"44,9068320"," -0,2350480",33,2019,50.0,1.0,1.0,4.0,2268263,1.0,1,1,2,0.0,,0.0,0,1980.0,A01,138Â 201Â 187,1.0,-1.0,-1.0,1731335,0.0,7,,0.0,2.0,8.0,A01,138Â 201Â 187,0.0
1014282,201900055813,7,14,05:20,2,1,1,1.0,6.0,72244,PK 20.900 CD 24,M,"47,7654040"," -0,3249840",72,2019,80.0,8.0,1.0,3.0,2268264,1.0,1,4,1,5.0,,0.0,0,1996.0,A01,138Â 201Â 185,1.0,-1.0,-1.0,1731336,2.0,7,,16.0,0.0,0.0,A01,138Â 201Â 185,1.0
1014282,201900055813,7,14,05:20,2,1,1,1.0,6.0,72244,PK 20.900 CD 24,M,"47,7654040"," -0,3249840",72,2019,80.0,8.0,1.0,3.0,2268265,3.0,2,3,1,5.0,,0.0,0,1996.0,A01,138Â 201Â 185,0.0,-1.0,-1.0,1731336,2.0,7,,16.0,0.0,0.0,A01,138Â 201Â 185,1.0
1014282,201900055813,7,14,05:20,2,1,1,1.0,6.0,72244,PK 20.900 CD 24,M,"47,7654040"," -0,3249840",72,2019,80.0,8.0,1.0,3.0,2268266,2.0,2,4,1,5.0,,0.0,0,1998.0,A01,138Â 201Â 185,1.0,-1.0,-1.0,1731336,2.0,7,,16.0,0.0,0.0,A01,138Â 201Â 185,1.0
1014282,201900055813,7,14,05:20,2,1,1,1.0,6.0,72244,PK 20.900 CD 24,M,"47,7654040"," -0,3249840",72,2019,80.0,8.0,1.0,3.0,2268267,5.0,2,3,1,5.0,,0.0,0,1996.0,A01,138Â 201Â 185,0.0,-1.0,-1.0,1731336,2.0,7,,16.0,0.0,0.0,A01,138Â 201Â 185,1.0
1014282,201900055813,7,14,05:20,2,1,1,1.0,6.0,72244,PK 20.900 CD 24,M,"47,7654040"," -0,3249840",72,2019,80.0,8.0,1.0,3.0,2268268,4.0,2,1,1,5.0,,0.0,0,1998.0,A01,138Â 201Â 185,0.0,-1.0,-1.0,1731336,2.0,7,,16.0,0.0,0.0,A01,138Â 201Â 185,1.0
1014283,201900055814,7,13,14:30,1,1,1,7.0,7.0,72151,CD 252,M,"47,8725960"," -0,3068240",72,2019,80.0,8.0,1.0,3.0,2268269,1.0,1,4,1,5.0,,0.0,0,1994.0,A01,138Â 201Â 184,2.0,-1.0,-1.0,1731337,2.0,33,,0.0,0.0,0.0,A01,138Â 201Â 184,1.0
1014284,201900055815,6,12,07:40,1,2,1,3.0,1.0,50294,Le vigny,M,"49,5957700"," -1,6484900",50,2019,80.0,1.0,2.0,3.0,2268270,1.0,1,3,2,1.0,,0.0,0,1975.0,B01,138Â 201Â 182,1.0,-1.0,-1.0,1731338,0.0,7,,0.0,2.0,1.0,B01,138Â 201Â 182,1.0
1014284,201900055815,6,12,07:40,1,2,1,3.0,1.0,50294,Le vigny,M,"49,5957700"," -1,6484900",50,2019,80.0,1.0,2.0,3.0,2268270,1.0,1,3,2,1.0,,0.0,0,1975.0,B01,138Â 201Â 182,1.0,-1.0,-1.0,1731339,0.0,7,,0.0,2.0,1.0,A01,138Â 201Â 183,1.0
1014284,201900055815,6,12,07:40,1,2,1,3.0,1.0,50294,Le vigny,M,"49,5957700"," -1,6484900",50,2019,80.0,1.0,2.0,3.0,2268271,1.0,1,1,1,1.0,,0.0,0,1994.0,A01,138Â 201Â 183,1.0,-1.0,-1.0,1731338,0.0,7,,0.0,2.0,1.0,B01,138Â 201Â 182,1.0
1014284,201900055815,6,12,07:40,1,2,1,3.0,1.0,50294,Le vigny,M,"49,5957700"," -1,6484900",50,2019,80.0,1.0,2.0,3.0,2268271,1.0,1,1,1,1.0,,0.0,0,1994.0,A01,138Â 201Â 183,1.0,-1.0,-1.0,1731339,0.0,7,,0.0,2.0,1.0,A01,138Â 201Â 183,1.0
1014285,201900055816,7,12,15:00,1,1,1,1.0,6.0,14240,Bois de catillon,M,"48,9474700"," -0,1682680",14,2019,80.0,3.0,1.0,3.0,2268272,1.0,1,2,1,5.0,,0.0,0,1945.0,A01,138Â 201Â 181,0.0,-1.0,-1.0,1731340,1.0,7,,2.0,0.0,3.0,A01,138Â 201Â 181,1.0
1014286,201900055817,7,13,09:37,1,1,1,1.0,7.0,14698,D37,M,"49,2122650"," -0,2162720",14,2019,80.0,3.0,1.0,3.0,2268273,1.0,1,2,1,5.0,,0.0,0,1962.0,A01,138Â 201Â 180,1.0,-1.0,-1.0,1731341,1.0,7,,0.0,0.0,2.0,A01,138Â 201Â 180,1.0
1014286,201900055817,7,13,09:37,1,1,1,1.0,7.0,14698,D37,M,"49,2122650"," -0,2162720",14,2019,80.0,3.0,1.0,3.0,2268274,2.0,2,1,2,5.0,,0.0,0,1964.0,A01,138Â 201Â 180,1.0,-1.0,-1.0,1731341,1.0,7,,0.0,0.0,2.0,A01,138Â 201Â 180,1.0
1014287,201900055818,7,13,17:15,1,1,1,1.0,6.0,14538,N158 sens Falaise Caen pr31+450,M,"49,0878020"," -0,3054290",14,2019,110.0,3.0,1.0,2.0,2268275,1.0,1,3,2,5.0,,0.0,0,1945.0,A01,138Â 201Â 179,1.0,-1.0,-1.0,1731342,1.0,7,,13.0,0.0,2.0,A01,138Â 201Â 179,1.0
1014288,201900055819,7,13,10:30,1,2,3,1.0,3.0,29006,avenue de la mer,M,"47,8741210"," -4,1052290",29,2019,30.0,1.0,1.0,4.0,2268276,1.0,1,1,2,5.0,,0.0,0,1959.0,B01,138Â 201Â 177,1.0,-1.0,-1.0,1731343,1.0,7,,0.0,2.0,8.0,B01,138Â 201Â 177,1.0
1014288,201900055819,7,13,10:30,1,2,3,1.0,3.0,29006,avenue de la mer,M,"47,8741210"," -4,1052290",29,2019,30.0,1.0,1.0,4.0,2268276,1.0,1,1,2,5.0,,0.0,0,1959.0,B01,138Â 201Â 177,1.0,-1.0,-1.0,1731344,1.0,2,,0.0,2.0,2.0,A01,138Â 201Â 178,1.0
1014288,201900055819,7,13,10:30,1,2,3,1.0,3.0,29006,avenue de la mer,M,"47,8741210"," -4,1052290",29,2019,30.0,1.0,1.0,4.0,2268277,1.0,1,3,1,1.0,,0.0,0,1962.0,A01,138Â 201Â 178,2.0,6.0,-1.0,1731343,1.0,7,,0.0,2.0,8.0,B01,138Â 201Â 177,1.0
1014288,201900055819,7,13,10:30,1,2,3,1.0,3.0,29006,avenue de la mer,M,"47,8741210"," -4,1052290",29,2019,30.0,1.0,1.0,4.0,2268277,1.0,1,3,1,1.0,,0.0,0,1962.0,A01,138Â 201Â 178,2.0,6.0,-1.0,1731344,1.0,2,,0.0,2.0,2.0,A01,138Â 201Â 178,1.0
1014289,201900055820,6,21,07:50,1,1,6,1.0,3.0,27410,Route Nationale 13,M,"49,0140130","1,2392910",27,2019,80.0,1.0,1.0,2.0,2268278,1.0,1,1,2,1.0,,0.0,0,1976.0,B01,138Â 201Â 174,1.0,-1.0,-1.0,1731345,2.0,7,,0.0,2.0,3.0,B01,138Â 201Â 174,1.0
1014289,201900055820,6,21,07:50,1,1,6,1.0,3.0,27410,Route Nationale 13,M,"49,0140130","1,2392910",27,2019,80.0,1.0,1.0,2.0,2268278,1.0,1,1,2,1.0,,0.0,0,1976.0,B01,138Â 201Â 174,1.0,-1.0,-1.0,1731346,2.0,33,,0.0,2.0,7.0,A01,138Â 201Â 175,1.0
1014289,201900055820,6,21,07:50,1,1,6,1.0,3.0,27410,Route Nationale 13,M,"49,0140130","1,2392910",27,2019,80.0,1.0,1.0,2.0,2268279,1.0,1,4,1,1.0,,0.0,0,1994.0,A01,138Â 201Â 175,2.0,6.0,9.0,1731345,2.0,7,,0.0,2.0,3.0,B01,138Â 201Â 174,1.0
1014289,201900055820,6,21,07:50,1,1,6,1.0,3.0,27410,Route Nationale 13,M,"49,0140130","1,2392910",27,2019,80.0,1.0,1.0,2.0,2268279,1.0,1,4,1,1.0,,0.0,0,1994.0,A01,138Â 201Â 175,2.0,6.0,9.0,1731346,2.0,33,,0.0,2.0,7.0,A01,138Â 201Â 175,1.0
1014290,201900055821,7,11,21:20,1,1,1,1.0,3.0,60446,RN2,M,"49,1307430","2,7949980",60,2019,110.0,1.0,1.0,2.0,2268280,1.0,1,1,1,4.0,,0.0,0,1988.0,B01,138Â 201Â 172,1.0,-1.0,-1.0,1731347,2.0,15,,0.0,2.0,3.0,B01,138Â 201Â 172,1.0
1014290,201900055821,7,11,21:20,1,1,1,1.0,3.0,60446,RN2,M,"49,1307430","2,7949980",60,2019,110.0,1.0,1.0,2.0,2268280,1.0,1,1,1,4.0,,0.0,0,1988.0,B01,138Â 201Â 172,1.0,-1.0,-1.0,1731348,2.0,7,,0.0,2.0,2.0,A01,138Â 201Â 173,1.0
1014290,201900055821,7,11,21:20,1,1,1,1.0,3.0,60446,RN2,M,"49,1307430","2,7949980",60,2019,110.0,1.0,1.0,2.0,2268281,1.0,1,4,2,1.0,,0.0,0,1979.0,A01,138Â 201Â 173,1.0,-1.0,-1.0,1731347,2.0,15,,0.0,2.0,3.0,B01,138Â 201Â 172,1.0
1014290,201900055821,7,11,21:20,1,1,1,1.0,3.0,60446,RN2,M,"49,1307430","2,7949980",60,2019,110.0,1.0,1.0,2.0,2268281,1.0,1,4,2,1.0,,0.0,0,1979.0,A01,138Â 201Â 173,1.0,-1.0,-1.0,1731348,2.0,7,,0.0,2.0,2.0,A01,138Â 201Â 173,1.0
1014291,201900055822,7,12,21:27,2,1,1,1.0,7.0,60018,D1001,M,"49,2468599","2,2100734",60,2019,50.0,8.0,1.0,3.0,2268282,1.0,1,2,1,0.0,,0.0,0,1979.0,A01,138Â 201Â 171,0.0,-1.0,-1.0,1731349,2.0,7,,16.0,0.0,9.0,A01,138Â 201Â 171,1.0
1014292,201900055823,7,12,08:25,1,2,3,1.0,3.0,59396,route d'avesnes,M,"50,2694010","3,8201370",59,2019,50.0,1.0,1.0,3.0,2268283,1.0,1,1,2,1.0,,0.0,0,1975.0,B01,138Â 201Â 169,1.0,-1.0,-1.0,1731350,2.0,7,,0.0,2.0,2.0,B01,138Â 201Â 169,1.0
1014292,201900055823,7,12,08:25,1,2,3,1.0,3.0,59396,route d'avesnes,M,"50,2694010","3,8201370",59,2019,50.0,1.0,1.0,3.0,2268283,1.0,1,1,2,1.0,,0.0,0,1975.0,B01,138Â 201Â 169,1.0,-1.0,-1.0,1731351,1.0,33,,0.0,2.0,7.0,A01,138Â 201Â 170,1.0
1014292,201900055823,7,12,08:25,1,2,3,1.0,3.0,59396,route d'avesnes,M,"50,2694010","3,8201370",59,2019,50.0,1.0,1.0,3.0,2268284,1.0,1,3,1,1.0,,0.0,0,1986.0,A01,138Â 201Â 170,2.0,6.0,-1.0,1731350,2.0,7,,0.0,2.0,2.0,B01,138Â 201Â 169,1.0
1014292,201900055823,7,12,08:25,1,2,3,1.0,3.0,59396,route d'avesnes,M,"50,2694010","3,8201370",59,2019,50.0,1.0,1.0,3.0,2268284,1.0,1,3,1,1.0,,0.0,0,1986.0,A01,138Â 201Â 170,2.0,6.0,-1.0,1731351,1.0,33,,0.0,2.0,7.0,A01,138Â 201Â 170,1.0
1014293,201900055824,7,13,17:00,1,1,1,1.0,5.0,13215,A7-Sens Lyon vers Marseille,M,"43,3786470","5,3554140",13,2019,90.0,1.0,1.0,1.0,2268285,4.0,2,1,1,5.0,,-1.0,0,2014.0,C01,138Â 201Â 166,3.0,0.0,-1.0,1731352,1.0,7,,0.0,2.0,2.0,C01,138Â 201Â 166,1.0
1014293,201900055824,7,13,17:00,1,1,1,1.0,5.0,13215,A7-Sens Lyon vers Marseille,M,"43,3786470","5,3554140",13,2019,90.0,1.0,1.0,1.0,2268285,4.0,2,1,1,5.0,,-1.0,0,2014.0,C01,138Â 201Â 166,3.0,0.0,-1.0,1731353,1.0,7,,4.0,2.0,6.0,B01,138Â 201Â 167,1.0
1014293,201900055824,7,13,17:00,1,1,1,1.0,5.0,13215,A7-Sens Lyon vers Marseille,M,"43,3786470","5,3554140",13,2019,90.0,1.0,1.0,1.0,2268285,4.0,2,1,1,5.0,,-1.0,0,2014.0,C01,138Â 201Â 166,3.0,0.0,-1.0,1731354,1.0,7,,0.0,2.0,2.0,A01,138Â 201Â 168,1.0
1014293,201900055824,7,13,17:00,1,1,1,1.0,5.0,13215,A7-Sens Lyon vers Marseille,M,"43,3786470","5,3554140",13,2019,90.0,1.0,1.0,1.0,2268286,3.0,2,1,1,5.0,,-1.0,0,2019.0,C01,138Â 201Â 166,3.0,0.0,-1.0,1731352,1.0,7,,0.0,2.0,2.0,C01,138Â 201Â 166,1.0
1014293,201900055824,7,13,17:00,1,1,1,1.0,5.0,13215,A7-Sens Lyon vers Marseille,M,"43,3786470","5,3554140",13,2019,90.0,1.0,1.0,1.0,2268286,3.0,2,1,1,5.0,,-1.0,0,2019.0,C01,138Â 201Â 166,3.0,0.0,-1.0,1731353,1.0,7,,4.0,2.0,6.0,B01,138Â 201Â 167,1.0
1014293,201900055824,7,13,17:00,1,1,1,1.0,5.0,13215,A7-Sens Lyon vers Marseille,M,"43,3786470","5,3554140",13,2019,90.0,1.0,1.0,1.0,2268286,3.0,2,1,1,5.0,,-1.0,0,2019.0,C01,138Â 201Â 166,3.0,0.0,-1.0,1731354,1.0,7,,0.0,2.0,2.0,A01,138Â 201Â 168,1.0
1014293,201900055824,7,13,17:00,1,1,1,1.0,5.0,13215,A7-Sens Lyon vers Marseille,M,"43,3786470","5,3554140",13,2019,90.0,1.0,1.0,1.0,2268287,1.0,1,1,2,5.0,,-1.0,0,1991.0,C01,138Â 201Â 166,1.0,0.0,-1.0,1731352,1.0,7,,0.0,2.0,2.0,C01,138Â 201Â 166,1.0
1014293,201900055824,7,13,17:00,1,1,1,1.0,5.0,13215,A7-Sens Lyon vers Marseille,M,"43,3786470","5,3554140",13,2019,90.0,1.0,1.0,1.0,2268287,1.0,1,1,2,5.0,,-1.0,0,1991.0,C01,138Â 201Â 166,1.0,0.0,-1.0,1731353,1.0,7,,4.0,2.0,6.0,B01,138Â 201Â 167,1.0
1014293,201900055824,7,13,17:00,1,1,1,1.0,5.0,13215,A7-Sens Lyon vers Marseille,M,"43,3786470","5,3554140",13,2019,90.0,1.0,1.0,1.0,2268287,1.0,1,1,2,5.0,,-1.0,0,1991.0,C01,138Â 201Â 166,1.0,0.0,-1.0,1731354,1.0,7,,0.0,2.0,2.0,A01,138Â 201Â 168,1.0
1014293,201900055824,7,13,17:00,1,1,1,1.0,5.0,13215,A7-Sens Lyon vers Marseille,M,"43,3786470","5,3554140",13,2019,90.0,1.0,1.0,1.0,2268288,4.0,2,4,2,5.0,,-1.0,0,2011.0,B01,138Â 201Â 167,3.0,0.0,-1.0,1731352,1.0,7,,0.0,2.0,2.0,C01,138Â 201Â 166,1.0
1014293,201900055824,7,13,17:00,1,1,1,1.0,5.0,13215,A7-Sens Lyon vers Marseille,M,"43,3786470","5,3554140",13,2019,90.0,1.0,1.0,1.0,2268288,4.0,2,4,2,5.0,,-1.0,0,2011.0,B01,138Â 201Â 167,3.0,0.0,-1.0,1731353,1.0,7,,4.0,2.0,6.0,B01,138Â 201Â 167,1.0
1014293,201900055824,7,13,17:00,1,1,1,1.0,5.0,13215,A7-Sens Lyon vers Marseille,M,"43,3786470","5,3554140",13,2019,90.0,1.0,1.0,1.0,2268288,4.0,2,4,2,5.0,,-1.0,0,2011.0,B01,138Â 201Â 167,3.0,0.0,-1.0,1731354,1.0,7,,0.0,2.0,2.0,A01,138Â 201Â 168,1.0
1014293,201900055824,7,13,17:00,1,1,1,1.0,5.0,13215,A7-Sens Lyon vers Marseille,M,"43,3786470","5,3554140",13,2019,90.0,1.0,1.0,1.0,2268289,3.0,2,4,1,5.0,,-1.0,0,2013.0,B01,138Â 201Â 167,3.0,0.0,-1.0,1731352,1.0,7,,0.0,2.0,2.0,C01,138Â 201Â 166,1.0
1014293,201900055824,7,13,17:00,1,1,1,1.0,5.0,13215,A7-Sens Lyon vers Marseille,M,"43,3786470","5,3554140",13,2019,90.0,1.0,1.0,1.0,2268289,3.0,2,4,1,5.0,,-1.0,0,2013.0,B01,138Â 201Â 167,3.0,0.0,-1.0,1731353,1.0,7,,4.0,2.0,6.0,B01,138Â 201Â 167,1.0
1014293,201900055824,7,13,17:00,1,1,1,1.0,5.0,13215,A7-Sens Lyon vers Marseille,M,"43,3786470","5,3554140",13,2019,90.0,1.0,1.0,1.0,2268289,3.0,2,4,1,5.0,,-1.0,0,2013.0,B01,138Â 201Â 167,3.0,0.0,-1.0,1731354,1.0,7,,0.0,2.0,2.0,A01,138Â 201Â 168,1.0
1014293,201900055824,7,13,17:00,1,1,1,1.0,5.0,13215,A7-Sens Lyon vers Marseille,M,"43,3786470","5,3554140",13,2019,90.0,1.0,1.0,1.0,2268290,2.0,2,4,2,5.0,,-1.0,0,1942.0,B01,138Â 201Â 167,1.0,0.0,-1.0,1731352,1.0,7,,0.0,2.0,2.0,C01,138Â 201Â 166,1.0
1014293,201900055824,7,13,17:00,1,1,1,1.0,5.0,13215,A7-Sens Lyon vers Marseille,M,"43,3786470","5,3554140",13,2019,90.0,1.0,1.0,1.0,2268290,2.0,2,4,2,5.0,,-1.0,0,1942.0,B01,138Â 201Â 167,1.0,0.0,-1.0,1731353,1.0,7,,4.0,2.0,6.0,B01,138Â 201Â 167,1.0
1014293,201900055824,7,13,17:00,1,1,1,1.0,5.0,13215,A7-Sens Lyon vers Marseille,M,"43,3786470","5,3554140",13,2019,90.0,1.0,1.0,1.0,2268290,2.0,2,4,2,5.0,,-1.0,0,1942.0,B01,138Â 201Â 167,1.0,0.0,-1.0,1731354,1.0,7,,0.0,2.0,2.0,A01,138Â 201Â 168,1.0
1014293,201900055824,7,13,17:00,1,1,1,1.0,5.0,13215,A7-Sens Lyon vers Marseille,M,"43,3786470","5,3554140",13,2019,90.0,1.0,1.0,1.0,2268291,1.0,1,4,2,5.0,,-1.0, -1,1982.0,B01,138Â 201Â 167,1.0,0.0,-1.0,1731352,1.0,7,,0.0,2.0,2.0,C01,138Â 201Â 166,1.0
1014293,201900055824,7,13,17:00,1,1,1,1.0,5.0,13215,A7-Sens Lyon vers Marseille,M,"43,3786470","5,3554140",13,2019,90.0,1.0,1.0,1.0,2268291,1.0,1,4,2,5.0,,-1.0, -1,1982.0,B01,138Â 201Â 167,1.0,0.0,-1.0,1731353,1.0,7,,4.0,2.0,6.0,B01,138Â 201Â 167,1.0
1014293,201900055824,7,13,17:00,1,1,1,1.0,5.0,13215,A7-Sens Lyon vers Marseille,M,"43,3786470","5,3554140",13,2019,90.0,1.0,1.0,1.0,2268291,1.0,1,4,2,5.0,,-1.0, -1,1982.0,B01,138Â 201Â 167,1.0,0.0,-1.0,1731354,1.0,7,,0.0,2.0,2.0,A01,138Â 201Â 168,1.0
1014293,201900055824,7,13,17:00,1,1,1,1.0,5.0,13215,A7-Sens Lyon vers Marseille,M,"43,3786470","5,3554140",13,2019,90.0,1.0,1.0,1.0,2268292,1.0,1,1,1,5.0,,-1.0,0,2000.0,A01,138Â 201Â 168,1.0,0.0,-1.0,1731352,1.0,7,,0.0,2.0,2.0,C01,138Â 201Â 166,1.0
1014293,201900055824,7,13,17:00,1,1,1,1.0,5.0,13215,A7-Sens Lyon vers Marseille,M,"43,3786470","5,3554140",13,2019,90.0,1.0,1.0,1.0,2268292,1.0,1,1,1,5.0,,-1.0,0,2000.0,A01,138Â 201Â 168,1.0,0.0,-1.0,1731353,1.0,7,,4.0,2.0,6.0,B01,138Â 201Â 167,1.0
1014293,201900055824,7,13,17:00,1,1,1,1.0,5.0,13215,A7-Sens Lyon vers Marseille,M,"43,3786470","5,3554140",13,2019,90.0,1.0,1.0,1.0,2268292,1.0,1,1,1,5.0,,-1.0,0,2000.0,A01,138Â 201Â 168,1.0,0.0,-1.0,1731354,1.0,7,,0.0,2.0,2.0,A01,138Â 201Â 168,1.0
1014293,201900055824,7,13,17:00,1,1,1,1.0,5.0,13215,A7-Sens Lyon vers Marseille,M,"43,3786470","5,3554140",13,2019,90.0,1.0,1.0,1.0,2268293,2.0,2,1,2,5.0,,-1.0,0,1997.0,A01,138Â 201Â 168,1.0,0.0,-1.0,1731352,1.0,7,,0.0,2.0,2.0,C01,138Â 201Â 166,1.0
1014293,201900055824,7,13,17:00,1,1,1,1.0,5.0,13215,A7-Sens Lyon vers Marseille,M,"43,3786470","5,3554140",13,2019,90.0,1.0,1.0,1.0,2268293,2.0,2,1,2,5.0,,-1.0,0,1997.0,A01,138Â 201Â 168,1.0,0.0,-1.0,1731353,1.0,7,,4.0,2.0,6.0,B01,138Â 201Â 167,1.0