Unnamed: 0_x,num_acc,mois,jour,hrmn,lum,agg,int,atm,col,com,adr,gps,lat,long,dep,annee,vma,situ,surf,catr,Unnamed: 0_y,place,catu,grav,sexe,trajet,secu,locp,actp,an_nais,num_veh_x,id_vehicule_x,secu1,secu2,secu3,Unnamed: 0,senc,catv,occutc,obs,obsm,choc,num_veh_y,id_vehicule_y,motor
1014293,201900055824,7,13,17:00,1,1,1,1.0,5.0,13215,A7-Sens Lyon vers Marseille,M,"43,3786470","5,3554140",13,2019,90.0,1.0,1.0,1.0,2268293,2.0,2,1,2,5.0,,-1.0,0,1997.0,A01,138Â 201Â 168,1.0,0.0,-1.0,1731354,1.0,7,,0.0,2.0,2.0,A01,138Â 201Â 168,1.0
1014294,201900055825,7,12,07:15,1,2,1,1.0,7.0,13210,A50-Sens Aubagne vers Marseille,M,"43,2858920","5,4274720",13,2019,50.0,1.0,1.0,1.0,2268294,2.0,2,4,2,5.0,,-1.0,0,1997.0,A01,138Â 201Â 165,8.0,0.0,-1.0,1731355,2.0,7,,4.0,0.0,3.0,A01,138Â 201Â 165,1.0
1014295,201900055826,7,12,19:40,1,1,1,1.0,2.0,13106,A51-Sens Aix en Provence vers Marseille,M,"43,4025800","5,3562200",13,2019,90.0,1.0,1.0,1.0,2268295,1.0,1,1,1,3.0,,-1.0,0,1983.0,A01,138Â 201Â 163,1.0,0.0,-1.0,1731356,2.0,7,,0.0,2.0,4.0,A01,138Â 201Â 163,1.0
1014295,201900055826,7,12,19:40,1,1,1,1.0,2.0,13106,A51-Sens Aix en Provence vers Marseille,M,"43,4025800","5,3562200",13,2019,90.0,1.0,1.0,1.0,2268295,1.0,1,1,1,3.0,,-1.0,0,1983.0,A01,138Â 201Â 163,1.0,0.0,-1.0,1731357,2.0,33,,0.0,2.0,1.0,B01,138Â 201Â 164,1.0
1014295,201900055826,7,12,19:40,1,1,1,1.0,2.0,13106,A51-Sens Aix en Provence vers Marseille,M,"43,4025800","5,3562200",13,2019,90.0,1.0,1.0,1.0,2268296,1.0,1,4,1,9.0,,-1.0,0,1998.0,B01,138Â 201Â 164,2.0,6.0,-1.0,1731356,2.0,7,,0.0,2.0,4.0,A01,138Â 201Â 163,1.0
1014295,201900055826,7,12,19:40,1,1,1,1.0,2.0,13106,A51-Sens Aix en Provence vers Marseille,M,"43,4025800","5,3562200",13,2019,90.0,1.0,1.0,1.0,2268296,1.0,1,4,1,9.0,,-1.0,0,1998.0,B01,138Â 201Â 164,2.0,6.0,-1.0,1731357,2.0,33,,0.0,2.0,1.0,B01,138Â 201Â 164,1.0
1014296,201900055827,7,12,11:10,1,1,1,1.0,4.0,13071,A51-Sens Aix en Provence vers Marseille,M,"43,4163120","5,3650340",13,2019,70.0,1.0,1.0,1.0,2268297,1.0,1,1,2,5.0,,-1.0,0,1969.0,C01,138Â 201Â 157,1.0,8.0,-1.0,1731358,2.0,7,,0.0,2.0,4.0,C01,138Â 201Â 157,1.0
1014296,201900055827,7,12,11:10,1,1,1,1.0,4.0,13071,A51-Sens Aix en Provence vers Marseille,M,"43,4163120","5,3650340",13,2019,70.0,1.0,1.0,1.0,2268297,1.0,1,1,2,5.0,,-1.0,0,1969.0,C01,138Â 201Â 157,1.0,8.0,-1.0,1731359,2.0,7,,0.0,2.0,4.0,B01,138Â 201Â 158,1.0
1014296,201900055827,7,12,11:10,1,1,1,1.0,4.0,13071,A51-Sens Aix en Provence vers Marseille,M,"43,4163120","5,3650340",13,2019,70.0,1.0,1.0,1.0,2268297,1.0,1,1,2,5.0,,-1.0,0,1969.0,C01,138Â 201Â 157,1.0,8.0,-1.0,1731360,2.0,7,,0.0,2.0,1.0,A01,138Â 201Â 159,1.0
1014296,201900055827,7,12,11:10,1,1,1,1.0,4.0,13071,A51-Sens Aix en Provence vers Marseille,M,"43,4163120","5,3650340",13,2019,70.0,1.0,1.0,1.0,2268298,1.0,1,4,1,5.0,,-1.0,0,1996.0,B01,138Â 201Â 158,1.0,8.0,-1.0,1731358,2.0,7,,0.0,2.0,4.0,C01,138Â 201Â 157,1.0
1014296,201900055827,7,12,11:10,1,1,1,1.0,4.0,13071,A51-Sens Aix en Provence vers Marseille,M,"43,4163120","5,3650340",13,2019,70.0,1.0,1.0,1.0,2268298,1.0,1,4,1,5.0,,-1.0,0,1996.0,B01,138Â 201Â 158,1.0,8.0,-1.0,1731359,2.0,7,,0.0,2.0,4.0,B01,138Â 201Â 158,1.0
1014296,201900055827,7,12,11:10,1,1,1,1.0,4.0,13071,A51-Sens Aix en Provence vers Marseille,M,"43,4163120","5,3650340",13,2019,70.0,1.0,1.0,1.0,2268298,1.0,1,4,1,5.0,,-1.0,0,1996.0,B01,138Â 201Â 158,1.0,8.0,-1.0,1731360,2.0,7,,0.0,2.0,1.0,A01,138Â 201Â 159,1.0
1014296,201900055827,7,12,11:10,1,1,1,1.0,4.0,13071,A51-Sens Aix en Provence vers Marseille,M,"43,4163120","5,3650340",13,2019,70.0,1.0,1.0,1.0,2268299,1.0,1,1,1,5.0,,-1.0,0,1962.0,A01,138Â 201Â 159,1.0,8.0,-1.0,1731358,2.0,7,,0.0,2.0,4.0,C01,138Â 201Â 157,1.0
1014296,201900055827,7,12,11:10,1,1,1,1.0,4.0,13071,A51-Sens Aix en Provence vers Marseille,M,"43,4163120","5,3650340",13,2019,70.0,1.0,1.0,1.0,2268299,1.0,1,1,1,5.0,,-1.0,0,1962.0,A01,138Â 201Â 159,1.0,8.0,-1.0,1731359,2.0,7,,0.0,2.0,4.0,B01,138Â 201Â 158,1.0
1014296,201900055827,7,12,11:10,1,1,1,1.0,4.0,13071,A51-Sens Aix en Provence vers Marseille,M,"43,4163120","5,3650340",13,2019,70.0,1.0,1.0,1.0,2268299,1.0,1,1,1,5.0,,-1.0,0,1962.0,A01,138Â 201Â 159,1.0,8.0,-1.0,1731360,2.0,7,,0.0,2.0,1.0,A01,138Â 201Â 159,1.0
1014296,201900055827,7,12,11:10,1,1,1,1.0,4.0,13071,A51-Sens Aix en Provence vers Marseille,M,"43,4163120","5,3650340",13,2019,70.0,1.0,1.0,1.0,2268300,2.0,2,4,2,5.0,,-1.0,0,1997.0,A01,138Â 201Â 159,1.0,8.0,-1.0,1731358,2.0,7,,0.0,2.0,4.0,C01,138Â 201Â 157,1.0
1014296,201900055827,7,12,11:10,1,1,1,1.0,4.0,13071,A51-Sens Aix en Provence vers Marseille,M,"43,4163120","5,3650340",13,2019,70.0,1.0,1.0,1.0,2268300,2.0,2,4,2,5.0,,-1.0,0,1997.0,A01,138Â 201Â 159,1.0,8.0,-1.0,1731359,2.0,7,,0.0,2.0,4.0,B01,138Â 201Â 158,1.0
1014296,201900055827,7,12,11:10,1,1,1,1.0,4.0,13071,A51-Sens Aix en Provence vers Marseille,M,"43,4163120","5,3650340",13,2019,70.0,1.0,1.0,1.0,2268300,2.0,2,4,2,5.0,,-1.0,0,1997.0,A01,138Â 201Â 159,1.0,8.0,-1.0,1731360,2.0,7,,0.0,2.0,1.0,A01,138Â 201Â 159,1.0
1014297,201900055828,6,18,18:18,1,1,1,1.0,3.0,69029,RD383   7.640 A 11.044,M,"45,7291100","4,8982800",69,2019,70.0,1.0,1.0,3.0,2268301,1.0,1,1,1,1.0,,-1.0,0,1967.0,A01,138Â 201Â 155,1.0,0.0,-1.0,1731361,2.0,7,,0.0,2.0,3.0,A01,138Â 201Â 155,1.0
1014297,201900055828,6,18,18:18,1,1,1,1.0,3.0,69029,RD383   7.640 A 11.044,M,"45,7291100","4,8982800",69,2019,70.0,1.0,1.0,3.0,2268301,1.0,1,1,1,1.0,,-1.0,0,1967.0,A01,138Â 201Â 155,1.0,0.0,-1.0,1731362,2.0,7,,4.0,2.0,5.0,B01,138Â 201Â 156,1.0
1014297,201900055828,6,18,18:18,1,1,1,1.0,3.0,69029,RD383   7.640 A 11.044,M,"45,7291100","4,8982800",69,2019,70.0,1.0,1.0,3.0,2268302,1.0,1,3,1,1.0,,-1.0,0,1964.0,B01,138Â 201Â 156,1.0,0.0,-1.0,1731361,2.0,7,,0.0,2.0,3.0,A01,138Â 201Â 155,1.0
1014297,201900055828,6,18,18:18,1,1,1,1.0,3.0,69029,RD383   7.640 A 11.044,M,"45,7291100","4,8982800",69,2019,70.0,1.0,1.0,3.0,2268302,1.0,1,3,1,1.0,,-1.0,0,1964.0,B01,138Â 201Â 156,1.0,0.0,-1.0,1731362,2.0,7,,4.0,2.0,5.0,B01,138Â 201Â 156,1.0
1014298,201900055829,7,9,17:08,1,1,1,1.0,5.0,67482,Autoroute A.35,M,"48,5802600","7,7243300",67,2019,90.0,1.0,1.0,1.0,2268303,1.0,1,1,1,4.0,,0.0,0,1971.0,C01,138Â 201Â 152,1.0,0.0,-1.0,1731363,2.0,7,,0.0,2.0,3.0,C01,138Â 201Â 152,3.0
1014298,201900055829,7,9,17:08,1,1,1,1.0,5.0,67482,Autoroute A.35,M,"48,5802600","7,7243300",67,2019,90.0,1.0,1.0,1.0,2268303,1.0,1,1,1,4.0,,0.0,0,1971.0,C01,138Â 201Â 152,1.0,0.0,-1.0,1731364,2.0,7,,0.0,2.0,6.0,B01,138Â 201Â 153,1.0
1014298,201900055829,7,9,17:08,1,1,1,1.0,5.0,67482,Autoroute A.35,M,"48,5802600","7,7243300",67,2019,90.0,1.0,1.0,1.0,2268303,1.0,1,1,1,4.0,,0.0,0,1971.0,C01,138Â 201Â 152,1.0,0.0,-1.0,1731365,2.0,17,,0.0,2.0,2.0,A01,138Â 201Â 154,1.0
1014298,201900055829,7,9,17:08,1,1,1,1.0,5.0,67482,Autoroute A.35,M,"48,5802600","7,7243300",67,2019,90.0,1.0,1.0,1.0,2268304,1.0,1,4,2,5.0,,0.0,0,1993.0,B01,138Â 201Â 153,1.0,8.0,-1.0,1731363,2.0,7,,0.0,2.0,3.0,C01,138Â 201Â 152,3.0
1014298,201900055829,7,9,17:08,1,1,1,1.0,5.0,67482,Autoroute A.35,M,"48,5802600","7,7243300",67,2019,90.0,1.0,1.0,1.0,2268304,1.0,1,4,2,5.0,,0.0,0,1993.0,B01,138Â 201Â 153,1.0,8.0,-1.0,1731364,2.0,7,,0.0,2.0,6.0,B01,138Â 201Â 153,1.0
1014298,201900055829,7,9,17:08,1,1,1,1.0,5.0,67482,Autoroute A.35,M,"48,5802600","7,7243300",67,2019,90.0,1.0,1.0,1.0,2268304,1.0,1,4,2,5.0,,0.0,0,1993.0,B01,138Â 201Â 153,1.0,8.0,-1.0,1731365,2.0,17,,0.0,2.0,2.0,A01,138Â 201Â 154,1.0
1014298,201900055829,7,9,17:08,1,1,1,1.0,5.0,67482,Autoroute A.35,M,"48,5802600","7,7243300",67,2019,90.0,1.0,1.0,1.0,2268305,1.0,1,1,1,4.0,,0.0,0,1959.0,A01,138Â 201Â 154,1.0,4.0,-1.0,1731363,2.0,7,,0.0,2.0,3.0,C01,138Â 201Â 152,3.0
1014298,201900055829,7,9,17:08,1,1,1,1.0,5.0,67482,Autoroute A.35,M,"48,5802600","7,7243300",67,2019,90.0,1.0,1.0,1.0,2268305,1.0,1,1,1,4.0,,0.0,0,1959.0,A01,138Â 201Â 154,1.0,4.0,-1.0,1731364,2.0,7,,0.0,2.0,6.0,B01,138Â 201Â 153,1.0
1014298,201900055829,7,9,17:08,1,1,1,1.0,5.0,67482,Autoroute A.35,M,"48,5802600","7,7243300",67,2019,90.0,1.0,1.0,1.0,2268305,1.0,1,1,1,4.0,,0.0,0,1959.0,A01,138Â 201Â 154,1.0,4.0,-1.0,1731365,2.0,17,,0.0,2.0,2.0,A01,138Â 201Â 154,1.0
1014299,201900055830,7,13,21:45,1,1,1,1.0,6.0,33013,ROUTE NATIONALE 230,M,"44,8668000"," -0,5038400",33,2019,50.0,1.0,1.0,2.0,2268306,1.0,1,4,1,0.0,,-1.0, -1,1963.0,A01,138Â 201Â 151,2.0,6.0,-1.0,1731366,1.0,31,,14.0,0.0,0.0,A01,138Â 201Â 151,1.0
1014300,201900055831,7,12,22:00,3,1,1,1.0,6.0,33162,ROCADE A 630,M,"44,8650500"," -0,6519500",33,2019,50.0,1.0,1.0,1.0,2268307,1.0,1,4,1,0.0,,-1.0, -1,1999.0,A01,138Â 201Â 150,2.0,6.0,-1.0,1731367,2.0,31,,0.0,0.0,1.0,A01,138Â 201Â 150,1.0
1014301,201900055832,7,12,07:20,1,1,1,1.0,3.0,33550,ROCADE A 630,M,"44,7786000"," -0,5544900",33,2019,90.0,1.0,1.0,1.0,2268308,1.0,1,4,1,1.0,,-1.0, -1,1990.0,B01,138Â 201Â 148,2.0,6.0,-1.0,1731368,2.0,31,,0.0,2.0,7.0,B01,138Â 201Â 148,1.0
1014301,201900055832,7,12,07:20,1,1,1,1.0,3.0,33550,ROCADE A 630,M,"44,7786000"," -0,5544900",33,2019,90.0,1.0,1.0,1.0,2268308,1.0,1,4,1,1.0,,-1.0, -1,1990.0,B01,138Â 201Â 148,2.0,6.0,-1.0,1731369,2.0,7,,0.0,2.0,6.0,A01,138Â 201Â 149,1.0
1014301,201900055832,7,12,07:20,1,1,1,1.0,3.0,33550,ROCADE A 630,M,"44,7786000"," -0,5544900",33,2019,90.0,1.0,1.0,1.0,2268309,2.0,2,1,1,5.0,,-1.0, -1,1998.0,A01,138Â 201Â 149,1.0,8.0,-1.0,1731368,2.0,31,,0.0,2.0,7.0,B01,138Â 201Â 148,1.0
1014301,201900055832,7,12,07:20,1,1,1,1.0,3.0,33550,ROCADE A 630,M,"44,7786000"," -0,5544900",33,2019,90.0,1.0,1.0,1.0,2268309,2.0,2,1,1,5.0,,-1.0, -1,1998.0,A01,138Â 201Â 149,1.0,8.0,-1.0,1731369,2.0,7,,0.0,2.0,6.0,A01,138Â 201Â 149,1.0
1014301,201900055832,7,12,07:20,1,1,1,1.0,3.0,33550,ROCADE A 630,M,"44,7786000"," -0,5544900",33,2019,90.0,1.0,1.0,1.0,2268310,1.0,1,1,1,5.0,,-1.0, -1,1997.0,A01,138Â 201Â 149,1.0,8.0,-1.0,1731368,2.0,31,,0.0,2.0,7.0,B01,138Â 201Â 148,1.0
1014301,201900055832,7,12,07:20,1,1,1,1.0,3.0,33550,ROCADE A 630,M,"44,7786000"," -0,5544900",33,2019,90.0,1.0,1.0,1.0,2268310,1.0,1,1,1,5.0,,-1.0, -1,1997.0,A01,138Â 201Â 149,1.0,8.0,-1.0,1731369,2.0,7,,0.0,2.0,6.0,A01,138Â 201Â 149,1.0
1014302,201900055833,7,13,10:30,1,1,1,1.0,3.0,91377,RD 188,M,"48,7274000","2,2882000",91,2019,70.0,3.0,1.0,3.0,2268311,1.0,1,1,1,0.0,,0.0,0,1984.0,A01,138Â 201Â 145,1.0,0.0,-1.0,1731370,1.0,10,,0.0,2.0,2.0,A01,138Â 201Â 145,1.0
1014302,201900055833,7,13,10:30,1,1,1,1.0,3.0,91377,RD 188,M,"48,7274000","2,2882000",91,2019,70.0,3.0,1.0,3.0,2268311,1.0,1,1,1,0.0,,0.0,0,1984.0,A01,138Â 201Â 145,1.0,0.0,-1.0,1731371,1.0,1,,0.0,2.0,4.0,B01,138Â 201Â 146,5.0
1014302,201900055833,7,13,10:30,1,1,1,1.0,3.0,91377,RD 188,M,"48,7274000","2,2882000",91,2019,70.0,3.0,1.0,3.0,2268312,1.0,1,4,1,0.0,,0.0,0,1947.0,B01,138Â 201Â 146,2.0,0.0,-1.0,1731370,1.0,10,,0.0,2.0,2.0,A01,138Â 201Â 145,1.0
1014302,201900055833,7,13,10:30,1,1,1,1.0,3.0,91377,RD 188,M,"48,7274000","2,2882000",91,2019,70.0,3.0,1.0,3.0,2268312,1.0,1,4,1,0.0,,0.0,0,1947.0,B01,138Â 201Â 146,2.0,0.0,-1.0,1731371,1.0,1,,0.0,2.0,4.0,B01,138Â 201Â 146,5.0
1014303,201900055834,7,12,17:20,1,1,1,1.0,2.0,91534,RN 118,M,"48,7345000","2,1712000",91,2019,90.0,3.0,1.0,2.0,2268313,1.0,1,4,1,0.0,,0.0,0,1993.0,B01,138Â 201Â 143,2.0,0.0,-1.0,1731372,1.0,33,,0.0,2.0,1.0,B01,138Â 201Â 143,1.0
1014303,201900055834,7,12,17:20,1,1,1,1.0,2.0,91534,RN 118,M,"48,7345000","2,1712000",91,2019,90.0,3.0,1.0,2.0,2268313,1.0,1,4,1,0.0,,0.0,0,1993.0,B01,138Â 201Â 143,2.0,0.0,-1.0,1731373,1.0,7,,0.0,2.0,4.0,A01,138Â 201Â 144,1.0
1014303,201900055834,7,12,17:20,1,1,1,1.0,2.0,91534,RN 118,M,"48,7345000","2,1712000",91,2019,90.0,3.0,1.0,2.0,2268314,1.0,1,1,1,0.0,,0.0,0,1970.0,A01,138Â 201Â 144,1.0,0.0,-1.0,1731372,1.0,33,,0.0,2.0,1.0,B01,138Â 201Â 143,1.0
1014303,201900055834,7,12,17:20,1,1,1,1.0,2.0,91534,RN 118,M,"48,7345000","2,1712000",91,2019,90.0,3.0,1.0,2.0,2268314,1.0,1,1,1,0.0,,0.0,0,1970.0,A01,138Â 201Â 144,1.0,0.0,-1.0,1731373,1.0,7,,0.0,2.0,4.0,A01,138Â 201Â 144,1.0
1014304,201900055835,7,12,14:15,1,1,1,1.0,3.0,91235,RN 104,M,"48,6246200","2,3729480",91,2019,110.0,3.0,1.0,2.0,2268315,1.0,1,4,1,1.0,,0.0,0,1972.0,B01,138Â 201Â 141,1.0,0.0,-1.0,1731374,1.0,7,,0.0,2.0,7.0,B01,138Â 201Â 141,1.0
1014304,201900055835,7,12,14:15,1,1,1,1.0,3.0,91235,RN 104,M,"48,6246200","2,3729480",91,2019,110.0,3.0,1.0,2.0,2268315,1.0,1,4,1,1.0,,0.0,0,1972.0,B01,138Â 201Â 141,1.0,0.0,-1.0,1731375,1.0,7,,0.0,2.0,3.0,A01,138Â 201Â 142,1.0
1014304,201900055835,7,12,14:15,1,1,1,1.0,3.0,91235,RN 104,M,"48,6246200","2,3729480",91,2019,110.0,3.0,1.0,2.0,2268316,1.0,1,4,2,1.0,,0.0,0,1996.0,A01,138Â 201Â 142,1.0,0.0,-1.0,1731374,1.0,7,,0.0,2.0,7.0,B01,138Â 201Â 141,1.0
1014304,201900055835,7,12,14:15,1,1,1,1.0,3.0,91235,RN 104,M,"48,6246200","2,3729480",91,2019,110.0,3.0,1.0,2.0,2268316,1.0,1,4,2,1.0,,0.0,0,1996.0,A01,138Â 201Â 142,1.0,0.0,-1.0,1731375,1.0,7,,0.0,2.0,3.0,A01,138Â 201Â 142,1.0
1014305,201900055836,7,12,11:30,5,1,1,1.0,4.0,94034,AUTOROUTE A86,M,"48,7581300","2,3265300",94,2019,70.0,1.0,1.0,1.0,2268317,1.0,1,1,2,5.0,,-1.0,0,1988.0,C01,138Â 201Â 138,1.0,0.0,-1.0,1731376,2.0,10,,0.0,2.0,4.0,C01,138Â 201Â 138,1.0
1014305,201900055836,7,12,11:30,5,1,1,1.0,4.0,94034,AUTOROUTE A86,M,"48,7581300","2,3265300",94,2019,70.0,1.0,1.0,1.0,2268317,1.0,1,1,2,5.0,,-1.0,0,1988.0,C01,138Â 201Â 138,1.0,0.0,-1.0,1731377,2.0,7,,0.0,2.0,4.0,B01,138Â 201Â 139,1.0
1014305,201900055836,7,12,11:30,5,1,1,1.0,4.0,94034,AUTOROUTE A86,M,"48,7581300","2,3265300",94,2019,70.0,1.0,1.0,1.0,2268317,1.0,1,1,2,5.0,,-1.0,0,1988.0,C01,138Â 201Â 138,1.0,0.0,-1.0,1731378,2.0,7,,0.0,2.0,1.0,A01,138Â 201Â 140,1.0
1014305,201900055836,7,12,11:30,5,1,1,1.0,4.0,94034,AUTOROUTE A86,M,"48,7581300","2,3265300",94,2019,70.0,1.0,1.0,1.0,2268318,1.0,1,4,1,5.0,,-1.0,0,1995.0,B01,138Â 201Â 139,1.0,0.0,-1.0,1731376,2.0,10,,0.0,2.0,4.0,C01,138Â 201Â 138,1.0
1014305,201900055836,7,12,11:30,5,1,1,1.0,4.0,94034,AUTOROUTE A86,M,"48,7581300","2,3265300",94,2019,70.0,1.0,1.0,1.0,2268318,1.0,1,4,1,5.0,,-1.0,0,1995.0,B01,138Â 201Â 139,1.0,0.0,-1.0,1731377,2.0,7,,0.0,2.0,4.0,B01,138Â 201Â 139,1.0
1014305,201900055836,7,12,11:30,5,1,1,1.0,4.0,94034,AUTOROUTE A86,M,"48,7581300","2,3265300",94,2019,70.0,1.0,1.0,1.0,2268318,1.0,1,4,1,5.0,,-1.0,0,1995.0,B01,138Â 201Â 139,1.0,0.0,-1.0,1731378,2.0,7,,0.0,2.0,1.0,A01,138Â 201Â 140,1.0
1014305,201900055836,7,12,11:30,5,1,1,1.0,4.0,94034,AUTOROUTE A86,M,"48,7581300","2,3265300",94,2019,70.0,1.0,1.0,1.0,2268319,1.0,1,4,1,5.0,,-1.0,0,1949.0,A01,138Â 201Â 140,1.0,0.0,-1.0,1731376,2.0,10,,0.0,2.0,4.0,C01,138Â 201Â 138,1.0
1014305,201900055836,7,12,11:30,5,1,1,1.0,4.0,94034,AUTOROUTE A86,M,"48,7581300","2,3265300",94,2019,70.0,1.0,1.0,1.0,2268319,1.0,1,4,1,5.0,,-1.0,0,1949.0,A01,138Â 201Â 140,1.0,0.0,-1.0,1731377,2.0,7,,0.0,2.0,4.0,B01,138Â 201Â 139,1.0
1014305,201900055836,7,12,11:30,5,1,1,1.0,4.0,94034,AUTOROUTE A86,M,"48,7581300","2,3265300",94,2019,70.0,1.0,1.0,1.0,2268319,1.0,1,4,1,5.0,,-1.0,0,1949.0,A01,138Â 201Â 140,1.0,0.0,-1.0,1731378,2.0,7,,0.0,2.0,1.0,A01,138Â 201Â 140,1.0
1014306,201900055837,7,11,12:38,1,1,1,1.0,7.0,91477,AUTOROUTE A10,M,"48,7136800","2,2528800",91,2019,70.0,3.0,1.0,1.0,2268320,2.0,2,4,2,5.0,,0.0,0,1968.0,A01,138Â 201Â 137,1.0,0.0,-1.0,1731379,1.0,7,,1.0,0.0,1.0,A01,138Â 201Â 137,1.0
1014306,201900055837,7,11,12:38,1,1,1,1.0,7.0,91477,AUTOROUTE A10,M,"48,7136800","2,2528800",91,2019,70.0,3.0,1.0,1.0,2268321,1.0,1,3,1,5.0,,0.0,0,1964.0,A01,138Â 201Â 137,1.0,0.0,-1.0,1731379,1.0,7,,1.0,0.0,1.0,A01,138Â 201Â 137,1.0
1014306,201900055837,7,11,12:38,1,1,1,1.0,7.0,91477,AUTOROUTE A10,M,"48,7136800","2,2528800",91,2019,70.0,3.0,1.0,1.0,2268322,3.0,2,4,1,5.0,,0.0,0,2002.0,A01,138Â 201Â 137,1.0,0.0,-1.0,1731379,1.0,7,,1.0,0.0,1.0,A01,138Â 201Â 137,1.0
1014307,201900055838,7,11,09:00,1,1,9,8.0,3.0,94021,AUTOROUTE A106,M,"48,7676300","2,3452500",94,2019,90.0,1.0,1.0,1.0,2268323,1.0,1,4,2,1.0,,-1.0,0,1967.0,A01,138Â 201Â 135,2.0,6.0,-1.0,1731380,2.0,31,,0.0,2.0,2.0,A01,138Â 201Â 135,1.0
1014307,201900055838,7,11,09:00,1,1,9,8.0,3.0,94021,AUTOROUTE A106,M,"48,7676300","2,3452500",94,2019,90.0,1.0,1.0,1.0,2268323,1.0,1,4,2,1.0,,-1.0,0,1967.0,A01,138Â 201Â 135,2.0,6.0,-1.0,1731381,1.0,7,,0.0,2.0,8.0,B01,138Â 201Â 136,1.0
1014307,201900055838,7,11,09:00,1,1,9,8.0,3.0,94021,AUTOROUTE A106,M,"48,7676300","2,3452500",94,2019,90.0,1.0,1.0,1.0,2268324,1.0,1,1,1,1.0,,-1.0,0,1981.0,B01,138Â 201Â 136,1.0,8.0,-1.0,1731380,2.0,31,,0.0,2.0,2.0,A01,138Â 201Â 135,1.0
1014307,201900055838,7,11,09:00,1,1,9,8.0,3.0,94021,AUTOROUTE A106,M,"48,7676300","2,3452500",94,2019,90.0,1.0,1.0,1.0,2268324,1.0,1,1,1,1.0,,-1.0,0,1981.0,B01,138Â 201Â 136,1.0,8.0,-1.0,1731381,1.0,7,,0.0,2.0,8.0,B01,138Â 201Â 136,1.0
1014308,201900055839,7,13,20:55,2,1,1,1.0,3.0,78126,A13,M,"48,8396870","2,1176760",78,2019,50.0,1.0,1.0,1.0,2268325,1.0,1,4,1,0.0,,-1.0,0,1993.0,A01,138Â 201Â 133,2.0,6.0,-1.0,1731382,1.0,33,,0.0,2.0,8.0,A01,138Â 201Â 133,1.0
1014308,201900055839,7,13,20:55,2,1,1,1.0,3.0,78126,A13,M,"48,8396870","2,1176760",78,2019,50.0,1.0,1.0,1.0,2268325,1.0,1,4,1,0.0,,-1.0,0,1993.0,A01,138Â 201Â 133,2.0,6.0,-1.0,1731383,1.0,7,,0.0,2.0,8.0,B01,138Â 201Â 134,1.0
1014308,201900055839,7,13,20:55,2,1,1,1.0,3.0,78126,A13,M,"48,8396870","2,1176760",78,2019,50.0,1.0,1.0,1.0,2268326,1.0,1,1,2,0.0,,-1.0,0,1946.0,B01,138Â 201Â 134,1.0,0.0,-1.0,1731382,1.0,33,,0.0,2.0,8.0,A01,138Â 201Â 133,1.0
1014308,201900055839,7,13,20:55,2,1,1,1.0,3.0,78126,A13,M,"48,8396870","2,1176760",78,2019,50.0,1.0,1.0,1.0,2268326,1.0,1,1,2,0.0,,-1.0,0,1946.0,B01,138Â 201Â 134,1.0,0.0,-1.0,1731383,1.0,7,,0.0,2.0,8.0,B01,138Â 201Â 134,1.0
1014309,201900055840,7,13,09:39,1,1,1,1.0,2.0,78043,A12 W,M,"48,8365830","2,0893460",78,2019,90.0,3.0,1.0,1.0,2268327,1.0,1,1,1,5.0,,-1.0,0,1962.0,B01,138Â 201Â 131,1.0,8.0,-1.0,1731384,1.0,7,,0.0,2.0,4.0,B01,138Â 201Â 131,1.0
1014309,201900055840,7,13,09:39,1,1,1,1.0,2.0,78043,A12 W,M,"48,8365830","2,0893460",78,2019,90.0,3.0,1.0,1.0,2268327,1.0,1,1,1,5.0,,-1.0,0,1962.0,B01,138Â 201Â 131,1.0,8.0,-1.0,1731385,1.0,7,,0.0,2.0,1.0,A01,138Â 201Â 132,1.0
1014309,201900055840,7,13,09:39,1,1,1,1.0,2.0,78043,A12 W,M,"48,8365830","2,0893460",78,2019,90.0,3.0,1.0,1.0,2268328,2.0,2,4,2,5.0,,-1.0,0,1962.0,B01,138Â 201Â 131,1.0,8.0,-1.0,1731384,1.0,7,,0.0,2.0,4.0,B01,138Â 201Â 131,1.0
1014309,201900055840,7,13,09:39,1,1,1,1.0,2.0,78043,A12 W,M,"48,8365830","2,0893460",78,2019,90.0,3.0,1.0,1.0,2268328,2.0,2,4,2,5.0,,-1.0,0,1962.0,B01,138Â 201Â 131,1.0,8.0,-1.0,1731385,1.0,7,,0.0,2.0,1.0,A01,138Â 201Â 132,1.0
1014309,201900055840,7,13,09:39,1,1,1,1.0,2.0,78043,A12 W,M,"48,8365830","2,0893460",78,2019,90.0,3.0,1.0,1.0,2268329,1.0,1,1,1,5.0,,-1.0,0,1977.0,A01,138Â 201Â 132,1.0,8.0,-1.0,1731384,1.0,7,,0.0,2.0,4.0,B01,138Â 201Â 131,1.0
1014309,201900055840,7,13,09:39,1,1,1,1.0,2.0,78043,A12 W,M,"48,8365830","2,0893460",78,2019,90.0,3.0,1.0,1.0,2268329,1.0,1,1,1,5.0,,-1.0,0,1977.0,A01,138Â 201Â 132,1.0,8.0,-1.0,1731385,1.0,7,,0.0,2.0,1.0,A01,138Â 201Â 132,1.0