Unnamed: 0_x,num_acc,mois,jour,hrmn,lum,agg,int,atm,col,com,adr,gps,lat,long,dep,annee,vma,situ,surf,catr,Unnamed: 0_y,place,catu,grav,sexe,trajet,secu,locp,actp,an_nais,num_veh_x,id_vehicule_x,secu1,secu2,secu3,Unnamed: 0,senc,catv,occutc,obs,obsm,choc,num_veh_y,id_vehicule_y,motor
1014310,201900055841,7,12,16:20,1,1,1,1.0,4.0,92036,A86,M,"48,9359905","2,2883487",92,2019,90.0,1.0,1.0,1.0,2268330,1.0,1,1,1,5.0,,-1.0,0,1980.0,C01,138Â 201Â 128,1.0,8.0,-1.0,1731386,2.0,7,,0.0,2.0,4.0,C01,138Â 201Â 128,1.0
1014310,201900055841,7,12,16:20,1,1,1,1.0,4.0,92036,A86,M,"48,9359905","2,2883487",92,2019,90.0,1.0,1.0,1.0,2268330,1.0,1,1,1,5.0,,-1.0,0,1980.0,C01,138Â 201Â 128,1.0,8.0,-1.0,1731387,2.0,7,,0.0,2.0,4.0,B01,138Â 201Â 129,1.0
1014310,201900055841,7,12,16:20,1,1,1,1.0,4.0,92036,A86,M,"48,9359905","2,2883487",92,2019,90.0,1.0,1.0,1.0,2268330,1.0,1,1,1,5.0,,-1.0,0,1980.0,C01,138Â 201Â 128,1.0,8.0,-1.0,1731388,2.0,7,,0.0,2.0,1.0,A01,138Â 201Â 130,1.0
1014310,201900055841,7,12,16:20,1,1,1,1.0,4.0,92036,A86,M,"48,9359905","2,2883487",92,2019,90.0,1.0,1.0,1.0,2268331,3.0,2,4,1,5.0,,-1.0,0,2016.0,C01,138Â 201Â 128,1.0,8.0,-1.0,1731386,2.0,7,,0.0,2.0,4.0,C01,138Â 201Â 128,1.0
1014310,201900055841,7,12,16:20,1,1,1,1.0,4.0,92036,A86,M,"48,9359905","2,2883487",92,2019,90.0,1.0,1.0,1.0,2268331,3.0,2,4,1,5.0,,-1.0,0,2016.0,C01,138Â 201Â 128,1.0,8.0,-1.0,1731387,2.0,7,,0.0,2.0,4.0,B01,138Â 201Â 129,1.0
1014310,201900055841,7,12,16:20,1,1,1,1.0,4.0,92036,A86,M,"48,9359905","2,2883487",92,2019,90.0,1.0,1.0,1.0,2268331,3.0,2,4,1,5.0,,-1.0,0,2016.0,C01,138Â 201Â 128,1.0,8.0,-1.0,1731388,2.0,7,,0.0,2.0,1.0,A01,138Â 201Â 130,1.0
1014310,201900055841,7,12,16:20,1,1,1,1.0,4.0,92036,A86,M,"48,9359905","2,2883487",92,2019,90.0,1.0,1.0,1.0,2268332,1.0,1,4,2,5.0,,-1.0,0,1969.0,B01,138Â 201Â 129,1.0,0.0,-1.0,1731386,2.0,7,,0.0,2.0,4.0,C01,138Â 201Â 128,1.0
1014310,201900055841,7,12,16:20,1,1,1,1.0,4.0,92036,A86,M,"48,9359905","2,2883487",92,2019,90.0,1.0,1.0,1.0,2268332,1.0,1,4,2,5.0,,-1.0,0,1969.0,B01,138Â 201Â 129,1.0,0.0,-1.0,1731387,2.0,7,,0.0,2.0,4.0,B01,138Â 201Â 129,1.0
1014310,201900055841,7,12,16:20,1,1,1,1.0,4.0,92036,A86,M,"48,9359905","2,2883487",92,2019,90.0,1.0,1.0,1.0,2268332,1.0,1,4,2,5.0,,-1.0,0,1969.0,B01,138Â 201Â 129,1.0,0.0,-1.0,1731388,2.0,7,,0.0,2.0,1.0,A01,138Â 201Â 130,1.0
1014310,201900055841,7,12,16:20,1,1,1,1.0,4.0,92036,A86,M,"48,9359905","2,2883487",92,2019,90.0,1.0,1.0,1.0,2268333,1.0,1,1,1,5.0,,-1.0,0,1998.0,A01,138Â 201Â 130,1.0,8.0,-1.0,1731386,2.0,7,,0.0,2.0,4.0,C01,138Â 201Â 128,1.0
1014310,201900055841,7,12,16:20,1,1,1,1.0,4.0,92036,A86,M,"48,9359905","2,2883487",92,2019,90.0,1.0,1.0,1.0,2268333,1.0,1,1,1,5.0,,-1.0,0,1998.0,A01,138Â 201Â 130,1.0,8.0,-1.0,1731387,2.0,7,,0.0,2.0,4.0,B01,138Â 201Â 129,1.0
1014310,201900055841,7,12,16:20,1,1,1,1.0,4.0,92036,A86,M,"48,9359905","2,2883487",92,2019,90.0,1.0,1.0,1.0,2268333,1.0,1,1,1,5.0,,-1.0,0,1998.0,A01,138Â 201Â 130,1.0,8.0,-1.0,1731388,2.0,7,,0.0,2.0,1.0,A01,138Â 201Â 130,1.0
1014311,201900055842,7,11,18:35,1,1,1,1.0,2.0,78238,A13,M,"48,9690000","1,8632900",78,2019,130.0,1.0,1.0,1.0,2268334,2.0,2,1,1,0.0,,-1.0,0,1973.0,A01,138Â 201Â 126,1.0,0.0,-1.0,1731389,2.0,13,,0.0,2.0,1.0,A01,138Â 201Â 126,1.0
1014311,201900055842,7,11,18:35,1,1,1,1.0,2.0,78238,A13,M,"48,9690000","1,8632900",78,2019,130.0,1.0,1.0,1.0,2268334,2.0,2,1,1,0.0,,-1.0,0,1973.0,A01,138Â 201Â 126,1.0,0.0,-1.0,1731390,2.0,7,,0.0,0.0,0.0,B01,138Â 201Â 127,1.0
1014311,201900055842,7,11,18:35,1,1,1,1.0,2.0,78238,A13,M,"48,9690000","1,8632900",78,2019,130.0,1.0,1.0,1.0,2268335,1.0,1,1,1,4.0,,-1.0,0,1989.0,A01,138Â 201Â 126,1.0,0.0,-1.0,1731389,2.0,13,,0.0,2.0,1.0,A01,138Â 201Â 126,1.0
1014311,201900055842,7,11,18:35,1,1,1,1.0,2.0,78238,A13,M,"48,9690000","1,8632900",78,2019,130.0,1.0,1.0,1.0,2268335,1.0,1,1,1,4.0,,-1.0,0,1989.0,A01,138Â 201Â 126,1.0,0.0,-1.0,1731390,2.0,7,,0.0,0.0,0.0,B01,138Â 201Â 127,1.0
1014311,201900055842,7,11,18:35,1,1,1,1.0,2.0,78238,A13,M,"48,9690000","1,8632900",78,2019,130.0,1.0,1.0,1.0,2268336,2.0,2,4,1,5.0,,-1.0,0,1927.0,B01,138Â 201Â 127,1.0,8.0,-1.0,1731389,2.0,13,,0.0,2.0,1.0,A01,138Â 201Â 126,1.0
1014311,201900055842,7,11,18:35,1,1,1,1.0,2.0,78238,A13,M,"48,9690000","1,8632900",78,2019,130.0,1.0,1.0,1.0,2268336,2.0,2,4,1,5.0,,-1.0,0,1927.0,B01,138Â 201Â 127,1.0,8.0,-1.0,1731390,2.0,7,,0.0,0.0,0.0,B01,138Â 201Â 127,1.0
1014311,201900055842,7,11,18:35,1,1,1,1.0,2.0,78238,A13,M,"48,9690000","1,8632900",78,2019,130.0,1.0,1.0,1.0,2268337,1.0,1,4,1,5.0,,-1.0,0,1965.0,B01,138Â 201Â 127,1.0,0.0,-1.0,1731389,2.0,13,,0.0,2.0,1.0,A01,138Â 201Â 126,1.0
1014311,201900055842,7,11,18:35,1,1,1,1.0,2.0,78238,A13,M,"48,9690000","1,8632900",78,2019,130.0,1.0,1.0,1.0,2268337,1.0,1,4,1,5.0,,-1.0,0,1965.0,B01,138Â 201Â 127,1.0,0.0,-1.0,1731390,2.0,7,,0.0,0.0,0.0,B01,138Â 201Â 127,1.0
1014312,201900055843,7,11,16:30,1,1,1,1.0,7.0,92050,A14,M,"48,9025139","2,2007232",92,2019,50.0,1.0,1.0,1.0,2268338,1.0,1,4,1,0.0,,-1.0,0,1982.0,A01,138Â 201Â 125,2.0,6.0,-1.0,1731391,3.0,31,,12.0,0.0,8.0,A01,138Â 201Â 125,1.0
1014313,201900055844,7,11,11:10,1,1,1,1.0,6.0,78418,A14,M,"48,9163160","2,1281890",78,2019,110.0,1.0,1.0,1.0,2268339,2.0,2,4,1,4.0,,-1.0,0,1988.0,A01,138Â 201Â 124,1.0,8.0,-1.0,1731392,2.0,13,,3.0,0.0,2.0,A01,138Â 201Â 124,1.0
1014313,201900055844,7,11,11:10,1,1,1,1.0,6.0,78418,A14,M,"48,9163160","2,1281890",78,2019,110.0,1.0,1.0,1.0,2268340,1.0,1,4,1,4.0,,-1.0,0,1984.0,A01,138Â 201Â 124,1.0,8.0,-1.0,1731392,2.0,13,,3.0,0.0,2.0,A01,138Â 201Â 124,1.0
1014314,201900055845,7,11,06:30,2,1,1,1.0,6.0,78490,RN12 EXT,M,"48,8012700","1,9428800",78,2019,110.0,1.0,1.0,2.0,2268341,1.0,1,1,2,0.0,,-1.0,0,1990.0,B01,138Â 201Â 122,1.0,0.0,-1.0,1731393,2.0,7,,0.0,2.0,2.0,B01,138Â 201Â 122,1.0
1014314,201900055845,7,11,06:30,2,1,1,1.0,6.0,78490,RN12 EXT,M,"48,8012700","1,9428800",78,2019,110.0,1.0,1.0,2.0,2268341,1.0,1,1,2,0.0,,-1.0,0,1990.0,B01,138Â 201Â 122,1.0,0.0,-1.0,1731394,2.0,33,,0.0,2.0,3.0,A01,138Â 201Â 123,1.0
1014314,201900055845,7,11,06:30,2,1,1,1.0,6.0,78490,RN12 EXT,M,"48,8012700","1,9428800",78,2019,110.0,1.0,1.0,2.0,2268342,1.0,1,4,1,0.0,,-1.0,0,1980.0,A01,138Â 201Â 123,2.0,0.0,-1.0,1731393,2.0,7,,0.0,2.0,2.0,B01,138Â 201Â 122,1.0
1014314,201900055845,7,11,06:30,2,1,1,1.0,6.0,78490,RN12 EXT,M,"48,8012700","1,9428800",78,2019,110.0,1.0,1.0,2.0,2268342,1.0,1,4,1,0.0,,-1.0,0,1980.0,A01,138Â 201Â 123,2.0,0.0,-1.0,1731394,2.0,33,,0.0,2.0,3.0,A01,138Â 201Â 123,1.0
1014315,201900055846,7,11,06:00,2,1,1,1.0,7.0,78490,RN12 INT,M,"48,8015000","1,9503000",78,2019,110.0,1.0,1.0,2.0,2268343,1.0,1,4,1,4.0,,-1.0,0,1997.0,A01,138Â 201Â 121,1.0,0.0,-1.0,1731395,1.0,15,,3.0,0.0,7.0,A01,138Â 201Â 121,1.0
1014316,201900055847,7,13,19:45,1,1,1,1.0,2.0,95028,RN 104,M,"49,0597300","2,3520800",95,2019,110.0,1.0,1.0,2.0,2268344,1.0,1,4,2,5.0,,-1.0,0,1999.0,A01,138Â 201Â 119,1.0,0.0,-1.0,1731396,2.0,7,,0.0,2.0,1.0,A01,138Â 201Â 119,1.0
1014316,201900055847,7,13,19:45,1,1,1,1.0,2.0,95028,RN 104,M,"49,0597300","2,3520800",95,2019,110.0,1.0,1.0,2.0,2268344,1.0,1,4,2,5.0,,-1.0,0,1999.0,A01,138Â 201Â 119,1.0,0.0,-1.0,1731397,2.0,7,,0.0,2.0,4.0,B01,138Â 201Â 120,2.0
1014316,201900055847,7,13,19:45,1,1,1,1.0,2.0,95028,RN 104,M,"49,0597300","2,3520800",95,2019,110.0,1.0,1.0,2.0,2268345,1.0,1,1,2,4.0,,-1.0,0,1965.0,B01,138Â 201Â 120,1.0,4.0,-1.0,1731396,2.0,7,,0.0,2.0,1.0,A01,138Â 201Â 119,1.0
1014316,201900055847,7,13,19:45,1,1,1,1.0,2.0,95028,RN 104,M,"49,0597300","2,3520800",95,2019,110.0,1.0,1.0,2.0,2268345,1.0,1,1,2,4.0,,-1.0,0,1965.0,B01,138Â 201Â 120,1.0,4.0,-1.0,1731397,2.0,7,,0.0,2.0,4.0,B01,138Â 201Â 120,2.0
1014317,201900055848,7,13,19:00,1,1,1,1.0,2.0,92036,AUTOROUTE A86,M,"48,9384595","2,3106864",92,2019,90.0,1.0,1.0,1.0,2268346,1.0,1,1,1,0.0,,-1.0,0,1970.0,A01,138Â 201Â 117,1.0,0.0,-1.0,1731398,1.0,7,,0.0,2.0,2.0,A01,138Â 201Â 117,1.0
1014317,201900055848,7,13,19:00,1,1,1,1.0,2.0,92036,AUTOROUTE A86,M,"48,9384595","2,3106864",92,2019,90.0,1.0,1.0,1.0,2268346,1.0,1,1,1,0.0,,-1.0,0,1970.0,A01,138Â 201Â 117,1.0,0.0,-1.0,1731399,1.0,7,,0.0,2.0,6.0,B01,138Â 201Â 118,1.0
1014317,201900055848,7,13,19:00,1,1,1,1.0,2.0,92036,AUTOROUTE A86,M,"48,9384595","2,3106864",92,2019,90.0,1.0,1.0,1.0,2268347,1.0,1,1,1,0.0,,-1.0,0,1965.0,B01,138Â 201Â 118,1.0,0.0,-1.0,1731398,1.0,7,,0.0,2.0,2.0,A01,138Â 201Â 117,1.0
1014317,201900055848,7,13,19:00,1,1,1,1.0,2.0,92036,AUTOROUTE A86,M,"48,9384595","2,3106864",92,2019,90.0,1.0,1.0,1.0,2268347,1.0,1,1,1,0.0,,-1.0,0,1965.0,B01,138Â 201Â 118,1.0,0.0,-1.0,1731399,1.0,7,,0.0,2.0,6.0,B01,138Â 201Â 118,1.0
1014317,201900055848,7,13,19:00,1,1,1,1.0,2.0,92036,AUTOROUTE A86,M,"48,9384595","2,3106864",92,2019,90.0,1.0,1.0,1.0,2268348,2.0,2,4,2,0.0,,-1.0,0,1968.0,B01,138Â 201Â 118,1.0,0.0,-1.0,1731398,1.0,7,,0.0,2.0,2.0,A01,138Â 201Â 117,1.0
1014317,201900055848,7,13,19:00,1,1,1,1.0,2.0,92036,AUTOROUTE A86,M,"48,9384595","2,3106864",92,2019,90.0,1.0,1.0,1.0,2268348,2.0,2,4,2,0.0,,-1.0,0,1968.0,B01,138Â 201Â 118,1.0,0.0,-1.0,1731399,1.0,7,,0.0,2.0,6.0,B01,138Â 201Â 118,1.0
1014318,201900055849,7,12,19:45,1,1,1,1.0,7.0,93005,AUTOROUTE A3,M,"48,9286300","2,4813200",93,2019,110.0,1.0,1.0,1.0,2268349,1.0,1,4,1,0.0,,-1.0, -1,1972.0,A01,138Â 201Â 116,2.0,0.0,-1.0,1731400,2.0,33,,0.0,0.0,9.0,A01,138Â 201Â 116,1.0
1014319,201900055850,7,12,16:50,1,1,1,1.0,3.0,92036,AUTOROUTE A15,M,"48,9424040","2,2895003",92,2019,90.0,1.0,1.0,1.0,2268350,1.0,1,4,1,0.0,,-1.0,0,1993.0,A01,138Â 201Â 114,2.0,8.0,-1.0,1731401,2.0,34,,0.0,2.0,7.0,A01,138Â 201Â 114,1.0
1014319,201900055850,7,12,16:50,1,1,1,1.0,3.0,92036,AUTOROUTE A15,M,"48,9424040","2,2895003",92,2019,90.0,1.0,1.0,1.0,2268350,1.0,1,4,1,0.0,,-1.0,0,1993.0,A01,138Â 201Â 114,2.0,8.0,-1.0,1731402,2.0,10,,0.0,2.0,8.0,B01,138Â 201Â 115,1.0
1014319,201900055850,7,12,16:50,1,1,1,1.0,3.0,92036,AUTOROUTE A15,M,"48,9424040","2,2895003",92,2019,90.0,1.0,1.0,1.0,2268351,1.0,1,1,1,0.0,,-1.0,0,1980.0,B01,138Â 201Â 115,1.0,0.0,-1.0,1731401,2.0,34,,0.0,2.0,7.0,A01,138Â 201Â 114,1.0
1014319,201900055850,7,12,16:50,1,1,1,1.0,3.0,92036,AUTOROUTE A15,M,"48,9424040","2,2895003",92,2019,90.0,1.0,1.0,1.0,2268351,1.0,1,1,1,0.0,,-1.0,0,1980.0,B01,138Â 201Â 115,1.0,0.0,-1.0,1731402,2.0,10,,0.0,2.0,8.0,B01,138Â 201Â 115,1.0
1014320,201900055851,7,12,08:40,1,1,1,1.0,4.0,93010,AUTOROUTE A3,M,"48,8905400","2,4733300",93,2019,70.0,1.0,1.0,1.0,2268352,1.0,1,1,1,0.0,,-1.0, -1,1982.0,C01,138Â 201Â 111,1.0,0.0,-1.0,1731403,2.0,7,,1.0,0.0,2.0,C01,138Â 201Â 111,1.0
1014320,201900055851,7,12,08:40,1,1,1,1.0,4.0,93010,AUTOROUTE A3,M,"48,8905400","2,4733300",93,2019,70.0,1.0,1.0,1.0,2268352,1.0,1,1,1,0.0,,-1.0, -1,1982.0,C01,138Â 201Â 111,1.0,0.0,-1.0,1731404,2.0,7,,0.0,2.0,4.0,B01,138Â 201Â 112,1.0
1014320,201900055851,7,12,08:40,1,1,1,1.0,4.0,93010,AUTOROUTE A3,M,"48,8905400","2,4733300",93,2019,70.0,1.0,1.0,1.0,2268352,1.0,1,1,1,0.0,,-1.0, -1,1982.0,C01,138Â 201Â 111,1.0,0.0,-1.0,1731405,2.0,7,,1.0,0.0,1.0,A01,138Â 201Â 113,1.0
1014320,201900055851,7,12,08:40,1,1,1,1.0,4.0,93010,AUTOROUTE A3,M,"48,8905400","2,4733300",93,2019,70.0,1.0,1.0,1.0,2268353,1.0,1,1,2,0.0,,-1.0, -1,1976.0,B01,138Â 201Â 112,1.0,0.0,-1.0,1731403,2.0,7,,1.0,0.0,2.0,C01,138Â 201Â 111,1.0
1014320,201900055851,7,12,08:40,1,1,1,1.0,4.0,93010,AUTOROUTE A3,M,"48,8905400","2,4733300",93,2019,70.0,1.0,1.0,1.0,2268353,1.0,1,1,2,0.0,,-1.0, -1,1976.0,B01,138Â 201Â 112,1.0,0.0,-1.0,1731404,2.0,7,,0.0,2.0,4.0,B01,138Â 201Â 112,1.0
1014320,201900055851,7,12,08:40,1,1,1,1.0,4.0,93010,AUTOROUTE A3,M,"48,8905400","2,4733300",93,2019,70.0,1.0,1.0,1.0,2268353,1.0,1,1,2,0.0,,-1.0, -1,1976.0,B01,138Â 201Â 112,1.0,0.0,-1.0,1731405,2.0,7,,1.0,0.0,1.0,A01,138Â 201Â 113,1.0
1014320,201900055851,7,12,08:40,1,1,1,1.0,4.0,93010,AUTOROUTE A3,M,"48,8905400","2,4733300",93,2019,70.0,1.0,1.0,1.0,2268354,1.0,1,4,2,0.0,,-1.0, -1,1993.0,A01,138Â 201Â 113,1.0,0.0,-1.0,1731403,2.0,7,,1.0,0.0,2.0,C01,138Â 201Â 111,1.0
1014320,201900055851,7,12,08:40,1,1,1,1.0,4.0,93010,AUTOROUTE A3,M,"48,8905400","2,4733300",93,2019,70.0,1.0,1.0,1.0,2268354,1.0,1,4,2,0.0,,-1.0, -1,1993.0,A01,138Â 201Â 113,1.0,0.0,-1.0,1731404,2.0,7,,0.0,2.0,4.0,B01,138Â 201Â 112,1.0
1014320,201900055851,7,12,08:40,1,1,1,1.0,4.0,93010,AUTOROUTE A3,M,"48,8905400","2,4733300",93,2019,70.0,1.0,1.0,1.0,2268354,1.0,1,4,2,0.0,,-1.0, -1,1993.0,A01,138Â 201Â 113,1.0,0.0,-1.0,1731405,2.0,7,,1.0,0.0,1.0,A01,138Â 201Â 113,1.0
1014321,201900055852,7,12,06:20,1,1,1,1.0,4.0,93005,AUTOROUTE A3,M,"48,9593700","2,4650600",93,2019,70.0,1.0,1.0,1.0,2268355,1.0,1,1,1,0.0,,-1.0, -1,1990.0,D01,138Â 201Â 107,1.0,8.0,-1.0,1731406,2.0,7,,0.0,2.0,4.0,D01,138Â 201Â 107,1.0
1014321,201900055852,7,12,06:20,1,1,1,1.0,4.0,93005,AUTOROUTE A3,M,"48,9593700","2,4650600",93,2019,70.0,1.0,1.0,1.0,2268355,1.0,1,1,1,0.0,,-1.0, -1,1990.0,D01,138Â 201Â 107,1.0,8.0,-1.0,1731407,2.0,7,,0.0,2.0,4.0,C01,138Â 201Â 108,1.0
1014321,201900055852,7,12,06:20,1,1,1,1.0,4.0,93005,AUTOROUTE A3,M,"48,9593700","2,4650600",93,2019,70.0,1.0,1.0,1.0,2268355,1.0,1,1,1,0.0,,-1.0, -1,1990.0,D01,138Â 201Â 107,1.0,8.0,-1.0,1731408,2.0,7,,0.0,2.0,4.0,B01,138Â 201Â 109,1.0
1014321,201900055852,7,12,06:20,1,1,1,1.0,4.0,93005,AUTOROUTE A3,M,"48,9593700","2,4650600",93,2019,70.0,1.0,1.0,1.0,2268355,1.0,1,1,1,0.0,,-1.0, -1,1990.0,D01,138Â 201Â 107,1.0,8.0,-1.0,1731409,2.0,14,,0.0,2.0,1.0,A01,138Â 201Â 110,1.0
1014321,201900055852,7,12,06:20,1,1,1,1.0,4.0,93005,AUTOROUTE A3,M,"48,9593700","2,4650600",93,2019,70.0,1.0,1.0,1.0,2268356,1.0,1,1,1,0.0,,-1.0, -1,1975.0,C01,138Â 201Â 108,1.0,8.0,-1.0,1731406,2.0,7,,0.0,2.0,4.0,D01,138Â 201Â 107,1.0
1014321,201900055852,7,12,06:20,1,1,1,1.0,4.0,93005,AUTOROUTE A3,M,"48,9593700","2,4650600",93,2019,70.0,1.0,1.0,1.0,2268356,1.0,1,1,1,0.0,,-1.0, -1,1975.0,C01,138Â 201Â 108,1.0,8.0,-1.0,1731407,2.0,7,,0.0,2.0,4.0,C01,138Â 201Â 108,1.0
1014321,201900055852,7,12,06:20,1,1,1,1.0,4.0,93005,AUTOROUTE A3,M,"48,9593700","2,4650600",93,2019,70.0,1.0,1.0,1.0,2268356,1.0,1,1,1,0.0,,-1.0, -1,1975.0,C01,138Â 201Â 108,1.0,8.0,-1.0,1731408,2.0,7,,0.0,2.0,4.0,B01,138Â 201Â 109,1.0
1014321,201900055852,7,12,06:20,1,1,1,1.0,4.0,93005,AUTOROUTE A3,M,"48,9593700","2,4650600",93,2019,70.0,1.0,1.0,1.0,2268356,1.0,1,1,1,0.0,,-1.0, -1,1975.0,C01,138Â 201Â 108,1.0,8.0,-1.0,1731409,2.0,14,,0.0,2.0,1.0,A01,138Â 201Â 110,1.0
1014321,201900055852,7,12,06:20,1,1,1,1.0,4.0,93005,AUTOROUTE A3,M,"48,9593700","2,4650600",93,2019,70.0,1.0,1.0,1.0,2268357,1.0,1,4,1,0.0,,-1.0, -1,1996.0,B01,138Â 201Â 109,1.0,8.0,-1.0,1731406,2.0,7,,0.0,2.0,4.0,D01,138Â 201Â 107,1.0
1014321,201900055852,7,12,06:20,1,1,1,1.0,4.0,93005,AUTOROUTE A3,M,"48,9593700","2,4650600",93,2019,70.0,1.0,1.0,1.0,2268357,1.0,1,4,1,0.0,,-1.0, -1,1996.0,B01,138Â 201Â 109,1.0,8.0,-1.0,1731407,2.0,7,,0.0,2.0,4.0,C01,138Â 201Â 108,1.0
1014321,201900055852,7,12,06:20,1,1,1,1.0,4.0,93005,AUTOROUTE A3,M,"48,9593700","2,4650600",93,2019,70.0,1.0,1.0,1.0,2268357,1.0,1,4,1,0.0,,-1.0, -1,1996.0,B01,138Â 201Â 109,1.0,8.0,-1.0,1731408,2.0,7,,0.0,2.0,4.0,B01,138Â 201Â 109,1.0
1014321,201900055852,7,12,06:20,1,1,1,1.0,4.0,93005,AUTOROUTE A3,M,"48,9593700","2,4650600",93,2019,70.0,1.0,1.0,1.0,2268357,1.0,1,4,1,0.0,,-1.0, -1,1996.0,B01,138Â 201Â 109,1.0,8.0,-1.0,1731409,2.0,14,,0.0,2.0,1.0,A01,138Â 201Â 110,1.0
1014321,201900055852,7,12,06:20,1,1,1,1.0,4.0,93005,AUTOROUTE A3,M,"48,9593700","2,4650600",93,2019,70.0,1.0,1.0,1.0,2268358,1.0,1,1,1,4.0,,-1.0, -1,1977.0,A01,138Â 201Â 110,1.0,8.0,-1.0,1731406,2.0,7,,0.0,2.0,4.0,D01,138Â 201Â 107,1.0
1014321,201900055852,7,12,06:20,1,1,1,1.0,4.0,93005,AUTOROUTE A3,M,"48,9593700","2,4650600",93,2019,70.0,1.0,1.0,1.0,2268358,1.0,1,1,1,4.0,,-1.0, -1,1977.0,A01,138Â 201Â 110,1.0,8.0,-1.0,1731407,2.0,7,,0.0,2.0,4.0,C01,138Â 201Â 108,1.0
1014321,201900055852,7,12,06:20,1,1,1,1.0,4.0,93005,AUTOROUTE A3,M,"48,9593700","2,4650600",93,2019,70.0,1.0,1.0,1.0,2268358,1.0,1,1,1,4.0,,-1.0, -1,1977.0,A01,138Â 201Â 110,1.0,8.0,-1.0,1731408,2.0,7,,0.0,2.0,4.0,B01,138Â 201Â 109,1.0
1014321,201900055852,7,12,06:20,1,1,1,1.0,4.0,93005,AUTOROUTE A3,M,"48,9593700","2,4650600",93,2019,70.0,1.0,1.0,1.0,2268358,1.0,1,1,1,4.0,,-1.0, -1,1977.0,A01,138Â 201Â 110,1.0,8.0,-1.0,1731409,2.0,14,,0.0,2.0,1.0,A01,138Â 201Â 110,1.0
1014322,201900055853,7,11,17:20,1,1,1,1.0,4.0,95306,AUTOROUTE A15,M,"49,0002800","2,1743200",95,2019,110.0,1.0,1.0,1.0,2268359,1.0,1,1,2,5.0,,-1.0,0,1983.0,A01,138Â 201Â 102,1.0,0.0,-1.0,1731410,1.0,7,,0.0,2.0,1.0,A01,138Â 201Â 102,1.0
1014322,201900055853,7,11,17:20,1,1,1,1.0,4.0,95306,AUTOROUTE A15,M,"49,0002800","2,1743200",95,2019,110.0,1.0,1.0,1.0,2268359,1.0,1,1,2,5.0,,-1.0,0,1983.0,A01,138Â 201Â 102,1.0,0.0,-1.0,1731411,1.0,7,,0.0,2.0,4.0,B01,138Â 201Â 103,1.0
1014322,201900055853,7,11,17:20,1,1,1,1.0,4.0,95306,AUTOROUTE A15,M,"49,0002800","2,1743200",95,2019,110.0,1.0,1.0,1.0,2268359,1.0,1,1,2,5.0,,-1.0,0,1983.0,A01,138Â 201Â 102,1.0,0.0,-1.0,1731412,1.0,7,,0.0,2.0,1.0,C01,138Â 201Â 104,1.0
1014322,201900055853,7,11,17:20,1,1,1,1.0,4.0,95306,AUTOROUTE A15,M,"49,0002800","2,1743200",95,2019,110.0,1.0,1.0,1.0,2268359,1.0,1,1,2,5.0,,-1.0,0,1983.0,A01,138Â 201Â 102,1.0,0.0,-1.0,1731413,1.0,7,,0.0,2.0,1.0,D01,138Â 201Â 105,1.0
1014322,201900055853,7,11,17:20,1,1,1,1.0,4.0,95306,AUTOROUTE A15,M,"49,0002800","2,1743200",95,2019,110.0,1.0,1.0,1.0,2268359,1.0,1,1,2,5.0,,-1.0,0,1983.0,A01,138Â 201Â 102,1.0,0.0,-1.0,1731414,1.0,7,,0.0,2.0,2.0,E01,138Â 201Â 106,1.0
1014322,201900055853,7,11,17:20,1,1,1,1.0,4.0,95306,AUTOROUTE A15,M,"49,0002800","2,1743200",95,2019,110.0,1.0,1.0,1.0,2268360,4.0,2,4,2,5.0,,-1.0,0,2011.0,A01,138Â 201Â 102,1.0,0.0,-1.0,1731410,1.0,7,,0.0,2.0,1.0,A01,138Â 201Â 102,1.0
1014322,201900055853,7,11,17:20,1,1,1,1.0,4.0,95306,AUTOROUTE A15,M,"49,0002800","2,1743200",95,2019,110.0,1.0,1.0,1.0,2268360,4.0,2,4,2,5.0,,-1.0,0,2011.0,A01,138Â 201Â 102,1.0,0.0,-1.0,1731411,1.0,7,,0.0,2.0,4.0,B01,138Â 201Â 103,1.0
1014322,201900055853,7,11,17:20,1,1,1,1.0,4.0,95306,AUTOROUTE A15,M,"49,0002800","2,1743200",95,2019,110.0,1.0,1.0,1.0,2268360,4.0,2,4,2,5.0,,-1.0,0,2011.0,A01,138Â 201Â 102,1.0,0.0,-1.0,1731412,1.0,7,,0.0,2.0,1.0,C01,138Â 201Â 104,1.0
1014322,201900055853,7,11,17:20,1,1,1,1.0,4.0,95306,AUTOROUTE A15,M,"49,0002800","2,1743200",95,2019,110.0,1.0,1.0,1.0,2268360,4.0,2,4,2,5.0,,-1.0,0,2011.0,A01,138Â 201Â 102,1.0,0.0,-1.0,1731413,1.0,7,,0.0,2.0,1.0,D01,138Â 201Â 105,1.0
1014322,201900055853,7,11,17:20,1,1,1,1.0,4.0,95306,AUTOROUTE A15,M,"49,0002800","2,1743200",95,2019,110.0,1.0,1.0,1.0,2268360,4.0,2,4,2,5.0,,-1.0,0,2011.0,A01,138Â 201Â 102,1.0,0.0,-1.0,1731414,1.0,7,,0.0,2.0,2.0,E01,138Â 201Â 106,1.0
1014322,201900055853,7,11,17:20,1,1,1,1.0,4.0,95306,AUTOROUTE A15,M,"49,0002800","2,1743200",95,2019,110.0,1.0,1.0,1.0,2268361,3.0,2,4,1,5.0,,-1.0,0,2010.0,A01,138Â 201Â 102,1.0,0.0,-1.0,1731410,1.0,7,,0.0,2.0,1.0,A01,138Â 201Â 102,1.0
1014322,201900055853,7,11,17:20,1,1,1,1.0,4.0,95306,AUTOROUTE A15,M,"49,0002800","2,1743200",95,2019,110.0,1.0,1.0,1.0,2268361,3.0,2,4,1,5.0,,-1.0,0,2010.0,A01,138Â 201Â 102,1.0,0.0,-1.0,1731411,1.0,7,,0.0,2.0,4.0,B01,138Â 201Â 103,1.0