Unnamed: 0_x,num_acc,mois,jour,hrmn,lum,agg,int,atm,col,com,adr,gps,lat,long,dep,annee,vma,situ,surf,catr,Unnamed: 0_y,place,catu,grav,sexe,trajet,secu,locp,actp,an_nais,num_veh_x,id_vehicule_x,secu1,secu2,secu3,Unnamed: 0,senc,catv,occutc,obs,obsm,choc,num_veh_y,id_vehicule_y,motor
1014322,201900055853,7,11,17:20,1,1,1,1.0,4.0,95306,AUTOROUTE A15,M,"49,0002800","2,1743200",95,2019,110.0,1.0,1.0,1.0,2268361,3.0,2,4,1,5.0,,-1.0,0,2010.0,A01,138Â 201Â 102,1.0,0.0,-1.0,1731412,1.0,7,,0.0,2.0,1.0,C01,138Â 201Â 104,1.0
1014322,201900055853,7,11,17:20,1,1,1,1.0,4.0,95306,AUTOROUTE A15,M,"49,0002800","2,1743200",95,2019,110.0,1.0,1.0,1.0,2268361,3.0,2,4,1,5.0,,-1.0,0,2010.0,A01,138Â 201Â 102,1.0,0.0,-1.0,1731413,1.0,7,,0.0,2.0,1.0,D01,138Â 201Â 105,1.0
1014322,201900055853,7,11,17:20,1,1,1,1.0,4.0,95306,AUTOROUTE A15,M,"49,0002800","2,1743200",95,2019,110.0,1.0,1.0,1.0,2268361,3.0,2,4,1,5.0,,-1.0,0,2010.0,A01,138Â 201Â 102,1.0,0.0,-1.0,1731414,1.0,7,,0.0,2.0,2.0,E01,138Â 201Â 106,1.0
1014322,201900055853,7,11,17:20,1,1,1,1.0,4.0,95306,AUTOROUTE A15,M,"49,0002800","2,1743200",95,2019,110.0,1.0,1.0,1.0,2268362,1.0,1,1,2,1.0,,-1.0,0,1990.0,B01,138Â 201Â 103,1.0,0.0,-1.0,1731410,1.0,7,,0.0,2.0,1.0,A01,138Â 201Â 102,1.0
1014322,201900055853,7,11,17:20,1,1,1,1.0,4.0,95306,AUTOROUTE A15,M,"49,0002800","2,1743200",95,2019,110.0,1.0,1.0,1.0,2268362,1.0,1,1,2,1.0,,-1.0,0,1990.0,B01,138Â 201Â 103,1.0,0.0,-1.0,1731411,1.0,7,,0.0,2.0,4.0,B01,138Â 201Â 103,1.0
1014322,201900055853,7,11,17:20,1,1,1,1.0,4.0,95306,AUTOROUTE A15,M,"49,0002800","2,1743200",95,2019,110.0,1.0,1.0,1.0,2268362,1.0,1,1,2,1.0,,-1.0,0,1990.0,B01,138Â 201Â 103,1.0,0.0,-1.0,1731412,1.0,7,,0.0,2.0,1.0,C01,138Â 201Â 104,1.0
1014322,201900055853,7,11,17:20,1,1,1,1.0,4.0,95306,AUTOROUTE A15,M,"49,0002800","2,1743200",95,2019,110.0,1.0,1.0,1.0,2268362,1.0,1,1,2,1.0,,-1.0,0,1990.0,B01,138Â 201Â 103,1.0,0.0,-1.0,1731413,1.0,7,,0.0,2.0,1.0,D01,138Â 201Â 105,1.0
1014322,201900055853,7,11,17:20,1,1,1,1.0,4.0,95306,AUTOROUTE A15,M,"49,0002800","2,1743200",95,2019,110.0,1.0,1.0,1.0,2268362,1.0,1,1,2,1.0,,-1.0,0,1990.0,B01,138Â 201Â 103,1.0,0.0,-1.0,1731414,1.0,7,,0.0,2.0,2.0,E01,138Â 201Â 106,1.0
1014322,201900055853,7,11,17:20,1,1,1,1.0,4.0,95306,AUTOROUTE A15,M,"49,0002800","2,1743200",95,2019,110.0,1.0,1.0,1.0,2268363,1.0,1,1,2,1.0,,-1.0,0,1992.0,C01,138Â 201Â 104,1.0,0.0,-1.0,1731410,1.0,7,,0.0,2.0,1.0,A01,138Â 201Â 102,1.0
1014322,201900055853,7,11,17:20,1,1,1,1.0,4.0,95306,AUTOROUTE A15,M,"49,0002800","2,1743200",95,2019,110.0,1.0,1.0,1.0,2268363,1.0,1,1,2,1.0,,-1.0,0,1992.0,C01,138Â 201Â 104,1.0,0.0,-1.0,1731411,1.0,7,,0.0,2.0,4.0,B01,138Â 201Â 103,1.0
1014322,201900055853,7,11,17:20,1,1,1,1.0,4.0,95306,AUTOROUTE A15,M,"49,0002800","2,1743200",95,2019,110.0,1.0,1.0,1.0,2268363,1.0,1,1,2,1.0,,-1.0,0,1992.0,C01,138Â 201Â 104,1.0,0.0,-1.0,1731412,1.0,7,,0.0,2.0,1.0,C01,138Â 201Â 104,1.0
1014322,201900055853,7,11,17:20,1,1,1,1.0,4.0,95306,AUTOROUTE A15,M,"49,0002800","2,1743200",95,2019,110.0,1.0,1.0,1.0,2268363,1.0,1,1,2,1.0,,-1.0,0,1992.0,C01,138Â 201Â 104,1.0,0.0,-1.0,1731413,1.0,7,,0.0,2.0,1.0,D01,138Â 201Â 105,1.0
1014322,201900055853,7,11,17:20,1,1,1,1.0,4.0,95306,AUTOROUTE A15,M,"49,0002800","2,1743200",95,2019,110.0,1.0,1.0,1.0,2268363,1.0,1,1,2,1.0,,-1.0,0,1992.0,C01,138Â 201Â 104,1.0,0.0,-1.0,1731414,1.0,7,,0.0,2.0,2.0,E01,138Â 201Â 106,1.0
1014322,201900055853,7,11,17:20,1,1,1,1.0,4.0,95306,AUTOROUTE A15,M,"49,0002800","2,1743200",95,2019,110.0,1.0,1.0,1.0,2268364,1.0,1,4,1,5.0,,-1.0,0,2000.0,D01,138Â 201Â 105,1.0,0.0,-1.0,1731410,1.0,7,,0.0,2.0,1.0,A01,138Â 201Â 102,1.0
1014322,201900055853,7,11,17:20,1,1,1,1.0,4.0,95306,AUTOROUTE A15,M,"49,0002800","2,1743200",95,2019,110.0,1.0,1.0,1.0,2268364,1.0,1,4,1,5.0,,-1.0,0,2000.0,D01,138Â 201Â 105,1.0,0.0,-1.0,1731411,1.0,7,,0.0,2.0,4.0,B01,138Â 201Â 103,1.0
1014322,201900055853,7,11,17:20,1,1,1,1.0,4.0,95306,AUTOROUTE A15,M,"49,0002800","2,1743200",95,2019,110.0,1.0,1.0,1.0,2268364,1.0,1,4,1,5.0,,-1.0,0,2000.0,D01,138Â 201Â 105,1.0,0.0,-1.0,1731412,1.0,7,,0.0,2.0,1.0,C01,138Â 201Â 104,1.0
1014322,201900055853,7,11,17:20,1,1,1,1.0,4.0,95306,AUTOROUTE A15,M,"49,0002800","2,1743200",95,2019,110.0,1.0,1.0,1.0,2268364,1.0,1,4,1,5.0,,-1.0,0,2000.0,D01,138Â 201Â 105,1.0,0.0,-1.0,1731413,1.0,7,,0.0,2.0,1.0,D01,138Â 201Â 105,1.0
1014322,201900055853,7,11,17:20,1,1,1,1.0,4.0,95306,AUTOROUTE A15,M,"49,0002800","2,1743200",95,2019,110.0,1.0,1.0,1.0,2268364,1.0,1,4,1,5.0,,-1.0,0,2000.0,D01,138Â 201Â 105,1.0,0.0,-1.0,1731414,1.0,7,,0.0,2.0,2.0,E01,138Â 201Â 106,1.0
1014322,201900055853,7,11,17:20,1,1,1,1.0,4.0,95306,AUTOROUTE A15,M,"49,0002800","2,1743200",95,2019,110.0,1.0,1.0,1.0,2268365,1.0,1,1,1,5.0,,-1.0,0,1948.0,E01,138Â 201Â 106,1.0,0.0,-1.0,1731410,1.0,7,,0.0,2.0,1.0,A01,138Â 201Â 102,1.0
1014322,201900055853,7,11,17:20,1,1,1,1.0,4.0,95306,AUTOROUTE A15,M,"49,0002800","2,1743200",95,2019,110.0,1.0,1.0,1.0,2268365,1.0,1,1,1,5.0,,-1.0,0,1948.0,E01,138Â 201Â 106,1.0,0.0,-1.0,1731411,1.0,7,,0.0,2.0,4.0,B01,138Â 201Â 103,1.0
1014322,201900055853,7,11,17:20,1,1,1,1.0,4.0,95306,AUTOROUTE A15,M,"49,0002800","2,1743200",95,2019,110.0,1.0,1.0,1.0,2268365,1.0,1,1,1,5.0,,-1.0,0,1948.0,E01,138Â 201Â 106,1.0,0.0,-1.0,1731412,1.0,7,,0.0,2.0,1.0,C01,138Â 201Â 104,1.0
1014322,201900055853,7,11,17:20,1,1,1,1.0,4.0,95306,AUTOROUTE A15,M,"49,0002800","2,1743200",95,2019,110.0,1.0,1.0,1.0,2268365,1.0,1,1,1,5.0,,-1.0,0,1948.0,E01,138Â 201Â 106,1.0,0.0,-1.0,1731413,1.0,7,,0.0,2.0,1.0,D01,138Â 201Â 105,1.0
1014322,201900055853,7,11,17:20,1,1,1,1.0,4.0,95306,AUTOROUTE A15,M,"49,0002800","2,1743200",95,2019,110.0,1.0,1.0,1.0,2268365,1.0,1,1,1,5.0,,-1.0,0,1948.0,E01,138Â 201Â 106,1.0,0.0,-1.0,1731414,1.0,7,,0.0,2.0,2.0,E01,138Â 201Â 106,1.0
1014323,201900055854,7,10,23:20,3,1,1,1.0,6.0,92036,AUTOROUTE A86,M,"48,9385110","2,3121015",92,2019,90.0,1.0,1.0,1.0,2268366,1.0,1,3,1,0.0,,-1.0,0,1965.0,A01,138Â 201Â 100,2.0,5.0,-1.0,1731415,2.0,32,,3.0,0.0,3.0,A01,138Â 201Â 100,1.0
1014323,201900055854,7,10,23:20,3,1,1,1.0,6.0,92036,AUTOROUTE A86,M,"48,9385110","2,3121015",92,2019,90.0,1.0,1.0,1.0,2268366,1.0,1,3,1,0.0,,-1.0,0,1965.0,A01,138Â 201Â 100,2.0,5.0,-1.0,1731416,2.0,7,,0.0,6.0,2.0,B01,138Â 201Â 101,1.0
1014323,201900055854,7,10,23:20,3,1,1,1.0,6.0,92036,AUTOROUTE A86,M,"48,9385110","2,3121015",92,2019,90.0,1.0,1.0,1.0,2268367,1.0,1,1,2,0.0,,-1.0,0,1986.0,B01,138Â 201Â 101,1.0,0.0,-1.0,1731415,2.0,32,,3.0,0.0,3.0,A01,138Â 201Â 100,1.0
1014323,201900055854,7,10,23:20,3,1,1,1.0,6.0,92036,AUTOROUTE A86,M,"48,9385110","2,3121015",92,2019,90.0,1.0,1.0,1.0,2268367,1.0,1,1,2,0.0,,-1.0,0,1986.0,B01,138Â 201Â 101,1.0,0.0,-1.0,1731416,2.0,7,,0.0,6.0,2.0,B01,138Â 201Â 101,1.0
1014324,201900055855,7,10,16:15,1,1,9,1.0,3.0,92036,AUTOROUTE A86,M,"48,9390677","2,3032914",92,2019,90.0,1.0,1.0,1.0,2268368,2.0,2,4,2,9.0,,-1.0,0,2000.0,A01,138Â 201Â 099,1.0,0.0,-1.0,1731417,2.0,0,,0.0,2.0,3.0,Z01,138Â 201Â 098,0.0
1014324,201900055855,7,10,16:15,1,1,9,1.0,3.0,92036,AUTOROUTE A86,M,"48,9390677","2,3032914",92,2019,90.0,1.0,1.0,1.0,2268368,2.0,2,4,2,9.0,,-1.0,0,2000.0,A01,138Â 201Â 099,1.0,0.0,-1.0,1731418,2.0,7,,0.0,2.0,2.0,A01,138Â 201Â 099,1.0
1014324,201900055855,7,10,16:15,1,1,9,1.0,3.0,92036,AUTOROUTE A86,M,"48,9390677","2,3032914",92,2019,90.0,1.0,1.0,1.0,2268369,1.0,1,1,2,5.0,,-1.0,0,1971.0,A01,138Â 201Â 099,1.0,0.0,-1.0,1731417,2.0,0,,0.0,2.0,3.0,Z01,138Â 201Â 098,0.0
1014324,201900055855,7,10,16:15,1,1,9,1.0,3.0,92036,AUTOROUTE A86,M,"48,9390677","2,3032914",92,2019,90.0,1.0,1.0,1.0,2268369,1.0,1,1,2,5.0,,-1.0,0,1971.0,A01,138Â 201Â 099,1.0,0.0,-1.0,1731418,2.0,7,,0.0,2.0,2.0,A01,138Â 201Â 099,1.0
1014325,201900055856,7,10,09:15,1,1,1,1.0,2.0,93005,AUTOROUTE A3,M,"48,9519100","2,4752900",93,2019,70.0,1.0,1.0,1.0,2268370,1.0,1,3,1,4.0,,-1.0, -1,1977.0,B01,138Â 201Â 096,2.0,8.0,-1.0,1731419,1.0,32,,0.0,2.0,4.0,B01,138Â 201Â 096,1.0
1014325,201900055856,7,10,09:15,1,1,1,1.0,2.0,93005,AUTOROUTE A3,M,"48,9519100","2,4752900",93,2019,70.0,1.0,1.0,1.0,2268370,1.0,1,3,1,4.0,,-1.0, -1,1977.0,B01,138Â 201Â 096,2.0,8.0,-1.0,1731420,1.0,7,,1.0,0.0,2.0,A01,138Â 201Â 097,1.0
1014325,201900055856,7,10,09:15,1,1,1,1.0,2.0,93005,AUTOROUTE A3,M,"48,9519100","2,4752900",93,2019,70.0,1.0,1.0,1.0,2268371,1.0,1,1,1,0.0,,-1.0, -1,1984.0,A01,138Â 201Â 097,1.0,8.0,-1.0,1731419,1.0,32,,0.0,2.0,4.0,B01,138Â 201Â 096,1.0
1014325,201900055856,7,10,09:15,1,1,1,1.0,2.0,93005,AUTOROUTE A3,M,"48,9519100","2,4752900",93,2019,70.0,1.0,1.0,1.0,2268371,1.0,1,1,1,0.0,,-1.0, -1,1984.0,A01,138Â 201Â 097,1.0,8.0,-1.0,1731420,1.0,7,,1.0,0.0,2.0,A01,138Â 201Â 097,1.0
1014326,201900055857,7,10,09:50,1,1,1,1.0,4.0,93053,AUTOROUTE A103,M,"48,8879600","2,4725100",93,2019,70.0,1.0,1.0,1.0,2268372,1.0,1,1,2,9.0,,-1.0, -1,1980.0,A01,138Â 201Â 092,1.0,0.0,-1.0,1731421,2.0,7,,0.0,2.0,1.0,A01,138Â 201Â 092,1.0
1014326,201900055857,7,10,09:50,1,1,1,1.0,4.0,93053,AUTOROUTE A103,M,"48,8879600","2,4725100",93,2019,70.0,1.0,1.0,1.0,2268372,1.0,1,1,2,9.0,,-1.0, -1,1980.0,A01,138Â 201Â 092,1.0,0.0,-1.0,1731422,2.0,7,,0.0,2.0,1.0,B01,138Â 201Â 093,1.0
1014326,201900055857,7,10,09:50,1,1,1,1.0,4.0,93053,AUTOROUTE A103,M,"48,8879600","2,4725100",93,2019,70.0,1.0,1.0,1.0,2268372,1.0,1,1,2,9.0,,-1.0, -1,1980.0,A01,138Â 201Â 092,1.0,0.0,-1.0,1731423,2.0,7,,0.0,2.0,1.0,C01,138Â 201Â 094,1.0
1014326,201900055857,7,10,09:50,1,1,1,1.0,4.0,93053,AUTOROUTE A103,M,"48,8879600","2,4725100",93,2019,70.0,1.0,1.0,1.0,2268372,1.0,1,1,2,9.0,,-1.0, -1,1980.0,A01,138Â 201Â 092,1.0,0.0,-1.0,1731424,2.0,10,,0.0,2.0,4.0,D01,138Â 201Â 095,1.0
1014326,201900055857,7,10,09:50,1,1,1,1.0,4.0,93053,AUTOROUTE A103,M,"48,8879600","2,4725100",93,2019,70.0,1.0,1.0,1.0,2268373,1.0,1,4,2,0.0,,-1.0, -1,1987.0,B01,138Â 201Â 093,1.0,0.0,-1.0,1731421,2.0,7,,0.0,2.0,1.0,A01,138Â 201Â 092,1.0
1014326,201900055857,7,10,09:50,1,1,1,1.0,4.0,93053,AUTOROUTE A103,M,"48,8879600","2,4725100",93,2019,70.0,1.0,1.0,1.0,2268373,1.0,1,4,2,0.0,,-1.0, -1,1987.0,B01,138Â 201Â 093,1.0,0.0,-1.0,1731422,2.0,7,,0.0,2.0,1.0,B01,138Â 201Â 093,1.0
1014326,201900055857,7,10,09:50,1,1,1,1.0,4.0,93053,AUTOROUTE A103,M,"48,8879600","2,4725100",93,2019,70.0,1.0,1.0,1.0,2268373,1.0,1,4,2,0.0,,-1.0, -1,1987.0,B01,138Â 201Â 093,1.0,0.0,-1.0,1731423,2.0,7,,0.0,2.0,1.0,C01,138Â 201Â 094,1.0
1014326,201900055857,7,10,09:50,1,1,1,1.0,4.0,93053,AUTOROUTE A103,M,"48,8879600","2,4725100",93,2019,70.0,1.0,1.0,1.0,2268373,1.0,1,4,2,0.0,,-1.0, -1,1987.0,B01,138Â 201Â 093,1.0,0.0,-1.0,1731424,2.0,10,,0.0,2.0,4.0,D01,138Â 201Â 095,1.0
1014326,201900055857,7,10,09:50,1,1,1,1.0,4.0,93053,AUTOROUTE A103,M,"48,8879600","2,4725100",93,2019,70.0,1.0,1.0,1.0,2268374,2.0,2,4,1,0.0,,-1.0, -1,1999.0,C01,138Â 201Â 094,1.0,0.0,-1.0,1731421,2.0,7,,0.0,2.0,1.0,A01,138Â 201Â 092,1.0
1014326,201900055857,7,10,09:50,1,1,1,1.0,4.0,93053,AUTOROUTE A103,M,"48,8879600","2,4725100",93,2019,70.0,1.0,1.0,1.0,2268374,2.0,2,4,1,0.0,,-1.0, -1,1999.0,C01,138Â 201Â 094,1.0,0.0,-1.0,1731422,2.0,7,,0.0,2.0,1.0,B01,138Â 201Â 093,1.0
1014326,201900055857,7,10,09:50,1,1,1,1.0,4.0,93053,AUTOROUTE A103,M,"48,8879600","2,4725100",93,2019,70.0,1.0,1.0,1.0,2268374,2.0,2,4,1,0.0,,-1.0, -1,1999.0,C01,138Â 201Â 094,1.0,0.0,-1.0,1731423,2.0,7,,0.0,2.0,1.0,C01,138Â 201Â 094,1.0
1014326,201900055857,7,10,09:50,1,1,1,1.0,4.0,93053,AUTOROUTE A103,M,"48,8879600","2,4725100",93,2019,70.0,1.0,1.0,1.0,2268374,2.0,2,4,1,0.0,,-1.0, -1,1999.0,C01,138Â 201Â 094,1.0,0.0,-1.0,1731424,2.0,10,,0.0,2.0,4.0,D01,138Â 201Â 095,1.0
1014326,201900055857,7,10,09:50,1,1,1,1.0,4.0,93053,AUTOROUTE A103,M,"48,8879600","2,4725100",93,2019,70.0,1.0,1.0,1.0,2268375,1.0,1,1,2,0.0,,-1.0, -1,1978.0,C01,138Â 201Â 094,1.0,0.0,-1.0,1731421,2.0,7,,0.0,2.0,1.0,A01,138Â 201Â 092,1.0
1014326,201900055857,7,10,09:50,1,1,1,1.0,4.0,93053,AUTOROUTE A103,M,"48,8879600","2,4725100",93,2019,70.0,1.0,1.0,1.0,2268375,1.0,1,1,2,0.0,,-1.0, -1,1978.0,C01,138Â 201Â 094,1.0,0.0,-1.0,1731422,2.0,7,,0.0,2.0,1.0,B01,138Â 201Â 093,1.0
1014326,201900055857,7,10,09:50,1,1,1,1.0,4.0,93053,AUTOROUTE A103,M,"48,8879600","2,4725100",93,2019,70.0,1.0,1.0,1.0,2268375,1.0,1,1,2,0.0,,-1.0, -1,1978.0,C01,138Â 201Â 094,1.0,0.0,-1.0,1731423,2.0,7,,0.0,2.0,1.0,C01,138Â 201Â 094,1.0
1014326,201900055857,7,10,09:50,1,1,1,1.0,4.0,93053,AUTOROUTE A103,M,"48,8879600","2,4725100",93,2019,70.0,1.0,1.0,1.0,2268375,1.0,1,1,2,0.0,,-1.0, -1,1978.0,C01,138Â 201Â 094,1.0,0.0,-1.0,1731424,2.0,10,,0.0,2.0,4.0,D01,138Â 201Â 095,1.0
1014326,201900055857,7,10,09:50,1,1,1,1.0,4.0,93053,AUTOROUTE A103,M,"48,8879600","2,4725100",93,2019,70.0,1.0,1.0,1.0,2268376,1.0,1,1,1,0.0,,-1.0, -1,1987.0,D01,138Â 201Â 095,1.0,0.0,-1.0,1731421,2.0,7,,0.0,2.0,1.0,A01,138Â 201Â 092,1.0
1014326,201900055857,7,10,09:50,1,1,1,1.0,4.0,93053,AUTOROUTE A103,M,"48,8879600","2,4725100",93,2019,70.0,1.0,1.0,1.0,2268376,1.0,1,1,1,0.0,,-1.0, -1,1987.0,D01,138Â 201Â 095,1.0,0.0,-1.0,1731422,2.0,7,,0.0,2.0,1.0,B01,138Â 201Â 093,1.0
1014326,201900055857,7,10,09:50,1,1,1,1.0,4.0,93053,AUTOROUTE A103,M,"48,8879600","2,4725100",93,2019,70.0,1.0,1.0,1.0,2268376,1.0,1,1,1,0.0,,-1.0, -1,1987.0,D01,138Â 201Â 095,1.0,0.0,-1.0,1731423,2.0,7,,0.0,2.0,1.0,C01,138Â 201Â 094,1.0
1014326,201900055857,7,10,09:50,1,1,1,1.0,4.0,93053,AUTOROUTE A103,M,"48,8879600","2,4725100",93,2019,70.0,1.0,1.0,1.0,2268376,1.0,1,1,1,0.0,,-1.0, -1,1987.0,D01,138Â 201Â 095,1.0,0.0,-1.0,1731424,2.0,10,,0.0,2.0,4.0,D01,138Â 201Â 095,1.0
1014327,201900055858,7,9,19:10,1,1,1,1.0,3.0,93027,BDL,M,"48,9343630","2,3966130",93,2019,90.0,1.0,1.0,1.0,2268377,1.0,1,1,1,9.0,,-1.0, -1,1989.0,B01,138Â 201Â 090,2.0,0.0,-1.0,1731425,1.0,43,,0.0,2.0,7.0,B01,138Â 201Â 090,1.0
1014327,201900055858,7,9,19:10,1,1,1,1.0,3.0,93027,BDL,M,"48,9343630","2,3966130",93,2019,90.0,1.0,1.0,1.0,2268377,1.0,1,1,1,9.0,,-1.0, -1,1989.0,B01,138Â 201Â 090,2.0,0.0,-1.0,1731426,1.0,7,,0.0,2.0,8.0,A01,138Â 201Â 091,1.0
1014327,201900055858,7,9,19:10,1,1,1,1.0,3.0,93027,BDL,M,"48,9343630","2,3966130",93,2019,90.0,1.0,1.0,1.0,2268378,2.0,2,4,2,0.0,,-1.0, -1,1984.0,B01,138Â 201Â 090,2.0,0.0,-1.0,1731425,1.0,43,,0.0,2.0,7.0,B01,138Â 201Â 090,1.0
1014327,201900055858,7,9,19:10,1,1,1,1.0,3.0,93027,BDL,M,"48,9343630","2,3966130",93,2019,90.0,1.0,1.0,1.0,2268378,2.0,2,4,2,0.0,,-1.0, -1,1984.0,B01,138Â 201Â 090,2.0,0.0,-1.0,1731426,1.0,7,,0.0,2.0,8.0,A01,138Â 201Â 091,1.0
1014327,201900055858,7,9,19:10,1,1,1,1.0,3.0,93027,BDL,M,"48,9343630","2,3966130",93,2019,90.0,1.0,1.0,1.0,2268379,1.0,1,1,1,9.0,,-1.0, -1,1990.0,A01,138Â 201Â 091,1.0,0.0,-1.0,1731425,1.0,43,,0.0,2.0,7.0,B01,138Â 201Â 090,1.0
1014327,201900055858,7,9,19:10,1,1,1,1.0,3.0,93027,BDL,M,"48,9343630","2,3966130",93,2019,90.0,1.0,1.0,1.0,2268379,1.0,1,1,1,9.0,,-1.0, -1,1990.0,A01,138Â 201Â 091,1.0,0.0,-1.0,1731426,1.0,7,,0.0,2.0,8.0,A01,138Â 201Â 091,1.0
1014328,201900055859,7,13,00:00,3,1,1,1.0,2.0,77372,A104,M,"48,8895450","2,6674570",77,2019,90.0,3.0,1.0,1.0,2268380,1.0,1,1,2,5.0,,-1.0, -1,1967.0,A01,138Â 201Â 088,1.0,0.0,-1.0,1731427,1.0,7,,0.0,2.0,1.0,A01,138Â 201Â 088,1.0
1014328,201900055859,7,13,00:00,3,1,1,1.0,2.0,77372,A104,M,"48,8895450","2,6674570",77,2019,90.0,3.0,1.0,1.0,2268380,1.0,1,1,2,5.0,,-1.0, -1,1967.0,A01,138Â 201Â 088,1.0,0.0,-1.0,1731428,1.0,33,,0.0,2.0,4.0,B01,138Â 201Â 089,1.0
1014328,201900055859,7,13,00:00,3,1,1,1.0,2.0,77372,A104,M,"48,8895450","2,6674570",77,2019,90.0,3.0,1.0,1.0,2268381,1.0,1,4,1,5.0,,-1.0,0,1972.0,B01,138Â 201Â 089,2.0,0.0,-1.0,1731427,1.0,7,,0.0,2.0,1.0,A01,138Â 201Â 088,1.0
1014328,201900055859,7,13,00:00,3,1,1,1.0,2.0,77372,A104,M,"48,8895450","2,6674570",77,2019,90.0,3.0,1.0,1.0,2268381,1.0,1,4,1,5.0,,-1.0,0,1972.0,B01,138Â 201Â 089,2.0,0.0,-1.0,1731428,1.0,33,,0.0,2.0,4.0,B01,138Â 201Â 089,1.0
1014329,201900055860,7,12,16:40,1,1,1,1.0,6.0,94028,A86 EXT,M,"48,8027305","2,4483867",94,2019,90.0,1.0,1.0,1.0,2268382,1.0,1,1,1,4.0,,-1.0,0,1965.0,B01,138Â 201Â 086,1.0,0.0,-1.0,1731429,1.0,10,,0.0,2.0,3.0,B01,138Â 201Â 086,1.0
1014329,201900055860,7,12,16:40,1,1,1,1.0,6.0,94028,A86 EXT,M,"48,8027305","2,4483867",94,2019,90.0,1.0,1.0,1.0,2268382,1.0,1,1,1,4.0,,-1.0,0,1965.0,B01,138Â 201Â 086,1.0,0.0,-1.0,1731430,1.0,33,,0.0,2.0,7.0,A01,138Â 201Â 087,1.0
1014329,201900055860,7,12,16:40,1,1,1,1.0,6.0,94028,A86 EXT,M,"48,8027305","2,4483867",94,2019,90.0,1.0,1.0,1.0,2268383,1.0,1,4,1,4.0,,-1.0,0,1973.0,A01,138Â 201Â 087,2.0,6.0,-1.0,1731429,1.0,10,,0.0,2.0,3.0,B01,138Â 201Â 086,1.0
1014329,201900055860,7,12,16:40,1,1,1,1.0,6.0,94028,A86 EXT,M,"48,8027305","2,4483867",94,2019,90.0,1.0,1.0,1.0,2268383,1.0,1,4,1,4.0,,-1.0,0,1973.0,A01,138Â 201Â 087,2.0,6.0,-1.0,1731430,1.0,33,,0.0,2.0,7.0,A01,138Â 201Â 087,1.0
1014330,201900055861,7,12,15:40,1,1,1,1.0,4.0,77373,RN104,M,"48,8011094","2,6252425",77,2019,90.0,1.0,1.0,2.0,2268384,1.0,1,4,1,1.0,,-1.0,0,1970.0,B01,138Â 201Â 083,1.0,8.0,-1.0,1731431,1.0,10,,0.0,2.0,4.0,B01,138Â 201Â 083,1.0
1014330,201900055861,7,12,15:40,1,1,1,1.0,4.0,77373,RN104,M,"48,8011094","2,6252425",77,2019,90.0,1.0,1.0,2.0,2268384,1.0,1,4,1,1.0,,-1.0,0,1970.0,B01,138Â 201Â 083,1.0,8.0,-1.0,1731432,1.0,7,,0.0,2.0,4.0,C01,138Â 201Â 084,1.0
1014330,201900055861,7,12,15:40,1,1,1,1.0,4.0,77373,RN104,M,"48,8011094","2,6252425",77,2019,90.0,1.0,1.0,2.0,2268384,1.0,1,4,1,1.0,,-1.0,0,1970.0,B01,138Â 201Â 083,1.0,8.0,-1.0,1731433,1.0,10,,0.0,2.0,1.0,A01,138Â 201Â 085,1.0
1014330,201900055861,7,12,15:40,1,1,1,1.0,4.0,77373,RN104,M,"48,8011094","2,6252425",77,2019,90.0,1.0,1.0,2.0,2268385,1.0,1,1,1,5.0,,-1.0,0,1991.0,C01,138Â 201Â 084,1.0,8.0,-1.0,1731431,1.0,10,,0.0,2.0,4.0,B01,138Â 201Â 083,1.0
1014330,201900055861,7,12,15:40,1,1,1,1.0,4.0,77373,RN104,M,"48,8011094","2,6252425",77,2019,90.0,1.0,1.0,2.0,2268385,1.0,1,1,1,5.0,,-1.0,0,1991.0,C01,138Â 201Â 084,1.0,8.0,-1.0,1731432,1.0,7,,0.0,2.0,4.0,C01,138Â 201Â 084,1.0
1014330,201900055861,7,12,15:40,1,1,1,1.0,4.0,77373,RN104,M,"48,8011094","2,6252425",77,2019,90.0,1.0,1.0,2.0,2268385,1.0,1,1,1,5.0,,-1.0,0,1991.0,C01,138Â 201Â 084,1.0,8.0,-1.0,1731433,1.0,10,,0.0,2.0,1.0,A01,138Â 201Â 085,1.0
1014330,201900055861,7,12,15:40,1,1,1,1.0,4.0,77373,RN104,M,"48,8011094","2,6252425",77,2019,90.0,1.0,1.0,2.0,2268386,1.0,1,1,1,1.0,,-1.0,0,1978.0,A01,138Â 201Â 085,1.0,8.0,-1.0,1731431,1.0,10,,0.0,2.0,4.0,B01,138Â 201Â 083,1.0
1014330,201900055861,7,12,15:40,1,1,1,1.0,4.0,77373,RN104,M,"48,8011094","2,6252425",77,2019,90.0,1.0,1.0,2.0,2268386,1.0,1,1,1,1.0,,-1.0,0,1978.0,A01,138Â 201Â 085,1.0,8.0,-1.0,1731432,1.0,7,,0.0,2.0,4.0,C01,138Â 201Â 084,1.0
1014330,201900055861,7,12,15:40,1,1,1,1.0,4.0,77373,RN104,M,"48,8011094","2,6252425",77,2019,90.0,1.0,1.0,2.0,2268386,1.0,1,1,1,1.0,,-1.0,0,1978.0,A01,138Â 201Â 085,1.0,8.0,-1.0,1731433,1.0,10,,0.0,2.0,1.0,A01,138Â 201Â 085,1.0
1014331,201900055862,7,12,12:45,1,1,1,1.0,6.0,94052,A86 INT,M,"48,8344183","2,4932707",94,2019,90.0,1.0,1.0,1.0,2268387,1.0,1,4,1,1.0,,-1.0,0,1992.0,A01,138Â 201Â 082,2.0,8.0,-1.0,1731434,1.0,31,,0.0,0.0,0.0,A01,138Â 201Â 082,1.0