Unnamed: 0_x,num_acc,mois,jour,hrmn,lum,agg,int,atm,col,com,adr,gps,lat,long,dep,annee,vma,situ,surf,catr,Unnamed: 0_y,place,catu,grav,sexe,trajet,secu,locp,actp,an_nais,num_veh_x,id_vehicule_x,secu1,secu2,secu3,Unnamed: 0,senc,catv,occutc,obs,obsm,choc,num_veh_y,id_vehicule_y,motor
1014332,201900055863,7,10,23:10,5,1,1,1.0,2.0,94042,A4,M,"48,7639581","2,3420715",94,2019,90.0,1.0,1.0,1.0,2268388,1.0,1,1,1,5.0,,-1.0,0,1983.0,A01,138Â 201Â 080,1.0,8.0,-1.0,1731435,1.0,7,,0.0,2.0,4.0,A01,138Â 201Â 080,1.0
1014332,201900055863,7,10,23:10,5,1,1,1.0,2.0,94042,A4,M,"48,7639581","2,3420715",94,2019,90.0,1.0,1.0,1.0,2268388,1.0,1,1,1,5.0,,-1.0,0,1983.0,A01,138Â 201Â 080,1.0,8.0,-1.0,1731436,1.0,7,,0.0,2.0,1.0,B01,138Â 201Â 081,1.0
1014332,201900055863,7,10,23:10,5,1,1,1.0,2.0,94042,A4,M,"48,7639581","2,3420715",94,2019,90.0,1.0,1.0,1.0,2268389,2.0,2,3,1,5.0,,-1.0,0,1938.0,B01,138Â 201Â 081,1.0,8.0,-1.0,1731435,1.0,7,,0.0,2.0,4.0,A01,138Â 201Â 080,1.0
1014332,201900055863,7,10,23:10,5,1,1,1.0,2.0,94042,A4,M,"48,7639581","2,3420715",94,2019,90.0,1.0,1.0,1.0,2268389,2.0,2,3,1,5.0,,-1.0,0,1938.0,B01,138Â 201Â 081,1.0,8.0,-1.0,1731436,1.0,7,,0.0,2.0,1.0,B01,138Â 201Â 081,1.0
1014332,201900055863,7,10,23:10,5,1,1,1.0,2.0,94042,A4,M,"48,7639581","2,3420715",94,2019,90.0,1.0,1.0,1.0,2268390,1.0,1,1,2,5.0,,-1.0,0,1936.0,B01,138Â 201Â 081,1.0,8.0,-1.0,1731435,1.0,7,,0.0,2.0,4.0,A01,138Â 201Â 080,1.0
1014332,201900055863,7,10,23:10,5,1,1,1.0,2.0,94042,A4,M,"48,7639581","2,3420715",94,2019,90.0,1.0,1.0,1.0,2268390,1.0,1,1,2,5.0,,-1.0,0,1936.0,B01,138Â 201Â 081,1.0,8.0,-1.0,1731436,1.0,7,,0.0,2.0,1.0,B01,138Â 201Â 081,1.0
1014333,201900055864,7,10,21:45,5,1,9,1.0,2.0,94073,A86 EXT,M,"48,7710535","2,3889587",94,2019,90.0,1.0,1.0,1.0,2268391,1.0,1,1,1,4.0,,-1.0,0,1983.0,B01,138Â 201Â 078,1.0,4.0,-1.0,1731437,2.0,7,,0.0,2.0,5.0,B01,138Â 201Â 078,1.0
1014333,201900055864,7,10,21:45,5,1,9,1.0,2.0,94073,A86 EXT,M,"48,7710535","2,3889587",94,2019,90.0,1.0,1.0,1.0,2268391,1.0,1,1,1,4.0,,-1.0,0,1983.0,B01,138Â 201Â 078,1.0,4.0,-1.0,1731438,2.0,33,,0.0,2.0,1.0,A01,138Â 201Â 079,1.0
1014333,201900055864,7,10,21:45,5,1,9,1.0,2.0,94073,A86 EXT,M,"48,7710535","2,3889587",94,2019,90.0,1.0,1.0,1.0,2268392,1.0,1,3,1,1.0,,-1.0,0,1985.0,A01,138Â 201Â 079,2.0,6.0,-1.0,1731437,2.0,7,,0.0,2.0,5.0,B01,138Â 201Â 078,1.0
1014333,201900055864,7,10,21:45,5,1,9,1.0,2.0,94073,A86 EXT,M,"48,7710535","2,3889587",94,2019,90.0,1.0,1.0,1.0,2268392,1.0,1,3,1,1.0,,-1.0,0,1985.0,A01,138Â 201Â 079,2.0,6.0,-1.0,1731438,2.0,33,,0.0,2.0,1.0,A01,138Â 201Â 079,1.0
1014334,201900055865,7,10,18:30,1,1,1,1.0,3.0,94033,A86.INT,M,"48,8535900","2,4891600",94,2019,90.0,1.0,1.0,1.0,2268393,1.0,1,1,2,5.0,,-1.0,0,1997.0,A01,138Â 201Â 076,1.0,8.0,-1.0,1731439,1.0,7,,0.0,2.0,5.0,A01,138Â 201Â 076,1.0
1014334,201900055865,7,10,18:30,1,1,1,1.0,3.0,94033,A86.INT,M,"48,8535900","2,4891600",94,2019,90.0,1.0,1.0,1.0,2268393,1.0,1,1,2,5.0,,-1.0,0,1997.0,A01,138Â 201Â 076,1.0,8.0,-1.0,1731440,1.0,31,,0.0,2.0,8.0,B01,138Â 201Â 077,1.0
1014334,201900055865,7,10,18:30,1,1,1,1.0,3.0,94033,A86.INT,M,"48,8535900","2,4891600",94,2019,90.0,1.0,1.0,1.0,2268394,1.0,1,4,1,9.0,,-1.0,0,1967.0,B01,138Â 201Â 077,2.0,8.0,-1.0,1731439,1.0,7,,0.0,2.0,5.0,A01,138Â 201Â 076,1.0
1014334,201900055865,7,10,18:30,1,1,1,1.0,3.0,94033,A86.INT,M,"48,8535900","2,4891600",94,2019,90.0,1.0,1.0,1.0,2268394,1.0,1,4,1,9.0,,-1.0,0,1967.0,B01,138Â 201Â 077,2.0,8.0,-1.0,1731440,1.0,31,,0.0,2.0,8.0,B01,138Â 201Â 077,1.0
1014335,201900055866,7,9,13:02,1,2,1,1.0,7.0,49007,LETANDUERE,M,"47,4574300"," -0,5540500",49,2019,50.0,1.0,1.0,4.0,2268395,1.0,1,4,2,0.0,,-1.0,0,1970.0,A01,138Â 201Â 075,8.0,0.0,-1.0,1731441,1.0,1,,0.0,0.0,0.0,A01,138Â 201Â 075,5.0
1014336,201900055867,3,28,12:50,1,1,1,1.0,3.0,33192,AUTOROUTE A 63,M,"44,7811600"," -0,6365500",33,2019,90.0,1.0,1.0,1.0,2268396,1.0,1,4,1,1.0,,-1.0, -1,1980.0,B01,138Â 201Â 071,1.0,8.0,-1.0,1731442,2.0,7,,4.0,2.0,6.0,B01,138Â 201Â 071,1.0
1014336,201900055867,3,28,12:50,1,1,1,1.0,3.0,33192,AUTOROUTE A 63,M,"44,7811600"," -0,6365500",33,2019,90.0,1.0,1.0,1.0,2268396,1.0,1,4,1,1.0,,-1.0, -1,1980.0,B01,138Â 201Â 071,1.0,8.0,-1.0,1731443,2.0,17,,0.0,2.0,2.0,A01,138Â 201Â 072,1.0
1014336,201900055867,3,28,12:50,1,1,1,1.0,3.0,33192,AUTOROUTE A 63,M,"44,7811600"," -0,6365500",33,2019,90.0,1.0,1.0,1.0,2268397,1.0,1,1,1,4.0,,-1.0, -1,1950.0,A01,138Â 201Â 072,1.0,8.0,-1.0,1731442,2.0,7,,4.0,2.0,6.0,B01,138Â 201Â 071,1.0
1014336,201900055867,3,28,12:50,1,1,1,1.0,3.0,33192,AUTOROUTE A 63,M,"44,7811600"," -0,6365500",33,2019,90.0,1.0,1.0,1.0,2268397,1.0,1,1,1,4.0,,-1.0, -1,1950.0,A01,138Â 201Â 072,1.0,8.0,-1.0,1731443,2.0,17,,0.0,2.0,2.0,A01,138Â 201Â 072,1.0
1014337,201900055868,3,28,12:35,1,1,1,1.0,2.0,33090,AUTOROUTE A 63,M,"44,7633900"," -0,6748000",33,2019,110.0,1.0,1.0,1.0,2268398,1.0,1,3,2,2.0,,-1.0, -1,1997.0,A01,138Â 201Â 069,1.0,8.0,-1.0,1731444,2.0,7,,0.0,2.0,1.0,A01,138Â 201Â 069,1.0
1014337,201900055868,3,28,12:35,1,1,1,1.0,2.0,33090,AUTOROUTE A 63,M,"44,7633900"," -0,6748000",33,2019,110.0,1.0,1.0,1.0,2268398,1.0,1,3,2,2.0,,-1.0, -1,1997.0,A01,138Â 201Â 069,1.0,8.0,-1.0,1731445,2.0,14,,0.0,2.0,4.0,B01,138Â 201Â 070,1.0
1014337,201900055868,3,28,12:35,1,1,1,1.0,2.0,33090,AUTOROUTE A 63,M,"44,7633900"," -0,6748000",33,2019,110.0,1.0,1.0,1.0,2268399,1.0,1,1,1,4.0,,-1.0, -1,1966.0,B01,138Â 201Â 070,1.0,8.0,-1.0,1731444,2.0,7,,0.0,2.0,1.0,A01,138Â 201Â 069,1.0
1014337,201900055868,3,28,12:35,1,1,1,1.0,2.0,33090,AUTOROUTE A 63,M,"44,7633900"," -0,6748000",33,2019,110.0,1.0,1.0,1.0,2268399,1.0,1,1,1,4.0,,-1.0, -1,1966.0,B01,138Â 201Â 070,1.0,8.0,-1.0,1731445,2.0,14,,0.0,2.0,4.0,B01,138Â 201Â 070,1.0
1014338,201900055869,3,30,16:20,1,1,1,1.0,4.0,91689,AUTOROUTE A6B,M,"48,7496680","2,3286890",91,2019,110.0,1.0,1.0,1.0,2268400,1.0,1,1,1,5.0,,0.0,0,1971.0,A01,138Â 201Â 065,1.0,0.0,-1.0,1731446,2.0,10,,0.0,2.0,1.0,A01,138Â 201Â 065,1.0
1014338,201900055869,3,30,16:20,1,1,1,1.0,4.0,91689,AUTOROUTE A6B,M,"48,7496680","2,3286890",91,2019,110.0,1.0,1.0,1.0,2268400,1.0,1,1,1,5.0,,0.0,0,1971.0,A01,138Â 201Â 065,1.0,0.0,-1.0,1731447,2.0,10,,0.0,2.0,4.0,C01,138Â 201Â 066,1.0
1014338,201900055869,3,30,16:20,1,1,1,1.0,4.0,91689,AUTOROUTE A6B,M,"48,7496680","2,3286890",91,2019,110.0,1.0,1.0,1.0,2268400,1.0,1,1,1,5.0,,0.0,0,1971.0,A01,138Â 201Â 065,1.0,0.0,-1.0,1731448,2.0,10,,0.0,2.0,1.0,B01,138Â 201Â 067,1.0
1014338,201900055869,3,30,16:20,1,1,1,1.0,4.0,91689,AUTOROUTE A6B,M,"48,7496680","2,3286890",91,2019,110.0,1.0,1.0,1.0,2268400,1.0,1,1,1,5.0,,0.0,0,1971.0,A01,138Â 201Â 065,1.0,0.0,-1.0,1731449,2.0,10,,0.0,2.0,4.0,D01,138Â 201Â 068,1.0
1014338,201900055869,3,30,16:20,1,1,1,1.0,4.0,91689,AUTOROUTE A6B,M,"48,7496680","2,3286890",91,2019,110.0,1.0,1.0,1.0,2268401,3.0,2,1,2,5.0,,0.0,0,2002.0,A01,138Â 201Â 065,1.0,0.0,-1.0,1731446,2.0,10,,0.0,2.0,1.0,A01,138Â 201Â 065,1.0
1014338,201900055869,3,30,16:20,1,1,1,1.0,4.0,91689,AUTOROUTE A6B,M,"48,7496680","2,3286890",91,2019,110.0,1.0,1.0,1.0,2268401,3.0,2,1,2,5.0,,0.0,0,2002.0,A01,138Â 201Â 065,1.0,0.0,-1.0,1731447,2.0,10,,0.0,2.0,4.0,C01,138Â 201Â 066,1.0
1014338,201900055869,3,30,16:20,1,1,1,1.0,4.0,91689,AUTOROUTE A6B,M,"48,7496680","2,3286890",91,2019,110.0,1.0,1.0,1.0,2268401,3.0,2,1,2,5.0,,0.0,0,2002.0,A01,138Â 201Â 065,1.0,0.0,-1.0,1731448,2.0,10,,0.0,2.0,1.0,B01,138Â 201Â 067,1.0
1014338,201900055869,3,30,16:20,1,1,1,1.0,4.0,91689,AUTOROUTE A6B,M,"48,7496680","2,3286890",91,2019,110.0,1.0,1.0,1.0,2268401,3.0,2,1,2,5.0,,0.0,0,2002.0,A01,138Â 201Â 065,1.0,0.0,-1.0,1731449,2.0,10,,0.0,2.0,4.0,D01,138Â 201Â 068,1.0
1014338,201900055869,3,30,16:20,1,1,1,1.0,4.0,91689,AUTOROUTE A6B,M,"48,7496680","2,3286890",91,2019,110.0,1.0,1.0,1.0,2268402,2.0,2,1,2,5.0,,0.0,0,1974.0,A01,138Â 201Â 065,1.0,0.0,-1.0,1731446,2.0,10,,0.0,2.0,1.0,A01,138Â 201Â 065,1.0
1014338,201900055869,3,30,16:20,1,1,1,1.0,4.0,91689,AUTOROUTE A6B,M,"48,7496680","2,3286890",91,2019,110.0,1.0,1.0,1.0,2268402,2.0,2,1,2,5.0,,0.0,0,1974.0,A01,138Â 201Â 065,1.0,0.0,-1.0,1731447,2.0,10,,0.0,2.0,4.0,C01,138Â 201Â 066,1.0
1014338,201900055869,3,30,16:20,1,1,1,1.0,4.0,91689,AUTOROUTE A6B,M,"48,7496680","2,3286890",91,2019,110.0,1.0,1.0,1.0,2268402,2.0,2,1,2,5.0,,0.0,0,1974.0,A01,138Â 201Â 065,1.0,0.0,-1.0,1731448,2.0,10,,0.0,2.0,1.0,B01,138Â 201Â 067,1.0
1014338,201900055869,3,30,16:20,1,1,1,1.0,4.0,91689,AUTOROUTE A6B,M,"48,7496680","2,3286890",91,2019,110.0,1.0,1.0,1.0,2268402,2.0,2,1,2,5.0,,0.0,0,1974.0,A01,138Â 201Â 065,1.0,0.0,-1.0,1731449,2.0,10,,0.0,2.0,4.0,D01,138Â 201Â 068,1.0
1014338,201900055869,3,30,16:20,1,1,1,1.0,4.0,91689,AUTOROUTE A6B,M,"48,7496680","2,3286890",91,2019,110.0,1.0,1.0,1.0,2268403,3.0,2,4,2,5.0,,0.0,0,1972.0,A01,138Â 201Â 065,1.0,0.0,-1.0,1731446,2.0,10,,0.0,2.0,1.0,A01,138Â 201Â 065,1.0
1014338,201900055869,3,30,16:20,1,1,1,1.0,4.0,91689,AUTOROUTE A6B,M,"48,7496680","2,3286890",91,2019,110.0,1.0,1.0,1.0,2268403,3.0,2,4,2,5.0,,0.0,0,1972.0,A01,138Â 201Â 065,1.0,0.0,-1.0,1731447,2.0,10,,0.0,2.0,4.0,C01,138Â 201Â 066,1.0
1014338,201900055869,3,30,16:20,1,1,1,1.0,4.0,91689,AUTOROUTE A6B,M,"48,7496680","2,3286890",91,2019,110.0,1.0,1.0,1.0,2268403,3.0,2,4,2,5.0,,0.0,0,1972.0,A01,138Â 201Â 065,1.0,0.0,-1.0,1731448,2.0,10,,0.0,2.0,1.0,B01,138Â 201Â 067,1.0
1014338,201900055869,3,30,16:20,1,1,1,1.0,4.0,91689,AUTOROUTE A6B,M,"48,7496680","2,3286890",91,2019,110.0,1.0,1.0,1.0,2268403,3.0,2,4,2,5.0,,0.0,0,1972.0,A01,138Â 201Â 065,1.0,0.0,-1.0,1731449,2.0,10,,0.0,2.0,4.0,D01,138Â 201Â 068,1.0
1014338,201900055869,3,30,16:20,1,1,1,1.0,4.0,91689,AUTOROUTE A6B,M,"48,7496680","2,3286890",91,2019,110.0,1.0,1.0,1.0,2268404,1.0,1,1,1,5.0,,0.0,0,1994.0,C01,138Â 201Â 066,1.0,0.0,-1.0,1731446,2.0,10,,0.0,2.0,1.0,A01,138Â 201Â 065,1.0
1014338,201900055869,3,30,16:20,1,1,1,1.0,4.0,91689,AUTOROUTE A6B,M,"48,7496680","2,3286890",91,2019,110.0,1.0,1.0,1.0,2268404,1.0,1,1,1,5.0,,0.0,0,1994.0,C01,138Â 201Â 066,1.0,0.0,-1.0,1731447,2.0,10,,0.0,2.0,4.0,C01,138Â 201Â 066,1.0
1014338,201900055869,3,30,16:20,1,1,1,1.0,4.0,91689,AUTOROUTE A6B,M,"48,7496680","2,3286890",91,2019,110.0,1.0,1.0,1.0,2268404,1.0,1,1,1,5.0,,0.0,0,1994.0,C01,138Â 201Â 066,1.0,0.0,-1.0,1731448,2.0,10,,0.0,2.0,1.0,B01,138Â 201Â 067,1.0
1014338,201900055869,3,30,16:20,1,1,1,1.0,4.0,91689,AUTOROUTE A6B,M,"48,7496680","2,3286890",91,2019,110.0,1.0,1.0,1.0,2268404,1.0,1,1,1,5.0,,0.0,0,1994.0,C01,138Â 201Â 066,1.0,0.0,-1.0,1731449,2.0,10,,0.0,2.0,4.0,D01,138Â 201Â 068,1.0
1014338,201900055869,3,30,16:20,1,1,1,1.0,4.0,91689,AUTOROUTE A6B,M,"48,7496680","2,3286890",91,2019,110.0,1.0,1.0,1.0,2268405,1.0,1,1,2,5.0,,0.0,0,1999.0,B01,138Â 201Â 067,1.0,0.0,-1.0,1731446,2.0,10,,0.0,2.0,1.0,A01,138Â 201Â 065,1.0
1014338,201900055869,3,30,16:20,1,1,1,1.0,4.0,91689,AUTOROUTE A6B,M,"48,7496680","2,3286890",91,2019,110.0,1.0,1.0,1.0,2268405,1.0,1,1,2,5.0,,0.0,0,1999.0,B01,138Â 201Â 067,1.0,0.0,-1.0,1731447,2.0,10,,0.0,2.0,4.0,C01,138Â 201Â 066,1.0
1014338,201900055869,3,30,16:20,1,1,1,1.0,4.0,91689,AUTOROUTE A6B,M,"48,7496680","2,3286890",91,2019,110.0,1.0,1.0,1.0,2268405,1.0,1,1,2,5.0,,0.0,0,1999.0,B01,138Â 201Â 067,1.0,0.0,-1.0,1731448,2.0,10,,0.0,2.0,1.0,B01,138Â 201Â 067,1.0
1014338,201900055869,3,30,16:20,1,1,1,1.0,4.0,91689,AUTOROUTE A6B,M,"48,7496680","2,3286890",91,2019,110.0,1.0,1.0,1.0,2268405,1.0,1,1,2,5.0,,0.0,0,1999.0,B01,138Â 201Â 067,1.0,0.0,-1.0,1731449,2.0,10,,0.0,2.0,4.0,D01,138Â 201Â 068,1.0
1014338,201900055869,3,30,16:20,1,1,1,1.0,4.0,91689,AUTOROUTE A6B,M,"48,7496680","2,3286890",91,2019,110.0,1.0,1.0,1.0,2268406,1.0,1,1,1,5.0,,0.0,0,1942.0,D01,138Â 201Â 068,1.0,0.0,-1.0,1731446,2.0,10,,0.0,2.0,1.0,A01,138Â 201Â 065,1.0
1014338,201900055869,3,30,16:20,1,1,1,1.0,4.0,91689,AUTOROUTE A6B,M,"48,7496680","2,3286890",91,2019,110.0,1.0,1.0,1.0,2268406,1.0,1,1,1,5.0,,0.0,0,1942.0,D01,138Â 201Â 068,1.0,0.0,-1.0,1731447,2.0,10,,0.0,2.0,4.0,C01,138Â 201Â 066,1.0
1014338,201900055869,3,30,16:20,1,1,1,1.0,4.0,91689,AUTOROUTE A6B,M,"48,7496680","2,3286890",91,2019,110.0,1.0,1.0,1.0,2268406,1.0,1,1,1,5.0,,0.0,0,1942.0,D01,138Â 201Â 068,1.0,0.0,-1.0,1731448,2.0,10,,0.0,2.0,1.0,B01,138Â 201Â 067,1.0
1014338,201900055869,3,30,16:20,1,1,1,1.0,4.0,91689,AUTOROUTE A6B,M,"48,7496680","2,3286890",91,2019,110.0,1.0,1.0,1.0,2268406,1.0,1,1,1,5.0,,0.0,0,1942.0,D01,138Â 201Â 068,1.0,0.0,-1.0,1731449,2.0,10,,0.0,2.0,4.0,D01,138Â 201Â 068,1.0
1014339,201900055870,3,30,13:40,1,1,1,1.0,5.0,91347,RN 104,M,"48,6221200","2,2829100",91,2019,110.0,1.0,1.0,2.0,2268407,1.0,1,4,2,0.0,,0.0,0,1974.0,B01,138Â 201Â 062,1.0,0.0,-1.0,1731450,1.0,7,,0.0,2.0,6.0,B01,138Â 201Â 062,1.0
1014339,201900055870,3,30,13:40,1,1,1,1.0,5.0,91347,RN 104,M,"48,6221200","2,2829100",91,2019,110.0,1.0,1.0,2.0,2268407,1.0,1,4,2,0.0,,0.0,0,1974.0,B01,138Â 201Â 062,1.0,0.0,-1.0,1731451,1.0,15,,0.0,2.0,8.0,C01,138Â 201Â 063,1.0
1014339,201900055870,3,30,13:40,1,1,1,1.0,5.0,91347,RN 104,M,"48,6221200","2,2829100",91,2019,110.0,1.0,1.0,2.0,2268407,1.0,1,4,2,0.0,,0.0,0,1974.0,B01,138Â 201Â 062,1.0,0.0,-1.0,1731452,1.0,7,,0.0,2.0,0.0,A01,138Â 201Â 064,1.0
1014339,201900055870,3,30,13:40,1,1,1,1.0,5.0,91347,RN 104,M,"48,6221200","2,2829100",91,2019,110.0,1.0,1.0,2.0,2268408,1.0,1,1,1,0.0,,0.0,0,1986.0,C01,138Â 201Â 063,1.0,0.0,-1.0,1731450,1.0,7,,0.0,2.0,6.0,B01,138Â 201Â 062,1.0
1014339,201900055870,3,30,13:40,1,1,1,1.0,5.0,91347,RN 104,M,"48,6221200","2,2829100",91,2019,110.0,1.0,1.0,2.0,2268408,1.0,1,1,1,0.0,,0.0,0,1986.0,C01,138Â 201Â 063,1.0,0.0,-1.0,1731451,1.0,15,,0.0,2.0,8.0,C01,138Â 201Â 063,1.0
1014339,201900055870,3,30,13:40,1,1,1,1.0,5.0,91347,RN 104,M,"48,6221200","2,2829100",91,2019,110.0,1.0,1.0,2.0,2268408,1.0,1,1,1,0.0,,0.0,0,1986.0,C01,138Â 201Â 063,1.0,0.0,-1.0,1731452,1.0,7,,0.0,2.0,0.0,A01,138Â 201Â 064,1.0
1014339,201900055870,3,30,13:40,1,1,1,1.0,5.0,91347,RN 104,M,"48,6221200","2,2829100",91,2019,110.0,1.0,1.0,2.0,2268409,1.0,1,1,1,1.0,,0.0,0,1984.0,A01,138Â 201Â 064,1.0,0.0,-1.0,1731450,1.0,7,,0.0,2.0,6.0,B01,138Â 201Â 062,1.0
1014339,201900055870,3,30,13:40,1,1,1,1.0,5.0,91347,RN 104,M,"48,6221200","2,2829100",91,2019,110.0,1.0,1.0,2.0,2268409,1.0,1,1,1,1.0,,0.0,0,1984.0,A01,138Â 201Â 064,1.0,0.0,-1.0,1731451,1.0,15,,0.0,2.0,8.0,C01,138Â 201Â 063,1.0
1014339,201900055870,3,30,13:40,1,1,1,1.0,5.0,91347,RN 104,M,"48,6221200","2,2829100",91,2019,110.0,1.0,1.0,2.0,2268409,1.0,1,1,1,1.0,,0.0,0,1984.0,A01,138Â 201Â 064,1.0,0.0,-1.0,1731452,1.0,7,,0.0,2.0,0.0,A01,138Â 201Â 064,1.0
1014340,201900055871,3,30,10:40,1,1,1,1.0,5.0,91136,AUTOROUTE A126,M,"48,7116200","2,2928760",91,2019,90.0,1.0,1.0,1.0,2268410,1.0,1,1,1,4.0,,0.0,0,1987.0,A01,138Â 201Â 059,1.0,0.0,-1.0,1731453,1.0,7,,0.0,2.0,1.0,A01,138Â 201Â 059,0.0
1014340,201900055871,3,30,10:40,1,1,1,1.0,5.0,91136,AUTOROUTE A126,M,"48,7116200","2,2928760",91,2019,90.0,1.0,1.0,1.0,2268410,1.0,1,1,1,4.0,,0.0,0,1987.0,A01,138Â 201Â 059,1.0,0.0,-1.0,1731454,2.0,7,,0.0,2.0,8.0,C01,138Â 201Â 060,0.0
1014340,201900055871,3,30,10:40,1,1,1,1.0,5.0,91136,AUTOROUTE A126,M,"48,7116200","2,2928760",91,2019,90.0,1.0,1.0,1.0,2268410,1.0,1,1,1,4.0,,0.0,0,1987.0,A01,138Â 201Â 059,1.0,0.0,-1.0,1731455,1.0,10,,0.0,0.0,4.0,B01,138Â 201Â 061,0.0
1014340,201900055871,3,30,10:40,1,1,1,1.0,5.0,91136,AUTOROUTE A126,M,"48,7116200","2,2928760",91,2019,90.0,1.0,1.0,1.0,2268411,1.0,1,1,1,5.0,,0.0,0,1960.0,C01,138Â 201Â 060,1.0,0.0,-1.0,1731453,1.0,7,,0.0,2.0,1.0,A01,138Â 201Â 059,0.0
1014340,201900055871,3,30,10:40,1,1,1,1.0,5.0,91136,AUTOROUTE A126,M,"48,7116200","2,2928760",91,2019,90.0,1.0,1.0,1.0,2268411,1.0,1,1,1,5.0,,0.0,0,1960.0,C01,138Â 201Â 060,1.0,0.0,-1.0,1731454,2.0,7,,0.0,2.0,8.0,C01,138Â 201Â 060,0.0
1014340,201900055871,3,30,10:40,1,1,1,1.0,5.0,91136,AUTOROUTE A126,M,"48,7116200","2,2928760",91,2019,90.0,1.0,1.0,1.0,2268411,1.0,1,1,1,5.0,,0.0,0,1960.0,C01,138Â 201Â 060,1.0,0.0,-1.0,1731455,1.0,10,,0.0,0.0,4.0,B01,138Â 201Â 061,0.0
1014340,201900055871,3,30,10:40,1,1,1,1.0,5.0,91136,AUTOROUTE A126,M,"48,7116200","2,2928760",91,2019,90.0,1.0,1.0,1.0,2268412,1.0,1,4,1,0.0,,0.0,0,1984.0,B01,138Â 201Â 061,1.0,0.0,-1.0,1731453,1.0,7,,0.0,2.0,1.0,A01,138Â 201Â 059,0.0
1014340,201900055871,3,30,10:40,1,1,1,1.0,5.0,91136,AUTOROUTE A126,M,"48,7116200","2,2928760",91,2019,90.0,1.0,1.0,1.0,2268412,1.0,1,4,1,0.0,,0.0,0,1984.0,B01,138Â 201Â 061,1.0,0.0,-1.0,1731454,2.0,7,,0.0,2.0,8.0,C01,138Â 201Â 060,0.0
1014340,201900055871,3,30,10:40,1,1,1,1.0,5.0,91136,AUTOROUTE A126,M,"48,7116200","2,2928760",91,2019,90.0,1.0,1.0,1.0,2268412,1.0,1,4,1,0.0,,0.0,0,1984.0,B01,138Â 201Â 061,1.0,0.0,-1.0,1731455,1.0,10,,0.0,0.0,4.0,B01,138Â 201Â 061,0.0
1014341,201900055872,3,30,09:53,1,1,1,1.0,3.0,91689,AUTOROUTE A6B,M,"48,7469600","2,3266000",91,2019,130.0,1.0,1.0,1.0,2268413,1.0,1,4,1,5.0,,0.0,0,1994.0,A01,138Â 201Â 057,2.0,6.0,-1.0,1731456,1.0,33,,0.0,2.0,6.0,A01,138Â 201Â 057,1.0
1014341,201900055872,3,30,09:53,1,1,1,1.0,3.0,91689,AUTOROUTE A6B,M,"48,7469600","2,3266000",91,2019,130.0,1.0,1.0,1.0,2268413,1.0,1,4,1,5.0,,0.0,0,1994.0,A01,138Â 201Â 057,2.0,6.0,-1.0,1731457,1.0,7,,0.0,2.0,7.0,Z01,138Â 201Â 058,1.0
1014342,201900055873,3,29,11:50,1,1,9,1.0,4.0,94065,AUTOROUTE A86,M,"48,7547700","2,3468500",94,2019,90.0,1.0,1.0,1.0,2268414,1.0,1,1,1,0.0,,0.0,0,1967.0,B01,138Â 201Â 054,1.0,8.0,-1.0,1731458,1.0,7,,0.0,2.0,5.0,B01,138Â 201Â 054,1.0
1014342,201900055873,3,29,11:50,1,1,9,1.0,4.0,94065,AUTOROUTE A86,M,"48,7547700","2,3468500",94,2019,90.0,1.0,1.0,1.0,2268414,1.0,1,1,1,0.0,,0.0,0,1967.0,B01,138Â 201Â 054,1.0,8.0,-1.0,1731459,1.0,7,,0.0,2.0,3.0,C01,138Â 201Â 055,1.0
1014342,201900055873,3,29,11:50,1,1,9,1.0,4.0,94065,AUTOROUTE A86,M,"48,7547700","2,3468500",94,2019,90.0,1.0,1.0,1.0,2268414,1.0,1,1,1,0.0,,0.0,0,1967.0,B01,138Â 201Â 054,1.0,8.0,-1.0,1731460,1.0,33,,0.0,2.0,1.0,A01,138Â 201Â 056,1.0
1014342,201900055873,3,29,11:50,1,1,9,1.0,4.0,94065,AUTOROUTE A86,M,"48,7547700","2,3468500",94,2019,90.0,1.0,1.0,1.0,2268415,1.0,1,1,2,0.0,,0.0,0,1991.0,C01,138Â 201Â 055,1.0,8.0,-1.0,1731458,1.0,7,,0.0,2.0,5.0,B01,138Â 201Â 054,1.0
1014342,201900055873,3,29,11:50,1,1,9,1.0,4.0,94065,AUTOROUTE A86,M,"48,7547700","2,3468500",94,2019,90.0,1.0,1.0,1.0,2268415,1.0,1,1,2,0.0,,0.0,0,1991.0,C01,138Â 201Â 055,1.0,8.0,-1.0,1731459,1.0,7,,0.0,2.0,3.0,C01,138Â 201Â 055,1.0
1014342,201900055873,3,29,11:50,1,1,9,1.0,4.0,94065,AUTOROUTE A86,M,"48,7547700","2,3468500",94,2019,90.0,1.0,1.0,1.0,2268415,1.0,1,1,2,0.0,,0.0,0,1991.0,C01,138Â 201Â 055,1.0,8.0,-1.0,1731460,1.0,33,,0.0,2.0,1.0,A01,138Â 201Â 056,1.0
1014342,201900055873,3,29,11:50,1,1,9,1.0,4.0,94065,AUTOROUTE A86,M,"48,7547700","2,3468500",94,2019,90.0,1.0,1.0,1.0,2268416,1.0,1,4,1,0.0,,0.0,0,1975.0,A01,138Â 201Â 056,2.0,8.0,-1.0,1731458,1.0,7,,0.0,2.0,5.0,B01,138Â 201Â 054,1.0
1014342,201900055873,3,29,11:50,1,1,9,1.0,4.0,94065,AUTOROUTE A86,M,"48,7547700","2,3468500",94,2019,90.0,1.0,1.0,1.0,2268416,1.0,1,4,1,0.0,,0.0,0,1975.0,A01,138Â 201Â 056,2.0,8.0,-1.0,1731459,1.0,7,,0.0,2.0,3.0,C01,138Â 201Â 055,1.0