Unnamed: 0_x,num_acc,mois,jour,hrmn,lum,agg,int,atm,col,com,adr,gps,lat,long,dep,annee,vma,situ,surf,catr,Unnamed: 0_y,place,catu,grav,sexe,trajet,secu,locp,actp,an_nais,num_veh_x,id_vehicule_x,secu1,secu2,secu3,Unnamed: 0,senc,catv,occutc,obs,obsm,choc,num_veh_y,id_vehicule_y,motor
1014342,201900055873,3,29,11:50,1,1,9,1.0,4.0,94065,AUTOROUTE A86,M,"48,7547700","2,3468500",94,2019,90.0,1.0,1.0,1.0,2268416,1.0,1,4,1,0.0,,0.0,0,1975.0,A01,138Â 201Â 056,2.0,8.0,-1.0,1731460,1.0,33,,0.0,2.0,1.0,A01,138Â 201Â 056,1.0
1014343,201900055874,3,28,21:58,3,1,1,1.0,1.0,91312,RD 444,M,"48,7312730","2,2396310",91,2019,70.0,1.0,1.0,3.0,2268417,1.0,1,4,1,5.0,,0.0,0,1971.0,B01,138Â 201Â 052,2.0,8.0,-1.0,1731461,3.0,43,,0.0,2.0,1.0,B01,138Â 201Â 052,1.0
1014343,201900055874,3,28,21:58,3,1,1,1.0,1.0,91312,RD 444,M,"48,7312730","2,2396310",91,2019,70.0,1.0,1.0,3.0,2268417,1.0,1,4,1,5.0,,0.0,0,1971.0,B01,138Â 201Â 052,2.0,8.0,-1.0,1731462,3.0,10,,0.0,2.0,2.0,A01,138Â 201Â 053,1.0
1014343,201900055874,3,28,21:58,3,1,1,1.0,1.0,91312,RD 444,M,"48,7312730","2,2396310",91,2019,70.0,1.0,1.0,3.0,2268418,1.0,1,1,1,1.0,,0.0,0,1980.0,A01,138Â 201Â 053,1.0,8.0,-1.0,1731461,3.0,43,,0.0,2.0,1.0,B01,138Â 201Â 052,1.0
1014343,201900055874,3,28,21:58,3,1,1,1.0,1.0,91312,RD 444,M,"48,7312730","2,2396310",91,2019,70.0,1.0,1.0,3.0,2268418,1.0,1,1,1,1.0,,0.0,0,1980.0,A01,138Â 201Â 053,1.0,8.0,-1.0,1731462,3.0,10,,0.0,2.0,2.0,A01,138Â 201Â 053,1.0
1014344,201900055875,3,28,11:00,1,1,1,1.0,2.0,94034,AUTOROUTE A86,M,"48,7620815","2,3139095",94,2019,90.0,1.0,1.0,1.0,2268419,2.0,2,4,1,4.0,,-1.0,0,1964.0,A01,138Â 201Â 048,1.0,8.0,-1.0,1731463,2.0,99,,0.0,2.0,1.0,A01,138Â 201Â 048,1.0
1014344,201900055875,3,28,11:00,1,1,1,1.0,2.0,94034,AUTOROUTE A86,M,"48,7620815","2,3139095",94,2019,90.0,1.0,1.0,1.0,2268419,2.0,2,4,1,4.0,,-1.0,0,1964.0,A01,138Â 201Â 048,1.0,8.0,-1.0,1731464,2.0,14,,0.0,2.0,6.0,B01,138Â 201Â 049,0.0
1014344,201900055875,3,28,11:00,1,1,1,1.0,2.0,94034,AUTOROUTE A86,M,"48,7620815","2,3139095",94,2019,90.0,1.0,1.0,1.0,2268420,1.0,1,1,1,4.0,,-1.0,0,1968.0,A01,138Â 201Â 048,1.0,8.0,-1.0,1731463,2.0,99,,0.0,2.0,1.0,A01,138Â 201Â 048,1.0
1014344,201900055875,3,28,11:00,1,1,1,1.0,2.0,94034,AUTOROUTE A86,M,"48,7620815","2,3139095",94,2019,90.0,1.0,1.0,1.0,2268420,1.0,1,1,1,4.0,,-1.0,0,1968.0,A01,138Â 201Â 048,1.0,8.0,-1.0,1731464,2.0,14,,0.0,2.0,6.0,B01,138Â 201Â 049,0.0
1014344,201900055875,3,28,11:00,1,1,1,1.0,2.0,94034,AUTOROUTE A86,M,"48,7620815","2,3139095",94,2019,90.0,1.0,1.0,1.0,2268421,1.0,1,1,1,4.0,,-1.0,0,1976.0,B01,138Â 201Â 049,1.0,8.0,-1.0,1731463,2.0,99,,0.0,2.0,1.0,A01,138Â 201Â 048,1.0
1014344,201900055875,3,28,11:00,1,1,1,1.0,2.0,94034,AUTOROUTE A86,M,"48,7620815","2,3139095",94,2019,90.0,1.0,1.0,1.0,2268421,1.0,1,1,1,4.0,,-1.0,0,1976.0,B01,138Â 201Â 049,1.0,8.0,-1.0,1731464,2.0,14,,0.0,2.0,6.0,B01,138Â 201Â 049,0.0
1014345,201900055876,3,28,07:05,1,1,1,1.0,2.0,94038,AUTOROUTE A6A,M,"48,7854000","2,3464000",94,2019,90.0,1.0,1.0,1.0,2268422,1.0,1,4,1,1.0,,-1.0,0,1991.0,A01,138Â 201Â 046,2.0,6.0,-1.0,1731465,2.0,33,,0.0,2.0,1.0,A01,138Â 201Â 046,1.0
1014345,201900055876,3,28,07:05,1,1,1,1.0,2.0,94038,AUTOROUTE A6A,M,"48,7854000","2,3464000",94,2019,90.0,1.0,1.0,1.0,2268422,1.0,1,4,1,1.0,,-1.0,0,1991.0,A01,138Â 201Â 046,2.0,6.0,-1.0,1731466,2.0,7,,0.0,2.0,6.0,B01,138Â 201Â 047,1.0
1014345,201900055876,3,28,07:05,1,1,1,1.0,2.0,94038,AUTOROUTE A6A,M,"48,7854000","2,3464000",94,2019,90.0,1.0,1.0,1.0,2268423,1.0,1,1,1,4.0,,-1.0,0,1975.0,B01,138Â 201Â 047,1.0,0.0,-1.0,1731465,2.0,33,,0.0,2.0,1.0,A01,138Â 201Â 046,1.0
1014345,201900055876,3,28,07:05,1,1,1,1.0,2.0,94038,AUTOROUTE A6A,M,"48,7854000","2,3464000",94,2019,90.0,1.0,1.0,1.0,2268423,1.0,1,1,1,4.0,,-1.0,0,1975.0,B01,138Â 201Â 047,1.0,0.0,-1.0,1731466,2.0,7,,0.0,2.0,6.0,B01,138Â 201Â 047,1.0
1014346,201900055877,3,29,16:10,1,1,1,1.0,2.0,78043,A12 W,M,"48,8343800","2,0872000",78,2019,110.0,1.0,1.0,1.0,2268424,1.0,1,4,1,1.0,,-1.0,0,1974.0,A01,138Â 201Â 044,2.0,6.0,-1.0,1731467,2.0,43,,0.0,2.0,1.0,A01,138Â 201Â 044,1.0
1014346,201900055877,3,29,16:10,1,1,1,1.0,2.0,78043,A12 W,M,"48,8343800","2,0872000",78,2019,110.0,1.0,1.0,1.0,2268424,1.0,1,4,1,1.0,,-1.0,0,1974.0,A01,138Â 201Â 044,2.0,6.0,-1.0,1731468,2.0,10,,0.0,2.0,4.0,B01,138Â 201Â 045,1.0
1014346,201900055877,3,29,16:10,1,1,1,1.0,2.0,78043,A12 W,M,"48,8343800","2,0872000",78,2019,110.0,1.0,1.0,1.0,2268425,1.0,1,1,1,1.0,,-1.0,0,1981.0,B01,138Â 201Â 045,1.0,8.0,-1.0,1731467,2.0,43,,0.0,2.0,1.0,A01,138Â 201Â 044,1.0
1014346,201900055877,3,29,16:10,1,1,1,1.0,2.0,78043,A12 W,M,"48,8343800","2,0872000",78,2019,110.0,1.0,1.0,1.0,2268425,1.0,1,1,1,1.0,,-1.0,0,1981.0,B01,138Â 201Â 045,1.0,8.0,-1.0,1731468,2.0,10,,0.0,2.0,4.0,B01,138Â 201Â 045,1.0
1014347,201900055878,3,29,08:45,1,1,1,1.0,2.0,78490,RN12 EXT,M,"48,8004170","1,9389110",78,2019,110.0,1.0,1.0,2.0,2268426,1.0,1,1,1,0.0,,-1.0,0,1969.0,B01,138Â 201Â 039,1.0,8.0,-1.0,1731469,2.0,7,,0.0,2.0,4.0,B01,138Â 201Â 039,1.0
1014347,201900055878,3,29,08:45,1,1,1,1.0,2.0,78490,RN12 EXT,M,"48,8004170","1,9389110",78,2019,110.0,1.0,1.0,2.0,2268426,1.0,1,1,1,0.0,,-1.0,0,1969.0,B01,138Â 201Â 039,1.0,8.0,-1.0,1731470,2.0,7,,0.0,2.0,1.0,A01,138Â 201Â 040,1.0
1014347,201900055878,3,29,08:45,1,1,1,1.0,2.0,78490,RN12 EXT,M,"48,8004170","1,9389110",78,2019,110.0,1.0,1.0,2.0,2268427,1.0,1,4,1,0.0,,-1.0,0,1995.0,A01,138Â 201Â 040,1.0,8.0,-1.0,1731469,2.0,7,,0.0,2.0,4.0,B01,138Â 201Â 039,1.0
1014347,201900055878,3,29,08:45,1,1,1,1.0,2.0,78490,RN12 EXT,M,"48,8004170","1,9389110",78,2019,110.0,1.0,1.0,2.0,2268427,1.0,1,4,1,0.0,,-1.0,0,1995.0,A01,138Â 201Â 040,1.0,8.0,-1.0,1731470,2.0,7,,0.0,2.0,1.0,A01,138Â 201Â 040,1.0
1014348,201900055879,3,28,23:00,4,1,1,1.0,2.0,92050,A86,M,"48,8924962","2,1863429",92,2019,90.0,1.0,1.0,1.0,2268428,4.0,2,4,1,0.0,,-1.0,0,1999.0,B01,138Â 201Â 037,1.0,0.0,-1.0,1731471,2.0,10,,0.0,0.0,4.0,B01,138Â 201Â 037,1.0
1014348,201900055879,3,28,23:00,4,1,1,1.0,2.0,92050,A86,M,"48,8924962","2,1863429",92,2019,90.0,1.0,1.0,1.0,2268428,4.0,2,4,1,0.0,,-1.0,0,1999.0,B01,138Â 201Â 037,1.0,0.0,-1.0,1731472,2.0,10,,0.0,2.0,1.0,A01,138Â 201Â 038,1.0
1014348,201900055879,3,28,23:00,4,1,1,1.0,2.0,92050,A86,M,"48,8924962","2,1863429",92,2019,90.0,1.0,1.0,1.0,2268429,1.0,1,4,2,0.0,,-1.0,0,1998.0,B01,138Â 201Â 037,1.0,0.0,-1.0,1731471,2.0,10,,0.0,0.0,4.0,B01,138Â 201Â 037,1.0
1014348,201900055879,3,28,23:00,4,1,1,1.0,2.0,92050,A86,M,"48,8924962","2,1863429",92,2019,90.0,1.0,1.0,1.0,2268429,1.0,1,4,2,0.0,,-1.0,0,1998.0,B01,138Â 201Â 037,1.0,0.0,-1.0,1731472,2.0,10,,0.0,2.0,1.0,A01,138Â 201Â 038,1.0
1014348,201900055879,3,28,23:00,4,1,1,1.0,2.0,92050,A86,M,"48,8924962","2,1863429",92,2019,90.0,1.0,1.0,1.0,2268430,3.0,2,4,1,0.0,,-1.0,0,1999.0,B01,138Â 201Â 037,1.0,0.0,-1.0,1731471,2.0,10,,0.0,0.0,4.0,B01,138Â 201Â 037,1.0
1014348,201900055879,3,28,23:00,4,1,1,1.0,2.0,92050,A86,M,"48,8924962","2,1863429",92,2019,90.0,1.0,1.0,1.0,2268430,3.0,2,4,1,0.0,,-1.0,0,1999.0,B01,138Â 201Â 037,1.0,0.0,-1.0,1731472,2.0,10,,0.0,2.0,1.0,A01,138Â 201Â 038,1.0
1014348,201900055879,3,28,23:00,4,1,1,1.0,2.0,92050,A86,M,"48,8924962","2,1863429",92,2019,90.0,1.0,1.0,1.0,2268431,2.0,2,4,1,0.0,,-1.0,0,2000.0,B01,138Â 201Â 037,1.0,0.0,-1.0,1731471,2.0,10,,0.0,0.0,4.0,B01,138Â 201Â 037,1.0
1014348,201900055879,3,28,23:00,4,1,1,1.0,2.0,92050,A86,M,"48,8924962","2,1863429",92,2019,90.0,1.0,1.0,1.0,2268431,2.0,2,4,1,0.0,,-1.0,0,2000.0,B01,138Â 201Â 037,1.0,0.0,-1.0,1731472,2.0,10,,0.0,2.0,1.0,A01,138Â 201Â 038,1.0
1014348,201900055879,3,28,23:00,4,1,1,1.0,2.0,92050,A86,M,"48,8924962","2,1863429",92,2019,90.0,1.0,1.0,1.0,2268432,2.0,2,1,1,0.0,,-1.0,0,1981.0,A01,138Â 201Â 038,1.0,0.0,-1.0,1731471,2.0,10,,0.0,0.0,4.0,B01,138Â 201Â 037,1.0
1014348,201900055879,3,28,23:00,4,1,1,1.0,2.0,92050,A86,M,"48,8924962","2,1863429",92,2019,90.0,1.0,1.0,1.0,2268432,2.0,2,1,1,0.0,,-1.0,0,1981.0,A01,138Â 201Â 038,1.0,0.0,-1.0,1731472,2.0,10,,0.0,2.0,1.0,A01,138Â 201Â 038,1.0
1014348,201900055879,3,28,23:00,4,1,1,1.0,2.0,92050,A86,M,"48,8924962","2,1863429",92,2019,90.0,1.0,1.0,1.0,2268433,1.0,1,1,1,0.0,,-1.0,0,1979.0,A01,138Â 201Â 038,1.0,0.0,-1.0,1731471,2.0,10,,0.0,0.0,4.0,B01,138Â 201Â 037,1.0
1014348,201900055879,3,28,23:00,4,1,1,1.0,2.0,92050,A86,M,"48,8924962","2,1863429",92,2019,90.0,1.0,1.0,1.0,2268433,1.0,1,1,1,0.0,,-1.0,0,1979.0,A01,138Â 201Â 038,1.0,0.0,-1.0,1731472,2.0,10,,0.0,2.0,1.0,A01,138Â 201Â 038,1.0
1014349,201900055880,3,28,21:10,3,1,1,1.0,6.0,78545,A12 Y,M,"48,8089330","2,0544450",78,2019,90.0,1.0,1.0,1.0,2268434,1.0,1,4,2,0.0,,-1.0,0,1963.0,A01,138Â 201Â 036,1.0,8.0,-1.0,1731473,2.0,7,,9.0,0.0,2.0,A01,138Â 201Â 036,1.0
1014350,201900055881,3,28,21:00,5,1,1,1.0,6.0,92050,AUTOROUTE A14,M,"48,8996754","2,2115028",92,2019,70.0,1.0,1.0,1.0,2268435,1.0,1,4,1,0.0,,-1.0,0,1985.0,A01,138Â 201Â 035,2.0,0.0,-1.0,1731474,2.0,33,,12.0,0.0,3.0,A01,138Â 201Â 035,0.0
1014351,201900055882,3,28,20:16,3,1,1,1.0,2.0,92047,A13,M,"48,8335438","2,1618435",92,2019,110.0,1.0,1.0,1.0,2268436,1.0,1,4,2,0.0,,-1.0,0,1975.0,B01,138Â 201Â 033,1.0,8.0,-1.0,1731475,1.0,7,,0.0,2.0,4.0,B01,138Â 201Â 033,1.0
1014351,201900055882,3,28,20:16,3,1,1,1.0,2.0,92047,A13,M,"48,8335438","2,1618435",92,2019,110.0,1.0,1.0,1.0,2268436,1.0,1,4,2,0.0,,-1.0,0,1975.0,B01,138Â 201Â 033,1.0,8.0,-1.0,1731476,1.0,7,,0.0,2.0,1.0,A01,138Â 201Â 034,1.0
1014351,201900055882,3,28,20:16,3,1,1,1.0,2.0,92047,A13,M,"48,8335438","2,1618435",92,2019,110.0,1.0,1.0,1.0,2268437,1.0,1,4,2,0.0,,-1.0,0,1984.0,A01,138Â 201Â 034,1.0,8.0,-1.0,1731475,1.0,7,,0.0,2.0,4.0,B01,138Â 201Â 033,1.0
1014351,201900055882,3,28,20:16,3,1,1,1.0,2.0,92047,A13,M,"48,8335438","2,1618435",92,2019,110.0,1.0,1.0,1.0,2268437,1.0,1,4,2,0.0,,-1.0,0,1984.0,A01,138Â 201Â 034,1.0,8.0,-1.0,1731476,1.0,7,,0.0,2.0,1.0,A01,138Â 201Â 034,1.0
1014352,201900055883,3,28,09:20,1,1,4,1.0,6.0,92050,A86,M,"48,9019463","2,2029090",92,2019,70.0,1.0,1.0,1.0,2268438,1.0,1,4,1,5.0,,-1.0,0,1958.0,A01,138Â 201Â 032,1.0,0.0,-1.0,1731477,1.0,7,,14.0,0.0,1.0,A01,138Â 201Â 032,0.0
1014353,201900055884,3,28,09:05,1,1,1,1.0,5.0,92050,A14,M,"48,9003493","2,2094019",92,2019,70.0,1.0,1.0,1.0,2268439,1.0,1,4,1,1.0,,-1.0,0,1992.0,A01,138Â 201Â 029,1.0,8.0,-1.0,1731478,1.0,7,,0.0,2.0,1.0,A01,138Â 201Â 029,1.0
1014353,201900055884,3,28,09:05,1,1,1,1.0,5.0,92050,A14,M,"48,9003493","2,2094019",92,2019,70.0,1.0,1.0,1.0,2268439,1.0,1,4,1,1.0,,-1.0,0,1992.0,A01,138Â 201Â 029,1.0,8.0,-1.0,1731479,1.0,7,,0.0,2.0,6.0,C01,138Â 201Â 030,1.0
1014353,201900055884,3,28,09:05,1,1,1,1.0,5.0,92050,A14,M,"48,9003493","2,2094019",92,2019,70.0,1.0,1.0,1.0,2268439,1.0,1,4,1,1.0,,-1.0,0,1992.0,A01,138Â 201Â 029,1.0,8.0,-1.0,1731480,1.0,7,,0.0,2.0,5.0,B01,138Â 201Â 031,1.0
1014353,201900055884,3,28,09:05,1,1,1,1.0,5.0,92050,A14,M,"48,9003493","2,2094019",92,2019,70.0,1.0,1.0,1.0,2268440,1.0,1,1,2,1.0,,-1.0,0,1964.0,C01,138Â 201Â 030,1.0,0.0,-1.0,1731478,1.0,7,,0.0,2.0,1.0,A01,138Â 201Â 029,1.0
1014353,201900055884,3,28,09:05,1,1,1,1.0,5.0,92050,A14,M,"48,9003493","2,2094019",92,2019,70.0,1.0,1.0,1.0,2268440,1.0,1,1,2,1.0,,-1.0,0,1964.0,C01,138Â 201Â 030,1.0,0.0,-1.0,1731479,1.0,7,,0.0,2.0,6.0,C01,138Â 201Â 030,1.0
1014353,201900055884,3,28,09:05,1,1,1,1.0,5.0,92050,A14,M,"48,9003493","2,2094019",92,2019,70.0,1.0,1.0,1.0,2268440,1.0,1,1,2,1.0,,-1.0,0,1964.0,C01,138Â 201Â 030,1.0,0.0,-1.0,1731480,1.0,7,,0.0,2.0,5.0,B01,138Â 201Â 031,1.0
1014353,201900055884,3,28,09:05,1,1,1,1.0,5.0,92050,A14,M,"48,9003493","2,2094019",92,2019,70.0,1.0,1.0,1.0,2268441,1.0,1,4,2,9.0,,-1.0,0,1964.0,B01,138Â 201Â 031,1.0,0.0,-1.0,1731478,1.0,7,,0.0,2.0,1.0,A01,138Â 201Â 029,1.0
1014353,201900055884,3,28,09:05,1,1,1,1.0,5.0,92050,A14,M,"48,9003493","2,2094019",92,2019,70.0,1.0,1.0,1.0,2268441,1.0,1,4,2,9.0,,-1.0,0,1964.0,B01,138Â 201Â 031,1.0,0.0,-1.0,1731479,1.0,7,,0.0,2.0,6.0,C01,138Â 201Â 030,1.0
1014353,201900055884,3,28,09:05,1,1,1,1.0,5.0,92050,A14,M,"48,9003493","2,2094019",92,2019,70.0,1.0,1.0,1.0,2268441,1.0,1,4,2,9.0,,-1.0,0,1964.0,B01,138Â 201Â 031,1.0,0.0,-1.0,1731480,1.0,7,,0.0,2.0,5.0,B01,138Â 201Â 031,1.0
1014354,201900055885,3,27,20:30,3,1,1,1.0,2.0,78297,RN12,M,"48,7890080","2,0606240",78,2019,110.0,1.0,1.0,2.0,2268442,1.0,1,1,1,0.0,,-1.0,0,1948.0,B01,138Â 201Â 027,8.0,0.0,-1.0,1731481,2.0,7,,0.0,2.0,6.0,B01,138Â 201Â 027,1.0
1014354,201900055885,3,27,20:30,3,1,1,1.0,2.0,78297,RN12,M,"48,7890080","2,0606240",78,2019,110.0,1.0,1.0,2.0,2268442,1.0,1,1,1,0.0,,-1.0,0,1948.0,B01,138Â 201Â 027,8.0,0.0,-1.0,1731482,2.0,13,,1.0,0.0,2.0,A01,138Â 201Â 028,1.0
1014354,201900055885,3,27,20:30,3,1,1,1.0,2.0,78297,RN12,M,"48,7890080","2,0606240",78,2019,110.0,1.0,1.0,2.0,2268443,1.0,1,4,1,0.0,,-1.0,0,1978.0,A01,138Â 201Â 028,1.0,0.0,-1.0,1731481,2.0,7,,0.0,2.0,6.0,B01,138Â 201Â 027,1.0
1014354,201900055885,3,27,20:30,3,1,1,1.0,2.0,78297,RN12,M,"48,7890080","2,0606240",78,2019,110.0,1.0,1.0,2.0,2268443,1.0,1,4,1,0.0,,-1.0,0,1978.0,A01,138Â 201Â 028,1.0,0.0,-1.0,1731482,2.0,13,,1.0,0.0,2.0,A01,138Â 201Â 028,1.0
1014355,201900055886,3,30,17:05,1,1,1,1.0,7.0,95018,AUTOROUTE A15,M,"48,9549000","2,2785300",95,2019,110.0,1.0,1.0,1.0,2268444,1.0,1,4,1,1.0,,-1.0,0,1976.0,A01,138Â 201Â 026,2.0,8.0,-1.0,1731483,1.0,34,,0.0,0.0,9.0,A01,138Â 201Â 026,1.0
1014356,201900055887,3,30,16:00,1,1,1,1.0,2.0,92036,AUTOROUTE A15,M,"48,9435831","2,2873876",92,2019,90.0,1.0,1.0,1.0,2268445,1.0,1,1,2,9.0,,-1.0,0,1984.0,B01,138Â 201Â 024,1.0,0.0,-1.0,1731484,2.0,7,,0.0,2.0,4.0,B01,138Â 201Â 024,1.0
1014356,201900055887,3,30,16:00,1,1,1,1.0,2.0,92036,AUTOROUTE A15,M,"48,9435831","2,2873876",92,2019,90.0,1.0,1.0,1.0,2268445,1.0,1,1,2,9.0,,-1.0,0,1984.0,B01,138Â 201Â 024,1.0,0.0,-1.0,1731485,2.0,7,,0.0,2.0,1.0,A01,138Â 201Â 025,1.0
1014356,201900055887,3,30,16:00,1,1,1,1.0,2.0,92036,AUTOROUTE A15,M,"48,9435831","2,2873876",92,2019,90.0,1.0,1.0,1.0,2268446,1.0,1,4,2,9.0,,-1.0,0,1996.0,A01,138Â 201Â 025,1.0,8.0,-1.0,1731484,2.0,7,,0.0,2.0,4.0,B01,138Â 201Â 024,1.0
1014356,201900055887,3,30,16:00,1,1,1,1.0,2.0,92036,AUTOROUTE A15,M,"48,9435831","2,2873876",92,2019,90.0,1.0,1.0,1.0,2268446,1.0,1,4,2,9.0,,-1.0,0,1996.0,A01,138Â 201Â 025,1.0,8.0,-1.0,1731485,2.0,7,,0.0,2.0,1.0,A01,138Â 201Â 025,1.0
1014356,201900055887,3,30,16:00,1,1,1,1.0,2.0,92036,AUTOROUTE A15,M,"48,9435831","2,2873876",92,2019,90.0,1.0,1.0,1.0,2268447,2.0,2,4,2,9.0,,-1.0,0,1999.0,A01,138Â 201Â 025,1.0,0.0,-1.0,1731484,2.0,7,,0.0,2.0,4.0,B01,138Â 201Â 024,1.0
1014356,201900055887,3,30,16:00,1,1,1,1.0,2.0,92036,AUTOROUTE A15,M,"48,9435831","2,2873876",92,2019,90.0,1.0,1.0,1.0,2268447,2.0,2,4,2,9.0,,-1.0,0,1999.0,A01,138Â 201Â 025,1.0,0.0,-1.0,1731485,2.0,7,,0.0,2.0,1.0,A01,138Â 201Â 025,1.0
1014357,201900055888,3,30,01:20,3,1,1,1.0,6.0,93010,AUTOROUTE A3,M,"48,9065400","2,4725000",93,2019,90.0,1.0,1.0,1.0,2268448,1.0,1,4,1,1.0,,-1.0, -1,1991.0,A01,138Â 201Â 023,2.0,6.0,-1.0,1731486,1.0,32,,3.0,0.0,1.0,A01,138Â 201Â 023,1.0
1014358,201900055889,3,29,18:35,1,1,1,1.0,4.0,95572,RN 184,M,"49,0353200","2,1163700",95,2019,90.0,1.0,1.0,2.0,2268449,1.0,1,1,1,9.0,,-1.0,0,1994.0,C01,138Â 201Â 020,1.0,0.0,-1.0,1731487,1.0,7,,0.0,2.0,4.0,C01,138Â 201Â 020,1.0
1014358,201900055889,3,29,18:35,1,1,1,1.0,4.0,95572,RN 184,M,"49,0353200","2,1163700",95,2019,90.0,1.0,1.0,2.0,2268449,1.0,1,1,1,9.0,,-1.0,0,1994.0,C01,138Â 201Â 020,1.0,0.0,-1.0,1731488,1.0,7,,0.0,2.0,5.0,B01,138Â 201Â 021,1.0
1014358,201900055889,3,29,18:35,1,1,1,1.0,4.0,95572,RN 184,M,"49,0353200","2,1163700",95,2019,90.0,1.0,1.0,2.0,2268449,1.0,1,1,1,9.0,,-1.0,0,1994.0,C01,138Â 201Â 020,1.0,0.0,-1.0,1731489,1.0,7,,0.0,2.0,3.0,A01,138Â 201Â 022,1.0
1014358,201900055889,3,29,18:35,1,1,1,1.0,4.0,95572,RN 184,M,"49,0353200","2,1163700",95,2019,90.0,1.0,1.0,2.0,2268450,1.0,1,1,2,9.0,,-1.0,0,1995.0,B01,138Â 201Â 021,1.0,8.0,-1.0,1731487,1.0,7,,0.0,2.0,4.0,C01,138Â 201Â 020,1.0
1014358,201900055889,3,29,18:35,1,1,1,1.0,4.0,95572,RN 184,M,"49,0353200","2,1163700",95,2019,90.0,1.0,1.0,2.0,2268450,1.0,1,1,2,9.0,,-1.0,0,1995.0,B01,138Â 201Â 021,1.0,8.0,-1.0,1731488,1.0,7,,0.0,2.0,5.0,B01,138Â 201Â 021,1.0
1014358,201900055889,3,29,18:35,1,1,1,1.0,4.0,95572,RN 184,M,"49,0353200","2,1163700",95,2019,90.0,1.0,1.0,2.0,2268450,1.0,1,1,2,9.0,,-1.0,0,1995.0,B01,138Â 201Â 021,1.0,8.0,-1.0,1731489,1.0,7,,0.0,2.0,3.0,A01,138Â 201Â 022,1.0
1014358,201900055889,3,29,18:35,1,1,1,1.0,4.0,95572,RN 184,M,"49,0353200","2,1163700",95,2019,90.0,1.0,1.0,2.0,2268451,2.0,2,4,1,0.0,,-1.0,0,2016.0,A01,138Â 201Â 022,3.0,0.0,-1.0,1731487,1.0,7,,0.0,2.0,4.0,C01,138Â 201Â 020,1.0
1014358,201900055889,3,29,18:35,1,1,1,1.0,4.0,95572,RN 184,M,"49,0353200","2,1163700",95,2019,90.0,1.0,1.0,2.0,2268451,2.0,2,4,1,0.0,,-1.0,0,2016.0,A01,138Â 201Â 022,3.0,0.0,-1.0,1731488,1.0,7,,0.0,2.0,5.0,B01,138Â 201Â 021,1.0
1014358,201900055889,3,29,18:35,1,1,1,1.0,4.0,95572,RN 184,M,"49,0353200","2,1163700",95,2019,90.0,1.0,1.0,2.0,2268451,2.0,2,4,1,0.0,,-1.0,0,2016.0,A01,138Â 201Â 022,3.0,0.0,-1.0,1731489,1.0,7,,0.0,2.0,3.0,A01,138Â 201Â 022,1.0
1014358,201900055889,3,29,18:35,1,1,1,1.0,4.0,95572,RN 184,M,"49,0353200","2,1163700",95,2019,90.0,1.0,1.0,2.0,2268452,1.0,1,4,2,0.0,,-1.0,0,1986.0,A01,138Â 201Â 022,1.0,8.0,-1.0,1731487,1.0,7,,0.0,2.0,4.0,C01,138Â 201Â 020,1.0
1014358,201900055889,3,29,18:35,1,1,1,1.0,4.0,95572,RN 184,M,"49,0353200","2,1163700",95,2019,90.0,1.0,1.0,2.0,2268452,1.0,1,4,2,0.0,,-1.0,0,1986.0,A01,138Â 201Â 022,1.0,8.0,-1.0,1731488,1.0,7,,0.0,2.0,5.0,B01,138Â 201Â 021,1.0
1014358,201900055889,3,29,18:35,1,1,1,1.0,4.0,95572,RN 184,M,"49,0353200","2,1163700",95,2019,90.0,1.0,1.0,2.0,2268452,1.0,1,4,2,0.0,,-1.0,0,1986.0,A01,138Â 201Â 022,1.0,8.0,-1.0,1731489,1.0,7,,0.0,2.0,3.0,A01,138Â 201Â 022,1.0
1014359,201900055890,3,29,16:25,1,1,1,1.0,2.0,95394,RN 184,M,"49,0505000","2,1460800",95,2019,90.0,1.0,1.0,2.0,2268453,1.0,1,4,2,2.0,,-1.0,0,1997.0,B01,138Â 201Â 018,1.0,8.0,-1.0,1731490,1.0,7,,0.0,2.0,4.0,B01,138Â 201Â 018,1.0
1014359,201900055890,3,29,16:25,1,1,1,1.0,2.0,95394,RN 184,M,"49,0505000","2,1460800",95,2019,90.0,1.0,1.0,2.0,2268453,1.0,1,4,2,2.0,,-1.0,0,1997.0,B01,138Â 201Â 018,1.0,8.0,-1.0,1731491,1.0,7,,1.0,0.0,1.0,A01,138Â 201Â 019,1.0
1014359,201900055890,3,29,16:25,1,1,1,1.0,2.0,95394,RN 184,M,"49,0505000","2,1460800",95,2019,90.0,1.0,1.0,2.0,2268454,1.0,1,1,2,1.0,,-1.0,0,1969.0,A01,138Â 201Â 019,1.0,8.0,-1.0,1731490,1.0,7,,0.0,2.0,4.0,B01,138Â 201Â 018,1.0
1014359,201900055890,3,29,16:25,1,1,1,1.0,2.0,95394,RN 184,M,"49,0505000","2,1460800",95,2019,90.0,1.0,1.0,2.0,2268454,1.0,1,1,2,1.0,,-1.0,0,1969.0,A01,138Â 201Â 019,1.0,8.0,-1.0,1731491,1.0,7,,1.0,0.0,1.0,A01,138Â 201Â 019,1.0
1014360,201900055891,3,29,16:30,1,1,1,1.0,2.0,93027,AUTOROUTE A1,M,"48,9340100","2,3894900",93,2019,90.0,1.0,1.0,1.0,2268455,1.0,1,4,2,0.0,,-1.0, -1,1999.0,A01,138Â 201Â 016,1.0,0.0,-1.0,1731492,1.0,7,,0.0,2.0,1.0,A01,138Â 201Â 016,1.0