Unnamed: 0_x,num_acc,mois,jour,hrmn,lum,agg,int,atm,col,com,adr,gps,lat,long,dep,annee,vma,situ,surf,catr,Unnamed: 0_y,place,catu,grav,sexe,trajet,secu,locp,actp,an_nais,num_veh_x,id_vehicule_x,secu1,secu2,secu3,Unnamed: 0,senc,catv,occutc,obs,obsm,choc,num_veh_y,id_vehicule_y,motor
1014360,201900055891,3,29,16:30,1,1,1,1.0,2.0,93027,AUTOROUTE A1,M,"48,9340100","2,3894900",93,2019,90.0,1.0,1.0,1.0,2268455,1.0,1,4,2,0.0,,-1.0, -1,1999.0,A01,138Â 201Â 016,1.0,0.0,-1.0,1731493,1.0,7,,0.0,2.0,4.0,B01,138Â 201Â 017,1.0
1014360,201900055891,3,29,16:30,1,1,1,1.0,2.0,93027,AUTOROUTE A1,M,"48,9340100","2,3894900",93,2019,90.0,1.0,1.0,1.0,2268456,2.0,2,4,2,0.0,,-1.0, -1,2001.0,A01,138Â 201Â 016,1.0,0.0,-1.0,1731492,1.0,7,,0.0,2.0,1.0,A01,138Â 201Â 016,1.0
1014360,201900055891,3,29,16:30,1,1,1,1.0,2.0,93027,AUTOROUTE A1,M,"48,9340100","2,3894900",93,2019,90.0,1.0,1.0,1.0,2268456,2.0,2,4,2,0.0,,-1.0, -1,2001.0,A01,138Â 201Â 016,1.0,0.0,-1.0,1731493,1.0,7,,0.0,2.0,4.0,B01,138Â 201Â 017,1.0
1014360,201900055891,3,29,16:30,1,1,1,1.0,2.0,93027,AUTOROUTE A1,M,"48,9340100","2,3894900",93,2019,90.0,1.0,1.0,1.0,2268457,1.0,1,1,1,0.0,,-1.0, -1,1960.0,B01,138Â 201Â 017,1.0,0.0,-1.0,1731492,1.0,7,,0.0,2.0,1.0,A01,138Â 201Â 016,1.0
1014360,201900055891,3,29,16:30,1,1,1,1.0,2.0,93027,AUTOROUTE A1,M,"48,9340100","2,3894900",93,2019,90.0,1.0,1.0,1.0,2268457,1.0,1,1,1,0.0,,-1.0, -1,1960.0,B01,138Â 201Â 017,1.0,0.0,-1.0,1731493,1.0,7,,0.0,2.0,4.0,B01,138Â 201Â 017,1.0
1014361,201900055892,3,29,15:00,1,1,1,1.0,2.0,93007,AUTOROUTE A3,M,"48,9182600","2,4786700",93,2019,110.0,1.0,1.0,1.0,2268458,1.0,1,1,2,1.0,,-1.0, -1,1990.0,A01,138Â 201Â 014,1.0,0.0,-1.0,1731494,1.0,7,,0.0,2.0,1.0,A01,138Â 201Â 014,1.0
1014361,201900055892,3,29,15:00,1,1,1,1.0,2.0,93007,AUTOROUTE A3,M,"48,9182600","2,4786700",93,2019,110.0,1.0,1.0,1.0,2268458,1.0,1,1,2,1.0,,-1.0, -1,1990.0,A01,138Â 201Â 014,1.0,0.0,-1.0,1731495,1.0,7,,0.0,2.0,4.0,B01,138Â 201Â 015,1.0
1014361,201900055892,3,29,15:00,1,1,1,1.0,2.0,93007,AUTOROUTE A3,M,"48,9182600","2,4786700",93,2019,110.0,1.0,1.0,1.0,2268459,2.0,2,4,1,0.0,,-1.0, -1,2019.0,B01,138Â 201Â 015,3.0,0.0,-1.0,1731494,1.0,7,,0.0,2.0,1.0,A01,138Â 201Â 014,1.0
1014361,201900055892,3,29,15:00,1,1,1,1.0,2.0,93007,AUTOROUTE A3,M,"48,9182600","2,4786700",93,2019,110.0,1.0,1.0,1.0,2268459,2.0,2,4,1,0.0,,-1.0, -1,2019.0,B01,138Â 201Â 015,3.0,0.0,-1.0,1731495,1.0,7,,0.0,2.0,4.0,B01,138Â 201Â 015,1.0
1014361,201900055892,3,29,15:00,1,1,1,1.0,2.0,93007,AUTOROUTE A3,M,"48,9182600","2,4786700",93,2019,110.0,1.0,1.0,1.0,2268460,1.0,1,1,2,0.0,,-1.0, -1,1980.0,B01,138Â 201Â 015,1.0,0.0,-1.0,1731494,1.0,7,,0.0,2.0,1.0,A01,138Â 201Â 014,1.0
1014361,201900055892,3,29,15:00,1,1,1,1.0,2.0,93007,AUTOROUTE A3,M,"48,9182600","2,4786700",93,2019,110.0,1.0,1.0,1.0,2268460,1.0,1,1,2,0.0,,-1.0, -1,1980.0,B01,138Â 201Â 015,1.0,0.0,-1.0,1731495,1.0,7,,0.0,2.0,4.0,B01,138Â 201Â 015,1.0
1014362,201900055893,3,29,10:30,1,1,1,1.0,4.0,92036,RN 315 ,M,"48,9366260","2,2998723",92,2019,70.0,1.0,1.0,2.0,2268461,1.0,1,4,1,1.0,,-1.0,0,1994.0,A01,138Â 201Â 011,1.0,0.0,-1.0,1731496,2.0,7,,1.0,0.0,1.0,A01,138Â 201Â 011,1.0
1014362,201900055893,3,29,10:30,1,1,1,1.0,4.0,92036,RN 315 ,M,"48,9366260","2,2998723",92,2019,70.0,1.0,1.0,2.0,2268461,1.0,1,4,1,1.0,,-1.0,0,1994.0,A01,138Â 201Â 011,1.0,0.0,-1.0,1731497,2.0,7,,0.0,2.0,4.0,C01,138Â 201Â 012,1.0
1014362,201900055893,3,29,10:30,1,1,1,1.0,4.0,92036,RN 315 ,M,"48,9366260","2,2998723",92,2019,70.0,1.0,1.0,2.0,2268461,1.0,1,4,1,1.0,,-1.0,0,1994.0,A01,138Â 201Â 011,1.0,0.0,-1.0,1731498,2.0,7,,0.0,2.0,4.0,B01,138Â 201Â 013,1.0
1014362,201900055893,3,29,10:30,1,1,1,1.0,4.0,92036,RN 315 ,M,"48,9366260","2,2998723",92,2019,70.0,1.0,1.0,2.0,2268462,1.0,1,1,1,0.0,,-1.0,0,1984.0,C01,138Â 201Â 012,1.0,4.0,-1.0,1731496,2.0,7,,1.0,0.0,1.0,A01,138Â 201Â 011,1.0
1014362,201900055893,3,29,10:30,1,1,1,1.0,4.0,92036,RN 315 ,M,"48,9366260","2,2998723",92,2019,70.0,1.0,1.0,2.0,2268462,1.0,1,1,1,0.0,,-1.0,0,1984.0,C01,138Â 201Â 012,1.0,4.0,-1.0,1731497,2.0,7,,0.0,2.0,4.0,C01,138Â 201Â 012,1.0
1014362,201900055893,3,29,10:30,1,1,1,1.0,4.0,92036,RN 315 ,M,"48,9366260","2,2998723",92,2019,70.0,1.0,1.0,2.0,2268462,1.0,1,1,1,0.0,,-1.0,0,1984.0,C01,138Â 201Â 012,1.0,4.0,-1.0,1731498,2.0,7,,0.0,2.0,4.0,B01,138Â 201Â 013,1.0
1014362,201900055893,3,29,10:30,1,1,1,1.0,4.0,92036,RN 315 ,M,"48,9366260","2,2998723",92,2019,70.0,1.0,1.0,2.0,2268463,1.0,1,1,1,0.0,,-1.0,0,1984.0,B01,138Â 201Â 013,1.0,4.0,-1.0,1731496,2.0,7,,1.0,0.0,1.0,A01,138Â 201Â 011,1.0
1014362,201900055893,3,29,10:30,1,1,1,1.0,4.0,92036,RN 315 ,M,"48,9366260","2,2998723",92,2019,70.0,1.0,1.0,2.0,2268463,1.0,1,1,1,0.0,,-1.0,0,1984.0,B01,138Â 201Â 013,1.0,4.0,-1.0,1731497,2.0,7,,0.0,2.0,4.0,C01,138Â 201Â 012,1.0
1014362,201900055893,3,29,10:30,1,1,1,1.0,4.0,92036,RN 315 ,M,"48,9366260","2,2998723",92,2019,70.0,1.0,1.0,2.0,2268463,1.0,1,1,1,0.0,,-1.0,0,1984.0,B01,138Â 201Â 013,1.0,4.0,-1.0,1731498,2.0,7,,0.0,2.0,4.0,B01,138Â 201Â 013,1.0
1014363,201900055894,3,28,19:45,2,1,1,1.0,3.0,93078,AUTOROUTE A104,M,"48,9616400","2,5451400",93,2019,110.0,1.0,1.0,1.0,2268464,1.0,1,1,2,1.0,,-1.0, -1,1991.0,A01,138Â 201Â 009,1.0,0.0,-1.0,1731499,1.0,7,,0.0,2.0,7.0,A01,138Â 201Â 009,1.0
1014363,201900055894,3,28,19:45,2,1,1,1.0,3.0,93078,AUTOROUTE A104,M,"48,9616400","2,5451400",93,2019,110.0,1.0,1.0,1.0,2268464,1.0,1,1,2,1.0,,-1.0, -1,1991.0,A01,138Â 201Â 009,1.0,0.0,-1.0,1731500,1.0,33,,0.0,2.0,3.0,B01,138Â 201Â 010,1.0
1014363,201900055894,3,28,19:45,2,1,1,1.0,3.0,93078,AUTOROUTE A104,M,"48,9616400","2,5451400",93,2019,110.0,1.0,1.0,1.0,2268465,1.0,1,4,2,1.0,,-1.0, -1,1985.0,B01,138Â 201Â 010,2.0,0.0,-1.0,1731499,1.0,7,,0.0,2.0,7.0,A01,138Â 201Â 009,1.0
1014363,201900055894,3,28,19:45,2,1,1,1.0,3.0,93078,AUTOROUTE A104,M,"48,9616400","2,5451400",93,2019,110.0,1.0,1.0,1.0,2268465,1.0,1,4,2,1.0,,-1.0, -1,1985.0,B01,138Â 201Â 010,2.0,0.0,-1.0,1731500,1.0,33,,0.0,2.0,3.0,B01,138Â 201Â 010,1.0
1014364,201900055895,3,28,11:15,1,1,1,1.0,5.0,93064,AUTOROUTE A86,M,"48,8767600","2,4776700",93,2019,90.0,1.0,1.0,1.0,2268466,1.0,1,1,2,0.0,,-1.0, -1,1995.0,B01,138Â 201Â 006,1.0,0.0,-1.0,1731501,1.0,7,,0.0,2.0,8.0,B01,138Â 201Â 006,1.0
1014364,201900055895,3,28,11:15,1,1,1,1.0,5.0,93064,AUTOROUTE A86,M,"48,8767600","2,4776700",93,2019,90.0,1.0,1.0,1.0,2268466,1.0,1,1,2,0.0,,-1.0, -1,1995.0,B01,138Â 201Â 006,1.0,0.0,-1.0,1731502,1.0,17,,0.0,2.0,6.0,C01,138Â 201Â 007,1.0
1014364,201900055895,3,28,11:15,1,1,1,1.0,5.0,93064,AUTOROUTE A86,M,"48,8767600","2,4776700",93,2019,90.0,1.0,1.0,1.0,2268466,1.0,1,1,2,0.0,,-1.0, -1,1995.0,B01,138Â 201Â 006,1.0,0.0,-1.0,1731503,1.0,32,,1.0,0.0,2.0,A01,138Â 201Â 008,1.0
1014364,201900055895,3,28,11:15,1,1,1,1.0,5.0,93064,AUTOROUTE A86,M,"48,8767600","2,4776700",93,2019,90.0,1.0,1.0,1.0,2268467,1.0,1,1,1,4.0,,-1.0, -1,1963.0,C01,138Â 201Â 007,1.0,0.0,-1.0,1731501,1.0,7,,0.0,2.0,8.0,B01,138Â 201Â 006,1.0
1014364,201900055895,3,28,11:15,1,1,1,1.0,5.0,93064,AUTOROUTE A86,M,"48,8767600","2,4776700",93,2019,90.0,1.0,1.0,1.0,2268467,1.0,1,1,1,4.0,,-1.0, -1,1963.0,C01,138Â 201Â 007,1.0,0.0,-1.0,1731502,1.0,17,,0.0,2.0,6.0,C01,138Â 201Â 007,1.0
1014364,201900055895,3,28,11:15,1,1,1,1.0,5.0,93064,AUTOROUTE A86,M,"48,8767600","2,4776700",93,2019,90.0,1.0,1.0,1.0,2268467,1.0,1,1,1,4.0,,-1.0, -1,1963.0,C01,138Â 201Â 007,1.0,0.0,-1.0,1731503,1.0,32,,1.0,0.0,2.0,A01,138Â 201Â 008,1.0
1014364,201900055895,3,28,11:15,1,1,1,1.0,5.0,93064,AUTOROUTE A86,M,"48,8767600","2,4776700",93,2019,90.0,1.0,1.0,1.0,2268468,1.0,1,4,1,0.0,,-1.0, -1,1979.0,A01,138Â 201Â 008,2.0,0.0,-1.0,1731501,1.0,7,,0.0,2.0,8.0,B01,138Â 201Â 006,1.0
1014364,201900055895,3,28,11:15,1,1,1,1.0,5.0,93064,AUTOROUTE A86,M,"48,8767600","2,4776700",93,2019,90.0,1.0,1.0,1.0,2268468,1.0,1,4,1,0.0,,-1.0, -1,1979.0,A01,138Â 201Â 008,2.0,0.0,-1.0,1731502,1.0,17,,0.0,2.0,6.0,C01,138Â 201Â 007,1.0
1014364,201900055895,3,28,11:15,1,1,1,1.0,5.0,93064,AUTOROUTE A86,M,"48,8767600","2,4776700",93,2019,90.0,1.0,1.0,1.0,2268468,1.0,1,4,1,0.0,,-1.0, -1,1979.0,A01,138Â 201Â 008,2.0,0.0,-1.0,1731503,1.0,32,,1.0,0.0,2.0,A01,138Â 201Â 008,1.0
1014365,201900055896,3,27,21:35,3,1,1,1.0,3.0,93064,AUTOROUTE A3,M,"48,8856700","2,4726400",93,2019,90.0,1.0,1.0,1.0,2268469,1.0,1,1,1,0.0,,-1.0, -1,1957.0,A01,138Â 201Â 004,1.0,0.0,-1.0,1731504,1.0,7,,0.0,2.0,2.0,A01,138Â 201Â 004,1.0
1014365,201900055896,3,27,21:35,3,1,1,1.0,3.0,93064,AUTOROUTE A3,M,"48,8856700","2,4726400",93,2019,90.0,1.0,1.0,1.0,2268469,1.0,1,1,1,0.0,,-1.0, -1,1957.0,A01,138Â 201Â 004,1.0,0.0,-1.0,1731505,1.0,7,,4.0,2.0,3.0,B01,138Â 201Â 005,1.0
1014365,201900055896,3,27,21:35,3,1,1,1.0,3.0,93064,AUTOROUTE A3,M,"48,8856700","2,4726400",93,2019,90.0,1.0,1.0,1.0,2268470,1.0,1,4,2,0.0,,-1.0, -1,1976.0,B01,138Â 201Â 005,1.0,0.0,-1.0,1731504,1.0,7,,0.0,2.0,2.0,A01,138Â 201Â 004,1.0
1014365,201900055896,3,27,21:35,3,1,1,1.0,3.0,93064,AUTOROUTE A3,M,"48,8856700","2,4726400",93,2019,90.0,1.0,1.0,1.0,2268470,1.0,1,4,2,0.0,,-1.0, -1,1976.0,B01,138Â 201Â 005,1.0,0.0,-1.0,1731505,1.0,7,,4.0,2.0,3.0,B01,138Â 201Â 005,1.0
1014366,201900055897,3,27,18:45,1,1,1,1.0,7.0,93027,AUTOROUTE A86,M,"48,9225400","2,3794200",93,2019,90.0,1.0,1.0,1.0,2268471,1.0,1,4,1,5.0,,-1.0, -1,1988.0,A01,138Â 201Â 003,2.0,8.0,-1.0,1731506,2.0,33,,0.0,0.0,9.0,A01,138Â 201Â 003,1.0
1014367,201900055898,3,27,14:30,1,1,1,1.0,2.0,93007,AUTOROUTE A3,M,"48,9375100","2,4799700",93,2019,110.0,1.0,1.0,1.0,2268472,1.0,1,1,2,0.0,,-1.0, -1,1995.0,A01,138Â 201Â 001,1.0,8.0,-1.0,1731507,2.0,7,,0.0,2.0,3.0,A01,138Â 201Â 001,1.0
1014367,201900055898,3,27,14:30,1,1,1,1.0,2.0,93007,AUTOROUTE A3,M,"48,9375100","2,4799700",93,2019,110.0,1.0,1.0,1.0,2268472,1.0,1,1,2,0.0,,-1.0, -1,1995.0,A01,138Â 201Â 001,1.0,8.0,-1.0,1731508,2.0,7,,0.0,2.0,5.0,B01,138Â 201Â 002,1.0
1014367,201900055898,3,27,14:30,1,1,1,1.0,2.0,93007,AUTOROUTE A3,M,"48,9375100","2,4799700",93,2019,110.0,1.0,1.0,1.0,2268473,1.0,1,4,2,0.0,,-1.0, -1,1965.0,B01,138Â 201Â 002,1.0,8.0,-1.0,1731507,2.0,7,,0.0,2.0,3.0,A01,138Â 201Â 001,1.0
1014367,201900055898,3,27,14:30,1,1,1,1.0,2.0,93007,AUTOROUTE A3,M,"48,9375100","2,4799700",93,2019,110.0,1.0,1.0,1.0,2268473,1.0,1,4,2,0.0,,-1.0, -1,1965.0,B01,138Â 201Â 002,1.0,8.0,-1.0,1731508,2.0,7,,0.0,2.0,5.0,B01,138Â 201Â 002,1.0
1014368,201900055899,3,27,14:23,1,1,1,1.0,4.0,93066,AUTOROUTE A1,M,"48,9197300","2,3575300",93,2019,90.0,1.0,1.0,1.0,2268474,1.0,1,1,2,9.0,,-1.0, -1,1974.0,A01,138Â 200Â 998,1.0,0.0,-1.0,1731509,1.0,7,,0.0,2.0,1.0,A01,138Â 200Â 998,1.0
1014368,201900055899,3,27,14:23,1,1,1,1.0,4.0,93066,AUTOROUTE A1,M,"48,9197300","2,3575300",93,2019,90.0,1.0,1.0,1.0,2268474,1.0,1,1,2,9.0,,-1.0, -1,1974.0,A01,138Â 200Â 998,1.0,0.0,-1.0,1731510,1.0,7,,0.0,2.0,4.0,C01,138Â 200Â 999,1.0
1014368,201900055899,3,27,14:23,1,1,1,1.0,4.0,93066,AUTOROUTE A1,M,"48,9197300","2,3575300",93,2019,90.0,1.0,1.0,1.0,2268474,1.0,1,1,2,9.0,,-1.0, -1,1974.0,A01,138Â 200Â 998,1.0,0.0,-1.0,1731511,1.0,7,,0.0,2.0,4.0,B01,138Â 201Â 000,1.0
1014368,201900055899,3,27,14:23,1,1,1,1.0,4.0,93066,AUTOROUTE A1,M,"48,9197300","2,3575300",93,2019,90.0,1.0,1.0,1.0,2268475,1.0,1,4,2,1.0,,-1.0, -1,1978.0,C01,138Â 200Â 999,1.0,0.0,-1.0,1731509,1.0,7,,0.0,2.0,1.0,A01,138Â 200Â 998,1.0
1014368,201900055899,3,27,14:23,1,1,1,1.0,4.0,93066,AUTOROUTE A1,M,"48,9197300","2,3575300",93,2019,90.0,1.0,1.0,1.0,2268475,1.0,1,4,2,1.0,,-1.0, -1,1978.0,C01,138Â 200Â 999,1.0,0.0,-1.0,1731510,1.0,7,,0.0,2.0,4.0,C01,138Â 200Â 999,1.0
1014368,201900055899,3,27,14:23,1,1,1,1.0,4.0,93066,AUTOROUTE A1,M,"48,9197300","2,3575300",93,2019,90.0,1.0,1.0,1.0,2268475,1.0,1,4,2,1.0,,-1.0, -1,1978.0,C01,138Â 200Â 999,1.0,0.0,-1.0,1731511,1.0,7,,0.0,2.0,4.0,B01,138Â 201Â 000,1.0
1014368,201900055899,3,27,14:23,1,1,1,1.0,4.0,93066,AUTOROUTE A1,M,"48,9197300","2,3575300",93,2019,90.0,1.0,1.0,1.0,2268476,1.0,1,1,1,0.0,,-1.0, -1,1945.0,B01,138Â 201Â 000,1.0,0.0,-1.0,1731509,1.0,7,,0.0,2.0,1.0,A01,138Â 200Â 998,1.0
1014368,201900055899,3,27,14:23,1,1,1,1.0,4.0,93066,AUTOROUTE A1,M,"48,9197300","2,3575300",93,2019,90.0,1.0,1.0,1.0,2268476,1.0,1,1,1,0.0,,-1.0, -1,1945.0,B01,138Â 201Â 000,1.0,0.0,-1.0,1731510,1.0,7,,0.0,2.0,4.0,C01,138Â 200Â 999,1.0
1014368,201900055899,3,27,14:23,1,1,1,1.0,4.0,93066,AUTOROUTE A1,M,"48,9197300","2,3575300",93,2019,90.0,1.0,1.0,1.0,2268476,1.0,1,1,1,0.0,,-1.0, -1,1945.0,B01,138Â 201Â 000,1.0,0.0,-1.0,1731511,1.0,7,,0.0,2.0,4.0,B01,138Â 201Â 000,1.0
1014368,201900055899,3,27,14:23,1,1,1,1.0,4.0,93066,AUTOROUTE A1,M,"48,9197300","2,3575300",93,2019,90.0,1.0,1.0,1.0,2268477,2.0,2,4,2,0.0,,-1.0, -1,1952.0,B01,138Â 201Â 000,1.0,0.0,-1.0,1731509,1.0,7,,0.0,2.0,1.0,A01,138Â 200Â 998,1.0
1014368,201900055899,3,27,14:23,1,1,1,1.0,4.0,93066,AUTOROUTE A1,M,"48,9197300","2,3575300",93,2019,90.0,1.0,1.0,1.0,2268477,2.0,2,4,2,0.0,,-1.0, -1,1952.0,B01,138Â 201Â 000,1.0,0.0,-1.0,1731510,1.0,7,,0.0,2.0,4.0,C01,138Â 200Â 999,1.0
1014368,201900055899,3,27,14:23,1,1,1,1.0,4.0,93066,AUTOROUTE A1,M,"48,9197300","2,3575300",93,2019,90.0,1.0,1.0,1.0,2268477,2.0,2,4,2,0.0,,-1.0, -1,1952.0,B01,138Â 201Â 000,1.0,0.0,-1.0,1731511,1.0,7,,0.0,2.0,4.0,B01,138Â 201Â 000,1.0
1014368,201900055899,3,27,14:23,1,1,1,1.0,4.0,93066,AUTOROUTE A1,M,"48,9197300","2,3575300",93,2019,90.0,1.0,1.0,1.0,2268478,3.0,2,4,2,0.0,,-1.0, -1,1934.0,B01,138Â 201Â 000,1.0,0.0,-1.0,1731509,1.0,7,,0.0,2.0,1.0,A01,138Â 200Â 998,1.0
1014368,201900055899,3,27,14:23,1,1,1,1.0,4.0,93066,AUTOROUTE A1,M,"48,9197300","2,3575300",93,2019,90.0,1.0,1.0,1.0,2268478,3.0,2,4,2,0.0,,-1.0, -1,1934.0,B01,138Â 201Â 000,1.0,0.0,-1.0,1731510,1.0,7,,0.0,2.0,4.0,C01,138Â 200Â 999,1.0
1014368,201900055899,3,27,14:23,1,1,1,1.0,4.0,93066,AUTOROUTE A1,M,"48,9197300","2,3575300",93,2019,90.0,1.0,1.0,1.0,2268478,3.0,2,4,2,0.0,,-1.0, -1,1934.0,B01,138Â 201Â 000,1.0,0.0,-1.0,1731511,1.0,7,,0.0,2.0,4.0,B01,138Â 201Â 000,1.0
1014369,201900055900,3,27,13:20,1,1,1,1.0,7.0,93066,AUTOROUTE A86,M,"48,9237400","2,3426900",93,2019,90.0,1.0,1.0,1.0,2268479,1.0,1,4,1,0.0,,-1.0, -1,1981.0,A01,138Â 200Â 997,2.0,6.0,-1.0,1731512,2.0,34,,0.0,0.0,9.0,A01,138Â 200Â 997,1.0
1014370,201900055901,3,27,09:10,1,1,1,1.0,2.0,95252,AUTOROUTE A115,M,"48,9867000","2,2423500",95,2019,90.0,1.0,1.0,1.0,2268480,1.0,1,3,1,0.0,,-1.0,0,1969.0,B01,138Â 200Â 995,2.0,0.0,-1.0,1731513,2.0,33,,0.0,2.0,1.0,B01,138Â 200Â 995,1.0
1014370,201900055901,3,27,09:10,1,1,1,1.0,2.0,95252,AUTOROUTE A115,M,"48,9867000","2,2423500",95,2019,90.0,1.0,1.0,1.0,2268480,1.0,1,3,1,0.0,,-1.0,0,1969.0,B01,138Â 200Â 995,2.0,0.0,-1.0,1731514,2.0,7,,0.0,2.0,5.0,A01,138Â 200Â 996,1.0
1014370,201900055901,3,27,09:10,1,1,1,1.0,2.0,95252,AUTOROUTE A115,M,"48,9867000","2,2423500",95,2019,90.0,1.0,1.0,1.0,2268481,1.0,1,1,1,0.0,,-1.0,0,1997.0,A01,138Â 200Â 996,1.0,0.0,-1.0,1731513,2.0,33,,0.0,2.0,1.0,B01,138Â 200Â 995,1.0
1014370,201900055901,3,27,09:10,1,1,1,1.0,2.0,95252,AUTOROUTE A115,M,"48,9867000","2,2423500",95,2019,90.0,1.0,1.0,1.0,2268481,1.0,1,1,1,0.0,,-1.0,0,1997.0,A01,138Â 200Â 996,1.0,0.0,-1.0,1731514,2.0,7,,0.0,2.0,5.0,A01,138Â 200Â 996,1.0
1014371,201900055902,3,27,10:15,1,1,1,1.0,2.0,93006,AUTOROUTE A3,M,"48,8659900","2,4162000",93,2019,70.0,1.0,1.0,1.0,2268482,1.0,1,3,1,0.0,,-1.0, -1,1994.0,A01,138Â 200Â 993,2.0,0.0,-1.0,1731515,2.0,33,,0.0,2.0,1.0,A01,138Â 200Â 993,1.0
1014371,201900055902,3,27,10:15,1,1,1,1.0,2.0,93006,AUTOROUTE A3,M,"48,8659900","2,4162000",93,2019,70.0,1.0,1.0,1.0,2268482,1.0,1,3,1,0.0,,-1.0, -1,1994.0,A01,138Â 200Â 993,2.0,0.0,-1.0,1731516,2.0,17,,0.0,2.0,4.0,B01,138Â 200Â 994,1.0
1014371,201900055902,3,27,10:15,1,1,1,1.0,2.0,93006,AUTOROUTE A3,M,"48,8659900","2,4162000",93,2019,70.0,1.0,1.0,1.0,2268483,1.0,1,1,1,4.0,,-1.0, -1,1974.0,B01,138Â 200Â 994,1.0,4.0,-1.0,1731515,2.0,33,,0.0,2.0,1.0,A01,138Â 200Â 993,1.0
1014371,201900055902,3,27,10:15,1,1,1,1.0,2.0,93006,AUTOROUTE A3,M,"48,8659900","2,4162000",93,2019,70.0,1.0,1.0,1.0,2268483,1.0,1,1,1,4.0,,-1.0, -1,1974.0,B01,138Â 200Â 994,1.0,4.0,-1.0,1731516,2.0,17,,0.0,2.0,4.0,B01,138Â 200Â 994,1.0
1014372,201900055903,3,27,08:00,1,1,1,1.0,3.0,93064,AUTOROUTE A86,M,"48,8808100","2,4752500",93,2019,90.0,1.0,1.0,1.0,2268484,1.0,1,4,1,9.0,,-1.0, -1,1975.0,A01,138Â 200Â 991,2.0,0.0,-1.0,1731517,2.0,32,,0.0,2.0,2.0,A01,138Â 200Â 991,1.0
1014372,201900055903,3,27,08:00,1,1,1,1.0,3.0,93064,AUTOROUTE A86,M,"48,8808100","2,4752500",93,2019,90.0,1.0,1.0,1.0,2268484,1.0,1,4,1,9.0,,-1.0, -1,1975.0,A01,138Â 200Â 991,2.0,0.0,-1.0,1731518,2.0,10,,0.0,2.0,6.0,B01,138Â 200Â 992,1.0
1014372,201900055903,3,27,08:00,1,1,1,1.0,3.0,93064,AUTOROUTE A86,M,"48,8808100","2,4752500",93,2019,90.0,1.0,1.0,1.0,2268485,1.0,1,1,1,0.0,,-1.0, -1,1987.0,B01,138Â 200Â 992,1.0,0.0,-1.0,1731517,2.0,32,,0.0,2.0,2.0,A01,138Â 200Â 991,1.0
1014372,201900055903,3,27,08:00,1,1,1,1.0,3.0,93064,AUTOROUTE A86,M,"48,8808100","2,4752500",93,2019,90.0,1.0,1.0,1.0,2268485,1.0,1,1,1,0.0,,-1.0, -1,1987.0,B01,138Â 200Â 992,1.0,0.0,-1.0,1731518,2.0,10,,0.0,2.0,6.0,B01,138Â 200Â 992,1.0
1014373,201900055904,3,26,14:30,1,1,1,1.0,5.0,93013,AUTOROUTE A1,M,"48,9402700","2,4234600",93,2019,90.0,1.0,1.0,1.0,2268486,1.0,1,1,1,4.0,,-1.0, -1,1970.0,A01,138Â 200Â 987,1.0,0.0,-1.0,1731519,1.0,17,,0.0,2.0,5.0,A01,138Â 200Â 987,1.0
1014373,201900055904,3,26,14:30,1,1,1,1.0,5.0,93013,AUTOROUTE A1,M,"48,9402700","2,4234600",93,2019,90.0,1.0,1.0,1.0,2268486,1.0,1,1,1,4.0,,-1.0, -1,1970.0,A01,138Â 200Â 987,1.0,0.0,-1.0,1731520,1.0,7,,0.0,2.0,1.0,C01,138Â 200Â 988,1.0
1014373,201900055904,3,26,14:30,1,1,1,1.0,5.0,93013,AUTOROUTE A1,M,"48,9402700","2,4234600",93,2019,90.0,1.0,1.0,1.0,2268486,1.0,1,1,1,4.0,,-1.0, -1,1970.0,A01,138Â 200Â 987,1.0,0.0,-1.0,1731521,1.0,7,,0.0,2.0,1.0,D01,138Â 200Â 989,1.0
1014373,201900055904,3,26,14:30,1,1,1,1.0,5.0,93013,AUTOROUTE A1,M,"48,9402700","2,4234600",93,2019,90.0,1.0,1.0,1.0,2268486,1.0,1,1,1,4.0,,-1.0, -1,1970.0,A01,138Â 200Â 987,1.0,0.0,-1.0,1731522,1.0,7,,0.0,2.0,3.0,B01,138Â 200Â 990,1.0
1014373,201900055904,3,26,14:30,1,1,1,1.0,5.0,93013,AUTOROUTE A1,M,"48,9402700","2,4234600",93,2019,90.0,1.0,1.0,1.0,2268487,1.0,1,1,2,0.0,,-1.0, -1,1996.0,C01,138Â 200Â 988,1.0,0.0,-1.0,1731519,1.0,17,,0.0,2.0,5.0,A01,138Â 200Â 987,1.0
1014373,201900055904,3,26,14:30,1,1,1,1.0,5.0,93013,AUTOROUTE A1,M,"48,9402700","2,4234600",93,2019,90.0,1.0,1.0,1.0,2268487,1.0,1,1,2,0.0,,-1.0, -1,1996.0,C01,138Â 200Â 988,1.0,0.0,-1.0,1731520,1.0,7,,0.0,2.0,1.0,C01,138Â 200Â 988,1.0
1014373,201900055904,3,26,14:30,1,1,1,1.0,5.0,93013,AUTOROUTE A1,M,"48,9402700","2,4234600",93,2019,90.0,1.0,1.0,1.0,2268487,1.0,1,1,2,0.0,,-1.0, -1,1996.0,C01,138Â 200Â 988,1.0,0.0,-1.0,1731521,1.0,7,,0.0,2.0,1.0,D01,138Â 200Â 989,1.0
1014373,201900055904,3,26,14:30,1,1,1,1.0,5.0,93013,AUTOROUTE A1,M,"48,9402700","2,4234600",93,2019,90.0,1.0,1.0,1.0,2268487,1.0,1,1,2,0.0,,-1.0, -1,1996.0,C01,138Â 200Â 988,1.0,0.0,-1.0,1731522,1.0,7,,0.0,2.0,3.0,B01,138Â 200Â 990,1.0