Unnamed: 0_x,num_acc,mois,jour,hrmn,lum,agg,int,atm,col,com,adr,gps,lat,long,dep,annee,vma,situ,surf,catr,Unnamed: 0_y,place,catu,grav,sexe,trajet,secu,locp,actp,an_nais,num_veh_x,id_vehicule_x,secu1,secu2,secu3,Unnamed: 0,senc,catv,occutc,obs,obsm,choc,num_veh_y,id_vehicule_y,motor
1014373,201900055904,3,26,14:30,1,1,1,1.0,5.0,93013,AUTOROUTE A1,M,"48,9402700","2,4234600",93,2019,90.0,1.0,1.0,1.0,2268488,2.0,2,4,1,0.0,,-1.0, -1,2017.0,C01,138Â 200Â 988,3.0,0.0,-1.0,1731519,1.0,17,,0.0,2.0,5.0,A01,138Â 200Â 987,1.0
1014373,201900055904,3,26,14:30,1,1,1,1.0,5.0,93013,AUTOROUTE A1,M,"48,9402700","2,4234600",93,2019,90.0,1.0,1.0,1.0,2268488,2.0,2,4,1,0.0,,-1.0, -1,2017.0,C01,138Â 200Â 988,3.0,0.0,-1.0,1731520,1.0,7,,0.0,2.0,1.0,C01,138Â 200Â 988,1.0
1014373,201900055904,3,26,14:30,1,1,1,1.0,5.0,93013,AUTOROUTE A1,M,"48,9402700","2,4234600",93,2019,90.0,1.0,1.0,1.0,2268488,2.0,2,4,1,0.0,,-1.0, -1,2017.0,C01,138Â 200Â 988,3.0,0.0,-1.0,1731521,1.0,7,,0.0,2.0,1.0,D01,138Â 200Â 989,1.0
1014373,201900055904,3,26,14:30,1,1,1,1.0,5.0,93013,AUTOROUTE A1,M,"48,9402700","2,4234600",93,2019,90.0,1.0,1.0,1.0,2268488,2.0,2,4,1,0.0,,-1.0, -1,2017.0,C01,138Â 200Â 988,3.0,0.0,-1.0,1731522,1.0,7,,0.0,2.0,3.0,B01,138Â 200Â 990,1.0
1014373,201900055904,3,26,14:30,1,1,1,1.0,5.0,93013,AUTOROUTE A1,M,"48,9402700","2,4234600",93,2019,90.0,1.0,1.0,1.0,2268489,3.0,2,4,2,0.0,,-1.0, -1,2016.0,C01,138Â 200Â 988,3.0,0.0,-1.0,1731519,1.0,17,,0.0,2.0,5.0,A01,138Â 200Â 987,1.0
1014373,201900055904,3,26,14:30,1,1,1,1.0,5.0,93013,AUTOROUTE A1,M,"48,9402700","2,4234600",93,2019,90.0,1.0,1.0,1.0,2268489,3.0,2,4,2,0.0,,-1.0, -1,2016.0,C01,138Â 200Â 988,3.0,0.0,-1.0,1731520,1.0,7,,0.0,2.0,1.0,C01,138Â 200Â 988,1.0
1014373,201900055904,3,26,14:30,1,1,1,1.0,5.0,93013,AUTOROUTE A1,M,"48,9402700","2,4234600",93,2019,90.0,1.0,1.0,1.0,2268489,3.0,2,4,2,0.0,,-1.0, -1,2016.0,C01,138Â 200Â 988,3.0,0.0,-1.0,1731521,1.0,7,,0.0,2.0,1.0,D01,138Â 200Â 989,1.0
1014373,201900055904,3,26,14:30,1,1,1,1.0,5.0,93013,AUTOROUTE A1,M,"48,9402700","2,4234600",93,2019,90.0,1.0,1.0,1.0,2268489,3.0,2,4,2,0.0,,-1.0, -1,2016.0,C01,138Â 200Â 988,3.0,0.0,-1.0,1731522,1.0,7,,0.0,2.0,3.0,B01,138Â 200Â 990,1.0
1014373,201900055904,3,26,14:30,1,1,1,1.0,5.0,93013,AUTOROUTE A1,M,"48,9402700","2,4234600",93,2019,90.0,1.0,1.0,1.0,2268490,1.0,1,1,1,9.0,,-1.0, -1,1989.0,D01,138Â 200Â 989,1.0,0.0,-1.0,1731519,1.0,17,,0.0,2.0,5.0,A01,138Â 200Â 987,1.0
1014373,201900055904,3,26,14:30,1,1,1,1.0,5.0,93013,AUTOROUTE A1,M,"48,9402700","2,4234600",93,2019,90.0,1.0,1.0,1.0,2268490,1.0,1,1,1,9.0,,-1.0, -1,1989.0,D01,138Â 200Â 989,1.0,0.0,-1.0,1731520,1.0,7,,0.0,2.0,1.0,C01,138Â 200Â 988,1.0
1014373,201900055904,3,26,14:30,1,1,1,1.0,5.0,93013,AUTOROUTE A1,M,"48,9402700","2,4234600",93,2019,90.0,1.0,1.0,1.0,2268490,1.0,1,1,1,9.0,,-1.0, -1,1989.0,D01,138Â 200Â 989,1.0,0.0,-1.0,1731521,1.0,7,,0.0,2.0,1.0,D01,138Â 200Â 989,1.0
1014373,201900055904,3,26,14:30,1,1,1,1.0,5.0,93013,AUTOROUTE A1,M,"48,9402700","2,4234600",93,2019,90.0,1.0,1.0,1.0,2268490,1.0,1,1,1,9.0,,-1.0, -1,1989.0,D01,138Â 200Â 989,1.0,0.0,-1.0,1731522,1.0,7,,0.0,2.0,3.0,B01,138Â 200Â 990,1.0
1014373,201900055904,3,26,14:30,1,1,1,1.0,5.0,93013,AUTOROUTE A1,M,"48,9402700","2,4234600",93,2019,90.0,1.0,1.0,1.0,2268491,2.0,2,4,1,0.0,,-1.0, -1,1987.0,D01,138Â 200Â 989,1.0,0.0,-1.0,1731519,1.0,17,,0.0,2.0,5.0,A01,138Â 200Â 987,1.0
1014373,201900055904,3,26,14:30,1,1,1,1.0,5.0,93013,AUTOROUTE A1,M,"48,9402700","2,4234600",93,2019,90.0,1.0,1.0,1.0,2268491,2.0,2,4,1,0.0,,-1.0, -1,1987.0,D01,138Â 200Â 989,1.0,0.0,-1.0,1731520,1.0,7,,0.0,2.0,1.0,C01,138Â 200Â 988,1.0
1014373,201900055904,3,26,14:30,1,1,1,1.0,5.0,93013,AUTOROUTE A1,M,"48,9402700","2,4234600",93,2019,90.0,1.0,1.0,1.0,2268491,2.0,2,4,1,0.0,,-1.0, -1,1987.0,D01,138Â 200Â 989,1.0,0.0,-1.0,1731521,1.0,7,,0.0,2.0,1.0,D01,138Â 200Â 989,1.0
1014373,201900055904,3,26,14:30,1,1,1,1.0,5.0,93013,AUTOROUTE A1,M,"48,9402700","2,4234600",93,2019,90.0,1.0,1.0,1.0,2268491,2.0,2,4,1,0.0,,-1.0, -1,1987.0,D01,138Â 200Â 989,1.0,0.0,-1.0,1731522,1.0,7,,0.0,2.0,3.0,B01,138Â 200Â 990,1.0
1014373,201900055904,3,26,14:30,1,1,1,1.0,5.0,93013,AUTOROUTE A1,M,"48,9402700","2,4234600",93,2019,90.0,1.0,1.0,1.0,2268492,1.0,1,4,2,9.0,,-1.0, -1,1997.0,B01,138Â 200Â 990,1.0,0.0,-1.0,1731519,1.0,17,,0.0,2.0,5.0,A01,138Â 200Â 987,1.0
1014373,201900055904,3,26,14:30,1,1,1,1.0,5.0,93013,AUTOROUTE A1,M,"48,9402700","2,4234600",93,2019,90.0,1.0,1.0,1.0,2268492,1.0,1,4,2,9.0,,-1.0, -1,1997.0,B01,138Â 200Â 990,1.0,0.0,-1.0,1731520,1.0,7,,0.0,2.0,1.0,C01,138Â 200Â 988,1.0
1014373,201900055904,3,26,14:30,1,1,1,1.0,5.0,93013,AUTOROUTE A1,M,"48,9402700","2,4234600",93,2019,90.0,1.0,1.0,1.0,2268492,1.0,1,4,2,9.0,,-1.0, -1,1997.0,B01,138Â 200Â 990,1.0,0.0,-1.0,1731521,1.0,7,,0.0,2.0,1.0,D01,138Â 200Â 989,1.0
1014373,201900055904,3,26,14:30,1,1,1,1.0,5.0,93013,AUTOROUTE A1,M,"48,9402700","2,4234600",93,2019,90.0,1.0,1.0,1.0,2268492,1.0,1,4,2,9.0,,-1.0, -1,1997.0,B01,138Â 200Â 990,1.0,0.0,-1.0,1731522,1.0,7,,0.0,2.0,3.0,B01,138Â 200Â 990,1.0
1014373,201900055904,3,26,14:30,1,1,1,1.0,5.0,93013,AUTOROUTE A1,M,"48,9402700","2,4234600",93,2019,90.0,1.0,1.0,1.0,2268493,2.0,2,4,2,9.0,,-1.0, -1,1997.0,B01,138Â 200Â 990,1.0,0.0,-1.0,1731519,1.0,17,,0.0,2.0,5.0,A01,138Â 200Â 987,1.0
1014373,201900055904,3,26,14:30,1,1,1,1.0,5.0,93013,AUTOROUTE A1,M,"48,9402700","2,4234600",93,2019,90.0,1.0,1.0,1.0,2268493,2.0,2,4,2,9.0,,-1.0, -1,1997.0,B01,138Â 200Â 990,1.0,0.0,-1.0,1731520,1.0,7,,0.0,2.0,1.0,C01,138Â 200Â 988,1.0
1014373,201900055904,3,26,14:30,1,1,1,1.0,5.0,93013,AUTOROUTE A1,M,"48,9402700","2,4234600",93,2019,90.0,1.0,1.0,1.0,2268493,2.0,2,4,2,9.0,,-1.0, -1,1997.0,B01,138Â 200Â 990,1.0,0.0,-1.0,1731521,1.0,7,,0.0,2.0,1.0,D01,138Â 200Â 989,1.0
1014373,201900055904,3,26,14:30,1,1,1,1.0,5.0,93013,AUTOROUTE A1,M,"48,9402700","2,4234600",93,2019,90.0,1.0,1.0,1.0,2268493,2.0,2,4,2,9.0,,-1.0, -1,1997.0,B01,138Â 200Â 990,1.0,0.0,-1.0,1731522,1.0,7,,0.0,2.0,3.0,B01,138Â 200Â 990,1.0
1014374,201900055905,3,30,17:20,1,1,1,1.0,5.0,94073,A86 INT,M,"48,7610000","2,3826600",94,2019,90.0,1.0,1.0,1.0,2268494,1.0,1,1,2,5.0,,0.0,0,1982.0,A01,138Â 200Â 984,1.0,4.0,-1.0,1731523,1.0,7,,0.0,2.0,4.0,A01,138Â 200Â 984,1.0
1014374,201900055905,3,30,17:20,1,1,1,1.0,5.0,94073,A86 INT,M,"48,7610000","2,3826600",94,2019,90.0,1.0,1.0,1.0,2268494,1.0,1,1,2,5.0,,0.0,0,1982.0,A01,138Â 200Â 984,1.0,4.0,-1.0,1731524,1.0,7,,0.0,2.0,4.0,B01,138Â 200Â 985,1.0
1014374,201900055905,3,30,17:20,1,1,1,1.0,5.0,94073,A86 INT,M,"48,7610000","2,3826600",94,2019,90.0,1.0,1.0,1.0,2268494,1.0,1,1,2,5.0,,0.0,0,1982.0,A01,138Â 200Â 984,1.0,4.0,-1.0,1731525,1.0,7,,0.0,2.0,1.0,C01,138Â 200Â 986,1.0
1014374,201900055905,3,30,17:20,1,1,1,1.0,5.0,94073,A86 INT,M,"48,7610000","2,3826600",94,2019,90.0,1.0,1.0,1.0,2268495,1.0,1,4,2,5.0,,0.0,0,1985.0,B01,138Â 200Â 985,1.0,0.0,-1.0,1731523,1.0,7,,0.0,2.0,4.0,A01,138Â 200Â 984,1.0
1014374,201900055905,3,30,17:20,1,1,1,1.0,5.0,94073,A86 INT,M,"48,7610000","2,3826600",94,2019,90.0,1.0,1.0,1.0,2268495,1.0,1,4,2,5.0,,0.0,0,1985.0,B01,138Â 200Â 985,1.0,0.0,-1.0,1731524,1.0,7,,0.0,2.0,4.0,B01,138Â 200Â 985,1.0
1014374,201900055905,3,30,17:20,1,1,1,1.0,5.0,94073,A86 INT,M,"48,7610000","2,3826600",94,2019,90.0,1.0,1.0,1.0,2268495,1.0,1,4,2,5.0,,0.0,0,1985.0,B01,138Â 200Â 985,1.0,0.0,-1.0,1731525,1.0,7,,0.0,2.0,1.0,C01,138Â 200Â 986,1.0
1014374,201900055905,3,30,17:20,1,1,1,1.0,5.0,94073,A86 INT,M,"48,7610000","2,3826600",94,2019,90.0,1.0,1.0,1.0,2268496,2.0,2,4,1,5.0,,-1.0,0,2015.0,B01,138Â 200Â 985,1.0,8.0,-1.0,1731523,1.0,7,,0.0,2.0,4.0,A01,138Â 200Â 984,1.0
1014374,201900055905,3,30,17:20,1,1,1,1.0,5.0,94073,A86 INT,M,"48,7610000","2,3826600",94,2019,90.0,1.0,1.0,1.0,2268496,2.0,2,4,1,5.0,,-1.0,0,2015.0,B01,138Â 200Â 985,1.0,8.0,-1.0,1731524,1.0,7,,0.0,2.0,4.0,B01,138Â 200Â 985,1.0
1014374,201900055905,3,30,17:20,1,1,1,1.0,5.0,94073,A86 INT,M,"48,7610000","2,3826600",94,2019,90.0,1.0,1.0,1.0,2268496,2.0,2,4,1,5.0,,-1.0,0,2015.0,B01,138Â 200Â 985,1.0,8.0,-1.0,1731525,1.0,7,,0.0,2.0,1.0,C01,138Â 200Â 986,1.0
1014374,201900055905,3,30,17:20,1,1,1,1.0,5.0,94073,A86 INT,M,"48,7610000","2,3826600",94,2019,90.0,1.0,1.0,1.0,2268497,1.0,1,1,1,5.0,,-1.0,0,1949.0,C01,138Â 200Â 986,1.0,0.0,-1.0,1731523,1.0,7,,0.0,2.0,4.0,A01,138Â 200Â 984,1.0
1014374,201900055905,3,30,17:20,1,1,1,1.0,5.0,94073,A86 INT,M,"48,7610000","2,3826600",94,2019,90.0,1.0,1.0,1.0,2268497,1.0,1,1,1,5.0,,-1.0,0,1949.0,C01,138Â 200Â 986,1.0,0.0,-1.0,1731524,1.0,7,,0.0,2.0,4.0,B01,138Â 200Â 985,1.0
1014374,201900055905,3,30,17:20,1,1,1,1.0,5.0,94073,A86 INT,M,"48,7610000","2,3826600",94,2019,90.0,1.0,1.0,1.0,2268497,1.0,1,1,1,5.0,,-1.0,0,1949.0,C01,138Â 200Â 986,1.0,0.0,-1.0,1731525,1.0,7,,0.0,2.0,1.0,C01,138Â 200Â 986,1.0
1014375,201900055906,3,29,20:00,3,1,1,1.0,4.0,77373,RN104,M,"48,7906990","2,6182710",77,2019,90.0,1.0,1.0,2.0,2268498,1.0,1,1,2,1.0,,-1.0,0,1993.0,A01,138Â 200Â 980,1.0,4.0,-1.0,1731526,1.0,7,,0.0,2.0,4.0,A01,138Â 200Â 980,1.0
1014375,201900055906,3,29,20:00,3,1,1,1.0,4.0,77373,RN104,M,"48,7906990","2,6182710",77,2019,90.0,1.0,1.0,2.0,2268498,1.0,1,1,2,1.0,,-1.0,0,1993.0,A01,138Â 200Â 980,1.0,4.0,-1.0,1731527,1.0,7,,0.0,2.0,4.0,C01,138Â 200Â 981,1.0
1014375,201900055906,3,29,20:00,3,1,1,1.0,4.0,77373,RN104,M,"48,7906990","2,6182710",77,2019,90.0,1.0,1.0,2.0,2268498,1.0,1,1,2,1.0,,-1.0,0,1993.0,A01,138Â 200Â 980,1.0,4.0,-1.0,1731528,1.0,7,,0.0,2.0,1.0,D01,138Â 200Â 982,1.0
1014375,201900055906,3,29,20:00,3,1,1,1.0,4.0,77373,RN104,M,"48,7906990","2,6182710",77,2019,90.0,1.0,1.0,2.0,2268498,1.0,1,1,2,1.0,,-1.0,0,1993.0,A01,138Â 200Â 980,1.0,4.0,-1.0,1731529,1.0,7,,0.0,2.0,4.0,B01,138Â 200Â 983,1.0
1014375,201900055906,3,29,20:00,3,1,1,1.0,4.0,77373,RN104,M,"48,7906990","2,6182710",77,2019,90.0,1.0,1.0,2.0,2268499,1.0,1,1,2,1.0,,-1.0,0,1945.0,C01,138Â 200Â 981,1.0,4.0,-1.0,1731526,1.0,7,,0.0,2.0,4.0,A01,138Â 200Â 980,1.0
1014375,201900055906,3,29,20:00,3,1,1,1.0,4.0,77373,RN104,M,"48,7906990","2,6182710",77,2019,90.0,1.0,1.0,2.0,2268499,1.0,1,1,2,1.0,,-1.0,0,1945.0,C01,138Â 200Â 981,1.0,4.0,-1.0,1731527,1.0,7,,0.0,2.0,4.0,C01,138Â 200Â 981,1.0
1014375,201900055906,3,29,20:00,3,1,1,1.0,4.0,77373,RN104,M,"48,7906990","2,6182710",77,2019,90.0,1.0,1.0,2.0,2268499,1.0,1,1,2,1.0,,-1.0,0,1945.0,C01,138Â 200Â 981,1.0,4.0,-1.0,1731528,1.0,7,,0.0,2.0,1.0,D01,138Â 200Â 982,1.0
1014375,201900055906,3,29,20:00,3,1,1,1.0,4.0,77373,RN104,M,"48,7906990","2,6182710",77,2019,90.0,1.0,1.0,2.0,2268499,1.0,1,1,2,1.0,,-1.0,0,1945.0,C01,138Â 200Â 981,1.0,4.0,-1.0,1731529,1.0,7,,0.0,2.0,4.0,B01,138Â 200Â 983,1.0
1014375,201900055906,3,29,20:00,3,1,1,1.0,4.0,77373,RN104,M,"48,7906990","2,6182710",77,2019,90.0,1.0,1.0,2.0,2268500,2.0,2,4,2,0.0,,-1.0,0,1955.0,D01,138Â 200Â 982,1.0,0.0,-1.0,1731526,1.0,7,,0.0,2.0,4.0,A01,138Â 200Â 980,1.0
1014375,201900055906,3,29,20:00,3,1,1,1.0,4.0,77373,RN104,M,"48,7906990","2,6182710",77,2019,90.0,1.0,1.0,2.0,2268500,2.0,2,4,2,0.0,,-1.0,0,1955.0,D01,138Â 200Â 982,1.0,0.0,-1.0,1731527,1.0,7,,0.0,2.0,4.0,C01,138Â 200Â 981,1.0
1014375,201900055906,3,29,20:00,3,1,1,1.0,4.0,77373,RN104,M,"48,7906990","2,6182710",77,2019,90.0,1.0,1.0,2.0,2268500,2.0,2,4,2,0.0,,-1.0,0,1955.0,D01,138Â 200Â 982,1.0,0.0,-1.0,1731528,1.0,7,,0.0,2.0,1.0,D01,138Â 200Â 982,1.0
1014375,201900055906,3,29,20:00,3,1,1,1.0,4.0,77373,RN104,M,"48,7906990","2,6182710",77,2019,90.0,1.0,1.0,2.0,2268500,2.0,2,4,2,0.0,,-1.0,0,1955.0,D01,138Â 200Â 982,1.0,0.0,-1.0,1731529,1.0,7,,0.0,2.0,4.0,B01,138Â 200Â 983,1.0
1014375,201900055906,3,29,20:00,3,1,1,1.0,4.0,77373,RN104,M,"48,7906990","2,6182710",77,2019,90.0,1.0,1.0,2.0,2268501,4.0,2,4,2,0.0,,-1.0,0,2018.0,D01,138Â 200Â 982,1.0,0.0,-1.0,1731526,1.0,7,,0.0,2.0,4.0,A01,138Â 200Â 980,1.0
1014375,201900055906,3,29,20:00,3,1,1,1.0,4.0,77373,RN104,M,"48,7906990","2,6182710",77,2019,90.0,1.0,1.0,2.0,2268501,4.0,2,4,2,0.0,,-1.0,0,2018.0,D01,138Â 200Â 982,1.0,0.0,-1.0,1731527,1.0,7,,0.0,2.0,4.0,C01,138Â 200Â 981,1.0
1014375,201900055906,3,29,20:00,3,1,1,1.0,4.0,77373,RN104,M,"48,7906990","2,6182710",77,2019,90.0,1.0,1.0,2.0,2268501,4.0,2,4,2,0.0,,-1.0,0,2018.0,D01,138Â 200Â 982,1.0,0.0,-1.0,1731528,1.0,7,,0.0,2.0,1.0,D01,138Â 200Â 982,1.0
1014375,201900055906,3,29,20:00,3,1,1,1.0,4.0,77373,RN104,M,"48,7906990","2,6182710",77,2019,90.0,1.0,1.0,2.0,2268501,4.0,2,4,2,0.0,,-1.0,0,2018.0,D01,138Â 200Â 982,1.0,0.0,-1.0,1731529,1.0,7,,0.0,2.0,4.0,B01,138Â 200Â 983,1.0
1014375,201900055906,3,29,20:00,3,1,1,1.0,4.0,77373,RN104,M,"48,7906990","2,6182710",77,2019,90.0,1.0,1.0,2.0,2268502,1.0,1,1,1,1.0,,-1.0,0,1961.0,D01,138Â 200Â 982,1.0,0.0,-1.0,1731526,1.0,7,,0.0,2.0,4.0,A01,138Â 200Â 980,1.0
1014375,201900055906,3,29,20:00,3,1,1,1.0,4.0,77373,RN104,M,"48,7906990","2,6182710",77,2019,90.0,1.0,1.0,2.0,2268502,1.0,1,1,1,1.0,,-1.0,0,1961.0,D01,138Â 200Â 982,1.0,0.0,-1.0,1731527,1.0,7,,0.0,2.0,4.0,C01,138Â 200Â 981,1.0
1014375,201900055906,3,29,20:00,3,1,1,1.0,4.0,77373,RN104,M,"48,7906990","2,6182710",77,2019,90.0,1.0,1.0,2.0,2268502,1.0,1,1,1,1.0,,-1.0,0,1961.0,D01,138Â 200Â 982,1.0,0.0,-1.0,1731528,1.0,7,,0.0,2.0,1.0,D01,138Â 200Â 982,1.0
1014375,201900055906,3,29,20:00,3,1,1,1.0,4.0,77373,RN104,M,"48,7906990","2,6182710",77,2019,90.0,1.0,1.0,2.0,2268502,1.0,1,1,1,1.0,,-1.0,0,1961.0,D01,138Â 200Â 982,1.0,0.0,-1.0,1731529,1.0,7,,0.0,2.0,4.0,B01,138Â 200Â 983,1.0
1014375,201900055906,3,29,20:00,3,1,1,1.0,4.0,77373,RN104,M,"48,7906990","2,6182710",77,2019,90.0,1.0,1.0,2.0,2268503,1.0,1,1,1,1.0,,-1.0,0,1977.0,B01,138Â 200Â 983,1.0,4.0,-1.0,1731526,1.0,7,,0.0,2.0,4.0,A01,138Â 200Â 980,1.0
1014375,201900055906,3,29,20:00,3,1,1,1.0,4.0,77373,RN104,M,"48,7906990","2,6182710",77,2019,90.0,1.0,1.0,2.0,2268503,1.0,1,1,1,1.0,,-1.0,0,1977.0,B01,138Â 200Â 983,1.0,4.0,-1.0,1731527,1.0,7,,0.0,2.0,4.0,C01,138Â 200Â 981,1.0
1014375,201900055906,3,29,20:00,3,1,1,1.0,4.0,77373,RN104,M,"48,7906990","2,6182710",77,2019,90.0,1.0,1.0,2.0,2268503,1.0,1,1,1,1.0,,-1.0,0,1977.0,B01,138Â 200Â 983,1.0,4.0,-1.0,1731528,1.0,7,,0.0,2.0,1.0,D01,138Â 200Â 982,1.0
1014375,201900055906,3,29,20:00,3,1,1,1.0,4.0,77373,RN104,M,"48,7906990","2,6182710",77,2019,90.0,1.0,1.0,2.0,2268503,1.0,1,1,1,1.0,,-1.0,0,1977.0,B01,138Â 200Â 983,1.0,4.0,-1.0,1731529,1.0,7,,0.0,2.0,4.0,B01,138Â 200Â 983,1.0
1014376,201900055907,3,29,15:15,1,1,1,1.0,6.0,94033,A86.INT,M,"48,8557566","2,4882782",94,2019,90.0,1.0,1.0,1.0,2268504,1.0,1,4,1,0.0,,-1.0, -1,1989.0,A01,138Â 200Â 976,2.0,6.0,-1.0,1731530,1.0,32,,0.0,0.0,0.0,A01,138Â 200Â 976,1.0
1014377,201900055908,3,29,08:25,1,1,1,1.0,3.0,94069,A4,M,"48,8179000","2,4285000",94,2019,90.0,1.0,1.0,1.0,2268505,1.0,1,4,2,1.0,,-1.0,0,1992.0,B01,138Â 200Â 974,1.0,0.0,-1.0,1731531,2.0,7,,0.0,2.0,5.0,B01,138Â 200Â 974,1.0
1014377,201900055908,3,29,08:25,1,1,1,1.0,3.0,94069,A4,M,"48,8179000","2,4285000",94,2019,90.0,1.0,1.0,1.0,2268505,1.0,1,4,2,1.0,,-1.0,0,1992.0,B01,138Â 200Â 974,1.0,0.0,-1.0,1731532,2.0,33,,0.0,2.0,1.0,A01,138Â 200Â 975,1.0
1014377,201900055908,3,29,08:25,1,1,1,1.0,3.0,94069,A4,M,"48,8179000","2,4285000",94,2019,90.0,1.0,1.0,1.0,2268506,1.0,1,4,1,0.0,,-1.0,0,1993.0,A01,138Â 200Â 975,2.0,6.0,-1.0,1731531,2.0,7,,0.0,2.0,5.0,B01,138Â 200Â 974,1.0
1014377,201900055908,3,29,08:25,1,1,1,1.0,3.0,94069,A4,M,"48,8179000","2,4285000",94,2019,90.0,1.0,1.0,1.0,2268506,1.0,1,4,1,0.0,,-1.0,0,1993.0,A01,138Â 200Â 975,2.0,6.0,-1.0,1731532,2.0,33,,0.0,2.0,1.0,A01,138Â 200Â 975,1.0
1014378,201900055909,3,29,00:05,5,1,1,1.0,2.0,94017,A4,M,"48,8263400","2,5183900",94,2019,90.0,1.0,1.0,1.0,2268507,1.0,1,4,1,4.0,,0.0,0,1972.0,B01,138Â 200Â 970,1.0,8.0,-1.0,1731533,1.0,7,,1.0,0.0,1.0,B01,138Â 200Â 970,1.0
1014378,201900055909,3,29,00:05,5,1,1,1.0,2.0,94017,A4,M,"48,8263400","2,5183900",94,2019,90.0,1.0,1.0,1.0,2268507,1.0,1,4,1,4.0,,0.0,0,1972.0,B01,138Â 200Â 970,1.0,8.0,-1.0,1731534,1.0,17,,1.0,0.0,6.0,A01,138Â 200Â 971,1.0
1014378,201900055909,3,29,00:05,5,1,1,1.0,2.0,94017,A4,M,"48,8263400","2,5183900",94,2019,90.0,1.0,1.0,1.0,2268508,1.0,1,1,1,4.0,,0.0,0,1981.0,A01,138Â 200Â 971,1.0,8.0,-1.0,1731533,1.0,7,,1.0,0.0,1.0,B01,138Â 200Â 970,1.0
1014378,201900055909,3,29,00:05,5,1,1,1.0,2.0,94017,A4,M,"48,8263400","2,5183900",94,2019,90.0,1.0,1.0,1.0,2268508,1.0,1,1,1,4.0,,0.0,0,1981.0,A01,138Â 200Â 971,1.0,8.0,-1.0,1731534,1.0,17,,1.0,0.0,6.0,A01,138Â 200Â 971,1.0
1014379,201900055910,3,28,18:30,1,1,1,1.0,2.0,77146,A4.Y,M,"48,8323600","2,6600500",77,2019,110.0,1.0,1.0,1.0,2268509,1.0,1,1,1,5.0,,-1.0,0,1997.0,A01,138Â 200Â 968,1.0,0.0,-1.0,1731535,1.0,7,,0.0,2.0,1.0,A01,138Â 200Â 968,1.0
1014379,201900055910,3,28,18:30,1,1,1,1.0,2.0,77146,A4.Y,M,"48,8323600","2,6600500",77,2019,110.0,1.0,1.0,1.0,2268509,1.0,1,1,1,5.0,,-1.0,0,1997.0,A01,138Â 200Â 968,1.0,0.0,-1.0,1731536,1.0,7,,0.0,2.0,4.0,B01,138Â 200Â 969,1.0
1014379,201900055910,3,28,18:30,1,1,1,1.0,2.0,77146,A4.Y,M,"48,8323600","2,6600500",77,2019,110.0,1.0,1.0,1.0,2268510,1.0,1,4,2,5.0,,-1.0,0,1973.0,B01,138Â 200Â 969,1.0,0.0,-1.0,1731535,1.0,7,,0.0,2.0,1.0,A01,138Â 200Â 968,1.0
1014379,201900055910,3,28,18:30,1,1,1,1.0,2.0,77146,A4.Y,M,"48,8323600","2,6600500",77,2019,110.0,1.0,1.0,1.0,2268510,1.0,1,4,2,5.0,,-1.0,0,1973.0,B01,138Â 200Â 969,1.0,0.0,-1.0,1731536,1.0,7,,0.0,2.0,4.0,B01,138Â 200Â 969,1.0
1014380,201900055911,3,27,08:35,1,1,1,1.0,2.0,77251,RN104,M,"48,6453175","2,5486776",77,2019,90.0,1.0,1.0,2.0,2268511,1.0,1,1,1,4.0,,-1.0,0,1975.0,A01,138Â 200Â 966,1.0,0.0,-1.0,1731537,1.0,10,,0.0,2.0,1.0,A01,138Â 200Â 966,1.0
1014380,201900055911,3,27,08:35,1,1,1,1.0,2.0,77251,RN104,M,"48,6453175","2,5486776",77,2019,90.0,1.0,1.0,2.0,2268511,1.0,1,1,1,4.0,,-1.0,0,1975.0,A01,138Â 200Â 966,1.0,0.0,-1.0,1731538,1.0,7,,0.0,2.0,4.0,B01,138Â 200Â 967,1.0
1014380,201900055911,3,27,08:35,1,1,1,1.0,2.0,77251,RN104,M,"48,6453175","2,5486776",77,2019,90.0,1.0,1.0,2.0,2268512,1.0,1,4,2,1.0,,-1.0,0,1968.0,B01,138Â 200Â 967,1.0,0.0,-1.0,1731537,1.0,10,,0.0,2.0,1.0,A01,138Â 200Â 966,1.0
1014380,201900055911,3,27,08:35,1,1,1,1.0,2.0,77251,RN104,M,"48,6453175","2,5486776",77,2019,90.0,1.0,1.0,2.0,2268512,1.0,1,4,2,1.0,,-1.0,0,1968.0,B01,138Â 200Â 967,1.0,0.0,-1.0,1731538,1.0,7,,0.0,2.0,4.0,B01,138Â 200Â 967,1.0
1014381,201900055912,3,26,15:50,1,2,1,1.0,3.0,91434,CORBEIL (ROUTE DE),M,"48,6596000","2,3401700",91,2019,50.0,1.0,1.0,4.0,2268513,1.0,1,1,1,0.0,,-1.0, -1,1993.0,B01,138Â 200Â 964,1.0,0.0,-1.0,1731539,1.0,7,,0.0,2.0,2.0,B01,138Â 200Â 964,0.0
1014381,201900055912,3,26,15:50,1,2,1,1.0,3.0,91434,CORBEIL (ROUTE DE),M,"48,6596000","2,3401700",91,2019,50.0,1.0,1.0,4.0,2268513,1.0,1,1,1,0.0,,-1.0, -1,1993.0,B01,138Â 200Â 964,1.0,0.0,-1.0,1731540,1.0,7,,1.0,0.0,8.0,A01,138Â 200Â 965,0.0
1014381,201900055912,3,26,15:50,1,2,1,1.0,3.0,91434,CORBEIL (ROUTE DE),M,"48,6596000","2,3401700",91,2019,50.0,1.0,1.0,4.0,2268514,1.0,1,4,1,9.0,,-1.0, -1,1934.0,A01,138Â 200Â 965,1.0,0.0,-1.0,1731539,1.0,7,,0.0,2.0,2.0,B01,138Â 200Â 964,0.0