Unnamed: 0_x,num_acc,mois,jour,hrmn,lum,agg,int,atm,col,com,adr,gps,lat,long,dep,annee,vma,situ,surf,catr,Unnamed: 0_y,place,catu,grav,sexe,trajet,secu,locp,actp,an_nais,num_veh_x,id_vehicule_x,secu1,secu2,secu3,Unnamed: 0,senc,catv,occutc,obs,obsm,choc,num_veh_y,id_vehicule_y,motor
1014381,201900055912,3,26,15:50,1,2,1,1.0,3.0,91434,CORBEIL (ROUTE DE),M,"48,6596000","2,3401700",91,2019,50.0,1.0,1.0,4.0,2268514,1.0,1,4,1,9.0,,-1.0, -1,1934.0,A01,138Â 200Â 965,1.0,0.0,-1.0,1731540,1.0,7,,1.0,0.0,8.0,A01,138Â 200Â 965,0.0
1014382,201900055913,3,25,18:00,1,2,1,1.0,6.0,38544,Cours BRILLIER,M,"45,5217337","4,8727728",38,2019,50.0,3.0,1.0,3.0,2268515,1.0,1,1,1,4.0,,0.0,0,1962.0,A01,138Â 200Â 961,1.0,0.0,-1.0,1731541,2.0,38,1.0,0.0,1.0,1.0,A01,138Â 200Â 961,1.0
1014382,201900055913,3,25,18:00,1,2,1,1.0,6.0,38544,Cours BRILLIER,M,"45,5217337","4,8727728",38,2019,50.0,3.0,1.0,3.0,2268516,10.0,3,2,2,5.0,,3.0,3,1947.0,A01,138Â 200Â 961,8.0,0.0,-1.0,1731541,2.0,38,1.0,0.0,1.0,1.0,A01,138Â 200Â 961,1.0
1014383,201900055914,3,25,16:45,1,2,6,1.0,3.0,30189,ALLENDE SALVADOR (RUE),M,"43,8159400","4,3421300",30,2019,50.0,1.0,1.0,2.0,2268517,1.0,1,1,1,4.0,,-1.0, -1,1990.0,B01,138Â 200Â 959,1.0,0.0,-1.0,1731542,2.0,15,,0.0,2.0,2.0,B01,138Â 200Â 959,1.0
1014383,201900055914,3,25,16:45,1,2,6,1.0,3.0,30189,ALLENDE SALVADOR (RUE),M,"43,8159400","4,3421300",30,2019,50.0,1.0,1.0,2.0,2268517,1.0,1,1,1,4.0,,-1.0, -1,1990.0,B01,138Â 200Â 959,1.0,0.0,-1.0,1731543,2.0,7,,0.0,2.0,3.0,A01,138Â 200Â 960,1.0
1014383,201900055914,3,25,16:45,1,2,6,1.0,3.0,30189,ALLENDE SALVADOR (RUE),M,"43,8159400","4,3421300",30,2019,50.0,1.0,1.0,2.0,2268518,1.0,1,4,2,4.0,,-1.0, -1,1994.0,A01,138Â 200Â 960,1.0,0.0,-1.0,1731542,2.0,15,,0.0,2.0,2.0,B01,138Â 200Â 959,1.0
1014383,201900055914,3,25,16:45,1,2,6,1.0,3.0,30189,ALLENDE SALVADOR (RUE),M,"43,8159400","4,3421300",30,2019,50.0,1.0,1.0,2.0,2268518,1.0,1,4,2,4.0,,-1.0, -1,1994.0,A01,138Â 200Â 960,1.0,0.0,-1.0,1731543,2.0,7,,0.0,2.0,3.0,A01,138Â 200Â 960,1.0
1014384,201900055915,3,26,09:20,1,2,4,1.0,3.0,94068,CARNOT (AV),M,"48,8004900","2,4872000",94,2019,50.0,1.0,1.0,4.0,2268519,1.0,1,4,1,5.0,,-1.0, -1,1981.0,A01,138Â 200Â 957,1.0,0.0,-1.0,1731544,3.0,7,,0.0,2.0,2.0,A01,138Â 200Â 957,1.0
1014384,201900055915,3,26,09:20,1,2,4,1.0,3.0,94068,CARNOT (AV),M,"48,8004900","2,4872000",94,2019,50.0,1.0,1.0,4.0,2268519,1.0,1,4,1,5.0,,-1.0, -1,1981.0,A01,138Â 200Â 957,1.0,0.0,-1.0,1731545,3.0,7,,0.0,2.0,1.0,B01,138Â 200Â 958,1.0
1014384,201900055915,3,26,09:20,1,2,4,1.0,3.0,94068,CARNOT (AV),M,"48,8004900","2,4872000",94,2019,50.0,1.0,1.0,4.0,2268520,1.0,1,1,1,5.0,,-1.0, -1,1989.0,B01,138Â 200Â 958,1.0,0.0,-1.0,1731544,3.0,7,,0.0,2.0,2.0,A01,138Â 200Â 957,1.0
1014384,201900055915,3,26,09:20,1,2,4,1.0,3.0,94068,CARNOT (AV),M,"48,8004900","2,4872000",94,2019,50.0,1.0,1.0,4.0,2268520,1.0,1,1,1,5.0,,-1.0, -1,1989.0,B01,138Â 200Â 958,1.0,0.0,-1.0,1731545,3.0,7,,0.0,2.0,1.0,B01,138Â 200Â 958,1.0
1014385,201900055916,3,27,11:05,1,2,1,1.0,2.0,98818,HT NÂ°9 PROMENADE ROGER LAROQUE,M," -22,2963900","166,4380800",988,2019,50.0,1.0,1.0,4.0,2268521,1.0,1,1,1,4.0,,0.0,0,1967.0,A01,138Â 200Â 955,1.0,1.0,-1.0,1731546,3.0,37,1.0,0.0,2.0,1.0,A01,138Â 200Â 955,1.0
1014385,201900055916,3,27,11:05,1,2,1,1.0,2.0,98818,HT NÂ°9 PROMENADE ROGER LAROQUE,M," -22,2963900","166,4380800",988,2019,50.0,1.0,1.0,4.0,2268521,1.0,1,1,1,4.0,,0.0,0,1967.0,A01,138Â 200Â 955,1.0,1.0,-1.0,1731547,3.0,7,,0.0,2.0,4.0,B01,138Â 200Â 956,1.0
1014385,201900055916,3,27,11:05,1,2,1,1.0,2.0,98818,HT NÂ°9 PROMENADE ROGER LAROQUE,M," -22,2963900","166,4380800",988,2019,50.0,1.0,1.0,4.0,2268522,1.0,1,4,2,0.0,,0.0,0,1975.0,B01,138Â 200Â 956,1.0,1.0,-1.0,1731546,3.0,37,1.0,0.0,2.0,1.0,A01,138Â 200Â 955,1.0
1014385,201900055916,3,27,11:05,1,2,1,1.0,2.0,98818,HT NÂ°9 PROMENADE ROGER LAROQUE,M," -22,2963900","166,4380800",988,2019,50.0,1.0,1.0,4.0,2268522,1.0,1,4,2,0.0,,0.0,0,1975.0,B01,138Â 200Â 956,1.0,1.0,-1.0,1731547,3.0,7,,0.0,2.0,4.0,B01,138Â 200Â 956,1.0
1014386,201900055917,3,27,18:45,3,1,1,2.0,6.0,97416,RN2 direction St Benoit sortie petit BazardPETIT BAZAR,M," -20,9443200","55,6493300",974,2019,50.0,1.0,1.0,3.0,2268523,1.0,1,4,1,9.0,,0.0,0,1985.0,A01,138Â 200Â 953,8.0,0.0,-1.0,1731548,3.0,7,,0.0,2.0,3.0,A01,138Â 200Â 953,6.0
1014386,201900055917,3,27,18:45,3,1,1,2.0,6.0,97416,RN2 direction St Benoit sortie petit BazardPETIT BAZAR,M," -20,9443200","55,6493300",974,2019,50.0,1.0,1.0,3.0,2268523,1.0,1,4,1,9.0,,0.0,0,1985.0,A01,138Â 200Â 953,8.0,0.0,-1.0,1731549,3.0,1,,0.0,2.0,1.0,B01,138Â 200Â 954,5.0
1014386,201900055917,3,27,18:45,3,1,1,2.0,6.0,97416,RN2 direction St Benoit sortie petit BazardPETIT BAZAR,M," -20,9443200","55,6493300",974,2019,50.0,1.0,1.0,3.0,2268524,1.0,1,3,1,0.0,,0.0,0,1985.0,B01,138Â 200Â 954,0.0,-1.0,-1.0,1731548,3.0,7,,0.0,2.0,3.0,A01,138Â 200Â 953,6.0
1014386,201900055917,3,27,18:45,3,1,1,2.0,6.0,97416,RN2 direction St Benoit sortie petit BazardPETIT BAZAR,M," -20,9443200","55,6493300",974,2019,50.0,1.0,1.0,3.0,2268524,1.0,1,3,1,0.0,,0.0,0,1985.0,B01,138Â 200Â 954,0.0,-1.0,-1.0,1731549,3.0,1,,0.0,2.0,1.0,B01,138Â 200Â 954,5.0
1014387,201900055918,3,27,16:30,1,2,9,2.0,3.0,97411,RN2/111,M," -20,8868400","55,4901100",974,2019,90.0,1.0,2.0,4.0,2268525,1.0,1,1,1,5.0,,-1.0, -1,1990.0,A01,138Â 200Â 951,1.0,8.0,-1.0,1731550,1.0,7,,0.0,2.0,3.0,A01,138Â 200Â 951,1.0
1014387,201900055918,3,27,16:30,1,2,9,2.0,3.0,97411,RN2/111,M," -20,8868400","55,4901100",974,2019,90.0,1.0,2.0,4.0,2268525,1.0,1,1,1,5.0,,-1.0, -1,1990.0,A01,138Â 200Â 951,1.0,8.0,-1.0,1731551,1.0,7,,0.0,2.0,2.0,B01,138Â 200Â 952,1.0
1014387,201900055918,3,27,16:30,1,2,9,2.0,3.0,97411,RN2/111,M," -20,8868400","55,4901100",974,2019,90.0,1.0,2.0,4.0,2268526,2.0,2,4,1,5.0,,-1.0, -1,1997.0,A01,138Â 200Â 951,1.0,8.0,-1.0,1731550,1.0,7,,0.0,2.0,3.0,A01,138Â 200Â 951,1.0
1014387,201900055918,3,27,16:30,1,2,9,2.0,3.0,97411,RN2/111,M," -20,8868400","55,4901100",974,2019,90.0,1.0,2.0,4.0,2268526,2.0,2,4,1,5.0,,-1.0, -1,1997.0,A01,138Â 200Â 951,1.0,8.0,-1.0,1731551,1.0,7,,0.0,2.0,2.0,B01,138Â 200Â 952,1.0
1014387,201900055918,3,27,16:30,1,2,9,2.0,3.0,97411,RN2/111,M," -20,8868400","55,4901100",974,2019,90.0,1.0,2.0,4.0,2268527,1.0,1,4,1,1.0,,-1.0, -1,1996.0,B01,138Â 200Â 952,1.0,0.0,-1.0,1731550,1.0,7,,0.0,2.0,3.0,A01,138Â 200Â 951,1.0
1014387,201900055918,3,27,16:30,1,2,9,2.0,3.0,97411,RN2/111,M," -20,8868400","55,4901100",974,2019,90.0,1.0,2.0,4.0,2268527,1.0,1,4,1,1.0,,-1.0, -1,1996.0,B01,138Â 200Â 952,1.0,0.0,-1.0,1731551,1.0,7,,0.0,2.0,2.0,B01,138Â 200Â 952,1.0
1014388,201900055919,3,26,08:10,1,1,9,1.0,3.0,97302,ROUTE NATIONALE 3,M,"4,9044163"," -52,3178008",973,2019,80.0,1.0,1.0,3.0,2268528,1.0,1,1,2,0.0,,-1.0,0,1990.0,B01,138Â 200Â 949,1.0,0.0,-1.0,1731552,1.0,7,,0.0,0.0,0.0,B01,138Â 200Â 949,1.0
1014388,201900055919,3,26,08:10,1,1,9,1.0,3.0,97302,ROUTE NATIONALE 3,M,"4,9044163"," -52,3178008",973,2019,80.0,1.0,1.0,3.0,2268528,1.0,1,1,2,0.0,,-1.0,0,1990.0,B01,138Â 200Â 949,1.0,0.0,-1.0,1731553,1.0,33,,0.0,2.0,1.0,A01,138Â 200Â 950,1.0
1014388,201900055919,3,26,08:10,1,1,9,1.0,3.0,97302,ROUTE NATIONALE 3,M,"4,9044163"," -52,3178008",973,2019,80.0,1.0,1.0,3.0,2268529,1.0,1,4,2,0.0,,-1.0,0,1996.0,A01,138Â 200Â 950,2.0,8.0,-1.0,1731552,1.0,7,,0.0,0.0,0.0,B01,138Â 200Â 949,1.0
1014388,201900055919,3,26,08:10,1,1,9,1.0,3.0,97302,ROUTE NATIONALE 3,M,"4,9044163"," -52,3178008",973,2019,80.0,1.0,1.0,3.0,2268529,1.0,1,4,2,0.0,,-1.0,0,1996.0,A01,138Â 200Â 950,2.0,8.0,-1.0,1731553,1.0,33,,0.0,2.0,1.0,A01,138Â 200Â 950,1.0
1014389,201900055920,3,27,21:00,5,2,1,1.0,3.0,69387,YVES FARGES                         (BD),M,"45,7405000","4,8318300",69,2019,50.0,1.0,1.0,7.0,2268530,1.0,1,4,1,0.0,,0.0,0,1993.0,B01,138Â 200Â 947,8.0,0.0,-1.0,1731554,1.0,33,,0.0,2.0,2.0,B01,138Â 200Â 947,1.0
1014389,201900055920,3,27,21:00,5,2,1,1.0,3.0,69387,YVES FARGES                         (BD),M,"45,7405000","4,8318300",69,2019,50.0,1.0,1.0,7.0,2268530,1.0,1,4,1,0.0,,0.0,0,1993.0,B01,138Â 200Â 947,8.0,0.0,-1.0,1731555,1.0,7,,0.0,2.0,2.0,A01,138Â 200Â 948,2.0
1014389,201900055920,3,27,21:00,5,2,1,1.0,3.0,69387,YVES FARGES                         (BD),M,"45,7405000","4,8318300",69,2019,50.0,1.0,1.0,7.0,2268531,4.0,2,1,1,0.0,,-1.0, -1,1992.0,A01,138Â 200Â 948,8.0,0.0,-1.0,1731554,1.0,33,,0.0,2.0,2.0,B01,138Â 200Â 947,1.0
1014389,201900055920,3,27,21:00,5,2,1,1.0,3.0,69387,YVES FARGES                         (BD),M,"45,7405000","4,8318300",69,2019,50.0,1.0,1.0,7.0,2268531,4.0,2,1,1,0.0,,-1.0, -1,1992.0,A01,138Â 200Â 948,8.0,0.0,-1.0,1731555,1.0,7,,0.0,2.0,2.0,A01,138Â 200Â 948,2.0
1014389,201900055920,3,27,21:00,5,2,1,1.0,3.0,69387,YVES FARGES                         (BD),M,"45,7405000","4,8318300",69,2019,50.0,1.0,1.0,7.0,2268532,3.0,2,1,2,0.0,,0.0,0,1994.0,A01,138Â 200Â 948,1.0,0.0,-1.0,1731554,1.0,33,,0.0,2.0,2.0,B01,138Â 200Â 947,1.0
1014389,201900055920,3,27,21:00,5,2,1,1.0,3.0,69387,YVES FARGES                         (BD),M,"45,7405000","4,8318300",69,2019,50.0,1.0,1.0,7.0,2268532,3.0,2,1,2,0.0,,0.0,0,1994.0,A01,138Â 200Â 948,1.0,0.0,-1.0,1731555,1.0,7,,0.0,2.0,2.0,A01,138Â 200Â 948,2.0
1014389,201900055920,3,27,21:00,5,2,1,1.0,3.0,69387,YVES FARGES                         (BD),M,"45,7405000","4,8318300",69,2019,50.0,1.0,1.0,7.0,2268533,1.0,1,4,2,0.0,,0.0,0,1989.0,A01,138Â 200Â 948,8.0,0.0,-1.0,1731554,1.0,33,,0.0,2.0,2.0,B01,138Â 200Â 947,1.0
1014389,201900055920,3,27,21:00,5,2,1,1.0,3.0,69387,YVES FARGES                         (BD),M,"45,7405000","4,8318300",69,2019,50.0,1.0,1.0,7.0,2268533,1.0,1,4,2,0.0,,0.0,0,1989.0,A01,138Â 200Â 948,8.0,0.0,-1.0,1731555,1.0,7,,0.0,2.0,2.0,A01,138Â 200Â 948,2.0
1014389,201900055920,3,27,21:00,5,2,1,1.0,3.0,69387,YVES FARGES                         (BD),M,"45,7405000","4,8318300",69,2019,50.0,1.0,1.0,7.0,2268534,2.0,2,1,2,0.0,,-1.0, -1,1987.0,A01,138Â 200Â 948,8.0,0.0,-1.0,1731554,1.0,33,,0.0,2.0,2.0,B01,138Â 200Â 947,1.0
1014389,201900055920,3,27,21:00,5,2,1,1.0,3.0,69387,YVES FARGES                         (BD),M,"45,7405000","4,8318300",69,2019,50.0,1.0,1.0,7.0,2268534,2.0,2,1,2,0.0,,-1.0, -1,1987.0,A01,138Â 200Â 948,8.0,0.0,-1.0,1731555,1.0,7,,0.0,2.0,2.0,A01,138Â 200Â 948,2.0
1014390,201900055921,3,27,20:00,2,2,3,1.0,3.0,69383,FREDERIC MISTRAL                    (R ),M,"45,7568900","4,8763700",69,2019,50.0,1.0,1.0,4.0,2268535,2.0,2,4,1,0.0,,0.0,0,1994.0,B01,138Â 200Â 945,1.0,0.0,-1.0,1731556,1.0,7,,0.0,2.0,2.0,B01,138Â 200Â 945,1.0
1014390,201900055921,3,27,20:00,2,2,3,1.0,3.0,69383,FREDERIC MISTRAL                    (R ),M,"45,7568900","4,8763700",69,2019,50.0,1.0,1.0,4.0,2268535,2.0,2,4,1,0.0,,0.0,0,1994.0,B01,138Â 200Â 945,1.0,0.0,-1.0,1731557,1.0,7,,0.0,2.0,3.0,A01,138Â 200Â 946,1.0
1014390,201900055921,3,27,20:00,2,2,3,1.0,3.0,69383,FREDERIC MISTRAL                    (R ),M,"45,7568900","4,8763700",69,2019,50.0,1.0,1.0,4.0,2268536,1.0,1,1,2,0.0,,0.0,0,1997.0,B01,138Â 200Â 945,1.0,0.0,-1.0,1731556,1.0,7,,0.0,2.0,2.0,B01,138Â 200Â 945,1.0
1014390,201900055921,3,27,20:00,2,2,3,1.0,3.0,69383,FREDERIC MISTRAL                    (R ),M,"45,7568900","4,8763700",69,2019,50.0,1.0,1.0,4.0,2268536,1.0,1,1,2,0.0,,0.0,0,1997.0,B01,138Â 200Â 945,1.0,0.0,-1.0,1731557,1.0,7,,0.0,2.0,3.0,A01,138Â 200Â 946,1.0
1014390,201900055921,3,27,20:00,2,2,3,1.0,3.0,69383,FREDERIC MISTRAL                    (R ),M,"45,7568900","4,8763700",69,2019,50.0,1.0,1.0,4.0,2268537,1.0,1,1,1,0.0,,0.0,0,1968.0,A01,138Â 200Â 946,1.0,0.0,-1.0,1731556,1.0,7,,0.0,2.0,2.0,B01,138Â 200Â 945,1.0
1014390,201900055921,3,27,20:00,2,2,3,1.0,3.0,69383,FREDERIC MISTRAL                    (R ),M,"45,7568900","4,8763700",69,2019,50.0,1.0,1.0,4.0,2268537,1.0,1,1,1,0.0,,0.0,0,1968.0,A01,138Â 200Â 946,1.0,0.0,-1.0,1731557,1.0,7,,0.0,2.0,3.0,A01,138Â 200Â 946,1.0
1014391,201900055922,3,27,16:05,1,2,1,1.0,2.0,69387,CHAMBAUD DE LA BRUYERE              (BD),M,"45,7225200","4,8424100",69,2019,50.0,1.0,1.0,4.0,2268538,1.0,1,4,1,0.0,,0.0,0,1995.0,A01,138Â 200Â 943,1.0,0.0,-1.0,1731558,1.0,7,,0.0,2.0,3.0,A01,138Â 200Â 943,0.0
1014391,201900055922,3,27,16:05,1,2,1,1.0,2.0,69387,CHAMBAUD DE LA BRUYERE              (BD),M,"45,7225200","4,8424100",69,2019,50.0,1.0,1.0,4.0,2268538,1.0,1,4,1,0.0,,0.0,0,1995.0,A01,138Â 200Â 943,1.0,0.0,-1.0,1731559,1.0,7,,0.0,2.0,5.0,B01,138Â 200Â 944,0.0
1014391,201900055922,3,27,16:05,1,2,1,1.0,2.0,69387,CHAMBAUD DE LA BRUYERE              (BD),M,"45,7225200","4,8424100",69,2019,50.0,1.0,1.0,4.0,2268539,1.0,1,1,1,0.0,,0.0,0,1970.0,B01,138Â 200Â 944,1.0,0.0,-1.0,1731558,1.0,7,,0.0,2.0,3.0,A01,138Â 200Â 943,0.0
1014391,201900055922,3,27,16:05,1,2,1,1.0,2.0,69387,CHAMBAUD DE LA BRUYERE              (BD),M,"45,7225200","4,8424100",69,2019,50.0,1.0,1.0,4.0,2268539,1.0,1,1,1,0.0,,0.0,0,1970.0,B01,138Â 200Â 944,1.0,0.0,-1.0,1731559,1.0,7,,0.0,2.0,5.0,B01,138Â 200Â 944,0.0
1014392,201900055923,3,27,09:35,1,2,3,1.0,6.0,69383,MARECHAL DE SAXE                    (AV),M,"45,7552900","4,8466700",69,2019,50.0,1.0,1.0,4.0,2268540,1.0,1,1,1,4.0,,0.0,0,1975.0,A01,138Â 200Â 942,1.0,0.0,-1.0,1731560,1.0,37,1.0,0.0,1.0,2.0,A01,138Â 200Â 942,3.0
1014392,201900055923,3,27,09:35,1,2,3,1.0,6.0,69383,MARECHAL DE SAXE                    (AV),M,"45,7552900","4,8466700",69,2019,50.0,1.0,1.0,4.0,2268541,10.0,3,4,1,1.0,,2.0,3,1984.0,A01,138Â 200Â 942,8.0,0.0,-1.0,1731560,1.0,37,1.0,0.0,1.0,2.0,A01,138Â 200Â 942,3.0
1014393,201900055924,3,26,20:15,2,2,2,1.0,1.0,69388,PROFESSEUR CALMETTE (DU)            (R ),M,"45,7429300","4,8768700",69,2019,50.0,1.0,1.0,7.0,2268542,1.0,1,1,2,5.0,,0.0,0,1955.0,A01,138Â 200Â 940,8.0,0.0,-1.0,1731561,1.0,7,,0.0,2.0,3.0,A01,138Â 200Â 940,1.0
1014393,201900055924,3,26,20:15,2,2,2,1.0,1.0,69388,PROFESSEUR CALMETTE (DU)            (R ),M,"45,7429300","4,8768700",69,2019,50.0,1.0,1.0,7.0,2268542,1.0,1,1,2,5.0,,0.0,0,1955.0,A01,138Â 200Â 940,8.0,0.0,-1.0,1731562,2.0,99,,0.0,2.0,1.0,B01,138Â 200Â 941,5.0
1014393,201900055924,3,26,20:15,2,2,2,1.0,1.0,69388,PROFESSEUR CALMETTE (DU)            (R ),M,"45,7429300","4,8768700",69,2019,50.0,1.0,1.0,7.0,2268543,1.0,1,4,2,1.0,,0.0,0,1993.0,B01,138Â 200Â 941,8.0,0.0,-1.0,1731561,1.0,7,,0.0,2.0,3.0,A01,138Â 200Â 940,1.0
1014393,201900055924,3,26,20:15,2,2,2,1.0,1.0,69388,PROFESSEUR CALMETTE (DU)            (R ),M,"45,7429300","4,8768700",69,2019,50.0,1.0,1.0,7.0,2268543,1.0,1,4,2,1.0,,0.0,0,1993.0,B01,138Â 200Â 941,8.0,0.0,-1.0,1731562,2.0,99,,0.0,2.0,1.0,B01,138Â 200Â 941,5.0
1014394,201900055925,3,27,00:40,4,1,1,1.0,7.0,97213,ROUTE NATIONALE 5,M,"14,6149320"," -61,0131820",972,2019,90.0,1.0,1.0,1.0,2268544,1.0,1,4,1,5.0,,-1.0,0,1993.0,A01,138Â 200Â 939,1.0,0.0,-1.0,1731563,1.0,7,,0.0,0.0,9.0,A01,138Â 200Â 939,1.0
1014395,201900055926,3,27,20:00,5,2,1,1.0,7.0,97209,CHATEAUBOEUF (ROUTE DE),M,"14,6212800"," -61,0430800",972,2019,30.0,1.0,1.0,3.0,2268545,1.0,1,4,1,0.0,,-1.0,0,1961.0,A01,138Â 200Â 938,8.0,5.0,-1.0,1731564,2.0,7,,3.0,0.0,1.0,A01,138Â 200Â 938,1.0
1014396,201900055927,3,27,17:15,1,1,9,1.0,4.0,97209,AUTOROUTE (A1),M,"14,6180000"," -61,0366000",972,2019,70.0,1.0,1.0,1.0,2268546,1.0,1,4,1,0.0,,-1.0, -1,1995.0,A01,138Â 200Â 935,1.0,0.0,-1.0,1731565,1.0,7,,14.0,2.0,7.0,A01,138Â 200Â 935,1.0
1014396,201900055927,3,27,17:15,1,1,9,1.0,4.0,97209,AUTOROUTE (A1),M,"14,6180000"," -61,0366000",972,2019,70.0,1.0,1.0,1.0,2268546,1.0,1,4,1,0.0,,-1.0, -1,1995.0,A01,138Â 200Â 935,1.0,0.0,-1.0,1731566,1.0,7,,0.0,2.0,6.0,C01,138Â 200Â 936,1.0
1014396,201900055927,3,27,17:15,1,1,9,1.0,4.0,97209,AUTOROUTE (A1),M,"14,6180000"," -61,0366000",972,2019,70.0,1.0,1.0,1.0,2268546,1.0,1,4,1,0.0,,-1.0, -1,1995.0,A01,138Â 200Â 935,1.0,0.0,-1.0,1731567,1.0,7,,0.0,2.0,5.0,B01,138Â 200Â 937,1.0
1014396,201900055927,3,27,17:15,1,1,9,1.0,4.0,97209,AUTOROUTE (A1),M,"14,6180000"," -61,0366000",972,2019,70.0,1.0,1.0,1.0,2268547,1.0,1,1,2,0.0,,-1.0,0,1953.0,C01,138Â 200Â 936,1.0,0.0,-1.0,1731565,1.0,7,,14.0,2.0,7.0,A01,138Â 200Â 935,1.0
1014396,201900055927,3,27,17:15,1,1,9,1.0,4.0,97209,AUTOROUTE (A1),M,"14,6180000"," -61,0366000",972,2019,70.0,1.0,1.0,1.0,2268547,1.0,1,1,2,0.0,,-1.0,0,1953.0,C01,138Â 200Â 936,1.0,0.0,-1.0,1731566,1.0,7,,0.0,2.0,6.0,C01,138Â 200Â 936,1.0
1014396,201900055927,3,27,17:15,1,1,9,1.0,4.0,97209,AUTOROUTE (A1),M,"14,6180000"," -61,0366000",972,2019,70.0,1.0,1.0,1.0,2268547,1.0,1,1,2,0.0,,-1.0,0,1953.0,C01,138Â 200Â 936,1.0,0.0,-1.0,1731567,1.0,7,,0.0,2.0,5.0,B01,138Â 200Â 937,1.0
1014396,201900055927,3,27,17:15,1,1,9,1.0,4.0,97209,AUTOROUTE (A1),M,"14,6180000"," -61,0366000",972,2019,70.0,1.0,1.0,1.0,2268548,1.0,1,1,2,0.0,,-1.0, -1,1953.0,B01,138Â 200Â 937,1.0,0.0,-1.0,1731565,1.0,7,,14.0,2.0,7.0,A01,138Â 200Â 935,1.0
1014396,201900055927,3,27,17:15,1,1,9,1.0,4.0,97209,AUTOROUTE (A1),M,"14,6180000"," -61,0366000",972,2019,70.0,1.0,1.0,1.0,2268548,1.0,1,1,2,0.0,,-1.0, -1,1953.0,B01,138Â 200Â 937,1.0,0.0,-1.0,1731566,1.0,7,,0.0,2.0,6.0,C01,138Â 200Â 936,1.0
1014396,201900055927,3,27,17:15,1,1,9,1.0,4.0,97209,AUTOROUTE (A1),M,"14,6180000"," -61,0366000",972,2019,70.0,1.0,1.0,1.0,2268548,1.0,1,1,2,0.0,,-1.0, -1,1953.0,B01,138Â 200Â 937,1.0,0.0,-1.0,1731567,1.0,7,,0.0,2.0,5.0,B01,138Â 200Â 937,1.0
1014397,201900055928,3,27,06:30,1,2,2,1.0,3.0,97209,SALVATOR ALLENDE (AVENUE),M,"14,6103300"," -61,0483500",972,2019,50.0,1.0,1.0,4.0,2268549,1.0,1,3,1,1.0,,-1.0,0,1970.0,B01,138Â 200Â 933,2.0,6.0,-1.0,1731568,2.0,33,,0.0,2.0,2.0,B01,138Â 200Â 933,1.0
1014397,201900055928,3,27,06:30,1,2,2,1.0,3.0,97209,SALVATOR ALLENDE (AVENUE),M,"14,6103300"," -61,0483500",972,2019,50.0,1.0,1.0,4.0,2268549,1.0,1,3,1,1.0,,-1.0,0,1970.0,B01,138Â 200Â 933,2.0,6.0,-1.0,1731569,2.0,7,,0.0,2.0,3.0,A01,138Â 200Â 934,1.0
1014397,201900055928,3,27,06:30,1,2,2,1.0,3.0,97209,SALVATOR ALLENDE (AVENUE),M,"14,6103300"," -61,0483500",972,2019,50.0,1.0,1.0,4.0,2268550,1.0,1,4,2,9.0,,-1.0,0,1983.0,A01,138Â 200Â 934,1.0,8.0,-1.0,1731568,2.0,33,,0.0,2.0,2.0,B01,138Â 200Â 933,1.0
1014397,201900055928,3,27,06:30,1,2,2,1.0,3.0,97209,SALVATOR ALLENDE (AVENUE),M,"14,6103300"," -61,0483500",972,2019,50.0,1.0,1.0,4.0,2268550,1.0,1,4,2,9.0,,-1.0,0,1983.0,A01,138Â 200Â 934,1.0,8.0,-1.0,1731569,2.0,7,,0.0,2.0,3.0,A01,138Â 200Â 934,1.0
1014398,201900055929,3,26,21:43,5,2,2,1.0,3.0,97209,JULES MONNEROT (RUE),M,"14,6112100"," -61,0707800",972,2019,50.0,1.0,1.0,4.0,2268551,1.0,1,1,1,5.0,,-1.0,0,1982.0,A01,138Â 200Â 931,1.0,0.0,-1.0,1731570,2.0,7,,0.0,2.0,2.0,A01,138Â 200Â 931,1.0
1014398,201900055929,3,26,21:43,5,2,2,1.0,3.0,97209,JULES MONNEROT (RUE),M,"14,6112100"," -61,0707800",972,2019,50.0,1.0,1.0,4.0,2268551,1.0,1,1,1,5.0,,-1.0,0,1982.0,A01,138Â 200Â 931,1.0,0.0,-1.0,1731571,1.0,2,,0.0,2.0,0.0,B01,138Â 200Â 932,0.0
1014398,201900055929,3,26,21:43,5,2,2,1.0,3.0,97209,JULES MONNEROT (RUE),M,"14,6112100"," -61,0707800",972,2019,50.0,1.0,1.0,4.0,2268552,1.0,1,4,1,0.0,,-1.0,0,1989.0,B01,138Â 200Â 932,8.0,0.0,-1.0,1731570,2.0,7,,0.0,2.0,2.0,A01,138Â 200Â 931,1.0