Unnamed: 0_x,num_acc,mois,jour,hrmn,lum,agg,int,atm,col,com,adr,gps,lat,long,dep,annee,vma,situ,surf,catr,Unnamed: 0_y,place,catu,grav,sexe,trajet,secu,locp,actp,an_nais,num_veh_x,id_vehicule_x,secu1,secu2,secu3,Unnamed: 0,senc,catv,occutc,obs,obsm,choc,num_veh_y,id_vehicule_y,motor
1014398,201900055929,3,26,21:43,5,2,2,1.0,3.0,97209,JULES MONNEROT (RUE),M,"14,6112100"," -61,0707800",972,2019,50.0,1.0,1.0,4.0,2268552,1.0,1,4,1,0.0,,-1.0,0,1989.0,B01,138Â 200Â 932,8.0,0.0,-1.0,1731571,1.0,2,,0.0,2.0,0.0,B01,138Â 200Â 932,0.0
1014399,201900055930,3,27,17:30,1,2,9,1.0,3.0,69081,JEAN MARIE VIANNEY              CH,M,"45,7857600","4,7829900",69,2019,50.0,1.0,1.0,4.0,2268553,1.0,1,1,1,5.0,,0.0,0,1964.0,A01,138Â 200Â 929,1.0,0.0,-1.0,1731572,1.0,7,,0.0,2.0,1.0,A01,138Â 200Â 929,1.0
1014399,201900055930,3,27,17:30,1,2,9,1.0,3.0,69081,JEAN MARIE VIANNEY              CH,M,"45,7857600","4,7829900",69,2019,50.0,1.0,1.0,4.0,2268553,1.0,1,1,1,5.0,,0.0,0,1964.0,A01,138Â 200Â 929,1.0,0.0,-1.0,1731573,1.0,7,,0.0,2.0,6.0,B01,138Â 200Â 930,1.0
1014399,201900055930,3,27,17:30,1,2,9,1.0,3.0,69081,JEAN MARIE VIANNEY              CH,M,"45,7857600","4,7829900",69,2019,50.0,1.0,1.0,4.0,2268554,1.0,1,4,2,5.0,,0.0,0,1975.0,B01,138Â 200Â 930,1.0,0.0,-1.0,1731572,1.0,7,,0.0,2.0,1.0,A01,138Â 200Â 929,1.0
1014399,201900055930,3,27,17:30,1,2,9,1.0,3.0,69081,JEAN MARIE VIANNEY              CH,M,"45,7857600","4,7829900",69,2019,50.0,1.0,1.0,4.0,2268554,1.0,1,4,2,5.0,,0.0,0,1975.0,B01,138Â 200Â 930,1.0,0.0,-1.0,1731573,1.0,7,,0.0,2.0,6.0,B01,138Â 200Â 930,1.0
1014400,201900055931,3,26,17:35,1,2,1,1.0,6.0,69034,ST CLAIR (DE)                       (GR),M,"45,7907600","4,8590600",69,2019,50.0,1.0,1.0,4.0,2268555,1.0,1,1,2,5.0,,0.0,0,1972.0,A01,138Â 200Â 928,1.0,0.0,-1.0,1731574,2.0,7,,0.0,1.0,1.0,A01,138Â 200Â 928,1.0
1014400,201900055931,3,26,17:35,1,2,1,1.0,6.0,69034,ST CLAIR (DE)                       (GR),M,"45,7907600","4,8590600",69,2019,50.0,1.0,1.0,4.0,2268556,10.0,3,4,2,5.0,,3.0,3,2007.0,A01,138Â 200Â 928,8.0,0.0,-1.0,1731574,2.0,7,,0.0,1.0,1.0,A01,138Â 200Â 928,1.0
1014401,201900055932,3,25,11:15,1,2,3,1.0,6.0,69381,PRESIDENT EDOUARD HERRIOT (DU)      (R ),M,"45,7672800","4,8342500",69,2019,30.0,1.0,1.0,4.0,2268557,10.0,3,3,1,5.0,,1.0,3,1942.0,Z01,138Â 200Â 927,8.0,0.0,-1.0,1731575,2.0,13,,0.0,1.0,1.0,Z01,138Â 200Â 927,1.0
1014402,201900055933,1,30,18:00,5,2,2,1.0,3.0,69081,TRONCHON (DU)                 CH,M,"45,7992600","4,7712100",69,2019,50.0,1.0,2.0,4.0,2268558,1.0,1,1,1,4.0,,0.0,0,1988.0,B01,138Â 200Â 925,1.0,0.0,-1.0,1731576,2.0,7,,0.0,2.0,3.0,B01,138Â 200Â 925,1.0
1014402,201900055933,1,30,18:00,5,2,2,1.0,3.0,69081,TRONCHON (DU)                 CH,M,"45,7992600","4,7712100",69,2019,50.0,1.0,2.0,4.0,2268558,1.0,1,1,1,4.0,,0.0,0,1988.0,B01,138Â 200Â 925,1.0,0.0,-1.0,1731577,1.0,7,,0.0,2.0,3.0,A01,138Â 200Â 926,1.0
1014402,201900055933,1,30,18:00,5,2,2,1.0,3.0,69081,TRONCHON (DU)                 CH,M,"45,7992600","4,7712100",69,2019,50.0,1.0,2.0,4.0,2268559,1.0,1,4,2,1.0,,0.0,0,1995.0,A01,138Â 200Â 926,1.0,0.0,-1.0,1731576,2.0,7,,0.0,2.0,3.0,B01,138Â 200Â 925,1.0
1014402,201900055933,1,30,18:00,5,2,2,1.0,3.0,69081,TRONCHON (DU)                 CH,M,"45,7992600","4,7712100",69,2019,50.0,1.0,2.0,4.0,2268559,1.0,1,4,2,1.0,,0.0,0,1995.0,A01,138Â 200Â 926,1.0,0.0,-1.0,1731577,1.0,7,,0.0,2.0,3.0,A01,138Â 200Â 926,1.0
1014403,201900055934,3,26,08:15,1,2,1,1.0,6.0,97105,R.N.3,M,"15,9941900"," -61,7268100",971,2019,50.0,1.0,1.0,2.0,2268560,1.0,1,1,1,5.0,,-1.0, -1,1994.0,A01,138Â 200Â 923,1.0,0.0,-1.0,1731578,1.0,10,,14.0,2.0,3.0,A01,138Â 200Â 923,1.0
1014403,201900055934,3,26,08:15,1,2,1,1.0,6.0,97105,R.N.3,M,"15,9941900"," -61,7268100",971,2019,50.0,1.0,1.0,2.0,2268560,1.0,1,1,1,5.0,,-1.0, -1,1994.0,A01,138Â 200Â 923,1.0,0.0,-1.0,1731579,3.0,7,,0.0,2.0,3.0,B01,138Â 200Â 924,1.0
1014403,201900055934,3,26,08:15,1,2,1,1.0,6.0,97105,R.N.3,M,"15,9941900"," -61,7268100",971,2019,50.0,1.0,1.0,2.0,2268561,1.0,1,4,2,0.0,,-1.0, -1,1986.0,B01,138Â 200Â 924,1.0,8.0,-1.0,1731578,1.0,10,,14.0,2.0,3.0,A01,138Â 200Â 923,1.0
1014403,201900055934,3,26,08:15,1,2,1,1.0,6.0,97105,R.N.3,M,"15,9941900"," -61,7268100",971,2019,50.0,1.0,1.0,2.0,2268561,1.0,1,4,2,0.0,,-1.0, -1,1986.0,B01,138Â 200Â 924,1.0,8.0,-1.0,1731579,3.0,7,,0.0,2.0,3.0,B01,138Â 200Â 924,1.0
1014404,201900055935,3,27,16:45,1,2,1,1.0,3.0,2A004,ROUTE DU STILETTO,M,"41,9465900","8,7665400",2A,2019,50.0,1.0,1.0,3.0,2268562,1.0,1,4,1,1.0,,-1.0,0,1978.0,B01,138Â 200Â 921,2.0,6.0,-1.0,1731580,2.0,32,,0.0,2.0,1.0,B01,138Â 200Â 921,1.0
1014404,201900055935,3,27,16:45,1,2,1,1.0,3.0,2A004,ROUTE DU STILETTO,M,"41,9465900","8,7665400",2A,2019,50.0,1.0,1.0,3.0,2268562,1.0,1,4,1,1.0,,-1.0,0,1978.0,B01,138Â 200Â 921,2.0,6.0,-1.0,1731581,1.0,7,,0.0,2.0,1.0,A01,138Â 200Â 922,1.0
1014404,201900055935,3,27,16:45,1,2,1,1.0,3.0,2A004,ROUTE DU STILETTO,M,"41,9465900","8,7665400",2A,2019,50.0,1.0,1.0,3.0,2268563,1.0,1,1,2,9.0,,-1.0, -1,1974.0,A01,138Â 200Â 922,1.0,8.0,-1.0,1731580,2.0,32,,0.0,2.0,1.0,B01,138Â 200Â 921,1.0
1014404,201900055935,3,27,16:45,1,2,1,1.0,3.0,2A004,ROUTE DU STILETTO,M,"41,9465900","8,7665400",2A,2019,50.0,1.0,1.0,3.0,2268563,1.0,1,1,2,9.0,,-1.0, -1,1974.0,A01,138Â 200Â 922,1.0,8.0,-1.0,1731581,1.0,7,,0.0,2.0,1.0,A01,138Â 200Â 922,1.0
1014405,201900055936,3,26,12:10,1,2,1,1.0,7.0,91103,BRANLY EDOUARD (AVENUE),M,"48,6040000","2,3070000",91,2019,50.0,1.0,1.0,4.0,2268564,10.0,3,4,1,2.0,,1.0,3,2011.0,A01,138Â 200Â 920,8.0,0.0,-1.0,1731582,0.0,7,,0.0,1.0,2.0,A01,138Â 200Â 920,1.0
1014405,201900055936,3,26,12:10,1,2,1,1.0,7.0,91103,BRANLY EDOUARD (AVENUE),M,"48,6040000","2,3070000",91,2019,50.0,1.0,1.0,4.0,2268565,1.0,1,1,2,0.0,,0.0,0,1983.0,A01,138Â 200Â 920,1.0,8.0,-1.0,1731582,0.0,7,,0.0,1.0,2.0,A01,138Â 200Â 920,1.0
1014406,201900055937,3,26,18:58,1,2,7,1.0,2.0,87085,MAISON DIEU (PLACE),M,"45,8368100","1,2661800",87,2019,50.0,1.0,1.0,4.0,2268566,1.0,1,1,2,5.0,,0.0,0,1993.0,A01,138Â 200Â 918,1.0,0.0,-1.0,1731583,1.0,7,,0.0,2.0,1.0,A01,138Â 200Â 918,1.0
1014406,201900055937,3,26,18:58,1,2,7,1.0,2.0,87085,MAISON DIEU (PLACE),M,"45,8368100","1,2661800",87,2019,50.0,1.0,1.0,4.0,2268566,1.0,1,1,2,5.0,,0.0,0,1993.0,A01,138Â 200Â 918,1.0,0.0,-1.0,1731584,1.0,33,,1.0,2.0,4.0,B01,138Â 200Â 919,1.0
1014406,201900055937,3,26,18:58,1,2,7,1.0,2.0,87085,MAISON DIEU (PLACE),M,"45,8368100","1,2661800",87,2019,50.0,1.0,1.0,4.0,2268567,1.0,1,4,1,5.0,,0.0,0,1959.0,B01,138Â 200Â 919,2.0,0.0,-1.0,1731583,1.0,7,,0.0,2.0,1.0,A01,138Â 200Â 918,1.0
1014406,201900055937,3,26,18:58,1,2,7,1.0,2.0,87085,MAISON DIEU (PLACE),M,"45,8368100","1,2661800",87,2019,50.0,1.0,1.0,4.0,2268567,1.0,1,4,1,5.0,,0.0,0,1959.0,B01,138Â 200Â 919,2.0,0.0,-1.0,1731584,1.0,33,,1.0,2.0,4.0,B01,138Â 200Â 919,1.0
1014407,201900055938,3,27,01:50,3,2,1,1.0,7.0,86157,RN 147,M,"46,5769500","0,3966800",86,2019,110.0,1.0,1.0,2.0,2268568,1.0,1,4,1,5.0,,-1.0,0,1983.0,A01,138Â 200Â 917,1.0,0.0,-1.0,1731585,2.0,7,,9.0,0.0,7.0,A01,138Â 200Â 917,0.0
1014408,201900055939,3,27,10:15,1,2,1,1.0,6.0,83137,NICE (ROUTE DE),M,"43,1321200","5,9768500",83,2019,50.0,1.0,1.0,4.0,2268569,1.0,1,4,1,4.0,,-1.0,0,1994.0,A01,138Â 200Â 916,2.0,6.0,-1.0,1731586,2.0,32,,1.0,4.0,1.0,A01,138Â 200Â 916,6.0
1014409,201900055940,3,26,20:50,2,2,1,1.0,3.0,80021,BD MAIGNAN LARIVIERE,M,"49,8903400","2,2909200",80,2019,50.0,1.0,1.0,4.0,2268570,1.0,1,4,1,0.0,,0.0,0,1999.0,B01,138Â 200Â 914,2.0,0.0,-1.0,1731587,0.0,2,,0.0,2.0,1.0,B01,138Â 200Â 914,1.0
1014409,201900055940,3,26,20:50,2,2,1,1.0,3.0,80021,BD MAIGNAN LARIVIERE,M,"49,8903400","2,2909200",80,2019,50.0,1.0,1.0,4.0,2268570,1.0,1,4,1,0.0,,0.0,0,1999.0,B01,138Â 200Â 914,2.0,0.0,-1.0,1731588,0.0,17,,0.0,2.0,0.0,A01,138Â 200Â 915,1.0
1014409,201900055940,3,26,20:50,2,2,1,1.0,3.0,80021,BD MAIGNAN LARIVIERE,M,"49,8903400","2,2909200",80,2019,50.0,1.0,1.0,4.0,2268571,1.0,1,1,1,0.0,,0.0,0,1969.0,A01,138Â 200Â 915,1.0,0.0,-1.0,1731587,0.0,2,,0.0,2.0,1.0,B01,138Â 200Â 914,1.0
1014409,201900055940,3,26,20:50,2,2,1,1.0,3.0,80021,BD MAIGNAN LARIVIERE,M,"49,8903400","2,2909200",80,2019,50.0,1.0,1.0,4.0,2268571,1.0,1,1,1,0.0,,0.0,0,1969.0,A01,138Â 200Â 915,1.0,0.0,-1.0,1731588,0.0,17,,0.0,2.0,0.0,A01,138Â 200Â 915,1.0
1014410,201900055941,3,26,08:50,1,2,1,1.0,6.0,76212,CARNOT. RUE SADI,M,"49,4407100","1,1454300",76,2019,50.0,1.0,1.0,3.0,2268572,1.0,1,1,1,1.0,,0.0,0,1968.0,A01,138Â 200Â 909,1.0,0.0,-1.0,1731589,0.0,7,,0.0,1.0,1.0,A01,138Â 200Â 909,1.0
1014410,201900055941,3,26,08:50,1,2,1,1.0,6.0,76212,CARNOT. RUE SADI,M,"49,4407100","1,1454300",76,2019,50.0,1.0,1.0,3.0,2268573,10.0,3,4,2,5.0,,3.0,3,1997.0,A01,138Â 200Â 909,8.0,0.0,-1.0,1731589,0.0,7,,0.0,1.0,1.0,A01,138Â 200Â 909,1.0
1014411,201900055942,3,27,23:15,5,2,2,1.0,3.0,69266,DEDIEU     (Rue),M,"45,7696500","4,8710600",69,2019,50.0,1.0,1.0,4.0,2268574,1.0,1,4,2,5.0,,0.0,0,1974.0,B01,138Â 200Â 905,1.0,0.0,-1.0,1731590,3.0,7,,9.0,2.0,3.0,B01,138Â 200Â 905,1.0
1014411,201900055942,3,27,23:15,5,2,2,1.0,3.0,69266,DEDIEU     (Rue),M,"45,7696500","4,8710600",69,2019,50.0,1.0,1.0,4.0,2268574,1.0,1,4,2,5.0,,0.0,0,1974.0,B01,138Â 200Â 905,1.0,0.0,-1.0,1731591,3.0,7,,9.0,2.0,2.0,A01,138Â 200Â 906,1.0
1014411,201900055942,3,27,23:15,5,2,2,1.0,3.0,69266,DEDIEU     (Rue),M,"45,7696500","4,8710600",69,2019,50.0,1.0,1.0,4.0,2268575,1.0,1,1,1,5.0,,0.0,0,1998.0,A01,138Â 200Â 906,1.0,0.0,-1.0,1731590,3.0,7,,9.0,2.0,3.0,B01,138Â 200Â 905,1.0
1014411,201900055942,3,27,23:15,5,2,2,1.0,3.0,69266,DEDIEU     (Rue),M,"45,7696500","4,8710600",69,2019,50.0,1.0,1.0,4.0,2268575,1.0,1,1,1,5.0,,0.0,0,1998.0,A01,138Â 200Â 906,1.0,0.0,-1.0,1731591,3.0,7,,9.0,2.0,2.0,A01,138Â 200Â 906,1.0
1014412,201900055943,3,27,14:30,1,2,1,1.0,6.0,65440,LARCHER (RUE JEAN),M,"43,2357500","0,0749570",65,2019,50.0,1.0,1.0,4.0,2268576,1.0,1,1,2,9.0,,0.0,0,1948.0,A01,138Â 200Â 904,1.0,0.0,-1.0,1731592,1.0,10,,0.0,1.0,1.0,A01,138Â 200Â 904,6.0
1014412,201900055943,3,27,14:30,1,2,1,1.0,6.0,65440,LARCHER (RUE JEAN),M,"43,2357500","0,0749570",65,2019,50.0,1.0,1.0,4.0,2268577,10.0,3,3,1,0.0,,2.0,3,2006.0,A01,138Â 200Â 904,8.0,0.0,-1.0,1731592,1.0,10,,0.0,1.0,1.0,A01,138Â 200Â 904,6.0
1014413,201900055944,3,27,13:10,1,2,1,1.0,6.0,65417,GUINIER (RUE DU DOCTEUR),M,"43,2208830","0,0951320",65,2019,50.0,1.0,1.0,3.0,2268578,1.0,1,1,1,3.0,,0.0,0,1944.0,A01,138Â 200Â 903,1.0,0.0,-1.0,1731593,2.0,7,,0.0,1.0,1.0,A01,138Â 200Â 903,1.0
1014413,201900055944,3,27,13:10,1,2,1,1.0,6.0,65417,GUINIER (RUE DU DOCTEUR),M,"43,2208830","0,0951320",65,2019,50.0,1.0,1.0,3.0,2268579,10.0,3,3,1,1.0,,3.0,3,1968.0,A01,138Â 200Â 903,8.0,0.0,-1.0,1731593,2.0,7,,0.0,1.0,1.0,A01,138Â 200Â 903,1.0
1014414,201900055945,3,27,13:50,1,2,1,1.0,6.0,64445,ALSACE LORRAINE D',M,"43,3036200"," -0,3649900",64,2019,50.0,1.0,1.0,4.0,2268580,1.0,1,1,2,5.0,,0.0,0,1935.0,A01,138Â 200Â 902,1.0,8.0,-1.0,1731594,2.0,7,,0.0,1.0,1.0,A01,138Â 200Â 902,1.0
1014414,201900055945,3,27,13:50,1,2,1,1.0,6.0,64445,ALSACE LORRAINE D',M,"43,3036200"," -0,3649900",64,2019,50.0,1.0,1.0,4.0,2268581,10.0,3,4,2,5.0,,3.0,3,1939.0,A01,138Â 200Â 902,8.0,0.0,-1.0,1731594,2.0,7,,0.0,1.0,1.0,A01,138Â 200Â 902,1.0
1014415,201900055946,3,26,17:15,1,2,3,1.0,3.0,64445,BUROS DE,M,"43,3231400"," -0,3458900",64,2019,50.0,1.0,1.0,4.0,2268582,1.0,1,4,2,5.0,,0.0,0,1946.0,B01,138Â 200Â 900,8.0,0.0,-1.0,1731595,2.0,1,,0.0,2.0,1.0,B01,138Â 200Â 900,5.0
1014415,201900055946,3,26,17:15,1,2,3,1.0,3.0,64445,BUROS DE,M,"43,3231400"," -0,3458900",64,2019,50.0,1.0,1.0,4.0,2268582,1.0,1,4,2,5.0,,0.0,0,1946.0,B01,138Â 200Â 900,8.0,0.0,-1.0,1731596,1.0,7,,0.0,2.0,3.0,A01,138Â 200Â 901,1.0
1014415,201900055946,3,26,17:15,1,2,3,1.0,3.0,64445,BUROS DE,M,"43,3231400"," -0,3458900",64,2019,50.0,1.0,1.0,4.0,2268583,1.0,1,1,2,5.0,,0.0,0,1979.0,A01,138Â 200Â 901,1.0,8.0,-1.0,1731595,2.0,1,,0.0,2.0,1.0,B01,138Â 200Â 900,5.0
1014415,201900055946,3,26,17:15,1,2,3,1.0,3.0,64445,BUROS DE,M,"43,3231400"," -0,3458900",64,2019,50.0,1.0,1.0,4.0,2268583,1.0,1,1,2,5.0,,0.0,0,1979.0,A01,138Â 200Â 901,1.0,8.0,-1.0,1731596,1.0,7,,0.0,2.0,3.0,A01,138Â 200Â 901,1.0
1014416,201900055947,3,25,17:55,1,2,1,1.0,3.0,64102,MAURICE DELAY (AVENUE DU DOCTEUR),M,"43,4992300"," -1,4610200",64,2019,50.0,1.0,1.0,4.0,2268584,1.0,1,4,1,1.0,,0.0,0,1983.0,B01,138Â 200Â 898,2.0,6.0,-1.0,1731597,3.0,33,,0.0,2.0,1.0,B01,138Â 200Â 898,1.0
1014416,201900055947,3,25,17:55,1,2,1,1.0,3.0,64102,MAURICE DELAY (AVENUE DU DOCTEUR),M,"43,4992300"," -1,4610200",64,2019,50.0,1.0,1.0,4.0,2268584,1.0,1,4,1,1.0,,0.0,0,1983.0,B01,138Â 200Â 898,2.0,6.0,-1.0,1731598,3.0,7,,0.0,2.0,8.0,A01,138Â 200Â 899,1.0
1014416,201900055947,3,25,17:55,1,2,1,1.0,3.0,64102,MAURICE DELAY (AVENUE DU DOCTEUR),M,"43,4992300"," -1,4610200",64,2019,50.0,1.0,1.0,4.0,2268585,2.0,2,1,1,5.0,,0.0,0,1995.0,A01,138Â 200Â 899,1.0,8.0,-1.0,1731597,3.0,33,,0.0,2.0,1.0,B01,138Â 200Â 898,1.0
1014416,201900055947,3,25,17:55,1,2,1,1.0,3.0,64102,MAURICE DELAY (AVENUE DU DOCTEUR),M,"43,4992300"," -1,4610200",64,2019,50.0,1.0,1.0,4.0,2268585,2.0,2,1,1,5.0,,0.0,0,1995.0,A01,138Â 200Â 899,1.0,8.0,-1.0,1731598,3.0,7,,0.0,2.0,8.0,A01,138Â 200Â 899,1.0
1014416,201900055947,3,25,17:55,1,2,1,1.0,3.0,64102,MAURICE DELAY (AVENUE DU DOCTEUR),M,"43,4992300"," -1,4610200",64,2019,50.0,1.0,1.0,4.0,2268586,1.0,1,1,1,5.0,,0.0,0,1993.0,A01,138Â 200Â 899,1.0,8.0,-1.0,1731597,3.0,33,,0.0,2.0,1.0,B01,138Â 200Â 898,1.0
1014416,201900055947,3,25,17:55,1,2,1,1.0,3.0,64102,MAURICE DELAY (AVENUE DU DOCTEUR),M,"43,4992300"," -1,4610200",64,2019,50.0,1.0,1.0,4.0,2268586,1.0,1,1,1,5.0,,0.0,0,1993.0,A01,138Â 200Â 899,1.0,8.0,-1.0,1731598,3.0,7,,0.0,2.0,8.0,A01,138Â 200Â 899,1.0
1014417,201900055948,3,27,13:05,1,2,2,1.0,3.0,60057,AMYOT D'INVILLE (BOULEVARD),M,"49,4359700","2,0830500",60,2019,50.0,1.0,1.0,4.0,2268587,1.0,1,3,1,5.0,,-1.0,0,2004.0,A01,138Â 200Â 896,2.0,8.0,-1.0,1731599,2.0,30,,0.0,2.0,1.0,A01,138Â 200Â 896,1.0
1014417,201900055948,3,27,13:05,1,2,2,1.0,3.0,60057,AMYOT D'INVILLE (BOULEVARD),M,"49,4359700","2,0830500",60,2019,50.0,1.0,1.0,4.0,2268587,1.0,1,3,1,5.0,,-1.0,0,2004.0,A01,138Â 200Â 896,2.0,8.0,-1.0,1731600,2.0,7,,0.0,2.0,3.0,B01,138Â 200Â 897,1.0
1014417,201900055948,3,27,13:05,1,2,2,1.0,3.0,60057,AMYOT D'INVILLE (BOULEVARD),M,"49,4359700","2,0830500",60,2019,50.0,1.0,1.0,4.0,2268588,2.0,2,3,1,5.0,,-1.0,0,2003.0,A01,138Â 200Â 896,2.0,0.0,-1.0,1731599,2.0,30,,0.0,2.0,1.0,A01,138Â 200Â 896,1.0
1014417,201900055948,3,27,13:05,1,2,2,1.0,3.0,60057,AMYOT D'INVILLE (BOULEVARD),M,"49,4359700","2,0830500",60,2019,50.0,1.0,1.0,4.0,2268588,2.0,2,3,1,5.0,,-1.0,0,2003.0,A01,138Â 200Â 896,2.0,0.0,-1.0,1731600,2.0,7,,0.0,2.0,3.0,B01,138Â 200Â 897,1.0
1014417,201900055948,3,27,13:05,1,2,2,1.0,3.0,60057,AMYOT D'INVILLE (BOULEVARD),M,"49,4359700","2,0830500",60,2019,50.0,1.0,1.0,4.0,2268589,3.0,2,4,2,5.0,,-1.0,0,2010.0,B01,138Â 200Â 897,3.0,8.0,-1.0,1731599,2.0,30,,0.0,2.0,1.0,A01,138Â 200Â 896,1.0
1014417,201900055948,3,27,13:05,1,2,2,1.0,3.0,60057,AMYOT D'INVILLE (BOULEVARD),M,"49,4359700","2,0830500",60,2019,50.0,1.0,1.0,4.0,2268589,3.0,2,4,2,5.0,,-1.0,0,2010.0,B01,138Â 200Â 897,3.0,8.0,-1.0,1731600,2.0,7,,0.0,2.0,3.0,B01,138Â 200Â 897,1.0
1014417,201900055948,3,27,13:05,1,2,2,1.0,3.0,60057,AMYOT D'INVILLE (BOULEVARD),M,"49,4359700","2,0830500",60,2019,50.0,1.0,1.0,4.0,2268590,1.0,1,4,2,5.0,,-1.0,0,1981.0,B01,138Â 200Â 897,1.0,8.0,-1.0,1731599,2.0,30,,0.0,2.0,1.0,A01,138Â 200Â 896,1.0
1014417,201900055948,3,27,13:05,1,2,2,1.0,3.0,60057,AMYOT D'INVILLE (BOULEVARD),M,"49,4359700","2,0830500",60,2019,50.0,1.0,1.0,4.0,2268590,1.0,1,4,2,5.0,,-1.0,0,1981.0,B01,138Â 200Â 897,1.0,8.0,-1.0,1731600,2.0,7,,0.0,2.0,3.0,B01,138Â 200Â 897,1.0
1014417,201900055948,3,27,13:05,1,2,2,1.0,3.0,60057,AMYOT D'INVILLE (BOULEVARD),M,"49,4359700","2,0830500",60,2019,50.0,1.0,1.0,4.0,2268591,3.0,2,4,1,5.0,,-1.0,0,2008.0,B01,138Â 200Â 897,3.0,8.0,-1.0,1731599,2.0,30,,0.0,2.0,1.0,A01,138Â 200Â 896,1.0
1014417,201900055948,3,27,13:05,1,2,2,1.0,3.0,60057,AMYOT D'INVILLE (BOULEVARD),M,"49,4359700","2,0830500",60,2019,50.0,1.0,1.0,4.0,2268591,3.0,2,4,1,5.0,,-1.0,0,2008.0,B01,138Â 200Â 897,3.0,8.0,-1.0,1731600,2.0,7,,0.0,2.0,3.0,B01,138Â 200Â 897,1.0
1014418,201900055949,3,27,21:30,3,1,1,1.0,1.0,59193,D. 341,M,"50,5974500","2,9936200",59,2019,80.0,1.0,1.0,7.0,2268592,1.0,1,4,1,5.0,,-1.0, -1,1987.0,A01,138Â 200Â 894,1.0,0.0,-1.0,1731601,1.0,7,,0.0,2.0,1.0,A01,138Â 200Â 894,1.0
1014418,201900055949,3,27,21:30,3,1,1,1.0,1.0,59193,D. 341,M,"50,5974500","2,9936200",59,2019,80.0,1.0,1.0,7.0,2268592,1.0,1,4,1,5.0,,-1.0, -1,1987.0,A01,138Â 200Â 894,1.0,0.0,-1.0,1731602,2.0,7,,0.0,2.0,1.0,B01,138Â 200Â 895,1.0
1014418,201900055949,3,27,21:30,3,1,1,1.0,1.0,59193,D. 341,M,"50,5974500","2,9936200",59,2019,80.0,1.0,1.0,7.0,2268593,1.0,1,3,1,5.0,,-1.0,0,1977.0,B01,138Â 200Â 895,1.0,0.0,-1.0,1731601,1.0,7,,0.0,2.0,1.0,A01,138Â 200Â 894,1.0
1014418,201900055949,3,27,21:30,3,1,1,1.0,1.0,59193,D. 341,M,"50,5974500","2,9936200",59,2019,80.0,1.0,1.0,7.0,2268593,1.0,1,3,1,5.0,,-1.0,0,1977.0,B01,138Â 200Â 895,1.0,0.0,-1.0,1731602,2.0,7,,0.0,2.0,1.0,B01,138Â 200Â 895,1.0
1014418,201900055949,3,27,21:30,3,1,1,1.0,1.0,59193,D. 341,M,"50,5974500","2,9936200",59,2019,80.0,1.0,1.0,7.0,2268594,2.0,2,3,2,0.0,,-1.0,0,1978.0,B01,138Â 200Â 895,1.0,0.0,-1.0,1731601,1.0,7,,0.0,2.0,1.0,A01,138Â 200Â 894,1.0
1014418,201900055949,3,27,21:30,3,1,1,1.0,1.0,59193,D. 341,M,"50,5974500","2,9936200",59,2019,80.0,1.0,1.0,7.0,2268594,2.0,2,3,2,0.0,,-1.0,0,1978.0,B01,138Â 200Â 895,1.0,0.0,-1.0,1731602,2.0,7,,0.0,2.0,1.0,B01,138Â 200Â 895,1.0
1014419,201900055950,3,26,17:10,1,2,3,1.0,3.0,59343,DESCAT RUE,M,"50,5809900","3,1098900",59,2019,30.0,1.0,1.0,4.0,2268595,1.0,1,1,1,0.0,,-1.0,0,1968.0,A01,138Â 200Â 890,1.0,8.0,-1.0,1731603,1.0,7,,0.0,2.0,8.0,A01,138Â 200Â 890,1.0
1014419,201900055950,3,26,17:10,1,2,3,1.0,3.0,59343,DESCAT RUE,M,"50,5809900","3,1098900",59,2019,30.0,1.0,1.0,4.0,2268595,1.0,1,1,1,0.0,,-1.0,0,1968.0,A01,138Â 200Â 890,1.0,8.0,-1.0,1731604,1.0,34,,0.0,2.0,1.0,B01,138Â 200Â 891,0.0
1014419,201900055950,3,26,17:10,1,2,3,1.0,3.0,59343,DESCAT RUE,M,"50,5809900","3,1098900",59,2019,30.0,1.0,1.0,4.0,2268596,1.0,1,4,1,0.0,,-1.0,0,1974.0,B01,138Â 200Â 891,2.0,6.0,-1.0,1731603,1.0,7,,0.0,2.0,8.0,A01,138Â 200Â 890,1.0
1014419,201900055950,3,26,17:10,1,2,3,1.0,3.0,59343,DESCAT RUE,M,"50,5809900","3,1098900",59,2019,30.0,1.0,1.0,4.0,2268596,1.0,1,4,1,0.0,,-1.0,0,1974.0,B01,138Â 200Â 891,2.0,6.0,-1.0,1731604,1.0,34,,0.0,2.0,1.0,B01,138Â 200Â 891,0.0
1014420,201900055951,3,26,09:05,1,2,6,1.0,3.0,56107,LEROY QUERET (RUE DES 4 FRERES),M,"47,7095800"," -3,3844000",56,2019,50.0,1.0,1.0,4.0,2268597,1.0,1,1,1,5.0,,-1.0, -1,1942.0,A01,138Â 200Â 888,1.0,8.0,-1.0,1731605,1.0,7,,0.0,2.0,3.0,A01,138Â 200Â 888,1.0
1014420,201900055951,3,26,09:05,1,2,6,1.0,3.0,56107,LEROY QUERET (RUE DES 4 FRERES),M,"47,7095800"," -3,3844000",56,2019,50.0,1.0,1.0,4.0,2268597,1.0,1,1,1,5.0,,-1.0, -1,1942.0,A01,138Â 200Â 888,1.0,8.0,-1.0,1731606,3.0,1,,0.0,2.0,7.0,B01,138Â 200Â 889,5.0