Unnamed: 0_x,num_acc,mois,jour,hrmn,lum,agg,int,atm,col,com,adr,gps,lat,long,dep,annee,vma,situ,surf,catr,Unnamed: 0_y,place,catu,grav,sexe,trajet,secu,locp,actp,an_nais,num_veh_x,id_vehicule_x,secu1,secu2,secu3,Unnamed: 0,senc,catv,occutc,obs,obsm,choc,num_veh_y,id_vehicule_y,motor
1014420,201900055951,3,26,09:05,1,2,6,1.0,3.0,56107,LEROY QUERET (RUE DES 4 FRERES),M,"47,7095800"," -3,3844000",56,2019,50.0,1.0,1.0,4.0,2268598,1.0,1,4,2,0.0,,0.0,0,1978.0,B01,138Â 200Â 889,2.0,0.0,-1.0,1731605,1.0,7,,0.0,2.0,3.0,A01,138Â 200Â 888,1.0
1014420,201900055951,3,26,09:05,1,2,6,1.0,3.0,56107,LEROY QUERET (RUE DES 4 FRERES),M,"47,7095800"," -3,3844000",56,2019,50.0,1.0,1.0,4.0,2268598,1.0,1,4,2,0.0,,0.0,0,1978.0,B01,138Â 200Â 889,2.0,0.0,-1.0,1731606,3.0,1,,0.0,2.0,7.0,B01,138Â 200Â 889,5.0
1014421,201900055952,3,21,16:50,1,2,1,1.0,7.0,54357,QUINZE SEPTEMBRE 1944 (RUE DU),M,"48,7130520","6,1633500",54,2019,50.0,1.0,1.0,4.0,2268599,10.0,3,4,1,0.0,,3.0,9,1990.0,Z01,138Â 200Â 887,8.0,0.0,-1.0,1731607,0.0,7,,0.0,1.0,0.0,Z01,138Â 200Â 887,1.0
1014422,201900055953,3,27,15:00,1,2,1,1.0,6.0,54395,CHARLES V (BOULEVARD),M,"48,7039100","6,1532000",54,2019,50.0,1.0,1.0,4.0,2268600,10.0,3,4,1,0.0,,2.0,2,2001.0,Z01,138Â 200Â 886,8.0,0.0,-1.0,1731608,1.0,7,,0.0,1.0,1.0,Z01,138Â 200Â 886,1.0
1014423,201900055954,3,27,11:00,1,2,1,1.0,6.0,52121,VOLTAIRE (BOULEVARD),M,"48,1102100","5,1424700",52,2019,50.0,1.0,1.0,4.0,2268601,10.0,3,4,1,5.0,,4.0,3,2011.0,A01,138Â 200Â 881,8.0,0.0,-1.0,1731609,1.0,7,,0.0,1.0,3.0,A01,138Â 200Â 881,1.0
1014423,201900055954,3,27,11:00,1,2,1,1.0,6.0,52121,VOLTAIRE (BOULEVARD),M,"48,1102100","5,1424700",52,2019,50.0,1.0,1.0,4.0,2268602,1.0,1,1,1,5.0,,-1.0, -1,1941.0,A01,138Â 200Â 881,1.0,0.0,-1.0,1731609,1.0,7,,0.0,1.0,3.0,A01,138Â 200Â 881,1.0
1014424,201900055955,3,27,20:00,5,2,2,1.0,7.0,51454,BOULEVARD DIEU LUMIERE,M,"49,2400700","4,0413500",51,2019,50.0,1.0,1.0,4.0,2268603,1.0,1,1,2,0.0,,-1.0,0,1988.0,A01,138Â 200Â 880,1.0,0.0,-1.0,1731610,2.0,7,,0.0,1.0,1.0,A01,138Â 200Â 880,1.0
1014424,201900055955,3,27,20:00,5,2,2,1.0,7.0,51454,BOULEVARD DIEU LUMIERE,M,"49,2400700","4,0413500",51,2019,50.0,1.0,1.0,4.0,2268604,10.0,3,4,2,0.0,,3.0,3,1933.0,A01,138Â 200Â 880,0.0,0.0,-1.0,1731610,2.0,7,,0.0,1.0,1.0,A01,138Â 200Â 880,1.0
1014425,201900055956,3,27,13:00,1,2,1,1.0,4.0,51454,BOULEVARD DU PRESIDENT WILSON,M,"49,2403000","4,0203500",51,2019,50.0,1.0,1.0,4.0,2268605,1.0,1,1,1,0.0,,-1.0,0,1994.0,B01,138Â 200Â 876,1.0,0.0,-1.0,1731611,1.0,7,,0.0,2.0,2.0,B01,138Â 200Â 876,3.0
1014425,201900055956,3,27,13:00,1,2,1,1.0,4.0,51454,BOULEVARD DU PRESIDENT WILSON,M,"49,2403000","4,0203500",51,2019,50.0,1.0,1.0,4.0,2268605,1.0,1,1,1,0.0,,-1.0,0,1994.0,B01,138Â 200Â 876,1.0,0.0,-1.0,1731612,0.0,7,,0.0,2.0,3.0,D01,138Â 200Â 877,1.0
1014425,201900055956,3,27,13:00,1,2,1,1.0,4.0,51454,BOULEVARD DU PRESIDENT WILSON,M,"49,2403000","4,0203500",51,2019,50.0,1.0,1.0,4.0,2268605,1.0,1,1,1,0.0,,-1.0,0,1994.0,B01,138Â 200Â 876,1.0,0.0,-1.0,1731613,2.0,37,1.0,0.0,2.0,6.0,C01,138Â 200Â 878,1.0
1014425,201900055956,3,27,13:00,1,2,1,1.0,4.0,51454,BOULEVARD DU PRESIDENT WILSON,M,"49,2403000","4,0203500",51,2019,50.0,1.0,1.0,4.0,2268605,1.0,1,1,1,0.0,,-1.0,0,1994.0,B01,138Â 200Â 876,1.0,0.0,-1.0,1731614,1.0,7,,0.0,2.0,1.0,A01,138Â 200Â 879,1.0
1014425,201900055956,3,27,13:00,1,2,1,1.0,4.0,51454,BOULEVARD DU PRESIDENT WILSON,M,"49,2403000","4,0203500",51,2019,50.0,1.0,1.0,4.0,2268606,1.0,1,1,1,1.0,,-1.0,0,1972.0,D01,138Â 200Â 877,1.0,0.0,-1.0,1731611,1.0,7,,0.0,2.0,2.0,B01,138Â 200Â 876,3.0
1014425,201900055956,3,27,13:00,1,2,1,1.0,4.0,51454,BOULEVARD DU PRESIDENT WILSON,M,"49,2403000","4,0203500",51,2019,50.0,1.0,1.0,4.0,2268606,1.0,1,1,1,1.0,,-1.0,0,1972.0,D01,138Â 200Â 877,1.0,0.0,-1.0,1731612,0.0,7,,0.0,2.0,3.0,D01,138Â 200Â 877,1.0
1014425,201900055956,3,27,13:00,1,2,1,1.0,4.0,51454,BOULEVARD DU PRESIDENT WILSON,M,"49,2403000","4,0203500",51,2019,50.0,1.0,1.0,4.0,2268606,1.0,1,1,1,1.0,,-1.0,0,1972.0,D01,138Â 200Â 877,1.0,0.0,-1.0,1731613,2.0,37,1.0,0.0,2.0,6.0,C01,138Â 200Â 878,1.0
1014425,201900055956,3,27,13:00,1,2,1,1.0,4.0,51454,BOULEVARD DU PRESIDENT WILSON,M,"49,2403000","4,0203500",51,2019,50.0,1.0,1.0,4.0,2268606,1.0,1,1,1,1.0,,-1.0,0,1972.0,D01,138Â 200Â 877,1.0,0.0,-1.0,1731614,1.0,7,,0.0,2.0,1.0,A01,138Â 200Â 879,1.0
1014425,201900055956,3,27,13:00,1,2,1,1.0,4.0,51454,BOULEVARD DU PRESIDENT WILSON,M,"49,2403000","4,0203500",51,2019,50.0,1.0,1.0,4.0,2268607,1.0,1,1,1,1.0,,-1.0,0,1971.0,C01,138Â 200Â 878,1.0,0.0,-1.0,1731611,1.0,7,,0.0,2.0,2.0,B01,138Â 200Â 876,3.0
1014425,201900055956,3,27,13:00,1,2,1,1.0,4.0,51454,BOULEVARD DU PRESIDENT WILSON,M,"49,2403000","4,0203500",51,2019,50.0,1.0,1.0,4.0,2268607,1.0,1,1,1,1.0,,-1.0,0,1971.0,C01,138Â 200Â 878,1.0,0.0,-1.0,1731612,0.0,7,,0.0,2.0,3.0,D01,138Â 200Â 877,1.0
1014425,201900055956,3,27,13:00,1,2,1,1.0,4.0,51454,BOULEVARD DU PRESIDENT WILSON,M,"49,2403000","4,0203500",51,2019,50.0,1.0,1.0,4.0,2268607,1.0,1,1,1,1.0,,-1.0,0,1971.0,C01,138Â 200Â 878,1.0,0.0,-1.0,1731613,2.0,37,1.0,0.0,2.0,6.0,C01,138Â 200Â 878,1.0
1014425,201900055956,3,27,13:00,1,2,1,1.0,4.0,51454,BOULEVARD DU PRESIDENT WILSON,M,"49,2403000","4,0203500",51,2019,50.0,1.0,1.0,4.0,2268607,1.0,1,1,1,1.0,,-1.0,0,1971.0,C01,138Â 200Â 878,1.0,0.0,-1.0,1731614,1.0,7,,0.0,2.0,1.0,A01,138Â 200Â 879,1.0
1014425,201900055956,3,27,13:00,1,2,1,1.0,4.0,51454,BOULEVARD DU PRESIDENT WILSON,M,"49,2403000","4,0203500",51,2019,50.0,1.0,1.0,4.0,2268608,1.0,1,4,2,0.0,,-1.0,0,1948.0,A01,138Â 200Â 879,1.0,0.0,-1.0,1731611,1.0,7,,0.0,2.0,2.0,B01,138Â 200Â 876,3.0
1014425,201900055956,3,27,13:00,1,2,1,1.0,4.0,51454,BOULEVARD DU PRESIDENT WILSON,M,"49,2403000","4,0203500",51,2019,50.0,1.0,1.0,4.0,2268608,1.0,1,4,2,0.0,,-1.0,0,1948.0,A01,138Â 200Â 879,1.0,0.0,-1.0,1731612,0.0,7,,0.0,2.0,3.0,D01,138Â 200Â 877,1.0
1014425,201900055956,3,27,13:00,1,2,1,1.0,4.0,51454,BOULEVARD DU PRESIDENT WILSON,M,"49,2403000","4,0203500",51,2019,50.0,1.0,1.0,4.0,2268608,1.0,1,4,2,0.0,,-1.0,0,1948.0,A01,138Â 200Â 879,1.0,0.0,-1.0,1731613,2.0,37,1.0,0.0,2.0,6.0,C01,138Â 200Â 878,1.0
1014425,201900055956,3,27,13:00,1,2,1,1.0,4.0,51454,BOULEVARD DU PRESIDENT WILSON,M,"49,2403000","4,0203500",51,2019,50.0,1.0,1.0,4.0,2268608,1.0,1,4,2,0.0,,-1.0,0,1948.0,A01,138Â 200Â 879,1.0,0.0,-1.0,1731614,1.0,7,,0.0,2.0,1.0,A01,138Â 200Â 879,1.0
1014426,201900055957,3,26,22:00,5,2,9,1.0,1.0,51454,BOULEVARD DU PRESIDENT WILSON,M,"49,2399100","4,0211200",51,2019,50.0,1.0,1.0,4.0,2268609,2.0,2,4,1,5.0,,-1.0,0,2001.0,B01,138Â 200Â 874,1.0,0.0,-1.0,1731615,1.0,7,,0.0,2.0,8.0,B01,138Â 200Â 874,1.0
1014426,201900055957,3,26,22:00,5,2,9,1.0,1.0,51454,BOULEVARD DU PRESIDENT WILSON,M,"49,2399100","4,0211200",51,2019,50.0,1.0,1.0,4.0,2268609,2.0,2,4,1,5.0,,-1.0,0,2001.0,B01,138Â 200Â 874,1.0,0.0,-1.0,1731616,1.0,7,,0.0,2.0,3.0,A01,138Â 200Â 875,1.0
1014426,201900055957,3,26,22:00,5,2,9,1.0,1.0,51454,BOULEVARD DU PRESIDENT WILSON,M,"49,2399100","4,0211200",51,2019,50.0,1.0,1.0,4.0,2268610,3.0,2,1,1,0.0,,-1.0,0,1998.0,B01,138Â 200Â 874,1.0,0.0,-1.0,1731615,1.0,7,,0.0,2.0,8.0,B01,138Â 200Â 874,1.0
1014426,201900055957,3,26,22:00,5,2,9,1.0,1.0,51454,BOULEVARD DU PRESIDENT WILSON,M,"49,2399100","4,0211200",51,2019,50.0,1.0,1.0,4.0,2268610,3.0,2,1,1,0.0,,-1.0,0,1998.0,B01,138Â 200Â 874,1.0,0.0,-1.0,1731616,1.0,7,,0.0,2.0,3.0,A01,138Â 200Â 875,1.0
1014426,201900055957,3,26,22:00,5,2,9,1.0,1.0,51454,BOULEVARD DU PRESIDENT WILSON,M,"49,2399100","4,0211200",51,2019,50.0,1.0,1.0,4.0,2268611,1.0,1,1,1,5.0,,-1.0,0,2000.0,B01,138Â 200Â 874,1.0,0.0,-1.0,1731615,1.0,7,,0.0,2.0,8.0,B01,138Â 200Â 874,1.0
1014426,201900055957,3,26,22:00,5,2,9,1.0,1.0,51454,BOULEVARD DU PRESIDENT WILSON,M,"49,2399100","4,0211200",51,2019,50.0,1.0,1.0,4.0,2268611,1.0,1,1,1,5.0,,-1.0,0,2000.0,B01,138Â 200Â 874,1.0,0.0,-1.0,1731616,1.0,7,,0.0,2.0,3.0,A01,138Â 200Â 875,1.0
1014426,201900055957,3,26,22:00,5,2,9,1.0,1.0,51454,BOULEVARD DU PRESIDENT WILSON,M,"49,2399100","4,0211200",51,2019,50.0,1.0,1.0,4.0,2268612,1.0,1,1,1,5.0,,-1.0,0,1974.0,A01,138Â 200Â 875,1.0,0.0,-1.0,1731615,1.0,7,,0.0,2.0,8.0,B01,138Â 200Â 874,1.0
1014426,201900055957,3,26,22:00,5,2,9,1.0,1.0,51454,BOULEVARD DU PRESIDENT WILSON,M,"49,2399100","4,0211200",51,2019,50.0,1.0,1.0,4.0,2268612,1.0,1,1,1,5.0,,-1.0,0,1974.0,A01,138Â 200Â 875,1.0,0.0,-1.0,1731616,1.0,7,,0.0,2.0,3.0,A01,138Â 200Â 875,1.0
1014427,201900055958,3,22,13:05,1,2,1,1.0,2.0,50129,SCHMITT (AVENUE RENE),M,"49,6313500"," -1,6465900",50,2019,50.0,2.0,1.0,4.0,2268613,1.0,1,1,1,5.0,,-1.0,0,1996.0,A01,138Â 200Â 872,1.0,0.0,-1.0,1731617,0.0,7,,0.0,2.0,1.0,A01,138Â 200Â 872,1.0
1014427,201900055958,3,22,13:05,1,2,1,1.0,2.0,50129,SCHMITT (AVENUE RENE),M,"49,6313500"," -1,6465900",50,2019,50.0,2.0,1.0,4.0,2268613,1.0,1,1,1,5.0,,-1.0,0,1996.0,A01,138Â 200Â 872,1.0,0.0,-1.0,1731618,0.0,7,,0.0,2.0,4.0,B01,138Â 200Â 873,1.0
1014427,201900055958,3,22,13:05,1,2,1,1.0,2.0,50129,SCHMITT (AVENUE RENE),M,"49,6313500"," -1,6465900",50,2019,50.0,2.0,1.0,4.0,2268614,1.0,1,4,2,5.0,,-1.0,0,1948.0,B01,138Â 200Â 873,1.0,0.0,-1.0,1731617,0.0,7,,0.0,2.0,1.0,A01,138Â 200Â 872,1.0
1014427,201900055958,3,22,13:05,1,2,1,1.0,2.0,50129,SCHMITT (AVENUE RENE),M,"49,6313500"," -1,6465900",50,2019,50.0,2.0,1.0,4.0,2268614,1.0,1,4,2,5.0,,-1.0,0,1948.0,B01,138Â 200Â 873,1.0,0.0,-1.0,1731618,0.0,7,,0.0,2.0,4.0,B01,138Â 200Â 873,1.0
1014428,201900055959,3,26,11:59,1,2,1,1.0,3.0,49007,BLANCHOIN BOULEVARD,M,"47,4451800"," -0,5470500",49,2019,50.0,1.0,1.0,4.0,2268615,1.0,1,1,1,1.0,,-1.0,0,1961.0,A01,138Â 200Â 870,1.0,8.0,-1.0,1731619,2.0,14,,0.0,2.0,5.0,A01,138Â 200Â 870,1.0
1014428,201900055959,3,26,11:59,1,2,1,1.0,3.0,49007,BLANCHOIN BOULEVARD,M,"47,4451800"," -0,5470500",49,2019,50.0,1.0,1.0,4.0,2268615,1.0,1,1,1,1.0,,-1.0,0,1961.0,A01,138Â 200Â 870,1.0,8.0,-1.0,1731620,2.0,7,,0.0,2.0,1.0,B01,138Â 200Â 871,1.0
1014428,201900055959,3,26,11:59,1,2,1,1.0,3.0,49007,BLANCHOIN BOULEVARD,M,"47,4451800"," -0,5470500",49,2019,50.0,1.0,1.0,4.0,2268616,1.0,1,4,2,9.0,,-1.0,0,1965.0,B01,138Â 200Â 871,1.0,0.0,-1.0,1731619,2.0,14,,0.0,2.0,5.0,A01,138Â 200Â 870,1.0
1014428,201900055959,3,26,11:59,1,2,1,1.0,3.0,49007,BLANCHOIN BOULEVARD,M,"47,4451800"," -0,5470500",49,2019,50.0,1.0,1.0,4.0,2268616,1.0,1,4,2,9.0,,-1.0,0,1965.0,B01,138Â 200Â 871,1.0,0.0,-1.0,1731620,2.0,7,,0.0,2.0,1.0,B01,138Â 200Â 871,1.0
1014429,201900055960,3,26,18:42,1,2,1,1.0,6.0,49007,ARBRISSEL,M,"47,4437700"," -0,5625700",49,2019,50.0,1.0,1.0,4.0,2268617,10.0,3,3,2,0.0,,3.0,2,1935.0,A01,138Â 200Â 869,8.0,0.0,-1.0,1731621,1.0,7,,0.0,1.0,1.0,A01,138Â 200Â 869,0.0
1014429,201900055960,3,26,18:42,1,2,1,1.0,6.0,49007,ARBRISSEL,M,"47,4437700"," -0,5625700",49,2019,50.0,1.0,1.0,4.0,2268618,1.0,1,1,1,0.0,,-1.0,0,1988.0,A01,138Â 200Â 869,1.0,8.0,-1.0,1731621,1.0,7,,0.0,1.0,1.0,A01,138Â 200Â 869,0.0
1014430,201900055961,3,27,07:07,1,2,3,1.0,3.0,45235,R DES SABLONS - R DES CHATAIGNIERS,M,"47,9502500","1,8432700",45,2019,50.0,1.0,1.0,4.0,2268619,1.0,1,4,1,1.0,,0.0,0,1998.0,B01,138Â 200Â 867,1.0,0.0,-1.0,1731622,1.0,7,,0.0,2.0,2.0,B01,138Â 200Â 867,1.0
1014430,201900055961,3,27,07:07,1,2,3,1.0,3.0,45235,R DES SABLONS - R DES CHATAIGNIERS,M,"47,9502500","1,8432700",45,2019,50.0,1.0,1.0,4.0,2268619,1.0,1,4,1,1.0,,0.0,0,1998.0,B01,138Â 200Â 867,1.0,0.0,-1.0,1731623,2.0,37,1.0,0.0,2.0,3.0,A01,138Â 200Â 868,1.0
1014430,201900055961,3,27,07:07,1,2,3,1.0,3.0,45235,R DES SABLONS - R DES CHATAIGNIERS,M,"47,9502500","1,8432700",45,2019,50.0,1.0,1.0,4.0,2268620,1.0,1,4,1,4.0,,0.0,0,1972.0,A01,138Â 200Â 868,1.0,0.0,-1.0,1731622,1.0,7,,0.0,2.0,2.0,B01,138Â 200Â 867,1.0
1014430,201900055961,3,27,07:07,1,2,3,1.0,3.0,45235,R DES SABLONS - R DES CHATAIGNIERS,M,"47,9502500","1,8432700",45,2019,50.0,1.0,1.0,4.0,2268620,1.0,1,4,1,4.0,,0.0,0,1972.0,A01,138Â 200Â 868,1.0,0.0,-1.0,1731623,2.0,37,1.0,0.0,2.0,3.0,A01,138Â 200Â 868,1.0
1014431,201900055962,3,27,08:40,1,1,1,1.0,2.0,45272,AV GASTON GALLOUX,M,"47,8685729","1,9331511",45,2019,80.0,1.0,1.0,4.0,2268621,1.0,1,1,2,1.0,,0.0,0,1970.0,A01,138Â 200Â 865,1.0,0.0,-1.0,1731624,3.0,7,,0.0,2.0,6.0,A01,138Â 200Â 865,3.0
1014431,201900055962,3,27,08:40,1,1,1,1.0,2.0,45272,AV GASTON GALLOUX,M,"47,8685729","1,9331511",45,2019,80.0,1.0,1.0,4.0,2268621,1.0,1,1,2,1.0,,0.0,0,1970.0,A01,138Â 200Â 865,1.0,0.0,-1.0,1731625,3.0,33,,0.0,2.0,1.0,B01,138Â 200Â 866,1.0
1014431,201900055962,3,27,08:40,1,1,1,1.0,2.0,45272,AV GASTON GALLOUX,M,"47,8685729","1,9331511",45,2019,80.0,1.0,1.0,4.0,2268622,1.0,1,4,1,1.0,,0.0,0,1994.0,B01,138Â 200Â 866,2.0,0.0,-1.0,1731624,3.0,7,,0.0,2.0,6.0,A01,138Â 200Â 865,3.0
1014431,201900055962,3,27,08:40,1,1,1,1.0,2.0,45272,AV GASTON GALLOUX,M,"47,8685729","1,9331511",45,2019,80.0,1.0,1.0,4.0,2268622,1.0,1,4,1,1.0,,0.0,0,1994.0,B01,138Â 200Â 866,2.0,0.0,-1.0,1731625,3.0,33,,0.0,2.0,1.0,B01,138Â 200Â 866,1.0
1014432,201900055963,3,27,16:40,1,2,6,1.0,2.0,42184,DUBREIL   PIERRE   (RUE),M,"46,0454600","4,0445700",42,2019,50.0,1.0,1.0,4.0,2268623,1.0,1,1,2,1.0,,0.0,0,1959.0,A01,138Â 200Â 863,1.0,0.0,-1.0,1731626,3.0,7,,0.0,2.0,3.0,A01,138Â 200Â 863,1.0
1014432,201900055963,3,27,16:40,1,2,6,1.0,2.0,42184,DUBREIL   PIERRE   (RUE),M,"46,0454600","4,0445700",42,2019,50.0,1.0,1.0,4.0,2268623,1.0,1,1,2,1.0,,0.0,0,1959.0,A01,138Â 200Â 863,1.0,0.0,-1.0,1731627,3.0,32,,0.0,2.0,4.0,B01,138Â 200Â 864,1.0
1014432,201900055963,3,27,16:40,1,2,6,1.0,2.0,42184,DUBREIL   PIERRE   (RUE),M,"46,0454600","4,0445700",42,2019,50.0,1.0,1.0,4.0,2268624,1.0,1,4,1,9.0,,0.0,0,2001.0,B01,138Â 200Â 864,2.0,0.0,-1.0,1731626,3.0,7,,0.0,2.0,3.0,A01,138Â 200Â 863,1.0
1014432,201900055963,3,27,16:40,1,2,6,1.0,2.0,42184,DUBREIL   PIERRE   (RUE),M,"46,0454600","4,0445700",42,2019,50.0,1.0,1.0,4.0,2268624,1.0,1,4,1,9.0,,0.0,0,2001.0,B01,138Â 200Â 864,2.0,0.0,-1.0,1731627,3.0,32,,0.0,2.0,4.0,B01,138Â 200Â 864,1.0
1014432,201900055963,3,27,16:40,1,2,6,1.0,2.0,42184,DUBREIL   PIERRE   (RUE),M,"46,0454600","4,0445700",42,2019,50.0,1.0,1.0,4.0,2268625,2.0,2,3,1,9.0,,0.0,0,1999.0,B01,138Â 200Â 864,2.0,0.0,-1.0,1731626,3.0,7,,0.0,2.0,3.0,A01,138Â 200Â 863,1.0
1014432,201900055963,3,27,16:40,1,2,6,1.0,2.0,42184,DUBREIL   PIERRE   (RUE),M,"46,0454600","4,0445700",42,2019,50.0,1.0,1.0,4.0,2268625,2.0,2,3,1,9.0,,0.0,0,1999.0,B01,138Â 200Â 864,2.0,0.0,-1.0,1731627,3.0,32,,0.0,2.0,4.0,B01,138Â 200Â 864,1.0
1014433,201900055964,3,27,08:10,1,2,1,1.0,3.0,41226,BOIS DE L'ORME (ALLEE DU),M,"47,8209500","1,0764200",41,2019,50.0,1.0,1.0,4.0,2268626,1.0,1,1,1,9.0,,0.0, -1,1995.0,C01,138Â 200Â 861,1.0,0.0,-1.0,1731628,3.0,7,,0.0,2.0,3.0,C01,138Â 200Â 861,1.0
1014433,201900055964,3,27,08:10,1,2,1,1.0,3.0,41226,BOIS DE L'ORME (ALLEE DU),M,"47,8209500","1,0764200",41,2019,50.0,1.0,1.0,4.0,2268626,1.0,1,1,1,9.0,,0.0, -1,1995.0,C01,138Â 200Â 861,1.0,0.0,-1.0,1731629,1.0,33,,0.0,2.0,5.0,B01,138Â 200Â 862,1.0
1014433,201900055964,3,27,08:10,1,2,1,1.0,3.0,41226,BOIS DE L'ORME (ALLEE DU),M,"47,8209500","1,0764200",41,2019,50.0,1.0,1.0,4.0,2268627,1.0,1,3,1,2.0,,0.0, -1,2000.0,B01,138Â 200Â 862,2.0,6.0,-1.0,1731628,3.0,7,,0.0,2.0,3.0,C01,138Â 200Â 861,1.0
1014433,201900055964,3,27,08:10,1,2,1,1.0,3.0,41226,BOIS DE L'ORME (ALLEE DU),M,"47,8209500","1,0764200",41,2019,50.0,1.0,1.0,4.0,2268627,1.0,1,3,1,2.0,,0.0, -1,2000.0,B01,138Â 200Â 862,2.0,6.0,-1.0,1731629,1.0,33,,0.0,2.0,5.0,B01,138Â 200Â 862,1.0
1014434,201900055965,3,26,12:20,1,2,1,1.0,6.0,41018,PIGELEE (RUE) NÂ° PAIRS,M,"47,5985400","1,3079500",41,2019,50.0,1.0,1.0,4.0,2268628,1.0,1,1,1,5.0,,0.0, -1,1998.0,A01,138Â 200Â 860,1.0,0.0,-1.0,1731630,0.0,7,,0.0,1.0,3.0,A01,138Â 200Â 860,1.0
1014434,201900055965,3,26,12:20,1,2,1,1.0,6.0,41018,PIGELEE (RUE) NÂ° PAIRS,M,"47,5985400","1,3079500",41,2019,50.0,1.0,1.0,4.0,2268629,10.0,3,3,2,2.0,,2.0,5,2009.0,A01,138Â 200Â 860,8.0,0.0,-1.0,1731630,0.0,7,,0.0,1.0,3.0,A01,138Â 200Â 860,1.0
1014435,201900055966,3,27,18:00,1,2,1,1.0,7.0,37261,CHAGALL (AVENUE MARC),M,"47,4146300","0,6819700",37,2019,50.0,1.0,1.0,4.0,2268630,1.0,1,4,1,5.0,,-1.0,0,1996.0,A01,138Â 200Â 859,2.0,8.0,-1.0,1731631,1.0,2,,0.0,0.0,3.0,A01,138Â 200Â 859,1.0
1014436,201900055967,3,27,17:05,1,2,1,1.0,6.0,37214,LOIRE (QUAI DE LA),M,"47,3976760","0,6682530",37,2019,50.0,1.0,1.0,4.0,2268631,10.0,3,4,1,5.0,,3.0,3,2010.0,A01,138Â 200Â 858,8.0,0.0,-1.0,1731632,3.0,2,,0.0,1.0,1.0,A01,138Â 200Â 858,1.0
1014436,201900055967,3,27,17:05,1,2,1,1.0,6.0,37214,LOIRE (QUAI DE LA),M,"47,3976760","0,6682530",37,2019,50.0,1.0,1.0,4.0,2268632,1.0,1,1,1,5.0,,-1.0,0,1981.0,A01,138Â 200Â 858,2.0,8.0,-1.0,1731632,3.0,2,,0.0,1.0,1.0,A01,138Â 200Â 858,1.0
1014437,201900055968,3,26,19:30,2,2,3,1.0,3.0,36044,BOULEVARD DE CLUIS/RUE PARMENTIER,M,"46,8064000","1,7004900",36,2019,50.0,1.0,1.0,4.0,2268633,1.0,1,4,1,9.0,,0.0,0,1970.0,A01,138Â 200Â 856,2.0,8.0,-1.0,1731633,0.0,30,,0.0,2.0,1.0,A01,138Â 200Â 856,1.0
1014437,201900055968,3,26,19:30,2,2,3,1.0,3.0,36044,BOULEVARD DE CLUIS/RUE PARMENTIER,M,"46,8064000","1,7004900",36,2019,50.0,1.0,1.0,4.0,2268633,1.0,1,4,1,9.0,,0.0,0,1970.0,A01,138Â 200Â 856,2.0,8.0,-1.0,1731634,1.0,7,,0.0,2.0,7.0,B01,138Â 200Â 857,1.0
1014437,201900055968,3,26,19:30,2,2,3,1.0,3.0,36044,BOULEVARD DE CLUIS/RUE PARMENTIER,M,"46,8064000","1,7004900",36,2019,50.0,1.0,1.0,4.0,2268634,1.0,1,1,1,9.0,,0.0,0,1995.0,B01,138Â 200Â 857,1.0,8.0,-1.0,1731633,0.0,30,,0.0,2.0,1.0,A01,138Â 200Â 856,1.0
1014437,201900055968,3,26,19:30,2,2,3,1.0,3.0,36044,BOULEVARD DE CLUIS/RUE PARMENTIER,M,"46,8064000","1,7004900",36,2019,50.0,1.0,1.0,4.0,2268634,1.0,1,1,1,9.0,,0.0,0,1995.0,B01,138Â 200Â 857,1.0,8.0,-1.0,1731634,1.0,7,,0.0,2.0,7.0,B01,138Â 200Â 857,1.0
1014438,201900055969,3,26,18:00,1,1,1,1.0,7.0,35238,RN136,M,"48,1420800"," -1,6604700",35,2019,90.0,1.0,1.0,2.0,2268635,1.0,1,3,2,0.0,,-1.0,0,1991.0,A01,138Â 200Â 855,2.0,6.0,-1.0,1731635,2.0,33,,0.0,0.0,1.0,A01,138Â 200Â 855,1.0
1014439,201900055970,3,26,16:40,1,2,3,1.0,6.0,35238,BREST (DE),M,"48,1117260"," -1,6892200",35,2019,50.0,1.0,1.0,4.0,2268636,10.0,3,4,1,5.0,,3.0,3,2007.0,A01,138Â 200Â 854,8.0,0.0,-1.0,1731636,1.0,7,,0.0,1.0,1.0,A01,138Â 200Â 854,1.0
1014439,201900055970,3,26,16:40,1,2,3,1.0,6.0,35238,BREST (DE),M,"48,1117260"," -1,6892200",35,2019,50.0,1.0,1.0,4.0,2268637,1.0,1,1,1,4.0,,-1.0,0,1986.0,A01,138Â 200Â 854,1.0,0.0,-1.0,1731636,1.0,7,,0.0,1.0,1.0,A01,138Â 200Â 854,1.0
1014440,201900055971,3,26,11:00,1,2,9,1.0,3.0,35238,MERMOZ (BD JEAN),M,"48,0973800"," -1,6894400",35,2019,50.0,1.0,1.0,4.0,2268638,1.0,1,4,1,4.0,,-1.0,0,1999.0,A01,138Â 200Â 852,1.0,8.0,-1.0,1731637,3.0,7,,0.0,2.0,6.0,A01,138Â 200Â 852,1.0
1014440,201900055971,3,26,11:00,1,2,9,1.0,3.0,35238,MERMOZ (BD JEAN),M,"48,0973800"," -1,6894400",35,2019,50.0,1.0,1.0,4.0,2268638,1.0,1,4,1,4.0,,-1.0,0,1999.0,A01,138Â 200Â 852,1.0,8.0,-1.0,1731638,3.0,33,,0.0,2.0,1.0,B01,138Â 200Â 853,1.0
1014440,201900055971,3,26,11:00,1,2,9,1.0,3.0,35238,MERMOZ (BD JEAN),M,"48,0973800"," -1,6894400",35,2019,50.0,1.0,1.0,4.0,2268639,1.0,1,4,1,1.0,,-1.0,0,1985.0,B01,138Â 200Â 853,2.0,6.0,-1.0,1731637,3.0,7,,0.0,2.0,6.0,A01,138Â 200Â 852,1.0