Unnamed: 0_x,num_acc,mois,jour,hrmn,lum,agg,int,atm,col,com,adr,gps,lat,long,dep,annee,vma,situ,surf,catr,Unnamed: 0_y,place,catu,grav,sexe,trajet,secu,locp,actp,an_nais,num_veh_x,id_vehicule_x,secu1,secu2,secu3,Unnamed: 0,senc,catv,occutc,obs,obsm,choc,num_veh_y,id_vehicule_y,motor
1014440,201900055971,3,26,11:00,1,2,9,1.0,3.0,35238,MERMOZ (BD JEAN),M,"48,0973800"," -1,6894400",35,2019,50.0,1.0,1.0,4.0,2268639,1.0,1,4,1,1.0,,-1.0,0,1985.0,B01,138Â 200Â 853,2.0,6.0,-1.0,1731638,3.0,33,,0.0,2.0,1.0,B01,138Â 200Â 853,1.0
1014441,201900055972,3,26,08:40,1,1,1,1.0,3.0,35238,PORTE DE VILLEJEAN,M,"48,1182800"," -1,7198200",35,2019,90.0,1.0,1.0,2.0,2268640,1.0,1,4,1,1.0,,-1.0,0,1988.0,B01,138Â 200Â 850,2.0,6.0,-1.0,1731639,1.0,33,,0.0,2.0,8.0,B01,138Â 200Â 850,1.0
1014441,201900055972,3,26,08:40,1,1,1,1.0,3.0,35238,PORTE DE VILLEJEAN,M,"48,1182800"," -1,7198200",35,2019,90.0,1.0,1.0,2.0,2268640,1.0,1,4,1,1.0,,-1.0,0,1988.0,B01,138Â 200Â 850,2.0,6.0,-1.0,1731640,1.0,7,,0.0,2.0,2.0,A01,138Â 200Â 851,0.0
1014441,201900055972,3,26,08:40,1,1,1,1.0,3.0,35238,PORTE DE VILLEJEAN,M,"48,1182800"," -1,7198200",35,2019,90.0,1.0,1.0,2.0,2268641,1.0,1,1,1,1.0,,-1.0,0,1970.0,A01,138Â 200Â 851,1.0,0.0,-1.0,1731639,1.0,33,,0.0,2.0,8.0,B01,138Â 200Â 850,1.0
1014441,201900055972,3,26,08:40,1,1,1,1.0,3.0,35238,PORTE DE VILLEJEAN,M,"48,1182800"," -1,7198200",35,2019,90.0,1.0,1.0,2.0,2268641,1.0,1,1,1,1.0,,-1.0,0,1970.0,A01,138Â 200Â 851,1.0,0.0,-1.0,1731640,1.0,7,,0.0,2.0,2.0,A01,138Â 200Â 851,0.0
1014442,201900055973,3,27,19:25,2,2,1,1.0,3.0,34172,LAVERUNE (ROUTE DE,M,"43,5928600","3,8265100",34,2019,50.0,1.0,1.0,3.0,2268642,1.0,1,4,1,0.0,,0.0,0,1998.0,B01,138Â 200Â 848,2.0,6.0,-1.0,1731641,1.0,32,,0.0,2.0,2.0,B01,138Â 200Â 848,1.0
1014442,201900055973,3,27,19:25,2,2,1,1.0,3.0,34172,LAVERUNE (ROUTE DE,M,"43,5928600","3,8265100",34,2019,50.0,1.0,1.0,3.0,2268642,1.0,1,4,1,0.0,,0.0,0,1998.0,B01,138Â 200Â 848,2.0,6.0,-1.0,1731642,1.0,7,,0.0,2.0,2.0,A01,138Â 200Â 849,1.0
1014442,201900055973,3,27,19:25,2,2,1,1.0,3.0,34172,LAVERUNE (ROUTE DE,M,"43,5928600","3,8265100",34,2019,50.0,1.0,1.0,3.0,2268643,1.0,1,1,1,1.0,,0.0,0,1994.0,A01,138Â 200Â 849,1.0,0.0,-1.0,1731641,1.0,32,,0.0,2.0,2.0,B01,138Â 200Â 848,1.0
1014442,201900055973,3,27,19:25,2,2,1,1.0,3.0,34172,LAVERUNE (ROUTE DE,M,"43,5928600","3,8265100",34,2019,50.0,1.0,1.0,3.0,2268643,1.0,1,1,1,1.0,,0.0,0,1994.0,A01,138Â 200Â 849,1.0,0.0,-1.0,1731642,1.0,7,,0.0,2.0,2.0,A01,138Â 200Â 849,1.0
1014443,201900055974,3,27,10:50,1,2,1,1.0,2.0,34172,CHASSEURS (RUE DES),M,"43,6014100","3,8577600",34,2019,50.0,1.0,1.0,4.0,2268644,1.0,1,1,1,0.0,,0.0,0,2001.0,A01,138Â 200Â 846,8.0,0.0,-1.0,1731643,1.0,7,,0.0,1.0,2.0,A01,138Â 200Â 846,1.0
1014443,201900055974,3,27,10:50,1,2,1,1.0,2.0,34172,CHASSEURS (RUE DES),M,"43,6014100","3,8577600",34,2019,50.0,1.0,1.0,4.0,2268644,1.0,1,1,1,0.0,,0.0,0,2001.0,A01,138Â 200Â 846,8.0,0.0,-1.0,1731644,1.0,1,,0.0,2.0,4.0,B01,138Â 200Â 847,5.0
1014443,201900055974,3,27,10:50,1,2,1,1.0,2.0,34172,CHASSEURS (RUE DES),M,"43,6014100","3,8577600",34,2019,50.0,1.0,1.0,4.0,2268645,1.0,1,3,1,0.0,,-1.0,0,1954.0,B01,138Â 200Â 847,8.0,0.0,-1.0,1731643,1.0,7,,0.0,1.0,2.0,A01,138Â 200Â 846,1.0
1014443,201900055974,3,27,10:50,1,2,1,1.0,2.0,34172,CHASSEURS (RUE DES),M,"43,6014100","3,8577600",34,2019,50.0,1.0,1.0,4.0,2268645,1.0,1,3,1,0.0,,-1.0,0,1954.0,B01,138Â 200Â 847,8.0,0.0,-1.0,1731644,1.0,1,,0.0,2.0,4.0,B01,138Â 200Â 847,5.0
1014444,201900055975,3,27,08:25,1,2,2,1.0,1.0,34172,FIZEAU (RUE HIPPOLYTE),M,"43,6162000","3,9129600",34,2019,50.0,1.0,1.0,4.0,2268646,3.0,2,4,2,5.0,,0.0,0,2017.0,B01,138Â 200Â 844,3.0,0.0,-1.0,1731645,1.0,7,,0.0,2.0,1.0,B01,138Â 200Â 844,1.0
1014444,201900055975,3,27,08:25,1,2,2,1.0,1.0,34172,FIZEAU (RUE HIPPOLYTE),M,"43,6162000","3,9129600",34,2019,50.0,1.0,1.0,4.0,2268646,3.0,2,4,2,5.0,,0.0,0,2017.0,B01,138Â 200Â 844,3.0,0.0,-1.0,1731646,1.0,7,,0.0,2.0,1.0,A01,138Â 200Â 845,1.0
1014444,201900055975,3,27,08:25,1,2,2,1.0,1.0,34172,FIZEAU (RUE HIPPOLYTE),M,"43,6162000","3,9129600",34,2019,50.0,1.0,1.0,4.0,2268647,4.0,2,4,2,5.0,,0.0,0,2016.0,B01,138Â 200Â 844,3.0,0.0,-1.0,1731645,1.0,7,,0.0,2.0,1.0,B01,138Â 200Â 844,1.0
1014444,201900055975,3,27,08:25,1,2,2,1.0,1.0,34172,FIZEAU (RUE HIPPOLYTE),M,"43,6162000","3,9129600",34,2019,50.0,1.0,1.0,4.0,2268647,4.0,2,4,2,5.0,,0.0,0,2016.0,B01,138Â 200Â 844,3.0,0.0,-1.0,1731646,1.0,7,,0.0,2.0,1.0,A01,138Â 200Â 845,1.0
1014444,201900055975,3,27,08:25,1,2,2,1.0,1.0,34172,FIZEAU (RUE HIPPOLYTE),M,"43,6162000","3,9129600",34,2019,50.0,1.0,1.0,4.0,2268648,1.0,1,1,2,5.0,,0.0,0,1999.0,B01,138Â 200Â 844,1.0,0.0,-1.0,1731645,1.0,7,,0.0,2.0,1.0,B01,138Â 200Â 844,1.0
1014444,201900055975,3,27,08:25,1,2,2,1.0,1.0,34172,FIZEAU (RUE HIPPOLYTE),M,"43,6162000","3,9129600",34,2019,50.0,1.0,1.0,4.0,2268648,1.0,1,1,2,5.0,,0.0,0,1999.0,B01,138Â 200Â 844,1.0,0.0,-1.0,1731646,1.0,7,,0.0,2.0,1.0,A01,138Â 200Â 845,1.0
1014444,201900055975,3,27,08:25,1,2,2,1.0,1.0,34172,FIZEAU (RUE HIPPOLYTE),M,"43,6162000","3,9129600",34,2019,50.0,1.0,1.0,4.0,2268649,1.0,1,1,1,1.0,,0.0,0,1958.0,A01,138Â 200Â 845,1.0,0.0,-1.0,1731645,1.0,7,,0.0,2.0,1.0,B01,138Â 200Â 844,1.0
1014444,201900055975,3,27,08:25,1,2,2,1.0,1.0,34172,FIZEAU (RUE HIPPOLYTE),M,"43,6162000","3,9129600",34,2019,50.0,1.0,1.0,4.0,2268649,1.0,1,1,1,1.0,,0.0,0,1958.0,A01,138Â 200Â 845,1.0,0.0,-1.0,1731646,1.0,7,,0.0,2.0,1.0,A01,138Â 200Â 845,1.0
1014445,201900055976,3,27,09:20,1,2,1,1.0,3.0,34172,VANIERES (AVENUE DE),M,"43,5950549","3,8487500",34,2019,50.0,1.0,1.0,3.0,2268650,1.0,1,1,2,-1.0,,-1.0, -1,1948.0,A01,138Â 200Â 842,1.0,-1.0,-1.0,1731647,1.0,7,,0.0,2.0,8.0,A01,138Â 200Â 842,0.0
1014445,201900055976,3,27,09:20,1,2,1,1.0,3.0,34172,VANIERES (AVENUE DE),M,"43,5950549","3,8487500",34,2019,50.0,1.0,1.0,3.0,2268650,1.0,1,1,2,-1.0,,-1.0, -1,1948.0,A01,138Â 200Â 842,1.0,-1.0,-1.0,1731648,1.0,34,,0.0,2.0,7.0,B01,138Â 200Â 843,1.0
1014445,201900055976,3,27,09:20,1,2,1,1.0,3.0,34172,VANIERES (AVENUE DE),M,"43,5950549","3,8487500",34,2019,50.0,1.0,1.0,3.0,2268651,1.0,1,3,1,0.0,,0.0,0,1973.0,B01,138Â 200Â 843,2.0,0.0,-1.0,1731647,1.0,7,,0.0,2.0,8.0,A01,138Â 200Â 842,0.0
1014445,201900055976,3,27,09:20,1,2,1,1.0,3.0,34172,VANIERES (AVENUE DE),M,"43,5950549","3,8487500",34,2019,50.0,1.0,1.0,3.0,2268651,1.0,1,3,1,0.0,,0.0,0,1973.0,B01,138Â 200Â 843,2.0,0.0,-1.0,1731648,1.0,34,,0.0,2.0,7.0,B01,138Â 200Â 843,1.0
1014446,201900055977,3,27,07:50,1,2,2,1.0,3.0,34172,TOULOUSE (AVENUE DE,M,"43,5973500","3,8642500",34,2019,50.0,1.0,1.0,4.0,2268652,1.0,1,1,2,1.0,,0.0,0,1976.0,A01,138Â 200Â 840,1.0,0.0,0.0,1731649,1.0,7,,0.0,2.0,2.0,A01,138Â 200Â 840,1.0
1014446,201900055977,3,27,07:50,1,2,2,1.0,3.0,34172,TOULOUSE (AVENUE DE,M,"43,5973500","3,8642500",34,2019,50.0,1.0,1.0,4.0,2268652,1.0,1,1,2,1.0,,0.0,0,1976.0,A01,138Â 200Â 840,1.0,0.0,0.0,1731650,2.0,31,,0.0,2.0,1.0,B01,138Â 200Â 841,1.0
1014446,201900055977,3,27,07:50,1,2,2,1.0,3.0,34172,TOULOUSE (AVENUE DE,M,"43,5973500","3,8642500",34,2019,50.0,1.0,1.0,4.0,2268653,1.0,1,4,1,1.0,,0.0,0,1959.0,B01,138Â 200Â 841,2.0,0.0,-1.0,1731649,1.0,7,,0.0,2.0,2.0,A01,138Â 200Â 840,1.0
1014446,201900055977,3,27,07:50,1,2,2,1.0,3.0,34172,TOULOUSE (AVENUE DE,M,"43,5973500","3,8642500",34,2019,50.0,1.0,1.0,4.0,2268653,1.0,1,4,1,1.0,,0.0,0,1959.0,B01,138Â 200Â 841,2.0,0.0,-1.0,1731650,2.0,31,,0.0,2.0,1.0,B01,138Â 200Â 841,1.0
1014447,201900055978,3,26,10:45,1,2,1,1.0,4.0,34172,DUBOUT (AVENUE ALBERT),M,"43,5971292","3,8766596",34,2019,50.0,1.0,1.0,4.0,2268654,1.0,1,1,1,4.0,,0.0,0,1996.0,A01,138Â 200Â 837,1.0,0.0,-1.0,1731651,3.0,7,,0.0,2.0,4.0,A01,138Â 200Â 837,1.0
1014447,201900055978,3,26,10:45,1,2,1,1.0,4.0,34172,DUBOUT (AVENUE ALBERT),M,"43,5971292","3,8766596",34,2019,50.0,1.0,1.0,4.0,2268654,1.0,1,1,1,4.0,,0.0,0,1996.0,A01,138Â 200Â 837,1.0,0.0,-1.0,1731652,3.0,7,,0.0,2.0,1.0,C01,138Â 200Â 838,1.0
1014447,201900055978,3,26,10:45,1,2,1,1.0,4.0,34172,DUBOUT (AVENUE ALBERT),M,"43,5971292","3,8766596",34,2019,50.0,1.0,1.0,4.0,2268654,1.0,1,1,1,4.0,,0.0,0,1996.0,A01,138Â 200Â 837,1.0,0.0,-1.0,1731653,3.0,7,,0.0,2.0,1.0,B01,138Â 200Â 839,1.0
1014447,201900055978,3,26,10:45,1,2,1,1.0,4.0,34172,DUBOUT (AVENUE ALBERT),M,"43,5971292","3,8766596",34,2019,50.0,1.0,1.0,4.0,2268655,1.0,1,4,2,1.0,,0.0,0,1984.0,C01,138Â 200Â 838,1.0,0.0,-1.0,1731651,3.0,7,,0.0,2.0,4.0,A01,138Â 200Â 837,1.0
1014447,201900055978,3,26,10:45,1,2,1,1.0,4.0,34172,DUBOUT (AVENUE ALBERT),M,"43,5971292","3,8766596",34,2019,50.0,1.0,1.0,4.0,2268655,1.0,1,4,2,1.0,,0.0,0,1984.0,C01,138Â 200Â 838,1.0,0.0,-1.0,1731652,3.0,7,,0.0,2.0,1.0,C01,138Â 200Â 838,1.0
1014447,201900055978,3,26,10:45,1,2,1,1.0,4.0,34172,DUBOUT (AVENUE ALBERT),M,"43,5971292","3,8766596",34,2019,50.0,1.0,1.0,4.0,2268655,1.0,1,4,2,1.0,,0.0,0,1984.0,C01,138Â 200Â 838,1.0,0.0,-1.0,1731653,3.0,7,,0.0,2.0,1.0,B01,138Â 200Â 839,1.0
1014447,201900055978,3,26,10:45,1,2,1,1.0,4.0,34172,DUBOUT (AVENUE ALBERT),M,"43,5971292","3,8766596",34,2019,50.0,1.0,1.0,4.0,2268656,2.0,2,1,2,5.0,,0.0,0,1956.0,B01,138Â 200Â 839,1.0,8.0,-1.0,1731651,3.0,7,,0.0,2.0,4.0,A01,138Â 200Â 837,1.0
1014447,201900055978,3,26,10:45,1,2,1,1.0,4.0,34172,DUBOUT (AVENUE ALBERT),M,"43,5971292","3,8766596",34,2019,50.0,1.0,1.0,4.0,2268656,2.0,2,1,2,5.0,,0.0,0,1956.0,B01,138Â 200Â 839,1.0,8.0,-1.0,1731652,3.0,7,,0.0,2.0,1.0,C01,138Â 200Â 838,1.0
1014447,201900055978,3,26,10:45,1,2,1,1.0,4.0,34172,DUBOUT (AVENUE ALBERT),M,"43,5971292","3,8766596",34,2019,50.0,1.0,1.0,4.0,2268656,2.0,2,1,2,5.0,,0.0,0,1956.0,B01,138Â 200Â 839,1.0,8.0,-1.0,1731653,3.0,7,,0.0,2.0,1.0,B01,138Â 200Â 839,1.0
1014447,201900055978,3,26,10:45,1,2,1,1.0,4.0,34172,DUBOUT (AVENUE ALBERT),M,"43,5971292","3,8766596",34,2019,50.0,1.0,1.0,4.0,2268657,1.0,1,1,1,5.0,,0.0,0,1953.0,B01,138Â 200Â 839,1.0,0.0,-1.0,1731651,3.0,7,,0.0,2.0,4.0,A01,138Â 200Â 837,1.0
1014447,201900055978,3,26,10:45,1,2,1,1.0,4.0,34172,DUBOUT (AVENUE ALBERT),M,"43,5971292","3,8766596",34,2019,50.0,1.0,1.0,4.0,2268657,1.0,1,1,1,5.0,,0.0,0,1953.0,B01,138Â 200Â 839,1.0,0.0,-1.0,1731652,3.0,7,,0.0,2.0,1.0,C01,138Â 200Â 838,1.0
1014447,201900055978,3,26,10:45,1,2,1,1.0,4.0,34172,DUBOUT (AVENUE ALBERT),M,"43,5971292","3,8766596",34,2019,50.0,1.0,1.0,4.0,2268657,1.0,1,1,1,5.0,,0.0,0,1953.0,B01,138Â 200Â 839,1.0,0.0,-1.0,1731653,3.0,7,,0.0,2.0,1.0,B01,138Â 200Â 839,1.0
1014448,201900055979,3,18,16:45,1,2,2,1.0,6.0,33167,AVE DE LA LIBERATION,M,"44,8389900"," -0,5361200",33,2019,30.0,1.0,2.0,4.0,2268658,10.0,3,3,2,2.0,,3.0,3,2008.0,A01,138Â 200Â 836,8.0,0.0,-1.0,1731654,1.0,7,,0.0,1.0,0.0,A01,138Â 200Â 836,1.0
1014448,201900055979,3,18,16:45,1,2,2,1.0,6.0,33167,AVE DE LA LIBERATION,M,"44,8389900"," -0,5361200",33,2019,30.0,1.0,2.0,4.0,2268659,1.0,1,1,2,2.0,,-1.0, -1,1976.0,A01,138Â 200Â 836,1.0,0.0,-1.0,1731654,1.0,7,,0.0,1.0,0.0,A01,138Â 200Â 836,1.0
1014449,201900055980,3,25,18:45,1,1,3,1.0,3.0,29232,COAT OLIER CHEMIN DE,M,"48,0248061"," -4,0860186",29,2019,70.0,1.0,1.0,3.0,2268660,1.0,1,4,2,0.0,,0.0,0,1998.0,B01,138Â 200Â 834,8.0,0.0,-1.0,1731655,1.0,7,,0.0,2.0,1.0,B01,138Â 200Â 834,1.0
1014449,201900055980,3,25,18:45,1,1,3,1.0,3.0,29232,COAT OLIER CHEMIN DE,M,"48,0248061"," -4,0860186",29,2019,70.0,1.0,1.0,3.0,2268660,1.0,1,4,2,0.0,,0.0,0,1998.0,B01,138Â 200Â 834,8.0,0.0,-1.0,1731656,1.0,7,,0.0,2.0,8.0,A01,138Â 200Â 835,1.0
1014449,201900055980,3,25,18:45,1,1,3,1.0,3.0,29232,COAT OLIER CHEMIN DE,M,"48,0248061"," -4,0860186",29,2019,70.0,1.0,1.0,3.0,2268661,1.0,1,4,1,2.0,,0.0,0,1999.0,A01,138Â 200Â 835,8.0,8.0,-1.0,1731655,1.0,7,,0.0,2.0,1.0,B01,138Â 200Â 834,1.0
1014449,201900055980,3,25,18:45,1,1,3,1.0,3.0,29232,COAT OLIER CHEMIN DE,M,"48,0248061"," -4,0860186",29,2019,70.0,1.0,1.0,3.0,2268661,1.0,1,4,1,2.0,,0.0,0,1999.0,A01,138Â 200Â 835,8.0,8.0,-1.0,1731656,1.0,7,,0.0,2.0,8.0,A01,138Â 200Â 835,1.0
1014450,201900055981,3,25,19:45,2,2,9,1.0,3.0,29232,FRANCE LIBRE  AVENUE DE LA,M,"48,0049405"," -4,0978843",29,2019,50.0,1.0,1.0,4.0,2268662,2.0,2,4,1,2.0,,0.0,0,2008.0,A01,138Â 200Â 832,2.0,0.0,-1.0,1731657,1.0,2,,0.0,2.0,7.0,A01,138Â 200Â 832,1.0
1014450,201900055981,3,25,19:45,2,2,9,1.0,3.0,29232,FRANCE LIBRE  AVENUE DE LA,M,"48,0049405"," -4,0978843",29,2019,50.0,1.0,1.0,4.0,2268662,2.0,2,4,1,2.0,,0.0,0,2008.0,A01,138Â 200Â 832,2.0,0.0,-1.0,1731658,1.0,7,,0.0,2.0,8.0,B01,138Â 200Â 833,1.0
1014450,201900055981,3,25,19:45,2,2,9,1.0,3.0,29232,FRANCE LIBRE  AVENUE DE LA,M,"48,0049405"," -4,0978843",29,2019,50.0,1.0,1.0,4.0,2268663,1.0,1,1,1,2.0,,0.0,0,1980.0,A01,138Â 200Â 832,2.0,0.0,-1.0,1731657,1.0,2,,0.0,2.0,7.0,A01,138Â 200Â 832,1.0
1014450,201900055981,3,25,19:45,2,2,9,1.0,3.0,29232,FRANCE LIBRE  AVENUE DE LA,M,"48,0049405"," -4,0978843",29,2019,50.0,1.0,1.0,4.0,2268663,1.0,1,1,1,2.0,,0.0,0,1980.0,A01,138Â 200Â 832,2.0,0.0,-1.0,1731658,1.0,7,,0.0,2.0,8.0,B01,138Â 200Â 833,1.0
1014450,201900055981,3,25,19:45,2,2,9,1.0,3.0,29232,FRANCE LIBRE  AVENUE DE LA,M,"48,0049405"," -4,0978843",29,2019,50.0,1.0,1.0,4.0,2268664,1.0,1,1,1,0.0,,0.0,0,1984.0,B01,138Â 200Â 833,1.0,0.0,-1.0,1731657,1.0,2,,0.0,2.0,7.0,A01,138Â 200Â 832,1.0
1014450,201900055981,3,25,19:45,2,2,9,1.0,3.0,29232,FRANCE LIBRE  AVENUE DE LA,M,"48,0049405"," -4,0978843",29,2019,50.0,1.0,1.0,4.0,2268664,1.0,1,1,1,0.0,,0.0,0,1984.0,B01,138Â 200Â 833,1.0,0.0,-1.0,1731658,1.0,7,,0.0,2.0,8.0,B01,138Â 200Â 833,1.0
1014451,201900055982,3,23,16:10,1,2,5,1.0,3.0,28085,ORLEANS (AVENUE D'),M,"48,4321700","1,5094100",28,2019,50.0,1.0,1.0,3.0,2268665,1.0,1,1,1,0.0,,-1.0, -1,1974.0,A01,138Â 200Â 830,1.0,8.0,-1.0,1731659,3.0,7,,0.0,2.0,3.0,A01,138Â 200Â 830,1.0
1014451,201900055982,3,23,16:10,1,2,5,1.0,3.0,28085,ORLEANS (AVENUE D'),M,"48,4321700","1,5094100",28,2019,50.0,1.0,1.0,3.0,2268665,1.0,1,1,1,0.0,,-1.0, -1,1974.0,A01,138Â 200Â 830,1.0,8.0,-1.0,1731660,3.0,33,,0.0,2.0,8.0,B01,138Â 200Â 831,1.0
1014451,201900055982,3,23,16:10,1,2,5,1.0,3.0,28085,ORLEANS (AVENUE D'),M,"48,4321700","1,5094100",28,2019,50.0,1.0,1.0,3.0,2268666,1.0,1,3,1,0.0,,0.0,0,1980.0,B01,138Â 200Â 831,2.0,8.0,0.0,1731659,3.0,7,,0.0,2.0,3.0,A01,138Â 200Â 830,1.0
1014451,201900055982,3,23,16:10,1,2,5,1.0,3.0,28085,ORLEANS (AVENUE D'),M,"48,4321700","1,5094100",28,2019,50.0,1.0,1.0,3.0,2268666,1.0,1,3,1,0.0,,0.0,0,1980.0,B01,138Â 200Â 831,2.0,8.0,0.0,1731660,3.0,33,,0.0,2.0,8.0,B01,138Â 200Â 831,1.0
1014452,201900055983,3,27,02:25,5,1,1,1.0,6.0,22187,RN12,M,"48,5245766"," -2,7509894",22,2019,90.0,1.0,1.0,2.0,2268667,1.0,1,3,2,5.0,,0.0,0,1991.0,A01,138Â 200Â 828,1.0,8.0,-1.0,1731661,2.0,7,,0.0,2.0,4.0,A01,138Â 200Â 828,1.0
1014452,201900055983,3,27,02:25,5,1,1,1.0,6.0,22187,RN12,M,"48,5245766"," -2,7509894",22,2019,90.0,1.0,1.0,2.0,2268667,1.0,1,3,2,5.0,,0.0,0,1991.0,A01,138Â 200Â 828,1.0,8.0,-1.0,1731662,2.0,7,,0.0,2.0,0.0,B01,138Â 200Â 829,2.0
1014452,201900055983,3,27,02:25,5,1,1,1.0,6.0,22187,RN12,M,"48,5245766"," -2,7509894",22,2019,90.0,1.0,1.0,2.0,2268668,2.0,2,4,2,4.0,,0.0,0,1993.0,B01,138Â 200Â 829,1.0,0.0,-1.0,1731661,2.0,7,,0.0,2.0,4.0,A01,138Â 200Â 828,1.0
1014452,201900055983,3,27,02:25,5,1,1,1.0,6.0,22187,RN12,M,"48,5245766"," -2,7509894",22,2019,90.0,1.0,1.0,2.0,2268668,2.0,2,4,2,4.0,,0.0,0,1993.0,B01,138Â 200Â 829,1.0,0.0,-1.0,1731662,2.0,7,,0.0,2.0,0.0,B01,138Â 200Â 829,2.0
1014452,201900055983,3,27,02:25,5,1,1,1.0,6.0,22187,RN12,M,"48,5245766"," -2,7509894",22,2019,90.0,1.0,1.0,2.0,2268669,1.0,1,4,1,4.0,,0.0,0,1990.0,B01,138Â 200Â 829,1.0,8.0,-1.0,1731661,2.0,7,,0.0,2.0,4.0,A01,138Â 200Â 828,1.0
1014452,201900055983,3,27,02:25,5,1,1,1.0,6.0,22187,RN12,M,"48,5245766"," -2,7509894",22,2019,90.0,1.0,1.0,2.0,2268669,1.0,1,4,1,4.0,,0.0,0,1990.0,B01,138Â 200Â 829,1.0,8.0,-1.0,1731662,2.0,7,,0.0,2.0,0.0,B01,138Â 200Â 829,2.0
1014453,201900055984,3,26,16:10,1,2,1,1.0,2.0,22113,AUDUBON (RUE JEAN-JACQUES),M,"48,7515509"," -3,4528607",22,2019,50.0,1.0,1.0,4.0,2268670,1.0,1,4,1,3.0,,0.0,0,1971.0,B01,138Â 200Â 826,1.0,0.0,-1.0,1731663,0.0,7,,0.0,1.0,1.0,B01,138Â 200Â 826,1.0
1014453,201900055984,3,26,16:10,1,2,1,1.0,2.0,22113,AUDUBON (RUE JEAN-JACQUES),M,"48,7515509"," -3,4528607",22,2019,50.0,1.0,1.0,4.0,2268670,1.0,1,4,1,3.0,,0.0,0,1971.0,B01,138Â 200Â 826,1.0,0.0,-1.0,1731664,1.0,7,,0.0,2.0,1.0,A01,138Â 200Â 827,1.0
1014453,201900055984,3,26,16:10,1,2,1,1.0,2.0,22113,AUDUBON (RUE JEAN-JACQUES),M,"48,7515509"," -3,4528607",22,2019,50.0,1.0,1.0,4.0,2268671,10.0,3,4,2,3.0,,3.0,3,1944.0,B01,138Â 200Â 826,8.0,0.0,-1.0,1731663,0.0,7,,0.0,1.0,1.0,B01,138Â 200Â 826,1.0
1014453,201900055984,3,26,16:10,1,2,1,1.0,2.0,22113,AUDUBON (RUE JEAN-JACQUES),M,"48,7515509"," -3,4528607",22,2019,50.0,1.0,1.0,4.0,2268671,10.0,3,4,2,3.0,,3.0,3,1944.0,B01,138Â 200Â 826,8.0,0.0,-1.0,1731664,1.0,7,,0.0,2.0,1.0,A01,138Â 200Â 827,1.0
1014453,201900055984,3,26,16:10,1,2,1,1.0,2.0,22113,AUDUBON (RUE JEAN-JACQUES),M,"48,7515509"," -3,4528607",22,2019,50.0,1.0,1.0,4.0,2268672,1.0,1,1,1,2.0,,0.0,0,1998.0,A01,138Â 200Â 827,1.0,0.0,-1.0,1731663,0.0,7,,0.0,1.0,1.0,B01,138Â 200Â 826,1.0
1014453,201900055984,3,26,16:10,1,2,1,1.0,2.0,22113,AUDUBON (RUE JEAN-JACQUES),M,"48,7515509"," -3,4528607",22,2019,50.0,1.0,1.0,4.0,2268672,1.0,1,1,1,2.0,,0.0,0,1998.0,A01,138Â 200Â 827,1.0,0.0,-1.0,1731664,1.0,7,,0.0,2.0,1.0,A01,138Â 200Â 827,1.0
1014454,201900055985,3,27,17:50,1,2,1,1.0,1.0,14333,CD513,M,"49,4189000","0,1984600",14,2019,50.0,1.0,1.0,3.0,2268673,4.0,2,1,2,5.0,,-1.0,0,2014.0,A01,138Â 200Â 824,3.0,8.0,-1.0,1731665,1.0,7,,0.0,2.0,3.0,A01,138Â 200Â 824,1.0
1014454,201900055985,3,27,17:50,1,2,1,1.0,1.0,14333,CD513,M,"49,4189000","0,1984600",14,2019,50.0,1.0,1.0,3.0,2268673,4.0,2,1,2,5.0,,-1.0,0,2014.0,A01,138Â 200Â 824,3.0,8.0,-1.0,1731666,2.0,7,,0.0,2.0,3.0,B01,138Â 200Â 825,1.0
1014454,201900055985,3,27,17:50,1,2,1,1.0,1.0,14333,CD513,M,"49,4189000","0,1984600",14,2019,50.0,1.0,1.0,3.0,2268674,2.0,2,4,2,5.0,,-1.0,0,1992.0,A01,138Â 200Â 824,1.0,8.0,-1.0,1731665,1.0,7,,0.0,2.0,3.0,A01,138Â 200Â 824,1.0
1014454,201900055985,3,27,17:50,1,2,1,1.0,1.0,14333,CD513,M,"49,4189000","0,1984600",14,2019,50.0,1.0,1.0,3.0,2268674,2.0,2,4,2,5.0,,-1.0,0,1992.0,A01,138Â 200Â 824,1.0,8.0,-1.0,1731666,2.0,7,,0.0,2.0,3.0,B01,138Â 200Â 825,1.0
1014454,201900055985,3,27,17:50,1,2,1,1.0,1.0,14333,CD513,M,"49,4189000","0,1984600",14,2019,50.0,1.0,1.0,3.0,2268675,1.0,1,4,1,5.0,,-1.0,0,1983.0,A01,138Â 200Â 824,1.0,8.0,-1.0,1731665,1.0,7,,0.0,2.0,3.0,A01,138Â 200Â 824,1.0
1014454,201900055985,3,27,17:50,1,2,1,1.0,1.0,14333,CD513,M,"49,4189000","0,1984600",14,2019,50.0,1.0,1.0,3.0,2268675,1.0,1,4,1,5.0,,-1.0,0,1983.0,A01,138Â 200Â 824,1.0,8.0,-1.0,1731666,2.0,7,,0.0,2.0,3.0,B01,138Â 200Â 825,1.0
1014454,201900055985,3,27,17:50,1,2,1,1.0,1.0,14333,CD513,M,"49,4189000","0,1984600",14,2019,50.0,1.0,1.0,3.0,2268676,1.0,1,4,1,1.0,,-1.0,0,1972.0,B01,138Â 200Â 825,1.0,8.0,-1.0,1731665,1.0,7,,0.0,2.0,3.0,A01,138Â 200Â 824,1.0