Unnamed: 0_x,num_acc,mois,jour,hrmn,lum,agg,int,atm,col,com,adr,gps,lat,long,dep,annee,vma,situ,surf,catr,Unnamed: 0_y,place,catu,grav,sexe,trajet,secu,locp,actp,an_nais,num_veh_x,id_vehicule_x,secu1,secu2,secu3,Unnamed: 0,senc,catv,occutc,obs,obsm,choc,num_veh_y,id_vehicule_y,motor
1014454,201900055985,3,27,17:50,1,2,1,1.0,1.0,14333,CD513,M,"49,4189000","0,1984600",14,2019,50.0,1.0,1.0,3.0,2268676,1.0,1,4,1,1.0,,-1.0,0,1972.0,B01,138Â 200Â 825,1.0,8.0,-1.0,1731666,2.0,7,,0.0,2.0,3.0,B01,138Â 200Â 825,1.0
1014455,201900055986,3,27,07:20,1,2,1,1.0,6.0,14333,CD513,M,"49,4215700","0,2071500",14,2019,50.0,1.0,1.0,3.0,2268677,1.0,1,3,1,1.0,,0.0,0,1967.0,A01,138Â 200Â 823,2.0,6.0,-1.0,1731667,2.0,33,,15.0,0.0,1.0,A01,138Â 200Â 823,1.0
1014456,201900055987,3,27,07:40,1,2,4,1.0,3.0,14271,HARCOURT (ROUTE D'),M,"49,1579500"," -0,3665000",14,2019,-1.0,1.0,1.0,4.0,2268678,1.0,1,4,1,-1.0,,-1.0, -1,1972.0,D01,138Â 200Â 821,0.0,-1.0,-1.0,1731668,2.0,33,,0.0,2.0,4.0,D01,138Â 200Â 821,-1.0
1014456,201900055987,3,27,07:40,1,2,4,1.0,3.0,14271,HARCOURT (ROUTE D'),M,"49,1579500"," -0,3665000",14,2019,-1.0,1.0,1.0,4.0,2268678,1.0,1,4,1,-1.0,,-1.0, -1,1972.0,D01,138Â 200Â 821,0.0,-1.0,-1.0,1731669,1.0,7,,0.0,2.0,1.0,C01,138Â 200Â 822,-1.0
1014456,201900055987,3,27,07:40,1,2,4,1.0,3.0,14271,HARCOURT (ROUTE D'),M,"49,1579500"," -0,3665000",14,2019,-1.0,1.0,1.0,4.0,2268679,1.0,1,1,1,0.0,,0.0,0,1984.0,C01,138Â 200Â 822,1.0,-1.0,-1.0,1731668,2.0,33,,0.0,2.0,4.0,D01,138Â 200Â 821,-1.0
1014456,201900055987,3,27,07:40,1,2,4,1.0,3.0,14271,HARCOURT (ROUTE D'),M,"49,1579500"," -0,3665000",14,2019,-1.0,1.0,1.0,4.0,2268679,1.0,1,1,1,0.0,,0.0,0,1984.0,C01,138Â 200Â 822,1.0,-1.0,-1.0,1731669,1.0,7,,0.0,2.0,1.0,C01,138Â 200Â 822,-1.0
1014457,201900055988,3,27,20:45,5,2,9,1.0,6.0,13201,BELSUNCE (COURS),M,"43,2979600","5,3768840",13,2019,50.0,1.0,1.0,4.0,2268680,10.0,3,4,2,5.0,,1.0,3,1964.0,Z01,138Â 200Â 820,8.0,0.0,-1.0,1731670,1.0,2,,0.0,1.0,1.0,Z01,138Â 200Â 820,0.0
1014458,201900055989,3,27,15:00,1,2,1,1.0,3.0,13203,PLOMBIERES (BOULEVARD DES),M,"43,3178600","5,3741900",13,2019,50.0,1.0,1.0,4.0,2268681,1.0,1,4,1,9.0,,-1.0, -1,1989.0,B01,138Â 200Â 818,2.0,6.0,-1.0,1731671,2.0,34,,0.0,2.0,1.0,B01,138Â 200Â 818,0.0
1014458,201900055989,3,27,15:00,1,2,1,1.0,3.0,13203,PLOMBIERES (BOULEVARD DES),M,"43,3178600","5,3741900",13,2019,50.0,1.0,1.0,4.0,2268681,1.0,1,4,1,9.0,,-1.0, -1,1989.0,B01,138Â 200Â 818,2.0,6.0,-1.0,1731672,1.0,7,,0.0,2.0,5.0,A01,138Â 200Â 819,0.0
1014458,201900055989,3,27,15:00,1,2,1,1.0,3.0,13203,PLOMBIERES (BOULEVARD DES),M,"43,3178600","5,3741900",13,2019,50.0,1.0,1.0,4.0,2268682,1.0,1,1,1,1.0,,-1.0, -1,1990.0,A01,138Â 200Â 819,1.0,0.0,-1.0,1731671,2.0,34,,0.0,2.0,1.0,B01,138Â 200Â 818,0.0
1014458,201900055989,3,27,15:00,1,2,1,1.0,3.0,13203,PLOMBIERES (BOULEVARD DES),M,"43,3178600","5,3741900",13,2019,50.0,1.0,1.0,4.0,2268682,1.0,1,1,1,1.0,,-1.0, -1,1990.0,A01,138Â 200Â 819,1.0,0.0,-1.0,1731672,1.0,7,,0.0,2.0,5.0,A01,138Â 200Â 819,0.0
1014459,201900055990,3,27,11:30,1,2,2,1.0,5.0,13204,PIERRE ROCHE (RUE),M,"43,3092600","5,4034500",13,2019,50.0,1.0,1.0,4.0,2268683,1.0,1,1,1,1.0,,-1.0, -1,1977.0,B01,138Â 200Â 815,1.0,0.0,-1.0,1731673,2.0,7,,0.0,2.0,1.0,B01,138Â 200Â 815,1.0
1014459,201900055990,3,27,11:30,1,2,2,1.0,5.0,13204,PIERRE ROCHE (RUE),M,"43,3092600","5,4034500",13,2019,50.0,1.0,1.0,4.0,2268683,1.0,1,1,1,1.0,,-1.0, -1,1977.0,B01,138Â 200Â 815,1.0,0.0,-1.0,1731674,1.0,7,,0.0,2.0,4.0,C01,138Â 200Â 816,1.0
1014459,201900055990,3,27,11:30,1,2,2,1.0,5.0,13204,PIERRE ROCHE (RUE),M,"43,3092600","5,4034500",13,2019,50.0,1.0,1.0,4.0,2268683,1.0,1,1,1,1.0,,-1.0, -1,1977.0,B01,138Â 200Â 815,1.0,0.0,-1.0,1731675,1.0,7,,1.0,2.0,7.0,A01,138Â 200Â 817,1.0
1014459,201900055990,3,27,11:30,1,2,2,1.0,5.0,13204,PIERRE ROCHE (RUE),M,"43,3092600","5,4034500",13,2019,50.0,1.0,1.0,4.0,2268684,1.0,1,1,1,0.0,,-1.0, -1,1964.0,C01,138Â 200Â 816,1.0,0.0,-1.0,1731673,2.0,7,,0.0,2.0,1.0,B01,138Â 200Â 815,1.0
1014459,201900055990,3,27,11:30,1,2,2,1.0,5.0,13204,PIERRE ROCHE (RUE),M,"43,3092600","5,4034500",13,2019,50.0,1.0,1.0,4.0,2268684,1.0,1,1,1,0.0,,-1.0, -1,1964.0,C01,138Â 200Â 816,1.0,0.0,-1.0,1731674,1.0,7,,0.0,2.0,4.0,C01,138Â 200Â 816,1.0
1014459,201900055990,3,27,11:30,1,2,2,1.0,5.0,13204,PIERRE ROCHE (RUE),M,"43,3092600","5,4034500",13,2019,50.0,1.0,1.0,4.0,2268684,1.0,1,1,1,0.0,,-1.0, -1,1964.0,C01,138Â 200Â 816,1.0,0.0,-1.0,1731675,1.0,7,,1.0,2.0,7.0,A01,138Â 200Â 817,1.0
1014459,201900055990,3,27,11:30,1,2,2,1.0,5.0,13204,PIERRE ROCHE (RUE),M,"43,3092600","5,4034500",13,2019,50.0,1.0,1.0,4.0,2268685,3.0,2,4,1,0.0,,-1.0, -1,2017.0,A01,138Â 200Â 817,8.0,0.0,-1.0,1731673,2.0,7,,0.0,2.0,1.0,B01,138Â 200Â 815,1.0
1014459,201900055990,3,27,11:30,1,2,2,1.0,5.0,13204,PIERRE ROCHE (RUE),M,"43,3092600","5,4034500",13,2019,50.0,1.0,1.0,4.0,2268685,3.0,2,4,1,0.0,,-1.0, -1,2017.0,A01,138Â 200Â 817,8.0,0.0,-1.0,1731674,1.0,7,,0.0,2.0,4.0,C01,138Â 200Â 816,1.0
1014459,201900055990,3,27,11:30,1,2,2,1.0,5.0,13204,PIERRE ROCHE (RUE),M,"43,3092600","5,4034500",13,2019,50.0,1.0,1.0,4.0,2268685,3.0,2,4,1,0.0,,-1.0, -1,2017.0,A01,138Â 200Â 817,8.0,0.0,-1.0,1731675,1.0,7,,1.0,2.0,7.0,A01,138Â 200Â 817,1.0
1014459,201900055990,3,27,11:30,1,2,2,1.0,5.0,13204,PIERRE ROCHE (RUE),M,"43,3092600","5,4034500",13,2019,50.0,1.0,1.0,4.0,2268686,1.0,1,1,2,0.0,,-1.0, -1,1997.0,A01,138Â 200Â 817,8.0,0.0,-1.0,1731673,2.0,7,,0.0,2.0,1.0,B01,138Â 200Â 815,1.0
1014459,201900055990,3,27,11:30,1,2,2,1.0,5.0,13204,PIERRE ROCHE (RUE),M,"43,3092600","5,4034500",13,2019,50.0,1.0,1.0,4.0,2268686,1.0,1,1,2,0.0,,-1.0, -1,1997.0,A01,138Â 200Â 817,8.0,0.0,-1.0,1731674,1.0,7,,0.0,2.0,4.0,C01,138Â 200Â 816,1.0
1014459,201900055990,3,27,11:30,1,2,2,1.0,5.0,13204,PIERRE ROCHE (RUE),M,"43,3092600","5,4034500",13,2019,50.0,1.0,1.0,4.0,2268686,1.0,1,1,2,0.0,,-1.0, -1,1997.0,A01,138Â 200Â 817,8.0,0.0,-1.0,1731675,1.0,7,,1.0,2.0,7.0,A01,138Â 200Â 817,1.0
1014460,201900055991,3,27,13:30,1,2,1,1.0,3.0,13209,MARÃCHAL DE LATTRE (AVENUE),M,"43,2461470","5,4172320",13,2019,50.0,1.0,1.0,4.0,2268687,1.0,1,1,1,5.0,,-1.0,0,1959.0,A01,138Â 200Â 813,1.0,8.0,-1.0,1731676,2.0,7,,0.0,2.0,3.0,A01,138Â 200Â 813,1.0
1014460,201900055991,3,27,13:30,1,2,1,1.0,3.0,13209,MARÃCHAL DE LATTRE (AVENUE),M,"43,2461470","5,4172320",13,2019,50.0,1.0,1.0,4.0,2268687,1.0,1,1,1,5.0,,-1.0,0,1959.0,A01,138Â 200Â 813,1.0,8.0,-1.0,1731677,2.0,7,,0.0,2.0,7.0,B01,138Â 200Â 814,1.0
1014460,201900055991,3,27,13:30,1,2,1,1.0,3.0,13209,MARÃCHAL DE LATTRE (AVENUE),M,"43,2461470","5,4172320",13,2019,50.0,1.0,1.0,4.0,2268688,1.0,1,4,1,4.0,,-1.0,0,1980.0,B01,138Â 200Â 814,1.0,9.0,9.0,1731676,2.0,7,,0.0,2.0,3.0,A01,138Â 200Â 813,1.0
1014460,201900055991,3,27,13:30,1,2,1,1.0,3.0,13209,MARÃCHAL DE LATTRE (AVENUE),M,"43,2461470","5,4172320",13,2019,50.0,1.0,1.0,4.0,2268688,1.0,1,4,1,4.0,,-1.0,0,1980.0,B01,138Â 200Â 814,1.0,9.0,9.0,1731677,2.0,7,,0.0,2.0,7.0,B01,138Â 200Â 814,1.0
1014461,201900055992,3,27,12:20,1,2,3,1.0,3.0,13206,IENA (RUE D'),M,"43,2872000","5,3931000",13,2019,50.0,1.0,1.0,4.0,2268689,1.0,1,1,1,4.0,,-1.0, -1,1971.0,A01,138Â 200Â 811,1.0,0.0,-1.0,1731678,0.0,7,,0.0,2.0,1.0,A01,138Â 200Â 811,1.0
1014461,201900055992,3,27,12:20,1,2,3,1.0,3.0,13206,IENA (RUE D'),M,"43,2872000","5,3931000",13,2019,50.0,1.0,1.0,4.0,2268689,1.0,1,1,1,4.0,,-1.0, -1,1971.0,A01,138Â 200Â 811,1.0,0.0,-1.0,1731679,0.0,7,,0.0,2.0,3.0,B01,138Â 200Â 812,1.0
1014461,201900055992,3,27,12:20,1,2,3,1.0,3.0,13206,IENA (RUE D'),M,"43,2872000","5,3931000",13,2019,50.0,1.0,1.0,4.0,2268690,1.0,1,4,2,1.0,,-1.0, -1,1977.0,B01,138Â 200Â 812,1.0,0.0,-1.0,1731678,0.0,7,,0.0,2.0,1.0,A01,138Â 200Â 811,1.0
1014461,201900055992,3,27,12:20,1,2,3,1.0,3.0,13206,IENA (RUE D'),M,"43,2872000","5,3931000",13,2019,50.0,1.0,1.0,4.0,2268690,1.0,1,4,2,1.0,,-1.0, -1,1977.0,B01,138Â 200Â 812,1.0,0.0,-1.0,1731679,0.0,7,,0.0,2.0,3.0,B01,138Â 200Â 812,1.0
1014462,201900055993,3,27,09:00,1,2,1,1.0,3.0,13208,RABATAU (BOULEVARD),M,"43,2763000","5,3969000",13,2019,50.0,1.0,1.0,4.0,2268691,1.0,1,3,2,0.0,,-1.0, -1,1976.0,B01,138Â 200Â 809,2.0,6.0,-1.0,1731680,2.0,33,,0.0,2.0,1.0,B01,138Â 200Â 809,0.0
1014462,201900055993,3,27,09:00,1,2,1,1.0,3.0,13208,RABATAU (BOULEVARD),M,"43,2763000","5,3969000",13,2019,50.0,1.0,1.0,4.0,2268691,1.0,1,3,2,0.0,,-1.0, -1,1976.0,B01,138Â 200Â 809,2.0,6.0,-1.0,1731681,0.0,10,,0.0,2.0,2.0,A01,138Â 200Â 810,0.0
1014462,201900055993,3,27,09:00,1,2,1,1.0,3.0,13208,RABATAU (BOULEVARD),M,"43,2763000","5,3969000",13,2019,50.0,1.0,1.0,4.0,2268692,1.0,1,1,1,5.0,,-1.0, -1,1988.0,A01,138Â 200Â 810,1.0,8.0,-1.0,1731680,2.0,33,,0.0,2.0,1.0,B01,138Â 200Â 809,0.0
1014462,201900055993,3,27,09:00,1,2,1,1.0,3.0,13208,RABATAU (BOULEVARD),M,"43,2763000","5,3969000",13,2019,50.0,1.0,1.0,4.0,2268692,1.0,1,1,1,5.0,,-1.0, -1,1988.0,A01,138Â 200Â 810,1.0,8.0,-1.0,1731681,0.0,10,,0.0,2.0,2.0,A01,138Â 200Â 810,0.0
1014463,201900055994,3,26,04:20,5,2,3,1.0,6.0,13201,RECOLETTES (RUE DES)     2 A 10,M,"43,2969830","5,3779870",13,2019,30.0,1.0,1.0,4.0,2268693,10.0,3,3,1,5.0,,1.0,3,1982.0,A01,138Â 200Â 808,8.0,0.0,-1.0,1731682,1.0,99,,0.0,1.0,4.0,A01,138Â 200Â 808,0.0
1014463,201900055994,3,26,04:20,5,2,3,1.0,6.0,13201,RECOLETTES (RUE DES)     2 A 10,M,"43,2969830","5,3779870",13,2019,30.0,1.0,1.0,4.0,2268694,1.0,1,1,1,4.0,,0.0,0,1994.0,A01,138Â 200Â 808,8.0,0.0,-1.0,1731682,1.0,99,,0.0,1.0,4.0,A01,138Â 200Â 808,0.0
1014464,201900055995,3,27,08:00,1,2,1,1.0,3.0,13005,RN 96 (ROUTE NATIONALE ),M,"43,3036000","5,5716800",13,2019,50.0,1.0,1.0,3.0,2268695,1.0,1,1,1,0.0,,-1.0, -1,1975.0,A01,138Â 200Â 806,8.0,0.0,-1.0,1731683,2.0,7,,0.0,2.0,6.0,A01,138Â 200Â 806,0.0
1014464,201900055995,3,27,08:00,1,2,1,1.0,3.0,13005,RN 96 (ROUTE NATIONALE ),M,"43,3036000","5,5716800",13,2019,50.0,1.0,1.0,3.0,2268695,1.0,1,1,1,0.0,,-1.0, -1,1975.0,A01,138Â 200Â 806,8.0,0.0,-1.0,1731684,2.0,7,,0.0,2.0,1.0,B01,138Â 200Â 807,0.0
1014464,201900055995,3,27,08:00,1,2,1,1.0,3.0,13005,RN 96 (ROUTE NATIONALE ),M,"43,3036000","5,5716800",13,2019,50.0,1.0,1.0,3.0,2268696,1.0,1,4,2,0.0,,-1.0, -1,1957.0,B01,138Â 200Â 807,1.0,0.0,-1.0,1731683,2.0,7,,0.0,2.0,6.0,A01,138Â 200Â 806,0.0
1014464,201900055995,3,27,08:00,1,2,1,1.0,3.0,13005,RN 96 (ROUTE NATIONALE ),M,"43,3036000","5,5716800",13,2019,50.0,1.0,1.0,3.0,2268696,1.0,1,4,2,0.0,,-1.0, -1,1957.0,B01,138Â 200Â 807,1.0,0.0,-1.0,1731684,2.0,7,,0.0,2.0,1.0,B01,138Â 200Â 807,0.0
1014465,201900055996,3,26,13:00,1,2,1,1.0,6.0,11262,1830 (BOULEVARD),M,"43,1898000","3,0178000",11,2019,50.0,2.0,1.0,4.0,2268697,10.0,3,4,2,2.0,,9.0,B,2002.0,A01,138Â 200Â 805,8.0,0.0,-1.0,1731685,2.0,7,,0.0,1.0,1.0,A01,138Â 200Â 805,1.0
1014465,201900055996,3,26,13:00,1,2,1,1.0,6.0,11262,1830 (BOULEVARD),M,"43,1898000","3,0178000",11,2019,50.0,2.0,1.0,4.0,2268698,1.0,1,1,1,0.0,,0.0,0,2000.0,A01,138Â 200Â 805,8.0,8.0,-1.0,1731685,2.0,7,,0.0,1.0,1.0,A01,138Â 200Â 805,1.0
1014466,201900055997,3,26,20:20,2,2,1,1.0,7.0,11262,MAYOLLE (BOULEVARD DE LA),M,"43,1750500","3,0089500",11,2019,50.0,1.0,1.0,4.0,2268699,1.0,1,4,2,0.0,,0.0,0,2002.0,A01,138Â 200Â 804,2.0,8.0,-1.0,1731686,1.0,30,,0.0,0.0,0.0,A01,138Â 200Â 804,1.0
1014467,201900055998,3,26,05:15,5,1,1,1.0,7.0,07186,VALENCE (ROUTE DE),M,"44,7364543","4,6137703",7,2019,50.0,1.0,1.0,3.0,2268700,1.0,1,2,1,5.0,,-1.0, -1,1982.0,A01,138Â 200Â 803,8.0,0.0,-1.0,1731687,1.0,7,,2.0,0.0,1.0,A01,138Â 200Â 803,1.0
1014468,201900055999,3,27,18:17,1,2,1,1.0,2.0,06069,ROUQUIER (BOULEVARD EMMANUEL),M,"43,6395068","6,9414765",6,2019,50.0,1.0,1.0,4.0,2268701,1.0,1,4,1,5.0,,0.0,0,1970.0,B01,138Â 200Â 801,1.0,0.0,-1.0,1731688,2.0,7,,0.0,2.0,4.0,B01,138Â 200Â 801,0.0
1014468,201900055999,3,27,18:17,1,2,1,1.0,2.0,06069,ROUQUIER (BOULEVARD EMMANUEL),M,"43,6395068","6,9414765",6,2019,50.0,1.0,1.0,4.0,2268701,1.0,1,4,1,5.0,,0.0,0,1970.0,B01,138Â 200Â 801,1.0,0.0,-1.0,1731689,2.0,7,,0.0,2.0,1.0,A01,138Â 200Â 802,0.0
1014468,201900055999,3,27,18:17,1,2,1,1.0,2.0,06069,ROUQUIER (BOULEVARD EMMANUEL),M,"43,6395068","6,9414765",6,2019,50.0,1.0,1.0,4.0,2268702,1.0,1,1,1,5.0,,0.0,0,1998.0,A01,138Â 200Â 802,1.0,0.0,-1.0,1731688,2.0,7,,0.0,2.0,4.0,B01,138Â 200Â 801,0.0
1014468,201900055999,3,27,18:17,1,2,1,1.0,2.0,06069,ROUQUIER (BOULEVARD EMMANUEL),M,"43,6395068","6,9414765",6,2019,50.0,1.0,1.0,4.0,2268702,1.0,1,1,1,5.0,,0.0,0,1998.0,A01,138Â 200Â 802,1.0,0.0,-1.0,1731689,2.0,7,,0.0,2.0,1.0,A01,138Â 200Â 802,0.0
1014469,201900056000,3,26,10:20,1,2,6,1.0,3.0,05061,CHARLES AUROUZE ( RUE ),M,"44,5637500","6,0785100",5,2019,50.0,1.0,1.0,4.0,2268703,1.0,1,1,1,4.0,,0.0,0,1963.0,A01,138Â 200Â 799,1.0,0.0,-1.0,1731690,1.0,7,,0.0,2.0,3.0,A01,138Â 200Â 799,1.0
1014469,201900056000,3,26,10:20,1,2,6,1.0,3.0,05061,CHARLES AUROUZE ( RUE ),M,"44,5637500","6,0785100",5,2019,50.0,1.0,1.0,4.0,2268703,1.0,1,1,1,4.0,,0.0,0,1963.0,A01,138Â 200Â 799,1.0,0.0,-1.0,1731691,3.0,33,,0.0,2.0,2.0,B01,138Â 200Â 800,1.0
1014469,201900056000,3,26,10:20,1,2,6,1.0,3.0,05061,CHARLES AUROUZE ( RUE ),M,"44,5637500","6,0785100",5,2019,50.0,1.0,1.0,4.0,2268704,1.0,1,3,1,9.0,,0.0,0,1964.0,B01,138Â 200Â 800,2.0,0.0,-1.0,1731690,1.0,7,,0.0,2.0,3.0,A01,138Â 200Â 799,1.0
1014469,201900056000,3,26,10:20,1,2,6,1.0,3.0,05061,CHARLES AUROUZE ( RUE ),M,"44,5637500","6,0785100",5,2019,50.0,1.0,1.0,4.0,2268704,1.0,1,3,1,9.0,,0.0,0,1964.0,B01,138Â 200Â 800,2.0,0.0,-1.0,1731691,3.0,33,,0.0,2.0,2.0,B01,138Â 200Â 800,1.0
1014470,201900056001,3,27,15:50,1,2,1,1.0,2.0,75120,PORTE DE BAGNOLET,M,"48,8712080","2,4130710",75,2019,70.0,1.0,1.0,4.0,2268705,1.0,1,1,1,1.0,,0.0,0,1975.0,B01,138Â 200Â 797,1.0,8.0,-1.0,1731692,1.0,10,,0.0,2.0,6.0,B01,138Â 200Â 797,1.0
1014470,201900056001,3,27,15:50,1,2,1,1.0,2.0,75120,PORTE DE BAGNOLET,M,"48,8712080","2,4130710",75,2019,70.0,1.0,1.0,4.0,2268705,1.0,1,1,1,1.0,,0.0,0,1975.0,B01,138Â 200Â 797,1.0,8.0,-1.0,1731693,1.0,34,,0.0,2.0,1.0,A01,138Â 200Â 798,1.0
1014470,201900056001,3,27,15:50,1,2,1,1.0,2.0,75120,PORTE DE BAGNOLET,M,"48,8712080","2,4130710",75,2019,70.0,1.0,1.0,4.0,2268706,1.0,1,4,1,5.0,,0.0,0,1979.0,A01,138Â 200Â 798,2.0,6.0,-1.0,1731692,1.0,10,,0.0,2.0,6.0,B01,138Â 200Â 797,1.0
1014470,201900056001,3,27,15:50,1,2,1,1.0,2.0,75120,PORTE DE BAGNOLET,M,"48,8712080","2,4130710",75,2019,70.0,1.0,1.0,4.0,2268706,1.0,1,4,1,5.0,,0.0,0,1979.0,A01,138Â 200Â 798,2.0,6.0,-1.0,1731693,1.0,34,,0.0,2.0,1.0,A01,138Â 200Â 798,1.0
1014471,201900056002,3,26,16:10,1,2,1,1.0,4.0,75119,PORTE DE PANTIN,M,"48,8917770","2,3955620",75,2019,70.0,1.0,1.0,4.0,2268707,1.0,1,1,1,0.0,,0.0,0,1969.0,C01,138Â 200Â 794,1.0,0.0,-1.0,1731694,1.0,7,,0.0,2.0,5.0,C01,138Â 200Â 794,1.0
1014471,201900056002,3,26,16:10,1,2,1,1.0,4.0,75119,PORTE DE PANTIN,M,"48,8917770","2,3955620",75,2019,70.0,1.0,1.0,4.0,2268707,1.0,1,1,1,0.0,,0.0,0,1969.0,C01,138Â 200Â 794,1.0,0.0,-1.0,1731695,1.0,32,,0.0,2.0,3.0,B01,138Â 200Â 795,1.0
1014471,201900056002,3,26,16:10,1,2,1,1.0,4.0,75119,PORTE DE PANTIN,M,"48,8917770","2,3955620",75,2019,70.0,1.0,1.0,4.0,2268707,1.0,1,1,1,0.0,,0.0,0,1969.0,C01,138Â 200Â 794,1.0,0.0,-1.0,1731696,1.0,7,,0.0,2.0,7.0,A01,138Â 200Â 796,1.0
1014471,201900056002,3,26,16:10,1,2,1,1.0,4.0,75119,PORTE DE PANTIN,M,"48,8917770","2,3955620",75,2019,70.0,1.0,1.0,4.0,2268708,1.0,1,4,1,1.0,,0.0,0,1983.0,B01,138Â 200Â 795,2.0,6.0,-1.0,1731694,1.0,7,,0.0,2.0,5.0,C01,138Â 200Â 794,1.0
1014471,201900056002,3,26,16:10,1,2,1,1.0,4.0,75119,PORTE DE PANTIN,M,"48,8917770","2,3955620",75,2019,70.0,1.0,1.0,4.0,2268708,1.0,1,4,1,1.0,,0.0,0,1983.0,B01,138Â 200Â 795,2.0,6.0,-1.0,1731695,1.0,32,,0.0,2.0,3.0,B01,138Â 200Â 795,1.0
1014471,201900056002,3,26,16:10,1,2,1,1.0,4.0,75119,PORTE DE PANTIN,M,"48,8917770","2,3955620",75,2019,70.0,1.0,1.0,4.0,2268708,1.0,1,4,1,1.0,,0.0,0,1983.0,B01,138Â 200Â 795,2.0,6.0,-1.0,1731696,1.0,7,,0.0,2.0,7.0,A01,138Â 200Â 796,1.0
1014471,201900056002,3,26,16:10,1,2,1,1.0,4.0,75119,PORTE DE PANTIN,M,"48,8917770","2,3955620",75,2019,70.0,1.0,1.0,4.0,2268709,2.0,2,1,1,0.0,,0.0,0,1997.0,A01,138Â 200Â 796,1.0,0.0,-1.0,1731694,1.0,7,,0.0,2.0,5.0,C01,138Â 200Â 794,1.0
1014471,201900056002,3,26,16:10,1,2,1,1.0,4.0,75119,PORTE DE PANTIN,M,"48,8917770","2,3955620",75,2019,70.0,1.0,1.0,4.0,2268709,2.0,2,1,1,0.0,,0.0,0,1997.0,A01,138Â 200Â 796,1.0,0.0,-1.0,1731695,1.0,32,,0.0,2.0,3.0,B01,138Â 200Â 795,1.0
1014471,201900056002,3,26,16:10,1,2,1,1.0,4.0,75119,PORTE DE PANTIN,M,"48,8917770","2,3955620",75,2019,70.0,1.0,1.0,4.0,2268709,2.0,2,1,1,0.0,,0.0,0,1997.0,A01,138Â 200Â 796,1.0,0.0,-1.0,1731696,1.0,7,,0.0,2.0,7.0,A01,138Â 200Â 796,1.0
1014471,201900056002,3,26,16:10,1,2,1,1.0,4.0,75119,PORTE DE PANTIN,M,"48,8917770","2,3955620",75,2019,70.0,1.0,1.0,4.0,2268710,1.0,1,1,1,1.0,,0.0,0,1996.0,A01,138Â 200Â 796,1.0,0.0,-1.0,1731694,1.0,7,,0.0,2.0,5.0,C01,138Â 200Â 794,1.0
1014471,201900056002,3,26,16:10,1,2,1,1.0,4.0,75119,PORTE DE PANTIN,M,"48,8917770","2,3955620",75,2019,70.0,1.0,1.0,4.0,2268710,1.0,1,1,1,1.0,,0.0,0,1996.0,A01,138Â 200Â 796,1.0,0.0,-1.0,1731695,1.0,32,,0.0,2.0,3.0,B01,138Â 200Â 795,1.0
1014471,201900056002,3,26,16:10,1,2,1,1.0,4.0,75119,PORTE DE PANTIN,M,"48,8917770","2,3955620",75,2019,70.0,1.0,1.0,4.0,2268710,1.0,1,1,1,1.0,,0.0,0,1996.0,A01,138Â 200Â 796,1.0,0.0,-1.0,1731696,1.0,7,,0.0,2.0,7.0,A01,138Â 200Â 796,1.0
1014472,201900056003,3,27,09:15,1,2,2,1.0,3.0,75106,BOULEVARD SAINT GERMAIN,M,"48,8529170","2,3369820",75,2019,50.0,6.0,1.0,4.0,2268711,1.0,1,4,2,5.0,,0.0,0,1958.0,B01,138Â 200Â 792,8.0,0.0,-1.0,1731697,2.0,1,,0.0,2.0,4.0,B01,138Â 200Â 792,5.0
1014472,201900056003,3,27,09:15,1,2,2,1.0,3.0,75106,BOULEVARD SAINT GERMAIN,M,"48,8529170","2,3369820",75,2019,50.0,6.0,1.0,4.0,2268711,1.0,1,4,2,5.0,,0.0,0,1958.0,B01,138Â 200Â 792,8.0,0.0,-1.0,1731698,2.0,10,,0.0,2.0,5.0,A01,138Â 200Â 793,1.0
1014472,201900056003,3,27,09:15,1,2,2,1.0,3.0,75106,BOULEVARD SAINT GERMAIN,M,"48,8529170","2,3369820",75,2019,50.0,6.0,1.0,4.0,2268712,1.0,1,1,1,4.0,,0.0,0,1999.0,A01,138Â 200Â 793,1.0,0.0,-1.0,1731697,2.0,1,,0.0,2.0,4.0,B01,138Â 200Â 792,5.0
1014472,201900056003,3,27,09:15,1,2,2,1.0,3.0,75106,BOULEVARD SAINT GERMAIN,M,"48,8529170","2,3369820",75,2019,50.0,6.0,1.0,4.0,2268712,1.0,1,1,1,4.0,,0.0,0,1999.0,A01,138Â 200Â 793,1.0,0.0,-1.0,1731698,2.0,10,,0.0,2.0,5.0,A01,138Â 200Â 793,1.0
1014473,201900056004,3,27,16:45,1,2,2,1.0,3.0,75119,RUE MANIN,M,"48,8763670","2,3796990",75,2019,50.0,1.0,1.0,4.0,2268713,1.0,1,4,2,0.0,,0.0,0,1950.0,A01,138Â 200Â 790,8.0,0.0,-1.0,1731699,1.0,7,,0.0,2.0,8.0,A01,138Â 200Â 790,1.0
1014473,201900056004,3,27,16:45,1,2,2,1.0,3.0,75119,RUE MANIN,M,"48,8763670","2,3796990",75,2019,50.0,1.0,1.0,4.0,2268713,1.0,1,4,2,0.0,,0.0,0,1950.0,A01,138Â 200Â 790,8.0,0.0,-1.0,1731700,1.0,15,,0.0,2.0,1.0,B01,138Â 200Â 791,1.0
1014473,201900056004,3,27,16:45,1,2,2,1.0,3.0,75119,RUE MANIN,M,"48,8763670","2,3796990",75,2019,50.0,1.0,1.0,4.0,2268714,1.0,1,1,1,4.0,,0.0,0,1950.0,B01,138Â 200Â 791,1.0,0.0,-1.0,1731699,1.0,7,,0.0,2.0,8.0,A01,138Â 200Â 790,1.0