Unnamed: 0_x,num_acc,mois,jour,hrmn,lum,agg,int,atm,col,com,adr,gps,lat,long,dep,annee,vma,situ,surf,catr,Unnamed: 0_y,place,catu,grav,sexe,trajet,secu,locp,actp,an_nais,num_veh_x,id_vehicule_x,secu1,secu2,secu3,Unnamed: 0,senc,catv,occutc,obs,obsm,choc,num_veh_y,id_vehicule_y,motor
1014473,201900056004,3,27,16:45,1,2,2,1.0,3.0,75119,RUE MANIN,M,"48,8763670","2,3796990",75,2019,50.0,1.0,1.0,4.0,2268714,1.0,1,1,1,4.0,,0.0,0,1950.0,B01,138Â 200Â 791,1.0,0.0,-1.0,1731700,1.0,15,,0.0,2.0,1.0,B01,138Â 200Â 791,1.0
1014474,201900056005,3,27,19:45,5,2,1,1.0,3.0,75115,RUE DE LA CROIX NIVERT,M,"48,8368620","2,2895010",75,2019,50.0,1.0,1.0,4.0,2268715,1.0,1,4,2,0.0,,0.0,0,1971.0,B01,138Â 200Â 788,2.0,0.0,-1.0,1731701,2.0,32,,0.0,2.0,1.0,B01,138Â 200Â 788,1.0
1014474,201900056005,3,27,19:45,5,2,1,1.0,3.0,75115,RUE DE LA CROIX NIVERT,M,"48,8368620","2,2895010",75,2019,50.0,1.0,1.0,4.0,2268715,1.0,1,4,2,0.0,,0.0,0,1971.0,B01,138Â 200Â 788,2.0,0.0,-1.0,1731702,1.0,10,,0.0,2.0,3.0,A01,138Â 200Â 789,1.0
1014474,201900056005,3,27,19:45,5,2,1,1.0,3.0,75115,RUE DE LA CROIX NIVERT,M,"48,8368620","2,2895010",75,2019,50.0,1.0,1.0,4.0,2268716,1.0,1,1,1,3.0,,0.0,0,1974.0,A01,138Â 200Â 789,1.0,0.0,-1.0,1731701,2.0,32,,0.0,2.0,1.0,B01,138Â 200Â 788,1.0
1014474,201900056005,3,27,19:45,5,2,1,1.0,3.0,75115,RUE DE LA CROIX NIVERT,M,"48,8368620","2,2895010",75,2019,50.0,1.0,1.0,4.0,2268716,1.0,1,1,1,3.0,,0.0,0,1974.0,A01,138Â 200Â 789,1.0,0.0,-1.0,1731702,1.0,10,,0.0,2.0,3.0,A01,138Â 200Â 789,1.0
1014475,201900056006,3,27,08:15,1,2,3,1.0,6.0,75115,RUE DE VAUGIRARD,M,"48,8411190","2,3066630",75,2019,50.0,1.0,1.0,4.0,2268717,10.0,3,4,2,1.0,,3.0,3,1986.0,A01,138Â 200Â 787,8.0,0.0,-1.0,1731703,2.0,7,,0.0,1.0,2.0,A01,138Â 200Â 787,1.0
1014475,201900056006,3,27,08:15,1,2,3,1.0,6.0,75115,RUE DE VAUGIRARD,M,"48,8411190","2,3066630",75,2019,50.0,1.0,1.0,4.0,2268718,1.0,1,1,2,1.0,,0.0,0,1972.0,A01,138Â 200Â 787,8.0,0.0,-1.0,1731703,2.0,7,,0.0,1.0,2.0,A01,138Â 200Â 787,1.0
1014476,201900056007,3,27,08:40,1,2,3,1.0,6.0,75115,RUE D ORADOUR SUR GLANE,M,"48,8304800","2,2848990",75,2019,50.0,1.0,1.0,4.0,2268719,1.0,1,1,1,1.0,,0.0,0,1983.0,A01,138Â 200Â 786,8.0,0.0,-1.0,1731704,2.0,7,,0.0,1.0,1.0,A01,138Â 200Â 786,1.0
1014476,201900056007,3,27,08:40,1,2,3,1.0,6.0,75115,RUE D ORADOUR SUR GLANE,M,"48,8304800","2,2848990",75,2019,50.0,1.0,1.0,4.0,2268720,10.0,3,4,2,1.0,,4.0,3,1977.0,A01,138Â 200Â 786,8.0,0.0,-1.0,1731704,2.0,7,,0.0,1.0,1.0,A01,138Â 200Â 786,1.0
1014477,201900056008,3,25,23:40,5,2,1,1.0,3.0,75115,RUE JEAN REY,M,"48,8553510","2,2910260",75,2019,50.0,1.0,1.0,4.0,2268721,1.0,1,1,1,5.0,,0.0,0,1994.0,B01,138Â 200Â 784,1.0,0.0,-1.0,1731705,1.0,7,,0.0,2.0,2.0,B01,138Â 200Â 784,1.0
1014477,201900056008,3,25,23:40,5,2,1,1.0,3.0,75115,RUE JEAN REY,M,"48,8553510","2,2910260",75,2019,50.0,1.0,1.0,4.0,2268721,1.0,1,1,1,5.0,,0.0,0,1994.0,B01,138Â 200Â 784,1.0,0.0,-1.0,1731706,2.0,2,,0.0,2.0,1.0,Z01,138Â 200Â 785,1.0
1014477,201900056008,3,25,23:40,5,2,1,1.0,3.0,75115,RUE JEAN REY,M,"48,8553510","2,2910260",75,2019,50.0,1.0,1.0,4.0,2268722,2.0,2,4,1,5.0,,0.0,0,1996.0,Z01,138Â 200Â 785,8.0,0.0,-1.0,1731705,1.0,7,,0.0,2.0,2.0,B01,138Â 200Â 784,1.0
1014477,201900056008,3,25,23:40,5,2,1,1.0,3.0,75115,RUE JEAN REY,M,"48,8553510","2,2910260",75,2019,50.0,1.0,1.0,4.0,2268722,2.0,2,4,1,5.0,,0.0,0,1996.0,Z01,138Â 200Â 785,8.0,0.0,-1.0,1731706,2.0,2,,0.0,2.0,1.0,Z01,138Â 200Â 785,1.0
1014477,201900056008,3,25,23:40,5,2,1,1.0,3.0,75115,RUE JEAN REY,M,"48,8553510","2,2910260",75,2019,50.0,1.0,1.0,4.0,2268723,1.0,1,4,1,5.0,,0.0,0,1995.0,Z01,138Â 200Â 785,2.0,6.0,0.0,1731705,1.0,7,,0.0,2.0,2.0,B01,138Â 200Â 784,1.0
1014477,201900056008,3,25,23:40,5,2,1,1.0,3.0,75115,RUE JEAN REY,M,"48,8553510","2,2910260",75,2019,50.0,1.0,1.0,4.0,2268723,1.0,1,4,1,5.0,,0.0,0,1995.0,Z01,138Â 200Â 785,2.0,6.0,0.0,1731706,2.0,2,,0.0,2.0,1.0,Z01,138Â 200Â 785,1.0
1014478,201900056009,3,27,15:20,1,2,3,1.0,6.0,75114,AVENUE DU MAINE,M,"48,8302650","2,3258830",75,2019,50.0,1.0,1.0,4.0,2268724,1.0,1,1,1,5.0,,0.0,0,1954.0,A01,138Â 200Â 783,1.0,0.0,-1.0,1731707,1.0,7,,1.0,1.0,3.0,A01,138Â 200Â 783,1.0
1014478,201900056009,3,27,15:20,1,2,3,1.0,6.0,75114,AVENUE DU MAINE,M,"48,8302650","2,3258830",75,2019,50.0,1.0,1.0,4.0,2268725,10.0,3,4,2,5.0,,4.0,3,1940.0,A01,138Â 200Â 783,8.0,0.0,-1.0,1731707,1.0,7,,1.0,1.0,3.0,A01,138Â 200Â 783,1.0
1014479,201900056010,3,27,13:30,1,2,2,1.0,6.0,75114,RUE DES PLANTES,M,"48,8275980","2,3209910",75,2019,30.0,1.0,1.0,4.0,2268726,10.0,3,3,2,5.0,,4.0,3,1928.0,A01,138Â 200Â 782,8.0,0.0,-1.0,1731708,1.0,10,,0.0,1.0,4.0,A01,138Â 200Â 782,6.0
1014479,201900056010,3,27,13:30,1,2,2,1.0,6.0,75114,RUE DES PLANTES,M,"48,8275980","2,3209910",75,2019,30.0,1.0,1.0,4.0,2268727,1.0,1,1,1,4.0,,0.0,0,1979.0,A01,138Â 200Â 782,1.0,0.0,-1.0,1731708,1.0,10,,0.0,1.0,4.0,A01,138Â 200Â 782,6.0
1014480,201900056011,3,27,20:15,5,2,5,1.0,3.0,75105,AVENUE DES GOBELINS,M,"48,8368010","2,3518630",75,2019,50.0,1.0,1.0,4.0,2268728,2.0,2,4,2,5.0,,0.0,0,1993.0,A01,138Â 200Â 780,2.0,0.0,-1.0,1731709,2.0,33,,0.0,2.0,2.0,A01,138Â 200Â 780,1.0
1014480,201900056011,3,27,20:15,5,2,5,1.0,3.0,75105,AVENUE DES GOBELINS,M,"48,8368010","2,3518630",75,2019,50.0,1.0,1.0,4.0,2268728,2.0,2,4,2,5.0,,0.0,0,1993.0,A01,138Â 200Â 780,2.0,0.0,-1.0,1731710,2.0,7,,0.0,2.0,3.0,B01,138Â 200Â 781,1.0
1014480,201900056011,3,27,20:15,5,2,5,1.0,3.0,75105,AVENUE DES GOBELINS,M,"48,8368010","2,3518630",75,2019,50.0,1.0,1.0,4.0,2268729,1.0,1,1,1,5.0,,0.0,0,1992.0,A01,138Â 200Â 780,2.0,0.0,-1.0,1731709,2.0,33,,0.0,2.0,2.0,A01,138Â 200Â 780,1.0
1014480,201900056011,3,27,20:15,5,2,5,1.0,3.0,75105,AVENUE DES GOBELINS,M,"48,8368010","2,3518630",75,2019,50.0,1.0,1.0,4.0,2268729,1.0,1,1,1,5.0,,0.0,0,1992.0,A01,138Â 200Â 780,2.0,0.0,-1.0,1731710,2.0,7,,0.0,2.0,3.0,B01,138Â 200Â 781,1.0
1014480,201900056011,3,27,20:15,5,2,5,1.0,3.0,75105,AVENUE DES GOBELINS,M,"48,8368010","2,3518630",75,2019,50.0,1.0,1.0,4.0,2268730,1.0,1,1,1,0.0,,0.0,0,1979.0,B01,138Â 200Â 781,1.0,0.0,-1.0,1731709,2.0,33,,0.0,2.0,2.0,A01,138Â 200Â 780,1.0
1014480,201900056011,3,27,20:15,5,2,5,1.0,3.0,75105,AVENUE DES GOBELINS,M,"48,8368010","2,3518630",75,2019,50.0,1.0,1.0,4.0,2268730,1.0,1,1,1,0.0,,0.0,0,1979.0,B01,138Â 200Â 781,1.0,0.0,-1.0,1731710,2.0,7,,0.0,2.0,3.0,B01,138Â 200Â 781,1.0
1014481,201900056012,3,27,00:48,5,2,3,1.0,7.0,75113,RUE NEUVE TOLBIAC,M,"48,8310420","2,3776020",75,2019,50.0,1.0,1.0,4.0,2268731,2.0,2,1,1,0.0,,0.0,0,1982.0,A01,138Â 200Â 779,1.0,0.0,-1.0,1731711,2.0,7,,7.0,0.0,1.0,A01,138Â 200Â 779,1.0
1014481,201900056012,3,27,00:48,5,2,3,1.0,7.0,75113,RUE NEUVE TOLBIAC,M,"48,8310420","2,3776020",75,2019,50.0,1.0,1.0,4.0,2268732,1.0,1,4,1,0.0,,0.0,0,1984.0,A01,138Â 200Â 779,1.0,0.0,-1.0,1731711,2.0,7,,7.0,0.0,1.0,A01,138Â 200Â 779,1.0
1014482,201900056013,3,27,10:20,1,2,1,1.0,3.0,75112,AVENUE DES TERROIRS DE FRANCE,M,"48,8309670","2,3871830",75,2019,50.0,1.0,1.0,4.0,2268733,1.0,1,4,2,4.0,,0.0,0,1969.0,A01,138Â 200Â 777,2.0,6.0,-1.0,1731712,1.0,31,,0.0,2.0,1.0,A01,138Â 200Â 777,1.0
1014482,201900056013,3,27,10:20,1,2,1,1.0,3.0,75112,AVENUE DES TERROIRS DE FRANCE,M,"48,8309670","2,3871830",75,2019,50.0,1.0,1.0,4.0,2268733,1.0,1,4,2,4.0,,0.0,0,1969.0,A01,138Â 200Â 777,2.0,6.0,-1.0,1731713,1.0,37,1.0,0.0,2.0,7.0,B01,138Â 200Â 778,4.0
1014482,201900056013,3,27,10:20,1,2,1,1.0,3.0,75112,AVENUE DES TERROIRS DE FRANCE,M,"48,8309670","2,3871830",75,2019,50.0,1.0,1.0,4.0,2268734,1.0,1,1,1,4.0,,0.0,0,1974.0,B01,138Â 200Â 778,1.0,8.0,-1.0,1731712,1.0,31,,0.0,2.0,1.0,A01,138Â 200Â 777,1.0
1014482,201900056013,3,27,10:20,1,2,1,1.0,3.0,75112,AVENUE DES TERROIRS DE FRANCE,M,"48,8309670","2,3871830",75,2019,50.0,1.0,1.0,4.0,2268734,1.0,1,1,1,4.0,,0.0,0,1974.0,B01,138Â 200Â 778,1.0,8.0,-1.0,1731713,1.0,37,1.0,0.0,2.0,7.0,B01,138Â 200Â 778,4.0
1014483,201900056014,3,27,08:20,1,2,1,1.0,3.0,75112,QUAI DE LA RAPEE,M,"48,8415960","2,3726130",75,2019,50.0,1.0,1.0,4.0,2268735,1.0,1,1,2,1.0,,0.0,0,1971.0,A01,138Â 200Â 775,1.0,0.0,-1.0,1731714,1.0,7,,0.0,2.0,3.0,A01,138Â 200Â 775,1.0
1014483,201900056014,3,27,08:20,1,2,1,1.0,3.0,75112,QUAI DE LA RAPEE,M,"48,8415960","2,3726130",75,2019,50.0,1.0,1.0,4.0,2268735,1.0,1,1,2,1.0,,0.0,0,1971.0,A01,138Â 200Â 775,1.0,0.0,-1.0,1731715,1.0,32,,0.0,2.0,5.0,B01,138Â 200Â 776,1.0
1014483,201900056014,3,27,08:20,1,2,1,1.0,3.0,75112,QUAI DE LA RAPEE,M,"48,8415960","2,3726130",75,2019,50.0,1.0,1.0,4.0,2268736,1.0,1,4,1,1.0,,0.0,0,1986.0,B01,138Â 200Â 776,2.0,6.0,-1.0,1731714,1.0,7,,0.0,2.0,3.0,A01,138Â 200Â 775,1.0
1014483,201900056014,3,27,08:20,1,2,1,1.0,3.0,75112,QUAI DE LA RAPEE,M,"48,8415960","2,3726130",75,2019,50.0,1.0,1.0,4.0,2268736,1.0,1,4,1,1.0,,0.0,0,1986.0,B01,138Â 200Â 776,2.0,6.0,-1.0,1731715,1.0,32,,0.0,2.0,5.0,B01,138Â 200Â 776,1.0
1014484,201900056015,3,27,10:10,1,2,2,1.0,3.0,75107,AVENUE DE TOURVILLE,M,"48,8539570","2,3095310",75,2019,50.0,1.0,1.0,4.0,2268737,1.0,1,4,1,5.0,,0.0,0,1934.0,A01,138Â 200Â 773,8.0,0.0,-1.0,1731716,1.0,1,,0.0,2.0,1.0,A01,138Â 200Â 773,5.0
1014484,201900056015,3,27,10:10,1,2,2,1.0,3.0,75107,AVENUE DE TOURVILLE,M,"48,8539570","2,3095310",75,2019,50.0,1.0,1.0,4.0,2268737,1.0,1,4,1,5.0,,0.0,0,1934.0,A01,138Â 200Â 773,8.0,0.0,-1.0,1731717,2.0,33,,0.0,2.0,1.0,B01,138Â 200Â 774,1.0
1014484,201900056015,3,27,10:10,1,2,2,1.0,3.0,75107,AVENUE DE TOURVILLE,M,"48,8539570","2,3095310",75,2019,50.0,1.0,1.0,4.0,2268738,1.0,1,1,1,0.0,,0.0,0,1984.0,B01,138Â 200Â 774,2.0,6.0,-1.0,1731716,1.0,1,,0.0,2.0,1.0,A01,138Â 200Â 773,5.0
1014484,201900056015,3,27,10:10,1,2,2,1.0,3.0,75107,AVENUE DE TOURVILLE,M,"48,8539570","2,3095310",75,2019,50.0,1.0,1.0,4.0,2268738,1.0,1,1,1,0.0,,0.0,0,1984.0,B01,138Â 200Â 774,2.0,6.0,-1.0,1731717,2.0,33,,0.0,2.0,1.0,B01,138Â 200Â 774,1.0
1014485,201900056016,3,26,12:45,1,2,3,1.0,7.0,75103,RUE DUPETIT THOUARS,M,"48,8655320","2,3614460",75,2019,30.0,1.0,1.0,4.0,2268739,1.0,1,4,1,1.0,,0.0,0,1960.0,A01,138Â 200Â 772,2.0,6.0,-1.0,1731718,2.0,43,,1.0,2.0,5.0,A01,138Â 200Â 772,1.0
1014486,201900056017,3,26,01:40,5,2,3,1.0,6.0,75101,RUE DE RIVOLI,M,"48,8643960","2,3301100",75,2019,50.0,1.0,1.0,4.0,2268740,1.0,1,4,1,5.0,,0.0,0,1979.0,A01,138Â 200Â 771,2.0,6.0,-1.0,1731719,1.0,31,,12.0,0.0,8.0,A01,138Â 200Â 771,1.0
1014486,201900056017,3,26,01:40,5,2,3,1.0,6.0,75101,RUE DE RIVOLI,M,"48,8643960","2,3301100",75,2019,50.0,1.0,1.0,4.0,2268741,2.0,2,4,1,0.0,,0.0,0,1978.0,A01,138Â 200Â 771,2.0,6.0,-1.0,1731719,1.0,31,,12.0,0.0,8.0,A01,138Â 200Â 771,1.0
1014487,201900056018,3,25,10:00,1,2,4,1.0,6.0,75101,RUE CROIX DES PETITS CHAMPS,M,"48,8647390","2,3404410",75,2019,50.0,1.0,1.0,4.0,2268742,1.0,1,4,1,1.0,,0.0,0,1981.0,A01,138Â 200Â 770,2.0,6.0,-1.0,1731720,1.0,32,,0.0,1.0,1.0,A01,138Â 200Â 770,1.0
1014487,201900056018,3,25,10:00,1,2,4,1.0,6.0,75101,RUE CROIX DES PETITS CHAMPS,M,"48,8647390","2,3404410",75,2019,50.0,1.0,1.0,4.0,2268743,10.0,3,4,2,1.0,,4.0,3,1992.0,A01,138Â 200Â 770,8.0,0.0,-1.0,1731720,1.0,32,,0.0,1.0,1.0,A01,138Â 200Â 770,1.0
1014488,201900056019,3,27,20:55,5,2,1,1.0,3.0,94041,PAUL VAILLANT COUTURIER (BD),M,"48,8170100","2,3992800",94,2019,50.0,1.0,1.0,3.0,2268744,1.0,1,4,1,9.0,,0.0,0,1998.0,A01,138Â 200Â 768,2.0,6.0,-1.0,1731721,1.0,34,,0.0,2.0,1.0,A01,138Â 200Â 768,1.0
1014488,201900056019,3,27,20:55,5,2,1,1.0,3.0,94041,PAUL VAILLANT COUTURIER (BD),M,"48,8170100","2,3992800",94,2019,50.0,1.0,1.0,3.0,2268744,1.0,1,4,1,9.0,,0.0,0,1998.0,A01,138Â 200Â 768,2.0,6.0,-1.0,1731722,1.0,7,,0.0,2.0,3.0,B01,138Â 200Â 769,1.0
1014488,201900056019,3,27,20:55,5,2,1,1.0,3.0,94041,PAUL VAILLANT COUTURIER (BD),M,"48,8170100","2,3992800",94,2019,50.0,1.0,1.0,3.0,2268745,1.0,1,1,1,5.0,,0.0,0,1988.0,B01,138Â 200Â 769,1.0,0.0,-1.0,1731721,1.0,34,,0.0,2.0,1.0,A01,138Â 200Â 768,1.0
1014488,201900056019,3,27,20:55,5,2,1,1.0,3.0,94041,PAUL VAILLANT COUTURIER (BD),M,"48,8170100","2,3992800",94,2019,50.0,1.0,1.0,3.0,2268745,1.0,1,1,1,5.0,,0.0,0,1988.0,B01,138Â 200Â 769,1.0,0.0,-1.0,1731722,1.0,7,,0.0,2.0,3.0,B01,138Â 200Â 769,1.0
1014489,201900056020,3,27,15:20,1,2,3,1.0,3.0,94021,BOULEVARD CIRCULAIRE,M,"48,7688200","2,3519300",94,2019,60.0,1.0,1.0,4.0,2268746,1.0,1,4,1,5.0,,-1.0, -1,1955.0,B01,138Â 200Â 766,8.0,8.0,-1.0,1731723,3.0,1,,0.0,2.0,4.0,B01,138Â 200Â 766,5.0
1014489,201900056020,3,27,15:20,1,2,3,1.0,3.0,94021,BOULEVARD CIRCULAIRE,M,"48,7688200","2,3519300",94,2019,60.0,1.0,1.0,4.0,2268746,1.0,1,4,1,5.0,,-1.0, -1,1955.0,B01,138Â 200Â 766,8.0,8.0,-1.0,1731724,3.0,7,,0.0,2.0,3.0,A01,138Â 200Â 767,1.0
1014489,201900056020,3,27,15:20,1,2,3,1.0,3.0,94021,BOULEVARD CIRCULAIRE,M,"48,7688200","2,3519300",94,2019,60.0,1.0,1.0,4.0,2268747,1.0,1,1,1,1.0,,-1.0,0,1965.0,A01,138Â 200Â 767,8.0,0.0,-1.0,1731723,3.0,1,,0.0,2.0,4.0,B01,138Â 200Â 766,5.0
1014489,201900056020,3,27,15:20,1,2,3,1.0,3.0,94021,BOULEVARD CIRCULAIRE,M,"48,7688200","2,3519300",94,2019,60.0,1.0,1.0,4.0,2268747,1.0,1,1,1,1.0,,-1.0,0,1965.0,A01,138Â 200Â 767,8.0,0.0,-1.0,1731724,3.0,7,,0.0,2.0,3.0,A01,138Â 200Â 767,1.0
1014490,201900056021,3,27,07:55,1,2,1,1.0,3.0,94044,ROGER SALENGRO (R),M,"48,7514400","2,4895600",94,2019,30.0,1.0,1.0,3.0,2268748,1.0,1,4,1,1.0,,-1.0, -1,1991.0,B01,138Â 200Â 764,2.0,0.0,-1.0,1731725,2.0,33,,0.0,2.0,5.0,B01,138Â 200Â 764,1.0
1014490,201900056021,3,27,07:55,1,2,1,1.0,3.0,94044,ROGER SALENGRO (R),M,"48,7514400","2,4895600",94,2019,30.0,1.0,1.0,3.0,2268748,1.0,1,4,1,1.0,,-1.0, -1,1991.0,B01,138Â 200Â 764,2.0,0.0,-1.0,1731726,1.0,7,,0.0,2.0,1.0,A01,138Â 200Â 765,1.0
1014490,201900056021,3,27,07:55,1,2,1,1.0,3.0,94044,ROGER SALENGRO (R),M,"48,7514400","2,4895600",94,2019,30.0,1.0,1.0,3.0,2268749,1.0,1,1,2,1.0,,-1.0, -1,1995.0,A01,138Â 200Â 765,1.0,0.0,-1.0,1731725,2.0,33,,0.0,2.0,5.0,B01,138Â 200Â 764,1.0
1014490,201900056021,3,27,07:55,1,2,1,1.0,3.0,94044,ROGER SALENGRO (R),M,"48,7514400","2,4895600",94,2019,30.0,1.0,1.0,3.0,2268749,1.0,1,1,2,1.0,,-1.0, -1,1995.0,A01,138Â 200Â 765,1.0,0.0,-1.0,1731726,1.0,7,,0.0,2.0,1.0,A01,138Â 200Â 765,1.0
1014491,201900056022,3,26,08:30,1,2,1,1.0,6.0,94002,PORT A L ANGLAIS (R DU),M,"48,8056700","2,4150500",94,2019,50.0,1.0,1.0,4.0,2268750,10.0,3,3,2,0.0,,3.0,3,1961.0,A01,138Â 200Â 763,8.0,0.0,-1.0,1731727,1.0,7,,0.0,1.0,2.0,A01,138Â 200Â 763,1.0
1014491,201900056022,3,26,08:30,1,2,1,1.0,6.0,94002,PORT A L ANGLAIS (R DU),M,"48,8056700","2,4150500",94,2019,50.0,1.0,1.0,4.0,2268751,1.0,1,1,1,1.0,,0.0,0,1998.0,A01,138Â 200Â 763,1.0,0.0,-1.0,1731727,1.0,7,,0.0,1.0,2.0,A01,138Â 200Â 763,1.0
1014492,201900056023,3,25,09:58,1,2,1,1.0,6.0,93039,MECHIN,M,"48,9357460","2,3394870",93,2019,30.0,1.0,1.0,3.0,2268752,10.0,3,4,1,2.0,,4.0,3,2010.0,A01,138Â 200Â 762,8.0,8.0,-1.0,1731728,2.0,7,,0.0,1.0,1.0,A01,138Â 200Â 762,1.0
1014492,201900056023,3,25,09:58,1,2,1,1.0,6.0,93039,MECHIN,M,"48,9357460","2,3394870",93,2019,30.0,1.0,1.0,3.0,2268753,1.0,1,1,2,0.0,,-1.0, -1,1987.0,A01,138Â 200Â 762,1.0,0.0,-1.0,1731728,2.0,7,,0.0,1.0,1.0,A01,138Â 200Â 762,1.0
1014493,201900056024,3,27,10:10,1,2,1,1.0,6.0,93064,BLUM (RUE LEON),M,"48,8857100","2,4763900",93,2019,30.0,1.0,1.0,3.0,2268754,10.0,3,4,1,0.0,,4.0,3,1941.0,A01,138Â 200Â 761,0.0,0.0,-1.0,1731729,0.0,14,,0.0,1.0,6.0,A01,138Â 200Â 761,6.0
1014493,201900056024,3,27,10:10,1,2,1,1.0,6.0,93064,BLUM (RUE LEON),M,"48,8857100","2,4763900",93,2019,30.0,1.0,1.0,3.0,2268755,1.0,1,1,1,4.0,,-1.0, -1,1976.0,A01,138Â 200Â 761,1.0,0.0,-1.0,1731729,0.0,14,,0.0,1.0,6.0,A01,138Â 200Â 761,6.0
1014494,201900056025,3,27,08:30,1,2,1,1.0,6.0,93055,GENERAL LECLERC(AVE DU)(43/87 ET 78/120),M,"48,8966700","2,4023200",93,2019,50.0,2.0,1.0,3.0,2268756,1.0,1,1,2,0.0,,-1.0, -1,1967.0,A01,138Â 200Â 760,1.0,0.0,-1.0,1731730,1.0,7,,0.0,1.0,1.0,A01,138Â 200Â 760,1.0
1014494,201900056025,3,27,08:30,1,2,1,1.0,6.0,93055,GENERAL LECLERC(AVE DU)(43/87 ET 78/120),M,"48,8966700","2,4023200",93,2019,50.0,2.0,1.0,3.0,2268757,10.0,3,4,1,2.0,,4.0,3,1995.0,A01,138Â 200Â 760,8.0,0.0,-1.0,1731730,1.0,7,,0.0,1.0,1.0,A01,138Â 200Â 760,1.0
1014495,201900056026,3,27,14:30,1,2,1,1.0,6.0,93048,LAGNY (RUE DE),M,"48,8492310","2,4212410",93,2019,50.0,1.0,1.0,3.0,2268758,1.0,1,4,1,0.0,,-1.0, -1,1983.0,B01,138Â 200Â 758,2.0,0.0,-1.0,1731731,3.0,1,,1.0,0.0,1.0,B01,138Â 200Â 758,5.0
1014495,201900056026,3,27,14:30,1,2,1,1.0,6.0,93048,LAGNY (RUE DE),M,"48,8492310","2,4212410",93,2019,50.0,1.0,1.0,3.0,2268758,1.0,1,4,1,0.0,,-1.0, -1,1983.0,B01,138Â 200Â 758,2.0,0.0,-1.0,1731732,3.0,7,,0.0,0.0,0.0,A01,138Â 200Â 759,1.0
1014495,201900056026,3,27,14:30,1,2,1,1.0,6.0,93048,LAGNY (RUE DE),M,"48,8492310","2,4212410",93,2019,50.0,1.0,1.0,3.0,2268759,1.0,1,1,2,0.0,,-1.0, -1,1979.0,A01,138Â 200Â 759,8.0,0.0,-1.0,1731731,3.0,1,,1.0,0.0,1.0,B01,138Â 200Â 758,5.0
1014495,201900056026,3,27,14:30,1,2,1,1.0,6.0,93048,LAGNY (RUE DE),M,"48,8492310","2,4212410",93,2019,50.0,1.0,1.0,3.0,2268759,1.0,1,1,2,0.0,,-1.0, -1,1979.0,A01,138Â 200Â 759,8.0,0.0,-1.0,1731732,3.0,7,,0.0,0.0,0.0,A01,138Â 200Â 759,1.0
1014496,201900056027,3,26,15:30,1,2,9,1.0,1.0,93061,SEMANAZ JEAN-BAPTISTE RUE,M,"48,8847180","2,4013370",93,2019,50.0,1.0,1.0,4.0,2268760,10.0,3,4,2,5.0,,4.0,3,1952.0,A01,138Â 200Â 756,8.0,0.0,-1.0,1731733,1.0,7,,0.0,6.0,1.0,A01,138Â 200Â 756,0.0
1014496,201900056027,3,26,15:30,1,2,9,1.0,1.0,93061,SEMANAZ JEAN-BAPTISTE RUE,M,"48,8847180","2,4013370",93,2019,50.0,1.0,1.0,4.0,2268760,10.0,3,4,2,5.0,,4.0,3,1952.0,A01,138Â 200Â 756,8.0,0.0,-1.0,1731734,1.0,1,,0.0,2.0,1.0,B01,138Â 200Â 757,0.0
1014496,201900056027,3,26,15:30,1,2,9,1.0,1.0,93061,SEMANAZ JEAN-BAPTISTE RUE,M,"48,8847180","2,4013370",93,2019,50.0,1.0,1.0,4.0,2268761,1.0,1,4,1,0.0,,-1.0, -1,2005.0,B01,138Â 200Â 757,8.0,0.0,-1.0,1731733,1.0,7,,0.0,6.0,1.0,A01,138Â 200Â 756,0.0
1014496,201900056027,3,26,15:30,1,2,9,1.0,1.0,93061,SEMANAZ JEAN-BAPTISTE RUE,M,"48,8847180","2,4013370",93,2019,50.0,1.0,1.0,4.0,2268761,1.0,1,4,1,0.0,,-1.0, -1,2005.0,B01,138Â 200Â 757,8.0,0.0,-1.0,1731734,1.0,1,,0.0,2.0,1.0,B01,138Â 200Â 757,0.0
1014497,201900056028,3,27,21:00,3,2,9,1.0,6.0,93014,ANATOLE FRANCE (ALLEE),M,"48,9062400","2,5556200",93,2019,30.0,1.0,1.0,9.0,2268762,1.0,1,1,1,0.0,,-1.0, -1,1997.0,A01,138Â 200Â 755,1.0,0.0,-1.0,1731735,0.0,13,,0.0,1.0,4.0,A01,138Â 200Â 755,1.0
1014497,201900056028,3,27,21:00,3,2,9,1.0,6.0,93014,ANATOLE FRANCE (ALLEE),M,"48,9062400","2,5556200",93,2019,30.0,1.0,1.0,9.0,2268763,10.0,3,4,2,1.0,,9.0,B,2001.0,A01,138Â 200Â 755,8.0,0.0,-1.0,1731735,0.0,13,,0.0,1.0,4.0,A01,138Â 200Â 755,1.0
1014498,201900056029,3,27,17:50,1,2,6,1.0,6.0,93010,SALENGRO (RUE ROGER) 1 A 25,M,"48,9014290","2,4789690",93,2019,50.0,1.0,1.0,9.0,2268764,1.0,1,4,2,0.0,,-1.0, -1,1990.0,A01,138Â 200Â 754,8.0,0.0,-1.0,1731736,1.0,7,,0.0,2.0,4.0,A01,138Â 200Â 754,0.0
1014498,201900056029,3,27,17:50,1,2,6,1.0,6.0,93010,SALENGRO (RUE ROGER) 1 A 25,M,"48,9014290","2,4789690",93,2019,50.0,1.0,1.0,9.0,2268765,3.0,2,4,1,0.0,,-1.0, -1,2017.0,A01,138Â 200Â 754,3.0,0.0,-1.0,1731736,1.0,7,,0.0,2.0,4.0,A01,138Â 200Â 754,0.0
1014499,201900056030,3,26,20:40,5,2,1,1.0,7.0,92063,DOUMER (AVENUE PAUL) NORD,M,"48,8824286","2,1875471",92,2019,50.0,1.0,1.0,3.0,2268766,1.0,1,4,1,5.0,,-1.0,0,1990.0,A01,138Â 200Â 753,2.0,8.0,-1.0,1731737,1.0,34,,0.0,0.0,8.0,A01,138Â 200Â 753,1.0