Unnamed: 0_x,num_acc,mois,jour,hrmn,lum,agg,int,atm,col,com,adr,gps,lat,long,dep,annee,vma,situ,surf,catr,Unnamed: 0_y,place,catu,grav,sexe,trajet,secu,locp,actp,an_nais,num_veh_x,id_vehicule_x,secu1,secu2,secu3,Unnamed: 0,senc,catv,occutc,obs,obsm,choc,num_veh_y,id_vehicule_y,motor
1014500,201900056031,3,15,16:15,1,2,3,1.0,6.0,92050,REPUBLIQUE AVENUE DE LA,M,"48,9145800","2,2290900",92,2019,50.0,1.0,1.0,3.0,2268767,2.0,2,4,2,5.0,,0.0,0,1986.0,B01,138Â 200Â 751,1.0,5.0,-1.0,1731738,1.0,7,,0.0,2.0,8.0,B01,138Â 200Â 751,1.0
1014500,201900056031,3,15,16:15,1,2,3,1.0,6.0,92050,REPUBLIQUE AVENUE DE LA,M,"48,9145800","2,2290900",92,2019,50.0,1.0,1.0,3.0,2268767,2.0,2,4,2,5.0,,0.0,0,1986.0,B01,138Â 200Â 751,1.0,5.0,-1.0,1731739,1.0,13,,0.0,2.0,2.0,A01,138Â 200Â 752,1.0
1014500,201900056031,3,15,16:15,1,2,3,1.0,6.0,92050,REPUBLIQUE AVENUE DE LA,M,"48,9145800","2,2290900",92,2019,50.0,1.0,1.0,3.0,2268768,1.0,1,1,1,5.0,,0.0,0,1979.0,B01,138Â 200Â 751,1.0,5.0,-1.0,1731738,1.0,7,,0.0,2.0,8.0,B01,138Â 200Â 751,1.0
1014500,201900056031,3,15,16:15,1,2,3,1.0,6.0,92050,REPUBLIQUE AVENUE DE LA,M,"48,9145800","2,2290900",92,2019,50.0,1.0,1.0,3.0,2268768,1.0,1,1,1,5.0,,0.0,0,1979.0,B01,138Â 200Â 751,1.0,5.0,-1.0,1731739,1.0,13,,0.0,2.0,2.0,A01,138Â 200Â 752,1.0
1014500,201900056031,3,15,16:15,1,2,3,1.0,6.0,92050,REPUBLIQUE AVENUE DE LA,M,"48,9145800","2,2290900",92,2019,50.0,1.0,1.0,3.0,2268769,1.0,1,1,1,4.0,,0.0,0,1979.0,A01,138Â 200Â 752,1.0,0.0,-1.0,1731738,1.0,7,,0.0,2.0,8.0,B01,138Â 200Â 751,1.0
1014500,201900056031,3,15,16:15,1,2,3,1.0,6.0,92050,REPUBLIQUE AVENUE DE LA,M,"48,9145800","2,2290900",92,2019,50.0,1.0,1.0,3.0,2268769,1.0,1,1,1,4.0,,0.0,0,1979.0,A01,138Â 200Â 752,1.0,0.0,-1.0,1731739,1.0,13,,0.0,2.0,2.0,A01,138Â 200Â 752,1.0
1014501,201900056032,1,25,11:06,1,2,9,2.0,6.0,92060,PAUL LANGEVIN (AVENUE) (RD 2),M,"48,7833990","2,2533370",92,2019,50.0,1.0,2.0,3.0,2268770,10.0,3,4,1,4.0,,3.0,3,1996.0,A01,138Â 200Â 750,8.0,0.0,-1.0,1731740,1.0,10,,0.0,1.0,1.0,A01,138Â 200Â 750,1.0
1014501,201900056032,1,25,11:06,1,2,9,2.0,6.0,92060,PAUL LANGEVIN (AVENUE) (RD 2),M,"48,7833990","2,2533370",92,2019,50.0,1.0,2.0,3.0,2268771,1.0,1,1,1,4.0,,-1.0,0,1987.0,A01,138Â 200Â 750,1.0,8.0,-1.0,1731740,1.0,10,,0.0,1.0,1.0,A01,138Â 200Â 750,1.0
1014502,201900056033,1,21,17:00,2,2,1,1.0,6.0,92023,DIVISION LECLERC (RUE DE LA),M,"48,7971910","2,2682070",92,2019,30.0,1.0,1.0,4.0,2268772,10.0,3,4,1,9.0,,9.0,B,2007.0,A01,138Â 200Â 749,8.0,8.0,-1.0,1731741,1.0,7,,0.0,1.0,1.0,A01,138Â 200Â 749,1.0
1014502,201900056033,1,21,17:00,2,2,1,1.0,6.0,92023,DIVISION LECLERC (RUE DE LA),M,"48,7971910","2,2682070",92,2019,30.0,1.0,1.0,4.0,2268773,1.0,1,1,2,9.0,,-1.0,0,1947.0,A01,138Â 200Â 749,1.0,8.0,-1.0,1731741,1.0,7,,0.0,1.0,1.0,A01,138Â 200Â 749,1.0
1014503,201900056034,1,19,13:45,1,2,6,1.0,3.0,92023,MARQUIS (PLACE) SANS NÂ° LE NARVAL/ HENRI BARBUSSE (AVENUE),M,"48,8053922","2,2592984",92,2019,30.0,1.0,1.0,3.0,2268774,1.0,1,4,1,5.0,,-1.0,0,1971.0,B01,138Â 200Â 747,2.0,0.0,-1.0,1731742,3.0,33,,0.0,2.0,7.0,B01,138Â 200Â 747,1.0
1014503,201900056034,1,19,13:45,1,2,6,1.0,3.0,92023,MARQUIS (PLACE) SANS NÂ° LE NARVAL/ HENRI BARBUSSE (AVENUE),M,"48,8053922","2,2592984",92,2019,30.0,1.0,1.0,3.0,2268774,1.0,1,4,1,5.0,,-1.0,0,1971.0,B01,138Â 200Â 747,2.0,0.0,-1.0,1731743,3.0,7,,0.0,2.0,3.0,A01,138Â 200Â 748,1.0
1014503,201900056034,1,19,13:45,1,2,6,1.0,3.0,92023,MARQUIS (PLACE) SANS NÂ° LE NARVAL/ HENRI BARBUSSE (AVENUE),M,"48,8053922","2,2592984",92,2019,30.0,1.0,1.0,3.0,2268775,1.0,1,1,1,4.0,,-1.0,0,1963.0,A01,138Â 200Â 748,1.0,0.0,-1.0,1731742,3.0,33,,0.0,2.0,7.0,B01,138Â 200Â 747,1.0
1014503,201900056034,1,19,13:45,1,2,6,1.0,3.0,92023,MARQUIS (PLACE) SANS NÂ° LE NARVAL/ HENRI BARBUSSE (AVENUE),M,"48,8053922","2,2592984",92,2019,30.0,1.0,1.0,3.0,2268775,1.0,1,1,1,4.0,,-1.0,0,1963.0,A01,138Â 200Â 748,1.0,0.0,-1.0,1731743,3.0,7,,0.0,2.0,3.0,A01,138Â 200Â 748,1.0
1014504,201900056035,3,27,09:35,1,2,2,1.0,3.0,92012,JEAN JAURES (BOULEVARD) 217/FIN - 210/FI,M,"48,8279000","2,2467000",92,2019,50.0,1.0,1.0,3.0,2268776,1.0,1,1,2,4.0,,-1.0,0,1988.0,B01,138Â 200Â 745,1.0,0.0,-1.0,1731744,1.0,7,,0.0,2.0,3.0,B01,138Â 200Â 745,1.0
1014504,201900056035,3,27,09:35,1,2,2,1.0,3.0,92012,JEAN JAURES (BOULEVARD) 217/FIN - 210/FI,M,"48,8279000","2,2467000",92,2019,50.0,1.0,1.0,3.0,2268776,1.0,1,1,2,4.0,,-1.0,0,1988.0,B01,138Â 200Â 745,1.0,0.0,-1.0,1731745,1.0,31,,0.0,2.0,1.0,A01,138Â 200Â 746,1.0
1014504,201900056035,3,27,09:35,1,2,2,1.0,3.0,92012,JEAN JAURES (BOULEVARD) 217/FIN - 210/FI,M,"48,8279000","2,2467000",92,2019,50.0,1.0,1.0,3.0,2268777,1.0,1,4,1,4.0,,-1.0,0,1970.0,A01,138Â 200Â 746,2.0,6.0,-1.0,1731744,1.0,7,,0.0,2.0,3.0,B01,138Â 200Â 745,1.0
1014504,201900056035,3,27,09:35,1,2,2,1.0,3.0,92012,JEAN JAURES (BOULEVARD) 217/FIN - 210/FI,M,"48,8279000","2,2467000",92,2019,50.0,1.0,1.0,3.0,2268777,1.0,1,4,1,4.0,,-1.0,0,1970.0,A01,138Â 200Â 746,2.0,6.0,-1.0,1731745,1.0,31,,0.0,2.0,1.0,A01,138Â 200Â 746,1.0
1014505,201900056036,3,27,11:30,1,2,1,1.0,6.0,92002,DIVISION LECLERC (53 A 217 - 58 A 186),M,"48,7449632","2,3033047",92,2019,50.0,1.0,1.0,3.0,2268778,1.0,1,1,1,4.0,,-1.0,0,1998.0,A01,138Â 200Â 744,2.0,8.0,-1.0,1731746,1.0,30,,0.0,1.0,3.0,A01,138Â 200Â 744,1.0
1014505,201900056036,3,27,11:30,1,2,1,1.0,6.0,92002,DIVISION LECLERC (53 A 217 - 58 A 186),M,"48,7449632","2,3033047",92,2019,50.0,1.0,1.0,3.0,2268779,10.0,3,4,2,2.0,,4.0,3,2008.0,A01,138Â 200Â 744,8.0,0.0,-1.0,1731746,1.0,30,,0.0,1.0,3.0,A01,138Â 200Â 744,1.0
1014506,201900056037,3,27,09:50,1,2,1,1.0,6.0,92002,ADOLPHE PAJEAUD (RUE),M,"48,7442923","2,2915533",92,2019,50.0,1.0,1.0,3.0,2268780,1.0,1,1,1,4.0,,-1.0,0,1978.0,A01,138Â 200Â 743,1.0,8.0,-1.0,1731747,2.0,7,,0.0,1.0,2.0,A01,138Â 200Â 743,1.0
1014506,201900056037,3,27,09:50,1,2,1,1.0,6.0,92002,ADOLPHE PAJEAUD (RUE),M,"48,7442923","2,2915533",92,2019,50.0,1.0,1.0,3.0,2268781,10.0,3,4,2,5.0,,1.0,3,1941.0,A01,138Â 200Â 743,8.0,0.0,-1.0,1731747,2.0,7,,0.0,1.0,2.0,A01,138Â 200Â 743,1.0
1014507,201900056038,3,28,09:15,1,1,1,1.0,1.0,24372,d41 route de saint germain du salembre,M,"45,1339650","0,5014060",24,2019,70.0,1.0,1.0,3.0,2268782,1.0,1,1,1,4.0,,0.0,0,1984.0,B01,138Â 200Â 741,1.0,-1.0,-1.0,1731748,3.0,10,,0.0,2.0,3.0,B01,138Â 200Â 741,1.0
1014507,201900056038,3,28,09:15,1,1,1,1.0,1.0,24372,d41 route de saint germain du salembre,M,"45,1339650","0,5014060",24,2019,70.0,1.0,1.0,3.0,2268782,1.0,1,1,1,4.0,,0.0,0,1984.0,B01,138Â 200Â 741,1.0,-1.0,-1.0,1731749,0.0,7,,0.0,2.0,2.0,A01,138Â 200Â 742,1.0
1014507,201900056038,3,28,09:15,1,1,1,1.0,1.0,24372,d41 route de saint germain du salembre,M,"45,1339650","0,5014060",24,2019,70.0,1.0,1.0,3.0,2268783,2.0,2,4,1,4.0,,0.0,0,1975.0,B01,138Â 200Â 741,1.0,-1.0,-1.0,1731748,3.0,10,,0.0,2.0,3.0,B01,138Â 200Â 741,1.0
1014507,201900056038,3,28,09:15,1,1,1,1.0,1.0,24372,d41 route de saint germain du salembre,M,"45,1339650","0,5014060",24,2019,70.0,1.0,1.0,3.0,2268783,2.0,2,4,1,4.0,,0.0,0,1975.0,B01,138Â 200Â 741,1.0,-1.0,-1.0,1731749,0.0,7,,0.0,2.0,2.0,A01,138Â 200Â 742,1.0
1014507,201900056038,3,28,09:15,1,1,1,1.0,1.0,24372,d41 route de saint germain du salembre,M,"45,1339650","0,5014060",24,2019,70.0,1.0,1.0,3.0,2268784,1.0,1,4,1,5.0,,0.0,0,1987.0,A01,138Â 200Â 742,1.0,-1.0,-1.0,1731748,3.0,10,,0.0,2.0,3.0,B01,138Â 200Â 741,1.0
1014507,201900056038,3,28,09:15,1,1,1,1.0,1.0,24372,d41 route de saint germain du salembre,M,"45,1339650","0,5014060",24,2019,70.0,1.0,1.0,3.0,2268784,1.0,1,4,1,5.0,,0.0,0,1987.0,A01,138Â 200Â 742,1.0,-1.0,-1.0,1731749,0.0,7,,0.0,2.0,2.0,A01,138Â 200Â 742,1.0
1014507,201900056038,3,28,09:15,1,1,1,1.0,1.0,24372,d41 route de saint germain du salembre,M,"45,1339650","0,5014060",24,2019,70.0,1.0,1.0,3.0,2268785,2.0,2,4,2,5.0,,0.0,0,2000.0,A01,138Â 200Â 742,1.0,-1.0,-1.0,1731748,3.0,10,,0.0,2.0,3.0,B01,138Â 200Â 741,1.0
1014507,201900056038,3,28,09:15,1,1,1,1.0,1.0,24372,d41 route de saint germain du salembre,M,"45,1339650","0,5014060",24,2019,70.0,1.0,1.0,3.0,2268785,2.0,2,4,2,5.0,,0.0,0,2000.0,A01,138Â 200Â 742,1.0,-1.0,-1.0,1731749,0.0,7,,0.0,2.0,2.0,A01,138Â 200Â 742,1.0
1014508,201900056039,3,27,18:05,1,2,1,1.0,1.0,38336,Chemin de la tour,M,"45,4601450","4,8347050",38,2019,80.0,1.0,1.0,4.0,2268786,2.0,2,4,2,3.0,,0.0,0,1942.0,B01,138Â 200Â 739,1.0,-1.0,-1.0,1731750,0.0,7,,0.0,2.0,3.0,B01,138Â 200Â 739,1.0
1014508,201900056039,3,27,18:05,1,2,1,1.0,1.0,38336,Chemin de la tour,M,"45,4601450","4,8347050",38,2019,80.0,1.0,1.0,4.0,2268786,2.0,2,4,2,3.0,,0.0,0,1942.0,B01,138Â 200Â 739,1.0,-1.0,-1.0,1731751,0.0,7,,0.0,2.0,3.0,A01,138Â 200Â 740,1.0
1014508,201900056039,3,27,18:05,1,2,1,1.0,1.0,38336,Chemin de la tour,M,"45,4601450","4,8347050",38,2019,80.0,1.0,1.0,4.0,2268787,3.0,2,4,2,3.0,,0.0,0,1996.0,B01,138Â 200Â 739,1.0,-1.0,-1.0,1731750,0.0,7,,0.0,2.0,3.0,B01,138Â 200Â 739,1.0
1014508,201900056039,3,27,18:05,1,2,1,1.0,1.0,38336,Chemin de la tour,M,"45,4601450","4,8347050",38,2019,80.0,1.0,1.0,4.0,2268787,3.0,2,4,2,3.0,,0.0,0,1996.0,B01,138Â 200Â 739,1.0,-1.0,-1.0,1731751,0.0,7,,0.0,2.0,3.0,A01,138Â 200Â 740,1.0
1014508,201900056039,3,27,18:05,1,2,1,1.0,1.0,38336,Chemin de la tour,M,"45,4601450","4,8347050",38,2019,80.0,1.0,1.0,4.0,2268788,1.0,1,4,2,3.0,,0.0,0,1969.0,B01,138Â 200Â 739,1.0,-1.0,-1.0,1731750,0.0,7,,0.0,2.0,3.0,B01,138Â 200Â 739,1.0
1014508,201900056039,3,27,18:05,1,2,1,1.0,1.0,38336,Chemin de la tour,M,"45,4601450","4,8347050",38,2019,80.0,1.0,1.0,4.0,2268788,1.0,1,4,2,3.0,,0.0,0,1969.0,B01,138Â 200Â 739,1.0,-1.0,-1.0,1731751,0.0,7,,0.0,2.0,3.0,A01,138Â 200Â 740,1.0
1014508,201900056039,3,27,18:05,1,2,1,1.0,1.0,38336,Chemin de la tour,M,"45,4601450","4,8347050",38,2019,80.0,1.0,1.0,4.0,2268789,1.0,1,4,1,1.0,,0.0,0,1998.0,A01,138Â 200Â 740,1.0,-1.0,-1.0,1731750,0.0,7,,0.0,2.0,3.0,B01,138Â 200Â 739,1.0
1014508,201900056039,3,27,18:05,1,2,1,1.0,1.0,38336,Chemin de la tour,M,"45,4601450","4,8347050",38,2019,80.0,1.0,1.0,4.0,2268789,1.0,1,4,1,1.0,,0.0,0,1998.0,A01,138Â 200Â 740,1.0,-1.0,-1.0,1731751,0.0,7,,0.0,2.0,3.0,A01,138Â 200Â 740,1.0
1014509,201900056040,3,27,15:20,1,2,1,1.0,2.0,84043,27 Avenue des Valayans,M,"44,0066620","4,9424650",84,2019,50.0,1.0,1.0,3.0,2268790,7.0,2,4,1,0.0,,0.0,0,2012.0,B01,138Â 200Â 737,1.0,-1.0,-1.0,1731752,1.0,7,,0.0,0.0,4.0,B01,138Â 200Â 737,0.0
1014509,201900056040,3,27,15:20,1,2,1,1.0,2.0,84043,27 Avenue des Valayans,M,"44,0066620","4,9424650",84,2019,50.0,1.0,1.0,3.0,2268790,7.0,2,4,1,0.0,,0.0,0,2012.0,B01,138Â 200Â 737,1.0,-1.0,-1.0,1731753,1.0,7,,0.0,2.0,1.0,A01,138Â 200Â 738,0.0
1014509,201900056040,3,27,15:20,1,2,1,1.0,2.0,84043,27 Avenue des Valayans,M,"44,0066620","4,9424650",84,2019,50.0,1.0,1.0,3.0,2268791,1.0,1,4,1,0.0,,0.0,0,1982.0,B01,138Â 200Â 737,1.0,-1.0,-1.0,1731752,1.0,7,,0.0,0.0,4.0,B01,138Â 200Â 737,0.0
1014509,201900056040,3,27,15:20,1,2,1,1.0,2.0,84043,27 Avenue des Valayans,M,"44,0066620","4,9424650",84,2019,50.0,1.0,1.0,3.0,2268791,1.0,1,4,1,0.0,,0.0,0,1982.0,B01,138Â 200Â 737,1.0,-1.0,-1.0,1731753,1.0,7,,0.0,2.0,1.0,A01,138Â 200Â 738,0.0
1014509,201900056040,3,27,15:20,1,2,1,1.0,2.0,84043,27 Avenue des Valayans,M,"44,0066620","4,9424650",84,2019,50.0,1.0,1.0,3.0,2268792,1.0,1,3,2,0.0,,0.0,0,1991.0,A01,138Â 200Â 738,0.0,-1.0,-1.0,1731752,1.0,7,,0.0,0.0,4.0,B01,138Â 200Â 737,0.0
1014509,201900056040,3,27,15:20,1,2,1,1.0,2.0,84043,27 Avenue des Valayans,M,"44,0066620","4,9424650",84,2019,50.0,1.0,1.0,3.0,2268792,1.0,1,3,2,0.0,,0.0,0,1991.0,A01,138Â 200Â 738,0.0,-1.0,-1.0,1731753,1.0,7,,0.0,2.0,1.0,A01,138Â 200Â 738,0.0
1014510,201900056041,3,28,09:20,1,1,1,1.0,5.0,83085,RD 54,M,"43,4819110","6,5161110",83,2019,80.0,1.0,1.0,3.0,2268793,1.0,1,1,1,4.0,,0.0,0,1990.0,D01,138Â 200Â 730,1.0,-1.0,-1.0,1731754,1.0,7,,0.0,2.0,4.0,D01,138Â 200Â 730,1.0
1014510,201900056041,3,28,09:20,1,1,1,1.0,5.0,83085,RD 54,M,"43,4819110","6,5161110",83,2019,80.0,1.0,1.0,3.0,2268793,1.0,1,1,1,4.0,,0.0,0,1990.0,D01,138Â 200Â 730,1.0,-1.0,-1.0,1731755,1.0,7,,0.0,2.0,4.0,C01,138Â 200Â 731,1.0
1014510,201900056041,3,28,09:20,1,1,1,1.0,5.0,83085,RD 54,M,"43,4819110","6,5161110",83,2019,80.0,1.0,1.0,3.0,2268793,1.0,1,1,1,4.0,,0.0,0,1990.0,D01,138Â 200Â 730,1.0,-1.0,-1.0,1731756,1.0,7,,0.0,2.0,4.0,B01,138Â 200Â 732,1.0
1014510,201900056041,3,28,09:20,1,1,1,1.0,5.0,83085,RD 54,M,"43,4819110","6,5161110",83,2019,80.0,1.0,1.0,3.0,2268793,1.0,1,1,1,4.0,,0.0,0,1990.0,D01,138Â 200Â 730,1.0,-1.0,-1.0,1731757,1.0,14,,0.0,0.0,4.0,A01,138Â 200Â 733,1.0
1014510,201900056041,3,28,09:20,1,1,1,1.0,5.0,83085,RD 54,M,"43,4819110","6,5161110",83,2019,80.0,1.0,1.0,3.0,2268793,1.0,1,1,1,4.0,,0.0,0,1990.0,D01,138Â 200Â 730,1.0,-1.0,-1.0,1731758,1.0,7,,0.0,2.0,1.0,G01,138Â 200Â 734,1.0
1014510,201900056041,3,28,09:20,1,1,1,1.0,5.0,83085,RD 54,M,"43,4819110","6,5161110",83,2019,80.0,1.0,1.0,3.0,2268793,1.0,1,1,1,4.0,,0.0,0,1990.0,D01,138Â 200Â 730,1.0,-1.0,-1.0,1731759,1.0,7,,0.0,2.0,0.0,F01,138Â 200Â 735,1.0
1014510,201900056041,3,28,09:20,1,1,1,1.0,5.0,83085,RD 54,M,"43,4819110","6,5161110",83,2019,80.0,1.0,1.0,3.0,2268793,1.0,1,1,1,4.0,,0.0,0,1990.0,D01,138Â 200Â 730,1.0,-1.0,-1.0,1731760,1.0,15,,0.0,2.0,1.0,E01,138Â 200Â 736,1.0
1014510,201900056041,3,28,09:20,1,1,1,1.0,5.0,83085,RD 54,M,"43,4819110","6,5161110",83,2019,80.0,1.0,1.0,3.0,2268794,2.0,2,1,1,4.0,,0.0,0,1989.0,D01,138Â 200Â 730,1.0,-1.0,-1.0,1731754,1.0,7,,0.0,2.0,4.0,D01,138Â 200Â 730,1.0
1014510,201900056041,3,28,09:20,1,1,1,1.0,5.0,83085,RD 54,M,"43,4819110","6,5161110",83,2019,80.0,1.0,1.0,3.0,2268794,2.0,2,1,1,4.0,,0.0,0,1989.0,D01,138Â 200Â 730,1.0,-1.0,-1.0,1731755,1.0,7,,0.0,2.0,4.0,C01,138Â 200Â 731,1.0
1014510,201900056041,3,28,09:20,1,1,1,1.0,5.0,83085,RD 54,M,"43,4819110","6,5161110",83,2019,80.0,1.0,1.0,3.0,2268794,2.0,2,1,1,4.0,,0.0,0,1989.0,D01,138Â 200Â 730,1.0,-1.0,-1.0,1731756,1.0,7,,0.0,2.0,4.0,B01,138Â 200Â 732,1.0
1014510,201900056041,3,28,09:20,1,1,1,1.0,5.0,83085,RD 54,M,"43,4819110","6,5161110",83,2019,80.0,1.0,1.0,3.0,2268794,2.0,2,1,1,4.0,,0.0,0,1989.0,D01,138Â 200Â 730,1.0,-1.0,-1.0,1731757,1.0,14,,0.0,0.0,4.0,A01,138Â 200Â 733,1.0
1014510,201900056041,3,28,09:20,1,1,1,1.0,5.0,83085,RD 54,M,"43,4819110","6,5161110",83,2019,80.0,1.0,1.0,3.0,2268794,2.0,2,1,1,4.0,,0.0,0,1989.0,D01,138Â 200Â 730,1.0,-1.0,-1.0,1731758,1.0,7,,0.0,2.0,1.0,G01,138Â 200Â 734,1.0
1014510,201900056041,3,28,09:20,1,1,1,1.0,5.0,83085,RD 54,M,"43,4819110","6,5161110",83,2019,80.0,1.0,1.0,3.0,2268794,2.0,2,1,1,4.0,,0.0,0,1989.0,D01,138Â 200Â 730,1.0,-1.0,-1.0,1731759,1.0,7,,0.0,2.0,0.0,F01,138Â 200Â 735,1.0
1014510,201900056041,3,28,09:20,1,1,1,1.0,5.0,83085,RD 54,M,"43,4819110","6,5161110",83,2019,80.0,1.0,1.0,3.0,2268794,2.0,2,1,1,4.0,,0.0,0,1989.0,D01,138Â 200Â 730,1.0,-1.0,-1.0,1731760,1.0,15,,0.0,2.0,1.0,E01,138Â 200Â 736,1.0
1014510,201900056041,3,28,09:20,1,1,1,1.0,5.0,83085,RD 54,M,"43,4819110","6,5161110",83,2019,80.0,1.0,1.0,3.0,2268795,2.0,2,1,1,4.0,,0.0,0,1989.0,C01,138Â 200Â 731,1.0,-1.0,-1.0,1731754,1.0,7,,0.0,2.0,4.0,D01,138Â 200Â 730,1.0
1014510,201900056041,3,28,09:20,1,1,1,1.0,5.0,83085,RD 54,M,"43,4819110","6,5161110",83,2019,80.0,1.0,1.0,3.0,2268795,2.0,2,1,1,4.0,,0.0,0,1989.0,C01,138Â 200Â 731,1.0,-1.0,-1.0,1731755,1.0,7,,0.0,2.0,4.0,C01,138Â 200Â 731,1.0
1014510,201900056041,3,28,09:20,1,1,1,1.0,5.0,83085,RD 54,M,"43,4819110","6,5161110",83,2019,80.0,1.0,1.0,3.0,2268795,2.0,2,1,1,4.0,,0.0,0,1989.0,C01,138Â 200Â 731,1.0,-1.0,-1.0,1731756,1.0,7,,0.0,2.0,4.0,B01,138Â 200Â 732,1.0
1014510,201900056041,3,28,09:20,1,1,1,1.0,5.0,83085,RD 54,M,"43,4819110","6,5161110",83,2019,80.0,1.0,1.0,3.0,2268795,2.0,2,1,1,4.0,,0.0,0,1989.0,C01,138Â 200Â 731,1.0,-1.0,-1.0,1731757,1.0,14,,0.0,0.0,4.0,A01,138Â 200Â 733,1.0
1014510,201900056041,3,28,09:20,1,1,1,1.0,5.0,83085,RD 54,M,"43,4819110","6,5161110",83,2019,80.0,1.0,1.0,3.0,2268795,2.0,2,1,1,4.0,,0.0,0,1989.0,C01,138Â 200Â 731,1.0,-1.0,-1.0,1731758,1.0,7,,0.0,2.0,1.0,G01,138Â 200Â 734,1.0
1014510,201900056041,3,28,09:20,1,1,1,1.0,5.0,83085,RD 54,M,"43,4819110","6,5161110",83,2019,80.0,1.0,1.0,3.0,2268795,2.0,2,1,1,4.0,,0.0,0,1989.0,C01,138Â 200Â 731,1.0,-1.0,-1.0,1731759,1.0,7,,0.0,2.0,0.0,F01,138Â 200Â 735,1.0
1014510,201900056041,3,28,09:20,1,1,1,1.0,5.0,83085,RD 54,M,"43,4819110","6,5161110",83,2019,80.0,1.0,1.0,3.0,2268795,2.0,2,1,1,4.0,,0.0,0,1989.0,C01,138Â 200Â 731,1.0,-1.0,-1.0,1731760,1.0,15,,0.0,2.0,1.0,E01,138Â 200Â 736,1.0
1014510,201900056041,3,28,09:20,1,1,1,1.0,5.0,83085,RD 54,M,"43,4819110","6,5161110",83,2019,80.0,1.0,1.0,3.0,2268796,1.0,1,1,1,4.0,,0.0,0,1987.0,C01,138Â 200Â 731,1.0,-1.0,-1.0,1731754,1.0,7,,0.0,2.0,4.0,D01,138Â 200Â 730,1.0
1014510,201900056041,3,28,09:20,1,1,1,1.0,5.0,83085,RD 54,M,"43,4819110","6,5161110",83,2019,80.0,1.0,1.0,3.0,2268796,1.0,1,1,1,4.0,,0.0,0,1987.0,C01,138Â 200Â 731,1.0,-1.0,-1.0,1731755,1.0,7,,0.0,2.0,4.0,C01,138Â 200Â 731,1.0
1014510,201900056041,3,28,09:20,1,1,1,1.0,5.0,83085,RD 54,M,"43,4819110","6,5161110",83,2019,80.0,1.0,1.0,3.0,2268796,1.0,1,1,1,4.0,,0.0,0,1987.0,C01,138Â 200Â 731,1.0,-1.0,-1.0,1731756,1.0,7,,0.0,2.0,4.0,B01,138Â 200Â 732,1.0
1014510,201900056041,3,28,09:20,1,1,1,1.0,5.0,83085,RD 54,M,"43,4819110","6,5161110",83,2019,80.0,1.0,1.0,3.0,2268796,1.0,1,1,1,4.0,,0.0,0,1987.0,C01,138Â 200Â 731,1.0,-1.0,-1.0,1731757,1.0,14,,0.0,0.0,4.0,A01,138Â 200Â 733,1.0
1014510,201900056041,3,28,09:20,1,1,1,1.0,5.0,83085,RD 54,M,"43,4819110","6,5161110",83,2019,80.0,1.0,1.0,3.0,2268796,1.0,1,1,1,4.0,,0.0,0,1987.0,C01,138Â 200Â 731,1.0,-1.0,-1.0,1731758,1.0,7,,0.0,2.0,1.0,G01,138Â 200Â 734,1.0
1014510,201900056041,3,28,09:20,1,1,1,1.0,5.0,83085,RD 54,M,"43,4819110","6,5161110",83,2019,80.0,1.0,1.0,3.0,2268796,1.0,1,1,1,4.0,,0.0,0,1987.0,C01,138Â 200Â 731,1.0,-1.0,-1.0,1731759,1.0,7,,0.0,2.0,0.0,F01,138Â 200Â 735,1.0
1014510,201900056041,3,28,09:20,1,1,1,1.0,5.0,83085,RD 54,M,"43,4819110","6,5161110",83,2019,80.0,1.0,1.0,3.0,2268796,1.0,1,1,1,4.0,,0.0,0,1987.0,C01,138Â 200Â 731,1.0,-1.0,-1.0,1731760,1.0,15,,0.0,2.0,1.0,E01,138Â 200Â 736,1.0
1014510,201900056041,3,28,09:20,1,1,1,1.0,5.0,83085,RD 54,M,"43,4819110","6,5161110",83,2019,80.0,1.0,1.0,3.0,2268797,1.0,1,1,2,4.0,,0.0,0,1990.0,B01,138Â 200Â 732,1.0,-1.0,-1.0,1731754,1.0,7,,0.0,2.0,4.0,D01,138Â 200Â 730,1.0
1014510,201900056041,3,28,09:20,1,1,1,1.0,5.0,83085,RD 54,M,"43,4819110","6,5161110",83,2019,80.0,1.0,1.0,3.0,2268797,1.0,1,1,2,4.0,,0.0,0,1990.0,B01,138Â 200Â 732,1.0,-1.0,-1.0,1731755,1.0,7,,0.0,2.0,4.0,C01,138Â 200Â 731,1.0
1014510,201900056041,3,28,09:20,1,1,1,1.0,5.0,83085,RD 54,M,"43,4819110","6,5161110",83,2019,80.0,1.0,1.0,3.0,2268797,1.0,1,1,2,4.0,,0.0,0,1990.0,B01,138Â 200Â 732,1.0,-1.0,-1.0,1731756,1.0,7,,0.0,2.0,4.0,B01,138Â 200Â 732,1.0
1014510,201900056041,3,28,09:20,1,1,1,1.0,5.0,83085,RD 54,M,"43,4819110","6,5161110",83,2019,80.0,1.0,1.0,3.0,2268797,1.0,1,1,2,4.0,,0.0,0,1990.0,B01,138Â 200Â 732,1.0,-1.0,-1.0,1731757,1.0,14,,0.0,0.0,4.0,A01,138Â 200Â 733,1.0