Unnamed: 0_x,num_acc,mois,jour,hrmn,lum,agg,int,atm,col,com,adr,gps,lat,long,dep,annee,vma,situ,surf,catr,Unnamed: 0_y,place,catu,grav,sexe,trajet,secu,locp,actp,an_nais,num_veh_x,id_vehicule_x,secu1,secu2,secu3,Unnamed: 0,senc,catv,occutc,obs,obsm,choc,num_veh_y,id_vehicule_y,motor
1014510,201900056041,3,28,09:20,1,1,1,1.0,5.0,83085,RD 54,M,"43,4819110","6,5161110",83,2019,80.0,1.0,1.0,3.0,2268797,1.0,1,1,2,4.0,,0.0,0,1990.0,B01,138Â 200Â 732,1.0,-1.0,-1.0,1731758,1.0,7,,0.0,2.0,1.0,G01,138Â 200Â 734,1.0
1014510,201900056041,3,28,09:20,1,1,1,1.0,5.0,83085,RD 54,M,"43,4819110","6,5161110",83,2019,80.0,1.0,1.0,3.0,2268797,1.0,1,1,2,4.0,,0.0,0,1990.0,B01,138Â 200Â 732,1.0,-1.0,-1.0,1731759,1.0,7,,0.0,2.0,0.0,F01,138Â 200Â 735,1.0
1014510,201900056041,3,28,09:20,1,1,1,1.0,5.0,83085,RD 54,M,"43,4819110","6,5161110",83,2019,80.0,1.0,1.0,3.0,2268797,1.0,1,1,2,4.0,,0.0,0,1990.0,B01,138Â 200Â 732,1.0,-1.0,-1.0,1731760,1.0,15,,0.0,2.0,1.0,E01,138Â 200Â 736,1.0
1014510,201900056041,3,28,09:20,1,1,1,1.0,5.0,83085,RD 54,M,"43,4819110","6,5161110",83,2019,80.0,1.0,1.0,3.0,2268798,2.0,2,1,2,4.0,,0.0,0,1991.0,B01,138Â 200Â 732,1.0,-1.0,-1.0,1731754,1.0,7,,0.0,2.0,4.0,D01,138Â 200Â 730,1.0
1014510,201900056041,3,28,09:20,1,1,1,1.0,5.0,83085,RD 54,M,"43,4819110","6,5161110",83,2019,80.0,1.0,1.0,3.0,2268798,2.0,2,1,2,4.0,,0.0,0,1991.0,B01,138Â 200Â 732,1.0,-1.0,-1.0,1731755,1.0,7,,0.0,2.0,4.0,C01,138Â 200Â 731,1.0
1014510,201900056041,3,28,09:20,1,1,1,1.0,5.0,83085,RD 54,M,"43,4819110","6,5161110",83,2019,80.0,1.0,1.0,3.0,2268798,2.0,2,1,2,4.0,,0.0,0,1991.0,B01,138Â 200Â 732,1.0,-1.0,-1.0,1731756,1.0,7,,0.0,2.0,4.0,B01,138Â 200Â 732,1.0
1014510,201900056041,3,28,09:20,1,1,1,1.0,5.0,83085,RD 54,M,"43,4819110","6,5161110",83,2019,80.0,1.0,1.0,3.0,2268798,2.0,2,1,2,4.0,,0.0,0,1991.0,B01,138Â 200Â 732,1.0,-1.0,-1.0,1731757,1.0,14,,0.0,0.0,4.0,A01,138Â 200Â 733,1.0
1014510,201900056041,3,28,09:20,1,1,1,1.0,5.0,83085,RD 54,M,"43,4819110","6,5161110",83,2019,80.0,1.0,1.0,3.0,2268798,2.0,2,1,2,4.0,,0.0,0,1991.0,B01,138Â 200Â 732,1.0,-1.0,-1.0,1731758,1.0,7,,0.0,2.0,1.0,G01,138Â 200Â 734,1.0
1014510,201900056041,3,28,09:20,1,1,1,1.0,5.0,83085,RD 54,M,"43,4819110","6,5161110",83,2019,80.0,1.0,1.0,3.0,2268798,2.0,2,1,2,4.0,,0.0,0,1991.0,B01,138Â 200Â 732,1.0,-1.0,-1.0,1731759,1.0,7,,0.0,2.0,0.0,F01,138Â 200Â 735,1.0
1014510,201900056041,3,28,09:20,1,1,1,1.0,5.0,83085,RD 54,M,"43,4819110","6,5161110",83,2019,80.0,1.0,1.0,3.0,2268798,2.0,2,1,2,4.0,,0.0,0,1991.0,B01,138Â 200Â 732,1.0,-1.0,-1.0,1731760,1.0,15,,0.0,2.0,1.0,E01,138Â 200Â 736,1.0
1014510,201900056041,3,28,09:20,1,1,1,1.0,5.0,83085,RD 54,M,"43,4819110","6,5161110",83,2019,80.0,1.0,1.0,3.0,2268799,1.0,1,1,1,4.0,,0.0,0,1967.0,A01,138Â 200Â 733,1.0,-1.0,-1.0,1731754,1.0,7,,0.0,2.0,4.0,D01,138Â 200Â 730,1.0
1014510,201900056041,3,28,09:20,1,1,1,1.0,5.0,83085,RD 54,M,"43,4819110","6,5161110",83,2019,80.0,1.0,1.0,3.0,2268799,1.0,1,1,1,4.0,,0.0,0,1967.0,A01,138Â 200Â 733,1.0,-1.0,-1.0,1731755,1.0,7,,0.0,2.0,4.0,C01,138Â 200Â 731,1.0
1014510,201900056041,3,28,09:20,1,1,1,1.0,5.0,83085,RD 54,M,"43,4819110","6,5161110",83,2019,80.0,1.0,1.0,3.0,2268799,1.0,1,1,1,4.0,,0.0,0,1967.0,A01,138Â 200Â 733,1.0,-1.0,-1.0,1731756,1.0,7,,0.0,2.0,4.0,B01,138Â 200Â 732,1.0
1014510,201900056041,3,28,09:20,1,1,1,1.0,5.0,83085,RD 54,M,"43,4819110","6,5161110",83,2019,80.0,1.0,1.0,3.0,2268799,1.0,1,1,1,4.0,,0.0,0,1967.0,A01,138Â 200Â 733,1.0,-1.0,-1.0,1731757,1.0,14,,0.0,0.0,4.0,A01,138Â 200Â 733,1.0
1014510,201900056041,3,28,09:20,1,1,1,1.0,5.0,83085,RD 54,M,"43,4819110","6,5161110",83,2019,80.0,1.0,1.0,3.0,2268799,1.0,1,1,1,4.0,,0.0,0,1967.0,A01,138Â 200Â 733,1.0,-1.0,-1.0,1731758,1.0,7,,0.0,2.0,1.0,G01,138Â 200Â 734,1.0
1014510,201900056041,3,28,09:20,1,1,1,1.0,5.0,83085,RD 54,M,"43,4819110","6,5161110",83,2019,80.0,1.0,1.0,3.0,2268799,1.0,1,1,1,4.0,,0.0,0,1967.0,A01,138Â 200Â 733,1.0,-1.0,-1.0,1731759,1.0,7,,0.0,2.0,0.0,F01,138Â 200Â 735,1.0
1014510,201900056041,3,28,09:20,1,1,1,1.0,5.0,83085,RD 54,M,"43,4819110","6,5161110",83,2019,80.0,1.0,1.0,3.0,2268799,1.0,1,1,1,4.0,,0.0,0,1967.0,A01,138Â 200Â 733,1.0,-1.0,-1.0,1731760,1.0,15,,0.0,2.0,1.0,E01,138Â 200Â 736,1.0
1014510,201900056041,3,28,09:20,1,1,1,1.0,5.0,83085,RD 54,M,"43,4819110","6,5161110",83,2019,80.0,1.0,1.0,3.0,2268800,1.0,1,1,1,1.0,,0.0,0,1975.0,G01,138Â 200Â 734,1.0,-1.0,-1.0,1731754,1.0,7,,0.0,2.0,4.0,D01,138Â 200Â 730,1.0
1014510,201900056041,3,28,09:20,1,1,1,1.0,5.0,83085,RD 54,M,"43,4819110","6,5161110",83,2019,80.0,1.0,1.0,3.0,2268800,1.0,1,1,1,1.0,,0.0,0,1975.0,G01,138Â 200Â 734,1.0,-1.0,-1.0,1731755,1.0,7,,0.0,2.0,4.0,C01,138Â 200Â 731,1.0
1014510,201900056041,3,28,09:20,1,1,1,1.0,5.0,83085,RD 54,M,"43,4819110","6,5161110",83,2019,80.0,1.0,1.0,3.0,2268800,1.0,1,1,1,1.0,,0.0,0,1975.0,G01,138Â 200Â 734,1.0,-1.0,-1.0,1731756,1.0,7,,0.0,2.0,4.0,B01,138Â 200Â 732,1.0
1014510,201900056041,3,28,09:20,1,1,1,1.0,5.0,83085,RD 54,M,"43,4819110","6,5161110",83,2019,80.0,1.0,1.0,3.0,2268800,1.0,1,1,1,1.0,,0.0,0,1975.0,G01,138Â 200Â 734,1.0,-1.0,-1.0,1731757,1.0,14,,0.0,0.0,4.0,A01,138Â 200Â 733,1.0
1014510,201900056041,3,28,09:20,1,1,1,1.0,5.0,83085,RD 54,M,"43,4819110","6,5161110",83,2019,80.0,1.0,1.0,3.0,2268800,1.0,1,1,1,1.0,,0.0,0,1975.0,G01,138Â 200Â 734,1.0,-1.0,-1.0,1731758,1.0,7,,0.0,2.0,1.0,G01,138Â 200Â 734,1.0
1014510,201900056041,3,28,09:20,1,1,1,1.0,5.0,83085,RD 54,M,"43,4819110","6,5161110",83,2019,80.0,1.0,1.0,3.0,2268800,1.0,1,1,1,1.0,,0.0,0,1975.0,G01,138Â 200Â 734,1.0,-1.0,-1.0,1731759,1.0,7,,0.0,2.0,0.0,F01,138Â 200Â 735,1.0
1014510,201900056041,3,28,09:20,1,1,1,1.0,5.0,83085,RD 54,M,"43,4819110","6,5161110",83,2019,80.0,1.0,1.0,3.0,2268800,1.0,1,1,1,1.0,,0.0,0,1975.0,G01,138Â 200Â 734,1.0,-1.0,-1.0,1731760,1.0,15,,0.0,2.0,1.0,E01,138Â 200Â 736,1.0
1014510,201900056041,3,28,09:20,1,1,1,1.0,5.0,83085,RD 54,M,"43,4819110","6,5161110",83,2019,80.0,1.0,1.0,3.0,2268801,1.0,1,4,2,5.0,,0.0,0,1992.0,F01,138Â 200Â 735,1.0,-1.0,-1.0,1731754,1.0,7,,0.0,2.0,4.0,D01,138Â 200Â 730,1.0
1014510,201900056041,3,28,09:20,1,1,1,1.0,5.0,83085,RD 54,M,"43,4819110","6,5161110",83,2019,80.0,1.0,1.0,3.0,2268801,1.0,1,4,2,5.0,,0.0,0,1992.0,F01,138Â 200Â 735,1.0,-1.0,-1.0,1731755,1.0,7,,0.0,2.0,4.0,C01,138Â 200Â 731,1.0
1014510,201900056041,3,28,09:20,1,1,1,1.0,5.0,83085,RD 54,M,"43,4819110","6,5161110",83,2019,80.0,1.0,1.0,3.0,2268801,1.0,1,4,2,5.0,,0.0,0,1992.0,F01,138Â 200Â 735,1.0,-1.0,-1.0,1731756,1.0,7,,0.0,2.0,4.0,B01,138Â 200Â 732,1.0
1014510,201900056041,3,28,09:20,1,1,1,1.0,5.0,83085,RD 54,M,"43,4819110","6,5161110",83,2019,80.0,1.0,1.0,3.0,2268801,1.0,1,4,2,5.0,,0.0,0,1992.0,F01,138Â 200Â 735,1.0,-1.0,-1.0,1731757,1.0,14,,0.0,0.0,4.0,A01,138Â 200Â 733,1.0
1014510,201900056041,3,28,09:20,1,1,1,1.0,5.0,83085,RD 54,M,"43,4819110","6,5161110",83,2019,80.0,1.0,1.0,3.0,2268801,1.0,1,4,2,5.0,,0.0,0,1992.0,F01,138Â 200Â 735,1.0,-1.0,-1.0,1731758,1.0,7,,0.0,2.0,1.0,G01,138Â 200Â 734,1.0
1014510,201900056041,3,28,09:20,1,1,1,1.0,5.0,83085,RD 54,M,"43,4819110","6,5161110",83,2019,80.0,1.0,1.0,3.0,2268801,1.0,1,4,2,5.0,,0.0,0,1992.0,F01,138Â 200Â 735,1.0,-1.0,-1.0,1731759,1.0,7,,0.0,2.0,0.0,F01,138Â 200Â 735,1.0
1014510,201900056041,3,28,09:20,1,1,1,1.0,5.0,83085,RD 54,M,"43,4819110","6,5161110",83,2019,80.0,1.0,1.0,3.0,2268801,1.0,1,4,2,5.0,,0.0,0,1992.0,F01,138Â 200Â 735,1.0,-1.0,-1.0,1731760,1.0,15,,0.0,2.0,1.0,E01,138Â 200Â 736,1.0
1014510,201900056041,3,28,09:20,1,1,1,1.0,5.0,83085,RD 54,M,"43,4819110","6,5161110",83,2019,80.0,1.0,1.0,3.0,2268802,1.0,1,1,1,4.0,,0.0,0,1962.0,E01,138Â 200Â 736,1.0,-1.0,-1.0,1731754,1.0,7,,0.0,2.0,4.0,D01,138Â 200Â 730,1.0
1014510,201900056041,3,28,09:20,1,1,1,1.0,5.0,83085,RD 54,M,"43,4819110","6,5161110",83,2019,80.0,1.0,1.0,3.0,2268802,1.0,1,1,1,4.0,,0.0,0,1962.0,E01,138Â 200Â 736,1.0,-1.0,-1.0,1731755,1.0,7,,0.0,2.0,4.0,C01,138Â 200Â 731,1.0
1014510,201900056041,3,28,09:20,1,1,1,1.0,5.0,83085,RD 54,M,"43,4819110","6,5161110",83,2019,80.0,1.0,1.0,3.0,2268802,1.0,1,1,1,4.0,,0.0,0,1962.0,E01,138Â 200Â 736,1.0,-1.0,-1.0,1731756,1.0,7,,0.0,2.0,4.0,B01,138Â 200Â 732,1.0
1014510,201900056041,3,28,09:20,1,1,1,1.0,5.0,83085,RD 54,M,"43,4819110","6,5161110",83,2019,80.0,1.0,1.0,3.0,2268802,1.0,1,1,1,4.0,,0.0,0,1962.0,E01,138Â 200Â 736,1.0,-1.0,-1.0,1731757,1.0,14,,0.0,0.0,4.0,A01,138Â 200Â 733,1.0
1014510,201900056041,3,28,09:20,1,1,1,1.0,5.0,83085,RD 54,M,"43,4819110","6,5161110",83,2019,80.0,1.0,1.0,3.0,2268802,1.0,1,1,1,4.0,,0.0,0,1962.0,E01,138Â 200Â 736,1.0,-1.0,-1.0,1731758,1.0,7,,0.0,2.0,1.0,G01,138Â 200Â 734,1.0
1014510,201900056041,3,28,09:20,1,1,1,1.0,5.0,83085,RD 54,M,"43,4819110","6,5161110",83,2019,80.0,1.0,1.0,3.0,2268802,1.0,1,1,1,4.0,,0.0,0,1962.0,E01,138Â 200Â 736,1.0,-1.0,-1.0,1731759,1.0,7,,0.0,2.0,0.0,F01,138Â 200Â 735,1.0
1014510,201900056041,3,28,09:20,1,1,1,1.0,5.0,83085,RD 54,M,"43,4819110","6,5161110",83,2019,80.0,1.0,1.0,3.0,2268802,1.0,1,1,1,4.0,,0.0,0,1962.0,E01,138Â 200Â 736,1.0,-1.0,-1.0,1731760,1.0,15,,0.0,2.0,1.0,E01,138Â 200Â 736,1.0
1014511,201900056042,3,28,11:45,1,1,1,1.0,1.0,11241,Rd 165,M,"43,1959880","2,6959000",11,2019,80.0,1.0,1.0,3.0,2268803,1.0,1,3,2,5.0,,0.0,0,1981.0,A01,138Â 200Â 728,0.0,-1.0,-1.0,1731761,1.0,7,,0.0,2.0,1.0,A01,138Â 200Â 728,1.0
1014511,201900056042,3,28,11:45,1,1,1,1.0,1.0,11241,Rd 165,M,"43,1959880","2,6959000",11,2019,80.0,1.0,1.0,3.0,2268803,1.0,1,3,2,5.0,,0.0,0,1981.0,A01,138Â 200Â 728,0.0,-1.0,-1.0,1731762,2.0,7,,0.0,2.0,1.0,B01,138Â 200Â 729,1.0
1014511,201900056042,3,28,11:45,1,1,1,1.0,1.0,11241,Rd 165,M,"43,1959880","2,6959000",11,2019,80.0,1.0,1.0,3.0,2268804,1.0,1,1,1,1.0,,0.0,0,1975.0,B01,138Â 200Â 729,1.0,-1.0,-1.0,1731761,1.0,7,,0.0,2.0,1.0,A01,138Â 200Â 728,1.0
1014511,201900056042,3,28,11:45,1,1,1,1.0,1.0,11241,Rd 165,M,"43,1959880","2,6959000",11,2019,80.0,1.0,1.0,3.0,2268804,1.0,1,1,1,1.0,,0.0,0,1975.0,B01,138Â 200Â 729,1.0,-1.0,-1.0,1731762,2.0,7,,0.0,2.0,1.0,B01,138Â 200Â 729,1.0
1014512,201900056043,3,28,07:50,1,1,1,1.0,7.0,63274,lieu dit la roche,M,"45,6608850","2,7649670",63,2019,-1.0,1.0,1.0,9.0,2268805,1.0,1,3,1,1.0,,0.0,0,1987.0,A01,138Â 200Â 727,2.0,6.0,-1.0,1731763,3.0,33,,0.0,0.0,8.0,A01,138Â 200Â 727,1.0
1014513,201900056044,3,14,10:25,1,2,1,1.0,7.0,83017,place de l eglise,M,"43,2449710","6,0004340",83,2019,30.0,1.0,1.0,3.0,2268806,10.0,3,4,2,0.0,,3.0,3,1998.0,A01,138Â 200Â 724,0.0,-1.0,-1.0,1731764,1.0,7,,0.0,1.0,1.0,A01,138Â 200Â 724,1.0
1014513,201900056044,3,14,10:25,1,2,1,1.0,7.0,83017,place de l eglise,M,"43,2449710","6,0004340",83,2019,30.0,1.0,1.0,3.0,2268807,1.0,1,1,1,0.0,,0.0,0,1939.0,A01,138Â 200Â 724,1.0,-1.0,-1.0,1731764,1.0,7,,0.0,1.0,1.0,A01,138Â 200Â 724,1.0
1014514,201900056045,3,26,10:22,1,1,1,1.0,6.0,37141,Autoroute A85,M,"47,2873120","1,0469010",37,2019,130.0,1.0,1.0,1.0,2268808,1.0,1,3,2,0.0,,0.0,0,1983.0,A01,138Â 200Â 723,1.0,-1.0,-1.0,1731765,1.0,7,,3.0,0.0,1.0,A01,138Â 200Â 723,0.0
1014515,201900056046,3,27,13:30,1,1,2,1.0,4.0,74005,Route Departementale 903,M,"46,3411080","6,4619940",74,2019,70.0,1.0,1.0,3.0,2268809,1.0,1,3,2,5.0,,0.0,0,1940.0,A01,138Â 200Â 719,1.0,-1.0,-1.0,1731766,2.0,7,,0.0,0.0,7.0,A01,138Â 200Â 719,1.0
1014515,201900056046,3,27,13:30,1,1,2,1.0,4.0,74005,Route Departementale 903,M,"46,3411080","6,4619940",74,2019,70.0,1.0,1.0,3.0,2268809,1.0,1,3,2,5.0,,0.0,0,1940.0,A01,138Â 200Â 719,1.0,-1.0,-1.0,1731767,2.0,7,,0.0,2.0,1.0,B01,138Â 200Â 720,1.0
1014515,201900056046,3,27,13:30,1,1,2,1.0,4.0,74005,Route Departementale 903,M,"46,3411080","6,4619940",74,2019,70.0,1.0,1.0,3.0,2268809,1.0,1,3,2,5.0,,0.0,0,1940.0,A01,138Â 200Â 719,1.0,-1.0,-1.0,1731768,1.0,7,,0.0,2.0,1.0,C01,138Â 200Â 721,1.0
1014515,201900056046,3,27,13:30,1,1,2,1.0,4.0,74005,Route Departementale 903,M,"46,3411080","6,4619940",74,2019,70.0,1.0,1.0,3.0,2268810,1.0,1,1,1,5.0,,0.0,0,1993.0,B01,138Â 200Â 720,1.0,-1.0,-1.0,1731766,2.0,7,,0.0,0.0,7.0,A01,138Â 200Â 719,1.0
1014515,201900056046,3,27,13:30,1,1,2,1.0,4.0,74005,Route Departementale 903,M,"46,3411080","6,4619940",74,2019,70.0,1.0,1.0,3.0,2268810,1.0,1,1,1,5.0,,0.0,0,1993.0,B01,138Â 200Â 720,1.0,-1.0,-1.0,1731767,2.0,7,,0.0,2.0,1.0,B01,138Â 200Â 720,1.0
1014515,201900056046,3,27,13:30,1,1,2,1.0,4.0,74005,Route Departementale 903,M,"46,3411080","6,4619940",74,2019,70.0,1.0,1.0,3.0,2268810,1.0,1,1,1,5.0,,0.0,0,1993.0,B01,138Â 200Â 720,1.0,-1.0,-1.0,1731768,1.0,7,,0.0,2.0,1.0,C01,138Â 200Â 721,1.0
1014515,201900056046,3,27,13:30,1,1,2,1.0,4.0,74005,Route Departementale 903,M,"46,3411080","6,4619940",74,2019,70.0,1.0,1.0,3.0,2268811,2.0,2,4,2,5.0,,0.0,0,1962.0,B01,138Â 200Â 720,1.0,-1.0,-1.0,1731766,2.0,7,,0.0,0.0,7.0,A01,138Â 200Â 719,1.0
1014515,201900056046,3,27,13:30,1,1,2,1.0,4.0,74005,Route Departementale 903,M,"46,3411080","6,4619940",74,2019,70.0,1.0,1.0,3.0,2268811,2.0,2,4,2,5.0,,0.0,0,1962.0,B01,138Â 200Â 720,1.0,-1.0,-1.0,1731767,2.0,7,,0.0,2.0,1.0,B01,138Â 200Â 720,1.0
1014515,201900056046,3,27,13:30,1,1,2,1.0,4.0,74005,Route Departementale 903,M,"46,3411080","6,4619940",74,2019,70.0,1.0,1.0,3.0,2268811,2.0,2,4,2,5.0,,0.0,0,1962.0,B01,138Â 200Â 720,1.0,-1.0,-1.0,1731768,1.0,7,,0.0,2.0,1.0,C01,138Â 200Â 721,1.0
1014515,201900056046,3,27,13:30,1,1,2,1.0,4.0,74005,Route Departementale 903,M,"46,3411080","6,4619940",74,2019,70.0,1.0,1.0,3.0,2268812,1.0,1,1,1,5.0,,0.0,0,1955.0,C01,138Â 200Â 721,1.0,-1.0,-1.0,1731766,2.0,7,,0.0,0.0,7.0,A01,138Â 200Â 719,1.0
1014515,201900056046,3,27,13:30,1,1,2,1.0,4.0,74005,Route Departementale 903,M,"46,3411080","6,4619940",74,2019,70.0,1.0,1.0,3.0,2268812,1.0,1,1,1,5.0,,0.0,0,1955.0,C01,138Â 200Â 721,1.0,-1.0,-1.0,1731767,2.0,7,,0.0,2.0,1.0,B01,138Â 200Â 720,1.0
1014515,201900056046,3,27,13:30,1,1,2,1.0,4.0,74005,Route Departementale 903,M,"46,3411080","6,4619940",74,2019,70.0,1.0,1.0,3.0,2268812,1.0,1,1,1,5.0,,0.0,0,1955.0,C01,138Â 200Â 721,1.0,-1.0,-1.0,1731768,1.0,7,,0.0,2.0,1.0,C01,138Â 200Â 721,1.0
1014516,201900056047,3,27,20:00,2,1,1,1.0,1.0,35079,D175,M,"48,2384580"," -1,6220000",35,2019,80.0,1.0,1.0,3.0,2268813,1.0,1,2,1,9.0,,0.0,0,1989.0,A01,138Â 200Â 717,2.0,6.0,-1.0,1731769,2.0,33,,0.0,2.0,1.0,A01,138Â 200Â 717,1.0
1014516,201900056047,3,27,20:00,2,1,1,1.0,1.0,35079,D175,M,"48,2384580"," -1,6220000",35,2019,80.0,1.0,1.0,3.0,2268813,1.0,1,2,1,9.0,,0.0,0,1989.0,A01,138Â 200Â 717,2.0,6.0,-1.0,1731770,1.0,7,,0.0,2.0,1.0,B01,138Â 200Â 718,1.0
1014516,201900056047,3,27,20:00,2,1,1,1.0,1.0,35079,D175,M,"48,2384580"," -1,6220000",35,2019,80.0,1.0,1.0,3.0,2268814,2.0,2,1,2,5.0,,0.0,0,1946.0,B01,138Â 200Â 718,1.0,-1.0,-1.0,1731769,2.0,33,,0.0,2.0,1.0,A01,138Â 200Â 717,1.0
1014516,201900056047,3,27,20:00,2,1,1,1.0,1.0,35079,D175,M,"48,2384580"," -1,6220000",35,2019,80.0,1.0,1.0,3.0,2268814,2.0,2,1,2,5.0,,0.0,0,1946.0,B01,138Â 200Â 718,1.0,-1.0,-1.0,1731770,1.0,7,,0.0,2.0,1.0,B01,138Â 200Â 718,1.0
1014516,201900056047,3,27,20:00,2,1,1,1.0,1.0,35079,D175,M,"48,2384580"," -1,6220000",35,2019,80.0,1.0,1.0,3.0,2268815,1.0,1,1,1,5.0,,0.0,0,1946.0,B01,138Â 200Â 718,1.0,-1.0,-1.0,1731769,2.0,33,,0.0,2.0,1.0,A01,138Â 200Â 717,1.0
1014516,201900056047,3,27,20:00,2,1,1,1.0,1.0,35079,D175,M,"48,2384580"," -1,6220000",35,2019,80.0,1.0,1.0,3.0,2268815,1.0,1,1,1,5.0,,0.0,0,1946.0,B01,138Â 200Â 718,1.0,-1.0,-1.0,1731770,1.0,7,,0.0,2.0,1.0,B01,138Â 200Â 718,1.0
1014517,201900056048,3,27,16:00,1,2,1,1.0,7.0,59191,47 Grande Rue,M,"50,0474420","3,3727350",59,2019,50.0,4.0,1.0,3.0,2268816,1.0,1,3,1,5.0,,0.0,0,1998.0,A01,138Â 200Â 716,2.0,-1.0,-1.0,1731771,1.0,33,,1.0,0.0,1.0,A01,138Â 200Â 716,1.0
1014518,201900056049,3,28,10:45,1,1,2,1.0,1.0,56094,KervÃ©hennec,M,"47,7673020"," -3,2261050",56,2019,80.0,1.0,1.0,3.0,2268817,1.0,1,1,1,0.0,,0.0,0,1987.0,A01,138Â 200Â 714,1.0,5.0,-1.0,1731772,1.0,7,,0.0,2.0,2.0,A01,138Â 200Â 714,0.0
1014518,201900056049,3,28,10:45,1,1,2,1.0,1.0,56094,KervÃ©hennec,M,"47,7673020"," -3,2261050",56,2019,80.0,1.0,1.0,3.0,2268817,1.0,1,1,1,0.0,,0.0,0,1987.0,A01,138Â 200Â 714,1.0,5.0,-1.0,1731773,2.0,7,,0.0,2.0,1.0,B01,138Â 200Â 715,0.0
1014518,201900056049,3,28,10:45,1,1,2,1.0,1.0,56094,KervÃ©hennec,M,"47,7673020"," -3,2261050",56,2019,80.0,1.0,1.0,3.0,2268818,2.0,2,4,2,0.0,,0.0,0,1942.0,B01,138Â 200Â 715,1.0,5.0,-1.0,1731772,1.0,7,,0.0,2.0,2.0,A01,138Â 200Â 714,0.0
1014518,201900056049,3,28,10:45,1,1,2,1.0,1.0,56094,KervÃ©hennec,M,"47,7673020"," -3,2261050",56,2019,80.0,1.0,1.0,3.0,2268818,2.0,2,4,2,0.0,,0.0,0,1942.0,B01,138Â 200Â 715,1.0,5.0,-1.0,1731773,2.0,7,,0.0,2.0,1.0,B01,138Â 200Â 715,0.0
1014518,201900056049,3,28,10:45,1,1,2,1.0,1.0,56094,KervÃ©hennec,M,"47,7673020"," -3,2261050",56,2019,80.0,1.0,1.0,3.0,2268819,1.0,1,3,1,0.0,,0.0,0,1943.0,B01,138Â 200Â 715,1.0,5.0,-1.0,1731772,1.0,7,,0.0,2.0,2.0,A01,138Â 200Â 714,0.0
1014518,201900056049,3,28,10:45,1,1,2,1.0,1.0,56094,KervÃ©hennec,M,"47,7673020"," -3,2261050",56,2019,80.0,1.0,1.0,3.0,2268819,1.0,1,3,1,0.0,,0.0,0,1943.0,B01,138Â 200Â 715,1.0,5.0,-1.0,1731773,2.0,7,,0.0,2.0,1.0,B01,138Â 200Â 715,0.0
1014519,201900056050,3,28,12:00,1,2,2,1.0,3.0,79172,Rue de la Verronnerie,M,"46,5324310"," -0,3240440",79,2019,50.0,1.0,1.0,3.0,2268820,1.0,1,1,2,1.0,,-1.0, -1,1992.0,A01,138Â 200Â 712,1.0,-1.0,-1.0,1731774,1.0,7,,0.0,2.0,6.0,A01,138Â 200Â 712,1.0
1014519,201900056050,3,28,12:00,1,2,2,1.0,3.0,79172,Rue de la Verronnerie,M,"46,5324310"," -0,3240440",79,2019,50.0,1.0,1.0,3.0,2268820,1.0,1,1,2,1.0,,-1.0, -1,1992.0,A01,138Â 200Â 712,1.0,-1.0,-1.0,1731775,1.0,2,,0.0,2.0,1.0,A01,138Â 200Â 713,1.0
1014519,201900056050,3,28,12:00,1,2,2,1.0,3.0,79172,Rue de la Verronnerie,M,"46,5324310"," -0,3240440",79,2019,50.0,1.0,1.0,3.0,2268821,1.0,1,4,1,1.0,,0.0,0,2000.0,A01,138Â 200Â 713,2.0,-1.0,-1.0,1731774,1.0,7,,0.0,2.0,6.0,A01,138Â 200Â 712,1.0
1014519,201900056050,3,28,12:00,1,2,2,1.0,3.0,79172,Rue de la Verronnerie,M,"46,5324310"," -0,3240440",79,2019,50.0,1.0,1.0,3.0,2268821,1.0,1,4,1,1.0,,0.0,0,2000.0,A01,138Â 200Â 713,2.0,-1.0,-1.0,1731775,1.0,2,,0.0,2.0,1.0,A01,138Â 200Â 713,1.0
1014520,201900056051,3,21,14:30,1,2,1,1.0,2.0,79250,La Butte,M,"46,9154290"," -0,2713110",79,2019,50.0,1.0,1.0,3.0,2268822,1.0,1,3,1,5.0,,0.0,0,1988.0,A01,138Â 200Â 710,2.0,-1.0,-1.0,1731776,1.0,2,,0.0,2.0,1.0,A01,138Â 200Â 710,1.0
1014520,201900056051,3,21,14:30,1,2,1,1.0,2.0,79250,La Butte,M,"46,9154290"," -0,2713110",79,2019,50.0,1.0,1.0,3.0,2268822,1.0,1,3,1,5.0,,0.0,0,1988.0,A01,138Â 200Â 710,2.0,-1.0,-1.0,1731777,1.0,7,,0.0,0.0,6.0,B01,138Â 200Â 711,1.0
1014520,201900056051,3,21,14:30,1,2,1,1.0,2.0,79250,La Butte,M,"46,9154290"," -0,2713110",79,2019,50.0,1.0,1.0,3.0,2268823,1.0,1,1,1,4.0,,0.0,0,1963.0,B01,138Â 200Â 711,1.0,-1.0,-1.0,1731776,1.0,2,,0.0,2.0,1.0,A01,138Â 200Â 710,1.0
1014520,201900056051,3,21,14:30,1,2,1,1.0,2.0,79250,La Butte,M,"46,9154290"," -0,2713110",79,2019,50.0,1.0,1.0,3.0,2268823,1.0,1,1,1,4.0,,0.0,0,1963.0,B01,138Â 200Â 711,1.0,-1.0,-1.0,1731777,1.0,7,,0.0,0.0,6.0,B01,138Â 200Â 711,1.0