Unnamed: 0_x,num_acc,mois,jour,hrmn,lum,agg,int,atm,col,com,adr,gps,lat,long,dep,annee,vma,situ,surf,catr,Unnamed: 0_y,place,catu,grav,sexe,trajet,secu,locp,actp,an_nais,num_veh_x,id_vehicule_x,secu1,secu2,secu3,Unnamed: 0,senc,catv,occutc,obs,obsm,choc,num_veh_y,id_vehicule_y,motor
1014521,201900056052,3,28,17:30,1,2,1,1.0,6.0,80714,198 rue de bas,M,"50,0730170","1,4510140",80,2019,50.0,4.0,1.0,3.0,2268824,1.0,1,2,1,0.0,,0.0,0,1989.0,A01,138Â 200Â 709,2.0,-1.0,-1.0,1731778,1.0,33,,6.0,0.0,1.0,A01,138Â 200Â 709,1.0
1014522,201900056053,8,16,11:25,1,2,2,1.0,6.0,76351,CASIMIR PERIER,M,"49,4964700","0,1103400",76,2019,50.0,1.0,1.0,4.0,2268825,1.0,1,1,1,4.0,,-1.0,0,1987.0,A01,138Â 200Â 708,1.0,0.0,-1.0,1731779,2.0,14,,0.0,1.0,0.0,A01,138Â 200Â 708,1.0
1014522,201900056053,8,16,11:25,1,2,2,1.0,6.0,76351,CASIMIR PERIER,M,"49,4964700","0,1103400",76,2019,50.0,1.0,1.0,4.0,2268826,10.0,3,3,1,5.0,,2.0,3,1947.0,A01,138Â 200Â 708,0.0,0.0,-1.0,1731779,2.0,14,,0.0,1.0,0.0,A01,138Â 200Â 708,1.0
1014523,201900056054,8,17,22:10,5,2,1,1.0,6.0,71076,BLERIOT (RUE LOUIS),M,"46,8012700","4,8590900",71,2019,50.0,1.0,1.0,4.0,2268827,1.0,1,3,1,9.0,,0.0,0,1993.0,A01,138Â 200Â 707,2.0,8.0,-1.0,1731780,0.0,33,,1.0,0.0,1.0,A01,138Â 200Â 707,1.0
1014524,201900056055,8,3,10:40,1,2,1,1.0,6.0,68066,ST PIERRE (BOULEVARD),M,"48,0726700","7,3562700",68,2019,50.0,1.0,1.0,4.0,2268828,1.0,1,1,2,0.0,,-1.0,0,1938.0,A01,138Â 200Â 706,1.0,0.0,-1.0,1731781,1.0,7,,0.0,1.0,1.0,A01,138Â 200Â 706,1.0
1014524,201900056055,8,3,10:40,1,2,1,1.0,6.0,68066,ST PIERRE (BOULEVARD),M,"48,0726700","7,3562700",68,2019,50.0,1.0,1.0,4.0,2268829,10.0,3,4,2,5.0,,3.0,3,1960.0,A01,138Â 200Â 706,8.0,0.0,-1.0,1731781,1.0,7,,0.0,1.0,1.0,A01,138Â 200Â 706,1.0
1014524,201900056055,8,3,10:40,1,2,1,1.0,6.0,68066,ST PIERRE (BOULEVARD),M,"48,0726700","7,3562700",68,2019,50.0,1.0,1.0,4.0,2268830,10.0,3,4,2,5.0,,3.0,3,1967.0,A01,138Â 200Â 706,8.0,0.0,-1.0,1731781,1.0,7,,0.0,1.0,1.0,A01,138Â 200Â 706,1.0
1014525,201900056056,8,14,11:30,1,2,3,1.0,3.0,67482,CLEMENCEAU (BOULEVARD),M,"48,5918100","7,7529420",67,2019,50.0,1.0,1.0,4.0,2268831,1.0,1,1,1,5.0,,-1.0,0,1981.0,A01,138Â 200Â 704,1.0,8.0,-1.0,1731782,1.0,7,,0.0,2.0,2.0,A01,138Â 200Â 704,1.0
1014525,201900056056,8,14,11:30,1,2,3,1.0,3.0,67482,CLEMENCEAU (BOULEVARD),M,"48,5918100","7,7529420",67,2019,50.0,1.0,1.0,4.0,2268831,1.0,1,1,1,5.0,,-1.0,0,1981.0,A01,138Â 200Â 704,1.0,8.0,-1.0,1731783,2.0,7,,0.0,2.0,3.0,B01,138Â 200Â 705,1.0
1014525,201900056056,8,14,11:30,1,2,3,1.0,3.0,67482,CLEMENCEAU (BOULEVARD),M,"48,5918100","7,7529420",67,2019,50.0,1.0,1.0,4.0,2268832,2.0,2,4,2,5.0,,-1.0,0,1953.0,B01,138Â 200Â 705,1.0,8.0,-1.0,1731782,1.0,7,,0.0,2.0,2.0,A01,138Â 200Â 704,1.0
1014525,201900056056,8,14,11:30,1,2,3,1.0,3.0,67482,CLEMENCEAU (BOULEVARD),M,"48,5918100","7,7529420",67,2019,50.0,1.0,1.0,4.0,2268832,2.0,2,4,2,5.0,,-1.0,0,1953.0,B01,138Â 200Â 705,1.0,8.0,-1.0,1731783,2.0,7,,0.0,2.0,3.0,B01,138Â 200Â 705,1.0
1014525,201900056056,8,14,11:30,1,2,3,1.0,3.0,67482,CLEMENCEAU (BOULEVARD),M,"48,5918100","7,7529420",67,2019,50.0,1.0,1.0,4.0,2268833,1.0,1,1,1,5.0,,-1.0,0,1949.0,B01,138Â 200Â 705,1.0,8.0,-1.0,1731782,1.0,7,,0.0,2.0,2.0,A01,138Â 200Â 704,1.0
1014525,201900056056,8,14,11:30,1,2,3,1.0,3.0,67482,CLEMENCEAU (BOULEVARD),M,"48,5918100","7,7529420",67,2019,50.0,1.0,1.0,4.0,2268833,1.0,1,1,1,5.0,,-1.0,0,1949.0,B01,138Â 200Â 705,1.0,8.0,-1.0,1731783,2.0,7,,0.0,2.0,3.0,B01,138Â 200Â 705,1.0
1014526,201900056057,8,16,19:30,1,2,1,1.0,6.0,66136,GIRAL (ALLEE AIME),M,"42,7153600","2,8937000",66,2019,30.0,1.0,1.0,4.0,2268834,10.0,3,4,1,5.0,,3.0,3,1968.0,A01,138Â 200Â 703,8.0,0.0,-1.0,1731784,0.0,0,,0.0,1.0,0.0,A01,138Â 200Â 703,0.0
1014527,201900056058,8,19,14:20,1,2,1,1.0,2.0,64445,ESPALUNGUE D',M,"43,2960000"," -0,3757000",64,2019,30.0,3.0,1.0,4.0,2268835,1.0,1,4,1,5.0,,-1.0,0,1979.0,A01,138Â 200Â 701,2.0,0.0,-1.0,1731785,2.0,50,,0.0,2.0,1.0,A01,138Â 200Â 701,3.0
1014527,201900056058,8,19,14:20,1,2,1,1.0,2.0,64445,ESPALUNGUE D',M,"43,2960000"," -0,3757000",64,2019,30.0,3.0,1.0,4.0,2268835,1.0,1,4,1,5.0,,-1.0,0,1979.0,A01,138Â 200Â 701,2.0,0.0,-1.0,1731786,2.0,10,,0.0,2.0,5.0,B01,138Â 200Â 702,1.0
1014527,201900056058,8,19,14:20,1,2,1,1.0,2.0,64445,ESPALUNGUE D',M,"43,2960000"," -0,3757000",64,2019,30.0,3.0,1.0,4.0,2268836,1.0,1,1,1,4.0,,-1.0,0,1965.0,B01,138Â 200Â 702,1.0,0.0,-1.0,1731785,2.0,50,,0.0,2.0,1.0,A01,138Â 200Â 701,3.0
1014527,201900056058,8,19,14:20,1,2,1,1.0,2.0,64445,ESPALUNGUE D',M,"43,2960000"," -0,3757000",64,2019,30.0,3.0,1.0,4.0,2268836,1.0,1,1,1,4.0,,-1.0,0,1965.0,B01,138Â 200Â 702,1.0,0.0,-1.0,1731786,2.0,10,,0.0,2.0,5.0,B01,138Â 200Â 702,1.0
1014528,201900056059,8,16,17:30,1,2,1,1.0,6.0,64122,LAC MARION (AVENUE DU),M,"43,4706900"," -1,5499100",64,2019,10.0,1.0,1.0,6.0,2268837,10.0,3,4,1,5.0,,5.0,9,1934.0,A01,138Â 200Â 700,8.0,0.0,-1.0,1731787,1.0,7,,0.0,1.0,4.0,A01,138Â 200Â 700,1.0
1014528,201900056059,8,16,17:30,1,2,1,1.0,6.0,64122,LAC MARION (AVENUE DU),M,"43,4706900"," -1,5499100",64,2019,10.0,1.0,1.0,6.0,2268838,1.0,1,1,2,5.0,,0.0,0,1940.0,A01,138Â 200Â 700,1.0,5.0,-1.0,1731787,1.0,7,,0.0,1.0,4.0,A01,138Â 200Â 700,1.0
1014529,201900056060,8,16,14:55,1,2,2,1.0,3.0,64024,CINQ CANTONS (RUE DES),M,"43,4884200"," -1,5222400",64,2019,50.0,1.0,1.0,4.0,2268839,1.0,1,4,2,5.0,,0.0,0,2002.0,A01,138Â 200Â 698,2.0,6.0,-1.0,1731788,1.0,30,,0.0,2.0,2.0,A01,138Â 200Â 698,1.0
1014529,201900056060,8,16,14:55,1,2,2,1.0,3.0,64024,CINQ CANTONS (RUE DES),M,"43,4884200"," -1,5222400",64,2019,50.0,1.0,1.0,4.0,2268839,1.0,1,4,2,5.0,,0.0,0,2002.0,A01,138Â 200Â 698,2.0,6.0,-1.0,1731789,1.0,7,,0.0,2.0,3.0,B01,138Â 200Â 699,1.0
1014529,201900056060,8,16,14:55,1,2,2,1.0,3.0,64024,CINQ CANTONS (RUE DES),M,"43,4884200"," -1,5222400",64,2019,50.0,1.0,1.0,4.0,2268840,1.0,1,1,1,3.0,,0.0,0,1946.0,B01,138Â 200Â 699,1.0,8.0,-1.0,1731788,1.0,30,,0.0,2.0,2.0,A01,138Â 200Â 698,1.0
1014529,201900056060,8,16,14:55,1,2,2,1.0,3.0,64024,CINQ CANTONS (RUE DES),M,"43,4884200"," -1,5222400",64,2019,50.0,1.0,1.0,4.0,2268840,1.0,1,1,1,3.0,,0.0,0,1946.0,B01,138Â 200Â 699,1.0,8.0,-1.0,1731789,1.0,7,,0.0,2.0,3.0,B01,138Â 200Â 699,1.0
1014530,201900056061,8,18,23:40,5,2,3,1.0,3.0,62667,SAN MARTIN ( Rue du GÃ©nÃ©ral ),M,"50,7100000","1,5829970",62,2019,50.0,1.0,1.0,4.0,2268841,1.0,1,4,1,-1.0,,-1.0, -1,1987.0,B01,138Â 200Â 696,2.0,0.0,0.0,1731790,3.0,33,,0.0,2.0,0.0,B01,138Â 200Â 696,1.0
1014530,201900056061,8,18,23:40,5,2,3,1.0,3.0,62667,SAN MARTIN ( Rue du GÃ©nÃ©ral ),M,"50,7100000","1,5829970",62,2019,50.0,1.0,1.0,4.0,2268841,1.0,1,4,1,-1.0,,-1.0, -1,1987.0,B01,138Â 200Â 696,2.0,0.0,0.0,1731791,3.0,33,,0.0,2.0,0.0,A01,138Â 200Â 697,1.0
1014530,201900056061,8,18,23:40,5,2,3,1.0,3.0,62667,SAN MARTIN ( Rue du GÃ©nÃ©ral ),M,"50,7100000","1,5829970",62,2019,50.0,1.0,1.0,4.0,2268842,1.0,1,4,1,0.0,,-1.0, -1,1987.0,A01,138Â 200Â 697,2.0,6.0,-1.0,1731790,3.0,33,,0.0,2.0,0.0,B01,138Â 200Â 696,1.0
1014530,201900056061,8,18,23:40,5,2,3,1.0,3.0,62667,SAN MARTIN ( Rue du GÃ©nÃ©ral ),M,"50,7100000","1,5829970",62,2019,50.0,1.0,1.0,4.0,2268842,1.0,1,4,1,0.0,,-1.0, -1,1987.0,A01,138Â 200Â 697,2.0,6.0,-1.0,1731791,3.0,33,,0.0,2.0,0.0,A01,138Â 200Â 697,1.0
1014531,201900056062,8,15,00:00,5,2,1,8.0,6.0,59178,FAUBOURG DE PARIS (RUE DU),M,"50,3536300","3,0848000",59,2019,50.0,3.0,2.0,3.0,2268843,1.0,1,2,1,5.0,,-1.0, -1,2003.0,A01,138Â 200Â 695,8.0,0.0,-1.0,1731792,1.0,31,,8.0,0.0,1.0,A01,138Â 200Â 695,1.0
1014531,201900056062,8,15,00:00,5,2,1,8.0,6.0,59178,FAUBOURG DE PARIS (RUE DU),M,"50,3536300","3,0848000",59,2019,50.0,3.0,2.0,3.0,2268844,2.0,2,4,1,5.0,,-1.0, -1,2002.0,A01,138Â 200Â 695,8.0,0.0,-1.0,1731792,1.0,31,,8.0,0.0,1.0,A01,138Â 200Â 695,1.0
1014532,201900056063,8,17,20:15,1,2,3,1.0,6.0,56083,POMPIDOU (AV GEORGES),M,"47,8016800"," -3,2637900",56,2019,50.0,1.0,1.0,4.0,2268845,1.0,1,4,1,5.0,,0.0,0,1980.0,A01,138Â 200Â 692,1.0,8.0,-1.0,1731793,2.0,7,,9.0,0.0,1.0,A01,138Â 200Â 692,1.0
1014533,201900056064,8,17,15:25,1,2,1,1.0,2.0,56083,Rue du BouetiÃ«z,M,"47,8070300"," -3,2446900",56,2019,30.0,1.0,1.0,3.0,2268846,1.0,1,1,1,5.0,,0.0,0,1957.0,B01,138Â 200Â 690,1.0,8.0,-1.0,1731794,1.0,7,,0.0,2.0,4.0,B01,138Â 200Â 690,1.0
1014533,201900056064,8,17,15:25,1,2,1,1.0,2.0,56083,Rue du BouetiÃ«z,M,"47,8070300"," -3,2446900",56,2019,30.0,1.0,1.0,3.0,2268846,1.0,1,1,1,5.0,,0.0,0,1957.0,B01,138Â 200Â 690,1.0,8.0,-1.0,1731795,1.0,1,,0.0,2.0,1.0,A01,138Â 200Â 691,5.0
1014533,201900056064,8,17,15:25,1,2,1,1.0,2.0,56083,Rue du BouetiÃ«z,M,"47,8070300"," -3,2446900",56,2019,30.0,1.0,1.0,3.0,2268847,1.0,1,4,1,5.0,,-1.0, -1,1974.0,A01,138Â 200Â 691,2.0,8.0,-1.0,1731794,1.0,7,,0.0,2.0,4.0,B01,138Â 200Â 690,1.0
1014533,201900056064,8,17,15:25,1,2,1,1.0,2.0,56083,Rue du BouetiÃ«z,M,"47,8070300"," -3,2446900",56,2019,30.0,1.0,1.0,3.0,2268847,1.0,1,4,1,5.0,,-1.0, -1,1974.0,A01,138Â 200Â 691,2.0,8.0,-1.0,1731795,1.0,1,,0.0,2.0,1.0,A01,138Â 200Â 691,5.0
1014534,201900056065,8,17,12:02,1,2,1,1.0,2.0,56121,LAENNEC ( BD ),M,"47,7582600"," -3,3607000",56,2019,30.0,1.0,1.0,4.0,2268848,1.0,1,1,1,5.0,,0.0,0,1996.0,A01,138Â 200Â 688,1.0,8.0,-1.0,1731796,1.0,7,,0.0,2.0,1.0,A01,138Â 200Â 688,1.0
1014534,201900056065,8,17,12:02,1,2,1,1.0,2.0,56121,LAENNEC ( BD ),M,"47,7582600"," -3,3607000",56,2019,30.0,1.0,1.0,4.0,2268848,1.0,1,1,1,5.0,,0.0,0,1996.0,A01,138Â 200Â 688,1.0,8.0,-1.0,1731797,1.0,7,,0.0,2.0,4.0,B01,138Â 200Â 689,1.0
1014534,201900056065,8,17,12:02,1,2,1,1.0,2.0,56121,LAENNEC ( BD ),M,"47,7582600"," -3,3607000",56,2019,30.0,1.0,1.0,4.0,2268849,1.0,1,1,1,5.0,,0.0,0,1971.0,B01,138Â 200Â 689,1.0,8.0,-1.0,1731796,1.0,7,,0.0,2.0,1.0,A01,138Â 200Â 688,1.0
1014534,201900056065,8,17,12:02,1,2,1,1.0,2.0,56121,LAENNEC ( BD ),M,"47,7582600"," -3,3607000",56,2019,30.0,1.0,1.0,4.0,2268849,1.0,1,1,1,5.0,,0.0,0,1971.0,B01,138Â 200Â 689,1.0,8.0,-1.0,1731797,1.0,7,,0.0,2.0,4.0,B01,138Â 200Â 689,1.0
1014534,201900056065,8,17,12:02,1,2,1,1.0,2.0,56121,LAENNEC ( BD ),M,"47,7582600"," -3,3607000",56,2019,30.0,1.0,1.0,4.0,2268850,2.0,2,4,1,5.0,,0.0,0,1968.0,B01,138Â 200Â 689,1.0,8.0,-1.0,1731796,1.0,7,,0.0,2.0,1.0,A01,138Â 200Â 688,1.0
1014534,201900056065,8,17,12:02,1,2,1,1.0,2.0,56121,LAENNEC ( BD ),M,"47,7582600"," -3,3607000",56,2019,30.0,1.0,1.0,4.0,2268850,2.0,2,4,1,5.0,,0.0,0,1968.0,B01,138Â 200Â 689,1.0,8.0,-1.0,1731797,1.0,7,,0.0,2.0,4.0,B01,138Â 200Â 689,1.0
1014535,201900056066,8,17,05:10,4,2,1,3.0,6.0,56121,Avenue LÃ©nine,M,"47,7640600"," -3,3680800",56,2019,50.0,1.0,2.0,4.0,2268851,1.0,1,1,1,5.0,,0.0,0,1998.0,A01,138Â 200Â 687,1.0,8.0,-1.0,1731798,1.0,7,,15.0,0.0,1.0,A01,138Â 200Â 687,1.0
1014535,201900056066,8,17,05:10,4,2,1,3.0,6.0,56121,Avenue LÃ©nine,M,"47,7640600"," -3,3680800",56,2019,50.0,1.0,2.0,4.0,2268852,3.0,2,4,1,5.0,,0.0,0,2004.0,A01,138Â 200Â 687,1.0,8.0,-1.0,1731798,1.0,7,,15.0,0.0,1.0,A01,138Â 200Â 687,1.0
1014535,201900056066,8,17,05:10,4,2,1,3.0,6.0,56121,Avenue LÃ©nine,M,"47,7640600"," -3,3680800",56,2019,50.0,1.0,2.0,4.0,2268853,4.0,2,4,2,5.0,,0.0,0,2002.0,A01,138Â 200Â 687,1.0,8.0,-1.0,1731798,1.0,7,,15.0,0.0,1.0,A01,138Â 200Â 687,1.0
1014535,201900056066,8,17,05:10,4,2,1,3.0,6.0,56121,Avenue LÃ©nine,M,"47,7640600"," -3,3680800",56,2019,50.0,1.0,2.0,4.0,2268854,2.0,2,4,1,5.0,,0.0,0,2002.0,A01,138Â 200Â 687,1.0,8.0,-1.0,1731798,1.0,7,,15.0,0.0,1.0,A01,138Â 200Â 687,1.0
1014536,201900056067,8,16,16:10,1,2,1,2.0,6.0,56107,KERNEVEL (PORT DU),M,"47,7178600"," -3,3700100",56,2019,30.0,1.0,2.0,6.0,2268855,1.0,1,4,2,5.0,,0.0,0,1960.0,A01,138Â 200Â 686,2.0,8.0,-1.0,1731799,3.0,1,,12.0,0.0,7.0,A01,138Â 200Â 686,5.0
1014537,201900056068,8,19,09:00,1,2,1,1.0,2.0,51454,BOULEVARD SAINT MARCEAUX,M,"49,2543400","4,0456700",51,2019,50.0,1.0,1.0,4.0,2268856,1.0,1,1,1,5.0,,-1.0,0,1997.0,A01,138Â 200Â 683,1.0,7.0,-1.0,1731800,0.0,7,,0.0,2.0,1.0,A01,138Â 200Â 683,1.0
1014537,201900056068,8,19,09:00,1,2,1,1.0,2.0,51454,BOULEVARD SAINT MARCEAUX,M,"49,2543400","4,0456700",51,2019,50.0,1.0,1.0,4.0,2268856,1.0,1,1,1,5.0,,-1.0,0,1997.0,A01,138Â 200Â 683,1.0,7.0,-1.0,1731801,1.0,7,,1.0,2.0,4.0,B01,138Â 200Â 684,1.0
1014537,201900056068,8,19,09:00,1,2,1,1.0,2.0,51454,BOULEVARD SAINT MARCEAUX,M,"49,2543400","4,0456700",51,2019,50.0,1.0,1.0,4.0,2268857,1.0,1,4,2,5.0,,-1.0,0,1985.0,B01,138Â 200Â 684,1.0,8.0,-1.0,1731800,0.0,7,,0.0,2.0,1.0,A01,138Â 200Â 683,1.0
1014537,201900056068,8,19,09:00,1,2,1,1.0,2.0,51454,BOULEVARD SAINT MARCEAUX,M,"49,2543400","4,0456700",51,2019,50.0,1.0,1.0,4.0,2268857,1.0,1,4,2,5.0,,-1.0,0,1985.0,B01,138Â 200Â 684,1.0,8.0,-1.0,1731801,1.0,7,,1.0,2.0,4.0,B01,138Â 200Â 684,1.0
1014538,201900056069,8,17,05:45,5,2,1,1.0,6.0,50602,MARITIME (BOULEVARD),M,"49,6467300"," -1,5942200",50,2019,30.0,1.0,1.0,4.0,2268858,1.0,1,4,1,5.0,,-1.0,0,1987.0,A01,138Â 200Â 682,2.0,8.0,-1.0,1731802,0.0,2,,11.0,0.0,2.0,A01,138Â 200Â 682,1.0
1014539,201900056070,8,16,19:25,1,2,1,1.0,6.0,49267,PELLERINIERE,M,"47,4581400"," -0,4829000",49,2019,60.0,1.0,1.0,4.0,2268859,1.0,1,1,2,0.0,,-1.0, -1,1969.0,A01,138Â 200Â 680,1.0,8.0,-1.0,1731803,1.0,7,,0.0,2.0,3.0,A01,138Â 200Â 680,1.0
1014539,201900056070,8,16,19:25,1,2,1,1.0,6.0,49267,PELLERINIERE,M,"47,4581400"," -0,4829000",49,2019,60.0,1.0,1.0,4.0,2268859,1.0,1,1,2,0.0,,-1.0, -1,1969.0,A01,138Â 200Â 680,1.0,8.0,-1.0,1731804,1.0,1,,0.0,2.0,4.0,B01,138Â 200Â 681,5.0
1014539,201900056070,8,16,19:25,1,2,1,1.0,6.0,49267,PELLERINIERE,M,"47,4581400"," -0,4829000",49,2019,60.0,1.0,1.0,4.0,2268860,1.0,1,4,2,0.0,,-1.0,0,1979.0,B01,138Â 200Â 681,8.0,0.0,-1.0,1731803,1.0,7,,0.0,2.0,3.0,A01,138Â 200Â 680,1.0
1014539,201900056070,8,16,19:25,1,2,1,1.0,6.0,49267,PELLERINIERE,M,"47,4581400"," -0,4829000",49,2019,60.0,1.0,1.0,4.0,2268860,1.0,1,4,2,0.0,,-1.0,0,1979.0,B01,138Â 200Â 681,8.0,0.0,-1.0,1731804,1.0,1,,0.0,2.0,4.0,B01,138Â 200Â 681,5.0
1014540,201900056071,8,16,09:31,1,2,1,1.0,6.0,49015,PERRIERE ROUTE DE LA,M,"47,5076800"," -0,5821500",49,2019,60.0,1.0,1.0,4.0,2268861,1.0,1,4,1,0.0,,-1.0,0,1997.0,B01,138Â 200Â 678,8.0,0.0,-1.0,1731805,1.0,1,,0.0,2.0,1.0,B01,138Â 200Â 678,5.0
1014540,201900056071,8,16,09:31,1,2,1,1.0,6.0,49015,PERRIERE ROUTE DE LA,M,"47,5076800"," -0,5821500",49,2019,60.0,1.0,1.0,4.0,2268861,1.0,1,4,1,0.0,,-1.0,0,1997.0,B01,138Â 200Â 678,8.0,0.0,-1.0,1731806,1.0,1,,0.0,2.0,3.0,A01,138Â 200Â 679,5.0
1014540,201900056071,8,16,09:31,1,2,1,1.0,6.0,49015,PERRIERE ROUTE DE LA,M,"47,5076800"," -0,5821500",49,2019,60.0,1.0,1.0,4.0,2268862,1.0,1,4,1,0.0,,-1.0, -1,1997.0,A01,138Â 200Â 679,8.0,0.0,-1.0,1731805,1.0,1,,0.0,2.0,1.0,B01,138Â 200Â 678,5.0
1014540,201900056071,8,16,09:31,1,2,1,1.0,6.0,49015,PERRIERE ROUTE DE LA,M,"47,5076800"," -0,5821500",49,2019,60.0,1.0,1.0,4.0,2268862,1.0,1,4,1,0.0,,-1.0, -1,1997.0,A01,138Â 200Â 679,8.0,0.0,-1.0,1731806,1.0,1,,0.0,2.0,3.0,A01,138Â 200Â 679,5.0
1014541,201900056072,8,16,19:48,1,2,1,1.0,7.0,49267,ROMANERIE BOULEVARD,M,"47,4823400"," -0,4978400",49,2019,60.0,1.0,1.0,4.0,2268863,1.0,1,4,1,0.0,,-1.0, -1,1980.0,A01,138Â 200Â 677,2.0,8.0,-1.0,1731807,1.0,30,,0.0,0.0,9.0,A01,138Â 200Â 677,1.0
1014542,201900056073,8,20,01:05,5,2,1,1.0,6.0,38185,AVENUE LÃON BLUM,M,"45,1693800","5,7224200",38,2019,50.0,1.0,1.0,4.0,2268864,1.0,1,4,1,0.0,,0.0,0,1998.0,A01,138Â 200Â 676,1.0,0.0,-1.0,1731808,3.0,10,,1.0,0.0,1.0,A01,138Â 200Â 676,1.0
1014542,201900056073,8,20,01:05,5,2,1,1.0,6.0,38185,AVENUE LÃON BLUM,M,"45,1693800","5,7224200",38,2019,50.0,1.0,1.0,4.0,2268865,2.0,2,3,1,0.0,,0.0,0,1993.0,A01,138Â 200Â 676,1.0,0.0,-1.0,1731808,3.0,10,,1.0,0.0,1.0,A01,138Â 200Â 676,1.0
1014543,201900056074,8,19,21:00,2,2,1,1.0,3.0,37214,DE GAULLE (BD CHARLES),M,"47,4213614","0,6608162",37,2019,30.0,1.0,1.0,4.0,2268866,1.0,1,1,1,5.0,,-1.0,0,1997.0,A01,138Â 200Â 674,1.0,8.0,-1.0,1731809,2.0,7,,0.0,2.0,2.0,A01,138Â 200Â 674,1.0
1014543,201900056074,8,19,21:00,2,2,1,1.0,3.0,37214,DE GAULLE (BD CHARLES),M,"47,4213614","0,6608162",37,2019,30.0,1.0,1.0,4.0,2268866,1.0,1,1,1,5.0,,-1.0,0,1997.0,A01,138Â 200Â 674,1.0,8.0,-1.0,1731810,3.0,1,,0.0,2.0,1.0,B01,138Â 200Â 675,5.0
1014543,201900056074,8,19,21:00,2,2,1,1.0,3.0,37214,DE GAULLE (BD CHARLES),M,"47,4213614","0,6608162",37,2019,30.0,1.0,1.0,4.0,2268867,1.0,1,3,2,5.0,,-1.0,0,1982.0,B01,138Â 200Â 675,8.0,0.0,-1.0,1731809,2.0,7,,0.0,2.0,2.0,A01,138Â 200Â 674,1.0
1014543,201900056074,8,19,21:00,2,2,1,1.0,3.0,37214,DE GAULLE (BD CHARLES),M,"47,4213614","0,6608162",37,2019,30.0,1.0,1.0,4.0,2268867,1.0,1,3,2,5.0,,-1.0,0,1982.0,B01,138Â 200Â 675,8.0,0.0,-1.0,1731810,3.0,1,,0.0,2.0,1.0,B01,138Â 200Â 675,5.0
1014544,201900056075,8,17,23:30,3,1,1,3.0,6.0,35051,D 175,M,"48,1541300"," -1,6244100",35,2019,50.0,1.0,2.0,3.0,2268868,1.0,1,4,2,5.0,,-1.0, -1,1981.0,A01,138Â 200Â 673,1.0,0.0,-1.0,1731811,2.0,7,,3.0,0.0,1.0,A01,138Â 200Â 673,1.0
1014545,201900056076,8,18,01:00,3,1,1,3.0,2.0,35238,RN136,M,"48,0875430"," -1,6351960",35,2019,90.0,1.0,2.0,2.0,2268869,1.0,1,4,2,5.0,,-1.0,0,1974.0,B01,138Â 200Â 671,1.0,8.0,-1.0,1731812,1.0,7,,3.0,0.0,4.0,B01,138Â 200Â 671,1.0
1014545,201900056076,8,18,01:00,3,1,1,3.0,2.0,35238,RN136,M,"48,0875430"," -1,6351960",35,2019,90.0,1.0,2.0,2.0,2268869,1.0,1,4,2,5.0,,-1.0,0,1974.0,B01,138Â 200Â 671,1.0,8.0,-1.0,1731813,1.0,7,,3.0,2.0,1.0,A01,138Â 200Â 672,1.0
1014545,201900056076,8,18,01:00,3,1,1,3.0,2.0,35238,RN136,M,"48,0875430"," -1,6351960",35,2019,90.0,1.0,2.0,2.0,2268870,1.0,1,4,1,5.0,,-1.0, -1,1992.0,A01,138Â 200Â 672,1.0,8.0,-1.0,1731812,1.0,7,,3.0,0.0,4.0,B01,138Â 200Â 671,1.0
1014545,201900056076,8,18,01:00,3,1,1,3.0,2.0,35238,RN136,M,"48,0875430"," -1,6351960",35,2019,90.0,1.0,2.0,2.0,2268870,1.0,1,4,1,5.0,,-1.0, -1,1992.0,A01,138Â 200Â 672,1.0,8.0,-1.0,1731813,1.0,7,,3.0,2.0,1.0,A01,138Â 200Â 672,1.0
1014546,201900056077,8,19,16:20,1,2,2,1.0,2.0,34172,CHOLET (RUE DE),M,"43,5835300","3,8661900",34,2019,50.0,1.0,1.0,4.0,2268871,1.0,1,1,1,5.0,,0.0,0,1987.0,A01,138Â 200Â 669,1.0,0.0,-1.0,1731814,1.0,7,,0.0,2.0,3.0,A01,138Â 200Â 669,1.0
1014546,201900056077,8,19,16:20,1,2,2,1.0,2.0,34172,CHOLET (RUE DE),M,"43,5835300","3,8661900",34,2019,50.0,1.0,1.0,4.0,2268871,1.0,1,1,1,5.0,,0.0,0,1987.0,A01,138Â 200Â 669,1.0,0.0,-1.0,1731815,1.0,7,,0.0,2.0,5.0,B01,138Â 200Â 670,1.0
1014546,201900056077,8,19,16:20,1,2,2,1.0,2.0,34172,CHOLET (RUE DE),M,"43,5835300","3,8661900",34,2019,50.0,1.0,1.0,4.0,2268872,2.0,2,4,2,5.0,,0.0,0,1987.0,B01,138Â 200Â 670,1.0,0.0,-1.0,1731814,1.0,7,,0.0,2.0,3.0,A01,138Â 200Â 669,1.0
1014546,201900056077,8,19,16:20,1,2,2,1.0,2.0,34172,CHOLET (RUE DE),M,"43,5835300","3,8661900",34,2019,50.0,1.0,1.0,4.0,2268872,2.0,2,4,2,5.0,,0.0,0,1987.0,B01,138Â 200Â 670,1.0,0.0,-1.0,1731815,1.0,7,,0.0,2.0,5.0,B01,138Â 200Â 670,1.0
1014546,201900056077,8,19,16:20,1,2,2,1.0,2.0,34172,CHOLET (RUE DE),M,"43,5835300","3,8661900",34,2019,50.0,1.0,1.0,4.0,2268873,1.0,1,1,2,5.0,,0.0,0,1992.0,B01,138Â 200Â 670,1.0,0.0,-1.0,1731814,1.0,7,,0.0,2.0,3.0,A01,138Â 200Â 669,1.0
1014546,201900056077,8,19,16:20,1,2,2,1.0,2.0,34172,CHOLET (RUE DE),M,"43,5835300","3,8661900",34,2019,50.0,1.0,1.0,4.0,2268873,1.0,1,1,2,5.0,,0.0,0,1992.0,B01,138Â 200Â 670,1.0,0.0,-1.0,1731815,1.0,7,,0.0,2.0,5.0,B01,138Â 200Â 670,1.0