Unnamed: 0_x,num_acc,mois,jour,hrmn,lum,agg,int,atm,col,com,adr,gps,lat,long,dep,annee,vma,situ,surf,catr,Unnamed: 0_y,place,catu,grav,sexe,trajet,secu,locp,actp,an_nais,num_veh_x,id_vehicule_x,secu1,secu2,secu3,Unnamed: 0,senc,catv,occutc,obs,obsm,choc,num_veh_y,id_vehicule_y,motor
1014547,201900056078,8,18,12:00,1,2,1,1.0,4.0,34172,PRES D'ARENES (ROND-POINT DES),M,"43,5889300","3,8909100",34,2019,50.0,1.0,1.0,4.0,2268874,1.0,1,1,1,9.0,,0.0,0,1989.0,C01,138Â 200Â 666,1.0,8.0,-1.0,1731816,3.0,10,,0.0,2.0,4.0,C01,138Â 200Â 666,1.0
1014547,201900056078,8,18,12:00,1,2,1,1.0,4.0,34172,PRES D'ARENES (ROND-POINT DES),M,"43,5889300","3,8909100",34,2019,50.0,1.0,1.0,4.0,2268874,1.0,1,1,1,9.0,,0.0,0,1989.0,C01,138Â 200Â 666,1.0,8.0,-1.0,1731817,3.0,10,,0.0,2.0,0.0,B01,138Â 200Â 667,1.0
1014547,201900056078,8,18,12:00,1,2,1,1.0,4.0,34172,PRES D'ARENES (ROND-POINT DES),M,"43,5889300","3,8909100",34,2019,50.0,1.0,1.0,4.0,2268874,1.0,1,1,1,9.0,,0.0,0,1989.0,C01,138Â 200Â 666,1.0,8.0,-1.0,1731818,3.0,10,,0.0,2.0,1.0,A01,138Â 200Â 668,1.0
1014547,201900056078,8,18,12:00,1,2,1,1.0,4.0,34172,PRES D'ARENES (ROND-POINT DES),M,"43,5889300","3,8909100",34,2019,50.0,1.0,1.0,4.0,2268875,1.0,1,4,2,9.0,,0.0,0,1998.0,B01,138Â 200Â 667,1.0,8.0,-1.0,1731816,3.0,10,,0.0,2.0,4.0,C01,138Â 200Â 666,1.0
1014547,201900056078,8,18,12:00,1,2,1,1.0,4.0,34172,PRES D'ARENES (ROND-POINT DES),M,"43,5889300","3,8909100",34,2019,50.0,1.0,1.0,4.0,2268875,1.0,1,4,2,9.0,,0.0,0,1998.0,B01,138Â 200Â 667,1.0,8.0,-1.0,1731817,3.0,10,,0.0,2.0,0.0,B01,138Â 200Â 667,1.0
1014547,201900056078,8,18,12:00,1,2,1,1.0,4.0,34172,PRES D'ARENES (ROND-POINT DES),M,"43,5889300","3,8909100",34,2019,50.0,1.0,1.0,4.0,2268875,1.0,1,4,2,9.0,,0.0,0,1998.0,B01,138Â 200Â 667,1.0,8.0,-1.0,1731818,3.0,10,,0.0,2.0,1.0,A01,138Â 200Â 668,1.0
1014547,201900056078,8,18,12:00,1,2,1,1.0,4.0,34172,PRES D'ARENES (ROND-POINT DES),M,"43,5889300","3,8909100",34,2019,50.0,1.0,1.0,4.0,2268876,1.0,1,1,1,5.0,,0.0,0,1995.0,A01,138Â 200Â 668,1.0,8.0,-1.0,1731816,3.0,10,,0.0,2.0,4.0,C01,138Â 200Â 666,1.0
1014547,201900056078,8,18,12:00,1,2,1,1.0,4.0,34172,PRES D'ARENES (ROND-POINT DES),M,"43,5889300","3,8909100",34,2019,50.0,1.0,1.0,4.0,2268876,1.0,1,1,1,5.0,,0.0,0,1995.0,A01,138Â 200Â 668,1.0,8.0,-1.0,1731817,3.0,10,,0.0,2.0,0.0,B01,138Â 200Â 667,1.0
1014547,201900056078,8,18,12:00,1,2,1,1.0,4.0,34172,PRES D'ARENES (ROND-POINT DES),M,"43,5889300","3,8909100",34,2019,50.0,1.0,1.0,4.0,2268876,1.0,1,1,1,5.0,,0.0,0,1995.0,A01,138Â 200Â 668,1.0,8.0,-1.0,1731818,3.0,10,,0.0,2.0,1.0,A01,138Â 200Â 668,1.0
1014548,201900056079,8,17,20:25,1,2,1,1.0,6.0,34336,BEREGOVOY (AVENUE PIERRE),M,"43,3236200","3,2629400",34,2019,50.0,1.0,1.0,4.0,2268877,1.0,1,2,1,5.0,,0.0,0,1961.0,A01,138Â 200Â 665,8.0,8.0,-1.0,1731819,1.0,7,,2.0,0.0,1.0,A01,138Â 200Â 665,1.0
1014549,201900056080,8,18,22:10,5,2,2,3.0,5.0,33063,BD DU PRESIDENT WILSON,M,"44,8366100"," -0,5990300",33,2019,50.0,8.0,2.0,4.0,2268878,3.0,2,4,1,5.0,,-1.0, -1,1950.0,D01,138Â 200Â 662,1.0,0.0,0.0,1731820,2.0,7,,0.0,2.0,1.0,D01,138Â 200Â 662,1.0
1014549,201900056080,8,18,22:10,5,2,2,3.0,5.0,33063,BD DU PRESIDENT WILSON,M,"44,8366100"," -0,5990300",33,2019,50.0,8.0,2.0,4.0,2268878,3.0,2,4,1,5.0,,-1.0, -1,1950.0,D01,138Â 200Â 662,1.0,0.0,0.0,1731821,2.0,7,,0.0,2.0,1.0,F01,138Â 200Â 663,1.0
1014549,201900056080,8,18,22:10,5,2,2,3.0,5.0,33063,BD DU PRESIDENT WILSON,M,"44,8366100"," -0,5990300",33,2019,50.0,8.0,2.0,4.0,2268878,3.0,2,4,1,5.0,,-1.0, -1,1950.0,D01,138Â 200Â 662,1.0,0.0,0.0,1731822,2.0,10,,0.0,2.0,7.0,E01,138Â 200Â 664,1.0
1014549,201900056080,8,18,22:10,5,2,2,3.0,5.0,33063,BD DU PRESIDENT WILSON,M,"44,8366100"," -0,5990300",33,2019,50.0,8.0,2.0,4.0,2268879,1.0,1,1,1,5.0,,-1.0, -1,1963.0,D01,138Â 200Â 662,1.0,0.0,0.0,1731820,2.0,7,,0.0,2.0,1.0,D01,138Â 200Â 662,1.0
1014549,201900056080,8,18,22:10,5,2,2,3.0,5.0,33063,BD DU PRESIDENT WILSON,M,"44,8366100"," -0,5990300",33,2019,50.0,8.0,2.0,4.0,2268879,1.0,1,1,1,5.0,,-1.0, -1,1963.0,D01,138Â 200Â 662,1.0,0.0,0.0,1731821,2.0,7,,0.0,2.0,1.0,F01,138Â 200Â 663,1.0
1014549,201900056080,8,18,22:10,5,2,2,3.0,5.0,33063,BD DU PRESIDENT WILSON,M,"44,8366100"," -0,5990300",33,2019,50.0,8.0,2.0,4.0,2268879,1.0,1,1,1,5.0,,-1.0, -1,1963.0,D01,138Â 200Â 662,1.0,0.0,0.0,1731822,2.0,10,,0.0,2.0,7.0,E01,138Â 200Â 664,1.0
1014549,201900056080,8,18,22:10,5,2,2,3.0,5.0,33063,BD DU PRESIDENT WILSON,M,"44,8366100"," -0,5990300",33,2019,50.0,8.0,2.0,4.0,2268880,2.0,2,4,2,5.0,,-1.0, -1,2000.0,D01,138Â 200Â 662,1.0,0.0,0.0,1731820,2.0,7,,0.0,2.0,1.0,D01,138Â 200Â 662,1.0
1014549,201900056080,8,18,22:10,5,2,2,3.0,5.0,33063,BD DU PRESIDENT WILSON,M,"44,8366100"," -0,5990300",33,2019,50.0,8.0,2.0,4.0,2268880,2.0,2,4,2,5.0,,-1.0, -1,2000.0,D01,138Â 200Â 662,1.0,0.0,0.0,1731821,2.0,7,,0.0,2.0,1.0,F01,138Â 200Â 663,1.0
1014549,201900056080,8,18,22:10,5,2,2,3.0,5.0,33063,BD DU PRESIDENT WILSON,M,"44,8366100"," -0,5990300",33,2019,50.0,8.0,2.0,4.0,2268880,2.0,2,4,2,5.0,,-1.0, -1,2000.0,D01,138Â 200Â 662,1.0,0.0,0.0,1731822,2.0,10,,0.0,2.0,7.0,E01,138Â 200Â 664,1.0
1014549,201900056080,8,18,22:10,5,2,2,3.0,5.0,33063,BD DU PRESIDENT WILSON,M,"44,8366100"," -0,5990300",33,2019,50.0,8.0,2.0,4.0,2268881,2.0,2,4,2,0.0,,-1.0, -1,1950.0,F01,138Â 200Â 663,1.0,0.0,0.0,1731820,2.0,7,,0.0,2.0,1.0,D01,138Â 200Â 662,1.0
1014549,201900056080,8,18,22:10,5,2,2,3.0,5.0,33063,BD DU PRESIDENT WILSON,M,"44,8366100"," -0,5990300",33,2019,50.0,8.0,2.0,4.0,2268881,2.0,2,4,2,0.0,,-1.0, -1,1950.0,F01,138Â 200Â 663,1.0,0.0,0.0,1731821,2.0,7,,0.0,2.0,1.0,F01,138Â 200Â 663,1.0
1014549,201900056080,8,18,22:10,5,2,2,3.0,5.0,33063,BD DU PRESIDENT WILSON,M,"44,8366100"," -0,5990300",33,2019,50.0,8.0,2.0,4.0,2268881,2.0,2,4,2,0.0,,-1.0, -1,1950.0,F01,138Â 200Â 663,1.0,0.0,0.0,1731822,2.0,10,,0.0,2.0,7.0,E01,138Â 200Â 664,1.0
1014549,201900056080,8,18,22:10,5,2,2,3.0,5.0,33063,BD DU PRESIDENT WILSON,M,"44,8366100"," -0,5990300",33,2019,50.0,8.0,2.0,4.0,2268882,1.0,1,1,1,-1.0,,-1.0, -1,1987.0,F01,138Â 200Â 663,1.0,0.0,0.0,1731820,2.0,7,,0.0,2.0,1.0,D01,138Â 200Â 662,1.0
1014549,201900056080,8,18,22:10,5,2,2,3.0,5.0,33063,BD DU PRESIDENT WILSON,M,"44,8366100"," -0,5990300",33,2019,50.0,8.0,2.0,4.0,2268882,1.0,1,1,1,-1.0,,-1.0, -1,1987.0,F01,138Â 200Â 663,1.0,0.0,0.0,1731821,2.0,7,,0.0,2.0,1.0,F01,138Â 200Â 663,1.0
1014549,201900056080,8,18,22:10,5,2,2,3.0,5.0,33063,BD DU PRESIDENT WILSON,M,"44,8366100"," -0,5990300",33,2019,50.0,8.0,2.0,4.0,2268882,1.0,1,1,1,-1.0,,-1.0, -1,1987.0,F01,138Â 200Â 663,1.0,0.0,0.0,1731822,2.0,10,,0.0,2.0,7.0,E01,138Â 200Â 664,1.0
1014549,201900056080,8,18,22:10,5,2,2,3.0,5.0,33063,BD DU PRESIDENT WILSON,M,"44,8366100"," -0,5990300",33,2019,50.0,8.0,2.0,4.0,2268883,3.0,2,4,1,-1.0,,-1.0, -1,1952.0,F01,138Â 200Â 663,1.0,0.0,0.0,1731820,2.0,7,,0.0,2.0,1.0,D01,138Â 200Â 662,1.0
1014549,201900056080,8,18,22:10,5,2,2,3.0,5.0,33063,BD DU PRESIDENT WILSON,M,"44,8366100"," -0,5990300",33,2019,50.0,8.0,2.0,4.0,2268883,3.0,2,4,1,-1.0,,-1.0, -1,1952.0,F01,138Â 200Â 663,1.0,0.0,0.0,1731821,2.0,7,,0.0,2.0,1.0,F01,138Â 200Â 663,1.0
1014549,201900056080,8,18,22:10,5,2,2,3.0,5.0,33063,BD DU PRESIDENT WILSON,M,"44,8366100"," -0,5990300",33,2019,50.0,8.0,2.0,4.0,2268883,3.0,2,4,1,-1.0,,-1.0, -1,1952.0,F01,138Â 200Â 663,1.0,0.0,0.0,1731822,2.0,10,,0.0,2.0,7.0,E01,138Â 200Â 664,1.0
1014549,201900056080,8,18,22:10,5,2,2,3.0,5.0,33063,BD DU PRESIDENT WILSON,M,"44,8366100"," -0,5990300",33,2019,50.0,8.0,2.0,4.0,2268884,2.0,2,1,2,4.0,,-1.0, -1,1960.0,E01,138Â 200Â 664,1.0,0.0,0.0,1731820,2.0,7,,0.0,2.0,1.0,D01,138Â 200Â 662,1.0
1014549,201900056080,8,18,22:10,5,2,2,3.0,5.0,33063,BD DU PRESIDENT WILSON,M,"44,8366100"," -0,5990300",33,2019,50.0,8.0,2.0,4.0,2268884,2.0,2,1,2,4.0,,-1.0, -1,1960.0,E01,138Â 200Â 664,1.0,0.0,0.0,1731821,2.0,7,,0.0,2.0,1.0,F01,138Â 200Â 663,1.0
1014549,201900056080,8,18,22:10,5,2,2,3.0,5.0,33063,BD DU PRESIDENT WILSON,M,"44,8366100"," -0,5990300",33,2019,50.0,8.0,2.0,4.0,2268884,2.0,2,1,2,4.0,,-1.0, -1,1960.0,E01,138Â 200Â 664,1.0,0.0,0.0,1731822,2.0,10,,0.0,2.0,7.0,E01,138Â 200Â 664,1.0
1014549,201900056080,8,18,22:10,5,2,2,3.0,5.0,33063,BD DU PRESIDENT WILSON,M,"44,8366100"," -0,5990300",33,2019,50.0,8.0,2.0,4.0,2268885,1.0,1,1,1,4.0,,-1.0, -1,2000.0,E01,138Â 200Â 664,1.0,0.0,0.0,1731820,2.0,7,,0.0,2.0,1.0,D01,138Â 200Â 662,1.0
1014549,201900056080,8,18,22:10,5,2,2,3.0,5.0,33063,BD DU PRESIDENT WILSON,M,"44,8366100"," -0,5990300",33,2019,50.0,8.0,2.0,4.0,2268885,1.0,1,1,1,4.0,,-1.0, -1,2000.0,E01,138Â 200Â 664,1.0,0.0,0.0,1731821,2.0,7,,0.0,2.0,1.0,F01,138Â 200Â 663,1.0
1014549,201900056080,8,18,22:10,5,2,2,3.0,5.0,33063,BD DU PRESIDENT WILSON,M,"44,8366100"," -0,5990300",33,2019,50.0,8.0,2.0,4.0,2268885,1.0,1,1,1,4.0,,-1.0, -1,2000.0,E01,138Â 200Â 664,1.0,0.0,0.0,1731822,2.0,10,,0.0,2.0,7.0,E01,138Â 200Â 664,1.0
1014550,201900056081,8,17,12:40,1,2,2,1.0,1.0,33281,AVE DES FRERES ROBINSON,M,"44,8541000"," -0,6550000",33,2019,50.0,1.0,1.0,4.0,2268886,1.0,1,4,1,1.0,,0.0, -1,1982.0,B01,138Â 200Â 660,2.0,6.0,-1.0,1731823,0.0,31,,0.0,2.0,1.0,B01,138Â 200Â 660,1.0
1014550,201900056081,8,17,12:40,1,2,2,1.0,1.0,33281,AVE DES FRERES ROBINSON,M,"44,8541000"," -0,6550000",33,2019,50.0,1.0,1.0,4.0,2268886,1.0,1,4,1,1.0,,0.0, -1,1982.0,B01,138Â 200Â 660,2.0,6.0,-1.0,1731824,0.0,7,,0.0,2.0,2.0,A01,138Â 200Â 661,1.0
1014550,201900056081,8,17,12:40,1,2,2,1.0,1.0,33281,AVE DES FRERES ROBINSON,M,"44,8541000"," -0,6550000",33,2019,50.0,1.0,1.0,4.0,2268887,1.0,1,1,1,0.0,,0.0, -1,1999.0,A01,138Â 200Â 661,1.0,0.0,-1.0,1731823,0.0,31,,0.0,2.0,1.0,B01,138Â 200Â 660,1.0
1014550,201900056081,8,17,12:40,1,2,2,1.0,1.0,33281,AVE DES FRERES ROBINSON,M,"44,8541000"," -0,6550000",33,2019,50.0,1.0,1.0,4.0,2268887,1.0,1,1,1,0.0,,0.0, -1,1999.0,A01,138Â 200Â 661,1.0,0.0,-1.0,1731824,0.0,7,,0.0,2.0,2.0,A01,138Â 200Â 661,1.0
1014551,201900056082,8,19,16:45,1,2,1,1.0,6.0,32013,PASTEUR,M,"43,6448600","0,5895600",32,2019,50.0,1.0,1.0,4.0,2268888,10.0,3,3,1,0.0,,3.0,3,1953.0,A01,138Â 200Â 659,8.0,0.0,-1.0,1731825,1.0,31,,0.0,1.0,1.0,A01,138Â 200Â 659,1.0
1014551,201900056082,8,19,16:45,1,2,1,1.0,6.0,32013,PASTEUR,M,"43,6448600","0,5895600",32,2019,50.0,1.0,1.0,4.0,2268889,1.0,1,4,1,0.0,,-1.0,0,2002.0,A01,138Â 200Â 659,2.0,8.0,-1.0,1731825,1.0,31,,0.0,1.0,1.0,A01,138Â 200Â 659,1.0
1014552,201900056083,8,18,21:15,5,1,1,1.0,3.0,31555,VA007331 A620,M,"43,5732600","1,4377200",31,2019,90.0,1.0,1.0,1.0,2268890,1.0,1,3,1,9.0,,-1.0,0,1970.0,A01,138Â 200Â 657,2.0,8.0,-1.0,1731826,1.0,33,,0.0,2.0,8.0,A01,138Â 200Â 657,1.0
1014552,201900056083,8,18,21:15,5,1,1,1.0,3.0,31555,VA007331 A620,M,"43,5732600","1,4377200",31,2019,90.0,1.0,1.0,1.0,2268890,1.0,1,3,1,9.0,,-1.0,0,1970.0,A01,138Â 200Â 657,2.0,8.0,-1.0,1731827,1.0,7,,0.0,2.0,7.0,B01,138Â 200Â 658,1.0
1014552,201900056083,8,18,21:15,5,1,1,1.0,3.0,31555,VA007331 A620,M,"43,5732600","1,4377200",31,2019,90.0,1.0,1.0,1.0,2268891,1.0,1,1,1,9.0,,-1.0,0,1990.0,B01,138Â 200Â 658,1.0,8.0,-1.0,1731826,1.0,33,,0.0,2.0,8.0,A01,138Â 200Â 657,1.0
1014552,201900056083,8,18,21:15,5,1,1,1.0,3.0,31555,VA007331 A620,M,"43,5732600","1,4377200",31,2019,90.0,1.0,1.0,1.0,2268891,1.0,1,1,1,9.0,,-1.0,0,1990.0,B01,138Â 200Â 658,1.0,8.0,-1.0,1731827,1.0,7,,0.0,2.0,7.0,B01,138Â 200Â 658,1.0
1014553,201900056084,8,18,08:54,1,2,3,1.0,3.0,31555,AV FRIZAC,M,"43,5896500","1,4517400",31,2019,50.0,1.0,1.0,4.0,2268892,1.0,1,1,2,5.0,,-1.0,0,1954.0,A01,138Â 200Â 655,1.0,8.0,-1.0,1731828,2.0,7,,0.0,2.0,0.0,A01,138Â 200Â 655,1.0
1014553,201900056084,8,18,08:54,1,2,3,1.0,3.0,31555,AV FRIZAC,M,"43,5896500","1,4517400",31,2019,50.0,1.0,1.0,4.0,2268892,1.0,1,1,2,5.0,,-1.0,0,1954.0,A01,138Â 200Â 655,1.0,8.0,-1.0,1731829,1.0,1,,0.0,2.0,5.0,B01,138Â 200Â 656,5.0
1014553,201900056084,8,18,08:54,1,2,3,1.0,3.0,31555,AV FRIZAC,M,"43,5896500","1,4517400",31,2019,50.0,1.0,1.0,4.0,2268893,1.0,1,3,2,5.0,,-1.0,0,1953.0,B01,138Â 200Â 656,8.0,0.0,-1.0,1731828,2.0,7,,0.0,2.0,0.0,A01,138Â 200Â 655,1.0
1014553,201900056084,8,18,08:54,1,2,3,1.0,3.0,31555,AV FRIZAC,M,"43,5896500","1,4517400",31,2019,50.0,1.0,1.0,4.0,2268893,1.0,1,3,2,5.0,,-1.0,0,1953.0,B01,138Â 200Â 656,8.0,0.0,-1.0,1731829,1.0,1,,0.0,2.0,5.0,B01,138Â 200Â 656,5.0
1014554,201900056085,8,17,05:45,3,2,1,1.0,2.0,31557,TARBES (ROUTE DE),M,"43,5763300","1,3235300",31,2019,50.0,1.0,1.0,3.0,2268894,1.0,1,4,2,5.0,,-1.0,0,1996.0,A01,138Â 200Â 653,1.0,8.0,-1.0,1731830,1.0,7,,0.0,2.0,1.0,A01,138Â 200Â 653,1.0
1014554,201900056085,8,17,05:45,3,2,1,1.0,2.0,31557,TARBES (ROUTE DE),M,"43,5763300","1,3235300",31,2019,50.0,1.0,1.0,3.0,2268894,1.0,1,4,2,5.0,,-1.0,0,1996.0,A01,138Â 200Â 653,1.0,8.0,-1.0,1731831,1.0,7,,0.0,2.0,4.0,B01,138Â 200Â 654,1.0
1014554,201900056085,8,17,05:45,3,2,1,1.0,2.0,31557,TARBES (ROUTE DE),M,"43,5763300","1,3235300",31,2019,50.0,1.0,1.0,3.0,2268895,1.0,1,4,2,5.0,,-1.0,0,1996.0,B01,138Â 200Â 654,1.0,8.0,-1.0,1731830,1.0,7,,0.0,2.0,1.0,A01,138Â 200Â 653,1.0
1014554,201900056085,8,17,05:45,3,2,1,1.0,2.0,31557,TARBES (ROUTE DE),M,"43,5763300","1,3235300",31,2019,50.0,1.0,1.0,3.0,2268895,1.0,1,4,2,5.0,,-1.0,0,1996.0,B01,138Â 200Â 654,1.0,8.0,-1.0,1731831,1.0,7,,0.0,2.0,4.0,B01,138Â 200Â 654,1.0
1014555,201900056086,8,16,14:10,1,2,1,1.0,3.0,31157,TUCAUT (CHE DE) DU 8AU 364,M,"43,5598700","1,3615700",31,2019,50.0,1.0,1.0,3.0,2268896,1.0,1,1,1,9.0,,-1.0,0,1976.0,A01,138Â 200Â 651,1.0,7.0,-1.0,1731832,1.0,10,,0.0,2.0,1.0,A01,138Â 200Â 651,1.0
1014555,201900056086,8,16,14:10,1,2,1,1.0,3.0,31157,TUCAUT (CHE DE) DU 8AU 364,M,"43,5598700","1,3615700",31,2019,50.0,1.0,1.0,3.0,2268896,1.0,1,1,1,9.0,,-1.0,0,1976.0,A01,138Â 200Â 651,1.0,7.0,-1.0,1731833,2.0,33,,0.0,2.0,1.0,B01,138Â 200Â 652,1.0
1014555,201900056086,8,16,14:10,1,2,1,1.0,3.0,31157,TUCAUT (CHE DE) DU 8AU 364,M,"43,5598700","1,3615700",31,2019,50.0,1.0,1.0,3.0,2268897,1.0,1,3,1,9.0,,-1.0,0,1989.0,B01,138Â 200Â 652,2.0,6.0,-1.0,1731832,1.0,10,,0.0,2.0,1.0,A01,138Â 200Â 651,1.0
1014555,201900056086,8,16,14:10,1,2,1,1.0,3.0,31157,TUCAUT (CHE DE) DU 8AU 364,M,"43,5598700","1,3615700",31,2019,50.0,1.0,1.0,3.0,2268897,1.0,1,3,1,9.0,,-1.0,0,1989.0,B01,138Â 200Â 652,2.0,6.0,-1.0,1731833,2.0,33,,0.0,2.0,1.0,B01,138Â 200Â 652,1.0
1014556,201900056087,8,18,02:07,5,2,9,1.0,6.0,29019,LAMOTTE PICQUET (NÂ° 20 ECOLE ST ANNE),M,"48,3969000"," -4,4897000",29,2019,50.0,1.0,2.0,4.0,2268898,1.0,1,1,1,9.0,,-1.0,0,1990.0,A01,138Â 200Â 650,1.0,0.0,-1.0,1731834,1.0,7,,0.0,1.0,7.0,A01,138Â 200Â 650,1.0
1014556,201900056087,8,18,02:07,5,2,9,1.0,6.0,29019,LAMOTTE PICQUET (NÂ° 20 ECOLE ST ANNE),M,"48,3969000"," -4,4897000",29,2019,50.0,1.0,2.0,4.0,2268899,10.0,3,3,2,9.0,,3.0,3,1994.0,A01,138Â 200Â 650,8.0,0.0,-1.0,1731834,1.0,7,,0.0,1.0,7.0,A01,138Â 200Â 650,1.0
1014557,201900056088,8,14,16:03,1,1,6,2.0,4.0,29019,D112,M,"48,4162000"," -4,4792000",29,2019,70.0,1.0,2.0,3.0,2268900,1.0,1,1,2,9.0,,-1.0,0,1993.0,A01,138Â 200Â 647,1.0,0.0,-1.0,1731835,1.0,7,,0.0,2.0,3.0,A01,138Â 200Â 647,2.0
1014557,201900056088,8,14,16:03,1,1,6,2.0,4.0,29019,D112,M,"48,4162000"," -4,4792000",29,2019,70.0,1.0,2.0,3.0,2268900,1.0,1,1,2,9.0,,-1.0,0,1993.0,A01,138Â 200Â 647,1.0,0.0,-1.0,1731836,1.0,7,,0.0,2.0,4.0,B01,138Â 200Â 648,1.0
1014557,201900056088,8,14,16:03,1,1,6,2.0,4.0,29019,D112,M,"48,4162000"," -4,4792000",29,2019,70.0,1.0,2.0,3.0,2268900,1.0,1,1,2,9.0,,-1.0,0,1993.0,A01,138Â 200Â 647,1.0,0.0,-1.0,1731837,1.0,7,,0.0,2.0,4.0,C01,138Â 200Â 649,1.0
1014557,201900056088,8,14,16:03,1,1,6,2.0,4.0,29019,D112,M,"48,4162000"," -4,4792000",29,2019,70.0,1.0,2.0,3.0,2268901,1.0,1,1,2,5.0,,-1.0,0,1995.0,B01,138Â 200Â 648,1.0,0.0,-1.0,1731835,1.0,7,,0.0,2.0,3.0,A01,138Â 200Â 647,2.0
1014557,201900056088,8,14,16:03,1,1,6,2.0,4.0,29019,D112,M,"48,4162000"," -4,4792000",29,2019,70.0,1.0,2.0,3.0,2268901,1.0,1,1,2,5.0,,-1.0,0,1995.0,B01,138Â 200Â 648,1.0,0.0,-1.0,1731836,1.0,7,,0.0,2.0,4.0,B01,138Â 200Â 648,1.0
1014557,201900056088,8,14,16:03,1,1,6,2.0,4.0,29019,D112,M,"48,4162000"," -4,4792000",29,2019,70.0,1.0,2.0,3.0,2268901,1.0,1,1,2,5.0,,-1.0,0,1995.0,B01,138Â 200Â 648,1.0,0.0,-1.0,1731837,1.0,7,,0.0,2.0,4.0,C01,138Â 200Â 649,1.0
1014557,201900056088,8,14,16:03,1,1,6,2.0,4.0,29019,D112,M,"48,4162000"," -4,4792000",29,2019,70.0,1.0,2.0,3.0,2268902,1.0,1,4,2,0.0,,-1.0,0,1999.0,C01,138Â 200Â 649,1.0,0.0,-1.0,1731835,1.0,7,,0.0,2.0,3.0,A01,138Â 200Â 647,2.0
1014557,201900056088,8,14,16:03,1,1,6,2.0,4.0,29019,D112,M,"48,4162000"," -4,4792000",29,2019,70.0,1.0,2.0,3.0,2268902,1.0,1,4,2,0.0,,-1.0,0,1999.0,C01,138Â 200Â 649,1.0,0.0,-1.0,1731836,1.0,7,,0.0,2.0,4.0,B01,138Â 200Â 648,1.0
1014557,201900056088,8,14,16:03,1,1,6,2.0,4.0,29019,D112,M,"48,4162000"," -4,4792000",29,2019,70.0,1.0,2.0,3.0,2268902,1.0,1,4,2,0.0,,-1.0,0,1999.0,C01,138Â 200Â 649,1.0,0.0,-1.0,1731837,1.0,7,,0.0,2.0,4.0,C01,138Â 200Â 649,1.0
1014558,201900056089,8,17,19:30,1,2,1,1.0,6.0,27375,HAYE LE COMTE (ROUTE DE LA),M,"49,2017800","1,1503400",27,2019,50.0,1.0,1.0,3.0,2268903,1.0,1,4,2,5.0,,0.0,0,1976.0,A01,138Â 200Â 646,8.0,5.0,-1.0,1731838,2.0,7,,2.0,0.0,7.0,A01,138Â 200Â 646,1.0
1014558,201900056089,8,17,19:30,1,2,1,1.0,6.0,27375,HAYE LE COMTE (ROUTE DE LA),M,"49,2017800","1,1503400",27,2019,50.0,1.0,1.0,3.0,2268904,2.0,2,4,2,5.0,,0.0,0,2000.0,A01,138Â 200Â 646,1.0,5.0,-1.0,1731838,2.0,7,,2.0,0.0,7.0,A01,138Â 200Â 646,1.0
1014559,201900056090,8,18,22:30,3,2,4,3.0,1.0,25056,DOLE RUE DE (sup 200),M,"47,2261260","5,9768580",25,2019,-1.0,8.0,2.0,2.0,2268905,1.0,1,3,1,5.0,,0.0,0,1959.0,A01,138Â 200Â 645,1.0,-1.0,-1.0,1731839,1.0,7,,0.0,2.0,3.0,B01,138Â 200Â 644,1.0
1014559,201900056090,8,18,22:30,3,2,4,3.0,1.0,25056,DOLE RUE DE (sup 200),M,"47,2261260","5,9768580",25,2019,-1.0,8.0,2.0,2.0,2268905,1.0,1,3,1,5.0,,0.0,0,1959.0,A01,138Â 200Â 645,1.0,-1.0,-1.0,1731840,1.0,7,,0.0,2.0,3.0,A01,138Â 200Â 645,1.0
1014560,201900056091,8,17,15:55,1,2,2,1.0,3.0,19031,CONCORDE (RUE DE LA),M,"45,1666900","1,5368400",19,2019,50.0,1.0,1.0,4.0,2268906,1.0,1,3,2,5.0,,-1.0, -1,1946.0,A01,138Â 200Â 642,1.0,0.0,-1.0,1731841,1.0,7,,0.0,2.0,1.0,A01,138Â 200Â 642,1.0
1014560,201900056091,8,17,15:55,1,2,2,1.0,3.0,19031,CONCORDE (RUE DE LA),M,"45,1666900","1,5368400",19,2019,50.0,1.0,1.0,4.0,2268906,1.0,1,3,2,5.0,,-1.0, -1,1946.0,A01,138Â 200Â 642,1.0,0.0,-1.0,1731842,1.0,7,,0.0,2.0,5.0,B01,138Â 200Â 643,1.0
1014560,201900056091,8,17,15:55,1,2,2,1.0,3.0,19031,CONCORDE (RUE DE LA),M,"45,1666900","1,5368400",19,2019,50.0,1.0,1.0,4.0,2268907,2.0,2,1,2,5.0,,-1.0, -1,1979.0,B01,138Â 200Â 643,1.0,0.0,-1.0,1731841,1.0,7,,0.0,2.0,1.0,A01,138Â 200Â 642,1.0
1014560,201900056091,8,17,15:55,1,2,2,1.0,3.0,19031,CONCORDE (RUE DE LA),M,"45,1666900","1,5368400",19,2019,50.0,1.0,1.0,4.0,2268907,2.0,2,1,2,5.0,,-1.0, -1,1979.0,B01,138Â 200Â 643,1.0,0.0,-1.0,1731842,1.0,7,,0.0,2.0,5.0,B01,138Â 200Â 643,1.0