Unnamed: 0_x,num_acc,mois,jour,hrmn,lum,agg,int,atm,col,com,adr,gps,lat,long,dep,annee,vma,situ,surf,catr,Unnamed: 0_y,place,catu,grav,sexe,trajet,secu,locp,actp,an_nais,num_veh_x,id_vehicule_x,secu1,secu2,secu3,Unnamed: 0,senc,catv,occutc,obs,obsm,choc,num_veh_y,id_vehicule_y,motor
1014560,201900056091,8,17,15:55,1,2,2,1.0,3.0,19031,CONCORDE (RUE DE LA),M,"45,1666900","1,5368400",19,2019,50.0,1.0,1.0,4.0,2268908,1.0,1,1,1,0.0,,-1.0, -1,1980.0,B01,138Â 200Â 643,1.0,0.0,-1.0,1731841,1.0,7,,0.0,2.0,1.0,A01,138Â 200Â 642,1.0
1014560,201900056091,8,17,15:55,1,2,2,1.0,3.0,19031,CONCORDE (RUE DE LA),M,"45,1666900","1,5368400",19,2019,50.0,1.0,1.0,4.0,2268908,1.0,1,1,1,0.0,,-1.0, -1,1980.0,B01,138Â 200Â 643,1.0,0.0,-1.0,1731842,1.0,7,,0.0,2.0,5.0,B01,138Â 200Â 643,1.0
1014561,201900056092,8,17,20:30,1,2,1,1.0,6.0,19031,KENNEDY (AVENUE JOHN),M,"45,1669399","1,5469785",19,2019,50.0,1.0,1.0,3.0,2268909,10.0,3,4,1,5.0,,6.0,B,2003.0,A01,138Â 200Â 641,8.0,0.0,-1.0,1731843,0.0,2,,0.0,1.0,3.0,A01,138Â 200Â 641,1.0
1014561,201900056092,8,17,20:30,1,2,1,1.0,6.0,19031,KENNEDY (AVENUE JOHN),M,"45,1669399","1,5469785",19,2019,50.0,1.0,1.0,3.0,2268910,1.0,1,1,1,5.0,,0.0,0,2003.0,A01,138Â 200Â 641,2.0,0.0,-1.0,1731843,0.0,2,,0.0,1.0,3.0,A01,138Â 200Â 641,1.0
1014562,201900056093,8,18,12:24,1,2,1,2.0,2.0,17300,CHAMP DE MARS   AVENUE DU,M,"46,1693300"," -1,1509100",17,2019,50.0,1.0,2.0,4.0,2268911,1.0,1,1,2,5.0,,0.0,0,1952.0,A01,138Â 200Â 639,1.0,0.0,-1.0,1731844,2.0,7,,0.0,2.0,1.0,A01,138Â 200Â 639,1.0
1014562,201900056093,8,18,12:24,1,2,1,2.0,2.0,17300,CHAMP DE MARS   AVENUE DU,M,"46,1693300"," -1,1509100",17,2019,50.0,1.0,2.0,4.0,2268911,1.0,1,1,2,5.0,,0.0,0,1952.0,A01,138Â 200Â 639,1.0,0.0,-1.0,1731845,2.0,7,,0.0,2.0,4.0,B01,138Â 200Â 640,1.0
1014562,201900056093,8,18,12:24,1,2,1,2.0,2.0,17300,CHAMP DE MARS   AVENUE DU,M,"46,1693300"," -1,1509100",17,2019,50.0,1.0,2.0,4.0,2268912,1.0,1,4,1,5.0,,0.0,0,1965.0,B01,138Â 200Â 640,1.0,0.0,-1.0,1731844,2.0,7,,0.0,2.0,1.0,A01,138Â 200Â 639,1.0
1014562,201900056093,8,18,12:24,1,2,1,2.0,2.0,17300,CHAMP DE MARS   AVENUE DU,M,"46,1693300"," -1,1509100",17,2019,50.0,1.0,2.0,4.0,2268912,1.0,1,4,1,5.0,,0.0,0,1965.0,B01,138Â 200Â 640,1.0,0.0,-1.0,1731845,2.0,7,,0.0,2.0,4.0,B01,138Â 200Â 640,1.0
1014563,201900056094,8,19,19:15,1,2,3,1.0,1.0,14338,LECLERC (RUE DU GAL),M,"49,3000000","0,0760000",14,2019,30.0,1.0,1.0,4.0,2268913,1.0,1,1,1,5.0,,0.0,0,1933.0,A01,138Â 200Â 637,1.0,-1.0,-1.0,1731846,2.0,7,,15.0,9.0,1.0,A01,138Â 200Â 637,1.0
1014563,201900056094,8,19,19:15,1,2,3,1.0,1.0,14338,LECLERC (RUE DU GAL),M,"49,3000000","0,0760000",14,2019,30.0,1.0,1.0,4.0,2268913,1.0,1,1,1,5.0,,0.0,0,1933.0,A01,138Â 200Â 637,1.0,-1.0,-1.0,1731847,1.0,1,,0.0,2.0,1.0,B01,138Â 200Â 638,6.0
1014563,201900056094,8,19,19:15,1,2,3,1.0,1.0,14338,LECLERC (RUE DU GAL),M,"49,3000000","0,0760000",14,2019,30.0,1.0,1.0,4.0,2268914,1.0,1,4,1,5.0,,0.0,0,2003.0,B01,138Â 200Â 638,8.0,0.0,-1.0,1731846,2.0,7,,15.0,9.0,1.0,A01,138Â 200Â 637,1.0
1014563,201900056094,8,19,19:15,1,2,3,1.0,1.0,14338,LECLERC (RUE DU GAL),M,"49,3000000","0,0760000",14,2019,30.0,1.0,1.0,4.0,2268914,1.0,1,4,1,5.0,,0.0,0,2003.0,B01,138Â 200Â 638,8.0,0.0,-1.0,1731847,1.0,1,,0.0,2.0,1.0,B01,138Â 200Â 638,6.0
1014564,201900056095,8,19,16:25,1,2,2,1.0,2.0,14167,CD NÂ°  226 A,M,"49,2022000"," -0,3052000",14,2019,-1.0,1.0,1.0,3.0,2268915,1.0,1,4,1,-1.0,,0.0,0,1965.0,B01,138Â 200Â 635,0.0,-1.0,-1.0,1731848,2.0,99,,0.0,0.0,4.0,B01,138Â 200Â 635,1.0
1014564,201900056095,8,19,16:25,1,2,2,1.0,2.0,14167,CD NÂ°  226 A,M,"49,2022000"," -0,3052000",14,2019,-1.0,1.0,1.0,3.0,2268915,1.0,1,4,1,-1.0,,0.0,0,1965.0,B01,138Â 200Â 635,0.0,-1.0,-1.0,1731849,2.0,99,,0.0,2.0,1.0,A01,138Â 200Â 636,-1.0
1014564,201900056095,8,19,16:25,1,2,2,1.0,2.0,14167,CD NÂ°  226 A,M,"49,2022000"," -0,3052000",14,2019,-1.0,1.0,1.0,3.0,2268916,1.0,1,4,1,-1.0,,0.0,0,1994.0,A01,138Â 200Â 636,1.0,-1.0,-1.0,1731848,2.0,99,,0.0,0.0,4.0,B01,138Â 200Â 635,1.0
1014564,201900056095,8,19,16:25,1,2,2,1.0,2.0,14167,CD NÂ°  226 A,M,"49,2022000"," -0,3052000",14,2019,-1.0,1.0,1.0,3.0,2268916,1.0,1,4,1,-1.0,,0.0,0,1994.0,A01,138Â 200Â 636,1.0,-1.0,-1.0,1731849,2.0,99,,0.0,2.0,1.0,A01,138Â 200Â 636,-1.0
1014565,201900056096,8,19,13:40,1,1,1,1.0,3.0,13071,ROUTE NATIONALE 368 (PLAN DES PENNES),M,"43,4011300","5,2687000",13,2019,80.0,1.0,1.0,3.0,2268917,1.0,1,2,1,0.0,,-1.0, -1,1985.0,A01,138Â 200Â 633,2.0,0.0,-1.0,1731850,1.0,33,,0.0,2.0,1.0,A01,138Â 200Â 633,1.0
1014565,201900056096,8,19,13:40,1,1,1,1.0,3.0,13071,ROUTE NATIONALE 368 (PLAN DES PENNES),M,"43,4011300","5,2687000",13,2019,80.0,1.0,1.0,3.0,2268917,1.0,1,2,1,0.0,,-1.0, -1,1985.0,A01,138Â 200Â 633,2.0,0.0,-1.0,1731851,2.0,7,,0.0,2.0,3.0,B01,138Â 200Â 634,1.0
1014565,201900056096,8,19,13:40,1,1,1,1.0,3.0,13071,ROUTE NATIONALE 368 (PLAN DES PENNES),M,"43,4011300","5,2687000",13,2019,80.0,1.0,1.0,3.0,2268918,1.0,1,4,1,0.0,,0.0,0,1991.0,B01,138Â 200Â 634,1.0,0.0,-1.0,1731850,1.0,33,,0.0,2.0,1.0,A01,138Â 200Â 633,1.0
1014565,201900056096,8,19,13:40,1,1,1,1.0,3.0,13071,ROUTE NATIONALE 368 (PLAN DES PENNES),M,"43,4011300","5,2687000",13,2019,80.0,1.0,1.0,3.0,2268918,1.0,1,4,1,0.0,,0.0,0,1991.0,B01,138Â 200Â 634,1.0,0.0,-1.0,1731851,2.0,7,,0.0,2.0,3.0,B01,138Â 200Â 634,1.0
1014566,201900056097,8,19,12:50,1,1,1,1.0,2.0,13117,CD20 E,M,"43,4455920","5,2309360",13,2019,80.0,1.0,1.0,3.0,2268919,1.0,1,3,1,1.0,,0.0,0,1972.0,A01,138Â 200Â 632,2.0,6.0,-1.0,1731852,2.0,7,,0.0,6.0,4.0,Z01,138Â 200Â 631,1.0
1014566,201900056097,8,19,12:50,1,1,1,1.0,2.0,13117,CD20 E,M,"43,4455920","5,2309360",13,2019,80.0,1.0,1.0,3.0,2268919,1.0,1,3,1,1.0,,0.0,0,1972.0,A01,138Â 200Â 632,2.0,6.0,-1.0,1731853,2.0,34,,0.0,2.0,1.0,A01,138Â 200Â 632,1.0
1014567,201900056098,8,19,17:40,1,2,1,1.0,2.0,13214,PLOMBIERES (BOULEVARD DES),M,"43,3154938","5,3863738",13,2019,50.0,1.0,1.0,4.0,2268920,1.0,1,1,1,0.0,,-1.0, -1,1999.0,A01,138Â 200Â 629,1.0,0.0,-1.0,1731854,1.0,7,,0.0,2.0,1.0,A01,138Â 200Â 629,1.0
1014567,201900056098,8,19,17:40,1,2,1,1.0,2.0,13214,PLOMBIERES (BOULEVARD DES),M,"43,3154938","5,3863738",13,2019,50.0,1.0,1.0,4.0,2268920,1.0,1,1,1,0.0,,-1.0, -1,1999.0,A01,138Â 200Â 629,1.0,0.0,-1.0,1731855,1.0,7,,0.0,2.0,4.0,B01,138Â 200Â 630,2.0
1014567,201900056098,8,19,17:40,1,2,1,1.0,2.0,13214,PLOMBIERES (BOULEVARD DES),M,"43,3154938","5,3863738",13,2019,50.0,1.0,1.0,4.0,2268921,1.0,1,1,2,0.0,,-1.0, -1,1996.0,B01,138Â 200Â 630,1.0,0.0,-1.0,1731854,1.0,7,,0.0,2.0,1.0,A01,138Â 200Â 629,1.0
1014567,201900056098,8,19,17:40,1,2,1,1.0,2.0,13214,PLOMBIERES (BOULEVARD DES),M,"43,3154938","5,3863738",13,2019,50.0,1.0,1.0,4.0,2268921,1.0,1,1,2,0.0,,-1.0, -1,1996.0,B01,138Â 200Â 630,1.0,0.0,-1.0,1731855,1.0,7,,0.0,2.0,4.0,B01,138Â 200Â 630,2.0
1014567,201900056098,8,19,17:40,1,2,1,1.0,2.0,13214,PLOMBIERES (BOULEVARD DES),M,"43,3154938","5,3863738",13,2019,50.0,1.0,1.0,4.0,2268922,2.0,2,4,2,0.0,,-1.0, -1,1992.0,B01,138Â 200Â 630,1.0,0.0,-1.0,1731854,1.0,7,,0.0,2.0,1.0,A01,138Â 200Â 629,1.0
1014567,201900056098,8,19,17:40,1,2,1,1.0,2.0,13214,PLOMBIERES (BOULEVARD DES),M,"43,3154938","5,3863738",13,2019,50.0,1.0,1.0,4.0,2268922,2.0,2,4,2,0.0,,-1.0, -1,1992.0,B01,138Â 200Â 630,1.0,0.0,-1.0,1731855,1.0,7,,0.0,2.0,4.0,B01,138Â 200Â 630,2.0
1014568,201900056099,8,19,15:10,1,2,2,1.0,3.0,13212,AIGUILLETTE (RUE DE L'),M,"43,3155550","5,4277310",13,2019,50.0,1.0,1.0,4.0,2268923,1.0,1,1,1,5.0,,0.0,0,1982.0,A01,138Â 200Â 627,1.0,8.0,-1.0,1731856,1.0,7,,0.0,2.0,1.0,A01,138Â 200Â 627,1.0
1014568,201900056099,8,19,15:10,1,2,2,1.0,3.0,13212,AIGUILLETTE (RUE DE L'),M,"43,3155550","5,4277310",13,2019,50.0,1.0,1.0,4.0,2268923,1.0,1,1,1,5.0,,0.0,0,1982.0,A01,138Â 200Â 627,1.0,8.0,-1.0,1731857,1.0,7,,0.0,2.0,3.0,B01,138Â 200Â 628,1.0
1014568,201900056099,8,19,15:10,1,2,2,1.0,3.0,13212,AIGUILLETTE (RUE DE L'),M,"43,3155550","5,4277310",13,2019,50.0,1.0,1.0,4.0,2268924,1.0,1,4,1,5.0,,0.0,0,1983.0,B01,138Â 200Â 628,1.0,8.0,-1.0,1731856,1.0,7,,0.0,2.0,1.0,A01,138Â 200Â 627,1.0
1014568,201900056099,8,19,15:10,1,2,2,1.0,3.0,13212,AIGUILLETTE (RUE DE L'),M,"43,3155550","5,4277310",13,2019,50.0,1.0,1.0,4.0,2268924,1.0,1,4,1,5.0,,0.0,0,1983.0,B01,138Â 200Â 628,1.0,8.0,-1.0,1731857,1.0,7,,0.0,2.0,3.0,B01,138Â 200Â 628,1.0
1014568,201900056099,8,19,15:10,1,2,2,1.0,3.0,13212,AIGUILLETTE (RUE DE L'),M,"43,3155550","5,4277310",13,2019,50.0,1.0,1.0,4.0,2268925,3.0,2,4,2,0.0,,0.0,0,2014.0,B01,138Â 200Â 628,1.0,8.0,-1.0,1731856,1.0,7,,0.0,2.0,1.0,A01,138Â 200Â 627,1.0
1014568,201900056099,8,19,15:10,1,2,2,1.0,3.0,13212,AIGUILLETTE (RUE DE L'),M,"43,3155550","5,4277310",13,2019,50.0,1.0,1.0,4.0,2268925,3.0,2,4,2,0.0,,0.0,0,2014.0,B01,138Â 200Â 628,1.0,8.0,-1.0,1731857,1.0,7,,0.0,2.0,3.0,B01,138Â 200Â 628,1.0
1014569,201900056100,8,19,03:30,5,2,2,1.0,3.0,13205,BRUYS (RUE DE),M,"43,2969300","5,3887600",13,2019,50.0,1.0,1.0,4.0,2268926,2.0,2,4,1,0.0,,0.0,0,1995.0,B01,138Â 200Â 626,1.0,0.0,-1.0,1731858,0.0,7,,0.0,2.0,0.0,C01,138Â 200Â 625,-1.0
1014569,201900056100,8,19,03:30,5,2,2,1.0,3.0,13205,BRUYS (RUE DE),M,"43,2969300","5,3887600",13,2019,50.0,1.0,1.0,4.0,2268926,2.0,2,4,1,0.0,,0.0,0,1995.0,B01,138Â 200Â 626,1.0,0.0,-1.0,1731859,1.0,7,,0.0,2.0,1.0,B01,138Â 200Â 626,1.0
1014569,201900056100,8,19,03:30,5,2,2,1.0,3.0,13205,BRUYS (RUE DE),M,"43,2969300","5,3887600",13,2019,50.0,1.0,1.0,4.0,2268927,1.0,1,4,1,0.0,,0.0,0,1995.0,B01,138Â 200Â 626,1.0,0.0,-1.0,1731858,0.0,7,,0.0,2.0,0.0,C01,138Â 200Â 625,-1.0
1014569,201900056100,8,19,03:30,5,2,2,1.0,3.0,13205,BRUYS (RUE DE),M,"43,2969300","5,3887600",13,2019,50.0,1.0,1.0,4.0,2268927,1.0,1,4,1,0.0,,0.0,0,1995.0,B01,138Â 200Â 626,1.0,0.0,-1.0,1731859,1.0,7,,0.0,2.0,1.0,B01,138Â 200Â 626,1.0
1014570,201900056101,8,18,05:20,3,1,1,1.0,6.0,08105,SOUS LES ROCHES CHEMIN,M,"49,7844900","4,7231350",8,2019,80.0,1.0,1.0,3.0,2268928,1.0,1,3,1,1.0,,0.0,0,1985.0,A01,138Â 200Â 624,1.0,8.0,-1.0,1731860,2.0,7,,2.0,0.0,1.0,A01,138Â 200Â 624,1.0
1014571,201900056102,8,17,17:37,1,2,1,1.0,2.0,03095,boulevard du 8 mai 1945,M,"46,1288616","3,4389572",3,2019,50.0,1.0,1.0,4.0,2268929,1.0,1,3,1,1.0,,0.0,0,1995.0,A01,138Â 200Â 622,2.0,6.0,-1.0,1731861,0.0,31,,0.0,2.0,1.0,A01,138Â 200Â 622,1.0
1014571,201900056102,8,17,17:37,1,2,1,1.0,2.0,03095,boulevard du 8 mai 1945,M,"46,1288616","3,4389572",3,2019,50.0,1.0,1.0,4.0,2268929,1.0,1,3,1,1.0,,0.0,0,1995.0,A01,138Â 200Â 622,2.0,6.0,-1.0,1731862,0.0,7,,0.0,2.0,4.0,B01,138Â 200Â 623,0.0
1014571,201900056102,8,17,17:37,1,2,1,1.0,2.0,03095,boulevard du 8 mai 1945,M,"46,1288616","3,4389572",3,2019,50.0,1.0,1.0,4.0,2268930,1.0,1,1,1,5.0,,0.0,0,1953.0,B01,138Â 200Â 623,1.0,8.0,-1.0,1731861,0.0,31,,0.0,2.0,1.0,A01,138Â 200Â 622,1.0
1014571,201900056102,8,17,17:37,1,2,1,1.0,2.0,03095,boulevard du 8 mai 1945,M,"46,1288616","3,4389572",3,2019,50.0,1.0,1.0,4.0,2268930,1.0,1,1,1,5.0,,0.0,0,1953.0,B01,138Â 200Â 623,1.0,8.0,-1.0,1731862,0.0,7,,0.0,2.0,4.0,B01,138Â 200Â 623,0.0
1014572,201900056103,8,18,16:10,1,2,3,1.0,3.0,75117,BOULEVARD PERSHING,M,"48,8818519","2,2855592",75,2019,50.0,1.0,1.0,4.0,2268931,1.0,1,4,1,5.0,,0.0,0,1952.0,A01,138Â 200Â 618,2.0,0.0,-1.0,1731863,1.0,1,,0.0,2.0,1.0,A01,138Â 200Â 618,5.0
1014572,201900056103,8,18,16:10,1,2,3,1.0,3.0,75117,BOULEVARD PERSHING,M,"48,8818519","2,2855592",75,2019,50.0,1.0,1.0,4.0,2268931,1.0,1,4,1,5.0,,0.0,0,1952.0,A01,138Â 200Â 618,2.0,0.0,-1.0,1731864,2.0,7,,0.0,2.0,3.0,B01,138Â 200Â 619,1.0
1014572,201900056103,8,18,16:10,1,2,3,1.0,3.0,75117,BOULEVARD PERSHING,M,"48,8818519","2,2855592",75,2019,50.0,1.0,1.0,4.0,2268932,2.0,2,1,2,5.0,,0.0,0,1980.0,B01,138Â 200Â 619,1.0,0.0,-1.0,1731863,1.0,1,,0.0,2.0,1.0,A01,138Â 200Â 618,5.0
1014572,201900056103,8,18,16:10,1,2,3,1.0,3.0,75117,BOULEVARD PERSHING,M,"48,8818519","2,2855592",75,2019,50.0,1.0,1.0,4.0,2268932,2.0,2,1,2,5.0,,0.0,0,1980.0,B01,138Â 200Â 619,1.0,0.0,-1.0,1731864,2.0,7,,0.0,2.0,3.0,B01,138Â 200Â 619,1.0
1014572,201900056103,8,18,16:10,1,2,3,1.0,3.0,75117,BOULEVARD PERSHING,M,"48,8818519","2,2855592",75,2019,50.0,1.0,1.0,4.0,2268933,1.0,1,1,1,5.0,,0.0,0,1977.0,B01,138Â 200Â 619,1.0,0.0,-1.0,1731863,1.0,1,,0.0,2.0,1.0,A01,138Â 200Â 618,5.0
1014572,201900056103,8,18,16:10,1,2,3,1.0,3.0,75117,BOULEVARD PERSHING,M,"48,8818519","2,2855592",75,2019,50.0,1.0,1.0,4.0,2268933,1.0,1,1,1,5.0,,0.0,0,1977.0,B01,138Â 200Â 619,1.0,0.0,-1.0,1731864,2.0,7,,0.0,2.0,3.0,B01,138Â 200Â 619,1.0
1014573,201900056104,8,19,20:30,2,2,2,1.0,3.0,75115,AVENUE EMILE ZOLA,M,"48,8468660","2,2923930",75,2019,30.0,1.0,1.0,4.0,2268934,1.0,1,1,2,0.0,,0.0,0,1984.0,A01,138Â 200Â 616,1.0,0.0,-1.0,1731865,1.0,7,,0.0,2.0,3.0,A01,138Â 200Â 616,1.0
1014573,201900056104,8,19,20:30,2,2,2,1.0,3.0,75115,AVENUE EMILE ZOLA,M,"48,8468660","2,2923930",75,2019,30.0,1.0,1.0,4.0,2268934,1.0,1,1,2,0.0,,0.0,0,1984.0,A01,138Â 200Â 616,1.0,0.0,-1.0,1731866,2.0,33,,0.0,2.0,1.0,B01,138Â 200Â 617,1.0
1014573,201900056104,8,19,20:30,2,2,2,1.0,3.0,75115,AVENUE EMILE ZOLA,M,"48,8468660","2,2923930",75,2019,30.0,1.0,1.0,4.0,2268935,1.0,1,4,1,0.0,,0.0,0,1991.0,B01,138Â 200Â 617,2.0,6.0,-1.0,1731865,1.0,7,,0.0,2.0,3.0,A01,138Â 200Â 616,1.0
1014573,201900056104,8,19,20:30,2,2,2,1.0,3.0,75115,AVENUE EMILE ZOLA,M,"48,8468660","2,2923930",75,2019,30.0,1.0,1.0,4.0,2268935,1.0,1,4,1,0.0,,0.0,0,1991.0,B01,138Â 200Â 617,2.0,6.0,-1.0,1731866,2.0,33,,0.0,2.0,1.0,B01,138Â 200Â 617,1.0
1014574,201900056105,8,19,11:15,1,2,1,1.0,6.0,75115,RUE DE LA CROIX NIVERT,M,"48,8474600","2,3009060",75,2019,50.0,1.0,1.0,4.0,2268936,10.0,3,4,2,5.0,,2.0,3,1940.0,A01,138Â 200Â 615,0.0,0.0,0.0,1731867,2.0,7,,0.0,1.0,5.0,A01,138Â 200Â 615,1.0
1014574,201900056105,8,19,11:15,1,2,1,1.0,6.0,75115,RUE DE LA CROIX NIVERT,M,"48,8474600","2,3009060",75,2019,50.0,1.0,1.0,4.0,2268937,1.0,1,1,1,4.0,,0.0,0,1975.0,A01,138Â 200Â 615,1.0,0.0,-1.0,1731867,2.0,7,,0.0,1.0,5.0,A01,138Â 200Â 615,1.0
1014575,201900056106,8,19,14:20,1,2,1,1.0,3.0,75112,AVENUE DU BEL AIR,M,"48,8433885","2,4206883",75,2019,50.0,1.0,1.0,4.0,2268938,1.0,1,4,2,0.0,,0.0,0,1993.0,A01,138Â 200Â 613,2.0,0.0,-1.0,1731868,2.0,50,,0.0,2.0,2.0,A01,138Â 200Â 613,3.0
1014575,201900056106,8,19,14:20,1,2,1,1.0,3.0,75112,AVENUE DU BEL AIR,M,"48,8433885","2,4206883",75,2019,50.0,1.0,1.0,4.0,2268938,1.0,1,4,2,0.0,,0.0,0,1993.0,A01,138Â 200Â 613,2.0,0.0,-1.0,1731869,2.0,7,,0.0,2.0,8.0,B01,138Â 200Â 614,1.0
1014575,201900056106,8,19,14:20,1,2,1,1.0,3.0,75112,AVENUE DU BEL AIR,M,"48,8433885","2,4206883",75,2019,50.0,1.0,1.0,4.0,2268939,1.0,1,1,1,0.0,,0.0,0,1949.0,B01,138Â 200Â 614,1.0,0.0,-1.0,1731868,2.0,50,,0.0,2.0,2.0,A01,138Â 200Â 613,3.0
1014575,201900056106,8,19,14:20,1,2,1,1.0,3.0,75112,AVENUE DU BEL AIR,M,"48,8433885","2,4206883",75,2019,50.0,1.0,1.0,4.0,2268939,1.0,1,1,1,0.0,,0.0,0,1949.0,B01,138Â 200Â 614,1.0,0.0,-1.0,1731869,2.0,7,,0.0,2.0,8.0,B01,138Â 200Â 614,1.0
1014576,201900056107,8,19,18:15,1,2,2,1.0,7.0,75111,BOULEVARD VOLTAIRE,M,"48,8553199","2,3842639",75,2019,50.0,1.0,1.0,4.0,2268940,8.0,2,4,2,5.0,,0.0,0,1935.0,A01,138Â 200Â 612,1.0,0.0,-1.0,1731870,1.0,37,3.0,0.0,0.0,0.0,A01,138Â 200Â 612,1.0
1014576,201900056107,8,19,18:15,1,2,2,1.0,7.0,75111,BOULEVARD VOLTAIRE,M,"48,8553199","2,3842639",75,2019,50.0,1.0,1.0,4.0,2268941,8.0,2,4,2,5.0,,0.0,0,1953.0,A01,138Â 200Â 612,1.0,0.0,-1.0,1731870,1.0,37,3.0,0.0,0.0,0.0,A01,138Â 200Â 612,1.0
1014576,201900056107,8,19,18:15,1,2,2,1.0,7.0,75111,BOULEVARD VOLTAIRE,M,"48,8553199","2,3842639",75,2019,50.0,1.0,1.0,4.0,2268942,1.0,1,1,2,4.0,,0.0,0,1996.0,A01,138Â 200Â 612,1.0,0.0,-1.0,1731870,1.0,37,3.0,0.0,0.0,0.0,A01,138Â 200Â 612,1.0
1014577,201900056108,8,19,09:50,1,2,2,1.0,6.0,75109,BOULEVARD DE MAGENTA,M,"48,8836191","2,3494755",75,2019,50.0,5.0,1.0,4.0,2268943,1.0,1,4,2,0.0,,0.0,0,1975.0,A01,138Â 200Â 611,2.0,0.0,-1.0,1731871,1.0,50,,0.0,1.0,8.0,A01,138Â 200Â 611,3.0
1014577,201900056108,8,19,09:50,1,2,2,1.0,6.0,75109,BOULEVARD DE MAGENTA,M,"48,8836191","2,3494755",75,2019,50.0,5.0,1.0,4.0,2268944,10.0,3,1,1,0.0,,2.0,3,1984.0,A01,138Â 200Â 611,0.0,0.0,0.0,1731871,1.0,50,,0.0,1.0,8.0,A01,138Â 200Â 611,3.0
1014578,201900056109,8,19,00:10,5,2,2,1.0,3.0,75114,RUE JULES GUESDE,M,"48,8367650","2,3207600",75,2019,30.0,1.0,1.0,4.0,2268945,1.0,1,1,1,0.0,,0.0,0,1992.0,A01,138Â 200Â 609,1.0,0.0,-1.0,1731872,1.0,7,,0.0,2.0,2.0,A01,138Â 200Â 609,1.0
1014578,201900056109,8,19,00:10,5,2,2,1.0,3.0,75114,RUE JULES GUESDE,M,"48,8367650","2,3207600",75,2019,30.0,1.0,1.0,4.0,2268945,1.0,1,1,1,0.0,,0.0,0,1992.0,A01,138Â 200Â 609,1.0,0.0,-1.0,1731873,1.0,7,,8.0,2.0,1.0,B01,138Â 200Â 610,1.0
1014578,201900056109,8,19,00:10,5,2,2,1.0,3.0,75114,RUE JULES GUESDE,M,"48,8367650","2,3207600",75,2019,30.0,1.0,1.0,4.0,2268946,1.0,1,4,2,0.0,,0.0,0,1991.0,B01,138Â 200Â 610,1.0,0.0,-1.0,1731872,1.0,7,,0.0,2.0,2.0,A01,138Â 200Â 609,1.0
1014578,201900056109,8,19,00:10,5,2,2,1.0,3.0,75114,RUE JULES GUESDE,M,"48,8367650","2,3207600",75,2019,30.0,1.0,1.0,4.0,2268946,1.0,1,4,2,0.0,,0.0,0,1991.0,B01,138Â 200Â 610,1.0,0.0,-1.0,1731873,1.0,7,,8.0,2.0,1.0,B01,138Â 200Â 610,1.0
1014579,201900056110,8,18,17:40,1,2,3,1.0,3.0,94081,NORIETS (R DES),M,"48,7944200","2,3791400",94,2019,50.0,1.0,1.0,4.0,2268947,1.0,1,1,1,0.0,,-1.0, -1,1983.0,B01,138Â 200Â 607,1.0,0.0,-1.0,1731874,3.0,7,,0.0,2.0,3.0,B01,138Â 200Â 607,1.0
1014579,201900056110,8,18,17:40,1,2,3,1.0,3.0,94081,NORIETS (R DES),M,"48,7944200","2,3791400",94,2019,50.0,1.0,1.0,4.0,2268947,1.0,1,1,1,0.0,,-1.0, -1,1983.0,B01,138Â 200Â 607,1.0,0.0,-1.0,1731875,3.0,2,,0.0,2.0,1.0,A01,138Â 200Â 608,1.0
1014579,201900056110,8,18,17:40,1,2,3,1.0,3.0,94081,NORIETS (R DES),M,"48,7944200","2,3791400",94,2019,50.0,1.0,1.0,4.0,2268948,2.0,2,4,1,0.0,,-1.0, -1,1997.0,A01,138Â 200Â 608,2.0,0.0,-1.0,1731874,3.0,7,,0.0,2.0,3.0,B01,138Â 200Â 607,1.0
1014579,201900056110,8,18,17:40,1,2,3,1.0,3.0,94081,NORIETS (R DES),M,"48,7944200","2,3791400",94,2019,50.0,1.0,1.0,4.0,2268948,2.0,2,4,1,0.0,,-1.0, -1,1997.0,A01,138Â 200Â 608,2.0,0.0,-1.0,1731875,3.0,2,,0.0,2.0,1.0,A01,138Â 200Â 608,1.0
1014579,201900056110,8,18,17:40,1,2,3,1.0,3.0,94081,NORIETS (R DES),M,"48,7944200","2,3791400",94,2019,50.0,1.0,1.0,4.0,2268949,1.0,1,4,1,0.0,,-1.0, -1,1997.0,A01,138Â 200Â 608,2.0,0.0,-1.0,1731874,3.0,7,,0.0,2.0,3.0,B01,138Â 200Â 607,1.0
1014579,201900056110,8,18,17:40,1,2,3,1.0,3.0,94081,NORIETS (R DES),M,"48,7944200","2,3791400",94,2019,50.0,1.0,1.0,4.0,2268949,1.0,1,4,1,0.0,,-1.0, -1,1997.0,A01,138Â 200Â 608,2.0,0.0,-1.0,1731875,3.0,2,,0.0,2.0,1.0,A01,138Â 200Â 608,1.0
1014580,201900056111,8,18,00:05,5,2,4,2.0,1.0,94052,CHARLES DE GAULLE (GRAND RUE),M,"48,8382000","2,4938700",94,2019,50.0,1.0,2.0,2.0,2268950,2.0,2,4,1,0.0,,-1.0,0,1982.0,B01,138Â 200Â 605,1.0,0.0,-1.0,1731876,3.0,7,,0.0,2.0,1.0,B01,138Â 200Â 605,1.0
1014580,201900056111,8,18,00:05,5,2,4,2.0,1.0,94052,CHARLES DE GAULLE (GRAND RUE),M,"48,8382000","2,4938700",94,2019,50.0,1.0,2.0,2.0,2268950,2.0,2,4,1,0.0,,-1.0,0,1982.0,B01,138Â 200Â 605,1.0,0.0,-1.0,1731877,1.0,7,,0.0,2.0,2.0,A01,138Â 200Â 606,1.0