Unnamed: 0_x,num_acc,mois,jour,hrmn,lum,agg,int,atm,col,com,adr,gps,lat,long,dep,annee,vma,situ,surf,catr,Unnamed: 0_y,place,catu,grav,sexe,trajet,secu,locp,actp,an_nais,num_veh_x,id_vehicule_x,secu1,secu2,secu3,Unnamed: 0,senc,catv,occutc,obs,obsm,choc,num_veh_y,id_vehicule_y,motor
1014580,201900056111,8,18,00:05,5,2,4,2.0,1.0,94052,CHARLES DE GAULLE (GRAND RUE),M,"48,8382000","2,4938700",94,2019,50.0,1.0,2.0,2.0,2268951,1.0,1,4,1,0.0,,-1.0,0,1984.0,B01,138Â 200Â 605,1.0,0.0,-1.0,1731876,3.0,7,,0.0,2.0,1.0,B01,138Â 200Â 605,1.0
1014580,201900056111,8,18,00:05,5,2,4,2.0,1.0,94052,CHARLES DE GAULLE (GRAND RUE),M,"48,8382000","2,4938700",94,2019,50.0,1.0,2.0,2.0,2268951,1.0,1,4,1,0.0,,-1.0,0,1984.0,B01,138Â 200Â 605,1.0,0.0,-1.0,1731877,1.0,7,,0.0,2.0,2.0,A01,138Â 200Â 606,1.0
1014580,201900056111,8,18,00:05,5,2,4,2.0,1.0,94052,CHARLES DE GAULLE (GRAND RUE),M,"48,8382000","2,4938700",94,2019,50.0,1.0,2.0,2.0,2268952,4.0,2,1,1,0.0,,-1.0,0,1990.0,A01,138Â 200Â 606,1.0,0.0,-1.0,1731876,3.0,7,,0.0,2.0,1.0,B01,138Â 200Â 605,1.0
1014580,201900056111,8,18,00:05,5,2,4,2.0,1.0,94052,CHARLES DE GAULLE (GRAND RUE),M,"48,8382000","2,4938700",94,2019,50.0,1.0,2.0,2.0,2268952,4.0,2,1,1,0.0,,-1.0,0,1990.0,A01,138Â 200Â 606,1.0,0.0,-1.0,1731877,1.0,7,,0.0,2.0,2.0,A01,138Â 200Â 606,1.0
1014580,201900056111,8,18,00:05,5,2,4,2.0,1.0,94052,CHARLES DE GAULLE (GRAND RUE),M,"48,8382000","2,4938700",94,2019,50.0,1.0,2.0,2.0,2268953,1.0,1,1,1,0.0,,-1.0,0,1992.0,A01,138Â 200Â 606,1.0,0.0,-1.0,1731876,3.0,7,,0.0,2.0,1.0,B01,138Â 200Â 605,1.0
1014580,201900056111,8,18,00:05,5,2,4,2.0,1.0,94052,CHARLES DE GAULLE (GRAND RUE),M,"48,8382000","2,4938700",94,2019,50.0,1.0,2.0,2.0,2268953,1.0,1,1,1,0.0,,-1.0,0,1992.0,A01,138Â 200Â 606,1.0,0.0,-1.0,1731877,1.0,7,,0.0,2.0,2.0,A01,138Â 200Â 606,1.0
1014580,201900056111,8,18,00:05,5,2,4,2.0,1.0,94052,CHARLES DE GAULLE (GRAND RUE),M,"48,8382000","2,4938700",94,2019,50.0,1.0,2.0,2.0,2268954,2.0,2,1,1,0.0,,-1.0,0,1991.0,A01,138Â 200Â 606,1.0,0.0,-1.0,1731876,3.0,7,,0.0,2.0,1.0,B01,138Â 200Â 605,1.0
1014580,201900056111,8,18,00:05,5,2,4,2.0,1.0,94052,CHARLES DE GAULLE (GRAND RUE),M,"48,8382000","2,4938700",94,2019,50.0,1.0,2.0,2.0,2268954,2.0,2,1,1,0.0,,-1.0,0,1991.0,A01,138Â 200Â 606,1.0,0.0,-1.0,1731877,1.0,7,,0.0,2.0,2.0,A01,138Â 200Â 606,1.0
1014581,201900056112,8,19,18:15,1,2,3,1.0,3.0,94043,FONTAINEBLEAU (AV DE),M,"48,8149800","2,3604100",94,2019,50.0,1.0,1.0,3.0,2268955,1.0,1,4,1,0.0,,-1.0, -1,1994.0,A01,138Â 200Â 603,2.0,6.0,-1.0,1731878,1.0,33,,0.0,2.0,8.0,A01,138Â 200Â 603,1.0
1014581,201900056112,8,19,18:15,1,2,3,1.0,3.0,94043,FONTAINEBLEAU (AV DE),M,"48,8149800","2,3604100",94,2019,50.0,1.0,1.0,3.0,2268955,1.0,1,4,1,0.0,,-1.0, -1,1994.0,A01,138Â 200Â 603,2.0,6.0,-1.0,1731879,1.0,7,,0.0,2.0,1.0,Z01,138Â 200Â 604,0.0
1014582,201900056113,8,18,22:42,5,2,1,1.0,6.0,94022,JEAN JAURES (R),M,"48,7646416","2,4060702",94,2019,30.0,1.0,1.0,3.0,2268956,10.0,3,4,1,0.0,,4.0,3,1968.0,A01,138Â 200Â 602,0.0,-1.0,-1.0,1731880,3.0,30,,0.0,1.0,0.0,A01,138Â 200Â 602,0.0
1014582,201900056113,8,18,22:42,5,2,1,1.0,6.0,94022,JEAN JAURES (R),M,"48,7646416","2,4060702",94,2019,30.0,1.0,1.0,3.0,2268957,1.0,1,1,1,0.0,,-1.0, -1,1900.0,A01,138Â 200Â 602,8.0,0.0,-1.0,1731880,3.0,30,,0.0,1.0,0.0,A01,138Â 200Â 602,0.0
1014583,201900056114,8,18,03:45,5,2,9,3.0,7.0,93073,CHAPIT RE ( RUE DU),M,"49,0027640","2,5369100",93,2019,70.0,1.0,2.0,9.0,2268958,3.0,2,4,2,9.0,,-1.0, -1,1980.0,A01,138Â 200Â 601,8.0,0.0,-1.0,1731881,2.0,10,,0.0,0.0,1.0,A01,138Â 200Â 601,1.0
1014583,201900056114,8,18,03:45,5,2,9,3.0,7.0,93073,CHAPIT RE ( RUE DU),M,"49,0027640","2,5369100",93,2019,70.0,1.0,2.0,9.0,2268959,4.0,2,4,1,9.0,,-1.0, -1,1969.0,A01,138Â 200Â 601,8.0,0.0,-1.0,1731881,2.0,10,,0.0,0.0,1.0,A01,138Â 200Â 601,1.0
1014583,201900056114,8,18,03:45,5,2,9,3.0,7.0,93073,CHAPIT RE ( RUE DU),M,"49,0027640","2,5369100",93,2019,70.0,1.0,2.0,9.0,2268960,1.0,1,1,1,4.0,,-1.0, -1,1980.0,A01,138Â 200Â 601,1.0,0.0,-1.0,1731881,2.0,10,,0.0,0.0,1.0,A01,138Â 200Â 601,1.0
1014584,201900056115,8,18,23:10,5,2,2,8.0,3.0,93048,PASTEUR S2  (AVENUE),M,"48,8704200","2,4316400",93,2019,50.0,1.0,1.0,7.0,2268961,1.0,1,4,1,9.0,,-1.0, -1,1998.0,B01,138Â 200Â 599,1.0,0.0,-1.0,1731882,3.0,7,,0.0,2.0,1.0,B01,138Â 200Â 599,1.0
1014584,201900056115,8,18,23:10,5,2,2,8.0,3.0,93048,PASTEUR S2  (AVENUE),M,"48,8704200","2,4316400",93,2019,50.0,1.0,1.0,7.0,2268961,1.0,1,4,1,9.0,,-1.0, -1,1998.0,B01,138Â 200Â 599,1.0,0.0,-1.0,1731883,2.0,7,,0.0,2.0,6.0,A01,138Â 200Â 600,1.0
1014584,201900056115,8,18,23:10,5,2,2,8.0,3.0,93048,PASTEUR S2  (AVENUE),M,"48,8704200","2,4316400",93,2019,50.0,1.0,1.0,7.0,2268962,1.0,1,1,2,1.0,,-1.0, -1,1955.0,A01,138Â 200Â 600,1.0,0.0,-1.0,1731882,3.0,7,,0.0,2.0,1.0,B01,138Â 200Â 599,1.0
1014584,201900056115,8,18,23:10,5,2,2,8.0,3.0,93048,PASTEUR S2  (AVENUE),M,"48,8704200","2,4316400",93,2019,50.0,1.0,1.0,7.0,2268962,1.0,1,1,2,1.0,,-1.0, -1,1955.0,A01,138Â 200Â 600,1.0,0.0,-1.0,1731883,2.0,7,,0.0,2.0,6.0,A01,138Â 200Â 600,1.0
1014585,201900056116,8,19,18:10,1,2,1,1.0,1.0,93074,COURTRY RUE DE,M,"48,9356500","2,6020000",93,2019,50.0,1.0,1.0,4.0,2268963,3.0,2,4,1,0.0,,-1.0, -1,2011.0,B01,138Â 200Â 597,8.0,0.0,-1.0,1731884,3.0,7,,14.0,2.0,7.0,B01,138Â 200Â 597,1.0
1014585,201900056116,8,19,18:10,1,2,1,1.0,1.0,93074,COURTRY RUE DE,M,"48,9356500","2,6020000",93,2019,50.0,1.0,1.0,4.0,2268963,3.0,2,4,1,0.0,,-1.0, -1,2011.0,B01,138Â 200Â 597,8.0,0.0,-1.0,1731885,3.0,7,,14.0,0.0,2.0,A01,138Â 200Â 598,1.0
1014585,201900056116,8,19,18:10,1,2,1,1.0,1.0,93074,COURTRY RUE DE,M,"48,9356500","2,6020000",93,2019,50.0,1.0,1.0,4.0,2268964,1.0,1,4,1,0.0,,-1.0, -1,1977.0,B01,138Â 200Â 597,8.0,0.0,-1.0,1731884,3.0,7,,14.0,2.0,7.0,B01,138Â 200Â 597,1.0
1014585,201900056116,8,19,18:10,1,2,1,1.0,1.0,93074,COURTRY RUE DE,M,"48,9356500","2,6020000",93,2019,50.0,1.0,1.0,4.0,2268964,1.0,1,4,1,0.0,,-1.0, -1,1977.0,B01,138Â 200Â 597,8.0,0.0,-1.0,1731885,3.0,7,,14.0,0.0,2.0,A01,138Â 200Â 598,1.0
1014585,201900056116,8,19,18:10,1,2,1,1.0,1.0,93074,COURTRY RUE DE,M,"48,9356500","2,6020000",93,2019,50.0,1.0,1.0,4.0,2268965,2.0,2,4,2,0.0,,-1.0, -1,1978.0,B01,138Â 200Â 597,1.0,0.0,-1.0,1731884,3.0,7,,14.0,2.0,7.0,B01,138Â 200Â 597,1.0
1014585,201900056116,8,19,18:10,1,2,1,1.0,1.0,93074,COURTRY RUE DE,M,"48,9356500","2,6020000",93,2019,50.0,1.0,1.0,4.0,2268965,2.0,2,4,2,0.0,,-1.0, -1,1978.0,B01,138Â 200Â 597,1.0,0.0,-1.0,1731885,3.0,7,,14.0,0.0,2.0,A01,138Â 200Â 598,1.0
1014585,201900056116,8,19,18:10,1,2,1,1.0,1.0,93074,COURTRY RUE DE,M,"48,9356500","2,6020000",93,2019,50.0,1.0,1.0,4.0,2268966,1.0,1,1,1,5.0,,-1.0, -1,1945.0,A01,138Â 200Â 598,8.0,0.0,-1.0,1731884,3.0,7,,14.0,2.0,7.0,B01,138Â 200Â 597,1.0
1014585,201900056116,8,19,18:10,1,2,1,1.0,1.0,93074,COURTRY RUE DE,M,"48,9356500","2,6020000",93,2019,50.0,1.0,1.0,4.0,2268966,1.0,1,1,1,5.0,,-1.0, -1,1945.0,A01,138Â 200Â 598,8.0,0.0,-1.0,1731885,3.0,7,,14.0,0.0,2.0,A01,138Â 200Â 598,1.0
1014586,201900056117,8,19,13:50,1,2,2,1.0,3.0,93031,MARNE (AVENUE DE LA),M,"48,9527700","2,3275400",93,2019,50.0,1.0,1.0,4.0,2268967,1.0,1,4,1,0.0,,-1.0, -1,1996.0,A01,138Â 200Â 595,1.0,7.0,-1.0,1731886,1.0,7,,14.0,2.0,3.0,A01,138Â 200Â 595,1.0
1014586,201900056117,8,19,13:50,1,2,2,1.0,3.0,93031,MARNE (AVENUE DE LA),M,"48,9527700","2,3275400",93,2019,50.0,1.0,1.0,4.0,2268967,1.0,1,4,1,0.0,,-1.0, -1,1996.0,A01,138Â 200Â 595,1.0,7.0,-1.0,1731887,1.0,7,,14.0,2.0,1.0,B01,138Â 200Â 596,1.0
1014586,201900056117,8,19,13:50,1,2,2,1.0,3.0,93031,MARNE (AVENUE DE LA),M,"48,9527700","2,3275400",93,2019,50.0,1.0,1.0,4.0,2268968,1.0,1,1,1,0.0,,-1.0, -1,1976.0,B01,138Â 200Â 596,1.0,0.0,-1.0,1731886,1.0,7,,14.0,2.0,3.0,A01,138Â 200Â 595,1.0
1014586,201900056117,8,19,13:50,1,2,2,1.0,3.0,93031,MARNE (AVENUE DE LA),M,"48,9527700","2,3275400",93,2019,50.0,1.0,1.0,4.0,2268968,1.0,1,1,1,0.0,,-1.0, -1,1976.0,B01,138Â 200Â 596,1.0,0.0,-1.0,1731887,1.0,7,,14.0,2.0,1.0,B01,138Â 200Â 596,1.0
1014587,201900056118,8,18,22:30,5,2,9,1.0,6.0,93046,ROSNY ALLEE DE,M,"48,9041280","2,5135990",93,2019,30.0,1.0,1.0,4.0,2268969,1.0,1,4,1,4.0,,-1.0, -1,1988.0,A01,138Â 200Â 593,2.0,6.0,-1.0,1731888,0.0,32,,0.0,2.0,6.0,A01,138Â 200Â 593,3.0
1014588,201900056119,8,19,18:55,1,1,1,1.0,6.0,93001,SAINT GOBAIN (RUE DE),M,"48,9122000","2,3726000",93,2019,30.0,1.0,1.0,9.0,2268970,1.0,1,1,1,9.0,,0.0,0,1953.0,A01,138Â 200Â 592,1.0,0.0,-1.0,1731889,0.0,3,,0.0,1.0,4.0,A01,138Â 200Â 592,1.0
1014588,201900056119,8,19,18:55,1,1,1,1.0,6.0,93001,SAINT GOBAIN (RUE DE),M,"48,9122000","2,3726000",93,2019,30.0,1.0,1.0,9.0,2268971,10.0,3,4,1,0.0,,5.0,B,1975.0,A01,138Â 200Â 592,8.0,0.0,-1.0,1731889,0.0,3,,0.0,1.0,4.0,A01,138Â 200Â 592,1.0
1014589,201900056120,8,18,08:10,1,2,1,2.0,6.0,92046,Charles de gaulle,M,"48,8197000","2,2957000",92,2019,50.0,1.0,2.0,3.0,2268972,1.0,1,4,1,5.0,,-1.0,0,1985.0,A01,138Â 200Â 591,1.0,5.0,-1.0,1731890,3.0,7,,15.0,0.0,2.0,A01,138Â 200Â 591,1.0
1014590,201900056121,8,17,13:15,1,2,2,1.0,6.0,92036,BONGARDE (RUE DE LA) (35/107),M,"48,9248910","2,3254720",92,2019,50.0,1.0,1.0,4.0,2268973,10.0,3,4,1,0.0,,3.0,5,1978.0,A01,138Â 200Â 590,8.0,0.0,-1.0,1731891,1.0,10,,0.0,1.0,1.0,A01,138Â 200Â 590,1.0
1014590,201900056121,8,17,13:15,1,2,2,1.0,6.0,92036,BONGARDE (RUE DE LA) (35/107),M,"48,9248910","2,3254720",92,2019,50.0,1.0,1.0,4.0,2268974,1.0,1,1,1,4.0,,-1.0,0,1982.0,A01,138Â 200Â 590,1.0,8.0,-1.0,1731891,1.0,10,,0.0,1.0,1.0,A01,138Â 200Â 590,1.0
1014591,201900056122,8,16,18:10,1,2,1,1.0,6.0,92023,GENERAL DE GAULLE (AVENUE DU),M,"48,7850800","2,2503600",92,2019,10.0,1.0,1.0,3.0,2268975,10.0,3,2,2,9.0,,5.0,9,1955.0,A01,138Â 200Â 587,8.0,0.0,-1.0,1731892,1.0,14,,0.0,1.0,6.0,A01,138Â 200Â 587,1.0
1014591,201900056122,8,16,18:10,1,2,1,1.0,6.0,92023,GENERAL DE GAULLE (AVENUE DU),M,"48,7850800","2,2503600",92,2019,10.0,1.0,1.0,3.0,2268976,1.0,1,1,1,4.0,,0.0,0,1988.0,A01,138Â 200Â 587,1.0,8.0,-1.0,1731892,1.0,14,,0.0,1.0,6.0,A01,138Â 200Â 587,1.0
1014591,201900056122,8,16,18:10,1,2,1,1.0,6.0,92023,GENERAL DE GAULLE (AVENUE DU),M,"48,7850800","2,2503600",92,2019,10.0,1.0,1.0,3.0,2268977,2.0,2,1,1,4.0,,-1.0, -1,1979.0,A01,138Â 200Â 587,1.0,0.0,-1.0,1731892,1.0,14,,0.0,1.0,6.0,A01,138Â 200Â 587,1.0
1014592,201900056123,8,19,01:40,3,2,1,1.0,7.0,22035,337 LA VILLE GROMIL,M,"48,4124220"," -1,9819520",22,2019,50.0,3.0,1.0,4.0,2268978,1.0,1,3,2,5.0,,0.0,0,1997.0,A01,138Â 200Â 586,8.0,-1.0,-1.0,1731893,3.0,7,,8.0,0.0,3.0,A01,138Â 200Â 586,1.0
1014593,201900056124,8,19,19:10,1,1,1,2.0,1.0,47246,d107,M,"44,2457760","0,5441460",47,2019,70.0,1.0,2.0,3.0,2268979,1.0,1,1,1,5.0,,0.0,0,2001.0,A01,138Â 200Â 584,1.0,5.0,-1.0,1731894,2.0,7,,0.0,2.0,3.0,A01,138Â 200Â 584,1.0
1014593,201900056124,8,19,19:10,1,1,1,2.0,1.0,47246,d107,M,"44,2457760","0,5441460",47,2019,70.0,1.0,2.0,3.0,2268979,1.0,1,1,1,5.0,,0.0,0,2001.0,A01,138Â 200Â 584,1.0,5.0,-1.0,1731895,1.0,7,,0.0,2.0,3.0,B01,138Â 200Â 585,1.0
1014593,201900056124,8,19,19:10,1,1,1,2.0,1.0,47246,d107,M,"44,2457760","0,5441460",47,2019,70.0,1.0,2.0,3.0,2268980,1.0,1,3,2,0.0,,0.0,0,1950.0,B01,138Â 200Â 585,1.0,5.0,-1.0,1731894,2.0,7,,0.0,2.0,3.0,A01,138Â 200Â 584,1.0
1014593,201900056124,8,19,19:10,1,1,1,2.0,1.0,47246,d107,M,"44,2457760","0,5441460",47,2019,70.0,1.0,2.0,3.0,2268980,1.0,1,3,2,0.0,,0.0,0,1950.0,B01,138Â 200Â 585,1.0,5.0,-1.0,1731895,1.0,7,,0.0,2.0,3.0,B01,138Â 200Â 585,1.0
1014594,201900056125,8,17,17:50,1,2,1,1.0,3.0,87125,Avenue du 14 Juillet,M,"45,9004850","1,3135880",87,2019,50.0,1.0,1.0,3.0,2268981,1.0,1,3,2,5.0,,0.0,0,1942.0,A01,138Â 200Â 582,1.0,-1.0,-1.0,1731896,1.0,7,,8.0,2.0,1.0,A01,138Â 200Â 582,1.0
1014594,201900056125,8,17,17:50,1,2,1,1.0,3.0,87125,Avenue du 14 Juillet,M,"45,9004850","1,3135880",87,2019,50.0,1.0,1.0,3.0,2268981,1.0,1,3,2,5.0,,0.0,0,1942.0,A01,138Â 200Â 582,1.0,-1.0,-1.0,1731897,2.0,7,,6.0,0.0,7.0,B01,138Â 200Â 583,1.0
1014594,201900056125,8,17,17:50,1,2,1,1.0,3.0,87125,Avenue du 14 Juillet,M,"45,9004850","1,3135880",87,2019,50.0,1.0,1.0,3.0,2268982,1.0,1,1,1,5.0,,0.0,0,1962.0,B01,138Â 200Â 583,1.0,-1.0,-1.0,1731896,1.0,7,,8.0,2.0,1.0,A01,138Â 200Â 582,1.0
1014594,201900056125,8,17,17:50,1,2,1,1.0,3.0,87125,Avenue du 14 Juillet,M,"45,9004850","1,3135880",87,2019,50.0,1.0,1.0,3.0,2268982,1.0,1,1,1,5.0,,0.0,0,1962.0,B01,138Â 200Â 583,1.0,-1.0,-1.0,1731897,2.0,7,,6.0,0.0,7.0,B01,138Â 200Â 583,1.0
1014594,201900056125,8,17,17:50,1,2,1,1.0,3.0,87125,Avenue du 14 Juillet,M,"45,9004850","1,3135880",87,2019,50.0,1.0,1.0,3.0,2268983,2.0,2,1,2,5.0,,0.0,0,1937.0,B01,138Â 200Â 583,1.0,-1.0,-1.0,1731896,1.0,7,,8.0,2.0,1.0,A01,138Â 200Â 582,1.0
1014594,201900056125,8,17,17:50,1,2,1,1.0,3.0,87125,Avenue du 14 Juillet,M,"45,9004850","1,3135880",87,2019,50.0,1.0,1.0,3.0,2268983,2.0,2,1,2,5.0,,0.0,0,1937.0,B01,138Â 200Â 583,1.0,-1.0,-1.0,1731897,2.0,7,,6.0,0.0,7.0,B01,138Â 200Â 583,1.0
1014595,201900056126,8,19,17:10,1,1,1,1.0,2.0,02124,A26,M,"49,7468170","3,3931530",2,2019,130.0,1.0,1.0,1.0,2268984,1.0,1,1,2,4.0,,0.0,0,1986.0,A01,138Â 200Â 580,1.0,9.0,-1.0,1731898,2.0,7,,0.0,2.0,1.0,A01,138Â 200Â 580,1.0
1014595,201900056126,8,19,17:10,1,1,1,1.0,2.0,02124,A26,M,"49,7468170","3,3931530",2,2019,130.0,1.0,1.0,1.0,2268984,1.0,1,1,2,4.0,,0.0,0,1986.0,A01,138Â 200Â 580,1.0,9.0,-1.0,1731899,2.0,7,,0.0,0.0,4.0,B01,138Â 200Â 581,1.0
1014595,201900056126,8,19,17:10,1,1,1,1.0,2.0,02124,A26,M,"49,7468170","3,3931530",2,2019,130.0,1.0,1.0,1.0,2268985,1.0,1,4,2,5.0,,0.0,0,1969.0,B01,138Â 200Â 581,1.0,9.0,-1.0,1731898,2.0,7,,0.0,2.0,1.0,A01,138Â 200Â 580,1.0
1014595,201900056126,8,19,17:10,1,1,1,1.0,2.0,02124,A26,M,"49,7468170","3,3931530",2,2019,130.0,1.0,1.0,1.0,2268985,1.0,1,4,2,5.0,,0.0,0,1969.0,B01,138Â 200Â 581,1.0,9.0,-1.0,1731899,2.0,7,,0.0,0.0,4.0,B01,138Â 200Â 581,1.0
1014596,201900056127,7,13,15:05,1,1,1,1.0,7.0,2A362,D368,M,"41,7519639","9,1838877",2A,2019,80.0,1.0,9.0,3.0,2268986,1.0,1,3,1,5.0,,0.0,0,1975.0,A01,138Â 200Â 579,9.0,2.0,6.0,1731900,2.0,33,,0.0,0.0,3.0,A01,138Â 200Â 579,1.0
1014597,201900056128,7,14,01:25,3,1,1,1.0,6.0,2A254,criviccia,M,"41,7659957","9,1386777",2A,2019,80.0,8.0,1.0,3.0,2268987,2.0,2,4,1,5.0,,0.0,0,2004.0,A01,138Â 200Â 578,8.0,-1.0,-1.0,1731901,3.0,36,,6.0,0.0,3.0,A01,138Â 200Â 578,1.0
1014597,201900056128,7,14,01:25,3,1,1,1.0,6.0,2A254,criviccia,M,"41,7659957","9,1386777",2A,2019,80.0,8.0,1.0,3.0,2268988,1.0,1,4,1,5.0,,0.0,0,1999.0,A01,138Â 200Â 578,8.0,-1.0,-1.0,1731901,3.0,36,,6.0,0.0,3.0,A01,138Â 200Â 578,1.0
1014598,201900056129,8,20,16:00,1,1,1,8.0,3.0,71448,A6 PK 380+100 sens Lyon-Paris,M,"46,3755090","4,8432770",71,2019,130.0,1.0,2.0,1.0,2268989,1.0,1,2,1,5.0,,0.0,0,1944.0,A01,138Â 200Â 576,2.0,6.0,-1.0,1731902,2.0,33,,0.0,2.0,2.0,A01,138Â 200Â 576,1.0
1014598,201900056129,8,20,16:00,1,1,1,8.0,3.0,71448,A6 PK 380+100 sens Lyon-Paris,M,"46,3755090","4,8432770",71,2019,130.0,1.0,2.0,1.0,2268989,1.0,1,2,1,5.0,,0.0,0,1944.0,A01,138Â 200Â 576,2.0,6.0,-1.0,1731903,2.0,7,,0.0,2.0,6.0,B01,138Â 200Â 577,1.0
1014598,201900056129,8,20,16:00,1,1,1,8.0,3.0,71448,A6 PK 380+100 sens Lyon-Paris,M,"46,3755090","4,8432770",71,2019,130.0,1.0,2.0,1.0,2268990,2.0,2,1,2,5.0,,0.0,0,2002.0,B01,138Â 200Â 577,1.0,-1.0,-1.0,1731902,2.0,33,,0.0,2.0,2.0,A01,138Â 200Â 576,1.0
1014598,201900056129,8,20,16:00,1,1,1,8.0,3.0,71448,A6 PK 380+100 sens Lyon-Paris,M,"46,3755090","4,8432770",71,2019,130.0,1.0,2.0,1.0,2268990,2.0,2,1,2,5.0,,0.0,0,2002.0,B01,138Â 200Â 577,1.0,-1.0,-1.0,1731903,2.0,7,,0.0,2.0,6.0,B01,138Â 200Â 577,1.0
1014598,201900056129,8,20,16:00,1,1,1,8.0,3.0,71448,A6 PK 380+100 sens Lyon-Paris,M,"46,3755090","4,8432770",71,2019,130.0,1.0,2.0,1.0,2268991,1.0,1,1,1,5.0,,0.0,0,1974.0,B01,138Â 200Â 577,1.0,-1.0,-1.0,1731902,2.0,33,,0.0,2.0,2.0,A01,138Â 200Â 576,1.0
1014598,201900056129,8,20,16:00,1,1,1,8.0,3.0,71448,A6 PK 380+100 sens Lyon-Paris,M,"46,3755090","4,8432770",71,2019,130.0,1.0,2.0,1.0,2268991,1.0,1,1,1,5.0,,0.0,0,1974.0,B01,138Â 200Â 577,1.0,-1.0,-1.0,1731903,2.0,7,,0.0,2.0,6.0,B01,138Â 200Â 577,1.0
1014599,201900056130,8,19,07:40,1,1,1,1.0,2.0,10191,D610,M,"48,3200000","4,0800000",10,2019,110.0,1.0,1.0,3.0,2268992,1.0,1,3,1,1.0,,0.0,0,1999.0,A01,138Â 200Â 574,1.0,-1.0,-1.0,1731904,1.0,7,,1.0,0.0,2.0,A01,138Â 200Â 574,1.0
1014599,201900056130,8,19,07:40,1,1,1,1.0,2.0,10191,D610,M,"48,3200000","4,0800000",10,2019,110.0,1.0,1.0,3.0,2268992,1.0,1,3,1,1.0,,0.0,0,1999.0,A01,138Â 200Â 574,1.0,-1.0,-1.0,1731905,1.0,14,,0.0,0.0,6.0,B01,138Â 200Â 575,1.0
1014599,201900056130,8,19,07:40,1,1,1,1.0,2.0,10191,D610,M,"48,3200000","4,0800000",10,2019,110.0,1.0,1.0,3.0,2268993,1.0,1,4,1,4.0,,0.0,0,1965.0,B01,138Â 200Â 575,0.0,-1.0,-1.0,1731904,1.0,7,,1.0,0.0,2.0,A01,138Â 200Â 574,1.0
1014599,201900056130,8,19,07:40,1,1,1,1.0,2.0,10191,D610,M,"48,3200000","4,0800000",10,2019,110.0,1.0,1.0,3.0,2268993,1.0,1,4,1,4.0,,0.0,0,1965.0,B01,138Â 200Â 575,0.0,-1.0,-1.0,1731905,1.0,14,,0.0,0.0,6.0,B01,138Â 200Â 575,1.0
1014600,201900056131,8,18,17:40,1,1,1,1.0,7.0,63100,RD231 PR 0+300,M,"46,0201520","2,8930160",63,2019,80.0,1.0,1.0,3.0,2268994,1.0,1,3,2,5.0,,0.0,0,1987.0,A01,138Â 200Â 573,2.0,6.0,9.0,1731906,2.0,33,,0.0,0.0,0.0,A01,138Â 200Â 573,1.0
1014601,201900056132,8,20,14:30,1,2,1,7.0,2.0,83070,Boulevard de l'Hubac du Bleu,M,"43,1590790","6,4323960",83,2019,50.0,1.0,1.0,4.0,2268995,1.0,1,4,2,5.0,,0.0,0,1953.0,B01,138Â 200Â 571,2.0,-1.0,-1.0,1731907,2.0,1,,12.0,0.0,4.0,B01,138Â 200Â 571,5.0
1014601,201900056132,8,20,14:30,1,2,1,7.0,2.0,83070,Boulevard de l'Hubac du Bleu,M,"43,1590790","6,4323960",83,2019,50.0,1.0,1.0,4.0,2268995,1.0,1,4,2,5.0,,0.0,0,1953.0,B01,138Â 200Â 571,2.0,-1.0,-1.0,1731908,2.0,2,,12.0,0.0,1.0,A01,138Â 200Â 572,1.0
1014601,201900056132,8,20,14:30,1,2,1,7.0,2.0,83070,Boulevard de l'Hubac du Bleu,M,"43,1590790","6,4323960",83,2019,50.0,1.0,1.0,4.0,2268996,1.0,1,4,1,0.0,,0.0,0,1985.0,A01,138Â 200Â 572,2.0,-1.0,-1.0,1731907,2.0,1,,12.0,0.0,4.0,B01,138Â 200Â 571,5.0
1014601,201900056132,8,20,14:30,1,2,1,7.0,2.0,83070,Boulevard de l'Hubac du Bleu,M,"43,1590790","6,4323960",83,2019,50.0,1.0,1.0,4.0,2268996,1.0,1,4,1,0.0,,0.0,0,1985.0,A01,138Â 200Â 572,2.0,-1.0,-1.0,1731908,2.0,2,,12.0,0.0,1.0,A01,138Â 200Â 572,1.0
1014602,201900056133,8,19,18:40,2,2,3,1.0,1.0,97413,Rue du GÃ©nÃ©ral Lambert,M," -21,1683250","55,2878800",974,2019,50.0,1.0,1.0,2.0,2268997,1.0,1,3,1,5.0,,0.0,0,1996.0,B01,138Â 200Â 569,2.0,-1.0,-1.0,1731909,1.0,2,,0.0,2.0,1.0,B01,138Â 200Â 569,0.0
1014602,201900056133,8,19,18:40,2,2,3,1.0,1.0,97413,Rue du GÃ©nÃ©ral Lambert,M," -21,1683250","55,2878800",974,2019,50.0,1.0,1.0,2.0,2268997,1.0,1,3,1,5.0,,0.0,0,1996.0,B01,138Â 200Â 569,2.0,-1.0,-1.0,1731910,2.0,7,,0.0,2.0,3.0,A01,138Â 200Â 570,1.0
1014602,201900056133,8,19,18:40,2,2,3,1.0,1.0,97413,Rue du GÃ©nÃ©ral Lambert,M," -21,1683250","55,2878800",974,2019,50.0,1.0,1.0,2.0,2268998,1.0,1,1,1,5.0,,0.0,0,1994.0,A01,138Â 200Â 570,1.0,-1.0,-1.0,1731909,1.0,2,,0.0,2.0,1.0,B01,138Â 200Â 569,0.0
1014602,201900056133,8,19,18:40,2,2,3,1.0,1.0,97413,Rue du GÃ©nÃ©ral Lambert,M," -21,1683250","55,2878800",974,2019,50.0,1.0,1.0,2.0,2268998,1.0,1,1,1,5.0,,0.0,0,1994.0,A01,138Â 200Â 570,1.0,-1.0,-1.0,1731910,2.0,7,,0.0,2.0,3.0,A01,138Â 200Â 570,1.0