Unnamed: 0_x,num_acc,mois,jour,hrmn,lum,agg,int,atm,col,com,adr,gps,lat,long,dep,annee,vma,situ,surf,catr,Unnamed: 0_y,place,catu,grav,sexe,trajet,secu,locp,actp,an_nais,num_veh_x,id_vehicule_x,secu1,secu2,secu3,Unnamed: 0,senc,catv,occutc,obs,obsm,choc,num_veh_y,id_vehicule_y,motor
1014603,201900056134,8,19,20:20,1,2,1,1.0,6.0,62773,Rue de NeufchÃ¢tel,M,"50,6354670","1,7358550",62,2019,50.0,8.0,1.0,3.0,2268999,9.0,2,4,1,5.0,,0.0,0,1985.0,A01,138Â 200Â 566,1.0,-1.0,-1.0,1731911,0.0,7,,14.0,0.0,2.0,A01,138Â 200Â 566,0.0
1014603,201900056134,8,19,20:20,1,2,1,1.0,6.0,62773,Rue de NeufchÃ¢tel,M,"50,6354670","1,7358550",62,2019,50.0,8.0,1.0,3.0,2269000,1.0,1,4,2,5.0,,0.0,0,1984.0,A01,138Â 200Â 566,1.0,-1.0,-1.0,1731911,0.0,7,,14.0,0.0,2.0,A01,138Â 200Â 566,0.0
1014603,201900056134,8,19,20:20,1,2,1,1.0,6.0,62773,Rue de NeufchÃ¢tel,M,"50,6354670","1,7358550",62,2019,50.0,8.0,1.0,3.0,2269001,9.0,2,2,2,5.0,,0.0,0,2018.0,A01,138Â 200Â 566,1.0,3.0,-1.0,1731911,0.0,7,,14.0,0.0,2.0,A01,138Â 200Â 566,0.0
1014603,201900056134,8,19,20:20,1,2,1,1.0,6.0,62773,Rue de NeufchÃ¢tel,M,"50,6354670","1,7358550",62,2019,50.0,8.0,1.0,3.0,2269002,7.0,2,3,1,9.0,,0.0,0,2015.0,A01,138Â 200Â 566,1.0,-1.0,-1.0,1731911,0.0,7,,14.0,0.0,2.0,A01,138Â 200Â 566,0.0
1014603,201900056134,8,19,20:20,1,2,1,1.0,6.0,62773,Rue de NeufchÃ¢tel,M,"50,6354670","1,7358550",62,2019,50.0,8.0,1.0,3.0,2269003,8.0,2,3,1,5.0,,0.0,0,2016.0,A01,138Â 200Â 566,1.0,3.0,-1.0,1731911,0.0,7,,14.0,0.0,2.0,A01,138Â 200Â 566,0.0
1014604,201900056135,8,19,12:45,1,1,6,1.0,3.0,56251,Rond-point de Saint LÃ©onard,M,"47,6479900"," -2,7042400",56,2019,50.0,1.0,1.0,4.0,2269004,1.0,1,4,1,0.0,,0.0,0,2002.0,B01,138Â 200Â 564,2.0,6.0,9.0,1731912,3.0,2,,0.0,2.0,7.0,B01,138Â 200Â 564,1.0
1014604,201900056135,8,19,12:45,1,1,6,1.0,3.0,56251,Rond-point de Saint LÃ©onard,M,"47,6479900"," -2,7042400",56,2019,50.0,1.0,1.0,4.0,2269004,1.0,1,4,1,0.0,,0.0,0,2002.0,B01,138Â 200Â 564,2.0,6.0,9.0,1731913,3.0,7,,0.0,2.0,3.0,A01,138Â 200Â 565,1.0
1014604,201900056135,8,19,12:45,1,1,6,1.0,3.0,56251,Rond-point de Saint LÃ©onard,M,"47,6479900"," -2,7042400",56,2019,50.0,1.0,1.0,4.0,2269005,1.0,1,1,2,0.0,,0.0,0,1985.0,A01,138Â 200Â 565,1.0,-1.0,-1.0,1731912,3.0,2,,0.0,2.0,7.0,B01,138Â 200Â 564,1.0
1014604,201900056135,8,19,12:45,1,1,6,1.0,3.0,56251,Rond-point de Saint LÃ©onard,M,"47,6479900"," -2,7042400",56,2019,50.0,1.0,1.0,4.0,2269005,1.0,1,1,2,0.0,,0.0,0,1985.0,A01,138Â 200Â 565,1.0,-1.0,-1.0,1731913,3.0,7,,0.0,2.0,3.0,A01,138Â 200Â 565,1.0
1014605,201900056136,8,20,20:30,1,1,1,1.0,7.0,59094,D11,M,"50,9268830","2,2369890",59,2019,70.0,8.0,1.0,3.0,2269006,1.0,1,3,1,5.0,,0.0,0,1993.0,A01,138Â 200Â 563,8.0,-1.0,-1.0,1731914,2.0,33,,0.0,0.0,0.0,A01,138Â 200Â 563,1.0
1014606,201900056137,8,20,17:55,1,1,1,1.0,3.0,80410,D930,M,"49,7622470","3,0798920",80,2019,-1.0,5.0,1.0,3.0,2269007,1.0,1,3,1,0.0,,0.0,0,2001.0,B01,138Â 200Â 561,0.0,-1.0,-1.0,1731915,1.0,1,,0.0,2.0,9.0,B01,138Â 200Â 561,5.0
1014606,201900056137,8,20,17:55,1,1,1,1.0,3.0,80410,D930,M,"49,7622470","3,0798920",80,2019,-1.0,5.0,1.0,3.0,2269007,1.0,1,3,1,0.0,,0.0,0,2001.0,B01,138Â 200Â 561,0.0,-1.0,-1.0,1731916,2.0,14,,0.0,2.0,2.0,A01,138Â 200Â 562,1.0
1014606,201900056137,8,20,17:55,1,1,1,1.0,3.0,80410,D930,M,"49,7622470","3,0798920",80,2019,-1.0,5.0,1.0,3.0,2269008,1.0,1,1,1,4.0,,0.0,0,1964.0,A01,138Â 200Â 562,1.0,-1.0,-1.0,1731915,1.0,1,,0.0,2.0,9.0,B01,138Â 200Â 561,5.0
1014606,201900056137,8,20,17:55,1,1,1,1.0,3.0,80410,D930,M,"49,7622470","3,0798920",80,2019,-1.0,5.0,1.0,3.0,2269008,1.0,1,1,1,4.0,,0.0,0,1964.0,A01,138Â 200Â 562,1.0,-1.0,-1.0,1731916,2.0,14,,0.0,2.0,2.0,A01,138Â 200Â 562,1.0
1014607,201900056138,8,19,23:00,3,1,1,1.0,7.0,63372,D224,M,"45,9058747","3,3008337",63,2019,80.0,8.0,1.0,3.0,2269009,1.0,1,3,1,5.0,,0.0,0,1998.0,A01,138Â 200Â 560,1.0,-1.0,-1.0,1731917,1.0,7,,0.0,0.0,9.0,A01,138Â 200Â 560,1.0
1014608,201900056139,8,19,21:45,3,1,1,1.0,7.0,63426,CD 922,M,"45,5458530","2,6217690",63,2019,80.0,1.0,1.0,3.0,2269010,1.0,1,1,2,5.0,,0.0,0,1998.0,A01,138Â 200Â 559,1.0,-1.0,-1.0,1731918,2.0,7,,0.0,6.0,0.0,A01,138Â 200Â 559,1.0
1014608,201900056139,8,19,21:45,3,1,1,1.0,7.0,63426,CD 922,M,"45,5458530","2,6217690",63,2019,80.0,1.0,1.0,3.0,2269011,2.0,2,4,2,5.0,,0.0,0,1996.0,A01,138Â 200Â 559,1.0,-1.0,-1.0,1731918,2.0,7,,0.0,6.0,0.0,A01,138Â 200Â 559,1.0
1014609,201900056140,8,17,17:40,1,1,4,1.0,2.0,61431,D386,M,"48,5713190"," -0,4134690",61,2019,80.0,1.0,1.0,3.0,2269012,2.0,2,1,2,5.0,,0.0,0,1988.0,A01,138Â 200Â 557,1.0,-1.0,-1.0,1731919,1.0,7,,0.0,2.0,1.0,A01,138Â 200Â 557,1.0
1014609,201900056140,8,17,17:40,1,1,4,1.0,2.0,61431,D386,M,"48,5713190"," -0,4134690",61,2019,80.0,1.0,1.0,3.0,2269012,2.0,2,1,2,5.0,,0.0,0,1988.0,A01,138Â 200Â 557,1.0,-1.0,-1.0,1731920,1.0,7,,0.0,2.0,4.0,B01,138Â 200Â 558,1.0
1014609,201900056140,8,17,17:40,1,1,4,1.0,2.0,61431,D386,M,"48,5713190"," -0,4134690",61,2019,80.0,1.0,1.0,3.0,2269013,1.0,1,1,2,5.0,,0.0,0,1988.0,A01,138Â 200Â 557,1.0,-1.0,-1.0,1731919,1.0,7,,0.0,2.0,1.0,A01,138Â 200Â 557,1.0
1014609,201900056140,8,17,17:40,1,1,4,1.0,2.0,61431,D386,M,"48,5713190"," -0,4134690",61,2019,80.0,1.0,1.0,3.0,2269013,1.0,1,1,2,5.0,,0.0,0,1988.0,A01,138Â 200Â 557,1.0,-1.0,-1.0,1731920,1.0,7,,0.0,2.0,4.0,B01,138Â 200Â 558,1.0
1014609,201900056140,8,17,17:40,1,1,4,1.0,2.0,61431,D386,M,"48,5713190"," -0,4134690",61,2019,80.0,1.0,1.0,3.0,2269014,2.0,2,1,2,5.0,,0.0,0,1973.0,B01,138Â 200Â 558,1.0,-1.0,-1.0,1731919,1.0,7,,0.0,2.0,1.0,A01,138Â 200Â 557,1.0
1014609,201900056140,8,17,17:40,1,1,4,1.0,2.0,61431,D386,M,"48,5713190"," -0,4134690",61,2019,80.0,1.0,1.0,3.0,2269014,2.0,2,1,2,5.0,,0.0,0,1973.0,B01,138Â 200Â 558,1.0,-1.0,-1.0,1731920,1.0,7,,0.0,2.0,4.0,B01,138Â 200Â 558,1.0
1014609,201900056140,8,17,17:40,1,1,4,1.0,2.0,61431,D386,M,"48,5713190"," -0,4134690",61,2019,80.0,1.0,1.0,3.0,2269015,1.0,1,3,1,5.0,,0.0,0,1973.0,B01,138Â 200Â 558,1.0,-1.0,-1.0,1731919,1.0,7,,0.0,2.0,1.0,A01,138Â 200Â 557,1.0
1014609,201900056140,8,17,17:40,1,1,4,1.0,2.0,61431,D386,M,"48,5713190"," -0,4134690",61,2019,80.0,1.0,1.0,3.0,2269015,1.0,1,3,1,5.0,,0.0,0,1973.0,B01,138Â 200Â 558,1.0,-1.0,-1.0,1731920,1.0,7,,0.0,2.0,4.0,B01,138Â 200Â 558,1.0
1014610,201900056141,8,18,17:45,1,1,1,1.0,7.0,39441,,M,"46,4561810","6,0638240",39,2019,70.0,1.0,1.0,3.0,2269016,1.0,1,1,1,5.0,,0.0,0,1955.0,A01,138Â 200Â 555,2.0,6.0,-1.0,1731921,2.0,33,,0.0,0.0,8.0,A01,138Â 200Â 555,1.0
1014610,201900056141,8,18,17:45,1,1,1,1.0,7.0,39441,,M,"46,4561810","6,0638240",39,2019,70.0,1.0,1.0,3.0,2269017,2.0,2,4,2,5.0,,0.0,0,1960.0,A01,138Â 200Â 555,2.0,6.0,-1.0,1731921,2.0,33,,0.0,0.0,8.0,A01,138Â 200Â 555,1.0
1014611,201900056142,8,19,19:30,1,1,2,1.0,3.0,25381,RD108 PK 12+00,M,"47,2792620","5,9796240",25,2019,70.0,1.0,1.0,3.0,2269018,2.0,2,1,1,5.0,,0.0,0,2008.0,A01,138Â 200Â 553,1.0,-1.0,-1.0,1731922,3.0,7,,0.0,2.0,8.0,A01,138Â 200Â 553,1.0
1014611,201900056142,8,19,19:30,1,1,2,1.0,3.0,25381,RD108 PK 12+00,M,"47,2792620","5,9796240",25,2019,70.0,1.0,1.0,3.0,2269018,2.0,2,1,1,5.0,,0.0,0,2008.0,A01,138Â 200Â 553,1.0,-1.0,-1.0,1731923,2.0,7,,0.0,2.0,2.0,B01,138Â 200Â 554,1.0
1014611,201900056142,8,19,19:30,1,1,2,1.0,3.0,25381,RD108 PK 12+00,M,"47,2792620","5,9796240",25,2019,70.0,1.0,1.0,3.0,2269019,1.0,1,3,2,5.0,,0.0,0,1941.0,A01,138Â 200Â 553,1.0,-1.0,-1.0,1731922,3.0,7,,0.0,2.0,8.0,A01,138Â 200Â 553,1.0
1014611,201900056142,8,19,19:30,1,1,2,1.0,3.0,25381,RD108 PK 12+00,M,"47,2792620","5,9796240",25,2019,70.0,1.0,1.0,3.0,2269019,1.0,1,3,2,5.0,,0.0,0,1941.0,A01,138Â 200Â 553,1.0,-1.0,-1.0,1731923,2.0,7,,0.0,2.0,2.0,B01,138Â 200Â 554,1.0
1014611,201900056142,8,19,19:30,1,1,2,1.0,3.0,25381,RD108 PK 12+00,M,"47,2792620","5,9796240",25,2019,70.0,1.0,1.0,3.0,2269020,1.0,1,4,1,1.0,,0.0,0,1998.0,B01,138Â 200Â 554,1.0,-1.0,-1.0,1731922,3.0,7,,0.0,2.0,8.0,A01,138Â 200Â 553,1.0
1014611,201900056142,8,19,19:30,1,1,2,1.0,3.0,25381,RD108 PK 12+00,M,"47,2792620","5,9796240",25,2019,70.0,1.0,1.0,3.0,2269020,1.0,1,4,1,1.0,,0.0,0,1998.0,B01,138Â 200Â 554,1.0,-1.0,-1.0,1731923,2.0,7,,0.0,2.0,2.0,B01,138Â 200Â 554,1.0
1014612,201900056143,8,19,12:30,1,1,1,1.0,7.0,03105,les Charpes,M,"46,2177836","3,7210363",3,2019,80.0,3.0,1.0,4.0,2269021,1.0,1,3,2,5.0,,0.0,0,1997.0,A01,138Â 200Â 552,2.0,6.0,-1.0,1731924,0.0,31,,0.0,0.0,7.0,A01,138Â 200Â 552,1.0
1014613,201900056144,8,19,15:30,1,1,1,1.0,7.0,15045,D13,M,"44,8656780","3,0140510",15,2019,80.0,8.0,1.0,3.0,2269022,1.0,1,3,1,4.0,,0.0,0,1996.0,A01,138Â 200Â 551,8.0,-1.0,-1.0,1731925,1.0,21,,0.0,0.0,0.0,A01,138Â 200Â 551,1.0
1014614,201900056145,8,18,17:30,1,1,1,1.0,7.0,15113,D17,M,"45,0606810","2,6704930",15,2019,-1.0,1.0,1.0,3.0,2269023,1.0,1,1,1,5.0,,0.0,0,1992.0,A01,138Â 200Â 550,2.0,-1.0,-1.0,1731926,2.0,31,,13.0,0.0,1.0,A01,138Â 200Â 550,1.0
1014614,201900056145,8,18,17:30,1,1,1,1.0,7.0,15113,D17,M,"45,0606810","2,6704930",15,2019,-1.0,1.0,1.0,3.0,2269024,2.0,2,4,2,5.0,,0.0,0,1992.0,A01,138Â 200Â 550,2.0,-1.0,-1.0,1731926,2.0,31,,13.0,0.0,1.0,A01,138Â 200Â 550,1.0
1014615,201900056146,8,17,16:29,1,1,1,2.0,7.0,70460,D 136,M,"47,8594670","6,4881510",70,2019,80.0,3.0,2.0,3.0,2269025,1.0,1,3,1,5.0,,0.0,0,1976.0,A01,138Â 200Â 549,2.0,6.0,9.0,1731927,1.0,33,,13.0,0.0,0.0,A01,138Â 200Â 549,1.0
1014616,201900056147,8,20,05:30,3,1,1,1.0,3.0,26178,D181 Route de RECOUBEAU,M,"44,6666270","5,4284380",26,2019,70.0,1.0,2.0,3.0,2269026,1.0,1,4,1,-1.0,,0.0,0,2000.0,B01,138Â 200Â 547,8.0,8.0,8.0,1731928,2.0,7,,0.0,2.0,3.0,B01,138Â 200Â 547,0.0
1014616,201900056147,8,20,05:30,3,1,1,1.0,3.0,26178,D181 Route de RECOUBEAU,M,"44,6666270","5,4284380",26,2019,70.0,1.0,2.0,3.0,2269026,1.0,1,4,1,-1.0,,0.0,0,2000.0,B01,138Â 200Â 547,8.0,8.0,8.0,1731929,1.0,1,,0.0,2.0,2.0,A01,138Â 200Â 548,5.0
1014616,201900056147,8,20,05:30,3,1,1,1.0,3.0,26178,D181 Route de RECOUBEAU,M,"44,6666270","5,4284380",26,2019,70.0,1.0,2.0,3.0,2269027,1.0,1,3,1,3.0,,0.0,0,1990.0,A01,138Â 200Â 548,9.0,-1.0,-1.0,1731928,2.0,7,,0.0,2.0,3.0,B01,138Â 200Â 547,0.0
1014616,201900056147,8,20,05:30,3,1,1,1.0,3.0,26178,D181 Route de RECOUBEAU,M,"44,6666270","5,4284380",26,2019,70.0,1.0,2.0,3.0,2269027,1.0,1,3,1,3.0,,0.0,0,1990.0,A01,138Â 200Â 548,9.0,-1.0,-1.0,1731929,1.0,1,,0.0,2.0,2.0,A01,138Â 200Â 548,5.0
1014617,201900056148,8,18,23:05,3,2,3,1.0,3.0,26166,3055 Boulevard FrÃ©dÃ©ric Mistral,M,"44,7533880","4,8176230",26,2019,50.0,3.0,1.0,2.0,2269028,1.0,1,1,1,4.0,,0.0,0,1991.0,B01,138Â 200Â 545,1.0,-1.0,-1.0,1731930,1.0,14,,0.0,2.0,3.0,B01,138Â 200Â 545,1.0
1014617,201900056148,8,18,23:05,3,2,3,1.0,3.0,26166,3055 Boulevard FrÃ©dÃ©ric Mistral,M,"44,7533880","4,8176230",26,2019,50.0,3.0,1.0,2.0,2269028,1.0,1,1,1,4.0,,0.0,0,1991.0,B01,138Â 200Â 545,1.0,-1.0,-1.0,1731931,1.0,7,,0.0,2.0,2.0,A01,138Â 200Â 546,1.0
1014617,201900056148,8,18,23:05,3,2,3,1.0,3.0,26166,3055 Boulevard FrÃ©dÃ©ric Mistral,M,"44,7533880","4,8176230",26,2019,50.0,3.0,1.0,2.0,2269029,1.0,1,4,1,5.0,,0.0,0,1976.0,A01,138Â 200Â 546,1.0,-1.0,-1.0,1731930,1.0,14,,0.0,2.0,3.0,B01,138Â 200Â 545,1.0
1014617,201900056148,8,18,23:05,3,2,3,1.0,3.0,26166,3055 Boulevard FrÃ©dÃ©ric Mistral,M,"44,7533880","4,8176230",26,2019,50.0,3.0,1.0,2.0,2269029,1.0,1,4,1,5.0,,0.0,0,1976.0,A01,138Â 200Â 546,1.0,-1.0,-1.0,1731931,1.0,7,,0.0,2.0,2.0,A01,138Â 200Â 546,1.0
1014618,201900056149,8,19,16:30,1,1,1,1.0,5.0,58301,75 Le Mousseau,M,"46,9112060","3,7712670",58,2019,80.0,1.0,1.0,3.0,2269030,1.0,1,4,1,5.0,,0.0,0,1957.0,C01,138Â 200Â 542,1.0,-1.0,-1.0,1731932,1.0,7,,0.0,2.0,3.0,C01,138Â 200Â 542,1.0
1014618,201900056149,8,19,16:30,1,1,1,1.0,5.0,58301,75 Le Mousseau,M,"46,9112060","3,7712670",58,2019,80.0,1.0,1.0,3.0,2269030,1.0,1,4,1,5.0,,0.0,0,1957.0,C01,138Â 200Â 542,1.0,-1.0,-1.0,1731933,1.0,7,,0.0,2.0,3.0,B01,138Â 200Â 543,1.0
1014618,201900056149,8,19,16:30,1,1,1,1.0,5.0,58301,75 Le Mousseau,M,"46,9112060","3,7712670",58,2019,80.0,1.0,1.0,3.0,2269030,1.0,1,4,1,5.0,,0.0,0,1957.0,C01,138Â 200Â 542,1.0,-1.0,-1.0,1731934,2.0,7,,0.0,2.0,3.0,A01,138Â 200Â 544,1.0
1014618,201900056149,8,19,16:30,1,1,1,1.0,5.0,58301,75 Le Mousseau,M,"46,9112060","3,7712670",58,2019,80.0,1.0,1.0,3.0,2269031,2.0,2,3,2,5.0,,0.0,0,1954.0,C01,138Â 200Â 542,1.0,-1.0,-1.0,1731932,1.0,7,,0.0,2.0,3.0,C01,138Â 200Â 542,1.0
1014618,201900056149,8,19,16:30,1,1,1,1.0,5.0,58301,75 Le Mousseau,M,"46,9112060","3,7712670",58,2019,80.0,1.0,1.0,3.0,2269031,2.0,2,3,2,5.0,,0.0,0,1954.0,C01,138Â 200Â 542,1.0,-1.0,-1.0,1731933,1.0,7,,0.0,2.0,3.0,B01,138Â 200Â 543,1.0
1014618,201900056149,8,19,16:30,1,1,1,1.0,5.0,58301,75 Le Mousseau,M,"46,9112060","3,7712670",58,2019,80.0,1.0,1.0,3.0,2269031,2.0,2,3,2,5.0,,0.0,0,1954.0,C01,138Â 200Â 542,1.0,-1.0,-1.0,1731934,2.0,7,,0.0,2.0,3.0,A01,138Â 200Â 544,1.0
1014618,201900056149,8,19,16:30,1,1,1,1.0,5.0,58301,75 Le Mousseau,M,"46,9112060","3,7712670",58,2019,80.0,1.0,1.0,3.0,2269032,2.0,2,1,2,5.0,,0.0,0,1951.0,B01,138Â 200Â 543,1.0,-1.0,-1.0,1731932,1.0,7,,0.0,2.0,3.0,C01,138Â 200Â 542,1.0
1014618,201900056149,8,19,16:30,1,1,1,1.0,5.0,58301,75 Le Mousseau,M,"46,9112060","3,7712670",58,2019,80.0,1.0,1.0,3.0,2269032,2.0,2,1,2,5.0,,0.0,0,1951.0,B01,138Â 200Â 543,1.0,-1.0,-1.0,1731933,1.0,7,,0.0,2.0,3.0,B01,138Â 200Â 543,1.0
1014618,201900056149,8,19,16:30,1,1,1,1.0,5.0,58301,75 Le Mousseau,M,"46,9112060","3,7712670",58,2019,80.0,1.0,1.0,3.0,2269032,2.0,2,1,2,5.0,,0.0,0,1951.0,B01,138Â 200Â 543,1.0,-1.0,-1.0,1731934,2.0,7,,0.0,2.0,3.0,A01,138Â 200Â 544,1.0
1014618,201900056149,8,19,16:30,1,1,1,1.0,5.0,58301,75 Le Mousseau,M,"46,9112060","3,7712670",58,2019,80.0,1.0,1.0,3.0,2269033,1.0,1,1,1,5.0,,0.0,0,1981.0,B01,138Â 200Â 543,1.0,-1.0,-1.0,1731932,1.0,7,,0.0,2.0,3.0,C01,138Â 200Â 542,1.0
1014618,201900056149,8,19,16:30,1,1,1,1.0,5.0,58301,75 Le Mousseau,M,"46,9112060","3,7712670",58,2019,80.0,1.0,1.0,3.0,2269033,1.0,1,1,1,5.0,,0.0,0,1981.0,B01,138Â 200Â 543,1.0,-1.0,-1.0,1731933,1.0,7,,0.0,2.0,3.0,B01,138Â 200Â 543,1.0
1014618,201900056149,8,19,16:30,1,1,1,1.0,5.0,58301,75 Le Mousseau,M,"46,9112060","3,7712670",58,2019,80.0,1.0,1.0,3.0,2269033,1.0,1,1,1,5.0,,0.0,0,1981.0,B01,138Â 200Â 543,1.0,-1.0,-1.0,1731934,2.0,7,,0.0,2.0,3.0,A01,138Â 200Â 544,1.0
1014618,201900056149,8,19,16:30,1,1,1,1.0,5.0,58301,75 Le Mousseau,M,"46,9112060","3,7712670",58,2019,80.0,1.0,1.0,3.0,2269034,3.0,2,1,2,5.0,,0.0,0,1981.0,B01,138Â 200Â 543,1.0,-1.0,-1.0,1731932,1.0,7,,0.0,2.0,3.0,C01,138Â 200Â 542,1.0
1014618,201900056149,8,19,16:30,1,1,1,1.0,5.0,58301,75 Le Mousseau,M,"46,9112060","3,7712670",58,2019,80.0,1.0,1.0,3.0,2269034,3.0,2,1,2,5.0,,0.0,0,1981.0,B01,138Â 200Â 543,1.0,-1.0,-1.0,1731933,1.0,7,,0.0,2.0,3.0,B01,138Â 200Â 543,1.0
1014618,201900056149,8,19,16:30,1,1,1,1.0,5.0,58301,75 Le Mousseau,M,"46,9112060","3,7712670",58,2019,80.0,1.0,1.0,3.0,2269034,3.0,2,1,2,5.0,,0.0,0,1981.0,B01,138Â 200Â 543,1.0,-1.0,-1.0,1731934,2.0,7,,0.0,2.0,3.0,A01,138Â 200Â 544,1.0
1014618,201900056149,8,19,16:30,1,1,1,1.0,5.0,58301,75 Le Mousseau,M,"46,9112060","3,7712670",58,2019,80.0,1.0,1.0,3.0,2269035,1.0,1,4,1,0.0,,0.0,0,1935.0,A01,138Â 200Â 544,1.0,-1.0,-1.0,1731932,1.0,7,,0.0,2.0,3.0,C01,138Â 200Â 542,1.0
1014618,201900056149,8,19,16:30,1,1,1,1.0,5.0,58301,75 Le Mousseau,M,"46,9112060","3,7712670",58,2019,80.0,1.0,1.0,3.0,2269035,1.0,1,4,1,0.0,,0.0,0,1935.0,A01,138Â 200Â 544,1.0,-1.0,-1.0,1731933,1.0,7,,0.0,2.0,3.0,B01,138Â 200Â 543,1.0
1014618,201900056149,8,19,16:30,1,1,1,1.0,5.0,58301,75 Le Mousseau,M,"46,9112060","3,7712670",58,2019,80.0,1.0,1.0,3.0,2269035,1.0,1,4,1,0.0,,0.0,0,1935.0,A01,138Â 200Â 544,1.0,-1.0,-1.0,1731934,2.0,7,,0.0,2.0,3.0,A01,138Â 200Â 544,1.0
1014619,201900056150,8,16,08:00,1,1,1,1.0,3.0,54426,RD 121,M,"48,6434230","5,9366880",54,2019,50.0,1.0,1.0,3.0,2269036,1.0,1,1,2,0.0,,0.0,0,1998.0,A01,138Â 200Â 540,1.0,5.0,-1.0,1731935,1.0,7,,0.0,2.0,1.0,A01,138Â 200Â 540,1.0
1014619,201900056150,8,16,08:00,1,1,1,1.0,3.0,54426,RD 121,M,"48,6434230","5,9366880",54,2019,50.0,1.0,1.0,3.0,2269036,1.0,1,1,2,0.0,,0.0,0,1998.0,A01,138Â 200Â 540,1.0,5.0,-1.0,1731936,2.0,99,,0.0,2.0,3.0,B01,138Â 200Â 541,0.0
1014619,201900056150,8,16,08:00,1,1,1,1.0,3.0,54426,RD 121,M,"48,6434230","5,9366880",54,2019,50.0,1.0,1.0,3.0,2269037,1.0,1,3,1,0.0,,0.0,0,1936.0,B01,138Â 200Â 541,1.0,-1.0,-1.0,1731935,1.0,7,,0.0,2.0,1.0,A01,138Â 200Â 540,1.0
1014619,201900056150,8,16,08:00,1,1,1,1.0,3.0,54426,RD 121,M,"48,6434230","5,9366880",54,2019,50.0,1.0,1.0,3.0,2269037,1.0,1,3,1,0.0,,0.0,0,1936.0,B01,138Â 200Â 541,1.0,-1.0,-1.0,1731936,2.0,99,,0.0,2.0,3.0,B01,138Â 200Â 541,0.0
1014620,201900056151,8,15,01:38,3,1,1,1.0,7.0,64425,Quartier de Laharanne,M,"43,3773574"," -1,1362468",64,2019,80.0,8.0,1.0,3.0,2269038,1.0,1,2,1,5.0,,0.0,0,1984.0,A01,138Â 200Â 539,2.0,6.0,9.0,1731937,2.0,33,,6.0,0.0,9.0,A01,138Â 200Â 539,1.0
1014621,201900056152,8,19,04:35,3,1,1,3.0,6.0,73298,RN 90,M,"45,6549420","6,4331491",73,2019,110.0,2.0,2.0,2.0,2269039,1.0,1,1,2,5.0,,0.0,0,1979.0,A01,138Â 200Â 536,1.0,-1.0,-1.0,1731938,1.0,7,,3.0,0.0,8.0,A01,138Â 200Â 536,1.0
1014621,201900056152,8,19,04:35,3,1,1,3.0,6.0,73298,RN 90,M,"45,6549420","6,4331491",73,2019,110.0,2.0,2.0,2.0,2269040,7.0,2,1,1,5.0,,0.0,0,2010.0,A01,138Â 200Â 536,1.0,-1.0,-1.0,1731938,1.0,7,,3.0,0.0,8.0,A01,138Â 200Â 536,1.0
1014621,201900056152,8,19,04:35,3,1,1,3.0,6.0,73298,RN 90,M,"45,6549420","6,4331491",73,2019,110.0,2.0,2.0,2.0,2269041,2.0,2,1,1,5.0,,0.0,0,1980.0,A01,138Â 200Â 536,1.0,-1.0,-1.0,1731938,1.0,7,,3.0,0.0,8.0,A01,138Â 200Â 536,1.0
1014621,201900056152,8,19,04:35,3,1,1,3.0,6.0,73298,RN 90,M,"45,6549420","6,4331491",73,2019,110.0,2.0,2.0,2.0,2269042,9.0,2,3,1,5.0,,0.0,0,1988.0,A01,138Â 200Â 536,1.0,-1.0,-1.0,1731938,1.0,7,,3.0,0.0,8.0,A01,138Â 200Â 536,1.0
1014622,201900056153,8,17,16:00,1,1,1,1.0,7.0,18237,D23,M,"47,0768920","2,1628050",18,2019,80.0,3.0,1.0,3.0,2269043,1.0,1,3,1,5.0,,0.0,0,1949.0,A01,138Â 200Â 535,2.0,6.0,-1.0,1731939,1.0,31,,0.0,0.0,1.0,A01,138Â 200Â 535,1.0
1014623,201900056154,8,19,11:15,1,1,1,1.0,3.0,10359,N77,M,"48,1349330","3,9909440",10,2019,80.0,1.0,1.0,2.0,2269044,1.0,1,4,1,5.0,,0.0,0,1950.0,B01,138Â 200Â 533,1.0,-1.0,-1.0,1731940,2.0,7,,0.0,2.0,3.0,B01,138Â 200Â 533,1.0
1014623,201900056154,8,19,11:15,1,1,1,1.0,3.0,10359,N77,M,"48,1349330","3,9909440",10,2019,80.0,1.0,1.0,2.0,2269044,1.0,1,4,1,5.0,,0.0,0,1950.0,B01,138Â 200Â 533,1.0,-1.0,-1.0,1731941,2.0,7,,0.0,2.0,2.0,A01,138Â 200Â 534,1.0
1014623,201900056154,8,19,11:15,1,1,1,1.0,3.0,10359,N77,M,"48,1349330","3,9909440",10,2019,80.0,1.0,1.0,2.0,2269045,7.0,2,1,2,5.0,,0.0,0,2017.0,A01,138Â 200Â 534,3.0,-1.0,-1.0,1731940,2.0,7,,0.0,2.0,3.0,B01,138Â 200Â 533,1.0
1014623,201900056154,8,19,11:15,1,1,1,1.0,3.0,10359,N77,M,"48,1349330","3,9909440",10,2019,80.0,1.0,1.0,2.0,2269045,7.0,2,1,2,5.0,,0.0,0,2017.0,A01,138Â 200Â 534,3.0,-1.0,-1.0,1731941,2.0,7,,0.0,2.0,2.0,A01,138Â 200Â 534,1.0