Unnamed: 0_x,num_acc,mois,jour,hrmn,lum,agg,int,atm,col,com,adr,gps,lat,long,dep,annee,vma,situ,surf,catr,Unnamed: 0_y,place,catu,grav,sexe,trajet,secu,locp,actp,an_nais,num_veh_x,id_vehicule_x,secu1,secu2,secu3,Unnamed: 0,senc,catv,occutc,obs,obsm,choc,num_veh_y,id_vehicule_y,motor
1014623,201900056154,8,19,11:15,1,1,1,1.0,3.0,10359,N77,M,"48,1349330","3,9909440",10,2019,80.0,1.0,1.0,2.0,2269046,1.0,1,4,2,5.0,,0.0,0,1984.0,A01,138Â 200Â 534,1.0,-1.0,-1.0,1731940,2.0,7,,0.0,2.0,3.0,B01,138Â 200Â 533,1.0
1014623,201900056154,8,19,11:15,1,1,1,1.0,3.0,10359,N77,M,"48,1349330","3,9909440",10,2019,80.0,1.0,1.0,2.0,2269046,1.0,1,4,2,5.0,,0.0,0,1984.0,A01,138Â 200Â 534,1.0,-1.0,-1.0,1731941,2.0,7,,0.0,2.0,2.0,A01,138Â 200Â 534,1.0
1014623,201900056154,8,19,11:15,1,1,1,1.0,3.0,10359,N77,M,"48,1349330","3,9909440",10,2019,80.0,1.0,1.0,2.0,2269047,9.0,2,1,2,5.0,,0.0,0,2014.0,A01,138Â 200Â 534,3.0,-1.0,-1.0,1731940,2.0,7,,0.0,2.0,3.0,B01,138Â 200Â 533,1.0
1014623,201900056154,8,19,11:15,1,1,1,1.0,3.0,10359,N77,M,"48,1349330","3,9909440",10,2019,80.0,1.0,1.0,2.0,2269047,9.0,2,1,2,5.0,,0.0,0,2014.0,A01,138Â 200Â 534,3.0,-1.0,-1.0,1731941,2.0,7,,0.0,2.0,2.0,A01,138Â 200Â 534,1.0
1014624,201900056155,8,14,17:00,1,1,1,1.0,7.0,10104,rd444,M,"48,1602230","4,1283810",10,2019,80.0,1.0,9.0,3.0,2269048,1.0,1,3,1,5.0,,0.0,0,1974.0,A01,138Â 200Â 532,2.0,9.0,-1.0,1731942,2.0,33,,0.0,0.0,1.0,A01,138Â 200Â 532,1.0
1014624,201900056155,8,14,17:00,1,1,1,1.0,7.0,10104,rd444,M,"48,1602230","4,1283810",10,2019,80.0,1.0,9.0,3.0,2269049,2.0,2,3,1,5.0,,0.0,0,2006.0,A01,138Â 200Â 532,2.0,-1.0,-1.0,1731942,2.0,33,,0.0,0.0,1.0,A01,138Â 200Â 532,1.0
1014625,201900056156,8,19,17:30,1,1,2,1.0,3.0,85280,D119,M,"46,8581400"," -2,0119200",85,2019,80.0,1.0,1.0,3.0,2269050,1.0,1,1,1,5.0,,0.0,0,2000.0,B01,138Â 200Â 530,1.0,-1.0,-1.0,1731943,2.0,7,,0.0,2.0,2.0,B01,138Â 200Â 530,0.0
1014625,201900056156,8,19,17:30,1,1,2,1.0,3.0,85280,D119,M,"46,8581400"," -2,0119200",85,2019,80.0,1.0,1.0,3.0,2269050,1.0,1,1,1,5.0,,0.0,0,2000.0,B01,138Â 200Â 530,1.0,-1.0,-1.0,1731944,2.0,7,,0.0,2.0,8.0,A01,138Â 200Â 531,0.0
1014625,201900056156,8,19,17:30,1,1,2,1.0,3.0,85280,D119,M,"46,8581400"," -2,0119200",85,2019,80.0,1.0,1.0,3.0,2269051,9.0,2,1,2,5.0,,0.0,0,2010.0,B01,138Â 200Â 530,1.0,-1.0,-1.0,1731943,2.0,7,,0.0,2.0,2.0,B01,138Â 200Â 530,0.0
1014625,201900056156,8,19,17:30,1,1,2,1.0,3.0,85280,D119,M,"46,8581400"," -2,0119200",85,2019,80.0,1.0,1.0,3.0,2269051,9.0,2,1,2,5.0,,0.0,0,2010.0,B01,138Â 200Â 530,1.0,-1.0,-1.0,1731944,2.0,7,,0.0,2.0,8.0,A01,138Â 200Â 531,0.0
1014625,201900056156,8,19,17:30,1,1,2,1.0,3.0,85280,D119,M,"46,8581400"," -2,0119200",85,2019,80.0,1.0,1.0,3.0,2269052,8.0,2,1,2,5.0,,0.0,0,2006.0,B01,138Â 200Â 530,1.0,-1.0,-1.0,1731943,2.0,7,,0.0,2.0,2.0,B01,138Â 200Â 530,0.0
1014625,201900056156,8,19,17:30,1,1,2,1.0,3.0,85280,D119,M,"46,8581400"," -2,0119200",85,2019,80.0,1.0,1.0,3.0,2269052,8.0,2,1,2,5.0,,0.0,0,2006.0,B01,138Â 200Â 530,1.0,-1.0,-1.0,1731944,2.0,7,,0.0,2.0,8.0,A01,138Â 200Â 531,0.0
1014625,201900056156,8,19,17:30,1,1,2,1.0,3.0,85280,D119,M,"46,8581400"," -2,0119200",85,2019,80.0,1.0,1.0,3.0,2269053,7.0,2,1,2,5.0,,0.0,0,2002.0,B01,138Â 200Â 530,1.0,-1.0,-1.0,1731943,2.0,7,,0.0,2.0,2.0,B01,138Â 200Â 530,0.0
1014625,201900056156,8,19,17:30,1,1,2,1.0,3.0,85280,D119,M,"46,8581400"," -2,0119200",85,2019,80.0,1.0,1.0,3.0,2269053,7.0,2,1,2,5.0,,0.0,0,2002.0,B01,138Â 200Â 530,1.0,-1.0,-1.0,1731944,2.0,7,,0.0,2.0,8.0,A01,138Â 200Â 531,0.0
1014625,201900056156,8,19,17:30,1,1,2,1.0,3.0,85280,D119,M,"46,8581400"," -2,0119200",85,2019,80.0,1.0,1.0,3.0,2269054,2.0,2,1,2,5.0,,0.0,0,1976.0,B01,138Â 200Â 530,1.0,-1.0,-1.0,1731943,2.0,7,,0.0,2.0,2.0,B01,138Â 200Â 530,0.0
1014625,201900056156,8,19,17:30,1,1,2,1.0,3.0,85280,D119,M,"46,8581400"," -2,0119200",85,2019,80.0,1.0,1.0,3.0,2269054,2.0,2,1,2,5.0,,0.0,0,1976.0,B01,138Â 200Â 530,1.0,-1.0,-1.0,1731944,2.0,7,,0.0,2.0,8.0,A01,138Â 200Â 531,0.0
1014625,201900056156,8,19,17:30,1,1,2,1.0,3.0,85280,D119,M,"46,8581400"," -2,0119200",85,2019,80.0,1.0,1.0,3.0,2269055,7.0,2,3,2,5.0,,0.0,0,1937.0,A01,138Â 200Â 531,1.0,-1.0,-1.0,1731943,2.0,7,,0.0,2.0,2.0,B01,138Â 200Â 530,0.0
1014625,201900056156,8,19,17:30,1,1,2,1.0,3.0,85280,D119,M,"46,8581400"," -2,0119200",85,2019,80.0,1.0,1.0,3.0,2269055,7.0,2,3,2,5.0,,0.0,0,1937.0,A01,138Â 200Â 531,1.0,-1.0,-1.0,1731944,2.0,7,,0.0,2.0,8.0,A01,138Â 200Â 531,0.0
1014625,201900056156,8,19,17:30,1,1,2,1.0,3.0,85280,D119,M,"46,8581400"," -2,0119200",85,2019,80.0,1.0,1.0,3.0,2269056,2.0,2,1,1,5.0,,0.0,0,1994.0,A01,138Â 200Â 531,1.0,-1.0,-1.0,1731943,2.0,7,,0.0,2.0,2.0,B01,138Â 200Â 530,0.0
1014625,201900056156,8,19,17:30,1,1,2,1.0,3.0,85280,D119,M,"46,8581400"," -2,0119200",85,2019,80.0,1.0,1.0,3.0,2269056,2.0,2,1,1,5.0,,0.0,0,1994.0,A01,138Â 200Â 531,1.0,-1.0,-1.0,1731944,2.0,7,,0.0,2.0,8.0,A01,138Â 200Â 531,0.0
1014625,201900056156,8,19,17:30,1,1,2,1.0,3.0,85280,D119,M,"46,8581400"," -2,0119200",85,2019,80.0,1.0,1.0,3.0,2269057,9.0,2,4,2,5.0,,0.0,0,1985.0,A01,138Â 200Â 531,1.0,-1.0,-1.0,1731943,2.0,7,,0.0,2.0,2.0,B01,138Â 200Â 530,0.0
1014625,201900056156,8,19,17:30,1,1,2,1.0,3.0,85280,D119,M,"46,8581400"," -2,0119200",85,2019,80.0,1.0,1.0,3.0,2269057,9.0,2,4,2,5.0,,0.0,0,1985.0,A01,138Â 200Â 531,1.0,-1.0,-1.0,1731944,2.0,7,,0.0,2.0,8.0,A01,138Â 200Â 531,0.0
1014625,201900056156,8,19,17:30,1,1,2,1.0,3.0,85280,D119,M,"46,8581400"," -2,0119200",85,2019,80.0,1.0,1.0,3.0,2269058,8.0,2,1,1,5.0,,0.0,0,2016.0,A01,138Â 200Â 531,1.0,-1.0,-1.0,1731943,2.0,7,,0.0,2.0,2.0,B01,138Â 200Â 530,0.0
1014625,201900056156,8,19,17:30,1,1,2,1.0,3.0,85280,D119,M,"46,8581400"," -2,0119200",85,2019,80.0,1.0,1.0,3.0,2269058,8.0,2,1,1,5.0,,0.0,0,2016.0,A01,138Â 200Â 531,1.0,-1.0,-1.0,1731944,2.0,7,,0.0,2.0,8.0,A01,138Â 200Â 531,0.0
1014625,201900056156,8,19,17:30,1,1,2,1.0,3.0,85280,D119,M,"46,8581400"," -2,0119200",85,2019,80.0,1.0,1.0,3.0,2269059,1.0,1,1,1,5.0,,0.0,0,1932.0,A01,138Â 200Â 531,1.0,-1.0,-1.0,1731943,2.0,7,,0.0,2.0,2.0,B01,138Â 200Â 530,0.0
1014625,201900056156,8,19,17:30,1,1,2,1.0,3.0,85280,D119,M,"46,8581400"," -2,0119200",85,2019,80.0,1.0,1.0,3.0,2269059,1.0,1,1,1,5.0,,0.0,0,1932.0,A01,138Â 200Â 531,1.0,-1.0,-1.0,1731944,2.0,7,,0.0,2.0,8.0,A01,138Â 200Â 531,0.0
1014626,201900056157,8,19,18:30,1,1,1,1.0,2.0,28391,route dÃ©partementale 2020,M,"48,1977970","1,9298220",28,2019,80.0,1.0,1.0,3.0,2269060,4.0,2,3,2,5.0,,0.0,0,2000.0,B01,138Â 200Â 528,1.0,-1.0,-1.0,1731945,1.0,7,,0.0,0.0,6.0,B01,138Â 200Â 528,1.0
1014626,201900056157,8,19,18:30,1,1,1,1.0,2.0,28391,route dÃ©partementale 2020,M,"48,1977970","1,9298220",28,2019,80.0,1.0,1.0,3.0,2269060,4.0,2,3,2,5.0,,0.0,0,2000.0,B01,138Â 200Â 528,1.0,-1.0,-1.0,1731946,1.0,15,,0.0,2.0,2.0,A01,138Â 200Â 529,1.0
1014626,201900056157,8,19,18:30,1,1,1,1.0,2.0,28391,route dÃ©partementale 2020,M,"48,1977970","1,9298220",28,2019,80.0,1.0,1.0,3.0,2269061,2.0,2,1,2,5.0,,0.0,0,1964.0,B01,138Â 200Â 528,1.0,-1.0,-1.0,1731945,1.0,7,,0.0,0.0,6.0,B01,138Â 200Â 528,1.0
1014626,201900056157,8,19,18:30,1,1,1,1.0,2.0,28391,route dÃ©partementale 2020,M,"48,1977970","1,9298220",28,2019,80.0,1.0,1.0,3.0,2269061,2.0,2,1,2,5.0,,0.0,0,1964.0,B01,138Â 200Â 528,1.0,-1.0,-1.0,1731946,1.0,15,,0.0,2.0,2.0,A01,138Â 200Â 529,1.0
1014626,201900056157,8,19,18:30,1,1,1,1.0,2.0,28391,route dÃ©partementale 2020,M,"48,1977970","1,9298220",28,2019,80.0,1.0,1.0,3.0,2269062,1.0,1,1,1,5.0,,0.0,0,1963.0,B01,138Â 200Â 528,1.0,-1.0,-1.0,1731945,1.0,7,,0.0,0.0,6.0,B01,138Â 200Â 528,1.0
1014626,201900056157,8,19,18:30,1,1,1,1.0,2.0,28391,route dÃ©partementale 2020,M,"48,1977970","1,9298220",28,2019,80.0,1.0,1.0,3.0,2269062,1.0,1,1,1,5.0,,0.0,0,1963.0,B01,138Â 200Â 528,1.0,-1.0,-1.0,1731946,1.0,15,,0.0,2.0,2.0,A01,138Â 200Â 529,1.0
1014626,201900056157,8,19,18:30,1,1,1,1.0,2.0,28391,route dÃ©partementale 2020,M,"48,1977970","1,9298220",28,2019,80.0,1.0,1.0,3.0,2269063,1.0,1,4,1,4.0,,0.0,0,1962.0,A01,138Â 200Â 529,1.0,-1.0,-1.0,1731945,1.0,7,,0.0,0.0,6.0,B01,138Â 200Â 528,1.0
1014626,201900056157,8,19,18:30,1,1,1,1.0,2.0,28391,route dÃ©partementale 2020,M,"48,1977970","1,9298220",28,2019,80.0,1.0,1.0,3.0,2269063,1.0,1,4,1,4.0,,0.0,0,1962.0,A01,138Â 200Â 529,1.0,-1.0,-1.0,1731946,1.0,15,,0.0,2.0,2.0,A01,138Â 200Â 529,1.0
1014627,201900056158,8,17,15:45,1,1,1,1.0,1.0,17434,RD 114,M,"46,0830850"," -0,7530160",17,2019,80.0,1.0,1.0,3.0,2269064,1.0,1,4,1,0.0,,0.0,0,1973.0,A01,138Â 200Â 526,1.0,-1.0,-1.0,1731947,1.0,7,,0.0,2.0,2.0,A01,138Â 200Â 526,1.0
1014627,201900056158,8,17,15:45,1,1,1,1.0,1.0,17434,RD 114,M,"46,0830850"," -0,7530160",17,2019,80.0,1.0,1.0,3.0,2269064,1.0,1,4,1,0.0,,0.0,0,1973.0,A01,138Â 200Â 526,1.0,-1.0,-1.0,1731948,2.0,7,,0.0,2.0,2.0,B01,138Â 200Â 527,1.0
1014627,201900056158,8,17,15:45,1,1,1,1.0,1.0,17434,RD 114,M,"46,0830850"," -0,7530160",17,2019,80.0,1.0,1.0,3.0,2269065,2.0,2,3,1,5.0,,0.0,0,1964.0,A01,138Â 200Â 526,1.0,-1.0,-1.0,1731947,1.0,7,,0.0,2.0,2.0,A01,138Â 200Â 526,1.0
1014627,201900056158,8,17,15:45,1,1,1,1.0,1.0,17434,RD 114,M,"46,0830850"," -0,7530160",17,2019,80.0,1.0,1.0,3.0,2269065,2.0,2,3,1,5.0,,0.0,0,1964.0,A01,138Â 200Â 526,1.0,-1.0,-1.0,1731948,2.0,7,,0.0,2.0,2.0,B01,138Â 200Â 527,1.0
1014627,201900056158,8,17,15:45,1,1,1,1.0,1.0,17434,RD 114,M,"46,0830850"," -0,7530160",17,2019,80.0,1.0,1.0,3.0,2269066,1.0,1,1,2,5.0,,0.0,0,1972.0,B01,138Â 200Â 527,1.0,-1.0,-1.0,1731947,1.0,7,,0.0,2.0,2.0,A01,138Â 200Â 526,1.0
1014627,201900056158,8,17,15:45,1,1,1,1.0,1.0,17434,RD 114,M,"46,0830850"," -0,7530160",17,2019,80.0,1.0,1.0,3.0,2269066,1.0,1,1,2,5.0,,0.0,0,1972.0,B01,138Â 200Â 527,1.0,-1.0,-1.0,1731948,2.0,7,,0.0,2.0,2.0,B01,138Â 200Â 527,1.0
1014628,201900056159,8,16,10:00,1,2,1,1.0,1.0,87059,D675,M,"46,2145790","1,0813040",87,2019,50.0,1.0,1.0,3.0,2269067,2.0,2,1,1,5.0,,0.0,0,1988.0,A01,138Â 200Â 524,1.0,-1.0,-1.0,1731949,1.0,7,,12.0,2.0,3.0,A01,138Â 200Â 524,1.0
1014628,201900056159,8,16,10:00,1,2,1,1.0,1.0,87059,D675,M,"46,2145790","1,0813040",87,2019,50.0,1.0,1.0,3.0,2269067,2.0,2,1,1,5.0,,0.0,0,1988.0,A01,138Â 200Â 524,1.0,-1.0,-1.0,1731950,2.0,2,,0.0,2.0,1.0,B01,138Â 200Â 525,1.0
1014628,201900056159,8,16,10:00,1,2,1,1.0,1.0,87059,D675,M,"46,2145790","1,0813040",87,2019,50.0,1.0,1.0,3.0,2269068,1.0,1,1,1,5.0,,0.0,0,2000.0,A01,138Â 200Â 524,1.0,5.0,-1.0,1731949,1.0,7,,12.0,2.0,3.0,A01,138Â 200Â 524,1.0
1014628,201900056159,8,16,10:00,1,2,1,1.0,1.0,87059,D675,M,"46,2145790","1,0813040",87,2019,50.0,1.0,1.0,3.0,2269068,1.0,1,1,1,5.0,,0.0,0,2000.0,A01,138Â 200Â 524,1.0,5.0,-1.0,1731950,2.0,2,,0.0,2.0,1.0,B01,138Â 200Â 525,1.0
1014628,201900056159,8,16,10:00,1,2,1,1.0,1.0,87059,D675,M,"46,2145790","1,0813040",87,2019,50.0,1.0,1.0,3.0,2269069,1.0,1,3,1,5.0,,0.0,0,1969.0,B01,138Â 200Â 525,2.0,6.0,9.0,1731949,1.0,7,,12.0,2.0,3.0,A01,138Â 200Â 524,1.0
1014628,201900056159,8,16,10:00,1,2,1,1.0,1.0,87059,D675,M,"46,2145790","1,0813040",87,2019,50.0,1.0,1.0,3.0,2269069,1.0,1,3,1,5.0,,0.0,0,1969.0,B01,138Â 200Â 525,2.0,6.0,9.0,1731950,2.0,2,,0.0,2.0,1.0,B01,138Â 200Â 525,1.0
1014629,201900056160,8,19,07:50,1,1,2,7.0,1.0,37267,carrefour route dÃ©partementale 85 et chemin communal 4,M,"47,3589010","0,8044810",37,2019,-1.0,1.0,1.0,3.0,2269070,1.0,1,4,2,1.0,,0.0,0,1969.0,A01,138Â 200Â 522,1.0,-1.0,-1.0,1731951,1.0,7,,0.0,2.0,2.0,A01,138Â 200Â 522,1.0
1014629,201900056160,8,19,07:50,1,1,2,7.0,1.0,37267,carrefour route dÃ©partementale 85 et chemin communal 4,M,"47,3589010","0,8044810",37,2019,-1.0,1.0,1.0,3.0,2269070,1.0,1,4,2,1.0,,0.0,0,1969.0,A01,138Â 200Â 522,1.0,-1.0,-1.0,1731952,2.0,7,,0.0,2.0,1.0,B01,138Â 200Â 523,1.0
1014629,201900056160,8,19,07:50,1,1,2,7.0,1.0,37267,carrefour route dÃ©partementale 85 et chemin communal 4,M,"47,3589010","0,8044810",37,2019,-1.0,1.0,1.0,3.0,2269071,1.0,1,4,2,1.0,,0.0,0,1962.0,B01,138Â 200Â 523,1.0,-1.0,-1.0,1731951,1.0,7,,0.0,2.0,2.0,A01,138Â 200Â 522,1.0
1014629,201900056160,8,19,07:50,1,1,2,7.0,1.0,37267,carrefour route dÃ©partementale 85 et chemin communal 4,M,"47,3589010","0,8044810",37,2019,-1.0,1.0,1.0,3.0,2269071,1.0,1,4,2,1.0,,0.0,0,1962.0,B01,138Â 200Â 523,1.0,-1.0,-1.0,1731952,2.0,7,,0.0,2.0,1.0,B01,138Â 200Â 523,1.0
1014630,201900056161,8,17,05:30,4,1,1,2.0,5.0,49022,A87,M,"47,3107990"," -0,6071680",49,2019,110.0,1.0,2.0,1.0,2269072,2.0,2,1,2,5.0,,0.0,0,1995.0,C01,138Â 200Â 519,1.0,-1.0,-1.0,1731953,2.0,7,,14.0,0.0,3.0,C01,138Â 200Â 519,1.0
1014630,201900056161,8,17,05:30,4,1,1,2.0,5.0,49022,A87,M,"47,3107990"," -0,6071680",49,2019,110.0,1.0,2.0,1.0,2269072,2.0,2,1,2,5.0,,0.0,0,1995.0,C01,138Â 200Â 519,1.0,-1.0,-1.0,1731954,2.0,7,,3.0,0.0,4.0,B01,138Â 200Â 520,1.0
1014630,201900056161,8,17,05:30,4,1,1,2.0,5.0,49022,A87,M,"47,3107990"," -0,6071680",49,2019,110.0,1.0,2.0,1.0,2269072,2.0,2,1,2,5.0,,0.0,0,1995.0,C01,138Â 200Â 519,1.0,-1.0,-1.0,1731955,2.0,7,,0.0,2.0,1.0,A01,138Â 200Â 521,1.0
1014630,201900056161,8,17,05:30,4,1,1,2.0,5.0,49022,A87,M,"47,3107990"," -0,6071680",49,2019,110.0,1.0,2.0,1.0,2269073,1.0,1,1,1,5.0,,0.0,0,1993.0,C01,138Â 200Â 519,1.0,-1.0,-1.0,1731953,2.0,7,,14.0,0.0,3.0,C01,138Â 200Â 519,1.0
1014630,201900056161,8,17,05:30,4,1,1,2.0,5.0,49022,A87,M,"47,3107990"," -0,6071680",49,2019,110.0,1.0,2.0,1.0,2269073,1.0,1,1,1,5.0,,0.0,0,1993.0,C01,138Â 200Â 519,1.0,-1.0,-1.0,1731954,2.0,7,,3.0,0.0,4.0,B01,138Â 200Â 520,1.0
1014630,201900056161,8,17,05:30,4,1,1,2.0,5.0,49022,A87,M,"47,3107990"," -0,6071680",49,2019,110.0,1.0,2.0,1.0,2269073,1.0,1,1,1,5.0,,0.0,0,1993.0,C01,138Â 200Â 519,1.0,-1.0,-1.0,1731955,2.0,7,,0.0,2.0,1.0,A01,138Â 200Â 521,1.0
1014630,201900056161,8,17,05:30,4,1,1,2.0,5.0,49022,A87,M,"47,3107990"," -0,6071680",49,2019,110.0,1.0,2.0,1.0,2269074,8.0,2,4,2,5.0,,0.0,0,2009.0,B01,138Â 200Â 520,1.0,-1.0,-1.0,1731953,2.0,7,,14.0,0.0,3.0,C01,138Â 200Â 519,1.0
1014630,201900056161,8,17,05:30,4,1,1,2.0,5.0,49022,A87,M,"47,3107990"," -0,6071680",49,2019,110.0,1.0,2.0,1.0,2269074,8.0,2,4,2,5.0,,0.0,0,2009.0,B01,138Â 200Â 520,1.0,-1.0,-1.0,1731954,2.0,7,,3.0,0.0,4.0,B01,138Â 200Â 520,1.0
1014630,201900056161,8,17,05:30,4,1,1,2.0,5.0,49022,A87,M,"47,3107990"," -0,6071680",49,2019,110.0,1.0,2.0,1.0,2269074,8.0,2,4,2,5.0,,0.0,0,2009.0,B01,138Â 200Â 520,1.0,-1.0,-1.0,1731955,2.0,7,,0.0,2.0,1.0,A01,138Â 200Â 521,1.0
1014630,201900056161,8,17,05:30,4,1,1,2.0,5.0,49022,A87,M,"47,3107990"," -0,6071680",49,2019,110.0,1.0,2.0,1.0,2269075,1.0,1,4,1,5.0,,0.0,0,1983.0,B01,138Â 200Â 520,1.0,-1.0,-1.0,1731953,2.0,7,,14.0,0.0,3.0,C01,138Â 200Â 519,1.0
1014630,201900056161,8,17,05:30,4,1,1,2.0,5.0,49022,A87,M,"47,3107990"," -0,6071680",49,2019,110.0,1.0,2.0,1.0,2269075,1.0,1,4,1,5.0,,0.0,0,1983.0,B01,138Â 200Â 520,1.0,-1.0,-1.0,1731954,2.0,7,,3.0,0.0,4.0,B01,138Â 200Â 520,1.0
1014630,201900056161,8,17,05:30,4,1,1,2.0,5.0,49022,A87,M,"47,3107990"," -0,6071680",49,2019,110.0,1.0,2.0,1.0,2269075,1.0,1,4,1,5.0,,0.0,0,1983.0,B01,138Â 200Â 520,1.0,-1.0,-1.0,1731955,2.0,7,,0.0,2.0,1.0,A01,138Â 200Â 521,1.0
1014630,201900056161,8,17,05:30,4,1,1,2.0,5.0,49022,A87,M,"47,3107990"," -0,6071680",49,2019,110.0,1.0,2.0,1.0,2269076,2.0,2,4,2,5.0,,0.0,0,1986.0,B01,138Â 200Â 520,1.0,-1.0,-1.0,1731953,2.0,7,,14.0,0.0,3.0,C01,138Â 200Â 519,1.0
1014630,201900056161,8,17,05:30,4,1,1,2.0,5.0,49022,A87,M,"47,3107990"," -0,6071680",49,2019,110.0,1.0,2.0,1.0,2269076,2.0,2,4,2,5.0,,0.0,0,1986.0,B01,138Â 200Â 520,1.0,-1.0,-1.0,1731954,2.0,7,,3.0,0.0,4.0,B01,138Â 200Â 520,1.0
1014630,201900056161,8,17,05:30,4,1,1,2.0,5.0,49022,A87,M,"47,3107990"," -0,6071680",49,2019,110.0,1.0,2.0,1.0,2269076,2.0,2,4,2,5.0,,0.0,0,1986.0,B01,138Â 200Â 520,1.0,-1.0,-1.0,1731955,2.0,7,,0.0,2.0,1.0,A01,138Â 200Â 521,1.0
1014630,201900056161,8,17,05:30,4,1,1,2.0,5.0,49022,A87,M,"47,3107990"," -0,6071680",49,2019,110.0,1.0,2.0,1.0,2269077,7.0,2,1,2,5.0,,0.0,0,2018.0,B01,138Â 200Â 520,3.0,-1.0,-1.0,1731953,2.0,7,,14.0,0.0,3.0,C01,138Â 200Â 519,1.0
1014630,201900056161,8,17,05:30,4,1,1,2.0,5.0,49022,A87,M,"47,3107990"," -0,6071680",49,2019,110.0,1.0,2.0,1.0,2269077,7.0,2,1,2,5.0,,0.0,0,2018.0,B01,138Â 200Â 520,3.0,-1.0,-1.0,1731954,2.0,7,,3.0,0.0,4.0,B01,138Â 200Â 520,1.0
1014630,201900056161,8,17,05:30,4,1,1,2.0,5.0,49022,A87,M,"47,3107990"," -0,6071680",49,2019,110.0,1.0,2.0,1.0,2269077,7.0,2,1,2,5.0,,0.0,0,2018.0,B01,138Â 200Â 520,3.0,-1.0,-1.0,1731955,2.0,7,,0.0,2.0,1.0,A01,138Â 200Â 521,1.0
1014630,201900056161,8,17,05:30,4,1,1,2.0,5.0,49022,A87,M,"47,3107990"," -0,6071680",49,2019,110.0,1.0,2.0,1.0,2269078,9.0,2,1,2,5.0,,0.0,0,2014.0,B01,138Â 200Â 520,3.0,-1.0,-1.0,1731953,2.0,7,,14.0,0.0,3.0,C01,138Â 200Â 519,1.0
1014630,201900056161,8,17,05:30,4,1,1,2.0,5.0,49022,A87,M,"47,3107990"," -0,6071680",49,2019,110.0,1.0,2.0,1.0,2269078,9.0,2,1,2,5.0,,0.0,0,2014.0,B01,138Â 200Â 520,3.0,-1.0,-1.0,1731954,2.0,7,,3.0,0.0,4.0,B01,138Â 200Â 520,1.0
1014630,201900056161,8,17,05:30,4,1,1,2.0,5.0,49022,A87,M,"47,3107990"," -0,6071680",49,2019,110.0,1.0,2.0,1.0,2269078,9.0,2,1,2,5.0,,0.0,0,2014.0,B01,138Â 200Â 520,3.0,-1.0,-1.0,1731955,2.0,7,,0.0,2.0,1.0,A01,138Â 200Â 521,1.0
1014630,201900056161,8,17,05:30,4,1,1,2.0,5.0,49022,A87,M,"47,3107990"," -0,6071680",49,2019,110.0,1.0,2.0,1.0,2269079,1.0,1,4,1,5.0,,0.0,0,1994.0,A01,138Â 200Â 521,1.0,-1.0,-1.0,1731953,2.0,7,,14.0,0.0,3.0,C01,138Â 200Â 519,1.0
1014630,201900056161,8,17,05:30,4,1,1,2.0,5.0,49022,A87,M,"47,3107990"," -0,6071680",49,2019,110.0,1.0,2.0,1.0,2269079,1.0,1,4,1,5.0,,0.0,0,1994.0,A01,138Â 200Â 521,1.0,-1.0,-1.0,1731954,2.0,7,,3.0,0.0,4.0,B01,138Â 200Â 520,1.0
1014630,201900056161,8,17,05:30,4,1,1,2.0,5.0,49022,A87,M,"47,3107990"," -0,6071680",49,2019,110.0,1.0,2.0,1.0,2269079,1.0,1,4,1,5.0,,0.0,0,1994.0,A01,138Â 200Â 521,1.0,-1.0,-1.0,1731955,2.0,7,,0.0,2.0,1.0,A01,138Â 200Â 521,1.0
1014631,201900056162,8,17,17:00,1,1,9,1.0,3.0,13050,RD7N - CHEMIN DE ST MARC,M,"43,6531410","5,2606910",13,2019,80.0,1.0,1.0,3.0,2269080,1.0,1,1,1,5.0,,0.0,0,1966.0,A01,138Â 200Â 517,1.0,-1.0,-1.0,1731956,1.0,7,,0.0,2.0,2.0,A01,138Â 200Â 517,0.0
1014631,201900056162,8,17,17:00,1,1,9,1.0,3.0,13050,RD7N - CHEMIN DE ST MARC,M,"43,6531410","5,2606910",13,2019,80.0,1.0,1.0,3.0,2269080,1.0,1,1,1,5.0,,0.0,0,1966.0,A01,138Â 200Â 517,1.0,-1.0,-1.0,1731957,2.0,7,,0.0,2.0,1.0,B01,138Â 200Â 518,0.0
1014631,201900056162,8,17,17:00,1,1,9,1.0,3.0,13050,RD7N - CHEMIN DE ST MARC,M,"43,6531410","5,2606910",13,2019,80.0,1.0,1.0,3.0,2269081,2.0,2,4,2,5.0,,0.0,0,1974.0,A01,138Â 200Â 517,1.0,-1.0,-1.0,1731956,1.0,7,,0.0,2.0,2.0,A01,138Â 200Â 517,0.0
1014631,201900056162,8,17,17:00,1,1,9,1.0,3.0,13050,RD7N - CHEMIN DE ST MARC,M,"43,6531410","5,2606910",13,2019,80.0,1.0,1.0,3.0,2269081,2.0,2,4,2,5.0,,0.0,0,1974.0,A01,138Â 200Â 517,1.0,-1.0,-1.0,1731957,2.0,7,,0.0,2.0,1.0,B01,138Â 200Â 518,0.0
1014631,201900056162,8,17,17:00,1,1,9,1.0,3.0,13050,RD7N - CHEMIN DE ST MARC,M,"43,6531410","5,2606910",13,2019,80.0,1.0,1.0,3.0,2269082,1.0,1,4,1,5.0,,0.0,0,1970.0,B01,138Â 200Â 518,1.0,-1.0,-1.0,1731956,1.0,7,,0.0,2.0,2.0,A01,138Â 200Â 517,0.0