Unnamed: 0_x,num_acc,mois,jour,hrmn,lum,agg,int,atm,col,com,adr,gps,lat,long,dep,annee,vma,situ,surf,catr,Unnamed: 0_y,place,catu,grav,sexe,trajet,secu,locp,actp,an_nais,num_veh_x,id_vehicule_x,secu1,secu2,secu3,Unnamed: 0,senc,catv,occutc,obs,obsm,choc,num_veh_y,id_vehicule_y,motor
1014631,201900056162,8,17,17:00,1,1,9,1.0,3.0,13050,RD7N - CHEMIN DE ST MARC,M,"43,6531410","5,2606910",13,2019,80.0,1.0,1.0,3.0,2269082,1.0,1,4,1,5.0,,0.0,0,1970.0,B01,138Â 200Â 518,1.0,-1.0,-1.0,1731957,2.0,7,,0.0,2.0,1.0,B01,138Â 200Â 518,0.0
1014632,201900056163,8,19,22:55,3,1,1,1.0,1.0,13044,D569,M,"43,6177359","5,0140141",13,2019,80.0,1.0,1.0,2.0,2269083,1.0,1,3,1,0.0,,0.0,0,1958.0,A01,138Â 200Â 515,1.0,-1.0,-1.0,1731958,3.0,7,,0.0,0.0,3.0,A01,138Â 200Â 515,0.0
1014632,201900056163,8,19,22:55,3,1,1,1.0,1.0,13044,D569,M,"43,6177359","5,0140141",13,2019,80.0,1.0,1.0,2.0,2269083,1.0,1,3,1,0.0,,0.0,0,1958.0,A01,138Â 200Â 515,1.0,-1.0,-1.0,1731959,3.0,7,,0.0,0.0,2.0,B01,138Â 200Â 516,0.0
1014632,201900056163,8,19,22:55,3,1,1,1.0,1.0,13044,D569,M,"43,6177359","5,0140141",13,2019,80.0,1.0,1.0,2.0,2269084,1.0,1,3,1,0.0,,0.0,0,1992.0,B01,138Â 200Â 516,1.0,-1.0,-1.0,1731958,3.0,7,,0.0,0.0,3.0,A01,138Â 200Â 515,0.0
1014632,201900056163,8,19,22:55,3,1,1,1.0,1.0,13044,D569,M,"43,6177359","5,0140141",13,2019,80.0,1.0,1.0,2.0,2269084,1.0,1,3,1,0.0,,0.0,0,1992.0,B01,138Â 200Â 516,1.0,-1.0,-1.0,1731959,3.0,7,,0.0,0.0,2.0,B01,138Â 200Â 516,0.0
1014633,201900056164,8,18,10:30,1,1,1,1.0,7.0,42106,Autoroute A89 - PK 469+450,M,"45,8699170","3,9460540",42,2019,110.0,8.0,1.0,1.0,2269085,2.0,2,4,1,5.0,,0.0,0,1967.0,A01,138Â 200Â 514,1.0,-1.0,-1.0,1731960,2.0,7,,2.0,0.0,9.0,A01,138Â 200Â 514,1.0
1014633,201900056164,8,18,10:30,1,1,1,1.0,7.0,42106,Autoroute A89 - PK 469+450,M,"45,8699170","3,9460540",42,2019,110.0,8.0,1.0,1.0,2269086,7.0,2,4,2,5.0,,0.0,0,2006.0,A01,138Â 200Â 514,1.0,-1.0,-1.0,1731960,2.0,7,,2.0,0.0,9.0,A01,138Â 200Â 514,1.0
1014633,201900056164,8,18,10:30,1,1,1,1.0,7.0,42106,Autoroute A89 - PK 469+450,M,"45,8699170","3,9460540",42,2019,110.0,8.0,1.0,1.0,2269087,1.0,1,1,2,5.0,,0.0,0,1973.0,A01,138Â 200Â 514,1.0,-1.0,-1.0,1731960,2.0,7,,2.0,0.0,9.0,A01,138Â 200Â 514,1.0
1014633,201900056164,8,18,10:30,1,1,1,1.0,7.0,42106,Autoroute A89 - PK 469+450,M,"45,8699170","3,9460540",42,2019,110.0,8.0,1.0,1.0,2269088,9.0,2,4,1,5.0,,0.0,0,2012.0,A01,138Â 200Â 514,1.0,-1.0,-1.0,1731960,2.0,7,,2.0,0.0,9.0,A01,138Â 200Â 514,1.0
1014633,201900056164,8,18,10:30,1,1,1,1.0,7.0,42106,Autoroute A89 - PK 469+450,M,"45,8699170","3,9460540",42,2019,110.0,8.0,1.0,1.0,2269089,8.0,2,4,2,5.0,,0.0,0,2009.0,A01,138Â 200Â 514,1.0,-1.0,-1.0,1731960,2.0,7,,2.0,0.0,9.0,A01,138Â 200Â 514,1.0
1014634,201900056165,8,19,08:30,1,1,1,2.0,7.0,34116,D102,M,"43,6513260","3,7803360",34,2019,70.0,3.0,2.0,3.0,2269090,1.0,1,3,2,5.0,,0.0,0,1965.0,A01,138Â 200Â 513,1.0,-1.0,-1.0,1731961,2.0,7,,13.0,0.0,3.0,A01,138Â 200Â 513,1.0
1014635,201900056166,8,19,20:10,2,1,1,1.0,6.0,78431,15 Rue de la VallÃ©e Maria,M,"48,9336990","1,9454380",78,2019,50.0,4.0,1.0,4.0,2269091,1.0,1,3,1,0.0,,0.0,0,1967.0,A01,138Â 200Â 512,2.0,6.0,-1.0,1731962,3.0,34,,12.0,0.0,1.0,A01,138Â 200Â 512,1.0
1014636,201900056167,8,18,22:00,5,2,1,1.0,6.0,97606,Quartier Lotissement,M," -12,9197370","45,1566700",976,2019,50.0,1.0,1.0,4.0,2269092,10.0,3,2,2,9.0,,0.0,5,2017.0,A01,138Â 200Â 511,0.0,-1.0,-1.0,1731963,3.0,7,,0.0,1.0,2.0,A01,138Â 200Â 511,1.0
1014636,201900056167,8,18,22:00,5,2,1,1.0,6.0,97606,Quartier Lotissement,M," -12,9197370","45,1566700",976,2019,50.0,1.0,1.0,4.0,2269093,1.0,1,1,2,5.0,,0.0,0,1976.0,A01,138Â 200Â 511,1.0,-1.0,-1.0,1731963,3.0,7,,0.0,1.0,2.0,A01,138Â 200Â 511,1.0
1014637,201900056168,8,19,23:09,3,1,1,1.0,6.0,57303,Autoroute A31,M,"49,2029640","6,1757590",57,2019,70.0,1.0,1.0,1.0,2269094,1.0,1,3,2,5.0,,0.0,0,1996.0,A01,138Â 200Â 510,2.0,6.0,-1.0,1731964,1.0,33,,0.0,0.0,0.0,A01,138Â 200Â 510,1.0
1014638,201900056169,8,20,08:40,1,1,9,1.0,3.0,60533,Aire de repos - EST - A1,M,"49,5229343","2,7225514",60,2019,50.0,1.0,1.0,6.0,2269095,1.0,1,1,1,5.0,,0.0,0,1976.0,A01,138Â 200Â 508,1.0,-1.0,-1.0,1731965,1.0,7,,0.0,2.0,3.0,A01,138Â 200Â 508,1.0
1014638,201900056169,8,20,08:40,1,1,9,1.0,3.0,60533,Aire de repos - EST - A1,M,"49,5229343","2,7225514",60,2019,50.0,1.0,1.0,6.0,2269095,1.0,1,1,1,5.0,,0.0,0,1976.0,A01,138Â 200Â 508,1.0,-1.0,-1.0,1731966,1.0,7,,3.0,2.0,2.0,B01,138Â 200Â 509,1.0
1014638,201900056169,8,20,08:40,1,1,9,1.0,3.0,60533,Aire de repos - EST - A1,M,"49,5229343","2,7225514",60,2019,50.0,1.0,1.0,6.0,2269096,1.0,1,4,1,0.0,,0.0,0,1995.0,B01,138Â 200Â 509,1.0,-1.0,-1.0,1731965,1.0,7,,0.0,2.0,3.0,A01,138Â 200Â 508,1.0
1014638,201900056169,8,20,08:40,1,1,9,1.0,3.0,60533,Aire de repos - EST - A1,M,"49,5229343","2,7225514",60,2019,50.0,1.0,1.0,6.0,2269096,1.0,1,4,1,0.0,,0.0,0,1995.0,B01,138Â 200Â 509,1.0,-1.0,-1.0,1731966,1.0,7,,3.0,2.0,2.0,B01,138Â 200Â 509,1.0
1014639,201900056170,8,20,10:00,1,1,1,1.0,7.0,98808,Tribu de NÃ©divin,M," -21,2873700","165,5596100",988,2019,110.0,3.0,1.0,2.0,2269097,1.0,1,2,1,5.0,,0.0,0,1972.0,A01,138Â 200Â 507,8.0,-1.0,-1.0,1731967,3.0,7,,2.0,0.0,2.0,A01,138Â 200Â 507,1.0
1014639,201900056170,8,20,10:00,1,1,1,1.0,7.0,98808,Tribu de NÃ©divin,M," -21,2873700","165,5596100",988,2019,110.0,3.0,1.0,2.0,2269098,8.0,2,1,1,0.0,,0.0,0,1979.0,A01,138Â 200Â 507,8.0,-1.0,-1.0,1731967,3.0,7,,2.0,0.0,2.0,A01,138Â 200Â 507,1.0
1014639,201900056170,8,20,10:00,1,1,1,1.0,7.0,98808,Tribu de NÃ©divin,M," -21,2873700","165,5596100",988,2019,110.0,3.0,1.0,2.0,2269099,7.0,2,1,2,0.0,,0.0,0,1984.0,A01,138Â 200Â 507,8.0,-1.0,-1.0,1731967,3.0,7,,2.0,0.0,2.0,A01,138Â 200Â 507,1.0
1014639,201900056170,8,20,10:00,1,1,1,1.0,7.0,98808,Tribu de NÃ©divin,M," -21,2873700","165,5596100",988,2019,110.0,3.0,1.0,2.0,2269100,6.0,2,3,1,0.0,,0.0,0,1989.0,A01,138Â 200Â 507,0.0,8.0,-1.0,1731967,3.0,7,,2.0,0.0,2.0,A01,138Â 200Â 507,1.0
1014640,201900056171,8,20,14:05,1,2,4,1.0,3.0,97418,Rue AndrÃ© Lardy,M," -20,8977800","55,5335250",974,2019,50.0,1.0,1.0,4.0,2269101,1.0,1,1,1,4.0,,0.0,0,1988.0,A01,138Â 200Â 505,1.0,-1.0,-1.0,1731968,0.0,17,,0.0,9.0,2.0,A01,138Â 200Â 505,1.0
1014640,201900056171,8,20,14:05,1,2,4,1.0,3.0,97418,Rue AndrÃ© Lardy,M," -20,8977800","55,5335250",974,2019,50.0,1.0,1.0,4.0,2269101,1.0,1,1,1,4.0,,0.0,0,1988.0,A01,138Â 200Â 505,1.0,-1.0,-1.0,1731969,3.0,1,,0.0,2.0,1.0,B01,138Â 200Â 506,5.0
1014640,201900056171,8,20,14:05,1,2,4,1.0,3.0,97418,Rue AndrÃ© Lardy,M," -20,8977800","55,5335250",974,2019,50.0,1.0,1.0,4.0,2269102,1.0,1,3,1,5.0,,0.0,0,2001.0,B01,138Â 200Â 506,0.0,-1.0,-1.0,1731968,0.0,17,,0.0,9.0,2.0,A01,138Â 200Â 505,1.0
1014640,201900056171,8,20,14:05,1,2,4,1.0,3.0,97418,Rue AndrÃ© Lardy,M," -20,8977800","55,5335250",974,2019,50.0,1.0,1.0,4.0,2269102,1.0,1,3,1,5.0,,0.0,0,2001.0,B01,138Â 200Â 506,0.0,-1.0,-1.0,1731969,3.0,1,,0.0,2.0,1.0,B01,138Â 200Â 506,5.0
1014641,201900056172,8,19,11:35,1,2,2,1.0,6.0,97801,Rue de Friar's Bay,M,"18,0860140"," -63,0775550",978,2019,50.0,1.0,1.0,9.0,2269103,1.0,1,3,2,5.0,,0.0,0,1976.0,A01,138Â 200Â 504,2.0,-1.0,-1.0,1731970,3.0,36,,6.0,0.0,2.0,A01,138Â 200Â 504,1.0
1014642,201900056173,8,19,20:30,5,1,1,1.0,7.0,97114,RN1,M,"16,1449850"," -61,5828090",971,2019,90.0,1.0,1.0,2.0,2269104,1.0,1,3,1,5.0,,0.0,0,1991.0,A01,138Â 200Â 503,2.0,-1.0,-1.0,1731971,1.0,32,,14.0,0.0,0.0,A01,138Â 200Â 503,0.0
1014643,201900056174,8,18,19:25,1,1,1,1.0,6.0,77420,Route Nationale 2 77230 SAINT MARD,M,"49,0443041","2,6893679",77,2019,110.0,2.0,1.0,2.0,2269105,1.0,1,1,2,5.0,,0.0,0,1994.0,A01,138Â 200Â 502,1.0,-1.0,-1.0,1731972,2.0,10,,3.0,0.0,2.0,A01,138Â 200Â 502,1.0
1014643,201900056174,8,18,19:25,1,1,1,1.0,6.0,77420,Route Nationale 2 77230 SAINT MARD,M,"49,0443041","2,6893679",77,2019,110.0,2.0,1.0,2.0,2269106,9.0,2,3,2,5.0,,0.0,0,2013.0,A01,138Â 200Â 502,1.0,9.0,-1.0,1731972,2.0,10,,3.0,0.0,2.0,A01,138Â 200Â 502,1.0
1014644,201900056175,8,17,21:25,3,1,1,2.0,3.0,78310,RN 12 Sens Province / Paris PK 61.500,M,"48,7820210","1,6008640",78,2019,110.0,1.0,2.0,2.0,2269107,2.0,2,4,1,5.0,,0.0,0,1996.0,B01,138Â 200Â 500,1.0,-1.0,-1.0,1731973,2.0,7,,0.0,2.0,2.0,B01,138Â 200Â 500,1.0
1014644,201900056175,8,17,21:25,3,1,1,2.0,3.0,78310,RN 12 Sens Province / Paris PK 61.500,M,"48,7820210","1,6008640",78,2019,110.0,1.0,2.0,2.0,2269107,2.0,2,4,1,5.0,,0.0,0,1996.0,B01,138Â 200Â 500,1.0,-1.0,-1.0,1731974,2.0,7,,0.0,2.0,3.0,A01,138Â 200Â 501,1.0
1014644,201900056175,8,17,21:25,3,1,1,2.0,3.0,78310,RN 12 Sens Province / Paris PK 61.500,M,"48,7820210","1,6008640",78,2019,110.0,1.0,2.0,2.0,2269108,9.0,2,4,1,5.0,,0.0,0,2007.0,B01,138Â 200Â 500,3.0,-1.0,-1.0,1731973,2.0,7,,0.0,2.0,2.0,B01,138Â 200Â 500,1.0
1014644,201900056175,8,17,21:25,3,1,1,2.0,3.0,78310,RN 12 Sens Province / Paris PK 61.500,M,"48,7820210","1,6008640",78,2019,110.0,1.0,2.0,2.0,2269108,9.0,2,4,1,5.0,,0.0,0,2007.0,B01,138Â 200Â 500,3.0,-1.0,-1.0,1731974,2.0,7,,0.0,2.0,3.0,A01,138Â 200Â 501,1.0
1014644,201900056175,8,17,21:25,3,1,1,2.0,3.0,78310,RN 12 Sens Province / Paris PK 61.500,M,"48,7820210","1,6008640",78,2019,110.0,1.0,2.0,2.0,2269109,7.0,2,3,2,5.0,,0.0,0,1990.0,B01,138Â 200Â 500,1.0,-1.0,-1.0,1731973,2.0,7,,0.0,2.0,2.0,B01,138Â 200Â 500,1.0
1014644,201900056175,8,17,21:25,3,1,1,2.0,3.0,78310,RN 12 Sens Province / Paris PK 61.500,M,"48,7820210","1,6008640",78,2019,110.0,1.0,2.0,2.0,2269109,7.0,2,3,2,5.0,,0.0,0,1990.0,B01,138Â 200Â 500,1.0,-1.0,-1.0,1731974,2.0,7,,0.0,2.0,3.0,A01,138Â 200Â 501,1.0
1014644,201900056175,8,17,21:25,3,1,1,2.0,3.0,78310,RN 12 Sens Province / Paris PK 61.500,M,"48,7820210","1,6008640",78,2019,110.0,1.0,2.0,2.0,2269110,1.0,1,4,1,5.0,,0.0,0,1994.0,B01,138Â 200Â 500,1.0,-1.0,-1.0,1731973,2.0,7,,0.0,2.0,2.0,B01,138Â 200Â 500,1.0
1014644,201900056175,8,17,21:25,3,1,1,2.0,3.0,78310,RN 12 Sens Province / Paris PK 61.500,M,"48,7820210","1,6008640",78,2019,110.0,1.0,2.0,2.0,2269110,1.0,1,4,1,5.0,,0.0,0,1994.0,B01,138Â 200Â 500,1.0,-1.0,-1.0,1731974,2.0,7,,0.0,2.0,3.0,A01,138Â 200Â 501,1.0
1014644,201900056175,8,17,21:25,3,1,1,2.0,3.0,78310,RN 12 Sens Province / Paris PK 61.500,M,"48,7820210","1,6008640",78,2019,110.0,1.0,2.0,2.0,2269111,4.0,2,1,1,5.0,,0.0,0,1999.0,A01,138Â 200Â 501,1.0,-1.0,-1.0,1731973,2.0,7,,0.0,2.0,2.0,B01,138Â 200Â 500,1.0
1014644,201900056175,8,17,21:25,3,1,1,2.0,3.0,78310,RN 12 Sens Province / Paris PK 61.500,M,"48,7820210","1,6008640",78,2019,110.0,1.0,2.0,2.0,2269111,4.0,2,1,1,5.0,,0.0,0,1999.0,A01,138Â 200Â 501,1.0,-1.0,-1.0,1731974,2.0,7,,0.0,2.0,3.0,A01,138Â 200Â 501,1.0
1014644,201900056175,8,17,21:25,3,1,1,2.0,3.0,78310,RN 12 Sens Province / Paris PK 61.500,M,"48,7820210","1,6008640",78,2019,110.0,1.0,2.0,2.0,2269112,1.0,1,1,1,5.0,,0.0,0,1996.0,A01,138Â 200Â 501,1.0,-1.0,-1.0,1731973,2.0,7,,0.0,2.0,2.0,B01,138Â 200Â 500,1.0
1014644,201900056175,8,17,21:25,3,1,1,2.0,3.0,78310,RN 12 Sens Province / Paris PK 61.500,M,"48,7820210","1,6008640",78,2019,110.0,1.0,2.0,2.0,2269112,1.0,1,1,1,5.0,,0.0,0,1996.0,A01,138Â 200Â 501,1.0,-1.0,-1.0,1731974,2.0,7,,0.0,2.0,3.0,A01,138Â 200Â 501,1.0
1014645,201900056176,8,18,16:00,1,1,1,1.0,3.0,2B182,RT 30,M,"42,6379130","8,9852510",2B,2019,80.0,1.0,1.0,2.0,2269113,1.0,1,4,1,5.0,,0.0,0,1941.0,B01,138Â 200Â 498,1.0,-1.0,-1.0,1731975,2.0,7,,0.0,2.0,8.0,B01,138Â 200Â 498,1.0
1014645,201900056176,8,18,16:00,1,1,1,1.0,3.0,2B182,RT 30,M,"42,6379130","8,9852510",2B,2019,80.0,1.0,1.0,2.0,2269113,1.0,1,4,1,5.0,,0.0,0,1941.0,B01,138Â 200Â 498,1.0,-1.0,-1.0,1731976,1.0,7,,0.0,2.0,3.0,A01,138Â 200Â 499,1.0
1014645,201900056176,8,18,16:00,1,1,1,1.0,3.0,2B182,RT 30,M,"42,6379130","8,9852510",2B,2019,80.0,1.0,1.0,2.0,2269114,7.0,2,1,2,5.0,,0.0,0,1969.0,B01,138Â 200Â 498,1.0,-1.0,-1.0,1731975,2.0,7,,0.0,2.0,8.0,B01,138Â 200Â 498,1.0
1014645,201900056176,8,18,16:00,1,1,1,1.0,3.0,2B182,RT 30,M,"42,6379130","8,9852510",2B,2019,80.0,1.0,1.0,2.0,2269114,7.0,2,1,2,5.0,,0.0,0,1969.0,B01,138Â 200Â 498,1.0,-1.0,-1.0,1731976,1.0,7,,0.0,2.0,3.0,A01,138Â 200Â 499,1.0
1014645,201900056176,8,18,16:00,1,1,1,1.0,3.0,2B182,RT 30,M,"42,6379130","8,9852510",2B,2019,80.0,1.0,1.0,2.0,2269115,2.0,2,3,2,5.0,,0.0,0,1933.0,B01,138Â 200Â 498,1.0,-1.0,-1.0,1731975,2.0,7,,0.0,2.0,8.0,B01,138Â 200Â 498,1.0
1014645,201900056176,8,18,16:00,1,1,1,1.0,3.0,2B182,RT 30,M,"42,6379130","8,9852510",2B,2019,80.0,1.0,1.0,2.0,2269115,2.0,2,3,2,5.0,,0.0,0,1933.0,B01,138Â 200Â 498,1.0,-1.0,-1.0,1731976,1.0,7,,0.0,2.0,3.0,A01,138Â 200Â 499,1.0
1014645,201900056176,8,18,16:00,1,1,1,1.0,3.0,2B182,RT 30,M,"42,6379130","8,9852510",2B,2019,80.0,1.0,1.0,2.0,2269116,1.0,1,1,2,5.0,,0.0,0,1970.0,A01,138Â 200Â 499,1.0,-1.0,-1.0,1731975,2.0,7,,0.0,2.0,8.0,B01,138Â 200Â 498,1.0
1014645,201900056176,8,18,16:00,1,1,1,1.0,3.0,2B182,RT 30,M,"42,6379130","8,9852510",2B,2019,80.0,1.0,1.0,2.0,2269116,1.0,1,1,2,5.0,,0.0,0,1970.0,A01,138Â 200Â 499,1.0,-1.0,-1.0,1731976,1.0,7,,0.0,2.0,3.0,A01,138Â 200Â 499,1.0
1014646,201900056177,8,18,16:50,1,2,1,1.0,7.0,2B168,Ballaccia Sottana,M,"42,6304940","8,9474640",2B,2019,50.0,1.0,1.0,4.0,2269117,1.0,1,3,1,5.0,,0.0,0,1984.0,A01,138Â 200Â 497,2.0,6.0,-1.0,1731977,3.0,33,,0.0,0.0,0.0,A01,138Â 200Â 497,1.0
1014647,201900056178,8,20,04:15,3,1,1,1.0,1.0,2A041,D58,M,"41,3878260","9,1779090",2A,2019,80.0,1.0,1.0,3.0,2269118,1.0,1,1,1,4.0,,0.0,0,1970.0,B01,138Â 200Â 495,1.0,-1.0,-1.0,1731978,3.0,14,,0.0,2.0,3.0,B01,138Â 200Â 495,1.0
1014647,201900056178,8,20,04:15,3,1,1,1.0,1.0,2A041,D58,M,"41,3878260","9,1779090",2A,2019,80.0,1.0,1.0,3.0,2269118,1.0,1,1,1,4.0,,0.0,0,1970.0,B01,138Â 200Â 495,1.0,-1.0,-1.0,1731979,3.0,33,,0.0,2.0,1.0,A01,138Â 200Â 496,1.0
1014647,201900056178,8,20,04:15,3,1,1,1.0,1.0,2A041,D58,M,"41,3878260","9,1779090",2A,2019,80.0,1.0,1.0,3.0,2269119,1.0,1,3,1,5.0,,0.0,0,1987.0,A01,138Â 200Â 496,2.0,6.0,-1.0,1731978,3.0,14,,0.0,2.0,3.0,B01,138Â 200Â 495,1.0
1014647,201900056178,8,20,04:15,3,1,1,1.0,1.0,2A041,D58,M,"41,3878260","9,1779090",2A,2019,80.0,1.0,1.0,3.0,2269119,1.0,1,3,1,5.0,,0.0,0,1987.0,A01,138Â 200Â 496,2.0,6.0,-1.0,1731979,3.0,33,,0.0,2.0,1.0,A01,138Â 200Â 496,1.0
1014648,201900056179,8,19,08:15,1,1,3,1.0,3.0,13066,D7n,M,"43,8733310","4,9145510",13,2019,80.0,1.0,1.0,3.0,2269120,1.0,1,3,1,0.0,,0.0,0,1975.0,B01,138Â 200Â 493,2.0,-1.0,-1.0,1731980,0.0,42,,0.0,2.0,1.0,B01,138Â 200Â 493,1.0
1014648,201900056179,8,19,08:15,1,1,3,1.0,3.0,13066,D7n,M,"43,8733310","4,9145510",13,2019,80.0,1.0,1.0,3.0,2269120,1.0,1,3,1,0.0,,0.0,0,1975.0,B01,138Â 200Â 493,2.0,-1.0,-1.0,1731981,0.0,7,,0.0,0.0,3.0,A01,138Â 200Â 494,1.0
1014648,201900056179,8,19,08:15,1,1,3,1.0,3.0,13066,D7n,M,"43,8733310","4,9145510",13,2019,80.0,1.0,1.0,3.0,2269121,1.0,1,4,2,0.0,,0.0,0,1958.0,A01,138Â 200Â 494,1.0,-1.0,-1.0,1731980,0.0,42,,0.0,2.0,1.0,B01,138Â 200Â 493,1.0
1014648,201900056179,8,19,08:15,1,1,3,1.0,3.0,13066,D7n,M,"43,8733310","4,9145510",13,2019,80.0,1.0,1.0,3.0,2269121,1.0,1,4,2,0.0,,0.0,0,1958.0,A01,138Â 200Â 494,1.0,-1.0,-1.0,1731981,0.0,7,,0.0,0.0,3.0,A01,138Â 200Â 494,1.0
1014649,201900056180,8,17,18:30,1,2,1,8.0,7.0,68334,85 R: KlÃ©ber 68800,M,"47,8018470","7,1018810",68,2019,50.0,1.0,1.0,3.0,2269122,1.0,1,4,1,5.0,,0.0,0,1950.0,A01,138Â 200Â 492,1.0,-1.0,-1.0,1731982,2.0,7,,1.0,0.0,2.0,A01,138Â 200Â 492,1.0
1014650,201900056181,8,18,10:05,1,2,2,1.0,3.0,74155,D22,M,"46,2824890","6,5204660",74,2019,50.0,1.0,1.0,3.0,2269123,1.0,1,4,1,5.0,,0.0,0,1952.0,B01,138Â 200Â 490,2.0,-1.0,-1.0,1731983,1.0,1,,0.0,2.0,1.0,B01,138Â 200Â 490,5.0
1014650,201900056181,8,18,10:05,1,2,2,1.0,3.0,74155,D22,M,"46,2824890","6,5204660",74,2019,50.0,1.0,1.0,3.0,2269123,1.0,1,4,1,5.0,,0.0,0,1952.0,B01,138Â 200Â 490,2.0,-1.0,-1.0,1731984,1.0,7,,0.0,9.0,5.0,A01,138Â 200Â 491,0.0
1014650,201900056181,8,18,10:05,1,2,2,1.0,3.0,74155,D22,M,"46,2824890","6,5204660",74,2019,50.0,1.0,1.0,3.0,2269124,1.0,1,1,1,5.0,,0.0,0,1999.0,A01,138Â 200Â 491,8.0,-1.0,-1.0,1731983,1.0,1,,0.0,2.0,1.0,B01,138Â 200Â 490,5.0
1014650,201900056181,8,18,10:05,1,2,2,1.0,3.0,74155,D22,M,"46,2824890","6,5204660",74,2019,50.0,1.0,1.0,3.0,2269124,1.0,1,1,1,5.0,,0.0,0,1999.0,A01,138Â 200Â 491,8.0,-1.0,-1.0,1731984,1.0,7,,0.0,9.0,5.0,A01,138Â 200Â 491,0.0
1014650,201900056181,8,18,10:05,1,2,2,1.0,3.0,74155,D22,M,"46,2824890","6,5204660",74,2019,50.0,1.0,1.0,3.0,2269125,2.0,2,1,1,5.0,,0.0,0,1999.0,A01,138Â 200Â 491,8.0,-1.0,-1.0,1731983,1.0,1,,0.0,2.0,1.0,B01,138Â 200Â 490,5.0
1014650,201900056181,8,18,10:05,1,2,2,1.0,3.0,74155,D22,M,"46,2824890","6,5204660",74,2019,50.0,1.0,1.0,3.0,2269125,2.0,2,1,1,5.0,,0.0,0,1999.0,A01,138Â 200Â 491,8.0,-1.0,-1.0,1731984,1.0,7,,0.0,9.0,5.0,A01,138Â 200Â 491,0.0
1014650,201900056181,8,18,10:05,1,2,2,1.0,3.0,74155,D22,M,"46,2824890","6,5204660",74,2019,50.0,1.0,1.0,3.0,2269126,9.0,2,1,1,5.0,,0.0,0,1999.0,A01,138Â 200Â 491,8.0,-1.0,-1.0,1731983,1.0,1,,0.0,2.0,1.0,B01,138Â 200Â 490,5.0
1014650,201900056181,8,18,10:05,1,2,2,1.0,3.0,74155,D22,M,"46,2824890","6,5204660",74,2019,50.0,1.0,1.0,3.0,2269126,9.0,2,1,1,5.0,,0.0,0,1999.0,A01,138Â 200Â 491,8.0,-1.0,-1.0,1731984,1.0,7,,0.0,9.0,5.0,A01,138Â 200Â 491,0.0
1014651,201900056182,8,17,19:35,1,1,1,1.0,6.0,26072,440 route de Claveyson,M,"45,1172230","4,8966490",26,2019,80.0,8.0,1.0,3.0,2269127,1.0,1,3,1,1.0,,0.0,0,1987.0,A01,138Â 200Â 489,1.0,-1.0,-1.0,1731985,2.0,7,,6.0,0.0,3.0,A01,138Â 200Â 489,1.0
1014652,201900056183,8,1,16:40,1,1,1,1.0,1.0,24022,dÃ©partementale 29,M,"44,8493860","0,8012100",24,2019,80.0,1.0,1.0,3.0,2269128,1.0,1,3,1,5.0,,0.0,0,1955.0,B01,138Â 200Â 487,1.0,-1.0,-1.0,1731986,2.0,7,,0.0,2.0,3.0,B01,138Â 200Â 487,1.0
1014652,201900056183,8,1,16:40,1,1,1,1.0,1.0,24022,dÃ©partementale 29,M,"44,8493860","0,8012100",24,2019,80.0,1.0,1.0,3.0,2269128,1.0,1,3,1,5.0,,0.0,0,1955.0,B01,138Â 200Â 487,1.0,-1.0,-1.0,1731987,1.0,7,,0.0,2.0,3.0,A01,138Â 200Â 488,1.0
1014652,201900056183,8,1,16:40,1,1,1,1.0,1.0,24022,dÃ©partementale 29,M,"44,8493860","0,8012100",24,2019,80.0,1.0,1.0,3.0,2269129,2.0,2,1,2,5.0,,0.0,0,1942.0,A01,138Â 200Â 488,1.0,-1.0,-1.0,1731986,2.0,7,,0.0,2.0,3.0,B01,138Â 200Â 487,1.0
1014652,201900056183,8,1,16:40,1,1,1,1.0,1.0,24022,dÃ©partementale 29,M,"44,8493860","0,8012100",24,2019,80.0,1.0,1.0,3.0,2269129,2.0,2,1,2,5.0,,0.0,0,1942.0,A01,138Â 200Â 488,1.0,-1.0,-1.0,1731987,1.0,7,,0.0,2.0,3.0,A01,138Â 200Â 488,1.0
1014652,201900056183,8,1,16:40,1,1,1,1.0,1.0,24022,dÃ©partementale 29,M,"44,8493860","0,8012100",24,2019,80.0,1.0,1.0,3.0,2269130,1.0,1,1,1,5.0,,0.0,0,1942.0,A01,138Â 200Â 488,1.0,-1.0,-1.0,1731986,2.0,7,,0.0,2.0,3.0,B01,138Â 200Â 487,1.0
1014652,201900056183,8,1,16:40,1,1,1,1.0,1.0,24022,dÃ©partementale 29,M,"44,8493860","0,8012100",24,2019,80.0,1.0,1.0,3.0,2269130,1.0,1,1,1,5.0,,0.0,0,1942.0,A01,138Â 200Â 488,1.0,-1.0,-1.0,1731987,1.0,7,,0.0,2.0,3.0,A01,138Â 200Â 488,1.0
1014653,201900056184,8,19,13:10,1,1,1,1.0,2.0,14658,D524,M,"48,8404480"," -0,9918730",14,2019,80.0,1.0,1.0,3.0,2269131,1.0,1,1,1,4.0,,0.0,0,1991.0,B01,138Â 200Â 484,1.0,-1.0,-1.0,1731988,1.0,10,,0.0,2.0,1.0,B01,138Â 200Â 484,6.0