Unnamed: 0_x,num_acc,mois,jour,hrmn,lum,agg,int,atm,col,com,adr,gps,lat,long,dep,annee,vma,situ,surf,catr,Unnamed: 0_y,place,catu,grav,sexe,trajet,secu,locp,actp,an_nais,num_veh_x,id_vehicule_x,secu1,secu2,secu3,Unnamed: 0,senc,catv,occutc,obs,obsm,choc,num_veh_y,id_vehicule_y,motor
1014653,201900056184,8,19,13:10,1,1,1,1.0,2.0,14658,D524,M,"48,8404480"," -0,9918730",14,2019,80.0,1.0,1.0,3.0,2269131,1.0,1,1,1,4.0,,0.0,0,1991.0,B01,138Â 200Â 484,1.0,-1.0,-1.0,1731989,1.0,7,,0.0,2.0,4.0,A01,138Â 200Â 485,6.0
1014653,201900056184,8,19,13:10,1,1,1,1.0,2.0,14658,D524,M,"48,8404480"," -0,9918730",14,2019,80.0,1.0,1.0,3.0,2269132,1.0,1,3,1,5.0,,0.0,0,1936.0,A01,138Â 200Â 485,1.0,-1.0,-1.0,1731988,1.0,10,,0.0,2.0,1.0,B01,138Â 200Â 484,6.0
1014653,201900056184,8,19,13:10,1,1,1,1.0,2.0,14658,D524,M,"48,8404480"," -0,9918730",14,2019,80.0,1.0,1.0,3.0,2269132,1.0,1,3,1,5.0,,0.0,0,1936.0,A01,138Â 200Â 485,1.0,-1.0,-1.0,1731989,1.0,7,,0.0,2.0,4.0,A01,138Â 200Â 485,6.0
1014653,201900056184,8,19,13:10,1,1,1,1.0,2.0,14658,D524,M,"48,8404480"," -0,9918730",14,2019,80.0,1.0,1.0,3.0,2269133,2.0,2,1,2,5.0,,0.0,0,1944.0,A01,138Â 200Â 485,1.0,-1.0,-1.0,1731988,1.0,10,,0.0,2.0,1.0,B01,138Â 200Â 484,6.0
1014653,201900056184,8,19,13:10,1,1,1,1.0,2.0,14658,D524,M,"48,8404480"," -0,9918730",14,2019,80.0,1.0,1.0,3.0,2269133,2.0,2,1,2,5.0,,0.0,0,1944.0,A01,138Â 200Â 485,1.0,-1.0,-1.0,1731989,1.0,7,,0.0,2.0,4.0,A01,138Â 200Â 485,6.0
1014654,201900056185,8,20,00:00,3,1,1,1.0,7.0,14040,le Pont Roch,M,"49,2664970"," -0,7446690",14,2019,80.0,1.0,1.0,3.0,2269134,1.0,1,3,1,0.0,,0.0,0,1996.0,A01,138Â 200Â 483,1.0,-1.0,-1.0,1731990,1.0,7,,0.0,0.0,0.0,A01,138Â 200Â 483,1.0
1014655,201900056186,8,20,14:00,1,1,3,1.0,7.0,56023,KerberhuÃ«t,M,"47,6925670"," -3,0069140",56,2019,80.0,1.0,9.0,3.0,2269135,1.0,1,4,1,9.0,,0.0,0,1987.0,A01,138Â 200Â 482,2.0,6.0,9.0,1731991,2.0,33,,0.0,0.0,8.0,A01,138Â 200Â 482,1.0
1014656,201900056187,8,18,10:45,1,1,1,1.0,2.0,29198,Coatiguinou,M,"48,5841950"," -4,2818030",29,2019,80.0,1.0,1.0,3.0,2269136,1.0,1,3,1,5.0,,0.0,0,1947.0,A01,138Â 200Â 480,2.0,-1.0,-1.0,1731992,1.0,1,,0.0,2.0,1.0,A01,138Â 200Â 480,5.0
1014656,201900056187,8,18,10:45,1,1,1,1.0,2.0,29198,Coatiguinou,M,"48,5841950"," -4,2818030",29,2019,80.0,1.0,1.0,3.0,2269136,1.0,1,3,1,5.0,,0.0,0,1947.0,A01,138Â 200Â 480,2.0,-1.0,-1.0,1731993,1.0,1,,0.0,2.0,4.0,B01,138Â 200Â 481,5.0
1014656,201900056187,8,18,10:45,1,1,1,1.0,2.0,29198,Coatiguinou,M,"48,5841950"," -4,2818030",29,2019,80.0,1.0,1.0,3.0,2269137,1.0,1,1,1,5.0,,0.0,0,1945.0,B01,138Â 200Â 481,2.0,-1.0,-1.0,1731992,1.0,1,,0.0,2.0,1.0,A01,138Â 200Â 480,5.0
1014656,201900056187,8,18,10:45,1,1,1,1.0,2.0,29198,Coatiguinou,M,"48,5841950"," -4,2818030",29,2019,80.0,1.0,1.0,3.0,2269137,1.0,1,1,1,5.0,,0.0,0,1945.0,B01,138Â 200Â 481,2.0,-1.0,-1.0,1731993,1.0,1,,0.0,2.0,4.0,B01,138Â 200Â 481,5.0
1014657,201900056188,8,19,15:25,1,1,3,1.0,3.0,27203,RD 181,M,"49,0432770","1,4078090",27,2019,80.0,1.0,1.0,3.0,2269138,1.0,1,1,1,3.0,,0.0,0,1951.0,B01,138Â 200Â 478,1.0,-1.0,-1.0,1731994,1.0,7,,0.0,2.0,2.0,B01,138Â 200Â 478,1.0
1014657,201900056188,8,19,15:25,1,1,3,1.0,3.0,27203,RD 181,M,"49,0432770","1,4078090",27,2019,80.0,1.0,1.0,3.0,2269138,1.0,1,1,1,3.0,,0.0,0,1951.0,B01,138Â 200Â 478,1.0,-1.0,-1.0,1731995,1.0,7,,0.0,2.0,5.0,A01,138Â 200Â 479,1.0
1014657,201900056188,8,19,15:25,1,1,3,1.0,3.0,27203,RD 181,M,"49,0432770","1,4078090",27,2019,80.0,1.0,1.0,3.0,2269139,2.0,2,4,2,3.0,,0.0,0,1949.0,B01,138Â 200Â 478,1.0,-1.0,-1.0,1731994,1.0,7,,0.0,2.0,2.0,B01,138Â 200Â 478,1.0
1014657,201900056188,8,19,15:25,1,1,3,1.0,3.0,27203,RD 181,M,"49,0432770","1,4078090",27,2019,80.0,1.0,1.0,3.0,2269139,2.0,2,4,2,3.0,,0.0,0,1949.0,B01,138Â 200Â 478,1.0,-1.0,-1.0,1731995,1.0,7,,0.0,2.0,5.0,A01,138Â 200Â 479,1.0
1014657,201900056188,8,19,15:25,1,1,3,1.0,3.0,27203,RD 181,M,"49,0432770","1,4078090",27,2019,80.0,1.0,1.0,3.0,2269140,1.0,1,1,1,9.0,,0.0,0,2001.0,A01,138Â 200Â 479,0.0,-1.0,-1.0,1731994,1.0,7,,0.0,2.0,2.0,B01,138Â 200Â 478,1.0
1014657,201900056188,8,19,15:25,1,1,3,1.0,3.0,27203,RD 181,M,"49,0432770","1,4078090",27,2019,80.0,1.0,1.0,3.0,2269140,1.0,1,1,1,9.0,,0.0,0,2001.0,A01,138Â 200Â 479,0.0,-1.0,-1.0,1731995,1.0,7,,0.0,2.0,5.0,A01,138Â 200Â 479,1.0
1014657,201900056188,8,19,15:25,1,1,3,1.0,3.0,27203,RD 181,M,"49,0432770","1,4078090",27,2019,80.0,1.0,1.0,3.0,2269141,2.0,2,1,1,5.0,,0.0,0,2004.0,A01,138Â 200Â 479,1.0,-1.0,-1.0,1731994,1.0,7,,0.0,2.0,2.0,B01,138Â 200Â 478,1.0
1014657,201900056188,8,19,15:25,1,1,3,1.0,3.0,27203,RD 181,M,"49,0432770","1,4078090",27,2019,80.0,1.0,1.0,3.0,2269141,2.0,2,1,1,5.0,,0.0,0,2004.0,A01,138Â 200Â 479,1.0,-1.0,-1.0,1731995,1.0,7,,0.0,2.0,5.0,A01,138Â 200Â 479,1.0
1014658,201900056189,8,19,17:15,1,1,1,1.0,4.0,33096,AUTOROUTE A10,M,"44,8981100"," -0,4954400",33,2019,90.0,1.0,1.0,1.0,2269142,2.0,2,4,2,9.0,,-1.0, -1,1996.0,C01,138Â 200Â 473,1.0,8.0,-1.0,1731996,1.0,7,,0.0,2.0,4.0,C01,138Â 200Â 473,1.0
1014658,201900056189,8,19,17:15,1,1,1,1.0,4.0,33096,AUTOROUTE A10,M,"44,8981100"," -0,4954400",33,2019,90.0,1.0,1.0,1.0,2269142,2.0,2,4,2,9.0,,-1.0, -1,1996.0,C01,138Â 200Â 473,1.0,8.0,-1.0,1731997,1.0,7,,0.0,2.0,4.0,B01,138Â 200Â 474,1.0
1014658,201900056189,8,19,17:15,1,1,1,1.0,4.0,33096,AUTOROUTE A10,M,"44,8981100"," -0,4954400",33,2019,90.0,1.0,1.0,1.0,2269142,2.0,2,4,2,9.0,,-1.0, -1,1996.0,C01,138Â 200Â 473,1.0,8.0,-1.0,1731998,1.0,14,,0.0,2.0,1.0,A01,138Â 200Â 475,1.0
1014658,201900056189,8,19,17:15,1,1,1,1.0,4.0,33096,AUTOROUTE A10,M,"44,8981100"," -0,4954400",33,2019,90.0,1.0,1.0,1.0,2269143,1.0,1,1,2,9.0,,-1.0, -1,1965.0,C01,138Â 200Â 473,1.0,8.0,-1.0,1731996,1.0,7,,0.0,2.0,4.0,C01,138Â 200Â 473,1.0
1014658,201900056189,8,19,17:15,1,1,1,1.0,4.0,33096,AUTOROUTE A10,M,"44,8981100"," -0,4954400",33,2019,90.0,1.0,1.0,1.0,2269143,1.0,1,1,2,9.0,,-1.0, -1,1965.0,C01,138Â 200Â 473,1.0,8.0,-1.0,1731997,1.0,7,,0.0,2.0,4.0,B01,138Â 200Â 474,1.0
1014658,201900056189,8,19,17:15,1,1,1,1.0,4.0,33096,AUTOROUTE A10,M,"44,8981100"," -0,4954400",33,2019,90.0,1.0,1.0,1.0,2269143,1.0,1,1,2,9.0,,-1.0, -1,1965.0,C01,138Â 200Â 473,1.0,8.0,-1.0,1731998,1.0,14,,0.0,2.0,1.0,A01,138Â 200Â 475,1.0
1014658,201900056189,8,19,17:15,1,1,1,1.0,4.0,33096,AUTOROUTE A10,M,"44,8981100"," -0,4954400",33,2019,90.0,1.0,1.0,1.0,2269144,3.0,2,4,1,5.0,,-1.0, -1,2009.0,B01,138Â 200Â 474,1.0,8.0,-1.0,1731996,1.0,7,,0.0,2.0,4.0,C01,138Â 200Â 473,1.0
1014658,201900056189,8,19,17:15,1,1,1,1.0,4.0,33096,AUTOROUTE A10,M,"44,8981100"," -0,4954400",33,2019,90.0,1.0,1.0,1.0,2269144,3.0,2,4,1,5.0,,-1.0, -1,2009.0,B01,138Â 200Â 474,1.0,8.0,-1.0,1731997,1.0,7,,0.0,2.0,4.0,B01,138Â 200Â 474,1.0
1014658,201900056189,8,19,17:15,1,1,1,1.0,4.0,33096,AUTOROUTE A10,M,"44,8981100"," -0,4954400",33,2019,90.0,1.0,1.0,1.0,2269144,3.0,2,4,1,5.0,,-1.0, -1,2009.0,B01,138Â 200Â 474,1.0,8.0,-1.0,1731998,1.0,14,,0.0,2.0,1.0,A01,138Â 200Â 475,1.0
1014658,201900056189,8,19,17:15,1,1,1,1.0,4.0,33096,AUTOROUTE A10,M,"44,8981100"," -0,4954400",33,2019,90.0,1.0,1.0,1.0,2269145,1.0,1,4,2,5.0,,-1.0, -1,1989.0,B01,138Â 200Â 474,1.0,8.0,-1.0,1731996,1.0,7,,0.0,2.0,4.0,C01,138Â 200Â 473,1.0
1014658,201900056189,8,19,17:15,1,1,1,1.0,4.0,33096,AUTOROUTE A10,M,"44,8981100"," -0,4954400",33,2019,90.0,1.0,1.0,1.0,2269145,1.0,1,4,2,5.0,,-1.0, -1,1989.0,B01,138Â 200Â 474,1.0,8.0,-1.0,1731997,1.0,7,,0.0,2.0,4.0,B01,138Â 200Â 474,1.0
1014658,201900056189,8,19,17:15,1,1,1,1.0,4.0,33096,AUTOROUTE A10,M,"44,8981100"," -0,4954400",33,2019,90.0,1.0,1.0,1.0,2269145,1.0,1,4,2,5.0,,-1.0, -1,1989.0,B01,138Â 200Â 474,1.0,8.0,-1.0,1731998,1.0,14,,0.0,2.0,1.0,A01,138Â 200Â 475,1.0
1014658,201900056189,8,19,17:15,1,1,1,1.0,4.0,33096,AUTOROUTE A10,M,"44,8981100"," -0,4954400",33,2019,90.0,1.0,1.0,1.0,2269146,1.0,1,1,1,4.0,,-1.0, -1,1971.0,A01,138Â 200Â 475,1.0,8.0,-1.0,1731996,1.0,7,,0.0,2.0,4.0,C01,138Â 200Â 473,1.0
1014658,201900056189,8,19,17:15,1,1,1,1.0,4.0,33096,AUTOROUTE A10,M,"44,8981100"," -0,4954400",33,2019,90.0,1.0,1.0,1.0,2269146,1.0,1,1,1,4.0,,-1.0, -1,1971.0,A01,138Â 200Â 475,1.0,8.0,-1.0,1731997,1.0,7,,0.0,2.0,4.0,B01,138Â 200Â 474,1.0
1014658,201900056189,8,19,17:15,1,1,1,1.0,4.0,33096,AUTOROUTE A10,M,"44,8981100"," -0,4954400",33,2019,90.0,1.0,1.0,1.0,2269146,1.0,1,1,1,4.0,,-1.0, -1,1971.0,A01,138Â 200Â 475,1.0,8.0,-1.0,1731998,1.0,14,,0.0,2.0,1.0,A01,138Â 200Â 475,1.0
1014659,201900056190,8,19,16:10,1,1,1,1.0,2.0,33167,ROUTE NATIONALE 230,M,"44,8221700"," -0,5145000",33,2019,90.0,1.0,1.0,2.0,2269147,1.0,1,1,1,4.0,,0.0, -1,1979.0,B01,138Â 200Â 471,1.0,8.0,-1.0,1731999,1.0,14,,0.0,2.0,4.0,B01,138Â 200Â 471,1.0
1014659,201900056190,8,19,16:10,1,1,1,1.0,2.0,33167,ROUTE NATIONALE 230,M,"44,8221700"," -0,5145000",33,2019,90.0,1.0,1.0,2.0,2269147,1.0,1,1,1,4.0,,0.0, -1,1979.0,B01,138Â 200Â 471,1.0,8.0,-1.0,1732000,1.0,10,,0.0,2.0,1.0,A01,138Â 200Â 472,1.0
1014659,201900056190,8,19,16:10,1,1,1,1.0,2.0,33167,ROUTE NATIONALE 230,M,"44,8221700"," -0,5145000",33,2019,90.0,1.0,1.0,2.0,2269148,1.0,1,4,1,4.0,,0.0, -1,1978.0,A01,138Â 200Â 472,1.0,8.0,-1.0,1731999,1.0,14,,0.0,2.0,4.0,B01,138Â 200Â 471,1.0
1014659,201900056190,8,19,16:10,1,1,1,1.0,2.0,33167,ROUTE NATIONALE 230,M,"44,8221700"," -0,5145000",33,2019,90.0,1.0,1.0,2.0,2269148,1.0,1,4,1,4.0,,0.0, -1,1978.0,A01,138Â 200Â 472,1.0,8.0,-1.0,1732000,1.0,10,,0.0,2.0,1.0,A01,138Â 200Â 472,1.0
1014660,201900056191,8,19,00:15,5,1,1,2.0,6.0,33397,AUTOROUTE A 10,M,"44,9082070"," -0,4893300",33,2019,70.0,1.0,2.0,1.0,2269149,1.0,1,4,2,5.0,,-1.0, -1,1997.0,A01,138Â 200Â 470,1.0,8.0,-1.0,1732001,2.0,7,,4.0,0.0,1.0,A01,138Â 200Â 470,1.0
1014660,201900056191,8,19,00:15,5,1,1,2.0,6.0,33397,AUTOROUTE A 10,M,"44,9082070"," -0,4893300",33,2019,70.0,1.0,2.0,1.0,2269150,2.0,2,1,1,5.0,,0.0, -1,1994.0,A01,138Â 200Â 470,1.0,8.0,-1.0,1732001,2.0,7,,4.0,0.0,1.0,A01,138Â 200Â 470,1.0
1014661,201900056192,8,18,06:00,3,1,1,1.0,2.0,94065,AUTOROUTE A86,M,"48,7548000","2,3484000",94,2019,50.0,1.0,2.0,1.0,2269151,1.0,1,4,1,9.0,,-1.0, -1,1984.0,B01,138Â 200Â 468,1.0,0.0,-1.0,1732002,2.0,7,,1.0,0.0,6.0,B01,138Â 200Â 468,1.0
1014661,201900056192,8,18,06:00,3,1,1,1.0,2.0,94065,AUTOROUTE A86,M,"48,7548000","2,3484000",94,2019,50.0,1.0,2.0,1.0,2269151,1.0,1,4,1,9.0,,-1.0, -1,1984.0,B01,138Â 200Â 468,1.0,0.0,-1.0,1732003,2.0,7,,1.0,0.0,2.0,A01,138Â 200Â 469,1.0
1014661,201900056192,8,18,06:00,3,1,1,1.0,2.0,94065,AUTOROUTE A86,M,"48,7548000","2,3484000",94,2019,50.0,1.0,2.0,1.0,2269152,2.0,2,4,1,9.0,,-1.0, -1,1989.0,B01,138Â 200Â 468,1.0,0.0,-1.0,1732002,2.0,7,,1.0,0.0,6.0,B01,138Â 200Â 468,1.0
1014661,201900056192,8,18,06:00,3,1,1,1.0,2.0,94065,AUTOROUTE A86,M,"48,7548000","2,3484000",94,2019,50.0,1.0,2.0,1.0,2269152,2.0,2,4,1,9.0,,-1.0, -1,1989.0,B01,138Â 200Â 468,1.0,0.0,-1.0,1732003,2.0,7,,1.0,0.0,2.0,A01,138Â 200Â 469,1.0
1014661,201900056192,8,18,06:00,3,1,1,1.0,2.0,94065,AUTOROUTE A86,M,"48,7548000","2,3484000",94,2019,50.0,1.0,2.0,1.0,2269153,5.0,2,4,1,9.0,,-1.0, -1,1994.0,B01,138Â 200Â 468,1.0,0.0,-1.0,1732002,2.0,7,,1.0,0.0,6.0,B01,138Â 200Â 468,1.0
1014661,201900056192,8,18,06:00,3,1,1,1.0,2.0,94065,AUTOROUTE A86,M,"48,7548000","2,3484000",94,2019,50.0,1.0,2.0,1.0,2269153,5.0,2,4,1,9.0,,-1.0, -1,1994.0,B01,138Â 200Â 468,1.0,0.0,-1.0,1732003,2.0,7,,1.0,0.0,2.0,A01,138Â 200Â 469,1.0
1014661,201900056192,8,18,06:00,3,1,1,1.0,2.0,94065,AUTOROUTE A86,M,"48,7548000","2,3484000",94,2019,50.0,1.0,2.0,1.0,2269154,1.0,1,1,1,9.0,,-1.0, -1,1997.0,A01,138Â 200Â 469,1.0,0.0,-1.0,1732002,2.0,7,,1.0,0.0,6.0,B01,138Â 200Â 468,1.0
1014661,201900056192,8,18,06:00,3,1,1,1.0,2.0,94065,AUTOROUTE A86,M,"48,7548000","2,3484000",94,2019,50.0,1.0,2.0,1.0,2269154,1.0,1,1,1,9.0,,-1.0, -1,1997.0,A01,138Â 200Â 469,1.0,0.0,-1.0,1732003,2.0,7,,1.0,0.0,2.0,A01,138Â 200Â 469,1.0
1014662,201900056193,8,18,01:50,3,1,1,2.0,7.0,91161,AUTOROUTE A126,M,"48,7079000","2,3060600",91,2019,50.0,3.0,2.0,1.0,2269155,2.0,2,1,1,5.0,,0.0,0,1977.0,A01,138Â 200Â 467,1.0,0.0,-1.0,1732004,1.0,10,,0.0,0.0,7.0,A01,138Â 200Â 467,1.0
1014662,201900056193,8,18,01:50,3,1,1,2.0,7.0,91161,AUTOROUTE A126,M,"48,7079000","2,3060600",91,2019,50.0,3.0,2.0,1.0,2269156,4.0,2,4,1,0.0,,0.0,0,1976.0,A01,138Â 200Â 467,1.0,0.0,-1.0,1732004,1.0,10,,0.0,0.0,7.0,A01,138Â 200Â 467,1.0
1014663,201900056194,8,19,00:30,5,1,1,1.0,4.0,92036,A86,M,"48,9356000","2,2623000",92,2019,90.0,1.0,1.0,1.0,2269157,1.0,1,1,2,0.0,,-1.0,0,1971.0,A01,138Â 200Â 463,1.0,4.0,-1.0,1732005,2.0,7,,0.0,2.0,1.0,A01,138Â 200Â 463,1.0
1014663,201900056194,8,19,00:30,5,1,1,1.0,4.0,92036,A86,M,"48,9356000","2,2623000",92,2019,90.0,1.0,1.0,1.0,2269157,1.0,1,1,2,0.0,,-1.0,0,1971.0,A01,138Â 200Â 463,1.0,4.0,-1.0,1732006,2.0,7,,0.0,2.0,4.0,B01,138Â 200Â 464,1.0
1014663,201900056194,8,19,00:30,5,1,1,1.0,4.0,92036,A86,M,"48,9356000","2,2623000",92,2019,90.0,1.0,1.0,1.0,2269157,1.0,1,1,2,0.0,,-1.0,0,1971.0,A01,138Â 200Â 463,1.0,4.0,-1.0,1732007,2.0,7,,0.0,2.0,2.0,C01,138Â 200Â 465,1.0
1014663,201900056194,8,19,00:30,5,1,1,1.0,4.0,92036,A86,M,"48,9356000","2,2623000",92,2019,90.0,1.0,1.0,1.0,2269157,1.0,1,1,2,0.0,,-1.0,0,1971.0,A01,138Â 200Â 463,1.0,4.0,-1.0,1732008,2.0,7,,0.0,2.0,3.0,D01,138Â 200Â 466,1.0
1014663,201900056194,8,19,00:30,5,1,1,1.0,4.0,92036,A86,M,"48,9356000","2,2623000",92,2019,90.0,1.0,1.0,1.0,2269158,2.0,2,4,1,0.0,,-1.0,0,1994.0,B01,138Â 200Â 464,1.0,0.0,-1.0,1732005,2.0,7,,0.0,2.0,1.0,A01,138Â 200Â 463,1.0
1014663,201900056194,8,19,00:30,5,1,1,1.0,4.0,92036,A86,M,"48,9356000","2,2623000",92,2019,90.0,1.0,1.0,1.0,2269158,2.0,2,4,1,0.0,,-1.0,0,1994.0,B01,138Â 200Â 464,1.0,0.0,-1.0,1732006,2.0,7,,0.0,2.0,4.0,B01,138Â 200Â 464,1.0
1014663,201900056194,8,19,00:30,5,1,1,1.0,4.0,92036,A86,M,"48,9356000","2,2623000",92,2019,90.0,1.0,1.0,1.0,2269158,2.0,2,4,1,0.0,,-1.0,0,1994.0,B01,138Â 200Â 464,1.0,0.0,-1.0,1732007,2.0,7,,0.0,2.0,2.0,C01,138Â 200Â 465,1.0
1014663,201900056194,8,19,00:30,5,1,1,1.0,4.0,92036,A86,M,"48,9356000","2,2623000",92,2019,90.0,1.0,1.0,1.0,2269158,2.0,2,4,1,0.0,,-1.0,0,1994.0,B01,138Â 200Â 464,1.0,0.0,-1.0,1732008,2.0,7,,0.0,2.0,3.0,D01,138Â 200Â 466,1.0
1014663,201900056194,8,19,00:30,5,1,1,1.0,4.0,92036,A86,M,"48,9356000","2,2623000",92,2019,90.0,1.0,1.0,1.0,2269159,1.0,1,1,1,0.0,,-1.0,0,1994.0,B01,138Â 200Â 464,1.0,0.0,-1.0,1732005,2.0,7,,0.0,2.0,1.0,A01,138Â 200Â 463,1.0
1014663,201900056194,8,19,00:30,5,1,1,1.0,4.0,92036,A86,M,"48,9356000","2,2623000",92,2019,90.0,1.0,1.0,1.0,2269159,1.0,1,1,1,0.0,,-1.0,0,1994.0,B01,138Â 200Â 464,1.0,0.0,-1.0,1732006,2.0,7,,0.0,2.0,4.0,B01,138Â 200Â 464,1.0
1014663,201900056194,8,19,00:30,5,1,1,1.0,4.0,92036,A86,M,"48,9356000","2,2623000",92,2019,90.0,1.0,1.0,1.0,2269159,1.0,1,1,1,0.0,,-1.0,0,1994.0,B01,138Â 200Â 464,1.0,0.0,-1.0,1732007,2.0,7,,0.0,2.0,2.0,C01,138Â 200Â 465,1.0
1014663,201900056194,8,19,00:30,5,1,1,1.0,4.0,92036,A86,M,"48,9356000","2,2623000",92,2019,90.0,1.0,1.0,1.0,2269159,1.0,1,1,1,0.0,,-1.0,0,1994.0,B01,138Â 200Â 464,1.0,0.0,-1.0,1732008,2.0,7,,0.0,2.0,3.0,D01,138Â 200Â 466,1.0
1014663,201900056194,8,19,00:30,5,1,1,1.0,4.0,92036,A86,M,"48,9356000","2,2623000",92,2019,90.0,1.0,1.0,1.0,2269160,1.0,1,1,1,0.0,,-1.0,0,1985.0,C01,138Â 200Â 465,1.0,4.0,-1.0,1732005,2.0,7,,0.0,2.0,1.0,A01,138Â 200Â 463,1.0
1014663,201900056194,8,19,00:30,5,1,1,1.0,4.0,92036,A86,M,"48,9356000","2,2623000",92,2019,90.0,1.0,1.0,1.0,2269160,1.0,1,1,1,0.0,,-1.0,0,1985.0,C01,138Â 200Â 465,1.0,4.0,-1.0,1732006,2.0,7,,0.0,2.0,4.0,B01,138Â 200Â 464,1.0
1014663,201900056194,8,19,00:30,5,1,1,1.0,4.0,92036,A86,M,"48,9356000","2,2623000",92,2019,90.0,1.0,1.0,1.0,2269160,1.0,1,1,1,0.0,,-1.0,0,1985.0,C01,138Â 200Â 465,1.0,4.0,-1.0,1732007,2.0,7,,0.0,2.0,2.0,C01,138Â 200Â 465,1.0
1014663,201900056194,8,19,00:30,5,1,1,1.0,4.0,92036,A86,M,"48,9356000","2,2623000",92,2019,90.0,1.0,1.0,1.0,2269160,1.0,1,1,1,0.0,,-1.0,0,1985.0,C01,138Â 200Â 465,1.0,4.0,-1.0,1732008,2.0,7,,0.0,2.0,3.0,D01,138Â 200Â 466,1.0
1014663,201900056194,8,19,00:30,5,1,1,1.0,4.0,92036,A86,M,"48,9356000","2,2623000",92,2019,90.0,1.0,1.0,1.0,2269161,1.0,1,1,1,4.0,,-1.0,0,1974.0,D01,138Â 200Â 466,1.0,4.0,-1.0,1732005,2.0,7,,0.0,2.0,1.0,A01,138Â 200Â 463,1.0
1014663,201900056194,8,19,00:30,5,1,1,1.0,4.0,92036,A86,M,"48,9356000","2,2623000",92,2019,90.0,1.0,1.0,1.0,2269161,1.0,1,1,1,4.0,,-1.0,0,1974.0,D01,138Â 200Â 466,1.0,4.0,-1.0,1732006,2.0,7,,0.0,2.0,4.0,B01,138Â 200Â 464,1.0
1014663,201900056194,8,19,00:30,5,1,1,1.0,4.0,92036,A86,M,"48,9356000","2,2623000",92,2019,90.0,1.0,1.0,1.0,2269161,1.0,1,1,1,4.0,,-1.0,0,1974.0,D01,138Â 200Â 466,1.0,4.0,-1.0,1732007,2.0,7,,0.0,2.0,2.0,C01,138Â 200Â 465,1.0
1014663,201900056194,8,19,00:30,5,1,1,1.0,4.0,92036,A86,M,"48,9356000","2,2623000",92,2019,90.0,1.0,1.0,1.0,2269161,1.0,1,1,1,4.0,,-1.0,0,1974.0,D01,138Â 200Â 466,1.0,4.0,-1.0,1732008,2.0,7,,0.0,2.0,3.0,D01,138Â 200Â 466,1.0
1014663,201900056194,8,19,00:30,5,1,1,1.0,4.0,92036,A86,M,"48,9356000","2,2623000",92,2019,90.0,1.0,1.0,1.0,2269162,3.0,2,1,1,0.0,,-1.0,0,1999.0,D01,138Â 200Â 466,1.0,0.0,-1.0,1732005,2.0,7,,0.0,2.0,1.0,A01,138Â 200Â 463,1.0
1014663,201900056194,8,19,00:30,5,1,1,1.0,4.0,92036,A86,M,"48,9356000","2,2623000",92,2019,90.0,1.0,1.0,1.0,2269162,3.0,2,1,1,0.0,,-1.0,0,1999.0,D01,138Â 200Â 466,1.0,0.0,-1.0,1732006,2.0,7,,0.0,2.0,4.0,B01,138Â 200Â 464,1.0
1014663,201900056194,8,19,00:30,5,1,1,1.0,4.0,92036,A86,M,"48,9356000","2,2623000",92,2019,90.0,1.0,1.0,1.0,2269162,3.0,2,1,1,0.0,,-1.0,0,1999.0,D01,138Â 200Â 466,1.0,0.0,-1.0,1732007,2.0,7,,0.0,2.0,2.0,C01,138Â 200Â 465,1.0
1014663,201900056194,8,19,00:30,5,1,1,1.0,4.0,92036,A86,M,"48,9356000","2,2623000",92,2019,90.0,1.0,1.0,1.0,2269162,3.0,2,1,1,0.0,,-1.0,0,1999.0,D01,138Â 200Â 466,1.0,0.0,-1.0,1732008,2.0,7,,0.0,2.0,3.0,D01,138Â 200Â 466,1.0
1014663,201900056194,8,19,00:30,5,1,1,1.0,4.0,92036,A86,M,"48,9356000","2,2623000",92,2019,90.0,1.0,1.0,1.0,2269163,5.0,2,1,1,0.0,,-1.0, -1,2003.0,D01,138Â 200Â 466,1.0,0.0,-1.0,1732005,2.0,7,,0.0,2.0,1.0,A01,138Â 200Â 463,1.0
1014663,201900056194,8,19,00:30,5,1,1,1.0,4.0,92036,A86,M,"48,9356000","2,2623000",92,2019,90.0,1.0,1.0,1.0,2269163,5.0,2,1,1,0.0,,-1.0, -1,2003.0,D01,138Â 200Â 466,1.0,0.0,-1.0,1732006,2.0,7,,0.0,2.0,4.0,B01,138Â 200Â 464,1.0
1014663,201900056194,8,19,00:30,5,1,1,1.0,4.0,92036,A86,M,"48,9356000","2,2623000",92,2019,90.0,1.0,1.0,1.0,2269163,5.0,2,1,1,0.0,,-1.0, -1,2003.0,D01,138Â 200Â 466,1.0,0.0,-1.0,1732007,2.0,7,,0.0,2.0,2.0,C01,138Â 200Â 465,1.0
1014663,201900056194,8,19,00:30,5,1,1,1.0,4.0,92036,A86,M,"48,9356000","2,2623000",92,2019,90.0,1.0,1.0,1.0,2269163,5.0,2,1,1,0.0,,-1.0, -1,2003.0,D01,138Â 200Â 466,1.0,0.0,-1.0,1732008,2.0,7,,0.0,2.0,3.0,D01,138Â 200Â 466,1.0
1014663,201900056194,8,19,00:30,5,1,1,1.0,4.0,92036,A86,M,"48,9356000","2,2623000",92,2019,90.0,1.0,1.0,1.0,2269164,4.0,2,1,2,0.0,,-1.0,0,1964.0,D01,138Â 200Â 466,1.0,0.0,-1.0,1732005,2.0,7,,0.0,2.0,1.0,A01,138Â 200Â 463,1.0
1014663,201900056194,8,19,00:30,5,1,1,1.0,4.0,92036,A86,M,"48,9356000","2,2623000",92,2019,90.0,1.0,1.0,1.0,2269164,4.0,2,1,2,0.0,,-1.0,0,1964.0,D01,138Â 200Â 466,1.0,0.0,-1.0,1732006,2.0,7,,0.0,2.0,4.0,B01,138Â 200Â 464,1.0