Unnamed: 0_x,num_acc,mois,jour,hrmn,lum,agg,int,atm,col,com,adr,gps,lat,long,dep,annee,vma,situ,surf,catr,Unnamed: 0_y,place,catu,grav,sexe,trajet,secu,locp,actp,an_nais,num_veh_x,id_vehicule_x,secu1,secu2,secu3,Unnamed: 0,senc,catv,occutc,obs,obsm,choc,num_veh_y,id_vehicule_y,motor
1014663,201900056194,8,19,00:30,5,1,1,1.0,4.0,92036,A86,M,"48,9356000","2,2623000",92,2019,90.0,1.0,1.0,1.0,2269164,4.0,2,1,2,0.0,,-1.0,0,1964.0,D01,138Â 200Â 466,1.0,0.0,-1.0,1732007,2.0,7,,0.0,2.0,2.0,C01,138Â 200Â 465,1.0
1014663,201900056194,8,19,00:30,5,1,1,1.0,4.0,92036,A86,M,"48,9356000","2,2623000",92,2019,90.0,1.0,1.0,1.0,2269164,4.0,2,1,2,0.0,,-1.0,0,1964.0,D01,138Â 200Â 466,1.0,0.0,-1.0,1732008,2.0,7,,0.0,2.0,3.0,D01,138Â 200Â 466,1.0
1014663,201900056194,8,19,00:30,5,1,1,1.0,4.0,92036,A86,M,"48,9356000","2,2623000",92,2019,90.0,1.0,1.0,1.0,2269165,2.0,2,1,1,0.0,,-1.0, -1,1962.0,D01,138Â 200Â 466,1.0,0.0,-1.0,1732005,2.0,7,,0.0,2.0,1.0,A01,138Â 200Â 463,1.0
1014663,201900056194,8,19,00:30,5,1,1,1.0,4.0,92036,A86,M,"48,9356000","2,2623000",92,2019,90.0,1.0,1.0,1.0,2269165,2.0,2,1,1,0.0,,-1.0, -1,1962.0,D01,138Â 200Â 466,1.0,0.0,-1.0,1732006,2.0,7,,0.0,2.0,4.0,B01,138Â 200Â 464,1.0
1014663,201900056194,8,19,00:30,5,1,1,1.0,4.0,92036,A86,M,"48,9356000","2,2623000",92,2019,90.0,1.0,1.0,1.0,2269165,2.0,2,1,1,0.0,,-1.0, -1,1962.0,D01,138Â 200Â 466,1.0,0.0,-1.0,1732007,2.0,7,,0.0,2.0,2.0,C01,138Â 200Â 465,1.0
1014663,201900056194,8,19,00:30,5,1,1,1.0,4.0,92036,A86,M,"48,9356000","2,2623000",92,2019,90.0,1.0,1.0,1.0,2269165,2.0,2,1,1,0.0,,-1.0, -1,1962.0,D01,138Â 200Â 466,1.0,0.0,-1.0,1732008,2.0,7,,0.0,2.0,3.0,D01,138Â 200Â 466,1.0
1014664,201900056195,8,18,22:00,5,1,1,1.0,2.0,92064,A13,M,"48,8395738","2,2129393",92,2019,70.0,1.0,1.0,1.0,2269166,1.0,1,4,1,9.0,,-1.0,0,1998.0,B01,138Â 200Â 461,1.0,0.0,-1.0,1732009,2.0,7,,1.0,2.0,1.0,B01,138Â 200Â 461,1.0
1014664,201900056195,8,18,22:00,5,1,1,1.0,2.0,92064,A13,M,"48,8395738","2,2129393",92,2019,70.0,1.0,1.0,1.0,2269166,1.0,1,4,1,9.0,,-1.0,0,1998.0,B01,138Â 200Â 461,1.0,0.0,-1.0,1732010,1.0,7,,0.0,2.0,4.0,A01,138Â 200Â 462,1.0
1014664,201900056195,8,18,22:00,5,1,1,1.0,2.0,92064,A13,M,"48,8395738","2,2129393",92,2019,70.0,1.0,1.0,1.0,2269167,1.0,1,4,1,0.0,,-1.0,0,1991.0,A01,138Â 200Â 462,8.0,0.0,-1.0,1732009,2.0,7,,1.0,2.0,1.0,B01,138Â 200Â 461,1.0
1014664,201900056195,8,18,22:00,5,1,1,1.0,2.0,92064,A13,M,"48,8395738","2,2129393",92,2019,70.0,1.0,1.0,1.0,2269167,1.0,1,4,1,0.0,,-1.0,0,1991.0,A01,138Â 200Â 462,8.0,0.0,-1.0,1732010,1.0,7,,0.0,2.0,4.0,A01,138Â 200Â 462,1.0
1014664,201900056195,8,18,22:00,5,1,1,1.0,2.0,92064,A13,M,"48,8395738","2,2129393",92,2019,70.0,1.0,1.0,1.0,2269168,2.0,2,1,2,9.0,,-1.0,0,1993.0,A01,138Â 200Â 462,8.0,0.0,-1.0,1732009,2.0,7,,1.0,2.0,1.0,B01,138Â 200Â 461,1.0
1014664,201900056195,8,18,22:00,5,1,1,1.0,2.0,92064,A13,M,"48,8395738","2,2129393",92,2019,70.0,1.0,1.0,1.0,2269168,2.0,2,1,2,9.0,,-1.0,0,1993.0,A01,138Â 200Â 462,8.0,0.0,-1.0,1732010,1.0,7,,0.0,2.0,4.0,A01,138Â 200Â 462,1.0
1014665,201900056196,8,18,18:01,1,1,1,1.0,2.0,78029,A13Y,M,"48,9679360","1,8580320",78,2019,130.0,1.0,1.0,1.0,2269169,1.0,1,1,1,5.0,,-1.0, -1,1955.0,B01,138Â 200Â 459,1.0,0.0,-1.0,1732011,2.0,7,,0.0,2.0,4.0,B01,138Â 200Â 459,1.0
1014665,201900056196,8,18,18:01,1,1,1,1.0,2.0,78029,A13Y,M,"48,9679360","1,8580320",78,2019,130.0,1.0,1.0,1.0,2269169,1.0,1,1,1,5.0,,-1.0, -1,1955.0,B01,138Â 200Â 459,1.0,0.0,-1.0,1732012,2.0,7,,4.0,2.0,1.0,A01,138Â 200Â 460,1.0
1014665,201900056196,8,18,18:01,1,1,1,1.0,2.0,78029,A13Y,M,"48,9679360","1,8580320",78,2019,130.0,1.0,1.0,1.0,2269170,2.0,2,1,1,0.0,,-1.0, -1,2007.0,A01,138Â 200Â 460,1.0,0.0,-1.0,1732011,2.0,7,,0.0,2.0,4.0,B01,138Â 200Â 459,1.0
1014665,201900056196,8,18,18:01,1,1,1,1.0,2.0,78029,A13Y,M,"48,9679360","1,8580320",78,2019,130.0,1.0,1.0,1.0,2269170,2.0,2,1,1,0.0,,-1.0, -1,2007.0,A01,138Â 200Â 460,1.0,0.0,-1.0,1732012,2.0,7,,4.0,2.0,1.0,A01,138Â 200Â 460,1.0
1014665,201900056196,8,18,18:01,1,1,1,1.0,2.0,78029,A13Y,M,"48,9679360","1,8580320",78,2019,130.0,1.0,1.0,1.0,2269171,1.0,1,1,1,5.0,,-1.0, -1,1982.0,A01,138Â 200Â 460,8.0,0.0,-1.0,1732011,2.0,7,,0.0,2.0,4.0,B01,138Â 200Â 459,1.0
1014665,201900056196,8,18,18:01,1,1,1,1.0,2.0,78029,A13Y,M,"48,9679360","1,8580320",78,2019,130.0,1.0,1.0,1.0,2269171,1.0,1,1,1,5.0,,-1.0, -1,1982.0,A01,138Â 200Â 460,8.0,0.0,-1.0,1732012,2.0,7,,4.0,2.0,1.0,A01,138Â 200Â 460,1.0
1014665,201900056196,8,18,18:01,1,1,1,1.0,2.0,78029,A13Y,M,"48,9679360","1,8580320",78,2019,130.0,1.0,1.0,1.0,2269172,3.0,2,4,1,0.0,,-1.0, -1,2004.0,A01,138Â 200Â 460,1.0,0.0,-1.0,1732011,2.0,7,,0.0,2.0,4.0,B01,138Â 200Â 459,1.0
1014665,201900056196,8,18,18:01,1,1,1,1.0,2.0,78029,A13Y,M,"48,9679360","1,8580320",78,2019,130.0,1.0,1.0,1.0,2269172,3.0,2,4,1,0.0,,-1.0, -1,2004.0,A01,138Â 200Â 460,1.0,0.0,-1.0,1732012,2.0,7,,4.0,2.0,1.0,A01,138Â 200Â 460,1.0
1014666,201900056197,8,18,13:00,1,1,1,2.0,6.0,92036,A86,M,"48,9370001","2,3180011",92,2019,90.0,1.0,2.0,1.0,2269173,1.0,1,1,2,5.0,,-1.0,0,1976.0,A01,138Â 200Â 458,1.0,0.0,-1.0,1732013,2.0,7,,4.0,0.0,1.0,A01,138Â 200Â 458,1.0
1014666,201900056197,8,18,13:00,1,1,1,2.0,6.0,92036,A86,M,"48,9370001","2,3180011",92,2019,90.0,1.0,2.0,1.0,2269174,4.0,2,4,1,5.0,,-1.0,0,2005.0,A01,138Â 200Â 458,1.0,0.0,-1.0,1732013,2.0,7,,4.0,0.0,1.0,A01,138Â 200Â 458,1.0
1014667,201900056198,8,18,12:40,1,1,1,1.0,6.0,92036,A15,M,"48,9472531","2,2819062",92,2019,110.0,1.0,2.0,1.0,2269175,1.0,1,4,1,0.0,,-1.0,0,1992.0,A01,138Â 200Â 457,1.0,8.0,-1.0,1732014,1.0,7,,3.0,0.0,0.0,A01,138Â 200Â 457,1.0
1014668,201900056199,8,18,10:05,1,1,1,3.0,6.0,93027,BDL,M,"48,9264100","2,4028500",93,2019,50.0,1.0,2.0,1.0,2269176,1.0,1,4,2,0.0,,-1.0, -1,1966.0,A01,138Â 200Â 456,1.0,0.0,-1.0,1732015,1.0,7,,3.0,0.0,1.0,A01,138Â 200Â 456,1.0
1014669,201900056200,8,17,17:45,1,1,1,2.0,6.0,95488,AUTOROUTE A15,M,"49,0238500","2,1331900",95,2019,110.0,1.0,2.0,1.0,2269177,1.0,1,4,2,5.0,,-1.0,0,1994.0,A01,138Â 200Â 455,1.0,0.0,-1.0,1732016,2.0,7,,4.0,0.0,4.0,A01,138Â 200Â 455,1.0
1014670,201900056201,8,19,13:00,1,1,1,1.0,7.0,94017,A4,M,"48,8298700","2,4838700",94,2019,90.0,1.0,1.0,1.0,2269178,1.0,1,4,1,4.0,,0.0,0,1974.0,A01,138Â 200Â 454,1.0,4.0,-1.0,1732017,1.0,17,,0.0,0.0,9.0,A01,138Â 200Â 454,1.0
1014671,201900056202,8,18,07:50,1,1,1,2.0,6.0,77249,RN104,M,"48,7528600","2,6144200",77,2019,110.0,3.0,2.0,2.0,2269179,2.0,2,4,1,5.0,,-1.0,0,1997.0,A01,138Â 200Â 453,1.0,0.0,-1.0,1732018,1.0,7,,0.0,0.0,1.0,A01,138Â 200Â 453,1.0
1014671,201900056202,8,18,07:50,1,1,1,2.0,6.0,77249,RN104,M,"48,7528600","2,6144200",77,2019,110.0,3.0,2.0,2.0,2269180,1.0,1,4,1,5.0,,-1.0, -1,1998.0,A01,138Â 200Â 453,1.0,0.0,-1.0,1732018,1.0,7,,0.0,0.0,1.0,A01,138Â 200Â 453,1.0
1014672,201900056203,6,19,08:55,1,2,1,1.0,2.0,91657,PIERRE MARIN (RUE),M,"48,6993900","2,4170800",91,2019,50.0,1.0,1.0,4.0,2269181,1.0,1,1,2,0.0,,0.0,0,1975.0,A01,138Â 200Â 449,1.0,8.0,-1.0,1732019,1.0,7,,1.0,0.0,4.0,A01,138Â 200Â 449,0.0
1014672,201900056203,6,19,08:55,1,2,1,1.0,2.0,91657,PIERRE MARIN (RUE),M,"48,6993900","2,4170800",91,2019,50.0,1.0,1.0,4.0,2269181,1.0,1,1,2,0.0,,0.0,0,1975.0,A01,138Â 200Â 449,1.0,8.0,-1.0,1732020,1.0,1,,0.0,2.0,1.0,B01,138Â 200Â 450,6.0
1014672,201900056203,6,19,08:55,1,2,1,1.0,2.0,91657,PIERRE MARIN (RUE),M,"48,6993900","2,4170800",91,2019,50.0,1.0,1.0,4.0,2269182,1.0,1,4,2,0.0,,0.0,0,1959.0,B01,138Â 200Â 450,2.0,8.0,-1.0,1732019,1.0,7,,1.0,0.0,4.0,A01,138Â 200Â 449,0.0
1014672,201900056203,6,19,08:55,1,2,1,1.0,2.0,91657,PIERRE MARIN (RUE),M,"48,6993900","2,4170800",91,2019,50.0,1.0,1.0,4.0,2269182,1.0,1,4,2,0.0,,0.0,0,1959.0,B01,138Â 200Â 450,2.0,8.0,-1.0,1732020,1.0,1,,0.0,2.0,1.0,B01,138Â 200Â 450,6.0
1014673,201900056204,8,18,13:10,1,2,1,1.0,7.0,97416,L'ENTRE DEUX(ROUTE DE),M," -21,2983260","55,4382350",974,2019,70.0,1.0,1.0,3.0,2269183,1.0,1,4,1,9.0,,-1.0, -1,1992.0,A01,138Â 200Â 448,8.0,0.0,-1.0,1732021,1.0,33,,0.0,0.0,2.0,A01,138Â 200Â 448,1.0
1014674,201900056205,8,18,21:10,5,2,2,2.0,1.0,69388,PAUL CAZENEUVE                      (R ),M,"45,7389900","4,8665400",69,2019,50.0,1.0,2.0,9.0,2269184,1.0,1,4,1,5.0,,-1.0,0,1998.0,B01,138Â 200Â 444,8.0,0.0,-1.0,1732022,1.0,50,,0.0,2.0,3.0,B01,138Â 200Â 444,3.0
1014674,201900056205,8,18,21:10,5,2,2,2.0,1.0,69388,PAUL CAZENEUVE                      (R ),M,"45,7389900","4,8665400",69,2019,50.0,1.0,2.0,9.0,2269184,1.0,1,4,1,5.0,,-1.0,0,1998.0,B01,138Â 200Â 444,8.0,0.0,-1.0,1732023,2.0,7,,0.0,6.0,2.0,A01,138Â 200Â 445,6.0
1014674,201900056205,8,18,21:10,5,2,2,2.0,1.0,69388,PAUL CAZENEUVE                      (R ),M,"45,7389900","4,8665400",69,2019,50.0,1.0,2.0,9.0,2269185,1.0,1,1,1,5.0,,-1.0,0,1991.0,A01,138Â 200Â 445,1.0,0.0,-1.0,1732022,1.0,50,,0.0,2.0,3.0,B01,138Â 200Â 444,3.0
1014674,201900056205,8,18,21:10,5,2,2,2.0,1.0,69388,PAUL CAZENEUVE                      (R ),M,"45,7389900","4,8665400",69,2019,50.0,1.0,2.0,9.0,2269185,1.0,1,1,1,5.0,,-1.0,0,1991.0,A01,138Â 200Â 445,1.0,0.0,-1.0,1732023,2.0,7,,0.0,6.0,2.0,A01,138Â 200Â 445,6.0
1014675,201900056206,8,17,11:55,1,1,1,1.0,3.0,97213,ROUTE DEPARTEMENTALE 3,M,"14,6490820"," -60,9888200",972,2019,50.0,1.0,1.0,3.0,2269186,2.0,2,4,2,9.0,,-1.0,0,1960.0,B01,138Â 200Â 442,1.0,0.0,-1.0,1732024,1.0,13,,12.0,0.0,3.0,B01,138Â 200Â 442,6.0
1014675,201900056206,8,17,11:55,1,1,1,1.0,3.0,97213,ROUTE DEPARTEMENTALE 3,M,"14,6490820"," -60,9888200",972,2019,50.0,1.0,1.0,3.0,2269186,2.0,2,4,2,9.0,,-1.0,0,1960.0,B01,138Â 200Â 442,1.0,0.0,-1.0,1732025,1.0,99,,12.0,0.0,3.0,A01,138Â 200Â 443,6.0
1014675,201900056206,8,17,11:55,1,1,1,1.0,3.0,97213,ROUTE DEPARTEMENTALE 3,M,"14,6490820"," -60,9888200",972,2019,50.0,1.0,1.0,3.0,2269187,1.0,1,4,1,1.0,,-1.0,0,1962.0,B01,138Â 200Â 442,1.0,0.0,-1.0,1732024,1.0,13,,12.0,0.0,3.0,B01,138Â 200Â 442,6.0
1014675,201900056206,8,17,11:55,1,1,1,1.0,3.0,97213,ROUTE DEPARTEMENTALE 3,M,"14,6490820"," -60,9888200",972,2019,50.0,1.0,1.0,3.0,2269187,1.0,1,4,1,1.0,,-1.0,0,1962.0,B01,138Â 200Â 442,1.0,0.0,-1.0,1732025,1.0,99,,12.0,0.0,3.0,A01,138Â 200Â 443,6.0
1014675,201900056206,8,17,11:55,1,1,1,1.0,3.0,97213,ROUTE DEPARTEMENTALE 3,M,"14,6490820"," -60,9888200",972,2019,50.0,1.0,1.0,3.0,2269188,2.0,2,4,1,0.0,,-1.0,0,1993.0,A01,138Â 200Â 443,1.0,0.0,-1.0,1732024,1.0,13,,12.0,0.0,3.0,B01,138Â 200Â 442,6.0
1014675,201900056206,8,17,11:55,1,1,1,1.0,3.0,97213,ROUTE DEPARTEMENTALE 3,M,"14,6490820"," -60,9888200",972,2019,50.0,1.0,1.0,3.0,2269188,2.0,2,4,1,0.0,,-1.0,0,1993.0,A01,138Â 200Â 443,1.0,0.0,-1.0,1732025,1.0,99,,12.0,0.0,3.0,A01,138Â 200Â 443,6.0
1014675,201900056206,8,17,11:55,1,1,1,1.0,3.0,97213,ROUTE DEPARTEMENTALE 3,M,"14,6490820"," -60,9888200",972,2019,50.0,1.0,1.0,3.0,2269189,2.0,2,4,2,0.0,,-1.0,0,1930.0,A01,138Â 200Â 443,1.0,0.0,-1.0,1732024,1.0,13,,12.0,0.0,3.0,B01,138Â 200Â 442,6.0
1014675,201900056206,8,17,11:55,1,1,1,1.0,3.0,97213,ROUTE DEPARTEMENTALE 3,M,"14,6490820"," -60,9888200",972,2019,50.0,1.0,1.0,3.0,2269189,2.0,2,4,2,0.0,,-1.0,0,1930.0,A01,138Â 200Â 443,1.0,0.0,-1.0,1732025,1.0,99,,12.0,0.0,3.0,A01,138Â 200Â 443,6.0
1014675,201900056206,8,17,11:55,1,1,1,1.0,3.0,97213,ROUTE DEPARTEMENTALE 3,M,"14,6490820"," -60,9888200",972,2019,50.0,1.0,1.0,3.0,2269190,1.0,1,4,2,4.0,,-1.0,0,1991.0,A01,138Â 200Â 443,8.0,5.0,-1.0,1732024,1.0,13,,12.0,0.0,3.0,B01,138Â 200Â 442,6.0
1014675,201900056206,8,17,11:55,1,1,1,1.0,3.0,97213,ROUTE DEPARTEMENTALE 3,M,"14,6490820"," -60,9888200",972,2019,50.0,1.0,1.0,3.0,2269190,1.0,1,4,2,4.0,,-1.0,0,1991.0,A01,138Â 200Â 443,8.0,5.0,-1.0,1732025,1.0,99,,12.0,0.0,3.0,A01,138Â 200Â 443,6.0
1014676,201900056207,8,18,17:58,1,2,1,1.0,2.0,2A004,ASPRETTO ROUTE,M,"41,9308500","8,7570600",2A,2019,50.0,1.0,1.0,2.0,2269191,1.0,1,1,2,1.0,,-1.0,0,1966.0,A01,138Â 200Â 440,1.0,8.0,-1.0,1732026,1.0,7,,0.0,2.0,3.0,A01,138Â 200Â 440,1.0
1014676,201900056207,8,18,17:58,1,2,1,1.0,2.0,2A004,ASPRETTO ROUTE,M,"41,9308500","8,7570600",2A,2019,50.0,1.0,1.0,2.0,2269191,1.0,1,1,2,1.0,,-1.0,0,1966.0,A01,138Â 200Â 440,1.0,8.0,-1.0,1732027,1.0,7,,0.0,2.0,5.0,B01,138Â 200Â 441,1.0
1014676,201900056207,8,18,17:58,1,2,1,1.0,2.0,2A004,ASPRETTO ROUTE,M,"41,9308500","8,7570600",2A,2019,50.0,1.0,1.0,2.0,2269192,1.0,1,4,2,0.0,,-1.0,0,1999.0,B01,138Â 200Â 441,1.0,8.0,-1.0,1732026,1.0,7,,0.0,2.0,3.0,A01,138Â 200Â 440,1.0
1014676,201900056207,8,18,17:58,1,2,1,1.0,2.0,2A004,ASPRETTO ROUTE,M,"41,9308500","8,7570600",2A,2019,50.0,1.0,1.0,2.0,2269192,1.0,1,4,2,0.0,,-1.0,0,1999.0,B01,138Â 200Â 441,1.0,8.0,-1.0,1732027,1.0,7,,0.0,2.0,5.0,B01,138Â 200Â 441,1.0
1014677,201900056208,8,18,18:25,1,2,1,1.0,3.0,2A004,AVENUE DU DOCTEUR NOEL FRANCHINI,M,"41,9360058","8,7534975",2A,2019,50.0,1.0,1.0,2.0,2269193,1.0,1,1,1,0.0,,-1.0, -1,1961.0,B01,138Â 200Â 438,1.0,0.0,-1.0,1732028,1.0,7,,0.0,2.0,8.0,B01,138Â 200Â 438,1.0
1014677,201900056208,8,18,18:25,1,2,1,1.0,3.0,2A004,AVENUE DU DOCTEUR NOEL FRANCHINI,M,"41,9360058","8,7534975",2A,2019,50.0,1.0,1.0,2.0,2269193,1.0,1,1,1,0.0,,-1.0, -1,1961.0,B01,138Â 200Â 438,1.0,0.0,-1.0,1732029,1.0,32,,0.0,2.0,1.0,A01,138Â 200Â 439,1.0
1014677,201900056208,8,18,18:25,1,2,1,1.0,3.0,2A004,AVENUE DU DOCTEUR NOEL FRANCHINI,M,"41,9360058","8,7534975",2A,2019,50.0,1.0,1.0,2.0,2269194,1.0,1,4,1,0.0,,-1.0, -1,1993.0,A01,138Â 200Â 439,2.0,0.0,-1.0,1732028,1.0,7,,0.0,2.0,8.0,B01,138Â 200Â 438,1.0
1014677,201900056208,8,18,18:25,1,2,1,1.0,3.0,2A004,AVENUE DU DOCTEUR NOEL FRANCHINI,M,"41,9360058","8,7534975",2A,2019,50.0,1.0,1.0,2.0,2269194,1.0,1,4,1,0.0,,-1.0, -1,1993.0,A01,138Â 200Â 439,2.0,0.0,-1.0,1732029,1.0,32,,0.0,2.0,1.0,A01,138Â 200Â 439,1.0
1014678,201900056209,8,17,15:50,1,2,1,2.0,2.0,91201,HENRI BARBUSSE(BOULEVARD),M,"48,6873100","2,4092200",91,2019,50.0,3.0,2.0,3.0,2269195,1.0,1,1,1,9.0,,0.0,0,1989.0,B01,138Â 200Â 436,1.0,0.0,-1.0,1732030,1.0,7,,0.0,2.0,4.0,B01,138Â 200Â 436,1.0
1014678,201900056209,8,17,15:50,1,2,1,2.0,2.0,91201,HENRI BARBUSSE(BOULEVARD),M,"48,6873100","2,4092200",91,2019,50.0,3.0,2.0,3.0,2269195,1.0,1,1,1,9.0,,0.0,0,1989.0,B01,138Â 200Â 436,1.0,0.0,-1.0,1732031,1.0,7,,0.0,2.0,1.0,A01,138Â 200Â 437,1.0
1014678,201900056209,8,17,15:50,1,2,1,2.0,2.0,91201,HENRI BARBUSSE(BOULEVARD),M,"48,6873100","2,4092200",91,2019,50.0,3.0,2.0,3.0,2269196,2.0,2,1,2,9.0,,0.0,0,1983.0,B01,138Â 200Â 436,1.0,0.0,-1.0,1732030,1.0,7,,0.0,2.0,4.0,B01,138Â 200Â 436,1.0
1014678,201900056209,8,17,15:50,1,2,1,2.0,2.0,91201,HENRI BARBUSSE(BOULEVARD),M,"48,6873100","2,4092200",91,2019,50.0,3.0,2.0,3.0,2269196,2.0,2,1,2,9.0,,0.0,0,1983.0,B01,138Â 200Â 436,1.0,0.0,-1.0,1732031,1.0,7,,0.0,2.0,1.0,A01,138Â 200Â 437,1.0
1014678,201900056209,8,17,15:50,1,2,1,2.0,2.0,91201,HENRI BARBUSSE(BOULEVARD),M,"48,6873100","2,4092200",91,2019,50.0,3.0,2.0,3.0,2269197,4.0,2,4,1,0.0,,0.0,0,2015.0,B01,138Â 200Â 436,3.0,0.0,-1.0,1732030,1.0,7,,0.0,2.0,4.0,B01,138Â 200Â 436,1.0
1014678,201900056209,8,17,15:50,1,2,1,2.0,2.0,91201,HENRI BARBUSSE(BOULEVARD),M,"48,6873100","2,4092200",91,2019,50.0,3.0,2.0,3.0,2269197,4.0,2,4,1,0.0,,0.0,0,2015.0,B01,138Â 200Â 436,3.0,0.0,-1.0,1732031,1.0,7,,0.0,2.0,1.0,A01,138Â 200Â 437,1.0
1014678,201900056209,8,17,15:50,1,2,1,2.0,2.0,91201,HENRI BARBUSSE(BOULEVARD),M,"48,6873100","2,4092200",91,2019,50.0,3.0,2.0,3.0,2269198,1.0,1,1,1,9.0,,0.0,0,1992.0,A01,138Â 200Â 437,1.0,0.0,-1.0,1732030,1.0,7,,0.0,2.0,4.0,B01,138Â 200Â 436,1.0
1014678,201900056209,8,17,15:50,1,2,1,2.0,2.0,91201,HENRI BARBUSSE(BOULEVARD),M,"48,6873100","2,4092200",91,2019,50.0,3.0,2.0,3.0,2269198,1.0,1,1,1,9.0,,0.0,0,1992.0,A01,138Â 200Â 437,1.0,0.0,-1.0,1732031,1.0,7,,0.0,2.0,1.0,A01,138Â 200Â 437,1.0
1014679,201900056210,8,17,11:00,1,1,1,1.0,5.0,74281,GENEVE (AVE DE) JUSQUE CROISEE ANTHY,M,"46,3521349","6,4396622",74,2019,70.0,1.0,1.0,3.0,2269199,1.0,1,1,2,3.0,,0.0,0,1954.0,A01,138Â 200Â 430,1.0,8.0,-1.0,1732032,3.0,7,,0.0,2.0,3.0,A01,138Â 200Â 430,1.0
1014679,201900056210,8,17,11:00,1,1,1,1.0,5.0,74281,GENEVE (AVE DE) JUSQUE CROISEE ANTHY,M,"46,3521349","6,4396622",74,2019,70.0,1.0,1.0,3.0,2269199,1.0,1,1,2,3.0,,0.0,0,1954.0,A01,138Â 200Â 430,1.0,8.0,-1.0,1732033,3.0,7,,0.0,0.0,0.0,B01,138Â 200Â 431,1.0
1014679,201900056210,8,17,11:00,1,1,1,1.0,5.0,74281,GENEVE (AVE DE) JUSQUE CROISEE ANTHY,M,"46,3521349","6,4396622",74,2019,70.0,1.0,1.0,3.0,2269199,1.0,1,1,2,3.0,,0.0,0,1954.0,A01,138Â 200Â 430,1.0,8.0,-1.0,1732034,3.0,1,,0.0,0.0,0.0,C01,138Â 200Â 432,0.0
1014679,201900056210,8,17,11:00,1,1,1,1.0,5.0,74281,GENEVE (AVE DE) JUSQUE CROISEE ANTHY,M,"46,3521349","6,4396622",74,2019,70.0,1.0,1.0,3.0,2269200,1.0,1,4,1,5.0,,0.0,0,1955.0,B01,138Â 200Â 431,1.0,8.0,-1.0,1732032,3.0,7,,0.0,2.0,3.0,A01,138Â 200Â 430,1.0
1014679,201900056210,8,17,11:00,1,1,1,1.0,5.0,74281,GENEVE (AVE DE) JUSQUE CROISEE ANTHY,M,"46,3521349","6,4396622",74,2019,70.0,1.0,1.0,3.0,2269200,1.0,1,4,1,5.0,,0.0,0,1955.0,B01,138Â 200Â 431,1.0,8.0,-1.0,1732033,3.0,7,,0.0,0.0,0.0,B01,138Â 200Â 431,1.0
1014679,201900056210,8,17,11:00,1,1,1,1.0,5.0,74281,GENEVE (AVE DE) JUSQUE CROISEE ANTHY,M,"46,3521349","6,4396622",74,2019,70.0,1.0,1.0,3.0,2269200,1.0,1,4,1,5.0,,0.0,0,1955.0,B01,138Â 200Â 431,1.0,8.0,-1.0,1732034,3.0,1,,0.0,0.0,0.0,C01,138Â 200Â 432,0.0
1014679,201900056210,8,17,11:00,1,1,1,1.0,5.0,74281,GENEVE (AVE DE) JUSQUE CROISEE ANTHY,M,"46,3521349","6,4396622",74,2019,70.0,1.0,1.0,3.0,2269201,1.0,1,4,1,5.0,,0.0,0,1936.0,C01,138Â 200Â 432,2.0,8.0,-1.0,1732032,3.0,7,,0.0,2.0,3.0,A01,138Â 200Â 430,1.0
1014679,201900056210,8,17,11:00,1,1,1,1.0,5.0,74281,GENEVE (AVE DE) JUSQUE CROISEE ANTHY,M,"46,3521349","6,4396622",74,2019,70.0,1.0,1.0,3.0,2269201,1.0,1,4,1,5.0,,0.0,0,1936.0,C01,138Â 200Â 432,2.0,8.0,-1.0,1732033,3.0,7,,0.0,0.0,0.0,B01,138Â 200Â 431,1.0
1014679,201900056210,8,17,11:00,1,1,1,1.0,5.0,74281,GENEVE (AVE DE) JUSQUE CROISEE ANTHY,M,"46,3521349","6,4396622",74,2019,70.0,1.0,1.0,3.0,2269201,1.0,1,4,1,5.0,,0.0,0,1936.0,C01,138Â 200Â 432,2.0,8.0,-1.0,1732034,3.0,1,,0.0,0.0,0.0,C01,138Â 200Â 432,0.0
1014680,201900056211,8,14,18:15,1,2,1,7.0,2.0,73011,PIQUAND (RUE EDOUARD),M,"45,6777795","6,3820492",73,2019,50.0,1.0,1.0,4.0,2269202,1.0,1,4,1,5.0,,-1.0, -1,2003.0,A01,138Â 200Â 428,2.0,6.0,-1.0,1732035,1.0,31,,0.0,2.0,1.0,A01,138Â 200Â 428,1.0
1014680,201900056211,8,14,18:15,1,2,1,7.0,2.0,73011,PIQUAND (RUE EDOUARD),M,"45,6777795","6,3820492",73,2019,50.0,1.0,1.0,4.0,2269202,1.0,1,4,1,5.0,,-1.0, -1,2003.0,A01,138Â 200Â 428,2.0,6.0,-1.0,1732036,1.0,1,,0.0,2.0,4.0,B01,138Â 200Â 429,6.0
1014680,201900056211,8,14,18:15,1,2,1,7.0,2.0,73011,PIQUAND (RUE EDOUARD),M,"45,6777795","6,3820492",73,2019,50.0,1.0,1.0,4.0,2269203,1.0,1,4,1,5.0,,-1.0, -1,1959.0,B01,138Â 200Â 429,2.0,6.0,-1.0,1732035,1.0,31,,0.0,2.0,1.0,A01,138Â 200Â 428,1.0
1014680,201900056211,8,14,18:15,1,2,1,7.0,2.0,73011,PIQUAND (RUE EDOUARD),M,"45,6777795","6,3820492",73,2019,50.0,1.0,1.0,4.0,2269203,1.0,1,4,1,5.0,,-1.0, -1,1959.0,B01,138Â 200Â 429,2.0,6.0,-1.0,1732036,1.0,1,,0.0,2.0,4.0,B01,138Â 200Â 429,6.0