Unnamed: 0_x,num_acc,mois,jour,hrmn,lum,agg,int,atm,col,com,adr,gps,lat,long,dep,annee,vma,situ,surf,catr,Unnamed: 0_y,place,catu,grav,sexe,trajet,secu,locp,actp,an_nais,num_veh_x,id_vehicule_x,secu1,secu2,secu3,Unnamed: 0,senc,catv,occutc,obs,obsm,choc,num_veh_y,id_vehicule_y,motor
1014681,201900056212,8,18,17:00,1,2,1,1.0,3.0,69256,DROITS DE L'HOMME (DES)             (R ),M,"45,7604100","4,9338300",69,2019,50.0,1.0,1.0,4.0,2269204,1.0,1,1,1,5.0,,-1.0,0,1940.0,A01,138Â 200Â 426,1.0,0.0,-1.0,1732037,2.0,3,,0.0,2.0,2.0,A01,138Â 200Â 426,6.0
1014681,201900056212,8,18,17:00,1,2,1,1.0,3.0,69256,DROITS DE L'HOMME (DES)             (R ),M,"45,7604100","4,9338300",69,2019,50.0,1.0,1.0,4.0,2269204,1.0,1,1,1,5.0,,-1.0,0,1940.0,A01,138Â 200Â 426,1.0,0.0,-1.0,1732038,1.0,3,,0.0,2.0,3.0,B01,138Â 200Â 427,0.0
1014681,201900056212,8,18,17:00,1,2,1,1.0,3.0,69256,DROITS DE L'HOMME (DES)             (R ),M,"45,7604100","4,9338300",69,2019,50.0,1.0,1.0,4.0,2269205,2.0,2,1,2,5.0,,-1.0,0,1942.0,A01,138Â 200Â 426,1.0,0.0,-1.0,1732037,2.0,3,,0.0,2.0,2.0,A01,138Â 200Â 426,6.0
1014681,201900056212,8,18,17:00,1,2,1,1.0,3.0,69256,DROITS DE L'HOMME (DES)             (R ),M,"45,7604100","4,9338300",69,2019,50.0,1.0,1.0,4.0,2269205,2.0,2,1,2,5.0,,-1.0,0,1942.0,A01,138Â 200Â 426,1.0,0.0,-1.0,1732038,1.0,3,,0.0,2.0,3.0,B01,138Â 200Â 427,0.0
1014681,201900056212,8,18,17:00,1,2,1,1.0,3.0,69256,DROITS DE L'HOMME (DES)             (R ),M,"45,7604100","4,9338300",69,2019,50.0,1.0,1.0,4.0,2269206,4.0,2,4,2,5.0,,-1.0,0,1965.0,A01,138Â 200Â 426,1.0,0.0,-1.0,1732037,2.0,3,,0.0,2.0,2.0,A01,138Â 200Â 426,6.0
1014681,201900056212,8,18,17:00,1,2,1,1.0,3.0,69256,DROITS DE L'HOMME (DES)             (R ),M,"45,7604100","4,9338300",69,2019,50.0,1.0,1.0,4.0,2269206,4.0,2,4,2,5.0,,-1.0,0,1965.0,A01,138Â 200Â 426,1.0,0.0,-1.0,1732038,1.0,3,,0.0,2.0,3.0,B01,138Â 200Â 427,0.0
1014681,201900056212,8,18,17:00,1,2,1,1.0,3.0,69256,DROITS DE L'HOMME (DES)             (R ),M,"45,7604100","4,9338300",69,2019,50.0,1.0,1.0,4.0,2269207,3.0,2,4,1,5.0,,-1.0, -1,2019.0,B01,138Â 200Â 427,8.0,0.0,-1.0,1732037,2.0,3,,0.0,2.0,2.0,A01,138Â 200Â 426,6.0
1014681,201900056212,8,18,17:00,1,2,1,1.0,3.0,69256,DROITS DE L'HOMME (DES)             (R ),M,"45,7604100","4,9338300",69,2019,50.0,1.0,1.0,4.0,2269207,3.0,2,4,1,5.0,,-1.0, -1,2019.0,B01,138Â 200Â 427,8.0,0.0,-1.0,1732038,1.0,3,,0.0,2.0,3.0,B01,138Â 200Â 427,0.0
1014681,201900056212,8,18,17:00,1,2,1,1.0,3.0,69256,DROITS DE L'HOMME (DES)             (R ),M,"45,7604100","4,9338300",69,2019,50.0,1.0,1.0,4.0,2269208,3.0,2,1,2,5.0,,-1.0,0,1977.0,B01,138Â 200Â 427,1.0,0.0,-1.0,1732037,2.0,3,,0.0,2.0,2.0,A01,138Â 200Â 426,6.0
1014681,201900056212,8,18,17:00,1,2,1,1.0,3.0,69256,DROITS DE L'HOMME (DES)             (R ),M,"45,7604100","4,9338300",69,2019,50.0,1.0,1.0,4.0,2269208,3.0,2,1,2,5.0,,-1.0,0,1977.0,B01,138Â 200Â 427,1.0,0.0,-1.0,1732038,1.0,3,,0.0,2.0,3.0,B01,138Â 200Â 427,0.0
1014681,201900056212,8,18,17:00,1,2,1,1.0,3.0,69256,DROITS DE L'HOMME (DES)             (R ),M,"45,7604100","4,9338300",69,2019,50.0,1.0,1.0,4.0,2269209,1.0,1,1,1,5.0,,-1.0,0,1965.0,B01,138Â 200Â 427,1.0,0.0,-1.0,1732037,2.0,3,,0.0,2.0,2.0,A01,138Â 200Â 426,6.0
1014681,201900056212,8,18,17:00,1,2,1,1.0,3.0,69256,DROITS DE L'HOMME (DES)             (R ),M,"45,7604100","4,9338300",69,2019,50.0,1.0,1.0,4.0,2269209,1.0,1,1,1,5.0,,-1.0,0,1965.0,B01,138Â 200Â 427,1.0,0.0,-1.0,1732038,1.0,3,,0.0,2.0,3.0,B01,138Â 200Â 427,0.0
1014682,201900056213,8,18,11:50,1,2,1,1.0,2.0,64189,JAURES JEAN  (AVENUE),M,"43,3833900"," -1,6674900",64,2019,50.0,1.0,1.0,4.0,2269210,1.0,1,1,2,0.0,,0.0,0,1964.0,B01,138Â 200Â 424,1.0,0.0,-1.0,1732039,1.0,7,,0.0,2.0,4.0,B01,138Â 200Â 424,0.0
1014682,201900056213,8,18,11:50,1,2,1,1.0,2.0,64189,JAURES JEAN  (AVENUE),M,"43,3833900"," -1,6674900",64,2019,50.0,1.0,1.0,4.0,2269210,1.0,1,1,2,0.0,,0.0,0,1964.0,B01,138Â 200Â 424,1.0,0.0,-1.0,1732040,1.0,1,,0.0,2.0,1.0,A01,138Â 200Â 425,5.0
1014682,201900056213,8,18,11:50,1,2,1,1.0,2.0,64189,JAURES JEAN  (AVENUE),M,"43,3833900"," -1,6674900",64,2019,50.0,1.0,1.0,4.0,2269211,1.0,1,4,1,0.0,,0.0,0,1952.0,A01,138Â 200Â 425,8.0,0.0,-1.0,1732039,1.0,7,,0.0,2.0,4.0,B01,138Â 200Â 424,0.0
1014682,201900056213,8,18,11:50,1,2,1,1.0,2.0,64189,JAURES JEAN  (AVENUE),M,"43,3833900"," -1,6674900",64,2019,50.0,1.0,1.0,4.0,2269211,1.0,1,4,1,0.0,,0.0,0,1952.0,A01,138Â 200Â 425,8.0,0.0,-1.0,1732040,1.0,1,,0.0,2.0,1.0,A01,138Â 200Â 425,5.0
1014683,201900056214,8,18,01:50,5,2,1,2.0,7.0,51454,AVENUE DU MARECHAL JUIN,M,"49,2245000","4,0179000",51,2019,50.0,1.0,2.0,4.0,2269212,2.0,2,1,1,5.0,,-1.0,0,1996.0,A01,138Â 200Â 423,1.0,5.0,-1.0,1732041,1.0,7,,12.0,0.0,3.0,A01,138Â 200Â 423,1.0
1014683,201900056214,8,18,01:50,5,2,1,2.0,7.0,51454,AVENUE DU MARECHAL JUIN,M,"49,2245000","4,0179000",51,2019,50.0,1.0,2.0,4.0,2269213,1.0,1,4,1,5.0,,-1.0,0,1994.0,A01,138Â 200Â 423,1.0,5.0,-1.0,1732041,1.0,7,,12.0,0.0,3.0,A01,138Â 200Â 423,1.0
1014684,201900056215,8,17,11:10,1,2,1,3.0,3.0,45298,PLACE CLOVIS,M,"47,8798000","1,8704200",45,2019,50.0,1.0,2.0,4.0,2269214,1.0,1,1,1,5.0,,0.0,0,1989.0,B01,138Â 200Â 421,1.0,4.0,-1.0,1732042,3.0,7,,0.0,2.0,8.0,B01,138Â 200Â 421,1.0
1014684,201900056215,8,17,11:10,1,2,1,3.0,3.0,45298,PLACE CLOVIS,M,"47,8798000","1,8704200",45,2019,50.0,1.0,2.0,4.0,2269214,1.0,1,1,1,5.0,,0.0,0,1989.0,B01,138Â 200Â 421,1.0,4.0,-1.0,1732043,3.0,7,,0.0,2.0,6.0,A01,138Â 200Â 422,1.0
1014684,201900056215,8,17,11:10,1,2,1,3.0,3.0,45298,PLACE CLOVIS,M,"47,8798000","1,8704200",45,2019,50.0,1.0,2.0,4.0,2269215,1.0,1,4,2,5.0,,0.0,0,1968.0,A01,138Â 200Â 422,1.0,4.0,-1.0,1732042,3.0,7,,0.0,2.0,8.0,B01,138Â 200Â 421,1.0
1014684,201900056215,8,17,11:10,1,2,1,3.0,3.0,45298,PLACE CLOVIS,M,"47,8798000","1,8704200",45,2019,50.0,1.0,2.0,4.0,2269215,1.0,1,4,2,5.0,,0.0,0,1968.0,A01,138Â 200Â 422,1.0,4.0,-1.0,1732043,3.0,7,,0.0,2.0,6.0,A01,138Â 200Â 422,1.0
1014685,201900056216,8,18,03:02,5,2,1,1.0,7.0,41018,VERDUN (AVENUE DE),M,"47,5974300","1,3494800",41,2019,50.0,1.0,2.0,4.0,2269216,1.0,1,4,1,4.0,,0.0, -1,1973.0,A01,138Â 200Â 420,1.0,8.0,-1.0,1732044,2.0,7,,12.0,0.0,2.0,A01,138Â 200Â 420,1.0
1014685,201900056216,8,18,03:02,5,2,1,1.0,7.0,41018,VERDUN (AVENUE DE),M,"47,5974300","1,3494800",41,2019,50.0,1.0,2.0,4.0,2269217,2.0,2,4,1,4.0,,0.0, -1,1980.0,A01,138Â 200Â 420,1.0,8.0,-1.0,1732044,2.0,7,,12.0,0.0,2.0,A01,138Â 200Â 420,1.0
1014686,201900056217,8,18,21:20,3,2,1,1.0,1.0,37122,DOMAINE (RUE DU),M,"47,3583300","0,6894900",37,2019,30.0,1.0,1.0,4.0,2269218,1.0,1,1,1,9.0,,-1.0,0,1958.0,B01,138Â 200Â 418,1.0,8.0,-1.0,1732045,3.0,7,,0.0,2.0,3.0,B01,138Â 200Â 418,1.0
1014686,201900056217,8,18,21:20,3,2,1,1.0,1.0,37122,DOMAINE (RUE DU),M,"47,3583300","0,6894900",37,2019,30.0,1.0,1.0,4.0,2269218,1.0,1,1,1,9.0,,-1.0,0,1958.0,B01,138Â 200Â 418,1.0,8.0,-1.0,1732046,3.0,2,,0.0,2.0,1.0,A01,138Â 200Â 419,1.0
1014686,201900056217,8,18,21:20,3,2,1,1.0,1.0,37122,DOMAINE (RUE DU),M,"47,3583300","0,6894900",37,2019,30.0,1.0,1.0,4.0,2269219,1.0,1,4,1,3.0,,-1.0,0,1991.0,A01,138Â 200Â 419,2.0,8.0,-1.0,1732045,3.0,7,,0.0,2.0,3.0,B01,138Â 200Â 418,1.0
1014686,201900056217,8,18,21:20,3,2,1,1.0,1.0,37122,DOMAINE (RUE DU),M,"47,3583300","0,6894900",37,2019,30.0,1.0,1.0,4.0,2269219,1.0,1,4,1,3.0,,-1.0,0,1991.0,A01,138Â 200Â 419,2.0,8.0,-1.0,1732046,3.0,2,,0.0,2.0,1.0,A01,138Â 200Â 419,1.0
1014687,201900056218,8,18,18:00,1,2,9,1.0,3.0,37261,HEURTELOUP (BOULEVARD),M,"47,3922468","0,7007190",37,2019,50.0,1.0,1.0,9.0,2269220,1.0,1,1,1,9.0,,-1.0,0,1981.0,A01,138Â 200Â 416,1.0,0.0,-1.0,1732047,1.0,7,,0.0,2.0,5.0,A01,138Â 200Â 416,1.0
1014687,201900056218,8,18,18:00,1,2,9,1.0,3.0,37261,HEURTELOUP (BOULEVARD),M,"47,3922468","0,7007190",37,2019,50.0,1.0,1.0,9.0,2269220,1.0,1,1,1,9.0,,-1.0,0,1981.0,A01,138Â 200Â 416,1.0,0.0,-1.0,1732048,2.0,7,,0.0,2.0,1.0,B01,138Â 200Â 417,1.0
1014687,201900056218,8,18,18:00,1,2,9,1.0,3.0,37261,HEURTELOUP (BOULEVARD),M,"47,3922468","0,7007190",37,2019,50.0,1.0,1.0,9.0,2269221,3.0,2,1,1,9.0,,-1.0,0,2018.0,A01,138Â 200Â 416,1.0,8.0,-1.0,1732047,1.0,7,,0.0,2.0,5.0,A01,138Â 200Â 416,1.0
1014687,201900056218,8,18,18:00,1,2,9,1.0,3.0,37261,HEURTELOUP (BOULEVARD),M,"47,3922468","0,7007190",37,2019,50.0,1.0,1.0,9.0,2269221,3.0,2,1,1,9.0,,-1.0,0,2018.0,A01,138Â 200Â 416,1.0,8.0,-1.0,1732048,2.0,7,,0.0,2.0,1.0,B01,138Â 200Â 417,1.0
1014687,201900056218,8,18,18:00,1,2,9,1.0,3.0,37261,HEURTELOUP (BOULEVARD),M,"47,3922468","0,7007190",37,2019,50.0,1.0,1.0,9.0,2269222,2.0,2,4,1,0.0,,-1.0,0,1977.0,A01,138Â 200Â 416,1.0,0.0,-1.0,1732047,1.0,7,,0.0,2.0,5.0,A01,138Â 200Â 416,1.0
1014687,201900056218,8,18,18:00,1,2,9,1.0,3.0,37261,HEURTELOUP (BOULEVARD),M,"47,3922468","0,7007190",37,2019,50.0,1.0,1.0,9.0,2269222,2.0,2,4,1,0.0,,-1.0,0,1977.0,A01,138Â 200Â 416,1.0,0.0,-1.0,1732048,2.0,7,,0.0,2.0,1.0,B01,138Â 200Â 417,1.0
1014687,201900056218,8,18,18:00,1,2,9,1.0,3.0,37261,HEURTELOUP (BOULEVARD),M,"47,3922468","0,7007190",37,2019,50.0,1.0,1.0,9.0,2269223,1.0,1,1,1,9.0,,-1.0,0,1937.0,B01,138Â 200Â 417,1.0,0.0,-1.0,1732047,1.0,7,,0.0,2.0,5.0,A01,138Â 200Â 416,1.0
1014687,201900056218,8,18,18:00,1,2,9,1.0,3.0,37261,HEURTELOUP (BOULEVARD),M,"47,3922468","0,7007190",37,2019,50.0,1.0,1.0,9.0,2269223,1.0,1,1,1,9.0,,-1.0,0,1937.0,B01,138Â 200Â 417,1.0,0.0,-1.0,1732048,2.0,7,,0.0,2.0,1.0,B01,138Â 200Â 417,1.0
1014688,201900056219,8,15,04:25,5,2,1,1.0,6.0,37214,MAISONS BLANCHES (QUAI DES),M,"47,3941100","0,6503100",37,2019,50.0,1.0,2.0,4.0,2269224,2.0,2,3,1,5.0,,-1.0,0,2001.0,A01,138Â 200Â 415,1.0,8.0,-1.0,1732049,1.0,7,,2.0,0.0,1.0,A01,138Â 200Â 415,1.0
1014688,201900056219,8,15,04:25,5,2,1,1.0,6.0,37214,MAISONS BLANCHES (QUAI DES),M,"47,3941100","0,6503100",37,2019,50.0,1.0,2.0,4.0,2269225,1.0,1,1,1,5.0,,-1.0,0,1997.0,A01,138Â 200Â 415,1.0,8.0,-1.0,1732049,1.0,7,,2.0,0.0,1.0,A01,138Â 200Â 415,1.0
1014689,201900056220,8,18,22:10,3,1,1,1.0,6.0,35238,BORON (CHEMIN DE),M,"48,0936600"," -1,7242900",35,2019,30.0,1.0,9.0,4.0,2269226,2.0,2,3,2,5.0,,-1.0,0,2002.0,A01,138Â 200Â 414,2.0,0.0,-1.0,1732050,3.0,30,,14.0,0.0,1.0,A01,138Â 200Â 414,1.0
1014689,201900056220,8,18,22:10,3,1,1,1.0,6.0,35238,BORON (CHEMIN DE),M,"48,0936600"," -1,7242900",35,2019,30.0,1.0,9.0,4.0,2269227,1.0,1,1,1,5.0,,-1.0, -1,1994.0,A01,138Â 200Â 414,2.0,6.0,-1.0,1732050,3.0,30,,14.0,0.0,1.0,A01,138Â 200Â 414,1.0
1014690,201900056221,8,19,00:25,5,2,6,1.0,2.0,34003,NICOLAS-FOUQUET (ROND-POINT),M,"43,2847600","3,5036900",34,2019,50.0,1.0,1.0,4.0,2269228,1.0,1,1,1,5.0,,0.0,0,2001.0,A01,138Â 200Â 412,8.0,0.0,-1.0,1732051,3.0,7,,0.0,2.0,1.0,A01,138Â 200Â 412,1.0
1014690,201900056221,8,19,00:25,5,2,6,1.0,2.0,34003,NICOLAS-FOUQUET (ROND-POINT),M,"43,2847600","3,5036900",34,2019,50.0,1.0,1.0,4.0,2269228,1.0,1,1,1,5.0,,0.0,0,2001.0,A01,138Â 200Â 412,8.0,0.0,-1.0,1732052,3.0,34,,0.0,2.0,4.0,B01,138Â 200Â 413,1.0
1014690,201900056221,8,19,00:25,5,2,6,1.0,2.0,34003,NICOLAS-FOUQUET (ROND-POINT),M,"43,2847600","3,5036900",34,2019,50.0,1.0,1.0,4.0,2269229,1.0,1,4,1,5.0,,0.0,0,1961.0,B01,138Â 200Â 413,2.0,8.0,-1.0,1732051,3.0,7,,0.0,2.0,1.0,A01,138Â 200Â 412,1.0
1014690,201900056221,8,19,00:25,5,2,6,1.0,2.0,34003,NICOLAS-FOUQUET (ROND-POINT),M,"43,2847600","3,5036900",34,2019,50.0,1.0,1.0,4.0,2269229,1.0,1,4,1,5.0,,0.0,0,1961.0,B01,138Â 200Â 413,2.0,8.0,-1.0,1732052,3.0,34,,0.0,2.0,4.0,B01,138Â 200Â 413,1.0
1014691,201900056222,8,18,16:15,1,2,6,1.0,7.0,29019,CHATEAU (DE 37 A 55 ET 34 A 50),M,"48,3863300"," -4,4872500",29,2019,50.0,1.0,1.0,4.0,2269230,2.0,2,4,1,5.0,,-1.0,0,2004.0,A01,138Â 200Â 411,2.0,0.0,-1.0,1732053,1.0,30,,0.0,0.0,1.0,A01,138Â 200Â 411,1.0
1014691,201900056222,8,18,16:15,1,2,6,1.0,7.0,29019,CHATEAU (DE 37 A 55 ET 34 A 50),M,"48,3863300"," -4,4872500",29,2019,50.0,1.0,1.0,4.0,2269231,1.0,1,4,1,5.0,,-1.0,0,2002.0,A01,138Â 200Â 411,2.0,0.0,-1.0,1732053,1.0,30,,0.0,0.0,1.0,A01,138Â 200Â 411,1.0
1014692,201900056223,8,18,21:20,5,2,6,9.0,3.0,25462,ROCADE G.POMPIDOU (DU 25 A LA FIN),M,"46,9107000","6,3328000",25,2019,50.0,1.0,1.0,2.0,2269232,1.0,1,1,2,5.0,,-1.0, -1,1994.0,B01,138Â 200Â 409,1.0,0.0,-1.0,1732054,2.0,7,,0.0,0.0,3.0,B01,138Â 200Â 409,1.0
1014692,201900056223,8,18,21:20,5,2,6,9.0,3.0,25462,ROCADE G.POMPIDOU (DU 25 A LA FIN),M,"46,9107000","6,3328000",25,2019,50.0,1.0,1.0,2.0,2269232,1.0,1,1,2,5.0,,-1.0, -1,1994.0,B01,138Â 200Â 409,1.0,0.0,-1.0,1732055,2.0,33,,0.0,2.0,2.0,A01,138Â 200Â 410,1.0
1014692,201900056223,8,18,21:20,5,2,6,9.0,3.0,25462,ROCADE G.POMPIDOU (DU 25 A LA FIN),M,"46,9107000","6,3328000",25,2019,50.0,1.0,1.0,2.0,2269233,1.0,1,4,1,5.0,,-1.0, -1,1995.0,A01,138Â 200Â 410,2.0,6.0,-1.0,1732054,2.0,7,,0.0,0.0,3.0,B01,138Â 200Â 409,1.0
1014692,201900056223,8,18,21:20,5,2,6,9.0,3.0,25462,ROCADE G.POMPIDOU (DU 25 A LA FIN),M,"46,9107000","6,3328000",25,2019,50.0,1.0,1.0,2.0,2269233,1.0,1,4,1,5.0,,-1.0, -1,1995.0,A01,138Â 200Â 410,2.0,6.0,-1.0,1732055,2.0,33,,0.0,2.0,2.0,A01,138Â 200Â 410,1.0
1014693,201900056224,8,17,19:50,1,2,1,1.0,2.0,25056,DOLE RUE DE (entre 82 et 185),M,"47,2284800","5,9860400",25,2019,50.0,1.0,1.0,4.0,2269234,1.0,1,3,1,5.0,,0.0,0,1983.0,A01,138Â 200Â 407,2.0,6.0,-1.0,1732056,3.0,33,,0.0,2.0,1.0,A01,138Â 200Â 407,1.0
1014693,201900056224,8,17,19:50,1,2,1,1.0,2.0,25056,DOLE RUE DE (entre 82 et 185),M,"47,2284800","5,9860400",25,2019,50.0,1.0,1.0,4.0,2269234,1.0,1,3,1,5.0,,0.0,0,1983.0,A01,138Â 200Â 407,2.0,6.0,-1.0,1732057,3.0,7,,0.0,2.0,5.0,B01,138Â 200Â 408,1.0
1014693,201900056224,8,17,19:50,1,2,1,1.0,2.0,25056,DOLE RUE DE (entre 82 et 185),M,"47,2284800","5,9860400",25,2019,50.0,1.0,1.0,4.0,2269235,1.0,1,1,1,0.0,,0.0,0,1978.0,B01,138Â 200Â 408,1.0,0.0,-1.0,1732056,3.0,33,,0.0,2.0,1.0,A01,138Â 200Â 407,1.0
1014693,201900056224,8,17,19:50,1,2,1,1.0,2.0,25056,DOLE RUE DE (entre 82 et 185),M,"47,2284800","5,9860400",25,2019,50.0,1.0,1.0,4.0,2269235,1.0,1,1,1,0.0,,0.0,0,1978.0,B01,138Â 200Â 408,1.0,0.0,-1.0,1732057,3.0,7,,0.0,2.0,5.0,B01,138Â 200Â 408,1.0
1014694,201900056225,8,18,21:30,5,2,1,1.0,1.0,13208,JOSEPH VIDAL (AVENUE),M,"43,2527400","5,3800600",13,2019,50.0,1.0,1.0,4.0,2269236,2.0,2,4,2,5.0,,0.0,0,1953.0,B01,138Â 200Â 406,1.0,0.0,-1.0,1732058,2.0,7,,0.0,2.0,3.0,A01,138Â 200Â 405,1.0
1014694,201900056225,8,18,21:30,5,2,1,1.0,1.0,13208,JOSEPH VIDAL (AVENUE),M,"43,2527400","5,3800600",13,2019,50.0,1.0,1.0,4.0,2269236,2.0,2,4,2,5.0,,0.0,0,1953.0,B01,138Â 200Â 406,1.0,0.0,-1.0,1732059,2.0,7,,0.0,2.0,0.0,B01,138Â 200Â 406,1.0
1014694,201900056225,8,18,21:30,5,2,1,1.0,1.0,13208,JOSEPH VIDAL (AVENUE),M,"43,2527400","5,3800600",13,2019,50.0,1.0,1.0,4.0,2269237,1.0,1,4,1,5.0,,0.0,0,1941.0,B01,138Â 200Â 406,1.0,0.0,-1.0,1732058,2.0,7,,0.0,2.0,3.0,A01,138Â 200Â 405,1.0
1014694,201900056225,8,18,21:30,5,2,1,1.0,1.0,13208,JOSEPH VIDAL (AVENUE),M,"43,2527400","5,3800600",13,2019,50.0,1.0,1.0,4.0,2269237,1.0,1,4,1,5.0,,0.0,0,1941.0,B01,138Â 200Â 406,1.0,0.0,-1.0,1732059,2.0,7,,0.0,2.0,0.0,B01,138Â 200Â 406,1.0
1014695,201900056226,8,18,21:00,1,2,1,1.0,6.0,13201,VOLTAIRE    PAIRS (BOULEVARD),M,"43,3029500","5,3848300",13,2019,50.0,1.0,1.0,4.0,2269238,10.0,3,4,1,3.0,,9.0,3,1997.0,Z01,138Â 200Â 404,8.0,0.0,-1.0,1732060,1.0,7,,0.0,1.0,1.0,Z01,138Â 200Â 404,1.0
1014696,201900056227,8,18,14:06,1,2,1,1.0,6.0,13202,CAISSERIE (RUE),M,"43,2971400","5,3685200",13,2019,50.0,1.0,1.0,4.0,2269239,10.0,3,3,2,5.0,,3.0,3,2012.0,Z01,138Â 200Â 403,8.0,0.0,-1.0,1732061,2.0,34,,0.0,1.0,2.0,Z01,138Â 200Â 403,0.0
1014697,201900056228,8,18,05:35,3,2,1,1.0,6.0,13201,THUBANEAU (RUE),M,"43,2980700","5,3798000",13,2019,30.0,1.0,1.0,4.0,2269240,10.0,3,2,1,0.0,,6.0,B,1941.0,Z01,138Â 200Â 402,8.0,0.0,-1.0,1732062,2.0,30,,0.0,1.0,1.0,Z01,138Â 200Â 402,0.0
1014698,201900056229,8,14,15:35,1,2,1,7.0,6.0,07019,PAIX (PLACE DE LA),M,"44,6178900","4,3891900",7,2019,50.0,1.0,1.0,4.0,2269241,1.0,1,1,2,5.0,,0.0,0,1982.0,A01,138Â 200Â 401,1.0,0.0,-1.0,1732063,1.0,10,,0.0,1.0,3.0,A01,138Â 200Â 401,1.0
1014698,201900056229,8,14,15:35,1,2,1,7.0,6.0,07019,PAIX (PLACE DE LA),M,"44,6178900","4,3891900",7,2019,50.0,1.0,1.0,4.0,2269242,10.0,3,4,1,5.0,,3.0,3,1946.0,A01,138Â 200Â 401,8.0,0.0,-1.0,1732063,1.0,10,,0.0,1.0,3.0,A01,138Â 200Â 401,1.0
1014699,201900056230,8,18,07:30,2,2,2,1.0,1.0,06088,ST LAMBERT A PARTIR DU NÂ° 131),M,"43,7184035","7,2630676",6,2019,50.0,1.0,1.0,4.0,2269243,1.0,1,1,2,3.0,,0.0,0,1990.0,A01,138Â 200Â 399,8.0,0.0,-1.0,1732064,1.0,7,,0.0,2.0,2.0,A01,138Â 200Â 399,0.0
1014699,201900056230,8,18,07:30,2,2,2,1.0,1.0,06088,ST LAMBERT A PARTIR DU NÂ° 131),M,"43,7184035","7,2630676",6,2019,50.0,1.0,1.0,4.0,2269243,1.0,1,1,2,3.0,,0.0,0,1990.0,A01,138Â 200Â 399,8.0,0.0,-1.0,1732065,2.0,32,,0.0,2.0,1.0,B01,138Â 200Â 400,0.0
1014699,201900056230,8,18,07:30,2,2,2,1.0,1.0,06088,ST LAMBERT A PARTIR DU NÂ° 131),M,"43,7184035","7,2630676",6,2019,50.0,1.0,1.0,4.0,2269244,1.0,1,3,1,0.0,,0.0,0,1959.0,B01,138Â 200Â 400,2.0,0.0,-1.0,1732064,1.0,7,,0.0,2.0,2.0,A01,138Â 200Â 399,0.0
1014699,201900056230,8,18,07:30,2,2,2,1.0,1.0,06088,ST LAMBERT A PARTIR DU NÂ° 131),M,"43,7184035","7,2630676",6,2019,50.0,1.0,1.0,4.0,2269244,1.0,1,3,1,0.0,,0.0,0,1959.0,B01,138Â 200Â 400,2.0,0.0,-1.0,1732065,2.0,32,,0.0,2.0,1.0,B01,138Â 200Â 400,0.0
1014700,201900056231,8,17,13:45,1,2,1,1.0,6.0,03185,22-28 avenue Pierre Villon,M,"46,3527198","2,5878609",3,2019,50.0,1.0,1.0,4.0,2269245,1.0,1,3,2,5.0,,0.0,0,1955.0,B01,138Â 200Â 397,8.0,0.0,-1.0,1732066,1.0,1,,1.0,0.0,1.0,B01,138Â 200Â 397,5.0
1014700,201900056231,8,17,13:45,1,2,1,1.0,6.0,03185,22-28 avenue Pierre Villon,M,"46,3527198","2,5878609",3,2019,50.0,1.0,1.0,4.0,2269245,1.0,1,3,2,5.0,,0.0,0,1955.0,B01,138Â 200Â 397,8.0,0.0,-1.0,1732067,1.0,7,,0.0,2.0,8.0,A01,138Â 200Â 398,1.0
1014700,201900056231,8,17,13:45,1,2,1,1.0,6.0,03185,22-28 avenue Pierre Villon,M,"46,3527198","2,5878609",3,2019,50.0,1.0,1.0,4.0,2269246,1.0,1,1,2,1.0,,0.0,0,1961.0,A01,138Â 200Â 398,1.0,0.0,-1.0,1732066,1.0,1,,1.0,0.0,1.0,B01,138Â 200Â 397,5.0
1014700,201900056231,8,17,13:45,1,2,1,1.0,6.0,03185,22-28 avenue Pierre Villon,M,"46,3527198","2,5878609",3,2019,50.0,1.0,1.0,4.0,2269246,1.0,1,1,2,1.0,,0.0,0,1961.0,A01,138Â 200Â 398,1.0,0.0,-1.0,1732067,1.0,7,,0.0,2.0,8.0,A01,138Â 200Â 398,1.0
1014701,201900056232,8,17,20:35,2,2,3,3.0,6.0,75113,AVENUE DE CHOISY,M,"48,8297716","2,3571119",75,2019,50.0,1.0,2.0,4.0,2269247,10.0,3,3,1,5.0,,3.0,3,2008.0,Z01,138Â 200Â 396,0.0,0.0,0.0,1732068,1.0,30,,0.0,1.0,1.0,Z01,138Â 200Â 396,0.0
1014701,201900056232,8,17,20:35,2,2,3,3.0,6.0,75113,AVENUE DE CHOISY,M,"48,8297716","2,3571119",75,2019,50.0,1.0,2.0,4.0,2269248,10.0,3,1,2,5.0,,3.0,3,1970.0,Z01,138Â 200Â 396,0.0,0.0,-1.0,1732068,1.0,30,,0.0,1.0,1.0,Z01,138Â 200Â 396,0.0
1014702,201900056233,8,18,19:15,1,2,3,1.0,6.0,75120,AVENUE DE LA PORTE DE BAGNOLET,M,"48,8647750","2,4101360",75,2019,50.0,1.0,1.0,4.0,2269249,1.0,1,4,2,0.0,,0.0,0,1985.0,A01,138Â 200Â 394,2.0,6.0,-1.0,1732069,1.0,33,,0.0,2.0,1.0,A01,138Â 200Â 394,1.0