Unnamed: 0_x,num_acc,mois,jour,hrmn,lum,agg,int,atm,col,com,adr,gps,lat,long,dep,annee,vma,situ,surf,catr,Unnamed: 0_y,place,catu,grav,sexe,trajet,secu,locp,actp,an_nais,num_veh_x,id_vehicule_x,secu1,secu2,secu3,Unnamed: 0,senc,catv,occutc,obs,obsm,choc,num_veh_y,id_vehicule_y,motor
1014702,201900056233,8,18,19:15,1,2,3,1.0,6.0,75120,AVENUE DE LA PORTE DE BAGNOLET,M,"48,8647750","2,4101360",75,2019,50.0,1.0,1.0,4.0,2269249,1.0,1,4,2,0.0,,0.0,0,1985.0,A01,138Â 200Â 394,2.0,6.0,-1.0,1732070,1.0,7,,0.0,2.0,0.0,Z01,138Â 200Â 395,1.0
1014703,201900056234,8,18,05:00,5,2,1,1.0,6.0,75112,BOULEVARD PONIATOWSKI,M,"48,8323299","2,3988980",75,2019,50.0,1.0,2.0,4.0,2269250,3.0,2,4,2,0.0,,0.0,0,1971.0,A01,138Â 200Â 393,1.0,0.0,-1.0,1732071,2.0,7,,8.0,0.0,1.0,A01,138Â 200Â 393,1.0
1014703,201900056234,8,18,05:00,5,2,1,1.0,6.0,75112,BOULEVARD PONIATOWSKI,M,"48,8323299","2,3988980",75,2019,50.0,1.0,2.0,4.0,2269251,1.0,1,1,1,9.0,,0.0,0,1970.0,A01,138Â 200Â 393,1.0,0.0,-1.0,1732071,2.0,7,,8.0,0.0,1.0,A01,138Â 200Â 393,1.0
1014703,201900056234,8,18,05:00,5,2,1,1.0,6.0,75112,BOULEVARD PONIATOWSKI,M,"48,8323299","2,3988980",75,2019,50.0,1.0,2.0,4.0,2269252,2.0,2,4,2,0.0,,-1.0, -1,1988.0,A01,138Â 200Â 393,1.0,0.0,-1.0,1732071,2.0,7,,8.0,0.0,1.0,A01,138Â 200Â 393,1.0
1014704,201900056235,8,17,22:15,5,2,7,2.0,6.0,75103,PLACE DE LA REPUBLIQUE,M,"48,8677848","2,3626560",75,2019,50.0,1.0,2.0,4.0,2269253,1.0,1,1,1,4.0,,0.0,0,1990.0,A01,138Â 200Â 392,1.0,0.0,-1.0,1732072,1.0,7,,0.0,1.0,2.0,A01,138Â 200Â 392,1.0
1014704,201900056235,8,17,22:15,5,2,7,2.0,6.0,75103,PLACE DE LA REPUBLIQUE,M,"48,8677848","2,3626560",75,2019,50.0,1.0,2.0,4.0,2269254,10.0,3,4,1,9.0,,2.0,3,1970.0,A01,138Â 200Â 392,0.0,0.0,0.0,1732072,1.0,7,,0.0,1.0,2.0,A01,138Â 200Â 392,1.0
1014705,201900056236,8,17,22:20,5,2,1,2.0,6.0,94076,MARCEL GROSMESNIL (R),M,"48,7977810","2,3549190",94,2019,50.0,1.0,2.0,4.0,2269255,2.0,2,1,1,5.0,,-1.0, -1,1999.0,A01,138Â 200Â 391,1.0,0.0,-1.0,1732073,1.0,7,,0.0,1.0,7.0,A01,138Â 200Â 391,0.0
1014705,201900056236,8,17,22:20,5,2,1,2.0,6.0,94076,MARCEL GROSMESNIL (R),M,"48,7977810","2,3549190",94,2019,50.0,1.0,2.0,4.0,2269256,10.0,3,4,1,5.0,,2.0,1,1984.0,A01,138Â 200Â 391,8.0,0.0,-1.0,1732073,1.0,7,,0.0,1.0,7.0,A01,138Â 200Â 391,0.0
1014705,201900056236,8,17,22:20,5,2,1,2.0,6.0,94076,MARCEL GROSMESNIL (R),M,"48,7977810","2,3549190",94,2019,50.0,1.0,2.0,4.0,2269257,3.0,2,1,2,5.0,,-1.0, -1,1998.0,A01,138Â 200Â 391,1.0,0.0,-1.0,1732073,1.0,7,,0.0,1.0,7.0,A01,138Â 200Â 391,0.0
1014705,201900056236,8,17,22:20,5,2,1,2.0,6.0,94076,MARCEL GROSMESNIL (R),M,"48,7977810","2,3549190",94,2019,50.0,1.0,2.0,4.0,2269258,1.0,1,1,1,5.0,,-1.0, -1,1999.0,A01,138Â 200Â 391,1.0,0.0,-1.0,1732073,1.0,7,,0.0,1.0,7.0,A01,138Â 200Â 391,0.0
1014706,201900056237,8,18,09:00,1,2,1,2.0,6.0,93073,CHAPIT RE ( RUE DU),M,"49,0025100","2,5369540",93,2019,70.0,1.0,2.0,9.0,2269259,1.0,1,4,1,1.0,,-1.0, -1,1953.0,A01,138Â 200Â 390,1.0,0.0,-1.0,1732074,0.0,7,,4.0,0.0,2.0,A01,138Â 200Â 390,2.0
1014707,201900056238,8,18,00:30,5,2,3,3.0,6.0,93046,CONSUL GENERAL NORDLING AVENUE,M,"48,9161500","2,5307000",93,2019,50.0,1.0,2.0,3.0,2269260,1.0,1,4,1,0.0,,-1.0, -1,1989.0,A01,138Â 200Â 389,8.0,0.0,-1.0,1732075,3.0,7,,12.0,0.0,1.0,A01,138Â 200Â 389,0.0
1014708,201900056239,5,17,20:40,2,1,1,1.0,7.0,06152,Route des Macarons,M,"43,6327470","7,0486910",6,2019,70.0,1.0,1.0,3.0,2269261,1.0,1,4,1,9.0,,0.0,0,1975.0,A01,138Â 200Â 388,2.0,6.0,-1.0,1732076,2.0,33,,0.0,6.0,3.0,A01,138Â 200Â 388,1.0
1014709,201900056240,5,13,12:30,1,1,6,1.0,3.0,06152,route de Biot,M,"43,6444471","7,0492435",6,2019,50.0,1.0,1.0,3.0,2269262,1.0,1,1,2,9.0,,0.0,0,1966.0,A01,138Â 200Â 386,1.0,-1.0,-1.0,1732077,1.0,7,,0.0,2.0,8.0,A01,138Â 200Â 386,1.0
1014709,201900056240,5,13,12:30,1,1,6,1.0,3.0,06152,route de Biot,M,"43,6444471","7,0492435",6,2019,50.0,1.0,1.0,3.0,2269262,1.0,1,1,2,9.0,,0.0,0,1966.0,A01,138Â 200Â 386,1.0,-1.0,-1.0,1732078,1.0,1,,0.0,2.0,7.0,B01,138Â 200Â 387,5.0
1014709,201900056240,5,13,12:30,1,1,6,1.0,3.0,06152,route de Biot,M,"43,6444471","7,0492435",6,2019,50.0,1.0,1.0,3.0,2269263,1.0,1,3,1,5.0,,0.0,0,1967.0,B01,138Â 200Â 387,2.0,-1.0,-1.0,1732077,1.0,7,,0.0,2.0,8.0,A01,138Â 200Â 386,1.0
1014709,201900056240,5,13,12:30,1,1,6,1.0,3.0,06152,route de Biot,M,"43,6444471","7,0492435",6,2019,50.0,1.0,1.0,3.0,2269263,1.0,1,3,1,5.0,,0.0,0,1967.0,B01,138Â 200Â 387,2.0,-1.0,-1.0,1732078,1.0,1,,0.0,2.0,7.0,B01,138Â 200Â 387,5.0
1014710,201900056241,5,6,15:08,1,2,1,1.0,1.0,06018,Route d'Antibes,M,"43,6236820","7,0982680",6,2019,50.0,1.0,1.0,3.0,2269264,1.0,1,4,1,5.0,,0.0,0,1969.0,A01,138Â 200Â 384,1.0,-1.0,-1.0,1732079,3.0,7,,0.0,2.0,3.0,A01,138Â 200Â 384,1.0
1014710,201900056241,5,6,15:08,1,2,1,1.0,1.0,06018,Route d'Antibes,M,"43,6236820","7,0982680",6,2019,50.0,1.0,1.0,3.0,2269264,1.0,1,4,1,5.0,,0.0,0,1969.0,A01,138Â 200Â 384,1.0,-1.0,-1.0,1732080,0.0,7,,0.0,2.0,3.0,B01,138Â 200Â 385,1.0
1014710,201900056241,5,6,15:08,1,2,1,1.0,1.0,06018,Route d'Antibes,M,"43,6236820","7,0982680",6,2019,50.0,1.0,1.0,3.0,2269265,1.0,1,4,2,4.0,,0.0,0,1968.0,B01,138Â 200Â 385,1.0,-1.0,-1.0,1732079,3.0,7,,0.0,2.0,3.0,A01,138Â 200Â 384,1.0
1014710,201900056241,5,6,15:08,1,2,1,1.0,1.0,06018,Route d'Antibes,M,"43,6236820","7,0982680",6,2019,50.0,1.0,1.0,3.0,2269265,1.0,1,4,2,4.0,,0.0,0,1968.0,B01,138Â 200Â 385,1.0,-1.0,-1.0,1732080,0.0,7,,0.0,2.0,3.0,B01,138Â 200Â 385,1.0
1014711,201900056242,5,3,13:00,1,1,1,1.0,2.0,06018,Route DÃ©partemental 535,M,"43,6138400","7,0798050",6,2019,70.0,1.0,1.0,3.0,2269266,1.0,1,1,1,0.0,,0.0,0,1996.0,B01,138Â 200Â 382,1.0,-1.0,-1.0,1732081,3.0,7,,0.0,2.0,1.0,B01,138Â 200Â 382,1.0
1014711,201900056242,5,3,13:00,1,1,1,1.0,2.0,06018,Route DÃ©partemental 535,M,"43,6138400","7,0798050",6,2019,70.0,1.0,1.0,3.0,2269266,1.0,1,1,1,0.0,,0.0,0,1996.0,B01,138Â 200Â 382,1.0,-1.0,-1.0,1732082,3.0,3,,4.0,2.0,3.0,A01,138Â 200Â 383,1.0
1014711,201900056242,5,3,13:00,1,1,1,1.0,2.0,06018,Route DÃ©partemental 535,M,"43,6138400","7,0798050",6,2019,70.0,1.0,1.0,3.0,2269267,1.0,1,4,1,0.0,,0.0,0,1988.0,A01,138Â 200Â 383,1.0,-1.0,-1.0,1732081,3.0,7,,0.0,2.0,1.0,B01,138Â 200Â 382,1.0
1014711,201900056242,5,3,13:00,1,1,1,1.0,2.0,06018,Route DÃ©partemental 535,M,"43,6138400","7,0798050",6,2019,70.0,1.0,1.0,3.0,2269267,1.0,1,4,1,0.0,,0.0,0,1988.0,A01,138Â 200Â 383,1.0,-1.0,-1.0,1732082,3.0,3,,4.0,2.0,3.0,A01,138Â 200Â 383,1.0
1014712,201900056243,5,11,22:45,3,1,1,1.0,6.0,35219,D177 PK 60.200,M,"47,8172789"," -1,9184978",35,2019,110.0,1.0,1.0,3.0,2269268,10.0,3,3,1,5.0,,9.0,B,1999.0,A01,138Â 200Â 381,0.0,-1.0,-1.0,1732083,2.0,7,,0.0,1.0,2.0,A01,138Â 200Â 381,1.0
1014712,201900056243,5,11,22:45,3,1,1,1.0,6.0,35219,D177 PK 60.200,M,"47,8172789"," -1,9184978",35,2019,110.0,1.0,1.0,3.0,2269269,2.0,2,1,2,5.0,,0.0,0,1975.0,A01,138Â 200Â 381,1.0,-1.0,-1.0,1732083,2.0,7,,0.0,1.0,2.0,A01,138Â 200Â 381,1.0
1014712,201900056243,5,11,22:45,3,1,1,1.0,6.0,35219,D177 PK 60.200,M,"47,8172789"," -1,9184978",35,2019,110.0,1.0,1.0,3.0,2269270,1.0,1,1,1,5.0,,0.0,0,1975.0,A01,138Â 200Â 381,1.0,-1.0,-1.0,1732083,2.0,7,,0.0,1.0,2.0,A01,138Â 200Â 381,1.0
1014713,201900056244,4,25,12:55,1,1,1,4.0,3.0,33351,Autoroute A10 sens PARIS - BORDEAUX PK 501.600,M,"45,2247300"," -0,5146500",33,2019,130.0,1.0,9.0,1.0,2269271,1.0,1,1,1,4.0,,0.0,0,1976.0,B01,138Â 200Â 379,1.0,-1.0,-1.0,1732084,1.0,17,,0.0,2.0,2.0,B01,138Â 200Â 379,1.0
1014713,201900056244,4,25,12:55,1,1,1,4.0,3.0,33351,Autoroute A10 sens PARIS - BORDEAUX PK 501.600,M,"45,2247300"," -0,5146500",33,2019,130.0,1.0,9.0,1.0,2269271,1.0,1,1,1,4.0,,0.0,0,1976.0,B01,138Â 200Â 379,1.0,-1.0,-1.0,1732085,1.0,7,,0.0,2.0,8.0,A01,138Â 200Â 380,1.0
1014713,201900056244,4,25,12:55,1,1,1,4.0,3.0,33351,Autoroute A10 sens PARIS - BORDEAUX PK 501.600,M,"45,2247300"," -0,5146500",33,2019,130.0,1.0,9.0,1.0,2269272,2.0,2,4,2,0.0,,0.0,0,1993.0,A01,138Â 200Â 380,1.0,-1.0,-1.0,1732084,1.0,17,,0.0,2.0,2.0,B01,138Â 200Â 379,1.0
1014713,201900056244,4,25,12:55,1,1,1,4.0,3.0,33351,Autoroute A10 sens PARIS - BORDEAUX PK 501.600,M,"45,2247300"," -0,5146500",33,2019,130.0,1.0,9.0,1.0,2269272,2.0,2,4,2,0.0,,0.0,0,1993.0,A01,138Â 200Â 380,1.0,-1.0,-1.0,1732085,1.0,7,,0.0,2.0,8.0,A01,138Â 200Â 380,1.0
1014713,201900056244,4,25,12:55,1,1,1,4.0,3.0,33351,Autoroute A10 sens PARIS - BORDEAUX PK 501.600,M,"45,2247300"," -0,5146500",33,2019,130.0,1.0,9.0,1.0,2269273,1.0,1,3,1,0.0,,0.0,0,1995.0,A01,138Â 200Â 380,1.0,-1.0,-1.0,1732084,1.0,17,,0.0,2.0,2.0,B01,138Â 200Â 379,1.0
1014713,201900056244,4,25,12:55,1,1,1,4.0,3.0,33351,Autoroute A10 sens PARIS - BORDEAUX PK 501.600,M,"45,2247300"," -0,5146500",33,2019,130.0,1.0,9.0,1.0,2269273,1.0,1,3,1,0.0,,0.0,0,1995.0,A01,138Â 200Â 380,1.0,-1.0,-1.0,1732085,1.0,7,,0.0,2.0,8.0,A01,138Â 200Â 380,1.0
1014714,201900056245,5,2,10:25,1,1,1,1.0,1.0,79189,autoroute A10,M,"46,4010850"," -0,1595600",79,2019,130.0,1.0,1.0,1.0,2269274,1.0,1,1,1,4.0,,0.0,0,1990.0,B01,138Â 200Â 377,1.0,-1.0,-1.0,1732086,2.0,17,,0.0,2.0,1.0,B01,138Â 200Â 377,1.0
1014714,201900056245,5,2,10:25,1,1,1,1.0,1.0,79189,autoroute A10,M,"46,4010850"," -0,1595600",79,2019,130.0,1.0,1.0,1.0,2269274,1.0,1,1,1,4.0,,0.0,0,1990.0,B01,138Â 200Â 377,1.0,-1.0,-1.0,1732087,1.0,17,,0.0,2.0,1.0,A01,138Â 200Â 378,1.0
1014714,201900056245,5,2,10:25,1,1,1,1.0,1.0,79189,autoroute A10,M,"46,4010850"," -0,1595600",79,2019,130.0,1.0,1.0,1.0,2269275,1.0,1,3,1,4.0,,0.0,0,1972.0,A01,138Â 200Â 378,1.0,-1.0,-1.0,1732086,2.0,17,,0.0,2.0,1.0,B01,138Â 200Â 377,1.0
1014714,201900056245,5,2,10:25,1,1,1,1.0,1.0,79189,autoroute A10,M,"46,4010850"," -0,1595600",79,2019,130.0,1.0,1.0,1.0,2269275,1.0,1,3,1,4.0,,0.0,0,1972.0,A01,138Â 200Â 378,1.0,-1.0,-1.0,1732087,1.0,17,,0.0,2.0,1.0,A01,138Â 200Â 378,1.0
1014715,201900056246,5,30,18:20,1,1,1,1.0,6.0,67411,RD 500 sens Molsheim vers Obernai au PR 003+400,M,"48,4960850","7,4690070",67,2019,110.0,1.0,1.0,3.0,2269276,2.0,2,4,1,9.0,,0.0,0,1998.0,A01,138Â 200Â 376,8.0,-1.0,-1.0,1732088,1.0,7,,4.0,0.0,1.0,A01,138Â 200Â 376,0.0
1014715,201900056246,5,30,18:20,1,1,1,1.0,6.0,67411,RD 500 sens Molsheim vers Obernai au PR 003+400,M,"48,4960850","7,4690070",67,2019,110.0,1.0,1.0,3.0,2269277,1.0,1,3,1,9.0,,0.0,0,2004.0,A01,138Â 200Â 376,8.0,-1.0,-1.0,1732088,1.0,7,,4.0,0.0,1.0,A01,138Â 200Â 376,0.0
1014715,201900056246,5,30,18:20,1,1,1,1.0,6.0,67411,RD 500 sens Molsheim vers Obernai au PR 003+400,M,"48,4960850","7,4690070",67,2019,110.0,1.0,1.0,3.0,2269278,9.0,2,3,1,9.0,,0.0,0,2004.0,A01,138Â 200Â 376,8.0,-1.0,-1.0,1732088,1.0,7,,4.0,0.0,1.0,A01,138Â 200Â 376,0.0
1014716,201900056247,5,29,09:30,1,1,1,1.0,2.0,67481,a35 pk 432.300,M,"48,3699454","7,4842085",67,2019,130.0,1.0,1.0,1.0,2269279,1.0,1,4,1,4.0,,0.0,0,1984.0,A01,138Â 200Â 374,1.0,-1.0,-1.0,1732089,1.0,7,,1.0,0.0,3.0,A01,138Â 200Â 374,1.0
1014716,201900056247,5,29,09:30,1,1,1,1.0,2.0,67481,a35 pk 432.300,M,"48,3699454","7,4842085",67,2019,130.0,1.0,1.0,1.0,2269279,1.0,1,4,1,4.0,,0.0,0,1984.0,A01,138Â 200Â 374,1.0,-1.0,-1.0,1732090,1.0,7,,0.0,2.0,4.0,B01,138Â 200Â 375,1.0
1014716,201900056247,5,29,09:30,1,1,1,1.0,2.0,67481,a35 pk 432.300,M,"48,3699454","7,4842085",67,2019,130.0,1.0,1.0,1.0,2269280,1.0,1,1,1,0.0,,0.0,0,1976.0,B01,138Â 200Â 375,8.0,-1.0,-1.0,1732089,1.0,7,,1.0,0.0,3.0,A01,138Â 200Â 374,1.0
1014716,201900056247,5,29,09:30,1,1,1,1.0,2.0,67481,a35 pk 432.300,M,"48,3699454","7,4842085",67,2019,130.0,1.0,1.0,1.0,2269280,1.0,1,1,1,0.0,,0.0,0,1976.0,B01,138Â 200Â 375,8.0,-1.0,-1.0,1732090,1.0,7,,0.0,2.0,4.0,B01,138Â 200Â 375,1.0
1014717,201900056248,5,17,18:45,1,1,1,1.0,6.0,67445,a35,M,"48,2746450","7,4340290",67,2019,110.0,2.0,1.0,1.0,2269281,1.0,1,2,1,1.0,,0.0,0,1969.0,A01,138Â 200Â 373,1.0,-1.0,-1.0,1732091,2.0,10,,11.0,0.0,1.0,A01,138Â 200Â 373,1.0
1014718,201900056249,5,6,12:30,1,1,1,1.0,2.0,67045,rd500 pk 4.2,M,"48,4883040","7,5080370",67,2019,110.0,1.0,1.0,3.0,2269282,1.0,1,3,2,1.0,,0.0,0,1969.0,A01,138Â 200Â 371,1.0,-1.0,-1.0,1732092,1.0,3,,0.0,0.0,4.0,A01,138Â 200Â 371,1.0
1014718,201900056249,5,6,12:30,1,1,1,1.0,2.0,67045,rd500 pk 4.2,M,"48,4883040","7,5080370",67,2019,110.0,1.0,1.0,3.0,2269282,1.0,1,3,2,1.0,,0.0,0,1969.0,A01,138Â 200Â 371,1.0,-1.0,-1.0,1732093,2.0,10,,0.0,2.0,2.0,B01,138Â 200Â 372,1.0
1014718,201900056249,5,6,12:30,1,1,1,1.0,2.0,67045,rd500 pk 4.2,M,"48,4883040","7,5080370",67,2019,110.0,1.0,1.0,3.0,2269283,1.0,1,1,1,1.0,,0.0,0,1977.0,B01,138Â 200Â 372,1.0,-1.0,-1.0,1732092,1.0,3,,0.0,0.0,4.0,A01,138Â 200Â 371,1.0
1014718,201900056249,5,6,12:30,1,1,1,1.0,2.0,67045,rd500 pk 4.2,M,"48,4883040","7,5080370",67,2019,110.0,1.0,1.0,3.0,2269283,1.0,1,1,1,1.0,,0.0,0,1977.0,B01,138Â 200Â 372,1.0,-1.0,-1.0,1732093,2.0,10,,0.0,2.0,2.0,B01,138Â 200Â 372,1.0
1014719,201900056250,12,1,00:00,3,1,6,1.0,3.0,38530,D1006,M,"45,6137860","5,1971520",38,2019,70.0,1.0,1.0,3.0,2269284,2.0,2,1,1,5.0,,0.0,0,2007.0,B01,138Â 200Â 369,1.0,-1.0,-1.0,1732094,1.0,7,,0.0,0.0,7.0,B01,138Â 200Â 369,1.0
1014719,201900056250,12,1,00:00,3,1,6,1.0,3.0,38530,D1006,M,"45,6137860","5,1971520",38,2019,70.0,1.0,1.0,3.0,2269284,2.0,2,1,1,5.0,,0.0,0,2007.0,B01,138Â 200Â 369,1.0,-1.0,-1.0,1732095,2.0,7,,0.0,2.0,1.0,A01,138Â 200Â 370,1.0
1014719,201900056250,12,1,00:00,3,1,6,1.0,3.0,38530,D1006,M,"45,6137860","5,1971520",38,2019,70.0,1.0,1.0,3.0,2269285,1.0,1,4,2,5.0,,0.0,0,1982.0,B01,138Â 200Â 369,1.0,-1.0,-1.0,1732094,1.0,7,,0.0,0.0,7.0,B01,138Â 200Â 369,1.0
1014719,201900056250,12,1,00:00,3,1,6,1.0,3.0,38530,D1006,M,"45,6137860","5,1971520",38,2019,70.0,1.0,1.0,3.0,2269285,1.0,1,4,2,5.0,,0.0,0,1982.0,B01,138Â 200Â 369,1.0,-1.0,-1.0,1732095,2.0,7,,0.0,2.0,1.0,A01,138Â 200Â 370,1.0
1014719,201900056250,12,1,00:00,3,1,6,1.0,3.0,38530,D1006,M,"45,6137860","5,1971520",38,2019,70.0,1.0,1.0,3.0,2269286,9.0,2,1,2,5.0,,0.0,0,2013.0,B01,138Â 200Â 369,3.0,-1.0,-1.0,1732094,1.0,7,,0.0,0.0,7.0,B01,138Â 200Â 369,1.0
1014719,201900056250,12,1,00:00,3,1,6,1.0,3.0,38530,D1006,M,"45,6137860","5,1971520",38,2019,70.0,1.0,1.0,3.0,2269286,9.0,2,1,2,5.0,,0.0,0,2013.0,B01,138Â 200Â 369,3.0,-1.0,-1.0,1732095,2.0,7,,0.0,2.0,1.0,A01,138Â 200Â 370,1.0
1014719,201900056250,12,1,00:00,3,1,6,1.0,3.0,38530,D1006,M,"45,6137860","5,1971520",38,2019,70.0,1.0,1.0,3.0,2269287,7.0,2,1,2,5.0,,0.0,0,2015.0,B01,138Â 200Â 369,3.0,-1.0,-1.0,1732094,1.0,7,,0.0,0.0,7.0,B01,138Â 200Â 369,1.0
1014719,201900056250,12,1,00:00,3,1,6,1.0,3.0,38530,D1006,M,"45,6137860","5,1971520",38,2019,70.0,1.0,1.0,3.0,2269287,7.0,2,1,2,5.0,,0.0,0,2015.0,B01,138Â 200Â 369,3.0,-1.0,-1.0,1732095,2.0,7,,0.0,2.0,1.0,A01,138Â 200Â 370,1.0
1014719,201900056250,12,1,00:00,3,1,6,1.0,3.0,38530,D1006,M,"45,6137860","5,1971520",38,2019,70.0,1.0,1.0,3.0,2269288,2.0,2,4,2,5.0,,0.0,0,1998.0,A01,138Â 200Â 370,1.0,-1.0,-1.0,1732094,1.0,7,,0.0,0.0,7.0,B01,138Â 200Â 369,1.0
1014719,201900056250,12,1,00:00,3,1,6,1.0,3.0,38530,D1006,M,"45,6137860","5,1971520",38,2019,70.0,1.0,1.0,3.0,2269288,2.0,2,4,2,5.0,,0.0,0,1998.0,A01,138Â 200Â 370,1.0,-1.0,-1.0,1732095,2.0,7,,0.0,2.0,1.0,A01,138Â 200Â 370,1.0
1014719,201900056250,12,1,00:00,3,1,6,1.0,3.0,38530,D1006,M,"45,6137860","5,1971520",38,2019,70.0,1.0,1.0,3.0,2269289,1.0,1,1,1,5.0,,0.0,0,1994.0,A01,138Â 200Â 370,1.0,-1.0,-1.0,1732094,1.0,7,,0.0,0.0,7.0,B01,138Â 200Â 369,1.0
1014719,201900056250,12,1,00:00,3,1,6,1.0,3.0,38530,D1006,M,"45,6137860","5,1971520",38,2019,70.0,1.0,1.0,3.0,2269289,1.0,1,1,1,5.0,,0.0,0,1994.0,A01,138Â 200Â 370,1.0,-1.0,-1.0,1732095,2.0,7,,0.0,2.0,1.0,A01,138Â 200Â 370,1.0
1014719,201900056250,12,1,00:00,3,1,6,1.0,3.0,38530,D1006,M,"45,6137860","5,1971520",38,2019,70.0,1.0,1.0,3.0,2269290,9.0,2,4,2,5.0,,0.0,0,2001.0,A01,138Â 200Â 370,1.0,-1.0,-1.0,1732094,1.0,7,,0.0,0.0,7.0,B01,138Â 200Â 369,1.0
1014719,201900056250,12,1,00:00,3,1,6,1.0,3.0,38530,D1006,M,"45,6137860","5,1971520",38,2019,70.0,1.0,1.0,3.0,2269290,9.0,2,4,2,5.0,,0.0,0,2001.0,A01,138Â 200Â 370,1.0,-1.0,-1.0,1732095,2.0,7,,0.0,2.0,1.0,A01,138Â 200Â 370,1.0
1014720,201900056251,5,14,11:20,1,1,1,1.0,6.0,33122,Parking (erreur manoeuvre),M,"44,7663800"," -0,6904100",33,2019,-1.0,6.0,1.0,9.0,2269291,10.0,3,2,2,0.0,,9.0,B,1944.0,A01,138Â 200Â 368,0.0,-1.0,-1.0,1732096,0.0,7,,15.0,1.0,0.0,A01,138Â 200Â 368,2.0
1014720,201900056251,5,14,11:20,1,1,1,1.0,6.0,33122,Parking (erreur manoeuvre),M,"44,7663800"," -0,6904100",33,2019,-1.0,6.0,1.0,9.0,2269292,1.0,1,1,2,5.0,,0.0,0,1943.0,A01,138Â 200Â 368,8.0,-1.0,-1.0,1732096,0.0,7,,15.0,1.0,0.0,A01,138Â 200Â 368,2.0
1014721,201900056252,12,4,14:01,1,1,1,1.0,2.0,67155,A35 PK 423.800,M,"48,4124030","7,4824810",67,2019,130.0,1.0,1.0,1.0,2269293,1.0,1,3,1,4.0,,0.0,0,1969.0,A01,138Â 200Â 366,1.0,-1.0,-1.0,1732097,2.0,10,,0.0,2.0,1.0,A01,138Â 200Â 366,1.0
1014721,201900056252,12,4,14:01,1,1,1,1.0,2.0,67155,A35 PK 423.800,M,"48,4124030","7,4824810",67,2019,130.0,1.0,1.0,1.0,2269293,1.0,1,3,1,4.0,,0.0,0,1969.0,A01,138Â 200Â 366,1.0,-1.0,-1.0,1732098,2.0,17,,0.0,0.0,4.0,B01,138Â 200Â 367,1.0
1014721,201900056252,12,4,14:01,1,1,1,1.0,2.0,67155,A35 PK 423.800,M,"48,4124030","7,4824810",67,2019,130.0,1.0,1.0,1.0,2269294,1.0,1,1,1,4.0,,0.0,0,1965.0,B01,138Â 200Â 367,1.0,-1.0,-1.0,1732097,2.0,10,,0.0,2.0,1.0,A01,138Â 200Â 366,1.0
1014721,201900056252,12,4,14:01,1,1,1,1.0,2.0,67155,A35 PK 423.800,M,"48,4124030","7,4824810",67,2019,130.0,1.0,1.0,1.0,2269294,1.0,1,1,1,4.0,,0.0,0,1965.0,B01,138Â 200Â 367,1.0,-1.0,-1.0,1732098,2.0,17,,0.0,0.0,4.0,B01,138Â 200Â 367,1.0
1014722,201900056253,12,4,17:54,3,1,1,1.0,1.0,58296,Nationale 7,M,"46,7114860","3,1923460",58,2019,80.0,1.0,1.0,2.0,2269295,1.0,1,3,1,1.0,,0.0,0,1991.0,A01,138Â 200Â 363,1.0,-1.0,-1.0,1732099,2.0,7,,0.0,2.0,3.0,A01,138Â 200Â 363,1.0
1014722,201900056253,12,4,17:54,3,1,1,1.0,1.0,58296,Nationale 7,M,"46,7114860","3,1923460",58,2019,80.0,1.0,1.0,2.0,2269295,1.0,1,3,1,1.0,,0.0,0,1991.0,A01,138Â 200Â 363,1.0,-1.0,-1.0,1732100,1.0,15,,0.0,2.0,3.0,B01,138Â 200Â 364,1.0
1014722,201900056253,12,4,17:54,3,1,1,1.0,1.0,58296,Nationale 7,M,"46,7114860","3,1923460",58,2019,80.0,1.0,1.0,2.0,2269296,1.0,1,1,1,4.0,,0.0,0,1986.0,B01,138Â 200Â 364,1.0,-1.0,-1.0,1732099,2.0,7,,0.0,2.0,3.0,A01,138Â 200Â 363,1.0
1014722,201900056253,12,4,17:54,3,1,1,1.0,1.0,58296,Nationale 7,M,"46,7114860","3,1923460",58,2019,80.0,1.0,1.0,2.0,2269296,1.0,1,1,1,4.0,,0.0,0,1986.0,B01,138Â 200Â 364,1.0,-1.0,-1.0,1732100,1.0,15,,0.0,2.0,3.0,B01,138Â 200Â 364,1.0
1014723,201900056254,5,22,16:13,1,1,3,1.0,3.0,53175,Les Planches,M,"48,0220570"," -0,6842650",53,2019,80.0,1.0,1.0,3.0,2269297,1.0,1,1,1,4.0,,0.0,0,1983.0,B01,138Â 200Â 361,1.0,-1.0,-1.0,1732101,1.0,14,,0.0,0.0,8.0,B01,138Â 200Â 361,1.0
1014723,201900056254,5,22,16:13,1,1,3,1.0,3.0,53175,Les Planches,M,"48,0220570"," -0,6842650",53,2019,80.0,1.0,1.0,3.0,2269297,1.0,1,1,1,4.0,,0.0,0,1983.0,B01,138Â 200Â 361,1.0,-1.0,-1.0,1732102,1.0,33,,0.0,2.0,1.0,A01,138Â 200Â 362,1.0
1014723,201900056254,5,22,16:13,1,1,3,1.0,3.0,53175,Les Planches,M,"48,0220570"," -0,6842650",53,2019,80.0,1.0,1.0,3.0,2269298,1.0,1,3,1,1.0,,0.0,0,1994.0,A01,138Â 200Â 362,2.0,6.0,-1.0,1732101,1.0,14,,0.0,0.0,8.0,B01,138Â 200Â 361,1.0