Unnamed: 0_x,num_acc,mois,jour,hrmn,lum,agg,int,atm,col,com,adr,gps,lat,long,dep,annee,vma,situ,surf,catr,Unnamed: 0_y,place,catu,grav,sexe,trajet,secu,locp,actp,an_nais,num_veh_x,id_vehicule_x,secu1,secu2,secu3,Unnamed: 0,senc,catv,occutc,obs,obsm,choc,num_veh_y,id_vehicule_y,motor
1014723,201900056254,5,22,16:13,1,1,3,1.0,3.0,53175,Les Planches,M,"48,0220570"," -0,6842650",53,2019,80.0,1.0,1.0,3.0,2269298,1.0,1,3,1,1.0,,0.0,0,1994.0,A01,138Â 200Â 362,2.0,6.0,-1.0,1732102,1.0,33,,0.0,2.0,1.0,A01,138Â 200Â 362,1.0
1014724,201900056255,11,1,07:00,1,1,1,1.0,1.0,97415,Le Moulin Ã  Eau,M," -21,0910970","55,2773870",974,2019,50.0,1.0,1.0,3.0,2269299,2.0,2,1,1,5.0,,0.0,0,1972.0,B01,138Â 200Â 359,1.0,-1.0,-1.0,1732103,1.0,7,,0.0,2.0,1.0,B01,138Â 200Â 359,1.0
1014724,201900056255,11,1,07:00,1,1,1,1.0,1.0,97415,Le Moulin Ã  Eau,M," -21,0910970","55,2773870",974,2019,50.0,1.0,1.0,3.0,2269299,2.0,2,1,1,5.0,,0.0,0,1972.0,B01,138Â 200Â 359,1.0,-1.0,-1.0,1732104,2.0,7,,0.0,2.0,1.0,A01,138Â 200Â 360,1.0
1014724,201900056255,11,1,07:00,1,1,1,1.0,1.0,97415,Le Moulin Ã  Eau,M," -21,0910970","55,2773870",974,2019,50.0,1.0,1.0,3.0,2269300,2.0,1,4,2,5.0,,0.0,0,1959.0,B01,138Â 200Â 359,1.0,-1.0,-1.0,1732103,1.0,7,,0.0,2.0,1.0,B01,138Â 200Â 359,1.0
1014724,201900056255,11,1,07:00,1,1,1,1.0,1.0,97415,Le Moulin Ã  Eau,M," -21,0910970","55,2773870",974,2019,50.0,1.0,1.0,3.0,2269300,2.0,1,4,2,5.0,,0.0,0,1959.0,B01,138Â 200Â 359,1.0,-1.0,-1.0,1732104,2.0,7,,0.0,2.0,1.0,A01,138Â 200Â 360,1.0
1014724,201900056255,11,1,07:00,1,1,1,1.0,1.0,97415,Le Moulin Ã  Eau,M," -21,0910970","55,2773870",974,2019,50.0,1.0,1.0,3.0,2269301,1.0,1,1,1,5.0,,0.0,0,2000.0,A01,138Â 200Â 360,1.0,-1.0,-1.0,1732103,1.0,7,,0.0,2.0,1.0,B01,138Â 200Â 359,1.0
1014724,201900056255,11,1,07:00,1,1,1,1.0,1.0,97415,Le Moulin Ã  Eau,M," -21,0910970","55,2773870",974,2019,50.0,1.0,1.0,3.0,2269301,1.0,1,1,1,5.0,,0.0,0,2000.0,A01,138Â 200Â 360,1.0,-1.0,-1.0,1732104,2.0,7,,0.0,2.0,1.0,A01,138Â 200Â 360,1.0
1014725,201900056256,5,21,12:05,1,1,1,1.0,2.0,33284,A63 PK 27+500,M,"44,6088900"," -0,8502600",33,2019,130.0,1.0,1.0,1.0,2269302,2.0,2,1,1,4.0,,0.0,0,1973.0,A01,138Â 200Â 357,1.0,-1.0,-1.0,1732105,1.0,17,,0.0,0.0,5.0,A01,138Â 200Â 357,0.0
1014725,201900056256,5,21,12:05,1,1,1,1.0,2.0,33284,A63 PK 27+500,M,"44,6088900"," -0,8502600",33,2019,130.0,1.0,1.0,1.0,2269302,2.0,2,1,1,4.0,,0.0,0,1973.0,A01,138Â 200Â 357,1.0,-1.0,-1.0,1732106,1.0,10,,0.0,2.0,1.0,B01,138Â 200Â 358,0.0
1014725,201900056256,5,21,12:05,1,1,1,1.0,2.0,33284,A63 PK 27+500,M,"44,6088900"," -0,8502600",33,2019,130.0,1.0,1.0,1.0,2269303,1.0,1,1,1,4.0,,0.0,0,1980.0,A01,138Â 200Â 357,1.0,-1.0,-1.0,1732105,1.0,17,,0.0,0.0,5.0,A01,138Â 200Â 357,0.0
1014725,201900056256,5,21,12:05,1,1,1,1.0,2.0,33284,A63 PK 27+500,M,"44,6088900"," -0,8502600",33,2019,130.0,1.0,1.0,1.0,2269303,1.0,1,1,1,4.0,,0.0,0,1980.0,A01,138Â 200Â 357,1.0,-1.0,-1.0,1732106,1.0,10,,0.0,2.0,1.0,B01,138Â 200Â 358,0.0
1014725,201900056256,5,21,12:05,1,1,1,1.0,2.0,33284,A63 PK 27+500,M,"44,6088900"," -0,8502600",33,2019,130.0,1.0,1.0,1.0,2269304,1.0,1,3,1,4.0,,0.0,0,1994.0,B01,138Â 200Â 358,1.0,-1.0,-1.0,1732105,1.0,17,,0.0,0.0,5.0,A01,138Â 200Â 357,0.0
1014725,201900056256,5,21,12:05,1,1,1,1.0,2.0,33284,A63 PK 27+500,M,"44,6088900"," -0,8502600",33,2019,130.0,1.0,1.0,1.0,2269304,1.0,1,3,1,4.0,,0.0,0,1994.0,B01,138Â 200Â 358,1.0,-1.0,-1.0,1732106,1.0,10,,0.0,2.0,1.0,B01,138Â 200Â 358,0.0
1014726,201900056257,5,5,04:40,3,1,1,1.0,2.0,33284,A660-PK 011+800,M,"44,6191300"," -0,9741000",33,2019,130.0,1.0,2.0,1.0,2269305,2.0,2,4,1,5.0,,0.0,0,1980.0,A01,138Â 200Â 354,1.0,-1.0,-1.0,1732107,2.0,7,,0.0,0.0,4.0,A01,138Â 200Â 354,1.0
1014726,201900056257,5,5,04:40,3,1,1,1.0,2.0,33284,A660-PK 011+800,M,"44,6191300"," -0,9741000",33,2019,130.0,1.0,2.0,1.0,2269305,2.0,2,4,1,5.0,,0.0,0,1980.0,A01,138Â 200Â 354,1.0,-1.0,-1.0,1732108,2.0,7,,0.0,2.0,1.0,B01,138Â 200Â 355,1.0
1014726,201900056257,5,5,04:40,3,1,1,1.0,2.0,33284,A660-PK 011+800,M,"44,6191300"," -0,9741000",33,2019,130.0,1.0,2.0,1.0,2269306,1.0,1,4,1,5.0,,0.0,0,1992.0,A01,138Â 200Â 354,1.0,-1.0,-1.0,1732107,2.0,7,,0.0,0.0,4.0,A01,138Â 200Â 354,1.0
1014726,201900056257,5,5,04:40,3,1,1,1.0,2.0,33284,A660-PK 011+800,M,"44,6191300"," -0,9741000",33,2019,130.0,1.0,2.0,1.0,2269306,1.0,1,4,1,5.0,,0.0,0,1992.0,A01,138Â 200Â 354,1.0,-1.0,-1.0,1732108,2.0,7,,0.0,2.0,1.0,B01,138Â 200Â 355,1.0
1014726,201900056257,5,5,04:40,3,1,1,1.0,2.0,33284,A660-PK 011+800,M,"44,6191300"," -0,9741000",33,2019,130.0,1.0,2.0,1.0,2269307,1.0,1,1,1,5.0,,0.0,0,1987.0,B01,138Â 200Â 355,1.0,-1.0,-1.0,1732107,2.0,7,,0.0,0.0,4.0,A01,138Â 200Â 354,1.0
1014726,201900056257,5,5,04:40,3,1,1,1.0,2.0,33284,A660-PK 011+800,M,"44,6191300"," -0,9741000",33,2019,130.0,1.0,2.0,1.0,2269307,1.0,1,1,1,5.0,,0.0,0,1987.0,B01,138Â 200Â 355,1.0,-1.0,-1.0,1732108,2.0,7,,0.0,2.0,1.0,B01,138Â 200Â 355,1.0
1014727,201900056258,12,3,11:22,1,1,1,1.0,3.0,30307,N106,M,"44,1955480","4,0439980",30,2019,70.0,1.0,1.0,2.0,2269308,1.0,1,3,1,4.0,,0.0,0,1954.0,B01,138Â 200Â 353,2.0,6.0,9.0,1732109,2.0,33,,7.0,2.0,1.0,B01,138Â 200Â 353,0.0
1014727,201900056258,12,3,11:22,1,1,1,1.0,3.0,30307,N106,M,"44,1955480","4,0439980",30,2019,70.0,1.0,1.0,2.0,2269308,1.0,1,3,1,4.0,,0.0,0,1954.0,B01,138Â 200Â 353,2.0,6.0,9.0,1732110,3.0,7,,0.0,2.0,3.0,A01,138Â 200Â 356,0.0
1014727,201900056258,12,3,11:22,1,1,1,1.0,3.0,30307,N106,M,"44,1955480","4,0439980",30,2019,70.0,1.0,1.0,2.0,2269309,1.0,1,1,1,0.0,,0.0,0,1961.0,A01,138Â 200Â 356,8.0,-1.0,-1.0,1732109,2.0,33,,7.0,2.0,1.0,B01,138Â 200Â 353,0.0
1014727,201900056258,12,3,11:22,1,1,1,1.0,3.0,30307,N106,M,"44,1955480","4,0439980",30,2019,70.0,1.0,1.0,2.0,2269309,1.0,1,1,1,0.0,,0.0,0,1961.0,A01,138Â 200Â 356,8.0,-1.0,-1.0,1732110,3.0,7,,0.0,2.0,3.0,A01,138Â 200Â 356,0.0
1014728,201900056259,12,3,17:45,3,1,1,1.0,6.0,34299,D64,M,"43,2944750","3,2912930",34,2019,80.0,3.0,1.0,3.0,2269310,2.0,2,3,2,5.0,,0.0,0,1973.0,A01,138Â 200Â 351,1.0,-1.0,-1.0,1732111,1.0,7,,6.0,0.0,1.0,A01,138Â 200Â 351,1.0
1014728,201900056259,12,3,17:45,3,1,1,1.0,6.0,34299,D64,M,"43,2944750","3,2912930",34,2019,80.0,3.0,1.0,3.0,2269311,1.0,1,3,2,5.0,,0.0,0,1960.0,A01,138Â 200Â 351,1.0,-1.0,-1.0,1732111,1.0,7,,6.0,0.0,1.0,A01,138Â 200Â 351,1.0
1014729,201900056260,4,5,11:05,1,1,1,2.0,2.0,33284,A63-PK22,M,"44,6554000"," -0,8308200",33,2019,130.0,1.0,2.0,1.0,2269312,9.0,2,1,1,5.0,,0.0,0,2017.0,B01,138Â 200Â 350,3.0,-1.0,-1.0,1732112,2.0,7,,0.0,2.0,1.0,B01,138Â 200Â 350,0.0
1014729,201900056260,4,5,11:05,1,1,1,2.0,2.0,33284,A63-PK22,M,"44,6554000"," -0,8308200",33,2019,130.0,1.0,2.0,1.0,2269312,9.0,2,1,1,5.0,,0.0,0,2017.0,B01,138Â 200Â 350,3.0,-1.0,-1.0,1732113,2.0,7,,0.0,0.0,4.0,A01,138Â 200Â 352,0.0
1014729,201900056260,4,5,11:05,1,1,1,2.0,2.0,33284,A63-PK22,M,"44,6554000"," -0,8308200",33,2019,130.0,1.0,2.0,1.0,2269313,2.0,2,4,2,5.0,,0.0,0,1979.0,B01,138Â 200Â 350,1.0,-1.0,-1.0,1732112,2.0,7,,0.0,2.0,1.0,B01,138Â 200Â 350,0.0
1014729,201900056260,4,5,11:05,1,1,1,2.0,2.0,33284,A63-PK22,M,"44,6554000"," -0,8308200",33,2019,130.0,1.0,2.0,1.0,2269313,2.0,2,4,2,5.0,,0.0,0,1979.0,B01,138Â 200Â 350,1.0,-1.0,-1.0,1732113,2.0,7,,0.0,0.0,4.0,A01,138Â 200Â 352,0.0
1014729,201900056260,4,5,11:05,1,1,1,2.0,2.0,33284,A63-PK22,M,"44,6554000"," -0,8308200",33,2019,130.0,1.0,2.0,1.0,2269314,1.0,1,1,1,5.0,,0.0,0,1980.0,B01,138Â 200Â 350,1.0,-1.0,-1.0,1732112,2.0,7,,0.0,2.0,1.0,B01,138Â 200Â 350,0.0
1014729,201900056260,4,5,11:05,1,1,1,2.0,2.0,33284,A63-PK22,M,"44,6554000"," -0,8308200",33,2019,130.0,1.0,2.0,1.0,2269314,1.0,1,1,1,5.0,,0.0,0,1980.0,B01,138Â 200Â 350,1.0,-1.0,-1.0,1732113,2.0,7,,0.0,0.0,4.0,A01,138Â 200Â 352,0.0
1014729,201900056260,4,5,11:05,1,1,1,2.0,2.0,33284,A63-PK22,M,"44,6554000"," -0,8308200",33,2019,130.0,1.0,2.0,1.0,2269315,1.0,1,1,1,5.0,,0.0,0,1995.0,A01,138Â 200Â 352,1.0,-1.0,-1.0,1732112,2.0,7,,0.0,2.0,1.0,B01,138Â 200Â 350,0.0
1014729,201900056260,4,5,11:05,1,1,1,2.0,2.0,33284,A63-PK22,M,"44,6554000"," -0,8308200",33,2019,130.0,1.0,2.0,1.0,2269315,1.0,1,1,1,5.0,,0.0,0,1995.0,A01,138Â 200Â 352,1.0,-1.0,-1.0,1732113,2.0,7,,0.0,0.0,4.0,A01,138Â 200Â 352,0.0
1014729,201900056260,4,5,11:05,1,1,1,2.0,2.0,33284,A63-PK22,M,"44,6554000"," -0,8308200",33,2019,130.0,1.0,2.0,1.0,2269316,2.0,2,4,2,5.0,,0.0,0,1997.0,A01,138Â 200Â 352,1.0,-1.0,-1.0,1732112,2.0,7,,0.0,2.0,1.0,B01,138Â 200Â 350,0.0
1014729,201900056260,4,5,11:05,1,1,1,2.0,2.0,33284,A63-PK22,M,"44,6554000"," -0,8308200",33,2019,130.0,1.0,2.0,1.0,2269316,2.0,2,4,2,5.0,,0.0,0,1997.0,A01,138Â 200Â 352,1.0,-1.0,-1.0,1732113,2.0,7,,0.0,0.0,4.0,A01,138Â 200Â 352,0.0
1014730,201900056261,12,3,18:20,3,1,1,1.0,1.0,34327,D68,M,"43,6752080","3,9527060",34,2019,80.0,1.0,1.0,3.0,2269317,1.0,1,4,1,5.0,,0.0,0,1940.0,A01,138Â 200Â 348,1.0,-1.0,-1.0,1732114,2.0,7,,0.0,2.0,1.0,A01,138Â 200Â 348,1.0
1014730,201900056261,12,3,18:20,3,1,1,1.0,1.0,34327,D68,M,"43,6752080","3,9527060",34,2019,80.0,1.0,1.0,3.0,2269317,1.0,1,4,1,5.0,,0.0,0,1940.0,A01,138Â 200Â 348,1.0,-1.0,-1.0,1732115,1.0,7,,0.0,2.0,1.0,B01,138Â 200Â 349,1.0
1014730,201900056261,12,3,18:20,3,1,1,1.0,1.0,34327,D68,M,"43,6752080","3,9527060",34,2019,80.0,1.0,1.0,3.0,2269318,1.0,1,4,1,5.0,,0.0,0,1949.0,B01,138Â 200Â 349,1.0,-1.0,-1.0,1732114,2.0,7,,0.0,2.0,1.0,A01,138Â 200Â 348,1.0
1014730,201900056261,12,3,18:20,3,1,1,1.0,1.0,34327,D68,M,"43,6752080","3,9527060",34,2019,80.0,1.0,1.0,3.0,2269318,1.0,1,4,1,5.0,,0.0,0,1949.0,B01,138Â 200Â 349,1.0,-1.0,-1.0,1732115,1.0,7,,0.0,2.0,1.0,B01,138Â 200Â 349,1.0
1014731,201900056262,5,4,19:45,1,1,1,1.0,7.0,38253,Les Touches,M,"45,0269100","6,0945500",38,2019,80.0,1.0,1.0,3.0,2269319,1.0,1,4,2,5.0,,0.0,0,1982.0,A01,138Â 200Â 347,1.0,-1.0,-1.0,1732116,1.0,7,,13.0,0.0,2.0,A01,138Â 200Â 347,1.0
1014732,201900056263,12,3,19:19,3,1,3,1.0,3.0,84132,2374 Route de Cavaillon,M,"43,9006940","5,0048160",84,2019,80.0,1.0,1.0,3.0,2269320,1.0,1,4,2,0.0,,0.0,0,2000.0,B01,138Â 200Â 345,1.0,-1.0,-1.0,1732117,1.0,7,,7.0,0.0,1.0,B01,138Â 200Â 345,1.0
1014732,201900056263,12,3,19:19,3,1,3,1.0,3.0,84132,2374 Route de Cavaillon,M,"43,9006940","5,0048160",84,2019,80.0,1.0,1.0,3.0,2269320,1.0,1,4,2,0.0,,0.0,0,2000.0,B01,138Â 200Â 345,1.0,-1.0,-1.0,1732118,2.0,7,,0.0,0.0,2.0,A01,138Â 200Â 346,1.0
1014732,201900056263,12,3,19:19,3,1,3,1.0,3.0,84132,2374 Route de Cavaillon,M,"43,9006940","5,0048160",84,2019,80.0,1.0,1.0,3.0,2269321,2.0,2,4,2,2.0,,0.0,0,2002.0,B01,138Â 200Â 345,1.0,-1.0,-1.0,1732117,1.0,7,,7.0,0.0,1.0,B01,138Â 200Â 345,1.0
1014732,201900056263,12,3,19:19,3,1,3,1.0,3.0,84132,2374 Route de Cavaillon,M,"43,9006940","5,0048160",84,2019,80.0,1.0,1.0,3.0,2269321,2.0,2,4,2,2.0,,0.0,0,2002.0,B01,138Â 200Â 345,1.0,-1.0,-1.0,1732118,2.0,7,,0.0,0.0,2.0,A01,138Â 200Â 346,1.0
1014732,201900056263,12,3,19:19,3,1,3,1.0,3.0,84132,2374 Route de Cavaillon,M,"43,9006940","5,0048160",84,2019,80.0,1.0,1.0,3.0,2269322,1.0,1,3,1,1.0,,0.0,0,1967.0,A01,138Â 200Â 346,1.0,-1.0,-1.0,1732117,1.0,7,,7.0,0.0,1.0,B01,138Â 200Â 345,1.0
1014732,201900056263,12,3,19:19,3,1,3,1.0,3.0,84132,2374 Route de Cavaillon,M,"43,9006940","5,0048160",84,2019,80.0,1.0,1.0,3.0,2269322,1.0,1,3,1,1.0,,0.0,0,1967.0,A01,138Â 200Â 346,1.0,-1.0,-1.0,1732118,2.0,7,,0.0,0.0,2.0,A01,138Â 200Â 346,1.0
1014733,201900056264,5,25,22:10,3,1,1,1.0,5.0,89277,Autoroute A6,M,"47,6780659","3,8600667",89,2019,130.0,1.0,1.0,1.0,2269323,1.0,1,2,1,5.0,,0.0,0,1931.0,A01,138Â 200Â 342,1.0,-1.0,-1.0,1732119,2.0,7,,0.0,2.0,1.0,A01,138Â 200Â 342,1.0
1014733,201900056264,5,25,22:10,3,1,1,1.0,5.0,89277,Autoroute A6,M,"47,6780659","3,8600667",89,2019,130.0,1.0,1.0,1.0,2269323,1.0,1,2,1,5.0,,0.0,0,1931.0,A01,138Â 200Â 342,1.0,-1.0,-1.0,1732120,1.0,7,,0.0,2.0,1.0,B01,138Â 200Â 343,1.0
1014733,201900056264,5,25,22:10,3,1,1,1.0,5.0,89277,Autoroute A6,M,"47,6780659","3,8600667",89,2019,130.0,1.0,1.0,1.0,2269323,1.0,1,2,1,5.0,,0.0,0,1931.0,A01,138Â 200Â 342,1.0,-1.0,-1.0,1732121,1.0,7,,0.0,0.0,0.0,C01,138Â 200Â 344,1.0
1014733,201900056264,5,25,22:10,3,1,1,1.0,5.0,89277,Autoroute A6,M,"47,6780659","3,8600667",89,2019,130.0,1.0,1.0,1.0,2269324,1.0,1,3,1,5.0,,0.0,0,1975.0,B01,138Â 200Â 343,1.0,-1.0,-1.0,1732119,2.0,7,,0.0,2.0,1.0,A01,138Â 200Â 342,1.0
1014733,201900056264,5,25,22:10,3,1,1,1.0,5.0,89277,Autoroute A6,M,"47,6780659","3,8600667",89,2019,130.0,1.0,1.0,1.0,2269324,1.0,1,3,1,5.0,,0.0,0,1975.0,B01,138Â 200Â 343,1.0,-1.0,-1.0,1732120,1.0,7,,0.0,2.0,1.0,B01,138Â 200Â 343,1.0
1014733,201900056264,5,25,22:10,3,1,1,1.0,5.0,89277,Autoroute A6,M,"47,6780659","3,8600667",89,2019,130.0,1.0,1.0,1.0,2269324,1.0,1,3,1,5.0,,0.0,0,1975.0,B01,138Â 200Â 343,1.0,-1.0,-1.0,1732121,1.0,7,,0.0,0.0,0.0,C01,138Â 200Â 344,1.0
1014733,201900056264,5,25,22:10,3,1,1,1.0,5.0,89277,Autoroute A6,M,"47,6780659","3,8600667",89,2019,130.0,1.0,1.0,1.0,2269325,7.0,2,1,1,5.0,,0.0,0,2009.0,C01,138Â 200Â 344,1.0,-1.0,-1.0,1732119,2.0,7,,0.0,2.0,1.0,A01,138Â 200Â 342,1.0
1014733,201900056264,5,25,22:10,3,1,1,1.0,5.0,89277,Autoroute A6,M,"47,6780659","3,8600667",89,2019,130.0,1.0,1.0,1.0,2269325,7.0,2,1,1,5.0,,0.0,0,2009.0,C01,138Â 200Â 344,1.0,-1.0,-1.0,1732120,1.0,7,,0.0,2.0,1.0,B01,138Â 200Â 343,1.0
1014733,201900056264,5,25,22:10,3,1,1,1.0,5.0,89277,Autoroute A6,M,"47,6780659","3,8600667",89,2019,130.0,1.0,1.0,1.0,2269325,7.0,2,1,1,5.0,,0.0,0,2009.0,C01,138Â 200Â 344,1.0,-1.0,-1.0,1732121,1.0,7,,0.0,0.0,0.0,C01,138Â 200Â 344,1.0
1014733,201900056264,5,25,22:10,3,1,1,1.0,5.0,89277,Autoroute A6,M,"47,6780659","3,8600667",89,2019,130.0,1.0,1.0,1.0,2269326,9.0,2,1,2,5.0,,0.0,0,2014.0,C01,138Â 200Â 344,1.0,-1.0,-1.0,1732119,2.0,7,,0.0,2.0,1.0,A01,138Â 200Â 342,1.0
1014733,201900056264,5,25,22:10,3,1,1,1.0,5.0,89277,Autoroute A6,M,"47,6780659","3,8600667",89,2019,130.0,1.0,1.0,1.0,2269326,9.0,2,1,2,5.0,,0.0,0,2014.0,C01,138Â 200Â 344,1.0,-1.0,-1.0,1732120,1.0,7,,0.0,2.0,1.0,B01,138Â 200Â 343,1.0
1014733,201900056264,5,25,22:10,3,1,1,1.0,5.0,89277,Autoroute A6,M,"47,6780659","3,8600667",89,2019,130.0,1.0,1.0,1.0,2269326,9.0,2,1,2,5.0,,0.0,0,2014.0,C01,138Â 200Â 344,1.0,-1.0,-1.0,1732121,1.0,7,,0.0,0.0,0.0,C01,138Â 200Â 344,1.0
1014733,201900056264,5,25,22:10,3,1,1,1.0,5.0,89277,Autoroute A6,M,"47,6780659","3,8600667",89,2019,130.0,1.0,1.0,1.0,2269327,2.0,2,1,2,5.0,,0.0,0,1987.0,C01,138Â 200Â 344,1.0,-1.0,-1.0,1732119,2.0,7,,0.0,2.0,1.0,A01,138Â 200Â 342,1.0
1014733,201900056264,5,25,22:10,3,1,1,1.0,5.0,89277,Autoroute A6,M,"47,6780659","3,8600667",89,2019,130.0,1.0,1.0,1.0,2269327,2.0,2,1,2,5.0,,0.0,0,1987.0,C01,138Â 200Â 344,1.0,-1.0,-1.0,1732120,1.0,7,,0.0,2.0,1.0,B01,138Â 200Â 343,1.0
1014733,201900056264,5,25,22:10,3,1,1,1.0,5.0,89277,Autoroute A6,M,"47,6780659","3,8600667",89,2019,130.0,1.0,1.0,1.0,2269327,2.0,2,1,2,5.0,,0.0,0,1987.0,C01,138Â 200Â 344,1.0,-1.0,-1.0,1732121,1.0,7,,0.0,0.0,0.0,C01,138Â 200Â 344,1.0
1014733,201900056264,5,25,22:10,3,1,1,1.0,5.0,89277,Autoroute A6,M,"47,6780659","3,8600667",89,2019,130.0,1.0,1.0,1.0,2269328,1.0,1,1,1,5.0,,0.0,0,1983.0,C01,138Â 200Â 344,1.0,-1.0,-1.0,1732119,2.0,7,,0.0,2.0,1.0,A01,138Â 200Â 342,1.0
1014733,201900056264,5,25,22:10,3,1,1,1.0,5.0,89277,Autoroute A6,M,"47,6780659","3,8600667",89,2019,130.0,1.0,1.0,1.0,2269328,1.0,1,1,1,5.0,,0.0,0,1983.0,C01,138Â 200Â 344,1.0,-1.0,-1.0,1732120,1.0,7,,0.0,2.0,1.0,B01,138Â 200Â 343,1.0
1014733,201900056264,5,25,22:10,3,1,1,1.0,5.0,89277,Autoroute A6,M,"47,6780659","3,8600667",89,2019,130.0,1.0,1.0,1.0,2269328,1.0,1,1,1,5.0,,0.0,0,1983.0,C01,138Â 200Â 344,1.0,-1.0,-1.0,1732121,1.0,7,,0.0,0.0,0.0,C01,138Â 200Â 344,1.0
1014734,201900056265,5,14,23:30,3,1,1,1.0,3.0,72080,Autoroute A11- PK 134.000,M,"48,1718180","0,6576440",72,2019,130.0,1.0,1.0,1.0,2269329,1.0,1,1,1,5.0,,0.0,0,1995.0,A01,138Â 200Â 338,1.0,-1.0,-1.0,1732122,2.0,7,,0.0,2.0,2.0,A01,138Â 200Â 338,0.0
1014734,201900056265,5,14,23:30,3,1,1,1.0,3.0,72080,Autoroute A11- PK 134.000,M,"48,1718180","0,6576440",72,2019,130.0,1.0,1.0,1.0,2269329,1.0,1,1,1,5.0,,0.0,0,1995.0,A01,138Â 200Â 338,1.0,-1.0,-1.0,1732123,2.0,7,,0.0,0.0,8.0,B01,138Â 200Â 339,0.0
1014734,201900056265,5,14,23:30,3,1,1,1.0,3.0,72080,Autoroute A11- PK 134.000,M,"48,1718180","0,6576440",72,2019,130.0,1.0,1.0,1.0,2269330,2.0,2,1,1,5.0,,0.0,0,1996.0,A01,138Â 200Â 338,1.0,-1.0,-1.0,1732122,2.0,7,,0.0,2.0,2.0,A01,138Â 200Â 338,0.0
1014734,201900056265,5,14,23:30,3,1,1,1.0,3.0,72080,Autoroute A11- PK 134.000,M,"48,1718180","0,6576440",72,2019,130.0,1.0,1.0,1.0,2269330,2.0,2,1,1,5.0,,0.0,0,1996.0,A01,138Â 200Â 338,1.0,-1.0,-1.0,1732123,2.0,7,,0.0,0.0,8.0,B01,138Â 200Â 339,0.0
1014734,201900056265,5,14,23:30,3,1,1,1.0,3.0,72080,Autoroute A11- PK 134.000,M,"48,1718180","0,6576440",72,2019,130.0,1.0,1.0,1.0,2269331,1.0,1,4,2,5.0,,0.0,0,1995.0,B01,138Â 200Â 339,1.0,-1.0,-1.0,1732122,2.0,7,,0.0,2.0,2.0,A01,138Â 200Â 338,0.0
1014734,201900056265,5,14,23:30,3,1,1,1.0,3.0,72080,Autoroute A11- PK 134.000,M,"48,1718180","0,6576440",72,2019,130.0,1.0,1.0,1.0,2269331,1.0,1,4,2,5.0,,0.0,0,1995.0,B01,138Â 200Â 339,1.0,-1.0,-1.0,1732123,2.0,7,,0.0,0.0,8.0,B01,138Â 200Â 339,0.0
1014734,201900056265,5,14,23:30,3,1,1,1.0,3.0,72080,Autoroute A11- PK 134.000,M,"48,1718180","0,6576440",72,2019,130.0,1.0,1.0,1.0,2269332,2.0,2,1,2,5.0,,0.0,0,1995.0,B01,138Â 200Â 339,1.0,-1.0,-1.0,1732122,2.0,7,,0.0,2.0,2.0,A01,138Â 200Â 338,0.0
1014734,201900056265,5,14,23:30,3,1,1,1.0,3.0,72080,Autoroute A11- PK 134.000,M,"48,1718180","0,6576440",72,2019,130.0,1.0,1.0,1.0,2269332,2.0,2,1,2,5.0,,0.0,0,1995.0,B01,138Â 200Â 339,1.0,-1.0,-1.0,1732123,2.0,7,,0.0,0.0,8.0,B01,138Â 200Â 339,0.0
1014735,201900056266,5,16,16:00,1,1,1,1.0,7.0,74014,Route de la Barliette,M,"46,0402940","6,6349220",74,2019,70.0,1.0,1.0,3.0,2269333,1.0,1,4,1,4.0,,0.0,0,1992.0,A01,138Â 200Â 337,1.0,-1.0,-1.0,1732124,2.0,14,,3.0,0.0,7.0,A01,138Â 200Â 337,1.0
1014736,201900056267,5,26,01:40,3,1,1,1.0,2.0,06004,Autoroute A8 pk 175 voie sud PK 175.000,M,"43,6086181","7,0978432",6,2019,110.0,1.0,1.0,1.0,2269334,1.0,1,1,1,0.0,,0.0,0,1991.0,A01,138Â 200Â 335,1.0,-1.0,-1.0,1732125,1.0,7,,0.0,2.0,2.0,A01,138Â 200Â 335,0.0
1014736,201900056267,5,26,01:40,3,1,1,1.0,2.0,06004,Autoroute A8 pk 175 voie sud PK 175.000,M,"43,6086181","7,0978432",6,2019,110.0,1.0,1.0,1.0,2269334,1.0,1,1,1,0.0,,0.0,0,1991.0,A01,138Â 200Â 335,1.0,-1.0,-1.0,1732126,1.0,7,,0.0,0.0,4.0,B01,138Â 200Â 336,0.0
1014736,201900056267,5,26,01:40,3,1,1,1.0,2.0,06004,Autoroute A8 pk 175 voie sud PK 175.000,M,"43,6086181","7,0978432",6,2019,110.0,1.0,1.0,1.0,2269335,1.0,1,4,1,0.0,,0.0,0,1944.0,B01,138Â 200Â 336,1.0,-1.0,-1.0,1732125,1.0,7,,0.0,2.0,2.0,A01,138Â 200Â 335,0.0
1014736,201900056267,5,26,01:40,3,1,1,1.0,2.0,06004,Autoroute A8 pk 175 voie sud PK 175.000,M,"43,6086181","7,0978432",6,2019,110.0,1.0,1.0,1.0,2269335,1.0,1,4,1,0.0,,0.0,0,1944.0,B01,138Â 200Â 336,1.0,-1.0,-1.0,1732126,1.0,7,,0.0,0.0,4.0,B01,138Â 200Â 336,0.0