Unnamed: 0_x,num_acc,mois,jour,hrmn,lum,agg,int,atm,col,com,adr,gps,lat,long,dep,annee,vma,situ,surf,catr,Unnamed: 0_y,place,catu,grav,sexe,trajet,secu,locp,actp,an_nais,num_veh_x,id_vehicule_x,secu1,secu2,secu3,Unnamed: 0,senc,catv,occutc,obs,obsm,choc,num_veh_y,id_vehicule_y,motor
1014737,201900056268,12,3,15:20,1,2,1,1.0,3.0,13059,Rd 96,M,"43,6402400","5,5234010",13,2019,50.0,1.0,1.0,3.0,2269336,1.0,1,1,1,0.0,,0.0,0,1937.0,B01,138Â 200Â 340,1.0,-1.0,-1.0,1732127,1.0,7,,0.0,2.0,2.0,B01,138Â 200Â 340,1.0
1014737,201900056268,12,3,15:20,1,2,1,1.0,3.0,13059,Rd 96,M,"43,6402400","5,5234010",13,2019,50.0,1.0,1.0,3.0,2269336,1.0,1,1,1,0.0,,0.0,0,1937.0,B01,138Â 200Â 340,1.0,-1.0,-1.0,1732128,1.0,7,,0.0,2.0,2.0,A01,138Â 200Â 341,1.0
1014737,201900056268,12,3,15:20,1,2,1,1.0,3.0,13059,Rd 96,M,"43,6402400","5,5234010",13,2019,50.0,1.0,1.0,3.0,2269337,2.0,2,4,2,0.0,,0.0,0,1938.0,B01,138Â 200Â 340,1.0,-1.0,-1.0,1732127,1.0,7,,0.0,2.0,2.0,B01,138Â 200Â 340,1.0
1014737,201900056268,12,3,15:20,1,2,1,1.0,3.0,13059,Rd 96,M,"43,6402400","5,5234010",13,2019,50.0,1.0,1.0,3.0,2269337,2.0,2,4,2,0.0,,0.0,0,1938.0,B01,138Â 200Â 340,1.0,-1.0,-1.0,1732128,1.0,7,,0.0,2.0,2.0,A01,138Â 200Â 341,1.0
1014737,201900056268,12,3,15:20,1,2,1,1.0,3.0,13059,Rd 96,M,"43,6402400","5,5234010",13,2019,50.0,1.0,1.0,3.0,2269338,1.0,1,3,2,0.0,,0.0,0,1937.0,A01,138Â 200Â 341,1.0,-1.0,-1.0,1732127,1.0,7,,0.0,2.0,2.0,B01,138Â 200Â 340,1.0
1014737,201900056268,12,3,15:20,1,2,1,1.0,3.0,13059,Rd 96,M,"43,6402400","5,5234010",13,2019,50.0,1.0,1.0,3.0,2269338,1.0,1,3,2,0.0,,0.0,0,1937.0,A01,138Â 200Â 341,1.0,-1.0,-1.0,1732128,1.0,7,,0.0,2.0,2.0,A01,138Â 200Â 341,1.0
1014738,201900056269,12,4,11:00,1,1,1,1.0,7.0,71433,D985,M,"46,3622500","4,2594410",71,2019,80.0,3.0,1.0,3.0,2269339,1.0,1,3,1,4.0,,0.0,0,1980.0,A01,138Â 200Â 334,1.0,-1.0,-1.0,1732129,2.0,10,,2.0,0.0,1.0,A01,138Â 200Â 334,1.0
1014739,201900056270,5,24,13:30,1,1,1,1.0,2.0,06079,A8 PK 159.100 chaussÃ©e Sud direction Nice,M,"43,5574290","6,9490890",6,2019,110.0,1.0,1.0,1.0,2269340,1.0,1,1,1,4.0,,0.0,0,1969.0,B01,138Â 200Â 332,0.0,-1.0,-1.0,1732130,1.0,37,1.0,0.0,2.0,4.0,B01,138Â 200Â 332,1.0
1014739,201900056270,5,24,13:30,1,1,1,1.0,2.0,06079,A8 PK 159.100 chaussÃ©e Sud direction Nice,M,"43,5574290","6,9490890",6,2019,110.0,1.0,1.0,1.0,2269340,1.0,1,1,1,4.0,,0.0,0,1969.0,B01,138Â 200Â 332,0.0,-1.0,-1.0,1732131,1.0,7,,0.0,2.0,1.0,A01,138Â 200Â 333,1.0
1014739,201900056270,5,24,13:30,1,1,1,1.0,2.0,06079,A8 PK 159.100 chaussÃ©e Sud direction Nice,M,"43,5574290","6,9490890",6,2019,110.0,1.0,1.0,1.0,2269341,1.0,1,3,2,5.0,,0.0,0,1950.0,A01,138Â 200Â 333,1.0,-1.0,-1.0,1732130,1.0,37,1.0,0.0,2.0,4.0,B01,138Â 200Â 332,1.0
1014739,201900056270,5,24,13:30,1,1,1,1.0,2.0,06079,A8 PK 159.100 chaussÃ©e Sud direction Nice,M,"43,5574290","6,9490890",6,2019,110.0,1.0,1.0,1.0,2269341,1.0,1,3,2,5.0,,0.0,0,1950.0,A01,138Â 200Â 333,1.0,-1.0,-1.0,1732131,1.0,7,,0.0,2.0,1.0,A01,138Â 200Â 333,1.0
1014739,201900056270,5,24,13:30,1,1,1,1.0,2.0,06079,A8 PK 159.100 chaussÃ©e Sud direction Nice,M,"43,5574290","6,9490890",6,2019,110.0,1.0,1.0,1.0,2269342,7.0,2,3,1,5.0,,0.0,0,1939.0,A01,138Â 200Â 333,8.0,-1.0,-1.0,1732130,1.0,37,1.0,0.0,2.0,4.0,B01,138Â 200Â 332,1.0
1014739,201900056270,5,24,13:30,1,1,1,1.0,2.0,06079,A8 PK 159.100 chaussÃ©e Sud direction Nice,M,"43,5574290","6,9490890",6,2019,110.0,1.0,1.0,1.0,2269342,7.0,2,3,1,5.0,,0.0,0,1939.0,A01,138Â 200Â 333,8.0,-1.0,-1.0,1732131,1.0,7,,0.0,2.0,1.0,A01,138Â 200Â 333,1.0
1014739,201900056270,5,24,13:30,1,1,1,1.0,2.0,06079,A8 PK 159.100 chaussÃ©e Sud direction Nice,M,"43,5574290","6,9490890",6,2019,110.0,1.0,1.0,1.0,2269343,2.0,2,3,2,5.0,,0.0,0,1945.0,A01,138Â 200Â 333,1.0,-1.0,-1.0,1732130,1.0,37,1.0,0.0,2.0,4.0,B01,138Â 200Â 332,1.0
1014739,201900056270,5,24,13:30,1,1,1,1.0,2.0,06079,A8 PK 159.100 chaussÃ©e Sud direction Nice,M,"43,5574290","6,9490890",6,2019,110.0,1.0,1.0,1.0,2269343,2.0,2,3,2,5.0,,0.0,0,1945.0,A01,138Â 200Â 333,1.0,-1.0,-1.0,1732131,1.0,7,,0.0,2.0,1.0,A01,138Â 200Â 333,1.0
1014740,201900056271,5,15,08:10,1,1,1,8.0,4.0,13001,AUTOROUTE A8 PK 020+000 SENS NORD,M,"43,5141930","5,4358640",13,2019,110.0,1.0,1.0,1.0,2269344,1.0,1,1,1,4.0,,0.0,0,1993.0,C01,138Â 200Â 326,8.0,-1.0,-1.0,1732132,2.0,7,,0.0,2.0,3.0,C01,138Â 200Â 326,1.0
1014740,201900056271,5,15,08:10,1,1,1,8.0,4.0,13001,AUTOROUTE A8 PK 020+000 SENS NORD,M,"43,5141930","5,4358640",13,2019,110.0,1.0,1.0,1.0,2269344,1.0,1,1,1,4.0,,0.0,0,1993.0,C01,138Â 200Â 326,8.0,-1.0,-1.0,1732133,2.0,7,,0.0,2.0,4.0,B01,138Â 200Â 328,1.0
1014740,201900056271,5,15,08:10,1,1,1,8.0,4.0,13001,AUTOROUTE A8 PK 020+000 SENS NORD,M,"43,5141930","5,4358640",13,2019,110.0,1.0,1.0,1.0,2269344,1.0,1,1,1,4.0,,0.0,0,1993.0,C01,138Â 200Â 326,8.0,-1.0,-1.0,1732134,2.0,7,,0.0,0.0,4.0,A01,138Â 200Â 330,1.0
1014740,201900056271,5,15,08:10,1,1,1,8.0,4.0,13001,AUTOROUTE A8 PK 020+000 SENS NORD,M,"43,5141930","5,4358640",13,2019,110.0,1.0,1.0,1.0,2269345,1.0,1,4,2,1.0,,0.0,0,1985.0,B01,138Â 200Â 328,8.0,-1.0,-1.0,1732132,2.0,7,,0.0,2.0,3.0,C01,138Â 200Â 326,1.0
1014740,201900056271,5,15,08:10,1,1,1,8.0,4.0,13001,AUTOROUTE A8 PK 020+000 SENS NORD,M,"43,5141930","5,4358640",13,2019,110.0,1.0,1.0,1.0,2269345,1.0,1,4,2,1.0,,0.0,0,1985.0,B01,138Â 200Â 328,8.0,-1.0,-1.0,1732133,2.0,7,,0.0,2.0,4.0,B01,138Â 200Â 328,1.0
1014740,201900056271,5,15,08:10,1,1,1,8.0,4.0,13001,AUTOROUTE A8 PK 020+000 SENS NORD,M,"43,5141930","5,4358640",13,2019,110.0,1.0,1.0,1.0,2269345,1.0,1,4,2,1.0,,0.0,0,1985.0,B01,138Â 200Â 328,8.0,-1.0,-1.0,1732134,2.0,7,,0.0,0.0,4.0,A01,138Â 200Â 330,1.0
1014740,201900056271,5,15,08:10,1,1,1,8.0,4.0,13001,AUTOROUTE A8 PK 020+000 SENS NORD,M,"43,5141930","5,4358640",13,2019,110.0,1.0,1.0,1.0,2269346,1.0,1,1,1,4.0,,0.0,0,1979.0,A01,138Â 200Â 330,8.0,-1.0,-1.0,1732132,2.0,7,,0.0,2.0,3.0,C01,138Â 200Â 326,1.0
1014740,201900056271,5,15,08:10,1,1,1,8.0,4.0,13001,AUTOROUTE A8 PK 020+000 SENS NORD,M,"43,5141930","5,4358640",13,2019,110.0,1.0,1.0,1.0,2269346,1.0,1,1,1,4.0,,0.0,0,1979.0,A01,138Â 200Â 330,8.0,-1.0,-1.0,1732133,2.0,7,,0.0,2.0,4.0,B01,138Â 200Â 328,1.0
1014740,201900056271,5,15,08:10,1,1,1,8.0,4.0,13001,AUTOROUTE A8 PK 020+000 SENS NORD,M,"43,5141930","5,4358640",13,2019,110.0,1.0,1.0,1.0,2269346,1.0,1,1,1,4.0,,0.0,0,1979.0,A01,138Â 200Â 330,8.0,-1.0,-1.0,1732134,2.0,7,,0.0,0.0,4.0,A01,138Â 200Â 330,1.0
1014741,201900056272,12,4,16:25,2,1,1,1.0,5.0,57683,D112d,M,"49,2992860","6,1313520",57,2019,80.0,1.0,1.0,3.0,2269347,1.0,1,1,1,3.0,,0.0,0,1948.0,A01,138Â 200Â 325,1.0,-1.0,-1.0,1732135,1.0,7,,0.0,2.0,1.0,A01,138Â 200Â 325,1.0
1014741,201900056272,12,4,16:25,2,1,1,1.0,5.0,57683,D112d,M,"49,2992860","6,1313520",57,2019,80.0,1.0,1.0,3.0,2269347,1.0,1,1,1,3.0,,0.0,0,1948.0,A01,138Â 200Â 325,1.0,-1.0,-1.0,1732136,2.0,7,,0.0,2.0,1.0,B01,138Â 200Â 327,1.0
1014741,201900056272,12,4,16:25,2,1,1,1.0,5.0,57683,D112d,M,"49,2992860","6,1313520",57,2019,80.0,1.0,1.0,3.0,2269347,1.0,1,1,1,3.0,,0.0,0,1948.0,A01,138Â 200Â 325,1.0,-1.0,-1.0,1732137,2.0,7,,0.0,2.0,1.0,C01,138Â 200Â 329,1.0
1014741,201900056272,12,4,16:25,2,1,1,1.0,5.0,57683,D112d,M,"49,2992860","6,1313520",57,2019,80.0,1.0,1.0,3.0,2269347,1.0,1,1,1,3.0,,0.0,0,1948.0,A01,138Â 200Â 325,1.0,-1.0,-1.0,1732138,1.0,7,,0.0,2.0,1.0,D01,138Â 200Â 331,1.0
1014741,201900056272,12,4,16:25,2,1,1,1.0,5.0,57683,D112d,M,"49,2992860","6,1313520",57,2019,80.0,1.0,1.0,3.0,2269348,1.0,1,1,2,3.0,,0.0,0,1983.0,B01,138Â 200Â 327,1.0,-1.0,-1.0,1732135,1.0,7,,0.0,2.0,1.0,A01,138Â 200Â 325,1.0
1014741,201900056272,12,4,16:25,2,1,1,1.0,5.0,57683,D112d,M,"49,2992860","6,1313520",57,2019,80.0,1.0,1.0,3.0,2269348,1.0,1,1,2,3.0,,0.0,0,1983.0,B01,138Â 200Â 327,1.0,-1.0,-1.0,1732136,2.0,7,,0.0,2.0,1.0,B01,138Â 200Â 327,1.0
1014741,201900056272,12,4,16:25,2,1,1,1.0,5.0,57683,D112d,M,"49,2992860","6,1313520",57,2019,80.0,1.0,1.0,3.0,2269348,1.0,1,1,2,3.0,,0.0,0,1983.0,B01,138Â 200Â 327,1.0,-1.0,-1.0,1732137,2.0,7,,0.0,2.0,1.0,C01,138Â 200Â 329,1.0
1014741,201900056272,12,4,16:25,2,1,1,1.0,5.0,57683,D112d,M,"49,2992860","6,1313520",57,2019,80.0,1.0,1.0,3.0,2269348,1.0,1,1,2,3.0,,0.0,0,1983.0,B01,138Â 200Â 327,1.0,-1.0,-1.0,1732138,1.0,7,,0.0,2.0,1.0,D01,138Â 200Â 331,1.0
1014741,201900056272,12,4,16:25,2,1,1,1.0,5.0,57683,D112d,M,"49,2992860","6,1313520",57,2019,80.0,1.0,1.0,3.0,2269349,2.0,2,3,2,0.0,,0.0,0,1952.0,C01,138Â 200Â 329,1.0,-1.0,-1.0,1732135,1.0,7,,0.0,2.0,1.0,A01,138Â 200Â 325,1.0
1014741,201900056272,12,4,16:25,2,1,1,1.0,5.0,57683,D112d,M,"49,2992860","6,1313520",57,2019,80.0,1.0,1.0,3.0,2269349,2.0,2,3,2,0.0,,0.0,0,1952.0,C01,138Â 200Â 329,1.0,-1.0,-1.0,1732136,2.0,7,,0.0,2.0,1.0,B01,138Â 200Â 327,1.0
1014741,201900056272,12,4,16:25,2,1,1,1.0,5.0,57683,D112d,M,"49,2992860","6,1313520",57,2019,80.0,1.0,1.0,3.0,2269349,2.0,2,3,2,0.0,,0.0,0,1952.0,C01,138Â 200Â 329,1.0,-1.0,-1.0,1732137,2.0,7,,0.0,2.0,1.0,C01,138Â 200Â 329,1.0
1014741,201900056272,12,4,16:25,2,1,1,1.0,5.0,57683,D112d,M,"49,2992860","6,1313520",57,2019,80.0,1.0,1.0,3.0,2269349,2.0,2,3,2,0.0,,0.0,0,1952.0,C01,138Â 200Â 329,1.0,-1.0,-1.0,1732138,1.0,7,,0.0,2.0,1.0,D01,138Â 200Â 331,1.0
1014741,201900056272,12,4,16:25,2,1,1,1.0,5.0,57683,D112d,M,"49,2992860","6,1313520",57,2019,80.0,1.0,1.0,3.0,2269350,1.0,1,4,1,0.0,,0.0,0,1951.0,C01,138Â 200Â 329,1.0,-1.0,-1.0,1732135,1.0,7,,0.0,2.0,1.0,A01,138Â 200Â 325,1.0
1014741,201900056272,12,4,16:25,2,1,1,1.0,5.0,57683,D112d,M,"49,2992860","6,1313520",57,2019,80.0,1.0,1.0,3.0,2269350,1.0,1,4,1,0.0,,0.0,0,1951.0,C01,138Â 200Â 329,1.0,-1.0,-1.0,1732136,2.0,7,,0.0,2.0,1.0,B01,138Â 200Â 327,1.0
1014741,201900056272,12,4,16:25,2,1,1,1.0,5.0,57683,D112d,M,"49,2992860","6,1313520",57,2019,80.0,1.0,1.0,3.0,2269350,1.0,1,4,1,0.0,,0.0,0,1951.0,C01,138Â 200Â 329,1.0,-1.0,-1.0,1732137,2.0,7,,0.0,2.0,1.0,C01,138Â 200Â 329,1.0
1014741,201900056272,12,4,16:25,2,1,1,1.0,5.0,57683,D112d,M,"49,2992860","6,1313520",57,2019,80.0,1.0,1.0,3.0,2269350,1.0,1,4,1,0.0,,0.0,0,1951.0,C01,138Â 200Â 329,1.0,-1.0,-1.0,1732138,1.0,7,,0.0,2.0,1.0,D01,138Â 200Â 331,1.0
1014741,201900056272,12,4,16:25,2,1,1,1.0,5.0,57683,D112d,M,"49,2992860","6,1313520",57,2019,80.0,1.0,1.0,3.0,2269351,1.0,1,1,1,0.0,,0.0,0,1971.0,D01,138Â 200Â 331,1.0,-1.0,-1.0,1732135,1.0,7,,0.0,2.0,1.0,A01,138Â 200Â 325,1.0
1014741,201900056272,12,4,16:25,2,1,1,1.0,5.0,57683,D112d,M,"49,2992860","6,1313520",57,2019,80.0,1.0,1.0,3.0,2269351,1.0,1,1,1,0.0,,0.0,0,1971.0,D01,138Â 200Â 331,1.0,-1.0,-1.0,1732136,2.0,7,,0.0,2.0,1.0,B01,138Â 200Â 327,1.0
1014741,201900056272,12,4,16:25,2,1,1,1.0,5.0,57683,D112d,M,"49,2992860","6,1313520",57,2019,80.0,1.0,1.0,3.0,2269351,1.0,1,1,1,0.0,,0.0,0,1971.0,D01,138Â 200Â 331,1.0,-1.0,-1.0,1732137,2.0,7,,0.0,2.0,1.0,C01,138Â 200Â 329,1.0
1014741,201900056272,12,4,16:25,2,1,1,1.0,5.0,57683,D112d,M,"49,2992860","6,1313520",57,2019,80.0,1.0,1.0,3.0,2269351,1.0,1,1,1,0.0,,0.0,0,1971.0,D01,138Â 200Â 331,1.0,-1.0,-1.0,1732138,1.0,7,,0.0,2.0,1.0,D01,138Â 200Â 331,1.0
1014742,201900056273,12,4,05:45,5,2,1,1.0,6.0,74124,Route du ChÃ¢ble,M,"46,1019280","6,0650320",74,2019,50.0,1.0,1.0,3.0,2269352,1.0,1,4,2,5.0,,0.0,0,1996.0,A01,138Â 200Â 322,1.0,-1.0,-1.0,1732139,2.0,7,,2.0,0.0,1.0,A01,138Â 200Â 322,1.0
1014742,201900056273,12,4,05:45,5,2,1,1.0,6.0,74124,Route du ChÃ¢ble,M,"46,1019280","6,0650320",74,2019,50.0,1.0,1.0,3.0,2269353,2.0,2,4,1,5.0,,0.0,0,1995.0,A01,138Â 200Â 322,1.0,-1.0,-1.0,1732139,2.0,7,,2.0,0.0,1.0,A01,138Â 200Â 322,1.0
1014742,201900056273,12,4,05:45,5,2,1,1.0,6.0,74124,Route du ChÃ¢ble,M,"46,1019280","6,0650320",74,2019,50.0,1.0,1.0,3.0,2269354,9.0,2,3,2,5.0,,0.0,0,1999.0,A01,138Â 200Â 322,0.0,-1.0,-1.0,1732139,2.0,7,,2.0,0.0,1.0,A01,138Â 200Â 322,1.0
1014742,201900056273,12,4,05:45,5,2,1,1.0,6.0,74124,Route du ChÃ¢ble,M,"46,1019280","6,0650320",74,2019,50.0,1.0,1.0,3.0,2269355,7.0,2,3,2,5.0,,0.0,0,1999.0,A01,138Â 200Â 322,0.0,-1.0,-1.0,1732139,2.0,7,,2.0,0.0,1.0,A01,138Â 200Â 322,1.0
1014743,201900056274,12,4,15:30,1,2,6,1.0,6.0,17369,RD 735,M,"46,1981340"," -1,3549540",17,2019,50.0,1.0,1.0,3.0,2269356,1.0,1,1,1,5.0,,0.0,0,1973.0,A01,138Â 200Â 321,1.0,-1.0,-1.0,1732140,1.0,7,,0.0,1.0,1.0,A01,138Â 200Â 321,1.0
1014743,201900056274,12,4,15:30,1,2,6,1.0,6.0,17369,RD 735,M,"46,1981340"," -1,3549540",17,2019,50.0,1.0,1.0,3.0,2269357,10.0,3,3,2,3.0,,3.0,3,1928.0,A01,138Â 200Â 321,0.0,-1.0,-1.0,1732140,1.0,7,,0.0,1.0,1.0,A01,138Â 200Â 321,1.0
1014744,201900056275,5,12,08:30,1,1,1,1.0,2.0,13001,A8 PK021.000 sens NICE-LYON,M,"43,5131820","5,4792300",13,2019,110.0,1.0,1.0,1.0,2269358,1.0,1,4,2,0.0,,0.0,0,1990.0,A01,138Â 200Â 323,1.0,-1.0,-1.0,1732141,2.0,7,,0.0,2.0,1.0,A01,138Â 200Â 323,1.0
1014744,201900056275,5,12,08:30,1,1,1,1.0,2.0,13001,A8 PK021.000 sens NICE-LYON,M,"43,5131820","5,4792300",13,2019,110.0,1.0,1.0,1.0,2269358,1.0,1,4,2,0.0,,0.0,0,1990.0,A01,138Â 200Â 323,1.0,-1.0,-1.0,1732142,2.0,7,,0.0,2.0,4.0,B01,138Â 200Â 324,1.0
1014744,201900056275,5,12,08:30,1,1,1,1.0,2.0,13001,A8 PK021.000 sens NICE-LYON,M,"43,5131820","5,4792300",13,2019,110.0,1.0,1.0,1.0,2269359,1.0,1,1,1,0.0,,0.0,0,1992.0,B01,138Â 200Â 324,8.0,-1.0,-1.0,1732141,2.0,7,,0.0,2.0,1.0,A01,138Â 200Â 323,1.0
1014744,201900056275,5,12,08:30,1,1,1,1.0,2.0,13001,A8 PK021.000 sens NICE-LYON,M,"43,5131820","5,4792300",13,2019,110.0,1.0,1.0,1.0,2269359,1.0,1,1,1,0.0,,0.0,0,1992.0,B01,138Â 200Â 324,8.0,-1.0,-1.0,1732142,2.0,7,,0.0,2.0,4.0,B01,138Â 200Â 324,1.0
1014745,201900056276,12,4,07:00,3,1,1,1.0,6.0,16359,Ld Montperron,M,"45,6442860"," -0,3288760",16,2019,80.0,3.0,1.0,3.0,2269360,1.0,1,3,1,3.0,,0.0,0,1971.0,A01,138Â 200Â 320,1.0,-1.0,-1.0,1732143,1.0,7,,8.0,0.0,7.0,A01,138Â 200Â 320,1.0
1014746,201900056277,12,4,13:16,1,1,1,1.0,5.0,24445,D32,M,"44,9214730","0,7180180",24,2019,80.0,1.0,1.0,3.0,2269361,1.0,1,3,1,1.0,,0.0,0,1971.0,A01,138Â 200Â 317,2.0,6.0,-1.0,1732144,1.0,33,,0.0,2.0,8.0,A01,138Â 200Â 317,0.0
1014746,201900056277,12,4,13:16,1,1,1,1.0,5.0,24445,D32,M,"44,9214730","0,7180180",24,2019,80.0,1.0,1.0,3.0,2269361,1.0,1,3,1,1.0,,0.0,0,1971.0,A01,138Â 200Â 317,2.0,6.0,-1.0,1732145,1.0,7,,0.0,0.0,6.0,B01,138Â 200Â 318,1.0
1014746,201900056277,12,4,13:16,1,1,1,1.0,5.0,24445,D32,M,"44,9214730","0,7180180",24,2019,80.0,1.0,1.0,3.0,2269361,1.0,1,3,1,1.0,,0.0,0,1971.0,A01,138Â 200Â 317,2.0,6.0,-1.0,1732146,2.0,17,,0.0,2.0,3.0,C01,138Â 200Â 319,1.0
1014746,201900056277,12,4,13:16,1,1,1,1.0,5.0,24445,D32,M,"44,9214730","0,7180180",24,2019,80.0,1.0,1.0,3.0,2269362,1.0,1,1,2,0.0,,0.0,0,1984.0,B01,138Â 200Â 318,1.0,-1.0,-1.0,1732144,1.0,33,,0.0,2.0,8.0,A01,138Â 200Â 317,0.0
1014746,201900056277,12,4,13:16,1,1,1,1.0,5.0,24445,D32,M,"44,9214730","0,7180180",24,2019,80.0,1.0,1.0,3.0,2269362,1.0,1,1,2,0.0,,0.0,0,1984.0,B01,138Â 200Â 318,1.0,-1.0,-1.0,1732145,1.0,7,,0.0,0.0,6.0,B01,138Â 200Â 318,1.0
1014746,201900056277,12,4,13:16,1,1,1,1.0,5.0,24445,D32,M,"44,9214730","0,7180180",24,2019,80.0,1.0,1.0,3.0,2269362,1.0,1,1,2,0.0,,0.0,0,1984.0,B01,138Â 200Â 318,1.0,-1.0,-1.0,1732146,2.0,17,,0.0,2.0,3.0,C01,138Â 200Â 319,1.0
1014746,201900056277,12,4,13:16,1,1,1,1.0,5.0,24445,D32,M,"44,9214730","0,7180180",24,2019,80.0,1.0,1.0,3.0,2269363,1.0,1,1,1,4.0,,0.0,0,1990.0,C01,138Â 200Â 319,1.0,-1.0,-1.0,1732144,1.0,33,,0.0,2.0,8.0,A01,138Â 200Â 317,0.0
1014746,201900056277,12,4,13:16,1,1,1,1.0,5.0,24445,D32,M,"44,9214730","0,7180180",24,2019,80.0,1.0,1.0,3.0,2269363,1.0,1,1,1,4.0,,0.0,0,1990.0,C01,138Â 200Â 319,1.0,-1.0,-1.0,1732145,1.0,7,,0.0,0.0,6.0,B01,138Â 200Â 318,1.0
1014746,201900056277,12,4,13:16,1,1,1,1.0,5.0,24445,D32,M,"44,9214730","0,7180180",24,2019,80.0,1.0,1.0,3.0,2269363,1.0,1,1,1,4.0,,0.0,0,1990.0,C01,138Â 200Â 319,1.0,-1.0,-1.0,1732146,2.0,17,,0.0,2.0,3.0,C01,138Â 200Â 319,1.0
1014747,201900056278,5,27,11:55,1,2,9,1.0,2.0,77137,N4 / D204,M,"48,6971417","3,2922272",77,2019,70.0,1.0,1.0,2.0,2269364,1.0,1,4,1,4.0,,0.0,0,1990.0,A01,138Â 200Â 315,1.0,-1.0,-1.0,1732147,2.0,17,,0.0,2.0,1.0,A01,138Â 200Â 315,1.0
1014747,201900056278,5,27,11:55,1,2,9,1.0,2.0,77137,N4 / D204,M,"48,6971417","3,2922272",77,2019,70.0,1.0,1.0,2.0,2269364,1.0,1,4,1,4.0,,0.0,0,1990.0,A01,138Â 200Â 315,1.0,-1.0,-1.0,1732148,2.0,38,18.0,0.0,2.0,4.0,B01,138Â 200Â 316,1.0
1014747,201900056278,5,27,11:55,1,2,9,1.0,2.0,77137,N4 / D204,M,"48,6971417","3,2922272",77,2019,70.0,1.0,1.0,2.0,2269365,9.0,2,4,2,9.0,,0.0,0,2009.0,B01,138Â 200Â 316,1.0,-1.0,-1.0,1732147,2.0,17,,0.0,2.0,1.0,A01,138Â 200Â 315,1.0
1014747,201900056278,5,27,11:55,1,2,9,1.0,2.0,77137,N4 / D204,M,"48,6971417","3,2922272",77,2019,70.0,1.0,1.0,2.0,2269365,9.0,2,4,2,9.0,,0.0,0,2009.0,B01,138Â 200Â 316,1.0,-1.0,-1.0,1732148,2.0,38,18.0,0.0,2.0,4.0,B01,138Â 200Â 316,1.0
1014747,201900056278,5,27,11:55,1,2,9,1.0,2.0,77137,N4 / D204,M,"48,6971417","3,2922272",77,2019,70.0,1.0,1.0,2.0,2269366,7.0,2,4,2,9.0,,0.0,0,2010.0,B01,138Â 200Â 316,1.0,-1.0,-1.0,1732147,2.0,17,,0.0,2.0,1.0,A01,138Â 200Â 315,1.0
1014747,201900056278,5,27,11:55,1,2,9,1.0,2.0,77137,N4 / D204,M,"48,6971417","3,2922272",77,2019,70.0,1.0,1.0,2.0,2269366,7.0,2,4,2,9.0,,0.0,0,2010.0,B01,138Â 200Â 316,1.0,-1.0,-1.0,1732148,2.0,38,18.0,0.0,2.0,4.0,B01,138Â 200Â 316,1.0
1014747,201900056278,5,27,11:55,1,2,9,1.0,2.0,77137,N4 / D204,M,"48,6971417","3,2922272",77,2019,70.0,1.0,1.0,2.0,2269367,7.0,2,4,1,9.0,,0.0,0,2009.0,B01,138Â 200Â 316,1.0,-1.0,-1.0,1732147,2.0,17,,0.0,2.0,1.0,A01,138Â 200Â 315,1.0
1014747,201900056278,5,27,11:55,1,2,9,1.0,2.0,77137,N4 / D204,M,"48,6971417","3,2922272",77,2019,70.0,1.0,1.0,2.0,2269367,7.0,2,4,1,9.0,,0.0,0,2009.0,B01,138Â 200Â 316,1.0,-1.0,-1.0,1732148,2.0,38,18.0,0.0,2.0,4.0,B01,138Â 200Â 316,1.0
1014747,201900056278,5,27,11:55,1,2,9,1.0,2.0,77137,N4 / D204,M,"48,6971417","3,2922272",77,2019,70.0,1.0,1.0,2.0,2269368,7.0,2,4,2,9.0,,0.0,0,2009.0,B01,138Â 200Â 316,1.0,-1.0,-1.0,1732147,2.0,17,,0.0,2.0,1.0,A01,138Â 200Â 315,1.0
1014747,201900056278,5,27,11:55,1,2,9,1.0,2.0,77137,N4 / D204,M,"48,6971417","3,2922272",77,2019,70.0,1.0,1.0,2.0,2269368,7.0,2,4,2,9.0,,0.0,0,2009.0,B01,138Â 200Â 316,1.0,-1.0,-1.0,1732148,2.0,38,18.0,0.0,2.0,4.0,B01,138Â 200Â 316,1.0
1014747,201900056278,5,27,11:55,1,2,9,1.0,2.0,77137,N4 / D204,M,"48,6971417","3,2922272",77,2019,70.0,1.0,1.0,2.0,2269369,9.0,2,4,2,9.0,,0.0,0,1976.0,B01,138Â 200Â 316,1.0,-1.0,-1.0,1732147,2.0,17,,0.0,2.0,1.0,A01,138Â 200Â 315,1.0
1014747,201900056278,5,27,11:55,1,2,9,1.0,2.0,77137,N4 / D204,M,"48,6971417","3,2922272",77,2019,70.0,1.0,1.0,2.0,2269369,9.0,2,4,2,9.0,,0.0,0,1976.0,B01,138Â 200Â 316,1.0,-1.0,-1.0,1732148,2.0,38,18.0,0.0,2.0,4.0,B01,138Â 200Â 316,1.0
1014747,201900056278,5,27,11:55,1,2,9,1.0,2.0,77137,N4 / D204,M,"48,6971417","3,2922272",77,2019,70.0,1.0,1.0,2.0,2269370,9.0,2,4,1,9.0,,0.0,0,2009.0,B01,138Â 200Â 316,1.0,-1.0,-1.0,1732147,2.0,17,,0.0,2.0,1.0,A01,138Â 200Â 315,1.0
1014747,201900056278,5,27,11:55,1,2,9,1.0,2.0,77137,N4 / D204,M,"48,6971417","3,2922272",77,2019,70.0,1.0,1.0,2.0,2269370,9.0,2,4,1,9.0,,0.0,0,2009.0,B01,138Â 200Â 316,1.0,-1.0,-1.0,1732148,2.0,38,18.0,0.0,2.0,4.0,B01,138Â 200Â 316,1.0