Unnamed: 0_x,num_acc,mois,jour,hrmn,lum,agg,int,atm,col,com,adr,gps,lat,long,dep,annee,vma,situ,surf,catr,Unnamed: 0_y,place,catu,grav,sexe,trajet,secu,locp,actp,an_nais,num_veh_x,id_vehicule_x,secu1,secu2,secu3,Unnamed: 0,senc,catv,occutc,obs,obsm,choc,num_veh_y,id_vehicule_y,motor
1014747,201900056278,5,27,11:55,1,2,9,1.0,2.0,77137,N4 / D204,M,"48,6971417","3,2922272",77,2019,70.0,1.0,1.0,2.0,2269371,7.0,2,4,2,9.0,,0.0,0,2010.0,B01,138Â 200Â 316,1.0,-1.0,-1.0,1732147,2.0,17,,0.0,2.0,1.0,A01,138Â 200Â 315,1.0
1014747,201900056278,5,27,11:55,1,2,9,1.0,2.0,77137,N4 / D204,M,"48,6971417","3,2922272",77,2019,70.0,1.0,1.0,2.0,2269371,7.0,2,4,2,9.0,,0.0,0,2010.0,B01,138Â 200Â 316,1.0,-1.0,-1.0,1732148,2.0,38,18.0,0.0,2.0,4.0,B01,138Â 200Â 316,1.0
1014747,201900056278,5,27,11:55,1,2,9,1.0,2.0,77137,N4 / D204,M,"48,6971417","3,2922272",77,2019,70.0,1.0,1.0,2.0,2269372,1.0,1,1,1,4.0,,0.0,0,1972.0,B01,138Â 200Â 316,1.0,-1.0,-1.0,1732147,2.0,17,,0.0,2.0,1.0,A01,138Â 200Â 315,1.0
1014747,201900056278,5,27,11:55,1,2,9,1.0,2.0,77137,N4 / D204,M,"48,6971417","3,2922272",77,2019,70.0,1.0,1.0,2.0,2269372,1.0,1,1,1,4.0,,0.0,0,1972.0,B01,138Â 200Â 316,1.0,-1.0,-1.0,1732148,2.0,38,18.0,0.0,2.0,4.0,B01,138Â 200Â 316,1.0
1014747,201900056278,5,27,11:55,1,2,9,1.0,2.0,77137,N4 / D204,M,"48,6971417","3,2922272",77,2019,70.0,1.0,1.0,2.0,2269373,9.0,2,4,1,9.0,,0.0,0,2010.0,B01,138Â 200Â 316,1.0,-1.0,-1.0,1732147,2.0,17,,0.0,2.0,1.0,A01,138Â 200Â 315,1.0
1014747,201900056278,5,27,11:55,1,2,9,1.0,2.0,77137,N4 / D204,M,"48,6971417","3,2922272",77,2019,70.0,1.0,1.0,2.0,2269373,9.0,2,4,1,9.0,,0.0,0,2010.0,B01,138Â 200Â 316,1.0,-1.0,-1.0,1732148,2.0,38,18.0,0.0,2.0,4.0,B01,138Â 200Â 316,1.0
1014747,201900056278,5,27,11:55,1,2,9,1.0,2.0,77137,N4 / D204,M,"48,6971417","3,2922272",77,2019,70.0,1.0,1.0,2.0,2269374,7.0,2,4,1,9.0,,0.0,0,2010.0,B01,138Â 200Â 316,1.0,-1.0,-1.0,1732147,2.0,17,,0.0,2.0,1.0,A01,138Â 200Â 315,1.0
1014747,201900056278,5,27,11:55,1,2,9,1.0,2.0,77137,N4 / D204,M,"48,6971417","3,2922272",77,2019,70.0,1.0,1.0,2.0,2269374,7.0,2,4,1,9.0,,0.0,0,2010.0,B01,138Â 200Â 316,1.0,-1.0,-1.0,1732148,2.0,38,18.0,0.0,2.0,4.0,B01,138Â 200Â 316,1.0
1014747,201900056278,5,27,11:55,1,2,9,1.0,2.0,77137,N4 / D204,M,"48,6971417","3,2922272",77,2019,70.0,1.0,1.0,2.0,2269375,7.0,2,4,2,9.0,,0.0,0,2009.0,B01,138Â 200Â 316,1.0,-1.0,-1.0,1732147,2.0,17,,0.0,2.0,1.0,A01,138Â 200Â 315,1.0
1014747,201900056278,5,27,11:55,1,2,9,1.0,2.0,77137,N4 / D204,M,"48,6971417","3,2922272",77,2019,70.0,1.0,1.0,2.0,2269375,7.0,2,4,2,9.0,,0.0,0,2009.0,B01,138Â 200Â 316,1.0,-1.0,-1.0,1732148,2.0,38,18.0,0.0,2.0,4.0,B01,138Â 200Â 316,1.0
1014747,201900056278,5,27,11:55,1,2,9,1.0,2.0,77137,N4 / D204,M,"48,6971417","3,2922272",77,2019,70.0,1.0,1.0,2.0,2269376,9.0,2,4,1,9.0,,0.0,0,2009.0,B01,138Â 200Â 316,1.0,-1.0,-1.0,1732147,2.0,17,,0.0,2.0,1.0,A01,138Â 200Â 315,1.0
1014747,201900056278,5,27,11:55,1,2,9,1.0,2.0,77137,N4 / D204,M,"48,6971417","3,2922272",77,2019,70.0,1.0,1.0,2.0,2269376,9.0,2,4,1,9.0,,0.0,0,2009.0,B01,138Â 200Â 316,1.0,-1.0,-1.0,1732148,2.0,38,18.0,0.0,2.0,4.0,B01,138Â 200Â 316,1.0
1014747,201900056278,5,27,11:55,1,2,9,1.0,2.0,77137,N4 / D204,M,"48,6971417","3,2922272",77,2019,70.0,1.0,1.0,2.0,2269377,7.0,2,4,2,9.0,,0.0,0,2010.0,B01,138Â 200Â 316,1.0,-1.0,-1.0,1732147,2.0,17,,0.0,2.0,1.0,A01,138Â 200Â 315,1.0
1014747,201900056278,5,27,11:55,1,2,9,1.0,2.0,77137,N4 / D204,M,"48,6971417","3,2922272",77,2019,70.0,1.0,1.0,2.0,2269377,7.0,2,4,2,9.0,,0.0,0,2010.0,B01,138Â 200Â 316,1.0,-1.0,-1.0,1732148,2.0,38,18.0,0.0,2.0,4.0,B01,138Â 200Â 316,1.0
1014747,201900056278,5,27,11:55,1,2,9,1.0,2.0,77137,N4 / D204,M,"48,6971417","3,2922272",77,2019,70.0,1.0,1.0,2.0,2269378,7.0,2,4,2,9.0,,0.0,0,2009.0,B01,138Â 200Â 316,1.0,-1.0,-1.0,1732147,2.0,17,,0.0,2.0,1.0,A01,138Â 200Â 315,1.0
1014747,201900056278,5,27,11:55,1,2,9,1.0,2.0,77137,N4 / D204,M,"48,6971417","3,2922272",77,2019,70.0,1.0,1.0,2.0,2269378,7.0,2,4,2,9.0,,0.0,0,2009.0,B01,138Â 200Â 316,1.0,-1.0,-1.0,1732148,2.0,38,18.0,0.0,2.0,4.0,B01,138Â 200Â 316,1.0
1014747,201900056278,5,27,11:55,1,2,9,1.0,2.0,77137,N4 / D204,M,"48,6971417","3,2922272",77,2019,70.0,1.0,1.0,2.0,2269379,9.0,2,4,2,9.0,,0.0,0,2009.0,B01,138Â 200Â 316,1.0,-1.0,-1.0,1732147,2.0,17,,0.0,2.0,1.0,A01,138Â 200Â 315,1.0
1014747,201900056278,5,27,11:55,1,2,9,1.0,2.0,77137,N4 / D204,M,"48,6971417","3,2922272",77,2019,70.0,1.0,1.0,2.0,2269379,9.0,2,4,2,9.0,,0.0,0,2009.0,B01,138Â 200Â 316,1.0,-1.0,-1.0,1732148,2.0,38,18.0,0.0,2.0,4.0,B01,138Â 200Â 316,1.0
1014747,201900056278,5,27,11:55,1,2,9,1.0,2.0,77137,N4 / D204,M,"48,6971417","3,2922272",77,2019,70.0,1.0,1.0,2.0,2269380,2.0,2,4,2,9.0,,0.0,0,2010.0,B01,138Â 200Â 316,1.0,-1.0,-1.0,1732147,2.0,17,,0.0,2.0,1.0,A01,138Â 200Â 315,1.0
1014747,201900056278,5,27,11:55,1,2,9,1.0,2.0,77137,N4 / D204,M,"48,6971417","3,2922272",77,2019,70.0,1.0,1.0,2.0,2269380,2.0,2,4,2,9.0,,0.0,0,2010.0,B01,138Â 200Â 316,1.0,-1.0,-1.0,1732148,2.0,38,18.0,0.0,2.0,4.0,B01,138Â 200Â 316,1.0
1014747,201900056278,5,27,11:55,1,2,9,1.0,2.0,77137,N4 / D204,M,"48,6971417","3,2922272",77,2019,70.0,1.0,1.0,2.0,2269381,9.0,2,4,2,2.0,,0.0,0,2010.0,B01,138Â 200Â 316,1.0,-1.0,-1.0,1732147,2.0,17,,0.0,2.0,1.0,A01,138Â 200Â 315,1.0
1014747,201900056278,5,27,11:55,1,2,9,1.0,2.0,77137,N4 / D204,M,"48,6971417","3,2922272",77,2019,70.0,1.0,1.0,2.0,2269381,9.0,2,4,2,2.0,,0.0,0,2010.0,B01,138Â 200Â 316,1.0,-1.0,-1.0,1732148,2.0,38,18.0,0.0,2.0,4.0,B01,138Â 200Â 316,1.0
1014747,201900056278,5,27,11:55,1,2,9,1.0,2.0,77137,N4 / D204,M,"48,6971417","3,2922272",77,2019,70.0,1.0,1.0,2.0,2269382,7.0,2,4,1,9.0,,0.0,0,2010.0,B01,138Â 200Â 316,1.0,-1.0,-1.0,1732147,2.0,17,,0.0,2.0,1.0,A01,138Â 200Â 315,1.0
1014747,201900056278,5,27,11:55,1,2,9,1.0,2.0,77137,N4 / D204,M,"48,6971417","3,2922272",77,2019,70.0,1.0,1.0,2.0,2269382,7.0,2,4,1,9.0,,0.0,0,2010.0,B01,138Â 200Â 316,1.0,-1.0,-1.0,1732148,2.0,38,18.0,0.0,2.0,4.0,B01,138Â 200Â 316,1.0
1014748,201900056279,12,4,07:50,1,2,3,1.0,3.0,33238,D109,M,"44,7340000"," -0,6108400",33,2019,50.0,1.0,1.0,3.0,2269383,1.0,1,3,1,1.0,,0.0,0,1964.0,B01,138Â 200Â 311,2.0,6.0,-1.0,1732149,2.0,33,,0.0,2.0,2.0,B01,138Â 200Â 311,1.0
1014748,201900056279,12,4,07:50,1,2,3,1.0,3.0,33238,D109,M,"44,7340000"," -0,6108400",33,2019,50.0,1.0,1.0,3.0,2269383,1.0,1,3,1,1.0,,0.0,0,1964.0,B01,138Â 200Â 311,2.0,6.0,-1.0,1732150,0.0,7,,0.0,2.0,3.0,A01,138Â 200Â 314,1.0
1014748,201900056279,12,4,07:50,1,2,3,1.0,3.0,33238,D109,M,"44,7340000"," -0,6108400",33,2019,50.0,1.0,1.0,3.0,2269384,1.0,1,1,1,1.0,,0.0,0,1962.0,A01,138Â 200Â 314,1.0,-1.0,-1.0,1732149,2.0,33,,0.0,2.0,2.0,B01,138Â 200Â 311,1.0
1014748,201900056279,12,4,07:50,1,2,3,1.0,3.0,33238,D109,M,"44,7340000"," -0,6108400",33,2019,50.0,1.0,1.0,3.0,2269384,1.0,1,1,1,1.0,,0.0,0,1962.0,A01,138Â 200Â 314,1.0,-1.0,-1.0,1732150,0.0,7,,0.0,2.0,3.0,A01,138Â 200Â 314,1.0
1014749,201900056280,5,1,09:05,1,1,3,8.0,2.0,44072,D774,M,"47,4225610"," -2,3404590",44,2019,80.0,1.0,1.0,3.0,2269385,1.0,1,1,1,5.0,,0.0,0,1984.0,B01,138Â 200Â 312,1.0,-1.0,-1.0,1732151,2.0,14,,0.0,2.0,5.0,B01,138Â 200Â 312,1.0
1014749,201900056280,5,1,09:05,1,1,3,8.0,2.0,44072,D774,M,"47,4225610"," -2,3404590",44,2019,80.0,1.0,1.0,3.0,2269385,1.0,1,1,1,5.0,,0.0,0,1984.0,B01,138Â 200Â 312,1.0,-1.0,-1.0,1732152,2.0,33,,0.0,2.0,2.0,A01,138Â 200Â 313,1.0
1014749,201900056280,5,1,09:05,1,1,3,8.0,2.0,44072,D774,M,"47,4225610"," -2,3404590",44,2019,80.0,1.0,1.0,3.0,2269386,1.0,1,2,1,5.0,,0.0,0,1992.0,A01,138Â 200Â 313,2.0,6.0,-1.0,1732151,2.0,14,,0.0,2.0,5.0,B01,138Â 200Â 312,1.0
1014749,201900056280,5,1,09:05,1,1,3,8.0,2.0,44072,D774,M,"47,4225610"," -2,3404590",44,2019,80.0,1.0,1.0,3.0,2269386,1.0,1,2,1,5.0,,0.0,0,1992.0,A01,138Â 200Â 313,2.0,6.0,-1.0,1732152,2.0,33,,0.0,2.0,2.0,A01,138Â 200Â 313,1.0
1014750,201900056281,12,2,19:00,3,1,3,1.0,2.0,76420,Route de Rouen,M,"49,6023550","1,4815060",76,2019,70.0,1.0,1.0,3.0,2269387,1.0,1,3,1,0.0,,0.0,0,1965.0,A01,138Â 200Â 306,1.0,-1.0,-1.0,1732153,1.0,7,,0.0,2.0,1.0,A01,138Â 200Â 306,1.0
1014750,201900056281,12,2,19:00,3,1,3,1.0,2.0,76420,Route de Rouen,M,"49,6023550","1,4815060",76,2019,70.0,1.0,1.0,3.0,2269387,1.0,1,3,1,0.0,,0.0,0,1965.0,A01,138Â 200Â 306,1.0,-1.0,-1.0,1732154,1.0,21,,0.0,0.0,4.0,B01,138Â 200Â 307,1.0
1014750,201900056281,12,2,19:00,3,1,3,1.0,2.0,76420,Route de Rouen,M,"49,6023550","1,4815060",76,2019,70.0,1.0,1.0,3.0,2269388,1.0,1,1,1,4.0,,0.0,0,1987.0,B01,138Â 200Â 307,0.0,-1.0,-1.0,1732153,1.0,7,,0.0,2.0,1.0,A01,138Â 200Â 306,1.0
1014750,201900056281,12,2,19:00,3,1,3,1.0,2.0,76420,Route de Rouen,M,"49,6023550","1,4815060",76,2019,70.0,1.0,1.0,3.0,2269388,1.0,1,1,1,4.0,,0.0,0,1987.0,B01,138Â 200Â 307,0.0,-1.0,-1.0,1732154,1.0,21,,0.0,0.0,4.0,B01,138Â 200Â 307,1.0
1014751,201900056282,12,3,19:20,5,2,1,1.0,6.0,59035,rue de l'ancienne gare,M,"50,1065860","3,9512810",59,2019,-1.0,8.0,1.0,6.0,2269389,1.0,1,1,1,5.0,,0.0,0,1988.0,A01,138Â 200Â 304,1.0,-1.0,-1.0,1732155,3.0,7,,0.0,1.0,3.0,A01,138Â 200Â 304,0.0
1014751,201900056282,12,3,19:20,5,2,1,1.0,6.0,59035,rue de l'ancienne gare,M,"50,1065860","3,9512810",59,2019,-1.0,8.0,1.0,6.0,2269390,10.0,3,3,2,5.0,,9.0,3,1946.0,A01,138Â 200Â 304,0.0,-1.0,-1.0,1732155,3.0,7,,0.0,1.0,3.0,A01,138Â 200Â 304,0.0
1014752,201900056283,5,24,12:20,1,1,1,1.0,4.0,68129,Autoroute A36 P 004+100,M,"47,7361680","7,2121130",68,2019,-1.0,1.0,1.0,1.0,2269391,1.0,1,4,1,1.0,,0.0,0,1987.0,A01,138Â 200Â 305,1.0,-1.0,-1.0,1732156,2.0,10,,0.0,2.0,3.0,A01,138Â 200Â 305,0.0
1014752,201900056283,5,24,12:20,1,1,1,1.0,4.0,68129,Autoroute A36 P 004+100,M,"47,7361680","7,2121130",68,2019,-1.0,1.0,1.0,1.0,2269391,1.0,1,4,1,1.0,,0.0,0,1987.0,A01,138Â 200Â 305,1.0,-1.0,-1.0,1732157,2.0,7,,0.0,2.0,4.0,B01,138Â 200Â 308,0.0
1014752,201900056283,5,24,12:20,1,1,1,1.0,4.0,68129,Autoroute A36 P 004+100,M,"47,7361680","7,2121130",68,2019,-1.0,1.0,1.0,1.0,2269391,1.0,1,4,1,1.0,,0.0,0,1987.0,A01,138Â 200Â 305,1.0,-1.0,-1.0,1732158,2.0,33,,0.0,2.0,1.0,C01,138Â 200Â 309,1.0
1014752,201900056283,5,24,12:20,1,1,1,1.0,4.0,68129,Autoroute A36 P 004+100,M,"47,7361680","7,2121130",68,2019,-1.0,1.0,1.0,1.0,2269391,1.0,1,4,1,1.0,,0.0,0,1987.0,A01,138Â 200Â 305,1.0,-1.0,-1.0,1732159,2.0,7,,0.0,0.0,1.0,D01,138Â 200Â 310,1.0
1014752,201900056283,5,24,12:20,1,1,1,1.0,4.0,68129,Autoroute A36 P 004+100,M,"47,7361680","7,2121130",68,2019,-1.0,1.0,1.0,1.0,2269392,1.0,1,1,2,5.0,,0.0,0,1964.0,B01,138Â 200Â 308,1.0,-1.0,-1.0,1732156,2.0,10,,0.0,2.0,3.0,A01,138Â 200Â 305,0.0
1014752,201900056283,5,24,12:20,1,1,1,1.0,4.0,68129,Autoroute A36 P 004+100,M,"47,7361680","7,2121130",68,2019,-1.0,1.0,1.0,1.0,2269392,1.0,1,1,2,5.0,,0.0,0,1964.0,B01,138Â 200Â 308,1.0,-1.0,-1.0,1732157,2.0,7,,0.0,2.0,4.0,B01,138Â 200Â 308,0.0
1014752,201900056283,5,24,12:20,1,1,1,1.0,4.0,68129,Autoroute A36 P 004+100,M,"47,7361680","7,2121130",68,2019,-1.0,1.0,1.0,1.0,2269392,1.0,1,1,2,5.0,,0.0,0,1964.0,B01,138Â 200Â 308,1.0,-1.0,-1.0,1732158,2.0,33,,0.0,2.0,1.0,C01,138Â 200Â 309,1.0
1014752,201900056283,5,24,12:20,1,1,1,1.0,4.0,68129,Autoroute A36 P 004+100,M,"47,7361680","7,2121130",68,2019,-1.0,1.0,1.0,1.0,2269392,1.0,1,1,2,5.0,,0.0,0,1964.0,B01,138Â 200Â 308,1.0,-1.0,-1.0,1732159,2.0,7,,0.0,0.0,1.0,D01,138Â 200Â 310,1.0
1014752,201900056283,5,24,12:20,1,1,1,1.0,4.0,68129,Autoroute A36 P 004+100,M,"47,7361680","7,2121130",68,2019,-1.0,1.0,1.0,1.0,2269393,1.0,1,3,1,1.0,,0.0,0,1970.0,C01,138Â 200Â 309,2.0,6.0,-1.0,1732156,2.0,10,,0.0,2.0,3.0,A01,138Â 200Â 305,0.0
1014752,201900056283,5,24,12:20,1,1,1,1.0,4.0,68129,Autoroute A36 P 004+100,M,"47,7361680","7,2121130",68,2019,-1.0,1.0,1.0,1.0,2269393,1.0,1,3,1,1.0,,0.0,0,1970.0,C01,138Â 200Â 309,2.0,6.0,-1.0,1732157,2.0,7,,0.0,2.0,4.0,B01,138Â 200Â 308,0.0
1014752,201900056283,5,24,12:20,1,1,1,1.0,4.0,68129,Autoroute A36 P 004+100,M,"47,7361680","7,2121130",68,2019,-1.0,1.0,1.0,1.0,2269393,1.0,1,3,1,1.0,,0.0,0,1970.0,C01,138Â 200Â 309,2.0,6.0,-1.0,1732158,2.0,33,,0.0,2.0,1.0,C01,138Â 200Â 309,1.0
1014752,201900056283,5,24,12:20,1,1,1,1.0,4.0,68129,Autoroute A36 P 004+100,M,"47,7361680","7,2121130",68,2019,-1.0,1.0,1.0,1.0,2269393,1.0,1,3,1,1.0,,0.0,0,1970.0,C01,138Â 200Â 309,2.0,6.0,-1.0,1732159,2.0,7,,0.0,0.0,1.0,D01,138Â 200Â 310,1.0
1014752,201900056283,5,24,12:20,1,1,1,1.0,4.0,68129,Autoroute A36 P 004+100,M,"47,7361680","7,2121130",68,2019,-1.0,1.0,1.0,1.0,2269394,1.0,1,1,1,1.0,,0.0,0,1991.0,D01,138Â 200Â 310,1.0,-1.0,-1.0,1732156,2.0,10,,0.0,2.0,3.0,A01,138Â 200Â 305,0.0
1014752,201900056283,5,24,12:20,1,1,1,1.0,4.0,68129,Autoroute A36 P 004+100,M,"47,7361680","7,2121130",68,2019,-1.0,1.0,1.0,1.0,2269394,1.0,1,1,1,1.0,,0.0,0,1991.0,D01,138Â 200Â 310,1.0,-1.0,-1.0,1732157,2.0,7,,0.0,2.0,4.0,B01,138Â 200Â 308,0.0
1014752,201900056283,5,24,12:20,1,1,1,1.0,4.0,68129,Autoroute A36 P 004+100,M,"47,7361680","7,2121130",68,2019,-1.0,1.0,1.0,1.0,2269394,1.0,1,1,1,1.0,,0.0,0,1991.0,D01,138Â 200Â 310,1.0,-1.0,-1.0,1732158,2.0,33,,0.0,2.0,1.0,C01,138Â 200Â 309,1.0
1014752,201900056283,5,24,12:20,1,1,1,1.0,4.0,68129,Autoroute A36 P 004+100,M,"47,7361680","7,2121130",68,2019,-1.0,1.0,1.0,1.0,2269394,1.0,1,1,1,1.0,,0.0,0,1991.0,D01,138Â 200Â 310,1.0,-1.0,-1.0,1732159,2.0,7,,0.0,0.0,1.0,D01,138Â 200Â 310,1.0
1014753,201900056284,5,28,22:30,5,1,9,1.0,7.0,06067,A8 PK 216+000 NORD,M,"43,7765120","7,4488780",6,2019,110.0,1.0,1.0,1.0,2269395,1.0,1,3,1,5.0,,0.0,0,1970.0,A01,138Â 200Â 303,2.0,6.0,-1.0,1732160,2.0,33,,0.0,0.0,8.0,A01,138Â 200Â 303,1.0
1014754,201900056285,12,3,22:00,5,2,6,1.0,6.0,59252,Rue au Vent,M,"50,7113500","2,9387430",59,2019,50.0,8.0,2.0,7.0,2269396,1.0,1,4,1,5.0,,0.0,0,2000.0,A01,138Â 200Â 301,1.0,-1.0,-1.0,1732161,0.0,7,,1.0,0.0,7.0,A01,138Â 200Â 301,1.0
1014755,201900056286,5,19,21:55,5,1,1,2.0,2.0,06088,A8 PK 196+420 SUD,M,"43,7350204","7,2477525",6,2019,90.0,1.0,1.0,1.0,2269397,1.0,1,1,1,1.0,,0.0,0,2000.0,A01,138Â 200Â 300,1.0,-1.0,-1.0,1732162,1.0,7,,6.0,2.0,9.0,A01,138Â 200Â 300,1.0
1014755,201900056286,5,19,21:55,5,1,1,2.0,2.0,06088,A8 PK 196+420 SUD,M,"43,7350204","7,2477525",6,2019,90.0,1.0,1.0,1.0,2269397,1.0,1,1,1,1.0,,0.0,0,2000.0,A01,138Â 200Â 300,1.0,-1.0,-1.0,1732163,1.0,7,,0.0,0.0,4.0,B01,138Â 200Â 302,1.0
1014755,201900056286,5,19,21:55,5,1,1,2.0,2.0,06088,A8 PK 196+420 SUD,M,"43,7350204","7,2477525",6,2019,90.0,1.0,1.0,1.0,2269398,1.0,1,4,2,1.0,,0.0,0,1983.0,B01,138Â 200Â 302,1.0,-1.0,-1.0,1732162,1.0,7,,6.0,2.0,9.0,A01,138Â 200Â 300,1.0
1014755,201900056286,5,19,21:55,5,1,1,2.0,2.0,06088,A8 PK 196+420 SUD,M,"43,7350204","7,2477525",6,2019,90.0,1.0,1.0,1.0,2269398,1.0,1,4,2,1.0,,0.0,0,1983.0,B01,138Â 200Â 302,1.0,-1.0,-1.0,1732163,1.0,7,,0.0,0.0,4.0,B01,138Â 200Â 302,1.0
1014756,201900056287,12,4,09:45,1,2,6,7.0,6.0,59034,Rue de Pont a Marcq,M,"50,5375900","3,0807500",59,2019,30.0,1.0,1.0,3.0,2269399,10.0,3,3,1,5.0,,3.0,3,1929.0,A01,138Â 200Â 299,0.0,-1.0,-1.0,1732164,2.0,7,,0.0,1.0,2.0,A01,138Â 200Â 299,0.0
1014756,201900056287,12,4,09:45,1,2,6,7.0,6.0,59034,Rue de Pont a Marcq,M,"50,5375900","3,0807500",59,2019,30.0,1.0,1.0,3.0,2269400,1.0,1,1,2,1.0,,0.0,0,1970.0,A01,138Â 200Â 299,1.0,-1.0,-1.0,1732164,2.0,7,,0.0,1.0,2.0,A01,138Â 200Â 299,0.0
1014757,201900056288,5,10,18:50,1,1,1,1.0,7.0,06088,A8 PK 187.200 NORD,M,"43,6891270","7,1900550",6,2019,110.0,1.0,1.0,1.0,2269401,1.0,1,4,1,9.0,,0.0,0,1964.0,A01,138Â 200Â 298,2.0,-1.0,-1.0,1732165,2.0,33,,0.0,0.0,8.0,A01,138Â 200Â 298,1.0
1014758,201900056289,5,10,09:50,1,1,1,1.0,2.0,06104,A8 PK 215.800 SUD,M,"43,7748923","7,4495797",6,2019,110.0,1.0,1.0,1.0,2269402,1.0,1,1,1,4.0,,0.0,0,1998.0,A01,138Â 200Â 295,1.0,-1.0,-1.0,1732166,1.0,10,,0.0,2.0,2.0,A01,138Â 200Â 295,1.0
1014758,201900056289,5,10,09:50,1,1,1,1.0,2.0,06104,A8 PK 215.800 SUD,M,"43,7748923","7,4495797",6,2019,110.0,1.0,1.0,1.0,2269402,1.0,1,1,1,4.0,,0.0,0,1998.0,A01,138Â 200Â 295,1.0,-1.0,-1.0,1732167,1.0,10,,0.0,0.0,6.0,B01,138Â 200Â 297,1.0
1014758,201900056289,5,10,09:50,1,1,1,1.0,2.0,06104,A8 PK 215.800 SUD,M,"43,7748923","7,4495797",6,2019,110.0,1.0,1.0,1.0,2269403,1.0,1,3,1,4.0,,0.0,0,1967.0,B01,138Â 200Â 297,1.0,-1.0,-1.0,1732166,1.0,10,,0.0,2.0,2.0,A01,138Â 200Â 295,1.0
1014758,201900056289,5,10,09:50,1,1,1,1.0,2.0,06104,A8 PK 215.800 SUD,M,"43,7748923","7,4495797",6,2019,110.0,1.0,1.0,1.0,2269403,1.0,1,3,1,4.0,,0.0,0,1967.0,B01,138Â 200Â 297,1.0,-1.0,-1.0,1732167,1.0,10,,0.0,0.0,6.0,B01,138Â 200Â 297,1.0
1014759,201900056290,12,3,07:45,2,1,1,1.0,3.0,13215,A7-Sens Lyon vers Marseille,M,"43,3688926","5,3610084",13,2019,90.0,1.0,1.0,1.0,2269404,1.0,1,4,1,4.0,,-1.0,0,1964.0,A01,138Â 200Â 294,2.0,6.0,-1.0,1732168,2.0,33,,0.0,2.0,8.0,A01,138Â 200Â 294,1.0
1014759,201900056290,12,3,07:45,2,1,1,1.0,3.0,13215,A7-Sens Lyon vers Marseille,M,"43,3688926","5,3610084",13,2019,90.0,1.0,1.0,1.0,2269404,1.0,1,4,1,4.0,,-1.0,0,1964.0,A01,138Â 200Â 294,2.0,6.0,-1.0,1732169,1.0,10,,0.0,2.0,7.0,B01,138Â 200Â 296,1.0
1014759,201900056290,12,3,07:45,2,1,1,1.0,3.0,13215,A7-Sens Lyon vers Marseille,M,"43,3688926","5,3610084",13,2019,90.0,1.0,1.0,1.0,2269405,1.0,1,1,1,4.0,,-1.0,0,1962.0,B01,138Â 200Â 296,1.0,8.0,-1.0,1732168,2.0,33,,0.0,2.0,8.0,A01,138Â 200Â 294,1.0
1014759,201900056290,12,3,07:45,2,1,1,1.0,3.0,13215,A7-Sens Lyon vers Marseille,M,"43,3688926","5,3610084",13,2019,90.0,1.0,1.0,1.0,2269405,1.0,1,1,1,4.0,,-1.0,0,1962.0,B01,138Â 200Â 296,1.0,8.0,-1.0,1732169,1.0,10,,0.0,2.0,7.0,B01,138Â 200Â 296,1.0
1014760,201900056291,12,2,10:00,2,1,1,1.0,2.0,13071,A7-Sens Marseille vers Lyon,M,"43,4099926","5,2851317",13,2019,110.0,1.0,1.0,1.0,2269406,1.0,1,1,1,4.0,,-1.0, -1,1983.0,A01,138Â 200Â 290,1.0,8.0,-1.0,1732170,2.0,14,,6.0,2.0,4.0,A01,138Â 200Â 290,1.0
1014760,201900056291,12,2,10:00,2,1,1,1.0,2.0,13071,A7-Sens Marseille vers Lyon,M,"43,4099926","5,2851317",13,2019,110.0,1.0,1.0,1.0,2269406,1.0,1,1,1,4.0,,-1.0, -1,1983.0,A01,138Â 200Â 290,1.0,8.0,-1.0,1732171,2.0,7,,6.0,2.0,1.0,B01,138Â 200Â 291,1.0
1014760,201900056291,12,2,10:00,2,1,1,1.0,2.0,13071,A7-Sens Marseille vers Lyon,M,"43,4099926","5,2851317",13,2019,110.0,1.0,1.0,1.0,2269407,1.0,1,4,1,5.0,,-1.0, -1,1988.0,B01,138Â 200Â 291,1.0,8.0,-1.0,1732170,2.0,14,,6.0,2.0,4.0,A01,138Â 200Â 290,1.0
1014760,201900056291,12,2,10:00,2,1,1,1.0,2.0,13071,A7-Sens Marseille vers Lyon,M,"43,4099926","5,2851317",13,2019,110.0,1.0,1.0,1.0,2269407,1.0,1,4,1,5.0,,-1.0, -1,1988.0,B01,138Â 200Â 291,1.0,8.0,-1.0,1732171,2.0,7,,6.0,2.0,1.0,B01,138Â 200Â 291,1.0
1014761,201900056292,5,16,18:20,1,1,1,1.0,2.0,02227,AUTOROUTE A4 PK 100+400,M,"49,1282510","3,5849420",2,2019,130.0,2.0,1.0,1.0,2269408,1.0,1,1,1,4.0,,0.0,0,1976.0,B01,138Â 200Â 292,1.0,-1.0,-1.0,1732172,1.0,17,,0.0,0.0,4.0,B01,138Â 200Â 292,1.0
1014761,201900056292,5,16,18:20,1,1,1,1.0,2.0,02227,AUTOROUTE A4 PK 100+400,M,"49,1282510","3,5849420",2,2019,130.0,2.0,1.0,1.0,2269408,1.0,1,1,1,4.0,,0.0,0,1976.0,B01,138Â 200Â 292,1.0,-1.0,-1.0,1732173,1.0,7,,0.0,2.0,1.0,A01,138Â 200Â 293,1.0