Unnamed: 0_x,num_acc,mois,jour,hrmn,lum,agg,int,atm,col,com,adr,gps,lat,long,dep,annee,vma,situ,surf,catr,Unnamed: 0_y,place,catu,grav,sexe,trajet,secu,locp,actp,an_nais,num_veh_x,id_vehicule_x,secu1,secu2,secu3,Unnamed: 0,senc,catv,occutc,obs,obsm,choc,num_veh_y,id_vehicule_y,motor
1014761,201900056292,5,16,18:20,1,1,1,1.0,2.0,02227,AUTOROUTE A4 PK 100+400,M,"49,1282510","3,5849420",2,2019,130.0,2.0,1.0,1.0,2269409,1.0,1,3,1,2.0,,0.0,0,1995.0,A01,138Â 200Â 293,1.0,9.0,-1.0,1732172,1.0,17,,0.0,0.0,4.0,B01,138Â 200Â 292,1.0
1014761,201900056292,5,16,18:20,1,1,1,1.0,2.0,02227,AUTOROUTE A4 PK 100+400,M,"49,1282510","3,5849420",2,2019,130.0,2.0,1.0,1.0,2269409,1.0,1,3,1,2.0,,0.0,0,1995.0,A01,138Â 200Â 293,1.0,9.0,-1.0,1732173,1.0,7,,0.0,2.0,1.0,A01,138Â 200Â 293,1.0
1014762,201900056293,12,2,07:45,1,1,1,1.0,2.0,13211,A50-Sens Aubagne vers Marseille,M,"43,2865510","5,4329550",13,2019,70.0,1.0,2.0,1.0,2269410,1.0,1,1,1,1.0,,0.0,0,1977.0,B01,138Â 200Â 288,1.0,0.0,-1.0,1732174,2.0,7,,0.0,2.0,1.0,B01,138Â 200Â 288,1.0
1014762,201900056293,12,2,07:45,1,1,1,1.0,2.0,13211,A50-Sens Aubagne vers Marseille,M,"43,2865510","5,4329550",13,2019,70.0,1.0,2.0,1.0,2269410,1.0,1,1,1,1.0,,0.0,0,1977.0,B01,138Â 200Â 288,1.0,0.0,-1.0,1732175,2.0,7,,0.0,2.0,4.0,A01,138Â 200Â 289,1.0
1014762,201900056293,12,2,07:45,1,1,1,1.0,2.0,13211,A50-Sens Aubagne vers Marseille,M,"43,2865510","5,4329550",13,2019,70.0,1.0,2.0,1.0,2269411,1.0,1,4,2,1.0,,0.0,0,1992.0,A01,138Â 200Â 289,1.0,0.0,-1.0,1732174,2.0,7,,0.0,2.0,1.0,B01,138Â 200Â 288,1.0
1014762,201900056293,12,2,07:45,1,1,1,1.0,2.0,13211,A50-Sens Aubagne vers Marseille,M,"43,2865510","5,4329550",13,2019,70.0,1.0,2.0,1.0,2269411,1.0,1,4,2,1.0,,0.0,0,1992.0,A01,138Â 200Â 289,1.0,0.0,-1.0,1732175,2.0,7,,0.0,2.0,4.0,A01,138Â 200Â 289,1.0
1014763,201900056294,5,4,13:45,1,1,1,4.0,7.0,02465,autoroute A4  Sens Strasbourg Paris PK 71+100,M,"49,0401830","3,2187450",2,2019,130.0,3.0,7.0,1.0,2269412,1.0,1,3,1,5.0,,0.0,0,1956.0,A01,138Â 200Â 287,1.0,-1.0,-1.0,1732176,2.0,7,,15.0,0.0,6.0,A01,138Â 200Â 287,1.0
1014764,201900056295,11,28,17:40,3,1,1,1.0,2.0,13071,A7-Sens Marseille vers Lyon,M,"43,4055000","5,2951110",13,2019,110.0,1.0,1.0,1.0,2269413,1.0,1,4,2,9.0,,-1.0, -1,1991.0,B01,138Â 200Â 285,1.0,0.0,-1.0,1732177,2.0,7,,0.0,2.0,1.0,B01,138Â 200Â 285,1.0
1014764,201900056295,11,28,17:40,3,1,1,1.0,2.0,13071,A7-Sens Marseille vers Lyon,M,"43,4055000","5,2951110",13,2019,110.0,1.0,1.0,1.0,2269413,1.0,1,4,2,9.0,,-1.0, -1,1991.0,B01,138Â 200Â 285,1.0,0.0,-1.0,1732178,2.0,10,,0.0,2.0,4.0,A01,138Â 200Â 286,1.0
1014764,201900056295,11,28,17:40,3,1,1,1.0,2.0,13071,A7-Sens Marseille vers Lyon,M,"43,4055000","5,2951110",13,2019,110.0,1.0,1.0,1.0,2269414,1.0,1,1,2,9.0,,-1.0, -1,1984.0,A01,138Â 200Â 286,1.0,0.0,-1.0,1732177,2.0,7,,0.0,2.0,1.0,B01,138Â 200Â 285,1.0
1014764,201900056295,11,28,17:40,3,1,1,1.0,2.0,13071,A7-Sens Marseille vers Lyon,M,"43,4055000","5,2951110",13,2019,110.0,1.0,1.0,1.0,2269414,1.0,1,1,2,9.0,,-1.0, -1,1984.0,A01,138Â 200Â 286,1.0,0.0,-1.0,1732178,2.0,10,,0.0,2.0,4.0,A01,138Â 200Â 286,1.0
1014765,201900056296,5,28,07:15,1,1,1,1.0,6.0,97603,CD 3,M," -12,8976050","45,1951420",976,2019,-1.0,1.0,1.0,3.0,2269415,1.0,1,4,1,1.0,,0.0,0,1980.0,B01,138Â 200Â 283,2.0,-1.0,-1.0,1732179,2.0,34,,0.0,2.0,3.0,B01,138Â 200Â 283,1.0
1014765,201900056296,5,28,07:15,1,1,1,1.0,6.0,97603,CD 3,M," -12,8976050","45,1951420",976,2019,-1.0,1.0,1.0,3.0,2269415,1.0,1,4,1,1.0,,0.0,0,1980.0,B01,138Â 200Â 283,2.0,-1.0,-1.0,1732180,2.0,7,,0.0,0.0,5.0,A01,138Â 200Â 284,1.0
1014765,201900056296,5,28,07:15,1,1,1,1.0,6.0,97603,CD 3,M," -12,8976050","45,1951420",976,2019,-1.0,1.0,1.0,3.0,2269416,1.0,1,1,1,5.0,,0.0,0,1991.0,A01,138Â 200Â 284,1.0,-1.0,-1.0,1732179,2.0,34,,0.0,2.0,3.0,B01,138Â 200Â 283,1.0
1014765,201900056296,5,28,07:15,1,1,1,1.0,6.0,97603,CD 3,M," -12,8976050","45,1951420",976,2019,-1.0,1.0,1.0,3.0,2269416,1.0,1,1,1,5.0,,0.0,0,1991.0,A01,138Â 200Â 284,1.0,-1.0,-1.0,1732180,2.0,7,,0.0,0.0,5.0,A01,138Â 200Â 284,1.0
1014765,201900056296,5,28,07:15,1,1,1,1.0,6.0,97603,CD 3,M," -12,8976050","45,1951420",976,2019,-1.0,1.0,1.0,3.0,2269417,2.0,2,1,1,5.0,,0.0,0,1995.0,A01,138Â 200Â 284,1.0,-1.0,-1.0,1732179,2.0,34,,0.0,2.0,3.0,B01,138Â 200Â 283,1.0
1014765,201900056296,5,28,07:15,1,1,1,1.0,6.0,97603,CD 3,M," -12,8976050","45,1951420",976,2019,-1.0,1.0,1.0,3.0,2269417,2.0,2,1,1,5.0,,0.0,0,1995.0,A01,138Â 200Â 284,1.0,-1.0,-1.0,1732180,2.0,7,,0.0,0.0,5.0,A01,138Â 200Â 284,1.0
1014766,201900056297,10,17,16:01,1,1,1,1.0,6.0,69290,RN346   38.960 A 40.883,M,"45,7055800","4,9670700",69,2019,90.0,1.0,1.0,2.0,2269418,1.0,1,4,1,5.0,,-1.0,0,1950.0,A01,138Â 200Â 282,1.0,8.0,-1.0,1732181,2.0,7,,3.0,2.0,3.0,A01,138Â 200Â 282,1.0
1014767,201900056298,5,7,06:45,2,1,6,1.0,3.0,49068,D723,M,"47,4120920"," -0,8465930",49,2019,80.0,1.0,1.0,3.0,2269419,1.0,1,3,1,1.0,,0.0,0,1993.0,A01,138Â 200Â 279,2.0,-1.0,-1.0,1732182,0.0,33,,0.0,2.0,2.0,A01,138Â 200Â 279,1.0
1014767,201900056298,5,7,06:45,2,1,6,1.0,3.0,49068,D723,M,"47,4120920"," -0,8465930",49,2019,80.0,1.0,1.0,3.0,2269419,1.0,1,3,1,1.0,,0.0,0,1993.0,A01,138Â 200Â 279,2.0,-1.0,-1.0,1732183,2.0,15,,0.0,2.0,8.0,B01,138Â 200Â 280,1.0
1014767,201900056298,5,7,06:45,2,1,6,1.0,3.0,49068,D723,M,"47,4120920"," -0,8465930",49,2019,80.0,1.0,1.0,3.0,2269420,1.0,1,1,1,4.0,,0.0,0,1993.0,B01,138Â 200Â 280,1.0,-1.0,-1.0,1732182,0.0,33,,0.0,2.0,2.0,A01,138Â 200Â 279,1.0
1014767,201900056298,5,7,06:45,2,1,6,1.0,3.0,49068,D723,M,"47,4120920"," -0,8465930",49,2019,80.0,1.0,1.0,3.0,2269420,1.0,1,1,1,4.0,,0.0,0,1993.0,B01,138Â 200Â 280,1.0,-1.0,-1.0,1732183,2.0,15,,0.0,2.0,8.0,B01,138Â 200Â 280,1.0
1014768,201900056299,12,3,16:10,1,1,1,1.0,4.0,33249,ROUTE NATIONALE 230,M,"44,8736800"," -0,5067100",33,2019,90.0,1.0,1.0,2.0,2269421,1.0,1,1,1,0.0,,-1.0, -1,1976.0,A01,138Â 200Â 274,1.0,8.0,-1.0,1732184,1.0,7,,0.0,2.0,1.0,A01,138Â 200Â 274,1.0
1014768,201900056299,12,3,16:10,1,1,1,1.0,4.0,33249,ROUTE NATIONALE 230,M,"44,8736800"," -0,5067100",33,2019,90.0,1.0,1.0,2.0,2269421,1.0,1,1,1,0.0,,-1.0, -1,1976.0,A01,138Â 200Â 274,1.0,8.0,-1.0,1732185,1.0,10,,0.0,2.0,4.0,B01,138Â 200Â 276,1.0
1014768,201900056299,12,3,16:10,1,1,1,1.0,4.0,33249,ROUTE NATIONALE 230,M,"44,8736800"," -0,5067100",33,2019,90.0,1.0,1.0,2.0,2269421,1.0,1,1,1,0.0,,-1.0, -1,1976.0,A01,138Â 200Â 274,1.0,8.0,-1.0,1732186,1.0,7,,0.0,2.0,4.0,C01,138Â 200Â 278,1.0
1014768,201900056299,12,3,16:10,1,1,1,1.0,4.0,33249,ROUTE NATIONALE 230,M,"44,8736800"," -0,5067100",33,2019,90.0,1.0,1.0,2.0,2269422,1.0,1,1,1,0.0,,-1.0, -1,1994.0,B01,138Â 200Â 276,1.0,8.0,-1.0,1732184,1.0,7,,0.0,2.0,1.0,A01,138Â 200Â 274,1.0
1014768,201900056299,12,3,16:10,1,1,1,1.0,4.0,33249,ROUTE NATIONALE 230,M,"44,8736800"," -0,5067100",33,2019,90.0,1.0,1.0,2.0,2269422,1.0,1,1,1,0.0,,-1.0, -1,1994.0,B01,138Â 200Â 276,1.0,8.0,-1.0,1732185,1.0,10,,0.0,2.0,4.0,B01,138Â 200Â 276,1.0
1014768,201900056299,12,3,16:10,1,1,1,1.0,4.0,33249,ROUTE NATIONALE 230,M,"44,8736800"," -0,5067100",33,2019,90.0,1.0,1.0,2.0,2269422,1.0,1,1,1,0.0,,-1.0, -1,1994.0,B01,138Â 200Â 276,1.0,8.0,-1.0,1732186,1.0,7,,0.0,2.0,4.0,C01,138Â 200Â 278,1.0
1014768,201900056299,12,3,16:10,1,1,1,1.0,4.0,33249,ROUTE NATIONALE 230,M,"44,8736800"," -0,5067100",33,2019,90.0,1.0,1.0,2.0,2269423,1.0,1,4,1,4.0,,-1.0, -1,1990.0,C01,138Â 200Â 278,1.0,8.0,-1.0,1732184,1.0,7,,0.0,2.0,1.0,A01,138Â 200Â 274,1.0
1014768,201900056299,12,3,16:10,1,1,1,1.0,4.0,33249,ROUTE NATIONALE 230,M,"44,8736800"," -0,5067100",33,2019,90.0,1.0,1.0,2.0,2269423,1.0,1,4,1,4.0,,-1.0, -1,1990.0,C01,138Â 200Â 278,1.0,8.0,-1.0,1732185,1.0,10,,0.0,2.0,4.0,B01,138Â 200Â 276,1.0
1014768,201900056299,12,3,16:10,1,1,1,1.0,4.0,33249,ROUTE NATIONALE 230,M,"44,8736800"," -0,5067100",33,2019,90.0,1.0,1.0,2.0,2269423,1.0,1,4,1,4.0,,-1.0, -1,1990.0,C01,138Â 200Â 278,1.0,8.0,-1.0,1732186,1.0,7,,0.0,2.0,4.0,C01,138Â 200Â 278,1.0
1014769,201900056300,5,14,13:40,1,1,1,1.0,4.0,17104,RN 10,M,"45,2875080"," -0,2416140",17,2019,80.0,1.0,1.0,2.0,2269424,1.0,1,4,1,4.0,,0.0,0,1971.0,C01,138Â 200Â 273,1.0,-1.0,-1.0,1732187,2.0,17,,0.0,0.0,4.0,C01,138Â 200Â 273,1.0
1014769,201900056300,5,14,13:40,1,1,1,1.0,4.0,17104,RN 10,M,"45,2875080"," -0,2416140",17,2019,80.0,1.0,1.0,2.0,2269424,1.0,1,4,1,4.0,,0.0,0,1971.0,C01,138Â 200Â 273,1.0,-1.0,-1.0,1732188,2.0,17,,0.0,2.0,4.0,B01,138Â 200Â 275,1.0
1014769,201900056300,5,14,13:40,1,1,1,1.0,4.0,17104,RN 10,M,"45,2875080"," -0,2416140",17,2019,80.0,1.0,1.0,2.0,2269424,1.0,1,4,1,4.0,,0.0,0,1971.0,C01,138Â 200Â 273,1.0,-1.0,-1.0,1732189,2.0,14,,0.0,2.0,2.0,A01,138Â 200Â 277,1.0
1014769,201900056300,5,14,13:40,1,1,1,1.0,4.0,17104,RN 10,M,"45,2875080"," -0,2416140",17,2019,80.0,1.0,1.0,2.0,2269425,1.0,1,1,1,4.0,,0.0,0,1976.0,B01,138Â 200Â 275,1.0,-1.0,-1.0,1732187,2.0,17,,0.0,0.0,4.0,C01,138Â 200Â 273,1.0
1014769,201900056300,5,14,13:40,1,1,1,1.0,4.0,17104,RN 10,M,"45,2875080"," -0,2416140",17,2019,80.0,1.0,1.0,2.0,2269425,1.0,1,1,1,4.0,,0.0,0,1976.0,B01,138Â 200Â 275,1.0,-1.0,-1.0,1732188,2.0,17,,0.0,2.0,4.0,B01,138Â 200Â 275,1.0
1014769,201900056300,5,14,13:40,1,1,1,1.0,4.0,17104,RN 10,M,"45,2875080"," -0,2416140",17,2019,80.0,1.0,1.0,2.0,2269425,1.0,1,1,1,4.0,,0.0,0,1976.0,B01,138Â 200Â 275,1.0,-1.0,-1.0,1732189,2.0,14,,0.0,2.0,2.0,A01,138Â 200Â 277,1.0
1014769,201900056300,5,14,13:40,1,1,1,1.0,4.0,17104,RN 10,M,"45,2875080"," -0,2416140",17,2019,80.0,1.0,1.0,2.0,2269426,1.0,1,4,1,4.0,,0.0,0,1982.0,A01,138Â 200Â 277,1.0,-1.0,-1.0,1732187,2.0,17,,0.0,0.0,4.0,C01,138Â 200Â 273,1.0
1014769,201900056300,5,14,13:40,1,1,1,1.0,4.0,17104,RN 10,M,"45,2875080"," -0,2416140",17,2019,80.0,1.0,1.0,2.0,2269426,1.0,1,4,1,4.0,,0.0,0,1982.0,A01,138Â 200Â 277,1.0,-1.0,-1.0,1732188,2.0,17,,0.0,2.0,4.0,B01,138Â 200Â 275,1.0
1014769,201900056300,5,14,13:40,1,1,1,1.0,4.0,17104,RN 10,M,"45,2875080"," -0,2416140",17,2019,80.0,1.0,1.0,2.0,2269426,1.0,1,4,1,4.0,,0.0,0,1982.0,A01,138Â 200Â 277,1.0,-1.0,-1.0,1732189,2.0,14,,0.0,2.0,2.0,A01,138Â 200Â 277,1.0
1014770,201900056301,5,20,14:25,1,1,1,1.0,2.0,86116,A10 PK 333.280 sens Bordeaux Paris,M,"46,4724650","0,0446540",86,2019,130.0,1.0,1.0,1.0,2269427,1.0,1,1,1,4.0,,0.0,0,1978.0,B01,138Â 200Â 268,1.0,-1.0,-1.0,1732190,2.0,15,,0.0,0.0,5.0,B01,138Â 200Â 268,1.0
1014770,201900056301,5,20,14:25,1,1,1,1.0,2.0,86116,A10 PK 333.280 sens Bordeaux Paris,M,"46,4724650","0,0446540",86,2019,130.0,1.0,1.0,1.0,2269427,1.0,1,1,1,4.0,,0.0,0,1978.0,B01,138Â 200Â 268,1.0,-1.0,-1.0,1732191,2.0,7,,0.0,2.0,1.0,A01,138Â 200Â 269,1.0
1014770,201900056301,5,20,14:25,1,1,1,1.0,2.0,86116,A10 PK 333.280 sens Bordeaux Paris,M,"46,4724650","0,0446540",86,2019,130.0,1.0,1.0,1.0,2269428,9.0,2,3,1,9.0,,0.0,0,1937.0,A01,138Â 200Â 269,1.0,-1.0,-1.0,1732190,2.0,15,,0.0,0.0,5.0,B01,138Â 200Â 268,1.0
1014770,201900056301,5,20,14:25,1,1,1,1.0,2.0,86116,A10 PK 333.280 sens Bordeaux Paris,M,"46,4724650","0,0446540",86,2019,130.0,1.0,1.0,1.0,2269428,9.0,2,3,1,9.0,,0.0,0,1937.0,A01,138Â 200Â 269,1.0,-1.0,-1.0,1732191,2.0,7,,0.0,2.0,1.0,A01,138Â 200Â 269,1.0
1014770,201900056301,5,20,14:25,1,1,1,1.0,2.0,86116,A10 PK 333.280 sens Bordeaux Paris,M,"46,4724650","0,0446540",86,2019,130.0,1.0,1.0,1.0,2269429,1.0,1,4,2,9.0,,0.0,0,1972.0,A01,138Â 200Â 269,1.0,-1.0,-1.0,1732190,2.0,15,,0.0,0.0,5.0,B01,138Â 200Â 268,1.0
1014770,201900056301,5,20,14:25,1,1,1,1.0,2.0,86116,A10 PK 333.280 sens Bordeaux Paris,M,"46,4724650","0,0446540",86,2019,130.0,1.0,1.0,1.0,2269429,1.0,1,4,2,9.0,,0.0,0,1972.0,A01,138Â 200Â 269,1.0,-1.0,-1.0,1732191,2.0,7,,0.0,2.0,1.0,A01,138Â 200Â 269,1.0
1014770,201900056301,5,20,14:25,1,1,1,1.0,2.0,86116,A10 PK 333.280 sens Bordeaux Paris,M,"46,4724650","0,0446540",86,2019,130.0,1.0,1.0,1.0,2269430,2.0,2,2,2,9.0,,0.0,0,1943.0,A01,138Â 200Â 269,1.0,-1.0,-1.0,1732190,2.0,15,,0.0,0.0,5.0,B01,138Â 200Â 268,1.0
1014770,201900056301,5,20,14:25,1,1,1,1.0,2.0,86116,A10 PK 333.280 sens Bordeaux Paris,M,"46,4724650","0,0446540",86,2019,130.0,1.0,1.0,1.0,2269430,2.0,2,2,2,9.0,,0.0,0,1943.0,A01,138Â 200Â 269,1.0,-1.0,-1.0,1732191,2.0,7,,0.0,2.0,1.0,A01,138Â 200Â 269,1.0
1014771,201900056302,5,13,16:40,1,1,2,1.0,3.0,86096,ROUTE DÃPARTEMENTALE 41,M,"46,8137500","0,3168450",86,2019,80.0,1.0,1.0,3.0,2269431,1.0,1,1,1,4.0,,0.0,0,1972.0,B01,138Â 200Â 266,1.0,-1.0,-1.0,1732192,1.0,17,,0.0,2.0,3.0,B01,138Â 200Â 266,1.0
1014771,201900056302,5,13,16:40,1,1,2,1.0,3.0,86096,ROUTE DÃPARTEMENTALE 41,M,"46,8137500","0,3168450",86,2019,80.0,1.0,1.0,3.0,2269431,1.0,1,1,1,4.0,,0.0,0,1972.0,B01,138Â 200Â 266,1.0,-1.0,-1.0,1732193,3.0,1,,0.0,2.0,8.0,A01,138Â 200Â 267,5.0
1014771,201900056302,5,13,16:40,1,1,2,1.0,3.0,86096,ROUTE DÃPARTEMENTALE 41,M,"46,8137500","0,3168450",86,2019,80.0,1.0,1.0,3.0,2269432,1.0,1,3,1,0.0,,0.0,0,1948.0,A01,138Â 200Â 267,0.0,-1.0,-1.0,1732192,1.0,17,,0.0,2.0,3.0,B01,138Â 200Â 266,1.0
1014771,201900056302,5,13,16:40,1,1,2,1.0,3.0,86096,ROUTE DÃPARTEMENTALE 41,M,"46,8137500","0,3168450",86,2019,80.0,1.0,1.0,3.0,2269432,1.0,1,3,1,0.0,,0.0,0,1948.0,A01,138Â 200Â 267,0.0,-1.0,-1.0,1732193,3.0,1,,0.0,2.0,8.0,A01,138Â 200Â 267,5.0
1014772,201900056303,5,30,04:55,2,1,1,1.0,2.0,57129,A4 - PK321+100,M,"49,1846430","6,2382540",57,2019,130.0,1.0,1.0,1.0,2269433,1.0,1,3,1,5.0,,0.0,0,1998.0,B01,138Â 200Â 264,1.0,-1.0,-1.0,1732194,2.0,7,,0.0,0.0,1.0,B01,138Â 200Â 264,1.0
1014772,201900056303,5,30,04:55,2,1,1,1.0,2.0,57129,A4 - PK321+100,M,"49,1846430","6,2382540",57,2019,130.0,1.0,1.0,1.0,2269433,1.0,1,3,1,5.0,,0.0,0,1998.0,B01,138Â 200Â 264,1.0,-1.0,-1.0,1732195,2.0,7,,0.0,0.0,4.0,A01,138Â 200Â 265,1.0
1014772,201900056303,5,30,04:55,2,1,1,1.0,2.0,57129,A4 - PK321+100,M,"49,1846430","6,2382540",57,2019,130.0,1.0,1.0,1.0,2269434,1.0,1,1,1,1.0,,0.0,0,1982.0,A01,138Â 200Â 265,1.0,-1.0,-1.0,1732194,2.0,7,,0.0,0.0,1.0,B01,138Â 200Â 264,1.0
1014772,201900056303,5,30,04:55,2,1,1,1.0,2.0,57129,A4 - PK321+100,M,"49,1846430","6,2382540",57,2019,130.0,1.0,1.0,1.0,2269434,1.0,1,1,1,1.0,,0.0,0,1982.0,A01,138Â 200Â 265,1.0,-1.0,-1.0,1732195,2.0,7,,0.0,0.0,4.0,A01,138Â 200Â 265,1.0
1014773,201900056304,5,17,10:56,1,1,1,1.0,5.0,06066,"D17, Pr 2+900",M,"43,8419820","7,1862350",6,2019,80.0,1.0,1.0,7.0,2269435,1.0,1,4,1,1.0,,0.0,0,1991.0,A01,138Â 200Â 261,1.0,-1.0,-1.0,1732196,2.0,7,,13.0,2.0,2.0,A01,138Â 200Â 261,0.0
1014773,201900056304,5,17,10:56,1,1,1,1.0,5.0,06066,"D17, Pr 2+900",M,"43,8419820","7,1862350",6,2019,80.0,1.0,1.0,7.0,2269435,1.0,1,4,1,1.0,,0.0,0,1991.0,A01,138Â 200Â 261,1.0,-1.0,-1.0,1732197,1.0,38,1.0,0.0,2.0,6.0,B01,138Â 200Â 262,0.0
1014773,201900056304,5,17,10:56,1,1,1,1.0,5.0,06066,"D17, Pr 2+900",M,"43,8419820","7,1862350",6,2019,80.0,1.0,1.0,7.0,2269435,1.0,1,4,1,1.0,,0.0,0,1991.0,A01,138Â 200Â 261,1.0,-1.0,-1.0,1732198,1.0,7,,0.0,2.0,8.0,C01,138Â 200Â 263,0.0
1014773,201900056304,5,17,10:56,1,1,1,1.0,5.0,06066,"D17, Pr 2+900",M,"43,8419820","7,1862350",6,2019,80.0,1.0,1.0,7.0,2269436,1.0,1,1,1,4.0,,0.0,0,1977.0,B01,138Â 200Â 262,1.0,-1.0,-1.0,1732196,2.0,7,,13.0,2.0,2.0,A01,138Â 200Â 261,0.0
1014773,201900056304,5,17,10:56,1,1,1,1.0,5.0,06066,"D17, Pr 2+900",M,"43,8419820","7,1862350",6,2019,80.0,1.0,1.0,7.0,2269436,1.0,1,1,1,4.0,,0.0,0,1977.0,B01,138Â 200Â 262,1.0,-1.0,-1.0,1732197,1.0,38,1.0,0.0,2.0,6.0,B01,138Â 200Â 262,0.0
1014773,201900056304,5,17,10:56,1,1,1,1.0,5.0,06066,"D17, Pr 2+900",M,"43,8419820","7,1862350",6,2019,80.0,1.0,1.0,7.0,2269436,1.0,1,1,1,4.0,,0.0,0,1977.0,B01,138Â 200Â 262,1.0,-1.0,-1.0,1732198,1.0,7,,0.0,2.0,8.0,C01,138Â 200Â 263,0.0
1014773,201900056304,5,17,10:56,1,1,1,1.0,5.0,06066,"D17, Pr 2+900",M,"43,8419820","7,1862350",6,2019,80.0,1.0,1.0,7.0,2269437,1.0,1,1,2,0.0,,0.0,0,1942.0,C01,138Â 200Â 263,1.0,-1.0,-1.0,1732196,2.0,7,,13.0,2.0,2.0,A01,138Â 200Â 261,0.0
1014773,201900056304,5,17,10:56,1,1,1,1.0,5.0,06066,"D17, Pr 2+900",M,"43,8419820","7,1862350",6,2019,80.0,1.0,1.0,7.0,2269437,1.0,1,1,2,0.0,,0.0,0,1942.0,C01,138Â 200Â 263,1.0,-1.0,-1.0,1732197,1.0,38,1.0,0.0,2.0,6.0,B01,138Â 200Â 262,0.0
1014773,201900056304,5,17,10:56,1,1,1,1.0,5.0,06066,"D17, Pr 2+900",M,"43,8419820","7,1862350",6,2019,80.0,1.0,1.0,7.0,2269437,1.0,1,1,2,0.0,,0.0,0,1942.0,C01,138Â 200Â 263,1.0,-1.0,-1.0,1732198,1.0,7,,0.0,2.0,8.0,C01,138Â 200Â 263,0.0
1014774,201900056305,12,3,13:25,1,1,1,1.0,4.0,33192,ROCADE A 630,M,"44,7899500"," -0,6063700",33,2019,90.0,1.0,1.0,1.0,2269438,1.0,1,4,2,0.0,,-1.0, -1,1996.0,A01,138Â 200Â 270,1.0,0.0,-1.0,1732199,2.0,7,,0.0,2.0,1.0,A01,138Â 200Â 270,1.0
1014774,201900056305,12,3,13:25,1,1,1,1.0,4.0,33192,ROCADE A 630,M,"44,7899500"," -0,6063700",33,2019,90.0,1.0,1.0,1.0,2269438,1.0,1,4,2,0.0,,-1.0, -1,1996.0,A01,138Â 200Â 270,1.0,0.0,-1.0,1732200,2.0,17,,0.0,2.0,4.0,B01,138Â 200Â 271,1.0
1014774,201900056305,12,3,13:25,1,1,1,1.0,4.0,33192,ROCADE A 630,M,"44,7899500"," -0,6063700",33,2019,90.0,1.0,1.0,1.0,2269438,1.0,1,4,2,0.0,,-1.0, -1,1996.0,A01,138Â 200Â 270,1.0,0.0,-1.0,1732201,2.0,7,,0.0,2.0,7.0,C01,138Â 200Â 272,1.0
1014774,201900056305,12,3,13:25,1,1,1,1.0,4.0,33192,ROCADE A 630,M,"44,7899500"," -0,6063700",33,2019,90.0,1.0,1.0,1.0,2269439,1.0,1,1,1,1.0,,-1.0, -1,1993.0,B01,138Â 200Â 271,1.0,0.0,-1.0,1732199,2.0,7,,0.0,2.0,1.0,A01,138Â 200Â 270,1.0
1014774,201900056305,12,3,13:25,1,1,1,1.0,4.0,33192,ROCADE A 630,M,"44,7899500"," -0,6063700",33,2019,90.0,1.0,1.0,1.0,2269439,1.0,1,1,1,1.0,,-1.0, -1,1993.0,B01,138Â 200Â 271,1.0,0.0,-1.0,1732200,2.0,17,,0.0,2.0,4.0,B01,138Â 200Â 271,1.0
1014774,201900056305,12,3,13:25,1,1,1,1.0,4.0,33192,ROCADE A 630,M,"44,7899500"," -0,6063700",33,2019,90.0,1.0,1.0,1.0,2269439,1.0,1,1,1,1.0,,-1.0, -1,1993.0,B01,138Â 200Â 271,1.0,0.0,-1.0,1732201,2.0,7,,0.0,2.0,7.0,C01,138Â 200Â 272,1.0
1014774,201900056305,12,3,13:25,1,1,1,1.0,4.0,33192,ROCADE A 630,M,"44,7899500"," -0,6063700",33,2019,90.0,1.0,1.0,1.0,2269440,1.0,1,1,1,0.0,,-1.0, -1,1978.0,C01,138Â 200Â 272,1.0,0.0,-1.0,1732199,2.0,7,,0.0,2.0,1.0,A01,138Â 200Â 270,1.0
1014774,201900056305,12,3,13:25,1,1,1,1.0,4.0,33192,ROCADE A 630,M,"44,7899500"," -0,6063700",33,2019,90.0,1.0,1.0,1.0,2269440,1.0,1,1,1,0.0,,-1.0, -1,1978.0,C01,138Â 200Â 272,1.0,0.0,-1.0,1732200,2.0,17,,0.0,2.0,4.0,B01,138Â 200Â 271,1.0
1014774,201900056305,12,3,13:25,1,1,1,1.0,4.0,33192,ROCADE A 630,M,"44,7899500"," -0,6063700",33,2019,90.0,1.0,1.0,1.0,2269440,1.0,1,1,1,0.0,,-1.0, -1,1978.0,C01,138Â 200Â 272,1.0,0.0,-1.0,1732201,2.0,7,,0.0,2.0,7.0,C01,138Â 200Â 272,1.0
1014775,201900056306,4,30,16:20,1,1,1,1.0,7.0,51515,A4,M,"49,0356546","4,6054756",51,2019,130.0,3.0,1.0,1.0,2269441,1.0,1,3,2,5.0,,0.0,0,1949.0,A01,138Â 200Â 259,1.0,-1.0,-1.0,1732202,2.0,7,,8.0,0.0,9.0,A01,138Â 200Â 259,1.0
1014776,201900056307,12,3,10:50,1,1,1,1.0,2.0,33249,ROUTE NATIONALE 230,M,"44,8806800"," -0,5105500",33,2019,90.0,1.0,1.0,2.0,2269442,1.0,1,1,1,1.0,,-1.0, -1,1973.0,B01,138Â 200Â 258,1.0,0.0,-1.0,1732203,1.0,13,,0.0,2.0,4.0,B01,138Â 200Â 258,1.0
1014776,201900056307,12,3,10:50,1,1,1,1.0,2.0,33249,ROUTE NATIONALE 230,M,"44,8806800"," -0,5105500",33,2019,90.0,1.0,1.0,2.0,2269442,1.0,1,1,1,1.0,,-1.0, -1,1973.0,B01,138Â 200Â 258,1.0,0.0,-1.0,1732204,1.0,10,,0.0,2.0,1.0,A01,138Â 200Â 260,1.0