Unnamed: 0_x,num_acc,mois,jour,hrmn,lum,agg,int,atm,col,com,adr,gps,lat,long,dep,annee,vma,situ,surf,catr,Unnamed: 0_y,place,catu,grav,sexe,trajet,secu,locp,actp,an_nais,num_veh_x,id_vehicule_x,secu1,secu2,secu3,Unnamed: 0,senc,catv,occutc,obs,obsm,choc,num_veh_y,id_vehicule_y,motor
1014776,201900056307,12,3,10:50,1,1,1,1.0,2.0,33249,ROUTE NATIONALE 230,M,"44,8806800"," -0,5105500",33,2019,90.0,1.0,1.0,2.0,2269443,1.0,1,3,1,1.0,,-1.0, -1,1972.0,A01,138Â 200Â 260,1.0,0.0,-1.0,1732203,1.0,13,,0.0,2.0,4.0,B01,138Â 200Â 258,1.0
1014776,201900056307,12,3,10:50,1,1,1,1.0,2.0,33249,ROUTE NATIONALE 230,M,"44,8806800"," -0,5105500",33,2019,90.0,1.0,1.0,2.0,2269443,1.0,1,3,1,1.0,,-1.0, -1,1972.0,A01,138Â 200Â 260,1.0,0.0,-1.0,1732204,1.0,10,,0.0,2.0,1.0,A01,138Â 200Â 260,1.0
1014777,201900056308,12,3,09:00,1,1,1,1.0,3.0,33162,ROCADE A 630,M,"44,8739400"," -0,6374400",33,2019,90.0,1.0,1.0,1.0,2269444,1.0,1,1,1,0.0,,-1.0, -1,1981.0,A01,138Â 200Â 256,1.0,8.0,-1.0,1732205,2.0,7,,0.0,2.0,6.0,A01,138Â 200Â 256,1.0
1014777,201900056308,12,3,09:00,1,1,1,1.0,3.0,33162,ROCADE A 630,M,"44,8739400"," -0,6374400",33,2019,90.0,1.0,1.0,1.0,2269444,1.0,1,1,1,0.0,,-1.0, -1,1981.0,A01,138Â 200Â 256,1.0,8.0,-1.0,1732206,2.0,31,,0.0,2.0,1.0,B01,138Â 200Â 257,1.0
1014777,201900056308,12,3,09:00,1,1,1,1.0,3.0,33162,ROCADE A 630,M,"44,8739400"," -0,6374400",33,2019,90.0,1.0,1.0,1.0,2269445,1.0,1,4,1,1.0,,-1.0, -1,1991.0,B01,138Â 200Â 257,2.0,6.0,-1.0,1732205,2.0,7,,0.0,2.0,6.0,A01,138Â 200Â 256,1.0
1014777,201900056308,12,3,09:00,1,1,1,1.0,3.0,33162,ROCADE A 630,M,"44,8739400"," -0,6374400",33,2019,90.0,1.0,1.0,1.0,2269445,1.0,1,4,1,1.0,,-1.0, -1,1991.0,B01,138Â 200Â 257,2.0,6.0,-1.0,1732206,2.0,31,,0.0,2.0,1.0,B01,138Â 200Â 257,1.0
1014778,201900056309,11,26,18:35,3,1,1,1.0,3.0,62907,AUTOROUTE A1,M,"50,4888320","2,9883670",62,2019,130.0,1.0,2.0,1.0,2269446,1.0,1,1,2,0.0,,0.0,0,1989.0,B01,138Â 200Â 254,1.0,0.0,-1.0,1732207,1.0,7,,0.0,2.0,8.0,B01,138Â 200Â 254,1.0
1014778,201900056309,11,26,18:35,3,1,1,1.0,3.0,62907,AUTOROUTE A1,M,"50,4888320","2,9883670",62,2019,130.0,1.0,2.0,1.0,2269446,1.0,1,1,2,0.0,,0.0,0,1989.0,B01,138Â 200Â 254,1.0,0.0,-1.0,1732208,1.0,7,,3.0,2.0,7.0,A01,138Â 200Â 255,1.0
1014778,201900056309,11,26,18:35,3,1,1,1.0,3.0,62907,AUTOROUTE A1,M,"50,4888320","2,9883670",62,2019,130.0,1.0,2.0,1.0,2269447,1.0,1,3,1,0.0,,0.0,0,1989.0,A01,138Â 200Â 255,1.0,0.0,-1.0,1732207,1.0,7,,0.0,2.0,8.0,B01,138Â 200Â 254,1.0
1014778,201900056309,11,26,18:35,3,1,1,1.0,3.0,62907,AUTOROUTE A1,M,"50,4888320","2,9883670",62,2019,130.0,1.0,2.0,1.0,2269447,1.0,1,3,1,0.0,,0.0,0,1989.0,A01,138Â 200Â 255,1.0,0.0,-1.0,1732208,1.0,7,,3.0,2.0,7.0,A01,138Â 200Â 255,1.0
1014779,201900056310,5,23,18:30,1,1,1,1.0,6.0,38005,75 Route des Chabottes,M,"45,2019970","6,0403810",38,2019,50.0,8.0,1.0,4.0,2269448,1.0,1,3,2,5.0,,0.0,0,1975.0,A01,138Â 200Â 251,2.0,6.0,9.0,1732209,3.0,2,,4.0,0.0,3.0,A01,138Â 200Â 251,1.0
1014780,201900056311,5,21,08:20,1,1,1,1.0,6.0,38534,Rampe des commÃ¨res,M,"45,0308200","6,0852100",38,2019,80.0,1.0,1.0,3.0,2269449,1.0,1,4,1,9.0,,0.0,0,1940.0,A01,138Â 200Â 249,1.0,-1.0,-1.0,1732210,2.0,7,,13.0,0.0,1.0,A01,138Â 200Â 249,1.0
1014781,201900056312,12,3,13:00,1,1,1,1.0,4.0,91216,AUTOROUTE A6,M,"48,6862000","2,3265000",91,2019,110.0,1.0,1.0,1.0,2269450,1.0,1,4,1,0.0,,0.0,0,1968.0,C01,138Â 200Â 250,1.0,8.0,-1.0,1732211,2.0,7,,0.0,2.0,4.0,C01,138Â 200Â 250,1.0
1014781,201900056312,12,3,13:00,1,1,1,1.0,4.0,91216,AUTOROUTE A6,M,"48,6862000","2,3265000",91,2019,110.0,1.0,1.0,1.0,2269450,1.0,1,4,1,0.0,,0.0,0,1968.0,C01,138Â 200Â 250,1.0,8.0,-1.0,1732212,2.0,10,,0.0,2.0,4.0,B01,138Â 200Â 252,1.0
1014781,201900056312,12,3,13:00,1,1,1,1.0,4.0,91216,AUTOROUTE A6,M,"48,6862000","2,3265000",91,2019,110.0,1.0,1.0,1.0,2269450,1.0,1,4,1,0.0,,0.0,0,1968.0,C01,138Â 200Â 250,1.0,8.0,-1.0,1732213,2.0,10,,0.0,2.0,1.0,A01,138Â 200Â 253,1.0
1014781,201900056312,12,3,13:00,1,1,1,1.0,4.0,91216,AUTOROUTE A6,M,"48,6862000","2,3265000",91,2019,110.0,1.0,1.0,1.0,2269451,1.0,1,1,1,0.0,,0.0,0,1981.0,B01,138Â 200Â 252,1.0,8.0,-1.0,1732211,2.0,7,,0.0,2.0,4.0,C01,138Â 200Â 250,1.0
1014781,201900056312,12,3,13:00,1,1,1,1.0,4.0,91216,AUTOROUTE A6,M,"48,6862000","2,3265000",91,2019,110.0,1.0,1.0,1.0,2269451,1.0,1,1,1,0.0,,0.0,0,1981.0,B01,138Â 200Â 252,1.0,8.0,-1.0,1732212,2.0,10,,0.0,2.0,4.0,B01,138Â 200Â 252,1.0
1014781,201900056312,12,3,13:00,1,1,1,1.0,4.0,91216,AUTOROUTE A6,M,"48,6862000","2,3265000",91,2019,110.0,1.0,1.0,1.0,2269451,1.0,1,1,1,0.0,,0.0,0,1981.0,B01,138Â 200Â 252,1.0,8.0,-1.0,1732213,2.0,10,,0.0,2.0,1.0,A01,138Â 200Â 253,1.0
1014781,201900056312,12,3,13:00,1,1,1,1.0,4.0,91216,AUTOROUTE A6,M,"48,6862000","2,3265000",91,2019,110.0,1.0,1.0,1.0,2269452,1.0,1,1,1,0.0,,0.0,0,1978.0,A01,138Â 200Â 253,1.0,8.0,-1.0,1732211,2.0,7,,0.0,2.0,4.0,C01,138Â 200Â 250,1.0
1014781,201900056312,12,3,13:00,1,1,1,1.0,4.0,91216,AUTOROUTE A6,M,"48,6862000","2,3265000",91,2019,110.0,1.0,1.0,1.0,2269452,1.0,1,1,1,0.0,,0.0,0,1978.0,A01,138Â 200Â 253,1.0,8.0,-1.0,1732212,2.0,10,,0.0,2.0,4.0,B01,138Â 200Â 252,1.0
1014781,201900056312,12,3,13:00,1,1,1,1.0,4.0,91216,AUTOROUTE A6,M,"48,6862000","2,3265000",91,2019,110.0,1.0,1.0,1.0,2269452,1.0,1,1,1,0.0,,0.0,0,1978.0,A01,138Â 200Â 253,1.0,8.0,-1.0,1732213,2.0,10,,0.0,2.0,1.0,A01,138Â 200Â 253,1.0
1014782,201900056313,5,3,15:00,1,1,1,1.0,7.0,38052,RochetaillÃ©e,M,"45,1160400","5,9914400",38,2019,80.0,1.0,1.0,3.0,2269453,1.0,1,4,1,5.0,,0.0,0,1962.0,A01,138Â 200Â 248,2.0,6.0,-1.0,1732214,2.0,33,,0.0,0.0,0.0,A01,138Â 200Â 248,1.0
1014783,201900056314,12,3,10:00,1,1,1,1.0,2.0,91363,RN 104,M,"48,6619000","2,1874000",91,2019,110.0,1.0,1.0,2.0,2269454,1.0,1,1,1,4.0,,-1.0, -1,1970.0,A01,138Â 200Â 246,1.0,0.0,-1.0,1732215,1.0,17,,0.0,2.0,2.0,A01,138Â 200Â 246,1.0
1014783,201900056314,12,3,10:00,1,1,1,1.0,2.0,91363,RN 104,M,"48,6619000","2,1874000",91,2019,110.0,1.0,1.0,2.0,2269454,1.0,1,1,1,4.0,,-1.0, -1,1970.0,A01,138Â 200Â 246,1.0,0.0,-1.0,1732216,1.0,7,,0.0,2.0,6.0,B01,138Â 200Â 247,1.0
1014783,201900056314,12,3,10:00,1,1,1,1.0,2.0,91363,RN 104,M,"48,6619000","2,1874000",91,2019,110.0,1.0,1.0,2.0,2269455,1.0,1,4,1,0.0,,-1.0, -1,1964.0,B01,138Â 200Â 247,1.0,8.0,-1.0,1732215,1.0,17,,0.0,2.0,2.0,A01,138Â 200Â 246,1.0
1014783,201900056314,12,3,10:00,1,1,1,1.0,2.0,91363,RN 104,M,"48,6619000","2,1874000",91,2019,110.0,1.0,1.0,2.0,2269455,1.0,1,4,1,0.0,,-1.0, -1,1964.0,B01,138Â 200Â 247,1.0,8.0,-1.0,1732216,1.0,7,,0.0,2.0,6.0,B01,138Â 200Â 247,1.0
1014784,201900056315,5,15,09:43,1,1,1,1.0,1.0,07188,RD578,M,"45,2035690","4,6749730",7,2019,80.0,1.0,1.0,3.0,2269456,1.0,1,1,1,4.0,,0.0,0,1970.0,B01,138Â 200Â 244,1.0,-1.0,-1.0,1732217,1.0,14,,0.0,2.0,1.0,B01,138Â 200Â 244,1.0
1014784,201900056315,5,15,09:43,1,1,1,1.0,1.0,07188,RD578,M,"45,2035690","4,6749730",7,2019,80.0,1.0,1.0,3.0,2269456,1.0,1,1,1,4.0,,0.0,0,1970.0,B01,138Â 200Â 244,1.0,-1.0,-1.0,1732218,2.0,7,,6.0,2.0,2.0,A01,138Â 200Â 245,1.0
1014784,201900056315,5,15,09:43,1,1,1,1.0,1.0,07188,RD578,M,"45,2035690","4,6749730",7,2019,80.0,1.0,1.0,3.0,2269457,1.0,1,4,1,0.0,,0.0,0,1933.0,A01,138Â 200Â 245,1.0,-1.0,-1.0,1732217,1.0,14,,0.0,2.0,1.0,B01,138Â 200Â 244,1.0
1014784,201900056315,5,15,09:43,1,1,1,1.0,1.0,07188,RD578,M,"45,2035690","4,6749730",7,2019,80.0,1.0,1.0,3.0,2269457,1.0,1,4,1,0.0,,0.0,0,1933.0,A01,138Â 200Â 245,1.0,-1.0,-1.0,1732218,2.0,7,,6.0,2.0,2.0,A01,138Â 200Â 245,1.0
1014784,201900056315,5,15,09:43,1,1,1,1.0,1.0,07188,RD578,M,"45,2035690","4,6749730",7,2019,80.0,1.0,1.0,3.0,2269458,2.0,2,4,2,0.0,,0.0,0,1959.0,A01,138Â 200Â 245,1.0,-1.0,-1.0,1732217,1.0,14,,0.0,2.0,1.0,B01,138Â 200Â 244,1.0
1014784,201900056315,5,15,09:43,1,1,1,1.0,1.0,07188,RD578,M,"45,2035690","4,6749730",7,2019,80.0,1.0,1.0,3.0,2269458,2.0,2,4,2,0.0,,0.0,0,1959.0,A01,138Â 200Â 245,1.0,-1.0,-1.0,1732218,2.0,7,,6.0,2.0,2.0,A01,138Â 200Â 245,1.0
1014785,201900056316,12,3,08:50,1,1,1,1.0,2.0,91363,RN 104,M,"48,6490090","2,1684440",91,2019,110.0,1.0,1.0,2.0,2269459,1.0,1,4,1,0.0,,0.0,0,1997.0,B01,138Â 200Â 242,2.0,6.0,-1.0,1732219,1.0,33,,0.0,2.0,1.0,B01,138Â 200Â 242,1.0
1014785,201900056316,12,3,08:50,1,1,1,1.0,2.0,91363,RN 104,M,"48,6490090","2,1684440",91,2019,110.0,1.0,1.0,2.0,2269459,1.0,1,4,1,0.0,,0.0,0,1997.0,B01,138Â 200Â 242,2.0,6.0,-1.0,1732220,1.0,10,,1.0,0.0,2.0,A01,138Â 200Â 243,1.0
1014785,201900056316,12,3,08:50,1,1,1,1.0,2.0,91363,RN 104,M,"48,6490090","2,1684440",91,2019,110.0,1.0,1.0,2.0,2269460,1.0,1,1,1,0.0,,0.0,0,1987.0,A01,138Â 200Â 243,1.0,0.0,-1.0,1732219,1.0,33,,0.0,2.0,1.0,B01,138Â 200Â 242,1.0
1014785,201900056316,12,3,08:50,1,1,1,1.0,2.0,91363,RN 104,M,"48,6490090","2,1684440",91,2019,110.0,1.0,1.0,2.0,2269460,1.0,1,1,1,0.0,,0.0,0,1987.0,A01,138Â 200Â 243,1.0,0.0,-1.0,1732220,1.0,10,,1.0,0.0,2.0,A01,138Â 200Â 243,1.0
1014786,201900056317,5,24,15:29,1,1,1,1.0,7.0,51571,A4,M,"49,1594680","4,1943647",51,2019,130.0,2.0,1.0,1.0,2269461,9.0,2,4,1,5.0,,0.0,0,1942.0,A01,138Â 200Â 241,1.0,-1.0,-1.0,1732221,2.0,7,,7.0,0.0,1.0,A01,138Â 200Â 241,1.0
1014786,201900056317,5,24,15:29,1,1,1,1.0,7.0,51571,A4,M,"49,1594680","4,1943647",51,2019,130.0,2.0,1.0,1.0,2269462,1.0,1,4,1,5.0,,0.0,0,1949.0,A01,138Â 200Â 241,1.0,-1.0,-1.0,1732221,2.0,7,,7.0,0.0,1.0,A01,138Â 200Â 241,1.0
1014786,201900056317,5,24,15:29,1,1,1,1.0,7.0,51571,A4,M,"49,1594680","4,1943647",51,2019,130.0,2.0,1.0,1.0,2269463,7.0,2,4,2,5.0,,0.0,0,1941.0,A01,138Â 200Â 241,1.0,-1.0,-1.0,1732221,2.0,7,,7.0,0.0,1.0,A01,138Â 200Â 241,1.0
1014786,201900056317,5,24,15:29,1,1,1,1.0,7.0,51571,A4,M,"49,1594680","4,1943647",51,2019,130.0,2.0,1.0,1.0,2269464,2.0,2,4,2,5.0,,0.0,0,1950.0,A01,138Â 200Â 241,1.0,-1.0,-1.0,1732221,2.0,7,,7.0,0.0,1.0,A01,138Â 200Â 241,1.0
1014787,201900056318,5,16,09:00,1,1,1,1.0,2.0,51454,A344,M,"49,2258815","4,0588452",51,2019,90.0,1.0,1.0,1.0,2269465,1.0,1,4,1,4.0,,0.0,0,1972.0,A01,138Â 200Â 236,1.0,5.0,-1.0,1732222,1.0,10,,0.0,2.0,1.0,A01,138Â 200Â 236,1.0
1014787,201900056318,5,16,09:00,1,1,1,1.0,2.0,51454,A344,M,"49,2258815","4,0588452",51,2019,90.0,1.0,1.0,1.0,2269465,1.0,1,4,1,4.0,,0.0,0,1972.0,A01,138Â 200Â 236,1.0,5.0,-1.0,1732223,1.0,7,,0.0,0.0,4.0,B01,138Â 200Â 237,1.0
1014787,201900056318,5,16,09:00,1,1,1,1.0,2.0,51454,A344,M,"49,2258815","4,0588452",51,2019,90.0,1.0,1.0,1.0,2269466,1.0,1,4,1,4.0,,0.0,0,1966.0,B01,138Â 200Â 237,1.0,-1.0,-1.0,1732222,1.0,10,,0.0,2.0,1.0,A01,138Â 200Â 236,1.0
1014787,201900056318,5,16,09:00,1,1,1,1.0,2.0,51454,A344,M,"49,2258815","4,0588452",51,2019,90.0,1.0,1.0,1.0,2269466,1.0,1,4,1,4.0,,0.0,0,1966.0,B01,138Â 200Â 237,1.0,-1.0,-1.0,1732223,1.0,7,,0.0,0.0,4.0,B01,138Â 200Â 237,1.0
1014788,201900056319,12,2,17:40,3,1,1,1.0,4.0,92050,A86,M,"48,9046715","2,2083247",92,2019,90.0,1.0,1.0,1.0,2269467,1.0,1,1,1,4.0,,-1.0,0,1996.0,A01,138Â 200Â 238,1.0,0.0,-1.0,1732224,1.0,10,,0.0,2.0,1.0,A01,138Â 200Â 238,0.0
1014788,201900056319,12,2,17:40,3,1,1,1.0,4.0,92050,A86,M,"48,9046715","2,2083247",92,2019,90.0,1.0,1.0,1.0,2269467,1.0,1,1,1,4.0,,-1.0,0,1996.0,A01,138Â 200Â 238,1.0,0.0,-1.0,1732225,1.0,7,,0.0,2.0,4.0,B01,138Â 200Â 239,0.0
1014788,201900056319,12,2,17:40,3,1,1,1.0,4.0,92050,A86,M,"48,9046715","2,2083247",92,2019,90.0,1.0,1.0,1.0,2269467,1.0,1,1,1,4.0,,-1.0,0,1996.0,A01,138Â 200Â 238,1.0,0.0,-1.0,1732226,1.0,7,,0.0,2.0,4.0,C01,138Â 200Â 240,0.0
1014788,201900056319,12,2,17:40,3,1,1,1.0,4.0,92050,A86,M,"48,9046715","2,2083247",92,2019,90.0,1.0,1.0,1.0,2269468,1.0,1,4,2,5.0,,-1.0,0,1980.0,B01,138Â 200Â 239,1.0,0.0,-1.0,1732224,1.0,10,,0.0,2.0,1.0,A01,138Â 200Â 238,0.0
1014788,201900056319,12,2,17:40,3,1,1,1.0,4.0,92050,A86,M,"48,9046715","2,2083247",92,2019,90.0,1.0,1.0,1.0,2269468,1.0,1,4,2,5.0,,-1.0,0,1980.0,B01,138Â 200Â 239,1.0,0.0,-1.0,1732225,1.0,7,,0.0,2.0,4.0,B01,138Â 200Â 239,0.0
1014788,201900056319,12,2,17:40,3,1,1,1.0,4.0,92050,A86,M,"48,9046715","2,2083247",92,2019,90.0,1.0,1.0,1.0,2269468,1.0,1,4,2,5.0,,-1.0,0,1980.0,B01,138Â 200Â 239,1.0,0.0,-1.0,1732226,1.0,7,,0.0,2.0,4.0,C01,138Â 200Â 240,0.0
1014788,201900056319,12,2,17:40,3,1,1,1.0,4.0,92050,A86,M,"48,9046715","2,2083247",92,2019,90.0,1.0,1.0,1.0,2269469,2.0,2,4,2,5.0,,-1.0,0,1994.0,C01,138Â 200Â 240,1.0,0.0,-1.0,1732224,1.0,10,,0.0,2.0,1.0,A01,138Â 200Â 238,0.0
1014788,201900056319,12,2,17:40,3,1,1,1.0,4.0,92050,A86,M,"48,9046715","2,2083247",92,2019,90.0,1.0,1.0,1.0,2269469,2.0,2,4,2,5.0,,-1.0,0,1994.0,C01,138Â 200Â 240,1.0,0.0,-1.0,1732225,1.0,7,,0.0,2.0,4.0,B01,138Â 200Â 239,0.0
1014788,201900056319,12,2,17:40,3,1,1,1.0,4.0,92050,A86,M,"48,9046715","2,2083247",92,2019,90.0,1.0,1.0,1.0,2269469,2.0,2,4,2,5.0,,-1.0,0,1994.0,C01,138Â 200Â 240,1.0,0.0,-1.0,1732226,1.0,7,,0.0,2.0,4.0,C01,138Â 200Â 240,0.0
1014788,201900056319,12,2,17:40,3,1,1,1.0,4.0,92050,A86,M,"48,9046715","2,2083247",92,2019,90.0,1.0,1.0,1.0,2269470,1.0,1,1,1,5.0,,-1.0,0,1992.0,C01,138Â 200Â 240,1.0,0.0,-1.0,1732224,1.0,10,,0.0,2.0,1.0,A01,138Â 200Â 238,0.0
1014788,201900056319,12,2,17:40,3,1,1,1.0,4.0,92050,A86,M,"48,9046715","2,2083247",92,2019,90.0,1.0,1.0,1.0,2269470,1.0,1,1,1,5.0,,-1.0,0,1992.0,C01,138Â 200Â 240,1.0,0.0,-1.0,1732225,1.0,7,,0.0,2.0,4.0,B01,138Â 200Â 239,0.0
1014788,201900056319,12,2,17:40,3,1,1,1.0,4.0,92050,A86,M,"48,9046715","2,2083247",92,2019,90.0,1.0,1.0,1.0,2269470,1.0,1,1,1,5.0,,-1.0,0,1992.0,C01,138Â 200Â 240,1.0,0.0,-1.0,1732226,1.0,7,,0.0,2.0,4.0,C01,138Â 200Â 240,0.0
1014789,201900056320,5,11,07:00,2,1,1,3.0,3.0,51571, A4,M,"49,1504424","4,2048384",51,2019,130.0,1.0,3.0,1.0,2269471,1.0,1,4,1,5.0,,0.0,0,1999.0,A01,138Â 200Â 234,1.0,-1.0,-1.0,1732227,2.0,7,,0.0,2.0,1.0,A01,138Â 200Â 234,1.0
1014789,201900056320,5,11,07:00,2,1,1,3.0,3.0,51571, A4,M,"49,1504424","4,2048384",51,2019,130.0,1.0,3.0,1.0,2269471,1.0,1,4,1,5.0,,0.0,0,1999.0,A01,138Â 200Â 234,1.0,-1.0,-1.0,1732228,2.0,17,,0.0,0.0,6.0,B01,138Â 200Â 235,1.0
1014789,201900056320,5,11,07:00,2,1,1,3.0,3.0,51571, A4,M,"49,1504424","4,2048384",51,2019,130.0,1.0,3.0,1.0,2269472,3.0,2,1,2,5.0,,0.0,0,1993.0,A01,138Â 200Â 234,1.0,-1.0,-1.0,1732227,2.0,7,,0.0,2.0,1.0,A01,138Â 200Â 234,1.0
1014789,201900056320,5,11,07:00,2,1,1,3.0,3.0,51571, A4,M,"49,1504424","4,2048384",51,2019,130.0,1.0,3.0,1.0,2269472,3.0,2,1,2,5.0,,0.0,0,1993.0,A01,138Â 200Â 234,1.0,-1.0,-1.0,1732228,2.0,17,,0.0,0.0,6.0,B01,138Â 200Â 235,1.0
1014789,201900056320,5,11,07:00,2,1,1,3.0,3.0,51571, A4,M,"49,1504424","4,2048384",51,2019,130.0,1.0,3.0,1.0,2269473,3.0,2,1,1,5.0,,0.0,0,2018.0,A01,138Â 200Â 234,0.0,-1.0,-1.0,1732227,2.0,7,,0.0,2.0,1.0,A01,138Â 200Â 234,1.0
1014789,201900056320,5,11,07:00,2,1,1,3.0,3.0,51571, A4,M,"49,1504424","4,2048384",51,2019,130.0,1.0,3.0,1.0,2269473,3.0,2,1,1,5.0,,0.0,0,2018.0,A01,138Â 200Â 234,0.0,-1.0,-1.0,1732228,2.0,17,,0.0,0.0,6.0,B01,138Â 200Â 235,1.0
1014789,201900056320,5,11,07:00,2,1,1,3.0,3.0,51571, A4,M,"49,1504424","4,2048384",51,2019,130.0,1.0,3.0,1.0,2269474,2.0,2,3,1,5.0,,0.0,0,1996.0,A01,138Â 200Â 234,1.0,-1.0,-1.0,1732227,2.0,7,,0.0,2.0,1.0,A01,138Â 200Â 234,1.0
1014789,201900056320,5,11,07:00,2,1,1,3.0,3.0,51571, A4,M,"49,1504424","4,2048384",51,2019,130.0,1.0,3.0,1.0,2269474,2.0,2,3,1,5.0,,0.0,0,1996.0,A01,138Â 200Â 234,1.0,-1.0,-1.0,1732228,2.0,17,,0.0,0.0,6.0,B01,138Â 200Â 235,1.0
1014789,201900056320,5,11,07:00,2,1,1,3.0,3.0,51571, A4,M,"49,1504424","4,2048384",51,2019,130.0,1.0,3.0,1.0,2269475,1.0,1,1,1,4.0,,0.0,0,1966.0,B01,138Â 200Â 235,1.0,-1.0,-1.0,1732227,2.0,7,,0.0,2.0,1.0,A01,138Â 200Â 234,1.0
1014789,201900056320,5,11,07:00,2,1,1,3.0,3.0,51571, A4,M,"49,1504424","4,2048384",51,2019,130.0,1.0,3.0,1.0,2269475,1.0,1,1,1,4.0,,0.0,0,1966.0,B01,138Â 200Â 235,1.0,-1.0,-1.0,1732228,2.0,17,,0.0,0.0,6.0,B01,138Â 200Â 235,1.0
1014790,201900056321,12,2,12:20,1,1,1,1.0,4.0,92050,A86,M,"48,9064294","2,2107174",92,2019,90.0,1.0,1.0,1.0,2269476,1.0,1,1,1,4.0,,-1.0,0,1986.0,A01,138Â 200Â 231,1.0,0.0,-1.0,1732229,2.0,14,,0.0,2.0,1.0,A01,138Â 200Â 231,1.0
1014790,201900056321,12,2,12:20,1,1,1,1.0,4.0,92050,A86,M,"48,9064294","2,2107174",92,2019,90.0,1.0,1.0,1.0,2269476,1.0,1,1,1,4.0,,-1.0,0,1986.0,A01,138Â 200Â 231,1.0,0.0,-1.0,1732230,2.0,7,,0.0,2.0,1.0,B01,138Â 200Â 232,1.0
1014790,201900056321,12,2,12:20,1,1,1,1.0,4.0,92050,A86,M,"48,9064294","2,2107174",92,2019,90.0,1.0,1.0,1.0,2269476,1.0,1,1,1,4.0,,-1.0,0,1986.0,A01,138Â 200Â 231,1.0,0.0,-1.0,1732231,2.0,7,,0.0,2.0,4.0,C01,138Â 200Â 233,1.0
1014790,201900056321,12,2,12:20,1,1,1,1.0,4.0,92050,A86,M,"48,9064294","2,2107174",92,2019,90.0,1.0,1.0,1.0,2269477,1.0,1,1,1,5.0,,-1.0,0,1977.0,B01,138Â 200Â 232,1.0,0.0,-1.0,1732229,2.0,14,,0.0,2.0,1.0,A01,138Â 200Â 231,1.0
1014790,201900056321,12,2,12:20,1,1,1,1.0,4.0,92050,A86,M,"48,9064294","2,2107174",92,2019,90.0,1.0,1.0,1.0,2269477,1.0,1,1,1,5.0,,-1.0,0,1977.0,B01,138Â 200Â 232,1.0,0.0,-1.0,1732230,2.0,7,,0.0,2.0,1.0,B01,138Â 200Â 232,1.0
1014790,201900056321,12,2,12:20,1,1,1,1.0,4.0,92050,A86,M,"48,9064294","2,2107174",92,2019,90.0,1.0,1.0,1.0,2269477,1.0,1,1,1,5.0,,-1.0,0,1977.0,B01,138Â 200Â 232,1.0,0.0,-1.0,1732231,2.0,7,,0.0,2.0,4.0,C01,138Â 200Â 233,1.0
1014790,201900056321,12,2,12:20,1,1,1,1.0,4.0,92050,A86,M,"48,9064294","2,2107174",92,2019,90.0,1.0,1.0,1.0,2269478,1.0,1,4,1,4.0,,-1.0,0,1982.0,C01,138Â 200Â 233,1.0,0.0,-1.0,1732229,2.0,14,,0.0,2.0,1.0,A01,138Â 200Â 231,1.0
1014790,201900056321,12,2,12:20,1,1,1,1.0,4.0,92050,A86,M,"48,9064294","2,2107174",92,2019,90.0,1.0,1.0,1.0,2269478,1.0,1,4,1,4.0,,-1.0,0,1982.0,C01,138Â 200Â 233,1.0,0.0,-1.0,1732230,2.0,7,,0.0,2.0,1.0,B01,138Â 200Â 232,1.0
1014790,201900056321,12,2,12:20,1,1,1,1.0,4.0,92050,A86,M,"48,9064294","2,2107174",92,2019,90.0,1.0,1.0,1.0,2269478,1.0,1,4,1,4.0,,-1.0,0,1982.0,C01,138Â 200Â 233,1.0,0.0,-1.0,1732231,2.0,7,,0.0,2.0,4.0,C01,138Â 200Â 233,1.0
1014791,201900056322,12,3,11:30,1,1,1,1.0,4.0,95491,AUTOROUTE A115,M,"48,9991000","2,2464500",95,2019,90.0,1.0,2.0,1.0,2269479,1.0,1,4,2,9.0,,-1.0,0,1974.0,A01,138Â 200Â 228,1.0,0.0,-1.0,1732232,2.0,7,,0.0,2.0,1.0,A01,138Â 200Â 228,1.0
1014791,201900056322,12,3,11:30,1,1,1,1.0,4.0,95491,AUTOROUTE A115,M,"48,9991000","2,2464500",95,2019,90.0,1.0,2.0,1.0,2269479,1.0,1,4,2,9.0,,-1.0,0,1974.0,A01,138Â 200Â 228,1.0,0.0,-1.0,1732233,2.0,7,,0.0,2.0,4.0,B01,138Â 200Â 229,1.0
1014791,201900056322,12,3,11:30,1,1,1,1.0,4.0,95491,AUTOROUTE A115,M,"48,9991000","2,2464500",95,2019,90.0,1.0,2.0,1.0,2269479,1.0,1,4,2,9.0,,-1.0,0,1974.0,A01,138Â 200Â 228,1.0,0.0,-1.0,1732234,2.0,7,,0.0,2.0,4.0,C01,138Â 200Â 230,1.0
1014791,201900056322,12,3,11:30,1,1,1,1.0,4.0,95491,AUTOROUTE A115,M,"48,9991000","2,2464500",95,2019,90.0,1.0,2.0,1.0,2269480,1.0,1,1,1,5.0,,-1.0,0,1993.0,B01,138Â 200Â 229,1.0,0.0,-1.0,1732232,2.0,7,,0.0,2.0,1.0,A01,138Â 200Â 228,1.0
1014791,201900056322,12,3,11:30,1,1,1,1.0,4.0,95491,AUTOROUTE A115,M,"48,9991000","2,2464500",95,2019,90.0,1.0,2.0,1.0,2269480,1.0,1,1,1,5.0,,-1.0,0,1993.0,B01,138Â 200Â 229,1.0,0.0,-1.0,1732233,2.0,7,,0.0,2.0,4.0,B01,138Â 200Â 229,1.0