Unnamed: 0_x,num_acc,mois,jour,hrmn,lum,agg,int,atm,col,com,adr,gps,lat,long,dep,annee,vma,situ,surf,catr,Unnamed: 0_y,place,catu,grav,sexe,trajet,secu,locp,actp,an_nais,num_veh_x,id_vehicule_x,secu1,secu2,secu3,Unnamed: 0,senc,catv,occutc,obs,obsm,choc,num_veh_y,id_vehicule_y,motor
1014791,201900056322,12,3,11:30,1,1,1,1.0,4.0,95491,AUTOROUTE A115,M,"48,9991000","2,2464500",95,2019,90.0,1.0,2.0,1.0,2269480,1.0,1,1,1,5.0,,-1.0,0,1993.0,B01,138Â 200Â 229,1.0,0.0,-1.0,1732234,2.0,7,,0.0,2.0,4.0,C01,138Â 200Â 230,1.0
1014791,201900056322,12,3,11:30,1,1,1,1.0,4.0,95491,AUTOROUTE A115,M,"48,9991000","2,2464500",95,2019,90.0,1.0,2.0,1.0,2269481,1.0,1,1,2,3.0,,-1.0,0,1966.0,C01,138Â 200Â 230,1.0,0.0,-1.0,1732232,2.0,7,,0.0,2.0,1.0,A01,138Â 200Â 228,1.0
1014791,201900056322,12,3,11:30,1,1,1,1.0,4.0,95491,AUTOROUTE A115,M,"48,9991000","2,2464500",95,2019,90.0,1.0,2.0,1.0,2269481,1.0,1,1,2,3.0,,-1.0,0,1966.0,C01,138Â 200Â 230,1.0,0.0,-1.0,1732233,2.0,7,,0.0,2.0,4.0,B01,138Â 200Â 229,1.0
1014791,201900056322,12,3,11:30,1,1,1,1.0,4.0,95491,AUTOROUTE A115,M,"48,9991000","2,2464500",95,2019,90.0,1.0,2.0,1.0,2269481,1.0,1,1,2,3.0,,-1.0,0,1966.0,C01,138Â 200Â 230,1.0,0.0,-1.0,1732234,2.0,7,,0.0,2.0,4.0,C01,138Â 200Â 230,1.0
1014792,201900056323,12,2,10:00,1,1,1,2.0,6.0,92036,AUTOROUTE A15,M,"48,9436437","2,2877633",92,2019,90.0,1.0,1.0,1.0,2269482,1.0,1,1,2,9.0,,-1.0,0,1958.0,A01,138Â 200Â 225,1.0,0.0,-1.0,1732235,1.0,7,,0.0,2.0,8.0,A01,138Â 200Â 225,1.0
1014792,201900056323,12,2,10:00,1,1,1,2.0,6.0,92036,AUTOROUTE A15,M,"48,9436437","2,2877633",92,2019,90.0,1.0,1.0,1.0,2269482,1.0,1,1,2,9.0,,-1.0,0,1958.0,A01,138Â 200Â 225,1.0,0.0,-1.0,1732236,1.0,33,,0.0,2.0,7.0,B01,138Â 200Â 226,1.0
1014792,201900056323,12,2,10:00,1,1,1,2.0,6.0,92036,AUTOROUTE A15,M,"48,9436437","2,2877633",92,2019,90.0,1.0,1.0,1.0,2269482,1.0,1,1,2,9.0,,-1.0,0,1958.0,A01,138Â 200Â 225,1.0,0.0,-1.0,1732237,1.0,17,,0.0,2.0,7.0,C01,138Â 200Â 227,1.0
1014792,201900056323,12,2,10:00,1,1,1,2.0,6.0,92036,AUTOROUTE A15,M,"48,9436437","2,2877633",92,2019,90.0,1.0,1.0,1.0,2269483,1.0,1,4,1,0.0,,-1.0,0,1982.0,B01,138Â 200Â 226,2.0,6.0,-1.0,1732235,1.0,7,,0.0,2.0,8.0,A01,138Â 200Â 225,1.0
1014792,201900056323,12,2,10:00,1,1,1,2.0,6.0,92036,AUTOROUTE A15,M,"48,9436437","2,2877633",92,2019,90.0,1.0,1.0,1.0,2269483,1.0,1,4,1,0.0,,-1.0,0,1982.0,B01,138Â 200Â 226,2.0,6.0,-1.0,1732236,1.0,33,,0.0,2.0,7.0,B01,138Â 200Â 226,1.0
1014792,201900056323,12,2,10:00,1,1,1,2.0,6.0,92036,AUTOROUTE A15,M,"48,9436437","2,2877633",92,2019,90.0,1.0,1.0,1.0,2269483,1.0,1,4,1,0.0,,-1.0,0,1982.0,B01,138Â 200Â 226,2.0,6.0,-1.0,1732237,1.0,17,,0.0,2.0,7.0,C01,138Â 200Â 227,1.0
1014792,201900056323,12,2,10:00,1,1,1,2.0,6.0,92036,AUTOROUTE A15,M,"48,9436437","2,2877633",92,2019,90.0,1.0,1.0,1.0,2269484,1.0,1,1,1,1.0,,-1.0,0,1995.0,C01,138Â 200Â 227,1.0,0.0,-1.0,1732235,1.0,7,,0.0,2.0,8.0,A01,138Â 200Â 225,1.0
1014792,201900056323,12,2,10:00,1,1,1,2.0,6.0,92036,AUTOROUTE A15,M,"48,9436437","2,2877633",92,2019,90.0,1.0,1.0,1.0,2269484,1.0,1,1,1,1.0,,-1.0,0,1995.0,C01,138Â 200Â 227,1.0,0.0,-1.0,1732236,1.0,33,,0.0,2.0,7.0,B01,138Â 200Â 226,1.0
1014792,201900056323,12,2,10:00,1,1,1,2.0,6.0,92036,AUTOROUTE A15,M,"48,9436437","2,2877633",92,2019,90.0,1.0,1.0,1.0,2269484,1.0,1,1,1,1.0,,-1.0,0,1995.0,C01,138Â 200Â 227,1.0,0.0,-1.0,1732237,1.0,17,,0.0,2.0,7.0,C01,138Â 200Â 227,1.0
1014793,201900056324,12,2,07:40,3,1,1,1.0,3.0,93005,AUTOROUTE A3,M,"48,9570000","2,4737100",93,2019,90.0,1.0,1.0,1.0,2269485,2.0,1,4,2,1.0,,-1.0, -1,1996.0,B01,138Â 200Â 223,1.0,0.0,-1.0,1732238,1.0,7,,4.0,2.0,8.0,B01,138Â 200Â 223,1.0
1014793,201900056324,12,2,07:40,3,1,1,1.0,3.0,93005,AUTOROUTE A3,M,"48,9570000","2,4737100",93,2019,90.0,1.0,1.0,1.0,2269485,2.0,1,4,2,1.0,,-1.0, -1,1996.0,B01,138Â 200Â 223,1.0,0.0,-1.0,1732239,1.0,15,,0.0,2.0,7.0,A01,138Â 200Â 224,1.0
1014793,201900056324,12,2,07:40,3,1,1,1.0,3.0,93005,AUTOROUTE A3,M,"48,9570000","2,4737100",93,2019,90.0,1.0,1.0,1.0,2269486,1.0,1,1,1,4.0,,-1.0, -1,1987.0,A01,138Â 200Â 224,1.0,0.0,-1.0,1732238,1.0,7,,4.0,2.0,8.0,B01,138Â 200Â 223,1.0
1014793,201900056324,12,2,07:40,3,1,1,1.0,3.0,93005,AUTOROUTE A3,M,"48,9570000","2,4737100",93,2019,90.0,1.0,1.0,1.0,2269486,1.0,1,1,1,4.0,,-1.0, -1,1987.0,A01,138Â 200Â 224,1.0,0.0,-1.0,1732239,1.0,15,,0.0,2.0,7.0,A01,138Â 200Â 224,1.0
1014794,201900056325,12,2,06:30,3,1,1,1.0,2.0,93006,AUTOROUTE A3,M,"48,8656200","2,4188200",93,2019,70.0,1.0,1.0,1.0,2269487,1.0,1,1,1,0.0,,-1.0, -1,1982.0,B01,138Â 200Â 221,1.0,0.0,-1.0,1732240,2.0,7,,0.0,2.0,4.0,B01,138Â 200Â 221,1.0
1014794,201900056325,12,2,06:30,3,1,1,1.0,2.0,93006,AUTOROUTE A3,M,"48,8656200","2,4188200",93,2019,70.0,1.0,1.0,1.0,2269487,1.0,1,1,1,0.0,,-1.0, -1,1982.0,B01,138Â 200Â 221,1.0,0.0,-1.0,1732241,2.0,7,,0.0,2.0,1.0,A01,138Â 200Â 222,1.0
1014794,201900056325,12,2,06:30,3,1,1,1.0,2.0,93006,AUTOROUTE A3,M,"48,8656200","2,4188200",93,2019,70.0,1.0,1.0,1.0,2269488,1.0,1,4,1,1.0,,-1.0, -1,1960.0,A01,138Â 200Â 222,8.0,0.0,-1.0,1732240,2.0,7,,0.0,2.0,4.0,B01,138Â 200Â 221,1.0
1014794,201900056325,12,2,06:30,3,1,1,1.0,2.0,93006,AUTOROUTE A3,M,"48,8656200","2,4188200",93,2019,70.0,1.0,1.0,1.0,2269488,1.0,1,4,1,1.0,,-1.0, -1,1960.0,A01,138Â 200Â 222,8.0,0.0,-1.0,1732241,2.0,7,,0.0,2.0,1.0,A01,138Â 200Â 222,1.0
1014795,201900056326,12,1,19:00,4,1,1,8.0,3.0,93048,AUTOROUTE A86,M,"48,8637500","2,4824500",93,2019,90.0,1.0,1.0,1.0,2269489,1.0,1,4,1,0.0,,-1.0, -1,1999.0,B01,138Â 200Â 219,2.0,6.0,-1.0,1732242,1.0,32,,0.0,2.0,6.0,B01,138Â 200Â 219,1.0
1014795,201900056326,12,1,19:00,4,1,1,8.0,3.0,93048,AUTOROUTE A86,M,"48,8637500","2,4824500",93,2019,90.0,1.0,1.0,1.0,2269489,1.0,1,4,1,0.0,,-1.0, -1,1999.0,B01,138Â 200Â 219,2.0,6.0,-1.0,1732243,1.0,7,,0.0,2.0,2.0,A01,138Â 200Â 220,1.0
1014795,201900056326,12,1,19:00,4,1,1,8.0,3.0,93048,AUTOROUTE A86,M,"48,8637500","2,4824500",93,2019,90.0,1.0,1.0,1.0,2269490,1.0,1,1,1,0.0,,-1.0, -1,1976.0,A01,138Â 200Â 220,1.0,4.0,-1.0,1732242,1.0,32,,0.0,2.0,6.0,B01,138Â 200Â 219,1.0
1014795,201900056326,12,1,19:00,4,1,1,8.0,3.0,93048,AUTOROUTE A86,M,"48,8637500","2,4824500",93,2019,90.0,1.0,1.0,1.0,2269490,1.0,1,1,1,0.0,,-1.0, -1,1976.0,A01,138Â 200Â 220,1.0,4.0,-1.0,1732243,1.0,7,,0.0,2.0,2.0,A01,138Â 200Â 220,1.0
1014796,201900056327,12,3,09:04,1,1,1,5.0,2.0,77294,A104,M,"48,9703700","2,5704800",77,2019,110.0,1.0,2.0,1.0,2269491,1.0,1,4,1,1.0,,-1.0,0,1961.0,B01,138Â 200Â 217,2.0,6.0,-1.0,1732244,2.0,33,,0.0,2.0,1.0,B01,138Â 200Â 217,1.0
1014796,201900056327,12,3,09:04,1,1,1,5.0,2.0,77294,A104,M,"48,9703700","2,5704800",77,2019,110.0,1.0,2.0,1.0,2269491,1.0,1,4,1,1.0,,-1.0,0,1961.0,B01,138Â 200Â 217,2.0,6.0,-1.0,1732245,2.0,7,,0.0,2.0,4.0,A01,138Â 200Â 218,1.0
1014796,201900056327,12,3,09:04,1,1,1,5.0,2.0,77294,A104,M,"48,9703700","2,5704800",77,2019,110.0,1.0,2.0,1.0,2269492,1.0,1,1,2,1.0,,-1.0,0,1979.0,A01,138Â 200Â 218,1.0,8.0,-1.0,1732244,2.0,33,,0.0,2.0,1.0,B01,138Â 200Â 217,1.0
1014796,201900056327,12,3,09:04,1,1,1,5.0,2.0,77294,A104,M,"48,9703700","2,5704800",77,2019,110.0,1.0,2.0,1.0,2269492,1.0,1,1,2,1.0,,-1.0,0,1979.0,A01,138Â 200Â 218,1.0,8.0,-1.0,1732245,2.0,7,,0.0,2.0,4.0,A01,138Â 200Â 218,1.0
1014797,201900056328,12,2,11:00,1,1,1,1.0,6.0,94069,A4,M,"48,8176057","2,4212441",94,2019,50.0,1.0,2.0,1.0,2269493,1.0,1,4,1,5.0,,-1.0,0,1973.0,A01,138Â 200Â 215,2.0,8.0,-1.0,1732246,1.0,32,,0.0,0.0,7.0,A01,138Â 200Â 215,1.0
1014798,201900056329,2,15,17:55,2,1,1,1.0,6.0,67482,LA FONTAINE (BOULEVARD),M,"48,5907200","7,7022700",67,2019,50.0,1.0,1.0,4.0,2269494,1.0,1,1,1,3.0,,-1.0,0,1962.0,A01,138Â 200Â 214,8.0,0.0,-1.0,1732247,1.0,1,,0.0,1.0,1.0,A01,138Â 200Â 214,5.0
1014798,201900056329,2,15,17:55,2,1,1,1.0,6.0,67482,LA FONTAINE (BOULEVARD),M,"48,5907200","7,7022700",67,2019,50.0,1.0,1.0,4.0,2269495,10.0,3,4,2,0.0,,3.0,3,1941.0,A01,138Â 200Â 214,8.0,0.0,-1.0,1732247,1.0,1,,0.0,1.0,1.0,A01,138Â 200Â 214,5.0
1014799,201900056330,5,8,16:30,1,1,1,4.0,7.0,51305,A4,M,"49,2384946","3,8753731",51,2019,130.0,1.0,9.0,1.0,2269496,1.0,1,3,1,5.0,,0.0,0,1957.0,A01,138Â 200Â 213,1.0,-1.0,-1.0,1732248,1.0,7,,3.0,0.0,1.0,A01,138Â 200Â 213,1.0
1014799,201900056330,5,8,16:30,1,1,1,4.0,7.0,51305,A4,M,"49,2384946","3,8753731",51,2019,130.0,1.0,9.0,1.0,2269497,2.0,2,3,2,5.0,,0.0,0,1955.0,A01,138Â 200Â 213,1.0,-1.0,-1.0,1732248,1.0,7,,3.0,0.0,1.0,A01,138Â 200Â 213,1.0
1014799,201900056330,5,8,16:30,1,1,1,4.0,7.0,51305,A4,M,"49,2384946","3,8753731",51,2019,130.0,1.0,9.0,1.0,2269498,9.0,2,2,2,5.0,,0.0,0,1931.0,A01,138Â 200Â 213,1.0,-1.0,-1.0,1732248,1.0,7,,3.0,0.0,1.0,A01,138Â 200Â 213,1.0
1014800,201900056331,2,13,11:15,1,2,1,1.0,6.0,67482,MAROQUIN (RUE DU),M,"48,5803100","7,7511380",67,2019,5.0,1.0,9.0,4.0,2269499,10.0,3,4,2,5.0,,8.0,B,1935.0,A01,138Â 200Â 211,8.0,0.0,-1.0,1732249,1.0,7,,0.0,1.0,7.0,A01,138Â 200Â 211,1.0
1014800,201900056331,2,13,11:15,1,2,1,1.0,6.0,67482,MAROQUIN (RUE DU),M,"48,5803100","7,7511380",67,2019,5.0,1.0,9.0,4.0,2269500,1.0,1,1,1,4.0,,0.0,0,1969.0,A01,138Â 200Â 211,1.0,8.0,-1.0,1732249,1.0,7,,0.0,1.0,7.0,A01,138Â 200Â 211,1.0
1014801,201900056332,4,16,00:30,3,1,1,1.0,7.0,51569,A26,M,"49,2611646","3,9612711",51,2019,110.0,3.0,1.0,1.0,2269501,1.0,1,3,1,5.0,,0.0,0,1998.0,A01,138Â 200Â 210,0.0,-1.0,-1.0,1732250,2.0,7,,3.0,0.0,1.0,A01,138Â 200Â 210,1.0
1014802,201900056333,12,1,17:28,5,2,5,2.0,3.0,75120,AVENUE GAMBETTA,M,"48,8683110","2,4014220",75,2019,50.0,1.0,2.0,4.0,2269502,2.0,2,4,2,4.0,,0.0,0,1982.0,A01,138Â 200Â 206,1.0,0.0,-1.0,1732251,2.0,7,,0.0,2.0,2.0,A01,138Â 200Â 206,1.0
1014802,201900056333,12,1,17:28,5,2,5,2.0,3.0,75120,AVENUE GAMBETTA,M,"48,8683110","2,4014220",75,2019,50.0,1.0,2.0,4.0,2269502,2.0,2,4,2,4.0,,0.0,0,1982.0,A01,138Â 200Â 206,1.0,0.0,-1.0,1732252,1.0,7,,0.0,2.0,3.0,B01,138Â 200Â 209,1.0
1014802,201900056333,12,1,17:28,5,2,5,2.0,3.0,75120,AVENUE GAMBETTA,M,"48,8683110","2,4014220",75,2019,50.0,1.0,2.0,4.0,2269503,4.0,2,4,1,4.0,,0.0,0,1994.0,A01,138Â 200Â 206,1.0,0.0,-1.0,1732251,2.0,7,,0.0,2.0,2.0,A01,138Â 200Â 206,1.0
1014802,201900056333,12,1,17:28,5,2,5,2.0,3.0,75120,AVENUE GAMBETTA,M,"48,8683110","2,4014220",75,2019,50.0,1.0,2.0,4.0,2269503,4.0,2,4,1,4.0,,0.0,0,1994.0,A01,138Â 200Â 206,1.0,0.0,-1.0,1732252,1.0,7,,0.0,2.0,3.0,B01,138Â 200Â 209,1.0
1014802,201900056333,12,1,17:28,5,2,5,2.0,3.0,75120,AVENUE GAMBETTA,M,"48,8683110","2,4014220",75,2019,50.0,1.0,2.0,4.0,2269504,5.0,2,4,1,4.0,,0.0,0,1992.0,A01,138Â 200Â 206,1.0,0.0,-1.0,1732251,2.0,7,,0.0,2.0,2.0,A01,138Â 200Â 206,1.0
1014802,201900056333,12,1,17:28,5,2,5,2.0,3.0,75120,AVENUE GAMBETTA,M,"48,8683110","2,4014220",75,2019,50.0,1.0,2.0,4.0,2269504,5.0,2,4,1,4.0,,0.0,0,1992.0,A01,138Â 200Â 206,1.0,0.0,-1.0,1732252,1.0,7,,0.0,2.0,3.0,B01,138Â 200Â 209,1.0
1014802,201900056333,12,1,17:28,5,2,5,2.0,3.0,75120,AVENUE GAMBETTA,M,"48,8683110","2,4014220",75,2019,50.0,1.0,2.0,4.0,2269505,3.0,2,4,1,4.0,,0.0,0,1992.0,A01,138Â 200Â 206,1.0,0.0,-1.0,1732251,2.0,7,,0.0,2.0,2.0,A01,138Â 200Â 206,1.0
1014802,201900056333,12,1,17:28,5,2,5,2.0,3.0,75120,AVENUE GAMBETTA,M,"48,8683110","2,4014220",75,2019,50.0,1.0,2.0,4.0,2269505,3.0,2,4,1,4.0,,0.0,0,1992.0,A01,138Â 200Â 206,1.0,0.0,-1.0,1732252,1.0,7,,0.0,2.0,3.0,B01,138Â 200Â 209,1.0
1014802,201900056333,12,1,17:28,5,2,5,2.0,3.0,75120,AVENUE GAMBETTA,M,"48,8683110","2,4014220",75,2019,50.0,1.0,2.0,4.0,2269506,1.0,1,4,1,4.0,,0.0,0,1996.0,A01,138Â 200Â 206,1.0,0.0,-1.0,1732251,2.0,7,,0.0,2.0,2.0,A01,138Â 200Â 206,1.0
1014802,201900056333,12,1,17:28,5,2,5,2.0,3.0,75120,AVENUE GAMBETTA,M,"48,8683110","2,4014220",75,2019,50.0,1.0,2.0,4.0,2269506,1.0,1,4,1,4.0,,0.0,0,1996.0,A01,138Â 200Â 206,1.0,0.0,-1.0,1732252,1.0,7,,0.0,2.0,3.0,B01,138Â 200Â 209,1.0
1014802,201900056333,12,1,17:28,5,2,5,2.0,3.0,75120,AVENUE GAMBETTA,M,"48,8683110","2,4014220",75,2019,50.0,1.0,2.0,4.0,2269507,1.0,1,4,2,4.0,,0.0,0,1959.0,B01,138Â 200Â 209,1.0,0.0,-1.0,1732251,2.0,7,,0.0,2.0,2.0,A01,138Â 200Â 206,1.0
1014802,201900056333,12,1,17:28,5,2,5,2.0,3.0,75120,AVENUE GAMBETTA,M,"48,8683110","2,4014220",75,2019,50.0,1.0,2.0,4.0,2269507,1.0,1,4,2,4.0,,0.0,0,1959.0,B01,138Â 200Â 209,1.0,0.0,-1.0,1732252,1.0,7,,0.0,2.0,3.0,B01,138Â 200Â 209,1.0
1014803,201900056334,2,13,08:52,1,2,3,7.0,3.0,67482,VIRGILE (RUE),M,"48,5813650","7,6992350",67,2019,50.0,1.0,1.0,4.0,2269508,1.0,1,1,1,0.0,,-1.0,0,1978.0,A01,138Â 200Â 205,1.0,8.0,-1.0,1732253,1.0,7,,0.0,2.0,1.0,A01,138Â 200Â 205,1.0
1014803,201900056334,2,13,08:52,1,2,3,7.0,3.0,67482,VIRGILE (RUE),M,"48,5813650","7,6992350",67,2019,50.0,1.0,1.0,4.0,2269508,1.0,1,1,1,0.0,,-1.0,0,1978.0,A01,138Â 200Â 205,1.0,8.0,-1.0,1732254,1.0,10,,0.0,2.0,3.0,B01,138Â 200Â 208,1.0
1014803,201900056334,2,13,08:52,1,2,3,7.0,3.0,67482,VIRGILE (RUE),M,"48,5813650","7,6992350",67,2019,50.0,1.0,1.0,4.0,2269509,2.0,2,4,2,9.0,,-1.0,0,1936.0,B01,138Â 200Â 208,1.0,8.0,-1.0,1732253,1.0,7,,0.0,2.0,1.0,A01,138Â 200Â 205,1.0
1014803,201900056334,2,13,08:52,1,2,3,7.0,3.0,67482,VIRGILE (RUE),M,"48,5813650","7,6992350",67,2019,50.0,1.0,1.0,4.0,2269509,2.0,2,4,2,9.0,,-1.0,0,1936.0,B01,138Â 200Â 208,1.0,8.0,-1.0,1732254,1.0,10,,0.0,2.0,3.0,B01,138Â 200Â 208,1.0
1014803,201900056334,2,13,08:52,1,2,3,7.0,3.0,67482,VIRGILE (RUE),M,"48,5813650","7,6992350",67,2019,50.0,1.0,1.0,4.0,2269510,1.0,1,4,1,4.0,,-1.0,0,1989.0,B01,138Â 200Â 208,1.0,8.0,-1.0,1732253,1.0,7,,0.0,2.0,1.0,A01,138Â 200Â 205,1.0
1014803,201900056334,2,13,08:52,1,2,3,7.0,3.0,67482,VIRGILE (RUE),M,"48,5813650","7,6992350",67,2019,50.0,1.0,1.0,4.0,2269510,1.0,1,4,1,4.0,,-1.0,0,1989.0,B01,138Â 200Â 208,1.0,8.0,-1.0,1732254,1.0,10,,0.0,2.0,3.0,B01,138Â 200Â 208,1.0
1014804,201900056335,5,18,07:55,1,1,1,1.0,1.0,33547,CD 03 - PR 156+072,M,"44,4570310"," -0,3905310",33,2019,80.0,1.0,1.0,3.0,2269511,1.0,1,2,1,5.0,,0.0,0,1995.0,A01,138Â 200Â 204,1.0,-1.0,-1.0,1732255,1.0,7,,0.0,2.0,3.0,A01,138Â 200Â 204,1.0
1014804,201900056335,5,18,07:55,1,1,1,1.0,1.0,33547,CD 03 - PR 156+072,M,"44,4570310"," -0,3905310",33,2019,80.0,1.0,1.0,3.0,2269511,1.0,1,2,1,5.0,,0.0,0,1995.0,A01,138Â 200Â 204,1.0,-1.0,-1.0,1732256,2.0,17,,0.0,2.0,1.0,B01,138Â 200Â 207,1.0
1014804,201900056335,5,18,07:55,1,1,1,1.0,1.0,33547,CD 03 - PR 156+072,M,"44,4570310"," -0,3905310",33,2019,80.0,1.0,1.0,3.0,2269512,2.0,2,2,1,5.0,,0.0,0,1998.0,A01,138Â 200Â 204,1.0,-1.0,-1.0,1732255,1.0,7,,0.0,2.0,3.0,A01,138Â 200Â 204,1.0
1014804,201900056335,5,18,07:55,1,1,1,1.0,1.0,33547,CD 03 - PR 156+072,M,"44,4570310"," -0,3905310",33,2019,80.0,1.0,1.0,3.0,2269512,2.0,2,2,1,5.0,,0.0,0,1998.0,A01,138Â 200Â 204,1.0,-1.0,-1.0,1732256,2.0,17,,0.0,2.0,1.0,B01,138Â 200Â 207,1.0
1014804,201900056335,5,18,07:55,1,1,1,1.0,1.0,33547,CD 03 - PR 156+072,M,"44,4570310"," -0,3905310",33,2019,80.0,1.0,1.0,3.0,2269513,9.0,2,2,1,5.0,,0.0,0,1999.0,A01,138Â 200Â 204,1.0,-1.0,-1.0,1732255,1.0,7,,0.0,2.0,3.0,A01,138Â 200Â 204,1.0
1014804,201900056335,5,18,07:55,1,1,1,1.0,1.0,33547,CD 03 - PR 156+072,M,"44,4570310"," -0,3905310",33,2019,80.0,1.0,1.0,3.0,2269513,9.0,2,2,1,5.0,,0.0,0,1999.0,A01,138Â 200Â 204,1.0,-1.0,-1.0,1732256,2.0,17,,0.0,2.0,1.0,B01,138Â 200Â 207,1.0
1014804,201900056335,5,18,07:55,1,1,1,1.0,1.0,33547,CD 03 - PR 156+072,M,"44,4570310"," -0,3905310",33,2019,80.0,1.0,1.0,3.0,2269514,1.0,1,1,1,1.0,,0.0,0,1977.0,B01,138Â 200Â 207,1.0,-1.0,-1.0,1732255,1.0,7,,0.0,2.0,3.0,A01,138Â 200Â 204,1.0
1014804,201900056335,5,18,07:55,1,1,1,1.0,1.0,33547,CD 03 - PR 156+072,M,"44,4570310"," -0,3905310",33,2019,80.0,1.0,1.0,3.0,2269514,1.0,1,1,1,1.0,,0.0,0,1977.0,B01,138Â 200Â 207,1.0,-1.0,-1.0,1732256,2.0,17,,0.0,2.0,1.0,B01,138Â 200Â 207,1.0
1014805,201900056336,2,12,22:20,3,1,1,1.0,6.0,67204,FONTAINE (RUE DE LA),M,"48,6237000","7,7483400",67,2019,70.0,1.0,1.0,7.0,2269515,1.0,1,4,1,5.0,,-1.0,0,1998.0,A01,138Â 200Â 201,1.0,8.0,-1.0,1732257,1.0,7,,2.0,0.0,1.0,A01,138Â 200Â 201,1.0
1014806,201900056337,5,15,15:01,1,1,1,1.0,2.0,34143,"Autoroute A, PK 126+500",M,"43,4695139","3,6401975",34,2019,130.0,1.0,1.0,1.0,2269516,1.0,1,3,1,4.0,,0.0,0,1964.0,A01,138Â 200Â 200,1.0,-1.0,-1.0,1732258,2.0,10,,0.0,2.0,1.0,A01,138Â 200Â 200,1.0
1014806,201900056337,5,15,15:01,1,1,1,1.0,2.0,34143,"Autoroute A, PK 126+500",M,"43,4695139","3,6401975",34,2019,130.0,1.0,1.0,1.0,2269516,1.0,1,3,1,4.0,,0.0,0,1964.0,A01,138Â 200Â 200,1.0,-1.0,-1.0,1732259,2.0,17,,0.0,0.0,4.0,B01,138Â 200Â 203,1.0
1014806,201900056337,5,15,15:01,1,1,1,1.0,2.0,34143,"Autoroute A, PK 126+500",M,"43,4695139","3,6401975",34,2019,130.0,1.0,1.0,1.0,2269517,1.0,1,1,1,4.0,,0.0,0,1991.0,B01,138Â 200Â 203,1.0,-1.0,-1.0,1732258,2.0,10,,0.0,2.0,1.0,A01,138Â 200Â 200,1.0
1014806,201900056337,5,15,15:01,1,1,1,1.0,2.0,34143,"Autoroute A, PK 126+500",M,"43,4695139","3,6401975",34,2019,130.0,1.0,1.0,1.0,2269517,1.0,1,1,1,4.0,,0.0,0,1991.0,B01,138Â 200Â 203,1.0,-1.0,-1.0,1732259,2.0,17,,0.0,0.0,4.0,B01,138Â 200Â 203,1.0
1014807,201900056338,5,4,03:57,5,2,6,1.0,6.0,69043,20 Route de la Gare,M,"45,7004400","4,7541000",69,2019,50.0,4.0,1.0,4.0,2269518,1.0,1,3,1,5.0,,0.0,0,1996.0,A01,138Â 200Â 199,1.0,5.0,-1.0,1732260,2.0,7,,8.0,0.0,1.0,A01,138Â 200Â 199,0.0
1014807,201900056338,5,4,03:57,5,2,6,1.0,6.0,69043,20 Route de la Gare,M,"45,7004400","4,7541000",69,2019,50.0,4.0,1.0,4.0,2269519,2.0,2,4,1,5.0,,0.0,0,1996.0,A01,138Â 200Â 199,1.0,-1.0,-1.0,1732260,2.0,7,,8.0,0.0,1.0,A01,138Â 200Â 199,0.0
1014808,201900056339,12,1,02:48,5,2,2,2.0,3.0,75112,BOULEVARD DIDEROT,M,"48,8470000","2,3837744",75,2019,50.0,1.0,2.0,4.0,2269520,8.0,2,1,1,4.0,,0.0,0,1987.0,B01,138Â 200Â 198,1.0,0.0,-1.0,1732261,2.0,13,,0.0,2.0,7.0,B01,138Â 200Â 198,1.0
1014808,201900056339,12,1,02:48,5,2,2,2.0,3.0,75112,BOULEVARD DIDEROT,M,"48,8470000","2,3837744",75,2019,50.0,1.0,2.0,4.0,2269520,8.0,2,1,1,4.0,,0.0,0,1987.0,B01,138Â 200Â 198,1.0,0.0,-1.0,1732262,2.0,7,,0.0,2.0,1.0,A01,138Â 200Â 202,1.0
1014808,201900056339,12,1,02:48,5,2,2,2.0,3.0,75112,BOULEVARD DIDEROT,M,"48,8470000","2,3837744",75,2019,50.0,1.0,2.0,4.0,2269521,6.0,2,1,2,4.0,,0.0,0,1982.0,B01,138Â 200Â 198,1.0,0.0,-1.0,1732261,2.0,13,,0.0,2.0,7.0,B01,138Â 200Â 198,1.0
1014808,201900056339,12,1,02:48,5,2,2,2.0,3.0,75112,BOULEVARD DIDEROT,M,"48,8470000","2,3837744",75,2019,50.0,1.0,2.0,4.0,2269521,6.0,2,1,2,4.0,,0.0,0,1982.0,B01,138Â 200Â 198,1.0,0.0,-1.0,1732262,2.0,7,,0.0,2.0,1.0,A01,138Â 200Â 202,1.0
1014808,201900056339,12,1,02:48,5,2,2,2.0,3.0,75112,BOULEVARD DIDEROT,M,"48,8470000","2,3837744",75,2019,50.0,1.0,2.0,4.0,2269522,1.0,1,1,1,4.0,,0.0,0,1993.0,B01,138Â 200Â 198,1.0,0.0,-1.0,1732261,2.0,13,,0.0,2.0,7.0,B01,138Â 200Â 198,1.0
1014808,201900056339,12,1,02:48,5,2,2,2.0,3.0,75112,BOULEVARD DIDEROT,M,"48,8470000","2,3837744",75,2019,50.0,1.0,2.0,4.0,2269522,1.0,1,1,1,4.0,,0.0,0,1993.0,B01,138Â 200Â 198,1.0,0.0,-1.0,1732262,2.0,7,,0.0,2.0,1.0,A01,138Â 200Â 202,1.0
1014808,201900056339,12,1,02:48,5,2,2,2.0,3.0,75112,BOULEVARD DIDEROT,M,"48,8470000","2,3837744",75,2019,50.0,1.0,2.0,4.0,2269523,2.0,2,1,1,4.0,,0.0,0,1996.0,B01,138Â 200Â 198,1.0,0.0,-1.0,1732261,2.0,13,,0.0,2.0,7.0,B01,138Â 200Â 198,1.0