Unnamed: 0_x,num_acc,mois,jour,hrmn,lum,agg,int,atm,col,com,adr,gps,lat,long,dep,annee,vma,situ,surf,catr,Unnamed: 0_y,place,catu,grav,sexe,trajet,secu,locp,actp,an_nais,num_veh_x,id_vehicule_x,secu1,secu2,secu3,Unnamed: 0,senc,catv,occutc,obs,obsm,choc,num_veh_y,id_vehicule_y,motor
1014808,201900056339,12,1,02:48,5,2,2,2.0,3.0,75112,BOULEVARD DIDEROT,M,"48,8470000","2,3837744",75,2019,50.0,1.0,2.0,4.0,2269523,2.0,2,1,1,4.0,,0.0,0,1996.0,B01,138Â 200Â 198,1.0,0.0,-1.0,1732262,2.0,7,,0.0,2.0,1.0,A01,138Â 200Â 202,1.0
1014808,201900056339,12,1,02:48,5,2,2,2.0,3.0,75112,BOULEVARD DIDEROT,M,"48,8470000","2,3837744",75,2019,50.0,1.0,2.0,4.0,2269524,1.0,1,4,2,5.0,,0.0,0,1994.0,A01,138Â 200Â 202,1.0,0.0,-1.0,1732261,2.0,13,,0.0,2.0,7.0,B01,138Â 200Â 198,1.0
1014808,201900056339,12,1,02:48,5,2,2,2.0,3.0,75112,BOULEVARD DIDEROT,M,"48,8470000","2,3837744",75,2019,50.0,1.0,2.0,4.0,2269524,1.0,1,4,2,5.0,,0.0,0,1994.0,A01,138Â 200Â 202,1.0,0.0,-1.0,1732262,2.0,7,,0.0,2.0,1.0,A01,138Â 200Â 202,1.0
1014808,201900056339,12,1,02:48,5,2,2,2.0,3.0,75112,BOULEVARD DIDEROT,M,"48,8470000","2,3837744",75,2019,50.0,1.0,2.0,4.0,2269525,2.0,2,4,2,5.0,,0.0,0,1991.0,A01,138Â 200Â 202,1.0,0.0,-1.0,1732261,2.0,13,,0.0,2.0,7.0,B01,138Â 200Â 198,1.0
1014808,201900056339,12,1,02:48,5,2,2,2.0,3.0,75112,BOULEVARD DIDEROT,M,"48,8470000","2,3837744",75,2019,50.0,1.0,2.0,4.0,2269525,2.0,2,4,2,5.0,,0.0,0,1991.0,A01,138Â 200Â 202,1.0,0.0,-1.0,1732262,2.0,7,,0.0,2.0,1.0,A01,138Â 200Â 202,1.0
1014809,201900056340,2,12,18:20,5,2,3,1.0,6.0,67218,ALTENHEIM (ROUTE D ),M,"48,5430200","7,7360500",67,2019,30.0,1.0,1.0,4.0,2269526,1.0,1,1,1,0.0,,-1.0,0,1960.0,A01,138Â 200Â 197,1.0,8.0,-1.0,1732263,1.0,7,,0.0,1.0,1.0,A01,138Â 200Â 197,1.0
1014809,201900056340,2,12,18:20,5,2,3,1.0,6.0,67218,ALTENHEIM (ROUTE D ),M,"48,5430200","7,7360500",67,2019,30.0,1.0,1.0,4.0,2269527,10.0,3,1,2,0.0,,9.0,B,2000.0,A01,138Â 200Â 197,8.0,0.0,-1.0,1732263,1.0,7,,0.0,1.0,1.0,A01,138Â 200Â 197,1.0
1014809,201900056340,2,12,18:20,5,2,3,1.0,6.0,67218,ALTENHEIM (ROUTE D ),M,"48,5430200","7,7360500",67,2019,30.0,1.0,1.0,4.0,2269528,10.0,3,4,2,0.0,,3.0,3,1999.0,A01,138Â 200Â 197,8.0,0.0,-1.0,1732263,1.0,7,,0.0,1.0,1.0,A01,138Â 200Â 197,1.0
1014810,201900056341,2,15,15:35,1,2,1,1.0,6.0,67462,COLMAR (ROUTE DE),M,"48,2580400","7,4443400",67,2019,50.0,1.0,1.0,4.0,2269529,1.0,1,1,1,0.0,,0.0,0,1967.0,A01,138Â 200Â 192,8.0,0.0,-1.0,1732264,1.0,7,,0.0,1.0,1.0,A01,138Â 200Â 192,1.0
1014810,201900056341,2,15,15:35,1,2,1,1.0,6.0,67462,COLMAR (ROUTE DE),M,"48,2580400","7,4443400",67,2019,50.0,1.0,1.0,4.0,2269530,10.0,3,3,1,0.0,,2.0,3,1949.0,A01,138Â 200Â 192,8.0,0.0,-1.0,1732264,1.0,7,,0.0,1.0,1.0,A01,138Â 200Â 192,1.0
1014811,201900056342,12,1,00:10,5,2,1,1.0,2.0,75107,QUAI ANATOLE FRANCE,M,"48,8620433","2,3210563",75,2019,50.0,1.0,1.0,4.0,2269531,1.0,1,4,2,4.0,,0.0,0,1987.0,B01,138Â 200Â 193,1.0,0.0,-1.0,1732265,2.0,7,,0.0,2.0,4.0,B01,138Â 200Â 193,1.0
1014811,201900056342,12,1,00:10,5,2,1,1.0,2.0,75107,QUAI ANATOLE FRANCE,M,"48,8620433","2,3210563",75,2019,50.0,1.0,1.0,4.0,2269531,1.0,1,4,2,4.0,,0.0,0,1987.0,B01,138Â 200Â 193,1.0,0.0,-1.0,1732266,2.0,7,,0.0,2.0,1.0,A01,138Â 200Â 195,1.0
1014811,201900056342,12,1,00:10,5,2,1,1.0,2.0,75107,QUAI ANATOLE FRANCE,M,"48,8620433","2,3210563",75,2019,50.0,1.0,1.0,4.0,2269532,1.0,1,1,1,5.0,,0.0,0,1991.0,A01,138Â 200Â 195,1.0,0.0,-1.0,1732265,2.0,7,,0.0,2.0,4.0,B01,138Â 200Â 193,1.0
1014811,201900056342,12,1,00:10,5,2,1,1.0,2.0,75107,QUAI ANATOLE FRANCE,M,"48,8620433","2,3210563",75,2019,50.0,1.0,1.0,4.0,2269532,1.0,1,1,1,5.0,,0.0,0,1991.0,A01,138Â 200Â 195,1.0,0.0,-1.0,1732266,2.0,7,,0.0,2.0,1.0,A01,138Â 200Â 195,1.0
1014811,201900056342,12,1,00:10,5,2,1,1.0,2.0,75107,QUAI ANATOLE FRANCE,M,"48,8620433","2,3210563",75,2019,50.0,1.0,1.0,4.0,2269533,2.0,2,1,2,5.0,,0.0,0,1990.0,A01,138Â 200Â 195,1.0,0.0,-1.0,1732265,2.0,7,,0.0,2.0,4.0,B01,138Â 200Â 193,1.0
1014811,201900056342,12,1,00:10,5,2,1,1.0,2.0,75107,QUAI ANATOLE FRANCE,M,"48,8620433","2,3210563",75,2019,50.0,1.0,1.0,4.0,2269533,2.0,2,1,2,5.0,,0.0,0,1990.0,A01,138Â 200Â 195,1.0,0.0,-1.0,1732266,2.0,7,,0.0,2.0,1.0,A01,138Â 200Â 195,1.0
1014812,201900056343,2,15,11:13,2,2,1,1.0,6.0,66136,SAINT-ASSISCLE (BOULEVARD DE),M,"42,6959000","2,8783300",66,2019,30.0,1.0,1.0,4.0,2269534,10.0,3,4,2,0.0,,2.0,3,1990.0,A01,138Â 200Â 190,8.0,0.0,-1.0,1732267,0.0,7,,0.0,1.0,1.0,A01,138Â 200Â 190,1.0
1014812,201900056343,2,15,11:13,2,2,1,1.0,6.0,66136,SAINT-ASSISCLE (BOULEVARD DE),M,"42,6959000","2,8783300",66,2019,30.0,1.0,1.0,4.0,2269535,1.0,1,1,1,5.0,,0.0,0,1958.0,A01,138Â 200Â 190,1.0,8.0,-1.0,1732267,0.0,7,,0.0,1.0,1.0,A01,138Â 200Â 190,1.0
1014813,201900056344,5,2,14:05,1,1,1,1.0,6.0,14593,"A13, PK 184.960, sens CAEN-PARIS",M,"49,2671608","0,1685998",14,2019,90.0,2.0,1.0,1.0,2269536,1.0,1,4,1,4.0,,0.0,0,1995.0,A01,138Â 200Â 191,1.0,-1.0,-1.0,1732268,2.0,17,,14.0,0.0,3.0,A01,138Â 200Â 191,1.0
1014814,201900056345,2,14,13:45,1,2,1,1.0,6.0,64483,chemin d'AguÃ©rria,M,"43,4112500"," -1,6230500",64,2019,50.0,1.0,1.0,4.0,2269537,1.0,1,1,1,0.0,,0.0,0,1992.0,A01,138Â 200Â 188,1.0,0.0,-1.0,1732269,0.0,7,,0.0,1.0,1.0,A01,138Â 200Â 188,1.0
1014814,201900056345,2,14,13:45,1,2,1,1.0,6.0,64483,chemin d'AguÃ©rria,M,"43,4112500"," -1,6230500",64,2019,50.0,1.0,1.0,4.0,2269538,10.0,3,3,2,0.0,,1.0,3,1950.0,A01,138Â 200Â 188,8.0,0.0,-1.0,1732269,0.0,7,,0.0,1.0,1.0,A01,138Â 200Â 188,1.0
1014815,201900056346,12,2,08:50,1,2,4,1.0,2.0,75117,BD PERIPHERIQUE INTERIEUR,M,"48,9003654","2,3225355",75,2019,70.0,1.0,1.0,4.0,2269539,1.0,1,4,1,0.0,,0.0,0,1982.0,A01,138Â 200Â 187,1.0,0.0,-1.0,1732270,1.0,7,,0.0,2.0,1.0,A01,138Â 200Â 187,1.0
1014815,201900056346,12,2,08:50,1,2,4,1.0,2.0,75117,BD PERIPHERIQUE INTERIEUR,M,"48,9003654","2,3225355",75,2019,70.0,1.0,1.0,4.0,2269539,1.0,1,4,1,0.0,,0.0,0,1982.0,A01,138Â 200Â 187,1.0,0.0,-1.0,1732271,1.0,7,,0.0,2.0,4.0,B01,138Â 200Â 189,1.0
1014815,201900056346,12,2,08:50,1,2,4,1.0,2.0,75117,BD PERIPHERIQUE INTERIEUR,M,"48,9003654","2,3225355",75,2019,70.0,1.0,1.0,4.0,2269540,1.0,1,1,1,0.0,,0.0,0,1970.0,B01,138Â 200Â 189,1.0,0.0,-1.0,1732270,1.0,7,,0.0,2.0,1.0,A01,138Â 200Â 187,1.0
1014815,201900056346,12,2,08:50,1,2,4,1.0,2.0,75117,BD PERIPHERIQUE INTERIEUR,M,"48,9003654","2,3225355",75,2019,70.0,1.0,1.0,4.0,2269540,1.0,1,1,1,0.0,,0.0,0,1970.0,B01,138Â 200Â 189,1.0,0.0,-1.0,1732271,1.0,7,,0.0,2.0,4.0,B01,138Â 200Â 189,1.0
1014816,201900056347,5,27,20:25,2,1,1,2.0,2.0,21295,A 31 PK023.000 SENS sud-nord,M,"47,2072410","4,9981050",21,2019,130.0,1.0,2.0,1.0,2269541,1.0,1,1,1,4.0,,0.0,0,1981.0,B01,138Â 200Â 185,8.0,-1.0,-1.0,1732272,1.0,17,,0.0,2.0,4.0,B01,138Â 200Â 185,1.0
1014816,201900056347,5,27,20:25,2,1,1,2.0,2.0,21295,A 31 PK023.000 SENS sud-nord,M,"47,2072410","4,9981050",21,2019,130.0,1.0,2.0,1.0,2269541,1.0,1,1,1,4.0,,0.0,0,1981.0,B01,138Â 200Â 185,8.0,-1.0,-1.0,1732273,1.0,7,,0.0,2.0,1.0,A01,138Â 200Â 186,1.0
1014816,201900056347,5,27,20:25,2,1,1,2.0,2.0,21295,A 31 PK023.000 SENS sud-nord,M,"47,2072410","4,9981050",21,2019,130.0,1.0,2.0,1.0,2269542,1.0,1,4,1,5.0,,0.0,0,1932.0,A01,138Â 200Â 186,1.0,-1.0,-1.0,1732272,1.0,17,,0.0,2.0,4.0,B01,138Â 200Â 185,1.0
1014816,201900056347,5,27,20:25,2,1,1,2.0,2.0,21295,A 31 PK023.000 SENS sud-nord,M,"47,2072410","4,9981050",21,2019,130.0,1.0,2.0,1.0,2269542,1.0,1,4,1,5.0,,0.0,0,1932.0,A01,138Â 200Â 186,1.0,-1.0,-1.0,1732273,1.0,7,,0.0,2.0,1.0,A01,138Â 200Â 186,1.0
1014816,201900056347,5,27,20:25,2,1,1,2.0,2.0,21295,A 31 PK023.000 SENS sud-nord,M,"47,2072410","4,9981050",21,2019,130.0,1.0,2.0,1.0,2269543,2.0,2,3,2,5.0,,0.0,0,1943.0,A01,138Â 200Â 186,1.0,-1.0,-1.0,1732272,1.0,17,,0.0,2.0,4.0,B01,138Â 200Â 185,1.0
1014816,201900056347,5,27,20:25,2,1,1,2.0,2.0,21295,A 31 PK023.000 SENS sud-nord,M,"47,2072410","4,9981050",21,2019,130.0,1.0,2.0,1.0,2269543,2.0,2,3,2,5.0,,0.0,0,1943.0,A01,138Â 200Â 186,1.0,-1.0,-1.0,1732273,1.0,7,,0.0,2.0,1.0,A01,138Â 200Â 186,1.0
1014817,201900056348,2,13,17:00,1,1,1,1.0,2.0,64348,RD 834,M,"43,3172023"," -0,3949286",64,2019,50.0,1.0,1.0,3.0,2269544,1.0,1,1,1,5.0,,0.0,0,1989.0,A01,138Â 200Â 182,8.0,8.0,-1.0,1732274,2.0,7,,0.0,2.0,3.0,A01,138Â 200Â 182,1.0
1014817,201900056348,2,13,17:00,1,1,1,1.0,2.0,64348,RD 834,M,"43,3172023"," -0,3949286",64,2019,50.0,1.0,1.0,3.0,2269544,1.0,1,1,1,5.0,,0.0,0,1989.0,A01,138Â 200Â 182,8.0,8.0,-1.0,1732275,1.0,7,,14.0,2.0,6.0,B01,138Â 200Â 184,1.0
1014817,201900056348,2,13,17:00,1,1,1,1.0,2.0,64348,RD 834,M,"43,3172023"," -0,3949286",64,2019,50.0,1.0,1.0,3.0,2269545,1.0,1,4,2,9.0,,0.0,0,1962.0,B01,138Â 200Â 184,1.0,8.0,-1.0,1732274,2.0,7,,0.0,2.0,3.0,A01,138Â 200Â 182,1.0
1014817,201900056348,2,13,17:00,1,1,1,1.0,2.0,64348,RD 834,M,"43,3172023"," -0,3949286",64,2019,50.0,1.0,1.0,3.0,2269545,1.0,1,4,2,9.0,,0.0,0,1962.0,B01,138Â 200Â 184,1.0,8.0,-1.0,1732275,1.0,7,,14.0,2.0,6.0,B01,138Â 200Â 184,1.0
1014818,201900056349,12,1,20:30,5,2,3,2.0,3.0,75117,BOULEVARD DES BATIGNOLLES,M,"48,8833290","2,3258020",75,2019,50.0,6.0,2.0,4.0,2269546,1.0,1,4,1,9.0,,0.0,0,1957.0,A01,138Â 200Â 181,2.0,6.0,-1.0,1732276,1.0,32,,0.0,2.0,8.0,A01,138Â 200Â 181,1.0
1014818,201900056349,12,1,20:30,5,2,3,2.0,3.0,75117,BOULEVARD DES BATIGNOLLES,M,"48,8833290","2,3258020",75,2019,50.0,6.0,2.0,4.0,2269546,1.0,1,4,1,9.0,,0.0,0,1957.0,A01,138Â 200Â 181,2.0,6.0,-1.0,1732277,1.0,7,,0.0,2.0,2.0,B01,138Â 200Â 183,1.0
1014818,201900056349,12,1,20:30,5,2,3,2.0,3.0,75117,BOULEVARD DES BATIGNOLLES,M,"48,8833290","2,3258020",75,2019,50.0,6.0,2.0,4.0,2269547,1.0,1,1,2,9.0,,0.0,0,1992.0,B01,138Â 200Â 183,1.0,0.0,-1.0,1732276,1.0,32,,0.0,2.0,8.0,A01,138Â 200Â 181,1.0
1014818,201900056349,12,1,20:30,5,2,3,2.0,3.0,75117,BOULEVARD DES BATIGNOLLES,M,"48,8833290","2,3258020",75,2019,50.0,6.0,2.0,4.0,2269547,1.0,1,1,2,9.0,,0.0,0,1992.0,B01,138Â 200Â 183,1.0,0.0,-1.0,1732277,1.0,7,,0.0,2.0,2.0,B01,138Â 200Â 183,1.0
1014819,201900056350,5,29,10:00,1,1,1,1.0,6.0,45067,A10 PK 104+560 aire de Bellevue,M,"47,8948680","1,7714450",45,2019,30.0,1.0,1.0,1.0,2269548,1.0,1,3,1,5.0,,0.0,0,1953.0,A01,138Â 200Â 180,2.0,6.0,-1.0,1732278,1.0,33,,4.0,0.0,2.0,A01,138Â 200Â 180,1.0
1014820,201900056351,5,27,16:35,1,1,1,1.0,2.0,28303,A10 PK 76+900 sens Paris vers province,M,"48,1056750","1,8510720",28,2019,130.0,1.0,1.0,1.0,2269549,1.0,1,1,1,4.0,,0.0,0,1985.0,B01,138Â 200Â 176,1.0,-1.0,-1.0,1732279,1.0,17,,0.0,0.0,6.0,B01,138Â 200Â 176,1.0
1014820,201900056351,5,27,16:35,1,1,1,1.0,2.0,28303,A10 PK 76+900 sens Paris vers province,M,"48,1056750","1,8510720",28,2019,130.0,1.0,1.0,1.0,2269549,1.0,1,1,1,4.0,,0.0,0,1985.0,B01,138Â 200Â 176,1.0,-1.0,-1.0,1732280,1.0,7,,0.0,2.0,2.0,A01,138Â 200Â 177,1.0
1014820,201900056351,5,27,16:35,1,1,1,1.0,2.0,28303,A10 PK 76+900 sens Paris vers province,M,"48,1056750","1,8510720",28,2019,130.0,1.0,1.0,1.0,2269550,1.0,1,4,1,5.0,,0.0,0,1964.0,A01,138Â 200Â 177,1.0,-1.0,-1.0,1732279,1.0,17,,0.0,0.0,6.0,B01,138Â 200Â 176,1.0
1014820,201900056351,5,27,16:35,1,1,1,1.0,2.0,28303,A10 PK 76+900 sens Paris vers province,M,"48,1056750","1,8510720",28,2019,130.0,1.0,1.0,1.0,2269550,1.0,1,4,1,5.0,,0.0,0,1964.0,A01,138Â 200Â 177,1.0,-1.0,-1.0,1732280,1.0,7,,0.0,2.0,2.0,A01,138Â 200Â 177,1.0
1014820,201900056351,5,27,16:35,1,1,1,1.0,2.0,28303,A10 PK 76+900 sens Paris vers province,M,"48,1056750","1,8510720",28,2019,130.0,1.0,1.0,1.0,2269551,2.0,2,4,2,5.0,,0.0,0,1966.0,A01,138Â 200Â 177,1.0,-1.0,-1.0,1732279,1.0,17,,0.0,0.0,6.0,B01,138Â 200Â 176,1.0
1014820,201900056351,5,27,16:35,1,1,1,1.0,2.0,28303,A10 PK 76+900 sens Paris vers province,M,"48,1056750","1,8510720",28,2019,130.0,1.0,1.0,1.0,2269551,2.0,2,4,2,5.0,,0.0,0,1966.0,A01,138Â 200Â 177,1.0,-1.0,-1.0,1732280,1.0,7,,0.0,2.0,2.0,A01,138Â 200Â 177,1.0
1014820,201900056351,5,27,16:35,1,1,1,1.0,2.0,28303,A10 PK 76+900 sens Paris vers province,M,"48,1056750","1,8510720",28,2019,130.0,1.0,1.0,1.0,2269552,4.0,2,1,2,5.0,,0.0,0,1994.0,A01,138Â 200Â 177,1.0,-1.0,-1.0,1732279,1.0,17,,0.0,0.0,6.0,B01,138Â 200Â 176,1.0
1014820,201900056351,5,27,16:35,1,1,1,1.0,2.0,28303,A10 PK 76+900 sens Paris vers province,M,"48,1056750","1,8510720",28,2019,130.0,1.0,1.0,1.0,2269552,4.0,2,1,2,5.0,,0.0,0,1994.0,A01,138Â 200Â 177,1.0,-1.0,-1.0,1732280,1.0,7,,0.0,2.0,2.0,A01,138Â 200Â 177,1.0
1014820,201900056351,5,27,16:35,1,1,1,1.0,2.0,28303,A10 PK 76+900 sens Paris vers province,M,"48,1056750","1,8510720",28,2019,130.0,1.0,1.0,1.0,2269553,3.0,2,1,2,5.0,,0.0,0,1999.0,A01,138Â 200Â 177,1.0,-1.0,-1.0,1732279,1.0,17,,0.0,0.0,6.0,B01,138Â 200Â 176,1.0
1014820,201900056351,5,27,16:35,1,1,1,1.0,2.0,28303,A10 PK 76+900 sens Paris vers province,M,"48,1056750","1,8510720",28,2019,130.0,1.0,1.0,1.0,2269553,3.0,2,1,2,5.0,,0.0,0,1999.0,A01,138Â 200Â 177,1.0,-1.0,-1.0,1732280,1.0,7,,0.0,2.0,2.0,A01,138Â 200Â 177,1.0
1014821,201900056352,5,18,15:49,1,1,1,8.0,6.0,28392,autoroute 10 - P.K. 61 + 250,M,"48,2388580","1,8509430",28,2019,130.0,3.0,1.0,1.0,2269554,1.0,1,2,1,5.0,,0.0,0,1958.0,A01,138Â 200Â 175,8.0,-1.0,-1.0,1732281,1.0,7,,17.0,0.0,1.0,A01,138Â 200Â 175,1.0
1014821,201900056352,5,18,15:49,1,1,1,8.0,6.0,28392,autoroute 10 - P.K. 61 + 250,M,"48,2388580","1,8509430",28,2019,130.0,3.0,1.0,1.0,2269555,2.0,2,1,2,5.0,,0.0,0,1957.0,A01,138Â 200Â 175,1.0,-1.0,-1.0,1732281,1.0,7,,17.0,0.0,1.0,A01,138Â 200Â 175,1.0
1014822,201900056353,2,13,08:35,1,2,6,1.0,2.0,64284,BEAUVALLON,M,"43,2857279"," -0,3995755",64,2019,50.0,1.0,1.0,3.0,2269556,1.0,1,4,1,9.0,,0.0,0,1978.0,B01,138Â 200Â 173,2.0,0.0,-1.0,1732282,2.0,1,,0.0,2.0,6.0,B01,138Â 200Â 173,5.0
1014822,201900056353,2,13,08:35,1,2,6,1.0,2.0,64284,BEAUVALLON,M,"43,2857279"," -0,3995755",64,2019,50.0,1.0,1.0,3.0,2269556,1.0,1,4,1,9.0,,0.0,0,1978.0,B01,138Â 200Â 173,2.0,0.0,-1.0,1732283,2.0,7,,0.0,2.0,2.0,A01,138Â 200Â 179,1.0
1014822,201900056353,2,13,08:35,1,2,6,1.0,2.0,64284,BEAUVALLON,M,"43,2857279"," -0,3995755",64,2019,50.0,1.0,1.0,3.0,2269557,1.0,1,1,1,9.0,,0.0,0,1957.0,A01,138Â 200Â 179,1.0,0.0,-1.0,1732282,2.0,1,,0.0,2.0,6.0,B01,138Â 200Â 173,5.0
1014822,201900056353,2,13,08:35,1,2,6,1.0,2.0,64284,BEAUVALLON,M,"43,2857279"," -0,3995755",64,2019,50.0,1.0,1.0,3.0,2269557,1.0,1,1,1,9.0,,0.0,0,1957.0,A01,138Â 200Â 179,1.0,0.0,-1.0,1732283,2.0,7,,0.0,2.0,2.0,A01,138Â 200Â 179,1.0
1014823,201900056354,5,18,02:24,3,1,1,1.0,6.0,28367,Autoroute A10 PK 070+150 Sens 2,M,"48,1455710","1,8718900",28,2019,130.0,3.0,1.0,1.0,2269558,3.0,2,4,1,1.0,,0.0,0,1991.0,A01,138Â 200Â 174,8.0,-1.0,-1.0,1732284,2.0,7,,13.0,0.0,2.0,A01,138Â 200Â 174,1.0
1014823,201900056354,5,18,02:24,3,1,1,1.0,6.0,28367,Autoroute A10 PK 070+150 Sens 2,M,"48,1455710","1,8718900",28,2019,130.0,3.0,1.0,1.0,2269559,1.0,1,4,1,1.0,,0.0,0,1999.0,A01,138Â 200Â 174,8.0,-1.0,-1.0,1732284,2.0,7,,13.0,0.0,2.0,A01,138Â 200Â 174,1.0
1014823,201900056354,5,18,02:24,3,1,1,1.0,6.0,28367,Autoroute A10 PK 070+150 Sens 2,M,"48,1455710","1,8718900",28,2019,130.0,3.0,1.0,1.0,2269560,4.0,2,3,1,1.0,,0.0,0,1969.0,A01,138Â 200Â 174,8.0,-1.0,-1.0,1732284,2.0,7,,13.0,0.0,2.0,A01,138Â 200Â 174,1.0
1014824,201900056355,2,14,10:40,1,2,1,1.0,6.0,64102,4 BOULEVARD ALSACE LORRAINE ,M,"43,4949560"," -1,4692460",64,2019,50.0,1.0,1.0,4.0,2269561,10.0,3,3,2,3.0,,3.0,3,1925.0,A01,138Â 200Â 172,8.0,0.0,-1.0,1732285,1.0,7,,0.0,1.0,1.0,A01,138Â 200Â 172,1.0
1014824,201900056355,2,14,10:40,1,2,1,1.0,6.0,64102,4 BOULEVARD ALSACE LORRAINE ,M,"43,4949560"," -1,4692460",64,2019,50.0,1.0,1.0,4.0,2269562,1.0,1,1,2,5.0,,0.0,0,1960.0,A01,138Â 200Â 172,1.0,0.0,-1.0,1732285,1.0,7,,0.0,1.0,1.0,A01,138Â 200Â 172,1.0
1014825,201900056356,2,13,16:55,1,2,1,1.0,3.0,64024,JOUANETOTE (RUE DE),M,"43,4916990"," -1,5061910",64,2019,50.0,1.0,1.0,4.0,2269563,1.0,1,4,2,1.0,,0.0,0,1962.0,A01,138Â 200Â 169,2.0,6.0,-1.0,1732286,1.0,31,,0.0,2.0,2.0,A01,138Â 200Â 169,1.0
1014825,201900056356,2,13,16:55,1,2,1,1.0,3.0,64024,JOUANETOTE (RUE DE),M,"43,4916990"," -1,5061910",64,2019,50.0,1.0,1.0,4.0,2269563,1.0,1,4,2,1.0,,0.0,0,1962.0,A01,138Â 200Â 169,2.0,6.0,-1.0,1732287,2.0,7,,0.0,2.0,5.0,B01,138Â 200Â 170,1.0
1014825,201900056356,2,13,16:55,1,2,1,1.0,3.0,64024,JOUANETOTE (RUE DE),M,"43,4916990"," -1,5061910",64,2019,50.0,1.0,1.0,4.0,2269564,1.0,1,1,1,5.0,,0.0,0,1994.0,B01,138Â 200Â 170,1.0,5.0,-1.0,1732286,1.0,31,,0.0,2.0,2.0,A01,138Â 200Â 169,1.0
1014825,201900056356,2,13,16:55,1,2,1,1.0,3.0,64024,JOUANETOTE (RUE DE),M,"43,4916990"," -1,5061910",64,2019,50.0,1.0,1.0,4.0,2269564,1.0,1,1,1,5.0,,0.0,0,1994.0,B01,138Â 200Â 170,1.0,5.0,-1.0,1732287,2.0,7,,0.0,2.0,5.0,B01,138Â 200Â 170,1.0
1014826,201900056357,5,28,05:00,3,1,1,6.0,2.0,11014,A9 - PK 186.660  sens sud/nord,M,"43,1883380","3,0634120",11,2019,130.0,1.0,1.0,1.0,2269565,1.0,1,1,1,4.0,,0.0,0,1974.0,A01,138Â 200Â 168,1.0,-1.0,-1.0,1732288,2.0,17,,1.0,0.0,2.0,A01,138Â 200Â 168,1.0
1014826,201900056357,5,28,05:00,3,1,1,6.0,2.0,11014,A9 - PK 186.660  sens sud/nord,M,"43,1883380","3,0634120",11,2019,130.0,1.0,1.0,1.0,2269565,1.0,1,1,1,4.0,,0.0,0,1974.0,A01,138Â 200Â 168,1.0,-1.0,-1.0,1732289,2.0,10,,0.0,0.0,6.0,B01,138Â 200Â 171,1.0
1014826,201900056357,5,28,05:00,3,1,1,6.0,2.0,11014,A9 - PK 186.660  sens sud/nord,M,"43,1883380","3,0634120",11,2019,130.0,1.0,1.0,1.0,2269566,6.0,2,3,2,5.0,,0.0,0,1988.0,B01,138Â 200Â 171,0.0,-1.0,-1.0,1732288,2.0,17,,1.0,0.0,2.0,A01,138Â 200Â 168,1.0
1014826,201900056357,5,28,05:00,3,1,1,6.0,2.0,11014,A9 - PK 186.660  sens sud/nord,M,"43,1883380","3,0634120",11,2019,130.0,1.0,1.0,1.0,2269566,6.0,2,3,2,5.0,,0.0,0,1988.0,B01,138Â 200Â 171,0.0,-1.0,-1.0,1732289,2.0,10,,0.0,0.0,6.0,B01,138Â 200Â 171,1.0
1014826,201900056357,5,28,05:00,3,1,1,6.0,2.0,11014,A9 - PK 186.660  sens sud/nord,M,"43,1883380","3,0634120",11,2019,130.0,1.0,1.0,1.0,2269567,1.0,1,1,1,5.0,,0.0,0,2000.0,B01,138Â 200Â 171,0.0,-1.0,-1.0,1732288,2.0,17,,1.0,0.0,2.0,A01,138Â 200Â 168,1.0
1014826,201900056357,5,28,05:00,3,1,1,6.0,2.0,11014,A9 - PK 186.660  sens sud/nord,M,"43,1883380","3,0634120",11,2019,130.0,1.0,1.0,1.0,2269567,1.0,1,1,1,5.0,,0.0,0,2000.0,B01,138Â 200Â 171,0.0,-1.0,-1.0,1732289,2.0,10,,0.0,0.0,6.0,B01,138Â 200Â 171,1.0
1014827,201900056358,12,2,18:45,3,2,7,1.0,6.0,75116,AVENUE PAUL DOUMER,M,"48,8625197","2,2868621",75,2019,50.0,1.0,1.0,4.0,2269568,10.0,3,4,1,5.0,,4.0,3,1960.0,A01,138Â 200Â 178,0.0,-1.0,-1.0,1732290,1.0,43,,0.0,1.0,1.0,A01,138Â 200Â 178,1.0
1014827,201900056358,12,2,18:45,3,2,7,1.0,6.0,75116,AVENUE PAUL DOUMER,M,"48,8625197","2,2868621",75,2019,50.0,1.0,1.0,4.0,2269569,1.0,1,1,1,1.0,,0.0,0,1987.0,A01,138Â 200Â 178,2.0,6.0,-1.0,1732290,1.0,43,,0.0,1.0,1.0,A01,138Â 200Â 178,1.0
1014828,201900056359,2,14,18:45,5,2,6,1.0,6.0,62826,LOUIS QUETELART (AVENUE),M,"50,5168229","1,6008341",62,2019,50.0,1.0,1.0,4.0,2269570,10.0,3,3,2,5.0,,3.0,3,1947.0,A01,138Â 200Â 167,8.0,0.0,-1.0,1732291,3.0,7,,0.0,1.0,1.0,A01,138Â 200Â 167,1.0