Unnamed: 0_x,num_acc,mois,jour,hrmn,lum,agg,int,atm,col,com,adr,gps,lat,long,dep,annee,vma,situ,surf,catr,Unnamed: 0_y,place,catu,grav,sexe,trajet,secu,locp,actp,an_nais,num_veh_x,id_vehicule_x,secu1,secu2,secu3,Unnamed: 0,senc,catv,occutc,obs,obsm,choc,num_veh_y,id_vehicule_y,motor
1014828,201900056359,2,14,18:45,5,2,6,1.0,6.0,62826,LOUIS QUETELART (AVENUE),M,"50,5168229","1,6008341",62,2019,50.0,1.0,1.0,4.0,2269571,1.0,1,1,1,5.0,,0.0,0,1982.0,A01,138Â 200Â 167,1.0,0.0,-1.0,1732291,3.0,7,,0.0,1.0,1.0,A01,138Â 200Â 167,1.0
1014829,201900056360,5,29,16:25,1,1,1,1.0,2.0,30169,autoroute A9 - PK 59.000,M,"43,7893820","4,3068500",30,2019,130.0,1.0,1.0,1.0,2269572,1.0,1,4,2,5.0,,0.0,0,1962.0,B01,138Â 200Â 164,2.0,-1.0,-1.0,1732292,1.0,2,,0.0,2.0,1.0,B01,138Â 200Â 164,0.0
1014829,201900056360,5,29,16:25,1,1,1,1.0,2.0,30169,autoroute A9 - PK 59.000,M,"43,7893820","4,3068500",30,2019,130.0,1.0,1.0,1.0,2269572,1.0,1,4,2,5.0,,0.0,0,1962.0,B01,138Â 200Â 164,2.0,-1.0,-1.0,1732293,1.0,7,,0.0,0.0,5.0,A01,138Â 200Â 166,0.0
1014829,201900056360,5,29,16:25,1,1,1,1.0,2.0,30169,autoroute A9 - PK 59.000,M,"43,7893820","4,3068500",30,2019,130.0,1.0,1.0,1.0,2269573,1.0,1,1,2,5.0,,0.0,0,1985.0,A01,138Â 200Â 166,1.0,-1.0,-1.0,1732292,1.0,2,,0.0,2.0,1.0,B01,138Â 200Â 164,0.0
1014829,201900056360,5,29,16:25,1,1,1,1.0,2.0,30169,autoroute A9 - PK 59.000,M,"43,7893820","4,3068500",30,2019,130.0,1.0,1.0,1.0,2269573,1.0,1,1,2,5.0,,0.0,0,1985.0,A01,138Â 200Â 166,1.0,-1.0,-1.0,1732293,1.0,7,,0.0,0.0,5.0,A01,138Â 200Â 166,0.0
1014830,201900056361,12,2,15:21,1,2,7,1.0,3.0,75116,PLACE DE VARSOVIE,M,"48,8607552","2,2917116",75,2019,50.0,1.0,1.0,4.0,2269574,4.0,2,4,2,0.0,,0.0,0,1984.0,B01,138Â 200Â 163,1.0,0.0,-1.0,1732294,1.0,7,,0.0,2.0,1.0,B01,138Â 200Â 163,1.0
1014830,201900056361,12,2,15:21,1,2,7,1.0,3.0,75116,PLACE DE VARSOVIE,M,"48,8607552","2,2917116",75,2019,50.0,1.0,1.0,4.0,2269574,4.0,2,4,2,0.0,,0.0,0,1984.0,B01,138Â 200Â 163,1.0,0.0,-1.0,1732295,1.0,7,,0.0,2.0,3.0,A01,138Â 200Â 165,2.0
1014830,201900056361,12,2,15:21,1,2,7,1.0,3.0,75116,PLACE DE VARSOVIE,M,"48,8607552","2,2917116",75,2019,50.0,1.0,1.0,4.0,2269575,1.0,1,1,1,4.0,,0.0,0,1992.0,B01,138Â 200Â 163,1.0,0.0,-1.0,1732294,1.0,7,,0.0,2.0,1.0,B01,138Â 200Â 163,1.0
1014830,201900056361,12,2,15:21,1,2,7,1.0,3.0,75116,PLACE DE VARSOVIE,M,"48,8607552","2,2917116",75,2019,50.0,1.0,1.0,4.0,2269575,1.0,1,1,1,4.0,,0.0,0,1992.0,B01,138Â 200Â 163,1.0,0.0,-1.0,1732295,1.0,7,,0.0,2.0,3.0,A01,138Â 200Â 165,2.0
1014830,201900056361,12,2,15:21,1,2,7,1.0,3.0,75116,PLACE DE VARSOVIE,M,"48,8607552","2,2917116",75,2019,50.0,1.0,1.0,4.0,2269576,1.0,1,1,1,4.0,,0.0,0,1971.0,A01,138Â 200Â 165,1.0,0.0,-1.0,1732294,1.0,7,,0.0,2.0,1.0,B01,138Â 200Â 163,1.0
1014830,201900056361,12,2,15:21,1,2,7,1.0,3.0,75116,PLACE DE VARSOVIE,M,"48,8607552","2,2917116",75,2019,50.0,1.0,1.0,4.0,2269576,1.0,1,1,1,4.0,,0.0,0,1971.0,A01,138Â 200Â 165,1.0,0.0,-1.0,1732295,1.0,7,,0.0,2.0,3.0,A01,138Â 200Â 165,2.0
1014831,201900056362,12,2,11:30,1,2,1,1.0,3.0,75116,AVENUE DE L HIPPODROME,M,"48,8582110","2,2550270",75,2019,50.0,5.0,1.0,4.0,2269577,1.0,1,1,1,1.0,,0.0,0,1963.0,A01,138Â 200Â 157,1.0,0.0,-1.0,1732296,1.0,7,,0.0,2.0,1.0,A01,138Â 200Â 157,1.0
1014831,201900056362,12,2,11:30,1,2,1,1.0,3.0,75116,AVENUE DE L HIPPODROME,M,"48,8582110","2,2550270",75,2019,50.0,5.0,1.0,4.0,2269577,1.0,1,1,1,1.0,,0.0,0,1963.0,A01,138Â 200Â 157,1.0,0.0,-1.0,1732297,2.0,1,,0.0,2.0,7.0,B01,138Â 200Â 158,5.0
1014831,201900056362,12,2,11:30,1,2,1,1.0,3.0,75116,AVENUE DE L HIPPODROME,M,"48,8582110","2,2550270",75,2019,50.0,5.0,1.0,4.0,2269578,1.0,1,4,1,1.0,,0.0,0,1975.0,B01,138Â 200Â 158,2.0,8.0,-1.0,1732296,1.0,7,,0.0,2.0,1.0,A01,138Â 200Â 157,1.0
1014831,201900056362,12,2,11:30,1,2,1,1.0,3.0,75116,AVENUE DE L HIPPODROME,M,"48,8582110","2,2550270",75,2019,50.0,5.0,1.0,4.0,2269578,1.0,1,4,1,1.0,,0.0,0,1975.0,B01,138Â 200Â 158,2.0,8.0,-1.0,1732297,2.0,1,,0.0,2.0,7.0,B01,138Â 200Â 158,5.0
1014832,201900056363,2,14,16:40,1,1,1,1.0,6.0,62626,CAMBRIN ( ROUTE DE ),M,"50,4976900","2,7305300",62,2019,80.0,1.0,1.0,4.0,2269579,1.0,1,3,1,0.0,,-1.0, -1,1950.0,B01,138Â 200Â 156,2.0,0.0,-1.0,1732298,3.0,1,,0.0,2.0,1.0,B01,138Â 200Â 156,5.0
1014833,201900056364,5,6,06:57,1,1,1,1.0,6.0,30189,Autoroute A9 la Catalane,M,"43,8364470","4,3589050",30,2019,130.0,1.0,1.0,1.0,2269580,1.0,1,3,1,0.0,,0.0,0,1961.0,A01,138Â 200Â 155,8.0,-1.0,-1.0,1732299,2.0,7,,7.0,0.0,1.0,A01,138Â 200Â 155,0.0
1014834,201900056365,2,14,16:10,1,2,1,1.0,6.0,62126,DELBECQUE ( RUE ),M,"50,5152700","2,6703600",62,2019,10.0,1.0,1.0,5.0,2269581,10.0,3,3,2,5.0,,1.0,3,1955.0,A01,138Â 200Â 151,8.0,0.0,-1.0,1732300,3.0,7,,0.0,1.0,2.0,A01,138Â 200Â 151,1.0
1014834,201900056365,2,14,16:10,1,2,1,1.0,6.0,62126,DELBECQUE ( RUE ),M,"50,5152700","2,6703600",62,2019,10.0,1.0,1.0,5.0,2269582,1.0,1,1,2,9.0,,0.0,0,1951.0,A01,138Â 200Â 151,1.0,0.0,-1.0,1732300,3.0,7,,0.0,1.0,2.0,A01,138Â 200Â 151,1.0
1014835,201900056366,5,1,12:45,1,1,9,1.0,5.0,30123,AUTOROUTE A9 - PK 71+000 SENS 1 VERS MONTPELLIER,M,"43,7207130","4,1725110",30,2019,130.0,1.0,1.0,1.0,2269583,1.0,1,1,1,0.0,,0.0,0,1980.0,C01,138Â 200Â 150,1.0,-1.0,-1.0,1732301,1.0,7,,0.0,0.0,1.0,C01,138Â 200Â 150,0.0
1014835,201900056366,5,1,12:45,1,1,9,1.0,5.0,30123,AUTOROUTE A9 - PK 71+000 SENS 1 VERS MONTPELLIER,M,"43,7207130","4,1725110",30,2019,130.0,1.0,1.0,1.0,2269583,1.0,1,1,1,0.0,,0.0,0,1980.0,C01,138Â 200Â 150,1.0,-1.0,-1.0,1732302,1.0,7,,0.0,2.0,1.0,B01,138Â 200Â 153,1.0
1014835,201900056366,5,1,12:45,1,1,9,1.0,5.0,30123,AUTOROUTE A9 - PK 71+000 SENS 1 VERS MONTPELLIER,M,"43,7207130","4,1725110",30,2019,130.0,1.0,1.0,1.0,2269583,1.0,1,1,1,0.0,,0.0,0,1980.0,C01,138Â 200Â 150,1.0,-1.0,-1.0,1732303,1.0,7,,0.0,0.0,1.0,A01,138Â 200Â 154,1.0
1014835,201900056366,5,1,12:45,1,1,9,1.0,5.0,30123,AUTOROUTE A9 - PK 71+000 SENS 1 VERS MONTPELLIER,M,"43,7207130","4,1725110",30,2019,130.0,1.0,1.0,1.0,2269584,1.0,1,4,1,5.0,,0.0,0,1991.0,B01,138Â 200Â 153,1.0,-1.0,-1.0,1732301,1.0,7,,0.0,0.0,1.0,C01,138Â 200Â 150,0.0
1014835,201900056366,5,1,12:45,1,1,9,1.0,5.0,30123,AUTOROUTE A9 - PK 71+000 SENS 1 VERS MONTPELLIER,M,"43,7207130","4,1725110",30,2019,130.0,1.0,1.0,1.0,2269584,1.0,1,4,1,5.0,,0.0,0,1991.0,B01,138Â 200Â 153,1.0,-1.0,-1.0,1732302,1.0,7,,0.0,2.0,1.0,B01,138Â 200Â 153,1.0
1014835,201900056366,5,1,12:45,1,1,9,1.0,5.0,30123,AUTOROUTE A9 - PK 71+000 SENS 1 VERS MONTPELLIER,M,"43,7207130","4,1725110",30,2019,130.0,1.0,1.0,1.0,2269584,1.0,1,4,1,5.0,,0.0,0,1991.0,B01,138Â 200Â 153,1.0,-1.0,-1.0,1732303,1.0,7,,0.0,0.0,1.0,A01,138Â 200Â 154,1.0
1014835,201900056366,5,1,12:45,1,1,9,1.0,5.0,30123,AUTOROUTE A9 - PK 71+000 SENS 1 VERS MONTPELLIER,M,"43,7207130","4,1725110",30,2019,130.0,1.0,1.0,1.0,2269585,2.0,2,4,2,5.0,,0.0,0,1970.0,B01,138Â 200Â 153,1.0,-1.0,-1.0,1732301,1.0,7,,0.0,0.0,1.0,C01,138Â 200Â 150,0.0
1014835,201900056366,5,1,12:45,1,1,9,1.0,5.0,30123,AUTOROUTE A9 - PK 71+000 SENS 1 VERS MONTPELLIER,M,"43,7207130","4,1725110",30,2019,130.0,1.0,1.0,1.0,2269585,2.0,2,4,2,5.0,,0.0,0,1970.0,B01,138Â 200Â 153,1.0,-1.0,-1.0,1732302,1.0,7,,0.0,2.0,1.0,B01,138Â 200Â 153,1.0
1014835,201900056366,5,1,12:45,1,1,9,1.0,5.0,30123,AUTOROUTE A9 - PK 71+000 SENS 1 VERS MONTPELLIER,M,"43,7207130","4,1725110",30,2019,130.0,1.0,1.0,1.0,2269585,2.0,2,4,2,5.0,,0.0,0,1970.0,B01,138Â 200Â 153,1.0,-1.0,-1.0,1732303,1.0,7,,0.0,0.0,1.0,A01,138Â 200Â 154,1.0
1014835,201900056366,5,1,12:45,1,1,9,1.0,5.0,30123,AUTOROUTE A9 - PK 71+000 SENS 1 VERS MONTPELLIER,M,"43,7207130","4,1725110",30,2019,130.0,1.0,1.0,1.0,2269586,3.0,2,4,2,5.0,,0.0,0,1994.0,B01,138Â 200Â 153,1.0,-1.0,-1.0,1732301,1.0,7,,0.0,0.0,1.0,C01,138Â 200Â 150,0.0
1014835,201900056366,5,1,12:45,1,1,9,1.0,5.0,30123,AUTOROUTE A9 - PK 71+000 SENS 1 VERS MONTPELLIER,M,"43,7207130","4,1725110",30,2019,130.0,1.0,1.0,1.0,2269586,3.0,2,4,2,5.0,,0.0,0,1994.0,B01,138Â 200Â 153,1.0,-1.0,-1.0,1732302,1.0,7,,0.0,2.0,1.0,B01,138Â 200Â 153,1.0
1014835,201900056366,5,1,12:45,1,1,9,1.0,5.0,30123,AUTOROUTE A9 - PK 71+000 SENS 1 VERS MONTPELLIER,M,"43,7207130","4,1725110",30,2019,130.0,1.0,1.0,1.0,2269586,3.0,2,4,2,5.0,,0.0,0,1994.0,B01,138Â 200Â 153,1.0,-1.0,-1.0,1732303,1.0,7,,0.0,0.0,1.0,A01,138Â 200Â 154,1.0
1014835,201900056366,5,1,12:45,1,1,9,1.0,5.0,30123,AUTOROUTE A9 - PK 71+000 SENS 1 VERS MONTPELLIER,M,"43,7207130","4,1725110",30,2019,130.0,1.0,1.0,1.0,2269587,1.0,1,1,1,0.0,,0.0,0,1977.0,A01,138Â 200Â 154,1.0,-1.0,-1.0,1732301,1.0,7,,0.0,0.0,1.0,C01,138Â 200Â 150,0.0
1014835,201900056366,5,1,12:45,1,1,9,1.0,5.0,30123,AUTOROUTE A9 - PK 71+000 SENS 1 VERS MONTPELLIER,M,"43,7207130","4,1725110",30,2019,130.0,1.0,1.0,1.0,2269587,1.0,1,1,1,0.0,,0.0,0,1977.0,A01,138Â 200Â 154,1.0,-1.0,-1.0,1732302,1.0,7,,0.0,2.0,1.0,B01,138Â 200Â 153,1.0
1014835,201900056366,5,1,12:45,1,1,9,1.0,5.0,30123,AUTOROUTE A9 - PK 71+000 SENS 1 VERS MONTPELLIER,M,"43,7207130","4,1725110",30,2019,130.0,1.0,1.0,1.0,2269587,1.0,1,1,1,0.0,,0.0,0,1977.0,A01,138Â 200Â 154,1.0,-1.0,-1.0,1732303,1.0,7,,0.0,0.0,1.0,A01,138Â 200Â 154,1.0
1014836,201900056367,2,5,14:15,1,1,6,1.0,6.0,62516,CD 943,M,"50,5686200","2,4610300",62,2019,50.0,1.0,1.0,3.0,2269588,10.0,3,4,1,9.0,,2.0,3,1943.0,A01,138Â 200Â 148,8.0,0.0,-1.0,1732304,3.0,7,,0.0,1.0,3.0,A01,138Â 200Â 148,1.0
1014836,201900056367,2,5,14:15,1,1,6,1.0,6.0,62516,CD 943,M,"50,5686200","2,4610300",62,2019,50.0,1.0,1.0,3.0,2269589,1.0,1,1,2,1.0,,0.0,0,1983.0,A01,138Â 200Â 148,1.0,8.0,-1.0,1732304,3.0,7,,0.0,1.0,3.0,A01,138Â 200Â 148,1.0
1014837,201900056368,12,1,15:30,1,2,1,1.0,5.0,75116,BOULEVARD LANNES,M,"48,8662350","2,2712780",75,2019,50.0,1.0,1.0,4.0,2269590,1.0,1,1,1,5.0,,0.0,0,2007.0,C01,138Â 200Â 147,2.0,0.0,-1.0,1732305,1.0,60,,0.0,2.0,8.0,C01,138Â 200Â 147,5.0
1014837,201900056368,12,1,15:30,1,2,1,1.0,5.0,75116,BOULEVARD LANNES,M,"48,8662350","2,2712780",75,2019,50.0,1.0,1.0,4.0,2269590,1.0,1,1,1,5.0,,0.0,0,2007.0,C01,138Â 200Â 147,2.0,0.0,-1.0,1732306,1.0,7,,0.0,2.0,1.0,A01,138Â 200Â 149,1.0
1014837,201900056368,12,1,15:30,1,2,1,1.0,5.0,75116,BOULEVARD LANNES,M,"48,8662350","2,2712780",75,2019,50.0,1.0,1.0,4.0,2269590,1.0,1,1,1,5.0,,0.0,0,2007.0,C01,138Â 200Â 147,2.0,0.0,-1.0,1732307,1.0,7,,0.0,2.0,4.0,B01,138Â 200Â 152,1.0
1014837,201900056368,12,1,15:30,1,2,1,1.0,5.0,75116,BOULEVARD LANNES,M,"48,8662350","2,2712780",75,2019,50.0,1.0,1.0,4.0,2269591,4.0,2,1,1,0.0,,0.0,0,2012.0,A01,138Â 200Â 149,3.0,1.0,-1.0,1732305,1.0,60,,0.0,2.0,8.0,C01,138Â 200Â 147,5.0
1014837,201900056368,12,1,15:30,1,2,1,1.0,5.0,75116,BOULEVARD LANNES,M,"48,8662350","2,2712780",75,2019,50.0,1.0,1.0,4.0,2269591,4.0,2,1,1,0.0,,0.0,0,2012.0,A01,138Â 200Â 149,3.0,1.0,-1.0,1732306,1.0,7,,0.0,2.0,1.0,A01,138Â 200Â 149,1.0
1014837,201900056368,12,1,15:30,1,2,1,1.0,5.0,75116,BOULEVARD LANNES,M,"48,8662350","2,2712780",75,2019,50.0,1.0,1.0,4.0,2269591,4.0,2,1,1,0.0,,0.0,0,2012.0,A01,138Â 200Â 149,3.0,1.0,-1.0,1732307,1.0,7,,0.0,2.0,4.0,B01,138Â 200Â 152,1.0
1014837,201900056368,12,1,15:30,1,2,1,1.0,5.0,75116,BOULEVARD LANNES,M,"48,8662350","2,2712780",75,2019,50.0,1.0,1.0,4.0,2269592,1.0,1,1,1,0.0,,0.0,0,1977.0,A01,138Â 200Â 149,1.0,0.0,-1.0,1732305,1.0,60,,0.0,2.0,8.0,C01,138Â 200Â 147,5.0
1014837,201900056368,12,1,15:30,1,2,1,1.0,5.0,75116,BOULEVARD LANNES,M,"48,8662350","2,2712780",75,2019,50.0,1.0,1.0,4.0,2269592,1.0,1,1,1,0.0,,0.0,0,1977.0,A01,138Â 200Â 149,1.0,0.0,-1.0,1732306,1.0,7,,0.0,2.0,1.0,A01,138Â 200Â 149,1.0
1014837,201900056368,12,1,15:30,1,2,1,1.0,5.0,75116,BOULEVARD LANNES,M,"48,8662350","2,2712780",75,2019,50.0,1.0,1.0,4.0,2269592,1.0,1,1,1,0.0,,0.0,0,1977.0,A01,138Â 200Â 149,1.0,0.0,-1.0,1732307,1.0,7,,0.0,2.0,4.0,B01,138Â 200Â 152,1.0
1014837,201900056368,12,1,15:30,1,2,1,1.0,5.0,75116,BOULEVARD LANNES,M,"48,8662350","2,2712780",75,2019,50.0,1.0,1.0,4.0,2269593,3.0,2,1,2,0.0,,0.0,0,2014.0,A01,138Â 200Â 149,3.0,1.0,-1.0,1732305,1.0,60,,0.0,2.0,8.0,C01,138Â 200Â 147,5.0
1014837,201900056368,12,1,15:30,1,2,1,1.0,5.0,75116,BOULEVARD LANNES,M,"48,8662350","2,2712780",75,2019,50.0,1.0,1.0,4.0,2269593,3.0,2,1,2,0.0,,0.0,0,2014.0,A01,138Â 200Â 149,3.0,1.0,-1.0,1732306,1.0,7,,0.0,2.0,1.0,A01,138Â 200Â 149,1.0
1014837,201900056368,12,1,15:30,1,2,1,1.0,5.0,75116,BOULEVARD LANNES,M,"48,8662350","2,2712780",75,2019,50.0,1.0,1.0,4.0,2269593,3.0,2,1,2,0.0,,0.0,0,2014.0,A01,138Â 200Â 149,3.0,1.0,-1.0,1732307,1.0,7,,0.0,2.0,4.0,B01,138Â 200Â 152,1.0
1014837,201900056368,12,1,15:30,1,2,1,1.0,5.0,75116,BOULEVARD LANNES,M,"48,8662350","2,2712780",75,2019,50.0,1.0,1.0,4.0,2269594,3.0,2,4,1,5.0,,0.0,0,2006.0,B01,138Â 200Â 152,1.0,0.0,-1.0,1732305,1.0,60,,0.0,2.0,8.0,C01,138Â 200Â 147,5.0
1014837,201900056368,12,1,15:30,1,2,1,1.0,5.0,75116,BOULEVARD LANNES,M,"48,8662350","2,2712780",75,2019,50.0,1.0,1.0,4.0,2269594,3.0,2,4,1,5.0,,0.0,0,2006.0,B01,138Â 200Â 152,1.0,0.0,-1.0,1732306,1.0,7,,0.0,2.0,1.0,A01,138Â 200Â 149,1.0
1014837,201900056368,12,1,15:30,1,2,1,1.0,5.0,75116,BOULEVARD LANNES,M,"48,8662350","2,2712780",75,2019,50.0,1.0,1.0,4.0,2269594,3.0,2,4,1,5.0,,0.0,0,2006.0,B01,138Â 200Â 152,1.0,0.0,-1.0,1732307,1.0,7,,0.0,2.0,4.0,B01,138Â 200Â 152,1.0
1014837,201900056368,12,1,15:30,1,2,1,1.0,5.0,75116,BOULEVARD LANNES,M,"48,8662350","2,2712780",75,2019,50.0,1.0,1.0,4.0,2269595,1.0,1,1,1,5.0,,0.0,0,1979.0,B01,138Â 200Â 152,1.0,0.0,-1.0,1732305,1.0,60,,0.0,2.0,8.0,C01,138Â 200Â 147,5.0
1014837,201900056368,12,1,15:30,1,2,1,1.0,5.0,75116,BOULEVARD LANNES,M,"48,8662350","2,2712780",75,2019,50.0,1.0,1.0,4.0,2269595,1.0,1,1,1,5.0,,0.0,0,1979.0,B01,138Â 200Â 152,1.0,0.0,-1.0,1732306,1.0,7,,0.0,2.0,1.0,A01,138Â 200Â 149,1.0
1014837,201900056368,12,1,15:30,1,2,1,1.0,5.0,75116,BOULEVARD LANNES,M,"48,8662350","2,2712780",75,2019,50.0,1.0,1.0,4.0,2269595,1.0,1,1,1,5.0,,0.0,0,1979.0,B01,138Â 200Â 152,1.0,0.0,-1.0,1732307,1.0,7,,0.0,2.0,4.0,B01,138Â 200Â 152,1.0
1014837,201900056368,12,1,15:30,1,2,1,1.0,5.0,75116,BOULEVARD LANNES,M,"48,8662350","2,2712780",75,2019,50.0,1.0,1.0,4.0,2269596,2.0,2,1,2,5.0,,0.0,0,1979.0,B01,138Â 200Â 152,1.0,0.0,-1.0,1732305,1.0,60,,0.0,2.0,8.0,C01,138Â 200Â 147,5.0
1014837,201900056368,12,1,15:30,1,2,1,1.0,5.0,75116,BOULEVARD LANNES,M,"48,8662350","2,2712780",75,2019,50.0,1.0,1.0,4.0,2269596,2.0,2,1,2,5.0,,0.0,0,1979.0,B01,138Â 200Â 152,1.0,0.0,-1.0,1732306,1.0,7,,0.0,2.0,1.0,A01,138Â 200Â 149,1.0
1014837,201900056368,12,1,15:30,1,2,1,1.0,5.0,75116,BOULEVARD LANNES,M,"48,8662350","2,2712780",75,2019,50.0,1.0,1.0,4.0,2269596,2.0,2,1,2,5.0,,0.0,0,1979.0,B01,138Â 200Â 152,1.0,0.0,-1.0,1732307,1.0,7,,0.0,2.0,4.0,B01,138Â 200Â 152,1.0
1014837,201900056368,12,1,15:30,1,2,1,1.0,5.0,75116,BOULEVARD LANNES,M,"48,8662350","2,2712780",75,2019,50.0,1.0,1.0,4.0,2269597,8.0,2,4,1,5.0,,0.0,0,2008.0,B01,138Â 200Â 152,3.0,1.0,-1.0,1732305,1.0,60,,0.0,2.0,8.0,C01,138Â 200Â 147,5.0
1014837,201900056368,12,1,15:30,1,2,1,1.0,5.0,75116,BOULEVARD LANNES,M,"48,8662350","2,2712780",75,2019,50.0,1.0,1.0,4.0,2269597,8.0,2,4,1,5.0,,0.0,0,2008.0,B01,138Â 200Â 152,3.0,1.0,-1.0,1732306,1.0,7,,0.0,2.0,1.0,A01,138Â 200Â 149,1.0
1014837,201900056368,12,1,15:30,1,2,1,1.0,5.0,75116,BOULEVARD LANNES,M,"48,8662350","2,2712780",75,2019,50.0,1.0,1.0,4.0,2269597,8.0,2,4,1,5.0,,0.0,0,2008.0,B01,138Â 200Â 152,3.0,1.0,-1.0,1732307,1.0,7,,0.0,2.0,4.0,B01,138Â 200Â 152,1.0
1014837,201900056368,12,1,15:30,1,2,1,1.0,5.0,75116,BOULEVARD LANNES,M,"48,8662350","2,2712780",75,2019,50.0,1.0,1.0,4.0,2269598,4.0,2,1,1,5.0,,0.0,0,2010.0,B01,138Â 200Â 152,3.0,1.0,-1.0,1732305,1.0,60,,0.0,2.0,8.0,C01,138Â 200Â 147,5.0
1014837,201900056368,12,1,15:30,1,2,1,1.0,5.0,75116,BOULEVARD LANNES,M,"48,8662350","2,2712780",75,2019,50.0,1.0,1.0,4.0,2269598,4.0,2,1,1,5.0,,0.0,0,2010.0,B01,138Â 200Â 152,3.0,1.0,-1.0,1732306,1.0,7,,0.0,2.0,1.0,A01,138Â 200Â 149,1.0
1014837,201900056368,12,1,15:30,1,2,1,1.0,5.0,75116,BOULEVARD LANNES,M,"48,8662350","2,2712780",75,2019,50.0,1.0,1.0,4.0,2269598,4.0,2,1,1,5.0,,0.0,0,2010.0,B01,138Â 200Â 152,3.0,1.0,-1.0,1732307,1.0,7,,0.0,2.0,4.0,B01,138Â 200Â 152,1.0
1014838,201900056369,5,27,03:45,5,1,1,1.0,7.0,97103,RN1,M,"16,2545590"," -61,5576660",971,2019,90.0,1.0,1.0,2.0,2269599,1.0,1,1,1,5.0,,0.0,0,1997.0,A01,138Â 200Â 146,1.0,-1.0,-1.0,1732308,0.0,7,,4.0,0.0,0.0,A01,138Â 200Â 146,1.0
1014838,201900056369,5,27,03:45,5,1,1,1.0,7.0,97103,RN1,M,"16,2545590"," -61,5576660",971,2019,90.0,1.0,1.0,2.0,2269600,2.0,2,3,1,5.0,,0.0,0,1988.0,A01,138Â 200Â 146,1.0,-1.0,-1.0,1732308,0.0,7,,4.0,0.0,0.0,A01,138Â 200Â 146,1.0
1014839,201900056370,12,2,19:10,5,2,2,1.0,3.0,75115,ESPLANADE HENRI DE FRANCE,M,"48,8386045","2,2697604",75,2019,50.0,1.0,1.0,4.0,2269601,1.0,1,4,2,1.0,,0.0,0,1976.0,A01,138Â 200Â 143,2.0,6.0,-1.0,1732309,2.0,30,,0.0,2.0,7.0,A01,138Â 200Â 143,1.0
1014839,201900056370,12,2,19:10,5,2,2,1.0,3.0,75115,ESPLANADE HENRI DE FRANCE,M,"48,8386045","2,2697604",75,2019,50.0,1.0,1.0,4.0,2269601,1.0,1,4,2,1.0,,0.0,0,1976.0,A01,138Â 200Â 143,2.0,6.0,-1.0,1732310,2.0,7,,0.0,2.0,1.0,B01,138Â 200Â 144,1.0
1014839,201900056370,12,2,19:10,5,2,2,1.0,3.0,75115,ESPLANADE HENRI DE FRANCE,M,"48,8386045","2,2697604",75,2019,50.0,1.0,1.0,4.0,2269602,1.0,1,1,2,1.0,,0.0,0,1965.0,B01,138Â 200Â 144,1.0,0.0,-1.0,1732309,2.0,30,,0.0,2.0,7.0,A01,138Â 200Â 143,1.0
1014839,201900056370,12,2,19:10,5,2,2,1.0,3.0,75115,ESPLANADE HENRI DE FRANCE,M,"48,8386045","2,2697604",75,2019,50.0,1.0,1.0,4.0,2269602,1.0,1,1,2,1.0,,0.0,0,1965.0,B01,138Â 200Â 144,1.0,0.0,-1.0,1732310,2.0,7,,0.0,2.0,1.0,B01,138Â 200Â 144,1.0
1014840,201900056371,2,17,09:55,1,2,1,1.0,6.0,61397,CHAUVIGNY (RUE DE),M,"48,4183250","0,0722810",61,2019,50.0,1.0,1.0,3.0,2269603,1.0,1,4,1,9.0,,0.0,0,1963.0,A01,138Â 200Â 145,1.0,8.0,-1.0,1732311,1.0,7,,6.0,0.0,1.0,A01,138Â 200Â 145,1.0
1014840,201900056371,2,17,09:55,1,2,1,1.0,6.0,61397,CHAUVIGNY (RUE DE),M,"48,4183250","0,0722810",61,2019,50.0,1.0,1.0,3.0,2269604,2.0,2,4,2,5.0,,0.0,0,1965.0,A01,138Â 200Â 145,1.0,0.0,-1.0,1732311,1.0,7,,6.0,0.0,1.0,A01,138Â 200Â 145,1.0
1014841,201900056372,2,17,04:40,5,2,6,9.0,6.0,60463,RD200 RD1016,M,"49,2857868","2,4670910",60,2019,50.0,1.0,1.0,3.0,2269605,1.0,1,4,1,5.0,,-1.0,0,1987.0,A01,138Â 200Â 140,8.0,0.0,-1.0,1732312,0.0,7,,9.0,0.0,9.0,A01,138Â 200Â 140,1.0
1014842,201900056373,4,30,15:00,1,2,6,3.0,3.0,97103,3617 Boulevard du Marquisat de Houelbourg,M,"16,2428810"," -61,5597480",971,2019,50.0,1.0,1.0,2.0,2269606,1.0,1,4,1,3.0,,0.0,0,1982.0,B01,138Â 200Â 141,2.0,-1.0,-1.0,1732313,3.0,2,,0.0,0.0,7.0,B01,138Â 200Â 141,1.0
1014842,201900056373,4,30,15:00,1,2,6,3.0,3.0,97103,3617 Boulevard du Marquisat de Houelbourg,M,"16,2428810"," -61,5597480",971,2019,50.0,1.0,1.0,2.0,2269606,1.0,1,4,1,3.0,,0.0,0,1982.0,B01,138Â 200Â 141,2.0,-1.0,-1.0,1732314,3.0,7,,0.0,2.0,1.0,A01,138Â 200Â 142,1.0
1014842,201900056373,4,30,15:00,1,2,6,3.0,3.0,97103,3617 Boulevard du Marquisat de Houelbourg,M,"16,2428810"," -61,5597480",971,2019,50.0,1.0,1.0,2.0,2269607,1.0,1,1,2,9.0,,0.0,0,1990.0,A01,138Â 200Â 142,1.0,-1.0,-1.0,1732313,3.0,2,,0.0,0.0,7.0,B01,138Â 200Â 141,1.0