Unnamed: 0_x,num_acc,mois,jour,hrmn,lum,agg,int,atm,col,com,adr,gps,lat,long,dep,annee,vma,situ,surf,catr,Unnamed: 0_y,place,catu,grav,sexe,trajet,secu,locp,actp,an_nais,num_veh_x,id_vehicule_x,secu1,secu2,secu3,Unnamed: 0,senc,catv,occutc,obs,obsm,choc,num_veh_y,id_vehicule_y,motor
1014842,201900056373,4,30,15:00,1,2,6,3.0,3.0,97103,3617 Boulevard du Marquisat de Houelbourg,M,"16,2428810"," -61,5597480",971,2019,50.0,1.0,1.0,2.0,2269607,1.0,1,1,2,9.0,,0.0,0,1990.0,A01,138Â 200Â 142,1.0,-1.0,-1.0,1732314,3.0,7,,0.0,2.0,1.0,A01,138Â 200Â 142,1.0
1014843,201900056374,12,2,17:55,5,2,7,1.0,6.0,75115,PLACE DE BRETEUIL,M,"48,8471253","2,3111881",75,2019,50.0,1.0,1.0,4.0,2269608,10.0,3,4,2,0.0,,1.0,3,1941.0,A01,138Â 200Â 139,0.0,-1.0,-1.0,1732315,1.0,7,,0.0,1.0,1.0,A01,138Â 200Â 139,1.0
1014843,201900056374,12,2,17:55,5,2,7,1.0,6.0,75115,PLACE DE BRETEUIL,M,"48,8471253","2,3111881",75,2019,50.0,1.0,1.0,4.0,2269609,1.0,1,1,2,9.0,,0.0,0,1942.0,A01,138Â 200Â 139,1.0,0.0,-1.0,1732315,1.0,7,,0.0,1.0,1.0,A01,138Â 200Â 139,1.0
1014844,201900056375,4,8,20:45,5,2,1,1.0,6.0,97103,Boulevard Destrellan,M,"16,2522720"," -61,5879430",971,2019,50.0,1.0,1.0,2.0,2269610,10.0,3,3,2,5.0,,4.0,3,1994.0,A01,138Â 200Â 138,0.0,-1.0,-1.0,1732316,0.0,7,,0.0,1.0,1.0,A01,138Â 200Â 138,1.0
1014844,201900056375,4,8,20:45,5,2,1,1.0,6.0,97103,Boulevard Destrellan,M,"16,2522720"," -61,5879430",971,2019,50.0,1.0,1.0,2.0,2269611,1.0,1,1,1,5.0,,0.0,0,1942.0,A01,138Â 200Â 138,8.0,-1.0,-1.0,1732316,0.0,7,,0.0,1.0,1.0,A01,138Â 200Â 138,1.0
1014845,201900056376,1,28,15:25,1,2,1,1.0,6.0,59544,LUMIERE (RUE DES FRERES),M,"50,3653640","3,5590350",59,2019,-1.0,1.0,1.0,4.0,2269612,1.0,1,1,1,-1.0,,-1.0, -1,1986.0,A01,138Â 200Â 136,0.0,-1.0,-1.0,1732317,0.0,13,,0.0,1.0,4.0,A01,138Â 200Â 136,-1.0
1014845,201900056376,1,28,15:25,1,2,1,1.0,6.0,59544,LUMIERE (RUE DES FRERES),M,"50,3653640","3,5590350",59,2019,-1.0,1.0,1.0,4.0,2269613,10.0,3,4,1,-1.0,,3.0,3,1986.0,A01,138Â 200Â 136,0.0,-1.0,-1.0,1732317,0.0,13,,0.0,1.0,4.0,A01,138Â 200Â 136,-1.0
1014846,201900056377,5,2,07:00,1,2,1,1.0,3.0,97614,Quartier Coconi RN 2,M," -12,8338640","45,1351250",976,2019,50.0,1.0,1.0,2.0,2269614,1.0,1,1,1,-1.0,,-1.0, -1,1996.0,A01,138Â 200Â 135,1.0,1.0,1.0,1732318,2.0,7,,0.0,2.0,3.0,A01,138Â 200Â 135,0.0
1014846,201900056377,5,2,07:00,1,2,1,1.0,3.0,97614,Quartier Coconi RN 2,M," -12,8338640","45,1351250",976,2019,50.0,1.0,1.0,2.0,2269614,1.0,1,1,1,-1.0,,-1.0, -1,1996.0,A01,138Â 200Â 135,1.0,1.0,1.0,1732319,1.0,33,,0.0,2.0,1.0,B01,138Â 200Â 137,0.0
1014846,201900056377,5,2,07:00,1,2,1,1.0,3.0,97614,Quartier Coconi RN 2,M," -12,8338640","45,1351250",976,2019,50.0,1.0,1.0,2.0,2269615,1.0,1,3,1,0.0,,0.0,0,1982.0,B01,138Â 200Â 137,2.0,-1.0,-1.0,1732318,2.0,7,,0.0,2.0,3.0,A01,138Â 200Â 135,0.0
1014846,201900056377,5,2,07:00,1,2,1,1.0,3.0,97614,Quartier Coconi RN 2,M," -12,8338640","45,1351250",976,2019,50.0,1.0,1.0,2.0,2269615,1.0,1,3,1,0.0,,0.0,0,1982.0,B01,138Â 200Â 137,2.0,-1.0,-1.0,1732319,1.0,33,,0.0,2.0,1.0,B01,138Â 200Â 137,0.0
1014847,201900056378,5,3,06:45,1,1,9,1.0,6.0,59623,A26 SENS REIMS CALAIS PK 144.500,M,"50,0397050","3,1745420",59,2019,90.0,1.0,1.0,1.0,2269616,1.0,1,3,1,4.0,,0.0,0,1979.0,A01,138Â 200Â 132,1.0,-1.0,-1.0,1732320,2.0,14,,3.0,0.0,1.0,A01,138Â 200Â 132,1.0
1014847,201900056378,5,3,06:45,1,1,9,1.0,6.0,59623,A26 SENS REIMS CALAIS PK 144.500,M,"50,0397050","3,1745420",59,2019,90.0,1.0,1.0,1.0,2269617,2.0,2,3,1,9.0,,0.0,0,1977.0,A01,138Â 200Â 132,0.0,-1.0,-1.0,1732320,2.0,14,,3.0,0.0,1.0,A01,138Â 200Â 132,1.0
1014848,201900056379,1,28,18:00,2,2,1,8.0,3.0,59606,REIMS (AVENUE DE),M,"50,3483700","3,5247300",59,2019,50.0,1.0,1.0,4.0,2269618,1.0,1,1,2,0.0,,-1.0,0,1986.0,A01,138Â 200Â 133,1.0,0.0,-1.0,1732321,1.0,7,,0.0,2.0,2.0,A01,138Â 200Â 133,1.0
1014848,201900056379,1,28,18:00,2,2,1,8.0,3.0,59606,REIMS (AVENUE DE),M,"50,3483700","3,5247300",59,2019,50.0,1.0,1.0,4.0,2269618,1.0,1,1,2,0.0,,-1.0,0,1986.0,A01,138Â 200Â 133,1.0,0.0,-1.0,1732322,2.0,1,,0.0,2.0,8.0,B01,138Â 200Â 134,5.0
1014848,201900056379,1,28,18:00,2,2,1,8.0,3.0,59606,REIMS (AVENUE DE),M,"50,3483700","3,5247300",59,2019,50.0,1.0,1.0,4.0,2269619,1.0,1,4,1,5.0,,-1.0,0,1978.0,B01,138Â 200Â 134,0.0,0.0,-1.0,1732321,1.0,7,,0.0,2.0,2.0,A01,138Â 200Â 133,1.0
1014848,201900056379,1,28,18:00,2,2,1,8.0,3.0,59606,REIMS (AVENUE DE),M,"50,3483700","3,5247300",59,2019,50.0,1.0,1.0,4.0,2269619,1.0,1,4,1,5.0,,-1.0,0,1978.0,B01,138Â 200Â 134,0.0,0.0,-1.0,1732322,2.0,1,,0.0,2.0,8.0,B01,138Â 200Â 134,5.0
1014849,201900056380,4,23,08:40,1,1,1,3.0,6.0,13018,autoroute A7 pk 202.000,M,"43,8598800","4,9503650",13,2019,110.0,2.0,2.0,1.0,2269620,1.0,1,1,1,4.0,,0.0,0,1998.0,A01,138Â 200Â 128,1.0,-1.0,-1.0,1732323,2.0,7,,3.0,0.0,3.0,A01,138Â 200Â 128,1.0
1014849,201900056380,4,23,08:40,1,1,1,3.0,6.0,13018,autoroute A7 pk 202.000,M,"43,8598800","4,9503650",13,2019,110.0,2.0,2.0,1.0,2269621,2.0,2,4,2,4.0,,0.0,0,1997.0,A01,138Â 200Â 128,1.0,-1.0,-1.0,1732323,2.0,7,,3.0,0.0,3.0,A01,138Â 200Â 128,1.0
1014850,201900056381,2,17,10:30,1,2,6,1.0,2.0,59152,boulevard de la lys,M,"50,7552400","3,0251000",59,2019,50.0,1.0,1.0,4.0,2269622,1.0,1,4,1,5.0,,-1.0,0,1982.0,B01,138Â 200Â 127,2.0,8.0,-1.0,1732324,3.0,1,,0.0,2.0,0.0,B01,138Â 200Â 127,0.0
1014850,201900056381,2,17,10:30,1,2,6,1.0,2.0,59152,boulevard de la lys,M,"50,7552400","3,0251000",59,2019,50.0,1.0,1.0,4.0,2269622,1.0,1,4,1,5.0,,-1.0,0,1982.0,B01,138Â 200Â 127,2.0,8.0,-1.0,1732325,3.0,7,,0.0,6.0,3.0,A01,138Â 200Â 129,1.0
1014850,201900056381,2,17,10:30,1,2,6,1.0,2.0,59152,boulevard de la lys,M,"50,7552400","3,0251000",59,2019,50.0,1.0,1.0,4.0,2269623,1.0,1,1,2,0.0,,-1.0,0,1955.0,A01,138Â 200Â 129,8.0,0.0,-1.0,1732324,3.0,1,,0.0,2.0,0.0,B01,138Â 200Â 127,0.0
1014850,201900056381,2,17,10:30,1,2,6,1.0,2.0,59152,boulevard de la lys,M,"50,7552400","3,0251000",59,2019,50.0,1.0,1.0,4.0,2269623,1.0,1,1,2,0.0,,-1.0,0,1955.0,A01,138Â 200Â 129,8.0,0.0,-1.0,1732325,3.0,7,,0.0,6.0,3.0,A01,138Â 200Â 129,1.0
1014851,201900056382,2,16,04:15,5,2,9,1.0,7.0,59421,LORTHIOIS (RUE)2A60-1A61-100A260-101A261,M,"50,7135245","3,1361265",59,2019,50.0,1.0,1.0,4.0,2269624,4.0,2,1,1,5.0,,-1.0,0,1993.0,A01,138Â 200Â 124,1.0,0.0,-1.0,1732326,2.0,7,,1.0,0.0,2.0,A01,138Â 200Â 124,1.0
1014851,201900056382,2,16,04:15,5,2,9,1.0,7.0,59421,LORTHIOIS (RUE)2A60-1A61-100A260-101A261,M,"50,7135245","3,1361265",59,2019,50.0,1.0,1.0,4.0,2269625,1.0,1,4,2,5.0,,-1.0,0,1998.0,A01,138Â 200Â 124,1.0,8.0,-1.0,1732326,2.0,7,,1.0,0.0,2.0,A01,138Â 200Â 124,1.0
1014851,201900056382,2,16,04:15,5,2,9,1.0,7.0,59421,LORTHIOIS (RUE)2A60-1A61-100A260-101A261,M,"50,7135245","3,1361265",59,2019,50.0,1.0,1.0,4.0,2269626,2.0,2,4,2,5.0,,-1.0,0,1997.0,A01,138Â 200Â 124,1.0,8.0,-1.0,1732326,2.0,7,,1.0,0.0,2.0,A01,138Â 200Â 124,1.0
1014852,201900056383,5,5,17:30,1,1,1,1.0,6.0,13103,"Autoroute A.54, PK 71+400, sens Ouest/Est",M,"43,6264790","5,1166660",13,2019,130.0,1.0,1.0,1.0,2269627,2.0,2,1,1,5.0,,0.0,0,1979.0,D01,138Â 200Â 122,1.0,-1.0,-1.0,1732327,1.0,7,,0.0,0.0,4.0,D01,138Â 200Â 122,1.0
1014852,201900056383,5,5,17:30,1,1,1,1.0,6.0,13103,"Autoroute A.54, PK 71+400, sens Ouest/Est",M,"43,6264790","5,1166660",13,2019,130.0,1.0,1.0,1.0,2269627,2.0,2,1,1,5.0,,0.0,0,1979.0,D01,138Â 200Â 122,1.0,-1.0,-1.0,1732328,1.0,7,,0.0,2.0,4.0,C01,138Â 200Â 123,1.0
1014852,201900056383,5,5,17:30,1,1,1,1.0,6.0,13103,"Autoroute A.54, PK 71+400, sens Ouest/Est",M,"43,6264790","5,1166660",13,2019,130.0,1.0,1.0,1.0,2269627,2.0,2,1,1,5.0,,0.0,0,1979.0,D01,138Â 200Â 122,1.0,-1.0,-1.0,1732329,1.0,7,,0.0,0.0,5.0,B01,138Â 200Â 125,1.0
1014852,201900056383,5,5,17:30,1,1,1,1.0,6.0,13103,"Autoroute A.54, PK 71+400, sens Ouest/Est",M,"43,6264790","5,1166660",13,2019,130.0,1.0,1.0,1.0,2269627,2.0,2,1,1,5.0,,0.0,0,1979.0,D01,138Â 200Â 122,1.0,-1.0,-1.0,1732330,1.0,7,,0.0,2.0,3.0,A01,138Â 200Â 126,1.0
1014852,201900056383,5,5,17:30,1,1,1,1.0,6.0,13103,"Autoroute A.54, PK 71+400, sens Ouest/Est",M,"43,6264790","5,1166660",13,2019,130.0,1.0,1.0,1.0,2269628,1.0,1,1,2,5.0,,0.0,0,1986.0,D01,138Â 200Â 122,1.0,-1.0,-1.0,1732327,1.0,7,,0.0,0.0,4.0,D01,138Â 200Â 122,1.0
1014852,201900056383,5,5,17:30,1,1,1,1.0,6.0,13103,"Autoroute A.54, PK 71+400, sens Ouest/Est",M,"43,6264790","5,1166660",13,2019,130.0,1.0,1.0,1.0,2269628,1.0,1,1,2,5.0,,0.0,0,1986.0,D01,138Â 200Â 122,1.0,-1.0,-1.0,1732328,1.0,7,,0.0,2.0,4.0,C01,138Â 200Â 123,1.0
1014852,201900056383,5,5,17:30,1,1,1,1.0,6.0,13103,"Autoroute A.54, PK 71+400, sens Ouest/Est",M,"43,6264790","5,1166660",13,2019,130.0,1.0,1.0,1.0,2269628,1.0,1,1,2,5.0,,0.0,0,1986.0,D01,138Â 200Â 122,1.0,-1.0,-1.0,1732329,1.0,7,,0.0,0.0,5.0,B01,138Â 200Â 125,1.0
1014852,201900056383,5,5,17:30,1,1,1,1.0,6.0,13103,"Autoroute A.54, PK 71+400, sens Ouest/Est",M,"43,6264790","5,1166660",13,2019,130.0,1.0,1.0,1.0,2269628,1.0,1,1,2,5.0,,0.0,0,1986.0,D01,138Â 200Â 122,1.0,-1.0,-1.0,1732330,1.0,7,,0.0,2.0,3.0,A01,138Â 200Â 126,1.0
1014852,201900056383,5,5,17:30,1,1,1,1.0,6.0,13103,"Autoroute A.54, PK 71+400, sens Ouest/Est",M,"43,6264790","5,1166660",13,2019,130.0,1.0,1.0,1.0,2269629,1.0,1,1,2,5.0,,0.0,0,1954.0,C01,138Â 200Â 123,1.0,-1.0,-1.0,1732327,1.0,7,,0.0,0.0,4.0,D01,138Â 200Â 122,1.0
1014852,201900056383,5,5,17:30,1,1,1,1.0,6.0,13103,"Autoroute A.54, PK 71+400, sens Ouest/Est",M,"43,6264790","5,1166660",13,2019,130.0,1.0,1.0,1.0,2269629,1.0,1,1,2,5.0,,0.0,0,1954.0,C01,138Â 200Â 123,1.0,-1.0,-1.0,1732328,1.0,7,,0.0,2.0,4.0,C01,138Â 200Â 123,1.0
1014852,201900056383,5,5,17:30,1,1,1,1.0,6.0,13103,"Autoroute A.54, PK 71+400, sens Ouest/Est",M,"43,6264790","5,1166660",13,2019,130.0,1.0,1.0,1.0,2269629,1.0,1,1,2,5.0,,0.0,0,1954.0,C01,138Â 200Â 123,1.0,-1.0,-1.0,1732329,1.0,7,,0.0,0.0,5.0,B01,138Â 200Â 125,1.0
1014852,201900056383,5,5,17:30,1,1,1,1.0,6.0,13103,"Autoroute A.54, PK 71+400, sens Ouest/Est",M,"43,6264790","5,1166660",13,2019,130.0,1.0,1.0,1.0,2269629,1.0,1,1,2,5.0,,0.0,0,1954.0,C01,138Â 200Â 123,1.0,-1.0,-1.0,1732330,1.0,7,,0.0,2.0,3.0,A01,138Â 200Â 126,1.0
1014852,201900056383,5,5,17:30,1,1,1,1.0,6.0,13103,"Autoroute A.54, PK 71+400, sens Ouest/Est",M,"43,6264790","5,1166660",13,2019,130.0,1.0,1.0,1.0,2269630,1.0,1,4,1,5.0,,0.0,0,1977.0,B01,138Â 200Â 125,1.0,-1.0,-1.0,1732327,1.0,7,,0.0,0.0,4.0,D01,138Â 200Â 122,1.0
1014852,201900056383,5,5,17:30,1,1,1,1.0,6.0,13103,"Autoroute A.54, PK 71+400, sens Ouest/Est",M,"43,6264790","5,1166660",13,2019,130.0,1.0,1.0,1.0,2269630,1.0,1,4,1,5.0,,0.0,0,1977.0,B01,138Â 200Â 125,1.0,-1.0,-1.0,1732328,1.0,7,,0.0,2.0,4.0,C01,138Â 200Â 123,1.0
1014852,201900056383,5,5,17:30,1,1,1,1.0,6.0,13103,"Autoroute A.54, PK 71+400, sens Ouest/Est",M,"43,6264790","5,1166660",13,2019,130.0,1.0,1.0,1.0,2269630,1.0,1,4,1,5.0,,0.0,0,1977.0,B01,138Â 200Â 125,1.0,-1.0,-1.0,1732329,1.0,7,,0.0,0.0,5.0,B01,138Â 200Â 125,1.0
1014852,201900056383,5,5,17:30,1,1,1,1.0,6.0,13103,"Autoroute A.54, PK 71+400, sens Ouest/Est",M,"43,6264790","5,1166660",13,2019,130.0,1.0,1.0,1.0,2269630,1.0,1,4,1,5.0,,0.0,0,1977.0,B01,138Â 200Â 125,1.0,-1.0,-1.0,1732330,1.0,7,,0.0,2.0,3.0,A01,138Â 200Â 126,1.0
1014852,201900056383,5,5,17:30,1,1,1,1.0,6.0,13103,"Autoroute A.54, PK 71+400, sens Ouest/Est",M,"43,6264790","5,1166660",13,2019,130.0,1.0,1.0,1.0,2269631,7.0,2,1,2,5.0,,0.0,0,2011.0,B01,138Â 200Â 125,1.0,-1.0,-1.0,1732327,1.0,7,,0.0,0.0,4.0,D01,138Â 200Â 122,1.0
1014852,201900056383,5,5,17:30,1,1,1,1.0,6.0,13103,"Autoroute A.54, PK 71+400, sens Ouest/Est",M,"43,6264790","5,1166660",13,2019,130.0,1.0,1.0,1.0,2269631,7.0,2,1,2,5.0,,0.0,0,2011.0,B01,138Â 200Â 125,1.0,-1.0,-1.0,1732328,1.0,7,,0.0,2.0,4.0,C01,138Â 200Â 123,1.0
1014852,201900056383,5,5,17:30,1,1,1,1.0,6.0,13103,"Autoroute A.54, PK 71+400, sens Ouest/Est",M,"43,6264790","5,1166660",13,2019,130.0,1.0,1.0,1.0,2269631,7.0,2,1,2,5.0,,0.0,0,2011.0,B01,138Â 200Â 125,1.0,-1.0,-1.0,1732329,1.0,7,,0.0,0.0,5.0,B01,138Â 200Â 125,1.0
1014852,201900056383,5,5,17:30,1,1,1,1.0,6.0,13103,"Autoroute A.54, PK 71+400, sens Ouest/Est",M,"43,6264790","5,1166660",13,2019,130.0,1.0,1.0,1.0,2269631,7.0,2,1,2,5.0,,0.0,0,2011.0,B01,138Â 200Â 125,1.0,-1.0,-1.0,1732330,1.0,7,,0.0,2.0,3.0,A01,138Â 200Â 126,1.0
1014852,201900056383,5,5,17:30,1,1,1,1.0,6.0,13103,"Autoroute A.54, PK 71+400, sens Ouest/Est",M,"43,6264790","5,1166660",13,2019,130.0,1.0,1.0,1.0,2269632,9.0,2,1,2,5.0,,0.0,0,2006.0,B01,138Â 200Â 125,1.0,-1.0,-1.0,1732327,1.0,7,,0.0,0.0,4.0,D01,138Â 200Â 122,1.0
1014852,201900056383,5,5,17:30,1,1,1,1.0,6.0,13103,"Autoroute A.54, PK 71+400, sens Ouest/Est",M,"43,6264790","5,1166660",13,2019,130.0,1.0,1.0,1.0,2269632,9.0,2,1,2,5.0,,0.0,0,2006.0,B01,138Â 200Â 125,1.0,-1.0,-1.0,1732328,1.0,7,,0.0,2.0,4.0,C01,138Â 200Â 123,1.0
1014852,201900056383,5,5,17:30,1,1,1,1.0,6.0,13103,"Autoroute A.54, PK 71+400, sens Ouest/Est",M,"43,6264790","5,1166660",13,2019,130.0,1.0,1.0,1.0,2269632,9.0,2,1,2,5.0,,0.0,0,2006.0,B01,138Â 200Â 125,1.0,-1.0,-1.0,1732329,1.0,7,,0.0,0.0,5.0,B01,138Â 200Â 125,1.0
1014852,201900056383,5,5,17:30,1,1,1,1.0,6.0,13103,"Autoroute A.54, PK 71+400, sens Ouest/Est",M,"43,6264790","5,1166660",13,2019,130.0,1.0,1.0,1.0,2269632,9.0,2,1,2,5.0,,0.0,0,2006.0,B01,138Â 200Â 125,1.0,-1.0,-1.0,1732330,1.0,7,,0.0,2.0,3.0,A01,138Â 200Â 126,1.0
1014853,201900056384,5,10,21:25,2,1,1,2.0,2.0,62839,Autotoute A1,M,"50,1450440","2,8737040",62,2019,130.0,1.0,2.0,1.0,2269633,1.0,1,3,1,1.0,,0.0,0,1976.0,B01,138Â 200Â 120,1.0,-1.0,-1.0,1732331,1.0,7,,4.0,2.0,0.0,B01,138Â 200Â 120,0.0
1014853,201900056384,5,10,21:25,2,1,1,2.0,2.0,62839,Autotoute A1,M,"50,1450440","2,8737040",62,2019,130.0,1.0,2.0,1.0,2269633,1.0,1,3,1,1.0,,0.0,0,1976.0,B01,138Â 200Â 120,1.0,-1.0,-1.0,1732332,1.0,17,,0.0,0.0,6.0,A01,138Â 200Â 121,0.0
1014853,201900056384,5,10,21:25,2,1,1,2.0,2.0,62839,Autotoute A1,M,"50,1450440","2,8737040",62,2019,130.0,1.0,2.0,1.0,2269634,1.0,1,1,1,4.0,,0.0,0,1965.0,A01,138Â 200Â 121,1.0,-1.0,-1.0,1732331,1.0,7,,4.0,2.0,0.0,B01,138Â 200Â 120,0.0
1014853,201900056384,5,10,21:25,2,1,1,2.0,2.0,62839,Autotoute A1,M,"50,1450440","2,8737040",62,2019,130.0,1.0,2.0,1.0,2269634,1.0,1,1,1,4.0,,0.0,0,1965.0,A01,138Â 200Â 121,1.0,-1.0,-1.0,1732332,1.0,17,,0.0,0.0,6.0,A01,138Â 200Â 121,0.0
1014854,201900056385,5,19,16:00,1,1,1,3.0,6.0,45032,"A6, PK 95+952",M,"48,1431730","2,9092170",45,2019,130.0,3.0,2.0,1.0,2269635,1.0,1,1,1,5.0,,0.0,0,1975.0,A01,138Â 200Â 118,1.0,-1.0,-1.0,1732333,1.0,7,,2.0,0.0,7.0,A01,138Â 200Â 118,1.0
1014854,201900056385,5,19,16:00,1,1,1,3.0,6.0,45032,"A6, PK 95+952",M,"48,1431730","2,9092170",45,2019,130.0,3.0,2.0,1.0,2269636,9.0,2,3,2,5.0,,0.0,0,1974.0,A01,138Â 200Â 118,1.0,-1.0,-1.0,1732333,1.0,7,,2.0,0.0,7.0,A01,138Â 200Â 118,1.0
1014854,201900056385,5,19,16:00,1,1,1,3.0,6.0,45032,"A6, PK 95+952",M,"48,1431730","2,9092170",45,2019,130.0,3.0,2.0,1.0,2269637,2.0,2,1,2,5.0,,0.0,0,2007.0,A01,138Â 200Â 118,1.0,-1.0,-1.0,1732333,1.0,7,,2.0,0.0,7.0,A01,138Â 200Â 118,1.0
1014854,201900056385,5,19,16:00,1,1,1,3.0,6.0,45032,"A6, PK 95+952",M,"48,1431730","2,9092170",45,2019,130.0,3.0,2.0,1.0,2269638,7.0,2,3,2,5.0,,0.0,0,2009.0,A01,138Â 200Â 118,1.0,-1.0,-1.0,1732333,1.0,7,,2.0,0.0,7.0,A01,138Â 200Â 118,1.0
1014855,201900056386,5,14,09:05,1,1,1,1.0,2.0,77412,Route Nationale 37 au PR 000+300 en sens Fontainebleau-Paris,M,"48,4748060","2,5173560",77,2019,110.0,1.0,1.0,2.0,2269639,2.0,2,1,2,0.0,,0.0,0,1994.0,B01,138Â 200Â 114,1.0,-1.0,-1.0,1732334,2.0,7,,3.0,0.0,4.0,B01,138Â 200Â 114,1.0
1014855,201900056386,5,14,09:05,1,1,1,1.0,2.0,77412,Route Nationale 37 au PR 000+300 en sens Fontainebleau-Paris,M,"48,4748060","2,5173560",77,2019,110.0,1.0,1.0,2.0,2269639,2.0,2,1,2,0.0,,0.0,0,1994.0,B01,138Â 200Â 114,1.0,-1.0,-1.0,1732335,2.0,7,,3.0,2.0,1.0,A01,138Â 200Â 116,1.0
1014855,201900056386,5,14,09:05,1,1,1,1.0,2.0,77412,Route Nationale 37 au PR 000+300 en sens Fontainebleau-Paris,M,"48,4748060","2,5173560",77,2019,110.0,1.0,1.0,2.0,2269640,1.0,1,1,1,0.0,,0.0,0,1992.0,B01,138Â 200Â 114,1.0,-1.0,-1.0,1732334,2.0,7,,3.0,0.0,4.0,B01,138Â 200Â 114,1.0
1014855,201900056386,5,14,09:05,1,1,1,1.0,2.0,77412,Route Nationale 37 au PR 000+300 en sens Fontainebleau-Paris,M,"48,4748060","2,5173560",77,2019,110.0,1.0,1.0,2.0,2269640,1.0,1,1,1,0.0,,0.0,0,1992.0,B01,138Â 200Â 114,1.0,-1.0,-1.0,1732335,2.0,7,,3.0,2.0,1.0,A01,138Â 200Â 116,1.0
1014855,201900056386,5,14,09:05,1,1,1,1.0,2.0,77412,Route Nationale 37 au PR 000+300 en sens Fontainebleau-Paris,M,"48,4748060","2,5173560",77,2019,110.0,1.0,1.0,2.0,2269641,1.0,1,4,1,1.0,,0.0,0,1998.0,A01,138Â 200Â 116,1.0,-1.0,-1.0,1732334,2.0,7,,3.0,0.0,4.0,B01,138Â 200Â 114,1.0
1014855,201900056386,5,14,09:05,1,1,1,1.0,2.0,77412,Route Nationale 37 au PR 000+300 en sens Fontainebleau-Paris,M,"48,4748060","2,5173560",77,2019,110.0,1.0,1.0,2.0,2269641,1.0,1,4,1,1.0,,0.0,0,1998.0,A01,138Â 200Â 116,1.0,-1.0,-1.0,1732335,2.0,7,,3.0,2.0,1.0,A01,138Â 200Â 116,1.0
1014856,201900056387,12,2,10:45,1,2,2,1.0,6.0,75115,RUE DE LOURMEL,M,"48,8421580","2,2855480",75,2019,50.0,1.0,1.0,4.0,2269642,10.0,3,4,2,5.0,,4.0,3,1960.0,A01,138Â 200Â 131,0.0,-1.0,-1.0,1732336,1.0,32,,0.0,1.0,1.0,A01,138Â 200Â 131,3.0
1014856,201900056387,12,2,10:45,1,2,2,1.0,6.0,75115,RUE DE LOURMEL,M,"48,8421580","2,2855480",75,2019,50.0,1.0,1.0,4.0,2269643,1.0,1,1,1,5.0,,0.0,0,1949.0,A01,138Â 200Â 131,2.0,6.0,-1.0,1732336,1.0,32,,0.0,1.0,1.0,A01,138Â 200Â 131,3.0
1014857,201900056388,2,16,10:57,1,2,2,1.0,3.0,59299,CLEMENCEAU (BOULEVARD),M,"50,6600000","3,1800000",59,2019,50.0,1.0,1.0,4.0,2269644,2.0,2,1,1,4.0,,-1.0,0,1981.0,A01,138Â 200Â 115,1.0,0.0,-1.0,1732337,3.0,14,,0.0,2.0,2.0,A01,138Â 200Â 115,1.0
1014857,201900056388,2,16,10:57,1,2,2,1.0,3.0,59299,CLEMENCEAU (BOULEVARD),M,"50,6600000","3,1800000",59,2019,50.0,1.0,1.0,4.0,2269644,2.0,2,1,1,4.0,,-1.0,0,1981.0,A01,138Â 200Â 115,1.0,0.0,-1.0,1732338,1.0,7,,0.0,2.0,1.0,B01,138Â 200Â 117,1.0
1014857,201900056388,2,16,10:57,1,2,2,1.0,3.0,59299,CLEMENCEAU (BOULEVARD),M,"50,6600000","3,1800000",59,2019,50.0,1.0,1.0,4.0,2269645,3.0,2,1,1,0.0,,-1.0,0,1982.0,A01,138Â 200Â 115,1.0,0.0,-1.0,1732337,3.0,14,,0.0,2.0,2.0,A01,138Â 200Â 115,1.0
1014857,201900056388,2,16,10:57,1,2,2,1.0,3.0,59299,CLEMENCEAU (BOULEVARD),M,"50,6600000","3,1800000",59,2019,50.0,1.0,1.0,4.0,2269645,3.0,2,1,1,0.0,,-1.0,0,1982.0,A01,138Â 200Â 115,1.0,0.0,-1.0,1732338,1.0,7,,0.0,2.0,1.0,B01,138Â 200Â 117,1.0
1014857,201900056388,2,16,10:57,1,2,2,1.0,3.0,59299,CLEMENCEAU (BOULEVARD),M,"50,6600000","3,1800000",59,2019,50.0,1.0,1.0,4.0,2269646,4.0,2,1,1,4.0,,-1.0,0,1991.0,A01,138Â 200Â 115,1.0,0.0,-1.0,1732337,3.0,14,,0.0,2.0,2.0,A01,138Â 200Â 115,1.0
1014857,201900056388,2,16,10:57,1,2,2,1.0,3.0,59299,CLEMENCEAU (BOULEVARD),M,"50,6600000","3,1800000",59,2019,50.0,1.0,1.0,4.0,2269646,4.0,2,1,1,4.0,,-1.0,0,1991.0,A01,138Â 200Â 115,1.0,0.0,-1.0,1732338,1.0,7,,0.0,2.0,1.0,B01,138Â 200Â 117,1.0
1014857,201900056388,2,16,10:57,1,2,2,1.0,3.0,59299,CLEMENCEAU (BOULEVARD),M,"50,6600000","3,1800000",59,2019,50.0,1.0,1.0,4.0,2269647,1.0,1,1,1,4.0,,-1.0,0,1983.0,A01,138Â 200Â 115,1.0,0.0,-1.0,1732337,3.0,14,,0.0,2.0,2.0,A01,138Â 200Â 115,1.0