Unnamed: 0_x,num_acc,mois,jour,hrmn,lum,agg,int,atm,col,com,adr,gps,lat,long,dep,annee,vma,situ,surf,catr,Unnamed: 0_y,place,catu,grav,sexe,trajet,secu,locp,actp,an_nais,num_veh_x,id_vehicule_x,secu1,secu2,secu3,Unnamed: 0,senc,catv,occutc,obs,obsm,choc,num_veh_y,id_vehicule_y,motor
1014857,201900056388,2,16,10:57,1,2,2,1.0,3.0,59299,CLEMENCEAU (BOULEVARD),M,"50,6600000","3,1800000",59,2019,50.0,1.0,1.0,4.0,2269647,1.0,1,1,1,4.0,,-1.0,0,1983.0,A01,138Â 200Â 115,1.0,0.0,-1.0,1732338,1.0,7,,0.0,2.0,1.0,B01,138Â 200Â 117,1.0
1014857,201900056388,2,16,10:57,1,2,2,1.0,3.0,59299,CLEMENCEAU (BOULEVARD),M,"50,6600000","3,1800000",59,2019,50.0,1.0,1.0,4.0,2269648,5.0,2,1,1,4.0,,-1.0,0,1987.0,A01,138Â 200Â 115,1.0,0.0,-1.0,1732337,3.0,14,,0.0,2.0,2.0,A01,138Â 200Â 115,1.0
1014857,201900056388,2,16,10:57,1,2,2,1.0,3.0,59299,CLEMENCEAU (BOULEVARD),M,"50,6600000","3,1800000",59,2019,50.0,1.0,1.0,4.0,2269648,5.0,2,1,1,4.0,,-1.0,0,1987.0,A01,138Â 200Â 115,1.0,0.0,-1.0,1732338,1.0,7,,0.0,2.0,1.0,B01,138Â 200Â 117,1.0
1014857,201900056388,2,16,10:57,1,2,2,1.0,3.0,59299,CLEMENCEAU (BOULEVARD),M,"50,6600000","3,1800000",59,2019,50.0,1.0,1.0,4.0,2269649,5.0,2,1,1,4.0,,-1.0,0,1996.0,A01,138Â 200Â 115,1.0,0.0,-1.0,1732337,3.0,14,,0.0,2.0,2.0,A01,138Â 200Â 115,1.0
1014857,201900056388,2,16,10:57,1,2,2,1.0,3.0,59299,CLEMENCEAU (BOULEVARD),M,"50,6600000","3,1800000",59,2019,50.0,1.0,1.0,4.0,2269649,5.0,2,1,1,4.0,,-1.0,0,1996.0,A01,138Â 200Â 115,1.0,0.0,-1.0,1732338,1.0,7,,0.0,2.0,1.0,B01,138Â 200Â 117,1.0
1014857,201900056388,2,16,10:57,1,2,2,1.0,3.0,59299,CLEMENCEAU (BOULEVARD),M,"50,6600000","3,1800000",59,2019,50.0,1.0,1.0,4.0,2269650,1.0,1,3,1,9.0,,-1.0,0,1982.0,B01,138Â 200Â 117,1.0,0.0,-1.0,1732337,3.0,14,,0.0,2.0,2.0,A01,138Â 200Â 115,1.0
1014857,201900056388,2,16,10:57,1,2,2,1.0,3.0,59299,CLEMENCEAU (BOULEVARD),M,"50,6600000","3,1800000",59,2019,50.0,1.0,1.0,4.0,2269650,1.0,1,3,1,9.0,,-1.0,0,1982.0,B01,138Â 200Â 117,1.0,0.0,-1.0,1732338,1.0,7,,0.0,2.0,1.0,B01,138Â 200Â 117,1.0
1014858,201900056389,5,8,10:25,1,1,1,8.0,7.0,51099,A26,M,"48,8204296","4,2895825",51,2019,110.0,3.0,2.0,1.0,2269651,1.0,1,4,1,4.0,,0.0,0,1993.0,A01,138Â 200Â 113,0.0,-1.0,-1.0,1732339,2.0,10,,2.0,0.0,9.0,A01,138Â 200Â 113,1.0
1014858,201900056389,5,8,10:25,1,1,1,8.0,7.0,51099,A26,M,"48,8204296","4,2895825",51,2019,110.0,3.0,2.0,1.0,2269652,2.0,2,2,1,5.0,,0.0,0,1990.0,A01,138Â 200Â 113,0.0,-1.0,-1.0,1732339,2.0,10,,2.0,0.0,9.0,A01,138Â 200Â 113,1.0
1014859,201900056390,12,2,20:50,5,2,1,1.0,2.0,75112,BOULEVARD DIDEROT,M,"48,8465860","2,3801900",75,2019,50.0,1.0,1.0,4.0,2269653,1.0,1,1,1,5.0,,0.0,0,1990.0,B01,138Â 200Â 111,1.0,0.0,-1.0,1732340,1.0,7,,0.0,2.0,4.0,B01,138Â 200Â 111,1.0
1014859,201900056390,12,2,20:50,5,2,1,1.0,2.0,75112,BOULEVARD DIDEROT,M,"48,8465860","2,3801900",75,2019,50.0,1.0,1.0,4.0,2269653,1.0,1,1,1,5.0,,0.0,0,1990.0,B01,138Â 200Â 111,1.0,0.0,-1.0,1732341,1.0,7,,0.0,2.0,1.0,A01,138Â 200Â 112,1.0
1014859,201900056390,12,2,20:50,5,2,1,1.0,2.0,75112,BOULEVARD DIDEROT,M,"48,8465860","2,3801900",75,2019,50.0,1.0,1.0,4.0,2269654,2.0,2,4,1,5.0,,0.0,0,1959.0,B01,138Â 200Â 111,1.0,0.0,-1.0,1732340,1.0,7,,0.0,2.0,4.0,B01,138Â 200Â 111,1.0
1014859,201900056390,12,2,20:50,5,2,1,1.0,2.0,75112,BOULEVARD DIDEROT,M,"48,8465860","2,3801900",75,2019,50.0,1.0,1.0,4.0,2269654,2.0,2,4,1,5.0,,0.0,0,1959.0,B01,138Â 200Â 111,1.0,0.0,-1.0,1732341,1.0,7,,0.0,2.0,1.0,A01,138Â 200Â 112,1.0
1014859,201900056390,12,2,20:50,5,2,1,1.0,2.0,75112,BOULEVARD DIDEROT,M,"48,8465860","2,3801900",75,2019,50.0,1.0,1.0,4.0,2269655,1.0,1,1,1,5.0,,0.0,0,2000.0,A01,138Â 200Â 112,1.0,0.0,-1.0,1732340,1.0,7,,0.0,2.0,4.0,B01,138Â 200Â 111,1.0
1014859,201900056390,12,2,20:50,5,2,1,1.0,2.0,75112,BOULEVARD DIDEROT,M,"48,8465860","2,3801900",75,2019,50.0,1.0,1.0,4.0,2269655,1.0,1,1,1,5.0,,0.0,0,2000.0,A01,138Â 200Â 112,1.0,0.0,-1.0,1732341,1.0,7,,0.0,2.0,1.0,A01,138Â 200Â 112,1.0
1014860,201900056391,5,16,09:15,1,1,1,1.0,1.0,69119,Rue de Sainte-Croix,M,"45,4992377","4,6790217",69,2019,80.0,1.0,1.0,3.0,2269656,1.0,1,4,2,0.0,,0.0,0,1975.0,B01,138Â 200Â 108,1.0,-1.0,-1.0,1732342,0.0,7,,0.0,2.0,1.0,B01,138Â 200Â 108,1.0
1014860,201900056391,5,16,09:15,1,1,1,1.0,1.0,69119,Rue de Sainte-Croix,M,"45,4992377","4,6790217",69,2019,80.0,1.0,1.0,3.0,2269656,1.0,1,4,2,0.0,,0.0,0,1975.0,B01,138Â 200Â 108,1.0,-1.0,-1.0,1732343,3.0,21,,0.0,2.0,3.0,A01,138Â 200Â 110,1.0
1014860,201900056391,5,16,09:15,1,1,1,1.0,1.0,69119,Rue de Sainte-Croix,M,"45,4992377","4,6790217",69,2019,80.0,1.0,1.0,3.0,2269657,1.0,1,1,1,4.0,,0.0,0,1990.0,A01,138Â 200Â 110,0.0,-1.0,-1.0,1732342,0.0,7,,0.0,2.0,1.0,B01,138Â 200Â 108,1.0
1014860,201900056391,5,16,09:15,1,1,1,1.0,1.0,69119,Rue de Sainte-Croix,M,"45,4992377","4,6790217",69,2019,80.0,1.0,1.0,3.0,2269657,1.0,1,1,1,4.0,,0.0,0,1990.0,A01,138Â 200Â 110,0.0,-1.0,-1.0,1732343,3.0,21,,0.0,2.0,3.0,A01,138Â 200Â 110,1.0
1014861,201900056392,12,2,16:45,1,2,4,1.0,3.0,75112,AVENUE DAUMESNIL,M,"48,8489190","2,3719790",75,2019,50.0,6.0,1.0,4.0,2269658,1.0,1,1,1,4.0,,0.0,0,1961.0,A01,138Â 200Â 106,1.0,0.0,-1.0,1732344,2.0,10,,0.0,2.0,2.0,A01,138Â 200Â 106,1.0
1014861,201900056392,12,2,16:45,1,2,4,1.0,3.0,75112,AVENUE DAUMESNIL,M,"48,8489190","2,3719790",75,2019,50.0,6.0,1.0,4.0,2269658,1.0,1,1,1,4.0,,0.0,0,1961.0,A01,138Â 200Â 106,1.0,0.0,-1.0,1732345,2.0,7,,0.0,2.0,2.0,B01,138Â 200Â 107,2.0
1014861,201900056392,12,2,16:45,1,2,4,1.0,3.0,75112,AVENUE DAUMESNIL,M,"48,8489190","2,3719790",75,2019,50.0,6.0,1.0,4.0,2269659,1.0,1,4,1,4.0,,0.0,0,1956.0,B01,138Â 200Â 107,1.0,0.0,-1.0,1732344,2.0,10,,0.0,2.0,2.0,A01,138Â 200Â 106,1.0
1014861,201900056392,12,2,16:45,1,2,4,1.0,3.0,75112,AVENUE DAUMESNIL,M,"48,8489190","2,3719790",75,2019,50.0,6.0,1.0,4.0,2269659,1.0,1,4,1,4.0,,0.0,0,1956.0,B01,138Â 200Â 107,1.0,0.0,-1.0,1732345,2.0,7,,0.0,2.0,2.0,B01,138Â 200Â 107,2.0
1014862,201900056393,5,12,20:15,1,1,1,1.0,6.0,78349,A10,M,"48,5647730","1,9745400",78,2019,130.0,8.0,1.0,1.0,2269660,1.0,1,4,1,5.0,,0.0,0,1981.0,A01,138Â 200Â 104,1.0,-1.0,-1.0,1732346,1.0,7,,0.0,0.0,1.0,A01,138Â 200Â 104,0.0
1014862,201900056393,5,12,20:15,1,1,1,1.0,6.0,78349,A10,M,"48,5647730","1,9745400",78,2019,130.0,8.0,1.0,1.0,2269661,2.0,2,3,1,5.0,,0.0,0,1985.0,A01,138Â 200Â 104,1.0,-1.0,-1.0,1732346,1.0,7,,0.0,0.0,1.0,A01,138Â 200Â 104,0.0
1014863,201900056394,12,2,18:00,5,2,2,1.0,3.0,75111,BOULEVARD RICHARD LENOIR,M,"48,8640320","2,3707510",75,2019,50.0,5.0,1.0,4.0,2269662,1.0,1,4,1,0.0,,0.0,0,1984.0,B01,138Â 200Â 102,8.0,2.0,-1.0,1732347,1.0,1,,0.0,2.0,3.0,B01,138Â 200Â 102,5.0
1014863,201900056394,12,2,18:00,5,2,2,1.0,3.0,75111,BOULEVARD RICHARD LENOIR,M,"48,8640320","2,3707510",75,2019,50.0,5.0,1.0,4.0,2269662,1.0,1,4,1,0.0,,0.0,0,1984.0,B01,138Â 200Â 102,8.0,2.0,-1.0,1732348,2.0,7,,0.0,2.0,3.0,A01,138Â 200Â 103,1.0
1014863,201900056394,12,2,18:00,5,2,2,1.0,3.0,75111,BOULEVARD RICHARD LENOIR,M,"48,8640320","2,3707510",75,2019,50.0,5.0,1.0,4.0,2269663,1.0,1,1,1,5.0,,0.0,0,1980.0,A01,138Â 200Â 103,1.0,0.0,-1.0,1732347,1.0,1,,0.0,2.0,3.0,B01,138Â 200Â 102,5.0
1014863,201900056394,12,2,18:00,5,2,2,1.0,3.0,75111,BOULEVARD RICHARD LENOIR,M,"48,8640320","2,3707510",75,2019,50.0,5.0,1.0,4.0,2269663,1.0,1,1,1,5.0,,0.0,0,1980.0,A01,138Â 200Â 103,1.0,0.0,-1.0,1732348,2.0,7,,0.0,2.0,3.0,A01,138Â 200Â 103,1.0
1014864,201900056395,12,2,16:55,1,2,1,1.0,6.0,75111,RUE KELLER,M,"48,8535930","2,3767720",75,2019,30.0,1.0,1.0,4.0,2269664,10.0,3,4,1,2.0,,2.0,3,2011.0,Z01,138Â 200Â 099,0.0,-1.0,-1.0,1732349,2.0,7,,0.0,1.0,0.0,Z01,138Â 200Â 099,1.0
1014865,201900056396,5,8,15:50,1,1,1,4.0,5.0,78564,A10,M,"48,5224950","1,9080850",78,2019,130.0,3.0,2.0,1.0,2269665,1.0,1,1,1,5.0,,0.0,0,1960.0,D01,138Â 200Â 095,1.0,-1.0,-1.0,1732350,1.0,7,,0.0,0.0,1.0,D01,138Â 200Â 095,1.0
1014865,201900056396,5,8,15:50,1,1,1,4.0,5.0,78564,A10,M,"48,5224950","1,9080850",78,2019,130.0,3.0,2.0,1.0,2269665,1.0,1,1,1,5.0,,0.0,0,1960.0,D01,138Â 200Â 095,1.0,-1.0,-1.0,1732351,1.0,7,,1.0,1.0,1.0,C01,138Â 200Â 097,1.0
1014865,201900056396,5,8,15:50,1,1,1,4.0,5.0,78564,A10,M,"48,5224950","1,9080850",78,2019,130.0,3.0,2.0,1.0,2269665,1.0,1,1,1,5.0,,0.0,0,1960.0,D01,138Â 200Â 095,1.0,-1.0,-1.0,1732352,1.0,7,,0.0,2.0,6.0,B01,138Â 200Â 098,1.0
1014865,201900056396,5,8,15:50,1,1,1,4.0,5.0,78564,A10,M,"48,5224950","1,9080850",78,2019,130.0,3.0,2.0,1.0,2269665,1.0,1,1,1,5.0,,0.0,0,1960.0,D01,138Â 200Â 095,1.0,-1.0,-1.0,1732353,1.0,7,,0.0,2.0,2.0,A01,138Â 200Â 100,1.0
1014865,201900056396,5,8,15:50,1,1,1,4.0,5.0,78564,A10,M,"48,5224950","1,9080850",78,2019,130.0,3.0,2.0,1.0,2269666,10.0,3,2,2,5.0,,6.0,9,1966.0,C01,138Â 200Â 097,9.0,-1.0,-1.0,1732350,1.0,7,,0.0,0.0,1.0,D01,138Â 200Â 095,1.0
1014865,201900056396,5,8,15:50,1,1,1,4.0,5.0,78564,A10,M,"48,5224950","1,9080850",78,2019,130.0,3.0,2.0,1.0,2269666,10.0,3,2,2,5.0,,6.0,9,1966.0,C01,138Â 200Â 097,9.0,-1.0,-1.0,1732351,1.0,7,,1.0,1.0,1.0,C01,138Â 200Â 097,1.0
1014865,201900056396,5,8,15:50,1,1,1,4.0,5.0,78564,A10,M,"48,5224950","1,9080850",78,2019,130.0,3.0,2.0,1.0,2269666,10.0,3,2,2,5.0,,6.0,9,1966.0,C01,138Â 200Â 097,9.0,-1.0,-1.0,1732352,1.0,7,,0.0,2.0,6.0,B01,138Â 200Â 098,1.0
1014865,201900056396,5,8,15:50,1,1,1,4.0,5.0,78564,A10,M,"48,5224950","1,9080850",78,2019,130.0,3.0,2.0,1.0,2269666,10.0,3,2,2,5.0,,6.0,9,1966.0,C01,138Â 200Â 097,9.0,-1.0,-1.0,1732353,1.0,7,,0.0,2.0,2.0,A01,138Â 200Â 100,1.0
1014865,201900056396,5,8,15:50,1,1,1,4.0,5.0,78564,A10,M,"48,5224950","1,9080850",78,2019,130.0,3.0,2.0,1.0,2269667,10.0,3,4,1,5.0,,1.0,9,1966.0,C01,138Â 200Â 097,9.0,-1.0,-1.0,1732350,1.0,7,,0.0,0.0,1.0,D01,138Â 200Â 095,1.0
1014865,201900056396,5,8,15:50,1,1,1,4.0,5.0,78564,A10,M,"48,5224950","1,9080850",78,2019,130.0,3.0,2.0,1.0,2269667,10.0,3,4,1,5.0,,1.0,9,1966.0,C01,138Â 200Â 097,9.0,-1.0,-1.0,1732351,1.0,7,,1.0,1.0,1.0,C01,138Â 200Â 097,1.0
1014865,201900056396,5,8,15:50,1,1,1,4.0,5.0,78564,A10,M,"48,5224950","1,9080850",78,2019,130.0,3.0,2.0,1.0,2269667,10.0,3,4,1,5.0,,1.0,9,1966.0,C01,138Â 200Â 097,9.0,-1.0,-1.0,1732352,1.0,7,,0.0,2.0,6.0,B01,138Â 200Â 098,1.0
1014865,201900056396,5,8,15:50,1,1,1,4.0,5.0,78564,A10,M,"48,5224950","1,9080850",78,2019,130.0,3.0,2.0,1.0,2269667,10.0,3,4,1,5.0,,1.0,9,1966.0,C01,138Â 200Â 097,9.0,-1.0,-1.0,1732353,1.0,7,,0.0,2.0,2.0,A01,138Â 200Â 100,1.0
1014865,201900056396,5,8,15:50,1,1,1,4.0,5.0,78564,A10,M,"48,5224950","1,9080850",78,2019,130.0,3.0,2.0,1.0,2269668,1.0,1,1,1,5.0,,0.0,0,1985.0,C01,138Â 200Â 097,1.0,-1.0,-1.0,1732350,1.0,7,,0.0,0.0,1.0,D01,138Â 200Â 095,1.0
1014865,201900056396,5,8,15:50,1,1,1,4.0,5.0,78564,A10,M,"48,5224950","1,9080850",78,2019,130.0,3.0,2.0,1.0,2269668,1.0,1,1,1,5.0,,0.0,0,1985.0,C01,138Â 200Â 097,1.0,-1.0,-1.0,1732351,1.0,7,,1.0,1.0,1.0,C01,138Â 200Â 097,1.0
1014865,201900056396,5,8,15:50,1,1,1,4.0,5.0,78564,A10,M,"48,5224950","1,9080850",78,2019,130.0,3.0,2.0,1.0,2269668,1.0,1,1,1,5.0,,0.0,0,1985.0,C01,138Â 200Â 097,1.0,-1.0,-1.0,1732352,1.0,7,,0.0,2.0,6.0,B01,138Â 200Â 098,1.0
1014865,201900056396,5,8,15:50,1,1,1,4.0,5.0,78564,A10,M,"48,5224950","1,9080850",78,2019,130.0,3.0,2.0,1.0,2269668,1.0,1,1,1,5.0,,0.0,0,1985.0,C01,138Â 200Â 097,1.0,-1.0,-1.0,1732353,1.0,7,,0.0,2.0,2.0,A01,138Â 200Â 100,1.0
1014865,201900056396,5,8,15:50,1,1,1,4.0,5.0,78564,A10,M,"48,5224950","1,9080850",78,2019,130.0,3.0,2.0,1.0,2269669,10.0,3,3,1,5.0,,6.0,9,1969.0,C01,138Â 200Â 097,9.0,-1.0,-1.0,1732350,1.0,7,,0.0,0.0,1.0,D01,138Â 200Â 095,1.0
1014865,201900056396,5,8,15:50,1,1,1,4.0,5.0,78564,A10,M,"48,5224950","1,9080850",78,2019,130.0,3.0,2.0,1.0,2269669,10.0,3,3,1,5.0,,6.0,9,1969.0,C01,138Â 200Â 097,9.0,-1.0,-1.0,1732351,1.0,7,,1.0,1.0,1.0,C01,138Â 200Â 097,1.0
1014865,201900056396,5,8,15:50,1,1,1,4.0,5.0,78564,A10,M,"48,5224950","1,9080850",78,2019,130.0,3.0,2.0,1.0,2269669,10.0,3,3,1,5.0,,6.0,9,1969.0,C01,138Â 200Â 097,9.0,-1.0,-1.0,1732352,1.0,7,,0.0,2.0,6.0,B01,138Â 200Â 098,1.0
1014865,201900056396,5,8,15:50,1,1,1,4.0,5.0,78564,A10,M,"48,5224950","1,9080850",78,2019,130.0,3.0,2.0,1.0,2269669,10.0,3,3,1,5.0,,6.0,9,1969.0,C01,138Â 200Â 097,9.0,-1.0,-1.0,1732353,1.0,7,,0.0,2.0,2.0,A01,138Â 200Â 100,1.0
1014865,201900056396,5,8,15:50,1,1,1,4.0,5.0,78564,A10,M,"48,5224950","1,9080850",78,2019,130.0,3.0,2.0,1.0,2269670,7.0,2,4,2,5.0,,0.0,0,1970.0,B01,138Â 200Â 098,1.0,-1.0,-1.0,1732350,1.0,7,,0.0,0.0,1.0,D01,138Â 200Â 095,1.0
1014865,201900056396,5,8,15:50,1,1,1,4.0,5.0,78564,A10,M,"48,5224950","1,9080850",78,2019,130.0,3.0,2.0,1.0,2269670,7.0,2,4,2,5.0,,0.0,0,1970.0,B01,138Â 200Â 098,1.0,-1.0,-1.0,1732351,1.0,7,,1.0,1.0,1.0,C01,138Â 200Â 097,1.0
1014865,201900056396,5,8,15:50,1,1,1,4.0,5.0,78564,A10,M,"48,5224950","1,9080850",78,2019,130.0,3.0,2.0,1.0,2269670,7.0,2,4,2,5.0,,0.0,0,1970.0,B01,138Â 200Â 098,1.0,-1.0,-1.0,1732352,1.0,7,,0.0,2.0,6.0,B01,138Â 200Â 098,1.0
1014865,201900056396,5,8,15:50,1,1,1,4.0,5.0,78564,A10,M,"48,5224950","1,9080850",78,2019,130.0,3.0,2.0,1.0,2269670,7.0,2,4,2,5.0,,0.0,0,1970.0,B01,138Â 200Â 098,1.0,-1.0,-1.0,1732353,1.0,7,,0.0,2.0,2.0,A01,138Â 200Â 100,1.0
1014865,201900056396,5,8,15:50,1,1,1,4.0,5.0,78564,A10,M,"48,5224950","1,9080850",78,2019,130.0,3.0,2.0,1.0,2269671,2.0,2,4,2,5.0,,0.0,0,1988.0,A01,138Â 200Â 100,1.0,-1.0,-1.0,1732350,1.0,7,,0.0,0.0,1.0,D01,138Â 200Â 095,1.0
1014865,201900056396,5,8,15:50,1,1,1,4.0,5.0,78564,A10,M,"48,5224950","1,9080850",78,2019,130.0,3.0,2.0,1.0,2269671,2.0,2,4,2,5.0,,0.0,0,1988.0,A01,138Â 200Â 100,1.0,-1.0,-1.0,1732351,1.0,7,,1.0,1.0,1.0,C01,138Â 200Â 097,1.0
1014865,201900056396,5,8,15:50,1,1,1,4.0,5.0,78564,A10,M,"48,5224950","1,9080850",78,2019,130.0,3.0,2.0,1.0,2269671,2.0,2,4,2,5.0,,0.0,0,1988.0,A01,138Â 200Â 100,1.0,-1.0,-1.0,1732352,1.0,7,,0.0,2.0,6.0,B01,138Â 200Â 098,1.0
1014865,201900056396,5,8,15:50,1,1,1,4.0,5.0,78564,A10,M,"48,5224950","1,9080850",78,2019,130.0,3.0,2.0,1.0,2269671,2.0,2,4,2,5.0,,0.0,0,1988.0,A01,138Â 200Â 100,1.0,-1.0,-1.0,1732353,1.0,7,,0.0,2.0,2.0,A01,138Â 200Â 100,1.0
1014865,201900056396,5,8,15:50,1,1,1,4.0,5.0,78564,A10,M,"48,5224950","1,9080850",78,2019,130.0,3.0,2.0,1.0,2269672,1.0,1,4,1,5.0,,0.0,0,1984.0,A01,138Â 200Â 100,1.0,-1.0,-1.0,1732350,1.0,7,,0.0,0.0,1.0,D01,138Â 200Â 095,1.0
1014865,201900056396,5,8,15:50,1,1,1,4.0,5.0,78564,A10,M,"48,5224950","1,9080850",78,2019,130.0,3.0,2.0,1.0,2269672,1.0,1,4,1,5.0,,0.0,0,1984.0,A01,138Â 200Â 100,1.0,-1.0,-1.0,1732351,1.0,7,,1.0,1.0,1.0,C01,138Â 200Â 097,1.0
1014865,201900056396,5,8,15:50,1,1,1,4.0,5.0,78564,A10,M,"48,5224950","1,9080850",78,2019,130.0,3.0,2.0,1.0,2269672,1.0,1,4,1,5.0,,0.0,0,1984.0,A01,138Â 200Â 100,1.0,-1.0,-1.0,1732352,1.0,7,,0.0,2.0,6.0,B01,138Â 200Â 098,1.0
1014865,201900056396,5,8,15:50,1,1,1,4.0,5.0,78564,A10,M,"48,5224950","1,9080850",78,2019,130.0,3.0,2.0,1.0,2269672,1.0,1,4,1,5.0,,0.0,0,1984.0,A01,138Â 200Â 100,1.0,-1.0,-1.0,1732353,1.0,7,,0.0,2.0,2.0,A01,138Â 200Â 100,1.0
1014866,201900056397,5,2,06:15,2,1,1,1.0,2.0,28363,Autoroute A10 point kilomÃ©trique 042.200,M,"48,4125740","1,8967560",28,2019,130.0,1.0,1.0,1.0,2269673,1.0,1,1,1,4.0,,0.0,0,1963.0,B01,138Â 200Â 093,1.0,-1.0,-1.0,1732354,1.0,15,,0.0,2.0,6.0,B01,138Â 200Â 093,1.0
1014866,201900056397,5,2,06:15,2,1,1,1.0,2.0,28363,Autoroute A10 point kilomÃ©trique 042.200,M,"48,4125740","1,8967560",28,2019,130.0,1.0,1.0,1.0,2269673,1.0,1,1,1,4.0,,0.0,0,1963.0,B01,138Â 200Â 093,1.0,-1.0,-1.0,1732355,1.0,7,,0.0,2.0,1.0,A01,138Â 200Â 094,1.0
1014866,201900056397,5,2,06:15,2,1,1,1.0,2.0,28363,Autoroute A10 point kilomÃ©trique 042.200,M,"48,4125740","1,8967560",28,2019,130.0,1.0,1.0,1.0,2269674,1.0,1,4,2,5.0,,0.0,0,1977.0,A01,138Â 200Â 094,1.0,-1.0,-1.0,1732354,1.0,15,,0.0,2.0,6.0,B01,138Â 200Â 093,1.0
1014866,201900056397,5,2,06:15,2,1,1,1.0,2.0,28363,Autoroute A10 point kilomÃ©trique 042.200,M,"48,4125740","1,8967560",28,2019,130.0,1.0,1.0,1.0,2269674,1.0,1,4,2,5.0,,0.0,0,1977.0,A01,138Â 200Â 094,1.0,-1.0,-1.0,1732355,1.0,7,,0.0,2.0,1.0,A01,138Â 200Â 094,1.0
1014866,201900056397,5,2,06:15,2,1,1,1.0,2.0,28363,Autoroute A10 point kilomÃ©trique 042.200,M,"48,4125740","1,8967560",28,2019,130.0,1.0,1.0,1.0,2269675,7.0,2,4,2,5.0,,0.0,0,2005.0,A01,138Â 200Â 094,1.0,-1.0,-1.0,1732354,1.0,15,,0.0,2.0,6.0,B01,138Â 200Â 093,1.0
1014866,201900056397,5,2,06:15,2,1,1,1.0,2.0,28363,Autoroute A10 point kilomÃ©trique 042.200,M,"48,4125740","1,8967560",28,2019,130.0,1.0,1.0,1.0,2269675,7.0,2,4,2,5.0,,0.0,0,2005.0,A01,138Â 200Â 094,1.0,-1.0,-1.0,1732355,1.0,7,,0.0,2.0,1.0,A01,138Â 200Â 094,1.0
1014866,201900056397,5,2,06:15,2,1,1,1.0,2.0,28363,Autoroute A10 point kilomÃ©trique 042.200,M,"48,4125740","1,8967560",28,2019,130.0,1.0,1.0,1.0,2269676,2.0,2,4,2,5.0,,0.0,0,2003.0,A01,138Â 200Â 094,1.0,-1.0,-1.0,1732354,1.0,15,,0.0,2.0,6.0,B01,138Â 200Â 093,1.0
1014866,201900056397,5,2,06:15,2,1,1,1.0,2.0,28363,Autoroute A10 point kilomÃ©trique 042.200,M,"48,4125740","1,8967560",28,2019,130.0,1.0,1.0,1.0,2269676,2.0,2,4,2,5.0,,0.0,0,2003.0,A01,138Â 200Â 094,1.0,-1.0,-1.0,1732355,1.0,7,,0.0,2.0,1.0,A01,138Â 200Â 094,1.0
1014866,201900056397,5,2,06:15,2,1,1,1.0,2.0,28363,Autoroute A10 point kilomÃ©trique 042.200,M,"48,4125740","1,8967560",28,2019,130.0,1.0,1.0,1.0,2269677,9.0,2,4,2,5.0,,0.0,0,2005.0,A01,138Â 200Â 094,1.0,-1.0,-1.0,1732354,1.0,15,,0.0,2.0,6.0,B01,138Â 200Â 093,1.0
1014866,201900056397,5,2,06:15,2,1,1,1.0,2.0,28363,Autoroute A10 point kilomÃ©trique 042.200,M,"48,4125740","1,8967560",28,2019,130.0,1.0,1.0,1.0,2269677,9.0,2,4,2,5.0,,0.0,0,2005.0,A01,138Â 200Â 094,1.0,-1.0,-1.0,1732355,1.0,7,,0.0,2.0,1.0,A01,138Â 200Â 094,1.0
1014867,201900056398,5,24,09:05,1,2,1,1.0,6.0,34282,4 Avenue de Montpellier,M,"43,6272595","3,6815304",34,2019,50.0,3.0,1.0,3.0,2269678,1.0,1,2,1,1.0,,0.0,0,1990.0,A01,138Â 200Â 092,2.0,-1.0,-1.0,1732356,2.0,31,,6.0,0.0,1.0,A01,138Â 200Â 092,1.0
1014868,201900056399,5,22,12:30,1,1,3,1.0,6.0,34202,CD5,M,"43,5847380","3,7785770",34,2019,80.0,1.0,1.0,3.0,2269679,1.0,1,1,2,0.0,,0.0,0,1996.0,A01,138Â 200Â 090,1.0,-1.0,-1.0,1732357,2.0,7,,0.0,0.0,0.0,A01,138Â 200Â 090,1.0
1014868,201900056399,5,22,12:30,1,1,3,1.0,6.0,34202,CD5,M,"43,5847380","3,7785770",34,2019,80.0,1.0,1.0,3.0,2269679,1.0,1,1,2,0.0,,0.0,0,1996.0,A01,138Â 200Â 090,1.0,-1.0,-1.0,1732358,1.0,33,,0.0,0.0,0.0,B01,138Â 200Â 091,1.0
1014868,201900056399,5,22,12:30,1,1,3,1.0,6.0,34202,CD5,M,"43,5847380","3,7785770",34,2019,80.0,1.0,1.0,3.0,2269680,1.0,1,3,1,0.0,,0.0,0,1973.0,B01,138Â 200Â 091,2.0,-1.0,-1.0,1732357,2.0,7,,0.0,0.0,0.0,A01,138Â 200Â 090,1.0
1014868,201900056399,5,22,12:30,1,1,3,1.0,6.0,34202,CD5,M,"43,5847380","3,7785770",34,2019,80.0,1.0,1.0,3.0,2269680,1.0,1,3,1,0.0,,0.0,0,1973.0,B01,138Â 200Â 091,2.0,-1.0,-1.0,1732358,1.0,33,,0.0,0.0,0.0,B01,138Â 200Â 091,1.0
1014869,201900056400,5,13,15:15,1,2,3,1.0,3.0,34163,Avenue Gilbert SÃ©nÃ©s,M,"43,6447130","3,6964560",34,2019,50.0,1.0,1.0,3.0,2269681,1.0,1,1,2,5.0,,0.0,0,1949.0,B01,138Â 200Â 088,1.0,-1.0,-1.0,1732359,2.0,7,,0.0,2.0,2.0,B01,138Â 200Â 088,1.0