Unnamed: 0_x,num_acc,mois,jour,hrmn,lum,agg,int,atm,col,com,adr,gps,lat,long,dep,annee,vma,situ,surf,catr,Unnamed: 0_y,place,catu,grav,sexe,trajet,secu,locp,actp,an_nais,num_veh_x,id_vehicule_x,secu1,secu2,secu3,Unnamed: 0,senc,catv,occutc,obs,obsm,choc,num_veh_y,id_vehicule_y,motor
1014869,201900056400,5,13,15:15,1,2,3,1.0,3.0,34163,Avenue Gilbert SÃ©nÃ©s,M,"43,6447130","3,6964560",34,2019,50.0,1.0,1.0,3.0,2269681,1.0,1,1,2,5.0,,0.0,0,1949.0,B01,138Â 200Â 088,1.0,-1.0,-1.0,1732360,1.0,2,,0.0,2.0,1.0,A01,138Â 200Â 089,1.0
1014869,201900056400,5,13,15:15,1,2,3,1.0,3.0,34163,Avenue Gilbert SÃ©nÃ©s,M,"43,6447130","3,6964560",34,2019,50.0,1.0,1.0,3.0,2269682,1.0,1,3,1,5.0,,0.0,0,2001.0,A01,138Â 200Â 089,2.0,-1.0,-1.0,1732359,2.0,7,,0.0,2.0,2.0,B01,138Â 200Â 088,1.0
1014869,201900056400,5,13,15:15,1,2,3,1.0,3.0,34163,Avenue Gilbert SÃ©nÃ©s,M,"43,6447130","3,6964560",34,2019,50.0,1.0,1.0,3.0,2269682,1.0,1,3,1,5.0,,0.0,0,2001.0,A01,138Â 200Â 089,2.0,-1.0,-1.0,1732360,1.0,2,,0.0,2.0,1.0,A01,138Â 200Â 089,1.0
1014870,201900056401,5,5,05:00,2,1,1,1.0,7.0,98808,tribu BorÃ©arÃ©,M," -21,3534300","165,4604000",988,2019,90.0,8.0,1.0,4.0,2269683,7.0,2,2,1,5.0,,0.0,0,1991.0,A01,138Â 200Â 087,0.0,-1.0,-1.0,1732361,1.0,7,,16.0,0.0,1.0,A01,138Â 200Â 087,1.0
1014870,201900056401,5,5,05:00,2,1,1,1.0,7.0,98808,tribu BorÃ©arÃ©,M," -21,3534300","165,4604000",988,2019,90.0,8.0,1.0,4.0,2269684,5.0,2,1,1,5.0,,0.0,0,1998.0,A01,138Â 200Â 087,0.0,-1.0,-1.0,1732361,1.0,7,,16.0,0.0,1.0,A01,138Â 200Â 087,1.0
1014870,201900056401,5,5,05:00,2,1,1,1.0,7.0,98808,tribu BorÃ©arÃ©,M," -21,3534300","165,4604000",988,2019,90.0,8.0,1.0,4.0,2269685,4.0,2,1,1,5.0,,0.0,0,1995.0,A01,138Â 200Â 087,0.0,-1.0,-1.0,1732361,1.0,7,,16.0,0.0,1.0,A01,138Â 200Â 087,1.0
1014870,201900056401,5,5,05:00,2,1,1,1.0,7.0,98808,tribu BorÃ©arÃ©,M," -21,3534300","165,4604000",988,2019,90.0,8.0,1.0,4.0,2269686,2.0,2,1,1,5.0,,0.0,0,1991.0,A01,138Â 200Â 087,0.0,-1.0,-1.0,1732361,1.0,7,,16.0,0.0,1.0,A01,138Â 200Â 087,1.0
1014870,201900056401,5,5,05:00,2,1,1,1.0,7.0,98808,tribu BorÃ©arÃ©,M," -21,3534300","165,4604000",988,2019,90.0,8.0,1.0,4.0,2269687,1.0,1,1,1,5.0,,0.0,0,1989.0,A01,138Â 200Â 087,0.0,-1.0,-1.0,1732361,1.0,7,,16.0,0.0,1.0,A01,138Â 200Â 087,1.0
1014871,201900056402,5,3,19:10,3,1,1,1.0,1.0,98803,route territoriale NÂ° 1,M," -21,4850200","165,4059000",988,2019,110.0,1.0,1.0,2.0,2269688,1.0,1,1,1,5.0,,0.0,0,1935.0,A01,138Â 200Â 085,8.0,-1.0,-1.0,1732362,1.0,7,,0.0,2.0,3.0,A01,138Â 200Â 085,1.0
1014871,201900056402,5,3,19:10,3,1,1,1.0,1.0,98803,route territoriale NÂ° 1,M," -21,4850200","165,4059000",988,2019,110.0,1.0,1.0,2.0,2269688,1.0,1,1,1,5.0,,0.0,0,1935.0,A01,138Â 200Â 085,8.0,-1.0,-1.0,1732363,2.0,7,,0.0,2.0,3.0,B01,138Â 200Â 086,1.0
1014871,201900056402,5,3,19:10,3,1,1,1.0,1.0,98803,route territoriale NÂ° 1,M," -21,4850200","165,4059000",988,2019,110.0,1.0,1.0,2.0,2269689,2.0,2,1,1,5.0,,0.0,0,1970.0,B01,138Â 200Â 086,8.0,-1.0,-1.0,1732362,1.0,7,,0.0,2.0,3.0,A01,138Â 200Â 085,1.0
1014871,201900056402,5,3,19:10,3,1,1,1.0,1.0,98803,route territoriale NÂ° 1,M," -21,4850200","165,4059000",988,2019,110.0,1.0,1.0,2.0,2269689,2.0,2,1,1,5.0,,0.0,0,1970.0,B01,138Â 200Â 086,8.0,-1.0,-1.0,1732363,2.0,7,,0.0,2.0,3.0,B01,138Â 200Â 086,1.0
1014871,201900056402,5,3,19:10,3,1,1,1.0,1.0,98803,route territoriale NÂ° 1,M," -21,4850200","165,4059000",988,2019,110.0,1.0,1.0,2.0,2269690,3.0,2,3,2,5.0,,0.0,0,2011.0,B01,138Â 200Â 086,8.0,-1.0,-1.0,1732362,1.0,7,,0.0,2.0,3.0,A01,138Â 200Â 085,1.0
1014871,201900056402,5,3,19:10,3,1,1,1.0,1.0,98803,route territoriale NÂ° 1,M," -21,4850200","165,4059000",988,2019,110.0,1.0,1.0,2.0,2269690,3.0,2,3,2,5.0,,0.0,0,2011.0,B01,138Â 200Â 086,8.0,-1.0,-1.0,1732363,2.0,7,,0.0,2.0,3.0,B01,138Â 200Â 086,1.0
1014871,201900056402,5,3,19:10,3,1,1,1.0,1.0,98803,route territoriale NÂ° 1,M," -21,4850200","165,4059000",988,2019,110.0,1.0,1.0,2.0,2269691,1.0,1,3,2,5.0,,0.0,0,1973.0,B01,138Â 200Â 086,8.0,-1.0,-1.0,1732362,1.0,7,,0.0,2.0,3.0,A01,138Â 200Â 085,1.0
1014871,201900056402,5,3,19:10,3,1,1,1.0,1.0,98803,route territoriale NÂ° 1,M," -21,4850200","165,4059000",988,2019,110.0,1.0,1.0,2.0,2269691,1.0,1,3,2,5.0,,0.0,0,1973.0,B01,138Â 200Â 086,8.0,-1.0,-1.0,1732363,2.0,7,,0.0,2.0,3.0,B01,138Â 200Â 086,1.0
1014871,201900056402,5,3,19:10,3,1,1,1.0,1.0,98803,route territoriale NÂ° 1,M," -21,4850200","165,4059000",988,2019,110.0,1.0,1.0,2.0,2269692,4.0,2,1,1,5.0,,0.0,0,2012.0,B01,138Â 200Â 086,8.0,-1.0,-1.0,1732362,1.0,7,,0.0,2.0,3.0,A01,138Â 200Â 085,1.0
1014871,201900056402,5,3,19:10,3,1,1,1.0,1.0,98803,route territoriale NÂ° 1,M," -21,4850200","165,4059000",988,2019,110.0,1.0,1.0,2.0,2269692,4.0,2,1,1,5.0,,0.0,0,2012.0,B01,138Â 200Â 086,8.0,-1.0,-1.0,1732363,2.0,7,,0.0,2.0,3.0,B01,138Â 200Â 086,1.0
1014872,201900056403,2,14,16:00,1,2,1,1.0,6.0,57666,VERDUN (ROUTE DE),M,"49,3466700","6,1352800",57,2019,50.0,1.0,1.0,3.0,2269693,1.0,1,1,1,1.0,,-1.0, -1,1954.0,A01,138Â 200Â 096,1.0,0.0,-1.0,1732364,1.0,7,,0.0,1.0,2.0,A01,138Â 200Â 096,1.0
1014872,201900056403,2,14,16:00,1,2,1,1.0,6.0,57666,VERDUN (ROUTE DE),M,"49,3466700","6,1352800",57,2019,50.0,1.0,1.0,3.0,2269694,10.0,3,3,2,5.0,,5.0,2,1942.0,A01,138Â 200Â 096,8.0,0.0,-1.0,1732364,1.0,7,,0.0,1.0,2.0,A01,138Â 200Â 096,1.0
1014873,201900056404,5,10,08:03,1,1,1,1.0,6.0,98817,ROUTE DE LA CORNICHE,M," -22,2781600","166,6222100",988,2019,-1.0,3.0,1.0,3.0,2269695,10.0,3,2,2,5.0,,6.0,1,1962.0,A01,138Â 200Â 084,0.0,-1.0,-1.0,1732365,1.0,7,,0.0,1.0,0.0,A01,138Â 200Â 084,1.0
1014873,201900056404,5,10,08:03,1,1,1,1.0,6.0,98817,ROUTE DE LA CORNICHE,M," -22,2781600","166,6222100",988,2019,-1.0,3.0,1.0,3.0,2269696,1.0,1,1,1,4.0,,0.0,0,1986.0,A01,138Â 200Â 084,1.0,-1.0,-1.0,1732365,1.0,7,,0.0,1.0,0.0,A01,138Â 200Â 084,1.0
1014874,201900056405,2,17,02:35,5,2,1,1.0,6.0,57630,FRANCE (AV),M,"48,7351600","7,0482800",57,2019,50.0,1.0,1.0,4.0,2269697,2.0,2,3,1,5.0,,0.0,0,2001.0,A01,138Â 200Â 082,8.0,0.0,-1.0,1732366,2.0,7,,1.0,0.0,2.0,A01,138Â 200Â 082,1.0
1014874,201900056405,2,17,02:35,5,2,1,1.0,6.0,57630,FRANCE (AV),M,"48,7351600","7,0482800",57,2019,50.0,1.0,1.0,4.0,2269698,4.0,2,1,2,5.0,,0.0,0,2002.0,A01,138Â 200Â 082,8.0,0.0,-1.0,1732366,2.0,7,,1.0,0.0,2.0,A01,138Â 200Â 082,1.0
1014874,201900056405,2,17,02:35,5,2,1,1.0,6.0,57630,FRANCE (AV),M,"48,7351600","7,0482800",57,2019,50.0,1.0,1.0,4.0,2269699,1.0,1,4,1,5.0,,0.0,0,2000.0,A01,138Â 200Â 082,8.0,0.0,-1.0,1732366,2.0,7,,1.0,0.0,2.0,A01,138Â 200Â 082,1.0
1014874,201900056405,2,17,02:35,5,2,1,1.0,6.0,57630,FRANCE (AV),M,"48,7351600","7,0482800",57,2019,50.0,1.0,1.0,4.0,2269700,3.0,2,1,2,5.0,,0.0,0,2000.0,A01,138Â 200Â 082,8.0,0.0,-1.0,1732366,2.0,7,,1.0,0.0,2.0,A01,138Â 200Â 082,1.0
1014875,201900056406,12,2,12:50,1,2,2,1.0,6.0,75111,AVENUE LEDRU ROLLIN,M,"48,8513040","2,3761450",75,2019,30.0,1.0,1.0,4.0,2269701,1.0,1,1,1,9.0,,0.0,0,1936.0,A01,138Â 200Â 081,1.0,8.0,-1.0,1732367,2.0,7,,0.0,1.0,1.0,A01,138Â 200Â 081,1.0
1014875,201900056406,12,2,12:50,1,2,2,1.0,6.0,75111,AVENUE LEDRU ROLLIN,M,"48,8513040","2,3761450",75,2019,30.0,1.0,1.0,4.0,2269702,10.0,3,4,2,0.0,,4.0,3,1976.0,A01,138Â 200Â 081,0.0,-1.0,-1.0,1732367,2.0,7,,0.0,1.0,1.0,A01,138Â 200Â 081,1.0
1014876,201900056407,2,14,14:20,1,2,1,1.0,2.0,57463,TREVES (BOULEVARD DE ),M,"49,1229600","6,1877700",57,2019,50.0,1.0,1.0,4.0,2269703,1.0,1,4,1,5.0,,-1.0,0,1954.0,B01,138Â 200Â 078,2.0,8.0,-1.0,1732368,3.0,1,,0.0,2.0,1.0,B01,138Â 200Â 078,0.0
1014876,201900056407,2,14,14:20,1,2,1,1.0,2.0,57463,TREVES (BOULEVARD DE ),M,"49,1229600","6,1877700",57,2019,50.0,1.0,1.0,4.0,2269703,1.0,1,4,1,5.0,,-1.0,0,1954.0,B01,138Â 200Â 078,2.0,8.0,-1.0,1732369,3.0,37,1.0,0.0,2.0,2.0,A01,138Â 200Â 079,0.0
1014876,201900056407,2,14,14:20,1,2,1,1.0,2.0,57463,TREVES (BOULEVARD DE ),M,"49,1229600","6,1877700",57,2019,50.0,1.0,1.0,4.0,2269704,1.0,1,1,1,4.0,,-1.0,0,1960.0,A01,138Â 200Â 079,1.0,0.0,-1.0,1732368,3.0,1,,0.0,2.0,1.0,B01,138Â 200Â 078,0.0
1014876,201900056407,2,14,14:20,1,2,1,1.0,2.0,57463,TREVES (BOULEVARD DE ),M,"49,1229600","6,1877700",57,2019,50.0,1.0,1.0,4.0,2269704,1.0,1,1,1,4.0,,-1.0,0,1960.0,A01,138Â 200Â 079,1.0,0.0,-1.0,1732369,3.0,37,1.0,0.0,2.0,2.0,A01,138Â 200Â 079,0.0
1014877,201900056408,5,7,16:30,1,2,6,1.0,1.0,98817,Route de Saint-Louis,M," -22,2368600","166,5843600",988,2019,50.0,1.0,1.0,3.0,2269705,1.0,1,3,1,1.0,,0.0,0,1984.0,A01,138Â 200Â 080,1.0,-1.0,-1.0,1732370,1.0,7,,0.0,2.0,3.0,A01,138Â 200Â 080,1.0
1014877,201900056408,5,7,16:30,1,2,6,1.0,1.0,98817,Route de Saint-Louis,M," -22,2368600","166,5843600",988,2019,50.0,1.0,1.0,3.0,2269705,1.0,1,3,1,1.0,,0.0,0,1984.0,A01,138Â 200Â 080,1.0,-1.0,-1.0,1732371,2.0,38,1.0,0.0,2.0,3.0,B01,138Â 200Â 083,1.0
1014877,201900056408,5,7,16:30,1,2,6,1.0,1.0,98817,Route de Saint-Louis,M," -22,2368600","166,5843600",988,2019,50.0,1.0,1.0,3.0,2269706,1.0,1,1,2,4.0,,0.0,0,1977.0,B01,138Â 200Â 083,1.0,-1.0,-1.0,1732370,1.0,7,,0.0,2.0,3.0,A01,138Â 200Â 080,1.0
1014877,201900056408,5,7,16:30,1,2,6,1.0,1.0,98817,Route de Saint-Louis,M," -22,2368600","166,5843600",988,2019,50.0,1.0,1.0,3.0,2269706,1.0,1,1,2,4.0,,0.0,0,1977.0,B01,138Â 200Â 083,1.0,-1.0,-1.0,1732371,2.0,38,1.0,0.0,2.0,3.0,B01,138Â 200Â 083,1.0
1014878,201900056409,5,4,00:00,3,1,1,1.0,7.0,98817,route de la corniche,M," -22,2837090","166,6227170",988,2019,70.0,8.0,1.0,3.0,2269707,1.0,1,4,1,5.0,,0.0,0,1989.0,A01,138Â 200Â 075,1.0,-1.0,-1.0,1732372,2.0,10,,16.0,0.0,3.0,A01,138Â 200Â 075,1.0
1014878,201900056409,5,4,00:00,3,1,1,1.0,7.0,98817,route de la corniche,M," -22,2837090","166,6227170",988,2019,70.0,8.0,1.0,3.0,2269708,2.0,2,1,1,5.0,,0.0,0,1991.0,A01,138Â 200Â 075,1.0,-1.0,-1.0,1732372,2.0,10,,16.0,0.0,3.0,A01,138Â 200Â 075,1.0
1014879,201900056410,2,15,08:50,1,1,2,1.0,3.0,57480,RD157B,M,"49,0950541","6,1370981",57,2019,50.0,1.0,1.0,1.0,2269709,1.0,1,4,2,1.0,,-1.0, -1,1992.0,B01,138Â 200Â 074,1.0,8.0,-1.0,1732373,3.0,7,,0.0,2.0,1.0,B01,138Â 200Â 074,1.0
1014879,201900056410,2,15,08:50,1,1,2,1.0,3.0,57480,RD157B,M,"49,0950541","6,1370981",57,2019,50.0,1.0,1.0,1.0,2269709,1.0,1,4,2,1.0,,-1.0, -1,1992.0,B01,138Â 200Â 074,1.0,8.0,-1.0,1732374,3.0,7,,0.0,2.0,1.0,A01,138Â 200Â 076,1.0
1014879,201900056410,2,15,08:50,1,1,2,1.0,3.0,57480,RD157B,M,"49,0950541","6,1370981",57,2019,50.0,1.0,1.0,1.0,2269710,1.0,1,1,1,0.0,,-1.0, -1,1978.0,A01,138Â 200Â 076,1.0,0.0,-1.0,1732373,3.0,7,,0.0,2.0,1.0,B01,138Â 200Â 074,1.0
1014879,201900056410,2,15,08:50,1,1,2,1.0,3.0,57480,RD157B,M,"49,0950541","6,1370981",57,2019,50.0,1.0,1.0,1.0,2269710,1.0,1,1,1,0.0,,-1.0, -1,1978.0,A01,138Â 200Â 076,1.0,0.0,-1.0,1732374,3.0,7,,0.0,2.0,1.0,A01,138Â 200Â 076,1.0
1014880,201900056411,12,2,13:15,1,2,2,1.0,6.0,75110,BOULEVARD DE LA CHAPELLE,M,"48,8837410","2,3512620",75,2019,30.0,1.0,1.0,4.0,2269711,10.0,3,4,2,0.0,,4.0,3,1947.0,A01,138Â 200Â 077,0.0,-1.0,-1.0,1732375,2.0,7,,0.0,1.0,3.0,A01,138Â 200Â 077,1.0
1014880,201900056411,12,2,13:15,1,2,2,1.0,6.0,75110,BOULEVARD DE LA CHAPELLE,M,"48,8837410","2,3512620",75,2019,30.0,1.0,1.0,4.0,2269712,1.0,1,1,1,0.0,,0.0,0,1947.0,A01,138Â 200Â 077,1.0,0.0,-1.0,1732375,2.0,7,,0.0,1.0,3.0,A01,138Â 200Â 077,1.0
1014881,201900056412,5,23,21:35,3,1,1,2.0,7.0,98821,Col de la pirogue RT1,M," -22,0813580","166,3182320",988,2019,70.0,1.0,2.0,2.0,2269713,1.0,1,3,1,1.0,,0.0,0,1973.0,A01,138Â 200Â 071,1.0,-1.0,-1.0,1732376,0.0,7,,3.0,0.0,1.0,A01,138Â 200Â 071,1.0
1014882,201900056413,2,14,15:30,1,1,1,1.0,2.0,56098,RN 165 (PATINOIRE),M,"47,7768200"," -3,3609200",56,2019,90.0,1.0,1.0,2.0,2269714,1.0,1,1,1,4.0,,0.0,0,1966.0,A01,138Â 200Â 070,1.0,8.0,-1.0,1732377,2.0,17,,0.0,2.0,2.0,A01,138Â 200Â 070,1.0
1014882,201900056413,2,14,15:30,1,1,1,1.0,2.0,56098,RN 165 (PATINOIRE),M,"47,7768200"," -3,3609200",56,2019,90.0,1.0,1.0,2.0,2269714,1.0,1,1,1,4.0,,0.0,0,1966.0,A01,138Â 200Â 070,1.0,8.0,-1.0,1732378,2.0,7,,0.0,2.0,6.0,B01,138Â 200Â 073,1.0
1014882,201900056413,2,14,15:30,1,1,1,1.0,2.0,56098,RN 165 (PATINOIRE),M,"47,7768200"," -3,3609200",56,2019,90.0,1.0,1.0,2.0,2269715,1.0,1,4,2,4.0,,0.0,0,1998.0,B01,138Â 200Â 073,1.0,8.0,-1.0,1732377,2.0,17,,0.0,2.0,2.0,A01,138Â 200Â 070,1.0
1014882,201900056413,2,14,15:30,1,1,1,1.0,2.0,56098,RN 165 (PATINOIRE),M,"47,7768200"," -3,3609200",56,2019,90.0,1.0,1.0,2.0,2269715,1.0,1,4,2,4.0,,0.0,0,1998.0,B01,138Â 200Â 073,1.0,8.0,-1.0,1732378,2.0,7,,0.0,2.0,6.0,B01,138Â 200Â 073,1.0
1014883,201900056414,12,2,08:20,1,2,2,1.0,6.0,75110,RUE DU FAUBOURG SAINT DENIS,M,"48,8793310","2,3571040",75,2019,50.0,1.0,1.0,4.0,2269716,1.0,1,4,1,5.0,,0.0,0,1967.0,A01,138Â 200Â 069,1.0,0.0,-1.0,1732379,1.0,7,,0.0,2.0,3.0,A01,138Â 200Â 069,1.0
1014883,201900056414,12,2,08:20,1,2,2,1.0,6.0,75110,RUE DU FAUBOURG SAINT DENIS,M,"48,8793310","2,3571040",75,2019,50.0,1.0,1.0,4.0,2269716,1.0,1,4,1,5.0,,0.0,0,1967.0,A01,138Â 200Â 069,1.0,0.0,-1.0,1732380,1.0,37,0.0,0.0,2.0,1.0,B01,138Â 200Â 072,0.0
1014884,201900056415,2,13,19:55,4,2,6,1.0,3.0,56121,BASE DE SOUS-MARINS ( RD PT DE LA ),M,"47,7358600"," -3,3747300",56,2019,70.0,1.0,1.0,3.0,2269717,1.0,1,1,1,5.0,,0.0,0,1965.0,A01,138Â 200Â 066,1.0,8.0,-1.0,1732381,2.0,7,,0.0,2.0,1.0,A01,138Â 200Â 066,1.0
1014884,201900056415,2,13,19:55,4,2,6,1.0,3.0,56121,BASE DE SOUS-MARINS ( RD PT DE LA ),M,"47,7358600"," -3,3747300",56,2019,70.0,1.0,1.0,3.0,2269717,1.0,1,1,1,5.0,,0.0,0,1965.0,A01,138Â 200Â 066,1.0,8.0,-1.0,1732382,3.0,1,,0.0,2.0,7.0,B01,138Â 200Â 068,5.0
1014884,201900056415,2,13,19:55,4,2,6,1.0,3.0,56121,BASE DE SOUS-MARINS ( RD PT DE LA ),M,"47,7358600"," -3,3747300",56,2019,70.0,1.0,1.0,3.0,2269718,1.0,1,4,1,5.0,,0.0,0,1993.0,B01,138Â 200Â 068,8.0,0.0,-1.0,1732381,2.0,7,,0.0,2.0,1.0,A01,138Â 200Â 066,1.0
1014884,201900056415,2,13,19:55,4,2,6,1.0,3.0,56121,BASE DE SOUS-MARINS ( RD PT DE LA ),M,"47,7358600"," -3,3747300",56,2019,70.0,1.0,1.0,3.0,2269718,1.0,1,4,1,5.0,,0.0,0,1993.0,B01,138Â 200Â 068,8.0,0.0,-1.0,1732382,3.0,1,,0.0,2.0,7.0,B01,138Â 200Â 068,5.0
1014885,201900056416,2,13,14:05,1,2,6,1.0,2.0,56083,Avenue Salvador Allende,M,"47,8029500"," -3,2655200",56,2019,50.0,1.0,1.0,3.0,2269719,1.0,1,4,1,5.0,,0.0,0,1957.0,B01,138Â 200Â 065,1.0,8.0,-1.0,1732383,1.0,7,,0.0,2.0,4.0,Z01,138Â 200Â 064,1.0
1014885,201900056416,2,13,14:05,1,2,6,1.0,2.0,56083,Avenue Salvador Allende,M,"47,8029500"," -3,2655200",56,2019,50.0,1.0,1.0,3.0,2269719,1.0,1,4,1,5.0,,0.0,0,1957.0,B01,138Â 200Â 065,1.0,8.0,-1.0,1732384,1.0,7,,0.0,2.0,2.0,B01,138Â 200Â 065,1.0
1014886,201900056417,5,23,11:50,1,1,1,1.0,7.0,98821,col de tiarÃ© - rout du littoral,M," -22,1552670","166,2780630",988,2019,90.0,3.0,1.0,4.0,2269720,1.0,1,3,2,9.0,,0.0,0,1972.0,A01,138Â 200Â 067,1.0,-1.0,-1.0,1732385,1.0,7,,16.0,0.0,1.0,A01,138Â 200Â 067,1.0
1014886,201900056417,5,23,11:50,1,1,1,1.0,7.0,98821,col de tiarÃ© - rout du littoral,M," -22,1552670","166,2780630",988,2019,90.0,3.0,1.0,4.0,2269721,2.0,2,1,2,1.0,,0.0,0,1974.0,A01,138Â 200Â 067,1.0,-1.0,-1.0,1732385,1.0,7,,16.0,0.0,1.0,A01,138Â 200Â 067,1.0
1014887,201900056418,2,12,20:20,5,2,2,1.0,3.0,56121,RUE LANVEUR,M,"47,7430500"," -3,3889000",56,2019,50.0,1.0,1.0,4.0,2269722,1.0,1,4,2,5.0,,0.0,0,1985.0,B01,138Â 200Â 062,1.0,8.0,-1.0,1732386,1.0,7,,0.0,2.0,8.0,B01,138Â 200Â 062,1.0
1014887,201900056418,2,12,20:20,5,2,2,1.0,3.0,56121,RUE LANVEUR,M,"47,7430500"," -3,3889000",56,2019,50.0,1.0,1.0,4.0,2269722,1.0,1,4,2,5.0,,0.0,0,1985.0,B01,138Â 200Â 062,1.0,8.0,-1.0,1732387,2.0,7,,0.0,2.0,1.0,Z01,138Â 200Â 063,0.0
1014888,201900056419,5,19,07:30,1,1,1,1.0,7.0,98821,"RT.1, col de la pirogue, sens Sud-Nord",M," -22,0970000","166,3199600",988,2019,70.0,1.0,1.0,2.0,2269723,1.0,1,3,1,5.0,,0.0,0,1983.0,A01,138Â 200Â 061,2.0,-1.0,-1.0,1732388,1.0,33,,16.0,0.0,0.0,A01,138Â 200Â 061,1.0
1014889,201900056420,2,12,14:10,1,2,1,1.0,3.0,56083,THOREZ (RUE  MAURICE ),M,"47,8095300"," -3,2685700",56,2019,50.0,1.0,1.0,4.0,2269724,1.0,1,1,2,5.0,,-1.0, -1,1975.0,A01,138Â 200Â 059,1.0,8.0,-1.0,1732389,1.0,7,,0.0,2.0,2.0,A01,138Â 200Â 059,1.0
1014889,201900056420,2,12,14:10,1,2,1,1.0,3.0,56083,THOREZ (RUE  MAURICE ),M,"47,8095300"," -3,2685700",56,2019,50.0,1.0,1.0,4.0,2269724,1.0,1,1,2,5.0,,-1.0, -1,1975.0,A01,138Â 200Â 059,1.0,8.0,-1.0,1732390,1.0,60,,0.0,2.0,1.0,B01,138Â 200Â 060,5.0
1014889,201900056420,2,12,14:10,1,2,1,1.0,3.0,56083,THOREZ (RUE  MAURICE ),M,"47,8095300"," -3,2685700",56,2019,50.0,1.0,1.0,4.0,2269725,1.0,1,4,1,5.0,,0.0,0,2009.0,B01,138Â 200Â 060,2.0,8.0,-1.0,1732389,1.0,7,,0.0,2.0,2.0,A01,138Â 200Â 059,1.0
1014889,201900056420,2,12,14:10,1,2,1,1.0,3.0,56083,THOREZ (RUE  MAURICE ),M,"47,8095300"," -3,2685700",56,2019,50.0,1.0,1.0,4.0,2269725,1.0,1,4,1,5.0,,0.0,0,2009.0,B01,138Â 200Â 060,2.0,8.0,-1.0,1732390,1.0,60,,0.0,2.0,1.0,B01,138Â 200Â 060,5.0
1014890,201900056421,5,23,13:30,1,1,1,2.0,7.0,98613,Ã Teppa,M,"43,2771790","5,5108590",986,2019,70.0,1.0,2.0,2.0,2269726,1.0,1,3,1,1.0,,0.0,0,2002.0,A01,138Â 200Â 058,0.0,-1.0,-1.0,1732391,0.0,32,,0.0,0.0,2.0,A01,138Â 200Â 058,1.0
1014891,201900056422,12,2,19:45,5,2,2,1.0,3.0,75107,PONT D IENA,M,"48,8591333","2,2931151",75,2019,50.0,1.0,1.0,4.0,2269727,3.0,2,4,2,5.0,,0.0,0,1973.0,B01,138Â 200Â 052,1.0,0.0,-1.0,1732392,1.0,7,,0.0,2.0,4.0,B01,138Â 200Â 052,1.0
1014891,201900056422,12,2,19:45,5,2,2,1.0,3.0,75107,PONT D IENA,M,"48,8591333","2,2931151",75,2019,50.0,1.0,1.0,4.0,2269727,3.0,2,4,2,5.0,,0.0,0,1973.0,B01,138Â 200Â 052,1.0,0.0,-1.0,1732393,1.0,7,,0.0,2.0,1.0,A01,138Â 200Â 053,2.0
1014891,201900056422,12,2,19:45,5,2,2,1.0,3.0,75107,PONT D IENA,M,"48,8591333","2,2931151",75,2019,50.0,1.0,1.0,4.0,2269728,2.0,2,4,1,5.0,,0.0,0,1966.0,B01,138Â 200Â 052,1.0,0.0,-1.0,1732392,1.0,7,,0.0,2.0,4.0,B01,138Â 200Â 052,1.0
1014891,201900056422,12,2,19:45,5,2,2,1.0,3.0,75107,PONT D IENA,M,"48,8591333","2,2931151",75,2019,50.0,1.0,1.0,4.0,2269728,2.0,2,4,1,5.0,,0.0,0,1966.0,B01,138Â 200Â 052,1.0,0.0,-1.0,1732393,1.0,7,,0.0,2.0,1.0,A01,138Â 200Â 053,2.0
1014891,201900056422,12,2,19:45,5,2,2,1.0,3.0,75107,PONT D IENA,M,"48,8591333","2,2931151",75,2019,50.0,1.0,1.0,4.0,2269729,1.0,1,1,1,5.0,,-1.0, -1,1997.0,B01,138Â 200Â 052,1.0,0.0,-1.0,1732392,1.0,7,,0.0,2.0,4.0,B01,138Â 200Â 052,1.0
1014891,201900056422,12,2,19:45,5,2,2,1.0,3.0,75107,PONT D IENA,M,"48,8591333","2,2931151",75,2019,50.0,1.0,1.0,4.0,2269729,1.0,1,1,1,5.0,,-1.0, -1,1997.0,B01,138Â 200Â 052,1.0,0.0,-1.0,1732393,1.0,7,,0.0,2.0,1.0,A01,138Â 200Â 053,2.0
1014891,201900056422,12,2,19:45,5,2,2,1.0,3.0,75107,PONT D IENA,M,"48,8591333","2,2931151",75,2019,50.0,1.0,1.0,4.0,2269730,1.0,1,1,1,0.0,,0.0,0,1975.0,A01,138Â 200Â 053,1.0,0.0,-1.0,1732392,1.0,7,,0.0,2.0,4.0,B01,138Â 200Â 052,1.0
1014891,201900056422,12,2,19:45,5,2,2,1.0,3.0,75107,PONT D IENA,M,"48,8591333","2,2931151",75,2019,50.0,1.0,1.0,4.0,2269730,1.0,1,1,1,0.0,,0.0,0,1975.0,A01,138Â 200Â 053,1.0,0.0,-1.0,1732393,1.0,7,,0.0,2.0,1.0,A01,138Â 200Â 053,2.0
1014892,201900056423,5,20,17:30,1,1,1,1.0,3.0,97607,RN 2 Ironi-bÃ©,M," -12,8337390","45,1892410",976,2019,70.0,1.0,1.0,2.0,2269731,1.0,1,3,1,0.0,,0.0,0,1966.0,B01,138Â 200Â 051,2.0,-1.0,-1.0,1732394,2.0,33,,0.0,2.0,8.0,B01,138Â 200Â 051,1.0