Unnamed: 0_x,num_acc,mois,jour,hrmn,lum,agg,int,atm,col,com,adr,gps,lat,long,dep,annee,vma,situ,surf,catr,Unnamed: 0_y,place,catu,grav,sexe,trajet,secu,locp,actp,an_nais,num_veh_x,id_vehicule_x,secu1,secu2,secu3,Unnamed: 0,senc,catv,occutc,obs,obsm,choc,num_veh_y,id_vehicule_y,motor
1014892,201900056423,5,20,17:30,1,1,1,1.0,3.0,97607,RN 2 Ironi-bÃ©,M," -12,8337390","45,1892410",976,2019,70.0,1.0,1.0,2.0,2269731,1.0,1,3,1,0.0,,0.0,0,1966.0,B01,138Â 200Â 051,2.0,-1.0,-1.0,1732395,1.0,32,,0.0,2.0,8.0,A01,138Â 200Â 055,1.0
1014892,201900056423,5,20,17:30,1,1,1,1.0,3.0,97607,RN 2 Ironi-bÃ©,M," -12,8337390","45,1892410",976,2019,70.0,1.0,1.0,2.0,2269732,1.0,1,4,1,0.0,,0.0,0,1981.0,A01,138Â 200Â 055,2.0,-1.0,-1.0,1732394,2.0,33,,0.0,2.0,8.0,B01,138Â 200Â 051,1.0
1014892,201900056423,5,20,17:30,1,1,1,1.0,3.0,97607,RN 2 Ironi-bÃ©,M," -12,8337390","45,1892410",976,2019,70.0,1.0,1.0,2.0,2269732,1.0,1,4,1,0.0,,0.0,0,1981.0,A01,138Â 200Â 055,2.0,-1.0,-1.0,1732395,1.0,32,,0.0,2.0,8.0,A01,138Â 200Â 055,1.0
1014893,201900056424,2,17,15:56,1,2,2,1.0,3.0,51055,RUE DES TERRES SAINT REMI,M,"49,2872000","4,0554200",51,2019,50.0,1.0,1.0,4.0,2269733,1.0,1,1,2,0.0,,-1.0,0,1965.0,B01,138Â 200Â 050,1.0,8.0,-1.0,1732396,0.0,7,,0.0,2.0,1.0,B01,138Â 200Â 050,0.0
1014893,201900056424,2,17,15:56,1,2,2,1.0,3.0,51055,RUE DES TERRES SAINT REMI,M,"49,2872000","4,0554200",51,2019,50.0,1.0,1.0,4.0,2269733,1.0,1,1,2,0.0,,-1.0,0,1965.0,B01,138Â 200Â 050,1.0,8.0,-1.0,1732397,0.0,2,,0.0,2.0,2.0,A01,138Â 200Â 054,1.0
1014893,201900056424,2,17,15:56,1,2,2,1.0,3.0,51055,RUE DES TERRES SAINT REMI,M,"49,2872000","4,0554200",51,2019,50.0,1.0,1.0,4.0,2269734,1.0,1,4,2,0.0,,-1.0,0,2002.0,A01,138Â 200Â 054,2.0,6.0,-1.0,1732396,0.0,7,,0.0,2.0,1.0,B01,138Â 200Â 050,0.0
1014893,201900056424,2,17,15:56,1,2,2,1.0,3.0,51055,RUE DES TERRES SAINT REMI,M,"49,2872000","4,0554200",51,2019,50.0,1.0,1.0,4.0,2269734,1.0,1,4,2,0.0,,-1.0,0,2002.0,A01,138Â 200Â 054,2.0,6.0,-1.0,1732397,0.0,2,,0.0,2.0,2.0,A01,138Â 200Â 054,1.0
1014894,201900056425,12,2,09:50,1,2,1,1.0,3.0,94043,CHARLES GIDE (AV),M,"48,8061720","2,3499410",94,2019,50.0,1.0,1.0,3.0,2269735,1.0,1,4,2,0.0,,-1.0, -1,1985.0,A01,138Â 200Â 048,2.0,6.0,-1.0,1732398,2.0,30,,0.0,2.0,1.0,A01,138Â 200Â 048,1.0
1014894,201900056425,12,2,09:50,1,2,1,1.0,3.0,94043,CHARLES GIDE (AV),M,"48,8061720","2,3499410",94,2019,50.0,1.0,1.0,3.0,2269735,1.0,1,4,2,0.0,,-1.0, -1,1985.0,A01,138Â 200Â 048,2.0,6.0,-1.0,1732399,2.0,7,,0.0,2.0,8.0,B01,138Â 200Â 049,1.0
1014894,201900056425,12,2,09:50,1,2,1,1.0,3.0,94043,CHARLES GIDE (AV),M,"48,8061720","2,3499410",94,2019,50.0,1.0,1.0,3.0,2269736,1.0,1,1,1,4.0,,-1.0, -1,1992.0,B01,138Â 200Â 049,1.0,8.0,-1.0,1732398,2.0,30,,0.0,2.0,1.0,A01,138Â 200Â 048,1.0
1014894,201900056425,12,2,09:50,1,2,1,1.0,3.0,94043,CHARLES GIDE (AV),M,"48,8061720","2,3499410",94,2019,50.0,1.0,1.0,3.0,2269736,1.0,1,1,1,4.0,,-1.0, -1,1992.0,B01,138Â 200Â 049,1.0,8.0,-1.0,1732399,2.0,7,,0.0,2.0,8.0,B01,138Â 200Â 049,1.0
1014895,201900056426,4,7,15:20,1,2,1,1.0,7.0,97422,Chemin Henri Cabeu,M," -21,2250670","55,5590650",974,2019,50.0,8.0,1.0,4.0,2269737,1.0,1,3,1,0.0,,0.0,0,1984.0,A01,138Â 200Â 047,2.0,7.0,-1.0,1732400,0.0,33,,15.0,0.0,0.0,A01,138Â 200Â 047,0.0
1014896,201900056427,2,15,10:25,1,2,1,7.0,2.0,51454,AVENUE DE CHAMPAGNE,M,"49,2332455","4,0387378",51,2019,70.0,1.0,1.0,3.0,2269738,1.0,1,4,1,0.0,,-1.0,0,1992.0,A01,138Â 200Â 045,1.0,0.0,-1.0,1732401,2.0,7,,0.0,2.0,1.0,A01,138Â 200Â 045,1.0
1014896,201900056427,2,15,10:25,1,2,1,7.0,2.0,51454,AVENUE DE CHAMPAGNE,M,"49,2332455","4,0387378",51,2019,70.0,1.0,1.0,3.0,2269738,1.0,1,4,1,0.0,,-1.0,0,1992.0,A01,138Â 200Â 045,1.0,0.0,-1.0,1732402,2.0,7,,0.0,2.0,4.0,B01,138Â 200Â 046,1.0
1014896,201900056427,2,15,10:25,1,2,1,7.0,2.0,51454,AVENUE DE CHAMPAGNE,M,"49,2332455","4,0387378",51,2019,70.0,1.0,1.0,3.0,2269739,1.0,1,1,1,5.0,,-1.0,0,1972.0,B01,138Â 200Â 046,1.0,0.0,-1.0,1732401,2.0,7,,0.0,2.0,1.0,A01,138Â 200Â 045,1.0
1014896,201900056427,2,15,10:25,1,2,1,7.0,2.0,51454,AVENUE DE CHAMPAGNE,M,"49,2332455","4,0387378",51,2019,70.0,1.0,1.0,3.0,2269739,1.0,1,1,1,5.0,,-1.0,0,1972.0,B01,138Â 200Â 046,1.0,0.0,-1.0,1732402,2.0,7,,0.0,2.0,4.0,B01,138Â 200Â 046,1.0
1014897,201900056428,5,23,13:05,1,2,1,1.0,2.0,97415,Fleurimont,M," -21,0381360","55,2700390",974,2019,50.0,1.0,1.0,3.0,2269740,1.0,1,1,2,0.0,,0.0,0,1970.0,B01,138Â 200Â 041,1.0,-1.0,-1.0,1732403,1.0,7,,0.0,0.0,5.0,B01,138Â 200Â 041,1.0
1014897,201900056428,5,23,13:05,1,2,1,1.0,2.0,97415,Fleurimont,M," -21,0381360","55,2700390",974,2019,50.0,1.0,1.0,3.0,2269740,1.0,1,1,2,0.0,,0.0,0,1970.0,B01,138Â 200Â 041,1.0,-1.0,-1.0,1732404,1.0,31,,0.0,2.0,1.0,A01,138Â 200Â 043,1.0
1014897,201900056428,5,23,13:05,1,2,1,1.0,2.0,97415,Fleurimont,M," -21,0381360","55,2700390",974,2019,50.0,1.0,1.0,3.0,2269741,1.0,1,3,1,2.0,,0.0,0,2001.0,A01,138Â 200Â 043,2.0,6.0,9.0,1732403,1.0,7,,0.0,0.0,5.0,B01,138Â 200Â 041,1.0
1014897,201900056428,5,23,13:05,1,2,1,1.0,2.0,97415,Fleurimont,M," -21,0381360","55,2700390",974,2019,50.0,1.0,1.0,3.0,2269741,1.0,1,3,1,2.0,,0.0,0,2001.0,A01,138Â 200Â 043,2.0,6.0,9.0,1732404,1.0,31,,0.0,2.0,1.0,A01,138Â 200Â 043,1.0
1014898,201900056429,11,30,11:45,1,2,1,1.0,4.0,94011,LECLERC.(AVENUE DU MARECHAL),M,"48,7732600","2,4962000",94,2019,50.0,1.0,1.0,3.0,2269742,1.0,1,1,1,4.0,,-1.0, -1,1990.0,D01,138Â 200Â 039,1.0,8.0,-1.0,1732405,1.0,10,,0.0,2.0,4.0,D01,138Â 200Â 039,1.0
1014898,201900056429,11,30,11:45,1,2,1,1.0,4.0,94011,LECLERC.(AVENUE DU MARECHAL),M,"48,7732600","2,4962000",94,2019,50.0,1.0,1.0,3.0,2269742,1.0,1,1,1,4.0,,-1.0, -1,1990.0,D01,138Â 200Â 039,1.0,8.0,-1.0,1732406,1.0,10,,0.0,2.0,4.0,C01,138Â 200Â 040,3.0
1014898,201900056429,11,30,11:45,1,2,1,1.0,4.0,94011,LECLERC.(AVENUE DU MARECHAL),M,"48,7732600","2,4962000",94,2019,50.0,1.0,1.0,3.0,2269742,1.0,1,1,1,4.0,,-1.0, -1,1990.0,D01,138Â 200Â 039,1.0,8.0,-1.0,1732407,1.0,7,,0.0,2.0,4.0,B01,138Â 200Â 042,1.0
1014898,201900056429,11,30,11:45,1,2,1,1.0,4.0,94011,LECLERC.(AVENUE DU MARECHAL),M,"48,7732600","2,4962000",94,2019,50.0,1.0,1.0,3.0,2269742,1.0,1,1,1,4.0,,-1.0, -1,1990.0,D01,138Â 200Â 039,1.0,8.0,-1.0,1732408,1.0,7,,0.0,2.0,1.0,A01,138Â 200Â 044,1.0
1014898,201900056429,11,30,11:45,1,2,1,1.0,4.0,94011,LECLERC.(AVENUE DU MARECHAL),M,"48,7732600","2,4962000",94,2019,50.0,1.0,1.0,3.0,2269743,1.0,1,1,1,4.0,,-1.0, -1,1972.0,C01,138Â 200Â 040,1.0,0.0,-1.0,1732405,1.0,10,,0.0,2.0,4.0,D01,138Â 200Â 039,1.0
1014898,201900056429,11,30,11:45,1,2,1,1.0,4.0,94011,LECLERC.(AVENUE DU MARECHAL),M,"48,7732600","2,4962000",94,2019,50.0,1.0,1.0,3.0,2269743,1.0,1,1,1,4.0,,-1.0, -1,1972.0,C01,138Â 200Â 040,1.0,0.0,-1.0,1732406,1.0,10,,0.0,2.0,4.0,C01,138Â 200Â 040,3.0
1014898,201900056429,11,30,11:45,1,2,1,1.0,4.0,94011,LECLERC.(AVENUE DU MARECHAL),M,"48,7732600","2,4962000",94,2019,50.0,1.0,1.0,3.0,2269743,1.0,1,1,1,4.0,,-1.0, -1,1972.0,C01,138Â 200Â 040,1.0,0.0,-1.0,1732407,1.0,7,,0.0,2.0,4.0,B01,138Â 200Â 042,1.0
1014898,201900056429,11,30,11:45,1,2,1,1.0,4.0,94011,LECLERC.(AVENUE DU MARECHAL),M,"48,7732600","2,4962000",94,2019,50.0,1.0,1.0,3.0,2269743,1.0,1,1,1,4.0,,-1.0, -1,1972.0,C01,138Â 200Â 040,1.0,0.0,-1.0,1732408,1.0,7,,0.0,2.0,1.0,A01,138Â 200Â 044,1.0
1014898,201900056429,11,30,11:45,1,2,1,1.0,4.0,94011,LECLERC.(AVENUE DU MARECHAL),M,"48,7732600","2,4962000",94,2019,50.0,1.0,1.0,3.0,2269744,1.0,1,4,1,5.0,,-1.0, -1,1963.0,B01,138Â 200Â 042,1.0,0.0,-1.0,1732405,1.0,10,,0.0,2.0,4.0,D01,138Â 200Â 039,1.0
1014898,201900056429,11,30,11:45,1,2,1,1.0,4.0,94011,LECLERC.(AVENUE DU MARECHAL),M,"48,7732600","2,4962000",94,2019,50.0,1.0,1.0,3.0,2269744,1.0,1,4,1,5.0,,-1.0, -1,1963.0,B01,138Â 200Â 042,1.0,0.0,-1.0,1732406,1.0,10,,0.0,2.0,4.0,C01,138Â 200Â 040,3.0
1014898,201900056429,11,30,11:45,1,2,1,1.0,4.0,94011,LECLERC.(AVENUE DU MARECHAL),M,"48,7732600","2,4962000",94,2019,50.0,1.0,1.0,3.0,2269744,1.0,1,4,1,5.0,,-1.0, -1,1963.0,B01,138Â 200Â 042,1.0,0.0,-1.0,1732407,1.0,7,,0.0,2.0,4.0,B01,138Â 200Â 042,1.0
1014898,201900056429,11,30,11:45,1,2,1,1.0,4.0,94011,LECLERC.(AVENUE DU MARECHAL),M,"48,7732600","2,4962000",94,2019,50.0,1.0,1.0,3.0,2269744,1.0,1,4,1,5.0,,-1.0, -1,1963.0,B01,138Â 200Â 042,1.0,0.0,-1.0,1732408,1.0,7,,0.0,2.0,1.0,A01,138Â 200Â 044,1.0
1014898,201900056429,11,30,11:45,1,2,1,1.0,4.0,94011,LECLERC.(AVENUE DU MARECHAL),M,"48,7732600","2,4962000",94,2019,50.0,1.0,1.0,3.0,2269745,1.0,1,4,1,5.0,,-1.0, -1,1945.0,A01,138Â 200Â 044,1.0,0.0,-1.0,1732405,1.0,10,,0.0,2.0,4.0,D01,138Â 200Â 039,1.0
1014898,201900056429,11,30,11:45,1,2,1,1.0,4.0,94011,LECLERC.(AVENUE DU MARECHAL),M,"48,7732600","2,4962000",94,2019,50.0,1.0,1.0,3.0,2269745,1.0,1,4,1,5.0,,-1.0, -1,1945.0,A01,138Â 200Â 044,1.0,0.0,-1.0,1732406,1.0,10,,0.0,2.0,4.0,C01,138Â 200Â 040,3.0
1014898,201900056429,11,30,11:45,1,2,1,1.0,4.0,94011,LECLERC.(AVENUE DU MARECHAL),M,"48,7732600","2,4962000",94,2019,50.0,1.0,1.0,3.0,2269745,1.0,1,4,1,5.0,,-1.0, -1,1945.0,A01,138Â 200Â 044,1.0,0.0,-1.0,1732407,1.0,7,,0.0,2.0,4.0,B01,138Â 200Â 042,1.0
1014898,201900056429,11,30,11:45,1,2,1,1.0,4.0,94011,LECLERC.(AVENUE DU MARECHAL),M,"48,7732600","2,4962000",94,2019,50.0,1.0,1.0,3.0,2269745,1.0,1,4,1,5.0,,-1.0, -1,1945.0,A01,138Â 200Â 044,1.0,0.0,-1.0,1732408,1.0,7,,0.0,2.0,1.0,A01,138Â 200Â 044,1.0
1014899,201900056430,4,30,17:25,1,1,1,1.0,1.0,97415,Rue Carreau le Camp D4e,M," -21,0320110","55,2825900",974,2019,80.0,1.0,1.0,3.0,2269746,1.0,1,1,1,4.0,,0.0,0,1973.0,B01,138Â 200Â 036,1.0,-1.0,-1.0,1732409,3.0,37,1.0,0.0,2.0,3.0,B01,138Â 200Â 036,1.0
1014899,201900056430,4,30,17:25,1,1,1,1.0,1.0,97415,Rue Carreau le Camp D4e,M," -21,0320110","55,2825900",974,2019,80.0,1.0,1.0,3.0,2269746,1.0,1,1,1,4.0,,0.0,0,1973.0,B01,138Â 200Â 036,1.0,-1.0,-1.0,1732410,3.0,2,,0.0,2.0,3.0,A01,138Â 200Â 037,1.0
1014899,201900056430,4,30,17:25,1,1,1,1.0,1.0,97415,Rue Carreau le Camp D4e,M," -21,0320110","55,2825900",974,2019,80.0,1.0,1.0,3.0,2269747,1.0,1,3,1,2.0,,0.0,0,2002.0,A01,138Â 200Â 037,2.0,6.0,-1.0,1732409,3.0,37,1.0,0.0,2.0,3.0,B01,138Â 200Â 036,1.0
1014899,201900056430,4,30,17:25,1,1,1,1.0,1.0,97415,Rue Carreau le Camp D4e,M," -21,0320110","55,2825900",974,2019,80.0,1.0,1.0,3.0,2269747,1.0,1,3,1,2.0,,0.0,0,2002.0,A01,138Â 200Â 037,2.0,6.0,-1.0,1732410,3.0,2,,0.0,2.0,3.0,A01,138Â 200Â 037,1.0
1014900,201900056431,12,2,16:10,1,2,1,1.0,6.0,93070,GABRIEL-PERI (AV),M,"48,9070000","2,3324000",93,2019,50.0,1.0,1.0,3.0,2269748,10.0,3,4,1,0.0,,9.0,B,1988.0,A01,138Â 200Â 035,8.0,0.0,-1.0,1732411,1.0,10,,1.0,6.0,3.0,A01,138Â 200Â 035,0.0
1014900,201900056431,12,2,16:10,1,2,1,1.0,6.0,93070,GABRIEL-PERI (AV),M,"48,9070000","2,3324000",93,2019,50.0,1.0,1.0,3.0,2269749,1.0,1,1,1,4.0,,-1.0, -1,1980.0,A01,138Â 200Â 035,1.0,8.0,-1.0,1732411,1.0,10,,1.0,6.0,3.0,A01,138Â 200Â 035,0.0
1014901,201900056432,2,15,07:50,3,2,1,1.0,6.0,50173,RENAN (RUE ERNEST),M,"49,6502500"," -1,6832900",50,2019,50.0,1.0,1.0,4.0,2269750,1.0,1,2,1,5.0,,-1.0,0,1996.0,A01,138Â 200Â 038,2.0,0.0,-1.0,1732412,0.0,2,,6.0,0.0,1.0,A01,138Â 200Â 038,1.0
1014902,201900056433,5,30,14:55,1,1,1,1.0,6.0,97415,RN1A,M," -21,0950010","55,2458120",974,2019,80.0,3.0,1.0,2.0,2269751,1.0,1,3,1,5.0,,0.0,0,1976.0,A01,138Â 200Â 034,2.0,6.0,-1.0,1732413,1.0,33,,5.0,0.0,7.0,A01,138Â 200Â 034,1.0
1014903,201900056434,5,3,14:00,1,1,1,5.0,6.0,97421,Route forestiÃ¨re 13 du haut mafat,M," -21,0526640","55,5078160",974,2019,50.0,3.0,2.0,9.0,2269752,1.0,1,3,1,5.0,,0.0,0,1972.0,A01,138Â 200Â 030,2.0,6.0,-1.0,1732414,3.0,33,,13.0,0.0,1.0,A01,138Â 200Â 030,1.0
1014904,201900056435,2,14,20:20,5,2,7,1.0,6.0,50129,REPUBLIQUE (PLACE DE LA),M,"49,6426000"," -1,6246900",50,2019,50.0,1.0,1.0,4.0,2269753,1.0,1,1,2,5.0,,-1.0,0,1965.0,A01,138Â 200Â 031,1.0,8.0,-1.0,1732415,0.0,7,,0.0,1.0,1.0,A01,138Â 200Â 031,1.0
1014904,201900056435,2,14,20:20,5,2,7,1.0,6.0,50129,REPUBLIQUE (PLACE DE LA),M,"49,6426000"," -1,6246900",50,2019,50.0,1.0,1.0,4.0,2269754,10.0,3,3,2,5.0,,3.0,3,1940.0,A01,138Â 200Â 031,8.0,0.0,-1.0,1732415,0.0,7,,0.0,1.0,1.0,A01,138Â 200Â 031,1.0
1014904,201900056435,2,14,20:20,5,2,7,1.0,6.0,50129,REPUBLIQUE (PLACE DE LA),M,"49,6426000"," -1,6246900",50,2019,50.0,1.0,1.0,4.0,2269755,10.0,3,4,1,5.0,,3.0,3,1945.0,A01,138Â 200Â 031,8.0,0.0,-1.0,1732415,0.0,7,,0.0,1.0,1.0,A01,138Â 200Â 031,1.0
1014905,201900056436,12,2,05:40,5,2,1,9.0,2.0,93051,LUCIEN SALLES (AVENUE),M,"48,8244500","2,5719200",93,2019,50.0,1.0,7.0,4.0,2269756,1.0,1,4,1,1.0,,-1.0, -1,1984.0,A01,138Â 200Â 032,8.0,0.0,-1.0,1732416,2.0,3,,1.0,0.0,3.0,A01,138Â 200Â 032,1.0
1014905,201900056436,12,2,05:40,5,2,1,9.0,2.0,93051,LUCIEN SALLES (AVENUE),M,"48,8244500","2,5719200",93,2019,50.0,1.0,7.0,4.0,2269756,1.0,1,4,1,1.0,,-1.0, -1,1984.0,A01,138Â 200Â 032,8.0,0.0,-1.0,1732417,3.0,3,,1.0,0.0,5.0,B01,138Â 200Â 033,1.0
1014905,201900056436,12,2,05:40,5,2,1,9.0,2.0,93051,LUCIEN SALLES (AVENUE),M,"48,8244500","2,5719200",93,2019,50.0,1.0,7.0,4.0,2269757,1.0,1,1,1,9.0,,-1.0, -1,1996.0,B01,138Â 200Â 033,8.0,0.0,-1.0,1732416,2.0,3,,1.0,0.0,3.0,A01,138Â 200Â 032,1.0
1014905,201900056436,12,2,05:40,5,2,1,9.0,2.0,93051,LUCIEN SALLES (AVENUE),M,"48,8244500","2,5719200",93,2019,50.0,1.0,7.0,4.0,2269757,1.0,1,1,1,9.0,,-1.0, -1,1996.0,B01,138Â 200Â 033,8.0,0.0,-1.0,1732417,3.0,3,,1.0,0.0,5.0,B01,138Â 200Â 033,1.0
1014906,201900056437,2,13,14:30,1,2,1,1.0,2.0,50602,NORTHEIM (AVENUE DE),M,"49,6435500"," -1,5807700",50,2019,50.0,1.0,1.0,4.0,2269758,1.0,1,4,1,5.0,,-1.0,0,1999.0,A01,138Â 200Â 028,2.0,0.0,-1.0,1732418,0.0,2,,0.0,2.0,1.0,A01,138Â 200Â 028,1.0
1014906,201900056437,2,13,14:30,1,2,1,1.0,2.0,50602,NORTHEIM (AVENUE DE),M,"49,6435500"," -1,5807700",50,2019,50.0,1.0,1.0,4.0,2269758,1.0,1,4,1,5.0,,-1.0,0,1999.0,A01,138Â 200Â 028,2.0,0.0,-1.0,1732419,0.0,7,,0.0,2.0,4.0,B01,138Â 200Â 029,1.0
1014906,201900056437,2,13,14:30,1,2,1,1.0,2.0,50602,NORTHEIM (AVENUE DE),M,"49,6435500"," -1,5807700",50,2019,50.0,1.0,1.0,4.0,2269759,1.0,1,1,2,5.0,,-1.0,0,1968.0,B01,138Â 200Â 029,1.0,0.0,-1.0,1732418,0.0,2,,0.0,2.0,1.0,A01,138Â 200Â 028,1.0
1014906,201900056437,2,13,14:30,1,2,1,1.0,2.0,50602,NORTHEIM (AVENUE DE),M,"49,6435500"," -1,5807700",50,2019,50.0,1.0,1.0,4.0,2269759,1.0,1,1,2,5.0,,-1.0,0,1968.0,B01,138Â 200Â 029,1.0,0.0,-1.0,1732419,0.0,7,,0.0,2.0,4.0,B01,138Â 200Â 029,1.0
1014907,201900056438,5,26,00:30,3,1,1,1.0,6.0,97418,RD51,M," -20,9275420","55,5733430",974,2019,90.0,8.0,1.0,3.0,2269760,9.0,2,2,1,5.0,,0.0,0,1980.0,A01,138Â 200Â 025,0.0,-1.0,-1.0,1732420,2.0,7,,2.0,0.0,0.0,A01,138Â 200Â 025,1.0
1014907,201900056438,5,26,00:30,3,1,1,1.0,6.0,97418,RD51,M," -20,9275420","55,5733430",974,2019,90.0,8.0,1.0,3.0,2269761,1.0,1,1,2,5.0,,0.0,0,1993.0,A01,138Â 200Â 025,1.0,-1.0,-1.0,1732420,2.0,7,,2.0,0.0,0.0,A01,138Â 200Â 025,1.0
1014907,201900056438,5,26,00:30,3,1,1,1.0,6.0,97418,RD51,M," -20,9275420","55,5733430",974,2019,90.0,8.0,1.0,3.0,2269762,2.0,2,1,1,5.0,,0.0,0,1991.0,A01,138Â 200Â 025,1.0,-1.0,-1.0,1732420,2.0,7,,2.0,0.0,0.0,A01,138Â 200Â 025,1.0
1014908,201900056439,2,13,17:40,1,2,1,1.0,1.0,50173,BLUM (AVENUE LEON),M,"49,6465100"," -1,6582600",50,2019,30.0,2.0,1.0,4.0,2269763,1.0,1,1,2,1.0,,-1.0,0,1984.0,A01,138Â 200Â 023,1.0,0.0,-1.0,1732421,0.0,7,,0.0,2.0,1.0,A01,138Â 200Â 023,1.0
1014908,201900056439,2,13,17:40,1,2,1,1.0,1.0,50173,BLUM (AVENUE LEON),M,"49,6465100"," -1,6582600",50,2019,30.0,2.0,1.0,4.0,2269763,1.0,1,1,2,1.0,,-1.0,0,1984.0,A01,138Â 200Â 023,1.0,0.0,-1.0,1732422,0.0,1,,0.0,2.0,1.0,B01,138Â 200Â 024,5.0
1014908,201900056439,2,13,17:40,1,2,1,1.0,1.0,50173,BLUM (AVENUE LEON),M,"49,6465100"," -1,6582600",50,2019,30.0,2.0,1.0,4.0,2269764,1.0,1,4,2,5.0,,-1.0,0,1976.0,B01,138Â 200Â 024,8.0,0.0,-1.0,1732421,0.0,7,,0.0,2.0,1.0,A01,138Â 200Â 023,1.0
1014908,201900056439,2,13,17:40,1,2,1,1.0,1.0,50173,BLUM (AVENUE LEON),M,"49,6465100"," -1,6582600",50,2019,30.0,2.0,1.0,4.0,2269764,1.0,1,4,2,5.0,,-1.0,0,1976.0,B01,138Â 200Â 024,8.0,0.0,-1.0,1732422,0.0,1,,0.0,2.0,1.0,B01,138Â 200Â 024,5.0
1014909,201900056440,2,12,19:35,5,2,2,1.0,3.0,50129,LEMONNIER (AVENUE AMIRAL),M,"49,6350100"," -1,6009500",50,2019,70.0,1.0,1.0,3.0,2269765,1.0,1,1,2,0.0,,0.0,0,1968.0,B01,138Â 200Â 018,1.0,8.0,-1.0,1732423,0.0,7,,0.0,2.0,1.0,B01,138Â 200Â 018,1.0
1014909,201900056440,2,12,19:35,5,2,2,1.0,3.0,50129,LEMONNIER (AVENUE AMIRAL),M,"49,6350100"," -1,6009500",50,2019,70.0,1.0,1.0,3.0,2269765,1.0,1,1,2,0.0,,0.0,0,1968.0,B01,138Â 200Â 018,1.0,8.0,-1.0,1732424,2.0,1,,0.0,2.0,1.0,A01,138Â 200Â 021,5.0
1014909,201900056440,2,12,19:35,5,2,2,1.0,3.0,50129,LEMONNIER (AVENUE AMIRAL),M,"49,6350100"," -1,6009500",50,2019,70.0,1.0,1.0,3.0,2269766,1.0,1,3,1,0.0,,0.0,0,1984.0,A01,138Â 200Â 021,8.0,0.0,-1.0,1732423,0.0,7,,0.0,2.0,1.0,B01,138Â 200Â 018,1.0
1014909,201900056440,2,12,19:35,5,2,2,1.0,3.0,50129,LEMONNIER (AVENUE AMIRAL),M,"49,6350100"," -1,6009500",50,2019,70.0,1.0,1.0,3.0,2269766,1.0,1,3,1,0.0,,0.0,0,1984.0,A01,138Â 200Â 021,8.0,0.0,-1.0,1732424,2.0,1,,0.0,2.0,1.0,A01,138Â 200Â 021,5.0
1014910,201900056441,5,6,20:00,3,1,1,1.0,6.0,97408,ROUTE NATIONALE 1,M," -20,9293860","55,3314930",974,2019,110.0,1.0,1.0,2.0,2269767,1.0,1,1,1,1.0,,0.0,0,1973.0,F01,138Â 200Â 012,1.0,-1.0,-1.0,1732425,2.0,7,,0.0,0.0,1.0,F01,138Â 200Â 012,0.0
1014910,201900056441,5,6,20:00,3,1,1,1.0,6.0,97408,ROUTE NATIONALE 1,M," -20,9293860","55,3314930",974,2019,110.0,1.0,1.0,2.0,2269767,1.0,1,1,1,1.0,,0.0,0,1973.0,F01,138Â 200Â 012,1.0,-1.0,-1.0,1732426,2.0,7,,0.0,0.0,1.0,E01,138Â 200Â 014,0.0
1014910,201900056441,5,6,20:00,3,1,1,1.0,6.0,97408,ROUTE NATIONALE 1,M," -20,9293860","55,3314930",974,2019,110.0,1.0,1.0,2.0,2269767,1.0,1,1,1,1.0,,0.0,0,1973.0,F01,138Â 200Â 012,1.0,-1.0,-1.0,1732427,2.0,7,,1.0,0.0,1.0,D01,138Â 200Â 015,0.0
1014910,201900056441,5,6,20:00,3,1,1,1.0,6.0,97408,ROUTE NATIONALE 1,M," -20,9293860","55,3314930",974,2019,110.0,1.0,1.0,2.0,2269767,1.0,1,1,1,1.0,,0.0,0,1973.0,F01,138Â 200Â 012,1.0,-1.0,-1.0,1732428,2.0,7,,1.0,0.0,1.0,C01,138Â 200Â 017,0.0
1014910,201900056441,5,6,20:00,3,1,1,1.0,6.0,97408,ROUTE NATIONALE 1,M," -20,9293860","55,3314930",974,2019,110.0,1.0,1.0,2.0,2269767,1.0,1,1,1,1.0,,0.0,0,1973.0,F01,138Â 200Â 012,1.0,-1.0,-1.0,1732429,2.0,7,,1.0,0.0,1.0,B01,138Â 200Â 019,0.0
1014910,201900056441,5,6,20:00,3,1,1,1.0,6.0,97408,ROUTE NATIONALE 1,M," -20,9293860","55,3314930",974,2019,110.0,1.0,1.0,2.0,2269767,1.0,1,1,1,1.0,,0.0,0,1973.0,F01,138Â 200Â 012,1.0,-1.0,-1.0,1732430,2.0,7,,0.0,1.0,1.0,A01,138Â 200Â 020,0.0
1014910,201900056441,5,6,20:00,3,1,1,1.0,6.0,97408,ROUTE NATIONALE 1,M," -20,9293860","55,3314930",974,2019,110.0,1.0,1.0,2.0,2269768,1.0,1,1,2,5.0,,0.0,0,1995.0,E01,138Â 200Â 014,1.0,-1.0,-1.0,1732425,2.0,7,,0.0,0.0,1.0,F01,138Â 200Â 012,0.0
1014910,201900056441,5,6,20:00,3,1,1,1.0,6.0,97408,ROUTE NATIONALE 1,M," -20,9293860","55,3314930",974,2019,110.0,1.0,1.0,2.0,2269768,1.0,1,1,2,5.0,,0.0,0,1995.0,E01,138Â 200Â 014,1.0,-1.0,-1.0,1732426,2.0,7,,0.0,0.0,1.0,E01,138Â 200Â 014,0.0