Unnamed: 0_x,num_acc,mois,jour,hrmn,lum,agg,int,atm,col,com,adr,gps,lat,long,dep,annee,vma,situ,surf,catr,Unnamed: 0_y,place,catu,grav,sexe,trajet,secu,locp,actp,an_nais,num_veh_x,id_vehicule_x,secu1,secu2,secu3,Unnamed: 0,senc,catv,occutc,obs,obsm,choc,num_veh_y,id_vehicule_y,motor
1014910,201900056441,5,6,20:00,3,1,1,1.0,6.0,97408,ROUTE NATIONALE 1,M," -20,9293860","55,3314930",974,2019,110.0,1.0,1.0,2.0,2269768,1.0,1,1,2,5.0,,0.0,0,1995.0,E01,138Â 200Â 014,1.0,-1.0,-1.0,1732427,2.0,7,,1.0,0.0,1.0,D01,138Â 200Â 015,0.0
1014910,201900056441,5,6,20:00,3,1,1,1.0,6.0,97408,ROUTE NATIONALE 1,M," -20,9293860","55,3314930",974,2019,110.0,1.0,1.0,2.0,2269768,1.0,1,1,2,5.0,,0.0,0,1995.0,E01,138Â 200Â 014,1.0,-1.0,-1.0,1732428,2.0,7,,1.0,0.0,1.0,C01,138Â 200Â 017,0.0
1014910,201900056441,5,6,20:00,3,1,1,1.0,6.0,97408,ROUTE NATIONALE 1,M," -20,9293860","55,3314930",974,2019,110.0,1.0,1.0,2.0,2269768,1.0,1,1,2,5.0,,0.0,0,1995.0,E01,138Â 200Â 014,1.0,-1.0,-1.0,1732429,2.0,7,,1.0,0.0,1.0,B01,138Â 200Â 019,0.0
1014910,201900056441,5,6,20:00,3,1,1,1.0,6.0,97408,ROUTE NATIONALE 1,M," -20,9293860","55,3314930",974,2019,110.0,1.0,1.0,2.0,2269768,1.0,1,1,2,5.0,,0.0,0,1995.0,E01,138Â 200Â 014,1.0,-1.0,-1.0,1732430,2.0,7,,0.0,1.0,1.0,A01,138Â 200Â 020,0.0
1014910,201900056441,5,6,20:00,3,1,1,1.0,6.0,97408,ROUTE NATIONALE 1,M," -20,9293860","55,3314930",974,2019,110.0,1.0,1.0,2.0,2269769,1.0,1,1,1,5.0,,0.0,0,1976.0,D01,138Â 200Â 015,1.0,-1.0,-1.0,1732425,2.0,7,,0.0,0.0,1.0,F01,138Â 200Â 012,0.0
1014910,201900056441,5,6,20:00,3,1,1,1.0,6.0,97408,ROUTE NATIONALE 1,M," -20,9293860","55,3314930",974,2019,110.0,1.0,1.0,2.0,2269769,1.0,1,1,1,5.0,,0.0,0,1976.0,D01,138Â 200Â 015,1.0,-1.0,-1.0,1732426,2.0,7,,0.0,0.0,1.0,E01,138Â 200Â 014,0.0
1014910,201900056441,5,6,20:00,3,1,1,1.0,6.0,97408,ROUTE NATIONALE 1,M," -20,9293860","55,3314930",974,2019,110.0,1.0,1.0,2.0,2269769,1.0,1,1,1,5.0,,0.0,0,1976.0,D01,138Â 200Â 015,1.0,-1.0,-1.0,1732427,2.0,7,,1.0,0.0,1.0,D01,138Â 200Â 015,0.0
1014910,201900056441,5,6,20:00,3,1,1,1.0,6.0,97408,ROUTE NATIONALE 1,M," -20,9293860","55,3314930",974,2019,110.0,1.0,1.0,2.0,2269769,1.0,1,1,1,5.0,,0.0,0,1976.0,D01,138Â 200Â 015,1.0,-1.0,-1.0,1732428,2.0,7,,1.0,0.0,1.0,C01,138Â 200Â 017,0.0
1014910,201900056441,5,6,20:00,3,1,1,1.0,6.0,97408,ROUTE NATIONALE 1,M," -20,9293860","55,3314930",974,2019,110.0,1.0,1.0,2.0,2269769,1.0,1,1,1,5.0,,0.0,0,1976.0,D01,138Â 200Â 015,1.0,-1.0,-1.0,1732429,2.0,7,,1.0,0.0,1.0,B01,138Â 200Â 019,0.0
1014910,201900056441,5,6,20:00,3,1,1,1.0,6.0,97408,ROUTE NATIONALE 1,M," -20,9293860","55,3314930",974,2019,110.0,1.0,1.0,2.0,2269769,1.0,1,1,1,5.0,,0.0,0,1976.0,D01,138Â 200Â 015,1.0,-1.0,-1.0,1732430,2.0,7,,0.0,1.0,1.0,A01,138Â 200Â 020,0.0
1014910,201900056441,5,6,20:00,3,1,1,1.0,6.0,97408,ROUTE NATIONALE 1,M," -20,9293860","55,3314930",974,2019,110.0,1.0,1.0,2.0,2269770,2.0,2,1,2,5.0,,0.0,0,1976.0,D01,138Â 200Â 015,1.0,-1.0,-1.0,1732425,2.0,7,,0.0,0.0,1.0,F01,138Â 200Â 012,0.0
1014910,201900056441,5,6,20:00,3,1,1,1.0,6.0,97408,ROUTE NATIONALE 1,M," -20,9293860","55,3314930",974,2019,110.0,1.0,1.0,2.0,2269770,2.0,2,1,2,5.0,,0.0,0,1976.0,D01,138Â 200Â 015,1.0,-1.0,-1.0,1732426,2.0,7,,0.0,0.0,1.0,E01,138Â 200Â 014,0.0
1014910,201900056441,5,6,20:00,3,1,1,1.0,6.0,97408,ROUTE NATIONALE 1,M," -20,9293860","55,3314930",974,2019,110.0,1.0,1.0,2.0,2269770,2.0,2,1,2,5.0,,0.0,0,1976.0,D01,138Â 200Â 015,1.0,-1.0,-1.0,1732427,2.0,7,,1.0,0.0,1.0,D01,138Â 200Â 015,0.0
1014910,201900056441,5,6,20:00,3,1,1,1.0,6.0,97408,ROUTE NATIONALE 1,M," -20,9293860","55,3314930",974,2019,110.0,1.0,1.0,2.0,2269770,2.0,2,1,2,5.0,,0.0,0,1976.0,D01,138Â 200Â 015,1.0,-1.0,-1.0,1732428,2.0,7,,1.0,0.0,1.0,C01,138Â 200Â 017,0.0
1014910,201900056441,5,6,20:00,3,1,1,1.0,6.0,97408,ROUTE NATIONALE 1,M," -20,9293860","55,3314930",974,2019,110.0,1.0,1.0,2.0,2269770,2.0,2,1,2,5.0,,0.0,0,1976.0,D01,138Â 200Â 015,1.0,-1.0,-1.0,1732429,2.0,7,,1.0,0.0,1.0,B01,138Â 200Â 019,0.0
1014910,201900056441,5,6,20:00,3,1,1,1.0,6.0,97408,ROUTE NATIONALE 1,M," -20,9293860","55,3314930",974,2019,110.0,1.0,1.0,2.0,2269770,2.0,2,1,2,5.0,,0.0,0,1976.0,D01,138Â 200Â 015,1.0,-1.0,-1.0,1732430,2.0,7,,0.0,1.0,1.0,A01,138Â 200Â 020,0.0
1014910,201900056441,5,6,20:00,3,1,1,1.0,6.0,97408,ROUTE NATIONALE 1,M," -20,9293860","55,3314930",974,2019,110.0,1.0,1.0,2.0,2269771,1.0,1,1,1,5.0,,0.0,0,1974.0,C01,138Â 200Â 017,1.0,-1.0,-1.0,1732425,2.0,7,,0.0,0.0,1.0,F01,138Â 200Â 012,0.0
1014910,201900056441,5,6,20:00,3,1,1,1.0,6.0,97408,ROUTE NATIONALE 1,M," -20,9293860","55,3314930",974,2019,110.0,1.0,1.0,2.0,2269771,1.0,1,1,1,5.0,,0.0,0,1974.0,C01,138Â 200Â 017,1.0,-1.0,-1.0,1732426,2.0,7,,0.0,0.0,1.0,E01,138Â 200Â 014,0.0
1014910,201900056441,5,6,20:00,3,1,1,1.0,6.0,97408,ROUTE NATIONALE 1,M," -20,9293860","55,3314930",974,2019,110.0,1.0,1.0,2.0,2269771,1.0,1,1,1,5.0,,0.0,0,1974.0,C01,138Â 200Â 017,1.0,-1.0,-1.0,1732427,2.0,7,,1.0,0.0,1.0,D01,138Â 200Â 015,0.0
1014910,201900056441,5,6,20:00,3,1,1,1.0,6.0,97408,ROUTE NATIONALE 1,M," -20,9293860","55,3314930",974,2019,110.0,1.0,1.0,2.0,2269771,1.0,1,1,1,5.0,,0.0,0,1974.0,C01,138Â 200Â 017,1.0,-1.0,-1.0,1732428,2.0,7,,1.0,0.0,1.0,C01,138Â 200Â 017,0.0
1014910,201900056441,5,6,20:00,3,1,1,1.0,6.0,97408,ROUTE NATIONALE 1,M," -20,9293860","55,3314930",974,2019,110.0,1.0,1.0,2.0,2269771,1.0,1,1,1,5.0,,0.0,0,1974.0,C01,138Â 200Â 017,1.0,-1.0,-1.0,1732429,2.0,7,,1.0,0.0,1.0,B01,138Â 200Â 019,0.0
1014910,201900056441,5,6,20:00,3,1,1,1.0,6.0,97408,ROUTE NATIONALE 1,M," -20,9293860","55,3314930",974,2019,110.0,1.0,1.0,2.0,2269771,1.0,1,1,1,5.0,,0.0,0,1974.0,C01,138Â 200Â 017,1.0,-1.0,-1.0,1732430,2.0,7,,0.0,1.0,1.0,A01,138Â 200Â 020,0.0
1014910,201900056441,5,6,20:00,3,1,1,1.0,6.0,97408,ROUTE NATIONALE 1,M," -20,9293860","55,3314930",974,2019,110.0,1.0,1.0,2.0,2269772,1.0,1,1,1,5.0,,0.0,0,1974.0,B01,138Â 200Â 019,1.0,-1.0,-1.0,1732425,2.0,7,,0.0,0.0,1.0,F01,138Â 200Â 012,0.0
1014910,201900056441,5,6,20:00,3,1,1,1.0,6.0,97408,ROUTE NATIONALE 1,M," -20,9293860","55,3314930",974,2019,110.0,1.0,1.0,2.0,2269772,1.0,1,1,1,5.0,,0.0,0,1974.0,B01,138Â 200Â 019,1.0,-1.0,-1.0,1732426,2.0,7,,0.0,0.0,1.0,E01,138Â 200Â 014,0.0
1014910,201900056441,5,6,20:00,3,1,1,1.0,6.0,97408,ROUTE NATIONALE 1,M," -20,9293860","55,3314930",974,2019,110.0,1.0,1.0,2.0,2269772,1.0,1,1,1,5.0,,0.0,0,1974.0,B01,138Â 200Â 019,1.0,-1.0,-1.0,1732427,2.0,7,,1.0,0.0,1.0,D01,138Â 200Â 015,0.0
1014910,201900056441,5,6,20:00,3,1,1,1.0,6.0,97408,ROUTE NATIONALE 1,M," -20,9293860","55,3314930",974,2019,110.0,1.0,1.0,2.0,2269772,1.0,1,1,1,5.0,,0.0,0,1974.0,B01,138Â 200Â 019,1.0,-1.0,-1.0,1732428,2.0,7,,1.0,0.0,1.0,C01,138Â 200Â 017,0.0
1014910,201900056441,5,6,20:00,3,1,1,1.0,6.0,97408,ROUTE NATIONALE 1,M," -20,9293860","55,3314930",974,2019,110.0,1.0,1.0,2.0,2269772,1.0,1,1,1,5.0,,0.0,0,1974.0,B01,138Â 200Â 019,1.0,-1.0,-1.0,1732429,2.0,7,,1.0,0.0,1.0,B01,138Â 200Â 019,0.0
1014910,201900056441,5,6,20:00,3,1,1,1.0,6.0,97408,ROUTE NATIONALE 1,M," -20,9293860","55,3314930",974,2019,110.0,1.0,1.0,2.0,2269772,1.0,1,1,1,5.0,,0.0,0,1974.0,B01,138Â 200Â 019,1.0,-1.0,-1.0,1732430,2.0,7,,0.0,1.0,1.0,A01,138Â 200Â 020,0.0
1014910,201900056441,5,6,20:00,3,1,1,1.0,6.0,97408,ROUTE NATIONALE 1,M," -20,9293860","55,3314930",974,2019,110.0,1.0,1.0,2.0,2269773,1.0,1,1,1,5.0,,0.0,0,1976.0,A01,138Â 200Â 020,1.0,-1.0,-1.0,1732425,2.0,7,,0.0,0.0,1.0,F01,138Â 200Â 012,0.0
1014910,201900056441,5,6,20:00,3,1,1,1.0,6.0,97408,ROUTE NATIONALE 1,M," -20,9293860","55,3314930",974,2019,110.0,1.0,1.0,2.0,2269773,1.0,1,1,1,5.0,,0.0,0,1976.0,A01,138Â 200Â 020,1.0,-1.0,-1.0,1732426,2.0,7,,0.0,0.0,1.0,E01,138Â 200Â 014,0.0
1014910,201900056441,5,6,20:00,3,1,1,1.0,6.0,97408,ROUTE NATIONALE 1,M," -20,9293860","55,3314930",974,2019,110.0,1.0,1.0,2.0,2269773,1.0,1,1,1,5.0,,0.0,0,1976.0,A01,138Â 200Â 020,1.0,-1.0,-1.0,1732427,2.0,7,,1.0,0.0,1.0,D01,138Â 200Â 015,0.0
1014910,201900056441,5,6,20:00,3,1,1,1.0,6.0,97408,ROUTE NATIONALE 1,M," -20,9293860","55,3314930",974,2019,110.0,1.0,1.0,2.0,2269773,1.0,1,1,1,5.0,,0.0,0,1976.0,A01,138Â 200Â 020,1.0,-1.0,-1.0,1732428,2.0,7,,1.0,0.0,1.0,C01,138Â 200Â 017,0.0
1014910,201900056441,5,6,20:00,3,1,1,1.0,6.0,97408,ROUTE NATIONALE 1,M," -20,9293860","55,3314930",974,2019,110.0,1.0,1.0,2.0,2269773,1.0,1,1,1,5.0,,0.0,0,1976.0,A01,138Â 200Â 020,1.0,-1.0,-1.0,1732429,2.0,7,,1.0,0.0,1.0,B01,138Â 200Â 019,0.0
1014910,201900056441,5,6,20:00,3,1,1,1.0,6.0,97408,ROUTE NATIONALE 1,M," -20,9293860","55,3314930",974,2019,110.0,1.0,1.0,2.0,2269773,1.0,1,1,1,5.0,,0.0,0,1976.0,A01,138Â 200Â 020,1.0,-1.0,-1.0,1732430,2.0,7,,0.0,1.0,1.0,A01,138Â 200Â 020,0.0
1014910,201900056441,5,6,20:00,3,1,1,1.0,6.0,97408,ROUTE NATIONALE 1,M," -20,9293860","55,3314930",974,2019,110.0,1.0,1.0,2.0,2269774,10.0,3,2,1,5.0,,1.0,3,1973.0,A01,138Â 200Â 020,0.0,-1.0,-1.0,1732425,2.0,7,,0.0,0.0,1.0,F01,138Â 200Â 012,0.0
1014910,201900056441,5,6,20:00,3,1,1,1.0,6.0,97408,ROUTE NATIONALE 1,M," -20,9293860","55,3314930",974,2019,110.0,1.0,1.0,2.0,2269774,10.0,3,2,1,5.0,,1.0,3,1973.0,A01,138Â 200Â 020,0.0,-1.0,-1.0,1732426,2.0,7,,0.0,0.0,1.0,E01,138Â 200Â 014,0.0
1014910,201900056441,5,6,20:00,3,1,1,1.0,6.0,97408,ROUTE NATIONALE 1,M," -20,9293860","55,3314930",974,2019,110.0,1.0,1.0,2.0,2269774,10.0,3,2,1,5.0,,1.0,3,1973.0,A01,138Â 200Â 020,0.0,-1.0,-1.0,1732427,2.0,7,,1.0,0.0,1.0,D01,138Â 200Â 015,0.0
1014910,201900056441,5,6,20:00,3,1,1,1.0,6.0,97408,ROUTE NATIONALE 1,M," -20,9293860","55,3314930",974,2019,110.0,1.0,1.0,2.0,2269774,10.0,3,2,1,5.0,,1.0,3,1973.0,A01,138Â 200Â 020,0.0,-1.0,-1.0,1732428,2.0,7,,1.0,0.0,1.0,C01,138Â 200Â 017,0.0
1014910,201900056441,5,6,20:00,3,1,1,1.0,6.0,97408,ROUTE NATIONALE 1,M," -20,9293860","55,3314930",974,2019,110.0,1.0,1.0,2.0,2269774,10.0,3,2,1,5.0,,1.0,3,1973.0,A01,138Â 200Â 020,0.0,-1.0,-1.0,1732429,2.0,7,,1.0,0.0,1.0,B01,138Â 200Â 019,0.0
1014910,201900056441,5,6,20:00,3,1,1,1.0,6.0,97408,ROUTE NATIONALE 1,M," -20,9293860","55,3314930",974,2019,110.0,1.0,1.0,2.0,2269774,10.0,3,2,1,5.0,,1.0,3,1973.0,A01,138Â 200Â 020,0.0,-1.0,-1.0,1732430,2.0,7,,0.0,1.0,1.0,A01,138Â 200Â 020,0.0
1014910,201900056441,5,6,20:00,3,1,1,1.0,6.0,97408,ROUTE NATIONALE 1,M," -20,9293860","55,3314930",974,2019,110.0,1.0,1.0,2.0,2269775,2.0,2,1,1,5.0,,0.0,0,1975.0,A01,138Â 200Â 020,1.0,-1.0,-1.0,1732425,2.0,7,,0.0,0.0,1.0,F01,138Â 200Â 012,0.0
1014910,201900056441,5,6,20:00,3,1,1,1.0,6.0,97408,ROUTE NATIONALE 1,M," -20,9293860","55,3314930",974,2019,110.0,1.0,1.0,2.0,2269775,2.0,2,1,1,5.0,,0.0,0,1975.0,A01,138Â 200Â 020,1.0,-1.0,-1.0,1732426,2.0,7,,0.0,0.0,1.0,E01,138Â 200Â 014,0.0
1014910,201900056441,5,6,20:00,3,1,1,1.0,6.0,97408,ROUTE NATIONALE 1,M," -20,9293860","55,3314930",974,2019,110.0,1.0,1.0,2.0,2269775,2.0,2,1,1,5.0,,0.0,0,1975.0,A01,138Â 200Â 020,1.0,-1.0,-1.0,1732427,2.0,7,,1.0,0.0,1.0,D01,138Â 200Â 015,0.0
1014910,201900056441,5,6,20:00,3,1,1,1.0,6.0,97408,ROUTE NATIONALE 1,M," -20,9293860","55,3314930",974,2019,110.0,1.0,1.0,2.0,2269775,2.0,2,1,1,5.0,,0.0,0,1975.0,A01,138Â 200Â 020,1.0,-1.0,-1.0,1732428,2.0,7,,1.0,0.0,1.0,C01,138Â 200Â 017,0.0
1014910,201900056441,5,6,20:00,3,1,1,1.0,6.0,97408,ROUTE NATIONALE 1,M," -20,9293860","55,3314930",974,2019,110.0,1.0,1.0,2.0,2269775,2.0,2,1,1,5.0,,0.0,0,1975.0,A01,138Â 200Â 020,1.0,-1.0,-1.0,1732429,2.0,7,,1.0,0.0,1.0,B01,138Â 200Â 019,0.0
1014910,201900056441,5,6,20:00,3,1,1,1.0,6.0,97408,ROUTE NATIONALE 1,M," -20,9293860","55,3314930",974,2019,110.0,1.0,1.0,2.0,2269775,2.0,2,1,1,5.0,,0.0,0,1975.0,A01,138Â 200Â 020,1.0,-1.0,-1.0,1732430,2.0,7,,0.0,1.0,1.0,A01,138Â 200Â 020,0.0
1014911,201900056442,2,15,17:40,1,1,3,7.0,3.0,47323,BERNOU,M,"44,4148000","0,7617900",47,2019,70.0,1.0,1.0,4.0,2269776,1.0,1,1,2,2.0,,0.0,0,1979.0,A01,138Â 200Â 011,1.0,0.0,-1.0,1732431,3.0,7,,0.0,2.0,3.0,A01,138Â 200Â 011,1.0
1014911,201900056442,2,15,17:40,1,1,3,7.0,3.0,47323,BERNOU,M,"44,4148000","0,7617900",47,2019,70.0,1.0,1.0,4.0,2269776,1.0,1,1,2,2.0,,0.0,0,1979.0,A01,138Â 200Â 011,1.0,0.0,-1.0,1732432,3.0,1,,0.0,2.0,7.0,B01,138Â 200Â 013,5.0
1014911,201900056442,2,15,17:40,1,1,3,7.0,3.0,47323,BERNOU,M,"44,4148000","0,7617900",47,2019,70.0,1.0,1.0,4.0,2269777,1.0,1,3,1,5.0,,0.0,0,1971.0,B01,138Â 200Â 013,2.0,0.0,-1.0,1732431,3.0,7,,0.0,2.0,3.0,A01,138Â 200Â 011,1.0
1014911,201900056442,2,15,17:40,1,1,3,7.0,3.0,47323,BERNOU,M,"44,4148000","0,7617900",47,2019,70.0,1.0,1.0,4.0,2269777,1.0,1,3,1,5.0,,0.0,0,1971.0,B01,138Â 200Â 013,2.0,0.0,-1.0,1732432,3.0,1,,0.0,2.0,7.0,B01,138Â 200Â 013,5.0
1014912,201900056443,12,2,20:40,5,2,1,1.0,7.0,92073,TUILERIE (RUE DE LA),M,"48,8625000","2,2151700",92,2019,30.0,1.0,1.0,4.0,2269778,2.0,1,4,1,1.0,,-1.0, -1,1997.0,A01,138Â 200Â 010,2.0,0.0,-1.0,1732433,0.0,1,,0.0,0.0,0.0,A01,138Â 200Â 010,5.0
1014913,201900056444,5,14,19:50,5,1,1,1.0,1.0,97306,charvein,M,"5,5787421"," -53,8942909",973,2019,80.0,1.0,1.0,3.0,2269779,2.0,2,3,2,0.0,,0.0,0,2001.0,B01,138Â 200Â 008,1.0,-1.0,-1.0,1732434,2.0,7,,0.0,2.0,1.0,B01,138Â 200Â 008,1.0
1014913,201900056444,5,14,19:50,5,1,1,1.0,1.0,97306,charvein,M,"5,5787421"," -53,8942909",973,2019,80.0,1.0,1.0,3.0,2269779,2.0,2,3,2,0.0,,0.0,0,2001.0,B01,138Â 200Â 008,1.0,-1.0,-1.0,1732435,1.0,7,,0.0,2.0,1.0,A01,138Â 200Â 009,1.0
1014913,201900056444,5,14,19:50,5,1,1,1.0,1.0,97306,charvein,M,"5,5787421"," -53,8942909",973,2019,80.0,1.0,1.0,3.0,2269780,1.0,1,3,1,0.0,,0.0,0,1998.0,B01,138Â 200Â 008,8.0,-1.0,-1.0,1732434,2.0,7,,0.0,2.0,1.0,B01,138Â 200Â 008,1.0
1014913,201900056444,5,14,19:50,5,1,1,1.0,1.0,97306,charvein,M,"5,5787421"," -53,8942909",973,2019,80.0,1.0,1.0,3.0,2269780,1.0,1,3,1,0.0,,0.0,0,1998.0,B01,138Â 200Â 008,8.0,-1.0,-1.0,1732435,1.0,7,,0.0,2.0,1.0,A01,138Â 200Â 009,1.0
1014913,201900056444,5,14,19:50,5,1,1,1.0,1.0,97306,charvein,M,"5,5787421"," -53,8942909",973,2019,80.0,1.0,1.0,3.0,2269781,1.0,1,4,1,0.0,,0.0,0,1976.0,A01,138Â 200Â 009,0.0,-1.0,-1.0,1732434,2.0,7,,0.0,2.0,1.0,B01,138Â 200Â 008,1.0
1014913,201900056444,5,14,19:50,5,1,1,1.0,1.0,97306,charvein,M,"5,5787421"," -53,8942909",973,2019,80.0,1.0,1.0,3.0,2269781,1.0,1,4,1,0.0,,0.0,0,1976.0,A01,138Â 200Â 009,0.0,-1.0,-1.0,1732435,1.0,7,,0.0,2.0,1.0,A01,138Â 200Â 009,1.0
1014914,201900056445,2,16,16:35,1,2,1,1.0,5.0,45298,RUE GASTON DEFFIE,M,"47,8922600","1,8689200",45,2019,50.0,1.0,1.0,4.0,2269782,1.0,1,1,1,0.0,,-1.0, -1,1972.0,A01,138Â 200Â 005,1.0,8.0,-1.0,1732436,2.0,7,,0.0,2.0,8.0,A01,138Â 200Â 005,1.0
1014914,201900056445,2,16,16:35,1,2,1,1.0,5.0,45298,RUE GASTON DEFFIE,M,"47,8922600","1,8689200",45,2019,50.0,1.0,1.0,4.0,2269782,1.0,1,1,1,0.0,,-1.0, -1,1972.0,A01,138Â 200Â 005,1.0,8.0,-1.0,1732437,2.0,33,,0.0,2.0,2.0,B01,138Â 200Â 006,1.0
1014914,201900056445,2,16,16:35,1,2,1,1.0,5.0,45298,RUE GASTON DEFFIE,M,"47,8922600","1,8689200",45,2019,50.0,1.0,1.0,4.0,2269782,1.0,1,1,1,0.0,,-1.0, -1,1972.0,A01,138Â 200Â 005,1.0,8.0,-1.0,1732438,2.0,33,,0.0,2.0,2.0,C01,138Â 200Â 007,1.0
1014914,201900056445,2,16,16:35,1,2,1,1.0,5.0,45298,RUE GASTON DEFFIE,M,"47,8922600","1,8689200",45,2019,50.0,1.0,1.0,4.0,2269783,1.0,1,3,1,5.0,,-1.0, -1,1991.0,B01,138Â 200Â 006,2.0,6.0,-1.0,1732436,2.0,7,,0.0,2.0,8.0,A01,138Â 200Â 005,1.0
1014914,201900056445,2,16,16:35,1,2,1,1.0,5.0,45298,RUE GASTON DEFFIE,M,"47,8922600","1,8689200",45,2019,50.0,1.0,1.0,4.0,2269783,1.0,1,3,1,5.0,,-1.0, -1,1991.0,B01,138Â 200Â 006,2.0,6.0,-1.0,1732437,2.0,33,,0.0,2.0,2.0,B01,138Â 200Â 006,1.0
1014914,201900056445,2,16,16:35,1,2,1,1.0,5.0,45298,RUE GASTON DEFFIE,M,"47,8922600","1,8689200",45,2019,50.0,1.0,1.0,4.0,2269783,1.0,1,3,1,5.0,,-1.0, -1,1991.0,B01,138Â 200Â 006,2.0,6.0,-1.0,1732438,2.0,33,,0.0,2.0,2.0,C01,138Â 200Â 007,1.0
1014914,201900056445,2,16,16:35,1,2,1,1.0,5.0,45298,RUE GASTON DEFFIE,M,"47,8922600","1,8689200",45,2019,50.0,1.0,1.0,4.0,2269784,1.0,1,3,1,5.0,,-1.0, -1,1991.0,C01,138Â 200Â 007,2.0,6.0,-1.0,1732436,2.0,7,,0.0,2.0,8.0,A01,138Â 200Â 005,1.0
1014914,201900056445,2,16,16:35,1,2,1,1.0,5.0,45298,RUE GASTON DEFFIE,M,"47,8922600","1,8689200",45,2019,50.0,1.0,1.0,4.0,2269784,1.0,1,3,1,5.0,,-1.0, -1,1991.0,C01,138Â 200Â 007,2.0,6.0,-1.0,1732437,2.0,33,,0.0,2.0,2.0,B01,138Â 200Â 006,1.0
1014914,201900056445,2,16,16:35,1,2,1,1.0,5.0,45298,RUE GASTON DEFFIE,M,"47,8922600","1,8689200",45,2019,50.0,1.0,1.0,4.0,2269784,1.0,1,3,1,5.0,,-1.0, -1,1991.0,C01,138Â 200Â 007,2.0,6.0,-1.0,1732438,2.0,33,,0.0,2.0,2.0,C01,138Â 200Â 007,1.0
1014915,201900056446,12,2,09:00,1,2,1,1.0,6.0,92072,VILLE D'AVRAY (RUE DE ),M,"48,8239187","2,2085546",92,2019,50.0,1.0,1.0,3.0,2269785,1.0,1,1,1,1.0,,-1.0,0,1982.0,A01,138Â 200Â 004,2.0,6.0,-1.0,1732439,3.0,32,,0.0,1.0,1.0,A01,138Â 200Â 004,1.0
1014915,201900056446,12,2,09:00,1,2,1,1.0,6.0,92072,VILLE D'AVRAY (RUE DE ),M,"48,8239187","2,2085546",92,2019,50.0,1.0,1.0,3.0,2269786,10.0,3,4,2,9.0,,4.0,3,1971.0,A01,138Â 200Â 004,8.0,0.0,-1.0,1732439,3.0,32,,0.0,1.0,1.0,A01,138Â 200Â 004,1.0
1014916,201900056447,5,31,13:15,1,2,1,1.0,2.0,97311,route de st maurice,M,"5,4843408"," -54,0311479",973,2019,50.0,1.0,1.0,3.0,2269787,1.0,1,4,1,5.0,,0.0,0,1955.0,A01,138Â 200Â 001,2.0,-1.0,-1.0,1732440,1.0,30,,0.0,2.0,1.0,A01,138Â 200Â 001,0.0
1014916,201900056447,5,31,13:15,1,2,1,1.0,2.0,97311,route de st maurice,M,"5,4843408"," -54,0311479",973,2019,50.0,1.0,1.0,3.0,2269787,1.0,1,4,1,5.0,,0.0,0,1955.0,A01,138Â 200Â 001,2.0,-1.0,-1.0,1732441,1.0,7,,0.0,2.0,4.0,B01,138Â 200Â 003,0.0
1014916,201900056447,5,31,13:15,1,2,1,1.0,2.0,97311,route de st maurice,M,"5,4843408"," -54,0311479",973,2019,50.0,1.0,1.0,3.0,2269788,1.0,1,1,2,0.0,,0.0,0,1965.0,B01,138Â 200Â 003,1.0,-1.0,-1.0,1732440,1.0,30,,0.0,2.0,1.0,A01,138Â 200Â 001,0.0
1014916,201900056447,5,31,13:15,1,2,1,1.0,2.0,97311,route de st maurice,M,"5,4843408"," -54,0311479",973,2019,50.0,1.0,1.0,3.0,2269788,1.0,1,1,2,0.0,,0.0,0,1965.0,B01,138Â 200Â 003,1.0,-1.0,-1.0,1732441,1.0,7,,0.0,2.0,4.0,B01,138Â 200Â 003,0.0
1014917,201900056448,2,14,22:25,5,1,1,1.0,7.0,45068,Parking PROÃ PRO-RUE ANDRE PETIT,M,"48,0136100","2,7237400",45,2019,30.0,1.0,1.0,6.0,2269789,1.0,1,4,1,1.0,,-1.0, -1,1976.0,A01,138Â 200Â 002,2.0,6.0,-1.0,1732442,0.0,33,,0.0,0.0,0.0,A01,138Â 200Â 002,1.0
1014918,201900056449,4,30,23:30,3,1,1,2.0,6.0,97311,Avenue Jean Galmot,M,"5,5206180"," -53,9594970",973,2019,80.0,8.0,2.0,3.0,2269790,1.0,1,4,1,0.0,,0.0,0,1994.0,A01,138Â 199Â 999,0.0,-1.0,-1.0,1732443,1.0,7,,6.0,0.0,1.0,A01,138Â 199Â 999,1.0
1014918,201900056449,4,30,23:30,3,1,1,2.0,6.0,97311,Avenue Jean Galmot,M,"5,5206180"," -53,9594970",973,2019,80.0,8.0,2.0,3.0,2269791,7.0,2,4,1,0.0,,0.0,0,1995.0,A01,138Â 199Â 999,1.0,-1.0,-1.0,1732443,1.0,7,,6.0,0.0,1.0,A01,138Â 199Â 999,1.0
1014918,201900056449,4,30,23:30,3,1,1,2.0,6.0,97311,Avenue Jean Galmot,M,"5,5206180"," -53,9594970",973,2019,80.0,8.0,2.0,3.0,2269792,2.0,2,4,1,0.0,,0.0,0,2000.0,A01,138Â 199Â 999,1.0,-1.0,-1.0,1732443,1.0,7,,6.0,0.0,1.0,A01,138Â 199Â 999,1.0