Unnamed: 0_x,num_acc,mois,jour,hrmn,lum,agg,int,atm,col,com,adr,gps,lat,long,dep,annee,vma,situ,surf,catr,Unnamed: 0_y,place,catu,grav,sexe,trajet,secu,locp,actp,an_nais,num_veh_x,id_vehicule_x,secu1,secu2,secu3,Unnamed: 0,senc,catv,occutc,obs,obsm,choc,num_veh_y,id_vehicule_y,motor
1014919,201900056450,5,27,19:00,3,1,1,2.0,6.0,97303,RN1 - PK 167+100,M,"5,5250719"," -53,3816832",973,2019,80.0,1.0,1.0,2.0,2269793,10.0,3,2,1,0.0,,1.0,B,1969.0,A01,138Â 199Â 996,0.0,-1.0,-1.0,1732444,1.0,7,,14.0,1.0,1.0,A01,138Â 199Â 996,1.0
1014919,201900056450,5,27,19:00,3,1,1,2.0,6.0,97303,RN1 - PK 167+100,M,"5,5250719"," -53,3816832",973,2019,80.0,1.0,1.0,2.0,2269794,1.0,1,1,1,1.0,,0.0,0,1973.0,A01,138Â 199Â 996,1.0,-1.0,-1.0,1732444,1.0,7,,14.0,1.0,1.0,A01,138Â 199Â 996,1.0
1014919,201900056450,5,27,19:00,3,1,1,2.0,6.0,97303,RN1 - PK 167+100,M,"5,5250719"," -53,3816832",973,2019,80.0,1.0,1.0,2.0,2269795,2.0,2,1,1,5.0,,0.0,0,1976.0,A01,138Â 199Â 996,1.0,-1.0,-1.0,1732444,1.0,7,,14.0,1.0,1.0,A01,138Â 199Â 996,1.0
1014920,201900056451,5,2,05:40,2,1,1,1.0,4.0,97304,RN1 - PK 52,M,"5,1170401"," -52,6478577",973,2019,80.0,1.0,1.0,2.0,2269796,1.0,1,1,1,4.0,,0.0,0,1991.0,A01,138Â 199Â 990,1.0,-1.0,-1.0,1732445,1.0,15,,0.0,0.0,8.0,A01,138Â 199Â 990,1.0
1014920,201900056451,5,2,05:40,2,1,1,1.0,4.0,97304,RN1 - PK 52,M,"5,1170401"," -52,6478577",973,2019,80.0,1.0,1.0,2.0,2269796,1.0,1,1,1,4.0,,0.0,0,1991.0,A01,138Â 199Â 990,1.0,-1.0,-1.0,1732446,2.0,7,,0.0,9.0,3.0,B01,138Â 199Â 991,1.0
1014920,201900056451,5,2,05:40,2,1,1,1.0,4.0,97304,RN1 - PK 52,M,"5,1170401"," -52,6478577",973,2019,80.0,1.0,1.0,2.0,2269796,1.0,1,1,1,4.0,,0.0,0,1991.0,A01,138Â 199Â 990,1.0,-1.0,-1.0,1732447,2.0,7,,0.0,9.0,3.0,C01,138Â 199Â 992,1.0
1014920,201900056451,5,2,05:40,2,1,1,1.0,4.0,97304,RN1 - PK 52,M,"5,1170401"," -52,6478577",973,2019,80.0,1.0,1.0,2.0,2269796,1.0,1,1,1,4.0,,0.0,0,1991.0,A01,138Â 199Â 990,1.0,-1.0,-1.0,1732448,2.0,7,,14.0,0.0,2.0,D01,138Â 199Â 993,1.0
1014920,201900056451,5,2,05:40,2,1,1,1.0,4.0,97304,RN1 - PK 52,M,"5,1170401"," -52,6478577",973,2019,80.0,1.0,1.0,2.0,2269797,1.0,1,2,1,0.0,,0.0,0,1993.0,B01,138Â 199Â 991,1.0,-1.0,-1.0,1732445,1.0,15,,0.0,0.0,8.0,A01,138Â 199Â 990,1.0
1014920,201900056451,5,2,05:40,2,1,1,1.0,4.0,97304,RN1 - PK 52,M,"5,1170401"," -52,6478577",973,2019,80.0,1.0,1.0,2.0,2269797,1.0,1,2,1,0.0,,0.0,0,1993.0,B01,138Â 199Â 991,1.0,-1.0,-1.0,1732446,2.0,7,,0.0,9.0,3.0,B01,138Â 199Â 991,1.0
1014920,201900056451,5,2,05:40,2,1,1,1.0,4.0,97304,RN1 - PK 52,M,"5,1170401"," -52,6478577",973,2019,80.0,1.0,1.0,2.0,2269797,1.0,1,2,1,0.0,,0.0,0,1993.0,B01,138Â 199Â 991,1.0,-1.0,-1.0,1732447,2.0,7,,0.0,9.0,3.0,C01,138Â 199Â 992,1.0
1014920,201900056451,5,2,05:40,2,1,1,1.0,4.0,97304,RN1 - PK 52,M,"5,1170401"," -52,6478577",973,2019,80.0,1.0,1.0,2.0,2269797,1.0,1,2,1,0.0,,0.0,0,1993.0,B01,138Â 199Â 991,1.0,-1.0,-1.0,1732448,2.0,7,,14.0,0.0,2.0,D01,138Â 199Â 993,1.0
1014920,201900056451,5,2,05:40,2,1,1,1.0,4.0,97304,RN1 - PK 52,M,"5,1170401"," -52,6478577",973,2019,80.0,1.0,1.0,2.0,2269798,1.0,1,4,1,0.0,,0.0,0,1986.0,C01,138Â 199Â 992,1.0,-1.0,-1.0,1732445,1.0,15,,0.0,0.0,8.0,A01,138Â 199Â 990,1.0
1014920,201900056451,5,2,05:40,2,1,1,1.0,4.0,97304,RN1 - PK 52,M,"5,1170401"," -52,6478577",973,2019,80.0,1.0,1.0,2.0,2269798,1.0,1,4,1,0.0,,0.0,0,1986.0,C01,138Â 199Â 992,1.0,-1.0,-1.0,1732446,2.0,7,,0.0,9.0,3.0,B01,138Â 199Â 991,1.0
1014920,201900056451,5,2,05:40,2,1,1,1.0,4.0,97304,RN1 - PK 52,M,"5,1170401"," -52,6478577",973,2019,80.0,1.0,1.0,2.0,2269798,1.0,1,4,1,0.0,,0.0,0,1986.0,C01,138Â 199Â 992,1.0,-1.0,-1.0,1732447,2.0,7,,0.0,9.0,3.0,C01,138Â 199Â 992,1.0
1014920,201900056451,5,2,05:40,2,1,1,1.0,4.0,97304,RN1 - PK 52,M,"5,1170401"," -52,6478577",973,2019,80.0,1.0,1.0,2.0,2269798,1.0,1,4,1,0.0,,0.0,0,1986.0,C01,138Â 199Â 992,1.0,-1.0,-1.0,1732448,2.0,7,,14.0,0.0,2.0,D01,138Â 199Â 993,1.0
1014920,201900056451,5,2,05:40,2,1,1,1.0,4.0,97304,RN1 - PK 52,M,"5,1170401"," -52,6478577",973,2019,80.0,1.0,1.0,2.0,2269799,1.0,1,4,1,0.0,,0.0,0,1991.0,D01,138Â 199Â 993,1.0,-1.0,-1.0,1732445,1.0,15,,0.0,0.0,8.0,A01,138Â 199Â 990,1.0
1014920,201900056451,5,2,05:40,2,1,1,1.0,4.0,97304,RN1 - PK 52,M,"5,1170401"," -52,6478577",973,2019,80.0,1.0,1.0,2.0,2269799,1.0,1,4,1,0.0,,0.0,0,1991.0,D01,138Â 199Â 993,1.0,-1.0,-1.0,1732446,2.0,7,,0.0,9.0,3.0,B01,138Â 199Â 991,1.0
1014920,201900056451,5,2,05:40,2,1,1,1.0,4.0,97304,RN1 - PK 52,M,"5,1170401"," -52,6478577",973,2019,80.0,1.0,1.0,2.0,2269799,1.0,1,4,1,0.0,,0.0,0,1991.0,D01,138Â 199Â 993,1.0,-1.0,-1.0,1732447,2.0,7,,0.0,9.0,3.0,C01,138Â 199Â 992,1.0
1014920,201900056451,5,2,05:40,2,1,1,1.0,4.0,97304,RN1 - PK 52,M,"5,1170401"," -52,6478577",973,2019,80.0,1.0,1.0,2.0,2269799,1.0,1,4,1,0.0,,0.0,0,1991.0,D01,138Â 199Â 993,1.0,-1.0,-1.0,1732448,2.0,7,,14.0,0.0,2.0,D01,138Â 199Â 993,1.0
1014921,201900056452,5,25,12:50,1,1,1,1.0,3.0,97305,Tonate,M,"5,0011941"," -52,4583119",973,2019,80.0,1.0,1.0,2.0,2269800,1.0,1,3,1,5.0,,0.0,0,2002.0,B01,138Â 199Â 988,0.0,-1.0,-1.0,1732449,2.0,1,,0.0,2.0,8.0,B01,138Â 199Â 988,5.0
1014921,201900056452,5,25,12:50,1,1,1,1.0,3.0,97305,Tonate,M,"5,0011941"," -52,4583119",973,2019,80.0,1.0,1.0,2.0,2269800,1.0,1,3,1,5.0,,0.0,0,2002.0,B01,138Â 199Â 988,0.0,-1.0,-1.0,1732450,2.0,7,,0.0,9.0,7.0,A01,138Â 199Â 989,1.0
1014921,201900056452,5,25,12:50,1,1,1,1.0,3.0,97305,Tonate,M,"5,0011941"," -52,4583119",973,2019,80.0,1.0,1.0,2.0,2269801,1.0,1,1,2,5.0,,0.0,0,1968.0,A01,138Â 199Â 989,1.0,-1.0,-1.0,1732449,2.0,1,,0.0,2.0,8.0,B01,138Â 199Â 988,5.0
1014921,201900056452,5,25,12:50,1,1,1,1.0,3.0,97305,Tonate,M,"5,0011941"," -52,4583119",973,2019,80.0,1.0,1.0,2.0,2269801,1.0,1,1,2,5.0,,0.0,0,1968.0,A01,138Â 199Â 989,1.0,-1.0,-1.0,1732450,2.0,7,,0.0,9.0,7.0,A01,138Â 199Â 989,1.0
1014922,201900056453,2,14,18:00,1,2,1,1.0,6.0,44109,RUE DE LA PRIERE,M,"47,2212300"," -1,5960400",44,2019,30.0,4.0,1.0,4.0,2269802,10.0,3,1,2,0.0,,5.0,2,2014.0,A01,138Â 199Â 998,8.0,0.0,-1.0,1732451,1.0,7,,0.0,1.0,0.0,A01,138Â 199Â 998,0.0
1014922,201900056453,2,14,18:00,1,2,1,1.0,6.0,44109,RUE DE LA PRIERE,M,"47,2212300"," -1,5960400",44,2019,30.0,4.0,1.0,4.0,2269803,10.0,3,4,2,0.0,,5.0,2,1992.0,A01,138Â 199Â 998,8.0,0.0,-1.0,1732451,1.0,7,,0.0,1.0,0.0,A01,138Â 199Â 998,0.0
1014923,201900056454,12,2,13:50,1,2,1,1.0,2.0,92064,MARECHAL JUIN,M,"48,8389550","2,2215297",92,2019,50.0,1.0,1.0,3.0,2269804,1.0,1,1,1,5.0,,-1.0, -1,1965.0,A01,138Â 199Â 997,1.0,0.0,-1.0,1732452,3.0,7,,3.0,2.0,1.0,A01,138Â 199Â 997,1.0
1014923,201900056454,12,2,13:50,1,2,1,1.0,2.0,92064,MARECHAL JUIN,M,"48,8389550","2,2215297",92,2019,50.0,1.0,1.0,3.0,2269804,1.0,1,1,1,5.0,,-1.0, -1,1965.0,A01,138Â 199Â 997,1.0,0.0,-1.0,1732453,3.0,7,,3.0,2.0,4.0,B01,138Â 200Â 000,1.0
1014923,201900056454,12,2,13:50,1,2,1,1.0,2.0,92064,MARECHAL JUIN,M,"48,8389550","2,2215297",92,2019,50.0,1.0,1.0,3.0,2269805,1.0,1,4,1,5.0,,-1.0, -1,1945.0,B01,138Â 200Â 000,1.0,8.0,-1.0,1732452,3.0,7,,3.0,2.0,1.0,A01,138Â 199Â 997,1.0
1014923,201900056454,12,2,13:50,1,2,1,1.0,2.0,92064,MARECHAL JUIN,M,"48,8389550","2,2215297",92,2019,50.0,1.0,1.0,3.0,2269805,1.0,1,4,1,5.0,,-1.0, -1,1945.0,B01,138Â 200Â 000,1.0,8.0,-1.0,1732453,3.0,7,,3.0,2.0,4.0,B01,138Â 200Â 000,1.0
1014924,201900056455,5,13,06:30,1,1,1,1.0,1.0,97128,Boulevard de la CriÃ©e,M,"16,2168950"," -61,4135920",971,2019,70.0,1.0,1.0,2.0,2269806,1.0,1,4,1,5.0,,0.0,0,1944.0,B01,138Â 199Â 983,1.0,-1.0,-1.0,1732454,1.0,7,,0.0,2.0,1.0,B01,138Â 199Â 983,1.0
1014924,201900056455,5,13,06:30,1,1,1,1.0,1.0,97128,Boulevard de la CriÃ©e,M,"16,2168950"," -61,4135920",971,2019,70.0,1.0,1.0,2.0,2269806,1.0,1,4,1,5.0,,0.0,0,1944.0,B01,138Â 199Â 983,1.0,-1.0,-1.0,1732455,2.0,7,,0.0,2.0,1.0,A01,138Â 199Â 987,1.0
1014924,201900056455,5,13,06:30,1,1,1,1.0,1.0,97128,Boulevard de la CriÃ©e,M,"16,2168950"," -61,4135920",971,2019,70.0,1.0,1.0,2.0,2269807,1.0,1,3,1,1.0,,0.0,0,1997.0,A01,138Â 199Â 987,1.0,-1.0,-1.0,1732454,1.0,7,,0.0,2.0,1.0,B01,138Â 199Â 983,1.0
1014924,201900056455,5,13,06:30,1,1,1,1.0,1.0,97128,Boulevard de la CriÃ©e,M,"16,2168950"," -61,4135920",971,2019,70.0,1.0,1.0,2.0,2269807,1.0,1,3,1,1.0,,0.0,0,1997.0,A01,138Â 199Â 987,1.0,-1.0,-1.0,1732455,2.0,7,,0.0,2.0,1.0,A01,138Â 199Â 987,1.0
1014925,201900056456,12,2,06:36,5,2,3,1.0,3.0,92040,PAIX (AVENUE DE LA),M,"48,8166600","2,2666700",92,2019,50.0,1.0,1.0,3.0,2269808,1.0,1,4,1,0.0,,0.0,0,1992.0,C01,138Â 199Â 982,1.0,-1.0,-1.0,1732456,2.0,10,,0.0,2.0,1.0,C01,138Â 199Â 982,1.0
1014925,201900056456,12,2,06:36,5,2,3,1.0,3.0,92040,PAIX (AVENUE DE LA),M,"48,8166600","2,2666700",92,2019,50.0,1.0,1.0,3.0,2269808,1.0,1,4,1,0.0,,0.0,0,1992.0,C01,138Â 199Â 982,1.0,-1.0,-1.0,1732457,1.0,7,,0.0,2.0,2.0,B01,138Â 199Â 985,0.0
1014925,201900056456,12,2,06:36,5,2,3,1.0,3.0,92040,PAIX (AVENUE DE LA),M,"48,8166600","2,2666700",92,2019,50.0,1.0,1.0,3.0,2269809,1.0,1,4,1,0.0,,-1.0, -1,1961.0,B01,138Â 199Â 985,1.0,0.0,-1.0,1732456,2.0,10,,0.0,2.0,1.0,C01,138Â 199Â 982,1.0
1014925,201900056456,12,2,06:36,5,2,3,1.0,3.0,92040,PAIX (AVENUE DE LA),M,"48,8166600","2,2666700",92,2019,50.0,1.0,1.0,3.0,2269809,1.0,1,4,1,0.0,,-1.0, -1,1961.0,B01,138Â 199Â 985,1.0,0.0,-1.0,1732457,1.0,7,,0.0,2.0,2.0,B01,138Â 199Â 985,0.0
1014926,201900056457,11,30,08:50,1,2,1,1.0,6.0,92036,MOLE NÂ°2 ET 3 (ROUTE DU),M,"48,9401000","2,2796300",92,2019,50.0,1.0,1.0,4.0,2269810,1.0,1,4,1,4.0,,-1.0,0,1996.0,A01,138Â 199Â 979,1.0,8.0,-1.0,1732458,1.0,10,,1.0,0.0,3.0,A01,138Â 199Â 979,1.0
1014927,201900056458,3,31,18:30,2,2,1,1.0,1.0,97128,Durivage,M,"16,2229940"," -61,3993770",971,2019,-1.0,1.0,1.0,2.0,2269811,1.0,1,4,2,5.0,,0.0,0,1981.0,B01,138Â 199Â 980,1.0,-1.0,-1.0,1732459,3.0,7,,0.0,2.0,3.0,B01,138Â 199Â 980,0.0
1014927,201900056458,3,31,18:30,2,2,1,1.0,1.0,97128,Durivage,M,"16,2229940"," -61,3993770",971,2019,-1.0,1.0,1.0,2.0,2269811,1.0,1,4,2,5.0,,0.0,0,1981.0,B01,138Â 199Â 980,1.0,-1.0,-1.0,1732460,3.0,7,,0.0,2.0,2.0,A01,138Â 199Â 981,0.0
1014927,201900056458,3,31,18:30,2,2,1,1.0,1.0,97128,Durivage,M,"16,2229940"," -61,3993770",971,2019,-1.0,1.0,1.0,2.0,2269812,1.0,1,1,1,5.0,,0.0,0,1999.0,A01,138Â 199Â 981,1.0,-1.0,-1.0,1732459,3.0,7,,0.0,2.0,3.0,B01,138Â 199Â 980,0.0
1014927,201900056458,3,31,18:30,2,2,1,1.0,1.0,97128,Durivage,M,"16,2229940"," -61,3993770",971,2019,-1.0,1.0,1.0,2.0,2269812,1.0,1,1,1,5.0,,0.0,0,1999.0,A01,138Â 199Â 981,1.0,-1.0,-1.0,1732460,3.0,7,,0.0,2.0,2.0,A01,138Â 199Â 981,0.0
1014928,201900056459,12,1,02:15,5,2,1,1.0,1.0,92026,VERDUN (DE 62 A FIN),M,"48,9021225","2,2591110",92,2019,50.0,1.0,1.0,3.0,2269813,1.0,1,4,2,5.0,,-1.0,0,1996.0,A01,138Â 199Â 977,1.0,0.0,-1.0,1732461,2.0,7,,0.0,2.0,1.0,A01,138Â 199Â 977,1.0
1014928,201900056459,12,1,02:15,5,2,1,1.0,1.0,92026,VERDUN (DE 62 A FIN),M,"48,9021225","2,2591110",92,2019,50.0,1.0,1.0,3.0,2269813,1.0,1,4,2,5.0,,-1.0,0,1996.0,A01,138Â 199Â 977,1.0,0.0,-1.0,1732462,3.0,7,,0.0,2.0,1.0,B01,138Â 199Â 978,1.0
1014928,201900056459,12,1,02:15,5,2,1,1.0,1.0,92026,VERDUN (DE 62 A FIN),M,"48,9021225","2,2591110",92,2019,50.0,1.0,1.0,3.0,2269814,1.0,1,4,1,5.0,,-1.0,0,1990.0,B01,138Â 199Â 978,1.0,5.0,-1.0,1732461,2.0,7,,0.0,2.0,1.0,A01,138Â 199Â 977,1.0
1014928,201900056459,12,1,02:15,5,2,1,1.0,1.0,92026,VERDUN (DE 62 A FIN),M,"48,9021225","2,2591110",92,2019,50.0,1.0,1.0,3.0,2269814,1.0,1,4,1,5.0,,-1.0,0,1990.0,B01,138Â 199Â 978,1.0,5.0,-1.0,1732462,3.0,7,,0.0,2.0,1.0,B01,138Â 199Â 978,1.0
1014928,201900056459,12,1,02:15,5,2,1,1.0,1.0,92026,VERDUN (DE 62 A FIN),M,"48,9021225","2,2591110",92,2019,50.0,1.0,1.0,3.0,2269815,2.0,2,4,2,5.0,,-1.0,0,1993.0,B01,138Â 199Â 978,1.0,5.0,-1.0,1732461,2.0,7,,0.0,2.0,1.0,A01,138Â 199Â 977,1.0
1014928,201900056459,12,1,02:15,5,2,1,1.0,1.0,92026,VERDUN (DE 62 A FIN),M,"48,9021225","2,2591110",92,2019,50.0,1.0,1.0,3.0,2269815,2.0,2,4,2,5.0,,-1.0,0,1993.0,B01,138Â 199Â 978,1.0,5.0,-1.0,1732462,3.0,7,,0.0,2.0,1.0,B01,138Â 199Â 978,1.0
1014929,201900056460,2,14,16:50,1,2,1,7.0,6.0,42186,MAI RUE DU PREMIER,M,"45,5329400","4,6267600",42,2019,50.0,2.0,1.0,4.0,2269816,10.0,3,4,1,5.0,,3.0,3,2001.0,A01,138Â 199Â 976,8.0,0.0,-1.0,1732463,2.0,7,,0.0,1.0,2.0,A01,138Â 199Â 976,1.0
1014929,201900056460,2,14,16:50,1,2,1,7.0,6.0,42186,MAI RUE DU PREMIER,M,"45,5329400","4,6267600",42,2019,50.0,2.0,1.0,4.0,2269817,10.0,3,4,2,5.0,,3.0,3,2001.0,A01,138Â 199Â 976,8.0,0.0,-1.0,1732463,2.0,7,,0.0,1.0,2.0,A01,138Â 199Â 976,1.0
1014929,201900056460,2,14,16:50,1,2,1,7.0,6.0,42186,MAI RUE DU PREMIER,M,"45,5329400","4,6267600",42,2019,50.0,2.0,1.0,4.0,2269818,1.0,1,1,2,1.0,,0.0,0,1997.0,A01,138Â 199Â 976,1.0,8.0,-1.0,1732463,2.0,7,,0.0,1.0,2.0,A01,138Â 199Â 976,1.0
1014930,201900056461,5,11,12:10,1,2,1,1.0,6.0,97112,Ducos,M,"15,8860110"," -61,3058810",971,2019,80.0,3.0,1.0,2.0,2269819,1.0,1,3,1,0.0,,0.0,0,1961.0,A01,138Â 199Â 975,2.0,-1.0,-1.0,1732464,0.0,2,,8.0,0.0,2.0,A01,138Â 199Â 975,1.0
1014931,201900056462,12,2,07:50,1,2,1,1.0,6.0,92012,PIERRE GRENIER (AVENUE),M,"48,8332700","2,2539500",92,2019,50.0,1.0,1.0,3.0,2269820,1.0,1,4,1,1.0,,-1.0,0,1959.0,A01,138Â 199Â 974,1.0,0.0,-1.0,1732465,2.0,7,,0.0,2.0,8.0,A01,138Â 199Â 974,1.0
1014932,201900056463,2,13,08:08,1,2,4,9.0,6.0,42218,JOMAYERE,M,"45,4136500","4,3885900",42,2019,50.0,1.0,7.0,4.0,2269821,10.0,3,3,2,2.0,,2.0,3,2002.0,A01,138Â 199Â 973,8.0,0.0,-1.0,1732466,2.0,7,,0.0,1.0,1.0,A01,138Â 199Â 973,1.0
1014932,201900056463,2,13,08:08,1,2,4,9.0,6.0,42218,JOMAYERE,M,"45,4136500","4,3885900",42,2019,50.0,1.0,7.0,4.0,2269822,1.0,1,1,2,0.0,,0.0,0,1999.0,A01,138Â 199Â 973,1.0,8.0,-1.0,1732466,2.0,7,,0.0,1.0,1.0,A01,138Â 199Â 973,1.0
1014933,201900056464,12,2,19:25,5,2,3,1.0,1.0,92009,ARGENTEUIL ( AVENUE D' ),M,"48,9211100","2,2783800",92,2019,50.0,1.0,1.0,3.0,2269823,1.0,1,4,1,0.0,,-1.0,0,1998.0,B01,138Â 199Â 970,2.0,6.0,-1.0,1732467,2.0,33,,9.0,2.0,3.0,B01,138Â 199Â 970,1.0
1014933,201900056464,12,2,19:25,5,2,3,1.0,1.0,92009,ARGENTEUIL ( AVENUE D' ),M,"48,9211100","2,2783800",92,2019,50.0,1.0,1.0,3.0,2269823,1.0,1,4,1,0.0,,-1.0,0,1998.0,B01,138Â 199Â 970,2.0,6.0,-1.0,1732468,1.0,1,,9.0,2.0,1.0,A01,138Â 199Â 972,5.0
1014933,201900056464,12,2,19:25,5,2,3,1.0,1.0,92009,ARGENTEUIL ( AVENUE D' ),M,"48,9211100","2,2783800",92,2019,50.0,1.0,1.0,3.0,2269824,1.0,1,4,1,0.0,,-1.0,0,1980.0,A01,138Â 199Â 972,8.0,0.0,-1.0,1732467,2.0,33,,9.0,2.0,3.0,B01,138Â 199Â 970,1.0
1014933,201900056464,12,2,19:25,5,2,3,1.0,1.0,92009,ARGENTEUIL ( AVENUE D' ),M,"48,9211100","2,2783800",92,2019,50.0,1.0,1.0,3.0,2269824,1.0,1,4,1,0.0,,-1.0,0,1980.0,A01,138Â 199Â 972,8.0,0.0,-1.0,1732468,1.0,1,,9.0,2.0,1.0,A01,138Â 199Â 972,5.0
1014934,201900056465,5,28,19:35,5,2,3,1.0,1.0,97129,RD 18 - RN 2,M,"16,3492470"," -61,7238340",971,2019,80.0,1.0,1.0,2.0,2269825,1.0,1,4,1,5.0,,0.0,0,2002.0,B01,138Â 199Â 968,2.0,-1.0,-1.0,1732469,0.0,31,,0.0,2.0,1.0,B01,138Â 199Â 968,1.0
1014934,201900056465,5,28,19:35,5,2,3,1.0,1.0,97129,RD 18 - RN 2,M,"16,3492470"," -61,7238340",971,2019,80.0,1.0,1.0,2.0,2269825,1.0,1,4,1,5.0,,0.0,0,2002.0,B01,138Â 199Â 968,2.0,-1.0,-1.0,1732470,0.0,7,,0.0,2.0,3.0,A01,138Â 199Â 971,1.0
1014934,201900056465,5,28,19:35,5,2,3,1.0,1.0,97129,RD 18 - RN 2,M,"16,3492470"," -61,7238340",971,2019,80.0,1.0,1.0,2.0,2269826,2.0,2,3,1,5.0,,0.0,0,2000.0,B01,138Â 199Â 968,2.0,-1.0,-1.0,1732469,0.0,31,,0.0,2.0,1.0,B01,138Â 199Â 968,1.0
1014934,201900056465,5,28,19:35,5,2,3,1.0,1.0,97129,RD 18 - RN 2,M,"16,3492470"," -61,7238340",971,2019,80.0,1.0,1.0,2.0,2269826,2.0,2,3,1,5.0,,0.0,0,2000.0,B01,138Â 199Â 968,2.0,-1.0,-1.0,1732470,0.0,7,,0.0,2.0,3.0,A01,138Â 199Â 971,1.0
1014934,201900056465,5,28,19:35,5,2,3,1.0,1.0,97129,RD 18 - RN 2,M,"16,3492470"," -61,7238340",971,2019,80.0,1.0,1.0,2.0,2269827,1.0,1,1,1,5.0,,0.0,0,1943.0,A01,138Â 199Â 971,9.0,-1.0,-1.0,1732469,0.0,31,,0.0,2.0,1.0,B01,138Â 199Â 968,1.0
1014934,201900056465,5,28,19:35,5,2,3,1.0,1.0,97129,RD 18 - RN 2,M,"16,3492470"," -61,7238340",971,2019,80.0,1.0,1.0,2.0,2269827,1.0,1,1,1,5.0,,0.0,0,1943.0,A01,138Â 199Â 971,9.0,-1.0,-1.0,1732470,0.0,7,,0.0,2.0,3.0,A01,138Â 199Â 971,1.0
1014935,201900056466,2,15,17:30,1,1,1,1.0,4.0,42127,Route nationale 7,M,"46,0806900","4,0298900",42,2019,70.0,1.0,1.0,2.0,2269828,1.0,1,1,1,1.0,,-1.0,0,1986.0,C01,138Â 199Â 966,1.0,0.0,-1.0,1732471,3.0,7,,0.0,2.0,7.0,C01,138Â 199Â 966,1.0
1014935,201900056466,2,15,17:30,1,1,1,1.0,4.0,42127,Route nationale 7,M,"46,0806900","4,0298900",42,2019,70.0,1.0,1.0,2.0,2269828,1.0,1,1,1,1.0,,-1.0,0,1986.0,C01,138Â 199Â 966,1.0,0.0,-1.0,1732472,3.0,7,,0.0,2.0,4.0,B01,138Â 199Â 967,1.0
1014935,201900056466,2,15,17:30,1,1,1,1.0,4.0,42127,Route nationale 7,M,"46,0806900","4,0298900",42,2019,70.0,1.0,1.0,2.0,2269828,1.0,1,1,1,1.0,,-1.0,0,1986.0,C01,138Â 199Â 966,1.0,0.0,-1.0,1732473,3.0,7,,0.0,2.0,1.0,A01,138Â 199Â 969,1.0
1014935,201900056466,2,15,17:30,1,1,1,1.0,4.0,42127,Route nationale 7,M,"46,0806900","4,0298900",42,2019,70.0,1.0,1.0,2.0,2269829,1.0,1,4,1,0.0,,-1.0,0,1952.0,B01,138Â 199Â 967,1.0,0.0,-1.0,1732471,3.0,7,,0.0,2.0,7.0,C01,138Â 199Â 966,1.0
1014935,201900056466,2,15,17:30,1,1,1,1.0,4.0,42127,Route nationale 7,M,"46,0806900","4,0298900",42,2019,70.0,1.0,1.0,2.0,2269829,1.0,1,4,1,0.0,,-1.0,0,1952.0,B01,138Â 199Â 967,1.0,0.0,-1.0,1732472,3.0,7,,0.0,2.0,4.0,B01,138Â 199Â 967,1.0
1014935,201900056466,2,15,17:30,1,1,1,1.0,4.0,42127,Route nationale 7,M,"46,0806900","4,0298900",42,2019,70.0,1.0,1.0,2.0,2269829,1.0,1,4,1,0.0,,-1.0,0,1952.0,B01,138Â 199Â 967,1.0,0.0,-1.0,1732473,3.0,7,,0.0,2.0,1.0,A01,138Â 199Â 969,1.0
1014935,201900056466,2,15,17:30,1,1,1,1.0,4.0,42127,Route nationale 7,M,"46,0806900","4,0298900",42,2019,70.0,1.0,1.0,2.0,2269830,4.0,2,1,1,0.0,,-1.0,0,2012.0,B01,138Â 199Â 967,1.0,8.0,-1.0,1732471,3.0,7,,0.0,2.0,7.0,C01,138Â 199Â 966,1.0
1014935,201900056466,2,15,17:30,1,1,1,1.0,4.0,42127,Route nationale 7,M,"46,0806900","4,0298900",42,2019,70.0,1.0,1.0,2.0,2269830,4.0,2,1,1,0.0,,-1.0,0,2012.0,B01,138Â 199Â 967,1.0,8.0,-1.0,1732472,3.0,7,,0.0,2.0,4.0,B01,138Â 199Â 967,1.0
1014935,201900056466,2,15,17:30,1,1,1,1.0,4.0,42127,Route nationale 7,M,"46,0806900","4,0298900",42,2019,70.0,1.0,1.0,2.0,2269830,4.0,2,1,1,0.0,,-1.0,0,2012.0,B01,138Â 199Â 967,1.0,8.0,-1.0,1732473,3.0,7,,0.0,2.0,1.0,A01,138Â 199Â 969,1.0
1014935,201900056466,2,15,17:30,1,1,1,1.0,4.0,42127,Route nationale 7,M,"46,0806900","4,0298900",42,2019,70.0,1.0,1.0,2.0,2269831,2.0,2,1,1,0.0,,-1.0,0,1985.0,B01,138Â 199Â 967,1.0,0.0,-1.0,1732471,3.0,7,,0.0,2.0,7.0,C01,138Â 199Â 966,1.0
1014935,201900056466,2,15,17:30,1,1,1,1.0,4.0,42127,Route nationale 7,M,"46,0806900","4,0298900",42,2019,70.0,1.0,1.0,2.0,2269831,2.0,2,1,1,0.0,,-1.0,0,1985.0,B01,138Â 199Â 967,1.0,0.0,-1.0,1732472,3.0,7,,0.0,2.0,4.0,B01,138Â 199Â 967,1.0
1014935,201900056466,2,15,17:30,1,1,1,1.0,4.0,42127,Route nationale 7,M,"46,0806900","4,0298900",42,2019,70.0,1.0,1.0,2.0,2269831,2.0,2,1,1,0.0,,-1.0,0,1985.0,B01,138Â 199Â 967,1.0,0.0,-1.0,1732473,3.0,7,,0.0,2.0,1.0,A01,138Â 199Â 969,1.0