Unnamed: 0_x,num_acc,mois,jour,hrmn,lum,agg,int,atm,col,com,adr,gps,lat,long,dep,annee,vma,situ,surf,catr,Unnamed: 0_y,place,catu,grav,sexe,trajet,secu,locp,actp,an_nais,num_veh_x,id_vehicule_x,secu1,secu2,secu3,Unnamed: 0,senc,catv,occutc,obs,obsm,choc,num_veh_y,id_vehicule_y,motor
1014935,201900056466,2,15,17:30,1,1,1,1.0,4.0,42127,Route nationale 7,M,"46,0806900","4,0298900",42,2019,70.0,1.0,1.0,2.0,2269832,1.0,1,1,1,0.0,,-1.0,0,1941.0,A01,138Â 199Â 969,1.0,0.0,-1.0,1732471,3.0,7,,0.0,2.0,7.0,C01,138Â 199Â 966,1.0
1014935,201900056466,2,15,17:30,1,1,1,1.0,4.0,42127,Route nationale 7,M,"46,0806900","4,0298900",42,2019,70.0,1.0,1.0,2.0,2269832,1.0,1,1,1,0.0,,-1.0,0,1941.0,A01,138Â 199Â 969,1.0,0.0,-1.0,1732472,3.0,7,,0.0,2.0,4.0,B01,138Â 199Â 967,1.0
1014935,201900056466,2,15,17:30,1,1,1,1.0,4.0,42127,Route nationale 7,M,"46,0806900","4,0298900",42,2019,70.0,1.0,1.0,2.0,2269832,1.0,1,1,1,0.0,,-1.0,0,1941.0,A01,138Â 199Â 969,1.0,0.0,-1.0,1732473,3.0,7,,0.0,2.0,1.0,A01,138Â 199Â 969,1.0
1014936,201900056467,12,3,09:15,1,1,1,7.0,6.0,35216,Launay Milon,M,"48,1846760"," -1,8138640",35,2019,70.0,1.0,1.0,4.0,2269833,1.0,1,1,2,1.0,,0.0,0,1978.0,A01,138Â 199Â 965,1.0,-1.0,-1.0,1732474,0.0,7,,0.0,1.0,2.0,A01,138Â 199Â 965,1.0
1014936,201900056467,12,3,09:15,1,1,1,7.0,6.0,35216,Launay Milon,M,"48,1846760"," -1,8138640",35,2019,70.0,1.0,1.0,4.0,2269834,10.0,3,3,2,1.0,,6.0,0,2003.0,A01,138Â 199Â 965,0.0,-1.0,-1.0,1732474,0.0,7,,0.0,1.0,2.0,A01,138Â 199Â 965,1.0
1014937,201900056468,12,3,02:25,3,1,1,1.0,2.0,11148,A61,M,"43,1716740","2,6969570",11,2019,90.0,2.0,1.0,1.0,2269835,1.0,1,3,1,4.0,,0.0,0,1994.0,B01,138Â 199Â 960,8.0,-1.0,-1.0,1732475,1.0,15,,0.0,9.0,1.0,B01,138Â 199Â 960,1.0
1014937,201900056468,12,3,02:25,3,1,1,1.0,2.0,11148,A61,M,"43,1716740","2,6969570",11,2019,90.0,2.0,1.0,1.0,2269835,1.0,1,3,1,4.0,,0.0,0,1994.0,B01,138Â 199Â 960,8.0,-1.0,-1.0,1732476,1.0,15,,3.0,0.0,4.0,A01,138Â 199Â 962,1.0
1014937,201900056468,12,3,02:25,3,1,1,1.0,2.0,11148,A61,M,"43,1716740","2,6969570",11,2019,90.0,2.0,1.0,1.0,2269836,1.0,1,4,1,4.0,,0.0,0,1993.0,A01,138Â 199Â 962,1.0,-1.0,-1.0,1732475,1.0,15,,0.0,9.0,1.0,B01,138Â 199Â 960,1.0
1014937,201900056468,12,3,02:25,3,1,1,1.0,2.0,11148,A61,M,"43,1716740","2,6969570",11,2019,90.0,2.0,1.0,1.0,2269836,1.0,1,4,1,4.0,,0.0,0,1993.0,A01,138Â 199Â 962,1.0,-1.0,-1.0,1732476,1.0,15,,3.0,0.0,4.0,A01,138Â 199Â 962,1.0
1014938,201900056469,2,15,13:55,1,2,2,1.0,3.0,42071,ABATTOIR (RUE DE L'),M,"46,0308700","4,0861800",42,2019,50.0,1.0,1.0,4.0,2269837,1.0,1,4,1,3.0,,0.0,0,2001.0,B01,138Â 199Â 959,2.0,6.0,-1.0,1732477,3.0,2,,0.0,2.0,1.0,B01,138Â 199Â 959,1.0
1014938,201900056469,2,15,13:55,1,2,2,1.0,3.0,42071,ABATTOIR (RUE DE L'),M,"46,0308700","4,0861800",42,2019,50.0,1.0,1.0,4.0,2269837,1.0,1,4,1,3.0,,0.0,0,2001.0,B01,138Â 199Â 959,2.0,6.0,-1.0,1732478,3.0,7,,0.0,2.0,3.0,A01,138Â 199Â 963,1.0
1014938,201900056469,2,15,13:55,1,2,2,1.0,3.0,42071,ABATTOIR (RUE DE L'),M,"46,0308700","4,0861800",42,2019,50.0,1.0,1.0,4.0,2269838,1.0,1,1,2,5.0,,0.0,0,1946.0,A01,138Â 199Â 963,1.0,0.0,-1.0,1732477,3.0,2,,0.0,2.0,1.0,B01,138Â 199Â 959,1.0
1014938,201900056469,2,15,13:55,1,2,2,1.0,3.0,42071,ABATTOIR (RUE DE L'),M,"46,0308700","4,0861800",42,2019,50.0,1.0,1.0,4.0,2269838,1.0,1,1,2,5.0,,0.0,0,1946.0,A01,138Â 199Â 963,1.0,0.0,-1.0,1732478,3.0,7,,0.0,2.0,3.0,A01,138Â 199Â 963,1.0
1014939,201900056470,5,14,13:15,1,1,3,1.0,1.0,97129,Nolivier,M,"16,2978550"," -61,6708770",971,2019,70.0,1.0,1.0,2.0,2269839,1.0,1,4,1,0.0,,0.0,0,1999.0,B01,138Â 199Â 961,1.0,-1.0,-1.0,1732479,3.0,7,,0.0,2.0,2.0,B01,138Â 199Â 961,1.0
1014939,201900056470,5,14,13:15,1,1,3,1.0,1.0,97129,Nolivier,M,"16,2978550"," -61,6708770",971,2019,70.0,1.0,1.0,2.0,2269839,1.0,1,4,1,0.0,,0.0,0,1999.0,B01,138Â 199Â 961,1.0,-1.0,-1.0,1732480,3.0,33,,0.0,2.0,1.0,A01,138Â 199Â 964,1.0
1014939,201900056470,5,14,13:15,1,1,3,1.0,1.0,97129,Nolivier,M,"16,2978550"," -61,6708770",971,2019,70.0,1.0,1.0,2.0,2269840,1.0,1,3,1,1.0,,0.0,0,1978.0,A01,138Â 199Â 964,2.0,-1.0,-1.0,1732479,3.0,7,,0.0,2.0,2.0,B01,138Â 199Â 961,1.0
1014939,201900056470,5,14,13:15,1,1,3,1.0,1.0,97129,Nolivier,M,"16,2978550"," -61,6708770",971,2019,70.0,1.0,1.0,2.0,2269840,1.0,1,3,1,1.0,,0.0,0,1978.0,A01,138Â 199Â 964,2.0,-1.0,-1.0,1732480,3.0,33,,0.0,2.0,1.0,A01,138Â 199Â 964,1.0
1014940,201900056471,2,16,08:28,1,2,1,1.0,6.0,42044,CROZET FRERES (RUE),M,"45,3960400","4,3310800",42,2019,50.0,1.0,1.0,4.0,2269841,1.0,1,4,1,0.0,,0.0,0,1995.0,A01,138Â 199Â 957,1.0,0.0,-1.0,1732481,1.0,7,,1.0,0.0,1.0,A01,138Â 199Â 957,1.0
1014941,201900056472,11,28,22:27,5,1,1,2.0,1.0,28024,D910,M,"48,4125460","1,4624300",28,2019,80.0,1.0,8.0,3.0,2269842,2.0,2,1,1,0.0,,0.0,0,1960.0,B01,138Â 199Â 955,1.0,-1.0,-1.0,1732482,0.0,15,,0.0,2.0,3.0,B01,138Â 199Â 955,1.0
1014941,201900056472,11,28,22:27,5,1,1,2.0,1.0,28024,D910,M,"48,4125460","1,4624300",28,2019,80.0,1.0,8.0,3.0,2269842,2.0,2,1,1,0.0,,0.0,0,1960.0,B01,138Â 199Â 955,1.0,-1.0,-1.0,1732483,3.0,33,,0.0,2.0,1.0,A01,138Â 199Â 958,1.0
1014941,201900056472,11,28,22:27,5,1,1,2.0,1.0,28024,D910,M,"48,4125460","1,4624300",28,2019,80.0,1.0,8.0,3.0,2269843,1.0,1,1,1,0.0,,0.0,0,1985.0,B01,138Â 199Â 955,1.0,-1.0,-1.0,1732482,0.0,15,,0.0,2.0,3.0,B01,138Â 199Â 955,1.0
1014941,201900056472,11,28,22:27,5,1,1,2.0,1.0,28024,D910,M,"48,4125460","1,4624300",28,2019,80.0,1.0,8.0,3.0,2269843,1.0,1,1,1,0.0,,0.0,0,1985.0,B01,138Â 199Â 955,1.0,-1.0,-1.0,1732483,3.0,33,,0.0,2.0,1.0,A01,138Â 199Â 958,1.0
1014941,201900056472,11,28,22:27,5,1,1,2.0,1.0,28024,D910,M,"48,4125460","1,4624300",28,2019,80.0,1.0,8.0,3.0,2269844,1.0,1,3,1,0.0,,0.0,0,1984.0,A01,138Â 199Â 958,2.0,6.0,9.0,1732482,0.0,15,,0.0,2.0,3.0,B01,138Â 199Â 955,1.0
1014941,201900056472,11,28,22:27,5,1,1,2.0,1.0,28024,D910,M,"48,4125460","1,4624300",28,2019,80.0,1.0,8.0,3.0,2269844,1.0,1,3,1,0.0,,0.0,0,1984.0,A01,138Â 199Â 958,2.0,6.0,9.0,1732483,3.0,33,,0.0,2.0,1.0,A01,138Â 199Â 958,1.0
1014942,201900056473,5,7,16:00,1,1,1,1.0,5.0,97129,Les Galbas,M,"16,3022420"," -61,6713280",971,2019,-1.0,1.0,1.0,2.0,2269845,1.0,1,1,1,5.0,,0.0,0,1964.0,C01,138Â 199Â 951,8.0,-1.0,-1.0,1732484,3.0,7,,0.0,2.0,1.0,C01,138Â 199Â 951,1.0
1014942,201900056473,5,7,16:00,1,1,1,1.0,5.0,97129,Les Galbas,M,"16,3022420"," -61,6713280",971,2019,-1.0,1.0,1.0,2.0,2269845,1.0,1,1,1,5.0,,0.0,0,1964.0,C01,138Â 199Â 951,8.0,-1.0,-1.0,1732485,3.0,7,,0.0,2.0,1.0,B01,138Â 199Â 954,1.0
1014942,201900056473,5,7,16:00,1,1,1,1.0,5.0,97129,Les Galbas,M,"16,3022420"," -61,6713280",971,2019,-1.0,1.0,1.0,2.0,2269845,1.0,1,1,1,5.0,,0.0,0,1964.0,C01,138Â 199Â 951,8.0,-1.0,-1.0,1732486,0.0,7,,0.0,2.0,1.0,A01,138Â 199Â 956,1.0
1014942,201900056473,5,7,16:00,1,1,1,1.0,5.0,97129,Les Galbas,M,"16,3022420"," -61,6713280",971,2019,-1.0,1.0,1.0,2.0,2269846,1.0,1,1,1,5.0,,0.0,0,1978.0,B01,138Â 199Â 954,1.0,-1.0,-1.0,1732484,3.0,7,,0.0,2.0,1.0,C01,138Â 199Â 951,1.0
1014942,201900056473,5,7,16:00,1,1,1,1.0,5.0,97129,Les Galbas,M,"16,3022420"," -61,6713280",971,2019,-1.0,1.0,1.0,2.0,2269846,1.0,1,1,1,5.0,,0.0,0,1978.0,B01,138Â 199Â 954,1.0,-1.0,-1.0,1732485,3.0,7,,0.0,2.0,1.0,B01,138Â 199Â 954,1.0
1014942,201900056473,5,7,16:00,1,1,1,1.0,5.0,97129,Les Galbas,M,"16,3022420"," -61,6713280",971,2019,-1.0,1.0,1.0,2.0,2269846,1.0,1,1,1,5.0,,0.0,0,1978.0,B01,138Â 199Â 954,1.0,-1.0,-1.0,1732486,0.0,7,,0.0,2.0,1.0,A01,138Â 199Â 956,1.0
1014942,201900056473,5,7,16:00,1,1,1,1.0,5.0,97129,Les Galbas,M,"16,3022420"," -61,6713280",971,2019,-1.0,1.0,1.0,2.0,2269847,1.0,1,4,2,4.0,,0.0,0,1983.0,A01,138Â 199Â 956,1.0,-1.0,-1.0,1732484,3.0,7,,0.0,2.0,1.0,C01,138Â 199Â 951,1.0
1014942,201900056473,5,7,16:00,1,1,1,1.0,5.0,97129,Les Galbas,M,"16,3022420"," -61,6713280",971,2019,-1.0,1.0,1.0,2.0,2269847,1.0,1,4,2,4.0,,0.0,0,1983.0,A01,138Â 199Â 956,1.0,-1.0,-1.0,1732485,3.0,7,,0.0,2.0,1.0,B01,138Â 199Â 954,1.0
1014942,201900056473,5,7,16:00,1,1,1,1.0,5.0,97129,Les Galbas,M,"16,3022420"," -61,6713280",971,2019,-1.0,1.0,1.0,2.0,2269847,1.0,1,4,2,4.0,,0.0,0,1983.0,A01,138Â 199Â 956,1.0,-1.0,-1.0,1732486,0.0,7,,0.0,2.0,1.0,A01,138Â 199Â 956,1.0
1014943,201900056474,2,15,11:30,1,2,9,1.0,3.0,41018,TOURVILLE (RUE DU MARECHAL DE),M,"47,5908800","1,3068300",41,2019,50.0,1.0,1.0,4.0,2269848,1.0,1,1,2,5.0,,0.0, -1,1996.0,A01,138Â 199Â 952,1.0,8.0,-1.0,1732487,2.0,7,,0.0,2.0,2.0,A01,138Â 199Â 952,1.0
1014943,201900056474,2,15,11:30,1,2,9,1.0,3.0,41018,TOURVILLE (RUE DU MARECHAL DE),M,"47,5908800","1,3068300",41,2019,50.0,1.0,1.0,4.0,2269848,1.0,1,1,2,5.0,,0.0, -1,1996.0,A01,138Â 199Â 952,1.0,8.0,-1.0,1732488,2.0,32,,0.0,2.0,1.0,B01,138Â 199Â 953,1.0
1014943,201900056474,2,15,11:30,1,2,9,1.0,3.0,41018,TOURVILLE (RUE DU MARECHAL DE),M,"47,5908800","1,3068300",41,2019,50.0,1.0,1.0,4.0,2269849,1.0,1,3,1,5.0,,0.0, -1,1997.0,B01,138Â 199Â 953,2.0,8.0,-1.0,1732487,2.0,7,,0.0,2.0,2.0,A01,138Â 199Â 952,1.0
1014943,201900056474,2,15,11:30,1,2,9,1.0,3.0,41018,TOURVILLE (RUE DU MARECHAL DE),M,"47,5908800","1,3068300",41,2019,50.0,1.0,1.0,4.0,2269849,1.0,1,3,1,5.0,,0.0, -1,1997.0,B01,138Â 199Â 953,2.0,8.0,-1.0,1732488,2.0,32,,0.0,2.0,1.0,B01,138Â 199Â 953,1.0
1014944,201900056475,12,2,08:15,2,2,1,1.0,6.0,35024,37 Rue du Mont Saint-michel,M,"48,1885168"," -1,6269473",35,2019,50.0,1.0,1.0,3.0,2269850,1.0,1,1,1,1.0,,0.0,0,1977.0,A01,138Â 199Â 950,1.0,-1.0,-1.0,1732489,0.0,7,,0.0,1.0,3.0,A01,138Â 199Â 950,1.0
1014944,201900056475,12,2,08:15,2,2,1,1.0,6.0,35024,37 Rue du Mont Saint-michel,M,"48,1885168"," -1,6269473",35,2019,50.0,1.0,1.0,3.0,2269851,10.0,3,3,1,9.0,,2.0,3,1938.0,A01,138Â 199Â 950,0.0,-1.0,-1.0,1732489,0.0,7,,0.0,1.0,3.0,A01,138Â 199Â 950,1.0
1014945,201900056476,3,20,09:00,1,1,1,1.0,1.0,97118,Section BAROTTEAU,M,"16,1708660"," -61,6610110",971,2019,-1.0,1.0,1.0,3.0,2269852,2.0,2,4,2,3.0,,0.0,0,1979.0,A01,138Â 199Â 947,1.0,-1.0,-1.0,1732490,3.0,7,,0.0,2.0,1.0,A01,138Â 199Â 947,1.0
1014945,201900056476,3,20,09:00,1,1,1,1.0,1.0,97118,Section BAROTTEAU,M,"16,1708660"," -61,6610110",971,2019,-1.0,1.0,1.0,3.0,2269852,2.0,2,4,2,3.0,,0.0,0,1979.0,A01,138Â 199Â 947,1.0,-1.0,-1.0,1732491,3.0,7,,0.0,2.0,1.0,B01,138Â 199Â 949,1.0
1014945,201900056476,3,20,09:00,1,1,1,1.0,1.0,97118,Section BAROTTEAU,M,"16,1708660"," -61,6610110",971,2019,-1.0,1.0,1.0,3.0,2269853,1.0,1,4,2,3.0,,0.0,0,1976.0,A01,138Â 199Â 947,1.0,5.0,-1.0,1732490,3.0,7,,0.0,2.0,1.0,A01,138Â 199Â 947,1.0
1014945,201900056476,3,20,09:00,1,1,1,1.0,1.0,97118,Section BAROTTEAU,M,"16,1708660"," -61,6610110",971,2019,-1.0,1.0,1.0,3.0,2269853,1.0,1,4,2,3.0,,0.0,0,1976.0,A01,138Â 199Â 947,1.0,5.0,-1.0,1732491,3.0,7,,0.0,2.0,1.0,B01,138Â 199Â 949,1.0
1014945,201900056476,3,20,09:00,1,1,1,1.0,1.0,97118,Section BAROTTEAU,M,"16,1708660"," -61,6610110",971,2019,-1.0,1.0,1.0,3.0,2269854,9.0,2,1,1,0.0,,0.0,0,2017.0,B01,138Â 199Â 949,3.0,1.0,-1.0,1732490,3.0,7,,0.0,2.0,1.0,A01,138Â 199Â 947,1.0
1014945,201900056476,3,20,09:00,1,1,1,1.0,1.0,97118,Section BAROTTEAU,M,"16,1708660"," -61,6610110",971,2019,-1.0,1.0,1.0,3.0,2269854,9.0,2,1,1,0.0,,0.0,0,2017.0,B01,138Â 199Â 949,3.0,1.0,-1.0,1732491,3.0,7,,0.0,2.0,1.0,B01,138Â 199Â 949,1.0
1014945,201900056476,3,20,09:00,1,1,1,1.0,1.0,97118,Section BAROTTEAU,M,"16,1708660"," -61,6610110",971,2019,-1.0,1.0,1.0,3.0,2269855,1.0,1,1,1,0.0,,0.0,0,1990.0,B01,138Â 199Â 949,1.0,-1.0,-1.0,1732490,3.0,7,,0.0,2.0,1.0,A01,138Â 199Â 947,1.0
1014945,201900056476,3,20,09:00,1,1,1,1.0,1.0,97118,Section BAROTTEAU,M,"16,1708660"," -61,6610110",971,2019,-1.0,1.0,1.0,3.0,2269855,1.0,1,1,1,0.0,,0.0,0,1990.0,B01,138Â 199Â 949,1.0,-1.0,-1.0,1732491,3.0,7,,0.0,2.0,1.0,B01,138Â 199Â 949,1.0
1014946,201900056477,5,25,18:30,2,1,1,2.0,5.0,97115,Rn ZI LA JAULA,M,"16,2447320"," -61,6557500",971,2019,70.0,1.0,2.0,2.0,2269856,1.0,1,4,1,5.0,,0.0,0,1992.0,C01,138Â 199Â 941,1.0,-1.0,-1.0,1732492,0.0,7,,0.0,2.0,3.0,C01,138Â 199Â 941,1.0
1014946,201900056477,5,25,18:30,2,1,1,2.0,5.0,97115,Rn ZI LA JAULA,M,"16,2447320"," -61,6557500",971,2019,70.0,1.0,2.0,2.0,2269856,1.0,1,4,1,5.0,,0.0,0,1992.0,C01,138Â 199Â 941,1.0,-1.0,-1.0,1732493,0.0,7,,0.0,9.0,1.0,B01,138Â 199Â 942,1.0
1014946,201900056477,5,25,18:30,2,1,1,2.0,5.0,97115,Rn ZI LA JAULA,M,"16,2447320"," -61,6557500",971,2019,70.0,1.0,2.0,2.0,2269856,1.0,1,4,1,5.0,,0.0,0,1992.0,C01,138Â 199Â 941,1.0,-1.0,-1.0,1732494,0.0,31,,0.0,2.0,1.0,A01,138Â 199Â 944,1.0
1014946,201900056477,5,25,18:30,2,1,1,2.0,5.0,97115,Rn ZI LA JAULA,M,"16,2447320"," -61,6557500",971,2019,70.0,1.0,2.0,2.0,2269857,1.0,1,1,1,5.0,,0.0,0,1991.0,B01,138Â 199Â 942,1.0,-1.0,-1.0,1732492,0.0,7,,0.0,2.0,3.0,C01,138Â 199Â 941,1.0
1014946,201900056477,5,25,18:30,2,1,1,2.0,5.0,97115,Rn ZI LA JAULA,M,"16,2447320"," -61,6557500",971,2019,70.0,1.0,2.0,2.0,2269857,1.0,1,1,1,5.0,,0.0,0,1991.0,B01,138Â 199Â 942,1.0,-1.0,-1.0,1732493,0.0,7,,0.0,9.0,1.0,B01,138Â 199Â 942,1.0
1014946,201900056477,5,25,18:30,2,1,1,2.0,5.0,97115,Rn ZI LA JAULA,M,"16,2447320"," -61,6557500",971,2019,70.0,1.0,2.0,2.0,2269857,1.0,1,1,1,5.0,,0.0,0,1991.0,B01,138Â 199Â 942,1.0,-1.0,-1.0,1732494,0.0,31,,0.0,2.0,1.0,A01,138Â 199Â 944,1.0
1014946,201900056477,5,25,18:30,2,1,1,2.0,5.0,97115,Rn ZI LA JAULA,M,"16,2447320"," -61,6557500",971,2019,70.0,1.0,2.0,2.0,2269858,1.0,1,3,1,0.0,,0.0,0,1995.0,A01,138Â 199Â 944,2.0,6.0,-1.0,1732492,0.0,7,,0.0,2.0,3.0,C01,138Â 199Â 941,1.0
1014946,201900056477,5,25,18:30,2,1,1,2.0,5.0,97115,Rn ZI LA JAULA,M,"16,2447320"," -61,6557500",971,2019,70.0,1.0,2.0,2.0,2269858,1.0,1,3,1,0.0,,0.0,0,1995.0,A01,138Â 199Â 944,2.0,6.0,-1.0,1732493,0.0,7,,0.0,9.0,1.0,B01,138Â 199Â 942,1.0
1014946,201900056477,5,25,18:30,2,1,1,2.0,5.0,97115,Rn ZI LA JAULA,M,"16,2447320"," -61,6557500",971,2019,70.0,1.0,2.0,2.0,2269858,1.0,1,3,1,0.0,,0.0,0,1995.0,A01,138Â 199Â 944,2.0,6.0,-1.0,1732494,0.0,31,,0.0,2.0,1.0,A01,138Â 199Â 944,1.0
1014947,201900056478,11,28,07:40,2,1,1,1.0,5.0,51391,RN 31,M,"49,2702827","3,9064722",51,2019,80.0,1.0,1.0,2.0,2269859,1.0,1,1,1,4.0,,0.0,0,1963.0,C01,138Â 199Â 943,1.0,-1.0,-1.0,1732495,2.0,10,,0.0,2.0,1.0,C01,138Â 199Â 943,1.0
1014947,201900056478,11,28,07:40,2,1,1,1.0,5.0,51391,RN 31,M,"49,2702827","3,9064722",51,2019,80.0,1.0,1.0,2.0,2269859,1.0,1,1,1,4.0,,0.0,0,1963.0,C01,138Â 199Â 943,1.0,-1.0,-1.0,1732496,2.0,7,,0.0,2.0,2.0,B01,138Â 199Â 945,1.0
1014947,201900056478,11,28,07:40,2,1,1,1.0,5.0,51391,RN 31,M,"49,2702827","3,9064722",51,2019,80.0,1.0,1.0,2.0,2269859,1.0,1,1,1,4.0,,0.0,0,1963.0,C01,138Â 199Â 943,1.0,-1.0,-1.0,1732497,1.0,10,,0.0,2.0,1.0,A01,138Â 199Â 946,1.0
1014947,201900056478,11,28,07:40,2,1,1,1.0,5.0,51391,RN 31,M,"49,2702827","3,9064722",51,2019,80.0,1.0,1.0,2.0,2269860,1.0,1,4,1,1.0,,0.0,0,1972.0,B01,138Â 199Â 945,1.0,-1.0,-1.0,1732495,2.0,10,,0.0,2.0,1.0,C01,138Â 199Â 943,1.0
1014947,201900056478,11,28,07:40,2,1,1,1.0,5.0,51391,RN 31,M,"49,2702827","3,9064722",51,2019,80.0,1.0,1.0,2.0,2269860,1.0,1,4,1,1.0,,0.0,0,1972.0,B01,138Â 199Â 945,1.0,-1.0,-1.0,1732496,2.0,7,,0.0,2.0,2.0,B01,138Â 199Â 945,1.0
1014947,201900056478,11,28,07:40,2,1,1,1.0,5.0,51391,RN 31,M,"49,2702827","3,9064722",51,2019,80.0,1.0,1.0,2.0,2269860,1.0,1,4,1,1.0,,0.0,0,1972.0,B01,138Â 199Â 945,1.0,-1.0,-1.0,1732497,1.0,10,,0.0,2.0,1.0,A01,138Â 199Â 946,1.0
1014947,201900056478,11,28,07:40,2,1,1,1.0,5.0,51391,RN 31,M,"49,2702827","3,9064722",51,2019,80.0,1.0,1.0,2.0,2269861,1.0,1,4,1,1.0,,0.0,0,2000.0,A01,138Â 199Â 946,1.0,-1.0,-1.0,1732495,2.0,10,,0.0,2.0,1.0,C01,138Â 199Â 943,1.0
1014947,201900056478,11,28,07:40,2,1,1,1.0,5.0,51391,RN 31,M,"49,2702827","3,9064722",51,2019,80.0,1.0,1.0,2.0,2269861,1.0,1,4,1,1.0,,0.0,0,2000.0,A01,138Â 199Â 946,1.0,-1.0,-1.0,1732496,2.0,7,,0.0,2.0,2.0,B01,138Â 199Â 945,1.0
1014947,201900056478,11,28,07:40,2,1,1,1.0,5.0,51391,RN 31,M,"49,2702827","3,9064722",51,2019,80.0,1.0,1.0,2.0,2269861,1.0,1,4,1,1.0,,0.0,0,2000.0,A01,138Â 199Â 946,1.0,-1.0,-1.0,1732497,1.0,10,,0.0,2.0,1.0,A01,138Â 199Â 946,1.0
1014948,201900056479,2,12,10:35,1,2,1,1.0,2.0,39300,,M,"46,6767100","5,5597100",39,2019,50.0,1.0,1.0,4.0,2269862,1.0,1,4,2,5.0,,-1.0, -1,1946.0,B01,138Â 199Â 938,2.0,0.0,-1.0,1732498,2.0,1,,0.0,2.0,8.0,B01,138Â 199Â 938,5.0
1014948,201900056479,2,12,10:35,1,2,1,1.0,2.0,39300,,M,"46,6767100","5,5597100",39,2019,50.0,1.0,1.0,4.0,2269862,1.0,1,4,2,5.0,,-1.0, -1,1946.0,B01,138Â 199Â 938,2.0,0.0,-1.0,1732499,2.0,7,,0.0,2.0,2.0,A01,138Â 199Â 948,4.0
1014948,201900056479,2,12,10:35,1,2,1,1.0,2.0,39300,,M,"46,6767100","5,5597100",39,2019,50.0,1.0,1.0,4.0,2269863,1.0,1,1,1,5.0,,-1.0, -1,1945.0,A01,138Â 199Â 948,1.0,8.0,-1.0,1732498,2.0,1,,0.0,2.0,8.0,B01,138Â 199Â 938,5.0
1014948,201900056479,2,12,10:35,1,2,1,1.0,2.0,39300,,M,"46,6767100","5,5597100",39,2019,50.0,1.0,1.0,4.0,2269863,1.0,1,1,1,5.0,,-1.0, -1,1945.0,A01,138Â 199Â 948,1.0,8.0,-1.0,1732499,2.0,7,,0.0,2.0,2.0,A01,138Â 199Â 948,4.0
1014949,201900056480,12,2,18:00,3,1,1,1.0,3.0,56017,Kersalouz Bas,M,"47,8828970"," -2,7956790",56,2019,80.0,1.0,1.0,3.0,2269864,1.0,1,4,2,5.0,,0.0,0,1967.0,A01,138Â 199Â 936,1.0,5.0,-1.0,1732500,2.0,7,,0.0,2.0,3.0,A01,138Â 199Â 936,1.0
1014949,201900056480,12,2,18:00,3,1,1,1.0,3.0,56017,Kersalouz Bas,M,"47,8828970"," -2,7956790",56,2019,80.0,1.0,1.0,3.0,2269864,1.0,1,4,2,5.0,,0.0,0,1967.0,A01,138Â 199Â 936,1.0,5.0,-1.0,1732501,2.0,7,,0.0,2.0,3.0,B01,138Â 199Â 939,1.0
1014949,201900056480,12,2,18:00,3,1,1,1.0,3.0,56017,Kersalouz Bas,M,"47,8828970"," -2,7956790",56,2019,80.0,1.0,1.0,3.0,2269865,1.0,1,4,2,1.0,,0.0,0,1993.0,B01,138Â 199Â 939,1.0,5.0,-1.0,1732500,2.0,7,,0.0,2.0,3.0,A01,138Â 199Â 936,1.0
1014949,201900056480,12,2,18:00,3,1,1,1.0,3.0,56017,Kersalouz Bas,M,"47,8828970"," -2,7956790",56,2019,80.0,1.0,1.0,3.0,2269865,1.0,1,4,2,1.0,,0.0,0,1993.0,B01,138Â 199Â 939,1.0,5.0,-1.0,1732501,2.0,7,,0.0,2.0,3.0,B01,138Â 199Â 939,1.0
1014950,201900056481,2,14,17:10,1,2,1,1.0,6.0,38563,HUIT-MAI 1945 (AVENUE DU),M,"45,3756400","5,5807200",38,2019,50.0,1.0,1.0,4.0,2269866,7.0,2,4,2,4.0,,0.0,0,1965.0,A01,138Â 199Â 935,8.0,0.0,-1.0,1732502,2.0,37,3.0,0.0,1.0,2.0,A01,138Â 199Â 935,1.0
1014950,201900056481,2,14,17:10,1,2,1,1.0,6.0,38563,HUIT-MAI 1945 (AVENUE DU),M,"45,3756400","5,5807200",38,2019,50.0,1.0,1.0,4.0,2269867,7.0,2,4,1,3.0,,0.0,0,1979.0,A01,138Â 199Â 935,8.0,0.0,-1.0,1732502,2.0,37,3.0,0.0,1.0,2.0,A01,138Â 199Â 935,1.0
1014950,201900056481,2,14,17:10,1,2,1,1.0,6.0,38563,HUIT-MAI 1945 (AVENUE DU),M,"45,3756400","5,5807200",38,2019,50.0,1.0,1.0,4.0,2269868,1.0,1,1,1,0.0,,0.0,0,1964.0,A01,138Â 199Â 935,1.0,0.0,-1.0,1732502,2.0,37,3.0,0.0,1.0,2.0,A01,138Â 199Â 935,1.0
1014950,201900056481,2,14,17:10,1,2,1,1.0,6.0,38563,HUIT-MAI 1945 (AVENUE DU),M,"45,3756400","5,5807200",38,2019,50.0,1.0,1.0,4.0,2269869,10.0,3,3,2,5.0,,2.0,3,1928.0,A01,138Â 199Â 935,8.0,0.0,-1.0,1732502,2.0,37,3.0,0.0,1.0,2.0,A01,138Â 199Â 935,1.0
1014951,201900056482,12,3,12:15,1,1,1,1.0,1.0,2A271,Rue Paul Picard,M,"41,9683040","8,8170220",2A,2019,70.0,1.0,1.0,2.0,2269870,1.0,1,1,2,5.0,,0.0,0,1960.0,B01,138Â 199Â 932,1.0,-1.0,-1.0,1732503,2.0,7,,0.0,2.0,1.0,B01,138Â 199Â 932,0.0