Unnamed: 0_x,num_acc,mois,jour,hrmn,lum,agg,int,atm,col,com,adr,gps,lat,long,dep,annee,vma,situ,surf,catr,Unnamed: 0_y,place,catu,grav,sexe,trajet,secu,locp,actp,an_nais,num_veh_x,id_vehicule_x,secu1,secu2,secu3,Unnamed: 0,senc,catv,occutc,obs,obsm,choc,num_veh_y,id_vehicule_y,motor
1014951,201900056482,12,3,12:15,1,1,1,1.0,1.0,2A271,Rue Paul Picard,M,"41,9683040","8,8170220",2A,2019,70.0,1.0,1.0,2.0,2269870,1.0,1,1,2,5.0,,0.0,0,1960.0,B01,138Â 199Â 932,1.0,-1.0,-1.0,1732504,1.0,34,,0.0,2.0,7.0,A01,138Â 199Â 934,0.0
1014951,201900056482,12,3,12:15,1,1,1,1.0,1.0,2A271,Rue Paul Picard,M,"41,9683040","8,8170220",2A,2019,70.0,1.0,1.0,2.0,2269871,1.0,1,3,1,1.0,,0.0,0,1966.0,A01,138Â 199Â 934,2.0,6.0,-1.0,1732503,2.0,7,,0.0,2.0,1.0,B01,138Â 199Â 932,0.0
1014951,201900056482,12,3,12:15,1,1,1,1.0,1.0,2A271,Rue Paul Picard,M,"41,9683040","8,8170220",2A,2019,70.0,1.0,1.0,2.0,2269871,1.0,1,3,1,1.0,,0.0,0,1966.0,A01,138Â 199Â 934,2.0,6.0,-1.0,1732504,1.0,34,,0.0,2.0,7.0,A01,138Â 199Â 934,0.0
1014952,201900056483,5,13,21:10,4,2,9,1.0,3.0,97115,Route de la LÃ©zarde,M,"16,2361210"," -61,6537110",971,2019,50.0,1.0,1.0,3.0,2269872,1.0,1,1,2,9.0,,0.0,0,1989.0,B01,138Â 199Â 931,1.0,-1.0,-1.0,1732505,3.0,7,,0.0,2.0,1.0,B01,138Â 199Â 931,1.0
1014952,201900056483,5,13,21:10,4,2,9,1.0,3.0,97115,Route de la LÃ©zarde,M,"16,2361210"," -61,6537110",971,2019,50.0,1.0,1.0,3.0,2269872,1.0,1,1,2,9.0,,0.0,0,1989.0,B01,138Â 199Â 931,1.0,-1.0,-1.0,1732506,3.0,2,,0.0,2.0,7.0,A01,138Â 199Â 933,1.0
1014952,201900056483,5,13,21:10,4,2,9,1.0,3.0,97115,Route de la LÃ©zarde,M,"16,2361210"," -61,6537110",971,2019,50.0,1.0,1.0,3.0,2269873,1.0,1,4,1,0.0,,0.0,0,1996.0,A01,138Â 199Â 933,2.0,-1.0,-1.0,1732505,3.0,7,,0.0,2.0,1.0,B01,138Â 199Â 931,1.0
1014952,201900056483,5,13,21:10,4,2,9,1.0,3.0,97115,Route de la LÃ©zarde,M,"16,2361210"," -61,6537110",971,2019,50.0,1.0,1.0,3.0,2269873,1.0,1,4,1,0.0,,0.0,0,1996.0,A01,138Â 199Â 933,2.0,-1.0,-1.0,1732506,3.0,2,,0.0,2.0,7.0,A01,138Â 199Â 933,1.0
1014953,201900056484,2,14,15:20,1,2,1,1.0,6.0,38563,BUTTERLIN (RUE DU DR.),M,"45,3631200","5,5877500",38,2019,50.0,1.0,1.0,4.0,2269874,10.0,3,4,2,0.0,,2.0,3,1954.0,A01,138Â 199Â 930,8.0,0.0,-1.0,1732507,3.0,7,,0.0,1.0,2.0,A01,138Â 199Â 930,1.0
1014953,201900056484,2,14,15:20,1,2,1,1.0,6.0,38563,BUTTERLIN (RUE DU DR.),M,"45,3631200","5,5877500",38,2019,50.0,1.0,1.0,4.0,2269875,1.0,1,1,2,5.0,,0.0,0,1935.0,A01,138Â 199Â 930,1.0,0.0,-1.0,1732507,3.0,7,,0.0,1.0,2.0,A01,138Â 199Â 930,1.0
1014954,201900056485,2,17,06:00,5,2,1,9.0,6.0,37122,DOUZILLIERE (RUE DE LA),M,"47,3378937","0,6534346",37,2019,50.0,1.0,1.0,9.0,2269876,1.0,1,4,1,5.0,,-1.0,0,1999.0,A01,138Â 199Â 925,1.0,8.0,-1.0,1732508,2.0,7,,9.0,0.0,1.0,A01,138Â 199Â 925,1.0
1014955,201900056486,2,17,01:15,3,1,1,1.0,3.0,37003,D751- D31,M,"47,4141291","0,9936025",37,2019,50.0,1.0,1.0,4.0,2269877,1.0,1,4,1,9.0,,-1.0,0,1989.0,B01,138Â 199Â 924,8.0,0.0,-1.0,1732509,3.0,10,,0.0,2.0,0.0,A01,138Â 199Â 923,0.0
1014955,201900056486,2,17,01:15,3,1,1,1.0,3.0,37003,D751- D31,M,"47,4141291","0,9936025",37,2019,50.0,1.0,1.0,4.0,2269877,1.0,1,4,1,9.0,,-1.0,0,1989.0,B01,138Â 199Â 924,8.0,0.0,-1.0,1732510,2.0,1,,0.0,2.0,3.0,B01,138Â 199Â 924,5.0
1014956,201900056487,2,15,14:50,1,2,2,1.0,3.0,37122,CHATEAU DU GENET(ROUTE DU),M,"47,3381370","0,6268418",37,2019,50.0,1.0,1.0,4.0,2269878,1.0,1,1,1,4.0,,-1.0,0,1985.0,A01,138Â 199Â 921,1.0,8.0,-1.0,1732511,3.0,13,,0.0,2.0,2.0,A01,138Â 199Â 921,1.0
1014956,201900056487,2,15,14:50,1,2,2,1.0,3.0,37122,CHATEAU DU GENET(ROUTE DU),M,"47,3381370","0,6268418",37,2019,50.0,1.0,1.0,4.0,2269878,1.0,1,1,1,4.0,,-1.0,0,1985.0,A01,138Â 199Â 921,1.0,8.0,-1.0,1732512,3.0,10,,0.0,2.0,1.0,B01,138Â 199Â 922,1.0
1014956,201900056487,2,15,14:50,1,2,2,1.0,3.0,37122,CHATEAU DU GENET(ROUTE DU),M,"47,3381370","0,6268418",37,2019,50.0,1.0,1.0,4.0,2269879,2.0,2,3,1,5.0,,-1.0,0,2004.0,B01,138Â 199Â 922,1.0,8.0,-1.0,1732511,3.0,13,,0.0,2.0,2.0,A01,138Â 199Â 921,1.0
1014956,201900056487,2,15,14:50,1,2,2,1.0,3.0,37122,CHATEAU DU GENET(ROUTE DU),M,"47,3381370","0,6268418",37,2019,50.0,1.0,1.0,4.0,2269879,2.0,2,3,1,5.0,,-1.0,0,2004.0,B01,138Â 199Â 922,1.0,8.0,-1.0,1732512,3.0,10,,0.0,2.0,1.0,B01,138Â 199Â 922,1.0
1014956,201900056487,2,15,14:50,1,2,2,1.0,3.0,37122,CHATEAU DU GENET(ROUTE DU),M,"47,3381370","0,6268418",37,2019,50.0,1.0,1.0,4.0,2269880,4.0,2,1,1,5.0,,-1.0,0,2004.0,B01,138Â 199Â 922,1.0,8.0,-1.0,1732511,3.0,13,,0.0,2.0,2.0,A01,138Â 199Â 921,1.0
1014956,201900056487,2,15,14:50,1,2,2,1.0,3.0,37122,CHATEAU DU GENET(ROUTE DU),M,"47,3381370","0,6268418",37,2019,50.0,1.0,1.0,4.0,2269880,4.0,2,1,1,5.0,,-1.0,0,2004.0,B01,138Â 199Â 922,1.0,8.0,-1.0,1732512,3.0,10,,0.0,2.0,1.0,B01,138Â 199Â 922,1.0
1014956,201900056487,2,15,14:50,1,2,2,1.0,3.0,37122,CHATEAU DU GENET(ROUTE DU),M,"47,3381370","0,6268418",37,2019,50.0,1.0,1.0,4.0,2269881,1.0,1,4,2,5.0,,-1.0,0,1951.0,B01,138Â 199Â 922,1.0,8.0,-1.0,1732511,3.0,13,,0.0,2.0,2.0,A01,138Â 199Â 921,1.0
1014956,201900056487,2,15,14:50,1,2,2,1.0,3.0,37122,CHATEAU DU GENET(ROUTE DU),M,"47,3381370","0,6268418",37,2019,50.0,1.0,1.0,4.0,2269881,1.0,1,4,2,5.0,,-1.0,0,1951.0,B01,138Â 199Â 922,1.0,8.0,-1.0,1732512,3.0,10,,0.0,2.0,1.0,B01,138Â 199Â 922,1.0
1014957,201900056488,2,15,11:25,1,2,1,7.0,3.0,37261,JEMMAPES (RUE),M,"47,4233800","0,6830700",37,2019,50.0,1.0,1.0,4.0,2269882,1.0,1,4,2,1.0,,-1.0,0,1984.0,B01,138Â 199Â 919,2.0,8.0,-1.0,1732513,1.0,2,,0.0,2.0,8.0,B01,138Â 199Â 919,1.0
1014957,201900056488,2,15,11:25,1,2,1,7.0,3.0,37261,JEMMAPES (RUE),M,"47,4233800","0,6830700",37,2019,50.0,1.0,1.0,4.0,2269882,1.0,1,4,2,1.0,,-1.0,0,1984.0,B01,138Â 199Â 919,2.0,8.0,-1.0,1732514,2.0,7,,0.0,2.0,1.0,A01,138Â 199Â 920,1.0
1014957,201900056488,2,15,11:25,1,2,1,7.0,3.0,37261,JEMMAPES (RUE),M,"47,4233800","0,6830700",37,2019,50.0,1.0,1.0,4.0,2269883,1.0,1,1,1,5.0,,-1.0,0,1951.0,A01,138Â 199Â 920,1.0,8.0,-1.0,1732513,1.0,2,,0.0,2.0,8.0,B01,138Â 199Â 919,1.0
1014957,201900056488,2,15,11:25,1,2,1,7.0,3.0,37261,JEMMAPES (RUE),M,"47,4233800","0,6830700",37,2019,50.0,1.0,1.0,4.0,2269883,1.0,1,1,1,5.0,,-1.0,0,1951.0,A01,138Â 199Â 920,1.0,8.0,-1.0,1732514,2.0,7,,0.0,2.0,1.0,A01,138Â 199Â 920,1.0
1014958,201900056489,2,14,22:50,5,2,1,1.0,6.0,37261,HEURTELOUP (BOULEVARD),M,"47,3902900","0,6907500",37,2019,50.0,1.0,1.0,4.0,2269884,1.0,1,3,1,9.0,,-1.0,0,1992.0,B01,138Â 199Â 917,2.0,6.0,-1.0,1732515,1.0,33,,0.0,2.0,0.0,B01,138Â 199Â 917,1.0
1014958,201900056489,2,14,22:50,5,2,1,1.0,6.0,37261,HEURTELOUP (BOULEVARD),M,"47,3902900","0,6907500",37,2019,50.0,1.0,1.0,4.0,2269884,1.0,1,3,1,9.0,,-1.0,0,1992.0,B01,138Â 199Â 917,2.0,6.0,-1.0,1732516,1.0,7,,0.0,2.0,0.0,A01,138Â 199Â 918,1.0
1014958,201900056489,2,14,22:50,5,2,1,1.0,6.0,37261,HEURTELOUP (BOULEVARD),M,"47,3902900","0,6907500",37,2019,50.0,1.0,1.0,4.0,2269885,1.0,1,1,1,5.0,,-1.0,0,1997.0,A01,138Â 199Â 918,1.0,8.0,-1.0,1732515,1.0,33,,0.0,2.0,0.0,B01,138Â 199Â 917,1.0
1014958,201900056489,2,14,22:50,5,2,1,1.0,6.0,37261,HEURTELOUP (BOULEVARD),M,"47,3902900","0,6907500",37,2019,50.0,1.0,1.0,4.0,2269885,1.0,1,1,1,5.0,,-1.0,0,1997.0,A01,138Â 199Â 918,1.0,8.0,-1.0,1732516,1.0,7,,0.0,2.0,0.0,A01,138Â 199Â 918,1.0
1014959,201900056490,12,2,18:10,5,2,1,1.0,6.0,82075,1166 rue de la paix,M,"43,8366890","1,2960040",82,2019,50.0,8.0,1.0,4.0,2269886,1.0,1,2,2,1.0,,0.0,0,1983.0,A01,138Â 199Â 928,0.0,-1.0,-1.0,1732517,-1.0,39,,-1.0,2.0,0.0,B01,138Â 199Â 927,1.0
1014959,201900056490,12,2,18:10,5,2,1,1.0,6.0,82075,1166 rue de la paix,M,"43,8366890","1,2960040",82,2019,50.0,8.0,1.0,4.0,2269886,1.0,1,2,2,1.0,,0.0,0,1983.0,A01,138Â 199Â 928,0.0,-1.0,-1.0,1732518,3.0,7,,0.0,4.0,0.0,A01,138Â 199Â 928,1.0
1014960,201900056491,2,14,16:15,1,2,9,1.0,3.0,37214,DE GAULLE (BD CHARLES),M,"47,4246000","0,6569100",37,2019,15.0,1.0,1.0,6.0,2269887,1.0,1,4,1,3.0,,-1.0,0,1963.0,B01,138Â 199Â 913,2.0,8.0,-1.0,1732519,3.0,33,,0.0,2.0,8.0,B01,138Â 199Â 913,1.0
1014960,201900056491,2,14,16:15,1,2,9,1.0,3.0,37214,DE GAULLE (BD CHARLES),M,"47,4246000","0,6569100",37,2019,15.0,1.0,1.0,6.0,2269887,1.0,1,4,1,3.0,,-1.0,0,1963.0,B01,138Â 199Â 913,2.0,8.0,-1.0,1732520,3.0,7,,0.0,2.0,7.0,A01,138Â 199Â 916,1.0
1014960,201900056491,2,14,16:15,1,2,9,1.0,3.0,37214,DE GAULLE (BD CHARLES),M,"47,4246000","0,6569100",37,2019,15.0,1.0,1.0,6.0,2269888,1.0,1,1,2,3.0,,-1.0,0,1987.0,A01,138Â 199Â 916,1.0,0.0,-1.0,1732519,3.0,33,,0.0,2.0,8.0,B01,138Â 199Â 913,1.0
1014960,201900056491,2,14,16:15,1,2,9,1.0,3.0,37214,DE GAULLE (BD CHARLES),M,"47,4246000","0,6569100",37,2019,15.0,1.0,1.0,6.0,2269888,1.0,1,1,2,3.0,,-1.0,0,1987.0,A01,138Â 199Â 916,1.0,0.0,-1.0,1732520,3.0,7,,0.0,2.0,7.0,A01,138Â 199Â 916,1.0
1014961,201900056492,4,10,13:16,1,2,2,1.0,3.0,97115,rue de brÃ©fort,M,"16,2678860"," -61,6396990",971,2019,50.0,1.0,1.0,3.0,2269889,1.0,1,4,1,5.0,,0.0,0,2003.0,B01,138Â 199Â 926,2.0,-1.0,-1.0,1732521,0.0,2,,0.0,2.0,1.0,B01,138Â 199Â 926,1.0
1014961,201900056492,4,10,13:16,1,2,2,1.0,3.0,97115,rue de brÃ©fort,M,"16,2678860"," -61,6396990",971,2019,50.0,1.0,1.0,3.0,2269889,1.0,1,4,1,5.0,,0.0,0,2003.0,B01,138Â 199Â 926,2.0,-1.0,-1.0,1732522,3.0,7,,0.0,2.0,5.0,A01,138Â 199Â 929,1.0
1014961,201900056492,4,10,13:16,1,2,2,1.0,3.0,97115,rue de brÃ©fort,M,"16,2678860"," -61,6396990",971,2019,50.0,1.0,1.0,3.0,2269890,1.0,1,1,1,3.0,,0.0,0,1939.0,A01,138Â 199Â 929,1.0,-1.0,-1.0,1732521,0.0,2,,0.0,2.0,1.0,B01,138Â 199Â 926,1.0
1014961,201900056492,4,10,13:16,1,2,2,1.0,3.0,97115,rue de brÃ©fort,M,"16,2678860"," -61,6396990",971,2019,50.0,1.0,1.0,3.0,2269890,1.0,1,1,1,3.0,,0.0,0,1939.0,A01,138Â 199Â 929,1.0,-1.0,-1.0,1732522,3.0,7,,0.0,2.0,5.0,A01,138Â 199Â 929,1.0
1014962,201900056493,12,3,07:50,2,1,4,1.0,3.0,61293,Rue de Paris,M,"48,5269170","0,5511820",61,2019,50.0,1.0,1.0,3.0,2269891,1.0,1,3,1,0.0,,0.0,0,1929.0,A01,138Â 199Â 911,0.0,-1.0,-1.0,1732523,1.0,3,,0.0,2.0,1.0,A01,138Â 199Â 911,1.0
1014962,201900056493,12,3,07:50,2,1,4,1.0,3.0,61293,Rue de Paris,M,"48,5269170","0,5511820",61,2019,50.0,1.0,1.0,3.0,2269891,1.0,1,3,1,0.0,,0.0,0,1929.0,A01,138Â 199Â 911,0.0,-1.0,-1.0,1732524,1.0,10,,0.0,2.0,2.0,B01,138Â 199Â 912,1.0
1014962,201900056493,12,3,07:50,2,1,4,1.0,3.0,61293,Rue de Paris,M,"48,5269170","0,5511820",61,2019,50.0,1.0,1.0,3.0,2269892,1.0,1,1,1,4.0,,0.0,0,1977.0,B01,138Â 199Â 912,1.0,-1.0,-1.0,1732523,1.0,3,,0.0,2.0,1.0,A01,138Â 199Â 911,1.0
1014962,201900056493,12,3,07:50,2,1,4,1.0,3.0,61293,Rue de Paris,M,"48,5269170","0,5511820",61,2019,50.0,1.0,1.0,3.0,2269892,1.0,1,1,1,4.0,,0.0,0,1977.0,B01,138Â 199Â 912,1.0,-1.0,-1.0,1732524,1.0,10,,0.0,2.0,2.0,B01,138Â 199Â 912,1.0
1014963,201900056494,5,26,23:15,5,1,1,1.0,6.0,97701,D 209 - Face Ã  laÃ©roport de ST Jean,M,"43,8340990","5,9766350",977,2019,-1.0,4.0,1.0,3.0,2269893,1.0,1,3,1,5.0,,0.0,0,1973.0,A01,138Â 199Â 909,2.0,-1.0,-1.0,1732525,0.0,34,,12.0,0.0,0.0,A01,138Â 199Â 909,1.0
1014964,201900056495,2,13,12:40,1,2,2,1.0,3.0,37261,BREGUET (RUE LOUIS),M,"47,4203092","0,6891738",37,2019,50.0,1.0,1.0,4.0,2269894,2.0,2,4,2,5.0,,-1.0,0,1980.0,A01,138Â 199Â 908,1.0,8.0,-1.0,1732526,1.0,7,,0.0,2.0,2.0,A01,138Â 199Â 908,1.0
1014964,201900056495,2,13,12:40,1,2,2,1.0,3.0,37261,BREGUET (RUE LOUIS),M,"47,4203092","0,6891738",37,2019,50.0,1.0,1.0,4.0,2269894,2.0,2,4,2,5.0,,-1.0,0,1980.0,A01,138Â 199Â 908,1.0,8.0,-1.0,1732527,1.0,10,,0.0,2.0,3.0,B01,138Â 199Â 910,1.0
1014964,201900056495,2,13,12:40,1,2,2,1.0,3.0,37261,BREGUET (RUE LOUIS),M,"47,4203092","0,6891738",37,2019,50.0,1.0,1.0,4.0,2269895,1.0,1,4,2,5.0,,-1.0,0,1998.0,A01,138Â 199Â 908,1.0,8.0,-1.0,1732526,1.0,7,,0.0,2.0,2.0,A01,138Â 199Â 908,1.0
1014964,201900056495,2,13,12:40,1,2,2,1.0,3.0,37261,BREGUET (RUE LOUIS),M,"47,4203092","0,6891738",37,2019,50.0,1.0,1.0,4.0,2269895,1.0,1,4,2,5.0,,-1.0,0,1998.0,A01,138Â 199Â 908,1.0,8.0,-1.0,1732527,1.0,10,,0.0,2.0,3.0,B01,138Â 199Â 910,1.0
1014964,201900056495,2,13,12:40,1,2,2,1.0,3.0,37261,BREGUET (RUE LOUIS),M,"47,4203092","0,6891738",37,2019,50.0,1.0,1.0,4.0,2269896,1.0,1,1,1,4.0,,-1.0,0,1991.0,B01,138Â 199Â 910,1.0,8.0,-1.0,1732526,1.0,7,,0.0,2.0,2.0,A01,138Â 199Â 908,1.0
1014964,201900056495,2,13,12:40,1,2,2,1.0,3.0,37261,BREGUET (RUE LOUIS),M,"47,4203092","0,6891738",37,2019,50.0,1.0,1.0,4.0,2269896,1.0,1,1,1,4.0,,-1.0,0,1991.0,B01,138Â 199Â 910,1.0,8.0,-1.0,1732527,1.0,10,,0.0,2.0,3.0,B01,138Â 199Â 910,1.0
1014965,201900056496,5,8,00:06,4,1,1,1.0,7.0,97107,Cambrefort RN1 PK 10+900,M,"16,0658340"," -61,5676870",971,2019,80.0,3.0,1.0,2.0,2269897,1.0,1,2,1,5.0,,0.0,0,1998.0,A01,138Â 199Â 906,2.0,-1.0,-1.0,1732528,2.0,2,,2.0,0.0,1.0,A01,138Â 199Â 906,1.0
1014966,201900056497,12,3,15:00,1,1,3,7.0,3.0,61145,Le Gue Thiboux,M,"48,5807950"," -0,6411030",61,2019,70.0,1.0,1.0,3.0,2269898,1.0,1,2,1,3.0,,0.0,0,1928.0,A01,138Â 199Â 905,1.0,-1.0,-1.0,1732529,2.0,7,,0.0,2.0,2.0,A01,138Â 199Â 905,0.0
1014966,201900056497,12,3,15:00,1,1,3,7.0,3.0,61145,Le Gue Thiboux,M,"48,5807950"," -0,6411030",61,2019,70.0,1.0,1.0,3.0,2269898,1.0,1,2,1,3.0,,0.0,0,1928.0,A01,138Â 199Â 905,1.0,-1.0,-1.0,1732530,1.0,13,,0.0,2.0,1.0,B01,138Â 199Â 907,1.0
1014966,201900056497,12,3,15:00,1,1,3,7.0,3.0,61145,Le Gue Thiboux,M,"48,5807950"," -0,6411030",61,2019,70.0,1.0,1.0,3.0,2269899,1.0,1,1,1,4.0,,0.0,0,1972.0,B01,138Â 199Â 907,1.0,-1.0,-1.0,1732529,2.0,7,,0.0,2.0,2.0,A01,138Â 199Â 905,0.0
1014966,201900056497,12,3,15:00,1,1,3,7.0,3.0,61145,Le Gue Thiboux,M,"48,5807950"," -0,6411030",61,2019,70.0,1.0,1.0,3.0,2269899,1.0,1,1,1,4.0,,0.0,0,1972.0,B01,138Â 199Â 907,1.0,-1.0,-1.0,1732530,1.0,13,,0.0,2.0,1.0,B01,138Â 199Â 907,1.0
1014967,201900056498,12,3,03:45,3,1,1,9.0,7.0,42228,Chemin des PerriÃ¨res,M,"45,5455160","4,0972190",42,2019,80.0,8.0,7.0,4.0,2269900,1.0,1,4,1,1.0,,0.0,0,1962.0,A01,138Â 199Â 903,1.0,-1.0,-1.0,1732531,3.0,7,,15.0,0.0,9.0,A01,138Â 199Â 903,1.0
1014968,201900056499,4,13,19:15,3,1,2,1.0,3.0,97107,Roseau,M,"16,0907820"," -61,5637600",971,2019,90.0,1.0,1.0,2.0,2269901,1.0,1,4,1,5.0,,0.0,0,1957.0,B01,138Â 199Â 902,1.0,-1.0,-1.0,1732532,2.0,7,,0.0,2.0,1.0,B01,138Â 199Â 902,1.0
1014968,201900056499,4,13,19:15,3,1,2,1.0,3.0,97107,Roseau,M,"16,0907820"," -61,5637600",971,2019,90.0,1.0,1.0,2.0,2269901,1.0,1,4,1,5.0,,0.0,0,1957.0,B01,138Â 199Â 902,1.0,-1.0,-1.0,1732533,3.0,7,,0.0,0.0,7.0,A01,138Â 199Â 904,1.0
1014968,201900056499,4,13,19:15,3,1,2,1.0,3.0,97107,Roseau,M,"16,0907820"," -61,5637600",971,2019,90.0,1.0,1.0,2.0,2269902,2.0,2,4,1,5.0,,0.0,0,1945.0,B01,138Â 199Â 902,1.0,-1.0,-1.0,1732532,2.0,7,,0.0,2.0,1.0,B01,138Â 199Â 902,1.0
1014968,201900056499,4,13,19:15,3,1,2,1.0,3.0,97107,Roseau,M,"16,0907820"," -61,5637600",971,2019,90.0,1.0,1.0,2.0,2269902,2.0,2,4,1,5.0,,0.0,0,1945.0,B01,138Â 199Â 902,1.0,-1.0,-1.0,1732533,3.0,7,,0.0,0.0,7.0,A01,138Â 199Â 904,1.0
1014968,201900056499,4,13,19:15,3,1,2,1.0,3.0,97107,Roseau,M,"16,0907820"," -61,5637600",971,2019,90.0,1.0,1.0,2.0,2269903,1.0,1,3,1,5.0,,0.0,0,1992.0,A01,138Â 199Â 904,0.0,-1.0,-1.0,1732532,2.0,7,,0.0,2.0,1.0,B01,138Â 199Â 902,1.0
1014968,201900056499,4,13,19:15,3,1,2,1.0,3.0,97107,Roseau,M,"16,0907820"," -61,5637600",971,2019,90.0,1.0,1.0,2.0,2269903,1.0,1,3,1,5.0,,0.0,0,1992.0,A01,138Â 199Â 904,0.0,-1.0,-1.0,1732533,3.0,7,,0.0,0.0,7.0,A01,138Â 199Â 904,1.0
1014969,201900056500,2,15,22:35,3,1,9,1.0,6.0,35238,RN136,M,"48,0816520"," -1,6505530",35,2019,90.0,1.0,1.0,2.0,2269904,1.0,1,4,1,1.0,,-1.0,0,1993.0,A01,138Â 199Â 901,1.0,0.0,-1.0,1732534,1.0,7,,3.0,0.0,9.0,A01,138Â 199Â 901,1.0
1014970,201900056501,5,4,04:45,3,2,1,2.0,1.0,97124,Saint-Phy,M,"16,0066780"," -61,7127630",971,2019,80.0,1.0,2.0,2.0,2269905,1.0,1,4,2,5.0,,0.0,0,1966.0,B01,138Â 199Â 897,1.0,-1.0,-1.0,1732535,2.0,7,,0.0,2.0,3.0,B01,138Â 199Â 897,1.0
1014970,201900056501,5,4,04:45,3,2,1,2.0,1.0,97124,Saint-Phy,M,"16,0066780"," -61,7127630",971,2019,80.0,1.0,2.0,2.0,2269905,1.0,1,4,2,5.0,,0.0,0,1966.0,B01,138Â 199Â 897,1.0,-1.0,-1.0,1732536,1.0,7,,0.0,2.0,3.0,A01,138Â 199Â 899,1.0
1014970,201900056501,5,4,04:45,3,2,1,2.0,1.0,97124,Saint-Phy,M,"16,0066780"," -61,7127630",971,2019,80.0,1.0,2.0,2.0,2269906,1.0,1,3,1,1.0,,0.0,0,1973.0,A01,138Â 199Â 899,8.0,-1.0,-1.0,1732535,2.0,7,,0.0,2.0,3.0,B01,138Â 199Â 897,1.0
1014970,201900056501,5,4,04:45,3,2,1,2.0,1.0,97124,Saint-Phy,M,"16,0066780"," -61,7127630",971,2019,80.0,1.0,2.0,2.0,2269906,1.0,1,3,1,1.0,,0.0,0,1973.0,A01,138Â 199Â 899,8.0,-1.0,-1.0,1732536,1.0,7,,0.0,2.0,3.0,A01,138Â 199Â 899,1.0
1014971,201900056502,2,15,13:30,1,2,1,1.0,7.0,35051,RIGOURDIERE (RUE DE LA),M,"48,1157030"," -1,5867390",35,2019,50.0,1.0,1.0,4.0,2269907,1.0,1,4,2,5.0,,-1.0,0,1941.0,A01,138Â 199Â 898,1.0,5.0,-1.0,1732537,3.0,7,,0.0,0.0,0.0,A01,138Â 199Â 898,1.0
1014972,201900056503,2,12,09:30,1,2,1,1.0,6.0,35238,Loriettes (Rue des),M,"48,0840320"," -1,6775770",35,2019,20.0,1.0,1.0,4.0,2269908,1.0,1,4,2,1.0,,-1.0,0,1998.0,A01,138Â 199Â 895,1.0,0.0,-1.0,1732538,1.0,7,,14.0,0.0,6.0,A01,138Â 199Â 895,1.0
1014973,201900056504,5,3,17:45,1,2,2,8.0,4.0,21515,Avenue de l'UniversitÃ©,M,"47,3134760","5,0939780",21,2019,50.0,1.0,2.0,3.0,2269909,1.0,1,1,2,3.0,,0.0,0,1967.0,A01,138Â 199Â 892,8.0,-1.0,-1.0,1732539,3.0,7,,0.0,2.0,4.0,A01,138Â 199Â 892,1.0
1014973,201900056504,5,3,17:45,1,2,2,8.0,4.0,21515,Avenue de l'UniversitÃ©,M,"47,3134760","5,0939780",21,2019,50.0,1.0,2.0,3.0,2269909,1.0,1,1,2,3.0,,0.0,0,1967.0,A01,138Â 199Â 892,8.0,-1.0,-1.0,1732540,3.0,7,,0.0,2.0,4.0,B01,138Â 199Â 893,1.0
1014973,201900056504,5,3,17:45,1,2,2,8.0,4.0,21515,Avenue de l'UniversitÃ©,M,"47,3134760","5,0939780",21,2019,50.0,1.0,2.0,3.0,2269909,1.0,1,1,2,3.0,,0.0,0,1967.0,A01,138Â 199Â 892,8.0,-1.0,-1.0,1732541,3.0,7,,0.0,2.0,4.0,C01,138Â 199Â 894,1.0
1014973,201900056504,5,3,17:45,1,2,2,8.0,4.0,21515,Avenue de l'UniversitÃ©,M,"47,3134760","5,0939780",21,2019,50.0,1.0,2.0,3.0,2269909,1.0,1,1,2,3.0,,0.0,0,1967.0,A01,138Â 199Â 892,8.0,-1.0,-1.0,1732542,3.0,7,,0.0,2.0,1.0,D01,138Â 199Â 896,1.0
1014973,201900056504,5,3,17:45,1,2,2,8.0,4.0,21515,Avenue de l'UniversitÃ©,M,"47,3134760","5,0939780",21,2019,50.0,1.0,2.0,3.0,2269910,1.0,1,4,2,3.0,,0.0,0,1994.0,B01,138Â 199Â 893,8.0,-1.0,-1.0,1732539,3.0,7,,0.0,2.0,4.0,A01,138Â 199Â 892,1.0
1014973,201900056504,5,3,17:45,1,2,2,8.0,4.0,21515,Avenue de l'UniversitÃ©,M,"47,3134760","5,0939780",21,2019,50.0,1.0,2.0,3.0,2269910,1.0,1,4,2,3.0,,0.0,0,1994.0,B01,138Â 199Â 893,8.0,-1.0,-1.0,1732540,3.0,7,,0.0,2.0,4.0,B01,138Â 199Â 893,1.0
1014973,201900056504,5,3,17:45,1,2,2,8.0,4.0,21515,Avenue de l'UniversitÃ©,M,"47,3134760","5,0939780",21,2019,50.0,1.0,2.0,3.0,2269910,1.0,1,4,2,3.0,,0.0,0,1994.0,B01,138Â 199Â 893,8.0,-1.0,-1.0,1732541,3.0,7,,0.0,2.0,4.0,C01,138Â 199Â 894,1.0
1014973,201900056504,5,3,17:45,1,2,2,8.0,4.0,21515,Avenue de l'UniversitÃ©,M,"47,3134760","5,0939780",21,2019,50.0,1.0,2.0,3.0,2269910,1.0,1,4,2,3.0,,0.0,0,1994.0,B01,138Â 199Â 893,8.0,-1.0,-1.0,1732542,3.0,7,,0.0,2.0,1.0,D01,138Â 199Â 896,1.0
1014973,201900056504,5,3,17:45,1,2,2,8.0,4.0,21515,Avenue de l'UniversitÃ©,M,"47,3134760","5,0939780",21,2019,50.0,1.0,2.0,3.0,2269911,1.0,1,4,2,5.0,,0.0,0,1997.0,C01,138Â 199Â 894,8.0,-1.0,-1.0,1732539,3.0,7,,0.0,2.0,4.0,A01,138Â 199Â 892,1.0