Unnamed: 0_x,num_acc,mois,jour,hrmn,lum,agg,int,atm,col,com,adr,gps,lat,long,dep,annee,vma,situ,surf,catr,Unnamed: 0_y,place,catu,grav,sexe,trajet,secu,locp,actp,an_nais,num_veh_x,id_vehicule_x,secu1,secu2,secu3,Unnamed: 0,senc,catv,occutc,obs,obsm,choc,num_veh_y,id_vehicule_y,motor
1014973,201900056504,5,3,17:45,1,2,2,8.0,4.0,21515,Avenue de l'UniversitÃ©,M,"47,3134760","5,0939780",21,2019,50.0,1.0,2.0,3.0,2269911,1.0,1,4,2,5.0,,0.0,0,1997.0,C01,138Â 199Â 894,8.0,-1.0,-1.0,1732540,3.0,7,,0.0,2.0,4.0,B01,138Â 199Â 893,1.0
1014973,201900056504,5,3,17:45,1,2,2,8.0,4.0,21515,Avenue de l'UniversitÃ©,M,"47,3134760","5,0939780",21,2019,50.0,1.0,2.0,3.0,2269911,1.0,1,4,2,5.0,,0.0,0,1997.0,C01,138Â 199Â 894,8.0,-1.0,-1.0,1732541,3.0,7,,0.0,2.0,4.0,C01,138Â 199Â 894,1.0
1014973,201900056504,5,3,17:45,1,2,2,8.0,4.0,21515,Avenue de l'UniversitÃ©,M,"47,3134760","5,0939780",21,2019,50.0,1.0,2.0,3.0,2269911,1.0,1,4,2,5.0,,0.0,0,1997.0,C01,138Â 199Â 894,8.0,-1.0,-1.0,1732542,3.0,7,,0.0,2.0,1.0,D01,138Â 199Â 896,1.0
1014973,201900056504,5,3,17:45,1,2,2,8.0,4.0,21515,Avenue de l'UniversitÃ©,M,"47,3134760","5,0939780",21,2019,50.0,1.0,2.0,3.0,2269912,1.0,1,1,1,1.0,,0.0,0,1980.0,D01,138Â 199Â 896,8.0,-1.0,-1.0,1732539,3.0,7,,0.0,2.0,4.0,A01,138Â 199Â 892,1.0
1014973,201900056504,5,3,17:45,1,2,2,8.0,4.0,21515,Avenue de l'UniversitÃ©,M,"47,3134760","5,0939780",21,2019,50.0,1.0,2.0,3.0,2269912,1.0,1,1,1,1.0,,0.0,0,1980.0,D01,138Â 199Â 896,8.0,-1.0,-1.0,1732540,3.0,7,,0.0,2.0,4.0,B01,138Â 199Â 893,1.0
1014973,201900056504,5,3,17:45,1,2,2,8.0,4.0,21515,Avenue de l'UniversitÃ©,M,"47,3134760","5,0939780",21,2019,50.0,1.0,2.0,3.0,2269912,1.0,1,1,1,1.0,,0.0,0,1980.0,D01,138Â 199Â 896,8.0,-1.0,-1.0,1732541,3.0,7,,0.0,2.0,4.0,C01,138Â 199Â 894,1.0
1014973,201900056504,5,3,17:45,1,2,2,8.0,4.0,21515,Avenue de l'UniversitÃ©,M,"47,3134760","5,0939780",21,2019,50.0,1.0,2.0,3.0,2269912,1.0,1,1,1,1.0,,0.0,0,1980.0,D01,138Â 199Â 896,8.0,-1.0,-1.0,1732542,3.0,7,,0.0,2.0,1.0,D01,138Â 199Â 896,1.0
1014974,201900056505,2,14,17:30,1,2,6,1.0,3.0,35238,GROS MALHON (AVENUE),M,"48,1335300"," -1,6851200",35,2019,50.0,1.0,1.0,4.0,2269913,1.0,1,4,1,1.0,,-1.0,0,2002.0,B01,138Â 199Â 890,2.0,0.0,-1.0,1732543,3.0,2,,0.0,2.0,1.0,B01,138Â 199Â 890,1.0
1014974,201900056505,2,14,17:30,1,2,6,1.0,3.0,35238,GROS MALHON (AVENUE),M,"48,1335300"," -1,6851200",35,2019,50.0,1.0,1.0,4.0,2269913,1.0,1,4,1,1.0,,-1.0,0,2002.0,B01,138Â 199Â 890,2.0,0.0,-1.0,1732544,3.0,10,,0.0,2.0,3.0,A01,138Â 199Â 891,1.0
1014974,201900056505,2,14,17:30,1,2,6,1.0,3.0,35238,GROS MALHON (AVENUE),M,"48,1335300"," -1,6851200",35,2019,50.0,1.0,1.0,4.0,2269914,1.0,1,1,1,9.0,,-1.0,0,1998.0,A01,138Â 199Â 891,1.0,0.0,-1.0,1732543,3.0,2,,0.0,2.0,1.0,B01,138Â 199Â 890,1.0
1014974,201900056505,2,14,17:30,1,2,6,1.0,3.0,35238,GROS MALHON (AVENUE),M,"48,1335300"," -1,6851200",35,2019,50.0,1.0,1.0,4.0,2269914,1.0,1,1,1,9.0,,-1.0,0,1998.0,A01,138Â 199Â 891,1.0,0.0,-1.0,1732544,3.0,10,,0.0,2.0,3.0,A01,138Â 199Â 891,1.0
1014975,201900056506,2,14,10:35,1,1,1,1.0,1.0,35281,HAIE-DES-COGNETS (BOUL DE LA),M,"48,0804300"," -1,7368900",35,2019,50.0,1.0,1.0,4.0,2269915,1.0,1,1,1,4.0,,-1.0,0,1969.0,A01,138Â 199Â 886,1.0,5.0,-1.0,1732545,1.0,7,,0.0,2.0,2.0,A01,138Â 199Â 886,1.0
1014975,201900056506,2,14,10:35,1,1,1,1.0,1.0,35281,HAIE-DES-COGNETS (BOUL DE LA),M,"48,0804300"," -1,7368900",35,2019,50.0,1.0,1.0,4.0,2269915,1.0,1,1,1,4.0,,-1.0,0,1969.0,A01,138Â 199Â 886,1.0,5.0,-1.0,1732546,2.0,7,,0.0,2.0,1.0,B01,138Â 199Â 888,1.0
1014975,201900056506,2,14,10:35,1,1,1,1.0,1.0,35281,HAIE-DES-COGNETS (BOUL DE LA),M,"48,0804300"," -1,7368900",35,2019,50.0,1.0,1.0,4.0,2269916,1.0,1,4,1,5.0,,-1.0,0,1936.0,B01,138Â 199Â 888,1.0,0.0,-1.0,1732545,1.0,7,,0.0,2.0,2.0,A01,138Â 199Â 886,1.0
1014975,201900056506,2,14,10:35,1,1,1,1.0,1.0,35281,HAIE-DES-COGNETS (BOUL DE LA),M,"48,0804300"," -1,7368900",35,2019,50.0,1.0,1.0,4.0,2269916,1.0,1,4,1,5.0,,-1.0,0,1936.0,B01,138Â 199Â 888,1.0,0.0,-1.0,1732546,2.0,7,,0.0,2.0,1.0,B01,138Â 199Â 888,1.0
1014976,201900056507,5,22,19:30,1,1,6,1.0,5.0,33199,RD650E3 Avenue de CesarÃ©e,M,"44,6219100"," -1,0730500",33,2019,50.0,1.0,1.0,3.0,2269917,1.0,1,1,1,1.0,,0.0,0,1980.0,A01,138Â 199Â 883,1.0,-1.0,-1.0,1732547,2.0,7,,8.0,2.0,1.0,A01,138Â 199Â 883,1.0
1014976,201900056507,5,22,19:30,1,1,6,1.0,5.0,33199,RD650E3 Avenue de CesarÃ©e,M,"44,6219100"," -1,0730500",33,2019,50.0,1.0,1.0,3.0,2269917,1.0,1,1,1,1.0,,0.0,0,1980.0,A01,138Â 199Â 883,1.0,-1.0,-1.0,1732548,2.0,7,,0.0,2.0,4.0,B01,138Â 199Â 884,1.0
1014976,201900056507,5,22,19:30,1,1,6,1.0,5.0,33199,RD650E3 Avenue de CesarÃ©e,M,"44,6219100"," -1,0730500",33,2019,50.0,1.0,1.0,3.0,2269917,1.0,1,1,1,1.0,,0.0,0,1980.0,A01,138Â 199Â 883,1.0,-1.0,-1.0,1732549,1.0,7,,0.0,2.0,1.0,C01,138Â 199Â 885,1.0
1014976,201900056507,5,22,19:30,1,1,6,1.0,5.0,33199,RD650E3 Avenue de CesarÃ©e,M,"44,6219100"," -1,0730500",33,2019,50.0,1.0,1.0,3.0,2269917,1.0,1,1,1,1.0,,0.0,0,1980.0,A01,138Â 199Â 883,1.0,-1.0,-1.0,1732550,2.0,7,,0.0,2.0,4.0,D01,138Â 199Â 887,1.0
1014976,201900056507,5,22,19:30,1,1,6,1.0,5.0,33199,RD650E3 Avenue de CesarÃ©e,M,"44,6219100"," -1,0730500",33,2019,50.0,1.0,1.0,3.0,2269918,1.0,1,4,2,3.0,,0.0,0,1971.0,B01,138Â 199Â 884,1.0,-1.0,-1.0,1732547,2.0,7,,8.0,2.0,1.0,A01,138Â 199Â 883,1.0
1014976,201900056507,5,22,19:30,1,1,6,1.0,5.0,33199,RD650E3 Avenue de CesarÃ©e,M,"44,6219100"," -1,0730500",33,2019,50.0,1.0,1.0,3.0,2269918,1.0,1,4,2,3.0,,0.0,0,1971.0,B01,138Â 199Â 884,1.0,-1.0,-1.0,1732548,2.0,7,,0.0,2.0,4.0,B01,138Â 199Â 884,1.0
1014976,201900056507,5,22,19:30,1,1,6,1.0,5.0,33199,RD650E3 Avenue de CesarÃ©e,M,"44,6219100"," -1,0730500",33,2019,50.0,1.0,1.0,3.0,2269918,1.0,1,4,2,3.0,,0.0,0,1971.0,B01,138Â 199Â 884,1.0,-1.0,-1.0,1732549,1.0,7,,0.0,2.0,1.0,C01,138Â 199Â 885,1.0
1014976,201900056507,5,22,19:30,1,1,6,1.0,5.0,33199,RD650E3 Avenue de CesarÃ©e,M,"44,6219100"," -1,0730500",33,2019,50.0,1.0,1.0,3.0,2269918,1.0,1,4,2,3.0,,0.0,0,1971.0,B01,138Â 199Â 884,1.0,-1.0,-1.0,1732550,2.0,7,,0.0,2.0,4.0,D01,138Â 199Â 887,1.0
1014976,201900056507,5,22,19:30,1,1,6,1.0,5.0,33199,RD650E3 Avenue de CesarÃ©e,M,"44,6219100"," -1,0730500",33,2019,50.0,1.0,1.0,3.0,2269919,2.0,2,4,2,5.0,,-1.0, -1,1956.0,C01,138Â 199Â 885,1.0,0.0,0.0,1732547,2.0,7,,8.0,2.0,1.0,A01,138Â 199Â 883,1.0
1014976,201900056507,5,22,19:30,1,1,6,1.0,5.0,33199,RD650E3 Avenue de CesarÃ©e,M,"44,6219100"," -1,0730500",33,2019,50.0,1.0,1.0,3.0,2269919,2.0,2,4,2,5.0,,-1.0, -1,1956.0,C01,138Â 199Â 885,1.0,0.0,0.0,1732548,2.0,7,,0.0,2.0,4.0,B01,138Â 199Â 884,1.0
1014976,201900056507,5,22,19:30,1,1,6,1.0,5.0,33199,RD650E3 Avenue de CesarÃ©e,M,"44,6219100"," -1,0730500",33,2019,50.0,1.0,1.0,3.0,2269919,2.0,2,4,2,5.0,,-1.0, -1,1956.0,C01,138Â 199Â 885,1.0,0.0,0.0,1732549,1.0,7,,0.0,2.0,1.0,C01,138Â 199Â 885,1.0
1014976,201900056507,5,22,19:30,1,1,6,1.0,5.0,33199,RD650E3 Avenue de CesarÃ©e,M,"44,6219100"," -1,0730500",33,2019,50.0,1.0,1.0,3.0,2269919,2.0,2,4,2,5.0,,-1.0, -1,1956.0,C01,138Â 199Â 885,1.0,0.0,0.0,1732550,2.0,7,,0.0,2.0,4.0,D01,138Â 199Â 887,1.0
1014976,201900056507,5,22,19:30,1,1,6,1.0,5.0,33199,RD650E3 Avenue de CesarÃ©e,M,"44,6219100"," -1,0730500",33,2019,50.0,1.0,1.0,3.0,2269920,1.0,1,4,1,5.0,,0.0,0,1950.0,C01,138Â 199Â 885,1.0,-1.0,-1.0,1732547,2.0,7,,8.0,2.0,1.0,A01,138Â 199Â 883,1.0
1014976,201900056507,5,22,19:30,1,1,6,1.0,5.0,33199,RD650E3 Avenue de CesarÃ©e,M,"44,6219100"," -1,0730500",33,2019,50.0,1.0,1.0,3.0,2269920,1.0,1,4,1,5.0,,0.0,0,1950.0,C01,138Â 199Â 885,1.0,-1.0,-1.0,1732548,2.0,7,,0.0,2.0,4.0,B01,138Â 199Â 884,1.0
1014976,201900056507,5,22,19:30,1,1,6,1.0,5.0,33199,RD650E3 Avenue de CesarÃ©e,M,"44,6219100"," -1,0730500",33,2019,50.0,1.0,1.0,3.0,2269920,1.0,1,4,1,5.0,,0.0,0,1950.0,C01,138Â 199Â 885,1.0,-1.0,-1.0,1732549,1.0,7,,0.0,2.0,1.0,C01,138Â 199Â 885,1.0
1014976,201900056507,5,22,19:30,1,1,6,1.0,5.0,33199,RD650E3 Avenue de CesarÃ©e,M,"44,6219100"," -1,0730500",33,2019,50.0,1.0,1.0,3.0,2269920,1.0,1,4,1,5.0,,0.0,0,1950.0,C01,138Â 199Â 885,1.0,-1.0,-1.0,1732550,2.0,7,,0.0,2.0,4.0,D01,138Â 199Â 887,1.0
1014976,201900056507,5,22,19:30,1,1,6,1.0,5.0,33199,RD650E3 Avenue de CesarÃ©e,M,"44,6219100"," -1,0730500",33,2019,50.0,1.0,1.0,3.0,2269921,1.0,1,1,2,5.0,,0.0,0,1957.0,D01,138Â 199Â 887,1.0,-1.0,-1.0,1732547,2.0,7,,8.0,2.0,1.0,A01,138Â 199Â 883,1.0
1014976,201900056507,5,22,19:30,1,1,6,1.0,5.0,33199,RD650E3 Avenue de CesarÃ©e,M,"44,6219100"," -1,0730500",33,2019,50.0,1.0,1.0,3.0,2269921,1.0,1,1,2,5.0,,0.0,0,1957.0,D01,138Â 199Â 887,1.0,-1.0,-1.0,1732548,2.0,7,,0.0,2.0,4.0,B01,138Â 199Â 884,1.0
1014976,201900056507,5,22,19:30,1,1,6,1.0,5.0,33199,RD650E3 Avenue de CesarÃ©e,M,"44,6219100"," -1,0730500",33,2019,50.0,1.0,1.0,3.0,2269921,1.0,1,1,2,5.0,,0.0,0,1957.0,D01,138Â 199Â 887,1.0,-1.0,-1.0,1732549,1.0,7,,0.0,2.0,1.0,C01,138Â 199Â 885,1.0
1014976,201900056507,5,22,19:30,1,1,6,1.0,5.0,33199,RD650E3 Avenue de CesarÃ©e,M,"44,6219100"," -1,0730500",33,2019,50.0,1.0,1.0,3.0,2269921,1.0,1,1,2,5.0,,0.0,0,1957.0,D01,138Â 199Â 887,1.0,-1.0,-1.0,1732550,2.0,7,,0.0,2.0,4.0,D01,138Â 199Â 887,1.0
1014977,201900056508,5,3,22:30,5,2,2,1.0,3.0,33199,49 Rue Jules Barat,M,"44,6408460"," -1,0640530",33,2019,50.0,1.0,1.0,4.0,2269922,2.0,2,1,1,5.0,,0.0,0,2002.0,A01,138Â 199Â 881,2.0,-1.0,-1.0,1732551,1.0,7,,0.0,0.0,8.0,B01,138Â 199Â 879,1.0
1014977,201900056508,5,3,22:30,5,2,2,1.0,3.0,33199,49 Rue Jules Barat,M,"44,6408460"," -1,0640530",33,2019,50.0,1.0,1.0,4.0,2269922,2.0,2,1,1,5.0,,0.0,0,2002.0,A01,138Â 199Â 881,2.0,-1.0,-1.0,1732552,1.0,2,,0.0,2.0,1.0,A01,138Â 199Â 881,1.0
1014977,201900056508,5,3,22:30,5,2,2,1.0,3.0,33199,49 Rue Jules Barat,M,"44,6408460"," -1,0640530",33,2019,50.0,1.0,1.0,4.0,2269923,1.0,1,3,1,5.0,,0.0,0,2002.0,A01,138Â 199Â 881,2.0,-1.0,-1.0,1732551,1.0,7,,0.0,0.0,8.0,B01,138Â 199Â 879,1.0
1014977,201900056508,5,3,22:30,5,2,2,1.0,3.0,33199,49 Rue Jules Barat,M,"44,6408460"," -1,0640530",33,2019,50.0,1.0,1.0,4.0,2269923,1.0,1,3,1,5.0,,0.0,0,2002.0,A01,138Â 199Â 881,2.0,-1.0,-1.0,1732552,1.0,2,,0.0,2.0,1.0,A01,138Â 199Â 881,1.0
1014978,201900056509,2,16,14:35,1,2,3,1.0,3.0,34172,VIEILLE POSTE (RUE DE LA,M,"43,6161300","3,9103500",34,2019,50.0,1.0,1.0,4.0,2269924,1.0,1,1,1,0.0,,-1.0,0,1967.0,B01,138Â 199Â 880,2.0,0.0,-1.0,1732553,1.0,34,,0.0,2.0,1.0,B01,138Â 199Â 880,1.0
1014978,201900056509,2,16,14:35,1,2,3,1.0,3.0,34172,VIEILLE POSTE (RUE DE LA,M,"43,6161300","3,9103500",34,2019,50.0,1.0,1.0,4.0,2269924,1.0,1,1,1,0.0,,-1.0,0,1967.0,B01,138Â 199Â 880,2.0,0.0,-1.0,1732554,2.0,7,,0.0,2.0,5.0,A01,138Â 199Â 882,1.0
1014978,201900056509,2,16,14:35,1,2,3,1.0,3.0,34172,VIEILLE POSTE (RUE DE LA,M,"43,6161300","3,9103500",34,2019,50.0,1.0,1.0,4.0,2269925,2.0,2,4,1,0.0,,-1.0,0,2002.0,B01,138Â 199Â 880,2.0,0.0,-1.0,1732553,1.0,34,,0.0,2.0,1.0,B01,138Â 199Â 880,1.0
1014978,201900056509,2,16,14:35,1,2,3,1.0,3.0,34172,VIEILLE POSTE (RUE DE LA,M,"43,6161300","3,9103500",34,2019,50.0,1.0,1.0,4.0,2269925,2.0,2,4,1,0.0,,-1.0,0,2002.0,B01,138Â 199Â 880,2.0,0.0,-1.0,1732554,2.0,7,,0.0,2.0,5.0,A01,138Â 199Â 882,1.0
1014978,201900056509,2,16,14:35,1,2,3,1.0,3.0,34172,VIEILLE POSTE (RUE DE LA,M,"43,6161300","3,9103500",34,2019,50.0,1.0,1.0,4.0,2269926,1.0,1,1,2,0.0,,-1.0,0,1978.0,A01,138Â 199Â 882,1.0,0.0,-1.0,1732553,1.0,34,,0.0,2.0,1.0,B01,138Â 199Â 880,1.0
1014978,201900056509,2,16,14:35,1,2,3,1.0,3.0,34172,VIEILLE POSTE (RUE DE LA,M,"43,6161300","3,9103500",34,2019,50.0,1.0,1.0,4.0,2269926,1.0,1,1,2,0.0,,-1.0,0,1978.0,A01,138Â 199Â 882,1.0,0.0,-1.0,1732554,2.0,7,,0.0,2.0,5.0,A01,138Â 199Â 882,1.0
1014979,201900056510,5,25,12:45,1,1,1,1.0,1.0,13033,dÃ©partementale D5,M,"43,3555000","5,2033770",13,2019,80.0,1.0,1.0,3.0,2269927,1.0,1,3,1,5.0,,0.0,0,1989.0,B01,138Â 199Â 877,2.0,5.0,6.0,1732555,3.0,33,,0.0,2.0,1.0,B01,138Â 199Â 877,1.0
1014979,201900056510,5,25,12:45,1,1,1,1.0,1.0,13033,dÃ©partementale D5,M,"43,3555000","5,2033770",13,2019,80.0,1.0,1.0,3.0,2269927,1.0,1,3,1,5.0,,0.0,0,1989.0,B01,138Â 199Â 877,2.0,5.0,6.0,1732556,0.0,7,,0.0,2.0,3.0,A01,138Â 199Â 878,1.0
1014979,201900056510,5,25,12:45,1,1,1,1.0,1.0,13033,dÃ©partementale D5,M,"43,3555000","5,2033770",13,2019,80.0,1.0,1.0,3.0,2269928,1.0,1,1,1,4.0,,0.0,0,1988.0,A01,138Â 199Â 878,1.0,-1.0,-1.0,1732555,3.0,33,,0.0,2.0,1.0,B01,138Â 199Â 877,1.0
1014979,201900056510,5,25,12:45,1,1,1,1.0,1.0,13033,dÃ©partementale D5,M,"43,3555000","5,2033770",13,2019,80.0,1.0,1.0,3.0,2269928,1.0,1,1,1,4.0,,0.0,0,1988.0,A01,138Â 199Â 878,1.0,-1.0,-1.0,1732556,0.0,7,,0.0,2.0,3.0,A01,138Â 199Â 878,1.0
1014980,201900056511,5,16,15:05,1,1,1,1.0,6.0,33203,RD 205,M,"45,1883600"," -0,9966300",33,2019,80.0,3.0,1.0,3.0,2269929,1.0,1,2,1,1.0,,0.0,0,1978.0,A01,138Â 199Â 876,0.0,-1.0,-1.0,1732557,1.0,10,,2.0,0.0,2.0,A01,138Â 199Â 876,1.0
1014981,201900056512,12,3,07:18,1,2,6,1.0,6.0,68004,Rue des AlliÃ©s,M,"47,6257310","7,2401650",68,2019,50.0,1.0,1.0,4.0,2269930,10.0,3,4,2,1.0,,3.0,3,1963.0,A01,138Â 199Â 900,0.0,-1.0,-1.0,1732558,2.0,7,,0.0,1.0,1.0,A01,138Â 199Â 900,1.0
1014981,201900056512,12,3,07:18,1,2,6,1.0,6.0,68004,Rue des AlliÃ©s,M,"47,6257310","7,2401650",68,2019,50.0,1.0,1.0,4.0,2269931,1.0,1,1,1,1.0,,0.0,0,1997.0,A01,138Â 199Â 900,1.0,-1.0,-1.0,1732558,2.0,7,,0.0,1.0,1.0,A01,138Â 199Â 900,1.0
1014982,201900056513,2,15,14:35,1,2,1,1.0,3.0,34172,RAYMOND DUGRAND (AVENUE),M,"43,5922600","3,9069000",34,2019,50.0,1.0,1.0,4.0,2269932,1.0,1,4,1,5.0,,-1.0,0,1950.0,B01,138Â 199Â 872,8.0,0.0,-1.0,1732559,2.0,1,,0.0,2.0,8.0,B01,138Â 199Â 872,5.0
1014982,201900056513,2,15,14:35,1,2,1,1.0,3.0,34172,RAYMOND DUGRAND (AVENUE),M,"43,5922600","3,9069000",34,2019,50.0,1.0,1.0,4.0,2269932,1.0,1,4,1,5.0,,-1.0,0,1950.0,B01,138Â 199Â 872,8.0,0.0,-1.0,1732560,1.0,7,,0.0,2.0,2.0,A01,138Â 199Â 873,1.0
1014982,201900056513,2,15,14:35,1,2,1,1.0,3.0,34172,RAYMOND DUGRAND (AVENUE),M,"43,5922600","3,9069000",34,2019,50.0,1.0,1.0,4.0,2269933,1.0,1,1,2,5.0,,-1.0,0,1985.0,A01,138Â 199Â 873,1.0,0.0,-1.0,1732559,2.0,1,,0.0,2.0,8.0,B01,138Â 199Â 872,5.0
1014982,201900056513,2,15,14:35,1,2,1,1.0,3.0,34172,RAYMOND DUGRAND (AVENUE),M,"43,5922600","3,9069000",34,2019,50.0,1.0,1.0,4.0,2269933,1.0,1,1,2,5.0,,-1.0,0,1985.0,A01,138Â 199Â 873,1.0,0.0,-1.0,1732560,1.0,7,,0.0,2.0,2.0,A01,138Â 199Â 873,1.0
1014983,201900056514,5,26,17:00,1,1,1,1.0,1.0,37171,Les Ormeaux,M,"47,4042559","0,8876363",37,2019,80.0,1.0,1.0,3.0,2269934,1.0,1,4,2,5.0,,0.0,0,1970.0,B01,138Â 199Â 871,1.0,-1.0,-1.0,1732561,1.0,7,,0.0,2.0,3.0,B01,138Â 199Â 871,1.0
1014983,201900056514,5,26,17:00,1,1,1,1.0,1.0,37171,Les Ormeaux,M,"47,4042559","0,8876363",37,2019,80.0,1.0,1.0,3.0,2269934,1.0,1,4,2,5.0,,0.0,0,1970.0,B01,138Â 199Â 871,1.0,-1.0,-1.0,1732562,2.0,7,,0.0,2.0,3.0,A01,138Â 199Â 875,1.0
1014983,201900056514,5,26,17:00,1,1,1,1.0,1.0,37171,Les Ormeaux,M,"47,4042559","0,8876363",37,2019,80.0,1.0,1.0,3.0,2269935,7.0,2,4,2,5.0,,0.0,0,2009.0,B01,138Â 199Â 871,3.0,1.0,-1.0,1732561,1.0,7,,0.0,2.0,3.0,B01,138Â 199Â 871,1.0
1014983,201900056514,5,26,17:00,1,1,1,1.0,1.0,37171,Les Ormeaux,M,"47,4042559","0,8876363",37,2019,80.0,1.0,1.0,3.0,2269935,7.0,2,4,2,5.0,,0.0,0,2009.0,B01,138Â 199Â 871,3.0,1.0,-1.0,1732562,2.0,7,,0.0,2.0,3.0,A01,138Â 199Â 875,1.0
1014983,201900056514,5,26,17:00,1,1,1,1.0,1.0,37171,Les Ormeaux,M,"47,4042559","0,8876363",37,2019,80.0,1.0,1.0,3.0,2269936,9.0,2,4,2,5.0,,0.0,0,2009.0,B01,138Â 199Â 871,1.0,-1.0,-1.0,1732561,1.0,7,,0.0,2.0,3.0,B01,138Â 199Â 871,1.0
1014983,201900056514,5,26,17:00,1,1,1,1.0,1.0,37171,Les Ormeaux,M,"47,4042559","0,8876363",37,2019,80.0,1.0,1.0,3.0,2269936,9.0,2,4,2,5.0,,0.0,0,2009.0,B01,138Â 199Â 871,1.0,-1.0,-1.0,1732562,2.0,7,,0.0,2.0,3.0,A01,138Â 199Â 875,1.0
1014983,201900056514,5,26,17:00,1,1,1,1.0,1.0,37171,Les Ormeaux,M,"47,4042559","0,8876363",37,2019,80.0,1.0,1.0,3.0,2269937,1.0,1,4,1,0.0,,0.0,0,1959.0,A01,138Â 199Â 875,1.0,-1.0,-1.0,1732561,1.0,7,,0.0,2.0,3.0,B01,138Â 199Â 871,1.0
1014983,201900056514,5,26,17:00,1,1,1,1.0,1.0,37171,Les Ormeaux,M,"47,4042559","0,8876363",37,2019,80.0,1.0,1.0,3.0,2269937,1.0,1,4,1,0.0,,0.0,0,1959.0,A01,138Â 199Â 875,1.0,-1.0,-1.0,1732562,2.0,7,,0.0,2.0,3.0,A01,138Â 199Â 875,1.0
1014984,201900056515,12,3,18:05,3,1,3,1.0,3.0,68338,45 Route de Colmar,M,"48,0846290","7,3016190",68,2019,70.0,1.0,1.0,3.0,2269938,1.0,1,1,1,1.0,,0.0,0,1979.0,A01,138Â 199Â 870,1.0,-1.0,-1.0,1732563,3.0,7,,0.0,2.0,1.0,A01,138Â 199Â 870,1.0
1014984,201900056515,12,3,18:05,3,1,3,1.0,3.0,68338,45 Route de Colmar,M,"48,0846290","7,3016190",68,2019,70.0,1.0,1.0,3.0,2269938,1.0,1,1,1,1.0,,0.0,0,1979.0,A01,138Â 199Â 870,1.0,-1.0,-1.0,1732564,1.0,2,,0.0,0.0,7.0,B01,138Â 199Â 874,1.0
1014984,201900056515,12,3,18:05,3,1,3,1.0,3.0,68338,45 Route de Colmar,M,"48,0846290","7,3016190",68,2019,70.0,1.0,1.0,3.0,2269939,1.0,1,3,1,2.0,,0.0,0,2004.0,B01,138Â 199Â 874,2.0,6.0,-1.0,1732563,3.0,7,,0.0,2.0,1.0,A01,138Â 199Â 870,1.0
1014984,201900056515,12,3,18:05,3,1,3,1.0,3.0,68338,45 Route de Colmar,M,"48,0846290","7,3016190",68,2019,70.0,1.0,1.0,3.0,2269939,1.0,1,3,1,2.0,,0.0,0,2004.0,B01,138Â 199Â 874,2.0,6.0,-1.0,1732564,1.0,2,,0.0,0.0,7.0,B01,138Â 199Â 874,1.0
1014985,201900056516,5,22,16:40,1,1,2,1.0,3.0,37003,Boulevard Saint-Denis Hors,M,"47,4069370","1,0209160",37,2019,70.0,1.0,1.0,3.0,2269940,1.0,1,1,1,0.0,,0.0,0,1985.0,A01,138Â 199Â 864,2.0,6.0,-1.0,1732565,2.0,33,,0.0,2.0,7.0,A01,138Â 199Â 864,1.0
1014985,201900056516,5,22,16:40,1,1,2,1.0,3.0,37003,Boulevard Saint-Denis Hors,M,"47,4069370","1,0209160",37,2019,70.0,1.0,1.0,3.0,2269940,1.0,1,1,1,0.0,,0.0,0,1985.0,A01,138Â 199Â 864,2.0,6.0,-1.0,1732566,2.0,31,,0.0,2.0,8.0,B01,138Â 199Â 867,1.0
1014985,201900056516,5,22,16:40,1,1,2,1.0,3.0,37003,Boulevard Saint-Denis Hors,M,"47,4069370","1,0209160",37,2019,70.0,1.0,1.0,3.0,2269941,2.0,2,1,2,5.0,,0.0,0,1984.0,A01,138Â 199Â 864,2.0,6.0,-1.0,1732565,2.0,33,,0.0,2.0,7.0,A01,138Â 199Â 864,1.0
1014985,201900056516,5,22,16:40,1,1,2,1.0,3.0,37003,Boulevard Saint-Denis Hors,M,"47,4069370","1,0209160",37,2019,70.0,1.0,1.0,3.0,2269941,2.0,2,1,2,5.0,,0.0,0,1984.0,A01,138Â 199Â 864,2.0,6.0,-1.0,1732566,2.0,31,,0.0,2.0,8.0,B01,138Â 199Â 867,1.0
1014985,201900056516,5,22,16:40,1,1,2,1.0,3.0,37003,Boulevard Saint-Denis Hors,M,"47,4069370","1,0209160",37,2019,70.0,1.0,1.0,3.0,2269942,1.0,1,4,1,5.0,,0.0,0,1985.0,B01,138Â 199Â 867,2.0,6.0,-1.0,1732565,2.0,33,,0.0,2.0,7.0,A01,138Â 199Â 864,1.0
1014985,201900056516,5,22,16:40,1,1,2,1.0,3.0,37003,Boulevard Saint-Denis Hors,M,"47,4069370","1,0209160",37,2019,70.0,1.0,1.0,3.0,2269942,1.0,1,4,1,5.0,,0.0,0,1985.0,B01,138Â 199Â 867,2.0,6.0,-1.0,1732566,2.0,31,,0.0,2.0,8.0,B01,138Â 199Â 867,1.0
1014986,201900056517,2,14,20:55,5,2,2,1.0,3.0,34172,GLAIZE (RUE),M,"43,6111000","3,8192100",34,2019,50.0,1.0,1.0,4.0,2269943,1.0,1,4,1,4.0,,-1.0,0,1984.0,A01,138Â 199Â 868,8.0,0.0,-1.0,1732567,3.0,1,,0.0,2.0,1.0,A01,138Â 199Â 868,5.0