Unnamed: 0_x,num_acc,mois,jour,hrmn,lum,agg,int,atm,col,com,adr,gps,lat,long,dep,annee,vma,situ,surf,catr,Unnamed: 0_y,place,catu,grav,sexe,trajet,secu,locp,actp,an_nais,num_veh_x,id_vehicule_x,secu1,secu2,secu3,Unnamed: 0,senc,catv,occutc,obs,obsm,choc,num_veh_y,id_vehicule_y,motor
1015009,201900056540,12,3,13:30,1,2,1,1.0,5.0,97608,Rue Mangamagari,M," -12,7877120","45,2716170",976,2019,-1.0,1.0,1.0,4.0,2269986,1.0,1,1,2,1.0,,0.0,0,1975.0,A01,138Â 199Â 828,1.0,-1.0,-1.0,1732603,3.0,7,,0.0,2.0,7.0,A01,138Â 199Â 828,1.0
1015009,201900056540,12,3,13:30,1,2,1,1.0,5.0,97608,Rue Mangamagari,M," -12,7877120","45,2716170",976,2019,-1.0,1.0,1.0,4.0,2269986,1.0,1,1,2,1.0,,0.0,0,1975.0,A01,138Â 199Â 828,1.0,-1.0,-1.0,1732604,3.0,7,,0.0,2.0,1.0,B01,138Â 199Â 830,1.0
1015009,201900056540,12,3,13:30,1,2,1,1.0,5.0,97608,Rue Mangamagari,M," -12,7877120","45,2716170",976,2019,-1.0,1.0,1.0,4.0,2269986,1.0,1,1,2,1.0,,0.0,0,1975.0,A01,138Â 199Â 828,1.0,-1.0,-1.0,1732605,3.0,33,,0.0,2.0,1.0,C01,138Â 199Â 831,1.0
1015009,201900056540,12,3,13:30,1,2,1,1.0,5.0,97608,Rue Mangamagari,M," -12,7877120","45,2716170",976,2019,-1.0,1.0,1.0,4.0,2269987,1.0,1,1,1,0.0,,0.0,0,1991.0,B01,138Â 199Â 830,1.0,-1.0,-1.0,1732603,3.0,7,,0.0,2.0,7.0,A01,138Â 199Â 828,1.0
1015009,201900056540,12,3,13:30,1,2,1,1.0,5.0,97608,Rue Mangamagari,M," -12,7877120","45,2716170",976,2019,-1.0,1.0,1.0,4.0,2269987,1.0,1,1,1,0.0,,0.0,0,1991.0,B01,138Â 199Â 830,1.0,-1.0,-1.0,1732604,3.0,7,,0.0,2.0,1.0,B01,138Â 199Â 830,1.0
1015009,201900056540,12,3,13:30,1,2,1,1.0,5.0,97608,Rue Mangamagari,M," -12,7877120","45,2716170",976,2019,-1.0,1.0,1.0,4.0,2269987,1.0,1,1,1,0.0,,0.0,0,1991.0,B01,138Â 199Â 830,1.0,-1.0,-1.0,1732605,3.0,33,,0.0,2.0,1.0,C01,138Â 199Â 831,1.0
1015009,201900056540,12,3,13:30,1,2,1,1.0,5.0,97608,Rue Mangamagari,M," -12,7877120","45,2716170",976,2019,-1.0,1.0,1.0,4.0,2269988,1.0,1,3,1,0.0,,0.0,0,1983.0,C01,138Â 199Â 831,2.0,9.0,-1.0,1732603,3.0,7,,0.0,2.0,7.0,A01,138Â 199Â 828,1.0
1015009,201900056540,12,3,13:30,1,2,1,1.0,5.0,97608,Rue Mangamagari,M," -12,7877120","45,2716170",976,2019,-1.0,1.0,1.0,4.0,2269988,1.0,1,3,1,0.0,,0.0,0,1983.0,C01,138Â 199Â 831,2.0,9.0,-1.0,1732604,3.0,7,,0.0,2.0,1.0,B01,138Â 199Â 830,1.0
1015009,201900056540,12,3,13:30,1,2,1,1.0,5.0,97608,Rue Mangamagari,M," -12,7877120","45,2716170",976,2019,-1.0,1.0,1.0,4.0,2269988,1.0,1,3,1,0.0,,0.0,0,1983.0,C01,138Â 199Â 831,2.0,9.0,-1.0,1732605,3.0,33,,0.0,2.0,1.0,C01,138Â 199Â 831,1.0
1015010,201900056541,5,8,19:00,1,1,1,2.0,6.0,77120,D401,M,"49,0240040","3,1402950",77,2019,80.0,3.0,2.0,3.0,2269989,1.0,1,1,2,5.0,,0.0,0,1991.0,A01,138Â 199Â 826,1.0,-1.0,-1.0,1732606,1.0,7,,13.0,9.0,1.0,A01,138Â 199Â 826,1.0
1015010,201900056541,5,8,19:00,1,1,1,2.0,6.0,77120,D401,M,"49,0240040","3,1402950",77,2019,80.0,3.0,2.0,3.0,2269989,1.0,1,1,2,5.0,,0.0,0,1991.0,A01,138Â 199Â 826,1.0,-1.0,-1.0,1732607,1.0,7,,13.0,0.0,1.0,B01,138Â 199Â 827,1.0
1015010,201900056541,5,8,19:00,1,1,1,2.0,6.0,77120,D401,M,"49,0240040","3,1402950",77,2019,80.0,3.0,2.0,3.0,2269990,1.0,1,3,1,5.0,,0.0,0,1954.0,B01,138Â 199Â 827,1.0,-1.0,-1.0,1732606,1.0,7,,13.0,9.0,1.0,A01,138Â 199Â 826,1.0
1015010,201900056541,5,8,19:00,1,1,1,2.0,6.0,77120,D401,M,"49,0240040","3,1402950",77,2019,80.0,3.0,2.0,3.0,2269990,1.0,1,3,1,5.0,,0.0,0,1954.0,B01,138Â 199Â 827,1.0,-1.0,-1.0,1732607,1.0,7,,13.0,0.0,1.0,B01,138Â 199Â 827,1.0
1015011,201900056542,12,2,23:10,3,2,1,1.0,1.0,97418,Route Emile de la Giroday,M," -20,9153010","55,5354380",974,2019,70.0,1.0,1.0,3.0,2269991,1.0,1,3,1,5.0,,0.0,0,1990.0,B01,138Â 199Â 824,0.0,-1.0,-1.0,1732608,0.0,30,,0.0,2.0,1.0,B01,138Â 199Â 824,1.0
1015011,201900056542,12,2,23:10,3,2,1,1.0,1.0,97418,Route Emile de la Giroday,M," -20,9153010","55,5354380",974,2019,70.0,1.0,1.0,3.0,2269991,1.0,1,3,1,5.0,,0.0,0,1990.0,B01,138Â 199Â 824,0.0,-1.0,-1.0,1732609,0.0,7,,0.0,2.0,3.0,A01,138Â 199Â 825,1.0
1015011,201900056542,12,2,23:10,3,2,1,1.0,1.0,97418,Route Emile de la Giroday,M," -20,9153010","55,5354380",974,2019,70.0,1.0,1.0,3.0,2269992,1.0,1,4,1,5.0,,0.0,0,1996.0,A01,138Â 199Â 825,1.0,-1.0,-1.0,1732608,0.0,30,,0.0,2.0,1.0,B01,138Â 199Â 824,1.0
1015011,201900056542,12,2,23:10,3,2,1,1.0,1.0,97418,Route Emile de la Giroday,M," -20,9153010","55,5354380",974,2019,70.0,1.0,1.0,3.0,2269992,1.0,1,4,1,5.0,,0.0,0,1996.0,A01,138Â 199Â 825,1.0,-1.0,-1.0,1732609,0.0,7,,0.0,2.0,3.0,A01,138Â 199Â 825,1.0
1015012,201900056543,5,16,09:10,1,1,1,1.0,2.0,77474,Route Nationale 3,M,"48,9581800","2,8096700",77,2019,90.0,2.0,1.0,2.0,2269993,1.0,1,4,1,1.0,,0.0,0,1989.0,A01,138Â 199Â 822,8.0,-1.0,-1.0,1732610,2.0,7,,0.0,0.0,5.0,A01,138Â 199Â 822,1.0
1015012,201900056543,5,16,09:10,1,1,1,1.0,2.0,77474,Route Nationale 3,M,"48,9581800","2,8096700",77,2019,90.0,2.0,1.0,2.0,2269993,1.0,1,4,1,1.0,,0.0,0,1989.0,A01,138Â 199Â 822,8.0,-1.0,-1.0,1732611,2.0,7,,0.0,2.0,3.0,B01,138Â 199Â 823,1.0
1015012,201900056543,5,16,09:10,1,1,1,1.0,2.0,77474,Route Nationale 3,M,"48,9581800","2,8096700",77,2019,90.0,2.0,1.0,2.0,2269994,1.0,1,1,1,1.0,,0.0,0,1988.0,B01,138Â 199Â 823,8.0,-1.0,-1.0,1732610,2.0,7,,0.0,0.0,5.0,A01,138Â 199Â 822,1.0
1015012,201900056543,5,16,09:10,1,1,1,1.0,2.0,77474,Route Nationale 3,M,"48,9581800","2,8096700",77,2019,90.0,2.0,1.0,2.0,2269994,1.0,1,1,1,1.0,,0.0,0,1988.0,B01,138Â 199Â 823,8.0,-1.0,-1.0,1732611,2.0,7,,0.0,2.0,3.0,B01,138Â 199Â 823,1.0
1015013,201900056544,2,16,16:15,1,2,1,1.0,3.0,34003,LOUBATIERE (BD JEAN MONNET,M,"43,3028800","3,4851300",34,2019,30.0,1.0,1.0,4.0,2269995,1.0,1,3,2,5.0,,-1.0,0,1951.0,B01,138Â 199Â 818,8.0,0.0,-1.0,1732612,3.0,80,,0.0,2.0,6.0,B01,138Â 199Â 818,3.0
1015013,201900056544,2,16,16:15,1,2,1,1.0,3.0,34003,LOUBATIERE (BD JEAN MONNET,M,"43,3028800","3,4851300",34,2019,30.0,1.0,1.0,4.0,2269995,1.0,1,3,2,5.0,,-1.0,0,1951.0,B01,138Â 199Â 818,8.0,0.0,-1.0,1732613,3.0,7,,0.0,2.0,1.0,A01,138Â 199Â 846,1.0
1015013,201900056544,2,16,16:15,1,2,1,1.0,3.0,34003,LOUBATIERE (BD JEAN MONNET,M,"43,3028800","3,4851300",34,2019,30.0,1.0,1.0,4.0,2269996,1.0,1,1,2,3.0,,-1.0,0,1930.0,A01,138Â 199Â 846,1.0,8.0,-1.0,1732612,3.0,80,,0.0,2.0,6.0,B01,138Â 199Â 818,3.0
1015013,201900056544,2,16,16:15,1,2,1,1.0,3.0,34003,LOUBATIERE (BD JEAN MONNET,M,"43,3028800","3,4851300",34,2019,30.0,1.0,1.0,4.0,2269996,1.0,1,1,2,3.0,,-1.0,0,1930.0,A01,138Â 199Â 846,1.0,8.0,-1.0,1732613,3.0,7,,0.0,2.0,1.0,A01,138Â 199Â 846,1.0
1015014,201900056545,5,20,03:45,3,1,1,1.0,1.0,77322,Route DÃ©partementale26 A,M,"49,0604300","2,5944100",77,2019,70.0,1.0,1.0,3.0,2269997,1.0,1,3,2,1.0,,0.0,0,1995.0,B01,138Â 199Â 816,8.0,-1.0,-1.0,1732614,1.0,7,,0.0,2.0,1.0,B01,138Â 199Â 816,1.0
1015014,201900056545,5,20,03:45,3,1,1,1.0,1.0,77322,Route DÃ©partementale26 A,M,"49,0604300","2,5944100",77,2019,70.0,1.0,1.0,3.0,2269997,1.0,1,3,2,1.0,,0.0,0,1995.0,B01,138Â 199Â 816,8.0,-1.0,-1.0,1732615,2.0,7,,0.0,2.0,3.0,A01,138Â 199Â 819,1.0
1015014,201900056545,5,20,03:45,3,1,1,1.0,1.0,77322,Route DÃ©partementale26 A,M,"49,0604300","2,5944100",77,2019,70.0,1.0,1.0,3.0,2269998,2.0,2,3,2,1.0,,0.0,0,1982.0,B01,138Â 199Â 816,8.0,-1.0,-1.0,1732614,1.0,7,,0.0,2.0,1.0,B01,138Â 199Â 816,1.0
1015014,201900056545,5,20,03:45,3,1,1,1.0,1.0,77322,Route DÃ©partementale26 A,M,"49,0604300","2,5944100",77,2019,70.0,1.0,1.0,3.0,2269998,2.0,2,3,2,1.0,,0.0,0,1982.0,B01,138Â 199Â 816,8.0,-1.0,-1.0,1732615,2.0,7,,0.0,2.0,3.0,A01,138Â 199Â 819,1.0
1015014,201900056545,5,20,03:45,3,1,1,1.0,1.0,77322,Route DÃ©partementale26 A,M,"49,0604300","2,5944100",77,2019,70.0,1.0,1.0,3.0,2269999,1.0,1,3,1,1.0,,0.0,0,1964.0,A01,138Â 199Â 819,1.0,5.0,-1.0,1732614,1.0,7,,0.0,2.0,1.0,B01,138Â 199Â 816,1.0
1015014,201900056545,5,20,03:45,3,1,1,1.0,1.0,77322,Route DÃ©partementale26 A,M,"49,0604300","2,5944100",77,2019,70.0,1.0,1.0,3.0,2269999,1.0,1,3,1,1.0,,0.0,0,1964.0,A01,138Â 199Â 819,1.0,5.0,-1.0,1732615,2.0,7,,0.0,2.0,3.0,A01,138Â 199Â 819,1.0
1015015,201900056546,2,7,17:40,1,2,3,1.0,3.0,33281,RTE JEAN BRIAUD,M,"44,8218400"," -0,6723200",33,2019,30.0,8.0,1.0,4.0,2270000,1.0,1,1,2,0.0,,-1.0, -1,1987.0,B01,138Â 199Â 814,8.0,0.0,-1.0,1732616,1.0,7,,0.0,2.0,3.0,B01,138Â 199Â 814,1.0
1015015,201900056546,2,7,17:40,1,2,3,1.0,3.0,33281,RTE JEAN BRIAUD,M,"44,8218400"," -0,6723200",33,2019,30.0,8.0,1.0,4.0,2270000,1.0,1,1,2,0.0,,-1.0, -1,1987.0,B01,138Â 199Â 814,8.0,0.0,-1.0,1732617,1.0,31,,0.0,2.0,1.0,A01,138Â 199Â 815,1.0
1015015,201900056546,2,7,17:40,1,2,3,1.0,3.0,33281,RTE JEAN BRIAUD,M,"44,8218400"," -0,6723200",33,2019,30.0,8.0,1.0,4.0,2270001,1.0,1,4,1,0.0,,-1.0, -1,1999.0,A01,138Â 199Â 815,8.0,0.0,-1.0,1732616,1.0,7,,0.0,2.0,3.0,B01,138Â 199Â 814,1.0
1015015,201900056546,2,7,17:40,1,2,3,1.0,3.0,33281,RTE JEAN BRIAUD,M,"44,8218400"," -0,6723200",33,2019,30.0,8.0,1.0,4.0,2270001,1.0,1,4,1,0.0,,-1.0, -1,1999.0,A01,138Â 199Â 815,8.0,0.0,-1.0,1732617,1.0,31,,0.0,2.0,1.0,A01,138Â 199Â 815,1.0
1015016,201900056547,5,17,00:15,3,1,1,1.0,6.0,77360,ROUTE DEPARTEMENTALE 231,M,"48,7329900","3,0003500",77,2019,80.0,3.0,1.0,3.0,2270002,1.0,1,2,1,5.0,,0.0,0,1945.0,A01,138Â 199Â 813,8.0,-1.0,-1.0,1732618,2.0,7,,2.0,0.0,3.0,A01,138Â 199Â 813,0.0
1015017,201900056548,5,29,18:10,1,2,1,1.0,2.0,77440,D603-55 rue de metz,M,"48,9474010","3,0827030",77,2019,50.0,1.0,1.0,3.0,2270003,1.0,1,4,2,1.0,,0.0,0,2000.0,B01,138Â 199Â 809,1.0,-1.0,-1.0,1732619,2.0,7,,0.0,2.0,4.0,B01,138Â 199Â 809,1.0
1015017,201900056548,5,29,18:10,1,2,1,1.0,2.0,77440,D603-55 rue de metz,M,"48,9474010","3,0827030",77,2019,50.0,1.0,1.0,3.0,2270003,1.0,1,4,2,1.0,,0.0,0,2000.0,B01,138Â 199Â 809,1.0,-1.0,-1.0,1732620,2.0,10,,0.0,2.0,1.0,A01,138Â 199Â 811,1.0
1015017,201900056548,5,29,18:10,1,2,1,1.0,2.0,77440,D603-55 rue de metz,M,"48,9474010","3,0827030",77,2019,50.0,1.0,1.0,3.0,2270004,1.0,1,1,1,1.0,,0.0,0,1958.0,A01,138Â 199Â 811,1.0,-1.0,-1.0,1732619,2.0,7,,0.0,2.0,4.0,B01,138Â 199Â 809,1.0
1015017,201900056548,5,29,18:10,1,2,1,1.0,2.0,77440,D603-55 rue de metz,M,"48,9474010","3,0827030",77,2019,50.0,1.0,1.0,3.0,2270004,1.0,1,1,1,1.0,,0.0,0,1958.0,A01,138Â 199Â 811,1.0,-1.0,-1.0,1732620,2.0,10,,0.0,2.0,1.0,A01,138Â 199Â 811,1.0
1015018,201900056549,2,12,11:45,1,2,3,1.0,3.0,33069,BD GODARD,M,"44,8657800"," -0,5764500",33,2019,50.0,8.0,1.0,4.0,2270005,1.0,1,4,1,5.0,,-1.0, -1,2001.0,B01,138Â 199Â 810,8.0,0.0,-1.0,1732621,0.0,1,,0.0,2.0,1.0,B01,138Â 199Â 810,5.0
1015018,201900056549,2,12,11:45,1,2,3,1.0,3.0,33069,BD GODARD,M,"44,8657800"," -0,5764500",33,2019,50.0,8.0,1.0,4.0,2270005,1.0,1,4,1,5.0,,-1.0, -1,2001.0,B01,138Â 199Â 810,8.0,0.0,-1.0,1732622,0.0,10,,0.0,2.0,0.0,A01,138Â 199Â 812,1.0
1015018,201900056549,2,12,11:45,1,2,3,1.0,3.0,33069,BD GODARD,M,"44,8657800"," -0,5764500",33,2019,50.0,8.0,1.0,4.0,2270006,1.0,1,1,1,4.0,,-1.0, -1,1988.0,A01,138Â 199Â 812,8.0,0.0,-1.0,1732621,0.0,1,,0.0,2.0,1.0,B01,138Â 199Â 810,5.0
1015018,201900056549,2,12,11:45,1,2,3,1.0,3.0,33069,BD GODARD,M,"44,8657800"," -0,5764500",33,2019,50.0,8.0,1.0,4.0,2270006,1.0,1,1,1,4.0,,-1.0, -1,1988.0,A01,138Â 199Â 812,8.0,0.0,-1.0,1732622,0.0,10,,0.0,2.0,0.0,A01,138Â 199Â 812,1.0
1015019,201900056550,11,30,10:30,1,1,1,1.0,4.0,97305,N1,M,"4,9074650"," -52,3679230",973,2019,70.0,1.0,1.0,2.0,2270007,1.0,1,1,1,5.0,,0.0,0,1987.0,A01,138Â 199Â 817,1.0,-1.0,-1.0,1732623,1.0,7,,0.0,2.0,3.0,A01,138Â 199Â 817,1.0
1015019,201900056550,11,30,10:30,1,1,1,1.0,4.0,97305,N1,M,"4,9074650"," -52,3679230",973,2019,70.0,1.0,1.0,2.0,2270007,1.0,1,1,1,5.0,,0.0,0,1987.0,A01,138Â 199Â 817,1.0,-1.0,-1.0,1732624,2.0,7,,0.0,2.0,1.0,B01,138Â 199Â 820,1.0
1015019,201900056550,11,30,10:30,1,1,1,1.0,4.0,97305,N1,M,"4,9074650"," -52,3679230",973,2019,70.0,1.0,1.0,2.0,2270007,1.0,1,1,1,5.0,,0.0,0,1987.0,A01,138Â 199Â 817,1.0,-1.0,-1.0,1732625,2.0,7,,0.0,2.0,1.0,C01,138Â 199Â 821,1.0
1015019,201900056550,11,30,10:30,1,1,1,1.0,4.0,97305,N1,M,"4,9074650"," -52,3679230",973,2019,70.0,1.0,1.0,2.0,2270008,7.0,2,1,1,5.0,,0.0,0,1982.0,A01,138Â 199Â 817,0.0,-1.0,-1.0,1732623,1.0,7,,0.0,2.0,3.0,A01,138Â 199Â 817,1.0
1015019,201900056550,11,30,10:30,1,1,1,1.0,4.0,97305,N1,M,"4,9074650"," -52,3679230",973,2019,70.0,1.0,1.0,2.0,2270008,7.0,2,1,1,5.0,,0.0,0,1982.0,A01,138Â 199Â 817,0.0,-1.0,-1.0,1732624,2.0,7,,0.0,2.0,1.0,B01,138Â 199Â 820,1.0
1015019,201900056550,11,30,10:30,1,1,1,1.0,4.0,97305,N1,M,"4,9074650"," -52,3679230",973,2019,70.0,1.0,1.0,2.0,2270008,7.0,2,1,1,5.0,,0.0,0,1982.0,A01,138Â 199Â 817,0.0,-1.0,-1.0,1732625,2.0,7,,0.0,2.0,1.0,C01,138Â 199Â 821,1.0
1015019,201900056550,11,30,10:30,1,1,1,1.0,4.0,97305,N1,M,"4,9074650"," -52,3679230",973,2019,70.0,1.0,1.0,2.0,2270009,1.0,1,3,2,5.0,,0.0,0,1994.0,B01,138Â 199Â 820,1.0,-1.0,-1.0,1732623,1.0,7,,0.0,2.0,3.0,A01,138Â 199Â 817,1.0
1015019,201900056550,11,30,10:30,1,1,1,1.0,4.0,97305,N1,M,"4,9074650"," -52,3679230",973,2019,70.0,1.0,1.0,2.0,2270009,1.0,1,3,2,5.0,,0.0,0,1994.0,B01,138Â 199Â 820,1.0,-1.0,-1.0,1732624,2.0,7,,0.0,2.0,1.0,B01,138Â 199Â 820,1.0
1015019,201900056550,11,30,10:30,1,1,1,1.0,4.0,97305,N1,M,"4,9074650"," -52,3679230",973,2019,70.0,1.0,1.0,2.0,2270009,1.0,1,3,2,5.0,,0.0,0,1994.0,B01,138Â 199Â 820,1.0,-1.0,-1.0,1732625,2.0,7,,0.0,2.0,1.0,C01,138Â 199Â 821,1.0
1015019,201900056550,11,30,10:30,1,1,1,1.0,4.0,97305,N1,M,"4,9074650"," -52,3679230",973,2019,70.0,1.0,1.0,2.0,2270010,1.0,1,4,2,5.0,,0.0,0,1957.0,C01,138Â 199Â 821,1.0,-1.0,-1.0,1732623,1.0,7,,0.0,2.0,3.0,A01,138Â 199Â 817,1.0
1015019,201900056550,11,30,10:30,1,1,1,1.0,4.0,97305,N1,M,"4,9074650"," -52,3679230",973,2019,70.0,1.0,1.0,2.0,2270010,1.0,1,4,2,5.0,,0.0,0,1957.0,C01,138Â 199Â 821,1.0,-1.0,-1.0,1732624,2.0,7,,0.0,2.0,1.0,B01,138Â 199Â 820,1.0
1015019,201900056550,11,30,10:30,1,1,1,1.0,4.0,97305,N1,M,"4,9074650"," -52,3679230",973,2019,70.0,1.0,1.0,2.0,2270010,1.0,1,4,2,5.0,,0.0,0,1957.0,C01,138Â 199Â 821,1.0,-1.0,-1.0,1732625,2.0,7,,0.0,2.0,1.0,C01,138Â 199Â 821,1.0
1015020,201900056551,2,17,01:57,3,1,9,1.0,7.0,32013,ROCADE (RN 124 EST),M,"43,6604040","0,6388680",32,2019,50.0,1.0,1.0,2.0,2270011,1.0,1,4,1,5.0,,-1.0,0,1974.0,A01,138Â 199Â 807,2.0,8.0,-1.0,1732626,1.0,33,,14.0,0.0,1.0,A01,138Â 199Â 807,1.0
1015021,201900056552,2,14,17:20,1,2,9,1.0,7.0,31069,CARRIERE (RUE),M,"43,6391000","1,3931100",31,2019,50.0,1.0,1.0,4.0,2270012,1.0,1,4,1,0.0,,-1.0,0,1982.0,A01,138Â 199Â 805,2.0,0.0,-1.0,1732627,0.0,43,,0.0,0.0,8.0,A01,138Â 199Â 805,1.0
1015022,201900056553,5,8,12:23,1,2,1,1.0,1.0,77183,D3-Rue Pierre Marx,M,"48,9498800","3,1135900",77,2019,30.0,1.0,2.0,3.0,2270013,1.0,1,3,1,0.0,,0.0,0,1927.0,A01,138Â 199Â 806,1.0,-1.0,-1.0,1732628,2.0,7,,0.0,2.0,3.0,A01,138Â 199Â 806,1.0
1015022,201900056553,5,8,12:23,1,2,1,1.0,1.0,77183,D3-Rue Pierre Marx,M,"48,9498800","3,1135900",77,2019,30.0,1.0,2.0,3.0,2270013,1.0,1,3,1,0.0,,0.0,0,1927.0,A01,138Â 199Â 806,1.0,-1.0,-1.0,1732629,1.0,7,,0.0,2.0,3.0,B01,138Â 199Â 808,1.0
1015022,201900056553,5,8,12:23,1,2,1,1.0,1.0,77183,D3-Rue Pierre Marx,M,"48,9498800","3,1135900",77,2019,30.0,1.0,2.0,3.0,2270014,1.0,1,1,1,0.0,,0.0,0,1952.0,B01,138Â 199Â 808,1.0,-1.0,-1.0,1732628,2.0,7,,0.0,2.0,3.0,A01,138Â 199Â 806,1.0
1015022,201900056553,5,8,12:23,1,2,1,1.0,1.0,77183,D3-Rue Pierre Marx,M,"48,9498800","3,1135900",77,2019,30.0,1.0,2.0,3.0,2270014,1.0,1,1,1,0.0,,0.0,0,1952.0,B01,138Â 199Â 808,1.0,-1.0,-1.0,1732629,1.0,7,,0.0,2.0,3.0,B01,138Â 199Â 808,1.0
1015022,201900056553,5,8,12:23,1,2,1,1.0,1.0,77183,D3-Rue Pierre Marx,M,"48,9498800","3,1135900",77,2019,30.0,1.0,2.0,3.0,2270015,2.0,2,1,2,0.0,,0.0,0,1959.0,B01,138Â 199Â 808,1.0,-1.0,-1.0,1732628,2.0,7,,0.0,2.0,3.0,A01,138Â 199Â 806,1.0
1015022,201900056553,5,8,12:23,1,2,1,1.0,1.0,77183,D3-Rue Pierre Marx,M,"48,9498800","3,1135900",77,2019,30.0,1.0,2.0,3.0,2270015,2.0,2,1,2,0.0,,0.0,0,1959.0,B01,138Â 199Â 808,1.0,-1.0,-1.0,1732629,1.0,7,,0.0,2.0,3.0,B01,138Â 199Â 808,1.0
1015023,201900056554,2,14,17:00,1,2,1,1.0,3.0,31555,CHE DU MIRAIL,M,"43,5819000","1,4001300",31,2019,50.0,1.0,1.0,4.0,2270016,1.0,1,1,1,4.0,,-1.0,0,1989.0,A01,138Â 199Â 803,1.0,7.0,-1.0,1732630,1.0,10,,0.0,2.0,2.0,A01,138Â 199Â 803,1.0
1015023,201900056554,2,14,17:00,1,2,1,1.0,3.0,31555,CHE DU MIRAIL,M,"43,5819000","1,4001300",31,2019,50.0,1.0,1.0,4.0,2270016,1.0,1,1,1,4.0,,-1.0,0,1989.0,A01,138Â 199Â 803,1.0,7.0,-1.0,1732631,2.0,1,,0.0,2.0,1.0,B01,138Â 199Â 804,5.0
1015023,201900056554,2,14,17:00,1,2,1,1.0,3.0,31555,CHE DU MIRAIL,M,"43,5819000","1,4001300",31,2019,50.0,1.0,1.0,4.0,2270017,1.0,1,4,1,2.0,,-1.0,0,1998.0,B01,138Â 199Â 804,2.0,7.0,-1.0,1732630,1.0,10,,0.0,2.0,2.0,A01,138Â 199Â 803,1.0
1015023,201900056554,2,14,17:00,1,2,1,1.0,3.0,31555,CHE DU MIRAIL,M,"43,5819000","1,4001300",31,2019,50.0,1.0,1.0,4.0,2270017,1.0,1,4,1,2.0,,-1.0,0,1998.0,B01,138Â 199Â 804,2.0,7.0,-1.0,1732631,2.0,1,,0.0,2.0,1.0,B01,138Â 199Â 804,5.0
1015024,201900056555,5,22,14:00,1,2,1,1.0,7.0,77413,D8A-rue louis douvizie,M,"48,8803500","2,8522000",77,2019,50.0,1.0,1.0,3.0,2270018,1.0,1,4,1,5.0,,0.0,0,2003.0,A01,138Â 199Â 802,2.0,-1.0,-1.0,1732632,1.0,2,,0.0,0.0,0.0,A01,138Â 199Â 802,1.0
1015025,201900056556,5,1,16:20,1,2,1,1.0,6.0,77128,D8A - 1223 rue de condÃ©,M,"48,8908100","2,8414300",77,2019,50.0,1.0,1.0,3.0,2270019,1.0,1,3,1,5.0,,0.0,0,1937.0,A01,138Â 199Â 799,1.0,-1.0,-1.0,1732633,1.0,7,,11.0,0.0,2.0,A01,138Â 199Â 799,1.0
1015026,201900056557,2,14,07:35,2,2,3,1.0,3.0,31149,GRAMONT (CHEMIN DE),M,"43,6182100","1,3389700",31,2019,50.0,1.0,1.0,4.0,2270020,1.0,1,1,2,9.0,,-1.0,0,1988.0,A01,138Â 199Â 798,1.0,8.0,-1.0,1732634,1.0,7,,0.0,2.0,3.0,A01,138Â 199Â 798,1.0
1015026,201900056557,2,14,07:35,2,2,3,1.0,3.0,31149,GRAMONT (CHEMIN DE),M,"43,6182100","1,3389700",31,2019,50.0,1.0,1.0,4.0,2270020,1.0,1,1,2,9.0,,-1.0,0,1988.0,A01,138Â 199Â 798,1.0,8.0,-1.0,1732635,1.0,1,,0.0,2.0,1.0,B01,138Â 199Â 800,5.0
1015026,201900056557,2,14,07:35,2,2,3,1.0,3.0,31149,GRAMONT (CHEMIN DE),M,"43,6182100","1,3389700",31,2019,50.0,1.0,1.0,4.0,2270021,1.0,1,4,1,1.0,,-1.0,0,1966.0,B01,138Â 199Â 800,2.0,8.0,-1.0,1732634,1.0,7,,0.0,2.0,3.0,A01,138Â 199Â 798,1.0
1015026,201900056557,2,14,07:35,2,2,3,1.0,3.0,31149,GRAMONT (CHEMIN DE),M,"43,6182100","1,3389700",31,2019,50.0,1.0,1.0,4.0,2270021,1.0,1,4,1,1.0,,-1.0,0,1966.0,B01,138Â 199Â 800,2.0,8.0,-1.0,1732635,1.0,1,,0.0,2.0,1.0,B01,138Â 199Â 800,5.0
1015027,201900056558,5,20,07:50,1,2,9,1.0,3.0,77100,D605 X Rue des Dames de Poissy,M,"48,5034410","2,7936240",77,2019,50.0,1.0,1.0,3.0,2270022,1.0,1,1,1,1.0,,0.0,0,1977.0,B01,138Â 199Â 796,1.0,-1.0,-1.0,1732636,1.0,7,,0.0,2.0,3.0,B01,138Â 199Â 796,1.0
1015027,201900056558,5,20,07:50,1,2,9,1.0,3.0,77100,D605 X Rue des Dames de Poissy,M,"48,5034410","2,7936240",77,2019,50.0,1.0,1.0,3.0,2270022,1.0,1,1,1,1.0,,0.0,0,1977.0,B01,138Â 199Â 796,1.0,-1.0,-1.0,1732637,2.0,2,,0.0,2.0,1.0,A01,138Â 199Â 797,1.0
1015027,201900056558,5,20,07:50,1,2,9,1.0,3.0,77100,D605 X Rue des Dames de Poissy,M,"48,5034410","2,7936240",77,2019,50.0,1.0,1.0,3.0,2270023,1.0,1,3,1,1.0,,0.0,0,1964.0,A01,138Â 199Â 797,2.0,-1.0,-1.0,1732636,1.0,7,,0.0,2.0,3.0,B01,138Â 199Â 796,1.0