Unnamed: 0_x,num_acc,mois,jour,hrmn,lum,agg,int,atm,col,com,adr,gps,lat,long,dep,annee,vma,situ,surf,catr,Unnamed: 0_y,place,catu,grav,sexe,trajet,secu,locp,actp,an_nais,num_veh_x,id_vehicule_x,secu1,secu2,secu3,Unnamed: 0,senc,catv,occutc,obs,obsm,choc,num_veh_y,id_vehicule_y,motor
1015027,201900056558,5,20,07:50,1,2,9,1.0,3.0,77100,D605 X Rue des Dames de Poissy,M,"48,5034410","2,7936240",77,2019,50.0,1.0,1.0,3.0,2270023,1.0,1,3,1,1.0,,0.0,0,1964.0,A01,138Â 199Â 797,2.0,-1.0,-1.0,1732637,2.0,2,,0.0,2.0,1.0,A01,138Â 199Â 797,1.0
1015028,201900056559,2,13,11:25,1,2,1,1.0,6.0,31555,CHE CARROSSE,M,"43,5721800","1,4787200",31,2019,50.0,1.0,1.0,4.0,2270024,10.0,3,4,2,9.0,,2.0,5,2007.0,A01,138Â 199Â 795,8.0,0.0,-1.0,1732638,0.0,43,,0.0,1.0,1.0,A01,138Â 199Â 795,1.0
1015028,201900056559,2,13,11:25,1,2,1,1.0,6.0,31555,CHE CARROSSE,M,"43,5721800","1,4787200",31,2019,50.0,1.0,1.0,4.0,2270025,1.0,1,1,1,1.0,,0.0,0,1977.0,A01,138Â 199Â 795,2.0,0.0,-1.0,1732638,0.0,43,,0.0,1.0,1.0,A01,138Â 199Â 795,1.0
1015029,201900056560,11,29,20:10,5,2,1,2.0,6.0,77153,175b avenue du general de Gaulle,M,"49,0573400","2,6836660",77,2019,50.0,1.0,2.0,4.0,2270026,1.0,1,1,2,5.0,,0.0,0,1976.0,A01,138Â 199Â 801,8.0,-1.0,-1.0,1732639,2.0,7,,0.0,1.0,7.0,A01,138Â 199Â 801,1.0
1015029,201900056560,11,29,20:10,5,2,1,2.0,6.0,77153,175b avenue du general de Gaulle,M,"49,0573400","2,6836660",77,2019,50.0,1.0,2.0,4.0,2270027,10.0,3,4,1,0.0,,3.0,3,1983.0,A01,138Â 199Â 801,0.0,-1.0,-1.0,1732639,2.0,7,,0.0,1.0,7.0,A01,138Â 199Â 801,1.0
1015030,201900056561,2,14,07:00,5,2,1,1.0,6.0,31555,RUE SAINT CHARLES,M,"43,6101600","1,4406300",31,2019,30.0,1.0,1.0,4.0,2270028,10.0,3,3,1,5.0,,5.0,4,1973.0,A01,138Â 199Â 793,8.0,0.0,-1.0,1732640,1.0,1,,0.0,1.0,1.0,A01,138Â 199Â 793,5.0
1015030,201900056561,2,14,07:00,5,2,1,1.0,6.0,31555,RUE SAINT CHARLES,M,"43,6101600","1,4406300",31,2019,30.0,1.0,1.0,4.0,2270029,1.0,1,1,1,2.0,,-1.0,0,2003.0,A01,138Â 199Â 793,2.0,0.0,-1.0,1732640,1.0,1,,0.0,1.0,1.0,A01,138Â 199Â 793,5.0
1015031,201900056562,5,3,14:00,1,1,2,1.0,6.0,77179,D227 X ROUTE DE BOISSY,M,"48,4500800","2,8074100",77,2019,80.0,1.0,1.0,3.0,2270030,2.0,2,1,1,1.0,,0.0,0,1960.0,B01,138Â 199Â 792,0.0,-1.0,-1.0,1732641,1.0,16,,0.0,0.0,1.0,B01,138Â 199Â 792,1.0
1015031,201900056562,5,3,14:00,1,1,2,1.0,6.0,77179,D227 X ROUTE DE BOISSY,M,"48,4500800","2,8074100",77,2019,80.0,1.0,1.0,3.0,2270030,2.0,2,1,1,1.0,,0.0,0,1960.0,B01,138Â 199Â 792,0.0,-1.0,-1.0,1732642,2.0,7,,0.0,2.0,2.0,A01,138Â 199Â 794,0.0
1015031,201900056562,5,3,14:00,1,1,2,1.0,6.0,77179,D227 X ROUTE DE BOISSY,M,"48,4500800","2,8074100",77,2019,80.0,1.0,1.0,3.0,2270031,1.0,1,1,1,1.0,,0.0,0,1961.0,B01,138Â 199Â 792,0.0,-1.0,-1.0,1732641,1.0,16,,0.0,0.0,1.0,B01,138Â 199Â 792,1.0
1015031,201900056562,5,3,14:00,1,1,2,1.0,6.0,77179,D227 X ROUTE DE BOISSY,M,"48,4500800","2,8074100",77,2019,80.0,1.0,1.0,3.0,2270031,1.0,1,1,1,1.0,,0.0,0,1961.0,B01,138Â 199Â 792,0.0,-1.0,-1.0,1732642,2.0,7,,0.0,2.0,2.0,A01,138Â 199Â 794,0.0
1015031,201900056562,5,3,14:00,1,1,2,1.0,6.0,77179,D227 X ROUTE DE BOISSY,M,"48,4500800","2,8074100",77,2019,80.0,1.0,1.0,3.0,2270032,1.0,1,4,1,0.0,,0.0,0,1961.0,A01,138Â 199Â 794,1.0,-1.0,-1.0,1732641,1.0,16,,0.0,0.0,1.0,B01,138Â 199Â 792,1.0
1015031,201900056562,5,3,14:00,1,1,2,1.0,6.0,77179,D227 X ROUTE DE BOISSY,M,"48,4500800","2,8074100",77,2019,80.0,1.0,1.0,3.0,2270032,1.0,1,4,1,0.0,,0.0,0,1961.0,A01,138Â 199Â 794,1.0,-1.0,-1.0,1732642,2.0,7,,0.0,2.0,2.0,A01,138Â 199Â 794,0.0
1015032,201900056563,2,13,18:10,1,2,3,1.0,3.0,31555,PLACE DES TIBAOUS,M,"43,5504700","1,3854900",31,2019,30.0,1.0,1.0,4.0,2270033,1.0,1,1,1,0.0,,-1.0,0,1965.0,A01,138Â 199Â 790,1.0,0.0,-1.0,1732643,0.0,7,,0.0,2.0,5.0,A01,138Â 199Â 790,1.0
1015032,201900056563,2,13,18:10,1,2,3,1.0,3.0,31555,PLACE DES TIBAOUS,M,"43,5504700","1,3854900",31,2019,30.0,1.0,1.0,4.0,2270033,1.0,1,1,1,0.0,,-1.0,0,1965.0,A01,138Â 199Â 790,1.0,0.0,-1.0,1732644,0.0,1,,0.0,2.0,1.0,B01,138Â 199Â 791,5.0
1015032,201900056563,2,13,18:10,1,2,3,1.0,3.0,31555,PLACE DES TIBAOUS,M,"43,5504700","1,3854900",31,2019,30.0,1.0,1.0,4.0,2270034,1.0,1,4,1,5.0,,-1.0,0,2011.0,B01,138Â 199Â 791,8.0,0.0,-1.0,1732643,0.0,7,,0.0,2.0,5.0,A01,138Â 199Â 790,1.0
1015032,201900056563,2,13,18:10,1,2,3,1.0,3.0,31555,PLACE DES TIBAOUS,M,"43,5504700","1,3854900",31,2019,30.0,1.0,1.0,4.0,2270034,1.0,1,4,1,5.0,,-1.0,0,2011.0,B01,138Â 199Â 791,8.0,0.0,-1.0,1732644,0.0,1,,0.0,2.0,1.0,B01,138Â 199Â 791,5.0
1015033,201900056564,5,22,19:30,1,2,3,1.0,3.0,95351,Avenue du GÃ©nÃ©ral Leclerc,M,"49,0480440","2,5064500",95,2019,50.0,1.0,1.0,3.0,2270035,1.0,1,3,1,5.0,,0.0,0,1973.0,A01,138Â 199Â 788,2.0,6.0,9.0,1732645,1.0,1,,14.0,2.0,1.0,A01,138Â 199Â 788,0.0
1015033,201900056564,5,22,19:30,1,2,3,1.0,3.0,95351,Avenue du GÃ©nÃ©ral Leclerc,M,"49,0480440","2,5064500",95,2019,50.0,1.0,1.0,3.0,2270035,1.0,1,3,1,5.0,,0.0,0,1973.0,A01,138Â 199Â 788,2.0,6.0,9.0,1732646,3.0,13,,0.0,2.0,3.0,B01,138Â 199Â 789,0.0
1015033,201900056564,5,22,19:30,1,2,3,1.0,3.0,95351,Avenue du GÃ©nÃ©ral Leclerc,M,"49,0480440","2,5064500",95,2019,50.0,1.0,1.0,3.0,2270036,1.0,1,1,1,4.0,,0.0,0,1953.0,B01,138Â 199Â 789,1.0,-1.0,-1.0,1732645,1.0,1,,14.0,2.0,1.0,A01,138Â 199Â 788,0.0
1015033,201900056564,5,22,19:30,1,2,3,1.0,3.0,95351,Avenue du GÃ©nÃ©ral Leclerc,M,"49,0480440","2,5064500",95,2019,50.0,1.0,1.0,3.0,2270036,1.0,1,1,1,4.0,,0.0,0,1953.0,B01,138Â 199Â 789,1.0,-1.0,-1.0,1732646,3.0,13,,0.0,2.0,3.0,B01,138Â 199Â 789,0.0
1015034,201900056565,2,13,13:39,1,1,1,1.0,4.0,31069,A621,M,"43,6214300","1,3994400",31,2019,90.0,1.0,1.0,1.0,2270037,1.0,1,1,2,1.0,,-1.0,0,1991.0,D01,138Â 199Â 782,1.0,8.0,-1.0,1732647,1.0,7,,0.0,2.0,4.0,D01,138Â 199Â 782,1.0
1015034,201900056565,2,13,13:39,1,1,1,1.0,4.0,31069,A621,M,"43,6214300","1,3994400",31,2019,90.0,1.0,1.0,1.0,2270037,1.0,1,1,2,1.0,,-1.0,0,1991.0,D01,138Â 199Â 782,1.0,8.0,-1.0,1732648,1.0,10,,0.0,2.0,4.0,B01,138Â 199Â 784,1.0
1015034,201900056565,2,13,13:39,1,1,1,1.0,4.0,31069,A621,M,"43,6214300","1,3994400",31,2019,90.0,1.0,1.0,1.0,2270037,1.0,1,1,2,1.0,,-1.0,0,1991.0,D01,138Â 199Â 782,1.0,8.0,-1.0,1732649,1.0,7,,0.0,2.0,4.0,E01,138Â 199Â 785,1.0
1015034,201900056565,2,13,13:39,1,1,1,1.0,4.0,31069,A621,M,"43,6214300","1,3994400",31,2019,90.0,1.0,1.0,1.0,2270037,1.0,1,1,2,1.0,,-1.0,0,1991.0,D01,138Â 199Â 782,1.0,8.0,-1.0,1732650,1.0,10,,0.0,2.0,1.0,C01,138Â 199Â 786,1.0
1015034,201900056565,2,13,13:39,1,1,1,1.0,4.0,31069,A621,M,"43,6214300","1,3994400",31,2019,90.0,1.0,1.0,1.0,2270037,1.0,1,1,2,1.0,,-1.0,0,1991.0,D01,138Â 199Â 782,1.0,8.0,-1.0,1732651,1.0,10,,0.0,2.0,1.0,A01,138Â 199Â 787,1.0
1015034,201900056565,2,13,13:39,1,1,1,1.0,4.0,31069,A621,M,"43,6214300","1,3994400",31,2019,90.0,1.0,1.0,1.0,2270038,1.0,1,4,2,5.0,,-1.0,0,1969.0,B01,138Â 199Â 784,1.0,8.0,-1.0,1732647,1.0,7,,0.0,2.0,4.0,D01,138Â 199Â 782,1.0
1015034,201900056565,2,13,13:39,1,1,1,1.0,4.0,31069,A621,M,"43,6214300","1,3994400",31,2019,90.0,1.0,1.0,1.0,2270038,1.0,1,4,2,5.0,,-1.0,0,1969.0,B01,138Â 199Â 784,1.0,8.0,-1.0,1732648,1.0,10,,0.0,2.0,4.0,B01,138Â 199Â 784,1.0
1015034,201900056565,2,13,13:39,1,1,1,1.0,4.0,31069,A621,M,"43,6214300","1,3994400",31,2019,90.0,1.0,1.0,1.0,2270038,1.0,1,4,2,5.0,,-1.0,0,1969.0,B01,138Â 199Â 784,1.0,8.0,-1.0,1732649,1.0,7,,0.0,2.0,4.0,E01,138Â 199Â 785,1.0
1015034,201900056565,2,13,13:39,1,1,1,1.0,4.0,31069,A621,M,"43,6214300","1,3994400",31,2019,90.0,1.0,1.0,1.0,2270038,1.0,1,4,2,5.0,,-1.0,0,1969.0,B01,138Â 199Â 784,1.0,8.0,-1.0,1732650,1.0,10,,0.0,2.0,1.0,C01,138Â 199Â 786,1.0
1015034,201900056565,2,13,13:39,1,1,1,1.0,4.0,31069,A621,M,"43,6214300","1,3994400",31,2019,90.0,1.0,1.0,1.0,2270038,1.0,1,4,2,5.0,,-1.0,0,1969.0,B01,138Â 199Â 784,1.0,8.0,-1.0,1732651,1.0,10,,0.0,2.0,1.0,A01,138Â 199Â 787,1.0
1015034,201900056565,2,13,13:39,1,1,1,1.0,4.0,31069,A621,M,"43,6214300","1,3994400",31,2019,90.0,1.0,1.0,1.0,2270039,3.0,2,4,1,5.0,,-1.0,0,2015.0,B01,138Â 199Â 784,3.0,8.0,-1.0,1732647,1.0,7,,0.0,2.0,4.0,D01,138Â 199Â 782,1.0
1015034,201900056565,2,13,13:39,1,1,1,1.0,4.0,31069,A621,M,"43,6214300","1,3994400",31,2019,90.0,1.0,1.0,1.0,2270039,3.0,2,4,1,5.0,,-1.0,0,2015.0,B01,138Â 199Â 784,3.0,8.0,-1.0,1732648,1.0,10,,0.0,2.0,4.0,B01,138Â 199Â 784,1.0
1015034,201900056565,2,13,13:39,1,1,1,1.0,4.0,31069,A621,M,"43,6214300","1,3994400",31,2019,90.0,1.0,1.0,1.0,2270039,3.0,2,4,1,5.0,,-1.0,0,2015.0,B01,138Â 199Â 784,3.0,8.0,-1.0,1732649,1.0,7,,0.0,2.0,4.0,E01,138Â 199Â 785,1.0
1015034,201900056565,2,13,13:39,1,1,1,1.0,4.0,31069,A621,M,"43,6214300","1,3994400",31,2019,90.0,1.0,1.0,1.0,2270039,3.0,2,4,1,5.0,,-1.0,0,2015.0,B01,138Â 199Â 784,3.0,8.0,-1.0,1732650,1.0,10,,0.0,2.0,1.0,C01,138Â 199Â 786,1.0
1015034,201900056565,2,13,13:39,1,1,1,1.0,4.0,31069,A621,M,"43,6214300","1,3994400",31,2019,90.0,1.0,1.0,1.0,2270039,3.0,2,4,1,5.0,,-1.0,0,2015.0,B01,138Â 199Â 784,3.0,8.0,-1.0,1732651,1.0,10,,0.0,2.0,1.0,A01,138Â 199Â 787,1.0
1015034,201900056565,2,13,13:39,1,1,1,1.0,4.0,31069,A621,M,"43,6214300","1,3994400",31,2019,90.0,1.0,1.0,1.0,2270040,1.0,1,1,2,5.0,,-1.0,0,1983.0,E01,138Â 199Â 785,1.0,8.0,-1.0,1732647,1.0,7,,0.0,2.0,4.0,D01,138Â 199Â 782,1.0
1015034,201900056565,2,13,13:39,1,1,1,1.0,4.0,31069,A621,M,"43,6214300","1,3994400",31,2019,90.0,1.0,1.0,1.0,2270040,1.0,1,1,2,5.0,,-1.0,0,1983.0,E01,138Â 199Â 785,1.0,8.0,-1.0,1732648,1.0,10,,0.0,2.0,4.0,B01,138Â 199Â 784,1.0
1015034,201900056565,2,13,13:39,1,1,1,1.0,4.0,31069,A621,M,"43,6214300","1,3994400",31,2019,90.0,1.0,1.0,1.0,2270040,1.0,1,1,2,5.0,,-1.0,0,1983.0,E01,138Â 199Â 785,1.0,8.0,-1.0,1732649,1.0,7,,0.0,2.0,4.0,E01,138Â 199Â 785,1.0
1015034,201900056565,2,13,13:39,1,1,1,1.0,4.0,31069,A621,M,"43,6214300","1,3994400",31,2019,90.0,1.0,1.0,1.0,2270040,1.0,1,1,2,5.0,,-1.0,0,1983.0,E01,138Â 199Â 785,1.0,8.0,-1.0,1732650,1.0,10,,0.0,2.0,1.0,C01,138Â 199Â 786,1.0
1015034,201900056565,2,13,13:39,1,1,1,1.0,4.0,31069,A621,M,"43,6214300","1,3994400",31,2019,90.0,1.0,1.0,1.0,2270040,1.0,1,1,2,5.0,,-1.0,0,1983.0,E01,138Â 199Â 785,1.0,8.0,-1.0,1732651,1.0,10,,0.0,2.0,1.0,A01,138Â 199Â 787,1.0
1015034,201900056565,2,13,13:39,1,1,1,1.0,4.0,31069,A621,M,"43,6214300","1,3994400",31,2019,90.0,1.0,1.0,1.0,2270041,1.0,1,1,2,4.0,,-1.0,0,1999.0,C01,138Â 199Â 786,1.0,8.0,-1.0,1732647,1.0,7,,0.0,2.0,4.0,D01,138Â 199Â 782,1.0
1015034,201900056565,2,13,13:39,1,1,1,1.0,4.0,31069,A621,M,"43,6214300","1,3994400",31,2019,90.0,1.0,1.0,1.0,2270041,1.0,1,1,2,4.0,,-1.0,0,1999.0,C01,138Â 199Â 786,1.0,8.0,-1.0,1732648,1.0,10,,0.0,2.0,4.0,B01,138Â 199Â 784,1.0
1015034,201900056565,2,13,13:39,1,1,1,1.0,4.0,31069,A621,M,"43,6214300","1,3994400",31,2019,90.0,1.0,1.0,1.0,2270041,1.0,1,1,2,4.0,,-1.0,0,1999.0,C01,138Â 199Â 786,1.0,8.0,-1.0,1732649,1.0,7,,0.0,2.0,4.0,E01,138Â 199Â 785,1.0
1015034,201900056565,2,13,13:39,1,1,1,1.0,4.0,31069,A621,M,"43,6214300","1,3994400",31,2019,90.0,1.0,1.0,1.0,2270041,1.0,1,1,2,4.0,,-1.0,0,1999.0,C01,138Â 199Â 786,1.0,8.0,-1.0,1732650,1.0,10,,0.0,2.0,1.0,C01,138Â 199Â 786,1.0
1015034,201900056565,2,13,13:39,1,1,1,1.0,4.0,31069,A621,M,"43,6214300","1,3994400",31,2019,90.0,1.0,1.0,1.0,2270041,1.0,1,1,2,4.0,,-1.0,0,1999.0,C01,138Â 199Â 786,1.0,8.0,-1.0,1732651,1.0,10,,0.0,2.0,1.0,A01,138Â 199Â 787,1.0
1015034,201900056565,2,13,13:39,1,1,1,1.0,4.0,31069,A621,M,"43,6214300","1,3994400",31,2019,90.0,1.0,1.0,1.0,2270042,1.0,1,1,1,4.0,,-1.0,0,1972.0,A01,138Â 199Â 787,1.0,8.0,-1.0,1732647,1.0,7,,0.0,2.0,4.0,D01,138Â 199Â 782,1.0
1015034,201900056565,2,13,13:39,1,1,1,1.0,4.0,31069,A621,M,"43,6214300","1,3994400",31,2019,90.0,1.0,1.0,1.0,2270042,1.0,1,1,1,4.0,,-1.0,0,1972.0,A01,138Â 199Â 787,1.0,8.0,-1.0,1732648,1.0,10,,0.0,2.0,4.0,B01,138Â 199Â 784,1.0
1015034,201900056565,2,13,13:39,1,1,1,1.0,4.0,31069,A621,M,"43,6214300","1,3994400",31,2019,90.0,1.0,1.0,1.0,2270042,1.0,1,1,1,4.0,,-1.0,0,1972.0,A01,138Â 199Â 787,1.0,8.0,-1.0,1732649,1.0,7,,0.0,2.0,4.0,E01,138Â 199Â 785,1.0
1015034,201900056565,2,13,13:39,1,1,1,1.0,4.0,31069,A621,M,"43,6214300","1,3994400",31,2019,90.0,1.0,1.0,1.0,2270042,1.0,1,1,1,4.0,,-1.0,0,1972.0,A01,138Â 199Â 787,1.0,8.0,-1.0,1732650,1.0,10,,0.0,2.0,1.0,C01,138Â 199Â 786,1.0
1015034,201900056565,2,13,13:39,1,1,1,1.0,4.0,31069,A621,M,"43,6214300","1,3994400",31,2019,90.0,1.0,1.0,1.0,2270042,1.0,1,1,1,4.0,,-1.0,0,1972.0,A01,138Â 199Â 787,1.0,8.0,-1.0,1732651,1.0,10,,0.0,2.0,1.0,A01,138Â 199Â 787,1.0
1015035,201900056566,5,2,22:15,4,2,1,1.0,4.0,91579,Avenue CHARLES RNE DE MORTEMART,M,"48,5400300","2,3422610",91,2019,50.0,1.0,1.0,3.0,2270043,1.0,1,1,1,0.0,,0.0,0,1964.0,C01,138Â 199Â 780,1.0,-1.0,-1.0,1732652,2.0,7,,0.0,0.0,3.0,C01,138Â 199Â 780,1.0
1015035,201900056566,5,2,22:15,4,2,1,1.0,4.0,91579,Avenue CHARLES RNE DE MORTEMART,M,"48,5400300","2,3422610",91,2019,50.0,1.0,1.0,3.0,2270043,1.0,1,1,1,0.0,,0.0,0,1964.0,C01,138Â 199Â 780,1.0,-1.0,-1.0,1732653,1.0,7,,0.0,2.0,4.0,B01,138Â 199Â 781,1.0
1015035,201900056566,5,2,22:15,4,2,1,1.0,4.0,91579,Avenue CHARLES RNE DE MORTEMART,M,"48,5400300","2,3422610",91,2019,50.0,1.0,1.0,3.0,2270043,1.0,1,1,1,0.0,,0.0,0,1964.0,C01,138Â 199Â 780,1.0,-1.0,-1.0,1732654,1.0,34,,1.0,2.0,1.0,A01,138Â 199Â 783,6.0
1015035,201900056566,5,2,22:15,4,2,1,1.0,4.0,91579,Avenue CHARLES RNE DE MORTEMART,M,"48,5400300","2,3422610",91,2019,50.0,1.0,1.0,3.0,2270044,1.0,1,1,2,9.0,,0.0,0,1958.0,B01,138Â 199Â 781,1.0,-1.0,-1.0,1732652,2.0,7,,0.0,0.0,3.0,C01,138Â 199Â 780,1.0
1015035,201900056566,5,2,22:15,4,2,1,1.0,4.0,91579,Avenue CHARLES RNE DE MORTEMART,M,"48,5400300","2,3422610",91,2019,50.0,1.0,1.0,3.0,2270044,1.0,1,1,2,9.0,,0.0,0,1958.0,B01,138Â 199Â 781,1.0,-1.0,-1.0,1732653,1.0,7,,0.0,2.0,4.0,B01,138Â 199Â 781,1.0
1015035,201900056566,5,2,22:15,4,2,1,1.0,4.0,91579,Avenue CHARLES RNE DE MORTEMART,M,"48,5400300","2,3422610",91,2019,50.0,1.0,1.0,3.0,2270044,1.0,1,1,2,9.0,,0.0,0,1958.0,B01,138Â 199Â 781,1.0,-1.0,-1.0,1732654,1.0,34,,1.0,2.0,1.0,A01,138Â 199Â 783,6.0
1015035,201900056566,5,2,22:15,4,2,1,1.0,4.0,91579,Avenue CHARLES RNE DE MORTEMART,M,"48,5400300","2,3422610",91,2019,50.0,1.0,1.0,3.0,2270045,1.0,1,2,1,5.0,,0.0,0,1976.0,A01,138Â 199Â 783,2.0,-1.0,-1.0,1732652,2.0,7,,0.0,0.0,3.0,C01,138Â 199Â 780,1.0
1015035,201900056566,5,2,22:15,4,2,1,1.0,4.0,91579,Avenue CHARLES RNE DE MORTEMART,M,"48,5400300","2,3422610",91,2019,50.0,1.0,1.0,3.0,2270045,1.0,1,2,1,5.0,,0.0,0,1976.0,A01,138Â 199Â 783,2.0,-1.0,-1.0,1732653,1.0,7,,0.0,2.0,4.0,B01,138Â 199Â 781,1.0
1015035,201900056566,5,2,22:15,4,2,1,1.0,4.0,91579,Avenue CHARLES RNE DE MORTEMART,M,"48,5400300","2,3422610",91,2019,50.0,1.0,1.0,3.0,2270045,1.0,1,2,1,5.0,,0.0,0,1976.0,A01,138Â 199Â 783,2.0,-1.0,-1.0,1732654,1.0,34,,1.0,2.0,1.0,A01,138Â 199Â 783,6.0
1015036,201900056567,5,26,20:30,1,1,1,8.0,7.0,91041,RN 20,M,"48,5593120","2,2253590",91,2019,70.0,1.0,1.0,2.0,2270046,1.0,1,3,1,5.0,,0.0,0,2000.0,A01,138Â 199Â 778,1.0,-1.0,-1.0,1732655,3.0,7,,4.0,0.0,1.0,A01,138Â 199Â 778,0.0
1015037,201900056568,6,10,19:20,1,2,1,1.0,2.0,75118,RUE POULET,M,"48,8865190","2,3479760",75,2019,50.0,1.0,1.0,4.0,2270047,1.0,1,4,1,9.0,,0.0,0,1985.0,B01,138Â 199Â 772,8.0,0.0,-1.0,1732656,2.0,32,,0.0,2.0,1.0,B01,138Â 199Â 772,1.0
1015037,201900056568,6,10,19:20,1,2,1,1.0,2.0,75118,RUE POULET,M,"48,8865190","2,3479760",75,2019,50.0,1.0,1.0,4.0,2270047,1.0,1,4,1,9.0,,0.0,0,1985.0,B01,138Â 199Â 772,8.0,0.0,-1.0,1732657,2.0,10,,0.0,2.0,5.0,A01,138Â 199Â 773,1.0
1015037,201900056568,6,10,19:20,1,2,1,1.0,2.0,75118,RUE POULET,M,"48,8865190","2,3479760",75,2019,50.0,1.0,1.0,4.0,2270048,1.0,1,1,1,4.0,,0.0,0,1984.0,A01,138Â 199Â 773,1.0,0.0,-1.0,1732656,2.0,32,,0.0,2.0,1.0,B01,138Â 199Â 772,1.0
1015037,201900056568,6,10,19:20,1,2,1,1.0,2.0,75118,RUE POULET,M,"48,8865190","2,3479760",75,2019,50.0,1.0,1.0,4.0,2270048,1.0,1,1,1,4.0,,0.0,0,1984.0,A01,138Â 199Â 773,1.0,0.0,-1.0,1732657,2.0,10,,0.0,2.0,5.0,A01,138Â 199Â 773,1.0
1015038,201900056569,6,9,20:40,2,2,5,1.0,6.0,75118,RUE CUSTINE,M,"48,8893250","2,3446850",75,2019,50.0,1.0,1.0,4.0,2270049,1.0,1,4,1,5.0,,0.0,0,1962.0,A01,138Â 199Â 771,2.0,6.0,-1.0,1732658,1.0,32,,1.0,0.0,1.0,A01,138Â 199Â 771,1.0
1015039,201900056570,6,5,11:25,1,2,4,1.0,3.0,75118,AVENUE DE LA PORTE DE CLIGNANCOURT,M,"48,9006860","2,3442090",75,2019,50.0,1.0,1.0,4.0,2270050,1.0,1,4,1,0.0,,0.0,0,1965.0,A01,138Â 199Â 769,2.0,6.0,-1.0,1732659,2.0,33,,0.0,2.0,8.0,A01,138Â 199Â 769,1.0
1015039,201900056570,6,5,11:25,1,2,4,1.0,3.0,75118,AVENUE DE LA PORTE DE CLIGNANCOURT,M,"48,9006860","2,3442090",75,2019,50.0,1.0,1.0,4.0,2270050,1.0,1,4,1,0.0,,0.0,0,1965.0,A01,138Â 199Â 769,2.0,6.0,-1.0,1732660,2.0,7,,0.0,2.0,3.0,B01,138Â 199Â 770,1.0
1015039,201900056570,6,5,11:25,1,2,4,1.0,3.0,75118,AVENUE DE LA PORTE DE CLIGNANCOURT,M,"48,9006860","2,3442090",75,2019,50.0,1.0,1.0,4.0,2270051,1.0,1,1,2,9.0,,0.0,0,1986.0,B01,138Â 199Â 770,1.0,0.0,-1.0,1732659,2.0,33,,0.0,2.0,8.0,A01,138Â 199Â 769,1.0
1015039,201900056570,6,5,11:25,1,2,4,1.0,3.0,75118,AVENUE DE LA PORTE DE CLIGNANCOURT,M,"48,9006860","2,3442090",75,2019,50.0,1.0,1.0,4.0,2270051,1.0,1,1,2,9.0,,0.0,0,1986.0,B01,138Â 199Â 770,1.0,0.0,-1.0,1732660,2.0,7,,0.0,2.0,3.0,B01,138Â 199Â 770,1.0
1015040,201900056571,5,22,19:40,1,1,1,1.0,7.0,91136,RN20,M,"48,7026630","2,2855640",91,2019,90.0,2.0,1.0,2.0,2270052,1.0,1,2,1,0.0,,0.0,0,1971.0,A01,138Â 199Â 775,2.0,6.0,9.0,1732661,1.0,32,,3.0,0.0,0.0,A01,138Â 199Â 775,1.0
1015041,201900056572,2,15,16:10,1,1,9,1.0,5.0,30189,CANAUX (CHEMIN),M,"43,7859047","4,3587580",30,2019,80.0,1.0,1.0,3.0,2270053,1.0,1,2,2,0.0,,-1.0,0,1945.0,A01,138Â 199Â 776,1.0,5.0,-1.0,1732662,3.0,7,,0.0,2.0,1.0,A01,138Â 199Â 776,1.0
1015041,201900056572,2,15,16:10,1,1,9,1.0,5.0,30189,CANAUX (CHEMIN),M,"43,7859047","4,3587580",30,2019,80.0,1.0,1.0,3.0,2270053,1.0,1,2,2,0.0,,-1.0,0,1945.0,A01,138Â 199Â 776,1.0,5.0,-1.0,1732663,3.0,7,,0.0,0.0,6.0,C01,138Â 199Â 777,1.0
1015041,201900056572,2,15,16:10,1,1,9,1.0,5.0,30189,CANAUX (CHEMIN),M,"43,7859047","4,3587580",30,2019,80.0,1.0,1.0,3.0,2270053,1.0,1,2,2,0.0,,-1.0,0,1945.0,A01,138Â 199Â 776,1.0,5.0,-1.0,1732664,3.0,7,,0.0,2.0,1.0,B01,138Â 199Â 779,1.0
1015041,201900056572,2,15,16:10,1,1,9,1.0,5.0,30189,CANAUX (CHEMIN),M,"43,7859047","4,3587580",30,2019,80.0,1.0,1.0,3.0,2270054,1.0,1,1,1,0.0,,-1.0,0,1988.0,C01,138Â 199Â 777,1.0,0.0,-1.0,1732662,3.0,7,,0.0,2.0,1.0,A01,138Â 199Â 776,1.0
1015041,201900056572,2,15,16:10,1,1,9,1.0,5.0,30189,CANAUX (CHEMIN),M,"43,7859047","4,3587580",30,2019,80.0,1.0,1.0,3.0,2270054,1.0,1,1,1,0.0,,-1.0,0,1988.0,C01,138Â 199Â 777,1.0,0.0,-1.0,1732663,3.0,7,,0.0,0.0,6.0,C01,138Â 199Â 777,1.0
1015041,201900056572,2,15,16:10,1,1,9,1.0,5.0,30189,CANAUX (CHEMIN),M,"43,7859047","4,3587580",30,2019,80.0,1.0,1.0,3.0,2270054,1.0,1,1,1,0.0,,-1.0,0,1988.0,C01,138Â 199Â 777,1.0,0.0,-1.0,1732664,3.0,7,,0.0,2.0,1.0,B01,138Â 199Â 779,1.0
1015041,201900056572,2,15,16:10,1,1,9,1.0,5.0,30189,CANAUX (CHEMIN),M,"43,7859047","4,3587580",30,2019,80.0,1.0,1.0,3.0,2270055,1.0,1,4,1,4.0,,-1.0,0,1970.0,B01,138Â 199Â 779,1.0,5.0,-1.0,1732662,3.0,7,,0.0,2.0,1.0,A01,138Â 199Â 776,1.0