Unnamed: 0_x,num_acc,mois,jour,hrmn,lum,agg,int,atm,col,com,adr,gps,lat,long,dep,annee,vma,situ,surf,catr,Unnamed: 0_y,place,catu,grav,sexe,trajet,secu,locp,actp,an_nais,num_veh_x,id_vehicule_x,secu1,secu2,secu3,Unnamed: 0,senc,catv,occutc,obs,obsm,choc,num_veh_y,id_vehicule_y,motor
1015041,201900056572,2,15,16:10,1,1,9,1.0,5.0,30189,CANAUX (CHEMIN),M,"43,7859047","4,3587580",30,2019,80.0,1.0,1.0,3.0,2270055,1.0,1,4,1,4.0,,-1.0,0,1970.0,B01,138Â 199Â 779,1.0,5.0,-1.0,1732663,3.0,7,,0.0,0.0,6.0,C01,138Â 199Â 777,1.0
1015041,201900056572,2,15,16:10,1,1,9,1.0,5.0,30189,CANAUX (CHEMIN),M,"43,7859047","4,3587580",30,2019,80.0,1.0,1.0,3.0,2270055,1.0,1,4,1,4.0,,-1.0,0,1970.0,B01,138Â 199Â 779,1.0,5.0,-1.0,1732664,3.0,7,,0.0,2.0,1.0,B01,138Â 199Â 779,1.0
1015042,201900056573,6,3,19:35,1,2,2,1.0,1.0,75118,RUE LAMARCK,M,"48,8875390","2,3445470",75,2019,50.0,1.0,1.0,4.0,2270056,1.0,1,3,1,4.0,,0.0,0,1983.0,B01,138Â 199Â 766,2.0,0.0,-1.0,1732665,0.0,2,,0.0,2.0,1.0,B01,138Â 199Â 766,1.0
1015042,201900056573,6,3,19:35,1,2,2,1.0,1.0,75118,RUE LAMARCK,M,"48,8875390","2,3445470",75,2019,50.0,1.0,1.0,4.0,2270056,1.0,1,3,1,4.0,,0.0,0,1983.0,B01,138Â 199Â 766,2.0,0.0,-1.0,1732666,2.0,7,,0.0,2.0,3.0,A01,138Â 199Â 768,1.0
1015042,201900056573,6,3,19:35,1,2,2,1.0,1.0,75118,RUE LAMARCK,M,"48,8875390","2,3445470",75,2019,50.0,1.0,1.0,4.0,2270057,1.0,1,1,2,5.0,,0.0,0,1974.0,A01,138Â 199Â 768,1.0,0.0,-1.0,1732665,0.0,2,,0.0,2.0,1.0,B01,138Â 199Â 766,1.0
1015042,201900056573,6,3,19:35,1,2,2,1.0,1.0,75118,RUE LAMARCK,M,"48,8875390","2,3445470",75,2019,50.0,1.0,1.0,4.0,2270057,1.0,1,1,2,5.0,,0.0,0,1974.0,A01,138Â 199Â 768,1.0,0.0,-1.0,1732666,2.0,7,,0.0,2.0,3.0,A01,138Â 199Â 768,1.0
1015043,201900056574,5,26,01:30,3,1,1,2.0,1.0,91038,d148,M,"48,4851890","2,2018520",91,2019,70.0,1.0,2.0,3.0,2270058,1.0,1,4,1,5.0,,0.0,0,1996.0,A01,138Â 199Â 765,1.0,5.0,-1.0,1732667,3.0,7,,12.0,2.0,3.0,A01,138Â 199Â 765,1.0
1015043,201900056574,5,26,01:30,3,1,1,2.0,1.0,91038,d148,M,"48,4851890","2,2018520",91,2019,70.0,1.0,2.0,3.0,2270058,1.0,1,4,1,5.0,,0.0,0,1996.0,A01,138Â 199Â 765,1.0,5.0,-1.0,1732668,3.0,7,,5.0,2.0,3.0,B01,138Â 199Â 767,1.0
1015043,201900056574,5,26,01:30,3,1,1,2.0,1.0,91038,d148,M,"48,4851890","2,2018520",91,2019,70.0,1.0,2.0,3.0,2270059,1.0,1,4,1,5.0,,0.0,0,1993.0,B01,138Â 199Â 767,1.0,5.0,-1.0,1732667,3.0,7,,12.0,2.0,3.0,A01,138Â 199Â 765,1.0
1015043,201900056574,5,26,01:30,3,1,1,2.0,1.0,91038,d148,M,"48,4851890","2,2018520",91,2019,70.0,1.0,2.0,3.0,2270059,1.0,1,4,1,5.0,,0.0,0,1993.0,B01,138Â 199Â 767,1.0,5.0,-1.0,1732668,3.0,7,,5.0,2.0,3.0,B01,138Â 199Â 767,1.0
1015043,201900056574,5,26,01:30,3,1,1,2.0,1.0,91038,d148,M,"48,4851890","2,2018520",91,2019,70.0,1.0,2.0,3.0,2270060,3.0,2,4,1,5.0,,0.0,0,2005.0,B01,138Â 199Â 767,1.0,5.0,-1.0,1732667,3.0,7,,12.0,2.0,3.0,A01,138Â 199Â 765,1.0
1015043,201900056574,5,26,01:30,3,1,1,2.0,1.0,91038,d148,M,"48,4851890","2,2018520",91,2019,70.0,1.0,2.0,3.0,2270060,3.0,2,4,1,5.0,,0.0,0,2005.0,B01,138Â 199Â 767,1.0,5.0,-1.0,1732668,3.0,7,,5.0,2.0,3.0,B01,138Â 199Â 767,1.0
1015043,201900056574,5,26,01:30,3,1,1,2.0,1.0,91038,d148,M,"48,4851890","2,2018520",91,2019,70.0,1.0,2.0,3.0,2270061,2.0,2,4,2,5.0,,0.0,0,1980.0,B01,138Â 199Â 767,1.0,5.0,-1.0,1732667,3.0,7,,12.0,2.0,3.0,A01,138Â 199Â 765,1.0
1015043,201900056574,5,26,01:30,3,1,1,2.0,1.0,91038,d148,M,"48,4851890","2,2018520",91,2019,70.0,1.0,2.0,3.0,2270061,2.0,2,4,2,5.0,,0.0,0,1980.0,B01,138Â 199Â 767,1.0,5.0,-1.0,1732668,3.0,7,,5.0,2.0,3.0,B01,138Â 199Â 767,1.0
1015044,201900056575,12,2,18:15,5,2,3,1.0,6.0,78193,Grande Rue,M,"48,7063160","1,9876080",78,2019,50.0,1.0,1.0,3.0,2270062,1.0,1,1,1,1.0,,0.0,0,1969.0,A01,138Â 199Â 774,1.0,-1.0,-1.0,1732669,2.0,7,,0.0,1.0,1.0,A01,138Â 199Â 774,1.0
1015044,201900056575,12,2,18:15,5,2,3,1.0,6.0,78193,Grande Rue,M,"48,7063160","1,9876080",78,2019,50.0,1.0,1.0,3.0,2270063,10.0,3,3,2,5.0,,3.0,3,1961.0,A01,138Â 199Â 774,0.0,-1.0,-1.0,1732669,2.0,7,,0.0,1.0,1.0,A01,138Â 199Â 774,1.0
1015045,201900056576,2,13,11:30,1,2,5,1.0,3.0,30189,TALABOT (BOULEVARD),M,"43,8338000","4,3674000",30,2019,50.0,1.0,1.0,4.0,2270064,1.0,1,1,2,4.0,,-1.0,0,1988.0,A01,138Â 199Â 763,1.0,0.0,-1.0,1732670,3.0,10,,0.0,2.0,7.0,A01,138Â 199Â 763,1.0
1015045,201900056576,2,13,11:30,1,2,5,1.0,3.0,30189,TALABOT (BOULEVARD),M,"43,8338000","4,3674000",30,2019,50.0,1.0,1.0,4.0,2270064,1.0,1,1,2,4.0,,-1.0,0,1988.0,A01,138Â 199Â 763,1.0,0.0,-1.0,1732671,2.0,7,,0.0,2.0,1.0,B01,138Â 199Â 764,1.0
1015045,201900056576,2,13,11:30,1,2,5,1.0,3.0,30189,TALABOT (BOULEVARD),M,"43,8338000","4,3674000",30,2019,50.0,1.0,1.0,4.0,2270065,1.0,1,4,2,5.0,,-1.0,0,1996.0,B01,138Â 199Â 764,1.0,0.0,-1.0,1732670,3.0,10,,0.0,2.0,7.0,A01,138Â 199Â 763,1.0
1015045,201900056576,2,13,11:30,1,2,5,1.0,3.0,30189,TALABOT (BOULEVARD),M,"43,8338000","4,3674000",30,2019,50.0,1.0,1.0,4.0,2270065,1.0,1,4,2,5.0,,-1.0,0,1996.0,B01,138Â 199Â 764,1.0,0.0,-1.0,1732671,2.0,7,,0.0,2.0,1.0,B01,138Â 199Â 764,1.0
1015046,201900056577,5,1,16:25,1,2,1,1.0,6.0,91200,Rue de Chartres,M,"48,5303490","2,0113590",91,2019,30.0,1.0,9.0,4.0,2270066,10.0,3,1,1,9.0,,0.0,1,1970.0,A01,138Â 199Â 761,0.0,-1.0,-1.0,1732672,3.0,33,,0.0,1.0,8.0,A01,138Â 199Â 761,1.0
1015046,201900056577,5,1,16:25,1,2,1,1.0,6.0,91200,Rue de Chartres,M,"48,5303490","2,0113590",91,2019,30.0,1.0,9.0,4.0,2270067,1.0,1,3,1,5.0,,0.0,0,1977.0,A01,138Â 199Â 761,2.0,6.0,9.0,1732672,3.0,33,,0.0,1.0,8.0,A01,138Â 199Â 761,1.0
1015047,201900056578,5,31,09:54,1,2,3,1.0,6.0,75118,RUE GUSTAVE ROUANET,M,"48,8964030","2,3417600",75,2019,50.0,1.0,1.0,4.0,2270068,10.0,3,4,1,9.0,,3.0,3,1970.0,A01,138Â 199Â 762,8.0,0.0,-1.0,1732673,2.0,7,,0.0,1.0,2.0,A01,138Â 199Â 762,1.0
1015047,201900056578,5,31,09:54,1,2,3,1.0,6.0,75118,RUE GUSTAVE ROUANET,M,"48,8964030","2,3417600",75,2019,50.0,1.0,1.0,4.0,2270069,1.0,1,1,2,1.0,,0.0,0,1980.0,A01,138Â 199Â 762,1.0,0.0,-1.0,1732673,2.0,7,,0.0,1.0,2.0,A01,138Â 199Â 762,1.0
1015048,201900056579,6,19,09:00,1,2,1,1.0,6.0,75118,AVENUE DE SAINT OUEN,M,"48,8961670","2,3285520",75,2019,50.0,1.0,1.0,4.0,2270070,10.0,3,4,1,1.0,,2.0,3,1965.0,A01,138Â 199Â 758,8.0,0.0,-1.0,1732674,2.0,32,,0.0,1.0,5.0,A01,138Â 199Â 758,1.0
1015048,201900056579,6,19,09:00,1,2,1,1.0,6.0,75118,AVENUE DE SAINT OUEN,M,"48,8961670","2,3285520",75,2019,50.0,1.0,1.0,4.0,2270071,1.0,1,4,1,1.0,,0.0,0,1993.0,A01,138Â 199Â 758,2.0,6.0,-1.0,1732674,2.0,32,,0.0,1.0,5.0,A01,138Â 199Â 758,1.0
1015049,201900056580,6,18,20:40,1,2,1,1.0,1.0,75117,RUE DU CAPITAINE LAGACHE,M,"48,8921010","2,3256410",75,2019,30.0,5.0,1.0,4.0,2270072,1.0,1,4,1,5.0,,0.0,0,1982.0,A01,138Â 199Â 750,2.0,6.0,-1.0,1732675,1.0,32,,0.0,2.0,1.0,A01,138Â 199Â 750,1.0
1015049,201900056580,6,18,20:40,1,2,1,1.0,1.0,75117,RUE DU CAPITAINE LAGACHE,M,"48,8921010","2,3256410",75,2019,30.0,5.0,1.0,4.0,2270072,1.0,1,4,1,5.0,,0.0,0,1982.0,A01,138Â 199Â 750,2.0,6.0,-1.0,1732676,2.0,1,,0.0,2.0,1.0,B01,138Â 199Â 754,5.0
1015049,201900056580,6,18,20:40,1,2,1,1.0,1.0,75117,RUE DU CAPITAINE LAGACHE,M,"48,8921010","2,3256410",75,2019,30.0,5.0,1.0,4.0,2270073,2.0,2,4,1,5.0,,0.0,0,1981.0,A01,138Â 199Â 750,2.0,0.0,-1.0,1732675,1.0,32,,0.0,2.0,1.0,A01,138Â 199Â 750,1.0
1015049,201900056580,6,18,20:40,1,2,1,1.0,1.0,75117,RUE DU CAPITAINE LAGACHE,M,"48,8921010","2,3256410",75,2019,30.0,5.0,1.0,4.0,2270073,2.0,2,4,1,5.0,,0.0,0,1981.0,A01,138Â 199Â 750,2.0,0.0,-1.0,1732676,2.0,1,,0.0,2.0,1.0,B01,138Â 199Â 754,5.0
1015049,201900056580,6,18,20:40,1,2,1,1.0,1.0,75117,RUE DU CAPITAINE LAGACHE,M,"48,8921010","2,3256410",75,2019,30.0,5.0,1.0,4.0,2270074,1.0,1,4,1,1.0,,0.0,0,1982.0,B01,138Â 199Â 754,2.0,8.0,-1.0,1732675,1.0,32,,0.0,2.0,1.0,A01,138Â 199Â 750,1.0
1015049,201900056580,6,18,20:40,1,2,1,1.0,1.0,75117,RUE DU CAPITAINE LAGACHE,M,"48,8921010","2,3256410",75,2019,30.0,5.0,1.0,4.0,2270074,1.0,1,4,1,1.0,,0.0,0,1982.0,B01,138Â 199Â 754,2.0,8.0,-1.0,1732676,2.0,1,,0.0,2.0,1.0,B01,138Â 199Â 754,5.0
1015050,201900056581,5,23,10:10,1,1,2,1.0,5.0,91405,D837,M,"48,4065350","2,4549350",91,2019,70.0,1.0,1.0,3.0,2270075,1.0,1,1,1,9.0,,0.0,0,1932.0,A01,138Â 199Â 751,1.0,-1.0,-1.0,1732677,1.0,7,,0.0,2.0,2.0,A01,138Â 199Â 751,1.0
1015050,201900056581,5,23,10:10,1,1,2,1.0,5.0,91405,D837,M,"48,4065350","2,4549350",91,2019,70.0,1.0,1.0,3.0,2270075,1.0,1,1,1,9.0,,0.0,0,1932.0,A01,138Â 199Â 751,1.0,-1.0,-1.0,1732678,1.0,7,,0.0,2.0,1.0,B01,138Â 199Â 756,1.0
1015050,201900056581,5,23,10:10,1,1,2,1.0,5.0,91405,D837,M,"48,4065350","2,4549350",91,2019,70.0,1.0,1.0,3.0,2270075,1.0,1,1,1,9.0,,0.0,0,1932.0,A01,138Â 199Â 751,1.0,-1.0,-1.0,1732679,0.0,7,,0.0,2.0,3.0,C01,138Â 199Â 757,1.0
1015050,201900056581,5,23,10:10,1,1,2,1.0,5.0,91405,D837,M,"48,4065350","2,4549350",91,2019,70.0,1.0,1.0,3.0,2270076,1.0,1,3,2,1.0,,0.0,0,1994.0,B01,138Â 199Â 756,1.0,5.0,-1.0,1732677,1.0,7,,0.0,2.0,2.0,A01,138Â 199Â 751,1.0
1015050,201900056581,5,23,10:10,1,1,2,1.0,5.0,91405,D837,M,"48,4065350","2,4549350",91,2019,70.0,1.0,1.0,3.0,2270076,1.0,1,3,2,1.0,,0.0,0,1994.0,B01,138Â 199Â 756,1.0,5.0,-1.0,1732678,1.0,7,,0.0,2.0,1.0,B01,138Â 199Â 756,1.0
1015050,201900056581,5,23,10:10,1,1,2,1.0,5.0,91405,D837,M,"48,4065350","2,4549350",91,2019,70.0,1.0,1.0,3.0,2270076,1.0,1,3,2,1.0,,0.0,0,1994.0,B01,138Â 199Â 756,1.0,5.0,-1.0,1732679,0.0,7,,0.0,2.0,3.0,C01,138Â 199Â 757,1.0
1015050,201900056581,5,23,10:10,1,1,2,1.0,5.0,91405,D837,M,"48,4065350","2,4549350",91,2019,70.0,1.0,1.0,3.0,2270077,1.0,1,1,1,5.0,,0.0,0,1938.0,C01,138Â 199Â 757,1.0,5.0,-1.0,1732677,1.0,7,,0.0,2.0,2.0,A01,138Â 199Â 751,1.0
1015050,201900056581,5,23,10:10,1,1,2,1.0,5.0,91405,D837,M,"48,4065350","2,4549350",91,2019,70.0,1.0,1.0,3.0,2270077,1.0,1,1,1,5.0,,0.0,0,1938.0,C01,138Â 199Â 757,1.0,5.0,-1.0,1732678,1.0,7,,0.0,2.0,1.0,B01,138Â 199Â 756,1.0
1015050,201900056581,5,23,10:10,1,1,2,1.0,5.0,91405,D837,M,"48,4065350","2,4549350",91,2019,70.0,1.0,1.0,3.0,2270077,1.0,1,1,1,5.0,,0.0,0,1938.0,C01,138Â 199Â 757,1.0,5.0,-1.0,1732679,0.0,7,,0.0,2.0,3.0,C01,138Â 199Â 757,1.0
1015050,201900056581,5,23,10:10,1,1,2,1.0,5.0,91405,D837,M,"48,4065350","2,4549350",91,2019,70.0,1.0,1.0,3.0,2270078,2.0,2,4,2,5.0,,0.0,0,1940.0,C01,138Â 199Â 757,1.0,5.0,-1.0,1732677,1.0,7,,0.0,2.0,2.0,A01,138Â 199Â 751,1.0
1015050,201900056581,5,23,10:10,1,1,2,1.0,5.0,91405,D837,M,"48,4065350","2,4549350",91,2019,70.0,1.0,1.0,3.0,2270078,2.0,2,4,2,5.0,,0.0,0,1940.0,C01,138Â 199Â 757,1.0,5.0,-1.0,1732678,1.0,7,,0.0,2.0,1.0,B01,138Â 199Â 756,1.0
1015050,201900056581,5,23,10:10,1,1,2,1.0,5.0,91405,D837,M,"48,4065350","2,4549350",91,2019,70.0,1.0,1.0,3.0,2270078,2.0,2,4,2,5.0,,0.0,0,1940.0,C01,138Â 199Â 757,1.0,5.0,-1.0,1732679,0.0,7,,0.0,2.0,3.0,C01,138Â 199Â 757,1.0
1015051,201900056582,2,15,00:35,5,1,1,1.0,5.0,29232,GUTENBERG BOULEVARD,M,"47,9812100"," -4,0777200",29,2019,70.0,1.0,1.0,4.0,2270079,1.0,1,3,1,0.0,,0.0,0,1983.0,A01,138Â 199Â 749,1.0,0.0,-1.0,1732680,1.0,7,,0.0,2.0,3.0,A01,138Â 199Â 749,1.0
1015051,201900056582,2,15,00:35,5,1,1,1.0,5.0,29232,GUTENBERG BOULEVARD,M,"47,9812100"," -4,0777200",29,2019,70.0,1.0,1.0,4.0,2270079,1.0,1,3,1,0.0,,0.0,0,1983.0,A01,138Â 199Â 749,1.0,0.0,-1.0,1732681,1.0,7,,0.0,2.0,3.0,B01,138Â 199Â 753,1.0
1015051,201900056582,2,15,00:35,5,1,1,1.0,5.0,29232,GUTENBERG BOULEVARD,M,"47,9812100"," -4,0777200",29,2019,70.0,1.0,1.0,4.0,2270079,1.0,1,3,1,0.0,,0.0,0,1983.0,A01,138Â 199Â 749,1.0,0.0,-1.0,1732682,1.0,7,,0.0,2.0,3.0,C01,138Â 199Â 755,1.0
1015051,201900056582,2,15,00:35,5,1,1,1.0,5.0,29232,GUTENBERG BOULEVARD,M,"47,9812100"," -4,0777200",29,2019,70.0,1.0,1.0,4.0,2270080,2.0,2,4,2,0.0,,0.0,0,1964.0,B01,138Â 199Â 753,1.0,0.0,-1.0,1732680,1.0,7,,0.0,2.0,3.0,A01,138Â 199Â 749,1.0
1015051,201900056582,2,15,00:35,5,1,1,1.0,5.0,29232,GUTENBERG BOULEVARD,M,"47,9812100"," -4,0777200",29,2019,70.0,1.0,1.0,4.0,2270080,2.0,2,4,2,0.0,,0.0,0,1964.0,B01,138Â 199Â 753,1.0,0.0,-1.0,1732681,1.0,7,,0.0,2.0,3.0,B01,138Â 199Â 753,1.0
1015051,201900056582,2,15,00:35,5,1,1,1.0,5.0,29232,GUTENBERG BOULEVARD,M,"47,9812100"," -4,0777200",29,2019,70.0,1.0,1.0,4.0,2270080,2.0,2,4,2,0.0,,0.0,0,1964.0,B01,138Â 199Â 753,1.0,0.0,-1.0,1732682,1.0,7,,0.0,2.0,3.0,C01,138Â 199Â 755,1.0
1015051,201900056582,2,15,00:35,5,1,1,1.0,5.0,29232,GUTENBERG BOULEVARD,M,"47,9812100"," -4,0777200",29,2019,70.0,1.0,1.0,4.0,2270081,1.0,1,4,1,0.0,,0.0,0,1962.0,B01,138Â 199Â 753,1.0,0.0,-1.0,1732680,1.0,7,,0.0,2.0,3.0,A01,138Â 199Â 749,1.0
1015051,201900056582,2,15,00:35,5,1,1,1.0,5.0,29232,GUTENBERG BOULEVARD,M,"47,9812100"," -4,0777200",29,2019,70.0,1.0,1.0,4.0,2270081,1.0,1,4,1,0.0,,0.0,0,1962.0,B01,138Â 199Â 753,1.0,0.0,-1.0,1732681,1.0,7,,0.0,2.0,3.0,B01,138Â 199Â 753,1.0
1015051,201900056582,2,15,00:35,5,1,1,1.0,5.0,29232,GUTENBERG BOULEVARD,M,"47,9812100"," -4,0777200",29,2019,70.0,1.0,1.0,4.0,2270081,1.0,1,4,1,0.0,,0.0,0,1962.0,B01,138Â 199Â 753,1.0,0.0,-1.0,1732682,1.0,7,,0.0,2.0,3.0,C01,138Â 199Â 755,1.0
1015051,201900056582,2,15,00:35,5,1,1,1.0,5.0,29232,GUTENBERG BOULEVARD,M,"47,9812100"," -4,0777200",29,2019,70.0,1.0,1.0,4.0,2270082,2.0,2,1,2,0.0,,0.0,0,1962.0,C01,138Â 199Â 755,1.0,0.0,-1.0,1732680,1.0,7,,0.0,2.0,3.0,A01,138Â 199Â 749,1.0
1015051,201900056582,2,15,00:35,5,1,1,1.0,5.0,29232,GUTENBERG BOULEVARD,M,"47,9812100"," -4,0777200",29,2019,70.0,1.0,1.0,4.0,2270082,2.0,2,1,2,0.0,,0.0,0,1962.0,C01,138Â 199Â 755,1.0,0.0,-1.0,1732681,1.0,7,,0.0,2.0,3.0,B01,138Â 199Â 753,1.0
1015051,201900056582,2,15,00:35,5,1,1,1.0,5.0,29232,GUTENBERG BOULEVARD,M,"47,9812100"," -4,0777200",29,2019,70.0,1.0,1.0,4.0,2270082,2.0,2,1,2,0.0,,0.0,0,1962.0,C01,138Â 199Â 755,1.0,0.0,-1.0,1732682,1.0,7,,0.0,2.0,3.0,C01,138Â 199Â 755,1.0
1015051,201900056582,2,15,00:35,5,1,1,1.0,5.0,29232,GUTENBERG BOULEVARD,M,"47,9812100"," -4,0777200",29,2019,70.0,1.0,1.0,4.0,2270083,3.0,2,1,1,0.0,,0.0,0,1959.0,C01,138Â 199Â 755,1.0,0.0,-1.0,1732680,1.0,7,,0.0,2.0,3.0,A01,138Â 199Â 749,1.0
1015051,201900056582,2,15,00:35,5,1,1,1.0,5.0,29232,GUTENBERG BOULEVARD,M,"47,9812100"," -4,0777200",29,2019,70.0,1.0,1.0,4.0,2270083,3.0,2,1,1,0.0,,0.0,0,1959.0,C01,138Â 199Â 755,1.0,0.0,-1.0,1732681,1.0,7,,0.0,2.0,3.0,B01,138Â 199Â 753,1.0
1015051,201900056582,2,15,00:35,5,1,1,1.0,5.0,29232,GUTENBERG BOULEVARD,M,"47,9812100"," -4,0777200",29,2019,70.0,1.0,1.0,4.0,2270083,3.0,2,1,1,0.0,,0.0,0,1959.0,C01,138Â 199Â 755,1.0,0.0,-1.0,1732682,1.0,7,,0.0,2.0,3.0,C01,138Â 199Â 755,1.0
1015051,201900056582,2,15,00:35,5,1,1,1.0,5.0,29232,GUTENBERG BOULEVARD,M,"47,9812100"," -4,0777200",29,2019,70.0,1.0,1.0,4.0,2270084,1.0,1,1,2,0.0,,0.0,0,1988.0,C01,138Â 199Â 755,1.0,0.0,-1.0,1732680,1.0,7,,0.0,2.0,3.0,A01,138Â 199Â 749,1.0
1015051,201900056582,2,15,00:35,5,1,1,1.0,5.0,29232,GUTENBERG BOULEVARD,M,"47,9812100"," -4,0777200",29,2019,70.0,1.0,1.0,4.0,2270084,1.0,1,1,2,0.0,,0.0,0,1988.0,C01,138Â 199Â 755,1.0,0.0,-1.0,1732681,1.0,7,,0.0,2.0,3.0,B01,138Â 199Â 753,1.0
1015051,201900056582,2,15,00:35,5,1,1,1.0,5.0,29232,GUTENBERG BOULEVARD,M,"47,9812100"," -4,0777200",29,2019,70.0,1.0,1.0,4.0,2270084,1.0,1,1,2,0.0,,0.0,0,1988.0,C01,138Â 199Â 755,1.0,0.0,-1.0,1732682,1.0,7,,0.0,2.0,3.0,C01,138Â 199Â 755,1.0
1015052,201900056583,12,3,16:00,1,1,3,1.0,3.0,84141,Av Maurice et Marguerite Vidier,M,"43,9732480","4,8945930",84,2019,50.0,1.0,1.0,3.0,2270085,1.0,1,1,1,0.0,,0.0,0,1945.0,A01,138Â 199Â 748,1.0,-1.0,-1.0,1732683,1.0,7,,0.0,2.0,1.0,A01,138Â 199Â 748,1.0
1015052,201900056583,12,3,16:00,1,1,3,1.0,3.0,84141,Av Maurice et Marguerite Vidier,M,"43,9732480","4,8945930",84,2019,50.0,1.0,1.0,3.0,2270085,1.0,1,1,1,0.0,,0.0,0,1945.0,A01,138Â 199Â 748,1.0,-1.0,-1.0,1732684,2.0,31,,0.0,2.0,3.0,B01,138Â 199Â 752,1.0
1015052,201900056583,12,3,16:00,1,1,3,1.0,3.0,84141,Av Maurice et Marguerite Vidier,M,"43,9732480","4,8945930",84,2019,50.0,1.0,1.0,3.0,2270086,1.0,1,3,2,0.0,,0.0,0,1985.0,B01,138Â 199Â 752,2.0,-1.0,-1.0,1732683,1.0,7,,0.0,2.0,1.0,A01,138Â 199Â 748,1.0
1015052,201900056583,12,3,16:00,1,1,3,1.0,3.0,84141,Av Maurice et Marguerite Vidier,M,"43,9732480","4,8945930",84,2019,50.0,1.0,1.0,3.0,2270086,1.0,1,3,2,0.0,,0.0,0,1985.0,B01,138Â 199Â 752,2.0,-1.0,-1.0,1732684,2.0,31,,0.0,2.0,3.0,B01,138Â 199Â 752,1.0
1015053,201900056584,5,1,20:00,2,2,1,1.0,7.0,91386,Rue du Parc,M,"48,5671800","2,4389770",91,2019,50.0,1.0,1.0,7.0,2270087,1.0,1,3,1,0.0,,0.0,0,1998.0,A01,138Â 199Â 747,2.0,-1.0,-1.0,1732685,0.0,2,,12.0,0.0,0.0,A01,138Â 199Â 747,1.0
1015054,201900056585,6,17,15:55,1,2,7,1.0,6.0,75117,BOULEVARD GOUVION SAINT CYR,M,"48,8853910","2,2913030",75,2019,30.0,1.0,1.0,4.0,2270088,1.0,1,4,1,5.0,,0.0,0,1972.0,A01,138Â 199Â 746,8.0,0.0,-1.0,1732686,1.0,1,,12.0,0.0,1.0,A01,138Â 199Â 746,5.0
1015055,201900056586,2,17,17:50,1,1,1,1.0,7.0,29039,RD 783,M,"47,9163300"," -3,9413800",29,2019,50.0,1.0,1.0,3.0,2270089,1.0,1,4,1,5.0,,0.0,0,1961.0,A01,138Â 199Â 745,1.0,8.0,-1.0,1732687,1.0,7,,13.0,0.0,1.0,A01,138Â 199Â 745,1.0
1015056,201900056587,12,2,18:00,5,2,1,9.0,6.0,04019,Rue Manuel,M,"44,3867190","6,6500120",4,2019,30.0,1.0,1.0,4.0,2270090,10.0,3,4,1,9.0,,2.0,9,1979.0,A01,138Â 199Â 744,0.0,-1.0,-1.0,1732688,1.0,7,,0.0,1.0,3.0,A01,138Â 199Â 744,0.0
1015057,201900056588,2,16,04:50,3,2,1,2.0,6.0,29039,CABELLOU ( AVENUE DU),M,"47,8564800"," -3,9013600",29,2019,30.0,1.0,2.0,4.0,2270091,1.0,1,1,2,5.0,,0.0,0,1989.0,A01,138Â 199Â 739,1.0,0.0,-1.0,1732689,3.0,10,,0.0,1.0,1.0,A01,138Â 199Â 739,1.0
1015057,201900056588,2,16,04:50,3,2,1,2.0,6.0,29039,CABELLOU ( AVENUE DU),M,"47,8564800"," -3,9013600",29,2019,30.0,1.0,2.0,4.0,2270092,10.0,3,4,1,5.0,,6.0,9,2001.0,A01,138Â 199Â 739,8.0,0.0,-1.0,1732689,3.0,10,,0.0,1.0,1.0,A01,138Â 199Â 739,1.0
1015057,201900056588,2,16,04:50,3,2,1,2.0,6.0,29039,CABELLOU ( AVENUE DU),M,"47,8564800"," -3,9013600",29,2019,30.0,1.0,2.0,4.0,2270093,2.0,2,1,1,5.0,,-1.0,0,1990.0,A01,138Â 199Â 739,8.0,0.0,-1.0,1732689,3.0,10,,0.0,1.0,1.0,A01,138Â 199Â 739,1.0
1015058,201900056589,6,16,17:00,1,2,1,1.0,5.0,75117,AVENUE DE WAGRAM,M,"48,8867300","2,3044440",75,2019,50.0,1.0,1.0,4.0,2270094,1.0,1,1,1,5.0,,0.0,0,1976.0,C01,138Â 199Â 737,1.0,0.0,-1.0,1732690,1.0,7,,0.0,2.0,3.0,C01,138Â 199Â 737,1.0
1015058,201900056589,6,16,17:00,1,2,1,1.0,5.0,75117,AVENUE DE WAGRAM,M,"48,8867300","2,3044440",75,2019,50.0,1.0,1.0,4.0,2270094,1.0,1,1,1,5.0,,0.0,0,1976.0,C01,138Â 199Â 737,1.0,0.0,-1.0,1732691,2.0,7,,0.0,2.0,3.0,B01,138Â 199Â 741,1.0
1015058,201900056589,6,16,17:00,1,2,1,1.0,5.0,75117,AVENUE DE WAGRAM,M,"48,8867300","2,3044440",75,2019,50.0,1.0,1.0,4.0,2270094,1.0,1,1,1,5.0,,0.0,0,1976.0,C01,138Â 199Â 737,1.0,0.0,-1.0,1732692,2.0,33,,0.0,2.0,1.0,A01,138Â 199Â 742,1.0
1015058,201900056589,6,16,17:00,1,2,1,1.0,5.0,75117,AVENUE DE WAGRAM,M,"48,8867300","2,3044440",75,2019,50.0,1.0,1.0,4.0,2270095,1.0,1,1,1,5.0,,0.0,0,1996.0,B01,138Â 199Â 741,1.0,0.0,-1.0,1732690,1.0,7,,0.0,2.0,3.0,C01,138Â 199Â 737,1.0
1015058,201900056589,6,16,17:00,1,2,1,1.0,5.0,75117,AVENUE DE WAGRAM,M,"48,8867300","2,3044440",75,2019,50.0,1.0,1.0,4.0,2270095,1.0,1,1,1,5.0,,0.0,0,1996.0,B01,138Â 199Â 741,1.0,0.0,-1.0,1732691,2.0,7,,0.0,2.0,3.0,B01,138Â 199Â 741,1.0