Unnamed: 0_x,num_acc,mois,jour,hrmn,lum,agg,int,atm,col,com,adr,gps,lat,long,dep,annee,vma,situ,surf,catr,Unnamed: 0_y,place,catu,grav,sexe,trajet,secu,locp,actp,an_nais,num_veh_x,id_vehicule_x,secu1,secu2,secu3,Unnamed: 0,senc,catv,occutc,obs,obsm,choc,num_veh_y,id_vehicule_y,motor
1015058,201900056589,6,16,17:00,1,2,1,1.0,5.0,75117,AVENUE DE WAGRAM,M,"48,8867300","2,3044440",75,2019,50.0,1.0,1.0,4.0,2270095,1.0,1,1,1,5.0,,0.0,0,1996.0,B01,138Â 199Â 741,1.0,0.0,-1.0,1732692,2.0,33,,0.0,2.0,1.0,A01,138Â 199Â 742,1.0
1015058,201900056589,6,16,17:00,1,2,1,1.0,5.0,75117,AVENUE DE WAGRAM,M,"48,8867300","2,3044440",75,2019,50.0,1.0,1.0,4.0,2270096,1.0,1,4,1,1.0,,0.0,0,1976.0,A01,138Â 199Â 742,2.0,6.0,-1.0,1732690,1.0,7,,0.0,2.0,3.0,C01,138Â 199Â 737,1.0
1015058,201900056589,6,16,17:00,1,2,1,1.0,5.0,75117,AVENUE DE WAGRAM,M,"48,8867300","2,3044440",75,2019,50.0,1.0,1.0,4.0,2270096,1.0,1,4,1,1.0,,0.0,0,1976.0,A01,138Â 199Â 742,2.0,6.0,-1.0,1732691,2.0,7,,0.0,2.0,3.0,B01,138Â 199Â 741,1.0
1015058,201900056589,6,16,17:00,1,2,1,1.0,5.0,75117,AVENUE DE WAGRAM,M,"48,8867300","2,3044440",75,2019,50.0,1.0,1.0,4.0,2270096,1.0,1,4,1,1.0,,0.0,0,1976.0,A01,138Â 199Â 742,2.0,6.0,-1.0,1732692,2.0,33,,0.0,2.0,1.0,A01,138Â 199Â 742,1.0
1015059,201900056590,6,16,16:45,1,2,3,1.0,2.0,75117,BOULEVARD BERTHIER,M,"48,8937490","2,3117470",75,2019,50.0,1.0,1.0,4.0,2270097,1.0,1,1,1,9.0,,0.0,0,1961.0,A01,138Â 199Â 735,1.0,0.0,-1.0,1732693,2.0,10,,0.0,2.0,1.0,A01,138Â 199Â 735,1.0
1015059,201900056590,6,16,16:45,1,2,3,1.0,2.0,75117,BOULEVARD BERTHIER,M,"48,8937490","2,3117470",75,2019,50.0,1.0,1.0,4.0,2270097,1.0,1,1,1,9.0,,0.0,0,1961.0,A01,138Â 199Â 735,1.0,0.0,-1.0,1732694,2.0,7,,0.0,2.0,4.0,B01,138Â 199Â 736,1.0
1015059,201900056590,6,16,16:45,1,2,3,1.0,2.0,75117,BOULEVARD BERTHIER,M,"48,8937490","2,3117470",75,2019,50.0,1.0,1.0,4.0,2270098,1.0,1,4,1,9.0,,0.0,0,1970.0,B01,138Â 199Â 736,1.0,0.0,-1.0,1732693,2.0,10,,0.0,2.0,1.0,A01,138Â 199Â 735,1.0
1015059,201900056590,6,16,16:45,1,2,3,1.0,2.0,75117,BOULEVARD BERTHIER,M,"48,8937490","2,3117470",75,2019,50.0,1.0,1.0,4.0,2270098,1.0,1,4,1,9.0,,0.0,0,1970.0,B01,138Â 199Â 736,1.0,0.0,-1.0,1732694,2.0,7,,0.0,2.0,4.0,B01,138Â 199Â 736,1.0
1015059,201900056590,6,16,16:45,1,2,3,1.0,2.0,75117,BOULEVARD BERTHIER,M,"48,8937490","2,3117470",75,2019,50.0,1.0,1.0,4.0,2270099,2.0,2,4,2,9.0,,0.0,0,1977.0,B01,138Â 199Â 736,1.0,0.0,-1.0,1732693,2.0,10,,0.0,2.0,1.0,A01,138Â 199Â 735,1.0
1015059,201900056590,6,16,16:45,1,2,3,1.0,2.0,75117,BOULEVARD BERTHIER,M,"48,8937490","2,3117470",75,2019,50.0,1.0,1.0,4.0,2270099,2.0,2,4,2,9.0,,0.0,0,1977.0,B01,138Â 199Â 736,1.0,0.0,-1.0,1732694,2.0,7,,0.0,2.0,4.0,B01,138Â 199Â 736,1.0
1015060,201900056591,4,30,07:30,1,2,1,1.0,1.0,91468,Avenue des Roissys Haut,M,"48,5717200","2,4677080",91,2019,50.0,1.0,1.0,3.0,2270100,1.0,1,3,1,3.0,,0.0,0,1937.0,B01,138Â 199Â 740,8.0,-1.0,-1.0,1732695,1.0,7,,0.0,2.0,2.0,B01,138Â 199Â 740,0.0
1015060,201900056591,4,30,07:30,1,2,1,1.0,1.0,91468,Avenue des Roissys Haut,M,"48,5717200","2,4677080",91,2019,50.0,1.0,1.0,3.0,2270100,1.0,1,3,1,3.0,,0.0,0,1937.0,B01,138Â 199Â 740,8.0,-1.0,-1.0,1732696,2.0,7,,0.0,2.0,2.0,A01,138Â 199Â 743,0.0
1015060,201900056591,4,30,07:30,1,2,1,1.0,1.0,91468,Avenue des Roissys Haut,M,"48,5717200","2,4677080",91,2019,50.0,1.0,1.0,3.0,2270101,1.0,1,3,2,1.0,,0.0,0,1995.0,A01,138Â 199Â 743,8.0,-1.0,-1.0,1732695,1.0,7,,0.0,2.0,2.0,B01,138Â 199Â 740,0.0
1015060,201900056591,4,30,07:30,1,2,1,1.0,1.0,91468,Avenue des Roissys Haut,M,"48,5717200","2,4677080",91,2019,50.0,1.0,1.0,3.0,2270101,1.0,1,3,2,1.0,,0.0,0,1995.0,A01,138Â 199Â 743,8.0,-1.0,-1.0,1732696,2.0,7,,0.0,2.0,2.0,A01,138Â 199Â 743,0.0
1015061,201900056592,2,15,11:55,1,1,1,7.0,4.0,29019,ROCH GLAS (ROUTE ET CHEMIN),M,"48,4315200"," -4,4866400",29,2019,50.0,1.0,1.0,4.0,2270102,1.0,1,4,2,9.0,,0.0,0,1988.0,C01,138Â 199Â 732,1.0,8.0,-1.0,1732697,2.0,7,,0.0,2.0,3.0,C01,138Â 199Â 732,1.0
1015061,201900056592,2,15,11:55,1,1,1,7.0,4.0,29019,ROCH GLAS (ROUTE ET CHEMIN),M,"48,4315200"," -4,4866400",29,2019,50.0,1.0,1.0,4.0,2270102,1.0,1,4,2,9.0,,0.0,0,1988.0,C01,138Â 199Â 732,1.0,8.0,-1.0,1732698,1.0,7,,0.0,2.0,4.0,B01,138Â 199Â 733,1.0
1015061,201900056592,2,15,11:55,1,1,1,7.0,4.0,29019,ROCH GLAS (ROUTE ET CHEMIN),M,"48,4315200"," -4,4866400",29,2019,50.0,1.0,1.0,4.0,2270102,1.0,1,4,2,9.0,,0.0,0,1988.0,C01,138Â 199Â 732,1.0,8.0,-1.0,1732699,1.0,14,,0.0,2.0,1.0,A01,138Â 199Â 734,1.0
1015061,201900056592,2,15,11:55,1,1,1,7.0,4.0,29019,ROCH GLAS (ROUTE ET CHEMIN),M,"48,4315200"," -4,4866400",29,2019,50.0,1.0,1.0,4.0,2270103,1.0,1,1,1,4.0,,0.0,0,1977.0,B01,138Â 199Â 733,1.0,8.0,-1.0,1732697,2.0,7,,0.0,2.0,3.0,C01,138Â 199Â 732,1.0
1015061,201900056592,2,15,11:55,1,1,1,7.0,4.0,29019,ROCH GLAS (ROUTE ET CHEMIN),M,"48,4315200"," -4,4866400",29,2019,50.0,1.0,1.0,4.0,2270103,1.0,1,1,1,4.0,,0.0,0,1977.0,B01,138Â 199Â 733,1.0,8.0,-1.0,1732698,1.0,7,,0.0,2.0,4.0,B01,138Â 199Â 733,1.0
1015061,201900056592,2,15,11:55,1,1,1,7.0,4.0,29019,ROCH GLAS (ROUTE ET CHEMIN),M,"48,4315200"," -4,4866400",29,2019,50.0,1.0,1.0,4.0,2270103,1.0,1,1,1,4.0,,0.0,0,1977.0,B01,138Â 199Â 733,1.0,8.0,-1.0,1732699,1.0,14,,0.0,2.0,1.0,A01,138Â 199Â 734,1.0
1015061,201900056592,2,15,11:55,1,1,1,7.0,4.0,29019,ROCH GLAS (ROUTE ET CHEMIN),M,"48,4315200"," -4,4866400",29,2019,50.0,1.0,1.0,4.0,2270104,1.0,1,1,1,4.0,,0.0,0,1994.0,A01,138Â 199Â 734,1.0,8.0,-1.0,1732697,2.0,7,,0.0,2.0,3.0,C01,138Â 199Â 732,1.0
1015061,201900056592,2,15,11:55,1,1,1,7.0,4.0,29019,ROCH GLAS (ROUTE ET CHEMIN),M,"48,4315200"," -4,4866400",29,2019,50.0,1.0,1.0,4.0,2270104,1.0,1,1,1,4.0,,0.0,0,1994.0,A01,138Â 199Â 734,1.0,8.0,-1.0,1732698,1.0,7,,0.0,2.0,4.0,B01,138Â 199Â 733,1.0
1015061,201900056592,2,15,11:55,1,1,1,7.0,4.0,29019,ROCH GLAS (ROUTE ET CHEMIN),M,"48,4315200"," -4,4866400",29,2019,50.0,1.0,1.0,4.0,2270104,1.0,1,1,1,4.0,,0.0,0,1994.0,A01,138Â 199Â 734,1.0,8.0,-1.0,1732699,1.0,14,,0.0,2.0,1.0,A01,138Â 199Â 734,1.0
1015062,201900056593,5,17,07:55,2,2,7,1.0,6.0,78683,Place de la Gare,M,"48,8204960","1,8886190",78,2019,-1.0,1.0,1.0,4.0,2270105,10.0,3,4,2,5.0,,2.0,3,1947.0,A01,138Â 199Â 730,0.0,-1.0,-1.0,1732700,0.0,7,,0.0,1.0,1.0,A01,138Â 199Â 730,1.0
1015062,201900056593,5,17,07:55,2,2,7,1.0,6.0,78683,Place de la Gare,M,"48,8204960","1,8886190",78,2019,-1.0,1.0,1.0,4.0,2270106,1.0,1,1,2,0.0,,0.0,0,1974.0,A01,138Â 199Â 730,8.0,-1.0,-1.0,1732700,0.0,7,,0.0,1.0,1.0,A01,138Â 199Â 730,1.0
1015063,201900056594,12,2,18:30,5,2,3,1.0,6.0,89013,21 Grande Rue,M,"47,8764170","3,5246890",89,2019,50.0,1.0,1.0,3.0,2270107,10.0,3,3,1,0.0,,2.0,3,1962.0,A01,138Â 199Â 738,0.0,-1.0,-1.0,1732701,3.0,7,,0.0,1.0,3.0,A01,138Â 199Â 738,1.0
1015063,201900056594,12,2,18:30,5,2,3,1.0,6.0,89013,21 Grande Rue,M,"47,8764170","3,5246890",89,2019,50.0,1.0,1.0,3.0,2270108,1.0,1,1,2,0.0,,0.0,0,1951.0,A01,138Â 199Â 738,1.0,-1.0,-1.0,1732701,3.0,7,,0.0,1.0,3.0,A01,138Â 199Â 738,1.0
1015064,201900056595,2,13,17:46,1,2,1,1.0,6.0,29019,GUYNEMER CAPITAINE (DE 1 A 61 ET 2 A 72),M,"48,3949000"," -4,4637000",29,2019,50.0,1.0,1.0,4.0,2270109,10.0,3,4,2,9.0,,5.0,9,1927.0,A01,138Â 199Â 729,8.0,0.0,-1.0,1732702,3.0,7,,0.0,1.0,4.0,A01,138Â 199Â 729,1.0
1015064,201900056595,2,13,17:46,1,2,1,1.0,6.0,29019,GUYNEMER CAPITAINE (DE 1 A 61 ET 2 A 72),M,"48,3949000"," -4,4637000",29,2019,50.0,1.0,1.0,4.0,2270110,1.0,1,1,2,9.0,,0.0,0,1967.0,A01,138Â 199Â 729,1.0,0.0,-1.0,1732702,3.0,7,,0.0,1.0,4.0,A01,138Â 199Â 729,1.0
1015065,201900056596,6,15,18:40,1,2,2,1.0,2.0,75117,BOULEVARD DES BATIGNOLLES,M,"48,8832480","2,3253200",75,2019,50.0,1.0,1.0,4.0,2270111,1.0,1,4,1,4.0,,0.0,0,1996.0,A01,138Â 199Â 728,2.0,0.0,-1.0,1732703,1.0,32,,0.0,2.0,1.0,A01,138Â 199Â 728,3.0
1015065,201900056596,6,15,18:40,1,2,2,1.0,2.0,75117,BOULEVARD DES BATIGNOLLES,M,"48,8832480","2,3253200",75,2019,50.0,1.0,1.0,4.0,2270111,1.0,1,4,1,4.0,,0.0,0,1996.0,A01,138Â 199Â 728,2.0,0.0,-1.0,1732704,1.0,7,,0.0,2.0,8.0,B01,138Â 199Â 731,1.0
1015065,201900056596,6,15,18:40,1,2,2,1.0,2.0,75117,BOULEVARD DES BATIGNOLLES,M,"48,8832480","2,3253200",75,2019,50.0,1.0,1.0,4.0,2270112,1.0,1,1,1,4.0,,0.0,0,1985.0,B01,138Â 199Â 731,1.0,0.0,-1.0,1732703,1.0,32,,0.0,2.0,1.0,A01,138Â 199Â 728,3.0
1015065,201900056596,6,15,18:40,1,2,2,1.0,2.0,75117,BOULEVARD DES BATIGNOLLES,M,"48,8832480","2,3253200",75,2019,50.0,1.0,1.0,4.0,2270112,1.0,1,1,1,4.0,,0.0,0,1985.0,B01,138Â 199Â 731,1.0,0.0,-1.0,1732704,1.0,7,,0.0,2.0,8.0,B01,138Â 199Â 731,1.0
1015066,201900056597,2,14,13:30,1,2,1,1.0,6.0,29019,GOUESNOU (DE 221 ET 214 A FIN),M,"48,4275303"," -4,4674668",29,2019,50.0,1.0,1.0,4.0,2270113,10.0,3,3,1,0.0,,4.0,3,1972.0,A01,138Â 199Â 724,8.0,0.0,-1.0,1732705,1.0,40,,0.0,1.0,1.0,A01,138Â 199Â 724,3.0
1015066,201900056597,2,14,13:30,1,2,1,1.0,6.0,29019,GOUESNOU (DE 221 ET 214 A FIN),M,"48,4275303"," -4,4674668",29,2019,50.0,1.0,1.0,4.0,2270114,1.0,1,1,1,4.0,,0.0,0,1972.0,A01,138Â 199Â 724,8.0,0.0,-1.0,1732705,1.0,40,,0.0,1.0,1.0,A01,138Â 199Â 724,3.0
1015067,201900056598,6,13,09:45,1,2,2,1.0,2.0,75117,BOULEVARD DU FORT DE VAUX,M,"48,8922770","2,3010120",75,2019,50.0,1.0,2.0,4.0,2270115,1.0,1,4,1,1.0,,0.0,0,1955.0,B01,138Â 199Â 721,2.0,0.0,-1.0,1732706,1.0,34,,0.0,2.0,5.0,B01,138Â 199Â 721,1.0
1015067,201900056598,6,13,09:45,1,2,2,1.0,2.0,75117,BOULEVARD DU FORT DE VAUX,M,"48,8922770","2,3010120",75,2019,50.0,1.0,2.0,4.0,2270115,1.0,1,4,1,1.0,,0.0,0,1955.0,B01,138Â 199Â 721,2.0,0.0,-1.0,1732707,1.0,15,,0.0,2.0,1.0,A01,138Â 199Â 723,1.0
1015067,201900056598,6,13,09:45,1,2,2,1.0,2.0,75117,BOULEVARD DU FORT DE VAUX,M,"48,8922770","2,3010120",75,2019,50.0,1.0,2.0,4.0,2270116,1.0,1,1,1,4.0,,0.0,0,1954.0,A01,138Â 199Â 723,1.0,0.0,-1.0,1732706,1.0,34,,0.0,2.0,5.0,B01,138Â 199Â 721,1.0
1015067,201900056598,6,13,09:45,1,2,2,1.0,2.0,75117,BOULEVARD DU FORT DE VAUX,M,"48,8922770","2,3010120",75,2019,50.0,1.0,2.0,4.0,2270116,1.0,1,1,1,4.0,,0.0,0,1954.0,A01,138Â 199Â 723,1.0,0.0,-1.0,1732707,1.0,15,,0.0,2.0,1.0,A01,138Â 199Â 723,1.0
1015068,201900056599,12,2,17:20,3,1,2,1.0,3.0,71583,ROUTE DES ALLEMANDS,M,"46,2699120","4,7799500",71,2019,80.0,1.0,1.0,3.0,2270117,1.0,1,4,2,5.0,,0.0,0,1980.0,A01,138Â 199Â 722,1.0,-1.0,-1.0,1732708,0.0,7,,0.0,2.0,3.0,A01,138Â 199Â 722,1.0
1015068,201900056599,12,2,17:20,3,1,2,1.0,3.0,71583,ROUTE DES ALLEMANDS,M,"46,2699120","4,7799500",71,2019,80.0,1.0,1.0,3.0,2270117,1.0,1,4,2,5.0,,0.0,0,1980.0,A01,138Â 199Â 722,1.0,-1.0,-1.0,1732709,0.0,7,,0.0,2.0,2.0,B01,138Â 199Â 726,1.0
1015068,201900056599,12,2,17:20,3,1,2,1.0,3.0,71583,ROUTE DES ALLEMANDS,M,"46,2699120","4,7799500",71,2019,80.0,1.0,1.0,3.0,2270118,1.0,1,4,2,1.0,,0.0,0,1977.0,B01,138Â 199Â 726,1.0,-1.0,-1.0,1732708,0.0,7,,0.0,2.0,3.0,A01,138Â 199Â 722,1.0
1015068,201900056599,12,2,17:20,3,1,2,1.0,3.0,71583,ROUTE DES ALLEMANDS,M,"46,2699120","4,7799500",71,2019,80.0,1.0,1.0,3.0,2270118,1.0,1,4,2,1.0,,0.0,0,1977.0,B01,138Â 199Â 726,1.0,-1.0,-1.0,1732709,0.0,7,,0.0,2.0,2.0,B01,138Â 199Â 726,1.0
1015069,201900056600,5,12,10:35,1,1,3,1.0,3.0,78062,D 119,M,"48,8506510","1,8949420",78,2019,70.0,1.0,1.0,3.0,2270119,1.0,1,1,1,3.0,,0.0,0,1926.0,A01,138Â 199Â 725,1.0,-1.0,-1.0,1732710,1.0,7,,0.0,2.0,7.0,A01,138Â 199Â 725,1.0
1015069,201900056600,5,12,10:35,1,1,3,1.0,3.0,78062,D 119,M,"48,8506510","1,8949420",78,2019,70.0,1.0,1.0,3.0,2270119,1.0,1,1,1,3.0,,0.0,0,1926.0,A01,138Â 199Â 725,1.0,-1.0,-1.0,1732711,2.0,1,,0.0,2.0,1.0,B01,138Â 199Â 727,5.0
1015069,201900056600,5,12,10:35,1,1,3,1.0,3.0,78062,D 119,M,"48,8506510","1,8949420",78,2019,70.0,1.0,1.0,3.0,2270120,1.0,1,3,1,5.0,,0.0,0,1989.0,B01,138Â 199Â 727,2.0,-1.0,-1.0,1732710,1.0,7,,0.0,2.0,7.0,A01,138Â 199Â 725,1.0
1015069,201900056600,5,12,10:35,1,1,3,1.0,3.0,78062,D 119,M,"48,8506510","1,8949420",78,2019,70.0,1.0,1.0,3.0,2270120,1.0,1,3,1,5.0,,0.0,0,1989.0,B01,138Â 199Â 727,2.0,-1.0,-1.0,1732711,2.0,1,,0.0,2.0,1.0,B01,138Â 199Â 727,5.0
1015070,201900056601,2,16,15:05,1,1,9,1.0,6.0,27681,MAGNY (ROUTE DE),M,"49,0989349","1,5107727",27,2019,50.0,1.0,1.0,3.0,2270121,1.0,1,4,2,5.0,,-1.0,0,1949.0,A01,138Â 199Â 718,1.0,0.0,-1.0,1732712,3.0,99,,0.0,0.0,1.0,A01,138Â 199Â 718,1.0
1015071,201900056602,12,2,15:29,1,2,2,1.0,3.0,88196,28 Boulevard de la Jamagne,M,"48,0759050","6,8763990",88,2019,50.0,5.0,1.0,3.0,2270122,1.0,1,4,1,0.0,,0.0,0,1980.0,B01,138Â 199Â 714,0.0,-1.0,-1.0,1732713,1.0,1,,0.0,2.0,1.0,B01,138Â 199Â 714,5.0
1015071,201900056602,12,2,15:29,1,2,2,1.0,3.0,88196,28 Boulevard de la Jamagne,M,"48,0759050","6,8763990",88,2019,50.0,5.0,1.0,3.0,2270122,1.0,1,4,1,0.0,,0.0,0,1980.0,B01,138Â 199Â 714,0.0,-1.0,-1.0,1732714,2.0,7,,0.0,2.0,2.0,A01,138Â 199Â 716,0.0
1015071,201900056602,12,2,15:29,1,2,2,1.0,3.0,88196,28 Boulevard de la Jamagne,M,"48,0759050","6,8763990",88,2019,50.0,5.0,1.0,3.0,2270123,1.0,1,1,2,5.0,,0.0,0,1955.0,A01,138Â 199Â 716,1.0,-1.0,-1.0,1732713,1.0,1,,0.0,2.0,1.0,B01,138Â 199Â 714,5.0
1015071,201900056602,12,2,15:29,1,2,2,1.0,3.0,88196,28 Boulevard de la Jamagne,M,"48,0759050","6,8763990",88,2019,50.0,5.0,1.0,3.0,2270123,1.0,1,1,2,5.0,,0.0,0,1955.0,A01,138Â 199Â 716,1.0,-1.0,-1.0,1732714,2.0,7,,0.0,2.0,2.0,A01,138Â 199Â 716,0.0
1015072,201900056603,5,18,17:20,1,1,1,1.0,7.0,78398,2 chemin des fontenelles,M,"48,7561420","1,8369330",78,2019,-1.0,8.0,6.0,5.0,2270124,1.0,1,3,1,9.0,,0.0,0,1972.0,A01,138Â 199Â 712,2.0,-1.0,-1.0,1732715,3.0,2,,0.0,0.0,0.0,A01,138Â 199Â 712,1.0
1015073,201900056604,2,14,08:40,1,2,1,1.0,1.0,27701,CHAUSSE DU VEXIN,M,"49,2578700","1,1829900",27,2019,50.0,1.0,1.0,3.0,2270125,1.0,1,4,2,1.0,,-1.0,0,1963.0,A01,138Â 199Â 710,1.0,0.0,-1.0,1732716,3.0,7,,0.0,2.0,1.0,A01,138Â 199Â 710,1.0
1015073,201900056604,2,14,08:40,1,2,1,1.0,1.0,27701,CHAUSSE DU VEXIN,M,"49,2578700","1,1829900",27,2019,50.0,1.0,1.0,3.0,2270125,1.0,1,4,2,1.0,,-1.0,0,1963.0,A01,138Â 199Â 710,1.0,0.0,-1.0,1732717,3.0,7,,0.0,2.0,1.0,B01,138Â 199Â 711,1.0
1015073,201900056604,2,14,08:40,1,2,1,1.0,1.0,27701,CHAUSSE DU VEXIN,M,"49,2578700","1,1829900",27,2019,50.0,1.0,1.0,3.0,2270126,1.0,1,1,1,1.0,,-1.0,0,1971.0,B01,138Â 199Â 711,1.0,0.0,-1.0,1732716,3.0,7,,0.0,2.0,1.0,A01,138Â 199Â 710,1.0
1015073,201900056604,2,14,08:40,1,2,1,1.0,1.0,27701,CHAUSSE DU VEXIN,M,"49,2578700","1,1829900",27,2019,50.0,1.0,1.0,3.0,2270126,1.0,1,1,1,1.0,,-1.0,0,1971.0,B01,138Â 199Â 711,1.0,0.0,-1.0,1732717,3.0,7,,0.0,2.0,1.0,B01,138Â 199Â 711,1.0
1015074,201900056605,12,3,08:49,1,1,1,4.0,2.0,38442,D512,M,"45,2971000","5,7696300",38,2019,80.0,1.0,5.0,3.0,2270127,1.0,1,4,1,1.0,,0.0,0,1979.0,B01,138Â 199Â 708,1.0,-1.0,-1.0,1732718,1.0,7,,0.0,0.0,4.0,B01,138Â 199Â 708,1.0
1015074,201900056605,12,3,08:49,1,1,1,4.0,2.0,38442,D512,M,"45,2971000","5,7696300",38,2019,80.0,1.0,5.0,3.0,2270127,1.0,1,4,1,1.0,,0.0,0,1979.0,B01,138Â 199Â 708,1.0,-1.0,-1.0,1732719,1.0,7,,1.0,0.0,1.0,A01,138Â 199Â 709,1.0
1015074,201900056605,12,3,08:49,1,1,1,4.0,2.0,38442,D512,M,"45,2971000","5,7696300",38,2019,80.0,1.0,5.0,3.0,2270128,1.0,1,1,2,1.0,,0.0,0,1979.0,A01,138Â 199Â 709,1.0,-1.0,-1.0,1732718,1.0,7,,0.0,0.0,4.0,B01,138Â 199Â 708,1.0
1015074,201900056605,12,3,08:49,1,1,1,4.0,2.0,38442,D512,M,"45,2971000","5,7696300",38,2019,80.0,1.0,5.0,3.0,2270128,1.0,1,1,2,1.0,,0.0,0,1979.0,A01,138Â 199Â 709,1.0,-1.0,-1.0,1732719,1.0,7,,1.0,0.0,1.0,A01,138Â 199Â 709,1.0
1015075,201900056606,6,12,17:30,1,2,2,2.0,6.0,75117,RUE LANTIEZ,M,"48,8964690","2,3251200",75,2019,50.0,1.0,2.0,4.0,2270129,2.0,2,4,1,0.0,,0.0,0,1989.0,Z01,138Â 199Â 713,8.0,0.0,-1.0,1732720,1.0,7,,15.0,2.0,3.0,Z01,138Â 199Â 713,1.0
1015075,201900056606,6,12,17:30,1,2,2,2.0,6.0,75117,RUE LANTIEZ,M,"48,8964690","2,3251200",75,2019,50.0,1.0,2.0,4.0,2270129,2.0,2,4,1,0.0,,0.0,0,1989.0,Z01,138Â 199Â 713,8.0,0.0,-1.0,1732721,1.0,10,,0.0,2.0,3.0,A01,138Â 199Â 715,1.0
1015075,201900056606,6,12,17:30,1,2,2,2.0,6.0,75117,RUE LANTIEZ,M,"48,8964690","2,3251200",75,2019,50.0,1.0,2.0,4.0,2270129,2.0,2,4,1,0.0,,0.0,0,1989.0,Z01,138Â 199Â 713,8.0,0.0,-1.0,1732722,1.0,7,,0.0,2.0,3.0,B01,138Â 199Â 717,1.0
1015075,201900056606,6,12,17:30,1,2,2,2.0,6.0,75117,RUE LANTIEZ,M,"48,8964690","2,3251200",75,2019,50.0,1.0,2.0,4.0,2270129,2.0,2,4,1,0.0,,0.0,0,1989.0,Z01,138Â 199Â 713,8.0,0.0,-1.0,1732723,1.0,7,,0.0,2.0,3.0,C01,138Â 199Â 719,1.0
1015075,201900056606,6,12,17:30,1,2,2,2.0,6.0,75117,RUE LANTIEZ,M,"48,8964690","2,3251200",75,2019,50.0,1.0,2.0,4.0,2270130,1.0,1,1,2,1.0,,0.0,0,1985.0,A01,138Â 199Â 715,1.0,0.0,-1.0,1732720,1.0,7,,15.0,2.0,3.0,Z01,138Â 199Â 713,1.0
1015075,201900056606,6,12,17:30,1,2,2,2.0,6.0,75117,RUE LANTIEZ,M,"48,8964690","2,3251200",75,2019,50.0,1.0,2.0,4.0,2270130,1.0,1,1,2,1.0,,0.0,0,1985.0,A01,138Â 199Â 715,1.0,0.0,-1.0,1732721,1.0,10,,0.0,2.0,3.0,A01,138Â 199Â 715,1.0
1015075,201900056606,6,12,17:30,1,2,2,2.0,6.0,75117,RUE LANTIEZ,M,"48,8964690","2,3251200",75,2019,50.0,1.0,2.0,4.0,2270130,1.0,1,1,2,1.0,,0.0,0,1985.0,A01,138Â 199Â 715,1.0,0.0,-1.0,1732722,1.0,7,,0.0,2.0,3.0,B01,138Â 199Â 717,1.0
1015075,201900056606,6,12,17:30,1,2,2,2.0,6.0,75117,RUE LANTIEZ,M,"48,8964690","2,3251200",75,2019,50.0,1.0,2.0,4.0,2270130,1.0,1,1,2,1.0,,0.0,0,1985.0,A01,138Â 199Â 715,1.0,0.0,-1.0,1732723,1.0,7,,0.0,2.0,3.0,C01,138Â 199Â 719,1.0
1015075,201900056606,6,12,17:30,1,2,2,2.0,6.0,75117,RUE LANTIEZ,M,"48,8964690","2,3251200",75,2019,50.0,1.0,2.0,4.0,2270131,1.0,1,1,2,5.0,,0.0,0,1976.0,B01,138Â 199Â 717,1.0,0.0,-1.0,1732720,1.0,7,,15.0,2.0,3.0,Z01,138Â 199Â 713,1.0
1015075,201900056606,6,12,17:30,1,2,2,2.0,6.0,75117,RUE LANTIEZ,M,"48,8964690","2,3251200",75,2019,50.0,1.0,2.0,4.0,2270131,1.0,1,1,2,5.0,,0.0,0,1976.0,B01,138Â 199Â 717,1.0,0.0,-1.0,1732721,1.0,10,,0.0,2.0,3.0,A01,138Â 199Â 715,1.0
1015075,201900056606,6,12,17:30,1,2,2,2.0,6.0,75117,RUE LANTIEZ,M,"48,8964690","2,3251200",75,2019,50.0,1.0,2.0,4.0,2270131,1.0,1,1,2,5.0,,0.0,0,1976.0,B01,138Â 199Â 717,1.0,0.0,-1.0,1732722,1.0,7,,0.0,2.0,3.0,B01,138Â 199Â 717,1.0
1015075,201900056606,6,12,17:30,1,2,2,2.0,6.0,75117,RUE LANTIEZ,M,"48,8964690","2,3251200",75,2019,50.0,1.0,2.0,4.0,2270131,1.0,1,1,2,5.0,,0.0,0,1976.0,B01,138Â 199Â 717,1.0,0.0,-1.0,1732723,1.0,7,,0.0,2.0,3.0,C01,138Â 199Â 719,1.0
1015075,201900056606,6,12,17:30,1,2,2,2.0,6.0,75117,RUE LANTIEZ,M,"48,8964690","2,3251200",75,2019,50.0,1.0,2.0,4.0,2270132,1.0,1,1,1,1.0,,0.0,0,1987.0,C01,138Â 199Â 719,1.0,0.0,-1.0,1732720,1.0,7,,15.0,2.0,3.0,Z01,138Â 199Â 713,1.0
1015075,201900056606,6,12,17:30,1,2,2,2.0,6.0,75117,RUE LANTIEZ,M,"48,8964690","2,3251200",75,2019,50.0,1.0,2.0,4.0,2270132,1.0,1,1,1,1.0,,0.0,0,1987.0,C01,138Â 199Â 719,1.0,0.0,-1.0,1732721,1.0,10,,0.0,2.0,3.0,A01,138Â 199Â 715,1.0
1015075,201900056606,6,12,17:30,1,2,2,2.0,6.0,75117,RUE LANTIEZ,M,"48,8964690","2,3251200",75,2019,50.0,1.0,2.0,4.0,2270132,1.0,1,1,1,1.0,,0.0,0,1987.0,C01,138Â 199Â 719,1.0,0.0,-1.0,1732722,1.0,7,,0.0,2.0,3.0,B01,138Â 199Â 717,1.0
1015075,201900056606,6,12,17:30,1,2,2,2.0,6.0,75117,RUE LANTIEZ,M,"48,8964690","2,3251200",75,2019,50.0,1.0,2.0,4.0,2270132,1.0,1,1,1,1.0,,0.0,0,1987.0,C01,138Â 199Â 719,1.0,0.0,-1.0,1732723,1.0,7,,0.0,2.0,3.0,C01,138Â 199Â 719,1.0