Unnamed: 0_x,num_acc,mois,jour,hrmn,lum,agg,int,atm,col,com,adr,gps,lat,long,dep,annee,vma,situ,surf,catr,Unnamed: 0_y,place,catu,grav,sexe,trajet,secu,locp,actp,an_nais,num_veh_x,id_vehicule_x,secu1,secu2,secu3,Unnamed: 0,senc,catv,occutc,obs,obsm,choc,num_veh_y,id_vehicule_y,motor
1015076,201900056607,5,12,13:55,1,2,4,1.0,3.0,78128,1 Rue de Limours,M,"48,6734840","1,9745280",78,2019,50.0,1.0,1.0,3.0,2270133,1.0,1,1,1,0.0,,0.0,0,1993.0,A01,138Â 199Â 705,1.0,-1.0,-1.0,1732724,2.0,7,,0.0,2.0,2.0,A01,138Â 199Â 705,1.0
1015076,201900056607,5,12,13:55,1,2,4,1.0,3.0,78128,1 Rue de Limours,M,"48,6734840","1,9745280",78,2019,50.0,1.0,1.0,3.0,2270133,1.0,1,1,1,0.0,,0.0,0,1993.0,A01,138Â 199Â 705,1.0,-1.0,-1.0,1732725,2.0,33,,0.0,2.0,1.0,B01,138Â 199Â 707,1.0
1015076,201900056607,5,12,13:55,1,2,4,1.0,3.0,78128,1 Rue de Limours,M,"48,6734840","1,9745280",78,2019,50.0,1.0,1.0,3.0,2270134,1.0,1,3,1,5.0,,0.0,0,1970.0,B01,138Â 199Â 707,2.0,6.0,-1.0,1732724,2.0,7,,0.0,2.0,2.0,A01,138Â 199Â 705,1.0
1015076,201900056607,5,12,13:55,1,2,4,1.0,3.0,78128,1 Rue de Limours,M,"48,6734840","1,9745280",78,2019,50.0,1.0,1.0,3.0,2270134,1.0,1,3,1,5.0,,0.0,0,1970.0,B01,138Â 199Â 707,2.0,6.0,-1.0,1732725,2.0,33,,0.0,2.0,1.0,B01,138Â 199Â 707,1.0
1015077,201900056608,2,14,14:00,1,1,1,1.0,6.0,26198,AURIOL ( Bd du prÃ©sident Vincent),M,"44,5430600","4,7712400",26,2019,70.0,1.0,1.0,3.0,2270135,1.0,1,1,1,3.0,,0.0,0,1937.0,A01,138Â 199Â 702,1.0,0.0,-1.0,1732726,2.0,7,,0.0,1.0,1.0,A01,138Â 199Â 702,1.0
1015077,201900056608,2,14,14:00,1,1,1,1.0,6.0,26198,AURIOL ( Bd du prÃ©sident Vincent),M,"44,5430600","4,7712400",26,2019,70.0,1.0,1.0,3.0,2270136,10.0,3,4,2,2.0,,3.0,3,2004.0,A01,138Â 199Â 702,8.0,0.0,-1.0,1732726,2.0,7,,0.0,1.0,1.0,A01,138Â 199Â 702,1.0
1015078,201900056609,6,11,18:45,1,2,1,2.0,6.0,75117,BOULEVARD GOUVION SAINT CYR,M,"48,8783970","2,2843510",75,2019,50.0,1.0,2.0,4.0,2270137,1.0,1,1,1,1.0,,0.0,0,1962.0,A01,138Â 199Â 703,1.0,0.0,-1.0,1732727,1.0,7,,0.0,1.0,1.0,A01,138Â 199Â 703,1.0
1015078,201900056609,6,11,18:45,1,2,1,2.0,6.0,75117,BOULEVARD GOUVION SAINT CYR,M,"48,8783970","2,2843510",75,2019,50.0,1.0,2.0,4.0,2270138,10.0,3,4,2,2.0,,2.0,3,2002.0,A01,138Â 199Â 703,8.0,0.0,-1.0,1732727,1.0,7,,0.0,1.0,1.0,A01,138Â 199Â 703,1.0
1015079,201900056610,5,12,12:00,1,1,1,1.0,6.0,78590,rue de dampierre,M,"48,6863980","1,9811360",78,2019,70.0,1.0,1.0,3.0,2270139,1.0,1,4,1,5.0,,0.0,0,1977.0,B01,138Â 199Â 700,2.0,-1.0,-1.0,1732728,2.0,1,,0.0,2.0,1.0,B01,138Â 199Â 700,5.0
1015079,201900056610,5,12,12:00,1,1,1,1.0,6.0,78590,rue de dampierre,M,"48,6863980","1,9811360",78,2019,70.0,1.0,1.0,3.0,2270139,1.0,1,4,1,5.0,,0.0,0,1977.0,B01,138Â 199Â 700,2.0,-1.0,-1.0,1732729,1.0,33,,0.0,2.0,2.0,A01,138Â 199Â 704,1.0
1015079,201900056610,5,12,12:00,1,1,1,1.0,6.0,78590,rue de dampierre,M,"48,6863980","1,9811360",78,2019,70.0,1.0,1.0,3.0,2270140,1.0,1,4,1,5.0,,0.0,0,1997.0,A01,138Â 199Â 704,2.0,-1.0,-1.0,1732728,2.0,1,,0.0,2.0,1.0,B01,138Â 199Â 700,5.0
1015079,201900056610,5,12,12:00,1,1,1,1.0,6.0,78590,rue de dampierre,M,"48,6863980","1,9811360",78,2019,70.0,1.0,1.0,3.0,2270140,1.0,1,4,1,5.0,,0.0,0,1997.0,A01,138Â 199Â 704,2.0,-1.0,-1.0,1732729,1.0,33,,0.0,2.0,2.0,A01,138Â 199Â 704,1.0
1015080,201900056611,6,7,19:10,1,2,1,6.0,6.0,75117,RUE DE COURCELLES,M,"48,8866950","2,2955360",75,2019,50.0,1.0,1.0,4.0,2270141,3.0,2,3,2,0.0,,0.0,0,1984.0,A01,138Â 199Â 698,1.0,0.0,-1.0,1732730,3.0,7,,15.0,0.0,0.0,A01,138Â 199Â 698,1.0
1015080,201900056611,6,7,19:10,1,2,1,6.0,6.0,75117,RUE DE COURCELLES,M,"48,8866950","2,2955360",75,2019,50.0,1.0,1.0,4.0,2270142,1.0,1,1,1,4.0,,0.0,0,1964.0,A01,138Â 199Â 698,8.0,0.0,-1.0,1732730,3.0,7,,15.0,0.0,0.0,A01,138Â 199Â 698,1.0
1015081,201900056612,6,11,15:10,1,2,3,1.0,6.0,75117,AVENUE DE SAINT OUEN,M,"48,8916080","2,3269600",75,2019,50.0,6.0,1.0,4.0,2270143,2.0,2,4,2,0.0,,0.0,0,2006.0,A01,138Â 199Â 697,2.0,6.0,-1.0,1732731,1.0,32,,0.0,2.0,1.0,Z01,138Â 199Â 696,1.0
1015081,201900056612,6,11,15:10,1,2,3,1.0,6.0,75117,AVENUE DE SAINT OUEN,M,"48,8916080","2,3269600",75,2019,50.0,6.0,1.0,4.0,2270143,2.0,2,4,2,0.0,,0.0,0,2006.0,A01,138Â 199Â 697,2.0,6.0,-1.0,1732732,1.0,33,,0.0,2.0,8.0,A01,138Â 199Â 697,1.0
1015081,201900056612,6,11,15:10,1,2,3,1.0,6.0,75117,AVENUE DE SAINT OUEN,M,"48,8916080","2,3269600",75,2019,50.0,6.0,1.0,4.0,2270144,1.0,1,1,1,5.0,,0.0,0,1991.0,A01,138Â 199Â 697,2.0,6.0,-1.0,1732731,1.0,32,,0.0,2.0,1.0,Z01,138Â 199Â 696,1.0
1015081,201900056612,6,11,15:10,1,2,3,1.0,6.0,75117,AVENUE DE SAINT OUEN,M,"48,8916080","2,3269600",75,2019,50.0,6.0,1.0,4.0,2270144,1.0,1,1,1,5.0,,0.0,0,1991.0,A01,138Â 199Â 697,2.0,6.0,-1.0,1732732,1.0,33,,0.0,2.0,8.0,A01,138Â 199Â 697,1.0
1015082,201900056613,6,11,11:05,1,2,3,1.0,6.0,75117,RUE LECLUSE,M,"48,8849100","2,3250340",75,2019,30.0,1.0,1.0,4.0,2270145,10.0,3,4,2,5.0,,3.0,3,1944.0,A01,138Â 199Â 695,8.0,0.0,-1.0,1732733,1.0,1,,0.0,1.0,1.0,A01,138Â 199Â 695,5.0
1015082,201900056613,6,11,11:05,1,2,3,1.0,6.0,75117,RUE LECLUSE,M,"48,8849100","2,3250340",75,2019,30.0,1.0,1.0,4.0,2270146,1.0,1,1,1,1.0,,0.0,0,1993.0,A01,138Â 199Â 695,2.0,0.0,-1.0,1732733,1.0,1,,0.0,1.0,1.0,A01,138Â 199Â 695,5.0
1015083,201900056614,4,28,18:30,2,1,2,2.0,5.0,78472,Intersection RD 116 / RN191,M,"48,4837990","1,8485560",78,2019,80.0,1.0,2.0,2.0,2270147,1.0,1,4,1,5.0,,0.0,0,1972.0,B01,138Â 199Â 691,1.0,-1.0,-1.0,1732734,2.0,10,,0.0,2.0,1.0,B01,138Â 199Â 691,1.0
1015083,201900056614,4,28,18:30,2,1,2,2.0,5.0,78472,Intersection RD 116 / RN191,M,"48,4837990","1,8485560",78,2019,80.0,1.0,2.0,2.0,2270147,1.0,1,4,1,5.0,,0.0,0,1972.0,B01,138Â 199Â 691,1.0,-1.0,-1.0,1732735,1.0,7,,0.0,2.0,0.0,A01,138Â 199Â 692,1.0
1015083,201900056614,4,28,18:30,2,1,2,2.0,5.0,78472,Intersection RD 116 / RN191,M,"48,4837990","1,8485560",78,2019,80.0,1.0,2.0,2.0,2270147,1.0,1,4,1,5.0,,0.0,0,1972.0,B01,138Â 199Â 691,1.0,-1.0,-1.0,1732736,2.0,7,,0.0,2.0,1.0,C01,138Â 199Â 694,1.0
1015083,201900056614,4,28,18:30,2,1,2,2.0,5.0,78472,Intersection RD 116 / RN191,M,"48,4837990","1,8485560",78,2019,80.0,1.0,2.0,2.0,2270148,1.0,1,4,1,0.0,,0.0,0,1940.0,A01,138Â 199Â 692,1.0,-1.0,-1.0,1732734,2.0,10,,0.0,2.0,1.0,B01,138Â 199Â 691,1.0
1015083,201900056614,4,28,18:30,2,1,2,2.0,5.0,78472,Intersection RD 116 / RN191,M,"48,4837990","1,8485560",78,2019,80.0,1.0,2.0,2.0,2270148,1.0,1,4,1,0.0,,0.0,0,1940.0,A01,138Â 199Â 692,1.0,-1.0,-1.0,1732735,1.0,7,,0.0,2.0,0.0,A01,138Â 199Â 692,1.0
1015083,201900056614,4,28,18:30,2,1,2,2.0,5.0,78472,Intersection RD 116 / RN191,M,"48,4837990","1,8485560",78,2019,80.0,1.0,2.0,2.0,2270148,1.0,1,4,1,0.0,,0.0,0,1940.0,A01,138Â 199Â 692,1.0,-1.0,-1.0,1732736,2.0,7,,0.0,2.0,1.0,C01,138Â 199Â 694,1.0
1015083,201900056614,4,28,18:30,2,1,2,2.0,5.0,78472,Intersection RD 116 / RN191,M,"48,4837990","1,8485560",78,2019,80.0,1.0,2.0,2.0,2270149,1.0,1,1,1,5.0,,0.0,0,1995.0,C01,138Â 199Â 694,1.0,-1.0,-1.0,1732734,2.0,10,,0.0,2.0,1.0,B01,138Â 199Â 691,1.0
1015083,201900056614,4,28,18:30,2,1,2,2.0,5.0,78472,Intersection RD 116 / RN191,M,"48,4837990","1,8485560",78,2019,80.0,1.0,2.0,2.0,2270149,1.0,1,1,1,5.0,,0.0,0,1995.0,C01,138Â 199Â 694,1.0,-1.0,-1.0,1732735,1.0,7,,0.0,2.0,0.0,A01,138Â 199Â 692,1.0
1015083,201900056614,4,28,18:30,2,1,2,2.0,5.0,78472,Intersection RD 116 / RN191,M,"48,4837990","1,8485560",78,2019,80.0,1.0,2.0,2.0,2270149,1.0,1,1,1,5.0,,0.0,0,1995.0,C01,138Â 199Â 694,1.0,-1.0,-1.0,1732736,2.0,7,,0.0,2.0,1.0,C01,138Â 199Â 694,1.0
1015084,201900056615,12,2,16:05,1,2,1,1.0,6.0,07127,69 Avenue de la Gare,M,"44,6474432","4,3250393",7,2019,50.0,1.0,1.0,2.0,2270150,10.0,3,2,2,5.0,,3.0,3,1936.0,A01,138Â 199Â 701,0.0,-1.0,-1.0,1732737,1.0,7,,0.0,1.0,1.0,A01,138Â 199Â 701,1.0
1015084,201900056615,12,2,16:05,1,2,1,1.0,6.0,07127,69 Avenue de la Gare,M,"44,6474432","4,3250393",7,2019,50.0,1.0,1.0,2.0,2270151,1.0,1,1,1,0.0,,0.0,0,1995.0,A01,138Â 199Â 701,1.0,-1.0,-1.0,1732737,1.0,7,,0.0,1.0,1.0,A01,138Â 199Â 701,1.0
1015085,201900056616,12,2,16:15,1,1,1,7.0,6.0,79283,Route de la CrÃªche,M,"46,3674400"," -0,2803240",79,2019,80.0,3.0,1.0,3.0,2270152,1.0,1,3,1,1.0,,0.0,0,1980.0,A01,138Â 199Â 688,2.0,-1.0,-1.0,1732738,2.0,33,,7.0,0.0,1.0,A01,138Â 199Â 688,1.0
1015086,201900056617,5,18,12:05,1,1,2,2.0,6.0,78283,RD983,M,"48,7269610","1,6288350",78,2019,80.0,3.0,2.0,3.0,2270153,10.0,3,3,2,4.0,,6.0,9,2000.0,A01,138Â 199Â 689,4.0,9.0,-1.0,1732739,1.0,7,,0.0,1.0,0.0,A01,138Â 199Â 689,0.0
1015087,201900056618,6,8,11:45,1,2,3,1.0,3.0,75117,AVENUE DE LA PORTE D ASNIERES,M,"48,8906160","2,3030990",75,2019,50.0,6.0,1.0,4.0,2270154,1.0,1,1,2,5.0,,0.0,0,1998.0,B01,138Â 199Â 690,1.0,8.0,-1.0,1732740,1.0,7,,0.0,2.0,3.0,B01,138Â 199Â 690,1.0
1015087,201900056618,6,8,11:45,1,2,3,1.0,3.0,75117,AVENUE DE LA PORTE D ASNIERES,M,"48,8906160","2,3030990",75,2019,50.0,6.0,1.0,4.0,2270154,1.0,1,1,2,5.0,,0.0,0,1998.0,B01,138Â 199Â 690,1.0,8.0,-1.0,1732741,2.0,30,,0.0,2.0,1.0,A01,138Â 199Â 693,1.0
1015087,201900056618,6,8,11:45,1,2,3,1.0,3.0,75117,AVENUE DE LA PORTE D ASNIERES,M,"48,8906160","2,3030990",75,2019,50.0,6.0,1.0,4.0,2270155,1.0,1,4,1,1.0,,0.0,0,1987.0,A01,138Â 199Â 693,2.0,0.0,-1.0,1732740,1.0,7,,0.0,2.0,3.0,B01,138Â 199Â 690,1.0
1015087,201900056618,6,8,11:45,1,2,3,1.0,3.0,75117,AVENUE DE LA PORTE D ASNIERES,M,"48,8906160","2,3030990",75,2019,50.0,6.0,1.0,4.0,2270155,1.0,1,4,1,1.0,,0.0,0,1987.0,A01,138Â 199Â 693,2.0,0.0,-1.0,1732741,2.0,30,,0.0,2.0,1.0,A01,138Â 199Â 693,1.0
1015088,201900056619,3,24,12:19,1,1,1,1.0,7.0,78531,A13 Pk 055.050,M,"49,0052590","1,6023770",78,2019,130.0,1.0,1.0,1.0,2270156,1.0,1,4,2,0.0,,0.0,0,1996.0,A01,138Â 199Â 687,1.0,-1.0,-1.0,1732742,1.0,7,,4.0,0.0,8.0,A01,138Â 199Â 687,1.0
1015089,201900056620,2,14,18:15,5,2,1,1.0,6.0,25462,SALINS DE (DU 16 AU 63),M,"46,9067700","6,3463300",25,2019,50.0,1.0,1.0,4.0,2270157,10.0,3,1,1,0.0,,3.0,3,1979.0,A01,138Â 199Â 699,8.0,0.0,-1.0,1732743,1.0,7,,0.0,1.0,2.0,A01,138Â 199Â 699,1.0
1015089,201900056620,2,14,18:15,5,2,1,1.0,6.0,25462,SALINS DE (DU 16 AU 63),M,"46,9067700","6,3463300",25,2019,50.0,1.0,1.0,4.0,2270158,10.0,3,4,2,0.0,,3.0,3,1984.0,A01,138Â 199Â 699,8.0,0.0,-1.0,1732743,1.0,7,,0.0,1.0,2.0,A01,138Â 199Â 699,1.0
1015089,201900056620,2,14,18:15,5,2,1,1.0,6.0,25462,SALINS DE (DU 16 AU 63),M,"46,9067700","6,3463300",25,2019,50.0,1.0,1.0,4.0,2270159,1.0,1,1,1,0.0,,0.0,0,2000.0,A01,138Â 199Â 699,1.0,8.0,-1.0,1732743,1.0,7,,0.0,1.0,2.0,A01,138Â 199Â 699,1.0
1015090,201900056621,12,2,15:40,1,2,1,8.0,2.0,64430,Route de Bayonne,M,"43,4898863"," -0,7887777",64,2019,70.0,1.0,1.0,3.0,2270160,1.0,1,4,1,5.0,,0.0,0,1947.0,A01,138Â 199Â 685,1.0,-1.0,-1.0,1732744,2.0,7,,0.0,2.0,1.0,A01,138Â 199Â 685,1.0
1015090,201900056621,12,2,15:40,1,2,1,8.0,2.0,64430,Route de Bayonne,M,"43,4898863"," -0,7887777",64,2019,70.0,1.0,1.0,3.0,2270160,1.0,1,4,1,5.0,,0.0,0,1947.0,A01,138Â 199Â 685,1.0,-1.0,-1.0,1732745,2.0,7,,0.0,0.0,4.0,B01,138Â 199Â 686,1.0
1015090,201900056621,12,2,15:40,1,2,1,8.0,2.0,64430,Route de Bayonne,M,"43,4898863"," -0,7887777",64,2019,70.0,1.0,1.0,3.0,2270161,1.0,1,3,1,3.0,,0.0,0,1945.0,B01,138Â 199Â 686,1.0,-1.0,-1.0,1732744,2.0,7,,0.0,2.0,1.0,A01,138Â 199Â 685,1.0
1015090,201900056621,12,2,15:40,1,2,1,8.0,2.0,64430,Route de Bayonne,M,"43,4898863"," -0,7887777",64,2019,70.0,1.0,1.0,3.0,2270161,1.0,1,3,1,3.0,,0.0,0,1945.0,B01,138Â 199Â 686,1.0,-1.0,-1.0,1732745,2.0,7,,0.0,0.0,4.0,B01,138Â 199Â 686,1.0
1015091,201900056622,6,8,11:00,1,2,2,8.0,7.0,75117,BOULEVARD MALESHERBES,M,"48,8808570","2,3125660",75,2019,50.0,1.0,1.0,4.0,2270162,1.0,1,4,2,1.0,,0.0,0,1984.0,A01,138Â 199Â 684,2.0,6.0,-1.0,1732746,2.0,32,,0.0,0.0,3.0,A01,138Â 199Â 684,1.0
1015092,201900056623,5,23,23:50,3,1,3,1.0,7.0,2B332,Pietra d'Urtaca,M,"42,5939650","9,1654860",2B,2019,80.0,1.0,1.0,2.0,2270163,1.0,1,3,1,0.0,,0.0,0,1958.0,A01,138Â 199Â 683,8.0,-1.0,-1.0,1732747,0.0,34,,0.0,0.0,7.0,A01,138Â 199Â 683,1.0
1015093,201900056624,11,29,06:45,3,1,1,8.0,6.0,33295,2 Piece de l'Eglise,M,"45,0122700"," -0,3562600",33,2019,70.0,3.0,2.0,3.0,2270164,1.0,1,3,1,5.0,,0.0,0,2000.0,A01,138Â 199Â 681,8.0,-1.0,-1.0,1732748,1.0,7,,8.0,0.0,1.0,A01,138Â 199Â 681,1.0
1015093,201900056624,11,29,06:45,3,1,1,8.0,6.0,33295,2 Piece de l'Eglise,M,"45,0122700"," -0,3562600",33,2019,70.0,3.0,2.0,3.0,2270165,2.0,2,4,1,5.0,,0.0,0,2000.0,A01,138Â 199Â 681,8.0,-1.0,-1.0,1732748,1.0,7,,8.0,0.0,1.0,A01,138Â 199Â 681,1.0
1015094,201900056625,2,14,19:55,5,2,2,1.0,3.0,24037,AVENUE DU GENERAL DE GAULLE,M,"44,8403000","0,4619000",24,2019,50.0,1.0,1.0,3.0,2270166,1.0,1,1,2,5.0,,-1.0, -1,1992.0,A01,138Â 199Â 680,1.0,0.0,-1.0,1732749,3.0,7,,0.0,2.0,2.0,A01,138Â 199Â 680,1.0
1015094,201900056625,2,14,19:55,5,2,2,1.0,3.0,24037,AVENUE DU GENERAL DE GAULLE,M,"44,8403000","0,4619000",24,2019,50.0,1.0,1.0,3.0,2270166,1.0,1,1,2,5.0,,-1.0, -1,1992.0,A01,138Â 199Â 680,1.0,0.0,-1.0,1732750,2.0,2,,0.0,2.0,1.0,B01,138Â 199Â 682,1.0
1015094,201900056625,2,14,19:55,5,2,2,1.0,3.0,24037,AVENUE DU GENERAL DE GAULLE,M,"44,8403000","0,4619000",24,2019,50.0,1.0,1.0,3.0,2270167,1.0,1,3,1,5.0,,-1.0, -1,2001.0,B01,138Â 199Â 682,2.0,0.0,-1.0,1732749,3.0,7,,0.0,2.0,2.0,A01,138Â 199Â 680,1.0
1015094,201900056625,2,14,19:55,5,2,2,1.0,3.0,24037,AVENUE DU GENERAL DE GAULLE,M,"44,8403000","0,4619000",24,2019,50.0,1.0,1.0,3.0,2270167,1.0,1,3,1,5.0,,-1.0, -1,2001.0,B01,138Â 199Â 682,2.0,0.0,-1.0,1732750,2.0,2,,0.0,2.0,1.0,B01,138Â 199Â 682,1.0
1015094,201900056625,2,14,19:55,5,2,2,1.0,3.0,24037,AVENUE DU GENERAL DE GAULLE,M,"44,8403000","0,4619000",24,2019,50.0,1.0,1.0,3.0,2270168,2.0,2,4,1,5.0,,-1.0, -1,2002.0,B01,138Â 199Â 682,2.0,0.0,-1.0,1732749,3.0,7,,0.0,2.0,2.0,A01,138Â 199Â 680,1.0
1015094,201900056625,2,14,19:55,5,2,2,1.0,3.0,24037,AVENUE DU GENERAL DE GAULLE,M,"44,8403000","0,4619000",24,2019,50.0,1.0,1.0,3.0,2270168,2.0,2,4,1,5.0,,-1.0, -1,2002.0,B01,138Â 199Â 682,2.0,0.0,-1.0,1732750,2.0,2,,0.0,2.0,1.0,B01,138Â 199Â 682,1.0
1015095,201900056626,5,23,11:50,1,1,1,1.0,7.0,2B162,D47,M,"42,4860310","9,1138770",2B,2019,80.0,1.0,1.0,3.0,2270169,1.0,1,4,1,4.0,,0.0,0,1982.0,A01,138Â 199Â 678,2.0,-1.0,-1.0,1732751,1.0,33,,0.0,0.0,8.0,A01,138Â 199Â 678,1.0
1015096,201900056627,12,2,12:24,1,2,1,1.0,2.0,72154,Avenue d'Obernkirchen,M,"47,7013300"," -0,0549590",72,2019,70.0,5.0,1.0,3.0,2270170,1.0,1,1,2,0.0,,0.0,0,1991.0,B01,138Â 199Â 677,1.0,-1.0,-1.0,1732752,1.0,7,,0.0,0.0,4.0,B01,138Â 199Â 677,0.0
1015096,201900056627,12,2,12:24,1,2,1,1.0,2.0,72154,Avenue d'Obernkirchen,M,"47,7013300"," -0,0549590",72,2019,70.0,5.0,1.0,3.0,2270170,1.0,1,1,2,0.0,,0.0,0,1991.0,B01,138Â 199Â 677,1.0,-1.0,-1.0,1732753,1.0,2,,14.0,0.0,1.0,A01,138Â 199Â 679,6.0
1015096,201900056627,12,2,12:24,1,2,1,1.0,2.0,72154,Avenue d'Obernkirchen,M,"47,7013300"," -0,0549590",72,2019,70.0,5.0,1.0,3.0,2270171,1.0,1,3,2,1.0,,0.0,0,1985.0,A01,138Â 199Â 679,2.0,-1.0,-1.0,1732752,1.0,7,,0.0,0.0,4.0,B01,138Â 199Â 677,0.0
1015096,201900056627,12,2,12:24,1,2,1,1.0,2.0,72154,Avenue d'Obernkirchen,M,"47,7013300"," -0,0549590",72,2019,70.0,5.0,1.0,3.0,2270171,1.0,1,3,2,1.0,,0.0,0,1985.0,A01,138Â 199Â 679,2.0,-1.0,-1.0,1732753,1.0,2,,14.0,0.0,1.0,A01,138Â 199Â 679,6.0
1015097,201900056628,6,8,05:40,1,2,1,1.0,6.0,75117,RUE DE TOCQUEVILLE,M,"48,8828500","2,3133110",75,2019,50.0,1.0,1.0,4.0,2270172,2.0,2,4,1,5.0,,0.0,0,1998.0,Z01,138Â 199Â 676,1.0,0.0,-1.0,1732754,2.0,7,,1.0,0.0,9.0,Z01,138Â 199Â 676,1.0
1015098,201900056629,12,2,20:30,3,1,6,1.0,6.0,50575,2 Route des Roches,M,"49,5857930"," -1,6902200",50,2019,80.0,8.0,1.0,3.0,2270173,1.0,1,3,1,0.0,,0.0,0,1971.0,A01,138Â 199Â 675,1.0,-1.0,-1.0,1732755,1.0,7,,12.0,0.0,1.0,A01,138Â 199Â 675,1.0
1015099,201900056630,6,6,20:00,1,2,7,1.0,6.0,75117,PLACE PAUL LEAUTAUD,M,"48,8871520","2,2974140",75,2019,50.0,1.0,1.0,4.0,2270174,1.0,1,4,1,1.0,,0.0,0,1990.0,A01,138Â 199Â 671,2.0,0.0,-1.0,1732756,2.0,30,,0.0,2.0,1.0,A01,138Â 199Â 671,1.0
1015099,201900056630,6,6,20:00,1,2,7,1.0,6.0,75117,PLACE PAUL LEAUTAUD,M,"48,8871520","2,2974140",75,2019,50.0,1.0,1.0,4.0,2270174,1.0,1,4,1,1.0,,0.0,0,1990.0,A01,138Â 199Â 671,2.0,0.0,-1.0,1732757,1.0,7,,0.0,2.0,0.0,Z01,138Â 199Â 673,0.0
1015100,201900056631,12,3,07:00,3,1,1,5.0,1.0,27683,RD 313,M,"49,2200970","1,3950260",27,2019,80.0,1.0,7.0,3.0,2270175,1.0,1,4,1,1.0,,0.0,0,1976.0,B01,138Â 199Â 667,1.0,-1.0,-1.0,1732758,2.0,7,,0.0,2.0,1.0,B01,138Â 199Â 667,1.0
1015100,201900056631,12,3,07:00,3,1,1,5.0,1.0,27683,RD 313,M,"49,2200970","1,3950260",27,2019,80.0,1.0,7.0,3.0,2270175,1.0,1,4,1,1.0,,0.0,0,1976.0,B01,138Â 199Â 667,1.0,-1.0,-1.0,1732759,1.0,7,,5.0,2.0,1.0,A01,138Â 199Â 669,1.0
1015100,201900056631,12,3,07:00,3,1,1,5.0,1.0,27683,RD 313,M,"49,2200970","1,3950260",27,2019,80.0,1.0,7.0,3.0,2270176,1.0,1,3,1,1.0,,0.0,0,1997.0,A01,138Â 199Â 669,1.0,-1.0,-1.0,1732758,2.0,7,,0.0,2.0,1.0,B01,138Â 199Â 667,1.0
1015100,201900056631,12,3,07:00,3,1,1,5.0,1.0,27683,RD 313,M,"49,2200970","1,3950260",27,2019,80.0,1.0,7.0,3.0,2270176,1.0,1,3,1,1.0,,0.0,0,1997.0,A01,138Â 199Â 669,1.0,-1.0,-1.0,1732759,1.0,7,,5.0,2.0,1.0,A01,138Â 199Â 669,1.0
1015101,201900056632,5,16,14:40,1,1,1,1.0,1.0,2B193,RT 20,M,"42,4118210","9,1952360",2B,2019,80.0,1.0,1.0,2.0,2270177,2.0,2,3,1,5.0,,0.0,0,1943.0,B01,138Â 199Â 668,1.0,-1.0,-1.0,1732760,2.0,7,,0.0,2.0,1.0,B01,138Â 199Â 668,1.0
1015101,201900056632,5,16,14:40,1,1,1,1.0,1.0,2B193,RT 20,M,"42,4118210","9,1952360",2B,2019,80.0,1.0,1.0,2.0,2270177,2.0,2,3,1,5.0,,0.0,0,1943.0,B01,138Â 199Â 668,1.0,-1.0,-1.0,1732761,1.0,7,,0.0,2.0,1.0,A01,138Â 199Â 670,1.0
1015101,201900056632,5,16,14:40,1,1,1,1.0,1.0,2B193,RT 20,M,"42,4118210","9,1952360",2B,2019,80.0,1.0,1.0,2.0,2270178,1.0,1,2,2,5.0,,0.0,0,1947.0,B01,138Â 199Â 668,1.0,-1.0,-1.0,1732760,2.0,7,,0.0,2.0,1.0,B01,138Â 199Â 668,1.0
1015101,201900056632,5,16,14:40,1,1,1,1.0,1.0,2B193,RT 20,M,"42,4118210","9,1952360",2B,2019,80.0,1.0,1.0,2.0,2270178,1.0,1,2,2,5.0,,0.0,0,1947.0,B01,138Â 199Â 668,1.0,-1.0,-1.0,1732761,1.0,7,,0.0,2.0,1.0,A01,138Â 199Â 670,1.0
1015101,201900056632,5,16,14:40,1,1,1,1.0,1.0,2B193,RT 20,M,"42,4118210","9,1952360",2B,2019,80.0,1.0,1.0,2.0,2270179,1.0,1,4,1,4.0,,0.0,0,1964.0,A01,138Â 199Â 670,1.0,-1.0,-1.0,1732760,2.0,7,,0.0,2.0,1.0,B01,138Â 199Â 668,1.0
1015101,201900056632,5,16,14:40,1,1,1,1.0,1.0,2B193,RT 20,M,"42,4118210","9,1952360",2B,2019,80.0,1.0,1.0,2.0,2270179,1.0,1,4,1,4.0,,0.0,0,1964.0,A01,138Â 199Â 670,1.0,-1.0,-1.0,1732761,1.0,7,,0.0,2.0,1.0,A01,138Â 199Â 670,1.0
1015102,201900056633,2,15,19:20,3,1,1,1.0,3.0,17291,RN 237 ,M,"46,1787870"," -1,1288160",17,2019,90.0,1.0,1.0,2.0,2270180,1.0,1,4,1,5.0,,-1.0, -1,1972.0,A01,138Â 199Â 664,8.0,0.0,-1.0,1732762,1.0,10,,0.0,2.0,7.0,A01,138Â 199Â 664,1.0
1015102,201900056633,2,15,19:20,3,1,1,1.0,3.0,17291,RN 237 ,M,"46,1787870"," -1,1288160",17,2019,90.0,1.0,1.0,2.0,2270180,1.0,1,4,1,5.0,,-1.0, -1,1972.0,A01,138Â 199Â 664,8.0,0.0,-1.0,1732763,1.0,7,,0.0,2.0,8.0,B01,138Â 199Â 666,1.0