Unnamed: 0_x,num_acc,mois,jour,hrmn,lum,agg,int,atm,col,com,adr,gps,lat,long,dep,annee,vma,situ,surf,catr,Unnamed: 0_y,place,catu,grav,sexe,trajet,secu,locp,actp,an_nais,num_veh_x,id_vehicule_x,secu1,secu2,secu3,Unnamed: 0,senc,catv,occutc,obs,obsm,choc,num_veh_y,id_vehicule_y,motor
1015102,201900056633,2,15,19:20,3,1,1,1.0,3.0,17291,RN 237 ,M,"46,1787870"," -1,1288160",17,2019,90.0,1.0,1.0,2.0,2270181,2.0,2,4,1,0.0,,-1.0, -1,1961.0,A01,138Â 199Â 664,8.0,0.0,-1.0,1732762,1.0,10,,0.0,2.0,7.0,A01,138Â 199Â 664,1.0
1015102,201900056633,2,15,19:20,3,1,1,1.0,3.0,17291,RN 237 ,M,"46,1787870"," -1,1288160",17,2019,90.0,1.0,1.0,2.0,2270181,2.0,2,4,1,0.0,,-1.0, -1,1961.0,A01,138Â 199Â 664,8.0,0.0,-1.0,1732763,1.0,7,,0.0,2.0,8.0,B01,138Â 199Â 666,1.0
1015102,201900056633,2,15,19:20,3,1,1,1.0,3.0,17291,RN 237 ,M,"46,1787870"," -1,1288160",17,2019,90.0,1.0,1.0,2.0,2270182,2.0,2,1,2,5.0,,-1.0, -1,1943.0,B01,138Â 199Â 666,1.0,0.0,-1.0,1732762,1.0,10,,0.0,2.0,7.0,A01,138Â 199Â 664,1.0
1015102,201900056633,2,15,19:20,3,1,1,1.0,3.0,17291,RN 237 ,M,"46,1787870"," -1,1288160",17,2019,90.0,1.0,1.0,2.0,2270182,2.0,2,1,2,5.0,,-1.0, -1,1943.0,B01,138Â 199Â 666,1.0,0.0,-1.0,1732763,1.0,7,,0.0,2.0,8.0,B01,138Â 199Â 666,1.0
1015102,201900056633,2,15,19:20,3,1,1,1.0,3.0,17291,RN 237 ,M,"46,1787870"," -1,1288160",17,2019,90.0,1.0,1.0,2.0,2270183,1.0,1,1,1,5.0,,-1.0, -1,1946.0,B01,138Â 199Â 666,1.0,0.0,-1.0,1732762,1.0,10,,0.0,2.0,7.0,A01,138Â 199Â 664,1.0
1015102,201900056633,2,15,19:20,3,1,1,1.0,3.0,17291,RN 237 ,M,"46,1787870"," -1,1288160",17,2019,90.0,1.0,1.0,2.0,2270183,1.0,1,1,1,5.0,,-1.0, -1,1946.0,B01,138Â 199Â 666,1.0,0.0,-1.0,1732763,1.0,7,,0.0,2.0,8.0,B01,138Â 199Â 666,1.0
1015103,201900056634,2,14,17:55,2,2,3,1.0,2.0,17300,GUITON   AVENUE JEAN (167-341),M,"46,1608390"," -1,1727960",17,2019,30.0,1.0,1.0,4.0,2270184,1.0,1,4,1,1.0,,-1.0, -1,1970.0,B01,138Â 199Â 660,1.0,0.0,-1.0,1732764,1.0,7,,0.0,2.0,1.0,B01,138Â 199Â 660,1.0
1015103,201900056634,2,14,17:55,2,2,3,1.0,2.0,17300,GUITON   AVENUE JEAN (167-341),M,"46,1608390"," -1,1727960",17,2019,30.0,1.0,1.0,4.0,2270184,1.0,1,4,1,1.0,,-1.0, -1,1970.0,B01,138Â 199Â 660,1.0,0.0,-1.0,1732765,1.0,7,,0.0,2.0,4.0,A01,138Â 199Â 661,1.0
1015103,201900056634,2,14,17:55,2,2,3,1.0,2.0,17300,GUITON   AVENUE JEAN (167-341),M,"46,1608390"," -1,1727960",17,2019,30.0,1.0,1.0,4.0,2270185,1.0,1,1,2,1.0,,-1.0, -1,1960.0,A01,138Â 199Â 661,1.0,0.0,-1.0,1732764,1.0,7,,0.0,2.0,1.0,B01,138Â 199Â 660,1.0
1015103,201900056634,2,14,17:55,2,2,3,1.0,2.0,17300,GUITON   AVENUE JEAN (167-341),M,"46,1608390"," -1,1727960",17,2019,30.0,1.0,1.0,4.0,2270185,1.0,1,1,2,1.0,,-1.0, -1,1960.0,A01,138Â 199Â 661,1.0,0.0,-1.0,1732765,1.0,7,,0.0,2.0,4.0,A01,138Â 199Â 661,1.0
1015104,201900056635,6,2,23:47,5,2,3,1.0,3.0,75117,RUE CARDINET,M,"48,8911090","2,3180520",75,2019,30.0,1.0,1.0,4.0,2270186,2.0,2,1,2,0.0,,0.0,0,1991.0,B01,138Â 199Â 659,1.0,8.0,-1.0,1732766,2.0,7,,0.0,2.0,2.0,B01,138Â 199Â 659,1.0
1015104,201900056635,6,2,23:47,5,2,3,1.0,3.0,75117,RUE CARDINET,M,"48,8911090","2,3180520",75,2019,30.0,1.0,1.0,4.0,2270186,2.0,2,1,2,0.0,,0.0,0,1991.0,B01,138Â 199Â 659,1.0,8.0,-1.0,1732767,1.0,1,,0.0,2.0,3.0,A01,138Â 199Â 665,5.0
1015104,201900056635,6,2,23:47,5,2,3,1.0,3.0,75117,RUE CARDINET,M,"48,8911090","2,3180520",75,2019,30.0,1.0,1.0,4.0,2270187,1.0,1,1,1,0.0,,0.0,0,1987.0,B01,138Â 199Â 659,1.0,8.0,-1.0,1732766,2.0,7,,0.0,2.0,2.0,B01,138Â 199Â 659,1.0
1015104,201900056635,6,2,23:47,5,2,3,1.0,3.0,75117,RUE CARDINET,M,"48,8911090","2,3180520",75,2019,30.0,1.0,1.0,4.0,2270187,1.0,1,1,1,0.0,,0.0,0,1987.0,B01,138Â 199Â 659,1.0,8.0,-1.0,1732767,1.0,1,,0.0,2.0,3.0,A01,138Â 199Â 665,5.0
1015104,201900056635,6,2,23:47,5,2,3,1.0,3.0,75117,RUE CARDINET,M,"48,8911090","2,3180520",75,2019,30.0,1.0,1.0,4.0,2270188,1.0,1,4,1,5.0,,0.0,0,1991.0,A01,138Â 199Â 665,8.0,0.0,-1.0,1732766,2.0,7,,0.0,2.0,2.0,B01,138Â 199Â 659,1.0
1015104,201900056635,6,2,23:47,5,2,3,1.0,3.0,75117,RUE CARDINET,M,"48,8911090","2,3180520",75,2019,30.0,1.0,1.0,4.0,2270188,1.0,1,4,1,5.0,,0.0,0,1991.0,A01,138Â 199Â 665,8.0,0.0,-1.0,1732767,1.0,1,,0.0,2.0,3.0,A01,138Â 199Â 665,5.0
1015105,201900056636,5,6,17:00,1,2,1,1.0,2.0,2B047,Scardacciole,M,"42,3341760","9,0091980",2B,2019,50.0,1.0,1.0,3.0,2270189,1.0,1,1,1,5.0,,0.0,0,1977.0,B01,138Â 199Â 658,2.0,6.0,-1.0,1732768,1.0,33,,0.0,2.0,4.0,B01,138Â 199Â 658,1.0
1015105,201900056636,5,6,17:00,1,2,1,1.0,2.0,2B047,Scardacciole,M,"42,3341760","9,0091980",2B,2019,50.0,1.0,1.0,3.0,2270189,1.0,1,1,1,5.0,,0.0,0,1977.0,B01,138Â 199Â 658,2.0,6.0,-1.0,1732769,1.0,33,,0.0,2.0,1.0,A01,138Â 199Â 662,1.0
1015105,201900056636,5,6,17:00,1,2,1,1.0,2.0,2B047,Scardacciole,M,"42,3341760","9,0091980",2B,2019,50.0,1.0,1.0,3.0,2270190,1.0,1,4,1,5.0,,0.0,0,1975.0,A01,138Â 199Â 662,2.0,6.0,-1.0,1732768,1.0,33,,0.0,2.0,4.0,B01,138Â 199Â 658,1.0
1015105,201900056636,5,6,17:00,1,2,1,1.0,2.0,2B047,Scardacciole,M,"42,3341760","9,0091980",2B,2019,50.0,1.0,1.0,3.0,2270190,1.0,1,4,1,5.0,,0.0,0,1975.0,A01,138Â 199Â 662,2.0,6.0,-1.0,1732769,1.0,33,,0.0,2.0,1.0,A01,138Â 199Â 662,1.0
1015106,201900056637,2,15,09:15,1,2,1,7.0,6.0,14333,VASES (RUE DES),M,"49,4180818","0,2391003",14,2019,50.0,1.0,1.0,3.0,2270191,10.0,3,2,2,5.0,,3.0,3,1943.0,A01,138Â 199Â 656,8.0,0.0,-1.0,1732770,1.0,7,,0.0,1.0,2.0,A01,138Â 199Â 656,1.0
1015106,201900056637,2,15,09:15,1,2,1,7.0,6.0,14333,VASES (RUE DES),M,"49,4180818","0,2391003",14,2019,50.0,1.0,1.0,3.0,2270192,1.0,1,1,1,5.0,,0.0,0,1955.0,A01,138Â 199Â 656,1.0,8.0,-1.0,1732770,1.0,7,,0.0,1.0,2.0,A01,138Â 199Â 656,1.0
1015107,201900056638,6,1,13:00,1,2,4,1.0,6.0,75117,AVENUE DE VILLIERS,M,"48,8847010","2,2991840",75,2019,50.0,1.0,1.0,4.0,2270193,1.0,1,4,1,4.0,,0.0,0,1986.0,A01,138Â 199Â 655,8.0,0.0,-1.0,1732771,2.0,10,,7.0,0.0,3.0,A01,138Â 199Â 655,1.0
1015108,201900056639,6,1,10:25,1,2,3,1.0,3.0,75117,BOULEVARD DES BATIGNOLLES,M,"48,8835480","2,3268640",75,2019,50.0,6.0,1.0,4.0,2270194,1.0,1,4,1,9.0,,0.0,0,1981.0,A01,138Â 199Â 649,2.0,0.0,-1.0,1732772,1.0,30,,0.0,2.0,1.0,A01,138Â 199Â 649,1.0
1015108,201900056639,6,1,10:25,1,2,3,1.0,3.0,75117,BOULEVARD DES BATIGNOLLES,M,"48,8835480","2,3268640",75,2019,50.0,6.0,1.0,4.0,2270194,1.0,1,4,1,9.0,,0.0,0,1981.0,A01,138Â 199Â 649,2.0,0.0,-1.0,1732773,1.0,10,,0.0,2.0,6.0,B01,138Â 199Â 650,1.0
1015108,201900056639,6,1,10:25,1,2,3,1.0,3.0,75117,BOULEVARD DES BATIGNOLLES,M,"48,8835480","2,3268640",75,2019,50.0,6.0,1.0,4.0,2270195,1.0,1,1,1,4.0,,0.0,0,1997.0,B01,138Â 199Â 650,1.0,0.0,-1.0,1732772,1.0,30,,0.0,2.0,1.0,A01,138Â 199Â 649,1.0
1015108,201900056639,6,1,10:25,1,2,3,1.0,3.0,75117,BOULEVARD DES BATIGNOLLES,M,"48,8835480","2,3268640",75,2019,50.0,6.0,1.0,4.0,2270195,1.0,1,1,1,4.0,,0.0,0,1997.0,B01,138Â 199Â 650,1.0,0.0,-1.0,1732773,1.0,10,,0.0,2.0,6.0,B01,138Â 199Â 650,1.0
1015109,201900056640,12,2,18:15,3,1,1,1.0,1.0,02555,D86,M,"48,9647480","3,3007120",2,2019,90.0,1.0,1.0,3.0,2270196,1.0,1,4,2,1.0,,0.0,0,1993.0,B01,138Â 199Â 648,1.0,-1.0,-1.0,1732774,2.0,7,,0.0,2.0,1.0,B01,138Â 199Â 648,1.0
1015109,201900056640,12,2,18:15,3,1,1,1.0,1.0,02555,D86,M,"48,9647480","3,3007120",2,2019,90.0,1.0,1.0,3.0,2270196,1.0,1,4,2,1.0,,0.0,0,1993.0,B01,138Â 199Â 648,1.0,-1.0,-1.0,1732775,1.0,7,,0.0,2.0,1.0,A01,138Â 199Â 652,1.0
1015109,201900056640,12,2,18:15,3,1,1,1.0,1.0,02555,D86,M,"48,9647480","3,3007120",2,2019,90.0,1.0,1.0,3.0,2270197,1.0,1,3,2,1.0,,0.0,0,2000.0,A01,138Â 199Â 652,1.0,-1.0,-1.0,1732774,2.0,7,,0.0,2.0,1.0,B01,138Â 199Â 648,1.0
1015109,201900056640,12,2,18:15,3,1,1,1.0,1.0,02555,D86,M,"48,9647480","3,3007120",2,2019,90.0,1.0,1.0,3.0,2270197,1.0,1,3,2,1.0,,0.0,0,2000.0,A01,138Â 199Â 652,1.0,-1.0,-1.0,1732775,1.0,7,,0.0,2.0,1.0,A01,138Â 199Â 652,1.0
1015110,201900056641,2,15,07:45,2,2,1,1.0,6.0,13103,BOULEVARD DU ROY RENE,M,"43,6324900","5,0982500",13,2019,50.0,1.0,1.0,4.0,2270198,10.0,3,3,2,1.0,,1.0,3,1980.0,A01,138Â 199Â 646,8.0,0.0,-1.0,1732776,0.0,7,,0.0,1.0,2.0,A01,138Â 199Â 646,1.0
1015110,201900056641,2,15,07:45,2,2,1,1.0,6.0,13103,BOULEVARD DU ROY RENE,M,"43,6324900","5,0982500",13,2019,50.0,1.0,1.0,4.0,2270199,1.0,1,1,1,0.0,,0.0,0,1993.0,A01,138Â 199Â 646,1.0,8.0,-1.0,1732776,0.0,7,,0.0,1.0,2.0,A01,138Â 199Â 646,1.0
1015111,201900056642,5,31,12:30,1,2,1,1.0,3.0,75117,BOULEVARD MALESHERBES,M,"48,8885310","2,3043690",75,2019,30.0,1.0,1.0,4.0,2270200,1.0,1,1,1,4.0,,0.0,0,1981.0,A01,138Â 199Â 645,1.0,0.0,-1.0,1732777,2.0,7,,0.0,2.0,6.0,A01,138Â 199Â 645,1.0
1015111,201900056642,5,31,12:30,1,2,1,1.0,3.0,75117,BOULEVARD MALESHERBES,M,"48,8885310","2,3043690",75,2019,30.0,1.0,1.0,4.0,2270200,1.0,1,1,1,4.0,,0.0,0,1981.0,A01,138Â 199Â 645,1.0,0.0,-1.0,1732778,2.0,30,,0.0,2.0,1.0,B01,138Â 199Â 647,1.0
1015111,201900056642,5,31,12:30,1,2,1,1.0,3.0,75117,BOULEVARD MALESHERBES,M,"48,8885310","2,3043690",75,2019,30.0,1.0,1.0,4.0,2270201,1.0,1,4,1,4.0,,0.0,0,1978.0,B01,138Â 199Â 647,2.0,0.0,-1.0,1732777,2.0,7,,0.0,2.0,6.0,A01,138Â 199Â 645,1.0
1015111,201900056642,5,31,12:30,1,2,1,1.0,3.0,75117,BOULEVARD MALESHERBES,M,"48,8885310","2,3043690",75,2019,30.0,1.0,1.0,4.0,2270201,1.0,1,4,1,4.0,,0.0,0,1978.0,B01,138Â 199Â 647,2.0,0.0,-1.0,1732778,2.0,30,,0.0,2.0,1.0,B01,138Â 199Â 647,1.0
1015112,201900056643,5,26,16:00,1,1,1,2.0,7.0,2B314,Piste de Saleccia,M,"42,7113510","9,2044200",2B,2019,-1.0,8.0,6.0,5.0,2270202,1.0,1,4,1,5.0,,0.0,0,1966.0,A01,138Â 199Â 651,2.0,6.0,9.0,1732779,3.0,33,,0.0,0.0,2.0,A01,138Â 199Â 651,1.0
1015113,201900056644,11,24,12:40,1,1,1,2.0,4.0,13071,A51-Sens Marseille vers Aix en Provence,M,"43,4149000","5,3650000",13,2019,90.0,1.0,2.0,1.0,2270203,1.0,1,1,2,9.0,,-1.0, -1,1975.0,C01,138Â 199Â 641,1.0,0.0,-1.0,1732780,1.0,7,,0.0,2.0,8.0,C01,138Â 199Â 641,1.0
1015113,201900056644,11,24,12:40,1,1,1,2.0,4.0,13071,A51-Sens Marseille vers Aix en Provence,M,"43,4149000","5,3650000",13,2019,90.0,1.0,2.0,1.0,2270203,1.0,1,1,2,9.0,,-1.0, -1,1975.0,C01,138Â 199Â 641,1.0,0.0,-1.0,1732781,1.0,7,,0.0,2.0,7.0,B01,138Â 199Â 643,1.0
1015113,201900056644,11,24,12:40,1,1,1,2.0,4.0,13071,A51-Sens Marseille vers Aix en Provence,M,"43,4149000","5,3650000",13,2019,90.0,1.0,2.0,1.0,2270203,1.0,1,1,2,9.0,,-1.0, -1,1975.0,C01,138Â 199Â 641,1.0,0.0,-1.0,1732782,1.0,7,,0.0,2.0,8.0,A01,138Â 199Â 644,1.0
1015113,201900056644,11,24,12:40,1,1,1,2.0,4.0,13071,A51-Sens Marseille vers Aix en Provence,M,"43,4149000","5,3650000",13,2019,90.0,1.0,2.0,1.0,2270204,1.0,1,4,2,9.0,,-1.0, -1,1998.0,B01,138Â 199Â 643,1.0,0.0,-1.0,1732780,1.0,7,,0.0,2.0,8.0,C01,138Â 199Â 641,1.0
1015113,201900056644,11,24,12:40,1,1,1,2.0,4.0,13071,A51-Sens Marseille vers Aix en Provence,M,"43,4149000","5,3650000",13,2019,90.0,1.0,2.0,1.0,2270204,1.0,1,4,2,9.0,,-1.0, -1,1998.0,B01,138Â 199Â 643,1.0,0.0,-1.0,1732781,1.0,7,,0.0,2.0,7.0,B01,138Â 199Â 643,1.0
1015113,201900056644,11,24,12:40,1,1,1,2.0,4.0,13071,A51-Sens Marseille vers Aix en Provence,M,"43,4149000","5,3650000",13,2019,90.0,1.0,2.0,1.0,2270204,1.0,1,4,2,9.0,,-1.0, -1,1998.0,B01,138Â 199Â 643,1.0,0.0,-1.0,1732782,1.0,7,,0.0,2.0,8.0,A01,138Â 199Â 644,1.0
1015113,201900056644,11,24,12:40,1,1,1,2.0,4.0,13071,A51-Sens Marseille vers Aix en Provence,M,"43,4149000","5,3650000",13,2019,90.0,1.0,2.0,1.0,2270205,1.0,1,1,1,0.0,,-1.0, -1,1989.0,A01,138Â 199Â 644,1.0,0.0,-1.0,1732780,1.0,7,,0.0,2.0,8.0,C01,138Â 199Â 641,1.0
1015113,201900056644,11,24,12:40,1,1,1,2.0,4.0,13071,A51-Sens Marseille vers Aix en Provence,M,"43,4149000","5,3650000",13,2019,90.0,1.0,2.0,1.0,2270205,1.0,1,1,1,0.0,,-1.0, -1,1989.0,A01,138Â 199Â 644,1.0,0.0,-1.0,1732781,1.0,7,,0.0,2.0,7.0,B01,138Â 199Â 643,1.0
1015113,201900056644,11,24,12:40,1,1,1,2.0,4.0,13071,A51-Sens Marseille vers Aix en Provence,M,"43,4149000","5,3650000",13,2019,90.0,1.0,2.0,1.0,2270205,1.0,1,1,1,0.0,,-1.0, -1,1989.0,A01,138Â 199Â 644,1.0,0.0,-1.0,1732782,1.0,7,,0.0,2.0,8.0,A01,138Â 199Â 644,1.0
1015114,201900056645,2,17,12:30,1,2,1,1.0,1.0,13213,ROSE (AVENUE DE LA),M,"43,3266000","5,4220000",13,2019,50.0,1.0,1.0,4.0,2270206,1.0,1,1,1,0.0,,-1.0, -1,1996.0,B01,138Â 199Â 638,1.0,0.0,-1.0,1732783,2.0,7,,0.0,2.0,1.0,B01,138Â 199Â 638,1.0
1015114,201900056645,2,17,12:30,1,2,1,1.0,1.0,13213,ROSE (AVENUE DE LA),M,"43,3266000","5,4220000",13,2019,50.0,1.0,1.0,4.0,2270206,1.0,1,1,1,0.0,,-1.0, -1,1996.0,B01,138Â 199Â 638,1.0,0.0,-1.0,1732784,1.0,7,,0.0,2.0,1.0,A01,138Â 199Â 642,1.0
1015114,201900056645,2,17,12:30,1,2,1,1.0,1.0,13213,ROSE (AVENUE DE LA),M,"43,3266000","5,4220000",13,2019,50.0,1.0,1.0,4.0,2270207,1.0,1,4,1,0.0,,0.0,0,1962.0,A01,138Â 199Â 642,1.0,0.0,-1.0,1732783,2.0,7,,0.0,2.0,1.0,B01,138Â 199Â 638,1.0
1015114,201900056645,2,17,12:30,1,2,1,1.0,1.0,13213,ROSE (AVENUE DE LA),M,"43,3266000","5,4220000",13,2019,50.0,1.0,1.0,4.0,2270207,1.0,1,4,1,0.0,,0.0,0,1962.0,A01,138Â 199Â 642,1.0,0.0,-1.0,1732784,1.0,7,,0.0,2.0,1.0,A01,138Â 199Â 642,1.0
1015115,201900056646,5,30,15:00,1,2,2,1.0,3.0,75117,AVENUE NIEL,M,"48,8818830","2,2958790",75,2019,50.0,1.0,1.0,4.0,2270208,1.0,1,4,1,4.0,,0.0,0,1983.0,B01,138Â 199Â 636,2.0,6.0,-1.0,1732785,1.0,2,,0.0,2.0,7.0,B01,138Â 199Â 636,1.0
1015115,201900056646,5,30,15:00,1,2,2,1.0,3.0,75117,AVENUE NIEL,M,"48,8818830","2,2958790",75,2019,50.0,1.0,1.0,4.0,2270208,1.0,1,4,1,4.0,,0.0,0,1983.0,B01,138Â 199Â 636,2.0,6.0,-1.0,1732786,1.0,7,,0.0,2.0,3.0,A01,138Â 199Â 639,1.0
1015115,201900056646,5,30,15:00,1,2,2,1.0,3.0,75117,AVENUE NIEL,M,"48,8818830","2,2958790",75,2019,50.0,1.0,1.0,4.0,2270209,1.0,1,1,1,5.0,,0.0,0,1995.0,A01,138Â 199Â 639,1.0,0.0,-1.0,1732785,1.0,2,,0.0,2.0,7.0,B01,138Â 199Â 636,1.0
1015115,201900056646,5,30,15:00,1,2,2,1.0,3.0,75117,AVENUE NIEL,M,"48,8818830","2,2958790",75,2019,50.0,1.0,1.0,4.0,2270209,1.0,1,1,1,5.0,,0.0,0,1995.0,A01,138Â 199Â 639,1.0,0.0,-1.0,1732786,1.0,7,,0.0,2.0,3.0,A01,138Â 199Â 639,1.0
1015116,201900056647,5,23,12:50,1,1,1,8.0,1.0,2B148,RT205,M,"42,5360460","9,4429440",2B,2019,70.0,1.0,1.0,3.0,2270210,1.0,1,3,2,5.0,,0.0,0,1938.0,B01,138Â 199Â 637,1.0,-1.0,-1.0,1732787,2.0,7,,0.0,2.0,3.0,B01,138Â 199Â 637,1.0
1015116,201900056647,5,23,12:50,1,1,1,8.0,1.0,2B148,RT205,M,"42,5360460","9,4429440",2B,2019,70.0,1.0,1.0,3.0,2270210,1.0,1,3,2,5.0,,0.0,0,1938.0,B01,138Â 199Â 637,1.0,-1.0,-1.0,1732788,1.0,7,,0.0,2.0,3.0,A01,138Â 199Â 640,1.0
1015116,201900056647,5,23,12:50,1,1,1,8.0,1.0,2B148,RT205,M,"42,5360460","9,4429440",2B,2019,70.0,1.0,1.0,3.0,2270211,1.0,1,3,2,5.0,,0.0,0,1975.0,A01,138Â 199Â 640,1.0,-1.0,-1.0,1732787,2.0,7,,0.0,2.0,3.0,B01,138Â 199Â 637,1.0
1015116,201900056647,5,23,12:50,1,1,1,8.0,1.0,2B148,RT205,M,"42,5360460","9,4429440",2B,2019,70.0,1.0,1.0,3.0,2270211,1.0,1,3,2,5.0,,0.0,0,1975.0,A01,138Â 199Â 640,1.0,-1.0,-1.0,1732788,1.0,7,,0.0,2.0,3.0,A01,138Â 199Â 640,1.0
1015116,201900056647,5,23,12:50,1,1,1,8.0,1.0,2B148,RT205,M,"42,5360460","9,4429440",2B,2019,70.0,1.0,1.0,3.0,2270212,2.0,2,1,1,5.0,,0.0,0,2007.0,A01,138Â 199Â 640,1.0,-1.0,-1.0,1732787,2.0,7,,0.0,2.0,3.0,B01,138Â 199Â 637,1.0
1015116,201900056647,5,23,12:50,1,1,1,8.0,1.0,2B148,RT205,M,"42,5360460","9,4429440",2B,2019,70.0,1.0,1.0,3.0,2270212,2.0,2,1,1,5.0,,0.0,0,2007.0,A01,138Â 199Â 640,1.0,-1.0,-1.0,1732788,1.0,7,,0.0,2.0,3.0,A01,138Â 199Â 640,1.0
1015117,201900056648,2,17,11:10,1,2,1,1.0,6.0,13209,REDON (BOULEVARD DU),M,"43,2530270","5,4218950",13,2019,30.0,1.0,1.0,4.0,2270213,10.0,3,3,2,5.0,,3.0,3,1929.0,A01,138Â 199Â 633,8.0,0.0,-1.0,1732789,0.0,7,,0.0,1.0,1.0,A01,138Â 199Â 633,1.0
1015117,201900056648,2,17,11:10,1,2,1,1.0,6.0,13209,REDON (BOULEVARD DU),M,"43,2530270","5,4218950",13,2019,30.0,1.0,1.0,4.0,2270214,1.0,1,1,1,5.0,,0.0,0,1975.0,A01,138Â 199Â 633,1.0,0.0,-1.0,1732789,0.0,7,,0.0,1.0,1.0,A01,138Â 199Â 633,1.0
1015117,201900056648,2,17,11:10,1,2,1,1.0,6.0,13209,REDON (BOULEVARD DU),M,"43,2530270","5,4218950",13,2019,30.0,1.0,1.0,4.0,2270215,10.0,3,3,2,5.0,,3.0,3,1927.0,A01,138Â 199Â 633,8.0,0.0,-1.0,1732789,0.0,7,,0.0,1.0,1.0,A01,138Â 199Â 633,1.0
1015118,201900056649,5,18,20:30,2,1,9,2.0,6.0,2B355,RT 20 - ieu dit FOSSA,M,"42,5114070","9,3934200",2B,2019,80.0,1.0,2.0,2.0,2270216,2.0,2,4,2,9.0,,0.0,0,2002.0,A01,138Â 199Â 632,1.0,-1.0,-1.0,1732790,1.0,7,,14.0,0.0,8.0,A01,138Â 199Â 632,1.0
1015118,201900056649,5,18,20:30,2,1,9,2.0,6.0,2B355,RT 20 - ieu dit FOSSA,M,"42,5114070","9,3934200",2B,2019,80.0,1.0,2.0,2.0,2270217,1.0,1,4,1,9.0,,0.0,0,1999.0,A01,138Â 199Â 632,1.0,-1.0,-1.0,1732790,1.0,7,,14.0,0.0,8.0,A01,138Â 199Â 632,1.0
1015119,201900056650,12,2,08:00,1,1,1,1.0,3.0,83062,A57,M,"43,1434000","6,0142000",83,2019,90.0,1.0,1.0,1.0,2270218,1.0,1,4,1,1.0,,-1.0, -1,1968.0,B01,138Â 199Â 634,2.0,8.0,-1.0,1732791,2.0,33,,0.0,2.0,7.0,B01,138Â 199Â 634,1.0
1015119,201900056650,12,2,08:00,1,1,1,1.0,3.0,83062,A57,M,"43,1434000","6,0142000",83,2019,90.0,1.0,1.0,1.0,2270218,1.0,1,4,1,1.0,,-1.0, -1,1968.0,B01,138Â 199Â 634,2.0,8.0,-1.0,1732792,2.0,7,,0.0,2.0,3.0,A01,138Â 199Â 635,1.0
1015119,201900056650,12,2,08:00,1,1,1,1.0,3.0,83062,A57,M,"43,1434000","6,0142000",83,2019,90.0,1.0,1.0,1.0,2270219,1.0,1,1,2,1.0,,-1.0,0,1962.0,A01,138Â 199Â 635,1.0,8.0,-1.0,1732791,2.0,33,,0.0,2.0,7.0,B01,138Â 199Â 634,1.0
1015119,201900056650,12,2,08:00,1,1,1,1.0,3.0,83062,A57,M,"43,1434000","6,0142000",83,2019,90.0,1.0,1.0,1.0,2270219,1.0,1,1,2,1.0,,-1.0,0,1962.0,A01,138Â 199Â 635,1.0,8.0,-1.0,1732792,2.0,7,,0.0,2.0,3.0,A01,138Â 199Â 635,1.0
1015120,201900056651,6,18,18:20,1,2,4,1.0,6.0,75116,RUE DU BUIS,M,"48,8472220","2,2677960",75,2019,20.0,1.0,1.0,4.0,2270220,10.0,3,4,2,5.0,,2.0,1,1947.0,A01,138Â 199Â 631,8.0,0.0,-1.0,1732793,1.0,30,,0.0,1.0,5.0,A01,138Â 199Â 631,1.0
1015120,201900056651,6,18,18:20,1,2,4,1.0,6.0,75116,RUE DU BUIS,M,"48,8472220","2,2677960",75,2019,20.0,1.0,1.0,4.0,2270221,2.0,2,1,1,5.0,,0.0,0,2002.0,A01,138Â 199Â 631,2.0,0.0,-1.0,1732793,1.0,30,,0.0,1.0,5.0,A01,138Â 199Â 631,1.0
1015120,201900056651,6,18,18:20,1,2,4,1.0,6.0,75116,RUE DU BUIS,M,"48,8472220","2,2677960",75,2019,20.0,1.0,1.0,4.0,2270222,1.0,1,1,1,5.0,,0.0,0,2002.0,A01,138Â 199Â 631,2.0,0.0,-1.0,1732793,1.0,30,,0.0,1.0,5.0,A01,138Â 199Â 631,1.0
1015121,201900056652,5,13,15:15,1,1,1,2.0,6.0,2B355,T205,M,"42,5225260","9,4066810",2B,2019,80.0,3.0,8.0,2.0,2270223,1.0,1,3,1,5.0,,0.0,0,1940.0,A01,138Â 199Â 629,1.0,-1.0,-1.0,1732794,1.0,7,,13.0,0.0,2.0,A01,138Â 199Â 629,1.0
1015122,201900056653,2,17,07:10,2,2,1,1.0,3.0,13212,TROIS LUCS (AVENUE DES),M,"43,3110000","5,4640000",13,2019,50.0,1.0,1.0,4.0,2270224,1.0,1,4,1,5.0,,-1.0, -1,1976.0,B01,138Â 199Â 628,1.0,8.0,-1.0,1732795,0.0,7,,0.0,2.0,1.0,B01,138Â 199Â 628,1.0
1015122,201900056653,2,17,07:10,2,2,1,1.0,3.0,13212,TROIS LUCS (AVENUE DES),M,"43,3110000","5,4640000",13,2019,50.0,1.0,1.0,4.0,2270224,1.0,1,4,1,5.0,,-1.0, -1,1976.0,B01,138Â 199Â 628,1.0,8.0,-1.0,1732796,0.0,7,,0.0,2.0,2.0,A01,138Â 199Â 630,1.0
1015122,201900056653,2,17,07:10,2,2,1,1.0,3.0,13212,TROIS LUCS (AVENUE DES),M,"43,3110000","5,4640000",13,2019,50.0,1.0,1.0,4.0,2270225,1.0,1,1,1,5.0,,-1.0, -1,1996.0,A01,138Â 199Â 630,1.0,0.0,-1.0,1732795,0.0,7,,0.0,2.0,1.0,B01,138Â 199Â 628,1.0