Unnamed: 0_x,num_acc,mois,jour,hrmn,lum,agg,int,atm,col,com,adr,gps,lat,long,dep,annee,vma,situ,surf,catr,Unnamed: 0_y,place,catu,grav,sexe,trajet,secu,locp,actp,an_nais,num_veh_x,id_vehicule_x,secu1,secu2,secu3,Unnamed: 0,senc,catv,occutc,obs,obsm,choc,num_veh_y,id_vehicule_y,motor
1015122,201900056653,2,17,07:10,2,2,1,1.0,3.0,13212,TROIS LUCS (AVENUE DES),M,"43,3110000","5,4640000",13,2019,50.0,1.0,1.0,4.0,2270225,1.0,1,1,1,5.0,,-1.0, -1,1996.0,A01,138Â 199Â 630,1.0,0.0,-1.0,1732796,0.0,7,,0.0,2.0,2.0,A01,138Â 199Â 630,1.0
1015123,201900056654,6,17,08:00,1,2,1,1.0,2.0,75116,ROUTE DES TRIBUNES,M,"48,8532940","2,2298540",75,2019,50.0,1.0,1.0,4.0,2270226,1.0,1,1,1,5.0,,0.0,0,1958.0,B01,138Â 199Â 624,1.0,0.0,-1.0,1732797,3.0,7,,0.0,2.0,6.0,B01,138Â 199Â 624,1.0
1015123,201900056654,6,17,08:00,1,2,1,1.0,2.0,75116,ROUTE DES TRIBUNES,M,"48,8532940","2,2298540",75,2019,50.0,1.0,1.0,4.0,2270226,1.0,1,1,1,5.0,,0.0,0,1958.0,B01,138Â 199Â 624,1.0,0.0,-1.0,1732798,3.0,34,,0.0,2.0,1.0,A01,138Â 199Â 626,1.0
1015123,201900056654,6,17,08:00,1,2,1,1.0,2.0,75116,ROUTE DES TRIBUNES,M,"48,8532940","2,2298540",75,2019,50.0,1.0,1.0,4.0,2270227,1.0,1,4,1,1.0,,0.0,0,1962.0,A01,138Â 199Â 626,2.0,4.0,-1.0,1732797,3.0,7,,0.0,2.0,6.0,B01,138Â 199Â 624,1.0
1015123,201900056654,6,17,08:00,1,2,1,1.0,2.0,75116,ROUTE DES TRIBUNES,M,"48,8532940","2,2298540",75,2019,50.0,1.0,1.0,4.0,2270227,1.0,1,4,1,1.0,,0.0,0,1962.0,A01,138Â 199Â 626,2.0,4.0,-1.0,1732798,3.0,34,,0.0,2.0,1.0,A01,138Â 199Â 626,1.0
1015124,201900056655,5,22,15:00,1,1,1,1.0,3.0,2A114,D622,M,"41,4841370","9,1020670",2A,2019,80.0,1.0,1.0,3.0,2270228,1.0,1,4,1,3.0,,0.0,0,1984.0,B01,138Â 199Â 618,2.0,6.0,-1.0,1732799,3.0,2,,0.0,2.0,3.0,B01,138Â 199Â 618,1.0
1015124,201900056655,5,22,15:00,1,1,1,1.0,3.0,2A114,D622,M,"41,4841370","9,1020670",2A,2019,80.0,1.0,1.0,3.0,2270228,1.0,1,4,1,3.0,,0.0,0,1984.0,B01,138Â 199Â 618,2.0,6.0,-1.0,1732800,3.0,10,,0.0,2.0,3.0,A01,138Â 199Â 621,1.0
1015124,201900056655,5,22,15:00,1,1,1,1.0,3.0,2A114,D622,M,"41,4841370","9,1020670",2A,2019,80.0,1.0,1.0,3.0,2270229,2.0,2,1,1,9.0,,0.0,0,1992.0,A01,138Â 199Â 621,1.0,-1.0,-1.0,1732799,3.0,2,,0.0,2.0,3.0,B01,138Â 199Â 618,1.0
1015124,201900056655,5,22,15:00,1,1,1,1.0,3.0,2A114,D622,M,"41,4841370","9,1020670",2A,2019,80.0,1.0,1.0,3.0,2270229,2.0,2,1,1,9.0,,0.0,0,1992.0,A01,138Â 199Â 621,1.0,-1.0,-1.0,1732800,3.0,10,,0.0,2.0,3.0,A01,138Â 199Â 621,1.0
1015124,201900056655,5,22,15:00,1,1,1,1.0,3.0,2A114,D622,M,"41,4841370","9,1020670",2A,2019,80.0,1.0,1.0,3.0,2270230,1.0,1,1,1,9.0,,0.0,0,1971.0,A01,138Â 199Â 621,1.0,-1.0,-1.0,1732799,3.0,2,,0.0,2.0,3.0,B01,138Â 199Â 618,1.0
1015124,201900056655,5,22,15:00,1,1,1,1.0,3.0,2A114,D622,M,"41,4841370","9,1020670",2A,2019,80.0,1.0,1.0,3.0,2270230,1.0,1,1,1,9.0,,0.0,0,1971.0,A01,138Â 199Â 621,1.0,-1.0,-1.0,1732800,3.0,10,,0.0,2.0,3.0,A01,138Â 199Â 621,1.0
1015125,201900056656,6,15,09:45,1,2,1,1.0,6.0,75116,AVENUE RAYMOND POINCARE,M,"48,8706920","2,2850970",75,2019,50.0,1.0,1.0,4.0,2270231,4.0,2,4,1,5.0,,0.0,0,2014.0,B01,138Â 199Â 616,1.0,0.0,-1.0,1732801,1.0,7,,1.0,2.0,1.0,B01,138Â 199Â 616,1.0
1015125,201900056656,6,15,09:45,1,2,1,1.0,6.0,75116,AVENUE RAYMOND POINCARE,M,"48,8706920","2,2850970",75,2019,50.0,1.0,1.0,4.0,2270231,4.0,2,4,1,5.0,,0.0,0,2014.0,B01,138Â 199Â 616,1.0,0.0,-1.0,1732802,1.0,7,,0.0,2.0,1.0,A01,138Â 199Â 617,1.0
1015125,201900056656,6,15,09:45,1,2,1,1.0,6.0,75116,AVENUE RAYMOND POINCARE,M,"48,8706920","2,2850970",75,2019,50.0,1.0,1.0,4.0,2270232,1.0,1,1,1,5.0,,0.0,0,1978.0,B01,138Â 199Â 616,1.0,0.0,-1.0,1732801,1.0,7,,1.0,2.0,1.0,B01,138Â 199Â 616,1.0
1015125,201900056656,6,15,09:45,1,2,1,1.0,6.0,75116,AVENUE RAYMOND POINCARE,M,"48,8706920","2,2850970",75,2019,50.0,1.0,1.0,4.0,2270232,1.0,1,1,1,5.0,,0.0,0,1978.0,B01,138Â 199Â 616,1.0,0.0,-1.0,1732802,1.0,7,,0.0,2.0,1.0,A01,138Â 199Â 617,1.0
1015125,201900056656,6,15,09:45,1,2,1,1.0,6.0,75116,AVENUE RAYMOND POINCARE,M,"48,8706920","2,2850970",75,2019,50.0,1.0,1.0,4.0,2270233,1.0,1,1,2,1.0,,0.0,0,1986.0,A01,138Â 199Â 617,1.0,0.0,-1.0,1732801,1.0,7,,1.0,2.0,1.0,B01,138Â 199Â 616,1.0
1015125,201900056656,6,15,09:45,1,2,1,1.0,6.0,75116,AVENUE RAYMOND POINCARE,M,"48,8706920","2,2850970",75,2019,50.0,1.0,1.0,4.0,2270233,1.0,1,1,2,1.0,,0.0,0,1986.0,A01,138Â 199Â 617,1.0,0.0,-1.0,1732802,1.0,7,,0.0,2.0,1.0,A01,138Â 199Â 617,1.0
1015126,201900056657,5,5,01:15,3,1,1,2.0,1.0,66017,D83 sortie 12,M,"42,8098200","3,0321100",66,2019,70.0,8.0,2.0,3.0,2270234,1.0,1,1,1,5.0,,0.0,0,1998.0,A01,138Â 199Â 614,8.0,-1.0,-1.0,1732803,2.0,7,,1.0,0.0,1.0,A01,138Â 199Â 614,1.0
1015126,201900056657,5,5,01:15,3,1,1,2.0,1.0,66017,D83 sortie 12,M,"42,8098200","3,0321100",66,2019,70.0,8.0,2.0,3.0,2270234,1.0,1,1,1,5.0,,0.0,0,1998.0,A01,138Â 199Â 614,8.0,-1.0,-1.0,1732804,2.0,7,,0.0,2.0,3.0,B01,138Â 199Â 615,1.0
1015126,201900056657,5,5,01:15,3,1,1,2.0,1.0,66017,D83 sortie 12,M,"42,8098200","3,0321100",66,2019,70.0,8.0,2.0,3.0,2270235,2.0,2,3,1,5.0,,0.0,0,1998.0,A01,138Â 199Â 614,0.0,-1.0,-1.0,1732803,2.0,7,,1.0,0.0,1.0,A01,138Â 199Â 614,1.0
1015126,201900056657,5,5,01:15,3,1,1,2.0,1.0,66017,D83 sortie 12,M,"42,8098200","3,0321100",66,2019,70.0,8.0,2.0,3.0,2270235,2.0,2,3,1,5.0,,0.0,0,1998.0,A01,138Â 199Â 614,0.0,-1.0,-1.0,1732804,2.0,7,,0.0,2.0,3.0,B01,138Â 199Â 615,1.0
1015126,201900056657,5,5,01:15,3,1,1,2.0,1.0,66017,D83 sortie 12,M,"42,8098200","3,0321100",66,2019,70.0,8.0,2.0,3.0,2270236,4.0,2,1,1,5.0,,0.0,0,1959.0,B01,138Â 199Â 615,0.0,-1.0,-1.0,1732803,2.0,7,,1.0,0.0,1.0,A01,138Â 199Â 614,1.0
1015126,201900056657,5,5,01:15,3,1,1,2.0,1.0,66017,D83 sortie 12,M,"42,8098200","3,0321100",66,2019,70.0,8.0,2.0,3.0,2270236,4.0,2,1,1,5.0,,0.0,0,1959.0,B01,138Â 199Â 615,0.0,-1.0,-1.0,1732804,2.0,7,,0.0,2.0,3.0,B01,138Â 199Â 615,1.0
1015127,201900056658,12,2,07:00,3,1,1,2.0,5.0,83137,A57,M,"43,1213587","5,9532832",83,2019,90.0,1.0,1.0,1.0,2270237,1.0,1,1,1,1.0,,0.0,0,1994.0,A01,138Â 199Â 620,1.0,8.0,-1.0,1732805,2.0,7,,0.0,2.0,1.0,A01,138Â 199Â 620,1.0
1015127,201900056658,12,2,07:00,3,1,1,2.0,5.0,83137,A57,M,"43,1213587","5,9532832",83,2019,90.0,1.0,1.0,1.0,2270237,1.0,1,1,1,1.0,,0.0,0,1994.0,A01,138Â 199Â 620,1.0,8.0,-1.0,1732806,1.0,7,,0.0,2.0,4.0,B01,138Â 199Â 622,1.0
1015127,201900056658,12,2,07:00,3,1,1,2.0,5.0,83137,A57,M,"43,1213587","5,9532832",83,2019,90.0,1.0,1.0,1.0,2270237,1.0,1,1,1,1.0,,0.0,0,1994.0,A01,138Â 199Â 620,1.0,8.0,-1.0,1732807,2.0,7,,0.0,2.0,4.0,C01,138Â 199Â 623,1.0
1015127,201900056658,12,2,07:00,3,1,1,2.0,5.0,83137,A57,M,"43,1213587","5,9532832",83,2019,90.0,1.0,1.0,1.0,2270237,1.0,1,1,1,1.0,,0.0,0,1994.0,A01,138Â 199Â 620,1.0,8.0,-1.0,1732808,2.0,7,,0.0,2.0,4.0,D01,138Â 199Â 625,1.0
1015127,201900056658,12,2,07:00,3,1,1,2.0,5.0,83137,A57,M,"43,1213587","5,9532832",83,2019,90.0,1.0,1.0,1.0,2270237,1.0,1,1,1,1.0,,0.0,0,1994.0,A01,138Â 199Â 620,1.0,8.0,-1.0,1732809,2.0,7,,0.0,2.0,1.0,E01,138Â 199Â 627,1.0
1015127,201900056658,12,2,07:00,3,1,1,2.0,5.0,83137,A57,M,"43,1213587","5,9532832",83,2019,90.0,1.0,1.0,1.0,2270238,1.0,1,1,2,1.0,,0.0,0,1979.0,B01,138Â 199Â 622,1.0,0.0,-1.0,1732805,2.0,7,,0.0,2.0,1.0,A01,138Â 199Â 620,1.0
1015127,201900056658,12,2,07:00,3,1,1,2.0,5.0,83137,A57,M,"43,1213587","5,9532832",83,2019,90.0,1.0,1.0,1.0,2270238,1.0,1,1,2,1.0,,0.0,0,1979.0,B01,138Â 199Â 622,1.0,0.0,-1.0,1732806,1.0,7,,0.0,2.0,4.0,B01,138Â 199Â 622,1.0
1015127,201900056658,12,2,07:00,3,1,1,2.0,5.0,83137,A57,M,"43,1213587","5,9532832",83,2019,90.0,1.0,1.0,1.0,2270238,1.0,1,1,2,1.0,,0.0,0,1979.0,B01,138Â 199Â 622,1.0,0.0,-1.0,1732807,2.0,7,,0.0,2.0,4.0,C01,138Â 199Â 623,1.0
1015127,201900056658,12,2,07:00,3,1,1,2.0,5.0,83137,A57,M,"43,1213587","5,9532832",83,2019,90.0,1.0,1.0,1.0,2270238,1.0,1,1,2,1.0,,0.0,0,1979.0,B01,138Â 199Â 622,1.0,0.0,-1.0,1732808,2.0,7,,0.0,2.0,4.0,D01,138Â 199Â 625,1.0
1015127,201900056658,12,2,07:00,3,1,1,2.0,5.0,83137,A57,M,"43,1213587","5,9532832",83,2019,90.0,1.0,1.0,1.0,2270238,1.0,1,1,2,1.0,,0.0,0,1979.0,B01,138Â 199Â 622,1.0,0.0,-1.0,1732809,2.0,7,,0.0,2.0,1.0,E01,138Â 199Â 627,1.0
1015127,201900056658,12,2,07:00,3,1,1,2.0,5.0,83137,A57,M,"43,1213587","5,9532832",83,2019,90.0,1.0,1.0,1.0,2270239,1.0,1,1,1,1.0,,0.0,0,1993.0,C01,138Â 199Â 623,1.0,8.0,-1.0,1732805,2.0,7,,0.0,2.0,1.0,A01,138Â 199Â 620,1.0
1015127,201900056658,12,2,07:00,3,1,1,2.0,5.0,83137,A57,M,"43,1213587","5,9532832",83,2019,90.0,1.0,1.0,1.0,2270239,1.0,1,1,1,1.0,,0.0,0,1993.0,C01,138Â 199Â 623,1.0,8.0,-1.0,1732806,1.0,7,,0.0,2.0,4.0,B01,138Â 199Â 622,1.0
1015127,201900056658,12,2,07:00,3,1,1,2.0,5.0,83137,A57,M,"43,1213587","5,9532832",83,2019,90.0,1.0,1.0,1.0,2270239,1.0,1,1,1,1.0,,0.0,0,1993.0,C01,138Â 199Â 623,1.0,8.0,-1.0,1732807,2.0,7,,0.0,2.0,4.0,C01,138Â 199Â 623,1.0
1015127,201900056658,12,2,07:00,3,1,1,2.0,5.0,83137,A57,M,"43,1213587","5,9532832",83,2019,90.0,1.0,1.0,1.0,2270239,1.0,1,1,1,1.0,,0.0,0,1993.0,C01,138Â 199Â 623,1.0,8.0,-1.0,1732808,2.0,7,,0.0,2.0,4.0,D01,138Â 199Â 625,1.0
1015127,201900056658,12,2,07:00,3,1,1,2.0,5.0,83137,A57,M,"43,1213587","5,9532832",83,2019,90.0,1.0,1.0,1.0,2270239,1.0,1,1,1,1.0,,0.0,0,1993.0,C01,138Â 199Â 623,1.0,8.0,-1.0,1732809,2.0,7,,0.0,2.0,1.0,E01,138Â 199Â 627,1.0
1015127,201900056658,12,2,07:00,3,1,1,2.0,5.0,83137,A57,M,"43,1213587","5,9532832",83,2019,90.0,1.0,1.0,1.0,2270240,2.0,2,4,1,1.0,,0.0,0,1973.0,C01,138Â 199Â 623,1.0,8.0,-1.0,1732805,2.0,7,,0.0,2.0,1.0,A01,138Â 199Â 620,1.0
1015127,201900056658,12,2,07:00,3,1,1,2.0,5.0,83137,A57,M,"43,1213587","5,9532832",83,2019,90.0,1.0,1.0,1.0,2270240,2.0,2,4,1,1.0,,0.0,0,1973.0,C01,138Â 199Â 623,1.0,8.0,-1.0,1732806,1.0,7,,0.0,2.0,4.0,B01,138Â 199Â 622,1.0
1015127,201900056658,12,2,07:00,3,1,1,2.0,5.0,83137,A57,M,"43,1213587","5,9532832",83,2019,90.0,1.0,1.0,1.0,2270240,2.0,2,4,1,1.0,,0.0,0,1973.0,C01,138Â 199Â 623,1.0,8.0,-1.0,1732807,2.0,7,,0.0,2.0,4.0,C01,138Â 199Â 623,1.0
1015127,201900056658,12,2,07:00,3,1,1,2.0,5.0,83137,A57,M,"43,1213587","5,9532832",83,2019,90.0,1.0,1.0,1.0,2270240,2.0,2,4,1,1.0,,0.0,0,1973.0,C01,138Â 199Â 623,1.0,8.0,-1.0,1732808,2.0,7,,0.0,2.0,4.0,D01,138Â 199Â 625,1.0
1015127,201900056658,12,2,07:00,3,1,1,2.0,5.0,83137,A57,M,"43,1213587","5,9532832",83,2019,90.0,1.0,1.0,1.0,2270240,2.0,2,4,1,1.0,,0.0,0,1973.0,C01,138Â 199Â 623,1.0,8.0,-1.0,1732809,2.0,7,,0.0,2.0,1.0,E01,138Â 199Â 627,1.0
1015127,201900056658,12,2,07:00,3,1,1,2.0,5.0,83137,A57,M,"43,1213587","5,9532832",83,2019,90.0,1.0,1.0,1.0,2270241,1.0,1,1,1,1.0,,0.0,0,1972.0,D01,138Â 199Â 625,1.0,8.0,-1.0,1732805,2.0,7,,0.0,2.0,1.0,A01,138Â 199Â 620,1.0
1015127,201900056658,12,2,07:00,3,1,1,2.0,5.0,83137,A57,M,"43,1213587","5,9532832",83,2019,90.0,1.0,1.0,1.0,2270241,1.0,1,1,1,1.0,,0.0,0,1972.0,D01,138Â 199Â 625,1.0,8.0,-1.0,1732806,1.0,7,,0.0,2.0,4.0,B01,138Â 199Â 622,1.0
1015127,201900056658,12,2,07:00,3,1,1,2.0,5.0,83137,A57,M,"43,1213587","5,9532832",83,2019,90.0,1.0,1.0,1.0,2270241,1.0,1,1,1,1.0,,0.0,0,1972.0,D01,138Â 199Â 625,1.0,8.0,-1.0,1732807,2.0,7,,0.0,2.0,4.0,C01,138Â 199Â 623,1.0
1015127,201900056658,12,2,07:00,3,1,1,2.0,5.0,83137,A57,M,"43,1213587","5,9532832",83,2019,90.0,1.0,1.0,1.0,2270241,1.0,1,1,1,1.0,,0.0,0,1972.0,D01,138Â 199Â 625,1.0,8.0,-1.0,1732808,2.0,7,,0.0,2.0,4.0,D01,138Â 199Â 625,1.0
1015127,201900056658,12,2,07:00,3,1,1,2.0,5.0,83137,A57,M,"43,1213587","5,9532832",83,2019,90.0,1.0,1.0,1.0,2270241,1.0,1,1,1,1.0,,0.0,0,1972.0,D01,138Â 199Â 625,1.0,8.0,-1.0,1732809,2.0,7,,0.0,2.0,1.0,E01,138Â 199Â 627,1.0
1015127,201900056658,12,2,07:00,3,1,1,2.0,5.0,83137,A57,M,"43,1213587","5,9532832",83,2019,90.0,1.0,1.0,1.0,2270242,1.0,1,1,1,3.0,,-1.0, -1,1994.0,E01,138Â 199Â 627,1.0,8.0,-1.0,1732805,2.0,7,,0.0,2.0,1.0,A01,138Â 199Â 620,1.0
1015127,201900056658,12,2,07:00,3,1,1,2.0,5.0,83137,A57,M,"43,1213587","5,9532832",83,2019,90.0,1.0,1.0,1.0,2270242,1.0,1,1,1,3.0,,-1.0, -1,1994.0,E01,138Â 199Â 627,1.0,8.0,-1.0,1732806,1.0,7,,0.0,2.0,4.0,B01,138Â 199Â 622,1.0
1015127,201900056658,12,2,07:00,3,1,1,2.0,5.0,83137,A57,M,"43,1213587","5,9532832",83,2019,90.0,1.0,1.0,1.0,2270242,1.0,1,1,1,3.0,,-1.0, -1,1994.0,E01,138Â 199Â 627,1.0,8.0,-1.0,1732807,2.0,7,,0.0,2.0,4.0,C01,138Â 199Â 623,1.0
1015127,201900056658,12,2,07:00,3,1,1,2.0,5.0,83137,A57,M,"43,1213587","5,9532832",83,2019,90.0,1.0,1.0,1.0,2270242,1.0,1,1,1,3.0,,-1.0, -1,1994.0,E01,138Â 199Â 627,1.0,8.0,-1.0,1732808,2.0,7,,0.0,2.0,4.0,D01,138Â 199Â 625,1.0
1015127,201900056658,12,2,07:00,3,1,1,2.0,5.0,83137,A57,M,"43,1213587","5,9532832",83,2019,90.0,1.0,1.0,1.0,2270242,1.0,1,1,1,3.0,,-1.0, -1,1994.0,E01,138Â 199Â 627,1.0,8.0,-1.0,1732809,2.0,7,,0.0,2.0,1.0,E01,138Â 199Â 627,1.0
1015128,201900056659,6,14,17:00,1,2,1,1.0,2.0,75116,BOULEVARD SUCHET,M,"48,8606250","2,2668020",75,2019,50.0,1.0,1.0,4.0,2270243,1.0,1,4,2,1.0,,0.0,0,1984.0,B01,138Â 199Â 612,1.0,0.0,-1.0,1732810,2.0,7,,0.0,2.0,5.0,B01,138Â 199Â 612,1.0
1015128,201900056659,6,14,17:00,1,2,1,1.0,2.0,75116,BOULEVARD SUCHET,M,"48,8606250","2,2668020",75,2019,50.0,1.0,1.0,4.0,2270243,1.0,1,4,2,1.0,,0.0,0,1984.0,B01,138Â 199Â 612,1.0,0.0,-1.0,1732811,2.0,7,,0.0,2.0,3.0,A01,138Â 199Â 613,1.0
1015128,201900056659,6,14,17:00,1,2,1,1.0,2.0,75116,BOULEVARD SUCHET,M,"48,8606250","2,2668020",75,2019,50.0,1.0,1.0,4.0,2270244,1.0,1,1,1,1.0,,0.0,0,1959.0,A01,138Â 199Â 613,1.0,0.0,-1.0,1732810,2.0,7,,0.0,2.0,5.0,B01,138Â 199Â 612,1.0
1015128,201900056659,6,14,17:00,1,2,1,1.0,2.0,75116,BOULEVARD SUCHET,M,"48,8606250","2,2668020",75,2019,50.0,1.0,1.0,4.0,2270244,1.0,1,1,1,1.0,,0.0,0,1959.0,A01,138Â 199Â 613,1.0,0.0,-1.0,1732811,2.0,7,,0.0,2.0,3.0,A01,138Â 199Â 613,1.0
1015129,201900056660,5,19,17:45,1,2,6,1.0,3.0,66011,D612,M,"42,6053540","2,8965550",66,2019,50.0,1.0,1.0,3.0,2270245,1.0,1,3,1,5.0,,0.0,0,1979.0,A01,138Â 199Â 610,0.0,-1.0,-1.0,1732812,2.0,7,,0.0,2.0,2.0,A01,138Â 199Â 610,1.0
1015129,201900056660,5,19,17:45,1,2,6,1.0,3.0,66011,D612,M,"42,6053540","2,8965550",66,2019,50.0,1.0,1.0,3.0,2270245,1.0,1,3,1,5.0,,0.0,0,1979.0,A01,138Â 199Â 610,0.0,-1.0,-1.0,1732813,3.0,7,,0.0,0.0,3.0,B01,138Â 199Â 611,1.0
1015129,201900056660,5,19,17:45,1,2,6,1.0,3.0,66011,D612,M,"42,6053540","2,8965550",66,2019,50.0,1.0,1.0,3.0,2270246,1.0,1,4,1,5.0,,0.0,0,1982.0,B01,138Â 199Â 611,1.0,-1.0,-1.0,1732812,2.0,7,,0.0,2.0,2.0,A01,138Â 199Â 610,1.0
1015129,201900056660,5,19,17:45,1,2,6,1.0,3.0,66011,D612,M,"42,6053540","2,8965550",66,2019,50.0,1.0,1.0,3.0,2270246,1.0,1,4,1,5.0,,0.0,0,1982.0,B01,138Â 199Â 611,1.0,-1.0,-1.0,1732813,3.0,7,,0.0,0.0,3.0,B01,138Â 199Â 611,1.0
1015129,201900056660,5,19,17:45,1,2,6,1.0,3.0,66011,D612,M,"42,6053540","2,8965550",66,2019,50.0,1.0,1.0,3.0,2270247,2.0,2,4,2,5.0,,0.0,0,1984.0,B01,138Â 199Â 611,1.0,-1.0,-1.0,1732812,2.0,7,,0.0,2.0,2.0,A01,138Â 199Â 610,1.0
1015129,201900056660,5,19,17:45,1,2,6,1.0,3.0,66011,D612,M,"42,6053540","2,8965550",66,2019,50.0,1.0,1.0,3.0,2270247,2.0,2,4,2,5.0,,0.0,0,1984.0,B01,138Â 199Â 611,1.0,-1.0,-1.0,1732813,3.0,7,,0.0,0.0,3.0,B01,138Â 199Â 611,1.0
1015130,201900056661,2,17,02:15,5,2,1,1.0,7.0,13075,L'ENJOLRAS (AVE DE),M,"43,3372900","5,4525100",13,2019,50.0,1.0,1.0,3.0,2270248,4.0,2,4,1,5.0,,-1.0, -1,2000.0,A01,138Â 199Â 619,1.0,0.0,-1.0,1732814,2.0,7,,2.0,0.0,2.0,A01,138Â 199Â 619,1.0
1015130,201900056661,2,17,02:15,5,2,1,1.0,7.0,13075,L'ENJOLRAS (AVE DE),M,"43,3372900","5,4525100",13,2019,50.0,1.0,1.0,3.0,2270249,1.0,1,4,1,5.0,,-1.0, -1,2000.0,A01,138Â 199Â 619,1.0,0.0,-1.0,1732814,2.0,7,,2.0,0.0,2.0,A01,138Â 199Â 619,1.0
1015130,201900056661,2,17,02:15,5,2,1,1.0,7.0,13075,L'ENJOLRAS (AVE DE),M,"43,3372900","5,4525100",13,2019,50.0,1.0,1.0,3.0,2270250,2.0,2,4,1,5.0,,-1.0, -1,2002.0,A01,138Â 199Â 619,1.0,0.0,-1.0,1732814,2.0,7,,2.0,0.0,2.0,A01,138Â 199Â 619,1.0
1015131,201900056662,6,12,12:30,1,2,2,2.0,6.0,75116,RUE POUSSIN,M,"48,8488250","2,2647440",75,2019,50.0,1.0,2.0,4.0,2270251,10.0,3,4,1,5.0,,3.0,3,1938.0,A01,138Â 199Â 609,8.0,0.0,-1.0,1732815,1.0,32,,0.0,1.0,6.0,A01,138Â 199Â 609,1.0
1015131,201900056662,6,12,12:30,1,2,2,2.0,6.0,75116,RUE POUSSIN,M,"48,8488250","2,2647440",75,2019,50.0,1.0,2.0,4.0,2270252,1.0,1,1,2,1.0,,0.0,0,1971.0,A01,138Â 199Â 609,2.0,6.0,-1.0,1732815,1.0,32,,0.0,1.0,6.0,A01,138Â 199Â 609,1.0
1015132,201900056663,5,9,08:50,1,2,6,1.0,3.0,66037,Avenue de la MÃ©diterranÃ©e,M,"42,6970490","3,0298580",66,2019,50.0,1.0,1.0,4.0,2270253,1.0,1,4,1,5.0,,0.0,0,1955.0,B01,138Â 199Â 606,2.0,-1.0,-1.0,1732816,0.0,1,,0.0,0.0,8.0,B01,138Â 199Â 606,5.0
1015132,201900056663,5,9,08:50,1,2,6,1.0,3.0,66037,Avenue de la MÃ©diterranÃ©e,M,"42,6970490","3,0298580",66,2019,50.0,1.0,1.0,4.0,2270253,1.0,1,4,1,5.0,,0.0,0,1955.0,B01,138Â 199Â 606,2.0,-1.0,-1.0,1732817,0.0,7,,0.0,1.0,1.0,A01,138Â 199Â 607,0.0
1015132,201900056663,5,9,08:50,1,2,6,1.0,3.0,66037,Avenue de la MÃ©diterranÃ©e,M,"42,6970490","3,0298580",66,2019,50.0,1.0,1.0,4.0,2270254,1.0,1,1,2,1.0,,0.0,0,1949.0,A01,138Â 199Â 607,1.0,-1.0,-1.0,1732816,0.0,1,,0.0,0.0,8.0,B01,138Â 199Â 606,5.0
1015132,201900056663,5,9,08:50,1,2,6,1.0,3.0,66037,Avenue de la MÃ©diterranÃ©e,M,"42,6970490","3,0298580",66,2019,50.0,1.0,1.0,4.0,2270254,1.0,1,1,2,1.0,,0.0,0,1949.0,A01,138Â 199Â 607,1.0,-1.0,-1.0,1732817,0.0,7,,0.0,1.0,1.0,A01,138Â 199Â 607,0.0
1015133,201900056664,2,16,20:15,5,2,1,1.0,6.0,13208,ROUET (RUE DU),M,"43,2774200","5,3932400",13,2019,50.0,1.0,1.0,4.0,2270255,10.0,3,4,1,0.0,,2.0,3,1960.0,A01,138Â 199Â 605,8.0,0.0,-1.0,1732818,1.0,32,,0.0,1.0,1.0,A01,138Â 199Â 605,1.0
1015133,201900056664,2,16,20:15,5,2,1,1.0,6.0,13208,ROUET (RUE DU),M,"43,2774200","5,3932400",13,2019,50.0,1.0,1.0,4.0,2270256,1.0,1,4,1,4.0,,-1.0, -1,1992.0,A01,138Â 199Â 605,2.0,0.0,-1.0,1732818,1.0,32,,0.0,1.0,1.0,A01,138Â 199Â 605,1.0
1015134,201900056665,5,7,21:30,5,2,1,1.0,6.0,66037,Rue de Belgique,M,"42,7052000","3,0060950",66,2019,30.0,4.0,1.0,7.0,2270257,10.0,3,3,2,5.0,,5.0,2,1996.0,A01,138Â 199Â 602,0.0,-1.0,-1.0,1732819,2.0,7,,0.0,1.0,1.0,A01,138Â 199Â 602,1.0
1015134,201900056665,5,7,21:30,5,2,1,1.0,6.0,66037,Rue de Belgique,M,"42,7052000","3,0060950",66,2019,30.0,4.0,1.0,7.0,2270258,1.0,1,1,1,1.0,,0.0,0,1993.0,A01,138Â 199Â 602,1.0,-1.0,-1.0,1732819,2.0,7,,0.0,1.0,1.0,A01,138Â 199Â 602,1.0
1015135,201900056666,6,13,13:30,1,2,7,1.0,3.0,75116,PLACE DU MARECHAL DE LATTRE DE TASSIGNY,M,"48,8720810","2,2755300",75,2019,50.0,1.0,1.0,4.0,2270259,1.0,1,4,2,5.0,,0.0,0,1942.0,B01,138Â 199Â 601,8.0,0.0,-1.0,1732820,3.0,1,,0.0,2.0,4.0,B01,138Â 199Â 601,5.0
1015135,201900056666,6,13,13:30,1,2,7,1.0,3.0,75116,PLACE DU MARECHAL DE LATTRE DE TASSIGNY,M,"48,8720810","2,2755300",75,2019,50.0,1.0,1.0,4.0,2270259,1.0,1,4,2,5.0,,0.0,0,1942.0,B01,138Â 199Â 601,8.0,0.0,-1.0,1732821,3.0,7,,0.0,2.0,1.0,A01,138Â 199Â 604,1.0
1015135,201900056666,6,13,13:30,1,2,7,1.0,3.0,75116,PLACE DU MARECHAL DE LATTRE DE TASSIGNY,M,"48,8720810","2,2755300",75,2019,50.0,1.0,1.0,4.0,2270260,2.0,2,1,2,5.0,,0.0,0,1985.0,A01,138Â 199Â 604,1.0,8.0,-1.0,1732820,3.0,1,,0.0,2.0,4.0,B01,138Â 199Â 601,5.0