Unnamed: 0_x,num_acc,mois,jour,hrmn,lum,agg,int,atm,col,com,adr,gps,lat,long,dep,annee,vma,situ,surf,catr,Unnamed: 0_y,place,catu,grav,sexe,trajet,secu,locp,actp,an_nais,num_veh_x,id_vehicule_x,secu1,secu2,secu3,Unnamed: 0,senc,catv,occutc,obs,obsm,choc,num_veh_y,id_vehicule_y,motor
1015135,201900056666,6,13,13:30,1,2,7,1.0,3.0,75116,PLACE DU MARECHAL DE LATTRE DE TASSIGNY,M,"48,8720810","2,2755300",75,2019,50.0,1.0,1.0,4.0,2270260,2.0,2,1,2,5.0,,0.0,0,1985.0,A01,138Â 199Â 604,1.0,8.0,-1.0,1732821,3.0,7,,0.0,2.0,1.0,A01,138Â 199Â 604,1.0
1015135,201900056666,6,13,13:30,1,2,7,1.0,3.0,75116,PLACE DU MARECHAL DE LATTRE DE TASSIGNY,M,"48,8720810","2,2755300",75,2019,50.0,1.0,1.0,4.0,2270261,1.0,1,1,2,5.0,,0.0,0,1984.0,A01,138Â 199Â 604,1.0,8.0,-1.0,1732820,3.0,1,,0.0,2.0,4.0,B01,138Â 199Â 601,5.0
1015135,201900056666,6,13,13:30,1,2,7,1.0,3.0,75116,PLACE DU MARECHAL DE LATTRE DE TASSIGNY,M,"48,8720810","2,2755300",75,2019,50.0,1.0,1.0,4.0,2270261,1.0,1,1,2,5.0,,0.0,0,1984.0,A01,138Â 199Â 604,1.0,8.0,-1.0,1732821,3.0,7,,0.0,2.0,1.0,A01,138Â 199Â 604,1.0
1015136,201900056667,11,27,20:40,3,1,1,1.0,2.0,42218,RN88,M,"45,4073700","4,3833700",42,2019,70.0,1.0,2.0,2.0,2270262,1.0,1,3,1,5.0,,-1.0, -1,1928.0,A01,138Â 199Â 599,1.0,0.0,-1.0,1732822,2.0,7,,0.0,2.0,2.0,A01,138Â 199Â 599,1.0
1015136,201900056667,11,27,20:40,3,1,1,1.0,2.0,42218,RN88,M,"45,4073700","4,3833700",42,2019,70.0,1.0,2.0,2.0,2270262,1.0,1,3,1,5.0,,-1.0, -1,1928.0,A01,138Â 199Â 599,1.0,0.0,-1.0,1732823,2.0,7,,0.0,2.0,6.0,B01,138Â 199Â 603,1.0
1015136,201900056667,11,27,20:40,3,1,1,1.0,2.0,42218,RN88,M,"45,4073700","4,3833700",42,2019,70.0,1.0,2.0,2.0,2270263,1.0,1,4,1,5.0,,-1.0, -1,1992.0,B01,138Â 199Â 603,1.0,0.0,-1.0,1732822,2.0,7,,0.0,2.0,2.0,A01,138Â 199Â 599,1.0
1015136,201900056667,11,27,20:40,3,1,1,1.0,2.0,42218,RN88,M,"45,4073700","4,3833700",42,2019,70.0,1.0,2.0,2.0,2270263,1.0,1,4,1,5.0,,-1.0, -1,1992.0,B01,138Â 199Â 603,1.0,0.0,-1.0,1732823,2.0,7,,0.0,2.0,6.0,B01,138Â 199Â 603,1.0
1015137,201900056668,5,16,10:40,1,2,1,1.0,6.0,48198,8 Avenue des Cevennes,M,"44,4385130","3,9321980",48,2019,30.0,1.0,1.0,3.0,2270264,1.0,1,1,2,5.0,,0.0,0,1954.0,A01,138Â 199Â 596,1.0,-1.0,-1.0,1732824,0.0,7,,0.0,1.0,4.0,A01,138Â 199Â 596,1.0
1015137,201900056668,5,16,10:40,1,2,1,1.0,6.0,48198,8 Avenue des Cevennes,M,"44,4385130","3,9321980",48,2019,30.0,1.0,1.0,3.0,2270265,10.0,3,3,2,5.0,,2.0,3,1939.0,A01,138Â 199Â 596,0.0,-1.0,-1.0,1732824,0.0,7,,0.0,1.0,4.0,A01,138Â 199Â 596,1.0
1015138,201900056669,2,16,21:30,5,2,1,1.0,5.0,13213,POILUS (AVENUE DES),M,"43,3204900","5,4583500",13,2019,50.0,1.0,1.0,4.0,2270266,1.0,1,4,1,5.0,,0.0,0,1976.0,B01,138Â 199Â 595,1.0,0.0,-1.0,1732825,2.0,7,,0.0,2.0,4.0,B01,138Â 199Â 595,0.0
1015138,201900056669,2,16,21:30,5,2,1,1.0,5.0,13213,POILUS (AVENUE DES),M,"43,3204900","5,4583500",13,2019,50.0,1.0,1.0,4.0,2270266,1.0,1,4,1,5.0,,0.0,0,1976.0,B01,138Â 199Â 595,1.0,0.0,-1.0,1732826,2.0,7,,0.0,2.0,4.0,C01,138Â 199Â 598,0.0
1015138,201900056669,2,16,21:30,5,2,1,1.0,5.0,13213,POILUS (AVENUE DES),M,"43,3204900","5,4583500",13,2019,50.0,1.0,1.0,4.0,2270266,1.0,1,4,1,5.0,,0.0,0,1976.0,B01,138Â 199Â 595,1.0,0.0,-1.0,1732827,2.0,7,,0.0,2.0,1.0,A01,138Â 199Â 600,0.0
1015138,201900056669,2,16,21:30,5,2,1,1.0,5.0,13213,POILUS (AVENUE DES),M,"43,3204900","5,4583500",13,2019,50.0,1.0,1.0,4.0,2270267,1.0,1,4,1,5.0,,0.0,0,1980.0,C01,138Â 199Â 598,1.0,0.0,-1.0,1732825,2.0,7,,0.0,2.0,4.0,B01,138Â 199Â 595,0.0
1015138,201900056669,2,16,21:30,5,2,1,1.0,5.0,13213,POILUS (AVENUE DES),M,"43,3204900","5,4583500",13,2019,50.0,1.0,1.0,4.0,2270267,1.0,1,4,1,5.0,,0.0,0,1980.0,C01,138Â 199Â 598,1.0,0.0,-1.0,1732826,2.0,7,,0.0,2.0,4.0,C01,138Â 199Â 598,0.0
1015138,201900056669,2,16,21:30,5,2,1,1.0,5.0,13213,POILUS (AVENUE DES),M,"43,3204900","5,4583500",13,2019,50.0,1.0,1.0,4.0,2270267,1.0,1,4,1,5.0,,0.0,0,1980.0,C01,138Â 199Â 598,1.0,0.0,-1.0,1732827,2.0,7,,0.0,2.0,1.0,A01,138Â 199Â 600,0.0
1015138,201900056669,2,16,21:30,5,2,1,1.0,5.0,13213,POILUS (AVENUE DES),M,"43,3204900","5,4583500",13,2019,50.0,1.0,1.0,4.0,2270268,1.0,1,1,1,5.0,,0.0,0,2000.0,A01,138Â 199Â 600,1.0,0.0,-1.0,1732825,2.0,7,,0.0,2.0,4.0,B01,138Â 199Â 595,0.0
1015138,201900056669,2,16,21:30,5,2,1,1.0,5.0,13213,POILUS (AVENUE DES),M,"43,3204900","5,4583500",13,2019,50.0,1.0,1.0,4.0,2270268,1.0,1,1,1,5.0,,0.0,0,2000.0,A01,138Â 199Â 600,1.0,0.0,-1.0,1732826,2.0,7,,0.0,2.0,4.0,C01,138Â 199Â 598,0.0
1015138,201900056669,2,16,21:30,5,2,1,1.0,5.0,13213,POILUS (AVENUE DES),M,"43,3204900","5,4583500",13,2019,50.0,1.0,1.0,4.0,2270268,1.0,1,1,1,5.0,,0.0,0,2000.0,A01,138Â 199Â 600,1.0,0.0,-1.0,1732827,2.0,7,,0.0,2.0,1.0,A01,138Â 199Â 600,0.0
1015139,201900056670,6,11,12:15,1,2,7,1.0,3.0,75108,PLACE CHARLES DE GAULLE,M,"48,8741140","2,2958360",75,2019,50.0,1.0,1.0,4.0,2270269,1.0,1,4,1,0.0,,0.0,0,1948.0,A01,138Â 199Â 594,2.0,6.0,-1.0,1732828,3.0,32,,0.0,2.0,3.0,A01,138Â 199Â 594,1.0
1015139,201900056670,6,11,12:15,1,2,7,1.0,3.0,75108,PLACE CHARLES DE GAULLE,M,"48,8741140","2,2958360",75,2019,50.0,1.0,1.0,4.0,2270269,1.0,1,4,1,0.0,,0.0,0,1948.0,A01,138Â 199Â 594,2.0,6.0,-1.0,1732829,3.0,7,,0.0,2.0,2.0,B01,138Â 199Â 597,3.0
1015139,201900056670,6,11,12:15,1,2,7,1.0,3.0,75108,PLACE CHARLES DE GAULLE,M,"48,8741140","2,2958360",75,2019,50.0,1.0,1.0,4.0,2270270,1.0,1,1,1,4.0,,0.0,0,1967.0,B01,138Â 199Â 597,1.0,0.0,-1.0,1732828,3.0,32,,0.0,2.0,3.0,A01,138Â 199Â 594,1.0
1015139,201900056670,6,11,12:15,1,2,7,1.0,3.0,75108,PLACE CHARLES DE GAULLE,M,"48,8741140","2,2958360",75,2019,50.0,1.0,1.0,4.0,2270270,1.0,1,1,1,4.0,,0.0,0,1967.0,B01,138Â 199Â 597,1.0,0.0,-1.0,1732829,3.0,7,,0.0,2.0,2.0,B01,138Â 199Â 597,3.0
1015140,201900056671,2,16,15:30,1,2,1,1.0,6.0,13216,LITTORAL (CHEMIN DU),M,"43,3540900","5,3323200",13,2019,50.0,1.0,1.0,4.0,2270271,1.0,1,1,1,0.0,,0.0,0,1973.0,A01,138Â 199Â 592,8.0,0.0,-1.0,1732830,0.0,7,,0.0,0.0,6.0,A01,138Â 199Â 592,0.0
1015140,201900056671,2,16,15:30,1,2,1,1.0,6.0,13216,LITTORAL (CHEMIN DU),M,"43,3540900","5,3323200",13,2019,50.0,1.0,1.0,4.0,2270271,1.0,1,1,1,0.0,,0.0,0,1973.0,A01,138Â 199Â 592,8.0,0.0,-1.0,1732831,0.0,33,,0.0,0.0,0.0,Z01,138Â 199Â 593,0.0
1015140,201900056671,2,16,15:30,1,2,1,1.0,6.0,13216,LITTORAL (CHEMIN DU),M,"43,3540900","5,3323200",13,2019,50.0,1.0,1.0,4.0,2270272,10.0,3,3,2,0.0,,2.0,3,2002.0,Z01,138Â 199Â 593,0.0,0.0,0.0,1732830,0.0,7,,0.0,0.0,6.0,A01,138Â 199Â 592,0.0
1015140,201900056671,2,16,15:30,1,2,1,1.0,6.0,13216,LITTORAL (CHEMIN DU),M,"43,3540900","5,3323200",13,2019,50.0,1.0,1.0,4.0,2270272,10.0,3,3,2,0.0,,2.0,3,2002.0,Z01,138Â 199Â 593,0.0,0.0,0.0,1732831,0.0,33,,0.0,0.0,0.0,Z01,138Â 199Â 593,0.0
1015141,201900056672,5,1,14:40,1,1,1,1.0,7.0,30153,D901,M,"44,4259770","4,0355760",30,2019,80.0,3.0,1.0,3.0,2270273,1.0,1,3,1,5.0,,0.0,0,1964.0,A01,138Â 199Â 591,2.0,6.0,-1.0,1732832,1.0,33,,0.0,0.0,8.0,A01,138Â 199Â 591,1.0
1015142,201900056673,6,9,02:15,5,2,3,1.0,6.0,75116,AVENUE DE VERSAILLES,M,"48,8426140","2,2686810",75,2019,30.0,1.0,1.0,4.0,2270274,1.0,1,4,1,4.0,,0.0,0,1987.0,A01,138Â 199Â 585,2.0,0.0,-1.0,1732833,3.0,30,,8.0,2.0,1.0,A01,138Â 199Â 585,1.0
1015142,201900056673,6,9,02:15,5,2,3,1.0,6.0,75116,AVENUE DE VERSAILLES,M,"48,8426140","2,2686810",75,2019,30.0,1.0,1.0,4.0,2270274,1.0,1,4,1,4.0,,0.0,0,1987.0,A01,138Â 199Â 585,2.0,0.0,-1.0,1732834,3.0,7,,0.0,2.0,1.0,B01,138Â 199Â 589,1.0
1015142,201900056673,6,9,02:15,5,2,3,1.0,6.0,75116,AVENUE DE VERSAILLES,M,"48,8426140","2,2686810",75,2019,30.0,1.0,1.0,4.0,2270275,1.0,1,1,1,9.0,,0.0,0,1990.0,B01,138Â 199Â 589,1.0,0.0,-1.0,1732833,3.0,30,,8.0,2.0,1.0,A01,138Â 199Â 585,1.0
1015142,201900056673,6,9,02:15,5,2,3,1.0,6.0,75116,AVENUE DE VERSAILLES,M,"48,8426140","2,2686810",75,2019,30.0,1.0,1.0,4.0,2270275,1.0,1,1,1,9.0,,0.0,0,1990.0,B01,138Â 199Â 589,1.0,0.0,-1.0,1732834,3.0,7,,0.0,2.0,1.0,B01,138Â 199Â 589,1.0
1015143,201900056674,5,1,17:30,1,1,1,7.0,1.0,30258,N 572 Routede Montpellier,M,"43,6711490","4,4042630",30,2019,80.0,1.0,1.0,3.0,2270276,1.0,1,1,2,0.0,,0.0,0,1967.0,B01,138Â 199Â 583,1.0,-1.0,-1.0,1732835,2.0,7,,0.0,2.0,2.0,B01,138Â 199Â 583,1.0
1015143,201900056674,5,1,17:30,1,1,1,7.0,1.0,30258,N 572 Routede Montpellier,M,"43,6711490","4,4042630",30,2019,80.0,1.0,1.0,3.0,2270276,1.0,1,1,2,0.0,,0.0,0,1967.0,B01,138Â 199Â 583,1.0,-1.0,-1.0,1732836,1.0,33,,0.0,2.0,1.0,A01,138Â 199Â 587,1.0
1015143,201900056674,5,1,17:30,1,1,1,7.0,1.0,30258,N 572 Routede Montpellier,M,"43,6711490","4,4042630",30,2019,80.0,1.0,1.0,3.0,2270277,1.0,1,3,1,0.0,,0.0,0,1974.0,A01,138Â 199Â 587,2.0,6.0,9.0,1732835,2.0,7,,0.0,2.0,2.0,B01,138Â 199Â 583,1.0
1015143,201900056674,5,1,17:30,1,1,1,7.0,1.0,30258,N 572 Routede Montpellier,M,"43,6711490","4,4042630",30,2019,80.0,1.0,1.0,3.0,2270277,1.0,1,3,1,0.0,,0.0,0,1974.0,A01,138Â 199Â 587,2.0,6.0,9.0,1732836,1.0,33,,0.0,2.0,1.0,A01,138Â 199Â 587,1.0
1015143,201900056674,5,1,17:30,1,1,1,7.0,1.0,30258,N 572 Routede Montpellier,M,"43,6711490","4,4042630",30,2019,80.0,1.0,1.0,3.0,2270278,2.0,2,4,2,0.0,,0.0,0,1987.0,A01,138Â 199Â 587,2.0,6.0,9.0,1732835,2.0,7,,0.0,2.0,2.0,B01,138Â 199Â 583,1.0
1015143,201900056674,5,1,17:30,1,1,1,7.0,1.0,30258,N 572 Routede Montpellier,M,"43,6711490","4,4042630",30,2019,80.0,1.0,1.0,3.0,2270278,2.0,2,4,2,0.0,,0.0,0,1987.0,A01,138Â 199Â 587,2.0,6.0,9.0,1732836,1.0,33,,0.0,2.0,1.0,A01,138Â 199Â 587,1.0
1015144,201900056675,12,2,07:30,2,1,1,1.0,3.0,33397,AUTOROUTE A 10,M,"44,9235200"," -0,4739100",33,2019,110.0,1.0,1.0,1.0,2270279,1.0,1,4,1,1.0,,-1.0, -1,1984.0,A01,138Â 199Â 584,2.0,6.0,-1.0,1732837,1.0,33,,0.0,2.0,7.0,A01,138Â 199Â 584,1.0
1015144,201900056675,12,2,07:30,2,1,1,1.0,3.0,33397,AUTOROUTE A 10,M,"44,9235200"," -0,4739100",33,2019,110.0,1.0,1.0,1.0,2270279,1.0,1,4,1,1.0,,-1.0, -1,1984.0,A01,138Â 199Â 584,2.0,6.0,-1.0,1732838,1.0,10,,0.0,2.0,6.0,B01,138Â 199Â 588,1.0
1015144,201900056675,12,2,07:30,2,1,1,1.0,3.0,33397,AUTOROUTE A 10,M,"44,9235200"," -0,4739100",33,2019,110.0,1.0,1.0,1.0,2270280,2.0,2,1,1,4.0,,-1.0, -1,1984.0,B01,138Â 199Â 588,1.0,8.0,-1.0,1732837,1.0,33,,0.0,2.0,7.0,A01,138Â 199Â 584,1.0
1015144,201900056675,12,2,07:30,2,1,1,1.0,3.0,33397,AUTOROUTE A 10,M,"44,9235200"," -0,4739100",33,2019,110.0,1.0,1.0,1.0,2270280,2.0,2,1,1,4.0,,-1.0, -1,1984.0,B01,138Â 199Â 588,1.0,8.0,-1.0,1732838,1.0,10,,0.0,2.0,6.0,B01,138Â 199Â 588,1.0
1015144,201900056675,12,2,07:30,2,1,1,1.0,3.0,33397,AUTOROUTE A 10,M,"44,9235200"," -0,4739100",33,2019,110.0,1.0,1.0,1.0,2270281,1.0,1,1,1,4.0,,-1.0, -1,1986.0,B01,138Â 199Â 588,1.0,8.0,-1.0,1732837,1.0,33,,0.0,2.0,7.0,A01,138Â 199Â 584,1.0
1015144,201900056675,12,2,07:30,2,1,1,1.0,3.0,33397,AUTOROUTE A 10,M,"44,9235200"," -0,4739100",33,2019,110.0,1.0,1.0,1.0,2270281,1.0,1,1,1,4.0,,-1.0, -1,1986.0,B01,138Â 199Â 588,1.0,8.0,-1.0,1732838,1.0,10,,0.0,2.0,6.0,B01,138Â 199Â 588,1.0
1015145,201900056676,2,16,09:45,1,2,3,1.0,4.0,13204,SAKAKINI (BOULEVARD),M,"43,2987900","5,4010400",13,2019,50.0,1.0,1.0,4.0,2270282,1.0,1,1,1,5.0,,-1.0, -1,1982.0,B01,138Â 199Â 582,1.0,0.0,-1.0,1732839,2.0,7,,0.0,2.0,4.0,B01,138Â 199Â 582,1.0
1015145,201900056676,2,16,09:45,1,2,3,1.0,4.0,13204,SAKAKINI (BOULEVARD),M,"43,2987900","5,4010400",13,2019,50.0,1.0,1.0,4.0,2270282,1.0,1,1,1,5.0,,-1.0, -1,1982.0,B01,138Â 199Â 582,1.0,0.0,-1.0,1732840,2.0,7,,0.0,2.0,1.0,A01,138Â 199Â 586,1.0
1015145,201900056676,2,16,09:45,1,2,3,1.0,4.0,13204,SAKAKINI (BOULEVARD),M,"43,2987900","5,4010400",13,2019,50.0,1.0,1.0,4.0,2270282,1.0,1,1,1,5.0,,-1.0, -1,1982.0,B01,138Â 199Â 582,1.0,0.0,-1.0,1732841,3.0,7,,12.0,0.0,0.0,C01,138Â 199Â 590,1.0
1015145,201900056676,2,16,09:45,1,2,3,1.0,4.0,13204,SAKAKINI (BOULEVARD),M,"43,2987900","5,4010400",13,2019,50.0,1.0,1.0,4.0,2270283,2.0,2,4,2,5.0,,-1.0, -1,1986.0,B01,138Â 199Â 582,1.0,0.0,-1.0,1732839,2.0,7,,0.0,2.0,4.0,B01,138Â 199Â 582,1.0
1015145,201900056676,2,16,09:45,1,2,3,1.0,4.0,13204,SAKAKINI (BOULEVARD),M,"43,2987900","5,4010400",13,2019,50.0,1.0,1.0,4.0,2270283,2.0,2,4,2,5.0,,-1.0, -1,1986.0,B01,138Â 199Â 582,1.0,0.0,-1.0,1732840,2.0,7,,0.0,2.0,1.0,A01,138Â 199Â 586,1.0
1015145,201900056676,2,16,09:45,1,2,3,1.0,4.0,13204,SAKAKINI (BOULEVARD),M,"43,2987900","5,4010400",13,2019,50.0,1.0,1.0,4.0,2270283,2.0,2,4,2,5.0,,-1.0, -1,1986.0,B01,138Â 199Â 582,1.0,0.0,-1.0,1732841,3.0,7,,12.0,0.0,0.0,C01,138Â 199Â 590,1.0
1015145,201900056676,2,16,09:45,1,2,3,1.0,4.0,13204,SAKAKINI (BOULEVARD),M,"43,2987900","5,4010400",13,2019,50.0,1.0,1.0,4.0,2270284,1.0,1,1,2,5.0,,-1.0, -1,1977.0,A01,138Â 199Â 586,1.0,8.0,-1.0,1732839,2.0,7,,0.0,2.0,4.0,B01,138Â 199Â 582,1.0
1015145,201900056676,2,16,09:45,1,2,3,1.0,4.0,13204,SAKAKINI (BOULEVARD),M,"43,2987900","5,4010400",13,2019,50.0,1.0,1.0,4.0,2270284,1.0,1,1,2,5.0,,-1.0, -1,1977.0,A01,138Â 199Â 586,1.0,8.0,-1.0,1732840,2.0,7,,0.0,2.0,1.0,A01,138Â 199Â 586,1.0
1015145,201900056676,2,16,09:45,1,2,3,1.0,4.0,13204,SAKAKINI (BOULEVARD),M,"43,2987900","5,4010400",13,2019,50.0,1.0,1.0,4.0,2270284,1.0,1,1,2,5.0,,-1.0, -1,1977.0,A01,138Â 199Â 586,1.0,8.0,-1.0,1732841,3.0,7,,12.0,0.0,0.0,C01,138Â 199Â 590,1.0
1015145,201900056676,2,16,09:45,1,2,3,1.0,4.0,13204,SAKAKINI (BOULEVARD),M,"43,2987900","5,4010400",13,2019,50.0,1.0,1.0,4.0,2270285,1.0,1,1,1,5.0,,-1.0, -1,1968.0,C01,138Â 199Â 590,1.0,0.0,-1.0,1732839,2.0,7,,0.0,2.0,4.0,B01,138Â 199Â 582,1.0
1015145,201900056676,2,16,09:45,1,2,3,1.0,4.0,13204,SAKAKINI (BOULEVARD),M,"43,2987900","5,4010400",13,2019,50.0,1.0,1.0,4.0,2270285,1.0,1,1,1,5.0,,-1.0, -1,1968.0,C01,138Â 199Â 590,1.0,0.0,-1.0,1732840,2.0,7,,0.0,2.0,1.0,A01,138Â 199Â 586,1.0
1015145,201900056676,2,16,09:45,1,2,3,1.0,4.0,13204,SAKAKINI (BOULEVARD),M,"43,2987900","5,4010400",13,2019,50.0,1.0,1.0,4.0,2270285,1.0,1,1,1,5.0,,-1.0, -1,1968.0,C01,138Â 199Â 590,1.0,0.0,-1.0,1732841,3.0,7,,12.0,0.0,0.0,C01,138Â 199Â 590,1.0
1015146,201900056677,5,2,12:30,1,2,1,1.0,7.0,11076,rue des jardins,M,"43,3194860","1,9509150",11,2019,50.0,1.0,1.0,4.0,2270286,10.0,3,3,2,5.0,,0.0,0,1951.0,A01,138Â 199Â 581,0.0,-1.0,-1.0,1732842,0.0,7,,0.0,1.0,4.0,A01,138Â 199Â 581,1.0
1015146,201900056677,5,2,12:30,1,2,1,1.0,7.0,11076,rue des jardins,M,"43,3194860","1,9509150",11,2019,50.0,1.0,1.0,4.0,2270287,2.0,2,1,2,3.0,,0.0,0,1943.0,A01,138Â 199Â 581,1.0,-1.0,-1.0,1732842,0.0,7,,0.0,1.0,4.0,A01,138Â 199Â 581,1.0
1015146,201900056677,5,2,12:30,1,2,1,1.0,7.0,11076,rue des jardins,M,"43,3194860","1,9509150",11,2019,50.0,1.0,1.0,4.0,2270288,1.0,1,1,1,3.0,,0.0,0,1936.0,A01,138Â 199Â 581,1.0,-1.0,-1.0,1732842,0.0,7,,0.0,1.0,4.0,A01,138Â 199Â 581,1.0
1015147,201900056678,5,7,11:30,1,1,3,1.0,3.0,11190,Avenue de la RÃ©publique,M,"43,2495260","2,6725170",11,2019,80.0,1.0,1.0,3.0,2270289,1.0,1,1,1,0.0,,0.0,0,1970.0,A01,138Â 199Â 579,1.0,-1.0,-1.0,1732843,1.0,7,,0.0,2.0,6.0,A01,138Â 199Â 579,1.0
1015147,201900056678,5,7,11:30,1,1,3,1.0,3.0,11190,Avenue de la RÃ©publique,M,"43,2495260","2,6725170",11,2019,80.0,1.0,1.0,3.0,2270289,1.0,1,1,1,0.0,,0.0,0,1970.0,A01,138Â 199Â 579,1.0,-1.0,-1.0,1732844,1.0,33,,0.0,2.0,1.0,B01,138Â 199Â 580,1.0
1015147,201900056678,5,7,11:30,1,1,3,1.0,3.0,11190,Avenue de la RÃ©publique,M,"43,2495260","2,6725170",11,2019,80.0,1.0,1.0,3.0,2270290,1.0,1,3,1,0.0,,0.0,0,1972.0,B01,138Â 199Â 580,2.0,6.0,-1.0,1732843,1.0,7,,0.0,2.0,6.0,A01,138Â 199Â 579,1.0
1015147,201900056678,5,7,11:30,1,1,3,1.0,3.0,11190,Avenue de la RÃ©publique,M,"43,2495260","2,6725170",11,2019,80.0,1.0,1.0,3.0,2270290,1.0,1,3,1,0.0,,0.0,0,1972.0,B01,138Â 199Â 580,2.0,6.0,-1.0,1732844,1.0,33,,0.0,2.0,1.0,B01,138Â 199Â 580,1.0
1015148,201900056679,12,2,07:55,2,1,1,1.0,2.0,33143,AUTOROUTE A 10,M,"44,9554100"," -0,4538000",33,2019,130.0,1.0,1.0,1.0,2270291,1.0,1,1,1,4.0,,-1.0, -1,1986.0,B01,138Â 199Â 576,1.0,8.0,-1.0,1732845,1.0,17,,0.0,2.0,6.0,B01,138Â 199Â 576,1.0
1015148,201900056679,12,2,07:55,2,1,1,1.0,2.0,33143,AUTOROUTE A 10,M,"44,9554100"," -0,4538000",33,2019,130.0,1.0,1.0,1.0,2270291,1.0,1,1,1,4.0,,-1.0, -1,1986.0,B01,138Â 199Â 576,1.0,8.0,-1.0,1732846,1.0,7,,0.0,2.0,1.0,A01,138Â 199Â 578,1.0
1015148,201900056679,12,2,07:55,2,1,1,1.0,2.0,33143,AUTOROUTE A 10,M,"44,9554100"," -0,4538000",33,2019,130.0,1.0,1.0,1.0,2270292,1.0,1,4,2,1.0,,-1.0, -1,1990.0,A01,138Â 199Â 578,1.0,8.0,-1.0,1732845,1.0,17,,0.0,2.0,6.0,B01,138Â 199Â 576,1.0
1015148,201900056679,12,2,07:55,2,1,1,1.0,2.0,33143,AUTOROUTE A 10,M,"44,9554100"," -0,4538000",33,2019,130.0,1.0,1.0,1.0,2270292,1.0,1,4,2,1.0,,-1.0, -1,1990.0,A01,138Â 199Â 578,1.0,8.0,-1.0,1732846,1.0,7,,0.0,2.0,1.0,A01,138Â 199Â 578,1.0
1015149,201900056680,2,16,06:25,5,2,1,1.0,4.0,13212,CAILLOLS (AVENUE DES),M,"43,3038990","5,4362280",13,2019,50.0,1.0,1.0,4.0,2270293,1.0,1,1,1,5.0,,-1.0, -1,1986.0,A01,138Â 199Â 574,1.0,8.0,-1.0,1732847,0.0,10,,0.0,2.0,1.0,A01,138Â 199Â 574,1.0
1015149,201900056680,2,16,06:25,5,2,1,1.0,4.0,13212,CAILLOLS (AVENUE DES),M,"43,3038990","5,4362280",13,2019,50.0,1.0,1.0,4.0,2270293,1.0,1,1,1,5.0,,-1.0, -1,1986.0,A01,138Â 199Â 574,1.0,8.0,-1.0,1732848,0.0,7,,0.0,2.0,7.0,C01,138Â 199Â 575,1.0
1015149,201900056680,2,16,06:25,5,2,1,1.0,4.0,13212,CAILLOLS (AVENUE DES),M,"43,3038990","5,4362280",13,2019,50.0,1.0,1.0,4.0,2270293,1.0,1,1,1,5.0,,-1.0, -1,1986.0,A01,138Â 199Â 574,1.0,8.0,-1.0,1732849,0.0,7,,0.0,2.0,4.0,B01,138Â 199Â 577,1.0
1015149,201900056680,2,16,06:25,5,2,1,1.0,4.0,13212,CAILLOLS (AVENUE DES),M,"43,3038990","5,4362280",13,2019,50.0,1.0,1.0,4.0,2270294,1.0,1,1,1,5.0,,-1.0, -1,1975.0,C01,138Â 199Â 575,1.0,8.0,-1.0,1732847,0.0,10,,0.0,2.0,1.0,A01,138Â 199Â 574,1.0
1015149,201900056680,2,16,06:25,5,2,1,1.0,4.0,13212,CAILLOLS (AVENUE DES),M,"43,3038990","5,4362280",13,2019,50.0,1.0,1.0,4.0,2270294,1.0,1,1,1,5.0,,-1.0, -1,1975.0,C01,138Â 199Â 575,1.0,8.0,-1.0,1732848,0.0,7,,0.0,2.0,7.0,C01,138Â 199Â 575,1.0
1015149,201900056680,2,16,06:25,5,2,1,1.0,4.0,13212,CAILLOLS (AVENUE DES),M,"43,3038990","5,4362280",13,2019,50.0,1.0,1.0,4.0,2270294,1.0,1,1,1,5.0,,-1.0, -1,1975.0,C01,138Â 199Â 575,1.0,8.0,-1.0,1732849,0.0,7,,0.0,2.0,4.0,B01,138Â 199Â 577,1.0
1015149,201900056680,2,16,06:25,5,2,1,1.0,4.0,13212,CAILLOLS (AVENUE DES),M,"43,3038990","5,4362280",13,2019,50.0,1.0,1.0,4.0,2270295,1.0,1,4,1,1.0,,-1.0, -1,1974.0,B01,138Â 199Â 577,1.0,8.0,-1.0,1732847,0.0,10,,0.0,2.0,1.0,A01,138Â 199Â 574,1.0
1015149,201900056680,2,16,06:25,5,2,1,1.0,4.0,13212,CAILLOLS (AVENUE DES),M,"43,3038990","5,4362280",13,2019,50.0,1.0,1.0,4.0,2270295,1.0,1,4,1,1.0,,-1.0, -1,1974.0,B01,138Â 199Â 577,1.0,8.0,-1.0,1732848,0.0,7,,0.0,2.0,7.0,C01,138Â 199Â 575,1.0
1015149,201900056680,2,16,06:25,5,2,1,1.0,4.0,13212,CAILLOLS (AVENUE DES),M,"43,3038990","5,4362280",13,2019,50.0,1.0,1.0,4.0,2270295,1.0,1,4,1,1.0,,-1.0, -1,1974.0,B01,138Â 199Â 577,1.0,8.0,-1.0,1732849,0.0,7,,0.0,2.0,4.0,B01,138Â 199Â 577,1.0
1015150,201900056681,5,16,08:30,1,2,1,1.0,1.0,34113,Rue de l'Embosque,M,"43,4894060","3,6999830",34,2019,50.0,1.0,1.0,4.0,2270296,1.0,1,4,2,2.0,,0.0,0,1983.0,B01,138Â 199Â 570,1.0,-1.0,-1.0,1732850,3.0,7,,0.0,2.0,3.0,B01,138Â 199Â 570,1.0