Unnamed: 0_x,num_acc,mois,jour,hrmn,lum,agg,int,atm,col,com,adr,gps,lat,long,dep,annee,vma,situ,surf,catr,Unnamed: 0_y,place,catu,grav,sexe,trajet,secu,locp,actp,an_nais,num_veh_x,id_vehicule_x,secu1,secu2,secu3,Unnamed: 0,senc,catv,occutc,obs,obsm,choc,num_veh_y,id_vehicule_y,motor
1015150,201900056681,5,16,08:30,1,2,1,1.0,1.0,34113,Rue de l'Embosque,M,"43,4894060","3,6999830",34,2019,50.0,1.0,1.0,4.0,2270296,1.0,1,4,2,2.0,,0.0,0,1983.0,B01,138Â 199Â 570,1.0,-1.0,-1.0,1732851,3.0,7,,0.0,2.0,3.0,A01,138Â 199Â 573,1.0
1015150,201900056681,5,16,08:30,1,2,1,1.0,1.0,34113,Rue de l'Embosque,M,"43,4894060","3,6999830",34,2019,50.0,1.0,1.0,4.0,2270297,3.0,2,1,2,2.0,,0.0,0,2008.0,B01,138Â 199Â 570,1.0,-1.0,-1.0,1732850,3.0,7,,0.0,2.0,3.0,B01,138Â 199Â 570,1.0
1015150,201900056681,5,16,08:30,1,2,1,1.0,1.0,34113,Rue de l'Embosque,M,"43,4894060","3,6999830",34,2019,50.0,1.0,1.0,4.0,2270297,3.0,2,1,2,2.0,,0.0,0,2008.0,B01,138Â 199Â 570,1.0,-1.0,-1.0,1732851,3.0,7,,0.0,2.0,3.0,A01,138Â 199Â 573,1.0
1015150,201900056681,5,16,08:30,1,2,1,1.0,1.0,34113,Rue de l'Embosque,M,"43,4894060","3,6999830",34,2019,50.0,1.0,1.0,4.0,2270298,5.0,2,1,2,2.0,,0.0,0,2004.0,B01,138Â 199Â 570,1.0,-1.0,-1.0,1732850,3.0,7,,0.0,2.0,3.0,B01,138Â 199Â 570,1.0
1015150,201900056681,5,16,08:30,1,2,1,1.0,1.0,34113,Rue de l'Embosque,M,"43,4894060","3,6999830",34,2019,50.0,1.0,1.0,4.0,2270298,5.0,2,1,2,2.0,,0.0,0,2004.0,B01,138Â 199Â 570,1.0,-1.0,-1.0,1732851,3.0,7,,0.0,2.0,3.0,A01,138Â 199Â 573,1.0
1015150,201900056681,5,16,08:30,1,2,1,1.0,1.0,34113,Rue de l'Embosque,M,"43,4894060","3,6999830",34,2019,50.0,1.0,1.0,4.0,2270299,1.0,1,4,1,1.0,,0.0,0,1966.0,A01,138Â 199Â 573,1.0,-1.0,-1.0,1732850,3.0,7,,0.0,2.0,3.0,B01,138Â 199Â 570,1.0
1015150,201900056681,5,16,08:30,1,2,1,1.0,1.0,34113,Rue de l'Embosque,M,"43,4894060","3,6999830",34,2019,50.0,1.0,1.0,4.0,2270299,1.0,1,4,1,1.0,,0.0,0,1966.0,A01,138Â 199Â 573,1.0,-1.0,-1.0,1732851,3.0,7,,0.0,2.0,3.0,A01,138Â 199Â 573,1.0
1015151,201900056682,11,29,17:10,1,1,1,2.0,4.0,59234,AUTOROUTE A21,M,"50,4054255","3,0430147",59,2019,110.0,1.0,2.0,1.0,2270300,1.0,1,1,1,0.0,,-1.0, -1,1986.0,C01,138Â 199Â 568,1.0,0.0,-1.0,1732852,1.0,7,,0.0,2.0,4.0,C01,138Â 199Â 568,1.0
1015151,201900056682,11,29,17:10,1,1,1,2.0,4.0,59234,AUTOROUTE A21,M,"50,4054255","3,0430147",59,2019,110.0,1.0,2.0,1.0,2270300,1.0,1,1,1,0.0,,-1.0, -1,1986.0,C01,138Â 199Â 568,1.0,0.0,-1.0,1732853,1.0,7,,0.0,2.0,4.0,B01,138Â 199Â 571,1.0
1015151,201900056682,11,29,17:10,1,1,1,2.0,4.0,59234,AUTOROUTE A21,M,"50,4054255","3,0430147",59,2019,110.0,1.0,2.0,1.0,2270300,1.0,1,1,1,0.0,,-1.0, -1,1986.0,C01,138Â 199Â 568,1.0,0.0,-1.0,1732854,1.0,7,,0.0,2.0,1.0,A01,138Â 199Â 572,1.0
1015151,201900056682,11,29,17:10,1,1,1,2.0,4.0,59234,AUTOROUTE A21,M,"50,4054255","3,0430147",59,2019,110.0,1.0,2.0,1.0,2270301,1.0,1,3,1,0.0,,-1.0, -1,1977.0,B01,138Â 199Â 571,1.0,0.0,-1.0,1732852,1.0,7,,0.0,2.0,4.0,C01,138Â 199Â 568,1.0
1015151,201900056682,11,29,17:10,1,1,1,2.0,4.0,59234,AUTOROUTE A21,M,"50,4054255","3,0430147",59,2019,110.0,1.0,2.0,1.0,2270301,1.0,1,3,1,0.0,,-1.0, -1,1977.0,B01,138Â 199Â 571,1.0,0.0,-1.0,1732853,1.0,7,,0.0,2.0,4.0,B01,138Â 199Â 571,1.0
1015151,201900056682,11,29,17:10,1,1,1,2.0,4.0,59234,AUTOROUTE A21,M,"50,4054255","3,0430147",59,2019,110.0,1.0,2.0,1.0,2270301,1.0,1,3,1,0.0,,-1.0, -1,1977.0,B01,138Â 199Â 571,1.0,0.0,-1.0,1732854,1.0,7,,0.0,2.0,1.0,A01,138Â 199Â 572,1.0
1015151,201900056682,11,29,17:10,1,1,1,2.0,4.0,59234,AUTOROUTE A21,M,"50,4054255","3,0430147",59,2019,110.0,1.0,2.0,1.0,2270302,1.0,1,1,1,0.0,,-1.0, -1,1968.0,A01,138Â 199Â 572,1.0,0.0,-1.0,1732852,1.0,7,,0.0,2.0,4.0,C01,138Â 199Â 568,1.0
1015151,201900056682,11,29,17:10,1,1,1,2.0,4.0,59234,AUTOROUTE A21,M,"50,4054255","3,0430147",59,2019,110.0,1.0,2.0,1.0,2270302,1.0,1,1,1,0.0,,-1.0, -1,1968.0,A01,138Â 199Â 572,1.0,0.0,-1.0,1732853,1.0,7,,0.0,2.0,4.0,B01,138Â 199Â 571,1.0
1015151,201900056682,11,29,17:10,1,1,1,2.0,4.0,59234,AUTOROUTE A21,M,"50,4054255","3,0430147",59,2019,110.0,1.0,2.0,1.0,2270302,1.0,1,1,1,0.0,,-1.0, -1,1968.0,A01,138Â 199Â 572,1.0,0.0,-1.0,1732854,1.0,7,,0.0,2.0,1.0,A01,138Â 199Â 572,1.0
1015152,201900056683,2,16,00:10,5,2,1,1.0,3.0,13209,MORGIOU (chemin de ),M,"43,2455400","5,4041700",13,2019,30.0,1.0,1.0,4.0,2270303,4.0,2,1,1,4.0,,-1.0, -1,1976.0,B01,138Â 199Â 567,1.0,0.0,-1.0,1732855,2.0,7,,0.0,2.0,5.0,B01,138Â 199Â 567,1.0
1015152,201900056683,2,16,00:10,5,2,1,1.0,3.0,13209,MORGIOU (chemin de ),M,"43,2455400","5,4041700",13,2019,30.0,1.0,1.0,4.0,2270303,4.0,2,1,1,4.0,,-1.0, -1,1976.0,B01,138Â 199Â 567,1.0,0.0,-1.0,1732856,2.0,34,,0.0,2.0,1.0,A01,138Â 199Â 569,1.0
1015152,201900056683,2,16,00:10,5,2,1,1.0,3.0,13209,MORGIOU (chemin de ),M,"43,2455400","5,4041700",13,2019,30.0,1.0,1.0,4.0,2270304,1.0,1,1,1,4.0,,-1.0, -1,1985.0,B01,138Â 199Â 567,1.0,0.0,-1.0,1732855,2.0,7,,0.0,2.0,5.0,B01,138Â 199Â 567,1.0
1015152,201900056683,2,16,00:10,5,2,1,1.0,3.0,13209,MORGIOU (chemin de ),M,"43,2455400","5,4041700",13,2019,30.0,1.0,1.0,4.0,2270304,1.0,1,1,1,4.0,,-1.0, -1,1985.0,B01,138Â 199Â 567,1.0,0.0,-1.0,1732856,2.0,34,,0.0,2.0,1.0,A01,138Â 199Â 569,1.0
1015152,201900056683,2,16,00:10,5,2,1,1.0,3.0,13209,MORGIOU (chemin de ),M,"43,2455400","5,4041700",13,2019,30.0,1.0,1.0,4.0,2270305,2.0,2,1,1,4.0,,-1.0, -1,1973.0,B01,138Â 199Â 567,1.0,0.0,-1.0,1732855,2.0,7,,0.0,2.0,5.0,B01,138Â 199Â 567,1.0
1015152,201900056683,2,16,00:10,5,2,1,1.0,3.0,13209,MORGIOU (chemin de ),M,"43,2455400","5,4041700",13,2019,30.0,1.0,1.0,4.0,2270305,2.0,2,1,1,4.0,,-1.0, -1,1973.0,B01,138Â 199Â 567,1.0,0.0,-1.0,1732856,2.0,34,,0.0,2.0,1.0,A01,138Â 199Â 569,1.0
1015152,201900056683,2,16,00:10,5,2,1,1.0,3.0,13209,MORGIOU (chemin de ),M,"43,2455400","5,4041700",13,2019,30.0,1.0,1.0,4.0,2270306,2.0,2,4,1,0.0,,-1.0, -1,2001.0,A01,138Â 199Â 569,2.0,0.0,-1.0,1732855,2.0,7,,0.0,2.0,5.0,B01,138Â 199Â 567,1.0
1015152,201900056683,2,16,00:10,5,2,1,1.0,3.0,13209,MORGIOU (chemin de ),M,"43,2455400","5,4041700",13,2019,30.0,1.0,1.0,4.0,2270306,2.0,2,4,1,0.0,,-1.0, -1,2001.0,A01,138Â 199Â 569,2.0,0.0,-1.0,1732856,2.0,34,,0.0,2.0,1.0,A01,138Â 199Â 569,1.0
1015152,201900056683,2,16,00:10,5,2,1,1.0,3.0,13209,MORGIOU (chemin de ),M,"43,2455400","5,4041700",13,2019,30.0,1.0,1.0,4.0,2270307,1.0,1,4,1,9.0,,-1.0, -1,2001.0,A01,138Â 199Â 569,2.0,0.0,-1.0,1732855,2.0,7,,0.0,2.0,5.0,B01,138Â 199Â 567,1.0
1015152,201900056683,2,16,00:10,5,2,1,1.0,3.0,13209,MORGIOU (chemin de ),M,"43,2455400","5,4041700",13,2019,30.0,1.0,1.0,4.0,2270307,1.0,1,4,1,9.0,,-1.0, -1,2001.0,A01,138Â 199Â 569,2.0,0.0,-1.0,1732856,2.0,34,,0.0,2.0,1.0,A01,138Â 199Â 569,1.0
1015153,201900056684,2,15,16:15,1,2,1,1.0,1.0,13216,RUISSEAU MI (RUE),M,"43,3501650","5,3484940",13,2019,50.0,1.0,1.0,4.0,2270308,1.0,1,3,1,0.0,,-1.0, -1,2000.0,B01,138Â 199Â 561,8.0,0.0,-1.0,1732857,2.0,30,,0.0,2.0,1.0,B01,138Â 199Â 561,0.0
1015153,201900056684,2,15,16:15,1,2,1,1.0,1.0,13216,RUISSEAU MI (RUE),M,"43,3501650","5,3484940",13,2019,50.0,1.0,1.0,4.0,2270308,1.0,1,3,1,0.0,,-1.0, -1,2000.0,B01,138Â 199Â 561,8.0,0.0,-1.0,1732858,1.0,7,,0.0,2.0,3.0,A01,138Â 199Â 563,6.0
1015153,201900056684,2,15,16:15,1,2,1,1.0,1.0,13216,RUISSEAU MI (RUE),M,"43,3501650","5,3484940",13,2019,50.0,1.0,1.0,4.0,2270309,1.0,1,1,1,5.0,,0.0,0,1999.0,A01,138Â 199Â 563,8.0,0.0,-1.0,1732857,2.0,30,,0.0,2.0,1.0,B01,138Â 199Â 561,0.0
1015153,201900056684,2,15,16:15,1,2,1,1.0,1.0,13216,RUISSEAU MI (RUE),M,"43,3501650","5,3484940",13,2019,50.0,1.0,1.0,4.0,2270309,1.0,1,1,1,5.0,,0.0,0,1999.0,A01,138Â 199Â 563,8.0,0.0,-1.0,1732858,1.0,7,,0.0,2.0,3.0,A01,138Â 199Â 563,6.0
1015153,201900056684,2,15,16:15,1,2,1,1.0,1.0,13216,RUISSEAU MI (RUE),M,"43,3501650","5,3484940",13,2019,50.0,1.0,1.0,4.0,2270310,2.0,2,1,1,5.0,,-1.0, -1,1999.0,A01,138Â 199Â 563,8.0,0.0,-1.0,1732857,2.0,30,,0.0,2.0,1.0,B01,138Â 199Â 561,0.0
1015153,201900056684,2,15,16:15,1,2,1,1.0,1.0,13216,RUISSEAU MI (RUE),M,"43,3501650","5,3484940",13,2019,50.0,1.0,1.0,4.0,2270310,2.0,2,1,1,5.0,,-1.0, -1,1999.0,A01,138Â 199Â 563,8.0,0.0,-1.0,1732858,1.0,7,,0.0,2.0,3.0,A01,138Â 199Â 563,6.0
1015154,201900056685,11,28,12:20,1,1,1,2.0,5.0,62274,AUTOROUTE A1,M,"50,4300000","2,9700000",62,2019,130.0,1.0,2.0,1.0,2270311,1.0,1,1,1,4.0,,-1.0, -1,1984.0,C01,138Â 199Â 560,1.0,0.0,-1.0,1732859,1.0,17,,0.0,2.0,6.0,C01,138Â 199Â 560,1.0
1015154,201900056685,11,28,12:20,1,1,1,2.0,5.0,62274,AUTOROUTE A1,M,"50,4300000","2,9700000",62,2019,130.0,1.0,2.0,1.0,2270311,1.0,1,1,1,4.0,,-1.0, -1,1984.0,C01,138Â 199Â 560,1.0,0.0,-1.0,1732860,1.0,7,,0.0,2.0,4.0,B01,138Â 199Â 564,1.0
1015154,201900056685,11,28,12:20,1,1,1,2.0,5.0,62274,AUTOROUTE A1,M,"50,4300000","2,9700000",62,2019,130.0,1.0,2.0,1.0,2270311,1.0,1,1,1,4.0,,-1.0, -1,1984.0,C01,138Â 199Â 560,1.0,0.0,-1.0,1732861,1.0,7,,0.0,2.0,2.0,A01,138Â 199Â 565,1.0
1015154,201900056685,11,28,12:20,1,1,1,2.0,5.0,62274,AUTOROUTE A1,M,"50,4300000","2,9700000",62,2019,130.0,1.0,2.0,1.0,2270312,1.0,1,1,2,4.0,,-1.0, -1,1976.0,B01,138Â 199Â 564,1.0,0.0,-1.0,1732859,1.0,17,,0.0,2.0,6.0,C01,138Â 199Â 560,1.0
1015154,201900056685,11,28,12:20,1,1,1,2.0,5.0,62274,AUTOROUTE A1,M,"50,4300000","2,9700000",62,2019,130.0,1.0,2.0,1.0,2270312,1.0,1,1,2,4.0,,-1.0, -1,1976.0,B01,138Â 199Â 564,1.0,0.0,-1.0,1732860,1.0,7,,0.0,2.0,4.0,B01,138Â 199Â 564,1.0
1015154,201900056685,11,28,12:20,1,1,1,2.0,5.0,62274,AUTOROUTE A1,M,"50,4300000","2,9700000",62,2019,130.0,1.0,2.0,1.0,2270312,1.0,1,1,2,4.0,,-1.0, -1,1976.0,B01,138Â 199Â 564,1.0,0.0,-1.0,1732861,1.0,7,,0.0,2.0,2.0,A01,138Â 199Â 565,1.0
1015154,201900056685,11,28,12:20,1,1,1,2.0,5.0,62274,AUTOROUTE A1,M,"50,4300000","2,9700000",62,2019,130.0,1.0,2.0,1.0,2270313,1.0,1,4,2,0.0,,-1.0, -1,1999.0,A01,138Â 199Â 565,1.0,0.0,-1.0,1732859,1.0,17,,0.0,2.0,6.0,C01,138Â 199Â 560,1.0
1015154,201900056685,11,28,12:20,1,1,1,2.0,5.0,62274,AUTOROUTE A1,M,"50,4300000","2,9700000",62,2019,130.0,1.0,2.0,1.0,2270313,1.0,1,4,2,0.0,,-1.0, -1,1999.0,A01,138Â 199Â 565,1.0,0.0,-1.0,1732860,1.0,7,,0.0,2.0,4.0,B01,138Â 199Â 564,1.0
1015154,201900056685,11,28,12:20,1,1,1,2.0,5.0,62274,AUTOROUTE A1,M,"50,4300000","2,9700000",62,2019,130.0,1.0,2.0,1.0,2270313,1.0,1,4,2,0.0,,-1.0, -1,1999.0,A01,138Â 199Â 565,1.0,0.0,-1.0,1732861,1.0,7,,0.0,2.0,2.0,A01,138Â 199Â 565,1.0
1015155,201900056686,5,26,08:30,1,2,9,1.0,6.0,34199,place Bobby LAPOINTE,M,"43,4591830","3,4209209",34,2019,20.0,8.0,1.0,6.0,2270314,1.0,1,4,2,9.0,,0.0,0,1942.0,A01,138Â 199Â 558,1.0,-1.0,-1.0,1732862,3.0,7,,6.0,0.0,3.0,A01,138Â 199Â 558,1.0
1015155,201900056686,5,26,08:30,1,2,9,1.0,6.0,34199,place Bobby LAPOINTE,M,"43,4591830","3,4209209",34,2019,20.0,8.0,1.0,6.0,2270315,2.0,2,3,1,9.0,,0.0,0,1943.0,A01,138Â 199Â 558,1.0,-1.0,-1.0,1732862,3.0,7,,6.0,0.0,3.0,A01,138Â 199Â 558,1.0
1015156,201900056687,6,9,02:27,5,2,2,1.0,3.0,75116,BOULEVARD SUCHET,M,"48,8530220","2,2618790",75,2019,50.0,1.0,1.0,4.0,2270316,1.0,1,1,1,4.0,,0.0,0,1970.0,A01,138Â 199Â 559,1.0,0.0,-1.0,1732863,3.0,7,,0.0,2.0,2.0,A01,138Â 199Â 559,1.0
1015156,201900056687,6,9,02:27,5,2,2,1.0,3.0,75116,BOULEVARD SUCHET,M,"48,8530220","2,2618790",75,2019,50.0,1.0,1.0,4.0,2270316,1.0,1,1,1,4.0,,0.0,0,1970.0,A01,138Â 199Â 559,1.0,0.0,-1.0,1732864,2.0,30,,0.0,2.0,1.0,B01,138Â 199Â 562,1.0
1015156,201900056687,6,9,02:27,5,2,2,1.0,3.0,75116,BOULEVARD SUCHET,M,"48,8530220","2,2618790",75,2019,50.0,1.0,1.0,4.0,2270317,3.0,2,1,1,5.0,,0.0,0,1998.0,A01,138Â 199Â 559,1.0,8.0,-1.0,1732863,3.0,7,,0.0,2.0,2.0,A01,138Â 199Â 559,1.0
1015156,201900056687,6,9,02:27,5,2,2,1.0,3.0,75116,BOULEVARD SUCHET,M,"48,8530220","2,2618790",75,2019,50.0,1.0,1.0,4.0,2270317,3.0,2,1,1,5.0,,0.0,0,1998.0,A01,138Â 199Â 559,1.0,8.0,-1.0,1732864,2.0,30,,0.0,2.0,1.0,B01,138Â 199Â 562,1.0
1015156,201900056687,6,9,02:27,5,2,2,1.0,3.0,75116,BOULEVARD SUCHET,M,"48,8530220","2,2618790",75,2019,50.0,1.0,1.0,4.0,2270318,1.0,1,4,1,5.0,,0.0,0,1993.0,B01,138Â 199Â 562,2.0,8.0,-1.0,1732863,3.0,7,,0.0,2.0,2.0,A01,138Â 199Â 559,1.0
1015156,201900056687,6,9,02:27,5,2,2,1.0,3.0,75116,BOULEVARD SUCHET,M,"48,8530220","2,2618790",75,2019,50.0,1.0,1.0,4.0,2270318,1.0,1,4,1,5.0,,0.0,0,1993.0,B01,138Â 199Â 562,2.0,8.0,-1.0,1732864,2.0,30,,0.0,2.0,1.0,B01,138Â 199Â 562,1.0
1015157,201900056688,2,15,15:45,1,2,1,1.0,6.0,13208,COMMANDANT ROLLAND,M,"43,2710400","5,3828700",13,2019,50.0,1.0,1.0,4.0,2270319,10.0,3,4,2,5.0,,3.0,3,1947.0,A01,138Â 199Â 557,8.0,0.0,-1.0,1732865,2.0,7,,0.0,1.0,3.0,A01,138Â 199Â 557,0.0
1015157,201900056688,2,15,15:45,1,2,1,1.0,6.0,13208,COMMANDANT ROLLAND,M,"43,2710400","5,3828700",13,2019,50.0,1.0,1.0,4.0,2270320,1.0,1,1,2,1.0,,0.0,0,1975.0,A01,138Â 199Â 557,1.0,0.0,-1.0,1732865,2.0,7,,0.0,1.0,3.0,A01,138Â 199Â 557,0.0
1015158,201900056689,12,2,06:30,3,1,1,1.0,6.0,91617,RN 104,M,"48,6315120","2,5150650",91,2019,90.0,1.0,1.0,2.0,2270321,1.0,1,4,1,1.0,,0.0,0,1978.0,A01,138Â 199Â 556,2.0,8.0,-1.0,1732866,1.0,31,,0.0,2.0,0.0,A01,138Â 199Â 556,1.0
1015159,201900056690,5,17,17:30,1,2,1,2.0,2.0,34009,Rue de Brescou,M,"43,4690662","3,3441460",34,2019,50.0,1.0,2.0,3.0,2270322,1.0,1,4,1,3.0,,0.0,0,1973.0,B01,138Â 199Â 554,1.0,-1.0,-1.0,1732867,0.0,7,,0.0,0.0,4.0,B01,138Â 199Â 554,1.0
1015159,201900056690,5,17,17:30,1,2,1,2.0,2.0,34009,Rue de Brescou,M,"43,4690662","3,3441460",34,2019,50.0,1.0,2.0,3.0,2270322,1.0,1,4,1,3.0,,0.0,0,1973.0,B01,138Â 199Â 554,1.0,-1.0,-1.0,1732868,0.0,10,,0.0,2.0,1.0,C01,138Â 199Â 555,1.0
1015159,201900056690,5,17,17:30,1,2,1,2.0,2.0,34009,Rue de Brescou,M,"43,4690662","3,3441460",34,2019,50.0,1.0,2.0,3.0,2270323,2.0,2,4,2,3.0,,0.0,0,1976.0,B01,138Â 199Â 554,1.0,-1.0,-1.0,1732867,0.0,7,,0.0,0.0,4.0,B01,138Â 199Â 554,1.0
1015159,201900056690,5,17,17:30,1,2,1,2.0,2.0,34009,Rue de Brescou,M,"43,4690662","3,3441460",34,2019,50.0,1.0,2.0,3.0,2270323,2.0,2,4,2,3.0,,0.0,0,1976.0,B01,138Â 199Â 554,1.0,-1.0,-1.0,1732868,0.0,10,,0.0,2.0,1.0,C01,138Â 199Â 555,1.0
1015159,201900056690,5,17,17:30,1,2,1,2.0,2.0,34009,Rue de Brescou,M,"43,4690662","3,3441460",34,2019,50.0,1.0,2.0,3.0,2270324,2.0,2,4,1,3.0,,0.0,0,1981.0,C01,138Â 199Â 555,0.0,-1.0,-1.0,1732867,0.0,7,,0.0,0.0,4.0,B01,138Â 199Â 554,1.0
1015159,201900056690,5,17,17:30,1,2,1,2.0,2.0,34009,Rue de Brescou,M,"43,4690662","3,3441460",34,2019,50.0,1.0,2.0,3.0,2270324,2.0,2,4,1,3.0,,0.0,0,1981.0,C01,138Â 199Â 555,0.0,-1.0,-1.0,1732868,0.0,10,,0.0,2.0,1.0,C01,138Â 199Â 555,1.0
1015159,201900056690,5,17,17:30,1,2,1,2.0,2.0,34009,Rue de Brescou,M,"43,4690662","3,3441460",34,2019,50.0,1.0,2.0,3.0,2270325,2.0,1,1,1,4.0,,0.0,0,1981.0,C01,138Â 199Â 555,8.0,8.0,8.0,1732867,0.0,7,,0.0,0.0,4.0,B01,138Â 199Â 554,1.0
1015159,201900056690,5,17,17:30,1,2,1,2.0,2.0,34009,Rue de Brescou,M,"43,4690662","3,3441460",34,2019,50.0,1.0,2.0,3.0,2270325,2.0,1,1,1,4.0,,0.0,0,1981.0,C01,138Â 199Â 555,8.0,8.0,8.0,1732868,0.0,10,,0.0,2.0,1.0,C01,138Â 199Â 555,1.0
1015160,201900056691,2,15,10:45,1,2,1,1.0,3.0,13209,REDON (BOULEVARD DU),M,"43,2509300","5,4220740",13,2019,50.0,1.0,1.0,4.0,2270326,1.0,1,1,2,5.0,,-1.0, -1,1934.0,A01,138Â 199Â 552,1.0,0.0,-1.0,1732869,2.0,7,,0.0,2.0,7.0,A01,138Â 199Â 552,1.0
1015160,201900056691,2,15,10:45,1,2,1,1.0,3.0,13209,REDON (BOULEVARD DU),M,"43,2509300","5,4220740",13,2019,50.0,1.0,1.0,4.0,2270326,1.0,1,1,2,5.0,,-1.0, -1,1934.0,A01,138Â 199Â 552,1.0,0.0,-1.0,1732870,1.0,32,,0.0,2.0,1.0,B01,138Â 199Â 553,1.0
1015160,201900056691,2,15,10:45,1,2,1,1.0,3.0,13209,REDON (BOULEVARD DU),M,"43,2509300","5,4220740",13,2019,50.0,1.0,1.0,4.0,2270327,1.0,1,3,1,0.0,,-1.0, -1,1952.0,B01,138Â 199Â 553,2.0,0.0,-1.0,1732869,2.0,7,,0.0,2.0,7.0,A01,138Â 199Â 552,1.0
1015160,201900056691,2,15,10:45,1,2,1,1.0,3.0,13209,REDON (BOULEVARD DU),M,"43,2509300","5,4220740",13,2019,50.0,1.0,1.0,4.0,2270327,1.0,1,3,1,0.0,,-1.0, -1,1952.0,B01,138Â 199Â 553,2.0,0.0,-1.0,1732870,1.0,32,,0.0,2.0,1.0,B01,138Â 199Â 553,1.0
1015161,201900056692,12,1,08:05,2,1,1,2.0,2.0,95572,AUTOROUTE A15,M,"49,0346800","2,0996400",95,2019,50.0,1.0,2.0,1.0,2270328,1.0,1,4,1,5.0,,-1.0, -1,1974.0,B01,138Â 199Â 547,1.0,0.0,-1.0,1732871,2.0,7,,0.0,2.0,4.0,B01,138Â 199Â 547,1.0
1015161,201900056692,12,1,08:05,2,1,1,2.0,2.0,95572,AUTOROUTE A15,M,"49,0346800","2,0996400",95,2019,50.0,1.0,2.0,1.0,2270328,1.0,1,4,1,5.0,,-1.0, -1,1974.0,B01,138Â 199Â 547,1.0,0.0,-1.0,1732872,2.0,7,,1.0,0.0,1.0,A01,138Â 199Â 551,1.0
1015161,201900056692,12,1,08:05,2,1,1,2.0,2.0,95572,AUTOROUTE A15,M,"49,0346800","2,0996400",95,2019,50.0,1.0,2.0,1.0,2270329,2.0,2,4,1,5.0,,-1.0, -1,1969.0,B01,138Â 199Â 547,1.0,0.0,-1.0,1732871,2.0,7,,0.0,2.0,4.0,B01,138Â 199Â 547,1.0
1015161,201900056692,12,1,08:05,2,1,1,2.0,2.0,95572,AUTOROUTE A15,M,"49,0346800","2,0996400",95,2019,50.0,1.0,2.0,1.0,2270329,2.0,2,4,1,5.0,,-1.0, -1,1969.0,B01,138Â 199Â 547,1.0,0.0,-1.0,1732872,2.0,7,,1.0,0.0,1.0,A01,138Â 199Â 551,1.0
1015161,201900056692,12,1,08:05,2,1,1,2.0,2.0,95572,AUTOROUTE A15,M,"49,0346800","2,0996400",95,2019,50.0,1.0,2.0,1.0,2270330,1.0,1,1,1,5.0,,-1.0, -1,1987.0,A01,138Â 199Â 551,1.0,0.0,-1.0,1732871,2.0,7,,0.0,2.0,4.0,B01,138Â 199Â 547,1.0
1015161,201900056692,12,1,08:05,2,1,1,2.0,2.0,95572,AUTOROUTE A15,M,"49,0346800","2,0996400",95,2019,50.0,1.0,2.0,1.0,2270330,1.0,1,1,1,5.0,,-1.0, -1,1987.0,A01,138Â 199Â 551,1.0,0.0,-1.0,1732872,2.0,7,,1.0,0.0,1.0,A01,138Â 199Â 551,1.0
1015162,201900056693,6,8,07:50,1,2,1,1.0,6.0,75116,AVENUE MOZART,M,"48,8527100","2,2682860",75,2019,50.0,1.0,1.0,4.0,2270331,10.0,3,4,1,5.0,,3.0,3,1989.0,A01,138Â 199Â 548,8.0,0.0,-1.0,1732873,2.0,30,,0.0,1.0,8.0,A01,138Â 199Â 548,1.0
1015162,201900056693,6,8,07:50,1,2,1,1.0,6.0,75116,AVENUE MOZART,M,"48,8527100","2,2682860",75,2019,50.0,1.0,1.0,4.0,2270332,1.0,1,4,1,4.0,,0.0,0,1982.0,A01,138Â 199Â 548,2.0,6.0,-1.0,1732873,2.0,30,,0.0,1.0,8.0,A01,138Â 199Â 548,1.0
1015163,201900056694,5,6,16:30,1,1,1,1.0,7.0,34063,D13 E 5,M,"43,4861730","3,3897810",34,2019,80.0,8.0,1.0,3.0,2270333,4.0,2,3,2,5.0,,0.0,0,1998.0,A01,138Â 199Â 546,0.0,-1.0,-1.0,1732874,2.0,3,,0.0,0.0,0.0,A01,138Â 199Â 546,1.0
1015163,201900056694,5,6,16:30,1,1,1,1.0,7.0,34063,D13 E 5,M,"43,4861730","3,3897810",34,2019,80.0,8.0,1.0,3.0,2270334,1.0,1,1,1,5.0,,0.0,0,1990.0,A01,138Â 199Â 546,0.0,-1.0,-1.0,1732874,2.0,3,,0.0,0.0,0.0,A01,138Â 199Â 546,1.0
1015163,201900056694,5,6,16:30,1,1,1,1.0,7.0,34063,D13 E 5,M,"43,4861730","3,3897810",34,2019,80.0,8.0,1.0,3.0,2270335,6.0,2,1,2,5.0,,0.0,0,1996.0,A01,138Â 199Â 546,0.0,-1.0,-1.0,1732874,2.0,3,,0.0,0.0,0.0,A01,138Â 199Â 546,1.0
1015163,201900056694,5,6,16:30,1,1,1,1.0,7.0,34063,D13 E 5,M,"43,4861730","3,3897810",34,2019,80.0,8.0,1.0,3.0,2270336,3.0,2,2,2,5.0,,0.0,0,1989.0,A01,138Â 199Â 546,0.0,-1.0,-1.0,1732874,2.0,3,,0.0,0.0,0.0,A01,138Â 199Â 546,1.0
1015164,201900056695,12,1,05:30,3,1,1,2.0,6.0,93027,AUTOROUTE A86,M,"48,9242100","2,3871900",93,2019,90.0,2.0,2.0,1.0,2270337,2.0,2,4,2,0.0,,-1.0, -1,1991.0,A01,138Â 199Â 545,1.0,0.0,-1.0,1732875,2.0,7,,4.0,2.0,1.0,A01,138Â 199Â 545,1.0
1015165,201900056696,6,7,17:00,1,2,1,2.0,6.0,75116,ROUTE DE SEVRES A NEUILLY,M,"48,8697580","2,2446990",75,2019,50.0,1.0,1.0,4.0,2270338,1.0,1,1,2,1.0,,0.0,0,1993.0,A01,138Â 199Â 542,1.0,0.0,-1.0,1732876,2.0,7,,0.0,2.0,3.0,A01,138Â 199Â 542,1.0