Unnamed: 0_x,num_acc,mois,jour,hrmn,lum,agg,int,atm,col,com,adr,gps,lat,long,dep,annee,vma,situ,surf,catr,Unnamed: 0_y,place,catu,grav,sexe,trajet,secu,locp,actp,an_nais,num_veh_x,id_vehicule_x,secu1,secu2,secu3,Unnamed: 0,senc,catv,occutc,obs,obsm,choc,num_veh_y,id_vehicule_y,motor
1015165,201900056696,6,7,17:00,1,2,1,2.0,6.0,75116,ROUTE DE SEVRES A NEUILLY,M,"48,8697580","2,2446990",75,2019,50.0,1.0,1.0,4.0,2270338,1.0,1,1,2,1.0,,0.0,0,1993.0,A01,138Â 199Â 542,1.0,0.0,-1.0,1732877,2.0,43,,1.0,2.0,1.0,B01,138Â 199Â 543,1.0
1015165,201900056696,6,7,17:00,1,2,1,2.0,6.0,75116,ROUTE DE SEVRES A NEUILLY,M,"48,8697580","2,2446990",75,2019,50.0,1.0,1.0,4.0,2270338,1.0,1,1,2,1.0,,0.0,0,1993.0,A01,138Â 199Â 542,1.0,0.0,-1.0,1732878,1.0,7,,0.0,2.0,1.0,C01,138Â 199Â 544,1.0
1015165,201900056696,6,7,17:00,1,2,1,2.0,6.0,75116,ROUTE DE SEVRES A NEUILLY,M,"48,8697580","2,2446990",75,2019,50.0,1.0,1.0,4.0,2270339,1.0,1,4,1,1.0,,0.0,0,1978.0,B01,138Â 199Â 543,2.0,6.0,-1.0,1732876,2.0,7,,0.0,2.0,3.0,A01,138Â 199Â 542,1.0
1015165,201900056696,6,7,17:00,1,2,1,2.0,6.0,75116,ROUTE DE SEVRES A NEUILLY,M,"48,8697580","2,2446990",75,2019,50.0,1.0,1.0,4.0,2270339,1.0,1,4,1,1.0,,0.0,0,1978.0,B01,138Â 199Â 543,2.0,6.0,-1.0,1732877,2.0,43,,1.0,2.0,1.0,B01,138Â 199Â 543,1.0
1015165,201900056696,6,7,17:00,1,2,1,2.0,6.0,75116,ROUTE DE SEVRES A NEUILLY,M,"48,8697580","2,2446990",75,2019,50.0,1.0,1.0,4.0,2270339,1.0,1,4,1,1.0,,0.0,0,1978.0,B01,138Â 199Â 543,2.0,6.0,-1.0,1732878,1.0,7,,0.0,2.0,1.0,C01,138Â 199Â 544,1.0
1015165,201900056696,6,7,17:00,1,2,1,2.0,6.0,75116,ROUTE DE SEVRES A NEUILLY,M,"48,8697580","2,2446990",75,2019,50.0,1.0,1.0,4.0,2270340,1.0,1,1,1,5.0,,0.0,0,1942.0,C01,138Â 199Â 544,1.0,0.0,-1.0,1732876,2.0,7,,0.0,2.0,3.0,A01,138Â 199Â 542,1.0
1015165,201900056696,6,7,17:00,1,2,1,2.0,6.0,75116,ROUTE DE SEVRES A NEUILLY,M,"48,8697580","2,2446990",75,2019,50.0,1.0,1.0,4.0,2270340,1.0,1,1,1,5.0,,0.0,0,1942.0,C01,138Â 199Â 544,1.0,0.0,-1.0,1732877,2.0,43,,1.0,2.0,1.0,B01,138Â 199Â 543,1.0
1015165,201900056696,6,7,17:00,1,2,1,2.0,6.0,75116,ROUTE DE SEVRES A NEUILLY,M,"48,8697580","2,2446990",75,2019,50.0,1.0,1.0,4.0,2270340,1.0,1,1,1,5.0,,0.0,0,1942.0,C01,138Â 199Â 544,1.0,0.0,-1.0,1732878,1.0,7,,0.0,2.0,1.0,C01,138Â 199Â 544,1.0
1015166,201900056697,11,30,23:15,3,1,1,1.0,3.0,93066,AUTOROUTE A1,M,"48,9332000","2,3758600",93,2019,90.0,1.0,1.0,1.0,2270341,1.0,1,1,1,5.0,,-1.0, -1,1965.0,A01,138Â 199Â 539,1.0,0.0,-1.0,1732879,2.0,7,,3.0,2.0,8.0,A01,138Â 199Â 539,1.0
1015166,201900056697,11,30,23:15,3,1,1,1.0,3.0,93066,AUTOROUTE A1,M,"48,9332000","2,3758600",93,2019,90.0,1.0,1.0,1.0,2270341,1.0,1,1,1,5.0,,-1.0, -1,1965.0,A01,138Â 199Â 539,1.0,0.0,-1.0,1732880,2.0,10,,0.0,2.0,7.0,Z01,138Â 199Â 540,1.0
1015166,201900056697,11,30,23:15,3,1,1,1.0,3.0,93066,AUTOROUTE A1,M,"48,9332000","2,3758600",93,2019,90.0,1.0,1.0,1.0,2270342,2.0,2,4,2,5.0,,-1.0, -1,2003.0,A01,138Â 199Â 539,1.0,0.0,-1.0,1732879,2.0,7,,3.0,2.0,8.0,A01,138Â 199Â 539,1.0
1015166,201900056697,11,30,23:15,3,1,1,1.0,3.0,93066,AUTOROUTE A1,M,"48,9332000","2,3758600",93,2019,90.0,1.0,1.0,1.0,2270342,2.0,2,4,2,5.0,,-1.0, -1,2003.0,A01,138Â 199Â 539,1.0,0.0,-1.0,1732880,2.0,10,,0.0,2.0,7.0,Z01,138Â 199Â 540,1.0
1015167,201900056698,5,3,11:45,1,1,1,2.0,1.0,34199,RD913,M,"43,4717200","3,4312300",34,2019,80.0,1.0,2.0,3.0,2270343,1.0,1,1,1,4.0,,0.0,0,1986.0,B01,138Â 199Â 538,1.0,-1.0,-1.0,1732881,1.0,10,,0.0,2.0,3.0,B01,138Â 199Â 538,0.0
1015167,201900056698,5,3,11:45,1,1,1,2.0,1.0,34199,RD913,M,"43,4717200","3,4312300",34,2019,80.0,1.0,2.0,3.0,2270343,1.0,1,1,1,4.0,,0.0,0,1986.0,B01,138Â 199Â 538,1.0,-1.0,-1.0,1732882,2.0,7,,0.0,2.0,3.0,A01,138Â 199Â 541,0.0
1015167,201900056698,5,3,11:45,1,1,1,2.0,1.0,34199,RD913,M,"43,4717200","3,4312300",34,2019,80.0,1.0,2.0,3.0,2270344,2.0,2,1,1,4.0,,0.0,0,1997.0,B01,138Â 199Â 538,1.0,-1.0,-1.0,1732881,1.0,10,,0.0,2.0,3.0,B01,138Â 199Â 538,0.0
1015167,201900056698,5,3,11:45,1,1,1,2.0,1.0,34199,RD913,M,"43,4717200","3,4312300",34,2019,80.0,1.0,2.0,3.0,2270344,2.0,2,1,1,4.0,,0.0,0,1997.0,B01,138Â 199Â 538,1.0,-1.0,-1.0,1732882,2.0,7,,0.0,2.0,3.0,A01,138Â 199Â 541,0.0
1015167,201900056698,5,3,11:45,1,1,1,2.0,1.0,34199,RD913,M,"43,4717200","3,4312300",34,2019,80.0,1.0,2.0,3.0,2270345,1.0,1,2,1,3.0,,0.0,0,1945.0,A01,138Â 199Â 541,1.0,-1.0,-1.0,1732881,1.0,10,,0.0,2.0,3.0,B01,138Â 199Â 538,0.0
1015167,201900056698,5,3,11:45,1,1,1,2.0,1.0,34199,RD913,M,"43,4717200","3,4312300",34,2019,80.0,1.0,2.0,3.0,2270345,1.0,1,2,1,3.0,,0.0,0,1945.0,A01,138Â 199Â 541,1.0,-1.0,-1.0,1732882,2.0,7,,0.0,2.0,3.0,A01,138Â 199Â 541,0.0
1015168,201900056699,6,7,14:30,1,2,1,1.0,4.0,75116,AVENUE KLEBER,M,"48,8684630","2,2911970",75,2019,50.0,1.0,1.0,4.0,2270346,1.0,1,1,1,9.0,,0.0,0,1966.0,A01,138Â 199Â 534,1.0,0.0,-1.0,1732883,2.0,7,,0.0,2.0,3.0,A01,138Â 199Â 534,1.0
1015168,201900056699,6,7,14:30,1,2,1,1.0,4.0,75116,AVENUE KLEBER,M,"48,8684630","2,2911970",75,2019,50.0,1.0,1.0,4.0,2270346,1.0,1,1,1,9.0,,0.0,0,1966.0,A01,138Â 199Â 534,1.0,0.0,-1.0,1732884,2.0,30,,0.0,2.0,1.0,B01,138Â 199Â 536,1.0
1015168,201900056699,6,7,14:30,1,2,1,1.0,4.0,75116,AVENUE KLEBER,M,"48,8684630","2,2911970",75,2019,50.0,1.0,1.0,4.0,2270346,1.0,1,1,1,9.0,,0.0,0,1966.0,A01,138Â 199Â 534,1.0,0.0,-1.0,1732885,2.0,30,,0.0,2.0,1.0,C01,138Â 199Â 537,1.0
1015168,201900056699,6,7,14:30,1,2,1,1.0,4.0,75116,AVENUE KLEBER,M,"48,8684630","2,2911970",75,2019,50.0,1.0,1.0,4.0,2270347,1.0,1,4,1,5.0,,0.0,0,1992.0,B01,138Â 199Â 536,2.0,6.0,-1.0,1732883,2.0,7,,0.0,2.0,3.0,A01,138Â 199Â 534,1.0
1015168,201900056699,6,7,14:30,1,2,1,1.0,4.0,75116,AVENUE KLEBER,M,"48,8684630","2,2911970",75,2019,50.0,1.0,1.0,4.0,2270347,1.0,1,4,1,5.0,,0.0,0,1992.0,B01,138Â 199Â 536,2.0,6.0,-1.0,1732884,2.0,30,,0.0,2.0,1.0,B01,138Â 199Â 536,1.0
1015168,201900056699,6,7,14:30,1,2,1,1.0,4.0,75116,AVENUE KLEBER,M,"48,8684630","2,2911970",75,2019,50.0,1.0,1.0,4.0,2270347,1.0,1,4,1,5.0,,0.0,0,1992.0,B01,138Â 199Â 536,2.0,6.0,-1.0,1732885,2.0,30,,0.0,2.0,1.0,C01,138Â 199Â 537,1.0
1015168,201900056699,6,7,14:30,1,2,1,1.0,4.0,75116,AVENUE KLEBER,M,"48,8684630","2,2911970",75,2019,50.0,1.0,1.0,4.0,2270348,1.0,1,1,1,5.0,,0.0,0,1982.0,C01,138Â 199Â 537,2.0,6.0,-1.0,1732883,2.0,7,,0.0,2.0,3.0,A01,138Â 199Â 534,1.0
1015168,201900056699,6,7,14:30,1,2,1,1.0,4.0,75116,AVENUE KLEBER,M,"48,8684630","2,2911970",75,2019,50.0,1.0,1.0,4.0,2270348,1.0,1,1,1,5.0,,0.0,0,1982.0,C01,138Â 199Â 537,2.0,6.0,-1.0,1732884,2.0,30,,0.0,2.0,1.0,B01,138Â 199Â 536,1.0
1015168,201900056699,6,7,14:30,1,2,1,1.0,4.0,75116,AVENUE KLEBER,M,"48,8684630","2,2911970",75,2019,50.0,1.0,1.0,4.0,2270348,1.0,1,1,1,5.0,,0.0,0,1982.0,C01,138Â 199Â 537,2.0,6.0,-1.0,1732885,2.0,30,,0.0,2.0,1.0,C01,138Â 199Â 537,1.0
1015169,201900056700,11,30,19:50,3,1,1,1.0,2.0,93005,AUTOROUTE A3,M,"48,9527100","2,4741600",93,2019,90.0,1.0,1.0,1.0,2270349,1.0,1,1,2,0.0,,-1.0, -1,1994.0,B01,138Â 199Â 531,1.0,0.0,-1.0,1732886,1.0,7,,0.0,2.0,4.0,B01,138Â 199Â 531,1.0
1015169,201900056700,11,30,19:50,3,1,1,1.0,2.0,93005,AUTOROUTE A3,M,"48,9527100","2,4741600",93,2019,90.0,1.0,1.0,1.0,2270349,1.0,1,1,2,0.0,,-1.0, -1,1994.0,B01,138Â 199Â 531,1.0,0.0,-1.0,1732887,1.0,7,,1.0,0.0,1.0,A01,138Â 199Â 535,1.0
1015169,201900056700,11,30,19:50,3,1,1,1.0,2.0,93005,AUTOROUTE A3,M,"48,9527100","2,4741600",93,2019,90.0,1.0,1.0,1.0,2270350,3.0,2,4,2,0.0,,-1.0, -1,1980.0,B01,138Â 199Â 531,1.0,0.0,-1.0,1732886,1.0,7,,0.0,2.0,4.0,B01,138Â 199Â 531,1.0
1015169,201900056700,11,30,19:50,3,1,1,1.0,2.0,93005,AUTOROUTE A3,M,"48,9527100","2,4741600",93,2019,90.0,1.0,1.0,1.0,2270350,3.0,2,4,2,0.0,,-1.0, -1,1980.0,B01,138Â 199Â 531,1.0,0.0,-1.0,1732887,1.0,7,,1.0,0.0,1.0,A01,138Â 199Â 535,1.0
1015169,201900056700,11,30,19:50,3,1,1,1.0,2.0,93005,AUTOROUTE A3,M,"48,9527100","2,4741600",93,2019,90.0,1.0,1.0,1.0,2270351,2.0,2,4,2,0.0,,-1.0, -1,1988.0,B01,138Â 199Â 531,1.0,0.0,-1.0,1732886,1.0,7,,0.0,2.0,4.0,B01,138Â 199Â 531,1.0
1015169,201900056700,11,30,19:50,3,1,1,1.0,2.0,93005,AUTOROUTE A3,M,"48,9527100","2,4741600",93,2019,90.0,1.0,1.0,1.0,2270351,2.0,2,4,2,0.0,,-1.0, -1,1988.0,B01,138Â 199Â 531,1.0,0.0,-1.0,1732887,1.0,7,,1.0,0.0,1.0,A01,138Â 199Â 535,1.0
1015169,201900056700,11,30,19:50,3,1,1,1.0,2.0,93005,AUTOROUTE A3,M,"48,9527100","2,4741600",93,2019,90.0,1.0,1.0,1.0,2270352,1.0,1,1,1,0.0,,-1.0, -1,1982.0,A01,138Â 199Â 535,1.0,0.0,-1.0,1732886,1.0,7,,0.0,2.0,4.0,B01,138Â 199Â 531,1.0
1015169,201900056700,11,30,19:50,3,1,1,1.0,2.0,93005,AUTOROUTE A3,M,"48,9527100","2,4741600",93,2019,90.0,1.0,1.0,1.0,2270352,1.0,1,1,1,0.0,,-1.0, -1,1982.0,A01,138Â 199Â 535,1.0,0.0,-1.0,1732887,1.0,7,,1.0,0.0,1.0,A01,138Â 199Â 535,1.0
1015170,201900056701,5,9,18:35,1,1,3,1.0,1.0,34189,INTERSECTION D 11 - D52 E3,M,"43,2666380","2,7421360",34,2019,80.0,1.0,1.0,3.0,2270353,1.0,1,3,1,1.0,,0.0,0,1961.0,B01,138Â 199Â 532,2.0,-1.0,-1.0,1732888,2.0,33,,0.0,2.0,1.0,B01,138Â 199Â 532,1.0
1015170,201900056701,5,9,18:35,1,1,3,1.0,1.0,34189,INTERSECTION D 11 - D52 E3,M,"43,2666380","2,7421360",34,2019,80.0,1.0,1.0,3.0,2270353,1.0,1,3,1,1.0,,0.0,0,1961.0,B01,138Â 199Â 532,2.0,-1.0,-1.0,1732889,0.0,7,,0.0,2.0,1.0,A01,138Â 199Â 533,1.0
1015170,201900056701,5,9,18:35,1,1,3,1.0,1.0,34189,INTERSECTION D 11 - D52 E3,M,"43,2666380","2,7421360",34,2019,80.0,1.0,1.0,3.0,2270354,1.0,1,4,1,5.0,,0.0,0,1961.0,A01,138Â 199Â 533,1.0,-1.0,-1.0,1732888,2.0,33,,0.0,2.0,1.0,B01,138Â 199Â 532,1.0
1015170,201900056701,5,9,18:35,1,1,3,1.0,1.0,34189,INTERSECTION D 11 - D52 E3,M,"43,2666380","2,7421360",34,2019,80.0,1.0,1.0,3.0,2270354,1.0,1,4,1,5.0,,0.0,0,1961.0,A01,138Â 199Â 533,1.0,-1.0,-1.0,1732889,0.0,7,,0.0,2.0,1.0,A01,138Â 199Â 533,1.0
1015170,201900056701,5,9,18:35,1,1,3,1.0,1.0,34189,INTERSECTION D 11 - D52 E3,M,"43,2666380","2,7421360",34,2019,80.0,1.0,1.0,3.0,2270355,2.0,2,4,2,5.0,,0.0,0,1966.0,A01,138Â 199Â 533,1.0,-1.0,-1.0,1732888,2.0,33,,0.0,2.0,1.0,B01,138Â 199Â 532,1.0
1015170,201900056701,5,9,18:35,1,1,3,1.0,1.0,34189,INTERSECTION D 11 - D52 E3,M,"43,2666380","2,7421360",34,2019,80.0,1.0,1.0,3.0,2270355,2.0,2,4,2,5.0,,0.0,0,1966.0,A01,138Â 199Â 533,1.0,-1.0,-1.0,1732889,0.0,7,,0.0,2.0,1.0,A01,138Â 199Â 533,1.0
1015171,201900056702,6,7,11:00,1,2,1,2.0,2.0,75116,BOULEVARD FLANDRIN,M,"48,8670540","2,2730700",75,2019,50.0,1.0,2.0,4.0,2270356,1.0,1,4,2,9.0,,0.0,0,1993.0,B01,138Â 199Â 529,1.0,0.0,-1.0,1732890,1.0,7,,0.0,2.0,4.0,B01,138Â 199Â 529,1.0
1015171,201900056702,6,7,11:00,1,2,1,2.0,2.0,75116,BOULEVARD FLANDRIN,M,"48,8670540","2,2730700",75,2019,50.0,1.0,2.0,4.0,2270356,1.0,1,4,2,9.0,,0.0,0,1993.0,B01,138Â 199Â 529,1.0,0.0,-1.0,1732891,1.0,7,,0.0,2.0,1.0,A01,138Â 199Â 530,1.0
1015171,201900056702,6,7,11:00,1,2,1,2.0,2.0,75116,BOULEVARD FLANDRIN,M,"48,8670540","2,2730700",75,2019,50.0,1.0,2.0,4.0,2270357,1.0,1,1,1,4.0,,0.0,0,1966.0,A01,138Â 199Â 530,1.0,0.0,-1.0,1732890,1.0,7,,0.0,2.0,4.0,B01,138Â 199Â 529,1.0
1015171,201900056702,6,7,11:00,1,2,1,2.0,2.0,75116,BOULEVARD FLANDRIN,M,"48,8670540","2,2730700",75,2019,50.0,1.0,2.0,4.0,2270357,1.0,1,1,1,4.0,,0.0,0,1966.0,A01,138Â 199Â 530,1.0,0.0,-1.0,1732891,1.0,7,,0.0,2.0,1.0,A01,138Â 199Â 530,1.0
1015172,201900056703,11,30,19:15,3,1,1,1.0,4.0,95306,AUTOROUTE A15,M,"48,9954300","2,1822100",95,2019,110.0,1.0,1.0,1.0,2270358,1.0,1,1,1,5.0,,-1.0,0,1965.0,A01,138Â 199Â 524,1.0,0.0,-1.0,1732892,2.0,10,,0.0,2.0,1.0,A01,138Â 199Â 524,1.0
1015172,201900056703,11,30,19:15,3,1,1,1.0,4.0,95306,AUTOROUTE A15,M,"48,9954300","2,1822100",95,2019,110.0,1.0,1.0,1.0,2270358,1.0,1,1,1,5.0,,-1.0,0,1965.0,A01,138Â 199Â 524,1.0,0.0,-1.0,1732893,2.0,7,,0.0,2.0,4.0,B01,138Â 199Â 527,1.0
1015172,201900056703,11,30,19:15,3,1,1,1.0,4.0,95306,AUTOROUTE A15,M,"48,9954300","2,1822100",95,2019,110.0,1.0,1.0,1.0,2270358,1.0,1,1,1,5.0,,-1.0,0,1965.0,A01,138Â 199Â 524,1.0,0.0,-1.0,1732894,2.0,7,,0.0,2.0,4.0,C01,138Â 199Â 528,1.0
1015172,201900056703,11,30,19:15,3,1,1,1.0,4.0,95306,AUTOROUTE A15,M,"48,9954300","2,1822100",95,2019,110.0,1.0,1.0,1.0,2270359,1.0,1,4,1,5.0,,-1.0,0,1989.0,B01,138Â 199Â 527,1.0,0.0,-1.0,1732892,2.0,10,,0.0,2.0,1.0,A01,138Â 199Â 524,1.0
1015172,201900056703,11,30,19:15,3,1,1,1.0,4.0,95306,AUTOROUTE A15,M,"48,9954300","2,1822100",95,2019,110.0,1.0,1.0,1.0,2270359,1.0,1,4,1,5.0,,-1.0,0,1989.0,B01,138Â 199Â 527,1.0,0.0,-1.0,1732893,2.0,7,,0.0,2.0,4.0,B01,138Â 199Â 527,1.0
1015172,201900056703,11,30,19:15,3,1,1,1.0,4.0,95306,AUTOROUTE A15,M,"48,9954300","2,1822100",95,2019,110.0,1.0,1.0,1.0,2270359,1.0,1,4,1,5.0,,-1.0,0,1989.0,B01,138Â 199Â 527,1.0,0.0,-1.0,1732894,2.0,7,,0.0,2.0,4.0,C01,138Â 199Â 528,1.0
1015172,201900056703,11,30,19:15,3,1,1,1.0,4.0,95306,AUTOROUTE A15,M,"48,9954300","2,1822100",95,2019,110.0,1.0,1.0,1.0,2270360,3.0,2,4,1,5.0,,-1.0,0,2017.0,B01,138Â 199Â 527,3.0,0.0,-1.0,1732892,2.0,10,,0.0,2.0,1.0,A01,138Â 199Â 524,1.0
1015172,201900056703,11,30,19:15,3,1,1,1.0,4.0,95306,AUTOROUTE A15,M,"48,9954300","2,1822100",95,2019,110.0,1.0,1.0,1.0,2270360,3.0,2,4,1,5.0,,-1.0,0,2017.0,B01,138Â 199Â 527,3.0,0.0,-1.0,1732893,2.0,7,,0.0,2.0,4.0,B01,138Â 199Â 527,1.0
1015172,201900056703,11,30,19:15,3,1,1,1.0,4.0,95306,AUTOROUTE A15,M,"48,9954300","2,1822100",95,2019,110.0,1.0,1.0,1.0,2270360,3.0,2,4,1,5.0,,-1.0,0,2017.0,B01,138Â 199Â 527,3.0,0.0,-1.0,1732894,2.0,7,,0.0,2.0,4.0,C01,138Â 199Â 528,1.0
1015172,201900056703,11,30,19:15,3,1,1,1.0,4.0,95306,AUTOROUTE A15,M,"48,9954300","2,1822100",95,2019,110.0,1.0,1.0,1.0,2270361,2.0,2,4,2,5.0,,-1.0,0,1994.0,B01,138Â 199Â 527,1.0,0.0,-1.0,1732892,2.0,10,,0.0,2.0,1.0,A01,138Â 199Â 524,1.0
1015172,201900056703,11,30,19:15,3,1,1,1.0,4.0,95306,AUTOROUTE A15,M,"48,9954300","2,1822100",95,2019,110.0,1.0,1.0,1.0,2270361,2.0,2,4,2,5.0,,-1.0,0,1994.0,B01,138Â 199Â 527,1.0,0.0,-1.0,1732893,2.0,7,,0.0,2.0,4.0,B01,138Â 199Â 527,1.0
1015172,201900056703,11,30,19:15,3,1,1,1.0,4.0,95306,AUTOROUTE A15,M,"48,9954300","2,1822100",95,2019,110.0,1.0,1.0,1.0,2270361,2.0,2,4,2,5.0,,-1.0,0,1994.0,B01,138Â 199Â 527,1.0,0.0,-1.0,1732894,2.0,7,,0.0,2.0,4.0,C01,138Â 199Â 528,1.0
1015172,201900056703,11,30,19:15,3,1,1,1.0,4.0,95306,AUTOROUTE A15,M,"48,9954300","2,1822100",95,2019,110.0,1.0,1.0,1.0,2270362,4.0,2,4,1,5.0,,-1.0,0,2013.0,B01,138Â 199Â 527,3.0,0.0,-1.0,1732892,2.0,10,,0.0,2.0,1.0,A01,138Â 199Â 524,1.0
1015172,201900056703,11,30,19:15,3,1,1,1.0,4.0,95306,AUTOROUTE A15,M,"48,9954300","2,1822100",95,2019,110.0,1.0,1.0,1.0,2270362,4.0,2,4,1,5.0,,-1.0,0,2013.0,B01,138Â 199Â 527,3.0,0.0,-1.0,1732893,2.0,7,,0.0,2.0,4.0,B01,138Â 199Â 527,1.0
1015172,201900056703,11,30,19:15,3,1,1,1.0,4.0,95306,AUTOROUTE A15,M,"48,9954300","2,1822100",95,2019,110.0,1.0,1.0,1.0,2270362,4.0,2,4,1,5.0,,-1.0,0,2013.0,B01,138Â 199Â 527,3.0,0.0,-1.0,1732894,2.0,7,,0.0,2.0,4.0,C01,138Â 199Â 528,1.0
1015172,201900056703,11,30,19:15,3,1,1,1.0,4.0,95306,AUTOROUTE A15,M,"48,9954300","2,1822100",95,2019,110.0,1.0,1.0,1.0,2270363,1.0,1,1,1,5.0,,-1.0,0,1967.0,C01,138Â 199Â 528,1.0,0.0,-1.0,1732892,2.0,10,,0.0,2.0,1.0,A01,138Â 199Â 524,1.0
1015172,201900056703,11,30,19:15,3,1,1,1.0,4.0,95306,AUTOROUTE A15,M,"48,9954300","2,1822100",95,2019,110.0,1.0,1.0,1.0,2270363,1.0,1,1,1,5.0,,-1.0,0,1967.0,C01,138Â 199Â 528,1.0,0.0,-1.0,1732893,2.0,7,,0.0,2.0,4.0,B01,138Â 199Â 527,1.0
1015172,201900056703,11,30,19:15,3,1,1,1.0,4.0,95306,AUTOROUTE A15,M,"48,9954300","2,1822100",95,2019,110.0,1.0,1.0,1.0,2270363,1.0,1,1,1,5.0,,-1.0,0,1967.0,C01,138Â 199Â 528,1.0,0.0,-1.0,1732894,2.0,7,,0.0,2.0,4.0,C01,138Â 199Â 528,1.0
1015173,201900056704,5,9,15:30,1,1,1,1.0,7.0,34141,D272,M,"43,2894150","2,6467250",34,2019,80.0,1.0,1.0,3.0,2270364,2.0,2,1,1,5.0,,0.0,0,1974.0,A01,138Â 199Â 526,1.0,-1.0,-1.0,1732895,2.0,7,,0.0,0.0,0.0,A01,138Â 199Â 526,6.0
1015173,201900056704,5,9,15:30,1,1,1,1.0,7.0,34141,D272,M,"43,2894150","2,6467250",34,2019,80.0,1.0,1.0,3.0,2270365,9.0,2,4,1,5.0,,0.0,0,2010.0,A01,138Â 199Â 526,1.0,-1.0,-1.0,1732895,2.0,7,,0.0,0.0,0.0,A01,138Â 199Â 526,6.0
1015173,201900056704,5,9,15:30,1,1,1,1.0,7.0,34141,D272,M,"43,2894150","2,6467250",34,2019,80.0,1.0,1.0,3.0,2270366,7.0,2,4,1,5.0,,0.0,0,2013.0,A01,138Â 199Â 526,1.0,-1.0,-1.0,1732895,2.0,7,,0.0,0.0,0.0,A01,138Â 199Â 526,6.0
1015173,201900056704,5,9,15:30,1,1,1,1.0,7.0,34141,D272,M,"43,2894150","2,6467250",34,2019,80.0,1.0,1.0,3.0,2270367,1.0,1,4,2,5.0,,0.0,0,1989.0,A01,138Â 199Â 526,1.0,-1.0,-1.0,1732895,2.0,7,,0.0,0.0,0.0,A01,138Â 199Â 526,6.0
1015173,201900056704,5,9,15:30,1,1,1,1.0,7.0,34141,D272,M,"43,2894150","2,6467250",34,2019,80.0,1.0,1.0,3.0,2270368,2.0,2,4,1,5.0,,0.0,0,1995.0,A01,138Â 199Â 526,1.0,-1.0,-1.0,1732895,2.0,7,,0.0,0.0,0.0,A01,138Â 199Â 526,6.0
1015173,201900056704,5,9,15:30,1,1,1,1.0,7.0,34141,D272,M,"43,2894150","2,6467250",34,2019,80.0,1.0,1.0,3.0,2270369,8.0,2,4,2,5.0,,0.0,0,2014.0,A01,138Â 199Â 526,1.0,-1.0,-1.0,1732895,2.0,7,,0.0,0.0,0.0,A01,138Â 199Â 526,6.0
1015174,201900056705,6,7,08:35,1,2,1,2.0,3.0,75116,ALLEE DE LONGCHAMP,M,"48,8746810","2,2704240",75,2019,50.0,1.0,2.0,4.0,2270370,1.0,1,1,2,1.0,,0.0,0,1971.0,B01,138Â 199Â 523,1.0,0.0,-1.0,1732896,3.0,7,,0.0,2.0,6.0,B01,138Â 199Â 523,1.0
1015174,201900056705,6,7,08:35,1,2,1,2.0,3.0,75116,ALLEE DE LONGCHAMP,M,"48,8746810","2,2704240",75,2019,50.0,1.0,2.0,4.0,2270370,1.0,1,1,2,1.0,,0.0,0,1971.0,B01,138Â 199Â 523,1.0,0.0,-1.0,1732897,2.0,43,,0.0,2.0,1.0,A01,138Â 199Â 525,1.0
1015174,201900056705,6,7,08:35,1,2,1,2.0,3.0,75116,ALLEE DE LONGCHAMP,M,"48,8746810","2,2704240",75,2019,50.0,1.0,2.0,4.0,2270371,1.0,1,4,1,1.0,,0.0,0,1972.0,A01,138Â 199Â 525,2.0,6.0,-1.0,1732896,3.0,7,,0.0,2.0,6.0,B01,138Â 199Â 523,1.0
1015174,201900056705,6,7,08:35,1,2,1,2.0,3.0,75116,ALLEE DE LONGCHAMP,M,"48,8746810","2,2704240",75,2019,50.0,1.0,2.0,4.0,2270371,1.0,1,4,1,1.0,,0.0,0,1972.0,A01,138Â 199Â 525,2.0,6.0,-1.0,1732897,2.0,43,,0.0,2.0,1.0,A01,138Â 199Â 525,1.0
1015175,201900056706,2,15,03:10,5,2,1,1.0,2.0,13213,JEAN PAUL SARTRE (AVENUE),M,"43,3235200","5,4194700",13,2019,90.0,1.0,1.0,4.0,2270372,1.0,1,4,1,0.0,,0.0,0,1995.0,B01,138Â 199Â 550,1.0,0.0,-1.0,1732898,3.0,7,,3.0,0.0,4.0,Z01,138Â 199Â 549,1.0
1015175,201900056706,2,15,03:10,5,2,1,1.0,2.0,13213,JEAN PAUL SARTRE (AVENUE),M,"43,3235200","5,4194700",13,2019,90.0,1.0,1.0,4.0,2270372,1.0,1,4,1,0.0,,0.0,0,1995.0,B01,138Â 199Â 550,1.0,0.0,-1.0,1732899,3.0,7,,3.0,0.0,4.0,B01,138Â 199Â 550,1.0
1015176,201900056707,6,6,23:00,5,2,4,1.0,3.0,75116,AVENUE DE LA PORTE DE SAINT CLOUD,M,"48,8386380","2,2546580",75,2019,50.0,1.0,1.0,4.0,2270373,1.0,1,1,1,9.0,,0.0,0,1953.0,B01,138Â 199Â 517,1.0,8.0,-1.0,1732900,1.0,10,,0.0,2.0,5.0,B01,138Â 199Â 517,1.0
1015176,201900056707,6,6,23:00,5,2,4,1.0,3.0,75116,AVENUE DE LA PORTE DE SAINT CLOUD,M,"48,8386380","2,2546580",75,2019,50.0,1.0,1.0,4.0,2270373,1.0,1,1,1,9.0,,0.0,0,1953.0,B01,138Â 199Â 517,1.0,8.0,-1.0,1732901,1.0,32,,0.0,2.0,1.0,A01,138Â 199Â 519,1.0