Unnamed: 0_x,num_acc,mois,jour,hrmn,lum,agg,int,atm,col,com,adr,gps,lat,long,dep,annee,vma,situ,surf,catr,Unnamed: 0_y,place,catu,grav,sexe,trajet,secu,locp,actp,an_nais,num_veh_x,id_vehicule_x,secu1,secu2,secu3,Unnamed: 0,senc,catv,occutc,obs,obsm,choc,num_veh_y,id_vehicule_y,motor
1015176,201900056707,6,6,23:00,5,2,4,1.0,3.0,75116,AVENUE DE LA PORTE DE SAINT CLOUD,M,"48,8386380","2,2546580",75,2019,50.0,1.0,1.0,4.0,2270374,1.0,1,4,1,9.0,,0.0,0,1988.0,A01,138Â 199Â 519,2.0,6.0,-1.0,1732900,1.0,10,,0.0,2.0,5.0,B01,138Â 199Â 517,1.0
1015176,201900056707,6,6,23:00,5,2,4,1.0,3.0,75116,AVENUE DE LA PORTE DE SAINT CLOUD,M,"48,8386380","2,2546580",75,2019,50.0,1.0,1.0,4.0,2270374,1.0,1,4,1,9.0,,0.0,0,1988.0,A01,138Â 199Â 519,2.0,6.0,-1.0,1732901,1.0,32,,0.0,2.0,1.0,A01,138Â 199Â 519,1.0
1015177,201900056708,2,14,08:45,1,2,1,1.0,3.0,13209,GUSTAVE GANAY (BOULEVARD),M,"43,2657350","5,3992970",13,2019,50.0,1.0,1.0,4.0,2270375,1.0,1,4,2,1.0,,-1.0, -1,1985.0,B01,138Â 199Â 516,1.0,0.0,-1.0,1732902,0.0,7,,0.0,2.0,2.0,B01,138Â 199Â 516,0.0
1015177,201900056708,2,14,08:45,1,2,1,1.0,3.0,13209,GUSTAVE GANAY (BOULEVARD),M,"43,2657350","5,3992970",13,2019,50.0,1.0,1.0,4.0,2270375,1.0,1,4,2,1.0,,-1.0, -1,1985.0,B01,138Â 199Â 516,1.0,0.0,-1.0,1732903,1.0,7,,0.0,2.0,8.0,A01,138Â 199Â 518,0.0
1015177,201900056708,2,14,08:45,1,2,1,1.0,3.0,13209,GUSTAVE GANAY (BOULEVARD),M,"43,2657350","5,3992970",13,2019,50.0,1.0,1.0,4.0,2270376,1.0,1,1,1,1.0,,0.0,0,1999.0,A01,138Â 199Â 518,1.0,8.0,-1.0,1732902,0.0,7,,0.0,2.0,2.0,B01,138Â 199Â 516,0.0
1015177,201900056708,2,14,08:45,1,2,1,1.0,3.0,13209,GUSTAVE GANAY (BOULEVARD),M,"43,2657350","5,3992970",13,2019,50.0,1.0,1.0,4.0,2270376,1.0,1,1,1,1.0,,0.0,0,1999.0,A01,138Â 199Â 518,1.0,8.0,-1.0,1732903,1.0,7,,0.0,2.0,8.0,A01,138Â 199Â 518,0.0
1015178,201900056709,2,14,05:30,5,2,1,1.0,6.0,13204,CASSINI (BOULEVARD),M,"43,3061590","5,3965180",13,2019,50.0,1.0,1.0,4.0,2270377,1.0,1,3,1,1.0,,-1.0, -1,1971.0,A01,138Â 199Â 514,8.0,8.0,-1.0,1732904,2.0,32,,0.0,0.0,0.0,A01,138Â 199Â 514,1.0
1015179,201900056710,6,6,21:00,1,2,4,1.0,6.0,75116,BOULEVARD PERIPHERIQUE EXTERIEUR OUEST,M,"48,8657080","2,2679890",75,2019,70.0,1.0,1.0,4.0,2270378,1.0,1,4,1,9.0,,0.0,0,1989.0,A01,138Â 199Â 512,2.0,8.0,-1.0,1732905,3.0,32,,0.0,2.0,3.0,A01,138Â 199Â 512,1.0
1015179,201900056710,6,6,21:00,1,2,4,1.0,6.0,75116,BOULEVARD PERIPHERIQUE EXTERIEUR OUEST,M,"48,8657080","2,2679890",75,2019,70.0,1.0,1.0,4.0,2270378,1.0,1,4,1,9.0,,0.0,0,1989.0,A01,138Â 199Â 512,2.0,8.0,-1.0,1732906,3.0,7,,0.0,2.0,6.0,B01,138Â 199Â 513,1.0
1015179,201900056710,6,6,21:00,1,2,4,1.0,6.0,75116,BOULEVARD PERIPHERIQUE EXTERIEUR OUEST,M,"48,8657080","2,2679890",75,2019,70.0,1.0,1.0,4.0,2270378,1.0,1,4,1,9.0,,0.0,0,1989.0,A01,138Â 199Â 512,2.0,8.0,-1.0,1732907,3.0,7,,0.0,2.0,7.0,Z01,138Â 199Â 515,1.0
1015179,201900056710,6,6,21:00,1,2,4,1.0,6.0,75116,BOULEVARD PERIPHERIQUE EXTERIEUR OUEST,M,"48,8657080","2,2679890",75,2019,70.0,1.0,1.0,4.0,2270379,1.0,1,1,1,9.0,,0.0,0,1982.0,B01,138Â 199Â 513,1.0,8.0,-1.0,1732905,3.0,32,,0.0,2.0,3.0,A01,138Â 199Â 512,1.0
1015179,201900056710,6,6,21:00,1,2,4,1.0,6.0,75116,BOULEVARD PERIPHERIQUE EXTERIEUR OUEST,M,"48,8657080","2,2679890",75,2019,70.0,1.0,1.0,4.0,2270379,1.0,1,1,1,9.0,,0.0,0,1982.0,B01,138Â 199Â 513,1.0,8.0,-1.0,1732906,3.0,7,,0.0,2.0,6.0,B01,138Â 199Â 513,1.0
1015179,201900056710,6,6,21:00,1,2,4,1.0,6.0,75116,BOULEVARD PERIPHERIQUE EXTERIEUR OUEST,M,"48,8657080","2,2679890",75,2019,70.0,1.0,1.0,4.0,2270379,1.0,1,1,1,9.0,,0.0,0,1982.0,B01,138Â 199Â 513,1.0,8.0,-1.0,1732907,3.0,7,,0.0,2.0,7.0,Z01,138Â 199Â 515,1.0
1015180,201900056711,2,16,14:40,1,1,3,1.0,2.0,13047,R.N 569,M,"43,5499100","4,9733200",13,2019,80.0,1.0,1.0,3.0,2270380,1.0,1,4,2,5.0,,-1.0, -1,1967.0,A01,138Â 199Â 510,1.0,0.0,-1.0,1732908,3.0,7,,1.0,2.0,4.0,A01,138Â 199Â 510,6.0
1015180,201900056711,2,16,14:40,1,1,3,1.0,2.0,13047,R.N 569,M,"43,5499100","4,9733200",13,2019,80.0,1.0,1.0,3.0,2270380,1.0,1,4,2,5.0,,-1.0, -1,1967.0,A01,138Â 199Â 510,1.0,0.0,-1.0,1732909,3.0,7,,1.0,2.0,1.0,B01,138Â 199Â 511,0.0
1015180,201900056711,2,16,14:40,1,1,3,1.0,2.0,13047,R.N 569,M,"43,5499100","4,9733200",13,2019,80.0,1.0,1.0,3.0,2270381,1.0,1,4,2,5.0,,-1.0, -1,1968.0,B01,138Â 199Â 511,1.0,0.0,-1.0,1732908,3.0,7,,1.0,2.0,4.0,A01,138Â 199Â 510,6.0
1015180,201900056711,2,16,14:40,1,1,3,1.0,2.0,13047,R.N 569,M,"43,5499100","4,9733200",13,2019,80.0,1.0,1.0,3.0,2270381,1.0,1,4,2,5.0,,-1.0, -1,1968.0,B01,138Â 199Â 511,1.0,0.0,-1.0,1732909,3.0,7,,1.0,2.0,1.0,B01,138Â 199Â 511,0.0
1015181,201900056712,6,5,18:00,2,2,1,3.0,3.0,75116,RUE LEKAIN,M,"48,8566240","2,2784770",75,2019,30.0,1.0,2.0,4.0,2270382,1.0,1,4,1,5.0,,0.0,0,1994.0,A01,138Â 199Â 507,2.0,6.0,-1.0,1732910,2.0,34,,0.0,2.0,1.0,A01,138Â 199Â 507,1.0
1015181,201900056712,6,5,18:00,2,2,1,3.0,3.0,75116,RUE LEKAIN,M,"48,8566240","2,2784770",75,2019,30.0,1.0,2.0,4.0,2270382,1.0,1,4,1,5.0,,0.0,0,1994.0,A01,138Â 199Â 507,2.0,6.0,-1.0,1732911,2.0,7,,0.0,2.0,7.0,B01,138Â 199Â 508,1.0
1015181,201900056712,6,5,18:00,2,2,1,3.0,3.0,75116,RUE LEKAIN,M,"48,8566240","2,2784770",75,2019,30.0,1.0,2.0,4.0,2270383,1.0,1,1,1,4.0,,0.0,0,1966.0,B01,138Â 199Â 508,1.0,0.0,-1.0,1732910,2.0,34,,0.0,2.0,1.0,A01,138Â 199Â 507,1.0
1015181,201900056712,6,5,18:00,2,2,1,3.0,3.0,75116,RUE LEKAIN,M,"48,8566240","2,2784770",75,2019,30.0,1.0,2.0,4.0,2270383,1.0,1,1,1,4.0,,0.0,0,1966.0,B01,138Â 199Â 508,1.0,0.0,-1.0,1732911,2.0,7,,0.0,2.0,7.0,B01,138Â 199Â 508,1.0
1015182,201900056713,2,13,12:24,1,2,3,1.0,3.0,13005,NATIONALE 8,M,"43,2877800","5,5789700",13,2019,50.0,1.0,1.0,3.0,2270384,1.0,1,4,1,5.0,,-1.0, -1,1980.0,B01,138Â 199Â 506,1.0,8.0,-1.0,1732912,2.0,10,,8.0,2.0,5.0,B01,138Â 199Â 506,1.0
1015182,201900056713,2,13,12:24,1,2,3,1.0,3.0,13005,NATIONALE 8,M,"43,2877800","5,5789700",13,2019,50.0,1.0,1.0,3.0,2270384,1.0,1,4,1,5.0,,-1.0, -1,1980.0,B01,138Â 199Â 506,1.0,8.0,-1.0,1732913,2.0,10,,0.0,2.0,1.0,A01,138Â 199Â 509,1.0
1015182,201900056713,2,13,12:24,1,2,3,1.0,3.0,13005,NATIONALE 8,M,"43,2877800","5,5789700",13,2019,50.0,1.0,1.0,3.0,2270385,1.0,1,1,1,5.0,,-1.0, -1,1969.0,A01,138Â 199Â 509,1.0,8.0,-1.0,1732912,2.0,10,,8.0,2.0,5.0,B01,138Â 199Â 506,1.0
1015182,201900056713,2,13,12:24,1,2,3,1.0,3.0,13005,NATIONALE 8,M,"43,2877800","5,5789700",13,2019,50.0,1.0,1.0,3.0,2270385,1.0,1,1,1,5.0,,-1.0, -1,1969.0,A01,138Â 199Â 509,1.0,8.0,-1.0,1732913,2.0,10,,0.0,2.0,1.0,A01,138Â 199Â 509,1.0
1015183,201900056714,6,5,17:00,1,2,1,2.0,6.0,75116,RUE RAYNOUARD,M,"48,8541480","2,2780790",75,2019,50.0,1.0,2.0,4.0,2270386,1.0,1,4,1,4.0,,0.0,0,1974.0,A01,138Â 199Â 505,8.0,0.0,-1.0,1732914,0.0,1,,1.0,0.0,2.0,A01,138Â 199Â 505,5.0
1015184,201900056715,2,17,15:45,1,2,1,1.0,3.0,13001,RD 7N,M,"43,5622400","5,4090000",13,2019,70.0,1.0,1.0,3.0,2270387,1.0,1,1,2,0.0,,-1.0, -1,1951.0,A01,138Â 199Â 503,1.0,0.0,-1.0,1732915,3.0,13,,0.0,2.0,3.0,A01,138Â 199Â 503,1.0
1015184,201900056715,2,17,15:45,1,2,1,1.0,3.0,13001,RD 7N,M,"43,5622400","5,4090000",13,2019,70.0,1.0,1.0,3.0,2270387,1.0,1,1,2,0.0,,-1.0, -1,1951.0,A01,138Â 199Â 503,1.0,0.0,-1.0,1732916,2.0,33,,0.0,2.0,1.0,B01,138Â 199Â 504,1.0
1015184,201900056715,2,17,15:45,1,2,1,1.0,3.0,13001,RD 7N,M,"43,5622400","5,4090000",13,2019,70.0,1.0,1.0,3.0,2270388,1.0,1,4,1,5.0,,-1.0, -1,1968.0,B01,138Â 199Â 504,2.0,8.0,-1.0,1732915,3.0,13,,0.0,2.0,3.0,A01,138Â 199Â 503,1.0
1015184,201900056715,2,17,15:45,1,2,1,1.0,3.0,13001,RD 7N,M,"43,5622400","5,4090000",13,2019,70.0,1.0,1.0,3.0,2270388,1.0,1,4,1,5.0,,-1.0, -1,1968.0,B01,138Â 199Â 504,2.0,8.0,-1.0,1732916,2.0,33,,0.0,2.0,1.0,B01,138Â 199Â 504,1.0
1015185,201900056716,5,9,11:20,1,1,1,1.0,6.0,34081,D612E2,M,"43,3107430","3,1565660",34,2019,80.0,1.0,1.0,3.0,2270389,1.0,1,1,1,5.0,,0.0,0,1947.0,A01,138Â 199Â 502,1.0,-1.0,-1.0,1732917,2.0,10,,0.0,0.0,0.0,A01,138Â 199Â 502,1.0
1015185,201900056716,5,9,11:20,1,1,1,1.0,6.0,34081,D612E2,M,"43,3107430","3,1565660",34,2019,80.0,1.0,1.0,3.0,2270389,1.0,1,1,1,5.0,,0.0,0,1947.0,A01,138Â 199Â 502,1.0,-1.0,-1.0,1732918,1.0,31,,0.0,0.0,0.0,B01,138Â 199Â 520,1.0
1015185,201900056716,5,9,11:20,1,1,1,1.0,6.0,34081,D612E2,M,"43,3107430","3,1565660",34,2019,80.0,1.0,1.0,3.0,2270390,1.0,1,3,1,5.0,,0.0,0,1950.0,B01,138Â 199Â 520,2.0,-1.0,-1.0,1732917,2.0,10,,0.0,0.0,0.0,A01,138Â 199Â 502,1.0
1015185,201900056716,5,9,11:20,1,1,1,1.0,6.0,34081,D612E2,M,"43,3107430","3,1565660",34,2019,80.0,1.0,1.0,3.0,2270390,1.0,1,3,1,5.0,,0.0,0,1950.0,B01,138Â 199Â 520,2.0,-1.0,-1.0,1732918,1.0,31,,0.0,0.0,0.0,B01,138Â 199Â 520,1.0
1015186,201900056717,2,17,01:45,4,1,1,1.0,2.0,13001,RD 7,M,"43,5428200","5,4315200",13,2019,90.0,1.0,1.0,3.0,2270391,1.0,1,3,1,0.0,,0.0,0,1996.0,B01,138Â 199Â 499,8.0,0.0,-1.0,1732919,0.0,7,,1.0,0.0,0.0,A01,138Â 199Â 498,0.0
1015186,201900056717,2,17,01:45,4,1,1,1.0,2.0,13001,RD 7,M,"43,5428200","5,4315200",13,2019,90.0,1.0,1.0,3.0,2270391,1.0,1,3,1,0.0,,0.0,0,1996.0,B01,138Â 199Â 499,8.0,0.0,-1.0,1732920,0.0,7,,0.0,2.0,3.0,B01,138Â 199Â 499,1.0
1015187,201900056718,6,5,15:30,1,2,1,2.0,3.0,75116,AVENUE KLEBER,M,"48,8658980","2,2895230",75,2019,50.0,1.0,2.0,4.0,2270392,1.0,1,4,1,4.0,,0.0,0,1996.0,A01,138Â 199Â 497,2.0,6.0,-1.0,1732921,2.0,30,,0.0,2.0,1.0,A01,138Â 199Â 497,1.0
1015187,201900056718,6,5,15:30,1,2,1,2.0,3.0,75116,AVENUE KLEBER,M,"48,8658980","2,2895230",75,2019,50.0,1.0,2.0,4.0,2270392,1.0,1,4,1,4.0,,0.0,0,1996.0,A01,138Â 199Â 497,2.0,6.0,-1.0,1732922,2.0,7,,1.0,2.0,2.0,B01,138Â 199Â 500,1.0
1015187,201900056718,6,5,15:30,1,2,1,2.0,3.0,75116,AVENUE KLEBER,M,"48,8658980","2,2895230",75,2019,50.0,1.0,2.0,4.0,2270393,1.0,1,1,2,4.0,,0.0,0,1963.0,B01,138Â 199Â 500,8.0,0.0,-1.0,1732921,2.0,30,,0.0,2.0,1.0,A01,138Â 199Â 497,1.0
1015187,201900056718,6,5,15:30,1,2,1,2.0,3.0,75116,AVENUE KLEBER,M,"48,8658980","2,2895230",75,2019,50.0,1.0,2.0,4.0,2270393,1.0,1,1,2,4.0,,0.0,0,1963.0,B01,138Â 199Â 500,8.0,0.0,-1.0,1732922,2.0,7,,1.0,2.0,2.0,B01,138Â 199Â 500,1.0
1015188,201900056719,12,2,17:05,2,1,1,1.0,4.0,77146,A4.Y,M,"48,8321400","2,6529700",77,2019,110.0,1.0,2.0,1.0,2270394,1.0,1,1,1,1.0,,-1.0,0,1985.0,A01,138Â 199Â 501,1.0,0.0,-1.0,1732923,1.0,10,,0.0,2.0,1.0,A01,138Â 199Â 501,1.0
1015188,201900056719,12,2,17:05,2,1,1,1.0,4.0,77146,A4.Y,M,"48,8321400","2,6529700",77,2019,110.0,1.0,2.0,1.0,2270394,1.0,1,1,1,1.0,,-1.0,0,1985.0,A01,138Â 199Â 501,1.0,0.0,-1.0,1732924,1.0,7,,0.0,2.0,4.0,B01,138Â 199Â 521,1.0
1015188,201900056719,12,2,17:05,2,1,1,1.0,4.0,77146,A4.Y,M,"48,8321400","2,6529700",77,2019,110.0,1.0,2.0,1.0,2270394,1.0,1,1,1,1.0,,-1.0,0,1985.0,A01,138Â 199Â 501,1.0,0.0,-1.0,1732925,1.0,7,,0.0,2.0,5.0,C01,138Â 199Â 522,1.0
1015188,201900056719,12,2,17:05,2,1,1,1.0,4.0,77146,A4.Y,M,"48,8321400","2,6529700",77,2019,110.0,1.0,2.0,1.0,2270395,2.0,2,4,2,5.0,,-1.0,0,1956.0,B01,138Â 199Â 521,1.0,0.0,-1.0,1732923,1.0,10,,0.0,2.0,1.0,A01,138Â 199Â 501,1.0
1015188,201900056719,12,2,17:05,2,1,1,1.0,4.0,77146,A4.Y,M,"48,8321400","2,6529700",77,2019,110.0,1.0,2.0,1.0,2270395,2.0,2,4,2,5.0,,-1.0,0,1956.0,B01,138Â 199Â 521,1.0,0.0,-1.0,1732924,1.0,7,,0.0,2.0,4.0,B01,138Â 199Â 521,1.0
1015188,201900056719,12,2,17:05,2,1,1,1.0,4.0,77146,A4.Y,M,"48,8321400","2,6529700",77,2019,110.0,1.0,2.0,1.0,2270395,2.0,2,4,2,5.0,,-1.0,0,1956.0,B01,138Â 199Â 521,1.0,0.0,-1.0,1732925,1.0,7,,0.0,2.0,5.0,C01,138Â 199Â 522,1.0
1015188,201900056719,12,2,17:05,2,1,1,1.0,4.0,77146,A4.Y,M,"48,8321400","2,6529700",77,2019,110.0,1.0,2.0,1.0,2270396,1.0,1,4,1,5.0,,-1.0,0,1953.0,B01,138Â 199Â 521,1.0,0.0,-1.0,1732923,1.0,10,,0.0,2.0,1.0,A01,138Â 199Â 501,1.0
1015188,201900056719,12,2,17:05,2,1,1,1.0,4.0,77146,A4.Y,M,"48,8321400","2,6529700",77,2019,110.0,1.0,2.0,1.0,2270396,1.0,1,4,1,5.0,,-1.0,0,1953.0,B01,138Â 199Â 521,1.0,0.0,-1.0,1732924,1.0,7,,0.0,2.0,4.0,B01,138Â 199Â 521,1.0
1015188,201900056719,12,2,17:05,2,1,1,1.0,4.0,77146,A4.Y,M,"48,8321400","2,6529700",77,2019,110.0,1.0,2.0,1.0,2270396,1.0,1,4,1,5.0,,-1.0,0,1953.0,B01,138Â 199Â 521,1.0,0.0,-1.0,1732925,1.0,7,,0.0,2.0,5.0,C01,138Â 199Â 522,1.0
1015188,201900056719,12,2,17:05,2,1,1,1.0,4.0,77146,A4.Y,M,"48,8321400","2,6529700",77,2019,110.0,1.0,2.0,1.0,2270397,1.0,1,1,1,5.0,,-1.0,0,1976.0,C01,138Â 199Â 522,1.0,0.0,-1.0,1732923,1.0,10,,0.0,2.0,1.0,A01,138Â 199Â 501,1.0
1015188,201900056719,12,2,17:05,2,1,1,1.0,4.0,77146,A4.Y,M,"48,8321400","2,6529700",77,2019,110.0,1.0,2.0,1.0,2270397,1.0,1,1,1,5.0,,-1.0,0,1976.0,C01,138Â 199Â 522,1.0,0.0,-1.0,1732924,1.0,7,,0.0,2.0,4.0,B01,138Â 199Â 521,1.0
1015188,201900056719,12,2,17:05,2,1,1,1.0,4.0,77146,A4.Y,M,"48,8321400","2,6529700",77,2019,110.0,1.0,2.0,1.0,2270397,1.0,1,1,1,5.0,,-1.0,0,1976.0,C01,138Â 199Â 522,1.0,0.0,-1.0,1732925,1.0,7,,0.0,2.0,5.0,C01,138Â 199Â 522,1.0
1015189,201900056720,6,5,14:40,1,2,2,3.0,6.0,75116,AVENUE GEORGES MANDEL,M,"48,8639590","2,2773510",75,2019,50.0,1.0,2.0,4.0,2270398,1.0,1,1,1,4.0,,0.0,0,1965.0,A01,138Â 199Â 494,1.0,0.0,-1.0,1732926,2.0,7,,0.0,1.0,1.0,A01,138Â 199Â 494,1.0
1015189,201900056720,6,5,14:40,1,2,2,3.0,6.0,75116,AVENUE GEORGES MANDEL,M,"48,8639590","2,2773510",75,2019,50.0,1.0,2.0,4.0,2270399,10.0,3,3,2,5.0,,4.0,3,1995.0,A01,138Â 199Â 494,8.0,0.0,-1.0,1732926,2.0,7,,0.0,1.0,1.0,A01,138Â 199Â 494,1.0
1015190,201900056721,5,25,01:20,3,1,1,1.0,6.0,34276,D17,M,"43,7586070","3,8616610",34,2019,-1.0,3.0,1.0,3.0,2270400,1.0,1,3,2,5.0,,0.0,0,1995.0,A01,138Â 199Â 493,1.0,-1.0,-1.0,1732927,1.0,7,,2.0,0.0,0.0,A01,138Â 199Â 493,0.0
1015191,201900056722,5,19,05:35,3,1,1,1.0,6.0,34242,RD 21,M,"43,7626440","3,9556460",34,2019,80.0,3.0,1.0,3.0,2270401,1.0,1,2,1,5.0,,0.0,0,1992.0,A01,138Â 199Â 489,0.0,-1.0,-1.0,1732928,1.0,7,,2.0,0.0,8.0,A01,138Â 199Â 489,1.0
1015192,201900056723,6,5,11:40,1,2,7,2.0,3.0,75116,PLACE POSSOZ,M,"48,8592430","2,2774180",75,2019,50.0,1.0,2.0,4.0,2270402,1.0,1,1,2,5.0,,0.0,0,1948.0,B01,138Â 199Â 488,1.0,0.0,-1.0,1732929,2.0,7,,0.0,2.0,6.0,B01,138Â 199Â 488,1.0
1015192,201900056723,6,5,11:40,1,2,7,2.0,3.0,75116,PLACE POSSOZ,M,"48,8592430","2,2774180",75,2019,50.0,1.0,2.0,4.0,2270402,1.0,1,1,2,5.0,,0.0,0,1948.0,B01,138Â 199Â 488,1.0,0.0,-1.0,1732930,2.0,2,,0.0,2.0,2.0,A01,138Â 199Â 490,1.0
1015192,201900056723,6,5,11:40,1,2,7,2.0,3.0,75116,PLACE POSSOZ,M,"48,8592430","2,2774180",75,2019,50.0,1.0,2.0,4.0,2270403,1.0,1,4,1,1.0,,0.0,0,1999.0,A01,138Â 199Â 490,2.0,6.0,-1.0,1732929,2.0,7,,0.0,2.0,6.0,B01,138Â 199Â 488,1.0
1015192,201900056723,6,5,11:40,1,2,7,2.0,3.0,75116,PLACE POSSOZ,M,"48,8592430","2,2774180",75,2019,50.0,1.0,2.0,4.0,2270403,1.0,1,4,1,1.0,,0.0,0,1999.0,A01,138Â 199Â 490,2.0,6.0,-1.0,1732930,2.0,2,,0.0,2.0,2.0,A01,138Â 199Â 490,1.0
1015193,201900056724,12,2,10:40,1,1,1,1.0,3.0,94017,A4,M,"48,8265243","2,5170091",94,2019,90.0,1.0,1.0,1.0,2270404,1.0,1,1,1,4.0,,-1.0,0,1990.0,A01,138Â 199Â 486,1.0,8.0,-1.0,1732931,1.0,17,,0.0,0.0,2.0,A01,138Â 199Â 486,1.0
1015193,201900056724,12,2,10:40,1,1,1,1.0,3.0,94017,A4,M,"48,8265243","2,5170091",94,2019,90.0,1.0,1.0,1.0,2270404,1.0,1,1,1,4.0,,-1.0,0,1990.0,A01,138Â 199Â 486,1.0,8.0,-1.0,1732932,1.0,7,,0.0,2.0,8.0,B01,138Â 199Â 487,1.0
1015193,201900056724,12,2,10:40,1,1,1,1.0,3.0,94017,A4,M,"48,8265243","2,5170091",94,2019,90.0,1.0,1.0,1.0,2270405,1.0,1,4,1,1.0,,-1.0,0,1991.0,B01,138Â 199Â 487,1.0,8.0,-1.0,1732931,1.0,17,,0.0,0.0,2.0,A01,138Â 199Â 486,1.0
1015193,201900056724,12,2,10:40,1,1,1,1.0,3.0,94017,A4,M,"48,8265243","2,5170091",94,2019,90.0,1.0,1.0,1.0,2270405,1.0,1,4,1,1.0,,-1.0,0,1991.0,B01,138Â 199Â 487,1.0,8.0,-1.0,1732932,1.0,7,,0.0,2.0,8.0,B01,138Â 199Â 487,1.0
1015194,201900056725,2,15,01:35,5,2,1,1.0,3.0,13001,SOLARI PHILIPPE (AV),M,"43,5364200","5,4447100",13,2019,50.0,1.0,1.0,3.0,2270406,1.0,1,1,1,4.0,,-1.0, -1,1971.0,A01,138Â 199Â 495,1.0,8.0,-1.0,1732933,1.0,10,,0.0,2.0,8.0,A01,138Â 199Â 495,1.0
1015194,201900056725,2,15,01:35,5,2,1,1.0,3.0,13001,SOLARI PHILIPPE (AV),M,"43,5364200","5,4447100",13,2019,50.0,1.0,1.0,3.0,2270406,1.0,1,1,1,4.0,,-1.0, -1,1971.0,A01,138Â 199Â 495,1.0,8.0,-1.0,1732934,1.0,33,,0.0,2.0,1.0,B01,138Â 199Â 496,1.0
1015194,201900056725,2,15,01:35,5,2,1,1.0,3.0,13001,SOLARI PHILIPPE (AV),M,"43,5364200","5,4447100",13,2019,50.0,1.0,1.0,3.0,2270407,1.0,1,3,1,0.0,,-1.0, -1,1977.0,B01,138Â 199Â 496,2.0,8.0,-1.0,1732933,1.0,10,,0.0,2.0,8.0,A01,138Â 199Â 495,1.0
1015194,201900056725,2,15,01:35,5,2,1,1.0,3.0,13001,SOLARI PHILIPPE (AV),M,"43,5364200","5,4447100",13,2019,50.0,1.0,1.0,3.0,2270407,1.0,1,3,1,0.0,,-1.0, -1,1977.0,B01,138Â 199Â 496,2.0,8.0,-1.0,1732934,1.0,33,,0.0,2.0,1.0,B01,138Â 199Â 496,1.0
1015195,201900056726,12,2,07:48,2,1,1,1.0,2.0,93051,A4,M,"48,8358000","2,5634000",93,2019,110.0,1.0,1.0,1.0,2270408,1.0,1,1,1,4.0,,-1.0, -1,1974.0,A01,138Â 199Â 482,1.0,8.0,-1.0,1732935,2.0,10,,0.0,2.0,4.0,A01,138Â 199Â 482,1.0
1015195,201900056726,12,2,07:48,2,1,1,1.0,2.0,93051,A4,M,"48,8358000","2,5634000",93,2019,110.0,1.0,1.0,1.0,2270408,1.0,1,1,1,4.0,,-1.0, -1,1974.0,A01,138Â 199Â 482,1.0,8.0,-1.0,1732936,2.0,33,,0.0,2.0,1.0,B01,138Â 199Â 484,1.0
1015195,201900056726,12,2,07:48,2,1,1,1.0,2.0,93051,A4,M,"48,8358000","2,5634000",93,2019,110.0,1.0,1.0,1.0,2270409,1.0,1,4,1,1.0,,-1.0, -1,1990.0,B01,138Â 199Â 484,2.0,0.0,-1.0,1732935,2.0,10,,0.0,2.0,4.0,A01,138Â 199Â 482,1.0
1015195,201900056726,12,2,07:48,2,1,1,1.0,2.0,93051,A4,M,"48,8358000","2,5634000",93,2019,110.0,1.0,1.0,1.0,2270409,1.0,1,4,1,1.0,,-1.0, -1,1990.0,B01,138Â 199Â 484,2.0,0.0,-1.0,1732936,2.0,33,,0.0,2.0,1.0,B01,138Â 199Â 484,1.0
1015196,201900056727,6,4,12:50,1,2,3,1.0,6.0,75116,AVENUE DE VERSAILLES,M,"48,8500790","2,2764110",75,2019,50.0,1.0,1.0,4.0,2270410,1.0,1,1,1,9.0,,0.0,0,1991.0,A01,138Â 199Â 483,2.0,6.0,-1.0,1732937,1.0,32,,0.0,1.0,1.0,A01,138Â 199Â 483,1.0
1015196,201900056727,6,4,12:50,1,2,3,1.0,6.0,75116,AVENUE DE VERSAILLES,M,"48,8500790","2,2764110",75,2019,50.0,1.0,1.0,4.0,2270411,10.0,3,4,2,5.0,,3.0,3,1965.0,A01,138Â 199Â 483,8.0,0.0,-1.0,1732937,1.0,32,,0.0,1.0,1.0,A01,138Â 199Â 483,1.0
1015197,201900056728,2,16,21:04,5,2,1,1.0,6.0,10081,GENERAL SARRAIL (AVE),M,"48,3028900","4,0288700",10,2019,50.0,1.0,1.0,4.0,2270412,10.0,3,4,2,5.0,,4.0,3,1999.0,A01,138Â 199Â 477,8.0,0.0,-1.0,1732938,3.0,7,,0.0,1.0,1.0,A01,138Â 199Â 477,1.0
1015197,201900056728,2,16,21:04,5,2,1,1.0,6.0,10081,GENERAL SARRAIL (AVE),M,"48,3028900","4,0288700",10,2019,50.0,1.0,1.0,4.0,2270413,1.0,1,1,1,5.0,,-1.0,0,1954.0,A01,138Â 199Â 477,1.0,8.0,-1.0,1732938,3.0,7,,0.0,1.0,1.0,A01,138Â 199Â 477,1.0
1015198,201900056729,11,30,16:15,1,2,1,1.0,6.0,59271,ANCIEN VILLAGE - AVENUE,M,"51,0074100","2,2778900",59,2019,30.0,1.0,1.0,3.0,2270414,10.0,3,3,1,5.0,,5.0,0,1973.0,A01,138Â 199Â 476,8.0,0.0,-1.0,1732939,1.0,37,1.0,0.0,1.0,5.0,A01,138Â 199Â 476,1.0
1015198,201900056729,11,30,16:15,1,2,1,1.0,6.0,59271,ANCIEN VILLAGE - AVENUE,M,"51,0074100","2,2778900",59,2019,30.0,1.0,1.0,3.0,2270415,1.0,1,1,1,4.0,,-1.0,0,1981.0,A01,138Â 199Â 476,1.0,0.0,-1.0,1732939,1.0,37,1.0,0.0,1.0,5.0,A01,138Â 199Â 476,1.0
1015199,201900056730,11,30,03:00,5,2,1,1.0,6.0,13047,ANCIENS COMBATTANTS AVENUE DES,M,"43,4908400","4,9929800",13,2019,50.0,1.0,1.0,4.0,2270416,1.0,1,4,2,5.0,,0.0,0,1977.0,A01,138Â 199Â 473,8.0,5.0,-1.0,1732940,3.0,7,,2.0,0.0,2.0,A01,138Â 199Â 473,1.0