Unnamed: 0_x,num_acc,mois,jour,hrmn,lum,agg,int,atm,col,com,adr,gps,lat,long,dep,annee,vma,situ,surf,catr,Unnamed: 0_y,place,catu,grav,sexe,trajet,secu,locp,actp,an_nais,num_veh_x,id_vehicule_x,secu1,secu2,secu3,Unnamed: 0,senc,catv,occutc,obs,obsm,choc,num_veh_y,id_vehicule_y,motor
1015199,201900056730,11,30,03:00,5,2,1,1.0,6.0,13047,ANCIENS COMBATTANTS AVENUE DES,M,"43,4908400","4,9929800",13,2019,50.0,1.0,1.0,4.0,2270417,2.0,2,4,1,0.0,,0.0,0,1971.0,A01,138Â 199Â 473,1.0,0.0,-1.0,1732940,3.0,7,,2.0,0.0,2.0,A01,138Â 199Â 473,1.0
1015199,201900056730,11,30,03:00,5,2,1,1.0,6.0,13047,ANCIENS COMBATTANTS AVENUE DES,M,"43,4908400","4,9929800",13,2019,50.0,1.0,1.0,4.0,2270418,5.0,2,4,1,5.0,,-1.0, -1,2010.0,A01,138Â 199Â 473,1.0,0.0,-1.0,1732940,3.0,7,,2.0,0.0,2.0,A01,138Â 199Â 473,1.0
1015200,201900056731,2,15,18:57,5,2,2,1.0,3.0,10387,CHOMEDEY DE MAISONNEUVE (AVE),M,"48,3035700","4,0729800",10,2019,50.0,1.0,1.0,4.0,2270419,1.0,1,1,2,1.0,,-1.0,0,1966.0,B01,138Â 199Â 474,1.0,8.0,-1.0,1732941,3.0,7,,0.0,2.0,1.0,B01,138Â 199Â 474,1.0
1015200,201900056731,2,15,18:57,5,2,2,1.0,3.0,10387,CHOMEDEY DE MAISONNEUVE (AVE),M,"48,3035700","4,0729800",10,2019,50.0,1.0,1.0,4.0,2270419,1.0,1,1,2,1.0,,-1.0,0,1966.0,B01,138Â 199Â 474,1.0,8.0,-1.0,1732942,3.0,30,,0.0,2.0,0.0,A01,138Â 199Â 475,0.0
1015200,201900056731,2,15,18:57,5,2,2,1.0,3.0,10387,CHOMEDEY DE MAISONNEUVE (AVE),M,"48,3035700","4,0729800",10,2019,50.0,1.0,1.0,4.0,2270420,1.0,1,4,1,5.0,,-1.0,0,1997.0,A01,138Â 199Â 475,2.0,8.0,-1.0,1732941,3.0,7,,0.0,2.0,1.0,B01,138Â 199Â 474,1.0
1015200,201900056731,2,15,18:57,5,2,2,1.0,3.0,10387,CHOMEDEY DE MAISONNEUVE (AVE),M,"48,3035700","4,0729800",10,2019,50.0,1.0,1.0,4.0,2270420,1.0,1,4,1,5.0,,-1.0,0,1997.0,A01,138Â 199Â 475,2.0,8.0,-1.0,1732942,3.0,30,,0.0,2.0,0.0,A01,138Â 199Â 475,0.0
1015200,201900056731,2,15,18:57,5,2,2,1.0,3.0,10387,CHOMEDEY DE MAISONNEUVE (AVE),M,"48,3035700","4,0729800",10,2019,50.0,1.0,1.0,4.0,2270421,2.0,2,4,1,0.0,,-1.0,0,1997.0,A01,138Â 199Â 475,2.0,8.0,-1.0,1732941,3.0,7,,0.0,2.0,1.0,B01,138Â 199Â 474,1.0
1015200,201900056731,2,15,18:57,5,2,2,1.0,3.0,10387,CHOMEDEY DE MAISONNEUVE (AVE),M,"48,3035700","4,0729800",10,2019,50.0,1.0,1.0,4.0,2270421,2.0,2,4,1,0.0,,-1.0,0,1997.0,A01,138Â 199Â 475,2.0,8.0,-1.0,1732942,3.0,30,,0.0,2.0,0.0,A01,138Â 199Â 475,0.0
1015201,201900056732,6,4,10:20,1,2,2,1.0,3.0,75116,ALLEE DE LA REINE MARGUERITE,M,"48,8606550","2,2462600",75,2019,50.0,1.0,1.0,4.0,2270422,1.0,1,1,1,5.0,,0.0,0,1956.0,A01,138Â 199Â 472,1.0,0.0,-1.0,1732943,2.0,7,,0.0,2.0,6.0,A01,138Â 199Â 472,1.0
1015201,201900056732,6,4,10:20,1,2,2,1.0,3.0,75116,ALLEE DE LA REINE MARGUERITE,M,"48,8606550","2,2462600",75,2019,50.0,1.0,1.0,4.0,2270422,1.0,1,1,1,5.0,,0.0,0,1956.0,A01,138Â 199Â 472,1.0,0.0,-1.0,1732944,2.0,34,,0.0,2.0,2.0,B01,138Â 199Â 478,1.0
1015201,201900056732,6,4,10:20,1,2,2,1.0,3.0,75116,ALLEE DE LA REINE MARGUERITE,M,"48,8606550","2,2462600",75,2019,50.0,1.0,1.0,4.0,2270423,1.0,1,4,1,0.0,,0.0,0,1989.0,B01,138Â 199Â 478,2.0,6.0,-1.0,1732943,2.0,7,,0.0,2.0,6.0,A01,138Â 199Â 472,1.0
1015201,201900056732,6,4,10:20,1,2,2,1.0,3.0,75116,ALLEE DE LA REINE MARGUERITE,M,"48,8606550","2,2462600",75,2019,50.0,1.0,1.0,4.0,2270423,1.0,1,4,1,0.0,,0.0,0,1989.0,B01,138Â 199Â 478,2.0,6.0,-1.0,1732944,2.0,34,,0.0,2.0,2.0,B01,138Â 199Â 478,1.0
1015202,201900056733,2,15,15:51,1,2,1,1.0,7.0,10387,EDOUARD VAILLANT (RUE),M,"48,2764000","4,0800000",10,2019,50.0,1.0,1.0,4.0,2270424,1.0,1,4,1,9.0,,-1.0, -1,1980.0,A01,138Â 199Â 470,8.0,0.0,-1.0,1732945,1.0,1,,0.0,0.0,0.0,A01,138Â 199Â 470,5.0
1015203,201900056734,12,1,13:37,1,2,1,1.0,6.0,97611,mamoudzou centre-Haladi Selemani ( rue ),M," -12,7804850","45,2301750",976,2019,50.0,1.0,1.0,4.0,2270425,1.0,1,1,1,0.0,,0.0,0,1995.0,A01,138Â 199Â 469,1.0,8.0,-1.0,1732946,1.0,7,,0.0,1.0,1.0,A01,138Â 199Â 469,1.0
1015203,201900056734,12,1,13:37,1,2,1,1.0,6.0,97611,mamoudzou centre-Haladi Selemani ( rue ),M," -12,7804850","45,2301750",976,2019,50.0,1.0,1.0,4.0,2270426,10.0,3,4,2,0.0,,2.0,3,1988.0,A01,138Â 199Â 469,8.0,8.0,-1.0,1732946,1.0,7,,0.0,1.0,1.0,A01,138Â 199Â 469,1.0
1015204,201900056735,6,2,20:15,1,2,1,1.0,7.0,75116,VOIE GEORGES POMPIDOU,M,"48,8516030","2,2800310",75,2019,50.0,1.0,1.0,4.0,2270427,1.0,1,3,1,0.0,,0.0,0,1990.0,A01,138Â 199Â 468,2.0,6.0,-1.0,1732947,1.0,32,,12.0,0.0,1.0,A01,138Â 199Â 468,1.0
1015205,201900056736,12,1,09:10,1,2,1,1.0,6.0,97611,passamanty-MRony Manga ( rue ),M," -12,7994000","45,2025700",976,2019,50.0,1.0,1.0,3.0,2270428,10.0,3,4,1,0.0,,1.0,3,2009.0,A01,138Â 199Â 466,0.0,-1.0,-1.0,1732948,1.0,7,,0.0,1.0,1.0,A01,138Â 199Â 466,1.0
1015205,201900056736,12,1,09:10,1,2,1,1.0,6.0,97611,passamanty-MRony Manga ( rue ),M," -12,7994000","45,2025700",976,2019,50.0,1.0,1.0,3.0,2270429,1.0,1,1,1,0.0,,-1.0,0,1976.0,A01,138Â 199Â 466,1.0,8.0,-1.0,1732948,1.0,7,,0.0,1.0,1.0,A01,138Â 199Â 466,1.0
1015206,201900056737,2,14,15:45,1,2,1,7.0,3.0,10081,JULES FERRY (RUE),M,"48,3180991","4,0581152",10,2019,50.0,1.0,1.0,3.0,2270430,1.0,1,2,1,5.0,,-1.0, -1,1940.0,B01,138Â 199Â 465,2.0,6.0,-1.0,1732949,2.0,1,,0.0,2.0,0.0,B01,138Â 199Â 465,5.0
1015206,201900056737,2,14,15:45,1,2,1,7.0,3.0,10081,JULES FERRY (RUE),M,"48,3180991","4,0581152",10,2019,50.0,1.0,1.0,3.0,2270430,1.0,1,2,1,5.0,,-1.0, -1,1940.0,B01,138Â 199Â 465,2.0,6.0,-1.0,1732950,1.0,7,,0.0,2.0,3.0,A01,138Â 199Â 467,1.0
1015206,201900056737,2,14,15:45,1,2,1,7.0,3.0,10081,JULES FERRY (RUE),M,"48,3180991","4,0581152",10,2019,50.0,1.0,1.0,3.0,2270431,1.0,1,1,1,5.0,,-1.0, -1,1990.0,A01,138Â 199Â 467,1.0,0.0,-1.0,1732949,2.0,1,,0.0,2.0,0.0,B01,138Â 199Â 465,5.0
1015206,201900056737,2,14,15:45,1,2,1,7.0,3.0,10081,JULES FERRY (RUE),M,"48,3180991","4,0581152",10,2019,50.0,1.0,1.0,3.0,2270431,1.0,1,1,1,5.0,,-1.0, -1,1990.0,A01,138Â 199Â 467,1.0,0.0,-1.0,1732950,1.0,7,,0.0,2.0,3.0,A01,138Â 199Â 467,1.0
1015207,201900056738,6,1,11:30,1,2,4,1.0,6.0,75116,RUE D AUTEUIL,M,"48,8479700","2,2622340",75,2019,50.0,1.0,1.0,4.0,2270432,10.0,3,1,1,5.0,,3.0,3,1976.0,A01,138Â 199Â 464,8.0,0.0,-1.0,1732951,1.0,7,,0.0,1.0,1.0,A01,138Â 199Â 464,2.0
1015207,201900056738,6,1,11:30,1,2,4,1.0,6.0,75116,RUE D AUTEUIL,M,"48,8479700","2,2622340",75,2019,50.0,1.0,1.0,4.0,2270433,1.0,1,1,1,4.0,,0.0,0,1944.0,A01,138Â 199Â 464,8.0,0.0,-1.0,1732951,1.0,7,,0.0,1.0,1.0,A01,138Â 199Â 464,2.0
1015207,201900056738,6,1,11:30,1,2,4,1.0,6.0,75116,RUE D AUTEUIL,M,"48,8479700","2,2622340",75,2019,50.0,1.0,1.0,4.0,2270434,10.0,3,4,2,5.0,,3.0,3,2016.0,A01,138Â 199Â 464,8.0,0.0,-1.0,1732951,1.0,7,,0.0,1.0,1.0,A01,138Â 199Â 464,2.0
1015208,201900056739,5,6,18:00,1,1,1,1.0,3.0,34314,d17e3,M,"43,7451990","3,8570690",34,2019,70.0,1.0,1.0,3.0,2270435,1.0,1,1,1,3.0,,0.0,0,1938.0,A01,138Â 199Â 471,1.0,-1.0,-1.0,1732952,1.0,7,,0.0,0.0,5.0,A01,138Â 199Â 471,1.0
1015208,201900056739,5,6,18:00,1,1,1,1.0,3.0,34314,d17e3,M,"43,7451990","3,8570690",34,2019,70.0,1.0,1.0,3.0,2270435,1.0,1,1,1,3.0,,0.0,0,1938.0,A01,138Â 199Â 471,1.0,-1.0,-1.0,1732953,2.0,34,,0.0,2.0,1.0,B01,138Â 199Â 485,1.0
1015208,201900056739,5,6,18:00,1,1,1,1.0,3.0,34314,d17e3,M,"43,7451990","3,8570690",34,2019,70.0,1.0,1.0,3.0,2270436,2.0,2,1,2,3.0,,0.0,0,1932.0,A01,138Â 199Â 471,1.0,-1.0,-1.0,1732952,1.0,7,,0.0,0.0,5.0,A01,138Â 199Â 471,1.0
1015208,201900056739,5,6,18:00,1,1,1,1.0,3.0,34314,d17e3,M,"43,7451990","3,8570690",34,2019,70.0,1.0,1.0,3.0,2270436,2.0,2,1,2,3.0,,0.0,0,1932.0,A01,138Â 199Â 471,1.0,-1.0,-1.0,1732953,2.0,34,,0.0,2.0,1.0,B01,138Â 199Â 485,1.0
1015208,201900056739,5,6,18:00,1,1,1,1.0,3.0,34314,d17e3,M,"43,7451990","3,8570690",34,2019,70.0,1.0,1.0,3.0,2270437,1.0,1,3,1,3.0,,0.0,0,1961.0,B01,138Â 199Â 485,2.0,6.0,-1.0,1732952,1.0,7,,0.0,0.0,5.0,A01,138Â 199Â 471,1.0
1015208,201900056739,5,6,18:00,1,1,1,1.0,3.0,34314,d17e3,M,"43,7451990","3,8570690",34,2019,70.0,1.0,1.0,3.0,2270437,1.0,1,3,1,3.0,,0.0,0,1961.0,B01,138Â 199Â 485,2.0,6.0,-1.0,1732953,2.0,34,,0.0,2.0,1.0,B01,138Â 199Â 485,1.0
1015209,201900056740,5,30,19:20,1,2,2,1.0,3.0,75116,ROUTE DE SURESNES,M,"48,8650460","2,2344580",75,2019,50.0,1.0,1.0,4.0,2270438,1.0,1,1,1,5.0,,0.0,0,2001.0,A01,138Â 199Â 458,1.0,0.0,-1.0,1732954,2.0,7,,0.0,2.0,3.0,A01,138Â 199Â 458,1.0
1015209,201900056740,5,30,19:20,1,2,2,1.0,3.0,75116,ROUTE DE SURESNES,M,"48,8650460","2,2344580",75,2019,50.0,1.0,1.0,4.0,2270438,1.0,1,1,1,5.0,,0.0,0,2001.0,A01,138Â 199Â 458,1.0,0.0,-1.0,1732955,3.0,34,,0.0,2.0,1.0,B01,138Â 199Â 461,1.0
1015209,201900056740,5,30,19:20,1,2,2,1.0,3.0,75116,ROUTE DE SURESNES,M,"48,8650460","2,2344580",75,2019,50.0,1.0,1.0,4.0,2270439,1.0,1,4,1,1.0,,0.0,0,1982.0,B01,138Â 199Â 461,2.0,6.0,-1.0,1732954,2.0,7,,0.0,2.0,3.0,A01,138Â 199Â 458,1.0
1015209,201900056740,5,30,19:20,1,2,2,1.0,3.0,75116,ROUTE DE SURESNES,M,"48,8650460","2,2344580",75,2019,50.0,1.0,1.0,4.0,2270439,1.0,1,4,1,1.0,,0.0,0,1982.0,B01,138Â 199Â 461,2.0,6.0,-1.0,1732955,3.0,34,,0.0,2.0,1.0,B01,138Â 199Â 461,1.0
1015210,201900056741,11,26,10:00,1,1,1,1.0,5.0,97416,D28 LIGNE DES BAMBOUS,M," -21,2919800","55,4868100",974,2019,70.0,1.0,1.0,3.0,2270440,1.0,1,1,1,0.0,,-1.0, -1,1966.0,A01,138Â 199Â 457,1.0,8.0,-1.0,1732956,2.0,7,,0.0,2.0,3.0,A01,138Â 199Â 457,1.0
1015210,201900056741,11,26,10:00,1,1,1,1.0,5.0,97416,D28 LIGNE DES BAMBOUS,M," -21,2919800","55,4868100",974,2019,70.0,1.0,1.0,3.0,2270440,1.0,1,1,1,0.0,,-1.0, -1,1966.0,A01,138Â 199Â 457,1.0,8.0,-1.0,1732957,2.0,33,,0.0,2.0,1.0,B01,138Â 199Â 459,1.0
1015210,201900056741,11,26,10:00,1,1,1,1.0,5.0,97416,D28 LIGNE DES BAMBOUS,M," -21,2919800","55,4868100",974,2019,70.0,1.0,1.0,3.0,2270440,1.0,1,1,1,0.0,,-1.0, -1,1966.0,A01,138Â 199Â 457,1.0,8.0,-1.0,1732958,2.0,33,,0.0,2.0,2.0,C01,138Â 199Â 462,1.0
1015210,201900056741,11,26,10:00,1,1,1,1.0,5.0,97416,D28 LIGNE DES BAMBOUS,M," -21,2919800","55,4868100",974,2019,70.0,1.0,1.0,3.0,2270440,1.0,1,1,1,0.0,,-1.0, -1,1966.0,A01,138Â 199Â 457,1.0,8.0,-1.0,1732959,2.0,7,,0.0,2.0,8.0,D01,138Â 199Â 463,1.0
1015210,201900056741,11,26,10:00,1,1,1,1.0,5.0,97416,D28 LIGNE DES BAMBOUS,M," -21,2919800","55,4868100",974,2019,70.0,1.0,1.0,3.0,2270441,1.0,1,4,1,4.0,,-1.0, -1,1960.0,B01,138Â 199Â 459,2.0,8.0,-1.0,1732956,2.0,7,,0.0,2.0,3.0,A01,138Â 199Â 457,1.0
1015210,201900056741,11,26,10:00,1,1,1,1.0,5.0,97416,D28 LIGNE DES BAMBOUS,M," -21,2919800","55,4868100",974,2019,70.0,1.0,1.0,3.0,2270441,1.0,1,4,1,4.0,,-1.0, -1,1960.0,B01,138Â 199Â 459,2.0,8.0,-1.0,1732957,2.0,33,,0.0,2.0,1.0,B01,138Â 199Â 459,1.0
1015210,201900056741,11,26,10:00,1,1,1,1.0,5.0,97416,D28 LIGNE DES BAMBOUS,M," -21,2919800","55,4868100",974,2019,70.0,1.0,1.0,3.0,2270441,1.0,1,4,1,4.0,,-1.0, -1,1960.0,B01,138Â 199Â 459,2.0,8.0,-1.0,1732958,2.0,33,,0.0,2.0,2.0,C01,138Â 199Â 462,1.0
1015210,201900056741,11,26,10:00,1,1,1,1.0,5.0,97416,D28 LIGNE DES BAMBOUS,M," -21,2919800","55,4868100",974,2019,70.0,1.0,1.0,3.0,2270441,1.0,1,4,1,4.0,,-1.0, -1,1960.0,B01,138Â 199Â 459,2.0,8.0,-1.0,1732959,2.0,7,,0.0,2.0,8.0,D01,138Â 199Â 463,1.0
1015210,201900056741,11,26,10:00,1,1,1,1.0,5.0,97416,D28 LIGNE DES BAMBOUS,M," -21,2919800","55,4868100",974,2019,70.0,1.0,1.0,3.0,2270442,1.0,1,4,1,4.0,,-1.0, -1,1982.0,C01,138Â 199Â 462,2.0,8.0,-1.0,1732956,2.0,7,,0.0,2.0,3.0,A01,138Â 199Â 457,1.0
1015210,201900056741,11,26,10:00,1,1,1,1.0,5.0,97416,D28 LIGNE DES BAMBOUS,M," -21,2919800","55,4868100",974,2019,70.0,1.0,1.0,3.0,2270442,1.0,1,4,1,4.0,,-1.0, -1,1982.0,C01,138Â 199Â 462,2.0,8.0,-1.0,1732957,2.0,33,,0.0,2.0,1.0,B01,138Â 199Â 459,1.0
1015210,201900056741,11,26,10:00,1,1,1,1.0,5.0,97416,D28 LIGNE DES BAMBOUS,M," -21,2919800","55,4868100",974,2019,70.0,1.0,1.0,3.0,2270442,1.0,1,4,1,4.0,,-1.0, -1,1982.0,C01,138Â 199Â 462,2.0,8.0,-1.0,1732958,2.0,33,,0.0,2.0,2.0,C01,138Â 199Â 462,1.0
1015210,201900056741,11,26,10:00,1,1,1,1.0,5.0,97416,D28 LIGNE DES BAMBOUS,M," -21,2919800","55,4868100",974,2019,70.0,1.0,1.0,3.0,2270442,1.0,1,4,1,4.0,,-1.0, -1,1982.0,C01,138Â 199Â 462,2.0,8.0,-1.0,1732959,2.0,7,,0.0,2.0,8.0,D01,138Â 199Â 463,1.0
1015210,201900056741,11,26,10:00,1,1,1,1.0,5.0,97416,D28 LIGNE DES BAMBOUS,M," -21,2919800","55,4868100",974,2019,70.0,1.0,1.0,3.0,2270443,1.0,1,1,1,0.0,,-1.0, -1,1984.0,D01,138Â 199Â 463,8.0,8.0,-1.0,1732956,2.0,7,,0.0,2.0,3.0,A01,138Â 199Â 457,1.0
1015210,201900056741,11,26,10:00,1,1,1,1.0,5.0,97416,D28 LIGNE DES BAMBOUS,M," -21,2919800","55,4868100",974,2019,70.0,1.0,1.0,3.0,2270443,1.0,1,1,1,0.0,,-1.0, -1,1984.0,D01,138Â 199Â 463,8.0,8.0,-1.0,1732957,2.0,33,,0.0,2.0,1.0,B01,138Â 199Â 459,1.0
1015210,201900056741,11,26,10:00,1,1,1,1.0,5.0,97416,D28 LIGNE DES BAMBOUS,M," -21,2919800","55,4868100",974,2019,70.0,1.0,1.0,3.0,2270443,1.0,1,1,1,0.0,,-1.0, -1,1984.0,D01,138Â 199Â 463,8.0,8.0,-1.0,1732958,2.0,33,,0.0,2.0,2.0,C01,138Â 199Â 462,1.0
1015210,201900056741,11,26,10:00,1,1,1,1.0,5.0,97416,D28 LIGNE DES BAMBOUS,M," -21,2919800","55,4868100",974,2019,70.0,1.0,1.0,3.0,2270443,1.0,1,1,1,0.0,,-1.0, -1,1984.0,D01,138Â 199Â 463,8.0,8.0,-1.0,1732959,2.0,7,,0.0,2.0,8.0,D01,138Â 199Â 463,1.0
1015211,201900056742,2,17,22:12,5,2,1,1.0,2.0,06088,PESSICART (A PARTIR DU 300-301),M,"43,7133000","7,2478000",6,2019,30.0,1.0,1.0,4.0,2270444,1.0,1,1,1,0.0,,0.0,0,1999.0,A01,138Â 199Â 455,1.0,8.0,-1.0,1732960,2.0,7,,0.0,0.0,4.0,A01,138Â 199Â 455,6.0
1015211,201900056742,2,17,22:12,5,2,1,1.0,2.0,06088,PESSICART (A PARTIR DU 300-301),M,"43,7133000","7,2478000",6,2019,30.0,1.0,1.0,4.0,2270444,1.0,1,1,1,0.0,,0.0,0,1999.0,A01,138Â 199Â 455,1.0,8.0,-1.0,1732961,2.0,2,,0.0,2.0,1.0,B01,138Â 199Â 456,6.0
1015211,201900056742,2,17,22:12,5,2,1,1.0,2.0,06088,PESSICART (A PARTIR DU 300-301),M,"43,7133000","7,2478000",6,2019,30.0,1.0,1.0,4.0,2270445,1.0,1,3,1,4.0,,0.0,0,1991.0,B01,138Â 199Â 456,2.0,0.0,-1.0,1732960,2.0,7,,0.0,0.0,4.0,A01,138Â 199Â 455,6.0
1015211,201900056742,2,17,22:12,5,2,1,1.0,2.0,06088,PESSICART (A PARTIR DU 300-301),M,"43,7133000","7,2478000",6,2019,30.0,1.0,1.0,4.0,2270445,1.0,1,3,1,4.0,,0.0,0,1991.0,B01,138Â 199Â 456,2.0,0.0,-1.0,1732961,2.0,2,,0.0,2.0,1.0,B01,138Â 199Â 456,6.0
1015212,201900056743,5,29,20:30,1,2,7,1.0,3.0,75116,PORTE MAILLOT,M,"48,8768540","2,2826470",75,2019,50.0,1.0,1.0,4.0,2270446,1.0,1,4,1,5.0,,0.0,0,1970.0,B01,138Â 199Â 451,2.0,0.0,-1.0,1732962,2.0,1,,0.0,2.0,1.0,B01,138Â 199Â 451,5.0
1015212,201900056743,5,29,20:30,1,2,7,1.0,3.0,75116,PORTE MAILLOT,M,"48,8768540","2,2826470",75,2019,50.0,1.0,1.0,4.0,2270446,1.0,1,4,1,5.0,,0.0,0,1970.0,B01,138Â 199Â 451,2.0,0.0,-1.0,1732963,2.0,7,,0.0,2.0,3.0,A01,138Â 199Â 454,1.0
1015212,201900056743,5,29,20:30,1,2,7,1.0,3.0,75116,PORTE MAILLOT,M,"48,8768540","2,2826470",75,2019,50.0,1.0,1.0,4.0,2270447,1.0,1,1,1,1.0,,0.0,0,1983.0,A01,138Â 199Â 454,1.0,0.0,-1.0,1732962,2.0,1,,0.0,2.0,1.0,B01,138Â 199Â 451,5.0
1015212,201900056743,5,29,20:30,1,2,7,1.0,3.0,75116,PORTE MAILLOT,M,"48,8768540","2,2826470",75,2019,50.0,1.0,1.0,4.0,2270447,1.0,1,1,1,1.0,,0.0,0,1983.0,A01,138Â 199Â 454,1.0,0.0,-1.0,1732963,2.0,7,,0.0,2.0,3.0,A01,138Â 199Â 454,1.0
1015213,201900056744,12,1,16:00,1,2,6,8.0,3.0,69259,IRENE JOLIOT CURIE                  (BD),M,"45,7209200","4,8741800",69,2019,50.0,1.0,1.0,4.0,2270448,6.0,2,4,2,0.0,,-1.0, -1,2018.0,A01,138Â 199Â 452,8.0,0.0,-1.0,1732964,1.0,40,,0.0,2.0,1.0,A01,138Â 199Â 452,3.0
1015213,201900056744,12,1,16:00,1,2,6,8.0,3.0,69259,IRENE JOLIOT CURIE                  (BD),M,"45,7209200","4,8741800",69,2019,50.0,1.0,1.0,4.0,2270448,6.0,2,4,2,0.0,,-1.0, -1,2018.0,A01,138Â 199Â 452,8.0,0.0,-1.0,1732965,1.0,10,,0.0,-1.0,8.0,B01,138Â 199Â 453,1.0
1015213,201900056744,12,1,16:00,1,2,6,8.0,3.0,69259,IRENE JOLIOT CURIE                  (BD),M,"45,7209200","4,8741800",69,2019,50.0,1.0,1.0,4.0,2270449,6.0,2,4,2,9.0,,-1.0, -1,1966.0,A01,138Â 199Â 452,8.0,0.0,-1.0,1732964,1.0,40,,0.0,2.0,1.0,A01,138Â 199Â 452,3.0
1015213,201900056744,12,1,16:00,1,2,6,8.0,3.0,69259,IRENE JOLIOT CURIE                  (BD),M,"45,7209200","4,8741800",69,2019,50.0,1.0,1.0,4.0,2270449,6.0,2,4,2,9.0,,-1.0, -1,1966.0,A01,138Â 199Â 452,8.0,0.0,-1.0,1732965,1.0,10,,0.0,-1.0,8.0,B01,138Â 199Â 453,1.0
1015213,201900056744,12,1,16:00,1,2,6,8.0,3.0,69259,IRENE JOLIOT CURIE                  (BD),M,"45,7209200","4,8741800",69,2019,50.0,1.0,1.0,4.0,2270450,1.0,1,4,1,4.0,,-1.0,0,1989.0,A01,138Â 199Â 452,8.0,0.0,-1.0,1732964,1.0,40,,0.0,2.0,1.0,A01,138Â 199Â 452,3.0
1015213,201900056744,12,1,16:00,1,2,6,8.0,3.0,69259,IRENE JOLIOT CURIE                  (BD),M,"45,7209200","4,8741800",69,2019,50.0,1.0,1.0,4.0,2270450,1.0,1,4,1,4.0,,-1.0,0,1989.0,A01,138Â 199Â 452,8.0,0.0,-1.0,1732965,1.0,10,,0.0,-1.0,8.0,B01,138Â 199Â 453,1.0
1015213,201900056744,12,1,16:00,1,2,6,8.0,3.0,69259,IRENE JOLIOT CURIE                  (BD),M,"45,7209200","4,8741800",69,2019,50.0,1.0,1.0,4.0,2270451,1.0,1,1,1,5.0,,-1.0,0,1984.0,B01,138Â 199Â 453,1.0,8.0,-1.0,1732964,1.0,40,,0.0,2.0,1.0,A01,138Â 199Â 452,3.0
1015213,201900056744,12,1,16:00,1,2,6,8.0,3.0,69259,IRENE JOLIOT CURIE                  (BD),M,"45,7209200","4,8741800",69,2019,50.0,1.0,1.0,4.0,2270451,1.0,1,1,1,5.0,,-1.0,0,1984.0,B01,138Â 199Â 453,1.0,8.0,-1.0,1732965,1.0,10,,0.0,-1.0,8.0,B01,138Â 199Â 453,1.0
1015214,201900056745,5,29,13:10,1,2,1,1.0,6.0,75116,AVENUE D EYLAU,M,"48,8647450","2,2843780",75,2019,50.0,1.0,1.0,4.0,2270452,10.0,3,4,1,4.0,,2.0,3,1975.0,A01,138Â 199Â 448,8.0,0.0,-1.0,1732966,2.0,7,,0.0,1.0,2.0,A01,138Â 199Â 448,1.0
1015214,201900056745,5,29,13:10,1,2,1,1.0,6.0,75116,AVENUE D EYLAU,M,"48,8647450","2,2843780",75,2019,50.0,1.0,1.0,4.0,2270453,1.0,1,1,1,5.0,,0.0,0,1969.0,A01,138Â 199Â 448,8.0,0.0,-1.0,1732966,2.0,7,,0.0,1.0,2.0,A01,138Â 199Â 448,1.0
1015215,201900056746,2,16,08:30,1,2,2,1.0,3.0,06088,CARLONE (BD),M,"43,6937070","7,2424530",6,2019,50.0,1.0,1.0,4.0,2270454,1.0,1,1,2,9.0,,0.0,0,1983.0,A01,138Â 199Â 449,1.0,0.0,-1.0,1732967,2.0,7,,0.0,2.0,3.0,A01,138Â 199Â 449,1.0
1015215,201900056746,2,16,08:30,1,2,2,1.0,3.0,06088,CARLONE (BD),M,"43,6937070","7,2424530",6,2019,50.0,1.0,1.0,4.0,2270454,1.0,1,1,2,9.0,,0.0,0,1983.0,A01,138Â 199Â 449,1.0,0.0,-1.0,1732968,1.0,32,,0.0,2.0,3.0,B01,138Â 199Â 450,0.0
1015215,201900056746,2,16,08:30,1,2,2,1.0,3.0,06088,CARLONE (BD),M,"43,6937070","7,2424530",6,2019,50.0,1.0,1.0,4.0,2270455,1.0,1,3,1,0.0,,0.0,0,1966.0,B01,138Â 199Â 450,2.0,0.0,-1.0,1732967,2.0,7,,0.0,2.0,3.0,A01,138Â 199Â 449,1.0
1015215,201900056746,2,16,08:30,1,2,2,1.0,3.0,06088,CARLONE (BD),M,"43,6937070","7,2424530",6,2019,50.0,1.0,1.0,4.0,2270455,1.0,1,3,1,0.0,,0.0,0,1966.0,B01,138Â 199Â 450,2.0,0.0,-1.0,1732968,1.0,32,,0.0,2.0,3.0,B01,138Â 199Â 450,0.0
1015216,201900056747,12,1,13:10,1,2,2,1.0,3.0,69386,THIERS                              (AV),M,"45,7662800","4,8616900",69,2019,50.0,1.0,2.0,4.0,2270456,1.0,1,4,1,0.0,,-1.0,0,1996.0,B01,138Â 199Â 446,1.0,0.0,-1.0,1732969,1.0,7,,0.0,2.0,1.0,B01,138Â 199Â 446,0.0