Unnamed: 0_x,num_acc,mois,jour,hrmn,lum,agg,int,atm,col,com,adr,gps,lat,long,dep,annee,vma,situ,surf,catr,Unnamed: 0_y,place,catu,grav,sexe,trajet,secu,locp,actp,an_nais,num_veh_x,id_vehicule_x,secu1,secu2,secu3,Unnamed: 0,senc,catv,occutc,obs,obsm,choc,num_veh_y,id_vehicule_y,motor
1015216,201900056747,12,1,13:10,1,2,2,1.0,3.0,69386,THIERS                              (AV),M,"45,7662800","4,8616900",69,2019,50.0,1.0,2.0,4.0,2270456,1.0,1,4,1,0.0,,-1.0,0,1996.0,B01,138Â 199Â 446,1.0,0.0,-1.0,1732970,2.0,7,,0.0,2.0,7.0,A01,138Â 199Â 447,0.0
1015216,201900056747,12,1,13:10,1,2,2,1.0,3.0,69386,THIERS                              (AV),M,"45,7662800","4,8616900",69,2019,50.0,1.0,2.0,4.0,2270457,1.0,1,1,1,0.0,,-1.0,0,1966.0,A01,138Â 199Â 447,8.0,0.0,-1.0,1732969,1.0,7,,0.0,2.0,1.0,B01,138Â 199Â 446,0.0
1015216,201900056747,12,1,13:10,1,2,2,1.0,3.0,69386,THIERS                              (AV),M,"45,7662800","4,8616900",69,2019,50.0,1.0,2.0,4.0,2270457,1.0,1,1,1,0.0,,-1.0,0,1966.0,A01,138Â 199Â 447,8.0,0.0,-1.0,1732970,2.0,7,,0.0,2.0,7.0,A01,138Â 199Â 447,0.0
1015217,201900056748,6,19,07:15,1,2,3,1.0,3.0,75106,BOULEVARD DU MONTPARNASSE,M,"48,8461780","2,3178660",75,2019,50.0,6.0,1.0,4.0,2270458,1.0,1,1,1,5.0,,0.0,0,1964.0,A01,138Â 199Â 442,1.0,0.0,-1.0,1732971,1.0,7,,0.0,2.0,7.0,A01,138Â 199Â 442,1.0
1015217,201900056748,6,19,07:15,1,2,3,1.0,3.0,75106,BOULEVARD DU MONTPARNASSE,M,"48,8461780","2,3178660",75,2019,50.0,6.0,1.0,4.0,2270458,1.0,1,1,1,5.0,,0.0,0,1964.0,A01,138Â 199Â 442,1.0,0.0,-1.0,1732972,1.0,1,,0.0,2.0,8.0,B01,138Â 199Â 444,5.0
1015217,201900056748,6,19,07:15,1,2,3,1.0,3.0,75106,BOULEVARD DU MONTPARNASSE,M,"48,8461780","2,3178660",75,2019,50.0,6.0,1.0,4.0,2270459,1.0,1,4,1,1.0,,0.0,0,1962.0,B01,138Â 199Â 444,8.0,0.0,-1.0,1732971,1.0,7,,0.0,2.0,7.0,A01,138Â 199Â 442,1.0
1015217,201900056748,6,19,07:15,1,2,3,1.0,3.0,75106,BOULEVARD DU MONTPARNASSE,M,"48,8461780","2,3178660",75,2019,50.0,6.0,1.0,4.0,2270459,1.0,1,4,1,1.0,,0.0,0,1962.0,B01,138Â 199Â 444,8.0,0.0,-1.0,1732972,1.0,1,,0.0,2.0,8.0,B01,138Â 199Â 444,5.0
1015218,201900056749,2,14,10:30,1,2,9,7.0,2.0,06069,CANNES (ROUTE DE)  -RD 6085-,M,"43,6393000","6,9495500",6,2019,50.0,1.0,1.0,4.0,2270460,1.0,1,1,2,9.0,,0.0,0,1976.0,B01,138Â 199Â 443,1.0,0.0,-1.0,1732973,1.0,7,,0.0,2.0,6.0,B01,138Â 199Â 443,1.0
1015218,201900056749,2,14,10:30,1,2,9,7.0,2.0,06069,CANNES (ROUTE DE)  -RD 6085-,M,"43,6393000","6,9495500",6,2019,50.0,1.0,1.0,4.0,2270460,1.0,1,1,2,9.0,,0.0,0,1976.0,B01,138Â 199Â 443,1.0,0.0,-1.0,1732974,1.0,30,,0.0,2.0,1.0,A01,138Â 199Â 445,6.0
1015218,201900056749,2,14,10:30,1,2,9,7.0,2.0,06069,CANNES (ROUTE DE)  -RD 6085-,M,"43,6393000","6,9495500",6,2019,50.0,1.0,1.0,4.0,2270461,1.0,1,4,1,5.0,,0.0,0,1999.0,A01,138Â 199Â 445,2.0,0.0,-1.0,1732973,1.0,7,,0.0,2.0,6.0,B01,138Â 199Â 443,1.0
1015218,201900056749,2,14,10:30,1,2,9,7.0,2.0,06069,CANNES (ROUTE DE)  -RD 6085-,M,"43,6393000","6,9495500",6,2019,50.0,1.0,1.0,4.0,2270461,1.0,1,4,1,5.0,,0.0,0,1999.0,A01,138Â 199Â 445,2.0,0.0,-1.0,1732974,1.0,30,,0.0,2.0,1.0,A01,138Â 199Â 445,6.0
1015219,201900056750,11,30,04:45,5,1,1,1.0,5.0,97213,AUTOROUTE A1,M,"14,6009300"," -61,0003200",972,2019,90.0,1.0,1.0,1.0,2270462,3.0,2,4,2,5.0,,-1.0,0,1993.0,C01,138Â 199Â 439,1.0,0.0,-1.0,1732975,2.0,7,,14.0,2.0,2.0,C01,138Â 199Â 439,1.0
1015219,201900056750,11,30,04:45,5,1,1,1.0,5.0,97213,AUTOROUTE A1,M,"14,6009300"," -61,0003200",972,2019,90.0,1.0,1.0,1.0,2270462,3.0,2,4,2,5.0,,-1.0,0,1993.0,C01,138Â 199Â 439,1.0,0.0,-1.0,1732976,2.0,7,,0.0,2.0,0.0,B01,138Â 199Â 440,1.0
1015219,201900056750,11,30,04:45,5,1,1,1.0,5.0,97213,AUTOROUTE A1,M,"14,6009300"," -61,0003200",972,2019,90.0,1.0,1.0,1.0,2270462,3.0,2,4,2,5.0,,-1.0,0,1993.0,C01,138Â 199Â 439,1.0,0.0,-1.0,1732977,2.0,7,,0.0,2.0,4.0,A01,138Â 199Â 441,1.0
1015219,201900056750,11,30,04:45,5,1,1,1.0,5.0,97213,AUTOROUTE A1,M,"14,6009300"," -61,0003200",972,2019,90.0,1.0,1.0,1.0,2270463,1.0,1,1,1,5.0,,-1.0,0,1992.0,C01,138Â 199Â 439,1.0,0.0,-1.0,1732975,2.0,7,,14.0,2.0,2.0,C01,138Â 199Â 439,1.0
1015219,201900056750,11,30,04:45,5,1,1,1.0,5.0,97213,AUTOROUTE A1,M,"14,6009300"," -61,0003200",972,2019,90.0,1.0,1.0,1.0,2270463,1.0,1,1,1,5.0,,-1.0,0,1992.0,C01,138Â 199Â 439,1.0,0.0,-1.0,1732976,2.0,7,,0.0,2.0,0.0,B01,138Â 199Â 440,1.0
1015219,201900056750,11,30,04:45,5,1,1,1.0,5.0,97213,AUTOROUTE A1,M,"14,6009300"," -61,0003200",972,2019,90.0,1.0,1.0,1.0,2270463,1.0,1,1,1,5.0,,-1.0,0,1992.0,C01,138Â 199Â 439,1.0,0.0,-1.0,1732977,2.0,7,,0.0,2.0,4.0,A01,138Â 199Â 441,1.0
1015219,201900056750,11,30,04:45,5,1,1,1.0,5.0,97213,AUTOROUTE A1,M,"14,6009300"," -61,0003200",972,2019,90.0,1.0,1.0,1.0,2270464,2.0,2,1,1,5.0,,-1.0,0,1991.0,B01,138Â 199Â 440,1.0,0.0,-1.0,1732975,2.0,7,,14.0,2.0,2.0,C01,138Â 199Â 439,1.0
1015219,201900056750,11,30,04:45,5,1,1,1.0,5.0,97213,AUTOROUTE A1,M,"14,6009300"," -61,0003200",972,2019,90.0,1.0,1.0,1.0,2270464,2.0,2,1,1,5.0,,-1.0,0,1991.0,B01,138Â 199Â 440,1.0,0.0,-1.0,1732976,2.0,7,,0.0,2.0,0.0,B01,138Â 199Â 440,1.0
1015219,201900056750,11,30,04:45,5,1,1,1.0,5.0,97213,AUTOROUTE A1,M,"14,6009300"," -61,0003200",972,2019,90.0,1.0,1.0,1.0,2270464,2.0,2,1,1,5.0,,-1.0,0,1991.0,B01,138Â 199Â 440,1.0,0.0,-1.0,1732977,2.0,7,,0.0,2.0,4.0,A01,138Â 199Â 441,1.0
1015219,201900056750,11,30,04:45,5,1,1,1.0,5.0,97213,AUTOROUTE A1,M,"14,6009300"," -61,0003200",972,2019,90.0,1.0,1.0,1.0,2270465,1.0,1,4,1,5.0,,-1.0,0,1997.0,B01,138Â 199Â 440,1.0,0.0,-1.0,1732975,2.0,7,,14.0,2.0,2.0,C01,138Â 199Â 439,1.0
1015219,201900056750,11,30,04:45,5,1,1,1.0,5.0,97213,AUTOROUTE A1,M,"14,6009300"," -61,0003200",972,2019,90.0,1.0,1.0,1.0,2270465,1.0,1,4,1,5.0,,-1.0,0,1997.0,B01,138Â 199Â 440,1.0,0.0,-1.0,1732976,2.0,7,,0.0,2.0,0.0,B01,138Â 199Â 440,1.0
1015219,201900056750,11,30,04:45,5,1,1,1.0,5.0,97213,AUTOROUTE A1,M,"14,6009300"," -61,0003200",972,2019,90.0,1.0,1.0,1.0,2270465,1.0,1,4,1,5.0,,-1.0,0,1997.0,B01,138Â 199Â 440,1.0,0.0,-1.0,1732977,2.0,7,,0.0,2.0,4.0,A01,138Â 199Â 441,1.0
1015219,201900056750,11,30,04:45,5,1,1,1.0,5.0,97213,AUTOROUTE A1,M,"14,6009300"," -61,0003200",972,2019,90.0,1.0,1.0,1.0,2270466,1.0,1,4,1,5.0,,-1.0,0,1958.0,A01,138Â 199Â 441,8.0,0.0,-1.0,1732975,2.0,7,,14.0,2.0,2.0,C01,138Â 199Â 439,1.0
1015219,201900056750,11,30,04:45,5,1,1,1.0,5.0,97213,AUTOROUTE A1,M,"14,6009300"," -61,0003200",972,2019,90.0,1.0,1.0,1.0,2270466,1.0,1,4,1,5.0,,-1.0,0,1958.0,A01,138Â 199Â 441,8.0,0.0,-1.0,1732976,2.0,7,,0.0,2.0,0.0,B01,138Â 199Â 440,1.0
1015219,201900056750,11,30,04:45,5,1,1,1.0,5.0,97213,AUTOROUTE A1,M,"14,6009300"," -61,0003200",972,2019,90.0,1.0,1.0,1.0,2270466,1.0,1,4,1,5.0,,-1.0,0,1958.0,A01,138Â 199Â 441,8.0,0.0,-1.0,1732977,2.0,7,,0.0,2.0,4.0,A01,138Â 199Â 441,1.0
1015220,201900056751,6,19,05:10,2,2,7,1.0,6.0,75115,RUE DE L ARRIVEE,M,"48,8422740","2,3209880",75,2019,50.0,1.0,1.0,4.0,2270467,1.0,1,4,1,4.0,,0.0,0,1987.0,A01,138Â 199Â 438,2.0,6.0,-1.0,1732978,1.0,33,,14.0,0.0,7.0,A01,138Â 199Â 438,1.0
1015221,201900056752,2,16,05:18,5,2,1,1.0,6.0,06123,GERBAULT ALAIN PROMENADE,M,"43,6576470","7,1844080",6,2019,50.0,1.0,1.0,4.0,2270468,1.0,1,1,1,5.0,,0.0,0,2000.0,A01,138Â 199Â 437,1.0,0.0,-1.0,1732979,3.0,7,,12.0,0.0,7.0,A01,138Â 199Â 437,1.0
1015221,201900056752,2,16,05:18,5,2,1,1.0,6.0,06123,GERBAULT ALAIN PROMENADE,M,"43,6576470","7,1844080",6,2019,50.0,1.0,1.0,4.0,2270469,4.0,2,4,1,5.0,,0.0,0,2000.0,A01,138Â 199Â 437,1.0,0.0,-1.0,1732979,3.0,7,,12.0,0.0,7.0,A01,138Â 199Â 437,1.0
1015221,201900056752,2,16,05:18,5,2,1,1.0,6.0,06123,GERBAULT ALAIN PROMENADE,M,"43,6576470","7,1844080",6,2019,50.0,1.0,1.0,4.0,2270470,2.0,2,2,1,5.0,,0.0,0,2000.0,A01,138Â 199Â 437,1.0,0.0,-1.0,1732979,3.0,7,,12.0,0.0,7.0,A01,138Â 199Â 437,1.0
1015222,201900056753,6,18,19:30,1,2,3,1.0,3.0,75115,BOULEVARD VICTOR,M,"48,8335020","2,2865560",75,2019,50.0,5.0,1.0,4.0,2270471,1.0,1,4,1,1.0,,0.0,0,1986.0,B01,138Â 199Â 432,8.0,0.0,-1.0,1732980,1.0,1,,0.0,2.0,1.0,B01,138Â 199Â 432,5.0
1015222,201900056753,6,18,19:30,1,2,3,1.0,3.0,75115,BOULEVARD VICTOR,M,"48,8335020","2,2865560",75,2019,50.0,5.0,1.0,4.0,2270471,1.0,1,4,1,1.0,,0.0,0,1986.0,B01,138Â 199Â 432,8.0,0.0,-1.0,1732981,1.0,10,,0.0,2.0,2.0,A01,138Â 199Â 435,6.0
1015222,201900056753,6,18,19:30,1,2,3,1.0,3.0,75115,BOULEVARD VICTOR,M,"48,8335020","2,2865560",75,2019,50.0,5.0,1.0,4.0,2270472,1.0,1,1,1,4.0,,0.0,0,1960.0,A01,138Â 199Â 435,8.0,0.0,-1.0,1732980,1.0,1,,0.0,2.0,1.0,B01,138Â 199Â 432,5.0
1015222,201900056753,6,18,19:30,1,2,3,1.0,3.0,75115,BOULEVARD VICTOR,M,"48,8335020","2,2865560",75,2019,50.0,5.0,1.0,4.0,2270472,1.0,1,1,1,4.0,,0.0,0,1960.0,A01,138Â 199Â 435,8.0,0.0,-1.0,1732981,1.0,10,,0.0,2.0,2.0,A01,138Â 199Â 435,6.0
1015223,201900056754,11,30,21:00,5,2,6,1.0,3.0,97209,ROND POINT DU VIET-NAM-HEROIQUE (ECHANGE,M,"14,6100000"," -61,0789700",972,2019,50.0,1.0,1.0,3.0,2270473,1.0,1,4,1,0.0,,-1.0,0,1994.0,B01,138Â 199Â 433,1.0,0.0,-1.0,1732982,1.0,7,,0.0,2.0,2.0,B01,138Â 199Â 433,1.0
1015223,201900056754,11,30,21:00,5,2,6,1.0,3.0,97209,ROND POINT DU VIET-NAM-HEROIQUE (ECHANGE,M,"14,6100000"," -61,0789700",972,2019,50.0,1.0,1.0,3.0,2270473,1.0,1,4,1,0.0,,-1.0,0,1994.0,B01,138Â 199Â 433,1.0,0.0,-1.0,1732983,1.0,7,,0.0,2.0,1.0,A01,138Â 199Â 436,1.0
1015223,201900056754,11,30,21:00,5,2,6,1.0,3.0,97209,ROND POINT DU VIET-NAM-HEROIQUE (ECHANGE,M,"14,6100000"," -61,0789700",972,2019,50.0,1.0,1.0,3.0,2270474,1.0,1,1,1,0.0,,-1.0,0,1966.0,A01,138Â 199Â 436,1.0,0.0,-1.0,1732982,1.0,7,,0.0,2.0,2.0,B01,138Â 199Â 433,1.0
1015223,201900056754,11,30,21:00,5,2,6,1.0,3.0,97209,ROND POINT DU VIET-NAM-HEROIQUE (ECHANGE,M,"14,6100000"," -61,0789700",972,2019,50.0,1.0,1.0,3.0,2270474,1.0,1,1,1,0.0,,-1.0,0,1966.0,A01,138Â 199Â 436,1.0,0.0,-1.0,1732983,1.0,7,,0.0,2.0,1.0,A01,138Â 199Â 436,1.0
1015224,201900056755,6,18,13:24,1,2,4,1.0,6.0,75115,RUE MADEMOISELLE,M,"48,8435250","2,2935210",75,2019,50.0,1.0,1.0,4.0,2270475,10.0,3,4,2,5.0,,3.0,3,1973.0,A01,138Â 199Â 430,8.0,0.0,-1.0,1732984,2.0,30,,0.0,1.0,1.0,A01,138Â 199Â 430,1.0
1015224,201900056755,6,18,13:24,1,2,4,1.0,6.0,75115,RUE MADEMOISELLE,M,"48,8435250","2,2935210",75,2019,50.0,1.0,1.0,4.0,2270476,1.0,1,1,1,4.0,,0.0,0,1994.0,A01,138Â 199Â 430,2.0,0.0,-1.0,1732984,2.0,30,,0.0,1.0,1.0,A01,138Â 199Â 430,1.0
1015225,201900056756,11,29,17:51,1,2,1,2.0,7.0,69034,MARGNOLLES (DE)                     (R ),M,"45,7867800","4,8407200",69,2019,50.0,1.0,2.0,4.0,2270477,10.0,3,4,2,0.0,,3.0,3,2008.0,A01,138Â 199Â 429,8.0,0.0,-1.0,1732985,2.0,10,,0.0,1.0,8.0,A01,138Â 199Â 429,0.0
1015225,201900056756,11,29,17:51,1,2,1,2.0,7.0,69034,MARGNOLLES (DE)                     (R ),M,"45,7867800","4,8407200",69,2019,50.0,1.0,2.0,4.0,2270478,1.0,1,1,2,0.0,,0.0,0,1957.0,A01,138Â 199Â 429,1.0,0.0,-1.0,1732985,2.0,10,,0.0,1.0,8.0,A01,138Â 199Â 429,0.0
1015226,201900056757,6,18,12:30,1,2,2,1.0,6.0,75115,RUE DE LA CONVENTION,M,"48,8372290","2,2964470",75,2019,50.0,1.0,1.0,4.0,2270479,10.0,3,4,2,3.0,,4.0,3,1963.0,A01,138Â 199Â 427,8.0,0.0,-1.0,1732986,2.0,30,,0.0,1.0,8.0,A01,138Â 199Â 427,1.0
1015227,201900056758,11,30,06:00,1,2,9,1.0,4.0,97101,PROVIDENCE,M,"16,2667800"," -61,5086800",971,2019,50.0,1.0,1.0,4.0,2270480,1.0,1,1,1,4.0,,-1.0, -1,1972.0,C01,138Â 199Â 425,1.0,8.0,-1.0,1732987,3.0,7,,0.0,2.0,1.0,C01,138Â 199Â 425,1.0
1015227,201900056758,11,30,06:00,1,2,9,1.0,4.0,97101,PROVIDENCE,M,"16,2667800"," -61,5086800",971,2019,50.0,1.0,1.0,4.0,2270480,1.0,1,1,1,4.0,,-1.0, -1,1972.0,C01,138Â 199Â 425,1.0,8.0,-1.0,1732988,3.0,7,,0.0,2.0,1.0,B01,138Â 199Â 426,1.0
1015227,201900056758,11,30,06:00,1,2,9,1.0,4.0,97101,PROVIDENCE,M,"16,2667800"," -61,5086800",971,2019,50.0,1.0,1.0,4.0,2270480,1.0,1,1,1,4.0,,-1.0, -1,1972.0,C01,138Â 199Â 425,1.0,8.0,-1.0,1732989,3.0,7,,0.0,2.0,4.0,A01,138Â 199Â 428,1.0
1015227,201900056758,11,30,06:00,1,2,9,1.0,4.0,97101,PROVIDENCE,M,"16,2667800"," -61,5086800",971,2019,50.0,1.0,1.0,4.0,2270481,1.0,1,4,1,4.0,,-1.0, -1,1996.0,B01,138Â 199Â 426,1.0,0.0,-1.0,1732987,3.0,7,,0.0,2.0,1.0,C01,138Â 199Â 425,1.0
1015227,201900056758,11,30,06:00,1,2,9,1.0,4.0,97101,PROVIDENCE,M,"16,2667800"," -61,5086800",971,2019,50.0,1.0,1.0,4.0,2270481,1.0,1,4,1,4.0,,-1.0, -1,1996.0,B01,138Â 199Â 426,1.0,0.0,-1.0,1732988,3.0,7,,0.0,2.0,1.0,B01,138Â 199Â 426,1.0
1015227,201900056758,11,30,06:00,1,2,9,1.0,4.0,97101,PROVIDENCE,M,"16,2667800"," -61,5086800",971,2019,50.0,1.0,1.0,4.0,2270481,1.0,1,4,1,4.0,,-1.0, -1,1996.0,B01,138Â 199Â 426,1.0,0.0,-1.0,1732989,3.0,7,,0.0,2.0,4.0,A01,138Â 199Â 428,1.0
1015227,201900056758,11,30,06:00,1,2,9,1.0,4.0,97101,PROVIDENCE,M,"16,2667800"," -61,5086800",971,2019,50.0,1.0,1.0,4.0,2270482,1.0,1,1,1,1.0,,-1.0, -1,1987.0,A01,138Â 199Â 428,1.0,0.0,-1.0,1732987,3.0,7,,0.0,2.0,1.0,C01,138Â 199Â 425,1.0
1015227,201900056758,11,30,06:00,1,2,9,1.0,4.0,97101,PROVIDENCE,M,"16,2667800"," -61,5086800",971,2019,50.0,1.0,1.0,4.0,2270482,1.0,1,1,1,1.0,,-1.0, -1,1987.0,A01,138Â 199Â 428,1.0,0.0,-1.0,1732988,3.0,7,,0.0,2.0,1.0,B01,138Â 199Â 426,1.0
1015227,201900056758,11,30,06:00,1,2,9,1.0,4.0,97101,PROVIDENCE,M,"16,2667800"," -61,5086800",971,2019,50.0,1.0,1.0,4.0,2270482,1.0,1,1,1,1.0,,-1.0, -1,1987.0,A01,138Â 199Â 428,1.0,0.0,-1.0,1732989,3.0,7,,0.0,2.0,4.0,A01,138Â 199Â 428,1.0
1015228,201900056759,6,18,08:45,1,2,1,1.0,1.0,75115,AVENUE ERNEST RENAN,M,"48,8313270","2,2862720",75,2019,30.0,1.0,1.0,4.0,2270483,1.0,1,3,1,4.0,,0.0,0,1980.0,B01,138Â 199Â 422,2.0,6.0,-1.0,1732990,3.0,2,,0.0,2.0,1.0,B01,138Â 199Â 422,3.0
1015228,201900056759,6,18,08:45,1,2,1,1.0,1.0,75115,AVENUE ERNEST RENAN,M,"48,8313270","2,2862720",75,2019,30.0,1.0,1.0,4.0,2270483,1.0,1,3,1,4.0,,0.0,0,1980.0,B01,138Â 199Â 422,2.0,6.0,-1.0,1732991,3.0,10,,0.0,2.0,1.0,A01,138Â 199Â 424,3.0
1015228,201900056759,6,18,08:45,1,2,1,1.0,1.0,75115,AVENUE ERNEST RENAN,M,"48,8313270","2,2862720",75,2019,30.0,1.0,1.0,4.0,2270484,1.0,1,1,1,4.0,,0.0,0,1996.0,A01,138Â 199Â 424,1.0,0.0,-1.0,1732990,3.0,2,,0.0,2.0,1.0,B01,138Â 199Â 422,3.0
1015228,201900056759,6,18,08:45,1,2,1,1.0,1.0,75115,AVENUE ERNEST RENAN,M,"48,8313270","2,2862720",75,2019,30.0,1.0,1.0,4.0,2270484,1.0,1,1,1,4.0,,0.0,0,1996.0,A01,138Â 199Â 424,1.0,0.0,-1.0,1732991,3.0,10,,0.0,2.0,1.0,A01,138Â 199Â 424,3.0
1015229,201900056760,12,1,13:00,1,2,3,1.0,3.0,91377,GENEVE (RUE DE),M,"48,7320600","2,3008900",91,2019,50.0,1.0,1.0,3.0,2270485,1.0,1,4,1,1.0,,0.0,0,1995.0,A01,138Â 199Â 418,2.0,6.0,-1.0,1732992,0.0,30,,0.0,2.0,8.0,A01,138Â 199Â 418,1.0
1015229,201900056760,12,1,13:00,1,2,3,1.0,3.0,91377,GENEVE (RUE DE),M,"48,7320600","2,3008900",91,2019,50.0,1.0,1.0,3.0,2270485,1.0,1,4,1,1.0,,0.0,0,1995.0,A01,138Â 199Â 418,2.0,6.0,-1.0,1732993,3.0,7,,0.0,2.0,1.0,B01,138Â 199Â 421,1.0
1015229,201900056760,12,1,13:00,1,2,3,1.0,3.0,91377,GENEVE (RUE DE),M,"48,7320600","2,3008900",91,2019,50.0,1.0,1.0,3.0,2270486,1.0,1,1,2,0.0,,0.0,0,1992.0,B01,138Â 199Â 421,8.0,0.0,-1.0,1732992,0.0,30,,0.0,2.0,8.0,A01,138Â 199Â 418,1.0
1015229,201900056760,12,1,13:00,1,2,3,1.0,3.0,91377,GENEVE (RUE DE),M,"48,7320600","2,3008900",91,2019,50.0,1.0,1.0,3.0,2270486,1.0,1,1,2,0.0,,0.0,0,1992.0,B01,138Â 199Â 421,8.0,0.0,-1.0,1732993,3.0,7,,0.0,2.0,1.0,B01,138Â 199Â 421,1.0
1015230,201900056761,6,16,10:35,1,2,2,1.0,3.0,75115,RUE DE VAUGIRARD,M,"48,8372190","2,2964350",75,2019,50.0,1.0,1.0,4.0,2270487,1.0,1,1,2,4.0,,0.0,0,1968.0,A01,138Â 199Â 419,1.0,0.0,-1.0,1732994,2.0,7,,0.0,2.0,3.0,A01,138Â 199Â 419,1.0
1015230,201900056761,6,16,10:35,1,2,2,1.0,3.0,75115,RUE DE VAUGIRARD,M,"48,8372190","2,2964350",75,2019,50.0,1.0,1.0,4.0,2270487,1.0,1,1,2,4.0,,0.0,0,1968.0,A01,138Â 199Â 419,1.0,0.0,-1.0,1732995,1.0,33,,0.0,2.0,2.0,B01,138Â 199Â 420,1.0
1015230,201900056761,6,16,10:35,1,2,2,1.0,3.0,75115,RUE DE VAUGIRARD,M,"48,8372190","2,2964350",75,2019,50.0,1.0,1.0,4.0,2270488,1.0,1,4,1,5.0,,0.0,0,1997.0,B01,138Â 199Â 420,2.0,6.0,-1.0,1732994,2.0,7,,0.0,2.0,3.0,A01,138Â 199Â 419,1.0
1015230,201900056761,6,16,10:35,1,2,2,1.0,3.0,75115,RUE DE VAUGIRARD,M,"48,8372190","2,2964350",75,2019,50.0,1.0,1.0,4.0,2270488,1.0,1,4,1,5.0,,0.0,0,1997.0,B01,138Â 199Â 420,2.0,6.0,-1.0,1732995,1.0,33,,0.0,2.0,2.0,B01,138Â 199Â 420,1.0
1015231,201900056762,2,14,18:25,5,2,1,1.0,3.0,06027,TUILIERES AVENUE DES,M,"43,6653000","7,1550300",6,2019,50.0,1.0,1.0,4.0,2270489,1.0,1,4,1,0.0,,0.0,0,2015.0,B01,138Â 199Â 431,1.0,0.0,-1.0,1732996,1.0,50,,0.0,2.0,1.0,B01,138Â 199Â 431,3.0
1015231,201900056762,2,14,18:25,5,2,1,1.0,3.0,06027,TUILIERES AVENUE DES,M,"43,6653000","7,1550300",6,2019,50.0,1.0,1.0,4.0,2270489,1.0,1,4,1,0.0,,0.0,0,2015.0,B01,138Â 199Â 431,1.0,0.0,-1.0,1732997,3.0,7,,0.0,1.0,3.0,A01,138Â 199Â 434,1.0
1015231,201900056762,2,14,18:25,5,2,1,1.0,3.0,06027,TUILIERES AVENUE DES,M,"43,6653000","7,1550300",6,2019,50.0,1.0,1.0,4.0,2270490,1.0,1,1,1,0.0,,0.0,0,1982.0,A01,138Â 199Â 434,1.0,8.0,-1.0,1732996,1.0,50,,0.0,2.0,1.0,B01,138Â 199Â 431,3.0
1015231,201900056762,2,14,18:25,5,2,1,1.0,3.0,06027,TUILIERES AVENUE DES,M,"43,6653000","7,1550300",6,2019,50.0,1.0,1.0,4.0,2270490,1.0,1,1,1,0.0,,0.0,0,1982.0,A01,138Â 199Â 434,1.0,8.0,-1.0,1732997,3.0,7,,0.0,1.0,3.0,A01,138Â 199Â 434,1.0
1015232,201900056763,12,1,16:05,1,1,1,1.0,1.0,85191,RD 42 RTE DE VENANSAULT,M,"46,6788700"," -1,4905250",85,2019,80.0,1.0,1.0,3.0,2270491,1.0,1,3,1,0.0,,-1.0, -1,1974.0,B01,138Â 199Â 414,1.0,0.0,-1.0,1732998,2.0,7,,0.0,2.0,1.0,B01,138Â 199Â 414,1.0
1015232,201900056763,12,1,16:05,1,1,1,1.0,1.0,85191,RD 42 RTE DE VENANSAULT,M,"46,6788700"," -1,4905250",85,2019,80.0,1.0,1.0,3.0,2270491,1.0,1,3,1,0.0,,-1.0, -1,1974.0,B01,138Â 199Â 414,1.0,0.0,-1.0,1732999,1.0,7,,0.0,2.0,1.0,A01,138Â 199Â 416,1.0
1015232,201900056763,12,1,16:05,1,1,1,1.0,1.0,85191,RD 42 RTE DE VENANSAULT,M,"46,6788700"," -1,4905250",85,2019,80.0,1.0,1.0,3.0,2270492,2.0,2,3,2,5.0,,-1.0, -1,1974.0,B01,138Â 199Â 414,1.0,0.0,-1.0,1732998,2.0,7,,0.0,2.0,1.0,B01,138Â 199Â 414,1.0
1015232,201900056763,12,1,16:05,1,1,1,1.0,1.0,85191,RD 42 RTE DE VENANSAULT,M,"46,6788700"," -1,4905250",85,2019,80.0,1.0,1.0,3.0,2270492,2.0,2,3,2,5.0,,-1.0, -1,1974.0,B01,138Â 199Â 414,1.0,0.0,-1.0,1732999,1.0,7,,0.0,2.0,1.0,A01,138Â 199Â 416,1.0
1015232,201900056763,12,1,16:05,1,1,1,1.0,1.0,85191,RD 42 RTE DE VENANSAULT,M,"46,6788700"," -1,4905250",85,2019,80.0,1.0,1.0,3.0,2270493,2.0,2,4,1,5.0,,-1.0, -1,1999.0,A01,138Â 199Â 416,1.0,0.0,-1.0,1732998,2.0,7,,0.0,2.0,1.0,B01,138Â 199Â 414,1.0
1015232,201900056763,12,1,16:05,1,1,1,1.0,1.0,85191,RD 42 RTE DE VENANSAULT,M,"46,6788700"," -1,4905250",85,2019,80.0,1.0,1.0,3.0,2270493,2.0,2,4,1,5.0,,-1.0, -1,1999.0,A01,138Â 199Â 416,1.0,0.0,-1.0,1732999,1.0,7,,0.0,2.0,1.0,A01,138Â 199Â 416,1.0
1015232,201900056763,12,1,16:05,1,1,1,1.0,1.0,85191,RD 42 RTE DE VENANSAULT,M,"46,6788700"," -1,4905250",85,2019,80.0,1.0,1.0,3.0,2270494,1.0,1,4,2,0.0,,-1.0, -1,1944.0,A01,138Â 199Â 416,1.0,0.0,-1.0,1732998,2.0,7,,0.0,2.0,1.0,B01,138Â 199Â 414,1.0
1015232,201900056763,12,1,16:05,1,1,1,1.0,1.0,85191,RD 42 RTE DE VENANSAULT,M,"46,6788700"," -1,4905250",85,2019,80.0,1.0,1.0,3.0,2270494,1.0,1,4,2,0.0,,-1.0, -1,1944.0,A01,138Â 199Â 416,1.0,0.0,-1.0,1732999,1.0,7,,0.0,2.0,1.0,A01,138Â 199Â 416,1.0