Unnamed: 0_x,num_acc,mois,jour,hrmn,lum,agg,int,atm,col,com,adr,gps,lat,long,dep,annee,vma,situ,surf,catr,Unnamed: 0_y,place,catu,grav,sexe,trajet,secu,locp,actp,an_nais,num_veh_x,id_vehicule_x,secu1,secu2,secu3,Unnamed: 0,senc,catv,occutc,obs,obsm,choc,num_veh_y,id_vehicule_y,motor
1015233,201900056764,2,14,19:00,3,2,1,1.0,7.0,05061,PRES ( ROUTE DES ),M,"44,5280229","6,0681335",5,2019,50.0,1.0,1.0,4.0,2270495,2.0,2,4,2,5.0,,0.0,0,2005.0,A01,138Â 199Â 413,1.0,0.0,-1.0,1733000,2.0,7,,0.0,0.0,0.0,A01,138Â 199Â 413,1.0
1015233,201900056764,2,14,19:00,3,2,1,1.0,7.0,05061,PRES ( ROUTE DES ),M,"44,5280229","6,0681335",5,2019,50.0,1.0,1.0,4.0,2270496,1.0,1,1,1,5.0,,0.0,0,2000.0,A01,138Â 199Â 413,1.0,0.0,-1.0,1733000,2.0,7,,0.0,0.0,0.0,A01,138Â 199Â 413,1.0
1015234,201900056765,12,1,16:05,1,1,1,2.0,1.0,83137,FAVIERES (CHEMIN DES),M,"43,1533029","5,9631649",83,2019,70.0,1.0,2.0,3.0,2270497,1.0,1,1,1,5.0,,-1.0,0,1994.0,A01,138Â 199Â 410,1.0,0.0,-1.0,1733001,1.0,7,,0.0,2.0,3.0,A01,138Â 199Â 410,1.0
1015234,201900056765,12,1,16:05,1,1,1,2.0,1.0,83137,FAVIERES (CHEMIN DES),M,"43,1533029","5,9631649",83,2019,70.0,1.0,2.0,3.0,2270497,1.0,1,1,1,5.0,,-1.0,0,1994.0,A01,138Â 199Â 410,1.0,0.0,-1.0,1733002,2.0,7,,0.0,2.0,3.0,B01,138Â 199Â 412,1.0
1015234,201900056765,12,1,16:05,1,1,1,2.0,1.0,83137,FAVIERES (CHEMIN DES),M,"43,1533029","5,9631649",83,2019,70.0,1.0,2.0,3.0,2270498,1.0,1,4,2,5.0,,-1.0,0,1978.0,B01,138Â 199Â 412,1.0,0.0,-1.0,1733001,1.0,7,,0.0,2.0,3.0,A01,138Â 199Â 410,1.0
1015234,201900056765,12,1,16:05,1,1,1,2.0,1.0,83137,FAVIERES (CHEMIN DES),M,"43,1533029","5,9631649",83,2019,70.0,1.0,2.0,3.0,2270498,1.0,1,4,2,5.0,,-1.0,0,1978.0,B01,138Â 199Â 412,1.0,0.0,-1.0,1733002,2.0,7,,0.0,2.0,3.0,B01,138Â 199Â 412,1.0
1015235,201900056766,2,17,17:40,1,2,2,1.0,3.0,03185,avenue Jules Guesde,M,"46,3421337","2,5891912",3,2019,50.0,1.0,1.0,4.0,2270499,1.0,1,3,1,5.0,,-1.0,0,1957.0,A01,138Â 199Â 409,2.0,6.0,-1.0,1733003,2.0,30,,0.0,2.0,1.0,A01,138Â 199Â 409,1.0
1015235,201900056766,2,17,17:40,1,2,2,1.0,3.0,03185,avenue Jules Guesde,M,"46,3421337","2,5891912",3,2019,50.0,1.0,1.0,4.0,2270499,1.0,1,3,1,5.0,,-1.0,0,1957.0,A01,138Â 199Â 409,2.0,6.0,-1.0,1733004,1.0,10,,0.0,2.0,7.0,B01,138Â 199Â 411,1.0
1015235,201900056766,2,17,17:40,1,2,2,1.0,3.0,03185,avenue Jules Guesde,M,"46,3421337","2,5891912",3,2019,50.0,1.0,1.0,4.0,2270500,1.0,1,1,1,5.0,,-1.0,0,1995.0,B01,138Â 199Â 411,1.0,0.0,-1.0,1733003,2.0,30,,0.0,2.0,1.0,A01,138Â 199Â 409,1.0
1015235,201900056766,2,17,17:40,1,2,2,1.0,3.0,03185,avenue Jules Guesde,M,"46,3421337","2,5891912",3,2019,50.0,1.0,1.0,4.0,2270500,1.0,1,1,1,5.0,,-1.0,0,1995.0,B01,138Â 199Â 411,1.0,0.0,-1.0,1733004,1.0,10,,0.0,2.0,7.0,B01,138Â 199Â 411,1.0
1015236,201900056767,6,15,10:50,1,2,1,1.0,6.0,75115,RUE DESNOUETTES,M,"48,8356090","2,2863080",75,2019,50.0,1.0,1.0,4.0,2270501,10.0,3,4,1,0.0,,1.0,3,1961.0,A01,138Â 199Â 407,8.0,0.0,-1.0,1733005,1.0,7,,0.0,1.0,4.0,A01,138Â 199Â 407,1.0
1015236,201900056767,6,15,10:50,1,2,1,1.0,6.0,75115,RUE DESNOUETTES,M,"48,8356090","2,2863080",75,2019,50.0,1.0,1.0,4.0,2270502,10.0,3,1,1,0.0,,1.0,3,2012.0,A01,138Â 199Â 407,8.0,0.0,-1.0,1733005,1.0,7,,0.0,1.0,4.0,A01,138Â 199Â 407,1.0
1015236,201900056767,6,15,10:50,1,2,1,1.0,6.0,75115,RUE DESNOUETTES,M,"48,8356090","2,2863080",75,2019,50.0,1.0,1.0,4.0,2270503,1.0,1,1,1,4.0,,0.0,0,1966.0,A01,138Â 199Â 407,1.0,0.0,-1.0,1733005,1.0,7,,0.0,1.0,4.0,A01,138Â 199Â 407,1.0
1015237,201900056768,6,14,08:45,1,2,2,1.0,3.0,75115,RUE DU GENERAL GUILLAUMAT,M,"48,8289320","2,2941560",75,2019,50.0,6.0,1.0,4.0,2270504,1.0,1,4,1,4.0,,0.0,0,1958.0,B01,138Â 199Â 405,2.0,0.0,-1.0,1733006,3.0,1,,0.0,2.0,1.0,B01,138Â 199Â 405,5.0
1015237,201900056768,6,14,08:45,1,2,2,1.0,3.0,75115,RUE DU GENERAL GUILLAUMAT,M,"48,8289320","2,2941560",75,2019,50.0,6.0,1.0,4.0,2270504,1.0,1,4,1,4.0,,0.0,0,1958.0,B01,138Â 199Â 405,2.0,0.0,-1.0,1733007,3.0,10,,0.0,2.0,2.0,A01,138Â 199Â 406,1.0
1015237,201900056768,6,14,08:45,1,2,2,1.0,3.0,75115,RUE DU GENERAL GUILLAUMAT,M,"48,8289320","2,2941560",75,2019,50.0,6.0,1.0,4.0,2270505,1.0,1,1,1,4.0,,0.0,0,1987.0,A01,138Â 199Â 406,1.0,0.0,-1.0,1733006,3.0,1,,0.0,2.0,1.0,B01,138Â 199Â 405,5.0
1015237,201900056768,6,14,08:45,1,2,2,1.0,3.0,75115,RUE DU GENERAL GUILLAUMAT,M,"48,8289320","2,2941560",75,2019,50.0,6.0,1.0,4.0,2270505,1.0,1,1,1,4.0,,0.0,0,1987.0,A01,138Â 199Â 406,1.0,0.0,-1.0,1733007,3.0,10,,0.0,2.0,2.0,A01,138Â 199Â 406,1.0
1015238,201900056769,6,13,00:30,5,2,7,1.0,3.0,75115,RUE DE LA CROIX NIVERT,M,"48,8477960","2,3014130",75,2019,50.0,1.0,1.0,4.0,2270506,2.0,2,1,2,5.0,,0.0,0,1998.0,A01,138Â 199Â 403,1.0,0.0,-1.0,1733008,2.0,7,,0.0,2.0,7.0,A01,138Â 199Â 403,1.0
1015238,201900056769,6,13,00:30,5,2,7,1.0,3.0,75115,RUE DE LA CROIX NIVERT,M,"48,8477960","2,3014130",75,2019,50.0,1.0,1.0,4.0,2270506,2.0,2,1,2,5.0,,0.0,0,1998.0,A01,138Â 199Â 403,1.0,0.0,-1.0,1733009,2.0,1,,0.0,2.0,1.0,B01,138Â 199Â 404,0.0
1015238,201900056769,6,13,00:30,5,2,7,1.0,3.0,75115,RUE DE LA CROIX NIVERT,M,"48,8477960","2,3014130",75,2019,50.0,1.0,1.0,4.0,2270507,1.0,1,1,2,5.0,,0.0,0,2000.0,A01,138Â 199Â 403,1.0,0.0,-1.0,1733008,2.0,7,,0.0,2.0,7.0,A01,138Â 199Â 403,1.0
1015238,201900056769,6,13,00:30,5,2,7,1.0,3.0,75115,RUE DE LA CROIX NIVERT,M,"48,8477960","2,3014130",75,2019,50.0,1.0,1.0,4.0,2270507,1.0,1,1,2,5.0,,0.0,0,2000.0,A01,138Â 199Â 403,1.0,0.0,-1.0,1733009,2.0,1,,0.0,2.0,1.0,B01,138Â 199Â 404,0.0
1015238,201900056769,6,13,00:30,5,2,7,1.0,3.0,75115,RUE DE LA CROIX NIVERT,M,"48,8477960","2,3014130",75,2019,50.0,1.0,1.0,4.0,2270508,1.0,1,4,1,5.0,,0.0,0,1976.0,B01,138Â 199Â 404,8.0,0.0,-1.0,1733008,2.0,7,,0.0,2.0,7.0,A01,138Â 199Â 403,1.0
1015238,201900056769,6,13,00:30,5,2,7,1.0,3.0,75115,RUE DE LA CROIX NIVERT,M,"48,8477960","2,3014130",75,2019,50.0,1.0,1.0,4.0,2270508,1.0,1,4,1,5.0,,0.0,0,1976.0,B01,138Â 199Â 404,8.0,0.0,-1.0,1733009,2.0,1,,0.0,2.0,1.0,B01,138Â 199Â 404,0.0
1015239,201900056770,6,8,21:00,1,2,1,1.0,3.0,75115,RUE DES ENTREPRENEURS,M,"48,8460530","2,2869940",75,2019,50.0,1.0,1.0,4.0,2270509,1.0,1,1,1,4.0,,0.0,0,1976.0,A01,138Â 199Â 399,1.0,0.0,-1.0,1733010,2.0,37,1.0,0.0,2.0,2.0,A01,138Â 199Â 399,1.0
1015239,201900056770,6,8,21:00,1,2,1,1.0,3.0,75115,RUE DES ENTREPRENEURS,M,"48,8460530","2,2869940",75,2019,50.0,1.0,1.0,4.0,2270509,1.0,1,1,1,4.0,,0.0,0,1976.0,A01,138Â 199Â 399,1.0,0.0,-1.0,1733011,2.0,7,,0.0,2.0,8.0,B01,138Â 199Â 400,1.0
1015239,201900056770,6,8,21:00,1,2,1,1.0,3.0,75115,RUE DES ENTREPRENEURS,M,"48,8460530","2,2869940",75,2019,50.0,1.0,1.0,4.0,2270510,1.0,1,4,1,5.0,,0.0,0,1976.0,B01,138Â 199Â 400,1.0,0.0,-1.0,1733010,2.0,37,1.0,0.0,2.0,2.0,A01,138Â 199Â 399,1.0
1015239,201900056770,6,8,21:00,1,2,1,1.0,3.0,75115,RUE DES ENTREPRENEURS,M,"48,8460530","2,2869940",75,2019,50.0,1.0,1.0,4.0,2270510,1.0,1,4,1,5.0,,0.0,0,1976.0,B01,138Â 199Â 400,1.0,0.0,-1.0,1733011,2.0,7,,0.0,2.0,8.0,B01,138Â 199Â 400,1.0
1015240,201900056771,11,30,19:45,5,2,1,1.0,3.0,83126,PAUL (AV MARCEL),M,"43,1093890","5,8571510",83,2019,50.0,1.0,1.0,3.0,2270511,1.0,1,1,1,0.0,,0.0,0,1992.0,A01,138Â 199Â 401,1.0,0.0,-1.0,1733012,1.0,7,,0.0,2.0,3.0,A01,138Â 199Â 401,1.0
1015240,201900056771,11,30,19:45,5,2,1,1.0,3.0,83126,PAUL (AV MARCEL),M,"43,1093890","5,8571510",83,2019,50.0,1.0,1.0,3.0,2270511,1.0,1,1,1,0.0,,0.0,0,1992.0,A01,138Â 199Â 401,1.0,0.0,-1.0,1733013,1.0,31,,0.0,2.0,1.0,B01,138Â 199Â 408,1.0
1015240,201900056771,11,30,19:45,5,2,1,1.0,3.0,83126,PAUL (AV MARCEL),M,"43,1093890","5,8571510",83,2019,50.0,1.0,1.0,3.0,2270512,2.0,2,1,1,0.0,,0.0,0,1991.0,A01,138Â 199Â 401,1.0,0.0,-1.0,1733012,1.0,7,,0.0,2.0,3.0,A01,138Â 199Â 401,1.0
1015240,201900056771,11,30,19:45,5,2,1,1.0,3.0,83126,PAUL (AV MARCEL),M,"43,1093890","5,8571510",83,2019,50.0,1.0,1.0,3.0,2270512,2.0,2,1,1,0.0,,0.0,0,1991.0,A01,138Â 199Â 401,1.0,0.0,-1.0,1733013,1.0,31,,0.0,2.0,1.0,B01,138Â 199Â 408,1.0
1015240,201900056771,11,30,19:45,5,2,1,1.0,3.0,83126,PAUL (AV MARCEL),M,"43,1093890","5,8571510",83,2019,50.0,1.0,1.0,3.0,2270513,1.0,1,1,1,0.0,,0.0,0,1961.0,B01,138Â 199Â 408,2.0,6.0,-1.0,1733012,1.0,7,,0.0,2.0,3.0,A01,138Â 199Â 401,1.0
1015240,201900056771,11,30,19:45,5,2,1,1.0,3.0,83126,PAUL (AV MARCEL),M,"43,1093890","5,8571510",83,2019,50.0,1.0,1.0,3.0,2270513,1.0,1,1,1,0.0,,0.0,0,1961.0,B01,138Â 199Â 408,2.0,6.0,-1.0,1733013,1.0,31,,0.0,2.0,1.0,B01,138Â 199Â 408,1.0
1015240,201900056771,11,30,19:45,5,2,1,1.0,3.0,83126,PAUL (AV MARCEL),M,"43,1093890","5,8571510",83,2019,50.0,1.0,1.0,3.0,2270514,2.0,2,3,2,0.0,,-1.0, -1,1963.0,B01,138Â 199Â 408,2.0,0.0,-1.0,1733012,1.0,7,,0.0,2.0,3.0,A01,138Â 199Â 401,1.0
1015240,201900056771,11,30,19:45,5,2,1,1.0,3.0,83126,PAUL (AV MARCEL),M,"43,1093890","5,8571510",83,2019,50.0,1.0,1.0,3.0,2270514,2.0,2,3,2,0.0,,-1.0, -1,1963.0,B01,138Â 199Â 408,2.0,0.0,-1.0,1733013,1.0,31,,0.0,2.0,1.0,B01,138Â 199Â 408,1.0
1015241,201900056772,6,8,20:20,1,2,2,1.0,3.0,75115,RUE DUPLEIX,M,"48,8506500","2,2956200",75,2019,50.0,1.0,1.0,4.0,2270515,1.0,1,1,2,5.0,,0.0,0,1948.0,B01,138Â 199Â 397,1.0,0.0,-1.0,1733014,1.0,7,,0.0,2.0,8.0,B01,138Â 199Â 397,1.0
1015241,201900056772,6,8,20:20,1,2,2,1.0,3.0,75115,RUE DUPLEIX,M,"48,8506500","2,2956200",75,2019,50.0,1.0,1.0,4.0,2270515,1.0,1,1,2,5.0,,0.0,0,1948.0,B01,138Â 199Â 397,1.0,0.0,-1.0,1733015,1.0,32,,0.0,2.0,1.0,A01,138Â 199Â 398,1.0
1015241,201900056772,6,8,20:20,1,2,2,1.0,3.0,75115,RUE DUPLEIX,M,"48,8506500","2,2956200",75,2019,50.0,1.0,1.0,4.0,2270516,2.0,2,4,1,5.0,,0.0,0,2000.0,A01,138Â 199Â 398,2.0,0.0,-1.0,1733014,1.0,7,,0.0,2.0,8.0,B01,138Â 199Â 397,1.0
1015241,201900056772,6,8,20:20,1,2,2,1.0,3.0,75115,RUE DUPLEIX,M,"48,8506500","2,2956200",75,2019,50.0,1.0,1.0,4.0,2270516,2.0,2,4,1,5.0,,0.0,0,2000.0,A01,138Â 199Â 398,2.0,0.0,-1.0,1733015,1.0,32,,0.0,2.0,1.0,A01,138Â 199Â 398,1.0
1015241,201900056772,6,8,20:20,1,2,2,1.0,3.0,75115,RUE DUPLEIX,M,"48,8506500","2,2956200",75,2019,50.0,1.0,1.0,4.0,2270517,1.0,1,4,1,5.0,,0.0,0,1995.0,A01,138Â 199Â 398,2.0,0.0,-1.0,1733014,1.0,7,,0.0,2.0,8.0,B01,138Â 199Â 397,1.0
1015241,201900056772,6,8,20:20,1,2,2,1.0,3.0,75115,RUE DUPLEIX,M,"48,8506500","2,2956200",75,2019,50.0,1.0,1.0,4.0,2270517,1.0,1,4,1,5.0,,0.0,0,1995.0,A01,138Â 199Â 398,2.0,0.0,-1.0,1733015,1.0,32,,0.0,2.0,1.0,A01,138Â 199Â 398,1.0
1015242,201900056773,6,8,08:20,1,2,7,8.0,6.0,75115,RUE GEORGES PITARD,M,"48,8337840","2,3093550",75,2019,50.0,1.0,1.0,4.0,2270518,10.0,3,4,1,5.0,,3.0,3,1951.0,A01,138Â 199Â 393,8.0,0.0,-1.0,1733016,1.0,10,,0.0,1.0,2.0,A01,138Â 199Â 393,1.0
1015242,201900056773,6,8,08:20,1,2,7,8.0,6.0,75115,RUE GEORGES PITARD,M,"48,8337840","2,3093550",75,2019,50.0,1.0,1.0,4.0,2270519,1.0,1,1,1,4.0,,0.0,0,1981.0,A01,138Â 199Â 393,1.0,0.0,-1.0,1733016,1.0,10,,0.0,1.0,2.0,A01,138Â 199Â 393,1.0
1015243,201900056774,6,7,22:21,5,2,1,1.0,7.0,75115,RUE DU COTENTIN,M,"48,8386380","2,3137540",75,2019,50.0,1.0,1.0,4.0,2270520,1.0,1,4,1,4.0,,0.0,0,2000.0,A01,138Â 199Â 392,2.0,6.0,-1.0,1733017,0.0,2,,0.0,0.0,0.0,A01,138Â 199Â 392,1.0
1015244,201900056775,6,6,01:10,5,2,1,2.0,6.0,75115,RUE DU COLONEL PIERRE AVIA,M,"48,8300950","2,2759720",75,2019,50.0,1.0,2.0,4.0,2270521,1.0,1,4,1,9.0,,0.0,0,1955.0,A01,138Â 199Â 391,1.0,0.0,-1.0,1733018,1.0,7,,11.0,0.0,1.0,A01,138Â 199Â 391,2.0
1015245,201900056776,6,5,18:20,1,2,1,3.0,3.0,75115,BOULEVARD DE GRENELLE,M,"48,8519420","2,2915650",75,2019,50.0,1.0,2.0,4.0,2270522,1.0,1,3,1,1.0,,0.0,0,1968.0,B01,138Â 199Â 389,2.0,0.0,-1.0,1733019,1.0,34,,0.0,2.0,1.0,B01,138Â 199Â 389,1.0
1015245,201900056776,6,5,18:20,1,2,1,3.0,3.0,75115,BOULEVARD DE GRENELLE,M,"48,8519420","2,2915650",75,2019,50.0,1.0,2.0,4.0,2270522,1.0,1,3,1,1.0,,0.0,0,1968.0,B01,138Â 199Â 389,2.0,0.0,-1.0,1733020,2.0,7,,0.0,2.0,3.0,A01,138Â 199Â 390,1.0
1015245,201900056776,6,5,18:20,1,2,1,3.0,3.0,75115,BOULEVARD DE GRENELLE,M,"48,8519420","2,2915650",75,2019,50.0,1.0,2.0,4.0,2270523,1.0,1,1,1,1.0,,0.0,0,1973.0,A01,138Â 199Â 390,8.0,0.0,-1.0,1733019,1.0,34,,0.0,2.0,1.0,B01,138Â 199Â 389,1.0
1015245,201900056776,6,5,18:20,1,2,1,3.0,3.0,75115,BOULEVARD DE GRENELLE,M,"48,8519420","2,2915650",75,2019,50.0,1.0,2.0,4.0,2270523,1.0,1,1,1,1.0,,0.0,0,1973.0,A01,138Â 199Â 390,8.0,0.0,-1.0,1733020,2.0,7,,0.0,2.0,3.0,A01,138Â 199Â 390,1.0
1015246,201900056777,6,1,19:30,1,2,7,1.0,7.0,75115,PLACE CHARLES VALLIN,M,"48,8355020","2,3024320",75,2019,50.0,1.0,1.0,4.0,2270524,2.0,2,4,2,9.0,,0.0,0,1988.0,A01,138Â 199Â 388,2.0,6.0,-1.0,1733021,2.0,30,,0.0,0.0,0.0,A01,138Â 199Â 388,1.0
1015246,201900056777,6,1,19:30,1,2,7,1.0,7.0,75115,PLACE CHARLES VALLIN,M,"48,8355020","2,3024320",75,2019,50.0,1.0,1.0,4.0,2270525,1.0,1,4,1,9.0,,0.0,0,1989.0,A01,138Â 199Â 388,2.0,6.0,-1.0,1733021,2.0,30,,0.0,0.0,0.0,A01,138Â 199Â 388,1.0
1015247,201900056778,2,16,20:05,5,2,2,1.0,3.0,03185,rue du Faubourg Saint-Pierre,M,"46,3428963","2,6005925",3,2019,50.0,1.0,1.0,4.0,2270526,1.0,1,1,1,5.0,,-1.0,0,1950.0,A01,138Â 199Â 394,1.0,0.0,-1.0,1733022,3.0,10,,0.0,2.0,7.0,A01,138Â 199Â 394,1.0
1015247,201900056778,2,16,20:05,5,2,2,1.0,3.0,03185,rue du Faubourg Saint-Pierre,M,"46,3428963","2,6005925",3,2019,50.0,1.0,1.0,4.0,2270526,1.0,1,1,1,5.0,,-1.0,0,1950.0,A01,138Â 199Â 394,1.0,0.0,-1.0,1733023,2.0,33,,0.0,2.0,1.0,B01,138Â 199Â 402,1.0
1015247,201900056778,2,16,20:05,5,2,2,1.0,3.0,03185,rue du Faubourg Saint-Pierre,M,"46,3428963","2,6005925",3,2019,50.0,1.0,1.0,4.0,2270527,1.0,1,3,1,5.0,,-1.0,0,1995.0,B01,138Â 199Â 402,2.0,6.0,-1.0,1733022,3.0,10,,0.0,2.0,7.0,A01,138Â 199Â 394,1.0
1015247,201900056778,2,16,20:05,5,2,2,1.0,3.0,03185,rue du Faubourg Saint-Pierre,M,"46,3428963","2,6005925",3,2019,50.0,1.0,1.0,4.0,2270527,1.0,1,3,1,5.0,,-1.0,0,1995.0,B01,138Â 199Â 402,2.0,6.0,-1.0,1733023,2.0,33,,0.0,2.0,1.0,B01,138Â 199Â 402,1.0
1015248,201900056779,12,1,00:44,5,2,3,3.0,1.0,83126,ORVES (AV ESTIENNE D'),M,"43,1104000","5,8775100",83,2019,50.0,1.0,2.0,4.0,2270528,1.0,1,1,1,0.0,,-1.0,0,1978.0,B01,138Â 199Â 395,1.0,0.0,-1.0,1733024,2.0,7,,0.0,2.0,3.0,B01,138Â 199Â 395,1.0
1015248,201900056779,12,1,00:44,5,2,3,3.0,1.0,83126,ORVES (AV ESTIENNE D'),M,"43,1104000","5,8775100",83,2019,50.0,1.0,2.0,4.0,2270528,1.0,1,1,1,0.0,,-1.0,0,1978.0,B01,138Â 199Â 395,1.0,0.0,-1.0,1733025,1.0,30,,0.0,2.0,1.0,A01,138Â 199Â 396,1.0
1015248,201900056779,12,1,00:44,5,2,3,3.0,1.0,83126,ORVES (AV ESTIENNE D'),M,"43,1104000","5,8775100",83,2019,50.0,1.0,2.0,4.0,2270529,2.0,2,4,2,0.0,,0.0,0,2000.0,A01,138Â 199Â 396,2.0,8.0,-1.0,1733024,2.0,7,,0.0,2.0,3.0,B01,138Â 199Â 395,1.0
1015248,201900056779,12,1,00:44,5,2,3,3.0,1.0,83126,ORVES (AV ESTIENNE D'),M,"43,1104000","5,8775100",83,2019,50.0,1.0,2.0,4.0,2270529,2.0,2,4,2,0.0,,0.0,0,2000.0,A01,138Â 199Â 396,2.0,8.0,-1.0,1733025,1.0,30,,0.0,2.0,1.0,A01,138Â 199Â 396,1.0
1015248,201900056779,12,1,00:44,5,2,3,3.0,1.0,83126,ORVES (AV ESTIENNE D'),M,"43,1104000","5,8775100",83,2019,50.0,1.0,2.0,4.0,2270530,1.0,1,3,1,0.0,,-1.0,0,1994.0,A01,138Â 199Â 396,2.0,8.0,-1.0,1733024,2.0,7,,0.0,2.0,3.0,B01,138Â 199Â 395,1.0
1015248,201900056779,12,1,00:44,5,2,3,3.0,1.0,83126,ORVES (AV ESTIENNE D'),M,"43,1104000","5,8775100",83,2019,50.0,1.0,2.0,4.0,2270530,1.0,1,3,1,0.0,,-1.0,0,1994.0,A01,138Â 199Â 396,2.0,8.0,-1.0,1733025,1.0,30,,0.0,2.0,1.0,A01,138Â 199Â 396,1.0
1015249,201900056780,2,15,16:30,1,1,9,1.0,4.0,01289,FORET DE SEILLON (ROUTE DE LA ),M,"46,1682508","5,2124973",1,2019,80.0,1.0,1.0,4.0,2270531,1.0,1,1,1,9.0,,-1.0, -1,1954.0,A01,138Â 199Â 380,8.0,0.0,-1.0,1733026,1.0,7,,0.0,0.0,0.0,A01,138Â 199Â 380,1.0
1015249,201900056780,2,15,16:30,1,1,9,1.0,4.0,01289,FORET DE SEILLON (ROUTE DE LA ),M,"46,1682508","5,2124973",1,2019,80.0,1.0,1.0,4.0,2270531,1.0,1,1,1,9.0,,-1.0, -1,1954.0,A01,138Â 199Â 380,8.0,0.0,-1.0,1733027,1.0,7,,0.0,6.0,1.0,B01,138Â 199Â 381,1.0
1015249,201900056780,2,15,16:30,1,1,9,1.0,4.0,01289,FORET DE SEILLON (ROUTE DE LA ),M,"46,1682508","5,2124973",1,2019,80.0,1.0,1.0,4.0,2270531,1.0,1,1,1,9.0,,-1.0, -1,1954.0,A01,138Â 199Â 380,8.0,0.0,-1.0,1733028,1.0,7,,0.0,6.0,3.0,C01,138Â 199Â 383,1.0
1015249,201900056780,2,15,16:30,1,1,9,1.0,4.0,01289,FORET DE SEILLON (ROUTE DE LA ),M,"46,1682508","5,2124973",1,2019,80.0,1.0,1.0,4.0,2270532,1.0,1,1,2,5.0,,-1.0, -1,1958.0,B01,138Â 199Â 381,1.0,0.0,-1.0,1733026,1.0,7,,0.0,0.0,0.0,A01,138Â 199Â 380,1.0
1015249,201900056780,2,15,16:30,1,1,9,1.0,4.0,01289,FORET DE SEILLON (ROUTE DE LA ),M,"46,1682508","5,2124973",1,2019,80.0,1.0,1.0,4.0,2270532,1.0,1,1,2,5.0,,-1.0, -1,1958.0,B01,138Â 199Â 381,1.0,0.0,-1.0,1733027,1.0,7,,0.0,6.0,1.0,B01,138Â 199Â 381,1.0
1015249,201900056780,2,15,16:30,1,1,9,1.0,4.0,01289,FORET DE SEILLON (ROUTE DE LA ),M,"46,1682508","5,2124973",1,2019,80.0,1.0,1.0,4.0,2270532,1.0,1,1,2,5.0,,-1.0, -1,1958.0,B01,138Â 199Â 381,1.0,0.0,-1.0,1733028,1.0,7,,0.0,6.0,3.0,C01,138Â 199Â 383,1.0
1015249,201900056780,2,15,16:30,1,1,9,1.0,4.0,01289,FORET DE SEILLON (ROUTE DE LA ),M,"46,1682508","5,2124973",1,2019,80.0,1.0,1.0,4.0,2270533,2.0,2,4,2,5.0,,-1.0, -1,2004.0,C01,138Â 199Â 383,1.0,0.0,-1.0,1733026,1.0,7,,0.0,0.0,0.0,A01,138Â 199Â 380,1.0
1015249,201900056780,2,15,16:30,1,1,9,1.0,4.0,01289,FORET DE SEILLON (ROUTE DE LA ),M,"46,1682508","5,2124973",1,2019,80.0,1.0,1.0,4.0,2270533,2.0,2,4,2,5.0,,-1.0, -1,2004.0,C01,138Â 199Â 383,1.0,0.0,-1.0,1733027,1.0,7,,0.0,6.0,1.0,B01,138Â 199Â 381,1.0
1015249,201900056780,2,15,16:30,1,1,9,1.0,4.0,01289,FORET DE SEILLON (ROUTE DE LA ),M,"46,1682508","5,2124973",1,2019,80.0,1.0,1.0,4.0,2270533,2.0,2,4,2,5.0,,-1.0, -1,2004.0,C01,138Â 199Â 383,1.0,0.0,-1.0,1733028,1.0,7,,0.0,6.0,3.0,C01,138Â 199Â 383,1.0
1015249,201900056780,2,15,16:30,1,1,9,1.0,4.0,01289,FORET DE SEILLON (ROUTE DE LA ),M,"46,1682508","5,2124973",1,2019,80.0,1.0,1.0,4.0,2270534,1.0,1,4,1,5.0,,-1.0, -1,2000.0,C01,138Â 199Â 383,1.0,0.0,-1.0,1733026,1.0,7,,0.0,0.0,0.0,A01,138Â 199Â 380,1.0
1015249,201900056780,2,15,16:30,1,1,9,1.0,4.0,01289,FORET DE SEILLON (ROUTE DE LA ),M,"46,1682508","5,2124973",1,2019,80.0,1.0,1.0,4.0,2270534,1.0,1,4,1,5.0,,-1.0, -1,2000.0,C01,138Â 199Â 383,1.0,0.0,-1.0,1733027,1.0,7,,0.0,6.0,1.0,B01,138Â 199Â 381,1.0
1015249,201900056780,2,15,16:30,1,1,9,1.0,4.0,01289,FORET DE SEILLON (ROUTE DE LA ),M,"46,1682508","5,2124973",1,2019,80.0,1.0,1.0,4.0,2270534,1.0,1,4,1,5.0,,-1.0, -1,2000.0,C01,138Â 199Â 383,1.0,0.0,-1.0,1733028,1.0,7,,0.0,6.0,3.0,C01,138Â 199Â 383,1.0
1015250,201900056781,2,16,19:30,5,2,1,1.0,2.0,75116,PORTE DE PASSY,M,"48,8588500","2,2617720",75,2019,70.0,1.0,1.0,4.0,2270535,1.0,1,4,1,1.0,,0.0,0,1995.0,B01,138Â 199Â 378,2.0,6.0,-1.0,1733029,2.0,33,,0.0,2.0,3.0,B01,138Â 199Â 378,1.0
1015250,201900056781,2,16,19:30,5,2,1,1.0,2.0,75116,PORTE DE PASSY,M,"48,8588500","2,2617720",75,2019,70.0,1.0,1.0,4.0,2270535,1.0,1,4,1,1.0,,0.0,0,1995.0,B01,138Â 199Â 378,2.0,6.0,-1.0,1733030,2.0,7,,0.0,2.0,5.0,A01,138Â 199Â 379,1.0
1015250,201900056781,2,16,19:30,5,2,1,1.0,2.0,75116,PORTE DE PASSY,M,"48,8588500","2,2617720",75,2019,70.0,1.0,1.0,4.0,2270536,1.0,1,1,1,1.0,,0.0,0,1999.0,A01,138Â 199Â 379,1.0,0.0,-1.0,1733029,2.0,33,,0.0,2.0,3.0,B01,138Â 199Â 378,1.0