Unnamed: 0_x,num_acc,mois,jour,hrmn,lum,agg,int,atm,col,com,adr,gps,lat,long,dep,annee,vma,situ,surf,catr,Unnamed: 0_y,place,catu,grav,sexe,trajet,secu,locp,actp,an_nais,num_veh_x,id_vehicule_x,secu1,secu2,secu3,Unnamed: 0,senc,catv,occutc,obs,obsm,choc,num_veh_y,id_vehicule_y,motor
1015250,201900056781,2,16,19:30,5,2,1,1.0,2.0,75116,PORTE DE PASSY,M,"48,8588500","2,2617720",75,2019,70.0,1.0,1.0,4.0,2270536,1.0,1,1,1,1.0,,0.0,0,1999.0,A01,138Â 199Â 379,1.0,0.0,-1.0,1733030,2.0,7,,0.0,2.0,5.0,A01,138Â 199Â 379,1.0
1015251,201900056782,2,16,14:20,1,2,1,1.0,3.0,75116,PORTE MAILLOT,M,"48,8757810","2,2776130",75,2019,70.0,1.0,1.0,4.0,2270537,1.0,1,4,1,5.0,,0.0,0,1956.0,B01,138Â 199Â 376,2.0,6.0,-1.0,1733031,1.0,34,,0.0,2.0,8.0,B01,138Â 199Â 376,1.0
1015251,201900056782,2,16,14:20,1,2,1,1.0,3.0,75116,PORTE MAILLOT,M,"48,8757810","2,2776130",75,2019,70.0,1.0,1.0,4.0,2270537,1.0,1,4,1,5.0,,0.0,0,1956.0,B01,138Â 199Â 376,2.0,6.0,-1.0,1733032,1.0,7,,0.0,2.0,7.0,A01,138Â 199Â 377,1.0
1015251,201900056782,2,16,14:20,1,2,1,1.0,3.0,75116,PORTE MAILLOT,M,"48,8757810","2,2776130",75,2019,70.0,1.0,1.0,4.0,2270538,1.0,1,1,1,1.0,,0.0,0,1994.0,A01,138Â 199Â 377,1.0,0.0,-1.0,1733031,1.0,34,,0.0,2.0,8.0,B01,138Â 199Â 376,1.0
1015251,201900056782,2,16,14:20,1,2,1,1.0,3.0,75116,PORTE MAILLOT,M,"48,8757810","2,2776130",75,2019,70.0,1.0,1.0,4.0,2270538,1.0,1,1,1,1.0,,0.0,0,1994.0,A01,138Â 199Â 377,1.0,0.0,-1.0,1733032,1.0,7,,0.0,2.0,7.0,A01,138Â 199Â 377,1.0
1015252,201900056783,2,15,16:20,1,2,1,1.0,4.0,75120,PORTE DE BAGNOLET,M,"48,8696430","2,4132670",75,2019,70.0,1.0,1.0,4.0,2270539,1.0,1,1,2,5.0,,0.0,0,1983.0,A01,138Â 199Â 370,1.0,0.0,-1.0,1733033,1.0,7,,0.0,2.0,1.0,A01,138Â 199Â 370,1.0
1015252,201900056783,2,15,16:20,1,2,1,1.0,4.0,75120,PORTE DE BAGNOLET,M,"48,8696430","2,4132670",75,2019,70.0,1.0,1.0,4.0,2270539,1.0,1,1,2,5.0,,0.0,0,1983.0,A01,138Â 199Â 370,1.0,0.0,-1.0,1733034,1.0,7,,0.0,2.0,4.0,B01,138Â 199Â 371,1.0
1015252,201900056783,2,15,16:20,1,2,1,1.0,4.0,75120,PORTE DE BAGNOLET,M,"48,8696430","2,4132670",75,2019,70.0,1.0,1.0,4.0,2270539,1.0,1,1,2,5.0,,0.0,0,1983.0,A01,138Â 199Â 370,1.0,0.0,-1.0,1733035,1.0,7,,0.0,2.0,4.0,C01,138Â 199Â 372,1.0
1015252,201900056783,2,15,16:20,1,2,1,1.0,4.0,75120,PORTE DE BAGNOLET,M,"48,8696430","2,4132670",75,2019,70.0,1.0,1.0,4.0,2270540,1.0,1,4,2,4.0,,0.0,0,1986.0,B01,138Â 199Â 371,1.0,8.0,-1.0,1733033,1.0,7,,0.0,2.0,1.0,A01,138Â 199Â 370,1.0
1015252,201900056783,2,15,16:20,1,2,1,1.0,4.0,75120,PORTE DE BAGNOLET,M,"48,8696430","2,4132670",75,2019,70.0,1.0,1.0,4.0,2270540,1.0,1,4,2,4.0,,0.0,0,1986.0,B01,138Â 199Â 371,1.0,8.0,-1.0,1733034,1.0,7,,0.0,2.0,4.0,B01,138Â 199Â 371,1.0
1015252,201900056783,2,15,16:20,1,2,1,1.0,4.0,75120,PORTE DE BAGNOLET,M,"48,8696430","2,4132670",75,2019,70.0,1.0,1.0,4.0,2270540,1.0,1,4,2,4.0,,0.0,0,1986.0,B01,138Â 199Â 371,1.0,8.0,-1.0,1733035,1.0,7,,0.0,2.0,4.0,C01,138Â 199Â 372,1.0
1015252,201900056783,2,15,16:20,1,2,1,1.0,4.0,75120,PORTE DE BAGNOLET,M,"48,8696430","2,4132670",75,2019,70.0,1.0,1.0,4.0,2270541,2.0,2,1,2,5.0,,0.0,0,1958.0,C01,138Â 199Â 372,1.0,0.0,-1.0,1733033,1.0,7,,0.0,2.0,1.0,A01,138Â 199Â 370,1.0
1015252,201900056783,2,15,16:20,1,2,1,1.0,4.0,75120,PORTE DE BAGNOLET,M,"48,8696430","2,4132670",75,2019,70.0,1.0,1.0,4.0,2270541,2.0,2,1,2,5.0,,0.0,0,1958.0,C01,138Â 199Â 372,1.0,0.0,-1.0,1733034,1.0,7,,0.0,2.0,4.0,B01,138Â 199Â 371,1.0
1015252,201900056783,2,15,16:20,1,2,1,1.0,4.0,75120,PORTE DE BAGNOLET,M,"48,8696430","2,4132670",75,2019,70.0,1.0,1.0,4.0,2270541,2.0,2,1,2,5.0,,0.0,0,1958.0,C01,138Â 199Â 372,1.0,0.0,-1.0,1733035,1.0,7,,0.0,2.0,4.0,C01,138Â 199Â 372,1.0
1015252,201900056783,2,15,16:20,1,2,1,1.0,4.0,75120,PORTE DE BAGNOLET,M,"48,8696430","2,4132670",75,2019,70.0,1.0,1.0,4.0,2270542,1.0,1,1,1,5.0,,0.0,0,1957.0,C01,138Â 199Â 372,1.0,0.0,-1.0,1733033,1.0,7,,0.0,2.0,1.0,A01,138Â 199Â 370,1.0
1015252,201900056783,2,15,16:20,1,2,1,1.0,4.0,75120,PORTE DE BAGNOLET,M,"48,8696430","2,4132670",75,2019,70.0,1.0,1.0,4.0,2270542,1.0,1,1,1,5.0,,0.0,0,1957.0,C01,138Â 199Â 372,1.0,0.0,-1.0,1733034,1.0,7,,0.0,2.0,4.0,B01,138Â 199Â 371,1.0
1015252,201900056783,2,15,16:20,1,2,1,1.0,4.0,75120,PORTE DE BAGNOLET,M,"48,8696430","2,4132670",75,2019,70.0,1.0,1.0,4.0,2270542,1.0,1,1,1,5.0,,0.0,0,1957.0,C01,138Â 199Â 372,1.0,0.0,-1.0,1733035,1.0,7,,0.0,2.0,4.0,C01,138Â 199Â 372,1.0
1015253,201900056784,11,30,16:00,1,2,3,1.0,6.0,77180,D51E1 X RUE SAINT JULIEN,M,"48,7275700","2,6410400",77,2019,50.0,1.0,2.0,3.0,2270543,1.0,1,4,1,5.0,,-1.0, -1,1975.0,A01,138Â 199Â 369,1.0,8.0,-1.0,1733036,1.0,7,,7.0,0.0,1.0,A01,138Â 199Â 369,1.0
1015254,201900056785,2,15,11:50,1,2,1,1.0,3.0,75113,PORTE D IVRY,M,"48,8224330","2,3802210",75,2019,70.0,1.0,1.0,4.0,2270544,1.0,1,1,1,1.0,,0.0,0,1981.0,B01,138Â 199Â 367,1.0,0.0,-1.0,1733037,1.0,7,,0.0,2.0,7.0,B01,138Â 199Â 367,1.0
1015254,201900056785,2,15,11:50,1,2,1,1.0,3.0,75113,PORTE D IVRY,M,"48,8224330","2,3802210",75,2019,70.0,1.0,1.0,4.0,2270544,1.0,1,1,1,1.0,,0.0,0,1981.0,B01,138Â 199Â 367,1.0,0.0,-1.0,1733038,1.0,34,,0.0,2.0,3.0,A01,138Â 199Â 368,1.0
1015254,201900056785,2,15,11:50,1,2,1,1.0,3.0,75113,PORTE D IVRY,M,"48,8224330","2,3802210",75,2019,70.0,1.0,1.0,4.0,2270545,2.0,1,4,1,1.0,,0.0,0,1981.0,A01,138Â 199Â 368,2.0,6.0,-1.0,1733037,1.0,7,,0.0,2.0,7.0,B01,138Â 199Â 367,1.0
1015254,201900056785,2,15,11:50,1,2,1,1.0,3.0,75113,PORTE D IVRY,M,"48,8224330","2,3802210",75,2019,70.0,1.0,1.0,4.0,2270545,2.0,1,4,1,1.0,,0.0,0,1981.0,A01,138Â 199Â 368,2.0,6.0,-1.0,1733038,1.0,34,,0.0,2.0,3.0,A01,138Â 199Â 368,1.0
1015255,201900056786,12,1,02:05,5,2,6,2.0,2.0,77445,D150 X AV DE L'EUROPE,M,"48,5964800","2,5880100",77,2019,50.0,1.0,2.0,3.0,2270546,2.0,2,1,1,0.0,,-1.0,0,1993.0,A01,138Â 199Â 365,1.0,0.0,-1.0,1733039,2.0,10,,9.0,0.0,1.0,A01,138Â 199Â 365,1.0
1015255,201900056786,12,1,02:05,5,2,6,2.0,2.0,77445,D150 X AV DE L'EUROPE,M,"48,5964800","2,5880100",77,2019,50.0,1.0,2.0,3.0,2270546,2.0,2,1,1,0.0,,-1.0,0,1993.0,A01,138Â 199Â 365,1.0,0.0,-1.0,1733040,2.0,10,,9.0,0.0,4.0,B01,138Â 199Â 366,1.0
1015255,201900056786,12,1,02:05,5,2,6,2.0,2.0,77445,D150 X AV DE L'EUROPE,M,"48,5964800","2,5880100",77,2019,50.0,1.0,2.0,3.0,2270547,1.0,1,4,1,-1.0,,-1.0,0,1985.0,A01,138Â 199Â 365,1.0,0.0,-1.0,1733039,2.0,10,,9.0,0.0,1.0,A01,138Â 199Â 365,1.0
1015255,201900056786,12,1,02:05,5,2,6,2.0,2.0,77445,D150 X AV DE L'EUROPE,M,"48,5964800","2,5880100",77,2019,50.0,1.0,2.0,3.0,2270547,1.0,1,4,1,-1.0,,-1.0,0,1985.0,A01,138Â 199Â 365,1.0,0.0,-1.0,1733040,2.0,10,,9.0,0.0,4.0,B01,138Â 199Â 366,1.0
1015255,201900056786,12,1,02:05,5,2,6,2.0,2.0,77445,D150 X AV DE L'EUROPE,M,"48,5964800","2,5880100",77,2019,50.0,1.0,2.0,3.0,2270548,2.0,2,4,1,0.0,,-1.0,0,1993.0,B01,138Â 199Â 366,1.0,0.0,-1.0,1733039,2.0,10,,9.0,0.0,1.0,A01,138Â 199Â 365,1.0
1015255,201900056786,12,1,02:05,5,2,6,2.0,2.0,77445,D150 X AV DE L'EUROPE,M,"48,5964800","2,5880100",77,2019,50.0,1.0,2.0,3.0,2270548,2.0,2,4,1,0.0,,-1.0,0,1993.0,B01,138Â 199Â 366,1.0,0.0,-1.0,1733040,2.0,10,,9.0,0.0,4.0,B01,138Â 199Â 366,1.0
1015255,201900056786,12,1,02:05,5,2,6,2.0,2.0,77445,D150 X AV DE L'EUROPE,M,"48,5964800","2,5880100",77,2019,50.0,1.0,2.0,3.0,2270549,1.0,1,4,1,0.0,,-1.0,0,1995.0,B01,138Â 199Â 366,1.0,0.0,-1.0,1733039,2.0,10,,9.0,0.0,1.0,A01,138Â 199Â 365,1.0
1015255,201900056786,12,1,02:05,5,2,6,2.0,2.0,77445,D150 X AV DE L'EUROPE,M,"48,5964800","2,5880100",77,2019,50.0,1.0,2.0,3.0,2270549,1.0,1,4,1,0.0,,-1.0,0,1995.0,B01,138Â 199Â 366,1.0,0.0,-1.0,1733040,2.0,10,,9.0,0.0,4.0,B01,138Â 199Â 366,1.0
1015256,201900056787,12,1,17:40,5,2,3,2.0,3.0,77284,D360 X RUE DES FUSILIERS,M,"48,9530400","2,8794100",77,2019,50.0,1.0,2.0,3.0,2270550,1.0,1,1,2,0.0,,-1.0, -1,1988.0,A01,138Â 199Â 363,1.0,0.0,-1.0,1733041,1.0,3,,0.0,9.0,2.0,A01,138Â 199Â 363,1.0
1015256,201900056787,12,1,17:40,5,2,3,2.0,3.0,77284,D360 X RUE DES FUSILIERS,M,"48,9530400","2,8794100",77,2019,50.0,1.0,2.0,3.0,2270550,1.0,1,1,2,0.0,,-1.0, -1,1988.0,A01,138Â 199Â 363,1.0,0.0,-1.0,1733042,2.0,1,,0.0,2.0,3.0,B01,138Â 199Â 364,5.0
1015256,201900056787,12,1,17:40,5,2,3,2.0,3.0,77284,D360 X RUE DES FUSILIERS,M,"48,9530400","2,8794100",77,2019,50.0,1.0,2.0,3.0,2270551,2.0,2,1,2,0.0,,-1.0, -1,1987.0,A01,138Â 199Â 363,1.0,0.0,-1.0,1733041,1.0,3,,0.0,9.0,2.0,A01,138Â 199Â 363,1.0
1015256,201900056787,12,1,17:40,5,2,3,2.0,3.0,77284,D360 X RUE DES FUSILIERS,M,"48,9530400","2,8794100",77,2019,50.0,1.0,2.0,3.0,2270551,2.0,2,1,2,0.0,,-1.0, -1,1987.0,A01,138Â 199Â 363,1.0,0.0,-1.0,1733042,2.0,1,,0.0,2.0,3.0,B01,138Â 199Â 364,5.0
1015256,201900056787,12,1,17:40,5,2,3,2.0,3.0,77284,D360 X RUE DES FUSILIERS,M,"48,9530400","2,8794100",77,2019,50.0,1.0,2.0,3.0,2270552,10.0,3,4,1,0.0,,3.0,3,2009.0,B01,138Â 199Â 364,8.0,0.0,-1.0,1733041,1.0,3,,0.0,9.0,2.0,A01,138Â 199Â 363,1.0
1015256,201900056787,12,1,17:40,5,2,3,2.0,3.0,77284,D360 X RUE DES FUSILIERS,M,"48,9530400","2,8794100",77,2019,50.0,1.0,2.0,3.0,2270552,10.0,3,4,1,0.0,,3.0,3,2009.0,B01,138Â 199Â 364,8.0,0.0,-1.0,1733042,2.0,1,,0.0,2.0,3.0,B01,138Â 199Â 364,5.0
1015257,201900056788,2,15,11:10,1,2,1,1.0,4.0,75120,PORTE DES LILAS,M,"48,8748760","2,4106970",75,2019,70.0,1.0,1.0,4.0,2270553,1.0,1,1,2,4.0,,0.0,0,1991.0,A01,138Â 199Â 360,1.0,0.0,-1.0,1733043,2.0,7,,0.0,2.0,3.0,A01,138Â 199Â 360,1.0
1015257,201900056788,2,15,11:10,1,2,1,1.0,4.0,75120,PORTE DES LILAS,M,"48,8748760","2,4106970",75,2019,70.0,1.0,1.0,4.0,2270553,1.0,1,1,2,4.0,,0.0,0,1991.0,A01,138Â 199Â 360,1.0,0.0,-1.0,1733044,2.0,10,,0.0,2.0,4.0,B01,138Â 199Â 361,1.0
1015257,201900056788,2,15,11:10,1,2,1,1.0,4.0,75120,PORTE DES LILAS,M,"48,8748760","2,4106970",75,2019,70.0,1.0,1.0,4.0,2270553,1.0,1,1,2,4.0,,0.0,0,1991.0,A01,138Â 199Â 360,1.0,0.0,-1.0,1733045,2.0,10,,0.0,2.0,4.0,C01,138Â 199Â 362,1.0
1015257,201900056788,2,15,11:10,1,2,1,1.0,4.0,75120,PORTE DES LILAS,M,"48,8748760","2,4106970",75,2019,70.0,1.0,1.0,4.0,2270554,1.0,1,4,1,1.0,,0.0,0,1976.0,B01,138Â 199Â 361,1.0,0.0,-1.0,1733043,2.0,7,,0.0,2.0,3.0,A01,138Â 199Â 360,1.0
1015257,201900056788,2,15,11:10,1,2,1,1.0,4.0,75120,PORTE DES LILAS,M,"48,8748760","2,4106970",75,2019,70.0,1.0,1.0,4.0,2270554,1.0,1,4,1,1.0,,0.0,0,1976.0,B01,138Â 199Â 361,1.0,0.0,-1.0,1733044,2.0,10,,0.0,2.0,4.0,B01,138Â 199Â 361,1.0
1015257,201900056788,2,15,11:10,1,2,1,1.0,4.0,75120,PORTE DES LILAS,M,"48,8748760","2,4106970",75,2019,70.0,1.0,1.0,4.0,2270554,1.0,1,4,1,1.0,,0.0,0,1976.0,B01,138Â 199Â 361,1.0,0.0,-1.0,1733045,2.0,10,,0.0,2.0,4.0,C01,138Â 199Â 362,1.0
1015257,201900056788,2,15,11:10,1,2,1,1.0,4.0,75120,PORTE DES LILAS,M,"48,8748760","2,4106970",75,2019,70.0,1.0,1.0,4.0,2270555,1.0,1,4,2,0.0,,0.0,0,1974.0,C01,138Â 199Â 362,1.0,0.0,-1.0,1733043,2.0,7,,0.0,2.0,3.0,A01,138Â 199Â 360,1.0
1015257,201900056788,2,15,11:10,1,2,1,1.0,4.0,75120,PORTE DES LILAS,M,"48,8748760","2,4106970",75,2019,70.0,1.0,1.0,4.0,2270555,1.0,1,4,2,0.0,,0.0,0,1974.0,C01,138Â 199Â 362,1.0,0.0,-1.0,1733044,2.0,10,,0.0,2.0,4.0,B01,138Â 199Â 361,1.0
1015257,201900056788,2,15,11:10,1,2,1,1.0,4.0,75120,PORTE DES LILAS,M,"48,8748760","2,4106970",75,2019,70.0,1.0,1.0,4.0,2270555,1.0,1,4,2,0.0,,0.0,0,1974.0,C01,138Â 199Â 362,1.0,0.0,-1.0,1733045,2.0,10,,0.0,2.0,4.0,C01,138Â 199Â 362,1.0
1015258,201900056789,11,30,10:25,1,2,1,1.0,3.0,77284,PARKING DECATHLON RUE G. CLAUDE,M,"48,9583546","2,9164565",77,2019,30.0,1.0,1.0,6.0,2270556,2.0,2,1,2,3.0,,-1.0, -1,1964.0,A01,138Â 199Â 358,1.0,0.0,-1.0,1733046,0.0,7,,0.0,2.0,2.0,A01,138Â 199Â 358,1.0
1015258,201900056789,11,30,10:25,1,2,1,1.0,3.0,77284,PARKING DECATHLON RUE G. CLAUDE,M,"48,9583546","2,9164565",77,2019,30.0,1.0,1.0,6.0,2270556,2.0,2,1,2,3.0,,-1.0, -1,1964.0,A01,138Â 199Â 358,1.0,0.0,-1.0,1733047,0.0,50,,0.0,2.0,8.0,B01,138Â 199Â 359,3.0
1015258,201900056789,11,30,10:25,1,2,1,1.0,3.0,77284,PARKING DECATHLON RUE G. CLAUDE,M,"48,9583546","2,9164565",77,2019,30.0,1.0,1.0,6.0,2270557,1.0,1,1,1,3.0,,-1.0, -1,1960.0,A01,138Â 199Â 358,1.0,0.0,-1.0,1733046,0.0,7,,0.0,2.0,2.0,A01,138Â 199Â 358,1.0
1015258,201900056789,11,30,10:25,1,2,1,1.0,3.0,77284,PARKING DECATHLON RUE G. CLAUDE,M,"48,9583546","2,9164565",77,2019,30.0,1.0,1.0,6.0,2270557,1.0,1,1,1,3.0,,-1.0, -1,1960.0,A01,138Â 199Â 358,1.0,0.0,-1.0,1733047,0.0,50,,0.0,2.0,8.0,B01,138Â 199Â 359,3.0
1015258,201900056789,11,30,10:25,1,2,1,1.0,3.0,77284,PARKING DECATHLON RUE G. CLAUDE,M,"48,9583546","2,9164565",77,2019,30.0,1.0,1.0,6.0,2270558,1.0,1,4,1,3.0,,-1.0,0,1980.0,B01,138Â 199Â 359,8.0,0.0,-1.0,1733046,0.0,7,,0.0,2.0,2.0,A01,138Â 199Â 358,1.0
1015258,201900056789,11,30,10:25,1,2,1,1.0,3.0,77284,PARKING DECATHLON RUE G. CLAUDE,M,"48,9583546","2,9164565",77,2019,30.0,1.0,1.0,6.0,2270558,1.0,1,4,1,3.0,,-1.0,0,1980.0,B01,138Â 199Â 359,8.0,0.0,-1.0,1733047,0.0,50,,0.0,2.0,8.0,B01,138Â 199Â 359,3.0
1015259,201900056790,2,13,18:45,5,2,1,1.0,3.0,75114,PORTE D ORLEANS,M,"48,8194170","2,3282910",75,2019,70.0,1.0,1.0,4.0,2270559,1.0,1,1,1,1.0,,0.0,0,1958.0,A01,138Â 199Â 355,1.0,0.0,-1.0,1733048,2.0,7,,0.0,2.0,7.0,A01,138Â 199Â 355,2.0
1015259,201900056790,2,13,18:45,5,2,1,1.0,3.0,75114,PORTE D ORLEANS,M,"48,8194170","2,3282910",75,2019,70.0,1.0,1.0,4.0,2270559,1.0,1,1,1,1.0,,0.0,0,1958.0,A01,138Â 199Â 355,1.0,0.0,-1.0,1733049,2.0,33,,0.0,2.0,8.0,B01,138Â 199Â 357,1.0
1015259,201900056790,2,13,18:45,5,2,1,1.0,3.0,75114,PORTE D ORLEANS,M,"48,8194170","2,3282910",75,2019,70.0,1.0,1.0,4.0,2270560,1.0,1,4,1,1.0,,0.0,0,1973.0,B01,138Â 199Â 357,2.0,6.0,-1.0,1733048,2.0,7,,0.0,2.0,7.0,A01,138Â 199Â 355,2.0
1015259,201900056790,2,13,18:45,5,2,1,1.0,3.0,75114,PORTE D ORLEANS,M,"48,8194170","2,3282910",75,2019,70.0,1.0,1.0,4.0,2270560,1.0,1,4,1,1.0,,0.0,0,1973.0,B01,138Â 199Â 357,2.0,6.0,-1.0,1733049,2.0,33,,0.0,2.0,8.0,B01,138Â 199Â 357,1.0
1015260,201900056791,11,30,14:35,1,2,3,1.0,2.0,69275,MARCEAU                             (R ),M,"45,7609700","4,9804700",69,2019,50.0,1.0,1.0,4.0,2270561,1.0,1,4,2,0.0,,-1.0, -1,1980.0,B01,138Â 199Â 354,1.0,0.0,-1.0,1733050,0.0,7,,0.0,0.0,5.0,B01,138Â 199Â 354,0.0
1015260,201900056791,11,30,14:35,1,2,3,1.0,2.0,69275,MARCEAU                             (R ),M,"45,7609700","4,9804700",69,2019,50.0,1.0,1.0,4.0,2270561,1.0,1,4,2,0.0,,-1.0, -1,1980.0,B01,138Â 199Â 354,1.0,0.0,-1.0,1733051,0.0,7,,0.0,2.0,3.0,A01,138Â 199Â 356,0.0
1015260,201900056791,11,30,14:35,1,2,3,1.0,2.0,69275,MARCEAU                             (R ),M,"45,7609700","4,9804700",69,2019,50.0,1.0,1.0,4.0,2270562,2.0,2,4,2,0.0,,-1.0,0,1955.0,B01,138Â 199Â 354,1.0,0.0,-1.0,1733050,0.0,7,,0.0,0.0,5.0,B01,138Â 199Â 354,0.0
1015260,201900056791,11,30,14:35,1,2,3,1.0,2.0,69275,MARCEAU                             (R ),M,"45,7609700","4,9804700",69,2019,50.0,1.0,1.0,4.0,2270562,2.0,2,4,2,0.0,,-1.0,0,1955.0,B01,138Â 199Â 354,1.0,0.0,-1.0,1733051,0.0,7,,0.0,2.0,3.0,A01,138Â 199Â 356,0.0
1015260,201900056791,11,30,14:35,1,2,3,1.0,2.0,69275,MARCEAU                             (R ),M,"45,7609700","4,9804700",69,2019,50.0,1.0,1.0,4.0,2270563,4.0,2,1,2,0.0,,-1.0, -1,2007.0,B01,138Â 199Â 354,1.0,0.0,-1.0,1733050,0.0,7,,0.0,0.0,5.0,B01,138Â 199Â 354,0.0
1015260,201900056791,11,30,14:35,1,2,3,1.0,2.0,69275,MARCEAU                             (R ),M,"45,7609700","4,9804700",69,2019,50.0,1.0,1.0,4.0,2270563,4.0,2,1,2,0.0,,-1.0, -1,2007.0,B01,138Â 199Â 354,1.0,0.0,-1.0,1733051,0.0,7,,0.0,2.0,3.0,A01,138Â 199Â 356,0.0
1015261,201900056792,5,31,18:00,1,2,7,1.0,3.0,75115,RUE CAMBRONNE,M,"48,8418210","2,3032650",75,2019,50.0,1.0,1.0,4.0,2270564,1.0,1,1,1,1.0,,0.0,0,1983.0,A01,138Â 199Â 350,8.0,0.0,-1.0,1733052,2.0,7,,0.0,2.0,1.0,A01,138Â 199Â 350,1.0
1015261,201900056792,5,31,18:00,1,2,7,1.0,3.0,75115,RUE CAMBRONNE,M,"48,8418210","2,3032650",75,2019,50.0,1.0,1.0,4.0,2270564,1.0,1,1,1,1.0,,0.0,0,1983.0,A01,138Â 199Â 350,8.0,0.0,-1.0,1733053,1.0,32,,0.0,2.0,8.0,B01,138Â 199Â 387,1.0
1015261,201900056792,5,31,18:00,1,2,7,1.0,3.0,75115,RUE CAMBRONNE,M,"48,8418210","2,3032650",75,2019,50.0,1.0,1.0,4.0,2270565,2.0,2,4,2,5.0,,0.0,0,1990.0,B01,138Â 199Â 387,2.0,8.0,-1.0,1733052,2.0,7,,0.0,2.0,1.0,A01,138Â 199Â 350,1.0
1015261,201900056792,5,31,18:00,1,2,7,1.0,3.0,75115,RUE CAMBRONNE,M,"48,8418210","2,3032650",75,2019,50.0,1.0,1.0,4.0,2270565,2.0,2,4,2,5.0,,0.0,0,1990.0,B01,138Â 199Â 387,2.0,8.0,-1.0,1733053,1.0,32,,0.0,2.0,8.0,B01,138Â 199Â 387,1.0
1015261,201900056792,5,31,18:00,1,2,7,1.0,3.0,75115,RUE CAMBRONNE,M,"48,8418210","2,3032650",75,2019,50.0,1.0,1.0,4.0,2270566,1.0,1,4,1,5.0,,0.0,0,1990.0,B01,138Â 199Â 387,2.0,8.0,-1.0,1733052,2.0,7,,0.0,2.0,1.0,A01,138Â 199Â 350,1.0
1015261,201900056792,5,31,18:00,1,2,7,1.0,3.0,75115,RUE CAMBRONNE,M,"48,8418210","2,3032650",75,2019,50.0,1.0,1.0,4.0,2270566,1.0,1,4,1,5.0,,0.0,0,1990.0,B01,138Â 199Â 387,2.0,8.0,-1.0,1733053,1.0,32,,0.0,2.0,8.0,B01,138Â 199Â 387,1.0
1015262,201900056793,5,31,15:50,1,2,3,1.0,7.0,75115,RUE LINOIS,M,"48,8485280","2,2828830",75,2019,50.0,1.0,1.0,4.0,2270567,1.0,1,4,1,5.0,,0.0,0,1983.0,A01,138Â 199Â 349,2.0,6.0,-1.0,1733054,1.0,30,,0.0,0.0,0.0,A01,138Â 199Â 349,1.0
1015263,201900056794,5,30,16:10,1,2,2,1.0,3.0,75115,BOULEVARD LEFEBVRE,M,"48,8284840","2,3013810",75,2019,50.0,1.0,1.0,4.0,2270568,2.0,2,1,2,5.0,,0.0,0,1952.0,B01,138Â 199Â 347,1.0,0.0,-1.0,1733055,1.0,7,,0.0,2.0,8.0,B01,138Â 199Â 347,1.0
1015263,201900056794,5,30,16:10,1,2,2,1.0,3.0,75115,BOULEVARD LEFEBVRE,M,"48,8284840","2,3013810",75,2019,50.0,1.0,1.0,4.0,2270568,2.0,2,1,2,5.0,,0.0,0,1952.0,B01,138Â 199Â 347,1.0,0.0,-1.0,1733056,2.0,7,,0.0,2.0,1.0,A01,138Â 199Â 348,1.0
1015263,201900056794,5,30,16:10,1,2,2,1.0,3.0,75115,BOULEVARD LEFEBVRE,M,"48,8284840","2,3013810",75,2019,50.0,1.0,1.0,4.0,2270569,4.0,2,1,1,5.0,,0.0,0,2004.0,B01,138Â 199Â 347,1.0,0.0,-1.0,1733055,1.0,7,,0.0,2.0,8.0,B01,138Â 199Â 347,1.0
1015263,201900056794,5,30,16:10,1,2,2,1.0,3.0,75115,BOULEVARD LEFEBVRE,M,"48,8284840","2,3013810",75,2019,50.0,1.0,1.0,4.0,2270569,4.0,2,1,1,5.0,,0.0,0,2004.0,B01,138Â 199Â 347,1.0,0.0,-1.0,1733056,2.0,7,,0.0,2.0,1.0,A01,138Â 199Â 348,1.0
1015263,201900056794,5,30,16:10,1,2,2,1.0,3.0,75115,BOULEVARD LEFEBVRE,M,"48,8284840","2,3013810",75,2019,50.0,1.0,1.0,4.0,2270570,1.0,1,4,2,5.0,,0.0,0,1976.0,B01,138Â 199Â 347,1.0,0.0,-1.0,1733055,1.0,7,,0.0,2.0,8.0,B01,138Â 199Â 347,1.0
1015263,201900056794,5,30,16:10,1,2,2,1.0,3.0,75115,BOULEVARD LEFEBVRE,M,"48,8284840","2,3013810",75,2019,50.0,1.0,1.0,4.0,2270570,1.0,1,4,2,5.0,,0.0,0,1976.0,B01,138Â 199Â 347,1.0,0.0,-1.0,1733056,2.0,7,,0.0,2.0,1.0,A01,138Â 199Â 348,1.0
1015263,201900056794,5,30,16:10,1,2,2,1.0,3.0,75115,BOULEVARD LEFEBVRE,M,"48,8284840","2,3013810",75,2019,50.0,1.0,1.0,4.0,2270571,1.0,1,1,2,5.0,,0.0,0,1951.0,A01,138Â 199Â 348,1.0,0.0,-1.0,1733055,1.0,7,,0.0,2.0,8.0,B01,138Â 199Â 347,1.0
1015263,201900056794,5,30,16:10,1,2,2,1.0,3.0,75115,BOULEVARD LEFEBVRE,M,"48,8284840","2,3013810",75,2019,50.0,1.0,1.0,4.0,2270571,1.0,1,1,2,5.0,,0.0,0,1951.0,A01,138Â 199Â 348,1.0,0.0,-1.0,1733056,2.0,7,,0.0,2.0,1.0,A01,138Â 199Â 348,1.0