Unnamed: 0_x,num_acc,mois,jour,hrmn,lum,agg,int,atm,col,com,adr,gps,lat,long,dep,annee,vma,situ,surf,catr,Unnamed: 0_y,place,catu,grav,sexe,trajet,secu,locp,actp,an_nais,num_veh_x,id_vehicule_x,secu1,secu2,secu3,Unnamed: 0,senc,catv,occutc,obs,obsm,choc,num_veh_y,id_vehicule_y,motor
1015264,201900056795,5,29,21:18,2,2,1,1.0,6.0,75115,RUE DE LA PORTE D ISSY,M,"48,8324670","2,2811440",75,2019,50.0,1.0,1.0,4.0,2270572,1.0,1,1,1,1.0,,0.0,0,1977.0,B01,138Â 199Â 345,1.0,0.0,-1.0,1733057,3.0,7,,0.0,2.0,2.0,B01,138Â 199Â 345,1.0
1015264,201900056795,5,29,21:18,2,2,1,1.0,6.0,75115,RUE DE LA PORTE D ISSY,M,"48,8324670","2,2811440",75,2019,50.0,1.0,1.0,4.0,2270572,1.0,1,1,1,1.0,,0.0,0,1977.0,B01,138Â 199Â 345,1.0,0.0,-1.0,1733058,2.0,7,,10.0,2.0,9.0,A01,138Â 199Â 346,1.0
1015264,201900056795,5,29,21:18,2,2,1,1.0,6.0,75115,RUE DE LA PORTE D ISSY,M,"48,8324670","2,2811440",75,2019,50.0,1.0,1.0,4.0,2270573,2.0,2,4,1,5.0,,0.0,0,1985.0,A01,138Â 199Â 346,1.0,0.0,-1.0,1733057,3.0,7,,0.0,2.0,2.0,B01,138Â 199Â 345,1.0
1015264,201900056795,5,29,21:18,2,2,1,1.0,6.0,75115,RUE DE LA PORTE D ISSY,M,"48,8324670","2,2811440",75,2019,50.0,1.0,1.0,4.0,2270573,2.0,2,4,1,5.0,,0.0,0,1985.0,A01,138Â 199Â 346,1.0,0.0,-1.0,1733058,2.0,7,,10.0,2.0,9.0,A01,138Â 199Â 346,1.0
1015264,201900056795,5,29,21:18,2,2,1,1.0,6.0,75115,RUE DE LA PORTE D ISSY,M,"48,8324670","2,2811440",75,2019,50.0,1.0,1.0,4.0,2270574,1.0,1,4,2,5.0,,0.0,0,1980.0,A01,138Â 199Â 346,1.0,0.0,-1.0,1733057,3.0,7,,0.0,2.0,2.0,B01,138Â 199Â 345,1.0
1015264,201900056795,5,29,21:18,2,2,1,1.0,6.0,75115,RUE DE LA PORTE D ISSY,M,"48,8324670","2,2811440",75,2019,50.0,1.0,1.0,4.0,2270574,1.0,1,4,2,5.0,,0.0,0,1980.0,A01,138Â 199Â 346,1.0,0.0,-1.0,1733058,2.0,7,,10.0,2.0,9.0,A01,138Â 199Â 346,1.0
1015265,201900056796,5,29,10:00,1,2,3,1.0,3.0,75115,RUE DESNOUETTES,M,"48,8360060","2,2904010",75,2019,50.0,1.0,1.0,4.0,2270575,1.0,1,1,1,4.0,,0.0,0,1974.0,A01,138Â 199Â 343,1.0,0.0,-1.0,1733059,2.0,10,,0.0,2.0,2.0,A01,138Â 199Â 343,1.0
1015265,201900056796,5,29,10:00,1,2,3,1.0,3.0,75115,RUE DESNOUETTES,M,"48,8360060","2,2904010",75,2019,50.0,1.0,1.0,4.0,2270575,1.0,1,1,1,4.0,,0.0,0,1974.0,A01,138Â 199Â 343,1.0,0.0,-1.0,1733060,2.0,34,,0.0,2.0,3.0,B01,138Â 199Â 344,1.0
1015265,201900056796,5,29,10:00,1,2,3,1.0,3.0,75115,RUE DESNOUETTES,M,"48,8360060","2,2904010",75,2019,50.0,1.0,1.0,4.0,2270576,1.0,1,4,1,1.0,,0.0,0,1990.0,B01,138Â 199Â 344,2.0,6.0,-1.0,1733059,2.0,10,,0.0,2.0,2.0,A01,138Â 199Â 343,1.0
1015265,201900056796,5,29,10:00,1,2,3,1.0,3.0,75115,RUE DESNOUETTES,M,"48,8360060","2,2904010",75,2019,50.0,1.0,1.0,4.0,2270576,1.0,1,4,1,1.0,,0.0,0,1990.0,B01,138Â 199Â 344,2.0,6.0,-1.0,1733060,2.0,34,,0.0,2.0,3.0,B01,138Â 199Â 344,1.0
1015266,201900056797,6,19,12:49,1,2,1,1.0,3.0,75114,RUE DU COMMANDANT RENE MOUCHOTTE,M,"48,8385660","2,3199470",75,2019,50.0,1.0,1.0,4.0,2270577,1.0,1,4,1,4.0,,0.0,0,1981.0,B01,138Â 199Â 341,8.0,0.0,-1.0,1733061,1.0,10,,0.0,2.0,1.0,B01,138Â 199Â 341,1.0
1015266,201900056797,6,19,12:49,1,2,1,1.0,3.0,75114,RUE DU COMMANDANT RENE MOUCHOTTE,M,"48,8385660","2,3199470",75,2019,50.0,1.0,1.0,4.0,2270577,1.0,1,4,1,4.0,,0.0,0,1981.0,B01,138Â 199Â 341,8.0,0.0,-1.0,1733062,2.0,7,,0.0,2.0,2.0,A01,138Â 199Â 342,1.0
1015266,201900056797,6,19,12:49,1,2,1,1.0,3.0,75114,RUE DU COMMANDANT RENE MOUCHOTTE,M,"48,8385660","2,3199470",75,2019,50.0,1.0,1.0,4.0,2270578,2.0,2,1,2,5.0,,0.0,0,1996.0,A01,138Â 199Â 342,8.0,0.0,-1.0,1733061,1.0,10,,0.0,2.0,1.0,B01,138Â 199Â 341,1.0
1015266,201900056797,6,19,12:49,1,2,1,1.0,3.0,75114,RUE DU COMMANDANT RENE MOUCHOTTE,M,"48,8385660","2,3199470",75,2019,50.0,1.0,1.0,4.0,2270578,2.0,2,1,2,5.0,,0.0,0,1996.0,A01,138Â 199Â 342,8.0,0.0,-1.0,1733062,2.0,7,,0.0,2.0,2.0,A01,138Â 199Â 342,1.0
1015266,201900056797,6,19,12:49,1,2,1,1.0,3.0,75114,RUE DU COMMANDANT RENE MOUCHOTTE,M,"48,8385660","2,3199470",75,2019,50.0,1.0,1.0,4.0,2270579,1.0,1,1,1,5.0,,0.0,0,1994.0,A01,138Â 199Â 342,8.0,0.0,-1.0,1733061,1.0,10,,0.0,2.0,1.0,B01,138Â 199Â 341,1.0
1015266,201900056797,6,19,12:49,1,2,1,1.0,3.0,75114,RUE DU COMMANDANT RENE MOUCHOTTE,M,"48,8385660","2,3199470",75,2019,50.0,1.0,1.0,4.0,2270579,1.0,1,1,1,5.0,,0.0,0,1994.0,A01,138Â 199Â 342,8.0,0.0,-1.0,1733062,2.0,7,,0.0,2.0,2.0,A01,138Â 199Â 342,1.0
1015267,201900056798,6,18,23:30,5,2,2,1.0,3.0,75115,RUE DE VAUGIRARD,M,"48,8372260","2,2964260",75,2019,50.0,1.0,1.0,4.0,2270580,1.0,1,4,1,5.0,,-1.0, -1,1987.0,B01,138Â 199Â 339,2.0,8.0,-1.0,1733063,1.0,30,,0.0,2.0,1.0,B01,138Â 199Â 339,1.0
1015267,201900056798,6,18,23:30,5,2,2,1.0,3.0,75115,RUE DE VAUGIRARD,M,"48,8372260","2,2964260",75,2019,50.0,1.0,1.0,4.0,2270580,1.0,1,4,1,5.0,,-1.0, -1,1987.0,B01,138Â 199Â 339,2.0,8.0,-1.0,1733064,1.0,10,,0.0,2.0,8.0,A01,138Â 199Â 340,1.0
1015267,201900056798,6,18,23:30,5,2,2,1.0,3.0,75115,RUE DE VAUGIRARD,M,"48,8372260","2,2964260",75,2019,50.0,1.0,1.0,4.0,2270581,1.0,1,1,1,5.0,,0.0,0,1988.0,A01,138Â 199Â 340,8.0,0.0,-1.0,1733063,1.0,30,,0.0,2.0,1.0,B01,138Â 199Â 339,1.0
1015267,201900056798,6,18,23:30,5,2,2,1.0,3.0,75115,RUE DE VAUGIRARD,M,"48,8372260","2,2964260",75,2019,50.0,1.0,1.0,4.0,2270581,1.0,1,1,1,5.0,,0.0,0,1988.0,A01,138Â 199Â 340,8.0,0.0,-1.0,1733064,1.0,10,,0.0,2.0,8.0,A01,138Â 199Â 340,1.0
1015268,201900056799,12,1,06:40,3,1,1,1.0,6.0,67180,RD 1340,M,"48,7898032","7,7409625",67,2019,90.0,1.0,1.0,3.0,2270582,1.0,1,3,2,5.0,,-1.0,0,1986.0,A01,138Â 199Â 351,1.0,8.0,-1.0,1733065,1.0,7,,2.0,0.0,1.0,A01,138Â 199Â 351,1.0
1015269,201900056800,6,16,20:20,1,2,3,1.0,3.0,75114,AVENUE DU MAINE,M,"48,8354890","2,3237410",75,2019,50.0,1.0,1.0,4.0,2270583,1.0,1,1,1,0.0,,0.0,0,1994.0,A01,138Â 199Â 337,2.0,6.0,-1.0,1733066,2.0,32,,0.0,2.0,2.0,A01,138Â 199Â 337,1.0
1015269,201900056800,6,16,20:20,1,2,3,1.0,3.0,75114,AVENUE DU MAINE,M,"48,8354890","2,3237410",75,2019,50.0,1.0,1.0,4.0,2270583,1.0,1,1,1,0.0,,0.0,0,1994.0,A01,138Â 199Â 337,2.0,6.0,-1.0,1733067,2.0,33,,0.0,2.0,1.0,B01,138Â 199Â 338,1.0
1015269,201900056800,6,16,20:20,1,2,3,1.0,3.0,75114,AVENUE DU MAINE,M,"48,8354890","2,3237410",75,2019,50.0,1.0,1.0,4.0,2270584,2.0,2,1,2,0.0,,0.0,0,1986.0,B01,138Â 199Â 338,2.0,6.0,-1.0,1733066,2.0,32,,0.0,2.0,2.0,A01,138Â 199Â 337,1.0
1015269,201900056800,6,16,20:20,1,2,3,1.0,3.0,75114,AVENUE DU MAINE,M,"48,8354890","2,3237410",75,2019,50.0,1.0,1.0,4.0,2270584,2.0,2,1,2,0.0,,0.0,0,1986.0,B01,138Â 199Â 338,2.0,6.0,-1.0,1733067,2.0,33,,0.0,2.0,1.0,B01,138Â 199Â 338,1.0
1015269,201900056800,6,16,20:20,1,2,3,1.0,3.0,75114,AVENUE DU MAINE,M,"48,8354890","2,3237410",75,2019,50.0,1.0,1.0,4.0,2270585,1.0,1,4,1,0.0,,0.0,0,1985.0,B01,138Â 199Â 338,2.0,6.0,-1.0,1733066,2.0,32,,0.0,2.0,2.0,A01,138Â 199Â 337,1.0
1015269,201900056800,6,16,20:20,1,2,3,1.0,3.0,75114,AVENUE DU MAINE,M,"48,8354890","2,3237410",75,2019,50.0,1.0,1.0,4.0,2270585,1.0,1,4,1,0.0,,0.0,0,1985.0,B01,138Â 199Â 338,2.0,6.0,-1.0,1733067,2.0,33,,0.0,2.0,1.0,B01,138Â 199Â 338,1.0
1015270,201900056801,12,1,20:20,5,2,1,1.0,2.0,59279,RD 191,M,"50,7713537","3,1023878",59,2019,50.0,1.0,1.0,7.0,2270586,1.0,1,4,1,5.0,,-1.0, -1,1956.0,B01,138Â 199Â 336,1.0,8.0,-1.0,1733068,1.0,10,,0.0,2.0,1.0,A01,138Â 199Â 335,1.0
1015270,201900056801,12,1,20:20,5,2,1,1.0,2.0,59279,RD 191,M,"50,7713537","3,1023878",59,2019,50.0,1.0,1.0,7.0,2270586,1.0,1,4,1,5.0,,-1.0, -1,1956.0,B01,138Â 199Â 336,1.0,8.0,-1.0,1733069,1.0,10,,0.0,2.0,0.0,B01,138Â 199Â 336,1.0
1015270,201900056801,12,1,20:20,5,2,1,1.0,2.0,59279,RD 191,M,"50,7713537","3,1023878",59,2019,50.0,1.0,1.0,7.0,2270587,2.0,2,1,2,5.0,,-1.0, -1,1958.0,B01,138Â 199Â 336,1.0,8.0,-1.0,1733068,1.0,10,,0.0,2.0,1.0,A01,138Â 199Â 335,1.0
1015270,201900056801,12,1,20:20,5,2,1,1.0,2.0,59279,RD 191,M,"50,7713537","3,1023878",59,2019,50.0,1.0,1.0,7.0,2270587,2.0,2,1,2,5.0,,-1.0, -1,1958.0,B01,138Â 199Â 336,1.0,8.0,-1.0,1733069,1.0,10,,0.0,2.0,0.0,B01,138Â 199Â 336,1.0
1015271,201900056802,2,13,14:30,1,2,4,1.0,2.0,75119,BD PERIPHERIQUE EXTERIEUR,M,"48,8810630","2,4040270",75,2019,70.0,1.0,1.0,4.0,2270588,1.0,1,4,1,1.0,,0.0,0,1988.0,A01,138Â 199Â 352,2.0,6.0,-1.0,1733070,2.0,34,,0.0,2.0,1.0,A01,138Â 199Â 352,1.0
1015271,201900056802,2,13,14:30,1,2,4,1.0,2.0,75119,BD PERIPHERIQUE EXTERIEUR,M,"48,8810630","2,4040270",75,2019,70.0,1.0,1.0,4.0,2270588,1.0,1,4,1,1.0,,0.0,0,1988.0,A01,138Â 199Â 352,2.0,6.0,-1.0,1733071,2.0,10,,0.0,2.0,4.0,B01,138Â 199Â 353,1.0
1015271,201900056802,2,13,14:30,1,2,4,1.0,2.0,75119,BD PERIPHERIQUE EXTERIEUR,M,"48,8810630","2,4040270",75,2019,70.0,1.0,1.0,4.0,2270589,1.0,1,1,1,4.0,,0.0,0,1980.0,B01,138Â 199Â 353,1.0,0.0,-1.0,1733070,2.0,34,,0.0,2.0,1.0,A01,138Â 199Â 352,1.0
1015271,201900056802,2,13,14:30,1,2,4,1.0,2.0,75119,BD PERIPHERIQUE EXTERIEUR,M,"48,8810630","2,4040270",75,2019,70.0,1.0,1.0,4.0,2270589,1.0,1,1,1,4.0,,0.0,0,1980.0,B01,138Â 199Â 353,1.0,0.0,-1.0,1733071,2.0,10,,0.0,2.0,4.0,B01,138Â 199Â 353,1.0
1015272,201900056803,11,27,14:00,1,2,1,2.0,6.0,59360,KUHLMANN AVENUE,M,"50,6212000","3,0160600",59,2019,50.0,1.0,2.0,7.0,2270590,10.0,3,4,1,5.0,,1.0,1,2002.0,Z01,138Â 199Â 333,0.0,-1.0,-1.0,1733072,1.0,7,,0.0,1.0,2.0,Z01,138Â 199Â 333,1.0
1015273,201900056804,6,13,07:50,1,2,2,8.0,3.0,75114,AVENUE ERNEST REYER,M,"48,8226600","2,3226690",75,2019,50.0,1.0,1.0,4.0,2270591,1.0,1,1,1,4.0,,0.0,0,1986.0,A01,138Â 199Â 332,8.0,0.0,-1.0,1733073,2.0,37,1.0,0.0,2.0,7.0,A01,138Â 199Â 332,1.0
1015273,201900056804,6,13,07:50,1,2,2,8.0,3.0,75114,AVENUE ERNEST REYER,M,"48,8226600","2,3226690",75,2019,50.0,1.0,1.0,4.0,2270591,1.0,1,1,1,4.0,,0.0,0,1986.0,A01,138Â 199Â 332,8.0,0.0,-1.0,1733074,1.0,60,,0.0,2.0,0.0,B01,138Â 199Â 334,5.0
1015273,201900056804,6,13,07:50,1,2,2,8.0,3.0,75114,AVENUE ERNEST REYER,M,"48,8226600","2,3226690",75,2019,50.0,1.0,1.0,4.0,2270592,10.0,3,4,1,2.0,,4.0,3,2008.0,B01,138Â 199Â 334,8.0,0.0,-1.0,1733073,2.0,37,1.0,0.0,2.0,7.0,A01,138Â 199Â 332,1.0
1015273,201900056804,6,13,07:50,1,2,2,8.0,3.0,75114,AVENUE ERNEST REYER,M,"48,8226600","2,3226690",75,2019,50.0,1.0,1.0,4.0,2270592,10.0,3,4,1,2.0,,4.0,3,2008.0,B01,138Â 199Â 334,8.0,0.0,-1.0,1733074,1.0,60,,0.0,2.0,0.0,B01,138Â 199Â 334,5.0
1015274,201900056805,2,12,17:20,1,2,1,1.0,3.0,75115,BOULEVARD PERIPHERIQUE,M,"48,8260870","2,2983060",75,2019,70.0,1.0,1.0,4.0,2270593,1.0,1,1,1,5.0,,0.0,0,1972.0,A01,138Â 199Â 330,1.0,0.0,-1.0,1733075,2.0,7,,0.0,2.0,6.0,A01,138Â 199Â 330,1.0
1015274,201900056805,2,12,17:20,1,2,1,1.0,3.0,75115,BOULEVARD PERIPHERIQUE,M,"48,8260870","2,2983060",75,2019,70.0,1.0,1.0,4.0,2270593,1.0,1,1,1,5.0,,0.0,0,1972.0,A01,138Â 199Â 330,1.0,0.0,-1.0,1733076,2.0,33,,0.0,2.0,1.0,B01,138Â 199Â 331,1.0
1015274,201900056805,2,12,17:20,1,2,1,1.0,3.0,75115,BOULEVARD PERIPHERIQUE,M,"48,8260870","2,2983060",75,2019,70.0,1.0,1.0,4.0,2270594,1.0,1,4,1,1.0,,0.0,0,1979.0,B01,138Â 199Â 331,2.0,6.0,-1.0,1733075,2.0,7,,0.0,2.0,6.0,A01,138Â 199Â 330,1.0
1015274,201900056805,2,12,17:20,1,2,1,1.0,3.0,75115,BOULEVARD PERIPHERIQUE,M,"48,8260870","2,2983060",75,2019,70.0,1.0,1.0,4.0,2270594,1.0,1,4,1,1.0,,0.0,0,1979.0,B01,138Â 199Â 331,2.0,6.0,-1.0,1733076,2.0,33,,0.0,2.0,1.0,B01,138Â 199Â 331,1.0
1015275,201900056806,6,12,20:35,1,2,1,8.0,6.0,75114,BOULEVARD EDGAR QUINET,M,"48,8405670","2,3269640",75,2019,50.0,1.0,2.0,4.0,2270595,10.0,3,3,1,5.0,,2.0,3,1984.0,A01,138Â 199Â 327,8.0,0.0,-1.0,1733077,2.0,1,,1.0,2.0,1.0,A01,138Â 199Â 327,5.0
1015275,201900056806,6,12,20:35,1,2,1,8.0,6.0,75114,BOULEVARD EDGAR QUINET,M,"48,8405670","2,3269640",75,2019,50.0,1.0,2.0,4.0,2270595,10.0,3,3,1,5.0,,2.0,3,1984.0,A01,138Â 199Â 327,8.0,0.0,-1.0,1733078,2.0,1,,0.0,2.0,1.0,B01,138Â 199Â 329,5.0
1015275,201900056806,6,12,20:35,1,2,1,8.0,6.0,75114,BOULEVARD EDGAR QUINET,M,"48,8405670","2,3269640",75,2019,50.0,1.0,2.0,4.0,2270596,1.0,1,4,1,9.0,,0.0,0,1990.0,A01,138Â 199Â 327,2.0,8.0,-1.0,1733077,2.0,1,,1.0,2.0,1.0,A01,138Â 199Â 327,5.0
1015275,201900056806,6,12,20:35,1,2,1,8.0,6.0,75114,BOULEVARD EDGAR QUINET,M,"48,8405670","2,3269640",75,2019,50.0,1.0,2.0,4.0,2270596,1.0,1,4,1,9.0,,0.0,0,1990.0,A01,138Â 199Â 327,2.0,8.0,-1.0,1733078,2.0,1,,0.0,2.0,1.0,B01,138Â 199Â 329,5.0
1015275,201900056806,6,12,20:35,1,2,1,8.0,6.0,75114,BOULEVARD EDGAR QUINET,M,"48,8405670","2,3269640",75,2019,50.0,1.0,2.0,4.0,2270597,1.0,1,4,1,9.0,,0.0,0,1991.0,B01,138Â 199Â 329,2.0,8.0,-1.0,1733077,2.0,1,,1.0,2.0,1.0,A01,138Â 199Â 327,5.0
1015275,201900056806,6,12,20:35,1,2,1,8.0,6.0,75114,BOULEVARD EDGAR QUINET,M,"48,8405670","2,3269640",75,2019,50.0,1.0,2.0,4.0,2270597,1.0,1,4,1,9.0,,0.0,0,1991.0,B01,138Â 199Â 329,2.0,8.0,-1.0,1733078,2.0,1,,0.0,2.0,1.0,B01,138Â 199Â 329,5.0
1015276,201900056807,2,11,19:10,5,2,1,1.0,2.0,75116,BOULEVARD PERIPHERIQUE,M,"48,8665240","2,2687920",75,2019,70.0,1.0,1.0,4.0,2270598,1.0,1,1,1,1.0,,0.0,0,1956.0,A01,138Â 199Â 324,1.0,0.0,-1.0,1733079,1.0,7,,0.0,2.0,1.0,A01,138Â 199Â 324,1.0
1015276,201900056807,2,11,19:10,5,2,1,1.0,2.0,75116,BOULEVARD PERIPHERIQUE,M,"48,8665240","2,2687920",75,2019,70.0,1.0,1.0,4.0,2270598,1.0,1,1,1,1.0,,0.0,0,1956.0,A01,138Â 199Â 324,1.0,0.0,-1.0,1733080,1.0,7,,0.0,2.0,5.0,B01,138Â 199Â 325,1.0
1015276,201900056807,2,11,19:10,5,2,1,1.0,2.0,75116,BOULEVARD PERIPHERIQUE,M,"48,8665240","2,2687920",75,2019,70.0,1.0,1.0,4.0,2270599,2.0,2,4,2,1.0,,0.0,0,1988.0,B01,138Â 199Â 325,1.0,0.0,-1.0,1733079,1.0,7,,0.0,2.0,1.0,A01,138Â 199Â 324,1.0
1015276,201900056807,2,11,19:10,5,2,1,1.0,2.0,75116,BOULEVARD PERIPHERIQUE,M,"48,8665240","2,2687920",75,2019,70.0,1.0,1.0,4.0,2270599,2.0,2,4,2,1.0,,0.0,0,1988.0,B01,138Â 199Â 325,1.0,0.0,-1.0,1733080,1.0,7,,0.0,2.0,5.0,B01,138Â 199Â 325,1.0
1015276,201900056807,2,11,19:10,5,2,1,1.0,2.0,75116,BOULEVARD PERIPHERIQUE,M,"48,8665240","2,2687920",75,2019,70.0,1.0,1.0,4.0,2270600,1.0,1,1,2,1.0,,0.0,0,1969.0,B01,138Â 199Â 325,1.0,0.0,-1.0,1733079,1.0,7,,0.0,2.0,1.0,A01,138Â 199Â 324,1.0
1015276,201900056807,2,11,19:10,5,2,1,1.0,2.0,75116,BOULEVARD PERIPHERIQUE,M,"48,8665240","2,2687920",75,2019,70.0,1.0,1.0,4.0,2270600,1.0,1,1,2,1.0,,0.0,0,1969.0,B01,138Â 199Â 325,1.0,0.0,-1.0,1733080,1.0,7,,0.0,2.0,5.0,B01,138Â 199Â 325,1.0
1015277,201900056808,6,11,23:45,5,2,2,1.0,3.0,75114,AVENUE DU MAINE,M,"48,8368280","2,3232290",75,2019,50.0,1.0,1.0,4.0,2270601,1.0,1,3,1,4.0,,0.0,0,1985.0,B01,138Â 199Â 321,2.0,6.0,-1.0,1733081,1.0,2,,0.0,2.0,1.0,B01,138Â 199Â 321,1.0
1015277,201900056808,6,11,23:45,5,2,2,1.0,3.0,75114,AVENUE DU MAINE,M,"48,8368280","2,3232290",75,2019,50.0,1.0,1.0,4.0,2270601,1.0,1,3,1,4.0,,0.0,0,1985.0,B01,138Â 199Â 321,2.0,6.0,-1.0,1733082,2.0,7,,0.0,2.0,5.0,A01,138Â 199Â 323,1.0
1015277,201900056808,6,11,23:45,5,2,2,1.0,3.0,75114,AVENUE DU MAINE,M,"48,8368280","2,3232290",75,2019,50.0,1.0,1.0,4.0,2270602,1.0,1,1,2,9.0,,0.0,0,1988.0,A01,138Â 199Â 323,1.0,0.0,-1.0,1733081,1.0,2,,0.0,2.0,1.0,B01,138Â 199Â 321,1.0
1015277,201900056808,6,11,23:45,5,2,2,1.0,3.0,75114,AVENUE DU MAINE,M,"48,8368280","2,3232290",75,2019,50.0,1.0,1.0,4.0,2270602,1.0,1,1,2,9.0,,0.0,0,1988.0,A01,138Â 199Â 323,1.0,0.0,-1.0,1733082,2.0,7,,0.0,2.0,5.0,A01,138Â 199Â 323,1.0
1015278,201900056809,6,11,17:55,1,2,3,2.0,3.0,75114,AVENUE JEAN MOULIN,M,"48,8254270","2,3213070",75,2019,50.0,1.0,2.0,4.0,2270603,1.0,1,1,1,0.0,,0.0,0,2001.0,A01,138Â 199Â 315,1.0,0.0,-1.0,1733083,1.0,7,,0.0,2.0,6.0,A01,138Â 199Â 315,1.0
1015278,201900056809,6,11,17:55,1,2,3,2.0,3.0,75114,AVENUE JEAN MOULIN,M,"48,8254270","2,3213070",75,2019,50.0,1.0,2.0,4.0,2270603,1.0,1,1,1,0.0,,0.0,0,2001.0,A01,138Â 199Â 315,1.0,0.0,-1.0,1733084,1.0,33,,0.0,2.0,1.0,B01,138Â 199Â 316,1.0
1015278,201900056809,6,11,17:55,1,2,3,2.0,3.0,75114,AVENUE JEAN MOULIN,M,"48,8254270","2,3213070",75,2019,50.0,1.0,2.0,4.0,2270604,2.0,2,4,2,4.0,,0.0,0,1967.0,B01,138Â 199Â 316,2.0,6.0,-1.0,1733083,1.0,7,,0.0,2.0,6.0,A01,138Â 199Â 315,1.0
1015278,201900056809,6,11,17:55,1,2,3,2.0,3.0,75114,AVENUE JEAN MOULIN,M,"48,8254270","2,3213070",75,2019,50.0,1.0,2.0,4.0,2270604,2.0,2,4,2,4.0,,0.0,0,1967.0,B01,138Â 199Â 316,2.0,6.0,-1.0,1733084,1.0,33,,0.0,2.0,1.0,B01,138Â 199Â 316,1.0
1015278,201900056809,6,11,17:55,1,2,3,2.0,3.0,75114,AVENUE JEAN MOULIN,M,"48,8254270","2,3213070",75,2019,50.0,1.0,2.0,4.0,2270605,1.0,1,1,1,5.0,,0.0,0,1967.0,B01,138Â 199Â 316,2.0,6.0,-1.0,1733083,1.0,7,,0.0,2.0,6.0,A01,138Â 199Â 315,1.0
1015278,201900056809,6,11,17:55,1,2,3,2.0,3.0,75114,AVENUE JEAN MOULIN,M,"48,8254270","2,3213070",75,2019,50.0,1.0,2.0,4.0,2270605,1.0,1,1,1,5.0,,0.0,0,1967.0,B01,138Â 199Â 316,2.0,6.0,-1.0,1733084,1.0,33,,0.0,2.0,1.0,B01,138Â 199Â 316,1.0
1015279,201900056810,2,9,11:15,1,2,1,1.0,6.0,75118,PORTE DE LA CHAPELLE,M,"48,9009660","2,3548600",75,2019,70.0,1.0,1.0,4.0,2270606,1.0,1,4,1,1.0,,0.0,0,1977.0,A01,138Â 199Â 317,2.0,6.0,-1.0,1733085,1.0,32,,0.0,2.0,8.0,A01,138Â 199Â 317,1.0
1015279,201900056810,2,9,11:15,1,2,1,1.0,6.0,75118,PORTE DE LA CHAPELLE,M,"48,9009660","2,3548600",75,2019,70.0,1.0,1.0,4.0,2270606,1.0,1,4,1,1.0,,0.0,0,1977.0,A01,138Â 199Â 317,2.0,6.0,-1.0,1733086,1.0,7,,0.0,2.0,7.0,Z01,138Â 199Â 319,1.0
1015280,201900056811,12,1,14:25,1,2,1,1.0,7.0,29232,RESISTANCE ET GENERAL DE GAULLE PLACE DE,M,"48,0037700"," -4,0972000",29,2019,50.0,1.0,1.0,4.0,2270607,1.0,1,4,2,5.0,,-1.0,0,1964.0,A01,138Â 199Â 314,1.0,5.0,-1.0,1733087,2.0,7,,1.0,0.0,1.0,A01,138Â 199Â 314,1.0
1015281,201900056812,6,11,12:30,1,2,1,1.0,7.0,75114,RUE D ALESIA,M,"48,8285300","2,3248310",75,2019,50.0,1.0,1.0,4.0,2270608,1.0,1,4,1,4.0,,0.0,0,2000.0,A01,138Â 199Â 313,2.0,0.0,-1.0,1733088,2.0,30,,0.0,0.0,7.0,A01,138Â 199Â 313,1.0
1015282,201900056813,2,8,17:00,2,2,1,1.0,3.0,75118,BOULEVARD PERIPHERIQUE,M,"48,9008020","2,3698070",75,2019,70.0,1.0,1.0,4.0,2270609,1.0,1,3,1,1.0,,0.0,0,1973.0,B01,138Â 199Â 311,2.0,6.0,-1.0,1733089,2.0,31,,0.0,2.0,8.0,B01,138Â 199Â 311,1.0
1015282,201900056813,2,8,17:00,2,2,1,1.0,3.0,75118,BOULEVARD PERIPHERIQUE,M,"48,9008020","2,3698070",75,2019,70.0,1.0,1.0,4.0,2270609,1.0,1,3,1,1.0,,0.0,0,1973.0,B01,138Â 199Â 311,2.0,6.0,-1.0,1733090,2.0,7,,0.0,2.0,7.0,A01,138Â 199Â 312,1.0
1015282,201900056813,2,8,17:00,2,2,1,1.0,3.0,75118,BOULEVARD PERIPHERIQUE,M,"48,9008020","2,3698070",75,2019,70.0,1.0,1.0,4.0,2270610,1.0,1,1,2,1.0,,0.0,0,1988.0,A01,138Â 199Â 312,1.0,0.0,-1.0,1733089,2.0,31,,0.0,2.0,8.0,B01,138Â 199Â 311,1.0
1015282,201900056813,2,8,17:00,2,2,1,1.0,3.0,75118,BOULEVARD PERIPHERIQUE,M,"48,9008020","2,3698070",75,2019,70.0,1.0,1.0,4.0,2270610,1.0,1,1,2,1.0,,0.0,0,1988.0,A01,138Â 199Â 312,1.0,0.0,-1.0,1733090,2.0,7,,0.0,2.0,7.0,A01,138Â 199Â 312,1.0
1015283,201900056814,12,1,05:30,3,1,1,2.0,6.0,29051,ROUTE d'ELLIANT,M,"47,9886300"," -4,0058000",29,2019,80.0,1.0,2.0,3.0,2270611,1.0,1,4,2,5.0,,-1.0,0,1996.0,A01,138Â 199Â 309,1.0,0.0,-1.0,1733091,2.0,7,,13.0,0.0,2.0,A01,138Â 199Â 309,1.0
1015284,201900056815,6,8,03:10,5,2,2,1.0,3.0,75114,BOULEVARD SAINT JACQUES,M,"48,8330340","2,3360030",75,2019,50.0,1.0,1.0,4.0,2270612,1.0,1,4,1,5.0,,0.0,0,1992.0,A01,138Â 199Â 308,2.0,6.0,-1.0,1733092,2.0,43,,0.0,2.0,1.0,A01,138Â 199Â 308,1.0