Unnamed: 0_x,num_acc,mois,jour,hrmn,lum,agg,int,atm,col,com,adr,gps,lat,long,dep,annee,vma,situ,surf,catr,Unnamed: 0_y,place,catu,grav,sexe,trajet,secu,locp,actp,an_nais,num_veh_x,id_vehicule_x,secu1,secu2,secu3,Unnamed: 0,senc,catv,occutc,obs,obsm,choc,num_veh_y,id_vehicule_y,motor
1015284,201900056815,6,8,03:10,5,2,2,1.0,3.0,75114,BOULEVARD SAINT JACQUES,M,"48,8330340","2,3360030",75,2019,50.0,1.0,1.0,4.0,2270612,1.0,1,4,1,5.0,,0.0,0,1992.0,A01,138Â 199Â 308,2.0,6.0,-1.0,1733093,2.0,7,,0.0,2.0,6.0,B01,138Â 199Â 310,1.0
1015284,201900056815,6,8,03:10,5,2,2,1.0,3.0,75114,BOULEVARD SAINT JACQUES,M,"48,8330340","2,3360030",75,2019,50.0,1.0,1.0,4.0,2270613,1.0,1,1,1,5.0,,0.0,0,1986.0,B01,138Â 199Â 310,1.0,0.0,-1.0,1733092,2.0,43,,0.0,2.0,1.0,A01,138Â 199Â 308,1.0
1015284,201900056815,6,8,03:10,5,2,2,1.0,3.0,75114,BOULEVARD SAINT JACQUES,M,"48,8330340","2,3360030",75,2019,50.0,1.0,1.0,4.0,2270613,1.0,1,1,1,5.0,,0.0,0,1986.0,B01,138Â 199Â 310,1.0,0.0,-1.0,1733093,2.0,7,,0.0,2.0,6.0,B01,138Â 199Â 310,1.0
1015285,201900056816,2,8,19:15,5,2,1,1.0,3.0,75119,BOULEVARD PERIPHERIQUE,M,"48,8882460","2,3965600",75,2019,70.0,1.0,1.0,4.0,2270614,1.0,1,4,1,1.0,,0.0,0,1989.0,B01,138Â 199Â 306,2.0,6.0,-1.0,1733094,1.0,33,,0.0,2.0,1.0,B01,138Â 199Â 306,1.0
1015285,201900056816,2,8,19:15,5,2,1,1.0,3.0,75119,BOULEVARD PERIPHERIQUE,M,"48,8882460","2,3965600",75,2019,70.0,1.0,1.0,4.0,2270614,1.0,1,4,1,1.0,,0.0,0,1989.0,B01,138Â 199Â 306,2.0,6.0,-1.0,1733095,1.0,7,,0.0,2.0,2.0,A01,138Â 199Â 307,1.0
1015285,201900056816,2,8,19:15,5,2,1,1.0,3.0,75119,BOULEVARD PERIPHERIQUE,M,"48,8882460","2,3965600",75,2019,70.0,1.0,1.0,4.0,2270615,1.0,1,1,1,5.0,,0.0,0,1990.0,A01,138Â 199Â 307,1.0,0.0,-1.0,1733094,1.0,33,,0.0,2.0,1.0,B01,138Â 199Â 306,1.0
1015285,201900056816,2,8,19:15,5,2,1,1.0,3.0,75119,BOULEVARD PERIPHERIQUE,M,"48,8882460","2,3965600",75,2019,70.0,1.0,1.0,4.0,2270615,1.0,1,1,1,5.0,,0.0,0,1990.0,A01,138Â 199Â 307,1.0,0.0,-1.0,1733095,1.0,7,,0.0,2.0,2.0,A01,138Â 199Â 307,1.0
1015286,201900056817,12,1,14:00,1,2,9,2.0,3.0,26362,ROND POINT DES COULEURS,M,"44,9548500","4,9322600",26,2019,50.0,1.0,2.0,2.0,2270616,1.0,1,1,2,0.0,,0.0,0,1975.0,B01,138Â 199Â 304,1.0,0.0,-1.0,1733096,1.0,7,,0.0,2.0,0.0,B01,138Â 199Â 304,1.0
1015286,201900056817,12,1,14:00,1,2,9,2.0,3.0,26362,ROND POINT DES COULEURS,M,"44,9548500","4,9322600",26,2019,50.0,1.0,2.0,2.0,2270616,1.0,1,1,2,0.0,,0.0,0,1975.0,B01,138Â 199Â 304,1.0,0.0,-1.0,1733097,1.0,7,,0.0,2.0,0.0,A01,138Â 199Â 305,1.0
1015286,201900056817,12,1,14:00,1,2,9,2.0,3.0,26362,ROND POINT DES COULEURS,M,"44,9548500","4,9322600",26,2019,50.0,1.0,2.0,2.0,2270617,2.0,2,1,1,0.0,,0.0,0,2000.0,B01,138Â 199Â 304,1.0,0.0,-1.0,1733096,1.0,7,,0.0,2.0,0.0,B01,138Â 199Â 304,1.0
1015286,201900056817,12,1,14:00,1,2,9,2.0,3.0,26362,ROND POINT DES COULEURS,M,"44,9548500","4,9322600",26,2019,50.0,1.0,2.0,2.0,2270617,2.0,2,1,1,0.0,,0.0,0,2000.0,B01,138Â 199Â 304,1.0,0.0,-1.0,1733097,1.0,7,,0.0,2.0,0.0,A01,138Â 199Â 305,1.0
1015286,201900056817,12,1,14:00,1,2,9,2.0,3.0,26362,ROND POINT DES COULEURS,M,"44,9548500","4,9322600",26,2019,50.0,1.0,2.0,2.0,2270618,1.0,1,4,2,0.0,,0.0,0,1971.0,A01,138Â 199Â 305,1.0,0.0,-1.0,1733096,1.0,7,,0.0,2.0,0.0,B01,138Â 199Â 304,1.0
1015286,201900056817,12,1,14:00,1,2,9,2.0,3.0,26362,ROND POINT DES COULEURS,M,"44,9548500","4,9322600",26,2019,50.0,1.0,2.0,2.0,2270618,1.0,1,4,2,0.0,,0.0,0,1971.0,A01,138Â 199Â 305,1.0,0.0,-1.0,1733097,1.0,7,,0.0,2.0,0.0,A01,138Â 199Â 305,1.0
1015287,201900056818,2,16,17:49,1,2,4,1.0,6.0,75110,RUE DU FAUBOURG DU TEMPLE,M,"48,8681540","2,3654170",75,2019,50.0,1.0,1.0,4.0,2270619,10.0,3,1,1,9.0,,2.0,3,1956.0,A01,138Â 199Â 302,8.0,0.0,-1.0,1733098,1.0,1,,0.0,1.0,1.0,A01,138Â 199Â 302,5.0
1015287,201900056818,2,16,17:49,1,2,4,1.0,6.0,75110,RUE DU FAUBOURG DU TEMPLE,M,"48,8681540","2,3654170",75,2019,50.0,1.0,1.0,4.0,2270620,1.0,1,3,2,0.0,,0.0,0,1967.0,A01,138Â 199Â 302,8.0,0.0,-1.0,1733098,1.0,1,,0.0,1.0,1.0,A01,138Â 199Â 302,5.0
1015288,201900056819,6,7,10:35,1,2,7,2.0,6.0,75114,AVENUE DU COLONEL HENRI ROL TANGUY,M,"48,8337030","2,3319260",75,2019,50.0,1.0,2.0,4.0,2270621,1.0,1,4,1,4.0,,0.0,0,1991.0,B01,138Â 199Â 301,2.0,0.0,-1.0,1733099,1.0,1,,0.0,2.0,0.0,B01,138Â 199Â 301,5.0
1015288,201900056819,6,7,10:35,1,2,7,2.0,6.0,75114,AVENUE DU COLONEL HENRI ROL TANGUY,M,"48,8337030","2,3319260",75,2019,50.0,1.0,2.0,4.0,2270621,1.0,1,4,1,4.0,,0.0,0,1991.0,B01,138Â 199Â 301,2.0,0.0,-1.0,1733100,1.0,10,,0.0,2.0,0.0,A01,138Â 199Â 303,1.0
1015288,201900056819,6,7,10:35,1,2,7,2.0,6.0,75114,AVENUE DU COLONEL HENRI ROL TANGUY,M,"48,8337030","2,3319260",75,2019,50.0,1.0,2.0,4.0,2270622,1.0,1,1,1,4.0,,0.0,0,1967.0,A01,138Â 199Â 303,1.0,0.0,-1.0,1733099,1.0,1,,0.0,2.0,0.0,B01,138Â 199Â 301,5.0
1015288,201900056819,6,7,10:35,1,2,7,2.0,6.0,75114,AVENUE DU COLONEL HENRI ROL TANGUY,M,"48,8337030","2,3319260",75,2019,50.0,1.0,2.0,4.0,2270622,1.0,1,1,1,4.0,,0.0,0,1967.0,A01,138Â 199Â 303,1.0,0.0,-1.0,1733100,1.0,10,,0.0,2.0,0.0,A01,138Â 199Â 303,1.0
1015289,201900056820,2,14,11:11,1,2,2,1.0,3.0,75113,RUE NEUVE TOLBIAC,M,"48,8306140","2,3768250",75,2019,50.0,1.0,1.0,4.0,2270623,2.0,2,4,1,4.0,,0.0,0,1982.0,A01,138Â 199Â 295,2.0,6.0,-1.0,1733101,1.0,33,,0.0,2.0,1.0,A01,138Â 199Â 295,1.0
1015289,201900056820,2,14,11:11,1,2,2,1.0,3.0,75113,RUE NEUVE TOLBIAC,M,"48,8306140","2,3768250",75,2019,50.0,1.0,1.0,4.0,2270623,2.0,2,4,1,4.0,,0.0,0,1982.0,A01,138Â 199Â 295,2.0,6.0,-1.0,1733102,2.0,33,,0.0,2.0,8.0,B01,138Â 199Â 297,1.0
1015289,201900056820,2,14,11:11,1,2,2,1.0,3.0,75113,RUE NEUVE TOLBIAC,M,"48,8306140","2,3768250",75,2019,50.0,1.0,1.0,4.0,2270624,1.0,1,4,1,4.0,,0.0,0,1974.0,A01,138Â 199Â 295,2.0,6.0,-1.0,1733101,1.0,33,,0.0,2.0,1.0,A01,138Â 199Â 295,1.0
1015289,201900056820,2,14,11:11,1,2,2,1.0,3.0,75113,RUE NEUVE TOLBIAC,M,"48,8306140","2,3768250",75,2019,50.0,1.0,1.0,4.0,2270624,1.0,1,4,1,4.0,,0.0,0,1974.0,A01,138Â 199Â 295,2.0,6.0,-1.0,1733102,2.0,33,,0.0,2.0,8.0,B01,138Â 199Â 297,1.0
1015289,201900056820,2,14,11:11,1,2,2,1.0,3.0,75113,RUE NEUVE TOLBIAC,M,"48,8306140","2,3768250",75,2019,50.0,1.0,1.0,4.0,2270625,1.0,1,4,1,0.0,,0.0,0,1986.0,B01,138Â 199Â 297,2.0,6.0,-1.0,1733101,1.0,33,,0.0,2.0,1.0,A01,138Â 199Â 295,1.0
1015289,201900056820,2,14,11:11,1,2,2,1.0,3.0,75113,RUE NEUVE TOLBIAC,M,"48,8306140","2,3768250",75,2019,50.0,1.0,1.0,4.0,2270625,1.0,1,4,1,0.0,,0.0,0,1986.0,B01,138Â 199Â 297,2.0,6.0,-1.0,1733102,2.0,33,,0.0,2.0,8.0,B01,138Â 199Â 297,1.0
1015290,201900056821,6,5,21:00,5,2,1,3.0,2.0,75114,AVENUE DU MAINE,M,"48,8358330","2,3236060",75,2019,50.0,1.0,2.0,4.0,2270626,1.0,1,1,1,0.0,,0.0,0,1988.0,B01,138Â 199Â 294,1.0,0.0,-1.0,1733103,1.0,7,,0.0,2.0,5.0,B01,138Â 199Â 294,1.0
1015290,201900056821,6,5,21:00,5,2,1,3.0,2.0,75114,AVENUE DU MAINE,M,"48,8358330","2,3236060",75,2019,50.0,1.0,2.0,4.0,2270626,1.0,1,1,1,0.0,,0.0,0,1988.0,B01,138Â 199Â 294,1.0,0.0,-1.0,1733104,1.0,2,,0.0,2.0,1.0,A01,138Â 199Â 296,1.0
1015290,201900056821,6,5,21:00,5,2,1,3.0,2.0,75114,AVENUE DU MAINE,M,"48,8358330","2,3236060",75,2019,50.0,1.0,2.0,4.0,2270627,1.0,1,4,1,0.0,,0.0,0,2001.0,A01,138Â 199Â 296,2.0,0.0,-1.0,1733103,1.0,7,,0.0,2.0,5.0,B01,138Â 199Â 294,1.0
1015290,201900056821,6,5,21:00,5,2,1,3.0,2.0,75114,AVENUE DU MAINE,M,"48,8358330","2,3236060",75,2019,50.0,1.0,2.0,4.0,2270627,1.0,1,4,1,0.0,,0.0,0,2001.0,A01,138Â 199Â 296,2.0,0.0,-1.0,1733104,1.0,2,,0.0,2.0,1.0,A01,138Â 199Â 296,1.0
1015291,201900056822,12,1,07:55,3,1,1,3.0,2.0,14327,CD NÂ° 515 (ROUTE DE OUISTREHAM),M,"49,2009000"," -0,3258000",14,2019,110.0,1.0,1.0,3.0,2270628,1.0,1,4,1,1.0,,0.0,0,1969.0,B01,138Â 199Â 291,1.0,0.0,-1.0,1733105,1.0,7,,0.0,2.0,6.0,B01,138Â 199Â 291,1.0
1015291,201900056822,12,1,07:55,3,1,1,3.0,2.0,14327,CD NÂ° 515 (ROUTE DE OUISTREHAM),M,"49,2009000"," -0,3258000",14,2019,110.0,1.0,1.0,3.0,2270628,1.0,1,4,1,1.0,,0.0,0,1969.0,B01,138Â 199Â 291,1.0,0.0,-1.0,1733106,1.0,7,,0.0,2.0,2.0,A01,138Â 199Â 293,1.0
1015291,201900056822,12,1,07:55,3,1,1,3.0,2.0,14327,CD NÂ° 515 (ROUTE DE OUISTREHAM),M,"49,2009000"," -0,3258000",14,2019,110.0,1.0,1.0,3.0,2270629,2.0,2,4,1,5.0,,0.0,0,1999.0,B01,138Â 199Â 291,1.0,0.0,-1.0,1733105,1.0,7,,0.0,2.0,6.0,B01,138Â 199Â 291,1.0
1015291,201900056822,12,1,07:55,3,1,1,3.0,2.0,14327,CD NÂ° 515 (ROUTE DE OUISTREHAM),M,"49,2009000"," -0,3258000",14,2019,110.0,1.0,1.0,3.0,2270629,2.0,2,4,1,5.0,,0.0,0,1999.0,B01,138Â 199Â 291,1.0,0.0,-1.0,1733106,1.0,7,,0.0,2.0,2.0,A01,138Â 199Â 293,1.0
1015291,201900056822,12,1,07:55,3,1,1,3.0,2.0,14327,CD NÂ° 515 (ROUTE DE OUISTREHAM),M,"49,2009000"," -0,3258000",14,2019,110.0,1.0,1.0,3.0,2270630,2.0,1,4,1,1.0,,0.0,0,1982.0,A01,138Â 199Â 293,1.0,0.0,0.0,1733105,1.0,7,,0.0,2.0,6.0,B01,138Â 199Â 291,1.0
1015291,201900056822,12,1,07:55,3,1,1,3.0,2.0,14327,CD NÂ° 515 (ROUTE DE OUISTREHAM),M,"49,2009000"," -0,3258000",14,2019,110.0,1.0,1.0,3.0,2270630,2.0,1,4,1,1.0,,0.0,0,1982.0,A01,138Â 199Â 293,1.0,0.0,0.0,1733106,1.0,7,,0.0,2.0,2.0,A01,138Â 199Â 293,1.0
1015292,201900056823,2,17,01:55,5,2,2,1.0,6.0,75105,RUE SAINT JACQUES,M,"48,8473610","2,3436570",75,2019,30.0,1.0,1.0,4.0,2270631,2.0,2,4,1,5.0,,0.0,0,1998.0,Z01,138Â 199Â 289,2.0,6.0,-1.0,1733107,0.0,32,,0.0,2.0,1.0,Z01,138Â 199Â 289,1.0
1015292,201900056823,2,17,01:55,5,2,2,1.0,6.0,75105,RUE SAINT JACQUES,M,"48,8473610","2,3436570",75,2019,30.0,1.0,1.0,4.0,2270631,2.0,2,4,1,5.0,,0.0,0,1998.0,Z01,138Â 199Â 289,2.0,6.0,-1.0,1733108,2.0,7,,0.0,2.0,2.0,A01,138Â 199Â 292,1.0
1015292,201900056823,2,17,01:55,5,2,2,1.0,6.0,75105,RUE SAINT JACQUES,M,"48,8473610","2,3436570",75,2019,30.0,1.0,1.0,4.0,2270632,1.0,1,1,1,5.0,,0.0,0,1983.0,A01,138Â 199Â 292,1.0,0.0,-1.0,1733107,0.0,32,,0.0,2.0,1.0,Z01,138Â 199Â 289,1.0
1015292,201900056823,2,17,01:55,5,2,2,1.0,6.0,75105,RUE SAINT JACQUES,M,"48,8473610","2,3436570",75,2019,30.0,1.0,1.0,4.0,2270632,1.0,1,1,1,5.0,,0.0,0,1983.0,A01,138Â 199Â 292,1.0,0.0,-1.0,1733108,2.0,7,,0.0,2.0,2.0,A01,138Â 199Â 292,1.0
1015293,201900056824,6,5,12:25,1,2,2,2.0,6.0,75114,RUE D ALESIA,M,"48,8292970","2,3226730",75,2019,50.0,1.0,2.0,4.0,2270633,1.0,1,1,1,4.0,,0.0,0,1955.0,A01,138Â 199Â 290,1.0,0.0,-1.0,1733109,1.0,14,,0.0,1.0,7.0,A01,138Â 199Â 290,1.0
1015293,201900056824,6,5,12:25,1,2,2,2.0,6.0,75114,RUE D ALESIA,M,"48,8292970","2,3226730",75,2019,50.0,1.0,2.0,4.0,2270634,10.0,3,4,1,5.0,,3.0,3,1934.0,A01,138Â 199Â 290,8.0,0.0,-1.0,1733109,1.0,14,,0.0,1.0,7.0,A01,138Â 199Â 290,1.0
1015294,201900056825,12,1,23:00,3,2,1,1.0,3.0,13210,FLORIAN ( ROND POINT),M,"43,2857000","5,4258000",13,2019,50.0,1.0,2.0,4.0,2270635,1.0,1,4,2,5.0,,-1.0, -1,1966.0,B01,138Â 199Â 287,1.0,0.0,-1.0,1733110,2.0,7,,0.0,2.0,3.0,B01,138Â 199Â 287,1.0
1015294,201900056825,12,1,23:00,3,2,1,1.0,3.0,13210,FLORIAN ( ROND POINT),M,"43,2857000","5,4258000",13,2019,50.0,1.0,2.0,4.0,2270635,1.0,1,4,2,5.0,,-1.0, -1,1966.0,B01,138Â 199Â 287,1.0,0.0,-1.0,1733111,3.0,7,,0.0,2.0,1.0,A01,138Â 199Â 288,1.0
1015294,201900056825,12,1,23:00,3,2,1,1.0,3.0,13210,FLORIAN ( ROND POINT),M,"43,2857000","5,4258000",13,2019,50.0,1.0,2.0,4.0,2270636,1.0,1,1,1,5.0,,-1.0, -1,1975.0,A01,138Â 199Â 288,1.0,8.0,-1.0,1733110,2.0,7,,0.0,2.0,3.0,B01,138Â 199Â 287,1.0
1015294,201900056825,12,1,23:00,3,2,1,1.0,3.0,13210,FLORIAN ( ROND POINT),M,"43,2857000","5,4258000",13,2019,50.0,1.0,2.0,4.0,2270636,1.0,1,1,1,5.0,,-1.0, -1,1975.0,A01,138Â 199Â 288,1.0,8.0,-1.0,1733111,3.0,7,,0.0,2.0,1.0,A01,138Â 199Â 288,1.0
1015295,201900056826,2,15,22:45,5,2,2,1.0,6.0,75105,BOULEVARD DE PORT ROYAL,M,"48,8388880","2,3397060",75,2019,50.0,1.0,1.0,4.0,2270637,10.0,3,4,1,5.0,,4.0,3,1978.0,Z01,138Â 199Â 285,8.0,0.0,-1.0,1733112,1.0,30,,0.0,1.0,1.0,Z01,138Â 199Â 285,0.0
1015296,201900056827,6,1,13:00,1,2,3,1.0,6.0,75114,RUE VERCINGETORIX,M,"48,8291150","2,3064220",75,2019,50.0,5.0,1.0,4.0,2270638,1.0,1,4,1,0.0,,0.0,0,1951.0,A01,138Â 199Â 286,2.0,8.0,-1.0,1733113,3.0,10,,0.0,2.0,0.0,Z01,138Â 199Â 284,0.0
1015296,201900056827,6,1,13:00,1,2,3,1.0,6.0,75114,RUE VERCINGETORIX,M,"48,8291150","2,3064220",75,2019,50.0,5.0,1.0,4.0,2270638,1.0,1,4,1,0.0,,0.0,0,1951.0,A01,138Â 199Â 286,2.0,8.0,-1.0,1733114,1.0,1,,0.0,2.0,1.0,A01,138Â 199Â 286,5.0
1015297,201900056828,2,15,18:28,5,2,4,1.0,6.0,75105,RUE BUFFON,M,"48,8431840","2,3641570",75,2019,30.0,1.0,1.0,4.0,2270639,10.0,3,4,1,5.0,,3.0,3,1969.0,Z01,138Â 199Â 282,8.0,0.0,-1.0,1733115,1.0,30,,0.0,1.0,0.0,Z01,138Â 199Â 282,0.0
1015298,201900056829,5,29,16:25,1,2,1,1.0,3.0,75114,AVENUE DU MAINE,M,"48,8346670","2,3241220",75,2019,50.0,1.0,1.0,4.0,2270640,2.0,1,4,1,1.0,,0.0,0,1991.0,B01,138Â 199Â 279,2.0,8.0,-1.0,1733116,1.0,32,,0.0,2.0,2.0,B01,138Â 199Â 279,1.0
1015298,201900056829,5,29,16:25,1,2,1,1.0,3.0,75114,AVENUE DU MAINE,M,"48,8346670","2,3241220",75,2019,50.0,1.0,1.0,4.0,2270640,2.0,1,4,1,1.0,,0.0,0,1991.0,B01,138Â 199Â 279,2.0,8.0,-1.0,1733117,1.0,7,,0.0,2.0,3.0,A01,138Â 199Â 281,1.0
1015298,201900056829,5,29,16:25,1,2,1,1.0,3.0,75114,AVENUE DU MAINE,M,"48,8346670","2,3241220",75,2019,50.0,1.0,1.0,4.0,2270641,1.0,1,1,2,5.0,,0.0,0,1977.0,A01,138Â 199Â 281,1.0,0.0,-1.0,1733116,1.0,32,,0.0,2.0,2.0,B01,138Â 199Â 279,1.0
1015298,201900056829,5,29,16:25,1,2,1,1.0,3.0,75114,AVENUE DU MAINE,M,"48,8346670","2,3241220",75,2019,50.0,1.0,1.0,4.0,2270641,1.0,1,1,2,5.0,,0.0,0,1977.0,A01,138Â 199Â 281,1.0,0.0,-1.0,1733117,1.0,7,,0.0,2.0,3.0,A01,138Â 199Â 281,1.0
1015299,201900056830,11,26,09:30,1,2,3,1.0,3.0,13002,ETIENNE CUCCA-CD908 (AVENUE),M,"43,3578500","5,4912000",13,2019,50.0,1.0,1.0,3.0,2270642,1.0,1,1,1,4.0,,-1.0, -1,1955.0,B01,138Â 199Â 280,1.0,0.0,-1.0,1733118,1.0,7,,0.0,2.0,5.0,B01,138Â 199Â 280,1.0
1015299,201900056830,11,26,09:30,1,2,3,1.0,3.0,13002,ETIENNE CUCCA-CD908 (AVENUE),M,"43,3578500","5,4912000",13,2019,50.0,1.0,1.0,3.0,2270642,1.0,1,1,1,4.0,,-1.0, -1,1955.0,B01,138Â 199Â 280,1.0,0.0,-1.0,1733119,1.0,7,,0.0,2.0,3.0,A01,138Â 199Â 283,1.0
1015299,201900056830,11,26,09:30,1,2,3,1.0,3.0,13002,ETIENNE CUCCA-CD908 (AVENUE),M,"43,3578500","5,4912000",13,2019,50.0,1.0,1.0,3.0,2270643,1.0,1,4,2,4.0,,-1.0,0,1963.0,A01,138Â 199Â 283,1.0,0.0,-1.0,1733118,1.0,7,,0.0,2.0,5.0,B01,138Â 199Â 280,1.0
1015299,201900056830,11,26,09:30,1,2,3,1.0,3.0,13002,ETIENNE CUCCA-CD908 (AVENUE),M,"43,3578500","5,4912000",13,2019,50.0,1.0,1.0,3.0,2270643,1.0,1,4,2,4.0,,-1.0,0,1963.0,A01,138Â 199Â 283,1.0,0.0,-1.0,1733119,1.0,7,,0.0,2.0,3.0,A01,138Â 199Â 283,1.0
1015300,201900056831,2,15,09:00,1,2,2,7.0,6.0,75106,BOULEVARD SAINT GERMAIN,M,"48,8524670","2,3387890",75,2019,50.0,1.0,1.0,4.0,2270644,1.0,1,1,2,1.0,,0.0,0,1980.0,A01,138Â 199Â 278,1.0,0.0,-1.0,1733120,2.0,10,,0.0,1.0,1.0,A01,138Â 199Â 278,1.0
1015300,201900056831,2,15,09:00,1,2,2,7.0,6.0,75106,BOULEVARD SAINT GERMAIN,M,"48,8524670","2,3387890",75,2019,50.0,1.0,1.0,4.0,2270645,10.0,3,4,1,1.0,,2.0,3,1994.0,A01,138Â 199Â 278,8.0,0.0,-1.0,1733120,2.0,10,,0.0,1.0,1.0,A01,138Â 199Â 278,1.0
1015301,201900056832,6,18,21:38,2,2,4,1.0,6.0,75113,RUE DES GOBELINS,M,"48,8358140","2,3518550",75,2019,30.0,4.0,1.0,4.0,2270646,10.0,3,4,2,5.0,,5.0,9,1978.0,A01,138Â 199Â 276,8.0,0.0,-1.0,1733121,1.0,30,,0.0,1.0,2.0,A01,138Â 199Â 276,1.0
1015301,201900056832,6,18,21:38,2,2,4,1.0,6.0,75113,RUE DES GOBELINS,M,"48,8358140","2,3518550",75,2019,30.0,4.0,1.0,4.0,2270647,1.0,1,1,1,9.0,,0.0,0,2003.0,A01,138Â 199Â 276,2.0,8.0,-1.0,1733121,1.0,30,,0.0,1.0,2.0,A01,138Â 199Â 276,1.0
1015302,201900056833,12,1,05:25,5,2,1,2.0,1.0,13208,MADRAGUE DE MONTREDON (AVE DE LA) ,M,"43,2351580","5,3604190",13,2019,50.0,1.0,2.0,4.0,2270648,1.0,1,4,1,5.0,,-1.0, -1,1990.0,B01,138Â 199Â 275,1.0,8.0,-1.0,1733122,2.0,7,,14.0,0.0,2.0,B01,138Â 199Â 275,1.0
1015302,201900056833,12,1,05:25,5,2,1,2.0,1.0,13208,MADRAGUE DE MONTREDON (AVE DE LA) ,M,"43,2351580","5,3604190",13,2019,50.0,1.0,2.0,4.0,2270648,1.0,1,4,1,5.0,,-1.0, -1,1990.0,B01,138Â 199Â 275,1.0,8.0,-1.0,1733123,1.0,7,,4.0,0.0,0.0,A01,138Â 199Â 277,1.0
1015303,201900056834,2,14,04:51,5,2,2,1.0,3.0,75105,BOULEVARD SAINT GERMAIN,M,"48,8513900","2,3431920",75,2019,50.0,1.0,1.0,4.0,2270649,1.0,1,1,1,0.0,,0.0,0,1966.0,B01,138Â 199Â 273,1.0,0.0,-1.0,1733124,2.0,7,,0.0,2.0,2.0,B01,138Â 199Â 273,1.0
1015303,201900056834,2,14,04:51,5,2,2,1.0,3.0,75105,BOULEVARD SAINT GERMAIN,M,"48,8513900","2,3431920",75,2019,50.0,1.0,1.0,4.0,2270649,1.0,1,1,1,0.0,,0.0,0,1966.0,B01,138Â 199Â 273,1.0,0.0,-1.0,1733125,2.0,30,,0.0,2.0,3.0,A01,138Â 199Â 274,1.0
1015303,201900056834,2,14,04:51,5,2,2,1.0,3.0,75105,BOULEVARD SAINT GERMAIN,M,"48,8513900","2,3431920",75,2019,50.0,1.0,1.0,4.0,2270650,1.0,1,4,1,0.0,,0.0,0,1998.0,A01,138Â 199Â 274,2.0,6.0,-1.0,1733124,2.0,7,,0.0,2.0,2.0,B01,138Â 199Â 273,1.0
1015303,201900056834,2,14,04:51,5,2,2,1.0,3.0,75105,BOULEVARD SAINT GERMAIN,M,"48,8513900","2,3431920",75,2019,50.0,1.0,1.0,4.0,2270650,1.0,1,4,1,0.0,,0.0,0,1998.0,A01,138Â 199Â 274,2.0,6.0,-1.0,1733125,2.0,30,,0.0,2.0,3.0,A01,138Â 199Â 274,1.0
1015304,201900056835,6,18,20:00,1,2,1,1.0,3.0,75113,AVENUE DE LA PORTE DE VITRY,M,"48,8235910","2,3773870",75,2019,50.0,5.0,1.0,4.0,2270651,1.0,1,4,1,0.0,,0.0,0,1970.0,B01,138Â 199Â 270,2.0,0.0,-1.0,1733126,1.0,1,,0.0,2.0,1.0,B01,138Â 199Â 270,5.0
1015304,201900056835,6,18,20:00,1,2,1,1.0,3.0,75113,AVENUE DE LA PORTE DE VITRY,M,"48,8235910","2,3773870",75,2019,50.0,5.0,1.0,4.0,2270651,1.0,1,4,1,0.0,,0.0,0,1970.0,B01,138Â 199Â 270,2.0,0.0,-1.0,1733127,1.0,10,,0.0,2.0,2.0,A01,138Â 199Â 272,1.0
1015304,201900056835,6,18,20:00,1,2,1,1.0,3.0,75113,AVENUE DE LA PORTE DE VITRY,M,"48,8235910","2,3773870",75,2019,50.0,5.0,1.0,4.0,2270652,1.0,1,1,1,4.0,,0.0,0,1989.0,A01,138Â 199Â 272,8.0,0.0,-1.0,1733126,1.0,1,,0.0,2.0,1.0,B01,138Â 199Â 270,5.0
1015304,201900056835,6,18,20:00,1,2,1,1.0,3.0,75113,AVENUE DE LA PORTE DE VITRY,M,"48,8235910","2,3773870",75,2019,50.0,5.0,1.0,4.0,2270652,1.0,1,1,1,4.0,,0.0,0,1989.0,A01,138Â 199Â 272,8.0,0.0,-1.0,1733127,1.0,10,,0.0,2.0,2.0,A01,138Â 199Â 272,1.0
1015305,201900056836,2,17,16:00,1,2,2,1.0,6.0,75120,RUE RAMPONEAU,M,"48,8715620","2,3810770",75,2019,15.0,1.0,1.0,4.0,2270653,2.0,2,1,2,5.0,,0.0,0,1941.0,A01,138Â 199Â 269,1.0,0.0,-1.0,1733128,1.0,7,,0.0,1.0,6.0,A01,138Â 199Â 269,1.0
1015305,201900056836,2,17,16:00,1,2,2,1.0,6.0,75120,RUE RAMPONEAU,M,"48,8715620","2,3810770",75,2019,15.0,1.0,1.0,4.0,2270654,10.0,3,4,2,5.0,,2.0,3,1973.0,A01,138Â 199Â 269,8.0,0.0,-1.0,1733128,1.0,7,,0.0,1.0,6.0,A01,138Â 199Â 269,1.0
1015305,201900056836,2,17,16:00,1,2,2,1.0,6.0,75120,RUE RAMPONEAU,M,"48,8715620","2,3810770",75,2019,15.0,1.0,1.0,4.0,2270655,1.0,1,1,2,5.0,,0.0,0,1941.0,A01,138Â 199Â 269,1.0,0.0,-1.0,1733128,1.0,7,,0.0,1.0,6.0,A01,138Â 199Â 269,1.0
1015306,201900056837,6,18,13:35,1,2,1,1.0,3.0,75113,BOULEVARD AUGUSTE BLANQUI,M,"48,8306670","2,3446740",75,2019,50.0,1.0,1.0,4.0,2270656,1.0,1,4,2,5.0,,0.0,0,1965.0,B01,138Â 199Â 267,2.0,6.0,-1.0,1733129,2.0,32,,0.0,2.0,1.0,B01,138Â 199Â 267,1.0
1015306,201900056837,6,18,13:35,1,2,1,1.0,3.0,75113,BOULEVARD AUGUSTE BLANQUI,M,"48,8306670","2,3446740",75,2019,50.0,1.0,1.0,4.0,2270656,1.0,1,4,2,5.0,,0.0,0,1965.0,B01,138Â 199Â 267,2.0,6.0,-1.0,1733130,3.0,7,,0.0,2.0,8.0,A01,138Â 199Â 268,1.0