Unnamed: 0_x,num_acc,mois,jour,hrmn,lum,agg,int,atm,col,com,adr,gps,lat,long,dep,annee,vma,situ,surf,catr,Unnamed: 0_y,place,catu,grav,sexe,trajet,secu,locp,actp,an_nais,num_veh_x,id_vehicule_x,secu1,secu2,secu3,Unnamed: 0,senc,catv,occutc,obs,obsm,choc,num_veh_y,id_vehicule_y,motor
1015306,201900056837,6,18,13:35,1,2,1,1.0,3.0,75113,BOULEVARD AUGUSTE BLANQUI,M,"48,8306670","2,3446740",75,2019,50.0,1.0,1.0,4.0,2270657,1.0,1,1,2,5.0,,0.0,0,1998.0,A01,138Â 199Â 268,1.0,0.0,-1.0,1733129,2.0,32,,0.0,2.0,1.0,B01,138Â 199Â 267,1.0
1015306,201900056837,6,18,13:35,1,2,1,1.0,3.0,75113,BOULEVARD AUGUSTE BLANQUI,M,"48,8306670","2,3446740",75,2019,50.0,1.0,1.0,4.0,2270657,1.0,1,1,2,5.0,,0.0,0,1998.0,A01,138Â 199Â 268,1.0,0.0,-1.0,1733130,3.0,7,,0.0,2.0,8.0,A01,138Â 199Â 268,1.0
1015307,201900056838,2,16,14:15,1,2,4,1.0,6.0,75120,BOULEVARD PERIPHERIQUE,M,"48,8673460","2,4132100",75,2019,70.0,1.0,1.0,4.0,2270658,1.0,1,4,1,5.0,,0.0,0,1995.0,B01,138Â 199Â 265,1.0,8.0,-1.0,1733131,1.0,7,,0.0,2.0,1.0,Z01,138Â 199Â 264,0.0
1015307,201900056838,2,16,14:15,1,2,4,1.0,6.0,75120,BOULEVARD PERIPHERIQUE,M,"48,8673460","2,4132100",75,2019,70.0,1.0,1.0,4.0,2270658,1.0,1,4,1,5.0,,0.0,0,1995.0,B01,138Â 199Â 265,1.0,8.0,-1.0,1733132,1.0,7,,0.0,2.0,1.0,B01,138Â 199Â 265,1.0
1015307,201900056838,2,16,14:15,1,2,4,1.0,6.0,75120,BOULEVARD PERIPHERIQUE,M,"48,8673460","2,4132100",75,2019,70.0,1.0,1.0,4.0,2270658,1.0,1,4,1,5.0,,0.0,0,1995.0,B01,138Â 199Â 265,1.0,8.0,-1.0,1733133,1.0,7,,0.0,2.0,4.0,A01,138Â 199Â 266,1.0
1015307,201900056838,2,16,14:15,1,2,4,1.0,6.0,75120,BOULEVARD PERIPHERIQUE,M,"48,8673460","2,4132100",75,2019,70.0,1.0,1.0,4.0,2270659,1.0,1,1,1,5.0,,0.0,0,1981.0,A01,138Â 199Â 266,1.0,8.0,-1.0,1733131,1.0,7,,0.0,2.0,1.0,Z01,138Â 199Â 264,0.0
1015307,201900056838,2,16,14:15,1,2,4,1.0,6.0,75120,BOULEVARD PERIPHERIQUE,M,"48,8673460","2,4132100",75,2019,70.0,1.0,1.0,4.0,2270659,1.0,1,1,1,5.0,,0.0,0,1981.0,A01,138Â 199Â 266,1.0,8.0,-1.0,1733132,1.0,7,,0.0,2.0,1.0,B01,138Â 199Â 265,1.0
1015307,201900056838,2,16,14:15,1,2,4,1.0,6.0,75120,BOULEVARD PERIPHERIQUE,M,"48,8673460","2,4132100",75,2019,70.0,1.0,1.0,4.0,2270659,1.0,1,1,1,5.0,,0.0,0,1981.0,A01,138Â 199Â 266,1.0,8.0,-1.0,1733133,1.0,7,,0.0,2.0,4.0,A01,138Â 199Â 266,1.0
1015308,201900056839,11,27,13:50,1,2,1,1.0,6.0,07019,CAMILLE LAPRADE (BOULEVARD),M,"44,6191500","4,3941500",7,2019,50.0,1.0,1.0,4.0,2270660,10.0,3,4,1,5.0,,3.0,3,1998.0,A01,138Â 199Â 271,8.0,0.0,-1.0,1733134,3.0,7,,0.0,1.0,3.0,A01,138Â 199Â 271,0.0
1015308,201900056839,11,27,13:50,1,2,1,1.0,6.0,07019,CAMILLE LAPRADE (BOULEVARD),M,"44,6191500","4,3941500",7,2019,50.0,1.0,1.0,4.0,2270661,1.0,1,1,2,5.0,,-1.0, -1,1945.0,A01,138Â 199Â 271,1.0,8.0,-1.0,1733134,3.0,7,,0.0,1.0,3.0,A01,138Â 199Â 271,0.0
1015309,201900056840,2,16,14:00,1,2,2,1.0,3.0,75120,BOULEVARD DAVOUT,M,"48,8535250","2,4107920",75,2019,50.0,1.0,1.0,4.0,2270662,1.0,1,1,1,5.0,,0.0,0,1999.0,A01,138Â 199Â 260,1.0,0.0,-1.0,1733135,3.0,7,,0.0,2.0,2.0,A01,138Â 199Â 260,4.0
1015309,201900056840,2,16,14:00,1,2,2,1.0,3.0,75120,BOULEVARD DAVOUT,M,"48,8535250","2,4107920",75,2019,50.0,1.0,1.0,4.0,2270662,1.0,1,1,1,5.0,,0.0,0,1999.0,A01,138Â 199Â 260,1.0,0.0,-1.0,1733136,1.0,2,,0.0,2.0,1.0,B01,138Â 199Â 263,1.0
1015309,201900056840,2,16,14:00,1,2,2,1.0,3.0,75120,BOULEVARD DAVOUT,M,"48,8535250","2,4107920",75,2019,50.0,1.0,1.0,4.0,2270663,2.0,2,1,1,1.0,,0.0,0,1988.0,B01,138Â 199Â 263,2.0,6.0,-1.0,1733135,3.0,7,,0.0,2.0,2.0,A01,138Â 199Â 260,4.0
1015309,201900056840,2,16,14:00,1,2,2,1.0,3.0,75120,BOULEVARD DAVOUT,M,"48,8535250","2,4107920",75,2019,50.0,1.0,1.0,4.0,2270663,2.0,2,1,1,1.0,,0.0,0,1988.0,B01,138Â 199Â 263,2.0,6.0,-1.0,1733136,1.0,2,,0.0,2.0,1.0,B01,138Â 199Â 263,1.0
1015309,201900056840,2,16,14:00,1,2,2,1.0,3.0,75120,BOULEVARD DAVOUT,M,"48,8535250","2,4107920",75,2019,50.0,1.0,1.0,4.0,2270664,1.0,1,4,1,1.0,,0.0,0,1997.0,B01,138Â 199Â 263,2.0,6.0,-1.0,1733135,3.0,7,,0.0,2.0,2.0,A01,138Â 199Â 260,4.0
1015309,201900056840,2,16,14:00,1,2,2,1.0,3.0,75120,BOULEVARD DAVOUT,M,"48,8535250","2,4107920",75,2019,50.0,1.0,1.0,4.0,2270664,1.0,1,4,1,1.0,,0.0,0,1997.0,B01,138Â 199Â 263,2.0,6.0,-1.0,1733136,1.0,2,,0.0,2.0,1.0,B01,138Â 199Â 263,1.0
1015310,201900056841,6,17,16:15,1,2,3,1.0,3.0,75113,AVENUE D IVRY,M,"48,8226610","2,3670300",75,2019,50.0,1.0,1.0,4.0,2270665,1.0,1,4,2,3.0,,0.0,0,1993.0,B01,138Â 199Â 261,0.0,0.0,-1.0,1733137,1.0,60,,0.0,2.0,1.0,B01,138Â 199Â 261,5.0
1015310,201900056841,6,17,16:15,1,2,3,1.0,3.0,75113,AVENUE D IVRY,M,"48,8226610","2,3670300",75,2019,50.0,1.0,1.0,4.0,2270665,1.0,1,4,2,3.0,,0.0,0,1993.0,B01,138Â 199Â 261,0.0,0.0,-1.0,1733138,2.0,7,,0.0,1.0,3.0,A01,138Â 199Â 262,1.0
1015310,201900056841,6,17,16:15,1,2,3,1.0,3.0,75113,AVENUE D IVRY,M,"48,8226610","2,3670300",75,2019,50.0,1.0,1.0,4.0,2270666,1.0,1,4,1,9.0,,0.0,0,1963.0,A01,138Â 199Â 262,1.0,0.0,-1.0,1733137,1.0,60,,0.0,2.0,1.0,B01,138Â 199Â 261,5.0
1015310,201900056841,6,17,16:15,1,2,3,1.0,3.0,75113,AVENUE D IVRY,M,"48,8226610","2,3670300",75,2019,50.0,1.0,1.0,4.0,2270666,1.0,1,4,1,9.0,,0.0,0,1963.0,A01,138Â 199Â 262,1.0,0.0,-1.0,1733138,2.0,7,,0.0,1.0,3.0,A01,138Â 199Â 262,1.0
1015311,201900056842,2,16,13:10,1,2,3,1.0,7.0,75120,RUE DES PANOYAUX,M,"48,8664090","2,3859020",75,2019,30.0,1.0,1.0,4.0,2270667,1.0,1,3,1,4.0,,0.0,0,1982.0,A01,138Â 199Â 259,2.0,8.0,-1.0,1733139,1.0,33,,0.0,0.0,3.0,A01,138Â 199Â 259,1.0
1015312,201900056843,6,17,05:30,2,2,3,1.0,6.0,75113,BOULEVARD AUGUSTE BLANQUI,M,"48,8299290","2,3485050",75,2019,50.0,1.0,1.0,4.0,2270668,4.0,2,4,1,5.0,,0.0,0,1991.0,A01,138Â 199Â 258,8.0,0.0,-1.0,1733140,1.0,10,,7.0,0.0,1.0,A01,138Â 199Â 258,1.0
1015312,201900056843,6,17,05:30,2,2,3,1.0,6.0,75113,BOULEVARD AUGUSTE BLANQUI,M,"48,8299290","2,3485050",75,2019,50.0,1.0,1.0,4.0,2270669,1.0,1,1,1,5.0,,0.0,0,1997.0,A01,138Â 199Â 258,8.0,0.0,-1.0,1733140,1.0,10,,7.0,0.0,1.0,A01,138Â 199Â 258,1.0
1015313,201900056844,2,15,12:10,1,2,1,1.0,3.0,75120,AVENUE GAMBETTA,M,"48,8649720","2,3963760",75,2019,50.0,1.0,1.0,4.0,2270670,1.0,1,1,1,4.0,,0.0,0,1989.0,A01,138Â 199Â 256,1.0,0.0,-1.0,1733141,2.0,10,,0.0,2.0,3.0,A01,138Â 199Â 256,1.0
1015313,201900056844,2,15,12:10,1,2,1,1.0,3.0,75120,AVENUE GAMBETTA,M,"48,8649720","2,3963760",75,2019,50.0,1.0,1.0,4.0,2270670,1.0,1,1,1,4.0,,0.0,0,1989.0,A01,138Â 199Â 256,1.0,0.0,-1.0,1733142,2.0,32,,0.0,2.0,1.0,B01,138Â 199Â 257,1.0
1015313,201900056844,2,15,12:10,1,2,1,1.0,3.0,75120,AVENUE GAMBETTA,M,"48,8649720","2,3963760",75,2019,50.0,1.0,1.0,4.0,2270671,1.0,1,4,1,9.0,,0.0,0,1962.0,B01,138Â 199Â 257,2.0,6.0,-1.0,1733141,2.0,10,,0.0,2.0,3.0,A01,138Â 199Â 256,1.0
1015313,201900056844,2,15,12:10,1,2,1,1.0,3.0,75120,AVENUE GAMBETTA,M,"48,8649720","2,3963760",75,2019,50.0,1.0,1.0,4.0,2270671,1.0,1,4,1,9.0,,0.0,0,1962.0,B01,138Â 199Â 257,2.0,6.0,-1.0,1733142,2.0,32,,0.0,2.0,1.0,B01,138Â 199Â 257,1.0
1015314,201900056845,2,14,22:45,5,2,1,1.0,6.0,75120,AVENUE GAMBETTA,M,"48,8735890","2,4051400",75,2019,50.0,1.0,1.0,4.0,2270672,1.0,1,4,1,5.0,,0.0,0,1982.0,A01,138Â 199Â 253,1.0,0.0,-1.0,1733143,2.0,7,,11.0,0.0,1.0,A01,138Â 199Â 253,1.0
1015315,201900056846,6,16,15:30,1,2,2,1.0,3.0,75113,QUAI FRANCOIS MAURIAC,M,"48,8322420","2,3797660",75,2019,50.0,1.0,1.0,4.0,2270673,1.0,1,1,1,5.0,,0.0,0,1960.0,A01,138Â 199Â 254,1.0,0.0,-1.0,1733144,1.0,7,,0.0,2.0,2.0,A01,138Â 199Â 254,1.0
1015315,201900056846,6,16,15:30,1,2,2,1.0,3.0,75113,QUAI FRANCOIS MAURIAC,M,"48,8322420","2,3797660",75,2019,50.0,1.0,1.0,4.0,2270673,1.0,1,1,1,5.0,,0.0,0,1960.0,A01,138Â 199Â 254,1.0,0.0,-1.0,1733145,2.0,33,,0.0,2.0,2.0,B01,138Â 199Â 255,1.0
1015315,201900056846,6,16,15:30,1,2,2,1.0,3.0,75113,QUAI FRANCOIS MAURIAC,M,"48,8322420","2,3797660",75,2019,50.0,1.0,1.0,4.0,2270674,1.0,1,4,1,5.0,,0.0,0,1977.0,B01,138Â 199Â 255,2.0,6.0,-1.0,1733144,1.0,7,,0.0,2.0,2.0,A01,138Â 199Â 254,1.0
1015315,201900056846,6,16,15:30,1,2,2,1.0,3.0,75113,QUAI FRANCOIS MAURIAC,M,"48,8322420","2,3797660",75,2019,50.0,1.0,1.0,4.0,2270674,1.0,1,4,1,5.0,,0.0,0,1977.0,B01,138Â 199Â 255,2.0,6.0,-1.0,1733145,2.0,33,,0.0,2.0,2.0,B01,138Â 199Â 255,1.0
1015316,201900056847,12,1,16:00,3,1,9,3.0,6.0,06069,PASTEUR (BOULEVARD),M,"43,6635270","6,9069750",6,2019,50.0,1.0,2.0,3.0,2270675,1.0,1,4,1,5.0,,0.0,0,2000.0,A01,138Â 199Â 251,1.0,0.0,-1.0,1733146,3.0,7,,12.0,0.0,1.0,A01,138Â 199Â 251,6.0
1015317,201900056848,2,14,16:15,1,2,1,1.0,6.0,75120,RUE BELGRAND,M,"48,8645630","2,4074540",75,2019,50.0,1.0,1.0,4.0,2270676,10.0,3,4,2,0.0,,2.0,3,1976.0,A01,138Â 199Â 252,8.0,0.0,-1.0,1733147,1.0,33,,0.0,1.0,1.0,A01,138Â 199Â 252,1.0
1015317,201900056848,2,14,16:15,1,2,1,1.0,6.0,75120,RUE BELGRAND,M,"48,8645630","2,4074540",75,2019,50.0,1.0,1.0,4.0,2270677,1.0,1,1,1,9.0,,0.0,0,1980.0,A01,138Â 199Â 252,2.0,6.0,-1.0,1733147,1.0,33,,0.0,1.0,1.0,A01,138Â 199Â 252,1.0
1015318,201900056849,2,17,13:05,1,2,1,1.0,2.0,75119,BOULEVARD DE LA VILLETTE,M,"48,8795670","2,3704260",75,2019,50.0,1.0,1.0,4.0,2270678,1.0,1,1,1,0.0,,0.0,0,1986.0,B01,138Â 199Â 246,1.0,0.0,-1.0,1733148,1.0,7,,0.0,2.0,4.0,B01,138Â 199Â 246,1.0
1015318,201900056849,2,17,13:05,1,2,1,1.0,2.0,75119,BOULEVARD DE LA VILLETTE,M,"48,8795670","2,3704260",75,2019,50.0,1.0,1.0,4.0,2270678,1.0,1,1,1,0.0,,0.0,0,1986.0,B01,138Â 199Â 246,1.0,0.0,-1.0,1733149,1.0,30,,0.0,2.0,1.0,A01,138Â 199Â 248,1.0
1015318,201900056849,2,17,13:05,1,2,1,1.0,2.0,75119,BOULEVARD DE LA VILLETTE,M,"48,8795670","2,3704260",75,2019,50.0,1.0,1.0,4.0,2270679,1.0,1,4,1,0.0,,0.0,0,1974.0,A01,138Â 199Â 248,2.0,6.0,-1.0,1733148,1.0,7,,0.0,2.0,4.0,B01,138Â 199Â 246,1.0
1015318,201900056849,2,17,13:05,1,2,1,1.0,2.0,75119,BOULEVARD DE LA VILLETTE,M,"48,8795670","2,3704260",75,2019,50.0,1.0,1.0,4.0,2270679,1.0,1,4,1,0.0,,0.0,0,1974.0,A01,138Â 199Â 248,2.0,6.0,-1.0,1733149,1.0,30,,0.0,2.0,1.0,A01,138Â 199Â 248,1.0
1015319,201900056850,11,30,19:15,3,2,1,1.0,7.0,06069,ZILLER (AVENUE PIERRE),M,"43,6795500","6,9479220",6,2019,50.0,1.0,1.0,3.0,2270680,1.0,1,3,1,5.0,,0.0,0,1982.0,A01,138Â 199Â 249,2.0,6.0,-1.0,1733150,1.0,34,,0.0,0.0,0.0,A01,138Â 199Â 249,1.0
1015320,201900056851,6,16,12:02,1,2,2,1.0,3.0,75113,BOULEVARD VINCENT AURIOL,M,"48,8366800","2,3718930",75,2019,50.0,1.0,1.0,4.0,2270681,1.0,1,1,1,4.0,,0.0,0,1991.0,B01,138Â 199Â 247,1.0,0.0,-1.0,1733151,1.0,37,1.0,0.0,2.0,8.0,B01,138Â 199Â 247,1.0
1015320,201900056851,6,16,12:02,1,2,2,1.0,3.0,75113,BOULEVARD VINCENT AURIOL,M,"48,8366800","2,3718930",75,2019,50.0,1.0,1.0,4.0,2270681,1.0,1,1,1,4.0,,0.0,0,1991.0,B01,138Â 199Â 247,1.0,0.0,-1.0,1733152,1.0,34,,0.0,2.0,2.0,A01,138Â 199Â 250,1.0
1015320,201900056851,6,16,12:02,1,2,2,1.0,3.0,75113,BOULEVARD VINCENT AURIOL,M,"48,8366800","2,3718930",75,2019,50.0,1.0,1.0,4.0,2270682,1.0,1,4,1,5.0,,0.0,0,1967.0,A01,138Â 199Â 250,2.0,6.0,-1.0,1733151,1.0,37,1.0,0.0,2.0,8.0,B01,138Â 199Â 247,1.0
1015320,201900056851,6,16,12:02,1,2,2,1.0,3.0,75113,BOULEVARD VINCENT AURIOL,M,"48,8366800","2,3718930",75,2019,50.0,1.0,1.0,4.0,2270682,1.0,1,4,1,5.0,,0.0,0,1967.0,A01,138Â 199Â 250,2.0,6.0,-1.0,1733152,1.0,34,,0.0,2.0,2.0,A01,138Â 199Â 250,1.0
1015321,201900056852,2,15,12:29,1,2,2,1.0,3.0,75119,AVENUE DE LA PORTE CHAUMONT,M,"48,8862340","2,3967290",75,2019,30.0,1.0,1.0,4.0,2270683,1.0,1,4,1,0.0,,0.0,0,1963.0,A01,138Â 199Â 243,2.0,6.0,-1.0,1733153,3.0,32,,0.0,2.0,2.0,A01,138Â 199Â 243,1.0
1015321,201900056852,2,15,12:29,1,2,2,1.0,3.0,75119,AVENUE DE LA PORTE CHAUMONT,M,"48,8862340","2,3967290",75,2019,30.0,1.0,1.0,4.0,2270683,1.0,1,4,1,0.0,,0.0,0,1963.0,A01,138Â 199Â 243,2.0,6.0,-1.0,1733154,2.0,33,,0.0,2.0,8.0,B01,138Â 199Â 245,1.0
1015321,201900056852,2,15,12:29,1,2,2,1.0,3.0,75119,AVENUE DE LA PORTE CHAUMONT,M,"48,8862340","2,3967290",75,2019,30.0,1.0,1.0,4.0,2270684,1.0,1,1,1,0.0,,0.0,0,1989.0,B01,138Â 199Â 245,2.0,6.0,-1.0,1733153,3.0,32,,0.0,2.0,2.0,A01,138Â 199Â 243,1.0
1015321,201900056852,2,15,12:29,1,2,2,1.0,3.0,75119,AVENUE DE LA PORTE CHAUMONT,M,"48,8862340","2,3967290",75,2019,30.0,1.0,1.0,4.0,2270684,1.0,1,1,1,0.0,,0.0,0,1989.0,B01,138Â 199Â 245,2.0,6.0,-1.0,1733154,2.0,33,,0.0,2.0,8.0,B01,138Â 199Â 245,1.0
1015322,201900056853,11,30,18:10,1,2,1,1.0,4.0,75117,BD PERIPHERIQUE INTERIEUR,M,"48,9000500","2,3208840",75,2019,70.0,1.0,1.0,4.0,2270685,1.0,1,1,1,5.0,,0.0,0,1958.0,C01,138Â 199Â 241,1.0,0.0,-1.0,1733155,1.0,7,,0.0,2.0,6.0,C01,138Â 199Â 241,1.0
1015322,201900056853,11,30,18:10,1,2,1,1.0,4.0,75117,BD PERIPHERIQUE INTERIEUR,M,"48,9000500","2,3208840",75,2019,70.0,1.0,1.0,4.0,2270685,1.0,1,1,1,5.0,,0.0,0,1958.0,C01,138Â 199Â 241,1.0,0.0,-1.0,1733156,1.0,7,,0.0,2.0,2.0,B01,138Â 199Â 242,1.0
1015322,201900056853,11,30,18:10,1,2,1,1.0,4.0,75117,BD PERIPHERIQUE INTERIEUR,M,"48,9000500","2,3208840",75,2019,70.0,1.0,1.0,4.0,2270685,1.0,1,1,1,5.0,,0.0,0,1958.0,C01,138Â 199Â 241,1.0,0.0,-1.0,1733157,1.0,31,,0.0,2.0,6.0,A01,138Â 199Â 244,1.0
1015322,201900056853,11,30,18:10,1,2,1,1.0,4.0,75117,BD PERIPHERIQUE INTERIEUR,M,"48,9000500","2,3208840",75,2019,70.0,1.0,1.0,4.0,2270686,1.0,1,1,1,5.0,,0.0,0,1971.0,B01,138Â 199Â 242,1.0,0.0,-1.0,1733155,1.0,7,,0.0,2.0,6.0,C01,138Â 199Â 241,1.0
1015322,201900056853,11,30,18:10,1,2,1,1.0,4.0,75117,BD PERIPHERIQUE INTERIEUR,M,"48,9000500","2,3208840",75,2019,70.0,1.0,1.0,4.0,2270686,1.0,1,1,1,5.0,,0.0,0,1971.0,B01,138Â 199Â 242,1.0,0.0,-1.0,1733156,1.0,7,,0.0,2.0,2.0,B01,138Â 199Â 242,1.0
1015322,201900056853,11,30,18:10,1,2,1,1.0,4.0,75117,BD PERIPHERIQUE INTERIEUR,M,"48,9000500","2,3208840",75,2019,70.0,1.0,1.0,4.0,2270686,1.0,1,1,1,5.0,,0.0,0,1971.0,B01,138Â 199Â 242,1.0,0.0,-1.0,1733157,1.0,31,,0.0,2.0,6.0,A01,138Â 199Â 244,1.0
1015322,201900056853,11,30,18:10,1,2,1,1.0,4.0,75117,BD PERIPHERIQUE INTERIEUR,M,"48,9000500","2,3208840",75,2019,70.0,1.0,1.0,4.0,2270687,2.0,2,4,2,5.0,,0.0,0,1977.0,A01,138Â 199Â 244,2.0,6.0,-1.0,1733155,1.0,7,,0.0,2.0,6.0,C01,138Â 199Â 241,1.0
1015322,201900056853,11,30,18:10,1,2,1,1.0,4.0,75117,BD PERIPHERIQUE INTERIEUR,M,"48,9000500","2,3208840",75,2019,70.0,1.0,1.0,4.0,2270687,2.0,2,4,2,5.0,,0.0,0,1977.0,A01,138Â 199Â 244,2.0,6.0,-1.0,1733156,1.0,7,,0.0,2.0,2.0,B01,138Â 199Â 242,1.0
1015322,201900056853,11,30,18:10,1,2,1,1.0,4.0,75117,BD PERIPHERIQUE INTERIEUR,M,"48,9000500","2,3208840",75,2019,70.0,1.0,1.0,4.0,2270687,2.0,2,4,2,5.0,,0.0,0,1977.0,A01,138Â 199Â 244,2.0,6.0,-1.0,1733157,1.0,31,,0.0,2.0,6.0,A01,138Â 199Â 244,1.0
1015322,201900056853,11,30,18:10,1,2,1,1.0,4.0,75117,BD PERIPHERIQUE INTERIEUR,M,"48,9000500","2,3208840",75,2019,70.0,1.0,1.0,4.0,2270688,1.0,1,4,1,5.0,,0.0,0,1979.0,A01,138Â 199Â 244,2.0,6.0,-1.0,1733155,1.0,7,,0.0,2.0,6.0,C01,138Â 199Â 241,1.0
1015322,201900056853,11,30,18:10,1,2,1,1.0,4.0,75117,BD PERIPHERIQUE INTERIEUR,M,"48,9000500","2,3208840",75,2019,70.0,1.0,1.0,4.0,2270688,1.0,1,4,1,5.0,,0.0,0,1979.0,A01,138Â 199Â 244,2.0,6.0,-1.0,1733156,1.0,7,,0.0,2.0,2.0,B01,138Â 199Â 242,1.0
1015322,201900056853,11,30,18:10,1,2,1,1.0,4.0,75117,BD PERIPHERIQUE INTERIEUR,M,"48,9000500","2,3208840",75,2019,70.0,1.0,1.0,4.0,2270688,1.0,1,4,1,5.0,,0.0,0,1979.0,A01,138Â 199Â 244,2.0,6.0,-1.0,1733157,1.0,31,,0.0,2.0,6.0,A01,138Â 199Â 244,1.0
1015323,201900056854,6,16,00:10,5,2,3,1.0,6.0,75113,QUAI D AUSTERLITZ,M,"48,8383240","2,3727850",75,2019,30.0,1.0,1.0,4.0,2270689,1.0,1,1,1,0.0,,0.0,0,1936.0,A01,138Â 199Â 240,1.0,0.0,-1.0,1733158,2.0,7,,0.0,1.0,1.0,A01,138Â 199Â 240,1.0
1015323,201900056854,6,16,00:10,5,2,3,1.0,6.0,75113,QUAI D AUSTERLITZ,M,"48,8383240","2,3727850",75,2019,30.0,1.0,1.0,4.0,2270690,10.0,3,4,1,0.0,,3.0,3,1980.0,A01,138Â 199Â 240,8.0,0.0,-1.0,1733158,2.0,7,,0.0,1.0,1.0,A01,138Â 199Â 240,1.0
1015324,201900056855,2,13,22:55,5,2,1,1.0,3.0,75119,AVENUE DE FLANDRE,M,"48,8894930","2,3751240",75,2019,50.0,1.0,1.0,4.0,2270691,1.0,1,4,1,0.0,,0.0,0,1994.0,A01,138Â 199Â 238,2.0,6.0,-1.0,1733159,2.0,43,,0.0,2.0,3.0,A01,138Â 199Â 238,1.0
1015324,201900056855,2,13,22:55,5,2,1,1.0,3.0,75119,AVENUE DE FLANDRE,M,"48,8894930","2,3751240",75,2019,50.0,1.0,1.0,4.0,2270691,1.0,1,4,1,0.0,,0.0,0,1994.0,A01,138Â 199Â 238,2.0,6.0,-1.0,1733160,3.0,1,,0.0,2.0,2.0,B01,138Â 199Â 239,5.0
1015324,201900056855,2,13,22:55,5,2,1,1.0,3.0,75119,AVENUE DE FLANDRE,M,"48,8894930","2,3751240",75,2019,50.0,1.0,1.0,4.0,2270692,1.0,1,3,1,0.0,,0.0,0,1998.0,B01,138Â 199Â 239,2.0,0.0,-1.0,1733159,2.0,43,,0.0,2.0,3.0,A01,138Â 199Â 238,1.0
1015324,201900056855,2,13,22:55,5,2,1,1.0,3.0,75119,AVENUE DE FLANDRE,M,"48,8894930","2,3751240",75,2019,50.0,1.0,1.0,4.0,2270692,1.0,1,3,1,0.0,,0.0,0,1998.0,B01,138Â 199Â 239,2.0,0.0,-1.0,1733160,3.0,1,,0.0,2.0,2.0,B01,138Â 199Â 239,5.0
1015325,201900056856,11,30,16:20,1,2,1,1.0,4.0,75116,BD PERIPHERIQUE INTERIEUR,M,"48,8763230","2,2785250",75,2019,70.0,1.0,1.0,4.0,2270693,1.0,1,4,1,5.0,,0.0,0,2000.0,A01,138Â 199Â 233,2.0,6.0,-1.0,1733161,1.0,30,,0.0,2.0,1.0,A01,138Â 199Â 233,1.0
1015325,201900056856,11,30,16:20,1,2,1,1.0,4.0,75116,BD PERIPHERIQUE INTERIEUR,M,"48,8763230","2,2785250",75,2019,70.0,1.0,1.0,4.0,2270693,1.0,1,4,1,5.0,,0.0,0,2000.0,A01,138Â 199Â 233,2.0,6.0,-1.0,1733162,1.0,7,,0.0,2.0,4.0,B01,138Â 199Â 235,1.0
1015325,201900056856,11,30,16:20,1,2,1,1.0,4.0,75116,BD PERIPHERIQUE INTERIEUR,M,"48,8763230","2,2785250",75,2019,70.0,1.0,1.0,4.0,2270693,1.0,1,4,1,5.0,,0.0,0,2000.0,A01,138Â 199Â 233,2.0,6.0,-1.0,1733163,1.0,7,,0.0,2.0,0.0,C01,138Â 199Â 236,1.0
1015325,201900056856,11,30,16:20,1,2,1,1.0,4.0,75116,BD PERIPHERIQUE INTERIEUR,M,"48,8763230","2,2785250",75,2019,70.0,1.0,1.0,4.0,2270694,1.0,1,1,1,4.0,,0.0,0,1970.0,B01,138Â 199Â 235,1.0,0.0,-1.0,1733161,1.0,30,,0.0,2.0,1.0,A01,138Â 199Â 233,1.0
1015325,201900056856,11,30,16:20,1,2,1,1.0,4.0,75116,BD PERIPHERIQUE INTERIEUR,M,"48,8763230","2,2785250",75,2019,70.0,1.0,1.0,4.0,2270694,1.0,1,1,1,4.0,,0.0,0,1970.0,B01,138Â 199Â 235,1.0,0.0,-1.0,1733162,1.0,7,,0.0,2.0,4.0,B01,138Â 199Â 235,1.0
1015325,201900056856,11,30,16:20,1,2,1,1.0,4.0,75116,BD PERIPHERIQUE INTERIEUR,M,"48,8763230","2,2785250",75,2019,70.0,1.0,1.0,4.0,2270694,1.0,1,1,1,4.0,,0.0,0,1970.0,B01,138Â 199Â 235,1.0,0.0,-1.0,1733163,1.0,7,,0.0,2.0,0.0,C01,138Â 199Â 236,1.0
1015325,201900056856,11,30,16:20,1,2,1,1.0,4.0,75116,BD PERIPHERIQUE INTERIEUR,M,"48,8763230","2,2785250",75,2019,70.0,1.0,1.0,4.0,2270695,1.0,1,1,1,0.0,,0.0,0,1961.0,C01,138Â 199Â 236,1.0,0.0,-1.0,1733161,1.0,30,,0.0,2.0,1.0,A01,138Â 199Â 233,1.0
1015325,201900056856,11,30,16:20,1,2,1,1.0,4.0,75116,BD PERIPHERIQUE INTERIEUR,M,"48,8763230","2,2785250",75,2019,70.0,1.0,1.0,4.0,2270695,1.0,1,1,1,0.0,,0.0,0,1961.0,C01,138Â 199Â 236,1.0,0.0,-1.0,1733162,1.0,7,,0.0,2.0,4.0,B01,138Â 199Â 235,1.0
1015325,201900056856,11,30,16:20,1,2,1,1.0,4.0,75116,BD PERIPHERIQUE INTERIEUR,M,"48,8763230","2,2785250",75,2019,70.0,1.0,1.0,4.0,2270695,1.0,1,1,1,0.0,,0.0,0,1961.0,C01,138Â 199Â 236,1.0,0.0,-1.0,1733163,1.0,7,,0.0,2.0,0.0,C01,138Â 199Â 236,1.0
1015326,201900056857,6,13,17:10,1,2,4,8.0,3.0,75113,BOULEVARD MASSENA,M,"48,8226760","2,3728670",75,2019,50.0,1.0,2.0,4.0,2270696,1.0,1,4,1,1.0,,0.0,0,1961.0,B01,138Â 199Â 234,2.0,8.0,-1.0,1733164,2.0,32,,0.0,2.0,1.0,B01,138Â 199Â 234,1.0