Unnamed: 0_x,num_acc,mois,jour,hrmn,lum,agg,int,atm,col,com,adr,gps,lat,long,dep,annee,vma,situ,surf,catr,Unnamed: 0_y,place,catu,grav,sexe,trajet,secu,locp,actp,an_nais,num_veh_x,id_vehicule_x,secu1,secu2,secu3,Unnamed: 0,senc,catv,occutc,obs,obsm,choc,num_veh_y,id_vehicule_y,motor
1015326,201900056857,6,13,17:10,1,2,4,8.0,3.0,75113,BOULEVARD MASSENA,M,"48,8226760","2,3728670",75,2019,50.0,1.0,2.0,4.0,2270696,1.0,1,4,1,1.0,,0.0,0,1961.0,B01,138Â 199Â 234,2.0,8.0,-1.0,1733165,1.0,10,,0.0,2.0,7.0,A01,138Â 199Â 237,1.0
1015326,201900056857,6,13,17:10,1,2,4,8.0,3.0,75113,BOULEVARD MASSENA,M,"48,8226760","2,3728670",75,2019,50.0,1.0,2.0,4.0,2270697,1.0,1,1,1,1.0,,0.0,0,1981.0,A01,138Â 199Â 237,1.0,0.0,-1.0,1733164,2.0,32,,0.0,2.0,1.0,B01,138Â 199Â 234,1.0
1015326,201900056857,6,13,17:10,1,2,4,8.0,3.0,75113,BOULEVARD MASSENA,M,"48,8226760","2,3728670",75,2019,50.0,1.0,2.0,4.0,2270697,1.0,1,1,1,1.0,,0.0,0,1981.0,A01,138Â 199Â 237,1.0,0.0,-1.0,1733165,1.0,10,,0.0,2.0,7.0,A01,138Â 199Â 237,1.0
1015327,201900056858,2,16,13:33,1,2,2,1.0,6.0,75118,AVENUE DE LA PORTE DE CLIGNANCOURT,M,"48,8993680","2,3441440",75,2019,30.0,1.0,1.0,4.0,2270698,10.0,3,4,1,5.0,,8.0,3,2002.0,Z01,138Â 199Â 232,8.0,0.0,-1.0,1733166,2.0,7,,0.0,1.0,6.0,Z01,138Â 199Â 232,1.0
1015328,201900056859,11,30,06:45,5,2,1,1.0,6.0,75116,BD PERIPHERIQUE EXTERIEUR,M,"48,8635780","2,2658420",75,2019,70.0,1.0,1.0,4.0,2270699,1.0,1,4,1,5.0,,0.0,0,1986.0,A01,138Â 199Â 231,1.0,0.0,-1.0,1733167,2.0,7,,9.0,0.0,1.0,A01,138Â 199Â 231,1.0
1015329,201900056860,6,13,12:28,1,2,7,1.0,6.0,75113,PLACE D ITALIE,M,"48,8318570","2,3552800",75,2019,30.0,1.0,1.0,4.0,2270700,10.0,3,4,2,0.0,,2.0,3,1970.0,A01,138Â 199Â 230,8.0,0.0,-1.0,1733168,1.0,7,,0.0,1.0,8.0,A01,138Â 199Â 230,1.0
1015329,201900056860,6,13,12:28,1,2,7,1.0,6.0,75113,PLACE D ITALIE,M,"48,8318570","2,3552800",75,2019,30.0,1.0,1.0,4.0,2270701,1.0,1,1,1,4.0,,0.0,0,1954.0,A01,138Â 199Â 230,1.0,0.0,-1.0,1733168,1.0,7,,0.0,1.0,8.0,A01,138Â 199Â 230,1.0
1015330,201900056861,2,16,02:20,5,2,2,1.0,6.0,75118,BOULEVARD BARBES,M,"48,8883500","2,3495900",75,2019,50.0,1.0,1.0,4.0,2270702,1.0,1,1,1,5.0,,0.0,0,1980.0,A01,138Â 199Â 229,8.0,0.0,-1.0,1733169,1.0,7,,0.0,1.0,1.0,A01,138Â 199Â 229,1.0
1015330,201900056861,2,16,02:20,5,2,2,1.0,6.0,75118,BOULEVARD BARBES,M,"48,8883500","2,3495900",75,2019,50.0,1.0,1.0,4.0,2270703,10.0,3,4,1,5.0,,2.0,3,1990.0,A01,138Â 199Â 229,8.0,0.0,-1.0,1733169,1.0,7,,0.0,1.0,1.0,A01,138Â 199Â 229,1.0
1015331,201900056862,12,1,16:05,1,2,4,1.0,6.0,75120,AVENUE DE LA PORTE DE BAGNOLET,M,"48,8647508","2,4120987",75,2019,50.0,1.0,1.0,4.0,2270704,1.0,1,4,1,0.0,,0.0,0,1971.0,A01,138Â 199Â 228,2.0,6.0,-1.0,1733170,1.0,2,,0.0,2.0,7.0,Z01,138Â 199Â 227,0.0
1015331,201900056862,12,1,16:05,1,2,4,1.0,6.0,75120,AVENUE DE LA PORTE DE BAGNOLET,M,"48,8647508","2,4120987",75,2019,50.0,1.0,1.0,4.0,2270704,1.0,1,4,1,0.0,,0.0,0,1971.0,A01,138Â 199Â 228,2.0,6.0,-1.0,1733171,1.0,30,,12.0,2.0,8.0,A01,138Â 199Â 228,1.0
1015332,201900056863,6,13,09:40,1,2,1,2.0,6.0,75113,QUAI PANHARD ET LEVASSOR,M,"48,8285330","2,3843870",75,2019,30.0,5.0,1.0,4.0,2270705,10.0,3,4,2,0.0,,2.0,3,1942.0,A01,138Â 199Â 226,8.0,0.0,-1.0,1733172,1.0,1,,0.0,1.0,2.0,A01,138Â 199Â 226,5.0
1015332,201900056863,6,13,09:40,1,2,1,2.0,6.0,75113,QUAI PANHARD ET LEVASSOR,M,"48,8285330","2,3843870",75,2019,30.0,5.0,1.0,4.0,2270706,1.0,1,4,1,4.0,,0.0,0,1971.0,A01,138Â 199Â 226,2.0,8.0,-1.0,1733172,1.0,1,,0.0,1.0,2.0,A01,138Â 199Â 226,5.0
1015333,201900056864,2,15,11:30,1,2,2,1.0,6.0,75118,BOULEVARD DE ROCHECHOUART,M,"48,8834970","2,3466670",75,2019,50.0,1.0,1.0,4.0,2270707,10.0,3,4,1,0.0,,2.0,3,1955.0,A01,138Â 199Â 225,8.0,0.0,-1.0,1733173,1.0,7,,0.0,1.0,2.0,A01,138Â 199Â 225,1.0
1015333,201900056864,2,15,11:30,1,2,2,1.0,6.0,75118,BOULEVARD DE ROCHECHOUART,M,"48,8834970","2,3466670",75,2019,50.0,1.0,1.0,4.0,2270708,1.0,1,1,1,4.0,,0.0,0,1980.0,A01,138Â 199Â 225,1.0,0.0,-1.0,1733173,1.0,7,,0.0,1.0,2.0,A01,138Â 199Â 225,1.0
1015334,201900056865,12,1,04:40,5,2,1,2.0,6.0,75116,VOIE GEORGES POMPIDOU,M,"48,8414449","2,2691609",75,2019,50.0,1.0,2.0,4.0,2270709,1.0,1,4,1,9.0,,0.0,0,1991.0,A01,138Â 199Â 224,1.0,0.0,-1.0,1733174,2.0,7,,8.0,0.0,1.0,A01,138Â 199Â 224,1.0
1015335,201900056866,6,12,09:40,1,2,3,1.0,3.0,75113,QUAI D AUSTERLITZ,M,"48,8430700","2,3663340",75,2019,50.0,5.0,1.0,4.0,2270710,1.0,1,1,1,4.0,,0.0,0,1987.0,A01,138Â 199Â 221,1.0,0.0,-1.0,1733175,2.0,10,,0.0,2.0,5.0,A01,138Â 199Â 221,1.0
1015335,201900056866,6,12,09:40,1,2,3,1.0,3.0,75113,QUAI D AUSTERLITZ,M,"48,8430700","2,3663340",75,2019,50.0,5.0,1.0,4.0,2270710,1.0,1,1,1,4.0,,0.0,0,1987.0,A01,138Â 199Â 221,1.0,0.0,-1.0,1733176,2.0,1,,0.0,2.0,1.0,B01,138Â 199Â 223,5.0
1015335,201900056866,6,12,09:40,1,2,3,1.0,3.0,75113,QUAI D AUSTERLITZ,M,"48,8430700","2,3663340",75,2019,50.0,5.0,1.0,4.0,2270711,1.0,1,4,2,1.0,,0.0,0,1995.0,B01,138Â 199Â 223,2.0,8.0,-1.0,1733175,2.0,10,,0.0,2.0,5.0,A01,138Â 199Â 221,1.0
1015335,201900056866,6,12,09:40,1,2,3,1.0,3.0,75113,QUAI D AUSTERLITZ,M,"48,8430700","2,3663340",75,2019,50.0,5.0,1.0,4.0,2270711,1.0,1,4,2,1.0,,0.0,0,1995.0,B01,138Â 199Â 223,2.0,8.0,-1.0,1733176,2.0,1,,0.0,2.0,1.0,B01,138Â 199Â 223,5.0
1015336,201900056867,2,14,20:25,5,2,7,1.0,6.0,75118,RUE DE LA CHAPELLE,M,"48,8953430","2,3596530",75,2019,50.0,1.0,1.0,4.0,2270712,1.0,1,4,1,1.0,,0.0,0,1987.0,A01,138Â 199Â 219,2.0,6.0,-1.0,1733177,1.0,7,,0.0,2.0,1.0,Z01,138Â 199Â 218,1.0
1015336,201900056867,2,14,20:25,5,2,7,1.0,6.0,75118,RUE DE LA CHAPELLE,M,"48,8953430","2,3596530",75,2019,50.0,1.0,1.0,4.0,2270712,1.0,1,4,1,1.0,,0.0,0,1987.0,A01,138Â 199Â 219,2.0,6.0,-1.0,1733178,1.0,32,,0.0,2.0,4.0,A01,138Â 199Â 219,1.0
1015337,201900056868,6,12,08:49,1,2,3,8.0,6.0,75113,AVENUE D ITALIE,M,"48,8257890","2,3573770",75,2019,50.0,1.0,1.0,4.0,2270713,10.0,3,4,2,9.0,,4.0,3,1971.0,Z01,138Â 199Â 217,8.0,0.0,-1.0,1733179,2.0,50,,0.0,1.0,1.0,Z01,138Â 199Â 217,3.0
1015338,201900056869,2,16,10:20,1,2,5,1.0,2.0,75117,AVENUE DE LA PORTE D ASNIERES,M,"48,8918310","2,3015850",75,2019,50.0,1.0,1.0,4.0,2270714,1.0,1,4,2,1.0,,0.0,0,1959.0,B01,138Â 199Â 212,2.0,6.0,-1.0,1733180,2.0,31,,0.0,2.0,4.0,B01,138Â 199Â 212,1.0
1015338,201900056869,2,16,10:20,1,2,5,1.0,2.0,75117,AVENUE DE LA PORTE D ASNIERES,M,"48,8918310","2,3015850",75,2019,50.0,1.0,1.0,4.0,2270714,1.0,1,4,2,1.0,,0.0,0,1959.0,B01,138Â 199Â 212,2.0,6.0,-1.0,1733181,1.0,7,,0.0,2.0,1.0,A01,138Â 199Â 215,1.0
1015338,201900056869,2,16,10:20,1,2,5,1.0,2.0,75117,AVENUE DE LA PORTE D ASNIERES,M,"48,8918310","2,3015850",75,2019,50.0,1.0,1.0,4.0,2270715,1.0,1,1,2,3.0,,0.0,0,1993.0,A01,138Â 199Â 215,1.0,0.0,-1.0,1733180,2.0,31,,0.0,2.0,4.0,B01,138Â 199Â 212,1.0
1015338,201900056869,2,16,10:20,1,2,5,1.0,2.0,75117,AVENUE DE LA PORTE D ASNIERES,M,"48,8918310","2,3015850",75,2019,50.0,1.0,1.0,4.0,2270715,1.0,1,1,2,3.0,,0.0,0,1993.0,A01,138Â 199Â 215,1.0,0.0,-1.0,1733181,1.0,7,,0.0,2.0,1.0,A01,138Â 199Â 215,1.0
1015339,201900056870,6,11,17:35,1,2,1,3.0,4.0,75113,PONT CHARLES DE GAULLE,M,"48,8422900","2,3687240",75,2019,50.0,1.0,2.0,4.0,2270716,1.0,1,1,1,0.0,,0.0,0,1964.0,C01,138Â 199Â 213,1.0,0.0,-1.0,1733182,1.0,10,,0.0,2.0,0.0,C01,138Â 199Â 213,1.0
1015339,201900056870,6,11,17:35,1,2,1,3.0,4.0,75113,PONT CHARLES DE GAULLE,M,"48,8422900","2,3687240",75,2019,50.0,1.0,2.0,4.0,2270716,1.0,1,1,1,0.0,,0.0,0,1964.0,C01,138Â 199Â 213,1.0,0.0,-1.0,1733183,1.0,7,,0.0,2.0,4.0,B01,138Â 199Â 214,1.0
1015339,201900056870,6,11,17:35,1,2,1,3.0,4.0,75113,PONT CHARLES DE GAULLE,M,"48,8422900","2,3687240",75,2019,50.0,1.0,2.0,4.0,2270716,1.0,1,1,1,0.0,,0.0,0,1964.0,C01,138Â 199Â 213,1.0,0.0,-1.0,1733184,1.0,7,,0.0,2.0,1.0,A01,138Â 199Â 216,1.0
1015339,201900056870,6,11,17:35,1,2,1,3.0,4.0,75113,PONT CHARLES DE GAULLE,M,"48,8422900","2,3687240",75,2019,50.0,1.0,2.0,4.0,2270717,1.0,1,4,1,4.0,,0.0,0,1974.0,B01,138Â 199Â 214,1.0,0.0,-1.0,1733182,1.0,10,,0.0,2.0,0.0,C01,138Â 199Â 213,1.0
1015339,201900056870,6,11,17:35,1,2,1,3.0,4.0,75113,PONT CHARLES DE GAULLE,M,"48,8422900","2,3687240",75,2019,50.0,1.0,2.0,4.0,2270717,1.0,1,4,1,4.0,,0.0,0,1974.0,B01,138Â 199Â 214,1.0,0.0,-1.0,1733183,1.0,7,,0.0,2.0,4.0,B01,138Â 199Â 214,1.0
1015339,201900056870,6,11,17:35,1,2,1,3.0,4.0,75113,PONT CHARLES DE GAULLE,M,"48,8422900","2,3687240",75,2019,50.0,1.0,2.0,4.0,2270717,1.0,1,4,1,4.0,,0.0,0,1974.0,B01,138Â 199Â 214,1.0,0.0,-1.0,1733184,1.0,7,,0.0,2.0,1.0,A01,138Â 199Â 216,1.0
1015339,201900056870,6,11,17:35,1,2,1,3.0,4.0,75113,PONT CHARLES DE GAULLE,M,"48,8422900","2,3687240",75,2019,50.0,1.0,2.0,4.0,2270718,1.0,1,1,1,0.0,,0.0,0,1986.0,A01,138Â 199Â 216,1.0,0.0,-1.0,1733182,1.0,10,,0.0,2.0,0.0,C01,138Â 199Â 213,1.0
1015339,201900056870,6,11,17:35,1,2,1,3.0,4.0,75113,PONT CHARLES DE GAULLE,M,"48,8422900","2,3687240",75,2019,50.0,1.0,2.0,4.0,2270718,1.0,1,1,1,0.0,,0.0,0,1986.0,A01,138Â 199Â 216,1.0,0.0,-1.0,1733183,1.0,7,,0.0,2.0,4.0,B01,138Â 199Â 214,1.0
1015339,201900056870,6,11,17:35,1,2,1,3.0,4.0,75113,PONT CHARLES DE GAULLE,M,"48,8422900","2,3687240",75,2019,50.0,1.0,2.0,4.0,2270718,1.0,1,1,1,0.0,,0.0,0,1986.0,A01,138Â 199Â 216,1.0,0.0,-1.0,1733184,1.0,7,,0.0,2.0,1.0,A01,138Â 199Â 216,1.0
1015340,201900056871,2,14,14:40,1,2,1,1.0,6.0,75117,BOULEVARD DE COURCELLES,M,"48,8811390","2,3150520",75,2019,30.0,5.0,1.0,4.0,2270719,10.0,3,4,2,5.0,,2.0,3,1942.0,A01,138Â 199Â 211,8.0,0.0,-1.0,1733185,1.0,1,,0.0,1.0,7.0,A01,138Â 199Â 211,5.0
1015340,201900056871,2,14,14:40,1,2,1,1.0,6.0,75117,BOULEVARD DE COURCELLES,M,"48,8811390","2,3150520",75,2019,30.0,5.0,1.0,4.0,2270720,1.0,1,1,1,9.0,,0.0,0,1991.0,A01,138Â 199Â 211,2.0,0.0,-1.0,1733185,1.0,1,,0.0,1.0,7.0,A01,138Â 199Â 211,5.0
1015341,201900056872,6,9,18:35,1,2,1,1.0,4.0,75113,PONT CHARLES DE GAULLE,M,"48,8424610","2,3688900",75,2019,50.0,1.0,1.0,4.0,2270721,1.0,1,1,1,5.0,,0.0,0,1981.0,D01,138Â 199Â 207,1.0,0.0,-1.0,1733186,1.0,7,,0.0,2.0,1.0,D01,138Â 199Â 207,1.0
1015341,201900056872,6,9,18:35,1,2,1,1.0,4.0,75113,PONT CHARLES DE GAULLE,M,"48,8424610","2,3688900",75,2019,50.0,1.0,1.0,4.0,2270721,1.0,1,1,1,5.0,,0.0,0,1981.0,D01,138Â 199Â 207,1.0,0.0,-1.0,1733187,1.0,7,,0.0,2.0,5.0,C01,138Â 199Â 208,1.0
1015341,201900056872,6,9,18:35,1,2,1,1.0,4.0,75113,PONT CHARLES DE GAULLE,M,"48,8424610","2,3688900",75,2019,50.0,1.0,1.0,4.0,2270721,1.0,1,1,1,5.0,,0.0,0,1981.0,D01,138Â 199Â 207,1.0,0.0,-1.0,1733188,1.0,7,,0.0,2.0,4.0,B01,138Â 199Â 209,1.0
1015341,201900056872,6,9,18:35,1,2,1,1.0,4.0,75113,PONT CHARLES DE GAULLE,M,"48,8424610","2,3688900",75,2019,50.0,1.0,1.0,4.0,2270721,1.0,1,1,1,5.0,,0.0,0,1981.0,D01,138Â 199Â 207,1.0,0.0,-1.0,1733189,1.0,7,,0.0,2.0,4.0,A01,138Â 199Â 210,1.0
1015341,201900056872,6,9,18:35,1,2,1,1.0,4.0,75113,PONT CHARLES DE GAULLE,M,"48,8424610","2,3688900",75,2019,50.0,1.0,1.0,4.0,2270722,1.0,1,4,2,5.0,,0.0,0,1953.0,C01,138Â 199Â 208,1.0,0.0,-1.0,1733186,1.0,7,,0.0,2.0,1.0,D01,138Â 199Â 207,1.0
1015341,201900056872,6,9,18:35,1,2,1,1.0,4.0,75113,PONT CHARLES DE GAULLE,M,"48,8424610","2,3688900",75,2019,50.0,1.0,1.0,4.0,2270722,1.0,1,4,2,5.0,,0.0,0,1953.0,C01,138Â 199Â 208,1.0,0.0,-1.0,1733187,1.0,7,,0.0,2.0,5.0,C01,138Â 199Â 208,1.0
1015341,201900056872,6,9,18:35,1,2,1,1.0,4.0,75113,PONT CHARLES DE GAULLE,M,"48,8424610","2,3688900",75,2019,50.0,1.0,1.0,4.0,2270722,1.0,1,4,2,5.0,,0.0,0,1953.0,C01,138Â 199Â 208,1.0,0.0,-1.0,1733188,1.0,7,,0.0,2.0,4.0,B01,138Â 199Â 209,1.0
1015341,201900056872,6,9,18:35,1,2,1,1.0,4.0,75113,PONT CHARLES DE GAULLE,M,"48,8424610","2,3688900",75,2019,50.0,1.0,1.0,4.0,2270722,1.0,1,4,2,5.0,,0.0,0,1953.0,C01,138Â 199Â 208,1.0,0.0,-1.0,1733189,1.0,7,,0.0,2.0,4.0,A01,138Â 199Â 210,1.0
1015341,201900056872,6,9,18:35,1,2,1,1.0,4.0,75113,PONT CHARLES DE GAULLE,M,"48,8424610","2,3688900",75,2019,50.0,1.0,1.0,4.0,2270723,1.0,1,1,1,5.0,,0.0,0,1976.0,B01,138Â 199Â 209,1.0,0.0,-1.0,1733186,1.0,7,,0.0,2.0,1.0,D01,138Â 199Â 207,1.0
1015341,201900056872,6,9,18:35,1,2,1,1.0,4.0,75113,PONT CHARLES DE GAULLE,M,"48,8424610","2,3688900",75,2019,50.0,1.0,1.0,4.0,2270723,1.0,1,1,1,5.0,,0.0,0,1976.0,B01,138Â 199Â 209,1.0,0.0,-1.0,1733187,1.0,7,,0.0,2.0,5.0,C01,138Â 199Â 208,1.0
1015341,201900056872,6,9,18:35,1,2,1,1.0,4.0,75113,PONT CHARLES DE GAULLE,M,"48,8424610","2,3688900",75,2019,50.0,1.0,1.0,4.0,2270723,1.0,1,1,1,5.0,,0.0,0,1976.0,B01,138Â 199Â 209,1.0,0.0,-1.0,1733188,1.0,7,,0.0,2.0,4.0,B01,138Â 199Â 209,1.0
1015341,201900056872,6,9,18:35,1,2,1,1.0,4.0,75113,PONT CHARLES DE GAULLE,M,"48,8424610","2,3688900",75,2019,50.0,1.0,1.0,4.0,2270723,1.0,1,1,1,5.0,,0.0,0,1976.0,B01,138Â 199Â 209,1.0,0.0,-1.0,1733189,1.0,7,,0.0,2.0,4.0,A01,138Â 199Â 210,1.0
1015341,201900056872,6,9,18:35,1,2,1,1.0,4.0,75113,PONT CHARLES DE GAULLE,M,"48,8424610","2,3688900",75,2019,50.0,1.0,1.0,4.0,2270724,3.0,2,4,1,5.0,,0.0,0,2012.0,A01,138Â 199Â 210,3.0,0.0,-1.0,1733186,1.0,7,,0.0,2.0,1.0,D01,138Â 199Â 207,1.0
1015341,201900056872,6,9,18:35,1,2,1,1.0,4.0,75113,PONT CHARLES DE GAULLE,M,"48,8424610","2,3688900",75,2019,50.0,1.0,1.0,4.0,2270724,3.0,2,4,1,5.0,,0.0,0,2012.0,A01,138Â 199Â 210,3.0,0.0,-1.0,1733187,1.0,7,,0.0,2.0,5.0,C01,138Â 199Â 208,1.0
1015341,201900056872,6,9,18:35,1,2,1,1.0,4.0,75113,PONT CHARLES DE GAULLE,M,"48,8424610","2,3688900",75,2019,50.0,1.0,1.0,4.0,2270724,3.0,2,4,1,5.0,,0.0,0,2012.0,A01,138Â 199Â 210,3.0,0.0,-1.0,1733188,1.0,7,,0.0,2.0,4.0,B01,138Â 199Â 209,1.0
1015341,201900056872,6,9,18:35,1,2,1,1.0,4.0,75113,PONT CHARLES DE GAULLE,M,"48,8424610","2,3688900",75,2019,50.0,1.0,1.0,4.0,2270724,3.0,2,4,1,5.0,,0.0,0,2012.0,A01,138Â 199Â 210,3.0,0.0,-1.0,1733189,1.0,7,,0.0,2.0,4.0,A01,138Â 199Â 210,1.0
1015341,201900056872,6,9,18:35,1,2,1,1.0,4.0,75113,PONT CHARLES DE GAULLE,M,"48,8424610","2,3688900",75,2019,50.0,1.0,1.0,4.0,2270725,1.0,1,1,1,5.0,,0.0,0,1981.0,A01,138Â 199Â 210,1.0,0.0,-1.0,1733186,1.0,7,,0.0,2.0,1.0,D01,138Â 199Â 207,1.0
1015341,201900056872,6,9,18:35,1,2,1,1.0,4.0,75113,PONT CHARLES DE GAULLE,M,"48,8424610","2,3688900",75,2019,50.0,1.0,1.0,4.0,2270725,1.0,1,1,1,5.0,,0.0,0,1981.0,A01,138Â 199Â 210,1.0,0.0,-1.0,1733187,1.0,7,,0.0,2.0,5.0,C01,138Â 199Â 208,1.0
1015341,201900056872,6,9,18:35,1,2,1,1.0,4.0,75113,PONT CHARLES DE GAULLE,M,"48,8424610","2,3688900",75,2019,50.0,1.0,1.0,4.0,2270725,1.0,1,1,1,5.0,,0.0,0,1981.0,A01,138Â 199Â 210,1.0,0.0,-1.0,1733188,1.0,7,,0.0,2.0,4.0,B01,138Â 199Â 209,1.0
1015341,201900056872,6,9,18:35,1,2,1,1.0,4.0,75113,PONT CHARLES DE GAULLE,M,"48,8424610","2,3688900",75,2019,50.0,1.0,1.0,4.0,2270725,1.0,1,1,1,5.0,,0.0,0,1981.0,A01,138Â 199Â 210,1.0,0.0,-1.0,1733189,1.0,7,,0.0,2.0,4.0,A01,138Â 199Â 210,1.0
1015342,201900056873,6,6,19:20,1,2,1,1.0,6.0,75113,BOULEVARD AUGUSTE BLANQUI,M,"48,8304400","2,3519790",75,2019,50.0,1.0,1.0,4.0,2270726,1.0,1,4,1,9.0,,0.0,0,1976.0,A01,138Â 199Â 206,2.0,0.0,-1.0,1733190,1.0,32,,0.0,1.0,1.0,A01,138Â 199Â 206,1.0
1015342,201900056873,6,6,19:20,1,2,1,1.0,6.0,75113,BOULEVARD AUGUSTE BLANQUI,M,"48,8304400","2,3519790",75,2019,50.0,1.0,1.0,4.0,2270727,10.0,3,4,1,5.0,,1.0,3,1966.0,A01,138Â 199Â 206,8.0,0.0,-1.0,1733190,1.0,32,,0.0,1.0,1.0,A01,138Â 199Â 206,1.0
1015343,201900056874,6,6,07:50,1,2,1,1.0,3.0,75113,RUE BRUNESEAU,M,"48,8247070","2,3875900",75,2019,50.0,1.0,1.0,4.0,2270728,1.0,1,4,1,5.0,,0.0,0,1992.0,A01,138Â 199Â 204,0.0,6.0,-1.0,1733191,2.0,32,,0.0,2.0,2.0,A01,138Â 199Â 204,1.0
1015343,201900056874,6,6,07:50,1,2,1,1.0,3.0,75113,RUE BRUNESEAU,M,"48,8247070","2,3875900",75,2019,50.0,1.0,1.0,4.0,2270728,1.0,1,4,1,5.0,,0.0,0,1992.0,A01,138Â 199Â 204,0.0,6.0,-1.0,1733192,1.0,10,,0.0,2.0,3.0,B01,138Â 199Â 205,1.0
1015343,201900056874,6,6,07:50,1,2,1,1.0,3.0,75113,RUE BRUNESEAU,M,"48,8247070","2,3875900",75,2019,50.0,1.0,1.0,4.0,2270729,1.0,1,1,2,4.0,,0.0,0,1991.0,B01,138Â 199Â 205,1.0,8.0,-1.0,1733191,2.0,32,,0.0,2.0,2.0,A01,138Â 199Â 204,1.0
1015343,201900056874,6,6,07:50,1,2,1,1.0,3.0,75113,RUE BRUNESEAU,M,"48,8247070","2,3875900",75,2019,50.0,1.0,1.0,4.0,2270729,1.0,1,1,2,4.0,,0.0,0,1991.0,B01,138Â 199Â 205,1.0,8.0,-1.0,1733192,1.0,10,,0.0,2.0,3.0,B01,138Â 199Â 205,1.0
1015344,201900056875,6,4,19:00,1,2,2,1.0,2.0,75113,BOULEVARD DE L HOPITAL,M,"48,8365600","2,3592870",75,2019,50.0,1.0,2.0,4.0,2270730,1.0,1,1,1,1.0,,0.0,0,1981.0,B01,138Â 199Â 200,1.0,0.0,-1.0,1733193,1.0,10,,0.0,2.0,5.0,B01,138Â 199Â 200,1.0
1015344,201900056875,6,4,19:00,1,2,2,1.0,2.0,75113,BOULEVARD DE L HOPITAL,M,"48,8365600","2,3592870",75,2019,50.0,1.0,2.0,4.0,2270730,1.0,1,1,1,1.0,,0.0,0,1981.0,B01,138Â 199Â 200,1.0,0.0,-1.0,1733194,1.0,1,,0.0,2.0,1.0,A01,138Â 199Â 203,5.0
1015344,201900056875,6,4,19:00,1,2,2,1.0,2.0,75113,BOULEVARD DE L HOPITAL,M,"48,8365600","2,3592870",75,2019,50.0,1.0,2.0,4.0,2270731,1.0,1,4,1,1.0,,0.0,0,1982.0,A01,138Â 199Â 203,2.0,0.0,-1.0,1733193,1.0,10,,0.0,2.0,5.0,B01,138Â 199Â 200,1.0
1015344,201900056875,6,4,19:00,1,2,2,1.0,2.0,75113,BOULEVARD DE L HOPITAL,M,"48,8365600","2,3592870",75,2019,50.0,1.0,2.0,4.0,2270731,1.0,1,4,1,1.0,,0.0,0,1982.0,A01,138Â 199Â 203,2.0,0.0,-1.0,1733194,1.0,1,,0.0,2.0,1.0,A01,138Â 199Â 203,5.0
1015345,201900056876,2,14,14:20,1,2,4,1.0,6.0,75117,AVENUE DE LA PORTE D ASNIERES,M,"48,8922710","2,3010180",75,2019,50.0,1.0,1.0,4.0,2270732,10.0,3,4,1,5.0,,4.0,3,1980.0,A01,138Â 199Â 201,8.0,0.0,-1.0,1733195,2.0,7,,0.0,1.0,2.0,A01,138Â 199Â 201,4.0
1015345,201900056876,2,14,14:20,1,2,4,1.0,6.0,75117,AVENUE DE LA PORTE D ASNIERES,M,"48,8922710","2,3010180",75,2019,50.0,1.0,1.0,4.0,2270733,1.0,1,1,1,4.0,,0.0,0,1983.0,A01,138Â 199Â 201,1.0,0.0,-1.0,1733195,2.0,7,,0.0,1.0,2.0,A01,138Â 199Â 201,4.0
1015345,201900056876,2,14,14:20,1,2,4,1.0,6.0,75117,AVENUE DE LA PORTE D ASNIERES,M,"48,8922710","2,3010180",75,2019,50.0,1.0,1.0,4.0,2270734,10.0,3,4,2,0.0,,4.0,3,1984.0,A01,138Â 199Â 201,8.0,0.0,-1.0,1733195,2.0,7,,0.0,1.0,2.0,A01,138Â 199Â 201,4.0
1015346,201900056877,6,3,22:30,5,2,3,1.0,6.0,75113,AVENUE D ITALIE,M,"48,8204280","2,3590620",75,2019,50.0,1.0,1.0,4.0,2270735,1.0,1,4,1,5.0,,0.0,0,1985.0,A01,138Â 199Â 199,8.0,0.0,-1.0,1733196,1.0,10,,0.0,2.0,0.0,Z01,138Â 199Â 198,0.0
1015346,201900056877,6,3,22:30,5,2,3,1.0,6.0,75113,AVENUE D ITALIE,M,"48,8204280","2,3590620",75,2019,50.0,1.0,1.0,4.0,2270735,1.0,1,4,1,5.0,,0.0,0,1985.0,A01,138Â 199Â 199,8.0,0.0,-1.0,1733197,1.0,30,,0.0,2.0,1.0,A01,138Â 199Â 199,1.0
1015347,201900056878,2,13,10:20,1,2,2,1.0,6.0,75117,RUE ALPHONSE DE NEUVILLE,M,"48,8865900","2,3015440",75,2019,50.0,1.0,1.0,4.0,2270736,10.0,3,4,2,5.0,,4.0,3,1977.0,A01,138Â 199Â 197,8.0,0.0,-1.0,1733198,1.0,7,,0.0,1.0,0.0,A01,138Â 199Â 197,1.0
1015347,201900056878,2,13,10:20,1,2,2,1.0,6.0,75117,RUE ALPHONSE DE NEUVILLE,M,"48,8865900","2,3015440",75,2019,50.0,1.0,1.0,4.0,2270737,10.0,3,1,1,0.0,,4.0,3,2017.0,A01,138Â 199Â 197,8.0,0.0,-1.0,1733198,1.0,7,,0.0,1.0,0.0,A01,138Â 199Â 197,1.0
1015347,201900056878,2,13,10:20,1,2,2,1.0,6.0,75117,RUE ALPHONSE DE NEUVILLE,M,"48,8865900","2,3015440",75,2019,50.0,1.0,1.0,4.0,2270738,1.0,1,1,1,5.0,,0.0,0,1945.0,A01,138Â 199Â 197,1.0,0.0,-1.0,1733198,1.0,7,,0.0,1.0,0.0,A01,138Â 199Â 197,1.0