Unnamed: 0_x,num_acc,mois,jour,hrmn,lum,agg,int,atm,col,com,adr,gps,lat,long,dep,annee,vma,situ,surf,catr,Unnamed: 0_y,place,catu,grav,sexe,trajet,secu,locp,actp,an_nais,num_veh_x,id_vehicule_x,secu1,secu2,secu3,Unnamed: 0,senc,catv,occutc,obs,obsm,choc,num_veh_y,id_vehicule_y,motor
1015348,201900056879,2,15,15:40,1,2,1,1.0,2.0,75116,PONT DE SURESNES,M,"48,8667310","2,2300690",75,2019,50.0,1.0,1.0,4.0,2270739,1.0,1,4,1,5.0,,0.0,0,1985.0,B01,138Â 199Â 193,2.0,6.0,-1.0,1733199,2.0,33,,0.0,2.0,1.0,B01,138Â 199Â 193,1.0
1015348,201900056879,2,15,15:40,1,2,1,1.0,2.0,75116,PONT DE SURESNES,M,"48,8667310","2,2300690",75,2019,50.0,1.0,1.0,4.0,2270739,1.0,1,4,1,5.0,,0.0,0,1985.0,B01,138Â 199Â 193,2.0,6.0,-1.0,1733200,2.0,7,,0.0,2.0,6.0,A01,138Â 199Â 195,1.0
1015348,201900056879,2,15,15:40,1,2,1,1.0,2.0,75116,PONT DE SURESNES,M,"48,8667310","2,2300690",75,2019,50.0,1.0,1.0,4.0,2270740,1.0,1,1,1,5.0,,0.0,0,1944.0,A01,138Â 199Â 195,1.0,0.0,-1.0,1733199,2.0,33,,0.0,2.0,1.0,B01,138Â 199Â 193,1.0
1015348,201900056879,2,15,15:40,1,2,1,1.0,2.0,75116,PONT DE SURESNES,M,"48,8667310","2,2300690",75,2019,50.0,1.0,1.0,4.0,2270740,1.0,1,1,1,5.0,,0.0,0,1944.0,A01,138Â 199Â 195,1.0,0.0,-1.0,1733200,2.0,7,,0.0,2.0,6.0,A01,138Â 199Â 195,1.0
1015349,201900056880,6,1,10:56,1,2,2,1.0,3.0,75113,QUAI D AUSTERLITZ,M,"48,8419260","2,3678470",75,2019,50.0,1.0,1.0,4.0,2270741,1.0,1,4,1,5.0,,0.0,0,1977.0,B01,138Â 199Â 194,2.0,8.0,-1.0,1733201,2.0,33,,0.0,2.0,8.0,B01,138Â 199Â 194,1.0
1015349,201900056880,6,1,10:56,1,2,2,1.0,3.0,75113,QUAI D AUSTERLITZ,M,"48,8419260","2,3678470",75,2019,50.0,1.0,1.0,4.0,2270741,1.0,1,4,1,5.0,,0.0,0,1977.0,B01,138Â 199Â 194,2.0,8.0,-1.0,1733202,2.0,7,,0.0,2.0,1.0,A01,138Â 199Â 196,4.0
1015349,201900056880,6,1,10:56,1,2,2,1.0,3.0,75113,QUAI D AUSTERLITZ,M,"48,8419260","2,3678470",75,2019,50.0,1.0,1.0,4.0,2270742,1.0,1,1,2,5.0,,0.0,0,1958.0,A01,138Â 199Â 196,1.0,8.0,-1.0,1733201,2.0,33,,0.0,2.0,8.0,B01,138Â 199Â 194,1.0
1015349,201900056880,6,1,10:56,1,2,2,1.0,3.0,75113,QUAI D AUSTERLITZ,M,"48,8419260","2,3678470",75,2019,50.0,1.0,1.0,4.0,2270742,1.0,1,1,2,5.0,,0.0,0,1958.0,A01,138Â 199Â 196,1.0,8.0,-1.0,1733202,2.0,7,,0.0,2.0,1.0,A01,138Â 199Â 196,4.0
1015350,201900056881,2,14,11:30,1,2,2,1.0,3.0,75116,AVENUE DE L HIPPODROME,M,"48,8585640","2,2448810",75,2019,50.0,1.0,1.0,4.0,2270743,1.0,1,1,1,1.0,,0.0,0,1984.0,A01,138Â 199Â 190,2.0,6.0,-1.0,1733203,1.0,33,,0.0,2.0,1.0,A01,138Â 199Â 190,1.0
1015350,201900056881,2,14,11:30,1,2,2,1.0,3.0,75116,AVENUE DE L HIPPODROME,M,"48,8585640","2,2448810",75,2019,50.0,1.0,1.0,4.0,2270743,1.0,1,1,1,1.0,,0.0,0,1984.0,A01,138Â 199Â 190,2.0,6.0,-1.0,1733204,2.0,33,,0.0,2.0,1.0,B01,138Â 199Â 192,1.0
1015350,201900056881,2,14,11:30,1,2,2,1.0,3.0,75116,AVENUE DE L HIPPODROME,M,"48,8585640","2,2448810",75,2019,50.0,1.0,1.0,4.0,2270744,1.0,1,4,1,1.0,,0.0,0,1965.0,B01,138Â 199Â 192,2.0,6.0,-1.0,1733203,1.0,33,,0.0,2.0,1.0,A01,138Â 199Â 190,1.0
1015350,201900056881,2,14,11:30,1,2,2,1.0,3.0,75116,AVENUE DE L HIPPODROME,M,"48,8585640","2,2448810",75,2019,50.0,1.0,1.0,4.0,2270744,1.0,1,4,1,1.0,,0.0,0,1965.0,B01,138Â 199Â 192,2.0,6.0,-1.0,1733204,2.0,33,,0.0,2.0,1.0,B01,138Â 199Â 192,1.0
1015351,201900056882,5,31,23:00,5,2,4,1.0,3.0,75113,PORTE D IVRY,M,"48,8197220","2,3729130",75,2019,50.0,1.0,1.0,4.0,2270745,1.0,1,1,1,0.0,,0.0,0,1982.0,A01,138Â 199Â 189,1.0,0.0,-1.0,1733205,3.0,7,,0.0,2.0,1.0,A01,138Â 199Â 189,1.0
1015351,201900056882,5,31,23:00,5,2,4,1.0,3.0,75113,PORTE D IVRY,M,"48,8197220","2,3729130",75,2019,50.0,1.0,1.0,4.0,2270745,1.0,1,1,1,0.0,,0.0,0,1982.0,A01,138Â 199Â 189,1.0,0.0,-1.0,1733206,3.0,33,,0.0,2.0,1.0,B01,138Â 199Â 191,1.0
1015351,201900056882,5,31,23:00,5,2,4,1.0,3.0,75113,PORTE D IVRY,M,"48,8197220","2,3729130",75,2019,50.0,1.0,1.0,4.0,2270746,1.0,1,4,1,0.0,,0.0,0,1999.0,B01,138Â 199Â 191,2.0,0.0,-1.0,1733205,3.0,7,,0.0,2.0,1.0,A01,138Â 199Â 189,1.0
1015351,201900056882,5,31,23:00,5,2,4,1.0,3.0,75113,PORTE D IVRY,M,"48,8197220","2,3729130",75,2019,50.0,1.0,1.0,4.0,2270746,1.0,1,4,1,0.0,,0.0,0,1999.0,B01,138Â 199Â 191,2.0,0.0,-1.0,1733206,3.0,33,,0.0,2.0,1.0,B01,138Â 199Â 191,1.0
1015352,201900056883,2,14,08:30,1,2,7,1.0,3.0,75116,AVENUE FOCH,M,"48,8717890","2,2763800",75,2019,50.0,1.0,1.0,4.0,2270747,1.0,1,1,1,1.0,,0.0,0,1955.0,A01,138Â 199Â 184,1.0,0.0,-1.0,1733207,1.0,7,,0.0,2.0,3.0,A01,138Â 199Â 184,2.0
1015352,201900056883,2,14,08:30,1,2,7,1.0,3.0,75116,AVENUE FOCH,M,"48,8717890","2,2763800",75,2019,50.0,1.0,1.0,4.0,2270747,1.0,1,1,1,1.0,,0.0,0,1955.0,A01,138Â 199Â 184,1.0,0.0,-1.0,1733208,1.0,32,,0.0,2.0,5.0,B01,138Â 199Â 186,1.0
1015352,201900056883,2,14,08:30,1,2,7,1.0,3.0,75116,AVENUE FOCH,M,"48,8717890","2,2763800",75,2019,50.0,1.0,1.0,4.0,2270748,2.0,2,4,2,9.0,,0.0,0,1992.0,B01,138Â 199Â 186,2.0,6.0,-1.0,1733207,1.0,7,,0.0,2.0,3.0,A01,138Â 199Â 184,2.0
1015352,201900056883,2,14,08:30,1,2,7,1.0,3.0,75116,AVENUE FOCH,M,"48,8717890","2,2763800",75,2019,50.0,1.0,1.0,4.0,2270748,2.0,2,4,2,9.0,,0.0,0,1992.0,B01,138Â 199Â 186,2.0,6.0,-1.0,1733208,1.0,32,,0.0,2.0,5.0,B01,138Â 199Â 186,1.0
1015352,201900056883,2,14,08:30,1,2,7,1.0,3.0,75116,AVENUE FOCH,M,"48,8717890","2,2763800",75,2019,50.0,1.0,1.0,4.0,2270749,1.0,1,1,1,9.0,,0.0,0,1989.0,B01,138Â 199Â 186,2.0,6.0,-1.0,1733207,1.0,7,,0.0,2.0,3.0,A01,138Â 199Â 184,2.0
1015352,201900056883,2,14,08:30,1,2,7,1.0,3.0,75116,AVENUE FOCH,M,"48,8717890","2,2763800",75,2019,50.0,1.0,1.0,4.0,2270749,1.0,1,1,1,9.0,,0.0,0,1989.0,B01,138Â 199Â 186,2.0,6.0,-1.0,1733208,1.0,32,,0.0,2.0,5.0,B01,138Â 199Â 186,1.0
1015353,201900056884,12,1,20:20,3,2,2,8.0,4.0,75113,BOULEVARD MASSENA,M,"48,8193290","2,3619800",75,2019,50.0,1.0,2.0,4.0,2270750,1.0,1,1,1,5.0,,0.0,0,1973.0,A01,138Â 199Â 188,1.0,0.0,-1.0,1733209,1.0,7,,0.0,2.0,1.0,A01,138Â 199Â 188,1.0
1015353,201900056884,12,1,20:20,3,2,2,8.0,4.0,75113,BOULEVARD MASSENA,M,"48,8193290","2,3619800",75,2019,50.0,1.0,2.0,4.0,2270750,1.0,1,1,1,5.0,,0.0,0,1973.0,A01,138Â 199Â 188,1.0,0.0,-1.0,1733210,1.0,7,,0.0,2.0,4.0,B01,138Â 199Â 202,1.0
1015353,201900056884,12,1,20:20,3,2,2,8.0,4.0,75113,BOULEVARD MASSENA,M,"48,8193290","2,3619800",75,2019,50.0,1.0,2.0,4.0,2270750,1.0,1,1,1,5.0,,0.0,0,1973.0,A01,138Â 199Â 188,1.0,0.0,-1.0,1733211,1.0,7,,0.0,2.0,4.0,C01,138Â 199Â 220,1.0
1015353,201900056884,12,1,20:20,3,2,2,8.0,4.0,75113,BOULEVARD MASSENA,M,"48,8193290","2,3619800",75,2019,50.0,1.0,2.0,4.0,2270751,1.0,1,1,1,0.0,,0.0,0,1955.0,B01,138Â 199Â 202,1.0,0.0,-1.0,1733209,1.0,7,,0.0,2.0,1.0,A01,138Â 199Â 188,1.0
1015353,201900056884,12,1,20:20,3,2,2,8.0,4.0,75113,BOULEVARD MASSENA,M,"48,8193290","2,3619800",75,2019,50.0,1.0,2.0,4.0,2270751,1.0,1,1,1,0.0,,0.0,0,1955.0,B01,138Â 199Â 202,1.0,0.0,-1.0,1733210,1.0,7,,0.0,2.0,4.0,B01,138Â 199Â 202,1.0
1015353,201900056884,12,1,20:20,3,2,2,8.0,4.0,75113,BOULEVARD MASSENA,M,"48,8193290","2,3619800",75,2019,50.0,1.0,2.0,4.0,2270751,1.0,1,1,1,0.0,,0.0,0,1955.0,B01,138Â 199Â 202,1.0,0.0,-1.0,1733211,1.0,7,,0.0,2.0,4.0,C01,138Â 199Â 220,1.0
1015353,201900056884,12,1,20:20,3,2,2,8.0,4.0,75113,BOULEVARD MASSENA,M,"48,8193290","2,3619800",75,2019,50.0,1.0,2.0,4.0,2270752,2.0,2,4,2,0.0,,0.0,0,1957.0,B01,138Â 199Â 202,1.0,0.0,-1.0,1733209,1.0,7,,0.0,2.0,1.0,A01,138Â 199Â 188,1.0
1015353,201900056884,12,1,20:20,3,2,2,8.0,4.0,75113,BOULEVARD MASSENA,M,"48,8193290","2,3619800",75,2019,50.0,1.0,2.0,4.0,2270752,2.0,2,4,2,0.0,,0.0,0,1957.0,B01,138Â 199Â 202,1.0,0.0,-1.0,1733210,1.0,7,,0.0,2.0,4.0,B01,138Â 199Â 202,1.0
1015353,201900056884,12,1,20:20,3,2,2,8.0,4.0,75113,BOULEVARD MASSENA,M,"48,8193290","2,3619800",75,2019,50.0,1.0,2.0,4.0,2270752,2.0,2,4,2,0.0,,0.0,0,1957.0,B01,138Â 199Â 202,1.0,0.0,-1.0,1733211,1.0,7,,0.0,2.0,4.0,C01,138Â 199Â 220,1.0
1015353,201900056884,12,1,20:20,3,2,2,8.0,4.0,75113,BOULEVARD MASSENA,M,"48,8193290","2,3619800",75,2019,50.0,1.0,2.0,4.0,2270753,4.0,2,1,2,0.0,,-1.0, -1,2018.0,C01,138Â 199Â 220,3.0,1.0,-1.0,1733209,1.0,7,,0.0,2.0,1.0,A01,138Â 199Â 188,1.0
1015353,201900056884,12,1,20:20,3,2,2,8.0,4.0,75113,BOULEVARD MASSENA,M,"48,8193290","2,3619800",75,2019,50.0,1.0,2.0,4.0,2270753,4.0,2,1,2,0.0,,-1.0, -1,2018.0,C01,138Â 199Â 220,3.0,1.0,-1.0,1733210,1.0,7,,0.0,2.0,4.0,B01,138Â 199Â 202,1.0
1015353,201900056884,12,1,20:20,3,2,2,8.0,4.0,75113,BOULEVARD MASSENA,M,"48,8193290","2,3619800",75,2019,50.0,1.0,2.0,4.0,2270753,4.0,2,1,2,0.0,,-1.0, -1,2018.0,C01,138Â 199Â 220,3.0,1.0,-1.0,1733211,1.0,7,,0.0,2.0,4.0,C01,138Â 199Â 220,1.0
1015353,201900056884,12,1,20:20,3,2,2,8.0,4.0,75113,BOULEVARD MASSENA,M,"48,8193290","2,3619800",75,2019,50.0,1.0,2.0,4.0,2270754,1.0,1,1,2,0.0,,0.0,0,1980.0,C01,138Â 199Â 220,1.0,0.0,-1.0,1733209,1.0,7,,0.0,2.0,1.0,A01,138Â 199Â 188,1.0
1015353,201900056884,12,1,20:20,3,2,2,8.0,4.0,75113,BOULEVARD MASSENA,M,"48,8193290","2,3619800",75,2019,50.0,1.0,2.0,4.0,2270754,1.0,1,1,2,0.0,,0.0,0,1980.0,C01,138Â 199Â 220,1.0,0.0,-1.0,1733210,1.0,7,,0.0,2.0,4.0,B01,138Â 199Â 202,1.0
1015353,201900056884,12,1,20:20,3,2,2,8.0,4.0,75113,BOULEVARD MASSENA,M,"48,8193290","2,3619800",75,2019,50.0,1.0,2.0,4.0,2270754,1.0,1,1,2,0.0,,0.0,0,1980.0,C01,138Â 199Â 220,1.0,0.0,-1.0,1733211,1.0,7,,0.0,2.0,4.0,C01,138Â 199Â 220,1.0
1015353,201900056884,12,1,20:20,3,2,2,8.0,4.0,75113,BOULEVARD MASSENA,M,"48,8193290","2,3619800",75,2019,50.0,1.0,2.0,4.0,2270755,2.0,2,1,1,0.0,,-1.0, -1,1979.0,C01,138Â 199Â 220,1.0,0.0,-1.0,1733209,1.0,7,,0.0,2.0,1.0,A01,138Â 199Â 188,1.0
1015353,201900056884,12,1,20:20,3,2,2,8.0,4.0,75113,BOULEVARD MASSENA,M,"48,8193290","2,3619800",75,2019,50.0,1.0,2.0,4.0,2270755,2.0,2,1,1,0.0,,-1.0, -1,1979.0,C01,138Â 199Â 220,1.0,0.0,-1.0,1733210,1.0,7,,0.0,2.0,4.0,B01,138Â 199Â 202,1.0
1015353,201900056884,12,1,20:20,3,2,2,8.0,4.0,75113,BOULEVARD MASSENA,M,"48,8193290","2,3619800",75,2019,50.0,1.0,2.0,4.0,2270755,2.0,2,1,1,0.0,,-1.0, -1,1979.0,C01,138Â 199Â 220,1.0,0.0,-1.0,1733211,1.0,7,,0.0,2.0,4.0,C01,138Â 199Â 220,1.0
1015354,201900056885,2,13,11:30,1,2,7,1.0,3.0,75116,PLACE DE VARSOVIE,M,"48,8602620","2,2905230",75,2019,50.0,1.0,1.0,4.0,2270756,1.0,1,4,1,0.0,,0.0,0,1962.0,A01,138Â 199Â 182,2.0,6.0,-1.0,1733212,1.0,34,,0.0,2.0,2.0,A01,138Â 199Â 182,1.0
1015354,201900056885,2,13,11:30,1,2,7,1.0,3.0,75116,PLACE DE VARSOVIE,M,"48,8602620","2,2905230",75,2019,50.0,1.0,1.0,4.0,2270756,1.0,1,4,1,0.0,,0.0,0,1962.0,A01,138Â 199Â 182,2.0,6.0,-1.0,1733213,1.0,10,,0.0,2.0,6.0,B01,138Â 199Â 183,3.0
1015354,201900056885,2,13,11:30,1,2,7,1.0,3.0,75116,PLACE DE VARSOVIE,M,"48,8602620","2,2905230",75,2019,50.0,1.0,1.0,4.0,2270757,2.0,2,1,1,4.0,,0.0,0,1963.0,B01,138Â 199Â 183,1.0,0.0,-1.0,1733212,1.0,34,,0.0,2.0,2.0,A01,138Â 199Â 182,1.0
1015354,201900056885,2,13,11:30,1,2,7,1.0,3.0,75116,PLACE DE VARSOVIE,M,"48,8602620","2,2905230",75,2019,50.0,1.0,1.0,4.0,2270757,2.0,2,1,1,4.0,,0.0,0,1963.0,B01,138Â 199Â 183,1.0,0.0,-1.0,1733213,1.0,10,,0.0,2.0,6.0,B01,138Â 199Â 183,3.0
1015354,201900056885,2,13,11:30,1,2,7,1.0,3.0,75116,PLACE DE VARSOVIE,M,"48,8602620","2,2905230",75,2019,50.0,1.0,1.0,4.0,2270758,1.0,1,1,1,9.0,,0.0,0,1973.0,B01,138Â 199Â 183,1.0,0.0,-1.0,1733212,1.0,34,,0.0,2.0,2.0,A01,138Â 199Â 182,1.0
1015354,201900056885,2,13,11:30,1,2,7,1.0,3.0,75116,PLACE DE VARSOVIE,M,"48,8602620","2,2905230",75,2019,50.0,1.0,1.0,4.0,2270758,1.0,1,1,1,9.0,,0.0,0,1973.0,B01,138Â 199Â 183,1.0,0.0,-1.0,1733213,1.0,10,,0.0,2.0,6.0,B01,138Â 199Â 183,3.0
1015355,201900056886,12,1,07:10,5,2,3,2.0,6.0,75113,AVENUE DES GOBELINS,M,"48,8348979","2,3531799",75,2019,50.0,6.0,2.0,4.0,2270759,1.0,1,4,1,5.0,,0.0,0,1976.0,A01,138Â 199Â 181,2.0,6.0,-1.0,1733214,1.0,30,,1.0,0.0,1.0,A01,138Â 199Â 181,1.0
1015356,201900056887,2,12,12:00,1,2,1,1.0,3.0,75116,BOULEVARD DE L AMIRAL BRUIX,M,"48,8763550","2,2823560",75,2019,50.0,1.0,1.0,4.0,2270760,1.0,1,1,1,4.0,,0.0,0,1971.0,A01,138Â 199Â 179,1.0,0.0,-1.0,1733215,1.0,7,,0.0,2.0,8.0,A01,138Â 199Â 179,1.0
1015356,201900056887,2,12,12:00,1,2,1,1.0,3.0,75116,BOULEVARD DE L AMIRAL BRUIX,M,"48,8763550","2,2823560",75,2019,50.0,1.0,1.0,4.0,2270760,1.0,1,1,1,4.0,,0.0,0,1971.0,A01,138Â 199Â 179,1.0,0.0,-1.0,1733216,1.0,43,,0.0,2.0,1.0,B01,138Â 199Â 180,1.0
1015356,201900056887,2,12,12:00,1,2,1,1.0,3.0,75116,BOULEVARD DE L AMIRAL BRUIX,M,"48,8763550","2,2823560",75,2019,50.0,1.0,1.0,4.0,2270761,1.0,1,4,1,9.0,,0.0,0,1964.0,B01,138Â 199Â 180,2.0,6.0,-1.0,1733215,1.0,7,,0.0,2.0,8.0,A01,138Â 199Â 179,1.0
1015356,201900056887,2,12,12:00,1,2,1,1.0,3.0,75116,BOULEVARD DE L AMIRAL BRUIX,M,"48,8763550","2,2823560",75,2019,50.0,1.0,1.0,4.0,2270761,1.0,1,4,1,9.0,,0.0,0,1964.0,B01,138Â 199Â 180,2.0,6.0,-1.0,1733216,1.0,43,,0.0,2.0,1.0,B01,138Â 199Â 180,1.0
1015357,201900056888,11,30,15:20,1,2,1,1.0,6.0,75109,RUE DE PROVENCE,M,"48,8742940","2,3332561",75,2019,50.0,5.0,1.0,4.0,2270762,10.0,3,4,2,9.0,,1.0,3,1975.0,A01,138Â 199Â 178,0.0,-1.0,-1.0,1733217,1.0,1,,0.0,1.0,1.0,A01,138Â 199Â 178,5.0
1015357,201900056888,11,30,15:20,1,2,1,1.0,6.0,75109,RUE DE PROVENCE,M,"48,8742940","2,3332561",75,2019,50.0,5.0,1.0,4.0,2270763,1.0,1,4,1,4.0,,0.0,0,1999.0,A01,138Â 199Â 178,8.0,2.0,-1.0,1733217,1.0,1,,0.0,1.0,1.0,A01,138Â 199Â 178,5.0
1015358,201900056889,2,16,05:30,5,2,3,1.0,7.0,75115,BOULEVARD PASTEUR,M,"48,8415180","2,3140370",75,2019,50.0,1.0,1.0,4.0,2270764,1.0,1,4,1,4.0,,0.0,0,1994.0,A01,138Â 199Â 177,2.0,6.0,-1.0,1733218,2.0,30,,0.0,0.0,2.0,A01,138Â 199Â 177,1.0
1015359,201900056890,12,1,01:55,5,2,1,1.0,2.0,94067,PARIS (av. de),M,"48,8459300","2,4236800",94,2019,50.0,1.0,1.0,3.0,2270765,1.0,1,4,1,9.0,,0.0,0,1992.0,B01,138Â 199Â 175,2.0,8.0,-1.0,1733219,2.0,1,,0.0,2.0,4.0,B01,138Â 199Â 175,5.0
1015359,201900056890,12,1,01:55,5,2,1,1.0,2.0,94067,PARIS (av. de),M,"48,8459300","2,4236800",94,2019,50.0,1.0,1.0,3.0,2270765,1.0,1,4,1,9.0,,0.0,0,1992.0,B01,138Â 199Â 175,2.0,8.0,-1.0,1733220,2.0,10,,0.0,6.0,1.0,A01,138Â 199Â 176,1.0
1015360,201900056891,2,15,20:34,5,2,1,1.0,3.0,75106,BOULEVARD DU MONTPARNASSE,M,"48,8459300","2,3183400",75,2019,50.0,1.0,1.0,4.0,2270766,1.0,1,1,1,5.0,,0.0,0,1996.0,A01,138Â 199Â 173,2.0,6.0,-1.0,1733221,1.0,32,,0.0,2.0,2.0,A01,138Â 199Â 173,1.0
1015360,201900056891,2,15,20:34,5,2,1,1.0,3.0,75106,BOULEVARD DU MONTPARNASSE,M,"48,8459300","2,3183400",75,2019,50.0,1.0,1.0,4.0,2270766,1.0,1,1,1,5.0,,0.0,0,1996.0,A01,138Â 199Â 173,2.0,6.0,-1.0,1733222,1.0,1,,0.0,2.0,5.0,B01,138Â 199Â 174,5.0
1015360,201900056891,2,15,20:34,5,2,1,1.0,3.0,75106,BOULEVARD DU MONTPARNASSE,M,"48,8459300","2,3183400",75,2019,50.0,1.0,1.0,4.0,2270767,1.0,1,4,2,5.0,,0.0,0,1978.0,B01,138Â 199Â 174,2.0,0.0,-1.0,1733221,1.0,32,,0.0,2.0,2.0,A01,138Â 199Â 173,1.0
1015360,201900056891,2,15,20:34,5,2,1,1.0,3.0,75106,BOULEVARD DU MONTPARNASSE,M,"48,8459300","2,3183400",75,2019,50.0,1.0,1.0,4.0,2270767,1.0,1,4,2,5.0,,0.0,0,1978.0,B01,138Â 199Â 174,2.0,0.0,-1.0,1733222,1.0,1,,0.0,2.0,5.0,B01,138Â 199Â 174,5.0
1015361,201900056892,12,1,18:50,5,2,9,2.0,1.0,94074,JULIEN DURANTON (avenue),M,"48,7700000","2,4400000",94,2019,50.0,6.0,2.0,3.0,2270768,1.0,1,4,1,0.0,,-1.0, -1,1976.0,A01,138Â 199Â 170,8.0,0.0,-1.0,1733223,3.0,3,,0.0,2.0,1.0,A01,138Â 199Â 170,0.0
1015361,201900056892,12,1,18:50,5,2,9,2.0,1.0,94074,JULIEN DURANTON (avenue),M,"48,7700000","2,4400000",94,2019,50.0,6.0,2.0,3.0,2270768,1.0,1,4,1,0.0,,-1.0, -1,1976.0,A01,138Â 199Â 170,8.0,0.0,-1.0,1733224,3.0,37,2.0,8.0,2.0,1.0,B01,138Â 199Â 172,0.0
1015361,201900056892,12,1,18:50,5,2,9,2.0,1.0,94074,JULIEN DURANTON (avenue),M,"48,7700000","2,4400000",94,2019,50.0,6.0,2.0,3.0,2270769,1.0,1,1,1,4.0,,-1.0, -1,1978.0,B01,138Â 199Â 172,8.0,0.0,-1.0,1733223,3.0,3,,0.0,2.0,1.0,A01,138Â 199Â 170,0.0
1015361,201900056892,12,1,18:50,5,2,9,2.0,1.0,94074,JULIEN DURANTON (avenue),M,"48,7700000","2,4400000",94,2019,50.0,6.0,2.0,3.0,2270769,1.0,1,1,1,4.0,,-1.0, -1,1978.0,B01,138Â 199Â 172,8.0,0.0,-1.0,1733224,3.0,37,2.0,8.0,2.0,1.0,B01,138Â 199Â 172,0.0
1015361,201900056892,12,1,18:50,5,2,9,2.0,1.0,94074,JULIEN DURANTON (avenue),M,"48,7700000","2,4400000",94,2019,50.0,6.0,2.0,3.0,2270770,8.0,2,4,2,0.0,,-1.0, -1,1996.0,B01,138Â 199Â 172,8.0,0.0,-1.0,1733223,3.0,3,,0.0,2.0,1.0,A01,138Â 199Â 170,0.0
1015361,201900056892,12,1,18:50,5,2,9,2.0,1.0,94074,JULIEN DURANTON (avenue),M,"48,7700000","2,4400000",94,2019,50.0,6.0,2.0,3.0,2270770,8.0,2,4,2,0.0,,-1.0, -1,1996.0,B01,138Â 199Â 172,8.0,0.0,-1.0,1733224,3.0,37,2.0,8.0,2.0,1.0,B01,138Â 199Â 172,0.0
1015362,201900056893,2,15,19:50,5,2,2,1.0,3.0,75115,RUE DE DANTZIG,M,"48,8352390","2,3004690",75,2019,30.0,1.0,1.0,4.0,2270771,1.0,1,1,1,4.0,,0.0,0,1953.0,A01,138Â 199Â 169,1.0,0.0,-1.0,1733225,2.0,7,,0.0,2.0,3.0,A01,138Â 199Â 169,2.0
1015362,201900056893,2,15,19:50,5,2,2,1.0,3.0,75115,RUE DE DANTZIG,M,"48,8352390","2,3004690",75,2019,30.0,1.0,1.0,4.0,2270771,1.0,1,1,1,4.0,,0.0,0,1953.0,A01,138Â 199Â 169,1.0,0.0,-1.0,1733226,2.0,1,,0.0,2.0,1.0,B01,138Â 199Â 171,5.0
1015362,201900056893,2,15,19:50,5,2,2,1.0,3.0,75115,RUE DE DANTZIG,M,"48,8352390","2,3004690",75,2019,30.0,1.0,1.0,4.0,2270772,1.0,1,4,2,4.0,,0.0,0,1988.0,B01,138Â 199Â 171,2.0,0.0,-1.0,1733225,2.0,7,,0.0,2.0,3.0,A01,138Â 199Â 169,2.0
1015362,201900056893,2,15,19:50,5,2,2,1.0,3.0,75115,RUE DE DANTZIG,M,"48,8352390","2,3004690",75,2019,30.0,1.0,1.0,4.0,2270772,1.0,1,4,2,4.0,,0.0,0,1988.0,B01,138Â 199Â 171,2.0,0.0,-1.0,1733226,2.0,1,,0.0,2.0,1.0,B01,138Â 199Â 171,5.0
1015363,201900056894,2,15,18:55,5,2,2,1.0,6.0,75115,AVENUE FELIX FAURE,M,"48,8387080","2,2821200",75,2019,50.0,1.0,1.0,4.0,2270773,10.0,3,4,2,5.0,,2.0,3,1993.0,A01,138Â 199Â 167,8.0,0.0,-1.0,1733227,1.0,7,,0.0,1.0,8.0,A01,138Â 199Â 167,1.0
1015363,201900056894,2,15,18:55,5,2,2,1.0,6.0,75115,AVENUE FELIX FAURE,M,"48,8387080","2,2821200",75,2019,50.0,1.0,1.0,4.0,2270774,1.0,1,1,2,5.0,,0.0,0,1924.0,A01,138Â 199Â 167,1.0,0.0,-1.0,1733227,1.0,7,,0.0,1.0,8.0,A01,138Â 199Â 167,1.0
1015364,201900056895,12,1,15:45,1,2,9,1.0,3.0,93078,SAINT EXUPERY (ALLEE ANTOINE DE),M,"48,9650000","2,5420000",93,2019,30.0,1.0,1.0,4.0,2270775,2.0,2,4,2,0.0,,-1.0, -1,1973.0,A01,138Â 199Â 166,1.0,0.0,-1.0,1733228,3.0,7,,0.0,2.0,2.0,A01,138Â 199Â 166,1.0
1015364,201900056895,12,1,15:45,1,2,9,1.0,3.0,93078,SAINT EXUPERY (ALLEE ANTOINE DE),M,"48,9650000","2,5420000",93,2019,30.0,1.0,1.0,4.0,2270775,2.0,2,4,2,0.0,,-1.0, -1,1973.0,A01,138Â 199Â 166,1.0,0.0,-1.0,1733229,3.0,7,,0.0,2.0,1.0,B01,138Â 199Â 168,0.0
1015364,201900056895,12,1,15:45,1,2,9,1.0,3.0,93078,SAINT EXUPERY (ALLEE ANTOINE DE),M,"48,9650000","2,5420000",93,2019,30.0,1.0,1.0,4.0,2270776,1.0,1,1,2,5.0,,-1.0, -1,1975.0,A01,138Â 199Â 166,1.0,0.0,-1.0,1733228,3.0,7,,0.0,2.0,2.0,A01,138Â 199Â 166,1.0
1015364,201900056895,12,1,15:45,1,2,9,1.0,3.0,93078,SAINT EXUPERY (ALLEE ANTOINE DE),M,"48,9650000","2,5420000",93,2019,30.0,1.0,1.0,4.0,2270776,1.0,1,1,2,5.0,,-1.0, -1,1975.0,A01,138Â 199Â 166,1.0,0.0,-1.0,1733229,3.0,7,,0.0,2.0,1.0,B01,138Â 199Â 168,0.0