Unnamed: 0_x,num_acc,mois,jour,hrmn,lum,agg,int,atm,col,com,adr,gps,lat,long,dep,annee,vma,situ,surf,catr,Unnamed: 0_y,place,catu,grav,sexe,trajet,secu,locp,actp,an_nais,num_veh_x,id_vehicule_x,secu1,secu2,secu3,Unnamed: 0,senc,catv,occutc,obs,obsm,choc,num_veh_y,id_vehicule_y,motor
1015364,201900056895,12,1,15:45,1,2,9,1.0,3.0,93078,SAINT EXUPERY (ALLEE ANTOINE DE),M,"48,9650000","2,5420000",93,2019,30.0,1.0,1.0,4.0,2270777,1.0,1,1,1,5.0,,-1.0, -1,2000.0,B01,138Â 199Â 168,1.0,0.0,-1.0,1733228,3.0,7,,0.0,2.0,2.0,A01,138Â 199Â 166,1.0
1015364,201900056895,12,1,15:45,1,2,9,1.0,3.0,93078,SAINT EXUPERY (ALLEE ANTOINE DE),M,"48,9650000","2,5420000",93,2019,30.0,1.0,1.0,4.0,2270777,1.0,1,1,1,5.0,,-1.0, -1,2000.0,B01,138Â 199Â 168,1.0,0.0,-1.0,1733229,3.0,7,,0.0,2.0,1.0,B01,138Â 199Â 168,0.0
1015365,201900056896,2,15,13:15,1,2,7,1.0,6.0,75115,RUE DES ENTREPRENEURS,M,"48,8448540","2,2900390",75,2019,50.0,1.0,1.0,4.0,2270778,10.0,3,4,1,0.0,,4.0,3,2006.0,A01,138Â 199Â 165,8.0,0.0,-1.0,1733230,1.0,7,,0.0,1.0,3.0,A01,138Â 199Â 165,1.0
1015365,201900056896,2,15,13:15,1,2,7,1.0,6.0,75115,RUE DES ENTREPRENEURS,M,"48,8448540","2,2900390",75,2019,50.0,1.0,1.0,4.0,2270779,1.0,1,1,1,4.0,,0.0,0,1981.0,A01,138Â 199Â 165,1.0,0.0,-1.0,1733230,1.0,7,,0.0,1.0,3.0,A01,138Â 199Â 165,1.0
1015366,201900056897,11,30,12:30,1,2,2,1.0,3.0,93059,CHARLES DE GAULLE (BOULEVARD) COTE NÂ° IM,M,"48,9664600","2,3662200",93,2019,30.0,1.0,1.0,4.0,2270780,1.0,1,4,1,0.0,,-1.0, -1,1985.0,A01,138Â 199Â 163,0.0,-1.0,-1.0,1733231,2.0,7,,0.0,9.0,3.0,A01,138Â 199Â 163,1.0
1015366,201900056897,11,30,12:30,1,2,2,1.0,3.0,93059,CHARLES DE GAULLE (BOULEVARD) COTE NÂ° IM,M,"48,9664600","2,3662200",93,2019,30.0,1.0,1.0,4.0,2270780,1.0,1,4,1,0.0,,-1.0, -1,1985.0,A01,138Â 199Â 163,0.0,-1.0,-1.0,1733232,3.0,7,,0.0,0.0,0.0,B01,138Â 199Â 164,0.0
1015367,201900056898,2,15,08:30,1,2,3,1.0,6.0,75115,RUE LECOURBE,M,"48,8442550","2,3081850",75,2019,50.0,1.0,1.0,4.0,2270781,10.0,3,4,2,1.0,,2.0,3,1963.0,A01,138Â 199Â 162,8.0,0.0,-1.0,1733233,1.0,32,,0.0,1.0,1.0,A01,138Â 199Â 162,1.0
1015367,201900056898,2,15,08:30,1,2,3,1.0,6.0,75115,RUE LECOURBE,M,"48,8442550","2,3081850",75,2019,50.0,1.0,1.0,4.0,2270782,1.0,1,4,1,4.0,,0.0,0,1975.0,A01,138Â 199Â 162,2.0,6.0,-1.0,1733233,1.0,32,,0.0,1.0,1.0,A01,138Â 199Â 162,1.0
1015368,201900056899,12,1,19:45,3,2,1,1.0,6.0,93066,FAURE FELIX (BOULEVARD),M,"48,9388300","2,3611800",93,2019,50.0,1.0,1.0,4.0,2270783,10.0,3,4,1,0.0,,3.0,3,1960.0,Z01,138Â 199Â 161,8.0,0.0,-1.0,1733234,3.0,7,,0.0,0.0,0.0,Z01,138Â 199Â 161,0.0
1015369,201900056900,2,17,02:25,5,2,3,1.0,3.0,75114,AVENUE DU MAINE,M,"48,8401120","2,3218270",75,2019,50.0,1.0,1.0,4.0,2270784,1.0,1,4,1,5.0,,0.0,0,1960.0,A01,138Â 199Â 158,1.0,0.0,-1.0,1733235,1.0,7,,0.0,2.0,3.0,A01,138Â 199Â 158,1.0
1015369,201900056900,2,17,02:25,5,2,3,1.0,3.0,75114,AVENUE DU MAINE,M,"48,8401120","2,3218270",75,2019,50.0,1.0,1.0,4.0,2270784,1.0,1,4,1,5.0,,0.0,0,1960.0,A01,138Â 199Â 158,1.0,0.0,-1.0,1733236,2.0,7,,0.0,2.0,7.0,B01,138Â 199Â 160,3.0
1015369,201900056900,2,17,02:25,5,2,3,1.0,3.0,75114,AVENUE DU MAINE,M,"48,8401120","2,3218270",75,2019,50.0,1.0,1.0,4.0,2270785,1.0,1,1,1,9.0,,0.0,0,1987.0,B01,138Â 199Â 160,1.0,0.0,-1.0,1733235,1.0,7,,0.0,2.0,3.0,A01,138Â 199Â 158,1.0
1015369,201900056900,2,17,02:25,5,2,3,1.0,3.0,75114,AVENUE DU MAINE,M,"48,8401120","2,3218270",75,2019,50.0,1.0,1.0,4.0,2270785,1.0,1,1,1,9.0,,0.0,0,1987.0,B01,138Â 199Â 160,1.0,0.0,-1.0,1733236,2.0,7,,0.0,2.0,7.0,B01,138Â 199Â 160,3.0
1015370,201900056901,11,30,22:45,5,2,1,1.0,6.0,93014,COUBRON (ALLEE DE),M,"48,9131900","2,5537400",93,2019,50.0,1.0,1.0,3.0,2270786,2.0,2,4,1,9.0,,-1.0, -1,1992.0,A01,138Â 199Â 159,8.0,0.0,-1.0,1733237,0.0,7,,8.0,0.0,0.0,A01,138Â 199Â 159,1.0
1015370,201900056901,11,30,22:45,5,2,1,1.0,6.0,93014,COUBRON (ALLEE DE),M,"48,9131900","2,5537400",93,2019,50.0,1.0,1.0,3.0,2270787,1.0,1,1,1,0.0,,-1.0, -1,2000.0,A01,138Â 199Â 159,1.0,0.0,-1.0,1733237,0.0,7,,8.0,0.0,0.0,A01,138Â 199Â 159,1.0
1015371,201900056902,2,16,22:40,5,2,1,1.0,7.0,75114,RUE FROIDEVAUX,M,"48,8352680","2,3293260",75,2019,50.0,1.0,1.0,4.0,2270788,1.0,1,4,2,5.0,,0.0,0,1999.0,A01,138Â 199Â 157,8.0,0.0,-1.0,1733238,1.0,50,,0.0,0.0,0.0,A01,138Â 199Â 157,3.0
1015372,201900056903,5,31,00:40,5,2,3,1.0,3.0,75113,BOULEVARD MASSENA,M,"48,8201210","2,3646570",75,2019,50.0,1.0,1.0,4.0,2270789,1.0,1,4,1,0.0,,0.0,0,1967.0,A01,138Â 199Â 185,2.0,0.0,-1.0,1733239,2.0,34,,0.0,2.0,8.0,A01,138Â 199Â 185,1.0
1015372,201900056903,5,31,00:40,5,2,3,1.0,3.0,75113,BOULEVARD MASSENA,M,"48,8201210","2,3646570",75,2019,50.0,1.0,1.0,4.0,2270789,1.0,1,4,1,0.0,,0.0,0,1967.0,A01,138Â 199Â 185,2.0,0.0,-1.0,1733240,1.0,17,,0.0,2.0,2.0,B01,138Â 199Â 187,1.0
1015372,201900056903,5,31,00:40,5,2,3,1.0,3.0,75113,BOULEVARD MASSENA,M,"48,8201210","2,3646570",75,2019,50.0,1.0,1.0,4.0,2270790,1.0,1,1,1,4.0,,0.0,0,1958.0,B01,138Â 199Â 187,1.0,0.0,-1.0,1733239,2.0,34,,0.0,2.0,8.0,A01,138Â 199Â 185,1.0
1015372,201900056903,5,31,00:40,5,2,3,1.0,3.0,75113,BOULEVARD MASSENA,M,"48,8201210","2,3646570",75,2019,50.0,1.0,1.0,4.0,2270790,1.0,1,1,1,4.0,,0.0,0,1958.0,B01,138Â 199Â 187,1.0,0.0,-1.0,1733240,1.0,17,,0.0,2.0,2.0,B01,138Â 199Â 187,1.0
1015373,201900056904,12,1,06:45,5,2,1,2.0,2.0,92062,DE DION BOUTON (QUAI) DU 1 AU 28,M,"48,8773800","2,2412500",92,2019,50.0,1.0,2.0,3.0,2270791,1.0,1,1,1,9.0,,-1.0,0,1971.0,A01,138Â 199Â 155,1.0,0.0,-1.0,1733241,1.0,10,,0.0,2.0,1.0,A01,138Â 199Â 155,1.0
1015373,201900056904,12,1,06:45,5,2,1,2.0,2.0,92062,DE DION BOUTON (QUAI) DU 1 AU 28,M,"48,8773800","2,2412500",92,2019,50.0,1.0,2.0,3.0,2270791,1.0,1,1,1,9.0,,-1.0,0,1971.0,A01,138Â 199Â 155,1.0,0.0,-1.0,1733242,1.0,10,,0.0,2.0,4.0,B01,138Â 199Â 156,1.0
1015373,201900056904,12,1,06:45,5,2,1,2.0,2.0,92062,DE DION BOUTON (QUAI) DU 1 AU 28,M,"48,8773800","2,2412500",92,2019,50.0,1.0,2.0,3.0,2270792,1.0,1,4,1,1.0,,-1.0,0,1977.0,B01,138Â 199Â 156,1.0,0.0,-1.0,1733241,1.0,10,,0.0,2.0,1.0,A01,138Â 199Â 155,1.0
1015373,201900056904,12,1,06:45,5,2,1,2.0,2.0,92062,DE DION BOUTON (QUAI) DU 1 AU 28,M,"48,8773800","2,2412500",92,2019,50.0,1.0,2.0,3.0,2270792,1.0,1,4,1,1.0,,-1.0,0,1977.0,B01,138Â 199Â 156,1.0,0.0,-1.0,1733242,1.0,10,,0.0,2.0,4.0,B01,138Â 199Â 156,1.0
1015374,201900056905,6,16,19:20,1,2,1,1.0,3.0,75112,PLACE DU CARDINAL LAVIGERIE,M,"48,8328910","2,4029640",75,2019,30.0,1.0,1.0,4.0,2270793,1.0,1,4,1,5.0,,0.0,0,2003.0,A01,138Â 199Â 152,2.0,6.0,-1.0,1733243,3.0,30,,0.0,2.0,1.0,A01,138Â 199Â 152,1.0
1015374,201900056905,6,16,19:20,1,2,1,1.0,3.0,75112,PLACE DU CARDINAL LAVIGERIE,M,"48,8328910","2,4029640",75,2019,30.0,1.0,1.0,4.0,2270793,1.0,1,4,1,5.0,,0.0,0,2003.0,A01,138Â 199Â 152,2.0,6.0,-1.0,1733244,3.0,7,,0.0,2.0,7.0,B01,138Â 199Â 154,1.0
1015374,201900056905,6,16,19:20,1,2,1,1.0,3.0,75112,PLACE DU CARDINAL LAVIGERIE,M,"48,8328910","2,4029640",75,2019,30.0,1.0,1.0,4.0,2270794,2.0,2,1,1,5.0,,0.0,0,2007.0,B01,138Â 199Â 154,1.0,0.0,-1.0,1733243,3.0,30,,0.0,2.0,1.0,A01,138Â 199Â 152,1.0
1015374,201900056905,6,16,19:20,1,2,1,1.0,3.0,75112,PLACE DU CARDINAL LAVIGERIE,M,"48,8328910","2,4029640",75,2019,30.0,1.0,1.0,4.0,2270794,2.0,2,1,1,5.0,,0.0,0,2007.0,B01,138Â 199Â 154,1.0,0.0,-1.0,1733244,3.0,7,,0.0,2.0,7.0,B01,138Â 199Â 154,1.0
1015374,201900056905,6,16,19:20,1,2,1,1.0,3.0,75112,PLACE DU CARDINAL LAVIGERIE,M,"48,8328910","2,4029640",75,2019,30.0,1.0,1.0,4.0,2270795,1.0,1,1,2,5.0,,0.0,0,1977.0,B01,138Â 199Â 154,1.0,0.0,-1.0,1733243,3.0,30,,0.0,2.0,1.0,A01,138Â 199Â 152,1.0
1015374,201900056905,6,16,19:20,1,2,1,1.0,3.0,75112,PLACE DU CARDINAL LAVIGERIE,M,"48,8328910","2,4029640",75,2019,30.0,1.0,1.0,4.0,2270795,1.0,1,1,2,5.0,,0.0,0,1977.0,B01,138Â 199Â 154,1.0,0.0,-1.0,1733244,3.0,7,,0.0,2.0,7.0,B01,138Â 199Â 154,1.0
1015375,201900056906,2,15,16:17,1,2,3,1.0,6.0,75114,AVENUE DU GENERAL LECLERC,M,"48,8332250","2,3315190",75,2019,50.0,1.0,1.0,4.0,2270796,10.0,3,3,1,0.0,,2.0,5,2002.0,A01,138Â 199Â 151,8.0,0.0,-1.0,1733245,1.0,33,,0.0,1.0,1.0,A01,138Â 199Â 151,1.0
1015375,201900056906,2,15,16:17,1,2,3,1.0,6.0,75114,AVENUE DU GENERAL LECLERC,M,"48,8332250","2,3315190",75,2019,50.0,1.0,1.0,4.0,2270797,1.0,1,4,1,4.0,,0.0,0,1955.0,A01,138Â 199Â 151,2.0,6.0,-1.0,1733245,1.0,33,,0.0,1.0,1.0,A01,138Â 199Â 151,1.0
1015376,201900056907,12,1,11:40,1,2,1,8.0,2.0,92051,"CHARLES DE GAULLE (AVENUE, NÂ°27 A 129)",M,"48,8855470","2,2557290",92,2019,50.0,1.0,1.0,2.0,2270798,1.0,1,1,1,9.0,,-1.0,0,1968.0,A01,138Â 199Â 150,1.0,0.0,-1.0,1733246,2.0,7,,0.0,2.0,3.0,A01,138Â 199Â 150,0.0
1015376,201900056907,12,1,11:40,1,2,1,8.0,2.0,92051,"CHARLES DE GAULLE (AVENUE, NÂ°27 A 129)",M,"48,8855470","2,2557290",92,2019,50.0,1.0,1.0,2.0,2270798,1.0,1,1,1,9.0,,-1.0,0,1968.0,A01,138Â 199Â 150,1.0,0.0,-1.0,1733247,3.0,7,,1.0,0.0,5.0,B01,138Â 199Â 153,0.0
1015376,201900056907,12,1,11:40,1,2,1,8.0,2.0,92051,"CHARLES DE GAULLE (AVENUE, NÂ°27 A 129)",M,"48,8855470","2,2557290",92,2019,50.0,1.0,1.0,2.0,2270799,1.0,1,4,1,3.0,,-1.0,0,1984.0,B01,138Â 199Â 153,1.0,0.0,-1.0,1733246,2.0,7,,0.0,2.0,3.0,A01,138Â 199Â 150,0.0
1015376,201900056907,12,1,11:40,1,2,1,8.0,2.0,92051,"CHARLES DE GAULLE (AVENUE, NÂ°27 A 129)",M,"48,8855470","2,2557290",92,2019,50.0,1.0,1.0,2.0,2270799,1.0,1,4,1,3.0,,-1.0,0,1984.0,B01,138Â 199Â 153,1.0,0.0,-1.0,1733247,3.0,7,,1.0,0.0,5.0,B01,138Â 199Â 153,0.0
1015377,201900056908,6,16,05:45,2,2,1,1.0,6.0,75112,ROUTE DE LA PYRAMIDE,M,"48,8350700","2,4435680",75,2019,50.0,1.0,1.0,4.0,2270800,1.0,1,4,1,0.0,,0.0,0,1994.0,A01,138Â 199Â 149,2.0,6.0,-1.0,1733248,2.0,32,,12.0,0.0,2.0,A01,138Â 199Â 149,1.0
1015378,201900056909,2,14,19:10,5,2,7,1.0,3.0,75106,PLACE ALPHONSE DEVILLE,M,"48,8503870","2,3277050",75,2019,50.0,1.0,1.0,4.0,2270801,1.0,1,4,1,0.0,,0.0,0,1993.0,A01,138Â 199Â 146,0.0,0.0,-1.0,1733249,1.0,50,,0.0,2.0,9.0,A01,138Â 199Â 146,3.0
1015378,201900056909,2,14,19:10,5,2,7,1.0,3.0,75106,PLACE ALPHONSE DEVILLE,M,"48,8503870","2,3277050",75,2019,50.0,1.0,1.0,4.0,2270801,1.0,1,4,1,0.0,,0.0,0,1993.0,A01,138Â 199Â 146,0.0,0.0,-1.0,1733250,1.0,32,,0.0,2.0,1.0,B01,138Â 199Â 148,1.0
1015378,201900056909,2,14,19:10,5,2,7,1.0,3.0,75106,PLACE ALPHONSE DEVILLE,M,"48,8503870","2,3277050",75,2019,50.0,1.0,1.0,4.0,2270802,1.0,1,4,1,0.0,,0.0,0,1989.0,B01,138Â 199Â 148,2.0,6.0,-1.0,1733249,1.0,50,,0.0,2.0,9.0,A01,138Â 199Â 146,3.0
1015378,201900056909,2,14,19:10,5,2,7,1.0,3.0,75106,PLACE ALPHONSE DEVILLE,M,"48,8503870","2,3277050",75,2019,50.0,1.0,1.0,4.0,2270802,1.0,1,4,1,0.0,,0.0,0,1989.0,B01,138Â 199Â 148,2.0,6.0,-1.0,1733250,1.0,32,,0.0,2.0,1.0,B01,138Â 199Â 148,1.0
1015379,201900056910,11,29,11:25,1,2,9,2.0,6.0,92051,CHARTRES (RUE DE ),M,"48,8810346","2,2786546",92,2019,50.0,1.0,2.0,4.0,2270803,1.0,1,4,1,-1.0,,-1.0,0,1980.0,A01,138Â 199Â 145,0.0,-1.0,-1.0,1733251,2.0,30,,0.0,0.0,8.0,A01,138Â 199Â 145,0.0
1015380,201900056911,6,14,20:00,1,2,3,1.0,3.0,75112,ROUTE DE LA FERME,M,"48,8211800","2,4527760",75,2019,50.0,1.0,1.0,4.0,2270804,1.0,1,4,1,5.0,,0.0,0,1987.0,B01,138Â 199Â 144,2.0,0.0,-1.0,1733252,3.0,1,,0.0,2.0,7.0,B01,138Â 199Â 144,5.0
1015380,201900056911,6,14,20:00,1,2,3,1.0,3.0,75112,ROUTE DE LA FERME,M,"48,8211800","2,4527760",75,2019,50.0,1.0,1.0,4.0,2270804,1.0,1,4,1,5.0,,0.0,0,1987.0,B01,138Â 199Â 144,2.0,0.0,-1.0,1733253,3.0,7,,0.0,2.0,3.0,A01,138Â 199Â 147,1.0
1015380,201900056911,6,14,20:00,1,2,3,1.0,3.0,75112,ROUTE DE LA FERME,M,"48,8211800","2,4527760",75,2019,50.0,1.0,1.0,4.0,2270805,1.0,1,1,1,5.0,,0.0,0,1947.0,A01,138Â 199Â 147,1.0,0.0,-1.0,1733252,3.0,1,,0.0,2.0,7.0,B01,138Â 199Â 144,5.0
1015380,201900056911,6,14,20:00,1,2,3,1.0,3.0,75112,ROUTE DE LA FERME,M,"48,8211800","2,4527760",75,2019,50.0,1.0,1.0,4.0,2270805,1.0,1,1,1,5.0,,0.0,0,1947.0,A01,138Â 199Â 147,1.0,0.0,-1.0,1733253,3.0,7,,0.0,2.0,3.0,A01,138Â 199Â 147,1.0
1015381,201900056912,6,13,17:45,1,2,1,3.0,6.0,75112,BOULEVARD SOULT,M,"48,8428180","2,4099970",75,2019,50.0,5.0,2.0,4.0,2270806,1.0,1,4,1,1.0,,0.0,0,1995.0,A01,138Â 199Â 142,8.0,0.0,-1.0,1733254,0.0,1,,0.0,2.0,8.0,A01,138Â 199Â 142,5.0
1015381,201900056912,6,13,17:45,1,2,1,3.0,6.0,75112,BOULEVARD SOULT,M,"48,8428180","2,4099970",75,2019,50.0,5.0,2.0,4.0,2270806,1.0,1,4,1,1.0,,0.0,0,1995.0,A01,138Â 199Â 142,8.0,0.0,-1.0,1733255,0.0,1,,0.0,2.0,0.0,Z01,138Â 199Â 143,5.0
1015382,201900056913,6,12,19:45,1,2,1,1.0,2.0,75112,BOULEVARD CARNOT,M,"48,8421170","2,4131240",75,2019,50.0,1.0,1.0,4.0,2270807,1.0,1,4,1,5.0,,0.0,0,1992.0,A01,138Â 199Â 140,2.0,6.0,-1.0,1733256,1.0,30,,0.0,2.0,1.0,A01,138Â 199Â 140,1.0
1015382,201900056913,6,12,19:45,1,2,1,1.0,2.0,75112,BOULEVARD CARNOT,M,"48,8421170","2,4131240",75,2019,50.0,1.0,1.0,4.0,2270807,1.0,1,4,1,5.0,,0.0,0,1992.0,A01,138Â 199Â 140,2.0,6.0,-1.0,1733257,1.0,7,,0.0,2.0,5.0,B01,138Â 199Â 141,1.0
1015382,201900056913,6,12,19:45,1,2,1,1.0,2.0,75112,BOULEVARD CARNOT,M,"48,8421170","2,4131240",75,2019,50.0,1.0,1.0,4.0,2270808,1.0,1,1,2,5.0,,0.0,0,1976.0,B01,138Â 199Â 141,1.0,8.0,-1.0,1733256,1.0,30,,0.0,2.0,1.0,A01,138Â 199Â 140,1.0
1015382,201900056913,6,12,19:45,1,2,1,1.0,2.0,75112,BOULEVARD CARNOT,M,"48,8421170","2,4131240",75,2019,50.0,1.0,1.0,4.0,2270808,1.0,1,1,2,5.0,,0.0,0,1976.0,B01,138Â 199Â 141,1.0,8.0,-1.0,1733257,1.0,7,,0.0,2.0,5.0,B01,138Â 199Â 141,1.0
1015383,201900056914,6,9,18:00,1,2,1,1.0,6.0,75112,RUE DE CHARENTON,M,"48,8410610","2,3874840",75,2019,50.0,1.0,1.0,4.0,2270809,1.0,1,1,1,4.0,,0.0,0,1993.0,A01,138Â 199Â 139,1.0,8.0,-1.0,1733258,1.0,10,,0.0,1.0,1.0,A01,138Â 199Â 139,1.0
1015383,201900056914,6,9,18:00,1,2,1,1.0,6.0,75112,RUE DE CHARENTON,M,"48,8410610","2,3874840",75,2019,50.0,1.0,1.0,4.0,2270810,10.0,3,4,1,2.0,,2.0,5,2011.0,A01,138Â 199Â 139,8.0,0.0,-1.0,1733258,1.0,10,,0.0,1.0,1.0,A01,138Â 199Â 139,1.0
1015384,201900056915,6,9,17:00,1,2,7,1.0,3.0,75112,BOULEVARD PONIATOWSKI,M,"48,8353550","2,4065760",75,2019,50.0,1.0,1.0,4.0,2270811,1.0,1,4,1,9.0,,0.0,0,1998.0,A01,138Â 199Â 137,2.0,8.0,-1.0,1733259,1.0,30,,0.0,2.0,1.0,A01,138Â 199Â 137,1.0
1015384,201900056915,6,9,17:00,1,2,7,1.0,3.0,75112,BOULEVARD PONIATOWSKI,M,"48,8353550","2,4065760",75,2019,50.0,1.0,1.0,4.0,2270811,1.0,1,4,1,9.0,,0.0,0,1998.0,A01,138Â 199Â 137,2.0,8.0,-1.0,1733260,1.0,7,,0.0,2.0,2.0,B01,138Â 199Â 138,1.0
1015384,201900056915,6,9,17:00,1,2,7,1.0,3.0,75112,BOULEVARD PONIATOWSKI,M,"48,8353550","2,4065760",75,2019,50.0,1.0,1.0,4.0,2270812,2.0,2,1,2,9.0,,0.0,0,1989.0,B01,138Â 199Â 138,1.0,0.0,-1.0,1733259,1.0,30,,0.0,2.0,1.0,A01,138Â 199Â 137,1.0
1015384,201900056915,6,9,17:00,1,2,7,1.0,3.0,75112,BOULEVARD PONIATOWSKI,M,"48,8353550","2,4065760",75,2019,50.0,1.0,1.0,4.0,2270812,2.0,2,1,2,9.0,,0.0,0,1989.0,B01,138Â 199Â 138,1.0,0.0,-1.0,1733260,1.0,7,,0.0,2.0,2.0,B01,138Â 199Â 138,1.0
1015384,201900056915,6,9,17:00,1,2,7,1.0,3.0,75112,BOULEVARD PONIATOWSKI,M,"48,8353550","2,4065760",75,2019,50.0,1.0,1.0,4.0,2270813,1.0,1,1,1,9.0,,0.0,0,1989.0,B01,138Â 199Â 138,1.0,0.0,-1.0,1733259,1.0,30,,0.0,2.0,1.0,A01,138Â 199Â 137,1.0
1015384,201900056915,6,9,17:00,1,2,7,1.0,3.0,75112,BOULEVARD PONIATOWSKI,M,"48,8353550","2,4065760",75,2019,50.0,1.0,1.0,4.0,2270813,1.0,1,1,1,9.0,,0.0,0,1989.0,B01,138Â 199Â 138,1.0,0.0,-1.0,1733260,1.0,7,,0.0,2.0,2.0,B01,138Â 199Â 138,1.0
1015385,201900056916,6,5,14:55,1,2,1,2.0,2.0,75112,SOUTERRAIN QUAI DE BERCY,M,"48,8313580","2,3850830",75,2019,50.0,1.0,2.0,4.0,2270814,1.0,1,4,1,0.0,,0.0,0,1968.0,A01,138Â 199Â 135,2.0,6.0,-1.0,1733261,3.0,34,,0.0,2.0,1.0,A01,138Â 199Â 135,1.0
1015385,201900056916,6,5,14:55,1,2,1,2.0,2.0,75112,SOUTERRAIN QUAI DE BERCY,M,"48,8313580","2,3850830",75,2019,50.0,1.0,2.0,4.0,2270814,1.0,1,4,1,0.0,,0.0,0,1968.0,A01,138Â 199Â 135,2.0,6.0,-1.0,1733262,3.0,7,,0.0,2.0,4.0,B01,138Â 199Â 136,1.0
1015385,201900056916,6,5,14:55,1,2,1,2.0,2.0,75112,SOUTERRAIN QUAI DE BERCY,M,"48,8313580","2,3850830",75,2019,50.0,1.0,2.0,4.0,2270815,2.0,2,1,1,4.0,,0.0,0,1977.0,B01,138Â 199Â 136,1.0,0.0,-1.0,1733261,3.0,34,,0.0,2.0,1.0,A01,138Â 199Â 135,1.0
1015385,201900056916,6,5,14:55,1,2,1,2.0,2.0,75112,SOUTERRAIN QUAI DE BERCY,M,"48,8313580","2,3850830",75,2019,50.0,1.0,2.0,4.0,2270815,2.0,2,1,1,4.0,,0.0,0,1977.0,B01,138Â 199Â 136,1.0,0.0,-1.0,1733262,3.0,7,,0.0,2.0,4.0,B01,138Â 199Â 136,1.0
1015385,201900056916,6,5,14:55,1,2,1,2.0,2.0,75112,SOUTERRAIN QUAI DE BERCY,M,"48,8313580","2,3850830",75,2019,50.0,1.0,2.0,4.0,2270816,1.0,1,1,1,4.0,,0.0,0,1970.0,B01,138Â 199Â 136,1.0,0.0,-1.0,1733261,3.0,34,,0.0,2.0,1.0,A01,138Â 199Â 135,1.0
1015385,201900056916,6,5,14:55,1,2,1,2.0,2.0,75112,SOUTERRAIN QUAI DE BERCY,M,"48,8313580","2,3850830",75,2019,50.0,1.0,2.0,4.0,2270816,1.0,1,1,1,4.0,,0.0,0,1970.0,B01,138Â 199Â 136,1.0,0.0,-1.0,1733262,3.0,7,,0.0,2.0,4.0,B01,138Â 199Â 136,1.0
1015386,201900056917,6,2,14:35,1,2,2,1.0,6.0,75111,AVENUE LEDRU ROLLIN,M,"48,8512870","2,3761330",75,2019,50.0,1.0,1.0,4.0,2270817,1.0,1,1,1,9.0,,0.0,0,1993.0,A01,138Â 199Â 133,1.0,8.0,-1.0,1733263,2.0,7,,0.0,2.0,3.0,A01,138Â 199Â 133,1.0
1015386,201900056917,6,2,14:35,1,2,2,1.0,6.0,75111,AVENUE LEDRU ROLLIN,M,"48,8512870","2,3761330",75,2019,50.0,1.0,1.0,4.0,2270817,1.0,1,1,1,9.0,,0.0,0,1993.0,A01,138Â 199Â 133,1.0,8.0,-1.0,1733264,1.0,2,,0.0,2.0,8.0,Z01,138Â 199Â 134,0.0
1015386,201900056917,6,2,14:35,1,2,2,1.0,6.0,75111,AVENUE LEDRU ROLLIN,M,"48,8512870","2,3761330",75,2019,50.0,1.0,1.0,4.0,2270818,1.0,1,4,1,4.0,,0.0,0,1999.0,Z01,138Â 199Â 134,8.0,0.0,-1.0,1733263,2.0,7,,0.0,2.0,3.0,A01,138Â 199Â 133,1.0
1015386,201900056917,6,2,14:35,1,2,2,1.0,6.0,75111,AVENUE LEDRU ROLLIN,M,"48,8512870","2,3761330",75,2019,50.0,1.0,1.0,4.0,2270818,1.0,1,4,1,4.0,,0.0,0,1999.0,Z01,138Â 199Â 134,8.0,0.0,-1.0,1733264,1.0,2,,0.0,2.0,8.0,Z01,138Â 199Â 134,0.0
1015387,201900056918,6,2,05:45,2,2,1,1.0,6.0,75112,AVENUE DE NOGENT,M,"48,8412400","2,4515400",75,2019,50.0,1.0,1.0,4.0,2270819,1.0,1,3,1,5.0,,0.0,0,1994.0,A01,138Â 199Â 132,2.0,6.0,-1.0,1733265,1.0,32,,12.0,0.0,1.0,A01,138Â 199Â 132,1.0
1015388,201900056919,5,31,20:45,1,2,1,1.0,4.0,75112,BOULEVARD DE REUILLY,M,"48,8392070","2,3919280",75,2019,50.0,1.0,1.0,4.0,2270820,1.0,1,1,1,1.0,,0.0,0,1971.0,A01,138Â 199Â 129,8.0,0.0,-1.0,1733266,1.0,7,,0.0,2.0,3.0,A01,138Â 199Â 129,1.0
1015388,201900056919,5,31,20:45,1,2,1,1.0,4.0,75112,BOULEVARD DE REUILLY,M,"48,8392070","2,3919280",75,2019,50.0,1.0,1.0,4.0,2270820,1.0,1,1,1,1.0,,0.0,0,1971.0,A01,138Â 199Â 129,8.0,0.0,-1.0,1733267,1.0,1,,0.0,2.0,7.0,B01,138Â 199Â 130,5.0
1015388,201900056919,5,31,20:45,1,2,1,1.0,4.0,75112,BOULEVARD DE REUILLY,M,"48,8392070","2,3919280",75,2019,50.0,1.0,1.0,4.0,2270820,1.0,1,1,1,1.0,,0.0,0,1971.0,A01,138Â 199Â 129,8.0,0.0,-1.0,1733268,1.0,50,,0.0,2.0,1.0,C01,138Â 199Â 131,3.0
1015388,201900056919,5,31,20:45,1,2,1,1.0,4.0,75112,BOULEVARD DE REUILLY,M,"48,8392070","2,3919280",75,2019,50.0,1.0,1.0,4.0,2270821,1.0,1,4,1,5.0,,0.0,0,1981.0,B01,138Â 199Â 130,2.0,0.0,-1.0,1733266,1.0,7,,0.0,2.0,3.0,A01,138Â 199Â 129,1.0
1015388,201900056919,5,31,20:45,1,2,1,1.0,4.0,75112,BOULEVARD DE REUILLY,M,"48,8392070","2,3919280",75,2019,50.0,1.0,1.0,4.0,2270821,1.0,1,4,1,5.0,,0.0,0,1981.0,B01,138Â 199Â 130,2.0,0.0,-1.0,1733267,1.0,1,,0.0,2.0,7.0,B01,138Â 199Â 130,5.0