Unnamed: 0_x,num_acc,mois,jour,hrmn,lum,agg,int,atm,col,com,adr,gps,lat,long,dep,annee,vma,situ,surf,catr,Unnamed: 0_y,place,catu,grav,sexe,trajet,secu,locp,actp,an_nais,num_veh_x,id_vehicule_x,secu1,secu2,secu3,Unnamed: 0,senc,catv,occutc,obs,obsm,choc,num_veh_y,id_vehicule_y,motor
1015388,201900056919,5,31,20:45,1,2,1,1.0,4.0,75112,BOULEVARD DE REUILLY,M,"48,8392070","2,3919280",75,2019,50.0,1.0,1.0,4.0,2270821,1.0,1,4,1,5.0,,0.0,0,1981.0,B01,138Â 199Â 130,2.0,0.0,-1.0,1733268,1.0,50,,0.0,2.0,1.0,C01,138Â 199Â 131,3.0
1015388,201900056919,5,31,20:45,1,2,1,1.0,4.0,75112,BOULEVARD DE REUILLY,M,"48,8392070","2,3919280",75,2019,50.0,1.0,1.0,4.0,2270822,1.0,1,4,2,0.0,,0.0,0,1985.0,C01,138Â 199Â 131,2.0,0.0,-1.0,1733266,1.0,7,,0.0,2.0,3.0,A01,138Â 199Â 129,1.0
1015388,201900056919,5,31,20:45,1,2,1,1.0,4.0,75112,BOULEVARD DE REUILLY,M,"48,8392070","2,3919280",75,2019,50.0,1.0,1.0,4.0,2270822,1.0,1,4,2,0.0,,0.0,0,1985.0,C01,138Â 199Â 131,2.0,0.0,-1.0,1733267,1.0,1,,0.0,2.0,7.0,B01,138Â 199Â 130,5.0
1015388,201900056919,5,31,20:45,1,2,1,1.0,4.0,75112,BOULEVARD DE REUILLY,M,"48,8392070","2,3919280",75,2019,50.0,1.0,1.0,4.0,2270822,1.0,1,4,2,0.0,,0.0,0,1985.0,C01,138Â 199Â 131,2.0,0.0,-1.0,1733268,1.0,50,,0.0,2.0,1.0,C01,138Â 199Â 131,3.0
1015389,201900056920,5,31,18:10,1,2,1,1.0,3.0,75112,AVENUE DU GENERAL LAPERRINE,M,"48,8336470","2,4062960",75,2019,50.0,5.0,1.0,4.0,2270823,1.0,1,1,1,5.0,,0.0,0,1976.0,B01,138Â 199Â 127,1.0,8.0,-1.0,1733269,2.0,7,,0.0,2.0,1.0,B01,138Â 199Â 127,1.0
1015389,201900056920,5,31,18:10,1,2,1,1.0,3.0,75112,AVENUE DU GENERAL LAPERRINE,M,"48,8336470","2,4062960",75,2019,50.0,5.0,1.0,4.0,2270823,1.0,1,1,1,5.0,,0.0,0,1976.0,B01,138Â 199Â 127,1.0,8.0,-1.0,1733270,1.0,33,,0.0,2.0,7.0,A01,138Â 199Â 128,1.0
1015389,201900056920,5,31,18:10,1,2,1,1.0,3.0,75112,AVENUE DU GENERAL LAPERRINE,M,"48,8336470","2,4062960",75,2019,50.0,5.0,1.0,4.0,2270824,2.0,2,4,1,5.0,,0.0,0,2000.0,A01,138Â 199Â 128,2.0,8.0,-1.0,1733269,2.0,7,,0.0,2.0,1.0,B01,138Â 199Â 127,1.0
1015389,201900056920,5,31,18:10,1,2,1,1.0,3.0,75112,AVENUE DU GENERAL LAPERRINE,M,"48,8336470","2,4062960",75,2019,50.0,5.0,1.0,4.0,2270824,2.0,2,4,1,5.0,,0.0,0,2000.0,A01,138Â 199Â 128,2.0,8.0,-1.0,1733270,1.0,33,,0.0,2.0,7.0,A01,138Â 199Â 128,1.0
1015389,201900056920,5,31,18:10,1,2,1,1.0,3.0,75112,AVENUE DU GENERAL LAPERRINE,M,"48,8336470","2,4062960",75,2019,50.0,5.0,1.0,4.0,2270825,1.0,1,4,1,5.0,,0.0,0,1996.0,A01,138Â 199Â 128,2.0,8.0,-1.0,1733269,2.0,7,,0.0,2.0,1.0,B01,138Â 199Â 127,1.0
1015389,201900056920,5,31,18:10,1,2,1,1.0,3.0,75112,AVENUE DU GENERAL LAPERRINE,M,"48,8336470","2,4062960",75,2019,50.0,5.0,1.0,4.0,2270825,1.0,1,4,1,5.0,,0.0,0,1996.0,A01,138Â 199Â 128,2.0,8.0,-1.0,1733270,1.0,33,,0.0,2.0,7.0,A01,138Â 199Â 128,1.0
1015390,201900056921,5,31,11:40,1,2,2,1.0,6.0,75112,AVENUE DAUMESNIL,M,"48,8463080","2,3773720",75,2019,50.0,1.0,1.0,4.0,2270826,1.0,1,1,1,4.0,,0.0,0,1966.0,B01,138Â 199Â 125,1.0,8.0,-1.0,1733271,2.0,15,,0.0,2.0,5.0,B01,138Â 199Â 125,1.0
1015390,201900056921,5,31,11:40,1,2,2,1.0,6.0,75112,AVENUE DAUMESNIL,M,"48,8463080","2,3773720",75,2019,50.0,1.0,1.0,4.0,2270826,1.0,1,1,1,4.0,,0.0,0,1966.0,B01,138Â 199Â 125,1.0,8.0,-1.0,1733272,2.0,32,,0.0,2.0,8.0,A01,138Â 199Â 126,1.0
1015390,201900056921,5,31,11:40,1,2,2,1.0,6.0,75112,AVENUE DAUMESNIL,M,"48,8463080","2,3773720",75,2019,50.0,1.0,1.0,4.0,2270827,2.0,2,4,2,9.0,,0.0,0,1988.0,A01,138Â 199Â 126,2.0,0.0,-1.0,1733271,2.0,15,,0.0,2.0,5.0,B01,138Â 199Â 125,1.0
1015390,201900056921,5,31,11:40,1,2,2,1.0,6.0,75112,AVENUE DAUMESNIL,M,"48,8463080","2,3773720",75,2019,50.0,1.0,1.0,4.0,2270827,2.0,2,4,2,9.0,,0.0,0,1988.0,A01,138Â 199Â 126,2.0,0.0,-1.0,1733272,2.0,32,,0.0,2.0,8.0,A01,138Â 199Â 126,1.0
1015390,201900056921,5,31,11:40,1,2,2,1.0,6.0,75112,AVENUE DAUMESNIL,M,"48,8463080","2,3773720",75,2019,50.0,1.0,1.0,4.0,2270828,1.0,1,4,1,9.0,,0.0,0,1987.0,A01,138Â 199Â 126,2.0,8.0,-1.0,1733271,2.0,15,,0.0,2.0,5.0,B01,138Â 199Â 125,1.0
1015390,201900056921,5,31,11:40,1,2,2,1.0,6.0,75112,AVENUE DAUMESNIL,M,"48,8463080","2,3773720",75,2019,50.0,1.0,1.0,4.0,2270828,1.0,1,4,1,9.0,,0.0,0,1987.0,A01,138Â 199Â 126,2.0,8.0,-1.0,1733272,2.0,32,,0.0,2.0,8.0,A01,138Â 199Â 126,1.0
1015391,201900056922,5,31,09:30,1,2,4,1.0,7.0,75112,BOULEVARD PONIATOWSKI,M,"48,8293850","2,3907130",75,2019,50.0,1.0,1.0,4.0,2270829,2.0,2,4,2,0.0,,0.0,0,1980.0,A01,138Â 199Â 124,2.0,0.0,-1.0,1733273,1.0,32,,0.0,0.0,7.0,A01,138Â 199Â 124,1.0
1015391,201900056922,5,31,09:30,1,2,4,1.0,7.0,75112,BOULEVARD PONIATOWSKI,M,"48,8293850","2,3907130",75,2019,50.0,1.0,1.0,4.0,2270830,1.0,1,4,1,0.0,,0.0,0,1977.0,A01,138Â 199Â 124,2.0,8.0,-1.0,1733273,1.0,32,,0.0,0.0,7.0,A01,138Â 199Â 124,1.0
1015392,201900056923,5,30,15:50,1,2,1,1.0,6.0,75112,RUE DE CHARENTON,M,"48,8498450","2,3740130",75,2019,50.0,1.0,1.0,4.0,2270831,10.0,3,4,2,0.0,,2.0,3,1974.0,A01,138Â 199Â 123,8.0,0.0,-1.0,1733274,1.0,1,,0.0,1.0,1.0,A01,138Â 199Â 123,5.0
1015392,201900056923,5,30,15:50,1,2,1,1.0,6.0,75112,RUE DE CHARENTON,M,"48,8498450","2,3740130",75,2019,50.0,1.0,1.0,4.0,2270832,1.0,1,1,1,5.0,,0.0,0,1994.0,A01,138Â 199Â 123,2.0,0.0,-1.0,1733274,1.0,1,,0.0,1.0,1.0,A01,138Â 199Â 123,5.0
1015393,201900056924,6,17,17:23,1,2,7,1.0,6.0,75111,PLACE LEON BLUM,M,"48,8582330","2,3793680",75,2019,30.0,1.0,1.0,4.0,2270833,10.0,3,4,1,5.0,,3.0,3,1938.0,A01,138Â 199Â 122,8.0,0.0,-1.0,1733275,1.0,7,,0.0,1.0,7.0,A01,138Â 199Â 122,1.0
1015393,201900056924,6,17,17:23,1,2,7,1.0,6.0,75111,PLACE LEON BLUM,M,"48,8582330","2,3793680",75,2019,30.0,1.0,1.0,4.0,2270834,1.0,1,1,2,5.0,,0.0,0,1975.0,A01,138Â 199Â 122,1.0,0.0,-1.0,1733275,1.0,7,,0.0,1.0,7.0,A01,138Â 199Â 122,1.0
1015394,201900056925,6,16,05:50,2,2,2,1.0,3.0,75111,AVENUE PARMENTIER,M,"48,8616440","2,3773630",75,2019,50.0,1.0,1.0,4.0,2270835,1.0,1,1,1,4.0,,0.0,0,1971.0,A01,138Â 199Â 120,1.0,0.0,-1.0,1733276,1.0,7,,0.0,2.0,2.0,A01,138Â 199Â 120,1.0
1015394,201900056925,6,16,05:50,2,2,2,1.0,3.0,75111,AVENUE PARMENTIER,M,"48,8616440","2,3773630",75,2019,50.0,1.0,1.0,4.0,2270835,1.0,1,1,1,4.0,,0.0,0,1971.0,A01,138Â 199Â 120,1.0,0.0,-1.0,1733277,2.0,50,,0.0,2.0,7.0,B01,138Â 199Â 121,3.0
1015394,201900056925,6,16,05:50,2,2,2,1.0,3.0,75111,AVENUE PARMENTIER,M,"48,8616440","2,3773630",75,2019,50.0,1.0,1.0,4.0,2270836,1.0,1,4,1,0.0,,0.0,0,1991.0,B01,138Â 199Â 121,0.0,0.0,-1.0,1733276,1.0,7,,0.0,2.0,2.0,A01,138Â 199Â 120,1.0
1015394,201900056925,6,16,05:50,2,2,2,1.0,3.0,75111,AVENUE PARMENTIER,M,"48,8616440","2,3773630",75,2019,50.0,1.0,1.0,4.0,2270836,1.0,1,4,1,0.0,,0.0,0,1991.0,B01,138Â 199Â 121,0.0,0.0,-1.0,1733277,2.0,50,,0.0,2.0,7.0,B01,138Â 199Â 121,3.0
1015395,201900056926,6,16,15:15,1,2,7,1.0,3.0,75111,RUE DE LA ROQUETTE,M,"48,8576800","2,3801220",75,2019,50.0,1.0,1.0,4.0,2270837,1.0,1,1,2,5.0,,0.0,0,1995.0,A01,138Â 199Â 118,1.0,0.0,-1.0,1733278,1.0,7,,0.0,2.0,8.0,A01,138Â 199Â 118,1.0
1015395,201900056926,6,16,15:15,1,2,7,1.0,3.0,75111,RUE DE LA ROQUETTE,M,"48,8576800","2,3801220",75,2019,50.0,1.0,1.0,4.0,2270837,1.0,1,1,2,5.0,,0.0,0,1995.0,A01,138Â 199Â 118,1.0,0.0,-1.0,1733279,1.0,2,,0.0,2.0,5.0,B01,138Â 199Â 119,1.0
1015395,201900056926,6,16,15:15,1,2,7,1.0,3.0,75111,RUE DE LA ROQUETTE,M,"48,8576800","2,3801220",75,2019,50.0,1.0,1.0,4.0,2270838,1.0,1,4,2,3.0,,0.0,0,1983.0,B01,138Â 199Â 119,2.0,6.0,-1.0,1733278,1.0,7,,0.0,2.0,8.0,A01,138Â 199Â 118,1.0
1015395,201900056926,6,16,15:15,1,2,7,1.0,3.0,75111,RUE DE LA ROQUETTE,M,"48,8576800","2,3801220",75,2019,50.0,1.0,1.0,4.0,2270838,1.0,1,4,2,3.0,,0.0,0,1983.0,B01,138Â 199Â 119,2.0,6.0,-1.0,1733279,1.0,2,,0.0,2.0,5.0,B01,138Â 199Â 119,1.0
1015396,201900056927,6,15,16:05,1,2,1,1.0,3.0,75111,BOULEVARD DE BELLEVILLE,M,"48,8713200","2,3775230",75,2019,30.0,1.0,1.0,4.0,2270839,1.0,1,1,1,0.0,,0.0,0,1979.0,A01,138Â 199Â 116,1.0,8.0,-1.0,1733280,2.0,7,,0.0,2.0,7.0,A01,138Â 199Â 116,1.0
1015396,201900056927,6,15,16:05,1,2,1,1.0,3.0,75111,BOULEVARD DE BELLEVILLE,M,"48,8713200","2,3775230",75,2019,30.0,1.0,1.0,4.0,2270839,1.0,1,1,1,0.0,,0.0,0,1979.0,A01,138Â 199Â 116,1.0,8.0,-1.0,1733281,2.0,1,,0.0,2.0,3.0,B01,138Â 199Â 117,5.0
1015396,201900056927,6,15,16:05,1,2,1,1.0,3.0,75111,BOULEVARD DE BELLEVILLE,M,"48,8713200","2,3775230",75,2019,30.0,1.0,1.0,4.0,2270840,1.0,1,4,2,5.0,,0.0,0,1980.0,B01,138Â 199Â 117,2.0,0.0,-1.0,1733280,2.0,7,,0.0,2.0,7.0,A01,138Â 199Â 116,1.0
1015396,201900056927,6,15,16:05,1,2,1,1.0,3.0,75111,BOULEVARD DE BELLEVILLE,M,"48,8713200","2,3775230",75,2019,30.0,1.0,1.0,4.0,2270840,1.0,1,4,2,5.0,,0.0,0,1980.0,B01,138Â 199Â 117,2.0,0.0,-1.0,1733281,2.0,1,,0.0,2.0,3.0,B01,138Â 199Â 117,5.0
1015397,201900056928,6,13,17:00,1,2,1,2.0,3.0,75111,BOULEVARD DE CHARONNE,M,"48,8569470","2,3933810",75,2019,50.0,5.0,1.0,4.0,2270841,2.0,2,4,2,0.0,,0.0,0,1987.0,B01,138Â 199Â 114,2.0,0.0,-1.0,1733282,2.0,32,,0.0,2.0,1.0,B01,138Â 199Â 114,1.0
1015397,201900056928,6,13,17:00,1,2,1,2.0,3.0,75111,BOULEVARD DE CHARONNE,M,"48,8569470","2,3933810",75,2019,50.0,5.0,1.0,4.0,2270841,2.0,2,4,2,0.0,,0.0,0,1987.0,B01,138Â 199Â 114,2.0,0.0,-1.0,1733283,2.0,7,,0.0,2.0,7.0,A01,138Â 199Â 115,1.0
1015397,201900056928,6,13,17:00,1,2,1,2.0,3.0,75111,BOULEVARD DE CHARONNE,M,"48,8569470","2,3933810",75,2019,50.0,5.0,1.0,4.0,2270842,1.0,1,4,1,9.0,,0.0,0,1981.0,B01,138Â 199Â 114,2.0,6.0,-1.0,1733282,2.0,32,,0.0,2.0,1.0,B01,138Â 199Â 114,1.0
1015397,201900056928,6,13,17:00,1,2,1,2.0,3.0,75111,BOULEVARD DE CHARONNE,M,"48,8569470","2,3933810",75,2019,50.0,5.0,1.0,4.0,2270842,1.0,1,4,1,9.0,,0.0,0,1981.0,B01,138Â 199Â 114,2.0,6.0,-1.0,1733283,2.0,7,,0.0,2.0,7.0,A01,138Â 199Â 115,1.0
1015397,201900056928,6,13,17:00,1,2,1,2.0,3.0,75111,BOULEVARD DE CHARONNE,M,"48,8569470","2,3933810",75,2019,50.0,5.0,1.0,4.0,2270843,1.0,1,1,2,9.0,,0.0,0,1977.0,A01,138Â 199Â 115,1.0,0.0,-1.0,1733282,2.0,32,,0.0,2.0,1.0,B01,138Â 199Â 114,1.0
1015397,201900056928,6,13,17:00,1,2,1,2.0,3.0,75111,BOULEVARD DE CHARONNE,M,"48,8569470","2,3933810",75,2019,50.0,5.0,1.0,4.0,2270843,1.0,1,1,2,9.0,,0.0,0,1977.0,A01,138Â 199Â 115,1.0,0.0,-1.0,1733283,2.0,7,,0.0,2.0,7.0,A01,138Â 199Â 115,1.0
1015398,201900056929,6,6,10:30,1,2,3,1.0,3.0,75111,RUE DU CHEMIN VERT,M,"48,8581350","2,3719830",75,2019,30.0,1.0,1.0,4.0,2270844,1.0,1,4,1,0.0,,0.0,0,1989.0,B01,138Â 199Â 111,8.0,0.0,-1.0,1733284,2.0,1,,0.0,2.0,2.0,B01,138Â 199Â 111,5.0
1015398,201900056929,6,6,10:30,1,2,3,1.0,3.0,75111,RUE DU CHEMIN VERT,M,"48,8581350","2,3719830",75,2019,30.0,1.0,1.0,4.0,2270844,1.0,1,4,1,0.0,,0.0,0,1989.0,B01,138Â 199Â 111,8.0,0.0,-1.0,1733285,2.0,7,,0.0,2.0,3.0,A01,138Â 199Â 112,1.0
1015398,201900056929,6,6,10:30,1,2,3,1.0,3.0,75111,RUE DU CHEMIN VERT,M,"48,8581350","2,3719830",75,2019,30.0,1.0,1.0,4.0,2270845,1.0,1,1,1,5.0,,0.0,0,1983.0,A01,138Â 199Â 112,8.0,0.0,-1.0,1733284,2.0,1,,0.0,2.0,2.0,B01,138Â 199Â 111,5.0
1015398,201900056929,6,6,10:30,1,2,3,1.0,3.0,75111,RUE DU CHEMIN VERT,M,"48,8581350","2,3719830",75,2019,30.0,1.0,1.0,4.0,2270845,1.0,1,1,1,5.0,,0.0,0,1983.0,A01,138Â 199Â 112,8.0,0.0,-1.0,1733285,2.0,7,,0.0,2.0,3.0,A01,138Â 199Â 112,1.0
1015399,201900056930,6,5,16:45,1,2,2,3.0,7.0,75111,AVENUE LEDRU ROLLIN,M,"48,8513050","2,3761330",75,2019,50.0,1.0,2.0,4.0,2270846,1.0,1,4,1,0.0,,0.0,0,1996.0,A01,138Â 199Â 110,2.0,0.0,-1.0,1733286,2.0,30,,0.0,0.0,2.0,A01,138Â 199Â 110,3.0
1015400,201900056931,6,4,00:30,5,2,2,1.0,3.0,75111,RUE DE MONTREUIL,M,"48,8506370","2,3944910",75,2019,30.0,1.0,1.0,4.0,2270847,1.0,1,1,1,0.0,,0.0,0,1991.0,A01,138Â 199Â 108,1.0,0.0,-1.0,1733287,1.0,7,,0.0,2.0,3.0,A01,138Â 199Â 108,1.0
1015400,201900056931,6,4,00:30,5,2,2,1.0,3.0,75111,RUE DE MONTREUIL,M,"48,8506370","2,3944910",75,2019,30.0,1.0,1.0,4.0,2270847,1.0,1,1,1,0.0,,0.0,0,1991.0,A01,138Â 199Â 108,1.0,0.0,-1.0,1733288,1.0,2,,0.0,2.0,1.0,B01,138Â 199Â 109,1.0
1015400,201900056931,6,4,00:30,5,2,2,1.0,3.0,75111,RUE DE MONTREUIL,M,"48,8506370","2,3944910",75,2019,30.0,1.0,1.0,4.0,2270848,1.0,1,4,1,0.0,,0.0,0,1988.0,B01,138Â 199Â 109,2.0,6.0,-1.0,1733287,1.0,7,,0.0,2.0,3.0,A01,138Â 199Â 108,1.0
1015400,201900056931,6,4,00:30,5,2,2,1.0,3.0,75111,RUE DE MONTREUIL,M,"48,8506370","2,3944910",75,2019,30.0,1.0,1.0,4.0,2270848,1.0,1,4,1,0.0,,0.0,0,1988.0,B01,138Â 199Â 109,2.0,6.0,-1.0,1733288,1.0,2,,0.0,2.0,1.0,B01,138Â 199Â 109,1.0
1015401,201900056932,5,31,17:20,1,2,7,1.0,3.0,75111,PLACE DE LA BASTILLE,M,"48,8534210","2,3694840",75,2019,50.0,1.0,1.0,4.0,2270849,1.0,1,4,1,0.0,,0.0,0,1969.0,B01,138Â 199Â 106,2.0,0.0,-1.0,1733289,1.0,1,,0.0,2.0,3.0,B01,138Â 199Â 106,5.0
1015401,201900056932,5,31,17:20,1,2,7,1.0,3.0,75111,PLACE DE LA BASTILLE,M,"48,8534210","2,3694840",75,2019,50.0,1.0,1.0,4.0,2270849,1.0,1,4,1,0.0,,0.0,0,1969.0,B01,138Â 199Â 106,2.0,0.0,-1.0,1733290,1.0,7,,0.0,2.0,2.0,A01,138Â 199Â 107,1.0
1015401,201900056932,5,31,17:20,1,2,7,1.0,3.0,75111,PLACE DE LA BASTILLE,M,"48,8534210","2,3694840",75,2019,50.0,1.0,1.0,4.0,2270850,1.0,1,1,1,4.0,,0.0,0,1977.0,A01,138Â 199Â 107,8.0,0.0,-1.0,1733289,1.0,1,,0.0,2.0,3.0,B01,138Â 199Â 106,5.0
1015401,201900056932,5,31,17:20,1,2,7,1.0,3.0,75111,PLACE DE LA BASTILLE,M,"48,8534210","2,3694840",75,2019,50.0,1.0,1.0,4.0,2270850,1.0,1,1,1,4.0,,0.0,0,1977.0,A01,138Â 199Â 107,8.0,0.0,-1.0,1733290,1.0,7,,0.0,2.0,2.0,A01,138Â 199Â 107,1.0
1015402,201900056933,6,16,17:45,1,2,1,1.0,6.0,75110,RUE LOUIS BLANC,M,"48,8814680","2,3645390",75,2019,50.0,1.0,1.0,4.0,2270851,1.0,1,4,1,1.0,,0.0,0,1990.0,A01,138Â 199Â 105,2.0,6.0,-1.0,1733291,1.0,30,,12.0,0.0,0.0,A01,138Â 199Â 105,3.0
1015403,201900056934,6,15,01:34,5,2,1,2.0,6.0,75110,RUE DU FAUBOURG POISSONNIERE,M,"48,8769700","2,3488660",75,2019,50.0,5.0,2.0,4.0,2270852,10.0,3,4,2,5.0,,2.0,3,1960.0,A01,138Â 199Â 104,8.0,0.0,-1.0,1733292,2.0,1,,0.0,1.0,1.0,A01,138Â 199Â 104,5.0
1015403,201900056934,6,15,01:34,5,2,1,2.0,6.0,75110,RUE DU FAUBOURG POISSONNIERE,M,"48,8769700","2,3488660",75,2019,50.0,5.0,2.0,4.0,2270853,1.0,1,1,2,5.0,,0.0,0,1992.0,A01,138Â 199Â 104,2.0,4.0,-1.0,1733292,2.0,1,,0.0,1.0,1.0,A01,138Â 199Â 104,5.0
1015404,201900056935,6,13,00:50,5,2,3,1.0,6.0,75110,RUE CHAUDRON,M,"48,8837740","2,3643100",75,2019,30.0,1.0,2.0,4.0,2270854,10.0,3,4,1,0.0,,3.0,3,1964.0,Z01,138Â 199Â 103,8.0,0.0,-1.0,1733293,2.0,7,,0.0,1.0,3.0,Z01,138Â 199Â 103,1.0
1015405,201900056936,6,12,21:00,1,2,1,1.0,3.0,75110,RUE DE VALENCIENNES,M,"48,8782700","2,3549980",75,2019,50.0,1.0,1.0,4.0,2270855,1.0,1,1,1,1.0,,0.0,0,1964.0,A01,138Â 199Â 101,1.0,0.0,-1.0,1733294,1.0,7,,0.0,2.0,3.0,A01,138Â 199Â 101,1.0
1015405,201900056936,6,12,21:00,1,2,1,1.0,3.0,75110,RUE DE VALENCIENNES,M,"48,8782700","2,3549980",75,2019,50.0,1.0,1.0,4.0,2270855,1.0,1,1,1,1.0,,0.0,0,1964.0,A01,138Â 199Â 101,1.0,0.0,-1.0,1733295,1.0,30,,0.0,2.0,1.0,B01,138Â 199Â 102,1.0
1015405,201900056936,6,12,21:00,1,2,1,1.0,3.0,75110,RUE DE VALENCIENNES,M,"48,8782700","2,3549980",75,2019,50.0,1.0,1.0,4.0,2270856,1.0,1,4,1,1.0,,0.0,0,1980.0,B01,138Â 199Â 102,2.0,8.0,-1.0,1733294,1.0,7,,0.0,2.0,3.0,A01,138Â 199Â 101,1.0
1015405,201900056936,6,12,21:00,1,2,1,1.0,3.0,75110,RUE DE VALENCIENNES,M,"48,8782700","2,3549980",75,2019,50.0,1.0,1.0,4.0,2270856,1.0,1,4,1,1.0,,0.0,0,1980.0,B01,138Â 199Â 102,2.0,8.0,-1.0,1733295,1.0,30,,0.0,2.0,1.0,B01,138Â 199Â 102,1.0
1015406,201900056937,6,12,15:30,1,2,1,8.0,3.0,75110,AVENUE PARMENTIER,M,"48,8710210","2,3703040",75,2019,50.0,1.0,2.0,4.0,2270857,1.0,1,1,1,5.0,,0.0,0,1991.0,A01,138Â 199Â 099,1.0,0.0,-1.0,1733296,1.0,7,,0.0,2.0,2.0,A01,138Â 199Â 099,1.0
1015406,201900056937,6,12,15:30,1,2,1,8.0,3.0,75110,AVENUE PARMENTIER,M,"48,8710210","2,3703040",75,2019,50.0,1.0,2.0,4.0,2270857,1.0,1,1,1,5.0,,0.0,0,1991.0,A01,138Â 199Â 099,1.0,0.0,-1.0,1733297,2.0,34,,0.0,2.0,3.0,B01,138Â 199Â 100,1.0
1015406,201900056937,6,12,15:30,1,2,1,8.0,3.0,75110,AVENUE PARMENTIER,M,"48,8710210","2,3703040",75,2019,50.0,1.0,2.0,4.0,2270858,1.0,1,4,1,5.0,,0.0,0,1977.0,B01,138Â 199Â 100,2.0,6.0,-1.0,1733296,1.0,7,,0.0,2.0,2.0,A01,138Â 199Â 099,1.0
1015406,201900056937,6,12,15:30,1,2,1,8.0,3.0,75110,AVENUE PARMENTIER,M,"48,8710210","2,3703040",75,2019,50.0,1.0,2.0,4.0,2270858,1.0,1,4,1,5.0,,0.0,0,1977.0,B01,138Â 199Â 100,2.0,6.0,-1.0,1733297,2.0,34,,0.0,2.0,3.0,B01,138Â 199Â 100,1.0
1015406,201900056937,6,12,15:30,1,2,1,8.0,3.0,75110,AVENUE PARMENTIER,M,"48,8710210","2,3703040",75,2019,50.0,1.0,2.0,4.0,2270859,2.0,2,4,2,0.0,,0.0,0,1981.0,B01,138Â 199Â 100,2.0,6.0,-1.0,1733296,1.0,7,,0.0,2.0,2.0,A01,138Â 199Â 099,1.0
1015406,201900056937,6,12,15:30,1,2,1,8.0,3.0,75110,AVENUE PARMENTIER,M,"48,8710210","2,3703040",75,2019,50.0,1.0,2.0,4.0,2270859,2.0,2,4,2,0.0,,0.0,0,1981.0,B01,138Â 199Â 100,2.0,6.0,-1.0,1733297,2.0,34,,0.0,2.0,3.0,B01,138Â 199Â 100,1.0
1015407,201900056938,6,6,10:35,1,2,5,1.0,3.0,75110,RUE DU FAUBOURG SAINT DENIS,M,"48,8842000","2,3594070",75,2019,50.0,1.0,1.0,4.0,2270860,1.0,1,4,2,1.0,,0.0,0,1987.0,B01,138Â 199Â 097,2.0,0.0,-1.0,1733298,1.0,1,,0.0,2.0,6.0,B01,138Â 199Â 097,5.0
1015407,201900056938,6,6,10:35,1,2,5,1.0,3.0,75110,RUE DU FAUBOURG SAINT DENIS,M,"48,8842000","2,3594070",75,2019,50.0,1.0,1.0,4.0,2270860,1.0,1,4,2,1.0,,0.0,0,1987.0,B01,138Â 199Â 097,2.0,0.0,-1.0,1733299,1.0,10,,0.0,2.0,2.0,A01,138Â 199Â 098,3.0
1015407,201900056938,6,6,10:35,1,2,5,1.0,3.0,75110,RUE DU FAUBOURG SAINT DENIS,M,"48,8842000","2,3594070",75,2019,50.0,1.0,1.0,4.0,2270861,1.0,1,1,1,1.0,,0.0,0,1964.0,A01,138Â 199Â 098,1.0,0.0,-1.0,1733298,1.0,1,,0.0,2.0,6.0,B01,138Â 199Â 097,5.0
1015407,201900056938,6,6,10:35,1,2,5,1.0,3.0,75110,RUE DU FAUBOURG SAINT DENIS,M,"48,8842000","2,3594070",75,2019,50.0,1.0,1.0,4.0,2270861,1.0,1,1,1,1.0,,0.0,0,1964.0,A01,138Â 199Â 098,1.0,0.0,-1.0,1733299,1.0,10,,0.0,2.0,2.0,A01,138Â 199Â 098,3.0
1015408,201900056939,6,5,19:20,1,2,2,2.0,6.0,75110,QUAI DE VALMY,M,"48,8798820","2,3673400",75,2019,50.0,1.0,2.0,4.0,2270862,10.0,3,4,1,4.0,,2.0,3,1963.0,A01,138Â 199Â 096,8.0,4.0,-1.0,1733300,1.0,7,,0.0,1.0,7.0,A01,138Â 199Â 096,1.0
1015408,201900056939,6,5,19:20,1,2,2,2.0,6.0,75110,QUAI DE VALMY,M,"48,8798820","2,3673400",75,2019,50.0,1.0,2.0,4.0,2270863,1.0,1,1,2,9.0,,0.0,0,1988.0,A01,138Â 199Â 096,1.0,0.0,-1.0,1733300,1.0,7,,0.0,1.0,7.0,A01,138Â 199Â 096,1.0
1015409,201900056940,6,19,12:15,1,2,1,1.0,2.0,75109,BOULEVARD DE CLICHY,M,"48,8841970","2,3305540",75,2019,50.0,1.0,1.0,4.0,2270864,2.0,1,4,1,4.0,,0.0,0,1960.0,B01,138Â 199Â 094,2.0,8.0,-1.0,1733301,1.0,43,,0.0,2.0,3.0,B01,138Â 199Â 094,1.0
1015409,201900056940,6,19,12:15,1,2,1,1.0,2.0,75109,BOULEVARD DE CLICHY,M,"48,8841970","2,3305540",75,2019,50.0,1.0,1.0,4.0,2270864,2.0,1,4,1,4.0,,0.0,0,1960.0,B01,138Â 199Â 094,2.0,8.0,-1.0,1733302,2.0,7,,0.0,2.0,2.0,A01,138Â 199Â 095,1.0
1015409,201900056940,6,19,12:15,1,2,1,1.0,2.0,75109,BOULEVARD DE CLICHY,M,"48,8841970","2,3305540",75,2019,50.0,1.0,1.0,4.0,2270865,1.0,1,1,1,4.0,,0.0,0,1968.0,A01,138Â 199Â 095,1.0,0.0,-1.0,1733301,1.0,43,,0.0,2.0,3.0,B01,138Â 199Â 094,1.0
1015409,201900056940,6,19,12:15,1,2,1,1.0,2.0,75109,BOULEVARD DE CLICHY,M,"48,8841970","2,3305540",75,2019,50.0,1.0,1.0,4.0,2270865,1.0,1,1,1,4.0,,0.0,0,1968.0,A01,138Â 199Â 095,1.0,0.0,-1.0,1733302,2.0,7,,0.0,2.0,2.0,A01,138Â 199Â 095,1.0