Unnamed: 0_x,num_acc,mois,jour,hrmn,lum,agg,int,atm,col,com,adr,gps,lat,long,dep,annee,vma,situ,surf,catr,Unnamed: 0_y,place,catu,grav,sexe,trajet,secu,locp,actp,an_nais,num_veh_x,id_vehicule_x,secu1,secu2,secu3,Unnamed: 0,senc,catv,occutc,obs,obsm,choc,num_veh_y,id_vehicule_y,motor
1015410,201900056941,6,17,10:20,1,2,5,1.0,2.0,75102,BOULEVARD DES CAPUCINES,M,"48,8699190","2,3280300",75,2019,50.0,1.0,1.0,4.0,2270866,1.0,1,4,1,5.0,,0.0,0,1950.0,B01,138Â 199Â 092,2.0,6.0,-1.0,1733303,2.0,43,,0.0,2.0,4.0,B01,138Â 199Â 092,1.0
1015410,201900056941,6,17,10:20,1,2,5,1.0,2.0,75102,BOULEVARD DES CAPUCINES,M,"48,8699190","2,3280300",75,2019,50.0,1.0,1.0,4.0,2270866,1.0,1,4,1,5.0,,0.0,0,1950.0,B01,138Â 199Â 092,2.0,6.0,-1.0,1733304,2.0,10,,0.0,2.0,1.0,A01,138Â 199Â 093,1.0
1015410,201900056941,6,17,10:20,1,2,5,1.0,2.0,75102,BOULEVARD DES CAPUCINES,M,"48,8699190","2,3280300",75,2019,50.0,1.0,1.0,4.0,2270867,1.0,1,1,1,4.0,,0.0,0,1996.0,A01,138Â 199Â 093,1.0,0.0,-1.0,1733303,2.0,43,,0.0,2.0,4.0,B01,138Â 199Â 092,1.0
1015410,201900056941,6,17,10:20,1,2,5,1.0,2.0,75102,BOULEVARD DES CAPUCINES,M,"48,8699190","2,3280300",75,2019,50.0,1.0,1.0,4.0,2270867,1.0,1,1,1,4.0,,0.0,0,1996.0,A01,138Â 199Â 093,1.0,0.0,-1.0,1733304,2.0,10,,0.0,2.0,1.0,A01,138Â 199Â 093,1.0
1015411,201900056942,6,15,18:50,1,2,7,1.0,2.0,75109,PLACE DE CLICHY,M,"48,8844320","2,3294940",75,2019,50.0,1.0,1.0,4.0,2270868,1.0,1,1,1,0.0,,0.0,0,1999.0,A01,138Â 199Â 090,1.0,0.0,-1.0,1733305,3.0,7,,0.0,2.0,1.0,A01,138Â 199Â 090,1.0
1015411,201900056942,6,15,18:50,1,2,7,1.0,2.0,75109,PLACE DE CLICHY,M,"48,8844320","2,3294940",75,2019,50.0,1.0,1.0,4.0,2270868,1.0,1,1,1,0.0,,0.0,0,1999.0,A01,138Â 199Â 090,1.0,0.0,-1.0,1733306,3.0,7,,0.0,2.0,4.0,B01,138Â 199Â 091,1.0
1015411,201900056942,6,15,18:50,1,2,7,1.0,2.0,75109,PLACE DE CLICHY,M,"48,8844320","2,3294940",75,2019,50.0,1.0,1.0,4.0,2270869,2.0,2,4,2,0.0,,0.0,0,1970.0,B01,138Â 199Â 091,1.0,0.0,-1.0,1733305,3.0,7,,0.0,2.0,1.0,A01,138Â 199Â 090,1.0
1015411,201900056942,6,15,18:50,1,2,7,1.0,2.0,75109,PLACE DE CLICHY,M,"48,8844320","2,3294940",75,2019,50.0,1.0,1.0,4.0,2270869,2.0,2,4,2,0.0,,0.0,0,1970.0,B01,138Â 199Â 091,1.0,0.0,-1.0,1733306,3.0,7,,0.0,2.0,4.0,B01,138Â 199Â 091,1.0
1015411,201900056942,6,15,18:50,1,2,7,1.0,2.0,75109,PLACE DE CLICHY,M,"48,8844320","2,3294940",75,2019,50.0,1.0,1.0,4.0,2270870,1.0,1,1,1,0.0,,0.0,0,1970.0,B01,138Â 199Â 091,1.0,0.0,-1.0,1733305,3.0,7,,0.0,2.0,1.0,A01,138Â 199Â 090,1.0
1015411,201900056942,6,15,18:50,1,2,7,1.0,2.0,75109,PLACE DE CLICHY,M,"48,8844320","2,3294940",75,2019,50.0,1.0,1.0,4.0,2270870,1.0,1,1,1,0.0,,0.0,0,1970.0,B01,138Â 199Â 091,1.0,0.0,-1.0,1733306,3.0,7,,0.0,2.0,4.0,B01,138Â 199Â 091,1.0
1015412,201900056943,6,12,16:45,1,2,7,8.0,6.0,75109,PLACE DE L OPERA,M,"48,8706230","2,3320670",75,2019,50.0,1.0,1.0,4.0,2270871,10.0,3,4,2,5.0,,4.0,3,1947.0,A01,138Â 199Â 089,8.0,0.0,-1.0,1733307,2.0,43,,0.0,1.0,1.0,A01,138Â 199Â 089,1.0
1015412,201900056943,6,12,16:45,1,2,7,8.0,6.0,75109,PLACE DE L OPERA,M,"48,8706230","2,3320670",75,2019,50.0,1.0,1.0,4.0,2270872,10.0,3,4,2,0.0,,4.0,3,1967.0,A01,138Â 199Â 089,8.0,0.0,-1.0,1733307,2.0,43,,0.0,1.0,1.0,A01,138Â 199Â 089,1.0
1015412,201900056943,6,12,16:45,1,2,7,8.0,6.0,75109,PLACE DE L OPERA,M,"48,8706230","2,3320670",75,2019,50.0,1.0,1.0,4.0,2270873,10.0,3,4,2,0.0,,4.0,3,1970.0,A01,138Â 199Â 089,8.0,0.0,-1.0,1733307,2.0,43,,0.0,1.0,1.0,A01,138Â 199Â 089,1.0
1015412,201900056943,6,12,16:45,1,2,7,8.0,6.0,75109,PLACE DE L OPERA,M,"48,8706230","2,3320670",75,2019,50.0,1.0,1.0,4.0,2270874,10.0,3,4,2,0.0,,4.0,3,1956.0,A01,138Â 199Â 089,8.0,0.0,-1.0,1733307,2.0,43,,0.0,1.0,1.0,A01,138Â 199Â 089,1.0
1015412,201900056943,6,12,16:45,1,2,7,8.0,6.0,75109,PLACE DE L OPERA,M,"48,8706230","2,3320670",75,2019,50.0,1.0,1.0,4.0,2270875,1.0,1,1,1,0.0,,0.0,0,1973.0,A01,138Â 199Â 089,2.0,0.0,-1.0,1733307,2.0,43,,0.0,1.0,1.0,A01,138Â 199Â 089,1.0
1015413,201900056944,6,8,23:10,5,2,7,1.0,6.0,75109,BOULEVARD DES CAPUCINES,M,"48,8706960","2,3325550",75,2019,50.0,1.0,1.0,4.0,2270876,1.0,1,4,1,5.0,,0.0,0,1996.0,A01,138Â 199Â 088,2.0,6.0,-1.0,1733308,2.0,30,,0.0,1.0,1.0,A01,138Â 199Â 088,0.0
1015413,201900056944,6,8,23:10,5,2,7,1.0,6.0,75109,BOULEVARD DES CAPUCINES,M,"48,8706960","2,3325550",75,2019,50.0,1.0,1.0,4.0,2270877,10.0,3,4,2,5.0,,4.0,3,1965.0,A01,138Â 199Â 088,8.0,0.0,-1.0,1733308,2.0,30,,0.0,1.0,1.0,A01,138Â 199Â 088,0.0
1015414,201900056945,6,8,20:20,1,2,2,1.0,6.0,75109,RUE BERGERE,M,"48,8720050","2,3478990",75,2019,50.0,1.0,1.0,4.0,2270878,10.0,3,4,2,0.0,,5.0,2,1975.0,A01,138Â 199Â 086,8.0,0.0,-1.0,1733309,1.0,7,,0.0,1.0,1.0,A01,138Â 199Â 086,0.0
1015414,201900056945,6,8,20:20,1,2,2,1.0,6.0,75109,RUE BERGERE,M,"48,8720050","2,3478990",75,2019,50.0,1.0,1.0,4.0,2270878,10.0,3,4,2,0.0,,5.0,2,1975.0,A01,138Â 199Â 086,8.0,0.0,-1.0,1733310,2.0,32,,0.0,2.0,9.0,Z01,138Â 199Â 087,0.0
1015414,201900056945,6,8,20:20,1,2,2,1.0,6.0,75109,RUE BERGERE,M,"48,8720050","2,3478990",75,2019,50.0,1.0,1.0,4.0,2270879,1.0,1,1,1,5.0,,0.0,0,1957.0,A01,138Â 199Â 086,1.0,0.0,-1.0,1733309,1.0,7,,0.0,1.0,1.0,A01,138Â 199Â 086,0.0
1015414,201900056945,6,8,20:20,1,2,2,1.0,6.0,75109,RUE BERGERE,M,"48,8720050","2,3478990",75,2019,50.0,1.0,1.0,4.0,2270879,1.0,1,1,1,5.0,,0.0,0,1957.0,A01,138Â 199Â 086,1.0,0.0,-1.0,1733310,2.0,32,,0.0,2.0,9.0,Z01,138Â 199Â 087,0.0
1015415,201900056946,6,6,09:10,1,2,2,1.0,3.0,75109,RUE BOCHART DE SARON,M,"48,8810850","2,3425510",75,2019,50.0,1.0,1.0,4.0,2270880,1.0,1,1,1,4.0,,0.0,0,1987.0,A01,138Â 199Â 084,1.0,0.0,-1.0,1733311,2.0,10,,0.0,2.0,2.0,A01,138Â 199Â 084,1.0
1015415,201900056946,6,6,09:10,1,2,2,1.0,3.0,75109,RUE BOCHART DE SARON,M,"48,8810850","2,3425510",75,2019,50.0,1.0,1.0,4.0,2270880,1.0,1,1,1,4.0,,0.0,0,1987.0,A01,138Â 199Â 084,1.0,0.0,-1.0,1733312,0.0,50,,0.0,2.0,4.0,B01,138Â 199Â 085,3.0
1015415,201900056946,6,6,09:10,1,2,2,1.0,3.0,75109,RUE BOCHART DE SARON,M,"48,8810850","2,3425510",75,2019,50.0,1.0,1.0,4.0,2270881,1.0,1,4,2,0.0,,0.0,0,1988.0,B01,138Â 199Â 085,1.0,0.0,-1.0,1733311,2.0,10,,0.0,2.0,2.0,A01,138Â 199Â 084,1.0
1015415,201900056946,6,6,09:10,1,2,2,1.0,3.0,75109,RUE BOCHART DE SARON,M,"48,8810850","2,3425510",75,2019,50.0,1.0,1.0,4.0,2270881,1.0,1,4,2,0.0,,0.0,0,1988.0,B01,138Â 199Â 085,1.0,0.0,-1.0,1733312,0.0,50,,0.0,2.0,4.0,B01,138Â 199Â 085,3.0
1015416,201900056947,6,5,11:30,1,2,1,1.0,6.0,75109,RUE LE PELETIER,M,"48,8727100","2,3384750",75,2019,50.0,6.0,1.0,4.0,2270882,1.0,1,4,1,0.0,,0.0,0,1990.0,A01,138Â 199Â 082,2.0,6.0,-1.0,1733313,1.0,31,,0.0,2.0,1.0,A01,138Â 199Â 082,1.0
1015416,201900056947,6,5,11:30,1,2,1,1.0,6.0,75109,RUE LE PELETIER,M,"48,8727100","2,3384750",75,2019,50.0,6.0,1.0,4.0,2270882,1.0,1,4,1,0.0,,0.0,0,1990.0,A01,138Â 199Â 082,2.0,6.0,-1.0,1733314,1.0,7,,0.0,2.0,2.0,Z01,138Â 199Â 083,0.0
1015417,201900056948,6,5,00:20,5,2,1,1.0,7.0,75109,BOULEVARD POISSONNIERE,M,"48,8711800","2,3450530",75,2019,50.0,1.0,1.0,4.0,2270883,1.0,1,4,1,5.0,,0.0,0,1984.0,A01,138Â 199Â 081,2.0,6.0,-1.0,1733315,1.0,34,,0.0,0.0,0.0,A01,138Â 199Â 081,1.0
1015418,201900056949,6,3,07:40,1,2,3,1.0,3.0,75109,RUE DE CAUMARTIN,M,"48,8741960","2,3283990",75,2019,30.0,1.0,1.0,4.0,2270884,1.0,1,4,1,2.0,,0.0,0,1996.0,B01,138Â 199Â 079,8.0,0.0,-1.0,1733316,1.0,50,,0.0,2.0,2.0,B01,138Â 199Â 079,3.0
1015418,201900056949,6,3,07:40,1,2,3,1.0,3.0,75109,RUE DE CAUMARTIN,M,"48,8741960","2,3283990",75,2019,30.0,1.0,1.0,4.0,2270884,1.0,1,4,1,2.0,,0.0,0,1996.0,B01,138Â 199Â 079,8.0,0.0,-1.0,1733317,1.0,7,,0.0,2.0,1.0,A01,138Â 199Â 080,1.0
1015418,201900056949,6,3,07:40,1,2,3,1.0,3.0,75109,RUE DE CAUMARTIN,M,"48,8741960","2,3283990",75,2019,30.0,1.0,1.0,4.0,2270885,1.0,1,1,1,1.0,,0.0,0,1992.0,A01,138Â 199Â 080,8.0,0.0,-1.0,1733316,1.0,50,,0.0,2.0,2.0,B01,138Â 199Â 079,3.0
1015418,201900056949,6,3,07:40,1,2,3,1.0,3.0,75109,RUE DE CAUMARTIN,M,"48,8741960","2,3283990",75,2019,30.0,1.0,1.0,4.0,2270885,1.0,1,1,1,1.0,,0.0,0,1992.0,A01,138Â 199Â 080,8.0,0.0,-1.0,1733317,1.0,7,,0.0,2.0,1.0,A01,138Â 199Â 080,1.0
1015419,201900056950,6,19,15:59,1,2,2,1.0,3.0,75108,BOULEVARD MALESHERBES,M,"48,8784710","2,3155440",75,2019,50.0,1.0,1.0,4.0,2270886,1.0,1,4,1,5.0,,0.0,0,1973.0,A01,138Â 199Â 077,2.0,0.0,-1.0,1733318,1.0,31,,0.0,2.0,7.0,A01,138Â 199Â 077,1.0
1015419,201900056950,6,19,15:59,1,2,2,1.0,3.0,75108,BOULEVARD MALESHERBES,M,"48,8784710","2,3155440",75,2019,50.0,1.0,1.0,4.0,2270886,1.0,1,4,1,5.0,,0.0,0,1973.0,A01,138Â 199Â 077,2.0,0.0,-1.0,1733319,2.0,7,,0.0,2.0,2.0,B01,138Â 199Â 078,2.0
1015419,201900056950,6,19,15:59,1,2,2,1.0,3.0,75108,BOULEVARD MALESHERBES,M,"48,8784710","2,3155440",75,2019,50.0,1.0,1.0,4.0,2270887,1.0,1,1,1,5.0,,0.0,0,1952.0,B01,138Â 199Â 078,1.0,0.0,-1.0,1733318,1.0,31,,0.0,2.0,7.0,A01,138Â 199Â 077,1.0
1015419,201900056950,6,19,15:59,1,2,2,1.0,3.0,75108,BOULEVARD MALESHERBES,M,"48,8784710","2,3155440",75,2019,50.0,1.0,1.0,4.0,2270887,1.0,1,1,1,5.0,,0.0,0,1952.0,B01,138Â 199Â 078,1.0,0.0,-1.0,1733319,2.0,7,,0.0,2.0,2.0,B01,138Â 199Â 078,2.0
1015420,201900056951,6,19,09:15,1,2,7,1.0,3.0,75108,ROND POINT CHAMPS ELYSEES MARCEL DASSAUL,M,"48,8687600","2,3110620",75,2019,50.0,1.0,1.0,4.0,2270888,1.0,1,4,2,9.0,,0.0,0,1993.0,A01,138Â 199Â 075,8.0,0.0,-1.0,1733320,1.0,1,,0.0,2.0,6.0,A01,138Â 199Â 075,5.0
1015420,201900056951,6,19,09:15,1,2,7,1.0,3.0,75108,ROND POINT CHAMPS ELYSEES MARCEL DASSAUL,M,"48,8687600","2,3110620",75,2019,50.0,1.0,1.0,4.0,2270888,1.0,1,4,2,9.0,,0.0,0,1993.0,A01,138Â 199Â 075,8.0,0.0,-1.0,1733321,1.0,31,,0.0,2.0,2.0,B01,138Â 199Â 076,1.0
1015420,201900056951,6,19,09:15,1,2,7,1.0,3.0,75108,ROND POINT CHAMPS ELYSEES MARCEL DASSAUL,M,"48,8687600","2,3110620",75,2019,50.0,1.0,1.0,4.0,2270889,1.0,1,1,1,5.0,,0.0,0,1969.0,B01,138Â 199Â 076,2.0,6.0,-1.0,1733320,1.0,1,,0.0,2.0,6.0,A01,138Â 199Â 075,5.0
1015420,201900056951,6,19,09:15,1,2,7,1.0,3.0,75108,ROND POINT CHAMPS ELYSEES MARCEL DASSAUL,M,"48,8687600","2,3110620",75,2019,50.0,1.0,1.0,4.0,2270889,1.0,1,1,1,5.0,,0.0,0,1969.0,B01,138Â 199Â 076,2.0,6.0,-1.0,1733321,1.0,31,,0.0,2.0,2.0,B01,138Â 199Â 076,1.0
1015421,201900056952,6,14,16:10,1,2,2,1.0,5.0,75108,AVENUE DE FRIEDLAND,M,"48,8741560","2,2989370",75,2019,50.0,1.0,1.0,4.0,2270890,1.0,1,1,1,9.0,,0.0,0,1965.0,C01,138Â 199Â 072,1.0,0.0,-1.0,1733322,2.0,7,,0.0,2.0,3.0,C01,138Â 199Â 072,2.0
1015421,201900056952,6,14,16:10,1,2,2,1.0,5.0,75108,AVENUE DE FRIEDLAND,M,"48,8741560","2,2989370",75,2019,50.0,1.0,1.0,4.0,2270890,1.0,1,1,1,9.0,,0.0,0,1965.0,C01,138Â 199Â 072,1.0,0.0,-1.0,1733323,1.0,33,,0.0,2.0,2.0,B01,138Â 199Â 073,1.0
1015421,201900056952,6,14,16:10,1,2,2,1.0,5.0,75108,AVENUE DE FRIEDLAND,M,"48,8741560","2,2989370",75,2019,50.0,1.0,1.0,4.0,2270890,1.0,1,1,1,9.0,,0.0,0,1965.0,C01,138Â 199Â 072,1.0,0.0,-1.0,1733324,1.0,7,,0.0,2.0,3.0,A01,138Â 199Â 074,1.0
1015421,201900056952,6,14,16:10,1,2,2,1.0,5.0,75108,AVENUE DE FRIEDLAND,M,"48,8741560","2,2989370",75,2019,50.0,1.0,1.0,4.0,2270891,2.0,2,4,2,9.0,,0.0,0,1996.0,B01,138Â 199Â 073,2.0,6.0,-1.0,1733322,2.0,7,,0.0,2.0,3.0,C01,138Â 199Â 072,2.0
1015421,201900056952,6,14,16:10,1,2,2,1.0,5.0,75108,AVENUE DE FRIEDLAND,M,"48,8741560","2,2989370",75,2019,50.0,1.0,1.0,4.0,2270891,2.0,2,4,2,9.0,,0.0,0,1996.0,B01,138Â 199Â 073,2.0,6.0,-1.0,1733323,1.0,33,,0.0,2.0,2.0,B01,138Â 199Â 073,1.0
1015421,201900056952,6,14,16:10,1,2,2,1.0,5.0,75108,AVENUE DE FRIEDLAND,M,"48,8741560","2,2989370",75,2019,50.0,1.0,1.0,4.0,2270891,2.0,2,4,2,9.0,,0.0,0,1996.0,B01,138Â 199Â 073,2.0,6.0,-1.0,1733324,1.0,7,,0.0,2.0,3.0,A01,138Â 199Â 074,1.0
1015421,201900056952,6,14,16:10,1,2,2,1.0,5.0,75108,AVENUE DE FRIEDLAND,M,"48,8741560","2,2989370",75,2019,50.0,1.0,1.0,4.0,2270892,1.0,1,1,1,9.0,,0.0,0,1996.0,B01,138Â 199Â 073,2.0,6.0,-1.0,1733322,2.0,7,,0.0,2.0,3.0,C01,138Â 199Â 072,2.0
1015421,201900056952,6,14,16:10,1,2,2,1.0,5.0,75108,AVENUE DE FRIEDLAND,M,"48,8741560","2,2989370",75,2019,50.0,1.0,1.0,4.0,2270892,1.0,1,1,1,9.0,,0.0,0,1996.0,B01,138Â 199Â 073,2.0,6.0,-1.0,1733323,1.0,33,,0.0,2.0,2.0,B01,138Â 199Â 073,1.0
1015421,201900056952,6,14,16:10,1,2,2,1.0,5.0,75108,AVENUE DE FRIEDLAND,M,"48,8741560","2,2989370",75,2019,50.0,1.0,1.0,4.0,2270892,1.0,1,1,1,9.0,,0.0,0,1996.0,B01,138Â 199Â 073,2.0,6.0,-1.0,1733324,1.0,7,,0.0,2.0,3.0,A01,138Â 199Â 074,1.0
1015421,201900056952,6,14,16:10,1,2,2,1.0,5.0,75108,AVENUE DE FRIEDLAND,M,"48,8741560","2,2989370",75,2019,50.0,1.0,1.0,4.0,2270893,1.0,1,1,1,9.0,,0.0,0,1994.0,A01,138Â 199Â 074,1.0,0.0,-1.0,1733322,2.0,7,,0.0,2.0,3.0,C01,138Â 199Â 072,2.0
1015421,201900056952,6,14,16:10,1,2,2,1.0,5.0,75108,AVENUE DE FRIEDLAND,M,"48,8741560","2,2989370",75,2019,50.0,1.0,1.0,4.0,2270893,1.0,1,1,1,9.0,,0.0,0,1994.0,A01,138Â 199Â 074,1.0,0.0,-1.0,1733323,1.0,33,,0.0,2.0,2.0,B01,138Â 199Â 073,1.0
1015421,201900056952,6,14,16:10,1,2,2,1.0,5.0,75108,AVENUE DE FRIEDLAND,M,"48,8741560","2,2989370",75,2019,50.0,1.0,1.0,4.0,2270893,1.0,1,1,1,9.0,,0.0,0,1994.0,A01,138Â 199Â 074,1.0,0.0,-1.0,1733324,1.0,7,,0.0,2.0,3.0,A01,138Â 199Â 074,1.0
1015422,201900056953,6,13,13:40,1,2,1,1.0,3.0,75108,RUE LA BOETIE,M,"48,8711830","2,3067950",75,2019,50.0,6.0,1.0,4.0,2270894,1.0,1,1,1,4.0,,0.0,0,1962.0,A01,138Â 199Â 070,1.0,0.0,-1.0,1733325,2.0,14,,0.0,2.0,8.0,A01,138Â 199Â 070,4.0
1015422,201900056953,6,13,13:40,1,2,1,1.0,3.0,75108,RUE LA BOETIE,M,"48,8711830","2,3067950",75,2019,50.0,6.0,1.0,4.0,2270894,1.0,1,1,1,4.0,,0.0,0,1962.0,A01,138Â 199Â 070,1.0,0.0,-1.0,1733326,2.0,32,,0.0,2.0,7.0,B01,138Â 199Â 071,0.0
1015422,201900056953,6,13,13:40,1,2,1,1.0,3.0,75108,RUE LA BOETIE,M,"48,8711830","2,3067950",75,2019,50.0,6.0,1.0,4.0,2270895,1.0,1,4,1,9.0,,0.0,0,1982.0,B01,138Â 199Â 071,2.0,0.0,-1.0,1733325,2.0,14,,0.0,2.0,8.0,A01,138Â 199Â 070,4.0
1015422,201900056953,6,13,13:40,1,2,1,1.0,3.0,75108,RUE LA BOETIE,M,"48,8711830","2,3067950",75,2019,50.0,6.0,1.0,4.0,2270895,1.0,1,4,1,9.0,,0.0,0,1982.0,B01,138Â 199Â 071,2.0,0.0,-1.0,1733326,2.0,32,,0.0,2.0,7.0,B01,138Â 199Â 071,0.0
1015423,201900056954,6,13,20:45,2,2,1,1.0,3.0,75108,RUE D AMSTERDAM,M,"48,8773350","2,3268990",75,2019,50.0,1.0,1.0,4.0,2270896,1.0,1,4,2,0.0,,0.0,0,1996.0,B01,138Â 199Â 068,2.0,6.0,-1.0,1733327,2.0,30,,0.0,2.0,1.0,B01,138Â 199Â 068,1.0
1015423,201900056954,6,13,20:45,2,2,1,1.0,3.0,75108,RUE D AMSTERDAM,M,"48,8773350","2,3268990",75,2019,50.0,1.0,1.0,4.0,2270896,1.0,1,4,2,0.0,,0.0,0,1996.0,B01,138Â 199Â 068,2.0,6.0,-1.0,1733328,0.0,7,,0.0,2.0,8.0,A01,138Â 199Â 069,2.0
1015423,201900056954,6,13,20:45,2,2,1,1.0,3.0,75108,RUE D AMSTERDAM,M,"48,8773350","2,3268990",75,2019,50.0,1.0,1.0,4.0,2270897,1.0,1,1,1,4.0,,0.0,0,1963.0,A01,138Â 199Â 069,1.0,0.0,-1.0,1733327,2.0,30,,0.0,2.0,1.0,B01,138Â 199Â 068,1.0
1015423,201900056954,6,13,20:45,2,2,1,1.0,3.0,75108,RUE D AMSTERDAM,M,"48,8773350","2,3268990",75,2019,50.0,1.0,1.0,4.0,2270897,1.0,1,1,1,4.0,,0.0,0,1963.0,A01,138Â 199Â 069,1.0,0.0,-1.0,1733328,0.0,7,,0.0,2.0,8.0,A01,138Â 199Â 069,2.0
1015424,201900056955,6,13,18:50,1,2,1,1.0,5.0,75108,RUE DE ROME,M,"48,8764680","2,3234760",75,2019,50.0,1.0,1.0,4.0,2270898,1.0,1,1,1,5.0,,0.0,0,1993.0,A01,138Â 199Â 065,1.0,0.0,-1.0,1733329,2.0,7,,0.0,2.0,3.0,A01,138Â 199Â 065,1.0
1015424,201900056955,6,13,18:50,1,2,1,1.0,5.0,75108,RUE DE ROME,M,"48,8764680","2,3234760",75,2019,50.0,1.0,1.0,4.0,2270898,1.0,1,1,1,5.0,,0.0,0,1993.0,A01,138Â 199Â 065,1.0,0.0,-1.0,1733330,2.0,32,,0.0,2.0,3.0,B01,138Â 199Â 066,1.0
1015424,201900056955,6,13,18:50,1,2,1,1.0,5.0,75108,RUE DE ROME,M,"48,8764680","2,3234760",75,2019,50.0,1.0,1.0,4.0,2270898,1.0,1,1,1,5.0,,0.0,0,1993.0,A01,138Â 199Â 065,1.0,0.0,-1.0,1733331,1.0,7,,0.0,2.0,3.0,C01,138Â 199Â 067,1.0
1015424,201900056955,6,13,18:50,1,2,1,1.0,5.0,75108,RUE DE ROME,M,"48,8764680","2,3234760",75,2019,50.0,1.0,1.0,4.0,2270899,1.0,1,4,1,1.0,,0.0,0,1984.0,B01,138Â 199Â 066,2.0,6.0,-1.0,1733329,2.0,7,,0.0,2.0,3.0,A01,138Â 199Â 065,1.0
1015424,201900056955,6,13,18:50,1,2,1,1.0,5.0,75108,RUE DE ROME,M,"48,8764680","2,3234760",75,2019,50.0,1.0,1.0,4.0,2270899,1.0,1,4,1,1.0,,0.0,0,1984.0,B01,138Â 199Â 066,2.0,6.0,-1.0,1733330,2.0,32,,0.0,2.0,3.0,B01,138Â 199Â 066,1.0
1015424,201900056955,6,13,18:50,1,2,1,1.0,5.0,75108,RUE DE ROME,M,"48,8764680","2,3234760",75,2019,50.0,1.0,1.0,4.0,2270899,1.0,1,4,1,1.0,,0.0,0,1984.0,B01,138Â 199Â 066,2.0,6.0,-1.0,1733331,1.0,7,,0.0,2.0,3.0,C01,138Â 199Â 067,1.0
1015424,201900056955,6,13,18:50,1,2,1,1.0,5.0,75108,RUE DE ROME,M,"48,8764680","2,3234760",75,2019,50.0,1.0,1.0,4.0,2270900,1.0,1,1,1,1.0,,0.0,0,1985.0,C01,138Â 199Â 067,1.0,0.0,-1.0,1733329,2.0,7,,0.0,2.0,3.0,A01,138Â 199Â 065,1.0
1015424,201900056955,6,13,18:50,1,2,1,1.0,5.0,75108,RUE DE ROME,M,"48,8764680","2,3234760",75,2019,50.0,1.0,1.0,4.0,2270900,1.0,1,1,1,1.0,,0.0,0,1985.0,C01,138Â 199Â 067,1.0,0.0,-1.0,1733330,2.0,32,,0.0,2.0,3.0,B01,138Â 199Â 066,1.0
1015424,201900056955,6,13,18:50,1,2,1,1.0,5.0,75108,RUE DE ROME,M,"48,8764680","2,3234760",75,2019,50.0,1.0,1.0,4.0,2270900,1.0,1,1,1,1.0,,0.0,0,1985.0,C01,138Â 199Â 067,1.0,0.0,-1.0,1733331,1.0,7,,0.0,2.0,3.0,C01,138Â 199Â 067,1.0
1015425,201900056956,6,13,11:15,1,2,4,1.0,6.0,75108,RUE DE COURCELLES,M,"48,8777190","2,3059230",75,2019,50.0,1.0,1.0,4.0,2270901,1.0,1,1,1,4.0,,0.0,0,1964.0,B01,138Â 199Â 063,1.0,0.0,-1.0,1733332,1.0,7,,0.0,2.0,3.0,B01,138Â 199Â 063,1.0
1015425,201900056956,6,13,11:15,1,2,4,1.0,6.0,75108,RUE DE COURCELLES,M,"48,8777190","2,3059230",75,2019,50.0,1.0,1.0,4.0,2270901,1.0,1,1,1,4.0,,0.0,0,1964.0,B01,138Â 199Â 063,1.0,0.0,-1.0,1733333,1.0,31,,1.0,2.0,7.0,A01,138Â 199Â 064,1.0
1015425,201900056956,6,13,11:15,1,2,4,1.0,6.0,75108,RUE DE COURCELLES,M,"48,8777190","2,3059230",75,2019,50.0,1.0,1.0,4.0,2270902,1.0,1,4,1,4.0,,0.0,0,1996.0,A01,138Â 199Â 064,2.0,6.0,-1.0,1733332,1.0,7,,0.0,2.0,3.0,B01,138Â 199Â 063,1.0
1015425,201900056956,6,13,11:15,1,2,4,1.0,6.0,75108,RUE DE COURCELLES,M,"48,8777190","2,3059230",75,2019,50.0,1.0,1.0,4.0,2270902,1.0,1,4,1,4.0,,0.0,0,1996.0,A01,138Â 199Â 064,2.0,6.0,-1.0,1733333,1.0,31,,1.0,2.0,7.0,A01,138Â 199Â 064,1.0
1015426,201900056957,6,13,07:34,2,2,7,1.0,6.0,75108,PLACE CHARLES DE GAULLE,M,"48,8735150","2,2958900",75,2019,50.0,1.0,1.0,4.0,2270903,2.0,1,4,1,1.0,,0.0,0,1971.0,A01,138Â 199Â 062,2.0,6.0,-1.0,1733334,3.0,7,,0.0,2.0,1.0,Z01,138Â 199Â 061,0.0
1015426,201900056957,6,13,07:34,2,2,7,1.0,6.0,75108,PLACE CHARLES DE GAULLE,M,"48,8735150","2,2958900",75,2019,50.0,1.0,1.0,4.0,2270903,2.0,1,4,1,1.0,,0.0,0,1971.0,A01,138Â 199Â 062,2.0,6.0,-1.0,1733335,3.0,33,,0.0,2.0,1.0,A01,138Â 199Â 062,1.0
1015427,201900056958,6,12,19:10,1,2,1,2.0,6.0,75108,RUE DE PRESBOURG,M,"48,8727270","2,2966540",75,2019,50.0,1.0,2.0,4.0,2270904,10.0,3,4,2,0.0,,2.0,3,1966.0,A01,138Â 199Â 060,8.0,0.0,-1.0,1733336,2.0,50,,0.0,1.0,1.0,A01,138Â 199Â 060,3.0
1015427,201900056958,6,12,19:10,1,2,1,2.0,6.0,75108,RUE DE PRESBOURG,M,"48,8727270","2,2966540",75,2019,50.0,1.0,2.0,4.0,2270905,1.0,1,1,1,9.0,,0.0,0,1983.0,A01,138Â 199Â 060,0.0,0.0,-1.0,1733336,2.0,50,,0.0,1.0,1.0,A01,138Â 199Â 060,3.0