Unnamed: 0_x,num_acc,mois,jour,hrmn,lum,agg,int,atm,col,com,adr,gps,lat,long,dep,annee,vma,situ,surf,catr,Unnamed: 0_y,place,catu,grav,sexe,trajet,secu,locp,actp,an_nais,num_veh_x,id_vehicule_x,secu1,secu2,secu3,Unnamed: 0,senc,catv,occutc,obs,obsm,choc,num_veh_y,id_vehicule_y,motor
1015428,201900056959,6,12,18:00,1,2,1,2.0,3.0,75108,RUE MONTALIVET,M,"48,8709280","2,3189560",75,2019,50.0,1.0,2.0,4.0,2270906,1.0,1,1,1,9.0,,0.0,0,1988.0,A01,138Â 199Â 058,1.0,0.0,-1.0,1733337,2.0,7,,0.0,2.0,8.0,A01,138Â 199Â 058,1.0
1015428,201900056959,6,12,18:00,1,2,1,2.0,3.0,75108,RUE MONTALIVET,M,"48,8709280","2,3189560",75,2019,50.0,1.0,2.0,4.0,2270906,1.0,1,1,1,9.0,,0.0,0,1988.0,A01,138Â 199Â 058,1.0,0.0,-1.0,1733338,2.0,80,,0.0,2.0,1.0,B01,138Â 199Â 059,3.0
1015428,201900056959,6,12,18:00,1,2,1,2.0,3.0,75108,RUE MONTALIVET,M,"48,8709280","2,3189560",75,2019,50.0,1.0,2.0,4.0,2270907,1.0,1,4,2,5.0,,0.0,0,1999.0,B01,138Â 199Â 059,8.0,0.0,-1.0,1733337,2.0,7,,0.0,2.0,8.0,A01,138Â 199Â 058,1.0
1015428,201900056959,6,12,18:00,1,2,1,2.0,3.0,75108,RUE MONTALIVET,M,"48,8709280","2,3189560",75,2019,50.0,1.0,2.0,4.0,2270907,1.0,1,4,2,5.0,,0.0,0,1999.0,B01,138Â 199Â 059,8.0,0.0,-1.0,1733338,2.0,80,,0.0,2.0,1.0,B01,138Â 199Â 059,3.0
1015429,201900056960,6,11,14:50,1,2,1,1.0,3.0,75108,AVENUE GEORGE V,M,"48,8704980","2,3009580",75,2019,50.0,1.0,1.0,4.0,2270908,1.0,1,4,1,9.0,,0.0,0,1992.0,B01,138Â 199Â 056,2.0,6.0,-1.0,1733339,1.0,33,,0.0,2.0,2.0,B01,138Â 199Â 056,1.0
1015429,201900056960,6,11,14:50,1,2,1,1.0,3.0,75108,AVENUE GEORGE V,M,"48,8704980","2,3009580",75,2019,50.0,1.0,1.0,4.0,2270908,1.0,1,4,1,9.0,,0.0,0,1992.0,B01,138Â 199Â 056,2.0,6.0,-1.0,1733340,1.0,10,,0.0,2.0,3.0,A01,138Â 199Â 057,1.0
1015429,201900056960,6,11,14:50,1,2,1,1.0,3.0,75108,AVENUE GEORGE V,M,"48,8704980","2,3009580",75,2019,50.0,1.0,1.0,4.0,2270909,1.0,1,1,1,4.0,,0.0,0,1974.0,A01,138Â 199Â 057,1.0,0.0,-1.0,1733339,1.0,33,,0.0,2.0,2.0,B01,138Â 199Â 056,1.0
1015429,201900056960,6,11,14:50,1,2,1,1.0,3.0,75108,AVENUE GEORGE V,M,"48,8704980","2,3009580",75,2019,50.0,1.0,1.0,4.0,2270909,1.0,1,1,1,4.0,,0.0,0,1974.0,A01,138Â 199Â 057,1.0,0.0,-1.0,1733340,1.0,10,,0.0,2.0,3.0,A01,138Â 199Â 057,1.0
1015430,201900056961,6,11,10:30,1,2,7,1.0,3.0,75108,PLACE DE LA CONCORDE,M,"48,8665500","2,3219490",75,2019,50.0,1.0,1.0,4.0,2270910,1.0,1,4,1,1.0,,0.0,0,1974.0,B01,138Â 199Â 054,2.0,6.0,-1.0,1733341,1.0,34,,0.0,2.0,7.0,B01,138Â 199Â 054,1.0
1015430,201900056961,6,11,10:30,1,2,7,1.0,3.0,75108,PLACE DE LA CONCORDE,M,"48,8665500","2,3219490",75,2019,50.0,1.0,1.0,4.0,2270910,1.0,1,4,1,1.0,,0.0,0,1974.0,B01,138Â 199Â 054,2.0,6.0,-1.0,1733342,3.0,7,,0.0,2.0,3.0,A01,138Â 199Â 055,1.0
1015430,201900056961,6,11,10:30,1,2,7,1.0,3.0,75108,PLACE DE LA CONCORDE,M,"48,8665500","2,3219490",75,2019,50.0,1.0,1.0,4.0,2270911,1.0,1,1,2,4.0,,0.0,0,1986.0,A01,138Â 199Â 055,1.0,0.0,-1.0,1733341,1.0,34,,0.0,2.0,7.0,B01,138Â 199Â 054,1.0
1015430,201900056961,6,11,10:30,1,2,7,1.0,3.0,75108,PLACE DE LA CONCORDE,M,"48,8665500","2,3219490",75,2019,50.0,1.0,1.0,4.0,2270911,1.0,1,1,2,4.0,,0.0,0,1986.0,A01,138Â 199Â 055,1.0,0.0,-1.0,1733342,3.0,7,,0.0,2.0,3.0,A01,138Â 199Â 055,1.0
1015431,201900056962,6,10,15:30,1,2,2,1.0,6.0,75108,AVENUE DES CHAMPS ELYSEES,M,"48,8731480","2,2970920",75,2019,50.0,1.0,1.0,4.0,2270912,1.0,1,4,1,1.0,,0.0,0,1970.0,A01,138Â 199Â 053,2.0,6.0,-1.0,1733343,1.0,33,,12.0,0.0,7.0,A01,138Â 199Â 053,0.0
1015432,201900056963,6,10,15:10,1,2,2,1.0,7.0,75108,AVENUE MARCEAU,M,"48,8724870","2,2961890",75,2019,50.0,1.0,9.0,4.0,2270913,1.0,1,4,1,5.0,,0.0,0,1974.0,A01,138Â 199Â 052,2.0,6.0,-1.0,1733344,2.0,30,,0.0,0.0,0.0,A01,138Â 199Â 052,1.0
1015433,201900056964,6,5,12:20,1,2,3,2.0,2.0,75108,BOULEVARD MALESHERBES,M,"48,8709560","2,3226170",75,2019,50.0,1.0,2.0,4.0,2270914,1.0,1,4,1,1.0,,0.0,0,1965.0,B01,138Â 199Â 050,2.0,0.0,-1.0,1733345,2.0,32,,0.0,2.0,4.0,B01,138Â 199Â 050,1.0
1015433,201900056964,6,5,12:20,1,2,3,2.0,2.0,75108,BOULEVARD MALESHERBES,M,"48,8709560","2,3226170",75,2019,50.0,1.0,2.0,4.0,2270914,1.0,1,4,1,1.0,,0.0,0,1965.0,B01,138Â 199Â 050,2.0,0.0,-1.0,1733346,2.0,7,,0.0,2.0,1.0,A01,138Â 199Â 051,1.0
1015433,201900056964,6,5,12:20,1,2,3,2.0,2.0,75108,BOULEVARD MALESHERBES,M,"48,8709560","2,3226170",75,2019,50.0,1.0,2.0,4.0,2270915,1.0,1,1,1,4.0,,0.0,0,1955.0,A01,138Â 199Â 051,1.0,0.0,-1.0,1733345,2.0,32,,0.0,2.0,4.0,B01,138Â 199Â 050,1.0
1015433,201900056964,6,5,12:20,1,2,3,2.0,2.0,75108,BOULEVARD MALESHERBES,M,"48,8709560","2,3226170",75,2019,50.0,1.0,2.0,4.0,2270915,1.0,1,1,1,4.0,,0.0,0,1955.0,A01,138Â 199Â 051,1.0,0.0,-1.0,1733346,2.0,7,,0.0,2.0,1.0,A01,138Â 199Â 051,1.0
1015434,201900056965,6,3,10:47,1,2,1,2.0,3.0,75108,AVENUE HOCHE,M,"48,8767670","2,3022160",75,2019,50.0,1.0,2.0,4.0,2270916,1.0,1,1,2,1.0,,0.0,0,1977.0,A01,138Â 199Â 048,1.0,0.0,-1.0,1733347,2.0,7,,0.0,2.0,3.0,A01,138Â 199Â 048,1.0
1015434,201900056965,6,3,10:47,1,2,1,2.0,3.0,75108,AVENUE HOCHE,M,"48,8767670","2,3022160",75,2019,50.0,1.0,2.0,4.0,2270916,1.0,1,1,2,1.0,,0.0,0,1977.0,A01,138Â 199Â 048,1.0,0.0,-1.0,1733348,2.0,32,,0.0,2.0,2.0,B01,138Â 199Â 049,1.0
1015434,201900056965,6,3,10:47,1,2,1,2.0,3.0,75108,AVENUE HOCHE,M,"48,8767670","2,3022160",75,2019,50.0,1.0,2.0,4.0,2270917,1.0,1,4,2,1.0,,0.0,0,1976.0,B01,138Â 199Â 049,2.0,0.0,-1.0,1733347,2.0,7,,0.0,2.0,3.0,A01,138Â 199Â 048,1.0
1015434,201900056965,6,3,10:47,1,2,1,2.0,3.0,75108,AVENUE HOCHE,M,"48,8767670","2,3022160",75,2019,50.0,1.0,2.0,4.0,2270917,1.0,1,4,2,1.0,,0.0,0,1976.0,B01,138Â 199Â 049,2.0,0.0,-1.0,1733348,2.0,32,,0.0,2.0,2.0,B01,138Â 199Â 049,1.0
1015435,201900056966,6,1,16:35,1,2,7,1.0,3.0,75108,PLACE DE LA CONCORDE,M,"48,8658600","2,3198810",75,2019,50.0,1.0,1.0,4.0,2270918,1.0,1,4,2,5.0,,0.0,0,1971.0,B01,138Â 199Â 046,8.0,0.0,-1.0,1733349,3.0,80,,0.0,2.0,4.0,B01,138Â 199Â 046,3.0
1015435,201900056966,6,1,16:35,1,2,7,1.0,3.0,75108,PLACE DE LA CONCORDE,M,"48,8658600","2,3198810",75,2019,50.0,1.0,1.0,4.0,2270918,1.0,1,4,2,5.0,,0.0,0,1971.0,B01,138Â 199Â 046,8.0,0.0,-1.0,1733350,1.0,7,,0.0,2.0,3.0,A01,138Â 199Â 047,1.0
1015435,201900056966,6,1,16:35,1,2,7,1.0,3.0,75108,PLACE DE LA CONCORDE,M,"48,8658600","2,3198810",75,2019,50.0,1.0,1.0,4.0,2270919,1.0,1,1,1,0.0,,0.0,0,1978.0,A01,138Â 199Â 047,1.0,0.0,-1.0,1733349,3.0,80,,0.0,2.0,4.0,B01,138Â 199Â 046,3.0
1015435,201900056966,6,1,16:35,1,2,7,1.0,3.0,75108,PLACE DE LA CONCORDE,M,"48,8658600","2,3198810",75,2019,50.0,1.0,1.0,4.0,2270919,1.0,1,1,1,0.0,,0.0,0,1978.0,A01,138Â 199Â 047,1.0,0.0,-1.0,1733350,1.0,7,,0.0,2.0,3.0,A01,138Â 199Â 047,1.0
1015436,201900056967,5,31,11:00,1,2,1,1.0,4.0,75108,RUE DE ROME,M,"48,8773530","2,3229910",75,2019,30.0,6.0,1.0,4.0,2270920,1.0,1,1,1,4.0,,0.0,0,1988.0,C01,138Â 199Â 043,1.0,0.0,-1.0,1733351,2.0,10,,0.0,2.0,5.0,C01,138Â 199Â 043,1.0
1015436,201900056967,5,31,11:00,1,2,1,1.0,4.0,75108,RUE DE ROME,M,"48,8773530","2,3229910",75,2019,30.0,6.0,1.0,4.0,2270920,1.0,1,1,1,4.0,,0.0,0,1988.0,C01,138Â 199Â 043,1.0,0.0,-1.0,1733352,2.0,31,,0.0,2.0,1.0,B01,138Â 199Â 044,1.0
1015436,201900056967,5,31,11:00,1,2,1,1.0,4.0,75108,RUE DE ROME,M,"48,8773530","2,3229910",75,2019,30.0,6.0,1.0,4.0,2270920,1.0,1,1,1,4.0,,0.0,0,1988.0,C01,138Â 199Â 043,1.0,0.0,-1.0,1733353,2.0,10,,0.0,2.0,3.0,A01,138Â 199Â 045,1.0
1015436,201900056967,5,31,11:00,1,2,1,1.0,4.0,75108,RUE DE ROME,M,"48,8773530","2,3229910",75,2019,30.0,6.0,1.0,4.0,2270921,1.0,1,4,1,4.0,,0.0,0,1996.0,B01,138Â 199Â 044,2.0,0.0,-1.0,1733351,2.0,10,,0.0,2.0,5.0,C01,138Â 199Â 043,1.0
1015436,201900056967,5,31,11:00,1,2,1,1.0,4.0,75108,RUE DE ROME,M,"48,8773530","2,3229910",75,2019,30.0,6.0,1.0,4.0,2270921,1.0,1,4,1,4.0,,0.0,0,1996.0,B01,138Â 199Â 044,2.0,0.0,-1.0,1733352,2.0,31,,0.0,2.0,1.0,B01,138Â 199Â 044,1.0
1015436,201900056967,5,31,11:00,1,2,1,1.0,4.0,75108,RUE DE ROME,M,"48,8773530","2,3229910",75,2019,30.0,6.0,1.0,4.0,2270921,1.0,1,4,1,4.0,,0.0,0,1996.0,B01,138Â 199Â 044,2.0,0.0,-1.0,1733353,2.0,10,,0.0,2.0,3.0,A01,138Â 199Â 045,1.0
1015436,201900056967,5,31,11:00,1,2,1,1.0,4.0,75108,RUE DE ROME,M,"48,8773530","2,3229910",75,2019,30.0,6.0,1.0,4.0,2270922,2.0,2,1,1,4.0,,0.0,0,1980.0,A01,138Â 199Â 045,1.0,0.0,-1.0,1733351,2.0,10,,0.0,2.0,5.0,C01,138Â 199Â 043,1.0
1015436,201900056967,5,31,11:00,1,2,1,1.0,4.0,75108,RUE DE ROME,M,"48,8773530","2,3229910",75,2019,30.0,6.0,1.0,4.0,2270922,2.0,2,1,1,4.0,,0.0,0,1980.0,A01,138Â 199Â 045,1.0,0.0,-1.0,1733352,2.0,31,,0.0,2.0,1.0,B01,138Â 199Â 044,1.0
1015436,201900056967,5,31,11:00,1,2,1,1.0,4.0,75108,RUE DE ROME,M,"48,8773530","2,3229910",75,2019,30.0,6.0,1.0,4.0,2270922,2.0,2,1,1,4.0,,0.0,0,1980.0,A01,138Â 199Â 045,1.0,0.0,-1.0,1733353,2.0,10,,0.0,2.0,3.0,A01,138Â 199Â 045,1.0
1015436,201900056967,5,31,11:00,1,2,1,1.0,4.0,75108,RUE DE ROME,M,"48,8773530","2,3229910",75,2019,30.0,6.0,1.0,4.0,2270923,1.0,1,1,1,4.0,,0.0,0,1983.0,A01,138Â 199Â 045,1.0,0.0,-1.0,1733351,2.0,10,,0.0,2.0,5.0,C01,138Â 199Â 043,1.0
1015436,201900056967,5,31,11:00,1,2,1,1.0,4.0,75108,RUE DE ROME,M,"48,8773530","2,3229910",75,2019,30.0,6.0,1.0,4.0,2270923,1.0,1,1,1,4.0,,0.0,0,1983.0,A01,138Â 199Â 045,1.0,0.0,-1.0,1733352,2.0,31,,0.0,2.0,1.0,B01,138Â 199Â 044,1.0
1015436,201900056967,5,31,11:00,1,2,1,1.0,4.0,75108,RUE DE ROME,M,"48,8773530","2,3229910",75,2019,30.0,6.0,1.0,4.0,2270923,1.0,1,1,1,4.0,,0.0,0,1983.0,A01,138Â 199Â 045,1.0,0.0,-1.0,1733353,2.0,10,,0.0,2.0,3.0,A01,138Â 199Â 045,1.0
1015437,201900056968,5,31,10:00,1,2,2,1.0,7.0,75108,AVENUE DES CHAMPS ELYSEES,M,"48,8731410","2,2970920",75,2019,50.0,1.0,1.0,4.0,2270924,1.0,1,4,1,4.0,,0.0,0,1949.0,A01,138Â 199Â 042,2.0,4.0,-1.0,1733354,1.0,30,,12.0,0.0,2.0,A01,138Â 199Â 042,1.0
1015438,201900056969,6,19,11:30,1,2,1,1.0,3.0,75107,RUE DE LILLE,M,"48,8610250","2,3212880",75,2019,50.0,1.0,1.0,4.0,2270925,1.0,1,4,1,1.0,,0.0,0,1965.0,B01,138Â 199Â 040,2.0,0.0,-1.0,1733355,2.0,34,,0.0,2.0,6.0,B01,138Â 199Â 040,1.0
1015438,201900056969,6,19,11:30,1,2,1,1.0,3.0,75107,RUE DE LILLE,M,"48,8610250","2,3212880",75,2019,50.0,1.0,1.0,4.0,2270925,1.0,1,4,1,1.0,,0.0,0,1965.0,B01,138Â 199Â 040,2.0,0.0,-1.0,1733356,2.0,34,,0.0,2.0,5.0,A01,138Â 199Â 041,1.0
1015438,201900056969,6,19,11:30,1,2,1,1.0,3.0,75107,RUE DE LILLE,M,"48,8610250","2,3212880",75,2019,50.0,1.0,1.0,4.0,2270926,1.0,1,1,1,1.0,,0.0,0,1956.0,A01,138Â 199Â 041,2.0,0.0,-1.0,1733355,2.0,34,,0.0,2.0,6.0,B01,138Â 199Â 040,1.0
1015438,201900056969,6,19,11:30,1,2,1,1.0,3.0,75107,RUE DE LILLE,M,"48,8610250","2,3212880",75,2019,50.0,1.0,1.0,4.0,2270926,1.0,1,1,1,1.0,,0.0,0,1956.0,A01,138Â 199Â 041,2.0,0.0,-1.0,1733356,2.0,34,,0.0,2.0,5.0,A01,138Â 199Â 041,1.0
1015439,201900056970,6,14,17:15,1,2,4,1.0,4.0,75115,PORTE DE SEVRES,M,"48,8348380","2,2739400",75,2019,70.0,1.0,1.0,4.0,2270927,1.0,1,1,1,1.0,,0.0,0,1984.0,A01,138Â 199Â 037,1.0,0.0,-1.0,1733357,3.0,7,,0.0,2.0,1.0,A01,138Â 199Â 037,1.0
1015439,201900056970,6,14,17:15,1,2,4,1.0,4.0,75115,PORTE DE SEVRES,M,"48,8348380","2,2739400",75,2019,70.0,1.0,1.0,4.0,2270927,1.0,1,1,1,1.0,,0.0,0,1984.0,A01,138Â 199Â 037,1.0,0.0,-1.0,1733358,3.0,7,,0.0,2.0,4.0,B01,138Â 199Â 038,1.0
1015439,201900056970,6,14,17:15,1,2,4,1.0,4.0,75115,PORTE DE SEVRES,M,"48,8348380","2,2739400",75,2019,70.0,1.0,1.0,4.0,2270927,1.0,1,1,1,1.0,,0.0,0,1984.0,A01,138Â 199Â 037,1.0,0.0,-1.0,1733359,3.0,7,,0.0,2.0,4.0,C01,138Â 199Â 039,1.0
1015439,201900056970,6,14,17:15,1,2,4,1.0,4.0,75115,PORTE DE SEVRES,M,"48,8348380","2,2739400",75,2019,70.0,1.0,1.0,4.0,2270928,1.0,1,4,1,0.0,,0.0,0,1976.0,B01,138Â 199Â 038,1.0,0.0,-1.0,1733357,3.0,7,,0.0,2.0,1.0,A01,138Â 199Â 037,1.0
1015439,201900056970,6,14,17:15,1,2,4,1.0,4.0,75115,PORTE DE SEVRES,M,"48,8348380","2,2739400",75,2019,70.0,1.0,1.0,4.0,2270928,1.0,1,4,1,0.0,,0.0,0,1976.0,B01,138Â 199Â 038,1.0,0.0,-1.0,1733358,3.0,7,,0.0,2.0,4.0,B01,138Â 199Â 038,1.0
1015439,201900056970,6,14,17:15,1,2,4,1.0,4.0,75115,PORTE DE SEVRES,M,"48,8348380","2,2739400",75,2019,70.0,1.0,1.0,4.0,2270928,1.0,1,4,1,0.0,,0.0,0,1976.0,B01,138Â 199Â 038,1.0,0.0,-1.0,1733359,3.0,7,,0.0,2.0,4.0,C01,138Â 199Â 039,1.0
1015439,201900056970,6,14,17:15,1,2,4,1.0,4.0,75115,PORTE DE SEVRES,M,"48,8348380","2,2739400",75,2019,70.0,1.0,1.0,4.0,2270929,1.0,1,4,2,4.0,,0.0,0,1975.0,C01,138Â 199Â 039,1.0,0.0,-1.0,1733357,3.0,7,,0.0,2.0,1.0,A01,138Â 199Â 037,1.0
1015439,201900056970,6,14,17:15,1,2,4,1.0,4.0,75115,PORTE DE SEVRES,M,"48,8348380","2,2739400",75,2019,70.0,1.0,1.0,4.0,2270929,1.0,1,4,2,4.0,,0.0,0,1975.0,C01,138Â 199Â 039,1.0,0.0,-1.0,1733358,3.0,7,,0.0,2.0,4.0,B01,138Â 199Â 038,1.0
1015439,201900056970,6,14,17:15,1,2,4,1.0,4.0,75115,PORTE DE SEVRES,M,"48,8348380","2,2739400",75,2019,70.0,1.0,1.0,4.0,2270929,1.0,1,4,2,4.0,,0.0,0,1975.0,C01,138Â 199Â 039,1.0,0.0,-1.0,1733359,3.0,7,,0.0,2.0,4.0,C01,138Â 199Â 039,1.0
1015440,201900056971,6,11,19:10,1,2,2,2.0,7.0,75107,AVENUE DE LA MOTTE PICQUET,M,"48,8572790","2,3099620",75,2019,50.0,1.0,2.0,4.0,2270930,1.0,1,4,1,1.0,,0.0,0,1989.0,A01,138Â 199Â 036,2.0,6.0,-1.0,1733360,1.0,31,,0.0,0.0,0.0,A01,138Â 199Â 036,1.0
1015441,201900056972,6,8,18:05,1,2,2,2.0,6.0,75107,RUE CLER,M,"48,8565940","2,3065050",75,2019,30.0,1.0,2.0,4.0,2270931,10.0,3,4,1,0.0,,2.0,3,1947.0,A01,138Â 199Â 035,8.0,0.0,-1.0,1733361,2.0,7,,0.0,1.0,2.0,A01,138Â 199Â 035,2.0
1015441,201900056972,6,8,18:05,1,2,2,2.0,6.0,75107,RUE CLER,M,"48,8565940","2,3065050",75,2019,30.0,1.0,2.0,4.0,2270932,1.0,1,1,1,4.0,,0.0,0,1950.0,A01,138Â 199Â 035,1.0,0.0,-1.0,1733361,2.0,7,,0.0,1.0,2.0,A01,138Â 199Â 035,2.0
1015442,201900056973,6,6,21:40,5,2,2,1.0,3.0,75107,BOULEVARD DES INVALIDES,M,"48,8469630","2,3167650",75,2019,50.0,1.0,1.0,4.0,2270933,1.0,1,4,1,0.0,,0.0,0,1994.0,A01,138Â 199Â 033,2.0,8.0,-1.0,1733362,3.0,30,,0.0,2.0,4.0,A01,138Â 199Â 033,1.0
1015442,201900056973,6,6,21:40,5,2,2,1.0,3.0,75107,BOULEVARD DES INVALIDES,M,"48,8469630","2,3167650",75,2019,50.0,1.0,1.0,4.0,2270933,1.0,1,4,1,0.0,,0.0,0,1994.0,A01,138Â 199Â 033,2.0,8.0,-1.0,1733363,3.0,30,,0.0,2.0,1.0,B01,138Â 199Â 034,1.0
1015442,201900056973,6,6,21:40,5,2,2,1.0,3.0,75107,BOULEVARD DES INVALIDES,M,"48,8469630","2,3167650",75,2019,50.0,1.0,1.0,4.0,2270934,1.0,1,4,1,0.0,,0.0,0,1985.0,B01,138Â 199Â 034,2.0,8.0,-1.0,1733362,3.0,30,,0.0,2.0,4.0,A01,138Â 199Â 033,1.0
1015442,201900056973,6,6,21:40,5,2,2,1.0,3.0,75107,BOULEVARD DES INVALIDES,M,"48,8469630","2,3167650",75,2019,50.0,1.0,1.0,4.0,2270934,1.0,1,4,1,0.0,,0.0,0,1985.0,B01,138Â 199Â 034,2.0,8.0,-1.0,1733363,3.0,30,,0.0,2.0,1.0,B01,138Â 199Â 034,1.0
1015443,201900056974,6,6,13:05,1,2,3,1.0,3.0,75107,RUE DE SAINT SIMON,M,"48,8556520","2,3234160",75,2019,50.0,1.0,1.0,4.0,2270935,1.0,1,4,1,4.0,,0.0,0,1977.0,A01,138Â 199Â 031,2.0,0.0,-1.0,1733364,1.0,30,,0.0,2.0,1.0,A01,138Â 199Â 031,1.0
1015443,201900056974,6,6,13:05,1,2,3,1.0,3.0,75107,RUE DE SAINT SIMON,M,"48,8556520","2,3234160",75,2019,50.0,1.0,1.0,4.0,2270935,1.0,1,4,1,4.0,,0.0,0,1977.0,A01,138Â 199Â 031,2.0,0.0,-1.0,1733365,1.0,10,,0.0,2.0,3.0,B01,138Â 199Â 032,1.0
1015443,201900056974,6,6,13:05,1,2,3,1.0,3.0,75107,RUE DE SAINT SIMON,M,"48,8556520","2,3234160",75,2019,50.0,1.0,1.0,4.0,2270936,1.0,1,1,1,0.0,,0.0,0,1971.0,B01,138Â 199Â 032,1.0,0.0,-1.0,1733364,1.0,30,,0.0,2.0,1.0,A01,138Â 199Â 031,1.0
1015443,201900056974,6,6,13:05,1,2,3,1.0,3.0,75107,RUE DE SAINT SIMON,M,"48,8556520","2,3234160",75,2019,50.0,1.0,1.0,4.0,2270936,1.0,1,1,1,0.0,,0.0,0,1971.0,B01,138Â 199Â 032,1.0,0.0,-1.0,1733365,1.0,10,,0.0,2.0,3.0,B01,138Â 199Â 032,1.0
1015444,201900056975,6,5,16:01,1,2,1,2.0,4.0,75107,BOULEVARD DES INVALIDES,M,"48,8546490","2,3148370",75,2019,50.0,1.0,2.0,4.0,2270937,1.0,1,1,2,9.0,,0.0,0,1983.0,C01,138Â 199Â 028,1.0,0.0,-1.0,1733366,1.0,7,,0.0,2.0,1.0,C01,138Â 199Â 028,1.0
1015444,201900056975,6,5,16:01,1,2,1,2.0,4.0,75107,BOULEVARD DES INVALIDES,M,"48,8546490","2,3148370",75,2019,50.0,1.0,2.0,4.0,2270937,1.0,1,1,2,9.0,,0.0,0,1983.0,C01,138Â 199Â 028,1.0,0.0,-1.0,1733367,1.0,7,,0.0,2.0,1.0,B01,138Â 199Â 029,1.0
1015444,201900056975,6,5,16:01,1,2,1,2.0,4.0,75107,BOULEVARD DES INVALIDES,M,"48,8546490","2,3148370",75,2019,50.0,1.0,2.0,4.0,2270937,1.0,1,1,2,9.0,,0.0,0,1983.0,C01,138Â 199Â 028,1.0,0.0,-1.0,1733368,1.0,7,,0.0,2.0,6.0,A01,138Â 199Â 030,1.0
1015444,201900056975,6,5,16:01,1,2,1,2.0,4.0,75107,BOULEVARD DES INVALIDES,M,"48,8546490","2,3148370",75,2019,50.0,1.0,2.0,4.0,2270938,4.0,2,4,2,0.0,,0.0,0,1981.0,B01,138Â 199Â 029,1.0,0.0,-1.0,1733366,1.0,7,,0.0,2.0,1.0,C01,138Â 199Â 028,1.0
1015444,201900056975,6,5,16:01,1,2,1,2.0,4.0,75107,BOULEVARD DES INVALIDES,M,"48,8546490","2,3148370",75,2019,50.0,1.0,2.0,4.0,2270938,4.0,2,4,2,0.0,,0.0,0,1981.0,B01,138Â 199Â 029,1.0,0.0,-1.0,1733367,1.0,7,,0.0,2.0,1.0,B01,138Â 199Â 029,1.0
1015444,201900056975,6,5,16:01,1,2,1,2.0,4.0,75107,BOULEVARD DES INVALIDES,M,"48,8546490","2,3148370",75,2019,50.0,1.0,2.0,4.0,2270938,4.0,2,4,2,0.0,,0.0,0,1981.0,B01,138Â 199Â 029,1.0,0.0,-1.0,1733368,1.0,7,,0.0,2.0,6.0,A01,138Â 199Â 030,1.0
1015444,201900056975,6,5,16:01,1,2,1,2.0,4.0,75107,BOULEVARD DES INVALIDES,M,"48,8546490","2,3148370",75,2019,50.0,1.0,2.0,4.0,2270939,1.0,1,1,1,0.0,,0.0,0,1992.0,B01,138Â 199Â 029,1.0,0.0,-1.0,1733366,1.0,7,,0.0,2.0,1.0,C01,138Â 199Â 028,1.0
1015444,201900056975,6,5,16:01,1,2,1,2.0,4.0,75107,BOULEVARD DES INVALIDES,M,"48,8546490","2,3148370",75,2019,50.0,1.0,2.0,4.0,2270939,1.0,1,1,1,0.0,,0.0,0,1992.0,B01,138Â 199Â 029,1.0,0.0,-1.0,1733367,1.0,7,,0.0,2.0,1.0,B01,138Â 199Â 029,1.0
1015444,201900056975,6,5,16:01,1,2,1,2.0,4.0,75107,BOULEVARD DES INVALIDES,M,"48,8546490","2,3148370",75,2019,50.0,1.0,2.0,4.0,2270939,1.0,1,1,1,0.0,,0.0,0,1992.0,B01,138Â 199Â 029,1.0,0.0,-1.0,1733368,1.0,7,,0.0,2.0,6.0,A01,138Â 199Â 030,1.0
1015444,201900056975,6,5,16:01,1,2,1,2.0,4.0,75107,BOULEVARD DES INVALIDES,M,"48,8546490","2,3148370",75,2019,50.0,1.0,2.0,4.0,2270940,1.0,1,1,1,9.0,,0.0,0,1977.0,A01,138Â 199Â 030,1.0,8.0,-1.0,1733366,1.0,7,,0.0,2.0,1.0,C01,138Â 199Â 028,1.0
1015444,201900056975,6,5,16:01,1,2,1,2.0,4.0,75107,BOULEVARD DES INVALIDES,M,"48,8546490","2,3148370",75,2019,50.0,1.0,2.0,4.0,2270940,1.0,1,1,1,9.0,,0.0,0,1977.0,A01,138Â 199Â 030,1.0,8.0,-1.0,1733367,1.0,7,,0.0,2.0,1.0,B01,138Â 199Â 029,1.0
1015444,201900056975,6,5,16:01,1,2,1,2.0,4.0,75107,BOULEVARD DES INVALIDES,M,"48,8546490","2,3148370",75,2019,50.0,1.0,2.0,4.0,2270940,1.0,1,1,1,9.0,,0.0,0,1977.0,A01,138Â 199Â 030,1.0,8.0,-1.0,1733368,1.0,7,,0.0,2.0,6.0,A01,138Â 199Â 030,1.0
1015445,201900056976,6,1,20:15,1,2,2,1.0,3.0,75107,QUAI D ORSAY,M,"48,8625980","2,3104430",75,2019,50.0,1.0,1.0,4.0,2270941,1.0,1,1,1,4.0,,0.0,0,1984.0,B01,138Â 199Â 026,1.0,0.0,-1.0,1733369,2.0,7,,0.0,2.0,2.0,B01,138Â 199Â 026,2.0
1015445,201900056976,6,1,20:15,1,2,2,1.0,3.0,75107,QUAI D ORSAY,M,"48,8625980","2,3104430",75,2019,50.0,1.0,1.0,4.0,2270941,1.0,1,1,1,4.0,,0.0,0,1984.0,B01,138Â 199Â 026,1.0,0.0,-1.0,1733370,2.0,50,,0.0,2.0,7.0,A01,138Â 199Â 027,3.0