Unnamed: 0_x,num_acc,mois,jour,hrmn,lum,agg,int,atm,col,com,adr,gps,lat,long,dep,annee,vma,situ,surf,catr,Unnamed: 0_y,place,catu,grav,sexe,trajet,secu,locp,actp,an_nais,num_veh_x,id_vehicule_x,secu1,secu2,secu3,Unnamed: 0,senc,catv,occutc,obs,obsm,choc,num_veh_y,id_vehicule_y,motor
1015445,201900056976,6,1,20:15,1,2,2,1.0,3.0,75107,QUAI D ORSAY,M,"48,8625980","2,3104430",75,2019,50.0,1.0,1.0,4.0,2270942,2.0,2,4,2,5.0,,0.0,0,1995.0,A01,138Â 199Â 027,8.0,0.0,-1.0,1733369,2.0,7,,0.0,2.0,2.0,B01,138Â 199Â 026,2.0
1015445,201900056976,6,1,20:15,1,2,2,1.0,3.0,75107,QUAI D ORSAY,M,"48,8625980","2,3104430",75,2019,50.0,1.0,1.0,4.0,2270942,2.0,2,4,2,5.0,,0.0,0,1995.0,A01,138Â 199Â 027,8.0,0.0,-1.0,1733370,2.0,50,,0.0,2.0,7.0,A01,138Â 199Â 027,3.0
1015445,201900056976,6,1,20:15,1,2,2,1.0,3.0,75107,QUAI D ORSAY,M,"48,8625980","2,3104430",75,2019,50.0,1.0,1.0,4.0,2270943,1.0,1,4,2,5.0,,0.0,0,1993.0,A01,138Â 199Â 027,8.0,0.0,-1.0,1733369,2.0,7,,0.0,2.0,2.0,B01,138Â 199Â 026,2.0
1015445,201900056976,6,1,20:15,1,2,2,1.0,3.0,75107,QUAI D ORSAY,M,"48,8625980","2,3104430",75,2019,50.0,1.0,1.0,4.0,2270943,1.0,1,4,2,5.0,,0.0,0,1993.0,A01,138Â 199Â 027,8.0,0.0,-1.0,1733370,2.0,50,,0.0,2.0,7.0,A01,138Â 199Â 027,3.0
1015446,201900056977,6,1,17:18,1,2,3,1.0,2.0,75107,BOULEVARD DES INVALIDES,M,"48,8536890","2,3147410",75,2019,50.0,1.0,1.0,4.0,2270944,1.0,1,4,1,0.0,,0.0,0,1998.0,A01,138Â 199Â 024,2.0,6.0,-1.0,1733371,0.0,33,,0.0,2.0,1.0,A01,138Â 199Â 024,1.0
1015446,201900056977,6,1,17:18,1,2,3,1.0,2.0,75107,BOULEVARD DES INVALIDES,M,"48,8536890","2,3147410",75,2019,50.0,1.0,1.0,4.0,2270944,1.0,1,4,1,0.0,,0.0,0,1998.0,A01,138Â 199Â 024,2.0,6.0,-1.0,1733372,0.0,7,,0.0,2.0,4.0,B01,138Â 199Â 025,1.0
1015446,201900056977,6,1,17:18,1,2,3,1.0,2.0,75107,BOULEVARD DES INVALIDES,M,"48,8536890","2,3147410",75,2019,50.0,1.0,1.0,4.0,2270945,1.0,1,1,2,0.0,,0.0,0,1972.0,B01,138Â 199Â 025,1.0,0.0,-1.0,1733371,0.0,33,,0.0,2.0,1.0,A01,138Â 199Â 024,1.0
1015446,201900056977,6,1,17:18,1,2,3,1.0,2.0,75107,BOULEVARD DES INVALIDES,M,"48,8536890","2,3147410",75,2019,50.0,1.0,1.0,4.0,2270945,1.0,1,1,2,0.0,,0.0,0,1972.0,B01,138Â 199Â 025,1.0,0.0,-1.0,1733372,0.0,7,,0.0,2.0,4.0,B01,138Â 199Â 025,1.0
1015447,201900056978,6,19,16:20,1,2,2,1.0,3.0,75104,PONT DE SULLY,M,"48,8507810","2,3614280",75,2019,50.0,1.0,1.0,4.0,2270946,1.0,1,4,2,5.0,,0.0,0,1958.0,A01,138Â 199Â 022,0.0,0.0,-1.0,1733373,3.0,50,,0.0,2.0,3.0,A01,138Â 199Â 022,3.0
1015447,201900056978,6,19,16:20,1,2,2,1.0,3.0,75104,PONT DE SULLY,M,"48,8507810","2,3614280",75,2019,50.0,1.0,1.0,4.0,2270946,1.0,1,4,2,5.0,,0.0,0,1958.0,A01,138Â 199Â 022,0.0,0.0,-1.0,1733374,3.0,10,,0.0,2.0,2.0,B01,138Â 199Â 023,1.0
1015447,201900056978,6,19,16:20,1,2,2,1.0,3.0,75104,PONT DE SULLY,M,"48,8507810","2,3614280",75,2019,50.0,1.0,1.0,4.0,2270947,1.0,1,1,1,4.0,,0.0,0,1983.0,B01,138Â 199Â 023,1.0,0.0,-1.0,1733373,3.0,50,,0.0,2.0,3.0,A01,138Â 199Â 022,3.0
1015447,201900056978,6,19,16:20,1,2,2,1.0,3.0,75104,PONT DE SULLY,M,"48,8507810","2,3614280",75,2019,50.0,1.0,1.0,4.0,2270947,1.0,1,1,1,4.0,,0.0,0,1983.0,B01,138Â 199Â 023,1.0,0.0,-1.0,1733374,3.0,10,,0.0,2.0,2.0,B01,138Â 199Â 023,1.0
1015448,201900056979,6,18,15:10,1,2,1,1.0,6.0,75104,RUE DE LA CITE,M,"48,8536510","2,3471350",75,2019,50.0,1.0,1.0,4.0,2270948,1.0,1,4,1,5.0,,0.0,0,1951.0,A01,138Â 199Â 021,1.0,0.0,-1.0,1733375,1.0,3,,1.0,0.0,1.0,A01,138Â 199Â 021,1.0
1015449,201900056980,6,17,13:25,1,2,2,1.0,3.0,75102,RUE DU QUATRE SEPTEMBRE,M,"48,8695420","2,3367880",75,2019,50.0,6.0,1.0,4.0,2270949,1.0,1,4,1,4.0,,0.0,0,1991.0,B01,138Â 199Â 019,8.0,0.0,-1.0,1733376,2.0,1,,0.0,2.0,1.0,B01,138Â 199Â 019,5.0
1015449,201900056980,6,17,13:25,1,2,2,1.0,3.0,75102,RUE DU QUATRE SEPTEMBRE,M,"48,8695420","2,3367880",75,2019,50.0,6.0,1.0,4.0,2270949,1.0,1,4,1,4.0,,0.0,0,1991.0,B01,138Â 199Â 019,8.0,0.0,-1.0,1733377,2.0,10,,0.0,2.0,3.0,A01,138Â 199Â 020,1.0
1015449,201900056980,6,17,13:25,1,2,2,1.0,3.0,75102,RUE DU QUATRE SEPTEMBRE,M,"48,8695420","2,3367880",75,2019,50.0,6.0,1.0,4.0,2270950,1.0,1,1,1,4.0,,0.0,0,1968.0,A01,138Â 199Â 020,8.0,0.0,-1.0,1733376,2.0,1,,0.0,2.0,1.0,B01,138Â 199Â 019,5.0
1015449,201900056980,6,17,13:25,1,2,2,1.0,3.0,75102,RUE DU QUATRE SEPTEMBRE,M,"48,8695420","2,3367880",75,2019,50.0,6.0,1.0,4.0,2270950,1.0,1,1,1,4.0,,0.0,0,1968.0,A01,138Â 199Â 020,8.0,0.0,-1.0,1733377,2.0,10,,0.0,2.0,3.0,A01,138Â 199Â 020,1.0
1015450,201900056981,6,17,09:53,1,2,3,1.0,3.0,75104,RUE SAINT ANTOINE,M,"48,8539470","2,3647480",75,2019,50.0,5.0,1.0,4.0,2270951,1.0,1,1,2,4.0,,0.0,0,1960.0,A01,138Â 199Â 017,8.0,0.0,-1.0,1733378,1.0,7,,0.0,2.0,7.0,A01,138Â 199Â 017,0.0
1015450,201900056981,6,17,09:53,1,2,3,1.0,3.0,75104,RUE SAINT ANTOINE,M,"48,8539470","2,3647480",75,2019,50.0,5.0,1.0,4.0,2270951,1.0,1,1,2,4.0,,0.0,0,1960.0,A01,138Â 199Â 017,8.0,0.0,-1.0,1733379,2.0,1,,0.0,2.0,1.0,B01,138Â 199Â 018,5.0
1015450,201900056981,6,17,09:53,1,2,3,1.0,3.0,75104,RUE SAINT ANTOINE,M,"48,8539470","2,3647480",75,2019,50.0,5.0,1.0,4.0,2270952,1.0,1,4,2,1.0,,0.0,0,1956.0,B01,138Â 199Â 018,2.0,8.0,-1.0,1733378,1.0,7,,0.0,2.0,7.0,A01,138Â 199Â 017,0.0
1015450,201900056981,6,17,09:53,1,2,3,1.0,3.0,75104,RUE SAINT ANTOINE,M,"48,8539470","2,3647480",75,2019,50.0,5.0,1.0,4.0,2270952,1.0,1,4,2,1.0,,0.0,0,1956.0,B01,138Â 199Â 018,2.0,8.0,-1.0,1733379,2.0,1,,0.0,2.0,1.0,B01,138Â 199Â 018,5.0
1015451,201900056982,6,15,18:45,1,2,2,1.0,3.0,75104,RUE MORNAY,M,"48,8495110","2,3656530",75,2019,50.0,1.0,1.0,4.0,2270953,1.0,1,1,2,9.0,,0.0,0,1984.0,A01,138Â 199Â 015,1.0,8.0,-1.0,1733380,2.0,7,,0.0,2.0,2.0,A01,138Â 199Â 015,1.0
1015451,201900056982,6,15,18:45,1,2,2,1.0,3.0,75104,RUE MORNAY,M,"48,8495110","2,3656530",75,2019,50.0,1.0,1.0,4.0,2270953,1.0,1,1,2,9.0,,0.0,0,1984.0,A01,138Â 199Â 015,1.0,8.0,-1.0,1733381,1.0,7,,0.0,2.0,1.0,B01,138Â 199Â 016,1.0
1015451,201900056982,6,15,18:45,1,2,2,1.0,3.0,75104,RUE MORNAY,M,"48,8495110","2,3656530",75,2019,50.0,1.0,1.0,4.0,2270954,1.0,1,4,1,5.0,,0.0,0,1993.0,B01,138Â 199Â 016,1.0,8.0,-1.0,1733380,2.0,7,,0.0,2.0,2.0,A01,138Â 199Â 015,1.0
1015451,201900056982,6,15,18:45,1,2,2,1.0,3.0,75104,RUE MORNAY,M,"48,8495110","2,3656530",75,2019,50.0,1.0,1.0,4.0,2270954,1.0,1,4,1,5.0,,0.0,0,1993.0,B01,138Â 199Â 016,1.0,8.0,-1.0,1733381,1.0,7,,0.0,2.0,1.0,B01,138Â 199Â 016,1.0
1015451,201900056982,6,15,18:45,1,2,2,1.0,3.0,75104,RUE MORNAY,M,"48,8495110","2,3656530",75,2019,50.0,1.0,1.0,4.0,2270955,2.0,2,1,2,5.0,,0.0,0,1993.0,B01,138Â 199Â 016,1.0,8.0,-1.0,1733380,2.0,7,,0.0,2.0,2.0,A01,138Â 199Â 015,1.0
1015451,201900056982,6,15,18:45,1,2,2,1.0,3.0,75104,RUE MORNAY,M,"48,8495110","2,3656530",75,2019,50.0,1.0,1.0,4.0,2270955,2.0,2,1,2,5.0,,0.0,0,1993.0,B01,138Â 199Â 016,1.0,8.0,-1.0,1733381,1.0,7,,0.0,2.0,1.0,B01,138Â 199Â 016,1.0
1015452,201900056983,6,14,10:15,1,2,3,1.0,3.0,75104,AVENUE VICTORIA,M,"48,8575040","2,3485920",75,2019,50.0,1.0,1.0,4.0,2270956,1.0,1,4,1,1.0,,0.0,0,1981.0,B01,138Â 199Â 013,2.0,6.0,-1.0,1733382,2.0,32,,0.0,2.0,3.0,B01,138Â 199Â 013,1.0
1015452,201900056983,6,14,10:15,1,2,3,1.0,3.0,75104,AVENUE VICTORIA,M,"48,8575040","2,3485920",75,2019,50.0,1.0,1.0,4.0,2270956,1.0,1,4,1,1.0,,0.0,0,1981.0,B01,138Â 199Â 013,2.0,6.0,-1.0,1733383,2.0,7,,0.0,2.0,7.0,A01,138Â 199Â 014,1.0
1015452,201900056983,6,14,10:15,1,2,3,1.0,3.0,75104,AVENUE VICTORIA,M,"48,8575040","2,3485920",75,2019,50.0,1.0,1.0,4.0,2270957,1.0,1,1,1,5.0,,0.0,0,1990.0,A01,138Â 199Â 014,1.0,0.0,-1.0,1733382,2.0,32,,0.0,2.0,3.0,B01,138Â 199Â 013,1.0
1015452,201900056983,6,14,10:15,1,2,3,1.0,3.0,75104,AVENUE VICTORIA,M,"48,8575040","2,3485920",75,2019,50.0,1.0,1.0,4.0,2270957,1.0,1,1,1,5.0,,0.0,0,1990.0,A01,138Â 199Â 014,1.0,0.0,-1.0,1733383,2.0,7,,0.0,2.0,7.0,A01,138Â 199Â 014,1.0
1015453,201900056984,6,14,09:09,1,2,7,1.0,5.0,75101,PLACE VENDOME,M,"48,8673620","2,3300750",75,2019,30.0,1.0,1.0,4.0,2270958,1.0,1,4,1,5.0,,0.0,0,1992.0,A01,138Â 199Â 010,2.0,6.0,-1.0,1733384,1.0,34,,1.0,2.0,1.0,A01,138Â 199Â 010,1.0
1015453,201900056984,6,14,09:09,1,2,7,1.0,5.0,75101,PLACE VENDOME,M,"48,8673620","2,3300750",75,2019,30.0,1.0,1.0,4.0,2270958,1.0,1,4,1,5.0,,0.0,0,1992.0,A01,138Â 199Â 010,2.0,6.0,-1.0,1733385,1.0,7,,0.0,2.0,6.0,C01,138Â 199Â 011,1.0
1015453,201900056984,6,14,09:09,1,2,7,1.0,5.0,75101,PLACE VENDOME,M,"48,8673620","2,3300750",75,2019,30.0,1.0,1.0,4.0,2270958,1.0,1,4,1,5.0,,0.0,0,1992.0,A01,138Â 199Â 010,2.0,6.0,-1.0,1733386,1.0,10,,0.0,2.0,2.0,B01,138Â 199Â 012,1.0
1015453,201900056984,6,14,09:09,1,2,7,1.0,5.0,75101,PLACE VENDOME,M,"48,8673620","2,3300750",75,2019,30.0,1.0,1.0,4.0,2270959,1.0,1,1,2,5.0,,0.0,0,1967.0,C01,138Â 199Â 011,1.0,0.0,-1.0,1733384,1.0,34,,1.0,2.0,1.0,A01,138Â 199Â 010,1.0
1015453,201900056984,6,14,09:09,1,2,7,1.0,5.0,75101,PLACE VENDOME,M,"48,8673620","2,3300750",75,2019,30.0,1.0,1.0,4.0,2270959,1.0,1,1,2,5.0,,0.0,0,1967.0,C01,138Â 199Â 011,1.0,0.0,-1.0,1733385,1.0,7,,0.0,2.0,6.0,C01,138Â 199Â 011,1.0
1015453,201900056984,6,14,09:09,1,2,7,1.0,5.0,75101,PLACE VENDOME,M,"48,8673620","2,3300750",75,2019,30.0,1.0,1.0,4.0,2270959,1.0,1,1,2,5.0,,0.0,0,1967.0,C01,138Â 199Â 011,1.0,0.0,-1.0,1733386,1.0,10,,0.0,2.0,2.0,B01,138Â 199Â 012,1.0
1015453,201900056984,6,14,09:09,1,2,7,1.0,5.0,75101,PLACE VENDOME,M,"48,8673620","2,3300750",75,2019,30.0,1.0,1.0,4.0,2270960,1.0,1,1,1,5.0,,0.0,0,1989.0,B01,138Â 199Â 012,1.0,0.0,-1.0,1733384,1.0,34,,1.0,2.0,1.0,A01,138Â 199Â 010,1.0
1015453,201900056984,6,14,09:09,1,2,7,1.0,5.0,75101,PLACE VENDOME,M,"48,8673620","2,3300750",75,2019,30.0,1.0,1.0,4.0,2270960,1.0,1,1,1,5.0,,0.0,0,1989.0,B01,138Â 199Â 012,1.0,0.0,-1.0,1733385,1.0,7,,0.0,2.0,6.0,C01,138Â 199Â 011,1.0
1015453,201900056984,6,14,09:09,1,2,7,1.0,5.0,75101,PLACE VENDOME,M,"48,8673620","2,3300750",75,2019,30.0,1.0,1.0,4.0,2270960,1.0,1,1,1,5.0,,0.0,0,1989.0,B01,138Â 199Â 012,1.0,0.0,-1.0,1733386,1.0,10,,0.0,2.0,2.0,B01,138Â 199Â 012,1.0
1015454,201900056985,6,7,20:20,2,2,1,8.0,3.0,75104,BOULEVARD HENRI IV,M,"48,8524380","2,3669390",75,2019,10.0,5.0,2.0,4.0,2270961,1.0,1,1,1,4.0,,0.0,0,1953.0,B01,138Â 199Â 008,1.0,0.0,-1.0,1733387,1.0,7,,0.0,2.0,7.0,B01,138Â 199Â 008,1.0
1015454,201900056985,6,7,20:20,2,2,1,8.0,3.0,75104,BOULEVARD HENRI IV,M,"48,8524380","2,3669390",75,2019,10.0,5.0,2.0,4.0,2270961,1.0,1,1,1,4.0,,0.0,0,1953.0,B01,138Â 199Â 008,1.0,0.0,-1.0,1733388,1.0,33,,0.0,2.0,7.0,A01,138Â 199Â 009,1.0
1015454,201900056985,6,7,20:20,2,2,1,8.0,3.0,75104,BOULEVARD HENRI IV,M,"48,8524380","2,3669390",75,2019,10.0,5.0,2.0,4.0,2270962,2.0,1,4,1,5.0,,0.0,0,1983.0,A01,138Â 199Â 009,2.0,6.0,-1.0,1733387,1.0,7,,0.0,2.0,7.0,B01,138Â 199Â 008,1.0
1015454,201900056985,6,7,20:20,2,2,1,8.0,3.0,75104,BOULEVARD HENRI IV,M,"48,8524380","2,3669390",75,2019,10.0,5.0,2.0,4.0,2270962,2.0,1,4,1,5.0,,0.0,0,1983.0,A01,138Â 199Â 009,2.0,6.0,-1.0,1733388,1.0,33,,0.0,2.0,7.0,A01,138Â 199Â 009,1.0
1015455,201900056986,6,5,07:00,1,2,2,2.0,3.0,75104,RUE CRILLON,M,"48,8495160","2,3656420",75,2019,50.0,1.0,2.0,4.0,2270963,1.0,1,1,1,4.0,,0.0,0,1980.0,B01,138Â 199Â 006,1.0,0.0,-1.0,1733389,2.0,10,,0.0,2.0,2.0,B01,138Â 199Â 006,0.0
1015455,201900056986,6,5,07:00,1,2,2,2.0,3.0,75104,RUE CRILLON,M,"48,8495160","2,3656420",75,2019,50.0,1.0,2.0,4.0,2270963,1.0,1,1,1,4.0,,0.0,0,1980.0,B01,138Â 199Â 006,1.0,0.0,-1.0,1733390,1.0,10,,0.0,2.0,3.0,A01,138Â 199Â 007,1.0
1015455,201900056986,6,5,07:00,1,2,2,2.0,3.0,75104,RUE CRILLON,M,"48,8495160","2,3656420",75,2019,50.0,1.0,2.0,4.0,2270964,2.0,2,1,1,4.0,,0.0,0,1989.0,B01,138Â 199Â 006,1.0,0.0,-1.0,1733389,2.0,10,,0.0,2.0,2.0,B01,138Â 199Â 006,0.0
1015455,201900056986,6,5,07:00,1,2,2,2.0,3.0,75104,RUE CRILLON,M,"48,8495160","2,3656420",75,2019,50.0,1.0,2.0,4.0,2270964,2.0,2,1,1,4.0,,0.0,0,1989.0,B01,138Â 199Â 006,1.0,0.0,-1.0,1733390,1.0,10,,0.0,2.0,3.0,A01,138Â 199Â 007,1.0
1015455,201900056986,6,5,07:00,1,2,2,2.0,3.0,75104,RUE CRILLON,M,"48,8495160","2,3656420",75,2019,50.0,1.0,2.0,4.0,2270965,1.0,1,4,1,4.0,,0.0,0,1995.0,A01,138Â 199Â 007,1.0,0.0,-1.0,1733389,2.0,10,,0.0,2.0,2.0,B01,138Â 199Â 006,0.0
1015455,201900056986,6,5,07:00,1,2,2,2.0,3.0,75104,RUE CRILLON,M,"48,8495160","2,3656420",75,2019,50.0,1.0,2.0,4.0,2270965,1.0,1,4,1,4.0,,0.0,0,1995.0,A01,138Â 199Â 007,1.0,0.0,-1.0,1733390,1.0,10,,0.0,2.0,3.0,A01,138Â 199Â 007,1.0
1015456,201900056987,6,4,19:30,1,2,2,1.0,3.0,75103,RUE PERREE,M,"48,8643840","2,3618140",75,2019,50.0,1.0,1.0,4.0,2270966,1.0,1,3,1,0.0,,0.0,0,1969.0,A01,138Â 199Â 004,0.0,0.0,-1.0,1733391,2.0,50,,0.0,2.0,1.0,A01,138Â 199Â 004,3.0
1015456,201900056987,6,4,19:30,1,2,2,1.0,3.0,75103,RUE PERREE,M,"48,8643840","2,3618140",75,2019,50.0,1.0,1.0,4.0,2270966,1.0,1,3,1,0.0,,0.0,0,1969.0,A01,138Â 199Â 004,0.0,0.0,-1.0,1733392,1.0,1,,0.0,2.0,0.0,B01,138Â 199Â 005,5.0
1015456,201900056987,6,4,19:30,1,2,2,1.0,3.0,75103,RUE PERREE,M,"48,8643840","2,3618140",75,2019,50.0,1.0,1.0,4.0,2270967,1.0,1,1,1,0.0,,0.0,0,1998.0,B01,138Â 199Â 005,2.0,0.0,-1.0,1733391,2.0,50,,0.0,2.0,1.0,A01,138Â 199Â 004,3.0
1015456,201900056987,6,4,19:30,1,2,2,1.0,3.0,75103,RUE PERREE,M,"48,8643840","2,3618140",75,2019,50.0,1.0,1.0,4.0,2270967,1.0,1,1,1,0.0,,0.0,0,1998.0,B01,138Â 199Â 005,2.0,0.0,-1.0,1733392,1.0,1,,0.0,2.0,0.0,B01,138Â 199Â 005,5.0
1015457,201900056988,6,3,17:20,1,2,1,1.0,6.0,75103,RUE RAMBUTEAU,M,"48,8610280","2,3540600",75,2019,50.0,4.0,1.0,4.0,2270968,10.0,3,4,2,5.0,,5.0,2,1967.0,Z01,138Â 199Â 003,0.0,0.0,0.0,1733393,2.0,7,,0.0,1.0,2.0,Z01,138Â 199Â 003,1.0
1015458,201900056989,6,1,19:05,1,2,7,1.0,6.0,75104,QUAI DE GESVRES,M,"48,8571790","2,3473330",75,2019,50.0,1.0,1.0,4.0,2270969,10.0,3,4,2,0.0,,4.0,3,1956.0,A01,138Â 199Â 002,8.0,0.0,-1.0,1733394,2.0,50,,0.0,1.0,1.0,A01,138Â 199Â 002,3.0
1015458,201900056989,6,1,19:05,1,2,7,1.0,6.0,75104,QUAI DE GESVRES,M,"48,8571790","2,3473330",75,2019,50.0,1.0,1.0,4.0,2270970,1.0,1,1,1,5.0,,0.0,0,2000.0,A01,138Â 199Â 002,0.0,0.0,-1.0,1733394,2.0,50,,0.0,1.0,1.0,A01,138Â 199Â 002,3.0
1015459,201900056990,6,1,11:20,1,2,7,1.0,2.0,75101,PLACE DU CHATELET,M,"48,8577120","2,3477530",75,2019,50.0,1.0,1.0,4.0,2270971,1.0,1,1,1,4.0,,0.0,0,1990.0,A01,138Â 199Â 000,1.0,0.0,-1.0,1733395,3.0,7,,0.0,2.0,4.0,A01,138Â 199Â 000,1.0
1015459,201900056990,6,1,11:20,1,2,7,1.0,2.0,75101,PLACE DU CHATELET,M,"48,8577120","2,3477530",75,2019,50.0,1.0,1.0,4.0,2270971,1.0,1,1,1,4.0,,0.0,0,1990.0,A01,138Â 199Â 000,1.0,0.0,-1.0,1733396,3.0,1,,0.0,2.0,4.0,B01,138Â 199Â 001,5.0
1015459,201900056990,6,1,11:20,1,2,7,1.0,2.0,75101,PLACE DU CHATELET,M,"48,8577120","2,3477530",75,2019,50.0,1.0,1.0,4.0,2270972,2.0,1,4,1,1.0,,0.0,0,1950.0,B01,138Â 199Â 001,8.0,0.0,-1.0,1733395,3.0,7,,0.0,2.0,4.0,A01,138Â 199Â 000,1.0
1015459,201900056990,6,1,11:20,1,2,7,1.0,2.0,75101,PLACE DU CHATELET,M,"48,8577120","2,3477530",75,2019,50.0,1.0,1.0,4.0,2270972,2.0,1,4,1,1.0,,0.0,0,1950.0,B01,138Â 199Â 001,8.0,0.0,-1.0,1733396,3.0,1,,0.0,2.0,4.0,B01,138Â 199Â 001,5.0
1015460,201900056991,5,31,14:00,1,2,1,1.0,6.0,75104,RUE BEAUTREILLIS,M,"48,8536020","2,3643680",75,2019,50.0,1.0,1.0,4.0,2270973,10.0,3,4,2,0.0,,2.0,3,1943.0,A01,138Â 198Â 999,8.0,0.0,-1.0,1733397,2.0,7,,0.0,1.0,4.0,A01,138Â 198Â 999,1.0
1015460,201900056991,5,31,14:00,1,2,1,1.0,6.0,75104,RUE BEAUTREILLIS,M,"48,8536020","2,3643680",75,2019,50.0,1.0,1.0,4.0,2270974,1.0,1,1,2,1.0,,0.0,0,1949.0,A01,138Â 198Â 999,1.0,0.0,-1.0,1733397,2.0,7,,0.0,1.0,4.0,A01,138Â 198Â 999,1.0
1015461,201900056992,6,17,17:20,1,2,3,1.0,3.0,75104,RUE DES BLANCS MANTEAUX,M,"48,8583380","2,3583320",75,2019,50.0,1.0,1.0,4.0,2270975,1.0,1,1,1,5.0,,0.0,0,1987.0,A01,138Â 198Â 997,1.0,0.0,-1.0,1733398,1.0,7,,0.0,2.0,2.0,A01,138Â 198Â 997,1.0
1015461,201900056992,6,17,17:20,1,2,3,1.0,3.0,75104,RUE DES BLANCS MANTEAUX,M,"48,8583380","2,3583320",75,2019,50.0,1.0,1.0,4.0,2270975,1.0,1,1,1,5.0,,0.0,0,1987.0,A01,138Â 198Â 997,1.0,0.0,-1.0,1733399,1.0,33,,0.0,2.0,8.0,B01,138Â 198Â 998,1.0
1015461,201900056992,6,17,17:20,1,2,3,1.0,3.0,75104,RUE DES BLANCS MANTEAUX,M,"48,8583380","2,3583320",75,2019,50.0,1.0,1.0,4.0,2270976,1.0,1,4,1,4.0,,0.0,0,1950.0,B01,138Â 198Â 998,2.0,6.0,-1.0,1733398,1.0,7,,0.0,2.0,2.0,A01,138Â 198Â 997,1.0
1015461,201900056992,6,17,17:20,1,2,3,1.0,3.0,75104,RUE DES BLANCS MANTEAUX,M,"48,8583380","2,3583320",75,2019,50.0,1.0,1.0,4.0,2270976,1.0,1,4,1,4.0,,0.0,0,1950.0,B01,138Â 198Â 998,2.0,6.0,-1.0,1733399,1.0,33,,0.0,2.0,8.0,B01,138Â 198Â 998,1.0
1015462,201900056993,7,9,09:35,1,2,3,1.0,2.0,13202,DAMES (BOULEVARD DES),M,"43,3025300","5,3697300",13,2019,50.0,1.0,1.0,4.0,2270977,1.0,1,1,1,0.0,,-1.0,0,1981.0,A01,138Â 198Â 995,1.0,0.0,-1.0,1733400,1.0,7,,0.0,2.0,4.0,A01,138Â 198Â 995,0.0
1015462,201900056993,7,9,09:35,1,2,3,1.0,2.0,13202,DAMES (BOULEVARD DES),M,"43,3025300","5,3697300",13,2019,50.0,1.0,1.0,4.0,2270977,1.0,1,1,1,0.0,,-1.0,0,1981.0,A01,138Â 198Â 995,1.0,0.0,-1.0,1733401,1.0,2,,0.0,2.0,1.0,B01,138Â 198Â 996,0.0
1015462,201900056993,7,9,09:35,1,2,3,1.0,2.0,13202,DAMES (BOULEVARD DES),M,"43,3025300","5,3697300",13,2019,50.0,1.0,1.0,4.0,2270978,1.0,1,4,1,0.0,,-1.0,0,1977.0,B01,138Â 198Â 996,2.0,0.0,-1.0,1733400,1.0,7,,0.0,2.0,4.0,A01,138Â 198Â 995,0.0
1015462,201900056993,7,9,09:35,1,2,3,1.0,2.0,13202,DAMES (BOULEVARD DES),M,"43,3025300","5,3697300",13,2019,50.0,1.0,1.0,4.0,2270978,1.0,1,4,1,0.0,,-1.0,0,1977.0,B01,138Â 198Â 996,2.0,0.0,-1.0,1733401,1.0,2,,0.0,2.0,1.0,B01,138Â 198Â 996,0.0
1015463,201900056994,7,9,21:05,1,1,1,1.0,2.0,94038,AUTOROUTE A6A,M,"48,7779900","2,3404700",94,2019,90.0,1.0,1.0,1.0,2270979,2.0,2,4,2,5.0,,-1.0,0,2000.0,B01,138Â 198Â 993,1.0,0.0,-1.0,1733402,2.0,7,,0.0,2.0,4.0,B01,138Â 198Â 993,1.0
1015463,201900056994,7,9,21:05,1,1,1,1.0,2.0,94038,AUTOROUTE A6A,M,"48,7779900","2,3404700",94,2019,90.0,1.0,1.0,1.0,2270979,2.0,2,4,2,5.0,,-1.0,0,2000.0,B01,138Â 198Â 993,1.0,0.0,-1.0,1733403,2.0,7,,0.0,2.0,1.0,A01,138Â 198Â 994,1.0
1015463,201900056994,7,9,21:05,1,1,1,1.0,2.0,94038,AUTOROUTE A6A,M,"48,7779900","2,3404700",94,2019,90.0,1.0,1.0,1.0,2270980,1.0,1,1,1,5.0,,-1.0,0,1997.0,B01,138Â 198Â 993,1.0,0.0,-1.0,1733402,2.0,7,,0.0,2.0,4.0,B01,138Â 198Â 993,1.0
1015463,201900056994,7,9,21:05,1,1,1,1.0,2.0,94038,AUTOROUTE A6A,M,"48,7779900","2,3404700",94,2019,90.0,1.0,1.0,1.0,2270980,1.0,1,1,1,5.0,,-1.0,0,1997.0,B01,138Â 198Â 993,1.0,0.0,-1.0,1733403,2.0,7,,0.0,2.0,1.0,A01,138Â 198Â 994,1.0
1015463,201900056994,7,9,21:05,1,1,1,1.0,2.0,94038,AUTOROUTE A6A,M,"48,7779900","2,3404700",94,2019,90.0,1.0,1.0,1.0,2270981,1.0,1,1,1,1.0,,-1.0,0,1999.0,A01,138Â 198Â 994,1.0,0.0,-1.0,1733402,2.0,7,,0.0,2.0,4.0,B01,138Â 198Â 993,1.0
1015463,201900056994,7,9,21:05,1,1,1,1.0,2.0,94038,AUTOROUTE A6A,M,"48,7779900","2,3404700",94,2019,90.0,1.0,1.0,1.0,2270981,1.0,1,1,1,1.0,,-1.0,0,1999.0,A01,138Â 198Â 994,1.0,0.0,-1.0,1733403,2.0,7,,0.0,2.0,1.0,A01,138Â 198Â 994,1.0
1015464,201900056995,7,10,20:50,5,2,1,1.0,6.0,97611,m'tsapere-Nationale 2 (route),M," -12,7938518","45,2188951",976,2019,50.0,1.0,1.0,2.0,2270982,10.0,3,4,2,0.0,,8.0,3,1986.0,A01,138Â 198Â 992,8.0,0.0,-1.0,1733404,1.0,30,,15.0,1.0,3.0,A01,138Â 198Â 992,6.0