Unnamed: 0_x,num_acc,mois,jour,hrmn,lum,agg,int,atm,col,com,adr,gps,lat,long,dep,annee,vma,situ,surf,catr,Unnamed: 0_y,place,catu,grav,sexe,trajet,secu,locp,actp,an_nais,num_veh_x,id_vehicule_x,secu1,secu2,secu3,Unnamed: 0,senc,catv,occutc,obs,obsm,choc,num_veh_y,id_vehicule_y,motor
1015464,201900056995,7,10,20:50,5,2,1,1.0,6.0,97611,m'tsapere-Nationale 2 (route),M," -12,7938518","45,2188951",976,2019,50.0,1.0,1.0,2.0,2270983,1.0,1,1,1,9.0,,-1.0,0,1982.0,A01,138Â 198Â 992,2.0,8.0,-1.0,1733404,1.0,30,,15.0,1.0,3.0,A01,138Â 198Â 992,6.0
1015464,201900056995,7,10,20:50,5,2,1,1.0,6.0,97611,m'tsapere-Nationale 2 (route),M," -12,7938518","45,2188951",976,2019,50.0,1.0,1.0,2.0,2270984,2.0,2,4,2,0.0,,-1.0,0,1977.0,A01,138Â 198Â 992,2.0,0.0,-1.0,1733404,1.0,30,,15.0,1.0,3.0,A01,138Â 198Â 992,6.0
1015465,201900056996,7,10,18:10,3,1,1,1.0,5.0,97416,RN2 (1),M," -21,3342300","55,4851100",974,2019,90.0,1.0,1.0,2.0,2270985,1.0,1,1,1,1.0,,-1.0, -1,1992.0,A01,138Â 198Â 987,1.0,8.0,-1.0,1733405,1.0,10,,0.0,2.0,3.0,A01,138Â 198Â 987,1.0
1015465,201900056996,7,10,18:10,3,1,1,1.0,5.0,97416,RN2 (1),M," -21,3342300","55,4851100",974,2019,90.0,1.0,1.0,2.0,2270985,1.0,1,1,1,1.0,,-1.0, -1,1992.0,A01,138Â 198Â 987,1.0,8.0,-1.0,1733406,2.0,7,,0.0,2.0,3.0,B01,138Â 198Â 988,1.0
1015465,201900056996,7,10,18:10,3,1,1,1.0,5.0,97416,RN2 (1),M," -21,3342300","55,4851100",974,2019,90.0,1.0,1.0,2.0,2270985,1.0,1,1,1,1.0,,-1.0, -1,1992.0,A01,138Â 198Â 987,1.0,8.0,-1.0,1733407,2.0,7,,0.0,2.0,1.0,C01,138Â 198Â 989,1.0
1015465,201900056996,7,10,18:10,3,1,1,1.0,5.0,97416,RN2 (1),M," -21,3342300","55,4851100",974,2019,90.0,1.0,1.0,2.0,2270985,1.0,1,1,1,1.0,,-1.0, -1,1992.0,A01,138Â 198Â 987,1.0,8.0,-1.0,1733408,2.0,7,,0.0,2.0,8.0,D01,138Â 198Â 990,1.0
1015465,201900056996,7,10,18:10,3,1,1,1.0,5.0,97416,RN2 (1),M," -21,3342300","55,4851100",974,2019,90.0,1.0,1.0,2.0,2270985,1.0,1,1,1,1.0,,-1.0, -1,1992.0,A01,138Â 198Â 987,1.0,8.0,-1.0,1733409,2.0,7,,0.0,2.0,8.0,E01,138Â 198Â 991,1.0
1015465,201900056996,7,10,18:10,3,1,1,1.0,5.0,97416,RN2 (1),M," -21,3342300","55,4851100",974,2019,90.0,1.0,1.0,2.0,2270986,1.0,1,3,2,9.0,,-1.0, -1,1991.0,B01,138Â 198Â 988,1.0,8.0,-1.0,1733405,1.0,10,,0.0,2.0,3.0,A01,138Â 198Â 987,1.0
1015465,201900056996,7,10,18:10,3,1,1,1.0,5.0,97416,RN2 (1),M," -21,3342300","55,4851100",974,2019,90.0,1.0,1.0,2.0,2270986,1.0,1,3,2,9.0,,-1.0, -1,1991.0,B01,138Â 198Â 988,1.0,8.0,-1.0,1733406,2.0,7,,0.0,2.0,3.0,B01,138Â 198Â 988,1.0
1015465,201900056996,7,10,18:10,3,1,1,1.0,5.0,97416,RN2 (1),M," -21,3342300","55,4851100",974,2019,90.0,1.0,1.0,2.0,2270986,1.0,1,3,2,9.0,,-1.0, -1,1991.0,B01,138Â 198Â 988,1.0,8.0,-1.0,1733407,2.0,7,,0.0,2.0,1.0,C01,138Â 198Â 989,1.0
1015465,201900056996,7,10,18:10,3,1,1,1.0,5.0,97416,RN2 (1),M," -21,3342300","55,4851100",974,2019,90.0,1.0,1.0,2.0,2270986,1.0,1,3,2,9.0,,-1.0, -1,1991.0,B01,138Â 198Â 988,1.0,8.0,-1.0,1733408,2.0,7,,0.0,2.0,8.0,D01,138Â 198Â 990,1.0
1015465,201900056996,7,10,18:10,3,1,1,1.0,5.0,97416,RN2 (1),M," -21,3342300","55,4851100",974,2019,90.0,1.0,1.0,2.0,2270986,1.0,1,3,2,9.0,,-1.0, -1,1991.0,B01,138Â 198Â 988,1.0,8.0,-1.0,1733409,2.0,7,,0.0,2.0,8.0,E01,138Â 198Â 991,1.0
1015465,201900056996,7,10,18:10,3,1,1,1.0,5.0,97416,RN2 (1),M," -21,3342300","55,4851100",974,2019,90.0,1.0,1.0,2.0,2270987,1.0,1,1,1,1.0,,-1.0, -1,1969.0,C01,138Â 198Â 989,1.0,8.0,-1.0,1733405,1.0,10,,0.0,2.0,3.0,A01,138Â 198Â 987,1.0
1015465,201900056996,7,10,18:10,3,1,1,1.0,5.0,97416,RN2 (1),M," -21,3342300","55,4851100",974,2019,90.0,1.0,1.0,2.0,2270987,1.0,1,1,1,1.0,,-1.0, -1,1969.0,C01,138Â 198Â 989,1.0,8.0,-1.0,1733406,2.0,7,,0.0,2.0,3.0,B01,138Â 198Â 988,1.0
1015465,201900056996,7,10,18:10,3,1,1,1.0,5.0,97416,RN2 (1),M," -21,3342300","55,4851100",974,2019,90.0,1.0,1.0,2.0,2270987,1.0,1,1,1,1.0,,-1.0, -1,1969.0,C01,138Â 198Â 989,1.0,8.0,-1.0,1733407,2.0,7,,0.0,2.0,1.0,C01,138Â 198Â 989,1.0
1015465,201900056996,7,10,18:10,3,1,1,1.0,5.0,97416,RN2 (1),M," -21,3342300","55,4851100",974,2019,90.0,1.0,1.0,2.0,2270987,1.0,1,1,1,1.0,,-1.0, -1,1969.0,C01,138Â 198Â 989,1.0,8.0,-1.0,1733408,2.0,7,,0.0,2.0,8.0,D01,138Â 198Â 990,1.0
1015465,201900056996,7,10,18:10,3,1,1,1.0,5.0,97416,RN2 (1),M," -21,3342300","55,4851100",974,2019,90.0,1.0,1.0,2.0,2270987,1.0,1,1,1,1.0,,-1.0, -1,1969.0,C01,138Â 198Â 989,1.0,8.0,-1.0,1733409,2.0,7,,0.0,2.0,8.0,E01,138Â 198Â 991,1.0
1015465,201900056996,7,10,18:10,3,1,1,1.0,5.0,97416,RN2 (1),M," -21,3342300","55,4851100",974,2019,90.0,1.0,1.0,2.0,2270988,1.0,1,1,2,0.0,,-1.0, -1,1991.0,D01,138Â 198Â 990,1.0,8.0,-1.0,1733405,1.0,10,,0.0,2.0,3.0,A01,138Â 198Â 987,1.0
1015465,201900056996,7,10,18:10,3,1,1,1.0,5.0,97416,RN2 (1),M," -21,3342300","55,4851100",974,2019,90.0,1.0,1.0,2.0,2270988,1.0,1,1,2,0.0,,-1.0, -1,1991.0,D01,138Â 198Â 990,1.0,8.0,-1.0,1733406,2.0,7,,0.0,2.0,3.0,B01,138Â 198Â 988,1.0
1015465,201900056996,7,10,18:10,3,1,1,1.0,5.0,97416,RN2 (1),M," -21,3342300","55,4851100",974,2019,90.0,1.0,1.0,2.0,2270988,1.0,1,1,2,0.0,,-1.0, -1,1991.0,D01,138Â 198Â 990,1.0,8.0,-1.0,1733407,2.0,7,,0.0,2.0,1.0,C01,138Â 198Â 989,1.0
1015465,201900056996,7,10,18:10,3,1,1,1.0,5.0,97416,RN2 (1),M," -21,3342300","55,4851100",974,2019,90.0,1.0,1.0,2.0,2270988,1.0,1,1,2,0.0,,-1.0, -1,1991.0,D01,138Â 198Â 990,1.0,8.0,-1.0,1733408,2.0,7,,0.0,2.0,8.0,D01,138Â 198Â 990,1.0
1015465,201900056996,7,10,18:10,3,1,1,1.0,5.0,97416,RN2 (1),M," -21,3342300","55,4851100",974,2019,90.0,1.0,1.0,2.0,2270988,1.0,1,1,2,0.0,,-1.0, -1,1991.0,D01,138Â 198Â 990,1.0,8.0,-1.0,1733409,2.0,7,,0.0,2.0,8.0,E01,138Â 198Â 991,1.0
1015465,201900056996,7,10,18:10,3,1,1,1.0,5.0,97416,RN2 (1),M," -21,3342300","55,4851100",974,2019,90.0,1.0,1.0,2.0,2270989,1.0,1,1,1,0.0,,-1.0, -1,1986.0,E01,138Â 198Â 991,1.0,8.0,-1.0,1733405,1.0,10,,0.0,2.0,3.0,A01,138Â 198Â 987,1.0
1015465,201900056996,7,10,18:10,3,1,1,1.0,5.0,97416,RN2 (1),M," -21,3342300","55,4851100",974,2019,90.0,1.0,1.0,2.0,2270989,1.0,1,1,1,0.0,,-1.0, -1,1986.0,E01,138Â 198Â 991,1.0,8.0,-1.0,1733406,2.0,7,,0.0,2.0,3.0,B01,138Â 198Â 988,1.0
1015465,201900056996,7,10,18:10,3,1,1,1.0,5.0,97416,RN2 (1),M," -21,3342300","55,4851100",974,2019,90.0,1.0,1.0,2.0,2270989,1.0,1,1,1,0.0,,-1.0, -1,1986.0,E01,138Â 198Â 991,1.0,8.0,-1.0,1733407,2.0,7,,0.0,2.0,1.0,C01,138Â 198Â 989,1.0
1015465,201900056996,7,10,18:10,3,1,1,1.0,5.0,97416,RN2 (1),M," -21,3342300","55,4851100",974,2019,90.0,1.0,1.0,2.0,2270989,1.0,1,1,1,0.0,,-1.0, -1,1986.0,E01,138Â 198Â 991,1.0,8.0,-1.0,1733408,2.0,7,,0.0,2.0,8.0,D01,138Â 198Â 990,1.0
1015465,201900056996,7,10,18:10,3,1,1,1.0,5.0,97416,RN2 (1),M," -21,3342300","55,4851100",974,2019,90.0,1.0,1.0,2.0,2270989,1.0,1,1,1,0.0,,-1.0, -1,1986.0,E01,138Â 198Â 991,1.0,8.0,-1.0,1733409,2.0,7,,0.0,2.0,8.0,E01,138Â 198Â 991,1.0
1015466,201900056997,7,7,06:25,2,1,1,1.0,5.0,97416,RN1 (ROUTE NATIONALE),M," -21,3314600","55,4588100",974,2019,110.0,1.0,1.0,2.0,2270990,1.0,1,1,1,9.0,,-1.0, -1,1994.0,C01,138Â 198Â 984,1.0,0.0,-1.0,1733410,1.0,7,,0.0,2.0,4.0,C01,138Â 198Â 984,1.0
1015466,201900056997,7,7,06:25,2,1,1,1.0,5.0,97416,RN1 (ROUTE NATIONALE),M," -21,3314600","55,4588100",974,2019,110.0,1.0,1.0,2.0,2270990,1.0,1,1,1,9.0,,-1.0, -1,1994.0,C01,138Â 198Â 984,1.0,0.0,-1.0,1733411,1.0,7,,0.0,2.0,1.0,B01,138Â 198Â 985,1.0
1015466,201900056997,7,7,06:25,2,1,1,1.0,5.0,97416,RN1 (ROUTE NATIONALE),M," -21,3314600","55,4588100",974,2019,110.0,1.0,1.0,2.0,2270990,1.0,1,1,1,9.0,,-1.0, -1,1994.0,C01,138Â 198Â 984,1.0,0.0,-1.0,1733412,1.0,7,,0.0,2.0,1.0,A01,138Â 198Â 986,1.0
1015466,201900056997,7,7,06:25,2,1,1,1.0,5.0,97416,RN1 (ROUTE NATIONALE),M," -21,3314600","55,4588100",974,2019,110.0,1.0,1.0,2.0,2270991,1.0,1,1,1,0.0,,-1.0, -1,1990.0,B01,138Â 198Â 985,1.0,0.0,-1.0,1733410,1.0,7,,0.0,2.0,4.0,C01,138Â 198Â 984,1.0
1015466,201900056997,7,7,06:25,2,1,1,1.0,5.0,97416,RN1 (ROUTE NATIONALE),M," -21,3314600","55,4588100",974,2019,110.0,1.0,1.0,2.0,2270991,1.0,1,1,1,0.0,,-1.0, -1,1990.0,B01,138Â 198Â 985,1.0,0.0,-1.0,1733411,1.0,7,,0.0,2.0,1.0,B01,138Â 198Â 985,1.0
1015466,201900056997,7,7,06:25,2,1,1,1.0,5.0,97416,RN1 (ROUTE NATIONALE),M," -21,3314600","55,4588100",974,2019,110.0,1.0,1.0,2.0,2270991,1.0,1,1,1,0.0,,-1.0, -1,1990.0,B01,138Â 198Â 985,1.0,0.0,-1.0,1733412,1.0,7,,0.0,2.0,1.0,A01,138Â 198Â 986,1.0
1015466,201900056997,7,7,06:25,2,1,1,1.0,5.0,97416,RN1 (ROUTE NATIONALE),M," -21,3314600","55,4588100",974,2019,110.0,1.0,1.0,2.0,2270992,2.0,2,1,2,0.0,,-1.0, -1,2002.0,B01,138Â 198Â 985,1.0,0.0,-1.0,1733410,1.0,7,,0.0,2.0,4.0,C01,138Â 198Â 984,1.0
1015466,201900056997,7,7,06:25,2,1,1,1.0,5.0,97416,RN1 (ROUTE NATIONALE),M," -21,3314600","55,4588100",974,2019,110.0,1.0,1.0,2.0,2270992,2.0,2,1,2,0.0,,-1.0, -1,2002.0,B01,138Â 198Â 985,1.0,0.0,-1.0,1733411,1.0,7,,0.0,2.0,1.0,B01,138Â 198Â 985,1.0
1015466,201900056997,7,7,06:25,2,1,1,1.0,5.0,97416,RN1 (ROUTE NATIONALE),M," -21,3314600","55,4588100",974,2019,110.0,1.0,1.0,2.0,2270992,2.0,2,1,2,0.0,,-1.0, -1,2002.0,B01,138Â 198Â 985,1.0,0.0,-1.0,1733412,1.0,7,,0.0,2.0,1.0,A01,138Â 198Â 986,1.0
1015466,201900056997,7,7,06:25,2,1,1,1.0,5.0,97416,RN1 (ROUTE NATIONALE),M," -21,3314600","55,4588100",974,2019,110.0,1.0,1.0,2.0,2270993,1.0,1,4,1,9.0,,-1.0, -1,1972.0,A01,138Â 198Â 986,1.0,0.0,-1.0,1733410,1.0,7,,0.0,2.0,4.0,C01,138Â 198Â 984,1.0
1015466,201900056997,7,7,06:25,2,1,1,1.0,5.0,97416,RN1 (ROUTE NATIONALE),M," -21,3314600","55,4588100",974,2019,110.0,1.0,1.0,2.0,2270993,1.0,1,4,1,9.0,,-1.0, -1,1972.0,A01,138Â 198Â 986,1.0,0.0,-1.0,1733411,1.0,7,,0.0,2.0,1.0,B01,138Â 198Â 985,1.0
1015466,201900056997,7,7,06:25,2,1,1,1.0,5.0,97416,RN1 (ROUTE NATIONALE),M," -21,3314600","55,4588100",974,2019,110.0,1.0,1.0,2.0,2270993,1.0,1,4,1,9.0,,-1.0, -1,1972.0,A01,138Â 198Â 986,1.0,0.0,-1.0,1733412,1.0,7,,0.0,2.0,1.0,A01,138Â 198Â 986,1.0
1015467,201900056998,7,10,12:50,1,2,2,1.0,3.0,97411,PISCINE (RUE DE LA),M," -20,8856800","55,4727700",974,2019,50.0,1.0,1.0,2.0,2270994,1.0,1,1,1,4.0,,-1.0, -1,1982.0,A01,138Â 198Â 982,1.0,8.0,-1.0,1733413,1.0,7,,0.0,2.0,2.0,A01,138Â 198Â 982,1.0
1015467,201900056998,7,10,12:50,1,2,2,1.0,3.0,97411,PISCINE (RUE DE LA),M," -20,8856800","55,4727700",974,2019,50.0,1.0,1.0,2.0,2270994,1.0,1,1,1,4.0,,-1.0, -1,1982.0,A01,138Â 198Â 982,1.0,8.0,-1.0,1733414,1.0,33,,0.0,2.0,1.0,B01,138Â 198Â 983,1.0
1015467,201900056998,7,10,12:50,1,2,2,1.0,3.0,97411,PISCINE (RUE DE LA),M," -20,8856800","55,4727700",974,2019,50.0,1.0,1.0,2.0,2270995,2.0,2,4,2,9.0,,-1.0, -1,1986.0,B01,138Â 198Â 983,2.0,8.0,-1.0,1733413,1.0,7,,0.0,2.0,2.0,A01,138Â 198Â 982,1.0
1015467,201900056998,7,10,12:50,1,2,2,1.0,3.0,97411,PISCINE (RUE DE LA),M," -20,8856800","55,4727700",974,2019,50.0,1.0,1.0,2.0,2270995,2.0,2,4,2,9.0,,-1.0, -1,1986.0,B01,138Â 198Â 983,2.0,8.0,-1.0,1733414,1.0,33,,0.0,2.0,1.0,B01,138Â 198Â 983,1.0
1015467,201900056998,7,10,12:50,1,2,2,1.0,3.0,97411,PISCINE (RUE DE LA),M," -20,8856800","55,4727700",974,2019,50.0,1.0,1.0,2.0,2270996,1.0,1,4,1,9.0,,-1.0, -1,1979.0,B01,138Â 198Â 983,2.0,8.0,-1.0,1733413,1.0,7,,0.0,2.0,2.0,A01,138Â 198Â 982,1.0
1015467,201900056998,7,10,12:50,1,2,2,1.0,3.0,97411,PISCINE (RUE DE LA),M," -20,8856800","55,4727700",974,2019,50.0,1.0,1.0,2.0,2270996,1.0,1,4,1,9.0,,-1.0, -1,1979.0,B01,138Â 198Â 983,2.0,8.0,-1.0,1733414,1.0,33,,0.0,2.0,1.0,B01,138Â 198Â 983,1.0
1015468,201900056999,7,8,10:10,1,1,1,1.0,2.0,97411,MACE (ROUTE GABRIEL),M," -20,9066400","55,5042300",974,2019,50.0,2.0,1.0,3.0,2270997,1.0,1,1,2,0.0,,-1.0,0,1980.0,A01,138Â 198Â 980,1.0,0.0,-1.0,1733415,3.0,7,,0.0,2.0,1.0,A01,138Â 198Â 980,3.0
1015468,201900056999,7,8,10:10,1,1,1,1.0,2.0,97411,MACE (ROUTE GABRIEL),M," -20,9066400","55,5042300",974,2019,50.0,2.0,1.0,3.0,2270997,1.0,1,1,2,0.0,,-1.0,0,1980.0,A01,138Â 198Â 980,1.0,0.0,-1.0,1733416,3.0,7,,0.0,2.0,4.0,B01,138Â 198Â 981,1.0
1015468,201900056999,7,8,10:10,1,1,1,1.0,2.0,97411,MACE (ROUTE GABRIEL),M," -20,9066400","55,5042300",974,2019,50.0,2.0,1.0,3.0,2270998,1.0,1,4,2,5.0,,-1.0,0,1975.0,B01,138Â 198Â 981,1.0,0.0,-1.0,1733415,3.0,7,,0.0,2.0,1.0,A01,138Â 198Â 980,3.0
1015468,201900056999,7,8,10:10,1,1,1,1.0,2.0,97411,MACE (ROUTE GABRIEL),M," -20,9066400","55,5042300",974,2019,50.0,2.0,1.0,3.0,2270998,1.0,1,4,2,5.0,,-1.0,0,1975.0,B01,138Â 198Â 981,1.0,0.0,-1.0,1733416,3.0,7,,0.0,2.0,4.0,B01,138Â 198Â 981,1.0
1015468,201900056999,7,8,10:10,1,1,1,1.0,2.0,97411,MACE (ROUTE GABRIEL),M," -20,9066400","55,5042300",974,2019,50.0,2.0,1.0,3.0,2270999,3.0,2,4,2,0.0,,-1.0,0,2010.0,B01,138Â 198Â 981,1.0,0.0,-1.0,1733415,3.0,7,,0.0,2.0,1.0,A01,138Â 198Â 980,3.0
1015468,201900056999,7,8,10:10,1,1,1,1.0,2.0,97411,MACE (ROUTE GABRIEL),M," -20,9066400","55,5042300",974,2019,50.0,2.0,1.0,3.0,2270999,3.0,2,4,2,0.0,,-1.0,0,2010.0,B01,138Â 198Â 981,1.0,0.0,-1.0,1733416,3.0,7,,0.0,2.0,4.0,B01,138Â 198Â 981,1.0
1015469,201900057000,7,10,10:30,1,2,1,1.0,3.0,97302,FELIX EBOUE(ROCADE),M,"4,9315246"," -52,3123455",973,2019,50.0,1.0,1.0,3.0,2271000,1.0,1,1,1,5.0,,-1.0, -1,1938.0,A01,138Â 198Â 978,1.0,8.0,-1.0,1733417,2.0,7,,0.0,2.0,1.0,A01,138Â 198Â 978,1.0
1015469,201900057000,7,10,10:30,1,2,1,1.0,3.0,97302,FELIX EBOUE(ROCADE),M,"4,9315246"," -52,3123455",973,2019,50.0,1.0,1.0,3.0,2271000,1.0,1,1,1,5.0,,-1.0, -1,1938.0,A01,138Â 198Â 978,1.0,8.0,-1.0,1733418,1.0,2,,0.0,2.0,8.0,B01,138Â 198Â 979,1.0
1015469,201900057000,7,10,10:30,1,2,1,1.0,3.0,97302,FELIX EBOUE(ROCADE),M,"4,9315246"," -52,3123455",973,2019,50.0,1.0,1.0,3.0,2271001,1.0,1,3,2,5.0,,-1.0, -1,1973.0,B01,138Â 198Â 979,2.0,0.0,-1.0,1733417,2.0,7,,0.0,2.0,1.0,A01,138Â 198Â 978,1.0
1015469,201900057000,7,10,10:30,1,2,1,1.0,3.0,97302,FELIX EBOUE(ROCADE),M,"4,9315246"," -52,3123455",973,2019,50.0,1.0,1.0,3.0,2271001,1.0,1,3,2,5.0,,-1.0, -1,1973.0,B01,138Â 198Â 979,2.0,0.0,-1.0,1733418,1.0,2,,0.0,2.0,8.0,B01,138Â 198Â 979,1.0
1015470,201900057001,7,10,18:43,1,2,2,1.0,6.0,69383,PINEL                               (BD),M,"45,7512488","4,8965979",69,2019,50.0,1.0,1.0,4.0,2271002,1.0,1,4,2,1.0,,0.0,0,1974.0,B01,138Â 198Â 976,1.0,0.0,-1.0,1733419,1.0,7,,0.0,2.0,1.0,B01,138Â 198Â 976,1.0
1015470,201900057001,7,10,18:43,1,2,2,1.0,6.0,69383,PINEL                               (BD),M,"45,7512488","4,8965979",69,2019,50.0,1.0,1.0,4.0,2271002,1.0,1,4,2,1.0,,0.0,0,1974.0,B01,138Â 198Â 976,1.0,0.0,-1.0,1733420,1.0,7,,0.0,2.0,1.0,A01,138Â 198Â 977,1.0
1015470,201900057001,7,10,18:43,1,2,2,1.0,6.0,69383,PINEL                               (BD),M,"45,7512488","4,8965979",69,2019,50.0,1.0,1.0,4.0,2271003,1.0,1,4,2,1.0,,0.0,0,1958.0,A01,138Â 198Â 977,1.0,0.0,-1.0,1733419,1.0,7,,0.0,2.0,1.0,B01,138Â 198Â 976,1.0
1015470,201900057001,7,10,18:43,1,2,2,1.0,6.0,69383,PINEL                               (BD),M,"45,7512488","4,8965979",69,2019,50.0,1.0,1.0,4.0,2271003,1.0,1,4,2,1.0,,0.0,0,1958.0,A01,138Â 198Â 977,1.0,0.0,-1.0,1733420,1.0,7,,0.0,2.0,1.0,A01,138Â 198Â 977,1.0
1015471,201900057002,7,10,17:15,1,2,2,1.0,3.0,69383,MAZENOD                             (R ),M,"45,7589883","4,8491802",69,2019,50.0,1.0,1.0,4.0,2271004,1.0,1,3,1,0.0,,0.0,0,1989.0,A01,138Â 198Â 974,8.0,8.0,-1.0,1733421,1.0,1,,0.0,2.0,1.0,A01,138Â 198Â 974,0.0
1015471,201900057002,7,10,17:15,1,2,2,1.0,3.0,69383,MAZENOD                             (R ),M,"45,7589883","4,8491802",69,2019,50.0,1.0,1.0,4.0,2271004,1.0,1,3,1,0.0,,0.0,0,1989.0,A01,138Â 198Â 974,8.0,8.0,-1.0,1733422,1.0,7,,0.0,2.0,2.0,B01,138Â 198Â 975,0.0
1015471,201900057002,7,10,17:15,1,2,2,1.0,3.0,69383,MAZENOD                             (R ),M,"45,7589883","4,8491802",69,2019,50.0,1.0,1.0,4.0,2271005,1.0,1,1,1,9.0,,0.0,0,1981.0,B01,138Â 198Â 975,1.0,0.0,-1.0,1733421,1.0,1,,0.0,2.0,1.0,A01,138Â 198Â 974,0.0
1015471,201900057002,7,10,17:15,1,2,2,1.0,3.0,69383,MAZENOD                             (R ),M,"45,7589883","4,8491802",69,2019,50.0,1.0,1.0,4.0,2271005,1.0,1,1,1,9.0,,0.0,0,1981.0,B01,138Â 198Â 975,1.0,0.0,-1.0,1733422,1.0,7,,0.0,2.0,2.0,B01,138Â 198Â 975,0.0
1015472,201900057003,7,10,14:00,1,2,2,1.0,6.0,69387,DOMER                               (R ),M,"45,7474384","4,8487453",69,2019,50.0,1.0,1.0,7.0,2271006,10.0,3,3,1,0.0,,3.0,3,2016.0,A01,138Â 198Â 973,8.0,0.0,-1.0,1733423,1.0,33,,0.0,1.0,1.0,A01,138Â 198Â 973,1.0
1015472,201900057003,7,10,14:00,1,2,2,1.0,6.0,69387,DOMER                               (R ),M,"45,7474384","4,8487453",69,2019,50.0,1.0,1.0,7.0,2271007,1.0,1,1,1,0.0,,-1.0,0,1976.0,A01,138Â 198Â 973,2.0,6.0,-1.0,1733423,1.0,33,,0.0,1.0,1.0,A01,138Â 198Â 973,1.0
1015473,201900057004,7,10,09:50,1,2,1,1.0,4.0,69386,STALINGRAD (DE)                     (BD),M,"45,7717000","4,8588500",69,2019,50.0,1.0,1.0,4.0,2271008,1.0,1,1,1,4.0,,0.0,0,1967.0,C01,138Â 198Â 970,1.0,0.0,-1.0,1733424,1.0,7,,0.0,2.0,4.0,C01,138Â 198Â 970,1.0
1015473,201900057004,7,10,09:50,1,2,1,1.0,4.0,69386,STALINGRAD (DE)                     (BD),M,"45,7717000","4,8588500",69,2019,50.0,1.0,1.0,4.0,2271008,1.0,1,1,1,4.0,,0.0,0,1967.0,C01,138Â 198Â 970,1.0,0.0,-1.0,1733425,1.0,7,,0.0,2.0,1.0,B01,138Â 198Â 971,1.0
1015473,201900057004,7,10,09:50,1,2,1,1.0,4.0,69386,STALINGRAD (DE)                     (BD),M,"45,7717000","4,8588500",69,2019,50.0,1.0,1.0,4.0,2271008,1.0,1,1,1,4.0,,0.0,0,1967.0,C01,138Â 198Â 970,1.0,0.0,-1.0,1733426,1.0,7,,0.0,2.0,1.0,A01,138Â 198Â 972,1.0
1015473,201900057004,7,10,09:50,1,2,1,1.0,4.0,69386,STALINGRAD (DE)                     (BD),M,"45,7717000","4,8588500",69,2019,50.0,1.0,1.0,4.0,2271009,2.0,2,4,1,5.0,,0.0,0,1941.0,B01,138Â 198Â 971,1.0,0.0,-1.0,1733424,1.0,7,,0.0,2.0,4.0,C01,138Â 198Â 970,1.0
1015473,201900057004,7,10,09:50,1,2,1,1.0,4.0,69386,STALINGRAD (DE)                     (BD),M,"45,7717000","4,8588500",69,2019,50.0,1.0,1.0,4.0,2271009,2.0,2,4,1,5.0,,0.0,0,1941.0,B01,138Â 198Â 971,1.0,0.0,-1.0,1733425,1.0,7,,0.0,2.0,1.0,B01,138Â 198Â 971,1.0
1015473,201900057004,7,10,09:50,1,2,1,1.0,4.0,69386,STALINGRAD (DE)                     (BD),M,"45,7717000","4,8588500",69,2019,50.0,1.0,1.0,4.0,2271009,2.0,2,4,1,5.0,,0.0,0,1941.0,B01,138Â 198Â 971,1.0,0.0,-1.0,1733426,1.0,7,,0.0,2.0,1.0,A01,138Â 198Â 972,1.0
1015473,201900057004,7,10,09:50,1,2,1,1.0,4.0,69386,STALINGRAD (DE)                     (BD),M,"45,7717000","4,8588500",69,2019,50.0,1.0,1.0,4.0,2271010,1.0,1,4,1,5.0,,0.0,0,1935.0,B01,138Â 198Â 971,1.0,0.0,-1.0,1733424,1.0,7,,0.0,2.0,4.0,C01,138Â 198Â 970,1.0
1015473,201900057004,7,10,09:50,1,2,1,1.0,4.0,69386,STALINGRAD (DE)                     (BD),M,"45,7717000","4,8588500",69,2019,50.0,1.0,1.0,4.0,2271010,1.0,1,4,1,5.0,,0.0,0,1935.0,B01,138Â 198Â 971,1.0,0.0,-1.0,1733425,1.0,7,,0.0,2.0,1.0,B01,138Â 198Â 971,1.0
1015473,201900057004,7,10,09:50,1,2,1,1.0,4.0,69386,STALINGRAD (DE)                     (BD),M,"45,7717000","4,8588500",69,2019,50.0,1.0,1.0,4.0,2271010,1.0,1,4,1,5.0,,0.0,0,1935.0,B01,138Â 198Â 971,1.0,0.0,-1.0,1733426,1.0,7,,0.0,2.0,1.0,A01,138Â 198Â 972,1.0
1015473,201900057004,7,10,09:50,1,2,1,1.0,4.0,69386,STALINGRAD (DE)                     (BD),M,"45,7717000","4,8588500",69,2019,50.0,1.0,1.0,4.0,2271011,1.0,1,1,2,1.0,,0.0,0,1998.0,A01,138Â 198Â 972,1.0,0.0,-1.0,1733424,1.0,7,,0.0,2.0,4.0,C01,138Â 198Â 970,1.0