Unnamed: 0_x,num_acc,mois,jour,hrmn,lum,agg,int,atm,col,com,adr,gps,lat,long,dep,annee,vma,situ,surf,catr,Unnamed: 0_y,place,catu,grav,sexe,trajet,secu,locp,actp,an_nais,num_veh_x,id_vehicule_x,secu1,secu2,secu3,Unnamed: 0,senc,catv,occutc,obs,obsm,choc,num_veh_y,id_vehicule_y,motor
1015473,201900057004,7,10,09:50,1,2,1,1.0,4.0,69386,STALINGRAD (DE)                     (BD),M,"45,7717000","4,8588500",69,2019,50.0,1.0,1.0,4.0,2271011,1.0,1,1,2,1.0,,0.0,0,1998.0,A01,138Â 198Â 972,1.0,0.0,-1.0,1733425,1.0,7,,0.0,2.0,1.0,B01,138Â 198Â 971,1.0
1015473,201900057004,7,10,09:50,1,2,1,1.0,4.0,69386,STALINGRAD (DE)                     (BD),M,"45,7717000","4,8588500",69,2019,50.0,1.0,1.0,4.0,2271011,1.0,1,1,2,1.0,,0.0,0,1998.0,A01,138Â 198Â 972,1.0,0.0,-1.0,1733426,1.0,7,,0.0,2.0,1.0,A01,138Â 198Â 972,1.0
1015474,201900057005,7,9,19:42,1,2,2,1.0,1.0,69386,BELLECOMBE (DE)                     (R ),M,"45,7637379","4,8637665",69,2019,50.0,1.0,1.0,4.0,2271012,2.0,1,4,1,1.0,,0.0,0,1976.0,A01,138Â 198Â 968,8.0,0.0,-1.0,1733427,2.0,1,,0.0,2.0,1.0,A01,138Â 198Â 968,5.0
1015474,201900057005,7,9,19:42,1,2,2,1.0,1.0,69386,BELLECOMBE (DE)                     (R ),M,"45,7637379","4,8637665",69,2019,50.0,1.0,1.0,4.0,2271012,2.0,1,4,1,1.0,,0.0,0,1976.0,A01,138Â 198Â 968,8.0,0.0,-1.0,1733428,3.0,7,,0.0,6.0,1.0,B01,138Â 198Â 969,1.0
1015474,201900057005,7,9,19:42,1,2,2,1.0,1.0,69386,BELLECOMBE (DE)                     (R ),M,"45,7637379","4,8637665",69,2019,50.0,1.0,1.0,4.0,2271013,1.0,1,1,2,1.0,,0.0,0,1964.0,B01,138Â 198Â 969,1.0,0.0,-1.0,1733427,2.0,1,,0.0,2.0,1.0,A01,138Â 198Â 968,5.0
1015474,201900057005,7,9,19:42,1,2,2,1.0,1.0,69386,BELLECOMBE (DE)                     (R ),M,"45,7637379","4,8637665",69,2019,50.0,1.0,1.0,4.0,2271013,1.0,1,1,2,1.0,,0.0,0,1964.0,B01,138Â 198Â 969,1.0,0.0,-1.0,1733428,3.0,7,,0.0,6.0,1.0,B01,138Â 198Â 969,1.0
1015475,201900057006,7,9,11:35,1,2,1,1.0,3.0,97209,RAOUL FOLLEREAU (AVENUE),M,"14,6113800"," -61,0452900",972,2019,50.0,1.0,1.0,4.0,2271014,1.0,1,1,2,1.0,,-1.0,0,1966.0,A01,138Â 198Â 966,1.0,0.0,-1.0,1733429,1.0,7,,0.0,2.0,3.0,A01,138Â 198Â 966,1.0
1015475,201900057006,7,9,11:35,1,2,1,1.0,3.0,97209,RAOUL FOLLEREAU (AVENUE),M,"14,6113800"," -61,0452900",972,2019,50.0,1.0,1.0,4.0,2271014,1.0,1,1,2,1.0,,-1.0,0,1966.0,A01,138Â 198Â 966,1.0,0.0,-1.0,1733430,1.0,2,,0.0,2.0,1.0,B01,138Â 198Â 967,1.0
1015475,201900057006,7,9,11:35,1,2,1,1.0,3.0,97209,RAOUL FOLLEREAU (AVENUE),M,"14,6113800"," -61,0452900",972,2019,50.0,1.0,1.0,4.0,2271015,2.0,1,4,1,1.0,,-1.0,0,1989.0,B01,138Â 198Â 967,8.0,0.0,-1.0,1733429,1.0,7,,0.0,2.0,3.0,A01,138Â 198Â 966,1.0
1015475,201900057006,7,9,11:35,1,2,1,1.0,3.0,97209,RAOUL FOLLEREAU (AVENUE),M,"14,6113800"," -61,0452900",972,2019,50.0,1.0,1.0,4.0,2271015,2.0,1,4,1,1.0,,-1.0,0,1989.0,B01,138Â 198Â 967,8.0,0.0,-1.0,1733430,1.0,2,,0.0,2.0,1.0,B01,138Â 198Â 967,1.0
1015476,201900057007,7,10,17:10,1,2,6,1.0,2.0,69034,SOLDATS (DES)                       (MO),M,"45,7911341","4,8605517",69,2019,50.0,1.0,1.0,4.0,2271016,1.0,1,4,1,0.0,,0.0,0,1985.0,A01,138Â 198Â 964,2.0,8.0,-1.0,1733431,3.0,30,,0.0,2.0,3.0,A01,138Â 198Â 964,1.0
1015476,201900057007,7,10,17:10,1,2,6,1.0,2.0,69034,SOLDATS (DES)                       (MO),M,"45,7911341","4,8605517",69,2019,50.0,1.0,1.0,4.0,2271016,1.0,1,4,1,0.0,,0.0,0,1985.0,A01,138Â 198Â 964,2.0,8.0,-1.0,1733432,1.0,7,,0.0,2.0,5.0,B01,138Â 198Â 965,1.0
1015476,201900057007,7,10,17:10,1,2,6,1.0,2.0,69034,SOLDATS (DES)                       (MO),M,"45,7911341","4,8605517",69,2019,50.0,1.0,1.0,4.0,2271017,1.0,1,1,1,0.0,,0.0,0,1976.0,B01,138Â 198Â 965,1.0,8.0,-1.0,1733431,3.0,30,,0.0,2.0,3.0,A01,138Â 198Â 964,1.0
1015476,201900057007,7,10,17:10,1,2,6,1.0,2.0,69034,SOLDATS (DES)                       (MO),M,"45,7911341","4,8605517",69,2019,50.0,1.0,1.0,4.0,2271017,1.0,1,1,1,0.0,,0.0,0,1976.0,B01,138Â 198Â 965,1.0,8.0,-1.0,1733432,1.0,7,,0.0,2.0,5.0,B01,138Â 198Â 965,1.0
1015477,201900057008,7,10,16:10,1,2,1,1.0,3.0,69382,CHARLEMAGNE                         (CO),M,"45,7391100","4,8177600",69,2019,50.0,1.0,1.0,4.0,2271018,1.0,1,4,1,0.0,,0.0,0,1997.0,B01,138Â 198Â 962,8.0,0.0,-1.0,1733433,0.0,99,,0.0,2.0,1.0,B01,138Â 198Â 962,0.0
1015477,201900057008,7,10,16:10,1,2,1,1.0,3.0,69382,CHARLEMAGNE                         (CO),M,"45,7391100","4,8177600",69,2019,50.0,1.0,1.0,4.0,2271018,1.0,1,4,1,0.0,,0.0,0,1997.0,B01,138Â 198Â 962,8.0,0.0,-1.0,1733434,0.0,7,,0.0,2.0,7.0,A01,138Â 198Â 963,1.0
1015477,201900057008,7,10,16:10,1,2,1,1.0,3.0,69382,CHARLEMAGNE                         (CO),M,"45,7391100","4,8177600",69,2019,50.0,1.0,1.0,4.0,2271019,1.0,1,1,1,0.0,,0.0,0,1994.0,A01,138Â 198Â 963,1.0,0.0,-1.0,1733433,0.0,99,,0.0,2.0,1.0,B01,138Â 198Â 962,0.0
1015477,201900057008,7,10,16:10,1,2,1,1.0,3.0,69382,CHARLEMAGNE                         (CO),M,"45,7391100","4,8177600",69,2019,50.0,1.0,1.0,4.0,2271019,1.0,1,1,1,0.0,,0.0,0,1994.0,A01,138Â 198Â 963,1.0,0.0,-1.0,1733434,0.0,7,,0.0,2.0,7.0,A01,138Â 198Â 963,1.0
1015478,201900057009,7,10,14:45,1,2,6,1.0,2.0,69081,JEAN MARIE VIANNEY              CH,M,"45,7864500","4,7837100",69,2019,50.0,1.0,1.0,4.0,2271020,1.0,1,4,2,9.0,,0.0, -1,1976.0,A01,138Â 198Â 960,1.0,0.0,-1.0,1733435,1.0,7,,0.0,2.0,2.0,A01,138Â 198Â 960,0.0
1015478,201900057009,7,10,14:45,1,2,6,1.0,2.0,69081,JEAN MARIE VIANNEY              CH,M,"45,7864500","4,7837100",69,2019,50.0,1.0,1.0,4.0,2271020,1.0,1,4,2,9.0,,0.0, -1,1976.0,A01,138Â 198Â 960,1.0,0.0,-1.0,1733436,1.0,7,,0.0,2.0,6.0,B01,138Â 198Â 961,0.0
1015478,201900057009,7,10,14:45,1,2,6,1.0,2.0,69081,JEAN MARIE VIANNEY              CH,M,"45,7864500","4,7837100",69,2019,50.0,1.0,1.0,4.0,2271021,1.0,1,1,2,0.0,,0.0, -1,1954.0,B01,138Â 198Â 961,1.0,0.0,-1.0,1733435,1.0,7,,0.0,2.0,2.0,A01,138Â 198Â 960,0.0
1015478,201900057009,7,10,14:45,1,2,6,1.0,2.0,69081,JEAN MARIE VIANNEY              CH,M,"45,7864500","4,7837100",69,2019,50.0,1.0,1.0,4.0,2271021,1.0,1,1,2,0.0,,0.0, -1,1954.0,B01,138Â 198Â 961,1.0,0.0,-1.0,1733436,1.0,7,,0.0,2.0,6.0,B01,138Â 198Â 961,0.0
1015478,201900057009,7,10,14:45,1,2,6,1.0,2.0,69081,JEAN MARIE VIANNEY              CH,M,"45,7864500","4,7837100",69,2019,50.0,1.0,1.0,4.0,2271022,2.0,2,4,2,9.0,,0.0, -1,2006.0,B01,138Â 198Â 961,1.0,0.0,-1.0,1733435,1.0,7,,0.0,2.0,2.0,A01,138Â 198Â 960,0.0
1015478,201900057009,7,10,14:45,1,2,6,1.0,2.0,69081,JEAN MARIE VIANNEY              CH,M,"45,7864500","4,7837100",69,2019,50.0,1.0,1.0,4.0,2271022,2.0,2,4,2,9.0,,0.0, -1,2006.0,B01,138Â 198Â 961,1.0,0.0,-1.0,1733436,1.0,7,,0.0,2.0,6.0,B01,138Â 198Â 961,0.0
1015479,201900057010,7,9,19:00,1,2,2,1.0,6.0,69286,ROUTE DE STRASBOURG D 483           (RO),M,"45,8139011","4,8881905",69,2019,50.0,1.0,1.0,3.0,2271023,1.0,1,4,1,1.0,,0.0,0,1964.0,C01,138Â 198Â 957,2.0,0.0,-1.0,1733437,1.0,34,,0.0,2.0,2.0,C01,138Â 198Â 957,1.0
1015479,201900057010,7,9,19:00,1,2,2,1.0,6.0,69286,ROUTE DE STRASBOURG D 483           (RO),M,"45,8139011","4,8881905",69,2019,50.0,1.0,1.0,3.0,2271023,1.0,1,4,1,1.0,,0.0,0,1964.0,C01,138Â 198Â 957,2.0,0.0,-1.0,1733438,1.0,33,,0.0,2.0,3.0,B01,138Â 198Â 958,1.0
1015479,201900057010,7,9,19:00,1,2,2,1.0,6.0,69286,ROUTE DE STRASBOURG D 483           (RO),M,"45,8139011","4,8881905",69,2019,50.0,1.0,1.0,3.0,2271023,1.0,1,4,1,1.0,,0.0,0,1964.0,C01,138Â 198Â 957,2.0,0.0,-1.0,1733439,2.0,7,,16.0,2.0,2.0,A01,138Â 198Â 959,1.0
1015479,201900057010,7,9,19:00,1,2,2,1.0,6.0,69286,ROUTE DE STRASBOURG D 483           (RO),M,"45,8139011","4,8881905",69,2019,50.0,1.0,1.0,3.0,2271024,1.0,1,4,1,1.0,,0.0,0,1982.0,B01,138Â 198Â 958,2.0,0.0,-1.0,1733437,1.0,34,,0.0,2.0,2.0,C01,138Â 198Â 957,1.0
1015479,201900057010,7,9,19:00,1,2,2,1.0,6.0,69286,ROUTE DE STRASBOURG D 483           (RO),M,"45,8139011","4,8881905",69,2019,50.0,1.0,1.0,3.0,2271024,1.0,1,4,1,1.0,,0.0,0,1982.0,B01,138Â 198Â 958,2.0,0.0,-1.0,1733438,1.0,33,,0.0,2.0,3.0,B01,138Â 198Â 958,1.0
1015479,201900057010,7,9,19:00,1,2,2,1.0,6.0,69286,ROUTE DE STRASBOURG D 483           (RO),M,"45,8139011","4,8881905",69,2019,50.0,1.0,1.0,3.0,2271024,1.0,1,4,1,1.0,,0.0,0,1982.0,B01,138Â 198Â 958,2.0,0.0,-1.0,1733439,2.0,7,,16.0,2.0,2.0,A01,138Â 198Â 959,1.0
1015479,201900057010,7,9,19:00,1,2,2,1.0,6.0,69286,ROUTE DE STRASBOURG D 483           (RO),M,"45,8139011","4,8881905",69,2019,50.0,1.0,1.0,3.0,2271025,1.0,1,1,1,1.0,,0.0,0,1965.0,A01,138Â 198Â 959,1.0,4.0,-1.0,1733437,1.0,34,,0.0,2.0,2.0,C01,138Â 198Â 957,1.0
1015479,201900057010,7,9,19:00,1,2,2,1.0,6.0,69286,ROUTE DE STRASBOURG D 483           (RO),M,"45,8139011","4,8881905",69,2019,50.0,1.0,1.0,3.0,2271025,1.0,1,1,1,1.0,,0.0,0,1965.0,A01,138Â 198Â 959,1.0,4.0,-1.0,1733438,1.0,33,,0.0,2.0,3.0,B01,138Â 198Â 958,1.0
1015479,201900057010,7,9,19:00,1,2,2,1.0,6.0,69286,ROUTE DE STRASBOURG D 483           (RO),M,"45,8139011","4,8881905",69,2019,50.0,1.0,1.0,3.0,2271025,1.0,1,1,1,1.0,,0.0,0,1965.0,A01,138Â 198Â 959,1.0,4.0,-1.0,1733439,2.0,7,,16.0,2.0,2.0,A01,138Â 198Â 959,1.0
1015480,201900057011,7,9,19:45,2,2,9,1.0,1.0,2B033,ROUTE ROYALE,M,"42,6760200","9,4364200",2B,2019,50.0,1.0,1.0,4.0,2271026,1.0,1,1,1,0.0,,-1.0, -1,1948.0,A01,138Â 198Â 955,1.0,0.0,-1.0,1733440,1.0,7,,0.0,6.0,1.0,A01,138Â 198Â 955,1.0
1015480,201900057011,7,9,19:45,2,2,9,1.0,1.0,2B033,ROUTE ROYALE,M,"42,6760200","9,4364200",2B,2019,50.0,1.0,1.0,4.0,2271026,1.0,1,1,1,0.0,,-1.0, -1,1948.0,A01,138Â 198Â 955,1.0,0.0,-1.0,1733441,1.0,1,,0.0,2.0,9.0,B01,138Â 198Â 956,5.0
1015480,201900057011,7,9,19:45,2,2,9,1.0,1.0,2B033,ROUTE ROYALE,M,"42,6760200","9,4364200",2B,2019,50.0,1.0,1.0,4.0,2271027,1.0,1,4,1,5.0,,-1.0, -1,1971.0,B01,138Â 198Â 956,8.0,0.0,-1.0,1733440,1.0,7,,0.0,6.0,1.0,A01,138Â 198Â 955,1.0
1015480,201900057011,7,9,19:45,2,2,9,1.0,1.0,2B033,ROUTE ROYALE,M,"42,6760200","9,4364200",2B,2019,50.0,1.0,1.0,4.0,2271027,1.0,1,4,1,5.0,,-1.0, -1,1971.0,B01,138Â 198Â 956,8.0,0.0,-1.0,1733441,1.0,1,,0.0,2.0,9.0,B01,138Â 198Â 956,5.0
1015481,201900057012,7,9,07:50,1,1,1,1.0,2.0,91223,R.D.721,M,"48,4168000","2,1779700",91,2019,80.0,3.0,1.0,3.0,2271028,1.0,1,4,2,0.0,,0.0,0,1991.0,B01,138Â 198Â 946,1.0,0.0,-1.0,1733442,2.0,7,,0.0,2.0,3.0,B01,138Â 198Â 946,1.0
1015481,201900057012,7,9,07:50,1,1,1,1.0,2.0,91223,R.D.721,M,"48,4168000","2,1779700",91,2019,80.0,3.0,1.0,3.0,2271028,1.0,1,4,2,0.0,,0.0,0,1991.0,B01,138Â 198Â 946,1.0,0.0,-1.0,1733443,1.0,7,,0.0,2.0,3.0,A01,138Â 198Â 947,1.0
1015481,201900057012,7,9,07:50,1,1,1,1.0,2.0,91223,R.D.721,M,"48,4168000","2,1779700",91,2019,80.0,3.0,1.0,3.0,2271029,1.0,1,1,1,0.0,,0.0,0,2000.0,A01,138Â 198Â 947,1.0,0.0,-1.0,1733442,2.0,7,,0.0,2.0,3.0,B01,138Â 198Â 946,1.0
1015481,201900057012,7,9,07:50,1,1,1,1.0,2.0,91223,R.D.721,M,"48,4168000","2,1779700",91,2019,80.0,3.0,1.0,3.0,2271029,1.0,1,1,1,0.0,,0.0,0,2000.0,A01,138Â 198Â 947,1.0,0.0,-1.0,1733443,1.0,7,,0.0,2.0,3.0,A01,138Â 198Â 947,1.0
1015482,201900057013,7,9,15:05,1,2,1,1.0,6.0,91657,CONCORDE (AVENUE),M,"48,7048600","2,4219200",91,2019,50.0,1.0,1.0,4.0,2271030,10.0,3,4,2,5.0,,3.0,3,1958.0,A01,138Â 198Â 945,8.0,0.0,-1.0,1733444,2.0,7,,0.0,1.0,5.0,A01,138Â 198Â 945,1.0
1015482,201900057013,7,9,15:05,1,2,1,1.0,6.0,91657,CONCORDE (AVENUE),M,"48,7048600","2,4219200",91,2019,50.0,1.0,1.0,4.0,2271031,1.0,1,1,1,0.0,,0.0,0,1981.0,A01,138Â 198Â 945,1.0,0.0,-1.0,1733444,2.0,7,,0.0,1.0,5.0,A01,138Â 198Â 945,1.0
1015482,201900057013,7,9,15:05,1,2,1,1.0,6.0,91657,CONCORDE (AVENUE),M,"48,7048600","2,4219200",91,2019,50.0,1.0,1.0,4.0,2271032,10.0,3,4,2,5.0,,3.0,3,2012.0,A01,138Â 198Â 945,8.0,0.0,-1.0,1733444,2.0,7,,0.0,1.0,5.0,A01,138Â 198Â 945,1.0
1015483,201900057014,7,9,20:30,2,2,1,7.0,2.0,88160,ENTRE-LES-DEUX-PORTES (RUE D'),M,"48,1759200","6,4519800",88,2019,50.0,1.0,1.0,3.0,2271033,1.0,1,3,1,5.0,,-1.0, -1,1970.0,B01,138Â 198Â 943,8.0,0.0,-1.0,1733445,2.0,1,,0.0,6.0,4.0,B01,138Â 198Â 943,0.0
1015483,201900057014,7,9,20:30,2,2,1,7.0,2.0,88160,ENTRE-LES-DEUX-PORTES (RUE D'),M,"48,1759200","6,4519800",88,2019,50.0,1.0,1.0,3.0,2271033,1.0,1,3,1,5.0,,-1.0, -1,1970.0,B01,138Â 198Â 943,8.0,0.0,-1.0,1733446,2.0,7,,0.0,6.0,1.0,A01,138Â 198Â 944,1.0
1015483,201900057014,7,9,20:30,2,2,1,7.0,2.0,88160,ENTRE-LES-DEUX-PORTES (RUE D'),M,"48,1759200","6,4519800",88,2019,50.0,1.0,1.0,3.0,2271034,1.0,1,1,1,4.0,,-1.0, -1,1998.0,A01,138Â 198Â 944,1.0,0.0,-1.0,1733445,2.0,1,,0.0,6.0,4.0,B01,138Â 198Â 943,0.0
1015483,201900057014,7,9,20:30,2,2,1,7.0,2.0,88160,ENTRE-LES-DEUX-PORTES (RUE D'),M,"48,1759200","6,4519800",88,2019,50.0,1.0,1.0,3.0,2271034,1.0,1,1,1,4.0,,-1.0, -1,1998.0,A01,138Â 198Â 944,1.0,0.0,-1.0,1733446,2.0,7,,0.0,6.0,1.0,A01,138Â 198Â 944,1.0
1015484,201900057015,7,9,17:40,1,2,1,1.0,6.0,87085,54 BEAUBREUIL (AVENUE DE),M,"45,8753300","1,3010900",87,2019,50.0,1.0,1.0,4.0,2271035,1.0,1,1,1,4.0,,0.0,0,1956.0,A01,138Â 198Â 942,1.0,0.0,-1.0,1733447,2.0,7,,0.0,1.0,1.0,A01,138Â 198Â 942,1.0
1015484,201900057015,7,9,17:40,1,2,1,1.0,6.0,87085,54 BEAUBREUIL (AVENUE DE),M,"45,8753300","1,3010900",87,2019,50.0,1.0,1.0,4.0,2271036,10.0,3,4,2,5.0,,1.0,3,1973.0,A01,138Â 198Â 942,8.0,0.0,-1.0,1733447,2.0,7,,0.0,1.0,1.0,A01,138Â 198Â 942,1.0
1015485,201900057016,1,1,01:25,5,2,6,1.0,6.0,71263,RD 971 - carrefour Kirchheimbolanden,M,"46,6259000","5,2153760",71,2019,50.0,4.0,2.0,3.0,2271037,10.0,3,2,1,5.0,,5.0,B,2002.0,A01,138Â 198Â 941,0.0,-1.0,-1.0,1733448,1.0,7,,6.0,1.0,1.0,A01,138Â 198Â 941,1.0
1015485,201900057016,1,1,01:25,5,2,6,1.0,6.0,71263,RD 971 - carrefour Kirchheimbolanden,M,"46,6259000","5,2153760",71,2019,50.0,4.0,2.0,3.0,2271038,1.0,1,2,1,5.0,,0.0,0,1976.0,A01,138Â 198Â 941,8.0,-1.0,-1.0,1733448,1.0,7,,6.0,1.0,1.0,A01,138Â 198Â 941,1.0
1015486,201900057017,7,9,11:12,1,2,2,1.0,6.0,87085,VANTEAUX (BOULEVARD DE),M,"45,8240800","1,2259500",87,2019,50.0,1.0,1.0,4.0,2271039,1.0,1,4,2,5.0,,0.0,0,1984.0,B01,138Â 198Â 939,8.0,0.0,-1.0,1733449,1.0,1,,0.0,2.0,7.0,B01,138Â 198Â 939,5.0
1015486,201900057017,7,9,11:12,1,2,2,1.0,6.0,87085,VANTEAUX (BOULEVARD DE),M,"45,8240800","1,2259500",87,2019,50.0,1.0,1.0,4.0,2271039,1.0,1,4,2,5.0,,0.0,0,1984.0,B01,138Â 198Â 939,8.0,0.0,-1.0,1733450,2.0,7,,0.0,2.0,5.0,A01,138Â 198Â 940,1.0
1015486,201900057017,7,9,11:12,1,2,2,1.0,6.0,87085,VANTEAUX (BOULEVARD DE),M,"45,8240800","1,2259500",87,2019,50.0,1.0,1.0,4.0,2271040,1.0,1,1,2,5.0,,0.0,0,1982.0,A01,138Â 198Â 940,1.0,0.0,-1.0,1733449,1.0,1,,0.0,2.0,7.0,B01,138Â 198Â 939,5.0
1015486,201900057017,7,9,11:12,1,2,2,1.0,6.0,87085,VANTEAUX (BOULEVARD DE),M,"45,8240800","1,2259500",87,2019,50.0,1.0,1.0,4.0,2271040,1.0,1,1,2,5.0,,0.0,0,1982.0,A01,138Â 198Â 940,1.0,0.0,-1.0,1733450,2.0,7,,0.0,2.0,5.0,A01,138Â 198Â 940,1.0
1015487,201900057018,1,1,00:20,4,2,1,1.0,1.0,71154,D5B - 37 rue Principale,M,"46,8154750","4,8770980",71,2019,50.0,1.0,1.0,4.0,2271041,1.0,1,3,1,5.0,,0.0,0,1982.0,A01,138Â 198Â 937,2.0,-1.0,-1.0,1733451,1.0,33,,0.0,2.0,1.0,A01,138Â 198Â 937,1.0
1015487,201900057018,1,1,00:20,4,2,1,1.0,1.0,71154,D5B - 37 rue Principale,M,"46,8154750","4,8770980",71,2019,50.0,1.0,1.0,4.0,2271041,1.0,1,3,1,5.0,,0.0,0,1982.0,A01,138Â 198Â 937,2.0,-1.0,-1.0,1733452,2.0,33,,0.0,2.0,1.0,B01,138Â 198Â 938,1.0
1015487,201900057018,1,1,00:20,4,2,1,1.0,1.0,71154,D5B - 37 rue Principale,M,"46,8154750","4,8770980",71,2019,50.0,1.0,1.0,4.0,2271042,1.0,1,3,1,5.0,,0.0,0,1988.0,B01,138Â 198Â 938,2.0,0.0,-1.0,1733451,1.0,33,,0.0,2.0,1.0,A01,138Â 198Â 937,1.0
1015487,201900057018,1,1,00:20,4,2,1,1.0,1.0,71154,D5B - 37 rue Principale,M,"46,8154750","4,8770980",71,2019,50.0,1.0,1.0,4.0,2271042,1.0,1,3,1,5.0,,0.0,0,1988.0,B01,138Â 198Â 938,2.0,0.0,-1.0,1733452,2.0,33,,0.0,2.0,1.0,B01,138Â 198Â 938,1.0
1015488,201900057019,1,3,19:50,5,2,1,1.0,6.0,71014,30 boulevard mazagrand,M,"46,9555260","4,3059280",71,2019,50.0,4.0,1.0,4.0,2271043,1.0,1,3,1,3.0,,0.0,0,1975.0,A01,138Â 198Â 936,1.0,-1.0,-1.0,1733453,1.0,7,,15.0,0.0,8.0,A01,138Â 198Â 936,1.0
1015489,201900057020,7,6,18:00,1,2,9,1.0,3.0,86194,8 MAI 1945 (AVENUE DU),M,"46,5527664","0,3049028",86,2019,30.0,1.0,1.0,6.0,2271044,1.0,1,3,1,0.0,,-1.0,0,1973.0,B01,138Â 198Â 933,2.0,6.0,-1.0,1733454,2.0,31,,0.0,2.0,1.0,B01,138Â 198Â 933,1.0
1015489,201900057020,7,6,18:00,1,2,9,1.0,3.0,86194,8 MAI 1945 (AVENUE DU),M,"46,5527664","0,3049028",86,2019,30.0,1.0,1.0,6.0,2271044,1.0,1,3,1,0.0,,-1.0,0,1973.0,B01,138Â 198Â 933,2.0,6.0,-1.0,1733455,1.0,7,,0.0,2.0,3.0,A01,138Â 198Â 935,1.0
1015489,201900057020,7,6,18:00,1,2,9,1.0,3.0,86194,8 MAI 1945 (AVENUE DU),M,"46,5527664","0,3049028",86,2019,30.0,1.0,1.0,6.0,2271045,1.0,1,1,1,0.0,,-1.0,0,1987.0,A01,138Â 198Â 935,1.0,0.0,-1.0,1733454,2.0,31,,0.0,2.0,1.0,B01,138Â 198Â 933,1.0
1015489,201900057020,7,6,18:00,1,2,9,1.0,3.0,86194,8 MAI 1945 (AVENUE DU),M,"46,5527664","0,3049028",86,2019,30.0,1.0,1.0,6.0,2271045,1.0,1,1,1,0.0,,-1.0,0,1987.0,A01,138Â 198Â 935,1.0,0.0,-1.0,1733455,1.0,7,,0.0,2.0,3.0,A01,138Â 198Â 935,1.0
1015490,201900057021,1,2,08:00,2,1,1,1.0,6.0,89407,CD 905,M,"47,8234750","4,0567490",89,2019,80.0,1.0,2.0,3.0,2271046,10.0,3,2,1,5.0,,6.0,A,1965.0,C01,138Â 198Â 932,0.0,-1.0,-1.0,1733456,1.0,10,,0.0,1.0,3.0,C01,138Â 198Â 932,1.0
1015490,201900057021,1,2,08:00,2,1,1,1.0,6.0,89407,CD 905,M,"47,8234750","4,0567490",89,2019,80.0,1.0,2.0,3.0,2271046,10.0,3,2,1,5.0,,6.0,A,1965.0,C01,138Â 198Â 932,0.0,-1.0,-1.0,1733457,2.0,10,,0.0,2.0,2.0,A01,138Â 198Â 934,1.0
1015490,201900057021,1,2,08:00,2,1,1,1.0,6.0,89407,CD 905,M,"47,8234750","4,0567490",89,2019,80.0,1.0,2.0,3.0,2271047,1.0,1,1,1,5.0,,0.0,0,1955.0,C01,138Â 198Â 932,1.0,-1.0,-1.0,1733456,1.0,10,,0.0,1.0,3.0,C01,138Â 198Â 932,1.0
1015490,201900057021,1,2,08:00,2,1,1,1.0,6.0,89407,CD 905,M,"47,8234750","4,0567490",89,2019,80.0,1.0,2.0,3.0,2271047,1.0,1,1,1,5.0,,0.0,0,1955.0,C01,138Â 198Â 932,1.0,-1.0,-1.0,1733457,2.0,10,,0.0,2.0,2.0,A01,138Â 198Â 934,1.0
1015490,201900057021,1,2,08:00,2,1,1,1.0,6.0,89407,CD 905,M,"47,8234750","4,0567490",89,2019,80.0,1.0,2.0,3.0,2271048,1.0,1,4,1,4.0,,0.0,0,1972.0,A01,138Â 198Â 934,1.0,-1.0,-1.0,1733456,1.0,10,,0.0,1.0,3.0,C01,138Â 198Â 932,1.0
1015490,201900057021,1,2,08:00,2,1,1,1.0,6.0,89407,CD 905,M,"47,8234750","4,0567490",89,2019,80.0,1.0,2.0,3.0,2271048,1.0,1,4,1,4.0,,0.0,0,1972.0,A01,138Â 198Â 934,1.0,-1.0,-1.0,1733457,2.0,10,,0.0,2.0,2.0,A01,138Â 198Â 934,1.0
1015491,201900057022,6,26,13:10,1,2,1,7.0,3.0,85191,AVENUE PABLO PICASSO ,M,"46,6573800"," -1,4238800",85,2019,50.0,1.0,1.0,4.0,2271049,1.0,1,1,2,5.0,,0.0,0,1985.0,A01,138Â 198Â 930,1.0,8.0,-1.0,1733458,3.0,7,,0.0,2.0,1.0,A01,138Â 198Â 930,1.0
1015491,201900057022,6,26,13:10,1,2,1,7.0,3.0,85191,AVENUE PABLO PICASSO ,M,"46,6573800"," -1,4238800",85,2019,50.0,1.0,1.0,4.0,2271049,1.0,1,1,2,5.0,,0.0,0,1985.0,A01,138Â 198Â 930,1.0,8.0,-1.0,1733459,3.0,1,,0.0,2.0,7.0,B01,138Â 198Â 931,5.0
1015491,201900057022,6,26,13:10,1,2,1,7.0,3.0,85191,AVENUE PABLO PICASSO ,M,"46,6573800"," -1,4238800",85,2019,50.0,1.0,1.0,4.0,2271050,1.0,1,4,2,5.0,,0.0,0,1998.0,B01,138Â 198Â 931,2.0,0.0,-1.0,1733458,3.0,7,,0.0,2.0,1.0,A01,138Â 198Â 930,1.0