Unnamed: 0_x,num_acc,mois,jour,hrmn,lum,agg,int,atm,col,com,adr,gps,lat,long,dep,annee,vma,situ,surf,catr,Unnamed: 0_y,place,catu,grav,sexe,trajet,secu,locp,actp,an_nais,num_veh_x,id_vehicule_x,secu1,secu2,secu3,Unnamed: 0,senc,catv,occutc,obs,obsm,choc,num_veh_y,id_vehicule_y,motor
1015491,201900057022,6,26,13:10,1,2,1,7.0,3.0,85191,AVENUE PABLO PICASSO ,M,"46,6573800"," -1,4238800",85,2019,50.0,1.0,1.0,4.0,2271050,1.0,1,4,2,5.0,,0.0,0,1998.0,B01,138Â 198Â 931,2.0,0.0,-1.0,1733459,3.0,1,,0.0,2.0,7.0,B01,138Â 198Â 931,5.0
1015492,201900057023,1,1,07:00,5,2,1,8.0,6.0,89119,RN 151 - PK 0+522,M,"47,5209650","3,5398890",89,2019,50.0,1.0,1.0,2.0,2271051,1.0,1,3,1,5.0,,0.0,0,1981.0,A01,138Â 198Â 929,1.0,-1.0,-1.0,1733460,2.0,7,,2.0,0.0,2.0,A01,138Â 198Â 929,1.0
1015492,201900057023,1,1,07:00,5,2,1,8.0,6.0,89119,RN 151 - PK 0+522,M,"47,5209650","3,5398890",89,2019,50.0,1.0,1.0,2.0,2271052,2.0,2,2,1,5.0,,0.0,0,1993.0,A01,138Â 198Â 929,0.0,-1.0,-1.0,1733460,2.0,7,,2.0,0.0,2.0,A01,138Â 198Â 929,1.0
1015493,201900057024,1,2,11:42,1,2,9,1.0,6.0,63430,AVENUE LÃO LAGRANGE,M,"45,8480912","3,5318631",63,2019,50.0,4.0,2.0,3.0,2271053,1.0,1,1,1,5.0,,0.0,0,1963.0,A01,138Â 198Â 925,8.0,-1.0,-1.0,1733461,0.0,7,,0.0,1.0,2.0,A01,138Â 198Â 925,1.0
1015493,201900057024,1,2,11:42,1,2,9,1.0,6.0,63430,AVENUE LÃO LAGRANGE,M,"45,8480912","3,5318631",63,2019,50.0,4.0,2.0,3.0,2271054,10.0,3,3,2,5.0,,5.0,2,1934.0,A01,138Â 198Â 925,0.0,-1.0,-1.0,1733461,0.0,7,,0.0,1.0,2.0,A01,138Â 198Â 925,1.0
1015494,201900057025,1,5,10:50,1,1,1,1.0,6.0,61061,D928,M,"48,4297930","0,9597060",61,2019,80.0,1.0,1.0,3.0,2271055,2.0,2,3,2,5.0,,0.0,0,1971.0,A01,138Â 198Â 923,1.0,-1.0,-1.0,1733462,1.0,7,,2.0,0.0,1.0,A01,138Â 198Â 923,1.0
1015494,201900057025,1,5,10:50,1,1,1,1.0,6.0,61061,D928,M,"48,4297930","0,9597060",61,2019,80.0,1.0,1.0,3.0,2271056,1.0,1,4,1,5.0,,0.0,0,1970.0,A01,138Â 198Â 923,1.0,-1.0,-1.0,1733462,1.0,7,,2.0,0.0,1.0,A01,138Â 198Â 923,1.0
1015495,201900057026,1,4,05:15,3,2,6,1.0,6.0,61428,RD18,M,"48,6069740"," -0,3748240",61,2019,70.0,8.0,1.0,3.0,2271057,1.0,1,3,1,0.0,,0.0,0,1976.0,A01,138Â 198Â 921,1.0,-1.0,-1.0,1733463,2.0,7,,14.0,0.0,1.0,A01,138Â 198Â 921,1.0
1015496,201900057027,1,1,17:25,3,1,1,1.0,6.0,61175,D438,M,"48,5075890","0,1272240",61,2019,110.0,1.0,1.0,3.0,2271058,1.0,1,4,2,1.0,,0.0,0,1983.0,A01,138Â 198Â 918,8.0,-1.0,-1.0,1733464,1.0,7,,3.0,0.0,0.0,A01,138Â 198Â 918,1.0
1015497,201900057028,7,9,14:35,1,2,1,1.0,3.0,77333,D607 - LYON (AVENUE DE),M,"48,2618007","2,7000424",77,2019,50.0,1.0,1.0,3.0,2271059,2.0,2,3,1,4.0,,-1.0,0,1996.0,A01,138Â 198Â 917,1.0,8.0,-1.0,1733465,2.0,10,,1.0,2.0,3.0,A01,138Â 198Â 917,1.0
1015497,201900057028,7,9,14:35,1,2,1,1.0,3.0,77333,D607 - LYON (AVENUE DE),M,"48,2618007","2,7000424",77,2019,50.0,1.0,1.0,3.0,2271059,2.0,2,3,1,4.0,,-1.0,0,1996.0,A01,138Â 198Â 917,1.0,8.0,-1.0,1733466,1.0,10,,1.0,2.0,8.0,B01,138Â 198Â 919,1.0
1015497,201900057028,7,9,14:35,1,2,1,1.0,3.0,77333,D607 - LYON (AVENUE DE),M,"48,2618007","2,7000424",77,2019,50.0,1.0,1.0,3.0,2271060,1.0,1,3,1,4.0,,-1.0,0,1974.0,A01,138Â 198Â 917,1.0,8.0,-1.0,1733465,2.0,10,,1.0,2.0,3.0,A01,138Â 198Â 917,1.0
1015497,201900057028,7,9,14:35,1,2,1,1.0,3.0,77333,D607 - LYON (AVENUE DE),M,"48,2618007","2,7000424",77,2019,50.0,1.0,1.0,3.0,2271060,1.0,1,3,1,4.0,,-1.0,0,1974.0,A01,138Â 198Â 917,1.0,8.0,-1.0,1733466,1.0,10,,1.0,2.0,8.0,B01,138Â 198Â 919,1.0
1015497,201900057028,7,9,14:35,1,2,1,1.0,3.0,77333,D607 - LYON (AVENUE DE),M,"48,2618007","2,7000424",77,2019,50.0,1.0,1.0,3.0,2271061,1.0,1,1,1,4.0,,-1.0,0,1955.0,B01,138Â 198Â 919,1.0,0.0,-1.0,1733465,2.0,10,,1.0,2.0,3.0,A01,138Â 198Â 917,1.0
1015497,201900057028,7,9,14:35,1,2,1,1.0,3.0,77333,D607 - LYON (AVENUE DE),M,"48,2618007","2,7000424",77,2019,50.0,1.0,1.0,3.0,2271061,1.0,1,1,1,4.0,,-1.0,0,1955.0,B01,138Â 198Â 919,1.0,0.0,-1.0,1733466,1.0,10,,1.0,2.0,8.0,B01,138Â 198Â 919,1.0
1015498,201900057029,1,2,14:35,1,2,1,1.0,3.0,55191,7 route d'ETAIN,M,"49,2296200","5,6114900",55,2019,50.0,1.0,1.0,3.0,2271062,1.0,1,1,2,0.0,,0.0,0,1963.0,B01,138Â 198Â 915,1.0,-1.0,-1.0,1733467,1.0,7,,0.0,2.0,7.0,B01,138Â 198Â 915,1.0
1015498,201900057029,1,2,14:35,1,2,1,1.0,3.0,55191,7 route d'ETAIN,M,"49,2296200","5,6114900",55,2019,50.0,1.0,1.0,3.0,2271062,1.0,1,1,2,0.0,,0.0,0,1963.0,B01,138Â 198Â 915,1.0,-1.0,-1.0,1733468,1.0,2,,1.0,2.0,2.0,A01,138Â 198Â 916,1.0
1015498,201900057029,1,2,14:35,1,2,1,1.0,3.0,55191,7 route d'ETAIN,M,"49,2296200","5,6114900",55,2019,50.0,1.0,1.0,3.0,2271063,2.0,2,3,1,0.0,,0.0,0,2003.0,A01,138Â 198Â 916,2.0,6.0,-1.0,1733467,1.0,7,,0.0,2.0,7.0,B01,138Â 198Â 915,1.0
1015498,201900057029,1,2,14:35,1,2,1,1.0,3.0,55191,7 route d'ETAIN,M,"49,2296200","5,6114900",55,2019,50.0,1.0,1.0,3.0,2271063,2.0,2,3,1,0.0,,0.0,0,2003.0,A01,138Â 198Â 916,2.0,6.0,-1.0,1733468,1.0,2,,1.0,2.0,2.0,A01,138Â 198Â 916,1.0
1015498,201900057029,1,2,14:35,1,2,1,1.0,3.0,55191,7 route d'ETAIN,M,"49,2296200","5,6114900",55,2019,50.0,1.0,1.0,3.0,2271064,1.0,1,4,1,0.0,,0.0,0,2003.0,A01,138Â 198Â 916,2.0,6.0,-1.0,1733467,1.0,7,,0.0,2.0,7.0,B01,138Â 198Â 915,1.0
1015498,201900057029,1,2,14:35,1,2,1,1.0,3.0,55191,7 route d'ETAIN,M,"49,2296200","5,6114900",55,2019,50.0,1.0,1.0,3.0,2271064,1.0,1,4,1,0.0,,0.0,0,2003.0,A01,138Â 198Â 916,2.0,6.0,-1.0,1733468,1.0,2,,1.0,2.0,2.0,A01,138Â 198Â 916,1.0
1015499,201900057030,7,10,21:17,1,1,1,1.0,1.0,77186,RD607,M,"48,4423100","2,6473900",77,2019,90.0,1.0,1.0,3.0,2271065,1.0,1,3,1,0.0,,-1.0,0,2001.0,A01,138Â 198Â 913,1.0,0.0,-1.0,1733469,1.0,7,,0.0,2.0,1.0,A01,138Â 198Â 913,1.0
1015499,201900057030,7,10,21:17,1,1,1,1.0,1.0,77186,RD607,M,"48,4423100","2,6473900",77,2019,90.0,1.0,1.0,3.0,2271065,1.0,1,3,1,0.0,,-1.0,0,2001.0,A01,138Â 198Â 913,1.0,0.0,-1.0,1733470,2.0,7,,0.0,2.0,1.0,B01,138Â 198Â 914,1.0
1015499,201900057030,7,10,21:17,1,1,1,1.0,1.0,77186,RD607,M,"48,4423100","2,6473900",77,2019,90.0,1.0,1.0,3.0,2271066,1.0,1,3,1,9.0,,-1.0,0,1960.0,B01,138Â 198Â 914,1.0,0.0,-1.0,1733469,1.0,7,,0.0,2.0,1.0,A01,138Â 198Â 913,1.0
1015499,201900057030,7,10,21:17,1,1,1,1.0,1.0,77186,RD607,M,"48,4423100","2,6473900",77,2019,90.0,1.0,1.0,3.0,2271066,1.0,1,3,1,9.0,,-1.0,0,1960.0,B01,138Â 198Â 914,1.0,0.0,-1.0,1733470,2.0,7,,0.0,2.0,1.0,B01,138Â 198Â 914,1.0
1015499,201900057030,7,10,21:17,1,1,1,1.0,1.0,77186,RD607,M,"48,4423100","2,6473900",77,2019,90.0,1.0,1.0,3.0,2271067,2.0,2,3,1,0.0,,-1.0,0,1993.0,B01,138Â 198Â 914,1.0,0.0,-1.0,1733469,1.0,7,,0.0,2.0,1.0,A01,138Â 198Â 913,1.0
1015499,201900057030,7,10,21:17,1,1,1,1.0,1.0,77186,RD607,M,"48,4423100","2,6473900",77,2019,90.0,1.0,1.0,3.0,2271067,2.0,2,3,1,0.0,,-1.0,0,1993.0,B01,138Â 198Â 914,1.0,0.0,-1.0,1733470,2.0,7,,0.0,2.0,1.0,B01,138Â 198Â 914,1.0
1015500,201900057031,7,9,17:40,1,2,1,1.0,7.0,76212,CARNOT. RUE SADI,M,"49,4408800","1,1478400",76,2019,50.0,1.0,1.0,3.0,2271068,1.0,1,4,1,1.0,,0.0,0,1993.0,A01,138Â 198Â 911,2.0,6.0,-1.0,1733471,0.0,33,,1.0,0.0,7.0,A01,138Â 198Â 911,1.0
1015501,201900057032,1,3,18:20,3,1,1,1.0,7.0,49215,d166,M,"47,1343780"," -0,1017540",49,2019,80.0,1.0,1.0,3.0,2271069,1.0,1,4,1,5.0,,0.0,0,2003.0,A01,138Â 198Â 910,2.0,-1.0,-1.0,1733472,0.0,2,,0.0,0.0,0.0,A01,138Â 198Â 910,1.0
1015502,201900057033,7,9,17:20,1,1,1,1.0,3.0,76540,A150,M,"49,4509200","1,0574500",76,2019,70.0,1.0,1.0,1.0,2271070,1.0,1,4,2,1.0,,0.0,0,1987.0,A01,138Â 198Â 909,1.0,0.0,-1.0,1733473,1.0,17,,0.0,2.0,0.0,Z01,138Â 198Â 908,1.0
1015502,201900057033,7,9,17:20,1,1,1,1.0,3.0,76540,A150,M,"49,4509200","1,0574500",76,2019,70.0,1.0,1.0,1.0,2271070,1.0,1,4,2,1.0,,0.0,0,1987.0,A01,138Â 198Â 909,1.0,0.0,-1.0,1733474,1.0,7,,0.0,2.0,8.0,A01,138Â 198Â 909,1.0
1015503,201900057034,1,2,12:00,1,1,1,1.0,7.0,12006,RD25 - PR 17+0440,M,"44,1328390","2,6603440",12,2019,80.0,8.0,7.0,3.0,2271071,1.0,1,4,2,0.0,,0.0,0,1943.0,A01,138Â 198Â 907,1.0,-1.0,-1.0,1733475,2.0,7,,0.0,0.0,0.0,A01,138Â 198Â 907,1.0
1015503,201900057034,1,2,12:00,1,1,1,1.0,7.0,12006,RD25 - PR 17+0440,M,"44,1328390","2,6603440",12,2019,80.0,8.0,7.0,3.0,2271072,2.0,2,4,2,0.0,,0.0,0,1964.0,A01,138Â 198Â 907,1.0,-1.0,-1.0,1733475,2.0,7,,0.0,0.0,0.0,A01,138Â 198Â 907,1.0
1015504,201900057035,1,2,15:20,1,2,7,1.0,6.0,12224,Place du GÃ©nÃ©ral De Gaulle,M,"44,4642130","2,9738920",12,2019,50.0,1.0,1.0,6.0,2271073,1.0,1,1,1,5.0,,0.0,0,1999.0,A01,138Â 198Â 904,1.0,-1.0,-1.0,1733476,3.0,7,,0.0,1.0,2.0,A01,138Â 198Â 904,1.0
1015504,201900057035,1,2,15:20,1,2,7,1.0,6.0,12224,Place du GÃ©nÃ©ral De Gaulle,M,"44,4642130","2,9738920",12,2019,50.0,1.0,1.0,6.0,2271074,2.0,2,1,1,5.0,,0.0,0,1998.0,A01,138Â 198Â 904,1.0,-1.0,-1.0,1733476,3.0,7,,0.0,1.0,2.0,A01,138Â 198Â 904,1.0
1015504,201900057035,1,2,15:20,1,2,7,1.0,6.0,12224,Place du GÃ©nÃ©ral De Gaulle,M,"44,4642130","2,9738920",12,2019,50.0,1.0,1.0,6.0,2271075,4.0,2,1,1,5.0,,0.0,0,1999.0,A01,138Â 198Â 904,1.0,-1.0,-1.0,1733476,3.0,7,,0.0,1.0,2.0,A01,138Â 198Â 904,1.0
1015504,201900057035,1,2,15:20,1,2,7,1.0,6.0,12224,Place du GÃ©nÃ©ral De Gaulle,M,"44,4642130","2,9738920",12,2019,50.0,1.0,1.0,6.0,2271076,10.0,3,3,2,3.0,,2.0,1,1958.0,A01,138Â 198Â 904,0.0,-1.0,-1.0,1733476,3.0,7,,0.0,1.0,2.0,A01,138Â 198Â 904,1.0
1015505,201900057036,7,9,08:15,1,2,1,1.0,6.0,74010,CHAMBERY,M,"45,8994000","6,1213000",74,2019,30.0,1.0,1.0,4.0,2271077,1.0,1,2,2,5.0,,-1.0, -1,1997.0,A01,138Â 198Â 903,2.0,6.0,-1.0,1733477,1.0,30,,6.0,0.0,1.0,A01,138Â 198Â 903,1.0
1015506,201900057037,1,5,15:20,1,1,2,1.0,3.0,42228,Route dÃ©partementale 5- lieu dit la roche,M,"45,5617700","4,0939100",42,2019,50.0,1.0,2.0,3.0,2271078,2.0,2,4,1,5.0,,0.0,0,1994.0,B01,138Â 198Â 901,1.0,-1.0,-1.0,1733478,2.0,7,,8.0,2.0,1.0,B01,138Â 198Â 901,1.0
1015506,201900057037,1,5,15:20,1,1,2,1.0,3.0,42228,Route dÃ©partementale 5- lieu dit la roche,M,"45,5617700","4,0939100",42,2019,50.0,1.0,2.0,3.0,2271078,2.0,2,4,1,5.0,,0.0,0,1994.0,B01,138Â 198Â 901,1.0,-1.0,-1.0,1733479,3.0,7,,0.0,0.0,7.0,A01,138Â 198Â 902,1.0
1015506,201900057037,1,5,15:20,1,1,2,1.0,3.0,42228,Route dÃ©partementale 5- lieu dit la roche,M,"45,5617700","4,0939100",42,2019,50.0,1.0,2.0,3.0,2271079,1.0,1,4,2,5.0,,0.0,0,1995.0,B01,138Â 198Â 901,1.0,-1.0,-1.0,1733478,2.0,7,,8.0,2.0,1.0,B01,138Â 198Â 901,1.0
1015506,201900057037,1,5,15:20,1,1,2,1.0,3.0,42228,Route dÃ©partementale 5- lieu dit la roche,M,"45,5617700","4,0939100",42,2019,50.0,1.0,2.0,3.0,2271079,1.0,1,4,2,5.0,,0.0,0,1995.0,B01,138Â 198Â 901,1.0,-1.0,-1.0,1733479,3.0,7,,0.0,0.0,7.0,A01,138Â 198Â 902,1.0
1015506,201900057037,1,5,15:20,1,1,2,1.0,3.0,42228,Route dÃ©partementale 5- lieu dit la roche,M,"45,5617700","4,0939100",42,2019,50.0,1.0,2.0,3.0,2271080,1.0,1,4,1,5.0,,0.0,0,1930.0,A01,138Â 198Â 902,1.0,-1.0,-1.0,1733478,2.0,7,,8.0,2.0,1.0,B01,138Â 198Â 901,1.0
1015506,201900057037,1,5,15:20,1,1,2,1.0,3.0,42228,Route dÃ©partementale 5- lieu dit la roche,M,"45,5617700","4,0939100",42,2019,50.0,1.0,2.0,3.0,2271080,1.0,1,4,1,5.0,,0.0,0,1930.0,A01,138Â 198Â 902,1.0,-1.0,-1.0,1733479,3.0,7,,0.0,0.0,7.0,A01,138Â 198Â 902,1.0
1015507,201900057038,7,9,10:35,1,2,1,1.0,3.0,72181,JAURES JEAN (AV) NÂ° PAIRS 60 ET >,M,"47,9901100","0,2063800",72,2019,50.0,1.0,1.0,4.0,2271081,1.0,1,1,1,0.0,,0.0,0,1956.0,A01,138Â 198Â 899,1.0,0.0,-1.0,1733480,1.0,7,,0.0,2.0,3.0,A01,138Â 198Â 899,1.0
1015507,201900057038,7,9,10:35,1,2,1,1.0,3.0,72181,JAURES JEAN (AV) NÂ° PAIRS 60 ET >,M,"47,9901100","0,2063800",72,2019,50.0,1.0,1.0,4.0,2271081,1.0,1,1,1,0.0,,0.0,0,1956.0,A01,138Â 198Â 899,1.0,0.0,-1.0,1733481,1.0,1,,1.0,0.0,3.0,B01,138Â 198Â 900,5.0
1015507,201900057038,7,9,10:35,1,2,1,1.0,3.0,72181,JAURES JEAN (AV) NÂ° PAIRS 60 ET >,M,"47,9901100","0,2063800",72,2019,50.0,1.0,1.0,4.0,2271082,1.0,1,4,1,0.0,,0.0,0,1977.0,B01,138Â 198Â 900,8.0,0.0,-1.0,1733480,1.0,7,,0.0,2.0,3.0,A01,138Â 198Â 899,1.0
1015507,201900057038,7,9,10:35,1,2,1,1.0,3.0,72181,JAURES JEAN (AV) NÂ° PAIRS 60 ET >,M,"47,9901100","0,2063800",72,2019,50.0,1.0,1.0,4.0,2271082,1.0,1,4,1,0.0,,0.0,0,1977.0,B01,138Â 198Â 900,8.0,0.0,-1.0,1733481,1.0,1,,1.0,0.0,3.0,B01,138Â 198Â 900,5.0
1015508,201900057039,1,3,17:50,5,2,1,1.0,6.0,42023,Boulevard d'Almandet,M,"45,2979350","4,5676670",42,2019,50.0,1.0,1.0,3.0,2271083,1.0,1,1,1,3.0,,0.0,0,1936.0,A01,138Â 198Â 898,1.0,-1.0,-1.0,1733482,2.0,7,,0.0,1.0,2.0,A01,138Â 198Â 898,1.0
1015508,201900057039,1,3,17:50,5,2,1,1.0,6.0,42023,Boulevard d'Almandet,M,"45,2979350","4,5676670",42,2019,50.0,1.0,1.0,3.0,2271084,10.0,3,3,1,9.0,,2.0,9,1951.0,A01,138Â 198Â 898,0.0,-1.0,-1.0,1733482,2.0,7,,0.0,1.0,2.0,A01,138Â 198Â 898,1.0
1015508,201900057039,1,3,17:50,5,2,1,1.0,6.0,42023,Boulevard d'Almandet,M,"45,2979350","4,5676670",42,2019,50.0,1.0,1.0,3.0,2271085,2.0,2,1,2,3.0,,0.0,0,1940.0,A01,138Â 198Â 898,1.0,-1.0,-1.0,1733482,2.0,7,,0.0,1.0,2.0,A01,138Â 198Â 898,1.0
1015509,201900057040,7,10,07:50,1,1,3,1.0,3.0,71540,MARQUISE (LA),M,"46,7629900","4,4722000",71,2019,80.0,1.0,1.0,3.0,2271086,1.0,1,1,1,0.0,,0.0,0,1950.0,B01,138Â 198Â 895,1.0,0.0,-1.0,1733483,1.0,7,,0.0,2.0,8.0,B01,138Â 198Â 895,3.0
1015509,201900057040,7,10,07:50,1,1,3,1.0,3.0,71540,MARQUISE (LA),M,"46,7629900","4,4722000",71,2019,80.0,1.0,1.0,3.0,2271086,1.0,1,1,1,0.0,,0.0,0,1950.0,B01,138Â 198Â 895,1.0,0.0,-1.0,1733484,1.0,34,,0.0,2.0,1.0,A01,138Â 198Â 897,1.0
1015509,201900057040,7,10,07:50,1,1,3,1.0,3.0,71540,MARQUISE (LA),M,"46,7629900","4,4722000",71,2019,80.0,1.0,1.0,3.0,2271087,1.0,1,4,1,1.0,,0.0,0,1963.0,A01,138Â 198Â 897,2.0,0.0,-1.0,1733483,1.0,7,,0.0,2.0,8.0,B01,138Â 198Â 895,3.0
1015509,201900057040,7,10,07:50,1,1,3,1.0,3.0,71540,MARQUISE (LA),M,"46,7629900","4,4722000",71,2019,80.0,1.0,1.0,3.0,2271087,1.0,1,4,1,1.0,,0.0,0,1963.0,A01,138Â 198Â 897,2.0,0.0,-1.0,1733484,1.0,34,,0.0,2.0,1.0,A01,138Â 198Â 897,1.0
1015510,201900057041,1,3,14:00,1,1,1,7.0,5.0,47312,RD 656,M,"44,3960200","1,0203650",47,2019,80.0,1.0,1.0,3.0,2271088,1.0,1,3,2,4.0,,0.0,0,1960.0,A01,138Â 198Â 893,1.0,-1.0,-1.0,1733485,1.0,7,,0.0,2.0,1.0,A01,138Â 198Â 893,1.0
1015510,201900057041,1,3,14:00,1,1,1,7.0,5.0,47312,RD 656,M,"44,3960200","1,0203650",47,2019,80.0,1.0,1.0,3.0,2271088,1.0,1,3,2,4.0,,0.0,0,1960.0,A01,138Â 198Â 893,1.0,-1.0,-1.0,1733486,2.0,10,,0.0,2.0,3.0,B01,138Â 198Â 894,1.0
1015510,201900057041,1,3,14:00,1,1,1,7.0,5.0,47312,RD 656,M,"44,3960200","1,0203650",47,2019,80.0,1.0,1.0,3.0,2271088,1.0,1,3,2,4.0,,0.0,0,1960.0,A01,138Â 198Â 893,1.0,-1.0,-1.0,1733487,1.0,7,,0.0,2.0,3.0,C01,138Â 198Â 896,1.0
1015510,201900057041,1,3,14:00,1,1,1,7.0,5.0,47312,RD 656,M,"44,3960200","1,0203650",47,2019,80.0,1.0,1.0,3.0,2271089,1.0,1,4,1,4.0,,0.0,0,1954.0,B01,138Â 198Â 894,1.0,-1.0,-1.0,1733485,1.0,7,,0.0,2.0,1.0,A01,138Â 198Â 893,1.0
1015510,201900057041,1,3,14:00,1,1,1,7.0,5.0,47312,RD 656,M,"44,3960200","1,0203650",47,2019,80.0,1.0,1.0,3.0,2271089,1.0,1,4,1,4.0,,0.0,0,1954.0,B01,138Â 198Â 894,1.0,-1.0,-1.0,1733486,2.0,10,,0.0,2.0,3.0,B01,138Â 198Â 894,1.0
1015510,201900057041,1,3,14:00,1,1,1,7.0,5.0,47312,RD 656,M,"44,3960200","1,0203650",47,2019,80.0,1.0,1.0,3.0,2271089,1.0,1,4,1,4.0,,0.0,0,1954.0,B01,138Â 198Â 894,1.0,-1.0,-1.0,1733487,1.0,7,,0.0,2.0,3.0,C01,138Â 198Â 896,1.0
1015510,201900057041,1,3,14:00,1,1,1,7.0,5.0,47312,RD 656,M,"44,3960200","1,0203650",47,2019,80.0,1.0,1.0,3.0,2271090,1.0,1,1,1,5.0,,0.0,0,1953.0,C01,138Â 198Â 896,1.0,-1.0,-1.0,1733485,1.0,7,,0.0,2.0,1.0,A01,138Â 198Â 893,1.0
1015510,201900057041,1,3,14:00,1,1,1,7.0,5.0,47312,RD 656,M,"44,3960200","1,0203650",47,2019,80.0,1.0,1.0,3.0,2271090,1.0,1,1,1,5.0,,0.0,0,1953.0,C01,138Â 198Â 896,1.0,-1.0,-1.0,1733486,2.0,10,,0.0,2.0,3.0,B01,138Â 198Â 894,1.0
1015510,201900057041,1,3,14:00,1,1,1,7.0,5.0,47312,RD 656,M,"44,3960200","1,0203650",47,2019,80.0,1.0,1.0,3.0,2271090,1.0,1,1,1,5.0,,0.0,0,1953.0,C01,138Â 198Â 896,1.0,-1.0,-1.0,1733487,1.0,7,,0.0,2.0,3.0,C01,138Â 198Â 896,1.0
1015510,201900057041,1,3,14:00,1,1,1,7.0,5.0,47312,RD 656,M,"44,3960200","1,0203650",47,2019,80.0,1.0,1.0,3.0,2271091,2.0,2,1,2,5.0,,0.0,0,1980.0,C01,138Â 198Â 896,1.0,-1.0,-1.0,1733485,1.0,7,,0.0,2.0,1.0,A01,138Â 198Â 893,1.0
1015510,201900057041,1,3,14:00,1,1,1,7.0,5.0,47312,RD 656,M,"44,3960200","1,0203650",47,2019,80.0,1.0,1.0,3.0,2271091,2.0,2,1,2,5.0,,0.0,0,1980.0,C01,138Â 198Â 896,1.0,-1.0,-1.0,1733486,2.0,10,,0.0,2.0,3.0,B01,138Â 198Â 894,1.0
1015510,201900057041,1,3,14:00,1,1,1,7.0,5.0,47312,RD 656,M,"44,3960200","1,0203650",47,2019,80.0,1.0,1.0,3.0,2271091,2.0,2,1,2,5.0,,0.0,0,1980.0,C01,138Â 198Â 896,1.0,-1.0,-1.0,1733487,1.0,7,,0.0,2.0,3.0,C01,138Â 198Â 896,1.0
1015511,201900057042,7,11,00:20,5,2,2,1.0,3.0,69256,ALEXANDRE DUMAS                     (R ),M,"45,7534500","4,9323900",69,2019,50.0,1.0,1.0,4.0,2271092,1.0,1,1,1,5.0,,0.0,0,1967.0,B01,138Â 198Â 891,1.0,0.0,-1.0,1733488,2.0,10,,0.0,2.0,5.0,B01,138Â 198Â 891,1.0
1015511,201900057042,7,11,00:20,5,2,2,1.0,3.0,69256,ALEXANDRE DUMAS                     (R ),M,"45,7534500","4,9323900",69,2019,50.0,1.0,1.0,4.0,2271092,1.0,1,1,1,5.0,,0.0,0,1967.0,B01,138Â 198Â 891,1.0,0.0,-1.0,1733489,1.0,7,,0.0,2.0,1.0,A01,138Â 198Â 892,1.0
1015511,201900057042,7,11,00:20,5,2,2,1.0,3.0,69256,ALEXANDRE DUMAS                     (R ),M,"45,7534500","4,9323900",69,2019,50.0,1.0,1.0,4.0,2271093,6.0,2,1,2,5.0,,0.0,0,2000.0,B01,138Â 198Â 891,1.0,0.0,-1.0,1733488,2.0,10,,0.0,2.0,5.0,B01,138Â 198Â 891,1.0
1015511,201900057042,7,11,00:20,5,2,2,1.0,3.0,69256,ALEXANDRE DUMAS                     (R ),M,"45,7534500","4,9323900",69,2019,50.0,1.0,1.0,4.0,2271093,6.0,2,1,2,5.0,,0.0,0,2000.0,B01,138Â 198Â 891,1.0,0.0,-1.0,1733489,1.0,7,,0.0,2.0,1.0,A01,138Â 198Â 892,1.0
1015511,201900057042,7,11,00:20,5,2,2,1.0,3.0,69256,ALEXANDRE DUMAS                     (R ),M,"45,7534500","4,9323900",69,2019,50.0,1.0,1.0,4.0,2271094,2.0,2,1,1,5.0,,0.0,0,2002.0,B01,138Â 198Â 891,1.0,0.0,-1.0,1733488,2.0,10,,0.0,2.0,5.0,B01,138Â 198Â 891,1.0
1015511,201900057042,7,11,00:20,5,2,2,1.0,3.0,69256,ALEXANDRE DUMAS                     (R ),M,"45,7534500","4,9323900",69,2019,50.0,1.0,1.0,4.0,2271094,2.0,2,1,1,5.0,,0.0,0,2002.0,B01,138Â 198Â 891,1.0,0.0,-1.0,1733489,1.0,7,,0.0,2.0,1.0,A01,138Â 198Â 892,1.0
1015511,201900057042,7,11,00:20,5,2,2,1.0,3.0,69256,ALEXANDRE DUMAS                     (R ),M,"45,7534500","4,9323900",69,2019,50.0,1.0,1.0,4.0,2271095,2.0,2,4,1,5.0,,0.0,0,2000.0,A01,138Â 198Â 892,1.0,0.0,-1.0,1733488,2.0,10,,0.0,2.0,5.0,B01,138Â 198Â 891,1.0
1015511,201900057042,7,11,00:20,5,2,2,1.0,3.0,69256,ALEXANDRE DUMAS                     (R ),M,"45,7534500","4,9323900",69,2019,50.0,1.0,1.0,4.0,2271095,2.0,2,4,1,5.0,,0.0,0,2000.0,A01,138Â 198Â 892,1.0,0.0,-1.0,1733489,1.0,7,,0.0,2.0,1.0,A01,138Â 198Â 892,1.0
1015511,201900057042,7,11,00:20,5,2,2,1.0,3.0,69256,ALEXANDRE DUMAS                     (R ),M,"45,7534500","4,9323900",69,2019,50.0,1.0,1.0,4.0,2271096,1.0,1,4,1,5.0,,0.0,0,1999.0,A01,138Â 198Â 892,1.0,0.0,-1.0,1733488,2.0,10,,0.0,2.0,5.0,B01,138Â 198Â 891,1.0