Unnamed: 0_x,num_acc,mois,jour,hrmn,lum,agg,int,atm,col,com,adr,gps,lat,long,dep,annee,vma,situ,surf,catr,Unnamed: 0_y,place,catu,grav,sexe,trajet,secu,locp,actp,an_nais,num_veh_x,id_vehicule_x,secu1,secu2,secu3,Unnamed: 0,senc,catv,occutc,obs,obsm,choc,num_veh_y,id_vehicule_y,motor
1015511,201900057042,7,11,00:20,5,2,2,1.0,3.0,69256,ALEXANDRE DUMAS                     (R ),M,"45,7534500","4,9323900",69,2019,50.0,1.0,1.0,4.0,2271096,1.0,1,4,1,5.0,,0.0,0,1999.0,A01,138Â 198Â 892,1.0,0.0,-1.0,1733489,1.0,7,,0.0,2.0,1.0,A01,138Â 198Â 892,1.0
1015512,201900057043,1,6,04:10,5,1,1,1.0,6.0,47004,vinzelle,M,"44,3054396","0,3508202",47,2019,80.0,3.0,1.0,3.0,2271097,2.0,2,4,1,5.0,,0.0,0,1971.0,A01,138Â 198Â 890,1.0,-1.0,-1.0,1733490,1.0,7,,13.0,0.0,9.0,A01,138Â 198Â 890,1.0
1015512,201900057043,1,6,04:10,5,1,1,1.0,6.0,47004,vinzelle,M,"44,3054396","0,3508202",47,2019,80.0,3.0,1.0,3.0,2271098,7.0,2,3,1,5.0,,0.0,0,1993.0,A01,138Â 198Â 890,0.0,-1.0,-1.0,1733490,1.0,7,,13.0,0.0,9.0,A01,138Â 198Â 890,1.0
1015512,201900057043,1,6,04:10,5,1,1,1.0,6.0,47004,vinzelle,M,"44,3054396","0,3508202",47,2019,80.0,3.0,1.0,3.0,2271099,1.0,1,3,1,5.0,,0.0,0,1983.0,A01,138Â 198Â 890,1.0,-1.0,-1.0,1733490,1.0,7,,13.0,0.0,9.0,A01,138Â 198Â 890,1.0
1015512,201900057043,1,6,04:10,5,1,1,1.0,6.0,47004,vinzelle,M,"44,3054396","0,3508202",47,2019,80.0,3.0,1.0,3.0,2271100,9.0,2,3,2,5.0,,0.0,0,1998.0,A01,138Â 198Â 890,0.0,-1.0,-1.0,1733490,1.0,7,,13.0,0.0,9.0,A01,138Â 198Â 890,1.0
1015513,201900057044,1,5,17:20,1,1,1,7.0,1.0,47213,brandou,M,"44,2970800","0,5253040",47,2019,80.0,1.0,1.0,3.0,2271101,1.0,1,1,1,5.0,,0.0,0,1961.0,A01,138Â 198Â 887,1.0,-1.0,-1.0,1733491,2.0,7,,0.0,2.0,2.0,A01,138Â 198Â 887,0.0
1015513,201900057044,1,5,17:20,1,1,1,7.0,1.0,47213,brandou,M,"44,2970800","0,5253040",47,2019,80.0,1.0,1.0,3.0,2271101,1.0,1,1,1,5.0,,0.0,0,1961.0,A01,138Â 198Â 887,1.0,-1.0,-1.0,1733492,1.0,33,,0.0,2.0,1.0,B01,138Â 198Â 888,0.0
1015513,201900057044,1,5,17:20,1,1,1,7.0,1.0,47213,brandou,M,"44,2970800","0,5253040",47,2019,80.0,1.0,1.0,3.0,2271102,1.0,1,3,1,5.0,,0.0,0,1972.0,B01,138Â 198Â 888,2.0,-1.0,-1.0,1733491,2.0,7,,0.0,2.0,2.0,A01,138Â 198Â 887,0.0
1015513,201900057044,1,5,17:20,1,1,1,7.0,1.0,47213,brandou,M,"44,2970800","0,5253040",47,2019,80.0,1.0,1.0,3.0,2271102,1.0,1,3,1,5.0,,0.0,0,1972.0,B01,138Â 198Â 888,2.0,-1.0,-1.0,1733492,1.0,33,,0.0,2.0,1.0,B01,138Â 198Â 888,0.0
1015514,201900057045,7,10,16:35,1,2,4,1.0,3.0,69266,4 AOUT 1789    (Rue du),M,"45,7648700","4,8935400",69,2019,50.0,1.0,1.0,4.0,2271103,1.0,1,4,2,0.0,,-1.0, -1,1965.0,B01,138Â 198Â 886,2.0,0.0,-1.0,1733493,2.0,60,,0.0,2.0,0.0,B01,138Â 198Â 886,0.0
1015514,201900057045,7,10,16:35,1,2,4,1.0,3.0,69266,4 AOUT 1789    (Rue du),M,"45,7648700","4,8935400",69,2019,50.0,1.0,1.0,4.0,2271103,1.0,1,4,2,0.0,,-1.0, -1,1965.0,B01,138Â 198Â 886,2.0,0.0,-1.0,1733494,3.0,7,,0.0,2.0,1.0,A01,138Â 198Â 889,1.0
1015514,201900057045,7,10,16:35,1,2,4,1.0,3.0,69266,4 AOUT 1789    (Rue du),M,"45,7648700","4,8935400",69,2019,50.0,1.0,1.0,4.0,2271104,1.0,1,1,1,9.0,,-1.0, -1,1996.0,A01,138Â 198Â 889,1.0,0.0,-1.0,1733493,2.0,60,,0.0,2.0,0.0,B01,138Â 198Â 886,0.0
1015514,201900057045,7,10,16:35,1,2,4,1.0,3.0,69266,4 AOUT 1789    (Rue du),M,"45,7648700","4,8935400",69,2019,50.0,1.0,1.0,4.0,2271104,1.0,1,1,1,9.0,,-1.0, -1,1996.0,A01,138Â 198Â 889,1.0,0.0,-1.0,1733494,3.0,7,,0.0,2.0,1.0,A01,138Â 198Â 889,1.0
1015515,201900057046,1,1,00:30,3,1,4,1.0,6.0,86298,carrefour de la  D15 et de  la D15b,M,"46,7199390","0,5501659",86,2019,50.0,3.0,1.0,3.0,2271105,7.0,2,3,2,5.0,,0.0,0,2011.0,A01,138Â 198Â 885,1.0,-1.0,-1.0,1733495,1.0,7,,13.0,0.0,8.0,A01,138Â 198Â 885,1.0
1015515,201900057046,1,1,00:30,3,1,4,1.0,6.0,86298,carrefour de la  D15 et de  la D15b,M,"46,7199390","0,5501659",86,2019,50.0,3.0,1.0,3.0,2271106,1.0,1,1,1,5.0,,0.0,0,1984.0,A01,138Â 198Â 885,1.0,-1.0,-1.0,1733495,1.0,7,,13.0,0.0,8.0,A01,138Â 198Â 885,1.0
1015516,201900057047,7,8,19:00,1,2,1,1.0,1.0,69275,LEON TOLSTOI                        (AV),M,"45,7722816","4,9599023",69,2019,50.0,1.0,1.0,4.0,2271107,1.0,1,1,1,4.0,,0.0,0,1971.0,A01,138Â 198Â 882,1.0,0.0,-1.0,1733496,1.0,7,,0.0,2.0,2.0,A01,138Â 198Â 882,1.0
1015516,201900057047,7,8,19:00,1,2,1,1.0,1.0,69275,LEON TOLSTOI                        (AV),M,"45,7722816","4,9599023",69,2019,50.0,1.0,1.0,4.0,2271107,1.0,1,1,1,4.0,,0.0,0,1971.0,A01,138Â 198Â 882,1.0,0.0,-1.0,1733497,2.0,1,,0.0,2.0,3.0,B01,138Â 198Â 883,5.0
1015516,201900057047,7,8,19:00,1,2,1,1.0,1.0,69275,LEON TOLSTOI                        (AV),M,"45,7722816","4,9599023",69,2019,50.0,1.0,1.0,4.0,2271108,1.0,1,3,1,5.0,,0.0,0,2008.0,B01,138Â 198Â 883,2.0,0.0,-1.0,1733496,1.0,7,,0.0,2.0,2.0,A01,138Â 198Â 882,1.0
1015516,201900057047,7,8,19:00,1,2,1,1.0,1.0,69275,LEON TOLSTOI                        (AV),M,"45,7722816","4,9599023",69,2019,50.0,1.0,1.0,4.0,2271108,1.0,1,3,1,5.0,,0.0,0,2008.0,B01,138Â 198Â 883,2.0,0.0,-1.0,1733497,2.0,1,,0.0,2.0,3.0,B01,138Â 198Â 883,5.0
1015517,201900057048,1,6,02:45,3,1,1,2.0,6.0,68184,CD 473,M,"47,4754870","7,2220100",68,2019,80.0,3.0,2.0,3.0,2271109,1.0,1,3,1,5.0,,0.0,0,1992.0,A01,138Â 198Â 878,1.0,-1.0,-1.0,1733498,2.0,7,,2.0,0.0,3.0,A01,138Â 198Â 878,1.0
1015518,201900057049,7,9,18:00,1,2,1,1.0,3.0,67482,BELGES (QUAI DES),M,"48,5757800","7,7782700",67,2019,50.0,1.0,1.0,4.0,2271110,1.0,1,1,1,0.0,,0.0,0,1997.0,A01,138Â 198Â 876,1.0,8.0,-1.0,1733499,1.0,7,,0.0,2.0,2.0,A01,138Â 198Â 876,1.0
1015518,201900057049,7,9,18:00,1,2,1,1.0,3.0,67482,BELGES (QUAI DES),M,"48,5757800","7,7782700",67,2019,50.0,1.0,1.0,4.0,2271110,1.0,1,1,1,0.0,,0.0,0,1997.0,A01,138Â 198Â 876,1.0,8.0,-1.0,1733500,1.0,1,,0.0,2.0,1.0,B01,138Â 198Â 877,5.0
1015518,201900057049,7,9,18:00,1,2,1,1.0,3.0,67482,BELGES (QUAI DES),M,"48,5757800","7,7782700",67,2019,50.0,1.0,1.0,4.0,2271111,1.0,1,3,1,0.0,,0.0,0,2000.0,B01,138Â 198Â 877,8.0,0.0,-1.0,1733499,1.0,7,,0.0,2.0,2.0,A01,138Â 198Â 876,1.0
1015518,201900057049,7,9,18:00,1,2,1,1.0,3.0,67482,BELGES (QUAI DES),M,"48,5757800","7,7782700",67,2019,50.0,1.0,1.0,4.0,2271111,1.0,1,3,1,0.0,,0.0,0,2000.0,B01,138Â 198Â 877,8.0,0.0,-1.0,1733500,1.0,1,,0.0,2.0,1.0,B01,138Â 198Â 877,5.0
1015519,201900057050,1,1,21:45,3,1,4,1.0,6.0,22217,Louch,M,"48,5186160"," -3,5438870",22,2019,80.0,3.0,1.0,4.0,2271112,1.0,1,1,2,5.0,,0.0,0,1965.0,A01,138Â 198Â 875,1.0,-1.0,-1.0,1733501,3.0,7,,13.0,0.0,1.0,A01,138Â 198Â 875,1.0
1015519,201900057050,1,1,21:45,3,1,4,1.0,6.0,22217,Louch,M,"48,5186160"," -3,5438870",22,2019,80.0,3.0,1.0,4.0,2271113,2.0,2,3,1,5.0,,0.0,0,1959.0,A01,138Â 198Â 875,0.0,-1.0,-1.0,1733501,3.0,7,,13.0,0.0,1.0,A01,138Â 198Â 875,1.0
1015520,201900057051,1,2,22:00,3,1,1,1.0,6.0,39197,,M,"46,5210430","5,3725880",39,2019,80.0,3.0,2.0,4.0,2271114,1.0,1,4,1,5.0,,0.0,0,1984.0,A01,138Â 198Â 873,1.0,-1.0,-1.0,1733502,1.0,7,,13.0,0.0,2.0,A01,138Â 198Â 873,1.0
1015521,201900057052,7,6,04:10,5,2,1,1.0,1.0,67482,FRANCOIS EPAILLY (RUE),M,"48,5716190","7,7939600",67,2019,50.0,1.0,1.0,4.0,2271115,1.0,1,1,1,0.0,,-1.0,0,1998.0,B01,138Â 198Â 872,1.0,0.0,-1.0,1733503,2.0,7,,0.0,2.0,1.0,B01,138Â 198Â 872,1.0
1015521,201900057052,7,6,04:10,5,2,1,1.0,1.0,67482,FRANCOIS EPAILLY (RUE),M,"48,5716190","7,7939600",67,2019,50.0,1.0,1.0,4.0,2271115,1.0,1,1,1,0.0,,-1.0,0,1998.0,B01,138Â 198Â 872,1.0,0.0,-1.0,1733504,1.0,7,,9.0,2.0,9.0,A01,138Â 198Â 874,1.0
1015521,201900057052,7,6,04:10,5,2,1,1.0,1.0,67482,FRANCOIS EPAILLY (RUE),M,"48,5716190","7,7939600",67,2019,50.0,1.0,1.0,4.0,2271116,2.0,2,4,1,5.0,,-1.0,0,1999.0,B01,138Â 198Â 872,1.0,8.0,-1.0,1733503,2.0,7,,0.0,2.0,1.0,B01,138Â 198Â 872,1.0
1015521,201900057052,7,6,04:10,5,2,1,1.0,1.0,67482,FRANCOIS EPAILLY (RUE),M,"48,5716190","7,7939600",67,2019,50.0,1.0,1.0,4.0,2271116,2.0,2,4,1,5.0,,-1.0,0,1999.0,B01,138Â 198Â 872,1.0,8.0,-1.0,1733504,1.0,7,,9.0,2.0,9.0,A01,138Â 198Â 874,1.0
1015521,201900057052,7,6,04:10,5,2,1,1.0,1.0,67482,FRANCOIS EPAILLY (RUE),M,"48,5716190","7,7939600",67,2019,50.0,1.0,1.0,4.0,2271117,4.0,2,4,1,5.0,,-1.0,0,1999.0,B01,138Â 198Â 872,1.0,8.0,-1.0,1733503,2.0,7,,0.0,2.0,1.0,B01,138Â 198Â 872,1.0
1015521,201900057052,7,6,04:10,5,2,1,1.0,1.0,67482,FRANCOIS EPAILLY (RUE),M,"48,5716190","7,7939600",67,2019,50.0,1.0,1.0,4.0,2271117,4.0,2,4,1,5.0,,-1.0,0,1999.0,B01,138Â 198Â 872,1.0,8.0,-1.0,1733504,1.0,7,,9.0,2.0,9.0,A01,138Â 198Â 874,1.0
1015521,201900057052,7,6,04:10,5,2,1,1.0,1.0,67482,FRANCOIS EPAILLY (RUE),M,"48,5716190","7,7939600",67,2019,50.0,1.0,1.0,4.0,2271118,1.0,1,1,1,5.0,,-1.0,0,1999.0,A01,138Â 198Â 874,1.0,8.0,-1.0,1733503,2.0,7,,0.0,2.0,1.0,B01,138Â 198Â 872,1.0
1015521,201900057052,7,6,04:10,5,2,1,1.0,1.0,67482,FRANCOIS EPAILLY (RUE),M,"48,5716190","7,7939600",67,2019,50.0,1.0,1.0,4.0,2271118,1.0,1,1,1,5.0,,-1.0,0,1999.0,A01,138Â 198Â 874,1.0,8.0,-1.0,1733504,1.0,7,,9.0,2.0,9.0,A01,138Â 198Â 874,1.0
1015521,201900057052,7,6,04:10,5,2,1,1.0,1.0,67482,FRANCOIS EPAILLY (RUE),M,"48,5716190","7,7939600",67,2019,50.0,1.0,1.0,4.0,2271119,3.0,2,3,2,5.0,,-1.0,0,1999.0,A01,138Â 198Â 874,8.0,0.0,-1.0,1733503,2.0,7,,0.0,2.0,1.0,B01,138Â 198Â 872,1.0
1015521,201900057052,7,6,04:10,5,2,1,1.0,1.0,67482,FRANCOIS EPAILLY (RUE),M,"48,5716190","7,7939600",67,2019,50.0,1.0,1.0,4.0,2271119,3.0,2,3,2,5.0,,-1.0,0,1999.0,A01,138Â 198Â 874,8.0,0.0,-1.0,1733504,1.0,7,,9.0,2.0,9.0,A01,138Â 198Â 874,1.0
1015522,201900057053,6,19,08:37,1,2,3,7.0,6.0,67267,PEUPLIERS (RUE DES),M,"48,5538120","7,6886870",67,2019,30.0,1.0,1.0,4.0,2271120,1.0,1,1,2,0.0,,-1.0, -1,1962.0,A01,138Â 198Â 870,1.0,8.0,-1.0,1733505,1.0,7,,0.0,1.0,1.0,A01,138Â 198Â 870,1.0
1015522,201900057053,6,19,08:37,1,2,3,7.0,6.0,67267,PEUPLIERS (RUE DES),M,"48,5538120","7,6886870",67,2019,30.0,1.0,1.0,4.0,2271121,10.0,3,4,2,0.0,,2.0,2,1993.0,A01,138Â 198Â 870,8.0,0.0,-1.0,1733505,1.0,7,,0.0,1.0,1.0,A01,138Â 198Â 870,1.0
1015523,201900057054,1,2,10:05,1,1,1,8.0,1.0,25050,"CD 461, PK 49+755",M,"47,1071490","6,6205580",25,2019,80.0,1.0,2.0,3.0,2271122,1.0,1,1,1,0.0,,0.0,0,1964.0,B01,138Â 198Â 869,1.0,-1.0,-1.0,1733506,2.0,7,,5.0,2.0,1.0,B01,138Â 198Â 869,1.0
1015523,201900057054,1,2,10:05,1,1,1,8.0,1.0,25050,"CD 461, PK 49+755",M,"47,1071490","6,6205580",25,2019,80.0,1.0,2.0,3.0,2271122,1.0,1,1,1,0.0,,0.0,0,1964.0,B01,138Â 198Â 869,1.0,-1.0,-1.0,1733507,1.0,7,,0.0,2.0,1.0,A01,138Â 198Â 871,1.0
1015523,201900057054,1,2,10:05,1,1,1,8.0,1.0,25050,"CD 461, PK 49+755",M,"47,1071490","6,6205580",25,2019,80.0,1.0,2.0,3.0,2271123,2.0,2,1,2,0.0,,0.0,0,1964.0,B01,138Â 198Â 869,1.0,-1.0,-1.0,1733506,2.0,7,,5.0,2.0,1.0,B01,138Â 198Â 869,1.0
1015523,201900057054,1,2,10:05,1,1,1,8.0,1.0,25050,"CD 461, PK 49+755",M,"47,1071490","6,6205580",25,2019,80.0,1.0,2.0,3.0,2271123,2.0,2,1,2,0.0,,0.0,0,1964.0,B01,138Â 198Â 869,1.0,-1.0,-1.0,1733507,1.0,7,,0.0,2.0,1.0,A01,138Â 198Â 871,1.0
1015523,201900057054,1,2,10:05,1,1,1,8.0,1.0,25050,"CD 461, PK 49+755",M,"47,1071490","6,6205580",25,2019,80.0,1.0,2.0,3.0,2271124,1.0,1,3,2,0.0,,0.0,0,1997.0,A01,138Â 198Â 871,1.0,-1.0,-1.0,1733506,2.0,7,,5.0,2.0,1.0,B01,138Â 198Â 869,1.0
1015523,201900057054,1,2,10:05,1,1,1,8.0,1.0,25050,"CD 461, PK 49+755",M,"47,1071490","6,6205580",25,2019,80.0,1.0,2.0,3.0,2271124,1.0,1,3,2,0.0,,0.0,0,1997.0,A01,138Â 198Â 871,1.0,-1.0,-1.0,1733507,1.0,7,,0.0,2.0,1.0,A01,138Â 198Â 871,1.0
1015523,201900057054,1,2,10:05,1,1,1,8.0,1.0,25050,"CD 461, PK 49+755",M,"47,1071490","6,6205580",25,2019,80.0,1.0,2.0,3.0,2271125,2.0,2,3,2,0.0,,0.0,0,1995.0,A01,138Â 198Â 871,1.0,-1.0,-1.0,1733506,2.0,7,,5.0,2.0,1.0,B01,138Â 198Â 869,1.0
1015523,201900057054,1,2,10:05,1,1,1,8.0,1.0,25050,"CD 461, PK 49+755",M,"47,1071490","6,6205580",25,2019,80.0,1.0,2.0,3.0,2271125,2.0,2,3,2,0.0,,0.0,0,1995.0,A01,138Â 198Â 871,1.0,-1.0,-1.0,1733507,1.0,7,,0.0,2.0,1.0,A01,138Â 198Â 871,1.0
1015524,201900057055,7,9,11:40,1,2,1,3.0,7.0,64102,PONT GRENET,M,"43,4971362"," -1,4831367",64,2019,50.0,3.0,2.0,4.0,2271126,1.0,1,4,1,5.0,,-1.0,0,2001.0,A01,138Â 198Â 868,2.0,6.0,-1.0,1733508,2.0,2,,0.0,0.0,7.0,A01,138Â 198Â 868,1.0
1015525,201900057056,1,3,10:00,1,2,2,1.0,6.0,25495,route nationale,M,"47,2755490","6,1127870",25,2019,50.0,1.0,1.0,3.0,2271127,1.0,1,3,2,4.0,,0.0,0,1976.0,A01,138Â 198Â 867,1.0,-1.0,-1.0,1733509,2.0,7,,8.0,0.0,1.0,A01,138Â 198Â 867,1.0
1015526,201900057057,7,9,09:45,1,2,1,3.0,7.0,64102,BERNARD (CHEMIN DE SAINT),M,"43,5006331"," -1,4815856",64,2019,50.0,3.0,2.0,4.0,2271128,1.0,1,3,2,1.0,,-1.0,0,1988.0,A01,138Â 198Â 866,1.0,0.0,-1.0,1733510,1.0,7,,8.0,0.0,1.0,A01,138Â 198Â 866,1.0
1015527,201900057058,1,4,13:45,1,1,3,1.0,2.0,44151,D47 route de Saint-Lyphard,M,"47,3339010"," -2,3310010",44,2019,70.0,1.0,1.0,3.0,2271129,1.0,1,1,2,4.0,,0.0,0,1965.0,A01,138Â 198Â 864,1.0,-1.0,-1.0,1733511,1.0,7,,0.0,0.0,6.0,A01,138Â 198Â 864,1.0
1015527,201900057058,1,4,13:45,1,1,3,1.0,2.0,44151,D47 route de Saint-Lyphard,M,"47,3339010"," -2,3310010",44,2019,70.0,1.0,1.0,3.0,2271129,1.0,1,1,2,4.0,,0.0,0,1965.0,A01,138Â 198Â 864,1.0,-1.0,-1.0,1733512,1.0,1,,1.0,0.0,1.0,B01,138Â 198Â 865,5.0
1015527,201900057058,1,4,13:45,1,1,3,1.0,2.0,44151,D47 route de Saint-Lyphard,M,"47,3339010"," -2,3310010",44,2019,70.0,1.0,1.0,3.0,2271130,1.0,1,3,1,5.0,,0.0,0,1949.0,B01,138Â 198Â 865,2.0,-1.0,-1.0,1733511,1.0,7,,0.0,0.0,6.0,A01,138Â 198Â 864,1.0
1015527,201900057058,1,4,13:45,1,1,3,1.0,2.0,44151,D47 route de Saint-Lyphard,M,"47,3339010"," -2,3310010",44,2019,70.0,1.0,1.0,3.0,2271130,1.0,1,3,1,5.0,,0.0,0,1949.0,B01,138Â 198Â 865,2.0,-1.0,-1.0,1733512,1.0,1,,1.0,0.0,1.0,B01,138Â 198Â 865,5.0
1015528,201900057059,1,5,16:00,1,2,1,7.0,2.0,31462,D 888,M,"43,6705510","1,5179410",31,2019,50.0,1.0,1.0,3.0,2271131,1.0,1,3,1,5.0,,0.0,0,1951.0,A01,138Â 198Â 860,2.0,-1.0,-1.0,1733513,1.0,1,,0.0,0.0,6.0,A01,138Â 198Â 860,5.0
1015528,201900057059,1,5,16:00,1,2,1,7.0,2.0,31462,D 888,M,"43,6705510","1,5179410",31,2019,50.0,1.0,1.0,3.0,2271131,1.0,1,3,1,5.0,,0.0,0,1951.0,A01,138Â 198Â 860,2.0,-1.0,-1.0,1733514,1.0,7,,0.0,2.0,2.0,B01,138Â 198Â 861,1.0
1015528,201900057059,1,5,16:00,1,2,1,7.0,2.0,31462,D 888,M,"43,6705510","1,5179410",31,2019,50.0,1.0,1.0,3.0,2271132,1.0,1,1,1,3.0,,0.0,0,1946.0,B01,138Â 198Â 861,1.0,-1.0,-1.0,1733513,1.0,1,,0.0,0.0,6.0,A01,138Â 198Â 860,5.0
1015528,201900057059,1,5,16:00,1,2,1,7.0,2.0,31462,D 888,M,"43,6705510","1,5179410",31,2019,50.0,1.0,1.0,3.0,2271132,1.0,1,1,1,3.0,,0.0,0,1946.0,B01,138Â 198Â 861,1.0,-1.0,-1.0,1733514,1.0,7,,0.0,2.0,2.0,B01,138Â 198Â 861,1.0
1015529,201900057060,1,1,02:20,1,2,1,1.0,7.0,31344,VERDUN (RUE DE),M,"43,0951720","0,7483500",31,2019,50.0,4.0,1.0,3.0,2271133,1.0,1,3,1,5.0,,0.0,0,1996.0,A01,138Â 198Â 857,8.0,-1.0,-1.0,1733515,3.0,7,,1.0,0.0,1.0,A01,138Â 198Â 857,1.0
1015530,201900057061,7,5,16:15,1,2,2,1.0,3.0,59183,DUMEZ LOUIS,M,"51,0225600","2,3489800",59,2019,50.0,1.0,1.0,4.0,2271134,1.0,1,3,1,5.0,,-1.0, -1,1952.0,B01,138Â 198Â 854,8.0,0.0,-1.0,1733516,2.0,1,,0.0,2.0,1.0,B01,138Â 198Â 854,5.0
1015530,201900057061,7,5,16:15,1,2,2,1.0,3.0,59183,DUMEZ LOUIS,M,"51,0225600","2,3489800",59,2019,50.0,1.0,1.0,4.0,2271134,1.0,1,3,1,5.0,,-1.0, -1,1952.0,B01,138Â 198Â 854,8.0,0.0,-1.0,1733517,2.0,7,,0.0,2.0,6.0,A01,138Â 198Â 856,1.0
1015530,201900057061,7,5,16:15,1,2,2,1.0,3.0,59183,DUMEZ LOUIS,M,"51,0225600","2,3489800",59,2019,50.0,1.0,1.0,4.0,2271135,1.0,1,1,1,0.0,,-1.0, -1,1935.0,A01,138Â 198Â 856,1.0,0.0,-1.0,1733516,2.0,1,,0.0,2.0,1.0,B01,138Â 198Â 854,5.0
1015530,201900057061,7,5,16:15,1,2,2,1.0,3.0,59183,DUMEZ LOUIS,M,"51,0225600","2,3489800",59,2019,50.0,1.0,1.0,4.0,2271135,1.0,1,1,1,0.0,,-1.0, -1,1935.0,A01,138Â 198Â 856,1.0,0.0,-1.0,1733517,2.0,7,,0.0,2.0,6.0,A01,138Â 198Â 856,1.0
1015531,201900057062,1,1,18:20,5,2,1,2.0,6.0,38218,D156,M,"45,3420100","5,1830100",38,2019,50.0,4.0,1.0,3.0,2271136,1.0,1,3,1,5.0,,0.0,0,1947.0,A01,138Â 198Â 855,1.0,-1.0,-1.0,1733518,1.0,7,,8.0,0.0,1.0,A01,138Â 198Â 855,1.0
1015532,201900057063,1,4,14:45,1,1,1,1.0,6.0,02810,Route NATIONALE 2,M,"49,2662380","3,0994650",2,2019,110.0,3.0,1.0,2.0,2271137,1.0,1,3,1,5.0,,0.0,0,1981.0,A01,138Â 198Â 852,1.0,9.0,-1.0,1733519,2.0,7,,3.0,0.0,9.0,A01,138Â 198Â 852,1.0
1015533,201900057064,1,1,04:00,3,1,1,2.0,6.0,03044,,M,"46,0845778","3,3741541",3,2019,80.0,3.0,2.0,3.0,2271138,1.0,1,4,1,5.0,,0.0,0,1986.0,A01,138Â 198Â 850,1.0,-1.0,-1.0,1733520,2.0,7,,13.0,0.0,1.0,A01,138Â 198Â 850,1.0
1015534,201900057065,7,7,02:50,5,2,1,1.0,3.0,54395,GEBHART (RUE EMILE),M,"48,6744990","6,1726440",54,2019,50.0,1.0,1.0,4.0,2271139,1.0,1,4,1,0.0,,-1.0,0,1973.0,A01,138Â 198Â 851,2.0,0.0,-1.0,1733521,1.0,7,,0.0,2.0,4.0,Z01,138Â 198Â 849,1.0
1015534,201900057065,7,7,02:50,5,2,1,1.0,3.0,54395,GEBHART (RUE EMILE),M,"48,6744990","6,1726440",54,2019,50.0,1.0,1.0,4.0,2271139,1.0,1,4,1,0.0,,-1.0,0,1973.0,A01,138Â 198Â 851,2.0,0.0,-1.0,1733522,1.0,31,,0.0,2.0,1.0,A01,138Â 198Â 851,1.0
1015535,201900057066,1,3,10:45,1,2,1,7.0,6.0,01306,RD 933 PK 30+100,M,"46,2652930","4,8882100",1,2019,30.0,1.0,1.0,3.0,2271140,1.0,1,1,2,4.0,,0.0,0,1976.0,A01,138Â 198Â 847,1.0,-1.0,-1.0,1733523,1.0,7,,0.0,1.0,1.0,A01,138Â 198Â 847,1.0
1015535,201900057066,1,3,10:45,1,2,1,7.0,6.0,01306,RD 933 PK 30+100,M,"46,2652930","4,8882100",1,2019,30.0,1.0,1.0,3.0,2271141,10.0,3,3,1,5.0,,3.0,3,1942.0,A01,138Â 198Â 847,0.0,-1.0,-1.0,1733523,1.0,7,,0.0,1.0,1.0,A01,138Â 198Â 847,1.0
1015536,201900057067,1,2,10:30,1,1,3,6.0,4.0,26124,RN 7 - PR 54+400 - iles du chez,M,"44,8474720","4,8519490",26,2019,80.0,1.0,1.0,2.0,2271142,1.0,1,1,1,1.0,,0.0,0,1992.0,A01,138Â 198Â 842,1.0,-1.0,-1.0,1733524,1.0,7,,0.0,2.0,1.0,A01,138Â 198Â 842,1.0
1015536,201900057067,1,2,10:30,1,1,3,6.0,4.0,26124,RN 7 - PR 54+400 - iles du chez,M,"44,8474720","4,8519490",26,2019,80.0,1.0,1.0,2.0,2271142,1.0,1,1,1,1.0,,0.0,0,1992.0,A01,138Â 198Â 842,1.0,-1.0,-1.0,1733525,1.0,7,,0.0,2.0,6.0,B01,138Â 198Â 844,1.0
1015536,201900057067,1,2,10:30,1,1,3,6.0,4.0,26124,RN 7 - PR 54+400 - iles du chez,M,"44,8474720","4,8519490",26,2019,80.0,1.0,1.0,2.0,2271142,1.0,1,1,1,1.0,,0.0,0,1992.0,A01,138Â 198Â 842,1.0,-1.0,-1.0,1733526,1.0,7,,0.0,2.0,1.0,C01,138Â 198Â 845,1.0
1015536,201900057067,1,2,10:30,1,1,3,6.0,4.0,26124,RN 7 - PR 54+400 - iles du chez,M,"44,8474720","4,8519490",26,2019,80.0,1.0,1.0,2.0,2271143,1.0,1,3,1,5.0,,0.0,0,1952.0,B01,138Â 198Â 844,1.0,5.0,-1.0,1733524,1.0,7,,0.0,2.0,1.0,A01,138Â 198Â 842,1.0
1015536,201900057067,1,2,10:30,1,1,3,6.0,4.0,26124,RN 7 - PR 54+400 - iles du chez,M,"44,8474720","4,8519490",26,2019,80.0,1.0,1.0,2.0,2271143,1.0,1,3,1,5.0,,0.0,0,1952.0,B01,138Â 198Â 844,1.0,5.0,-1.0,1733525,1.0,7,,0.0,2.0,6.0,B01,138Â 198Â 844,1.0
1015536,201900057067,1,2,10:30,1,1,3,6.0,4.0,26124,RN 7 - PR 54+400 - iles du chez,M,"44,8474720","4,8519490",26,2019,80.0,1.0,1.0,2.0,2271143,1.0,1,3,1,5.0,,0.0,0,1952.0,B01,138Â 198Â 844,1.0,5.0,-1.0,1733526,1.0,7,,0.0,2.0,1.0,C01,138Â 198Â 845,1.0
1015536,201900057067,1,2,10:30,1,1,3,6.0,4.0,26124,RN 7 - PR 54+400 - iles du chez,M,"44,8474720","4,8519490",26,2019,80.0,1.0,1.0,2.0,2271144,1.0,1,4,1,9.0,,0.0,0,1994.0,C01,138Â 198Â 845,1.0,5.0,-1.0,1733524,1.0,7,,0.0,2.0,1.0,A01,138Â 198Â 842,1.0