Unnamed: 0_x,num_acc,mois,jour,hrmn,lum,agg,int,atm,col,com,adr,gps,lat,long,dep,annee,vma,situ,surf,catr,Unnamed: 0_y,place,catu,grav,sexe,trajet,secu,locp,actp,an_nais,num_veh_x,id_vehicule_x,secu1,secu2,secu3,Unnamed: 0,senc,catv,occutc,obs,obsm,choc,num_veh_y,id_vehicule_y,motor
1015536,201900057067,1,2,10:30,1,1,3,6.0,4.0,26124,RN 7 - PR 54+400 - iles du chez,M,"44,8474720","4,8519490",26,2019,80.0,1.0,1.0,2.0,2271144,1.0,1,4,1,9.0,,0.0,0,1994.0,C01,138Â 198Â 845,1.0,5.0,-1.0,1733525,1.0,7,,0.0,2.0,6.0,B01,138Â 198Â 844,1.0
1015536,201900057067,1,2,10:30,1,1,3,6.0,4.0,26124,RN 7 - PR 54+400 - iles du chez,M,"44,8474720","4,8519490",26,2019,80.0,1.0,1.0,2.0,2271144,1.0,1,4,1,9.0,,0.0,0,1994.0,C01,138Â 198Â 845,1.0,5.0,-1.0,1733526,1.0,7,,0.0,2.0,1.0,C01,138Â 198Â 845,1.0
1015537,201900057068,7,10,12:35,1,2,2,1.0,3.0,51454,RUE DE VESLE,M,"49,2520000","4,0251300",51,2019,30.0,1.0,1.0,4.0,2271145,1.0,1,4,2,1.0,,-1.0,0,1990.0,B01,138Â 198Â 841,8.0,0.0,-1.0,1733527,2.0,60,,0.0,2.0,1.0,B01,138Â 198Â 841,5.0
1015537,201900057068,7,10,12:35,1,2,2,1.0,3.0,51454,RUE DE VESLE,M,"49,2520000","4,0251300",51,2019,30.0,1.0,1.0,4.0,2271145,1.0,1,4,2,1.0,,-1.0,0,1990.0,B01,138Â 198Â 841,8.0,0.0,-1.0,1733528,2.0,7,,0.0,6.0,3.0,A01,138Â 198Â 843,1.0
1015537,201900057068,7,10,12:35,1,2,2,1.0,3.0,51454,RUE DE VESLE,M,"49,2520000","4,0251300",51,2019,30.0,1.0,1.0,4.0,2271146,1.0,1,1,1,1.0,,-1.0,0,1993.0,A01,138Â 198Â 843,1.0,8.0,-1.0,1733527,2.0,60,,0.0,2.0,1.0,B01,138Â 198Â 841,5.0
1015537,201900057068,7,10,12:35,1,2,2,1.0,3.0,51454,RUE DE VESLE,M,"49,2520000","4,0251300",51,2019,30.0,1.0,1.0,4.0,2271146,1.0,1,1,1,1.0,,-1.0,0,1993.0,A01,138Â 198Â 843,1.0,8.0,-1.0,1733528,2.0,7,,0.0,6.0,3.0,A01,138Â 198Â 843,1.0
1015538,201900057069,7,9,19:30,1,2,4,1.0,3.0,51454,ALLEE DES VEUVES,M,"49,2522500","4,0121600",51,2019,50.0,1.0,1.0,4.0,2271147,1.0,1,1,1,1.0,,-1.0,0,1964.0,B01,138Â 198Â 838,1.0,0.0,-1.0,1733529,1.0,7,,0.0,2.0,0.0,B01,138Â 198Â 838,1.0
1015538,201900057069,7,9,19:30,1,2,4,1.0,3.0,51454,ALLEE DES VEUVES,M,"49,2522500","4,0121600",51,2019,50.0,1.0,1.0,4.0,2271147,1.0,1,1,1,1.0,,-1.0,0,1964.0,B01,138Â 198Â 838,1.0,0.0,-1.0,1733530,1.0,34,,2.0,2.0,1.0,A01,138Â 198Â 839,1.0
1015538,201900057069,7,9,19:30,1,2,4,1.0,3.0,51454,ALLEE DES VEUVES,M,"49,2522500","4,0121600",51,2019,50.0,1.0,1.0,4.0,2271148,1.0,1,3,1,0.0,,-1.0,0,1987.0,A01,138Â 198Â 839,2.0,0.0,-1.0,1733529,1.0,7,,0.0,2.0,0.0,B01,138Â 198Â 838,1.0
1015538,201900057069,7,9,19:30,1,2,4,1.0,3.0,51454,ALLEE DES VEUVES,M,"49,2522500","4,0121600",51,2019,50.0,1.0,1.0,4.0,2271148,1.0,1,3,1,0.0,,-1.0,0,1987.0,A01,138Â 198Â 839,2.0,0.0,-1.0,1733530,1.0,34,,2.0,2.0,1.0,A01,138Â 198Â 839,1.0
1015538,201900057069,7,9,19:30,1,2,4,1.0,3.0,51454,ALLEE DES VEUVES,M,"49,2522500","4,0121600",51,2019,50.0,1.0,1.0,4.0,2271149,2.0,2,4,1,0.0,,-1.0,0,1987.0,A01,138Â 198Â 839,2.0,0.0,-1.0,1733529,1.0,7,,0.0,2.0,0.0,B01,138Â 198Â 838,1.0
1015538,201900057069,7,9,19:30,1,2,4,1.0,3.0,51454,ALLEE DES VEUVES,M,"49,2522500","4,0121600",51,2019,50.0,1.0,1.0,4.0,2271149,2.0,2,4,1,0.0,,-1.0,0,1987.0,A01,138Â 198Â 839,2.0,0.0,-1.0,1733530,1.0,34,,2.0,2.0,1.0,A01,138Â 198Â 839,1.0
1015539,201900057070,1,6,05:30,3,1,1,2.0,6.0,58060,Intersection RD 979 / RD 151,M,"46,7919750","3,6008420",58,2019,80.0,3.0,2.0,3.0,2271150,1.0,1,4,1,5.0,,0.0,0,2000.0,A01,138Â 198Â 836,1.0,-1.0,-1.0,1733531,2.0,7,,8.0,0.0,1.0,A01,138Â 198Â 836,1.0
1015540,201900057071,7,10,08:53,1,2,9,1.0,7.0,50218,ARISTIDE BRIAND (AVENUE),M,"48,8366950"," -1,5820340",50,2019,50.0,1.0,1.0,4.0,2271151,1.0,2,1,1,0.0,,-1.0,0,2004.0,A01,138Â 198Â 835,1.0,0.0,-1.0,1733532,1.0,7,,0.0,1.0,1.0,A01,138Â 198Â 835,1.0
1015540,201900057071,7,10,08:53,1,2,9,1.0,7.0,50218,ARISTIDE BRIAND (AVENUE),M,"48,8366950"," -1,5820340",50,2019,50.0,1.0,1.0,4.0,2271152,1.0,1,1,1,5.0,,-1.0,0,1962.0,A01,138Â 198Â 835,1.0,8.0,-1.0,1733532,1.0,7,,0.0,1.0,1.0,A01,138Â 198Â 835,1.0
1015540,201900057071,7,10,08:53,1,2,9,1.0,7.0,50218,ARISTIDE BRIAND (AVENUE),M,"48,8366950"," -1,5820340",50,2019,50.0,1.0,1.0,4.0,2271153,10.0,3,3,2,5.0,,2.0,3,1954.0,A01,138Â 198Â 835,8.0,0.0,-1.0,1733532,1.0,7,,0.0,1.0,1.0,A01,138Â 198Â 835,1.0
1015541,201900057072,1,5,21:20,3,1,1,2.0,6.0,54426,RD 121 - PK 1 +37 (dÃ©croissant),M,"48,6447120","5,9126530",54,2019,70.0,3.0,2.0,3.0,2271154,1.0,1,3,1,0.0,,0.0,0,1970.0,A01,138Â 198Â 834,0.0,-1.0,-1.0,1733533,2.0,7,,2.0,0.0,8.0,A01,138Â 198Â 834,1.0
1015542,201900057073,7,7,11:00,1,2,1,1.0,2.0,49099,BOIS LAVAU (BOULEVARD DES),M,"47,0758200"," -0,8880600",49,2019,70.0,1.0,1.0,7.0,2271155,1.0,1,3,1,5.0,,-1.0,0,1955.0,B01,138Â 198Â 832,2.0,8.0,-1.0,1733534,1.0,1,,0.0,2.0,4.0,B01,138Â 198Â 832,5.0
1015542,201900057073,7,7,11:00,1,2,1,1.0,2.0,49099,BOIS LAVAU (BOULEVARD DES),M,"47,0758200"," -0,8880600",49,2019,70.0,1.0,1.0,7.0,2271155,1.0,1,3,1,5.0,,-1.0,0,1955.0,B01,138Â 198Â 832,2.0,8.0,-1.0,1733535,1.0,7,,0.0,2.0,1.0,Z01,138Â 198Â 833,0.0
1015543,201900057074,7,9,08:58,1,2,1,1.0,7.0,49007,LETANDUERE,M,"47,4582100"," -0,5542400",49,2019,50.0,1.0,1.0,4.0,2271156,1.0,1,4,2,0.0,,-1.0,0,1995.0,A01,138Â 198Â 830,8.0,0.0,-1.0,1733536,1.0,1,,0.0,0.0,0.0,A01,138Â 198Â 830,5.0
1015544,201900057075,7,10,13:50,1,2,1,1.0,1.0,45284,ROUTE DE BOIGNY,M,"47,9238400","2,0039000",45,2019,50.0,1.0,1.0,4.0,2271157,1.0,1,3,1,1.0,,0.0,0,1981.0,B01,138Â 198Â 826,1.0,5.0,-1.0,1733537,1.0,7,,14.0,0.0,1.0,B01,138Â 198Â 826,1.0
1015544,201900057075,7,10,13:50,1,2,1,1.0,1.0,45284,ROUTE DE BOIGNY,M,"47,9238400","2,0039000",45,2019,50.0,1.0,1.0,4.0,2271157,1.0,1,3,1,1.0,,0.0,0,1981.0,B01,138Â 198Â 826,1.0,5.0,-1.0,1733538,2.0,38,4.0,0.0,2.0,1.0,A01,138Â 198Â 827,1.0
1015544,201900057075,7,10,13:50,1,2,1,1.0,1.0,45284,ROUTE DE BOIGNY,M,"47,9238400","2,0039000",45,2019,50.0,1.0,1.0,4.0,2271158,1.0,1,1,1,4.0,,0.0,0,1966.0,A01,138Â 198Â 827,1.0,8.0,-1.0,1733537,1.0,7,,14.0,0.0,1.0,B01,138Â 198Â 826,1.0
1015544,201900057075,7,10,13:50,1,2,1,1.0,1.0,45284,ROUTE DE BOIGNY,M,"47,9238400","2,0039000",45,2019,50.0,1.0,1.0,4.0,2271158,1.0,1,1,1,4.0,,0.0,0,1966.0,A01,138Â 198Â 827,1.0,8.0,-1.0,1733538,2.0,38,4.0,0.0,2.0,1.0,A01,138Â 198Â 827,1.0
1015544,201900057075,7,10,13:50,1,2,1,1.0,1.0,45284,ROUTE DE BOIGNY,M,"47,9238400","2,0039000",45,2019,50.0,1.0,1.0,4.0,2271159,5.0,2,4,2,1.0,,0.0,0,1967.0,A01,138Â 198Â 827,1.0,0.0,-1.0,1733537,1.0,7,,14.0,0.0,1.0,B01,138Â 198Â 826,1.0
1015544,201900057075,7,10,13:50,1,2,1,1.0,1.0,45284,ROUTE DE BOIGNY,M,"47,9238400","2,0039000",45,2019,50.0,1.0,1.0,4.0,2271159,5.0,2,4,2,1.0,,0.0,0,1967.0,A01,138Â 198Â 827,1.0,0.0,-1.0,1733538,2.0,38,4.0,0.0,2.0,1.0,A01,138Â 198Â 827,1.0
1015544,201900057075,7,10,13:50,1,2,1,1.0,1.0,45284,ROUTE DE BOIGNY,M,"47,9238400","2,0039000",45,2019,50.0,1.0,1.0,4.0,2271160,6.0,2,1,1,0.0,,0.0,0,2000.0,A01,138Â 198Â 827,1.0,0.0,-1.0,1733537,1.0,7,,14.0,0.0,1.0,B01,138Â 198Â 826,1.0
1015544,201900057075,7,10,13:50,1,2,1,1.0,1.0,45284,ROUTE DE BOIGNY,M,"47,9238400","2,0039000",45,2019,50.0,1.0,1.0,4.0,2271160,6.0,2,1,1,0.0,,0.0,0,2000.0,A01,138Â 198Â 827,1.0,0.0,-1.0,1733538,2.0,38,4.0,0.0,2.0,1.0,A01,138Â 198Â 827,1.0
1015544,201900057075,7,10,13:50,1,2,1,1.0,1.0,45284,ROUTE DE BOIGNY,M,"47,9238400","2,0039000",45,2019,50.0,1.0,1.0,4.0,2271161,5.0,2,1,2,0.0,,0.0,0,1973.0,A01,138Â 198Â 827,1.0,0.0,-1.0,1733537,1.0,7,,14.0,0.0,1.0,B01,138Â 198Â 826,1.0
1015544,201900057075,7,10,13:50,1,2,1,1.0,1.0,45284,ROUTE DE BOIGNY,M,"47,9238400","2,0039000",45,2019,50.0,1.0,1.0,4.0,2271161,5.0,2,1,2,0.0,,0.0,0,1973.0,A01,138Â 198Â 827,1.0,0.0,-1.0,1733538,2.0,38,4.0,0.0,2.0,1.0,A01,138Â 198Â 827,1.0
1015545,201900057076,7,10,05:45,2,2,3,1.0,7.0,45004,AV D ANTIBES - R ST JACQUES,M,"47,9771970","2,7332390",45,2019,50.0,1.0,1.0,3.0,2271162,1.0,1,4,1,0.0,,0.0,0,1987.0,A01,138Â 198Â 825,8.0,0.0,-1.0,1733539,2.0,30,,0.0,0.0,7.0,A01,138Â 198Â 825,1.0
1015546,201900057077,7,10,17:40,1,2,1,1.0,1.0,44109,CHAUSSEE DE LA MADELEINE,M,"47,2112060"," -1,5517880",44,2019,30.0,1.0,1.0,4.0,2271163,1.0,1,3,1,0.0,,0.0,0,1980.0,A01,138Â 198Â 823,8.0,0.0,-1.0,1733540,0.0,50,,0.0,2.0,1.0,A01,138Â 198Â 823,3.0
1015546,201900057077,7,10,17:40,1,2,1,1.0,1.0,44109,CHAUSSEE DE LA MADELEINE,M,"47,2112060"," -1,5517880",44,2019,30.0,1.0,1.0,4.0,2271163,1.0,1,3,1,0.0,,0.0,0,1980.0,A01,138Â 198Â 823,8.0,0.0,-1.0,1733541,0.0,14,,0.0,0.0,0.0,B01,138Â 198Â 824,0.0
1015546,201900057077,7,10,17:40,1,2,1,1.0,1.0,44109,CHAUSSEE DE LA MADELEINE,M,"47,2112060"," -1,5517880",44,2019,30.0,1.0,1.0,4.0,2271164,1.0,1,1,1,4.0,,0.0,0,1972.0,B01,138Â 198Â 824,1.0,0.0,-1.0,1733540,0.0,50,,0.0,2.0,1.0,A01,138Â 198Â 823,3.0
1015546,201900057077,7,10,17:40,1,2,1,1.0,1.0,44109,CHAUSSEE DE LA MADELEINE,M,"47,2112060"," -1,5517880",44,2019,30.0,1.0,1.0,4.0,2271164,1.0,1,1,1,4.0,,0.0,0,1972.0,B01,138Â 198Â 824,1.0,0.0,-1.0,1733541,0.0,14,,0.0,0.0,0.0,B01,138Â 198Â 824,0.0
1015547,201900057078,7,10,14:30,1,2,3,1.0,3.0,42123,GREZIEUX PLAINE DE,M,"45,5172850","4,5918660",42,2019,50.0,1.0,1.0,4.0,2271165,1.0,1,3,2,5.0,,-1.0,0,2003.0,A01,138Â 198Â 821,1.0,0.0,-1.0,1733542,1.0,7,,0.0,2.0,0.0,A01,138Â 198Â 821,1.0
1015547,201900057078,7,10,14:30,1,2,3,1.0,3.0,42123,GREZIEUX PLAINE DE,M,"45,5172850","4,5918660",42,2019,50.0,1.0,1.0,4.0,2271165,1.0,1,3,2,5.0,,-1.0,0,2003.0,A01,138Â 198Â 821,1.0,0.0,-1.0,1733543,1.0,2,,0.0,2.0,2.0,B01,138Â 198Â 822,1.0
1015547,201900057078,7,10,14:30,1,2,3,1.0,3.0,42123,GREZIEUX PLAINE DE,M,"45,5172850","4,5918660",42,2019,50.0,1.0,1.0,4.0,2271166,1.0,1,3,1,5.0,,-1.0,0,2003.0,B01,138Â 198Â 822,2.0,6.0,-1.0,1733542,1.0,7,,0.0,2.0,0.0,A01,138Â 198Â 821,1.0
1015547,201900057078,7,10,14:30,1,2,3,1.0,3.0,42123,GREZIEUX PLAINE DE,M,"45,5172850","4,5918660",42,2019,50.0,1.0,1.0,4.0,2271166,1.0,1,3,1,5.0,,-1.0,0,2003.0,B01,138Â 198Â 822,2.0,6.0,-1.0,1733543,1.0,2,,0.0,2.0,2.0,B01,138Â 198Â 822,1.0
1015548,201900057079,7,10,20:00,1,2,1,1.0,6.0,38544,ERNEST BIZOT(RUE),M,"45,5092260","4,8563701",38,2019,30.0,1.0,1.0,4.0,2271167,10.0,3,3,1,0.0,,8.0,3,2010.0,E01,138Â 198Â 820,8.0,-1.0,-1.0,1733544,3.0,7,,0.0,1.0,1.0,E01,138Â 198Â 820,1.0
1015549,201900057080,1,2,17:30,5,2,1,1.0,3.0,72320,5 RUE DE VILLENEUVE,M,"48,0505090","0,1770590",72,2019,50.0,1.0,1.0,4.0,2271168,1.0,1,3,1,9.0,,0.0,0,1997.0,B01,138Â 198Â 828,2.0,-1.0,-1.0,1733545,3.0,33,,0.0,2.0,1.0,B01,138Â 198Â 828,1.0
1015549,201900057080,1,2,17:30,5,2,1,1.0,3.0,72320,5 RUE DE VILLENEUVE,M,"48,0505090","0,1770590",72,2019,50.0,1.0,1.0,4.0,2271168,1.0,1,3,1,9.0,,0.0,0,1997.0,B01,138Â 198Â 828,2.0,-1.0,-1.0,1733546,3.0,7,,0.0,0.0,6.0,A01,138Â 198Â 829,1.0
1015549,201900057080,1,2,17:30,5,2,1,1.0,3.0,72320,5 RUE DE VILLENEUVE,M,"48,0505090","0,1770590",72,2019,50.0,1.0,1.0,4.0,2271169,1.0,1,1,2,3.0,,0.0,0,1998.0,A01,138Â 198Â 829,8.0,-1.0,-1.0,1733545,3.0,33,,0.0,2.0,1.0,B01,138Â 198Â 828,1.0
1015549,201900057080,1,2,17:30,5,2,1,1.0,3.0,72320,5 RUE DE VILLENEUVE,M,"48,0505090","0,1770590",72,2019,50.0,1.0,1.0,4.0,2271169,1.0,1,1,2,3.0,,0.0,0,1998.0,A01,138Â 198Â 829,8.0,-1.0,-1.0,1733546,3.0,7,,0.0,0.0,6.0,A01,138Â 198Â 829,1.0
1015550,201900057081,7,10,19:40,1,2,1,1.0,6.0,38053,TIXIER (AVENUE),M,"45,5889263","5,2840837",38,2019,50.0,1.0,1.0,4.0,2271170,1.0,1,1,2,3.0,,-1.0, -1,1985.0,A01,138Â 198Â 819,1.0,8.0,-1.0,1733547,2.0,13,,0.0,1.0,1.0,A01,138Â 198Â 819,0.0
1015550,201900057081,7,10,19:40,1,2,1,1.0,6.0,38053,TIXIER (AVENUE),M,"45,5889263","5,2840837",38,2019,50.0,1.0,1.0,4.0,2271171,10.0,3,3,2,0.0,,3.0,3,2001.0,A01,138Â 198Â 819,8.0,0.0,-1.0,1733547,2.0,13,,0.0,1.0,1.0,A01,138Â 198Â 819,0.0
1015551,201900057082,1,2,21:30,3,1,1,1.0,2.0,14589,Route dÃ©partementale 167,M,"49,0154120"," -0,2922290",14,2019,80.0,1.0,1.0,3.0,2271172,1.0,1,1,1,5.0,,0.0,0,1999.0,A01,138Â 198Â 816,1.0,-1.0,-1.0,1733548,1.0,7,,0.0,0.0,6.0,A01,138Â 198Â 816,1.0
1015551,201900057082,1,2,21:30,3,1,1,1.0,2.0,14589,Route dÃ©partementale 167,M,"49,0154120"," -0,2922290",14,2019,80.0,1.0,1.0,3.0,2271172,1.0,1,1,1,5.0,,0.0,0,1999.0,A01,138Â 198Â 816,1.0,-1.0,-1.0,1733549,1.0,2,,0.0,2.0,2.0,B01,138Â 198Â 817,1.0
1015551,201900057082,1,2,21:30,3,1,1,1.0,2.0,14589,Route dÃ©partementale 167,M,"49,0154120"," -0,2922290",14,2019,80.0,1.0,1.0,3.0,2271173,1.0,1,3,1,5.0,,0.0,0,2003.0,B01,138Â 198Â 817,2.0,-1.0,-1.0,1733548,1.0,7,,0.0,0.0,6.0,A01,138Â 198Â 816,1.0
1015551,201900057082,1,2,21:30,3,1,1,1.0,2.0,14589,Route dÃ©partementale 167,M,"49,0154120"," -0,2922290",14,2019,80.0,1.0,1.0,3.0,2271173,1.0,1,3,1,5.0,,0.0,0,2003.0,B01,138Â 198Â 817,2.0,-1.0,-1.0,1733549,1.0,2,,0.0,2.0,2.0,B01,138Â 198Â 817,1.0
1015552,201900057083,6,18,16:35,1,2,2,1.0,2.0,35238,TURQUETY (EDOUARD),M,"48,1050900"," -1,6948000",35,2019,30.0,1.0,1.0,4.0,2271174,1.0,1,1,1,5.0,,-1.0, -1,1974.0,A01,138Â 198Â 814,1.0,0.0,-1.0,1733550,1.0,3,,0.0,2.0,0.0,A01,138Â 198Â 814,1.0
1015552,201900057083,6,18,16:35,1,2,2,1.0,2.0,35238,TURQUETY (EDOUARD),M,"48,1050900"," -1,6948000",35,2019,30.0,1.0,1.0,4.0,2271174,1.0,1,1,1,5.0,,-1.0, -1,1974.0,A01,138Â 198Â 814,1.0,0.0,-1.0,1733551,3.0,50,,0.0,2.0,4.0,B01,138Â 198Â 815,3.0
1015552,201900057083,6,18,16:35,1,2,2,1.0,2.0,35238,TURQUETY (EDOUARD),M,"48,1050900"," -1,6948000",35,2019,30.0,1.0,1.0,4.0,2271175,1.0,1,4,1,1.0,,-1.0, -1,1980.0,B01,138Â 198Â 815,2.0,0.0,-1.0,1733550,1.0,3,,0.0,2.0,0.0,A01,138Â 198Â 814,1.0
1015552,201900057083,6,18,16:35,1,2,2,1.0,2.0,35238,TURQUETY (EDOUARD),M,"48,1050900"," -1,6948000",35,2019,30.0,1.0,1.0,4.0,2271175,1.0,1,4,1,1.0,,-1.0, -1,1980.0,B01,138Â 198Â 815,2.0,0.0,-1.0,1733551,3.0,50,,0.0,2.0,4.0,B01,138Â 198Â 815,3.0
1015553,201900057084,1,2,19:00,3,1,1,1.0,3.0,14203,RD675,M,"49,2248580"," -0,0666460",14,2019,-1.0,1.0,1.0,3.0,2271176,1.0,1,1,2,-1.0,,0.0,0,1993.0,A01,138Â 198Â 812,8.0,-1.0,-1.0,1733552,1.0,7,,0.0,2.0,1.0,A01,138Â 198Â 812,1.0
1015553,201900057084,1,2,19:00,3,1,1,1.0,3.0,14203,RD675,M,"49,2248580"," -0,0666460",14,2019,-1.0,1.0,1.0,3.0,2271176,1.0,1,1,2,-1.0,,0.0,0,1993.0,A01,138Â 198Â 812,8.0,-1.0,-1.0,1733553,1.0,7,,0.0,0.0,9.0,B01,138Â 198Â 813,1.0
1015553,201900057084,1,2,19:00,3,1,1,1.0,3.0,14203,RD675,M,"49,2248580"," -0,0666460",14,2019,-1.0,1.0,1.0,3.0,2271177,1.0,1,4,1,-1.0,,0.0,0,1965.0,B01,138Â 198Â 813,1.0,5.0,-1.0,1733552,1.0,7,,0.0,2.0,1.0,A01,138Â 198Â 812,1.0
1015553,201900057084,1,2,19:00,3,1,1,1.0,3.0,14203,RD675,M,"49,2248580"," -0,0666460",14,2019,-1.0,1.0,1.0,3.0,2271177,1.0,1,4,1,-1.0,,0.0,0,1965.0,B01,138Â 198Â 813,1.0,5.0,-1.0,1733553,1.0,7,,0.0,0.0,9.0,B01,138Â 198Â 813,1.0
1015554,201900057085,7,10,16:25,1,2,1,1.0,7.0,34172,PETIT BARD (AVENUE DU),M,"43,6161900","3,8360500",34,2019,50.0,1.0,1.0,4.0,2271178,10.0,3,4,1,5.0,,2.0,4,2014.0,A01,138Â 198Â 811,8.0,0.0,-1.0,1733554,2.0,1,,0.0,1.0,1.0,A01,138Â 198Â 811,5.0
1015554,201900057085,7,10,16:25,1,2,1,1.0,7.0,34172,PETIT BARD (AVENUE DU),M,"43,6161900","3,8360500",34,2019,50.0,1.0,1.0,4.0,2271179,1.0,1,1,1,5.0,,0.0,0,1986.0,A01,138Â 198Â 811,8.0,0.0,-1.0,1733554,2.0,1,,0.0,1.0,1.0,A01,138Â 198Â 811,5.0
1015555,201900057086,7,14,09:20,1,2,3,1.0,3.0,33063,Q. Louis XVIII / All de Munich,M,"44,8449670"," -0,5706850",33,2019,50.0,1.0,1.0,4.0,2271180,2.0,2,4,1,5.0,,0.0,0,2011.0,A01,138Â 198Â 808,3.0,0.0,-1.0,1733555,0.0,7,,0.0,2.0,7.0,Z01,138Â 198Â 807,1.0
1015555,201900057086,7,14,09:20,1,2,3,1.0,3.0,33063,Q. Louis XVIII / All de Munich,M,"44,8449670"," -0,5706850",33,2019,50.0,1.0,1.0,4.0,2271180,2.0,2,4,1,5.0,,0.0,0,2011.0,A01,138Â 198Â 808,3.0,0.0,-1.0,1733556,0.0,32,,0.0,0.0,3.0,A01,138Â 198Â 808,1.0
1015555,201900057086,7,14,09:20,1,2,3,1.0,3.0,33063,Q. Louis XVIII / All de Munich,M,"44,8449670"," -0,5706850",33,2019,50.0,1.0,1.0,4.0,2271181,1.0,1,4,1,5.0,,-1.0, -1,1976.0,A01,138Â 198Â 808,2.0,6.0,-1.0,1733555,0.0,7,,0.0,2.0,7.0,Z01,138Â 198Â 807,1.0
1015555,201900057086,7,14,09:20,1,2,3,1.0,3.0,33063,Q. Louis XVIII / All de Munich,M,"44,8449670"," -0,5706850",33,2019,50.0,1.0,1.0,4.0,2271181,1.0,1,4,1,5.0,,-1.0, -1,1976.0,A01,138Â 198Â 808,2.0,6.0,-1.0,1733556,0.0,32,,0.0,0.0,3.0,A01,138Â 198Â 808,1.0
1015556,201900057087,1,2,12:30,1,1,2,1.0,3.0,14492,Aire de la Sergenterie,M,"49,4060850","0,1703720",14,2019,70.0,1.0,1.0,3.0,2271182,1.0,1,3,1,3.0,,0.0,0,1955.0,B01,138Â 198Â 809,2.0,-1.0,-1.0,1733557,1.0,33,,0.0,2.0,7.0,B01,138Â 198Â 809,1.0
1015556,201900057087,1,2,12:30,1,1,2,1.0,3.0,14492,Aire de la Sergenterie,M,"49,4060850","0,1703720",14,2019,70.0,1.0,1.0,3.0,2271182,1.0,1,3,1,3.0,,0.0,0,1955.0,B01,138Â 198Â 809,2.0,-1.0,-1.0,1733558,3.0,7,,0.0,2.0,3.0,A01,138Â 198Â 810,1.0
1015556,201900057087,1,2,12:30,1,1,2,1.0,3.0,14492,Aire de la Sergenterie,M,"49,4060850","0,1703720",14,2019,70.0,1.0,1.0,3.0,2271183,1.0,1,1,1,5.0,,0.0,0,1958.0,A01,138Â 198Â 810,1.0,-1.0,-1.0,1733557,1.0,33,,0.0,2.0,7.0,B01,138Â 198Â 809,1.0
1015556,201900057087,1,2,12:30,1,1,2,1.0,3.0,14492,Aire de la Sergenterie,M,"49,4060850","0,1703720",14,2019,70.0,1.0,1.0,3.0,2271183,1.0,1,1,1,5.0,,0.0,0,1958.0,A01,138Â 198Â 810,1.0,-1.0,-1.0,1733558,3.0,7,,0.0,2.0,3.0,A01,138Â 198Â 810,1.0
1015556,201900057087,1,2,12:30,1,1,2,1.0,3.0,14492,Aire de la Sergenterie,M,"49,4060850","0,1703720",14,2019,70.0,1.0,1.0,3.0,2271184,2.0,2,1,2,5.0,,0.0,0,1960.0,A01,138Â 198Â 810,1.0,-1.0,-1.0,1733557,1.0,33,,0.0,2.0,7.0,B01,138Â 198Â 809,1.0
1015556,201900057087,1,2,12:30,1,1,2,1.0,3.0,14492,Aire de la Sergenterie,M,"49,4060850","0,1703720",14,2019,70.0,1.0,1.0,3.0,2271184,2.0,2,1,2,5.0,,0.0,0,1960.0,A01,138Â 198Â 810,1.0,-1.0,-1.0,1733558,3.0,7,,0.0,2.0,3.0,A01,138Â 198Â 810,1.0
1015557,201900057088,1,1,07:30,3,1,1,1.0,6.0,14578,RD74,M,"49,3561480","0,1687820",14,2019,70.0,3.0,2.0,3.0,2271185,1.0,1,2,1,5.0,,0.0,0,1992.0,A01,138Â 198Â 804,0.0,-1.0,-1.0,1733559,1.0,7,,13.0,0.0,1.0,A01,138Â 198Â 804,1.0
1015558,201900057089,7,7,18:15,1,2,2,1.0,3.0,33063,Crs Aristide Briand / R. Edmond Costedoat,M,"44,8320130"," -0,5779050",33,2019,50.0,1.0,1.0,4.0,2271186,1.0,1,1,2,5.0,,0.0,0,1995.0,A01,138Â 198Â 805,1.0,0.0,-1.0,1733560,2.0,50,,0.0,2.0,2.0,A01,138Â 198Â 805,3.0
1015558,201900057089,7,7,18:15,1,2,2,1.0,3.0,33063,Crs Aristide Briand / R. Edmond Costedoat,M,"44,8320130"," -0,5779050",33,2019,50.0,1.0,1.0,4.0,2271186,1.0,1,1,2,5.0,,0.0,0,1995.0,A01,138Â 198Â 805,1.0,0.0,-1.0,1733561,1.0,32,,0.0,2.0,1.0,B01,138Â 198Â 806,1.0
1015558,201900057089,7,7,18:15,1,2,2,1.0,3.0,33063,Crs Aristide Briand / R. Edmond Costedoat,M,"44,8320130"," -0,5779050",33,2019,50.0,1.0,1.0,4.0,2271187,1.0,1,3,1,0.0,,0.0,0,1982.0,B01,138Â 198Â 806,8.0,0.0,-1.0,1733560,2.0,50,,0.0,2.0,2.0,A01,138Â 198Â 805,3.0
1015558,201900057089,7,7,18:15,1,2,2,1.0,3.0,33063,Crs Aristide Briand / R. Edmond Costedoat,M,"44,8320130"," -0,5779050",33,2019,50.0,1.0,1.0,4.0,2271187,1.0,1,3,1,0.0,,0.0,0,1982.0,B01,138Â 198Â 806,8.0,0.0,-1.0,1733561,1.0,32,,0.0,2.0,1.0,B01,138Â 198Â 806,1.0
1015559,201900057090,1,2,10:00,1,2,1,1.0,6.0,14021,Rue des Costils saint Pierre,M,"49,3370180"," -0,6259420",14,2019,50.0,4.0,1.0,4.0,2271188,1.0,1,2,2,5.0,,0.0,0,1963.0,A01,138Â 198Â 803,1.0,-1.0,-1.0,1733562,3.0,7,,1.0,0.0,1.0,A01,138Â 198Â 803,1.0