Unnamed: 0_x,num_acc,mois,jour,hrmn,lum,agg,int,atm,col,com,adr,gps,lat,long,dep,annee,vma,situ,surf,catr,Unnamed: 0_y,place,catu,grav,sexe,trajet,secu,locp,actp,an_nais,num_veh_x,id_vehicule_x,secu1,secu2,secu3,Unnamed: 0,senc,catv,occutc,obs,obsm,choc,num_veh_y,id_vehicule_y,motor
1015560,201900057091,7,4,05:46,2,2,1,1.0,6.0,33063,PCE PAUL DOUMER,M,"44,8519900"," -0,5740600",33,2019,10.0,6.0,1.0,4.0,2271189,1.0,1,1,1,4.0,,-1.0, -1,1977.0,A01,138Â 198Â 802,8.0,0.0,-1.0,1733563,2.0,40,,0.0,1.0,3.0,A01,138Â 198Â 802,3.0
1015560,201900057091,7,4,05:46,2,2,1,1.0,6.0,33063,PCE PAUL DOUMER,M,"44,8519900"," -0,5740600",33,2019,10.0,6.0,1.0,4.0,2271190,10.0,3,4,1,5.0,,2.0,5,1987.0,A01,138Â 198Â 802,8.0,0.0,-1.0,1733563,2.0,40,,0.0,1.0,3.0,A01,138Â 198Â 802,3.0
1015561,201900057092,1,4,16:50,1,1,1,1.0,6.0,05106,RN 94 - PK 93+930,M,"44,5300690","6,3326820",5,2019,80.0,1.0,1.0,2.0,2271191,2.0,2,1,2,5.0,,0.0,0,1970.0,A01,138Â 198Â 801,1.0,-1.0,-1.0,1733564,1.0,7,,0.0,1.0,2.0,A01,138Â 198Â 801,1.0
1015561,201900057092,1,4,16:50,1,1,1,1.0,6.0,05106,RN 94 - PK 93+930,M,"44,5300690","6,3326820",5,2019,80.0,1.0,1.0,2.0,2271192,10.0,3,4,2,5.0,,1.0,3,2007.0,A01,138Â 198Â 801,0.0,-1.0,-1.0,1733564,1.0,7,,0.0,1.0,2.0,A01,138Â 198Â 801,1.0
1015561,201900057092,1,4,16:50,1,1,1,1.0,6.0,05106,RN 94 - PK 93+930,M,"44,5300690","6,3326820",5,2019,80.0,1.0,1.0,2.0,2271193,1.0,1,1,2,5.0,,0.0,0,2001.0,A01,138Â 198Â 801,1.0,-1.0,-1.0,1733564,1.0,7,,0.0,1.0,2.0,A01,138Â 198Â 801,1.0
1015562,201900057093,1,4,17:05,3,1,1,1.0,6.0,05132,D23,M,"44,6884610","6,0763970",5,2019,80.0,3.0,1.0,3.0,2271194,1.0,1,4,2,0.0,,0.0,0,1943.0,A01,138Â 198Â 798,8.0,-1.0,-1.0,1733565,2.0,7,,2.0,0.0,1.0,A01,138Â 198Â 798,4.0
1015563,201900057094,7,9,21:10,2,2,2,1.0,3.0,33063,Crs Charles Bricaud / Av de la JallÃ¨re,M,"44,8954200"," -0,5657100",33,2019,50.0,1.0,1.0,4.0,2271195,1.0,1,4,2,0.0,,-1.0, -1,1992.0,A01,138Â 198Â 799,8.0,0.0,-1.0,1733566,0.0,7,,0.0,2.0,0.0,A01,138Â 198Â 799,1.0
1015563,201900057094,7,9,21:10,2,2,2,1.0,3.0,33063,Crs Charles Bricaud / Av de la JallÃ¨re,M,"44,8954200"," -0,5657100",33,2019,50.0,1.0,1.0,4.0,2271195,1.0,1,4,2,0.0,,-1.0, -1,1992.0,A01,138Â 198Â 799,8.0,0.0,-1.0,1733567,0.0,43,,0.0,2.0,0.0,B01,138Â 198Â 800,1.0
1015563,201900057094,7,9,21:10,2,2,2,1.0,3.0,33063,Crs Charles Bricaud / Av de la JallÃ¨re,M,"44,8954200"," -0,5657100",33,2019,50.0,1.0,1.0,4.0,2271196,1.0,1,4,1,0.0,,-1.0, -1,1993.0,B01,138Â 198Â 800,8.0,0.0,-1.0,1733566,0.0,7,,0.0,2.0,0.0,A01,138Â 198Â 799,1.0
1015563,201900057094,7,9,21:10,2,2,2,1.0,3.0,33063,Crs Charles Bricaud / Av de la JallÃ¨re,M,"44,8954200"," -0,5657100",33,2019,50.0,1.0,1.0,4.0,2271196,1.0,1,4,1,0.0,,-1.0, -1,1993.0,B01,138Â 198Â 800,8.0,0.0,-1.0,1733567,0.0,43,,0.0,2.0,0.0,B01,138Â 198Â 800,1.0
1015564,201900057095,1,2,20:25,3,1,1,1.0,2.0,50328,D900 intersection rue de l'Hotel Ruel,M,"49,1997520"," -1,4574560",50,2019,80.0,1.0,1.0,3.0,2271197,1.0,1,4,2,1.0,,0.0,0,1996.0,A01,138Â 198Â 795,1.0,-1.0,-1.0,1733568,1.0,7,,0.0,2.0,1.0,A01,138Â 198Â 795,1.0
1015564,201900057095,1,2,20:25,3,1,1,1.0,2.0,50328,D900 intersection rue de l'Hotel Ruel,M,"49,1997520"," -1,4574560",50,2019,80.0,1.0,1.0,3.0,2271197,1.0,1,4,2,1.0,,0.0,0,1996.0,A01,138Â 198Â 795,1.0,-1.0,-1.0,1733569,1.0,7,,0.0,2.0,4.0,B01,138Â 198Â 797,1.0
1015564,201900057095,1,2,20:25,3,1,1,1.0,2.0,50328,D900 intersection rue de l'Hotel Ruel,M,"49,1997520"," -1,4574560",50,2019,80.0,1.0,1.0,3.0,2271198,2.0,2,4,1,5.0,,0.0,0,1968.0,B01,138Â 198Â 797,1.0,-1.0,-1.0,1733568,1.0,7,,0.0,2.0,1.0,A01,138Â 198Â 795,1.0
1015564,201900057095,1,2,20:25,3,1,1,1.0,2.0,50328,D900 intersection rue de l'Hotel Ruel,M,"49,1997520"," -1,4574560",50,2019,80.0,1.0,1.0,3.0,2271198,2.0,2,4,1,5.0,,0.0,0,1968.0,B01,138Â 198Â 797,1.0,-1.0,-1.0,1733569,1.0,7,,0.0,2.0,4.0,B01,138Â 198Â 797,1.0
1015564,201900057095,1,2,20:25,3,1,1,1.0,2.0,50328,D900 intersection rue de l'Hotel Ruel,M,"49,1997520"," -1,4574560",50,2019,80.0,1.0,1.0,3.0,2271199,1.0,1,4,2,5.0,,0.0,0,1965.0,B01,138Â 198Â 797,1.0,-1.0,-1.0,1733568,1.0,7,,0.0,2.0,1.0,A01,138Â 198Â 795,1.0
1015564,201900057095,1,2,20:25,3,1,1,1.0,2.0,50328,D900 intersection rue de l'Hotel Ruel,M,"49,1997520"," -1,4574560",50,2019,80.0,1.0,1.0,3.0,2271199,1.0,1,4,2,5.0,,0.0,0,1965.0,B01,138Â 198Â 797,1.0,-1.0,-1.0,1733569,1.0,7,,0.0,2.0,4.0,B01,138Â 198Â 797,1.0
1015565,201900057096,7,9,17:20,1,2,1,1.0,1.0,33039,RUE CHARLES LAMOUREUX,M,"44,8036900"," -0,5611700",33,2019,30.0,1.0,1.0,4.0,2271200,1.0,1,3,1,0.0,,-1.0, -1,1975.0,B01,138Â 198Â 794,8.0,0.0,-1.0,1733570,0.0,34,,0.0,2.0,1.0,B01,138Â 198Â 794,1.0
1015565,201900057096,7,9,17:20,1,2,1,1.0,1.0,33039,RUE CHARLES LAMOUREUX,M,"44,8036900"," -0,5611700",33,2019,30.0,1.0,1.0,4.0,2271200,1.0,1,3,1,0.0,,-1.0, -1,1975.0,B01,138Â 198Â 794,8.0,0.0,-1.0,1733571,0.0,7,,0.0,2.0,1.0,A01,138Â 198Â 796,1.0
1015565,201900057096,7,9,17:20,1,2,1,1.0,1.0,33039,RUE CHARLES LAMOUREUX,M,"44,8036900"," -0,5611700",33,2019,30.0,1.0,1.0,4.0,2271201,1.0,1,1,1,5.0,,-1.0, -1,2002.0,A01,138Â 198Â 796,8.0,0.0,-1.0,1733570,0.0,34,,0.0,2.0,1.0,B01,138Â 198Â 794,1.0
1015565,201900057096,7,9,17:20,1,2,1,1.0,1.0,33039,RUE CHARLES LAMOUREUX,M,"44,8036900"," -0,5611700",33,2019,30.0,1.0,1.0,4.0,2271201,1.0,1,1,1,5.0,,-1.0, -1,2002.0,A01,138Â 198Â 796,8.0,0.0,-1.0,1733571,0.0,7,,0.0,2.0,1.0,A01,138Â 198Â 796,1.0
1015566,201900057097,1,4,18:20,5,2,1,1.0,3.0,50410,chaussÃ©e villechÃ©rel,M,"48,5518250"," -1,5204450",50,2019,50.0,1.0,1.0,3.0,2271202,1.0,1,3,1,0.0,,0.0,0,2002.0,B01,138Â 198Â 791,2.0,4.0,6.0,1733572,3.0,2,,0.0,2.0,2.0,B01,138Â 198Â 791,1.0
1015566,201900057097,1,4,18:20,5,2,1,1.0,3.0,50410,chaussÃ©e villechÃ©rel,M,"48,5518250"," -1,5204450",50,2019,50.0,1.0,1.0,3.0,2271202,1.0,1,3,1,0.0,,0.0,0,2002.0,B01,138Â 198Â 791,2.0,4.0,6.0,1733573,3.0,7,,0.0,2.0,3.0,A01,138Â 198Â 793,1.0
1015566,201900057097,1,4,18:20,5,2,1,1.0,3.0,50410,chaussÃ©e villechÃ©rel,M,"48,5518250"," -1,5204450",50,2019,50.0,1.0,1.0,3.0,2271203,1.0,1,1,1,0.0,,0.0,0,1967.0,A01,138Â 198Â 793,1.0,-1.0,-1.0,1733572,3.0,2,,0.0,2.0,2.0,B01,138Â 198Â 791,1.0
1015566,201900057097,1,4,18:20,5,2,1,1.0,3.0,50410,chaussÃ©e villechÃ©rel,M,"48,5518250"," -1,5204450",50,2019,50.0,1.0,1.0,3.0,2271203,1.0,1,1,1,0.0,,0.0,0,1967.0,A01,138Â 198Â 793,1.0,-1.0,-1.0,1733573,3.0,7,,0.0,2.0,3.0,A01,138Â 198Â 793,1.0
1015567,201900057098,7,7,21:20,2,2,1,1.0,2.0,33063,THIERS (AVE ),M,"44,8450400"," -0,5521700",33,2019,50.0,1.0,1.0,4.0,2271204,1.0,1,1,1,0.0,,-1.0, -1,1983.0,B01,138Â 198Â 790,1.0,0.0,-1.0,1733574,2.0,7,,0.0,2.0,4.0,B01,138Â 198Â 790,1.0
1015567,201900057098,7,7,21:20,2,2,1,1.0,2.0,33063,THIERS (AVE ),M,"44,8450400"," -0,5521700",33,2019,50.0,1.0,1.0,4.0,2271204,1.0,1,1,1,0.0,,-1.0, -1,1983.0,B01,138Â 198Â 790,1.0,0.0,-1.0,1733575,2.0,30,,0.0,2.0,1.0,A01,138Â 198Â 792,1.0
1015567,201900057098,7,7,21:20,2,2,1,1.0,2.0,33063,THIERS (AVE ),M,"44,8450400"," -0,5521700",33,2019,50.0,1.0,1.0,4.0,2271205,1.0,1,3,1,4.0,,-1.0, -1,1995.0,A01,138Â 198Â 792,2.0,0.0,-1.0,1733574,2.0,7,,0.0,2.0,4.0,B01,138Â 198Â 790,1.0
1015567,201900057098,7,7,21:20,2,2,1,1.0,2.0,33063,THIERS (AVE ),M,"44,8450400"," -0,5521700",33,2019,50.0,1.0,1.0,4.0,2271205,1.0,1,3,1,4.0,,-1.0, -1,1995.0,A01,138Â 198Â 792,2.0,0.0,-1.0,1733575,2.0,30,,0.0,2.0,1.0,A01,138Â 198Â 792,1.0
1015568,201900057099,1,5,10:30,1,1,1,1.0,1.0,45009,RD 11 PK 38+800,M,"48,0955170","2,0274100",45,2019,80.0,1.0,1.0,3.0,2271206,1.0,1,3,2,0.0,,0.0,0,1967.0,B01,138Â 198Â 787,1.0,-1.0,-1.0,1733576,1.0,7,,0.0,2.0,3.0,B01,138Â 198Â 787,1.0
1015568,201900057099,1,5,10:30,1,1,1,1.0,1.0,45009,RD 11 PK 38+800,M,"48,0955170","2,0274100",45,2019,80.0,1.0,1.0,3.0,2271206,1.0,1,3,2,0.0,,0.0,0,1967.0,B01,138Â 198Â 787,1.0,-1.0,-1.0,1733577,2.0,7,,0.0,2.0,3.0,A01,138Â 198Â 789,1.0
1015568,201900057099,1,5,10:30,1,1,1,1.0,1.0,45009,RD 11 PK 38+800,M,"48,0955170","2,0274100",45,2019,80.0,1.0,1.0,3.0,2271207,1.0,1,1,1,3.0,,0.0,0,1966.0,A01,138Â 198Â 789,1.0,-1.0,-1.0,1733576,1.0,7,,0.0,2.0,3.0,B01,138Â 198Â 787,1.0
1015568,201900057099,1,5,10:30,1,1,1,1.0,1.0,45009,RD 11 PK 38+800,M,"48,0955170","2,0274100",45,2019,80.0,1.0,1.0,3.0,2271207,1.0,1,1,1,3.0,,0.0,0,1966.0,A01,138Â 198Â 789,1.0,-1.0,-1.0,1733577,2.0,7,,0.0,2.0,3.0,A01,138Â 198Â 789,1.0
1015569,201900057100,1,4,14:20,1,2,6,5.0,7.0,64018,D11,M,"43,3306550"," -1,0383750",64,2019,50.0,1.0,1.0,3.0,2271208,1.0,1,4,1,0.0,,0.0,0,1981.0,A01,138Â 198Â 785,2.0,6.0,-1.0,1733578,2.0,2,,0.0,0.0,7.0,A01,138Â 198Â 785,1.0
1015570,201900057101,7,6,19:00,1,1,1,1.0,4.0,33529,RD1250 (BONNEVAL - LA HUME) - Z.A.,M,"44,6181400"," -1,1218300",33,2019,80.0,1.0,1.0,2.0,2271209,1.0,1,1,1,0.0,,-1.0, -1,1969.0,D01,138Â 198Â 783,1.0,0.0,-1.0,1733579,1.0,7,,0.0,2.0,4.0,D01,138Â 198Â 783,0.0
1015570,201900057101,7,6,19:00,1,1,1,1.0,4.0,33529,RD1250 (BONNEVAL - LA HUME) - Z.A.,M,"44,6181400"," -1,1218300",33,2019,80.0,1.0,1.0,2.0,2271209,1.0,1,1,1,0.0,,-1.0, -1,1969.0,D01,138Â 198Â 783,1.0,0.0,-1.0,1733580,1.0,7,,0.0,2.0,4.0,C01,138Â 198Â 784,1.0
1015570,201900057101,7,6,19:00,1,1,1,1.0,4.0,33529,RD1250 (BONNEVAL - LA HUME) - Z.A.,M,"44,6181400"," -1,1218300",33,2019,80.0,1.0,1.0,2.0,2271209,1.0,1,1,1,0.0,,-1.0, -1,1969.0,D01,138Â 198Â 783,1.0,0.0,-1.0,1733581,1.0,7,,0.0,2.0,4.0,B01,138Â 198Â 786,1.0
1015570,201900057101,7,6,19:00,1,1,1,1.0,4.0,33529,RD1250 (BONNEVAL - LA HUME) - Z.A.,M,"44,6181400"," -1,1218300",33,2019,80.0,1.0,1.0,2.0,2271209,1.0,1,1,1,0.0,,-1.0, -1,1969.0,D01,138Â 198Â 783,1.0,0.0,-1.0,1733582,1.0,7,,0.0,2.0,1.0,A01,138Â 198Â 788,1.0
1015570,201900057101,7,6,19:00,1,1,1,1.0,4.0,33529,RD1250 (BONNEVAL - LA HUME) - Z.A.,M,"44,6181400"," -1,1218300",33,2019,80.0,1.0,1.0,2.0,2271210,1.0,1,1,2,0.0,,-1.0, -1,1984.0,C01,138Â 198Â 784,1.0,0.0,-1.0,1733579,1.0,7,,0.0,2.0,4.0,D01,138Â 198Â 783,0.0
1015570,201900057101,7,6,19:00,1,1,1,1.0,4.0,33529,RD1250 (BONNEVAL - LA HUME) - Z.A.,M,"44,6181400"," -1,1218300",33,2019,80.0,1.0,1.0,2.0,2271210,1.0,1,1,2,0.0,,-1.0, -1,1984.0,C01,138Â 198Â 784,1.0,0.0,-1.0,1733580,1.0,7,,0.0,2.0,4.0,C01,138Â 198Â 784,1.0
1015570,201900057101,7,6,19:00,1,1,1,1.0,4.0,33529,RD1250 (BONNEVAL - LA HUME) - Z.A.,M,"44,6181400"," -1,1218300",33,2019,80.0,1.0,1.0,2.0,2271210,1.0,1,1,2,0.0,,-1.0, -1,1984.0,C01,138Â 198Â 784,1.0,0.0,-1.0,1733581,1.0,7,,0.0,2.0,4.0,B01,138Â 198Â 786,1.0
1015570,201900057101,7,6,19:00,1,1,1,1.0,4.0,33529,RD1250 (BONNEVAL - LA HUME) - Z.A.,M,"44,6181400"," -1,1218300",33,2019,80.0,1.0,1.0,2.0,2271210,1.0,1,1,2,0.0,,-1.0, -1,1984.0,C01,138Â 198Â 784,1.0,0.0,-1.0,1733582,1.0,7,,0.0,2.0,1.0,A01,138Â 198Â 788,1.0
1015570,201900057101,7,6,19:00,1,1,1,1.0,4.0,33529,RD1250 (BONNEVAL - LA HUME) - Z.A.,M,"44,6181400"," -1,1218300",33,2019,80.0,1.0,1.0,2.0,2271211,2.0,2,4,1,0.0,,-1.0, -1,1946.0,B01,138Â 198Â 786,1.0,0.0,-1.0,1733579,1.0,7,,0.0,2.0,4.0,D01,138Â 198Â 783,0.0
1015570,201900057101,7,6,19:00,1,1,1,1.0,4.0,33529,RD1250 (BONNEVAL - LA HUME) - Z.A.,M,"44,6181400"," -1,1218300",33,2019,80.0,1.0,1.0,2.0,2271211,2.0,2,4,1,0.0,,-1.0, -1,1946.0,B01,138Â 198Â 786,1.0,0.0,-1.0,1733580,1.0,7,,0.0,2.0,4.0,C01,138Â 198Â 784,1.0
1015570,201900057101,7,6,19:00,1,1,1,1.0,4.0,33529,RD1250 (BONNEVAL - LA HUME) - Z.A.,M,"44,6181400"," -1,1218300",33,2019,80.0,1.0,1.0,2.0,2271211,2.0,2,4,1,0.0,,-1.0, -1,1946.0,B01,138Â 198Â 786,1.0,0.0,-1.0,1733581,1.0,7,,0.0,2.0,4.0,B01,138Â 198Â 786,1.0
1015570,201900057101,7,6,19:00,1,1,1,1.0,4.0,33529,RD1250 (BONNEVAL - LA HUME) - Z.A.,M,"44,6181400"," -1,1218300",33,2019,80.0,1.0,1.0,2.0,2271211,2.0,2,4,1,0.0,,-1.0, -1,1946.0,B01,138Â 198Â 786,1.0,0.0,-1.0,1733582,1.0,7,,0.0,2.0,1.0,A01,138Â 198Â 788,1.0
1015570,201900057101,7,6,19:00,1,1,1,1.0,4.0,33529,RD1250 (BONNEVAL - LA HUME) - Z.A.,M,"44,6181400"," -1,1218300",33,2019,80.0,1.0,1.0,2.0,2271212,1.0,1,4,2,0.0,,-1.0, -1,1967.0,B01,138Â 198Â 786,1.0,0.0,-1.0,1733579,1.0,7,,0.0,2.0,4.0,D01,138Â 198Â 783,0.0
1015570,201900057101,7,6,19:00,1,1,1,1.0,4.0,33529,RD1250 (BONNEVAL - LA HUME) - Z.A.,M,"44,6181400"," -1,1218300",33,2019,80.0,1.0,1.0,2.0,2271212,1.0,1,4,2,0.0,,-1.0, -1,1967.0,B01,138Â 198Â 786,1.0,0.0,-1.0,1733580,1.0,7,,0.0,2.0,4.0,C01,138Â 198Â 784,1.0
1015570,201900057101,7,6,19:00,1,1,1,1.0,4.0,33529,RD1250 (BONNEVAL - LA HUME) - Z.A.,M,"44,6181400"," -1,1218300",33,2019,80.0,1.0,1.0,2.0,2271212,1.0,1,4,2,0.0,,-1.0, -1,1967.0,B01,138Â 198Â 786,1.0,0.0,-1.0,1733581,1.0,7,,0.0,2.0,4.0,B01,138Â 198Â 786,1.0
1015570,201900057101,7,6,19:00,1,1,1,1.0,4.0,33529,RD1250 (BONNEVAL - LA HUME) - Z.A.,M,"44,6181400"," -1,1218300",33,2019,80.0,1.0,1.0,2.0,2271212,1.0,1,4,2,0.0,,-1.0, -1,1967.0,B01,138Â 198Â 786,1.0,0.0,-1.0,1733582,1.0,7,,0.0,2.0,1.0,A01,138Â 198Â 788,1.0
1015570,201900057101,7,6,19:00,1,1,1,1.0,4.0,33529,RD1250 (BONNEVAL - LA HUME) - Z.A.,M,"44,6181400"," -1,1218300",33,2019,80.0,1.0,1.0,2.0,2271213,1.0,1,1,1,0.0,,-1.0, -1,1986.0,A01,138Â 198Â 788,1.0,0.0,-1.0,1733579,1.0,7,,0.0,2.0,4.0,D01,138Â 198Â 783,0.0
1015570,201900057101,7,6,19:00,1,1,1,1.0,4.0,33529,RD1250 (BONNEVAL - LA HUME) - Z.A.,M,"44,6181400"," -1,1218300",33,2019,80.0,1.0,1.0,2.0,2271213,1.0,1,1,1,0.0,,-1.0, -1,1986.0,A01,138Â 198Â 788,1.0,0.0,-1.0,1733580,1.0,7,,0.0,2.0,4.0,C01,138Â 198Â 784,1.0
1015570,201900057101,7,6,19:00,1,1,1,1.0,4.0,33529,RD1250 (BONNEVAL - LA HUME) - Z.A.,M,"44,6181400"," -1,1218300",33,2019,80.0,1.0,1.0,2.0,2271213,1.0,1,1,1,0.0,,-1.0, -1,1986.0,A01,138Â 198Â 788,1.0,0.0,-1.0,1733581,1.0,7,,0.0,2.0,4.0,B01,138Â 198Â 786,1.0
1015570,201900057101,7,6,19:00,1,1,1,1.0,4.0,33529,RD1250 (BONNEVAL - LA HUME) - Z.A.,M,"44,6181400"," -1,1218300",33,2019,80.0,1.0,1.0,2.0,2271213,1.0,1,1,1,0.0,,-1.0, -1,1986.0,A01,138Â 198Â 788,1.0,0.0,-1.0,1733582,1.0,7,,0.0,2.0,1.0,A01,138Â 198Â 788,1.0
1015570,201900057101,7,6,19:00,1,1,1,1.0,4.0,33529,RD1250 (BONNEVAL - LA HUME) - Z.A.,M,"44,6181400"," -1,1218300",33,2019,80.0,1.0,1.0,2.0,2271214,2.0,2,4,2,0.0,,-1.0, -1,1992.0,A01,138Â 198Â 788,1.0,0.0,-1.0,1733579,1.0,7,,0.0,2.0,4.0,D01,138Â 198Â 783,0.0
1015570,201900057101,7,6,19:00,1,1,1,1.0,4.0,33529,RD1250 (BONNEVAL - LA HUME) - Z.A.,M,"44,6181400"," -1,1218300",33,2019,80.0,1.0,1.0,2.0,2271214,2.0,2,4,2,0.0,,-1.0, -1,1992.0,A01,138Â 198Â 788,1.0,0.0,-1.0,1733580,1.0,7,,0.0,2.0,4.0,C01,138Â 198Â 784,1.0
1015570,201900057101,7,6,19:00,1,1,1,1.0,4.0,33529,RD1250 (BONNEVAL - LA HUME) - Z.A.,M,"44,6181400"," -1,1218300",33,2019,80.0,1.0,1.0,2.0,2271214,2.0,2,4,2,0.0,,-1.0, -1,1992.0,A01,138Â 198Â 788,1.0,0.0,-1.0,1733581,1.0,7,,0.0,2.0,4.0,B01,138Â 198Â 786,1.0
1015570,201900057101,7,6,19:00,1,1,1,1.0,4.0,33529,RD1250 (BONNEVAL - LA HUME) - Z.A.,M,"44,6181400"," -1,1218300",33,2019,80.0,1.0,1.0,2.0,2271214,2.0,2,4,2,0.0,,-1.0, -1,1992.0,A01,138Â 198Â 788,1.0,0.0,-1.0,1733582,1.0,7,,0.0,2.0,1.0,A01,138Â 198Â 788,1.0
1015571,201900057102,1,1,05:00,3,2,1,5.0,6.0,64386,DÃ©partementale 937,M,"43,1909957"," -0,2518581",64,2019,50.0,1.0,2.0,3.0,2271215,1.0,1,3,2,5.0,,0.0,0,1986.0,A01,138Â 198Â 782,2.0,-1.0,-1.0,1733583,2.0,2,,7.0,0.0,7.0,A01,138Â 198Â 782,1.0
1015572,201900057103,7,9,16:30,1,2,1,1.0,1.0,31555,AV JEAN RIEUX,M,"43,5803900","1,4822600",31,2019,50.0,1.0,1.0,4.0,2271216,1.0,1,1,1,9.0,,-1.0,0,1979.0,B01,138Â 198Â 780,1.0,8.0,-1.0,1733584,2.0,7,,0.0,2.0,1.0,B01,138Â 198Â 780,1.0
1015572,201900057103,7,9,16:30,1,2,1,1.0,1.0,31555,AV JEAN RIEUX,M,"43,5803900","1,4822600",31,2019,50.0,1.0,1.0,4.0,2271216,1.0,1,1,1,9.0,,-1.0,0,1979.0,B01,138Â 198Â 780,1.0,8.0,-1.0,1733585,1.0,7,,1.0,2.0,1.0,A01,138Â 198Â 781,1.0
1015572,201900057103,7,9,16:30,1,2,1,1.0,1.0,31555,AV JEAN RIEUX,M,"43,5803900","1,4822600",31,2019,50.0,1.0,1.0,4.0,2271217,1.0,1,4,1,5.0,,-1.0,0,1919.0,A01,138Â 198Â 781,1.0,8.0,-1.0,1733584,2.0,7,,0.0,2.0,1.0,B01,138Â 198Â 780,1.0
1015572,201900057103,7,9,16:30,1,2,1,1.0,1.0,31555,AV JEAN RIEUX,M,"43,5803900","1,4822600",31,2019,50.0,1.0,1.0,4.0,2271217,1.0,1,4,1,5.0,,-1.0,0,1919.0,A01,138Â 198Â 781,1.0,8.0,-1.0,1733585,1.0,7,,1.0,2.0,1.0,A01,138Â 198Â 781,1.0
1015573,201900057104,1,6,07:30,3,1,1,1.0,6.0,64238,D817,M,"43,2472010"," -0,0491510",64,2019,80.0,3.0,1.0,3.0,2271218,2.0,2,3,1,5.0,,0.0,0,1965.0,A01,138Â 198Â 779,1.0,-1.0,-1.0,1733586,2.0,7,,15.0,0.0,2.0,A01,138Â 198Â 779,1.0
1015573,201900057104,1,6,07:30,3,1,1,1.0,6.0,64238,D817,M,"43,2472010"," -0,0491510",64,2019,80.0,3.0,1.0,3.0,2271219,1.0,1,1,2,5.0,,0.0,0,1972.0,A01,138Â 198Â 779,1.0,-1.0,-1.0,1733586,2.0,7,,15.0,0.0,2.0,A01,138Â 198Â 779,1.0
1015573,201900057104,1,6,07:30,3,1,1,1.0,6.0,64238,D817,M,"43,2472010"," -0,0491510",64,2019,80.0,3.0,1.0,3.0,2271220,9.0,2,3,1,5.0,,0.0,0,1949.0,A01,138Â 198Â 779,1.0,-1.0,-1.0,1733586,2.0,7,,15.0,0.0,2.0,A01,138Â 198Â 779,1.0
1015574,201900057105,7,9,07:30,1,2,1,1.0,6.0,31555,RUE MONTMORENCY,M,"43,6131400","1,4286300",31,2019,50.0,1.0,1.0,4.0,2271221,10.0,3,4,2,9.0,,3.0,3,1996.0,A01,138Â 198Â 778,8.0,0.0,-1.0,1733587,0.0,7,,0.0,1.0,1.0,A01,138Â 198Â 778,1.0
1015574,201900057105,7,9,07:30,1,2,1,1.0,6.0,31555,RUE MONTMORENCY,M,"43,6131400","1,4286300",31,2019,50.0,1.0,1.0,4.0,2271222,1.0,1,1,1,0.0,,-1.0,0,1985.0,A01,138Â 198Â 778,1.0,0.0,-1.0,1733587,0.0,7,,0.0,1.0,1.0,A01,138Â 198Â 778,1.0
1015575,201900057106,1,5,18:15,5,1,6,1.0,6.0,73153,RD129,M,"45,7263311","6,4148741",73,2019,70.0,1.0,1.0,3.0,2271223,2.0,2,3,1,0.0,,0.0,0,1992.0,A01,138Â 198Â 777,1.0,-1.0,-1.0,1733588,1.0,7,,4.0,0.0,1.0,A01,138Â 198Â 777,1.0
1015575,201900057106,1,5,18:15,5,1,6,1.0,6.0,73153,RD129,M,"45,7263311","6,4148741",73,2019,70.0,1.0,1.0,3.0,2271224,1.0,1,3,1,0.0,,0.0,0,1988.0,A01,138Â 198Â 777,1.0,-1.0,-1.0,1733588,1.0,7,,4.0,0.0,1.0,A01,138Â 198Â 777,1.0
1015575,201900057106,1,5,18:15,5,1,6,1.0,6.0,73153,RD129,M,"45,7263311","6,4148741",73,2019,70.0,1.0,1.0,3.0,2271225,8.0,2,3,1,0.0,,0.0,0,1992.0,A01,138Â 198Â 777,1.0,-1.0,-1.0,1733588,1.0,7,,4.0,0.0,1.0,A01,138Â 198Â 777,1.0
1015576,201900057107,7,10,08:20,1,2,9,1.0,1.0,26057,GAULLE (AVENUE DU GENERAL DE),M,"45,0375000","5,0546000",26,2019,50.0,1.0,1.0,4.0,2271226,1.0,1,1,1,0.0,,-1.0, -1,1981.0,A01,138Â 198Â 772,1.0,0.0,-1.0,1733589,3.0,7,,0.0,2.0,2.0,A01,138Â 198Â 772,1.0
1015576,201900057107,7,10,08:20,1,2,9,1.0,1.0,26057,GAULLE (AVENUE DU GENERAL DE),M,"45,0375000","5,0546000",26,2019,50.0,1.0,1.0,4.0,2271226,1.0,1,1,1,0.0,,-1.0, -1,1981.0,A01,138Â 198Â 772,1.0,0.0,-1.0,1733590,3.0,7,,0.0,2.0,1.0,B01,138Â 198Â 773,1.0
1015576,201900057107,7,10,08:20,1,2,9,1.0,1.0,26057,GAULLE (AVENUE DU GENERAL DE),M,"45,0375000","5,0546000",26,2019,50.0,1.0,1.0,4.0,2271227,1.0,1,4,1,0.0,,0.0,0,1981.0,B01,138Â 198Â 773,1.0,-1.0,-1.0,1733589,3.0,7,,0.0,2.0,2.0,A01,138Â 198Â 772,1.0
1015576,201900057107,7,10,08:20,1,2,9,1.0,1.0,26057,GAULLE (AVENUE DU GENERAL DE),M,"45,0375000","5,0546000",26,2019,50.0,1.0,1.0,4.0,2271227,1.0,1,4,1,0.0,,0.0,0,1981.0,B01,138Â 198Â 773,1.0,-1.0,-1.0,1733590,3.0,7,,0.0,2.0,1.0,B01,138Â 198Â 773,1.0