Unnamed: 0_x,num_acc,mois,jour,hrmn,lum,agg,int,atm,col,com,adr,gps,lat,long,dep,annee,vma,situ,surf,catr,Unnamed: 0_y,place,catu,grav,sexe,trajet,secu,locp,actp,an_nais,num_veh_x,id_vehicule_x,secu1,secu2,secu3,Unnamed: 0,senc,catv,occutc,obs,obsm,choc,num_veh_y,id_vehicule_y,motor
1015577,201900057108,7,10,10:27,1,2,6,1.0,6.0,18279,SEMARD ( RUE PIERRE ),M,"47,2250039","2,0616370",18,2019,50.0,1.0,1.0,4.0,2271228,1.0,1,1,1,3.0,,0.0,0,1943.0,A01,138Â 198Â 770,1.0,0.0,-1.0,1733591,1.0,7,,0.0,1.0,3.0,A01,138Â 198Â 770,1.0
1015577,201900057108,7,10,10:27,1,2,6,1.0,6.0,18279,SEMARD ( RUE PIERRE ),M,"47,2250039","2,0616370",18,2019,50.0,1.0,1.0,4.0,2271229,10.0,3,2,1,3.0,,3.0,3,1939.0,A01,138Â 198Â 770,8.0,0.0,-1.0,1733591,1.0,7,,0.0,1.0,3.0,A01,138Â 198Â 770,1.0
1015578,201900057109,7,10,22:25,2,2,3,1.0,3.0,17300,GRASSET   AVENUE EDMOND (85T-15),M,"46,1635200"," -1,1694300",17,2019,50.0,1.0,1.0,4.0,2271230,1.0,1,1,2,9.0,,0.0,0,1979.0,B01,138Â 198Â 768,1.0,0.0,-1.0,1733592,1.0,7,,0.0,2.0,8.0,B01,138Â 198Â 768,1.0
1015578,201900057109,7,10,22:25,2,2,3,1.0,3.0,17300,GRASSET   AVENUE EDMOND (85T-15),M,"46,1635200"," -1,1694300",17,2019,50.0,1.0,1.0,4.0,2271230,1.0,1,1,2,9.0,,0.0,0,1979.0,B01,138Â 198Â 768,1.0,0.0,-1.0,1733593,1.0,7,,0.0,2.0,2.0,A01,138Â 198Â 769,1.0
1015578,201900057109,7,10,22:25,2,2,3,1.0,3.0,17300,GRASSET   AVENUE EDMOND (85T-15),M,"46,1635200"," -1,1694300",17,2019,50.0,1.0,1.0,4.0,2271231,1.0,1,1,1,4.0,,0.0,0,1968.0,A01,138Â 198Â 769,1.0,8.0,-1.0,1733592,1.0,7,,0.0,2.0,8.0,B01,138Â 198Â 768,1.0
1015578,201900057109,7,10,22:25,2,2,3,1.0,3.0,17300,GRASSET   AVENUE EDMOND (85T-15),M,"46,1635200"," -1,1694300",17,2019,50.0,1.0,1.0,4.0,2271231,1.0,1,1,1,4.0,,0.0,0,1968.0,A01,138Â 198Â 769,1.0,8.0,-1.0,1733593,1.0,7,,0.0,2.0,2.0,A01,138Â 198Â 769,1.0
1015578,201900057109,7,10,22:25,2,2,3,1.0,3.0,17300,GRASSET   AVENUE EDMOND (85T-15),M,"46,1635200"," -1,1694300",17,2019,50.0,1.0,1.0,4.0,2271232,4.0,2,4,2,4.0,,0.0,0,1999.0,A01,138Â 198Â 769,1.0,0.0,-1.0,1733592,1.0,7,,0.0,2.0,8.0,B01,138Â 198Â 768,1.0
1015578,201900057109,7,10,22:25,2,2,3,1.0,3.0,17300,GRASSET   AVENUE EDMOND (85T-15),M,"46,1635200"," -1,1694300",17,2019,50.0,1.0,1.0,4.0,2271232,4.0,2,4,2,4.0,,0.0,0,1999.0,A01,138Â 198Â 769,1.0,0.0,-1.0,1733593,1.0,7,,0.0,2.0,2.0,A01,138Â 198Â 769,1.0
1015578,201900057109,7,10,22:25,2,2,3,1.0,3.0,17300,GRASSET   AVENUE EDMOND (85T-15),M,"46,1635200"," -1,1694300",17,2019,50.0,1.0,1.0,4.0,2271233,2.0,2,1,1,4.0,,0.0,0,1975.0,A01,138Â 198Â 769,1.0,0.0,-1.0,1733592,1.0,7,,0.0,2.0,8.0,B01,138Â 198Â 768,1.0
1015578,201900057109,7,10,22:25,2,2,3,1.0,3.0,17300,GRASSET   AVENUE EDMOND (85T-15),M,"46,1635200"," -1,1694300",17,2019,50.0,1.0,1.0,4.0,2271233,2.0,2,1,1,4.0,,0.0,0,1975.0,A01,138Â 198Â 769,1.0,0.0,-1.0,1733593,1.0,7,,0.0,2.0,2.0,A01,138Â 198Â 769,1.0
1015579,201900057110,7,10,23:20,5,2,9,1.0,6.0,13216,TOUSSAINT D' ORCINO (ROND-POINT),M,"43,3602600","5,3381100",13,2019,50.0,1.0,1.0,4.0,2271234,1.0,1,4,1,5.0,,-1.0, -1,1994.0,A01,138Â 198Â 767,2.0,6.0,-1.0,1733594,3.0,36,,12.0,0.0,2.0,A01,138Â 198Â 767,1.0
1015580,201900057111,7,10,12:40,1,2,1,1.0,7.0,13209,CONCORDE (BOULEVARD DE LA),M,"43,2491730","5,4020070",13,2019,50.0,1.0,1.0,4.0,2271235,10.0,3,3,2,0.0,,3.0,3,1970.0,A01,138Â 198Â 766,8.0,0.0,-1.0,1733595,2.0,7,,0.0,1.0,1.0,A01,138Â 198Â 766,1.0
1015580,201900057111,7,10,12:40,1,2,1,1.0,7.0,13209,CONCORDE (BOULEVARD DE LA),M,"43,2491730","5,4020070",13,2019,50.0,1.0,1.0,4.0,2271236,1.0,1,1,1,0.0,,-1.0, -1,1990.0,A01,138Â 198Â 766,1.0,8.0,-1.0,1733595,2.0,7,,0.0,1.0,1.0,A01,138Â 198Â 766,1.0
1015581,201900057112,7,10,08:00,1,1,1,1.0,6.0,13202,PORT (QUAI DU),M,"43,2955740","5,3661040",13,2019,30.0,1.0,1.0,5.0,2271237,1.0,1,1,1,9.0,,-1.0,0,1969.0,A01,138Â 198Â 765,1.0,0.0,-1.0,1733596,3.0,7,,0.0,1.0,1.0,A01,138Â 198Â 765,1.0
1015581,201900057112,7,10,08:00,1,1,1,1.0,6.0,13202,PORT (QUAI DU),M,"43,2955740","5,3661040",13,2019,30.0,1.0,1.0,5.0,2271238,10.0,3,3,1,0.0,,1.0,3,2016.0,A01,138Â 198Â 765,0.0,0.0,-1.0,1733596,3.0,7,,0.0,1.0,1.0,A01,138Â 198Â 765,1.0
1015582,201900057113,7,10,09:00,1,2,1,1.0,1.0,13203,MOULIN LA V (TRAVERSE),M,"43,3147600","5,3719400",13,2019,50.0,1.0,1.0,4.0,2271239,1.0,1,1,1,0.0,,-1.0, -1,1973.0,A01,138Â 198Â 763,1.0,0.0,-1.0,1733597,3.0,7,,0.0,2.0,1.0,A01,138Â 198Â 763,0.0
1015582,201900057113,7,10,09:00,1,2,1,1.0,1.0,13203,MOULIN LA V (TRAVERSE),M,"43,3147600","5,3719400",13,2019,50.0,1.0,1.0,4.0,2271239,1.0,1,1,1,0.0,,-1.0, -1,1973.0,A01,138Â 198Â 763,1.0,0.0,-1.0,1733598,3.0,7,,0.0,2.0,1.0,B01,138Â 198Â 764,0.0
1015582,201900057113,7,10,09:00,1,2,1,1.0,1.0,13203,MOULIN LA V (TRAVERSE),M,"43,3147600","5,3719400",13,2019,50.0,1.0,1.0,4.0,2271240,2.0,2,1,1,0.0,,-1.0, -1,1976.0,A01,138Â 198Â 763,1.0,0.0,-1.0,1733597,3.0,7,,0.0,2.0,1.0,A01,138Â 198Â 763,0.0
1015582,201900057113,7,10,09:00,1,2,1,1.0,1.0,13203,MOULIN LA V (TRAVERSE),M,"43,3147600","5,3719400",13,2019,50.0,1.0,1.0,4.0,2271240,2.0,2,1,1,0.0,,-1.0, -1,1976.0,A01,138Â 198Â 763,1.0,0.0,-1.0,1733598,3.0,7,,0.0,2.0,1.0,B01,138Â 198Â 764,0.0
1015582,201900057113,7,10,09:00,1,2,1,1.0,1.0,13203,MOULIN LA V (TRAVERSE),M,"43,3147600","5,3719400",13,2019,50.0,1.0,1.0,4.0,2271241,1.0,1,4,1,0.0,,-1.0, -1,1964.0,B01,138Â 198Â 764,1.0,0.0,-1.0,1733597,3.0,7,,0.0,2.0,1.0,A01,138Â 198Â 763,0.0
1015582,201900057113,7,10,09:00,1,2,1,1.0,1.0,13203,MOULIN LA V (TRAVERSE),M,"43,3147600","5,3719400",13,2019,50.0,1.0,1.0,4.0,2271241,1.0,1,4,1,0.0,,-1.0, -1,1964.0,B01,138Â 198Â 764,1.0,0.0,-1.0,1733598,3.0,7,,0.0,2.0,1.0,B01,138Â 198Â 764,0.0
1015583,201900057114,7,7,17:50,1,1,1,1.0,7.0,12176,LAISSAC (ROUTE DE),M,"44,3732890","2,6351990",12,2019,80.0,1.0,1.0,2.0,2271242,1.0,1,4,1,5.0,,-1.0, -1,1970.0,A01,138Â 198Â 761,2.0,6.0,-1.0,1733599,3.0,33,,0.0,0.0,8.0,A01,138Â 198Â 761,1.0
1015584,201900057115,7,10,15:57,1,2,1,1.0,6.0,10387,FRANCOIS SERQUEIL (RUE),M,"48,3072000","4,0812000",10,2019,50.0,1.0,1.0,4.0,2271243,10.0,3,3,1,5.0,,2.0,3,2009.0,A01,138Â 198Â 760,8.0,0.0,-1.0,1733600,1.0,7,,0.0,1.0,2.0,A01,138Â 198Â 760,1.0
1015584,201900057115,7,10,15:57,1,2,1,1.0,6.0,10387,FRANCOIS SERQUEIL (RUE),M,"48,3072000","4,0812000",10,2019,50.0,1.0,1.0,4.0,2271244,1.0,1,1,2,0.0,,-1.0,0,1950.0,A01,138Â 198Â 760,1.0,0.0,-1.0,1733600,1.0,7,,0.0,1.0,2.0,A01,138Â 198Â 760,1.0
1015584,201900057115,7,10,15:57,1,2,1,1.0,6.0,10387,FRANCOIS SERQUEIL (RUE),M,"48,3072000","4,0812000",10,2019,50.0,1.0,1.0,4.0,2271245,2.0,2,1,1,9.0,,-1.0,0,1943.0,A01,138Â 198Â 760,1.0,0.0,-1.0,1733600,1.0,7,,0.0,1.0,2.0,A01,138Â 198Â 760,1.0
1015585,201900057116,7,10,09:35,1,2,6,1.0,3.0,06088,MERCANTOUR (BD),M,"43,7104100","7,1876700",6,2019,70.0,1.0,1.0,7.0,2271246,1.0,1,1,1,5.0,,0.0,0,1944.0,A01,138Â 198Â 758,1.0,8.0,-1.0,1733601,1.0,7,,0.0,2.0,1.0,A01,138Â 198Â 758,1.0
1015585,201900057116,7,10,09:35,1,2,6,1.0,3.0,06088,MERCANTOUR (BD),M,"43,7104100","7,1876700",6,2019,70.0,1.0,1.0,7.0,2271246,1.0,1,1,1,5.0,,0.0,0,1944.0,A01,138Â 198Â 758,1.0,8.0,-1.0,1733602,1.0,7,,0.0,2.0,7.0,B01,138Â 198Â 759,1.0
1015585,201900057116,7,10,09:35,1,2,6,1.0,3.0,06088,MERCANTOUR (BD),M,"43,7104100","7,1876700",6,2019,70.0,1.0,1.0,7.0,2271247,1.0,1,4,1,5.0,,-1.0, -1,1977.0,B01,138Â 198Â 759,1.0,8.0,-1.0,1733601,1.0,7,,0.0,2.0,1.0,A01,138Â 198Â 758,1.0
1015585,201900057116,7,10,09:35,1,2,6,1.0,3.0,06088,MERCANTOUR (BD),M,"43,7104100","7,1876700",6,2019,70.0,1.0,1.0,7.0,2271247,1.0,1,4,1,5.0,,-1.0, -1,1977.0,B01,138Â 198Â 759,1.0,8.0,-1.0,1733602,1.0,7,,0.0,2.0,7.0,B01,138Â 198Â 759,1.0
1015586,201900057117,1,4,10:45,1,1,2,1.0,3.0,73103,Route de la Peisse,M,"45,6599872","5,9123546",73,2019,70.0,1.0,1.0,4.0,2271248,1.0,1,1,1,5.0,,0.0,0,1939.0,A01,138Â 198Â 771,8.0,-1.0,-1.0,1733603,2.0,7,,0.0,2.0,6.0,A01,138Â 198Â 771,1.0
1015586,201900057117,1,4,10:45,1,1,2,1.0,3.0,73103,Route de la Peisse,M,"45,6599872","5,9123546",73,2019,70.0,1.0,1.0,4.0,2271248,1.0,1,1,1,5.0,,0.0,0,1939.0,A01,138Â 198Â 771,8.0,-1.0,-1.0,1733604,2.0,2,,0.0,2.0,1.0,A01,138Â 198Â 774,1.0
1015586,201900057117,1,4,10:45,1,1,2,1.0,3.0,73103,Route de la Peisse,M,"45,6599872","5,9123546",73,2019,70.0,1.0,1.0,4.0,2271249,1.0,1,3,1,1.0,,0.0,0,1998.0,A01,138Â 198Â 774,2.0,-1.0,-1.0,1733603,2.0,7,,0.0,2.0,6.0,A01,138Â 198Â 771,1.0
1015586,201900057117,1,4,10:45,1,1,2,1.0,3.0,73103,Route de la Peisse,M,"45,6599872","5,9123546",73,2019,70.0,1.0,1.0,4.0,2271249,1.0,1,3,1,1.0,,0.0,0,1998.0,A01,138Â 198Â 774,2.0,-1.0,-1.0,1733604,2.0,2,,0.0,2.0,1.0,A01,138Â 198Â 774,1.0
1015587,201900057118,7,9,18:00,1,2,2,1.0,3.0,06088,ROQUEBILLIERE (R. DE),M,"43,7050020","7,2838250",6,2019,50.0,1.0,1.0,4.0,2271250,2.0,2,4,2,0.0,,0.0,0,1974.0,A01,138Â 198Â 756,2.0,6.0,-1.0,1733605,1.0,30,,0.0,2.0,2.0,A01,138Â 198Â 756,6.0
1015587,201900057118,7,9,18:00,1,2,2,1.0,3.0,06088,ROQUEBILLIERE (R. DE),M,"43,7050020","7,2838250",6,2019,50.0,1.0,1.0,4.0,2271250,2.0,2,4,2,0.0,,0.0,0,1974.0,A01,138Â 198Â 756,2.0,6.0,-1.0,1733606,1.0,7,,0.0,2.0,3.0,B01,138Â 198Â 757,6.0
1015587,201900057118,7,9,18:00,1,2,2,1.0,3.0,06088,ROQUEBILLIERE (R. DE),M,"43,7050020","7,2838250",6,2019,50.0,1.0,1.0,4.0,2271251,1.0,1,4,1,0.0,,0.0,0,1970.0,A01,138Â 198Â 756,2.0,6.0,-1.0,1733605,1.0,30,,0.0,2.0,2.0,A01,138Â 198Â 756,6.0
1015587,201900057118,7,9,18:00,1,2,2,1.0,3.0,06088,ROQUEBILLIERE (R. DE),M,"43,7050020","7,2838250",6,2019,50.0,1.0,1.0,4.0,2271251,1.0,1,4,1,0.0,,0.0,0,1970.0,A01,138Â 198Â 756,2.0,6.0,-1.0,1733606,1.0,7,,0.0,2.0,3.0,B01,138Â 198Â 757,6.0
1015587,201900057118,7,9,18:00,1,2,2,1.0,3.0,06088,ROQUEBILLIERE (R. DE),M,"43,7050020","7,2838250",6,2019,50.0,1.0,1.0,4.0,2271252,1.0,1,1,1,1.0,,0.0,0,1973.0,B01,138Â 198Â 757,1.0,0.0,-1.0,1733605,1.0,30,,0.0,2.0,2.0,A01,138Â 198Â 756,6.0
1015587,201900057118,7,9,18:00,1,2,2,1.0,3.0,06088,ROQUEBILLIERE (R. DE),M,"43,7050020","7,2838250",6,2019,50.0,1.0,1.0,4.0,2271252,1.0,1,1,1,1.0,,0.0,0,1973.0,B01,138Â 198Â 757,1.0,0.0,-1.0,1733606,1.0,7,,0.0,2.0,3.0,B01,138Â 198Â 757,6.0
1015588,201900057119,7,10,08:40,1,2,1,1.0,6.0,06069,CANNES (ROUTE DE)  -RD 6085-,M,"43,6428400","6,9460000",6,2019,50.0,1.0,1.0,4.0,2271253,10.0,3,4,1,0.0,,3.0,3,1948.0,A01,138Â 198Â 755,8.0,0.0,-1.0,1733607,1.0,7,,0.0,1.0,1.0,A01,138Â 198Â 755,1.0
1015588,201900057119,7,10,08:40,1,2,1,1.0,6.0,06069,CANNES (ROUTE DE)  -RD 6085-,M,"43,6428400","6,9460000",6,2019,50.0,1.0,1.0,4.0,2271254,1.0,1,1,2,0.0,,0.0,0,1961.0,A01,138Â 198Â 755,8.0,0.0,-1.0,1733607,1.0,7,,0.0,1.0,1.0,A01,138Â 198Â 755,1.0
1015589,201900057120,1,3,23:00,3,1,1,1.0,7.0,18128,Route dÃ©partementale 23,M,"47,0820360","2,0791980",18,2019,80.0,3.0,1.0,3.0,2271255,1.0,1,4,2,0.0,,0.0,0,1974.0,A01,138Â 198Â 754,1.0,-1.0,-1.0,1733608,1.0,7,,0.0,0.0,0.0,A01,138Â 198Â 754,1.0
1015589,201900057120,1,3,23:00,3,1,1,1.0,7.0,18128,Route dÃ©partementale 23,M,"47,0820360","2,0791980",18,2019,80.0,3.0,1.0,3.0,2271256,2.0,2,2,1,0.0,,0.0,0,1966.0,A01,138Â 198Â 754,1.0,-1.0,-1.0,1733608,1.0,7,,0.0,0.0,0.0,A01,138Â 198Â 754,1.0
1015590,201900057121,7,10,00:00,5,2,1,1.0,3.0,06069,CANNES (ROUTE DE)  -RD 6085-,M,"43,6299900","6,9588400",6,2019,70.0,1.0,1.0,4.0,2271257,1.0,1,4,1,0.0,,0.0,0,1971.0,B01,138Â 198Â 752,2.0,0.0,-1.0,1733609,1.0,34,,0.0,2.0,6.0,B01,138Â 198Â 752,1.0
1015590,201900057121,7,10,00:00,5,2,1,1.0,3.0,06069,CANNES (ROUTE DE)  -RD 6085-,M,"43,6299900","6,9588400",6,2019,70.0,1.0,1.0,4.0,2271257,1.0,1,4,1,0.0,,0.0,0,1971.0,B01,138Â 198Â 752,2.0,0.0,-1.0,1733610,3.0,7,,0.0,2.0,0.0,A01,138Â 198Â 753,1.0
1015590,201900057121,7,10,00:00,5,2,1,1.0,3.0,06069,CANNES (ROUTE DE)  -RD 6085-,M,"43,6299900","6,9588400",6,2019,70.0,1.0,1.0,4.0,2271258,1.0,1,1,2,5.0,,0.0,0,1975.0,A01,138Â 198Â 753,1.0,0.0,-1.0,1733609,1.0,34,,0.0,2.0,6.0,B01,138Â 198Â 752,1.0
1015590,201900057121,7,10,00:00,5,2,1,1.0,3.0,06069,CANNES (ROUTE DE)  -RD 6085-,M,"43,6299900","6,9588400",6,2019,70.0,1.0,1.0,4.0,2271258,1.0,1,1,2,5.0,,0.0,0,1975.0,A01,138Â 198Â 753,1.0,0.0,-1.0,1733610,3.0,7,,0.0,2.0,0.0,A01,138Â 198Â 753,1.0
1015591,201900057122,1,1,15:20,1,1,1,2.0,6.0,43020,RD 42 - La combette,M,"45,2948620","4,1173620",43,2019,80.0,3.0,2.0,3.0,2271259,7.0,2,2,2,5.0,,0.0,0,2000.0,A01,138Â 198Â 751,1.0,-1.0,-1.0,1733611,2.0,7,,6.0,0.0,8.0,A01,138Â 198Â 751,1.0
1015591,201900057122,1,1,15:20,1,1,1,2.0,6.0,43020,RD 42 - La combette,M,"45,2948620","4,1173620",43,2019,80.0,3.0,2.0,3.0,2271260,2.0,2,3,1,5.0,,0.0,0,1999.0,A01,138Â 198Â 751,1.0,-1.0,-1.0,1733611,2.0,7,,6.0,0.0,8.0,A01,138Â 198Â 751,1.0
1015591,201900057122,1,1,15:20,1,1,1,2.0,6.0,43020,RD 42 - La combette,M,"45,2948620","4,1173620",43,2019,80.0,3.0,2.0,3.0,2271261,1.0,1,3,1,5.0,,0.0,0,2000.0,A01,138Â 198Â 751,1.0,-1.0,-1.0,1733611,2.0,7,,6.0,0.0,8.0,A01,138Â 198Â 751,1.0
1015592,201900057123,7,10,17:00,1,1,1,1.0,2.0,06123,(6098) ROUTE DU BORD DE MER,M,"43,6566200","7,1792610",6,2019,70.0,1.0,1.0,7.0,2271262,1.0,1,4,1,1.0,,0.0,0,1973.0,A01,138Â 198Â 749,2.0,6.0,-1.0,1733612,3.0,33,,0.0,2.0,0.0,A01,138Â 198Â 749,1.0
1015592,201900057123,7,10,17:00,1,1,1,1.0,2.0,06123,(6098) ROUTE DU BORD DE MER,M,"43,6566200","7,1792610",6,2019,70.0,1.0,1.0,7.0,2271262,1.0,1,4,1,1.0,,0.0,0,1973.0,A01,138Â 198Â 749,2.0,6.0,-1.0,1733613,3.0,7,,0.0,2.0,5.0,B01,138Â 198Â 750,1.0
1015592,201900057123,7,10,17:00,1,1,1,1.0,2.0,06123,(6098) ROUTE DU BORD DE MER,M,"43,6566200","7,1792610",6,2019,70.0,1.0,1.0,7.0,2271263,1.0,1,1,1,4.0,,0.0,0,1964.0,B01,138Â 198Â 750,1.0,0.0,-1.0,1733612,3.0,33,,0.0,2.0,0.0,A01,138Â 198Â 749,1.0
1015592,201900057123,7,10,17:00,1,1,1,1.0,2.0,06123,(6098) ROUTE DU BORD DE MER,M,"43,6566200","7,1792610",6,2019,70.0,1.0,1.0,7.0,2271263,1.0,1,1,1,4.0,,0.0,0,1964.0,B01,138Â 198Â 750,1.0,0.0,-1.0,1733613,3.0,7,,0.0,2.0,5.0,B01,138Â 198Â 750,1.0
1015593,201900057124,1,5,06:30,3,1,1,1.0,2.0,10295,RD671,M,"48,0803221","4,3810881",10,2019,80.0,1.0,1.0,3.0,2271264,1.0,1,4,1,5.0,,0.0,0,1999.0,A01,138Â 198Â 746,5.0,-1.0,-1.0,1733614,2.0,7,,0.0,2.0,1.0,A01,138Â 198Â 746,0.0
1015593,201900057124,1,5,06:30,3,1,1,1.0,2.0,10295,RD671,M,"48,0803221","4,3810881",10,2019,80.0,1.0,1.0,3.0,2271264,1.0,1,4,1,5.0,,0.0,0,1999.0,A01,138Â 198Â 746,5.0,-1.0,-1.0,1733615,2.0,10,,0.0,0.0,4.0,B01,138Â 198Â 747,0.0
1015593,201900057124,1,5,06:30,3,1,1,1.0,2.0,10295,RD671,M,"48,0803221","4,3810881",10,2019,80.0,1.0,1.0,3.0,2271265,1.0,1,1,1,1.0,,0.0,0,1963.0,B01,138Â 198Â 747,1.0,-1.0,-1.0,1733614,2.0,7,,0.0,2.0,1.0,A01,138Â 198Â 746,0.0
1015593,201900057124,1,5,06:30,3,1,1,1.0,2.0,10295,RD671,M,"48,0803221","4,3810881",10,2019,80.0,1.0,1.0,3.0,2271265,1.0,1,1,1,1.0,,0.0,0,1963.0,B01,138Â 198Â 747,1.0,-1.0,-1.0,1733615,2.0,10,,0.0,0.0,4.0,B01,138Â 198Â 747,0.0
1015594,201900057125,7,9,05:20,2,2,1,1.0,6.0,75119,PORTE DES LILAS,M,"48,8797660","2,4073280",75,2019,70.0,1.0,1.0,4.0,2271266,2.0,2,4,1,5.0,,0.0,0,1998.0,A01,138Â 198Â 745,2.0,6.0,-1.0,1733616,2.0,33,,0.0,2.0,5.0,A01,138Â 198Â 745,1.0
1015594,201900057125,7,9,05:20,2,2,1,1.0,6.0,75119,PORTE DES LILAS,M,"48,8797660","2,4073280",75,2019,70.0,1.0,1.0,4.0,2271266,2.0,2,4,1,5.0,,0.0,0,1998.0,A01,138Â 198Â 745,2.0,6.0,-1.0,1733617,2.0,7,,0.0,2.0,3.0,Z01,138Â 198Â 748,0.0
1015594,201900057125,7,9,05:20,2,2,1,1.0,6.0,75119,PORTE DES LILAS,M,"48,8797660","2,4073280",75,2019,70.0,1.0,1.0,4.0,2271267,1.0,1,4,1,5.0,,0.0,0,1991.0,A01,138Â 198Â 745,2.0,6.0,-1.0,1733616,2.0,33,,0.0,2.0,5.0,A01,138Â 198Â 745,1.0
1015594,201900057125,7,9,05:20,2,2,1,1.0,6.0,75119,PORTE DES LILAS,M,"48,8797660","2,4073280",75,2019,70.0,1.0,1.0,4.0,2271267,1.0,1,4,1,5.0,,0.0,0,1991.0,A01,138Â 198Â 745,2.0,6.0,-1.0,1733617,2.0,7,,0.0,2.0,3.0,Z01,138Â 198Â 748,0.0
1015595,201900057126,1,1,06:45,5,1,1,1.0,6.0,36182,100 route d'argenton,M,"46,4527555","1,4074003",36,2019,70.0,3.0,1.0,3.0,2271268,2.0,2,3,1,5.0,,0.0,0,2002.0,A01,138Â 198Â 744,0.0,-1.0,-1.0,1733618,1.0,3,,8.0,0.0,1.0,A01,138Â 198Â 744,1.0
1015595,201900057126,1,1,06:45,5,1,1,1.0,6.0,36182,100 route d'argenton,M,"46,4527555","1,4074003",36,2019,70.0,3.0,1.0,3.0,2271269,1.0,1,1,1,5.0,,0.0,0,1998.0,A01,138Â 198Â 744,1.0,-1.0,-1.0,1733618,1.0,3,,8.0,0.0,1.0,A01,138Â 198Â 744,1.0
1015596,201900057127,7,10,19:00,1,2,3,1.0,2.0,75106,QUAI DES GRANDS AUGUSTINS,M,"48,8552900","2,3415920",75,2019,50.0,1.0,1.0,4.0,2271270,1.0,1,1,1,9.0,,0.0,0,1960.0,B01,138Â 198Â 742,1.0,0.0,-1.0,1733619,1.0,7,,0.0,2.0,6.0,B01,138Â 198Â 742,1.0
1015596,201900057127,7,10,19:00,1,2,3,1.0,2.0,75106,QUAI DES GRANDS AUGUSTINS,M,"48,8552900","2,3415920",75,2019,50.0,1.0,1.0,4.0,2271270,1.0,1,1,1,9.0,,0.0,0,1960.0,B01,138Â 198Â 742,1.0,0.0,-1.0,1733620,1.0,30,,0.0,2.0,6.0,A01,138Â 198Â 743,1.0
1015596,201900057127,7,10,19:00,1,2,3,1.0,2.0,75106,QUAI DES GRANDS AUGUSTINS,M,"48,8552900","2,3415920",75,2019,50.0,1.0,1.0,4.0,2271271,1.0,1,4,2,4.0,,0.0,0,1989.0,A01,138Â 198Â 743,2.0,0.0,-1.0,1733619,1.0,7,,0.0,2.0,6.0,B01,138Â 198Â 742,1.0
1015596,201900057127,7,10,19:00,1,2,3,1.0,2.0,75106,QUAI DES GRANDS AUGUSTINS,M,"48,8552900","2,3415920",75,2019,50.0,1.0,1.0,4.0,2271271,1.0,1,4,2,4.0,,0.0,0,1989.0,A01,138Â 198Â 743,2.0,0.0,-1.0,1733620,1.0,30,,0.0,2.0,6.0,A01,138Â 198Â 743,1.0
1015597,201900057128,1,4,18:00,3,1,1,1.0,1.0,07035,RD219,M,"44,9298120","4,7038900",7,2019,80.0,1.0,1.0,3.0,2271272,1.0,1,4,1,5.0,,0.0,0,1953.0,B01,138Â 198Â 740,1.0,-1.0,-1.0,1733621,2.0,7,,0.0,2.0,1.0,B01,138Â 198Â 740,1.0
1015597,201900057128,1,4,18:00,3,1,1,1.0,1.0,07035,RD219,M,"44,9298120","4,7038900",7,2019,80.0,1.0,1.0,3.0,2271272,1.0,1,4,1,5.0,,0.0,0,1953.0,B01,138Â 198Â 740,1.0,-1.0,-1.0,1733622,1.0,7,,0.0,2.0,1.0,A01,138Â 198Â 741,1.0
1015597,201900057128,1,4,18:00,3,1,1,1.0,1.0,07035,RD219,M,"44,9298120","4,7038900",7,2019,80.0,1.0,1.0,3.0,2271273,1.0,1,4,1,5.0,,0.0,0,1964.0,A01,138Â 198Â 741,1.0,-1.0,-1.0,1733621,2.0,7,,0.0,2.0,1.0,B01,138Â 198Â 740,1.0
1015597,201900057128,1,4,18:00,3,1,1,1.0,1.0,07035,RD219,M,"44,9298120","4,7038900",7,2019,80.0,1.0,1.0,3.0,2271273,1.0,1,4,1,5.0,,0.0,0,1964.0,A01,138Â 198Â 741,1.0,-1.0,-1.0,1733622,1.0,7,,0.0,2.0,1.0,A01,138Â 198Â 741,1.0
1015598,201900057129,7,10,12:15,1,2,2,1.0,3.0,75119,AVENUE DE LA PORTE DU PRE SAINT GERVAIS,M,"48,8819920","2,4025110",75,2019,50.0,1.0,1.0,4.0,2271274,1.0,1,1,1,5.0,,0.0,0,1981.0,B01,138Â 198Â 736,1.0,0.0,-1.0,1733623,1.0,7,,0.0,2.0,3.0,B01,138Â 198Â 736,1.0
1015598,201900057129,7,10,12:15,1,2,2,1.0,3.0,75119,AVENUE DE LA PORTE DU PRE SAINT GERVAIS,M,"48,8819920","2,4025110",75,2019,50.0,1.0,1.0,4.0,2271274,1.0,1,1,1,5.0,,0.0,0,1981.0,B01,138Â 198Â 736,1.0,0.0,-1.0,1733624,1.0,7,,0.0,2.0,7.0,A01,138Â 198Â 738,1.0
1015598,201900057129,7,10,12:15,1,2,2,1.0,3.0,75119,AVENUE DE LA PORTE DU PRE SAINT GERVAIS,M,"48,8819920","2,4025110",75,2019,50.0,1.0,1.0,4.0,2271275,1.0,1,4,2,9.0,,0.0,0,1988.0,A01,138Â 198Â 738,1.0,0.0,-1.0,1733623,1.0,7,,0.0,2.0,3.0,B01,138Â 198Â 736,1.0
1015598,201900057129,7,10,12:15,1,2,2,1.0,3.0,75119,AVENUE DE LA PORTE DU PRE SAINT GERVAIS,M,"48,8819920","2,4025110",75,2019,50.0,1.0,1.0,4.0,2271275,1.0,1,4,2,9.0,,0.0,0,1988.0,A01,138Â 198Â 738,1.0,0.0,-1.0,1733624,1.0,7,,0.0,2.0,7.0,A01,138Â 198Â 738,1.0