Unnamed: 0_x,num_acc,mois,jour,hrmn,lum,agg,int,atm,col,com,adr,gps,lat,long,dep,annee,vma,situ,surf,catr,Unnamed: 0_y,place,catu,grav,sexe,trajet,secu,locp,actp,an_nais,num_veh_x,id_vehicule_x,secu1,secu2,secu3,Unnamed: 0,senc,catv,occutc,obs,obsm,choc,num_veh_y,id_vehicule_y,motor
1015599,201900057130,1,2,12:45,1,1,3,6.0,1.0,07052,route de Valence,M,"44,9383540","4,7587240",7,2019,80.0,1.0,1.0,3.0,2271276,1.0,1,4,1,0.0,,0.0,0,1979.0,A01,138Â 198Â 737,1.0,5.0,-1.0,1733625,0.0,7,,0.0,2.0,1.0,A01,138Â 198Â 737,1.0
1015599,201900057130,1,2,12:45,1,1,3,6.0,1.0,07052,route de Valence,M,"44,9383540","4,7587240",7,2019,80.0,1.0,1.0,3.0,2271276,1.0,1,4,1,0.0,,0.0,0,1979.0,A01,138Â 198Â 737,1.0,5.0,-1.0,1733626,0.0,7,,0.0,2.0,1.0,B01,138Â 198Â 739,1.0
1015599,201900057130,1,2,12:45,1,1,3,6.0,1.0,07052,route de Valence,M,"44,9383540","4,7587240",7,2019,80.0,1.0,1.0,3.0,2271277,1.0,1,3,1,0.0,,0.0,0,1968.0,B01,138Â 198Â 739,1.0,-1.0,-1.0,1733625,0.0,7,,0.0,2.0,1.0,A01,138Â 198Â 737,1.0
1015599,201900057130,1,2,12:45,1,1,3,6.0,1.0,07052,route de Valence,M,"44,9383540","4,7587240",7,2019,80.0,1.0,1.0,3.0,2271277,1.0,1,3,1,0.0,,0.0,0,1968.0,B01,138Â 198Â 739,1.0,-1.0,-1.0,1733626,0.0,7,,0.0,2.0,1.0,B01,138Â 198Â 739,1.0
1015600,201900057131,7,10,08:49,1,2,1,1.0,3.0,75119,BOULEVARD MACDONALD,M,"48,8974070","2,3890580",75,2019,50.0,1.0,1.0,4.0,2271278,8.0,2,4,2,0.0,,0.0,0,1985.0,B01,138Â 198Â 734,8.0,0.0,-1.0,1733627,1.0,40,,0.0,2.0,2.0,B01,138Â 198Â 734,3.0
1015600,201900057131,7,10,08:49,1,2,1,1.0,3.0,75119,BOULEVARD MACDONALD,M,"48,8974070","2,3890580",75,2019,50.0,1.0,1.0,4.0,2271278,8.0,2,4,2,0.0,,0.0,0,1985.0,B01,138Â 198Â 734,8.0,0.0,-1.0,1733628,1.0,7,,0.0,2.0,3.0,A01,138Â 198Â 735,1.0
1015600,201900057131,7,10,08:49,1,2,1,1.0,3.0,75119,BOULEVARD MACDONALD,M,"48,8974070","2,3890580",75,2019,50.0,1.0,1.0,4.0,2271279,1.0,1,1,1,4.0,,0.0,0,1979.0,B01,138Â 198Â 734,1.0,0.0,-1.0,1733627,1.0,40,,0.0,2.0,2.0,B01,138Â 198Â 734,3.0
1015600,201900057131,7,10,08:49,1,2,1,1.0,3.0,75119,BOULEVARD MACDONALD,M,"48,8974070","2,3890580",75,2019,50.0,1.0,1.0,4.0,2271279,1.0,1,1,1,4.0,,0.0,0,1979.0,B01,138Â 198Â 734,1.0,0.0,-1.0,1733628,1.0,7,,0.0,2.0,3.0,A01,138Â 198Â 735,1.0
1015600,201900057131,7,10,08:49,1,2,1,1.0,3.0,75119,BOULEVARD MACDONALD,M,"48,8974070","2,3890580",75,2019,50.0,1.0,1.0,4.0,2271280,7.0,2,4,2,1.0,,0.0,0,1987.0,B01,138Â 198Â 734,8.0,0.0,-1.0,1733627,1.0,40,,0.0,2.0,2.0,B01,138Â 198Â 734,3.0
1015600,201900057131,7,10,08:49,1,2,1,1.0,3.0,75119,BOULEVARD MACDONALD,M,"48,8974070","2,3890580",75,2019,50.0,1.0,1.0,4.0,2271280,7.0,2,4,2,1.0,,0.0,0,1987.0,B01,138Â 198Â 734,8.0,0.0,-1.0,1733628,1.0,7,,0.0,2.0,3.0,A01,138Â 198Â 735,1.0
1015600,201900057131,7,10,08:49,1,2,1,1.0,3.0,75119,BOULEVARD MACDONALD,M,"48,8974070","2,3890580",75,2019,50.0,1.0,1.0,4.0,2271281,1.0,1,4,2,9.0,,0.0,0,1973.0,A01,138Â 198Â 735,1.0,0.0,-1.0,1733627,1.0,40,,0.0,2.0,2.0,B01,138Â 198Â 734,3.0
1015600,201900057131,7,10,08:49,1,2,1,1.0,3.0,75119,BOULEVARD MACDONALD,M,"48,8974070","2,3890580",75,2019,50.0,1.0,1.0,4.0,2271281,1.0,1,4,2,9.0,,0.0,0,1973.0,A01,138Â 198Â 735,1.0,0.0,-1.0,1733628,1.0,7,,0.0,2.0,3.0,A01,138Â 198Â 735,1.0
1015601,201900057132,1,3,16:30,1,1,3,1.0,3.0,53008,CD 35 - lieu dit la demie lieue,M,"48,2990430"," -0,5858150",53,2019,80.0,1.0,1.0,3.0,2271282,1.0,1,3,1,5.0,,0.0,0,1948.0,B01,138Â 198Â 732,1.0,-1.0,-1.0,1733629,2.0,7,,0.0,2.0,2.0,B01,138Â 198Â 732,1.0
1015601,201900057132,1,3,16:30,1,1,3,1.0,3.0,53008,CD 35 - lieu dit la demie lieue,M,"48,2990430"," -0,5858150",53,2019,80.0,1.0,1.0,3.0,2271282,1.0,1,3,1,5.0,,0.0,0,1948.0,B01,138Â 198Â 732,1.0,-1.0,-1.0,1733630,1.0,10,,0.0,2.0,3.0,A01,138Â 198Â 733,1.0
1015601,201900057132,1,3,16:30,1,1,3,1.0,3.0,53008,CD 35 - lieu dit la demie lieue,M,"48,2990430"," -0,5858150",53,2019,80.0,1.0,1.0,3.0,2271283,2.0,2,3,2,5.0,,0.0,0,1947.0,B01,138Â 198Â 732,1.0,-1.0,-1.0,1733629,2.0,7,,0.0,2.0,2.0,B01,138Â 198Â 732,1.0
1015601,201900057132,1,3,16:30,1,1,3,1.0,3.0,53008,CD 35 - lieu dit la demie lieue,M,"48,2990430"," -0,5858150",53,2019,80.0,1.0,1.0,3.0,2271283,2.0,2,3,2,5.0,,0.0,0,1947.0,B01,138Â 198Â 732,1.0,-1.0,-1.0,1733630,1.0,10,,0.0,2.0,3.0,A01,138Â 198Â 733,1.0
1015601,201900057132,1,3,16:30,1,1,3,1.0,3.0,53008,CD 35 - lieu dit la demie lieue,M,"48,2990430"," -0,5858150",53,2019,80.0,1.0,1.0,3.0,2271284,1.0,1,1,1,4.0,,0.0,0,1998.0,A01,138Â 198Â 733,1.0,-1.0,-1.0,1733629,2.0,7,,0.0,2.0,2.0,B01,138Â 198Â 732,1.0
1015601,201900057132,1,3,16:30,1,1,3,1.0,3.0,53008,CD 35 - lieu dit la demie lieue,M,"48,2990430"," -0,5858150",53,2019,80.0,1.0,1.0,3.0,2271284,1.0,1,1,1,4.0,,0.0,0,1998.0,A01,138Â 198Â 733,1.0,-1.0,-1.0,1733630,1.0,10,,0.0,2.0,3.0,A01,138Â 198Â 733,1.0
1015602,201900057133,7,10,19:45,1,2,2,1.0,6.0,75118,BOULEVARD ORNANO,M,"48,8946400","2,3471300",75,2019,50.0,5.0,1.0,4.0,2271285,1.0,1,4,1,9.0,,0.0,0,1982.0,A01,138Â 198Â 730,8.0,0.0,-1.0,1733631,1.0,1,,0.0,2.0,1.0,A01,138Â 198Â 730,5.0
1015602,201900057133,7,10,19:45,1,2,2,1.0,6.0,75118,BOULEVARD ORNANO,M,"48,8946400","2,3471300",75,2019,50.0,5.0,1.0,4.0,2271285,1.0,1,4,1,9.0,,0.0,0,1982.0,A01,138Â 198Â 730,8.0,0.0,-1.0,1733632,1.0,30,,0.0,2.0,7.0,Z01,138Â 198Â 731,0.0
1015603,201900057134,1,2,18:10,2,2,1,1.0,6.0,85294,Intersection avec le Chemin des Sablons,M,"46,3548900"," -1,4538500",85,2019,20.0,5.0,1.0,9.0,2271286,10.0,3,3,2,5.0,,8.0,1,1940.0,A01,138Â 198Â 728,0.0,-1.0,-1.0,1733633,3.0,1,,0.0,1.0,1.0,A01,138Â 198Â 728,5.0
1015603,201900057134,1,2,18:10,2,2,1,1.0,6.0,85294,Intersection avec le Chemin des Sablons,M,"46,3548900"," -1,4538500",85,2019,20.0,5.0,1.0,9.0,2271287,1.0,1,1,1,5.0,,0.0,0,2005.0,A01,138Â 198Â 728,2.0,-1.0,-1.0,1733633,3.0,1,,0.0,1.0,1.0,A01,138Â 198Â 728,5.0
1015604,201900057135,7,10,18:40,1,2,1,1.0,3.0,75118,BOULEVARD BARBES,M,"48,8887760","2,3496220",75,2019,50.0,5.0,1.0,4.0,2271288,1.0,1,4,1,9.0,,0.0,0,1972.0,B01,138Â 198Â 727,8.0,0.0,-1.0,1733634,1.0,1,,0.0,2.0,3.0,B01,138Â 198Â 727,5.0
1015604,201900057135,7,10,18:40,1,2,1,1.0,3.0,75118,BOULEVARD BARBES,M,"48,8887760","2,3496220",75,2019,50.0,5.0,1.0,4.0,2271288,1.0,1,4,1,9.0,,0.0,0,1972.0,B01,138Â 198Â 727,8.0,0.0,-1.0,1733635,1.0,7,,0.0,2.0,7.0,A01,138Â 198Â 729,1.0
1015604,201900057135,7,10,18:40,1,2,1,1.0,3.0,75118,BOULEVARD BARBES,M,"48,8887760","2,3496220",75,2019,50.0,5.0,1.0,4.0,2271289,1.0,1,1,1,9.0,,0.0,0,1978.0,A01,138Â 198Â 729,1.0,0.0,-1.0,1733634,1.0,1,,0.0,2.0,3.0,B01,138Â 198Â 727,5.0
1015604,201900057135,7,10,18:40,1,2,1,1.0,3.0,75118,BOULEVARD BARBES,M,"48,8887760","2,3496220",75,2019,50.0,5.0,1.0,4.0,2271289,1.0,1,1,1,9.0,,0.0,0,1978.0,A01,138Â 198Â 729,1.0,0.0,-1.0,1733635,1.0,7,,0.0,2.0,7.0,A01,138Â 198Â 729,1.0
1015604,201900057135,7,10,18:40,1,2,1,1.0,3.0,75118,BOULEVARD BARBES,M,"48,8887760","2,3496220",75,2019,50.0,5.0,1.0,4.0,2271290,2.0,2,1,1,9.0,,0.0,0,1987.0,A01,138Â 198Â 729,1.0,0.0,-1.0,1733634,1.0,1,,0.0,2.0,3.0,B01,138Â 198Â 727,5.0
1015604,201900057135,7,10,18:40,1,2,1,1.0,3.0,75118,BOULEVARD BARBES,M,"48,8887760","2,3496220",75,2019,50.0,5.0,1.0,4.0,2271290,2.0,2,1,1,9.0,,0.0,0,1987.0,A01,138Â 198Â 729,1.0,0.0,-1.0,1733635,1.0,7,,0.0,2.0,7.0,A01,138Â 198Â 729,1.0
1015605,201900057136,1,1,06:00,3,1,1,1.0,7.0,85102,Le Pas,M,"46,8220020"," -1,6357760",85,2019,80.0,3.0,1.0,3.0,2271291,1.0,1,3,1,0.0,,0.0,0,1999.0,A01,138Â 198Â 726,1.0,-1.0,-1.0,1733636,2.0,7,,0.0,0.0,9.0,A01,138Â 198Â 726,1.0
1015606,201900057137,7,10,12:25,1,2,2,1.0,7.0,75116,AVENUE THEOPHILE GAUTIER,M,"48,8475180","2,2691270",75,2019,50.0,1.0,1.0,4.0,2271292,8.0,2,4,2,5.0,,0.0,0,2019.0,A01,138Â 198Â 725,8.0,0.0,-1.0,1733637,2.0,37,2.0,0.0,1.0,0.0,A01,138Â 198Â 725,1.0
1015606,201900057137,7,10,12:25,1,2,2,1.0,7.0,75116,AVENUE THEOPHILE GAUTIER,M,"48,8475180","2,2691270",75,2019,50.0,1.0,1.0,4.0,2271293,1.0,1,1,2,4.0,,0.0,0,1987.0,A01,138Â 198Â 725,1.0,0.0,-1.0,1733637,2.0,37,2.0,0.0,1.0,0.0,A01,138Â 198Â 725,1.0
1015607,201900057138,1,5,14:20,1,2,1,1.0,7.0,27580,8-10 allÃ©e de la reinette,M,"49,3601870","0,8891150",27,2019,50.0,1.0,1.0,4.0,2271294,1.0,1,3,1,5.0,,0.0,0,1997.0,A01,138Â 198Â 724,0.0,-1.0,-1.0,1733638,0.0,36,,2.0,0.0,2.0,A01,138Â 198Â 724,1.0
1015608,201900057139,7,9,23:00,5,2,3,1.0,6.0,75116,QUAI SAINT EXUPERY,M,"48,8346910","2,2619530",75,2019,50.0,1.0,1.0,4.0,2271295,2.0,2,4,2,5.0,,0.0,0,1989.0,A01,138Â 198Â 722,2.0,6.0,-1.0,1733639,1.0,33,,0.0,2.0,8.0,A01,138Â 198Â 722,1.0
1015608,201900057139,7,9,23:00,5,2,3,1.0,6.0,75116,QUAI SAINT EXUPERY,M,"48,8346910","2,2619530",75,2019,50.0,1.0,1.0,4.0,2271295,2.0,2,4,2,5.0,,0.0,0,1989.0,A01,138Â 198Â 722,2.0,6.0,-1.0,1733640,1.0,30,,0.0,2.0,1.0,Z01,138Â 198Â 723,0.0
1015608,201900057139,7,9,23:00,5,2,3,1.0,6.0,75116,QUAI SAINT EXUPERY,M,"48,8346910","2,2619530",75,2019,50.0,1.0,1.0,4.0,2271296,1.0,1,1,1,5.0,,0.0,0,1989.0,A01,138Â 198Â 722,2.0,6.0,-1.0,1733639,1.0,33,,0.0,2.0,8.0,A01,138Â 198Â 722,1.0
1015608,201900057139,7,9,23:00,5,2,3,1.0,6.0,75116,QUAI SAINT EXUPERY,M,"48,8346910","2,2619530",75,2019,50.0,1.0,1.0,4.0,2271296,1.0,1,1,1,5.0,,0.0,0,1989.0,A01,138Â 198Â 722,2.0,6.0,-1.0,1733640,1.0,30,,0.0,2.0,1.0,Z01,138Â 198Â 723,0.0
1015609,201900057140,7,10,20:20,2,2,1,1.0,2.0,75115,RUE DE LA CONVENTION,M,"48,8427740","2,2842380",75,2019,50.0,1.0,1.0,4.0,2271297,1.0,1,4,1,5.0,,0.0,0,1988.0,A01,138Â 198Â 717,2.0,6.0,-1.0,1733641,1.0,33,,0.0,2.0,1.0,A01,138Â 198Â 717,1.0
1015609,201900057140,7,10,20:20,2,2,1,1.0,2.0,75115,RUE DE LA CONVENTION,M,"48,8427740","2,2842380",75,2019,50.0,1.0,1.0,4.0,2271297,1.0,1,4,1,5.0,,0.0,0,1988.0,A01,138Â 198Â 717,2.0,6.0,-1.0,1733642,1.0,7,,0.0,2.0,4.0,B01,138Â 198Â 719,1.0
1015609,201900057140,7,10,20:20,2,2,1,1.0,2.0,75115,RUE DE LA CONVENTION,M,"48,8427740","2,2842380",75,2019,50.0,1.0,1.0,4.0,2271298,2.0,2,4,2,5.0,,0.0,0,1992.0,A01,138Â 198Â 717,2.0,6.0,-1.0,1733641,1.0,33,,0.0,2.0,1.0,A01,138Â 198Â 717,1.0
1015609,201900057140,7,10,20:20,2,2,1,1.0,2.0,75115,RUE DE LA CONVENTION,M,"48,8427740","2,2842380",75,2019,50.0,1.0,1.0,4.0,2271298,2.0,2,4,2,5.0,,0.0,0,1992.0,A01,138Â 198Â 717,2.0,6.0,-1.0,1733642,1.0,7,,0.0,2.0,4.0,B01,138Â 198Â 719,1.0
1015609,201900057140,7,10,20:20,2,2,1,1.0,2.0,75115,RUE DE LA CONVENTION,M,"48,8427740","2,2842380",75,2019,50.0,1.0,1.0,4.0,2271299,1.0,1,1,1,5.0,,0.0,0,1964.0,B01,138Â 198Â 719,1.0,0.0,-1.0,1733641,1.0,33,,0.0,2.0,1.0,A01,138Â 198Â 717,1.0
1015609,201900057140,7,10,20:20,2,2,1,1.0,2.0,75115,RUE DE LA CONVENTION,M,"48,8427740","2,2842380",75,2019,50.0,1.0,1.0,4.0,2271299,1.0,1,1,1,5.0,,0.0,0,1964.0,B01,138Â 198Â 719,1.0,0.0,-1.0,1733642,1.0,7,,0.0,2.0,4.0,B01,138Â 198Â 719,1.0
1015610,201900057141,1,4,08:10,2,1,1,5.0,2.0,37170,l'oie,M,"47,5943115","0,6221442",37,2019,80.0,3.0,7.0,3.0,2271300,1.0,1,4,1,1.0,,0.0,0,2000.0,A01,138Â 198Â 715,2.0,-1.0,-1.0,1733643,1.0,2,,0.0,2.0,4.0,A01,138Â 198Â 715,1.0
1015610,201900057141,1,4,08:10,2,1,1,5.0,2.0,37170,l'oie,M,"47,5943115","0,6221442",37,2019,80.0,3.0,7.0,3.0,2271300,1.0,1,4,1,1.0,,0.0,0,2000.0,A01,138Â 198Â 715,2.0,-1.0,-1.0,1733644,1.0,7,,0.0,2.0,2.0,B01,138Â 198Â 716,0.0
1015611,201900057142,7,10,01:24,5,2,1,1.0,6.0,75115,QUAI BRANLY,M,"48,8547830","2,2890720",75,2019,50.0,1.0,1.0,4.0,2271301,1.0,1,4,2,5.0,,0.0,0,1995.0,A01,138Â 198Â 714,2.0,0.0,-1.0,1733645,1.0,30,,12.0,0.0,1.0,A01,138Â 198Â 714,1.0
1015612,201900057143,1,3,10:30,1,2,2,1.0,3.0,30006,D6572 / D265,M,"43,6871176","4,1991254",30,2019,-1.0,1.0,1.0,3.0,2271302,1.0,1,1,1,4.0,,0.0,0,1984.0,A01,138Â 198Â 712,1.0,-1.0,-1.0,1733646,0.0,10,,0.0,0.0,2.0,A01,138Â 198Â 712,1.0
1015612,201900057143,1,3,10:30,1,2,2,1.0,3.0,30006,D6572 / D265,M,"43,6871176","4,1991254",30,2019,-1.0,1.0,1.0,3.0,2271302,1.0,1,1,1,4.0,,0.0,0,1984.0,A01,138Â 198Â 712,1.0,-1.0,-1.0,1733647,0.0,7,,11.0,0.0,3.0,B01,138Â 198Â 713,1.0
1015612,201900057143,1,3,10:30,1,2,2,1.0,3.0,30006,D6572 / D265,M,"43,6871176","4,1991254",30,2019,-1.0,1.0,1.0,3.0,2271303,1.0,1,4,2,5.0,,0.0,0,1975.0,B01,138Â 198Â 713,1.0,-1.0,-1.0,1733646,0.0,10,,0.0,0.0,2.0,A01,138Â 198Â 712,1.0
1015612,201900057143,1,3,10:30,1,2,2,1.0,3.0,30006,D6572 / D265,M,"43,6871176","4,1991254",30,2019,-1.0,1.0,1.0,3.0,2271303,1.0,1,4,2,5.0,,0.0,0,1975.0,B01,138Â 198Â 713,1.0,-1.0,-1.0,1733647,0.0,7,,11.0,0.0,3.0,B01,138Â 198Â 713,1.0
1015613,201900057144,1,5,12:55,1,2,3,1.0,3.0,30223,14 rue de la Mairie,M,"44,1809450","4,1490920",30,2019,50.0,1.0,1.0,4.0,2271304,1.0,1,3,1,5.0,,0.0,0,2004.0,B01,138Â 198Â 710,2.0,6.0,-1.0,1733648,1.0,2,,0.0,2.0,1.0,B01,138Â 198Â 710,1.0
1015613,201900057144,1,5,12:55,1,2,3,1.0,3.0,30223,14 rue de la Mairie,M,"44,1809450","4,1490920",30,2019,50.0,1.0,1.0,4.0,2271304,1.0,1,3,1,5.0,,0.0,0,2004.0,B01,138Â 198Â 710,2.0,6.0,-1.0,1733649,1.0,7,,0.0,2.0,3.0,A01,138Â 198Â 711,1.0
1015613,201900057144,1,5,12:55,1,2,3,1.0,3.0,30223,14 rue de la Mairie,M,"44,1809450","4,1490920",30,2019,50.0,1.0,1.0,4.0,2271305,1.0,1,1,2,0.0,,0.0,0,1947.0,A01,138Â 198Â 711,1.0,-1.0,-1.0,1733648,1.0,2,,0.0,2.0,1.0,B01,138Â 198Â 710,1.0
1015613,201900057144,1,5,12:55,1,2,3,1.0,3.0,30223,14 rue de la Mairie,M,"44,1809450","4,1490920",30,2019,50.0,1.0,1.0,4.0,2271305,1.0,1,1,2,0.0,,0.0,0,1947.0,A01,138Â 198Â 711,1.0,-1.0,-1.0,1733649,1.0,7,,0.0,2.0,3.0,A01,138Â 198Â 711,1.0
1015614,201900057145,7,10,10:35,1,2,7,7.0,3.0,75114,PLACE DE CATALOGNE,M,"48,8372670","2,3187950",75,2019,50.0,5.0,1.0,4.0,2271306,1.0,1,4,1,5.0,,0.0,0,2002.0,A01,138Â 198Â 708,8.0,0.0,-1.0,1733650,1.0,80,,0.0,2.0,3.0,A01,138Â 198Â 708,3.0
1015614,201900057145,7,10,10:35,1,2,7,7.0,3.0,75114,PLACE DE CATALOGNE,M,"48,8372670","2,3187950",75,2019,50.0,5.0,1.0,4.0,2271306,1.0,1,4,1,5.0,,0.0,0,2002.0,A01,138Â 198Â 708,8.0,0.0,-1.0,1733651,1.0,7,,0.0,2.0,3.0,B01,138Â 198Â 709,1.0
1015614,201900057145,7,10,10:35,1,2,7,7.0,3.0,75114,PLACE DE CATALOGNE,M,"48,8372670","2,3187950",75,2019,50.0,5.0,1.0,4.0,2271307,1.0,1,1,1,9.0,,0.0,0,1971.0,B01,138Â 198Â 709,1.0,0.0,-1.0,1733650,1.0,80,,0.0,2.0,3.0,A01,138Â 198Â 708,3.0
1015614,201900057145,7,10,10:35,1,2,7,7.0,3.0,75114,PLACE DE CATALOGNE,M,"48,8372670","2,3187950",75,2019,50.0,5.0,1.0,4.0,2271307,1.0,1,1,1,9.0,,0.0,0,1971.0,B01,138Â 198Â 709,1.0,0.0,-1.0,1733651,1.0,7,,0.0,2.0,3.0,B01,138Â 198Â 709,1.0
1015615,201900057146,1,1,12:10,1,1,1,1.0,2.0,48147,la baraque des gendarmes CD31,M,"44,4264090","3,4977620",48,2019,80.0,1.0,2.0,3.0,2271308,1.0,1,3,1,5.0,,0.0,0,1934.0,B01,138Â 198Â 705,1.0,-1.0,-1.0,1733652,2.0,7,,0.0,2.0,4.0,B01,138Â 198Â 705,1.0
1015615,201900057146,1,1,12:10,1,1,1,1.0,2.0,48147,la baraque des gendarmes CD31,M,"44,4264090","3,4977620",48,2019,80.0,1.0,2.0,3.0,2271308,1.0,1,3,1,5.0,,0.0,0,1934.0,B01,138Â 198Â 705,1.0,-1.0,-1.0,1733653,2.0,7,,0.0,2.0,1.0,A01,138Â 198Â 707,1.0
1015615,201900057146,1,1,12:10,1,1,1,1.0,2.0,48147,la baraque des gendarmes CD31,M,"44,4264090","3,4977620",48,2019,80.0,1.0,2.0,3.0,2271309,2.0,2,4,2,5.0,,0.0,0,1981.0,A01,138Â 198Â 707,1.0,-1.0,-1.0,1733652,2.0,7,,0.0,2.0,4.0,B01,138Â 198Â 705,1.0
1015615,201900057146,1,1,12:10,1,1,1,1.0,2.0,48147,la baraque des gendarmes CD31,M,"44,4264090","3,4977620",48,2019,80.0,1.0,2.0,3.0,2271309,2.0,2,4,2,5.0,,0.0,0,1981.0,A01,138Â 198Â 707,1.0,-1.0,-1.0,1733653,2.0,7,,0.0,2.0,1.0,A01,138Â 198Â 707,1.0
1015615,201900057146,1,1,12:10,1,1,1,1.0,2.0,48147,la baraque des gendarmes CD31,M,"44,4264090","3,4977620",48,2019,80.0,1.0,2.0,3.0,2271310,9.0,2,1,1,5.0,,0.0,0,2017.0,A01,138Â 198Â 707,3.0,-1.0,-1.0,1733652,2.0,7,,0.0,2.0,4.0,B01,138Â 198Â 705,1.0
1015615,201900057146,1,1,12:10,1,1,1,1.0,2.0,48147,la baraque des gendarmes CD31,M,"44,4264090","3,4977620",48,2019,80.0,1.0,2.0,3.0,2271310,9.0,2,1,1,5.0,,0.0,0,2017.0,A01,138Â 198Â 707,3.0,-1.0,-1.0,1733653,2.0,7,,0.0,2.0,1.0,A01,138Â 198Â 707,1.0
1015615,201900057146,1,1,12:10,1,1,1,1.0,2.0,48147,la baraque des gendarmes CD31,M,"44,4264090","3,4977620",48,2019,80.0,1.0,2.0,3.0,2271311,7.0,2,4,1,5.0,,0.0,0,2010.0,A01,138Â 198Â 707,3.0,-1.0,-1.0,1733652,2.0,7,,0.0,2.0,4.0,B01,138Â 198Â 705,1.0
1015615,201900057146,1,1,12:10,1,1,1,1.0,2.0,48147,la baraque des gendarmes CD31,M,"44,4264090","3,4977620",48,2019,80.0,1.0,2.0,3.0,2271311,7.0,2,4,1,5.0,,0.0,0,2010.0,A01,138Â 198Â 707,3.0,-1.0,-1.0,1733653,2.0,7,,0.0,2.0,1.0,A01,138Â 198Â 707,1.0
1015615,201900057146,1,1,12:10,1,1,1,1.0,2.0,48147,la baraque des gendarmes CD31,M,"44,4264090","3,4977620",48,2019,80.0,1.0,2.0,3.0,2271312,1.0,1,1,1,5.0,,0.0,0,1981.0,A01,138Â 198Â 707,1.0,-1.0,-1.0,1733652,2.0,7,,0.0,2.0,4.0,B01,138Â 198Â 705,1.0
1015615,201900057146,1,1,12:10,1,1,1,1.0,2.0,48147,la baraque des gendarmes CD31,M,"44,4264090","3,4977620",48,2019,80.0,1.0,2.0,3.0,2271312,1.0,1,1,1,5.0,,0.0,0,1981.0,A01,138Â 198Â 707,1.0,-1.0,-1.0,1733653,2.0,7,,0.0,2.0,1.0,A01,138Â 198Â 707,1.0
1015615,201900057146,1,1,12:10,1,1,1,1.0,2.0,48147,la baraque des gendarmes CD31,M,"44,4264090","3,4977620",48,2019,80.0,1.0,2.0,3.0,2271313,8.0,2,4,1,5.0,,0.0,0,2015.0,A01,138Â 198Â 707,3.0,-1.0,-1.0,1733652,2.0,7,,0.0,2.0,4.0,B01,138Â 198Â 705,1.0
1015615,201900057146,1,1,12:10,1,1,1,1.0,2.0,48147,la baraque des gendarmes CD31,M,"44,4264090","3,4977620",48,2019,80.0,1.0,2.0,3.0,2271313,8.0,2,4,1,5.0,,0.0,0,2015.0,A01,138Â 198Â 707,3.0,-1.0,-1.0,1733653,2.0,7,,0.0,2.0,1.0,A01,138Â 198Â 707,1.0
1015616,201900057147,7,10,18:30,1,2,3,1.0,2.0,75113,QUAI FRANCOIS MAURIAC,M,"48,8329640","2,3787670",75,2019,50.0,1.0,1.0,4.0,2271314,1.0,1,1,1,1.0,,0.0,0,1961.0,A01,138Â 198Â 704,8.0,0.0,-1.0,1733654,2.0,7,,0.0,2.0,1.0,A01,138Â 198Â 704,1.0
1015616,201900057147,7,10,18:30,1,2,3,1.0,2.0,75113,QUAI FRANCOIS MAURIAC,M,"48,8329640","2,3787670",75,2019,50.0,1.0,1.0,4.0,2271314,1.0,1,1,1,1.0,,0.0,0,1961.0,A01,138Â 198Â 704,8.0,0.0,-1.0,1733655,2.0,7,,0.0,2.0,4.0,B01,138Â 198Â 706,1.0
1015616,201900057147,7,10,18:30,1,2,3,1.0,2.0,75113,QUAI FRANCOIS MAURIAC,M,"48,8329640","2,3787670",75,2019,50.0,1.0,1.0,4.0,2271315,2.0,2,4,2,5.0,,0.0,0,1991.0,B01,138Â 198Â 706,1.0,0.0,-1.0,1733654,2.0,7,,0.0,2.0,1.0,A01,138Â 198Â 704,1.0
1015616,201900057147,7,10,18:30,1,2,3,1.0,2.0,75113,QUAI FRANCOIS MAURIAC,M,"48,8329640","2,3787670",75,2019,50.0,1.0,1.0,4.0,2271315,2.0,2,4,2,5.0,,0.0,0,1991.0,B01,138Â 198Â 706,1.0,0.0,-1.0,1733655,2.0,7,,0.0,2.0,4.0,B01,138Â 198Â 706,1.0
1015616,201900057147,7,10,18:30,1,2,3,1.0,2.0,75113,QUAI FRANCOIS MAURIAC,M,"48,8329640","2,3787670",75,2019,50.0,1.0,1.0,4.0,2271316,1.0,1,1,1,5.0,,0.0,0,1990.0,B01,138Â 198Â 706,1.0,0.0,-1.0,1733654,2.0,7,,0.0,2.0,1.0,A01,138Â 198Â 704,1.0
1015616,201900057147,7,10,18:30,1,2,3,1.0,2.0,75113,QUAI FRANCOIS MAURIAC,M,"48,8329640","2,3787670",75,2019,50.0,1.0,1.0,4.0,2271316,1.0,1,1,1,5.0,,0.0,0,1990.0,B01,138Â 198Â 706,1.0,0.0,-1.0,1733655,2.0,7,,0.0,2.0,4.0,B01,138Â 198Â 706,1.0
1015617,201900057148,1,5,23:20,3,1,1,1.0,6.0,97231,La Beaufond,M,"14,5183500"," -61,0339940",972,2019,50.0,3.0,2.0,4.0,2271317,9.0,2,3,2,5.0,,0.0,0,2001.0,A01,138Â 198Â 703,8.0,-1.0,-1.0,1733656,3.0,7,,2.0,0.0,1.0,A01,138Â 198Â 703,1.0