Unnamed: 0_x,num_acc,mois,jour,hrmn,lum,agg,int,atm,col,com,adr,gps,lat,long,dep,annee,vma,situ,surf,catr,Unnamed: 0_y,place,catu,grav,sexe,trajet,secu,locp,actp,an_nais,num_veh_x,id_vehicule_x,secu1,secu2,secu3,Unnamed: 0,senc,catv,occutc,obs,obsm,choc,num_veh_y,id_vehicule_y,motor
1015617,201900057148,1,5,23:20,3,1,1,1.0,6.0,97231,La Beaufond,M,"14,5183500"," -61,0339940",972,2019,50.0,3.0,2.0,4.0,2271318,1.0,1,3,1,5.0,,0.0,0,1998.0,A01,138Â 198Â 703,8.0,-1.0,-1.0,1733656,3.0,7,,2.0,0.0,1.0,A01,138Â 198Â 703,1.0
1015617,201900057148,1,5,23:20,3,1,1,1.0,6.0,97231,La Beaufond,M,"14,5183500"," -61,0339940",972,2019,50.0,3.0,2.0,4.0,2271319,2.0,2,4,2,5.0,,0.0,0,2001.0,A01,138Â 198Â 703,8.0,-1.0,-1.0,1733656,3.0,7,,2.0,0.0,1.0,A01,138Â 198Â 703,1.0
1015618,201900057149,7,10,12:50,1,2,2,1.0,3.0,75113,AVENUE D ITALIE,M,"48,8191330","2,3595020",75,2019,50.0,1.0,1.0,4.0,2271320,1.0,1,1,1,4.0,,0.0,0,1977.0,A01,138Â 198Â 701,1.0,0.0,-1.0,1733657,2.0,13,,0.0,2.0,3.0,A01,138Â 198Â 701,6.0
1015618,201900057149,7,10,12:50,1,2,2,1.0,3.0,75113,AVENUE D ITALIE,M,"48,8191330","2,3595020",75,2019,50.0,1.0,1.0,4.0,2271320,1.0,1,1,1,4.0,,0.0,0,1977.0,A01,138Â 198Â 701,1.0,0.0,-1.0,1733658,2.0,33,,0.0,2.0,7.0,B01,138Â 198Â 702,1.0
1015618,201900057149,7,10,12:50,1,2,2,1.0,3.0,75113,AVENUE D ITALIE,M,"48,8191330","2,3595020",75,2019,50.0,1.0,1.0,4.0,2271321,1.0,1,4,1,5.0,,0.0,0,1998.0,B01,138Â 198Â 702,2.0,6.0,-1.0,1733657,2.0,13,,0.0,2.0,3.0,A01,138Â 198Â 701,6.0
1015618,201900057149,7,10,12:50,1,2,2,1.0,3.0,75113,AVENUE D ITALIE,M,"48,8191330","2,3595020",75,2019,50.0,1.0,1.0,4.0,2271321,1.0,1,4,1,5.0,,0.0,0,1998.0,B01,138Â 198Â 702,2.0,6.0,-1.0,1733658,2.0,33,,0.0,2.0,7.0,B01,138Â 198Â 702,1.0
1015619,201900057150,1,4,19:04,3,1,1,8.0,4.0,68066,Autoroute 35,M,"48,0676300","7,3840910",68,2019,110.0,1.0,2.0,1.0,2271322,1.0,1,4,2,1.0,,0.0,0,1975.0,A01,138Â 198Â 697,1.0,-1.0,-1.0,1733659,1.0,7,,0.0,2.0,1.0,A01,138Â 198Â 697,1.0
1015619,201900057150,1,4,19:04,3,1,1,8.0,4.0,68066,Autoroute 35,M,"48,0676300","7,3840910",68,2019,110.0,1.0,2.0,1.0,2271322,1.0,1,4,2,1.0,,0.0,0,1975.0,A01,138Â 198Â 697,1.0,-1.0,-1.0,1733660,1.0,7,,0.0,2.0,1.0,B01,138Â 198Â 699,1.0
1015619,201900057150,1,4,19:04,3,1,1,8.0,4.0,68066,Autoroute 35,M,"48,0676300","7,3840910",68,2019,110.0,1.0,2.0,1.0,2271322,1.0,1,4,2,1.0,,0.0,0,1975.0,A01,138Â 198Â 697,1.0,-1.0,-1.0,1733661,1.0,7,,0.0,0.0,4.0,C01,138Â 198Â 700,1.0
1015619,201900057150,1,4,19:04,3,1,1,8.0,4.0,68066,Autoroute 35,M,"48,0676300","7,3840910",68,2019,110.0,1.0,2.0,1.0,2271323,2.0,2,1,2,5.0,,0.0,0,1952.0,B01,138Â 198Â 699,1.0,-1.0,-1.0,1733659,1.0,7,,0.0,2.0,1.0,A01,138Â 198Â 697,1.0
1015619,201900057150,1,4,19:04,3,1,1,8.0,4.0,68066,Autoroute 35,M,"48,0676300","7,3840910",68,2019,110.0,1.0,2.0,1.0,2271323,2.0,2,1,2,5.0,,0.0,0,1952.0,B01,138Â 198Â 699,1.0,-1.0,-1.0,1733660,1.0,7,,0.0,2.0,1.0,B01,138Â 198Â 699,1.0
1015619,201900057150,1,4,19:04,3,1,1,8.0,4.0,68066,Autoroute 35,M,"48,0676300","7,3840910",68,2019,110.0,1.0,2.0,1.0,2271323,2.0,2,1,2,5.0,,0.0,0,1952.0,B01,138Â 198Â 699,1.0,-1.0,-1.0,1733661,1.0,7,,0.0,0.0,4.0,C01,138Â 198Â 700,1.0
1015619,201900057150,1,4,19:04,3,1,1,8.0,4.0,68066,Autoroute 35,M,"48,0676300","7,3840910",68,2019,110.0,1.0,2.0,1.0,2271324,3.0,2,1,1,5.0,,0.0,0,1959.0,B01,138Â 198Â 699,1.0,-1.0,-1.0,1733659,1.0,7,,0.0,2.0,1.0,A01,138Â 198Â 697,1.0
1015619,201900057150,1,4,19:04,3,1,1,8.0,4.0,68066,Autoroute 35,M,"48,0676300","7,3840910",68,2019,110.0,1.0,2.0,1.0,2271324,3.0,2,1,1,5.0,,0.0,0,1959.0,B01,138Â 198Â 699,1.0,-1.0,-1.0,1733660,1.0,7,,0.0,2.0,1.0,B01,138Â 198Â 699,1.0
1015619,201900057150,1,4,19:04,3,1,1,8.0,4.0,68066,Autoroute 35,M,"48,0676300","7,3840910",68,2019,110.0,1.0,2.0,1.0,2271324,3.0,2,1,1,5.0,,0.0,0,1959.0,B01,138Â 198Â 699,1.0,-1.0,-1.0,1733661,1.0,7,,0.0,0.0,4.0,C01,138Â 198Â 700,1.0
1015619,201900057150,1,4,19:04,3,1,1,8.0,4.0,68066,Autoroute 35,M,"48,0676300","7,3840910",68,2019,110.0,1.0,2.0,1.0,2271325,1.0,1,1,1,5.0,,0.0,0,1951.0,B01,138Â 198Â 699,1.0,-1.0,-1.0,1733659,1.0,7,,0.0,2.0,1.0,A01,138Â 198Â 697,1.0
1015619,201900057150,1,4,19:04,3,1,1,8.0,4.0,68066,Autoroute 35,M,"48,0676300","7,3840910",68,2019,110.0,1.0,2.0,1.0,2271325,1.0,1,1,1,5.0,,0.0,0,1951.0,B01,138Â 198Â 699,1.0,-1.0,-1.0,1733660,1.0,7,,0.0,2.0,1.0,B01,138Â 198Â 699,1.0
1015619,201900057150,1,4,19:04,3,1,1,8.0,4.0,68066,Autoroute 35,M,"48,0676300","7,3840910",68,2019,110.0,1.0,2.0,1.0,2271325,1.0,1,1,1,5.0,,0.0,0,1951.0,B01,138Â 198Â 699,1.0,-1.0,-1.0,1733661,1.0,7,,0.0,0.0,4.0,C01,138Â 198Â 700,1.0
1015619,201900057150,1,4,19:04,3,1,1,8.0,4.0,68066,Autoroute 35,M,"48,0676300","7,3840910",68,2019,110.0,1.0,2.0,1.0,2271326,2.0,2,1,2,5.0,,0.0,0,1955.0,C01,138Â 198Â 700,1.0,-1.0,-1.0,1733659,1.0,7,,0.0,2.0,1.0,A01,138Â 198Â 697,1.0
1015619,201900057150,1,4,19:04,3,1,1,8.0,4.0,68066,Autoroute 35,M,"48,0676300","7,3840910",68,2019,110.0,1.0,2.0,1.0,2271326,2.0,2,1,2,5.0,,0.0,0,1955.0,C01,138Â 198Â 700,1.0,-1.0,-1.0,1733660,1.0,7,,0.0,2.0,1.0,B01,138Â 198Â 699,1.0
1015619,201900057150,1,4,19:04,3,1,1,8.0,4.0,68066,Autoroute 35,M,"48,0676300","7,3840910",68,2019,110.0,1.0,2.0,1.0,2271326,2.0,2,1,2,5.0,,0.0,0,1955.0,C01,138Â 198Â 700,1.0,-1.0,-1.0,1733661,1.0,7,,0.0,0.0,4.0,C01,138Â 198Â 700,1.0
1015619,201900057150,1,4,19:04,3,1,1,8.0,4.0,68066,Autoroute 35,M,"48,0676300","7,3840910",68,2019,110.0,1.0,2.0,1.0,2271327,1.0,1,1,1,5.0,,0.0,0,1986.0,C01,138Â 198Â 700,1.0,-1.0,-1.0,1733659,1.0,7,,0.0,2.0,1.0,A01,138Â 198Â 697,1.0
1015619,201900057150,1,4,19:04,3,1,1,8.0,4.0,68066,Autoroute 35,M,"48,0676300","7,3840910",68,2019,110.0,1.0,2.0,1.0,2271327,1.0,1,1,1,5.0,,0.0,0,1986.0,C01,138Â 198Â 700,1.0,-1.0,-1.0,1733660,1.0,7,,0.0,2.0,1.0,B01,138Â 198Â 699,1.0
1015619,201900057150,1,4,19:04,3,1,1,8.0,4.0,68066,Autoroute 35,M,"48,0676300","7,3840910",68,2019,110.0,1.0,2.0,1.0,2271327,1.0,1,1,1,5.0,,0.0,0,1986.0,C01,138Â 198Â 700,1.0,-1.0,-1.0,1733661,1.0,7,,0.0,0.0,4.0,C01,138Â 198Â 700,1.0
1015620,201900057151,7,10,07:30,1,2,2,1.0,3.0,75113,BOULEVARD AUGUSTE BLANQUI,M,"48,8306490","2,3526430",75,2019,50.0,5.0,1.0,4.0,2271328,1.0,1,1,2,1.0,,0.0,0,1973.0,A01,138Â 198Â 696,1.0,0.0,-1.0,1733662,1.0,7,,0.0,2.0,1.0,A01,138Â 198Â 696,1.0
1015620,201900057151,7,10,07:30,1,2,2,1.0,3.0,75113,BOULEVARD AUGUSTE BLANQUI,M,"48,8306490","2,3526430",75,2019,50.0,5.0,1.0,4.0,2271328,1.0,1,1,2,1.0,,0.0,0,1973.0,A01,138Â 198Â 696,1.0,0.0,-1.0,1733663,1.0,1,,0.0,2.0,0.0,B01,138Â 198Â 698,5.0
1015620,201900057151,7,10,07:30,1,2,2,1.0,3.0,75113,BOULEVARD AUGUSTE BLANQUI,M,"48,8306490","2,3526430",75,2019,50.0,5.0,1.0,4.0,2271329,1.0,1,4,1,1.0,,0.0,0,1989.0,B01,138Â 198Â 698,8.0,0.0,-1.0,1733662,1.0,7,,0.0,2.0,1.0,A01,138Â 198Â 696,1.0
1015620,201900057151,7,10,07:30,1,2,2,1.0,3.0,75113,BOULEVARD AUGUSTE BLANQUI,M,"48,8306490","2,3526430",75,2019,50.0,5.0,1.0,4.0,2271329,1.0,1,4,1,1.0,,0.0,0,1989.0,B01,138Â 198Â 698,8.0,0.0,-1.0,1733663,1.0,1,,0.0,2.0,0.0,B01,138Â 198Â 698,5.0
1015621,201900057152,7,10,16:10,1,2,1,1.0,3.0,75112,AVENUE LEDRU ROLLIN,M,"48,8500600","2,3748090",75,2019,50.0,1.0,1.0,4.0,2271330,1.0,1,1,1,4.0,,0.0,0,1986.0,B01,138Â 198Â 692,1.0,0.0,-1.0,1733664,2.0,7,,0.0,2.0,3.0,B01,138Â 198Â 692,1.0
1015621,201900057152,7,10,16:10,1,2,1,1.0,3.0,75112,AVENUE LEDRU ROLLIN,M,"48,8500600","2,3748090",75,2019,50.0,1.0,1.0,4.0,2271330,1.0,1,1,1,4.0,,0.0,0,1986.0,B01,138Â 198Â 692,1.0,0.0,-1.0,1733665,2.0,31,,0.0,2.0,2.0,A01,138Â 198Â 694,1.0
1015621,201900057152,7,10,16:10,1,2,1,1.0,3.0,75112,AVENUE LEDRU ROLLIN,M,"48,8500600","2,3748090",75,2019,50.0,1.0,1.0,4.0,2271331,1.0,1,4,1,5.0,,0.0,0,1993.0,A01,138Â 198Â 694,2.0,8.0,-1.0,1733664,2.0,7,,0.0,2.0,3.0,B01,138Â 198Â 692,1.0
1015621,201900057152,7,10,16:10,1,2,1,1.0,3.0,75112,AVENUE LEDRU ROLLIN,M,"48,8500600","2,3748090",75,2019,50.0,1.0,1.0,4.0,2271331,1.0,1,4,1,5.0,,0.0,0,1993.0,A01,138Â 198Â 694,2.0,8.0,-1.0,1733665,2.0,31,,0.0,2.0,2.0,A01,138Â 198Â 694,1.0
1015622,201900057153,1,2,17:50,1,2,2,1.0,3.0,97307,angle rue rÃ©sÃ©da / rue du fromager,M,"4,8862846"," -52,3409822",973,2019,-1.0,1.0,1.0,4.0,2271332,1.0,1,4,2,5.0,,0.0,0,2004.0,A01,138Â 198Â 695,0.0,-1.0,-1.0,1733666,3.0,2,,0.0,2.0,1.0,B01,138Â 198Â 693,1.0
1015622,201900057153,1,2,17:50,1,2,2,1.0,3.0,97307,angle rue rÃ©sÃ©da / rue du fromager,M,"4,8862846"," -52,3409822",973,2019,-1.0,1.0,1.0,4.0,2271332,1.0,1,4,2,5.0,,0.0,0,2004.0,A01,138Â 198Â 695,0.0,-1.0,-1.0,1733667,3.0,1,,0.0,2.0,1.0,A01,138Â 198Â 695,5.0
1015623,201900057154,1,4,20:00,3,1,1,1.0,6.0,26057,A49,M,"45,0209000","5,0527000",26,2019,90.0,1.0,1.0,1.0,2271333,2.0,2,1,2,5.0,,0.0,0,1946.0,A01,138Â 198Â 690,1.0,-1.0,-1.0,1733668,1.0,7,,0.0,1.0,2.0,A01,138Â 198Â 690,1.0
1015623,201900057154,1,4,20:00,3,1,1,1.0,6.0,26057,A49,M,"45,0209000","5,0527000",26,2019,90.0,1.0,1.0,1.0,2271334,10.0,3,3,1,0.0,,1.0,3,1998.0,A01,138Â 198Â 690,0.0,-1.0,-1.0,1733668,1.0,7,,0.0,1.0,2.0,A01,138Â 198Â 690,1.0
1015623,201900057154,1,4,20:00,3,1,1,1.0,6.0,26057,A49,M,"45,0209000","5,0527000",26,2019,90.0,1.0,1.0,1.0,2271335,1.0,1,1,1,5.0,,0.0,0,1939.0,A01,138Â 198Â 690,1.0,-1.0,-1.0,1733668,1.0,7,,0.0,1.0,2.0,A01,138Â 198Â 690,1.0
1015624,201900057155,7,8,22:40,5,2,3,1.0,6.0,75110,RUE DE LA GRANGE AUX BELLES,M,"48,8745660","2,3662510",75,2019,50.0,1.0,1.0,4.0,2271336,5.0,2,4,1,5.0,,0.0,0,1999.0,A01,138Â 198Â 691,2.0,6.0,-1.0,1733669,1.0,33,,8.0,0.0,1.0,A01,138Â 198Â 691,1.0
1015624,201900057155,7,8,22:40,5,2,3,1.0,6.0,75110,RUE DE LA GRANGE AUX BELLES,M,"48,8745660","2,3662510",75,2019,50.0,1.0,1.0,4.0,2271337,1.0,1,3,1,5.0,,0.0,0,1996.0,A01,138Â 198Â 691,2.0,6.0,-1.0,1733669,1.0,33,,8.0,0.0,1.0,A01,138Â 198Â 691,1.0
1015625,201900057156,1,1,09:25,1,1,1,1.0,7.0,34159,RD-612,M,"43,5127140","3,8040470",34,2019,90.0,3.0,1.0,3.0,2271338,1.0,2,4,1,5.0,,0.0,0,1994.0,A01,138Â 198Â 689,1.0,-1.0,-1.0,1733670,1.0,7,,16.0,0.0,0.0,A01,138Â 198Â 689,1.0
1015625,201900057156,1,1,09:25,1,1,1,1.0,7.0,34159,RD-612,M,"43,5127140","3,8040470",34,2019,90.0,3.0,1.0,3.0,2271339,3.0,2,3,1,5.0,,0.0,0,1986.0,A01,138Â 198Â 689,0.0,-1.0,-1.0,1733670,1.0,7,,16.0,0.0,0.0,A01,138Â 198Â 689,1.0
1015625,201900057156,1,1,09:25,1,1,1,1.0,7.0,34159,RD-612,M,"43,5127140","3,8040470",34,2019,90.0,3.0,1.0,3.0,2271340,2.0,2,3,1,5.0,,0.0,0,1997.0,A01,138Â 198Â 689,1.0,-1.0,-1.0,1733670,1.0,7,,16.0,0.0,0.0,A01,138Â 198Â 689,1.0
1015626,201900057157,7,10,07:40,1,2,2,1.0,3.0,75108,RUE DU FAUBOURG SAINT HONORE,M,"48,8728420","2,3107620",75,2019,50.0,1.0,1.0,4.0,2271341,1.0,1,1,1,1.0,,0.0,0,1982.0,B01,138Â 198Â 687,1.0,0.0,-1.0,1733671,2.0,7,,0.0,2.0,1.0,B01,138Â 198Â 687,1.0
1015626,201900057157,7,10,07:40,1,2,2,1.0,3.0,75108,RUE DU FAUBOURG SAINT HONORE,M,"48,8728420","2,3107620",75,2019,50.0,1.0,1.0,4.0,2271341,1.0,1,1,1,1.0,,0.0,0,1982.0,B01,138Â 198Â 687,1.0,0.0,-1.0,1733672,2.0,33,,0.0,1.0,1.0,A01,138Â 198Â 688,1.0
1015626,201900057157,7,10,07:40,1,2,2,1.0,3.0,75108,RUE DU FAUBOURG SAINT HONORE,M,"48,8728420","2,3107620",75,2019,50.0,1.0,1.0,4.0,2271342,1.0,1,4,1,5.0,,0.0,0,1958.0,A01,138Â 198Â 688,2.0,6.0,-1.0,1733671,2.0,7,,0.0,2.0,1.0,B01,138Â 198Â 687,1.0
1015626,201900057157,7,10,07:40,1,2,2,1.0,3.0,75108,RUE DU FAUBOURG SAINT HONORE,M,"48,8728420","2,3107620",75,2019,50.0,1.0,1.0,4.0,2271342,1.0,1,4,1,5.0,,0.0,0,1958.0,A01,138Â 198Â 688,2.0,6.0,-1.0,1733672,2.0,33,,0.0,1.0,1.0,A01,138Â 198Â 688,1.0
1015626,201900057157,7,10,07:40,1,2,2,1.0,3.0,75108,RUE DU FAUBOURG SAINT HONORE,M,"48,8728420","2,3107620",75,2019,50.0,1.0,1.0,4.0,2271343,10.0,3,4,1,4.0,,2.0,A,1990.0,A01,138Â 198Â 688,8.0,0.0,-1.0,1733671,2.0,7,,0.0,2.0,1.0,B01,138Â 198Â 687,1.0
1015626,201900057157,7,10,07:40,1,2,2,1.0,3.0,75108,RUE DU FAUBOURG SAINT HONORE,M,"48,8728420","2,3107620",75,2019,50.0,1.0,1.0,4.0,2271343,10.0,3,4,1,4.0,,2.0,A,1990.0,A01,138Â 198Â 688,8.0,0.0,-1.0,1733672,2.0,33,,0.0,1.0,1.0,A01,138Â 198Â 688,1.0
1015627,201900057158,1,3,06:51,3,1,1,9.0,3.0,18279,A20 au PK 003+500 Sens 2,M,"47,2227800","2,0401700",18,2019,130.0,1.0,7.0,1.0,2271344,1.0,1,1,1,1.0,,0.0,0,1996.0,B01,138Â 198Â 685,1.0,-1.0,-1.0,1733673,2.0,15,,0.0,2.0,3.0,B01,138Â 198Â 685,1.0
1015627,201900057158,1,3,06:51,3,1,1,9.0,3.0,18279,A20 au PK 003+500 Sens 2,M,"47,2227800","2,0401700",18,2019,130.0,1.0,7.0,1.0,2271344,1.0,1,1,1,1.0,,0.0,0,1996.0,B01,138Â 198Â 685,1.0,-1.0,-1.0,1733674,2.0,7,,4.0,2.0,3.0,A01,138Â 198Â 686,1.0
1015627,201900057158,1,3,06:51,3,1,1,9.0,3.0,18279,A20 au PK 003+500 Sens 2,M,"47,2227800","2,0401700",18,2019,130.0,1.0,7.0,1.0,2271345,1.0,1,3,2,1.0,,0.0,0,1973.0,A01,138Â 198Â 686,1.0,-1.0,-1.0,1733673,2.0,15,,0.0,2.0,3.0,B01,138Â 198Â 685,1.0
1015627,201900057158,1,3,06:51,3,1,1,9.0,3.0,18279,A20 au PK 003+500 Sens 2,M,"47,2227800","2,0401700",18,2019,130.0,1.0,7.0,1.0,2271345,1.0,1,3,2,1.0,,0.0,0,1973.0,A01,138Â 198Â 686,1.0,-1.0,-1.0,1733674,2.0,7,,4.0,2.0,3.0,A01,138Â 198Â 686,1.0
1015628,201900057159,7,10,10:10,1,2,2,1.0,6.0,75108,AVENUE DU PRESIDENT WILSON,M,"48,8650560","2,3002060",75,2019,50.0,1.0,1.0,4.0,2271346,1.0,1,4,1,5.0,,0.0,0,1986.0,A01,138Â 198Â 684,2.0,0.0,-1.0,1733675,1.0,7,,0.0,2.0,0.0,Z01,138Â 198Â 683,0.0
1015628,201900057159,7,10,10:10,1,2,2,1.0,6.0,75108,AVENUE DU PRESIDENT WILSON,M,"48,8650560","2,3002060",75,2019,50.0,1.0,1.0,4.0,2271346,1.0,1,4,1,5.0,,0.0,0,1986.0,A01,138Â 198Â 684,2.0,0.0,-1.0,1733676,1.0,1,,0.0,2.0,1.0,A01,138Â 198Â 684,5.0
1015629,201900057160,1,4,17:00,1,2,1,1.0,6.0,38553,Village de marques,M,"45,6260970","5,1600210",38,2019,50.0,1.0,1.0,6.0,2271347,10.0,3,4,2,3.0,,3.0,3,1954.0,B01,138Â 198Â 681,0.0,-1.0,-1.0,1733677,3.0,99,,0.0,0.0,4.0,B01,138Â 198Â 681,5.0
1015629,201900057160,1,4,17:00,1,2,1,1.0,6.0,38553,Village de marques,M,"45,6260970","5,1600210",38,2019,50.0,1.0,1.0,6.0,2271347,10.0,3,4,2,3.0,,3.0,3,1954.0,B01,138Â 198Â 681,0.0,-1.0,-1.0,1733678,3.0,7,,0.0,1.0,3.0,A01,138Â 198Â 682,1.0
1015629,201900057160,1,4,17:00,1,2,1,1.0,6.0,38553,Village de marques,M,"45,6260970","5,1600210",38,2019,50.0,1.0,1.0,6.0,2271348,1.0,1,1,1,3.0,,0.0,0,1999.0,A01,138Â 198Â 682,8.0,-1.0,-1.0,1733677,3.0,99,,0.0,0.0,4.0,B01,138Â 198Â 681,5.0
1015629,201900057160,1,4,17:00,1,2,1,1.0,6.0,38553,Village de marques,M,"45,6260970","5,1600210",38,2019,50.0,1.0,1.0,6.0,2271348,1.0,1,1,1,3.0,,0.0,0,1999.0,A01,138Â 198Â 682,8.0,-1.0,-1.0,1733678,3.0,7,,0.0,1.0,3.0,A01,138Â 198Â 682,1.0
1015630,201900057161,1,5,18:10,5,2,1,1.0,6.0,35059,rue de Rennes,M,"48,1741550"," -1,7220010",35,2019,50.0,1.0,1.0,3.0,2271349,1.0,1,1,1,5.0,,0.0,0,1967.0,A01,138Â 198Â 680,1.0,-1.0,-1.0,1733679,2.0,7,,0.0,1.0,3.0,A01,138Â 198Â 680,1.0
1015630,201900057161,1,5,18:10,5,2,1,1.0,6.0,35059,rue de Rennes,M,"48,1741550"," -1,7220010",35,2019,50.0,1.0,1.0,3.0,2271350,10.0,3,3,1,5.0,,2.0,3,1957.0,A01,138Â 198Â 680,0.0,-1.0,-1.0,1733679,2.0,7,,0.0,1.0,3.0,A01,138Â 198Â 680,1.0
1015631,201900057162,1,3,16:55,1,2,1,1.0,1.0,97415,Rue Montrouge,M," -21,0168370","55,3043690",974,2019,30.0,1.0,1.0,3.0,2271351,1.0,1,3,1,5.0,,0.0,0,1995.0,A01,138Â 198Â 678,0.0,-1.0,-1.0,1733680,2.0,2,,0.0,2.0,3.0,A01,138Â 198Â 678,1.0
1015631,201900057162,1,3,16:55,1,2,1,1.0,1.0,97415,Rue Montrouge,M," -21,0168370","55,3043690",974,2019,30.0,1.0,1.0,3.0,2271351,1.0,1,3,1,5.0,,0.0,0,1995.0,A01,138Â 198Â 678,0.0,-1.0,-1.0,1733681,1.0,7,,0.0,2.0,3.0,B01,138Â 198Â 679,1.0
1015631,201900057162,1,3,16:55,1,2,1,1.0,1.0,97415,Rue Montrouge,M," -21,0168370","55,3043690",974,2019,30.0,1.0,1.0,3.0,2271352,1.0,1,1,2,0.0,,0.0,0,1990.0,B01,138Â 198Â 679,1.0,-1.0,-1.0,1733680,2.0,2,,0.0,2.0,3.0,A01,138Â 198Â 678,1.0
1015631,201900057162,1,3,16:55,1,2,1,1.0,1.0,97415,Rue Montrouge,M," -21,0168370","55,3043690",974,2019,30.0,1.0,1.0,3.0,2271352,1.0,1,1,2,0.0,,0.0,0,1990.0,B01,138Â 198Â 679,1.0,-1.0,-1.0,1733681,1.0,7,,0.0,2.0,3.0,B01,138Â 198Â 679,1.0
1015632,201900057163,7,9,18:20,1,2,4,1.0,6.0,75104,VOIE GEORGES POMPIDOU,M,"48,8536230","2,3562980",75,2019,10.0,1.0,1.0,4.0,2271353,1.0,1,1,1,5.0,,0.0,0,1992.0,A01,138Â 198Â 677,2.0,0.0,-1.0,1733682,1.0,1,,0.0,1.0,1.0,A01,138Â 198Â 677,5.0
1015632,201900057163,7,9,18:20,1,2,4,1.0,6.0,75104,VOIE GEORGES POMPIDOU,M,"48,8536230","2,3562980",75,2019,10.0,1.0,1.0,4.0,2271354,10.0,3,4,1,5.0,,3.0,1,1937.0,A01,138Â 198Â 677,8.0,0.0,-1.0,1733682,1.0,1,,0.0,1.0,1.0,A01,138Â 198Â 677,5.0
1015633,201900057164,1,2,12:30,1,2,1,1.0,3.0,97309,route d' attila cabasou,M,"4,8889914"," -52,2901695",973,2019,50.0,1.0,1.0,3.0,2271355,1.0,1,1,2,0.0,,0.0,0,1995.0,A01,138Â 198Â 675,1.0,-1.0,-1.0,1733683,1.0,7,,0.0,2.0,7.0,A01,138Â 198Â 675,1.0
1015633,201900057164,1,2,12:30,1,2,1,1.0,3.0,97309,route d' attila cabasou,M,"4,8889914"," -52,2901695",973,2019,50.0,1.0,1.0,3.0,2271355,1.0,1,1,2,0.0,,0.0,0,1995.0,A01,138Â 198Â 675,1.0,-1.0,-1.0,1733684,1.0,1,,0.0,2.0,8.0,B01,138Â 198Â 676,5.0
1015633,201900057164,1,2,12:30,1,2,1,1.0,3.0,97309,route d' attila cabasou,M,"4,8889914"," -52,2901695",973,2019,50.0,1.0,1.0,3.0,2271356,1.0,1,4,2,1.0,,0.0,0,1987.0,B01,138Â 198Â 676,2.0,-1.0,-1.0,1733683,1.0,7,,0.0,2.0,7.0,A01,138Â 198Â 675,1.0
1015633,201900057164,1,2,12:30,1,2,1,1.0,3.0,97309,route d' attila cabasou,M,"4,8889914"," -52,2901695",973,2019,50.0,1.0,1.0,3.0,2271356,1.0,1,4,2,1.0,,0.0,0,1987.0,B01,138Â 198Â 676,2.0,-1.0,-1.0,1733684,1.0,1,,0.0,2.0,8.0,B01,138Â 198Â 676,5.0
1015634,201900057165,7,10,00:30,5,2,1,1.0,6.0,75104,RUE DE RIVOLI,M,"48,8563910","2,3561710",75,2019,50.0,1.0,1.0,4.0,2271357,2.0,2,4,2,5.0,,0.0,0,1990.0,A01,138Â 198Â 674,2.0,6.0,-1.0,1733685,1.0,33,,12.0,0.0,2.0,A01,138Â 198Â 674,1.0
1015634,201900057165,7,10,00:30,5,2,1,1.0,6.0,75104,RUE DE RIVOLI,M,"48,8563910","2,3561710",75,2019,50.0,1.0,1.0,4.0,2271358,1.0,1,1,1,5.0,,0.0,0,1996.0,A01,138Â 198Â 674,2.0,6.0,-1.0,1733685,1.0,33,,12.0,0.0,2.0,A01,138Â 198Â 674,1.0
1015635,201900057166,1,5,14:30,1,2,2,1.0,3.0,06018,chemin neuf,M,"43,6261630","7,0966940",6,2019,50.0,1.0,1.0,9.0,2271359,1.0,1,4,1,5.0,,0.0,0,1963.0,B01,138Â 198Â 672,2.0,-1.0,-1.0,1733686,3.0,1,,0.0,2.0,1.0,B01,138Â 198Â 672,5.0
1015635,201900057166,1,5,14:30,1,2,2,1.0,3.0,06018,chemin neuf,M,"43,6261630","7,0966940",6,2019,50.0,1.0,1.0,9.0,2271359,1.0,1,4,1,5.0,,0.0,0,1963.0,B01,138Â 198Â 672,2.0,-1.0,-1.0,1733687,3.0,7,,0.0,2.0,7.0,A01,138Â 198Â 673,1.0
1015635,201900057166,1,5,14:30,1,2,2,1.0,3.0,06018,chemin neuf,M,"43,6261630","7,0966940",6,2019,50.0,1.0,1.0,9.0,2271360,2.0,2,1,1,5.0,,0.0,0,1956.0,A01,138Â 198Â 673,1.0,-1.0,-1.0,1733686,3.0,1,,0.0,2.0,1.0,B01,138Â 198Â 672,5.0
1015635,201900057166,1,5,14:30,1,2,2,1.0,3.0,06018,chemin neuf,M,"43,6261630","7,0966940",6,2019,50.0,1.0,1.0,9.0,2271360,2.0,2,1,1,5.0,,0.0,0,1956.0,A01,138Â 198Â 673,1.0,-1.0,-1.0,1733687,3.0,7,,0.0,2.0,7.0,A01,138Â 198Â 673,1.0
1015635,201900057166,1,5,14:30,1,2,2,1.0,3.0,06018,chemin neuf,M,"43,6261630","7,0966940",6,2019,50.0,1.0,1.0,9.0,2271361,1.0,1,1,2,5.0,,0.0,0,1957.0,A01,138Â 198Â 673,1.0,-1.0,-1.0,1733686,3.0,1,,0.0,2.0,1.0,B01,138Â 198Â 672,5.0