Unnamed: 0_x,num_acc,mois,jour,hrmn,lum,agg,int,atm,col,com,adr,gps,lat,long,dep,annee,vma,situ,surf,catr,Unnamed: 0_y,place,catu,grav,sexe,trajet,secu,locp,actp,an_nais,num_veh_x,id_vehicule_x,secu1,secu2,secu3,Unnamed: 0,senc,catv,occutc,obs,obsm,choc,num_veh_y,id_vehicule_y,motor
1015635,201900057166,1,5,14:30,1,2,2,1.0,3.0,06018,chemin neuf,M,"43,6261630","7,0966940",6,2019,50.0,1.0,1.0,9.0,2271361,1.0,1,1,2,5.0,,0.0,0,1957.0,A01,138Â 198Â 673,1.0,-1.0,-1.0,1733687,3.0,7,,0.0,2.0,7.0,A01,138Â 198Â 673,1.0
1015636,201900057167,7,9,23:20,5,2,4,1.0,2.0,75117,BOULEVARD PERIPHERIQUE EXTERIEUR OUEST,M,"48,8830790","2,2836910",75,2019,70.0,1.0,1.0,4.0,2271362,1.0,1,1,1,9.0,,0.0,0,1965.0,A01,138Â 198Â 670,1.0,0.0,-1.0,1733688,1.0,7,,0.0,2.0,4.0,A01,138Â 198Â 670,1.0
1015636,201900057167,7,9,23:20,5,2,4,1.0,2.0,75117,BOULEVARD PERIPHERIQUE EXTERIEUR OUEST,M,"48,8830790","2,2836910",75,2019,70.0,1.0,1.0,4.0,2271362,1.0,1,1,1,9.0,,0.0,0,1965.0,A01,138Â 198Â 670,1.0,0.0,-1.0,1733689,1.0,43,,0.0,2.0,1.0,B01,138Â 198Â 671,1.0
1015636,201900057167,7,9,23:20,5,2,4,1.0,2.0,75117,BOULEVARD PERIPHERIQUE EXTERIEUR OUEST,M,"48,8830790","2,2836910",75,2019,70.0,1.0,1.0,4.0,2271363,1.0,1,4,1,9.0,,0.0,0,1993.0,B01,138Â 198Â 671,2.0,6.0,-1.0,1733688,1.0,7,,0.0,2.0,4.0,A01,138Â 198Â 670,1.0
1015636,201900057167,7,9,23:20,5,2,4,1.0,2.0,75117,BOULEVARD PERIPHERIQUE EXTERIEUR OUEST,M,"48,8830790","2,2836910",75,2019,70.0,1.0,1.0,4.0,2271363,1.0,1,4,1,9.0,,0.0,0,1993.0,B01,138Â 198Â 671,2.0,6.0,-1.0,1733689,1.0,43,,0.0,2.0,1.0,B01,138Â 198Â 671,1.0
1015637,201900057168,1,4,10:00,1,2,3,1.0,1.0,42279,Les roches rouges,M,"45,5045720","4,2591000",42,2019,50.0,1.0,1.0,4.0,2271364,1.0,1,4,1,4.0,,0.0,0,1977.0,B01,138Â 198Â 668,2.0,-1.0,-1.0,1733690,3.0,2,,0.0,2.0,1.0,B01,138Â 198Â 668,0.0
1015637,201900057168,1,4,10:00,1,2,3,1.0,1.0,42279,Les roches rouges,M,"45,5045720","4,2591000",42,2019,50.0,1.0,1.0,4.0,2271364,1.0,1,4,1,4.0,,0.0,0,1977.0,B01,138Â 198Â 668,2.0,-1.0,-1.0,1733691,3.0,7,,0.0,2.0,1.0,A01,138Â 198Â 669,0.0
1015637,201900057168,1,4,10:00,1,2,3,1.0,1.0,42279,Les roches rouges,M,"45,5045720","4,2591000",42,2019,50.0,1.0,1.0,4.0,2271365,1.0,1,1,2,4.0,,0.0,0,1964.0,A01,138Â 198Â 669,1.0,-1.0,-1.0,1733690,3.0,2,,0.0,2.0,1.0,B01,138Â 198Â 668,0.0
1015637,201900057168,1,4,10:00,1,2,3,1.0,1.0,42279,Les roches rouges,M,"45,5045720","4,2591000",42,2019,50.0,1.0,1.0,4.0,2271365,1.0,1,1,2,4.0,,0.0,0,1964.0,A01,138Â 198Â 669,1.0,-1.0,-1.0,1733691,3.0,7,,0.0,2.0,1.0,A01,138Â 198Â 669,0.0
1015638,201900057169,7,9,08:25,1,2,2,1.0,3.0,94046,REPUBLIQUE (AV DE LA),M,"48,8096301","2,4547034",94,2019,50.0,1.0,1.0,3.0,2271366,1.0,1,1,2,1.0,,-1.0,0,1980.0,A01,138Â 198Â 666,1.0,0.0,-1.0,1733692,1.0,7,,0.0,2.0,2.0,A01,138Â 198Â 666,1.0
1015638,201900057169,7,9,08:25,1,2,2,1.0,3.0,94046,REPUBLIQUE (AV DE LA),M,"48,8096301","2,4547034",94,2019,50.0,1.0,1.0,3.0,2271366,1.0,1,1,2,1.0,,-1.0,0,1980.0,A01,138Â 198Â 666,1.0,0.0,-1.0,1733693,1.0,1,,0.0,2.0,8.0,B01,138Â 198Â 667,5.0
1015638,201900057169,7,9,08:25,1,2,2,1.0,3.0,94046,REPUBLIQUE (AV DE LA),M,"48,8096301","2,4547034",94,2019,50.0,1.0,1.0,3.0,2271367,1.0,1,4,1,0.0,,-1.0,0,1955.0,B01,138Â 198Â 667,2.0,0.0,-1.0,1733692,1.0,7,,0.0,2.0,2.0,A01,138Â 198Â 666,1.0
1015638,201900057169,7,9,08:25,1,2,2,1.0,3.0,94046,REPUBLIQUE (AV DE LA),M,"48,8096301","2,4547034",94,2019,50.0,1.0,1.0,3.0,2271367,1.0,1,4,1,0.0,,-1.0,0,1955.0,B01,138Â 198Â 667,2.0,0.0,-1.0,1733693,1.0,1,,0.0,2.0,8.0,B01,138Â 198Â 667,5.0
1015639,201900057170,1,3,01:50,5,2,1,1.0,3.0,98715,"RDO, Pk 4.400, Puurai",M," -17,5829350"," -149,5658310",987,2019,90.0,1.0,1.0,2.0,2271368,1.0,1,1,1,5.0,,0.0,0,1995.0,B01,138Â 198Â 659,2.0,-1.0,-1.0,1733694,2.0,2,,0.0,2.0,2.0,B01,138Â 198Â 659,1.0
1015639,201900057170,1,3,01:50,5,2,1,1.0,3.0,98715,"RDO, Pk 4.400, Puurai",M," -17,5829350"," -149,5658310",987,2019,90.0,1.0,1.0,2.0,2271368,1.0,1,1,1,5.0,,0.0,0,1995.0,B01,138Â 198Â 659,2.0,-1.0,-1.0,1733695,2.0,2,,0.0,2.0,3.0,A01,138Â 198Â 661,1.0
1015639,201900057170,1,3,01:50,5,2,1,1.0,3.0,98715,"RDO, Pk 4.400, Puurai",M," -17,5829350"," -149,5658310",987,2019,90.0,1.0,1.0,2.0,2271369,1.0,1,2,1,5.0,,0.0,0,2001.0,A01,138Â 198Â 661,2.0,-1.0,-1.0,1733694,2.0,2,,0.0,2.0,2.0,B01,138Â 198Â 659,1.0
1015639,201900057170,1,3,01:50,5,2,1,1.0,3.0,98715,"RDO, Pk 4.400, Puurai",M," -17,5829350"," -149,5658310",987,2019,90.0,1.0,1.0,2.0,2271369,1.0,1,2,1,5.0,,0.0,0,2001.0,A01,138Â 198Â 661,2.0,-1.0,-1.0,1733695,2.0,2,,0.0,2.0,3.0,A01,138Â 198Â 661,1.0
1015640,201900057171,1,1,04:35,3,1,1,8.0,6.0,72363,A11,M,"48,1009120","0,5380830",72,2019,-1.0,2.0,1.0,1.0,2271370,8.0,2,4,2,5.0,,0.0,0,2007.0,A01,138Â 198Â 656,1.0,-1.0,-1.0,1733696,2.0,7,,3.0,0.0,1.0,A01,138Â 198Â 656,1.0
1015640,201900057171,1,1,04:35,3,1,1,8.0,6.0,72363,A11,M,"48,1009120","0,5380830",72,2019,-1.0,2.0,1.0,1.0,2271371,2.0,2,4,2,5.0,,0.0,0,1979.0,A01,138Â 198Â 656,1.0,-1.0,-1.0,1733696,2.0,7,,3.0,0.0,1.0,A01,138Â 198Â 656,1.0
1015640,201900057171,1,1,04:35,3,1,1,8.0,6.0,72363,A11,M,"48,1009120","0,5380830",72,2019,-1.0,2.0,1.0,1.0,2271372,7.0,2,4,2,5.0,,0.0,0,2005.0,A01,138Â 198Â 656,1.0,-1.0,-1.0,1733696,2.0,7,,3.0,0.0,1.0,A01,138Â 198Â 656,1.0
1015640,201900057171,1,1,04:35,3,1,1,8.0,6.0,72363,A11,M,"48,1009120","0,5380830",72,2019,-1.0,2.0,1.0,1.0,2271373,9.0,2,4,2,5.0,,0.0,0,2017.0,A01,138Â 198Â 656,1.0,3.0,-1.0,1733696,2.0,7,,3.0,0.0,1.0,A01,138Â 198Â 656,1.0
1015640,201900057171,1,1,04:35,3,1,1,8.0,6.0,72363,A11,M,"48,1009120","0,5380830",72,2019,-1.0,2.0,1.0,1.0,2271374,1.0,1,4,1,5.0,,0.0,0,1969.0,A01,138Â 198Â 656,1.0,-1.0,-1.0,1733696,2.0,7,,3.0,0.0,1.0,A01,138Â 198Â 656,1.0
1015641,201900057172,1,2,19:00,3,1,1,1.0,4.0,47285,A62,M,"44,4398430","0,1161440",47,2019,130.0,1.0,1.0,1.0,2271375,1.0,1,4,1,5.0,,0.0,0,1965.0,A01,138Â 198Â 653,1.0,-1.0,-1.0,1733697,2.0,7,,0.0,2.0,1.0,A01,138Â 198Â 653,1.0
1015641,201900057172,1,2,19:00,3,1,1,1.0,4.0,47285,A62,M,"44,4398430","0,1161440",47,2019,130.0,1.0,1.0,1.0,2271375,1.0,1,4,1,5.0,,0.0,0,1965.0,A01,138Â 198Â 653,1.0,-1.0,-1.0,1733698,2.0,7,,0.0,2.0,4.0,B01,138Â 198Â 654,1.0
1015641,201900057172,1,2,19:00,3,1,1,1.0,4.0,47285,A62,M,"44,4398430","0,1161440",47,2019,130.0,1.0,1.0,1.0,2271375,1.0,1,4,1,5.0,,0.0,0,1965.0,A01,138Â 198Â 653,1.0,-1.0,-1.0,1733699,2.0,7,,0.0,2.0,2.0,C01,138Â 198Â 655,1.0
1015641,201900057172,1,2,19:00,3,1,1,1.0,4.0,47285,A62,M,"44,4398430","0,1161440",47,2019,130.0,1.0,1.0,1.0,2271376,1.0,1,4,2,5.0,,0.0,0,1994.0,B01,138Â 198Â 654,1.0,-1.0,-1.0,1733697,2.0,7,,0.0,2.0,1.0,A01,138Â 198Â 653,1.0
1015641,201900057172,1,2,19:00,3,1,1,1.0,4.0,47285,A62,M,"44,4398430","0,1161440",47,2019,130.0,1.0,1.0,1.0,2271376,1.0,1,4,2,5.0,,0.0,0,1994.0,B01,138Â 198Â 654,1.0,-1.0,-1.0,1733698,2.0,7,,0.0,2.0,4.0,B01,138Â 198Â 654,1.0
1015641,201900057172,1,2,19:00,3,1,1,1.0,4.0,47285,A62,M,"44,4398430","0,1161440",47,2019,130.0,1.0,1.0,1.0,2271376,1.0,1,4,2,5.0,,0.0,0,1994.0,B01,138Â 198Â 654,1.0,-1.0,-1.0,1733699,2.0,7,,0.0,2.0,2.0,C01,138Â 198Â 655,1.0
1015641,201900057172,1,2,19:00,3,1,1,1.0,4.0,47285,A62,M,"44,4398430","0,1161440",47,2019,130.0,1.0,1.0,1.0,2271377,1.0,1,1,1,5.0,,0.0,0,1980.0,C01,138Â 198Â 655,1.0,-1.0,-1.0,1733697,2.0,7,,0.0,2.0,1.0,A01,138Â 198Â 653,1.0
1015641,201900057172,1,2,19:00,3,1,1,1.0,4.0,47285,A62,M,"44,4398430","0,1161440",47,2019,130.0,1.0,1.0,1.0,2271377,1.0,1,1,1,5.0,,0.0,0,1980.0,C01,138Â 198Â 655,1.0,-1.0,-1.0,1733698,2.0,7,,0.0,2.0,4.0,B01,138Â 198Â 654,1.0
1015641,201900057172,1,2,19:00,3,1,1,1.0,4.0,47285,A62,M,"44,4398430","0,1161440",47,2019,130.0,1.0,1.0,1.0,2271377,1.0,1,1,1,5.0,,0.0,0,1980.0,C01,138Â 198Â 655,1.0,-1.0,-1.0,1733699,2.0,7,,0.0,2.0,2.0,C01,138Â 198Â 655,1.0
1015642,201900057173,7,10,09:30,1,2,1,1.0,4.0,94028,VERDUN.(AVENUE DE),M,"48,7969200","2,4638700",94,2019,50.0,1.0,1.0,3.0,2271378,1.0,1,1,2,5.0,,-1.0,0,1952.0,C01,138Â 198Â 657,1.0,0.0,-1.0,1733700,2.0,7,,0.0,2.0,3.0,C01,138Â 198Â 657,1.0
1015642,201900057173,7,10,09:30,1,2,1,1.0,4.0,94028,VERDUN.(AVENUE DE),M,"48,7969200","2,4638700",94,2019,50.0,1.0,1.0,3.0,2271378,1.0,1,1,2,5.0,,-1.0,0,1952.0,C01,138Â 198Â 657,1.0,0.0,-1.0,1733701,1.0,7,,0.0,2.0,8.0,B01,138Â 198Â 658,1.0
1015642,201900057173,7,10,09:30,1,2,1,1.0,4.0,94028,VERDUN.(AVENUE DE),M,"48,7969200","2,4638700",94,2019,50.0,1.0,1.0,3.0,2271378,1.0,1,1,2,5.0,,-1.0,0,1952.0,C01,138Â 198Â 657,1.0,0.0,-1.0,1733702,1.0,13,,0.0,2.0,2.0,A01,138Â 198Â 660,1.0
1015642,201900057173,7,10,09:30,1,2,1,1.0,4.0,94028,VERDUN.(AVENUE DE),M,"48,7969200","2,4638700",94,2019,50.0,1.0,1.0,3.0,2271379,2.0,2,4,1,0.0,,-1.0,0,2016.0,B01,138Â 198Â 658,1.0,8.0,-1.0,1733700,2.0,7,,0.0,2.0,3.0,C01,138Â 198Â 657,1.0
1015642,201900057173,7,10,09:30,1,2,1,1.0,4.0,94028,VERDUN.(AVENUE DE),M,"48,7969200","2,4638700",94,2019,50.0,1.0,1.0,3.0,2271379,2.0,2,4,1,0.0,,-1.0,0,2016.0,B01,138Â 198Â 658,1.0,8.0,-1.0,1733701,1.0,7,,0.0,2.0,8.0,B01,138Â 198Â 658,1.0
1015642,201900057173,7,10,09:30,1,2,1,1.0,4.0,94028,VERDUN.(AVENUE DE),M,"48,7969200","2,4638700",94,2019,50.0,1.0,1.0,3.0,2271379,2.0,2,4,1,0.0,,-1.0,0,2016.0,B01,138Â 198Â 658,1.0,8.0,-1.0,1733702,1.0,13,,0.0,2.0,2.0,A01,138Â 198Â 660,1.0
1015642,201900057173,7,10,09:30,1,2,1,1.0,4.0,94028,VERDUN.(AVENUE DE),M,"48,7969200","2,4638700",94,2019,50.0,1.0,1.0,3.0,2271380,1.0,1,4,2,5.0,,-1.0, -1,1980.0,B01,138Â 198Â 658,1.0,0.0,-1.0,1733700,2.0,7,,0.0,2.0,3.0,C01,138Â 198Â 657,1.0
1015642,201900057173,7,10,09:30,1,2,1,1.0,4.0,94028,VERDUN.(AVENUE DE),M,"48,7969200","2,4638700",94,2019,50.0,1.0,1.0,3.0,2271380,1.0,1,4,2,5.0,,-1.0, -1,1980.0,B01,138Â 198Â 658,1.0,0.0,-1.0,1733701,1.0,7,,0.0,2.0,8.0,B01,138Â 198Â 658,1.0
1015642,201900057173,7,10,09:30,1,2,1,1.0,4.0,94028,VERDUN.(AVENUE DE),M,"48,7969200","2,4638700",94,2019,50.0,1.0,1.0,3.0,2271380,1.0,1,4,2,5.0,,-1.0, -1,1980.0,B01,138Â 198Â 658,1.0,0.0,-1.0,1733702,1.0,13,,0.0,2.0,2.0,A01,138Â 198Â 660,1.0
1015642,201900057173,7,10,09:30,1,2,1,1.0,4.0,94028,VERDUN.(AVENUE DE),M,"48,7969200","2,4638700",94,2019,50.0,1.0,1.0,3.0,2271381,1.0,1,1,1,4.0,,-1.0, -1,1991.0,A01,138Â 198Â 660,1.0,0.0,-1.0,1733700,2.0,7,,0.0,2.0,3.0,C01,138Â 198Â 657,1.0
1015642,201900057173,7,10,09:30,1,2,1,1.0,4.0,94028,VERDUN.(AVENUE DE),M,"48,7969200","2,4638700",94,2019,50.0,1.0,1.0,3.0,2271381,1.0,1,1,1,4.0,,-1.0, -1,1991.0,A01,138Â 198Â 660,1.0,0.0,-1.0,1733701,1.0,7,,0.0,2.0,8.0,B01,138Â 198Â 658,1.0
1015642,201900057173,7,10,09:30,1,2,1,1.0,4.0,94028,VERDUN.(AVENUE DE),M,"48,7969200","2,4638700",94,2019,50.0,1.0,1.0,3.0,2271381,1.0,1,1,1,4.0,,-1.0, -1,1991.0,A01,138Â 198Â 660,1.0,0.0,-1.0,1733702,1.0,13,,0.0,2.0,2.0,A01,138Â 198Â 660,1.0
1015643,201900057174,1,3,05:40,3,1,1,1.0,2.0,90076,A36 PK 31.400,M,"47,6436380","6,8998880",90,2019,110.0,1.0,1.0,1.0,2271382,1.0,1,1,1,4.0,,0.0,0,1972.0,B01,138Â 198Â 651,1.0,-1.0,-1.0,1733703,1.0,15,,0.0,0.0,4.0,B01,138Â 198Â 651,1.0
1015643,201900057174,1,3,05:40,3,1,1,1.0,2.0,90076,A36 PK 31.400,M,"47,6436380","6,8998880",90,2019,110.0,1.0,1.0,1.0,2271382,1.0,1,1,1,4.0,,0.0,0,1972.0,B01,138Â 198Â 651,1.0,-1.0,-1.0,1733704,1.0,7,,0.0,2.0,1.0,A01,138Â 198Â 652,1.0
1015643,201900057174,1,3,05:40,3,1,1,1.0,2.0,90076,A36 PK 31.400,M,"47,6436380","6,8998880",90,2019,110.0,1.0,1.0,1.0,2271383,2.0,2,3,2,0.0,,0.0,0,1965.0,A01,138Â 198Â 652,1.0,-1.0,-1.0,1733703,1.0,15,,0.0,0.0,4.0,B01,138Â 198Â 651,1.0
1015643,201900057174,1,3,05:40,3,1,1,1.0,2.0,90076,A36 PK 31.400,M,"47,6436380","6,8998880",90,2019,110.0,1.0,1.0,1.0,2271383,2.0,2,3,2,0.0,,0.0,0,1965.0,A01,138Â 198Â 652,1.0,-1.0,-1.0,1733704,1.0,7,,0.0,2.0,1.0,A01,138Â 198Â 652,1.0
1015643,201900057174,1,3,05:40,3,1,1,1.0,2.0,90076,A36 PK 31.400,M,"47,6436380","6,8998880",90,2019,110.0,1.0,1.0,1.0,2271384,1.0,1,3,1,0.0,,0.0,0,1986.0,A01,138Â 198Â 652,1.0,-1.0,-1.0,1733703,1.0,15,,0.0,0.0,4.0,B01,138Â 198Â 651,1.0
1015643,201900057174,1,3,05:40,3,1,1,1.0,2.0,90076,A36 PK 31.400,M,"47,6436380","6,8998880",90,2019,110.0,1.0,1.0,1.0,2271384,1.0,1,3,1,0.0,,0.0,0,1986.0,A01,138Â 198Â 652,1.0,-1.0,-1.0,1733704,1.0,7,,0.0,2.0,1.0,A01,138Â 198Â 652,1.0
1015644,201900057175,7,9,12:00,1,2,1,1.0,2.0,94028,PARIS.(RUE DE),M,"48,7930000","2,4600000",94,2019,50.0,1.0,1.0,3.0,2271385,1.0,1,1,1,4.0,,-1.0,0,1983.0,A01,138Â 198Â 649,1.0,0.0,-1.0,1733705,2.0,10,,0.0,2.0,1.0,A01,138Â 198Â 649,1.0
1015644,201900057175,7,9,12:00,1,2,1,1.0,2.0,94028,PARIS.(RUE DE),M,"48,7930000","2,4600000",94,2019,50.0,1.0,1.0,3.0,2271385,1.0,1,1,1,4.0,,-1.0,0,1983.0,A01,138Â 198Â 649,1.0,0.0,-1.0,1733706,2.0,7,,0.0,2.0,4.0,B01,138Â 198Â 650,1.0
1015644,201900057175,7,9,12:00,1,2,1,1.0,2.0,94028,PARIS.(RUE DE),M,"48,7930000","2,4600000",94,2019,50.0,1.0,1.0,3.0,2271386,2.0,2,4,2,5.0,,-1.0,0,1958.0,B01,138Â 198Â 650,1.0,0.0,-1.0,1733705,2.0,10,,0.0,2.0,1.0,A01,138Â 198Â 649,1.0
1015644,201900057175,7,9,12:00,1,2,1,1.0,2.0,94028,PARIS.(RUE DE),M,"48,7930000","2,4600000",94,2019,50.0,1.0,1.0,3.0,2271386,2.0,2,4,2,5.0,,-1.0,0,1958.0,B01,138Â 198Â 650,1.0,0.0,-1.0,1733706,2.0,7,,0.0,2.0,4.0,B01,138Â 198Â 650,1.0
1015644,201900057175,7,9,12:00,1,2,1,1.0,2.0,94028,PARIS.(RUE DE),M,"48,7930000","2,4600000",94,2019,50.0,1.0,1.0,3.0,2271387,1.0,1,1,1,5.0,,-1.0,0,1983.0,B01,138Â 198Â 650,1.0,0.0,-1.0,1733705,2.0,10,,0.0,2.0,1.0,A01,138Â 198Â 649,1.0
1015644,201900057175,7,9,12:00,1,2,1,1.0,2.0,94028,PARIS.(RUE DE),M,"48,7930000","2,4600000",94,2019,50.0,1.0,1.0,3.0,2271387,1.0,1,1,1,5.0,,-1.0,0,1983.0,B01,138Â 198Â 650,1.0,0.0,-1.0,1733706,2.0,7,,0.0,2.0,4.0,B01,138Â 198Â 650,1.0
1015645,201900057176,7,8,13:15,1,2,1,1.0,3.0,94028,Duvauchelle (rue Dominique),M,"48,7682000","2,4565493",94,2019,50.0,1.0,1.0,4.0,2271388,1.0,1,1,1,0.0,,-1.0, -1,1950.0,A01,138Â 198Â 647,1.0,0.0,-1.0,1733707,1.0,7,,0.0,2.0,3.0,A01,138Â 198Â 647,1.0
1015645,201900057176,7,8,13:15,1,2,1,1.0,3.0,94028,Duvauchelle (rue Dominique),M,"48,7682000","2,4565493",94,2019,50.0,1.0,1.0,4.0,2271388,1.0,1,1,1,0.0,,-1.0, -1,1950.0,A01,138Â 198Â 647,1.0,0.0,-1.0,1733708,3.0,10,,0.0,2.0,7.0,B01,138Â 198Â 648,1.0
1015645,201900057176,7,8,13:15,1,2,1,1.0,3.0,94028,Duvauchelle (rue Dominique),M,"48,7682000","2,4565493",94,2019,50.0,1.0,1.0,4.0,2271389,1.0,1,4,2,5.0,,-1.0,0,1993.0,B01,138Â 198Â 648,1.0,0.0,-1.0,1733707,1.0,7,,0.0,2.0,3.0,A01,138Â 198Â 647,1.0
1015645,201900057176,7,8,13:15,1,2,1,1.0,3.0,94028,Duvauchelle (rue Dominique),M,"48,7682000","2,4565493",94,2019,50.0,1.0,1.0,4.0,2271389,1.0,1,4,2,5.0,,-1.0,0,1993.0,B01,138Â 198Â 648,1.0,0.0,-1.0,1733708,3.0,10,,0.0,2.0,7.0,B01,138Â 198Â 648,1.0
1015646,201900057177,1,3,18:48,3,1,2,1.0,3.0,49259,RD106 - RD54,M,"47,3364840"," -0,6511880",49,2019,80.0,1.0,1.0,3.0,2271390,1.0,1,1,1,4.0,,0.0,0,1982.0,B01,138Â 198Â 645,1.0,-1.0,-1.0,1733709,3.0,14,,0.0,2.0,1.0,B01,138Â 198Â 645,1.0
1015646,201900057177,1,3,18:48,3,1,2,1.0,3.0,49259,RD106 - RD54,M,"47,3364840"," -0,6511880",49,2019,80.0,1.0,1.0,3.0,2271390,1.0,1,1,1,4.0,,0.0,0,1982.0,B01,138Â 198Â 645,1.0,-1.0,-1.0,1733710,0.0,7,,0.0,2.0,7.0,A01,138Â 198Â 646,0.0
1015646,201900057177,1,3,18:48,3,1,2,1.0,3.0,49259,RD106 - RD54,M,"47,3364840"," -0,6511880",49,2019,80.0,1.0,1.0,3.0,2271391,1.0,1,3,1,5.0,,0.0,0,1946.0,A01,138Â 198Â 646,1.0,-1.0,-1.0,1733709,3.0,14,,0.0,2.0,1.0,B01,138Â 198Â 645,1.0
1015646,201900057177,1,3,18:48,3,1,2,1.0,3.0,49259,RD106 - RD54,M,"47,3364840"," -0,6511880",49,2019,80.0,1.0,1.0,3.0,2271391,1.0,1,3,1,5.0,,0.0,0,1946.0,A01,138Â 198Â 646,1.0,-1.0,-1.0,1733710,0.0,7,,0.0,2.0,7.0,A01,138Â 198Â 646,0.0
1015646,201900057177,1,3,18:48,3,1,2,1.0,3.0,49259,RD106 - RD54,M,"47,3364840"," -0,6511880",49,2019,80.0,1.0,1.0,3.0,2271392,2.0,2,2,2,5.0,,0.0,0,1954.0,A01,138Â 198Â 646,1.0,-1.0,-1.0,1733709,3.0,14,,0.0,2.0,1.0,B01,138Â 198Â 645,1.0
1015646,201900057177,1,3,18:48,3,1,2,1.0,3.0,49259,RD106 - RD54,M,"47,3364840"," -0,6511880",49,2019,80.0,1.0,1.0,3.0,2271392,2.0,2,2,2,5.0,,0.0,0,1954.0,A01,138Â 198Â 646,1.0,-1.0,-1.0,1733710,0.0,7,,0.0,2.0,7.0,A01,138Â 198Â 646,0.0
1015647,201900057178,7,10,08:30,1,2,1,1.0,3.0,94018,CARRIERES (QU DES),M,"48,8197600","2,4055900",94,2019,50.0,1.0,1.0,3.0,2271393,1.0,1,4,1,1.0,,-1.0, -1,1973.0,B01,138Â 198Â 643,2.0,6.0,-1.0,1733711,1.0,34,,0.0,2.0,1.0,B01,138Â 198Â 643,1.0
1015647,201900057178,7,10,08:30,1,2,1,1.0,3.0,94018,CARRIERES (QU DES),M,"48,8197600","2,4055900",94,2019,50.0,1.0,1.0,3.0,2271393,1.0,1,4,1,1.0,,-1.0, -1,1973.0,B01,138Â 198Â 643,2.0,6.0,-1.0,1733712,2.0,7,,0.0,2.0,3.0,A01,138Â 198Â 644,1.0
1015647,201900057178,7,10,08:30,1,2,1,1.0,3.0,94018,CARRIERES (QU DES),M,"48,8197600","2,4055900",94,2019,50.0,1.0,1.0,3.0,2271394,1.0,1,1,2,1.0,,-1.0, -1,1990.0,A01,138Â 198Â 644,1.0,8.0,-1.0,1733711,1.0,34,,0.0,2.0,1.0,B01,138Â 198Â 643,1.0
1015647,201900057178,7,10,08:30,1,2,1,1.0,3.0,94018,CARRIERES (QU DES),M,"48,8197600","2,4055900",94,2019,50.0,1.0,1.0,3.0,2271394,1.0,1,1,2,1.0,,-1.0, -1,1990.0,A01,138Â 198Â 644,1.0,8.0,-1.0,1733712,2.0,7,,0.0,2.0,3.0,A01,138Â 198Â 644,1.0
1015648,201900057179,7,10,17:00,1,2,1,1.0,3.0,93055,GENERAL LECLERC(AVE DU)89/FIN ET 122/FIN,M,"48,8995700","2,4091000",93,2019,50.0,1.0,1.0,3.0,2271395,1.0,1,1,1,1.0,,-1.0, -1,1986.0,A01,138Â 198Â 641,1.0,0.0,-1.0,1733713,3.0,7,,0.0,2.0,0.0,A01,138Â 198Â 641,1.0
1015648,201900057179,7,10,17:00,1,2,1,1.0,3.0,93055,GENERAL LECLERC(AVE DU)89/FIN ET 122/FIN,M,"48,8995700","2,4091000",93,2019,50.0,1.0,1.0,3.0,2271395,1.0,1,1,1,1.0,,-1.0, -1,1986.0,A01,138Â 198Â 641,1.0,0.0,-1.0,1733714,3.0,3,,0.0,2.0,1.0,B01,138Â 198Â 642,1.0
1015648,201900057179,7,10,17:00,1,2,1,1.0,3.0,93055,GENERAL LECLERC(AVE DU)89/FIN ET 122/FIN,M,"48,8995700","2,4091000",93,2019,50.0,1.0,1.0,3.0,2271396,1.0,1,4,1,4.0,,-1.0, -1,1986.0,B01,138Â 198Â 642,8.0,0.0,-1.0,1733713,3.0,7,,0.0,2.0,0.0,A01,138Â 198Â 641,1.0
1015648,201900057179,7,10,17:00,1,2,1,1.0,3.0,93055,GENERAL LECLERC(AVE DU)89/FIN ET 122/FIN,M,"48,8995700","2,4091000",93,2019,50.0,1.0,1.0,3.0,2271396,1.0,1,4,1,4.0,,-1.0, -1,1986.0,B01,138Â 198Â 642,8.0,0.0,-1.0,1733714,3.0,3,,0.0,2.0,1.0,B01,138Â 198Â 642,1.0
1015649,201900057180,7,10,18:45,1,2,6,1.0,3.0,93051,PAVE NEUF (AVENUE),M,"48,8378600","2,5616500",93,2019,50.0,1.0,1.0,3.0,2271397,1.0,1,1,1,1.0,,-1.0, -1,1964.0,A01,138Â 198Â 638,1.0,0.0,-1.0,1733715,1.0,7,,0.0,2.0,3.0,A01,138Â 198Â 638,0.0
1015649,201900057180,7,10,18:45,1,2,6,1.0,3.0,93051,PAVE NEUF (AVENUE),M,"48,8378600","2,5616500",93,2019,50.0,1.0,1.0,3.0,2271397,1.0,1,1,1,1.0,,-1.0, -1,1964.0,A01,138Â 198Â 638,1.0,0.0,-1.0,1733716,3.0,7,,0.0,2.0,2.0,B01,138Â 198Â 639,1.0
1015649,201900057180,7,10,18:45,1,2,6,1.0,3.0,93051,PAVE NEUF (AVENUE),M,"48,8378600","2,5616500",93,2019,50.0,1.0,1.0,3.0,2271398,3.0,2,4,1,5.0,,-1.0, -1,2013.0,B01,138Â 198Â 639,1.0,0.0,-1.0,1733715,1.0,7,,0.0,2.0,3.0,A01,138Â 198Â 638,0.0
1015649,201900057180,7,10,18:45,1,2,6,1.0,3.0,93051,PAVE NEUF (AVENUE),M,"48,8378600","2,5616500",93,2019,50.0,1.0,1.0,3.0,2271398,3.0,2,4,1,5.0,,-1.0, -1,2013.0,B01,138Â 198Â 639,1.0,0.0,-1.0,1733716,3.0,7,,0.0,2.0,2.0,B01,138Â 198Â 639,1.0