Unnamed: 0_x,num_acc,mois,jour,hrmn,lum,agg,int,atm,col,com,adr,gps,lat,long,dep,annee,vma,situ,surf,catr,Unnamed: 0_y,place,catu,grav,sexe,trajet,secu,locp,actp,an_nais,num_veh_x,id_vehicule_x,secu1,secu2,secu3,Unnamed: 0,senc,catv,occutc,obs,obsm,choc,num_veh_y,id_vehicule_y,motor
1015649,201900057180,7,10,18:45,1,2,6,1.0,3.0,93051,PAVE NEUF (AVENUE),M,"48,8378600","2,5616500",93,2019,50.0,1.0,1.0,3.0,2271399,1.0,1,1,1,5.0,,-1.0, -1,1981.0,B01,138Â 198Â 639,1.0,0.0,-1.0,1733715,1.0,7,,0.0,2.0,3.0,A01,138Â 198Â 638,0.0
1015649,201900057180,7,10,18:45,1,2,6,1.0,3.0,93051,PAVE NEUF (AVENUE),M,"48,8378600","2,5616500",93,2019,50.0,1.0,1.0,3.0,2271399,1.0,1,1,1,5.0,,-1.0, -1,1981.0,B01,138Â 198Â 639,1.0,0.0,-1.0,1733716,3.0,7,,0.0,2.0,2.0,B01,138Â 198Â 639,1.0
1015650,201900057181,7,10,09:55,1,2,2,1.0,6.0,93050,VERDUN (AVENUE) COTE IMPAIR,M,"48,8606300","2,5367300",93,2019,50.0,1.0,1.0,4.0,2271400,10.0,3,4,2,5.0,,2.0,3,1970.0,A01,138Â 198Â 637,8.0,0.0,-1.0,1733717,2.0,7,,0.0,1.0,2.0,A01,138Â 198Â 637,1.0
1015650,201900057181,7,10,09:55,1,2,2,1.0,6.0,93050,VERDUN (AVENUE) COTE IMPAIR,M,"48,8606300","2,5367300",93,2019,50.0,1.0,1.0,4.0,2271401,1.0,1,1,1,4.0,,0.0,0,1994.0,A01,138Â 198Â 637,1.0,8.0,-1.0,1733717,2.0,7,,0.0,1.0,2.0,A01,138Â 198Â 637,1.0
1015651,201900057182,9,23,14:30,1,2,9,1.0,2.0,77385,D222,M,"48,8471282","3,2288639",77,2019,50.0,1.0,1.0,3.0,2271402,1.0,1,3,1,5.0,,0.0,0,1999.0,B01,138Â 198Â 633,2.0,4.0,6.0,1733718,1.0,33,,8.0,2.0,1.0,B01,138Â 198Â 633,1.0
1015651,201900057182,9,23,14:30,1,2,9,1.0,2.0,77385,D222,M,"48,8471282","3,2288639",77,2019,50.0,1.0,1.0,3.0,2271402,1.0,1,3,1,5.0,,0.0,0,1999.0,B01,138Â 198Â 633,2.0,4.0,6.0,1733719,2.0,7,,0.0,2.0,5.0,A01,138Â 198Â 636,1.0
1015651,201900057182,9,23,14:30,1,2,9,1.0,2.0,77385,D222,M,"48,8471282","3,2288639",77,2019,50.0,1.0,1.0,3.0,2271403,2.0,2,4,1,5.0,,0.0,0,1999.0,A01,138Â 198Â 636,1.0,-1.0,-1.0,1733718,1.0,33,,8.0,2.0,1.0,B01,138Â 198Â 633,1.0
1015651,201900057182,9,23,14:30,1,2,9,1.0,2.0,77385,D222,M,"48,8471282","3,2288639",77,2019,50.0,1.0,1.0,3.0,2271403,2.0,2,4,1,5.0,,0.0,0,1999.0,A01,138Â 198Â 636,1.0,-1.0,-1.0,1733719,2.0,7,,0.0,2.0,5.0,A01,138Â 198Â 636,1.0
1015651,201900057182,9,23,14:30,1,2,9,1.0,2.0,77385,D222,M,"48,8471282","3,2288639",77,2019,50.0,1.0,1.0,3.0,2271404,1.0,1,1,1,0.0,,0.0,0,1997.0,A01,138Â 198Â 636,1.0,-1.0,-1.0,1733718,1.0,33,,8.0,2.0,1.0,B01,138Â 198Â 633,1.0
1015651,201900057182,9,23,14:30,1,2,9,1.0,2.0,77385,D222,M,"48,8471282","3,2288639",77,2019,50.0,1.0,1.0,3.0,2271404,1.0,1,1,1,0.0,,0.0,0,1997.0,A01,138Â 198Â 636,1.0,-1.0,-1.0,1733719,2.0,7,,0.0,2.0,5.0,A01,138Â 198Â 636,1.0
1015652,201900057183,7,10,09:28,1,2,1,1.0,5.0,93050,HIPPOLYTE PINA (RUE),M,"48,8736180","2,5504550",93,2019,50.0,1.0,1.0,3.0,2271405,1.0,1,1,1,9.0,,-1.0, -1,1974.0,D01,138Â 198Â 631,1.0,8.0,-1.0,1733720,3.0,7,,0.0,2.0,4.0,D01,138Â 198Â 631,1.0
1015652,201900057183,7,10,09:28,1,2,1,1.0,5.0,93050,HIPPOLYTE PINA (RUE),M,"48,8736180","2,5504550",93,2019,50.0,1.0,1.0,3.0,2271405,1.0,1,1,1,9.0,,-1.0, -1,1974.0,D01,138Â 198Â 631,1.0,8.0,-1.0,1733721,3.0,7,,0.0,2.0,4.0,C01,138Â 198Â 632,1.0
1015652,201900057183,7,10,09:28,1,2,1,1.0,5.0,93050,HIPPOLYTE PINA (RUE),M,"48,8736180","2,5504550",93,2019,50.0,1.0,1.0,3.0,2271405,1.0,1,1,1,9.0,,-1.0, -1,1974.0,D01,138Â 198Â 631,1.0,8.0,-1.0,1733722,3.0,7,,0.0,2.0,6.0,B01,138Â 198Â 634,1.0
1015652,201900057183,7,10,09:28,1,2,1,1.0,5.0,93050,HIPPOLYTE PINA (RUE),M,"48,8736180","2,5504550",93,2019,50.0,1.0,1.0,3.0,2271405,1.0,1,1,1,9.0,,-1.0, -1,1974.0,D01,138Â 198Â 631,1.0,8.0,-1.0,1733723,3.0,7,,0.0,2.0,2.0,A01,138Â 198Â 635,1.0
1015652,201900057183,7,10,09:28,1,2,1,1.0,5.0,93050,HIPPOLYTE PINA (RUE),M,"48,8736180","2,5504550",93,2019,50.0,1.0,1.0,3.0,2271406,1.0,1,4,2,9.0,,-1.0, -1,1963.0,C01,138Â 198Â 632,1.0,8.0,-1.0,1733720,3.0,7,,0.0,2.0,4.0,D01,138Â 198Â 631,1.0
1015652,201900057183,7,10,09:28,1,2,1,1.0,5.0,93050,HIPPOLYTE PINA (RUE),M,"48,8736180","2,5504550",93,2019,50.0,1.0,1.0,3.0,2271406,1.0,1,4,2,9.0,,-1.0, -1,1963.0,C01,138Â 198Â 632,1.0,8.0,-1.0,1733721,3.0,7,,0.0,2.0,4.0,C01,138Â 198Â 632,1.0
1015652,201900057183,7,10,09:28,1,2,1,1.0,5.0,93050,HIPPOLYTE PINA (RUE),M,"48,8736180","2,5504550",93,2019,50.0,1.0,1.0,3.0,2271406,1.0,1,4,2,9.0,,-1.0, -1,1963.0,C01,138Â 198Â 632,1.0,8.0,-1.0,1733722,3.0,7,,0.0,2.0,6.0,B01,138Â 198Â 634,1.0
1015652,201900057183,7,10,09:28,1,2,1,1.0,5.0,93050,HIPPOLYTE PINA (RUE),M,"48,8736180","2,5504550",93,2019,50.0,1.0,1.0,3.0,2271406,1.0,1,4,2,9.0,,-1.0, -1,1963.0,C01,138Â 198Â 632,1.0,8.0,-1.0,1733723,3.0,7,,0.0,2.0,2.0,A01,138Â 198Â 635,1.0
1015652,201900057183,7,10,09:28,1,2,1,1.0,5.0,93050,HIPPOLYTE PINA (RUE),M,"48,8736180","2,5504550",93,2019,50.0,1.0,1.0,3.0,2271407,1.0,1,1,1,9.0,,-1.0, -1,1977.0,B01,138Â 198Â 634,1.0,8.0,-1.0,1733720,3.0,7,,0.0,2.0,4.0,D01,138Â 198Â 631,1.0
1015652,201900057183,7,10,09:28,1,2,1,1.0,5.0,93050,HIPPOLYTE PINA (RUE),M,"48,8736180","2,5504550",93,2019,50.0,1.0,1.0,3.0,2271407,1.0,1,1,1,9.0,,-1.0, -1,1977.0,B01,138Â 198Â 634,1.0,8.0,-1.0,1733721,3.0,7,,0.0,2.0,4.0,C01,138Â 198Â 632,1.0
1015652,201900057183,7,10,09:28,1,2,1,1.0,5.0,93050,HIPPOLYTE PINA (RUE),M,"48,8736180","2,5504550",93,2019,50.0,1.0,1.0,3.0,2271407,1.0,1,1,1,9.0,,-1.0, -1,1977.0,B01,138Â 198Â 634,1.0,8.0,-1.0,1733722,3.0,7,,0.0,2.0,6.0,B01,138Â 198Â 634,1.0
1015652,201900057183,7,10,09:28,1,2,1,1.0,5.0,93050,HIPPOLYTE PINA (RUE),M,"48,8736180","2,5504550",93,2019,50.0,1.0,1.0,3.0,2271407,1.0,1,1,1,9.0,,-1.0, -1,1977.0,B01,138Â 198Â 634,1.0,8.0,-1.0,1733723,3.0,7,,0.0,2.0,2.0,A01,138Â 198Â 635,1.0
1015652,201900057183,7,10,09:28,1,2,1,1.0,5.0,93050,HIPPOLYTE PINA (RUE),M,"48,8736180","2,5504550",93,2019,50.0,1.0,1.0,3.0,2271408,1.0,1,1,1,1.0,,-1.0, -1,2000.0,A01,138Â 198Â 635,1.0,8.0,-1.0,1733720,3.0,7,,0.0,2.0,4.0,D01,138Â 198Â 631,1.0
1015652,201900057183,7,10,09:28,1,2,1,1.0,5.0,93050,HIPPOLYTE PINA (RUE),M,"48,8736180","2,5504550",93,2019,50.0,1.0,1.0,3.0,2271408,1.0,1,1,1,1.0,,-1.0, -1,2000.0,A01,138Â 198Â 635,1.0,8.0,-1.0,1733721,3.0,7,,0.0,2.0,4.0,C01,138Â 198Â 632,1.0
1015652,201900057183,7,10,09:28,1,2,1,1.0,5.0,93050,HIPPOLYTE PINA (RUE),M,"48,8736180","2,5504550",93,2019,50.0,1.0,1.0,3.0,2271408,1.0,1,1,1,1.0,,-1.0, -1,2000.0,A01,138Â 198Â 635,1.0,8.0,-1.0,1733722,3.0,7,,0.0,2.0,6.0,B01,138Â 198Â 634,1.0
1015652,201900057183,7,10,09:28,1,2,1,1.0,5.0,93050,HIPPOLYTE PINA (RUE),M,"48,8736180","2,5504550",93,2019,50.0,1.0,1.0,3.0,2271408,1.0,1,1,1,1.0,,-1.0, -1,2000.0,A01,138Â 198Â 635,1.0,8.0,-1.0,1733723,3.0,7,,0.0,2.0,2.0,A01,138Â 198Â 635,1.0
1015653,201900057184,9,22,14:25,1,1,1,1.0,2.0,35003,Surgon,M,"48,3064150"," -1,6000140",35,2019,-1.0,1.0,1.0,4.0,2271409,1.0,1,4,1,5.0,,0.0,0,1974.0,A01,138Â 198Â 629,2.0,6.0,-1.0,1733724,3.0,33,,0.0,2.0,3.0,A01,138Â 198Â 629,1.0
1015653,201900057184,9,22,14:25,1,1,1,1.0,2.0,35003,Surgon,M,"48,3064150"," -1,6000140",35,2019,-1.0,1.0,1.0,4.0,2271409,1.0,1,4,1,5.0,,0.0,0,1974.0,A01,138Â 198Â 629,2.0,6.0,-1.0,1733725,3.0,33,,0.0,2.0,5.0,B01,138Â 198Â 630,1.0
1015653,201900057184,9,22,14:25,1,1,1,1.0,2.0,35003,Surgon,M,"48,3064150"," -1,6000140",35,2019,-1.0,1.0,1.0,4.0,2271410,2.0,2,4,2,5.0,,0.0,0,1985.0,A01,138Â 198Â 629,2.0,6.0,-1.0,1733724,3.0,33,,0.0,2.0,3.0,A01,138Â 198Â 629,1.0
1015653,201900057184,9,22,14:25,1,1,1,1.0,2.0,35003,Surgon,M,"48,3064150"," -1,6000140",35,2019,-1.0,1.0,1.0,4.0,2271410,2.0,2,4,2,5.0,,0.0,0,1985.0,A01,138Â 198Â 629,2.0,6.0,-1.0,1733725,3.0,33,,0.0,2.0,5.0,B01,138Â 198Â 630,1.0
1015653,201900057184,9,22,14:25,1,1,1,1.0,2.0,35003,Surgon,M,"48,3064150"," -1,6000140",35,2019,-1.0,1.0,1.0,4.0,2271411,1.0,1,4,2,5.0,,0.0,0,1971.0,B01,138Â 198Â 630,2.0,6.0,-1.0,1733724,3.0,33,,0.0,2.0,3.0,A01,138Â 198Â 629,1.0
1015653,201900057184,9,22,14:25,1,1,1,1.0,2.0,35003,Surgon,M,"48,3064150"," -1,6000140",35,2019,-1.0,1.0,1.0,4.0,2271411,1.0,1,4,2,5.0,,0.0,0,1971.0,B01,138Â 198Â 630,2.0,6.0,-1.0,1733725,3.0,33,,0.0,2.0,5.0,B01,138Â 198Â 630,1.0
1015654,201900057185,7,10,10:00,1,2,1,1.0,6.0,93029,HENRI BARBUSSE (AVE) NÂ°126-280,M,"48,9243300","2,4549500",93,2019,50.0,1.0,1.0,3.0,2271412,10.0,3,4,2,9.0,,3.0,3,1953.0,A01,138Â 198Â 628,8.0,0.0,-1.0,1733726,1.0,7,,0.0,1.0,1.0,A01,138Â 198Â 628,1.0
1015654,201900057185,7,10,10:00,1,2,1,1.0,6.0,93029,HENRI BARBUSSE (AVE) NÂ°126-280,M,"48,9243300","2,4549500",93,2019,50.0,1.0,1.0,3.0,2271413,1.0,1,1,1,0.0,,-1.0, -1,1975.0,A01,138Â 198Â 628,1.0,8.0,-1.0,1733726,1.0,7,,0.0,1.0,1.0,A01,138Â 198Â 628,1.0
1015655,201900057186,7,10,15:30,1,2,1,1.0,3.0,92050,PONS NOEL RUE,M,"48,9057580","2,2230150",92,2019,50.0,1.0,1.0,4.0,2271414,1.0,1,1,1,4.0,,0.0,0,1987.0,Z01,138Â 198Â 625,1.0,8.0,-1.0,1733727,3.0,7,,0.0,6.0,7.0,Z01,138Â 198Â 625,1.0
1015655,201900057186,7,10,15:30,1,2,1,1.0,3.0,92050,PONS NOEL RUE,M,"48,9057580","2,2230150",92,2019,50.0,1.0,1.0,4.0,2271414,1.0,1,1,1,4.0,,0.0,0,1987.0,Z01,138Â 198Â 625,1.0,8.0,-1.0,1733728,3.0,50,,0.0,2.0,8.0,B01,138Â 198Â 626,3.0
1015655,201900057186,7,10,15:30,1,2,1,1.0,3.0,92050,PONS NOEL RUE,M,"48,9057580","2,2230150",92,2019,50.0,1.0,1.0,4.0,2271415,1.0,1,4,1,5.0,,0.0,0,1999.0,B01,138Â 198Â 626,8.0,0.0,-1.0,1733727,3.0,7,,0.0,6.0,7.0,Z01,138Â 198Â 625,1.0
1015655,201900057186,7,10,15:30,1,2,1,1.0,3.0,92050,PONS NOEL RUE,M,"48,9057580","2,2230150",92,2019,50.0,1.0,1.0,4.0,2271415,1.0,1,4,1,5.0,,0.0,0,1999.0,B01,138Â 198Â 626,8.0,0.0,-1.0,1733728,3.0,50,,0.0,2.0,8.0,B01,138Â 198Â 626,3.0
1015656,201900057187,9,22,19:45,2,1,2,1.0,3.0,76206,CD74,M,"49,6772610","0,2548100",76,2019,80.0,1.0,1.0,3.0,2271416,1.0,1,3,1,5.0,,0.0,0,2000.0,A01,138Â 198Â 624,2.0,6.0,-1.0,1733729,2.0,33,,0.0,2.0,1.0,A01,138Â 198Â 624,1.0
1015656,201900057187,9,22,19:45,2,1,2,1.0,3.0,76206,CD74,M,"49,6772610","0,2548100",76,2019,80.0,1.0,1.0,3.0,2271416,1.0,1,3,1,5.0,,0.0,0,2000.0,A01,138Â 198Â 624,2.0,6.0,-1.0,1733730,3.0,7,,0.0,0.0,6.0,B01,138Â 198Â 627,1.0
1015656,201900057187,9,22,19:45,2,1,2,1.0,3.0,76206,CD74,M,"49,6772610","0,2548100",76,2019,80.0,1.0,1.0,3.0,2271417,1.0,1,1,2,1.0,,0.0,0,1963.0,B01,138Â 198Â 627,1.0,-1.0,-1.0,1733729,2.0,33,,0.0,2.0,1.0,A01,138Â 198Â 624,1.0
1015656,201900057187,9,22,19:45,2,1,2,1.0,3.0,76206,CD74,M,"49,6772610","0,2548100",76,2019,80.0,1.0,1.0,3.0,2271417,1.0,1,1,2,1.0,,0.0,0,1963.0,B01,138Â 198Â 627,1.0,-1.0,-1.0,1733730,3.0,7,,0.0,0.0,6.0,B01,138Â 198Â 627,1.0
1015657,201900057188,7,11,11:30,1,1,1,1.0,6.0,54411,Route DÃ©partementale 6,M,"48,4840370","6,1870560",54,2019,80.0,3.0,1.0,3.0,2271418,1.0,1,3,2,5.0,,0.0,0,1983.0,A01,138Â 198Â 623,1.0,-1.0,-1.0,1733731,2.0,7,,2.0,0.0,1.0,A01,138Â 198Â 623,1.0
1015658,201900057189,9,23,12:15,1,1,1,1.0,6.0,80686,D113,M,"50,0178710","2,3844900",80,2019,80.0,1.0,1.0,3.0,2271419,1.0,1,3,1,3.0,,0.0,0,1973.0,A01,138Â 198Â 622,0.0,-1.0,-1.0,1733732,1.0,7,,13.0,0.0,1.0,A01,138Â 198Â 622,1.0
1015659,201900057190,7,11,17:00,1,1,1,1.0,6.0,26218,19 Chemin des Meannes,M,"45,0608180","5,0576950",26,2019,-1.0,8.0,1.0,9.0,2271420,10.0,3,3,1,5.0,,9.0,5,2011.0,A01,138Â 198Â 621,0.0,-1.0,-1.0,1733733,3.0,7,,0.0,1.0,2.0,A01,138Â 198Â 621,0.0
1015659,201900057190,7,11,17:00,1,1,1,1.0,6.0,26218,19 Chemin des Meannes,M,"45,0608180","5,0576950",26,2019,-1.0,8.0,1.0,9.0,2271421,1.0,1,1,1,5.0,,0.0,0,1950.0,A01,138Â 198Â 621,1.0,-1.0,-1.0,1733733,3.0,7,,0.0,1.0,2.0,A01,138Â 198Â 621,0.0
1015660,201900057191,9,23,11:50,1,2,2,2.0,6.0,33540,Avenue de l'Europe,M,"45,3694100"," -1,1447600",33,2019,50.0,3.0,1.0,4.0,2271422,1.0,1,2,2,9.0,,0.0,0,1942.0,A01,138Â 198Â 620,1.0,-1.0,-1.0,1733734,1.0,7,,2.0,0.0,1.0,A01,138Â 198Â 620,1.0
1015661,201900057192,7,11,10:45,1,2,2,1.0,6.0,28088,28200 ChÃ¢teaudun,M,"48,0665140","1,3376530",28,2019,50.0,1.0,1.0,3.0,2271423,10.0,3,1,2,5.0,,4.0,3,1951.0,A01,138Â 198Â 619,0.0,-1.0,-1.0,1733735,2.0,7,,0.0,1.0,2.0,A01,138Â 198Â 619,1.0
1015661,201900057192,7,11,10:45,1,2,2,1.0,6.0,28088,28200 ChÃ¢teaudun,M,"48,0665140","1,3376530",28,2019,50.0,1.0,1.0,3.0,2271424,1.0,1,1,1,5.0,,0.0,0,1939.0,A01,138Â 198Â 619,1.0,-1.0,-1.0,1733735,2.0,7,,0.0,1.0,2.0,A01,138Â 198Â 619,1.0
1015661,201900057192,7,11,10:45,1,2,2,1.0,6.0,28088,28200 ChÃ¢teaudun,M,"48,0665140","1,3376530",28,2019,50.0,1.0,1.0,3.0,2271425,10.0,3,4,1,5.0,,4.0,3,2015.0,A01,138Â 198Â 619,0.0,-1.0,-1.0,1733735,2.0,7,,0.0,1.0,2.0,A01,138Â 198Â 619,1.0
1015662,201900057193,9,20,16:15,1,1,1,1.0,7.0,81125,LOURTIGUIE,M,"43,7365439","2,5106328",81,2019,80.0,3.0,1.0,3.0,2271426,1.0,1,4,1,5.0,,0.0,0,1964.0,A01,138Â 198Â 617,2.0,9.0,6.0,1733736,1.0,33,,13.0,0.0,7.0,A01,138Â 198Â 617,1.0
1015663,201900057194,1,5,08:00,1,1,1,5.0,7.0,55416,autoroute A4 - PK 234.300,M,"49,0922080","5,1343970",55,2019,130.0,3.0,2.0,1.0,2271427,1.0,1,4,1,5.0,,0.0,0,1974.0,A01,138Â 198Â 640,1.0,-1.0,-1.0,1733737,1.0,7,,17.0,0.0,9.0,A01,138Â 198Â 640,1.0
1015663,201900057194,1,5,08:00,1,1,1,5.0,7.0,55416,autoroute A4 - PK 234.300,M,"49,0922080","5,1343970",55,2019,130.0,3.0,2.0,1.0,2271428,2.0,2,4,2,5.0,,0.0,0,1968.0,A01,138Â 198Â 640,1.0,-1.0,-1.0,1733737,1.0,7,,17.0,0.0,9.0,A01,138Â 198Â 640,1.0
1015664,201900057195,10,25,21:30,5,2,2,1.0,3.0,25056,CHURCHILL BD WINSTON,M,"47,2462700","5,9980000",25,2019,50.0,1.0,1.0,4.0,2271429,1.0,1,4,2,0.0,,-1.0, -1,1997.0,A01,138Â 198Â 616,8.0,0.0,-1.0,1733738,2.0,1,,0.0,2.0,6.0,A01,138Â 198Â 616,5.0
1015664,201900057195,10,25,21:30,5,2,2,1.0,3.0,25056,CHURCHILL BD WINSTON,M,"47,2462700","5,9980000",25,2019,50.0,1.0,1.0,4.0,2271429,1.0,1,4,2,0.0,,-1.0, -1,1997.0,A01,138Â 198Â 616,8.0,0.0,-1.0,1733739,1.0,7,,0.0,2.0,1.0,B01,138Â 198Â 618,1.0
1015664,201900057195,10,25,21:30,5,2,2,1.0,3.0,25056,CHURCHILL BD WINSTON,M,"47,2462700","5,9980000",25,2019,50.0,1.0,1.0,4.0,2271430,1.0,1,1,1,0.0,,-1.0, -1,1996.0,B01,138Â 198Â 618,1.0,0.0,-1.0,1733738,2.0,1,,0.0,2.0,6.0,A01,138Â 198Â 616,5.0
1015664,201900057195,10,25,21:30,5,2,2,1.0,3.0,25056,CHURCHILL BD WINSTON,M,"47,2462700","5,9980000",25,2019,50.0,1.0,1.0,4.0,2271430,1.0,1,1,1,0.0,,-1.0, -1,1996.0,B01,138Â 198Â 618,1.0,0.0,-1.0,1733739,1.0,7,,0.0,2.0,1.0,B01,138Â 198Â 618,1.0
1015665,201900057196,7,10,21:45,3,2,1,1.0,7.0,97422,Rue du Paille en Queue,M," -21,2960530","55,5271550",974,2019,50.0,8.0,1.0,3.0,2271431,1.0,1,3,1,0.0,,0.0,0,1986.0,A01,138Â 198Â 615,1.0,-1.0,-1.0,1733740,1.0,7,,4.0,0.0,1.0,A01,138Â 198Â 615,1.0
1015666,201900057197,10,25,12:05,1,2,9,1.0,6.0,25056,BLUM BOULEVARD LEON (entre 51 ET  90),M,"47,2615900","6,0358000",25,2019,50.0,4.0,1.0,9.0,2271432,10.0,3,4,2,0.0,,5.0,3,1959.0,A01,138Â 198Â 614,8.0,0.0,-1.0,1733741,3.0,7,,0.0,1.0,2.0,A01,138Â 198Â 614,4.0
1015666,201900057197,10,25,12:05,1,2,9,1.0,6.0,25056,BLUM BOULEVARD LEON (entre 51 ET  90),M,"47,2615900","6,0358000",25,2019,50.0,4.0,1.0,9.0,2271433,1.0,1,1,2,0.0,,-1.0, -1,2000.0,A01,138Â 198Â 614,1.0,0.0,-1.0,1733741,3.0,7,,0.0,1.0,2.0,A01,138Â 198Â 614,4.0
1015667,201900057198,7,10,20:45,1,1,1,1.0,1.0,83004,Quartier Roque Rousse ,M,"43,4592060","6,5223550",83,2019,80.0,1.0,1.0,3.0,2271434,1.0,1,4,1,4.0,,0.0,0,1982.0,B01,138Â 198Â 612,1.0,5.0,-1.0,1733742,1.0,10,,0.0,2.0,3.0,B01,138Â 198Â 612,1.0
1015667,201900057198,7,10,20:45,1,1,1,1.0,1.0,83004,Quartier Roque Rousse ,M,"43,4592060","6,5223550",83,2019,80.0,1.0,1.0,3.0,2271434,1.0,1,4,1,4.0,,0.0,0,1982.0,B01,138Â 198Â 612,1.0,5.0,-1.0,1733743,2.0,7,,0.0,2.0,3.0,A01,138Â 198Â 613,1.0
1015667,201900057198,7,10,20:45,1,1,1,1.0,1.0,83004,Quartier Roque Rousse ,M,"43,4592060","6,5223550",83,2019,80.0,1.0,1.0,3.0,2271435,1.0,1,2,1,5.0,,0.0,0,1977.0,A01,138Â 198Â 613,1.0,5.0,-1.0,1733742,1.0,10,,0.0,2.0,3.0,B01,138Â 198Â 612,1.0
1015667,201900057198,7,10,20:45,1,1,1,1.0,1.0,83004,Quartier Roque Rousse ,M,"43,4592060","6,5223550",83,2019,80.0,1.0,1.0,3.0,2271435,1.0,1,2,1,5.0,,0.0,0,1977.0,A01,138Â 198Â 613,1.0,5.0,-1.0,1733743,2.0,7,,0.0,2.0,3.0,A01,138Â 198Â 613,1.0
1015668,201900057199,10,19,12:50,1,2,3,1.0,3.0,24557,VIOLETTES (RUE DES),M,"45,1918500","0,7589100",24,2019,50.0,1.0,2.0,4.0,2271436,1.0,1,3,1,5.0,,-1.0, -1,1997.0,B01,138Â 198Â 610,2.0,0.0,-1.0,1733744,1.0,31,,0.0,2.0,1.0,B01,138Â 198Â 610,1.0
1015668,201900057199,10,19,12:50,1,2,3,1.0,3.0,24557,VIOLETTES (RUE DES),M,"45,1918500","0,7589100",24,2019,50.0,1.0,2.0,4.0,2271436,1.0,1,3,1,5.0,,-1.0, -1,1997.0,B01,138Â 198Â 610,2.0,0.0,-1.0,1733745,1.0,7,,0.0,2.0,8.0,A01,138Â 198Â 611,1.0
1015668,201900057199,10,19,12:50,1,2,3,1.0,3.0,24557,VIOLETTES (RUE DES),M,"45,1918500","0,7589100",24,2019,50.0,1.0,2.0,4.0,2271437,1.0,1,1,1,5.0,,-1.0, -1,1985.0,A01,138Â 198Â 611,1.0,0.0,-1.0,1733744,1.0,31,,0.0,2.0,1.0,B01,138Â 198Â 610,1.0
1015668,201900057199,10,19,12:50,1,2,3,1.0,3.0,24557,VIOLETTES (RUE DES),M,"45,1918500","0,7589100",24,2019,50.0,1.0,2.0,4.0,2271437,1.0,1,1,1,5.0,,-1.0, -1,1985.0,A01,138Â 198Â 611,1.0,0.0,-1.0,1733745,1.0,7,,0.0,2.0,8.0,A01,138Â 198Â 611,1.0
1015669,201900057200,7,9,08:22,1,1,2,1.0,3.0,01318,Route dÃ©partementale 88 01390 RancÃ©,M,"45,9712950","4,8526730",1,2019,80.0,1.0,1.0,3.0,2271438,1.0,1,4,1,5.0,,0.0,0,1983.0,B01,138Â 198Â 608,1.0,-1.0,-1.0,1733746,2.0,7,,0.0,2.0,8.0,B01,138Â 198Â 608,1.0
1015669,201900057200,7,9,08:22,1,1,2,1.0,3.0,01318,Route dÃ©partementale 88 01390 RancÃ©,M,"45,9712950","4,8526730",1,2019,80.0,1.0,1.0,3.0,2271438,1.0,1,4,1,5.0,,0.0,0,1983.0,B01,138Â 198Â 608,1.0,-1.0,-1.0,1733747,2.0,7,,16.0,2.0,2.0,A01,138Â 198Â 609,1.0
1015669,201900057200,7,9,08:22,1,1,2,1.0,3.0,01318,Route dÃ©partementale 88 01390 RancÃ©,M,"45,9712950","4,8526730",1,2019,80.0,1.0,1.0,3.0,2271439,9.0,2,4,1,0.0,,0.0,0,2013.0,B01,138Â 198Â 608,1.0,-1.0,-1.0,1733746,2.0,7,,0.0,2.0,8.0,B01,138Â 198Â 608,1.0
1015669,201900057200,7,9,08:22,1,1,2,1.0,3.0,01318,Route dÃ©partementale 88 01390 RancÃ©,M,"45,9712950","4,8526730",1,2019,80.0,1.0,1.0,3.0,2271439,9.0,2,4,1,0.0,,0.0,0,2013.0,B01,138Â 198Â 608,1.0,-1.0,-1.0,1733747,2.0,7,,16.0,2.0,2.0,A01,138Â 198Â 609,1.0
1015669,201900057200,7,9,08:22,1,1,2,1.0,3.0,01318,Route dÃ©partementale 88 01390 RancÃ©,M,"45,9712950","4,8526730",1,2019,80.0,1.0,1.0,3.0,2271440,1.0,1,3,1,5.0,,0.0,0,1984.0,A01,138Â 198Â 609,1.0,-1.0,-1.0,1733746,2.0,7,,0.0,2.0,8.0,B01,138Â 198Â 608,1.0
1015669,201900057200,7,9,08:22,1,1,2,1.0,3.0,01318,Route dÃ©partementale 88 01390 RancÃ©,M,"45,9712950","4,8526730",1,2019,80.0,1.0,1.0,3.0,2271440,1.0,1,3,1,5.0,,0.0,0,1984.0,A01,138Â 198Â 609,1.0,-1.0,-1.0,1733747,2.0,7,,16.0,2.0,2.0,A01,138Â 198Â 609,1.0
1015670,201900057201,10,25,17:37,1,1,1,1.0,2.0,17291,RN 237,M,"46,1798090"," -1,1304510",17,2019,90.0,1.0,1.0,2.0,2271441,1.0,1,1,2,1.0,,-1.0,0,1997.0,A01,138Â 198Â 606,1.0,0.0,-1.0,1733748,1.0,7,,0.0,2.0,1.0,A01,138Â 198Â 606,1.0
1015670,201900057201,10,25,17:37,1,1,1,1.0,2.0,17291,RN 237,M,"46,1798090"," -1,1304510",17,2019,90.0,1.0,1.0,2.0,2271441,1.0,1,1,2,1.0,,-1.0,0,1997.0,A01,138Â 198Â 606,1.0,0.0,-1.0,1733749,1.0,7,,0.0,2.0,4.0,B01,138Â 198Â 607,1.0
1015670,201900057201,10,25,17:37,1,1,1,1.0,2.0,17291,RN 237,M,"46,1798090"," -1,1304510",17,2019,90.0,1.0,1.0,2.0,2271442,1.0,1,4,2,1.0,,-1.0,0,1998.0,B01,138Â 198Â 607,1.0,0.0,-1.0,1733748,1.0,7,,0.0,2.0,1.0,A01,138Â 198Â 606,1.0