Unnamed: 0_x,num_acc,mois,jour,hrmn,lum,agg,int,atm,col,com,adr,gps,lat,long,dep,annee,vma,situ,surf,catr,Unnamed: 0_y,place,catu,grav,sexe,trajet,secu,locp,actp,an_nais,num_veh_x,id_vehicule_x,secu1,secu2,secu3,Unnamed: 0,senc,catv,occutc,obs,obsm,choc,num_veh_y,id_vehicule_y,motor
1015670,201900057201,10,25,17:37,1,1,1,1.0,2.0,17291,RN 237,M,"46,1798090"," -1,1304510",17,2019,90.0,1.0,1.0,2.0,2271442,1.0,1,4,2,1.0,,-1.0,0,1998.0,B01,138Â 198Â 607,1.0,0.0,-1.0,1733749,1.0,7,,0.0,2.0,4.0,B01,138Â 198Â 607,1.0
1015671,201900057202,7,11,18:45,1,1,1,1.0,6.0,38105,Route de Bonpertuis,M,"45,4055300","5,5539300",38,2019,80.0,3.0,1.0,3.0,2271443,1.0,1,2,1,1.0,,0.0,0,1969.0,A01,138Â 198Â 605,2.0,6.0,-1.0,1733750,2.0,33,,13.0,0.0,2.0,A01,138Â 198Â 605,6.0
1015672,201900057203,10,25,17:22,1,2,6,1.0,3.0,17274,REPUBLIQUE   ROND-POINT DE LA,M,"46,1544300"," -1,1113600",17,2019,50.0,1.0,1.0,4.0,2271444,1.0,1,4,1,2.0,,-1.0,0,1998.0,A01,138Â 198Â 601,2.0,6.0,-1.0,1733751,3.0,33,,0.0,2.0,2.0,A01,138Â 198Â 601,1.0
1015672,201900057203,10,25,17:22,1,2,6,1.0,3.0,17274,REPUBLIQUE   ROND-POINT DE LA,M,"46,1544300"," -1,1113600",17,2019,50.0,1.0,1.0,4.0,2271444,1.0,1,4,1,2.0,,-1.0,0,1998.0,A01,138Â 198Â 601,2.0,6.0,-1.0,1733752,3.0,7,,0.0,2.0,3.0,B01,138Â 198Â 604,1.0
1015672,201900057203,10,25,17:22,1,2,6,1.0,3.0,17274,REPUBLIQUE   ROND-POINT DE LA,M,"46,1544300"," -1,1113600",17,2019,50.0,1.0,1.0,4.0,2271445,1.0,1,1,2,5.0,,-1.0,0,1983.0,B01,138Â 198Â 604,1.0,0.0,-1.0,1733751,3.0,33,,0.0,2.0,2.0,A01,138Â 198Â 601,1.0
1015672,201900057203,10,25,17:22,1,2,6,1.0,3.0,17274,REPUBLIQUE   ROND-POINT DE LA,M,"46,1544300"," -1,1113600",17,2019,50.0,1.0,1.0,4.0,2271445,1.0,1,1,2,5.0,,-1.0,0,1983.0,B01,138Â 198Â 604,1.0,0.0,-1.0,1733752,3.0,7,,0.0,2.0,3.0,B01,138Â 198Â 604,1.0
1015673,201900057204,7,10,17:00,1,1,1,1.0,1.0,59463,2 Rue Voie Romaine Cd 52,M,"50,9329010","2,3697000",59,2019,-1.0,1.0,1.0,3.0,2271446,1.0,1,4,1,5.0,,0.0,0,1962.0,A01,138Â 198Â 599,1.0,-1.0,-1.0,1733753,2.0,7,,0.0,2.0,1.0,A01,138Â 198Â 599,1.0
1015673,201900057204,7,10,17:00,1,1,1,1.0,1.0,59463,2 Rue Voie Romaine Cd 52,M,"50,9329010","2,3697000",59,2019,-1.0,1.0,1.0,3.0,2271446,1.0,1,4,1,5.0,,0.0,0,1962.0,A01,138Â 198Â 599,1.0,-1.0,-1.0,1733754,1.0,7,,0.0,0.0,1.0,B01,138Â 198Â 603,1.0
1015673,201900057204,7,10,17:00,1,1,1,1.0,1.0,59463,2 Rue Voie Romaine Cd 52,M,"50,9329010","2,3697000",59,2019,-1.0,1.0,1.0,3.0,2271447,1.0,1,3,2,1.0,,0.0,0,1986.0,B01,138Â 198Â 603,1.0,-1.0,-1.0,1733753,2.0,7,,0.0,2.0,1.0,A01,138Â 198Â 599,1.0
1015673,201900057204,7,10,17:00,1,1,1,1.0,1.0,59463,2 Rue Voie Romaine Cd 52,M,"50,9329010","2,3697000",59,2019,-1.0,1.0,1.0,3.0,2271447,1.0,1,3,2,1.0,,0.0,0,1986.0,B01,138Â 198Â 603,1.0,-1.0,-1.0,1733754,1.0,7,,0.0,0.0,1.0,B01,138Â 198Â 603,1.0
1015674,201900057205,10,24,10:20,1,2,3,1.0,6.0,17300,MANGIN   AVENUE DU GENERAL,M,"46,1677000"," -1,1829900",17,2019,50.0,1.0,1.0,4.0,2271448,10.0,3,3,2,5.0,,3.0,3,1955.0,A01,138Â 198Â 598,8.0,0.0,-1.0,1733755,1.0,10,,0.0,1.0,1.0,A01,138Â 198Â 598,1.0
1015674,201900057205,10,24,10:20,1,2,3,1.0,6.0,17300,MANGIN   AVENUE DU GENERAL,M,"46,1677000"," -1,1829900",17,2019,50.0,1.0,1.0,4.0,2271449,1.0,1,1,1,5.0,,-1.0,0,1935.0,A01,138Â 198Â 598,1.0,0.0,-1.0,1733755,1.0,10,,0.0,1.0,1.0,A01,138Â 198Â 598,1.0
1015675,201900057206,9,21,18:50,1,1,6,1.0,7.0,89380,Les Dornets,M,"48,0611830","3,0946440",89,2019,80.0,1.0,1.0,3.0,2271450,1.0,1,3,1,0.0,,0.0,0,1977.0,A01,138Â 198Â 597,8.0,-1.0,-1.0,1733756,2.0,33,,0.0,0.0,0.0,A01,138Â 198Â 597,1.0
1015676,201900057207,7,10,16:50,1,1,1,1.0,6.0,77406,"D222, Ferme du Moncelt",M,"48,8487500","3,2236700",77,2019,80.0,3.0,1.0,3.0,2271451,1.0,1,1,1,5.0,,0.0,0,2000.0,A01,138Â 198Â 596,1.0,9.0,-1.0,1733757,1.0,7,,2.0,0.0,2.0,A01,138Â 198Â 596,1.0
1015676,201900057207,7,10,16:50,1,1,1,1.0,6.0,77406,"D222, Ferme du Moncelt",M,"48,8487500","3,2236700",77,2019,80.0,3.0,1.0,3.0,2271452,2.0,2,3,2,5.0,,0.0,0,2001.0,A01,138Â 198Â 596,1.0,9.0,-1.0,1733757,1.0,7,,2.0,0.0,2.0,A01,138Â 198Â 596,1.0
1015677,201900057208,9,22,07:45,2,1,1,1.0,7.0,63194,D2089,M,"45,8165499","3,3433470",63,2019,80.0,3.0,1.0,3.0,2271453,1.0,1,3,1,1.0,,0.0,0,1993.0,A01,138Â 198Â 593,1.0,-1.0,-1.0,1733758,1.0,7,,8.0,0.0,0.0,A01,138Â 198Â 593,1.0
1015678,201900057209,10,25,12:30,1,2,1,1.0,3.0,17299,DEMY AVENUE JACQUES,M,"45,9218300"," -0,9603100",17,2019,50.0,1.0,2.0,4.0,2271454,1.0,1,4,1,1.0,,-1.0, -1,1994.0,B01,138Â 198Â 594,2.0,8.0,-1.0,1733759,1.0,33,,0.0,2.0,7.0,B01,138Â 198Â 594,1.0
1015678,201900057209,10,25,12:30,1,2,1,1.0,3.0,17299,DEMY AVENUE JACQUES,M,"45,9218300"," -0,9603100",17,2019,50.0,1.0,2.0,4.0,2271454,1.0,1,4,1,1.0,,-1.0, -1,1994.0,B01,138Â 198Â 594,2.0,8.0,-1.0,1733760,3.0,7,,0.0,2.0,1.0,A01,138Â 198Â 595,1.0
1015678,201900057209,10,25,12:30,1,2,1,1.0,3.0,17299,DEMY AVENUE JACQUES,M,"45,9218300"," -0,9603100",17,2019,50.0,1.0,2.0,4.0,2271455,1.0,1,1,2,5.0,,-1.0, -1,1965.0,A01,138Â 198Â 595,1.0,8.0,-1.0,1733759,1.0,33,,0.0,2.0,7.0,B01,138Â 198Â 594,1.0
1015678,201900057209,10,25,12:30,1,2,1,1.0,3.0,17299,DEMY AVENUE JACQUES,M,"45,9218300"," -0,9603100",17,2019,50.0,1.0,2.0,4.0,2271455,1.0,1,1,2,5.0,,-1.0, -1,1965.0,A01,138Â 198Â 595,1.0,8.0,-1.0,1733760,3.0,7,,0.0,2.0,1.0,A01,138Â 198Â 595,1.0
1015679,201900057210,7,9,08:05,1,1,1,1.0,5.0,30141,Route de Bagnols,M,"44,1047066","4,6951438",30,2019,80.0,1.0,1.0,2.0,2271456,1.0,1,3,2,1.0,,0.0,0,1999.0,A01,138Â 198Â 590,1.0,-1.0,-1.0,1733761,1.0,7,,0.0,2.0,1.0,A01,138Â 198Â 590,0.0
1015679,201900057210,7,9,08:05,1,1,1,1.0,5.0,30141,Route de Bagnols,M,"44,1047066","4,6951438",30,2019,80.0,1.0,1.0,2.0,2271456,1.0,1,3,2,1.0,,0.0,0,1999.0,A01,138Â 198Â 590,1.0,-1.0,-1.0,1733762,2.0,7,,0.0,0.0,3.0,B01,138Â 198Â 591,0.0
1015679,201900057210,7,9,08:05,1,1,1,1.0,5.0,30141,Route de Bagnols,M,"44,1047066","4,6951438",30,2019,80.0,1.0,1.0,2.0,2271456,1.0,1,3,2,1.0,,0.0,0,1999.0,A01,138Â 198Â 590,1.0,-1.0,-1.0,1733763,1.0,7,,0.0,0.0,1.0,C01,138Â 198Â 592,0.0
1015679,201900057210,7,9,08:05,1,1,1,1.0,5.0,30141,Route de Bagnols,M,"44,1047066","4,6951438",30,2019,80.0,1.0,1.0,2.0,2271457,1.0,1,1,1,1.0,,0.0,0,1988.0,B01,138Â 198Â 591,1.0,-1.0,-1.0,1733761,1.0,7,,0.0,2.0,1.0,A01,138Â 198Â 590,0.0
1015679,201900057210,7,9,08:05,1,1,1,1.0,5.0,30141,Route de Bagnols,M,"44,1047066","4,6951438",30,2019,80.0,1.0,1.0,2.0,2271457,1.0,1,1,1,1.0,,0.0,0,1988.0,B01,138Â 198Â 591,1.0,-1.0,-1.0,1733762,2.0,7,,0.0,0.0,3.0,B01,138Â 198Â 591,0.0
1015679,201900057210,7,9,08:05,1,1,1,1.0,5.0,30141,Route de Bagnols,M,"44,1047066","4,6951438",30,2019,80.0,1.0,1.0,2.0,2271457,1.0,1,1,1,1.0,,0.0,0,1988.0,B01,138Â 198Â 591,1.0,-1.0,-1.0,1733763,1.0,7,,0.0,0.0,1.0,C01,138Â 198Â 592,0.0
1015679,201900057210,7,9,08:05,1,1,1,1.0,5.0,30141,Route de Bagnols,M,"44,1047066","4,6951438",30,2019,80.0,1.0,1.0,2.0,2271458,1.0,1,4,2,0.0,,0.0,0,1982.0,C01,138Â 198Â 592,1.0,-1.0,-1.0,1733761,1.0,7,,0.0,2.0,1.0,A01,138Â 198Â 590,0.0
1015679,201900057210,7,9,08:05,1,1,1,1.0,5.0,30141,Route de Bagnols,M,"44,1047066","4,6951438",30,2019,80.0,1.0,1.0,2.0,2271458,1.0,1,4,2,0.0,,0.0,0,1982.0,C01,138Â 198Â 592,1.0,-1.0,-1.0,1733762,2.0,7,,0.0,0.0,3.0,B01,138Â 198Â 591,0.0
1015679,201900057210,7,9,08:05,1,1,1,1.0,5.0,30141,Route de Bagnols,M,"44,1047066","4,6951438",30,2019,80.0,1.0,1.0,2.0,2271458,1.0,1,4,2,0.0,,0.0,0,1982.0,C01,138Â 198Â 592,1.0,-1.0,-1.0,1733763,1.0,7,,0.0,0.0,1.0,C01,138Â 198Â 592,0.0
1015680,201900057211,9,22,08:31,1,1,1,1.0,6.0,61429,Rue de Paris (Saint-Maurice-lÃ¨s-Charencey),M,"48,6645090","0,7774680",61,2019,110.0,3.0,1.0,2.0,2271459,1.0,1,3,1,5.0,,0.0,0,1944.0,A01,138Â 198Â 589,1.0,-1.0,-1.0,1733764,1.0,7,,13.0,0.0,2.0,A01,138Â 198Â 589,1.0
1015681,201900057212,10,25,12:00,1,2,1,1.0,2.0,13205,PASCAL RUINAT (RUE),M,"43,2919300","5,4089400",13,2019,50.0,1.0,1.0,4.0,2271460,1.0,1,4,1,0.0,,-1.0, -1,1950.0,B01,138Â 198Â 587,2.0,0.0,-1.0,1733765,2.0,2,,0.0,0.0,4.0,B01,138Â 198Â 587,0.0
1015681,201900057212,10,25,12:00,1,2,1,1.0,2.0,13205,PASCAL RUINAT (RUE),M,"43,2919300","5,4089400",13,2019,50.0,1.0,1.0,4.0,2271460,1.0,1,4,1,0.0,,-1.0, -1,1950.0,B01,138Â 198Â 587,2.0,0.0,-1.0,1733766,2.0,7,,0.0,2.0,1.0,A01,138Â 198Â 588,0.0
1015681,201900057212,10,25,12:00,1,2,1,1.0,2.0,13205,PASCAL RUINAT (RUE),M,"43,2919300","5,4089400",13,2019,50.0,1.0,1.0,4.0,2271461,1.0,1,1,2,0.0,,-1.0, -1,1935.0,A01,138Â 198Â 588,1.0,0.0,-1.0,1733765,2.0,2,,0.0,0.0,4.0,B01,138Â 198Â 587,0.0
1015681,201900057212,10,25,12:00,1,2,1,1.0,2.0,13205,PASCAL RUINAT (RUE),M,"43,2919300","5,4089400",13,2019,50.0,1.0,1.0,4.0,2271461,1.0,1,1,2,0.0,,-1.0, -1,1935.0,A01,138Â 198Â 588,1.0,0.0,-1.0,1733766,2.0,7,,0.0,2.0,1.0,A01,138Â 198Â 588,0.0
1015682,201900057213,7,11,07:50,1,2,1,1.0,6.0,34217,Rue de la Ducque,M,"43,6983980","3,8644530",34,2019,50.0,1.0,1.0,4.0,2271462,1.0,1,1,2,1.0,,0.0,0,1972.0,A01,138Â 198Â 586,1.0,-1.0,-1.0,1733767,2.0,7,,0.0,1.0,1.0,A01,138Â 198Â 586,1.0
1015682,201900057213,7,11,07:50,1,2,1,1.0,6.0,34217,Rue de la Ducque,M,"43,6983980","3,8644530",34,2019,50.0,1.0,1.0,4.0,2271463,10.0,3,4,1,5.0,,2.0,5,2012.0,A01,138Â 198Â 586,0.0,-1.0,-1.0,1733767,2.0,7,,0.0,1.0,1.0,A01,138Â 198Â 586,1.0
1015683,201900057214,9,22,19:30,3,1,1,3.0,1.0,42289,rn7,M,"45,9545220","4,1917130",42,2019,80.0,1.0,2.0,2.0,2271464,1.0,1,3,1,5.0,,0.0,0,1985.0,A01,138Â 198Â 584,1.0,-1.0,-1.0,1733768,2.0,7,,0.0,2.0,1.0,A01,138Â 198Â 584,1.0
1015683,201900057214,9,22,19:30,3,1,1,3.0,1.0,42289,rn7,M,"45,9545220","4,1917130",42,2019,80.0,1.0,2.0,2.0,2271464,1.0,1,3,1,5.0,,0.0,0,1985.0,A01,138Â 198Â 584,1.0,-1.0,-1.0,1733769,1.0,7,,0.0,2.0,1.0,B01,138Â 198Â 585,1.0
1015683,201900057214,9,22,19:30,3,1,1,3.0,1.0,42289,rn7,M,"45,9545220","4,1917130",42,2019,80.0,1.0,2.0,2.0,2271465,9.0,2,4,1,0.0,,0.0,0,2014.0,A01,138Â 198Â 584,1.0,3.0,-1.0,1733768,2.0,7,,0.0,2.0,1.0,A01,138Â 198Â 584,1.0
1015683,201900057214,9,22,19:30,3,1,1,3.0,1.0,42289,rn7,M,"45,9545220","4,1917130",42,2019,80.0,1.0,2.0,2.0,2271465,9.0,2,4,1,0.0,,0.0,0,2014.0,A01,138Â 198Â 584,1.0,3.0,-1.0,1733769,1.0,7,,0.0,2.0,1.0,B01,138Â 198Â 585,1.0
1015683,201900057214,9,22,19:30,3,1,1,3.0,1.0,42289,rn7,M,"45,9545220","4,1917130",42,2019,80.0,1.0,2.0,2.0,2271466,1.0,1,3,1,5.0,,0.0,0,1976.0,B01,138Â 198Â 585,1.0,-1.0,-1.0,1733768,2.0,7,,0.0,2.0,1.0,A01,138Â 198Â 584,1.0
1015683,201900057214,9,22,19:30,3,1,1,3.0,1.0,42289,rn7,M,"45,9545220","4,1917130",42,2019,80.0,1.0,2.0,2.0,2271466,1.0,1,3,1,5.0,,0.0,0,1976.0,B01,138Â 198Â 585,1.0,-1.0,-1.0,1733769,1.0,7,,0.0,2.0,1.0,B01,138Â 198Â 585,1.0
1015684,201900057215,10,25,11:18,1,2,1,1.0,5.0,13213,CHUTES LAVIE (AVENUE),M,"43,3099200","5,3965600",13,2019,50.0,1.0,1.0,4.0,2271467,1.0,1,4,1,0.0,,0.0,0,1984.0,A01,138Â 198Â 583,1.0,0.0,-1.0,1733770,0.0,7,,0.0,0.0,0.0,E01,138Â 198Â 579,1.0
1015684,201900057215,10,25,11:18,1,2,1,1.0,5.0,13213,CHUTES LAVIE (AVENUE),M,"43,3099200","5,3965600",13,2019,50.0,1.0,1.0,4.0,2271467,1.0,1,4,1,0.0,,0.0,0,1984.0,A01,138Â 198Â 583,1.0,0.0,-1.0,1733771,0.0,7,,0.0,0.0,0.0,D01,138Â 198Â 580,1.0
1015684,201900057215,10,25,11:18,1,2,1,1.0,5.0,13213,CHUTES LAVIE (AVENUE),M,"43,3099200","5,3965600",13,2019,50.0,1.0,1.0,4.0,2271467,1.0,1,4,1,0.0,,0.0,0,1984.0,A01,138Â 198Â 583,1.0,0.0,-1.0,1733772,0.0,7,,0.0,0.0,0.0,C01,138Â 198Â 581,1.0
1015684,201900057215,10,25,11:18,1,2,1,1.0,5.0,13213,CHUTES LAVIE (AVENUE),M,"43,3099200","5,3965600",13,2019,50.0,1.0,1.0,4.0,2271467,1.0,1,4,1,0.0,,0.0,0,1984.0,A01,138Â 198Â 583,1.0,0.0,-1.0,1733773,0.0,7,,0.0,0.0,0.0,B01,138Â 198Â 582,1.0
1015684,201900057215,10,25,11:18,1,2,1,1.0,5.0,13213,CHUTES LAVIE (AVENUE),M,"43,3099200","5,3965600",13,2019,50.0,1.0,1.0,4.0,2271467,1.0,1,4,1,0.0,,0.0,0,1984.0,A01,138Â 198Â 583,1.0,0.0,-1.0,1733774,1.0,7,,0.0,2.0,0.0,A01,138Â 198Â 583,1.0
1015685,201900057216,7,5,19:15,1,1,1,1.0,6.0,91534,N 306,M,"48,7244920","2,1496920",91,2019,50.0,1.0,1.0,3.0,2271468,1.0,1,1,1,1.0,,0.0,0,1981.0,A01,138Â 198Â 577,1.0,-1.0,-1.0,1733775,3.0,7,,0.0,0.0,0.0,A01,138Â 198Â 577,1.0
1015685,201900057216,7,5,19:15,1,1,1,1.0,6.0,91534,N 306,M,"48,7244920","2,1496920",91,2019,50.0,1.0,1.0,3.0,2271468,1.0,1,1,1,1.0,,0.0,0,1981.0,A01,138Â 198Â 577,1.0,-1.0,-1.0,1733776,3.0,31,,0.0,0.0,1.0,B01,138Â 198Â 578,1.0
1015685,201900057216,7,5,19:15,1,1,1,1.0,6.0,91534,N 306,M,"48,7244920","2,1496920",91,2019,50.0,1.0,1.0,3.0,2271469,1.0,1,3,1,1.0,,0.0,0,1977.0,B01,138Â 198Â 578,6.0,2.0,-1.0,1733775,3.0,7,,0.0,0.0,0.0,A01,138Â 198Â 577,1.0
1015685,201900057216,7,5,19:15,1,1,1,1.0,6.0,91534,N 306,M,"48,7244920","2,1496920",91,2019,50.0,1.0,1.0,3.0,2271469,1.0,1,3,1,1.0,,0.0,0,1977.0,B01,138Â 198Â 578,6.0,2.0,-1.0,1733776,3.0,31,,0.0,0.0,1.0,B01,138Â 198Â 578,1.0
1015686,201900057217,10,24,22:00,4,2,1,1.0,1.0,13213,SAINT JEROME (AVENUE DE),M,"43,3320300","5,4194700",13,2019,30.0,1.0,1.0,4.0,2271470,3.0,2,4,1,5.0,,-1.0, -1,1997.0,B01,138Â 198Â 574,1.0,0.0,-1.0,1733777,2.0,10,,0.0,2.0,8.0,B01,138Â 198Â 574,1.0
1015686,201900057217,10,24,22:00,4,2,1,1.0,1.0,13213,SAINT JEROME (AVENUE DE),M,"43,3320300","5,4194700",13,2019,30.0,1.0,1.0,4.0,2271470,3.0,2,4,1,5.0,,-1.0, -1,1997.0,B01,138Â 198Â 574,1.0,0.0,-1.0,1733778,1.0,10,,0.0,2.0,8.0,A01,138Â 198Â 575,1.0
1015686,201900057217,10,24,22:00,4,2,1,1.0,1.0,13213,SAINT JEROME (AVENUE DE),M,"43,3320300","5,4194700",13,2019,30.0,1.0,1.0,4.0,2271471,2.0,2,4,1,5.0,,-1.0, -1,1997.0,B01,138Â 198Â 574,1.0,0.0,-1.0,1733777,2.0,10,,0.0,2.0,8.0,B01,138Â 198Â 574,1.0
1015686,201900057217,10,24,22:00,4,2,1,1.0,1.0,13213,SAINT JEROME (AVENUE DE),M,"43,3320300","5,4194700",13,2019,30.0,1.0,1.0,4.0,2271471,2.0,2,4,1,5.0,,-1.0, -1,1997.0,B01,138Â 198Â 574,1.0,0.0,-1.0,1733778,1.0,10,,0.0,2.0,8.0,A01,138Â 198Â 575,1.0
1015686,201900057217,10,24,22:00,4,2,1,1.0,1.0,13213,SAINT JEROME (AVENUE DE),M,"43,3320300","5,4194700",13,2019,30.0,1.0,1.0,4.0,2271472,1.0,1,4,2,5.0,,-1.0, -1,1999.0,B01,138Â 198Â 574,1.0,0.0,-1.0,1733777,2.0,10,,0.0,2.0,8.0,B01,138Â 198Â 574,1.0
1015686,201900057217,10,24,22:00,4,2,1,1.0,1.0,13213,SAINT JEROME (AVENUE DE),M,"43,3320300","5,4194700",13,2019,30.0,1.0,1.0,4.0,2271472,1.0,1,4,2,5.0,,-1.0, -1,1999.0,B01,138Â 198Â 574,1.0,0.0,-1.0,1733778,1.0,10,,0.0,2.0,8.0,A01,138Â 198Â 575,1.0
1015686,201900057217,10,24,22:00,4,2,1,1.0,1.0,13213,SAINT JEROME (AVENUE DE),M,"43,3320300","5,4194700",13,2019,30.0,1.0,1.0,4.0,2271473,1.0,1,1,1,5.0,,-1.0, -1,1962.0,A01,138Â 198Â 575,1.0,0.0,-1.0,1733777,2.0,10,,0.0,2.0,8.0,B01,138Â 198Â 574,1.0
1015686,201900057217,10,24,22:00,4,2,1,1.0,1.0,13213,SAINT JEROME (AVENUE DE),M,"43,3320300","5,4194700",13,2019,30.0,1.0,1.0,4.0,2271473,1.0,1,1,1,5.0,,-1.0, -1,1962.0,A01,138Â 198Â 575,1.0,0.0,-1.0,1733778,1.0,10,,0.0,2.0,8.0,A01,138Â 198Â 575,1.0
1015687,201900057218,9,19,10:15,1,1,1,7.0,2.0,39448,,M,"47,0074000","5,4977500",39,2019,80.0,1.0,1.0,3.0,2271474,1.0,1,1,1,5.0,,0.0,0,1963.0,B01,138Â 198Â 572,2.0,-1.0,-1.0,1733779,1.0,33,,0.0,2.0,4.0,B01,138Â 198Â 572,1.0
1015687,201900057218,9,19,10:15,1,1,1,7.0,2.0,39448,,M,"47,0074000","5,4977500",39,2019,80.0,1.0,1.0,3.0,2271474,1.0,1,1,1,5.0,,0.0,0,1963.0,B01,138Â 198Â 572,2.0,-1.0,-1.0,1733780,1.0,33,,0.0,2.0,1.0,A01,138Â 198Â 576,1.0
1015687,201900057218,9,19,10:15,1,1,1,7.0,2.0,39448,,M,"47,0074000","5,4977500",39,2019,80.0,1.0,1.0,3.0,2271475,1.0,1,3,1,5.0,,0.0,0,1958.0,A01,138Â 198Â 576,2.0,-1.0,-1.0,1733779,1.0,33,,0.0,2.0,4.0,B01,138Â 198Â 572,1.0
1015687,201900057218,9,19,10:15,1,1,1,7.0,2.0,39448,,M,"47,0074000","5,4977500",39,2019,80.0,1.0,1.0,3.0,2271475,1.0,1,3,1,5.0,,0.0,0,1958.0,A01,138Â 198Â 576,2.0,-1.0,-1.0,1733780,1.0,33,,0.0,2.0,1.0,A01,138Â 198Â 576,1.0
1015688,201900057219,7,11,11:40,1,2,1,1.0,7.0,51507,PLACE D'AUSTERLITZ,M,"49,0906560","4,8929992",51,2019,50.0,1.0,1.0,3.0,2271476,10.0,3,3,2,0.0,,2.0,3,1977.0,A01,138Â 198Â 573,0.0,-1.0,-1.0,1733781,1.0,17,,0.0,1.0,1.0,A01,138Â 198Â 573,1.0
1015688,201900057219,7,11,11:40,1,2,1,1.0,7.0,51507,PLACE D'AUSTERLITZ,M,"49,0906560","4,8929992",51,2019,50.0,1.0,1.0,3.0,2271477,1.0,1,1,1,4.0,,0.0,0,1971.0,A01,138Â 198Â 573,1.0,-1.0,-1.0,1733781,1.0,17,,0.0,1.0,1.0,A01,138Â 198Â 573,1.0
1015689,201900057220,9,11,09:05,1,1,1,1.0,3.0,44048,La GazillardiÃ¨re,M,"47,3966100"," -1,3031280",44,2019,80.0,1.0,1.0,4.0,2271478,1.0,1,3,1,5.0,,0.0,0,1982.0,B01,138Â 198Â 568,2.0,6.0,-1.0,1733782,0.0,33,,0.0,2.0,3.0,B01,138Â 198Â 568,0.0
1015689,201900057220,9,11,09:05,1,1,1,1.0,3.0,44048,La GazillardiÃ¨re,M,"47,3966100"," -1,3031280",44,2019,80.0,1.0,1.0,4.0,2271478,1.0,1,3,1,5.0,,0.0,0,1982.0,B01,138Â 198Â 568,2.0,6.0,-1.0,1733783,0.0,21,,0.0,0.0,6.0,A01,138Â 198Â 571,0.0
1015689,201900057220,9,11,09:05,1,1,1,1.0,3.0,44048,La GazillardiÃ¨re,M,"47,3966100"," -1,3031280",44,2019,80.0,1.0,1.0,4.0,2271479,1.0,1,1,1,4.0,,0.0,0,1996.0,A01,138Â 198Â 571,1.0,-1.0,-1.0,1733782,0.0,33,,0.0,2.0,3.0,B01,138Â 198Â 568,0.0
1015689,201900057220,9,11,09:05,1,1,1,1.0,3.0,44048,La GazillardiÃ¨re,M,"47,3966100"," -1,3031280",44,2019,80.0,1.0,1.0,4.0,2271479,1.0,1,1,1,4.0,,0.0,0,1996.0,A01,138Â 198Â 571,1.0,-1.0,-1.0,1733783,0.0,21,,0.0,0.0,6.0,A01,138Â 198Â 571,0.0
1015690,201900057221,10,25,21:12,5,2,1,1.0,6.0,10387,GEORGES POMPIDOU (RUE),M,"48,2961700","4,0941600",10,2019,70.0,1.0,1.0,4.0,2271480,1.0,1,2,1,0.0,,-1.0,0,1980.0,A01,138Â 198Â 570,2.0,8.0,-1.0,1733784,1.0,33,,14.0,0.0,1.0,A01,138Â 198Â 570,1.0
1015691,201900057222,7,11,05:05,3,1,1,1.0,1.0,62268,RD 341,M,"50,6745950","1,8105390",62,2019,80.0,1.0,1.0,3.0,2271481,1.0,1,4,1,1.0,,0.0,0,1986.0,B01,138Â 198Â 567,1.0,-1.0,-1.0,1733785,1.0,7,,0.0,2.0,1.0,B01,138Â 198Â 567,1.0
1015691,201900057222,7,11,05:05,3,1,1,1.0,1.0,62268,RD 341,M,"50,6745950","1,8105390",62,2019,80.0,1.0,1.0,3.0,2271481,1.0,1,4,1,1.0,,0.0,0,1986.0,B01,138Â 198Â 567,1.0,-1.0,-1.0,1733786,2.0,7,,0.0,2.0,1.0,A01,138Â 198Â 569,1.0
1015691,201900057222,7,11,05:05,3,1,1,1.0,1.0,62268,RD 341,M,"50,6745950","1,8105390",62,2019,80.0,1.0,1.0,3.0,2271482,1.0,1,4,1,5.0,,0.0,0,1999.0,A01,138Â 198Â 569,1.0,-1.0,-1.0,1733785,1.0,7,,0.0,2.0,1.0,B01,138Â 198Â 567,1.0
1015691,201900057222,7,11,05:05,3,1,1,1.0,1.0,62268,RD 341,M,"50,6745950","1,8105390",62,2019,80.0,1.0,1.0,3.0,2271482,1.0,1,4,1,5.0,,0.0,0,1999.0,A01,138Â 198Â 569,1.0,-1.0,-1.0,1733786,2.0,7,,0.0,2.0,1.0,A01,138Â 198Â 569,1.0
1015691,201900057222,7,11,05:05,3,1,1,1.0,1.0,62268,RD 341,M,"50,6745950","1,8105390",62,2019,80.0,1.0,1.0,3.0,2271483,2.0,2,4,1,5.0,,0.0,0,2001.0,A01,138Â 198Â 569,1.0,-1.0,-1.0,1733785,1.0,7,,0.0,2.0,1.0,B01,138Â 198Â 567,1.0
1015691,201900057222,7,11,05:05,3,1,1,1.0,1.0,62268,RD 341,M,"50,6745950","1,8105390",62,2019,80.0,1.0,1.0,3.0,2271483,2.0,2,4,1,5.0,,0.0,0,2001.0,A01,138Â 198Â 569,1.0,-1.0,-1.0,1733786,2.0,7,,0.0,2.0,1.0,A01,138Â 198Â 569,1.0
1015692,201900057223,9,23,07:30,3,1,1,8.0,7.0,29146,D70,M,"47,9488930"," -3,8459160",29,2019,80.0,3.0,2.0,3.0,2271484,1.0,1,4,2,1.0,,0.0,0,1983.0,A01,138Â 198Â 566,1.0,-1.0,-1.0,1733787,2.0,7,,13.0,0.0,1.0,A01,138Â 198Â 566,1.0