Unnamed: 0_x,num_acc,mois,jour,hrmn,lum,agg,int,atm,col,com,adr,gps,lat,long,dep,annee,vma,situ,surf,catr,Unnamed: 0_y,place,catu,grav,sexe,trajet,secu,locp,actp,an_nais,num_veh_x,id_vehicule_x,secu1,secu2,secu3,Unnamed: 0,senc,catv,occutc,obs,obsm,choc,num_veh_y,id_vehicule_y,motor
1015693,201900057224,1,2,10:20,1,1,1,1.0,7.0,55237,AUTOROUTE A4 PK 262.500 sens PARIS-METZ,M,"49,1190872","5,5185461",55,2019,-1.0,1.0,1.0,1.0,2271485,2.0,2,1,2,5.0,,0.0,0,1968.0,A01,138Â 198Â 602,1.0,-1.0,-1.0,1733788,1.0,7,,13.0,0.0,1.0,A01,138Â 198Â 602,1.0
1015693,201900057224,1,2,10:20,1,1,1,1.0,7.0,55237,AUTOROUTE A4 PK 262.500 sens PARIS-METZ,M,"49,1190872","5,5185461",55,2019,-1.0,1.0,1.0,1.0,2271486,1.0,1,4,2,5.0,,0.0,0,1996.0,A01,138Â 198Â 602,1.0,-1.0,-1.0,1733788,1.0,7,,13.0,0.0,1.0,A01,138Â 198Â 602,1.0
1015694,201900057225,10,25,12:09,1,2,6,1.0,3.0,10343,GAMBETTA (RUE),M,"48,2738203","4,0928686",10,2019,50.0,1.0,2.0,4.0,2271487,1.0,1,1,1,1.0,,-1.0, -1,1967.0,A01,138Â 198Â 564,1.0,8.0,-1.0,1733789,3.0,7,,0.0,2.0,1.0,A01,138Â 198Â 564,1.0
1015694,201900057225,10,25,12:09,1,2,6,1.0,3.0,10343,GAMBETTA (RUE),M,"48,2738203","4,0928686",10,2019,50.0,1.0,2.0,4.0,2271487,1.0,1,1,1,1.0,,-1.0, -1,1967.0,A01,138Â 198Â 564,1.0,8.0,-1.0,1733790,3.0,33,,0.0,2.0,7.0,B01,138Â 198Â 565,1.0
1015694,201900057225,10,25,12:09,1,2,6,1.0,3.0,10343,GAMBETTA (RUE),M,"48,2738203","4,0928686",10,2019,50.0,1.0,2.0,4.0,2271488,1.0,1,3,1,9.0,,-1.0, -1,1963.0,B01,138Â 198Â 565,2.0,6.0,-1.0,1733789,3.0,7,,0.0,2.0,1.0,A01,138Â 198Â 564,1.0
1015694,201900057225,10,25,12:09,1,2,6,1.0,3.0,10343,GAMBETTA (RUE),M,"48,2738203","4,0928686",10,2019,50.0,1.0,2.0,4.0,2271488,1.0,1,3,1,9.0,,-1.0, -1,1963.0,B01,138Â 198Â 565,2.0,6.0,-1.0,1733790,3.0,33,,0.0,2.0,7.0,B01,138Â 198Â 565,1.0
1015695,201900057226,7,10,11:00,1,2,3,1.0,3.0,78417,Rue de la cote lesnÃ©,M,"48,8906610","1,6293350",78,2019,50.0,1.0,1.0,4.0,2271489,1.0,1,4,1,0.0,,0.0,0,1985.0,A01,138Â 198Â 562,2.0,-1.0,-1.0,1733791,3.0,1,,0.0,2.0,8.0,A01,138Â 198Â 562,5.0
1015695,201900057226,7,10,11:00,1,2,3,1.0,3.0,78417,Rue de la cote lesnÃ©,M,"48,8906610","1,6293350",78,2019,50.0,1.0,1.0,4.0,2271489,1.0,1,4,1,0.0,,0.0,0,1985.0,A01,138Â 198Â 562,2.0,-1.0,-1.0,1733792,3.0,7,,0.0,9.0,8.0,B01,138Â 198Â 563,1.0
1015695,201900057226,7,10,11:00,1,2,3,1.0,3.0,78417,Rue de la cote lesnÃ©,M,"48,8906610","1,6293350",78,2019,50.0,1.0,1.0,4.0,2271490,1.0,1,1,1,1.0,,0.0,0,2000.0,B01,138Â 198Â 563,1.0,-1.0,-1.0,1733791,3.0,1,,0.0,2.0,8.0,A01,138Â 198Â 562,5.0
1015695,201900057226,7,10,11:00,1,2,3,1.0,3.0,78417,Rue de la cote lesnÃ©,M,"48,8906610","1,6293350",78,2019,50.0,1.0,1.0,4.0,2271490,1.0,1,1,1,1.0,,0.0,0,2000.0,B01,138Â 198Â 563,1.0,-1.0,-1.0,1733792,3.0,7,,0.0,9.0,8.0,B01,138Â 198Â 563,1.0
1015696,201900057227,9,20,08:45,1,1,1,1.0,6.0,29268,Lieu-dit Lannon,M,"48,4871832"," -4,3515495",29,2019,80.0,1.0,1.0,4.0,2271491,10.0,3,2,1,5.0,,6.0,1,1938.0,A01,138Â 198Â 561,0.0,-1.0,-1.0,1733793,1.0,7,,0.0,1.0,2.0,A01,138Â 198Â 561,1.0
1015696,201900057227,9,20,08:45,1,1,1,1.0,6.0,29268,Lieu-dit Lannon,M,"48,4871832"," -4,3515495",29,2019,80.0,1.0,1.0,4.0,2271492,1.0,1,1,2,1.0,,0.0,0,1986.0,A01,138Â 198Â 561,8.0,-1.0,-1.0,1733793,1.0,7,,0.0,1.0,2.0,A01,138Â 198Â 561,1.0
1015697,201900057228,7,7,09:30,1,1,6,1.0,3.0,49135,La Croix de Beauvais,M,"47,6121420"," -0,5851090",49,2019,80.0,1.0,1.0,3.0,2271493,1.0,1,4,1,5.0,,0.0,0,1983.0,B01,138Â 198Â 555,2.0,-1.0,-1.0,1733794,0.0,1,,0.0,2.0,7.0,B01,138Â 198Â 555,5.0
1015697,201900057228,7,7,09:30,1,1,6,1.0,3.0,49135,La Croix de Beauvais,M,"47,6121420"," -0,5851090",49,2019,80.0,1.0,1.0,3.0,2271493,1.0,1,4,1,5.0,,0.0,0,1983.0,B01,138Â 198Â 555,2.0,-1.0,-1.0,1733795,1.0,7,,0.0,9.0,2.0,A01,138Â 198Â 560,1.0
1015697,201900057228,7,7,09:30,1,1,6,1.0,3.0,49135,La Croix de Beauvais,M,"47,6121420"," -0,5851090",49,2019,80.0,1.0,1.0,3.0,2271494,1.0,1,1,1,5.0,,0.0,0,1971.0,A01,138Â 198Â 560,1.0,-1.0,-1.0,1733794,0.0,1,,0.0,2.0,7.0,B01,138Â 198Â 555,5.0
1015697,201900057228,7,7,09:30,1,1,6,1.0,3.0,49135,La Croix de Beauvais,M,"47,6121420"," -0,5851090",49,2019,80.0,1.0,1.0,3.0,2271494,1.0,1,1,1,5.0,,0.0,0,1971.0,A01,138Â 198Â 560,1.0,-1.0,-1.0,1733795,1.0,7,,0.0,9.0,2.0,A01,138Â 198Â 560,1.0
1015698,201900057229,1,5,15:24,1,1,1,1.0,6.0,73309,A43,M,"45,5573170","5,7333615",73,2019,110.0,3.0,1.0,1.0,2271495,1.0,1,4,1,5.0,,0.0,0,1963.0,A01,138Â 198Â 551,1.0,-1.0,-1.0,1733796,2.0,7,,13.0,0.0,3.0,A01,138Â 198Â 551,1.0
1015698,201900057229,1,5,15:24,1,1,1,1.0,6.0,73309,A43,M,"45,5573170","5,7333615",73,2019,110.0,3.0,1.0,1.0,2271496,2.0,2,4,2,5.0,,0.0,0,1994.0,A01,138Â 198Â 551,1.0,-1.0,-1.0,1733796,2.0,7,,13.0,0.0,3.0,A01,138Â 198Â 551,1.0
1015698,201900057229,1,5,15:24,1,1,1,1.0,6.0,73309,A43,M,"45,5573170","5,7333615",73,2019,110.0,3.0,1.0,1.0,2271497,9.0,2,2,2,5.0,,0.0,0,1966.0,A01,138Â 198Â 551,1.0,-1.0,-1.0,1733796,2.0,7,,13.0,0.0,3.0,A01,138Â 198Â 551,1.0
1015699,201900057230,10,22,23:10,5,2,1,1.0,2.0,75112,BD PERIPHERIQUE INTERIEUR,M,"48,8280404","2,3954363",75,2019,70.0,1.0,1.0,4.0,2271498,1.0,1,1,1,1.0,,0.0,0,1992.0,B01,138Â 198Â 553,1.0,8.0,-1.0,1733797,1.0,7,,0.0,2.0,4.0,B01,138Â 198Â 553,1.0
1015699,201900057230,10,22,23:10,5,2,1,1.0,2.0,75112,BD PERIPHERIQUE INTERIEUR,M,"48,8280404","2,3954363",75,2019,70.0,1.0,1.0,4.0,2271498,1.0,1,1,1,1.0,,0.0,0,1992.0,B01,138Â 198Â 553,1.0,8.0,-1.0,1733798,1.0,32,,0.0,2.0,1.0,A01,138Â 198Â 554,1.0
1015699,201900057230,10,22,23:10,5,2,1,1.0,2.0,75112,BD PERIPHERIQUE INTERIEUR,M,"48,8280404","2,3954363",75,2019,70.0,1.0,1.0,4.0,2271499,1.0,1,4,1,1.0,,0.0,0,1985.0,A01,138Â 198Â 554,2.0,6.0,-1.0,1733797,1.0,7,,0.0,2.0,4.0,B01,138Â 198Â 553,1.0
1015699,201900057230,10,22,23:10,5,2,1,1.0,2.0,75112,BD PERIPHERIQUE INTERIEUR,M,"48,8280404","2,3954363",75,2019,70.0,1.0,1.0,4.0,2271499,1.0,1,4,1,1.0,,0.0,0,1985.0,A01,138Â 198Â 554,2.0,6.0,-1.0,1733798,1.0,32,,0.0,2.0,1.0,A01,138Â 198Â 554,1.0
1015700,201900057231,7,4,08:40,1,1,3,1.0,3.0,34085,Avenue Puech de Poujoulat,M,"43,4465810","3,2769920",34,2019,80.0,1.0,1.0,3.0,2271500,1.0,1,4,1,4.0,,0.0,0,1970.0,A01,138Â 198Â 549,0.0,-1.0,-1.0,1733799,2.0,21,,0.0,2.0,3.0,A01,138Â 198Â 549,1.0
1015700,201900057231,7,4,08:40,1,1,3,1.0,3.0,34085,Avenue Puech de Poujoulat,M,"43,4465810","3,2769920",34,2019,80.0,1.0,1.0,3.0,2271500,1.0,1,4,1,4.0,,0.0,0,1970.0,A01,138Â 198Â 549,0.0,-1.0,-1.0,1733800,2.0,7,,5.0,0.0,2.0,B01,138Â 198Â 550,1.0
1015700,201900057231,7,4,08:40,1,1,3,1.0,3.0,34085,Avenue Puech de Poujoulat,M,"43,4465810","3,2769920",34,2019,80.0,1.0,1.0,3.0,2271501,2.0,2,1,1,4.0,,0.0,0,1970.0,A01,138Â 198Â 549,0.0,-1.0,-1.0,1733799,2.0,21,,0.0,2.0,3.0,A01,138Â 198Â 549,1.0
1015700,201900057231,7,4,08:40,1,1,3,1.0,3.0,34085,Avenue Puech de Poujoulat,M,"43,4465810","3,2769920",34,2019,80.0,1.0,1.0,3.0,2271501,2.0,2,1,1,4.0,,0.0,0,1970.0,A01,138Â 198Â 549,0.0,-1.0,-1.0,1733800,2.0,7,,5.0,0.0,2.0,B01,138Â 198Â 550,1.0
1015700,201900057231,7,4,08:40,1,1,3,1.0,3.0,34085,Avenue Puech de Poujoulat,M,"43,4465810","3,2769920",34,2019,80.0,1.0,1.0,3.0,2271502,1.0,1,1,1,1.0,,0.0,0,1999.0,B01,138Â 198Â 550,1.0,-1.0,-1.0,1733799,2.0,21,,0.0,2.0,3.0,A01,138Â 198Â 549,1.0
1015700,201900057231,7,4,08:40,1,1,3,1.0,3.0,34085,Avenue Puech de Poujoulat,M,"43,4465810","3,2769920",34,2019,80.0,1.0,1.0,3.0,2271502,1.0,1,1,1,1.0,,0.0,0,1999.0,B01,138Â 198Â 550,1.0,-1.0,-1.0,1733800,2.0,7,,5.0,0.0,2.0,B01,138Â 198Â 550,1.0
1015701,201900057232,1,3,04:55,3,1,1,1.0,6.0,74118,A411 PR 0+300,M,"46,1830910","6,2221960",74,2019,70.0,1.0,7.0,1.0,2271503,1.0,1,4,1,5.0,,0.0,0,1989.0,A01,138Â 198Â 548,1.0,-1.0,-1.0,1733801,2.0,7,,3.0,0.0,1.0,A01,138Â 198Â 548,1.0
1015702,201900057233,9,9,08:10,1,2,1,1.0,6.0,38130,Chemin de Martel,M,"45,3948200","5,2662500",38,2019,50.0,1.0,1.0,4.0,2271504,10.0,3,4,2,4.0,,2.0,1,1979.0,A01,138Â 198Â 552,0.0,-1.0,-1.0,1733802,1.0,7,,0.0,1.0,2.0,A01,138Â 198Â 552,1.0
1015702,201900057233,9,9,08:10,1,2,1,1.0,6.0,38130,Chemin de Martel,M,"45,3948200","5,2662500",38,2019,50.0,1.0,1.0,4.0,2271505,1.0,1,1,1,0.0,,0.0,0,1998.0,A01,138Â 198Â 552,1.0,-1.0,-1.0,1733802,1.0,7,,0.0,1.0,2.0,A01,138Â 198Â 552,1.0
1015703,201900057234,7,8,12:40,1,2,6,7.0,3.0,44003,rue Jules Vernes,M,"47,3827810"," -1,1792360",44,2019,50.0,1.0,1.0,4.0,2271506,1.0,1,1,2,1.0,,0.0,0,1998.0,B01,138Â 198Â 544,1.0,-1.0,-1.0,1733803,0.0,7,,0.0,9.0,8.0,B01,138Â 198Â 544,1.0
1015703,201900057234,7,8,12:40,1,2,6,7.0,3.0,44003,rue Jules Vernes,M,"47,3827810"," -1,1792360",44,2019,50.0,1.0,1.0,4.0,2271506,1.0,1,1,2,1.0,,0.0,0,1998.0,B01,138Â 198Â 544,1.0,-1.0,-1.0,1733804,0.0,1,,0.0,2.0,1.0,A01,138Â 198Â 546,5.0
1015703,201900057234,7,8,12:40,1,2,6,7.0,3.0,44003,rue Jules Vernes,M,"47,3827810"," -1,1792360",44,2019,50.0,1.0,1.0,4.0,2271507,1.0,1,3,1,1.0,,0.0,0,1986.0,A01,138Â 198Â 546,0.0,-1.0,-1.0,1733803,0.0,7,,0.0,9.0,8.0,B01,138Â 198Â 544,1.0
1015703,201900057234,7,8,12:40,1,2,6,7.0,3.0,44003,rue Jules Vernes,M,"47,3827810"," -1,1792360",44,2019,50.0,1.0,1.0,4.0,2271507,1.0,1,3,1,1.0,,0.0,0,1986.0,A01,138Â 198Â 546,0.0,-1.0,-1.0,1733804,0.0,1,,0.0,2.0,1.0,A01,138Â 198Â 546,5.0
1015704,201900057235,10,25,14:54,1,2,2,1.0,3.0,75107,PONT ALEXANDRE III,M,"48,8628232","2,3134643",75,2019,50.0,1.0,1.0,4.0,2271508,1.0,1,4,1,4.0,,0.0,0,1971.0,B01,138Â 198Â 545,2.0,6.0,-1.0,1733805,1.0,32,,0.0,2.0,5.0,B01,138Â 198Â 545,1.0
1015704,201900057235,10,25,14:54,1,2,2,1.0,3.0,75107,PONT ALEXANDRE III,M,"48,8628232","2,3134643",75,2019,50.0,1.0,1.0,4.0,2271508,1.0,1,4,1,4.0,,0.0,0,1971.0,B01,138Â 198Â 545,2.0,6.0,-1.0,1733806,1.0,7,,0.0,2.0,1.0,A01,138Â 198Â 547,1.0
1015704,201900057235,10,25,14:54,1,2,2,1.0,3.0,75107,PONT ALEXANDRE III,M,"48,8628232","2,3134643",75,2019,50.0,1.0,1.0,4.0,2271509,1.0,1,1,1,4.0,,0.0,0,1951.0,A01,138Â 198Â 547,1.0,8.0,-1.0,1733805,1.0,32,,0.0,2.0,5.0,B01,138Â 198Â 545,1.0
1015704,201900057235,10,25,14:54,1,2,2,1.0,3.0,75107,PONT ALEXANDRE III,M,"48,8628232","2,3134643",75,2019,50.0,1.0,1.0,4.0,2271509,1.0,1,1,1,4.0,,0.0,0,1951.0,A01,138Â 198Â 547,1.0,8.0,-1.0,1733806,1.0,7,,0.0,2.0,1.0,A01,138Â 198Â 547,1.0
1015705,201900057236,1,3,15:55,1,1,2,1.0,3.0,27669,INTERSECTION D89 / RUE DE L'ÃGLISE,M,"49,3680300","0,6310590",27,2019,80.0,1.0,1.0,3.0,2271510,1.0,1,1,1,1.0,,0.0,0,1976.0,B01,138Â 198Â 539,1.0,-1.0,-1.0,1733807,0.0,13,,0.0,2.0,2.0,B01,138Â 198Â 539,1.0
1015705,201900057236,1,3,15:55,1,1,2,1.0,3.0,27669,INTERSECTION D89 / RUE DE L'ÃGLISE,M,"49,3680300","0,6310590",27,2019,80.0,1.0,1.0,3.0,2271510,1.0,1,1,1,1.0,,0.0,0,1976.0,B01,138Â 198Â 539,1.0,-1.0,-1.0,1733808,0.0,33,,0.0,2.0,1.0,A01,138Â 198Â 543,1.0
1015705,201900057236,1,3,15:55,1,1,2,1.0,3.0,27669,INTERSECTION D89 / RUE DE L'ÃGLISE,M,"49,3680300","0,6310590",27,2019,80.0,1.0,1.0,3.0,2271511,1.0,1,2,1,0.0,,0.0,0,2000.0,A01,138Â 198Â 543,2.0,-1.0,-1.0,1733807,0.0,13,,0.0,2.0,2.0,B01,138Â 198Â 539,1.0
1015705,201900057236,1,3,15:55,1,1,2,1.0,3.0,27669,INTERSECTION D89 / RUE DE L'ÃGLISE,M,"49,3680300","0,6310590",27,2019,80.0,1.0,1.0,3.0,2271511,1.0,1,2,1,0.0,,0.0,0,2000.0,A01,138Â 198Â 543,2.0,-1.0,-1.0,1733808,0.0,33,,0.0,2.0,1.0,A01,138Â 198Â 543,1.0
1015706,201900057237,1,1,09:00,1,1,1,1.0,6.0,98722,PK 38 - cotÃ© montagne - district de HITIAA,M," -17,6001950"," -149,3050980",987,2019,60.0,8.0,1.0,4.0,2271512,1.0,1,3,1,5.0,,0.0,0,1996.0,A01,138Â 198Â 537,1.0,-1.0,-1.0,1733809,1.0,7,,13.0,0.0,1.0,A01,138Â 198Â 537,1.0
1015707,201900057238,1,1,02:00,3,1,1,1.0,1.0,98814,Tribu de KEDEIGNE,M," -21,0149800","167,2224700",988,2019,90.0,1.0,1.0,4.0,2271513,1.0,1,4,1,5.0,,0.0,0,1985.0,A01,138Â 198Â 535,1.0,-1.0,-1.0,1733810,1.0,7,,0.0,2.0,3.0,A01,138Â 198Â 535,1.0
1015707,201900057238,1,1,02:00,3,1,1,1.0,1.0,98814,Tribu de KEDEIGNE,M," -21,0149800","167,2224700",988,2019,90.0,1.0,1.0,4.0,2271513,1.0,1,4,1,5.0,,0.0,0,1985.0,A01,138Â 198Â 535,1.0,-1.0,-1.0,1733811,2.0,7,,0.0,2.0,3.0,B01,138Â 198Â 536,1.0
1015707,201900057238,1,1,02:00,3,1,1,1.0,1.0,98814,Tribu de KEDEIGNE,M," -21,0149800","167,2224700",988,2019,90.0,1.0,1.0,4.0,2271514,3.0,2,4,1,5.0,,0.0,0,1973.0,B01,138Â 198Â 536,8.0,-1.0,-1.0,1733810,1.0,7,,0.0,2.0,3.0,A01,138Â 198Â 535,1.0
1015707,201900057238,1,1,02:00,3,1,1,1.0,1.0,98814,Tribu de KEDEIGNE,M," -21,0149800","167,2224700",988,2019,90.0,1.0,1.0,4.0,2271514,3.0,2,4,1,5.0,,0.0,0,1973.0,B01,138Â 198Â 536,8.0,-1.0,-1.0,1733811,2.0,7,,0.0,2.0,3.0,B01,138Â 198Â 536,1.0
1015707,201900057238,1,1,02:00,3,1,1,1.0,1.0,98814,Tribu de KEDEIGNE,M," -21,0149800","167,2224700",988,2019,90.0,1.0,1.0,4.0,2271515,8.0,2,3,1,5.0,,0.0,0,1992.0,B01,138Â 198Â 536,8.0,8.0,8.0,1733810,1.0,7,,0.0,2.0,3.0,A01,138Â 198Â 535,1.0
1015707,201900057238,1,1,02:00,3,1,1,1.0,1.0,98814,Tribu de KEDEIGNE,M," -21,0149800","167,2224700",988,2019,90.0,1.0,1.0,4.0,2271515,8.0,2,3,1,5.0,,0.0,0,1992.0,B01,138Â 198Â 536,8.0,8.0,8.0,1733811,2.0,7,,0.0,2.0,3.0,B01,138Â 198Â 536,1.0
1015707,201900057238,1,1,02:00,3,1,1,1.0,1.0,98814,Tribu de KEDEIGNE,M," -21,0149800","167,2224700",988,2019,90.0,1.0,1.0,4.0,2271516,4.0,2,1,1,5.0,,0.0,0,1991.0,B01,138Â 198Â 536,8.0,-1.0,-1.0,1733810,1.0,7,,0.0,2.0,3.0,A01,138Â 198Â 535,1.0
1015707,201900057238,1,1,02:00,3,1,1,1.0,1.0,98814,Tribu de KEDEIGNE,M," -21,0149800","167,2224700",988,2019,90.0,1.0,1.0,4.0,2271516,4.0,2,1,1,5.0,,0.0,0,1991.0,B01,138Â 198Â 536,8.0,-1.0,-1.0,1733811,2.0,7,,0.0,2.0,3.0,B01,138Â 198Â 536,1.0
1015707,201900057238,1,1,02:00,3,1,1,1.0,1.0,98814,Tribu de KEDEIGNE,M," -21,0149800","167,2224700",988,2019,90.0,1.0,1.0,4.0,2271517,1.0,1,1,2,5.0,,0.0,0,1972.0,B01,138Â 198Â 536,1.0,-1.0,-1.0,1733810,1.0,7,,0.0,2.0,3.0,A01,138Â 198Â 535,1.0
1015707,201900057238,1,1,02:00,3,1,1,1.0,1.0,98814,Tribu de KEDEIGNE,M," -21,0149800","167,2224700",988,2019,90.0,1.0,1.0,4.0,2271517,1.0,1,1,2,5.0,,0.0,0,1972.0,B01,138Â 198Â 536,1.0,-1.0,-1.0,1733811,2.0,7,,0.0,2.0,3.0,B01,138Â 198Â 536,1.0
1015708,201900057239,1,1,16:00,1,1,1,1.0,7.0,98804,"Tribu de NakÃ©ty KopÃ©lia, piste ""KopÃ©lia 1""",M," -21,5614200","166,0215300",988,2019,-1.0,8.0,9.0,4.0,2271518,4.0,2,2,2,5.0,,0.0,0,2012.0,A01,138Â 198Â 534,0.0,-1.0,-1.0,1733812,0.0,7,,16.0,0.0,0.0,A01,138Â 198Â 534,1.0
1015708,201900057239,1,1,16:00,1,1,1,1.0,7.0,98804,"Tribu de NakÃ©ty KopÃ©lia, piste ""KopÃ©lia 1""",M," -21,5614200","166,0215300",988,2019,-1.0,8.0,9.0,4.0,2271519,1.0,1,1,1,5.0,,0.0,0,1968.0,A01,138Â 198Â 534,0.0,-1.0,-1.0,1733812,0.0,7,,16.0,0.0,0.0,A01,138Â 198Â 534,1.0
1015709,201900057240,1,1,01:20,3,1,1,1.0,6.0,98802,RT 1 PK 93+500,M," -21,8452500","165,9182200",988,2019,110.0,3.0,1.0,2.0,2271520,1.0,1,3,1,5.0,,0.0,0,1993.0,A01,138Â 198Â 533,8.0,-1.0,-1.0,1733813,2.0,7,,13.0,0.0,1.0,A01,138Â 198Â 533,1.0
1015710,201900057241,1,1,03:50,3,1,1,1.0,6.0,98613,RT 1 - FALALEU,M,"63,5680660","0,8882380",986,2019,70.0,8.0,1.0,2.0,2271521,1.0,1,3,1,5.0,,0.0,0,1984.0,A01,138Â 198Â 532,0.0,-1.0,-1.0,1733814,3.0,7,,2.0,0.0,1.0,A01,138Â 198Â 532,1.0
1015711,201900057242,7,9,13:41,1,1,1,1.0,1.0,29010,D32,M,"48,5151277"," -4,1451143",29,2019,80.0,1.0,1.0,3.0,2271522,3.0,2,3,2,0.0,,0.0,0,2014.0,B01,138Â 198Â 540,1.0,-1.0,-1.0,1733815,1.0,7,,0.0,2.0,1.0,B01,138Â 198Â 540,1.0
1015711,201900057242,7,9,13:41,1,1,1,1.0,1.0,29010,D32,M,"48,5151277"," -4,1451143",29,2019,80.0,1.0,1.0,3.0,2271522,3.0,2,3,2,0.0,,0.0,0,2014.0,B01,138Â 198Â 540,1.0,-1.0,-1.0,1733816,2.0,7,,0.0,2.0,1.0,A01,138Â 198Â 541,1.0
1015711,201900057242,7,9,13:41,1,1,1,1.0,1.0,29010,D32,M,"48,5151277"," -4,1451143",29,2019,80.0,1.0,1.0,3.0,2271523,2.0,2,3,2,5.0,,0.0,0,1984.0,B01,138Â 198Â 540,1.0,-1.0,-1.0,1733815,1.0,7,,0.0,2.0,1.0,B01,138Â 198Â 540,1.0
1015711,201900057242,7,9,13:41,1,1,1,1.0,1.0,29010,D32,M,"48,5151277"," -4,1451143",29,2019,80.0,1.0,1.0,3.0,2271523,2.0,2,3,2,5.0,,0.0,0,1984.0,B01,138Â 198Â 540,1.0,-1.0,-1.0,1733816,2.0,7,,0.0,2.0,1.0,A01,138Â 198Â 541,1.0
1015711,201900057242,7,9,13:41,1,1,1,1.0,1.0,29010,D32,M,"48,5151277"," -4,1451143",29,2019,80.0,1.0,1.0,3.0,2271524,4.0,2,3,1,0.0,,0.0,0,2015.0,B01,138Â 198Â 540,1.0,-1.0,-1.0,1733815,1.0,7,,0.0,2.0,1.0,B01,138Â 198Â 540,1.0
1015711,201900057242,7,9,13:41,1,1,1,1.0,1.0,29010,D32,M,"48,5151277"," -4,1451143",29,2019,80.0,1.0,1.0,3.0,2271524,4.0,2,3,1,0.0,,0.0,0,2015.0,B01,138Â 198Â 540,1.0,-1.0,-1.0,1733816,2.0,7,,0.0,2.0,1.0,A01,138Â 198Â 541,1.0
1015711,201900057242,7,9,13:41,1,1,1,1.0,1.0,29010,D32,M,"48,5151277"," -4,1451143",29,2019,80.0,1.0,1.0,3.0,2271525,1.0,1,3,2,5.0,,0.0,0,1967.0,B01,138Â 198Â 540,1.0,-1.0,-1.0,1733815,1.0,7,,0.0,2.0,1.0,B01,138Â 198Â 540,1.0
1015711,201900057242,7,9,13:41,1,1,1,1.0,1.0,29010,D32,M,"48,5151277"," -4,1451143",29,2019,80.0,1.0,1.0,3.0,2271525,1.0,1,3,2,5.0,,0.0,0,1967.0,B01,138Â 198Â 540,1.0,-1.0,-1.0,1733816,2.0,7,,0.0,2.0,1.0,A01,138Â 198Â 541,1.0
1015711,201900057242,7,9,13:41,1,1,1,1.0,1.0,29010,D32,M,"48,5151277"," -4,1451143",29,2019,80.0,1.0,1.0,3.0,2271526,2.0,2,4,2,5.0,,0.0,0,1976.0,A01,138Â 198Â 541,1.0,-1.0,-1.0,1733815,1.0,7,,0.0,2.0,1.0,B01,138Â 198Â 540,1.0
1015711,201900057242,7,9,13:41,1,1,1,1.0,1.0,29010,D32,M,"48,5151277"," -4,1451143",29,2019,80.0,1.0,1.0,3.0,2271526,2.0,2,4,2,5.0,,0.0,0,1976.0,A01,138Â 198Â 541,1.0,-1.0,-1.0,1733816,2.0,7,,0.0,2.0,1.0,A01,138Â 198Â 541,1.0
1015711,201900057242,7,9,13:41,1,1,1,1.0,1.0,29010,D32,M,"48,5151277"," -4,1451143",29,2019,80.0,1.0,1.0,3.0,2271527,1.0,1,3,1,5.0,,0.0,0,1957.0,A01,138Â 198Â 541,1.0,-1.0,-1.0,1733815,1.0,7,,0.0,2.0,1.0,B01,138Â 198Â 540,1.0
1015711,201900057242,7,9,13:41,1,1,1,1.0,1.0,29010,D32,M,"48,5151277"," -4,1451143",29,2019,80.0,1.0,1.0,3.0,2271527,1.0,1,3,1,5.0,,0.0,0,1957.0,A01,138Â 198Â 541,1.0,-1.0,-1.0,1733816,2.0,7,,0.0,2.0,1.0,A01,138Â 198Â 541,1.0
1015712,201900057243,7,10,18:05,1,1,1,1.0,1.0,26211,Chemin des Muletiers,M,"44,3568970","4,8745570",26,2019,80.0,1.0,1.0,4.0,2271528,1.0,1,1,2,3.0,,0.0,0,1947.0,B01,138Â 198Â 529,1.0,-1.0,-1.0,1733817,3.0,7,,0.0,2.0,3.0,B01,138Â 198Â 529,1.0
1015712,201900057243,7,10,18:05,1,1,1,1.0,1.0,26211,Chemin des Muletiers,M,"44,3568970","4,8745570",26,2019,80.0,1.0,1.0,4.0,2271528,1.0,1,1,2,3.0,,0.0,0,1947.0,B01,138Â 198Â 529,1.0,-1.0,-1.0,1733818,3.0,2,,0.0,2.0,2.0,A01,138Â 198Â 530,1.0
1015712,201900057243,7,10,18:05,1,1,1,1.0,1.0,26211,Chemin des Muletiers,M,"44,3568970","4,8745570",26,2019,80.0,1.0,1.0,4.0,2271529,1.0,1,3,1,5.0,,0.0,0,2004.0,A01,138Â 198Â 530,2.0,6.0,-1.0,1733817,3.0,7,,0.0,2.0,3.0,B01,138Â 198Â 529,1.0
1015712,201900057243,7,10,18:05,1,1,1,1.0,1.0,26211,Chemin des Muletiers,M,"44,3568970","4,8745570",26,2019,80.0,1.0,1.0,4.0,2271529,1.0,1,3,1,5.0,,0.0,0,2004.0,A01,138Â 198Â 530,2.0,6.0,-1.0,1733818,3.0,2,,0.0,2.0,2.0,A01,138Â 198Â 530,1.0
1015713,201900057244,9,22,19:30,2,1,1,1.0,7.0,03138,Le Tureau,M,"46,2650942","3,6134605",3,2019,80.0,1.0,2.0,3.0,2271530,1.0,1,3,1,5.0,,0.0,0,1977.0,A01,138Â 198Â 542,2.0,-1.0,-1.0,1733819,1.0,2,,0.0,0.0,7.0,A01,138Â 198Â 542,1.0