Unnamed: 0_x,num_acc,mois,jour,hrmn,lum,agg,int,atm,col,com,adr,gps,lat,long,dep,annee,vma,situ,surf,catr,Unnamed: 0_y,place,catu,grav,sexe,trajet,secu,locp,actp,an_nais,num_veh_x,id_vehicule_x,secu1,secu2,secu3,Unnamed: 0,senc,catv,occutc,obs,obsm,choc,num_veh_y,id_vehicule_y,motor
1015714,201900057245,10,23,13:00,1,2,2,1.0,6.0,75116,RUE MIGNET,M,"48,8490936","2,2693908",75,2019,50.0,1.0,1.0,4.0,2271531,10.0,3,3,1,5.0,,9.0,A,1997.0,A01,138Â 198Â 538,0.0,-1.0,-1.0,1733820,1.0,7,,1.0,1.0,1.0,A01,138Â 198Â 538,2.0
1015714,201900057245,10,23,13:00,1,2,2,1.0,6.0,75116,RUE MIGNET,M,"48,8490936","2,2693908",75,2019,50.0,1.0,1.0,4.0,2271532,1.0,1,1,1,1.0,,0.0,0,1972.0,A01,138Â 198Â 538,1.0,0.0,-1.0,1733820,1.0,7,,1.0,1.0,1.0,A01,138Â 198Â 538,2.0
1015715,201900057246,10,25,15:55,1,2,2,1.0,3.0,75120,RUE BELGRAND,M,"48,8646808","2,4041699",75,2019,50.0,1.0,1.0,4.0,2271533,1.0,1,4,1,1.0,,0.0,0,1991.0,B01,138Â 198Â 525,2.0,6.0,-1.0,1733821,1.0,32,,0.0,2.0,7.0,B01,138Â 198Â 525,1.0
1015715,201900057246,10,25,15:55,1,2,2,1.0,3.0,75120,RUE BELGRAND,M,"48,8646808","2,4041699",75,2019,50.0,1.0,1.0,4.0,2271533,1.0,1,4,1,1.0,,0.0,0,1991.0,B01,138Â 198Â 525,2.0,6.0,-1.0,1733822,1.0,7,,0.0,2.0,3.0,A01,138Â 198Â 526,1.0
1015715,201900057246,10,25,15:55,1,2,2,1.0,3.0,75120,RUE BELGRAND,M,"48,8646808","2,4041699",75,2019,50.0,1.0,1.0,4.0,2271534,1.0,1,1,2,1.0,,0.0,0,1977.0,A01,138Â 198Â 526,1.0,0.0,-1.0,1733821,1.0,32,,0.0,2.0,7.0,B01,138Â 198Â 525,1.0
1015715,201900057246,10,25,15:55,1,2,2,1.0,3.0,75120,RUE BELGRAND,M,"48,8646808","2,4041699",75,2019,50.0,1.0,1.0,4.0,2271534,1.0,1,1,2,1.0,,0.0,0,1977.0,A01,138Â 198Â 526,1.0,0.0,-1.0,1733822,1.0,7,,0.0,2.0,3.0,A01,138Â 198Â 526,1.0
1015716,201900057247,7,10,19:17,1,1,1,1.0,1.0,05072,lieu dit Les Roberts,M,"44,6440990","6,0854000",5,2019,80.0,1.0,1.0,2.0,2271535,2.0,2,1,1,5.0,,0.0,0,1986.0,A01,138Â 198Â 523,1.0,-1.0,-1.0,1733823,2.0,7,,0.0,2.0,1.0,A01,138Â 198Â 523,1.0
1015716,201900057247,7,10,19:17,1,1,1,1.0,1.0,05072,lieu dit Les Roberts,M,"44,6440990","6,0854000",5,2019,80.0,1.0,1.0,2.0,2271535,2.0,2,1,1,5.0,,0.0,0,1986.0,A01,138Â 198Â 523,1.0,-1.0,-1.0,1733824,1.0,33,,3.0,2.0,1.0,B01,138Â 198Â 528,1.0
1015716,201900057247,7,10,19:17,1,1,1,1.0,1.0,05072,lieu dit Les Roberts,M,"44,6440990","6,0854000",5,2019,80.0,1.0,1.0,2.0,2271536,1.0,1,1,2,5.0,,0.0,0,1984.0,A01,138Â 198Â 523,1.0,-1.0,-1.0,1733823,2.0,7,,0.0,2.0,1.0,A01,138Â 198Â 523,1.0
1015716,201900057247,7,10,19:17,1,1,1,1.0,1.0,05072,lieu dit Les Roberts,M,"44,6440990","6,0854000",5,2019,80.0,1.0,1.0,2.0,2271536,1.0,1,1,2,5.0,,0.0,0,1984.0,A01,138Â 198Â 523,1.0,-1.0,-1.0,1733824,1.0,33,,3.0,2.0,1.0,B01,138Â 198Â 528,1.0
1015716,201900057247,7,10,19:17,1,1,1,1.0,1.0,05072,lieu dit Les Roberts,M,"44,6440990","6,0854000",5,2019,80.0,1.0,1.0,2.0,2271537,1.0,1,3,1,5.0,,0.0,0,1993.0,B01,138Â 198Â 528,2.0,-1.0,-1.0,1733823,2.0,7,,0.0,2.0,1.0,A01,138Â 198Â 523,1.0
1015716,201900057247,7,10,19:17,1,1,1,1.0,1.0,05072,lieu dit Les Roberts,M,"44,6440990","6,0854000",5,2019,80.0,1.0,1.0,2.0,2271537,1.0,1,3,1,5.0,,0.0,0,1993.0,B01,138Â 198Â 528,2.0,-1.0,-1.0,1733824,1.0,33,,3.0,2.0,1.0,B01,138Â 198Â 528,1.0
1015717,201900057248,1,1,06:40,1,1,1,3.0,1.0,97607,RN3 Tsararano,M," -12,8531390","45,1760570",976,2019,80.0,1.0,2.0,2.0,2271538,1.0,1,1,1,5.0,,0.0,0,1979.0,A01,138Â 198Â 521,8.0,-1.0,-1.0,1733825,2.0,7,,0.0,2.0,1.0,A01,138Â 198Â 521,0.0
1015717,201900057248,1,1,06:40,1,1,1,3.0,1.0,97607,RN3 Tsararano,M," -12,8531390","45,1760570",976,2019,80.0,1.0,2.0,2.0,2271538,1.0,1,1,1,5.0,,0.0,0,1979.0,A01,138Â 198Â 521,8.0,-1.0,-1.0,1733826,1.0,7,,0.0,2.0,1.0,B01,138Â 198Â 524,1.0
1015717,201900057248,1,1,06:40,1,1,1,3.0,1.0,97607,RN3 Tsararano,M," -12,8531390","45,1760570",976,2019,80.0,1.0,2.0,2.0,2271539,2.0,2,4,2,5.0,,0.0,0,1996.0,A01,138Â 198Â 521,8.0,-1.0,-1.0,1733825,2.0,7,,0.0,2.0,1.0,A01,138Â 198Â 521,0.0
1015717,201900057248,1,1,06:40,1,1,1,3.0,1.0,97607,RN3 Tsararano,M," -12,8531390","45,1760570",976,2019,80.0,1.0,2.0,2.0,2271539,2.0,2,4,2,5.0,,0.0,0,1996.0,A01,138Â 198Â 521,8.0,-1.0,-1.0,1733826,1.0,7,,0.0,2.0,1.0,B01,138Â 198Â 524,1.0
1015717,201900057248,1,1,06:40,1,1,1,3.0,1.0,97607,RN3 Tsararano,M," -12,8531390","45,1760570",976,2019,80.0,1.0,2.0,2.0,2271540,7.0,2,3,2,5.0,,0.0,0,1993.0,A01,138Â 198Â 521,8.0,-1.0,-1.0,1733825,2.0,7,,0.0,2.0,1.0,A01,138Â 198Â 521,0.0
1015717,201900057248,1,1,06:40,1,1,1,3.0,1.0,97607,RN3 Tsararano,M," -12,8531390","45,1760570",976,2019,80.0,1.0,2.0,2.0,2271540,7.0,2,3,2,5.0,,0.0,0,1993.0,A01,138Â 198Â 521,8.0,-1.0,-1.0,1733826,1.0,7,,0.0,2.0,1.0,B01,138Â 198Â 524,1.0
1015717,201900057248,1,1,06:40,1,1,1,3.0,1.0,97607,RN3 Tsararano,M," -12,8531390","45,1760570",976,2019,80.0,1.0,2.0,2.0,2271541,1.0,1,1,2,0.0,,0.0,0,1978.0,B01,138Â 198Â 524,8.0,-1.0,-1.0,1733825,2.0,7,,0.0,2.0,1.0,A01,138Â 198Â 521,0.0
1015717,201900057248,1,1,06:40,1,1,1,3.0,1.0,97607,RN3 Tsararano,M," -12,8531390","45,1760570",976,2019,80.0,1.0,2.0,2.0,2271541,1.0,1,1,2,0.0,,0.0,0,1978.0,B01,138Â 198Â 524,8.0,-1.0,-1.0,1733826,1.0,7,,0.0,2.0,1.0,B01,138Â 198Â 524,1.0
1015718,201900057249,10,24,19:10,5,2,4,1.0,6.0,75120,RUE DES PYRENEES,M,"48,8737177","2,3895432",75,2019,50.0,1.0,1.0,4.0,2271542,10.0,3,4,1,9.0,,3.0,3,1986.0,A01,138Â 198Â 520,0.0,-1.0,-1.0,1733827,2.0,7,,0.0,1.0,2.0,A01,138Â 198Â 520,1.0
1015718,201900057249,10,24,19:10,5,2,4,1.0,6.0,75120,RUE DES PYRENEES,M,"48,8737177","2,3895432",75,2019,50.0,1.0,1.0,4.0,2271543,10.0,3,4,1,5.0,,3.0,3,1987.0,A01,138Â 198Â 520,0.0,-1.0,-1.0,1733827,2.0,7,,0.0,1.0,2.0,A01,138Â 198Â 520,1.0
1015718,201900057249,10,24,19:10,5,2,4,1.0,6.0,75120,RUE DES PYRENEES,M,"48,8737177","2,3895432",75,2019,50.0,1.0,1.0,4.0,2271544,1.0,1,1,1,5.0,,0.0,0,1971.0,A01,138Â 198Â 520,1.0,0.0,-1.0,1733827,2.0,7,,0.0,1.0,2.0,A01,138Â 198Â 520,1.0
1015719,201900057250,7,11,11:00,1,1,1,1.0,7.0,83046,,M,"43,4933840","6,1652550",83,2019,80.0,1.0,1.0,3.0,2271545,1.0,1,3,2,1.0,,0.0,0,1990.0,A01,138Â 198Â 519,6.0,2.0,-1.0,1733828,2.0,31,,0.0,0.0,7.0,A01,138Â 198Â 519,1.0
1015720,201900057251,1,4,08:30,1,2,1,1.0,3.0,97415,Rue du Grand Hotel,M," -21,0312150","55,2275350",974,2019,50.0,1.0,1.0,4.0,2271546,1.0,1,3,1,0.0,,0.0,0,1976.0,A01,138Â 198Â 517,2.0,-1.0,-1.0,1733829,3.0,33,,0.0,2.0,1.0,A01,138Â 198Â 517,0.0
1015720,201900057251,1,4,08:30,1,2,1,1.0,3.0,97415,Rue du Grand Hotel,M," -21,0312150","55,2275350",974,2019,50.0,1.0,1.0,4.0,2271546,1.0,1,3,1,0.0,,0.0,0,1976.0,A01,138Â 198Â 517,2.0,-1.0,-1.0,1733830,3.0,7,,0.0,2.0,8.0,B01,138Â 198Â 518,0.0
1015720,201900057251,1,4,08:30,1,2,1,1.0,3.0,97415,Rue du Grand Hotel,M," -21,0312150","55,2275350",974,2019,50.0,1.0,1.0,4.0,2271547,1.0,1,1,2,0.0,,0.0,0,1968.0,B01,138Â 198Â 518,1.0,-1.0,-1.0,1733829,3.0,33,,0.0,2.0,1.0,A01,138Â 198Â 517,0.0
1015720,201900057251,1,4,08:30,1,2,1,1.0,3.0,97415,Rue du Grand Hotel,M," -21,0312150","55,2275350",974,2019,50.0,1.0,1.0,4.0,2271547,1.0,1,1,2,0.0,,0.0,0,1968.0,B01,138Â 198Â 518,1.0,-1.0,-1.0,1733830,3.0,7,,0.0,2.0,8.0,B01,138Â 198Â 518,0.0
1015721,201900057252,1,4,00:10,5,2,2,2.0,3.0,97311,av colonel tourtet,M,"5,4987583"," -54,0303004",973,2019,-1.0,1.0,2.0,4.0,2271548,2.0,2,3,2,0.0,,0.0,0,1998.0,B01,138Â 198Â 511,1.0,5.0,-1.0,1733831,0.0,7,,0.0,2.0,7.0,B01,138Â 198Â 511,0.0
1015721,201900057252,1,4,00:10,5,2,2,2.0,3.0,97311,av colonel tourtet,M,"5,4987583"," -54,0303004",973,2019,-1.0,1.0,2.0,4.0,2271548,2.0,2,3,2,0.0,,0.0,0,1998.0,B01,138Â 198Â 511,1.0,5.0,-1.0,1733832,3.0,7,,0.0,2.0,1.0,A01,138Â 198Â 512,0.0
1015721,201900057252,1,4,00:10,5,2,2,2.0,3.0,97311,av colonel tourtet,M,"5,4987583"," -54,0303004",973,2019,-1.0,1.0,2.0,4.0,2271549,1.0,1,4,1,0.0,,0.0,0,1998.0,B01,138Â 198Â 511,1.0,5.0,-1.0,1733831,0.0,7,,0.0,2.0,7.0,B01,138Â 198Â 511,0.0
1015721,201900057252,1,4,00:10,5,2,2,2.0,3.0,97311,av colonel tourtet,M,"5,4987583"," -54,0303004",973,2019,-1.0,1.0,2.0,4.0,2271549,1.0,1,4,1,0.0,,0.0,0,1998.0,B01,138Â 198Â 511,1.0,5.0,-1.0,1733832,3.0,7,,0.0,2.0,1.0,A01,138Â 198Â 512,0.0
1015721,201900057252,1,4,00:10,5,2,2,2.0,3.0,97311,av colonel tourtet,M,"5,4987583"," -54,0303004",973,2019,-1.0,1.0,2.0,4.0,2271550,1.0,1,1,1,0.0,,0.0,0,2003.0,A01,138Â 198Â 512,1.0,5.0,-1.0,1733831,0.0,7,,0.0,2.0,7.0,B01,138Â 198Â 511,0.0
1015721,201900057252,1,4,00:10,5,2,2,2.0,3.0,97311,av colonel tourtet,M,"5,4987583"," -54,0303004",973,2019,-1.0,1.0,2.0,4.0,2271550,1.0,1,1,1,0.0,,0.0,0,2003.0,A01,138Â 198Â 512,1.0,5.0,-1.0,1733832,3.0,7,,0.0,2.0,1.0,A01,138Â 198Â 512,0.0
1015722,201900057253,1,1,14:30,1,2,1,1.0,6.0,97311,avenue paul castaing,M,"5,4819059"," -54,0137029",973,2019,50.0,1.0,1.0,4.0,2271551,1.0,1,1,1,-1.0,,-1.0, -1,2000.0,A01,138Â 198Â 510,9.0,-1.0,-1.0,1733833,0.0,2,,0.0,1.0,1.0,A01,138Â 198Â 510,0.0
1015722,201900057253,1,1,14:30,1,2,1,1.0,6.0,97311,avenue paul castaing,M,"5,4819059"," -54,0137029",973,2019,50.0,1.0,1.0,4.0,2271552,10.0,3,4,1,0.0,,1.0,5,2009.0,A01,138Â 198Â 510,0.0,-1.0,-1.0,1733833,0.0,2,,0.0,1.0,1.0,A01,138Â 198Â 510,0.0
1015723,201900057254,1,5,14:00,1,1,1,1.0,7.0,97304,RN1 PK 75,M,"5,1188995"," -52,8093052",973,2019,80.0,1.0,1.0,2.0,2271553,3.0,2,3,2,9.0,,0.0,0,2000.0,A01,138Â 198Â 509,8.0,-1.0,-1.0,1733834,2.0,7,,0.0,0.0,1.0,A01,138Â 198Â 509,1.0
1015723,201900057254,1,5,14:00,1,1,1,1.0,7.0,97304,RN1 PK 75,M,"5,1188995"," -52,8093052",973,2019,80.0,1.0,1.0,2.0,2271554,1.0,1,4,1,0.0,,0.0,0,1963.0,A01,138Â 198Â 509,8.0,-1.0,-1.0,1733834,2.0,7,,0.0,0.0,1.0,A01,138Â 198Â 509,1.0
1015723,201900057254,1,5,14:00,1,1,1,1.0,7.0,97304,RN1 PK 75,M,"5,1188995"," -52,8093052",973,2019,80.0,1.0,1.0,2.0,2271555,7.0,2,1,2,9.0,,0.0,0,2014.0,A01,138Â 198Â 509,1.0,-1.0,-1.0,1733834,2.0,7,,0.0,0.0,1.0,A01,138Â 198Â 509,1.0
1015723,201900057254,1,5,14:00,1,1,1,1.0,7.0,97304,RN1 PK 75,M,"5,1188995"," -52,8093052",973,2019,80.0,1.0,1.0,2.0,2271556,9.0,2,4,2,9.0,,0.0,0,1974.0,A01,138Â 198Â 509,1.0,-1.0,-1.0,1733834,2.0,7,,0.0,0.0,1.0,A01,138Â 198Â 509,1.0
1015723,201900057254,1,5,14:00,1,1,1,1.0,7.0,97304,RN1 PK 75,M,"5,1188995"," -52,8093052",973,2019,80.0,1.0,1.0,2.0,2271557,8.0,2,1,2,9.0,,0.0,0,2015.0,A01,138Â 198Â 509,1.0,-1.0,-1.0,1733834,2.0,7,,0.0,0.0,1.0,A01,138Â 198Â 509,1.0
1015723,201900057254,1,5,14:00,1,1,1,1.0,7.0,97304,RN1 PK 75,M,"5,1188995"," -52,8093052",973,2019,80.0,1.0,1.0,2.0,2271558,2.0,2,4,1,9.0,,0.0,0,1987.0,A01,138Â 198Â 509,1.0,-1.0,-1.0,1733834,2.0,7,,0.0,0.0,1.0,A01,138Â 198Â 509,1.0
1015724,201900057255,1,4,11:40,1,1,1,1.0,1.0,97117,route de Duteau,M,"16,3269850"," -61,4023660",971,2019,80.0,1.0,1.0,2.0,2271559,2.0,2,2,2,9.0,,0.0,0,1941.0,A01,138Â 198Â 507,1.0,5.0,-1.0,1733835,0.0,7,,0.0,2.0,3.0,A01,138Â 198Â 507,1.0
1015724,201900057255,1,4,11:40,1,1,1,1.0,1.0,97117,route de Duteau,M,"16,3269850"," -61,4023660",971,2019,80.0,1.0,1.0,2.0,2271559,2.0,2,2,2,9.0,,0.0,0,1941.0,A01,138Â 198Â 507,1.0,5.0,-1.0,1733836,0.0,7,,0.0,2.0,1.0,B01,138Â 198Â 508,1.0
1015724,201900057255,1,4,11:40,1,1,1,1.0,1.0,97117,route de Duteau,M,"16,3269850"," -61,4023660",971,2019,80.0,1.0,1.0,2.0,2271560,1.0,1,3,1,4.0,,0.0,0,1991.0,A01,138Â 198Â 507,1.0,5.0,-1.0,1733835,0.0,7,,0.0,2.0,3.0,A01,138Â 198Â 507,1.0
1015724,201900057255,1,4,11:40,1,1,1,1.0,1.0,97117,route de Duteau,M,"16,3269850"," -61,4023660",971,2019,80.0,1.0,1.0,2.0,2271560,1.0,1,3,1,4.0,,0.0,0,1991.0,A01,138Â 198Â 507,1.0,5.0,-1.0,1733836,0.0,7,,0.0,2.0,1.0,B01,138Â 198Â 508,1.0
1015724,201900057255,1,4,11:40,1,1,1,1.0,1.0,97117,route de Duteau,M,"16,3269850"," -61,4023660",971,2019,80.0,1.0,1.0,2.0,2271561,1.0,1,4,1,5.0,,0.0,0,1990.0,B01,138Â 198Â 508,1.0,-1.0,-1.0,1733835,0.0,7,,0.0,2.0,3.0,A01,138Â 198Â 507,1.0
1015724,201900057255,1,4,11:40,1,1,1,1.0,1.0,97117,route de Duteau,M,"16,3269850"," -61,4023660",971,2019,80.0,1.0,1.0,2.0,2271561,1.0,1,4,1,5.0,,0.0,0,1990.0,B01,138Â 198Â 508,1.0,-1.0,-1.0,1733836,0.0,7,,0.0,2.0,1.0,B01,138Â 198Â 508,1.0
1015725,201900057256,1,2,15:30,1,1,1,1.0,6.0,97112,Siblet,M,"15,9389670"," -61,3117290",971,2019,80.0,3.0,1.0,2.0,2271562,1.0,1,2,1,0.0,,0.0,0,1989.0,A01,138Â 198Â 506,0.0,-1.0,-1.0,1733837,1.0,7,,2.0,0.0,7.0,A01,138Â 198Â 506,1.0
1015726,201900057257,10,25,17:10,1,2,3,1.0,6.0,75109,BOULEVARD DE CLICHY,M,"48,8841005","2,3308214",75,2019,50.0,1.0,1.0,4.0,2271563,1.0,1,4,2,0.0,,0.0,0,1985.0,A01,138Â 198Â 516,2.0,6.0,-1.0,1733838,2.0,7,,0.0,2.0,4.0,Z01,138Â 198Â 515,0.0
1015726,201900057257,10,25,17:10,1,2,3,1.0,6.0,75109,BOULEVARD DE CLICHY,M,"48,8841005","2,3308214",75,2019,50.0,1.0,1.0,4.0,2271563,1.0,1,4,2,0.0,,0.0,0,1985.0,A01,138Â 198Â 516,2.0,6.0,-1.0,1733839,2.0,30,,0.0,2.0,7.0,A01,138Â 198Â 516,3.0
1015727,201900057258,9,22,16:50,1,1,1,2.0,7.0,03054,Les Paillerets,M,"46,4760476","3,5262522",3,2019,80.0,1.0,2.0,3.0,2271564,1.0,1,4,1,5.0,,0.0,0,1974.0,A01,138Â 198Â 522,2.0,-1.0,-1.0,1733840,1.0,33,,0.0,0.0,7.0,A01,138Â 198Â 522,1.0
1015727,201900057258,9,22,16:50,1,1,1,2.0,7.0,03054,Les Paillerets,M,"46,4760476","3,5262522",3,2019,80.0,1.0,2.0,3.0,2271565,2.0,2,4,2,5.0,,0.0,0,1982.0,A01,138Â 198Â 522,2.0,-1.0,-1.0,1733840,1.0,33,,0.0,0.0,7.0,A01,138Â 198Â 522,1.0
1015728,201900057259,7,11,11:13,1,1,2,1.0,3.0,60029,DÃ©partementale 981,M,"49,3723079","1,9886231",60,2019,80.0,1.0,1.0,3.0,2271566,1.0,1,4,1,0.0,,0.0,0,1977.0,A01,138Â 198Â 513,8.0,-1.0,-1.0,1733841,0.0,7,,0.0,2.0,1.0,A01,138Â 198Â 513,1.0
1015728,201900057259,7,11,11:13,1,1,2,1.0,3.0,60029,DÃ©partementale 981,M,"49,3723079","1,9886231",60,2019,80.0,1.0,1.0,3.0,2271566,1.0,1,4,1,0.0,,0.0,0,1977.0,A01,138Â 198Â 513,8.0,-1.0,-1.0,1733842,0.0,7,,0.0,0.0,2.0,B01,138Â 198Â 514,1.0
1015728,201900057259,7,11,11:13,1,1,2,1.0,3.0,60029,DÃ©partementale 981,M,"49,3723079","1,9886231",60,2019,80.0,1.0,1.0,3.0,2271567,1.0,1,4,1,0.0,,0.0,0,1991.0,B01,138Â 198Â 514,8.0,-1.0,-1.0,1733841,0.0,7,,0.0,2.0,1.0,A01,138Â 198Â 513,1.0
1015728,201900057259,7,11,11:13,1,1,2,1.0,3.0,60029,DÃ©partementale 981,M,"49,3723079","1,9886231",60,2019,80.0,1.0,1.0,3.0,2271567,1.0,1,4,1,0.0,,0.0,0,1991.0,B01,138Â 198Â 514,8.0,-1.0,-1.0,1733842,0.0,7,,0.0,0.0,2.0,B01,138Â 198Â 514,1.0
1015729,201900057260,10,25,14:55,1,2,2,1.0,6.0,75114,AVENUE DE LA PORTE DIDOT,M,"48,8259710","2,3104532",75,2019,50.0,1.0,1.0,4.0,2271568,10.0,3,4,1,4.0,,3.0,3,1963.0,A01,138Â 198Â 503,0.0,-1.0,-1.0,1733843,1.0,10,,0.0,1.0,6.0,A01,138Â 198Â 503,1.0
1015729,201900057260,10,25,14:55,1,2,2,1.0,6.0,75114,AVENUE DE LA PORTE DIDOT,M,"48,8259710","2,3104532",75,2019,50.0,1.0,1.0,4.0,2271569,1.0,1,1,1,4.0,,0.0,0,1996.0,A01,138Â 198Â 503,1.0,0.0,-1.0,1733843,1.0,10,,0.0,1.0,6.0,A01,138Â 198Â 503,1.0
1015729,201900057260,10,25,14:55,1,2,2,1.0,6.0,75114,AVENUE DE LA PORTE DIDOT,M,"48,8259710","2,3104532",75,2019,50.0,1.0,1.0,4.0,2271570,10.0,3,4,2,0.0,,3.0,3,1987.0,A01,138Â 198Â 503,0.0,-1.0,-1.0,1733843,1.0,10,,0.0,1.0,6.0,A01,138Â 198Â 503,1.0
1015730,201900057261,10,23,21:15,5,2,1,1.0,6.0,75114,BOULEVARD BRUNE,M,"48,8275042","2,3059384",75,2019,50.0,1.0,1.0,4.0,2271571,1.0,1,1,1,5.0,,0.0,0,1992.0,A01,138Â 198Â 498,2.0,0.0,-1.0,1733844,1.0,30,,0.0,1.0,1.0,A01,138Â 198Â 498,3.0
1015730,201900057261,10,23,21:15,5,2,1,1.0,6.0,75114,BOULEVARD BRUNE,M,"48,8275042","2,3059384",75,2019,50.0,1.0,1.0,4.0,2271572,10.0,3,4,2,0.0,,4.0,3,1951.0,A01,138Â 198Â 498,0.0,-1.0,-1.0,1733844,1.0,30,,0.0,1.0,1.0,A01,138Â 198Â 498,3.0
1015731,201900057262,7,10,18:30,1,1,2,1.0,5.0,64377,D22,M,"43,3369695"," -1,2729549",64,2019,80.0,1.0,1.0,3.0,2271573,1.0,1,1,1,4.0,,0.0,0,1979.0,C01,138Â 198Â 496,1.0,-1.0,-1.0,1733845,1.0,10,,0.0,2.0,8.0,C01,138Â 198Â 496,1.0
1015731,201900057262,7,10,18:30,1,1,2,1.0,5.0,64377,D22,M,"43,3369695"," -1,2729549",64,2019,80.0,1.0,1.0,3.0,2271573,1.0,1,1,1,4.0,,0.0,0,1979.0,C01,138Â 198Â 496,1.0,-1.0,-1.0,1733846,2.0,7,,0.0,2.0,6.0,B01,138Â 198Â 497,1.0
1015731,201900057262,7,10,18:30,1,1,2,1.0,5.0,64377,D22,M,"43,3369695"," -1,2729549",64,2019,80.0,1.0,1.0,3.0,2271573,1.0,1,1,1,4.0,,0.0,0,1979.0,C01,138Â 198Â 496,1.0,-1.0,-1.0,1733847,2.0,7,,0.0,2.0,3.0,A01,138Â 198Â 499,1.0
1015731,201900057262,7,10,18:30,1,1,2,1.0,5.0,64377,D22,M,"43,3369695"," -1,2729549",64,2019,80.0,1.0,1.0,3.0,2271573,1.0,1,1,1,4.0,,0.0,0,1979.0,C01,138Â 198Â 496,1.0,-1.0,-1.0,1733848,1.0,7,,0.0,2.0,1.0,D01,138Â 198Â 500,1.0
1015731,201900057262,7,10,18:30,1,1,2,1.0,5.0,64377,D22,M,"43,3369695"," -1,2729549",64,2019,80.0,1.0,1.0,3.0,2271573,1.0,1,1,1,4.0,,0.0,0,1979.0,C01,138Â 198Â 496,1.0,-1.0,-1.0,1733849,1.0,7,,0.0,2.0,1.0,E01,138Â 198Â 504,1.0
1015731,201900057262,7,10,18:30,1,1,2,1.0,5.0,64377,D22,M,"43,3369695"," -1,2729549",64,2019,80.0,1.0,1.0,3.0,2271574,1.0,1,1,1,5.0,,0.0,0,1978.0,B01,138Â 198Â 497,1.0,-1.0,-1.0,1733845,1.0,10,,0.0,2.0,8.0,C01,138Â 198Â 496,1.0
1015731,201900057262,7,10,18:30,1,1,2,1.0,5.0,64377,D22,M,"43,3369695"," -1,2729549",64,2019,80.0,1.0,1.0,3.0,2271574,1.0,1,1,1,5.0,,0.0,0,1978.0,B01,138Â 198Â 497,1.0,-1.0,-1.0,1733846,2.0,7,,0.0,2.0,6.0,B01,138Â 198Â 497,1.0
1015731,201900057262,7,10,18:30,1,1,2,1.0,5.0,64377,D22,M,"43,3369695"," -1,2729549",64,2019,80.0,1.0,1.0,3.0,2271574,1.0,1,1,1,5.0,,0.0,0,1978.0,B01,138Â 198Â 497,1.0,-1.0,-1.0,1733847,2.0,7,,0.0,2.0,3.0,A01,138Â 198Â 499,1.0
1015731,201900057262,7,10,18:30,1,1,2,1.0,5.0,64377,D22,M,"43,3369695"," -1,2729549",64,2019,80.0,1.0,1.0,3.0,2271574,1.0,1,1,1,5.0,,0.0,0,1978.0,B01,138Â 198Â 497,1.0,-1.0,-1.0,1733848,1.0,7,,0.0,2.0,1.0,D01,138Â 198Â 500,1.0
1015731,201900057262,7,10,18:30,1,1,2,1.0,5.0,64377,D22,M,"43,3369695"," -1,2729549",64,2019,80.0,1.0,1.0,3.0,2271574,1.0,1,1,1,5.0,,0.0,0,1978.0,B01,138Â 198Â 497,1.0,-1.0,-1.0,1733849,1.0,7,,0.0,2.0,1.0,E01,138Â 198Â 504,1.0
1015731,201900057262,7,10,18:30,1,1,2,1.0,5.0,64377,D22,M,"43,3369695"," -1,2729549",64,2019,80.0,1.0,1.0,3.0,2271575,1.0,1,2,1,1.0,,0.0,0,1992.0,A01,138Â 198Â 499,1.0,5.0,-1.0,1733845,1.0,10,,0.0,2.0,8.0,C01,138Â 198Â 496,1.0
1015731,201900057262,7,10,18:30,1,1,2,1.0,5.0,64377,D22,M,"43,3369695"," -1,2729549",64,2019,80.0,1.0,1.0,3.0,2271575,1.0,1,2,1,1.0,,0.0,0,1992.0,A01,138Â 198Â 499,1.0,5.0,-1.0,1733846,2.0,7,,0.0,2.0,6.0,B01,138Â 198Â 497,1.0
1015731,201900057262,7,10,18:30,1,1,2,1.0,5.0,64377,D22,M,"43,3369695"," -1,2729549",64,2019,80.0,1.0,1.0,3.0,2271575,1.0,1,2,1,1.0,,0.0,0,1992.0,A01,138Â 198Â 499,1.0,5.0,-1.0,1733847,2.0,7,,0.0,2.0,3.0,A01,138Â 198Â 499,1.0
1015731,201900057262,7,10,18:30,1,1,2,1.0,5.0,64377,D22,M,"43,3369695"," -1,2729549",64,2019,80.0,1.0,1.0,3.0,2271575,1.0,1,2,1,1.0,,0.0,0,1992.0,A01,138Â 198Â 499,1.0,5.0,-1.0,1733848,1.0,7,,0.0,2.0,1.0,D01,138Â 198Â 500,1.0
1015731,201900057262,7,10,18:30,1,1,2,1.0,5.0,64377,D22,M,"43,3369695"," -1,2729549",64,2019,80.0,1.0,1.0,3.0,2271575,1.0,1,2,1,1.0,,0.0,0,1992.0,A01,138Â 198Â 499,1.0,5.0,-1.0,1733849,1.0,7,,0.0,2.0,1.0,E01,138Â 198Â 504,1.0
1015731,201900057262,7,10,18:30,1,1,2,1.0,5.0,64377,D22,M,"43,3369695"," -1,2729549",64,2019,80.0,1.0,1.0,3.0,2271576,1.0,1,1,1,5.0,,0.0,0,1994.0,D01,138Â 198Â 500,1.0,-1.0,-1.0,1733845,1.0,10,,0.0,2.0,8.0,C01,138Â 198Â 496,1.0