Unnamed: 0_x,num_acc,mois,jour,hrmn,lum,agg,int,atm,col,com,adr,gps,lat,long,dep,annee,vma,situ,surf,catr,Unnamed: 0_y,place,catu,grav,sexe,trajet,secu,locp,actp,an_nais,num_veh_x,id_vehicule_x,secu1,secu2,secu3,Unnamed: 0,senc,catv,occutc,obs,obsm,choc,num_veh_y,id_vehicule_y,motor
1015731,201900057262,7,10,18:30,1,1,2,1.0,5.0,64377,D22,M,"43,3369695"," -1,2729549",64,2019,80.0,1.0,1.0,3.0,2271576,1.0,1,1,1,5.0,,0.0,0,1994.0,D01,138Â 198Â 500,1.0,-1.0,-1.0,1733846,2.0,7,,0.0,2.0,6.0,B01,138Â 198Â 497,1.0
1015731,201900057262,7,10,18:30,1,1,2,1.0,5.0,64377,D22,M,"43,3369695"," -1,2729549",64,2019,80.0,1.0,1.0,3.0,2271576,1.0,1,1,1,5.0,,0.0,0,1994.0,D01,138Â 198Â 500,1.0,-1.0,-1.0,1733847,2.0,7,,0.0,2.0,3.0,A01,138Â 198Â 499,1.0
1015731,201900057262,7,10,18:30,1,1,2,1.0,5.0,64377,D22,M,"43,3369695"," -1,2729549",64,2019,80.0,1.0,1.0,3.0,2271576,1.0,1,1,1,5.0,,0.0,0,1994.0,D01,138Â 198Â 500,1.0,-1.0,-1.0,1733848,1.0,7,,0.0,2.0,1.0,D01,138Â 198Â 500,1.0
1015731,201900057262,7,10,18:30,1,1,2,1.0,5.0,64377,D22,M,"43,3369695"," -1,2729549",64,2019,80.0,1.0,1.0,3.0,2271576,1.0,1,1,1,5.0,,0.0,0,1994.0,D01,138Â 198Â 500,1.0,-1.0,-1.0,1733849,1.0,7,,0.0,2.0,1.0,E01,138Â 198Â 504,1.0
1015731,201900057262,7,10,18:30,1,1,2,1.0,5.0,64377,D22,M,"43,3369695"," -1,2729549",64,2019,80.0,1.0,1.0,3.0,2271577,1.0,1,1,1,5.0,,0.0,0,2001.0,E01,138Â 198Â 504,1.0,-1.0,-1.0,1733845,1.0,10,,0.0,2.0,8.0,C01,138Â 198Â 496,1.0
1015731,201900057262,7,10,18:30,1,1,2,1.0,5.0,64377,D22,M,"43,3369695"," -1,2729549",64,2019,80.0,1.0,1.0,3.0,2271577,1.0,1,1,1,5.0,,0.0,0,2001.0,E01,138Â 198Â 504,1.0,-1.0,-1.0,1733846,2.0,7,,0.0,2.0,6.0,B01,138Â 198Â 497,1.0
1015731,201900057262,7,10,18:30,1,1,2,1.0,5.0,64377,D22,M,"43,3369695"," -1,2729549",64,2019,80.0,1.0,1.0,3.0,2271577,1.0,1,1,1,5.0,,0.0,0,2001.0,E01,138Â 198Â 504,1.0,-1.0,-1.0,1733847,2.0,7,,0.0,2.0,3.0,A01,138Â 198Â 499,1.0
1015731,201900057262,7,10,18:30,1,1,2,1.0,5.0,64377,D22,M,"43,3369695"," -1,2729549",64,2019,80.0,1.0,1.0,3.0,2271577,1.0,1,1,1,5.0,,0.0,0,2001.0,E01,138Â 198Â 504,1.0,-1.0,-1.0,1733848,1.0,7,,0.0,2.0,1.0,D01,138Â 198Â 500,1.0
1015731,201900057262,7,10,18:30,1,1,2,1.0,5.0,64377,D22,M,"43,3369695"," -1,2729549",64,2019,80.0,1.0,1.0,3.0,2271577,1.0,1,1,1,5.0,,0.0,0,2001.0,E01,138Â 198Â 504,1.0,-1.0,-1.0,1733849,1.0,7,,0.0,2.0,1.0,E01,138Â 198Â 504,1.0
1015732,201900057263,10,25,11:40,1,2,3,1.0,3.0,75113,BOULEVARD VINCENT AURIOL,M,"48,8320013","2,3599768",75,2019,50.0,1.0,1.0,4.0,2271578,1.0,1,1,2,4.0,,0.0,0,1983.0,A01,138Â 198Â 494,1.0,0.0,-1.0,1733850,2.0,10,,0.0,2.0,2.0,A01,138Â 198Â 494,1.0
1015732,201900057263,10,25,11:40,1,2,3,1.0,3.0,75113,BOULEVARD VINCENT AURIOL,M,"48,8320013","2,3599768",75,2019,50.0,1.0,1.0,4.0,2271578,1.0,1,1,2,4.0,,0.0,0,1983.0,A01,138Â 198Â 494,1.0,0.0,-1.0,1733851,2.0,30,,0.0,2.0,6.0,B01,138Â 198Â 495,1.0
1015732,201900057263,10,25,11:40,1,2,3,1.0,3.0,75113,BOULEVARD VINCENT AURIOL,M,"48,8320013","2,3599768",75,2019,50.0,1.0,1.0,4.0,2271579,1.0,1,4,1,0.0,,0.0,0,1996.0,B01,138Â 198Â 495,2.0,6.0,-1.0,1733850,2.0,10,,0.0,2.0,2.0,A01,138Â 198Â 494,1.0
1015732,201900057263,10,25,11:40,1,2,3,1.0,3.0,75113,BOULEVARD VINCENT AURIOL,M,"48,8320013","2,3599768",75,2019,50.0,1.0,1.0,4.0,2271579,1.0,1,4,1,0.0,,0.0,0,1996.0,B01,138Â 198Â 495,2.0,6.0,-1.0,1733851,2.0,30,,0.0,2.0,6.0,B01,138Â 198Â 495,1.0
1015733,201900057264,7,11,01:20,3,1,1,1.0,6.0,36117,Le Moulin Neuf,M,"46,5568109","1,5597213",36,2019,50.0,3.0,9.0,3.0,2271580,1.0,1,3,1,5.0,,0.0,0,1993.0,A01,138Â 198Â 492,1.0,-1.0,-1.0,1733852,2.0,7,,8.0,0.0,1.0,A01,138Â 198Â 492,1.0
1015734,201900057265,9,23,10:30,1,1,1,1.0,7.0,70313,RN 19 - PR 82+500 - Lyoffans,M,"47,6409962","6,6015475",70,2019,110.0,3.0,1.0,2.0,2271581,1.0,1,3,1,0.0,,0.0,0,1968.0,A01,138Â 198Â 502,1.0,-1.0,-1.0,1733853,1.0,7,,15.0,0.0,0.0,A01,138Â 198Â 502,1.0
1015735,201900057266,1,2,14:00,1,2,1,1.0,3.0,97224,D15 croisÃ©e Rousseau,M,"14,6641630"," -61,0175530",972,2019,50.0,1.0,1.0,3.0,2271582,1.0,1,3,1,5.0,,0.0,0,1984.0,A01,138Â 198Â 501,2.0,-1.0,-1.0,1733854,1.0,33,,6.0,2.0,2.0,A01,138Â 198Â 501,1.0
1015735,201900057266,1,2,14:00,1,2,1,1.0,3.0,97224,D15 croisÃ©e Rousseau,M,"14,6641630"," -61,0175530",972,2019,50.0,1.0,1.0,3.0,2271582,1.0,1,3,1,5.0,,0.0,0,1984.0,A01,138Â 198Â 501,2.0,-1.0,-1.0,1733855,1.0,7,,0.0,2.0,8.0,B01,138Â 198Â 505,1.0
1015735,201900057266,1,2,14:00,1,2,1,1.0,3.0,97224,D15 croisÃ©e Rousseau,M,"14,6641630"," -61,0175530",972,2019,50.0,1.0,1.0,3.0,2271583,1.0,1,1,2,3.0,,0.0,0,1958.0,B01,138Â 198Â 505,1.0,5.0,-1.0,1733854,1.0,33,,6.0,2.0,2.0,A01,138Â 198Â 501,1.0
1015735,201900057266,1,2,14:00,1,2,1,1.0,3.0,97224,D15 croisÃ©e Rousseau,M,"14,6641630"," -61,0175530",972,2019,50.0,1.0,1.0,3.0,2271583,1.0,1,1,2,3.0,,0.0,0,1958.0,B01,138Â 198Â 505,1.0,5.0,-1.0,1733855,1.0,7,,0.0,2.0,8.0,B01,138Â 198Â 505,1.0
1015736,201900057267,7,11,01:45,3,1,1,1.0,7.0,40046,Route de la plage,M,"44,3926130"," -1,1649470",40,2019,80.0,3.0,1.0,3.0,2271584,2.0,2,3,1,5.0,,0.0,0,1985.0,A01,138Â 198Â 491,2.0,-1.0,-1.0,1733856,1.0,33,,2.0,0.0,0.0,A01,138Â 198Â 491,1.0
1015736,201900057267,7,11,01:45,3,1,1,1.0,7.0,40046,Route de la plage,M,"44,3926130"," -1,1649470",40,2019,80.0,3.0,1.0,3.0,2271585,1.0,1,3,1,5.0,,0.0,0,1984.0,A01,138Â 198Â 491,2.0,6.0,-1.0,1733856,1.0,33,,2.0,0.0,0.0,A01,138Â 198Â 491,1.0
1015737,201900057268,10,25,21:10,5,2,2,1.0,3.0,75112,RUE DE REUILLY,M,"48,8444986","2,3899318",75,2019,50.0,1.0,1.0,4.0,2271586,1.0,1,1,1,4.0,,0.0,0,1994.0,B01,138Â 198Â 486,8.0,2.0,-1.0,1733857,1.0,1,,0.0,2.0,4.0,B01,138Â 198Â 486,5.0
1015737,201900057268,10,25,21:10,5,2,2,1.0,3.0,75112,RUE DE REUILLY,M,"48,8444986","2,3899318",75,2019,50.0,1.0,1.0,4.0,2271586,1.0,1,1,1,4.0,,0.0,0,1994.0,B01,138Â 198Â 486,8.0,2.0,-1.0,1733858,2.0,32,,0.0,2.0,1.0,A01,138Â 198Â 490,1.0
1015737,201900057268,10,25,21:10,5,2,2,1.0,3.0,75112,RUE DE REUILLY,M,"48,8444986","2,3899318",75,2019,50.0,1.0,1.0,4.0,2271587,1.0,1,4,1,1.0,,0.0,0,1959.0,A01,138Â 198Â 490,2.0,6.0,-1.0,1733857,1.0,1,,0.0,2.0,4.0,B01,138Â 198Â 486,5.0
1015737,201900057268,10,25,21:10,5,2,2,1.0,3.0,75112,RUE DE REUILLY,M,"48,8444986","2,3899318",75,2019,50.0,1.0,1.0,4.0,2271587,1.0,1,4,1,1.0,,0.0,0,1959.0,A01,138Â 198Â 490,2.0,6.0,-1.0,1733858,2.0,32,,0.0,2.0,1.0,A01,138Â 198Â 490,1.0
1015738,201900057269,9,21,18:15,1,1,1,8.0,6.0,09113,village erce 09,M,"42,8220860","1,3012940",9,2019,80.0,1.0,1.0,3.0,2271588,1.0,1,3,2,5.0,,0.0,0,1964.0,A01,138Â 198Â 487,8.0,-1.0,-1.0,1733859,1.0,2,,6.0,0.0,7.0,A01,138Â 198Â 487,1.0
1015739,201900057270,10,25,18:05,3,2,7,1.0,7.0,75112,CARREFOUR DE LA PYRAMIDE,M,"48,8337901","2,4451656",75,2019,50.0,1.0,1.0,4.0,2271589,1.0,1,4,1,1.0,,0.0,0,1978.0,A01,138Â 198Â 483,2.0,0.0,-1.0,1733860,3.0,1,,0.0,0.0,1.0,A01,138Â 198Â 483,5.0
1015740,201900057271,1,2,17:45,2,2,3,1.0,3.0,33199,AllÃ©e FranÃ§ois mauriac / AllÃ©e des Rossignols,M,"44,6296600"," -1,0687200",33,2019,50.0,1.0,1.0,4.0,2271590,1.0,1,1,1,0.0,,0.0,0,1986.0,A01,138Â 198Â 485,1.0,-1.0,-1.0,1733861,2.0,7,,0.0,2.0,2.0,A01,138Â 198Â 485,1.0
1015740,201900057271,1,2,17:45,2,2,3,1.0,3.0,33199,AllÃ©e FranÃ§ois mauriac / AllÃ©e des Rossignols,M,"44,6296600"," -1,0687200",33,2019,50.0,1.0,1.0,4.0,2271590,1.0,1,1,1,0.0,,0.0,0,1986.0,A01,138Â 198Â 485,1.0,-1.0,-1.0,1733862,2.0,30,,0.0,2.0,1.0,B01,138Â 198Â 489,1.0
1015740,201900057271,1,2,17:45,2,2,3,1.0,3.0,33199,AllÃ©e FranÃ§ois mauriac / AllÃ©e des Rossignols,M,"44,6296600"," -1,0687200",33,2019,50.0,1.0,1.0,4.0,2271591,1.0,1,1,1,0.0,,0.0,0,2004.0,B01,138Â 198Â 489,2.0,6.0,-1.0,1733861,2.0,7,,0.0,2.0,2.0,A01,138Â 198Â 485,1.0
1015740,201900057271,1,2,17:45,2,2,3,1.0,3.0,33199,AllÃ©e FranÃ§ois mauriac / AllÃ©e des Rossignols,M,"44,6296600"," -1,0687200",33,2019,50.0,1.0,1.0,4.0,2271591,1.0,1,1,1,0.0,,0.0,0,2004.0,B01,138Â 198Â 489,2.0,6.0,-1.0,1733862,2.0,30,,0.0,2.0,1.0,B01,138Â 198Â 489,1.0
1015740,201900057271,1,2,17:45,2,2,3,1.0,3.0,33199,AllÃ©e FranÃ§ois mauriac / AllÃ©e des Rossignols,M,"44,6296600"," -1,0687200",33,2019,50.0,1.0,1.0,4.0,2271592,2.0,2,4,1,0.0,,0.0,0,2004.0,B01,138Â 198Â 489,2.0,-1.0,-1.0,1733861,2.0,7,,0.0,2.0,2.0,A01,138Â 198Â 485,1.0
1015740,201900057271,1,2,17:45,2,2,3,1.0,3.0,33199,AllÃ©e FranÃ§ois mauriac / AllÃ©e des Rossignols,M,"44,6296600"," -1,0687200",33,2019,50.0,1.0,1.0,4.0,2271592,2.0,2,4,1,0.0,,0.0,0,2004.0,B01,138Â 198Â 489,2.0,-1.0,-1.0,1733862,2.0,30,,0.0,2.0,1.0,B01,138Â 198Â 489,1.0
1015741,201900057272,9,17,03:30,3,1,1,1.0,6.0,36232,RD 925 PK 62,M,"46,8014862","1,3331607",36,2019,80.0,3.0,1.0,3.0,2271593,1.0,1,4,2,9.0,,0.0,0,1998.0,A01,138Â 198Â 482,1.0,-1.0,-1.0,1733863,2.0,7,,2.0,0.0,9.0,A01,138Â 198Â 482,1.0
1015742,201900057273,10,25,09:45,1,2,4,1.0,2.0,75112,AVENUE DE SAINT MAURICE,M,"48,8286936","2,4192433",75,2019,50.0,1.0,1.0,4.0,2271594,1.0,1,4,2,0.0,,0.0,0,1960.0,B01,138Â 198Â 480,1.0,0.0,-1.0,1733864,1.0,7,,0.0,2.0,4.0,B01,138Â 198Â 480,1.0
1015742,201900057273,10,25,09:45,1,2,4,1.0,2.0,75112,AVENUE DE SAINT MAURICE,M,"48,8286936","2,4192433",75,2019,50.0,1.0,1.0,4.0,2271594,1.0,1,4,2,0.0,,0.0,0,1960.0,B01,138Â 198Â 480,1.0,0.0,-1.0,1733865,1.0,15,,0.0,2.0,4.0,A01,138Â 198Â 481,1.0
1015742,201900057273,10,25,09:45,1,2,4,1.0,2.0,75112,AVENUE DE SAINT MAURICE,M,"48,8286936","2,4192433",75,2019,50.0,1.0,1.0,4.0,2271595,1.0,1,1,1,4.0,,0.0,0,1992.0,A01,138Â 198Â 481,1.0,0.0,-1.0,1733864,1.0,7,,0.0,2.0,4.0,B01,138Â 198Â 480,1.0
1015742,201900057273,10,25,09:45,1,2,4,1.0,2.0,75112,AVENUE DE SAINT MAURICE,M,"48,8286936","2,4192433",75,2019,50.0,1.0,1.0,4.0,2271595,1.0,1,1,1,4.0,,0.0,0,1992.0,A01,138Â 198Â 481,1.0,0.0,-1.0,1733865,1.0,15,,0.0,2.0,4.0,A01,138Â 198Â 481,1.0
1015743,201900057274,7,10,23:35,3,1,1,1.0,1.0,40310,d79,M,"43,7507890"," -1,3295450",40,2019,70.0,1.0,1.0,3.0,2271596,2.0,2,1,1,5.0,,0.0,0,2001.0,B01,138Â 198Â 484,1.0,-1.0,-1.0,1733866,2.0,7,,0.0,2.0,1.0,B01,138Â 198Â 484,1.0
1015743,201900057274,7,10,23:35,3,1,1,1.0,1.0,40310,d79,M,"43,7507890"," -1,3295450",40,2019,70.0,1.0,1.0,3.0,2271596,2.0,2,1,1,5.0,,0.0,0,2001.0,B01,138Â 198Â 484,1.0,-1.0,-1.0,1733867,1.0,7,,0.0,2.0,7.0,A01,138Â 198Â 488,1.0
1015743,201900057274,7,10,23:35,3,1,1,1.0,1.0,40310,d79,M,"43,7507890"," -1,3295450",40,2019,70.0,1.0,1.0,3.0,2271597,9.0,2,4,1,5.0,,0.0,0,2001.0,B01,138Â 198Â 484,1.0,-1.0,-1.0,1733866,2.0,7,,0.0,2.0,1.0,B01,138Â 198Â 484,1.0
1015743,201900057274,7,10,23:35,3,1,1,1.0,1.0,40310,d79,M,"43,7507890"," -1,3295450",40,2019,70.0,1.0,1.0,3.0,2271597,9.0,2,4,1,5.0,,0.0,0,2001.0,B01,138Â 198Â 484,1.0,-1.0,-1.0,1733867,1.0,7,,0.0,2.0,7.0,A01,138Â 198Â 488,1.0
1015743,201900057274,7,10,23:35,3,1,1,1.0,1.0,40310,d79,M,"43,7507890"," -1,3295450",40,2019,70.0,1.0,1.0,3.0,2271598,1.0,1,1,1,5.0,,0.0,0,2001.0,B01,138Â 198Â 484,1.0,-1.0,-1.0,1733866,2.0,7,,0.0,2.0,1.0,B01,138Â 198Â 484,1.0
1015743,201900057274,7,10,23:35,3,1,1,1.0,1.0,40310,d79,M,"43,7507890"," -1,3295450",40,2019,70.0,1.0,1.0,3.0,2271598,1.0,1,1,1,5.0,,0.0,0,2001.0,B01,138Â 198Â 484,1.0,-1.0,-1.0,1733867,1.0,7,,0.0,2.0,7.0,A01,138Â 198Â 488,1.0
1015743,201900057274,7,10,23:35,3,1,1,1.0,1.0,40310,d79,M,"43,7507890"," -1,3295450",40,2019,70.0,1.0,1.0,3.0,2271599,7.0,2,4,1,5.0,,0.0,0,2001.0,B01,138Â 198Â 484,1.0,-1.0,-1.0,1733866,2.0,7,,0.0,2.0,1.0,B01,138Â 198Â 484,1.0
1015743,201900057274,7,10,23:35,3,1,1,1.0,1.0,40310,d79,M,"43,7507890"," -1,3295450",40,2019,70.0,1.0,1.0,3.0,2271599,7.0,2,4,1,5.0,,0.0,0,2001.0,B01,138Â 198Â 484,1.0,-1.0,-1.0,1733867,1.0,7,,0.0,2.0,7.0,A01,138Â 198Â 488,1.0
1015743,201900057274,7,10,23:35,3,1,1,1.0,1.0,40310,d79,M,"43,7507890"," -1,3295450",40,2019,70.0,1.0,1.0,3.0,2271600,1.0,1,2,1,1.0,,0.0,0,1989.0,A01,138Â 198Â 488,1.0,-1.0,-1.0,1733866,2.0,7,,0.0,2.0,1.0,B01,138Â 198Â 484,1.0
1015743,201900057274,7,10,23:35,3,1,1,1.0,1.0,40310,d79,M,"43,7507890"," -1,3295450",40,2019,70.0,1.0,1.0,3.0,2271600,1.0,1,2,1,1.0,,0.0,0,1989.0,A01,138Â 198Â 488,1.0,-1.0,-1.0,1733867,1.0,7,,0.0,2.0,7.0,A01,138Â 198Â 488,1.0
1015744,201900057275,1,5,11:40,1,2,1,8.0,6.0,28279,place de l'Ã©toile,M,"48,6481690","1,5345700",28,2019,50.0,1.0,1.0,4.0,2271601,1.0,1,1,1,0.0,,0.0,0,1942.0,A01,138Â 198Â 476,1.0,-1.0,-1.0,1733868,0.0,7,,0.0,1.0,1.0,A01,138Â 198Â 476,1.0
1015744,201900057275,1,5,11:40,1,2,1,8.0,6.0,28279,place de l'Ã©toile,M,"48,6481690","1,5345700",28,2019,50.0,1.0,1.0,4.0,2271602,10.0,3,3,2,0.0,,3.0,3,1942.0,A01,138Â 198Â 476,0.0,-1.0,-1.0,1733868,0.0,7,,0.0,1.0,1.0,A01,138Â 198Â 476,1.0
1015745,201900057276,7,11,13:25,1,1,1,7.0,1.0,27019,Saint-Ãtienne,M,"48,6777080","0,7855140",27,2019,80.0,1.0,1.0,3.0,2271603,1.0,1,3,1,5.0,,0.0,0,2001.0,B01,138Â 198Â 474,2.0,-1.0,-1.0,1733869,2.0,2,,0.0,2.0,1.0,B01,138Â 198Â 474,1.0
1015745,201900057276,7,11,13:25,1,1,1,7.0,1.0,27019,Saint-Ãtienne,M,"48,6777080","0,7855140",27,2019,80.0,1.0,1.0,3.0,2271603,1.0,1,3,1,5.0,,0.0,0,2001.0,B01,138Â 198Â 474,2.0,-1.0,-1.0,1733870,1.0,21,,0.0,2.0,3.0,A01,138Â 198Â 475,1.0
1015745,201900057276,7,11,13:25,1,1,1,7.0,1.0,27019,Saint-Ãtienne,M,"48,6777080","0,7855140",27,2019,80.0,1.0,1.0,3.0,2271604,1.0,1,1,1,4.0,,0.0,0,2000.0,A01,138Â 198Â 475,8.0,-1.0,-1.0,1733869,2.0,2,,0.0,2.0,1.0,B01,138Â 198Â 474,1.0
1015745,201900057276,7,11,13:25,1,1,1,7.0,1.0,27019,Saint-Ãtienne,M,"48,6777080","0,7855140",27,2019,80.0,1.0,1.0,3.0,2271604,1.0,1,1,1,4.0,,0.0,0,2000.0,A01,138Â 198Â 475,8.0,-1.0,-1.0,1733870,1.0,21,,0.0,2.0,3.0,A01,138Â 198Â 475,1.0
1015746,201900057277,1,6,02:45,3,1,1,1.0,6.0,77031,D201,M,"48,6737840","2,9640110",77,2019,80.0,1.0,1.0,3.0,2271605,2.0,2,1,1,1.0,,0.0,0,1963.0,A01,138Â 198Â 473,1.0,-1.0,-1.0,1733871,1.0,7,,0.0,1.0,3.0,A01,138Â 198Â 473,0.0
1015746,201900057277,1,6,02:45,3,1,1,1.0,6.0,77031,D201,M,"48,6737840","2,9640110",77,2019,80.0,1.0,1.0,3.0,2271606,10.0,3,3,2,9.0,,9.0,3,1985.0,A01,138Â 198Â 473,0.0,-1.0,-1.0,1733871,1.0,7,,0.0,1.0,3.0,A01,138Â 198Â 473,0.0
1015746,201900057277,1,6,02:45,3,1,1,1.0,6.0,77031,D201,M,"48,6737840","2,9640110",77,2019,80.0,1.0,1.0,3.0,2271607,1.0,1,1,1,1.0,,0.0,0,1964.0,A01,138Â 198Â 473,1.0,4.0,-1.0,1733871,1.0,7,,0.0,1.0,3.0,A01,138Â 198Â 473,0.0
1015747,201900057278,10,25,08:25,1,2,3,1.0,3.0,75112,AVENUE DAUMESNIL,M,"48,8424660","2,3855190",75,2019,50.0,5.0,1.0,4.0,2271608,1.0,1,1,1,4.0,,0.0,0,1998.0,A01,138Â 198Â 477,1.0,0.0,-1.0,1733872,2.0,10,,0.0,2.0,2.0,A01,138Â 198Â 477,1.0
1015747,201900057278,10,25,08:25,1,2,3,1.0,3.0,75112,AVENUE DAUMESNIL,M,"48,8424660","2,3855190",75,2019,50.0,5.0,1.0,4.0,2271608,1.0,1,1,1,4.0,,0.0,0,1998.0,A01,138Â 198Â 477,1.0,0.0,-1.0,1733873,2.0,1,,0.0,2.0,8.0,B01,138Â 198Â 479,5.0
1015747,201900057278,10,25,08:25,1,2,3,1.0,3.0,75112,AVENUE DAUMESNIL,M,"48,8424660","2,3855190",75,2019,50.0,5.0,1.0,4.0,2271609,1.0,1,4,1,1.0,,0.0,0,1993.0,B01,138Â 198Â 479,2.0,8.0,-1.0,1733872,2.0,10,,0.0,2.0,2.0,A01,138Â 198Â 477,1.0
1015747,201900057278,10,25,08:25,1,2,3,1.0,3.0,75112,AVENUE DAUMESNIL,M,"48,8424660","2,3855190",75,2019,50.0,5.0,1.0,4.0,2271609,1.0,1,4,1,1.0,,0.0,0,1993.0,B01,138Â 198Â 479,2.0,8.0,-1.0,1733873,2.0,1,,0.0,2.0,8.0,B01,138Â 198Â 479,5.0
1015748,201900057279,1,1,07:45,2,1,1,1.0,6.0,77144,RD231 - PK35 - 34+655,M,"48,7643220","2,9213620",77,2019,80.0,3.0,2.0,3.0,2271610,1.0,1,4,1,5.0,,0.0,0,1982.0,A01,138Â 198Â 471,1.0,-1.0,-1.0,1733874,2.0,7,,13.0,0.0,1.0,A01,138Â 198Â 471,2.0
1015749,201900057280,10,24,18:57,5,2,1,1.0,6.0,75101,RUE ETIENNE MARCEL,M,"48,8645634","2,3461115",75,2019,50.0,1.0,1.0,4.0,2271611,10.0,3,4,2,1.0,,3.0,3,1983.0,Z01,138Â 198Â 470,0.0,-1.0,-1.0,1733875,2.0,43,,0.0,1.0,0.0,Z01,138Â 198Â 470,0.0
1015750,201900057281,1,3,10:10,1,1,1,1.0,6.0,78068,pk 66 300,M,"49,0379350","1,4576120",78,2019,130.0,1.0,1.0,1.0,2271612,7.0,2,3,1,5.0,,0.0,0,2015.0,A01,138Â 198Â 469,1.0,3.0,-1.0,1733876,2.0,7,,4.0,0.0,2.0,A01,138Â 198Â 469,1.0
1015750,201900057281,1,3,10:10,1,1,1,1.0,6.0,78068,pk 66 300,M,"49,0379350","1,4576120",78,2019,130.0,1.0,1.0,1.0,2271613,9.0,2,3,1,5.0,,0.0,0,2011.0,A01,138Â 198Â 469,1.0,3.0,-1.0,1733876,2.0,7,,4.0,0.0,2.0,A01,138Â 198Â 469,1.0
1015750,201900057281,1,3,10:10,1,1,1,1.0,6.0,78068,pk 66 300,M,"49,0379350","1,4576120",78,2019,130.0,1.0,1.0,1.0,2271614,1.0,1,2,1,5.0,,0.0,0,1978.0,A01,138Â 198Â 469,1.0,-1.0,-1.0,1733876,2.0,7,,4.0,0.0,2.0,A01,138Â 198Â 469,1.0
1015750,201900057281,1,3,10:10,1,1,1,1.0,6.0,78068,pk 66 300,M,"49,0379350","1,4576120",78,2019,130.0,1.0,1.0,1.0,2271615,2.0,2,4,2,5.0,,0.0,0,1990.0,A01,138Â 198Â 469,1.0,-1.0,-1.0,1733876,2.0,7,,4.0,0.0,2.0,A01,138Â 198Â 469,1.0
1015750,201900057281,1,3,10:10,1,1,1,1.0,6.0,78068,pk 66 300,M,"49,0379350","1,4576120",78,2019,130.0,1.0,1.0,1.0,2271616,8.0,2,3,2,5.0,,0.0,0,2017.0,A01,138Â 198Â 469,1.0,3.0,-1.0,1733876,2.0,7,,4.0,0.0,2.0,A01,138Â 198Â 469,1.0
1015751,201900057282,10,25,17:20,1,2,2,8.0,3.0,75104,QUAI DE L HOTEL DE VILLE,M,"48,8543721","2,3549423",75,2019,50.0,1.0,1.0,4.0,2271617,1.0,1,4,1,0.0,,0.0,0,1997.0,B01,138Â 198Â 467,2.0,6.0,-1.0,1733877,1.0,31,,0.0,2.0,1.0,B01,138Â 198Â 467,1.0
1015751,201900057282,10,25,17:20,1,2,2,8.0,3.0,75104,QUAI DE L HOTEL DE VILLE,M,"48,8543721","2,3549423",75,2019,50.0,1.0,1.0,4.0,2271617,1.0,1,4,1,0.0,,0.0,0,1997.0,B01,138Â 198Â 467,2.0,6.0,-1.0,1733878,1.0,1,,0.0,2.0,8.0,A01,138Â 198Â 468,5.0
1015751,201900057282,10,25,17:20,1,2,2,8.0,3.0,75104,QUAI DE L HOTEL DE VILLE,M,"48,8543721","2,3549423",75,2019,50.0,1.0,1.0,4.0,2271618,1.0,1,4,2,0.0,,0.0,0,1997.0,A01,138Â 198Â 468,8.0,2.0,-1.0,1733877,1.0,31,,0.0,2.0,1.0,B01,138Â 198Â 467,1.0
1015751,201900057282,10,25,17:20,1,2,2,8.0,3.0,75104,QUAI DE L HOTEL DE VILLE,M,"48,8543721","2,3549423",75,2019,50.0,1.0,1.0,4.0,2271618,1.0,1,4,2,0.0,,0.0,0,1997.0,A01,138Â 198Â 468,8.0,2.0,-1.0,1733878,1.0,1,,0.0,2.0,8.0,A01,138Â 198Â 468,5.0
1015752,201900057283,1,2,16:15,1,2,6,1.0,7.0,66171,Boulevard Maillol,M,"42,6289590","3,0318180",66,2019,50.0,8.0,1.0,3.0,2271619,10.0,3,3,2,5.0,,3.0,3,1949.0,A01,138Â 198Â 466,0.0,-1.0,-1.0,1733879,1.0,7,,12.0,1.0,3.0,A01,138Â 198Â 466,1.0
1015752,201900057283,1,2,16:15,1,2,6,1.0,7.0,66171,Boulevard Maillol,M,"42,6289590","3,0318180",66,2019,50.0,8.0,1.0,3.0,2271620,10.0,3,4,2,5.0,,3.0,3,1939.0,A01,138Â 198Â 466,0.0,-1.0,-1.0,1733879,1.0,7,,12.0,1.0,3.0,A01,138Â 198Â 466,1.0
1015752,201900057283,1,2,16:15,1,2,6,1.0,7.0,66171,Boulevard Maillol,M,"42,6289590","3,0318180",66,2019,50.0,8.0,1.0,3.0,2271621,1.0,1,1,1,5.0,,0.0,0,1946.0,A01,138Â 198Â 466,1.0,-1.0,-1.0,1733879,1.0,7,,12.0,1.0,3.0,A01,138Â 198Â 466,1.0
1015753,201900057284,10,25,22:20,5,2,9,1.0,6.0,94078,CARNOT (AV),M,"48,7330100","2,4468200",94,2019,50.0,1.0,1.0,4.0,2271622,10.0,3,4,1,0.0,,9.0,B,1962.0,A01,138Â 198Â 461,8.0,0.0,-1.0,1733880,2.0,10,,0.0,1.0,8.0,A01,138Â 198Â 461,1.0
1015753,201900057284,10,25,22:20,5,2,9,1.0,6.0,94078,CARNOT (AV),M,"48,7330100","2,4468200",94,2019,50.0,1.0,1.0,4.0,2271623,1.0,1,1,2,0.0,,-1.0, -1,1990.0,A01,138Â 198Â 461,1.0,0.0,-1.0,1733880,2.0,10,,0.0,1.0,8.0,A01,138Â 198Â 461,1.0
1015754,201900057285,1,1,11:00,1,1,9,1.0,2.0,34344,D62,M,"43,5713900","4,0818990",34,2019,70.0,1.0,1.0,3.0,2271624,1.0,1,3,2,5.0,,0.0,0,1952.0,B01,138Â 198Â 462,0.0,-1.0,-1.0,1733881,1.0,10,,0.0,0.0,6.0,B01,138Â 198Â 462,0.0