Unnamed: 0_x,num_acc,mois,jour,hrmn,lum,agg,int,atm,col,com,adr,gps,lat,long,dep,annee,vma,situ,surf,catr,Unnamed: 0_y,place,catu,grav,sexe,trajet,secu,locp,actp,an_nais,num_veh_x,id_vehicule_x,secu1,secu2,secu3,Unnamed: 0,senc,catv,occutc,obs,obsm,choc,num_veh_y,id_vehicule_y,motor
1015754,201900057285,1,1,11:00,1,1,9,1.0,2.0,34344,D62,M,"43,5713900","4,0818990",34,2019,70.0,1.0,1.0,3.0,2271624,1.0,1,3,2,5.0,,0.0,0,1952.0,B01,138Â 198Â 462,0.0,-1.0,-1.0,1733882,1.0,7,,1.0,0.0,2.0,A01,138Â 198Â 463,0.0
1015754,201900057285,1,1,11:00,1,1,9,1.0,2.0,34344,D62,M,"43,5713900","4,0818990",34,2019,70.0,1.0,1.0,3.0,2271625,1.0,1,1,1,4.0,,0.0,0,1988.0,A01,138Â 198Â 463,1.0,-1.0,-1.0,1733881,1.0,10,,0.0,0.0,6.0,B01,138Â 198Â 462,0.0
1015754,201900057285,1,1,11:00,1,1,9,1.0,2.0,34344,D62,M,"43,5713900","4,0818990",34,2019,70.0,1.0,1.0,3.0,2271625,1.0,1,1,1,4.0,,0.0,0,1988.0,A01,138Â 198Â 463,1.0,-1.0,-1.0,1733882,1.0,7,,1.0,0.0,2.0,A01,138Â 198Â 463,0.0
1015755,201900057286,10,24,18:15,2,2,1,2.0,5.0,94068,BAC (AV DU),M,"48,7900000","2,5200000",94,2019,50.0,1.0,2.0,3.0,2271626,1.0,1,3,1,0.0,,-1.0, -1,2002.0,C01,138Â 198Â 457,2.0,8.0,-1.0,1733883,2.0,2,,0.0,2.0,6.0,C01,138Â 198Â 457,1.0
1015755,201900057286,10,24,18:15,2,2,1,2.0,5.0,94068,BAC (AV DU),M,"48,7900000","2,5200000",94,2019,50.0,1.0,2.0,3.0,2271626,1.0,1,3,1,0.0,,-1.0, -1,2002.0,C01,138Â 198Â 457,2.0,8.0,-1.0,1733884,2.0,2,,0.0,2.0,1.0,B01,138Â 198Â 458,1.0
1015755,201900057286,10,24,18:15,2,2,1,2.0,5.0,94068,BAC (AV DU),M,"48,7900000","2,5200000",94,2019,50.0,1.0,2.0,3.0,2271626,1.0,1,3,1,0.0,,-1.0, -1,2002.0,C01,138Â 198Â 457,2.0,8.0,-1.0,1733885,2.0,7,,0.0,2.0,6.0,A01,138Â 198Â 460,1.0
1015755,201900057286,10,24,18:15,2,2,1,2.0,5.0,94068,BAC (AV DU),M,"48,7900000","2,5200000",94,2019,50.0,1.0,2.0,3.0,2271627,1.0,1,4,1,9.0,,-1.0, -1,2003.0,B01,138Â 198Â 458,2.0,8.0,-1.0,1733883,2.0,2,,0.0,2.0,6.0,C01,138Â 198Â 457,1.0
1015755,201900057286,10,24,18:15,2,2,1,2.0,5.0,94068,BAC (AV DU),M,"48,7900000","2,5200000",94,2019,50.0,1.0,2.0,3.0,2271627,1.0,1,4,1,9.0,,-1.0, -1,2003.0,B01,138Â 198Â 458,2.0,8.0,-1.0,1733884,2.0,2,,0.0,2.0,1.0,B01,138Â 198Â 458,1.0
1015755,201900057286,10,24,18:15,2,2,1,2.0,5.0,94068,BAC (AV DU),M,"48,7900000","2,5200000",94,2019,50.0,1.0,2.0,3.0,2271627,1.0,1,4,1,9.0,,-1.0, -1,2003.0,B01,138Â 198Â 458,2.0,8.0,-1.0,1733885,2.0,7,,0.0,2.0,6.0,A01,138Â 198Â 460,1.0
1015755,201900057286,10,24,18:15,2,2,1,2.0,5.0,94068,BAC (AV DU),M,"48,7900000","2,5200000",94,2019,50.0,1.0,2.0,3.0,2271628,1.0,1,1,1,0.0,,-1.0, -1,1992.0,A01,138Â 198Â 460,1.0,0.0,-1.0,1733883,2.0,2,,0.0,2.0,6.0,C01,138Â 198Â 457,1.0
1015755,201900057286,10,24,18:15,2,2,1,2.0,5.0,94068,BAC (AV DU),M,"48,7900000","2,5200000",94,2019,50.0,1.0,2.0,3.0,2271628,1.0,1,1,1,0.0,,-1.0, -1,1992.0,A01,138Â 198Â 460,1.0,0.0,-1.0,1733884,2.0,2,,0.0,2.0,1.0,B01,138Â 198Â 458,1.0
1015755,201900057286,10,24,18:15,2,2,1,2.0,5.0,94068,BAC (AV DU),M,"48,7900000","2,5200000",94,2019,50.0,1.0,2.0,3.0,2271628,1.0,1,1,1,0.0,,-1.0, -1,1992.0,A01,138Â 198Â 460,1.0,0.0,-1.0,1733885,2.0,7,,0.0,2.0,6.0,A01,138Â 198Â 460,1.0
1015756,201900057287,1,2,07:57,1,1,1,1.0,6.0,84003,D900,M,"43,8850030","5,3628000",84,2019,80.0,3.0,7.0,3.0,2271629,1.0,1,3,2,1.0,,0.0,0,1981.0,A01,138Â 198Â 459,1.0,-1.0,-1.0,1733886,3.0,7,,13.0,0.0,1.0,A01,138Â 198Â 459,1.0
1015757,201900057288,10,24,18:00,1,2,1,1.0,3.0,94046,GENERAL DE GAULLE (AV DU),M,"48,8110500","2,4229800",94,2019,50.0,1.0,1.0,3.0,2271630,1.0,1,1,2,5.0,,-1.0,0,1998.0,A01,138Â 198Â 455,1.0,8.0,-1.0,1733887,2.0,7,,0.0,2.0,2.0,A01,138Â 198Â 455,1.0
1015757,201900057288,10,24,18:00,1,2,1,1.0,3.0,94046,GENERAL DE GAULLE (AV DU),M,"48,8110500","2,4229800",94,2019,50.0,1.0,1.0,3.0,2271630,1.0,1,1,2,5.0,,-1.0,0,1998.0,A01,138Â 198Â 455,1.0,8.0,-1.0,1733888,2.0,7,,0.0,2.0,3.0,B01,138Â 198Â 456,0.0
1015757,201900057288,10,24,18:00,1,2,1,1.0,3.0,94046,GENERAL DE GAULLE (AV DU),M,"48,8110500","2,4229800",94,2019,50.0,1.0,1.0,3.0,2271631,2.0,2,1,1,5.0,,-1.0,0,1996.0,A01,138Â 198Â 455,1.0,8.0,-1.0,1733887,2.0,7,,0.0,2.0,2.0,A01,138Â 198Â 455,1.0
1015757,201900057288,10,24,18:00,1,2,1,1.0,3.0,94046,GENERAL DE GAULLE (AV DU),M,"48,8110500","2,4229800",94,2019,50.0,1.0,1.0,3.0,2271631,2.0,2,1,1,5.0,,-1.0,0,1996.0,A01,138Â 198Â 455,1.0,8.0,-1.0,1733888,2.0,7,,0.0,2.0,3.0,B01,138Â 198Â 456,0.0
1015757,201900057288,10,24,18:00,1,2,1,1.0,3.0,94046,GENERAL DE GAULLE (AV DU),M,"48,8110500","2,4229800",94,2019,50.0,1.0,1.0,3.0,2271632,3.0,2,1,1,5.0,,-1.0,0,2014.0,B01,138Â 198Â 456,3.0,8.0,-1.0,1733887,2.0,7,,0.0,2.0,2.0,A01,138Â 198Â 455,1.0
1015757,201900057288,10,24,18:00,1,2,1,1.0,3.0,94046,GENERAL DE GAULLE (AV DU),M,"48,8110500","2,4229800",94,2019,50.0,1.0,1.0,3.0,2271632,3.0,2,1,1,5.0,,-1.0,0,2014.0,B01,138Â 198Â 456,3.0,8.0,-1.0,1733888,2.0,7,,0.0,2.0,3.0,B01,138Â 198Â 456,0.0
1015757,201900057288,10,24,18:00,1,2,1,1.0,3.0,94046,GENERAL DE GAULLE (AV DU),M,"48,8110500","2,4229800",94,2019,50.0,1.0,1.0,3.0,2271633,1.0,1,4,1,0.0,,-1.0,0,1985.0,B01,138Â 198Â 456,1.0,0.0,-1.0,1733887,2.0,7,,0.0,2.0,2.0,A01,138Â 198Â 455,1.0
1015757,201900057288,10,24,18:00,1,2,1,1.0,3.0,94046,GENERAL DE GAULLE (AV DU),M,"48,8110500","2,4229800",94,2019,50.0,1.0,1.0,3.0,2271633,1.0,1,4,1,0.0,,-1.0,0,1985.0,B01,138Â 198Â 456,1.0,0.0,-1.0,1733888,2.0,7,,0.0,2.0,3.0,B01,138Â 198Â 456,0.0
1015757,201900057288,10,24,18:00,1,2,1,1.0,3.0,94046,GENERAL DE GAULLE (AV DU),M,"48,8110500","2,4229800",94,2019,50.0,1.0,1.0,3.0,2271634,4.0,2,4,2,5.0,,-1.0,0,2017.0,B01,138Â 198Â 456,3.0,8.0,-1.0,1733887,2.0,7,,0.0,2.0,2.0,A01,138Â 198Â 455,1.0
1015757,201900057288,10,24,18:00,1,2,1,1.0,3.0,94046,GENERAL DE GAULLE (AV DU),M,"48,8110500","2,4229800",94,2019,50.0,1.0,1.0,3.0,2271634,4.0,2,4,2,5.0,,-1.0,0,2017.0,B01,138Â 198Â 456,3.0,8.0,-1.0,1733888,2.0,7,,0.0,2.0,3.0,B01,138Â 198Â 456,0.0
1015758,201900057289,1,5,18:30,3,1,1,1.0,1.0,83035,D26,M,"43,2078800","5,7927430",83,2019,80.0,1.0,1.0,3.0,2271635,1.0,1,1,1,5.0,,0.0,0,1969.0,A01,138Â 198Â 453,1.0,5.0,-1.0,1733889,2.0,7,,0.0,2.0,3.0,A01,138Â 198Â 453,1.0
1015758,201900057289,1,5,18:30,3,1,1,1.0,1.0,83035,D26,M,"43,2078800","5,7927430",83,2019,80.0,1.0,1.0,3.0,2271635,1.0,1,1,1,5.0,,0.0,0,1969.0,A01,138Â 198Â 453,1.0,5.0,-1.0,1733890,1.0,7,,0.0,2.0,1.0,B01,138Â 198Â 454,1.0
1015758,201900057289,1,5,18:30,3,1,1,1.0,1.0,83035,D26,M,"43,2078800","5,7927430",83,2019,80.0,1.0,1.0,3.0,2271636,1.0,1,3,2,5.0,,0.0,0,1990.0,B01,138Â 198Â 454,1.0,5.0,-1.0,1733889,2.0,7,,0.0,2.0,3.0,A01,138Â 198Â 453,1.0
1015758,201900057289,1,5,18:30,3,1,1,1.0,1.0,83035,D26,M,"43,2078800","5,7927430",83,2019,80.0,1.0,1.0,3.0,2271636,1.0,1,3,2,5.0,,0.0,0,1990.0,B01,138Â 198Â 454,1.0,5.0,-1.0,1733890,1.0,7,,0.0,2.0,1.0,B01,138Â 198Â 454,1.0
1015759,201900057290,7,11,16:05,1,1,1,1.0,3.0,28179,D132 PR 35+000,M,"48,1888140","1,7347500",28,2019,80.0,1.0,1.0,3.0,2271637,1.0,1,3,1,5.0,,0.0,0,1952.0,B01,138Â 198Â 452,0.0,-1.0,-1.0,1733891,1.0,1,,0.0,2.0,4.0,B01,138Â 198Â 452,5.0
1015759,201900057290,7,11,16:05,1,1,1,1.0,3.0,28179,D132 PR 35+000,M,"48,1888140","1,7347500",28,2019,80.0,1.0,1.0,3.0,2271637,1.0,1,3,1,5.0,,0.0,0,1952.0,B01,138Â 198Â 452,0.0,-1.0,-1.0,1733892,1.0,7,,0.0,2.0,3.0,A01,138Â 198Â 472,1.0
1015759,201900057290,7,11,16:05,1,1,1,1.0,3.0,28179,D132 PR 35+000,M,"48,1888140","1,7347500",28,2019,80.0,1.0,1.0,3.0,2271638,1.0,1,1,2,1.0,,0.0,0,1981.0,A01,138Â 198Â 472,1.0,-1.0,-1.0,1733891,1.0,1,,0.0,2.0,4.0,B01,138Â 198Â 452,5.0
1015759,201900057290,7,11,16:05,1,1,1,1.0,3.0,28179,D132 PR 35+000,M,"48,1888140","1,7347500",28,2019,80.0,1.0,1.0,3.0,2271638,1.0,1,1,2,1.0,,0.0,0,1981.0,A01,138Â 198Â 472,1.0,-1.0,-1.0,1733892,1.0,7,,0.0,2.0,3.0,A01,138Â 198Â 472,1.0
1015760,201900057291,7,11,07:30,1,1,1,1.0,2.0,17003,Route dÃ©partementale 204,M,"46,1154030"," -0,9627440",17,2019,80.0,1.0,1.0,3.0,2271639,1.0,1,2,1,1.0,,0.0,0,1988.0,A01,138Â 198Â 447,2.0,-1.0,-1.0,1733893,2.0,33,,0.0,2.0,0.0,A01,138Â 198Â 447,1.0
1015760,201900057291,7,11,07:30,1,1,1,1.0,2.0,17003,Route dÃ©partementale 204,M,"46,1154030"," -0,9627440",17,2019,80.0,1.0,1.0,3.0,2271639,1.0,1,2,1,1.0,,0.0,0,1988.0,A01,138Â 198Â 447,2.0,-1.0,-1.0,1733894,1.0,14,,0.0,2.0,4.0,B01,138Â 198Â 449,0.0
1015761,201900057292,10,24,08:30,1,2,3,1.0,3.0,94028,SARRASINS(RUE DES),M,"48,7680200","2,4727700",94,2019,50.0,1.0,1.0,4.0,2271640,1.0,1,4,2,1.0,,-1.0, -1,1992.0,A01,138Â 198Â 446,1.0,0.0,-1.0,1733895,2.0,7,,0.0,2.0,3.0,A01,138Â 198Â 446,1.0
1015761,201900057292,10,24,08:30,1,2,3,1.0,3.0,94028,SARRASINS(RUE DES),M,"48,7680200","2,4727700",94,2019,50.0,1.0,1.0,4.0,2271640,1.0,1,4,2,1.0,,-1.0, -1,1992.0,A01,138Â 198Â 446,1.0,0.0,-1.0,1733896,3.0,15,,0.0,2.0,2.0,B01,138Â 198Â 450,1.0
1015761,201900057292,10,24,08:30,1,2,3,1.0,3.0,94028,SARRASINS(RUE DES),M,"48,7680200","2,4727700",94,2019,50.0,1.0,1.0,4.0,2271641,1.0,1,1,1,4.0,,-1.0, -1,1986.0,B01,138Â 198Â 450,1.0,0.0,-1.0,1733895,2.0,7,,0.0,2.0,3.0,A01,138Â 198Â 446,1.0
1015761,201900057292,10,24,08:30,1,2,3,1.0,3.0,94028,SARRASINS(RUE DES),M,"48,7680200","2,4727700",94,2019,50.0,1.0,1.0,4.0,2271641,1.0,1,1,1,4.0,,-1.0, -1,1986.0,B01,138Â 198Â 450,1.0,0.0,-1.0,1733896,3.0,15,,0.0,2.0,2.0,B01,138Â 198Â 450,1.0
1015762,201900057293,1,2,07:00,3,1,1,1.0,1.0,83065,,M,"43,2556840","6,5744680",83,2019,70.0,1.0,1.0,3.0,2271642,1.0,1,3,1,4.0,,0.0,0,1974.0,B01,138Â 198Â 445,1.0,-1.0,-1.0,1733897,1.0,7,,0.0,2.0,3.0,B01,138Â 198Â 445,0.0
1015762,201900057293,1,2,07:00,3,1,1,1.0,1.0,83065,,M,"43,2556840","6,5744680",83,2019,70.0,1.0,1.0,3.0,2271642,1.0,1,3,1,4.0,,0.0,0,1974.0,B01,138Â 198Â 445,1.0,-1.0,-1.0,1733898,1.0,7,,0.0,2.0,2.0,A01,138Â 198Â 448,0.0
1015762,201900057293,1,2,07:00,3,1,1,1.0,1.0,83065,,M,"43,2556840","6,5744680",83,2019,70.0,1.0,1.0,3.0,2271643,2.0,2,4,1,4.0,,0.0,0,1956.0,B01,138Â 198Â 445,1.0,-1.0,-1.0,1733897,1.0,7,,0.0,2.0,3.0,B01,138Â 198Â 445,0.0
1015762,201900057293,1,2,07:00,3,1,1,1.0,1.0,83065,,M,"43,2556840","6,5744680",83,2019,70.0,1.0,1.0,3.0,2271643,2.0,2,4,1,4.0,,0.0,0,1956.0,B01,138Â 198Â 445,1.0,-1.0,-1.0,1733898,1.0,7,,0.0,2.0,2.0,A01,138Â 198Â 448,0.0
1015762,201900057293,1,2,07:00,3,1,1,1.0,1.0,83065,,M,"43,2556840","6,5744680",83,2019,70.0,1.0,1.0,3.0,2271644,1.0,1,2,1,1.0,,0.0,0,1999.0,A01,138Â 198Â 448,8.0,-1.0,-1.0,1733897,1.0,7,,0.0,2.0,3.0,B01,138Â 198Â 445,0.0
1015762,201900057293,1,2,07:00,3,1,1,1.0,1.0,83065,,M,"43,2556840","6,5744680",83,2019,70.0,1.0,1.0,3.0,2271644,1.0,1,2,1,1.0,,0.0,0,1999.0,A01,138Â 198Â 448,8.0,-1.0,-1.0,1733898,1.0,7,,0.0,2.0,2.0,A01,138Â 198Â 448,0.0
1015763,201900057294,10,23,17:05,1,2,3,1.0,3.0,94028,VERDUN.(AVENUE DE),M,"48,7955000","2,4628000",94,2019,50.0,1.0,1.0,3.0,2271645,1.0,1,4,1,9.0,,-1.0,0,2002.0,B01,138Â 198Â 442,2.0,8.0,-1.0,1733899,1.0,2,,0.0,2.0,5.0,B01,138Â 198Â 442,1.0
1015763,201900057294,10,23,17:05,1,2,3,1.0,3.0,94028,VERDUN.(AVENUE DE),M,"48,7955000","2,4628000",94,2019,50.0,1.0,1.0,3.0,2271645,1.0,1,4,1,9.0,,-1.0,0,2002.0,B01,138Â 198Â 442,2.0,8.0,-1.0,1733900,1.0,7,,0.0,2.0,3.0,A01,138Â 198Â 444,1.0
1015763,201900057294,10,23,17:05,1,2,3,1.0,3.0,94028,VERDUN.(AVENUE DE),M,"48,7955000","2,4628000",94,2019,50.0,1.0,1.0,3.0,2271646,1.0,1,1,1,0.0,,-1.0,0,1973.0,A01,138Â 198Â 444,1.0,0.0,-1.0,1733899,1.0,2,,0.0,2.0,5.0,B01,138Â 198Â 442,1.0
1015763,201900057294,10,23,17:05,1,2,3,1.0,3.0,94028,VERDUN.(AVENUE DE),M,"48,7955000","2,4628000",94,2019,50.0,1.0,1.0,3.0,2271646,1.0,1,1,1,0.0,,-1.0,0,1973.0,A01,138Â 198Â 444,1.0,0.0,-1.0,1733900,1.0,7,,0.0,2.0,3.0,A01,138Â 198Â 444,1.0
1015764,201900057295,7,10,19:20,1,2,1,1.0,1.0,08413,Route de Rethel,M,"49,6099130","4,2037620",8,2019,50.0,1.0,1.0,3.0,2271647,1.0,1,3,1,5.0,,0.0,0,1965.0,B01,138Â 198Â 438,1.0,-1.0,-1.0,1733901,2.0,7,,0.0,2.0,2.0,B01,138Â 198Â 438,1.0
1015764,201900057295,7,10,19:20,1,2,1,1.0,1.0,08413,Route de Rethel,M,"49,6099130","4,2037620",8,2019,50.0,1.0,1.0,3.0,2271647,1.0,1,3,1,5.0,,0.0,0,1965.0,B01,138Â 198Â 438,1.0,-1.0,-1.0,1733902,1.0,7,,3.0,2.0,2.0,A01,138Â 198Â 441,1.0
1015764,201900057295,7,10,19:20,1,2,1,1.0,1.0,08413,Route de Rethel,M,"49,6099130","4,2037620",8,2019,50.0,1.0,1.0,3.0,2271648,2.0,2,3,2,5.0,,0.0,0,2002.0,B01,138Â 198Â 438,1.0,-1.0,-1.0,1733901,2.0,7,,0.0,2.0,2.0,B01,138Â 198Â 438,1.0
1015764,201900057295,7,10,19:20,1,2,1,1.0,1.0,08413,Route de Rethel,M,"49,6099130","4,2037620",8,2019,50.0,1.0,1.0,3.0,2271648,2.0,2,3,2,5.0,,0.0,0,2002.0,B01,138Â 198Â 438,1.0,-1.0,-1.0,1733902,1.0,7,,3.0,2.0,2.0,A01,138Â 198Â 441,1.0
1015764,201900057295,7,10,19:20,1,2,1,1.0,1.0,08413,Route de Rethel,M,"49,6099130","4,2037620",8,2019,50.0,1.0,1.0,3.0,2271649,1.0,1,1,1,4.0,,0.0,0,1970.0,A01,138Â 198Â 441,1.0,-1.0,-1.0,1733901,2.0,7,,0.0,2.0,2.0,B01,138Â 198Â 438,1.0
1015764,201900057295,7,10,19:20,1,2,1,1.0,1.0,08413,Route de Rethel,M,"49,6099130","4,2037620",8,2019,50.0,1.0,1.0,3.0,2271649,1.0,1,1,1,4.0,,0.0,0,1970.0,A01,138Â 198Â 441,1.0,-1.0,-1.0,1733902,1.0,7,,3.0,2.0,2.0,A01,138Â 198Â 441,1.0
1015765,201900057296,7,9,19:00,1,2,3,1.0,1.0,66172,28 bis avenue du gÃ©nÃ©ral de GAULLE,M,"42,7078700","2,8413700",66,2019,30.0,1.0,1.0,3.0,2271650,1.0,1,1,1,5.0,,0.0,0,1988.0,A01,138Â 198Â 434,2.0,-1.0,-1.0,1733903,1.0,34,,0.0,2.0,1.0,A01,138Â 198Â 434,1.0
1015765,201900057296,7,9,19:00,1,2,3,1.0,1.0,66172,28 bis avenue du gÃ©nÃ©ral de GAULLE,M,"42,7078700","2,8413700",66,2019,30.0,1.0,1.0,3.0,2271650,1.0,1,1,1,5.0,,0.0,0,1988.0,A01,138Â 198Â 434,2.0,-1.0,-1.0,1733904,2.0,7,,0.0,2.0,1.0,B01,138Â 198Â 435,1.0
1015765,201900057296,7,9,19:00,1,2,3,1.0,1.0,66172,28 bis avenue du gÃ©nÃ©ral de GAULLE,M,"42,7078700","2,8413700",66,2019,30.0,1.0,1.0,3.0,2271651,2.0,2,3,1,5.0,,0.0,0,1996.0,A01,138Â 198Â 434,2.0,-1.0,-1.0,1733903,1.0,34,,0.0,2.0,1.0,A01,138Â 198Â 434,1.0
1015765,201900057296,7,9,19:00,1,2,3,1.0,1.0,66172,28 bis avenue du gÃ©nÃ©ral de GAULLE,M,"42,7078700","2,8413700",66,2019,30.0,1.0,1.0,3.0,2271651,2.0,2,3,1,5.0,,0.0,0,1996.0,A01,138Â 198Â 434,2.0,-1.0,-1.0,1733904,2.0,7,,0.0,2.0,1.0,B01,138Â 198Â 435,1.0
1015765,201900057296,7,9,19:00,1,2,3,1.0,1.0,66172,28 bis avenue du gÃ©nÃ©ral de GAULLE,M,"42,7078700","2,8413700",66,2019,30.0,1.0,1.0,3.0,2271652,1.0,1,1,2,1.0,,0.0,0,1993.0,B01,138Â 198Â 435,1.0,-1.0,-1.0,1733903,1.0,34,,0.0,2.0,1.0,A01,138Â 198Â 434,1.0
1015765,201900057296,7,9,19:00,1,2,3,1.0,1.0,66172,28 bis avenue du gÃ©nÃ©ral de GAULLE,M,"42,7078700","2,8413700",66,2019,30.0,1.0,1.0,3.0,2271652,1.0,1,1,2,1.0,,0.0,0,1993.0,B01,138Â 198Â 435,1.0,-1.0,-1.0,1733904,2.0,7,,0.0,2.0,1.0,B01,138Â 198Â 435,1.0
1015766,201900057297,7,11,10:15,1,1,1,1.0,6.0,97603,Dapani CCD4 FACE AU TERRAIN D'AVIATION,M," -12,9706700","45,1625710",976,2019,70.0,1.0,1.0,3.0,2271653,1.0,1,1,1,5.0,,0.0,0,2003.0,A01,138Â 198Â 433,1.0,-1.0,-1.0,1733905,1.0,7,,0.0,1.0,2.0,A01,138Â 198Â 433,1.0
1015766,201900057297,7,11,10:15,1,1,1,1.0,6.0,97603,Dapani CCD4 FACE AU TERRAIN D'AVIATION,M," -12,9706700","45,1625710",976,2019,70.0,1.0,1.0,3.0,2271654,2.0,2,1,1,5.0,,0.0,0,2002.0,A01,138Â 198Â 433,1.0,-1.0,-1.0,1733905,1.0,7,,0.0,1.0,2.0,A01,138Â 198Â 433,1.0
1015766,201900057297,7,11,10:15,1,1,1,1.0,6.0,97603,Dapani CCD4 FACE AU TERRAIN D'AVIATION,M," -12,9706700","45,1625710",976,2019,70.0,1.0,1.0,3.0,2271655,10.0,3,2,1,5.0,,6.0,1,1944.0,A01,138Â 198Â 433,0.0,-1.0,-1.0,1733905,1.0,7,,0.0,1.0,2.0,A01,138Â 198Â 433,1.0
1015767,201900057298,7,11,05:45,2,2,1,1.0,6.0,31254,"Rond point Gaumont, D916-PK4",M,"43,5374840","1,5108600",31,2019,80.0,3.0,1.0,3.0,2271656,1.0,1,3,1,1.0,,0.0,0,1963.0,A01,138Â 198Â 432,2.0,6.0,-1.0,1733906,2.0,34,,3.0,0.0,3.0,A01,138Â 198Â 432,0.0
1015768,201900057299,7,10,16:11,1,1,1,1.0,6.0,45146,autoroute A71 PK118 + 550,M,"47,7332510","1,8769240",45,2019,130.0,3.0,1.0,1.0,2271657,1.0,1,4,1,5.0,,0.0,0,1953.0,A01,138Â 198Â 431,1.0,-1.0,-1.0,1733907,2.0,7,,13.0,0.0,1.0,A01,138Â 198Â 431,1.0
1015768,201900057299,7,10,16:11,1,1,1,1.0,6.0,45146,autoroute A71 PK118 + 550,M,"47,7332510","1,8769240",45,2019,130.0,3.0,1.0,1.0,2271658,2.0,2,3,2,5.0,,0.0,0,1951.0,A01,138Â 198Â 431,1.0,-1.0,-1.0,1733907,2.0,7,,13.0,0.0,1.0,A01,138Â 198Â 431,1.0
1015769,201900057300,7,10,09:45,1,1,1,1.0,2.0,30189,Autoroute A9 - PK51+500 - Sens ORANGE/MPT,M,"43,8358530","4,4079750",30,2019,130.0,1.0,1.0,1.0,2271659,9.0,2,1,2,0.0,,0.0,0,2018.0,B01,138Â 198Â 429,3.0,-1.0,-1.0,1733908,1.0,7,,0.0,0.0,4.0,B01,138Â 198Â 429,1.0
1015769,201900057300,7,10,09:45,1,1,1,1.0,2.0,30189,Autoroute A9 - PK51+500 - Sens ORANGE/MPT,M,"43,8358530","4,4079750",30,2019,130.0,1.0,1.0,1.0,2271659,9.0,2,1,2,0.0,,0.0,0,2018.0,B01,138Â 198Â 429,3.0,-1.0,-1.0,1733909,1.0,10,,0.0,2.0,1.0,A01,138Â 198Â 430,1.0
1015769,201900057300,7,10,09:45,1,1,1,1.0,2.0,30189,Autoroute A9 - PK51+500 - Sens ORANGE/MPT,M,"43,8358530","4,4079750",30,2019,130.0,1.0,1.0,1.0,2271660,1.0,1,3,2,0.0,,0.0,0,1980.0,B01,138Â 198Â 429,1.0,-1.0,-1.0,1733908,1.0,7,,0.0,0.0,4.0,B01,138Â 198Â 429,1.0
1015769,201900057300,7,10,09:45,1,1,1,1.0,2.0,30189,Autoroute A9 - PK51+500 - Sens ORANGE/MPT,M,"43,8358530","4,4079750",30,2019,130.0,1.0,1.0,1.0,2271660,1.0,1,3,2,0.0,,0.0,0,1980.0,B01,138Â 198Â 429,1.0,-1.0,-1.0,1733909,1.0,10,,0.0,2.0,1.0,A01,138Â 198Â 430,1.0
1015769,201900057300,7,10,09:45,1,1,1,1.0,2.0,30189,Autoroute A9 - PK51+500 - Sens ORANGE/MPT,M,"43,8358530","4,4079750",30,2019,130.0,1.0,1.0,1.0,2271661,1.0,1,1,1,4.0,,0.0,0,1968.0,A01,138Â 198Â 430,1.0,-1.0,-1.0,1733908,1.0,7,,0.0,0.0,4.0,B01,138Â 198Â 429,1.0
1015769,201900057300,7,10,09:45,1,1,1,1.0,2.0,30189,Autoroute A9 - PK51+500 - Sens ORANGE/MPT,M,"43,8358530","4,4079750",30,2019,130.0,1.0,1.0,1.0,2271661,1.0,1,1,1,4.0,,0.0,0,1968.0,A01,138Â 198Â 430,1.0,-1.0,-1.0,1733909,1.0,10,,0.0,2.0,1.0,A01,138Â 198Â 430,1.0
1015770,201900057301,7,11,14:30,1,1,3,1.0,2.0,45051,RD 952 PK 36+800,M,"47,8355550","2,3553070",45,2019,80.0,1.0,1.0,3.0,2271662,1.0,1,1,1,4.0,,0.0,0,1948.0,A01,138Â 198Â 427,1.0,-1.0,-1.0,1733910,1.0,15,,8.0,2.0,1.0,A01,138Â 198Â 427,1.0
1015770,201900057301,7,11,14:30,1,1,3,1.0,2.0,45051,RD 952 PK 36+800,M,"47,8355550","2,3553070",45,2019,80.0,1.0,1.0,3.0,2271662,1.0,1,1,1,4.0,,0.0,0,1948.0,A01,138Â 198Â 427,1.0,-1.0,-1.0,1733911,1.0,7,,0.0,0.0,4.0,B01,138Â 198Â 428,1.0
1015770,201900057301,7,11,14:30,1,1,3,1.0,2.0,45051,RD 952 PK 36+800,M,"47,8355550","2,3553070",45,2019,80.0,1.0,1.0,3.0,2271663,2.0,2,3,1,5.0,,0.0,0,1970.0,B01,138Â 198Â 428,8.0,-1.0,-1.0,1733910,1.0,15,,8.0,2.0,1.0,A01,138Â 198Â 427,1.0
1015770,201900057301,7,11,14:30,1,1,3,1.0,2.0,45051,RD 952 PK 36+800,M,"47,8355550","2,3553070",45,2019,80.0,1.0,1.0,3.0,2271663,2.0,2,3,1,5.0,,0.0,0,1970.0,B01,138Â 198Â 428,8.0,-1.0,-1.0,1733911,1.0,7,,0.0,0.0,4.0,B01,138Â 198Â 428,1.0
1015770,201900057301,7,11,14:30,1,1,3,1.0,2.0,45051,RD 952 PK 36+800,M,"47,8355550","2,3553070",45,2019,80.0,1.0,1.0,3.0,2271664,7.0,2,3,1,5.0,,0.0,0,2004.0,B01,138Â 198Â 428,1.0,-1.0,-1.0,1733910,1.0,15,,8.0,2.0,1.0,A01,138Â 198Â 427,1.0