Unnamed: 0_x,num_acc,mois,jour,hrmn,lum,agg,int,atm,col,com,adr,gps,lat,long,dep,annee,vma,situ,surf,catr,Unnamed: 0_y,place,catu,grav,sexe,trajet,secu,locp,actp,an_nais,num_veh_x,id_vehicule_x,secu1,secu2,secu3,Unnamed: 0,senc,catv,occutc,obs,obsm,choc,num_veh_y,id_vehicule_y,motor
1015770,201900057301,7,11,14:30,1,1,3,1.0,2.0,45051,RD 952 PK 36+800,M,"47,8355550","2,3553070",45,2019,80.0,1.0,1.0,3.0,2271664,7.0,2,3,1,5.0,,0.0,0,2004.0,B01,138Â 198Â 428,1.0,-1.0,-1.0,1733911,1.0,7,,0.0,0.0,4.0,B01,138Â 198Â 428,1.0
1015770,201900057301,7,11,14:30,1,1,3,1.0,2.0,45051,RD 952 PK 36+800,M,"47,8355550","2,3553070",45,2019,80.0,1.0,1.0,3.0,2271665,1.0,1,4,1,5.0,,0.0,0,2001.0,B01,138Â 198Â 428,1.0,-1.0,-1.0,1733910,1.0,15,,8.0,2.0,1.0,A01,138Â 198Â 427,1.0
1015770,201900057301,7,11,14:30,1,1,3,1.0,2.0,45051,RD 952 PK 36+800,M,"47,8355550","2,3553070",45,2019,80.0,1.0,1.0,3.0,2271665,1.0,1,4,1,5.0,,0.0,0,2001.0,B01,138Â 198Â 428,1.0,-1.0,-1.0,1733911,1.0,7,,0.0,0.0,4.0,B01,138Â 198Â 428,1.0
1015771,201900057302,9,15,10:30,1,1,4,1.0,3.0,16393,Ld Les Courades,M,"45,7418000","0,0996000",16,2019,80.0,1.0,1.0,3.0,2271666,2.0,2,3,1,5.0,,0.0,0,1932.0,B01,138Â 198Â 451,1.0,-1.0,-1.0,1733912,2.0,7,,0.0,2.0,1.0,B01,138Â 198Â 451,1.0
1015771,201900057302,9,15,10:30,1,1,4,1.0,3.0,16393,Ld Les Courades,M,"45,7418000","0,0996000",16,2019,80.0,1.0,1.0,3.0,2271666,2.0,2,3,1,5.0,,0.0,0,1932.0,B01,138Â 198Â 451,1.0,-1.0,-1.0,1733913,1.0,7,,9.0,2.0,2.0,A01,138Â 198Â 478,1.0
1015771,201900057302,9,15,10:30,1,1,4,1.0,3.0,16393,Ld Les Courades,M,"45,7418000","0,0996000",16,2019,80.0,1.0,1.0,3.0,2271667,1.0,1,1,1,5.0,,0.0,0,1959.0,B01,138Â 198Â 451,1.0,-1.0,-1.0,1733912,2.0,7,,0.0,2.0,1.0,B01,138Â 198Â 451,1.0
1015771,201900057302,9,15,10:30,1,1,4,1.0,3.0,16393,Ld Les Courades,M,"45,7418000","0,0996000",16,2019,80.0,1.0,1.0,3.0,2271667,1.0,1,1,1,5.0,,0.0,0,1959.0,B01,138Â 198Â 451,1.0,-1.0,-1.0,1733913,1.0,7,,9.0,2.0,2.0,A01,138Â 198Â 478,1.0
1015771,201900057302,9,15,10:30,1,1,4,1.0,3.0,16393,Ld Les Courades,M,"45,7418000","0,0996000",16,2019,80.0,1.0,1.0,3.0,2271668,1.0,1,1,2,5.0,,0.0,0,1991.0,A01,138Â 198Â 478,1.0,-1.0,-1.0,1733912,2.0,7,,0.0,2.0,1.0,B01,138Â 198Â 451,1.0
1015771,201900057302,9,15,10:30,1,1,4,1.0,3.0,16393,Ld Les Courades,M,"45,7418000","0,0996000",16,2019,80.0,1.0,1.0,3.0,2271668,1.0,1,1,2,5.0,,0.0,0,1991.0,A01,138Â 198Â 478,1.0,-1.0,-1.0,1733913,1.0,7,,9.0,2.0,2.0,A01,138Â 198Â 478,1.0
1015772,201900057303,7,10,16:50,1,1,1,1.0,1.0,78264,Route dÃ©partementale 112,M,"48,7589120","1,7235700",78,2019,80.0,1.0,1.0,3.0,2271669,1.0,1,3,1,9.0,,0.0,0,1964.0,A01,138Â 198Â 425,2.0,6.0,-1.0,1733914,1.0,33,,0.0,2.0,1.0,A01,138Â 198Â 425,1.0
1015772,201900057303,7,10,16:50,1,1,1,1.0,1.0,78264,Route dÃ©partementale 112,M,"48,7589120","1,7235700",78,2019,80.0,1.0,1.0,3.0,2271669,1.0,1,3,1,9.0,,0.0,0,1964.0,A01,138Â 198Â 425,2.0,6.0,-1.0,1733915,2.0,7,,0.0,2.0,3.0,B01,138Â 198Â 426,1.0
1015772,201900057303,7,10,16:50,1,1,1,1.0,1.0,78264,Route dÃ©partementale 112,M,"48,7589120","1,7235700",78,2019,80.0,1.0,1.0,3.0,2271670,1.0,1,1,2,3.0,,0.0,0,1956.0,B01,138Â 198Â 426,1.0,-1.0,-1.0,1733914,1.0,33,,0.0,2.0,1.0,A01,138Â 198Â 425,1.0
1015772,201900057303,7,10,16:50,1,1,1,1.0,1.0,78264,Route dÃ©partementale 112,M,"48,7589120","1,7235700",78,2019,80.0,1.0,1.0,3.0,2271670,1.0,1,1,2,3.0,,0.0,0,1956.0,B01,138Â 198Â 426,1.0,-1.0,-1.0,1733915,2.0,7,,0.0,2.0,3.0,B01,138Â 198Â 426,1.0
1015773,201900057304,9,21,23:00,3,1,1,1.0,7.0,21541,D906,M,"46,9486119","4,7271111",21,2019,80.0,8.0,1.0,3.0,2271671,1.0,1,3,2,5.0,,0.0,0,1964.0,A01,138Â 198Â 424,1.0,-1.0,-1.0,1733916,1.0,7,,16.0,0.0,1.0,A01,138Â 198Â 424,1.0
1015774,201900057305,7,11,05:20,2,1,1,1.0,7.0,2A114,D859,M,"41,4987960","9,1364420",2A,2019,80.0,8.0,1.0,3.0,2271672,1.0,1,3,1,1.0,,0.0,0,2000.0,A01,138Â 198Â 423,1.0,-1.0,-1.0,1733917,1.0,7,,13.0,0.0,0.0,A01,138Â 198Â 423,1.0
1015775,201900057306,9,14,07:40,1,2,1,1.0,7.0,40273,Avenue du Quartier Neuf,M,"43,5279230"," -1,3918520",40,2019,50.0,6.0,1.0,3.0,2271673,1.0,1,3,1,0.0,,0.0,0,1971.0,A01,138Â 198Â 422,6.0,2.0,-1.0,1733918,1.0,32,,11.0,0.0,1.0,A01,138Â 198Â 422,1.0
1015776,201900057307,1,2,15:05,1,2,1,1.0,7.0,83115,avenue du dÃ©barquement,M,"43,3231900","6,6568990",83,2019,70.0,3.0,1.0,4.0,2271674,1.0,1,2,2,9.0,,0.0,0,1956.0,A01,138Â 198Â 440,1.0,-1.0,-1.0,1733919,3.0,7,,15.0,0.0,1.0,A01,138Â 198Â 440,1.0
1015777,201900057308,6,21,12:00,1,1,1,1.0,2.0,2A215,RT 40,M,"41,5005642","9,0348249",2A,2019,80.0,1.0,1.0,2.0,2271675,1.0,1,3,1,5.0,,0.0,0,1962.0,B01,138Â 198Â 419,2.0,-1.0,-1.0,1733920,2.0,1,,0.0,2.0,4.0,B01,138Â 198Â 419,5.0
1015777,201900057308,6,21,12:00,1,1,1,1.0,2.0,2A215,RT 40,M,"41,5005642","9,0348249",2A,2019,80.0,1.0,1.0,2.0,2271675,1.0,1,3,1,5.0,,0.0,0,1962.0,B01,138Â 198Â 419,2.0,-1.0,-1.0,1733921,2.0,7,,0.0,2.0,2.0,A01,138Â 198Â 421,1.0
1015777,201900057308,6,21,12:00,1,1,1,1.0,2.0,2A215,RT 40,M,"41,5005642","9,0348249",2A,2019,80.0,1.0,1.0,2.0,2271676,1.0,1,1,1,4.0,,0.0,0,1970.0,A01,138Â 198Â 421,1.0,-1.0,-1.0,1733920,2.0,1,,0.0,2.0,4.0,B01,138Â 198Â 419,5.0
1015777,201900057308,6,21,12:00,1,1,1,1.0,2.0,2A215,RT 40,M,"41,5005642","9,0348249",2A,2019,80.0,1.0,1.0,2.0,2271676,1.0,1,1,1,4.0,,0.0,0,1970.0,A01,138Â 198Â 421,1.0,-1.0,-1.0,1733921,2.0,7,,0.0,2.0,2.0,A01,138Â 198Â 421,1.0
1015778,201900057309,9,22,18:50,1,1,1,1.0,3.0,40044,Route DÃ©partementale 817,M,"43,5519370"," -1,3203210",40,2019,80.0,1.0,1.0,3.0,2271677,1.0,1,4,1,5.0,,0.0,0,2001.0,B01,138Â 198Â 418,1.0,-1.0,-1.0,1733922,0.0,7,,0.0,2.0,1.0,B01,138Â 198Â 418,1.0
1015778,201900057309,9,22,18:50,1,1,1,1.0,3.0,40044,Route DÃ©partementale 817,M,"43,5519370"," -1,3203210",40,2019,80.0,1.0,1.0,3.0,2271677,1.0,1,4,1,5.0,,0.0,0,2001.0,B01,138Â 198Â 418,1.0,-1.0,-1.0,1733923,0.0,7,,13.0,2.0,8.0,A01,138Â 198Â 420,1.0
1015778,201900057309,9,22,18:50,1,1,1,1.0,3.0,40044,Route DÃ©partementale 817,M,"43,5519370"," -1,3203210",40,2019,80.0,1.0,1.0,3.0,2271678,1.0,1,3,2,5.0,,0.0,0,1951.0,A01,138Â 198Â 420,1.0,-1.0,-1.0,1733922,0.0,7,,0.0,2.0,1.0,B01,138Â 198Â 418,1.0
1015778,201900057309,9,22,18:50,1,1,1,1.0,3.0,40044,Route DÃ©partementale 817,M,"43,5519370"," -1,3203210",40,2019,80.0,1.0,1.0,3.0,2271678,1.0,1,3,2,5.0,,0.0,0,1951.0,A01,138Â 198Â 420,1.0,-1.0,-1.0,1733923,0.0,7,,13.0,2.0,8.0,A01,138Â 198Â 420,1.0
1015779,201900057310,10,25,06:20,5,2,1,1.0,6.0,94069,MARECHAL DE LATTRE DE TASSIGNY (AV),M,"48,8198000","2,4197000",94,2019,30.0,1.0,1.0,3.0,2271679,1.0,1,4,1,1.0,,-1.0, -1,1970.0,A01,138Â 198Â 437,2.0,6.0,-1.0,1733924,1.0,33,,0.0,6.0,0.0,A01,138Â 198Â 437,1.0
1015779,201900057310,10,25,06:20,5,2,1,1.0,6.0,94069,MARECHAL DE LATTRE DE TASSIGNY (AV),M,"48,8198000","2,4197000",94,2019,30.0,1.0,1.0,3.0,2271679,1.0,1,4,1,1.0,,-1.0, -1,1970.0,A01,138Â 198Â 437,2.0,6.0,-1.0,1733925,1.0,14,,0.0,0.0,0.0,B01,138Â 198Â 439,1.0
1015779,201900057310,10,25,06:20,5,2,1,1.0,6.0,94069,MARECHAL DE LATTRE DE TASSIGNY (AV),M,"48,8198000","2,4197000",94,2019,30.0,1.0,1.0,3.0,2271680,1.0,1,1,1,4.0,,-1.0, -1,1994.0,B01,138Â 198Â 439,1.0,0.0,-1.0,1733924,1.0,33,,0.0,6.0,0.0,A01,138Â 198Â 437,1.0
1015779,201900057310,10,25,06:20,5,2,1,1.0,6.0,94069,MARECHAL DE LATTRE DE TASSIGNY (AV),M,"48,8198000","2,4197000",94,2019,30.0,1.0,1.0,3.0,2271680,1.0,1,1,1,4.0,,-1.0, -1,1994.0,B01,138Â 198Â 439,1.0,0.0,-1.0,1733925,1.0,14,,0.0,0.0,0.0,B01,138Â 198Â 439,1.0
1015780,201900057311,10,25,10:15,1,2,1,1.0,6.0,94044,JEAN MONNET (AV),M,"48,7581832","2,4816386",94,2019,30.0,1.0,1.0,3.0,2271681,1.0,1,4,1,1.0,,-1.0,0,1971.0,A01,138Â 198Â 414,8.0,0.0,-1.0,1733926,3.0,7,,14.0,0.0,3.0,A01,138Â 198Â 414,1.0
1015781,201900057312,10,25,06:45,3,2,3,8.0,1.0,94004,GENERAL LECLERC (AV DU),M,"48,7545000","2,5061000",94,2019,50.0,1.0,2.0,2.0,2271682,1.0,1,1,1,1.0,,-1.0, -1,1995.0,A01,138Â 198Â 412,1.0,0.0,-1.0,1733927,3.0,7,,0.0,2.0,3.0,A01,138Â 198Â 412,1.0
1015781,201900057312,10,25,06:45,3,2,3,8.0,1.0,94004,GENERAL LECLERC (AV DU),M,"48,7545000","2,5061000",94,2019,50.0,1.0,2.0,2.0,2271682,1.0,1,1,1,1.0,,-1.0, -1,1995.0,A01,138Â 198Â 412,1.0,0.0,-1.0,1733928,0.0,33,,0.0,2.0,1.0,B01,138Â 198Â 413,1.0
1015781,201900057312,10,25,06:45,3,2,3,8.0,1.0,94004,GENERAL LECLERC (AV DU),M,"48,7545000","2,5061000",94,2019,50.0,1.0,2.0,2.0,2271683,1.0,1,4,1,1.0,,-1.0, -1,1992.0,B01,138Â 198Â 413,2.0,6.0,-1.0,1733927,3.0,7,,0.0,2.0,3.0,A01,138Â 198Â 412,1.0
1015781,201900057312,10,25,06:45,3,2,3,8.0,1.0,94004,GENERAL LECLERC (AV DU),M,"48,7545000","2,5061000",94,2019,50.0,1.0,2.0,2.0,2271683,1.0,1,4,1,1.0,,-1.0, -1,1992.0,B01,138Â 198Â 413,2.0,6.0,-1.0,1733928,0.0,33,,0.0,2.0,1.0,B01,138Â 198Â 413,1.0
1015782,201900057313,1,4,16:35,1,1,1,1.0,1.0,83023,RN7. PK28,M,"43,4037220","6,0076130",83,2019,80.0,1.0,1.0,3.0,2271684,1.0,1,2,1,5.0,,0.0,0,1947.0,A01,138Â 198Â 409,8.0,-1.0,-1.0,1733929,1.0,7,,0.0,2.0,3.0,A01,138Â 198Â 409,1.0
1015782,201900057313,1,4,16:35,1,1,1,1.0,1.0,83023,RN7. PK28,M,"43,4037220","6,0076130",83,2019,80.0,1.0,1.0,3.0,2271684,1.0,1,2,1,5.0,,0.0,0,1947.0,A01,138Â 198Â 409,8.0,-1.0,-1.0,1733930,2.0,15,,0.0,2.0,3.0,B01,138Â 198Â 417,1.0
1015782,201900057313,1,4,16:35,1,1,1,1.0,1.0,83023,RN7. PK28,M,"43,4037220","6,0076130",83,2019,80.0,1.0,1.0,3.0,2271685,2.0,2,3,2,0.0,,0.0,0,1939.0,A01,138Â 198Â 409,1.0,-1.0,-1.0,1733929,1.0,7,,0.0,2.0,3.0,A01,138Â 198Â 409,1.0
1015782,201900057313,1,4,16:35,1,1,1,1.0,1.0,83023,RN7. PK28,M,"43,4037220","6,0076130",83,2019,80.0,1.0,1.0,3.0,2271685,2.0,2,3,2,0.0,,0.0,0,1939.0,A01,138Â 198Â 409,1.0,-1.0,-1.0,1733930,2.0,15,,0.0,2.0,3.0,B01,138Â 198Â 417,1.0
1015782,201900057313,1,4,16:35,1,1,1,1.0,1.0,83023,RN7. PK28,M,"43,4037220","6,0076130",83,2019,80.0,1.0,1.0,3.0,2271686,8.0,2,3,2,0.0,,0.0,0,1998.0,A01,138Â 198Â 409,1.0,-1.0,-1.0,1733929,1.0,7,,0.0,2.0,3.0,A01,138Â 198Â 409,1.0
1015782,201900057313,1,4,16:35,1,1,1,1.0,1.0,83023,RN7. PK28,M,"43,4037220","6,0076130",83,2019,80.0,1.0,1.0,3.0,2271686,8.0,2,3,2,0.0,,0.0,0,1998.0,A01,138Â 198Â 409,1.0,-1.0,-1.0,1733930,2.0,15,,0.0,2.0,3.0,B01,138Â 198Â 417,1.0
1015782,201900057313,1,4,16:35,1,1,1,1.0,1.0,83023,RN7. PK28,M,"43,4037220","6,0076130",83,2019,80.0,1.0,1.0,3.0,2271687,1.0,1,1,1,4.0,,0.0,0,1960.0,B01,138Â 198Â 417,1.0,-1.0,-1.0,1733929,1.0,7,,0.0,2.0,3.0,A01,138Â 198Â 409,1.0
1015782,201900057313,1,4,16:35,1,1,1,1.0,1.0,83023,RN7. PK28,M,"43,4037220","6,0076130",83,2019,80.0,1.0,1.0,3.0,2271687,1.0,1,1,1,4.0,,0.0,0,1960.0,B01,138Â 198Â 417,1.0,-1.0,-1.0,1733930,2.0,15,,0.0,2.0,3.0,B01,138Â 198Â 417,1.0
1015783,201900057314,10,25,14:00,1,2,1,2.0,6.0,93071,LIVRY (AVENUE DE),M,"48,9389700","2,5387100",93,2019,50.0,1.0,1.0,4.0,2271688,10.0,3,1,1,0.0,,9.0,B,1978.0,A01,138Â 198Â 408,8.0,0.0,-1.0,1733931,0.0,3,,0.0,2.0,3.0,A01,138Â 198Â 408,0.0
1015783,201900057314,10,25,14:00,1,2,1,2.0,6.0,93071,LIVRY (AVENUE DE),M,"48,9389700","2,5387100",93,2019,50.0,1.0,1.0,4.0,2271688,10.0,3,1,1,0.0,,9.0,B,1978.0,A01,138Â 198Â 408,8.0,0.0,-1.0,1733932,0.0,3,,0.0,2.0,3.0,B01,138Â 198Â 410,0.0
1015783,201900057314,10,25,14:00,1,2,1,2.0,6.0,93071,LIVRY (AVENUE DE),M,"48,9389700","2,5387100",93,2019,50.0,1.0,1.0,4.0,2271689,1.0,1,4,2,0.0,,-1.0, -1,1990.0,A01,138Â 198Â 408,1.0,0.0,-1.0,1733931,0.0,3,,0.0,2.0,3.0,A01,138Â 198Â 408,0.0
1015783,201900057314,10,25,14:00,1,2,1,2.0,6.0,93071,LIVRY (AVENUE DE),M,"48,9389700","2,5387100",93,2019,50.0,1.0,1.0,4.0,2271689,1.0,1,4,2,0.0,,-1.0, -1,1990.0,A01,138Â 198Â 408,1.0,0.0,-1.0,1733932,0.0,3,,0.0,2.0,3.0,B01,138Â 198Â 410,0.0
1015783,201900057314,10,25,14:00,1,2,1,2.0,6.0,93071,LIVRY (AVENUE DE),M,"48,9389700","2,5387100",93,2019,50.0,1.0,1.0,4.0,2271690,1.0,1,1,1,0.0,,-1.0, -1,1996.0,B01,138Â 198Â 410,1.0,0.0,-1.0,1733931,0.0,3,,0.0,2.0,3.0,A01,138Â 198Â 408,0.0
1015783,201900057314,10,25,14:00,1,2,1,2.0,6.0,93071,LIVRY (AVENUE DE),M,"48,9389700","2,5387100",93,2019,50.0,1.0,1.0,4.0,2271690,1.0,1,1,1,0.0,,-1.0, -1,1996.0,B01,138Â 198Â 410,1.0,0.0,-1.0,1733932,0.0,3,,0.0,2.0,3.0,B01,138Â 198Â 410,0.0
1015784,201900057315,1,4,18:30,3,2,1,1.0,6.0,06157,2357 avenue Emile Hugues,M,"43,7092140","7,1274860",6,2019,50.0,1.0,1.0,7.0,2271691,1.0,1,1,1,1.0,,0.0,0,1970.0,A01,138Â 198Â 406,8.0,-1.0,-1.0,1733933,2.0,7,,0.0,1.0,2.0,A01,138Â 198Â 406,1.0
1015784,201900057315,1,4,18:30,3,2,1,1.0,6.0,06157,2357 avenue Emile Hugues,M,"43,7092140","7,1274860",6,2019,50.0,1.0,1.0,7.0,2271692,10.0,3,2,2,5.0,,1.0,3,1952.0,A01,138Â 198Â 406,8.0,-1.0,-1.0,1733933,2.0,7,,0.0,1.0,2.0,A01,138Â 198Â 406,1.0
1015785,201900057316,10,24,11:30,1,2,1,1.0,2.0,93066,"""LANDY RD 20, NR IMPAIRS 1 A 144""",M,"48,9154500","2,3642600",93,2019,50.0,1.0,1.0,3.0,2271693,1.0,1,1,1,4.0,,-1.0, -1,1959.0,A01,138Â 198Â 405,1.0,0.0,-1.0,1733934,3.0,10,,0.0,2.0,4.0,A01,138Â 198Â 405,1.0
1015785,201900057316,10,24,11:30,1,2,1,1.0,2.0,93066,"""LANDY RD 20, NR IMPAIRS 1 A 144""",M,"48,9154500","2,3642600",93,2019,50.0,1.0,1.0,3.0,2271693,1.0,1,1,1,4.0,,-1.0, -1,1959.0,A01,138Â 198Â 405,1.0,0.0,-1.0,1733935,3.0,1,,0.0,2.0,1.0,B01,138Â 198Â 407,0.0
1015785,201900057316,10,24,11:30,1,2,1,1.0,2.0,93066,"""LANDY RD 20, NR IMPAIRS 1 A 144""",M,"48,9154500","2,3642600",93,2019,50.0,1.0,1.0,3.0,2271694,1.0,1,4,1,9.0,,-1.0, -1,1992.0,B01,138Â 198Â 407,8.0,0.0,-1.0,1733934,3.0,10,,0.0,2.0,4.0,A01,138Â 198Â 405,1.0
1015785,201900057316,10,24,11:30,1,2,1,1.0,2.0,93066,"""LANDY RD 20, NR IMPAIRS 1 A 144""",M,"48,9154500","2,3642600",93,2019,50.0,1.0,1.0,3.0,2271694,1.0,1,4,1,9.0,,-1.0, -1,1992.0,B01,138Â 198Â 407,8.0,0.0,-1.0,1733935,3.0,1,,0.0,2.0,1.0,B01,138Â 198Â 407,0.0
1015786,201900057317,10,25,19:30,5,2,1,1.0,6.0,93064,LECLERC (RUE DU GENERAL),M,"48,8682240","2,4920050",93,2019,30.0,1.0,1.0,3.0,2271695,10.0,3,1,1,0.0,,9.0,B,1988.0,A01,138Â 198Â 403,8.0,0.0,-1.0,1733936,3.0,50,,0.0,1.0,1.0,A01,138Â 198Â 403,3.0
1015786,201900057317,10,25,19:30,5,2,1,1.0,6.0,93064,LECLERC (RUE DU GENERAL),M,"48,8682240","2,4920050",93,2019,30.0,1.0,1.0,3.0,2271696,1.0,1,4,1,9.0,,0.0,0,1968.0,A01,138Â 198Â 403,8.0,0.0,-1.0,1733936,3.0,50,,0.0,1.0,1.0,A01,138Â 198Â 403,3.0
1015787,201900057318,9,15,20:10,2,1,1,1.0,7.0,24259,Toutifaut,M,"44,9140120","0,5012310",24,2019,80.0,3.0,1.0,3.0,2271697,1.0,1,3,1,5.0,,0.0,0,1962.0,A01,138Â 198Â 415,2.0,-1.0,-1.0,1733937,2.0,33,,15.0,0.0,1.0,A01,138Â 198Â 415,1.0
1015787,201900057318,9,15,20:10,2,1,1,1.0,7.0,24259,Toutifaut,M,"44,9140120","0,5012310",24,2019,80.0,3.0,1.0,3.0,2271698,2.0,2,4,2,5.0,,0.0,0,1975.0,A01,138Â 198Â 415,2.0,-1.0,-1.0,1733937,2.0,33,,15.0,0.0,1.0,A01,138Â 198Â 415,1.0
1015788,201900057319,5,24,16:35,1,2,2,1.0,7.0,34033,rue joseph d'arbaud,M,"43,7590760","4,0778720",34,2019,50.0,1.0,1.0,3.0,2271699,1.0,1,3,2,5.0,,0.0,0,1952.0,A01,138Â 198Â 411,1.0,-1.0,-1.0,1733938,1.0,7,,12.0,0.0,9.0,A01,138Â 198Â 411,1.0
1015789,201900057320,7,11,00:39,3,1,1,1.0,6.0,66226,D900,M,"42,5908710","2,8526330",66,2019,80.0,1.0,1.0,3.0,2271700,10.0,3,3,1,5.0,,1.0,3,1964.0,A01,138Â 198Â 416,0.0,-1.0,-1.0,1733939,1.0,10,,0.0,1.0,1.0,A01,138Â 198Â 416,0.0
1015789,201900057320,7,11,00:39,3,1,1,1.0,6.0,66226,D900,M,"42,5908710","2,8526330",66,2019,80.0,1.0,1.0,3.0,2271701,1.0,1,1,1,5.0,,0.0,0,1950.0,A01,138Â 198Â 416,1.0,-1.0,-1.0,1733939,1.0,10,,0.0,1.0,1.0,A01,138Â 198Â 416,0.0
1015790,201900057321,1,1,04:20,3,1,1,1.0,1.0,04086,RD 900,M,"44,4048455","6,7080064",4,2019,80.0,1.0,1.0,3.0,2271702,1.0,1,4,2,5.0,,0.0,0,1981.0,A01,138Â 198Â 402,1.0,-1.0,-1.0,1733940,1.0,7,,0.0,2.0,2.0,A01,138Â 198Â 402,1.0
1015790,201900057321,1,1,04:20,3,1,1,1.0,1.0,04086,RD 900,M,"44,4048455","6,7080064",4,2019,80.0,1.0,1.0,3.0,2271702,1.0,1,4,2,5.0,,0.0,0,1981.0,A01,138Â 198Â 402,1.0,-1.0,-1.0,1733941,2.0,7,,0.0,2.0,3.0,B01,138Â 198Â 404,1.0
1015790,201900057321,1,1,04:20,3,1,1,1.0,1.0,04086,RD 900,M,"44,4048455","6,7080064",4,2019,80.0,1.0,1.0,3.0,2271703,2.0,2,4,1,5.0,,0.0,0,1998.0,B01,138Â 198Â 404,1.0,-1.0,-1.0,1733940,1.0,7,,0.0,2.0,2.0,A01,138Â 198Â 402,1.0
1015790,201900057321,1,1,04:20,3,1,1,1.0,1.0,04086,RD 900,M,"44,4048455","6,7080064",4,2019,80.0,1.0,1.0,3.0,2271703,2.0,2,4,1,5.0,,0.0,0,1998.0,B01,138Â 198Â 404,1.0,-1.0,-1.0,1733941,2.0,7,,0.0,2.0,3.0,B01,138Â 198Â 404,1.0
1015790,201900057321,1,1,04:20,3,1,1,1.0,1.0,04086,RD 900,M,"44,4048455","6,7080064",4,2019,80.0,1.0,1.0,3.0,2271704,1.0,1,3,2,5.0,,0.0,0,1992.0,B01,138Â 198Â 404,1.0,-1.0,-1.0,1733940,1.0,7,,0.0,2.0,2.0,A01,138Â 198Â 402,1.0
1015790,201900057321,1,1,04:20,3,1,1,1.0,1.0,04086,RD 900,M,"44,4048455","6,7080064",4,2019,80.0,1.0,1.0,3.0,2271704,1.0,1,3,2,5.0,,0.0,0,1992.0,B01,138Â 198Â 404,1.0,-1.0,-1.0,1733941,2.0,7,,0.0,2.0,3.0,B01,138Â 198Â 404,1.0
1015791,201900057322,1,3,20:15,3,1,1,1.0,5.0,13027,D28,M,"43,8763210","4,8306070",13,2019,80.0,1.0,1.0,3.0,2271705,1.0,1,1,1,4.0,,0.0,0,1981.0,C01,138Â 198Â 396,1.0,-1.0,-1.0,1733942,1.0,17,,0.0,2.0,4.0,C01,138Â 198Â 396,1.0
1015791,201900057322,1,3,20:15,3,1,1,1.0,5.0,13027,D28,M,"43,8763210","4,8306070",13,2019,80.0,1.0,1.0,3.0,2271705,1.0,1,1,1,4.0,,0.0,0,1981.0,C01,138Â 198Â 396,1.0,-1.0,-1.0,1733943,1.0,7,,0.0,2.0,1.0,A01,138Â 198Â 397,1.0
1015791,201900057322,1,3,20:15,3,1,1,1.0,5.0,13027,D28,M,"43,8763210","4,8306070",13,2019,80.0,1.0,1.0,3.0,2271705,1.0,1,1,1,4.0,,0.0,0,1981.0,C01,138Â 198Â 396,1.0,-1.0,-1.0,1733944,2.0,7,,0.0,2.0,1.0,B01,138Â 198Â 398,1.0
1015791,201900057322,1,3,20:15,3,1,1,1.0,5.0,13027,D28,M,"43,8763210","4,8306070",13,2019,80.0,1.0,1.0,3.0,2271706,1.0,1,4,1,1.0,,0.0,0,1968.0,A01,138Â 198Â 397,1.0,-1.0,-1.0,1733942,1.0,17,,0.0,2.0,4.0,C01,138Â 198Â 396,1.0
1015791,201900057322,1,3,20:15,3,1,1,1.0,5.0,13027,D28,M,"43,8763210","4,8306070",13,2019,80.0,1.0,1.0,3.0,2271706,1.0,1,4,1,1.0,,0.0,0,1968.0,A01,138Â 198Â 397,1.0,-1.0,-1.0,1733943,1.0,7,,0.0,2.0,1.0,A01,138Â 198Â 397,1.0
1015791,201900057322,1,3,20:15,3,1,1,1.0,5.0,13027,D28,M,"43,8763210","4,8306070",13,2019,80.0,1.0,1.0,3.0,2271706,1.0,1,4,1,1.0,,0.0,0,1968.0,A01,138Â 198Â 397,1.0,-1.0,-1.0,1733944,2.0,7,,0.0,2.0,1.0,B01,138Â 198Â 398,1.0
1015791,201900057322,1,3,20:15,3,1,1,1.0,5.0,13027,D28,M,"43,8763210","4,8306070",13,2019,80.0,1.0,1.0,3.0,2271707,1.0,1,3,1,1.0,,0.0,0,1965.0,B01,138Â 198Â 398,1.0,-1.0,-1.0,1733942,1.0,17,,0.0,2.0,4.0,C01,138Â 198Â 396,1.0
1015791,201900057322,1,3,20:15,3,1,1,1.0,5.0,13027,D28,M,"43,8763210","4,8306070",13,2019,80.0,1.0,1.0,3.0,2271707,1.0,1,3,1,1.0,,0.0,0,1965.0,B01,138Â 198Â 398,1.0,-1.0,-1.0,1733943,1.0,7,,0.0,2.0,1.0,A01,138Â 198Â 397,1.0
1015791,201900057322,1,3,20:15,3,1,1,1.0,5.0,13027,D28,M,"43,8763210","4,8306070",13,2019,80.0,1.0,1.0,3.0,2271707,1.0,1,3,1,1.0,,0.0,0,1965.0,B01,138Â 198Â 398,1.0,-1.0,-1.0,1733944,2.0,7,,0.0,2.0,1.0,B01,138Â 198Â 398,1.0
1015792,201900057323,1,1,02:44,3,1,1,1.0,2.0,13107,dÃ©partementale 60,M,"43,4258670","5,3918880",13,2019,110.0,1.0,1.0,3.0,2271708,1.0,1,4,2,5.0,,0.0,0,1963.0,A01,138Â 198Â 394,1.0,-1.0,-1.0,1733945,3.0,7,,0.0,0.0,6.0,A01,138Â 198Â 394,0.0