Unnamed: 0_x,num_acc,mois,jour,hrmn,lum,agg,int,atm,col,com,adr,gps,lat,long,dep,annee,vma,situ,surf,catr,Unnamed: 0_y,place,catu,grav,sexe,trajet,secu,locp,actp,an_nais,num_veh_x,id_vehicule_x,secu1,secu2,secu3,Unnamed: 0,senc,catv,occutc,obs,obsm,choc,num_veh_y,id_vehicule_y,motor
1015792,201900057323,1,1,02:44,3,1,1,1.0,2.0,13107,dÃ©partementale 60,M,"43,4258670","5,3918880",13,2019,110.0,1.0,1.0,3.0,2271708,1.0,1,4,2,5.0,,0.0,0,1963.0,A01,138Â 198Â 394,1.0,-1.0,-1.0,1733946,3.0,7,,0.0,2.0,2.0,B01,138Â 198Â 395,0.0
1015792,201900057323,1,1,02:44,3,1,1,1.0,2.0,13107,dÃ©partementale 60,M,"43,4258670","5,3918880",13,2019,110.0,1.0,1.0,3.0,2271709,2.0,2,4,2,5.0,,0.0,0,1964.0,A01,138Â 198Â 394,1.0,-1.0,-1.0,1733945,3.0,7,,0.0,0.0,6.0,A01,138Â 198Â 394,0.0
1015792,201900057323,1,1,02:44,3,1,1,1.0,2.0,13107,dÃ©partementale 60,M,"43,4258670","5,3918880",13,2019,110.0,1.0,1.0,3.0,2271709,2.0,2,4,2,5.0,,0.0,0,1964.0,A01,138Â 198Â 394,1.0,-1.0,-1.0,1733946,3.0,7,,0.0,2.0,2.0,B01,138Â 198Â 395,0.0
1015792,201900057323,1,1,02:44,3,1,1,1.0,2.0,13107,dÃ©partementale 60,M,"43,4258670","5,3918880",13,2019,110.0,1.0,1.0,3.0,2271710,1.0,1,1,1,5.0,,0.0,0,1988.0,B01,138Â 198Â 395,1.0,-1.0,-1.0,1733945,3.0,7,,0.0,0.0,6.0,A01,138Â 198Â 394,0.0
1015792,201900057323,1,1,02:44,3,1,1,1.0,2.0,13107,dÃ©partementale 60,M,"43,4258670","5,3918880",13,2019,110.0,1.0,1.0,3.0,2271710,1.0,1,1,1,5.0,,0.0,0,1988.0,B01,138Â 198Â 395,1.0,-1.0,-1.0,1733946,3.0,7,,0.0,2.0,2.0,B01,138Â 198Â 395,0.0
1015793,201900057324,1,3,15:10,1,1,1,8.0,2.0,08491,Autoroute A.34 - Sens CHARLEVILLE-MEZIERES - SEDAN,M,"49,7237260","4,8510340",8,2019,130.0,1.0,1.0,1.0,2271711,1.0,1,2,1,5.0,,0.0,0,1938.0,A01,138Â 198Â 392,1.0,-1.0,-1.0,1733947,2.0,7,,3.0,0.0,3.0,A01,138Â 198Â 392,1.0
1015793,201900057324,1,3,15:10,1,1,1,8.0,2.0,08491,Autoroute A.34 - Sens CHARLEVILLE-MEZIERES - SEDAN,M,"49,7237260","4,8510340",8,2019,130.0,1.0,1.0,1.0,2271711,1.0,1,2,1,5.0,,0.0,0,1938.0,A01,138Â 198Â 392,1.0,-1.0,-1.0,1733948,2.0,10,,0.0,0.0,5.0,B01,138Â 198Â 393,6.0
1015794,201900057325,1,3,18:05,3,1,1,8.0,4.0,88136,Route nationale 57 sens NANCY-EPINAL aprÃ¨s Aire De Repos De Neuf Lieux PK 30+500,M,"48,2072480","6,4611330",88,2019,110.0,1.0,2.0,2.0,2271712,2.0,2,1,2,3.0,,0.0,0,1962.0,C01,138Â 198Â 389,1.0,-1.0,-1.0,1733949,1.0,7,,0.0,2.0,1.0,C01,138Â 198Â 389,1.0
1015794,201900057325,1,3,18:05,3,1,1,8.0,4.0,88136,Route nationale 57 sens NANCY-EPINAL aprÃ¨s Aire De Repos De Neuf Lieux PK 30+500,M,"48,2072480","6,4611330",88,2019,110.0,1.0,2.0,2.0,2271712,2.0,2,1,2,3.0,,0.0,0,1962.0,C01,138Â 198Â 389,1.0,-1.0,-1.0,1733950,1.0,7,,0.0,2.0,1.0,B01,138Â 198Â 390,1.0
1015794,201900057325,1,3,18:05,3,1,1,8.0,4.0,88136,Route nationale 57 sens NANCY-EPINAL aprÃ¨s Aire De Repos De Neuf Lieux PK 30+500,M,"48,2072480","6,4611330",88,2019,110.0,1.0,2.0,2.0,2271712,2.0,2,1,2,3.0,,0.0,0,1962.0,C01,138Â 198Â 389,1.0,-1.0,-1.0,1733951,1.0,7,,3.0,0.0,1.0,A01,138Â 198Â 391,1.0
1015794,201900057325,1,3,18:05,3,1,1,8.0,4.0,88136,Route nationale 57 sens NANCY-EPINAL aprÃ¨s Aire De Repos De Neuf Lieux PK 30+500,M,"48,2072480","6,4611330",88,2019,110.0,1.0,2.0,2.0,2271713,1.0,1,1,1,3.0,,0.0,0,1962.0,C01,138Â 198Â 389,1.0,-1.0,-1.0,1733949,1.0,7,,0.0,2.0,1.0,C01,138Â 198Â 389,1.0
1015794,201900057325,1,3,18:05,3,1,1,8.0,4.0,88136,Route nationale 57 sens NANCY-EPINAL aprÃ¨s Aire De Repos De Neuf Lieux PK 30+500,M,"48,2072480","6,4611330",88,2019,110.0,1.0,2.0,2.0,2271713,1.0,1,1,1,3.0,,0.0,0,1962.0,C01,138Â 198Â 389,1.0,-1.0,-1.0,1733950,1.0,7,,0.0,2.0,1.0,B01,138Â 198Â 390,1.0
1015794,201900057325,1,3,18:05,3,1,1,8.0,4.0,88136,Route nationale 57 sens NANCY-EPINAL aprÃ¨s Aire De Repos De Neuf Lieux PK 30+500,M,"48,2072480","6,4611330",88,2019,110.0,1.0,2.0,2.0,2271713,1.0,1,1,1,3.0,,0.0,0,1962.0,C01,138Â 198Â 389,1.0,-1.0,-1.0,1733951,1.0,7,,3.0,0.0,1.0,A01,138Â 198Â 391,1.0
1015794,201900057325,1,3,18:05,3,1,1,8.0,4.0,88136,Route nationale 57 sens NANCY-EPINAL aprÃ¨s Aire De Repos De Neuf Lieux PK 30+500,M,"48,2072480","6,4611330",88,2019,110.0,1.0,2.0,2.0,2271714,1.0,1,4,1,5.0,,0.0,0,1967.0,B01,138Â 198Â 390,1.0,-1.0,-1.0,1733949,1.0,7,,0.0,2.0,1.0,C01,138Â 198Â 389,1.0
1015794,201900057325,1,3,18:05,3,1,1,8.0,4.0,88136,Route nationale 57 sens NANCY-EPINAL aprÃ¨s Aire De Repos De Neuf Lieux PK 30+500,M,"48,2072480","6,4611330",88,2019,110.0,1.0,2.0,2.0,2271714,1.0,1,4,1,5.0,,0.0,0,1967.0,B01,138Â 198Â 390,1.0,-1.0,-1.0,1733950,1.0,7,,0.0,2.0,1.0,B01,138Â 198Â 390,1.0
1015794,201900057325,1,3,18:05,3,1,1,8.0,4.0,88136,Route nationale 57 sens NANCY-EPINAL aprÃ¨s Aire De Repos De Neuf Lieux PK 30+500,M,"48,2072480","6,4611330",88,2019,110.0,1.0,2.0,2.0,2271714,1.0,1,4,1,5.0,,0.0,0,1967.0,B01,138Â 198Â 390,1.0,-1.0,-1.0,1733951,1.0,7,,3.0,0.0,1.0,A01,138Â 198Â 391,1.0
1015794,201900057325,1,3,18:05,3,1,1,8.0,4.0,88136,Route nationale 57 sens NANCY-EPINAL aprÃ¨s Aire De Repos De Neuf Lieux PK 30+500,M,"48,2072480","6,4611330",88,2019,110.0,1.0,2.0,2.0,2271715,1.0,1,4,2,1.0,,0.0,0,1974.0,A01,138Â 198Â 391,1.0,-1.0,-1.0,1733949,1.0,7,,0.0,2.0,1.0,C01,138Â 198Â 389,1.0
1015794,201900057325,1,3,18:05,3,1,1,8.0,4.0,88136,Route nationale 57 sens NANCY-EPINAL aprÃ¨s Aire De Repos De Neuf Lieux PK 30+500,M,"48,2072480","6,4611330",88,2019,110.0,1.0,2.0,2.0,2271715,1.0,1,4,2,1.0,,0.0,0,1974.0,A01,138Â 198Â 391,1.0,-1.0,-1.0,1733950,1.0,7,,0.0,2.0,1.0,B01,138Â 198Â 390,1.0
1015794,201900057325,1,3,18:05,3,1,1,8.0,4.0,88136,Route nationale 57 sens NANCY-EPINAL aprÃ¨s Aire De Repos De Neuf Lieux PK 30+500,M,"48,2072480","6,4611330",88,2019,110.0,1.0,2.0,2.0,2271715,1.0,1,4,2,1.0,,0.0,0,1974.0,A01,138Â 198Â 391,1.0,-1.0,-1.0,1733951,1.0,7,,3.0,0.0,1.0,A01,138Â 198Â 391,1.0
1015795,201900057326,1,6,01:00,3,2,1,1.0,6.0,74007,route de l'hÃ´pital,M,"46,0639120","6,3362890",74,2019,50.0,3.0,1.0,4.0,2271716,1.0,1,4,2,5.0,,0.0,0,1969.0,A01,138Â 198Â 386,1.0,-1.0,-1.0,1733952,0.0,7,,6.0,0.0,3.0,A01,138Â 198Â 386,1.0
1015796,201900057327,1,4,12:15,1,2,3,1.0,3.0,42168,rue de la Valencize,M,"45,4217120","4,6802260",42,2019,50.0,1.0,1.0,4.0,2271717,1.0,1,1,2,3.0,,0.0,0,1964.0,B01,138Â 198Â 384,1.0,-1.0,-1.0,1733953,3.0,7,,0.0,2.0,3.0,B01,138Â 198Â 384,1.0
1015796,201900057327,1,4,12:15,1,2,3,1.0,3.0,42168,rue de la Valencize,M,"45,4217120","4,6802260",42,2019,50.0,1.0,1.0,4.0,2271717,1.0,1,1,2,3.0,,0.0,0,1964.0,B01,138Â 198Â 384,1.0,-1.0,-1.0,1733954,2.0,2,,0.0,2.0,1.0,A01,138Â 198Â 385,1.0
1015796,201900057327,1,4,12:15,1,2,3,1.0,3.0,42168,rue de la Valencize,M,"45,4217120","4,6802260",42,2019,50.0,1.0,1.0,4.0,2271718,1.0,1,3,1,1.0,,0.0,0,2000.0,A01,138Â 198Â 385,2.0,6.0,-1.0,1733953,3.0,7,,0.0,2.0,3.0,B01,138Â 198Â 384,1.0
1015796,201900057327,1,4,12:15,1,2,3,1.0,3.0,42168,rue de la Valencize,M,"45,4217120","4,6802260",42,2019,50.0,1.0,1.0,4.0,2271718,1.0,1,3,1,1.0,,0.0,0,2000.0,A01,138Â 198Â 385,2.0,6.0,-1.0,1733954,2.0,2,,0.0,2.0,1.0,A01,138Â 198Â 385,1.0
1015797,201900057328,1,2,04:35,3,1,1,2.0,1.0,38449,D124,M,"45,6520200","5,1355000",38,2019,80.0,1.0,1.0,3.0,2271719,1.0,1,3,1,1.0,,0.0,0,1982.0,A01,138Â 198Â 382,1.0,-1.0,-1.0,1733955,1.0,7,,0.0,2.0,3.0,A01,138Â 198Â 382,1.0
1015797,201900057328,1,2,04:35,3,1,1,2.0,1.0,38449,D124,M,"45,6520200","5,1355000",38,2019,80.0,1.0,1.0,3.0,2271719,1.0,1,3,1,1.0,,0.0,0,1982.0,A01,138Â 198Â 382,1.0,-1.0,-1.0,1733956,2.0,7,,0.0,2.0,3.0,B01,138Â 198Â 383,1.0
1015797,201900057328,1,2,04:35,3,1,1,2.0,1.0,38449,D124,M,"45,6520200","5,1355000",38,2019,80.0,1.0,1.0,3.0,2271720,1.0,1,4,1,1.0,,0.0,0,1994.0,B01,138Â 198Â 383,1.0,5.0,-1.0,1733955,1.0,7,,0.0,2.0,3.0,A01,138Â 198Â 382,1.0
1015797,201900057328,1,2,04:35,3,1,1,2.0,1.0,38449,D124,M,"45,6520200","5,1355000",38,2019,80.0,1.0,1.0,3.0,2271720,1.0,1,4,1,1.0,,0.0,0,1994.0,B01,138Â 198Â 383,1.0,5.0,-1.0,1733956,2.0,7,,0.0,2.0,3.0,B01,138Â 198Â 383,1.0
1015798,201900057329,1,6,11:55,1,1,1,8.0,1.0,38468,RN7 PR 29+450,M,"45,3379590","4,8046320",38,2019,50.0,1.0,1.0,2.0,2271721,1.0,1,1,1,5.0,,0.0,0,2000.0,A01,138Â 198Â 380,1.0,-1.0,-1.0,1733957,1.0,7,,0.0,2.0,1.0,A01,138Â 198Â 380,1.0
1015798,201900057329,1,6,11:55,1,1,1,8.0,1.0,38468,RN7 PR 29+450,M,"45,3379590","4,8046320",38,2019,50.0,1.0,1.0,2.0,2271721,1.0,1,1,1,5.0,,0.0,0,2000.0,A01,138Â 198Â 380,1.0,-1.0,-1.0,1733958,2.0,33,,0.0,2.0,1.0,B01,138Â 198Â 381,1.0
1015798,201900057329,1,6,11:55,1,1,1,8.0,1.0,38468,RN7 PR 29+450,M,"45,3379590","4,8046320",38,2019,50.0,1.0,1.0,2.0,2271722,1.0,1,3,1,5.0,,0.0,0,1967.0,B01,138Â 198Â 381,2.0,6.0,-1.0,1733957,1.0,7,,0.0,2.0,1.0,A01,138Â 198Â 380,1.0
1015798,201900057329,1,6,11:55,1,1,1,8.0,1.0,38468,RN7 PR 29+450,M,"45,3379590","4,8046320",38,2019,50.0,1.0,1.0,2.0,2271722,1.0,1,3,1,5.0,,0.0,0,1967.0,B01,138Â 198Â 381,2.0,6.0,-1.0,1733958,2.0,33,,0.0,2.0,1.0,B01,138Â 198Â 381,1.0
1015798,201900057329,1,6,11:55,1,1,1,8.0,1.0,38468,RN7 PR 29+450,M,"45,3379590","4,8046320",38,2019,50.0,1.0,1.0,2.0,2271723,2.0,2,3,2,5.0,,0.0,0,2002.0,B01,138Â 198Â 381,2.0,6.0,-1.0,1733957,1.0,7,,0.0,2.0,1.0,A01,138Â 198Â 380,1.0
1015798,201900057329,1,6,11:55,1,1,1,8.0,1.0,38468,RN7 PR 29+450,M,"45,3379590","4,8046320",38,2019,50.0,1.0,1.0,2.0,2271723,2.0,2,3,2,5.0,,0.0,0,2002.0,B01,138Â 198Â 381,2.0,6.0,-1.0,1733958,2.0,33,,0.0,2.0,1.0,B01,138Â 198Â 381,1.0
1015799,201900057330,1,2,13:18,1,2,9,1.0,6.0,38382,14 rue Louis besanÃ§on,M,"45,2326120","5,6843270",38,2019,-1.0,1.0,1.0,6.0,2271724,1.0,1,1,1,3.0,,0.0,0,1943.0,A01,138Â 198Â 379,1.0,-1.0,-1.0,1733959,0.0,7,,0.0,1.0,5.0,A01,138Â 198Â 379,1.0
1015799,201900057330,1,2,13:18,1,2,9,1.0,6.0,38382,14 rue Louis besanÃ§on,M,"45,2326120","5,6843270",38,2019,-1.0,1.0,1.0,6.0,2271725,10.0,3,4,2,3.0,,9.0,9,1957.0,A01,138Â 198Â 379,0.0,-1.0,-1.0,1733959,0.0,7,,0.0,1.0,5.0,A01,138Â 198Â 379,1.0
1015800,201900057331,1,5,07:45,3,1,1,1.0,6.0,69223,relisse,M,"45,8896400","4,5033350",69,2019,-1.0,1.0,1.0,4.0,2271726,1.0,1,1,2,1.0,,0.0,0,1965.0,A01,138Â 198Â 378,1.0,-1.0,-1.0,1733960,3.0,7,,1.0,1.0,3.0,A01,138Â 198Â 378,1.0
1015800,201900057331,1,5,07:45,3,1,1,1.0,6.0,69223,relisse,M,"45,8896400","4,5033350",69,2019,-1.0,1.0,1.0,4.0,2271727,10.0,3,3,2,4.0,,1.0,4,1963.0,A01,138Â 198Â 378,0.0,-1.0,-1.0,1733960,3.0,7,,1.0,1.0,3.0,A01,138Â 198Â 378,1.0
1015801,201900057332,5,23,15:05,1,1,1,1.0,1.0,34151,D34 - PK 16+800,M,"43,6436170","4,1861880",34,2019,80.0,1.0,1.0,3.0,2271728,1.0,1,2,2,0.0,,0.0,0,1967.0,A01,138Â 198Â 374,1.0,-1.0,-1.0,1733961,2.0,7,,0.0,2.0,3.0,A01,138Â 198Â 374,1.0
1015801,201900057332,5,23,15:05,1,1,1,1.0,1.0,34151,D34 - PK 16+800,M,"43,6436170","4,1861880",34,2019,80.0,1.0,1.0,3.0,2271728,1.0,1,2,2,0.0,,0.0,0,1967.0,A01,138Â 198Â 374,1.0,-1.0,-1.0,1733962,1.0,7,,0.0,2.0,3.0,B01,138Â 198Â 399,1.0
1015801,201900057332,5,23,15:05,1,1,1,1.0,1.0,34151,D34 - PK 16+800,M,"43,6436170","4,1861880",34,2019,80.0,1.0,1.0,3.0,2271729,1.0,1,1,1,5.0,,0.0,0,1951.0,B01,138Â 198Â 399,1.0,-1.0,-1.0,1733961,2.0,7,,0.0,2.0,3.0,A01,138Â 198Â 374,1.0
1015801,201900057332,5,23,15:05,1,1,1,1.0,1.0,34151,D34 - PK 16+800,M,"43,6436170","4,1861880",34,2019,80.0,1.0,1.0,3.0,2271729,1.0,1,1,1,5.0,,0.0,0,1951.0,B01,138Â 198Â 399,1.0,-1.0,-1.0,1733962,1.0,7,,0.0,2.0,3.0,B01,138Â 198Â 399,1.0
1015801,201900057332,5,23,15:05,1,1,1,1.0,1.0,34151,D34 - PK 16+800,M,"43,6436170","4,1861880",34,2019,80.0,1.0,1.0,3.0,2271730,2.0,2,4,2,5.0,,0.0,0,1955.0,B01,138Â 198Â 399,1.0,-1.0,-1.0,1733961,2.0,7,,0.0,2.0,3.0,A01,138Â 198Â 374,1.0
1015801,201900057332,5,23,15:05,1,1,1,1.0,1.0,34151,D34 - PK 16+800,M,"43,6436170","4,1861880",34,2019,80.0,1.0,1.0,3.0,2271730,2.0,2,4,2,5.0,,0.0,0,1955.0,B01,138Â 198Â 399,1.0,-1.0,-1.0,1733962,1.0,7,,0.0,2.0,3.0,B01,138Â 198Â 399,1.0
1015802,201900057333,1,2,19:25,5,1,3,1.0,3.0,69136,route de LYON,M,"45,6295470","4,7582320",69,2019,80.0,1.0,1.0,3.0,2271731,1.0,1,4,1,9.0,,0.0,0,1952.0,B01,138Â 198Â 373,1.0,-1.0,-1.0,1733963,0.0,7,,0.0,2.0,3.0,B01,138Â 198Â 373,2.0
1015802,201900057333,1,2,19:25,5,1,3,1.0,3.0,69136,route de LYON,M,"45,6295470","4,7582320",69,2019,80.0,1.0,1.0,3.0,2271731,1.0,1,4,1,9.0,,0.0,0,1952.0,B01,138Â 198Â 373,1.0,-1.0,-1.0,1733964,2.0,7,,0.0,2.0,1.0,A01,138Â 198Â 377,1.0
1015802,201900057333,1,2,19:25,5,1,3,1.0,3.0,69136,route de LYON,M,"45,6295470","4,7582320",69,2019,80.0,1.0,1.0,3.0,2271732,2.0,2,4,2,0.0,,0.0,0,1952.0,B01,138Â 198Â 373,1.0,-1.0,-1.0,1733963,0.0,7,,0.0,2.0,3.0,B01,138Â 198Â 373,2.0
1015802,201900057333,1,2,19:25,5,1,3,1.0,3.0,69136,route de LYON,M,"45,6295470","4,7582320",69,2019,80.0,1.0,1.0,3.0,2271732,2.0,2,4,2,0.0,,0.0,0,1952.0,B01,138Â 198Â 373,1.0,-1.0,-1.0,1733964,2.0,7,,0.0,2.0,1.0,A01,138Â 198Â 377,1.0
1015802,201900057333,1,2,19:25,5,1,3,1.0,3.0,69136,route de LYON,M,"45,6295470","4,7582320",69,2019,80.0,1.0,1.0,3.0,2271733,1.0,1,4,1,0.0,,0.0,0,1969.0,A01,138Â 198Â 377,1.0,-1.0,-1.0,1733963,0.0,7,,0.0,2.0,3.0,B01,138Â 198Â 373,2.0
1015802,201900057333,1,2,19:25,5,1,3,1.0,3.0,69136,route de LYON,M,"45,6295470","4,7582320",69,2019,80.0,1.0,1.0,3.0,2271733,1.0,1,4,1,0.0,,0.0,0,1969.0,A01,138Â 198Â 377,1.0,-1.0,-1.0,1733964,2.0,7,,0.0,2.0,1.0,A01,138Â 198Â 377,1.0
1015803,201900057334,5,19,10:50,1,1,1,1.0,7.0,34246,Departementale 118,M,"43,7297810","4,0586430",34,2019,80.0,3.0,1.0,3.0,2271734,1.0,1,4,1,5.0,,0.0,0,1998.0,A01,138Â 198Â 372,2.0,6.0,9.0,1733965,2.0,33,,0.0,0.0,2.0,A01,138Â 198Â 372,1.0
1015804,201900057335,1,3,09:02,1,1,1,7.0,4.0,69227,D.311,M,"45,6659700","4,5792500",69,2019,80.0,1.0,1.0,3.0,2271735,1.0,1,1,1,5.0,,0.0,0,1972.0,C01,138Â 198Â 367,1.0,-1.0,-1.0,1733966,2.0,10,,0.0,2.0,3.0,C01,138Â 198Â 367,1.0
1015804,201900057335,1,3,09:02,1,1,1,7.0,4.0,69227,D.311,M,"45,6659700","4,5792500",69,2019,80.0,1.0,1.0,3.0,2271735,1.0,1,1,1,5.0,,0.0,0,1972.0,C01,138Â 198Â 367,1.0,-1.0,-1.0,1733967,2.0,7,,0.0,2.0,1.0,B01,138Â 198Â 369,1.0
1015804,201900057335,1,3,09:02,1,1,1,7.0,4.0,69227,D.311,M,"45,6659700","4,5792500",69,2019,80.0,1.0,1.0,3.0,2271735,1.0,1,1,1,5.0,,0.0,0,1972.0,C01,138Â 198Â 367,1.0,-1.0,-1.0,1733968,1.0,7,,0.0,2.0,1.0,A01,138Â 198Â 371,1.0
1015804,201900057335,1,3,09:02,1,1,1,7.0,4.0,69227,D.311,M,"45,6659700","4,5792500",69,2019,80.0,1.0,1.0,3.0,2271736,1.0,1,4,2,1.0,,0.0,0,1979.0,B01,138Â 198Â 369,1.0,-1.0,-1.0,1733966,2.0,10,,0.0,2.0,3.0,C01,138Â 198Â 367,1.0
1015804,201900057335,1,3,09:02,1,1,1,7.0,4.0,69227,D.311,M,"45,6659700","4,5792500",69,2019,80.0,1.0,1.0,3.0,2271736,1.0,1,4,2,1.0,,0.0,0,1979.0,B01,138Â 198Â 369,1.0,-1.0,-1.0,1733967,2.0,7,,0.0,2.0,1.0,B01,138Â 198Â 369,1.0
1015804,201900057335,1,3,09:02,1,1,1,7.0,4.0,69227,D.311,M,"45,6659700","4,5792500",69,2019,80.0,1.0,1.0,3.0,2271736,1.0,1,4,2,1.0,,0.0,0,1979.0,B01,138Â 198Â 369,1.0,-1.0,-1.0,1733968,1.0,7,,0.0,2.0,1.0,A01,138Â 198Â 371,1.0
1015804,201900057335,1,3,09:02,1,1,1,7.0,4.0,69227,D.311,M,"45,6659700","4,5792500",69,2019,80.0,1.0,1.0,3.0,2271737,1.0,1,4,1,5.0,,0.0,0,1936.0,A01,138Â 198Â 371,1.0,-1.0,-1.0,1733966,2.0,10,,0.0,2.0,3.0,C01,138Â 198Â 367,1.0
1015804,201900057335,1,3,09:02,1,1,1,7.0,4.0,69227,D.311,M,"45,6659700","4,5792500",69,2019,80.0,1.0,1.0,3.0,2271737,1.0,1,4,1,5.0,,0.0,0,1936.0,A01,138Â 198Â 371,1.0,-1.0,-1.0,1733967,2.0,7,,0.0,2.0,1.0,B01,138Â 198Â 369,1.0
1015804,201900057335,1,3,09:02,1,1,1,7.0,4.0,69227,D.311,M,"45,6659700","4,5792500",69,2019,80.0,1.0,1.0,3.0,2271737,1.0,1,4,1,5.0,,0.0,0,1936.0,A01,138Â 198Â 371,1.0,-1.0,-1.0,1733968,1.0,7,,0.0,2.0,1.0,A01,138Â 198Â 371,1.0
1015805,201900057336,5,1,12:55,1,2,2,1.0,4.0,34022,Rue du Colombier,M,"43,6585610","4,0141610",34,2019,50.0,1.0,1.0,2.0,2271738,1.0,1,4,2,5.0,,0.0,0,1951.0,C01,138Â 198Â 366,1.0,-1.0,-1.0,1733969,2.0,7,,0.0,0.0,4.0,C01,138Â 198Â 366,1.0
1015805,201900057336,5,1,12:55,1,2,2,1.0,4.0,34022,Rue du Colombier,M,"43,6585610","4,0141610",34,2019,50.0,1.0,1.0,2.0,2271738,1.0,1,4,2,5.0,,0.0,0,1951.0,C01,138Â 198Â 366,1.0,-1.0,-1.0,1733970,2.0,7,,0.0,2.0,1.0,B01,138Â 198Â 368,1.0
1015805,201900057336,5,1,12:55,1,2,2,1.0,4.0,34022,Rue du Colombier,M,"43,6585610","4,0141610",34,2019,50.0,1.0,1.0,2.0,2271738,1.0,1,4,2,5.0,,0.0,0,1951.0,C01,138Â 198Â 366,1.0,-1.0,-1.0,1733971,2.0,7,,0.0,2.0,1.0,A01,138Â 198Â 370,1.0
1015805,201900057336,5,1,12:55,1,2,2,1.0,4.0,34022,Rue du Colombier,M,"43,6585610","4,0141610",34,2019,50.0,1.0,1.0,2.0,2271739,7.0,2,3,1,5.0,,0.0,0,2009.0,B01,138Â 198Â 368,1.0,-1.0,-1.0,1733969,2.0,7,,0.0,0.0,4.0,C01,138Â 198Â 366,1.0
1015805,201900057336,5,1,12:55,1,2,2,1.0,4.0,34022,Rue du Colombier,M,"43,6585610","4,0141610",34,2019,50.0,1.0,1.0,2.0,2271739,7.0,2,3,1,5.0,,0.0,0,2009.0,B01,138Â 198Â 368,1.0,-1.0,-1.0,1733970,2.0,7,,0.0,2.0,1.0,B01,138Â 198Â 368,1.0
1015805,201900057336,5,1,12:55,1,2,2,1.0,4.0,34022,Rue du Colombier,M,"43,6585610","4,0141610",34,2019,50.0,1.0,1.0,2.0,2271739,7.0,2,3,1,5.0,,0.0,0,2009.0,B01,138Â 198Â 368,1.0,-1.0,-1.0,1733971,2.0,7,,0.0,2.0,1.0,A01,138Â 198Â 370,1.0
1015805,201900057336,5,1,12:55,1,2,2,1.0,4.0,34022,Rue du Colombier,M,"43,6585610","4,0141610",34,2019,50.0,1.0,1.0,2.0,2271740,1.0,1,4,1,5.0,,0.0,0,1966.0,B01,138Â 198Â 368,1.0,-1.0,-1.0,1733969,2.0,7,,0.0,0.0,4.0,C01,138Â 198Â 366,1.0
1015805,201900057336,5,1,12:55,1,2,2,1.0,4.0,34022,Rue du Colombier,M,"43,6585610","4,0141610",34,2019,50.0,1.0,1.0,2.0,2271740,1.0,1,4,1,5.0,,0.0,0,1966.0,B01,138Â 198Â 368,1.0,-1.0,-1.0,1733970,2.0,7,,0.0,2.0,1.0,B01,138Â 198Â 368,1.0
1015805,201900057336,5,1,12:55,1,2,2,1.0,4.0,34022,Rue du Colombier,M,"43,6585610","4,0141610",34,2019,50.0,1.0,1.0,2.0,2271740,1.0,1,4,1,5.0,,0.0,0,1966.0,B01,138Â 198Â 368,1.0,-1.0,-1.0,1733971,2.0,7,,0.0,2.0,1.0,A01,138Â 198Â 370,1.0
1015805,201900057336,5,1,12:55,1,2,2,1.0,4.0,34022,Rue du Colombier,M,"43,6585610","4,0141610",34,2019,50.0,1.0,1.0,2.0,2271741,2.0,2,4,2,5.0,,0.0,0,1971.0,B01,138Â 198Â 368,1.0,-1.0,-1.0,1733969,2.0,7,,0.0,0.0,4.0,C01,138Â 198Â 366,1.0
1015805,201900057336,5,1,12:55,1,2,2,1.0,4.0,34022,Rue du Colombier,M,"43,6585610","4,0141610",34,2019,50.0,1.0,1.0,2.0,2271741,2.0,2,4,2,5.0,,0.0,0,1971.0,B01,138Â 198Â 368,1.0,-1.0,-1.0,1733970,2.0,7,,0.0,2.0,1.0,B01,138Â 198Â 368,1.0
1015805,201900057336,5,1,12:55,1,2,2,1.0,4.0,34022,Rue du Colombier,M,"43,6585610","4,0141610",34,2019,50.0,1.0,1.0,2.0,2271741,2.0,2,4,2,5.0,,0.0,0,1971.0,B01,138Â 198Â 368,1.0,-1.0,-1.0,1733971,2.0,7,,0.0,2.0,1.0,A01,138Â 198Â 370,1.0
1015805,201900057336,5,1,12:55,1,2,2,1.0,4.0,34022,Rue du Colombier,M,"43,6585610","4,0141610",34,2019,50.0,1.0,1.0,2.0,2271742,1.0,1,4,1,5.0,,0.0,0,1942.0,A01,138Â 198Â 370,1.0,-1.0,-1.0,1733969,2.0,7,,0.0,0.0,4.0,C01,138Â 198Â 366,1.0
1015805,201900057336,5,1,12:55,1,2,2,1.0,4.0,34022,Rue du Colombier,M,"43,6585610","4,0141610",34,2019,50.0,1.0,1.0,2.0,2271742,1.0,1,4,1,5.0,,0.0,0,1942.0,A01,138Â 198Â 370,1.0,-1.0,-1.0,1733970,2.0,7,,0.0,2.0,1.0,B01,138Â 198Â 368,1.0
1015805,201900057336,5,1,12:55,1,2,2,1.0,4.0,34022,Rue du Colombier,M,"43,6585610","4,0141610",34,2019,50.0,1.0,1.0,2.0,2271742,1.0,1,4,1,5.0,,0.0,0,1942.0,A01,138Â 198Â 370,1.0,-1.0,-1.0,1733971,2.0,7,,0.0,2.0,1.0,A01,138Â 198Â 370,1.0