Unnamed: 0_x,num_acc,mois,jour,hrmn,lum,agg,int,atm,col,com,adr,gps,lat,long,dep,annee,vma,situ,surf,catr,Unnamed: 0_y,place,catu,grav,sexe,trajet,secu,locp,actp,an_nais,num_veh_x,id_vehicule_x,secu1,secu2,secu3,Unnamed: 0,senc,catv,occutc,obs,obsm,choc,num_veh_y,id_vehicule_y,motor
1015806,201900057337,1,5,04:30,5,1,6,1.0,6.0,69178,RD389,M,"45,6981600","4,4536300",69,2019,70.0,4.0,1.0,3.0,2271743,1.0,1,4,1,5.0,,0.0,0,2000.0,A01,138Â 198Â 365,1.0,-1.0,-1.0,1733972,2.0,7,,12.0,0.0,1.0,A01,138Â 198Â 365,1.0
1015806,201900057337,1,5,04:30,5,1,6,1.0,6.0,69178,RD389,M,"45,6981600","4,4536300",69,2019,70.0,4.0,1.0,3.0,2271744,3.0,2,4,1,5.0,,0.0,0,2000.0,A01,138Â 198Â 365,1.0,-1.0,-1.0,1733972,2.0,7,,12.0,0.0,1.0,A01,138Â 198Â 365,1.0
1015806,201900057337,1,5,04:30,5,1,6,1.0,6.0,69178,RD389,M,"45,6981600","4,4536300",69,2019,70.0,4.0,1.0,3.0,2271745,4.0,2,3,1,5.0,,0.0,0,2000.0,A01,138Â 198Â 365,1.0,-1.0,-1.0,1733972,2.0,7,,12.0,0.0,1.0,A01,138Â 198Â 365,1.0
1015807,201900057338,9,17,12:35,1,1,1,1.0,2.0,85018,rue des sables,M,"46,9050100"," -2,0511440",85,2019,50.0,1.0,1.0,3.0,2271746,1.0,1,1,1,4.0,,0.0,0,1973.0,B01,138Â 198Â 376,1.0,-1.0,-1.0,1733973,1.0,7,,0.0,2.0,5.0,B01,138Â 198Â 376,1.0
1015807,201900057338,9,17,12:35,1,1,1,1.0,2.0,85018,rue des sables,M,"46,9050100"," -2,0511440",85,2019,50.0,1.0,1.0,3.0,2271746,1.0,1,1,1,4.0,,0.0,0,1973.0,B01,138Â 198Â 376,1.0,-1.0,-1.0,1733974,1.0,31,,0.0,2.0,1.0,A01,138Â 198Â 401,1.0
1015807,201900057338,9,17,12:35,1,1,1,1.0,2.0,85018,rue des sables,M,"46,9050100"," -2,0511440",85,2019,50.0,1.0,1.0,3.0,2271747,1.0,1,4,1,1.0,,0.0,0,1961.0,A01,138Â 198Â 401,2.0,-1.0,-1.0,1733973,1.0,7,,0.0,2.0,5.0,B01,138Â 198Â 376,1.0
1015807,201900057338,9,17,12:35,1,1,1,1.0,2.0,85018,rue des sables,M,"46,9050100"," -2,0511440",85,2019,50.0,1.0,1.0,3.0,2271747,1.0,1,4,1,1.0,,0.0,0,1961.0,A01,138Â 198Â 401,2.0,-1.0,-1.0,1733974,1.0,31,,0.0,2.0,1.0,A01,138Â 198Â 401,1.0
1015808,201900057339,9,21,22:00,3,1,1,1.0,1.0,27457,D840,M,"48,7739710","0,9253410",27,2019,80.0,1.0,1.0,3.0,2271748,2.0,2,3,2,5.0,,0.0,0,1944.0,B01,138Â 198Â 361,1.0,-1.0,-1.0,1733975,2.0,7,,0.0,2.0,1.0,B01,138Â 198Â 361,1.0
1015808,201900057339,9,21,22:00,3,1,1,1.0,1.0,27457,D840,M,"48,7739710","0,9253410",27,2019,80.0,1.0,1.0,3.0,2271748,2.0,2,3,2,5.0,,0.0,0,1944.0,B01,138Â 198Â 361,1.0,-1.0,-1.0,1733976,1.0,7,,0.0,2.0,1.0,A01,138Â 198Â 363,1.0
1015808,201900057339,9,21,22:00,3,1,1,1.0,1.0,27457,D840,M,"48,7739710","0,9253410",27,2019,80.0,1.0,1.0,3.0,2271749,1.0,1,1,1,5.0,,0.0,0,1937.0,B01,138Â 198Â 361,1.0,-1.0,-1.0,1733975,2.0,7,,0.0,2.0,1.0,B01,138Â 198Â 361,1.0
1015808,201900057339,9,21,22:00,3,1,1,1.0,1.0,27457,D840,M,"48,7739710","0,9253410",27,2019,80.0,1.0,1.0,3.0,2271749,1.0,1,1,1,5.0,,0.0,0,1937.0,B01,138Â 198Â 361,1.0,-1.0,-1.0,1733976,1.0,7,,0.0,2.0,1.0,A01,138Â 198Â 363,1.0
1015808,201900057339,9,21,22:00,3,1,1,1.0,1.0,27457,D840,M,"48,7739710","0,9253410",27,2019,80.0,1.0,1.0,3.0,2271750,1.0,1,4,1,5.0,,0.0,0,1989.0,A01,138Â 198Â 363,1.0,-1.0,-1.0,1733975,2.0,7,,0.0,2.0,1.0,B01,138Â 198Â 361,1.0
1015808,201900057339,9,21,22:00,3,1,1,1.0,1.0,27457,D840,M,"48,7739710","0,9253410",27,2019,80.0,1.0,1.0,3.0,2271750,1.0,1,4,1,5.0,,0.0,0,1989.0,A01,138Â 198Â 363,1.0,-1.0,-1.0,1733976,1.0,7,,0.0,2.0,1.0,A01,138Â 198Â 363,1.0
1015808,201900057339,9,21,22:00,3,1,1,1.0,1.0,27457,D840,M,"48,7739710","0,9253410",27,2019,80.0,1.0,1.0,3.0,2271751,2.0,2,1,2,5.0,,0.0,0,1956.0,A01,138Â 198Â 363,1.0,-1.0,-1.0,1733975,2.0,7,,0.0,2.0,1.0,B01,138Â 198Â 361,1.0
1015808,201900057339,9,21,22:00,3,1,1,1.0,1.0,27457,D840,M,"48,7739710","0,9253410",27,2019,80.0,1.0,1.0,3.0,2271751,2.0,2,1,2,5.0,,0.0,0,1956.0,A01,138Â 198Â 363,1.0,-1.0,-1.0,1733976,1.0,7,,0.0,2.0,1.0,A01,138Â 198Â 363,1.0
1015808,201900057339,9,21,22:00,3,1,1,1.0,1.0,27457,D840,M,"48,7739710","0,9253410",27,2019,80.0,1.0,1.0,3.0,2271752,5.0,2,1,1,5.0,,0.0,0,2001.0,A01,138Â 198Â 363,1.0,-1.0,-1.0,1733975,2.0,7,,0.0,2.0,1.0,B01,138Â 198Â 361,1.0
1015808,201900057339,9,21,22:00,3,1,1,1.0,1.0,27457,D840,M,"48,7739710","0,9253410",27,2019,80.0,1.0,1.0,3.0,2271752,5.0,2,1,1,5.0,,0.0,0,2001.0,A01,138Â 198Â 363,1.0,-1.0,-1.0,1733976,1.0,7,,0.0,2.0,1.0,A01,138Â 198Â 363,1.0
1015808,201900057339,9,21,22:00,3,1,1,1.0,1.0,27457,D840,M,"48,7739710","0,9253410",27,2019,80.0,1.0,1.0,3.0,2271753,4.0,2,4,2,5.0,,0.0,0,1976.0,A01,138Â 198Â 363,1.0,-1.0,-1.0,1733975,2.0,7,,0.0,2.0,1.0,B01,138Â 198Â 361,1.0
1015808,201900057339,9,21,22:00,3,1,1,1.0,1.0,27457,D840,M,"48,7739710","0,9253410",27,2019,80.0,1.0,1.0,3.0,2271753,4.0,2,4,2,5.0,,0.0,0,1976.0,A01,138Â 198Â 363,1.0,-1.0,-1.0,1733976,1.0,7,,0.0,2.0,1.0,A01,138Â 198Â 363,1.0
1015808,201900057339,9,21,22:00,3,1,1,1.0,1.0,27457,D840,M,"48,7739710","0,9253410",27,2019,80.0,1.0,1.0,3.0,2271754,3.0,2,1,2,5.0,,0.0,0,1971.0,A01,138Â 198Â 363,1.0,-1.0,-1.0,1733975,2.0,7,,0.0,2.0,1.0,B01,138Â 198Â 361,1.0
1015808,201900057339,9,21,22:00,3,1,1,1.0,1.0,27457,D840,M,"48,7739710","0,9253410",27,2019,80.0,1.0,1.0,3.0,2271754,3.0,2,1,2,5.0,,0.0,0,1971.0,A01,138Â 198Â 363,1.0,-1.0,-1.0,1733976,1.0,7,,0.0,2.0,1.0,A01,138Â 198Â 363,1.0
1015809,201900057340,1,2,22:40,5,2,1,1.0,3.0,69278,RD 433 route de TrÃ©voux,M,"45,8946000","4,8216970",69,2019,50.0,1.0,1.0,3.0,2271755,2.0,2,1,2,5.0,,0.0,0,1995.0,B01,138Â 198Â 362,1.0,-1.0,-1.0,1733977,2.0,7,,0.0,2.0,2.0,B01,138Â 198Â 362,1.0
1015809,201900057340,1,2,22:40,5,2,1,1.0,3.0,69278,RD 433 route de TrÃ©voux,M,"45,8946000","4,8216970",69,2019,50.0,1.0,1.0,3.0,2271755,2.0,2,1,2,5.0,,0.0,0,1995.0,B01,138Â 198Â 362,1.0,-1.0,-1.0,1733978,2.0,2,,0.0,2.0,8.0,A01,138Â 198Â 364,1.0
1015809,201900057340,1,2,22:40,5,2,1,1.0,3.0,69278,RD 433 route de TrÃ©voux,M,"45,8946000","4,8216970",69,2019,50.0,1.0,1.0,3.0,2271756,1.0,1,1,1,5.0,,0.0,0,1996.0,B01,138Â 198Â 362,1.0,-1.0,-1.0,1733977,2.0,7,,0.0,2.0,2.0,B01,138Â 198Â 362,1.0
1015809,201900057340,1,2,22:40,5,2,1,1.0,3.0,69278,RD 433 route de TrÃ©voux,M,"45,8946000","4,8216970",69,2019,50.0,1.0,1.0,3.0,2271756,1.0,1,1,1,5.0,,0.0,0,1996.0,B01,138Â 198Â 362,1.0,-1.0,-1.0,1733978,2.0,2,,0.0,2.0,8.0,A01,138Â 198Â 364,1.0
1015809,201900057340,1,2,22:40,5,2,1,1.0,3.0,69278,RD 433 route de TrÃ©voux,M,"45,8946000","4,8216970",69,2019,50.0,1.0,1.0,3.0,2271757,1.0,1,4,1,5.0,,0.0,0,2001.0,A01,138Â 198Â 364,2.0,6.0,-1.0,1733977,2.0,7,,0.0,2.0,2.0,B01,138Â 198Â 362,1.0
1015809,201900057340,1,2,22:40,5,2,1,1.0,3.0,69278,RD 433 route de TrÃ©voux,M,"45,8946000","4,8216970",69,2019,50.0,1.0,1.0,3.0,2271757,1.0,1,4,1,5.0,,0.0,0,2001.0,A01,138Â 198Â 364,2.0,6.0,-1.0,1733978,2.0,2,,0.0,2.0,8.0,A01,138Â 198Â 364,1.0
1015809,201900057340,1,2,22:40,5,2,1,1.0,3.0,69278,RD 433 route de TrÃ©voux,M,"45,8946000","4,8216970",69,2019,50.0,1.0,1.0,3.0,2271758,2.0,2,3,2,5.0,,0.0,0,2001.0,A01,138Â 198Â 364,2.0,6.0,-1.0,1733977,2.0,7,,0.0,2.0,2.0,B01,138Â 198Â 362,1.0
1015809,201900057340,1,2,22:40,5,2,1,1.0,3.0,69278,RD 433 route de TrÃ©voux,M,"45,8946000","4,8216970",69,2019,50.0,1.0,1.0,3.0,2271758,2.0,2,3,2,5.0,,0.0,0,2001.0,A01,138Â 198Â 364,2.0,6.0,-1.0,1733978,2.0,2,,0.0,2.0,8.0,A01,138Â 198Â 364,1.0
1015810,201900057341,1,1,09:30,1,2,1,1.0,6.0,09261,1 boulevard du GÃNÃRAL DE GAULLE,M,"42,9850500","1,1406330",9,2019,50.0,1.0,1.0,3.0,2271759,10.0,3,2,1,3.0,,4.0,3,1932.0,A01,138Â 198Â 360,0.0,-1.0,-1.0,1733979,2.0,7,,0.0,1.0,1.0,A01,138Â 198Â 360,1.0
1015810,201900057341,1,1,09:30,1,2,1,1.0,6.0,09261,1 boulevard du GÃNÃRAL DE GAULLE,M,"42,9850500","1,1406330",9,2019,50.0,1.0,1.0,3.0,2271760,1.0,1,1,1,0.0,,0.0,0,1972.0,A01,138Â 198Â 360,8.0,-1.0,-1.0,1733979,2.0,7,,0.0,1.0,1.0,A01,138Â 198Â 360,1.0
1015811,201900057342,7,9,23:30,3,1,1,1.0,7.0,34199,route de caux,M,"43,4854100","3,3902740",34,2019,80.0,3.0,1.0,3.0,2271761,1.0,1,3,1,5.0,,0.0,0,1997.0,A01,138Â 198Â 375,1.0,-1.0,-1.0,1733980,2.0,7,,0.0,0.0,1.0,A01,138Â 198Â 375,0.0
1015812,201900057343,7,11,18:30,1,1,1,1.0,3.0,83035,2810 nmontÃ©e du vieux camp,M,"43,2465750","5,7612250",83,2019,80.0,1.0,1.0,3.0,2271762,1.0,1,3,1,5.0,,0.0,0,1980.0,B01,138Â 198Â 357,2.0,6.0,-1.0,1733981,2.0,33,,0.0,2.0,1.0,B01,138Â 198Â 357,1.0
1015812,201900057343,7,11,18:30,1,1,1,1.0,3.0,83035,2810 nmontÃ©e du vieux camp,M,"43,2465750","5,7612250",83,2019,80.0,1.0,1.0,3.0,2271762,1.0,1,3,1,5.0,,0.0,0,1980.0,B01,138Â 198Â 357,2.0,6.0,-1.0,1733982,2.0,3,,0.0,2.0,8.0,A01,138Â 198Â 358,1.0
1015812,201900057343,7,11,18:30,1,1,1,1.0,3.0,83035,2810 nmontÃ©e du vieux camp,M,"43,2465750","5,7612250",83,2019,80.0,1.0,1.0,3.0,2271763,2.0,2,1,2,5.0,,0.0,0,1951.0,A01,138Â 198Â 358,1.0,-1.0,-1.0,1733981,2.0,33,,0.0,2.0,1.0,B01,138Â 198Â 357,1.0
1015812,201900057343,7,11,18:30,1,1,1,1.0,3.0,83035,2810 nmontÃ©e du vieux camp,M,"43,2465750","5,7612250",83,2019,80.0,1.0,1.0,3.0,2271763,2.0,2,1,2,5.0,,0.0,0,1951.0,A01,138Â 198Â 358,1.0,-1.0,-1.0,1733982,2.0,3,,0.0,2.0,8.0,A01,138Â 198Â 358,1.0
1015812,201900057343,7,11,18:30,1,1,1,1.0,3.0,83035,2810 nmontÃ©e du vieux camp,M,"43,2465750","5,7612250",83,2019,80.0,1.0,1.0,3.0,2271764,1.0,1,1,1,5.0,,0.0,0,1956.0,A01,138Â 198Â 358,1.0,-1.0,-1.0,1733981,2.0,33,,0.0,2.0,1.0,B01,138Â 198Â 357,1.0
1015812,201900057343,7,11,18:30,1,1,1,1.0,3.0,83035,2810 nmontÃ©e du vieux camp,M,"43,2465750","5,7612250",83,2019,80.0,1.0,1.0,3.0,2271764,1.0,1,1,1,5.0,,0.0,0,1956.0,A01,138Â 198Â 358,1.0,-1.0,-1.0,1733982,2.0,3,,0.0,2.0,8.0,A01,138Â 198Â 358,1.0
1015813,201900057344,1,4,23:30,3,1,1,1.0,1.0,31297,D24,M,"43,6532930","1,2002330",31,2019,80.0,1.0,1.0,3.0,2271765,1.0,1,3,2,5.0,,0.0,0,1996.0,B01,138Â 198Â 355,1.0,5.0,-1.0,1733983,1.0,7,,0.0,2.0,1.0,B01,138Â 198Â 355,1.0
1015813,201900057344,1,4,23:30,3,1,1,1.0,1.0,31297,D24,M,"43,6532930","1,2002330",31,2019,80.0,1.0,1.0,3.0,2271765,1.0,1,3,2,5.0,,0.0,0,1996.0,B01,138Â 198Â 355,1.0,5.0,-1.0,1733984,2.0,7,,0.0,2.0,1.0,A01,138Â 198Â 356,1.0
1015813,201900057344,1,4,23:30,3,1,1,1.0,1.0,31297,D24,M,"43,6532930","1,2002330",31,2019,80.0,1.0,1.0,3.0,2271766,1.0,1,1,1,5.0,,0.0,0,1967.0,A01,138Â 198Â 356,1.0,5.0,-1.0,1733983,1.0,7,,0.0,2.0,1.0,B01,138Â 198Â 355,1.0
1015813,201900057344,1,4,23:30,3,1,1,1.0,1.0,31297,D24,M,"43,6532930","1,2002330",31,2019,80.0,1.0,1.0,3.0,2271766,1.0,1,1,1,5.0,,0.0,0,1967.0,A01,138Â 198Â 356,1.0,5.0,-1.0,1733984,2.0,7,,0.0,2.0,1.0,A01,138Â 198Â 356,1.0
1015814,201900057345,7,7,21:30,5,2,1,1.0,7.0,06157,1877 Route de Cagnes,M,"43,7093430","7,1309630",6,2019,50.0,1.0,1.0,7.0,2271767,1.0,1,3,1,9.0,,0.0,0,2003.0,A01,138Â 198Â 354,2.0,-1.0,-1.0,1733985,2.0,31,,0.0,0.0,0.0,A01,138Â 198Â 354,0.0
1015814,201900057345,7,7,21:30,5,2,1,1.0,7.0,06157,1877 Route de Cagnes,M,"43,7093430","7,1309630",6,2019,50.0,1.0,1.0,7.0,2271768,2.0,2,3,1,5.0,,0.0,0,2002.0,A01,138Â 198Â 354,2.0,-1.0,-1.0,1733985,2.0,31,,0.0,0.0,0.0,A01,138Â 198Â 354,0.0
1015815,201900057346,1,5,22:00,5,2,1,1.0,6.0,79049,6 rue de l'ArgentonniÃ¨re - Noirterre,M,"46,8696500"," -0,3905200",79,2019,50.0,1.0,1.0,3.0,2271769,10.0,3,3,1,5.0,,1.0,3,1995.0,A01,138Â 198Â 350,0.0,-1.0,-1.0,1733986,2.0,7,,0.0,1.0,0.0,A01,138Â 198Â 350,0.0
1015816,201900057347,10,25,16:55,1,2,2,1.0,3.0,93064,WALESA (AVENUE LECH),M,"48,8750000","2,4865600",93,2019,50.0,1.0,1.0,3.0,2271770,1.0,1,1,2,0.0,,-1.0, -1,1984.0,B01,138Â 198Â 351,1.0,5.0,-1.0,1733987,2.0,7,,0.0,2.0,1.0,B01,138Â 198Â 351,1.0
1015816,201900057347,10,25,16:55,1,2,2,1.0,3.0,93064,WALESA (AVENUE LECH),M,"48,8750000","2,4865600",93,2019,50.0,1.0,1.0,3.0,2271770,1.0,1,1,2,0.0,,-1.0, -1,1984.0,B01,138Â 198Â 351,1.0,5.0,-1.0,1733988,3.0,7,,0.0,2.0,8.0,A01,138Â 198Â 400,1.0
1015816,201900057347,10,25,16:55,1,2,2,1.0,3.0,93064,WALESA (AVENUE LECH),M,"48,8750000","2,4865600",93,2019,50.0,1.0,1.0,3.0,2271771,1.0,1,4,2,0.0,,-1.0, -1,1932.0,A01,138Â 198Â 400,1.0,5.0,-1.0,1733987,2.0,7,,0.0,2.0,1.0,B01,138Â 198Â 351,1.0
1015816,201900057347,10,25,16:55,1,2,2,1.0,3.0,93064,WALESA (AVENUE LECH),M,"48,8750000","2,4865600",93,2019,50.0,1.0,1.0,3.0,2271771,1.0,1,4,2,0.0,,-1.0, -1,1932.0,A01,138Â 198Â 400,1.0,5.0,-1.0,1733988,3.0,7,,0.0,2.0,8.0,A01,138Â 198Â 400,1.0
1015817,201900057348,5,29,17:05,1,2,1,1.0,6.0,84138,Chemin des Estimeurs Nord Ouest,M,"44,3838770","4,9638120",84,2019,50.0,3.0,1.0,4.0,2271772,1.0,1,3,1,5.0,,0.0,0,1960.0,A01,138Â 198Â 352,2.0,6.0,-1.0,1733989,1.0,33,,8.0,0.0,2.0,A01,138Â 198Â 352,1.0
1015818,201900057349,1,2,09:45,1,1,1,1.0,1.0,24361,dÃ©partementale 37,M,"44,8451590","0,6199540",24,2019,50.0,1.0,1.0,3.0,2271773,1.0,1,1,1,5.0,,0.0,0,1936.0,B01,138Â 198Â 346,1.0,-1.0,-1.0,1733990,2.0,7,,0.0,2.0,1.0,B01,138Â 198Â 346,1.0
1015818,201900057349,1,2,09:45,1,1,1,1.0,1.0,24361,dÃ©partementale 37,M,"44,8451590","0,6199540",24,2019,50.0,1.0,1.0,3.0,2271773,1.0,1,1,1,5.0,,0.0,0,1936.0,B01,138Â 198Â 346,1.0,-1.0,-1.0,1733991,1.0,7,,0.0,2.0,1.0,A01,138Â 198Â 347,1.0
1015818,201900057349,1,2,09:45,1,1,1,1.0,1.0,24361,dÃ©partementale 37,M,"44,8451590","0,6199540",24,2019,50.0,1.0,1.0,3.0,2271774,1.0,1,4,1,5.0,,0.0,0,1949.0,A01,138Â 198Â 347,1.0,-1.0,-1.0,1733990,2.0,7,,0.0,2.0,1.0,B01,138Â 198Â 346,1.0
1015818,201900057349,1,2,09:45,1,1,1,1.0,1.0,24361,dÃ©partementale 37,M,"44,8451590","0,6199540",24,2019,50.0,1.0,1.0,3.0,2271774,1.0,1,4,1,5.0,,0.0,0,1949.0,A01,138Â 198Â 347,1.0,-1.0,-1.0,1733991,1.0,7,,0.0,2.0,1.0,A01,138Â 198Â 347,1.0
1015819,201900057350,7,10,14:30,1,1,2,1.0,1.0,05151,RN94 - La PrÃ© du FAURE,M,"44,8635060","6,5964270",5,2019,70.0,1.0,1.0,2.0,2271775,1.0,1,1,2,3.0,,0.0,0,1946.0,A01,138Â 198Â 348,1.0,-1.0,-1.0,1733992,1.0,7,,0.0,2.0,3.0,A01,138Â 198Â 348,1.0
1015819,201900057350,7,10,14:30,1,1,2,1.0,1.0,05151,RN94 - La PrÃ© du FAURE,M,"44,8635060","6,5964270",5,2019,70.0,1.0,1.0,2.0,2271775,1.0,1,1,2,3.0,,0.0,0,1946.0,A01,138Â 198Â 348,1.0,-1.0,-1.0,1733993,2.0,33,,0.0,2.0,3.0,B01,138Â 198Â 349,1.0
1015819,201900057350,7,10,14:30,1,1,2,1.0,1.0,05151,RN94 - La PrÃ© du FAURE,M,"44,8635060","6,5964270",5,2019,70.0,1.0,1.0,2.0,2271776,1.0,1,4,1,5.0,,0.0,0,1958.0,B01,138Â 198Â 349,2.0,6.0,-1.0,1733992,1.0,7,,0.0,2.0,3.0,A01,138Â 198Â 348,1.0
1015819,201900057350,7,10,14:30,1,1,2,1.0,1.0,05151,RN94 - La PrÃ© du FAURE,M,"44,8635060","6,5964270",5,2019,70.0,1.0,1.0,2.0,2271776,1.0,1,4,1,5.0,,0.0,0,1958.0,B01,138Â 198Â 349,2.0,6.0,-1.0,1733993,2.0,33,,0.0,2.0,3.0,B01,138Â 198Â 349,1.0
1015819,201900057350,7,10,14:30,1,1,2,1.0,1.0,05151,RN94 - La PrÃ© du FAURE,M,"44,8635060","6,5964270",5,2019,70.0,1.0,1.0,2.0,2271777,2.0,2,3,2,5.0,,0.0,0,1971.0,B01,138Â 198Â 349,2.0,6.0,-1.0,1733992,1.0,7,,0.0,2.0,3.0,A01,138Â 198Â 348,1.0
1015819,201900057350,7,10,14:30,1,1,2,1.0,1.0,05151,RN94 - La PrÃ© du FAURE,M,"44,8635060","6,5964270",5,2019,70.0,1.0,1.0,2.0,2271777,2.0,2,3,2,5.0,,0.0,0,1971.0,B01,138Â 198Â 349,2.0,6.0,-1.0,1733993,2.0,33,,0.0,2.0,3.0,B01,138Â 198Â 349,1.0
1015820,201900057351,1,5,15:50,1,1,1,1.0,6.0,33029,Av des PyrÃ©nÃ©es,M,"44,6312800"," -0,7549000",33,2019,80.0,3.0,1.0,3.0,2271778,1.0,1,3,1,5.0,,0.0,0,1995.0,A01,138Â 198Â 342,1.0,-1.0,-1.0,1733994,1.0,7,,13.0,0.0,1.0,A01,138Â 198Â 342,1.0
1015821,201900057352,7,10,11:25,1,2,1,1.0,6.0,67067,Chemin d'explotation agricole - Prolongement re de la Garance,M,"48,7319810","7,7071200",67,2019,50.0,8.0,1.0,5.0,2271779,2.0,2,1,2,9.0,,0.0,0,1993.0,A01,138Â 198Â 341,1.0,-1.0,-1.0,1733995,3.0,10,,0.0,1.0,6.0,A01,138Â 198Â 341,1.0
1015821,201900057352,7,10,11:25,1,2,1,1.0,6.0,67067,Chemin d'explotation agricole - Prolongement re de la Garance,M,"48,7319810","7,7071200",67,2019,50.0,8.0,1.0,5.0,2271780,1.0,1,1,1,9.0,,0.0,0,1967.0,A01,138Â 198Â 341,1.0,-1.0,-1.0,1733995,3.0,10,,0.0,1.0,6.0,A01,138Â 198Â 341,1.0
1015821,201900057352,7,10,11:25,1,2,1,1.0,6.0,67067,Chemin d'explotation agricole - Prolongement re de la Garance,M,"48,7319810","7,7071200",67,2019,50.0,8.0,1.0,5.0,2271781,10.0,3,3,2,9.0,,0.0,9,1940.0,A01,138Â 198Â 341,0.0,-1.0,-1.0,1733995,3.0,10,,0.0,1.0,6.0,A01,138Â 198Â 341,1.0
1015822,201900057353,1,2,19:00,3,1,1,1.0,6.0,85151,RD 160,M,"46,9937800"," -0,9362800",85,2019,110.0,1.0,1.0,3.0,2271782,1.0,1,3,1,0.0,,0.0,0,1989.0,A01,138Â 198Â 340,1.0,-1.0,-1.0,1733996,1.0,7,,3.0,0.0,1.0,A01,138Â 198Â 340,1.0
1015823,201900057354,7,10,09:40,1,2,4,1.0,3.0,88201,intersection D460 - D39,M,"48,1656760","6,3083780",88,2019,50.0,1.0,1.0,3.0,2271783,1.0,1,3,1,5.0,,0.0,0,1955.0,B01,138Â 198Â 338,2.0,-1.0,-1.0,1733997,2.0,1,,0.0,2.0,3.0,B01,138Â 198Â 338,5.0
1015823,201900057354,7,10,09:40,1,2,4,1.0,3.0,88201,intersection D460 - D39,M,"48,1656760","6,3083780",88,2019,50.0,1.0,1.0,3.0,2271783,1.0,1,3,1,5.0,,0.0,0,1955.0,B01,138Â 198Â 338,2.0,-1.0,-1.0,1733998,1.0,10,,0.0,0.0,7.0,A01,138Â 198Â 339,1.0
1015823,201900057354,7,10,09:40,1,2,4,1.0,3.0,88201,intersection D460 - D39,M,"48,1656760","6,3083780",88,2019,50.0,1.0,1.0,3.0,2271784,1.0,1,1,2,4.0,,0.0,0,1990.0,A01,138Â 198Â 339,1.0,-1.0,-1.0,1733997,2.0,1,,0.0,2.0,3.0,B01,138Â 198Â 338,5.0
1015823,201900057354,7,10,09:40,1,2,4,1.0,3.0,88201,intersection D460 - D39,M,"48,1656760","6,3083780",88,2019,50.0,1.0,1.0,3.0,2271784,1.0,1,1,2,4.0,,0.0,0,1990.0,A01,138Â 198Â 339,1.0,-1.0,-1.0,1733998,1.0,10,,0.0,0.0,7.0,A01,138Â 198Â 339,1.0
1015824,201900057355,1,6,18:50,5,2,1,1.0,3.0,72264,Avenue Joel le Theule,M,"47,8394640"," -0,3259960",72,2019,50.0,1.0,1.0,3.0,2271785,1.0,1,1,1,0.0,,0.0,0,1976.0,A01,138Â 198Â 336,8.0,-1.0,-1.0,1733999,1.0,7,,0.0,2.0,1.0,A01,138Â 198Â 336,0.0
1015824,201900057355,1,6,18:50,5,2,1,1.0,3.0,72264,Avenue Joel le Theule,M,"47,8394640"," -0,3259960",72,2019,50.0,1.0,1.0,3.0,2271785,1.0,1,1,1,0.0,,0.0,0,1976.0,A01,138Â 198Â 336,8.0,-1.0,-1.0,1734000,1.0,7,,0.0,0.0,3.0,B01,138Â 198Â 337,0.0
1015824,201900057355,1,6,18:50,5,2,1,1.0,3.0,72264,Avenue Joel le Theule,M,"47,8394640"," -0,3259960",72,2019,50.0,1.0,1.0,3.0,2271786,1.0,1,4,2,5.0,,0.0,0,1999.0,B01,138Â 198Â 337,1.0,-1.0,-1.0,1733999,1.0,7,,0.0,2.0,1.0,A01,138Â 198Â 336,0.0
1015824,201900057355,1,6,18:50,5,2,1,1.0,3.0,72264,Avenue Joel le Theule,M,"47,8394640"," -0,3259960",72,2019,50.0,1.0,1.0,3.0,2271786,1.0,1,4,2,5.0,,0.0,0,1999.0,B01,138Â 198Â 337,1.0,-1.0,-1.0,1734000,1.0,7,,0.0,0.0,3.0,B01,138Â 198Â 337,0.0
1015824,201900057355,1,6,18:50,5,2,1,1.0,3.0,72264,Avenue Joel le Theule,M,"47,8394640"," -0,3259960",72,2019,50.0,1.0,1.0,3.0,2271787,4.0,2,4,2,5.0,,0.0,0,2000.0,B01,138Â 198Â 337,1.0,-1.0,-1.0,1733999,1.0,7,,0.0,2.0,1.0,A01,138Â 198Â 336,0.0
1015824,201900057355,1,6,18:50,5,2,1,1.0,3.0,72264,Avenue Joel le Theule,M,"47,8394640"," -0,3259960",72,2019,50.0,1.0,1.0,3.0,2271787,4.0,2,4,2,5.0,,0.0,0,2000.0,B01,138Â 198Â 337,1.0,-1.0,-1.0,1734000,1.0,7,,0.0,0.0,3.0,B01,138Â 198Â 337,0.0
1015824,201900057355,1,6,18:50,5,2,1,1.0,3.0,72264,Avenue Joel le Theule,M,"47,8394640"," -0,3259960",72,2019,50.0,1.0,1.0,3.0,2271788,2.0,2,4,2,5.0,,0.0,0,2000.0,B01,138Â 198Â 337,1.0,-1.0,-1.0,1733999,1.0,7,,0.0,2.0,1.0,A01,138Â 198Â 336,0.0
1015824,201900057355,1,6,18:50,5,2,1,1.0,3.0,72264,Avenue Joel le Theule,M,"47,8394640"," -0,3259960",72,2019,50.0,1.0,1.0,3.0,2271788,2.0,2,4,2,5.0,,0.0,0,2000.0,B01,138Â 198Â 337,1.0,-1.0,-1.0,1734000,1.0,7,,0.0,0.0,3.0,B01,138Â 198Â 337,0.0