Unnamed: 0_x,num_acc,mois,jour,hrmn,lum,agg,int,atm,col,com,adr,gps,lat,long,dep,annee,vma,situ,surf,catr,Unnamed: 0_y,place,catu,grav,sexe,trajet,secu,locp,actp,an_nais,num_veh_x,id_vehicule_x,secu1,secu2,secu3,Unnamed: 0,senc,catv,occutc,obs,obsm,choc,num_veh_y,id_vehicule_y,motor
1015824,201900057355,1,6,18:50,5,2,1,1.0,3.0,72264,Avenue Joel le Theule,M,"47,8394640"," -0,3259960",72,2019,50.0,1.0,1.0,3.0,2271789,3.0,2,4,2,5.0,,0.0,0,1999.0,B01,138Â 198Â 337,1.0,-1.0,-1.0,1733999,1.0,7,,0.0,2.0,1.0,A01,138Â 198Â 336,0.0
1015824,201900057355,1,6,18:50,5,2,1,1.0,3.0,72264,Avenue Joel le Theule,M,"47,8394640"," -0,3259960",72,2019,50.0,1.0,1.0,3.0,2271789,3.0,2,4,2,5.0,,0.0,0,1999.0,B01,138Â 198Â 337,1.0,-1.0,-1.0,1734000,1.0,7,,0.0,0.0,3.0,B01,138Â 198Â 337,0.0
1015825,201900057356,7,11,06:30,1,1,1,1.0,6.0,63254,RD2,M,"45,8200670","3,0632830",63,2019,80.0,1.0,1.0,7.0,2271790,1.0,1,3,1,1.0,,0.0,0,1978.0,A01,138Â 198Â 335,2.0,6.0,-1.0,1734001,2.0,31,,0.0,6.0,1.0,A01,138Â 198Â 335,1.0
1015826,201900057357,1,4,07:45,5,2,1,1.0,6.0,44172,rue Jean moulin,M,"47,2497430"," -1,4864280",44,2019,30.0,1.0,2.0,7.0,2271791,1.0,1,1,1,1.0,,0.0,0,1980.0,A01,138Â 198Â 334,1.0,-1.0,-1.0,1734002,2.0,7,,0.0,1.0,1.0,A01,138Â 198Â 334,1.0
1015826,201900057357,1,4,07:45,5,2,1,1.0,6.0,44172,rue Jean moulin,M,"47,2497430"," -1,4864280",44,2019,30.0,1.0,2.0,7.0,2271792,10.0,3,4,1,3.0,,3.0,3,1939.0,A01,138Â 198Â 334,0.0,-1.0,-1.0,1734002,2.0,7,,0.0,1.0,1.0,A01,138Â 198Â 334,1.0
1015827,201900057358,7,10,15:35,1,1,1,1.0,1.0,73232,D 902,M,"45,5953190","6,8823087",73,2019,80.0,1.0,1.0,3.0,2271793,1.0,1,2,1,5.0,,0.0,0,1969.0,B01,138Â 198Â 332,2.0,9.0,-1.0,1734003,1.0,33,,0.0,2.0,1.0,B01,138Â 198Â 332,1.0
1015827,201900057358,7,10,15:35,1,1,1,1.0,1.0,73232,D 902,M,"45,5953190","6,8823087",73,2019,80.0,1.0,1.0,3.0,2271793,1.0,1,2,1,5.0,,0.0,0,1969.0,B01,138Â 198Â 332,2.0,9.0,-1.0,1734004,2.0,80,,0.0,2.0,1.0,A01,138Â 198Â 333,3.0
1015827,201900057358,7,10,15:35,1,1,1,1.0,1.0,73232,D 902,M,"45,5953190","6,8823087",73,2019,80.0,1.0,1.0,3.0,2271794,1.0,1,3,1,1.0,,0.0,0,1961.0,A01,138Â 198Â 333,2.0,-1.0,-1.0,1734003,1.0,33,,0.0,2.0,1.0,B01,138Â 198Â 332,1.0
1015827,201900057358,7,10,15:35,1,1,1,1.0,1.0,73232,D 902,M,"45,5953190","6,8823087",73,2019,80.0,1.0,1.0,3.0,2271794,1.0,1,3,1,1.0,,0.0,0,1961.0,A01,138Â 198Â 333,2.0,-1.0,-1.0,1734004,2.0,80,,0.0,2.0,1.0,A01,138Â 198Â 333,3.0
1015828,201900057359,7,8,06:42,1,1,1,1.0,6.0,46105,Autoroute A20 PK 368+500 sens PARIS - TOULOUSE,M,"44,3959800","1,5177260",46,2019,130.0,2.0,1.0,1.0,2271795,1.0,1,3,1,9.0,,0.0,0,1950.0,A01,138Â 198Â 330,8.0,-1.0,-1.0,1734005,1.0,7,,4.0,0.0,2.0,A01,138Â 198Â 330,1.0
1015828,201900057359,7,8,06:42,1,1,1,1.0,6.0,46105,Autoroute A20 PK 368+500 sens PARIS - TOULOUSE,M,"44,3959800","1,5177260",46,2019,130.0,2.0,1.0,1.0,2271796,2.0,2,1,2,9.0,,0.0,0,1974.0,A01,138Â 198Â 330,8.0,-1.0,-1.0,1734005,1.0,7,,4.0,0.0,2.0,A01,138Â 198Â 330,1.0
1015829,201900057360,1,2,17:30,2,2,1,1.0,1.0,44172,rue de la piais,M,"47,2576080"," -1,4617010",44,2019,50.0,1.0,1.0,4.0,2271797,1.0,1,1,2,3.0,,0.0,0,1957.0,A01,138Â 198Â 329,1.0,-1.0,-1.0,1734006,1.0,7,,0.0,2.0,3.0,A01,138Â 198Â 329,1.0
1015829,201900057360,1,2,17:30,2,2,1,1.0,1.0,44172,rue de la piais,M,"47,2576080"," -1,4617010",44,2019,50.0,1.0,1.0,4.0,2271797,1.0,1,1,2,3.0,,0.0,0,1957.0,A01,138Â 198Â 329,1.0,-1.0,-1.0,1734007,2.0,80,,0.0,2.0,3.0,B01,138Â 198Â 331,3.0
1015829,201900057360,1,2,17:30,2,2,1,1.0,1.0,44172,rue de la piais,M,"47,2576080"," -1,4617010",44,2019,50.0,1.0,1.0,4.0,2271798,1.0,1,4,1,5.0,,0.0,0,1954.0,B01,138Â 198Â 331,2.0,6.0,-1.0,1734006,1.0,7,,0.0,2.0,3.0,A01,138Â 198Â 329,1.0
1015829,201900057360,1,2,17:30,2,2,1,1.0,1.0,44172,rue de la piais,M,"47,2576080"," -1,4617010",44,2019,50.0,1.0,1.0,4.0,2271798,1.0,1,4,1,5.0,,0.0,0,1954.0,B01,138Â 198Â 331,2.0,6.0,-1.0,1734007,2.0,80,,0.0,2.0,3.0,B01,138Â 198Â 331,3.0
1015830,201900057361,6,25,18:00,1,2,2,1.0,2.0,49301,Les Alouettes (Saint-Macaire-en-Mauges),M,"47,1188880"," -0,9738160",49,2019,50.0,1.0,1.0,3.0,2271799,1.0,1,1,2,5.0,,0.0,0,1979.0,B01,138Â 198Â 327,1.0,-1.0,-1.0,1734008,1.0,7,,0.0,0.0,4.0,B01,138Â 198Â 327,1.0
1015830,201900057361,6,25,18:00,1,2,2,1.0,2.0,49301,Les Alouettes (Saint-Macaire-en-Mauges),M,"47,1188880"," -0,9738160",49,2019,50.0,1.0,1.0,3.0,2271799,1.0,1,1,2,5.0,,0.0,0,1979.0,B01,138Â 198Â 327,1.0,-1.0,-1.0,1734009,1.0,2,,0.0,2.0,1.0,A01,138Â 198Â 328,1.0
1015830,201900057361,6,25,18:00,1,2,2,1.0,2.0,49301,Les Alouettes (Saint-Macaire-en-Mauges),M,"47,1188880"," -0,9738160",49,2019,50.0,1.0,1.0,3.0,2271800,1.0,1,4,1,5.0,,0.0,0,2000.0,A01,138Â 198Â 328,2.0,6.0,-1.0,1734008,1.0,7,,0.0,0.0,4.0,B01,138Â 198Â 327,1.0
1015830,201900057361,6,25,18:00,1,2,2,1.0,2.0,49301,Les Alouettes (Saint-Macaire-en-Mauges),M,"47,1188880"," -0,9738160",49,2019,50.0,1.0,1.0,3.0,2271800,1.0,1,4,1,5.0,,0.0,0,2000.0,A01,138Â 198Â 328,2.0,6.0,-1.0,1734009,1.0,2,,0.0,2.0,1.0,A01,138Â 198Â 328,1.0
1015831,201900057362,1,4,08:05,5,2,1,5.0,2.0,14762,rue du Fort Chabrol,M,"48,8461240"," -0,8758250",14,2019,50.0,1.0,1.0,4.0,2271801,1.0,1,1,2,5.0,,0.0,0,1966.0,A01,138Â 198Â 325,1.0,-1.0,-1.0,1734010,3.0,7,,0.0,2.0,6.0,A01,138Â 198Â 325,1.0
1015831,201900057362,1,4,08:05,5,2,1,5.0,2.0,14762,rue du Fort Chabrol,M,"48,8461240"," -0,8758250",14,2019,50.0,1.0,1.0,4.0,2271801,1.0,1,1,2,5.0,,0.0,0,1966.0,A01,138Â 198Â 325,1.0,-1.0,-1.0,1734011,3.0,2,,0.0,2.0,1.0,B01,138Â 198Â 326,1.0
1015831,201900057362,1,4,08:05,5,2,1,5.0,2.0,14762,rue du Fort Chabrol,M,"48,8461240"," -0,8758250",14,2019,50.0,1.0,1.0,4.0,2271802,1.0,1,4,2,1.0,,0.0,0,2003.0,B01,138Â 198Â 326,2.0,-1.0,-1.0,1734010,3.0,7,,0.0,2.0,6.0,A01,138Â 198Â 325,1.0
1015831,201900057362,1,4,08:05,5,2,1,5.0,2.0,14762,rue du Fort Chabrol,M,"48,8461240"," -0,8758250",14,2019,50.0,1.0,1.0,4.0,2271802,1.0,1,4,2,1.0,,0.0,0,2003.0,B01,138Â 198Â 326,2.0,-1.0,-1.0,1734011,3.0,2,,0.0,2.0,1.0,B01,138Â 198Â 326,1.0
1015832,201900057363,1,1,03:00,5,2,9,1.0,3.0,14258,rue Georges ClÃ©menceau et rue Viet,M,"48,8972600"," -0,1978500",14,2019,50.0,1.0,1.0,4.0,2271803,1.0,1,4,1,5.0,,0.0,0,2002.0,A01,138Â 198Â 320,2.0,-1.0,-1.0,1734012,3.0,2,,0.0,2.0,7.0,A01,138Â 198Â 320,1.0
1015832,201900057363,1,1,03:00,5,2,9,1.0,3.0,14258,rue Georges ClÃ©menceau et rue Viet,M,"48,8972600"," -0,1978500",14,2019,50.0,1.0,1.0,4.0,2271803,1.0,1,4,1,5.0,,0.0,0,2002.0,A01,138Â 198Â 320,2.0,-1.0,-1.0,1734013,3.0,7,,0.0,2.0,6.0,B01,138Â 198Â 322,1.0
1015832,201900057363,1,1,03:00,5,2,9,1.0,3.0,14258,rue Georges ClÃ©menceau et rue Viet,M,"48,8972600"," -0,1978500",14,2019,50.0,1.0,1.0,4.0,2271804,2.0,2,3,1,5.0,,0.0,0,1999.0,A01,138Â 198Â 320,2.0,-1.0,-1.0,1734012,3.0,2,,0.0,2.0,7.0,A01,138Â 198Â 320,1.0
1015832,201900057363,1,1,03:00,5,2,9,1.0,3.0,14258,rue Georges ClÃ©menceau et rue Viet,M,"48,8972600"," -0,1978500",14,2019,50.0,1.0,1.0,4.0,2271804,2.0,2,3,1,5.0,,0.0,0,1999.0,A01,138Â 198Â 320,2.0,-1.0,-1.0,1734013,3.0,7,,0.0,2.0,6.0,B01,138Â 198Â 322,1.0
1015832,201900057363,1,1,03:00,5,2,9,1.0,3.0,14258,rue Georges ClÃ©menceau et rue Viet,M,"48,8972600"," -0,1978500",14,2019,50.0,1.0,1.0,4.0,2271805,1.0,1,1,1,5.0,,0.0,0,1974.0,B01,138Â 198Â 322,1.0,-1.0,-1.0,1734012,3.0,2,,0.0,2.0,7.0,A01,138Â 198Â 320,1.0
1015832,201900057363,1,1,03:00,5,2,9,1.0,3.0,14258,rue Georges ClÃ©menceau et rue Viet,M,"48,8972600"," -0,1978500",14,2019,50.0,1.0,1.0,4.0,2271805,1.0,1,1,1,5.0,,0.0,0,1974.0,B01,138Â 198Â 322,1.0,-1.0,-1.0,1734013,3.0,7,,0.0,2.0,6.0,B01,138Â 198Â 322,1.0
1015832,201900057363,1,1,03:00,5,2,9,1.0,3.0,14258,rue Georges ClÃ©menceau et rue Viet,M,"48,8972600"," -0,1978500",14,2019,50.0,1.0,1.0,4.0,2271806,2.0,2,1,2,5.0,,0.0,0,1973.0,B01,138Â 198Â 322,1.0,-1.0,-1.0,1734012,3.0,2,,0.0,2.0,7.0,A01,138Â 198Â 320,1.0
1015832,201900057363,1,1,03:00,5,2,9,1.0,3.0,14258,rue Georges ClÃ©menceau et rue Viet,M,"48,8972600"," -0,1978500",14,2019,50.0,1.0,1.0,4.0,2271806,2.0,2,1,2,5.0,,0.0,0,1973.0,B01,138Â 198Â 322,1.0,-1.0,-1.0,1734013,3.0,7,,0.0,2.0,6.0,B01,138Â 198Â 322,1.0
1015832,201900057363,1,1,03:00,5,2,9,1.0,3.0,14258,rue Georges ClÃ©menceau et rue Viet,M,"48,8972600"," -0,1978500",14,2019,50.0,1.0,1.0,4.0,2271807,7.0,2,1,1,5.0,,0.0,0,2004.0,B01,138Â 198Â 322,1.0,-1.0,-1.0,1734012,3.0,2,,0.0,2.0,7.0,A01,138Â 198Â 320,1.0
1015832,201900057363,1,1,03:00,5,2,9,1.0,3.0,14258,rue Georges ClÃ©menceau et rue Viet,M,"48,8972600"," -0,1978500",14,2019,50.0,1.0,1.0,4.0,2271807,7.0,2,1,1,5.0,,0.0,0,2004.0,B01,138Â 198Â 322,1.0,-1.0,-1.0,1734013,3.0,7,,0.0,2.0,6.0,B01,138Â 198Â 322,1.0
1015832,201900057363,1,1,03:00,5,2,9,1.0,3.0,14258,rue Georges ClÃ©menceau et rue Viet,M,"48,8972600"," -0,1978500",14,2019,50.0,1.0,1.0,4.0,2271808,8.0,2,1,2,5.0,,0.0,0,2006.0,B01,138Â 198Â 322,1.0,-1.0,-1.0,1734012,3.0,2,,0.0,2.0,7.0,A01,138Â 198Â 320,1.0
1015832,201900057363,1,1,03:00,5,2,9,1.0,3.0,14258,rue Georges ClÃ©menceau et rue Viet,M,"48,8972600"," -0,1978500",14,2019,50.0,1.0,1.0,4.0,2271808,8.0,2,1,2,5.0,,0.0,0,2006.0,B01,138Â 198Â 322,1.0,-1.0,-1.0,1734013,3.0,7,,0.0,2.0,6.0,B01,138Â 198Â 322,1.0
1015832,201900057363,1,1,03:00,5,2,9,1.0,3.0,14258,rue Georges ClÃ©menceau et rue Viet,M,"48,8972600"," -0,1978500",14,2019,50.0,1.0,1.0,4.0,2271809,9.0,2,1,2,5.0,,0.0,0,2009.0,B01,138Â 198Â 322,1.0,-1.0,-1.0,1734012,3.0,2,,0.0,2.0,7.0,A01,138Â 198Â 320,1.0
1015832,201900057363,1,1,03:00,5,2,9,1.0,3.0,14258,rue Georges ClÃ©menceau et rue Viet,M,"48,8972600"," -0,1978500",14,2019,50.0,1.0,1.0,4.0,2271809,9.0,2,1,2,5.0,,0.0,0,2009.0,B01,138Â 198Â 322,1.0,-1.0,-1.0,1734013,3.0,7,,0.0,2.0,6.0,B01,138Â 198Â 322,1.0
1015833,201900057364,5,11,21:25,5,2,9,1.0,6.0,84064,Place du Chateau,M,"44,3050260","4,6882330",84,2019,-1.0,8.0,1.0,6.0,2271810,1.0,1,3,1,5.0,,0.0,0,2001.0,A01,138Â 198Â 343,0.0,-1.0,-1.0,1734014,0.0,33,,6.0,0.0,1.0,A01,138Â 198Â 343,1.0
1015834,201900057365,10,25,16:55,1,2,1,1.0,6.0,93046,CHANZY AVENUE DE,M,"48,9100870","2,5193050",93,2019,50.0,1.0,1.0,4.0,2271811,1.0,1,1,1,5.0,,-1.0, -1,1991.0,A01,138Â 198Â 345,1.0,0.0,-1.0,1734015,0.0,7,,12.0,1.0,4.0,A01,138Â 198Â 345,0.0
1015834,201900057365,10,25,16:55,1,2,1,1.0,6.0,93046,CHANZY AVENUE DE,M,"48,9100870","2,5193050",93,2019,50.0,1.0,1.0,4.0,2271812,10.0,3,4,2,5.0,,2.0,3,1933.0,A01,138Â 198Â 345,0.0,-1.0,-1.0,1734015,0.0,7,,12.0,1.0,4.0,A01,138Â 198Â 345,0.0
1015835,201900057366,9,23,20:00,3,2,2,1.0,3.0,06084,100 Traverse de Pinchinade,M,"43,6219360","6,9962380",6,2019,50.0,1.0,1.0,4.0,2271813,1.0,1,1,1,5.0,,0.0,0,1994.0,B01,138Â 198Â 344,1.0,-1.0,-1.0,1734016,3.0,7,,0.0,2.0,5.0,B01,138Â 198Â 344,1.0
1015835,201900057366,9,23,20:00,3,2,2,1.0,3.0,06084,100 Traverse de Pinchinade,M,"43,6219360","6,9962380",6,2019,50.0,1.0,1.0,4.0,2271813,1.0,1,1,1,5.0,,0.0,0,1994.0,B01,138Â 198Â 344,1.0,-1.0,-1.0,1734017,3.0,2,,0.0,2.0,1.0,A01,138Â 198Â 353,1.0
1015835,201900057366,9,23,20:00,3,2,2,1.0,3.0,06084,100 Traverse de Pinchinade,M,"43,6219360","6,9962380",6,2019,50.0,1.0,1.0,4.0,2271814,1.0,1,3,1,4.0,,0.0,0,1999.0,A01,138Â 198Â 353,2.0,6.0,-1.0,1734016,3.0,7,,0.0,2.0,5.0,B01,138Â 198Â 344,1.0
1015835,201900057366,9,23,20:00,3,2,2,1.0,3.0,06084,100 Traverse de Pinchinade,M,"43,6219360","6,9962380",6,2019,50.0,1.0,1.0,4.0,2271814,1.0,1,3,1,4.0,,0.0,0,1999.0,A01,138Â 198Â 353,2.0,6.0,-1.0,1734017,3.0,2,,0.0,2.0,1.0,A01,138Â 198Â 353,1.0
1015836,201900057367,7,11,19:10,1,1,1,1.0,1.0,62889,1555 Rue de Sainte-Godeleine,M,"50,7904940","1,7473750",62,2019,80.0,1.0,1.0,3.0,2271815,1.0,1,1,1,4.0,,0.0,0,1977.0,B01,138Â 198Â 321,1.0,-1.0,-1.0,1734018,1.0,17,,0.0,2.0,1.0,B01,138Â 198Â 321,1.0
1015836,201900057367,7,11,19:10,1,1,1,1.0,1.0,62889,1555 Rue de Sainte-Godeleine,M,"50,7904940","1,7473750",62,2019,80.0,1.0,1.0,3.0,2271815,1.0,1,1,1,4.0,,0.0,0,1977.0,B01,138Â 198Â 321,1.0,-1.0,-1.0,1734019,2.0,33,,0.0,2.0,1.0,A01,138Â 198Â 323,1.0
1015836,201900057367,7,11,19:10,1,1,1,1.0,1.0,62889,1555 Rue de Sainte-Godeleine,M,"50,7904940","1,7473750",62,2019,80.0,1.0,1.0,3.0,2271816,1.0,1,3,1,5.0,,0.0,0,1991.0,A01,138Â 198Â 323,2.0,6.0,9.0,1734018,1.0,17,,0.0,2.0,1.0,B01,138Â 198Â 321,1.0
1015836,201900057367,7,11,19:10,1,1,1,1.0,1.0,62889,1555 Rue de Sainte-Godeleine,M,"50,7904940","1,7473750",62,2019,80.0,1.0,1.0,3.0,2271816,1.0,1,3,1,5.0,,0.0,0,1991.0,A01,138Â 198Â 323,2.0,6.0,9.0,1734019,2.0,33,,0.0,2.0,1.0,A01,138Â 198Â 323,1.0
1015837,201900057368,1,3,17:10,1,1,1,1.0,1.0,14047,D613,M,"49,2694490"," -0,6835950",14,2019,90.0,1.0,1.0,3.0,2271817,1.0,1,1,1,-1.0,,0.0,0,1988.0,B01,138Â 198Â 318,1.0,-1.0,-1.0,1734020,1.0,7,,0.0,2.0,1.0,B01,138Â 198Â 318,1.0
1015837,201900057368,1,3,17:10,1,1,1,1.0,1.0,14047,D613,M,"49,2694490"," -0,6835950",14,2019,90.0,1.0,1.0,3.0,2271817,1.0,1,1,1,-1.0,,0.0,0,1988.0,B01,138Â 198Â 318,1.0,-1.0,-1.0,1734021,1.0,7,,0.0,0.0,4.0,A01,138Â 198Â 319,1.0
1015837,201900057368,1,3,17:10,1,1,1,1.0,1.0,14047,D613,M,"49,2694490"," -0,6835950",14,2019,90.0,1.0,1.0,3.0,2271818,7.0,2,4,2,-1.0,,0.0,0,1999.0,A01,138Â 198Â 319,1.0,-1.0,-1.0,1734020,1.0,7,,0.0,2.0,1.0,B01,138Â 198Â 318,1.0
1015837,201900057368,1,3,17:10,1,1,1,1.0,1.0,14047,D613,M,"49,2694490"," -0,6835950",14,2019,90.0,1.0,1.0,3.0,2271818,7.0,2,4,2,-1.0,,0.0,0,1999.0,A01,138Â 198Â 319,1.0,-1.0,-1.0,1734021,1.0,7,,0.0,0.0,4.0,A01,138Â 198Â 319,1.0
1015837,201900057368,1,3,17:10,1,1,1,1.0,1.0,14047,D613,M,"49,2694490"," -0,6835950",14,2019,90.0,1.0,1.0,3.0,2271819,2.0,2,1,2,-1.0,,0.0,0,1996.0,A01,138Â 198Â 319,1.0,-1.0,-1.0,1734020,1.0,7,,0.0,2.0,1.0,B01,138Â 198Â 318,1.0
1015837,201900057368,1,3,17:10,1,1,1,1.0,1.0,14047,D613,M,"49,2694490"," -0,6835950",14,2019,90.0,1.0,1.0,3.0,2271819,2.0,2,1,2,-1.0,,0.0,0,1996.0,A01,138Â 198Â 319,1.0,-1.0,-1.0,1734021,1.0,7,,0.0,0.0,4.0,A01,138Â 198Â 319,1.0
1015837,201900057368,1,3,17:10,1,1,1,1.0,1.0,14047,D613,M,"49,2694490"," -0,6835950",14,2019,90.0,1.0,1.0,3.0,2271820,1.0,1,1,2,0.0,,0.0,0,1999.0,A01,138Â 198Â 319,1.0,-1.0,-1.0,1734020,1.0,7,,0.0,2.0,1.0,B01,138Â 198Â 318,1.0
1015837,201900057368,1,3,17:10,1,1,1,1.0,1.0,14047,D613,M,"49,2694490"," -0,6835950",14,2019,90.0,1.0,1.0,3.0,2271820,1.0,1,1,2,0.0,,0.0,0,1999.0,A01,138Â 198Â 319,1.0,-1.0,-1.0,1734021,1.0,7,,0.0,0.0,4.0,A01,138Â 198Â 319,1.0
1015838,201900057369,5,13,19:45,2,1,2,1.0,6.0,84047,Route de Croagne,M,"43,9058310","5,3472380",84,2019,50.0,1.0,1.0,4.0,2271821,1.0,1,4,1,0.0,,0.0,0,1997.0,B01,138Â 198Â 314,1.0,-1.0,-1.0,1734022,3.0,7,,0.0,0.0,3.0,B01,138Â 198Â 314,1.0
1015838,201900057369,5,13,19:45,2,1,2,1.0,6.0,84047,Route de Croagne,M,"43,9058310","5,3472380",84,2019,50.0,1.0,1.0,4.0,2271821,1.0,1,4,1,0.0,,0.0,0,1997.0,B01,138Â 198Â 314,1.0,-1.0,-1.0,1734023,3.0,7,,14.0,0.0,2.0,A01,138Â 198Â 315,1.0
1015838,201900057369,5,13,19:45,2,1,2,1.0,6.0,84047,Route de Croagne,M,"43,9058310","5,3472380",84,2019,50.0,1.0,1.0,4.0,2271822,2.0,2,4,1,0.0,,0.0,0,1984.0,B01,138Â 198Â 314,1.0,-1.0,-1.0,1734022,3.0,7,,0.0,0.0,3.0,B01,138Â 198Â 314,1.0
1015838,201900057369,5,13,19:45,2,1,2,1.0,6.0,84047,Route de Croagne,M,"43,9058310","5,3472380",84,2019,50.0,1.0,1.0,4.0,2271822,2.0,2,4,1,0.0,,0.0,0,1984.0,B01,138Â 198Â 314,1.0,-1.0,-1.0,1734023,3.0,7,,14.0,0.0,2.0,A01,138Â 198Â 315,1.0
1015838,201900057369,5,13,19:45,2,1,2,1.0,6.0,84047,Route de Croagne,M,"43,9058310","5,3472380",84,2019,50.0,1.0,1.0,4.0,2271823,1.0,1,1,1,0.0,,0.0,0,1961.0,A01,138Â 198Â 315,1.0,-1.0,-1.0,1734022,3.0,7,,0.0,0.0,3.0,B01,138Â 198Â 314,1.0
1015838,201900057369,5,13,19:45,2,1,2,1.0,6.0,84047,Route de Croagne,M,"43,9058310","5,3472380",84,2019,50.0,1.0,1.0,4.0,2271823,1.0,1,1,1,0.0,,0.0,0,1961.0,A01,138Â 198Â 315,1.0,-1.0,-1.0,1734023,3.0,7,,14.0,0.0,2.0,A01,138Â 198Â 315,1.0
1015839,201900057370,1,1,02:45,3,1,1,1.0,6.0,14019,cd 572,M,"49,2405750"," -0,7436610",14,2019,80.0,3.0,1.0,3.0,2271824,1.0,1,2,1,5.0,,0.0,0,1990.0,A01,138Â 198Â 313,1.0,-1.0,-1.0,1734024,2.0,7,,13.0,0.0,2.0,A01,138Â 198Â 313,1.0
1015840,201900057371,9,23,20:00,5,1,1,1.0,6.0,06004,autoroute A8 PK 171000 nord,M,"43,6041370","7,0662440",6,2019,110.0,1.0,1.0,1.0,2271825,1.0,1,1,1,1.0,,0.0,0,1966.0,A01,138Â 198Â 312,1.0,-1.0,-1.0,1734025,2.0,7,,0.0,1.0,1.0,A01,138Â 198Â 312,1.0
1015840,201900057371,9,23,20:00,5,1,1,1.0,6.0,06004,autoroute A8 PK 171000 nord,M,"43,6041370","7,0662440",6,2019,110.0,1.0,1.0,1.0,2271826,10.0,3,3,1,5.0,,9.0,B,1960.0,A01,138Â 198Â 312,0.0,-1.0,-1.0,1734025,2.0,7,,0.0,1.0,1.0,A01,138Â 198Â 312,1.0
1015841,201900057372,9,22,07:05,2,1,1,3.0,7.0,13001,A8 PK 21+500 SORTIE 31 VAL ST ANDRÃ,M,"43,5169540","5,4321830",13,2019,110.0,1.0,2.0,1.0,2271827,1.0,1,3,1,1.0,,0.0,0,1982.0,A01,138Â 198Â 310,8.0,-1.0,-1.0,1734026,1.0,7,,4.0,0.0,1.0,A01,138Â 198Â 310,1.0
1015842,201900057373,5,1,16:45,1,2,1,1.0,1.0,84003,Avenue de Marseille,M,"43,8768100","5,3786690",84,2019,50.0,1.0,1.0,3.0,2271828,1.0,1,3,1,5.0,,0.0,0,1992.0,B01,138Â 198Â 309,2.0,-1.0,-1.0,1734027,3.0,33,,0.0,2.0,1.0,B01,138Â 198Â 309,1.0
1015842,201900057373,5,1,16:45,1,2,1,1.0,1.0,84003,Avenue de Marseille,M,"43,8768100","5,3786690",84,2019,50.0,1.0,1.0,3.0,2271828,1.0,1,3,1,5.0,,0.0,0,1992.0,B01,138Â 198Â 309,2.0,-1.0,-1.0,1734028,3.0,7,,0.0,2.0,1.0,A01,138Â 198Â 311,1.0
1015842,201900057373,5,1,16:45,1,2,1,1.0,1.0,84003,Avenue de Marseille,M,"43,8768100","5,3786690",84,2019,50.0,1.0,1.0,3.0,2271829,2.0,2,3,2,5.0,,0.0,0,1991.0,B01,138Â 198Â 309,2.0,6.0,9.0,1734027,3.0,33,,0.0,2.0,1.0,B01,138Â 198Â 309,1.0
1015842,201900057373,5,1,16:45,1,2,1,1.0,1.0,84003,Avenue de Marseille,M,"43,8768100","5,3786690",84,2019,50.0,1.0,1.0,3.0,2271829,2.0,2,3,2,5.0,,0.0,0,1991.0,B01,138Â 198Â 309,2.0,6.0,9.0,1734028,3.0,7,,0.0,2.0,1.0,A01,138Â 198Â 311,1.0
1015842,201900057373,5,1,16:45,1,2,1,1.0,1.0,84003,Avenue de Marseille,M,"43,8768100","5,3786690",84,2019,50.0,1.0,1.0,3.0,2271830,1.0,1,1,1,5.0,,0.0,0,1945.0,A01,138Â 198Â 311,1.0,-1.0,-1.0,1734027,3.0,33,,0.0,2.0,1.0,B01,138Â 198Â 309,1.0
1015842,201900057373,5,1,16:45,1,2,1,1.0,1.0,84003,Avenue de Marseille,M,"43,8768100","5,3786690",84,2019,50.0,1.0,1.0,3.0,2271830,1.0,1,1,1,5.0,,0.0,0,1945.0,A01,138Â 198Â 311,1.0,-1.0,-1.0,1734028,3.0,7,,0.0,2.0,1.0,A01,138Â 198Â 311,1.0
1015843,201900057374,9,22,11:50,1,1,1,2.0,6.0,45008,A10 Sortie nÂ° 13 PK 78+200,M,"48,0837341","1,8524409",45,2019,50.0,3.0,2.0,1.0,2271831,1.0,1,3,1,4.0,,0.0,0,1974.0,A01,138Â 198Â 308,1.0,-1.0,-1.0,1734029,2.0,10,,13.0,0.0,4.0,A01,138Â 198Â 308,1.0
1015844,201900057375,4,30,16:50,1,2,3,1.0,3.0,84003,"RD943,  aprÃ¨s le pont de la piste cyclabe",M,"43,8855820","5,3809750",84,2019,50.0,1.0,1.0,3.0,2271832,3.0,2,4,1,5.0,,0.0,0,1977.0,A01,138Â 198Â 306,1.0,-1.0,-1.0,1734030,2.0,7,,7.0,2.0,8.0,A01,138Â 198Â 306,1.0
1015844,201900057375,4,30,16:50,1,2,3,1.0,3.0,84003,"RD943,  aprÃ¨s le pont de la piste cyclabe",M,"43,8855820","5,3809750",84,2019,50.0,1.0,1.0,3.0,2271832,3.0,2,4,1,5.0,,0.0,0,1977.0,A01,138Â 198Â 306,1.0,-1.0,-1.0,1734031,1.0,14,,0.0,2.0,2.0,B01,138Â 198Â 307,1.0