Unnamed: 0_x,num_acc,mois,jour,hrmn,lum,agg,int,atm,col,com,adr,gps,lat,long,dep,annee,vma,situ,surf,catr,Unnamed: 0_y,place,catu,grav,sexe,trajet,secu,locp,actp,an_nais,num_veh_x,id_vehicule_x,secu1,secu2,secu3,Unnamed: 0,senc,catv,occutc,obs,obsm,choc,num_veh_y,id_vehicule_y,motor
1015844,201900057375,4,30,16:50,1,2,3,1.0,3.0,84003,"RD943,  aprÃ¨s le pont de la piste cyclabe",M,"43,8855820","5,3809750",84,2019,50.0,1.0,1.0,3.0,2271833,1.0,1,1,1,5.0,,0.0,0,2001.0,A01,138Â 198Â 306,1.0,-1.0,-1.0,1734030,2.0,7,,7.0,2.0,8.0,A01,138Â 198Â 306,1.0
1015844,201900057375,4,30,16:50,1,2,3,1.0,3.0,84003,"RD943,  aprÃ¨s le pont de la piste cyclabe",M,"43,8855820","5,3809750",84,2019,50.0,1.0,1.0,3.0,2271833,1.0,1,1,1,5.0,,0.0,0,2001.0,A01,138Â 198Â 306,1.0,-1.0,-1.0,1734031,1.0,14,,0.0,2.0,2.0,B01,138Â 198Â 307,1.0
1015844,201900057375,4,30,16:50,1,2,3,1.0,3.0,84003,"RD943,  aprÃ¨s le pont de la piste cyclabe",M,"43,8855820","5,3809750",84,2019,50.0,1.0,1.0,3.0,2271834,4.0,2,4,1,5.0,,0.0,0,1969.0,A01,138Â 198Â 306,1.0,-1.0,-1.0,1734030,2.0,7,,7.0,2.0,8.0,A01,138Â 198Â 306,1.0
1015844,201900057375,4,30,16:50,1,2,3,1.0,3.0,84003,"RD943,  aprÃ¨s le pont de la piste cyclabe",M,"43,8855820","5,3809750",84,2019,50.0,1.0,1.0,3.0,2271834,4.0,2,4,1,5.0,,0.0,0,1969.0,A01,138Â 198Â 306,1.0,-1.0,-1.0,1734031,1.0,14,,0.0,2.0,2.0,B01,138Â 198Â 307,1.0
1015844,201900057375,4,30,16:50,1,2,3,1.0,3.0,84003,"RD943,  aprÃ¨s le pont de la piste cyclabe",M,"43,8855820","5,3809750",84,2019,50.0,1.0,1.0,3.0,2271835,1.0,1,1,1,4.0,,0.0,0,1986.0,B01,138Â 198Â 307,1.0,-1.0,-1.0,1734030,2.0,7,,7.0,2.0,8.0,A01,138Â 198Â 306,1.0
1015844,201900057375,4,30,16:50,1,2,3,1.0,3.0,84003,"RD943,  aprÃ¨s le pont de la piste cyclabe",M,"43,8855820","5,3809750",84,2019,50.0,1.0,1.0,3.0,2271835,1.0,1,1,1,4.0,,0.0,0,1986.0,B01,138Â 198Â 307,1.0,-1.0,-1.0,1734031,1.0,14,,0.0,2.0,2.0,B01,138Â 198Â 307,1.0
1015845,201900057376,9,22,22:35,3,1,1,2.0,7.0,51545,A26,M,"48,7100776","4,2115056",51,2019,130.0,1.0,2.0,1.0,2271836,4.0,2,4,1,1.0,,0.0,0,1992.0,A01,138Â 198Â 305,1.0,-1.0,-1.0,1734032,2.0,7,,8.0,0.0,0.0,A01,138Â 198Â 305,1.0
1015845,201900057376,9,22,22:35,3,1,1,2.0,7.0,51545,A26,M,"48,7100776","4,2115056",51,2019,130.0,1.0,2.0,1.0,2271837,5.0,2,4,1,1.0,,0.0,0,1971.0,A01,138Â 198Â 305,1.0,-1.0,-1.0,1734032,2.0,7,,8.0,0.0,0.0,A01,138Â 198Â 305,1.0
1015845,201900057376,9,22,22:35,3,1,1,2.0,7.0,51545,A26,M,"48,7100776","4,2115056",51,2019,130.0,1.0,2.0,1.0,2271838,2.0,2,4,2,1.0,,0.0,0,1999.0,A01,138Â 198Â 305,1.0,-1.0,-1.0,1734032,2.0,7,,8.0,0.0,0.0,A01,138Â 198Â 305,1.0
1015845,201900057376,9,22,22:35,3,1,1,2.0,7.0,51545,A26,M,"48,7100776","4,2115056",51,2019,130.0,1.0,2.0,1.0,2271839,3.0,2,4,1,1.0,,0.0,0,1966.0,A01,138Â 198Â 305,1.0,-1.0,-1.0,1734032,2.0,7,,8.0,0.0,0.0,A01,138Â 198Â 305,1.0
1015845,201900057376,9,22,22:35,3,1,1,2.0,7.0,51545,A26,M,"48,7100776","4,2115056",51,2019,130.0,1.0,2.0,1.0,2271840,1.0,1,3,1,1.0,,0.0,0,1995.0,A01,138Â 198Â 305,1.0,-1.0,-1.0,1734032,2.0,7,,8.0,0.0,0.0,A01,138Â 198Â 305,1.0
1015846,201900057377,9,23,11:30,1,2,3,1.0,7.0,98804,Tribu Nakety mission,M," -21,5485900","166,0429100",988,2019,50.0,1.0,1.0,3.0,2271841,1.0,1,1,1,9.0,,0.0,0,2003.0,A01,138Â 198Â 300,0.0,-1.0,-1.0,1734033,1.0,10,,0.0,0.0,0.0,A01,138Â 198Â 300,1.0
1015846,201900057377,9,23,11:30,1,2,3,1.0,7.0,98804,Tribu Nakety mission,M," -21,5485900","166,0429100",988,2019,50.0,1.0,1.0,3.0,2271842,2.0,2,2,1,5.0,,0.0,0,2010.0,A01,138Â 198Â 300,0.0,-1.0,-1.0,1734033,1.0,10,,0.0,0.0,0.0,A01,138Â 198Â 300,1.0
1015847,201900057378,9,19,23:30,3,1,1,1.0,6.0,91412,route dÃ©partementale 87,M,"48,4849900","2,4073640",91,2019,80.0,3.0,1.0,3.0,2271843,2.0,2,3,2,5.0,,0.0,0,1999.0,A01,138Â 198Â 299,8.0,-1.0,-1.0,1734034,2.0,10,,2.0,0.0,8.0,A01,138Â 198Â 299,1.0
1015847,201900057378,9,19,23:30,3,1,1,1.0,6.0,91412,route dÃ©partementale 87,M,"48,4849900","2,4073640",91,2019,80.0,3.0,1.0,3.0,2271844,1.0,1,2,1,5.0,,0.0,0,2000.0,A01,138Â 198Â 299,8.0,-1.0,-1.0,1734034,2.0,10,,2.0,0.0,8.0,A01,138Â 198Â 299,1.0
1015848,201900057379,9,16,20:55,3,1,1,1.0,6.0,78264,D111,M,"48,7423030","1,7472170",78,2019,80.0,1.0,1.0,3.0,2271845,1.0,1,3,1,5.0,,0.0,0,1969.0,A01,138Â 198Â 298,2.0,6.0,-1.0,1734035,3.0,43,,0.0,6.0,1.0,A01,138Â 198Â 298,1.0
1015849,201900057380,9,20,05:45,3,2,1,1.0,7.0,34145,Avenue du Vidourle,M,"43,6927110","4,1638070",34,2019,-1.0,1.0,1.0,2.0,2271846,1.0,1,2,1,1.0,,0.0,0,1959.0,A01,138Â 198Â 297,2.0,6.0,-1.0,1734036,1.0,33,,0.0,0.0,0.0,A01,138Â 198Â 297,1.0
1015850,201900057381,9,20,14:28,1,1,1,7.0,3.0,68353,RD19 bis,M,"47,6309750","7,3458020",68,2019,80.0,1.0,1.0,3.0,2271847,1.0,1,1,1,5.0,,0.0,0,1947.0,A01,138Â 198Â 295,1.0,-1.0,-1.0,1734037,1.0,7,,0.0,2.0,6.0,A01,138Â 198Â 295,1.0
1015850,201900057381,9,20,14:28,1,1,1,7.0,3.0,68353,RD19 bis,M,"47,6309750","7,3458020",68,2019,80.0,1.0,1.0,3.0,2271847,1.0,1,1,1,5.0,,0.0,0,1947.0,A01,138Â 198Â 295,1.0,-1.0,-1.0,1734038,1.0,33,,0.0,2.0,1.0,B01,138Â 198Â 296,1.0
1015850,201900057381,9,20,14:28,1,1,1,7.0,3.0,68353,RD19 bis,M,"47,6309750","7,3458020",68,2019,80.0,1.0,1.0,3.0,2271848,1.0,1,3,1,5.0,,0.0,0,1958.0,B01,138Â 198Â 296,2.0,6.0,-1.0,1734037,1.0,7,,0.0,2.0,6.0,A01,138Â 198Â 295,1.0
1015850,201900057381,9,20,14:28,1,1,1,7.0,3.0,68353,RD19 bis,M,"47,6309750","7,3458020",68,2019,80.0,1.0,1.0,3.0,2271848,1.0,1,3,1,5.0,,0.0,0,1958.0,B01,138Â 198Â 296,2.0,6.0,-1.0,1734038,1.0,33,,0.0,2.0,1.0,B01,138Â 198Â 296,1.0
1015851,201900057382,9,21,12:45,1,2,4,1.0,1.0,68008,1 Rue de Sundhoffen,M,"48,0291650","7,4405870",68,2019,50.0,1.0,1.0,3.0,2271849,1.0,1,1,1,5.0,,0.0,0,1980.0,B01,138Â 198Â 293,1.0,-1.0,-1.0,1734039,1.0,7,,0.0,2.0,3.0,B01,138Â 198Â 293,2.0
1015851,201900057382,9,21,12:45,1,2,4,1.0,1.0,68008,1 Rue de Sundhoffen,M,"48,0291650","7,4405870",68,2019,50.0,1.0,1.0,3.0,2271849,1.0,1,1,1,5.0,,0.0,0,1980.0,B01,138Â 198Â 293,1.0,-1.0,-1.0,1734040,1.0,7,,0.0,2.0,3.0,A01,138Â 198Â 294,1.0
1015851,201900057382,9,21,12:45,1,2,4,1.0,1.0,68008,1 Rue de Sundhoffen,M,"48,0291650","7,4405870",68,2019,50.0,1.0,1.0,3.0,2271850,1.0,1,1,2,5.0,,0.0,0,1945.0,A01,138Â 198Â 294,1.0,-1.0,-1.0,1734039,1.0,7,,0.0,2.0,3.0,B01,138Â 198Â 293,2.0
1015851,201900057382,9,21,12:45,1,2,4,1.0,1.0,68008,1 Rue de Sundhoffen,M,"48,0291650","7,4405870",68,2019,50.0,1.0,1.0,3.0,2271850,1.0,1,1,2,5.0,,0.0,0,1945.0,A01,138Â 198Â 294,1.0,-1.0,-1.0,1734040,1.0,7,,0.0,2.0,3.0,A01,138Â 198Â 294,1.0
1015851,201900057382,9,21,12:45,1,2,4,1.0,1.0,68008,1 Rue de Sundhoffen,M,"48,0291650","7,4405870",68,2019,50.0,1.0,1.0,3.0,2271851,2.0,2,4,2,5.0,,0.0,0,1944.0,A01,138Â 198Â 294,1.0,-1.0,-1.0,1734039,1.0,7,,0.0,2.0,3.0,B01,138Â 198Â 293,2.0
1015851,201900057382,9,21,12:45,1,2,4,1.0,1.0,68008,1 Rue de Sundhoffen,M,"48,0291650","7,4405870",68,2019,50.0,1.0,1.0,3.0,2271851,2.0,2,4,2,5.0,,0.0,0,1944.0,A01,138Â 198Â 294,1.0,-1.0,-1.0,1734040,1.0,7,,0.0,2.0,3.0,A01,138Â 198Â 294,1.0
1015852,201900057383,9,21,18:55,1,1,2,1.0,3.0,67130,route de Krafft,M,"48,4293350","7,6798170",67,2019,70.0,1.0,1.0,3.0,2271852,2.0,2,1,2,5.0,,0.0,0,2003.0,B01,138Â 198Â 291,0.0,-1.0,-1.0,1734041,1.0,7,,0.0,2.0,1.0,B01,138Â 198Â 291,1.0
1015852,201900057383,9,21,18:55,1,1,2,1.0,3.0,67130,route de Krafft,M,"48,4293350","7,6798170",67,2019,70.0,1.0,1.0,3.0,2271852,2.0,2,1,2,5.0,,0.0,0,2003.0,B01,138Â 198Â 291,0.0,-1.0,-1.0,1734042,0.0,7,,0.0,2.0,8.0,A01,138Â 198Â 292,1.0
1015852,201900057383,9,21,18:55,1,1,2,1.0,3.0,67130,route de Krafft,M,"48,4293350","7,6798170",67,2019,70.0,1.0,1.0,3.0,2271853,1.0,1,4,2,5.0,,0.0,0,2001.0,B01,138Â 198Â 291,8.0,-1.0,-1.0,1734041,1.0,7,,0.0,2.0,1.0,B01,138Â 198Â 291,1.0
1015852,201900057383,9,21,18:55,1,1,2,1.0,3.0,67130,route de Krafft,M,"48,4293350","7,6798170",67,2019,70.0,1.0,1.0,3.0,2271853,1.0,1,4,2,5.0,,0.0,0,2001.0,B01,138Â 198Â 291,8.0,-1.0,-1.0,1734042,0.0,7,,0.0,2.0,8.0,A01,138Â 198Â 292,1.0
1015852,201900057383,9,21,18:55,1,1,2,1.0,3.0,67130,route de Krafft,M,"48,4293350","7,6798170",67,2019,70.0,1.0,1.0,3.0,2271854,1.0,1,1,1,5.0,,0.0,0,1960.0,A01,138Â 198Â 292,8.0,-1.0,-1.0,1734041,1.0,7,,0.0,2.0,1.0,B01,138Â 198Â 291,1.0
1015852,201900057383,9,21,18:55,1,1,2,1.0,3.0,67130,route de Krafft,M,"48,4293350","7,6798170",67,2019,70.0,1.0,1.0,3.0,2271854,1.0,1,1,1,5.0,,0.0,0,1960.0,A01,138Â 198Â 292,8.0,-1.0,-1.0,1734042,0.0,7,,0.0,2.0,8.0,A01,138Â 198Â 292,1.0
1015853,201900057384,9,19,15:27,1,1,1,1.0,7.0,03229,La Limite,M,"46,6971319","3,4306738",3,2019,-1.0,3.0,1.0,3.0,2271855,1.0,1,3,1,4.0,,0.0,0,1985.0,A01,138Â 198Â 290,1.0,-1.0,-1.0,1734043,1.0,15,,11.0,0.0,7.0,A01,138Â 198Â 290,1.0
1015854,201900057385,9,23,09:30,1,2,1,1.0,6.0,38317,Cours Saint - AndrÃ©,M,"45,1323690","5,7003100",38,2019,-1.0,1.0,1.0,3.0,2271856,10.0,3,3,2,2.0,,2.0,3,2007.0,A01,138Â 198Â 289,8.0,-1.0,-1.0,1734044,3.0,7,,0.0,1.0,7.0,A01,138Â 198Â 289,1.0
1015854,201900057385,9,23,09:30,1,2,1,1.0,6.0,38317,Cours Saint - AndrÃ©,M,"45,1323690","5,7003100",38,2019,-1.0,1.0,1.0,3.0,2271857,1.0,1,1,1,2.0,,0.0,0,1999.0,A01,138Â 198Â 289,1.0,-1.0,-1.0,1734044,3.0,7,,0.0,1.0,7.0,A01,138Â 198Â 289,1.0
1015855,201900057386,9,22,19:45,3,1,1,3.0,1.0,26196,laye,M,"44,8683170","4,9213830",26,2019,70.0,1.0,2.0,3.0,2271858,1.0,1,2,1,5.0,,0.0,0,1998.0,A01,138Â 198Â 287,8.0,-1.0,-1.0,1734045,2.0,7,,0.0,2.0,3.0,A01,138Â 198Â 287,1.0
1015855,201900057386,9,22,19:45,3,1,1,3.0,1.0,26196,laye,M,"44,8683170","4,9213830",26,2019,70.0,1.0,2.0,3.0,2271858,1.0,1,2,1,5.0,,0.0,0,1998.0,A01,138Â 198Â 287,8.0,-1.0,-1.0,1734046,1.0,7,,0.0,2.0,3.0,B01,138Â 198Â 288,1.0
1015855,201900057386,9,22,19:45,3,1,1,3.0,1.0,26196,laye,M,"44,8683170","4,9213830",26,2019,70.0,1.0,2.0,3.0,2271859,2.0,2,4,1,5.0,,0.0,0,1999.0,A01,138Â 198Â 287,8.0,-1.0,-1.0,1734045,2.0,7,,0.0,2.0,3.0,A01,138Â 198Â 287,1.0
1015855,201900057386,9,22,19:45,3,1,1,3.0,1.0,26196,laye,M,"44,8683170","4,9213830",26,2019,70.0,1.0,2.0,3.0,2271859,2.0,2,4,1,5.0,,0.0,0,1999.0,A01,138Â 198Â 287,8.0,-1.0,-1.0,1734046,1.0,7,,0.0,2.0,3.0,B01,138Â 198Â 288,1.0
1015855,201900057386,9,22,19:45,3,1,1,3.0,1.0,26196,laye,M,"44,8683170","4,9213830",26,2019,70.0,1.0,2.0,3.0,2271860,2.0,2,4,2,5.0,,0.0,0,2000.0,B01,138Â 198Â 288,8.0,-1.0,-1.0,1734045,2.0,7,,0.0,2.0,3.0,A01,138Â 198Â 287,1.0
1015855,201900057386,9,22,19:45,3,1,1,3.0,1.0,26196,laye,M,"44,8683170","4,9213830",26,2019,70.0,1.0,2.0,3.0,2271860,2.0,2,4,2,5.0,,0.0,0,2000.0,B01,138Â 198Â 288,8.0,-1.0,-1.0,1734046,1.0,7,,0.0,2.0,3.0,B01,138Â 198Â 288,1.0
1015855,201900057386,9,22,19:45,3,1,1,3.0,1.0,26196,laye,M,"44,8683170","4,9213830",26,2019,70.0,1.0,2.0,3.0,2271861,1.0,1,4,1,5.0,,0.0,0,1997.0,B01,138Â 198Â 288,8.0,-1.0,-1.0,1734045,2.0,7,,0.0,2.0,3.0,A01,138Â 198Â 287,1.0
1015855,201900057386,9,22,19:45,3,1,1,3.0,1.0,26196,laye,M,"44,8683170","4,9213830",26,2019,70.0,1.0,2.0,3.0,2271861,1.0,1,4,1,5.0,,0.0,0,1997.0,B01,138Â 198Â 288,8.0,-1.0,-1.0,1734046,1.0,7,,0.0,2.0,3.0,B01,138Â 198Â 288,1.0
1015856,201900057387,9,20,14:20,1,1,1,1.0,6.0,17019,15 Route de Saint-ClÃ©ment,M,"46,2201510"," -1,5283280",17,2019,80.0,3.0,1.0,3.0,2271862,2.0,2,3,2,3.0,,0.0,0,1940.0,A01,138Â 198Â 286,1.0,-1.0,-1.0,1734047,1.0,7,,2.0,0.0,3.0,A01,138Â 198Â 286,1.0
1015856,201900057387,9,20,14:20,1,1,1,1.0,6.0,17019,15 Route de Saint-ClÃ©ment,M,"46,2201510"," -1,5283280",17,2019,80.0,3.0,1.0,3.0,2271863,1.0,1,3,1,3.0,,0.0,0,1940.0,A01,138Â 198Â 286,1.0,-1.0,-1.0,1734047,1.0,7,,2.0,0.0,3.0,A01,138Â 198Â 286,1.0
1015857,201900057388,1,1,08:00,3,1,1,1.0,6.0,14328,RD 513,M,"49,2151092"," -0,2551800",14,2019,80.0,1.0,1.0,3.0,2271864,1.0,1,1,2,1.0,,0.0,0,1969.0,A01,138Â 198Â 301,1.0,-1.0,-1.0,1734048,1.0,7,,0.0,1.0,2.0,A01,138Â 198Â 301,1.0
1015857,201900057388,1,1,08:00,3,1,1,1.0,6.0,14328,RD 513,M,"49,2151092"," -0,2551800",14,2019,80.0,1.0,1.0,3.0,2271865,10.0,3,3,1,5.0,,1.0,B,1993.0,A01,138Â 198Â 301,0.0,-1.0,-1.0,1734048,1.0,7,,0.0,1.0,2.0,A01,138Â 198Â 301,1.0
1015858,201900057389,10,25,16:30,1,2,1,1.0,2.0,93031,REPUBLIQUE (AVENUE),M,"48,9497120","2,3305080",93,2019,50.0,4.0,1.0,3.0,2271866,1.0,1,1,1,0.0,,-1.0, -1,1957.0,B01,138Â 198Â 303,1.0,0.0,-1.0,1734049,1.0,7,,0.0,0.0,2.0,B01,138Â 198Â 303,0.0
1015858,201900057389,10,25,16:30,1,2,1,1.0,2.0,93031,REPUBLIQUE (AVENUE),M,"48,9497120","2,3305080",93,2019,50.0,4.0,1.0,3.0,2271866,1.0,1,1,1,0.0,,-1.0, -1,1957.0,B01,138Â 198Â 303,1.0,0.0,-1.0,1734050,1.0,7,,0.0,2.0,1.0,A01,138Â 198Â 316,0.0
1015858,201900057389,10,25,16:30,1,2,1,1.0,2.0,93031,REPUBLIQUE (AVENUE),M,"48,9497120","2,3305080",93,2019,50.0,4.0,1.0,3.0,2271867,2.0,2,4,1,0.0,,-1.0, -1,1956.0,A01,138Â 198Â 316,1.0,0.0,-1.0,1734049,1.0,7,,0.0,0.0,2.0,B01,138Â 198Â 303,0.0
1015858,201900057389,10,25,16:30,1,2,1,1.0,2.0,93031,REPUBLIQUE (AVENUE),M,"48,9497120","2,3305080",93,2019,50.0,4.0,1.0,3.0,2271867,2.0,2,4,1,0.0,,-1.0, -1,1956.0,A01,138Â 198Â 316,1.0,0.0,-1.0,1734050,1.0,7,,0.0,2.0,1.0,A01,138Â 198Â 316,0.0
1015858,201900057389,10,25,16:30,1,2,1,1.0,2.0,93031,REPUBLIQUE (AVENUE),M,"48,9497120","2,3305080",93,2019,50.0,4.0,1.0,3.0,2271868,1.0,1,1,1,0.0,,-1.0, -1,1958.0,A01,138Â 198Â 316,1.0,0.0,-1.0,1734049,1.0,7,,0.0,0.0,2.0,B01,138Â 198Â 303,0.0
1015858,201900057389,10,25,16:30,1,2,1,1.0,2.0,93031,REPUBLIQUE (AVENUE),M,"48,9497120","2,3305080",93,2019,50.0,4.0,1.0,3.0,2271868,1.0,1,1,1,0.0,,-1.0, -1,1958.0,A01,138Â 198Â 316,1.0,0.0,-1.0,1734050,1.0,7,,0.0,2.0,1.0,A01,138Â 198Â 316,0.0
1015859,201900057390,7,10,18:30,1,1,1,1.0,2.0,33318,ROCADE A 630,M,"44,7877500"," -0,6360800",33,2019,90.0,1.0,1.0,1.0,2271869,1.0,1,1,2,1.0,,-1.0, -1,1976.0,B01,138Â 198Â 302,1.0,8.0,-1.0,1734051,1.0,7,,0.0,2.0,5.0,B01,138Â 198Â 302,1.0
1015859,201900057390,7,10,18:30,1,1,1,1.0,2.0,33318,ROCADE A 630,M,"44,7877500"," -0,6360800",33,2019,90.0,1.0,1.0,1.0,2271869,1.0,1,1,2,1.0,,-1.0, -1,1976.0,B01,138Â 198Â 302,1.0,8.0,-1.0,1734052,1.0,33,,0.0,2.0,1.0,A01,138Â 198Â 317,1.0
1015859,201900057390,7,10,18:30,1,1,1,1.0,2.0,33318,ROCADE A 630,M,"44,7877500"," -0,6360800",33,2019,90.0,1.0,1.0,1.0,2271870,1.0,1,4,1,5.0,,-1.0, -1,1966.0,A01,138Â 198Â 317,2.0,6.0,-1.0,1734051,1.0,7,,0.0,2.0,5.0,B01,138Â 198Â 302,1.0
1015859,201900057390,7,10,18:30,1,1,1,1.0,2.0,33318,ROCADE A 630,M,"44,7877500"," -0,6360800",33,2019,90.0,1.0,1.0,1.0,2271870,1.0,1,4,1,5.0,,-1.0, -1,1966.0,A01,138Â 198Â 317,2.0,6.0,-1.0,1734052,1.0,33,,0.0,2.0,1.0,A01,138Â 198Â 317,1.0
1015860,201900057391,9,8,13:00,1,2,6,1.0,3.0,85222,Route du Sel,M,"46,7011300"," -1,9338100",85,2019,50.0,1.0,1.0,3.0,2271871,2.0,2,1,1,5.0,,0.0,0,1928.0,A01,138Â 198Â 284,1.0,-1.0,-1.0,1734053,2.0,7,,0.0,2.0,3.0,A01,138Â 198Â 284,1.0
1015860,201900057391,9,8,13:00,1,2,6,1.0,3.0,85222,Route du Sel,M,"46,7011300"," -1,9338100",85,2019,50.0,1.0,1.0,3.0,2271871,2.0,2,1,1,5.0,,0.0,0,1928.0,A01,138Â 198Â 284,1.0,-1.0,-1.0,1734054,2.0,2,,0.0,2.0,1.0,B01,138Â 198Â 285,1.0
1015860,201900057391,9,8,13:00,1,2,6,1.0,3.0,85222,Route du Sel,M,"46,7011300"," -1,9338100",85,2019,50.0,1.0,1.0,3.0,2271872,1.0,1,1,2,5.0,,0.0,0,1963.0,A01,138Â 198Â 284,1.0,-1.0,-1.0,1734053,2.0,7,,0.0,2.0,3.0,A01,138Â 198Â 284,1.0
1015860,201900057391,9,8,13:00,1,2,6,1.0,3.0,85222,Route du Sel,M,"46,7011300"," -1,9338100",85,2019,50.0,1.0,1.0,3.0,2271872,1.0,1,1,2,5.0,,0.0,0,1963.0,A01,138Â 198Â 284,1.0,-1.0,-1.0,1734054,2.0,2,,0.0,2.0,1.0,B01,138Â 198Â 285,1.0
1015860,201900057391,9,8,13:00,1,2,6,1.0,3.0,85222,Route du Sel,M,"46,7011300"," -1,9338100",85,2019,50.0,1.0,1.0,3.0,2271873,1.0,1,3,1,5.0,,0.0,0,2005.0,B01,138Â 198Â 285,2.0,-1.0,-1.0,1734053,2.0,7,,0.0,2.0,3.0,A01,138Â 198Â 284,1.0
1015860,201900057391,9,8,13:00,1,2,6,1.0,3.0,85222,Route du Sel,M,"46,7011300"," -1,9338100",85,2019,50.0,1.0,1.0,3.0,2271873,1.0,1,3,1,5.0,,0.0,0,2005.0,B01,138Â 198Â 285,2.0,-1.0,-1.0,1734054,2.0,2,,0.0,2.0,1.0,B01,138Â 198Â 285,1.0
1015861,201900057392,7,9,09:16,1,1,1,1.0,4.0,59195,AUTOROUTE A25,M,"50,6277100","2,9599300",59,2019,90.0,3.0,1.0,1.0,2271874,1.0,1,1,1,4.0,,-1.0, -1,1974.0,D01,138Â 198Â 275,1.0,0.0,-1.0,1734055,2.0,17,,0.0,2.0,4.0,D01,138Â 198Â 275,1.0
1015861,201900057392,7,9,09:16,1,1,1,1.0,4.0,59195,AUTOROUTE A25,M,"50,6277100","2,9599300",59,2019,90.0,3.0,1.0,1.0,2271874,1.0,1,1,1,4.0,,-1.0, -1,1974.0,D01,138Â 198Â 275,1.0,0.0,-1.0,1734056,2.0,17,,0.0,2.0,4.0,C01,138Â 198Â 276,1.0
1015861,201900057392,7,9,09:16,1,1,1,1.0,4.0,59195,AUTOROUTE A25,M,"50,6277100","2,9599300",59,2019,90.0,3.0,1.0,1.0,2271874,1.0,1,1,1,4.0,,-1.0, -1,1974.0,D01,138Â 198Â 275,1.0,0.0,-1.0,1734057,2.0,7,,0.0,2.0,4.0,B01,138Â 198Â 277,1.0
1015861,201900057392,7,9,09:16,1,1,1,1.0,4.0,59195,AUTOROUTE A25,M,"50,6277100","2,9599300",59,2019,90.0,3.0,1.0,1.0,2271874,1.0,1,1,1,4.0,,-1.0, -1,1974.0,D01,138Â 198Â 275,1.0,0.0,-1.0,1734058,2.0,17,,0.0,2.0,1.0,A01,138Â 198Â 282,1.0
1015861,201900057392,7,9,09:16,1,1,1,1.0,4.0,59195,AUTOROUTE A25,M,"50,6277100","2,9599300",59,2019,90.0,3.0,1.0,1.0,2271875,1.0,1,1,1,4.0,,-1.0, -1,1991.0,C01,138Â 198Â 276,1.0,0.0,-1.0,1734055,2.0,17,,0.0,2.0,4.0,D01,138Â 198Â 275,1.0
1015861,201900057392,7,9,09:16,1,1,1,1.0,4.0,59195,AUTOROUTE A25,M,"50,6277100","2,9599300",59,2019,90.0,3.0,1.0,1.0,2271875,1.0,1,1,1,4.0,,-1.0, -1,1991.0,C01,138Â 198Â 276,1.0,0.0,-1.0,1734056,2.0,17,,0.0,2.0,4.0,C01,138Â 198Â 276,1.0
1015861,201900057392,7,9,09:16,1,1,1,1.0,4.0,59195,AUTOROUTE A25,M,"50,6277100","2,9599300",59,2019,90.0,3.0,1.0,1.0,2271875,1.0,1,1,1,4.0,,-1.0, -1,1991.0,C01,138Â 198Â 276,1.0,0.0,-1.0,1734057,2.0,7,,0.0,2.0,4.0,B01,138Â 198Â 277,1.0
1015861,201900057392,7,9,09:16,1,1,1,1.0,4.0,59195,AUTOROUTE A25,M,"50,6277100","2,9599300",59,2019,90.0,3.0,1.0,1.0,2271875,1.0,1,1,1,4.0,,-1.0, -1,1991.0,C01,138Â 198Â 276,1.0,0.0,-1.0,1734058,2.0,17,,0.0,2.0,1.0,A01,138Â 198Â 282,1.0
1015861,201900057392,7,9,09:16,1,1,1,1.0,4.0,59195,AUTOROUTE A25,M,"50,6277100","2,9599300",59,2019,90.0,3.0,1.0,1.0,2271876,1.0,1,2,1,0.0,,-1.0, -1,1957.0,B01,138Â 198Â 277,1.0,0.0,-1.0,1734055,2.0,17,,0.0,2.0,4.0,D01,138Â 198Â 275,1.0
1015861,201900057392,7,9,09:16,1,1,1,1.0,4.0,59195,AUTOROUTE A25,M,"50,6277100","2,9599300",59,2019,90.0,3.0,1.0,1.0,2271876,1.0,1,2,1,0.0,,-1.0, -1,1957.0,B01,138Â 198Â 277,1.0,0.0,-1.0,1734056,2.0,17,,0.0,2.0,4.0,C01,138Â 198Â 276,1.0
1015861,201900057392,7,9,09:16,1,1,1,1.0,4.0,59195,AUTOROUTE A25,M,"50,6277100","2,9599300",59,2019,90.0,3.0,1.0,1.0,2271876,1.0,1,2,1,0.0,,-1.0, -1,1957.0,B01,138Â 198Â 277,1.0,0.0,-1.0,1734057,2.0,7,,0.0,2.0,4.0,B01,138Â 198Â 277,1.0
1015861,201900057392,7,9,09:16,1,1,1,1.0,4.0,59195,AUTOROUTE A25,M,"50,6277100","2,9599300",59,2019,90.0,3.0,1.0,1.0,2271876,1.0,1,2,1,0.0,,-1.0, -1,1957.0,B01,138Â 198Â 277,1.0,0.0,-1.0,1734058,2.0,17,,0.0,2.0,1.0,A01,138Â 198Â 282,1.0
1015861,201900057392,7,9,09:16,1,1,1,1.0,4.0,59195,AUTOROUTE A25,M,"50,6277100","2,9599300",59,2019,90.0,3.0,1.0,1.0,2271877,1.0,1,3,1,4.0,,-1.0, -1,1989.0,A01,138Â 198Â 282,1.0,0.0,-1.0,1734055,2.0,17,,0.0,2.0,4.0,D01,138Â 198Â 275,1.0