Unnamed: 0_x,num_acc,mois,jour,hrmn,lum,agg,int,atm,col,com,adr,gps,lat,long,dep,annee,vma,situ,surf,catr,Unnamed: 0_y,place,catu,grav,sexe,trajet,secu,locp,actp,an_nais,num_veh_x,id_vehicule_x,secu1,secu2,secu3,Unnamed: 0,senc,catv,occutc,obs,obsm,choc,num_veh_y,id_vehicule_y,motor
1015861,201900057392,7,9,09:16,1,1,1,1.0,4.0,59195,AUTOROUTE A25,M,"50,6277100","2,9599300",59,2019,90.0,3.0,1.0,1.0,2271877,1.0,1,3,1,4.0,,-1.0, -1,1989.0,A01,138Â 198Â 282,1.0,0.0,-1.0,1734056,2.0,17,,0.0,2.0,4.0,C01,138Â 198Â 276,1.0
1015861,201900057392,7,9,09:16,1,1,1,1.0,4.0,59195,AUTOROUTE A25,M,"50,6277100","2,9599300",59,2019,90.0,3.0,1.0,1.0,2271877,1.0,1,3,1,4.0,,-1.0, -1,1989.0,A01,138Â 198Â 282,1.0,0.0,-1.0,1734057,2.0,7,,0.0,2.0,4.0,B01,138Â 198Â 277,1.0
1015861,201900057392,7,9,09:16,1,1,1,1.0,4.0,59195,AUTOROUTE A25,M,"50,6277100","2,9599300",59,2019,90.0,3.0,1.0,1.0,2271877,1.0,1,3,1,4.0,,-1.0, -1,1989.0,A01,138Â 198Â 282,1.0,0.0,-1.0,1734058,2.0,17,,0.0,2.0,1.0,A01,138Â 198Â 282,1.0
1015862,201900057393,9,22,18:45,1,1,2,1.0,3.0,76566,Route de ClÃ¨res,M,"49,5905180","0,9922750",76,2019,80.0,1.0,1.0,3.0,2271878,7.0,2,1,1,5.0,,0.0,0,2015.0,B01,138Â 198Â 272,3.0,-1.0,-1.0,1734059,3.0,7,,0.0,2.0,3.0,B01,138Â 198Â 272,1.0
1015862,201900057393,9,22,18:45,1,1,2,1.0,3.0,76566,Route de ClÃ¨res,M,"49,5905180","0,9922750",76,2019,80.0,1.0,1.0,3.0,2271878,7.0,2,1,1,5.0,,0.0,0,2015.0,B01,138Â 198Â 272,3.0,-1.0,-1.0,1734060,3.0,33,,0.0,2.0,1.0,A01,138Â 198Â 274,1.0
1015862,201900057393,9,22,18:45,1,1,2,1.0,3.0,76566,Route de ClÃ¨res,M,"49,5905180","0,9922750",76,2019,80.0,1.0,1.0,3.0,2271879,1.0,1,1,1,5.0,,0.0,0,1984.0,B01,138Â 198Â 272,1.0,-1.0,-1.0,1734059,3.0,7,,0.0,2.0,3.0,B01,138Â 198Â 272,1.0
1015862,201900057393,9,22,18:45,1,1,2,1.0,3.0,76566,Route de ClÃ¨res,M,"49,5905180","0,9922750",76,2019,80.0,1.0,1.0,3.0,2271879,1.0,1,1,1,5.0,,0.0,0,1984.0,B01,138Â 198Â 272,1.0,-1.0,-1.0,1734060,3.0,33,,0.0,2.0,1.0,A01,138Â 198Â 274,1.0
1015862,201900057393,9,22,18:45,1,1,2,1.0,3.0,76566,Route de ClÃ¨res,M,"49,5905180","0,9922750",76,2019,80.0,1.0,1.0,3.0,2271880,1.0,1,3,1,5.0,,0.0,0,1995.0,A01,138Â 198Â 274,2.0,-1.0,-1.0,1734059,3.0,7,,0.0,2.0,3.0,B01,138Â 198Â 272,1.0
1015862,201900057393,9,22,18:45,1,1,2,1.0,3.0,76566,Route de ClÃ¨res,M,"49,5905180","0,9922750",76,2019,80.0,1.0,1.0,3.0,2271880,1.0,1,3,1,5.0,,0.0,0,1995.0,A01,138Â 198Â 274,2.0,-1.0,-1.0,1734060,3.0,33,,0.0,2.0,1.0,A01,138Â 198Â 274,1.0
1015863,201900057394,7,4,17:00,1,1,1,1.0,2.0,59586,AUTOROUTE A23,M,"50,5333200","3,1990200",59,2019,130.0,3.0,1.0,1.0,2271881,1.0,1,3,1,0.0,,-1.0, -1,1948.0,A01,138Â 198Â 271,1.0,0.0,-1.0,1734061,2.0,7,,0.0,2.0,4.0,A01,138Â 198Â 271,1.0
1015863,201900057394,7,4,17:00,1,1,1,1.0,2.0,59586,AUTOROUTE A23,M,"50,5333200","3,1990200",59,2019,130.0,3.0,1.0,1.0,2271881,1.0,1,3,1,0.0,,-1.0, -1,1948.0,A01,138Â 198Â 271,1.0,0.0,-1.0,1734062,2.0,7,,0.0,2.0,1.0,B01,138Â 198Â 273,1.0
1015863,201900057394,7,4,17:00,1,1,1,1.0,2.0,59586,AUTOROUTE A23,M,"50,5333200","3,1990200",59,2019,130.0,3.0,1.0,1.0,2271882,1.0,1,1,1,0.0,,-1.0, -1,1990.0,B01,138Â 198Â 273,1.0,0.0,-1.0,1734061,2.0,7,,0.0,2.0,4.0,A01,138Â 198Â 271,1.0
1015863,201900057394,7,4,17:00,1,1,1,1.0,2.0,59586,AUTOROUTE A23,M,"50,5333200","3,1990200",59,2019,130.0,3.0,1.0,1.0,2271882,1.0,1,1,1,0.0,,-1.0, -1,1990.0,B01,138Â 198Â 273,1.0,0.0,-1.0,1734062,2.0,7,,0.0,2.0,1.0,B01,138Â 198Â 273,1.0
1015864,201900057395,9,22,09:20,1,2,1,1.0,6.0,60141,Rue d'Aumale,M,"49,1933600","2,4677240",60,2019,50.0,1.0,1.0,4.0,2271883,2.0,2,1,2,0.0,,0.0,0,1970.0,A01,138Â 198Â 269,1.0,-1.0,-1.0,1734063,3.0,7,,0.0,1.0,4.0,A01,138Â 198Â 269,1.0
1015864,201900057395,9,22,09:20,1,2,1,1.0,6.0,60141,Rue d'Aumale,M,"49,1933600","2,4677240",60,2019,50.0,1.0,1.0,4.0,2271884,10.0,3,3,2,0.0,,3.0,3,1937.0,A01,138Â 198Â 269,0.0,-1.0,-1.0,1734063,3.0,7,,0.0,1.0,4.0,A01,138Â 198Â 269,1.0
1015864,201900057395,9,22,09:20,1,2,1,1.0,6.0,60141,Rue d'Aumale,M,"49,1933600","2,4677240",60,2019,50.0,1.0,1.0,4.0,2271885,1.0,1,1,1,5.0,,0.0,0,1972.0,A01,138Â 198Â 269,1.0,-1.0,-1.0,1734063,3.0,7,,0.0,1.0,4.0,A01,138Â 198Â 269,1.0
1015865,201900057396,7,10,02:37,3,1,1,1.0,2.0,91689,AUTOROUTE A6A,M,"48,7382310","2,3180820",91,2019,110.0,3.0,1.0,1.0,2271886,1.0,1,1,1,5.0,,0.0,0,1993.0,B01,138Â 198Â 268,1.0,0.0,-1.0,1734064,2.0,10,,0.0,2.0,2.0,B01,138Â 198Â 268,1.0
1015865,201900057396,7,10,02:37,3,1,1,1.0,2.0,91689,AUTOROUTE A6A,M,"48,7382310","2,3180820",91,2019,110.0,3.0,1.0,1.0,2271886,1.0,1,1,1,5.0,,0.0,0,1993.0,B01,138Â 198Â 268,1.0,0.0,-1.0,1734065,2.0,10,,0.0,2.0,6.0,A01,138Â 198Â 270,1.0
1015865,201900057396,7,10,02:37,3,1,1,1.0,2.0,91689,AUTOROUTE A6A,M,"48,7382310","2,3180820",91,2019,110.0,3.0,1.0,1.0,2271887,1.0,1,4,1,5.0,,0.0,0,1961.0,A01,138Â 198Â 270,1.0,0.0,-1.0,1734064,2.0,10,,0.0,2.0,2.0,B01,138Â 198Â 268,1.0
1015865,201900057396,7,10,02:37,3,1,1,1.0,2.0,91689,AUTOROUTE A6A,M,"48,7382310","2,3180820",91,2019,110.0,3.0,1.0,1.0,2271887,1.0,1,4,1,5.0,,0.0,0,1961.0,A01,138Â 198Â 270,1.0,0.0,-1.0,1734065,2.0,10,,0.0,2.0,6.0,A01,138Â 198Â 270,1.0
1015865,201900057396,7,10,02:37,3,1,1,1.0,2.0,91689,AUTOROUTE A6A,M,"48,7382310","2,3180820",91,2019,110.0,3.0,1.0,1.0,2271888,2.0,2,4,2,5.0,,0.0,0,1954.0,A01,138Â 198Â 270,1.0,0.0,-1.0,1734064,2.0,10,,0.0,2.0,2.0,B01,138Â 198Â 268,1.0
1015865,201900057396,7,10,02:37,3,1,1,1.0,2.0,91689,AUTOROUTE A6A,M,"48,7382310","2,3180820",91,2019,110.0,3.0,1.0,1.0,2271888,2.0,2,4,2,5.0,,0.0,0,1954.0,A01,138Â 198Â 270,1.0,0.0,-1.0,1734065,2.0,10,,0.0,2.0,6.0,A01,138Â 198Â 270,1.0
1015866,201900057397,7,9,19:40,1,1,1,1.0,2.0,94034,AUTOROUTE A86,M,"48,7556102","2,3403996",94,2019,90.0,1.0,1.0,1.0,2271889,1.0,1,1,1,0.0,,0.0,0,1941.0,B01,138Â 198Â 265,1.0,0.0,-1.0,1734066,2.0,7,,0.0,2.0,4.0,B01,138Â 198Â 265,1.0
1015866,201900057397,7,9,19:40,1,1,1,1.0,2.0,94034,AUTOROUTE A86,M,"48,7556102","2,3403996",94,2019,90.0,1.0,1.0,1.0,2271889,1.0,1,1,1,0.0,,0.0,0,1941.0,B01,138Â 198Â 265,1.0,0.0,-1.0,1734067,2.0,33,,0.0,2.0,1.0,A01,138Â 198Â 266,0.0
1015866,201900057397,7,9,19:40,1,1,1,1.0,2.0,94034,AUTOROUTE A86,M,"48,7556102","2,3403996",94,2019,90.0,1.0,1.0,1.0,2271890,1.0,1,4,1,0.0,,0.0,0,1962.0,A01,138Â 198Â 266,2.0,6.0,-1.0,1734066,2.0,7,,0.0,2.0,4.0,B01,138Â 198Â 265,1.0
1015866,201900057397,7,9,19:40,1,1,1,1.0,2.0,94034,AUTOROUTE A86,M,"48,7556102","2,3403996",94,2019,90.0,1.0,1.0,1.0,2271890,1.0,1,4,1,0.0,,0.0,0,1962.0,A01,138Â 198Â 266,2.0,6.0,-1.0,1734067,2.0,33,,0.0,2.0,1.0,A01,138Â 198Â 266,0.0
1015867,201900057398,9,22,19:30,2,1,1,1.0,2.0,59323,RD 649 PK 73.500,M,"50,3057570","3,6309546",59,2019,110.0,1.0,1.0,3.0,2271891,2.0,2,3,2,5.0,,0.0,0,2005.0,B01,138Â 198Â 264,1.0,-1.0,-1.0,1734068,2.0,7,,0.0,0.0,4.0,B01,138Â 198Â 264,1.0
1015867,201900057398,9,22,19:30,2,1,1,1.0,2.0,59323,RD 649 PK 73.500,M,"50,3057570","3,6309546",59,2019,110.0,1.0,1.0,3.0,2271891,2.0,2,3,2,5.0,,0.0,0,2005.0,B01,138Â 198Â 264,1.0,-1.0,-1.0,1734069,2.0,7,,0.0,2.0,1.0,A01,138Â 198Â 267,1.0
1015867,201900057398,9,22,19:30,2,1,1,1.0,2.0,59323,RD 649 PK 73.500,M,"50,3057570","3,6309546",59,2019,110.0,1.0,1.0,3.0,2271892,1.0,1,3,1,5.0,,0.0,0,1964.0,B01,138Â 198Â 264,1.0,-1.0,-1.0,1734068,2.0,7,,0.0,0.0,4.0,B01,138Â 198Â 264,1.0
1015867,201900057398,9,22,19:30,2,1,1,1.0,2.0,59323,RD 649 PK 73.500,M,"50,3057570","3,6309546",59,2019,110.0,1.0,1.0,3.0,2271892,1.0,1,3,1,5.0,,0.0,0,1964.0,B01,138Â 198Â 264,1.0,-1.0,-1.0,1734069,2.0,7,,0.0,2.0,1.0,A01,138Â 198Â 267,1.0
1015867,201900057398,9,22,19:30,2,1,1,1.0,2.0,59323,RD 649 PK 73.500,M,"50,3057570","3,6309546",59,2019,110.0,1.0,1.0,3.0,2271893,7.0,2,2,2,5.0,,0.0,0,2007.0,B01,138Â 198Â 264,1.0,-1.0,-1.0,1734068,2.0,7,,0.0,0.0,4.0,B01,138Â 198Â 264,1.0
1015867,201900057398,9,22,19:30,2,1,1,1.0,2.0,59323,RD 649 PK 73.500,M,"50,3057570","3,6309546",59,2019,110.0,1.0,1.0,3.0,2271893,7.0,2,2,2,5.0,,0.0,0,2007.0,B01,138Â 198Â 264,1.0,-1.0,-1.0,1734069,2.0,7,,0.0,2.0,1.0,A01,138Â 198Â 267,1.0
1015867,201900057398,9,22,19:30,2,1,1,1.0,2.0,59323,RD 649 PK 73.500,M,"50,3057570","3,6309546",59,2019,110.0,1.0,1.0,3.0,2271894,1.0,1,1,1,5.0,,0.0,0,1998.0,A01,138Â 198Â 267,1.0,-1.0,-1.0,1734068,2.0,7,,0.0,0.0,4.0,B01,138Â 198Â 264,1.0
1015867,201900057398,9,22,19:30,2,1,1,1.0,2.0,59323,RD 649 PK 73.500,M,"50,3057570","3,6309546",59,2019,110.0,1.0,1.0,3.0,2271894,1.0,1,1,1,5.0,,0.0,0,1998.0,A01,138Â 198Â 267,1.0,-1.0,-1.0,1734069,2.0,7,,0.0,2.0,1.0,A01,138Â 198Â 267,1.0
1015868,201900057399,9,23,09:30,1,2,1,1.0,7.0,59416,3 Avenue des Flandres,M,"50,6935060","2,5172970",59,2019,50.0,1.0,1.0,3.0,2271895,1.0,1,2,1,0.0,,0.0,0,1956.0,A01,138Â 198Â 262,1.0,-1.0,-1.0,1734070,1.0,7,,1.0,0.0,1.0,A01,138Â 198Â 262,0.0
1015869,201900057400,4,18,17:10,1,2,3,1.0,3.0,84003,Avenue Philippe de Girard,M,"43,8764690","5,3924340",84,2019,50.0,1.0,1.0,3.0,2271896,1.0,1,1,1,1.0,,0.0,0,1973.0,B01,138Â 198Â 278,1.0,-1.0,-1.0,1734071,1.0,7,,0.0,2.0,3.0,B01,138Â 198Â 278,1.0
1015869,201900057400,4,18,17:10,1,2,3,1.0,3.0,84003,Avenue Philippe de Girard,M,"43,8764690","5,3924340",84,2019,50.0,1.0,1.0,3.0,2271896,1.0,1,1,1,1.0,,0.0,0,1973.0,B01,138Â 198Â 278,1.0,-1.0,-1.0,1734072,2.0,1,,0.0,2.0,1.0,A01,138Â 198Â 304,5.0
1015869,201900057400,4,18,17:10,1,2,3,1.0,3.0,84003,Avenue Philippe de Girard,M,"43,8764690","5,3924340",84,2019,50.0,1.0,1.0,3.0,2271897,1.0,1,4,1,5.0,,0.0,0,1979.0,A01,138Â 198Â 304,2.0,-1.0,-1.0,1734071,1.0,7,,0.0,2.0,3.0,B01,138Â 198Â 278,1.0
1015869,201900057400,4,18,17:10,1,2,3,1.0,3.0,84003,Avenue Philippe de Girard,M,"43,8764690","5,3924340",84,2019,50.0,1.0,1.0,3.0,2271897,1.0,1,4,1,5.0,,0.0,0,1979.0,A01,138Â 198Â 304,2.0,-1.0,-1.0,1734072,2.0,1,,0.0,2.0,1.0,A01,138Â 198Â 304,5.0
1015870,201900057401,1,1,04:40,3,1,1,1.0,1.0,29022,34 Route de Crozon,M,"48,2661840"," -4,5765390",29,2019,80.0,1.0,1.0,3.0,2271898,1.0,1,4,2,5.0,,0.0,0,1987.0,A01,138Â 198Â 279,1.0,-1.0,-1.0,1734073,2.0,7,,0.0,2.0,3.0,A01,138Â 198Â 279,1.0
1015870,201900057401,1,1,04:40,3,1,1,1.0,1.0,29022,34 Route de Crozon,M,"48,2661840"," -4,5765390",29,2019,80.0,1.0,1.0,3.0,2271898,1.0,1,4,2,5.0,,0.0,0,1987.0,A01,138Â 198Â 279,1.0,-1.0,-1.0,1734074,1.0,7,,0.0,2.0,3.0,B01,138Â 198Â 283,1.0
1015870,201900057401,1,1,04:40,3,1,1,1.0,1.0,29022,34 Route de Crozon,M,"48,2661840"," -4,5765390",29,2019,80.0,1.0,1.0,3.0,2271899,1.0,1,4,2,5.0,,0.0,0,1959.0,B01,138Â 198Â 283,1.0,-1.0,-1.0,1734073,2.0,7,,0.0,2.0,3.0,A01,138Â 198Â 279,1.0
1015870,201900057401,1,1,04:40,3,1,1,1.0,1.0,29022,34 Route de Crozon,M,"48,2661840"," -4,5765390",29,2019,80.0,1.0,1.0,3.0,2271899,1.0,1,4,2,5.0,,0.0,0,1959.0,B01,138Â 198Â 283,1.0,-1.0,-1.0,1734074,1.0,7,,0.0,2.0,3.0,B01,138Â 198Â 283,1.0
1015870,201900057401,1,1,04:40,3,1,1,1.0,1.0,29022,34 Route de Crozon,M,"48,2661840"," -4,5765390",29,2019,80.0,1.0,1.0,3.0,2271900,2.0,2,4,1,5.0,,0.0,0,1959.0,B01,138Â 198Â 283,1.0,-1.0,-1.0,1734073,2.0,7,,0.0,2.0,3.0,A01,138Â 198Â 279,1.0
1015870,201900057401,1,1,04:40,3,1,1,1.0,1.0,29022,34 Route de Crozon,M,"48,2661840"," -4,5765390",29,2019,80.0,1.0,1.0,3.0,2271900,2.0,2,4,1,5.0,,0.0,0,1959.0,B01,138Â 198Â 283,1.0,-1.0,-1.0,1734074,1.0,7,,0.0,2.0,3.0,B01,138Â 198Â 283,1.0
1015870,201900057401,1,1,04:40,3,1,1,1.0,1.0,29022,34 Route de Crozon,M,"48,2661840"," -4,5765390",29,2019,80.0,1.0,1.0,3.0,2271901,7.0,2,4,2,5.0,,0.0,0,1954.0,B01,138Â 198Â 283,1.0,-1.0,-1.0,1734073,2.0,7,,0.0,2.0,3.0,A01,138Â 198Â 279,1.0
1015870,201900057401,1,1,04:40,3,1,1,1.0,1.0,29022,34 Route de Crozon,M,"48,2661840"," -4,5765390",29,2019,80.0,1.0,1.0,3.0,2271901,7.0,2,4,2,5.0,,0.0,0,1954.0,B01,138Â 198Â 283,1.0,-1.0,-1.0,1734074,1.0,7,,0.0,2.0,3.0,B01,138Â 198Â 283,1.0
1015870,201900057401,1,1,04:40,3,1,1,1.0,1.0,29022,34 Route de Crozon,M,"48,2661840"," -4,5765390",29,2019,80.0,1.0,1.0,3.0,2271902,8.0,2,1,1,5.0,,0.0,0,1955.0,B01,138Â 198Â 283,1.0,-1.0,-1.0,1734073,2.0,7,,0.0,2.0,3.0,A01,138Â 198Â 279,1.0
1015870,201900057401,1,1,04:40,3,1,1,1.0,1.0,29022,34 Route de Crozon,M,"48,2661840"," -4,5765390",29,2019,80.0,1.0,1.0,3.0,2271902,8.0,2,1,1,5.0,,0.0,0,1955.0,B01,138Â 198Â 283,1.0,-1.0,-1.0,1734074,1.0,7,,0.0,2.0,3.0,B01,138Â 198Â 283,1.0
1015870,201900057401,1,1,04:40,3,1,1,1.0,1.0,29022,34 Route de Crozon,M,"48,2661840"," -4,5765390",29,2019,80.0,1.0,1.0,3.0,2271903,9.0,2,4,2,5.0,,0.0,0,1953.0,B01,138Â 198Â 283,1.0,-1.0,-1.0,1734073,2.0,7,,0.0,2.0,3.0,A01,138Â 198Â 279,1.0
1015870,201900057401,1,1,04:40,3,1,1,1.0,1.0,29022,34 Route de Crozon,M,"48,2661840"," -4,5765390",29,2019,80.0,1.0,1.0,3.0,2271903,9.0,2,4,2,5.0,,0.0,0,1953.0,B01,138Â 198Â 283,1.0,-1.0,-1.0,1734074,1.0,7,,0.0,2.0,3.0,B01,138Â 198Â 283,1.0
1015871,201900057402,5,12,14:05,1,1,1,6.0,1.0,84016,RD 907,M,"44,0399500","4,8978750",84,2019,80.0,1.0,1.0,3.0,2271904,1.0,1,4,1,1.0,,0.0,0,1985.0,B01,138Â 198Â 256,8.0,-1.0,-1.0,1734075,0.0,10,,0.0,2.0,1.0,B01,138Â 198Â 256,6.0
1015871,201900057402,5,12,14:05,1,1,1,6.0,1.0,84016,RD 907,M,"44,0399500","4,8978750",84,2019,80.0,1.0,1.0,3.0,2271904,1.0,1,4,1,1.0,,0.0,0,1985.0,B01,138Â 198Â 256,8.0,-1.0,-1.0,1734076,3.0,7,,0.0,2.0,1.0,A01,138Â 198Â 258,6.0
1015871,201900057402,5,12,14:05,1,1,1,6.0,1.0,84016,RD 907,M,"44,0399500","4,8978750",84,2019,80.0,1.0,1.0,3.0,2271905,2.0,2,4,2,5.0,,0.0,0,1979.0,A01,138Â 198Â 258,1.0,-1.0,-1.0,1734075,0.0,10,,0.0,2.0,1.0,B01,138Â 198Â 256,6.0
1015871,201900057402,5,12,14:05,1,1,1,6.0,1.0,84016,RD 907,M,"44,0399500","4,8978750",84,2019,80.0,1.0,1.0,3.0,2271905,2.0,2,4,2,5.0,,0.0,0,1979.0,A01,138Â 198Â 258,1.0,-1.0,-1.0,1734076,3.0,7,,0.0,2.0,1.0,A01,138Â 198Â 258,6.0
1015871,201900057402,5,12,14:05,1,1,1,6.0,1.0,84016,RD 907,M,"44,0399500","4,8978750",84,2019,80.0,1.0,1.0,3.0,2271906,7.0,2,4,1,5.0,,0.0,0,2007.0,A01,138Â 198Â 258,1.0,-1.0,-1.0,1734075,0.0,10,,0.0,2.0,1.0,B01,138Â 198Â 256,6.0
1015871,201900057402,5,12,14:05,1,1,1,6.0,1.0,84016,RD 907,M,"44,0399500","4,8978750",84,2019,80.0,1.0,1.0,3.0,2271906,7.0,2,4,1,5.0,,0.0,0,2007.0,A01,138Â 198Â 258,1.0,-1.0,-1.0,1734076,3.0,7,,0.0,2.0,1.0,A01,138Â 198Â 258,6.0
1015871,201900057402,5,12,14:05,1,1,1,6.0,1.0,84016,RD 907,M,"44,0399500","4,8978750",84,2019,80.0,1.0,1.0,3.0,2271907,1.0,1,2,1,5.0,,0.0,0,1978.0,A01,138Â 198Â 258,1.0,-1.0,-1.0,1734075,0.0,10,,0.0,2.0,1.0,B01,138Â 198Â 256,6.0
1015871,201900057402,5,12,14:05,1,1,1,6.0,1.0,84016,RD 907,M,"44,0399500","4,8978750",84,2019,80.0,1.0,1.0,3.0,2271907,1.0,1,2,1,5.0,,0.0,0,1978.0,A01,138Â 198Â 258,1.0,-1.0,-1.0,1734076,3.0,7,,0.0,2.0,1.0,A01,138Â 198Â 258,6.0
1015871,201900057402,5,12,14:05,1,1,1,6.0,1.0,84016,RD 907,M,"44,0399500","4,8978750",84,2019,80.0,1.0,1.0,3.0,2271908,9.0,2,4,1,5.0,,0.0,0,2011.0,A01,138Â 198Â 258,1.0,-1.0,-1.0,1734075,0.0,10,,0.0,2.0,1.0,B01,138Â 198Â 256,6.0
1015871,201900057402,5,12,14:05,1,1,1,6.0,1.0,84016,RD 907,M,"44,0399500","4,8978750",84,2019,80.0,1.0,1.0,3.0,2271908,9.0,2,4,1,5.0,,0.0,0,2011.0,A01,138Â 198Â 258,1.0,-1.0,-1.0,1734076,3.0,7,,0.0,2.0,1.0,A01,138Â 198Â 258,6.0
1015872,201900057403,1,4,19:10,5,2,1,1.0,3.0,35257,06 bd du MarÃ©chÃ©al LECLERC,M,"48,4099232"," -1,3663870",35,2019,50.0,1.0,1.0,3.0,2271909,1.0,1,4,1,5.0,,0.0,0,2002.0,B01,138Â 198Â 255,2.0,6.0,-1.0,1734077,2.0,2,,0.0,2.0,1.0,B01,138Â 198Â 255,1.0
1015872,201900057403,1,4,19:10,5,2,1,1.0,3.0,35257,06 bd du MarÃ©chÃ©al LECLERC,M,"48,4099232"," -1,3663870",35,2019,50.0,1.0,1.0,3.0,2271909,1.0,1,4,1,5.0,,0.0,0,2002.0,B01,138Â 198Â 255,2.0,6.0,-1.0,1734078,0.0,7,,0.0,2.0,3.0,A01,138Â 198Â 257,1.0
1015872,201900057403,1,4,19:10,5,2,1,1.0,3.0,35257,06 bd du MarÃ©chÃ©al LECLERC,M,"48,4099232"," -1,3663870",35,2019,50.0,1.0,1.0,3.0,2271910,1.0,1,1,2,5.0,,0.0,0,1948.0,A01,138Â 198Â 257,1.0,-1.0,-1.0,1734077,2.0,2,,0.0,2.0,1.0,B01,138Â 198Â 255,1.0
1015872,201900057403,1,4,19:10,5,2,1,1.0,3.0,35257,06 bd du MarÃ©chÃ©al LECLERC,M,"48,4099232"," -1,3663870",35,2019,50.0,1.0,1.0,3.0,2271910,1.0,1,1,2,5.0,,0.0,0,1948.0,A01,138Â 198Â 257,1.0,-1.0,-1.0,1734078,0.0,7,,0.0,2.0,3.0,A01,138Â 198Â 257,1.0
1015873,201900057404,7,9,07:10,1,1,1,1.0,2.0,91340,AUTOROUTE A6,M,"48,5973800","2,4416300",91,2019,130.0,3.0,1.0,1.0,2271911,2.0,2,4,2,5.0,,0.0,0,1956.0,B01,138Â 198Â 261,1.0,8.0,-1.0,1734079,2.0,10,,0.0,2.0,2.0,B01,138Â 198Â 261,1.0
1015873,201900057404,7,9,07:10,1,1,1,1.0,2.0,91340,AUTOROUTE A6,M,"48,5973800","2,4416300",91,2019,130.0,3.0,1.0,1.0,2271911,2.0,2,4,2,5.0,,0.0,0,1956.0,B01,138Â 198Â 261,1.0,8.0,-1.0,1734080,2.0,10,,3.0,2.0,4.0,A01,138Â 198Â 263,1.0
1015873,201900057404,7,9,07:10,1,1,1,1.0,2.0,91340,AUTOROUTE A6,M,"48,5973800","2,4416300",91,2019,130.0,3.0,1.0,1.0,2271912,1.0,1,1,1,5.0,,0.0,0,1956.0,B01,138Â 198Â 261,1.0,8.0,-1.0,1734079,2.0,10,,0.0,2.0,2.0,B01,138Â 198Â 261,1.0
1015873,201900057404,7,9,07:10,1,1,1,1.0,2.0,91340,AUTOROUTE A6,M,"48,5973800","2,4416300",91,2019,130.0,3.0,1.0,1.0,2271912,1.0,1,1,1,5.0,,0.0,0,1956.0,B01,138Â 198Â 261,1.0,8.0,-1.0,1734080,2.0,10,,3.0,2.0,4.0,A01,138Â 198Â 263,1.0
1015873,201900057404,7,9,07:10,1,1,1,1.0,2.0,91340,AUTOROUTE A6,M,"48,5973800","2,4416300",91,2019,130.0,3.0,1.0,1.0,2271913,1.0,1,4,1,1.0,,0.0,0,1965.0,A01,138Â 198Â 263,1.0,8.0,-1.0,1734079,2.0,10,,0.0,2.0,2.0,B01,138Â 198Â 261,1.0
1015873,201900057404,7,9,07:10,1,1,1,1.0,2.0,91340,AUTOROUTE A6,M,"48,5973800","2,4416300",91,2019,130.0,3.0,1.0,1.0,2271913,1.0,1,4,1,1.0,,0.0,0,1965.0,A01,138Â 198Â 263,1.0,8.0,-1.0,1734080,2.0,10,,3.0,2.0,4.0,A01,138Â 198Â 263,1.0
1015874,201900057405,10,24,23:32,5,2,3,1.0,2.0,93010,SAKHAROV (RUE ANDREI),M,"48,9177000","2,4851000",93,2019,50.0,1.0,1.0,3.0,2271914,1.0,1,4,2,0.0,,-1.0, -1,1974.0,A01,138Â 198Â 281,1.0,0.0,-1.0,1734081,3.0,7,,0.0,2.0,1.0,B01,138Â 198Â 280,1.0
1015874,201900057405,10,24,23:32,5,2,3,1.0,2.0,93010,SAKHAROV (RUE ANDREI),M,"48,9177000","2,4851000",93,2019,50.0,1.0,1.0,3.0,2271914,1.0,1,4,2,0.0,,-1.0, -1,1974.0,A01,138Â 198Â 281,1.0,0.0,-1.0,1734082,3.0,7,,0.0,2.0,6.0,A01,138Â 198Â 281,1.0
1015875,201900057406,5,18,07:20,2,2,1,1.0,7.0,84132,intersection Lotissement Le Bastidon // Route des vignÃ¨res,M,"43,9284120","4,9938130",84,2019,50.0,8.0,1.0,4.0,2271915,1.0,1,3,1,0.0,,0.0,0,1990.0,A01,138Â 198Â 252,0.0,-1.0,-1.0,1734083,0.0,7,,6.0,0.0,1.0,A01,138Â 198Â 252,0.0
1015876,201900057407,1,1,01:11,3,1,1,1.0,6.0,27188,D321,M,"49,3032960","1,1019110",27,2019,80.0,1.0,2.0,3.0,2271916,2.0,2,1,1,0.0,,0.0,0,1994.0,A01,138Â 198Â 253,1.0,5.0,-1.0,1734084,3.0,7,,15.0,0.0,1.0,A01,138Â 198Â 253,0.0
1015876,201900057407,1,1,01:11,3,1,1,1.0,6.0,27188,D321,M,"49,3032960","1,1019110",27,2019,80.0,1.0,2.0,3.0,2271917,1.0,1,3,1,0.0,,0.0,0,1993.0,A01,138Â 198Â 253,1.0,5.0,-1.0,1734084,3.0,7,,15.0,0.0,1.0,A01,138Â 198Â 253,0.0
1015877,201900057408,7,9,05:44,2,1,1,1.0,7.0,91377,AUTOROUTE A10,M,"48,7211200","2,2947500",91,2019,110.0,3.0,1.0,1.0,2271918,1.0,1,1,1,5.0,,0.0,0,1950.0,A01,138Â 198Â 254,1.0,4.0,-1.0,1734085,1.0,99,,0.0,0.0,6.0,A01,138Â 198Â 254,1.0
1015877,201900057408,7,9,05:44,2,1,1,1.0,7.0,91377,AUTOROUTE A10,M,"48,7211200","2,2947500",91,2019,110.0,3.0,1.0,1.0,2271919,2.0,2,4,2,5.0,,0.0,0,1948.0,A01,138Â 198Â 254,1.0,4.0,-1.0,1734085,1.0,99,,0.0,0.0,6.0,A01,138Â 198Â 254,1.0