Unnamed: 0_x,num_acc,mois,jour,hrmn,lum,agg,int,atm,col,com,adr,gps,lat,long,dep,annee,vma,situ,surf,catr,Unnamed: 0_y,place,catu,grav,sexe,trajet,secu,locp,actp,an_nais,num_veh_x,id_vehicule_x,secu1,secu2,secu3,Unnamed: 0,senc,catv,occutc,obs,obsm,choc,num_veh_y,id_vehicule_y,motor
1015878,201900057409,10,25,13:45,1,2,1,2.0,3.0,93008,BARBUSSE (AVENUE HENRI) A30,M,"48,9038433","2,4179458",93,2019,50.0,1.0,1.0,3.0,2271920,1.0,1,1,1,4.0,,-1.0, -1,1997.0,A01,138Â 198Â 249,1.0,0.0,-1.0,1734086,1.0,15,,0.0,2.0,7.0,A01,138Â 198Â 249,1.0
1015878,201900057409,10,25,13:45,1,2,1,2.0,3.0,93008,BARBUSSE (AVENUE HENRI) A30,M,"48,9038433","2,4179458",93,2019,50.0,1.0,1.0,3.0,2271920,1.0,1,1,1,4.0,,-1.0, -1,1997.0,A01,138Â 198Â 249,1.0,0.0,-1.0,1734087,1.0,7,,0.0,2.0,8.0,B01,138Â 198Â 250,1.0
1015878,201900057409,10,25,13:45,1,2,1,2.0,3.0,93008,BARBUSSE (AVENUE HENRI) A30,M,"48,9038433","2,4179458",93,2019,50.0,1.0,1.0,3.0,2271921,1.0,1,4,1,0.0,,-1.0, -1,1979.0,B01,138Â 198Â 250,1.0,0.0,-1.0,1734086,1.0,15,,0.0,2.0,7.0,A01,138Â 198Â 249,1.0
1015878,201900057409,10,25,13:45,1,2,1,2.0,3.0,93008,BARBUSSE (AVENUE HENRI) A30,M,"48,9038433","2,4179458",93,2019,50.0,1.0,1.0,3.0,2271921,1.0,1,4,1,0.0,,-1.0, -1,1979.0,B01,138Â 198Â 250,1.0,0.0,-1.0,1734087,1.0,7,,0.0,2.0,8.0,B01,138Â 198Â 250,1.0
1015879,201900057410,7,10,15:10,1,1,1,1.0,6.0,92072,N118,M,"48,8262300","2,2234700",92,2019,50.0,1.0,1.0,2.0,2271922,2.0,2,4,1,0.0,,-1.0,0,1955.0,A01,138Â 198Â 242,1.0,8.0,-1.0,1734088,1.0,7,,0.0,2.0,0.0,A01,138Â 198Â 242,1.0
1015879,201900057410,7,10,15:10,1,1,1,1.0,6.0,92072,N118,M,"48,8262300","2,2234700",92,2019,50.0,1.0,1.0,2.0,2271922,2.0,2,4,1,0.0,,-1.0,0,1955.0,A01,138Â 198Â 242,1.0,8.0,-1.0,1734089,2.0,7,,0.0,2.0,0.0,B01,138Â 198Â 247,1.0
1015879,201900057410,7,10,15:10,1,1,1,1.0,6.0,92072,N118,M,"48,8262300","2,2234700",92,2019,50.0,1.0,1.0,2.0,2271922,2.0,2,4,1,0.0,,-1.0,0,1955.0,A01,138Â 198Â 242,1.0,8.0,-1.0,1734090,1.0,7,,0.0,2.0,0.0,C01,138Â 198Â 248,1.0
1015879,201900057410,7,10,15:10,1,1,1,1.0,6.0,92072,N118,M,"48,8262300","2,2234700",92,2019,50.0,1.0,1.0,2.0,2271923,1.0,1,4,1,9.0,,-1.0,0,1946.0,A01,138Â 198Â 242,1.0,8.0,-1.0,1734088,1.0,7,,0.0,2.0,0.0,A01,138Â 198Â 242,1.0
1015879,201900057410,7,10,15:10,1,1,1,1.0,6.0,92072,N118,M,"48,8262300","2,2234700",92,2019,50.0,1.0,1.0,2.0,2271923,1.0,1,4,1,9.0,,-1.0,0,1946.0,A01,138Â 198Â 242,1.0,8.0,-1.0,1734089,2.0,7,,0.0,2.0,0.0,B01,138Â 198Â 247,1.0
1015879,201900057410,7,10,15:10,1,1,1,1.0,6.0,92072,N118,M,"48,8262300","2,2234700",92,2019,50.0,1.0,1.0,2.0,2271923,1.0,1,4,1,9.0,,-1.0,0,1946.0,A01,138Â 198Â 242,1.0,8.0,-1.0,1734090,1.0,7,,0.0,2.0,0.0,C01,138Â 198Â 248,1.0
1015879,201900057410,7,10,15:10,1,1,1,1.0,6.0,92072,N118,M,"48,8262300","2,2234700",92,2019,50.0,1.0,1.0,2.0,2271924,1.0,1,4,1,9.0,,-1.0,0,1957.0,B01,138Â 198Â 247,1.0,8.0,-1.0,1734088,1.0,7,,0.0,2.0,0.0,A01,138Â 198Â 242,1.0
1015879,201900057410,7,10,15:10,1,1,1,1.0,6.0,92072,N118,M,"48,8262300","2,2234700",92,2019,50.0,1.0,1.0,2.0,2271924,1.0,1,4,1,9.0,,-1.0,0,1957.0,B01,138Â 198Â 247,1.0,8.0,-1.0,1734089,2.0,7,,0.0,2.0,0.0,B01,138Â 198Â 247,1.0
1015879,201900057410,7,10,15:10,1,1,1,1.0,6.0,92072,N118,M,"48,8262300","2,2234700",92,2019,50.0,1.0,1.0,2.0,2271924,1.0,1,4,1,9.0,,-1.0,0,1957.0,B01,138Â 198Â 247,1.0,8.0,-1.0,1734090,1.0,7,,0.0,2.0,0.0,C01,138Â 198Â 248,1.0
1015879,201900057410,7,10,15:10,1,1,1,1.0,6.0,92072,N118,M,"48,8262300","2,2234700",92,2019,50.0,1.0,1.0,2.0,2271925,2.0,2,4,2,9.0,,-1.0,0,1971.0,B01,138Â 198Â 247,1.0,8.0,-1.0,1734088,1.0,7,,0.0,2.0,0.0,A01,138Â 198Â 242,1.0
1015879,201900057410,7,10,15:10,1,1,1,1.0,6.0,92072,N118,M,"48,8262300","2,2234700",92,2019,50.0,1.0,1.0,2.0,2271925,2.0,2,4,2,9.0,,-1.0,0,1971.0,B01,138Â 198Â 247,1.0,8.0,-1.0,1734089,2.0,7,,0.0,2.0,0.0,B01,138Â 198Â 247,1.0
1015879,201900057410,7,10,15:10,1,1,1,1.0,6.0,92072,N118,M,"48,8262300","2,2234700",92,2019,50.0,1.0,1.0,2.0,2271925,2.0,2,4,2,9.0,,-1.0,0,1971.0,B01,138Â 198Â 247,1.0,8.0,-1.0,1734090,1.0,7,,0.0,2.0,0.0,C01,138Â 198Â 248,1.0
1015879,201900057410,7,10,15:10,1,1,1,1.0,6.0,92072,N118,M,"48,8262300","2,2234700",92,2019,50.0,1.0,1.0,2.0,2271926,1.0,1,1,1,5.0,,-1.0,0,1961.0,C01,138Â 198Â 248,1.0,8.0,-1.0,1734088,1.0,7,,0.0,2.0,0.0,A01,138Â 198Â 242,1.0
1015879,201900057410,7,10,15:10,1,1,1,1.0,6.0,92072,N118,M,"48,8262300","2,2234700",92,2019,50.0,1.0,1.0,2.0,2271926,1.0,1,1,1,5.0,,-1.0,0,1961.0,C01,138Â 198Â 248,1.0,8.0,-1.0,1734089,2.0,7,,0.0,2.0,0.0,B01,138Â 198Â 247,1.0
1015879,201900057410,7,10,15:10,1,1,1,1.0,6.0,92072,N118,M,"48,8262300","2,2234700",92,2019,50.0,1.0,1.0,2.0,2271926,1.0,1,1,1,5.0,,-1.0,0,1961.0,C01,138Â 198Â 248,1.0,8.0,-1.0,1734090,1.0,7,,0.0,2.0,0.0,C01,138Â 198Â 248,1.0
1015880,201900057411,10,25,18:28,2,2,1,1.0,3.0,93007,DIDEROT,M,"48,9428000","2,4390000",93,2019,50.0,1.0,1.0,4.0,2271927,1.0,1,1,2,0.0,,-1.0, -1,1968.0,A01,138Â 198Â 241,1.0,0.0,-1.0,1734091,1.0,7,,0.0,2.0,8.0,A01,138Â 198Â 241,0.0
1015880,201900057411,10,25,18:28,2,2,1,1.0,3.0,93007,DIDEROT,M,"48,9428000","2,4390000",93,2019,50.0,1.0,1.0,4.0,2271927,1.0,1,1,2,0.0,,-1.0, -1,1968.0,A01,138Â 198Â 241,1.0,0.0,-1.0,1734092,2.0,33,,0.0,2.0,1.0,B01,138Â 198Â 243,0.0
1015880,201900057411,10,25,18:28,2,2,1,1.0,3.0,93007,DIDEROT,M,"48,9428000","2,4390000",93,2019,50.0,1.0,1.0,4.0,2271928,1.0,1,4,1,0.0,,-1.0, -1,1976.0,B01,138Â 198Â 243,2.0,0.0,-1.0,1734091,1.0,7,,0.0,2.0,8.0,A01,138Â 198Â 241,0.0
1015880,201900057411,10,25,18:28,2,2,1,1.0,3.0,93007,DIDEROT,M,"48,9428000","2,4390000",93,2019,50.0,1.0,1.0,4.0,2271928,1.0,1,4,1,0.0,,-1.0, -1,1976.0,B01,138Â 198Â 243,2.0,0.0,-1.0,1734092,2.0,33,,0.0,2.0,1.0,B01,138Â 198Â 243,0.0
1015881,201900057412,10,25,16:25,1,2,9,1.0,3.0,92078,VERDUN (AVENUE) (PAIRS 92 ET PLUS),M,"48,9356476","2,3347878",92,2019,50.0,1.0,1.0,3.0,2271929,1.0,1,1,1,9.0,,-1.0,0,1987.0,A01,138Â 198Â 237,1.0,8.0,-1.0,1734093,3.0,7,,0.0,2.0,8.0,A01,138Â 198Â 237,6.0
1015881,201900057412,10,25,16:25,1,2,9,1.0,3.0,92078,VERDUN (AVENUE) (PAIRS 92 ET PLUS),M,"48,9356476","2,3347878",92,2019,50.0,1.0,1.0,3.0,2271929,1.0,1,1,1,9.0,,-1.0,0,1987.0,A01,138Â 198Â 237,1.0,8.0,-1.0,1734094,3.0,30,,0.0,2.0,3.0,B01,138Â 198Â 239,0.0
1015881,201900057412,10,25,16:25,1,2,9,1.0,3.0,92078,VERDUN (AVENUE) (PAIRS 92 ET PLUS),M,"48,9356476","2,3347878",92,2019,50.0,1.0,1.0,3.0,2271930,1.0,1,4,1,9.0,,-1.0,0,2002.0,B01,138Â 198Â 239,2.0,8.0,-1.0,1734093,3.0,7,,0.0,2.0,8.0,A01,138Â 198Â 237,6.0
1015881,201900057412,10,25,16:25,1,2,9,1.0,3.0,92078,VERDUN (AVENUE) (PAIRS 92 ET PLUS),M,"48,9356476","2,3347878",92,2019,50.0,1.0,1.0,3.0,2271930,1.0,1,4,1,9.0,,-1.0,0,2002.0,B01,138Â 198Â 239,2.0,8.0,-1.0,1734094,3.0,30,,0.0,2.0,3.0,B01,138Â 198Â 239,0.0
1015881,201900057412,10,25,16:25,1,2,9,1.0,3.0,92078,VERDUN (AVENUE) (PAIRS 92 ET PLUS),M,"48,9356476","2,3347878",92,2019,50.0,1.0,1.0,3.0,2271931,2.0,2,4,1,9.0,,-1.0,0,2002.0,B01,138Â 198Â 239,2.0,8.0,-1.0,1734093,3.0,7,,0.0,2.0,8.0,A01,138Â 198Â 237,6.0
1015881,201900057412,10,25,16:25,1,2,9,1.0,3.0,92078,VERDUN (AVENUE) (PAIRS 92 ET PLUS),M,"48,9356476","2,3347878",92,2019,50.0,1.0,1.0,3.0,2271931,2.0,2,4,1,9.0,,-1.0,0,2002.0,B01,138Â 198Â 239,2.0,8.0,-1.0,1734094,3.0,30,,0.0,2.0,3.0,B01,138Â 198Â 239,0.0
1015882,201900057413,7,9,15:15,1,1,1,1.0,5.0,92025,A86,M,"48,9219920","2,2267020",92,2019,110.0,1.0,1.0,1.0,2271932,1.0,1,1,1,5.0,,-1.0,0,1986.0,A01,138Â 198Â 236,1.0,8.0,-1.0,1734095,1.0,7,,0.0,2.0,2.0,A01,138Â 198Â 236,2.0
1015882,201900057413,7,9,15:15,1,1,1,1.0,5.0,92025,A86,M,"48,9219920","2,2267020",92,2019,110.0,1.0,1.0,1.0,2271932,1.0,1,1,1,5.0,,-1.0,0,1986.0,A01,138Â 198Â 236,1.0,8.0,-1.0,1734096,1.0,33,,0.0,2.0,3.0,B01,138Â 198Â 238,1.0
1015882,201900057413,7,9,15:15,1,1,1,1.0,5.0,92025,A86,M,"48,9219920","2,2267020",92,2019,110.0,1.0,1.0,1.0,2271932,1.0,1,1,1,5.0,,-1.0,0,1986.0,A01,138Â 198Â 236,1.0,8.0,-1.0,1734097,1.0,7,,0.0,0.0,4.0,C01,138Â 198Â 240,1.0
1015882,201900057413,7,9,15:15,1,1,1,1.0,5.0,92025,A86,M,"48,9219920","2,2267020",92,2019,110.0,1.0,1.0,1.0,2271933,1.0,1,1,1,5.0,,-1.0,0,1978.0,B01,138Â 198Â 238,2.0,8.0,-1.0,1734095,1.0,7,,0.0,2.0,2.0,A01,138Â 198Â 236,2.0
1015882,201900057413,7,9,15:15,1,1,1,1.0,5.0,92025,A86,M,"48,9219920","2,2267020",92,2019,110.0,1.0,1.0,1.0,2271933,1.0,1,1,1,5.0,,-1.0,0,1978.0,B01,138Â 198Â 238,2.0,8.0,-1.0,1734096,1.0,33,,0.0,2.0,3.0,B01,138Â 198Â 238,1.0
1015882,201900057413,7,9,15:15,1,1,1,1.0,5.0,92025,A86,M,"48,9219920","2,2267020",92,2019,110.0,1.0,1.0,1.0,2271933,1.0,1,1,1,5.0,,-1.0,0,1978.0,B01,138Â 198Â 238,2.0,8.0,-1.0,1734097,1.0,7,,0.0,0.0,4.0,C01,138Â 198Â 240,1.0
1015882,201900057413,7,9,15:15,1,1,1,1.0,5.0,92025,A86,M,"48,9219920","2,2267020",92,2019,110.0,1.0,1.0,1.0,2271934,1.0,1,4,2,5.0,,-1.0,0,1966.0,C01,138Â 198Â 240,1.0,8.0,-1.0,1734095,1.0,7,,0.0,2.0,2.0,A01,138Â 198Â 236,2.0
1015882,201900057413,7,9,15:15,1,1,1,1.0,5.0,92025,A86,M,"48,9219920","2,2267020",92,2019,110.0,1.0,1.0,1.0,2271934,1.0,1,4,2,5.0,,-1.0,0,1966.0,C01,138Â 198Â 240,1.0,8.0,-1.0,1734096,1.0,33,,0.0,2.0,3.0,B01,138Â 198Â 238,1.0
1015882,201900057413,7,9,15:15,1,1,1,1.0,5.0,92025,A86,M,"48,9219920","2,2267020",92,2019,110.0,1.0,1.0,1.0,2271934,1.0,1,4,2,5.0,,-1.0,0,1966.0,C01,138Â 198Â 240,1.0,8.0,-1.0,1734097,1.0,7,,0.0,0.0,4.0,C01,138Â 198Â 240,1.0
1015883,201900057414,9,12,17:00,1,1,1,1.0,4.0,13071,A7-Sens Marseille vers Lyon,M,"43,4125700","5,2818500",13,2019,110.0,1.0,1.0,1.0,2271935,1.0,1,1,1,1.0,,-1.0,0,1984.0,D01,138Â 198Â 246,1.0,8.0,-1.0,1734098,2.0,7,,0.0,2.0,4.0,D01,138Â 198Â 246,1.0
1015883,201900057414,9,12,17:00,1,1,1,1.0,4.0,13071,A7-Sens Marseille vers Lyon,M,"43,4125700","5,2818500",13,2019,110.0,1.0,1.0,1.0,2271935,1.0,1,1,1,1.0,,-1.0,0,1984.0,D01,138Â 198Â 246,1.0,8.0,-1.0,1734099,2.0,7,,0.0,2.0,4.0,C01,138Â 198Â 251,1.0
1015883,201900057414,9,12,17:00,1,1,1,1.0,4.0,13071,A7-Sens Marseille vers Lyon,M,"43,4125700","5,2818500",13,2019,110.0,1.0,1.0,1.0,2271935,1.0,1,1,1,1.0,,-1.0,0,1984.0,D01,138Â 198Â 246,1.0,8.0,-1.0,1734100,2.0,7,,0.0,2.0,4.0,B01,138Â 198Â 259,1.0
1015883,201900057414,9,12,17:00,1,1,1,1.0,4.0,13071,A7-Sens Marseille vers Lyon,M,"43,4125700","5,2818500",13,2019,110.0,1.0,1.0,1.0,2271935,1.0,1,1,1,1.0,,-1.0,0,1984.0,D01,138Â 198Â 246,1.0,8.0,-1.0,1734101,2.0,7,,0.0,2.0,1.0,A01,138Â 198Â 260,1.0
1015883,201900057414,9,12,17:00,1,1,1,1.0,4.0,13071,A7-Sens Marseille vers Lyon,M,"43,4125700","5,2818500",13,2019,110.0,1.0,1.0,1.0,2271936,1.0,1,1,2,1.0,,-1.0,0,1982.0,C01,138Â 198Â 251,1.0,8.0,-1.0,1734098,2.0,7,,0.0,2.0,4.0,D01,138Â 198Â 246,1.0
1015883,201900057414,9,12,17:00,1,1,1,1.0,4.0,13071,A7-Sens Marseille vers Lyon,M,"43,4125700","5,2818500",13,2019,110.0,1.0,1.0,1.0,2271936,1.0,1,1,2,1.0,,-1.0,0,1982.0,C01,138Â 198Â 251,1.0,8.0,-1.0,1734099,2.0,7,,0.0,2.0,4.0,C01,138Â 198Â 251,1.0
1015883,201900057414,9,12,17:00,1,1,1,1.0,4.0,13071,A7-Sens Marseille vers Lyon,M,"43,4125700","5,2818500",13,2019,110.0,1.0,1.0,1.0,2271936,1.0,1,1,2,1.0,,-1.0,0,1982.0,C01,138Â 198Â 251,1.0,8.0,-1.0,1734100,2.0,7,,0.0,2.0,4.0,B01,138Â 198Â 259,1.0
1015883,201900057414,9,12,17:00,1,1,1,1.0,4.0,13071,A7-Sens Marseille vers Lyon,M,"43,4125700","5,2818500",13,2019,110.0,1.0,1.0,1.0,2271936,1.0,1,1,2,1.0,,-1.0,0,1982.0,C01,138Â 198Â 251,1.0,8.0,-1.0,1734101,2.0,7,,0.0,2.0,1.0,A01,138Â 198Â 260,1.0
1015883,201900057414,9,12,17:00,1,1,1,1.0,4.0,13071,A7-Sens Marseille vers Lyon,M,"43,4125700","5,2818500",13,2019,110.0,1.0,1.0,1.0,2271937,1.0,1,4,2,5.0,,-1.0,0,1968.0,B01,138Â 198Â 259,1.0,8.0,-1.0,1734098,2.0,7,,0.0,2.0,4.0,D01,138Â 198Â 246,1.0
1015883,201900057414,9,12,17:00,1,1,1,1.0,4.0,13071,A7-Sens Marseille vers Lyon,M,"43,4125700","5,2818500",13,2019,110.0,1.0,1.0,1.0,2271937,1.0,1,4,2,5.0,,-1.0,0,1968.0,B01,138Â 198Â 259,1.0,8.0,-1.0,1734099,2.0,7,,0.0,2.0,4.0,C01,138Â 198Â 251,1.0
1015883,201900057414,9,12,17:00,1,1,1,1.0,4.0,13071,A7-Sens Marseille vers Lyon,M,"43,4125700","5,2818500",13,2019,110.0,1.0,1.0,1.0,2271937,1.0,1,4,2,5.0,,-1.0,0,1968.0,B01,138Â 198Â 259,1.0,8.0,-1.0,1734100,2.0,7,,0.0,2.0,4.0,B01,138Â 198Â 259,1.0
1015883,201900057414,9,12,17:00,1,1,1,1.0,4.0,13071,A7-Sens Marseille vers Lyon,M,"43,4125700","5,2818500",13,2019,110.0,1.0,1.0,1.0,2271937,1.0,1,4,2,5.0,,-1.0,0,1968.0,B01,138Â 198Â 259,1.0,8.0,-1.0,1734101,2.0,7,,0.0,2.0,1.0,A01,138Â 198Â 260,1.0
1015883,201900057414,9,12,17:00,1,1,1,1.0,4.0,13071,A7-Sens Marseille vers Lyon,M,"43,4125700","5,2818500",13,2019,110.0,1.0,1.0,1.0,2271938,2.0,2,1,1,5.0,,-1.0,0,1993.0,A01,138Â 198Â 260,1.0,8.0,-1.0,1734098,2.0,7,,0.0,2.0,4.0,D01,138Â 198Â 246,1.0
1015883,201900057414,9,12,17:00,1,1,1,1.0,4.0,13071,A7-Sens Marseille vers Lyon,M,"43,4125700","5,2818500",13,2019,110.0,1.0,1.0,1.0,2271938,2.0,2,1,1,5.0,,-1.0,0,1993.0,A01,138Â 198Â 260,1.0,8.0,-1.0,1734099,2.0,7,,0.0,2.0,4.0,C01,138Â 198Â 251,1.0
1015883,201900057414,9,12,17:00,1,1,1,1.0,4.0,13071,A7-Sens Marseille vers Lyon,M,"43,4125700","5,2818500",13,2019,110.0,1.0,1.0,1.0,2271938,2.0,2,1,1,5.0,,-1.0,0,1993.0,A01,138Â 198Â 260,1.0,8.0,-1.0,1734100,2.0,7,,0.0,2.0,4.0,B01,138Â 198Â 259,1.0
1015883,201900057414,9,12,17:00,1,1,1,1.0,4.0,13071,A7-Sens Marseille vers Lyon,M,"43,4125700","5,2818500",13,2019,110.0,1.0,1.0,1.0,2271938,2.0,2,1,1,5.0,,-1.0,0,1993.0,A01,138Â 198Â 260,1.0,8.0,-1.0,1734101,2.0,7,,0.0,2.0,1.0,A01,138Â 198Â 260,1.0
1015883,201900057414,9,12,17:00,1,1,1,1.0,4.0,13071,A7-Sens Marseille vers Lyon,M,"43,4125700","5,2818500",13,2019,110.0,1.0,1.0,1.0,2271939,1.0,1,1,2,5.0,,-1.0,0,1995.0,A01,138Â 198Â 260,1.0,8.0,-1.0,1734098,2.0,7,,0.0,2.0,4.0,D01,138Â 198Â 246,1.0
1015883,201900057414,9,12,17:00,1,1,1,1.0,4.0,13071,A7-Sens Marseille vers Lyon,M,"43,4125700","5,2818500",13,2019,110.0,1.0,1.0,1.0,2271939,1.0,1,1,2,5.0,,-1.0,0,1995.0,A01,138Â 198Â 260,1.0,8.0,-1.0,1734099,2.0,7,,0.0,2.0,4.0,C01,138Â 198Â 251,1.0
1015883,201900057414,9,12,17:00,1,1,1,1.0,4.0,13071,A7-Sens Marseille vers Lyon,M,"43,4125700","5,2818500",13,2019,110.0,1.0,1.0,1.0,2271939,1.0,1,1,2,5.0,,-1.0,0,1995.0,A01,138Â 198Â 260,1.0,8.0,-1.0,1734100,2.0,7,,0.0,2.0,4.0,B01,138Â 198Â 259,1.0
1015883,201900057414,9,12,17:00,1,1,1,1.0,4.0,13071,A7-Sens Marseille vers Lyon,M,"43,4125700","5,2818500",13,2019,110.0,1.0,1.0,1.0,2271939,1.0,1,1,2,5.0,,-1.0,0,1995.0,A01,138Â 198Â 260,1.0,8.0,-1.0,1734101,2.0,7,,0.0,2.0,1.0,A01,138Â 198Â 260,1.0
1015884,201900057415,5,25,17:10,1,2,1,1.0,7.0,83016,RD N8,M,"43,2002740","5,8078980",83,2019,70.0,1.0,1.0,3.0,2271940,1.0,1,3,1,5.0,,0.0,0,1982.0,A01,138Â 198Â 245,2.0,-1.0,-1.0,1734102,2.0,33,,0.0,0.0,7.0,A01,138Â 198Â 245,1.0
1015885,201900057416,1,1,01:40,3,1,1,1.0,7.0,60028,PK 5 D1330,M,"49,2195680","2,5519670",60,2019,110.0,3.0,1.0,3.0,2271941,2.0,2,3,2,5.0,,0.0,0,2002.0,A01,138Â 198Â 244,1.0,-1.0,-1.0,1734103,1.0,7,,2.0,0.0,9.0,A01,138Â 198Â 244,1.0
1015885,201900057416,1,1,01:40,3,1,1,1.0,7.0,60028,PK 5 D1330,M,"49,2195680","2,5519670",60,2019,110.0,3.0,1.0,3.0,2271942,1.0,1,4,1,5.0,,0.0,0,1999.0,A01,138Â 198Â 244,1.0,-1.0,-1.0,1734103,1.0,7,,2.0,0.0,9.0,A01,138Â 198Â 244,1.0
1015886,201900057417,10,25,13:25,1,2,1,1.0,3.0,92063,LABICHE (RUE EUGENE),M,"48,8722500","2,1795300",92,2019,50.0,1.0,1.0,4.0,2271943,1.0,1,3,2,1.0,,-1.0,0,1965.0,A01,138Â 198Â 233,2.0,8.0,-1.0,1734104,1.0,80,,0.0,2.0,3.0,A01,138Â 198Â 233,3.0
1015886,201900057417,10,25,13:25,1,2,1,1.0,3.0,92063,LABICHE (RUE EUGENE),M,"48,8722500","2,1795300",92,2019,50.0,1.0,1.0,4.0,2271943,1.0,1,3,2,1.0,,-1.0,0,1965.0,A01,138Â 198Â 233,2.0,8.0,-1.0,1734105,1.0,7,,0.0,2.0,0.0,Z01,138Â 198Â 235,1.0
1015886,201900057417,10,25,13:25,1,2,1,1.0,3.0,92063,LABICHE (RUE EUGENE),M,"48,8722500","2,1795300",92,2019,50.0,1.0,1.0,4.0,2271944,1.0,1,1,2,1.0,,-1.0,0,1971.0,Z01,138Â 198Â 235,1.0,8.0,-1.0,1734104,1.0,80,,0.0,2.0,3.0,A01,138Â 198Â 233,3.0
1015886,201900057417,10,25,13:25,1,2,1,1.0,3.0,92063,LABICHE (RUE EUGENE),M,"48,8722500","2,1795300",92,2019,50.0,1.0,1.0,4.0,2271944,1.0,1,1,2,1.0,,-1.0,0,1971.0,Z01,138Â 198Â 235,1.0,8.0,-1.0,1734105,1.0,7,,0.0,2.0,0.0,Z01,138Â 198Â 235,1.0
1015887,201900057418,7,9,23:50,3,1,1,1.0,3.0,95424,AUTOROUTE A15,M,"48,9909000","2,1939700",95,2019,110.0,1.0,1.0,1.0,2271945,1.0,1,4,1,5.0,,-1.0,0,1984.0,A01,138Â 198Â 232,2.0,6.0,-1.0,1734106,1.0,33,,0.0,2.0,6.0,A01,138Â 198Â 232,1.0
1015887,201900057418,7,9,23:50,3,1,1,1.0,3.0,95424,AUTOROUTE A15,M,"48,9909000","2,1939700",95,2019,110.0,1.0,1.0,1.0,2271945,1.0,1,4,1,5.0,,-1.0,0,1984.0,A01,138Â 198Â 232,2.0,6.0,-1.0,1734107,1.0,7,,0.0,2.0,0.0,Z01,138Â 198Â 234,1.0
1015888,201900057419,7,9,10:45,1,1,1,1.0,2.0,93007,AUTOROUTE A1,M,"48,9537800","2,4551700",93,2019,110.0,1.0,1.0,1.0,2271946,1.0,1,4,1,4.0,,-1.0, -1,1991.0,A01,138Â 198Â 224,1.0,8.0,-1.0,1734108,2.0,14,,0.0,2.0,1.0,A01,138Â 198Â 224,1.0
1015888,201900057419,7,9,10:45,1,1,1,1.0,2.0,93007,AUTOROUTE A1,M,"48,9537800","2,4551700",93,2019,110.0,1.0,1.0,1.0,2271946,1.0,1,4,1,4.0,,-1.0, -1,1991.0,A01,138Â 198Â 224,1.0,8.0,-1.0,1734109,2.0,17,,0.0,2.0,4.0,B01,138Â 198Â 225,1.0
1015888,201900057419,7,9,10:45,1,1,1,1.0,2.0,93007,AUTOROUTE A1,M,"48,9537800","2,4551700",93,2019,110.0,1.0,1.0,1.0,2271947,1.0,1,4,1,4.0,,-1.0, -1,1966.0,B01,138Â 198Â 225,1.0,0.0,-1.0,1734108,2.0,14,,0.0,2.0,1.0,A01,138Â 198Â 224,1.0
1015888,201900057419,7,9,10:45,1,1,1,1.0,2.0,93007,AUTOROUTE A1,M,"48,9537800","2,4551700",93,2019,110.0,1.0,1.0,1.0,2271947,1.0,1,4,1,4.0,,-1.0, -1,1966.0,B01,138Â 198Â 225,1.0,0.0,-1.0,1734109,2.0,17,,0.0,2.0,4.0,B01,138Â 198Â 225,1.0
1015889,201900057420,10,25,11:35,1,2,1,1.0,4.0,92063,EMPEREUR (ROUTE DE L') EST,M,"48,8638582","2,1809392",92,2019,50.0,1.0,1.0,3.0,2271948,1.0,1,1,1,4.0,,-1.0,0,1970.0,C01,138Â 198Â 229,8.0,8.0,-1.0,1734110,3.0,14,,0.0,2.0,2.0,C01,138Â 198Â 229,1.0
1015889,201900057420,10,25,11:35,1,2,1,1.0,4.0,92063,EMPEREUR (ROUTE DE L') EST,M,"48,8638582","2,1809392",92,2019,50.0,1.0,1.0,3.0,2271948,1.0,1,1,1,4.0,,-1.0,0,1970.0,C01,138Â 198Â 229,8.0,8.0,-1.0,1734111,2.0,7,,1.0,2.0,8.0,B01,138Â 198Â 230,1.0
1015889,201900057420,10,25,11:35,1,2,1,1.0,4.0,92063,EMPEREUR (ROUTE DE L') EST,M,"48,8638582","2,1809392",92,2019,50.0,1.0,1.0,3.0,2271948,1.0,1,1,1,4.0,,-1.0,0,1970.0,C01,138Â 198Â 229,8.0,8.0,-1.0,1734112,2.0,7,,0.0,2.0,5.0,A01,138Â 198Â 231,2.0
1015889,201900057420,10,25,11:35,1,2,1,1.0,4.0,92063,EMPEREUR (ROUTE DE L') EST,M,"48,8638582","2,1809392",92,2019,50.0,1.0,1.0,3.0,2271949,1.0,1,4,2,5.0,,-1.0,0,1950.0,B01,138Â 198Â 230,1.0,8.0,-1.0,1734110,3.0,14,,0.0,2.0,2.0,C01,138Â 198Â 229,1.0
1015889,201900057420,10,25,11:35,1,2,1,1.0,4.0,92063,EMPEREUR (ROUTE DE L') EST,M,"48,8638582","2,1809392",92,2019,50.0,1.0,1.0,3.0,2271949,1.0,1,4,2,5.0,,-1.0,0,1950.0,B01,138Â 198Â 230,1.0,8.0,-1.0,1734111,2.0,7,,1.0,2.0,8.0,B01,138Â 198Â 230,1.0
1015889,201900057420,10,25,11:35,1,2,1,1.0,4.0,92063,EMPEREUR (ROUTE DE L') EST,M,"48,8638582","2,1809392",92,2019,50.0,1.0,1.0,3.0,2271949,1.0,1,4,2,5.0,,-1.0,0,1950.0,B01,138Â 198Â 230,1.0,8.0,-1.0,1734112,2.0,7,,0.0,2.0,5.0,A01,138Â 198Â 231,2.0