Unnamed: 0_x,num_acc,mois,jour,hrmn,lum,agg,int,atm,col,com,adr,gps,lat,long,dep,annee,vma,situ,surf,catr,Unnamed: 0_y,place,catu,grav,sexe,trajet,secu,locp,actp,an_nais,num_veh_x,id_vehicule_x,secu1,secu2,secu3,Unnamed: 0,senc,catv,occutc,obs,obsm,choc,num_veh_y,id_vehicule_y,motor
1015889,201900057420,10,25,11:35,1,2,1,1.0,4.0,92063,EMPEREUR (ROUTE DE L') EST,M,"48,8638582","2,1809392",92,2019,50.0,1.0,1.0,3.0,2271950,1.0,1,1,1,5.0,,-1.0,0,1979.0,A01,138Â 198Â 231,1.0,8.0,-1.0,1734110,3.0,14,,0.0,2.0,2.0,C01,138Â 198Â 229,1.0
1015889,201900057420,10,25,11:35,1,2,1,1.0,4.0,92063,EMPEREUR (ROUTE DE L') EST,M,"48,8638582","2,1809392",92,2019,50.0,1.0,1.0,3.0,2271950,1.0,1,1,1,5.0,,-1.0,0,1979.0,A01,138Â 198Â 231,1.0,8.0,-1.0,1734111,2.0,7,,1.0,2.0,8.0,B01,138Â 198Â 230,1.0
1015889,201900057420,10,25,11:35,1,2,1,1.0,4.0,92063,EMPEREUR (ROUTE DE L') EST,M,"48,8638582","2,1809392",92,2019,50.0,1.0,1.0,3.0,2271950,1.0,1,1,1,5.0,,-1.0,0,1979.0,A01,138Â 198Â 231,1.0,8.0,-1.0,1734112,2.0,7,,0.0,2.0,5.0,A01,138Â 198Â 231,2.0
1015890,201900057421,7,9,09:40,1,1,1,1.0,6.0,92036,AUTOROUTE A15,M,"48,9370979","2,2922429",92,2019,50.0,1.0,1.0,1.0,2271951,1.0,1,4,1,1.0,,-1.0,0,1978.0,A01,138Â 198Â 223,2.0,8.0,-1.0,1734113,2.0,33,,3.0,0.0,1.0,A01,138Â 198Â 223,1.0
1015891,201900057422,7,9,09:10,1,1,1,1.0,2.0,95018,RD 170,M,"48,9607900","2,2596000",95,2019,70.0,1.0,1.0,3.0,2271952,1.0,1,4,1,1.0,,-1.0,0,1989.0,B01,138Â 198Â 219,1.0,8.0,-1.0,1734114,1.0,7,,0.0,2.0,4.0,B01,138Â 198Â 219,1.0
1015891,201900057422,7,9,09:10,1,1,1,1.0,2.0,95018,RD 170,M,"48,9607900","2,2596000",95,2019,70.0,1.0,1.0,3.0,2271952,1.0,1,4,1,1.0,,-1.0,0,1989.0,B01,138Â 198Â 219,1.0,8.0,-1.0,1734115,1.0,7,,0.0,2.0,1.0,A01,138Â 198Â 220,1.0
1015891,201900057422,7,9,09:10,1,1,1,1.0,2.0,95018,RD 170,M,"48,9607900","2,2596000",95,2019,70.0,1.0,1.0,3.0,2271953,1.0,1,1,2,1.0,,-1.0,0,1991.0,A01,138Â 198Â 220,1.0,8.0,-1.0,1734114,1.0,7,,0.0,2.0,4.0,B01,138Â 198Â 219,1.0
1015891,201900057422,7,9,09:10,1,1,1,1.0,2.0,95018,RD 170,M,"48,9607900","2,2596000",95,2019,70.0,1.0,1.0,3.0,2271953,1.0,1,1,2,1.0,,-1.0,0,1991.0,A01,138Â 198Â 220,1.0,8.0,-1.0,1734115,1.0,7,,0.0,2.0,1.0,A01,138Â 198Â 220,1.0
1015892,201900057423,10,4,15:30,1,2,2,1.0,3.0,92044,LEON JAMIN(RUE),M,"48,9004334","2,2864860",92,2019,50.0,1.0,1.0,4.0,2271954,1.0,1,1,1,9.0,,-1.0,0,1992.0,A01,138Â 198Â 217,1.0,0.0,-1.0,1734116,2.0,7,,0.0,2.0,1.0,A01,138Â 198Â 217,1.0
1015892,201900057423,10,4,15:30,1,2,2,1.0,3.0,92044,LEON JAMIN(RUE),M,"48,9004334","2,2864860",92,2019,50.0,1.0,1.0,4.0,2271954,1.0,1,1,1,9.0,,-1.0,0,1992.0,A01,138Â 198Â 217,1.0,0.0,-1.0,1734117,2.0,33,,0.0,2.0,5.0,B01,138Â 198Â 218,1.0
1015892,201900057423,10,4,15:30,1,2,2,1.0,3.0,92044,LEON JAMIN(RUE),M,"48,9004334","2,2864860",92,2019,50.0,1.0,1.0,4.0,2271955,1.0,1,4,1,0.0,,-1.0,0,1959.0,B01,138Â 198Â 218,2.0,0.0,-1.0,1734116,2.0,7,,0.0,2.0,1.0,A01,138Â 198Â 217,1.0
1015892,201900057423,10,4,15:30,1,2,2,1.0,3.0,92044,LEON JAMIN(RUE),M,"48,9004334","2,2864860",92,2019,50.0,1.0,1.0,4.0,2271955,1.0,1,4,1,0.0,,-1.0,0,1959.0,B01,138Â 198Â 218,2.0,0.0,-1.0,1734117,2.0,33,,0.0,2.0,5.0,B01,138Â 198Â 218,1.0
1015893,201900057424,7,10,17:30,1,1,1,1.0,2.0,94069,A4,M,"48,8177020","2,4147130",94,2019,90.0,1.0,1.0,1.0,2271956,1.0,1,1,1,4.0,,-1.0,0,1967.0,B01,138Â 198Â 215,1.0,0.0,-1.0,1734118,1.0,10,,0.0,2.0,2.0,B01,138Â 198Â 215,1.0
1015893,201900057424,7,10,17:30,1,1,1,1.0,2.0,94069,A4,M,"48,8177020","2,4147130",94,2019,90.0,1.0,1.0,1.0,2271956,1.0,1,1,1,4.0,,-1.0,0,1967.0,B01,138Â 198Â 215,1.0,0.0,-1.0,1734119,1.0,7,,0.0,2.0,6.0,A01,138Â 198Â 216,1.0
1015893,201900057424,7,10,17:30,1,1,1,1.0,2.0,94069,A4,M,"48,8177020","2,4147130",94,2019,90.0,1.0,1.0,1.0,2271957,2.0,2,4,2,0.0,,-1.0,0,1995.0,A01,138Â 198Â 216,1.0,0.0,-1.0,1734118,1.0,10,,0.0,2.0,2.0,B01,138Â 198Â 215,1.0
1015893,201900057424,7,10,17:30,1,1,1,1.0,2.0,94069,A4,M,"48,8177020","2,4147130",94,2019,90.0,1.0,1.0,1.0,2271957,2.0,2,4,2,0.0,,-1.0,0,1995.0,A01,138Â 198Â 216,1.0,0.0,-1.0,1734119,1.0,7,,0.0,2.0,6.0,A01,138Â 198Â 216,1.0
1015893,201900057424,7,10,17:30,1,1,1,1.0,2.0,94069,A4,M,"48,8177020","2,4147130",94,2019,90.0,1.0,1.0,1.0,2271958,1.0,1,4,1,4.0,,-1.0,0,1972.0,A01,138Â 198Â 216,1.0,0.0,-1.0,1734118,1.0,10,,0.0,2.0,2.0,B01,138Â 198Â 215,1.0
1015893,201900057424,7,10,17:30,1,1,1,1.0,2.0,94069,A4,M,"48,8177020","2,4147130",94,2019,90.0,1.0,1.0,1.0,2271958,1.0,1,4,1,4.0,,-1.0,0,1972.0,A01,138Â 198Â 216,1.0,0.0,-1.0,1734119,1.0,7,,0.0,2.0,6.0,A01,138Â 198Â 216,1.0
1015894,201900057425,10,25,19:35,5,2,1,1.0,3.0,92007,BRIAND (AVENUE ARISTIDE) NÂ° 2 A 98,M,"48,8038264","2,3247536",92,2019,50.0,1.0,1.0,3.0,2271959,1.0,1,4,1,-1.0,,-1.0,0,1980.0,A01,138Â 198Â 214,0.0,-1.0,-1.0,1734120,0.0,7,,0.0,0.0,0.0,B01,138Â 198Â 213,1.0
1015894,201900057425,10,25,19:35,5,2,1,1.0,3.0,92007,BRIAND (AVENUE ARISTIDE) NÂ° 2 A 98,M,"48,8038264","2,3247536",92,2019,50.0,1.0,1.0,3.0,2271959,1.0,1,4,1,-1.0,,-1.0,0,1980.0,A01,138Â 198Â 214,0.0,-1.0,-1.0,1734121,1.0,30,,0.0,2.0,8.0,A01,138Â 198Â 214,3.0
1015895,201900057426,10,26,00:30,3,1,1,8.0,6.0,35219,La Cariais,M,"47,8297670"," -1,9503470",35,2019,80.0,3.0,2.0,3.0,2271960,1.0,1,3,1,5.0,,0.0,0,1984.0,A01,138Â 198Â 211,1.0,-1.0,-1.0,1734122,1.0,7,,2.0,0.0,1.0,A01,138Â 198Â 211,1.0
1015896,201900057427,10,26,09:35,1,1,1,1.0,7.0,60699,Route 30 de Rouen,M,"49,5293921","1,8542648",60,2019,80.0,3.0,2.0,3.0,2271961,2.0,2,4,1,1.0,,0.0,0,1987.0,A01,138Â 198Â 210,1.0,5.0,-1.0,1734123,2.0,7,,6.0,0.0,1.0,A01,138Â 198Â 210,1.0
1015896,201900057427,10,26,09:35,1,1,1,1.0,7.0,60699,Route 30 de Rouen,M,"49,5293921","1,8542648",60,2019,80.0,3.0,2.0,3.0,2271962,1.0,1,1,1,1.0,,0.0,0,1988.0,A01,138Â 198Â 210,5.0,1.0,-1.0,1734123,2.0,7,,6.0,0.0,1.0,A01,138Â 198Â 210,1.0
1015897,201900057428,10,26,02:40,3,1,1,1.0,6.0,14405,Route le Quinquefougere Rd 511,M,"48,8835490"," -0,2930910",14,2019,80.0,3.0,1.0,3.0,2271963,1.0,1,3,1,0.0,,0.0,0,1987.0,A01,138Â 198Â 209,1.0,-1.0,-1.0,1734124,2.0,7,,2.0,0.0,3.0,A01,138Â 198Â 209,1.0
1015898,201900057429,10,25,17:45,1,1,1,1.0,6.0,24309,D6089,M,"45,0889990","0,4764220",24,2019,110.0,3.0,1.0,3.0,2271964,1.0,1,3,1,5.0,,0.0,0,2003.0,A01,138Â 198Â 208,2.0,6.0,4.0,1734125,1.0,2,,3.0,0.0,7.0,A01,138Â 198Â 208,1.0
1015899,201900057430,7,9,23:15,3,1,1,1.0,7.0,77438,A104,M,"48,8558490","2,6642270",77,2019,90.0,3.0,1.0,1.0,2271965,1.0,1,4,1,1.0,,-1.0,0,1972.0,A01,138Â 198Â 212,1.0,0.0,-1.0,1734126,2.0,7,,0.0,2.0,3.0,A01,138Â 198Â 212,1.0
1015900,201900057431,10,26,10:11,1,2,1,1.0,6.0,06149,45 Boulevard GÃ©nÃ©ral de Gaulle,M,"43,7437030","7,3138210",6,2019,30.0,1.0,1.0,7.0,2271966,1.0,1,1,1,4.0,,0.0,0,1961.0,A01,138Â 198Â 207,8.0,-1.0,-1.0,1734127,1.0,37,1.0,0.0,1.0,8.0,A01,138Â 198Â 207,1.0
1015900,201900057431,10,26,10:11,1,2,1,1.0,6.0,06149,45 Boulevard GÃ©nÃ©ral de Gaulle,M,"43,7437030","7,3138210",6,2019,30.0,1.0,1.0,7.0,2271967,10.0,3,4,2,3.0,,2.0,3,1983.0,A01,138Â 198Â 207,0.0,-1.0,-1.0,1734127,1.0,37,1.0,0.0,1.0,8.0,A01,138Â 198Â 207,1.0
1015901,201900057432,7,9,14:30,1,1,1,1.0,4.0,77146,A4.Y,M,"48,8318100","2,6495600",77,2019,110.0,3.0,1.0,1.0,2271968,2.0,2,4,2,9.0,,-1.0,0,2011.0,C01,138Â 198Â 204,1.0,8.0,-1.0,1734128,1.0,15,,0.0,2.0,2.0,C01,138Â 198Â 204,1.0
1015901,201900057432,7,9,14:30,1,1,1,1.0,4.0,77146,A4.Y,M,"48,8318100","2,6495600",77,2019,110.0,3.0,1.0,1.0,2271968,2.0,2,4,2,9.0,,-1.0,0,2011.0,C01,138Â 198Â 204,1.0,8.0,-1.0,1734129,1.0,15,,0.0,2.0,4.0,B01,138Â 198Â 205,1.0
1015901,201900057432,7,9,14:30,1,1,1,1.0,4.0,77146,A4.Y,M,"48,8318100","2,6495600",77,2019,110.0,3.0,1.0,1.0,2271968,2.0,2,4,2,9.0,,-1.0,0,2011.0,C01,138Â 198Â 204,1.0,8.0,-1.0,1734130,1.0,15,,0.0,2.0,4.0,A01,138Â 198Â 206,1.0
1015901,201900057432,7,9,14:30,1,1,1,1.0,4.0,77146,A4.Y,M,"48,8318100","2,6495600",77,2019,110.0,3.0,1.0,1.0,2271969,1.0,1,1,1,4.0,,-1.0,0,1987.0,C01,138Â 198Â 204,1.0,0.0,-1.0,1734128,1.0,15,,0.0,2.0,2.0,C01,138Â 198Â 204,1.0
1015901,201900057432,7,9,14:30,1,1,1,1.0,4.0,77146,A4.Y,M,"48,8318100","2,6495600",77,2019,110.0,3.0,1.0,1.0,2271969,1.0,1,1,1,4.0,,-1.0,0,1987.0,C01,138Â 198Â 204,1.0,0.0,-1.0,1734129,1.0,15,,0.0,2.0,4.0,B01,138Â 198Â 205,1.0
1015901,201900057432,7,9,14:30,1,1,1,1.0,4.0,77146,A4.Y,M,"48,8318100","2,6495600",77,2019,110.0,3.0,1.0,1.0,2271969,1.0,1,1,1,4.0,,-1.0,0,1987.0,C01,138Â 198Â 204,1.0,0.0,-1.0,1734130,1.0,15,,0.0,2.0,4.0,A01,138Â 198Â 206,1.0
1015901,201900057432,7,9,14:30,1,1,1,1.0,4.0,77146,A4.Y,M,"48,8318100","2,6495600",77,2019,110.0,3.0,1.0,1.0,2271970,1.0,1,1,1,4.0,,-1.0,0,1965.0,B01,138Â 198Â 205,1.0,4.0,-1.0,1734128,1.0,15,,0.0,2.0,2.0,C01,138Â 198Â 204,1.0
1015901,201900057432,7,9,14:30,1,1,1,1.0,4.0,77146,A4.Y,M,"48,8318100","2,6495600",77,2019,110.0,3.0,1.0,1.0,2271970,1.0,1,1,1,4.0,,-1.0,0,1965.0,B01,138Â 198Â 205,1.0,4.0,-1.0,1734129,1.0,15,,0.0,2.0,4.0,B01,138Â 198Â 205,1.0
1015901,201900057432,7,9,14:30,1,1,1,1.0,4.0,77146,A4.Y,M,"48,8318100","2,6495600",77,2019,110.0,3.0,1.0,1.0,2271970,1.0,1,1,1,4.0,,-1.0,0,1965.0,B01,138Â 198Â 205,1.0,4.0,-1.0,1734130,1.0,15,,0.0,2.0,4.0,A01,138Â 198Â 206,1.0
1015901,201900057432,7,9,14:30,1,1,1,1.0,4.0,77146,A4.Y,M,"48,8318100","2,6495600",77,2019,110.0,3.0,1.0,1.0,2271971,1.0,1,1,1,4.0,,-1.0,0,1970.0,A01,138Â 198Â 206,1.0,0.0,-1.0,1734128,1.0,15,,0.0,2.0,2.0,C01,138Â 198Â 204,1.0
1015901,201900057432,7,9,14:30,1,1,1,1.0,4.0,77146,A4.Y,M,"48,8318100","2,6495600",77,2019,110.0,3.0,1.0,1.0,2271971,1.0,1,1,1,4.0,,-1.0,0,1970.0,A01,138Â 198Â 206,1.0,0.0,-1.0,1734129,1.0,15,,0.0,2.0,4.0,B01,138Â 198Â 205,1.0
1015901,201900057432,7,9,14:30,1,1,1,1.0,4.0,77146,A4.Y,M,"48,8318100","2,6495600",77,2019,110.0,3.0,1.0,1.0,2271971,1.0,1,1,1,4.0,,-1.0,0,1970.0,A01,138Â 198Â 206,1.0,0.0,-1.0,1734130,1.0,15,,0.0,2.0,4.0,A01,138Â 198Â 206,1.0
1015902,201900057433,10,11,18:55,1,2,1,1.0,1.0,31113,Avenue Pierre Mendes France,M,"43,5183000","1,5045900",31,2019,30.0,1.0,1.0,3.0,2271972,7.0,2,4,2,2.0,,0.0,0,2003.0,B01,138Â 198Â 199,0.0,-1.0,-1.0,1734131,1.0,37,3.0,0.0,2.0,3.0,B01,138Â 198Â 199,1.0
1015902,201900057433,10,11,18:55,1,2,1,1.0,1.0,31113,Avenue Pierre Mendes France,M,"43,5183000","1,5045900",31,2019,30.0,1.0,1.0,3.0,2271972,7.0,2,4,2,2.0,,0.0,0,2003.0,B01,138Â 198Â 199,0.0,-1.0,-1.0,1734132,2.0,7,,0.0,2.0,3.0,A01,138Â 198Â 200,1.0
1015902,201900057433,10,11,18:55,1,2,1,1.0,1.0,31113,Avenue Pierre Mendes France,M,"43,5183000","1,5045900",31,2019,30.0,1.0,1.0,3.0,2271973,2.0,2,4,2,1.0,,0.0,0,1949.0,B01,138Â 198Â 199,0.0,-1.0,-1.0,1734131,1.0,37,3.0,0.0,2.0,3.0,B01,138Â 198Â 199,1.0
1015902,201900057433,10,11,18:55,1,2,1,1.0,1.0,31113,Avenue Pierre Mendes France,M,"43,5183000","1,5045900",31,2019,30.0,1.0,1.0,3.0,2271973,2.0,2,4,2,1.0,,0.0,0,1949.0,B01,138Â 198Â 199,0.0,-1.0,-1.0,1734132,2.0,7,,0.0,2.0,3.0,A01,138Â 198Â 200,1.0
1015902,201900057433,10,11,18:55,1,2,1,1.0,1.0,31113,Avenue Pierre Mendes France,M,"43,5183000","1,5045900",31,2019,30.0,1.0,1.0,3.0,2271974,1.0,1,1,1,4.0,,0.0,0,1969.0,B01,138Â 198Â 199,1.0,-1.0,-1.0,1734131,1.0,37,3.0,0.0,2.0,3.0,B01,138Â 198Â 199,1.0
1015902,201900057433,10,11,18:55,1,2,1,1.0,1.0,31113,Avenue Pierre Mendes France,M,"43,5183000","1,5045900",31,2019,30.0,1.0,1.0,3.0,2271974,1.0,1,1,1,4.0,,0.0,0,1969.0,B01,138Â 198Â 199,1.0,-1.0,-1.0,1734132,2.0,7,,0.0,2.0,3.0,A01,138Â 198Â 200,1.0
1015902,201900057433,10,11,18:55,1,2,1,1.0,1.0,31113,Avenue Pierre Mendes France,M,"43,5183000","1,5045900",31,2019,30.0,1.0,1.0,3.0,2271975,1.0,1,3,1,5.0,,0.0,0,2001.0,A01,138Â 198Â 200,1.0,-1.0,-1.0,1734131,1.0,37,3.0,0.0,2.0,3.0,B01,138Â 198Â 199,1.0
1015902,201900057433,10,11,18:55,1,2,1,1.0,1.0,31113,Avenue Pierre Mendes France,M,"43,5183000","1,5045900",31,2019,30.0,1.0,1.0,3.0,2271975,1.0,1,3,1,5.0,,0.0,0,2001.0,A01,138Â 198Â 200,1.0,-1.0,-1.0,1734132,2.0,7,,0.0,2.0,3.0,A01,138Â 198Â 200,1.0
1015903,201900057434,5,11,16:38,1,1,1,1.0,3.0,83016,dn 8,M,"43,2386780","5,8027480",83,2019,80.0,1.0,1.0,3.0,2271976,1.0,1,3,1,5.0,,0.0,0,1953.0,A01,138Â 198Â 202,2.0,-1.0,-1.0,1734133,1.0,33,,0.0,2.0,1.0,A01,138Â 198Â 202,1.0
1015903,201900057434,5,11,16:38,1,1,1,1.0,3.0,83016,dn 8,M,"43,2386780","5,8027480",83,2019,80.0,1.0,1.0,3.0,2271976,1.0,1,3,1,5.0,,0.0,0,1953.0,A01,138Â 198Â 202,2.0,-1.0,-1.0,1734134,2.0,7,,0.0,2.0,8.0,B01,138Â 198Â 227,1.0
1015903,201900057434,5,11,16:38,1,1,1,1.0,3.0,83016,dn 8,M,"43,2386780","5,8027480",83,2019,80.0,1.0,1.0,3.0,2271977,1.0,1,1,1,5.0,,0.0,0,1972.0,B01,138Â 198Â 227,1.0,-1.0,-1.0,1734133,1.0,33,,0.0,2.0,1.0,A01,138Â 198Â 202,1.0
1015903,201900057434,5,11,16:38,1,1,1,1.0,3.0,83016,dn 8,M,"43,2386780","5,8027480",83,2019,80.0,1.0,1.0,3.0,2271977,1.0,1,1,1,5.0,,0.0,0,1972.0,B01,138Â 198Â 227,1.0,-1.0,-1.0,1734134,2.0,7,,0.0,2.0,8.0,B01,138Â 198Â 227,1.0
1015903,201900057434,5,11,16:38,1,1,1,1.0,3.0,83016,dn 8,M,"43,2386780","5,8027480",83,2019,80.0,1.0,1.0,3.0,2271978,2.0,2,1,2,5.0,,0.0,0,1981.0,B01,138Â 198Â 227,1.0,-1.0,-1.0,1734133,1.0,33,,0.0,2.0,1.0,A01,138Â 198Â 202,1.0
1015903,201900057434,5,11,16:38,1,1,1,1.0,3.0,83016,dn 8,M,"43,2386780","5,8027480",83,2019,80.0,1.0,1.0,3.0,2271978,2.0,2,1,2,5.0,,0.0,0,1981.0,B01,138Â 198Â 227,1.0,-1.0,-1.0,1734134,2.0,7,,0.0,2.0,8.0,B01,138Â 198Â 227,1.0
1015904,201900057435,1,4,11:35,1,1,1,1.0,1.0,60644,DÃ©partementale 981,M,"49,2800791","1,8278451",60,2019,80.0,1.0,1.0,3.0,2271979,1.0,1,3,1,3.0,,0.0,0,1946.0,A01,138Â 198Â 201,1.0,-1.0,-1.0,1734135,2.0,7,,0.0,2.0,3.0,A01,138Â 198Â 201,1.0
1015904,201900057435,1,4,11:35,1,1,1,1.0,1.0,60644,DÃ©partementale 981,M,"49,2800791","1,8278451",60,2019,80.0,1.0,1.0,3.0,2271979,1.0,1,3,1,3.0,,0.0,0,1946.0,A01,138Â 198Â 201,1.0,-1.0,-1.0,1734136,1.0,7,,0.0,2.0,3.0,B01,138Â 198Â 228,1.0
1015904,201900057435,1,4,11:35,1,1,1,1.0,1.0,60644,DÃ©partementale 981,M,"49,2800791","1,8278451",60,2019,80.0,1.0,1.0,3.0,2271980,1.0,1,2,1,3.0,,0.0,0,1951.0,B01,138Â 198Â 228,1.0,-1.0,-1.0,1734135,2.0,7,,0.0,2.0,3.0,A01,138Â 198Â 201,1.0
1015904,201900057435,1,4,11:35,1,1,1,1.0,1.0,60644,DÃ©partementale 981,M,"49,2800791","1,8278451",60,2019,80.0,1.0,1.0,3.0,2271980,1.0,1,2,1,3.0,,0.0,0,1951.0,B01,138Â 198Â 228,1.0,-1.0,-1.0,1734136,1.0,7,,0.0,2.0,3.0,B01,138Â 198Â 228,1.0
1015904,201900057435,1,4,11:35,1,1,1,1.0,1.0,60644,DÃ©partementale 981,M,"49,2800791","1,8278451",60,2019,80.0,1.0,1.0,3.0,2271981,2.0,2,4,2,3.0,,0.0,0,1949.0,B01,138Â 198Â 228,1.0,-1.0,-1.0,1734135,2.0,7,,0.0,2.0,3.0,A01,138Â 198Â 201,1.0
1015904,201900057435,1,4,11:35,1,1,1,1.0,1.0,60644,DÃ©partementale 981,M,"49,2800791","1,8278451",60,2019,80.0,1.0,1.0,3.0,2271981,2.0,2,4,2,3.0,,0.0,0,1949.0,B01,138Â 198Â 228,1.0,-1.0,-1.0,1734136,1.0,7,,0.0,2.0,3.0,B01,138Â 198Â 228,1.0
1015905,201900057436,9,11,14:30,1,1,1,1.0,2.0,13215,A7-Sens Marseille vers Lyon,M,"43,3368600","5,3770500",13,2019,90.0,1.0,1.0,1.0,2271982,1.0,2,1,1,0.0,,-1.0,0,1985.0,A01,138Â 198Â 203,1.0,0.0,-1.0,1734137,2.0,7,,0.0,2.0,4.0,A01,138Â 198Â 203,1.0
1015905,201900057436,9,11,14:30,1,1,1,1.0,2.0,13215,A7-Sens Marseille vers Lyon,M,"43,3368600","5,3770500",13,2019,90.0,1.0,1.0,1.0,2271982,1.0,2,1,1,0.0,,-1.0,0,1985.0,A01,138Â 198Â 203,1.0,0.0,-1.0,1734138,2.0,17,,0.0,2.0,1.0,B01,138Â 198Â 226,1.0
1015905,201900057436,9,11,14:30,1,1,1,1.0,2.0,13215,A7-Sens Marseille vers Lyon,M,"43,3368600","5,3770500",13,2019,90.0,1.0,1.0,1.0,2271983,1.0,1,4,2,5.0,,-1.0, -1,1975.0,A01,138Â 198Â 203,1.0,8.0,-1.0,1734137,2.0,7,,0.0,2.0,4.0,A01,138Â 198Â 203,1.0
1015905,201900057436,9,11,14:30,1,1,1,1.0,2.0,13215,A7-Sens Marseille vers Lyon,M,"43,3368600","5,3770500",13,2019,90.0,1.0,1.0,1.0,2271983,1.0,1,4,2,5.0,,-1.0, -1,1975.0,A01,138Â 198Â 203,1.0,8.0,-1.0,1734138,2.0,17,,0.0,2.0,1.0,B01,138Â 198Â 226,1.0
1015905,201900057436,9,11,14:30,1,1,1,1.0,2.0,13215,A7-Sens Marseille vers Lyon,M,"43,3368600","5,3770500",13,2019,90.0,1.0,1.0,1.0,2271984,1.0,1,1,1,4.0,,-1.0, -1,1975.0,B01,138Â 198Â 226,1.0,8.0,-1.0,1734137,2.0,7,,0.0,2.0,4.0,A01,138Â 198Â 203,1.0
1015905,201900057436,9,11,14:30,1,1,1,1.0,2.0,13215,A7-Sens Marseille vers Lyon,M,"43,3368600","5,3770500",13,2019,90.0,1.0,1.0,1.0,2271984,1.0,1,1,1,4.0,,-1.0, -1,1975.0,B01,138Â 198Â 226,1.0,8.0,-1.0,1734138,2.0,17,,0.0,2.0,1.0,B01,138Â 198Â 226,1.0
1015906,201900057437,9,22,10:50,1,1,1,1.0,6.0,13203,A557-Liaison A7 Marseille-A55 Marseille,M,"43,3190150","5,3675870",13,2019,50.0,1.0,8.0,1.0,2271985,1.0,1,4,1,5.0,,-1.0,0,1990.0,A01,138Â 198Â 191,2.0,0.0,-1.0,1734139,1.0,33,,0.0,0.0,8.0,A01,138Â 198Â 191,1.0
1015907,201900057438,9,21,23:15,3,1,1,8.0,6.0,13056,A55-Sens Martigues vers Marseille,M,"43,3966300","5,0450077",13,2019,70.0,1.0,2.0,1.0,2271986,2.0,2,4,1,5.0,,-1.0,0,1998.0,A01,138Â 198Â 190,1.0,8.0,-1.0,1734140,1.0,7,,4.0,0.0,3.0,A01,138Â 198Â 190,1.0
1015907,201900057438,9,21,23:15,3,1,1,8.0,6.0,13056,A55-Sens Martigues vers Marseille,M,"43,3966300","5,0450077",13,2019,70.0,1.0,2.0,1.0,2271987,1.0,1,4,2,5.0,,-1.0, -1,2000.0,A01,138Â 198Â 190,1.0,8.0,-1.0,1734140,1.0,7,,4.0,0.0,3.0,A01,138Â 198Â 190,1.0
1015908,201900057439,9,22,03:07,5,1,1,1.0,2.0,69199,RD383   14.250 A 18.000,M,"45,7058500","4,8437800",69,2019,70.0,1.0,1.0,3.0,2271988,5.0,2,3,2,5.0,,-1.0,0,1984.0,B01,138Â 198Â 189,8.0,-1.0,-1.0,1734141,1.0,7,,0.0,2.0,1.0,Z01,138Â 198Â 188,1.0
1015908,201900057439,9,22,03:07,5,1,1,1.0,2.0,69199,RD383   14.250 A 18.000,M,"45,7058500","4,8437800",69,2019,70.0,1.0,1.0,3.0,2271988,5.0,2,3,2,5.0,,-1.0,0,1984.0,B01,138Â 198Â 189,8.0,-1.0,-1.0,1734142,0.0,7,,0.0,0.0,4.0,B01,138Â 198Â 189,1.0
1015908,201900057439,9,22,03:07,5,1,1,1.0,2.0,69199,RD383   14.250 A 18.000,M,"45,7058500","4,8437800",69,2019,70.0,1.0,1.0,3.0,2271989,1.0,1,3,2,5.0,,-1.0,0,1984.0,B01,138Â 198Â 189,8.0,-1.0,-1.0,1734141,1.0,7,,0.0,2.0,1.0,Z01,138Â 198Â 188,1.0
1015908,201900057439,9,22,03:07,5,1,1,1.0,2.0,69199,RD383   14.250 A 18.000,M,"45,7058500","4,8437800",69,2019,70.0,1.0,1.0,3.0,2271989,1.0,1,3,2,5.0,,-1.0,0,1984.0,B01,138Â 198Â 189,8.0,-1.0,-1.0,1734142,0.0,7,,0.0,0.0,4.0,B01,138Â 198Â 189,1.0
1015908,201900057439,9,22,03:07,5,1,1,1.0,2.0,69199,RD383   14.250 A 18.000,M,"45,7058500","4,8437800",69,2019,70.0,1.0,1.0,3.0,2271990,3.0,2,3,2,5.0,,-1.0,0,1984.0,B01,138Â 198Â 189,8.0,-1.0,-1.0,1734141,1.0,7,,0.0,2.0,1.0,Z01,138Â 198Â 188,1.0
1015908,201900057439,9,22,03:07,5,1,1,1.0,2.0,69199,RD383   14.250 A 18.000,M,"45,7058500","4,8437800",69,2019,70.0,1.0,1.0,3.0,2271990,3.0,2,3,2,5.0,,-1.0,0,1984.0,B01,138Â 198Â 189,8.0,-1.0,-1.0,1734142,0.0,7,,0.0,0.0,4.0,B01,138Â 198Â 189,1.0
1015908,201900057439,9,22,03:07,5,1,1,1.0,2.0,69199,RD383   14.250 A 18.000,M,"45,7058500","4,8437800",69,2019,70.0,1.0,1.0,3.0,2271991,4.0,2,2,2,5.0,,-1.0,0,1982.0,B01,138Â 198Â 189,8.0,0.0,-1.0,1734141,1.0,7,,0.0,2.0,1.0,Z01,138Â 198Â 188,1.0
1015908,201900057439,9,22,03:07,5,1,1,1.0,2.0,69199,RD383   14.250 A 18.000,M,"45,7058500","4,8437800",69,2019,70.0,1.0,1.0,3.0,2271991,4.0,2,2,2,5.0,,-1.0,0,1982.0,B01,138Â 198Â 189,8.0,0.0,-1.0,1734142,0.0,7,,0.0,0.0,4.0,B01,138Â 198Â 189,1.0