Unnamed: 0_x,num_acc,mois,jour,hrmn,lum,agg,int,atm,col,com,adr,gps,lat,long,dep,annee,vma,situ,surf,catr,Unnamed: 0_y,place,catu,grav,sexe,trajet,secu,locp,actp,an_nais,num_veh_x,id_vehicule_x,secu1,secu2,secu3,Unnamed: 0,senc,catv,occutc,obs,obsm,choc,num_veh_y,id_vehicule_y,motor
1015908,201900057439,9,22,03:07,5,1,1,1.0,2.0,69199,RD383   14.250 A 18.000,M,"45,7058500","4,8437800",69,2019,70.0,1.0,1.0,3.0,2271992,2.0,2,3,2,5.0,,-1.0,0,1978.0,B01,138Â 198Â 189,8.0,-1.0,-1.0,1734141,1.0,7,,0.0,2.0,1.0,Z01,138Â 198Â 188,1.0
1015908,201900057439,9,22,03:07,5,1,1,1.0,2.0,69199,RD383   14.250 A 18.000,M,"45,7058500","4,8437800",69,2019,70.0,1.0,1.0,3.0,2271992,2.0,2,3,2,5.0,,-1.0,0,1978.0,B01,138Â 198Â 189,8.0,-1.0,-1.0,1734142,0.0,7,,0.0,0.0,4.0,B01,138Â 198Â 189,1.0
1015909,201900057440,3,28,10:40,1,1,1,1.0,6.0,82014,D6,M,"43,8200440","1,1340620",82,2019,80.0,3.0,1.0,3.0,2271993,1.0,1,3,1,5.0,,0.0,0,1936.0,A01,138Â 198Â 186,1.0,-1.0,-1.0,1734143,1.0,7,,13.0,0.0,3.0,A01,138Â 198Â 186,1.0
1015910,201900057441,9,20,17:45,1,1,1,1.0,3.0,69382,A7   0.000 A 2.278,M,"45,7389000","4,8222800",69,2019,70.0,1.0,1.0,1.0,2271994,1.0,1,4,1,1.0,,-1.0,0,1989.0,B01,138Â 198Â 185,2.0,6.0,-1.0,1734144,1.0,33,,0.0,2.0,2.0,B01,138Â 198Â 185,1.0
1015910,201900057441,9,20,17:45,1,1,1,1.0,3.0,69382,A7   0.000 A 2.278,M,"45,7389000","4,8222800",69,2019,70.0,1.0,1.0,1.0,2271994,1.0,1,4,1,1.0,,-1.0,0,1989.0,B01,138Â 198Â 185,2.0,6.0,-1.0,1734145,1.0,7,,0.0,2.0,6.0,A01,138Â 198Â 187,1.0
1015910,201900057441,9,20,17:45,1,1,1,1.0,3.0,69382,A7   0.000 A 2.278,M,"45,7389000","4,8222800",69,2019,70.0,1.0,1.0,1.0,2271995,1.0,1,1,2,1.0,,-1.0,0,1996.0,A01,138Â 198Â 187,1.0,8.0,-1.0,1734144,1.0,33,,0.0,2.0,2.0,B01,138Â 198Â 185,1.0
1015910,201900057441,9,20,17:45,1,1,1,1.0,3.0,69382,A7   0.000 A 2.278,M,"45,7389000","4,8222800",69,2019,70.0,1.0,1.0,1.0,2271995,1.0,1,1,2,1.0,,-1.0,0,1996.0,A01,138Â 198Â 187,1.0,8.0,-1.0,1734145,1.0,7,,0.0,2.0,6.0,A01,138Â 198Â 187,1.0
1015911,201900057442,3,27,15:45,1,1,2,1.0,3.0,61484,CD 635/CD 286,M,"48,2826830","0,7194880",61,2019,80.0,1.0,1.0,3.0,2271996,1.0,1,1,1,0.0,,0.0,0,1946.0,B01,138Â 198Â 183,1.0,-1.0,-1.0,1734146,1.0,7,,0.0,2.0,3.0,B01,138Â 198Â 183,1.0
1015911,201900057442,3,27,15:45,1,1,2,1.0,3.0,61484,CD 635/CD 286,M,"48,2826830","0,7194880",61,2019,80.0,1.0,1.0,3.0,2271996,1.0,1,1,1,0.0,,0.0,0,1946.0,B01,138Â 198Â 183,1.0,-1.0,-1.0,1734147,2.0,3,,0.0,2.0,1.0,A01,138Â 198Â 184,1.0
1015911,201900057442,3,27,15:45,1,1,2,1.0,3.0,61484,CD 635/CD 286,M,"48,2826830","0,7194880",61,2019,80.0,1.0,1.0,3.0,2271997,1.0,1,4,2,5.0,,0.0,0,2003.0,A01,138Â 198Â 184,1.0,-1.0,-1.0,1734146,1.0,7,,0.0,2.0,3.0,B01,138Â 198Â 183,1.0
1015911,201900057442,3,27,15:45,1,1,2,1.0,3.0,61484,CD 635/CD 286,M,"48,2826830","0,7194880",61,2019,80.0,1.0,1.0,3.0,2271997,1.0,1,4,2,5.0,,0.0,0,2003.0,A01,138Â 198Â 184,1.0,-1.0,-1.0,1734147,2.0,3,,0.0,2.0,1.0,A01,138Â 198Â 184,1.0
1015912,201900057443,9,12,18:35,1,1,1,1.0,2.0,42218,A72,M,"45,4503100","4,4202500",42,2019,90.0,1.0,1.0,1.0,2271998,1.0,1,1,1,2.0,,-1.0, -1,1998.0,A01,138Â 198Â 181,1.0,0.0,-1.0,1734148,1.0,7,,0.0,2.0,1.0,A01,138Â 198Â 181,1.0
1015912,201900057443,9,12,18:35,1,1,1,1.0,2.0,42218,A72,M,"45,4503100","4,4202500",42,2019,90.0,1.0,1.0,1.0,2271998,1.0,1,1,1,2.0,,-1.0, -1,1998.0,A01,138Â 198Â 181,1.0,0.0,-1.0,1734149,1.0,7,,0.0,2.0,4.0,B01,138Â 198Â 182,1.0
1015912,201900057443,9,12,18:35,1,1,1,1.0,2.0,42218,A72,M,"45,4503100","4,4202500",42,2019,90.0,1.0,1.0,1.0,2271999,1.0,1,3,1,0.0,,-1.0, -1,1964.0,B01,138Â 198Â 182,1.0,0.0,-1.0,1734148,1.0,7,,0.0,2.0,1.0,A01,138Â 198Â 181,1.0
1015912,201900057443,9,12,18:35,1,1,1,1.0,2.0,42218,A72,M,"45,4503100","4,4202500",42,2019,90.0,1.0,1.0,1.0,2271999,1.0,1,3,1,0.0,,-1.0, -1,1964.0,B01,138Â 198Â 182,1.0,0.0,-1.0,1734149,1.0,7,,0.0,2.0,4.0,B01,138Â 198Â 182,1.0
1015913,201900057444,3,16,14:45,1,2,1,1.0,7.0,42323,Avenue Henri Planchet,M,"45,5655730","4,2926500",42,2019,50.0,1.0,1.0,3.0,2272000,1.0,1,3,1,5.0,,0.0,0,1931.0,A01,138Â 198Â 180,2.0,-1.0,-1.0,1734150,3.0,33,,0.0,0.0,0.0,A01,138Â 198Â 180,1.0
1015914,201900057445,9,22,17:30,1,1,1,2.0,7.0,94034,AUTOROUTE A86,M,"48,7522000","2,3281000",94,2019,70.0,1.0,2.0,1.0,2272001,2.0,2,4,2,5.0,,-1.0, -1,1989.0,A01,138Â 198Â 179,1.0,0.0,-1.0,1734151,1.0,7,,3.0,0.0,1.0,A01,138Â 198Â 179,1.0
1015914,201900057445,9,22,17:30,1,1,1,2.0,7.0,94034,AUTOROUTE A86,M,"48,7522000","2,3281000",94,2019,70.0,1.0,2.0,1.0,2272002,1.0,1,1,1,5.0,,-1.0, -1,1990.0,A01,138Â 198Â 179,1.0,0.0,-1.0,1734151,1.0,7,,3.0,0.0,1.0,A01,138Â 198Â 179,1.0
1015915,201900057446,3,27,09:40,1,1,1,1.0,6.0,46185,RD 803 PK 13+100,M,"44,9430660","1,6246930",46,2019,80.0,3.0,1.0,3.0,2272003,1.0,1,3,1,5.0,,0.0,0,1940.0,A01,138Â 198Â 178,8.0,-1.0,-1.0,1734152,1.0,7,,13.0,0.0,3.0,A01,138Â 198Â 178,1.0
1015915,201900057446,3,27,09:40,1,1,1,1.0,6.0,46185,RD 803 PK 13+100,M,"44,9430660","1,6246930",46,2019,80.0,3.0,1.0,3.0,2272004,9.0,2,3,2,5.0,,0.0,0,1936.0,A01,138Â 198Â 178,8.0,-1.0,-1.0,1734152,1.0,7,,13.0,0.0,3.0,A01,138Â 198Â 178,1.0
1015915,201900057446,3,27,09:40,1,1,1,1.0,6.0,46185,RD 803 PK 13+100,M,"44,9430660","1,6246930",46,2019,80.0,3.0,1.0,3.0,2272005,2.0,2,1,1,5.0,,0.0,0,1938.0,A01,138Â 198Â 178,8.0,-1.0,-1.0,1734152,1.0,7,,13.0,0.0,3.0,A01,138Â 198Â 178,1.0
1015915,201900057446,3,27,09:40,1,1,1,1.0,6.0,46185,RD 803 PK 13+100,M,"44,9430660","1,6246930",46,2019,80.0,3.0,1.0,3.0,2272006,7.0,2,1,2,5.0,,0.0,0,1939.0,A01,138Â 198Â 178,8.0,-1.0,-1.0,1734152,1.0,7,,13.0,0.0,3.0,A01,138Â 198Â 178,1.0
1015916,201900057447,9,22,16:00,1,1,1,2.0,3.0,91347,RN 104,M,"48,6229320","2,2920970",91,2019,110.0,1.0,2.0,2.0,2272007,2.0,2,4,1,0.0,,0.0,0,1966.0,B01,138Â 198Â 175,1.0,0.0,-1.0,1734153,2.0,7,,0.0,2.0,6.0,B01,138Â 198Â 175,1.0
1015916,201900057447,9,22,16:00,1,1,1,2.0,3.0,91347,RN 104,M,"48,6229320","2,2920970",91,2019,110.0,1.0,2.0,2.0,2272007,2.0,2,4,1,0.0,,0.0,0,1966.0,B01,138Â 198Â 175,1.0,0.0,-1.0,1734154,2.0,7,,0.0,2.0,2.0,A01,138Â 198Â 177,1.0
1015916,201900057447,9,22,16:00,1,1,1,2.0,3.0,91347,RN 104,M,"48,6229320","2,2920970",91,2019,110.0,1.0,2.0,2.0,2272008,1.0,1,4,1,9.0,,0.0,0,1966.0,B01,138Â 198Â 175,1.0,0.0,-1.0,1734153,2.0,7,,0.0,2.0,6.0,B01,138Â 198Â 175,1.0
1015916,201900057447,9,22,16:00,1,1,1,2.0,3.0,91347,RN 104,M,"48,6229320","2,2920970",91,2019,110.0,1.0,2.0,2.0,2272008,1.0,1,4,1,9.0,,0.0,0,1966.0,B01,138Â 198Â 175,1.0,0.0,-1.0,1734154,2.0,7,,0.0,2.0,2.0,A01,138Â 198Â 177,1.0
1015916,201900057447,9,22,16:00,1,1,1,2.0,3.0,91347,RN 104,M,"48,6229320","2,2920970",91,2019,110.0,1.0,2.0,2.0,2272009,1.0,1,1,1,9.0,,0.0,0,2001.0,A01,138Â 198Â 177,1.0,0.0,-1.0,1734153,2.0,7,,0.0,2.0,6.0,B01,138Â 198Â 175,1.0
1015916,201900057447,9,22,16:00,1,1,1,2.0,3.0,91347,RN 104,M,"48,6229320","2,2920970",91,2019,110.0,1.0,2.0,2.0,2272009,1.0,1,1,1,9.0,,0.0,0,2001.0,A01,138Â 198Â 177,1.0,0.0,-1.0,1734154,2.0,7,,0.0,2.0,2.0,A01,138Â 198Â 177,1.0
1015917,201900057448,3,27,18:35,1,2,6,1.0,3.0,29175,Rue des FrÃ¨res Floch,M,"48,2491125"," -3,8224304",29,2019,50.0,1.0,1.0,3.0,2272010,1.0,1,4,1,5.0,,0.0,0,2001.0,B01,138Â 198Â 174,8.0,-1.0,-1.0,1734155,2.0,1,,0.0,2.0,2.0,B01,138Â 198Â 174,0.0
1015917,201900057448,3,27,18:35,1,2,6,1.0,3.0,29175,Rue des FrÃ¨res Floch,M,"48,2491125"," -3,8224304",29,2019,50.0,1.0,1.0,3.0,2272010,1.0,1,4,1,5.0,,0.0,0,2001.0,B01,138Â 198Â 174,8.0,-1.0,-1.0,1734156,1.0,7,,0.0,2.0,3.0,A01,138Â 198Â 176,0.0
1015917,201900057448,3,27,18:35,1,2,6,1.0,3.0,29175,Rue des FrÃ¨res Floch,M,"48,2491125"," -3,8224304",29,2019,50.0,1.0,1.0,3.0,2272011,1.0,1,1,1,9.0,,0.0,0,1958.0,A01,138Â 198Â 176,1.0,-1.0,-1.0,1734155,2.0,1,,0.0,2.0,2.0,B01,138Â 198Â 174,0.0
1015917,201900057448,3,27,18:35,1,2,6,1.0,3.0,29175,Rue des FrÃ¨res Floch,M,"48,2491125"," -3,8224304",29,2019,50.0,1.0,1.0,3.0,2272011,1.0,1,1,1,9.0,,0.0,0,1958.0,A01,138Â 198Â 176,1.0,-1.0,-1.0,1734156,1.0,7,,0.0,2.0,3.0,A01,138Â 198Â 176,0.0
1015918,201900057449,9,22,15:30,1,1,1,2.0,7.0,91521,RN 104,M,"48,6361000","2,4025000",91,2019,70.0,1.0,2.0,2.0,2272012,1.0,1,4,2,5.0,,0.0,0,1989.0,A01,138Â 198Â 173,1.0,0.0,-1.0,1734157,1.0,7,,4.0,0.0,1.0,A01,138Â 198Â 173,1.0
1015919,201900057450,3,23,17:14,1,2,2,1.0,3.0,01426,RD 52,M,"46,2721510","5,3664910",1,2019,50.0,1.0,1.0,3.0,2272013,1.0,1,3,1,5.0,,0.0,0,2001.0,B01,138Â 198Â 171,2.0,6.0,9.0,1734158,2.0,2,,0.0,2.0,1.0,B01,138Â 198Â 171,1.0
1015919,201900057450,3,23,17:14,1,2,2,1.0,3.0,01426,RD 52,M,"46,2721510","5,3664910",1,2019,50.0,1.0,1.0,3.0,2272013,1.0,1,3,1,5.0,,0.0,0,2001.0,B01,138Â 198Â 171,2.0,6.0,9.0,1734159,1.0,7,,0.0,0.0,3.0,A01,138Â 198Â 172,1.0
1015919,201900057450,3,23,17:14,1,2,2,1.0,3.0,01426,RD 52,M,"46,2721510","5,3664910",1,2019,50.0,1.0,1.0,3.0,2272014,1.0,1,1,1,5.0,,0.0,0,1989.0,A01,138Â 198Â 172,1.0,-1.0,-1.0,1734158,2.0,2,,0.0,2.0,1.0,B01,138Â 198Â 171,1.0
1015919,201900057450,3,23,17:14,1,2,2,1.0,3.0,01426,RD 52,M,"46,2721510","5,3664910",1,2019,50.0,1.0,1.0,3.0,2272014,1.0,1,1,1,5.0,,0.0,0,1989.0,A01,138Â 198Â 172,1.0,-1.0,-1.0,1734159,1.0,7,,0.0,0.0,3.0,A01,138Â 198Â 172,1.0
1015920,201900057451,1,4,18:30,3,1,1,1.0,4.0,80646,A1,M,"49,7999730","2,8090700",80,2019,-1.0,1.0,1.0,1.0,2272015,1.0,1,1,1,0.0,,0.0,0,1962.0,E01,138Â 198Â 168,1.0,-1.0,-1.0,1734160,2.0,7,,0.0,2.0,1.0,E01,138Â 198Â 168,1.0
1015920,201900057451,1,4,18:30,3,1,1,1.0,4.0,80646,A1,M,"49,7999730","2,8090700",80,2019,-1.0,1.0,1.0,1.0,2272015,1.0,1,1,1,0.0,,0.0,0,1962.0,E01,138Â 198Â 168,1.0,-1.0,-1.0,1734161,2.0,7,,0.0,2.0,3.0,D01,138Â 198Â 192,1.0
1015920,201900057451,1,4,18:30,3,1,1,1.0,4.0,80646,A1,M,"49,7999730","2,8090700",80,2019,-1.0,1.0,1.0,1.0,2272015,1.0,1,1,1,0.0,,0.0,0,1962.0,E01,138Â 198Â 168,1.0,-1.0,-1.0,1734162,2.0,7,,0.0,2.0,1.0,C01,138Â 198Â 193,1.0
1015920,201900057451,1,4,18:30,3,1,1,1.0,4.0,80646,A1,M,"49,7999730","2,8090700",80,2019,-1.0,1.0,1.0,1.0,2272015,1.0,1,1,1,0.0,,0.0,0,1962.0,E01,138Â 198Â 168,1.0,-1.0,-1.0,1734163,2.0,15,,0.0,0.0,4.0,B01,138Â 198Â 194,1.0
1015920,201900057451,1,4,18:30,3,1,1,1.0,4.0,80646,A1,M,"49,7999730","2,8090700",80,2019,-1.0,1.0,1.0,1.0,2272015,1.0,1,1,1,0.0,,0.0,0,1962.0,E01,138Â 198Â 168,1.0,-1.0,-1.0,1734164,2.0,7,,0.0,2.0,1.0,A01,138Â 198Â 195,1.0
1015920,201900057451,1,4,18:30,3,1,1,1.0,4.0,80646,A1,M,"49,7999730","2,8090700",80,2019,-1.0,1.0,1.0,1.0,2272016,1.0,1,1,1,0.0,,0.0,0,1971.0,D01,138Â 198Â 192,1.0,-1.0,-1.0,1734160,2.0,7,,0.0,2.0,1.0,E01,138Â 198Â 168,1.0
1015920,201900057451,1,4,18:30,3,1,1,1.0,4.0,80646,A1,M,"49,7999730","2,8090700",80,2019,-1.0,1.0,1.0,1.0,2272016,1.0,1,1,1,0.0,,0.0,0,1971.0,D01,138Â 198Â 192,1.0,-1.0,-1.0,1734161,2.0,7,,0.0,2.0,3.0,D01,138Â 198Â 192,1.0
1015920,201900057451,1,4,18:30,3,1,1,1.0,4.0,80646,A1,M,"49,7999730","2,8090700",80,2019,-1.0,1.0,1.0,1.0,2272016,1.0,1,1,1,0.0,,0.0,0,1971.0,D01,138Â 198Â 192,1.0,-1.0,-1.0,1734162,2.0,7,,0.0,2.0,1.0,C01,138Â 198Â 193,1.0
1015920,201900057451,1,4,18:30,3,1,1,1.0,4.0,80646,A1,M,"49,7999730","2,8090700",80,2019,-1.0,1.0,1.0,1.0,2272016,1.0,1,1,1,0.0,,0.0,0,1971.0,D01,138Â 198Â 192,1.0,-1.0,-1.0,1734163,2.0,15,,0.0,0.0,4.0,B01,138Â 198Â 194,1.0
1015920,201900057451,1,4,18:30,3,1,1,1.0,4.0,80646,A1,M,"49,7999730","2,8090700",80,2019,-1.0,1.0,1.0,1.0,2272016,1.0,1,1,1,0.0,,0.0,0,1971.0,D01,138Â 198Â 192,1.0,-1.0,-1.0,1734164,2.0,7,,0.0,2.0,1.0,A01,138Â 198Â 195,1.0
1015920,201900057451,1,4,18:30,3,1,1,1.0,4.0,80646,A1,M,"49,7999730","2,8090700",80,2019,-1.0,1.0,1.0,1.0,2272017,2.0,2,1,2,0.0,,0.0,0,1973.0,D01,138Â 198Â 192,1.0,-1.0,-1.0,1734160,2.0,7,,0.0,2.0,1.0,E01,138Â 198Â 168,1.0
1015920,201900057451,1,4,18:30,3,1,1,1.0,4.0,80646,A1,M,"49,7999730","2,8090700",80,2019,-1.0,1.0,1.0,1.0,2272017,2.0,2,1,2,0.0,,0.0,0,1973.0,D01,138Â 198Â 192,1.0,-1.0,-1.0,1734161,2.0,7,,0.0,2.0,3.0,D01,138Â 198Â 192,1.0
1015920,201900057451,1,4,18:30,3,1,1,1.0,4.0,80646,A1,M,"49,7999730","2,8090700",80,2019,-1.0,1.0,1.0,1.0,2272017,2.0,2,1,2,0.0,,0.0,0,1973.0,D01,138Â 198Â 192,1.0,-1.0,-1.0,1734162,2.0,7,,0.0,2.0,1.0,C01,138Â 198Â 193,1.0
1015920,201900057451,1,4,18:30,3,1,1,1.0,4.0,80646,A1,M,"49,7999730","2,8090700",80,2019,-1.0,1.0,1.0,1.0,2272017,2.0,2,1,2,0.0,,0.0,0,1973.0,D01,138Â 198Â 192,1.0,-1.0,-1.0,1734163,2.0,15,,0.0,0.0,4.0,B01,138Â 198Â 194,1.0
1015920,201900057451,1,4,18:30,3,1,1,1.0,4.0,80646,A1,M,"49,7999730","2,8090700",80,2019,-1.0,1.0,1.0,1.0,2272017,2.0,2,1,2,0.0,,0.0,0,1973.0,D01,138Â 198Â 192,1.0,-1.0,-1.0,1734164,2.0,7,,0.0,2.0,1.0,A01,138Â 198Â 195,1.0
1015920,201900057451,1,4,18:30,3,1,1,1.0,4.0,80646,A1,M,"49,7999730","2,8090700",80,2019,-1.0,1.0,1.0,1.0,2272018,1.0,1,3,2,9.0,,0.0,0,1991.0,C01,138Â 198Â 193,1.0,-1.0,-1.0,1734160,2.0,7,,0.0,2.0,1.0,E01,138Â 198Â 168,1.0
1015920,201900057451,1,4,18:30,3,1,1,1.0,4.0,80646,A1,M,"49,7999730","2,8090700",80,2019,-1.0,1.0,1.0,1.0,2272018,1.0,1,3,2,9.0,,0.0,0,1991.0,C01,138Â 198Â 193,1.0,-1.0,-1.0,1734161,2.0,7,,0.0,2.0,3.0,D01,138Â 198Â 192,1.0
1015920,201900057451,1,4,18:30,3,1,1,1.0,4.0,80646,A1,M,"49,7999730","2,8090700",80,2019,-1.0,1.0,1.0,1.0,2272018,1.0,1,3,2,9.0,,0.0,0,1991.0,C01,138Â 198Â 193,1.0,-1.0,-1.0,1734162,2.0,7,,0.0,2.0,1.0,C01,138Â 198Â 193,1.0
1015920,201900057451,1,4,18:30,3,1,1,1.0,4.0,80646,A1,M,"49,7999730","2,8090700",80,2019,-1.0,1.0,1.0,1.0,2272018,1.0,1,3,2,9.0,,0.0,0,1991.0,C01,138Â 198Â 193,1.0,-1.0,-1.0,1734163,2.0,15,,0.0,0.0,4.0,B01,138Â 198Â 194,1.0
1015920,201900057451,1,4,18:30,3,1,1,1.0,4.0,80646,A1,M,"49,7999730","2,8090700",80,2019,-1.0,1.0,1.0,1.0,2272018,1.0,1,3,2,9.0,,0.0,0,1991.0,C01,138Â 198Â 193,1.0,-1.0,-1.0,1734164,2.0,7,,0.0,2.0,1.0,A01,138Â 198Â 195,1.0
1015920,201900057451,1,4,18:30,3,1,1,1.0,4.0,80646,A1,M,"49,7999730","2,8090700",80,2019,-1.0,1.0,1.0,1.0,2272019,1.0,1,1,1,4.0,,0.0,0,1982.0,B01,138Â 198Â 194,1.0,-1.0,-1.0,1734160,2.0,7,,0.0,2.0,1.0,E01,138Â 198Â 168,1.0
1015920,201900057451,1,4,18:30,3,1,1,1.0,4.0,80646,A1,M,"49,7999730","2,8090700",80,2019,-1.0,1.0,1.0,1.0,2272019,1.0,1,1,1,4.0,,0.0,0,1982.0,B01,138Â 198Â 194,1.0,-1.0,-1.0,1734161,2.0,7,,0.0,2.0,3.0,D01,138Â 198Â 192,1.0
1015920,201900057451,1,4,18:30,3,1,1,1.0,4.0,80646,A1,M,"49,7999730","2,8090700",80,2019,-1.0,1.0,1.0,1.0,2272019,1.0,1,1,1,4.0,,0.0,0,1982.0,B01,138Â 198Â 194,1.0,-1.0,-1.0,1734162,2.0,7,,0.0,2.0,1.0,C01,138Â 198Â 193,1.0
1015920,201900057451,1,4,18:30,3,1,1,1.0,4.0,80646,A1,M,"49,7999730","2,8090700",80,2019,-1.0,1.0,1.0,1.0,2272019,1.0,1,1,1,4.0,,0.0,0,1982.0,B01,138Â 198Â 194,1.0,-1.0,-1.0,1734163,2.0,15,,0.0,0.0,4.0,B01,138Â 198Â 194,1.0
1015920,201900057451,1,4,18:30,3,1,1,1.0,4.0,80646,A1,M,"49,7999730","2,8090700",80,2019,-1.0,1.0,1.0,1.0,2272019,1.0,1,1,1,4.0,,0.0,0,1982.0,B01,138Â 198Â 194,1.0,-1.0,-1.0,1734164,2.0,7,,0.0,2.0,1.0,A01,138Â 198Â 195,1.0
1015920,201900057451,1,4,18:30,3,1,1,1.0,4.0,80646,A1,M,"49,7999730","2,8090700",80,2019,-1.0,1.0,1.0,1.0,2272020,1.0,1,1,1,0.0,,0.0,0,1972.0,A01,138Â 198Â 195,1.0,-1.0,-1.0,1734160,2.0,7,,0.0,2.0,1.0,E01,138Â 198Â 168,1.0
1015920,201900057451,1,4,18:30,3,1,1,1.0,4.0,80646,A1,M,"49,7999730","2,8090700",80,2019,-1.0,1.0,1.0,1.0,2272020,1.0,1,1,1,0.0,,0.0,0,1972.0,A01,138Â 198Â 195,1.0,-1.0,-1.0,1734161,2.0,7,,0.0,2.0,3.0,D01,138Â 198Â 192,1.0
1015920,201900057451,1,4,18:30,3,1,1,1.0,4.0,80646,A1,M,"49,7999730","2,8090700",80,2019,-1.0,1.0,1.0,1.0,2272020,1.0,1,1,1,0.0,,0.0,0,1972.0,A01,138Â 198Â 195,1.0,-1.0,-1.0,1734162,2.0,7,,0.0,2.0,1.0,C01,138Â 198Â 193,1.0
1015920,201900057451,1,4,18:30,3,1,1,1.0,4.0,80646,A1,M,"49,7999730","2,8090700",80,2019,-1.0,1.0,1.0,1.0,2272020,1.0,1,1,1,0.0,,0.0,0,1972.0,A01,138Â 198Â 195,1.0,-1.0,-1.0,1734163,2.0,15,,0.0,0.0,4.0,B01,138Â 198Â 194,1.0
1015920,201900057451,1,4,18:30,3,1,1,1.0,4.0,80646,A1,M,"49,7999730","2,8090700",80,2019,-1.0,1.0,1.0,1.0,2272020,1.0,1,1,1,0.0,,0.0,0,1972.0,A01,138Â 198Â 195,1.0,-1.0,-1.0,1734164,2.0,7,,0.0,2.0,1.0,A01,138Â 198Â 195,1.0
1015921,201900057452,4,30,11:05,1,1,1,1.0,3.0,83127,,M,"43,2776050","5,9161520",83,2019,70.0,1.0,1.0,3.0,2272021,1.0,1,1,1,1.0,,0.0,0,1981.0,A01,138Â 198Â 167,1.0,-1.0,-1.0,1734165,1.0,10,,0.0,2.0,3.0,A01,138Â 198Â 167,1.0
1015921,201900057452,4,30,11:05,1,1,1,1.0,3.0,83127,,M,"43,2776050","5,9161520",83,2019,70.0,1.0,1.0,3.0,2272021,1.0,1,1,1,1.0,,0.0,0,1981.0,A01,138Â 198Â 167,1.0,-1.0,-1.0,1734166,2.0,7,,0.0,2.0,8.0,B01,138Â 198Â 196,1.0
1015921,201900057452,4,30,11:05,1,1,1,1.0,3.0,83127,,M,"43,2776050","5,9161520",83,2019,70.0,1.0,1.0,3.0,2272022,1.0,1,4,1,5.0,,0.0,0,1956.0,B01,138Â 198Â 196,1.0,-1.0,-1.0,1734165,1.0,10,,0.0,2.0,3.0,A01,138Â 198Â 167,1.0
1015921,201900057452,4,30,11:05,1,1,1,1.0,3.0,83127,,M,"43,2776050","5,9161520",83,2019,70.0,1.0,1.0,3.0,2272022,1.0,1,4,1,5.0,,0.0,0,1956.0,B01,138Â 198Â 196,1.0,-1.0,-1.0,1734166,2.0,7,,0.0,2.0,8.0,B01,138Â 198Â 196,1.0
1015921,201900057452,4,30,11:05,1,1,1,1.0,3.0,83127,,M,"43,2776050","5,9161520",83,2019,70.0,1.0,1.0,3.0,2272023,2.0,2,1,2,5.0,,0.0,0,1988.0,B01,138Â 198Â 196,1.0,-1.0,-1.0,1734165,1.0,10,,0.0,2.0,3.0,A01,138Â 198Â 167,1.0
1015921,201900057452,4,30,11:05,1,1,1,1.0,3.0,83127,,M,"43,2776050","5,9161520",83,2019,70.0,1.0,1.0,3.0,2272023,2.0,2,1,2,5.0,,0.0,0,1988.0,B01,138Â 198Â 196,1.0,-1.0,-1.0,1734166,2.0,7,,0.0,2.0,8.0,B01,138Â 198Â 196,1.0
1015922,201900057453,9,22,14:20,1,1,1,3.0,4.0,94034,AUTOROUTE A86,M,"48,7595000","2,3231000",94,2019,70.0,1.0,2.0,1.0,2272024,2.0,2,4,1,5.0,,-1.0,0,2001.0,A01,138Â 198Â 163,1.0,0.0,-1.0,1734167,1.0,7,,0.0,2.0,1.0,A01,138Â 198Â 163,1.0
1015922,201900057453,9,22,14:20,1,1,1,3.0,4.0,94034,AUTOROUTE A86,M,"48,7595000","2,3231000",94,2019,70.0,1.0,2.0,1.0,2272024,2.0,2,4,1,5.0,,-1.0,0,2001.0,A01,138Â 198Â 163,1.0,0.0,-1.0,1734168,1.0,7,,0.0,2.0,4.0,B01,138Â 198Â 164,1.0
1015922,201900057453,9,22,14:20,1,1,1,3.0,4.0,94034,AUTOROUTE A86,M,"48,7595000","2,3231000",94,2019,70.0,1.0,2.0,1.0,2272024,2.0,2,4,1,5.0,,-1.0,0,2001.0,A01,138Â 198Â 163,1.0,0.0,-1.0,1734169,1.0,7,,0.0,2.0,4.0,C01,138Â 198Â 165,1.0
1015922,201900057453,9,22,14:20,1,1,1,3.0,4.0,94034,AUTOROUTE A86,M,"48,7595000","2,3231000",94,2019,70.0,1.0,2.0,1.0,2272024,2.0,2,4,1,5.0,,-1.0,0,2001.0,A01,138Â 198Â 163,1.0,0.0,-1.0,1734170,1.0,7,,0.0,2.0,4.0,D01,138Â 198Â 169,1.0
1015922,201900057453,9,22,14:20,1,1,1,3.0,4.0,94034,AUTOROUTE A86,M,"48,7595000","2,3231000",94,2019,70.0,1.0,2.0,1.0,2272024,2.0,2,4,1,5.0,,-1.0,0,2001.0,A01,138Â 198Â 163,1.0,0.0,-1.0,1734171,1.0,7,,0.0,2.0,4.0,E01,138Â 198Â 170,1.0
1015922,201900057453,9,22,14:20,1,1,1,3.0,4.0,94034,AUTOROUTE A86,M,"48,7595000","2,3231000",94,2019,70.0,1.0,2.0,1.0,2272025,1.0,1,1,1,5.0,,-1.0,0,1982.0,A01,138Â 198Â 163,1.0,0.0,-1.0,1734167,1.0,7,,0.0,2.0,1.0,A01,138Â 198Â 163,1.0
1015922,201900057453,9,22,14:20,1,1,1,3.0,4.0,94034,AUTOROUTE A86,M,"48,7595000","2,3231000",94,2019,70.0,1.0,2.0,1.0,2272025,1.0,1,1,1,5.0,,-1.0,0,1982.0,A01,138Â 198Â 163,1.0,0.0,-1.0,1734168,1.0,7,,0.0,2.0,4.0,B01,138Â 198Â 164,1.0