Unnamed: 0_x,num_acc,mois,jour,hrmn,lum,agg,int,atm,col,com,adr,gps,lat,long,dep,annee,vma,situ,surf,catr,Unnamed: 0_y,place,catu,grav,sexe,trajet,secu,locp,actp,an_nais,num_veh_x,id_vehicule_x,secu1,secu2,secu3,Unnamed: 0,senc,catv,occutc,obs,obsm,choc,num_veh_y,id_vehicule_y,motor
1015922,201900057453,9,22,14:20,1,1,1,3.0,4.0,94034,AUTOROUTE A86,M,"48,7595000","2,3231000",94,2019,70.0,1.0,2.0,1.0,2272025,1.0,1,1,1,5.0,,-1.0,0,1982.0,A01,138Â 198Â 163,1.0,0.0,-1.0,1734169,1.0,7,,0.0,2.0,4.0,C01,138Â 198Â 165,1.0
1015922,201900057453,9,22,14:20,1,1,1,3.0,4.0,94034,AUTOROUTE A86,M,"48,7595000","2,3231000",94,2019,70.0,1.0,2.0,1.0,2272025,1.0,1,1,1,5.0,,-1.0,0,1982.0,A01,138Â 198Â 163,1.0,0.0,-1.0,1734170,1.0,7,,0.0,2.0,4.0,D01,138Â 198Â 169,1.0
1015922,201900057453,9,22,14:20,1,1,1,3.0,4.0,94034,AUTOROUTE A86,M,"48,7595000","2,3231000",94,2019,70.0,1.0,2.0,1.0,2272025,1.0,1,1,1,5.0,,-1.0,0,1982.0,A01,138Â 198Â 163,1.0,0.0,-1.0,1734171,1.0,7,,0.0,2.0,4.0,E01,138Â 198Â 170,1.0
1015922,201900057453,9,22,14:20,1,1,1,3.0,4.0,94034,AUTOROUTE A86,M,"48,7595000","2,3231000",94,2019,70.0,1.0,2.0,1.0,2272026,2.0,2,4,1,0.0,,-1.0, -1,1998.0,B01,138Â 198Â 164,1.0,0.0,-1.0,1734167,1.0,7,,0.0,2.0,1.0,A01,138Â 198Â 163,1.0
1015922,201900057453,9,22,14:20,1,1,1,3.0,4.0,94034,AUTOROUTE A86,M,"48,7595000","2,3231000",94,2019,70.0,1.0,2.0,1.0,2272026,2.0,2,4,1,0.0,,-1.0, -1,1998.0,B01,138Â 198Â 164,1.0,0.0,-1.0,1734168,1.0,7,,0.0,2.0,4.0,B01,138Â 198Â 164,1.0
1015922,201900057453,9,22,14:20,1,1,1,3.0,4.0,94034,AUTOROUTE A86,M,"48,7595000","2,3231000",94,2019,70.0,1.0,2.0,1.0,2272026,2.0,2,4,1,0.0,,-1.0, -1,1998.0,B01,138Â 198Â 164,1.0,0.0,-1.0,1734169,1.0,7,,0.0,2.0,4.0,C01,138Â 198Â 165,1.0
1015922,201900057453,9,22,14:20,1,1,1,3.0,4.0,94034,AUTOROUTE A86,M,"48,7595000","2,3231000",94,2019,70.0,1.0,2.0,1.0,2272026,2.0,2,4,1,0.0,,-1.0, -1,1998.0,B01,138Â 198Â 164,1.0,0.0,-1.0,1734170,1.0,7,,0.0,2.0,4.0,D01,138Â 198Â 169,1.0
1015922,201900057453,9,22,14:20,1,1,1,3.0,4.0,94034,AUTOROUTE A86,M,"48,7595000","2,3231000",94,2019,70.0,1.0,2.0,1.0,2272026,2.0,2,4,1,0.0,,-1.0, -1,1998.0,B01,138Â 198Â 164,1.0,0.0,-1.0,1734171,1.0,7,,0.0,2.0,4.0,E01,138Â 198Â 170,1.0
1015922,201900057453,9,22,14:20,1,1,1,3.0,4.0,94034,AUTOROUTE A86,M,"48,7595000","2,3231000",94,2019,70.0,1.0,2.0,1.0,2272027,1.0,1,1,1,0.0,,-1.0, -1,1980.0,B01,138Â 198Â 164,1.0,0.0,-1.0,1734167,1.0,7,,0.0,2.0,1.0,A01,138Â 198Â 163,1.0
1015922,201900057453,9,22,14:20,1,1,1,3.0,4.0,94034,AUTOROUTE A86,M,"48,7595000","2,3231000",94,2019,70.0,1.0,2.0,1.0,2272027,1.0,1,1,1,0.0,,-1.0, -1,1980.0,B01,138Â 198Â 164,1.0,0.0,-1.0,1734168,1.0,7,,0.0,2.0,4.0,B01,138Â 198Â 164,1.0
1015922,201900057453,9,22,14:20,1,1,1,3.0,4.0,94034,AUTOROUTE A86,M,"48,7595000","2,3231000",94,2019,70.0,1.0,2.0,1.0,2272027,1.0,1,1,1,0.0,,-1.0, -1,1980.0,B01,138Â 198Â 164,1.0,0.0,-1.0,1734169,1.0,7,,0.0,2.0,4.0,C01,138Â 198Â 165,1.0
1015922,201900057453,9,22,14:20,1,1,1,3.0,4.0,94034,AUTOROUTE A86,M,"48,7595000","2,3231000",94,2019,70.0,1.0,2.0,1.0,2272027,1.0,1,1,1,0.0,,-1.0, -1,1980.0,B01,138Â 198Â 164,1.0,0.0,-1.0,1734170,1.0,7,,0.0,2.0,4.0,D01,138Â 198Â 169,1.0
1015922,201900057453,9,22,14:20,1,1,1,3.0,4.0,94034,AUTOROUTE A86,M,"48,7595000","2,3231000",94,2019,70.0,1.0,2.0,1.0,2272027,1.0,1,1,1,0.0,,-1.0, -1,1980.0,B01,138Â 198Â 164,1.0,0.0,-1.0,1734171,1.0,7,,0.0,2.0,4.0,E01,138Â 198Â 170,1.0
1015922,201900057453,9,22,14:20,1,1,1,3.0,4.0,94034,AUTOROUTE A86,M,"48,7595000","2,3231000",94,2019,70.0,1.0,2.0,1.0,2272028,1.0,1,1,1,0.0,,-1.0, -1,1964.0,C01,138Â 198Â 165,1.0,0.0,-1.0,1734167,1.0,7,,0.0,2.0,1.0,A01,138Â 198Â 163,1.0
1015922,201900057453,9,22,14:20,1,1,1,3.0,4.0,94034,AUTOROUTE A86,M,"48,7595000","2,3231000",94,2019,70.0,1.0,2.0,1.0,2272028,1.0,1,1,1,0.0,,-1.0, -1,1964.0,C01,138Â 198Â 165,1.0,0.0,-1.0,1734168,1.0,7,,0.0,2.0,4.0,B01,138Â 198Â 164,1.0
1015922,201900057453,9,22,14:20,1,1,1,3.0,4.0,94034,AUTOROUTE A86,M,"48,7595000","2,3231000",94,2019,70.0,1.0,2.0,1.0,2272028,1.0,1,1,1,0.0,,-1.0, -1,1964.0,C01,138Â 198Â 165,1.0,0.0,-1.0,1734169,1.0,7,,0.0,2.0,4.0,C01,138Â 198Â 165,1.0
1015922,201900057453,9,22,14:20,1,1,1,3.0,4.0,94034,AUTOROUTE A86,M,"48,7595000","2,3231000",94,2019,70.0,1.0,2.0,1.0,2272028,1.0,1,1,1,0.0,,-1.0, -1,1964.0,C01,138Â 198Â 165,1.0,0.0,-1.0,1734170,1.0,7,,0.0,2.0,4.0,D01,138Â 198Â 169,1.0
1015922,201900057453,9,22,14:20,1,1,1,3.0,4.0,94034,AUTOROUTE A86,M,"48,7595000","2,3231000",94,2019,70.0,1.0,2.0,1.0,2272028,1.0,1,1,1,0.0,,-1.0, -1,1964.0,C01,138Â 198Â 165,1.0,0.0,-1.0,1734171,1.0,7,,0.0,2.0,4.0,E01,138Â 198Â 170,1.0
1015922,201900057453,9,22,14:20,1,1,1,3.0,4.0,94034,AUTOROUTE A86,M,"48,7595000","2,3231000",94,2019,70.0,1.0,2.0,1.0,2272029,1.0,1,1,1,0.0,,-1.0, -1,1992.0,D01,138Â 198Â 169,1.0,0.0,-1.0,1734167,1.0,7,,0.0,2.0,1.0,A01,138Â 198Â 163,1.0
1015922,201900057453,9,22,14:20,1,1,1,3.0,4.0,94034,AUTOROUTE A86,M,"48,7595000","2,3231000",94,2019,70.0,1.0,2.0,1.0,2272029,1.0,1,1,1,0.0,,-1.0, -1,1992.0,D01,138Â 198Â 169,1.0,0.0,-1.0,1734168,1.0,7,,0.0,2.0,4.0,B01,138Â 198Â 164,1.0
1015922,201900057453,9,22,14:20,1,1,1,3.0,4.0,94034,AUTOROUTE A86,M,"48,7595000","2,3231000",94,2019,70.0,1.0,2.0,1.0,2272029,1.0,1,1,1,0.0,,-1.0, -1,1992.0,D01,138Â 198Â 169,1.0,0.0,-1.0,1734169,1.0,7,,0.0,2.0,4.0,C01,138Â 198Â 165,1.0
1015922,201900057453,9,22,14:20,1,1,1,3.0,4.0,94034,AUTOROUTE A86,M,"48,7595000","2,3231000",94,2019,70.0,1.0,2.0,1.0,2272029,1.0,1,1,1,0.0,,-1.0, -1,1992.0,D01,138Â 198Â 169,1.0,0.0,-1.0,1734170,1.0,7,,0.0,2.0,4.0,D01,138Â 198Â 169,1.0
1015922,201900057453,9,22,14:20,1,1,1,3.0,4.0,94034,AUTOROUTE A86,M,"48,7595000","2,3231000",94,2019,70.0,1.0,2.0,1.0,2272029,1.0,1,1,1,0.0,,-1.0, -1,1992.0,D01,138Â 198Â 169,1.0,0.0,-1.0,1734171,1.0,7,,0.0,2.0,4.0,E01,138Â 198Â 170,1.0
1015922,201900057453,9,22,14:20,1,1,1,3.0,4.0,94034,AUTOROUTE A86,M,"48,7595000","2,3231000",94,2019,70.0,1.0,2.0,1.0,2272030,1.0,1,1,1,0.0,,-1.0, -1,1962.0,E01,138Â 198Â 170,1.0,0.0,-1.0,1734167,1.0,7,,0.0,2.0,1.0,A01,138Â 198Â 163,1.0
1015922,201900057453,9,22,14:20,1,1,1,3.0,4.0,94034,AUTOROUTE A86,M,"48,7595000","2,3231000",94,2019,70.0,1.0,2.0,1.0,2272030,1.0,1,1,1,0.0,,-1.0, -1,1962.0,E01,138Â 198Â 170,1.0,0.0,-1.0,1734168,1.0,7,,0.0,2.0,4.0,B01,138Â 198Â 164,1.0
1015922,201900057453,9,22,14:20,1,1,1,3.0,4.0,94034,AUTOROUTE A86,M,"48,7595000","2,3231000",94,2019,70.0,1.0,2.0,1.0,2272030,1.0,1,1,1,0.0,,-1.0, -1,1962.0,E01,138Â 198Â 170,1.0,0.0,-1.0,1734169,1.0,7,,0.0,2.0,4.0,C01,138Â 198Â 165,1.0
1015922,201900057453,9,22,14:20,1,1,1,3.0,4.0,94034,AUTOROUTE A86,M,"48,7595000","2,3231000",94,2019,70.0,1.0,2.0,1.0,2272030,1.0,1,1,1,0.0,,-1.0, -1,1962.0,E01,138Â 198Â 170,1.0,0.0,-1.0,1734170,1.0,7,,0.0,2.0,4.0,D01,138Â 198Â 169,1.0
1015922,201900057453,9,22,14:20,1,1,1,3.0,4.0,94034,AUTOROUTE A86,M,"48,7595000","2,3231000",94,2019,70.0,1.0,2.0,1.0,2272030,1.0,1,1,1,0.0,,-1.0, -1,1962.0,E01,138Â 198Â 170,1.0,0.0,-1.0,1734171,1.0,7,,0.0,2.0,4.0,E01,138Â 198Â 170,1.0
1015923,201900057454,5,14,13:45,1,1,1,1.0,3.0,83065,RD98a,M,"43,2241700","6,5884870",83,2019,70.0,3.0,1.0,3.0,2272031,1.0,1,1,1,1.0,,-1.0, -1,1981.0,B01,138Â 198Â 161,1.0,-1.0,-1.0,1734172,2.0,10,,0.0,2.0,8.0,B01,138Â 198Â 161,1.0
1015923,201900057454,5,14,13:45,1,1,1,1.0,3.0,83065,RD98a,M,"43,2241700","6,5884870",83,2019,70.0,3.0,1.0,3.0,2272031,1.0,1,1,1,1.0,,-1.0, -1,1981.0,B01,138Â 198Â 161,1.0,-1.0,-1.0,1734173,2.0,2,,1.0,0.0,1.0,A01,138Â 198Â 162,1.0
1015923,201900057454,5,14,13:45,1,1,1,1.0,3.0,83065,RD98a,M,"43,2241700","6,5884870",83,2019,70.0,3.0,1.0,3.0,2272032,1.0,1,2,1,0.0,,0.0,0,1981.0,A01,138Â 198Â 162,2.0,-1.0,-1.0,1734172,2.0,10,,0.0,2.0,8.0,B01,138Â 198Â 161,1.0
1015923,201900057454,5,14,13:45,1,1,1,1.0,3.0,83065,RD98a,M,"43,2241700","6,5884870",83,2019,70.0,3.0,1.0,3.0,2272032,1.0,1,2,1,0.0,,0.0,0,1981.0,A01,138Â 198Â 162,2.0,-1.0,-1.0,1734173,2.0,2,,1.0,0.0,1.0,A01,138Â 198Â 162,1.0
1015924,201900057455,5,27,17:45,1,2,1,2.0,3.0,83042,carrefour de la bastide,M,"43,2451810","6,5339630",83,2019,70.0,1.0,2.0,3.0,2272033,1.0,1,1,1,5.0,,0.0,0,1943.0,A01,138Â 198Â 156,1.0,-1.0,-1.0,1734174,1.0,7,,0.0,2.0,2.0,A01,138Â 198Â 156,1.0
1015924,201900057455,5,27,17:45,1,2,1,2.0,3.0,83042,carrefour de la bastide,M,"43,2451810","6,5339630",83,2019,70.0,1.0,2.0,3.0,2272033,1.0,1,1,1,5.0,,0.0,0,1943.0,A01,138Â 198Â 156,1.0,-1.0,-1.0,1734175,1.0,7,,0.0,2.0,9.0,B01,138Â 198Â 158,1.0
1015924,201900057455,5,27,17:45,1,2,1,2.0,3.0,83042,carrefour de la bastide,M,"43,2451810","6,5339630",83,2019,70.0,1.0,2.0,3.0,2272034,2.0,2,4,2,5.0,,0.0,0,1945.0,A01,138Â 198Â 156,1.0,-1.0,-1.0,1734174,1.0,7,,0.0,2.0,2.0,A01,138Â 198Â 156,1.0
1015924,201900057455,5,27,17:45,1,2,1,2.0,3.0,83042,carrefour de la bastide,M,"43,2451810","6,5339630",83,2019,70.0,1.0,2.0,3.0,2272034,2.0,2,4,2,5.0,,0.0,0,1945.0,A01,138Â 198Â 156,1.0,-1.0,-1.0,1734175,1.0,7,,0.0,2.0,9.0,B01,138Â 198Â 158,1.0
1015924,201900057455,5,27,17:45,1,2,1,2.0,3.0,83042,carrefour de la bastide,M,"43,2451810","6,5339630",83,2019,70.0,1.0,2.0,3.0,2272035,1.0,1,3,1,1.0,,0.0,0,1980.0,B01,138Â 198Â 158,1.0,-1.0,-1.0,1734174,1.0,7,,0.0,2.0,2.0,A01,138Â 198Â 156,1.0
1015924,201900057455,5,27,17:45,1,2,1,2.0,3.0,83042,carrefour de la bastide,M,"43,2451810","6,5339630",83,2019,70.0,1.0,2.0,3.0,2272035,1.0,1,3,1,1.0,,0.0,0,1980.0,B01,138Â 198Â 158,1.0,-1.0,-1.0,1734175,1.0,7,,0.0,2.0,9.0,B01,138Â 198Â 158,1.0
1015925,201900057456,9,22,15:30,1,1,1,2.0,4.0,93078,AUTOROUTE A104,M,"48,9634300","2,5508400",93,2019,70.0,1.0,2.0,1.0,2272036,1.0,1,1,1,0.0,,-1.0, -1,1998.0,C01,138Â 198Â 157,1.0,0.0,-1.0,1734176,1.0,7,,0.0,2.0,4.0,C01,138Â 198Â 157,1.0
1015925,201900057456,9,22,15:30,1,1,1,2.0,4.0,93078,AUTOROUTE A104,M,"48,9634300","2,5508400",93,2019,70.0,1.0,2.0,1.0,2272036,1.0,1,1,1,0.0,,-1.0, -1,1998.0,C01,138Â 198Â 157,1.0,0.0,-1.0,1734177,1.0,7,,0.0,2.0,4.0,B01,138Â 198Â 159,1.0
1015925,201900057456,9,22,15:30,1,1,1,2.0,4.0,93078,AUTOROUTE A104,M,"48,9634300","2,5508400",93,2019,70.0,1.0,2.0,1.0,2272036,1.0,1,1,1,0.0,,-1.0, -1,1998.0,C01,138Â 198Â 157,1.0,0.0,-1.0,1734178,1.0,7,,0.0,2.0,1.0,A01,138Â 198Â 160,1.0
1015925,201900057456,9,22,15:30,1,1,1,2.0,4.0,93078,AUTOROUTE A104,M,"48,9634300","2,5508400",93,2019,70.0,1.0,2.0,1.0,2272037,1.0,1,1,1,9.0,,-1.0, -1,1961.0,B01,138Â 198Â 159,1.0,0.0,-1.0,1734176,1.0,7,,0.0,2.0,4.0,C01,138Â 198Â 157,1.0
1015925,201900057456,9,22,15:30,1,1,1,2.0,4.0,93078,AUTOROUTE A104,M,"48,9634300","2,5508400",93,2019,70.0,1.0,2.0,1.0,2272037,1.0,1,1,1,9.0,,-1.0, -1,1961.0,B01,138Â 198Â 159,1.0,0.0,-1.0,1734177,1.0,7,,0.0,2.0,4.0,B01,138Â 198Â 159,1.0
1015925,201900057456,9,22,15:30,1,1,1,2.0,4.0,93078,AUTOROUTE A104,M,"48,9634300","2,5508400",93,2019,70.0,1.0,2.0,1.0,2272037,1.0,1,1,1,9.0,,-1.0, -1,1961.0,B01,138Â 198Â 159,1.0,0.0,-1.0,1734178,1.0,7,,0.0,2.0,1.0,A01,138Â 198Â 160,1.0
1015925,201900057456,9,22,15:30,1,1,1,2.0,4.0,93078,AUTOROUTE A104,M,"48,9634300","2,5508400",93,2019,70.0,1.0,2.0,1.0,2272038,1.0,1,1,1,9.0,,-1.0, -1,1975.0,A01,138Â 198Â 160,1.0,0.0,-1.0,1734176,1.0,7,,0.0,2.0,4.0,C01,138Â 198Â 157,1.0
1015925,201900057456,9,22,15:30,1,1,1,2.0,4.0,93078,AUTOROUTE A104,M,"48,9634300","2,5508400",93,2019,70.0,1.0,2.0,1.0,2272038,1.0,1,1,1,9.0,,-1.0, -1,1975.0,A01,138Â 198Â 160,1.0,0.0,-1.0,1734177,1.0,7,,0.0,2.0,4.0,B01,138Â 198Â 159,1.0
1015925,201900057456,9,22,15:30,1,1,1,2.0,4.0,93078,AUTOROUTE A104,M,"48,9634300","2,5508400",93,2019,70.0,1.0,2.0,1.0,2272038,1.0,1,1,1,9.0,,-1.0, -1,1975.0,A01,138Â 198Â 160,1.0,0.0,-1.0,1734178,1.0,7,,0.0,2.0,1.0,A01,138Â 198Â 160,1.0
1015925,201900057456,9,22,15:30,1,1,1,2.0,4.0,93078,AUTOROUTE A104,M,"48,9634300","2,5508400",93,2019,70.0,1.0,2.0,1.0,2272039,2.0,2,4,2,0.0,,-1.0, -1,1963.0,A01,138Â 198Â 160,1.0,0.0,-1.0,1734176,1.0,7,,0.0,2.0,4.0,C01,138Â 198Â 157,1.0
1015925,201900057456,9,22,15:30,1,1,1,2.0,4.0,93078,AUTOROUTE A104,M,"48,9634300","2,5508400",93,2019,70.0,1.0,2.0,1.0,2272039,2.0,2,4,2,0.0,,-1.0, -1,1963.0,A01,138Â 198Â 160,1.0,0.0,-1.0,1734177,1.0,7,,0.0,2.0,4.0,B01,138Â 198Â 159,1.0
1015925,201900057456,9,22,15:30,1,1,1,2.0,4.0,93078,AUTOROUTE A104,M,"48,9634300","2,5508400",93,2019,70.0,1.0,2.0,1.0,2272039,2.0,2,4,2,0.0,,-1.0, -1,1963.0,A01,138Â 198Â 160,1.0,0.0,-1.0,1734178,1.0,7,,0.0,2.0,1.0,A01,138Â 198Â 160,1.0
1015926,201900057457,5,24,11:20,1,1,1,1.0,2.0,83068,RD 14 Carrefour du chemin du cadeous,M,"43,2791520","6,5717290",83,2019,80.0,1.0,1.0,3.0,2272040,1.0,1,1,1,4.0,,0.0,0,1966.0,B01,138Â 198Â 150,1.0,-1.0,-1.0,1734179,1.0,7,,0.0,2.0,6.0,B01,138Â 198Â 150,1.0
1015926,201900057457,5,24,11:20,1,1,1,1.0,2.0,83068,RD 14 Carrefour du chemin du cadeous,M,"43,2791520","6,5717290",83,2019,80.0,1.0,1.0,3.0,2272040,1.0,1,1,1,4.0,,0.0,0,1966.0,B01,138Â 198Â 150,1.0,-1.0,-1.0,1734180,1.0,34,,0.0,2.0,1.0,A01,138Â 198Â 155,1.0
1015926,201900057457,5,24,11:20,1,1,1,1.0,2.0,83068,RD 14 Carrefour du chemin du cadeous,M,"43,2791520","6,5717290",83,2019,80.0,1.0,1.0,3.0,2272041,1.0,1,3,1,4.0,,0.0,0,1951.0,A01,138Â 198Â 155,2.0,6.0,-1.0,1734179,1.0,7,,0.0,2.0,6.0,B01,138Â 198Â 150,1.0
1015926,201900057457,5,24,11:20,1,1,1,1.0,2.0,83068,RD 14 Carrefour du chemin du cadeous,M,"43,2791520","6,5717290",83,2019,80.0,1.0,1.0,3.0,2272041,1.0,1,3,1,4.0,,0.0,0,1951.0,A01,138Â 198Â 155,2.0,6.0,-1.0,1734180,1.0,34,,0.0,2.0,1.0,A01,138Â 198Â 155,1.0
1015927,201900057458,5,29,18:45,1,1,1,1.0,6.0,83077,Route de Signes,M,"43,2787770","5,9488760",83,2019,80.0,8.0,1.0,3.0,2272042,1.0,1,4,1,5.0,,0.0,0,1966.0,A01,138Â 198Â 146,2.0,-1.0,-1.0,1734181,2.0,33,,13.0,0.0,1.0,A01,138Â 198Â 146,1.0
1015927,201900057458,5,29,18:45,1,1,1,1.0,6.0,83077,Route de Signes,M,"43,2787770","5,9488760",83,2019,80.0,8.0,1.0,3.0,2272043,2.0,2,3,2,5.0,,0.0,0,1977.0,A01,138Â 198Â 146,2.0,-1.0,-1.0,1734181,2.0,33,,13.0,0.0,1.0,A01,138Â 198Â 146,1.0
1015928,201900057459,9,3,09:45,1,1,1,1.0,4.0,95018,RD 170,M,"48,9620500","2,2631800",95,2019,70.0,1.0,1.0,3.0,2272044,1.0,1,1,1,1.0,,-1.0,0,1989.0,A01,138Â 198Â 147,1.0,8.0,-1.0,1734182,1.0,7,,0.0,2.0,1.0,A01,138Â 198Â 147,1.0
1015928,201900057459,9,3,09:45,1,1,1,1.0,4.0,95018,RD 170,M,"48,9620500","2,2631800",95,2019,70.0,1.0,1.0,3.0,2272044,1.0,1,1,1,1.0,,-1.0,0,1989.0,A01,138Â 198Â 147,1.0,8.0,-1.0,1734183,1.0,7,,0.0,2.0,4.0,B01,138Â 198Â 148,1.0
1015928,201900057459,9,3,09:45,1,1,1,1.0,4.0,95018,RD 170,M,"48,9620500","2,2631800",95,2019,70.0,1.0,1.0,3.0,2272044,1.0,1,1,1,1.0,,-1.0,0,1989.0,A01,138Â 198Â 147,1.0,8.0,-1.0,1734184,1.0,7,,0.0,2.0,4.0,C01,138Â 198Â 149,1.0
1015928,201900057459,9,3,09:45,1,1,1,1.0,4.0,95018,RD 170,M,"48,9620500","2,2631800",95,2019,70.0,1.0,1.0,3.0,2272044,1.0,1,1,1,1.0,,-1.0,0,1989.0,A01,138Â 198Â 147,1.0,8.0,-1.0,1734185,1.0,7,,0.0,2.0,4.0,D01,138Â 198Â 154,1.0
1015928,201900057459,9,3,09:45,1,1,1,1.0,4.0,95018,RD 170,M,"48,9620500","2,2631800",95,2019,70.0,1.0,1.0,3.0,2272045,1.0,1,4,2,1.0,,-1.0,0,1996.0,B01,138Â 198Â 148,1.0,8.0,-1.0,1734182,1.0,7,,0.0,2.0,1.0,A01,138Â 198Â 147,1.0
1015928,201900057459,9,3,09:45,1,1,1,1.0,4.0,95018,RD 170,M,"48,9620500","2,2631800",95,2019,70.0,1.0,1.0,3.0,2272045,1.0,1,4,2,1.0,,-1.0,0,1996.0,B01,138Â 198Â 148,1.0,8.0,-1.0,1734183,1.0,7,,0.0,2.0,4.0,B01,138Â 198Â 148,1.0
1015928,201900057459,9,3,09:45,1,1,1,1.0,4.0,95018,RD 170,M,"48,9620500","2,2631800",95,2019,70.0,1.0,1.0,3.0,2272045,1.0,1,4,2,1.0,,-1.0,0,1996.0,B01,138Â 198Â 148,1.0,8.0,-1.0,1734184,1.0,7,,0.0,2.0,4.0,C01,138Â 198Â 149,1.0
1015928,201900057459,9,3,09:45,1,1,1,1.0,4.0,95018,RD 170,M,"48,9620500","2,2631800",95,2019,70.0,1.0,1.0,3.0,2272045,1.0,1,4,2,1.0,,-1.0,0,1996.0,B01,138Â 198Â 148,1.0,8.0,-1.0,1734185,1.0,7,,0.0,2.0,4.0,D01,138Â 198Â 154,1.0
1015928,201900057459,9,3,09:45,1,1,1,1.0,4.0,95018,RD 170,M,"48,9620500","2,2631800",95,2019,70.0,1.0,1.0,3.0,2272046,1.0,1,4,2,1.0,,-1.0,0,1984.0,C01,138Â 198Â 149,1.0,0.0,-1.0,1734182,1.0,7,,0.0,2.0,1.0,A01,138Â 198Â 147,1.0
1015928,201900057459,9,3,09:45,1,1,1,1.0,4.0,95018,RD 170,M,"48,9620500","2,2631800",95,2019,70.0,1.0,1.0,3.0,2272046,1.0,1,4,2,1.0,,-1.0,0,1984.0,C01,138Â 198Â 149,1.0,0.0,-1.0,1734183,1.0,7,,0.0,2.0,4.0,B01,138Â 198Â 148,1.0
1015928,201900057459,9,3,09:45,1,1,1,1.0,4.0,95018,RD 170,M,"48,9620500","2,2631800",95,2019,70.0,1.0,1.0,3.0,2272046,1.0,1,4,2,1.0,,-1.0,0,1984.0,C01,138Â 198Â 149,1.0,0.0,-1.0,1734184,1.0,7,,0.0,2.0,4.0,C01,138Â 198Â 149,1.0
1015928,201900057459,9,3,09:45,1,1,1,1.0,4.0,95018,RD 170,M,"48,9620500","2,2631800",95,2019,70.0,1.0,1.0,3.0,2272046,1.0,1,4,2,1.0,,-1.0,0,1984.0,C01,138Â 198Â 149,1.0,0.0,-1.0,1734185,1.0,7,,0.0,2.0,4.0,D01,138Â 198Â 154,1.0
1015928,201900057459,9,3,09:45,1,1,1,1.0,4.0,95018,RD 170,M,"48,9620500","2,2631800",95,2019,70.0,1.0,1.0,3.0,2272047,1.0,1,1,2,1.0,,-1.0,0,1984.0,D01,138Â 198Â 154,1.0,0.0,-1.0,1734182,1.0,7,,0.0,2.0,1.0,A01,138Â 198Â 147,1.0
1015928,201900057459,9,3,09:45,1,1,1,1.0,4.0,95018,RD 170,M,"48,9620500","2,2631800",95,2019,70.0,1.0,1.0,3.0,2272047,1.0,1,1,2,1.0,,-1.0,0,1984.0,D01,138Â 198Â 154,1.0,0.0,-1.0,1734183,1.0,7,,0.0,2.0,4.0,B01,138Â 198Â 148,1.0
1015928,201900057459,9,3,09:45,1,1,1,1.0,4.0,95018,RD 170,M,"48,9620500","2,2631800",95,2019,70.0,1.0,1.0,3.0,2272047,1.0,1,1,2,1.0,,-1.0,0,1984.0,D01,138Â 198Â 154,1.0,0.0,-1.0,1734184,1.0,7,,0.0,2.0,4.0,C01,138Â 198Â 149,1.0
1015928,201900057459,9,3,09:45,1,1,1,1.0,4.0,95018,RD 170,M,"48,9620500","2,2631800",95,2019,70.0,1.0,1.0,3.0,2272047,1.0,1,1,2,1.0,,-1.0,0,1984.0,D01,138Â 198Â 154,1.0,0.0,-1.0,1734185,1.0,7,,0.0,2.0,4.0,D01,138Â 198Â 154,1.0
1015929,201900057460,9,22,18:05,1,1,1,3.0,6.0,77258,A4.Y,M,"48,8333000","2,6167000",77,2019,110.0,1.0,2.0,1.0,2272048,1.0,1,4,1,5.0,,-1.0, -1,2000.0,A01,138Â 198Â 145,1.0,0.0,-1.0,1734186,2.0,7,,4.0,0.0,1.0,A01,138Â 198Â 145,1.0
1015930,201900057461,5,11,10:15,1,2,1,1.0,6.0,83104,D3,M,"43,6094460","5,7527730",83,2019,50.0,1.0,1.0,3.0,2272049,1.0,1,4,1,3.0,,0.0,0,1947.0,A01,138Â 198Â 144,1.0,-1.0,-1.0,1734187,2.0,7,,0.0,1.0,2.0,A01,138Â 198Â 144,1.0
1015930,201900057461,5,11,10:15,1,2,1,1.0,6.0,83104,D3,M,"43,6094460","5,7527730",83,2019,50.0,1.0,1.0,3.0,2272050,10.0,3,2,2,3.0,,2.0,3,1933.0,A01,138Â 198Â 144,0.0,-1.0,-1.0,1734187,2.0,7,,0.0,1.0,2.0,A01,138Â 198Â 144,1.0
1015930,201900057461,5,11,10:15,1,2,1,1.0,6.0,83104,D3,M,"43,6094460","5,7527730",83,2019,50.0,1.0,1.0,3.0,2272051,2.0,2,4,2,3.0,,0.0,0,1948.0,A01,138Â 198Â 144,1.0,-1.0,-1.0,1734187,2.0,7,,0.0,1.0,2.0,A01,138Â 198Â 144,1.0
1015931,201900057462,10,25,12:25,1,1,1,1.0,7.0,97210,Chopotte,M,"14,6336090"," -60,9199480",972,2019,50.0,1.0,1.0,3.0,2272052,1.0,1,4,1,5.0,,0.0,0,1987.0,A01,138Â 198Â 151,1.0,-1.0,-1.0,1734188,1.0,7,,8.0,0.0,1.0,A01,138Â 198Â 151,1.0
1015932,201900057463,3,27,18:00,2,2,1,1.0,1.0,70001,7 Grand-Rue,M,"47,7831480","6,2927380",70,2019,50.0,1.0,1.0,3.0,2272053,1.0,1,3,1,0.0,,0.0,0,1954.0,A01,138Â 198Â 152,1.0,-1.0,-1.0,1734189,2.0,7,,0.0,2.0,3.0,A01,138Â 198Â 152,1.0