Unnamed: 0_x,num_acc,mois,jour,hrmn,lum,agg,int,atm,col,com,adr,gps,lat,long,dep,annee,vma,situ,surf,catr,Unnamed: 0_y,place,catu,grav,sexe,trajet,secu,locp,actp,an_nais,num_veh_x,id_vehicule_x,secu1,secu2,secu3,Unnamed: 0,senc,catv,occutc,obs,obsm,choc,num_veh_y,id_vehicule_y,motor
1015932,201900057463,3,27,18:00,2,2,1,1.0,1.0,70001,7 Grand-Rue,M,"47,7831480","6,2927380",70,2019,50.0,1.0,1.0,3.0,2272053,1.0,1,3,1,0.0,,0.0,0,1954.0,A01,138Â 198Â 152,1.0,-1.0,-1.0,1734190,1.0,7,,0.0,2.0,3.0,B01,138Â 198Â 166,1.0
1015932,201900057463,3,27,18:00,2,2,1,1.0,1.0,70001,7 Grand-Rue,M,"47,7831480","6,2927380",70,2019,50.0,1.0,1.0,3.0,2272054,1.0,1,3,2,0.0,,0.0,0,1972.0,B01,138Â 198Â 166,1.0,-1.0,-1.0,1734189,2.0,7,,0.0,2.0,3.0,A01,138Â 198Â 152,1.0
1015932,201900057463,3,27,18:00,2,2,1,1.0,1.0,70001,7 Grand-Rue,M,"47,7831480","6,2927380",70,2019,50.0,1.0,1.0,3.0,2272054,1.0,1,3,2,0.0,,0.0,0,1972.0,B01,138Â 198Â 166,1.0,-1.0,-1.0,1734190,1.0,7,,0.0,2.0,3.0,B01,138Â 198Â 166,1.0
1015932,201900057463,3,27,18:00,2,2,1,1.0,1.0,70001,7 Grand-Rue,M,"47,7831480","6,2927380",70,2019,50.0,1.0,1.0,3.0,2272055,2.0,2,4,2,0.0,,0.0,0,2002.0,B01,138Â 198Â 166,1.0,-1.0,-1.0,1734189,2.0,7,,0.0,2.0,3.0,A01,138Â 198Â 152,1.0
1015932,201900057463,3,27,18:00,2,2,1,1.0,1.0,70001,7 Grand-Rue,M,"47,7831480","6,2927380",70,2019,50.0,1.0,1.0,3.0,2272055,2.0,2,4,2,0.0,,0.0,0,2002.0,B01,138Â 198Â 166,1.0,-1.0,-1.0,1734190,1.0,7,,0.0,2.0,3.0,B01,138Â 198Â 166,1.0
1015933,201900057464,1,2,10:30,1,2,1,2.0,7.0,62889,d 232,M,"50,7780940","1,7310770",62,2019,50.0,3.0,1.0,3.0,2272056,1.0,1,3,1,0.0,,0.0,0,1964.0,A01,138Â 198Â 153,1.0,-1.0,-1.0,1734191,0.0,7,,13.0,0.0,3.0,A01,138Â 198Â 153,1.0
1015934,201900057465,9,22,11:00,1,1,1,1.0,6.0,77249,RN104,M,"48,7354260","2,6116060",77,2019,50.0,-1.0,1.0,2.0,2272057,1.0,1,4,1,5.0,,-1.0, -1,1983.0,A01,138Â 198Â 143,2.0,0.0,-1.0,1734192,2.0,31,,16.0,0.0,0.0,A01,138Â 198Â 143,1.0
1015935,201900057466,5,22,03:15,3,1,1,1.0,7.0,83151,RD24,M,"43,4390480","6,1716070",83,2019,70.0,3.0,1.0,3.0,2272058,1.0,1,3,1,0.0,,0.0,0,1998.0,A01,138Â 198Â 142,1.0,-1.0,-1.0,1734193,1.0,7,,8.0,0.0,3.0,A01,138Â 198Â 142,1.0
1015936,201900057467,5,22,13:54,1,1,1,1.0,1.0,83023,dn7,M,"43,4057530","6,0608880",83,2019,80.0,1.0,1.0,3.0,2272059,1.0,1,3,2,0.0,,0.0,0,1983.0,B01,138Â 198Â 139,1.0,-1.0,-1.0,1734194,1.0,7,,0.0,2.0,3.0,B01,138Â 198Â 139,1.0
1015936,201900057467,5,22,13:54,1,1,1,1.0,1.0,83023,dn7,M,"43,4057530","6,0608880",83,2019,80.0,1.0,1.0,3.0,2272059,1.0,1,3,2,0.0,,0.0,0,1983.0,B01,138Â 198Â 139,1.0,-1.0,-1.0,1734195,2.0,7,,0.0,2.0,1.0,A01,138Â 198Â 140,1.0
1015936,201900057467,5,22,13:54,1,1,1,1.0,1.0,83023,dn7,M,"43,4057530","6,0608880",83,2019,80.0,1.0,1.0,3.0,2272060,2.0,2,4,2,0.0,,0.0,0,2011.0,B01,138Â 198Â 139,1.0,-1.0,-1.0,1734194,1.0,7,,0.0,2.0,3.0,B01,138Â 198Â 139,1.0
1015936,201900057467,5,22,13:54,1,1,1,1.0,1.0,83023,dn7,M,"43,4057530","6,0608880",83,2019,80.0,1.0,1.0,3.0,2272060,2.0,2,4,2,0.0,,0.0,0,2011.0,B01,138Â 198Â 139,1.0,-1.0,-1.0,1734195,2.0,7,,0.0,2.0,1.0,A01,138Â 198Â 140,1.0
1015936,201900057467,5,22,13:54,1,1,1,1.0,1.0,83023,dn7,M,"43,4057530","6,0608880",83,2019,80.0,1.0,1.0,3.0,2272061,1.0,1,4,1,0.0,,0.0,0,1999.0,A01,138Â 198Â 140,1.0,-1.0,-1.0,1734194,1.0,7,,0.0,2.0,3.0,B01,138Â 198Â 139,1.0
1015936,201900057467,5,22,13:54,1,1,1,1.0,1.0,83023,dn7,M,"43,4057530","6,0608880",83,2019,80.0,1.0,1.0,3.0,2272061,1.0,1,4,1,0.0,,0.0,0,1999.0,A01,138Â 198Â 140,1.0,-1.0,-1.0,1734195,2.0,7,,0.0,2.0,1.0,A01,138Â 198Â 140,1.0
1015937,201900057468,5,5,12:00,1,1,1,1.0,4.0,83023,RD 79 - PR 0+330,M,"43,4025470","6,1035430",83,2019,80.0,1.0,1.0,3.0,2272062,4.0,2,1,2,5.0,,0.0,0,2009.0,C01,138Â 198Â 136,1.0,-1.0,-1.0,1734196,1.0,7,,0.0,2.0,2.0,C01,138Â 198Â 136,1.0
1015937,201900057468,5,5,12:00,1,1,1,1.0,4.0,83023,RD 79 - PR 0+330,M,"43,4025470","6,1035430",83,2019,80.0,1.0,1.0,3.0,2272062,4.0,2,1,2,5.0,,0.0,0,2009.0,C01,138Â 198Â 136,1.0,-1.0,-1.0,1734197,2.0,7,,0.0,2.0,1.0,B01,138Â 198Â 137,1.0
1015937,201900057468,5,5,12:00,1,1,1,1.0,4.0,83023,RD 79 - PR 0+330,M,"43,4025470","6,1035430",83,2019,80.0,1.0,1.0,3.0,2272062,4.0,2,1,2,5.0,,0.0,0,2009.0,C01,138Â 198Â 136,1.0,-1.0,-1.0,1734198,1.0,7,,0.0,2.0,1.0,A01,138Â 198Â 138,1.0
1015937,201900057468,5,5,12:00,1,1,1,1.0,4.0,83023,RD 79 - PR 0+330,M,"43,4025470","6,1035430",83,2019,80.0,1.0,1.0,3.0,2272063,1.0,1,1,2,5.0,,0.0,0,1979.0,C01,138Â 198Â 136,8.0,-1.0,-1.0,1734196,1.0,7,,0.0,2.0,2.0,C01,138Â 198Â 136,1.0
1015937,201900057468,5,5,12:00,1,1,1,1.0,4.0,83023,RD 79 - PR 0+330,M,"43,4025470","6,1035430",83,2019,80.0,1.0,1.0,3.0,2272063,1.0,1,1,2,5.0,,0.0,0,1979.0,C01,138Â 198Â 136,8.0,-1.0,-1.0,1734197,2.0,7,,0.0,2.0,1.0,B01,138Â 198Â 137,1.0
1015937,201900057468,5,5,12:00,1,1,1,1.0,4.0,83023,RD 79 - PR 0+330,M,"43,4025470","6,1035430",83,2019,80.0,1.0,1.0,3.0,2272063,1.0,1,1,2,5.0,,0.0,0,1979.0,C01,138Â 198Â 136,8.0,-1.0,-1.0,1734198,1.0,7,,0.0,2.0,1.0,A01,138Â 198Â 138,1.0
1015937,201900057468,5,5,12:00,1,1,1,1.0,4.0,83023,RD 79 - PR 0+330,M,"43,4025470","6,1035430",83,2019,80.0,1.0,1.0,3.0,2272064,1.0,1,3,1,5.0,,0.0,0,1966.0,B01,138Â 198Â 137,8.0,-1.0,-1.0,1734196,1.0,7,,0.0,2.0,2.0,C01,138Â 198Â 136,1.0
1015937,201900057468,5,5,12:00,1,1,1,1.0,4.0,83023,RD 79 - PR 0+330,M,"43,4025470","6,1035430",83,2019,80.0,1.0,1.0,3.0,2272064,1.0,1,3,1,5.0,,0.0,0,1966.0,B01,138Â 198Â 137,8.0,-1.0,-1.0,1734197,2.0,7,,0.0,2.0,1.0,B01,138Â 198Â 137,1.0
1015937,201900057468,5,5,12:00,1,1,1,1.0,4.0,83023,RD 79 - PR 0+330,M,"43,4025470","6,1035430",83,2019,80.0,1.0,1.0,3.0,2272064,1.0,1,3,1,5.0,,0.0,0,1966.0,B01,138Â 198Â 137,8.0,-1.0,-1.0,1734198,1.0,7,,0.0,2.0,1.0,A01,138Â 198Â 138,1.0
1015937,201900057468,5,5,12:00,1,1,1,1.0,4.0,83023,RD 79 - PR 0+330,M,"43,4025470","6,1035430",83,2019,80.0,1.0,1.0,3.0,2272065,1.0,1,2,2,5.0,,0.0,0,1961.0,A01,138Â 198Â 138,8.0,-1.0,-1.0,1734196,1.0,7,,0.0,2.0,2.0,C01,138Â 198Â 136,1.0
1015937,201900057468,5,5,12:00,1,1,1,1.0,4.0,83023,RD 79 - PR 0+330,M,"43,4025470","6,1035430",83,2019,80.0,1.0,1.0,3.0,2272065,1.0,1,2,2,5.0,,0.0,0,1961.0,A01,138Â 198Â 138,8.0,-1.0,-1.0,1734197,2.0,7,,0.0,2.0,1.0,B01,138Â 198Â 137,1.0
1015937,201900057468,5,5,12:00,1,1,1,1.0,4.0,83023,RD 79 - PR 0+330,M,"43,4025470","6,1035430",83,2019,80.0,1.0,1.0,3.0,2272065,1.0,1,2,2,5.0,,0.0,0,1961.0,A01,138Â 198Â 138,8.0,-1.0,-1.0,1734198,1.0,7,,0.0,2.0,1.0,A01,138Â 198Â 138,1.0
1015938,201900057469,5,17,22:38,3,1,1,2.0,6.0,83008,route du muy,M,"43,5371700","6,6979760",83,2019,80.0,3.0,2.0,3.0,2272066,1.0,1,4,1,5.0,,0.0,0,1984.0,A01,138Â 198Â 131,1.0,-1.0,-1.0,1734199,1.0,7,,2.0,0.0,3.0,A01,138Â 198Â 131,0.0
1015938,201900057469,5,17,22:38,3,1,1,2.0,6.0,83008,route du muy,M,"43,5371700","6,6979760",83,2019,80.0,3.0,2.0,3.0,2272067,2.0,2,4,1,5.0,,0.0,0,2002.0,A01,138Â 198Â 131,1.0,-1.0,-1.0,1734199,1.0,7,,2.0,0.0,3.0,A01,138Â 198Â 131,0.0
1015938,201900057469,5,17,22:38,3,1,1,2.0,6.0,83008,route du muy,M,"43,5371700","6,6979760",83,2019,80.0,3.0,2.0,3.0,2272068,4.0,2,4,1,5.0,,0.0,0,2001.0,A01,138Â 198Â 131,1.0,-1.0,-1.0,1734199,1.0,7,,2.0,0.0,3.0,A01,138Â 198Â 131,0.0
1015939,201900057470,5,29,11:30,1,2,1,1.0,2.0,06097,Route de Roquesteron,M,"43,8639096","7,0922346",6,2019,50.0,1.0,1.0,3.0,2272069,1.0,1,1,1,5.0,,0.0,0,1948.0,B01,138Â 198Â 128,2.0,-1.0,-1.0,1734200,0.0,1,,0.0,2.0,4.0,B01,138Â 198Â 128,5.0
1015939,201900057470,5,29,11:30,1,2,1,1.0,2.0,06097,Route de Roquesteron,M,"43,8639096","7,0922346",6,2019,50.0,1.0,1.0,3.0,2272069,1.0,1,1,1,5.0,,0.0,0,1948.0,B01,138Â 198Â 128,2.0,-1.0,-1.0,1734201,0.0,1,,0.0,9.0,1.0,A01,138Â 198Â 129,5.0
1015939,201900057470,5,29,11:30,1,2,1,1.0,2.0,06097,Route de Roquesteron,M,"43,8639096","7,0922346",6,2019,50.0,1.0,1.0,3.0,2272070,1.0,1,3,1,5.0,,0.0,0,1953.0,A01,138Â 198Â 129,2.0,-1.0,-1.0,1734200,0.0,1,,0.0,2.0,4.0,B01,138Â 198Â 128,5.0
1015939,201900057470,5,29,11:30,1,2,1,1.0,2.0,06097,Route de Roquesteron,M,"43,8639096","7,0922346",6,2019,50.0,1.0,1.0,3.0,2272070,1.0,1,3,1,5.0,,0.0,0,1953.0,A01,138Â 198Â 129,2.0,-1.0,-1.0,1734201,0.0,1,,0.0,9.0,1.0,A01,138Â 198Â 129,5.0
1015940,201900057471,2,14,16:20,1,2,7,1.0,3.0,75114,PLACE DE CATALOGNE,M,"48,8372710","2,3187490",75,2019,50.0,1.0,1.0,4.0,2272071,1.0,1,4,2,0.0,,0.0,0,1994.0,B01,138Â 198Â 127,2.0,0.0,-1.0,1734202,2.0,1,,0.0,2.0,2.0,B01,138Â 198Â 127,5.0
1015940,201900057471,2,14,16:20,1,2,7,1.0,3.0,75114,PLACE DE CATALOGNE,M,"48,8372710","2,3187490",75,2019,50.0,1.0,1.0,4.0,2272071,1.0,1,4,2,0.0,,0.0,0,1994.0,B01,138Â 198Â 127,2.0,0.0,-1.0,1734203,1.0,10,,0.0,2.0,3.0,A01,138Â 198Â 130,1.0
1015940,201900057471,2,14,16:20,1,2,7,1.0,3.0,75114,PLACE DE CATALOGNE,M,"48,8372710","2,3187490",75,2019,50.0,1.0,1.0,4.0,2272072,1.0,1,1,1,1.0,,0.0,0,1980.0,A01,138Â 198Â 130,1.0,0.0,-1.0,1734202,2.0,1,,0.0,2.0,2.0,B01,138Â 198Â 127,5.0
1015940,201900057471,2,14,16:20,1,2,7,1.0,3.0,75114,PLACE DE CATALOGNE,M,"48,8372710","2,3187490",75,2019,50.0,1.0,1.0,4.0,2272072,1.0,1,1,1,1.0,,0.0,0,1980.0,A01,138Â 198Â 130,1.0,0.0,-1.0,1734203,1.0,10,,0.0,2.0,3.0,A01,138Â 198Â 130,1.0
1015941,201900057472,10,22,10:15,1,2,1,1.0,6.0,97229,30 Rue Joseph Souffleur,M,"14,6281010"," -61,1111150",972,2019,50.0,1.0,1.0,2.0,2272073,1.0,1,1,1,0.0,,0.0,0,1945.0,A01,138Â 198Â 135,1.0,-1.0,-1.0,1734204,2.0,7,,0.0,1.0,3.0,A01,138Â 198Â 135,0.0
1015941,201900057472,10,22,10:15,1,2,1,1.0,6.0,97229,30 Rue Joseph Souffleur,M,"14,6281010"," -61,1111150",972,2019,50.0,1.0,1.0,2.0,2272074,10.0,3,3,2,0.0,,2.0,3,1939.0,A01,138Â 198Â 135,0.0,-1.0,-1.0,1734204,2.0,7,,0.0,1.0,3.0,A01,138Â 198Â 135,0.0
1015942,201900057473,2,14,12:00,1,2,1,1.0,6.0,75114,BOULEVARD DU MONTPARNASSE,M,"48,8423220","2,3283760",75,2019,50.0,1.0,1.0,4.0,2272075,10.0,3,3,2,5.0,,4.0,3,1927.0,A01,138Â 198Â 125,8.0,0.0,-1.0,1734205,1.0,14,,0.0,1.0,1.0,A01,138Â 198Â 125,1.0
1015942,201900057473,2,14,12:00,1,2,1,1.0,6.0,75114,BOULEVARD DU MONTPARNASSE,M,"48,8423220","2,3283760",75,2019,50.0,1.0,1.0,4.0,2272076,1.0,1,1,1,4.0,,0.0,0,1964.0,A01,138Â 198Â 125,1.0,0.0,-1.0,1734205,1.0,14,,0.0,1.0,1.0,A01,138Â 198Â 125,1.0
1015943,201900057474,1,1,01:15,3,1,1,2.0,6.0,59430, rue de TROISVILLES,M,"50,1380730","3,5041580",59,2019,80.0,1.0,2.0,3.0,2272077,1.0,1,1,2,5.0,,0.0,0,1983.0,B01,138Â 198Â 132,1.0,-1.0,-1.0,1734206,2.0,7,,0.0,1.0,2.0,B01,138Â 198Â 132,1.0
1015943,201900057474,1,1,01:15,3,1,1,2.0,6.0,59430, rue de TROISVILLES,M,"50,1380730","3,5041580",59,2019,80.0,1.0,2.0,3.0,2272078,10.0,3,3,1,0.0,,1.0,1,1986.0,B01,138Â 198Â 132,0.0,0.0,0.0,1734206,2.0,7,,0.0,1.0,2.0,B01,138Â 198Â 132,1.0
1015944,201900057475,10,26,15:50,1,1,1,1.0,6.0,57211,Sainte-anne,M,"49,1813429","6,0635567",57,2019,130.0,3.0,1.0,1.0,2272079,1.0,1,3,1,4.0,,0.0,0,1995.0,A01,138Â 198Â 123,1.0,9.0,-1.0,1734207,1.0,10,,13.0,0.0,2.0,A01,138Â 198Â 123,1.0
1015945,201900057476,3,28,15:40,1,1,1,1.0,7.0,26144,RD104,M,"44,7325970","4,9297990",26,2019,80.0,1.0,1.0,3.0,2272080,9.0,2,1,2,9.0,,0.0,0,2018.0,A01,138Â 198Â 133,3.0,-1.0,-1.0,1734208,2.0,7,,13.0,0.0,1.0,A01,138Â 198Â 133,0.0
1015945,201900057476,3,28,15:40,1,1,1,1.0,7.0,26144,RD104,M,"44,7325970","4,9297990",26,2019,80.0,1.0,1.0,3.0,2272081,1.0,1,1,2,9.0,,0.0,0,1997.0,A01,138Â 198Â 133,1.0,-1.0,-1.0,1734208,2.0,7,,13.0,0.0,1.0,A01,138Â 198Â 133,0.0
1015945,201900057476,3,28,15:40,1,1,1,1.0,7.0,26144,RD104,M,"44,7325970","4,9297990",26,2019,80.0,1.0,1.0,3.0,2272082,2.0,2,3,2,9.0,,0.0,0,1995.0,A01,138Â 198Â 133,1.0,-1.0,-1.0,1734208,2.0,7,,13.0,0.0,1.0,A01,138Â 198Â 133,0.0
1015946,201900057477,5,27,16:30,1,2,1,2.0,7.0,06011,10 boulevard du marÃ©chal JOFFRE,M,"43,7062570","7,3287770",6,2019,30.0,1.0,2.0,3.0,2272083,1.0,1,3,2,0.0,,0.0,0,1984.0,A01,138Â 198Â 126,2.0,-1.0,-1.0,1734209,2.0,2,,0.0,0.0,0.0,A01,138Â 198Â 126,0.0
1015947,201900057478,9,21,23:50,3,1,1,1.0,2.0,77169,RN104.INT,M,"48,8057400","2,6289500",77,2019,110.0,1.0,1.0,2.0,2272084,2.0,1,1,1,-1.0,,0.0,0,1995.0,A01,138Â 198Â 134,1.0,0.0,-1.0,1734210,1.0,7,,0.0,2.0,3.0,A01,138Â 198Â 134,1.0
1015947,201900057478,9,21,23:50,3,1,1,1.0,2.0,77169,RN104.INT,M,"48,8057400","2,6289500",77,2019,110.0,1.0,1.0,2.0,2272084,2.0,1,1,1,-1.0,,0.0,0,1995.0,A01,138Â 198Â 134,1.0,0.0,-1.0,1734211,1.0,7,,0.0,2.0,6.0,B01,138Â 198Â 141,1.0
1015947,201900057478,9,21,23:50,3,1,1,1.0,2.0,77169,RN104.INT,M,"48,8057400","2,6289500",77,2019,110.0,1.0,1.0,2.0,2272085,1.0,1,4,1,5.0,,-1.0,0,1993.0,B01,138Â 198Â 141,1.0,4.0,-1.0,1734210,1.0,7,,0.0,2.0,3.0,A01,138Â 198Â 134,1.0
1015947,201900057478,9,21,23:50,3,1,1,1.0,2.0,77169,RN104.INT,M,"48,8057400","2,6289500",77,2019,110.0,1.0,1.0,2.0,2272085,1.0,1,4,1,5.0,,-1.0,0,1993.0,B01,138Â 198Â 141,1.0,4.0,-1.0,1734211,1.0,7,,0.0,2.0,6.0,B01,138Â 198Â 141,1.0
1015947,201900057478,9,21,23:50,3,1,1,1.0,2.0,77169,RN104.INT,M,"48,8057400","2,6289500",77,2019,110.0,1.0,1.0,2.0,2272086,2.0,2,4,2,5.0,,-1.0,0,1996.0,B01,138Â 198Â 141,1.0,0.0,-1.0,1734210,1.0,7,,0.0,2.0,3.0,A01,138Â 198Â 134,1.0
1015947,201900057478,9,21,23:50,3,1,1,1.0,2.0,77169,RN104.INT,M,"48,8057400","2,6289500",77,2019,110.0,1.0,1.0,2.0,2272086,2.0,2,4,2,5.0,,-1.0,0,1996.0,B01,138Â 198Â 141,1.0,0.0,-1.0,1734211,1.0,7,,0.0,2.0,6.0,B01,138Â 198Â 141,1.0
1015948,201900057479,10,26,09:30,1,1,2,1.0,6.0,42049,D8,M,"46,1382300","3,8942550",42,2019,70.0,1.0,1.0,3.0,2272087,1.0,1,1,2,5.0,,0.0,0,1953.0,A01,138Â 198Â 119,1.0,-1.0,-1.0,1734212,3.0,7,,0.0,2.0,1.0,A01,138Â 198Â 119,1.0
1015948,201900057479,10,26,09:30,1,1,2,1.0,6.0,42049,D8,M,"46,1382300","3,8942550",42,2019,70.0,1.0,1.0,3.0,2272087,1.0,1,1,2,5.0,,0.0,0,1953.0,A01,138Â 198Â 119,1.0,-1.0,-1.0,1734213,1.0,33,,0.0,2.0,8.0,B01,138Â 198Â 121,1.0
1015948,201900057479,10,26,09:30,1,1,2,1.0,6.0,42049,D8,M,"46,1382300","3,8942550",42,2019,70.0,1.0,1.0,3.0,2272088,1.0,1,3,1,5.0,,0.0,0,1956.0,B01,138Â 198Â 121,2.0,6.0,9.0,1734212,3.0,7,,0.0,2.0,1.0,A01,138Â 198Â 119,1.0
1015948,201900057479,10,26,09:30,1,1,2,1.0,6.0,42049,D8,M,"46,1382300","3,8942550",42,2019,70.0,1.0,1.0,3.0,2272088,1.0,1,3,1,5.0,,0.0,0,1956.0,B01,138Â 198Â 121,2.0,6.0,9.0,1734213,1.0,33,,0.0,2.0,8.0,B01,138Â 198Â 121,1.0
1015949,201900057480,1,4,18:35,3,1,1,1.0,2.0,13022,A50-Sens Aubagne vers Toulon,M,"43,2096700","5,5838300",13,2019,90.0,1.0,1.0,1.0,2272089,1.0,1,4,2,5.0,,-1.0, -1,1998.0,B01,138Â 198Â 120,1.0,0.0,-1.0,1734214,1.0,7,,0.0,2.0,1.0,B01,138Â 198Â 120,1.0
1015949,201900057480,1,4,18:35,3,1,1,1.0,2.0,13022,A50-Sens Aubagne vers Toulon,M,"43,2096700","5,5838300",13,2019,90.0,1.0,1.0,1.0,2272089,1.0,1,4,2,5.0,,-1.0, -1,1998.0,B01,138Â 198Â 120,1.0,0.0,-1.0,1734215,0.0,7,,0.0,2.0,4.0,A01,138Â 198Â 122,1.0
1015949,201900057480,1,4,18:35,3,1,1,1.0,2.0,13022,A50-Sens Aubagne vers Toulon,M,"43,2096700","5,5838300",13,2019,90.0,1.0,1.0,1.0,2272090,1.0,1,4,2,5.0,,-1.0, -1,1957.0,A01,138Â 198Â 122,1.0,0.0,-1.0,1734214,1.0,7,,0.0,2.0,1.0,B01,138Â 198Â 120,1.0
1015949,201900057480,1,4,18:35,3,1,1,1.0,2.0,13022,A50-Sens Aubagne vers Toulon,M,"43,2096700","5,5838300",13,2019,90.0,1.0,1.0,1.0,2272090,1.0,1,4,2,5.0,,-1.0, -1,1957.0,A01,138Â 198Â 122,1.0,0.0,-1.0,1734215,0.0,7,,0.0,2.0,4.0,A01,138Â 198Â 122,1.0
1015949,201900057480,1,4,18:35,3,1,1,1.0,2.0,13022,A50-Sens Aubagne vers Toulon,M,"43,2096700","5,5838300",13,2019,90.0,1.0,1.0,1.0,2272091,3.0,2,4,1,5.0,,-1.0, -1,1924.0,A01,138Â 198Â 122,1.0,0.0,-1.0,1734214,1.0,7,,0.0,2.0,1.0,B01,138Â 198Â 120,1.0
1015949,201900057480,1,4,18:35,3,1,1,1.0,2.0,13022,A50-Sens Aubagne vers Toulon,M,"43,2096700","5,5838300",13,2019,90.0,1.0,1.0,1.0,2272091,3.0,2,4,1,5.0,,-1.0, -1,1924.0,A01,138Â 198Â 122,1.0,0.0,-1.0,1734215,0.0,7,,0.0,2.0,4.0,A01,138Â 198Â 122,1.0
1015949,201900057480,1,4,18:35,3,1,1,1.0,2.0,13022,A50-Sens Aubagne vers Toulon,M,"43,2096700","5,5838300",13,2019,90.0,1.0,1.0,1.0,2272092,2.0,2,4,1,5.0,,-1.0, -1,1948.0,A01,138Â 198Â 122,1.0,0.0,-1.0,1734214,1.0,7,,0.0,2.0,1.0,B01,138Â 198Â 120,1.0
1015949,201900057480,1,4,18:35,3,1,1,1.0,2.0,13022,A50-Sens Aubagne vers Toulon,M,"43,2096700","5,5838300",13,2019,90.0,1.0,1.0,1.0,2272092,2.0,2,4,1,5.0,,-1.0, -1,1948.0,A01,138Â 198Â 122,1.0,0.0,-1.0,1734215,0.0,7,,0.0,2.0,4.0,A01,138Â 198Â 122,1.0
1015950,201900057481,10,26,18:40,1,1,1,1.0,3.0,72008,127 Boulevard Pierre Lefaucheux,M,"47,9426840","0,1832700",72,2019,70.0,1.0,1.0,3.0,2272093,1.0,1,1,1,5.0,,0.0,0,1944.0,A01,138Â 198Â 115,1.0,-1.0,-1.0,1734216,1.0,7,,0.0,2.0,6.0,A01,138Â 198Â 115,0.0
1015950,201900057481,10,26,18:40,1,1,1,1.0,3.0,72008,127 Boulevard Pierre Lefaucheux,M,"47,9426840","0,1832700",72,2019,70.0,1.0,1.0,3.0,2272093,1.0,1,1,1,5.0,,0.0,0,1944.0,A01,138Â 198Â 115,1.0,-1.0,-1.0,1734217,1.0,33,,0.0,2.0,1.0,B01,138Â 198Â 116,0.0
1015950,201900057481,10,26,18:40,1,1,1,1.0,3.0,72008,127 Boulevard Pierre Lefaucheux,M,"47,9426840","0,1832700",72,2019,70.0,1.0,1.0,3.0,2272094,1.0,1,3,1,5.0,,0.0,0,1998.0,B01,138Â 198Â 116,2.0,6.0,9.0,1734216,1.0,7,,0.0,2.0,6.0,A01,138Â 198Â 115,0.0
1015950,201900057481,10,26,18:40,1,1,1,1.0,3.0,72008,127 Boulevard Pierre Lefaucheux,M,"47,9426840","0,1832700",72,2019,70.0,1.0,1.0,3.0,2272094,1.0,1,3,1,5.0,,0.0,0,1998.0,B01,138Â 198Â 116,2.0,6.0,9.0,1734217,1.0,33,,0.0,2.0,1.0,B01,138Â 198Â 116,0.0
1015951,201900057482,1,4,18:30,3,1,1,1.0,4.0,13022,A50-Sens Aubagne vers Toulon,M,"43,2095100","5,5840200",13,2019,90.0,1.0,1.0,1.0,2272095,1.0,1,4,1,9.0,,-1.0, -1,1963.0,B01,138Â 198Â 111,1.0,0.0,-1.0,1734218,1.0,7,,0.0,2.0,4.0,B01,138Â 198Â 111,1.0
1015951,201900057482,1,4,18:30,3,1,1,1.0,4.0,13022,A50-Sens Aubagne vers Toulon,M,"43,2095100","5,5840200",13,2019,90.0,1.0,1.0,1.0,2272095,1.0,1,4,1,9.0,,-1.0, -1,1963.0,B01,138Â 198Â 111,1.0,0.0,-1.0,1734219,1.0,7,,0.0,2.0,1.0,C01,138Â 198Â 112,1.0
1015951,201900057482,1,4,18:30,3,1,1,1.0,4.0,13022,A50-Sens Aubagne vers Toulon,M,"43,2095100","5,5840200",13,2019,90.0,1.0,1.0,1.0,2272095,1.0,1,4,1,9.0,,-1.0, -1,1963.0,B01,138Â 198Â 111,1.0,0.0,-1.0,1734220,1.0,7,,0.0,2.0,4.0,A01,138Â 198Â 114,1.0
1015951,201900057482,1,4,18:30,3,1,1,1.0,4.0,13022,A50-Sens Aubagne vers Toulon,M,"43,2095100","5,5840200",13,2019,90.0,1.0,1.0,1.0,2272096,1.0,1,1,1,5.0,,-1.0, -1,1973.0,C01,138Â 198Â 112,1.0,0.0,-1.0,1734218,1.0,7,,0.0,2.0,4.0,B01,138Â 198Â 111,1.0
1015951,201900057482,1,4,18:30,3,1,1,1.0,4.0,13022,A50-Sens Aubagne vers Toulon,M,"43,2095100","5,5840200",13,2019,90.0,1.0,1.0,1.0,2272096,1.0,1,1,1,5.0,,-1.0, -1,1973.0,C01,138Â 198Â 112,1.0,0.0,-1.0,1734219,1.0,7,,0.0,2.0,1.0,C01,138Â 198Â 112,1.0
1015951,201900057482,1,4,18:30,3,1,1,1.0,4.0,13022,A50-Sens Aubagne vers Toulon,M,"43,2095100","5,5840200",13,2019,90.0,1.0,1.0,1.0,2272096,1.0,1,1,1,5.0,,-1.0, -1,1973.0,C01,138Â 198Â 112,1.0,0.0,-1.0,1734220,1.0,7,,0.0,2.0,4.0,A01,138Â 198Â 114,1.0
1015951,201900057482,1,4,18:30,3,1,1,1.0,4.0,13022,A50-Sens Aubagne vers Toulon,M,"43,2095100","5,5840200",13,2019,90.0,1.0,1.0,1.0,2272097,2.0,2,1,2,5.0,,-1.0, -1,1954.0,A01,138Â 198Â 114,1.0,0.0,-1.0,1734218,1.0,7,,0.0,2.0,4.0,B01,138Â 198Â 111,1.0