Unnamed: 0_x,num_acc,mois,jour,hrmn,lum,agg,int,atm,col,com,adr,gps,lat,long,dep,annee,vma,situ,surf,catr,Unnamed: 0_y,place,catu,grav,sexe,trajet,secu,locp,actp,an_nais,num_veh_x,id_vehicule_x,secu1,secu2,secu3,Unnamed: 0,senc,catv,occutc,obs,obsm,choc,num_veh_y,id_vehicule_y,motor
1015951,201900057482,1,4,18:30,3,1,1,1.0,4.0,13022,A50-Sens Aubagne vers Toulon,M,"43,2095100","5,5840200",13,2019,90.0,1.0,1.0,1.0,2272097,2.0,2,1,2,5.0,,-1.0, -1,1954.0,A01,138Â 198Â 114,1.0,0.0,-1.0,1734219,1.0,7,,0.0,2.0,1.0,C01,138Â 198Â 112,1.0
1015951,201900057482,1,4,18:30,3,1,1,1.0,4.0,13022,A50-Sens Aubagne vers Toulon,M,"43,2095100","5,5840200",13,2019,90.0,1.0,1.0,1.0,2272097,2.0,2,1,2,5.0,,-1.0, -1,1954.0,A01,138Â 198Â 114,1.0,0.0,-1.0,1734220,1.0,7,,0.0,2.0,4.0,A01,138Â 198Â 114,1.0
1015951,201900057482,1,4,18:30,3,1,1,1.0,4.0,13022,A50-Sens Aubagne vers Toulon,M,"43,2095100","5,5840200",13,2019,90.0,1.0,1.0,1.0,2272098,1.0,1,1,1,0.0,,-1.0, -1,1958.0,A01,138Â 198Â 114,1.0,0.0,-1.0,1734218,1.0,7,,0.0,2.0,4.0,B01,138Â 198Â 111,1.0
1015951,201900057482,1,4,18:30,3,1,1,1.0,4.0,13022,A50-Sens Aubagne vers Toulon,M,"43,2095100","5,5840200",13,2019,90.0,1.0,1.0,1.0,2272098,1.0,1,1,1,0.0,,-1.0, -1,1958.0,A01,138Â 198Â 114,1.0,0.0,-1.0,1734219,1.0,7,,0.0,2.0,1.0,C01,138Â 198Â 112,1.0
1015951,201900057482,1,4,18:30,3,1,1,1.0,4.0,13022,A50-Sens Aubagne vers Toulon,M,"43,2095100","5,5840200",13,2019,90.0,1.0,1.0,1.0,2272098,1.0,1,1,1,0.0,,-1.0, -1,1958.0,A01,138Â 198Â 114,1.0,0.0,-1.0,1734220,1.0,7,,0.0,2.0,4.0,A01,138Â 198Â 114,1.0
1015951,201900057482,1,4,18:30,3,1,1,1.0,4.0,13022,A50-Sens Aubagne vers Toulon,M,"43,2095100","5,5840200",13,2019,90.0,1.0,1.0,1.0,2272099,3.0,2,1,2,5.0,,-1.0, -1,2014.0,A01,138Â 198Â 114,3.0,8.0,-1.0,1734218,1.0,7,,0.0,2.0,4.0,B01,138Â 198Â 111,1.0
1015951,201900057482,1,4,18:30,3,1,1,1.0,4.0,13022,A50-Sens Aubagne vers Toulon,M,"43,2095100","5,5840200",13,2019,90.0,1.0,1.0,1.0,2272099,3.0,2,1,2,5.0,,-1.0, -1,2014.0,A01,138Â 198Â 114,3.0,8.0,-1.0,1734219,1.0,7,,0.0,2.0,1.0,C01,138Â 198Â 112,1.0
1015951,201900057482,1,4,18:30,3,1,1,1.0,4.0,13022,A50-Sens Aubagne vers Toulon,M,"43,2095100","5,5840200",13,2019,90.0,1.0,1.0,1.0,2272099,3.0,2,1,2,5.0,,-1.0, -1,2014.0,A01,138Â 198Â 114,3.0,8.0,-1.0,1734220,1.0,7,,0.0,2.0,4.0,A01,138Â 198Â 114,1.0
1015952,201900057483,10,25,16:20,1,1,2,1.0,3.0,74005,Rue du Cret Baron,M,"46,3411230","6,4620160",74,2019,70.0,1.0,1.0,3.0,2272100,1.0,1,3,1,0.0,,0.0,0,1995.0,B01,138Â 198Â 110,2.0,-1.0,-1.0,1734221,0.0,2,,0.0,0.0,7.0,B01,138Â 198Â 110,1.0
1015952,201900057483,10,25,16:20,1,1,2,1.0,3.0,74005,Rue du Cret Baron,M,"46,3411230","6,4620160",74,2019,70.0,1.0,1.0,3.0,2272100,1.0,1,3,1,0.0,,0.0,0,1995.0,B01,138Â 198Â 110,2.0,-1.0,-1.0,1734222,0.0,7,,0.0,2.0,1.0,A01,138Â 198Â 113,1.0
1015952,201900057483,10,25,16:20,1,1,2,1.0,3.0,74005,Rue du Cret Baron,M,"46,3411230","6,4620160",74,2019,70.0,1.0,1.0,3.0,2272101,1.0,1,4,1,0.0,,0.0,0,1997.0,A01,138Â 198Â 113,1.0,-1.0,-1.0,1734221,0.0,2,,0.0,0.0,7.0,B01,138Â 198Â 110,1.0
1015952,201900057483,10,25,16:20,1,1,2,1.0,3.0,74005,Rue du Cret Baron,M,"46,3411230","6,4620160",74,2019,70.0,1.0,1.0,3.0,2272101,1.0,1,4,1,0.0,,0.0,0,1997.0,A01,138Â 198Â 113,1.0,-1.0,-1.0,1734222,0.0,7,,0.0,2.0,1.0,A01,138Â 198Â 113,1.0
1015952,201900057483,10,25,16:20,1,1,2,1.0,3.0,74005,Rue du Cret Baron,M,"46,3411230","6,4620160",74,2019,70.0,1.0,1.0,3.0,2272102,3.0,2,1,2,0.0,,0.0,0,2011.0,A01,138Â 198Â 113,3.0,-1.0,-1.0,1734221,0.0,2,,0.0,0.0,7.0,B01,138Â 198Â 110,1.0
1015952,201900057483,10,25,16:20,1,1,2,1.0,3.0,74005,Rue du Cret Baron,M,"46,3411230","6,4620160",74,2019,70.0,1.0,1.0,3.0,2272102,3.0,2,1,2,0.0,,0.0,0,2011.0,A01,138Â 198Â 113,3.0,-1.0,-1.0,1734222,0.0,7,,0.0,2.0,1.0,A01,138Â 198Â 113,1.0
1015953,201900057484,10,26,02:20,3,1,1,1.0,6.0,79079,"LD ""Les SuissiÃ¨re-Chapelle-Largeau",M,"46,9705850"," -0,8721120",79,2019,80.0,3.0,2.0,4.0,2272103,1.0,1,3,1,5.0,,0.0,0,1998.0,A01,138Â 198Â 108,1.0,-1.0,-1.0,1734223,3.0,7,,13.0,0.0,3.0,A01,138Â 198Â 108,1.0
1015954,201900057485,1,3,18:40,5,2,1,9.0,2.0,13055,A507 sens Marseille - Aubagne,M,"43,2857730","5,4285880",13,2019,70.0,1.0,1.0,1.0,2272104,3.0,2,4,2,5.0,,-1.0,0,2010.0,A01,138Â 198Â 107,1.0,0.0,-1.0,1734224,1.0,7,,0.0,2.0,4.0,A01,138Â 198Â 107,1.0
1015954,201900057485,1,3,18:40,5,2,1,9.0,2.0,13055,A507 sens Marseille - Aubagne,M,"43,2857730","5,4285880",13,2019,70.0,1.0,1.0,1.0,2272104,3.0,2,4,2,5.0,,-1.0,0,2010.0,A01,138Â 198Â 107,1.0,0.0,-1.0,1734225,1.0,7,,0.0,2.0,4.0,B01,138Â 198Â 109,1.0
1015954,201900057485,1,3,18:40,5,2,1,9.0,2.0,13055,A507 sens Marseille - Aubagne,M,"43,2857730","5,4285880",13,2019,70.0,1.0,1.0,1.0,2272105,1.0,1,4,1,5.0,,-1.0,0,1976.0,A01,138Â 198Â 107,1.0,0.0,-1.0,1734224,1.0,7,,0.0,2.0,4.0,A01,138Â 198Â 107,1.0
1015954,201900057485,1,3,18:40,5,2,1,9.0,2.0,13055,A507 sens Marseille - Aubagne,M,"43,2857730","5,4285880",13,2019,70.0,1.0,1.0,1.0,2272105,1.0,1,4,1,5.0,,-1.0,0,1976.0,A01,138Â 198Â 107,1.0,0.0,-1.0,1734225,1.0,7,,0.0,2.0,4.0,B01,138Â 198Â 109,1.0
1015954,201900057485,1,3,18:40,5,2,1,9.0,2.0,13055,A507 sens Marseille - Aubagne,M,"43,2857730","5,4285880",13,2019,70.0,1.0,1.0,1.0,2272106,2.0,2,4,2,5.0,,-1.0,0,1979.0,A01,138Â 198Â 107,1.0,0.0,-1.0,1734224,1.0,7,,0.0,2.0,4.0,A01,138Â 198Â 107,1.0
1015954,201900057485,1,3,18:40,5,2,1,9.0,2.0,13055,A507 sens Marseille - Aubagne,M,"43,2857730","5,4285880",13,2019,70.0,1.0,1.0,1.0,2272106,2.0,2,4,2,5.0,,-1.0,0,1979.0,A01,138Â 198Â 107,1.0,0.0,-1.0,1734225,1.0,7,,0.0,2.0,4.0,B01,138Â 198Â 109,1.0
1015954,201900057485,1,3,18:40,5,2,1,9.0,2.0,13055,A507 sens Marseille - Aubagne,M,"43,2857730","5,4285880",13,2019,70.0,1.0,1.0,1.0,2272107,1.0,1,1,1,5.0,,-1.0,0,1991.0,B01,138Â 198Â 109,1.0,0.0,-1.0,1734224,1.0,7,,0.0,2.0,4.0,A01,138Â 198Â 107,1.0
1015954,201900057485,1,3,18:40,5,2,1,9.0,2.0,13055,A507 sens Marseille - Aubagne,M,"43,2857730","5,4285880",13,2019,70.0,1.0,1.0,1.0,2272107,1.0,1,1,1,5.0,,-1.0,0,1991.0,B01,138Â 198Â 109,1.0,0.0,-1.0,1734225,1.0,7,,0.0,2.0,4.0,B01,138Â 198Â 109,1.0
1015955,201900057486,3,27,16:55,1,2,6,1.0,3.0,14431,Place Charles de Gaulle (MÃ©zidon-Canon),M,"49,0735840"," -0,0696930",14,2019,50.0,1.0,1.0,3.0,2272108,1.0,1,3,2,5.0,,0.0,0,2005.0,B01,138Â 198Â 102,0.0,-1.0,-1.0,1734226,2.0,1,,0.0,2.0,1.0,B01,138Â 198Â 102,5.0
1015955,201900057486,3,27,16:55,1,2,6,1.0,3.0,14431,Place Charles de Gaulle (MÃ©zidon-Canon),M,"49,0735840"," -0,0696930",14,2019,50.0,1.0,1.0,3.0,2272108,1.0,1,3,2,5.0,,0.0,0,2005.0,B01,138Â 198Â 102,0.0,-1.0,-1.0,1734227,2.0,7,,0.0,2.0,6.0,A01,138Â 198Â 118,1.0
1015955,201900057486,3,27,16:55,1,2,6,1.0,3.0,14431,Place Charles de Gaulle (MÃ©zidon-Canon),M,"49,0735840"," -0,0696930",14,2019,50.0,1.0,1.0,3.0,2272109,1.0,1,1,1,5.0,,0.0,0,1969.0,A01,138Â 198Â 118,1.0,-1.0,-1.0,1734226,2.0,1,,0.0,2.0,1.0,B01,138Â 198Â 102,5.0
1015955,201900057486,3,27,16:55,1,2,6,1.0,3.0,14431,Place Charles de Gaulle (MÃ©zidon-Canon),M,"49,0735840"," -0,0696930",14,2019,50.0,1.0,1.0,3.0,2272109,1.0,1,1,1,5.0,,0.0,0,1969.0,A01,138Â 198Â 118,1.0,-1.0,-1.0,1734227,2.0,7,,0.0,2.0,6.0,A01,138Â 198Â 118,1.0
1015956,201900057487,9,21,05:25,5,1,1,1.0,7.0,94052,A86.EXT,M,"48,8310700","2,4914000",94,2019,70.0,1.0,3.0,1.0,2272110,1.0,1,4,1,1.0,,-1.0,0,1901.0,A01,138Â 198Â 101,8.0,4.0,-1.0,1734228,2.0,7,,6.0,0.0,7.0,A01,138Â 198Â 101,1.0
1015957,201900057488,2,14,08:50,1,2,7,1.0,3.0,75107,PLACE JOFFRE,M,"48,8515870","2,3014940",75,2019,50.0,1.0,1.0,4.0,2272111,1.0,1,1,1,4.0,,0.0,0,1977.0,A01,138Â 198Â 103,1.0,0.0,-1.0,1734229,1.0,10,,0.0,1.0,7.0,A01,138Â 198Â 103,1.0
1015957,201900057488,2,14,08:50,1,2,7,1.0,3.0,75107,PLACE JOFFRE,M,"48,8515870","2,3014940",75,2019,50.0,1.0,1.0,4.0,2272111,1.0,1,1,1,4.0,,0.0,0,1977.0,A01,138Â 198Â 103,1.0,0.0,-1.0,1734230,1.0,60,,0.0,2.0,8.0,B01,138Â 198Â 117,5.0
1015957,201900057488,2,14,08:50,1,2,7,1.0,3.0,75107,PLACE JOFFRE,M,"48,8515870","2,3014940",75,2019,50.0,1.0,1.0,4.0,2272112,1.0,1,4,1,5.0,,0.0,0,1998.0,B01,138Â 198Â 117,1.0,0.0,-1.0,1734229,1.0,10,,0.0,1.0,7.0,A01,138Â 198Â 103,1.0
1015957,201900057488,2,14,08:50,1,2,7,1.0,3.0,75107,PLACE JOFFRE,M,"48,8515870","2,3014940",75,2019,50.0,1.0,1.0,4.0,2272112,1.0,1,4,1,5.0,,0.0,0,1998.0,B01,138Â 198Â 117,1.0,0.0,-1.0,1734230,1.0,60,,0.0,2.0,8.0,B01,138Â 198Â 117,5.0
1015958,201900057489,10,25,15:55,1,1,6,1.0,3.0,2B049,Route de Calvi,M,"42,5502660","8,7957790",2B,2019,70.0,1.0,1.0,3.0,2272113,1.0,1,4,1,5.0,,0.0,0,1964.0,B01,138Â 198Â 100,0.0,-1.0,-1.0,1734231,2.0,1,,0.0,0.0,8.0,B01,138Â 198Â 100,5.0
1015958,201900057489,10,25,15:55,1,1,6,1.0,3.0,2B049,Route de Calvi,M,"42,5502660","8,7957790",2B,2019,70.0,1.0,1.0,3.0,2272113,1.0,1,4,1,5.0,,0.0,0,1964.0,B01,138Â 198Â 100,0.0,-1.0,-1.0,1734232,2.0,2,,0.0,9.0,1.0,A01,138Â 198Â 106,1.0
1015958,201900057489,10,25,15:55,1,1,6,1.0,3.0,2B049,Route de Calvi,M,"42,5502660","8,7957790",2B,2019,70.0,1.0,1.0,3.0,2272114,1.0,1,1,1,5.0,,0.0,0,2003.0,A01,138Â 198Â 106,2.0,-1.0,-1.0,1734231,2.0,1,,0.0,0.0,8.0,B01,138Â 198Â 100,5.0
1015958,201900057489,10,25,15:55,1,1,6,1.0,3.0,2B049,Route de Calvi,M,"42,5502660","8,7957790",2B,2019,70.0,1.0,1.0,3.0,2272114,1.0,1,1,1,5.0,,0.0,0,2003.0,A01,138Â 198Â 106,2.0,-1.0,-1.0,1734232,2.0,2,,0.0,9.0,1.0,A01,138Â 198Â 106,1.0
1015959,201900057490,1,2,12:15,1,1,1,1.0,2.0,13056,A55-Sens Martigues vers Marseille,M,"43,4084520","5,0359390",13,2019,50.0,2.0,1.0,1.0,2272115,1.0,1,4,2,0.0,,-1.0,0,1971.0,B01,138Â 198Â 099,1.0,0.0,-1.0,1734233,2.0,7,,0.0,2.0,2.0,B01,138Â 198Â 099,1.0
1015959,201900057490,1,2,12:15,1,1,1,1.0,2.0,13056,A55-Sens Martigues vers Marseille,M,"43,4084520","5,0359390",13,2019,50.0,2.0,1.0,1.0,2272115,1.0,1,4,2,0.0,,-1.0,0,1971.0,B01,138Â 198Â 099,1.0,0.0,-1.0,1734234,2.0,7,,0.0,2.0,6.0,A01,138Â 198Â 105,1.0
1015959,201900057490,1,2,12:15,1,1,1,1.0,2.0,13056,A55-Sens Martigues vers Marseille,M,"43,4084520","5,0359390",13,2019,50.0,2.0,1.0,1.0,2272116,1.0,1,1,1,5.0,,-1.0,0,1946.0,A01,138Â 198Â 105,1.0,0.0,-1.0,1734233,2.0,7,,0.0,2.0,2.0,B01,138Â 198Â 099,1.0
1015959,201900057490,1,2,12:15,1,1,1,1.0,2.0,13056,A55-Sens Martigues vers Marseille,M,"43,4084520","5,0359390",13,2019,50.0,2.0,1.0,1.0,2272116,1.0,1,1,1,5.0,,-1.0,0,1946.0,A01,138Â 198Â 105,1.0,0.0,-1.0,1734234,2.0,7,,0.0,2.0,6.0,A01,138Â 198Â 105,1.0
1015960,201900057491,10,26,06:00,3,1,1,1.0,6.0,61475,D930,M,"48,6366590","0,5824060",61,2019,80.0,3.0,2.0,3.0,2272117,2.0,2,2,2,0.0,,0.0,0,1999.0,A01,138Â 198Â 096,1.0,-1.0,-1.0,1734235,1.0,7,,2.0,0.0,1.0,A01,138Â 198Â 096,1.0
1015960,201900057491,10,26,06:00,3,1,1,1.0,6.0,61475,D930,M,"48,6366590","0,5824060",61,2019,80.0,3.0,2.0,3.0,2272118,1.0,1,2,1,0.0,,0.0,0,1995.0,A01,138Â 198Â 096,0.0,-1.0,-1.0,1734235,1.0,7,,2.0,0.0,1.0,A01,138Â 198Â 096,1.0
1015961,201900057492,2,13,07:40,2,2,7,5.0,3.0,75114,PLACE VICTOR ET HELENE BASCH,M,"48,8280180","2,3269390",75,2019,50.0,1.0,1.0,4.0,2272119,1.0,1,4,1,1.0,,0.0,0,1989.0,A01,138Â 198Â 092,2.0,6.0,-1.0,1734236,2.0,32,,0.0,2.0,1.0,A01,138Â 198Â 092,1.0
1015961,201900057492,2,13,07:40,2,2,7,5.0,3.0,75114,PLACE VICTOR ET HELENE BASCH,M,"48,8280180","2,3269390",75,2019,50.0,1.0,1.0,4.0,2272119,1.0,1,4,1,1.0,,0.0,0,1989.0,A01,138Â 198Â 092,2.0,6.0,-1.0,1734237,2.0,33,,0.0,2.0,1.0,B01,138Â 198Â 098,1.0
1015961,201900057492,2,13,07:40,2,2,7,5.0,3.0,75114,PLACE VICTOR ET HELENE BASCH,M,"48,8280180","2,3269390",75,2019,50.0,1.0,1.0,4.0,2272120,1.0,1,4,1,1.0,,0.0,0,1970.0,B01,138Â 198Â 098,2.0,6.0,-1.0,1734236,2.0,32,,0.0,2.0,1.0,A01,138Â 198Â 092,1.0
1015961,201900057492,2,13,07:40,2,2,7,5.0,3.0,75114,PLACE VICTOR ET HELENE BASCH,M,"48,8280180","2,3269390",75,2019,50.0,1.0,1.0,4.0,2272120,1.0,1,4,1,1.0,,0.0,0,1970.0,B01,138Â 198Â 098,2.0,6.0,-1.0,1734237,2.0,33,,0.0,2.0,1.0,B01,138Â 198Â 098,1.0
1015962,201900057493,3,25,17:15,1,2,1,1.0,6.0,45067,22 Rue du Cas Rouge,M,"47,8805270","1,7710790",45,2019,50.0,1.0,1.0,4.0,2272121,1.0,1,3,1,5.0,,0.0,0,2006.0,A01,138Â 198Â 094,0.0,-1.0,-1.0,1734238,3.0,1,,1.0,0.0,6.0,A01,138Â 198Â 094,5.0
1015963,201900057494,2,17,21:00,5,2,4,1.0,3.0,75113,AVENUE DES GOBELINS,M,"48,8332050","2,3543610",75,2019,50.0,1.0,1.0,4.0,2272122,1.0,1,1,1,5.0,,0.0,0,1936.0,A01,138Â 198Â 087,1.0,0.0,-1.0,1734239,1.0,7,,0.0,2.0,2.0,A01,138Â 198Â 087,1.0
1015963,201900057494,2,17,21:00,5,2,4,1.0,3.0,75113,AVENUE DES GOBELINS,M,"48,8332050","2,3543610",75,2019,50.0,1.0,1.0,4.0,2272122,1.0,1,1,1,5.0,,0.0,0,1936.0,A01,138Â 198Â 087,1.0,0.0,-1.0,1734240,2.0,30,,0.0,2.0,1.0,B01,138Â 198Â 089,1.0
1015963,201900057494,2,17,21:00,5,2,4,1.0,3.0,75113,AVENUE DES GOBELINS,M,"48,8332050","2,3543610",75,2019,50.0,1.0,1.0,4.0,2272123,1.0,1,4,1,4.0,,0.0,0,2000.0,B01,138Â 198Â 089,2.0,6.0,-1.0,1734239,1.0,7,,0.0,2.0,2.0,A01,138Â 198Â 087,1.0
1015963,201900057494,2,17,21:00,5,2,4,1.0,3.0,75113,AVENUE DES GOBELINS,M,"48,8332050","2,3543610",75,2019,50.0,1.0,1.0,4.0,2272123,1.0,1,4,1,4.0,,0.0,0,2000.0,B01,138Â 198Â 089,2.0,6.0,-1.0,1734240,2.0,30,,0.0,2.0,1.0,B01,138Â 198Â 089,1.0
1015964,201900057495,3,27,18:00,1,1,1,1.0,3.0,64191,CD 936,M,"43,1830894"," -0,1847486",64,2019,80.0,1.0,1.0,3.0,2272124,1.0,1,3,1,5.0,,0.0,0,2002.0,B01,138Â 198Â 085,2.0,6.0,-1.0,1734241,1.0,2,,0.0,2.0,1.0,B01,138Â 198Â 085,0.0
1015964,201900057495,3,27,18:00,1,1,1,1.0,3.0,64191,CD 936,M,"43,1830894"," -0,1847486",64,2019,80.0,1.0,1.0,3.0,2272124,1.0,1,3,1,5.0,,0.0,0,2002.0,B01,138Â 198Â 085,2.0,6.0,-1.0,1734242,2.0,7,,0.0,0.0,2.0,A01,138Â 198Â 086,0.0
1015964,201900057495,3,27,18:00,1,1,1,1.0,3.0,64191,CD 936,M,"43,1830894"," -0,1847486",64,2019,80.0,1.0,1.0,3.0,2272125,1.0,1,1,1,5.0,,0.0,0,1957.0,A01,138Â 198Â 086,1.0,-1.0,-1.0,1734241,1.0,2,,0.0,2.0,1.0,B01,138Â 198Â 085,0.0
1015964,201900057495,3,27,18:00,1,1,1,1.0,3.0,64191,CD 936,M,"43,1830894"," -0,1847486",64,2019,80.0,1.0,1.0,3.0,2272125,1.0,1,1,1,5.0,,0.0,0,1957.0,A01,138Â 198Â 086,1.0,-1.0,-1.0,1734242,2.0,7,,0.0,0.0,2.0,A01,138Â 198Â 086,0.0
1015965,201900057496,1,2,11:50,1,1,1,1.0,7.0,13202,TVPCM-Sens Saint Victor vers Les Ports,M,"43,2919000","5,3661000",13,2019,50.0,1.0,1.0,1.0,2272126,1.0,1,4,1,4.0,,-1.0, -1,1979.0,A01,138Â 198Â 097,1.0,0.0,-1.0,1734243,1.0,10,,0.0,0.0,7.0,A01,138Â 198Â 097,1.0
1015966,201900057497,3,26,22:15,5,2,1,1.0,6.0,16312,514 Route de Plaisance,M,"45,7707071"," -0,0356268",16,2019,50.0,3.0,1.0,4.0,2272127,1.0,1,3,1,5.0,,0.0,0,1968.0,A01,138Â 198Â 084,8.0,-1.0,-1.0,1734244,1.0,7,,2.0,0.0,2.0,A01,138Â 198Â 084,1.0
1015967,201900057498,5,6,13:30,1,2,2,1.0,3.0,06147,Avenue du Canton de Levens,M,"43,7911100","7,2736710",6,2019,50.0,1.0,1.0,7.0,2272128,1.0,1,1,1,2.0,,0.0,0,1939.0,B01,138Â 198Â 095,1.0,-1.0,-1.0,1734245,3.0,7,,0.0,2.0,3.0,B01,138Â 198Â 095,1.0
1015967,201900057498,5,6,13:30,1,2,2,1.0,3.0,06147,Avenue du Canton de Levens,M,"43,7911100","7,2736710",6,2019,50.0,1.0,1.0,7.0,2272128,1.0,1,1,1,2.0,,0.0,0,1939.0,B01,138Â 198Â 095,1.0,-1.0,-1.0,1734246,3.0,2,,0.0,2.0,1.0,A01,138Â 198Â 104,1.0
1015967,201900057498,5,6,13:30,1,2,2,1.0,3.0,06147,Avenue du Canton de Levens,M,"43,7911100","7,2736710",6,2019,50.0,1.0,1.0,7.0,2272129,1.0,1,3,1,0.0,,0.0,0,2000.0,A01,138Â 198Â 104,2.0,-1.0,-1.0,1734245,3.0,7,,0.0,2.0,3.0,B01,138Â 198Â 095,1.0
1015967,201900057498,5,6,13:30,1,2,2,1.0,3.0,06147,Avenue du Canton de Levens,M,"43,7911100","7,2736710",6,2019,50.0,1.0,1.0,7.0,2272129,1.0,1,3,1,0.0,,0.0,0,2000.0,A01,138Â 198Â 104,2.0,-1.0,-1.0,1734246,3.0,2,,0.0,2.0,1.0,A01,138Â 198Â 104,1.0
1015968,201900057499,3,27,17:40,1,1,2,1.0,1.0,07142,Route Nationale 102,M,"44,7660140","3,9153380",7,2019,80.0,1.0,1.0,2.0,2272130,1.0,1,4,1,0.0,,0.0,0,1994.0,B01,138Â 198Â 082,1.0,-1.0,-1.0,1734247,1.0,7,,0.0,2.0,3.0,B01,138Â 198Â 082,1.0
1015968,201900057499,3,27,17:40,1,1,2,1.0,1.0,07142,Route Nationale 102,M,"44,7660140","3,9153380",7,2019,80.0,1.0,1.0,2.0,2272130,1.0,1,4,1,0.0,,0.0,0,1994.0,B01,138Â 198Â 082,1.0,-1.0,-1.0,1734248,2.0,7,,0.0,2.0,1.0,A01,138Â 198Â 083,1.0
1015968,201900057499,3,27,17:40,1,1,2,1.0,1.0,07142,Route Nationale 102,M,"44,7660140","3,9153380",7,2019,80.0,1.0,1.0,2.0,2272131,1.0,1,3,1,0.0,,0.0,0,1970.0,A01,138Â 198Â 083,1.0,-1.0,-1.0,1734247,1.0,7,,0.0,2.0,3.0,B01,138Â 198Â 082,1.0
1015968,201900057499,3,27,17:40,1,1,2,1.0,1.0,07142,Route Nationale 102,M,"44,7660140","3,9153380",7,2019,80.0,1.0,1.0,2.0,2272131,1.0,1,3,1,0.0,,0.0,0,1970.0,A01,138Â 198Â 083,1.0,-1.0,-1.0,1734248,2.0,7,,0.0,2.0,1.0,A01,138Â 198Â 083,1.0
1015969,201900057500,5,27,21:30,4,2,3,1.0,3.0,06077,RD 2566,M,"43,8814920","7,3585410",6,2019,-1.0,1.0,1.0,3.0,2272132,1.0,1,1,2,5.0,,0.0,0,1987.0,A01,138Â 198Â 080,8.0,-1.0,-1.0,1734249,1.0,7,,0.0,2.0,6.0,A01,138Â 198Â 080,1.0
1015969,201900057500,5,27,21:30,4,2,3,1.0,3.0,06077,RD 2566,M,"43,8814920","7,3585410",6,2019,-1.0,1.0,1.0,3.0,2272132,1.0,1,1,2,5.0,,0.0,0,1987.0,A01,138Â 198Â 080,8.0,-1.0,-1.0,1734250,2.0,7,,0.0,2.0,3.0,B01,138Â 198Â 081,1.0
1015969,201900057500,5,27,21:30,4,2,3,1.0,3.0,06077,RD 2566,M,"43,8814920","7,3585410",6,2019,-1.0,1.0,1.0,3.0,2272133,1.0,1,4,2,1.0,,0.0,0,1998.0,B01,138Â 198Â 081,1.0,-1.0,-1.0,1734249,1.0,7,,0.0,2.0,6.0,A01,138Â 198Â 080,1.0
1015969,201900057500,5,27,21:30,4,2,3,1.0,3.0,06077,RD 2566,M,"43,8814920","7,3585410",6,2019,-1.0,1.0,1.0,3.0,2272133,1.0,1,4,2,1.0,,0.0,0,1998.0,B01,138Â 198Â 081,1.0,-1.0,-1.0,1734250,2.0,7,,0.0,2.0,3.0,B01,138Â 198Â 081,1.0
1015970,201900057501,3,27,21:20,3,1,2,1.0,3.0,53240,Roche Poulain,M,"47,8028270"," -1,0441970",53,2019,80.0,1.0,1.0,3.0,2272134,1.0,1,3,1,1.0,,0.0,0,1972.0,B01,138Â 198Â 078,2.0,6.0,-1.0,1734251,2.0,31,,0.0,0.0,2.0,B01,138Â 198Â 078,1.0
1015970,201900057501,3,27,21:20,3,1,2,1.0,3.0,53240,Roche Poulain,M,"47,8028270"," -1,0441970",53,2019,80.0,1.0,1.0,3.0,2272134,1.0,1,3,1,1.0,,0.0,0,1972.0,B01,138Â 198Â 078,2.0,6.0,-1.0,1734252,3.0,7,,0.0,0.0,2.0,A01,138Â 198Â 079,1.0
1015970,201900057501,3,27,21:20,3,1,2,1.0,3.0,53240,Roche Poulain,M,"47,8028270"," -1,0441970",53,2019,80.0,1.0,1.0,3.0,2272135,1.0,1,1,1,5.0,,0.0,0,1962.0,A01,138Â 198Â 079,1.0,-1.0,-1.0,1734251,2.0,31,,0.0,0.0,2.0,B01,138Â 198Â 078,1.0
1015970,201900057501,3,27,21:20,3,1,2,1.0,3.0,53240,Roche Poulain,M,"47,8028270"," -1,0441970",53,2019,80.0,1.0,1.0,3.0,2272135,1.0,1,1,1,5.0,,0.0,0,1962.0,A01,138Â 198Â 079,1.0,-1.0,-1.0,1734252,3.0,7,,0.0,0.0,2.0,A01,138Â 198Â 079,1.0
1015971,201900057502,5,26,11:20,1,1,1,2.0,1.0,06057,Route du Col de Nice,M,"43,8114700","7,3568240",6,2019,80.0,5.0,2.0,3.0,2272136,1.0,1,3,1,5.0,,0.0,0,1966.0,B01,138Â 198Â 076,0.0,-1.0,-1.0,1734253,1.0,1,,0.0,2.0,1.0,B01,138Â 198Â 076,5.0
1015971,201900057502,5,26,11:20,1,1,1,2.0,1.0,06057,Route du Col de Nice,M,"43,8114700","7,3568240",6,2019,80.0,5.0,2.0,3.0,2272136,1.0,1,3,1,5.0,,0.0,0,1966.0,B01,138Â 198Â 076,0.0,-1.0,-1.0,1734254,2.0,7,,0.0,9.0,4.0,A01,138Â 198Â 077,1.0
1015971,201900057502,5,26,11:20,1,1,1,2.0,1.0,06057,Route du Col de Nice,M,"43,8114700","7,3568240",6,2019,80.0,5.0,2.0,3.0,2272137,1.0,1,4,2,3.0,,0.0,0,1997.0,A01,138Â 198Â 077,1.0,5.0,-1.0,1734253,1.0,1,,0.0,2.0,1.0,B01,138Â 198Â 076,5.0