Unnamed: 0_x,num_acc,mois,jour,hrmn,lum,agg,int,atm,col,com,adr,gps,lat,long,dep,annee,vma,situ,surf,catr,Unnamed: 0_y,place,catu,grav,sexe,trajet,secu,locp,actp,an_nais,num_veh_x,id_vehicule_x,secu1,secu2,secu3,Unnamed: 0,senc,catv,occutc,obs,obsm,choc,num_veh_y,id_vehicule_y,motor
1015971,201900057502,5,26,11:20,1,1,1,2.0,1.0,06057,Route du Col de Nice,M,"43,8114700","7,3568240",6,2019,80.0,5.0,2.0,3.0,2272137,1.0,1,4,2,3.0,,0.0,0,1997.0,A01,138Â 198Â 077,1.0,5.0,-1.0,1734254,2.0,7,,0.0,9.0,4.0,A01,138Â 198Â 077,1.0
1015972,201900057503,3,28,17:25,1,1,1,1.0,4.0,85076,Bel Air - Route de Clisson,M,"47,0753800"," -1,2715600",85,2019,70.0,1.0,1.0,3.0,2272138,1.0,1,1,2,2.0,,0.0,0,1975.0,A01,138Â 198Â 072,1.0,-1.0,-1.0,1734255,2.0,7,,0.0,0.0,4.0,A01,138Â 198Â 072,1.0
1015972,201900057503,3,28,17:25,1,1,1,1.0,4.0,85076,Bel Air - Route de Clisson,M,"47,0753800"," -1,2715600",85,2019,70.0,1.0,1.0,3.0,2272138,1.0,1,1,2,2.0,,0.0,0,1975.0,A01,138Â 198Â 072,1.0,-1.0,-1.0,1734256,2.0,7,,0.0,2.0,1.0,B01,138Â 198Â 073,1.0
1015972,201900057503,3,28,17:25,1,1,1,1.0,4.0,85076,Bel Air - Route de Clisson,M,"47,0753800"," -1,2715600",85,2019,70.0,1.0,1.0,3.0,2272138,1.0,1,1,2,2.0,,0.0,0,1975.0,A01,138Â 198Â 072,1.0,-1.0,-1.0,1734257,2.0,38,1.0,0.0,2.0,1.0,C01,138Â 198Â 075,1.0
1015972,201900057503,3,28,17:25,1,1,1,1.0,4.0,85076,Bel Air - Route de Clisson,M,"47,0753800"," -1,2715600",85,2019,70.0,1.0,1.0,3.0,2272139,9.0,2,4,2,2.0,,0.0,0,2009.0,A01,138Â 198Â 072,3.0,-1.0,-1.0,1734255,2.0,7,,0.0,0.0,4.0,A01,138Â 198Â 072,1.0
1015972,201900057503,3,28,17:25,1,1,1,1.0,4.0,85076,Bel Air - Route de Clisson,M,"47,0753800"," -1,2715600",85,2019,70.0,1.0,1.0,3.0,2272139,9.0,2,4,2,2.0,,0.0,0,2009.0,A01,138Â 198Â 072,3.0,-1.0,-1.0,1734256,2.0,7,,0.0,2.0,1.0,B01,138Â 198Â 073,1.0
1015972,201900057503,3,28,17:25,1,1,1,1.0,4.0,85076,Bel Air - Route de Clisson,M,"47,0753800"," -1,2715600",85,2019,70.0,1.0,1.0,3.0,2272139,9.0,2,4,2,2.0,,0.0,0,2009.0,A01,138Â 198Â 072,3.0,-1.0,-1.0,1734257,2.0,38,1.0,0.0,2.0,1.0,C01,138Â 198Â 075,1.0
1015972,201900057503,3,28,17:25,1,1,1,1.0,4.0,85076,Bel Air - Route de Clisson,M,"47,0753800"," -1,2715600",85,2019,70.0,1.0,1.0,3.0,2272140,2.0,2,1,2,1.0,,0.0,0,2002.0,B01,138Â 198Â 073,1.0,-1.0,-1.0,1734255,2.0,7,,0.0,0.0,4.0,A01,138Â 198Â 072,1.0
1015972,201900057503,3,28,17:25,1,1,1,1.0,4.0,85076,Bel Air - Route de Clisson,M,"47,0753800"," -1,2715600",85,2019,70.0,1.0,1.0,3.0,2272140,2.0,2,1,2,1.0,,0.0,0,2002.0,B01,138Â 198Â 073,1.0,-1.0,-1.0,1734256,2.0,7,,0.0,2.0,1.0,B01,138Â 198Â 073,1.0
1015972,201900057503,3,28,17:25,1,1,1,1.0,4.0,85076,Bel Air - Route de Clisson,M,"47,0753800"," -1,2715600",85,2019,70.0,1.0,1.0,3.0,2272140,2.0,2,1,2,1.0,,0.0,0,2002.0,B01,138Â 198Â 073,1.0,-1.0,-1.0,1734257,2.0,38,1.0,0.0,2.0,1.0,C01,138Â 198Â 075,1.0
1015972,201900057503,3,28,17:25,1,1,1,1.0,4.0,85076,Bel Air - Route de Clisson,M,"47,0753800"," -1,2715600",85,2019,70.0,1.0,1.0,3.0,2272141,1.0,1,4,2,5.0,,0.0,0,1944.0,B01,138Â 198Â 073,1.0,-1.0,-1.0,1734255,2.0,7,,0.0,0.0,4.0,A01,138Â 198Â 072,1.0
1015972,201900057503,3,28,17:25,1,1,1,1.0,4.0,85076,Bel Air - Route de Clisson,M,"47,0753800"," -1,2715600",85,2019,70.0,1.0,1.0,3.0,2272141,1.0,1,4,2,5.0,,0.0,0,1944.0,B01,138Â 198Â 073,1.0,-1.0,-1.0,1734256,2.0,7,,0.0,2.0,1.0,B01,138Â 198Â 073,1.0
1015972,201900057503,3,28,17:25,1,1,1,1.0,4.0,85076,Bel Air - Route de Clisson,M,"47,0753800"," -1,2715600",85,2019,70.0,1.0,1.0,3.0,2272141,1.0,1,4,2,5.0,,0.0,0,1944.0,B01,138Â 198Â 073,1.0,-1.0,-1.0,1734257,2.0,38,1.0,0.0,2.0,1.0,C01,138Â 198Â 075,1.0
1015972,201900057503,3,28,17:25,1,1,1,1.0,4.0,85076,Bel Air - Route de Clisson,M,"47,0753800"," -1,2715600",85,2019,70.0,1.0,1.0,3.0,2272142,1.0,1,1,2,4.0,,0.0,0,1988.0,C01,138Â 198Â 075,4.0,-1.0,-1.0,1734255,2.0,7,,0.0,0.0,4.0,A01,138Â 198Â 072,1.0
1015972,201900057503,3,28,17:25,1,1,1,1.0,4.0,85076,Bel Air - Route de Clisson,M,"47,0753800"," -1,2715600",85,2019,70.0,1.0,1.0,3.0,2272142,1.0,1,1,2,4.0,,0.0,0,1988.0,C01,138Â 198Â 075,4.0,-1.0,-1.0,1734256,2.0,7,,0.0,2.0,1.0,B01,138Â 198Â 073,1.0
1015972,201900057503,3,28,17:25,1,1,1,1.0,4.0,85076,Bel Air - Route de Clisson,M,"47,0753800"," -1,2715600",85,2019,70.0,1.0,1.0,3.0,2272142,1.0,1,1,2,4.0,,0.0,0,1988.0,C01,138Â 198Â 075,4.0,-1.0,-1.0,1734257,2.0,38,1.0,0.0,2.0,1.0,C01,138Â 198Â 075,1.0
1015973,201900057504,5,27,13:00,1,1,1,1.0,7.0,05181,RD1091,M,"45,0321660","6,3833090",5,2019,80.0,3.0,1.0,3.0,2272143,1.0,1,3,1,5.0,,0.0,0,1974.0,A01,138Â 198Â 071,2.0,6.0,-1.0,1734258,1.0,33,,3.0,0.0,2.0,A01,138Â 198Â 071,1.0
1015974,201900057505,3,28,19:13,1,2,4,1.0,3.0,17347,boulevard du 14 juillet,M,"45,9479350"," -0,5170450",17,2019,50.0,1.0,1.0,3.0,2272144,1.0,1,1,2,9.0,,0.0,0,1985.0,B01,138Â 198Â 069,1.0,-1.0,-1.0,1734259,2.0,10,,0.0,2.0,3.0,B01,138Â 198Â 069,1.0
1015974,201900057505,3,28,19:13,1,2,4,1.0,3.0,17347,boulevard du 14 juillet,M,"45,9479350"," -0,5170450",17,2019,50.0,1.0,1.0,3.0,2272144,1.0,1,1,2,9.0,,0.0,0,1985.0,B01,138Â 198Â 069,1.0,-1.0,-1.0,1734260,1.0,33,,12.0,2.0,6.0,A01,138Â 198Â 070,1.0
1015974,201900057505,3,28,19:13,1,2,4,1.0,3.0,17347,boulevard du 14 juillet,M,"45,9479350"," -0,5170450",17,2019,50.0,1.0,1.0,3.0,2272145,7.0,2,1,1,5.0,,0.0,0,2014.0,B01,138Â 198Â 069,1.0,-1.0,-1.0,1734259,2.0,10,,0.0,2.0,3.0,B01,138Â 198Â 069,1.0
1015974,201900057505,3,28,19:13,1,2,4,1.0,3.0,17347,boulevard du 14 juillet,M,"45,9479350"," -0,5170450",17,2019,50.0,1.0,1.0,3.0,2272145,7.0,2,1,1,5.0,,0.0,0,2014.0,B01,138Â 198Â 069,1.0,-1.0,-1.0,1734260,1.0,33,,12.0,2.0,6.0,A01,138Â 198Â 070,1.0
1015974,201900057505,3,28,19:13,1,2,4,1.0,3.0,17347,boulevard du 14 juillet,M,"45,9479350"," -0,5170450",17,2019,50.0,1.0,1.0,3.0,2272146,1.0,1,3,1,3.0,,0.0,0,1955.0,A01,138Â 198Â 070,2.0,6.0,-1.0,1734259,2.0,10,,0.0,2.0,3.0,B01,138Â 198Â 069,1.0
1015974,201900057505,3,28,19:13,1,2,4,1.0,3.0,17347,boulevard du 14 juillet,M,"45,9479350"," -0,5170450",17,2019,50.0,1.0,1.0,3.0,2272146,1.0,1,3,1,3.0,,0.0,0,1955.0,A01,138Â 198Â 070,2.0,6.0,-1.0,1734260,1.0,33,,12.0,2.0,6.0,A01,138Â 198Â 070,1.0
1015974,201900057505,3,28,19:13,1,2,4,1.0,3.0,17347,boulevard du 14 juillet,M,"45,9479350"," -0,5170450",17,2019,50.0,1.0,1.0,3.0,2272147,2.0,2,3,2,3.0,,0.0,0,1953.0,A01,138Â 198Â 070,2.0,6.0,-1.0,1734259,2.0,10,,0.0,2.0,3.0,B01,138Â 198Â 069,1.0
1015974,201900057505,3,28,19:13,1,2,4,1.0,3.0,17347,boulevard du 14 juillet,M,"45,9479350"," -0,5170450",17,2019,50.0,1.0,1.0,3.0,2272147,2.0,2,3,2,3.0,,0.0,0,1953.0,A01,138Â 198Â 070,2.0,6.0,-1.0,1734260,1.0,33,,12.0,2.0,6.0,A01,138Â 198Â 070,1.0
1015975,201900057506,5,9,14:30,1,1,1,1.0,7.0,05006,RN 94,M,"44,7808270","6,5611370",5,2019,80.0,3.0,1.0,2.0,2272148,1.0,1,3,2,0.0,,0.0,0,1951.0,A01,138Â 198Â 068,1.0,-1.0,-1.0,1734261,2.0,7,,13.0,0.0,1.0,A01,138Â 198Â 068,1.0
1015976,201900057507,3,28,11:15,1,1,3,1.0,3.0,78356,RD195,M,"48,7421970","2,0559510",78,2019,70.0,8.0,1.0,3.0,2272149,1.0,1,3,1,5.0,,0.0,0,1997.0,B01,138Â 198Â 066,2.0,5.0,9.0,1734262,2.0,31,,0.0,2.0,1.0,B01,138Â 198Â 066,1.0
1015976,201900057507,3,28,11:15,1,1,3,1.0,3.0,78356,RD195,M,"48,7421970","2,0559510",78,2019,70.0,8.0,1.0,3.0,2272149,1.0,1,3,1,5.0,,0.0,0,1997.0,B01,138Â 198Â 066,2.0,5.0,9.0,1734263,3.0,7,,0.0,2.0,8.0,A01,138Â 198Â 067,2.0
1015976,201900057507,3,28,11:15,1,1,3,1.0,3.0,78356,RD195,M,"48,7421970","2,0559510",78,2019,70.0,8.0,1.0,3.0,2272150,1.0,1,4,1,3.0,,0.0,0,1948.0,A01,138Â 198Â 067,1.0,-1.0,-1.0,1734262,2.0,31,,0.0,2.0,1.0,B01,138Â 198Â 066,1.0
1015976,201900057507,3,28,11:15,1,1,3,1.0,3.0,78356,RD195,M,"48,7421970","2,0559510",78,2019,70.0,8.0,1.0,3.0,2272150,1.0,1,4,1,3.0,,0.0,0,1948.0,A01,138Â 198Â 067,1.0,-1.0,-1.0,1734263,3.0,7,,0.0,2.0,8.0,A01,138Â 198Â 067,2.0
1015977,201900057508,5,26,13:45,1,1,1,1.0,2.0,05089,Serre Pavorel,M,"44,3957600","5,7371000",5,2019,80.0,1.0,1.0,3.0,2272151,1.0,1,4,1,5.0,,0.0,0,1951.0,B01,138Â 198Â 064,1.0,-1.0,-1.0,1734264,1.0,7,,0.0,0.0,4.0,B01,138Â 198Â 064,1.0
1015977,201900057508,5,26,13:45,1,1,1,1.0,2.0,05089,Serre Pavorel,M,"44,3957600","5,7371000",5,2019,80.0,1.0,1.0,3.0,2272151,1.0,1,4,1,5.0,,0.0,0,1951.0,B01,138Â 198Â 064,1.0,-1.0,-1.0,1734265,1.0,7,,0.0,2.0,1.0,A01,138Â 198Â 065,1.0
1015977,201900057508,5,26,13:45,1,1,1,1.0,2.0,05089,Serre Pavorel,M,"44,3957600","5,7371000",5,2019,80.0,1.0,1.0,3.0,2272152,1.0,1,1,1,5.0,,0.0,0,1999.0,A01,138Â 198Â 065,1.0,-1.0,-1.0,1734264,1.0,7,,0.0,0.0,4.0,B01,138Â 198Â 064,1.0
1015977,201900057508,5,26,13:45,1,1,1,1.0,2.0,05089,Serre Pavorel,M,"44,3957600","5,7371000",5,2019,80.0,1.0,1.0,3.0,2272152,1.0,1,1,1,5.0,,0.0,0,1999.0,A01,138Â 198Â 065,1.0,-1.0,-1.0,1734265,1.0,7,,0.0,2.0,1.0,A01,138Â 198Â 065,1.0
1015978,201900057509,2,16,21:00,5,2,1,1.0,6.0,75113,QUAI D AUSTERLITZ,M,"48,8431760","2,3662030",75,2019,50.0,1.0,1.0,4.0,2272153,10.0,3,4,1,0.0,,2.0,3,1969.0,A01,138Â 198Â 058,8.0,0.0,-1.0,1734266,1.0,33,,0.0,1.0,2.0,A01,138Â 198Â 058,1.0
1015978,201900057509,2,16,21:00,5,2,1,1.0,6.0,75113,QUAI D AUSTERLITZ,M,"48,8431760","2,3662030",75,2019,50.0,1.0,1.0,4.0,2272154,2.0,2,1,2,5.0,,0.0,0,1972.0,A01,138Â 198Â 058,2.0,6.0,-1.0,1734266,1.0,33,,0.0,1.0,2.0,A01,138Â 198Â 058,1.0
1015978,201900057509,2,16,21:00,5,2,1,1.0,6.0,75113,QUAI D AUSTERLITZ,M,"48,8431760","2,3662030",75,2019,50.0,1.0,1.0,4.0,2272155,1.0,1,1,1,5.0,,0.0,0,1964.0,A01,138Â 198Â 058,2.0,6.0,-1.0,1734266,1.0,33,,0.0,1.0,2.0,A01,138Â 198Â 058,1.0
1015979,201900057510,10,8,10:25,1,2,1,1.0,7.0,68090,18 Rue de la 1Ã¨re ArmÃ©e,M,"47,4988770","7,3083880",68,2019,50.0,1.0,1.0,3.0,2272156,2.0,2,1,1,4.0,,0.0,0,1960.0,A01,138Â 198Â 057,1.0,-1.0,-1.0,1734267,1.0,10,,0.0,1.0,2.0,A01,138Â 198Â 057,0.0
1015979,201900057510,10,8,10:25,1,2,1,1.0,7.0,68090,18 Rue de la 1Ã¨re ArmÃ©e,M,"47,4988770","7,3083880",68,2019,50.0,1.0,1.0,3.0,2272157,1.0,1,1,1,4.0,,0.0,0,1970.0,A01,138Â 198Â 057,1.0,-1.0,-1.0,1734267,1.0,10,,0.0,1.0,2.0,A01,138Â 198Â 057,0.0
1015979,201900057510,10,8,10:25,1,2,1,1.0,7.0,68090,18 Rue de la 1Ã¨re ArmÃ©e,M,"47,4988770","7,3083880",68,2019,50.0,1.0,1.0,3.0,2272158,10.0,3,4,2,5.0,,3.0,3,1966.0,A01,138Â 198Â 057,0.0,-1.0,-1.0,1734267,1.0,10,,0.0,1.0,2.0,A01,138Â 198Â 057,0.0
1015980,201900057511,1,4,17:45,3,1,1,1.0,7.0,69287,A43   9.894 A 13.029,M,"45,6833100","5,0093400",69,2019,130.0,1.0,1.0,1.0,2272159,1.0,1,4,1,5.0,,0.0,0,1986.0,A01,138Â 198Â 051,1.0,8.0,-1.0,1734268,2.0,7,,4.0,0.0,1.0,A01,138Â 198Â 051,1.0
1015981,201900057512,9,20,13:00,1,1,1,1.0,2.0,94017,A4,M,"48,8281200","2,5038400",94,2019,90.0,1.0,1.0,1.0,2272160,1.0,1,4,1,4.0,,-1.0,0,1964.0,A01,138Â 198Â 052,1.0,0.0,-1.0,1734269,2.0,7,,0.0,2.0,4.0,A01,138Â 198Â 052,1.0
1015981,201900057512,9,20,13:00,1,1,1,1.0,2.0,94017,A4,M,"48,8281200","2,5038400",94,2019,90.0,1.0,1.0,1.0,2272160,1.0,1,4,1,4.0,,-1.0,0,1964.0,A01,138Â 198Â 052,1.0,0.0,-1.0,1734270,2.0,10,,0.0,2.0,1.0,B01,138Â 198Â 093,1.0
1015981,201900057512,9,20,13:00,1,1,1,1.0,2.0,94017,A4,M,"48,8281200","2,5038400",94,2019,90.0,1.0,1.0,1.0,2272161,2.0,2,1,2,4.0,,-1.0,0,1954.0,B01,138Â 198Â 093,1.0,0.0,-1.0,1734269,2.0,7,,0.0,2.0,4.0,A01,138Â 198Â 052,1.0
1015981,201900057512,9,20,13:00,1,1,1,1.0,2.0,94017,A4,M,"48,8281200","2,5038400",94,2019,90.0,1.0,1.0,1.0,2272161,2.0,2,1,2,4.0,,-1.0,0,1954.0,B01,138Â 198Â 093,1.0,0.0,-1.0,1734270,2.0,10,,0.0,2.0,1.0,B01,138Â 198Â 093,1.0
1015981,201900057512,9,20,13:00,1,1,1,1.0,2.0,94017,A4,M,"48,8281200","2,5038400",94,2019,90.0,1.0,1.0,1.0,2272162,1.0,1,1,1,4.0,,-1.0,0,1994.0,B01,138Â 198Â 093,1.0,0.0,-1.0,1734269,2.0,7,,0.0,2.0,4.0,A01,138Â 198Â 052,1.0
1015981,201900057512,9,20,13:00,1,1,1,1.0,2.0,94017,A4,M,"48,8281200","2,5038400",94,2019,90.0,1.0,1.0,1.0,2272162,1.0,1,1,1,4.0,,-1.0,0,1994.0,B01,138Â 198Â 093,1.0,0.0,-1.0,1734270,2.0,10,,0.0,2.0,1.0,B01,138Â 198Â 093,1.0
1015981,201900057512,9,20,13:00,1,1,1,1.0,2.0,94017,A4,M,"48,8281200","2,5038400",94,2019,90.0,1.0,1.0,1.0,2272163,5.0,2,4,2,9.0,,-1.0,0,1924.0,B01,138Â 198Â 093,1.0,0.0,-1.0,1734269,2.0,7,,0.0,2.0,4.0,A01,138Â 198Â 052,1.0
1015981,201900057512,9,20,13:00,1,1,1,1.0,2.0,94017,A4,M,"48,8281200","2,5038400",94,2019,90.0,1.0,1.0,1.0,2272163,5.0,2,4,2,9.0,,-1.0,0,1924.0,B01,138Â 198Â 093,1.0,0.0,-1.0,1734270,2.0,10,,0.0,2.0,1.0,B01,138Â 198Â 093,1.0
1015982,201900057513,5,29,14:15,1,1,1,1.0,5.0,04197,RD 4096 - Saint Pierre,M,"43,7802150","5,7679870",4,2019,80.0,1.0,1.0,3.0,2272164,2.0,2,3,2,5.0,,0.0,0,1981.0,A01,138Â 198Â 053,1.0,-1.0,-1.0,1734271,1.0,7,,0.0,2.0,3.0,A01,138Â 198Â 053,1.0
1015982,201900057513,5,29,14:15,1,1,1,1.0,5.0,04197,RD 4096 - Saint Pierre,M,"43,7802150","5,7679870",4,2019,80.0,1.0,1.0,3.0,2272164,2.0,2,3,2,5.0,,0.0,0,1981.0,A01,138Â 198Â 053,1.0,-1.0,-1.0,1734272,2.0,7,,0.0,2.0,8.0,B01,138Â 198Â 060,1.0
1015982,201900057513,5,29,14:15,1,1,1,1.0,5.0,04197,RD 4096 - Saint Pierre,M,"43,7802150","5,7679870",4,2019,80.0,1.0,1.0,3.0,2272164,2.0,2,3,2,5.0,,0.0,0,1981.0,A01,138Â 198Â 053,1.0,-1.0,-1.0,1734273,2.0,7,,0.0,2.0,3.0,C01,138Â 198Â 061,1.0
1015982,201900057513,5,29,14:15,1,1,1,1.0,5.0,04197,RD 4096 - Saint Pierre,M,"43,7802150","5,7679870",4,2019,80.0,1.0,1.0,3.0,2272165,1.0,1,4,1,5.0,,0.0,0,1982.0,A01,138Â 198Â 053,1.0,-1.0,-1.0,1734271,1.0,7,,0.0,2.0,3.0,A01,138Â 198Â 053,1.0
1015982,201900057513,5,29,14:15,1,1,1,1.0,5.0,04197,RD 4096 - Saint Pierre,M,"43,7802150","5,7679870",4,2019,80.0,1.0,1.0,3.0,2272165,1.0,1,4,1,5.0,,0.0,0,1982.0,A01,138Â 198Â 053,1.0,-1.0,-1.0,1734272,2.0,7,,0.0,2.0,8.0,B01,138Â 198Â 060,1.0
1015982,201900057513,5,29,14:15,1,1,1,1.0,5.0,04197,RD 4096 - Saint Pierre,M,"43,7802150","5,7679870",4,2019,80.0,1.0,1.0,3.0,2272165,1.0,1,4,1,5.0,,0.0,0,1982.0,A01,138Â 198Â 053,1.0,-1.0,-1.0,1734273,2.0,7,,0.0,2.0,3.0,C01,138Â 198Â 061,1.0
1015982,201900057513,5,29,14:15,1,1,1,1.0,5.0,04197,RD 4096 - Saint Pierre,M,"43,7802150","5,7679870",4,2019,80.0,1.0,1.0,3.0,2272166,1.0,1,4,2,4.0,,0.0,0,1962.0,B01,138Â 198Â 060,1.0,-1.0,-1.0,1734271,1.0,7,,0.0,2.0,3.0,A01,138Â 198Â 053,1.0
1015982,201900057513,5,29,14:15,1,1,1,1.0,5.0,04197,RD 4096 - Saint Pierre,M,"43,7802150","5,7679870",4,2019,80.0,1.0,1.0,3.0,2272166,1.0,1,4,2,4.0,,0.0,0,1962.0,B01,138Â 198Â 060,1.0,-1.0,-1.0,1734272,2.0,7,,0.0,2.0,8.0,B01,138Â 198Â 060,1.0
1015982,201900057513,5,29,14:15,1,1,1,1.0,5.0,04197,RD 4096 - Saint Pierre,M,"43,7802150","5,7679870",4,2019,80.0,1.0,1.0,3.0,2272166,1.0,1,4,2,4.0,,0.0,0,1962.0,B01,138Â 198Â 060,1.0,-1.0,-1.0,1734273,2.0,7,,0.0,2.0,3.0,C01,138Â 198Â 061,1.0
1015982,201900057513,5,29,14:15,1,1,1,1.0,5.0,04197,RD 4096 - Saint Pierre,M,"43,7802150","5,7679870",4,2019,80.0,1.0,1.0,3.0,2272167,1.0,1,4,1,5.0,,0.0,0,1960.0,C01,138Â 198Â 061,1.0,-1.0,-1.0,1734271,1.0,7,,0.0,2.0,3.0,A01,138Â 198Â 053,1.0
1015982,201900057513,5,29,14:15,1,1,1,1.0,5.0,04197,RD 4096 - Saint Pierre,M,"43,7802150","5,7679870",4,2019,80.0,1.0,1.0,3.0,2272167,1.0,1,4,1,5.0,,0.0,0,1960.0,C01,138Â 198Â 061,1.0,-1.0,-1.0,1734272,2.0,7,,0.0,2.0,8.0,B01,138Â 198Â 060,1.0
1015982,201900057513,5,29,14:15,1,1,1,1.0,5.0,04197,RD 4096 - Saint Pierre,M,"43,7802150","5,7679870",4,2019,80.0,1.0,1.0,3.0,2272167,1.0,1,4,1,5.0,,0.0,0,1960.0,C01,138Â 198Â 061,1.0,-1.0,-1.0,1734273,2.0,7,,0.0,2.0,3.0,C01,138Â 198Â 061,1.0
1015983,201900057514,2,14,17:10,1,2,1,1.0,3.0,75113,RUE DU CHATEAU DES RENTIERS,M,"48,8297120","2,3634860",75,2019,50.0,1.0,1.0,4.0,2272168,1.0,1,4,1,4.0,,0.0,0,2000.0,A01,138Â 198Â 054,2.0,6.0,-1.0,1734274,2.0,30,,0.0,2.0,1.0,A01,138Â 198Â 054,1.0
1015983,201900057514,2,14,17:10,1,2,1,1.0,3.0,75113,RUE DU CHATEAU DES RENTIERS,M,"48,8297120","2,3634860",75,2019,50.0,1.0,1.0,4.0,2272168,1.0,1,4,1,4.0,,0.0,0,2000.0,A01,138Â 198Â 054,2.0,6.0,-1.0,1734275,2.0,7,,0.0,2.0,6.0,B01,138Â 198Â 056,1.0
1015983,201900057514,2,14,17:10,1,2,1,1.0,3.0,75113,RUE DU CHATEAU DES RENTIERS,M,"48,8297120","2,3634860",75,2019,50.0,1.0,1.0,4.0,2272169,1.0,1,1,1,9.0,,0.0,0,1969.0,B01,138Â 198Â 056,1.0,0.0,-1.0,1734274,2.0,30,,0.0,2.0,1.0,A01,138Â 198Â 054,1.0
1015983,201900057514,2,14,17:10,1,2,1,1.0,3.0,75113,RUE DU CHATEAU DES RENTIERS,M,"48,8297120","2,3634860",75,2019,50.0,1.0,1.0,4.0,2272169,1.0,1,1,1,9.0,,0.0,0,1969.0,B01,138Â 198Â 056,1.0,0.0,-1.0,1734275,2.0,7,,0.0,2.0,6.0,B01,138Â 198Â 056,1.0
1015984,201900057515,3,28,09:55,1,1,1,1.0,3.0,13051,RD113,M,"43,5960130","5,1048360",13,2019,80.0,1.0,1.0,3.0,2272170,1.0,1,3,1,0.0,,0.0,0,1989.0,B01,138Â 198Â 050,2.0,6.0,-1.0,1734276,1.0,33,,0.0,2.0,1.0,B01,138Â 198Â 050,1.0
1015984,201900057515,3,28,09:55,1,1,1,1.0,3.0,13051,RD113,M,"43,5960130","5,1048360",13,2019,80.0,1.0,1.0,3.0,2272170,1.0,1,3,1,0.0,,0.0,0,1989.0,B01,138Â 198Â 050,2.0,6.0,-1.0,1734277,1.0,7,,0.0,2.0,3.0,A01,138Â 198Â 055,1.0
1015984,201900057515,3,28,09:55,1,1,1,1.0,3.0,13051,RD113,M,"43,5960130","5,1048360",13,2019,80.0,1.0,1.0,3.0,2272171,1.0,1,1,1,5.0,,0.0,0,1980.0,A01,138Â 198Â 055,1.0,-1.0,-1.0,1734276,1.0,33,,0.0,2.0,1.0,B01,138Â 198Â 050,1.0
1015984,201900057515,3,28,09:55,1,1,1,1.0,3.0,13051,RD113,M,"43,5960130","5,1048360",13,2019,80.0,1.0,1.0,3.0,2272171,1.0,1,1,1,5.0,,0.0,0,1980.0,A01,138Â 198Â 055,1.0,-1.0,-1.0,1734277,1.0,7,,0.0,2.0,3.0,A01,138Â 198Â 055,1.0
1015985,201900057516,5,31,10:55,1,1,2,1.0,2.0,04086,RD 900 - La Grangeasse,M,"44,3929440","6,6870210",4,2019,80.0,1.0,1.0,3.0,2272172,2.0,2,1,2,5.0,,0.0,0,1988.0,B01,138Â 198Â 045,1.0,-1.0,-1.0,1734278,1.0,7,,0.0,0.0,3.0,B01,138Â 198Â 045,1.0
1015985,201900057516,5,31,10:55,1,1,2,1.0,2.0,04086,RD 900 - La Grangeasse,M,"44,3929440","6,6870210",4,2019,80.0,1.0,1.0,3.0,2272172,2.0,2,1,2,5.0,,0.0,0,1988.0,B01,138Â 198Â 045,1.0,-1.0,-1.0,1734279,1.0,33,,0.0,2.0,1.0,A01,138Â 198Â 047,1.0
1015985,201900057516,5,31,10:55,1,1,2,1.0,2.0,04086,RD 900 - La Grangeasse,M,"44,3929440","6,6870210",4,2019,80.0,1.0,1.0,3.0,2272173,1.0,1,1,1,5.0,,0.0,0,1985.0,B01,138Â 198Â 045,1.0,-1.0,-1.0,1734278,1.0,7,,0.0,0.0,3.0,B01,138Â 198Â 045,1.0
1015985,201900057516,5,31,10:55,1,1,2,1.0,2.0,04086,RD 900 - La Grangeasse,M,"44,3929440","6,6870210",4,2019,80.0,1.0,1.0,3.0,2272173,1.0,1,1,1,5.0,,0.0,0,1985.0,B01,138Â 198Â 045,1.0,-1.0,-1.0,1734279,1.0,33,,0.0,2.0,1.0,A01,138Â 198Â 047,1.0
1015985,201900057516,5,31,10:55,1,1,2,1.0,2.0,04086,RD 900 - La Grangeasse,M,"44,3929440","6,6870210",4,2019,80.0,1.0,1.0,3.0,2272174,1.0,1,1,1,5.0,,0.0,0,1965.0,A01,138Â 198Â 047,2.0,6.0,9.0,1734278,1.0,7,,0.0,0.0,3.0,B01,138Â 198Â 045,1.0
1015985,201900057516,5,31,10:55,1,1,2,1.0,2.0,04086,RD 900 - La Grangeasse,M,"44,3929440","6,6870210",4,2019,80.0,1.0,1.0,3.0,2272174,1.0,1,1,1,5.0,,0.0,0,1965.0,A01,138Â 198Â 047,2.0,6.0,9.0,1734279,1.0,33,,0.0,2.0,1.0,A01,138Â 198Â 047,1.0
1015985,201900057516,5,31,10:55,1,1,2,1.0,2.0,04086,RD 900 - La Grangeasse,M,"44,3929440","6,6870210",4,2019,80.0,1.0,1.0,3.0,2272175,2.0,2,4,2,5.0,,0.0,0,1967.0,A01,138Â 198Â 047,2.0,6.0,9.0,1734278,1.0,7,,0.0,0.0,3.0,B01,138Â 198Â 045,1.0
1015985,201900057516,5,31,10:55,1,1,2,1.0,2.0,04086,RD 900 - La Grangeasse,M,"44,3929440","6,6870210",4,2019,80.0,1.0,1.0,3.0,2272175,2.0,2,4,2,5.0,,0.0,0,1967.0,A01,138Â 198Â 047,2.0,6.0,9.0,1734279,1.0,33,,0.0,2.0,1.0,A01,138Â 198Â 047,1.0