Unnamed: 0_x,num_acc,mois,jour,hrmn,lum,agg,int,atm,col,com,adr,gps,lat,long,dep,annee,vma,situ,surf,catr,Unnamed: 0_y,place,catu,grav,sexe,trajet,secu,locp,actp,an_nais,num_veh_x,id_vehicule_x,secu1,secu2,secu3,Unnamed: 0,senc,catv,occutc,obs,obsm,choc,num_veh_y,id_vehicule_y,motor
1015986,201900057517,2,15,12:30,1,2,1,1.0,3.0,75112,RUE DE REUILLY,M,"48,8461550","2,3879530",75,2019,30.0,1.0,1.0,4.0,2272176,2.0,2,1,2,3.0,,0.0,0,1982.0,A01,138Â 198Â 044,1.0,0.0,-1.0,1734280,1.0,7,,0.0,2.0,2.0,A01,138Â 198Â 044,1.0
1015986,201900057517,2,15,12:30,1,2,1,1.0,3.0,75112,RUE DE REUILLY,M,"48,8461550","2,3879530",75,2019,30.0,1.0,1.0,4.0,2272176,2.0,2,1,2,3.0,,0.0,0,1982.0,A01,138Â 198Â 044,1.0,0.0,-1.0,1734281,2.0,31,,0.0,2.0,7.0,B01,138Â 198Â 046,1.0
1015986,201900057517,2,15,12:30,1,2,1,1.0,3.0,75112,RUE DE REUILLY,M,"48,8461550","2,3879530",75,2019,30.0,1.0,1.0,4.0,2272177,1.0,1,1,1,0.0,,0.0,0,1978.0,A01,138Â 198Â 044,1.0,0.0,-1.0,1734280,1.0,7,,0.0,2.0,2.0,A01,138Â 198Â 044,1.0
1015986,201900057517,2,15,12:30,1,2,1,1.0,3.0,75112,RUE DE REUILLY,M,"48,8461550","2,3879530",75,2019,30.0,1.0,1.0,4.0,2272177,1.0,1,1,1,0.0,,0.0,0,1978.0,A01,138Â 198Â 044,1.0,0.0,-1.0,1734281,2.0,31,,0.0,2.0,7.0,B01,138Â 198Â 046,1.0
1015986,201900057517,2,15,12:30,1,2,1,1.0,3.0,75112,RUE DE REUILLY,M,"48,8461550","2,3879530",75,2019,30.0,1.0,1.0,4.0,2272178,1.0,1,4,1,0.0,,0.0,0,1987.0,B01,138Â 198Â 046,2.0,6.0,-1.0,1734280,1.0,7,,0.0,2.0,2.0,A01,138Â 198Â 044,1.0
1015986,201900057517,2,15,12:30,1,2,1,1.0,3.0,75112,RUE DE REUILLY,M,"48,8461550","2,3879530",75,2019,30.0,1.0,1.0,4.0,2272178,1.0,1,4,1,0.0,,0.0,0,1987.0,B01,138Â 198Â 046,2.0,6.0,-1.0,1734281,2.0,31,,0.0,2.0,7.0,B01,138Â 198Â 046,1.0
1015987,201900057518,3,20,15:45,1,1,1,1.0,6.0,13059,Pk 32+200,M,"43,6320790","5,4944870",13,2019,130.0,3.0,1.0,1.0,2272179,1.0,1,3,2,0.0,,0.0,0,1978.0,A01,138Â 198Â 043,1.0,-1.0,-1.0,1734282,1.0,7,,3.0,6.0,3.0,A01,138Â 198Â 043,1.0
1015988,201900057519,5,29,18:11,1,1,1,1.0,7.0,04193,RD 900 - La rochaille,M,"44,4802150","6,7587540",4,2019,80.0,1.0,1.0,3.0,2272180,1.0,1,4,1,4.0,,0.0,0,1986.0,A01,138Â 198Â 042,1.0,-1.0,-1.0,1734283,1.0,15,,0.0,0.0,8.0,A01,138Â 198Â 042,1.0
1015989,201900057520,2,16,14:50,1,2,2,1.0,7.0,75111,BOULEVARD VOLTAIRE,M,"48,8651860","2,3677310",75,2019,50.0,1.0,1.0,4.0,2272181,1.0,1,4,1,1.0,,0.0,0,1991.0,A01,138Â 198Â 041,2.0,0.0,-1.0,1734284,2.0,2,,0.0,0.0,0.0,A01,138Â 198Â 041,1.0
1015990,201900057521,5,20,07:00,2,1,1,8.0,6.0,04242,RD 13 - Bois d'Asson,M,"43,9012370","5,8150900",4,2019,80.0,3.0,2.0,3.0,2272182,1.0,1,3,1,5.0,,0.0,0,1987.0,A01,138Â 198Â 039,1.0,-1.0,-1.0,1734285,1.0,7,,13.0,0.0,3.0,A01,138Â 198Â 039,1.0
1015991,201900057522,2,15,10:05,1,2,2,1.0,6.0,75111,AVENUE PHILIPPE AUGUSTE,M,"48,8535570","2,3927060",75,2019,30.0,1.0,1.0,4.0,2272183,10.0,3,4,1,1.0,,4.0,3,2001.0,A01,138Â 198Â 038,8.0,0.0,-1.0,1734286,2.0,30,,0.0,1.0,1.0,A01,138Â 198Â 038,1.0
1015991,201900057522,2,15,10:05,1,2,2,1.0,6.0,75111,AVENUE PHILIPPE AUGUSTE,M,"48,8535570","2,3927060",75,2019,30.0,1.0,1.0,4.0,2272184,1.0,1,1,1,5.0,,0.0,0,1997.0,A01,138Â 198Â 038,2.0,6.0,-1.0,1734286,2.0,30,,0.0,1.0,1.0,A01,138Â 198Â 038,1.0
1015992,201900057523,5,13,08:30,1,2,3,1.0,3.0,13081,Avenue de  de Verdun,M,"43,4872170","5,2302840",13,2019,50.0,1.0,1.0,3.0,2272185,1.0,1,1,1,9.0,,0.0,0,1955.0,B01,138Â 198Â 036,1.0,-1.0,-1.0,1734287,2.0,7,,0.0,2.0,1.0,B01,138Â 198Â 036,1.0
1015992,201900057523,5,13,08:30,1,2,3,1.0,3.0,13081,Avenue de  de Verdun,M,"43,4872170","5,2302840",13,2019,50.0,1.0,1.0,3.0,2272185,1.0,1,1,1,9.0,,0.0,0,1955.0,B01,138Â 198Â 036,1.0,-1.0,-1.0,1734288,2.0,33,,0.0,2.0,2.0,A01,138Â 198Â 037,1.0
1015992,201900057523,5,13,08:30,1,2,3,1.0,3.0,13081,Avenue de  de Verdun,M,"43,4872170","5,2302840",13,2019,50.0,1.0,1.0,3.0,2272186,1.0,1,3,1,9.0,,0.0,0,1985.0,A01,138Â 198Â 037,2.0,6.0,-1.0,1734287,2.0,7,,0.0,2.0,1.0,B01,138Â 198Â 036,1.0
1015992,201900057523,5,13,08:30,1,2,3,1.0,3.0,13081,Avenue de  de Verdun,M,"43,4872170","5,2302840",13,2019,50.0,1.0,1.0,3.0,2272186,1.0,1,3,1,9.0,,0.0,0,1985.0,A01,138Â 198Â 037,2.0,6.0,-1.0,1734288,2.0,33,,0.0,2.0,2.0,A01,138Â 198Â 037,1.0
1015993,201900057524,2,17,03:30,5,2,2,1.0,3.0,75110,RUE DU FAUBOURG SAINT DENIS,M,"48,8843120","2,3593630",75,2019,50.0,1.0,1.0,4.0,2272187,1.0,1,4,1,0.0,,0.0,0,1987.0,B01,138Â 198Â 034,2.0,0.0,-1.0,1734289,2.0,1,,0.0,2.0,1.0,B01,138Â 198Â 034,5.0
1015993,201900057524,2,17,03:30,5,2,2,1.0,3.0,75110,RUE DU FAUBOURG SAINT DENIS,M,"48,8843120","2,3593630",75,2019,50.0,1.0,1.0,4.0,2272187,1.0,1,4,1,0.0,,0.0,0,1987.0,B01,138Â 198Â 034,2.0,0.0,-1.0,1734290,1.0,7,,0.0,2.0,3.0,A01,138Â 198Â 035,1.0
1015993,201900057524,2,17,03:30,5,2,2,1.0,3.0,75110,RUE DU FAUBOURG SAINT DENIS,M,"48,8843120","2,3593630",75,2019,50.0,1.0,1.0,4.0,2272188,4.0,2,1,1,5.0,,0.0,0,1993.0,A01,138Â 198Â 035,1.0,0.0,-1.0,1734289,2.0,1,,0.0,2.0,1.0,B01,138Â 198Â 034,5.0
1015993,201900057524,2,17,03:30,5,2,2,1.0,3.0,75110,RUE DU FAUBOURG SAINT DENIS,M,"48,8843120","2,3593630",75,2019,50.0,1.0,1.0,4.0,2272188,4.0,2,1,1,5.0,,0.0,0,1993.0,A01,138Â 198Â 035,1.0,0.0,-1.0,1734290,1.0,7,,0.0,2.0,3.0,A01,138Â 198Â 035,1.0
1015993,201900057524,2,17,03:30,5,2,2,1.0,3.0,75110,RUE DU FAUBOURG SAINT DENIS,M,"48,8843120","2,3593630",75,2019,50.0,1.0,1.0,4.0,2272189,3.0,2,1,2,0.0,,0.0,0,1994.0,A01,138Â 198Â 035,1.0,0.0,-1.0,1734289,2.0,1,,0.0,2.0,1.0,B01,138Â 198Â 034,5.0
1015993,201900057524,2,17,03:30,5,2,2,1.0,3.0,75110,RUE DU FAUBOURG SAINT DENIS,M,"48,8843120","2,3593630",75,2019,50.0,1.0,1.0,4.0,2272189,3.0,2,1,2,0.0,,0.0,0,1994.0,A01,138Â 198Â 035,1.0,0.0,-1.0,1734290,1.0,7,,0.0,2.0,3.0,A01,138Â 198Â 035,1.0
1015993,201900057524,2,17,03:30,5,2,2,1.0,3.0,75110,RUE DU FAUBOURG SAINT DENIS,M,"48,8843120","2,3593630",75,2019,50.0,1.0,1.0,4.0,2272190,5.0,2,1,1,5.0,,0.0,0,1992.0,A01,138Â 198Â 035,1.0,0.0,-1.0,1734289,2.0,1,,0.0,2.0,1.0,B01,138Â 198Â 034,5.0
1015993,201900057524,2,17,03:30,5,2,2,1.0,3.0,75110,RUE DU FAUBOURG SAINT DENIS,M,"48,8843120","2,3593630",75,2019,50.0,1.0,1.0,4.0,2272190,5.0,2,1,1,5.0,,0.0,0,1992.0,A01,138Â 198Â 035,1.0,0.0,-1.0,1734290,1.0,7,,0.0,2.0,3.0,A01,138Â 198Â 035,1.0
1015993,201900057524,2,17,03:30,5,2,2,1.0,3.0,75110,RUE DU FAUBOURG SAINT DENIS,M,"48,8843120","2,3593630",75,2019,50.0,1.0,1.0,4.0,2272191,1.0,1,1,1,4.0,,0.0,0,1996.0,A01,138Â 198Â 035,1.0,0.0,-1.0,1734289,2.0,1,,0.0,2.0,1.0,B01,138Â 198Â 034,5.0
1015993,201900057524,2,17,03:30,5,2,2,1.0,3.0,75110,RUE DU FAUBOURG SAINT DENIS,M,"48,8843120","2,3593630",75,2019,50.0,1.0,1.0,4.0,2272191,1.0,1,1,1,4.0,,0.0,0,1996.0,A01,138Â 198Â 035,1.0,0.0,-1.0,1734290,1.0,7,,0.0,2.0,3.0,A01,138Â 198Â 035,1.0
1015994,201900057525,5,18,14:10,1,1,1,1.0,6.0,13076,D99,M,"43,7936140","4,9696410",13,2019,80.0,3.0,1.0,3.0,2272192,1.0,1,3,1,5.0,,0.0,0,1979.0,A01,138Â 198Â 033,8.0,-1.0,-1.0,1734291,1.0,7,,2.0,0.0,7.0,A01,138Â 198Â 033,1.0
1015994,201900057525,5,18,14:10,1,1,1,1.0,6.0,13076,D99,M,"43,7936140","4,9696410",13,2019,80.0,3.0,1.0,3.0,2272193,2.0,2,2,1,5.0,,0.0,0,1980.0,A01,138Â 198Â 033,8.0,-1.0,-1.0,1734291,1.0,7,,2.0,0.0,7.0,A01,138Â 198Â 033,1.0
1015995,201900057526,2,16,15:00,1,2,1,1.0,3.0,75110,PLACE DE LA BATAILLE DE STALINGRAD,M,"48,8837360","2,3687450",75,2019,50.0,1.0,1.0,4.0,2272194,1.0,1,4,1,9.0,,0.0,0,1995.0,B01,138Â 198Â 031,2.0,6.0,-1.0,1734292,2.0,34,,0.0,2.0,8.0,B01,138Â 198Â 031,1.0
1015995,201900057526,2,16,15:00,1,2,1,1.0,3.0,75110,PLACE DE LA BATAILLE DE STALINGRAD,M,"48,8837360","2,3687450",75,2019,50.0,1.0,1.0,4.0,2272194,1.0,1,4,1,9.0,,0.0,0,1995.0,B01,138Â 198Â 031,2.0,6.0,-1.0,1734293,2.0,7,,0.0,2.0,7.0,A01,138Â 198Â 032,1.0
1015995,201900057526,2,16,15:00,1,2,1,1.0,3.0,75110,PLACE DE LA BATAILLE DE STALINGRAD,M,"48,8837360","2,3687450",75,2019,50.0,1.0,1.0,4.0,2272195,2.0,2,1,2,5.0,,0.0,0,1987.0,A01,138Â 198Â 032,1.0,0.0,-1.0,1734292,2.0,34,,0.0,2.0,8.0,B01,138Â 198Â 031,1.0
1015995,201900057526,2,16,15:00,1,2,1,1.0,3.0,75110,PLACE DE LA BATAILLE DE STALINGRAD,M,"48,8837360","2,3687450",75,2019,50.0,1.0,1.0,4.0,2272195,2.0,2,1,2,5.0,,0.0,0,1987.0,A01,138Â 198Â 032,1.0,0.0,-1.0,1734293,2.0,7,,0.0,2.0,7.0,A01,138Â 198Â 032,1.0
1015995,201900057526,2,16,15:00,1,2,1,1.0,3.0,75110,PLACE DE LA BATAILLE DE STALINGRAD,M,"48,8837360","2,3687450",75,2019,50.0,1.0,1.0,4.0,2272196,1.0,1,1,1,5.0,,0.0,0,1985.0,A01,138Â 198Â 032,1.0,8.0,-1.0,1734292,2.0,34,,0.0,2.0,8.0,B01,138Â 198Â 031,1.0
1015995,201900057526,2,16,15:00,1,2,1,1.0,3.0,75110,PLACE DE LA BATAILLE DE STALINGRAD,M,"48,8837360","2,3687450",75,2019,50.0,1.0,1.0,4.0,2272196,1.0,1,1,1,5.0,,0.0,0,1985.0,A01,138Â 198Â 032,1.0,8.0,-1.0,1734293,2.0,7,,0.0,2.0,7.0,A01,138Â 198Â 032,1.0
1015996,201900057527,5,15,14:30,1,1,1,1.0,1.0,13053,RD7N - quartier douneau,M,"43,7281470","5,1565330",13,2019,80.0,1.0,1.0,3.0,2272197,1.0,1,1,1,4.0,,0.0,0,1971.0,A01,138Â 198Â 029,1.0,-1.0,-1.0,1734294,1.0,17,,0.0,2.0,3.0,A01,138Â 198Â 029,1.0
1015996,201900057527,5,15,14:30,1,1,1,1.0,1.0,13053,RD7N - quartier douneau,M,"43,7281470","5,1565330",13,2019,80.0,1.0,1.0,3.0,2272197,1.0,1,1,1,4.0,,0.0,0,1971.0,A01,138Â 198Â 029,1.0,-1.0,-1.0,1734295,2.0,7,,0.0,2.0,3.0,B01,138Â 198Â 030,1.0
1015996,201900057527,5,15,14:30,1,1,1,1.0,1.0,13053,RD7N - quartier douneau,M,"43,7281470","5,1565330",13,2019,80.0,1.0,1.0,3.0,2272198,1.0,1,2,1,5.0,,0.0,0,1954.0,B01,138Â 198Â 030,1.0,-1.0,-1.0,1734294,1.0,17,,0.0,2.0,3.0,A01,138Â 198Â 029,1.0
1015996,201900057527,5,15,14:30,1,1,1,1.0,1.0,13053,RD7N - quartier douneau,M,"43,7281470","5,1565330",13,2019,80.0,1.0,1.0,3.0,2272198,1.0,1,2,1,5.0,,0.0,0,1954.0,B01,138Â 198Â 030,1.0,-1.0,-1.0,1734295,2.0,7,,0.0,2.0,3.0,B01,138Â 198Â 030,1.0
1015997,201900057528,2,16,22:40,5,2,3,1.0,6.0,75109,BOULEVARD DES ITALIENS,M,"48,8712820","2,3359230",75,2019,50.0,1.0,1.0,4.0,2272199,1.0,1,4,1,4.0,,0.0,0,1961.0,A01,138Â 198Â 028,1.0,0.0,-1.0,1734296,1.0,7,,2.0,0.0,2.0,A01,138Â 198Â 028,2.0
1015998,201900057529,2,15,16:10,1,2,4,1.0,3.0,75109,BOULEVARD HAUSSMANN,M,"48,8719870","2,3400410",75,2019,50.0,1.0,1.0,4.0,2272200,1.0,1,4,1,0.0,,0.0,0,1969.0,A01,138Â 198Â 025,2.0,6.0,-1.0,1734297,1.0,32,,0.0,2.0,7.0,A01,138Â 198Â 025,1.0
1015998,201900057529,2,15,16:10,1,2,4,1.0,3.0,75109,BOULEVARD HAUSSMANN,M,"48,8719870","2,3400410",75,2019,50.0,1.0,1.0,4.0,2272200,1.0,1,4,1,0.0,,0.0,0,1969.0,A01,138Â 198Â 025,2.0,6.0,-1.0,1734298,1.0,7,,0.0,2.0,3.0,B01,138Â 198Â 026,1.0
1015998,201900057529,2,15,16:10,1,2,4,1.0,3.0,75109,BOULEVARD HAUSSMANN,M,"48,8719870","2,3400410",75,2019,50.0,1.0,1.0,4.0,2272201,1.0,1,1,1,0.0,,0.0,0,1970.0,B01,138Â 198Â 026,1.0,0.0,-1.0,1734297,1.0,32,,0.0,2.0,7.0,A01,138Â 198Â 025,1.0
1015998,201900057529,2,15,16:10,1,2,4,1.0,3.0,75109,BOULEVARD HAUSSMANN,M,"48,8719870","2,3400410",75,2019,50.0,1.0,1.0,4.0,2272201,1.0,1,1,1,0.0,,0.0,0,1970.0,B01,138Â 198Â 026,1.0,0.0,-1.0,1734298,1.0,7,,0.0,2.0,3.0,B01,138Â 198Â 026,1.0
1015999,201900057530,2,12,23:15,5,2,2,1.0,3.0,75109,RUE DE MOGADOR,M,"48,8750290","2,3314070",75,2019,50.0,1.0,1.0,4.0,2272202,1.0,1,1,1,5.0,,0.0,0,1999.0,B01,138Â 198Â 021,1.0,0.0,-1.0,1734299,1.0,7,,0.0,2.0,1.0,B01,138Â 198Â 021,1.0
1015999,201900057530,2,12,23:15,5,2,2,1.0,3.0,75109,RUE DE MOGADOR,M,"48,8750290","2,3314070",75,2019,50.0,1.0,1.0,4.0,2272202,1.0,1,1,1,5.0,,0.0,0,1999.0,B01,138Â 198Â 021,1.0,0.0,-1.0,1734300,1.0,7,,12.0,2.0,7.0,A01,138Â 198Â 024,1.0
1015999,201900057530,2,12,23:15,5,2,2,1.0,3.0,75109,RUE DE MOGADOR,M,"48,8750290","2,3314070",75,2019,50.0,1.0,1.0,4.0,2272203,2.0,2,4,1,5.0,,0.0,0,1993.0,A01,138Â 198Â 024,1.0,0.0,-1.0,1734299,1.0,7,,0.0,2.0,1.0,B01,138Â 198Â 021,1.0
1015999,201900057530,2,12,23:15,5,2,2,1.0,3.0,75109,RUE DE MOGADOR,M,"48,8750290","2,3314070",75,2019,50.0,1.0,1.0,4.0,2272203,2.0,2,4,1,5.0,,0.0,0,1993.0,A01,138Â 198Â 024,1.0,0.0,-1.0,1734300,1.0,7,,12.0,2.0,7.0,A01,138Â 198Â 024,1.0
1015999,201900057530,2,12,23:15,5,2,2,1.0,3.0,75109,RUE DE MOGADOR,M,"48,8750290","2,3314070",75,2019,50.0,1.0,1.0,4.0,2272204,1.0,1,1,1,5.0,,0.0,0,1993.0,A01,138Â 198Â 024,1.0,0.0,-1.0,1734299,1.0,7,,0.0,2.0,1.0,B01,138Â 198Â 021,1.0
1015999,201900057530,2,12,23:15,5,2,2,1.0,3.0,75109,RUE DE MOGADOR,M,"48,8750290","2,3314070",75,2019,50.0,1.0,1.0,4.0,2272204,1.0,1,1,1,5.0,,0.0,0,1993.0,A01,138Â 198Â 024,1.0,0.0,-1.0,1734300,1.0,7,,12.0,2.0,7.0,A01,138Â 198Â 024,1.0
1016000,201900057531,2,17,19:50,5,2,1,1.0,6.0,75108,RUE DU FAUBOURG SAINT HONORE,M,"48,8690320","2,3208210",75,2019,50.0,1.0,1.0,4.0,2272205,10.0,3,4,2,0.0,,2.0,3,1968.0,A01,138Â 198Â 020,8.0,0.0,-1.0,1734301,2.0,7,,0.0,1.0,4.0,A01,138Â 198Â 020,1.0
1016000,201900057531,2,17,19:50,5,2,1,1.0,6.0,75108,RUE DU FAUBOURG SAINT HONORE,M,"48,8690320","2,3208210",75,2019,50.0,1.0,1.0,4.0,2272206,1.0,1,1,2,1.0,,0.0,0,1983.0,A01,138Â 198Â 020,1.0,0.0,-1.0,1734301,2.0,7,,0.0,1.0,4.0,A01,138Â 198Â 020,1.0
1016001,201900057532,5,12,07:00,2,2,1,1.0,1.0,13092,Avenue Henri barbusse,M,"43,6335310","4,9565340",13,2019,50.0,1.0,1.0,4.0,2272207,1.0,1,4,2,3.0,,0.0,0,1960.0,B01,138Â 198Â 022,1.0,-1.0,-1.0,1734302,0.0,7,,0.0,2.0,1.0,B01,138Â 198Â 022,1.0
1016001,201900057532,5,12,07:00,2,2,1,1.0,1.0,13092,Avenue Henri barbusse,M,"43,6335310","4,9565340",13,2019,50.0,1.0,1.0,4.0,2272207,1.0,1,4,2,3.0,,0.0,0,1960.0,B01,138Â 198Â 022,1.0,-1.0,-1.0,1734303,0.0,7,,0.0,2.0,1.0,A01,138Â 198Â 027,1.0
1016001,201900057532,5,12,07:00,2,2,1,1.0,1.0,13092,Avenue Henri barbusse,M,"43,6335310","4,9565340",13,2019,50.0,1.0,1.0,4.0,2272208,1.0,1,1,1,0.0,,0.0,0,1995.0,A01,138Â 198Â 027,1.0,-1.0,-1.0,1734302,0.0,7,,0.0,2.0,1.0,B01,138Â 198Â 022,1.0
1016001,201900057532,5,12,07:00,2,2,1,1.0,1.0,13092,Avenue Henri barbusse,M,"43,6335310","4,9565340",13,2019,50.0,1.0,1.0,4.0,2272208,1.0,1,1,1,0.0,,0.0,0,1995.0,A01,138Â 198Â 027,1.0,-1.0,-1.0,1734303,0.0,7,,0.0,2.0,1.0,A01,138Â 198Â 027,1.0
1016002,201900057533,2,15,19:30,5,2,7,1.0,6.0,75108,RUE DE COURCELLES,M,"48,8780040","2,3053480",75,2019,50.0,1.0,1.0,4.0,2272209,10.0,3,4,1,5.0,,3.0,3,1943.0,A01,138Â 198Â 019,8.0,0.0,-1.0,1734304,2.0,7,,0.0,1.0,3.0,A01,138Â 198Â 019,1.0
1016002,201900057533,2,15,19:30,5,2,7,1.0,6.0,75108,RUE DE COURCELLES,M,"48,8780040","2,3053480",75,2019,50.0,1.0,1.0,4.0,2272210,1.0,1,1,1,5.0,,0.0,0,1972.0,A01,138Â 198Â 019,1.0,0.0,-1.0,1734304,2.0,7,,0.0,1.0,3.0,A01,138Â 198Â 019,1.0
1016003,201900057534,5,16,19:00,1,2,2,1.0,3.0,13007,Route DÃ©partementale 560,M,"43,3673820","5,6454200",13,2019,-1.0,1.0,1.0,1.0,2272211,1.0,1,3,1,1.0,,0.0,0,1976.0,B01,138Â 198Â 017,2.0,6.0,-1.0,1734305,2.0,33,,0.0,0.0,8.0,B01,138Â 198Â 017,0.0
1016003,201900057534,5,16,19:00,1,2,2,1.0,3.0,13007,Route DÃ©partementale 560,M,"43,3673820","5,6454200",13,2019,-1.0,1.0,1.0,1.0,2272211,1.0,1,3,1,1.0,,0.0,0,1976.0,B01,138Â 198Â 017,2.0,6.0,-1.0,1734306,1.0,7,,0.0,2.0,1.0,A01,138Â 198Â 018,1.0
1016003,201900057534,5,16,19:00,1,2,2,1.0,3.0,13007,Route DÃ©partementale 560,M,"43,3673820","5,6454200",13,2019,-1.0,1.0,1.0,1.0,2272212,1.0,1,1,2,0.0,,0.0,0,1956.0,A01,138Â 198Â 018,1.0,-1.0,-1.0,1734305,2.0,33,,0.0,0.0,8.0,B01,138Â 198Â 017,0.0
1016003,201900057534,5,16,19:00,1,2,2,1.0,3.0,13007,Route DÃ©partementale 560,M,"43,3673820","5,6454200",13,2019,-1.0,1.0,1.0,1.0,2272212,1.0,1,1,2,0.0,,0.0,0,1956.0,A01,138Â 198Â 018,1.0,-1.0,-1.0,1734306,1.0,7,,0.0,2.0,1.0,A01,138Â 198Â 018,1.0
1016004,201900057535,1,3,15:30,1,1,1,1.0,2.0,69276,A7   8.630 A 10.992,M,"45,6786000","4,8479400",69,2019,90.0,1.0,1.0,1.0,2272213,1.0,1,4,2,5.0,,-1.0, -1,1998.0,B01,138Â 198Â 023,1.0,8.0,-1.0,1734307,2.0,7,,0.0,2.0,3.0,B01,138Â 198Â 023,1.0
1016004,201900057535,1,3,15:30,1,1,1,1.0,2.0,69276,A7   8.630 A 10.992,M,"45,6786000","4,8479400",69,2019,90.0,1.0,1.0,1.0,2272213,1.0,1,4,2,5.0,,-1.0, -1,1998.0,B01,138Â 198Â 023,1.0,8.0,-1.0,1734308,2.0,10,,0.0,2.0,1.0,A01,138Â 198Â 049,1.0
1016004,201900057535,1,3,15:30,1,1,1,1.0,2.0,69276,A7   8.630 A 10.992,M,"45,6786000","4,8479400",69,2019,90.0,1.0,1.0,1.0,2272214,2.0,2,1,1,5.0,,-1.0, -1,1990.0,B01,138Â 198Â 023,1.0,8.0,-1.0,1734307,2.0,7,,0.0,2.0,3.0,B01,138Â 198Â 023,1.0
1016004,201900057535,1,3,15:30,1,1,1,1.0,2.0,69276,A7   8.630 A 10.992,M,"45,6786000","4,8479400",69,2019,90.0,1.0,1.0,1.0,2272214,2.0,2,1,1,5.0,,-1.0, -1,1990.0,B01,138Â 198Â 023,1.0,8.0,-1.0,1734308,2.0,10,,0.0,2.0,1.0,A01,138Â 198Â 049,1.0
1016004,201900057535,1,3,15:30,1,1,1,1.0,2.0,69276,A7   8.630 A 10.992,M,"45,6786000","4,8479400",69,2019,90.0,1.0,1.0,1.0,2272215,1.0,1,1,1,5.0,,-1.0, -1,1980.0,A01,138Â 198Â 049,1.0,8.0,-1.0,1734307,2.0,7,,0.0,2.0,3.0,B01,138Â 198Â 023,1.0
1016004,201900057535,1,3,15:30,1,1,1,1.0,2.0,69276,A7   8.630 A 10.992,M,"45,6786000","4,8479400",69,2019,90.0,1.0,1.0,1.0,2272215,1.0,1,1,1,5.0,,-1.0, -1,1980.0,A01,138Â 198Â 049,1.0,8.0,-1.0,1734308,2.0,10,,0.0,2.0,1.0,A01,138Â 198Â 049,1.0
1016005,201900057536,5,23,15:30,1,1,1,1.0,1.0,13046,Route de Saint Savournin,M,"43,4166390","5,5390220",13,2019,80.0,1.0,1.0,3.0,2272216,1.0,1,3,1,5.0,,0.0,0,1954.0,B01,138Â 198Â 014,2.0,6.0,-1.0,1734309,2.0,33,,0.0,2.0,1.0,B01,138Â 198Â 014,0.0
1016005,201900057536,5,23,15:30,1,1,1,1.0,1.0,13046,Route de Saint Savournin,M,"43,4166390","5,5390220",13,2019,80.0,1.0,1.0,3.0,2272216,1.0,1,3,1,5.0,,0.0,0,1954.0,B01,138Â 198Â 014,2.0,6.0,-1.0,1734310,1.0,7,,0.0,2.0,2.0,A01,138Â 198Â 016,0.0
1016005,201900057536,5,23,15:30,1,1,1,1.0,1.0,13046,Route de Saint Savournin,M,"43,4166390","5,5390220",13,2019,80.0,1.0,1.0,3.0,2272217,1.0,1,1,2,3.0,,0.0,0,1960.0,A01,138Â 198Â 016,1.0,-1.0,-1.0,1734309,2.0,33,,0.0,2.0,1.0,B01,138Â 198Â 014,0.0
1016005,201900057536,5,23,15:30,1,1,1,1.0,1.0,13046,Route de Saint Savournin,M,"43,4166390","5,5390220",13,2019,80.0,1.0,1.0,3.0,2272217,1.0,1,1,2,3.0,,0.0,0,1960.0,A01,138Â 198Â 016,1.0,-1.0,-1.0,1734310,1.0,7,,0.0,2.0,2.0,A01,138Â 198Â 016,0.0
1016006,201900057537,1,3,08:15,2,1,1,1.0,3.0,69091,A47   1.809 A 5.620,M,"45,5868200","4,7554000",69,2019,70.0,1.0,1.0,1.0,2272218,1.0,1,4,2,1.0,,-1.0,0,1991.0,B01,138Â 198Â 013,1.0,0.0,-1.0,1734311,2.0,7,,0.0,2.0,2.0,B01,138Â 198Â 013,1.0
1016006,201900057537,1,3,08:15,2,1,1,1.0,3.0,69091,A47   1.809 A 5.620,M,"45,5868200","4,7554000",69,2019,70.0,1.0,1.0,1.0,2272218,1.0,1,4,2,1.0,,-1.0,0,1991.0,B01,138Â 198Â 013,1.0,0.0,-1.0,1734312,2.0,7,,0.0,2.0,6.0,A01,138Â 198Â 015,1.0
1016006,201900057537,1,3,08:15,2,1,1,1.0,3.0,69091,A47   1.809 A 5.620,M,"45,5868200","4,7554000",69,2019,70.0,1.0,1.0,1.0,2272219,1.0,1,4,1,0.0,,-1.0,0,1994.0,A01,138Â 198Â 015,8.0,0.0,-1.0,1734311,2.0,7,,0.0,2.0,2.0,B01,138Â 198Â 013,1.0
1016006,201900057537,1,3,08:15,2,1,1,1.0,3.0,69091,A47   1.809 A 5.620,M,"45,5868200","4,7554000",69,2019,70.0,1.0,1.0,1.0,2272219,1.0,1,4,1,0.0,,-1.0,0,1994.0,A01,138Â 198Â 015,8.0,0.0,-1.0,1734312,2.0,7,,0.0,2.0,6.0,A01,138Â 198Â 015,1.0
1016007,201900057538,1,3,11:10,1,1,1,1.0,2.0,42044,RN88 - PR 46+100,M,"45,3933300","4,3245000",42,2019,110.0,1.0,1.0,2.0,2272220,1.0,1,4,2,5.0,,-1.0, -1,1996.0,B01,138Â 198Â 009,1.0,0.0,-1.0,1734313,1.0,7,,4.0,2.0,8.0,B01,138Â 198Â 009,1.0