Unnamed: 0_x,num_acc,mois,jour,hrmn,lum,agg,int,atm,col,com,adr,gps,lat,long,dep,annee,vma,situ,surf,catr,Unnamed: 0_y,place,catu,grav,sexe,trajet,secu,locp,actp,an_nais,num_veh_x,id_vehicule_x,secu1,secu2,secu3,Unnamed: 0,senc,catv,occutc,obs,obsm,choc,num_veh_y,id_vehicule_y,motor
1016007,201900057538,1,3,11:10,1,1,1,1.0,2.0,42044,RN88 - PR 46+100,M,"45,3933300","4,3245000",42,2019,110.0,1.0,1.0,2.0,2272220,1.0,1,4,2,5.0,,-1.0, -1,1996.0,B01,138Â 198Â 009,1.0,0.0,-1.0,1734314,1.0,7,,0.0,2.0,3.0,A01,138Â 198Â 011,1.0
1016007,201900057538,1,3,11:10,1,1,1,1.0,2.0,42044,RN88 - PR 46+100,M,"45,3933300","4,3245000",42,2019,110.0,1.0,1.0,2.0,2272221,1.0,1,4,1,5.0,,-1.0, -1,1955.0,A01,138Â 198Â 011,1.0,0.0,-1.0,1734313,1.0,7,,4.0,2.0,8.0,B01,138Â 198Â 009,1.0
1016007,201900057538,1,3,11:10,1,1,1,1.0,2.0,42044,RN88 - PR 46+100,M,"45,3933300","4,3245000",42,2019,110.0,1.0,1.0,2.0,2272221,1.0,1,4,1,5.0,,-1.0, -1,1955.0,A01,138Â 198Â 011,1.0,0.0,-1.0,1734314,1.0,7,,0.0,2.0,3.0,A01,138Â 198Â 011,1.0
1016008,201900057539,5,30,15:55,1,1,3,1.0,3.0,13042,"Coulin, RD8N",M,"43,2737520","5,6378380",13,2019,80.0,1.0,1.0,3.0,2272222,1.0,1,3,1,5.0,,0.0,0,1986.0,B01,138Â 198Â 010,2.0,6.0,-1.0,1734315,2.0,31,,0.0,2.0,1.0,B01,138Â 198Â 010,1.0
1016008,201900057539,5,30,15:55,1,1,3,1.0,3.0,13042,"Coulin, RD8N",M,"43,2737520","5,6378380",13,2019,80.0,1.0,1.0,3.0,2272222,1.0,1,3,1,5.0,,0.0,0,1986.0,B01,138Â 198Â 010,2.0,6.0,-1.0,1734316,1.0,7,,0.0,2.0,6.0,A01,138Â 198Â 012,0.0
1016008,201900057539,5,30,15:55,1,1,3,1.0,3.0,13042,"Coulin, RD8N",M,"43,2737520","5,6378380",13,2019,80.0,1.0,1.0,3.0,2272223,1.0,1,1,1,5.0,,0.0,0,2000.0,A01,138Â 198Â 012,1.0,-1.0,-1.0,1734315,2.0,31,,0.0,2.0,1.0,B01,138Â 198Â 010,1.0
1016008,201900057539,5,30,15:55,1,1,3,1.0,3.0,13042,"Coulin, RD8N",M,"43,2737520","5,6378380",13,2019,80.0,1.0,1.0,3.0,2272223,1.0,1,1,1,5.0,,0.0,0,2000.0,A01,138Â 198Â 012,1.0,-1.0,-1.0,1734316,1.0,7,,0.0,2.0,6.0,A01,138Â 198Â 012,0.0
1016009,201900057540,3,23,18:30,2,2,1,1.0,7.0,37079,rue nationale,M,"47,3319700","1,0445000",37,2019,50.0,1.0,1.0,4.0,2272224,1.0,1,4,1,5.0,,0.0,0,1993.0,A01,138Â 198Â 002,2.0,6.0,-1.0,1734317,3.0,33,,0.0,0.0,0.0,A01,138Â 198Â 002,1.0
1016010,201900057541,5,26,05:45,2,1,1,1.0,6.0,14371,ROUTE DÃPARTEMENTALE 579A,M,"48,9874070","0,1504400",14,2019,80.0,1.0,1.0,3.0,2272225,1.0,1,1,1,5.0,,0.0,0,2000.0,A01,138Â 198Â 003,1.0,-1.0,-1.0,1734318,1.0,7,,12.0,0.0,3.0,A01,138Â 198Â 003,1.0
1016010,201900057541,5,26,05:45,2,1,1,1.0,6.0,14371,ROUTE DÃPARTEMENTALE 579A,M,"48,9874070","0,1504400",14,2019,80.0,1.0,1.0,3.0,2272226,2.0,2,4,1,5.0,,0.0,0,2001.0,A01,138Â 198Â 003,1.0,-1.0,-1.0,1734318,1.0,7,,12.0,0.0,3.0,A01,138Â 198Â 003,1.0
1016011,201900057542,10,26,09:55,1,2,2,1.0,3.0,29276,Route de Saint Pol,M,"48,6660720"," -4,0650470",29,2019,50.0,1.0,1.0,3.0,2272227,1.0,1,4,2,1.0,,0.0,0,1969.0,B01,138Â 198Â 001,1.0,-1.0,-1.0,1734319,2.0,7,,0.0,2.0,1.0,B01,138Â 198Â 001,1.0
1016011,201900057542,10,26,09:55,1,2,2,1.0,3.0,29276,Route de Saint Pol,M,"48,6660720"," -4,0650470",29,2019,50.0,1.0,1.0,3.0,2272227,1.0,1,4,2,1.0,,0.0,0,1969.0,B01,138Â 198Â 001,1.0,-1.0,-1.0,1734320,2.0,7,,0.0,0.0,8.0,A01,138Â 198Â 048,1.0
1016011,201900057542,10,26,09:55,1,2,2,1.0,3.0,29276,Route de Saint Pol,M,"48,6660720"," -4,0650470",29,2019,50.0,1.0,1.0,3.0,2272228,1.0,1,4,2,4.0,,0.0,0,1972.0,A01,138Â 198Â 048,1.0,-1.0,-1.0,1734319,2.0,7,,0.0,2.0,1.0,B01,138Â 198Â 001,1.0
1016011,201900057542,10,26,09:55,1,2,2,1.0,3.0,29276,Route de Saint Pol,M,"48,6660720"," -4,0650470",29,2019,50.0,1.0,1.0,3.0,2272228,1.0,1,4,2,4.0,,0.0,0,1972.0,A01,138Â 198Â 048,1.0,-1.0,-1.0,1734320,2.0,7,,0.0,0.0,8.0,A01,138Â 198Â 048,1.0
1016012,201900057543,1,3,17:20,3,1,1,1.0,4.0,54320,Autoroute A 31,M,"48,8582100","6,0898600",54,2019,110.0,1.0,2.0,1.0,2272229,1.0,1,1,1,4.0,,-1.0,0,1995.0,A01,138Â 198Â 005,1.0,0.0,-1.0,1734321,2.0,10,,0.0,2.0,1.0,A01,138Â 198Â 005,1.0
1016012,201900057543,1,3,17:20,3,1,1,1.0,4.0,54320,Autoroute A 31,M,"48,8582100","6,0898600",54,2019,110.0,1.0,2.0,1.0,2272229,1.0,1,1,1,4.0,,-1.0,0,1995.0,A01,138Â 198Â 005,1.0,0.0,-1.0,1734322,2.0,7,,0.0,2.0,5.0,C01,138Â 198Â 007,1.0
1016012,201900057543,1,3,17:20,3,1,1,1.0,4.0,54320,Autoroute A 31,M,"48,8582100","6,0898600",54,2019,110.0,1.0,2.0,1.0,2272229,1.0,1,1,1,4.0,,-1.0,0,1995.0,A01,138Â 198Â 005,1.0,0.0,-1.0,1734323,2.0,7,,0.0,2.0,4.0,B01,138Â 198Â 008,1.0
1016012,201900057543,1,3,17:20,3,1,1,1.0,4.0,54320,Autoroute A 31,M,"48,8582100","6,0898600",54,2019,110.0,1.0,2.0,1.0,2272230,2.0,2,4,2,5.0,,-1.0,0,1984.0,C01,138Â 198Â 007,1.0,0.0,-1.0,1734321,2.0,10,,0.0,2.0,1.0,A01,138Â 198Â 005,1.0
1016012,201900057543,1,3,17:20,3,1,1,1.0,4.0,54320,Autoroute A 31,M,"48,8582100","6,0898600",54,2019,110.0,1.0,2.0,1.0,2272230,2.0,2,4,2,5.0,,-1.0,0,1984.0,C01,138Â 198Â 007,1.0,0.0,-1.0,1734322,2.0,7,,0.0,2.0,5.0,C01,138Â 198Â 007,1.0
1016012,201900057543,1,3,17:20,3,1,1,1.0,4.0,54320,Autoroute A 31,M,"48,8582100","6,0898600",54,2019,110.0,1.0,2.0,1.0,2272230,2.0,2,4,2,5.0,,-1.0,0,1984.0,C01,138Â 198Â 007,1.0,0.0,-1.0,1734323,2.0,7,,0.0,2.0,4.0,B01,138Â 198Â 008,1.0
1016012,201900057543,1,3,17:20,3,1,1,1.0,4.0,54320,Autoroute A 31,M,"48,8582100","6,0898600",54,2019,110.0,1.0,2.0,1.0,2272231,1.0,1,1,1,5.0,,-1.0,0,1984.0,C01,138Â 198Â 007,1.0,8.0,-1.0,1734321,2.0,10,,0.0,2.0,1.0,A01,138Â 198Â 005,1.0
1016012,201900057543,1,3,17:20,3,1,1,1.0,4.0,54320,Autoroute A 31,M,"48,8582100","6,0898600",54,2019,110.0,1.0,2.0,1.0,2272231,1.0,1,1,1,5.0,,-1.0,0,1984.0,C01,138Â 198Â 007,1.0,8.0,-1.0,1734322,2.0,7,,0.0,2.0,5.0,C01,138Â 198Â 007,1.0
1016012,201900057543,1,3,17:20,3,1,1,1.0,4.0,54320,Autoroute A 31,M,"48,8582100","6,0898600",54,2019,110.0,1.0,2.0,1.0,2272231,1.0,1,1,1,5.0,,-1.0,0,1984.0,C01,138Â 198Â 007,1.0,8.0,-1.0,1734323,2.0,7,,0.0,2.0,4.0,B01,138Â 198Â 008,1.0
1016012,201900057543,1,3,17:20,3,1,1,1.0,4.0,54320,Autoroute A 31,M,"48,8582100","6,0898600",54,2019,110.0,1.0,2.0,1.0,2272232,1.0,1,1,2,5.0,,-1.0,0,1985.0,B01,138Â 198Â 008,1.0,0.0,-1.0,1734321,2.0,10,,0.0,2.0,1.0,A01,138Â 198Â 005,1.0
1016012,201900057543,1,3,17:20,3,1,1,1.0,4.0,54320,Autoroute A 31,M,"48,8582100","6,0898600",54,2019,110.0,1.0,2.0,1.0,2272232,1.0,1,1,2,5.0,,-1.0,0,1985.0,B01,138Â 198Â 008,1.0,0.0,-1.0,1734322,2.0,7,,0.0,2.0,5.0,C01,138Â 198Â 007,1.0
1016012,201900057543,1,3,17:20,3,1,1,1.0,4.0,54320,Autoroute A 31,M,"48,8582100","6,0898600",54,2019,110.0,1.0,2.0,1.0,2272232,1.0,1,1,2,5.0,,-1.0,0,1985.0,B01,138Â 198Â 008,1.0,0.0,-1.0,1734323,2.0,7,,0.0,2.0,4.0,B01,138Â 198Â 008,1.0
1016013,201900057544,5,29,21:30,2,2,3,1.0,3.0,13030,10 - RN8,M,"43,2755930","5,6986820",13,2019,50.0,1.0,1.0,3.0,2272233,1.0,1,1,2,3.0,,0.0,0,1968.0,A01,138Â 198Â 000,1.0,-1.0,-1.0,1734324,1.0,7,,0.0,0.0,7.0,A01,138Â 198Â 000,1.0
1016013,201900057544,5,29,21:30,2,2,3,1.0,3.0,13030,10 - RN8,M,"43,2755930","5,6986820",13,2019,50.0,1.0,1.0,3.0,2272233,1.0,1,1,2,3.0,,0.0,0,1968.0,A01,138Â 198Â 000,1.0,-1.0,-1.0,1734325,2.0,33,,0.0,2.0,1.0,B01,138Â 198Â 006,1.0
1016013,201900057544,5,29,21:30,2,2,3,1.0,3.0,13030,10 - RN8,M,"43,2755930","5,6986820",13,2019,50.0,1.0,1.0,3.0,2272234,1.0,1,3,1,5.0,,0.0,0,1965.0,B01,138Â 198Â 006,2.0,6.0,9.0,1734324,1.0,7,,0.0,0.0,7.0,A01,138Â 198Â 000,1.0
1016013,201900057544,5,29,21:30,2,2,3,1.0,3.0,13030,10 - RN8,M,"43,2755930","5,6986820",13,2019,50.0,1.0,1.0,3.0,2272234,1.0,1,3,1,5.0,,0.0,0,1965.0,B01,138Â 198Â 006,2.0,6.0,9.0,1734325,2.0,33,,0.0,2.0,1.0,B01,138Â 198Â 006,1.0
1016014,201900057545,10,26,10:50,1,2,9,1.0,6.0,29027,Rue Jean Marie Birrien,M,"48,1891640"," -3,8202850",29,2019,50.0,8.0,1.0,6.0,2272235,10.0,3,3,2,0.0,,2.0,2,1937.0,A01,138Â 197Â 998,0.0,-1.0,-1.0,1734326,3.0,7,,0.0,1.0,4.0,A01,138Â 197Â 998,1.0
1016014,201900057545,10,26,10:50,1,2,9,1.0,6.0,29027,Rue Jean Marie Birrien,M,"48,1891640"," -3,8202850",29,2019,50.0,8.0,1.0,6.0,2272236,1.0,1,1,1,0.0,,0.0,0,1964.0,A01,138Â 197Â 998,1.0,-1.0,-1.0,1734326,3.0,7,,0.0,1.0,4.0,A01,138Â 197Â 998,1.0
1016015,201900057546,9,20,21:30,5,2,2,1.0,1.0,98735,CHEF VAIRAATOA (AVENUE),M," -17,5344100"," -149,5671700",987,2019,50.0,1.0,1.0,4.0,2272237,1.0,1,1,1,9.0,,-1.0, -1,1953.0,A01,138Â 197Â 997,8.0,0.0,-1.0,1734327,1.0,7,,0.0,2.0,3.0,A01,138Â 197Â 997,1.0
1016015,201900057546,9,20,21:30,5,2,2,1.0,1.0,98735,CHEF VAIRAATOA (AVENUE),M," -17,5344100"," -149,5671700",987,2019,50.0,1.0,1.0,4.0,2272237,1.0,1,1,1,9.0,,-1.0, -1,1953.0,A01,138Â 197Â 997,8.0,0.0,-1.0,1734328,1.0,2,,0.0,2.0,0.0,B01,138Â 197Â 999,1.0
1016015,201900057546,9,20,21:30,5,2,2,1.0,1.0,98735,CHEF VAIRAATOA (AVENUE),M," -17,5344100"," -149,5671700",987,2019,50.0,1.0,1.0,4.0,2272238,1.0,1,3,1,0.0,,-1.0, -1,1997.0,B01,138Â 197Â 999,2.0,0.0,-1.0,1734327,1.0,7,,0.0,2.0,3.0,A01,138Â 197Â 997,1.0
1016015,201900057546,9,20,21:30,5,2,2,1.0,1.0,98735,CHEF VAIRAATOA (AVENUE),M," -17,5344100"," -149,5671700",987,2019,50.0,1.0,1.0,4.0,2272238,1.0,1,3,1,0.0,,-1.0, -1,1997.0,B01,138Â 197Â 999,2.0,0.0,-1.0,1734328,1.0,2,,0.0,2.0,0.0,B01,138Â 197Â 999,1.0
1016015,201900057546,9,20,21:30,5,2,2,1.0,1.0,98735,CHEF VAIRAATOA (AVENUE),M," -17,5344100"," -149,5671700",987,2019,50.0,1.0,1.0,4.0,2272239,2.0,2,3,1,3.0,,-1.0, -1,2003.0,B01,138Â 197Â 999,2.0,0.0,-1.0,1734327,1.0,7,,0.0,2.0,3.0,A01,138Â 197Â 997,1.0
1016015,201900057546,9,20,21:30,5,2,2,1.0,1.0,98735,CHEF VAIRAATOA (AVENUE),M," -17,5344100"," -149,5671700",987,2019,50.0,1.0,1.0,4.0,2272239,2.0,2,3,1,3.0,,-1.0, -1,2003.0,B01,138Â 197Â 999,2.0,0.0,-1.0,1734328,1.0,2,,0.0,2.0,0.0,B01,138Â 197Â 999,1.0
1016016,201900057547,5,26,00:00,3,1,1,1.0,1.0,13004,RD 35,M,"43,6124370","4,6626510",13,2019,80.0,1.0,1.0,3.0,2272240,1.0,1,3,1,5.0,,0.0,0,1944.0,B01,138Â 197Â 993,1.0,-1.0,-1.0,1734329,2.0,7,,0.0,2.0,3.0,B01,138Â 197Â 993,1.0
1016016,201900057547,5,26,00:00,3,1,1,1.0,1.0,13004,RD 35,M,"43,6124370","4,6626510",13,2019,80.0,1.0,1.0,3.0,2272240,1.0,1,3,1,5.0,,0.0,0,1944.0,B01,138Â 197Â 993,1.0,-1.0,-1.0,1734330,1.0,7,,0.0,2.0,3.0,A01,138Â 197Â 996,1.0
1016016,201900057547,5,26,00:00,3,1,1,1.0,1.0,13004,RD 35,M,"43,6124370","4,6626510",13,2019,80.0,1.0,1.0,3.0,2272241,2.0,2,4,2,5.0,,0.0,0,1963.0,B01,138Â 197Â 993,1.0,-1.0,-1.0,1734329,2.0,7,,0.0,2.0,3.0,B01,138Â 197Â 993,1.0
1016016,201900057547,5,26,00:00,3,1,1,1.0,1.0,13004,RD 35,M,"43,6124370","4,6626510",13,2019,80.0,1.0,1.0,3.0,2272241,2.0,2,4,2,5.0,,0.0,0,1963.0,B01,138Â 197Â 993,1.0,-1.0,-1.0,1734330,1.0,7,,0.0,2.0,3.0,A01,138Â 197Â 996,1.0
1016016,201900057547,5,26,00:00,3,1,1,1.0,1.0,13004,RD 35,M,"43,6124370","4,6626510",13,2019,80.0,1.0,1.0,3.0,2272242,1.0,1,1,1,5.0,,0.0,0,1957.0,A01,138Â 197Â 996,1.0,-1.0,-1.0,1734329,2.0,7,,0.0,2.0,3.0,B01,138Â 197Â 993,1.0
1016016,201900057547,5,26,00:00,3,1,1,1.0,1.0,13004,RD 35,M,"43,6124370","4,6626510",13,2019,80.0,1.0,1.0,3.0,2272242,1.0,1,1,1,5.0,,0.0,0,1957.0,A01,138Â 197Â 996,1.0,-1.0,-1.0,1734330,1.0,7,,0.0,2.0,3.0,A01,138Â 197Â 996,1.0
1016016,201900057547,5,26,00:00,3,1,1,1.0,1.0,13004,RD 35,M,"43,6124370","4,6626510",13,2019,80.0,1.0,1.0,3.0,2272243,2.0,2,4,2,5.0,,0.0,0,1968.0,A01,138Â 197Â 996,1.0,-1.0,-1.0,1734329,2.0,7,,0.0,2.0,3.0,B01,138Â 197Â 993,1.0
1016016,201900057547,5,26,00:00,3,1,1,1.0,1.0,13004,RD 35,M,"43,6124370","4,6626510",13,2019,80.0,1.0,1.0,3.0,2272243,2.0,2,4,2,5.0,,0.0,0,1968.0,A01,138Â 197Â 996,1.0,-1.0,-1.0,1734330,1.0,7,,0.0,2.0,3.0,A01,138Â 197Â 996,1.0
1016017,201900057548,3,28,18:55,2,2,3,1.0,3.0,34022,Rue de Colombiers,M,"43,6569540","4,0083720",34,2019,50.0,1.0,1.0,2.0,2272244,1.0,1,3,1,0.0,,0.0,0,1961.0,A01,138Â 197Â 981,2.0,6.0,-1.0,1734331,1.0,33,,0.0,2.0,1.0,A01,138Â 197Â 981,1.0
1016017,201900057548,3,28,18:55,2,2,3,1.0,3.0,34022,Rue de Colombiers,M,"43,6569540","4,0083720",34,2019,50.0,1.0,1.0,2.0,2272244,1.0,1,3,1,0.0,,0.0,0,1961.0,A01,138Â 197Â 981,2.0,6.0,-1.0,1734332,2.0,10,,0.0,2.0,7.0,B01,138Â 197Â 983,1.0
1016017,201900057548,3,28,18:55,2,2,3,1.0,3.0,34022,Rue de Colombiers,M,"43,6569540","4,0083720",34,2019,50.0,1.0,1.0,2.0,2272245,1.0,1,1,2,0.0,,0.0,0,1987.0,B01,138Â 197Â 983,1.0,-1.0,-1.0,1734331,1.0,33,,0.0,2.0,1.0,A01,138Â 197Â 981,1.0
1016017,201900057548,3,28,18:55,2,2,3,1.0,3.0,34022,Rue de Colombiers,M,"43,6569540","4,0083720",34,2019,50.0,1.0,1.0,2.0,2272245,1.0,1,1,2,0.0,,0.0,0,1987.0,B01,138Â 197Â 983,1.0,-1.0,-1.0,1734332,2.0,10,,0.0,2.0,7.0,B01,138Â 197Â 983,1.0
1016018,201900057549,2,14,12:30,1,2,4,1.0,3.0,75108,AVENUE MARCEAU,M,"48,8661190","2,2996630",75,2019,50.0,1.0,1.0,4.0,2272246,1.0,1,1,1,4.0,,0.0,0,1965.0,B01,138Â 197Â 978,1.0,0.0,-1.0,1734333,2.0,7,,0.0,2.0,3.0,B01,138Â 197Â 978,1.0
1016018,201900057549,2,14,12:30,1,2,4,1.0,3.0,75108,AVENUE MARCEAU,M,"48,8661190","2,2996630",75,2019,50.0,1.0,1.0,4.0,2272246,1.0,1,1,1,4.0,,0.0,0,1965.0,B01,138Â 197Â 978,1.0,0.0,-1.0,1734334,2.0,43,,0.0,2.0,1.0,A01,138Â 197Â 979,1.0
1016018,201900057549,2,14,12:30,1,2,4,1.0,3.0,75108,AVENUE MARCEAU,M,"48,8661190","2,2996630",75,2019,50.0,1.0,1.0,4.0,2272247,1.0,1,4,1,4.0,,0.0,0,1977.0,A01,138Â 197Â 979,2.0,6.0,-1.0,1734333,2.0,7,,0.0,2.0,3.0,B01,138Â 197Â 978,1.0
1016018,201900057549,2,14,12:30,1,2,4,1.0,3.0,75108,AVENUE MARCEAU,M,"48,8661190","2,2996630",75,2019,50.0,1.0,1.0,4.0,2272247,1.0,1,4,1,4.0,,0.0,0,1977.0,A01,138Â 197Â 979,2.0,6.0,-1.0,1734334,2.0,43,,0.0,2.0,1.0,A01,138Â 197Â 979,1.0
1016019,201900057550,3,28,15:00,1,1,1,1.0,1.0,83124,,M,"43,5770590","6,6180880",83,2019,80.0,1.0,1.0,3.0,2272248,1.0,1,1,1,1.0,,0.0,0,1977.0,A01,138Â 197Â 974,1.0,-1.0,-1.0,1734335,2.0,7,,0.0,2.0,3.0,A01,138Â 197Â 974,1.0
1016019,201900057550,3,28,15:00,1,1,1,1.0,1.0,83124,,M,"43,5770590","6,6180880",83,2019,80.0,1.0,1.0,3.0,2272248,1.0,1,1,1,1.0,,0.0,0,1977.0,A01,138Â 197Â 974,1.0,-1.0,-1.0,1734336,1.0,33,,0.0,2.0,1.0,B01,138Â 197Â 976,1.0
1016019,201900057550,3,28,15:00,1,1,1,1.0,1.0,83124,,M,"43,5770590","6,6180880",83,2019,80.0,1.0,1.0,3.0,2272249,1.0,1,3,1,5.0,,0.0,0,1974.0,B01,138Â 197Â 976,2.0,6.0,-1.0,1734335,2.0,7,,0.0,2.0,3.0,A01,138Â 197Â 974,1.0
1016019,201900057550,3,28,15:00,1,1,1,1.0,1.0,83124,,M,"43,5770590","6,6180880",83,2019,80.0,1.0,1.0,3.0,2272249,1.0,1,3,1,5.0,,0.0,0,1974.0,B01,138Â 197Â 976,2.0,6.0,-1.0,1734336,1.0,33,,0.0,2.0,1.0,B01,138Â 197Â 976,1.0
1016020,201900057551,1,5,08:40,2,1,1,9.0,5.0,33143,AUTOROUTE A 10,M,"44,9566600"," -0,4508500",33,2019,130.0,1.0,7.0,1.0,2272250,1.0,1,1,1,1.0,,-1.0, -1,1976.0,L01,138Â 197Â 973,1.0,8.0,-1.0,1734337,2.0,7,,0.0,2.0,0.0,L01,138Â 197Â 973,1.0
1016020,201900057551,1,5,08:40,2,1,1,9.0,5.0,33143,AUTOROUTE A 10,M,"44,9566600"," -0,4508500",33,2019,130.0,1.0,7.0,1.0,2272250,1.0,1,1,1,1.0,,-1.0, -1,1976.0,L01,138Â 197Â 973,1.0,8.0,-1.0,1734338,2.0,7,,0.0,2.0,1.0,K01,138Â 197Â 975,1.0
1016020,201900057551,1,5,08:40,2,1,1,9.0,5.0,33143,AUTOROUTE A 10,M,"44,9566600"," -0,4508500",33,2019,130.0,1.0,7.0,1.0,2272250,1.0,1,1,1,1.0,,-1.0, -1,1976.0,L01,138Â 197Â 973,1.0,8.0,-1.0,1734339,2.0,7,,3.0,2.0,4.0,J01,138Â 197Â 977,1.0
1016020,201900057551,1,5,08:40,2,1,1,9.0,5.0,33143,AUTOROUTE A 10,M,"44,9566600"," -0,4508500",33,2019,130.0,1.0,7.0,1.0,2272250,1.0,1,1,1,1.0,,-1.0, -1,1976.0,L01,138Â 197Â 973,1.0,8.0,-1.0,1734340,2.0,7,,0.0,2.0,0.0,I01,138Â 197Â 980,1.0
1016020,201900057551,1,5,08:40,2,1,1,9.0,5.0,33143,AUTOROUTE A 10,M,"44,9566600"," -0,4508500",33,2019,130.0,1.0,7.0,1.0,2272250,1.0,1,1,1,1.0,,-1.0, -1,1976.0,L01,138Â 197Â 973,1.0,8.0,-1.0,1734341,2.0,10,,0.0,2.0,0.0,H01,138Â 197Â 982,1.0
1016020,201900057551,1,5,08:40,2,1,1,9.0,5.0,33143,AUTOROUTE A 10,M,"44,9566600"," -0,4508500",33,2019,130.0,1.0,7.0,1.0,2272250,1.0,1,1,1,1.0,,-1.0, -1,1976.0,L01,138Â 197Â 973,1.0,8.0,-1.0,1734342,2.0,7,,0.0,2.0,4.0,G01,138Â 197Â 984,1.0
1016020,201900057551,1,5,08:40,2,1,1,9.0,5.0,33143,AUTOROUTE A 10,M,"44,9566600"," -0,4508500",33,2019,130.0,1.0,7.0,1.0,2272250,1.0,1,1,1,1.0,,-1.0, -1,1976.0,L01,138Â 197Â 973,1.0,8.0,-1.0,1734343,2.0,7,,0.0,2.0,0.0,F01,138Â 197Â 989,2.0
1016020,201900057551,1,5,08:40,2,1,1,9.0,5.0,33143,AUTOROUTE A 10,M,"44,9566600"," -0,4508500",33,2019,130.0,1.0,7.0,1.0,2272250,1.0,1,1,1,1.0,,-1.0, -1,1976.0,L01,138Â 197Â 973,1.0,8.0,-1.0,1734344,2.0,7,,0.0,2.0,4.0,E01,138Â 197Â 990,1.0
1016020,201900057551,1,5,08:40,2,1,1,9.0,5.0,33143,AUTOROUTE A 10,M,"44,9566600"," -0,4508500",33,2019,130.0,1.0,7.0,1.0,2272250,1.0,1,1,1,1.0,,-1.0, -1,1976.0,L01,138Â 197Â 973,1.0,8.0,-1.0,1734345,2.0,7,,0.0,2.0,4.0,D01,138Â 197Â 991,1.0
1016020,201900057551,1,5,08:40,2,1,1,9.0,5.0,33143,AUTOROUTE A 10,M,"44,9566600"," -0,4508500",33,2019,130.0,1.0,7.0,1.0,2272250,1.0,1,1,1,1.0,,-1.0, -1,1976.0,L01,138Â 197Â 973,1.0,8.0,-1.0,1734346,2.0,7,,0.0,2.0,1.0,C01,138Â 197Â 992,1.0
1016020,201900057551,1,5,08:40,2,1,1,9.0,5.0,33143,AUTOROUTE A 10,M,"44,9566600"," -0,4508500",33,2019,130.0,1.0,7.0,1.0,2272250,1.0,1,1,1,1.0,,-1.0, -1,1976.0,L01,138Â 197Â 973,1.0,8.0,-1.0,1734347,2.0,17,,0.0,2.0,4.0,B01,138Â 197Â 994,1.0
1016020,201900057551,1,5,08:40,2,1,1,9.0,5.0,33143,AUTOROUTE A 10,M,"44,9566600"," -0,4508500",33,2019,130.0,1.0,7.0,1.0,2272250,1.0,1,1,1,1.0,,-1.0, -1,1976.0,L01,138Â 197Â 973,1.0,8.0,-1.0,1734348,2.0,7,,0.0,2.0,4.0,A01,138Â 197Â 995,1.0
1016020,201900057551,1,5,08:40,2,1,1,9.0,5.0,33143,AUTOROUTE A 10,M,"44,9566600"," -0,4508500",33,2019,130.0,1.0,7.0,1.0,2272251,2.0,2,1,1,0.0,,-1.0, -1,2004.0,K01,138Â 197Â 975,1.0,8.0,-1.0,1734337,2.0,7,,0.0,2.0,0.0,L01,138Â 197Â 973,1.0
1016020,201900057551,1,5,08:40,2,1,1,9.0,5.0,33143,AUTOROUTE A 10,M,"44,9566600"," -0,4508500",33,2019,130.0,1.0,7.0,1.0,2272251,2.0,2,1,1,0.0,,-1.0, -1,2004.0,K01,138Â 197Â 975,1.0,8.0,-1.0,1734338,2.0,7,,0.0,2.0,1.0,K01,138Â 197Â 975,1.0
1016020,201900057551,1,5,08:40,2,1,1,9.0,5.0,33143,AUTOROUTE A 10,M,"44,9566600"," -0,4508500",33,2019,130.0,1.0,7.0,1.0,2272251,2.0,2,1,1,0.0,,-1.0, -1,2004.0,K01,138Â 197Â 975,1.0,8.0,-1.0,1734339,2.0,7,,3.0,2.0,4.0,J01,138Â 197Â 977,1.0
1016020,201900057551,1,5,08:40,2,1,1,9.0,5.0,33143,AUTOROUTE A 10,M,"44,9566600"," -0,4508500",33,2019,130.0,1.0,7.0,1.0,2272251,2.0,2,1,1,0.0,,-1.0, -1,2004.0,K01,138Â 197Â 975,1.0,8.0,-1.0,1734340,2.0,7,,0.0,2.0,0.0,I01,138Â 197Â 980,1.0
1016020,201900057551,1,5,08:40,2,1,1,9.0,5.0,33143,AUTOROUTE A 10,M,"44,9566600"," -0,4508500",33,2019,130.0,1.0,7.0,1.0,2272251,2.0,2,1,1,0.0,,-1.0, -1,2004.0,K01,138Â 197Â 975,1.0,8.0,-1.0,1734341,2.0,10,,0.0,2.0,0.0,H01,138Â 197Â 982,1.0
1016020,201900057551,1,5,08:40,2,1,1,9.0,5.0,33143,AUTOROUTE A 10,M,"44,9566600"," -0,4508500",33,2019,130.0,1.0,7.0,1.0,2272251,2.0,2,1,1,0.0,,-1.0, -1,2004.0,K01,138Â 197Â 975,1.0,8.0,-1.0,1734342,2.0,7,,0.0,2.0,4.0,G01,138Â 197Â 984,1.0
1016020,201900057551,1,5,08:40,2,1,1,9.0,5.0,33143,AUTOROUTE A 10,M,"44,9566600"," -0,4508500",33,2019,130.0,1.0,7.0,1.0,2272251,2.0,2,1,1,0.0,,-1.0, -1,2004.0,K01,138Â 197Â 975,1.0,8.0,-1.0,1734343,2.0,7,,0.0,2.0,0.0,F01,138Â 197Â 989,2.0