Unnamed: 0_x,num_acc,mois,jour,hrmn,lum,agg,int,atm,col,com,adr,gps,lat,long,dep,annee,vma,situ,surf,catr,Unnamed: 0_y,place,catu,grav,sexe,trajet,secu,locp,actp,an_nais,num_veh_x,id_vehicule_x,secu1,secu2,secu3,Unnamed: 0,senc,catv,occutc,obs,obsm,choc,num_veh_y,id_vehicule_y,motor
1016020,201900057551,1,5,08:40,2,1,1,9.0,5.0,33143,AUTOROUTE A 10,M,"44,9566600"," -0,4508500",33,2019,130.0,1.0,7.0,1.0,2272258,1.0,1,1,1,0.0,,-1.0, -1,1970.0,H01,138Â 197Â 982,1.0,8.0,-1.0,1734337,2.0,7,,0.0,2.0,0.0,L01,138Â 197Â 973,1.0
1016020,201900057551,1,5,08:40,2,1,1,9.0,5.0,33143,AUTOROUTE A 10,M,"44,9566600"," -0,4508500",33,2019,130.0,1.0,7.0,1.0,2272258,1.0,1,1,1,0.0,,-1.0, -1,1970.0,H01,138Â 197Â 982,1.0,8.0,-1.0,1734338,2.0,7,,0.0,2.0,1.0,K01,138Â 197Â 975,1.0
1016020,201900057551,1,5,08:40,2,1,1,9.0,5.0,33143,AUTOROUTE A 10,M,"44,9566600"," -0,4508500",33,2019,130.0,1.0,7.0,1.0,2272258,1.0,1,1,1,0.0,,-1.0, -1,1970.0,H01,138Â 197Â 982,1.0,8.0,-1.0,1734339,2.0,7,,3.0,2.0,4.0,J01,138Â 197Â 977,1.0
1016020,201900057551,1,5,08:40,2,1,1,9.0,5.0,33143,AUTOROUTE A 10,M,"44,9566600"," -0,4508500",33,2019,130.0,1.0,7.0,1.0,2272258,1.0,1,1,1,0.0,,-1.0, -1,1970.0,H01,138Â 197Â 982,1.0,8.0,-1.0,1734340,2.0,7,,0.0,2.0,0.0,I01,138Â 197Â 980,1.0
1016020,201900057551,1,5,08:40,2,1,1,9.0,5.0,33143,AUTOROUTE A 10,M,"44,9566600"," -0,4508500",33,2019,130.0,1.0,7.0,1.0,2272258,1.0,1,1,1,0.0,,-1.0, -1,1970.0,H01,138Â 197Â 982,1.0,8.0,-1.0,1734341,2.0,10,,0.0,2.0,0.0,H01,138Â 197Â 982,1.0
1016020,201900057551,1,5,08:40,2,1,1,9.0,5.0,33143,AUTOROUTE A 10,M,"44,9566600"," -0,4508500",33,2019,130.0,1.0,7.0,1.0,2272258,1.0,1,1,1,0.0,,-1.0, -1,1970.0,H01,138Â 197Â 982,1.0,8.0,-1.0,1734342,2.0,7,,0.0,2.0,4.0,G01,138Â 197Â 984,1.0
1016020,201900057551,1,5,08:40,2,1,1,9.0,5.0,33143,AUTOROUTE A 10,M,"44,9566600"," -0,4508500",33,2019,130.0,1.0,7.0,1.0,2272258,1.0,1,1,1,0.0,,-1.0, -1,1970.0,H01,138Â 197Â 982,1.0,8.0,-1.0,1734343,2.0,7,,0.0,2.0,0.0,F01,138Â 197Â 989,2.0
1016020,201900057551,1,5,08:40,2,1,1,9.0,5.0,33143,AUTOROUTE A 10,M,"44,9566600"," -0,4508500",33,2019,130.0,1.0,7.0,1.0,2272258,1.0,1,1,1,0.0,,-1.0, -1,1970.0,H01,138Â 197Â 982,1.0,8.0,-1.0,1734344,2.0,7,,0.0,2.0,4.0,E01,138Â 197Â 990,1.0
1016020,201900057551,1,5,08:40,2,1,1,9.0,5.0,33143,AUTOROUTE A 10,M,"44,9566600"," -0,4508500",33,2019,130.0,1.0,7.0,1.0,2272258,1.0,1,1,1,0.0,,-1.0, -1,1970.0,H01,138Â 197Â 982,1.0,8.0,-1.0,1734345,2.0,7,,0.0,2.0,4.0,D01,138Â 197Â 991,1.0
1016020,201900057551,1,5,08:40,2,1,1,9.0,5.0,33143,AUTOROUTE A 10,M,"44,9566600"," -0,4508500",33,2019,130.0,1.0,7.0,1.0,2272258,1.0,1,1,1,0.0,,-1.0, -1,1970.0,H01,138Â 197Â 982,1.0,8.0,-1.0,1734346,2.0,7,,0.0,2.0,1.0,C01,138Â 197Â 992,1.0
1016020,201900057551,1,5,08:40,2,1,1,9.0,5.0,33143,AUTOROUTE A 10,M,"44,9566600"," -0,4508500",33,2019,130.0,1.0,7.0,1.0,2272258,1.0,1,1,1,0.0,,-1.0, -1,1970.0,H01,138Â 197Â 982,1.0,8.0,-1.0,1734347,2.0,17,,0.0,2.0,4.0,B01,138Â 197Â 994,1.0
1016020,201900057551,1,5,08:40,2,1,1,9.0,5.0,33143,AUTOROUTE A 10,M,"44,9566600"," -0,4508500",33,2019,130.0,1.0,7.0,1.0,2272258,1.0,1,1,1,0.0,,-1.0, -1,1970.0,H01,138Â 197Â 982,1.0,8.0,-1.0,1734348,2.0,7,,0.0,2.0,4.0,A01,138Â 197Â 995,1.0
1016020,201900057551,1,5,08:40,2,1,1,9.0,5.0,33143,AUTOROUTE A 10,M,"44,9566600"," -0,4508500",33,2019,130.0,1.0,7.0,1.0,2272259,2.0,2,1,2,5.0,,-1.0, -1,1980.0,G01,138Â 197Â 984,1.0,8.0,-1.0,1734337,2.0,7,,0.0,2.0,0.0,L01,138Â 197Â 973,1.0
1016020,201900057551,1,5,08:40,2,1,1,9.0,5.0,33143,AUTOROUTE A 10,M,"44,9566600"," -0,4508500",33,2019,130.0,1.0,7.0,1.0,2272259,2.0,2,1,2,5.0,,-1.0, -1,1980.0,G01,138Â 197Â 984,1.0,8.0,-1.0,1734338,2.0,7,,0.0,2.0,1.0,K01,138Â 197Â 975,1.0
1016020,201900057551,1,5,08:40,2,1,1,9.0,5.0,33143,AUTOROUTE A 10,M,"44,9566600"," -0,4508500",33,2019,130.0,1.0,7.0,1.0,2272259,2.0,2,1,2,5.0,,-1.0, -1,1980.0,G01,138Â 197Â 984,1.0,8.0,-1.0,1734339,2.0,7,,3.0,2.0,4.0,J01,138Â 197Â 977,1.0
1016020,201900057551,1,5,08:40,2,1,1,9.0,5.0,33143,AUTOROUTE A 10,M,"44,9566600"," -0,4508500",33,2019,130.0,1.0,7.0,1.0,2272259,2.0,2,1,2,5.0,,-1.0, -1,1980.0,G01,138Â 197Â 984,1.0,8.0,-1.0,1734340,2.0,7,,0.0,2.0,0.0,I01,138Â 197Â 980,1.0
1016020,201900057551,1,5,08:40,2,1,1,9.0,5.0,33143,AUTOROUTE A 10,M,"44,9566600"," -0,4508500",33,2019,130.0,1.0,7.0,1.0,2272259,2.0,2,1,2,5.0,,-1.0, -1,1980.0,G01,138Â 197Â 984,1.0,8.0,-1.0,1734341,2.0,10,,0.0,2.0,0.0,H01,138Â 197Â 982,1.0
1016020,201900057551,1,5,08:40,2,1,1,9.0,5.0,33143,AUTOROUTE A 10,M,"44,9566600"," -0,4508500",33,2019,130.0,1.0,7.0,1.0,2272259,2.0,2,1,2,5.0,,-1.0, -1,1980.0,G01,138Â 197Â 984,1.0,8.0,-1.0,1734342,2.0,7,,0.0,2.0,4.0,G01,138Â 197Â 984,1.0
1016020,201900057551,1,5,08:40,2,1,1,9.0,5.0,33143,AUTOROUTE A 10,M,"44,9566600"," -0,4508500",33,2019,130.0,1.0,7.0,1.0,2272259,2.0,2,1,2,5.0,,-1.0, -1,1980.0,G01,138Â 197Â 984,1.0,8.0,-1.0,1734343,2.0,7,,0.0,2.0,0.0,F01,138Â 197Â 989,2.0
1016020,201900057551,1,5,08:40,2,1,1,9.0,5.0,33143,AUTOROUTE A 10,M,"44,9566600"," -0,4508500",33,2019,130.0,1.0,7.0,1.0,2272259,2.0,2,1,2,5.0,,-1.0, -1,1980.0,G01,138Â 197Â 984,1.0,8.0,-1.0,1734344,2.0,7,,0.0,2.0,4.0,E01,138Â 197Â 990,1.0
1016020,201900057551,1,5,08:40,2,1,1,9.0,5.0,33143,AUTOROUTE A 10,M,"44,9566600"," -0,4508500",33,2019,130.0,1.0,7.0,1.0,2272259,2.0,2,1,2,5.0,,-1.0, -1,1980.0,G01,138Â 197Â 984,1.0,8.0,-1.0,1734345,2.0,7,,0.0,2.0,4.0,D01,138Â 197Â 991,1.0
1016020,201900057551,1,5,08:40,2,1,1,9.0,5.0,33143,AUTOROUTE A 10,M,"44,9566600"," -0,4508500",33,2019,130.0,1.0,7.0,1.0,2272259,2.0,2,1,2,5.0,,-1.0, -1,1980.0,G01,138Â 197Â 984,1.0,8.0,-1.0,1734346,2.0,7,,0.0,2.0,1.0,C01,138Â 197Â 992,1.0
1016020,201900057551,1,5,08:40,2,1,1,9.0,5.0,33143,AUTOROUTE A 10,M,"44,9566600"," -0,4508500",33,2019,130.0,1.0,7.0,1.0,2272259,2.0,2,1,2,5.0,,-1.0, -1,1980.0,G01,138Â 197Â 984,1.0,8.0,-1.0,1734347,2.0,17,,0.0,2.0,4.0,B01,138Â 197Â 994,1.0
1016020,201900057551,1,5,08:40,2,1,1,9.0,5.0,33143,AUTOROUTE A 10,M,"44,9566600"," -0,4508500",33,2019,130.0,1.0,7.0,1.0,2272259,2.0,2,1,2,5.0,,-1.0, -1,1980.0,G01,138Â 197Â 984,1.0,8.0,-1.0,1734348,2.0,7,,0.0,2.0,4.0,A01,138Â 197Â 995,1.0
1016020,201900057551,1,5,08:40,2,1,1,9.0,5.0,33143,AUTOROUTE A 10,M,"44,9566600"," -0,4508500",33,2019,130.0,1.0,7.0,1.0,2272260,1.0,1,1,1,5.0,,-1.0, -1,1974.0,G01,138Â 197Â 984,1.0,8.0,-1.0,1734337,2.0,7,,0.0,2.0,0.0,L01,138Â 197Â 973,1.0
1016020,201900057551,1,5,08:40,2,1,1,9.0,5.0,33143,AUTOROUTE A 10,M,"44,9566600"," -0,4508500",33,2019,130.0,1.0,7.0,1.0,2272260,1.0,1,1,1,5.0,,-1.0, -1,1974.0,G01,138Â 197Â 984,1.0,8.0,-1.0,1734338,2.0,7,,0.0,2.0,1.0,K01,138Â 197Â 975,1.0
1016020,201900057551,1,5,08:40,2,1,1,9.0,5.0,33143,AUTOROUTE A 10,M,"44,9566600"," -0,4508500",33,2019,130.0,1.0,7.0,1.0,2272260,1.0,1,1,1,5.0,,-1.0, -1,1974.0,G01,138Â 197Â 984,1.0,8.0,-1.0,1734339,2.0,7,,3.0,2.0,4.0,J01,138Â 197Â 977,1.0
1016020,201900057551,1,5,08:40,2,1,1,9.0,5.0,33143,AUTOROUTE A 10,M,"44,9566600"," -0,4508500",33,2019,130.0,1.0,7.0,1.0,2272260,1.0,1,1,1,5.0,,-1.0, -1,1974.0,G01,138Â 197Â 984,1.0,8.0,-1.0,1734340,2.0,7,,0.0,2.0,0.0,I01,138Â 197Â 980,1.0
1016020,201900057551,1,5,08:40,2,1,1,9.0,5.0,33143,AUTOROUTE A 10,M,"44,9566600"," -0,4508500",33,2019,130.0,1.0,7.0,1.0,2272260,1.0,1,1,1,5.0,,-1.0, -1,1974.0,G01,138Â 197Â 984,1.0,8.0,-1.0,1734341,2.0,10,,0.0,2.0,0.0,H01,138Â 197Â 982,1.0
1016020,201900057551,1,5,08:40,2,1,1,9.0,5.0,33143,AUTOROUTE A 10,M,"44,9566600"," -0,4508500",33,2019,130.0,1.0,7.0,1.0,2272260,1.0,1,1,1,5.0,,-1.0, -1,1974.0,G01,138Â 197Â 984,1.0,8.0,-1.0,1734342,2.0,7,,0.0,2.0,4.0,G01,138Â 197Â 984,1.0
1016020,201900057551,1,5,08:40,2,1,1,9.0,5.0,33143,AUTOROUTE A 10,M,"44,9566600"," -0,4508500",33,2019,130.0,1.0,7.0,1.0,2272260,1.0,1,1,1,5.0,,-1.0, -1,1974.0,G01,138Â 197Â 984,1.0,8.0,-1.0,1734343,2.0,7,,0.0,2.0,0.0,F01,138Â 197Â 989,2.0
1016020,201900057551,1,5,08:40,2,1,1,9.0,5.0,33143,AUTOROUTE A 10,M,"44,9566600"," -0,4508500",33,2019,130.0,1.0,7.0,1.0,2272260,1.0,1,1,1,5.0,,-1.0, -1,1974.0,G01,138Â 197Â 984,1.0,8.0,-1.0,1734344,2.0,7,,0.0,2.0,4.0,E01,138Â 197Â 990,1.0
1016020,201900057551,1,5,08:40,2,1,1,9.0,5.0,33143,AUTOROUTE A 10,M,"44,9566600"," -0,4508500",33,2019,130.0,1.0,7.0,1.0,2272260,1.0,1,1,1,5.0,,-1.0, -1,1974.0,G01,138Â 197Â 984,1.0,8.0,-1.0,1734345,2.0,7,,0.0,2.0,4.0,D01,138Â 197Â 991,1.0
1016020,201900057551,1,5,08:40,2,1,1,9.0,5.0,33143,AUTOROUTE A 10,M,"44,9566600"," -0,4508500",33,2019,130.0,1.0,7.0,1.0,2272260,1.0,1,1,1,5.0,,-1.0, -1,1974.0,G01,138Â 197Â 984,1.0,8.0,-1.0,1734346,2.0,7,,0.0,2.0,1.0,C01,138Â 197Â 992,1.0
1016020,201900057551,1,5,08:40,2,1,1,9.0,5.0,33143,AUTOROUTE A 10,M,"44,9566600"," -0,4508500",33,2019,130.0,1.0,7.0,1.0,2272260,1.0,1,1,1,5.0,,-1.0, -1,1974.0,G01,138Â 197Â 984,1.0,8.0,-1.0,1734347,2.0,17,,0.0,2.0,4.0,B01,138Â 197Â 994,1.0
1016020,201900057551,1,5,08:40,2,1,1,9.0,5.0,33143,AUTOROUTE A 10,M,"44,9566600"," -0,4508500",33,2019,130.0,1.0,7.0,1.0,2272260,1.0,1,1,1,5.0,,-1.0, -1,1974.0,G01,138Â 197Â 984,1.0,8.0,-1.0,1734348,2.0,7,,0.0,2.0,4.0,A01,138Â 197Â 995,1.0
1016020,201900057551,1,5,08:40,2,1,1,9.0,5.0,33143,AUTOROUTE A 10,M,"44,9566600"," -0,4508500",33,2019,130.0,1.0,7.0,1.0,2272261,1.0,1,4,2,4.0,,-1.0, -1,1971.0,F01,138Â 197Â 989,1.0,8.0,-1.0,1734337,2.0,7,,0.0,2.0,0.0,L01,138Â 197Â 973,1.0
1016020,201900057551,1,5,08:40,2,1,1,9.0,5.0,33143,AUTOROUTE A 10,M,"44,9566600"," -0,4508500",33,2019,130.0,1.0,7.0,1.0,2272261,1.0,1,4,2,4.0,,-1.0, -1,1971.0,F01,138Â 197Â 989,1.0,8.0,-1.0,1734338,2.0,7,,0.0,2.0,1.0,K01,138Â 197Â 975,1.0
1016020,201900057551,1,5,08:40,2,1,1,9.0,5.0,33143,AUTOROUTE A 10,M,"44,9566600"," -0,4508500",33,2019,130.0,1.0,7.0,1.0,2272261,1.0,1,4,2,4.0,,-1.0, -1,1971.0,F01,138Â 197Â 989,1.0,8.0,-1.0,1734339,2.0,7,,3.0,2.0,4.0,J01,138Â 197Â 977,1.0
1016020,201900057551,1,5,08:40,2,1,1,9.0,5.0,33143,AUTOROUTE A 10,M,"44,9566600"," -0,4508500",33,2019,130.0,1.0,7.0,1.0,2272261,1.0,1,4,2,4.0,,-1.0, -1,1971.0,F01,138Â 197Â 989,1.0,8.0,-1.0,1734340,2.0,7,,0.0,2.0,0.0,I01,138Â 197Â 980,1.0
1016020,201900057551,1,5,08:40,2,1,1,9.0,5.0,33143,AUTOROUTE A 10,M,"44,9566600"," -0,4508500",33,2019,130.0,1.0,7.0,1.0,2272261,1.0,1,4,2,4.0,,-1.0, -1,1971.0,F01,138Â 197Â 989,1.0,8.0,-1.0,1734341,2.0,10,,0.0,2.0,0.0,H01,138Â 197Â 982,1.0
1016020,201900057551,1,5,08:40,2,1,1,9.0,5.0,33143,AUTOROUTE A 10,M,"44,9566600"," -0,4508500",33,2019,130.0,1.0,7.0,1.0,2272261,1.0,1,4,2,4.0,,-1.0, -1,1971.0,F01,138Â 197Â 989,1.0,8.0,-1.0,1734342,2.0,7,,0.0,2.0,4.0,G01,138Â 197Â 984,1.0
1016020,201900057551,1,5,08:40,2,1,1,9.0,5.0,33143,AUTOROUTE A 10,M,"44,9566600"," -0,4508500",33,2019,130.0,1.0,7.0,1.0,2272261,1.0,1,4,2,4.0,,-1.0, -1,1971.0,F01,138Â 197Â 989,1.0,8.0,-1.0,1734343,2.0,7,,0.0,2.0,0.0,F01,138Â 197Â 989,2.0
1016020,201900057551,1,5,08:40,2,1,1,9.0,5.0,33143,AUTOROUTE A 10,M,"44,9566600"," -0,4508500",33,2019,130.0,1.0,7.0,1.0,2272261,1.0,1,4,2,4.0,,-1.0, -1,1971.0,F01,138Â 197Â 989,1.0,8.0,-1.0,1734344,2.0,7,,0.0,2.0,4.0,E01,138Â 197Â 990,1.0
1016020,201900057551,1,5,08:40,2,1,1,9.0,5.0,33143,AUTOROUTE A 10,M,"44,9566600"," -0,4508500",33,2019,130.0,1.0,7.0,1.0,2272261,1.0,1,4,2,4.0,,-1.0, -1,1971.0,F01,138Â 197Â 989,1.0,8.0,-1.0,1734345,2.0,7,,0.0,2.0,4.0,D01,138Â 197Â 991,1.0
1016020,201900057551,1,5,08:40,2,1,1,9.0,5.0,33143,AUTOROUTE A 10,M,"44,9566600"," -0,4508500",33,2019,130.0,1.0,7.0,1.0,2272261,1.0,1,4,2,4.0,,-1.0, -1,1971.0,F01,138Â 197Â 989,1.0,8.0,-1.0,1734346,2.0,7,,0.0,2.0,1.0,C01,138Â 197Â 992,1.0
1016020,201900057551,1,5,08:40,2,1,1,9.0,5.0,33143,AUTOROUTE A 10,M,"44,9566600"," -0,4508500",33,2019,130.0,1.0,7.0,1.0,2272261,1.0,1,4,2,4.0,,-1.0, -1,1971.0,F01,138Â 197Â 989,1.0,8.0,-1.0,1734347,2.0,17,,0.0,2.0,4.0,B01,138Â 197Â 994,1.0
1016020,201900057551,1,5,08:40,2,1,1,9.0,5.0,33143,AUTOROUTE A 10,M,"44,9566600"," -0,4508500",33,2019,130.0,1.0,7.0,1.0,2272261,1.0,1,4,2,4.0,,-1.0, -1,1971.0,F01,138Â 197Â 989,1.0,8.0,-1.0,1734348,2.0,7,,0.0,2.0,4.0,A01,138Â 197Â 995,1.0
1016020,201900057551,1,5,08:40,2,1,1,9.0,5.0,33143,AUTOROUTE A 10,M,"44,9566600"," -0,4508500",33,2019,130.0,1.0,7.0,1.0,2272262,4.0,2,1,1,0.0,,-1.0, -1,1979.0,E01,138Â 197Â 990,1.0,8.0,-1.0,1734337,2.0,7,,0.0,2.0,0.0,L01,138Â 197Â 973,1.0
1016020,201900057551,1,5,08:40,2,1,1,9.0,5.0,33143,AUTOROUTE A 10,M,"44,9566600"," -0,4508500",33,2019,130.0,1.0,7.0,1.0,2272262,4.0,2,1,1,0.0,,-1.0, -1,1979.0,E01,138Â 197Â 990,1.0,8.0,-1.0,1734338,2.0,7,,0.0,2.0,1.0,K01,138Â 197Â 975,1.0
1016020,201900057551,1,5,08:40,2,1,1,9.0,5.0,33143,AUTOROUTE A 10,M,"44,9566600"," -0,4508500",33,2019,130.0,1.0,7.0,1.0,2272262,4.0,2,1,1,0.0,,-1.0, -1,1979.0,E01,138Â 197Â 990,1.0,8.0,-1.0,1734339,2.0,7,,3.0,2.0,4.0,J01,138Â 197Â 977,1.0
1016020,201900057551,1,5,08:40,2,1,1,9.0,5.0,33143,AUTOROUTE A 10,M,"44,9566600"," -0,4508500",33,2019,130.0,1.0,7.0,1.0,2272262,4.0,2,1,1,0.0,,-1.0, -1,1979.0,E01,138Â 197Â 990,1.0,8.0,-1.0,1734340,2.0,7,,0.0,2.0,0.0,I01,138Â 197Â 980,1.0
1016020,201900057551,1,5,08:40,2,1,1,9.0,5.0,33143,AUTOROUTE A 10,M,"44,9566600"," -0,4508500",33,2019,130.0,1.0,7.0,1.0,2272262,4.0,2,1,1,0.0,,-1.0, -1,1979.0,E01,138Â 197Â 990,1.0,8.0,-1.0,1734341,2.0,10,,0.0,2.0,0.0,H01,138Â 197Â 982,1.0
1016020,201900057551,1,5,08:40,2,1,1,9.0,5.0,33143,AUTOROUTE A 10,M,"44,9566600"," -0,4508500",33,2019,130.0,1.0,7.0,1.0,2272262,4.0,2,1,1,0.0,,-1.0, -1,1979.0,E01,138Â 197Â 990,1.0,8.0,-1.0,1734342,2.0,7,,0.0,2.0,4.0,G01,138Â 197Â 984,1.0
1016020,201900057551,1,5,08:40,2,1,1,9.0,5.0,33143,AUTOROUTE A 10,M,"44,9566600"," -0,4508500",33,2019,130.0,1.0,7.0,1.0,2272262,4.0,2,1,1,0.0,,-1.0, -1,1979.0,E01,138Â 197Â 990,1.0,8.0,-1.0,1734343,2.0,7,,0.0,2.0,0.0,F01,138Â 197Â 989,2.0
1016020,201900057551,1,5,08:40,2,1,1,9.0,5.0,33143,AUTOROUTE A 10,M,"44,9566600"," -0,4508500",33,2019,130.0,1.0,7.0,1.0,2272262,4.0,2,1,1,0.0,,-1.0, -1,1979.0,E01,138Â 197Â 990,1.0,8.0,-1.0,1734344,2.0,7,,0.0,2.0,4.0,E01,138Â 197Â 990,1.0
1016020,201900057551,1,5,08:40,2,1,1,9.0,5.0,33143,AUTOROUTE A 10,M,"44,9566600"," -0,4508500",33,2019,130.0,1.0,7.0,1.0,2272262,4.0,2,1,1,0.0,,-1.0, -1,1979.0,E01,138Â 197Â 990,1.0,8.0,-1.0,1734345,2.0,7,,0.0,2.0,4.0,D01,138Â 197Â 991,1.0
1016020,201900057551,1,5,08:40,2,1,1,9.0,5.0,33143,AUTOROUTE A 10,M,"44,9566600"," -0,4508500",33,2019,130.0,1.0,7.0,1.0,2272262,4.0,2,1,1,0.0,,-1.0, -1,1979.0,E01,138Â 197Â 990,1.0,8.0,-1.0,1734346,2.0,7,,0.0,2.0,1.0,C01,138Â 197Â 992,1.0
1016020,201900057551,1,5,08:40,2,1,1,9.0,5.0,33143,AUTOROUTE A 10,M,"44,9566600"," -0,4508500",33,2019,130.0,1.0,7.0,1.0,2272262,4.0,2,1,1,0.0,,-1.0, -1,1979.0,E01,138Â 197Â 990,1.0,8.0,-1.0,1734347,2.0,17,,0.0,2.0,4.0,B01,138Â 197Â 994,1.0
1016020,201900057551,1,5,08:40,2,1,1,9.0,5.0,33143,AUTOROUTE A 10,M,"44,9566600"," -0,4508500",33,2019,130.0,1.0,7.0,1.0,2272262,4.0,2,1,1,0.0,,-1.0, -1,1979.0,E01,138Â 197Â 990,1.0,8.0,-1.0,1734348,2.0,7,,0.0,2.0,4.0,A01,138Â 197Â 995,1.0
1016020,201900057551,1,5,08:40,2,1,1,9.0,5.0,33143,AUTOROUTE A 10,M,"44,9566600"," -0,4508500",33,2019,130.0,1.0,7.0,1.0,2272263,2.0,2,1,1,0.0,,-1.0, -1,1980.0,E01,138Â 197Â 990,1.0,8.0,-1.0,1734337,2.0,7,,0.0,2.0,0.0,L01,138Â 197Â 973,1.0
1016020,201900057551,1,5,08:40,2,1,1,9.0,5.0,33143,AUTOROUTE A 10,M,"44,9566600"," -0,4508500",33,2019,130.0,1.0,7.0,1.0,2272263,2.0,2,1,1,0.0,,-1.0, -1,1980.0,E01,138Â 197Â 990,1.0,8.0,-1.0,1734338,2.0,7,,0.0,2.0,1.0,K01,138Â 197Â 975,1.0
1016020,201900057551,1,5,08:40,2,1,1,9.0,5.0,33143,AUTOROUTE A 10,M,"44,9566600"," -0,4508500",33,2019,130.0,1.0,7.0,1.0,2272263,2.0,2,1,1,0.0,,-1.0, -1,1980.0,E01,138Â 197Â 990,1.0,8.0,-1.0,1734339,2.0,7,,3.0,2.0,4.0,J01,138Â 197Â 977,1.0
1016020,201900057551,1,5,08:40,2,1,1,9.0,5.0,33143,AUTOROUTE A 10,M,"44,9566600"," -0,4508500",33,2019,130.0,1.0,7.0,1.0,2272263,2.0,2,1,1,0.0,,-1.0, -1,1980.0,E01,138Â 197Â 990,1.0,8.0,-1.0,1734340,2.0,7,,0.0,2.0,0.0,I01,138Â 197Â 980,1.0
1016020,201900057551,1,5,08:40,2,1,1,9.0,5.0,33143,AUTOROUTE A 10,M,"44,9566600"," -0,4508500",33,2019,130.0,1.0,7.0,1.0,2272263,2.0,2,1,1,0.0,,-1.0, -1,1980.0,E01,138Â 197Â 990,1.0,8.0,-1.0,1734341,2.0,10,,0.0,2.0,0.0,H01,138Â 197Â 982,1.0
1016020,201900057551,1,5,08:40,2,1,1,9.0,5.0,33143,AUTOROUTE A 10,M,"44,9566600"," -0,4508500",33,2019,130.0,1.0,7.0,1.0,2272263,2.0,2,1,1,0.0,,-1.0, -1,1980.0,E01,138Â 197Â 990,1.0,8.0,-1.0,1734342,2.0,7,,0.0,2.0,4.0,G01,138Â 197Â 984,1.0
1016020,201900057551,1,5,08:40,2,1,1,9.0,5.0,33143,AUTOROUTE A 10,M,"44,9566600"," -0,4508500",33,2019,130.0,1.0,7.0,1.0,2272263,2.0,2,1,1,0.0,,-1.0, -1,1980.0,E01,138Â 197Â 990,1.0,8.0,-1.0,1734343,2.0,7,,0.0,2.0,0.0,F01,138Â 197Â 989,2.0
1016020,201900057551,1,5,08:40,2,1,1,9.0,5.0,33143,AUTOROUTE A 10,M,"44,9566600"," -0,4508500",33,2019,130.0,1.0,7.0,1.0,2272263,2.0,2,1,1,0.0,,-1.0, -1,1980.0,E01,138Â 197Â 990,1.0,8.0,-1.0,1734344,2.0,7,,0.0,2.0,4.0,E01,138Â 197Â 990,1.0
1016020,201900057551,1,5,08:40,2,1,1,9.0,5.0,33143,AUTOROUTE A 10,M,"44,9566600"," -0,4508500",33,2019,130.0,1.0,7.0,1.0,2272263,2.0,2,1,1,0.0,,-1.0, -1,1980.0,E01,138Â 197Â 990,1.0,8.0,-1.0,1734345,2.0,7,,0.0,2.0,4.0,D01,138Â 197Â 991,1.0
1016020,201900057551,1,5,08:40,2,1,1,9.0,5.0,33143,AUTOROUTE A 10,M,"44,9566600"," -0,4508500",33,2019,130.0,1.0,7.0,1.0,2272263,2.0,2,1,1,0.0,,-1.0, -1,1980.0,E01,138Â 197Â 990,1.0,8.0,-1.0,1734346,2.0,7,,0.0,2.0,1.0,C01,138Â 197Â 992,1.0
1016020,201900057551,1,5,08:40,2,1,1,9.0,5.0,33143,AUTOROUTE A 10,M,"44,9566600"," -0,4508500",33,2019,130.0,1.0,7.0,1.0,2272263,2.0,2,1,1,0.0,,-1.0, -1,1980.0,E01,138Â 197Â 990,1.0,8.0,-1.0,1734347,2.0,17,,0.0,2.0,4.0,B01,138Â 197Â 994,1.0
1016020,201900057551,1,5,08:40,2,1,1,9.0,5.0,33143,AUTOROUTE A 10,M,"44,9566600"," -0,4508500",33,2019,130.0,1.0,7.0,1.0,2272263,2.0,2,1,1,0.0,,-1.0, -1,1980.0,E01,138Â 197Â 990,1.0,8.0,-1.0,1734348,2.0,7,,0.0,2.0,4.0,A01,138Â 197Â 995,1.0
1016020,201900057551,1,5,08:40,2,1,1,9.0,5.0,33143,AUTOROUTE A 10,M,"44,9566600"," -0,4508500",33,2019,130.0,1.0,7.0,1.0,2272264,1.0,1,1,1,1.0,,-1.0, -1,1973.0,E01,138Â 197Â 990,1.0,8.0,-1.0,1734337,2.0,7,,0.0,2.0,0.0,L01,138Â 197Â 973,1.0
1016020,201900057551,1,5,08:40,2,1,1,9.0,5.0,33143,AUTOROUTE A 10,M,"44,9566600"," -0,4508500",33,2019,130.0,1.0,7.0,1.0,2272264,1.0,1,1,1,1.0,,-1.0, -1,1973.0,E01,138Â 197Â 990,1.0,8.0,-1.0,1734338,2.0,7,,0.0,2.0,1.0,K01,138Â 197Â 975,1.0
1016020,201900057551,1,5,08:40,2,1,1,9.0,5.0,33143,AUTOROUTE A 10,M,"44,9566600"," -0,4508500",33,2019,130.0,1.0,7.0,1.0,2272264,1.0,1,1,1,1.0,,-1.0, -1,1973.0,E01,138Â 197Â 990,1.0,8.0,-1.0,1734339,2.0,7,,3.0,2.0,4.0,J01,138Â 197Â 977,1.0
1016020,201900057551,1,5,08:40,2,1,1,9.0,5.0,33143,AUTOROUTE A 10,M,"44,9566600"," -0,4508500",33,2019,130.0,1.0,7.0,1.0,2272264,1.0,1,1,1,1.0,,-1.0, -1,1973.0,E01,138Â 197Â 990,1.0,8.0,-1.0,1734340,2.0,7,,0.0,2.0,0.0,I01,138Â 197Â 980,1.0
1016020,201900057551,1,5,08:40,2,1,1,9.0,5.0,33143,AUTOROUTE A 10,M,"44,9566600"," -0,4508500",33,2019,130.0,1.0,7.0,1.0,2272264,1.0,1,1,1,1.0,,-1.0, -1,1973.0,E01,138Â 197Â 990,1.0,8.0,-1.0,1734341,2.0,10,,0.0,2.0,0.0,H01,138Â 197Â 982,1.0