Unnamed: 0_x,num_acc,mois,jour,hrmn,lum,agg,int,atm,col,com,adr,gps,lat,long,dep,annee,vma,situ,surf,catr,Unnamed: 0_y,place,catu,grav,sexe,trajet,secu,locp,actp,an_nais,num_veh_x,id_vehicule_x,secu1,secu2,secu3,Unnamed: 0,senc,catv,occutc,obs,obsm,choc,num_veh_y,id_vehicule_y,motor
1016020,201900057551,1,5,08:40,2,1,1,9.0,5.0,33143,AUTOROUTE A 10,M,"44,9566600"," -0,4508500",33,2019,130.0,1.0,7.0,1.0,2272270,1.0,1,1,1,4.0,,-1.0, -1,1960.0,B01,138Â 197Â 994,1.0,8.0,-1.0,1734347,2.0,17,,0.0,2.0,4.0,B01,138Â 197Â 994,1.0
1016020,201900057551,1,5,08:40,2,1,1,9.0,5.0,33143,AUTOROUTE A 10,M,"44,9566600"," -0,4508500",33,2019,130.0,1.0,7.0,1.0,2272270,1.0,1,1,1,4.0,,-1.0, -1,1960.0,B01,138Â 197Â 994,1.0,8.0,-1.0,1734348,2.0,7,,0.0,2.0,4.0,A01,138Â 197Â 995,1.0
1016020,201900057551,1,5,08:40,2,1,1,9.0,5.0,33143,AUTOROUTE A 10,M,"44,9566600"," -0,4508500",33,2019,130.0,1.0,7.0,1.0,2272271,3.0,2,4,1,5.0,,-1.0, -1,2014.0,A01,138Â 197Â 995,1.0,8.0,-1.0,1734337,2.0,7,,0.0,2.0,0.0,L01,138Â 197Â 973,1.0
1016020,201900057551,1,5,08:40,2,1,1,9.0,5.0,33143,AUTOROUTE A 10,M,"44,9566600"," -0,4508500",33,2019,130.0,1.0,7.0,1.0,2272271,3.0,2,4,1,5.0,,-1.0, -1,2014.0,A01,138Â 197Â 995,1.0,8.0,-1.0,1734338,2.0,7,,0.0,2.0,1.0,K01,138Â 197Â 975,1.0
1016020,201900057551,1,5,08:40,2,1,1,9.0,5.0,33143,AUTOROUTE A 10,M,"44,9566600"," -0,4508500",33,2019,130.0,1.0,7.0,1.0,2272271,3.0,2,4,1,5.0,,-1.0, -1,2014.0,A01,138Â 197Â 995,1.0,8.0,-1.0,1734339,2.0,7,,3.0,2.0,4.0,J01,138Â 197Â 977,1.0
1016020,201900057551,1,5,08:40,2,1,1,9.0,5.0,33143,AUTOROUTE A 10,M,"44,9566600"," -0,4508500",33,2019,130.0,1.0,7.0,1.0,2272271,3.0,2,4,1,5.0,,-1.0, -1,2014.0,A01,138Â 197Â 995,1.0,8.0,-1.0,1734340,2.0,7,,0.0,2.0,0.0,I01,138Â 197Â 980,1.0
1016020,201900057551,1,5,08:40,2,1,1,9.0,5.0,33143,AUTOROUTE A 10,M,"44,9566600"," -0,4508500",33,2019,130.0,1.0,7.0,1.0,2272271,3.0,2,4,1,5.0,,-1.0, -1,2014.0,A01,138Â 197Â 995,1.0,8.0,-1.0,1734341,2.0,10,,0.0,2.0,0.0,H01,138Â 197Â 982,1.0
1016020,201900057551,1,5,08:40,2,1,1,9.0,5.0,33143,AUTOROUTE A 10,M,"44,9566600"," -0,4508500",33,2019,130.0,1.0,7.0,1.0,2272271,3.0,2,4,1,5.0,,-1.0, -1,2014.0,A01,138Â 197Â 995,1.0,8.0,-1.0,1734342,2.0,7,,0.0,2.0,4.0,G01,138Â 197Â 984,1.0
1016020,201900057551,1,5,08:40,2,1,1,9.0,5.0,33143,AUTOROUTE A 10,M,"44,9566600"," -0,4508500",33,2019,130.0,1.0,7.0,1.0,2272271,3.0,2,4,1,5.0,,-1.0, -1,2014.0,A01,138Â 197Â 995,1.0,8.0,-1.0,1734343,2.0,7,,0.0,2.0,0.0,F01,138Â 197Â 989,2.0
1016020,201900057551,1,5,08:40,2,1,1,9.0,5.0,33143,AUTOROUTE A 10,M,"44,9566600"," -0,4508500",33,2019,130.0,1.0,7.0,1.0,2272271,3.0,2,4,1,5.0,,-1.0, -1,2014.0,A01,138Â 197Â 995,1.0,8.0,-1.0,1734344,2.0,7,,0.0,2.0,4.0,E01,138Â 197Â 990,1.0
1016020,201900057551,1,5,08:40,2,1,1,9.0,5.0,33143,AUTOROUTE A 10,M,"44,9566600"," -0,4508500",33,2019,130.0,1.0,7.0,1.0,2272271,3.0,2,4,1,5.0,,-1.0, -1,2014.0,A01,138Â 197Â 995,1.0,8.0,-1.0,1734345,2.0,7,,0.0,2.0,4.0,D01,138Â 197Â 991,1.0
1016020,201900057551,1,5,08:40,2,1,1,9.0,5.0,33143,AUTOROUTE A 10,M,"44,9566600"," -0,4508500",33,2019,130.0,1.0,7.0,1.0,2272271,3.0,2,4,1,5.0,,-1.0, -1,2014.0,A01,138Â 197Â 995,1.0,8.0,-1.0,1734346,2.0,7,,0.0,2.0,1.0,C01,138Â 197Â 992,1.0
1016020,201900057551,1,5,08:40,2,1,1,9.0,5.0,33143,AUTOROUTE A 10,M,"44,9566600"," -0,4508500",33,2019,130.0,1.0,7.0,1.0,2272271,3.0,2,4,1,5.0,,-1.0, -1,2014.0,A01,138Â 197Â 995,1.0,8.0,-1.0,1734347,2.0,17,,0.0,2.0,4.0,B01,138Â 197Â 994,1.0
1016020,201900057551,1,5,08:40,2,1,1,9.0,5.0,33143,AUTOROUTE A 10,M,"44,9566600"," -0,4508500",33,2019,130.0,1.0,7.0,1.0,2272271,3.0,2,4,1,5.0,,-1.0, -1,2014.0,A01,138Â 197Â 995,1.0,8.0,-1.0,1734348,2.0,7,,0.0,2.0,4.0,A01,138Â 197Â 995,1.0
1016020,201900057551,1,5,08:40,2,1,1,9.0,5.0,33143,AUTOROUTE A 10,M,"44,9566600"," -0,4508500",33,2019,130.0,1.0,7.0,1.0,2272272,2.0,2,4,1,5.0,,-1.0, -1,2006.0,A01,138Â 197Â 995,1.0,0.0,-1.0,1734337,2.0,7,,0.0,2.0,0.0,L01,138Â 197Â 973,1.0
1016020,201900057551,1,5,08:40,2,1,1,9.0,5.0,33143,AUTOROUTE A 10,M,"44,9566600"," -0,4508500",33,2019,130.0,1.0,7.0,1.0,2272272,2.0,2,4,1,5.0,,-1.0, -1,2006.0,A01,138Â 197Â 995,1.0,0.0,-1.0,1734338,2.0,7,,0.0,2.0,1.0,K01,138Â 197Â 975,1.0
1016020,201900057551,1,5,08:40,2,1,1,9.0,5.0,33143,AUTOROUTE A 10,M,"44,9566600"," -0,4508500",33,2019,130.0,1.0,7.0,1.0,2272272,2.0,2,4,1,5.0,,-1.0, -1,2006.0,A01,138Â 197Â 995,1.0,0.0,-1.0,1734339,2.0,7,,3.0,2.0,4.0,J01,138Â 197Â 977,1.0
1016020,201900057551,1,5,08:40,2,1,1,9.0,5.0,33143,AUTOROUTE A 10,M,"44,9566600"," -0,4508500",33,2019,130.0,1.0,7.0,1.0,2272272,2.0,2,4,1,5.0,,-1.0, -1,2006.0,A01,138Â 197Â 995,1.0,0.0,-1.0,1734340,2.0,7,,0.0,2.0,0.0,I01,138Â 197Â 980,1.0
1016020,201900057551,1,5,08:40,2,1,1,9.0,5.0,33143,AUTOROUTE A 10,M,"44,9566600"," -0,4508500",33,2019,130.0,1.0,7.0,1.0,2272272,2.0,2,4,1,5.0,,-1.0, -1,2006.0,A01,138Â 197Â 995,1.0,0.0,-1.0,1734341,2.0,10,,0.0,2.0,0.0,H01,138Â 197Â 982,1.0
1016020,201900057551,1,5,08:40,2,1,1,9.0,5.0,33143,AUTOROUTE A 10,M,"44,9566600"," -0,4508500",33,2019,130.0,1.0,7.0,1.0,2272272,2.0,2,4,1,5.0,,-1.0, -1,2006.0,A01,138Â 197Â 995,1.0,0.0,-1.0,1734342,2.0,7,,0.0,2.0,4.0,G01,138Â 197Â 984,1.0
1016020,201900057551,1,5,08:40,2,1,1,9.0,5.0,33143,AUTOROUTE A 10,M,"44,9566600"," -0,4508500",33,2019,130.0,1.0,7.0,1.0,2272272,2.0,2,4,1,5.0,,-1.0, -1,2006.0,A01,138Â 197Â 995,1.0,0.0,-1.0,1734343,2.0,7,,0.0,2.0,0.0,F01,138Â 197Â 989,2.0
1016020,201900057551,1,5,08:40,2,1,1,9.0,5.0,33143,AUTOROUTE A 10,M,"44,9566600"," -0,4508500",33,2019,130.0,1.0,7.0,1.0,2272272,2.0,2,4,1,5.0,,-1.0, -1,2006.0,A01,138Â 197Â 995,1.0,0.0,-1.0,1734344,2.0,7,,0.0,2.0,4.0,E01,138Â 197Â 990,1.0
1016020,201900057551,1,5,08:40,2,1,1,9.0,5.0,33143,AUTOROUTE A 10,M,"44,9566600"," -0,4508500",33,2019,130.0,1.0,7.0,1.0,2272272,2.0,2,4,1,5.0,,-1.0, -1,2006.0,A01,138Â 197Â 995,1.0,0.0,-1.0,1734345,2.0,7,,0.0,2.0,4.0,D01,138Â 197Â 991,1.0
1016020,201900057551,1,5,08:40,2,1,1,9.0,5.0,33143,AUTOROUTE A 10,M,"44,9566600"," -0,4508500",33,2019,130.0,1.0,7.0,1.0,2272272,2.0,2,4,1,5.0,,-1.0, -1,2006.0,A01,138Â 197Â 995,1.0,0.0,-1.0,1734346,2.0,7,,0.0,2.0,1.0,C01,138Â 197Â 992,1.0
1016020,201900057551,1,5,08:40,2,1,1,9.0,5.0,33143,AUTOROUTE A 10,M,"44,9566600"," -0,4508500",33,2019,130.0,1.0,7.0,1.0,2272272,2.0,2,4,1,5.0,,-1.0, -1,2006.0,A01,138Â 197Â 995,1.0,0.0,-1.0,1734347,2.0,17,,0.0,2.0,4.0,B01,138Â 197Â 994,1.0
1016020,201900057551,1,5,08:40,2,1,1,9.0,5.0,33143,AUTOROUTE A 10,M,"44,9566600"," -0,4508500",33,2019,130.0,1.0,7.0,1.0,2272272,2.0,2,4,1,5.0,,-1.0, -1,2006.0,A01,138Â 197Â 995,1.0,0.0,-1.0,1734348,2.0,7,,0.0,2.0,4.0,A01,138Â 197Â 995,1.0
1016020,201900057551,1,5,08:40,2,1,1,9.0,5.0,33143,AUTOROUTE A 10,M,"44,9566600"," -0,4508500",33,2019,130.0,1.0,7.0,1.0,2272273,1.0,1,4,1,5.0,,-1.0, -1,1984.0,A01,138Â 197Â 995,1.0,8.0,-1.0,1734337,2.0,7,,0.0,2.0,0.0,L01,138Â 197Â 973,1.0
1016020,201900057551,1,5,08:40,2,1,1,9.0,5.0,33143,AUTOROUTE A 10,M,"44,9566600"," -0,4508500",33,2019,130.0,1.0,7.0,1.0,2272273,1.0,1,4,1,5.0,,-1.0, -1,1984.0,A01,138Â 197Â 995,1.0,8.0,-1.0,1734338,2.0,7,,0.0,2.0,1.0,K01,138Â 197Â 975,1.0
1016020,201900057551,1,5,08:40,2,1,1,9.0,5.0,33143,AUTOROUTE A 10,M,"44,9566600"," -0,4508500",33,2019,130.0,1.0,7.0,1.0,2272273,1.0,1,4,1,5.0,,-1.0, -1,1984.0,A01,138Â 197Â 995,1.0,8.0,-1.0,1734339,2.0,7,,3.0,2.0,4.0,J01,138Â 197Â 977,1.0
1016020,201900057551,1,5,08:40,2,1,1,9.0,5.0,33143,AUTOROUTE A 10,M,"44,9566600"," -0,4508500",33,2019,130.0,1.0,7.0,1.0,2272273,1.0,1,4,1,5.0,,-1.0, -1,1984.0,A01,138Â 197Â 995,1.0,8.0,-1.0,1734340,2.0,7,,0.0,2.0,0.0,I01,138Â 197Â 980,1.0
1016020,201900057551,1,5,08:40,2,1,1,9.0,5.0,33143,AUTOROUTE A 10,M,"44,9566600"," -0,4508500",33,2019,130.0,1.0,7.0,1.0,2272273,1.0,1,4,1,5.0,,-1.0, -1,1984.0,A01,138Â 197Â 995,1.0,8.0,-1.0,1734341,2.0,10,,0.0,2.0,0.0,H01,138Â 197Â 982,1.0
1016020,201900057551,1,5,08:40,2,1,1,9.0,5.0,33143,AUTOROUTE A 10,M,"44,9566600"," -0,4508500",33,2019,130.0,1.0,7.0,1.0,2272273,1.0,1,4,1,5.0,,-1.0, -1,1984.0,A01,138Â 197Â 995,1.0,8.0,-1.0,1734342,2.0,7,,0.0,2.0,4.0,G01,138Â 197Â 984,1.0
1016020,201900057551,1,5,08:40,2,1,1,9.0,5.0,33143,AUTOROUTE A 10,M,"44,9566600"," -0,4508500",33,2019,130.0,1.0,7.0,1.0,2272273,1.0,1,4,1,5.0,,-1.0, -1,1984.0,A01,138Â 197Â 995,1.0,8.0,-1.0,1734343,2.0,7,,0.0,2.0,0.0,F01,138Â 197Â 989,2.0
1016020,201900057551,1,5,08:40,2,1,1,9.0,5.0,33143,AUTOROUTE A 10,M,"44,9566600"," -0,4508500",33,2019,130.0,1.0,7.0,1.0,2272273,1.0,1,4,1,5.0,,-1.0, -1,1984.0,A01,138Â 197Â 995,1.0,8.0,-1.0,1734344,2.0,7,,0.0,2.0,4.0,E01,138Â 197Â 990,1.0
1016020,201900057551,1,5,08:40,2,1,1,9.0,5.0,33143,AUTOROUTE A 10,M,"44,9566600"," -0,4508500",33,2019,130.0,1.0,7.0,1.0,2272273,1.0,1,4,1,5.0,,-1.0, -1,1984.0,A01,138Â 197Â 995,1.0,8.0,-1.0,1734345,2.0,7,,0.0,2.0,4.0,D01,138Â 197Â 991,1.0
1016020,201900057551,1,5,08:40,2,1,1,9.0,5.0,33143,AUTOROUTE A 10,M,"44,9566600"," -0,4508500",33,2019,130.0,1.0,7.0,1.0,2272273,1.0,1,4,1,5.0,,-1.0, -1,1984.0,A01,138Â 197Â 995,1.0,8.0,-1.0,1734346,2.0,7,,0.0,2.0,1.0,C01,138Â 197Â 992,1.0
1016020,201900057551,1,5,08:40,2,1,1,9.0,5.0,33143,AUTOROUTE A 10,M,"44,9566600"," -0,4508500",33,2019,130.0,1.0,7.0,1.0,2272273,1.0,1,4,1,5.0,,-1.0, -1,1984.0,A01,138Â 197Â 995,1.0,8.0,-1.0,1734347,2.0,17,,0.0,2.0,4.0,B01,138Â 197Â 994,1.0
1016020,201900057551,1,5,08:40,2,1,1,9.0,5.0,33143,AUTOROUTE A 10,M,"44,9566600"," -0,4508500",33,2019,130.0,1.0,7.0,1.0,2272273,1.0,1,4,1,5.0,,-1.0, -1,1984.0,A01,138Â 197Â 995,1.0,8.0,-1.0,1734348,2.0,7,,0.0,2.0,4.0,A01,138Â 197Â 995,1.0
1016021,201900057552,2,15,20:20,5,2,2,1.0,3.0,75107,AVENUE DE LOWENDAL,M,"48,8526900","2,3085880",75,2019,50.0,1.0,1.0,4.0,2272274,1.0,1,1,2,5.0,,0.0,0,1996.0,A01,138Â 197Â 971,1.0,0.0,-1.0,1734349,1.0,7,,0.0,2.0,3.0,A01,138Â 197Â 971,1.0
1016021,201900057552,2,15,20:20,5,2,2,1.0,3.0,75107,AVENUE DE LOWENDAL,M,"48,8526900","2,3085880",75,2019,50.0,1.0,1.0,4.0,2272274,1.0,1,1,2,5.0,,0.0,0,1996.0,A01,138Â 197Â 971,1.0,0.0,-1.0,1734350,2.0,30,,0.0,2.0,1.0,B01,138Â 197Â 972,1.0
1016021,201900057552,2,15,20:20,5,2,2,1.0,3.0,75107,AVENUE DE LOWENDAL,M,"48,8526900","2,3085880",75,2019,50.0,1.0,1.0,4.0,2272275,1.0,1,4,2,5.0,,0.0,0,1987.0,B01,138Â 197Â 972,2.0,6.0,-1.0,1734349,1.0,7,,0.0,2.0,3.0,A01,138Â 197Â 971,1.0
1016021,201900057552,2,15,20:20,5,2,2,1.0,3.0,75107,AVENUE DE LOWENDAL,M,"48,8526900","2,3085880",75,2019,50.0,1.0,1.0,4.0,2272275,1.0,1,4,2,5.0,,0.0,0,1987.0,B01,138Â 197Â 972,2.0,6.0,-1.0,1734350,2.0,30,,0.0,2.0,1.0,B01,138Â 197Â 972,1.0
1016022,201900057553,3,18,16:32,1,2,6,1.0,2.0,67130,place de l'Obertor,M,"48,4211980","7,6577150",67,2019,-1.0,1.0,1.0,4.0,2272276,1.0,1,4,2,3.0,,0.0,0,1968.0,B01,138Â 197Â 969,1.0,-1.0,-1.0,1734351,3.0,7,,0.0,0.0,4.0,B01,138Â 197Â 969,1.0
1016022,201900057553,3,18,16:32,1,2,6,1.0,2.0,67130,place de l'Obertor,M,"48,4211980","7,6577150",67,2019,-1.0,1.0,1.0,4.0,2272276,1.0,1,4,2,3.0,,0.0,0,1968.0,B01,138Â 197Â 969,1.0,-1.0,-1.0,1734352,3.0,7,,0.0,2.0,1.0,A01,138Â 197Â 970,1.0
1016022,201900057553,3,18,16:32,1,2,6,1.0,2.0,67130,place de l'Obertor,M,"48,4211980","7,6577150",67,2019,-1.0,1.0,1.0,4.0,2272277,1.0,1,1,2,0.0,,0.0,0,1970.0,A01,138Â 197Â 970,1.0,-1.0,-1.0,1734351,3.0,7,,0.0,0.0,4.0,B01,138Â 197Â 969,1.0
1016022,201900057553,3,18,16:32,1,2,6,1.0,2.0,67130,place de l'Obertor,M,"48,4211980","7,6577150",67,2019,-1.0,1.0,1.0,4.0,2272277,1.0,1,1,2,0.0,,0.0,0,1970.0,A01,138Â 197Â 970,1.0,-1.0,-1.0,1734352,3.0,7,,0.0,2.0,1.0,A01,138Â 197Â 970,1.0
1016023,201900057554,5,19,15:05,1,1,1,2.0,7.0,13097,RN 568 - PR 16300,M,"43,5454975","4,8124361",13,2019,110.0,8.0,2.0,2.0,2272278,2.0,2,3,1,5.0,,0.0,0,1974.0,A01,138Â 197Â 987,1.0,-1.0,-1.0,1734353,1.0,7,,0.0,0.0,9.0,A01,138Â 197Â 987,1.0
1016023,201900057554,5,19,15:05,1,1,1,2.0,7.0,13097,RN 568 - PR 16300,M,"43,5454975","4,8124361",13,2019,110.0,8.0,2.0,2.0,2272279,1.0,1,3,1,5.0,,0.0,0,1990.0,A01,138Â 197Â 987,1.0,-1.0,-1.0,1734353,1.0,7,,0.0,0.0,9.0,A01,138Â 197Â 987,1.0
1016024,201900057555,10,25,12:10,1,1,1,6.0,7.0,29290,Rue des Fontaines,M,"48,5512420"," -4,5326710",29,2019,80.0,1.0,2.0,3.0,2272280,1.0,1,3,2,1.0,,0.0,0,1970.0,A01,138Â 197Â 986,1.0,-1.0,-1.0,1734354,1.0,7,,13.0,0.0,3.0,A01,138Â 197Â 986,1.0
1016025,201900057556,1,5,08:40,2,1,1,9.0,4.0,33143,AUTOROUTE A 10,M,"44,9649900"," -0,4400300",33,2019,130.0,1.0,7.0,1.0,2272281,1.0,1,4,2,1.0,,-1.0, -1,1998.0,A01,138Â 197Â 964,1.0,8.0,-1.0,1734355,2.0,7,,0.0,2.0,1.0,A01,138Â 197Â 964,1.0
1016025,201900057556,1,5,08:40,2,1,1,9.0,4.0,33143,AUTOROUTE A 10,M,"44,9649900"," -0,4400300",33,2019,130.0,1.0,7.0,1.0,2272281,1.0,1,4,2,1.0,,-1.0, -1,1998.0,A01,138Â 197Â 964,1.0,8.0,-1.0,1734356,2.0,7,,0.0,2.0,4.0,B01,138Â 197Â 966,1.0
1016025,201900057556,1,5,08:40,2,1,1,9.0,4.0,33143,AUTOROUTE A 10,M,"44,9649900"," -0,4400300",33,2019,130.0,1.0,7.0,1.0,2272281,1.0,1,4,2,1.0,,-1.0, -1,1998.0,A01,138Â 197Â 964,1.0,8.0,-1.0,1734357,2.0,7,,0.0,2.0,4.0,C01,138Â 197Â 968,1.0
1016025,201900057556,1,5,08:40,2,1,1,9.0,4.0,33143,AUTOROUTE A 10,M,"44,9649900"," -0,4400300",33,2019,130.0,1.0,7.0,1.0,2272282,2.0,2,1,2,5.0,,-1.0, -1,1973.0,B01,138Â 197Â 966,1.0,8.0,-1.0,1734355,2.0,7,,0.0,2.0,1.0,A01,138Â 197Â 964,1.0
1016025,201900057556,1,5,08:40,2,1,1,9.0,4.0,33143,AUTOROUTE A 10,M,"44,9649900"," -0,4400300",33,2019,130.0,1.0,7.0,1.0,2272282,2.0,2,1,2,5.0,,-1.0, -1,1973.0,B01,138Â 197Â 966,1.0,8.0,-1.0,1734356,2.0,7,,0.0,2.0,4.0,B01,138Â 197Â 966,1.0
1016025,201900057556,1,5,08:40,2,1,1,9.0,4.0,33143,AUTOROUTE A 10,M,"44,9649900"," -0,4400300",33,2019,130.0,1.0,7.0,1.0,2272282,2.0,2,1,2,5.0,,-1.0, -1,1973.0,B01,138Â 197Â 966,1.0,8.0,-1.0,1734357,2.0,7,,0.0,2.0,4.0,C01,138Â 197Â 968,1.0
1016025,201900057556,1,5,08:40,2,1,1,9.0,4.0,33143,AUTOROUTE A 10,M,"44,9649900"," -0,4400300",33,2019,130.0,1.0,7.0,1.0,2272283,3.0,2,3,2,5.0,,-1.0, -1,2006.0,B01,138Â 197Â 966,1.0,8.0,-1.0,1734355,2.0,7,,0.0,2.0,1.0,A01,138Â 197Â 964,1.0
1016025,201900057556,1,5,08:40,2,1,1,9.0,4.0,33143,AUTOROUTE A 10,M,"44,9649900"," -0,4400300",33,2019,130.0,1.0,7.0,1.0,2272283,3.0,2,3,2,5.0,,-1.0, -1,2006.0,B01,138Â 197Â 966,1.0,8.0,-1.0,1734356,2.0,7,,0.0,2.0,4.0,B01,138Â 197Â 966,1.0
1016025,201900057556,1,5,08:40,2,1,1,9.0,4.0,33143,AUTOROUTE A 10,M,"44,9649900"," -0,4400300",33,2019,130.0,1.0,7.0,1.0,2272283,3.0,2,3,2,5.0,,-1.0, -1,2006.0,B01,138Â 197Â 966,1.0,8.0,-1.0,1734357,2.0,7,,0.0,2.0,4.0,C01,138Â 197Â 968,1.0
1016025,201900057556,1,5,08:40,2,1,1,9.0,4.0,33143,AUTOROUTE A 10,M,"44,9649900"," -0,4400300",33,2019,130.0,1.0,7.0,1.0,2272284,4.0,2,1,2,5.0,,-1.0, -1,2004.0,B01,138Â 197Â 966,1.0,8.0,-1.0,1734355,2.0,7,,0.0,2.0,1.0,A01,138Â 197Â 964,1.0
1016025,201900057556,1,5,08:40,2,1,1,9.0,4.0,33143,AUTOROUTE A 10,M,"44,9649900"," -0,4400300",33,2019,130.0,1.0,7.0,1.0,2272284,4.0,2,1,2,5.0,,-1.0, -1,2004.0,B01,138Â 197Â 966,1.0,8.0,-1.0,1734356,2.0,7,,0.0,2.0,4.0,B01,138Â 197Â 966,1.0
1016025,201900057556,1,5,08:40,2,1,1,9.0,4.0,33143,AUTOROUTE A 10,M,"44,9649900"," -0,4400300",33,2019,130.0,1.0,7.0,1.0,2272284,4.0,2,1,2,5.0,,-1.0, -1,2004.0,B01,138Â 197Â 966,1.0,8.0,-1.0,1734357,2.0,7,,0.0,2.0,4.0,C01,138Â 197Â 968,1.0
1016025,201900057556,1,5,08:40,2,1,1,9.0,4.0,33143,AUTOROUTE A 10,M,"44,9649900"," -0,4400300",33,2019,130.0,1.0,7.0,1.0,2272285,1.0,1,4,1,5.0,,-1.0, -1,1956.0,B01,138Â 197Â 966,1.0,8.0,-1.0,1734355,2.0,7,,0.0,2.0,1.0,A01,138Â 197Â 964,1.0
1016025,201900057556,1,5,08:40,2,1,1,9.0,4.0,33143,AUTOROUTE A 10,M,"44,9649900"," -0,4400300",33,2019,130.0,1.0,7.0,1.0,2272285,1.0,1,4,1,5.0,,-1.0, -1,1956.0,B01,138Â 197Â 966,1.0,8.0,-1.0,1734356,2.0,7,,0.0,2.0,4.0,B01,138Â 197Â 966,1.0
1016025,201900057556,1,5,08:40,2,1,1,9.0,4.0,33143,AUTOROUTE A 10,M,"44,9649900"," -0,4400300",33,2019,130.0,1.0,7.0,1.0,2272285,1.0,1,4,1,5.0,,-1.0, -1,1956.0,B01,138Â 197Â 966,1.0,8.0,-1.0,1734357,2.0,7,,0.0,2.0,4.0,C01,138Â 197Â 968,1.0
1016025,201900057556,1,5,08:40,2,1,1,9.0,4.0,33143,AUTOROUTE A 10,M,"44,9649900"," -0,4400300",33,2019,130.0,1.0,7.0,1.0,2272286,2.0,2,1,2,5.0,,-1.0, -1,1980.0,C01,138Â 197Â 968,1.0,8.0,-1.0,1734355,2.0,7,,0.0,2.0,1.0,A01,138Â 197Â 964,1.0
1016025,201900057556,1,5,08:40,2,1,1,9.0,4.0,33143,AUTOROUTE A 10,M,"44,9649900"," -0,4400300",33,2019,130.0,1.0,7.0,1.0,2272286,2.0,2,1,2,5.0,,-1.0, -1,1980.0,C01,138Â 197Â 968,1.0,8.0,-1.0,1734356,2.0,7,,0.0,2.0,4.0,B01,138Â 197Â 966,1.0
1016025,201900057556,1,5,08:40,2,1,1,9.0,4.0,33143,AUTOROUTE A 10,M,"44,9649900"," -0,4400300",33,2019,130.0,1.0,7.0,1.0,2272286,2.0,2,1,2,5.0,,-1.0, -1,1980.0,C01,138Â 197Â 968,1.0,8.0,-1.0,1734357,2.0,7,,0.0,2.0,4.0,C01,138Â 197Â 968,1.0
1016025,201900057556,1,5,08:40,2,1,1,9.0,4.0,33143,AUTOROUTE A 10,M,"44,9649900"," -0,4400300",33,2019,130.0,1.0,7.0,1.0,2272287,1.0,1,1,1,5.0,,-1.0, -1,1974.0,C01,138Â 197Â 968,1.0,0.0,-1.0,1734355,2.0,7,,0.0,2.0,1.0,A01,138Â 197Â 964,1.0
1016025,201900057556,1,5,08:40,2,1,1,9.0,4.0,33143,AUTOROUTE A 10,M,"44,9649900"," -0,4400300",33,2019,130.0,1.0,7.0,1.0,2272287,1.0,1,1,1,5.0,,-1.0, -1,1974.0,C01,138Â 197Â 968,1.0,0.0,-1.0,1734356,2.0,7,,0.0,2.0,4.0,B01,138Â 197Â 966,1.0
1016025,201900057556,1,5,08:40,2,1,1,9.0,4.0,33143,AUTOROUTE A 10,M,"44,9649900"," -0,4400300",33,2019,130.0,1.0,7.0,1.0,2272287,1.0,1,1,1,5.0,,-1.0, -1,1974.0,C01,138Â 197Â 968,1.0,0.0,-1.0,1734357,2.0,7,,0.0,2.0,4.0,C01,138Â 197Â 968,1.0
1016026,201900057557,2,14,08:54,1,2,2,1.0,3.0,75107,AVENUE DU MARECHAL GALLIENI,M,"48,8628470","2,3134430",75,2019,50.0,1.0,1.0,4.0,2272288,1.0,1,1,1,4.0,,0.0,0,1974.0,A01,138Â 197Â 965,1.0,0.0,-1.0,1734358,1.0,7,,0.0,2.0,7.0,A01,138Â 197Â 965,1.0
1016026,201900057557,2,14,08:54,1,2,2,1.0,3.0,75107,AVENUE DU MARECHAL GALLIENI,M,"48,8628470","2,3134430",75,2019,50.0,1.0,1.0,4.0,2272288,1.0,1,1,1,4.0,,0.0,0,1974.0,A01,138Â 197Â 965,1.0,0.0,-1.0,1734359,2.0,33,,0.0,2.0,0.0,B01,138Â 197Â 967,1.0
1016026,201900057557,2,14,08:54,1,2,2,1.0,3.0,75107,AVENUE DU MARECHAL GALLIENI,M,"48,8628470","2,3134430",75,2019,50.0,1.0,1.0,4.0,2272289,1.0,1,4,1,0.0,,0.0,0,1968.0,B01,138Â 197Â 967,2.0,6.0,-1.0,1734358,1.0,7,,0.0,2.0,7.0,A01,138Â 197Â 965,1.0
1016026,201900057557,2,14,08:54,1,2,2,1.0,3.0,75107,AVENUE DU MARECHAL GALLIENI,M,"48,8628470","2,3134430",75,2019,50.0,1.0,1.0,4.0,2272289,1.0,1,4,1,0.0,,0.0,0,1968.0,B01,138Â 197Â 967,2.0,6.0,-1.0,1734359,2.0,33,,0.0,2.0,0.0,B01,138Â 197Â 967,1.0
1016027,201900057558,3,27,17:20,1,2,1,1.0,7.0,03286,17 avenue de la Vivert,M,"46,5149260","3,3623180",3,2019,50.0,4.0,1.0,4.0,2272290,1.0,1,3,1,5.0,,0.0,0,2004.0,A01,138Â 197Â 959,2.0,6.0,-1.0,1734360,2.0,2,,12.0,0.0,2.0,A01,138Â 197Â 959,1.0
1016028,201900057559,5,29,08:00,2,2,1,1.0,6.0,13027,Boulevard Gambetta,M,"43,8849820","4,8525540",13,2019,50.0,1.0,1.0,4.0,2272291,10.0,3,4,2,1.0,,3.0,3,1968.0,A01,138Â 197Â 957,0.0,-1.0,-1.0,1734361,0.0,7,,0.0,1.0,2.0,A01,138Â 197Â 957,1.0