Unnamed: 0_x,num_acc,mois,jour,hrmn,lum,agg,int,atm,col,com,adr,gps,lat,long,dep,annee,vma,situ,surf,catr,Unnamed: 0_y,place,catu,grav,sexe,trajet,secu,locp,actp,an_nais,num_veh_x,id_vehicule_x,secu1,secu2,secu3,Unnamed: 0,senc,catv,occutc,obs,obsm,choc,num_veh_y,id_vehicule_y,motor
1016028,201900057559,5,29,08:00,2,2,1,1.0,6.0,13027,Boulevard Gambetta,M,"43,8849820","4,8525540",13,2019,50.0,1.0,1.0,4.0,2272292,1.0,1,1,1,0.0,,0.0,0,1971.0,A01,138Â 197Â 957,1.0,-1.0,-1.0,1734361,0.0,7,,0.0,1.0,2.0,A01,138Â 197Â 957,1.0
1016029,201900057560,2,17,16:55,1,2,7,1.0,6.0,75103,PLACE DE LA REPUBLIQUE,M,"48,8673390","2,3633760",75,2019,50.0,1.0,1.0,4.0,2272293,1.0,1,1,2,5.0,,0.0,0,1999.0,A01,138Â 197Â 954,2.0,0.0,-1.0,1734362,1.0,1,,0.0,1.0,4.0,A01,138Â 197Â 954,5.0
1016029,201900057560,2,17,16:55,1,2,7,1.0,6.0,75103,PLACE DE LA REPUBLIQUE,M,"48,8673390","2,3633760",75,2019,50.0,1.0,1.0,4.0,2272294,10.0,3,4,2,5.0,,4.0,3,1960.0,A01,138Â 197Â 954,8.0,0.0,-1.0,1734362,1.0,1,,0.0,1.0,4.0,A01,138Â 197Â 954,5.0
1016030,201900057561,3,26,18:25,2,2,6,1.0,6.0,69116,Chemin de Champivost,M,"45,8112800","4,7734100",69,2019,50.0,1.0,1.0,4.0,2272295,1.0,1,1,1,1.0,,0.0,0,1970.0,A01,138Â 197Â 955,1.0,-1.0,-1.0,1734363,0.0,7,,0.0,1.0,1.0,A01,138Â 197Â 955,1.0
1016030,201900057561,3,26,18:25,2,2,6,1.0,6.0,69116,Chemin de Champivost,M,"45,8112800","4,7734100",69,2019,50.0,1.0,1.0,4.0,2272296,10.0,3,3,2,5.0,,9.0,3,1950.0,A01,138Â 197Â 955,0.0,-1.0,-1.0,1734363,0.0,7,,0.0,1.0,1.0,A01,138Â 197Â 955,1.0
1016031,201900057562,9,21,06:30,1,2,1,1.0,1.0,97611,kaweni-GEOLE (la),M," -12,7668700","45,2244700",976,2019,50.0,1.0,1.0,4.0,2272297,1.0,1,3,1,0.0,,-1.0,0,1954.0,A01,138Â 197Â 951,2.0,8.0,-1.0,1734364,2.0,33,,0.0,2.0,1.0,A01,138Â 197Â 951,1.0
1016031,201900057562,9,21,06:30,1,2,1,1.0,1.0,97611,kaweni-GEOLE (la),M," -12,7668700","45,2244700",976,2019,50.0,1.0,1.0,4.0,2272297,1.0,1,3,1,0.0,,-1.0,0,1954.0,A01,138Â 197Â 951,2.0,8.0,-1.0,1734365,2.0,10,,0.0,2.0,1.0,B01,138Â 197Â 961,1.0
1016031,201900057562,9,21,06:30,1,2,1,1.0,1.0,97611,kaweni-GEOLE (la),M," -12,7668700","45,2244700",976,2019,50.0,1.0,1.0,4.0,2272298,1.0,1,1,1,0.0,,-1.0,0,1976.0,B01,138Â 197Â 961,1.0,8.0,-1.0,1734364,2.0,33,,0.0,2.0,1.0,A01,138Â 197Â 951,1.0
1016031,201900057562,9,21,06:30,1,2,1,1.0,1.0,97611,kaweni-GEOLE (la),M," -12,7668700","45,2244700",976,2019,50.0,1.0,1.0,4.0,2272298,1.0,1,1,1,0.0,,-1.0,0,1976.0,B01,138Â 197Â 961,1.0,8.0,-1.0,1734365,2.0,10,,0.0,2.0,1.0,B01,138Â 197Â 961,1.0
1016032,201900057563,2,17,01:45,5,2,3,1.0,6.0,75103,RUE REAUMUR,M,"48,8652480","2,3571340",75,2019,50.0,6.0,1.0,4.0,2272299,10.0,3,4,2,5.0,,3.0,3,1981.0,A01,138Â 197Â 947,8.0,0.0,-1.0,1734366,1.0,37,1.0,0.0,1.0,5.0,A01,138Â 197Â 947,1.0
1016032,201900057563,2,17,01:45,5,2,3,1.0,6.0,75103,RUE REAUMUR,M,"48,8652480","2,3571340",75,2019,50.0,6.0,1.0,4.0,2272300,1.0,1,1,1,4.0,,0.0,0,1980.0,A01,138Â 197Â 947,1.0,0.0,-1.0,1734366,1.0,37,1.0,0.0,1.0,5.0,A01,138Â 197Â 947,1.0
1016033,201900057564,3,24,20:20,5,1,1,1.0,5.0,09274,D 625,M,"43,0298210","1,8966270",9,2019,80.0,1.0,1.0,3.0,2272301,1.0,1,3,2,5.0,,0.0,0,1943.0,C01,138Â 197Â 945,1.0,-1.0,-1.0,1734367,2.0,7,,1.0,0.0,1.0,C01,138Â 197Â 945,1.0
1016033,201900057564,3,24,20:20,5,1,1,1.0,5.0,09274,D 625,M,"43,0298210","1,8966270",9,2019,80.0,1.0,1.0,3.0,2272301,1.0,1,3,2,5.0,,0.0,0,1943.0,C01,138Â 197Â 945,1.0,-1.0,-1.0,1734368,1.0,7,,0.0,2.0,3.0,B01,138Â 197Â 946,1.0
1016033,201900057564,3,24,20:20,5,1,1,1.0,5.0,09274,D 625,M,"43,0298210","1,8966270",9,2019,80.0,1.0,1.0,3.0,2272301,1.0,1,3,2,5.0,,0.0,0,1943.0,C01,138Â 197Â 945,1.0,-1.0,-1.0,1734369,2.0,7,,0.0,2.0,3.0,A01,138Â 197Â 948,1.0
1016033,201900057564,3,24,20:20,5,1,1,1.0,5.0,09274,D 625,M,"43,0298210","1,8966270",9,2019,80.0,1.0,1.0,3.0,2272302,2.0,2,4,2,5.0,,0.0,0,1958.0,B01,138Â 197Â 946,1.0,-1.0,-1.0,1734367,2.0,7,,1.0,0.0,1.0,C01,138Â 197Â 945,1.0
1016033,201900057564,3,24,20:20,5,1,1,1.0,5.0,09274,D 625,M,"43,0298210","1,8966270",9,2019,80.0,1.0,1.0,3.0,2272302,2.0,2,4,2,5.0,,0.0,0,1958.0,B01,138Â 197Â 946,1.0,-1.0,-1.0,1734368,1.0,7,,0.0,2.0,3.0,B01,138Â 197Â 946,1.0
1016033,201900057564,3,24,20:20,5,1,1,1.0,5.0,09274,D 625,M,"43,0298210","1,8966270",9,2019,80.0,1.0,1.0,3.0,2272302,2.0,2,4,2,5.0,,0.0,0,1958.0,B01,138Â 197Â 946,1.0,-1.0,-1.0,1734369,2.0,7,,0.0,2.0,3.0,A01,138Â 197Â 948,1.0
1016033,201900057564,3,24,20:20,5,1,1,1.0,5.0,09274,D 625,M,"43,0298210","1,8966270",9,2019,80.0,1.0,1.0,3.0,2272303,1.0,1,4,1,5.0,,0.0,0,1951.0,B01,138Â 197Â 946,1.0,-1.0,-1.0,1734367,2.0,7,,1.0,0.0,1.0,C01,138Â 197Â 945,1.0
1016033,201900057564,3,24,20:20,5,1,1,1.0,5.0,09274,D 625,M,"43,0298210","1,8966270",9,2019,80.0,1.0,1.0,3.0,2272303,1.0,1,4,1,5.0,,0.0,0,1951.0,B01,138Â 197Â 946,1.0,-1.0,-1.0,1734368,1.0,7,,0.0,2.0,3.0,B01,138Â 197Â 946,1.0
1016033,201900057564,3,24,20:20,5,1,1,1.0,5.0,09274,D 625,M,"43,0298210","1,8966270",9,2019,80.0,1.0,1.0,3.0,2272303,1.0,1,4,1,5.0,,0.0,0,1951.0,B01,138Â 197Â 946,1.0,-1.0,-1.0,1734369,2.0,7,,0.0,2.0,3.0,A01,138Â 197Â 948,1.0
1016033,201900057564,3,24,20:20,5,1,1,1.0,5.0,09274,D 625,M,"43,0298210","1,8966270",9,2019,80.0,1.0,1.0,3.0,2272304,1.0,1,3,1,5.0,,0.0,0,1955.0,A01,138Â 197Â 948,0.0,-1.0,-1.0,1734367,2.0,7,,1.0,0.0,1.0,C01,138Â 197Â 945,1.0
1016033,201900057564,3,24,20:20,5,1,1,1.0,5.0,09274,D 625,M,"43,0298210","1,8966270",9,2019,80.0,1.0,1.0,3.0,2272304,1.0,1,3,1,5.0,,0.0,0,1955.0,A01,138Â 197Â 948,0.0,-1.0,-1.0,1734368,1.0,7,,0.0,2.0,3.0,B01,138Â 197Â 946,1.0
1016033,201900057564,3,24,20:20,5,1,1,1.0,5.0,09274,D 625,M,"43,0298210","1,8966270",9,2019,80.0,1.0,1.0,3.0,2272304,1.0,1,3,1,5.0,,0.0,0,1955.0,A01,138Â 197Â 948,0.0,-1.0,-1.0,1734369,2.0,7,,0.0,2.0,3.0,A01,138Â 197Â 948,1.0
1016034,201900057565,9,21,15:45,1,2,1,1.0,6.0,97416,LORION(RUE LUC),M," -21,3390800","55,4695600",974,2019,50.0,1.0,1.0,4.0,2272305,10.0,3,3,2,0.0,,1.0,3,1942.0,A01,138Â 197Â 944,8.0,0.0,-1.0,1734370,1.0,7,,0.0,1.0,3.0,A01,138Â 197Â 944,1.0
1016034,201900057565,9,21,15:45,1,2,1,1.0,6.0,97416,LORION(RUE LUC),M," -21,3390800","55,4695600",974,2019,50.0,1.0,1.0,4.0,2272306,1.0,1,1,1,0.0,,-1.0,0,1985.0,A01,138Â 197Â 944,1.0,8.0,-1.0,1734370,1.0,7,,0.0,1.0,3.0,A01,138Â 197Â 944,1.0
1016035,201900057566,2,15,10:30,1,2,2,1.0,3.0,75102,RUE DE PALESTRO,M,"48,8652020","2,3514180",75,2019,30.0,1.0,1.0,4.0,2272307,1.0,1,4,2,1.0,,0.0,0,1981.0,A01,138Â 197Â 942,2.0,0.0,-1.0,1734371,2.0,1,,0.0,2.0,2.0,A01,138Â 197Â 942,5.0
1016035,201900057566,2,15,10:30,1,2,2,1.0,3.0,75102,RUE DE PALESTRO,M,"48,8652020","2,3514180",75,2019,30.0,1.0,1.0,4.0,2272307,1.0,1,4,2,1.0,,0.0,0,1981.0,A01,138Â 197Â 942,2.0,0.0,-1.0,1734372,2.0,10,,0.0,2.0,8.0,B01,138Â 197Â 943,3.0
1016035,201900057566,2,15,10:30,1,2,2,1.0,3.0,75102,RUE DE PALESTRO,M,"48,8652020","2,3514180",75,2019,30.0,1.0,1.0,4.0,2272308,1.0,1,1,1,4.0,,0.0,0,1977.0,B01,138Â 197Â 943,1.0,0.0,-1.0,1734371,2.0,1,,0.0,2.0,2.0,A01,138Â 197Â 942,5.0
1016035,201900057566,2,15,10:30,1,2,2,1.0,3.0,75102,RUE DE PALESTRO,M,"48,8652020","2,3514180",75,2019,30.0,1.0,1.0,4.0,2272308,1.0,1,1,1,4.0,,0.0,0,1977.0,B01,138Â 197Â 943,1.0,0.0,-1.0,1734372,2.0,10,,0.0,2.0,8.0,B01,138Â 197Â 943,3.0
1016036,201900057567,1,3,19:35,3,1,1,1.0,4.0,33090,AUTOROUTE A 63,M,"44,7670300"," -0,6686800",33,2019,130.0,1.0,1.0,1.0,2272309,1.0,1,1,1,0.0,,-1.0, -1,1994.0,A01,138Â 197Â 953,1.0,8.0,-1.0,1734373,2.0,7,,3.0,2.0,1.0,A01,138Â 197Â 953,1.0
1016036,201900057567,1,3,19:35,3,1,1,1.0,4.0,33090,AUTOROUTE A 63,M,"44,7670300"," -0,6686800",33,2019,130.0,1.0,1.0,1.0,2272309,1.0,1,1,1,0.0,,-1.0, -1,1994.0,A01,138Â 197Â 953,1.0,8.0,-1.0,1734374,2.0,7,,0.0,2.0,6.0,B01,138Â 197Â 956,1.0
1016036,201900057567,1,3,19:35,3,1,1,1.0,4.0,33090,AUTOROUTE A 63,M,"44,7670300"," -0,6686800",33,2019,130.0,1.0,1.0,1.0,2272309,1.0,1,1,1,0.0,,-1.0, -1,1994.0,A01,138Â 197Â 953,1.0,8.0,-1.0,1734375,2.0,7,,0.0,2.0,4.0,C01,138Â 197Â 960,1.0
1016036,201900057567,1,3,19:35,3,1,1,1.0,4.0,33090,AUTOROUTE A 63,M,"44,7670300"," -0,6686800",33,2019,130.0,1.0,1.0,1.0,2272309,1.0,1,1,1,0.0,,-1.0, -1,1994.0,A01,138Â 197Â 953,1.0,8.0,-1.0,1734376,2.0,7,,0.0,2.0,4.0,D01,138Â 197Â 963,1.0
1016036,201900057567,1,3,19:35,3,1,1,1.0,4.0,33090,AUTOROUTE A 63,M,"44,7670300"," -0,6686800",33,2019,130.0,1.0,1.0,1.0,2272310,1.0,1,4,1,4.0,,-1.0, -1,1989.0,B01,138Â 197Â 956,1.0,8.0,-1.0,1734373,2.0,7,,3.0,2.0,1.0,A01,138Â 197Â 953,1.0
1016036,201900057567,1,3,19:35,3,1,1,1.0,4.0,33090,AUTOROUTE A 63,M,"44,7670300"," -0,6686800",33,2019,130.0,1.0,1.0,1.0,2272310,1.0,1,4,1,4.0,,-1.0, -1,1989.0,B01,138Â 197Â 956,1.0,8.0,-1.0,1734374,2.0,7,,0.0,2.0,6.0,B01,138Â 197Â 956,1.0
1016036,201900057567,1,3,19:35,3,1,1,1.0,4.0,33090,AUTOROUTE A 63,M,"44,7670300"," -0,6686800",33,2019,130.0,1.0,1.0,1.0,2272310,1.0,1,4,1,4.0,,-1.0, -1,1989.0,B01,138Â 197Â 956,1.0,8.0,-1.0,1734375,2.0,7,,0.0,2.0,4.0,C01,138Â 197Â 960,1.0
1016036,201900057567,1,3,19:35,3,1,1,1.0,4.0,33090,AUTOROUTE A 63,M,"44,7670300"," -0,6686800",33,2019,130.0,1.0,1.0,1.0,2272310,1.0,1,4,1,4.0,,-1.0, -1,1989.0,B01,138Â 197Â 956,1.0,8.0,-1.0,1734376,2.0,7,,0.0,2.0,4.0,D01,138Â 197Â 963,1.0
1016036,201900057567,1,3,19:35,3,1,1,1.0,4.0,33090,AUTOROUTE A 63,M,"44,7670300"," -0,6686800",33,2019,130.0,1.0,1.0,1.0,2272311,2.0,2,1,2,5.0,,-1.0, -1,1982.0,C01,138Â 197Â 960,1.0,8.0,-1.0,1734373,2.0,7,,3.0,2.0,1.0,A01,138Â 197Â 953,1.0
1016036,201900057567,1,3,19:35,3,1,1,1.0,4.0,33090,AUTOROUTE A 63,M,"44,7670300"," -0,6686800",33,2019,130.0,1.0,1.0,1.0,2272311,2.0,2,1,2,5.0,,-1.0, -1,1982.0,C01,138Â 197Â 960,1.0,8.0,-1.0,1734374,2.0,7,,0.0,2.0,6.0,B01,138Â 197Â 956,1.0
1016036,201900057567,1,3,19:35,3,1,1,1.0,4.0,33090,AUTOROUTE A 63,M,"44,7670300"," -0,6686800",33,2019,130.0,1.0,1.0,1.0,2272311,2.0,2,1,2,5.0,,-1.0, -1,1982.0,C01,138Â 197Â 960,1.0,8.0,-1.0,1734375,2.0,7,,0.0,2.0,4.0,C01,138Â 197Â 960,1.0
1016036,201900057567,1,3,19:35,3,1,1,1.0,4.0,33090,AUTOROUTE A 63,M,"44,7670300"," -0,6686800",33,2019,130.0,1.0,1.0,1.0,2272311,2.0,2,1,2,5.0,,-1.0, -1,1982.0,C01,138Â 197Â 960,1.0,8.0,-1.0,1734376,2.0,7,,0.0,2.0,4.0,D01,138Â 197Â 963,1.0
1016036,201900057567,1,3,19:35,3,1,1,1.0,4.0,33090,AUTOROUTE A 63,M,"44,7670300"," -0,6686800",33,2019,130.0,1.0,1.0,1.0,2272312,3.0,2,1,1,5.0,,-1.0, -1,2010.0,C01,138Â 197Â 960,1.0,8.0,-1.0,1734373,2.0,7,,3.0,2.0,1.0,A01,138Â 197Â 953,1.0
1016036,201900057567,1,3,19:35,3,1,1,1.0,4.0,33090,AUTOROUTE A 63,M,"44,7670300"," -0,6686800",33,2019,130.0,1.0,1.0,1.0,2272312,3.0,2,1,1,5.0,,-1.0, -1,2010.0,C01,138Â 197Â 960,1.0,8.0,-1.0,1734374,2.0,7,,0.0,2.0,6.0,B01,138Â 197Â 956,1.0
1016036,201900057567,1,3,19:35,3,1,1,1.0,4.0,33090,AUTOROUTE A 63,M,"44,7670300"," -0,6686800",33,2019,130.0,1.0,1.0,1.0,2272312,3.0,2,1,1,5.0,,-1.0, -1,2010.0,C01,138Â 197Â 960,1.0,8.0,-1.0,1734375,2.0,7,,0.0,2.0,4.0,C01,138Â 197Â 960,1.0
1016036,201900057567,1,3,19:35,3,1,1,1.0,4.0,33090,AUTOROUTE A 63,M,"44,7670300"," -0,6686800",33,2019,130.0,1.0,1.0,1.0,2272312,3.0,2,1,1,5.0,,-1.0, -1,2010.0,C01,138Â 197Â 960,1.0,8.0,-1.0,1734376,2.0,7,,0.0,2.0,4.0,D01,138Â 197Â 963,1.0
1016036,201900057567,1,3,19:35,3,1,1,1.0,4.0,33090,AUTOROUTE A 63,M,"44,7670300"," -0,6686800",33,2019,130.0,1.0,1.0,1.0,2272313,4.0,2,1,2,5.0,,-1.0, -1,2005.0,C01,138Â 197Â 960,1.0,8.0,-1.0,1734373,2.0,7,,3.0,2.0,1.0,A01,138Â 197Â 953,1.0
1016036,201900057567,1,3,19:35,3,1,1,1.0,4.0,33090,AUTOROUTE A 63,M,"44,7670300"," -0,6686800",33,2019,130.0,1.0,1.0,1.0,2272313,4.0,2,1,2,5.0,,-1.0, -1,2005.0,C01,138Â 197Â 960,1.0,8.0,-1.0,1734374,2.0,7,,0.0,2.0,6.0,B01,138Â 197Â 956,1.0
1016036,201900057567,1,3,19:35,3,1,1,1.0,4.0,33090,AUTOROUTE A 63,M,"44,7670300"," -0,6686800",33,2019,130.0,1.0,1.0,1.0,2272313,4.0,2,1,2,5.0,,-1.0, -1,2005.0,C01,138Â 197Â 960,1.0,8.0,-1.0,1734375,2.0,7,,0.0,2.0,4.0,C01,138Â 197Â 960,1.0
1016036,201900057567,1,3,19:35,3,1,1,1.0,4.0,33090,AUTOROUTE A 63,M,"44,7670300"," -0,6686800",33,2019,130.0,1.0,1.0,1.0,2272313,4.0,2,1,2,5.0,,-1.0, -1,2005.0,C01,138Â 197Â 960,1.0,8.0,-1.0,1734376,2.0,7,,0.0,2.0,4.0,D01,138Â 197Â 963,1.0
1016036,201900057567,1,3,19:35,3,1,1,1.0,4.0,33090,AUTOROUTE A 63,M,"44,7670300"," -0,6686800",33,2019,130.0,1.0,1.0,1.0,2272314,1.0,1,1,1,5.0,,-1.0, -1,1981.0,C01,138Â 197Â 960,1.0,8.0,-1.0,1734373,2.0,7,,3.0,2.0,1.0,A01,138Â 197Â 953,1.0
1016036,201900057567,1,3,19:35,3,1,1,1.0,4.0,33090,AUTOROUTE A 63,M,"44,7670300"," -0,6686800",33,2019,130.0,1.0,1.0,1.0,2272314,1.0,1,1,1,5.0,,-1.0, -1,1981.0,C01,138Â 197Â 960,1.0,8.0,-1.0,1734374,2.0,7,,0.0,2.0,6.0,B01,138Â 197Â 956,1.0
1016036,201900057567,1,3,19:35,3,1,1,1.0,4.0,33090,AUTOROUTE A 63,M,"44,7670300"," -0,6686800",33,2019,130.0,1.0,1.0,1.0,2272314,1.0,1,1,1,5.0,,-1.0, -1,1981.0,C01,138Â 197Â 960,1.0,8.0,-1.0,1734375,2.0,7,,0.0,2.0,4.0,C01,138Â 197Â 960,1.0
1016036,201900057567,1,3,19:35,3,1,1,1.0,4.0,33090,AUTOROUTE A 63,M,"44,7670300"," -0,6686800",33,2019,130.0,1.0,1.0,1.0,2272314,1.0,1,1,1,5.0,,-1.0, -1,1981.0,C01,138Â 197Â 960,1.0,8.0,-1.0,1734376,2.0,7,,0.0,2.0,4.0,D01,138Â 197Â 963,1.0
1016036,201900057567,1,3,19:35,3,1,1,1.0,4.0,33090,AUTOROUTE A 63,M,"44,7670300"," -0,6686800",33,2019,130.0,1.0,1.0,1.0,2272315,5.0,2,1,2,5.0,,-1.0, -1,2014.0,C01,138Â 197Â 960,3.0,8.0,-1.0,1734373,2.0,7,,3.0,2.0,1.0,A01,138Â 197Â 953,1.0
1016036,201900057567,1,3,19:35,3,1,1,1.0,4.0,33090,AUTOROUTE A 63,M,"44,7670300"," -0,6686800",33,2019,130.0,1.0,1.0,1.0,2272315,5.0,2,1,2,5.0,,-1.0, -1,2014.0,C01,138Â 197Â 960,3.0,8.0,-1.0,1734374,2.0,7,,0.0,2.0,6.0,B01,138Â 197Â 956,1.0
1016036,201900057567,1,3,19:35,3,1,1,1.0,4.0,33090,AUTOROUTE A 63,M,"44,7670300"," -0,6686800",33,2019,130.0,1.0,1.0,1.0,2272315,5.0,2,1,2,5.0,,-1.0, -1,2014.0,C01,138Â 197Â 960,3.0,8.0,-1.0,1734375,2.0,7,,0.0,2.0,4.0,C01,138Â 197Â 960,1.0
1016036,201900057567,1,3,19:35,3,1,1,1.0,4.0,33090,AUTOROUTE A 63,M,"44,7670300"," -0,6686800",33,2019,130.0,1.0,1.0,1.0,2272315,5.0,2,1,2,5.0,,-1.0, -1,2014.0,C01,138Â 197Â 960,3.0,8.0,-1.0,1734376,2.0,7,,0.0,2.0,4.0,D01,138Â 197Â 963,1.0
1016036,201900057567,1,3,19:35,3,1,1,1.0,4.0,33090,AUTOROUTE A 63,M,"44,7670300"," -0,6686800",33,2019,130.0,1.0,1.0,1.0,2272316,1.0,1,1,1,5.0,,-1.0, -1,1971.0,D01,138Â 197Â 963,1.0,8.0,-1.0,1734373,2.0,7,,3.0,2.0,1.0,A01,138Â 197Â 953,1.0
1016036,201900057567,1,3,19:35,3,1,1,1.0,4.0,33090,AUTOROUTE A 63,M,"44,7670300"," -0,6686800",33,2019,130.0,1.0,1.0,1.0,2272316,1.0,1,1,1,5.0,,-1.0, -1,1971.0,D01,138Â 197Â 963,1.0,8.0,-1.0,1734374,2.0,7,,0.0,2.0,6.0,B01,138Â 197Â 956,1.0
1016036,201900057567,1,3,19:35,3,1,1,1.0,4.0,33090,AUTOROUTE A 63,M,"44,7670300"," -0,6686800",33,2019,130.0,1.0,1.0,1.0,2272316,1.0,1,1,1,5.0,,-1.0, -1,1971.0,D01,138Â 197Â 963,1.0,8.0,-1.0,1734375,2.0,7,,0.0,2.0,4.0,C01,138Â 197Â 960,1.0
1016036,201900057567,1,3,19:35,3,1,1,1.0,4.0,33090,AUTOROUTE A 63,M,"44,7670300"," -0,6686800",33,2019,130.0,1.0,1.0,1.0,2272316,1.0,1,1,1,5.0,,-1.0, -1,1971.0,D01,138Â 197Â 963,1.0,8.0,-1.0,1734376,2.0,7,,0.0,2.0,4.0,D01,138Â 197Â 963,1.0
1016036,201900057567,1,3,19:35,3,1,1,1.0,4.0,33090,AUTOROUTE A 63,M,"44,7670300"," -0,6686800",33,2019,130.0,1.0,1.0,1.0,2272317,2.0,2,1,2,5.0,,-1.0, -1,1977.0,D01,138Â 197Â 963,1.0,8.0,-1.0,1734373,2.0,7,,3.0,2.0,1.0,A01,138Â 197Â 953,1.0
1016036,201900057567,1,3,19:35,3,1,1,1.0,4.0,33090,AUTOROUTE A 63,M,"44,7670300"," -0,6686800",33,2019,130.0,1.0,1.0,1.0,2272317,2.0,2,1,2,5.0,,-1.0, -1,1977.0,D01,138Â 197Â 963,1.0,8.0,-1.0,1734374,2.0,7,,0.0,2.0,6.0,B01,138Â 197Â 956,1.0
1016036,201900057567,1,3,19:35,3,1,1,1.0,4.0,33090,AUTOROUTE A 63,M,"44,7670300"," -0,6686800",33,2019,130.0,1.0,1.0,1.0,2272317,2.0,2,1,2,5.0,,-1.0, -1,1977.0,D01,138Â 197Â 963,1.0,8.0,-1.0,1734375,2.0,7,,0.0,2.0,4.0,C01,138Â 197Â 960,1.0
1016036,201900057567,1,3,19:35,3,1,1,1.0,4.0,33090,AUTOROUTE A 63,M,"44,7670300"," -0,6686800",33,2019,130.0,1.0,1.0,1.0,2272317,2.0,2,1,2,5.0,,-1.0, -1,1977.0,D01,138Â 197Â 963,1.0,8.0,-1.0,1734376,2.0,7,,0.0,2.0,4.0,D01,138Â 197Â 963,1.0
1016036,201900057567,1,3,19:35,3,1,1,1.0,4.0,33090,AUTOROUTE A 63,M,"44,7670300"," -0,6686800",33,2019,130.0,1.0,1.0,1.0,2272318,4.0,2,1,2,5.0,,-1.0, -1,2016.0,D01,138Â 197Â 963,3.0,8.0,-1.0,1734373,2.0,7,,3.0,2.0,1.0,A01,138Â 197Â 953,1.0
1016036,201900057567,1,3,19:35,3,1,1,1.0,4.0,33090,AUTOROUTE A 63,M,"44,7670300"," -0,6686800",33,2019,130.0,1.0,1.0,1.0,2272318,4.0,2,1,2,5.0,,-1.0, -1,2016.0,D01,138Â 197Â 963,3.0,8.0,-1.0,1734374,2.0,7,,0.0,2.0,6.0,B01,138Â 197Â 956,1.0
1016036,201900057567,1,3,19:35,3,1,1,1.0,4.0,33090,AUTOROUTE A 63,M,"44,7670300"," -0,6686800",33,2019,130.0,1.0,1.0,1.0,2272318,4.0,2,1,2,5.0,,-1.0, -1,2016.0,D01,138Â 197Â 963,3.0,8.0,-1.0,1734375,2.0,7,,0.0,2.0,4.0,C01,138Â 197Â 960,1.0
1016036,201900057567,1,3,19:35,3,1,1,1.0,4.0,33090,AUTOROUTE A 63,M,"44,7670300"," -0,6686800",33,2019,130.0,1.0,1.0,1.0,2272318,4.0,2,1,2,5.0,,-1.0, -1,2016.0,D01,138Â 197Â 963,3.0,8.0,-1.0,1734376,2.0,7,,0.0,2.0,4.0,D01,138Â 197Â 963,1.0
1016037,201900057568,9,20,17:40,1,2,1,1.0,1.0,97416,MAHATMA GANDHI(RUE),M," -21,3383100","55,4612400",974,2019,50.0,1.0,1.0,4.0,2272319,1.0,1,3,1,0.0,,-1.0,0,1994.0,B01,138Â 197Â 937,8.0,0.0,-1.0,1734377,2.0,2,,0.0,2.0,1.0,B01,138Â 197Â 937,1.0
1016037,201900057568,9,20,17:40,1,2,1,1.0,1.0,97416,MAHATMA GANDHI(RUE),M," -21,3383100","55,4612400",974,2019,50.0,1.0,1.0,4.0,2272319,1.0,1,3,1,0.0,,-1.0,0,1994.0,B01,138Â 197Â 937,8.0,0.0,-1.0,1734378,1.0,7,,0.0,2.0,3.0,A01,138Â 197Â 939,1.0
1016037,201900057568,9,20,17:40,1,2,1,1.0,1.0,97416,MAHATMA GANDHI(RUE),M," -21,3383100","55,4612400",974,2019,50.0,1.0,1.0,4.0,2272320,1.0,1,1,2,1.0,,-1.0, -1,1978.0,A01,138Â 197Â 939,1.0,8.0,-1.0,1734377,2.0,2,,0.0,2.0,1.0,B01,138Â 197Â 937,1.0
1016037,201900057568,9,20,17:40,1,2,1,1.0,1.0,97416,MAHATMA GANDHI(RUE),M," -21,3383100","55,4612400",974,2019,50.0,1.0,1.0,4.0,2272320,1.0,1,1,2,1.0,,-1.0, -1,1978.0,A01,138Â 197Â 939,1.0,8.0,-1.0,1734378,1.0,7,,0.0,2.0,3.0,A01,138Â 197Â 939,1.0
1016038,201900057569,8,18,21:20,1,2,1,1.0,7.0,92040,BELLINI (TERRASSE),M,"48,8871300","2,2519200",92,2019,50.0,1.0,1.0,4.0,2272321,1.0,1,4,1,4.0,,-1.0,0,1986.0,A01,138Â 197Â 935,2.0,6.0,-1.0,1734379,2.0,30,,12.0,0.0,2.0,A01,138Â 197Â 935,1.0
1016039,201900057570,2,16,21:15,5,2,2,1.0,3.0,75109,RUE LAMARTINE,M,"48,8765590","2,3412940",75,2019,30.0,1.0,1.0,4.0,2272322,1.0,1,1,1,4.0,,0.0,0,1992.0,B01,138Â 197Â 936,1.0,0.0,-1.0,1734380,1.0,10,,0.0,2.0,2.0,B01,138Â 197Â 936,1.0
1016039,201900057570,2,16,21:15,5,2,2,1.0,3.0,75109,RUE LAMARTINE,M,"48,8765590","2,3412940",75,2019,30.0,1.0,1.0,4.0,2272322,1.0,1,1,1,4.0,,0.0,0,1992.0,B01,138Â 197Â 936,1.0,0.0,-1.0,1734381,1.0,2,,0.0,2.0,3.0,A01,138Â 197Â 938,1.0
1016039,201900057570,2,16,21:15,5,2,2,1.0,3.0,75109,RUE LAMARTINE,M,"48,8765590","2,3412940",75,2019,30.0,1.0,1.0,4.0,2272323,2.0,1,4,1,4.0,,0.0,0,1979.0,A01,138Â 197Â 938,2.0,6.0,-1.0,1734380,1.0,10,,0.0,2.0,2.0,B01,138Â 197Â 936,1.0
1016039,201900057570,2,16,21:15,5,2,2,1.0,3.0,75109,RUE LAMARTINE,M,"48,8765590","2,3412940",75,2019,30.0,1.0,1.0,4.0,2272323,2.0,1,4,1,4.0,,0.0,0,1979.0,A01,138Â 197Â 938,2.0,6.0,-1.0,1734381,1.0,2,,0.0,2.0,3.0,A01,138Â 197Â 938,1.0