Unnamed: 0_x,num_acc,mois,jour,hrmn,lum,agg,int,atm,col,com,adr,gps,lat,long,dep,annee,vma,situ,surf,catr,Unnamed: 0_y,place,catu,grav,sexe,trajet,secu,locp,actp,an_nais,num_veh_x,id_vehicule_x,secu1,secu2,secu3,Unnamed: 0,senc,catv,occutc,obs,obsm,choc,num_veh_y,id_vehicule_y,motor
1016040,201900057571,8,18,18:05,1,1,1,1.0,6.0,74101,A40,M,"46,0875721","5,9314554",74,2019,130.0,1.0,1.0,1.0,2272324,1.0,1,3,2,0.0,,0.0,0,1943.0,A01,138Â 197Â 932,0.0,-1.0,-1.0,1734382,2.0,7,,3.0,0.0,3.0,A01,138Â 197Â 932,1.0
1016041,201900057572,9,21,20:30,5,2,2,1.0,3.0,69259,JEAN CAGNE                          (AV),M,"45,6939900","4,8750000",69,2019,50.0,1.0,1.0,4.0,2272325,1.0,1,4,1,0.0,,-1.0,0,1995.0,B01,138Â 197Â 930,8.0,0.0,-1.0,1734383,3.0,7,,0.0,2.0,1.0,B01,138Â 197Â 930,0.0
1016041,201900057572,9,21,20:30,5,2,2,1.0,3.0,69259,JEAN CAGNE                          (AV),M,"45,6939900","4,8750000",69,2019,50.0,1.0,1.0,4.0,2272325,1.0,1,4,1,0.0,,-1.0,0,1995.0,B01,138Â 197Â 930,8.0,0.0,-1.0,1734384,3.0,31,,0.0,2.0,1.0,A01,138Â 197Â 933,0.0
1016041,201900057572,9,21,20:30,5,2,2,1.0,3.0,69259,JEAN CAGNE                          (AV),M,"45,6939900","4,8750000",69,2019,50.0,1.0,1.0,4.0,2272326,1.0,1,3,1,0.0,,-1.0,0,2002.0,A01,138Â 197Â 933,2.0,0.0,-1.0,1734383,3.0,7,,0.0,2.0,1.0,B01,138Â 197Â 930,0.0
1016041,201900057572,9,21,20:30,5,2,2,1.0,3.0,69259,JEAN CAGNE                          (AV),M,"45,6939900","4,8750000",69,2019,50.0,1.0,1.0,4.0,2272326,1.0,1,3,1,0.0,,-1.0,0,2002.0,A01,138Â 197Â 933,2.0,0.0,-1.0,1734384,3.0,31,,0.0,2.0,1.0,A01,138Â 197Â 933,0.0
1016041,201900057572,9,21,20:30,5,2,2,1.0,3.0,69259,JEAN CAGNE                          (AV),M,"45,6939900","4,8750000",69,2019,50.0,1.0,1.0,4.0,2272327,2.0,2,3,1,0.0,,-1.0,0,2002.0,A01,138Â 197Â 933,2.0,0.0,-1.0,1734383,3.0,7,,0.0,2.0,1.0,B01,138Â 197Â 930,0.0
1016041,201900057572,9,21,20:30,5,2,2,1.0,3.0,69259,JEAN CAGNE                          (AV),M,"45,6939900","4,8750000",69,2019,50.0,1.0,1.0,4.0,2272327,2.0,2,3,1,0.0,,-1.0,0,2002.0,A01,138Â 197Â 933,2.0,0.0,-1.0,1734384,3.0,31,,0.0,2.0,1.0,A01,138Â 197Â 933,0.0
1016042,201900057573,2,16,01:00,5,2,7,1.0,3.0,75102,PLACE DE L OPERA,M,"48,8706910","2,3325210",75,2019,50.0,1.0,1.0,4.0,2272328,1.0,1,4,1,5.0,,0.0,0,1992.0,A01,138Â 197Â 929,8.0,0.0,-1.0,1734385,1.0,1,,0.0,2.0,5.0,A01,138Â 197Â 929,5.0
1016042,201900057573,2,16,01:00,5,2,7,1.0,3.0,75102,PLACE DE L OPERA,M,"48,8706910","2,3325210",75,2019,50.0,1.0,1.0,4.0,2272328,1.0,1,4,1,5.0,,0.0,0,1992.0,A01,138Â 197Â 929,8.0,0.0,-1.0,1734386,1.0,7,,0.0,2.0,1.0,B01,138Â 197Â 931,1.0
1016042,201900057573,2,16,01:00,5,2,7,1.0,3.0,75102,PLACE DE L OPERA,M,"48,8706910","2,3325210",75,2019,50.0,1.0,1.0,4.0,2272329,1.0,1,1,1,1.0,,0.0,0,1991.0,B01,138Â 197Â 931,1.0,0.0,-1.0,1734385,1.0,1,,0.0,2.0,5.0,A01,138Â 197Â 929,5.0
1016042,201900057573,2,16,01:00,5,2,7,1.0,3.0,75102,PLACE DE L OPERA,M,"48,8706910","2,3325210",75,2019,50.0,1.0,1.0,4.0,2272329,1.0,1,1,1,1.0,,0.0,0,1991.0,B01,138Â 197Â 931,1.0,0.0,-1.0,1734386,1.0,7,,0.0,2.0,1.0,B01,138Â 197Â 931,1.0
1016043,201900057574,8,17,20:30,2,1,1,1.0,6.0,43117,Pinols,M,"45,2466110","3,4570540",43,2019,50.0,3.0,1.0,4.0,2272330,1.0,1,3,1,9.0,,0.0,0,1964.0,A01,138Â 197Â 928,2.0,-1.0,-1.0,1734387,0.0,36,,0.0,0.0,3.0,A01,138Â 197Â 928,1.0
1016044,201900057575,9,21,09:30,1,2,2,1.0,5.0,69388,PAUL SANTY                          (AV),M,"45,7231500","4,8846100",69,2019,50.0,1.0,1.0,4.0,2272331,2.0,2,1,1,0.0,,-1.0, -1,1999.0,A01,138Â 197Â 924,1.0,0.0,-1.0,1734388,1.0,7,,0.0,2.0,2.0,A01,138Â 197Â 924,1.0
1016044,201900057575,9,21,09:30,1,2,2,1.0,5.0,69388,PAUL SANTY                          (AV),M,"45,7231500","4,8846100",69,2019,50.0,1.0,1.0,4.0,2272331,2.0,2,1,1,0.0,,-1.0, -1,1999.0,A01,138Â 197Â 924,1.0,0.0,-1.0,1734389,1.0,7,,1.0,2.0,8.0,B01,138Â 197Â 925,1.0
1016044,201900057575,9,21,09:30,1,2,2,1.0,5.0,69388,PAUL SANTY                          (AV),M,"45,7231500","4,8846100",69,2019,50.0,1.0,1.0,4.0,2272331,2.0,2,1,1,0.0,,-1.0, -1,1999.0,A01,138Â 197Â 924,1.0,0.0,-1.0,1734390,3.0,7,,0.0,2.0,3.0,C01,138Â 197Â 927,1.0
1016044,201900057575,9,21,09:30,1,2,2,1.0,5.0,69388,PAUL SANTY                          (AV),M,"45,7231500","4,8846100",69,2019,50.0,1.0,1.0,4.0,2272332,1.0,1,1,1,0.0,,-1.0, -1,1999.0,A01,138Â 197Â 924,1.0,0.0,-1.0,1734388,1.0,7,,0.0,2.0,2.0,A01,138Â 197Â 924,1.0
1016044,201900057575,9,21,09:30,1,2,2,1.0,5.0,69388,PAUL SANTY                          (AV),M,"45,7231500","4,8846100",69,2019,50.0,1.0,1.0,4.0,2272332,1.0,1,1,1,0.0,,-1.0, -1,1999.0,A01,138Â 197Â 924,1.0,0.0,-1.0,1734389,1.0,7,,1.0,2.0,8.0,B01,138Â 197Â 925,1.0
1016044,201900057575,9,21,09:30,1,2,2,1.0,5.0,69388,PAUL SANTY                          (AV),M,"45,7231500","4,8846100",69,2019,50.0,1.0,1.0,4.0,2272332,1.0,1,1,1,0.0,,-1.0, -1,1999.0,A01,138Â 197Â 924,1.0,0.0,-1.0,1734390,3.0,7,,0.0,2.0,3.0,C01,138Â 197Â 927,1.0
1016044,201900057575,9,21,09:30,1,2,2,1.0,5.0,69388,PAUL SANTY                          (AV),M,"45,7231500","4,8846100",69,2019,50.0,1.0,1.0,4.0,2272333,1.0,1,4,1,0.0,,-1.0, -1,1942.0,B01,138Â 197Â 925,1.0,0.0,-1.0,1734388,1.0,7,,0.0,2.0,2.0,A01,138Â 197Â 924,1.0
1016044,201900057575,9,21,09:30,1,2,2,1.0,5.0,69388,PAUL SANTY                          (AV),M,"45,7231500","4,8846100",69,2019,50.0,1.0,1.0,4.0,2272333,1.0,1,4,1,0.0,,-1.0, -1,1942.0,B01,138Â 197Â 925,1.0,0.0,-1.0,1734389,1.0,7,,1.0,2.0,8.0,B01,138Â 197Â 925,1.0
1016044,201900057575,9,21,09:30,1,2,2,1.0,5.0,69388,PAUL SANTY                          (AV),M,"45,7231500","4,8846100",69,2019,50.0,1.0,1.0,4.0,2272333,1.0,1,4,1,0.0,,-1.0, -1,1942.0,B01,138Â 197Â 925,1.0,0.0,-1.0,1734390,3.0,7,,0.0,2.0,3.0,C01,138Â 197Â 927,1.0
1016045,201900057576,8,18,17:50,1,1,1,1.0,6.0,45247,Rue des Charmes,M,"47,9980260","2,6743620",45,2019,80.0,3.0,1.0,4.0,2272334,1.0,1,2,1,5.0,,0.0,0,2002.0,A01,138Â 197Â 922,2.0,-1.0,-1.0,1734391,3.0,2,,2.0,0.0,1.0,A01,138Â 197Â 922,1.0
1016046,201900057577,4,30,09:55,1,1,2,1.0,3.0,13027,D34,M,"43,8808460","4,8321190",13,2019,80.0,1.0,1.0,3.0,2272335,1.0,1,3,2,3.0,,0.0,0,1942.0,B01,138Â 197Â 949,1.0,-1.0,-1.0,1734392,3.0,7,,0.0,2.0,3.0,B01,138Â 197Â 949,1.0
1016046,201900057577,4,30,09:55,1,1,2,1.0,3.0,13027,D34,M,"43,8808460","4,8321190",13,2019,80.0,1.0,1.0,3.0,2272335,1.0,1,3,2,3.0,,0.0,0,1942.0,B01,138Â 197Â 949,1.0,-1.0,-1.0,1734393,3.0,15,,15.0,0.0,2.0,A01,138Â 197Â 950,1.0
1016046,201900057577,4,30,09:55,1,1,2,1.0,3.0,13027,D34,M,"43,8808460","4,8321190",13,2019,80.0,1.0,1.0,3.0,2272336,1.0,1,1,1,4.0,,0.0,0,1981.0,A01,138Â 197Â 950,1.0,4.0,-1.0,1734392,3.0,7,,0.0,2.0,3.0,B01,138Â 197Â 949,1.0
1016046,201900057577,4,30,09:55,1,1,2,1.0,3.0,13027,D34,M,"43,8808460","4,8321190",13,2019,80.0,1.0,1.0,3.0,2272336,1.0,1,1,1,4.0,,0.0,0,1981.0,A01,138Â 197Â 950,1.0,4.0,-1.0,1734393,3.0,15,,15.0,0.0,2.0,A01,138Â 197Â 950,1.0
1016047,201900057578,10,25,18:15,1,1,3,8.0,5.0,29220,Route de Plobannalec,M,"47,8468250"," -4,2268930",29,2019,70.0,1.0,1.0,3.0,2272337,1.0,1,2,1,1.0,,0.0,0,1996.0,A01,138Â 197Â 952,2.0,6.0,-1.0,1734394,1.0,33,,0.0,2.0,9.0,A01,138Â 197Â 952,1.0
1016047,201900057578,10,25,18:15,1,1,3,8.0,5.0,29220,Route de Plobannalec,M,"47,8468250"," -4,2268930",29,2019,70.0,1.0,1.0,3.0,2272337,1.0,1,2,1,1.0,,0.0,0,1996.0,A01,138Â 197Â 952,2.0,6.0,-1.0,1734395,2.0,7,,0.0,2.0,3.0,B01,138Â 197Â 958,1.0
1016047,201900057578,10,25,18:15,1,1,3,8.0,5.0,29220,Route de Plobannalec,M,"47,8468250"," -4,2268930",29,2019,70.0,1.0,1.0,3.0,2272337,1.0,1,2,1,1.0,,0.0,0,1996.0,A01,138Â 197Â 952,2.0,6.0,-1.0,1734396,1.0,7,,0.0,2.0,8.0,C01,138Â 197Â 962,1.0
1016047,201900057578,10,25,18:15,1,1,3,8.0,5.0,29220,Route de Plobannalec,M,"47,8468250"," -4,2268930",29,2019,70.0,1.0,1.0,3.0,2272338,1.0,1,1,2,5.0,,0.0,0,1983.0,B01,138Â 197Â 958,1.0,-1.0,-1.0,1734394,1.0,33,,0.0,2.0,9.0,A01,138Â 197Â 952,1.0
1016047,201900057578,10,25,18:15,1,1,3,8.0,5.0,29220,Route de Plobannalec,M,"47,8468250"," -4,2268930",29,2019,70.0,1.0,1.0,3.0,2272338,1.0,1,1,2,5.0,,0.0,0,1983.0,B01,138Â 197Â 958,1.0,-1.0,-1.0,1734395,2.0,7,,0.0,2.0,3.0,B01,138Â 197Â 958,1.0
1016047,201900057578,10,25,18:15,1,1,3,8.0,5.0,29220,Route de Plobannalec,M,"47,8468250"," -4,2268930",29,2019,70.0,1.0,1.0,3.0,2272338,1.0,1,1,2,5.0,,0.0,0,1983.0,B01,138Â 197Â 958,1.0,-1.0,-1.0,1734396,1.0,7,,0.0,2.0,8.0,C01,138Â 197Â 962,1.0
1016047,201900057578,10,25,18:15,1,1,3,8.0,5.0,29220,Route de Plobannalec,M,"47,8468250"," -4,2268930",29,2019,70.0,1.0,1.0,3.0,2272339,1.0,1,1,1,5.0,,0.0,0,1965.0,C01,138Â 197Â 962,1.0,-1.0,-1.0,1734394,1.0,33,,0.0,2.0,9.0,A01,138Â 197Â 952,1.0
1016047,201900057578,10,25,18:15,1,1,3,8.0,5.0,29220,Route de Plobannalec,M,"47,8468250"," -4,2268930",29,2019,70.0,1.0,1.0,3.0,2272339,1.0,1,1,1,5.0,,0.0,0,1965.0,C01,138Â 197Â 962,1.0,-1.0,-1.0,1734395,2.0,7,,0.0,2.0,3.0,B01,138Â 197Â 958,1.0
1016047,201900057578,10,25,18:15,1,1,3,8.0,5.0,29220,Route de Plobannalec,M,"47,8468250"," -4,2268930",29,2019,70.0,1.0,1.0,3.0,2272339,1.0,1,1,1,5.0,,0.0,0,1965.0,C01,138Â 197Â 962,1.0,-1.0,-1.0,1734396,1.0,7,,0.0,2.0,8.0,C01,138Â 197Â 962,1.0
1016048,201900057579,3,27,17:15,1,1,2,1.0,3.0,33494,Piste cyclable D801 / Rte Sablons,M,"44,9504900"," -0,8567900",33,2019,-1.0,5.0,1.0,3.0,2272340,1.0,1,1,1,1.0,,0.0,0,1990.0,A01,138Â 197Â 940,1.0,-1.0,-1.0,1734397,0.0,7,,0.0,2.0,1.0,A01,138Â 197Â 940,1.0
1016048,201900057579,3,27,17:15,1,1,2,1.0,3.0,33494,Piste cyclable D801 / Rte Sablons,M,"44,9504900"," -0,8567900",33,2019,-1.0,5.0,1.0,3.0,2272340,1.0,1,1,1,1.0,,0.0,0,1990.0,A01,138Â 197Â 940,1.0,-1.0,-1.0,1734398,2.0,1,,0.0,2.0,8.0,B01,138Â 197Â 941,5.0
1016048,201900057579,3,27,17:15,1,1,2,1.0,3.0,33494,Piste cyclable D801 / Rte Sablons,M,"44,9504900"," -0,8567900",33,2019,-1.0,5.0,1.0,3.0,2272341,1.0,1,2,1,5.0,,0.0,0,1950.0,B01,138Â 197Â 941,2.0,-1.0,-1.0,1734397,0.0,7,,0.0,2.0,1.0,A01,138Â 197Â 940,1.0
1016048,201900057579,3,27,17:15,1,1,2,1.0,3.0,33494,Piste cyclable D801 / Rte Sablons,M,"44,9504900"," -0,8567900",33,2019,-1.0,5.0,1.0,3.0,2272341,1.0,1,2,1,5.0,,0.0,0,1950.0,B01,138Â 197Â 941,2.0,-1.0,-1.0,1734398,2.0,1,,0.0,2.0,8.0,B01,138Â 197Â 941,5.0
1016049,201900057580,8,17,11:50,1,2,1,1.0,6.0,34243,D 986,M,"43,9047800","3,7378300",34,2019,50.0,3.0,1.0,3.0,2272342,1.0,1,3,1,5.0,,0.0,0,1981.0,A01,138Â 197Â 920,2.0,-1.0,-1.0,1734399,1.0,33,,2.0,0.0,1.0,A01,138Â 197Â 920,1.0
1016050,201900057581,9,21,18:30,1,2,6,8.0,3.0,69081,PEROLLIER (DU)                          ,M,"45,7874300","4,7790400",69,2019,50.0,1.0,1.0,4.0,2272343,1.0,1,4,1,5.0,,-1.0,0,1951.0,A01,138Â 197Â 919,2.0,8.0,-1.0,1734400,3.0,80,,0.0,2.0,3.0,A01,138Â 197Â 919,3.0
1016050,201900057581,9,21,18:30,1,2,6,8.0,3.0,69081,PEROLLIER (DU)                          ,M,"45,7874300","4,7790400",69,2019,50.0,1.0,1.0,4.0,2272343,1.0,1,4,1,5.0,,-1.0,0,1951.0,A01,138Â 197Â 919,2.0,8.0,-1.0,1734401,3.0,7,,0.0,2.0,5.0,B01,138Â 197Â 921,1.0
1016050,201900057581,9,21,18:30,1,2,6,8.0,3.0,69081,PEROLLIER (DU)                          ,M,"45,7874300","4,7790400",69,2019,50.0,1.0,1.0,4.0,2272344,1.0,1,1,1,5.0,,-1.0,0,1973.0,B01,138Â 197Â 921,1.0,8.0,-1.0,1734400,3.0,80,,0.0,2.0,3.0,A01,138Â 197Â 919,3.0
1016050,201900057581,9,21,18:30,1,2,6,8.0,3.0,69081,PEROLLIER (DU)                          ,M,"45,7874300","4,7790400",69,2019,50.0,1.0,1.0,4.0,2272344,1.0,1,1,1,5.0,,-1.0,0,1973.0,B01,138Â 197Â 921,1.0,8.0,-1.0,1734401,3.0,7,,0.0,2.0,5.0,B01,138Â 197Â 921,1.0
1016051,201900057582,9,21,17:39,1,2,1,1.0,6.0,69384,HENON                               (R ),M,"45,7796200","4,8196400",69,2019,50.0,1.0,1.0,4.0,2272345,1.0,1,1,2,5.0,,-1.0,0,1986.0,A01,138Â 197Â 913,1.0,0.0,-1.0,1734402,1.0,7,,1.0,0.0,0.0,A01,138Â 197Â 913,1.0
1016051,201900057582,9,21,17:39,1,2,1,1.0,6.0,69384,HENON                               (R ),M,"45,7796200","4,8196400",69,2019,50.0,1.0,1.0,4.0,2272346,10.0,3,4,2,5.0,,1.0,3,2010.0,A01,138Â 197Â 913,8.0,0.0,-1.0,1734402,1.0,7,,1.0,0.0,0.0,A01,138Â 197Â 913,1.0
1016052,201900057583,3,21,18:55,5,2,1,1.0,3.0,33037,RD 1113,M,"44,6989920"," -0,4486380",33,2019,50.0,1.0,1.0,3.0,2272347,1.0,1,3,1,5.0,,0.0,0,1984.0,A01,138Â 197Â 915,2.0,6.0,-1.0,1734403,2.0,33,,0.0,2.0,1.0,A01,138Â 197Â 915,0.0
1016052,201900057583,3,21,18:55,5,2,1,1.0,3.0,33037,RD 1113,M,"44,6989920"," -0,4486380",33,2019,50.0,1.0,1.0,3.0,2272347,1.0,1,3,1,5.0,,0.0,0,1984.0,A01,138Â 197Â 915,2.0,6.0,-1.0,1734404,2.0,7,,0.0,2.0,3.0,B01,138Â 197Â 917,0.0
1016052,201900057583,3,21,18:55,5,2,1,1.0,3.0,33037,RD 1113,M,"44,6989920"," -0,4486380",33,2019,50.0,1.0,1.0,3.0,2272348,1.0,1,1,1,5.0,,0.0,0,1996.0,B01,138Â 197Â 917,1.0,-1.0,-1.0,1734403,2.0,33,,0.0,2.0,1.0,A01,138Â 197Â 915,0.0
1016052,201900057583,3,21,18:55,5,2,1,1.0,3.0,33037,RD 1113,M,"44,6989920"," -0,4486380",33,2019,50.0,1.0,1.0,3.0,2272348,1.0,1,1,1,5.0,,0.0,0,1996.0,B01,138Â 197Â 917,1.0,-1.0,-1.0,1734404,2.0,7,,0.0,2.0,3.0,B01,138Â 197Â 917,0.0
1016053,201900057584,5,5,16:10,1,2,1,6.0,1.0,13066,Chemin la Draillette,M,"43,8315470","4,9004230",13,2019,50.0,1.0,1.0,4.0,2272349,1.0,1,2,1,1.0,,0.0,0,1952.0,B01,138Â 197Â 911,0.0,-1.0,-1.0,1734405,3.0,1,,0.0,2.0,1.0,B01,138Â 197Â 911,6.0
1016053,201900057584,5,5,16:10,1,2,1,6.0,1.0,13066,Chemin la Draillette,M,"43,8315470","4,9004230",13,2019,50.0,1.0,1.0,4.0,2272349,1.0,1,2,1,1.0,,0.0,0,1952.0,B01,138Â 197Â 911,0.0,-1.0,-1.0,1734406,3.0,7,,0.0,9.0,2.0,A01,138Â 197Â 918,1.0
1016053,201900057584,5,5,16:10,1,2,1,6.0,1.0,13066,Chemin la Draillette,M,"43,8315470","4,9004230",13,2019,50.0,1.0,1.0,4.0,2272350,1.0,1,1,2,5.0,,0.0,0,1998.0,A01,138Â 197Â 918,1.0,-1.0,-1.0,1734405,3.0,1,,0.0,2.0,1.0,B01,138Â 197Â 911,6.0
1016053,201900057584,5,5,16:10,1,2,1,6.0,1.0,13066,Chemin la Draillette,M,"43,8315470","4,9004230",13,2019,50.0,1.0,1.0,4.0,2272350,1.0,1,1,2,5.0,,0.0,0,1998.0,A01,138Â 197Â 918,1.0,-1.0,-1.0,1734406,3.0,7,,0.0,9.0,2.0,A01,138Â 197Â 918,1.0
1016054,201900057585,2,15,17:00,1,2,2,1.0,6.0,75104,PLACE DU CHATELET,M,"48,8577270","2,3477790",75,2019,50.0,1.0,1.0,4.0,2272351,1.0,1,1,1,4.0,,0.0,0,1985.0,A01,138Â 197Â 910,1.0,0.0,-1.0,1734407,1.0,10,,0.0,1.0,1.0,A01,138Â 197Â 910,1.0
1016054,201900057585,2,15,17:00,1,2,2,1.0,6.0,75104,PLACE DU CHATELET,M,"48,8577270","2,3477790",75,2019,50.0,1.0,1.0,4.0,2272352,10.0,3,4,1,9.0,,4.0,3,1972.0,A01,138Â 197Â 910,8.0,0.0,-1.0,1734407,1.0,10,,0.0,1.0,1.0,A01,138Â 197Â 910,1.0
1016055,201900057586,5,24,20:28,1,1,1,1.0,7.0,13079,DN7,M,"43,4875310","5,6717490",13,2019,80.0,3.0,1.0,3.0,2272353,1.0,1,3,1,5.0,,0.0,0,1993.0,A01,138Â 197Â 908,0.0,-1.0,-1.0,1734408,2.0,33,,0.0,0.0,9.0,A01,138Â 197Â 908,1.0
1016055,201900057586,5,24,20:28,1,1,1,1.0,7.0,13079,DN7,M,"43,4875310","5,6717490",13,2019,80.0,3.0,1.0,3.0,2272354,2.0,2,3,1,0.0,,0.0,0,1980.0,A01,138Â 197Â 908,0.0,-1.0,-1.0,1734408,2.0,33,,0.0,0.0,9.0,A01,138Â 197Â 908,1.0
1016056,201900057587,2,15,16:00,1,2,1,1.0,3.0,94078,THIMONNIER (R),M,"48,7500000","2,4400000",94,2019,50.0,1.0,1.0,4.0,2272355,1.0,1,4,1,9.0,,0.0,0,1975.0,A01,138Â 197Â 907,2.0,6.0,-1.0,1734409,1.0,34,,0.0,2.0,3.0,A01,138Â 197Â 907,1.0
1016056,201900057587,2,15,16:00,1,2,1,1.0,3.0,94078,THIMONNIER (R),M,"48,7500000","2,4400000",94,2019,50.0,1.0,1.0,4.0,2272355,1.0,1,4,1,9.0,,0.0,0,1975.0,A01,138Â 197Â 907,2.0,6.0,-1.0,1734410,1.0,7,,0.0,2.0,8.0,B01,138Â 197Â 909,0.0
1016056,201900057587,2,15,16:00,1,2,1,1.0,3.0,94078,THIMONNIER (R),M,"48,7500000","2,4400000",94,2019,50.0,1.0,1.0,4.0,2272356,1.0,1,4,2,5.0,,0.0,0,1982.0,B01,138Â 197Â 909,1.0,0.0,-1.0,1734409,1.0,34,,0.0,2.0,3.0,A01,138Â 197Â 907,1.0
1016056,201900057587,2,15,16:00,1,2,1,1.0,3.0,94078,THIMONNIER (R),M,"48,7500000","2,4400000",94,2019,50.0,1.0,1.0,4.0,2272356,1.0,1,4,2,5.0,,0.0,0,1982.0,B01,138Â 197Â 909,1.0,0.0,-1.0,1734410,1.0,7,,0.0,2.0,8.0,B01,138Â 197Â 909,0.0
1016057,201900057588,9,21,02:17,3,1,1,1.0,3.0,97113,PETIT HAVRE (SECTEUR),M,"16,2160071"," -61,4223187",971,2019,80.0,1.0,1.0,2.0,2272357,1.0,1,4,1,9.0,,-1.0, -1,1977.0,B01,138Â 197Â 904,1.0,0.0,-1.0,1734411,3.0,7,,0.0,2.0,8.0,B01,138Â 197Â 904,1.0
1016057,201900057588,9,21,02:17,3,1,1,1.0,3.0,97113,PETIT HAVRE (SECTEUR),M,"16,2160071"," -61,4223187",971,2019,80.0,1.0,1.0,2.0,2272357,1.0,1,4,1,9.0,,-1.0, -1,1977.0,B01,138Â 197Â 904,1.0,0.0,-1.0,1734412,3.0,7,,0.0,2.0,8.0,A01,138Â 197Â 912,1.0
1016057,201900057588,9,21,02:17,3,1,1,1.0,3.0,97113,PETIT HAVRE (SECTEUR),M,"16,2160071"," -61,4223187",971,2019,80.0,1.0,1.0,2.0,2272358,1.0,1,4,1,0.0,,-1.0, -1,1997.0,A01,138Â 197Â 912,1.0,8.0,-1.0,1734411,3.0,7,,0.0,2.0,8.0,B01,138Â 197Â 904,1.0
1016057,201900057588,9,21,02:17,3,1,1,1.0,3.0,97113,PETIT HAVRE (SECTEUR),M,"16,2160071"," -61,4223187",971,2019,80.0,1.0,1.0,2.0,2272358,1.0,1,4,1,0.0,,-1.0, -1,1997.0,A01,138Â 197Â 912,1.0,8.0,-1.0,1734412,3.0,7,,0.0,2.0,8.0,A01,138Â 197Â 912,1.0
1016058,201900057589,5,10,21:00,5,2,1,1.0,7.0,13015,A. Ferdinand de Lesseps,M,"43,4258720","5,3948910",13,2019,50.0,8.0,1.0,3.0,2272359,1.0,1,2,1,1.0,,0.0,0,1981.0,A01,138Â 197Â 906,2.0,6.0,-1.0,1734413,1.0,33,,12.0,0.0,1.0,A01,138Â 197Â 906,1.0
1016059,201900057590,3,18,16:45,1,2,9,1.0,6.0,27397,54 Rue Aristide Briand,M,"49,0332300","1,3677480",27,2019,30.0,1.0,1.0,3.0,2272360,1.0,1,1,1,0.0,,0.0,0,1984.0,A01,138Â 197Â 905,1.0,-1.0,-1.0,1734414,0.0,7,,0.0,1.0,3.0,A01,138Â 197Â 905,1.0
1016059,201900057590,3,18,16:45,1,2,9,1.0,6.0,27397,54 Rue Aristide Briand,M,"49,0332300","1,3677480",27,2019,30.0,1.0,1.0,3.0,2272361,10.0,3,4,1,0.0,,2.0,3,2009.0,A01,138Â 197Â 905,0.0,-1.0,-1.0,1734414,0.0,7,,0.0,1.0,3.0,A01,138Â 197Â 905,1.0
1016060,201900057591,2,15,13:00,1,2,3,1.0,6.0,94074,VINCENT BUREAU (R),M,"48,7451212","2,4694485",94,2019,50.0,1.0,1.0,3.0,2272362,1.0,1,1,2,5.0,,0.0,0,1953.0,A01,138Â 197Â 900,1.0,0.0,-1.0,1734415,1.0,7,,0.0,1.0,1.0,A01,138Â 197Â 900,1.0
1016060,201900057591,2,15,13:00,1,2,3,1.0,6.0,94074,VINCENT BUREAU (R),M,"48,7451212","2,4694485",94,2019,50.0,1.0,1.0,3.0,2272363,10.0,3,3,2,5.0,,2.0,3,1952.0,A01,138Â 197Â 900,8.0,0.0,-1.0,1734415,1.0,7,,0.0,1.0,1.0,A01,138Â 197Â 900,1.0
1016061,201900057592,9,21,18:10,1,2,1,1.0,2.0,2A004,ALATA ROUTE,M,"41,9371000","8,7359000",2A,2019,50.0,1.0,1.0,3.0,2272364,1.0,1,4,1,0.0,,-1.0, -1,1983.0,B01,138Â 197Â 898,1.0,0.0,-1.0,1734416,2.0,7,,0.0,2.0,4.0,B01,138Â 197Â 898,1.0
1016061,201900057592,9,21,18:10,1,2,1,1.0,2.0,2A004,ALATA ROUTE,M,"41,9371000","8,7359000",2A,2019,50.0,1.0,1.0,3.0,2272364,1.0,1,4,1,0.0,,-1.0, -1,1983.0,B01,138Â 197Â 898,1.0,0.0,-1.0,1734417,2.0,10,,0.0,2.0,1.0,A01,138Â 197Â 899,1.0
1016061,201900057592,9,21,18:10,1,2,1,1.0,2.0,2A004,ALATA ROUTE,M,"41,9371000","8,7359000",2A,2019,50.0,1.0,1.0,3.0,2272365,1.0,1,1,1,4.0,,-1.0, -1,1969.0,A01,138Â 197Â 899,1.0,0.0,-1.0,1734416,2.0,7,,0.0,2.0,4.0,B01,138Â 197Â 898,1.0
1016061,201900057592,9,21,18:10,1,2,1,1.0,2.0,2A004,ALATA ROUTE,M,"41,9371000","8,7359000",2A,2019,50.0,1.0,1.0,3.0,2272365,1.0,1,1,1,4.0,,-1.0, -1,1969.0,A01,138Â 197Â 899,1.0,0.0,-1.0,1734417,2.0,10,,0.0,2.0,1.0,A01,138Â 197Â 899,1.0