Unnamed: 0_x,num_acc,mois,jour,hrmn,lum,agg,int,atm,col,com,adr,gps,lat,long,dep,annee,vma,situ,surf,catr,Unnamed: 0_y,place,catu,grav,sexe,trajet,secu,locp,actp,an_nais,num_veh_x,id_vehicule_x,secu1,secu2,secu3,Unnamed: 0,senc,catv,occutc,obs,obsm,choc,num_veh_y,id_vehicule_y,motor
1016062,201900057593,3,28,10:25,1,2,1,8.0,1.0,59026,rd 643,M,"50,2606480","3,1593500",59,2019,50.0,1.0,1.0,3.0,2272366,1.0,1,4,2,4.0,,0.0,0,1992.0,B01,138Â 197Â 895,1.0,5.0,-1.0,1734418,1.0,10,,0.0,2.0,1.0,B01,138Â 197Â 895,1.0
1016062,201900057593,3,28,10:25,1,2,1,8.0,1.0,59026,rd 643,M,"50,2606480","3,1593500",59,2019,50.0,1.0,1.0,3.0,2272366,1.0,1,4,2,4.0,,0.0,0,1992.0,B01,138Â 197Â 895,1.0,5.0,-1.0,1734419,1.0,7,,0.0,2.0,1.0,A01,138Â 197Â 897,1.0
1016062,201900057593,3,28,10:25,1,2,1,8.0,1.0,59026,rd 643,M,"50,2606480","3,1593500",59,2019,50.0,1.0,1.0,3.0,2272367,1.0,1,2,1,5.0,,0.0,0,1936.0,A01,138Â 197Â 897,1.0,-1.0,-1.0,1734418,1.0,10,,0.0,2.0,1.0,B01,138Â 197Â 895,1.0
1016062,201900057593,3,28,10:25,1,2,1,8.0,1.0,59026,rd 643,M,"50,2606480","3,1593500",59,2019,50.0,1.0,1.0,3.0,2272367,1.0,1,2,1,5.0,,0.0,0,1936.0,A01,138Â 197Â 897,1.0,-1.0,-1.0,1734419,1.0,7,,0.0,2.0,1.0,A01,138Â 197Â 897,1.0
1016063,201900057594,2,14,12:45,1,2,2,1.0,3.0,94068,CAFFIN (AV),M,"48,7932600","2,5025000",94,2019,50.0,1.0,1.0,4.0,2272368,2.0,1,4,2,1.0,,-1.0, -1,1984.0,B01,138Â 197Â 892,8.0,0.0,-1.0,1734420,1.0,1,,0.0,2.0,1.0,B01,138Â 197Â 892,5.0
1016063,201900057594,2,14,12:45,1,2,2,1.0,3.0,94068,CAFFIN (AV),M,"48,7932600","2,5025000",94,2019,50.0,1.0,1.0,4.0,2272368,2.0,1,4,2,1.0,,-1.0, -1,1984.0,B01,138Â 197Â 892,8.0,0.0,-1.0,1734421,1.0,10,,0.0,2.0,2.0,A01,138Â 197Â 894,1.0
1016063,201900057594,2,14,12:45,1,2,2,1.0,3.0,94068,CAFFIN (AV),M,"48,7932600","2,5025000",94,2019,50.0,1.0,1.0,4.0,2272369,1.0,1,1,1,4.0,,-1.0, -1,1975.0,A01,138Â 197Â 894,1.0,8.0,-1.0,1734420,1.0,1,,0.0,2.0,1.0,B01,138Â 197Â 892,5.0
1016063,201900057594,2,14,12:45,1,2,2,1.0,3.0,94068,CAFFIN (AV),M,"48,7932600","2,5025000",94,2019,50.0,1.0,1.0,4.0,2272369,1.0,1,1,1,4.0,,-1.0, -1,1975.0,A01,138Â 197Â 894,1.0,8.0,-1.0,1734421,1.0,10,,0.0,2.0,2.0,A01,138Â 197Â 894,1.0
1016064,201900057595,9,21,13:30,1,2,1,1.0,1.0,2A004,ROUTE DU STILETTO,M,"41,9460018","8,7685273",2A,2019,50.0,1.0,1.0,3.0,2272370,2.0,2,1,2,4.0,,0.0,0,1980.0,B01,138Â 197Â 889,1.0,0.0,-1.0,1734422,3.0,7,,0.0,2.0,3.0,B01,138Â 197Â 889,1.0
1016064,201900057595,9,21,13:30,1,2,1,1.0,1.0,2A004,ROUTE DU STILETTO,M,"41,9460018","8,7685273",2A,2019,50.0,1.0,1.0,3.0,2272370,2.0,2,1,2,4.0,,0.0,0,1980.0,B01,138Â 197Â 889,1.0,0.0,-1.0,1734423,3.0,7,,0.0,2.0,3.0,A01,138Â 197Â 890,1.0
1016064,201900057595,9,21,13:30,1,2,1,1.0,1.0,2A004,ROUTE DU STILETTO,M,"41,9460018","8,7685273",2A,2019,50.0,1.0,1.0,3.0,2272371,1.0,1,1,2,9.0,,0.0,0,2001.0,B01,138Â 197Â 889,1.0,0.0,-1.0,1734422,3.0,7,,0.0,2.0,3.0,B01,138Â 197Â 889,1.0
1016064,201900057595,9,21,13:30,1,2,1,1.0,1.0,2A004,ROUTE DU STILETTO,M,"41,9460018","8,7685273",2A,2019,50.0,1.0,1.0,3.0,2272371,1.0,1,1,2,9.0,,0.0,0,2001.0,B01,138Â 197Â 889,1.0,0.0,-1.0,1734423,3.0,7,,0.0,2.0,3.0,A01,138Â 197Â 890,1.0
1016064,201900057595,9,21,13:30,1,2,1,1.0,1.0,2A004,ROUTE DU STILETTO,M,"41,9460018","8,7685273",2A,2019,50.0,1.0,1.0,3.0,2272372,1.0,1,1,2,0.0,,0.0,0,1981.0,A01,138Â 197Â 890,1.0,0.0,-1.0,1734422,3.0,7,,0.0,2.0,3.0,B01,138Â 197Â 889,1.0
1016064,201900057595,9,21,13:30,1,2,1,1.0,1.0,2A004,ROUTE DU STILETTO,M,"41,9460018","8,7685273",2A,2019,50.0,1.0,1.0,3.0,2272372,1.0,1,1,2,0.0,,0.0,0,1981.0,A01,138Â 197Â 890,1.0,0.0,-1.0,1734423,3.0,7,,0.0,2.0,3.0,A01,138Â 197Â 890,1.0
1016064,201900057595,9,21,13:30,1,2,1,1.0,1.0,2A004,ROUTE DU STILETTO,M,"41,9460018","8,7685273",2A,2019,50.0,1.0,1.0,3.0,2272373,4.0,2,4,2,0.0,,0.0,0,2011.0,A01,138Â 197Â 890,1.0,0.0,-1.0,1734422,3.0,7,,0.0,2.0,3.0,B01,138Â 197Â 889,1.0
1016064,201900057595,9,21,13:30,1,2,1,1.0,1.0,2A004,ROUTE DU STILETTO,M,"41,9460018","8,7685273",2A,2019,50.0,1.0,1.0,3.0,2272373,4.0,2,4,2,0.0,,0.0,0,2011.0,A01,138Â 197Â 890,1.0,0.0,-1.0,1734423,3.0,7,,0.0,2.0,3.0,A01,138Â 197Â 890,1.0
1016065,201900057596,5,23,19:30,1,2,1,1.0,3.0,13041,Avenue Pierre Brossolette,M,"43,4567790","5,4826190",13,2019,50.0,1.0,1.0,4.0,2272374,1.0,1,3,1,0.0,,0.0,0,1977.0,B01,138Â 197Â 885,2.0,-1.0,-1.0,1734424,0.0,1,,0.0,2.0,7.0,B01,138Â 197Â 885,5.0
1016065,201900057596,5,23,19:30,1,2,1,1.0,3.0,13041,Avenue Pierre Brossolette,M,"43,4567790","5,4826190",13,2019,50.0,1.0,1.0,4.0,2272374,1.0,1,3,1,0.0,,0.0,0,1977.0,B01,138Â 197Â 885,2.0,-1.0,-1.0,1734425,3.0,7,,0.0,2.0,2.0,A01,138Â 197Â 887,1.0
1016065,201900057596,5,23,19:30,1,2,1,1.0,3.0,13041,Avenue Pierre Brossolette,M,"43,4567790","5,4826190",13,2019,50.0,1.0,1.0,4.0,2272375,1.0,1,1,1,0.0,,0.0,0,1967.0,A01,138Â 197Â 887,1.0,-1.0,-1.0,1734424,0.0,1,,0.0,2.0,7.0,B01,138Â 197Â 885,5.0
1016065,201900057596,5,23,19:30,1,2,1,1.0,3.0,13041,Avenue Pierre Brossolette,M,"43,4567790","5,4826190",13,2019,50.0,1.0,1.0,4.0,2272375,1.0,1,1,1,0.0,,0.0,0,1967.0,A01,138Â 197Â 887,1.0,-1.0,-1.0,1734425,3.0,7,,0.0,2.0,2.0,A01,138Â 197Â 887,1.0
1016066,201900057597,8,17,08:50,1,2,1,1.0,3.0,31454,41 Avenue de Maroule,M,"43,4104480","1,1119960",31,2019,-1.0,1.0,1.0,3.0,2272376,1.0,1,3,1,5.0,,0.0,0,1963.0,B01,138Â 197Â 881,2.0,6.0,9.0,1734426,2.0,33,,0.0,2.0,1.0,B01,138Â 197Â 881,0.0
1016066,201900057597,8,17,08:50,1,2,1,1.0,3.0,31454,41 Avenue de Maroule,M,"43,4104480","1,1119960",31,2019,-1.0,1.0,1.0,3.0,2272376,1.0,1,3,1,5.0,,0.0,0,1963.0,B01,138Â 197Â 881,2.0,6.0,9.0,1734427,1.0,7,,0.0,2.0,2.0,A01,138Â 197Â 903,0.0
1016066,201900057597,8,17,08:50,1,2,1,1.0,3.0,31454,41 Avenue de Maroule,M,"43,4104480","1,1119960",31,2019,-1.0,1.0,1.0,3.0,2272377,1.0,1,1,1,5.0,,0.0,0,1962.0,A01,138Â 197Â 903,1.0,-1.0,-1.0,1734426,2.0,33,,0.0,2.0,1.0,B01,138Â 197Â 881,0.0
1016066,201900057597,8,17,08:50,1,2,1,1.0,3.0,31454,41 Avenue de Maroule,M,"43,4104480","1,1119960",31,2019,-1.0,1.0,1.0,3.0,2272377,1.0,1,1,1,5.0,,0.0,0,1962.0,A01,138Â 197Â 903,1.0,-1.0,-1.0,1734427,1.0,7,,0.0,2.0,2.0,A01,138Â 197Â 903,0.0
1016067,201900057598,10,14,17:05,1,1,1,1.0,7.0,38172,Route d'Artas,M,"45,5543693","5,1887376",38,2019,80.0,1.0,1.0,4.0,2272378,1.0,1,3,1,5.0,,0.0,0,1996.0,A01,138Â 197Â 879,2.0,-1.0,-1.0,1734428,0.0,33,,0.0,0.0,0.0,A01,138Â 197Â 879,1.0
1016068,201900057599,2,14,09:50,1,2,1,1.0,4.0,94068,BAC - PONT DE CHENNEVIERES (AV DU),M,"48,7908000","2,5209100",94,2019,50.0,1.0,1.0,3.0,2272379,1.0,1,1,1,0.0,,-1.0, -1,1992.0,A01,138Â 197Â 877,1.0,0.0,-1.0,1734429,1.0,7,,0.0,2.0,1.0,A01,138Â 197Â 877,1.0
1016068,201900057599,2,14,09:50,1,2,1,1.0,4.0,94068,BAC - PONT DE CHENNEVIERES (AV DU),M,"48,7908000","2,5209100",94,2019,50.0,1.0,1.0,3.0,2272379,1.0,1,1,1,0.0,,-1.0, -1,1992.0,A01,138Â 197Â 877,1.0,0.0,-1.0,1734430,1.0,7,,0.0,2.0,4.0,B01,138Â 197Â 883,1.0
1016068,201900057599,2,14,09:50,1,2,1,1.0,4.0,94068,BAC - PONT DE CHENNEVIERES (AV DU),M,"48,7908000","2,5209100",94,2019,50.0,1.0,1.0,3.0,2272379,1.0,1,1,1,0.0,,-1.0, -1,1992.0,A01,138Â 197Â 877,1.0,0.0,-1.0,1734431,1.0,10,,0.0,0.0,4.0,C01,138Â 197Â 884,1.0
1016068,201900057599,2,14,09:50,1,2,1,1.0,4.0,94068,BAC - PONT DE CHENNEVIERES (AV DU),M,"48,7908000","2,5209100",94,2019,50.0,1.0,1.0,3.0,2272380,1.0,1,1,2,2.0,,-1.0, -1,1975.0,B01,138Â 197Â 883,1.0,0.0,-1.0,1734429,1.0,7,,0.0,2.0,1.0,A01,138Â 197Â 877,1.0
1016068,201900057599,2,14,09:50,1,2,1,1.0,4.0,94068,BAC - PONT DE CHENNEVIERES (AV DU),M,"48,7908000","2,5209100",94,2019,50.0,1.0,1.0,3.0,2272380,1.0,1,1,2,2.0,,-1.0, -1,1975.0,B01,138Â 197Â 883,1.0,0.0,-1.0,1734430,1.0,7,,0.0,2.0,4.0,B01,138Â 197Â 883,1.0
1016068,201900057599,2,14,09:50,1,2,1,1.0,4.0,94068,BAC - PONT DE CHENNEVIERES (AV DU),M,"48,7908000","2,5209100",94,2019,50.0,1.0,1.0,3.0,2272380,1.0,1,1,2,2.0,,-1.0, -1,1975.0,B01,138Â 197Â 883,1.0,0.0,-1.0,1734431,1.0,10,,0.0,0.0,4.0,C01,138Â 197Â 884,1.0
1016068,201900057599,2,14,09:50,1,2,1,1.0,4.0,94068,BAC - PONT DE CHENNEVIERES (AV DU),M,"48,7908000","2,5209100",94,2019,50.0,1.0,1.0,3.0,2272381,3.0,2,4,1,2.0,,-1.0, -1,2018.0,B01,138Â 197Â 883,3.0,0.0,-1.0,1734429,1.0,7,,0.0,2.0,1.0,A01,138Â 197Â 877,1.0
1016068,201900057599,2,14,09:50,1,2,1,1.0,4.0,94068,BAC - PONT DE CHENNEVIERES (AV DU),M,"48,7908000","2,5209100",94,2019,50.0,1.0,1.0,3.0,2272381,3.0,2,4,1,2.0,,-1.0, -1,2018.0,B01,138Â 197Â 883,3.0,0.0,-1.0,1734430,1.0,7,,0.0,2.0,4.0,B01,138Â 197Â 883,1.0
1016068,201900057599,2,14,09:50,1,2,1,1.0,4.0,94068,BAC - PONT DE CHENNEVIERES (AV DU),M,"48,7908000","2,5209100",94,2019,50.0,1.0,1.0,3.0,2272381,3.0,2,4,1,2.0,,-1.0, -1,2018.0,B01,138Â 197Â 883,3.0,0.0,-1.0,1734431,1.0,10,,0.0,0.0,4.0,C01,138Â 197Â 884,1.0
1016068,201900057599,2,14,09:50,1,2,1,1.0,4.0,94068,BAC - PONT DE CHENNEVIERES (AV DU),M,"48,7908000","2,5209100",94,2019,50.0,1.0,1.0,3.0,2272382,1.0,1,4,1,9.0,,-1.0, -1,1969.0,C01,138Â 197Â 884,1.0,0.0,-1.0,1734429,1.0,7,,0.0,2.0,1.0,A01,138Â 197Â 877,1.0
1016068,201900057599,2,14,09:50,1,2,1,1.0,4.0,94068,BAC - PONT DE CHENNEVIERES (AV DU),M,"48,7908000","2,5209100",94,2019,50.0,1.0,1.0,3.0,2272382,1.0,1,4,1,9.0,,-1.0, -1,1969.0,C01,138Â 197Â 884,1.0,0.0,-1.0,1734430,1.0,7,,0.0,2.0,4.0,B01,138Â 197Â 883,1.0
1016068,201900057599,2,14,09:50,1,2,1,1.0,4.0,94068,BAC - PONT DE CHENNEVIERES (AV DU),M,"48,7908000","2,5209100",94,2019,50.0,1.0,1.0,3.0,2272382,1.0,1,4,1,9.0,,-1.0, -1,1969.0,C01,138Â 197Â 884,1.0,0.0,-1.0,1734431,1.0,10,,0.0,0.0,4.0,C01,138Â 197Â 884,1.0
1016069,201900057600,3,27,17:50,1,1,1,1.0,4.0,33122,AUTOROUTE A 63,M,"44,7536200"," -0,6897800",33,2019,130.0,1.0,1.0,1.0,2272383,1.0,1,1,1,4.0,,-1.0, -1,1967.0,A01,138Â 197Â 878,1.0,8.0,-1.0,1734432,2.0,17,,0.0,2.0,2.0,A01,138Â 197Â 878,1.0
1016069,201900057600,3,27,17:50,1,1,1,1.0,4.0,33122,AUTOROUTE A 63,M,"44,7536200"," -0,6897800",33,2019,130.0,1.0,1.0,1.0,2272383,1.0,1,1,1,4.0,,-1.0, -1,1967.0,A01,138Â 197Â 878,1.0,8.0,-1.0,1734433,2.0,17,,0.0,2.0,1.0,B01,138Â 197Â 886,1.0
1016069,201900057600,3,27,17:50,1,1,1,1.0,4.0,33122,AUTOROUTE A 63,M,"44,7536200"," -0,6897800",33,2019,130.0,1.0,1.0,1.0,2272383,1.0,1,1,1,4.0,,-1.0, -1,1967.0,A01,138Â 197Â 878,1.0,8.0,-1.0,1734434,2.0,15,,0.0,2.0,4.0,C01,138Â 197Â 888,1.0
1016069,201900057600,3,27,17:50,1,1,1,1.0,4.0,33122,AUTOROUTE A 63,M,"44,7536200"," -0,6897800",33,2019,130.0,1.0,1.0,1.0,2272384,1.0,1,4,1,4.0,,-1.0, -1,1974.0,B01,138Â 197Â 886,1.0,8.0,-1.0,1734432,2.0,17,,0.0,2.0,2.0,A01,138Â 197Â 878,1.0
1016069,201900057600,3,27,17:50,1,1,1,1.0,4.0,33122,AUTOROUTE A 63,M,"44,7536200"," -0,6897800",33,2019,130.0,1.0,1.0,1.0,2272384,1.0,1,4,1,4.0,,-1.0, -1,1974.0,B01,138Â 197Â 886,1.0,8.0,-1.0,1734433,2.0,17,,0.0,2.0,1.0,B01,138Â 197Â 886,1.0
1016069,201900057600,3,27,17:50,1,1,1,1.0,4.0,33122,AUTOROUTE A 63,M,"44,7536200"," -0,6897800",33,2019,130.0,1.0,1.0,1.0,2272384,1.0,1,4,1,4.0,,-1.0, -1,1974.0,B01,138Â 197Â 886,1.0,8.0,-1.0,1734434,2.0,15,,0.0,2.0,4.0,C01,138Â 197Â 888,1.0
1016069,201900057600,3,27,17:50,1,1,1,1.0,4.0,33122,AUTOROUTE A 63,M,"44,7536200"," -0,6897800",33,2019,130.0,1.0,1.0,1.0,2272385,1.0,1,1,1,4.0,,-1.0, -1,1964.0,C01,138Â 197Â 888,1.0,8.0,-1.0,1734432,2.0,17,,0.0,2.0,2.0,A01,138Â 197Â 878,1.0
1016069,201900057600,3,27,17:50,1,1,1,1.0,4.0,33122,AUTOROUTE A 63,M,"44,7536200"," -0,6897800",33,2019,130.0,1.0,1.0,1.0,2272385,1.0,1,1,1,4.0,,-1.0, -1,1964.0,C01,138Â 197Â 888,1.0,8.0,-1.0,1734433,2.0,17,,0.0,2.0,1.0,B01,138Â 197Â 886,1.0
1016069,201900057600,3,27,17:50,1,1,1,1.0,4.0,33122,AUTOROUTE A 63,M,"44,7536200"," -0,6897800",33,2019,130.0,1.0,1.0,1.0,2272385,1.0,1,1,1,4.0,,-1.0, -1,1964.0,C01,138Â 197Â 888,1.0,8.0,-1.0,1734434,2.0,15,,0.0,2.0,4.0,C01,138Â 197Â 888,1.0
1016070,201900057601,9,18,18:40,1,2,4,1.0,3.0,2A004,MEZZAVIA ROUTE DE,M,"41,9524900","8,7820700",2A,2019,50.0,1.0,1.0,2.0,2272386,2.0,2,1,2,5.0,,-1.0,0,1987.0,B01,138Â 197Â 875,1.0,0.0,-1.0,1734435,2.0,7,,0.0,2.0,6.0,B01,138Â 197Â 875,1.0
1016070,201900057601,9,18,18:40,1,2,4,1.0,3.0,2A004,MEZZAVIA ROUTE DE,M,"41,9524900","8,7820700",2A,2019,50.0,1.0,1.0,2.0,2272386,2.0,2,1,2,5.0,,-1.0,0,1987.0,B01,138Â 197Â 875,1.0,0.0,-1.0,1734436,2.0,33,,0.0,2.0,1.0,A01,138Â 197Â 882,1.0
1016070,201900057601,9,18,18:40,1,2,4,1.0,3.0,2A004,MEZZAVIA ROUTE DE,M,"41,9524900","8,7820700",2A,2019,50.0,1.0,1.0,2.0,2272387,1.0,1,1,2,5.0,,-1.0,0,1988.0,B01,138Â 197Â 875,1.0,0.0,-1.0,1734435,2.0,7,,0.0,2.0,6.0,B01,138Â 197Â 875,1.0
1016070,201900057601,9,18,18:40,1,2,4,1.0,3.0,2A004,MEZZAVIA ROUTE DE,M,"41,9524900","8,7820700",2A,2019,50.0,1.0,1.0,2.0,2272387,1.0,1,1,2,5.0,,-1.0,0,1988.0,B01,138Â 197Â 875,1.0,0.0,-1.0,1734436,2.0,33,,0.0,2.0,1.0,A01,138Â 197Â 882,1.0
1016070,201900057601,9,18,18:40,1,2,4,1.0,3.0,2A004,MEZZAVIA ROUTE DE,M,"41,9524900","8,7820700",2A,2019,50.0,1.0,1.0,2.0,2272388,1.0,1,4,1,3.0,,-1.0,0,1983.0,A01,138Â 197Â 882,2.0,6.0,-1.0,1734435,2.0,7,,0.0,2.0,6.0,B01,138Â 197Â 875,1.0
1016070,201900057601,9,18,18:40,1,2,4,1.0,3.0,2A004,MEZZAVIA ROUTE DE,M,"41,9524900","8,7820700",2A,2019,50.0,1.0,1.0,2.0,2272388,1.0,1,4,1,3.0,,-1.0,0,1983.0,A01,138Â 197Â 882,2.0,6.0,-1.0,1734436,2.0,33,,0.0,2.0,1.0,A01,138Â 197Â 882,1.0
1016071,201900057602,8,18,13:40,1,2,1,1.0,3.0,97412,Rue Marcel Pagnol,M," -21,3711140","55,6729690",974,2019,50.0,1.0,1.0,2.0,2272389,1.0,1,4,1,5.0,,0.0,0,1984.0,B01,138Â 197Â 867,2.0,6.0,-1.0,1734437,1.0,33,,0.0,2.0,1.0,B01,138Â 197Â 867,1.0
1016071,201900057602,8,18,13:40,1,2,1,1.0,3.0,97412,Rue Marcel Pagnol,M," -21,3711140","55,6729690",974,2019,50.0,1.0,1.0,2.0,2272389,1.0,1,4,1,5.0,,0.0,0,1984.0,B01,138Â 197Â 867,2.0,6.0,-1.0,1734438,0.0,7,,0.0,0.0,5.0,A01,138Â 197Â 868,1.0
1016071,201900057602,8,18,13:40,1,2,1,1.0,3.0,97412,Rue Marcel Pagnol,M," -21,3711140","55,6729690",974,2019,50.0,1.0,1.0,2.0,2272390,1.0,1,1,2,5.0,,0.0,0,1978.0,A01,138Â 197Â 868,1.0,-1.0,-1.0,1734437,1.0,33,,0.0,2.0,1.0,B01,138Â 197Â 867,1.0
1016071,201900057602,8,18,13:40,1,2,1,1.0,3.0,97412,Rue Marcel Pagnol,M," -21,3711140","55,6729690",974,2019,50.0,1.0,1.0,2.0,2272390,1.0,1,1,2,5.0,,0.0,0,1978.0,A01,138Â 197Â 868,1.0,-1.0,-1.0,1734438,0.0,7,,0.0,0.0,5.0,A01,138Â 197Â 868,1.0
1016072,201900057603,1,5,17:20,5,1,1,1.0,2.0,94076,AUTOROUTE A6B,M,"48,7938356","2,3445457",94,2019,90.0,1.0,1.0,1.0,2272391,1.0,1,1,2,0.0,,-1.0,0,1986.0,A01,138Â 197Â 873,1.0,0.0,-1.0,1734439,1.0,7,,0.0,2.0,1.0,A01,138Â 197Â 873,1.0
1016072,201900057603,1,5,17:20,5,1,1,1.0,2.0,94076,AUTOROUTE A6B,M,"48,7938356","2,3445457",94,2019,90.0,1.0,1.0,1.0,2272391,1.0,1,1,2,0.0,,-1.0,0,1986.0,A01,138Â 197Â 873,1.0,0.0,-1.0,1734440,1.0,7,,0.0,2.0,4.0,B01,138Â 197Â 874,1.0
1016072,201900057603,1,5,17:20,5,1,1,1.0,2.0,94076,AUTOROUTE A6B,M,"48,7938356","2,3445457",94,2019,90.0,1.0,1.0,1.0,2272392,1.0,1,4,1,0.0,,-1.0,0,1974.0,B01,138Â 197Â 874,1.0,0.0,-1.0,1734439,1.0,7,,0.0,2.0,1.0,A01,138Â 197Â 873,1.0
1016072,201900057603,1,5,17:20,5,1,1,1.0,2.0,94076,AUTOROUTE A6B,M,"48,7938356","2,3445457",94,2019,90.0,1.0,1.0,1.0,2272392,1.0,1,4,1,0.0,,-1.0,0,1974.0,B01,138Â 197Â 874,1.0,0.0,-1.0,1734440,1.0,7,,0.0,2.0,4.0,B01,138Â 197Â 874,1.0
1016073,201900057604,8,18,05:45,2,2,6,1.0,7.0,97222,RN1-Ron-point du macdo,M,"14,6743290"," -60,9471300",972,2019,50.0,1.0,1.0,2.0,2272393,1.0,1,3,1,0.0,,0.0,0,1991.0,A01,138Â 197Â 865,0.0,-1.0,-1.0,1734441,2.0,32,,10.0,0.0,0.0,A01,138Â 197Â 865,0.0
1016074,201900057605,9,21,21:40,2,2,6,1.0,2.0,91191,PRESIDENT ALLENDE (AVENUE DU),M,"48,7216200","2,4693200",91,2019,50.0,1.0,1.0,4.0,2272394,1.0,1,1,1,9.0,,0.0,0,1945.0,A01,138Â 197Â 863,1.0,0.0,-1.0,1734442,3.0,7,,0.0,2.0,1.0,A01,138Â 197Â 863,1.0
1016074,201900057605,9,21,21:40,2,2,6,1.0,2.0,91191,PRESIDENT ALLENDE (AVENUE DU),M,"48,7216200","2,4693200",91,2019,50.0,1.0,1.0,4.0,2272394,1.0,1,1,1,9.0,,0.0,0,1945.0,A01,138Â 197Â 863,1.0,0.0,-1.0,1734443,3.0,7,,0.0,2.0,5.0,B01,138Â 197Â 866,1.0
1016074,201900057605,9,21,21:40,2,2,6,1.0,2.0,91191,PRESIDENT ALLENDE (AVENUE DU),M,"48,7216200","2,4693200",91,2019,50.0,1.0,1.0,4.0,2272395,1.0,1,4,1,9.0,,0.0,0,1970.0,B01,138Â 197Â 866,1.0,0.0,-1.0,1734442,3.0,7,,0.0,2.0,1.0,A01,138Â 197Â 863,1.0
1016074,201900057605,9,21,21:40,2,2,6,1.0,2.0,91191,PRESIDENT ALLENDE (AVENUE DU),M,"48,7216200","2,4693200",91,2019,50.0,1.0,1.0,4.0,2272395,1.0,1,4,1,9.0,,0.0,0,1970.0,B01,138Â 197Â 866,1.0,0.0,-1.0,1734443,3.0,7,,0.0,2.0,5.0,B01,138Â 197Â 866,1.0
1016075,201900057606,1,5,12:59,1,1,1,1.0,1.0,91661,RD 188 CHEVREUSE,M,"48,6968000","2,2111000",91,2019,70.0,1.0,1.0,2.0,2272396,1.0,1,4,1,0.0,,-1.0, -1,1972.0,A01,138Â 197Â 862,1.0,0.0,-1.0,1734444,1.0,7,,0.0,2.0,1.0,A01,138Â 197Â 862,1.0
1016075,201900057606,1,5,12:59,1,1,1,1.0,1.0,91661,RD 188 CHEVREUSE,M,"48,6968000","2,2111000",91,2019,70.0,1.0,1.0,2.0,2272396,1.0,1,4,1,0.0,,-1.0, -1,1972.0,A01,138Â 197Â 862,1.0,0.0,-1.0,1734445,1.0,7,,0.0,2.0,1.0,B01,138Â 197Â 864,1.0
1016075,201900057606,1,5,12:59,1,1,1,1.0,1.0,91661,RD 188 CHEVREUSE,M,"48,6968000","2,2111000",91,2019,70.0,1.0,1.0,2.0,2272397,1.0,1,3,1,0.0,,0.0,0,1970.0,B01,138Â 197Â 864,1.0,0.0,-1.0,1734444,1.0,7,,0.0,2.0,1.0,A01,138Â 197Â 862,1.0
1016075,201900057606,1,5,12:59,1,1,1,1.0,1.0,91661,RD 188 CHEVREUSE,M,"48,6968000","2,2111000",91,2019,70.0,1.0,1.0,2.0,2272397,1.0,1,3,1,0.0,,0.0,0,1970.0,B01,138Â 197Â 864,1.0,0.0,-1.0,1734445,1.0,7,,0.0,2.0,1.0,B01,138Â 197Â 864,1.0
1016075,201900057606,1,5,12:59,1,1,1,1.0,1.0,91661,RD 188 CHEVREUSE,M,"48,6968000","2,2111000",91,2019,70.0,1.0,1.0,2.0,2272398,2.0,2,3,2,0.0,,0.0,0,1972.0,B01,138Â 197Â 864,1.0,0.0,-1.0,1734444,1.0,7,,0.0,2.0,1.0,A01,138Â 197Â 862,1.0
1016075,201900057606,1,5,12:59,1,1,1,1.0,1.0,91661,RD 188 CHEVREUSE,M,"48,6968000","2,2111000",91,2019,70.0,1.0,1.0,2.0,2272398,2.0,2,3,2,0.0,,0.0,0,1972.0,B01,138Â 197Â 864,1.0,0.0,-1.0,1734445,1.0,7,,0.0,2.0,1.0,B01,138Â 197Â 864,1.0
1016075,201900057606,1,5,12:59,1,1,1,1.0,1.0,91661,RD 188 CHEVREUSE,M,"48,6968000","2,2111000",91,2019,70.0,1.0,1.0,2.0,2272399,4.0,2,3,1,0.0,,0.0,0,2003.0,B01,138Â 197Â 864,1.0,0.0,-1.0,1734444,1.0,7,,0.0,2.0,1.0,A01,138Â 197Â 862,1.0
1016075,201900057606,1,5,12:59,1,1,1,1.0,1.0,91661,RD 188 CHEVREUSE,M,"48,6968000","2,2111000",91,2019,70.0,1.0,1.0,2.0,2272399,4.0,2,3,1,0.0,,0.0,0,2003.0,B01,138Â 197Â 864,1.0,0.0,-1.0,1734445,1.0,7,,0.0,2.0,1.0,B01,138Â 197Â 864,1.0
1016076,201900057607,9,20,16:46,1,2,9,1.0,6.0,91161,MAZARIN (AVENUE),M,"48,7058350","2,3139090",91,2019,50.0,1.0,1.0,4.0,2272400,10.0,3,3,2,0.0,,2.0,3,1933.0,A01,138Â 197Â 860,8.0,0.0,-1.0,1734446,2.0,7,,0.0,1.0,1.0,A01,138Â 197Â 860,1.0
1016076,201900057607,9,20,16:46,1,2,9,1.0,6.0,91161,MAZARIN (AVENUE),M,"48,7058350","2,3139090",91,2019,50.0,1.0,1.0,4.0,2272401,1.0,1,1,1,0.0,,-1.0, -1,1935.0,A01,138Â 197Â 860,1.0,0.0,-1.0,1734446,2.0,7,,0.0,1.0,1.0,A01,138Â 197Â 860,1.0
1016077,201900057608,8,13,23:50,3,1,1,1.0,1.0,83086,D25,M,"43,4022200","6,5797970",83,2019,80.0,1.0,1.0,3.0,2272402,9.0,2,3,1,5.0,,0.0,0,1965.0,B01,138Â 197Â 859,1.0,-1.0,-1.0,1734447,2.0,7,,0.0,2.0,3.0,B01,138Â 197Â 859,1.0