Unnamed: 0_x,num_acc,mois,jour,hrmn,lum,agg,int,atm,col,com,adr,gps,lat,long,dep,annee,vma,situ,surf,catr,Unnamed: 0_y,place,catu,grav,sexe,trajet,secu,locp,actp,an_nais,num_veh_x,id_vehicule_x,secu1,secu2,secu3,Unnamed: 0,senc,catv,occutc,obs,obsm,choc,num_veh_y,id_vehicule_y,motor
1016077,201900057608,8,13,23:50,3,1,1,1.0,1.0,83086,D25,M,"43,4022200","6,5797970",83,2019,80.0,1.0,1.0,3.0,2272402,9.0,2,3,1,5.0,,0.0,0,1965.0,B01,138Â 197Â 859,1.0,-1.0,-1.0,1734448,1.0,7,,6.0,2.0,3.0,A01,138Â 197Â 861,1.0
1016077,201900057608,8,13,23:50,3,1,1,1.0,1.0,83086,D25,M,"43,4022200","6,5797970",83,2019,80.0,1.0,1.0,3.0,2272403,2.0,2,4,2,5.0,,0.0,0,1966.0,B01,138Â 197Â 859,1.0,-1.0,-1.0,1734447,2.0,7,,0.0,2.0,3.0,B01,138Â 197Â 859,1.0
1016077,201900057608,8,13,23:50,3,1,1,1.0,1.0,83086,D25,M,"43,4022200","6,5797970",83,2019,80.0,1.0,1.0,3.0,2272403,2.0,2,4,2,5.0,,0.0,0,1966.0,B01,138Â 197Â 859,1.0,-1.0,-1.0,1734448,1.0,7,,6.0,2.0,3.0,A01,138Â 197Â 861,1.0
1016077,201900057608,8,13,23:50,3,1,1,1.0,1.0,83086,D25,M,"43,4022200","6,5797970",83,2019,80.0,1.0,1.0,3.0,2272404,7.0,2,4,1,5.0,,0.0,0,1965.0,B01,138Â 197Â 859,1.0,-1.0,-1.0,1734447,2.0,7,,0.0,2.0,3.0,B01,138Â 197Â 859,1.0
1016077,201900057608,8,13,23:50,3,1,1,1.0,1.0,83086,D25,M,"43,4022200","6,5797970",83,2019,80.0,1.0,1.0,3.0,2272404,7.0,2,4,1,5.0,,0.0,0,1965.0,B01,138Â 197Â 859,1.0,-1.0,-1.0,1734448,1.0,7,,6.0,2.0,3.0,A01,138Â 197Â 861,1.0
1016077,201900057608,8,13,23:50,3,1,1,1.0,1.0,83086,D25,M,"43,4022200","6,5797970",83,2019,80.0,1.0,1.0,3.0,2272405,1.0,1,3,1,5.0,,0.0,0,1972.0,B01,138Â 197Â 859,1.0,-1.0,-1.0,1734447,2.0,7,,0.0,2.0,3.0,B01,138Â 197Â 859,1.0
1016077,201900057608,8,13,23:50,3,1,1,1.0,1.0,83086,D25,M,"43,4022200","6,5797970",83,2019,80.0,1.0,1.0,3.0,2272405,1.0,1,3,1,5.0,,0.0,0,1972.0,B01,138Â 197Â 859,1.0,-1.0,-1.0,1734448,1.0,7,,6.0,2.0,3.0,A01,138Â 197Â 861,1.0
1016077,201900057608,8,13,23:50,3,1,1,1.0,1.0,83086,D25,M,"43,4022200","6,5797970",83,2019,80.0,1.0,1.0,3.0,2272406,1.0,1,1,1,5.0,,0.0,0,1955.0,A01,138Â 197Â 861,1.0,-1.0,-1.0,1734447,2.0,7,,0.0,2.0,3.0,B01,138Â 197Â 859,1.0
1016077,201900057608,8,13,23:50,3,1,1,1.0,1.0,83086,D25,M,"43,4022200","6,5797970",83,2019,80.0,1.0,1.0,3.0,2272406,1.0,1,1,1,5.0,,0.0,0,1955.0,A01,138Â 197Â 861,1.0,-1.0,-1.0,1734448,1.0,7,,6.0,2.0,3.0,A01,138Â 197Â 861,1.0
1016077,201900057608,8,13,23:50,3,1,1,1.0,1.0,83086,D25,M,"43,4022200","6,5797970",83,2019,80.0,1.0,1.0,3.0,2272407,2.0,2,3,2,5.0,,0.0,0,1956.0,A01,138Â 197Â 861,1.0,-1.0,-1.0,1734447,2.0,7,,0.0,2.0,3.0,B01,138Â 197Â 859,1.0
1016077,201900057608,8,13,23:50,3,1,1,1.0,1.0,83086,D25,M,"43,4022200","6,5797970",83,2019,80.0,1.0,1.0,3.0,2272407,2.0,2,3,2,5.0,,0.0,0,1956.0,A01,138Â 197Â 861,1.0,-1.0,-1.0,1734448,1.0,7,,6.0,2.0,3.0,A01,138Â 197Â 861,1.0
1016078,201900057609,3,27,14:15,1,1,1,1.0,2.0,33122,AUTOROUTE A 63,M,"44,7442300"," -0,7046100",33,2019,130.0,1.0,1.0,1.0,2272408,1.0,1,1,1,4.0,,-1.0, -1,1978.0,B01,138Â 197Â 852,1.0,8.0,-1.0,1734449,2.0,16,,0.0,2.0,6.0,B01,138Â 197Â 852,1.0
1016078,201900057609,3,27,14:15,1,1,1,1.0,2.0,33122,AUTOROUTE A 63,M,"44,7442300"," -0,7046100",33,2019,130.0,1.0,1.0,1.0,2272408,1.0,1,1,1,4.0,,-1.0, -1,1978.0,B01,138Â 197Â 852,1.0,8.0,-1.0,1734450,2.0,7,,3.0,2.0,1.0,A01,138Â 197Â 872,1.0
1016078,201900057609,3,27,14:15,1,1,1,1.0,2.0,33122,AUTOROUTE A 63,M,"44,7442300"," -0,7046100",33,2019,130.0,1.0,1.0,1.0,2272409,1.0,1,4,2,1.0,,-1.0, -1,1999.0,A01,138Â 197Â 872,1.0,8.0,-1.0,1734449,2.0,16,,0.0,2.0,6.0,B01,138Â 197Â 852,1.0
1016078,201900057609,3,27,14:15,1,1,1,1.0,2.0,33122,AUTOROUTE A 63,M,"44,7442300"," -0,7046100",33,2019,130.0,1.0,1.0,1.0,2272409,1.0,1,4,2,1.0,,-1.0, -1,1999.0,A01,138Â 197Â 872,1.0,8.0,-1.0,1734450,2.0,7,,3.0,2.0,1.0,A01,138Â 197Â 872,1.0
1016079,201900057610,2,12,19:20,5,2,1,1.0,2.0,94068,JEAN JAURES (AV),M,"48,7881400","2,4821800",94,2019,50.0,4.0,1.0,4.0,2272410,1.0,1,4,1,1.0,,-1.0, -1,1963.0,B01,138Â 197Â 854,8.0,0.0,-1.0,1734451,2.0,10,,0.0,2.0,1.0,B01,138Â 197Â 854,1.0
1016079,201900057610,2,12,19:20,5,2,1,1.0,2.0,94068,JEAN JAURES (AV),M,"48,7881400","2,4821800",94,2019,50.0,4.0,1.0,4.0,2272410,1.0,1,4,1,1.0,,-1.0, -1,1963.0,B01,138Â 197Â 854,8.0,0.0,-1.0,1734452,1.0,7,,0.0,2.0,8.0,A01,138Â 197Â 870,1.0
1016079,201900057610,2,12,19:20,5,2,1,1.0,2.0,94068,JEAN JAURES (AV),M,"48,7881400","2,4821800",94,2019,50.0,4.0,1.0,4.0,2272411,1.0,1,1,1,9.0,,-1.0, -1,1981.0,A01,138Â 197Â 870,1.0,0.0,-1.0,1734451,2.0,10,,0.0,2.0,1.0,B01,138Â 197Â 854,1.0
1016079,201900057610,2,12,19:20,5,2,1,1.0,2.0,94068,JEAN JAURES (AV),M,"48,7881400","2,4821800",94,2019,50.0,4.0,1.0,4.0,2272411,1.0,1,1,1,9.0,,-1.0, -1,1981.0,A01,138Â 197Â 870,1.0,0.0,-1.0,1734452,1.0,7,,0.0,2.0,8.0,A01,138Â 197Â 870,1.0
1016080,201900057611,8,18,11:10,1,1,1,1.0,3.0,11212,Landure,M,"43,3177720","2,8411100",11,2019,80.0,1.0,1.0,3.0,2272412,1.0,1,1,1,5.0,,0.0,0,1961.0,B01,138Â 197Â 850,1.0,-1.0,-1.0,1734453,1.0,99,,0.0,2.0,8.0,B01,138Â 197Â 850,1.0
1016080,201900057611,8,18,11:10,1,1,1,1.0,3.0,11212,Landure,M,"43,3177720","2,8411100",11,2019,80.0,1.0,1.0,3.0,2272412,1.0,1,1,1,5.0,,0.0,0,1961.0,B01,138Â 197Â 850,1.0,-1.0,-1.0,1734454,3.0,33,,0.0,2.0,1.0,A01,138Â 197Â 857,1.0
1016080,201900057611,8,18,11:10,1,1,1,1.0,3.0,11212,Landure,M,"43,3177720","2,8411100",11,2019,80.0,1.0,1.0,3.0,2272413,1.0,1,2,1,5.0,,0.0,0,1959.0,A01,138Â 197Â 857,2.0,6.0,9.0,1734453,1.0,99,,0.0,2.0,8.0,B01,138Â 197Â 850,1.0
1016080,201900057611,8,18,11:10,1,1,1,1.0,3.0,11212,Landure,M,"43,3177720","2,8411100",11,2019,80.0,1.0,1.0,3.0,2272413,1.0,1,2,1,5.0,,0.0,0,1959.0,A01,138Â 197Â 857,2.0,6.0,9.0,1734454,3.0,33,,0.0,2.0,1.0,A01,138Â 197Â 857,1.0
1016081,201900057612,1,5,09:10,1,1,1,8.0,2.0,91661,AUTOROUTE A10,M,"48,6949100","2,2327600",91,2019,110.0,1.0,2.0,1.0,2272414,1.0,1,1,1,4.0,,0.0,0,1970.0,B01,138Â 197Â 856,1.0,0.0,-1.0,1734455,1.0,17,,0.0,2.0,4.0,B01,138Â 197Â 856,1.0
1016081,201900057612,1,5,09:10,1,1,1,8.0,2.0,91661,AUTOROUTE A10,M,"48,6949100","2,2327600",91,2019,110.0,1.0,2.0,1.0,2272414,1.0,1,1,1,4.0,,0.0,0,1970.0,B01,138Â 197Â 856,1.0,0.0,-1.0,1734456,1.0,7,,0.0,2.0,1.0,A01,138Â 197Â 858,1.0
1016081,201900057612,1,5,09:10,1,1,1,8.0,2.0,91661,AUTOROUTE A10,M,"48,6949100","2,2327600",91,2019,110.0,1.0,2.0,1.0,2272415,1.0,1,3,1,4.0,,0.0,0,1998.0,A01,138Â 197Â 858,1.0,0.0,-1.0,1734455,1.0,17,,0.0,2.0,4.0,B01,138Â 197Â 856,1.0
1016081,201900057612,1,5,09:10,1,1,1,8.0,2.0,91661,AUTOROUTE A10,M,"48,6949100","2,2327600",91,2019,110.0,1.0,2.0,1.0,2272415,1.0,1,3,1,4.0,,0.0,0,1998.0,A01,138Â 197Â 858,1.0,0.0,-1.0,1734456,1.0,7,,0.0,2.0,1.0,A01,138Â 197Â 858,1.0
1016082,201900057613,8,6,11:15,1,1,1,1.0,6.0,14027,Le Hamel Bisson,M,"48,9634070"," -0,6354060",14,2019,80.0,8.0,1.0,3.0,2272416,1.0,1,3,1,5.0,,0.0,0,1983.0,A01,138Â 197Â 846,1.0,-1.0,-1.0,1734457,2.0,7,,2.0,0.0,1.0,A01,138Â 197Â 846,1.0
1016083,201900057614,8,18,06:00,2,1,1,1.0,5.0,41234,"Autoroute A10, PK 170+000, sens PROVINCE-PARIS",M,"47,5856930","1,0778000",41,2019,130.0,1.0,1.0,1.0,2272417,1.0,1,4,2,5.0,,0.0,0,1984.0,E01,138Â 197Â 839,1.0,-1.0,-1.0,1734458,2.0,7,,14.0,0.0,2.0,E01,138Â 197Â 839,1.0
1016083,201900057614,8,18,06:00,2,1,1,1.0,5.0,41234,"Autoroute A10, PK 170+000, sens PROVINCE-PARIS",M,"47,5856930","1,0778000",41,2019,130.0,1.0,1.0,1.0,2272417,1.0,1,4,2,5.0,,0.0,0,1984.0,E01,138Â 197Â 839,1.0,-1.0,-1.0,1734459,2.0,7,,14.0,0.0,1.0,D01,138Â 197Â 840,1.0
1016083,201900057614,8,18,06:00,2,1,1,1.0,5.0,41234,"Autoroute A10, PK 170+000, sens PROVINCE-PARIS",M,"47,5856930","1,0778000",41,2019,130.0,1.0,1.0,1.0,2272417,1.0,1,4,2,5.0,,0.0,0,1984.0,E01,138Â 197Â 839,1.0,-1.0,-1.0,1734460,2.0,7,,0.0,2.0,2.0,C01,138Â 197Â 841,1.0
1016083,201900057614,8,18,06:00,2,1,1,1.0,5.0,41234,"Autoroute A10, PK 170+000, sens PROVINCE-PARIS",M,"47,5856930","1,0778000",41,2019,130.0,1.0,1.0,1.0,2272417,1.0,1,4,2,5.0,,0.0,0,1984.0,E01,138Â 197Â 839,1.0,-1.0,-1.0,1734461,2.0,7,,0.0,2.0,6.0,B01,138Â 197Â 842,1.0
1016083,201900057614,8,18,06:00,2,1,1,1.0,5.0,41234,"Autoroute A10, PK 170+000, sens PROVINCE-PARIS",M,"47,5856930","1,0778000",41,2019,130.0,1.0,1.0,1.0,2272417,1.0,1,4,2,5.0,,0.0,0,1984.0,E01,138Â 197Â 839,1.0,-1.0,-1.0,1734462,2.0,7,,14.0,0.0,1.0,A01,138Â 197Â 843,0.0
1016083,201900057614,8,18,06:00,2,1,1,1.0,5.0,41234,"Autoroute A10, PK 170+000, sens PROVINCE-PARIS",M,"47,5856930","1,0778000",41,2019,130.0,1.0,1.0,1.0,2272418,7.0,2,1,1,5.0,,0.0,0,2011.0,E01,138Â 197Â 839,3.0,-1.0,-1.0,1734458,2.0,7,,14.0,0.0,2.0,E01,138Â 197Â 839,1.0
1016083,201900057614,8,18,06:00,2,1,1,1.0,5.0,41234,"Autoroute A10, PK 170+000, sens PROVINCE-PARIS",M,"47,5856930","1,0778000",41,2019,130.0,1.0,1.0,1.0,2272418,7.0,2,1,1,5.0,,0.0,0,2011.0,E01,138Â 197Â 839,3.0,-1.0,-1.0,1734459,2.0,7,,14.0,0.0,1.0,D01,138Â 197Â 840,1.0
1016083,201900057614,8,18,06:00,2,1,1,1.0,5.0,41234,"Autoroute A10, PK 170+000, sens PROVINCE-PARIS",M,"47,5856930","1,0778000",41,2019,130.0,1.0,1.0,1.0,2272418,7.0,2,1,1,5.0,,0.0,0,2011.0,E01,138Â 197Â 839,3.0,-1.0,-1.0,1734460,2.0,7,,0.0,2.0,2.0,C01,138Â 197Â 841,1.0
1016083,201900057614,8,18,06:00,2,1,1,1.0,5.0,41234,"Autoroute A10, PK 170+000, sens PROVINCE-PARIS",M,"47,5856930","1,0778000",41,2019,130.0,1.0,1.0,1.0,2272418,7.0,2,1,1,5.0,,0.0,0,2011.0,E01,138Â 197Â 839,3.0,-1.0,-1.0,1734461,2.0,7,,0.0,2.0,6.0,B01,138Â 197Â 842,1.0
1016083,201900057614,8,18,06:00,2,1,1,1.0,5.0,41234,"Autoroute A10, PK 170+000, sens PROVINCE-PARIS",M,"47,5856930","1,0778000",41,2019,130.0,1.0,1.0,1.0,2272418,7.0,2,1,1,5.0,,0.0,0,2011.0,E01,138Â 197Â 839,3.0,-1.0,-1.0,1734462,2.0,7,,14.0,0.0,1.0,A01,138Â 197Â 843,0.0
1016083,201900057614,8,18,06:00,2,1,1,1.0,5.0,41234,"Autoroute A10, PK 170+000, sens PROVINCE-PARIS",M,"47,5856930","1,0778000",41,2019,130.0,1.0,1.0,1.0,2272419,9.0,2,1,1,5.0,,0.0,0,2017.0,E01,138Â 197Â 839,3.0,-1.0,-1.0,1734458,2.0,7,,14.0,0.0,2.0,E01,138Â 197Â 839,1.0
1016083,201900057614,8,18,06:00,2,1,1,1.0,5.0,41234,"Autoroute A10, PK 170+000, sens PROVINCE-PARIS",M,"47,5856930","1,0778000",41,2019,130.0,1.0,1.0,1.0,2272419,9.0,2,1,1,5.0,,0.0,0,2017.0,E01,138Â 197Â 839,3.0,-1.0,-1.0,1734459,2.0,7,,14.0,0.0,1.0,D01,138Â 197Â 840,1.0
1016083,201900057614,8,18,06:00,2,1,1,1.0,5.0,41234,"Autoroute A10, PK 170+000, sens PROVINCE-PARIS",M,"47,5856930","1,0778000",41,2019,130.0,1.0,1.0,1.0,2272419,9.0,2,1,1,5.0,,0.0,0,2017.0,E01,138Â 197Â 839,3.0,-1.0,-1.0,1734460,2.0,7,,0.0,2.0,2.0,C01,138Â 197Â 841,1.0
1016083,201900057614,8,18,06:00,2,1,1,1.0,5.0,41234,"Autoroute A10, PK 170+000, sens PROVINCE-PARIS",M,"47,5856930","1,0778000",41,2019,130.0,1.0,1.0,1.0,2272419,9.0,2,1,1,5.0,,0.0,0,2017.0,E01,138Â 197Â 839,3.0,-1.0,-1.0,1734461,2.0,7,,0.0,2.0,6.0,B01,138Â 197Â 842,1.0
1016083,201900057614,8,18,06:00,2,1,1,1.0,5.0,41234,"Autoroute A10, PK 170+000, sens PROVINCE-PARIS",M,"47,5856930","1,0778000",41,2019,130.0,1.0,1.0,1.0,2272419,9.0,2,1,1,5.0,,0.0,0,2017.0,E01,138Â 197Â 839,3.0,-1.0,-1.0,1734462,2.0,7,,14.0,0.0,1.0,A01,138Â 197Â 843,0.0
1016083,201900057614,8,18,06:00,2,1,1,1.0,5.0,41234,"Autoroute A10, PK 170+000, sens PROVINCE-PARIS",M,"47,5856930","1,0778000",41,2019,130.0,1.0,1.0,1.0,2272420,2.0,2,1,1,5.0,,0.0,0,1985.0,E01,138Â 197Â 839,1.0,-1.0,-1.0,1734458,2.0,7,,14.0,0.0,2.0,E01,138Â 197Â 839,1.0
1016083,201900057614,8,18,06:00,2,1,1,1.0,5.0,41234,"Autoroute A10, PK 170+000, sens PROVINCE-PARIS",M,"47,5856930","1,0778000",41,2019,130.0,1.0,1.0,1.0,2272420,2.0,2,1,1,5.0,,0.0,0,1985.0,E01,138Â 197Â 839,1.0,-1.0,-1.0,1734459,2.0,7,,14.0,0.0,1.0,D01,138Â 197Â 840,1.0
1016083,201900057614,8,18,06:00,2,1,1,1.0,5.0,41234,"Autoroute A10, PK 170+000, sens PROVINCE-PARIS",M,"47,5856930","1,0778000",41,2019,130.0,1.0,1.0,1.0,2272420,2.0,2,1,1,5.0,,0.0,0,1985.0,E01,138Â 197Â 839,1.0,-1.0,-1.0,1734460,2.0,7,,0.0,2.0,2.0,C01,138Â 197Â 841,1.0
1016083,201900057614,8,18,06:00,2,1,1,1.0,5.0,41234,"Autoroute A10, PK 170+000, sens PROVINCE-PARIS",M,"47,5856930","1,0778000",41,2019,130.0,1.0,1.0,1.0,2272420,2.0,2,1,1,5.0,,0.0,0,1985.0,E01,138Â 197Â 839,1.0,-1.0,-1.0,1734461,2.0,7,,0.0,2.0,6.0,B01,138Â 197Â 842,1.0
1016083,201900057614,8,18,06:00,2,1,1,1.0,5.0,41234,"Autoroute A10, PK 170+000, sens PROVINCE-PARIS",M,"47,5856930","1,0778000",41,2019,130.0,1.0,1.0,1.0,2272420,2.0,2,1,1,5.0,,0.0,0,1985.0,E01,138Â 197Â 839,1.0,-1.0,-1.0,1734462,2.0,7,,14.0,0.0,1.0,A01,138Â 197Â 843,0.0
1016083,201900057614,8,18,06:00,2,1,1,1.0,5.0,41234,"Autoroute A10, PK 170+000, sens PROVINCE-PARIS",M,"47,5856930","1,0778000",41,2019,130.0,1.0,1.0,1.0,2272421,1.0,1,4,1,5.0,,0.0,0,1995.0,D01,138Â 197Â 840,1.0,-1.0,-1.0,1734458,2.0,7,,14.0,0.0,2.0,E01,138Â 197Â 839,1.0
1016083,201900057614,8,18,06:00,2,1,1,1.0,5.0,41234,"Autoroute A10, PK 170+000, sens PROVINCE-PARIS",M,"47,5856930","1,0778000",41,2019,130.0,1.0,1.0,1.0,2272421,1.0,1,4,1,5.0,,0.0,0,1995.0,D01,138Â 197Â 840,1.0,-1.0,-1.0,1734459,2.0,7,,14.0,0.0,1.0,D01,138Â 197Â 840,1.0
1016083,201900057614,8,18,06:00,2,1,1,1.0,5.0,41234,"Autoroute A10, PK 170+000, sens PROVINCE-PARIS",M,"47,5856930","1,0778000",41,2019,130.0,1.0,1.0,1.0,2272421,1.0,1,4,1,5.0,,0.0,0,1995.0,D01,138Â 197Â 840,1.0,-1.0,-1.0,1734460,2.0,7,,0.0,2.0,2.0,C01,138Â 197Â 841,1.0
1016083,201900057614,8,18,06:00,2,1,1,1.0,5.0,41234,"Autoroute A10, PK 170+000, sens PROVINCE-PARIS",M,"47,5856930","1,0778000",41,2019,130.0,1.0,1.0,1.0,2272421,1.0,1,4,1,5.0,,0.0,0,1995.0,D01,138Â 197Â 840,1.0,-1.0,-1.0,1734461,2.0,7,,0.0,2.0,6.0,B01,138Â 197Â 842,1.0
1016083,201900057614,8,18,06:00,2,1,1,1.0,5.0,41234,"Autoroute A10, PK 170+000, sens PROVINCE-PARIS",M,"47,5856930","1,0778000",41,2019,130.0,1.0,1.0,1.0,2272421,1.0,1,4,1,5.0,,0.0,0,1995.0,D01,138Â 197Â 840,1.0,-1.0,-1.0,1734462,2.0,7,,14.0,0.0,1.0,A01,138Â 197Â 843,0.0
1016083,201900057614,8,18,06:00,2,1,1,1.0,5.0,41234,"Autoroute A10, PK 170+000, sens PROVINCE-PARIS",M,"47,5856930","1,0778000",41,2019,130.0,1.0,1.0,1.0,2272422,2.0,2,3,1,5.0,,0.0,0,1996.0,D01,138Â 197Â 840,1.0,-1.0,-1.0,1734458,2.0,7,,14.0,0.0,2.0,E01,138Â 197Â 839,1.0
1016083,201900057614,8,18,06:00,2,1,1,1.0,5.0,41234,"Autoroute A10, PK 170+000, sens PROVINCE-PARIS",M,"47,5856930","1,0778000",41,2019,130.0,1.0,1.0,1.0,2272422,2.0,2,3,1,5.0,,0.0,0,1996.0,D01,138Â 197Â 840,1.0,-1.0,-1.0,1734459,2.0,7,,14.0,0.0,1.0,D01,138Â 197Â 840,1.0
1016083,201900057614,8,18,06:00,2,1,1,1.0,5.0,41234,"Autoroute A10, PK 170+000, sens PROVINCE-PARIS",M,"47,5856930","1,0778000",41,2019,130.0,1.0,1.0,1.0,2272422,2.0,2,3,1,5.0,,0.0,0,1996.0,D01,138Â 197Â 840,1.0,-1.0,-1.0,1734460,2.0,7,,0.0,2.0,2.0,C01,138Â 197Â 841,1.0
1016083,201900057614,8,18,06:00,2,1,1,1.0,5.0,41234,"Autoroute A10, PK 170+000, sens PROVINCE-PARIS",M,"47,5856930","1,0778000",41,2019,130.0,1.0,1.0,1.0,2272422,2.0,2,3,1,5.0,,0.0,0,1996.0,D01,138Â 197Â 840,1.0,-1.0,-1.0,1734461,2.0,7,,0.0,2.0,6.0,B01,138Â 197Â 842,1.0
1016083,201900057614,8,18,06:00,2,1,1,1.0,5.0,41234,"Autoroute A10, PK 170+000, sens PROVINCE-PARIS",M,"47,5856930","1,0778000",41,2019,130.0,1.0,1.0,1.0,2272422,2.0,2,3,1,5.0,,0.0,0,1996.0,D01,138Â 197Â 840,1.0,-1.0,-1.0,1734462,2.0,7,,14.0,0.0,1.0,A01,138Â 197Â 843,0.0
1016083,201900057614,8,18,06:00,2,1,1,1.0,5.0,41234,"Autoroute A10, PK 170+000, sens PROVINCE-PARIS",M,"47,5856930","1,0778000",41,2019,130.0,1.0,1.0,1.0,2272423,2.0,2,1,1,5.0,,0.0,0,2006.0,C01,138Â 197Â 841,1.0,-1.0,-1.0,1734458,2.0,7,,14.0,0.0,2.0,E01,138Â 197Â 839,1.0
1016083,201900057614,8,18,06:00,2,1,1,1.0,5.0,41234,"Autoroute A10, PK 170+000, sens PROVINCE-PARIS",M,"47,5856930","1,0778000",41,2019,130.0,1.0,1.0,1.0,2272423,2.0,2,1,1,5.0,,0.0,0,2006.0,C01,138Â 197Â 841,1.0,-1.0,-1.0,1734459,2.0,7,,14.0,0.0,1.0,D01,138Â 197Â 840,1.0
1016083,201900057614,8,18,06:00,2,1,1,1.0,5.0,41234,"Autoroute A10, PK 170+000, sens PROVINCE-PARIS",M,"47,5856930","1,0778000",41,2019,130.0,1.0,1.0,1.0,2272423,2.0,2,1,1,5.0,,0.0,0,2006.0,C01,138Â 197Â 841,1.0,-1.0,-1.0,1734460,2.0,7,,0.0,2.0,2.0,C01,138Â 197Â 841,1.0
1016083,201900057614,8,18,06:00,2,1,1,1.0,5.0,41234,"Autoroute A10, PK 170+000, sens PROVINCE-PARIS",M,"47,5856930","1,0778000",41,2019,130.0,1.0,1.0,1.0,2272423,2.0,2,1,1,5.0,,0.0,0,2006.0,C01,138Â 197Â 841,1.0,-1.0,-1.0,1734461,2.0,7,,0.0,2.0,6.0,B01,138Â 197Â 842,1.0
1016083,201900057614,8,18,06:00,2,1,1,1.0,5.0,41234,"Autoroute A10, PK 170+000, sens PROVINCE-PARIS",M,"47,5856930","1,0778000",41,2019,130.0,1.0,1.0,1.0,2272423,2.0,2,1,1,5.0,,0.0,0,2006.0,C01,138Â 197Â 841,1.0,-1.0,-1.0,1734462,2.0,7,,14.0,0.0,1.0,A01,138Â 197Â 843,0.0
1016083,201900057614,8,18,06:00,2,1,1,1.0,5.0,41234,"Autoroute A10, PK 170+000, sens PROVINCE-PARIS",M,"47,5856930","1,0778000",41,2019,130.0,1.0,1.0,1.0,2272424,8.0,2,1,1,5.0,,0.0,0,2012.0,C01,138Â 197Â 841,1.0,-1.0,-1.0,1734458,2.0,7,,14.0,0.0,2.0,E01,138Â 197Â 839,1.0
1016083,201900057614,8,18,06:00,2,1,1,1.0,5.0,41234,"Autoroute A10, PK 170+000, sens PROVINCE-PARIS",M,"47,5856930","1,0778000",41,2019,130.0,1.0,1.0,1.0,2272424,8.0,2,1,1,5.0,,0.0,0,2012.0,C01,138Â 197Â 841,1.0,-1.0,-1.0,1734459,2.0,7,,14.0,0.0,1.0,D01,138Â 197Â 840,1.0
1016083,201900057614,8,18,06:00,2,1,1,1.0,5.0,41234,"Autoroute A10, PK 170+000, sens PROVINCE-PARIS",M,"47,5856930","1,0778000",41,2019,130.0,1.0,1.0,1.0,2272424,8.0,2,1,1,5.0,,0.0,0,2012.0,C01,138Â 197Â 841,1.0,-1.0,-1.0,1734460,2.0,7,,0.0,2.0,2.0,C01,138Â 197Â 841,1.0
1016083,201900057614,8,18,06:00,2,1,1,1.0,5.0,41234,"Autoroute A10, PK 170+000, sens PROVINCE-PARIS",M,"47,5856930","1,0778000",41,2019,130.0,1.0,1.0,1.0,2272424,8.0,2,1,1,5.0,,0.0,0,2012.0,C01,138Â 197Â 841,1.0,-1.0,-1.0,1734461,2.0,7,,0.0,2.0,6.0,B01,138Â 197Â 842,1.0
1016083,201900057614,8,18,06:00,2,1,1,1.0,5.0,41234,"Autoroute A10, PK 170+000, sens PROVINCE-PARIS",M,"47,5856930","1,0778000",41,2019,130.0,1.0,1.0,1.0,2272424,8.0,2,1,1,5.0,,0.0,0,2012.0,C01,138Â 197Â 841,1.0,-1.0,-1.0,1734462,2.0,7,,14.0,0.0,1.0,A01,138Â 197Â 843,0.0
1016083,201900057614,8,18,06:00,2,1,1,1.0,5.0,41234,"Autoroute A10, PK 170+000, sens PROVINCE-PARIS",M,"47,5856930","1,0778000",41,2019,130.0,1.0,1.0,1.0,2272425,1.0,1,1,2,5.0,,0.0,0,1999.0,C01,138Â 197Â 841,1.0,-1.0,-1.0,1734458,2.0,7,,14.0,0.0,2.0,E01,138Â 197Â 839,1.0
1016083,201900057614,8,18,06:00,2,1,1,1.0,5.0,41234,"Autoroute A10, PK 170+000, sens PROVINCE-PARIS",M,"47,5856930","1,0778000",41,2019,130.0,1.0,1.0,1.0,2272425,1.0,1,1,2,5.0,,0.0,0,1999.0,C01,138Â 197Â 841,1.0,-1.0,-1.0,1734459,2.0,7,,14.0,0.0,1.0,D01,138Â 197Â 840,1.0
1016083,201900057614,8,18,06:00,2,1,1,1.0,5.0,41234,"Autoroute A10, PK 170+000, sens PROVINCE-PARIS",M,"47,5856930","1,0778000",41,2019,130.0,1.0,1.0,1.0,2272425,1.0,1,1,2,5.0,,0.0,0,1999.0,C01,138Â 197Â 841,1.0,-1.0,-1.0,1734460,2.0,7,,0.0,2.0,2.0,C01,138Â 197Â 841,1.0
1016083,201900057614,8,18,06:00,2,1,1,1.0,5.0,41234,"Autoroute A10, PK 170+000, sens PROVINCE-PARIS",M,"47,5856930","1,0778000",41,2019,130.0,1.0,1.0,1.0,2272425,1.0,1,1,2,5.0,,0.0,0,1999.0,C01,138Â 197Â 841,1.0,-1.0,-1.0,1734461,2.0,7,,0.0,2.0,6.0,B01,138Â 197Â 842,1.0