Unnamed: 0_x,num_acc,mois,jour,hrmn,lum,agg,int,atm,col,com,adr,gps,lat,long,dep,annee,vma,situ,surf,catr,Unnamed: 0_y,place,catu,grav,sexe,trajet,secu,locp,actp,an_nais,num_veh_x,id_vehicule_x,secu1,secu2,secu3,Unnamed: 0,senc,catv,occutc,obs,obsm,choc,num_veh_y,id_vehicule_y,motor
1016083,201900057614,8,18,06:00,2,1,1,1.0,5.0,41234,"Autoroute A10, PK 170+000, sens PROVINCE-PARIS",M,"47,5856930","1,0778000",41,2019,130.0,1.0,1.0,1.0,2272425,1.0,1,1,2,5.0,,0.0,0,1999.0,C01,138Â 197Â 841,1.0,-1.0,-1.0,1734462,2.0,7,,14.0,0.0,1.0,A01,138Â 197Â 843,0.0
1016083,201900057614,8,18,06:00,2,1,1,1.0,5.0,41234,"Autoroute A10, PK 170+000, sens PROVINCE-PARIS",M,"47,5856930","1,0778000",41,2019,130.0,1.0,1.0,1.0,2272426,9.0,2,1,2,5.0,,0.0,0,1969.0,C01,138Â 197Â 841,1.0,-1.0,-1.0,1734458,2.0,7,,14.0,0.0,2.0,E01,138Â 197Â 839,1.0
1016083,201900057614,8,18,06:00,2,1,1,1.0,5.0,41234,"Autoroute A10, PK 170+000, sens PROVINCE-PARIS",M,"47,5856930","1,0778000",41,2019,130.0,1.0,1.0,1.0,2272426,9.0,2,1,2,5.0,,0.0,0,1969.0,C01,138Â 197Â 841,1.0,-1.0,-1.0,1734459,2.0,7,,14.0,0.0,1.0,D01,138Â 197Â 840,1.0
1016083,201900057614,8,18,06:00,2,1,1,1.0,5.0,41234,"Autoroute A10, PK 170+000, sens PROVINCE-PARIS",M,"47,5856930","1,0778000",41,2019,130.0,1.0,1.0,1.0,2272426,9.0,2,1,2,5.0,,0.0,0,1969.0,C01,138Â 197Â 841,1.0,-1.0,-1.0,1734460,2.0,7,,0.0,2.0,2.0,C01,138Â 197Â 841,1.0
1016083,201900057614,8,18,06:00,2,1,1,1.0,5.0,41234,"Autoroute A10, PK 170+000, sens PROVINCE-PARIS",M,"47,5856930","1,0778000",41,2019,130.0,1.0,1.0,1.0,2272426,9.0,2,1,2,5.0,,0.0,0,1969.0,C01,138Â 197Â 841,1.0,-1.0,-1.0,1734461,2.0,7,,0.0,2.0,6.0,B01,138Â 197Â 842,1.0
1016083,201900057614,8,18,06:00,2,1,1,1.0,5.0,41234,"Autoroute A10, PK 170+000, sens PROVINCE-PARIS",M,"47,5856930","1,0778000",41,2019,130.0,1.0,1.0,1.0,2272426,9.0,2,1,2,5.0,,0.0,0,1969.0,C01,138Â 197Â 841,1.0,-1.0,-1.0,1734462,2.0,7,,14.0,0.0,1.0,A01,138Â 197Â 843,0.0
1016083,201900057614,8,18,06:00,2,1,1,1.0,5.0,41234,"Autoroute A10, PK 170+000, sens PROVINCE-PARIS",M,"47,5856930","1,0778000",41,2019,130.0,1.0,1.0,1.0,2272427,7.0,2,1,1,5.0,,0.0,0,1966.0,C01,138Â 197Â 841,1.0,-1.0,-1.0,1734458,2.0,7,,14.0,0.0,2.0,E01,138Â 197Â 839,1.0
1016083,201900057614,8,18,06:00,2,1,1,1.0,5.0,41234,"Autoroute A10, PK 170+000, sens PROVINCE-PARIS",M,"47,5856930","1,0778000",41,2019,130.0,1.0,1.0,1.0,2272427,7.0,2,1,1,5.0,,0.0,0,1966.0,C01,138Â 197Â 841,1.0,-1.0,-1.0,1734459,2.0,7,,14.0,0.0,1.0,D01,138Â 197Â 840,1.0
1016083,201900057614,8,18,06:00,2,1,1,1.0,5.0,41234,"Autoroute A10, PK 170+000, sens PROVINCE-PARIS",M,"47,5856930","1,0778000",41,2019,130.0,1.0,1.0,1.0,2272427,7.0,2,1,1,5.0,,0.0,0,1966.0,C01,138Â 197Â 841,1.0,-1.0,-1.0,1734460,2.0,7,,0.0,2.0,2.0,C01,138Â 197Â 841,1.0
1016083,201900057614,8,18,06:00,2,1,1,1.0,5.0,41234,"Autoroute A10, PK 170+000, sens PROVINCE-PARIS",M,"47,5856930","1,0778000",41,2019,130.0,1.0,1.0,1.0,2272427,7.0,2,1,1,5.0,,0.0,0,1966.0,C01,138Â 197Â 841,1.0,-1.0,-1.0,1734461,2.0,7,,0.0,2.0,6.0,B01,138Â 197Â 842,1.0
1016083,201900057614,8,18,06:00,2,1,1,1.0,5.0,41234,"Autoroute A10, PK 170+000, sens PROVINCE-PARIS",M,"47,5856930","1,0778000",41,2019,130.0,1.0,1.0,1.0,2272427,7.0,2,1,1,5.0,,0.0,0,1966.0,C01,138Â 197Â 841,1.0,-1.0,-1.0,1734462,2.0,7,,14.0,0.0,1.0,A01,138Â 197Â 843,0.0
1016083,201900057614,8,18,06:00,2,1,1,1.0,5.0,41234,"Autoroute A10, PK 170+000, sens PROVINCE-PARIS",M,"47,5856930","1,0778000",41,2019,130.0,1.0,1.0,1.0,2272428,2.0,2,4,2,5.0,,0.0,0,2007.0,B01,138Â 197Â 842,1.0,-1.0,-1.0,1734458,2.0,7,,14.0,0.0,2.0,E01,138Â 197Â 839,1.0
1016083,201900057614,8,18,06:00,2,1,1,1.0,5.0,41234,"Autoroute A10, PK 170+000, sens PROVINCE-PARIS",M,"47,5856930","1,0778000",41,2019,130.0,1.0,1.0,1.0,2272428,2.0,2,4,2,5.0,,0.0,0,2007.0,B01,138Â 197Â 842,1.0,-1.0,-1.0,1734459,2.0,7,,14.0,0.0,1.0,D01,138Â 197Â 840,1.0
1016083,201900057614,8,18,06:00,2,1,1,1.0,5.0,41234,"Autoroute A10, PK 170+000, sens PROVINCE-PARIS",M,"47,5856930","1,0778000",41,2019,130.0,1.0,1.0,1.0,2272428,2.0,2,4,2,5.0,,0.0,0,2007.0,B01,138Â 197Â 842,1.0,-1.0,-1.0,1734460,2.0,7,,0.0,2.0,2.0,C01,138Â 197Â 841,1.0
1016083,201900057614,8,18,06:00,2,1,1,1.0,5.0,41234,"Autoroute A10, PK 170+000, sens PROVINCE-PARIS",M,"47,5856930","1,0778000",41,2019,130.0,1.0,1.0,1.0,2272428,2.0,2,4,2,5.0,,0.0,0,2007.0,B01,138Â 197Â 842,1.0,-1.0,-1.0,1734461,2.0,7,,0.0,2.0,6.0,B01,138Â 197Â 842,1.0
1016083,201900057614,8,18,06:00,2,1,1,1.0,5.0,41234,"Autoroute A10, PK 170+000, sens PROVINCE-PARIS",M,"47,5856930","1,0778000",41,2019,130.0,1.0,1.0,1.0,2272428,2.0,2,4,2,5.0,,0.0,0,2007.0,B01,138Â 197Â 842,1.0,-1.0,-1.0,1734462,2.0,7,,14.0,0.0,1.0,A01,138Â 197Â 843,0.0
1016083,201900057614,8,18,06:00,2,1,1,1.0,5.0,41234,"Autoroute A10, PK 170+000, sens PROVINCE-PARIS",M,"47,5856930","1,0778000",41,2019,130.0,1.0,1.0,1.0,2272429,1.0,1,1,1,5.0,,0.0,0,1968.0,B01,138Â 197Â 842,1.0,-1.0,-1.0,1734458,2.0,7,,14.0,0.0,2.0,E01,138Â 197Â 839,1.0
1016083,201900057614,8,18,06:00,2,1,1,1.0,5.0,41234,"Autoroute A10, PK 170+000, sens PROVINCE-PARIS",M,"47,5856930","1,0778000",41,2019,130.0,1.0,1.0,1.0,2272429,1.0,1,1,1,5.0,,0.0,0,1968.0,B01,138Â 197Â 842,1.0,-1.0,-1.0,1734459,2.0,7,,14.0,0.0,1.0,D01,138Â 197Â 840,1.0
1016083,201900057614,8,18,06:00,2,1,1,1.0,5.0,41234,"Autoroute A10, PK 170+000, sens PROVINCE-PARIS",M,"47,5856930","1,0778000",41,2019,130.0,1.0,1.0,1.0,2272429,1.0,1,1,1,5.0,,0.0,0,1968.0,B01,138Â 197Â 842,1.0,-1.0,-1.0,1734460,2.0,7,,0.0,2.0,2.0,C01,138Â 197Â 841,1.0
1016083,201900057614,8,18,06:00,2,1,1,1.0,5.0,41234,"Autoroute A10, PK 170+000, sens PROVINCE-PARIS",M,"47,5856930","1,0778000",41,2019,130.0,1.0,1.0,1.0,2272429,1.0,1,1,1,5.0,,0.0,0,1968.0,B01,138Â 197Â 842,1.0,-1.0,-1.0,1734461,2.0,7,,0.0,2.0,6.0,B01,138Â 197Â 842,1.0
1016083,201900057614,8,18,06:00,2,1,1,1.0,5.0,41234,"Autoroute A10, PK 170+000, sens PROVINCE-PARIS",M,"47,5856930","1,0778000",41,2019,130.0,1.0,1.0,1.0,2272429,1.0,1,1,1,5.0,,0.0,0,1968.0,B01,138Â 197Â 842,1.0,-1.0,-1.0,1734462,2.0,7,,14.0,0.0,1.0,A01,138Â 197Â 843,0.0
1016083,201900057614,8,18,06:00,2,1,1,1.0,5.0,41234,"Autoroute A10, PK 170+000, sens PROVINCE-PARIS",M,"47,5856930","1,0778000",41,2019,130.0,1.0,1.0,1.0,2272430,6.0,2,3,2,5.0,,0.0,0,1974.0,B01,138Â 197Â 842,1.0,-1.0,-1.0,1734458,2.0,7,,14.0,0.0,2.0,E01,138Â 197Â 839,1.0
1016083,201900057614,8,18,06:00,2,1,1,1.0,5.0,41234,"Autoroute A10, PK 170+000, sens PROVINCE-PARIS",M,"47,5856930","1,0778000",41,2019,130.0,1.0,1.0,1.0,2272430,6.0,2,3,2,5.0,,0.0,0,1974.0,B01,138Â 197Â 842,1.0,-1.0,-1.0,1734459,2.0,7,,14.0,0.0,1.0,D01,138Â 197Â 840,1.0
1016083,201900057614,8,18,06:00,2,1,1,1.0,5.0,41234,"Autoroute A10, PK 170+000, sens PROVINCE-PARIS",M,"47,5856930","1,0778000",41,2019,130.0,1.0,1.0,1.0,2272430,6.0,2,3,2,5.0,,0.0,0,1974.0,B01,138Â 197Â 842,1.0,-1.0,-1.0,1734460,2.0,7,,0.0,2.0,2.0,C01,138Â 197Â 841,1.0
1016083,201900057614,8,18,06:00,2,1,1,1.0,5.0,41234,"Autoroute A10, PK 170+000, sens PROVINCE-PARIS",M,"47,5856930","1,0778000",41,2019,130.0,1.0,1.0,1.0,2272430,6.0,2,3,2,5.0,,0.0,0,1974.0,B01,138Â 197Â 842,1.0,-1.0,-1.0,1734461,2.0,7,,0.0,2.0,6.0,B01,138Â 197Â 842,1.0
1016083,201900057614,8,18,06:00,2,1,1,1.0,5.0,41234,"Autoroute A10, PK 170+000, sens PROVINCE-PARIS",M,"47,5856930","1,0778000",41,2019,130.0,1.0,1.0,1.0,2272430,6.0,2,3,2,5.0,,0.0,0,1974.0,B01,138Â 197Â 842,1.0,-1.0,-1.0,1734462,2.0,7,,14.0,0.0,1.0,A01,138Â 197Â 843,0.0
1016083,201900057614,8,18,06:00,2,1,1,1.0,5.0,41234,"Autoroute A10, PK 170+000, sens PROVINCE-PARIS",M,"47,5856930","1,0778000",41,2019,130.0,1.0,1.0,1.0,2272431,9.0,2,3,2,5.0,,0.0,0,2007.0,B01,138Â 197Â 842,1.0,-1.0,-1.0,1734458,2.0,7,,14.0,0.0,2.0,E01,138Â 197Â 839,1.0
1016083,201900057614,8,18,06:00,2,1,1,1.0,5.0,41234,"Autoroute A10, PK 170+000, sens PROVINCE-PARIS",M,"47,5856930","1,0778000",41,2019,130.0,1.0,1.0,1.0,2272431,9.0,2,3,2,5.0,,0.0,0,2007.0,B01,138Â 197Â 842,1.0,-1.0,-1.0,1734459,2.0,7,,14.0,0.0,1.0,D01,138Â 197Â 840,1.0
1016083,201900057614,8,18,06:00,2,1,1,1.0,5.0,41234,"Autoroute A10, PK 170+000, sens PROVINCE-PARIS",M,"47,5856930","1,0778000",41,2019,130.0,1.0,1.0,1.0,2272431,9.0,2,3,2,5.0,,0.0,0,2007.0,B01,138Â 197Â 842,1.0,-1.0,-1.0,1734460,2.0,7,,0.0,2.0,2.0,C01,138Â 197Â 841,1.0
1016083,201900057614,8,18,06:00,2,1,1,1.0,5.0,41234,"Autoroute A10, PK 170+000, sens PROVINCE-PARIS",M,"47,5856930","1,0778000",41,2019,130.0,1.0,1.0,1.0,2272431,9.0,2,3,2,5.0,,0.0,0,2007.0,B01,138Â 197Â 842,1.0,-1.0,-1.0,1734461,2.0,7,,0.0,2.0,6.0,B01,138Â 197Â 842,1.0
1016083,201900057614,8,18,06:00,2,1,1,1.0,5.0,41234,"Autoroute A10, PK 170+000, sens PROVINCE-PARIS",M,"47,5856930","1,0778000",41,2019,130.0,1.0,1.0,1.0,2272431,9.0,2,3,2,5.0,,0.0,0,2007.0,B01,138Â 197Â 842,1.0,-1.0,-1.0,1734462,2.0,7,,14.0,0.0,1.0,A01,138Â 197Â 843,0.0
1016083,201900057614,8,18,06:00,2,1,1,1.0,5.0,41234,"Autoroute A10, PK 170+000, sens PROVINCE-PARIS",M,"47,5856930","1,0778000",41,2019,130.0,1.0,1.0,1.0,2272432,7.0,2,1,1,5.0,,0.0,0,1995.0,B01,138Â 197Â 842,1.0,-1.0,-1.0,1734458,2.0,7,,14.0,0.0,2.0,E01,138Â 197Â 839,1.0
1016083,201900057614,8,18,06:00,2,1,1,1.0,5.0,41234,"Autoroute A10, PK 170+000, sens PROVINCE-PARIS",M,"47,5856930","1,0778000",41,2019,130.0,1.0,1.0,1.0,2272432,7.0,2,1,1,5.0,,0.0,0,1995.0,B01,138Â 197Â 842,1.0,-1.0,-1.0,1734459,2.0,7,,14.0,0.0,1.0,D01,138Â 197Â 840,1.0
1016083,201900057614,8,18,06:00,2,1,1,1.0,5.0,41234,"Autoroute A10, PK 170+000, sens PROVINCE-PARIS",M,"47,5856930","1,0778000",41,2019,130.0,1.0,1.0,1.0,2272432,7.0,2,1,1,5.0,,0.0,0,1995.0,B01,138Â 197Â 842,1.0,-1.0,-1.0,1734460,2.0,7,,0.0,2.0,2.0,C01,138Â 197Â 841,1.0
1016083,201900057614,8,18,06:00,2,1,1,1.0,5.0,41234,"Autoroute A10, PK 170+000, sens PROVINCE-PARIS",M,"47,5856930","1,0778000",41,2019,130.0,1.0,1.0,1.0,2272432,7.0,2,1,1,5.0,,0.0,0,1995.0,B01,138Â 197Â 842,1.0,-1.0,-1.0,1734461,2.0,7,,0.0,2.0,6.0,B01,138Â 197Â 842,1.0
1016083,201900057614,8,18,06:00,2,1,1,1.0,5.0,41234,"Autoroute A10, PK 170+000, sens PROVINCE-PARIS",M,"47,5856930","1,0778000",41,2019,130.0,1.0,1.0,1.0,2272432,7.0,2,1,1,5.0,,0.0,0,1995.0,B01,138Â 197Â 842,1.0,-1.0,-1.0,1734462,2.0,7,,14.0,0.0,1.0,A01,138Â 197Â 843,0.0
1016083,201900057614,8,18,06:00,2,1,1,1.0,5.0,41234,"Autoroute A10, PK 170+000, sens PROVINCE-PARIS",M,"47,5856930","1,0778000",41,2019,130.0,1.0,1.0,1.0,2272433,9.0,2,3,1,5.0,,0.0,0,2018.0,A01,138Â 197Â 843,3.0,-1.0,-1.0,1734458,2.0,7,,14.0,0.0,2.0,E01,138Â 197Â 839,1.0
1016083,201900057614,8,18,06:00,2,1,1,1.0,5.0,41234,"Autoroute A10, PK 170+000, sens PROVINCE-PARIS",M,"47,5856930","1,0778000",41,2019,130.0,1.0,1.0,1.0,2272433,9.0,2,3,1,5.0,,0.0,0,2018.0,A01,138Â 197Â 843,3.0,-1.0,-1.0,1734459,2.0,7,,14.0,0.0,1.0,D01,138Â 197Â 840,1.0
1016083,201900057614,8,18,06:00,2,1,1,1.0,5.0,41234,"Autoroute A10, PK 170+000, sens PROVINCE-PARIS",M,"47,5856930","1,0778000",41,2019,130.0,1.0,1.0,1.0,2272433,9.0,2,3,1,5.0,,0.0,0,2018.0,A01,138Â 197Â 843,3.0,-1.0,-1.0,1734460,2.0,7,,0.0,2.0,2.0,C01,138Â 197Â 841,1.0
1016083,201900057614,8,18,06:00,2,1,1,1.0,5.0,41234,"Autoroute A10, PK 170+000, sens PROVINCE-PARIS",M,"47,5856930","1,0778000",41,2019,130.0,1.0,1.0,1.0,2272433,9.0,2,3,1,5.0,,0.0,0,2018.0,A01,138Â 197Â 843,3.0,-1.0,-1.0,1734461,2.0,7,,0.0,2.0,6.0,B01,138Â 197Â 842,1.0
1016083,201900057614,8,18,06:00,2,1,1,1.0,5.0,41234,"Autoroute A10, PK 170+000, sens PROVINCE-PARIS",M,"47,5856930","1,0778000",41,2019,130.0,1.0,1.0,1.0,2272433,9.0,2,3,1,5.0,,0.0,0,2018.0,A01,138Â 197Â 843,3.0,-1.0,-1.0,1734462,2.0,7,,14.0,0.0,1.0,A01,138Â 197Â 843,0.0
1016083,201900057614,8,18,06:00,2,1,1,1.0,5.0,41234,"Autoroute A10, PK 170+000, sens PROVINCE-PARIS",M,"47,5856930","1,0778000",41,2019,130.0,1.0,1.0,1.0,2272434,1.0,1,2,1,5.0,,0.0,0,1985.0,A01,138Â 197Â 843,1.0,-1.0,-1.0,1734458,2.0,7,,14.0,0.0,2.0,E01,138Â 197Â 839,1.0
1016083,201900057614,8,18,06:00,2,1,1,1.0,5.0,41234,"Autoroute A10, PK 170+000, sens PROVINCE-PARIS",M,"47,5856930","1,0778000",41,2019,130.0,1.0,1.0,1.0,2272434,1.0,1,2,1,5.0,,0.0,0,1985.0,A01,138Â 197Â 843,1.0,-1.0,-1.0,1734459,2.0,7,,14.0,0.0,1.0,D01,138Â 197Â 840,1.0
1016083,201900057614,8,18,06:00,2,1,1,1.0,5.0,41234,"Autoroute A10, PK 170+000, sens PROVINCE-PARIS",M,"47,5856930","1,0778000",41,2019,130.0,1.0,1.0,1.0,2272434,1.0,1,2,1,5.0,,0.0,0,1985.0,A01,138Â 197Â 843,1.0,-1.0,-1.0,1734460,2.0,7,,0.0,2.0,2.0,C01,138Â 197Â 841,1.0
1016083,201900057614,8,18,06:00,2,1,1,1.0,5.0,41234,"Autoroute A10, PK 170+000, sens PROVINCE-PARIS",M,"47,5856930","1,0778000",41,2019,130.0,1.0,1.0,1.0,2272434,1.0,1,2,1,5.0,,0.0,0,1985.0,A01,138Â 197Â 843,1.0,-1.0,-1.0,1734461,2.0,7,,0.0,2.0,6.0,B01,138Â 197Â 842,1.0
1016083,201900057614,8,18,06:00,2,1,1,1.0,5.0,41234,"Autoroute A10, PK 170+000, sens PROVINCE-PARIS",M,"47,5856930","1,0778000",41,2019,130.0,1.0,1.0,1.0,2272434,1.0,1,2,1,5.0,,0.0,0,1985.0,A01,138Â 197Â 843,1.0,-1.0,-1.0,1734462,2.0,7,,14.0,0.0,1.0,A01,138Â 197Â 843,0.0
1016083,201900057614,8,18,06:00,2,1,1,1.0,5.0,41234,"Autoroute A10, PK 170+000, sens PROVINCE-PARIS",M,"47,5856930","1,0778000",41,2019,130.0,1.0,1.0,1.0,2272435,2.0,2,2,2,5.0,,0.0,0,1987.0,A01,138Â 197Â 843,1.0,-1.0,-1.0,1734458,2.0,7,,14.0,0.0,2.0,E01,138Â 197Â 839,1.0
1016083,201900057614,8,18,06:00,2,1,1,1.0,5.0,41234,"Autoroute A10, PK 170+000, sens PROVINCE-PARIS",M,"47,5856930","1,0778000",41,2019,130.0,1.0,1.0,1.0,2272435,2.0,2,2,2,5.0,,0.0,0,1987.0,A01,138Â 197Â 843,1.0,-1.0,-1.0,1734459,2.0,7,,14.0,0.0,1.0,D01,138Â 197Â 840,1.0
1016083,201900057614,8,18,06:00,2,1,1,1.0,5.0,41234,"Autoroute A10, PK 170+000, sens PROVINCE-PARIS",M,"47,5856930","1,0778000",41,2019,130.0,1.0,1.0,1.0,2272435,2.0,2,2,2,5.0,,0.0,0,1987.0,A01,138Â 197Â 843,1.0,-1.0,-1.0,1734460,2.0,7,,0.0,2.0,2.0,C01,138Â 197Â 841,1.0
1016083,201900057614,8,18,06:00,2,1,1,1.0,5.0,41234,"Autoroute A10, PK 170+000, sens PROVINCE-PARIS",M,"47,5856930","1,0778000",41,2019,130.0,1.0,1.0,1.0,2272435,2.0,2,2,2,5.0,,0.0,0,1987.0,A01,138Â 197Â 843,1.0,-1.0,-1.0,1734461,2.0,7,,0.0,2.0,6.0,B01,138Â 197Â 842,1.0
1016083,201900057614,8,18,06:00,2,1,1,1.0,5.0,41234,"Autoroute A10, PK 170+000, sens PROVINCE-PARIS",M,"47,5856930","1,0778000",41,2019,130.0,1.0,1.0,1.0,2272435,2.0,2,2,2,5.0,,0.0,0,1987.0,A01,138Â 197Â 843,1.0,-1.0,-1.0,1734462,2.0,7,,14.0,0.0,1.0,A01,138Â 197Â 843,0.0
1016084,201900057615,3,27,08:15,1,1,1,1.0,3.0,33397,AUTOROUTE A 10,M,"44,9200600"," -0,4758400",33,2019,110.0,1.0,1.0,1.0,2272436,1.0,1,4,1,1.0,,-1.0, -1,1961.0,B01,138Â 197Â 847,2.0,6.0,-1.0,1734463,1.0,33,,0.0,2.0,7.0,B01,138Â 197Â 847,1.0
1016084,201900057615,3,27,08:15,1,1,1,1.0,3.0,33397,AUTOROUTE A 10,M,"44,9200600"," -0,4758400",33,2019,110.0,1.0,1.0,1.0,2272436,1.0,1,4,1,1.0,,-1.0, -1,1961.0,B01,138Â 197Â 847,2.0,6.0,-1.0,1734464,1.0,7,,0.0,2.0,3.0,A01,138Â 197Â 849,1.0
1016084,201900057615,3,27,08:15,1,1,1,1.0,3.0,33397,AUTOROUTE A 10,M,"44,9200600"," -0,4758400",33,2019,110.0,1.0,1.0,1.0,2272437,1.0,1,1,2,1.0,,-1.0, -1,1969.0,A01,138Â 197Â 849,1.0,8.0,-1.0,1734463,1.0,33,,0.0,2.0,7.0,B01,138Â 197Â 847,1.0
1016084,201900057615,3,27,08:15,1,1,1,1.0,3.0,33397,AUTOROUTE A 10,M,"44,9200600"," -0,4758400",33,2019,110.0,1.0,1.0,1.0,2272437,1.0,1,1,2,1.0,,-1.0, -1,1969.0,A01,138Â 197Â 849,1.0,8.0,-1.0,1734464,1.0,7,,0.0,2.0,3.0,A01,138Â 197Â 849,1.0
1016085,201900057616,10,26,16:07,1,1,1,1.0,1.0,03254,D2009,M,"46,3277885","3,2849935",3,2019,80.0,1.0,1.0,3.0,2272438,1.0,1,3,1,5.0,,0.0,0,1937.0,B01,138Â 197Â 855,1.0,-1.0,-1.0,1734465,2.0,7,,3.0,0.0,1.0,B01,138Â 197Â 855,1.0
1016085,201900057616,10,26,16:07,1,1,1,1.0,1.0,03254,D2009,M,"46,3277885","3,2849935",3,2019,80.0,1.0,1.0,3.0,2272438,1.0,1,3,1,5.0,,0.0,0,1937.0,B01,138Â 197Â 855,1.0,-1.0,-1.0,1734466,2.0,7,,0.0,0.0,1.0,A01,138Â 197Â 869,1.0
1016085,201900057616,10,26,16:07,1,1,1,1.0,1.0,03254,D2009,M,"46,3277885","3,2849935",3,2019,80.0,1.0,1.0,3.0,2272439,1.0,1,2,1,0.0,,0.0,0,1925.0,A01,138Â 197Â 869,1.0,-1.0,-1.0,1734465,2.0,7,,3.0,0.0,1.0,B01,138Â 197Â 855,1.0
1016085,201900057616,10,26,16:07,1,1,1,1.0,1.0,03254,D2009,M,"46,3277885","3,2849935",3,2019,80.0,1.0,1.0,3.0,2272439,1.0,1,2,1,0.0,,0.0,0,1925.0,A01,138Â 197Â 869,1.0,-1.0,-1.0,1734466,2.0,7,,0.0,0.0,1.0,A01,138Â 197Â 869,1.0
1016086,201900057617,8,17,15:55,1,2,1,1.0,1.0,84056,D950A,M,"44,1168350","4,8830600",84,2019,50.0,1.0,1.0,4.0,2272440,1.0,1,3,2,3.0,,0.0,0,1950.0,B01,138Â 197Â 837,1.0,-1.0,-1.0,1734467,0.0,7,,0.0,2.0,2.0,B01,138Â 197Â 837,1.0
1016086,201900057617,8,17,15:55,1,2,1,1.0,1.0,84056,D950A,M,"44,1168350","4,8830600",84,2019,50.0,1.0,1.0,4.0,2272440,1.0,1,3,2,3.0,,0.0,0,1950.0,B01,138Â 197Â 837,1.0,-1.0,-1.0,1734468,3.0,7,,0.0,2.0,2.0,A01,138Â 197Â 838,1.0
1016086,201900057617,8,17,15:55,1,2,1,1.0,1.0,84056,D950A,M,"44,1168350","4,8830600",84,2019,50.0,1.0,1.0,4.0,2272441,4.0,2,4,1,0.0,,0.0,0,2000.0,A01,138Â 197Â 838,1.0,-1.0,-1.0,1734467,0.0,7,,0.0,2.0,2.0,B01,138Â 197Â 837,1.0
1016086,201900057617,8,17,15:55,1,2,1,1.0,1.0,84056,D950A,M,"44,1168350","4,8830600",84,2019,50.0,1.0,1.0,4.0,2272441,4.0,2,4,1,0.0,,0.0,0,2000.0,A01,138Â 197Â 838,1.0,-1.0,-1.0,1734468,3.0,7,,0.0,2.0,2.0,A01,138Â 197Â 838,1.0
1016086,201900057617,8,17,15:55,1,2,1,1.0,1.0,84056,D950A,M,"44,1168350","4,8830600",84,2019,50.0,1.0,1.0,4.0,2272442,2.0,2,4,1,0.0,,0.0,0,2000.0,A01,138Â 197Â 838,1.0,-1.0,-1.0,1734467,0.0,7,,0.0,2.0,2.0,B01,138Â 197Â 837,1.0
1016086,201900057617,8,17,15:55,1,2,1,1.0,1.0,84056,D950A,M,"44,1168350","4,8830600",84,2019,50.0,1.0,1.0,4.0,2272442,2.0,2,4,1,0.0,,0.0,0,2000.0,A01,138Â 197Â 838,1.0,-1.0,-1.0,1734468,3.0,7,,0.0,2.0,2.0,A01,138Â 197Â 838,1.0
1016086,201900057617,8,17,15:55,1,2,1,1.0,1.0,84056,D950A,M,"44,1168350","4,8830600",84,2019,50.0,1.0,1.0,4.0,2272443,1.0,1,4,1,0.0,,0.0,0,2000.0,A01,138Â 197Â 838,1.0,-1.0,-1.0,1734467,0.0,7,,0.0,2.0,2.0,B01,138Â 197Â 837,1.0
1016086,201900057617,8,17,15:55,1,2,1,1.0,1.0,84056,D950A,M,"44,1168350","4,8830600",84,2019,50.0,1.0,1.0,4.0,2272443,1.0,1,4,1,0.0,,0.0,0,2000.0,A01,138Â 197Â 838,1.0,-1.0,-1.0,1734468,3.0,7,,0.0,2.0,2.0,A01,138Â 197Â 838,1.0
1016087,201900057618,10,26,17:45,2,2,1,1.0,7.0,58095,10 Rue des PÃªcheurs,M,"46,8297260","3,4627920",58,2019,50.0,1.0,1.0,4.0,2272444,1.0,1,3,1,0.0,,0.0,0,2000.0,A01,138Â 197Â 835,2.0,6.0,9.0,1734469,3.0,33,,0.0,0.0,7.0,A01,138Â 197Â 835,1.0
1016088,201900057619,2,16,16:20,1,2,1,1.0,7.0,94021,8 Mai 1945 (Rue),M,"48,7646600","2,3572300",94,2019,30.0,1.0,1.0,3.0,2272445,1.0,1,4,1,5.0,,0.0,0,1988.0,A01,138Â 197Â 848,2.0,8.0,-1.0,1734470,3.0,33,,0.0,0.0,7.0,A01,138Â 197Â 848,1.0
1016089,201900057620,5,1,05:06,3,1,1,1.0,2.0,26271,A7,M,"45,0372620","4,8771230",26,2019,90.0,1.0,1.0,1.0,2272446,1.0,1,3,1,4.0,,0.0,0,1988.0,B01,138Â 197Â 853,1.0,-1.0,-1.0,1734471,1.0,15,,0.0,2.0,1.0,B01,138Â 197Â 853,1.0
1016089,201900057620,5,1,05:06,3,1,1,1.0,2.0,26271,A7,M,"45,0372620","4,8771230",26,2019,90.0,1.0,1.0,1.0,2272446,1.0,1,3,1,4.0,,0.0,0,1988.0,B01,138Â 197Â 853,1.0,-1.0,-1.0,1734472,1.0,15,,0.0,0.0,4.0,A01,138Â 197Â 871,1.0