Unnamed: 0_x,num_acc,mois,jour,hrmn,lum,agg,int,atm,col,com,adr,gps,lat,long,dep,annee,vma,situ,surf,catr,Unnamed: 0_y,place,catu,grav,sexe,trajet,secu,locp,actp,an_nais,num_veh_x,id_vehicule_x,secu1,secu2,secu3,Unnamed: 0,senc,catv,occutc,obs,obsm,choc,num_veh_y,id_vehicule_y,motor
1016089,201900057620,5,1,05:06,3,1,1,1.0,2.0,26271,A7,M,"45,0372620","4,8771230",26,2019,90.0,1.0,1.0,1.0,2272447,1.0,1,1,1,4.0,,0.0,0,1982.0,A01,138Â 197Â 871,1.0,-1.0,-1.0,1734471,1.0,15,,0.0,2.0,1.0,B01,138Â 197Â 853,1.0
1016089,201900057620,5,1,05:06,3,1,1,1.0,2.0,26271,A7,M,"45,0372620","4,8771230",26,2019,90.0,1.0,1.0,1.0,2272447,1.0,1,1,1,4.0,,0.0,0,1982.0,A01,138Â 197Â 871,1.0,-1.0,-1.0,1734472,1.0,15,,0.0,0.0,4.0,A01,138Â 197Â 871,1.0
1016089,201900057620,5,1,05:06,3,1,1,1.0,2.0,26271,A7,M,"45,0372620","4,8771230",26,2019,90.0,1.0,1.0,1.0,2272448,2.0,2,1,1,4.0,,0.0,0,1983.0,A01,138Â 197Â 871,0.0,-1.0,-1.0,1734471,1.0,15,,0.0,2.0,1.0,B01,138Â 197Â 853,1.0
1016089,201900057620,5,1,05:06,3,1,1,1.0,2.0,26271,A7,M,"45,0372620","4,8771230",26,2019,90.0,1.0,1.0,1.0,2272448,2.0,2,1,1,4.0,,0.0,0,1983.0,A01,138Â 197Â 871,0.0,-1.0,-1.0,1734472,1.0,15,,0.0,0.0,4.0,A01,138Â 197Â 871,1.0
1016090,201900057621,9,21,18:36,1,1,6,1.0,6.0,91433,R.N. 20,M,"48,4587700","2,1775400",91,2019,50.0,1.0,8.0,2.0,2272449,2.0,2,4,2,0.0,,0.0,0,1960.0,A01,138Â 197Â 851,2.0,0.0,-1.0,1734473,2.0,33,,0.0,2.0,0.0,A01,138Â 197Â 851,1.0
1016090,201900057621,9,21,18:36,1,1,6,1.0,6.0,91433,R.N. 20,M,"48,4587700","2,1775400",91,2019,50.0,1.0,8.0,2.0,2272450,1.0,1,4,1,0.0,,0.0,0,1961.0,A01,138Â 197Â 851,2.0,8.0,-1.0,1734473,2.0,33,,0.0,2.0,0.0,A01,138Â 197Â 851,1.0
1016091,201900057622,8,18,20:30,1,1,1,1.0,3.0,47013,Lasberteuilles,M,"44,3797950","0,0985760",47,2019,80.0,1.0,1.0,4.0,2272451,1.0,1,1,1,5.0,,0.0,0,1952.0,A01,138Â 197Â 832,1.0,-1.0,-1.0,1734474,3.0,7,,0.0,2.0,7.0,A01,138Â 197Â 832,1.0
1016091,201900057622,8,18,20:30,1,1,1,1.0,3.0,47013,Lasberteuilles,M,"44,3797950","0,0985760",47,2019,80.0,1.0,1.0,4.0,2272451,1.0,1,1,1,5.0,,0.0,0,1952.0,A01,138Â 197Â 832,1.0,-1.0,-1.0,1734475,3.0,2,,0.0,2.0,1.0,B01,138Â 197Â 833,1.0
1016091,201900057622,8,18,20:30,1,1,1,1.0,3.0,47013,Lasberteuilles,M,"44,3797950","0,0985760",47,2019,80.0,1.0,1.0,4.0,2272452,1.0,1,3,1,5.0,,0.0,0,2004.0,B01,138Â 197Â 833,2.0,6.0,-1.0,1734474,3.0,7,,0.0,2.0,7.0,A01,138Â 197Â 832,1.0
1016091,201900057622,8,18,20:30,1,1,1,1.0,3.0,47013,Lasberteuilles,M,"44,3797950","0,0985760",47,2019,80.0,1.0,1.0,4.0,2272452,1.0,1,3,1,5.0,,0.0,0,2004.0,B01,138Â 197Â 833,2.0,6.0,-1.0,1734475,3.0,2,,0.0,2.0,1.0,B01,138Â 197Â 833,1.0
1016092,201900057623,3,26,13:30,1,1,1,1.0,3.0,59646,ROUTE DEPARTEMENTALE 656,M,"50,6737700","3,1183600",59,2019,90.0,1.0,1.0,7.0,2272453,1.0,1,1,1,5.0,,-1.0, -1,1994.0,A01,138Â 197Â 834,1.0,0.0,-1.0,1734476,1.0,7,,0.0,2.0,7.0,A01,138Â 197Â 834,1.0
1016092,201900057623,3,26,13:30,1,1,1,1.0,3.0,59646,ROUTE DEPARTEMENTALE 656,M,"50,6737700","3,1183600",59,2019,90.0,1.0,1.0,7.0,2272453,1.0,1,1,1,5.0,,-1.0, -1,1994.0,A01,138Â 197Â 834,1.0,0.0,-1.0,1734477,1.0,33,,0.0,2.0,8.0,B01,138Â 197Â 836,1.0
1016092,201900057623,3,26,13:30,1,1,1,1.0,3.0,59646,ROUTE DEPARTEMENTALE 656,M,"50,6737700","3,1183600",59,2019,90.0,1.0,1.0,7.0,2272454,1.0,1,3,1,5.0,,-1.0, -1,1990.0,B01,138Â 197Â 836,2.0,0.0,-1.0,1734476,1.0,7,,0.0,2.0,7.0,A01,138Â 197Â 834,1.0
1016092,201900057623,3,26,13:30,1,1,1,1.0,3.0,59646,ROUTE DEPARTEMENTALE 656,M,"50,6737700","3,1183600",59,2019,90.0,1.0,1.0,7.0,2272454,1.0,1,3,1,5.0,,-1.0, -1,1990.0,B01,138Â 197Â 836,2.0,0.0,-1.0,1734477,1.0,33,,0.0,2.0,8.0,B01,138Â 197Â 836,1.0
1016093,201900057624,10,26,15:30,1,1,1,1.0,3.0,72223, -RD 35  PK 19+400,M,"47,8817780"," -0,1193160",72,2019,80.0,1.0,1.0,3.0,2272455,1.0,1,1,1,4.0,,0.0,0,1984.0,B01,138Â 197Â 830,0.0,-1.0,-1.0,1734478,2.0,10,,0.0,2.0,6.0,B01,138Â 197Â 830,1.0
1016093,201900057624,10,26,15:30,1,1,1,1.0,3.0,72223, -RD 35  PK 19+400,M,"47,8817780"," -0,1193160",72,2019,80.0,1.0,1.0,3.0,2272455,1.0,1,1,1,4.0,,0.0,0,1984.0,B01,138Â 197Â 830,0.0,-1.0,-1.0,1734479,1.0,7,,0.0,2.0,3.0,A01,138Â 197Â 831,1.0
1016093,201900057624,10,26,15:30,1,1,1,1.0,3.0,72223, -RD 35  PK 19+400,M,"47,8817780"," -0,1193160",72,2019,80.0,1.0,1.0,3.0,2272456,1.0,1,2,1,0.0,,0.0,0,1937.0,A01,138Â 197Â 831,1.0,-1.0,-1.0,1734478,2.0,10,,0.0,2.0,6.0,B01,138Â 197Â 830,1.0
1016093,201900057624,10,26,15:30,1,1,1,1.0,3.0,72223, -RD 35  PK 19+400,M,"47,8817780"," -0,1193160",72,2019,80.0,1.0,1.0,3.0,2272456,1.0,1,2,1,0.0,,0.0,0,1937.0,A01,138Â 197Â 831,1.0,-1.0,-1.0,1734479,1.0,7,,0.0,2.0,3.0,A01,138Â 197Â 831,1.0
1016094,201900057625,10,26,14:55,1,2,1,1.0,7.0,72090,48 Rue Ledru Rollin,M,"48,0547800","0,4957590",72,2019,50.0,8.0,1.0,4.0,2272457,1.0,1,4,1,5.0,,0.0,0,1998.0,A01,138Â 197Â 828,2.0,6.0,9.0,1734480,0.0,33,,1.0,0.0,1.0,A01,138Â 197Â 828,1.0
1016095,201900057626,1,5,07:15,3,1,1,1.0,2.0,94038,AUTOROUTE A6A,M,"48,7770100","2,3462600",94,2019,90.0,1.0,1.0,1.0,2272458,1.0,1,1,1,0.0,,-1.0,0,1994.0,A01,138Â 197Â 845,1.0,0.0,-1.0,1734481,2.0,0,,0.0,0.0,0.0,Z01,138Â 197Â 844,1.0
1016095,201900057626,1,5,07:15,3,1,1,1.0,2.0,94038,AUTOROUTE A6A,M,"48,7770100","2,3462600",94,2019,90.0,1.0,1.0,1.0,2272458,1.0,1,1,1,0.0,,-1.0,0,1994.0,A01,138Â 197Â 845,1.0,0.0,-1.0,1734482,2.0,7,,5.0,0.0,4.0,A01,138Â 197Â 845,1.0
1016095,201900057626,1,5,07:15,3,1,1,1.0,2.0,94038,AUTOROUTE A6A,M,"48,7770100","2,3462600",94,2019,90.0,1.0,1.0,1.0,2272459,2.0,2,4,2,0.0,,-1.0,0,1980.0,A01,138Â 197Â 845,1.0,0.0,-1.0,1734481,2.0,0,,0.0,0.0,0.0,Z01,138Â 197Â 844,1.0
1016095,201900057626,1,5,07:15,3,1,1,1.0,2.0,94038,AUTOROUTE A6A,M,"48,7770100","2,3462600",94,2019,90.0,1.0,1.0,1.0,2272459,2.0,2,4,2,0.0,,-1.0,0,1980.0,A01,138Â 197Â 845,1.0,0.0,-1.0,1734482,2.0,7,,5.0,0.0,4.0,A01,138Â 197Â 845,1.0
1016096,201900057627,9,21,05:40,5,2,9,1.0,3.0,91114,MARRONNIERS (AVENUE DES),M,"48,6828800","2,4970600",91,2019,50.0,1.0,1.0,4.0,2272460,1.0,1,1,1,5.0,,0.0,0,2000.0,A01,138Â 197Â 825,8.0,0.0,-1.0,1734483,2.0,7,,0.0,2.0,1.0,A01,138Â 197Â 825,1.0
1016096,201900057627,9,21,05:40,5,2,9,1.0,3.0,91114,MARRONNIERS (AVENUE DES),M,"48,6828800","2,4970600",91,2019,50.0,1.0,1.0,4.0,2272460,1.0,1,1,1,5.0,,0.0,0,2000.0,A01,138Â 197Â 825,8.0,0.0,-1.0,1734484,1.0,7,,0.0,2.0,1.0,B01,138Â 197Â 829,1.0
1016096,201900057627,9,21,05:40,5,2,9,1.0,3.0,91114,MARRONNIERS (AVENUE DES),M,"48,6828800","2,4970600",91,2019,50.0,1.0,1.0,4.0,2272461,2.0,2,1,2,5.0,,0.0,0,2000.0,A01,138Â 197Â 825,8.0,0.0,-1.0,1734483,2.0,7,,0.0,2.0,1.0,A01,138Â 197Â 825,1.0
1016096,201900057627,9,21,05:40,5,2,9,1.0,3.0,91114,MARRONNIERS (AVENUE DES),M,"48,6828800","2,4970600",91,2019,50.0,1.0,1.0,4.0,2272461,2.0,2,1,2,5.0,,0.0,0,2000.0,A01,138Â 197Â 825,8.0,0.0,-1.0,1734484,1.0,7,,0.0,2.0,1.0,B01,138Â 197Â 829,1.0
1016096,201900057627,9,21,05:40,5,2,9,1.0,3.0,91114,MARRONNIERS (AVENUE DES),M,"48,6828800","2,4970600",91,2019,50.0,1.0,1.0,4.0,2272462,3.0,2,1,1,0.0,,0.0,0,2000.0,A01,138Â 197Â 825,8.0,0.0,-1.0,1734483,2.0,7,,0.0,2.0,1.0,A01,138Â 197Â 825,1.0
1016096,201900057627,9,21,05:40,5,2,9,1.0,3.0,91114,MARRONNIERS (AVENUE DES),M,"48,6828800","2,4970600",91,2019,50.0,1.0,1.0,4.0,2272462,3.0,2,1,1,0.0,,0.0,0,2000.0,A01,138Â 197Â 825,8.0,0.0,-1.0,1734484,1.0,7,,0.0,2.0,1.0,B01,138Â 197Â 829,1.0
1016096,201900057627,9,21,05:40,5,2,9,1.0,3.0,91114,MARRONNIERS (AVENUE DES),M,"48,6828800","2,4970600",91,2019,50.0,1.0,1.0,4.0,2272463,1.0,1,4,2,1.0,,0.0,0,1962.0,B01,138Â 197Â 829,8.0,0.0,-1.0,1734483,2.0,7,,0.0,2.0,1.0,A01,138Â 197Â 825,1.0
1016096,201900057627,9,21,05:40,5,2,9,1.0,3.0,91114,MARRONNIERS (AVENUE DES),M,"48,6828800","2,4970600",91,2019,50.0,1.0,1.0,4.0,2272463,1.0,1,4,2,1.0,,0.0,0,1962.0,B01,138Â 197Â 829,8.0,0.0,-1.0,1734484,1.0,7,,0.0,2.0,1.0,B01,138Â 197Â 829,1.0
1016097,201900057628,8,19,00:55,3,1,1,1.0,3.0,83131,Route DÃ©partementale 554,M,"43,2151820","6,0259270",83,2019,90.0,1.0,1.0,3.0,2272464,2.0,2,4,2,5.0,,0.0,0,1971.0,B01,138Â 197Â 824,1.0,-1.0,-1.0,1734485,2.0,7,,0.0,2.0,3.0,B01,138Â 197Â 824,0.0
1016097,201900057628,8,19,00:55,3,1,1,1.0,3.0,83131,Route DÃ©partementale 554,M,"43,2151820","6,0259270",83,2019,90.0,1.0,1.0,3.0,2272464,2.0,2,4,2,5.0,,0.0,0,1971.0,B01,138Â 197Â 824,1.0,-1.0,-1.0,1734486,2.0,7,,0.0,2.0,2.0,A01,138Â 197Â 827,0.0
1016097,201900057628,8,19,00:55,3,1,1,1.0,3.0,83131,Route DÃ©partementale 554,M,"43,2151820","6,0259270",83,2019,90.0,1.0,1.0,3.0,2272465,1.0,1,4,1,5.0,,0.0,0,1970.0,B01,138Â 197Â 824,1.0,-1.0,-1.0,1734485,2.0,7,,0.0,2.0,3.0,B01,138Â 197Â 824,0.0
1016097,201900057628,8,19,00:55,3,1,1,1.0,3.0,83131,Route DÃ©partementale 554,M,"43,2151820","6,0259270",83,2019,90.0,1.0,1.0,3.0,2272465,1.0,1,4,1,5.0,,0.0,0,1970.0,B01,138Â 197Â 824,1.0,-1.0,-1.0,1734486,2.0,7,,0.0,2.0,2.0,A01,138Â 197Â 827,0.0
1016097,201900057628,8,19,00:55,3,1,1,1.0,3.0,83131,Route DÃ©partementale 554,M,"43,2151820","6,0259270",83,2019,90.0,1.0,1.0,3.0,2272466,7.0,2,1,1,5.0,,0.0,0,2001.0,A01,138Â 197Â 827,1.0,-1.0,-1.0,1734485,2.0,7,,0.0,2.0,3.0,B01,138Â 197Â 824,0.0
1016097,201900057628,8,19,00:55,3,1,1,1.0,3.0,83131,Route DÃ©partementale 554,M,"43,2151820","6,0259270",83,2019,90.0,1.0,1.0,3.0,2272466,7.0,2,1,1,5.0,,0.0,0,2001.0,A01,138Â 197Â 827,1.0,-1.0,-1.0,1734486,2.0,7,,0.0,2.0,2.0,A01,138Â 197Â 827,0.0
1016097,201900057628,8,19,00:55,3,1,1,1.0,3.0,83131,Route DÃ©partementale 554,M,"43,2151820","6,0259270",83,2019,90.0,1.0,1.0,3.0,2272467,2.0,2,1,1,5.0,,0.0,0,2002.0,A01,138Â 197Â 827,1.0,-1.0,-1.0,1734485,2.0,7,,0.0,2.0,3.0,B01,138Â 197Â 824,0.0
1016097,201900057628,8,19,00:55,3,1,1,1.0,3.0,83131,Route DÃ©partementale 554,M,"43,2151820","6,0259270",83,2019,90.0,1.0,1.0,3.0,2272467,2.0,2,1,1,5.0,,0.0,0,2002.0,A01,138Â 197Â 827,1.0,-1.0,-1.0,1734486,2.0,7,,0.0,2.0,2.0,A01,138Â 197Â 827,0.0
1016097,201900057628,8,19,00:55,3,1,1,1.0,3.0,83131,Route DÃ©partementale 554,M,"43,2151820","6,0259270",83,2019,90.0,1.0,1.0,3.0,2272468,1.0,1,1,1,5.0,,0.0,0,2000.0,A01,138Â 197Â 827,1.0,-1.0,-1.0,1734485,2.0,7,,0.0,2.0,3.0,B01,138Â 197Â 824,0.0
1016097,201900057628,8,19,00:55,3,1,1,1.0,3.0,83131,Route DÃ©partementale 554,M,"43,2151820","6,0259270",83,2019,90.0,1.0,1.0,3.0,2272468,1.0,1,1,1,5.0,,0.0,0,2000.0,A01,138Â 197Â 827,1.0,-1.0,-1.0,1734486,2.0,7,,0.0,2.0,2.0,A01,138Â 197Â 827,0.0
1016098,201900057629,3,27,17:45,1,2,1,1.0,7.0,91235,RN 104,M,"48,6270200","2,3539600",91,2019,80.0,1.0,1.0,3.0,2272469,1.0,1,4,1,5.0,,0.0,0,1987.0,A01,138Â 197Â 826,1.0,0.0,-1.0,1734487,3.0,7,,4.0,0.0,1.0,A01,138Â 197Â 826,1.0
1016099,201900057630,9,21,11:23,1,2,7,1.0,6.0,88160,AUBERT (RUE),M,"48,1741300","6,4472900",88,2019,30.0,1.0,1.0,4.0,2272470,10.0,3,3,2,3.0,,2.0,3,1945.0,A01,138Â 197Â 820,0.0,-1.0,-1.0,1734488,1.0,7,,0.0,1.0,4.0,A01,138Â 197Â 820,1.0
1016099,201900057630,9,21,11:23,1,2,7,1.0,6.0,88160,AUBERT (RUE),M,"48,1741300","6,4472900",88,2019,30.0,1.0,1.0,4.0,2272471,1.0,1,1,1,5.0,,0.0,0,1964.0,A01,138Â 197Â 820,1.0,8.0,-1.0,1734488,1.0,7,,0.0,1.0,4.0,A01,138Â 197Â 820,1.0
1016100,201900057631,1,4,08:15,1,1,1,1.0,3.0,91339,RN 104,M,"48,6261310","2,2610850",91,2019,50.0,1.0,1.0,2.0,2272472,1.0,1,1,1,0.0,,0.0,0,1993.0,B01,138Â 197Â 819,1.0,0.0,-1.0,1734489,2.0,7,,0.0,2.0,7.0,B01,138Â 197Â 819,1.0
1016100,201900057631,1,4,08:15,1,1,1,1.0,3.0,91339,RN 104,M,"48,6261310","2,2610850",91,2019,50.0,1.0,1.0,2.0,2272472,1.0,1,1,1,0.0,,0.0,0,1993.0,B01,138Â 197Â 819,1.0,0.0,-1.0,1734490,2.0,20,,0.0,2.0,8.0,A01,138Â 197Â 822,1.0
1016100,201900057631,1,4,08:15,1,1,1,1.0,3.0,91339,RN 104,M,"48,6261310","2,2610850",91,2019,50.0,1.0,1.0,2.0,2272473,1.0,1,4,1,4.0,,0.0,0,1988.0,A01,138Â 197Â 822,1.0,0.0,-1.0,1734489,2.0,7,,0.0,2.0,7.0,B01,138Â 197Â 819,1.0
1016100,201900057631,1,4,08:15,1,1,1,1.0,3.0,91339,RN 104,M,"48,6261310","2,2610850",91,2019,50.0,1.0,1.0,2.0,2272473,1.0,1,4,1,4.0,,0.0,0,1988.0,A01,138Â 197Â 822,1.0,0.0,-1.0,1734490,2.0,20,,0.0,2.0,8.0,A01,138Â 197Â 822,1.0
1016101,201900057632,10,26,02:40,5,2,1,1.0,6.0,60403,D133,M,"49,5041040","1,9916100",60,2019,50.0,1.0,2.0,3.0,2272474,1.0,1,3,1,5.0,,0.0,0,2002.0,A01,138Â 197Â 815,2.0,6.0,-1.0,1734491,2.0,2,,0.0,0.0,0.0,A01,138Â 197Â 815,1.0
1016102,201900057633,8,16,18:30,1,1,1,1.0,2.0,67434,D1061,M,"48,9403350","7,0875070",67,2019,80.0,1.0,1.0,3.0,2272475,1.0,1,1,1,0.0,,0.0,0,1974.0,B01,138Â 197Â 814,1.0,-1.0,-1.0,1734492,0.0,7,,0.0,0.0,4.0,B01,138Â 197Â 814,1.0
1016102,201900057633,8,16,18:30,1,1,1,1.0,2.0,67434,D1061,M,"48,9403350","7,0875070",67,2019,80.0,1.0,1.0,3.0,2272475,1.0,1,1,1,0.0,,0.0,0,1974.0,B01,138Â 197Â 814,1.0,-1.0,-1.0,1734493,0.0,33,,0.0,2.0,1.0,A01,138Â 197Â 817,1.0
1016102,201900057633,8,16,18:30,1,1,1,1.0,2.0,67434,D1061,M,"48,9403350","7,0875070",67,2019,80.0,1.0,1.0,3.0,2272476,1.0,1,3,1,1.0,,0.0,0,1994.0,A01,138Â 197Â 817,2.0,6.0,-1.0,1734492,0.0,7,,0.0,0.0,4.0,B01,138Â 197Â 814,1.0
1016102,201900057633,8,16,18:30,1,1,1,1.0,2.0,67434,D1061,M,"48,9403350","7,0875070",67,2019,80.0,1.0,1.0,3.0,2272476,1.0,1,3,1,1.0,,0.0,0,1994.0,A01,138Â 197Â 817,2.0,6.0,-1.0,1734493,0.0,33,,0.0,2.0,1.0,A01,138Â 197Â 817,1.0
1016103,201900057634,3,27,02:55,3,1,1,1.0,6.0,91339,RN 104,M,"48,6240330","2,2662000",91,2019,110.0,1.0,1.0,2.0,2272477,1.0,1,1,1,0.0,,-1.0, -1,1977.0,B01,138Â 197Â 813,8.0,0.0,-1.0,1734494,2.0,15,,0.0,6.0,1.0,B01,138Â 197Â 813,1.0
1016103,201900057634,3,27,02:55,3,1,1,1.0,6.0,91339,RN 104,M,"48,6240330","2,2662000",91,2019,110.0,1.0,1.0,2.0,2272477,1.0,1,1,1,0.0,,-1.0, -1,1977.0,B01,138Â 197Â 813,8.0,0.0,-1.0,1734495,1.0,15,,5.0,0.0,3.0,A01,138Â 197Â 816,1.0
1016103,201900057634,3,27,02:55,3,1,1,1.0,6.0,91339,RN 104,M,"48,6240330","2,2662000",91,2019,110.0,1.0,1.0,2.0,2272478,1.0,1,4,1,9.0,,-1.0, -1,1966.0,A01,138Â 197Â 816,8.0,0.0,-1.0,1734494,2.0,15,,0.0,6.0,1.0,B01,138Â 197Â 813,1.0
1016103,201900057634,3,27,02:55,3,1,1,1.0,6.0,91339,RN 104,M,"48,6240330","2,2662000",91,2019,110.0,1.0,1.0,2.0,2272478,1.0,1,4,1,9.0,,-1.0, -1,1966.0,A01,138Â 197Â 816,8.0,0.0,-1.0,1734495,1.0,15,,5.0,0.0,3.0,A01,138Â 197Â 816,1.0
1016104,201900057635,9,20,16:22,1,2,1,1.0,3.0,83069,JUIN ( BOULEVARD DU MARECHAL ),M,"43,1162400","6,1133400",83,2019,50.0,1.0,1.0,4.0,2272479,1.0,1,4,1,1.0,,-1.0,0,1998.0,A01,138Â 197Â 810,1.0,0.0,-1.0,1734496,1.0,10,,0.0,2.0,1.0,A01,138Â 197Â 810,1.0
1016104,201900057635,9,20,16:22,1,2,1,1.0,3.0,83069,JUIN ( BOULEVARD DU MARECHAL ),M,"43,1162400","6,1133400",83,2019,50.0,1.0,1.0,4.0,2272479,1.0,1,4,1,1.0,,-1.0,0,1998.0,A01,138Â 197Â 810,1.0,0.0,-1.0,1734497,3.0,10,,0.0,2.0,2.0,B01,138Â 197Â 812,1.0
1016104,201900057635,9,20,16:22,1,2,1,1.0,3.0,83069,JUIN ( BOULEVARD DU MARECHAL ),M,"43,1162400","6,1133400",83,2019,50.0,1.0,1.0,4.0,2272480,1.0,1,4,2,0.0,,-1.0,0,1971.0,B01,138Â 197Â 812,1.0,5.0,-1.0,1734496,1.0,10,,0.0,2.0,1.0,A01,138Â 197Â 810,1.0
1016104,201900057635,9,20,16:22,1,2,1,1.0,3.0,83069,JUIN ( BOULEVARD DU MARECHAL ),M,"43,1162400","6,1133400",83,2019,50.0,1.0,1.0,4.0,2272480,1.0,1,4,2,0.0,,-1.0,0,1971.0,B01,138Â 197Â 812,1.0,5.0,-1.0,1734497,3.0,10,,0.0,2.0,2.0,B01,138Â 197Â 812,1.0
1016105,201900057636,8,18,08:52,1,1,1,2.0,6.0,79249,440 route de Niort,M,"46,3663610"," -0,4072240",79,2019,70.0,3.0,2.0,3.0,2272481,3.0,2,3,2,5.0,,0.0,0,1997.0,A01,138Â 197Â 809,8.0,-1.0,-1.0,1734498,1.0,7,,13.0,0.0,1.0,A01,138Â 197Â 809,1.0
1016105,201900057636,8,18,08:52,1,1,1,2.0,6.0,79249,440 route de Niort,M,"46,3663610"," -0,4072240",79,2019,70.0,3.0,2.0,3.0,2272482,1.0,1,3,1,5.0,,0.0,0,1996.0,A01,138Â 197Â 809,8.0,-1.0,-1.0,1734498,1.0,7,,13.0,0.0,1.0,A01,138Â 197Â 809,1.0
1016105,201900057636,8,18,08:52,1,1,1,2.0,6.0,79249,440 route de Niort,M,"46,3663610"," -0,4072240",79,2019,70.0,3.0,2.0,3.0,2272483,4.0,2,2,1,5.0,,0.0,0,1999.0,A01,138Â 197Â 809,8.0,-1.0,-1.0,1734498,1.0,7,,13.0,0.0,1.0,A01,138Â 197Â 809,1.0
1016105,201900057636,8,18,08:52,1,1,1,2.0,6.0,79249,440 route de Niort,M,"46,3663610"," -0,4072240",79,2019,70.0,3.0,2.0,3.0,2272484,2.0,2,3,1,5.0,,0.0,0,1999.0,A01,138Â 197Â 809,1.0,-1.0,-1.0,1734498,1.0,7,,13.0,0.0,1.0,A01,138Â 197Â 809,1.0
1016105,201900057636,8,18,08:52,1,1,1,2.0,6.0,79249,440 route de Niort,M,"46,3663610"," -0,4072240",79,2019,70.0,3.0,2.0,3.0,2272485,5.0,2,3,2,5.0,,0.0,0,2000.0,A01,138Â 197Â 809,0.0,-1.0,-1.0,1734498,1.0,7,,13.0,0.0,1.0,A01,138Â 197Â 809,1.0
1016106,201900057637,8,18,19:40,1,2,1,1.0,6.0,82125,D42,M,"43,9496000","1,2235920",82,2019,50.0,3.0,1.0,3.0,2272486,1.0,1,3,1,5.0,,0.0,0,1997.0,A01,138Â 197Â 800,0.0,-1.0,-1.0,1734499,1.0,7,,8.0,0.0,1.0,A01,138Â 197Â 800,1.0
1016107,201900057638,3,1,23:50,3,1,1,1.0,4.0,91661,AUTOROUTE A10,M,"48,7081750","2,2509810",91,2019,90.0,1.0,1.0,1.0,2272487,1.0,1,4,1,1.0,,-1.0, -1,1984.0,B01,138Â 197Â 807,2.0,6.0,-1.0,1734500,2.0,15,,0.0,2.0,0.0,Z01,138Â 197Â 806,0.0
1016107,201900057638,3,1,23:50,3,1,1,1.0,4.0,91661,AUTOROUTE A10,M,"48,7081750","2,2509810",91,2019,90.0,1.0,1.0,1.0,2272487,1.0,1,4,1,1.0,,-1.0, -1,1984.0,B01,138Â 197Â 807,2.0,6.0,-1.0,1734501,2.0,33,,0.0,2.0,2.0,B01,138Â 197Â 807,1.0
1016107,201900057638,3,1,23:50,3,1,1,1.0,4.0,91661,AUTOROUTE A10,M,"48,7081750","2,2509810",91,2019,90.0,1.0,1.0,1.0,2272487,1.0,1,4,1,1.0,,-1.0, -1,1984.0,B01,138Â 197Â 807,2.0,6.0,-1.0,1734502,2.0,7,,0.0,2.0,6.0,A01,138Â 197Â 808,0.0
1016107,201900057638,3,1,23:50,3,1,1,1.0,4.0,91661,AUTOROUTE A10,M,"48,7081750","2,2509810",91,2019,90.0,1.0,1.0,1.0,2272488,1.0,1,1,1,1.0,,-1.0, -1,1959.0,A01,138Â 197Â 808,1.0,8.0,-1.0,1734500,2.0,15,,0.0,2.0,0.0,Z01,138Â 197Â 806,0.0
1016107,201900057638,3,1,23:50,3,1,1,1.0,4.0,91661,AUTOROUTE A10,M,"48,7081750","2,2509810",91,2019,90.0,1.0,1.0,1.0,2272488,1.0,1,1,1,1.0,,-1.0, -1,1959.0,A01,138Â 197Â 808,1.0,8.0,-1.0,1734501,2.0,33,,0.0,2.0,2.0,B01,138Â 197Â 807,1.0
1016107,201900057638,3,1,23:50,3,1,1,1.0,4.0,91661,AUTOROUTE A10,M,"48,7081750","2,2509810",91,2019,90.0,1.0,1.0,1.0,2272488,1.0,1,1,1,1.0,,-1.0, -1,1959.0,A01,138Â 197Â 808,1.0,8.0,-1.0,1734502,2.0,7,,0.0,2.0,6.0,A01,138Â 197Â 808,0.0
1016108,201900057639,3,26,19:00,5,1,1,1.0,6.0,92050,A14,M,"48,8953100","2,1939469",92,2019,90.0,1.0,1.0,1.0,2272489,1.0,1,4,1,1.0,,-1.0,0,1988.0,B01,138Â 197Â 796,2.0,0.0,-1.0,1734503,2.0,31,,0.0,2.0,8.0,B01,138Â 197Â 796,0.0
1016108,201900057639,3,26,19:00,5,1,1,1.0,6.0,92050,A14,M,"48,8953100","2,1939469",92,2019,90.0,1.0,1.0,1.0,2272489,1.0,1,4,1,1.0,,-1.0,0,1988.0,B01,138Â 197Â 796,2.0,0.0,-1.0,1734504,2.0,7,,0.0,2.0,2.0,A01,138Â 197Â 797,0.0
1016108,201900057639,3,26,19:00,5,1,1,1.0,6.0,92050,A14,M,"48,8953100","2,1939469",92,2019,90.0,1.0,1.0,1.0,2272490,1.0,1,1,1,1.0,,-1.0,0,1968.0,A01,138Â 197Â 797,1.0,0.0,-1.0,1734503,2.0,31,,0.0,2.0,8.0,B01,138Â 197Â 796,0.0
1016108,201900057639,3,26,19:00,5,1,1,1.0,6.0,92050,A14,M,"48,8953100","2,1939469",92,2019,90.0,1.0,1.0,1.0,2272490,1.0,1,1,1,1.0,,-1.0,0,1968.0,A01,138Â 197Â 797,1.0,0.0,-1.0,1734504,2.0,7,,0.0,2.0,2.0,A01,138Â 197Â 797,0.0