Unnamed: 0_x,num_acc,mois,jour,hrmn,lum,agg,int,atm,col,com,adr,gps,lat,long,dep,annee,vma,situ,surf,catr,Unnamed: 0_y,place,catu,grav,sexe,trajet,secu,locp,actp,an_nais,num_veh_x,id_vehicule_x,secu1,secu2,secu3,Unnamed: 0,senc,catv,occutc,obs,obsm,choc,num_veh_y,id_vehicule_y,motor
1016108,201900057639,3,26,19:00,5,1,1,1.0,6.0,92050,A14,M,"48,8953100","2,1939469",92,2019,90.0,1.0,1.0,1.0,2272491,2.0,2,1,2,1.0,,-1.0,0,1970.0,A01,138Â 197Â 797,1.0,0.0,-1.0,1734503,2.0,31,,0.0,2.0,8.0,B01,138Â 197Â 796,0.0
1016108,201900057639,3,26,19:00,5,1,1,1.0,6.0,92050,A14,M,"48,8953100","2,1939469",92,2019,90.0,1.0,1.0,1.0,2272491,2.0,2,1,2,1.0,,-1.0,0,1970.0,A01,138Â 197Â 797,1.0,0.0,-1.0,1734504,2.0,7,,0.0,2.0,2.0,A01,138Â 197Â 797,0.0
1016109,201900057640,3,25,20:20,3,1,1,1.0,7.0,78423,RN12,M,"48,7944160","2,0499490",78,2019,50.0,1.0,1.0,2.0,2272492,1.0,1,4,1,1.0,,-1.0,0,1990.0,A01,138Â 197Â 795,2.0,6.0,-1.0,1734505,1.0,43,,4.0,0.0,8.0,A01,138Â 197Â 795,1.0
1016110,201900057641,3,26,20:05,3,1,1,1.0,3.0,95365,RN 104,M,"49,0661600","2,4053300",95,2019,110.0,1.0,1.0,2.0,2272493,1.0,1,4,2,1.0,,-1.0,0,1989.0,A01,138Â 197Â 794,1.0,0.0,-1.0,1734506,2.0,15,,0.0,2.0,7.0,Z01,138Â 197Â 793,0.0
1016110,201900057641,3,26,20:05,3,1,1,1.0,3.0,95365,RN 104,M,"49,0661600","2,4053300",95,2019,110.0,1.0,1.0,2.0,2272493,1.0,1,4,2,1.0,,-1.0,0,1989.0,A01,138Â 197Â 794,1.0,0.0,-1.0,1734507,2.0,7,,0.0,2.0,6.0,A01,138Â 197Â 794,1.0
1016111,201900057642,3,26,17:30,1,1,1,1.0,3.0,93053,AUTOROUTE A3,M,"48,8838600","2,4599600",93,2019,90.0,1.0,1.0,1.0,2272494,1.0,1,1,1,0.0,,-1.0, -1,1970.0,A01,138Â 197Â 791,1.0,0.0,-1.0,1734508,1.0,7,,0.0,2.0,8.0,A01,138Â 197Â 791,1.0
1016111,201900057642,3,26,17:30,1,1,1,1.0,3.0,93053,AUTOROUTE A3,M,"48,8838600","2,4599600",93,2019,90.0,1.0,1.0,1.0,2272494,1.0,1,1,1,0.0,,-1.0, -1,1970.0,A01,138Â 197Â 791,1.0,0.0,-1.0,1734509,1.0,33,,0.0,2.0,2.0,B01,138Â 197Â 792,1.0
1016111,201900057642,3,26,17:30,1,1,1,1.0,3.0,93053,AUTOROUTE A3,M,"48,8838600","2,4599600",93,2019,90.0,1.0,1.0,1.0,2272495,1.0,1,4,1,0.0,,-1.0, -1,1998.0,B01,138Â 197Â 792,2.0,0.0,-1.0,1734508,1.0,7,,0.0,2.0,8.0,A01,138Â 197Â 791,1.0
1016111,201900057642,3,26,17:30,1,1,1,1.0,3.0,93053,AUTOROUTE A3,M,"48,8838600","2,4599600",93,2019,90.0,1.0,1.0,1.0,2272495,1.0,1,4,1,0.0,,-1.0, -1,1998.0,B01,138Â 197Â 792,2.0,0.0,-1.0,1734509,1.0,33,,0.0,2.0,2.0,B01,138Â 197Â 792,1.0
1016112,201900057643,2,14,08:15,1,2,1,1.0,6.0,94038,LEON BLUM (R),M,"48,7677100","2,3238400",94,2019,50.0,1.0,1.0,4.0,2272496,10.0,3,4,1,2.0,,1.0,3,2007.0,A01,138Â 197Â 803,8.0,0.0,-1.0,1734510,3.0,10,,0.0,1.0,1.0,A01,138Â 197Â 803,0.0
1016112,201900057643,2,14,08:15,1,2,1,1.0,6.0,94038,LEON BLUM (R),M,"48,7677100","2,3238400",94,2019,50.0,1.0,1.0,4.0,2272497,1.0,1,1,2,9.0,,0.0,0,1968.0,A01,138Â 197Â 803,8.0,0.0,-1.0,1734510,3.0,10,,0.0,1.0,1.0,A01,138Â 197Â 803,0.0
1016113,201900057644,10,25,14:40,1,1,6,1.0,3.0,43174,D906,M,"44,9722630","3,8426410",43,2019,80.0,1.0,1.0,3.0,2272498,1.0,1,3,1,3.0,,0.0,0,1936.0,A01,138Â 197Â 804,1.0,-1.0,-1.0,1734511,1.0,7,,14.0,2.0,1.0,A01,138Â 197Â 804,0.0
1016113,201900057644,10,25,14:40,1,1,6,1.0,3.0,43174,D906,M,"44,9722630","3,8426410",43,2019,80.0,1.0,1.0,3.0,2272498,1.0,1,3,1,3.0,,0.0,0,1936.0,A01,138Â 197Â 804,1.0,-1.0,-1.0,1734512,2.0,17,,0.0,2.0,8.0,B01,138Â 197Â 811,1.0
1016113,201900057644,10,25,14:40,1,1,6,1.0,3.0,43174,D906,M,"44,9722630","3,8426410",43,2019,80.0,1.0,1.0,3.0,2272499,1.0,1,1,1,4.0,,0.0,0,1966.0,B01,138Â 197Â 811,1.0,-1.0,-1.0,1734511,1.0,7,,14.0,2.0,1.0,A01,138Â 197Â 804,0.0
1016113,201900057644,10,25,14:40,1,1,6,1.0,3.0,43174,D906,M,"44,9722630","3,8426410",43,2019,80.0,1.0,1.0,3.0,2272499,1.0,1,1,1,4.0,,0.0,0,1966.0,B01,138Â 197Â 811,1.0,-1.0,-1.0,1734512,2.0,17,,0.0,2.0,8.0,B01,138Â 197Â 811,1.0
1016114,201900057645,4,12,12:45,1,1,1,1.0,7.0,26252,A7 - Air de portes -les-valence - Sens Sud/Nord.,M,"44,8660352","4,8667207",26,2019,30.0,8.0,1.0,6.0,2272500,10.0,3,4,2,5.0,,9.0,9,1977.0,A01,138Â 197Â 801,8.0,-1.0,-1.0,1734513,3.0,7,,0.0,1.0,5.0,A01,138Â 197Â 801,1.0
1016114,201900057645,4,12,12:45,1,1,1,1.0,7.0,26252,A7 - Air de portes -les-valence - Sens Sud/Nord.,M,"44,8660352","4,8667207",26,2019,30.0,8.0,1.0,6.0,2272501,1.0,1,1,2,5.0,,0.0,0,1944.0,A01,138Â 197Â 801,1.0,-1.0,-1.0,1734513,3.0,7,,0.0,1.0,5.0,A01,138Â 197Â 801,1.0
1016115,201900057646,8,18,06:10,2,1,1,1.0,6.0,82188,Route de la Gayre,M,"43,9306330","1,4673690",82,2019,80.0,8.0,1.0,4.0,2272502,1.0,1,1,1,5.0,,0.0,0,1996.0,A01,138Â 197Â 798,1.0,-1.0,-1.0,1734514,3.0,7,,0.0,0.0,9.0,A01,138Â 197Â 798,1.0
1016115,201900057646,8,18,06:10,2,1,1,1.0,6.0,82188,Route de la Gayre,M,"43,9306330","1,4673690",82,2019,80.0,8.0,1.0,4.0,2272503,2.0,2,3,1,9.0,,0.0,0,1996.0,A01,138Â 197Â 798,0.0,-1.0,-1.0,1734514,3.0,7,,0.0,0.0,9.0,A01,138Â 197Â 798,1.0
1016116,201900057647,1,3,20:44,3,1,1,1.0,6.0,91377,RN20,M,"48,7227500","2,2966600",91,2019,90.0,1.0,1.0,2.0,2272504,3.0,2,4,2,0.0,,0.0,0,2018.0,A01,138Â 197Â 802,3.0,8.0,-1.0,1734515,2.0,7,,4.0,0.0,1.0,A01,138Â 197Â 802,1.0
1016116,201900057647,1,3,20:44,3,1,1,1.0,6.0,91377,RN20,M,"48,7227500","2,2966600",91,2019,90.0,1.0,1.0,2.0,2272505,1.0,1,4,2,0.0,,0.0,0,1987.0,A01,138Â 197Â 802,1.0,8.0,-1.0,1734515,2.0,7,,4.0,0.0,1.0,A01,138Â 197Â 802,1.0
1016117,201900057648,3,26,00:20,3,1,1,1.0,6.0,93007,AUTOROUTE A1,M,"48,9520600","2,4522300",93,2019,110.0,1.0,1.0,1.0,2272506,1.0,1,4,1,0.0,,-1.0, -1,1986.0,A01,138Â 197Â 790,1.0,8.0,-1.0,1734516,1.0,7,,4.0,0.0,1.0,A01,138Â 197Â 790,1.0
1016117,201900057648,3,26,00:20,3,1,1,1.0,6.0,93007,AUTOROUTE A1,M,"48,9520600","2,4522300",93,2019,110.0,1.0,1.0,1.0,2272507,2.0,2,4,1,0.0,,-1.0, -1,1989.0,A01,138Â 197Â 790,1.0,0.0,-1.0,1734516,1.0,7,,4.0,0.0,1.0,A01,138Â 197Â 790,1.0
1016118,201900057649,1,2,23:40,3,1,1,1.0,6.0,91645,RN 385 ExtÃ¨rieure,M,"48,7598900","2,2646300",91,2019,70.0,1.0,1.0,1.0,2272508,1.0,1,4,1,0.0,,0.0,0,1985.0,A01,138Â 197Â 789,1.0,8.0,-1.0,1734517,3.0,3,,4.0,0.0,1.0,A01,138Â 197Â 789,1.0
1016119,201900057650,9,20,12:10,1,2,1,9.0,6.0,77186,RUE DU BON SECOURS,M,"48,4055400","2,7000700",77,2019,30.0,1.0,1.0,4.0,2272509,1.0,1,1,1,4.0,,-1.0,0,1984.0,A01,138Â 197Â 786,1.0,0.0,-1.0,1734518,1.0,10,,0.0,1.0,4.0,A01,138Â 197Â 786,6.0
1016119,201900057650,9,20,12:10,1,2,1,9.0,6.0,77186,RUE DU BON SECOURS,M,"48,4055400","2,7000700",77,2019,30.0,1.0,1.0,4.0,2272510,10.0,3,2,2,0.0,,1.0,2,1935.0,A01,138Â 197Â 786,8.0,0.0,-1.0,1734518,1.0,10,,0.0,1.0,4.0,A01,138Â 197Â 786,6.0
1016120,201900057651,3,27,17:00,1,1,1,1.0,3.0,94033,A86.INT,M,"48,8504000","2,4907000",94,2019,90.0,1.0,1.0,1.0,2272511,1.0,1,1,1,1.0,,-1.0,0,1978.0,B01,138Â 197Â 783,2.0,6.0,-1.0,1734519,1.0,33,,0.0,0.0,0.0,B01,138Â 197Â 783,1.0
1016120,201900057651,3,27,17:00,1,1,1,1.0,3.0,94033,A86.INT,M,"48,8504000","2,4907000",94,2019,90.0,1.0,1.0,1.0,2272511,1.0,1,1,1,1.0,,-1.0,0,1978.0,B01,138Â 197Â 783,2.0,6.0,-1.0,1734520,1.0,33,,0.0,2.0,1.0,A01,138Â 197Â 784,1.0
1016120,201900057651,3,27,17:00,1,1,1,1.0,3.0,94033,A86.INT,M,"48,8504000","2,4907000",94,2019,90.0,1.0,1.0,1.0,2272512,1.0,1,3,1,1.0,,-1.0,0,1999.0,A01,138Â 197Â 784,2.0,6.0,-1.0,1734519,1.0,33,,0.0,0.0,0.0,B01,138Â 197Â 783,1.0
1016120,201900057651,3,27,17:00,1,1,1,1.0,3.0,94033,A86.INT,M,"48,8504000","2,4907000",94,2019,90.0,1.0,1.0,1.0,2272512,1.0,1,3,1,1.0,,-1.0,0,1999.0,A01,138Â 197Â 784,2.0,6.0,-1.0,1734520,1.0,33,,0.0,2.0,1.0,A01,138Â 197Â 784,1.0
1016121,201900057652,2,14,21:00,5,2,1,1.0,3.0,94033,CLOS D ORLEANS (R DU),M,"48,8436000","2,4665400",94,2019,50.0,1.0,1.0,4.0,2272513,1.0,1,1,1,4.0,,-1.0, -1,1994.0,A01,138Â 197Â 782,1.0,0.0,-1.0,1734521,1.0,37,3.0,0.0,0.0,1.0,A01,138Â 197Â 782,1.0
1016121,201900057652,2,14,21:00,5,2,1,1.0,3.0,94033,CLOS D ORLEANS (R DU),M,"48,8436000","2,4665400",94,2019,50.0,1.0,1.0,4.0,2272513,1.0,1,1,1,4.0,,-1.0, -1,1994.0,A01,138Â 197Â 782,1.0,0.0,-1.0,1734522,1.0,1,,0.0,0.0,0.0,B01,138Â 197Â 785,5.0
1016121,201900057652,2,14,21:00,5,2,1,1.0,3.0,94033,CLOS D ORLEANS (R DU),M,"48,8436000","2,4665400",94,2019,50.0,1.0,1.0,4.0,2272514,7.0,2,4,2,5.0,,-1.0, -1,1966.0,A01,138Â 197Â 782,8.0,0.0,-1.0,1734521,1.0,37,3.0,0.0,0.0,1.0,A01,138Â 197Â 782,1.0
1016121,201900057652,2,14,21:00,5,2,1,1.0,3.0,94033,CLOS D ORLEANS (R DU),M,"48,8436000","2,4665400",94,2019,50.0,1.0,1.0,4.0,2272514,7.0,2,4,2,5.0,,-1.0, -1,1966.0,A01,138Â 197Â 782,8.0,0.0,-1.0,1734522,1.0,1,,0.0,0.0,0.0,B01,138Â 197Â 785,5.0
1016121,201900057652,2,14,21:00,5,2,1,1.0,3.0,94033,CLOS D ORLEANS (R DU),M,"48,8436000","2,4665400",94,2019,50.0,1.0,1.0,4.0,2272515,2.0,2,4,2,5.0,,-1.0, -1,1994.0,A01,138Â 197Â 782,8.0,0.0,-1.0,1734521,1.0,37,3.0,0.0,0.0,1.0,A01,138Â 197Â 782,1.0
1016121,201900057652,2,14,21:00,5,2,1,1.0,3.0,94033,CLOS D ORLEANS (R DU),M,"48,8436000","2,4665400",94,2019,50.0,1.0,1.0,4.0,2272515,2.0,2,4,2,5.0,,-1.0, -1,1994.0,A01,138Â 197Â 782,8.0,0.0,-1.0,1734522,1.0,1,,0.0,0.0,0.0,B01,138Â 197Â 785,5.0
1016121,201900057652,2,14,21:00,5,2,1,1.0,3.0,94033,CLOS D ORLEANS (R DU),M,"48,8436000","2,4665400",94,2019,50.0,1.0,1.0,4.0,2272516,1.0,1,1,1,4.0,,-1.0, -1,1999.0,B01,138Â 197Â 785,2.0,0.0,-1.0,1734521,1.0,37,3.0,0.0,0.0,1.0,A01,138Â 197Â 782,1.0
1016121,201900057652,2,14,21:00,5,2,1,1.0,3.0,94033,CLOS D ORLEANS (R DU),M,"48,8436000","2,4665400",94,2019,50.0,1.0,1.0,4.0,2272516,1.0,1,1,1,4.0,,-1.0, -1,1999.0,B01,138Â 197Â 785,2.0,0.0,-1.0,1734522,1.0,1,,0.0,0.0,0.0,B01,138Â 197Â 785,5.0
1016122,201900057653,1,2,17:25,3,1,1,1.0,4.0,91136,AUTOROUTE A10,M,"48,7141700","2,2747900",91,2019,90.0,1.0,1.0,1.0,2272517,1.0,1,1,1,0.0,,-1.0, -1,1984.0,D01,138Â 197Â 775,1.0,8.0,-1.0,1734523,1.0,7,,0.0,2.0,4.0,D01,138Â 197Â 775,1.0
1016122,201900057653,1,2,17:25,3,1,1,1.0,4.0,91136,AUTOROUTE A10,M,"48,7141700","2,2747900",91,2019,90.0,1.0,1.0,1.0,2272517,1.0,1,1,1,0.0,,-1.0, -1,1984.0,D01,138Â 197Â 775,1.0,8.0,-1.0,1734524,1.0,7,,0.0,2.0,4.0,C01,138Â 197Â 779,1.0
1016122,201900057653,1,2,17:25,3,1,1,1.0,4.0,91136,AUTOROUTE A10,M,"48,7141700","2,2747900",91,2019,90.0,1.0,1.0,1.0,2272517,1.0,1,1,1,0.0,,-1.0, -1,1984.0,D01,138Â 197Â 775,1.0,8.0,-1.0,1734525,1.0,7,,0.0,2.0,4.0,B01,138Â 197Â 780,1.0
1016122,201900057653,1,2,17:25,3,1,1,1.0,4.0,91136,AUTOROUTE A10,M,"48,7141700","2,2747900",91,2019,90.0,1.0,1.0,1.0,2272517,1.0,1,1,1,0.0,,-1.0, -1,1984.0,D01,138Â 197Â 775,1.0,8.0,-1.0,1734526,1.0,7,,0.0,2.0,1.0,A01,138Â 197Â 781,1.0
1016122,201900057653,1,2,17:25,3,1,1,1.0,4.0,91136,AUTOROUTE A10,M,"48,7141700","2,2747900",91,2019,90.0,1.0,1.0,1.0,2272518,1.0,1,1,1,0.0,,-1.0, -1,1965.0,C01,138Â 197Â 779,1.0,8.0,-1.0,1734523,1.0,7,,0.0,2.0,4.0,D01,138Â 197Â 775,1.0
1016122,201900057653,1,2,17:25,3,1,1,1.0,4.0,91136,AUTOROUTE A10,M,"48,7141700","2,2747900",91,2019,90.0,1.0,1.0,1.0,2272518,1.0,1,1,1,0.0,,-1.0, -1,1965.0,C01,138Â 197Â 779,1.0,8.0,-1.0,1734524,1.0,7,,0.0,2.0,4.0,C01,138Â 197Â 779,1.0
1016122,201900057653,1,2,17:25,3,1,1,1.0,4.0,91136,AUTOROUTE A10,M,"48,7141700","2,2747900",91,2019,90.0,1.0,1.0,1.0,2272518,1.0,1,1,1,0.0,,-1.0, -1,1965.0,C01,138Â 197Â 779,1.0,8.0,-1.0,1734525,1.0,7,,0.0,2.0,4.0,B01,138Â 197Â 780,1.0
1016122,201900057653,1,2,17:25,3,1,1,1.0,4.0,91136,AUTOROUTE A10,M,"48,7141700","2,2747900",91,2019,90.0,1.0,1.0,1.0,2272518,1.0,1,1,1,0.0,,-1.0, -1,1965.0,C01,138Â 197Â 779,1.0,8.0,-1.0,1734526,1.0,7,,0.0,2.0,1.0,A01,138Â 197Â 781,1.0
1016122,201900057653,1,2,17:25,3,1,1,1.0,4.0,91136,AUTOROUTE A10,M,"48,7141700","2,2747900",91,2019,90.0,1.0,1.0,1.0,2272519,1.0,1,4,1,0.0,,0.0,0,1958.0,B01,138Â 197Â 780,1.0,8.0,-1.0,1734523,1.0,7,,0.0,2.0,4.0,D01,138Â 197Â 775,1.0
1016122,201900057653,1,2,17:25,3,1,1,1.0,4.0,91136,AUTOROUTE A10,M,"48,7141700","2,2747900",91,2019,90.0,1.0,1.0,1.0,2272519,1.0,1,4,1,0.0,,0.0,0,1958.0,B01,138Â 197Â 780,1.0,8.0,-1.0,1734524,1.0,7,,0.0,2.0,4.0,C01,138Â 197Â 779,1.0
1016122,201900057653,1,2,17:25,3,1,1,1.0,4.0,91136,AUTOROUTE A10,M,"48,7141700","2,2747900",91,2019,90.0,1.0,1.0,1.0,2272519,1.0,1,4,1,0.0,,0.0,0,1958.0,B01,138Â 197Â 780,1.0,8.0,-1.0,1734525,1.0,7,,0.0,2.0,4.0,B01,138Â 197Â 780,1.0
1016122,201900057653,1,2,17:25,3,1,1,1.0,4.0,91136,AUTOROUTE A10,M,"48,7141700","2,2747900",91,2019,90.0,1.0,1.0,1.0,2272519,1.0,1,4,1,0.0,,0.0,0,1958.0,B01,138Â 197Â 780,1.0,8.0,-1.0,1734526,1.0,7,,0.0,2.0,1.0,A01,138Â 197Â 781,1.0
1016122,201900057653,1,2,17:25,3,1,1,1.0,4.0,91136,AUTOROUTE A10,M,"48,7141700","2,2747900",91,2019,90.0,1.0,1.0,1.0,2272520,1.0,1,1,2,0.0,,-1.0, -1,1999.0,A01,138Â 197Â 781,1.0,8.0,-1.0,1734523,1.0,7,,0.0,2.0,4.0,D01,138Â 197Â 775,1.0
1016122,201900057653,1,2,17:25,3,1,1,1.0,4.0,91136,AUTOROUTE A10,M,"48,7141700","2,2747900",91,2019,90.0,1.0,1.0,1.0,2272520,1.0,1,1,2,0.0,,-1.0, -1,1999.0,A01,138Â 197Â 781,1.0,8.0,-1.0,1734524,1.0,7,,0.0,2.0,4.0,C01,138Â 197Â 779,1.0
1016122,201900057653,1,2,17:25,3,1,1,1.0,4.0,91136,AUTOROUTE A10,M,"48,7141700","2,2747900",91,2019,90.0,1.0,1.0,1.0,2272520,1.0,1,1,2,0.0,,-1.0, -1,1999.0,A01,138Â 197Â 781,1.0,8.0,-1.0,1734525,1.0,7,,0.0,2.0,4.0,B01,138Â 197Â 780,1.0
1016122,201900057653,1,2,17:25,3,1,1,1.0,4.0,91136,AUTOROUTE A10,M,"48,7141700","2,2747900",91,2019,90.0,1.0,1.0,1.0,2272520,1.0,1,1,2,0.0,,-1.0, -1,1999.0,A01,138Â 197Â 781,1.0,8.0,-1.0,1734526,1.0,7,,0.0,2.0,1.0,A01,138Â 197Â 781,1.0
1016123,201900057654,9,20,18:35,1,2,5,1.0,3.0,76474,CD 43 (AVENUE DU BOIS DES DAMES),M,"49,4805600","1,0512900",76,2019,50.0,1.0,1.0,3.0,2272521,1.0,1,1,1,5.0,,-1.0, -1,1996.0,A01,138Â 197Â 774,1.0,0.0,-1.0,1734527,0.0,7,,0.0,2.0,7.0,A01,138Â 197Â 774,1.0
1016123,201900057654,9,20,18:35,1,2,5,1.0,3.0,76474,CD 43 (AVENUE DU BOIS DES DAMES),M,"49,4805600","1,0512900",76,2019,50.0,1.0,1.0,3.0,2272521,1.0,1,1,1,5.0,,-1.0, -1,1996.0,A01,138Â 197Â 774,1.0,0.0,-1.0,1734528,0.0,33,,0.0,2.0,1.0,B01,138Â 197Â 778,1.0
1016123,201900057654,9,20,18:35,1,2,5,1.0,3.0,76474,CD 43 (AVENUE DU BOIS DES DAMES),M,"49,4805600","1,0512900",76,2019,50.0,1.0,1.0,3.0,2272522,2.0,2,3,2,5.0,,-1.0, -1,2001.0,B01,138Â 197Â 778,2.0,0.0,-1.0,1734527,0.0,7,,0.0,2.0,7.0,A01,138Â 197Â 774,1.0
1016123,201900057654,9,20,18:35,1,2,5,1.0,3.0,76474,CD 43 (AVENUE DU BOIS DES DAMES),M,"49,4805600","1,0512900",76,2019,50.0,1.0,1.0,3.0,2272522,2.0,2,3,2,5.0,,-1.0, -1,2001.0,B01,138Â 197Â 778,2.0,0.0,-1.0,1734528,0.0,33,,0.0,2.0,1.0,B01,138Â 197Â 778,1.0
1016123,201900057654,9,20,18:35,1,2,5,1.0,3.0,76474,CD 43 (AVENUE DU BOIS DES DAMES),M,"49,4805600","1,0512900",76,2019,50.0,1.0,1.0,3.0,2272523,1.0,1,4,1,5.0,,-1.0, -1,1997.0,B01,138Â 197Â 778,2.0,0.0,-1.0,1734527,0.0,7,,0.0,2.0,7.0,A01,138Â 197Â 774,1.0
1016123,201900057654,9,20,18:35,1,2,5,1.0,3.0,76474,CD 43 (AVENUE DU BOIS DES DAMES),M,"49,4805600","1,0512900",76,2019,50.0,1.0,1.0,3.0,2272523,1.0,1,4,1,5.0,,-1.0, -1,1997.0,B01,138Â 197Â 778,2.0,0.0,-1.0,1734528,0.0,33,,0.0,2.0,1.0,B01,138Â 197Â 778,1.0
1016124,201900057655,9,20,18:30,1,2,1,1.0,6.0,76540,SAINT JULIEN. RUE,M,"49,4279700","1,0802900",76,2019,50.0,1.0,1.0,4.0,2272524,1.0,1,1,1,0.0,,-1.0, -1,1984.0,A01,138Â 197Â 769,1.0,0.0,-1.0,1734529,0.0,7,,0.0,1.0,3.0,A01,138Â 197Â 769,1.0
1016124,201900057655,9,20,18:30,1,2,1,1.0,6.0,76540,SAINT JULIEN. RUE,M,"49,4279700","1,0802900",76,2019,50.0,1.0,1.0,4.0,2272525,10.0,3,4,2,0.0,,2.0,3,2001.0,A01,138Â 197Â 769,8.0,0.0,-1.0,1734529,0.0,7,,0.0,1.0,3.0,A01,138Â 197Â 769,1.0
1016125,201900057656,2,17,19:05,5,2,1,1.0,6.0,94028,BROSSOLETTE(AVENUE PIERRE),M,"48,7898000","2,4647600",94,2019,50.0,1.0,1.0,3.0,2272526,10.0,3,4,2,5.0,,1.0,3,1945.0,A01,138Â 197Â 772,8.0,0.0,-1.0,1734530,2.0,7,,0.0,1.0,2.0,A01,138Â 197Â 772,1.0
1016125,201900057656,2,17,19:05,5,2,1,1.0,6.0,94028,BROSSOLETTE(AVENUE PIERRE),M,"48,7898000","2,4647600",94,2019,50.0,1.0,1.0,3.0,2272527,1.0,1,1,1,5.0,,-1.0, -1,1939.0,A01,138Â 197Â 772,1.0,8.0,-1.0,1734530,2.0,7,,0.0,1.0,2.0,A01,138Â 197Â 772,1.0
1016126,201900057657,2,14,18:38,5,2,1,1.0,6.0,94022,LUGO (AV DE),M,"48,7705700","2,4089200",94,2019,50.0,1.0,1.0,3.0,2272528,1.0,1,1,1,1.0,,0.0,0,1989.0,A01,138Â 197Â 764,1.0,0.0,-1.0,1734531,1.0,7,,0.0,1.0,8.0,A01,138Â 197Â 764,1.0
1016126,201900057657,2,14,18:38,5,2,1,1.0,6.0,94022,LUGO (AV DE),M,"48,7705700","2,4089200",94,2019,50.0,1.0,1.0,3.0,2272529,10.0,3,4,2,2.0,,4.0,3,2004.0,A01,138Â 197Â 764,8.0,0.0,-1.0,1734531,1.0,7,,0.0,1.0,8.0,A01,138Â 197Â 764,1.0
1016127,201900057658,3,26,00:40,5,2,2,1.0,3.0,34172,COMTE DE MELGUEIL (RUE DU),M,"43,6040900","3,8899300",34,2019,50.0,1.0,1.0,4.0,2272530,2.0,2,1,2,0.0,,0.0,0,1985.0,B01,138Â 197Â 763,1.0,0.0,-1.0,1734532,2.0,7,,0.0,0.0,8.0,B01,138Â 197Â 763,1.0
1016127,201900057658,3,26,00:40,5,2,2,1.0,3.0,34172,COMTE DE MELGUEIL (RUE DU),M,"43,6040900","3,8899300",34,2019,50.0,1.0,1.0,4.0,2272530,2.0,2,1,2,0.0,,0.0,0,1985.0,B01,138Â 197Â 763,1.0,0.0,-1.0,1734533,2.0,7,,0.0,2.0,1.0,A01,138Â 197Â 765,1.0
1016127,201900057658,3,26,00:40,5,2,2,1.0,3.0,34172,COMTE DE MELGUEIL (RUE DU),M,"43,6040900","3,8899300",34,2019,50.0,1.0,1.0,4.0,2272531,3.0,2,4,2,0.0,,0.0,0,1984.0,B01,138Â 197Â 763,1.0,0.0,-1.0,1734532,2.0,7,,0.0,0.0,8.0,B01,138Â 197Â 763,1.0
1016127,201900057658,3,26,00:40,5,2,2,1.0,3.0,34172,COMTE DE MELGUEIL (RUE DU),M,"43,6040900","3,8899300",34,2019,50.0,1.0,1.0,4.0,2272531,3.0,2,4,2,0.0,,0.0,0,1984.0,B01,138Â 197Â 763,1.0,0.0,-1.0,1734533,2.0,7,,0.0,2.0,1.0,A01,138Â 197Â 765,1.0
1016127,201900057658,3,26,00:40,5,2,2,1.0,3.0,34172,COMTE DE MELGUEIL (RUE DU),M,"43,6040900","3,8899300",34,2019,50.0,1.0,1.0,4.0,2272532,1.0,1,1,1,0.0,,0.0,0,1971.0,B01,138Â 197Â 763,1.0,0.0,-1.0,1734532,2.0,7,,0.0,0.0,8.0,B01,138Â 197Â 763,1.0
1016127,201900057658,3,26,00:40,5,2,2,1.0,3.0,34172,COMTE DE MELGUEIL (RUE DU),M,"43,6040900","3,8899300",34,2019,50.0,1.0,1.0,4.0,2272532,1.0,1,1,1,0.0,,0.0,0,1971.0,B01,138Â 197Â 763,1.0,0.0,-1.0,1734533,2.0,7,,0.0,2.0,1.0,A01,138Â 197Â 765,1.0
1016127,201900057658,3,26,00:40,5,2,2,1.0,3.0,34172,COMTE DE MELGUEIL (RUE DU),M,"43,6040900","3,8899300",34,2019,50.0,1.0,1.0,4.0,2272533,2.0,2,1,1,0.0,,0.0,0,1994.0,A01,138Â 197Â 765,1.0,0.0,-1.0,1734532,2.0,7,,0.0,0.0,8.0,B01,138Â 197Â 763,1.0
1016127,201900057658,3,26,00:40,5,2,2,1.0,3.0,34172,COMTE DE MELGUEIL (RUE DU),M,"43,6040900","3,8899300",34,2019,50.0,1.0,1.0,4.0,2272533,2.0,2,1,1,0.0,,0.0,0,1994.0,A01,138Â 197Â 765,1.0,0.0,-1.0,1734533,2.0,7,,0.0,2.0,1.0,A01,138Â 197Â 765,1.0
1016127,201900057658,3,26,00:40,5,2,2,1.0,3.0,34172,COMTE DE MELGUEIL (RUE DU),M,"43,6040900","3,8899300",34,2019,50.0,1.0,1.0,4.0,2272534,1.0,1,1,1,0.0,,0.0,0,1994.0,A01,138Â 197Â 765,1.0,0.0,-1.0,1734532,2.0,7,,0.0,0.0,8.0,B01,138Â 197Â 763,1.0
1016127,201900057658,3,26,00:40,5,2,2,1.0,3.0,34172,COMTE DE MELGUEIL (RUE DU),M,"43,6040900","3,8899300",34,2019,50.0,1.0,1.0,4.0,2272534,1.0,1,1,1,0.0,,0.0,0,1994.0,A01,138Â 197Â 765,1.0,0.0,-1.0,1734533,2.0,7,,0.0,2.0,1.0,A01,138Â 197Â 765,1.0
1016128,201900057659,9,21,04:15,5,2,1,1.0,6.0,69266,MARCEL CERDAN     (Avenue),M,"45,7674100","4,9050000",69,2019,50.0,-1.0,1.0,4.0,2272535,1.0,1,4,1,9.0,,-1.0, -1,1981.0,A01,138Â 197Â 762,2.0,8.0,-1.0,1734534,1.0,34,,3.0,0.0,2.0,A01,138Â 197Â 762,0.0