Unnamed: 0_x,num_acc,mois,jour,hrmn,lum,agg,int,atm,col,com,adr,gps,lat,long,dep,annee,vma,situ,surf,catr,Unnamed: 0_y,place,catu,grav,sexe,trajet,secu,locp,actp,an_nais,num_veh_x,id_vehicule_x,secu1,secu2,secu3,Unnamed: 0,senc,catv,occutc,obs,obsm,choc,num_veh_y,id_vehicule_y,motor
1016129,201900057660,2,13,19:25,5,2,9,1.0,3.0,94022,STALINGRAD (BD DE),M,"48,7728100","2,3996700",94,2019,50.0,1.0,1.0,3.0,2272536,1.0,1,1,1,5.0,,-1.0, -1,1961.0,B01,138Â 197Â 760,1.0,0.0,-1.0,1734535,1.0,7,,0.0,2.0,3.0,B01,138Â 197Â 760,1.0
1016129,201900057660,2,13,19:25,5,2,9,1.0,3.0,94022,STALINGRAD (BD DE),M,"48,7728100","2,3996700",94,2019,50.0,1.0,1.0,3.0,2272536,1.0,1,1,1,5.0,,-1.0, -1,1961.0,B01,138Â 197Â 760,1.0,0.0,-1.0,1734536,1.0,33,,0.0,2.0,7.0,A01,138Â 197Â 761,1.0
1016129,201900057660,2,13,19:25,5,2,9,1.0,3.0,94022,STALINGRAD (BD DE),M,"48,7728100","2,3996700",94,2019,50.0,1.0,1.0,3.0,2272537,1.0,1,4,1,5.0,,-1.0, -1,1996.0,A01,138Â 197Â 761,2.0,0.0,-1.0,1734535,1.0,7,,0.0,2.0,3.0,B01,138Â 197Â 760,1.0
1016129,201900057660,2,13,19:25,5,2,9,1.0,3.0,94022,STALINGRAD (BD DE),M,"48,7728100","2,3996700",94,2019,50.0,1.0,1.0,3.0,2272537,1.0,1,4,1,5.0,,-1.0, -1,1996.0,A01,138Â 197Â 761,2.0,0.0,-1.0,1734536,1.0,33,,0.0,2.0,7.0,A01,138Â 197Â 761,1.0
1016129,201900057660,2,13,19:25,5,2,9,1.0,3.0,94022,STALINGRAD (BD DE),M,"48,7728100","2,3996700",94,2019,50.0,1.0,1.0,3.0,2272538,2.0,2,4,2,5.0,,-1.0, -1,1997.0,A01,138Â 197Â 761,2.0,0.0,-1.0,1734535,1.0,7,,0.0,2.0,3.0,B01,138Â 197Â 760,1.0
1016129,201900057660,2,13,19:25,5,2,9,1.0,3.0,94022,STALINGRAD (BD DE),M,"48,7728100","2,3996700",94,2019,50.0,1.0,1.0,3.0,2272538,2.0,2,4,2,5.0,,-1.0, -1,1997.0,A01,138Â 197Â 761,2.0,0.0,-1.0,1734536,1.0,33,,0.0,2.0,7.0,A01,138Â 197Â 761,1.0
1016130,201900057661,2,17,19:45,5,2,1,1.0,2.0,93078,CLEMENCEAU (AVENUE GEORGES),M,"48,9536200","2,5625200",93,2019,50.0,1.0,1.0,3.0,2272539,1.0,1,1,1,5.0,,-1.0, -1,1979.0,B01,138Â 197Â 755,1.0,0.0,-1.0,1734537,1.0,7,,0.0,2.0,4.0,B01,138Â 197Â 755,1.0
1016130,201900057661,2,17,19:45,5,2,1,1.0,2.0,93078,CLEMENCEAU (AVENUE GEORGES),M,"48,9536200","2,5625200",93,2019,50.0,1.0,1.0,3.0,2272539,1.0,1,1,1,5.0,,-1.0, -1,1979.0,B01,138Â 197Â 755,1.0,0.0,-1.0,1734538,1.0,7,,0.0,2.0,1.0,A01,138Â 197Â 756,1.0
1016130,201900057661,2,17,19:45,5,2,1,1.0,2.0,93078,CLEMENCEAU (AVENUE GEORGES),M,"48,9536200","2,5625200",93,2019,50.0,1.0,1.0,3.0,2272540,2.0,2,4,1,0.0,,-1.0, -1,2011.0,B01,138Â 197Â 755,1.0,0.0,-1.0,1734537,1.0,7,,0.0,2.0,4.0,B01,138Â 197Â 755,1.0
1016130,201900057661,2,17,19:45,5,2,1,1.0,2.0,93078,CLEMENCEAU (AVENUE GEORGES),M,"48,9536200","2,5625200",93,2019,50.0,1.0,1.0,3.0,2272540,2.0,2,4,1,0.0,,-1.0, -1,2011.0,B01,138Â 197Â 755,1.0,0.0,-1.0,1734538,1.0,7,,0.0,2.0,1.0,A01,138Â 197Â 756,1.0
1016130,201900057661,2,17,19:45,5,2,1,1.0,2.0,93078,CLEMENCEAU (AVENUE GEORGES),M,"48,9536200","2,5625200",93,2019,50.0,1.0,1.0,3.0,2272541,1.0,1,1,2,5.0,,-1.0, -1,1980.0,A01,138Â 197Â 756,1.0,0.0,-1.0,1734537,1.0,7,,0.0,2.0,4.0,B01,138Â 197Â 755,1.0
1016130,201900057661,2,17,19:45,5,2,1,1.0,2.0,93078,CLEMENCEAU (AVENUE GEORGES),M,"48,9536200","2,5625200",93,2019,50.0,1.0,1.0,3.0,2272541,1.0,1,1,2,5.0,,-1.0, -1,1980.0,A01,138Â 197Â 756,1.0,0.0,-1.0,1734538,1.0,7,,0.0,2.0,1.0,A01,138Â 197Â 756,1.0
1016131,201900057662,8,17,17:30,1,1,1,1.0,3.0,81206,Les Pessassous,M,"44,0973965","1,7272304",81,2019,80.0,1.0,1.0,3.0,2272542,1.0,1,4,1,5.0,,0.0,0,1967.0,A01,138Â 197Â 752,2.0,-1.0,-1.0,1734539,2.0,33,,0.0,2.0,1.0,A01,138Â 197Â 752,6.0
1016131,201900057662,8,17,17:30,1,1,1,1.0,3.0,81206,Les Pessassous,M,"44,0973965","1,7272304",81,2019,80.0,1.0,1.0,3.0,2272542,1.0,1,4,1,5.0,,0.0,0,1967.0,A01,138Â 197Â 752,2.0,-1.0,-1.0,1734540,1.0,99,,0.0,2.0,8.0,B01,138Â 197Â 788,6.0
1016131,201900057662,8,17,17:30,1,1,1,1.0,3.0,81206,Les Pessassous,M,"44,0973965","1,7272304",81,2019,80.0,1.0,1.0,3.0,2272543,1.0,1,1,1,5.0,,0.0,0,1975.0,B01,138Â 197Â 788,8.0,-1.0,-1.0,1734539,2.0,33,,0.0,2.0,1.0,A01,138Â 197Â 752,6.0
1016131,201900057662,8,17,17:30,1,1,1,1.0,3.0,81206,Les Pessassous,M,"44,0973965","1,7272304",81,2019,80.0,1.0,1.0,3.0,2272543,1.0,1,1,1,5.0,,0.0,0,1975.0,B01,138Â 197Â 788,8.0,-1.0,-1.0,1734540,1.0,99,,0.0,2.0,8.0,B01,138Â 197Â 788,6.0
1016132,201900057663,3,25,12:58,1,2,1,1.0,6.0,13047,RADOLFZELL AVENUE DE,M,"43,5002500","4,9924400",13,2019,50.0,1.0,1.0,7.0,2272544,1.0,1,2,1,0.0,,-1.0, -1,1988.0,A01,138Â 197Â 750,2.0,6.0,-1.0,1734541,1.0,33,,2.0,0.0,1.0,A01,138Â 197Â 750,1.0
1016133,201900057664,1,2,13:15,1,1,1,1.0,4.0,91345,AUTOROUTE A6,M,"48,6900180","2,3233420",91,2019,110.0,1.0,9.0,1.0,2272545,1.0,1,1,1,0.0,,0.0,0,1992.0,A01,138Â 197Â 751,1.0,8.0,-1.0,1734542,1.0,7,,0.0,2.0,1.0,A01,138Â 197Â 751,1.0
1016133,201900057664,1,2,13:15,1,1,1,1.0,4.0,91345,AUTOROUTE A6,M,"48,6900180","2,3233420",91,2019,110.0,1.0,9.0,1.0,2272545,1.0,1,1,1,0.0,,0.0,0,1992.0,A01,138Â 197Â 751,1.0,8.0,-1.0,1734543,1.0,7,,0.0,2.0,4.0,B01,138Â 197Â 770,1.0
1016133,201900057664,1,2,13:15,1,1,1,1.0,4.0,91345,AUTOROUTE A6,M,"48,6900180","2,3233420",91,2019,110.0,1.0,9.0,1.0,2272545,1.0,1,1,1,0.0,,0.0,0,1992.0,A01,138Â 197Â 751,1.0,8.0,-1.0,1734544,1.0,7,,0.0,2.0,4.0,C01,138Â 197Â 771,1.0
1016133,201900057664,1,2,13:15,1,1,1,1.0,4.0,91345,AUTOROUTE A6,M,"48,6900180","2,3233420",91,2019,110.0,1.0,9.0,1.0,2272546,1.0,1,4,2,0.0,,0.0,0,1985.0,B01,138Â 197Â 770,1.0,8.0,-1.0,1734542,1.0,7,,0.0,2.0,1.0,A01,138Â 197Â 751,1.0
1016133,201900057664,1,2,13:15,1,1,1,1.0,4.0,91345,AUTOROUTE A6,M,"48,6900180","2,3233420",91,2019,110.0,1.0,9.0,1.0,2272546,1.0,1,4,2,0.0,,0.0,0,1985.0,B01,138Â 197Â 770,1.0,8.0,-1.0,1734543,1.0,7,,0.0,2.0,4.0,B01,138Â 197Â 770,1.0
1016133,201900057664,1,2,13:15,1,1,1,1.0,4.0,91345,AUTOROUTE A6,M,"48,6900180","2,3233420",91,2019,110.0,1.0,9.0,1.0,2272546,1.0,1,4,2,0.0,,0.0,0,1985.0,B01,138Â 197Â 770,1.0,8.0,-1.0,1734544,1.0,7,,0.0,2.0,4.0,C01,138Â 197Â 771,1.0
1016133,201900057664,1,2,13:15,1,1,1,1.0,4.0,91345,AUTOROUTE A6,M,"48,6900180","2,3233420",91,2019,110.0,1.0,9.0,1.0,2272547,1.0,1,1,1,0.0,,0.0,0,1974.0,C01,138Â 197Â 771,1.0,8.0,-1.0,1734542,1.0,7,,0.0,2.0,1.0,A01,138Â 197Â 751,1.0
1016133,201900057664,1,2,13:15,1,1,1,1.0,4.0,91345,AUTOROUTE A6,M,"48,6900180","2,3233420",91,2019,110.0,1.0,9.0,1.0,2272547,1.0,1,1,1,0.0,,0.0,0,1974.0,C01,138Â 197Â 771,1.0,8.0,-1.0,1734543,1.0,7,,0.0,2.0,4.0,B01,138Â 197Â 770,1.0
1016133,201900057664,1,2,13:15,1,1,1,1.0,4.0,91345,AUTOROUTE A6,M,"48,6900180","2,3233420",91,2019,110.0,1.0,9.0,1.0,2272547,1.0,1,1,1,0.0,,0.0,0,1974.0,C01,138Â 197Â 771,1.0,8.0,-1.0,1734544,1.0,7,,0.0,2.0,4.0,C01,138Â 197Â 771,1.0
1016134,201900057665,10,25,12:30,1,1,2,1.0,6.0,43257,D906,M,"45,0414830","3,7547270",43,2019,80.0,1.0,1.0,3.0,2272548,1.0,1,1,2,3.0,,0.0,0,1947.0,A01,138Â 197Â 776,1.0,-1.0,-1.0,1734545,1.0,7,,0.0,0.0,0.0,A01,138Â 197Â 776,1.0
1016134,201900057665,10,25,12:30,1,1,2,1.0,6.0,43257,D906,M,"45,0414830","3,7547270",43,2019,80.0,1.0,1.0,3.0,2272548,1.0,1,1,2,3.0,,0.0,0,1947.0,A01,138Â 197Â 776,1.0,-1.0,-1.0,1734546,2.0,33,,14.0,0.0,8.0,B01,138Â 197Â 787,1.0
1016134,201900057665,10,25,12:30,1,1,2,1.0,6.0,43257,D906,M,"45,0414830","3,7547270",43,2019,80.0,1.0,1.0,3.0,2272549,1.0,1,4,1,5.0,,0.0,0,1970.0,B01,138Â 197Â 787,2.0,6.0,9.0,1734545,1.0,7,,0.0,0.0,0.0,A01,138Â 197Â 776,1.0
1016134,201900057665,10,25,12:30,1,1,2,1.0,6.0,43257,D906,M,"45,0414830","3,7547270",43,2019,80.0,1.0,1.0,3.0,2272549,1.0,1,4,1,5.0,,0.0,0,1970.0,B01,138Â 197Â 787,2.0,6.0,9.0,1734546,2.0,33,,14.0,0.0,8.0,B01,138Â 197Â 787,1.0
1016135,201900057666,9,1,21:15,3,1,1,1.0,6.0,04088,RD 216,M,"43,9429420","5,7948090",4,2019,80.0,3.0,1.0,3.0,2272550,1.0,1,3,1,5.0,,0.0,0,1986.0,A01,138Â 197Â 748,0.0,-1.0,-1.0,1734547,1.0,7,,13.0,0.0,9.0,A01,138Â 197Â 748,1.0
1016136,201900057667,10,26,07:30,5,2,1,1.0,6.0,28168,Faubourg de la Bretonniere,M,"48,5275500","1,6940280",28,2019,50.0,4.0,2.0,3.0,2272551,1.0,1,3,1,1.0,,0.0,0,1997.0,A01,138Â 197Â 747,1.0,-1.0,-1.0,1734548,2.0,10,,6.0,0.0,3.0,A01,138Â 197Â 747,1.0
1016137,201900057668,10,26,19:30,5,2,1,1.0,6.0,48092,4 Chemin du Stade,M,"44,5556660","3,2945000",48,2019,50.0,5.0,1.0,4.0,2272552,1.0,1,2,1,0.0,,0.0,0,1960.0,A01,138Â 197Â 746,1.0,-1.0,-1.0,1734549,3.0,7,,6.0,0.0,3.0,A01,138Â 197Â 746,1.0
1016138,201900057669,10,26,11:40,1,1,1,1.0,7.0,47043,A62,M,"44,2503370","0,3006760",47,2019,130.0,1.0,1.0,1.0,2272553,1.0,1,4,1,5.0,,0.0,0,1989.0,A01,138Â 197Â 745,8.0,-1.0,-1.0,1734550,2.0,7,,3.0,0.0,1.0,A01,138Â 197Â 745,1.0
1016138,201900057669,10,26,11:40,1,1,1,1.0,7.0,47043,A62,M,"44,2503370","0,3006760",47,2019,130.0,1.0,1.0,1.0,2272554,2.0,2,4,2,5.0,,0.0,0,1988.0,A01,138Â 197Â 745,8.0,-1.0,-1.0,1734550,2.0,7,,3.0,0.0,1.0,A01,138Â 197Â 745,1.0
1016138,201900057669,10,26,11:40,1,1,1,1.0,7.0,47043,A62,M,"44,2503370","0,3006760",47,2019,130.0,1.0,1.0,1.0,2272555,3.0,2,1,2,5.0,,0.0,0,2018.0,A01,138Â 197Â 745,3.0,-1.0,-1.0,1734550,2.0,7,,3.0,0.0,1.0,A01,138Â 197Â 745,1.0
1016139,201900057670,9,17,16:00,1,2,1,1.0,2.0,62643,HUIT MAI ( Bld du ),M,"50,7042700","1,5964300",62,2019,50.0,2.0,1.0,4.0,2272556,10.0,3,3,2,2.0,,3.0,3,1971.0,A01,138Â 197Â 739,8.0,0.0,-1.0,1734551,1.0,10,,0.0,2.0,1.0,A01,138Â 197Â 739,1.0
1016139,201900057670,9,17,16:00,1,2,1,1.0,2.0,62643,HUIT MAI ( Bld du ),M,"50,7042700","1,5964300",62,2019,50.0,2.0,1.0,4.0,2272556,10.0,3,3,2,2.0,,3.0,3,1971.0,A01,138Â 197Â 739,8.0,0.0,-1.0,1734552,1.0,10,,0.0,1.0,4.0,B01,138Â 197Â 754,1.0
1016139,201900057670,9,17,16:00,1,2,1,1.0,2.0,62643,HUIT MAI ( Bld du ),M,"50,7042700","1,5964300",62,2019,50.0,2.0,1.0,4.0,2272557,1.0,1,1,1,0.0,,-1.0, -1,1971.0,A01,138Â 197Â 739,1.0,8.0,-1.0,1734551,1.0,10,,0.0,2.0,1.0,A01,138Â 197Â 739,1.0
1016139,201900057670,9,17,16:00,1,2,1,1.0,2.0,62643,HUIT MAI ( Bld du ),M,"50,7042700","1,5964300",62,2019,50.0,2.0,1.0,4.0,2272557,1.0,1,1,1,0.0,,-1.0, -1,1971.0,A01,138Â 197Â 739,1.0,8.0,-1.0,1734552,1.0,10,,0.0,1.0,4.0,B01,138Â 197Â 754,1.0
1016139,201900057670,9,17,16:00,1,2,1,1.0,2.0,62643,HUIT MAI ( Bld du ),M,"50,7042700","1,5964300",62,2019,50.0,2.0,1.0,4.0,2272558,10.0,3,1,2,2.0,,3.0,3,1995.0,A01,138Â 197Â 739,8.0,0.0,-1.0,1734551,1.0,10,,0.0,2.0,1.0,A01,138Â 197Â 739,1.0
1016139,201900057670,9,17,16:00,1,2,1,1.0,2.0,62643,HUIT MAI ( Bld du ),M,"50,7042700","1,5964300",62,2019,50.0,2.0,1.0,4.0,2272558,10.0,3,1,2,2.0,,3.0,3,1995.0,A01,138Â 197Â 739,8.0,0.0,-1.0,1734552,1.0,10,,0.0,1.0,4.0,B01,138Â 197Â 754,1.0
1016139,201900057670,9,17,16:00,1,2,1,1.0,2.0,62643,HUIT MAI ( Bld du ),M,"50,7042700","1,5964300",62,2019,50.0,2.0,1.0,4.0,2272559,1.0,1,1,2,0.0,,0.0,0,1984.0,B01,138Â 197Â 754,1.0,8.0,-1.0,1734551,1.0,10,,0.0,2.0,1.0,A01,138Â 197Â 739,1.0
1016139,201900057670,9,17,16:00,1,2,1,1.0,2.0,62643,HUIT MAI ( Bld du ),M,"50,7042700","1,5964300",62,2019,50.0,2.0,1.0,4.0,2272559,1.0,1,1,2,0.0,,0.0,0,1984.0,B01,138Â 197Â 754,1.0,8.0,-1.0,1734552,1.0,10,,0.0,1.0,4.0,B01,138Â 197Â 754,1.0
1016140,201900057671,2,26,08:10,1,2,1,7.0,6.0,13001,DALMAS JEAN (RUE),M,"43,5302500","5,4353000",13,2019,50.0,1.0,1.0,3.0,2272560,1.0,1,1,2,1.0,,0.0,0,1978.0,A01,138Â 197Â 737,1.0,8.0,-1.0,1734553,3.0,7,,0.0,1.0,1.0,A01,138Â 197Â 737,1.0
1016140,201900057671,2,26,08:10,1,2,1,7.0,6.0,13001,DALMAS JEAN (RUE),M,"43,5302500","5,4353000",13,2019,50.0,1.0,1.0,3.0,2272561,10.0,3,4,2,9.0,,3.0,3,1997.0,A01,138Â 197Â 737,8.0,0.0,-1.0,1734553,3.0,7,,0.0,1.0,1.0,A01,138Â 197Â 737,1.0
1016141,201900057672,9,4,19:30,1,2,1,1.0,7.0,61143,LA RIMBLIERE (RUE DE),M,"48,4511600","0,0692900",61,2019,50.0,1.0,1.0,3.0,2272562,1.0,1,4,1,0.0,,0.0,0,1946.0,A01,138Â 197Â 735,1.0,8.0,-1.0,1734554,2.0,7,,15.0,0.0,1.0,A01,138Â 197Â 735,0.0
1016142,201900057673,10,26,00:40,3,1,9,1.0,6.0,33284,A63 / fin bretelle A660 en direction de Bordeaux,M,"44,6459100"," -0,8382400",33,2019,130.0,1.0,1.0,1.0,2272563,10.0,3,1,1,5.0,,0.0,0,1998.0,A01,138Â 197Â 736,8.0,-1.0,-1.0,1734555,2.0,7,,0.0,0.0,0.0,A01,138Â 197Â 736,1.0
1016142,201900057673,10,26,00:40,3,1,9,1.0,6.0,33284,A63 / fin bretelle A660 en direction de Bordeaux,M,"44,6459100"," -0,8382400",33,2019,130.0,1.0,1.0,1.0,2272563,10.0,3,1,1,5.0,,0.0,0,1998.0,A01,138Â 197Â 736,8.0,-1.0,-1.0,1734556,2.0,7,,0.0,1.0,2.0,B01,138Â 197Â 743,1.0
1016142,201900057673,10,26,00:40,3,1,9,1.0,6.0,33284,A63 / fin bretelle A660 en direction de Bordeaux,M,"44,6459100"," -0,8382400",33,2019,130.0,1.0,1.0,1.0,2272563,10.0,3,1,1,5.0,,0.0,0,1998.0,A01,138Â 197Â 736,8.0,-1.0,-1.0,1734557,2.0,7,,0.0,1.0,1.0,C01,138Â 197Â 744,1.0
1016142,201900057673,10,26,00:40,3,1,9,1.0,6.0,33284,A63 / fin bretelle A660 en direction de Bordeaux,M,"44,6459100"," -0,8382400",33,2019,130.0,1.0,1.0,1.0,2272564,10.0,3,2,2,5.0,,1.0,9,1997.0,B01,138Â 197Â 743,0.0,-1.0,-1.0,1734555,2.0,7,,0.0,0.0,0.0,A01,138Â 197Â 736,1.0
1016142,201900057673,10,26,00:40,3,1,9,1.0,6.0,33284,A63 / fin bretelle A660 en direction de Bordeaux,M,"44,6459100"," -0,8382400",33,2019,130.0,1.0,1.0,1.0,2272564,10.0,3,2,2,5.0,,1.0,9,1997.0,B01,138Â 197Â 743,0.0,-1.0,-1.0,1734556,2.0,7,,0.0,1.0,2.0,B01,138Â 197Â 743,1.0
1016142,201900057673,10,26,00:40,3,1,9,1.0,6.0,33284,A63 / fin bretelle A660 en direction de Bordeaux,M,"44,6459100"," -0,8382400",33,2019,130.0,1.0,1.0,1.0,2272564,10.0,3,2,2,5.0,,1.0,9,1997.0,B01,138Â 197Â 743,0.0,-1.0,-1.0,1734557,2.0,7,,0.0,1.0,1.0,C01,138Â 197Â 744,1.0
1016142,201900057673,10,26,00:40,3,1,9,1.0,6.0,33284,A63 / fin bretelle A660 en direction de Bordeaux,M,"44,6459100"," -0,8382400",33,2019,130.0,1.0,1.0,1.0,2272565,1.0,1,1,1,5.0,,0.0,0,1980.0,B01,138Â 197Â 743,8.0,-1.0,-1.0,1734555,2.0,7,,0.0,0.0,0.0,A01,138Â 197Â 736,1.0
1016142,201900057673,10,26,00:40,3,1,9,1.0,6.0,33284,A63 / fin bretelle A660 en direction de Bordeaux,M,"44,6459100"," -0,8382400",33,2019,130.0,1.0,1.0,1.0,2272565,1.0,1,1,1,5.0,,0.0,0,1980.0,B01,138Â 197Â 743,8.0,-1.0,-1.0,1734556,2.0,7,,0.0,1.0,2.0,B01,138Â 197Â 743,1.0
1016142,201900057673,10,26,00:40,3,1,9,1.0,6.0,33284,A63 / fin bretelle A660 en direction de Bordeaux,M,"44,6459100"," -0,8382400",33,2019,130.0,1.0,1.0,1.0,2272565,1.0,1,1,1,5.0,,0.0,0,1980.0,B01,138Â 197Â 743,8.0,-1.0,-1.0,1734557,2.0,7,,0.0,1.0,1.0,C01,138Â 197Â 744,1.0
1016142,201900057673,10,26,00:40,3,1,9,1.0,6.0,33284,A63 / fin bretelle A660 en direction de Bordeaux,M,"44,6459100"," -0,8382400",33,2019,130.0,1.0,1.0,1.0,2272566,1.0,1,1,2,5.0,,0.0,0,1990.0,C01,138Â 197Â 744,8.0,-1.0,-1.0,1734555,2.0,7,,0.0,0.0,0.0,A01,138Â 197Â 736,1.0
1016142,201900057673,10,26,00:40,3,1,9,1.0,6.0,33284,A63 / fin bretelle A660 en direction de Bordeaux,M,"44,6459100"," -0,8382400",33,2019,130.0,1.0,1.0,1.0,2272566,1.0,1,1,2,5.0,,0.0,0,1990.0,C01,138Â 197Â 744,8.0,-1.0,-1.0,1734556,2.0,7,,0.0,1.0,2.0,B01,138Â 197Â 743,1.0
1016142,201900057673,10,26,00:40,3,1,9,1.0,6.0,33284,A63 / fin bretelle A660 en direction de Bordeaux,M,"44,6459100"," -0,8382400",33,2019,130.0,1.0,1.0,1.0,2272566,1.0,1,1,2,5.0,,0.0,0,1990.0,C01,138Â 197Â 744,8.0,-1.0,-1.0,1734557,2.0,7,,0.0,1.0,1.0,C01,138Â 197Â 744,1.0
1016142,201900057673,10,26,00:40,3,1,9,1.0,6.0,33284,A63 / fin bretelle A660 en direction de Bordeaux,M,"44,6459100"," -0,8382400",33,2019,130.0,1.0,1.0,1.0,2272567,2.0,2,1,1,5.0,,0.0,0,1985.0,C01,138Â 197Â 744,8.0,-1.0,-1.0,1734555,2.0,7,,0.0,0.0,0.0,A01,138Â 197Â 736,1.0
1016142,201900057673,10,26,00:40,3,1,9,1.0,6.0,33284,A63 / fin bretelle A660 en direction de Bordeaux,M,"44,6459100"," -0,8382400",33,2019,130.0,1.0,1.0,1.0,2272567,2.0,2,1,1,5.0,,0.0,0,1985.0,C01,138Â 197Â 744,8.0,-1.0,-1.0,1734556,2.0,7,,0.0,1.0,2.0,B01,138Â 197Â 743,1.0
1016142,201900057673,10,26,00:40,3,1,9,1.0,6.0,33284,A63 / fin bretelle A660 en direction de Bordeaux,M,"44,6459100"," -0,8382400",33,2019,130.0,1.0,1.0,1.0,2272567,2.0,2,1,1,5.0,,0.0,0,1985.0,C01,138Â 197Â 744,8.0,-1.0,-1.0,1734557,2.0,7,,0.0,1.0,1.0,C01,138Â 197Â 744,1.0
1016143,201900057674,10,24,21:00,3,2,1,1.0,2.0,97103,N2,M,"16,2560420"," -61,6013330",971,2019,80.0,1.0,1.0,2.0,2272568,1.0,1,4,1,0.0,,0.0,0,1991.0,B01,138Â 197Â 731,2.0,-1.0,-1.0,1734558,1.0,2,,0.0,2.0,1.0,B01,138Â 197Â 731,1.0
1016143,201900057674,10,24,21:00,3,2,1,1.0,2.0,97103,N2,M,"16,2560420"," -61,6013330",971,2019,80.0,1.0,1.0,2.0,2272568,1.0,1,4,1,0.0,,0.0,0,1991.0,B01,138Â 197Â 731,2.0,-1.0,-1.0,1734559,1.0,7,,0.0,2.0,5.0,A01,138Â 197Â 732,1.0
1016143,201900057674,10,24,21:00,3,2,1,1.0,2.0,97103,N2,M,"16,2560420"," -61,6013330",971,2019,80.0,1.0,1.0,2.0,2272569,1.0,1,1,1,5.0,,0.0,0,1995.0,A01,138Â 197Â 732,1.0,-1.0,-1.0,1734558,1.0,2,,0.0,2.0,1.0,B01,138Â 197Â 731,1.0
1016143,201900057674,10,24,21:00,3,2,1,1.0,2.0,97103,N2,M,"16,2560420"," -61,6013330",971,2019,80.0,1.0,1.0,2.0,2272569,1.0,1,1,1,5.0,,0.0,0,1995.0,A01,138Â 197Â 732,1.0,-1.0,-1.0,1734559,1.0,7,,0.0,2.0,5.0,A01,138Â 197Â 732,1.0
1016144,201900057675,4,20,19:15,4,1,1,1.0,1.0,98758,PK 1.500 TEPUA,M," -16,7429830"," -151,4577900",987,2019,40.0,1.0,1.0,9.0,2272570,7.0,2,1,2,3.0,,0.0,0,1985.0,B01,138Â 197Â 729,1.0,-1.0,-1.0,1734560,1.0,7,,0.0,2.0,2.0,B01,138Â 197Â 729,1.0
1016144,201900057675,4,20,19:15,4,1,1,1.0,1.0,98758,PK 1.500 TEPUA,M," -16,7429830"," -151,4577900",987,2019,40.0,1.0,1.0,9.0,2272570,7.0,2,1,2,3.0,,0.0,0,1985.0,B01,138Â 197Â 729,1.0,-1.0,-1.0,1734561,2.0,2,,0.0,2.0,1.0,A01,138Â 197Â 730,1.0
1016144,201900057675,4,20,19:15,4,1,1,1.0,1.0,98758,PK 1.500 TEPUA,M," -16,7429830"," -151,4577900",987,2019,40.0,1.0,1.0,9.0,2272571,1.0,1,1,2,3.0,,0.0,0,1983.0,B01,138Â 197Â 729,1.0,-1.0,-1.0,1734560,1.0,7,,0.0,2.0,2.0,B01,138Â 197Â 729,1.0
1016144,201900057675,4,20,19:15,4,1,1,1.0,1.0,98758,PK 1.500 TEPUA,M," -16,7429830"," -151,4577900",987,2019,40.0,1.0,1.0,9.0,2272571,1.0,1,1,2,3.0,,0.0,0,1983.0,B01,138Â 197Â 729,1.0,-1.0,-1.0,1734561,2.0,2,,0.0,2.0,1.0,A01,138Â 197Â 730,1.0
1016144,201900057675,4,20,19:15,4,1,1,1.0,1.0,98758,PK 1.500 TEPUA,M," -16,7429830"," -151,4577900",987,2019,40.0,1.0,1.0,9.0,2272572,1.0,1,3,1,0.0,,0.0,0,2004.0,A01,138Â 197Â 730,2.0,-1.0,-1.0,1734560,1.0,7,,0.0,2.0,2.0,B01,138Â 197Â 729,1.0
1016144,201900057675,4,20,19:15,4,1,1,1.0,1.0,98758,PK 1.500 TEPUA,M," -16,7429830"," -151,4577900",987,2019,40.0,1.0,1.0,9.0,2272572,1.0,1,3,1,0.0,,0.0,0,2004.0,A01,138Â 197Â 730,2.0,-1.0,-1.0,1734561,2.0,2,,0.0,2.0,1.0,A01,138Â 197Â 730,1.0
1016145,201900057676,8,18,14:00,1,1,4,1.0,3.0,11367,D 629,M,"43,3603370","2,1677450",11,2019,-1.0,1.0,1.0,3.0,2272573,1.0,1,3,1,5.0,,0.0,0,1955.0,B01,138Â 197Â 738,2.0,6.0,-1.0,1734562,1.0,33,,0.0,2.0,7.0,B01,138Â 197Â 738,1.0
1016145,201900057676,8,18,14:00,1,1,4,1.0,3.0,11367,D 629,M,"43,3603370","2,1677450",11,2019,-1.0,1.0,1.0,3.0,2272573,1.0,1,3,1,5.0,,0.0,0,1955.0,B01,138Â 197Â 738,2.0,6.0,-1.0,1734563,1.0,7,,0.0,2.0,3.0,A01,138Â 197Â 749,1.0
1016145,201900057676,8,18,14:00,1,1,4,1.0,3.0,11367,D 629,M,"43,3603370","2,1677450",11,2019,-1.0,1.0,1.0,3.0,2272574,1.0,1,1,1,5.0,,0.0,0,1950.0,A01,138Â 197Â 749,1.0,-1.0,-1.0,1734562,1.0,33,,0.0,2.0,7.0,B01,138Â 197Â 738,1.0