Unnamed: 0_x,num_acc,mois,jour,hrmn,lum,agg,int,atm,col,com,adr,gps,lat,long,dep,annee,vma,situ,surf,catr,Unnamed: 0_y,place,catu,grav,sexe,trajet,secu,locp,actp,an_nais,num_veh_x,id_vehicule_x,secu1,secu2,secu3,Unnamed: 0,senc,catv,occutc,obs,obsm,choc,num_veh_y,id_vehicule_y,motor
1016145,201900057676,8,18,14:00,1,1,4,1.0,3.0,11367,D 629,M,"43,3603370","2,1677450",11,2019,-1.0,1.0,1.0,3.0,2272574,1.0,1,1,1,5.0,,0.0,0,1950.0,A01,138Â 197Â 749,1.0,-1.0,-1.0,1734563,1.0,7,,0.0,2.0,3.0,A01,138Â 197Â 749,1.0
1016146,201900057677,2,15,20:00,5,2,1,1.0,6.0,93073,CHAPIT RE ( RUE DU),M,"49,0010000","2,5364500",93,2019,30.0,1.0,1.0,6.0,2272575,1.0,1,1,1,4.0,,-1.0, -1,1951.0,A01,138Â 197Â 740,1.0,0.0,-1.0,1734564,0.0,7,,0.0,1.0,1.0,A01,138Â 197Â 740,2.0
1016146,201900057677,2,15,20:00,5,2,1,1.0,6.0,93073,CHAPIT RE ( RUE DU),M,"49,0010000","2,5364500",93,2019,30.0,1.0,1.0,6.0,2272576,10.0,3,4,1,4.0,,2.0,3,1940.0,A01,138Â 197Â 740,8.0,0.0,-1.0,1734564,0.0,7,,0.0,1.0,1.0,A01,138Â 197Â 740,2.0
1016147,201900057678,8,17,20:10,3,1,1,1.0,7.0,89134,DÃ©partementale 60,M,"47,4538670","4,0370570",89,2019,80.0,3.0,1.0,3.0,2272577,1.0,1,3,2,5.0,,0.0,0,1948.0,A01,138Â 197Â 728,1.0,-1.0,-1.0,1734565,3.0,7,,13.0,0.0,3.0,A01,138Â 197Â 728,1.0
1016148,201900057679,2,15,09:58,1,2,6,1.0,2.0,93078,CLEMENCEAU (AVENUE GEORGES),M,"48,9607900","2,5562800",93,2019,50.0,1.0,1.0,3.0,2272578,1.0,1,4,2,5.0,,-1.0, -1,1975.0,A01,138Â 197Â 725,1.0,0.0,-1.0,1734566,1.0,7,,16.0,0.0,4.0,A01,138Â 197Â 725,0.0
1016148,201900057679,2,15,09:58,1,2,6,1.0,2.0,93078,CLEMENCEAU (AVENUE GEORGES),M,"48,9607900","2,5562800",93,2019,50.0,1.0,1.0,3.0,2272578,1.0,1,4,2,5.0,,-1.0, -1,1975.0,A01,138Â 197Â 725,1.0,0.0,-1.0,1734567,1.0,7,,0.0,2.0,1.0,B01,138Â 197Â 726,0.0
1016148,201900057679,2,15,09:58,1,2,6,1.0,2.0,93078,CLEMENCEAU (AVENUE GEORGES),M,"48,9607900","2,5562800",93,2019,50.0,1.0,1.0,3.0,2272579,1.0,1,4,1,0.0,,-1.0, -1,1989.0,B01,138Â 197Â 726,1.0,0.0,-1.0,1734566,1.0,7,,16.0,0.0,4.0,A01,138Â 197Â 725,0.0
1016148,201900057679,2,15,09:58,1,2,6,1.0,2.0,93078,CLEMENCEAU (AVENUE GEORGES),M,"48,9607900","2,5562800",93,2019,50.0,1.0,1.0,3.0,2272579,1.0,1,4,1,0.0,,-1.0, -1,1989.0,B01,138Â 197Â 726,1.0,0.0,-1.0,1734567,1.0,7,,0.0,2.0,1.0,B01,138Â 197Â 726,0.0
1016149,201900057680,5,9,15:05,1,1,1,1.0,3.0,38344,A7,M,"45,3705500","4,8080900",38,2019,130.0,1.0,1.0,1.0,2272580,1.0,1,1,1,4.0,,0.0,0,1963.0,B01,138Â 197Â 741,1.0,-1.0,-1.0,1734568,1.0,15,,0.0,2.0,8.0,B01,138Â 197Â 741,1.0
1016149,201900057680,5,9,15:05,1,1,1,1.0,3.0,38344,A7,M,"45,3705500","4,8080900",38,2019,130.0,1.0,1.0,1.0,2272580,1.0,1,1,1,4.0,,0.0,0,1963.0,B01,138Â 197Â 741,1.0,-1.0,-1.0,1734569,1.0,7,,4.0,2.0,3.0,A01,138Â 197Â 753,1.0
1016149,201900057680,5,9,15:05,1,1,1,1.0,3.0,38344,A7,M,"45,3705500","4,8080900",38,2019,130.0,1.0,1.0,1.0,2272581,1.0,1,3,1,5.0,,0.0,0,1946.0,A01,138Â 197Â 753,1.0,-1.0,-1.0,1734568,1.0,15,,0.0,2.0,8.0,B01,138Â 197Â 741,1.0
1016149,201900057680,5,9,15:05,1,1,1,1.0,3.0,38344,A7,M,"45,3705500","4,8080900",38,2019,130.0,1.0,1.0,1.0,2272581,1.0,1,3,1,5.0,,0.0,0,1946.0,A01,138Â 197Â 753,1.0,-1.0,-1.0,1734569,1.0,7,,4.0,2.0,3.0,A01,138Â 197Â 753,1.0
1016149,201900057680,5,9,15:05,1,1,1,1.0,3.0,38344,A7,M,"45,3705500","4,8080900",38,2019,130.0,1.0,1.0,1.0,2272582,2.0,2,3,1,5.0,,0.0,0,1946.0,A01,138Â 197Â 753,1.0,-1.0,-1.0,1734568,1.0,15,,0.0,2.0,8.0,B01,138Â 197Â 741,1.0
1016149,201900057680,5,9,15:05,1,1,1,1.0,3.0,38344,A7,M,"45,3705500","4,8080900",38,2019,130.0,1.0,1.0,1.0,2272582,2.0,2,3,1,5.0,,0.0,0,1946.0,A01,138Â 197Â 753,1.0,-1.0,-1.0,1734569,1.0,7,,4.0,2.0,3.0,A01,138Â 197Â 753,1.0
1016150,201900057681,5,22,18:30,5,2,1,8.0,3.0,98733,RT1,M," -17,6899310"," -149,5483490",987,2019,60.0,1.0,1.0,2.0,2272583,1.0,1,3,1,5.0,,0.0,0,1990.0,B01,138Â 197Â 723,2.0,-1.0,-1.0,1734570,2.0,33,,0.0,2.0,1.0,B01,138Â 197Â 723,1.0
1016150,201900057681,5,22,18:30,5,2,1,8.0,3.0,98733,RT1,M," -17,6899310"," -149,5483490",987,2019,60.0,1.0,1.0,2.0,2272583,1.0,1,3,1,5.0,,0.0,0,1990.0,B01,138Â 197Â 723,2.0,-1.0,-1.0,1734571,1.0,10,,0.0,2.0,5.0,A01,138Â 197Â 727,1.0
1016150,201900057681,5,22,18:30,5,2,1,8.0,3.0,98733,RT1,M," -17,6899310"," -149,5483490",987,2019,60.0,1.0,1.0,2.0,2272584,1.0,1,1,2,5.0,,0.0,0,1992.0,A01,138Â 197Â 727,1.0,-1.0,-1.0,1734570,2.0,33,,0.0,2.0,1.0,B01,138Â 197Â 723,1.0
1016150,201900057681,5,22,18:30,5,2,1,8.0,3.0,98733,RT1,M," -17,6899310"," -149,5483490",987,2019,60.0,1.0,1.0,2.0,2272584,1.0,1,1,2,5.0,,0.0,0,1992.0,A01,138Â 197Â 727,1.0,-1.0,-1.0,1734571,1.0,10,,0.0,2.0,5.0,A01,138Â 197Â 727,1.0
1016151,201900057682,8,18,20:30,1,1,3,3.0,3.0,42173,lieu dit chardon,M,"45,8416120","4,0535360",42,2019,80.0,1.0,2.0,3.0,2272585,6.0,2,4,1,5.0,,0.0,0,2005.0,B01,138Â 197Â 722,8.0,-1.0,-1.0,1734572,2.0,7,,0.0,2.0,1.0,B01,138Â 197Â 722,1.0
1016151,201900057682,8,18,20:30,1,1,3,3.0,3.0,42173,lieu dit chardon,M,"45,8416120","4,0535360",42,2019,80.0,1.0,2.0,3.0,2272585,6.0,2,4,1,5.0,,0.0,0,2005.0,B01,138Â 197Â 722,8.0,-1.0,-1.0,1734573,0.0,7,,0.0,2.0,7.0,A01,138Â 197Â 724,1.0
1016151,201900057682,8,18,20:30,1,1,3,3.0,3.0,42173,lieu dit chardon,M,"45,8416120","4,0535360",42,2019,80.0,1.0,2.0,3.0,2272586,1.0,1,4,1,5.0,,0.0,0,1961.0,B01,138Â 197Â 722,8.0,-1.0,-1.0,1734572,2.0,7,,0.0,2.0,1.0,B01,138Â 197Â 722,1.0
1016151,201900057682,8,18,20:30,1,1,3,3.0,3.0,42173,lieu dit chardon,M,"45,8416120","4,0535360",42,2019,80.0,1.0,2.0,3.0,2272586,1.0,1,4,1,5.0,,0.0,0,1961.0,B01,138Â 197Â 722,8.0,-1.0,-1.0,1734573,0.0,7,,0.0,2.0,7.0,A01,138Â 197Â 724,1.0
1016151,201900057682,8,18,20:30,1,1,3,3.0,3.0,42173,lieu dit chardon,M,"45,8416120","4,0535360",42,2019,80.0,1.0,2.0,3.0,2272587,2.0,2,4,2,5.0,,0.0,0,1968.0,B01,138Â 197Â 722,0.0,-1.0,-1.0,1734572,2.0,7,,0.0,2.0,1.0,B01,138Â 197Â 722,1.0
1016151,201900057682,8,18,20:30,1,1,3,3.0,3.0,42173,lieu dit chardon,M,"45,8416120","4,0535360",42,2019,80.0,1.0,2.0,3.0,2272587,2.0,2,4,2,5.0,,0.0,0,1968.0,B01,138Â 197Â 722,0.0,-1.0,-1.0,1734573,0.0,7,,0.0,2.0,7.0,A01,138Â 197Â 724,1.0
1016151,201900057682,8,18,20:30,1,1,3,3.0,3.0,42173,lieu dit chardon,M,"45,8416120","4,0535360",42,2019,80.0,1.0,2.0,3.0,2272588,1.0,1,2,1,5.0,,0.0,0,1985.0,A01,138Â 197Â 724,8.0,-1.0,-1.0,1734572,2.0,7,,0.0,2.0,1.0,B01,138Â 197Â 722,1.0
1016151,201900057682,8,18,20:30,1,1,3,3.0,3.0,42173,lieu dit chardon,M,"45,8416120","4,0535360",42,2019,80.0,1.0,2.0,3.0,2272588,1.0,1,2,1,5.0,,0.0,0,1985.0,A01,138Â 197Â 724,8.0,-1.0,-1.0,1734573,0.0,7,,0.0,2.0,7.0,A01,138Â 197Â 724,1.0
1016151,201900057682,8,18,20:30,1,1,3,3.0,3.0,42173,lieu dit chardon,M,"45,8416120","4,0535360",42,2019,80.0,1.0,2.0,3.0,2272589,2.0,2,3,2,5.0,,0.0,0,1987.0,A01,138Â 197Â 724,8.0,-1.0,-1.0,1734572,2.0,7,,0.0,2.0,1.0,B01,138Â 197Â 722,1.0
1016151,201900057682,8,18,20:30,1,1,3,3.0,3.0,42173,lieu dit chardon,M,"45,8416120","4,0535360",42,2019,80.0,1.0,2.0,3.0,2272589,2.0,2,3,2,5.0,,0.0,0,1987.0,A01,138Â 197Â 724,8.0,-1.0,-1.0,1734573,0.0,7,,0.0,2.0,7.0,A01,138Â 197Â 724,1.0
1016151,201900057682,8,18,20:30,1,1,3,3.0,3.0,42173,lieu dit chardon,M,"45,8416120","4,0535360",42,2019,80.0,1.0,2.0,3.0,2272590,9.0,2,4,1,5.0,,0.0,0,2017.0,A01,138Â 197Â 724,8.0,-1.0,-1.0,1734572,2.0,7,,0.0,2.0,1.0,B01,138Â 197Â 722,1.0
1016151,201900057682,8,18,20:30,1,1,3,3.0,3.0,42173,lieu dit chardon,M,"45,8416120","4,0535360",42,2019,80.0,1.0,2.0,3.0,2272590,9.0,2,4,1,5.0,,0.0,0,2017.0,A01,138Â 197Â 724,8.0,-1.0,-1.0,1734573,0.0,7,,0.0,2.0,7.0,A01,138Â 197Â 724,1.0
1016152,201900057683,2,14,10:40,1,2,1,1.0,2.0,93073,RESISTANCE (RUE DE LA),M,"48,9497200","2,5651100",93,2019,50.0,1.0,1.0,3.0,2272591,1.0,1,4,1,4.0,,-1.0, -1,1996.0,B01,138Â 197Â 720,2.0,6.0,-1.0,1734574,3.0,34,,8.0,2.0,1.0,B01,138Â 197Â 720,1.0
1016152,201900057683,2,14,10:40,1,2,1,1.0,2.0,93073,RESISTANCE (RUE DE LA),M,"48,9497200","2,5651100",93,2019,50.0,1.0,1.0,3.0,2272591,1.0,1,4,1,4.0,,-1.0, -1,1996.0,B01,138Â 197Â 720,2.0,6.0,-1.0,1734575,3.0,7,,0.0,2.0,6.0,A01,138Â 197Â 721,1.0
1016152,201900057683,2,14,10:40,1,2,1,1.0,2.0,93073,RESISTANCE (RUE DE LA),M,"48,9497200","2,5651100",93,2019,50.0,1.0,1.0,3.0,2272592,2.0,2,1,1,0.0,,-1.0, -1,1948.0,A01,138Â 197Â 721,1.0,0.0,-1.0,1734574,3.0,34,,8.0,2.0,1.0,B01,138Â 197Â 720,1.0
1016152,201900057683,2,14,10:40,1,2,1,1.0,2.0,93073,RESISTANCE (RUE DE LA),M,"48,9497200","2,5651100",93,2019,50.0,1.0,1.0,3.0,2272592,2.0,2,1,1,0.0,,-1.0, -1,1948.0,A01,138Â 197Â 721,1.0,0.0,-1.0,1734575,3.0,7,,0.0,2.0,6.0,A01,138Â 197Â 721,1.0
1016152,201900057683,2,14,10:40,1,2,1,1.0,2.0,93073,RESISTANCE (RUE DE LA),M,"48,9497200","2,5651100",93,2019,50.0,1.0,1.0,3.0,2272593,1.0,1,1,1,9.0,,-1.0, -1,1962.0,A01,138Â 197Â 721,1.0,8.0,-1.0,1734574,3.0,34,,8.0,2.0,1.0,B01,138Â 197Â 720,1.0
1016152,201900057683,2,14,10:40,1,2,1,1.0,2.0,93073,RESISTANCE (RUE DE LA),M,"48,9497200","2,5651100",93,2019,50.0,1.0,1.0,3.0,2272593,1.0,1,1,1,9.0,,-1.0, -1,1962.0,A01,138Â 197Â 721,1.0,8.0,-1.0,1734575,3.0,7,,0.0,2.0,6.0,A01,138Â 197Â 721,1.0
1016153,201900057684,1,1,13:10,1,1,1,1.0,7.0,91521,RN 449,M,"48,6352600","2,4020200",91,2019,70.0,1.0,1.0,2.0,2272594,1.0,1,4,2,0.0,,0.0,0,1994.0,A01,138Â 197Â 742,1.0,0.0,-1.0,1734576,2.0,7,,0.0,-1.0,1.0,A01,138Â 197Â 742,1.0
1016154,201900057685,2,15,14:40,1,2,1,1.0,6.0,92050,VAILLANT COUTURIER PAUL RUE,M,"48,8814792","2,2054098",92,2019,50.0,1.0,1.0,3.0,2272595,10.0,3,3,1,0.0,,0.0,3,1990.0,A01,138Â 197Â 734,8.0,0.0,-1.0,1734577,1.0,34,,0.0,1.0,1.0,A01,138Â 197Â 734,1.0
1016154,201900057685,2,15,14:40,1,2,1,1.0,6.0,92050,VAILLANT COUTURIER PAUL RUE,M,"48,8814792","2,2054098",92,2019,50.0,1.0,1.0,3.0,2272596,1.0,1,3,1,0.0,,-1.0,0,1973.0,A01,138Â 197Â 734,2.0,0.0,-1.0,1734577,1.0,34,,0.0,1.0,1.0,A01,138Â 197Â 734,1.0
1016155,201900057686,2,13,13:00,1,2,2,1.0,3.0,93031,REPUBLIQUE (AVENUE),M,"48,9469700","2,3429600",93,2019,50.0,1.0,1.0,3.0,2272597,2.0,2,4,1,5.0,,-1.0,0,1986.0,A01,138Â 197Â 718,1.0,4.0,-1.0,1734578,3.0,7,,0.0,2.0,2.0,A01,138Â 197Â 718,1.0
1016155,201900057686,2,13,13:00,1,2,2,1.0,3.0,93031,REPUBLIQUE (AVENUE),M,"48,9469700","2,3429600",93,2019,50.0,1.0,1.0,3.0,2272597,2.0,2,4,1,5.0,,-1.0,0,1986.0,A01,138Â 197Â 718,1.0,4.0,-1.0,1734579,1.0,7,,0.0,2.0,1.0,B01,138Â 197Â 719,2.0
1016155,201900057686,2,13,13:00,1,2,2,1.0,3.0,93031,REPUBLIQUE (AVENUE),M,"48,9469700","2,3429600",93,2019,50.0,1.0,1.0,3.0,2272598,1.0,1,1,1,5.0,,-1.0,0,1989.0,A01,138Â 197Â 718,1.0,4.0,-1.0,1734578,3.0,7,,0.0,2.0,2.0,A01,138Â 197Â 718,1.0
1016155,201900057686,2,13,13:00,1,2,2,1.0,3.0,93031,REPUBLIQUE (AVENUE),M,"48,9469700","2,3429600",93,2019,50.0,1.0,1.0,3.0,2272598,1.0,1,1,1,5.0,,-1.0,0,1989.0,A01,138Â 197Â 718,1.0,4.0,-1.0,1734579,1.0,7,,0.0,2.0,1.0,B01,138Â 197Â 719,2.0
1016155,201900057686,2,13,13:00,1,2,2,1.0,3.0,93031,REPUBLIQUE (AVENUE),M,"48,9469700","2,3429600",93,2019,50.0,1.0,1.0,3.0,2272599,1.0,1,1,1,5.0,,-1.0,0,1992.0,B01,138Â 197Â 719,1.0,4.0,-1.0,1734578,3.0,7,,0.0,2.0,2.0,A01,138Â 197Â 718,1.0
1016155,201900057686,2,13,13:00,1,2,2,1.0,3.0,93031,REPUBLIQUE (AVENUE),M,"48,9469700","2,3429600",93,2019,50.0,1.0,1.0,3.0,2272599,1.0,1,1,1,5.0,,-1.0,0,1992.0,B01,138Â 197Â 719,1.0,4.0,-1.0,1734579,1.0,7,,0.0,2.0,1.0,B01,138Â 197Â 719,2.0
1016156,201900057687,3,25,17:05,1,1,1,1.0,1.0,83137,,M,"43,1213200","5,9533100",83,2019,110.0,1.0,1.0,1.0,2272600,1.0,1,1,2,4.0,,-1.0,0,1962.0,A01,138Â 197Â 714,1.0,0.0,-1.0,1734580,1.0,7,,0.0,2.0,1.0,A01,138Â 197Â 714,1.0
1016156,201900057687,3,25,17:05,1,1,1,1.0,1.0,83137,,M,"43,1213200","5,9533100",83,2019,110.0,1.0,1.0,1.0,2272600,1.0,1,1,2,4.0,,-1.0,0,1962.0,A01,138Â 197Â 714,1.0,0.0,-1.0,1734581,1.0,7,,0.0,2.0,4.0,B01,138Â 197Â 715,0.0
1016156,201900057687,3,25,17:05,1,1,1,1.0,1.0,83137,,M,"43,1213200","5,9533100",83,2019,110.0,1.0,1.0,1.0,2272601,1.0,1,4,2,9.0,,-1.0,0,1982.0,B01,138Â 197Â 715,1.0,0.0,-1.0,1734580,1.0,7,,0.0,2.0,1.0,A01,138Â 197Â 714,1.0
1016156,201900057687,3,25,17:05,1,1,1,1.0,1.0,83137,,M,"43,1213200","5,9533100",83,2019,110.0,1.0,1.0,1.0,2272601,1.0,1,4,2,9.0,,-1.0,0,1982.0,B01,138Â 197Â 715,1.0,0.0,-1.0,1734581,1.0,7,,0.0,2.0,4.0,B01,138Â 197Â 715,0.0
1016157,201900057688,9,21,10:00,1,2,1,1.0,3.0,59090,WAMBRECHIES (AVENUE),M,"50,7068300","3,0925800",59,2019,50.0,1.0,1.0,7.0,2272602,1.0,1,4,1,0.0,,-1.0, -1,1950.0,A01,138Â 197Â 712,8.0,0.0,-1.0,1734582,3.0,7,,0.0,6.0,1.0,A01,138Â 197Â 712,1.0
1016157,201900057688,9,21,10:00,1,2,1,1.0,3.0,59090,WAMBRECHIES (AVENUE),M,"50,7068300","3,0925800",59,2019,50.0,1.0,1.0,7.0,2272602,1.0,1,4,1,0.0,,-1.0, -1,1950.0,A01,138Â 197Â 712,8.0,0.0,-1.0,1734583,3.0,1,,0.0,2.0,3.0,B01,138Â 197Â 733,5.0
1016157,201900057688,9,21,10:00,1,2,1,1.0,3.0,59090,WAMBRECHIES (AVENUE),M,"50,7068300","3,0925800",59,2019,50.0,1.0,1.0,7.0,2272603,1.0,1,4,2,0.0,,-1.0, -1,2002.0,B01,138Â 197Â 733,8.0,0.0,-1.0,1734582,3.0,7,,0.0,6.0,1.0,A01,138Â 197Â 712,1.0
1016157,201900057688,9,21,10:00,1,2,1,1.0,3.0,59090,WAMBRECHIES (AVENUE),M,"50,7068300","3,0925800",59,2019,50.0,1.0,1.0,7.0,2272603,1.0,1,4,2,0.0,,-1.0, -1,2002.0,B01,138Â 197Â 733,8.0,0.0,-1.0,1734583,3.0,1,,0.0,2.0,3.0,B01,138Â 197Â 733,5.0
1016158,201900057689,2,16,08:30,1,2,1,1.0,6.0,93051,PAVE NEUF (AVENUE),M,"48,8402300","2,5595500",93,2019,50.0,1.0,1.0,3.0,2272604,10.0,3,4,2,1.0,,3.0,3,1997.0,Z01,138Â 197Â 706,8.0,0.0,-1.0,1734584,1.0,7,,0.0,1.0,2.0,Z01,138Â 197Â 706,0.0
1016159,201900057690,8,17,10:40,1,1,1,1.0,7.0,42039,Route du Col du Beal (Chalmazel),M,"45,6913570","3,8319420",42,2019,80.0,3.0,1.0,3.0,2272605,1.0,1,4,2,5.0,,0.0,0,1982.0,A01,138Â 197Â 708,2.0,6.0,-1.0,1734585,2.0,33,,13.0,0.0,1.0,A01,138Â 197Â 708,1.0
1016160,201900057691,5,4,12:05,1,2,1,1.0,6.0,70310,"Rue des Platanes, ZONE D'ACTIVITES DES CLOYES",M,"47,6840590","6,5171730",70,2019,50.0,1.0,1.0,6.0,2272606,10.0,3,3,2,3.0,,2.0,3,1996.0,A01,138Â 197Â 710,0.0,-1.0,-1.0,1734586,3.0,7,,0.0,1.0,3.0,A01,138Â 197Â 710,1.0
1016160,201900057691,5,4,12:05,1,2,1,1.0,6.0,70310,"Rue des Platanes, ZONE D'ACTIVITES DES CLOYES",M,"47,6840590","6,5171730",70,2019,50.0,1.0,1.0,6.0,2272607,2.0,2,1,1,3.0,,0.0,0,1996.0,A01,138Â 197Â 710,1.0,-1.0,-1.0,1734586,3.0,7,,0.0,1.0,3.0,A01,138Â 197Â 710,1.0
1016160,201900057691,5,4,12:05,1,2,1,1.0,6.0,70310,"Rue des Platanes, ZONE D'ACTIVITES DES CLOYES",M,"47,6840590","6,5171730",70,2019,50.0,1.0,1.0,6.0,2272608,1.0,1,1,2,3.0,,0.0,0,1999.0,A01,138Â 197Â 710,1.0,-1.0,-1.0,1734586,3.0,7,,0.0,1.0,3.0,A01,138Â 197Â 710,1.0
1016161,201900057692,10,26,16:00,1,1,1,1.0,7.0,98814,R.M.14,M," -21,0653900","167,2946100",988,2019,110.0,3.0,1.0,4.0,2272609,7.0,2,3,2,3.0,,0.0,0,1997.0,A01,138Â 197Â 709,0.0,-1.0,-1.0,1734587,0.0,7,,0.0,0.0,0.0,A01,138Â 197Â 709,1.0
1016161,201900057692,10,26,16:00,1,1,1,1.0,7.0,98814,R.M.14,M," -21,0653900","167,2946100",988,2019,110.0,3.0,1.0,4.0,2272610,6.0,2,3,1,3.0,,0.0,0,1995.0,A01,138Â 197Â 709,0.0,-1.0,-1.0,1734587,0.0,7,,0.0,0.0,0.0,A01,138Â 197Â 709,1.0
1016161,201900057692,10,26,16:00,1,1,1,1.0,7.0,98814,R.M.14,M," -21,0653900","167,2946100",988,2019,110.0,3.0,1.0,4.0,2272611,1.0,1,1,1,3.0,,0.0,0,1987.0,A01,138Â 197Â 709,0.0,-1.0,-1.0,1734587,0.0,7,,0.0,0.0,0.0,A01,138Â 197Â 709,1.0
1016161,201900057692,10,26,16:00,1,1,1,1.0,7.0,98814,R.M.14,M," -21,0653900","167,2946100",988,2019,110.0,3.0,1.0,4.0,2272612,8.0,2,3,2,3.0,,0.0,0,1977.0,A01,138Â 197Â 709,0.0,-1.0,-1.0,1734587,0.0,7,,0.0,0.0,0.0,A01,138Â 197Â 709,1.0
1016162,201900057693,1,5,00:25,5,1,1,1.0,5.0,78206,A13,M,"48,9674000","1,9203000",78,2019,130.0,1.0,1.0,1.0,2272613,1.0,1,4,2,1.0,,-1.0, -1,1985.0,B01,138Â 197Â 707,1.0,0.0,-1.0,1734588,2.0,7,,0.0,2.0,0.0,Z01,138Â 197Â 705,1.0
1016162,201900057693,1,5,00:25,5,1,1,1.0,5.0,78206,A13,M,"48,9674000","1,9203000",78,2019,130.0,1.0,1.0,1.0,2272613,1.0,1,4,2,1.0,,-1.0, -1,1985.0,B01,138Â 197Â 707,1.0,0.0,-1.0,1734589,2.0,10,,0.0,2.0,1.0,B01,138Â 197Â 707,1.0
1016162,201900057693,1,5,00:25,5,1,1,1.0,5.0,78206,A13,M,"48,9674000","1,9203000",78,2019,130.0,1.0,1.0,1.0,2272613,1.0,1,4,2,1.0,,-1.0, -1,1985.0,B01,138Â 197Â 707,1.0,0.0,-1.0,1734590,2.0,10,,0.0,2.0,4.0,C01,138Â 197Â 713,1.0
1016162,201900057693,1,5,00:25,5,1,1,1.0,5.0,78206,A13,M,"48,9674000","1,9203000",78,2019,130.0,1.0,1.0,1.0,2272613,1.0,1,4,2,1.0,,-1.0, -1,1985.0,B01,138Â 197Â 707,1.0,0.0,-1.0,1734591,1.0,7,,14.0,0.0,1.0,D01,138Â 197Â 716,1.0
1016162,201900057693,1,5,00:25,5,1,1,1.0,5.0,78206,A13,M,"48,9674000","1,9203000",78,2019,130.0,1.0,1.0,1.0,2272613,1.0,1,4,2,1.0,,-1.0, -1,1985.0,B01,138Â 197Â 707,1.0,0.0,-1.0,1734592,2.0,10,,14.0,0.0,1.0,E01,138Â 197Â 717,1.0
1016162,201900057693,1,5,00:25,5,1,1,1.0,5.0,78206,A13,M,"48,9674000","1,9203000",78,2019,130.0,1.0,1.0,1.0,2272614,3.0,2,4,1,5.0,,-1.0, -1,2016.0,C01,138Â 197Â 713,1.0,0.0,-1.0,1734588,2.0,7,,0.0,2.0,0.0,Z01,138Â 197Â 705,1.0
1016162,201900057693,1,5,00:25,5,1,1,1.0,5.0,78206,A13,M,"48,9674000","1,9203000",78,2019,130.0,1.0,1.0,1.0,2272614,3.0,2,4,1,5.0,,-1.0, -1,2016.0,C01,138Â 197Â 713,1.0,0.0,-1.0,1734589,2.0,10,,0.0,2.0,1.0,B01,138Â 197Â 707,1.0
1016162,201900057693,1,5,00:25,5,1,1,1.0,5.0,78206,A13,M,"48,9674000","1,9203000",78,2019,130.0,1.0,1.0,1.0,2272614,3.0,2,4,1,5.0,,-1.0, -1,2016.0,C01,138Â 197Â 713,1.0,0.0,-1.0,1734590,2.0,10,,0.0,2.0,4.0,C01,138Â 197Â 713,1.0
1016162,201900057693,1,5,00:25,5,1,1,1.0,5.0,78206,A13,M,"48,9674000","1,9203000",78,2019,130.0,1.0,1.0,1.0,2272614,3.0,2,4,1,5.0,,-1.0, -1,2016.0,C01,138Â 197Â 713,1.0,0.0,-1.0,1734591,1.0,7,,14.0,0.0,1.0,D01,138Â 197Â 716,1.0
1016162,201900057693,1,5,00:25,5,1,1,1.0,5.0,78206,A13,M,"48,9674000","1,9203000",78,2019,130.0,1.0,1.0,1.0,2272614,3.0,2,4,1,5.0,,-1.0, -1,2016.0,C01,138Â 197Â 713,1.0,0.0,-1.0,1734592,2.0,10,,14.0,0.0,1.0,E01,138Â 197Â 717,1.0
1016162,201900057693,1,5,00:25,5,1,1,1.0,5.0,78206,A13,M,"48,9674000","1,9203000",78,2019,130.0,1.0,1.0,1.0,2272615,1.0,1,1,1,5.0,,-1.0, -1,1975.0,C01,138Â 197Â 713,1.0,0.0,-1.0,1734588,2.0,7,,0.0,2.0,0.0,Z01,138Â 197Â 705,1.0
1016162,201900057693,1,5,00:25,5,1,1,1.0,5.0,78206,A13,M,"48,9674000","1,9203000",78,2019,130.0,1.0,1.0,1.0,2272615,1.0,1,1,1,5.0,,-1.0, -1,1975.0,C01,138Â 197Â 713,1.0,0.0,-1.0,1734589,2.0,10,,0.0,2.0,1.0,B01,138Â 197Â 707,1.0
1016162,201900057693,1,5,00:25,5,1,1,1.0,5.0,78206,A13,M,"48,9674000","1,9203000",78,2019,130.0,1.0,1.0,1.0,2272615,1.0,1,1,1,5.0,,-1.0, -1,1975.0,C01,138Â 197Â 713,1.0,0.0,-1.0,1734590,2.0,10,,0.0,2.0,4.0,C01,138Â 197Â 713,1.0
1016162,201900057693,1,5,00:25,5,1,1,1.0,5.0,78206,A13,M,"48,9674000","1,9203000",78,2019,130.0,1.0,1.0,1.0,2272615,1.0,1,1,1,5.0,,-1.0, -1,1975.0,C01,138Â 197Â 713,1.0,0.0,-1.0,1734591,1.0,7,,14.0,0.0,1.0,D01,138Â 197Â 716,1.0
1016162,201900057693,1,5,00:25,5,1,1,1.0,5.0,78206,A13,M,"48,9674000","1,9203000",78,2019,130.0,1.0,1.0,1.0,2272615,1.0,1,1,1,5.0,,-1.0, -1,1975.0,C01,138Â 197Â 713,1.0,0.0,-1.0,1734592,2.0,10,,14.0,0.0,1.0,E01,138Â 197Â 717,1.0
1016162,201900057693,1,5,00:25,5,1,1,1.0,5.0,78206,A13,M,"48,9674000","1,9203000",78,2019,130.0,1.0,1.0,1.0,2272616,2.0,2,1,2,0.0,,-1.0, -1,2012.0,C01,138Â 197Â 713,1.0,0.0,-1.0,1734588,2.0,7,,0.0,2.0,0.0,Z01,138Â 197Â 705,1.0