Unnamed: 0_x,num_acc,mois,jour,hrmn,lum,agg,int,atm,col,com,adr,gps,lat,long,dep,annee,vma,situ,surf,catr,Unnamed: 0_y,place,catu,grav,sexe,trajet,secu,locp,actp,an_nais,num_veh_x,id_vehicule_x,secu1,secu2,secu3,Unnamed: 0,senc,catv,occutc,obs,obsm,choc,num_veh_y,id_vehicule_y,motor
1016162,201900057693,1,5,00:25,5,1,1,1.0,5.0,78206,A13,M,"48,9674000","1,9203000",78,2019,130.0,1.0,1.0,1.0,2272616,2.0,2,1,2,0.0,,-1.0, -1,2012.0,C01,138Â 197Â 713,1.0,0.0,-1.0,1734589,2.0,10,,0.0,2.0,1.0,B01,138Â 197Â 707,1.0
1016162,201900057693,1,5,00:25,5,1,1,1.0,5.0,78206,A13,M,"48,9674000","1,9203000",78,2019,130.0,1.0,1.0,1.0,2272616,2.0,2,1,2,0.0,,-1.0, -1,2012.0,C01,138Â 197Â 713,1.0,0.0,-1.0,1734590,2.0,10,,0.0,2.0,4.0,C01,138Â 197Â 713,1.0
1016162,201900057693,1,5,00:25,5,1,1,1.0,5.0,78206,A13,M,"48,9674000","1,9203000",78,2019,130.0,1.0,1.0,1.0,2272616,2.0,2,1,2,0.0,,-1.0, -1,2012.0,C01,138Â 197Â 713,1.0,0.0,-1.0,1734591,1.0,7,,14.0,0.0,1.0,D01,138Â 197Â 716,1.0
1016162,201900057693,1,5,00:25,5,1,1,1.0,5.0,78206,A13,M,"48,9674000","1,9203000",78,2019,130.0,1.0,1.0,1.0,2272616,2.0,2,1,2,0.0,,-1.0, -1,2012.0,C01,138Â 197Â 713,1.0,0.0,-1.0,1734592,2.0,10,,14.0,0.0,1.0,E01,138Â 197Â 717,1.0
1016162,201900057693,1,5,00:25,5,1,1,1.0,5.0,78206,A13,M,"48,9674000","1,9203000",78,2019,130.0,1.0,1.0,1.0,2272617,1.0,1,1,1,5.0,,-1.0, -1,1960.0,D01,138Â 197Â 716,1.0,0.0,-1.0,1734588,2.0,7,,0.0,2.0,0.0,Z01,138Â 197Â 705,1.0
1016162,201900057693,1,5,00:25,5,1,1,1.0,5.0,78206,A13,M,"48,9674000","1,9203000",78,2019,130.0,1.0,1.0,1.0,2272617,1.0,1,1,1,5.0,,-1.0, -1,1960.0,D01,138Â 197Â 716,1.0,0.0,-1.0,1734589,2.0,10,,0.0,2.0,1.0,B01,138Â 197Â 707,1.0
1016162,201900057693,1,5,00:25,5,1,1,1.0,5.0,78206,A13,M,"48,9674000","1,9203000",78,2019,130.0,1.0,1.0,1.0,2272617,1.0,1,1,1,5.0,,-1.0, -1,1960.0,D01,138Â 197Â 716,1.0,0.0,-1.0,1734590,2.0,10,,0.0,2.0,4.0,C01,138Â 197Â 713,1.0
1016162,201900057693,1,5,00:25,5,1,1,1.0,5.0,78206,A13,M,"48,9674000","1,9203000",78,2019,130.0,1.0,1.0,1.0,2272617,1.0,1,1,1,5.0,,-1.0, -1,1960.0,D01,138Â 197Â 716,1.0,0.0,-1.0,1734591,1.0,7,,14.0,0.0,1.0,D01,138Â 197Â 716,1.0
1016162,201900057693,1,5,00:25,5,1,1,1.0,5.0,78206,A13,M,"48,9674000","1,9203000",78,2019,130.0,1.0,1.0,1.0,2272617,1.0,1,1,1,5.0,,-1.0, -1,1960.0,D01,138Â 197Â 716,1.0,0.0,-1.0,1734592,2.0,10,,14.0,0.0,1.0,E01,138Â 197Â 717,1.0
1016162,201900057693,1,5,00:25,5,1,1,1.0,5.0,78206,A13,M,"48,9674000","1,9203000",78,2019,130.0,1.0,1.0,1.0,2272618,3.0,2,1,1,5.0,,-1.0, -1,1987.0,E01,138Â 197Â 717,1.0,0.0,-1.0,1734588,2.0,7,,0.0,2.0,0.0,Z01,138Â 197Â 705,1.0
1016162,201900057693,1,5,00:25,5,1,1,1.0,5.0,78206,A13,M,"48,9674000","1,9203000",78,2019,130.0,1.0,1.0,1.0,2272618,3.0,2,1,1,5.0,,-1.0, -1,1987.0,E01,138Â 197Â 717,1.0,0.0,-1.0,1734589,2.0,10,,0.0,2.0,1.0,B01,138Â 197Â 707,1.0
1016162,201900057693,1,5,00:25,5,1,1,1.0,5.0,78206,A13,M,"48,9674000","1,9203000",78,2019,130.0,1.0,1.0,1.0,2272618,3.0,2,1,1,5.0,,-1.0, -1,1987.0,E01,138Â 197Â 717,1.0,0.0,-1.0,1734590,2.0,10,,0.0,2.0,4.0,C01,138Â 197Â 713,1.0
1016162,201900057693,1,5,00:25,5,1,1,1.0,5.0,78206,A13,M,"48,9674000","1,9203000",78,2019,130.0,1.0,1.0,1.0,2272618,3.0,2,1,1,5.0,,-1.0, -1,1987.0,E01,138Â 197Â 717,1.0,0.0,-1.0,1734591,1.0,7,,14.0,0.0,1.0,D01,138Â 197Â 716,1.0
1016162,201900057693,1,5,00:25,5,1,1,1.0,5.0,78206,A13,M,"48,9674000","1,9203000",78,2019,130.0,1.0,1.0,1.0,2272618,3.0,2,1,1,5.0,,-1.0, -1,1987.0,E01,138Â 197Â 717,1.0,0.0,-1.0,1734592,2.0,10,,14.0,0.0,1.0,E01,138Â 197Â 717,1.0
1016162,201900057693,1,5,00:25,5,1,1,1.0,5.0,78206,A13,M,"48,9674000","1,9203000",78,2019,130.0,1.0,1.0,1.0,2272619,2.0,2,1,2,5.0,,-1.0, -1,1998.0,E01,138Â 197Â 717,1.0,0.0,-1.0,1734588,2.0,7,,0.0,2.0,0.0,Z01,138Â 197Â 705,1.0
1016162,201900057693,1,5,00:25,5,1,1,1.0,5.0,78206,A13,M,"48,9674000","1,9203000",78,2019,130.0,1.0,1.0,1.0,2272619,2.0,2,1,2,5.0,,-1.0, -1,1998.0,E01,138Â 197Â 717,1.0,0.0,-1.0,1734589,2.0,10,,0.0,2.0,1.0,B01,138Â 197Â 707,1.0
1016162,201900057693,1,5,00:25,5,1,1,1.0,5.0,78206,A13,M,"48,9674000","1,9203000",78,2019,130.0,1.0,1.0,1.0,2272619,2.0,2,1,2,5.0,,-1.0, -1,1998.0,E01,138Â 197Â 717,1.0,0.0,-1.0,1734590,2.0,10,,0.0,2.0,4.0,C01,138Â 197Â 713,1.0
1016162,201900057693,1,5,00:25,5,1,1,1.0,5.0,78206,A13,M,"48,9674000","1,9203000",78,2019,130.0,1.0,1.0,1.0,2272619,2.0,2,1,2,5.0,,-1.0, -1,1998.0,E01,138Â 197Â 717,1.0,0.0,-1.0,1734591,1.0,7,,14.0,0.0,1.0,D01,138Â 197Â 716,1.0
1016162,201900057693,1,5,00:25,5,1,1,1.0,5.0,78206,A13,M,"48,9674000","1,9203000",78,2019,130.0,1.0,1.0,1.0,2272619,2.0,2,1,2,5.0,,-1.0, -1,1998.0,E01,138Â 197Â 717,1.0,0.0,-1.0,1734592,2.0,10,,14.0,0.0,1.0,E01,138Â 197Â 717,1.0
1016162,201900057693,1,5,00:25,5,1,1,1.0,5.0,78206,A13,M,"48,9674000","1,9203000",78,2019,130.0,1.0,1.0,1.0,2272620,1.0,1,1,1,5.0,,-1.0, -1,1945.0,E01,138Â 197Â 717,1.0,0.0,-1.0,1734588,2.0,7,,0.0,2.0,0.0,Z01,138Â 197Â 705,1.0
1016162,201900057693,1,5,00:25,5,1,1,1.0,5.0,78206,A13,M,"48,9674000","1,9203000",78,2019,130.0,1.0,1.0,1.0,2272620,1.0,1,1,1,5.0,,-1.0, -1,1945.0,E01,138Â 197Â 717,1.0,0.0,-1.0,1734589,2.0,10,,0.0,2.0,1.0,B01,138Â 197Â 707,1.0
1016162,201900057693,1,5,00:25,5,1,1,1.0,5.0,78206,A13,M,"48,9674000","1,9203000",78,2019,130.0,1.0,1.0,1.0,2272620,1.0,1,1,1,5.0,,-1.0, -1,1945.0,E01,138Â 197Â 717,1.0,0.0,-1.0,1734590,2.0,10,,0.0,2.0,4.0,C01,138Â 197Â 713,1.0
1016162,201900057693,1,5,00:25,5,1,1,1.0,5.0,78206,A13,M,"48,9674000","1,9203000",78,2019,130.0,1.0,1.0,1.0,2272620,1.0,1,1,1,5.0,,-1.0, -1,1945.0,E01,138Â 197Â 717,1.0,0.0,-1.0,1734591,1.0,7,,14.0,0.0,1.0,D01,138Â 197Â 716,1.0
1016162,201900057693,1,5,00:25,5,1,1,1.0,5.0,78206,A13,M,"48,9674000","1,9203000",78,2019,130.0,1.0,1.0,1.0,2272620,1.0,1,1,1,5.0,,-1.0, -1,1945.0,E01,138Â 197Â 717,1.0,0.0,-1.0,1734592,2.0,10,,14.0,0.0,1.0,E01,138Â 197Â 717,1.0
1016163,201900057694,1,4,14:00,1,1,1,1.0,2.0,78322,RN12,M,"48,7812230","2,1689930",78,2019,90.0,1.0,1.0,2.0,2272621,1.0,1,1,1,4.0,,-1.0, -1,1961.0,A01,138Â 197Â 695,1.0,8.0,-1.0,1734593,2.0,17,,0.0,2.0,1.0,A01,138Â 197Â 695,1.0
1016163,201900057694,1,4,14:00,1,1,1,1.0,2.0,78322,RN12,M,"48,7812230","2,1689930",78,2019,90.0,1.0,1.0,2.0,2272621,1.0,1,1,1,4.0,,-1.0, -1,1961.0,A01,138Â 197Â 695,1.0,8.0,-1.0,1734594,2.0,10,,0.0,2.0,4.0,B01,138Â 197Â 696,1.0
1016163,201900057694,1,4,14:00,1,1,1,1.0,2.0,78322,RN12,M,"48,7812230","2,1689930",78,2019,90.0,1.0,1.0,2.0,2272622,1.0,1,4,1,4.0,,-1.0,0,1987.0,B01,138Â 197Â 696,1.0,8.0,-1.0,1734593,2.0,17,,0.0,2.0,1.0,A01,138Â 197Â 695,1.0
1016163,201900057694,1,4,14:00,1,1,1,1.0,2.0,78322,RN12,M,"48,7812230","2,1689930",78,2019,90.0,1.0,1.0,2.0,2272622,1.0,1,4,1,4.0,,-1.0,0,1987.0,B01,138Â 197Â 696,1.0,8.0,-1.0,1734594,2.0,10,,0.0,2.0,4.0,B01,138Â 197Â 696,1.0
1016164,201900057695,2,16,05:10,5,2,3,1.0,2.0,93048,PARIS (RUE DE),M,"48,8547590","2,4174870",93,2019,50.0,1.0,1.0,3.0,2272623,1.0,1,1,1,0.0,,-1.0, -1,1961.0,A01,138Â 197Â 699,1.0,0.0,-1.0,1734595,1.0,7,,0.0,2.0,2.0,A01,138Â 197Â 699,1.0
1016164,201900057695,2,16,05:10,5,2,3,1.0,2.0,93048,PARIS (RUE DE),M,"48,8547590","2,4174870",93,2019,50.0,1.0,1.0,3.0,2272623,1.0,1,1,1,0.0,,-1.0, -1,1961.0,A01,138Â 197Â 699,1.0,0.0,-1.0,1734596,1.0,30,,0.0,2.0,4.0,B01,138Â 197Â 703,0.0
1016164,201900057695,2,16,05:10,5,2,3,1.0,2.0,93048,PARIS (RUE DE),M,"48,8547590","2,4174870",93,2019,50.0,1.0,1.0,3.0,2272624,1.0,1,4,1,0.0,,-1.0, -1,1963.0,B01,138Â 197Â 703,2.0,0.0,-1.0,1734595,1.0,7,,0.0,2.0,2.0,A01,138Â 197Â 699,1.0
1016164,201900057695,2,16,05:10,5,2,3,1.0,2.0,93048,PARIS (RUE DE),M,"48,8547590","2,4174870",93,2019,50.0,1.0,1.0,3.0,2272624,1.0,1,4,1,0.0,,-1.0, -1,1963.0,B01,138Â 197Â 703,2.0,0.0,-1.0,1734596,1.0,30,,0.0,2.0,4.0,B01,138Â 197Â 703,0.0
1016165,201900057696,3,25,09:05,1,1,1,1.0,1.0,83062,A570,M,"43,1434906","6,0332353",83,2019,90.0,1.0,1.0,1.0,2272625,2.0,2,1,2,0.0,,-1.0,0,1983.0,B01,138Â 197Â 702,1.0,0.0,-1.0,1734597,1.0,7,,0.0,2.0,4.0,B01,138Â 197Â 702,1.0
1016165,201900057696,3,25,09:05,1,1,1,1.0,1.0,83062,A570,M,"43,1434906","6,0332353",83,2019,90.0,1.0,1.0,1.0,2272625,2.0,2,1,2,0.0,,-1.0,0,1983.0,B01,138Â 197Â 702,1.0,0.0,-1.0,1734598,1.0,17,,0.0,2.0,1.0,A01,138Â 197Â 711,1.0
1016165,201900057696,3,25,09:05,1,1,1,1.0,1.0,83062,A570,M,"43,1434906","6,0332353",83,2019,90.0,1.0,1.0,1.0,2272626,1.0,1,4,2,5.0,,-1.0,0,1999.0,B01,138Â 197Â 702,1.0,0.0,-1.0,1734597,1.0,7,,0.0,2.0,4.0,B01,138Â 197Â 702,1.0
1016165,201900057696,3,25,09:05,1,1,1,1.0,1.0,83062,A570,M,"43,1434906","6,0332353",83,2019,90.0,1.0,1.0,1.0,2272626,1.0,1,4,2,5.0,,-1.0,0,1999.0,B01,138Â 197Â 702,1.0,0.0,-1.0,1734598,1.0,17,,0.0,2.0,1.0,A01,138Â 197Â 711,1.0
1016165,201900057696,3,25,09:05,1,1,1,1.0,1.0,83062,A570,M,"43,1434906","6,0332353",83,2019,90.0,1.0,1.0,1.0,2272627,1.0,1,1,1,4.0,,-1.0, -1,1967.0,A01,138Â 197Â 711,1.0,0.0,-1.0,1734597,1.0,7,,0.0,2.0,4.0,B01,138Â 197Â 702,1.0
1016165,201900057696,3,25,09:05,1,1,1,1.0,1.0,83062,A570,M,"43,1434906","6,0332353",83,2019,90.0,1.0,1.0,1.0,2272627,1.0,1,1,1,4.0,,-1.0, -1,1967.0,A01,138Â 197Â 711,1.0,0.0,-1.0,1734598,1.0,17,,0.0,2.0,1.0,A01,138Â 197Â 711,1.0
1016166,201900057697,9,21,23:09,5,2,1,1.0,2.0,59350,"DELESPAUL, BarthÃ©lÃ©my, rue",M,"50,6242300","3,0562600",59,2019,30.0,1.0,1.0,4.0,2272628,2.0,2,4,1,5.0,,-1.0,0,1997.0,A01,138Â 197Â 698,2.0,0.0,-1.0,1734599,2.0,33,,0.0,2.0,1.0,A01,138Â 197Â 698,1.0
1016166,201900057697,9,21,23:09,5,2,1,1.0,2.0,59350,"DELESPAUL, BarthÃ©lÃ©my, rue",M,"50,6242300","3,0562600",59,2019,30.0,1.0,1.0,4.0,2272628,2.0,2,4,1,5.0,,-1.0,0,1997.0,A01,138Â 197Â 698,2.0,0.0,-1.0,1734600,2.0,7,,0.0,2.0,6.0,B01,138Â 197Â 700,0.0
1016166,201900057697,9,21,23:09,5,2,1,1.0,2.0,59350,"DELESPAUL, BarthÃ©lÃ©my, rue",M,"50,6242300","3,0562600",59,2019,30.0,1.0,1.0,4.0,2272629,1.0,1,3,1,5.0,,-1.0,0,1997.0,A01,138Â 197Â 698,2.0,0.0,-1.0,1734599,2.0,33,,0.0,2.0,1.0,A01,138Â 197Â 698,1.0
1016166,201900057697,9,21,23:09,5,2,1,1.0,2.0,59350,"DELESPAUL, BarthÃ©lÃ©my, rue",M,"50,6242300","3,0562600",59,2019,30.0,1.0,1.0,4.0,2272629,1.0,1,3,1,5.0,,-1.0,0,1997.0,A01,138Â 197Â 698,2.0,0.0,-1.0,1734600,2.0,7,,0.0,2.0,6.0,B01,138Â 197Â 700,0.0
1016166,201900057697,9,21,23:09,5,2,1,1.0,2.0,59350,"DELESPAUL, BarthÃ©lÃ©my, rue",M,"50,6242300","3,0562600",59,2019,30.0,1.0,1.0,4.0,2272630,2.0,2,1,2,5.0,,-1.0,0,1991.0,B01,138Â 197Â 700,1.0,0.0,-1.0,1734599,2.0,33,,0.0,2.0,1.0,A01,138Â 197Â 698,1.0
1016166,201900057697,9,21,23:09,5,2,1,1.0,2.0,59350,"DELESPAUL, BarthÃ©lÃ©my, rue",M,"50,6242300","3,0562600",59,2019,30.0,1.0,1.0,4.0,2272630,2.0,2,1,2,5.0,,-1.0,0,1991.0,B01,138Â 197Â 700,1.0,0.0,-1.0,1734600,2.0,7,,0.0,2.0,6.0,B01,138Â 197Â 700,0.0
1016166,201900057697,9,21,23:09,5,2,1,1.0,2.0,59350,"DELESPAUL, BarthÃ©lÃ©my, rue",M,"50,6242300","3,0562600",59,2019,30.0,1.0,1.0,4.0,2272631,1.0,1,1,2,5.0,,-1.0,0,1989.0,B01,138Â 197Â 700,1.0,0.0,-1.0,1734599,2.0,33,,0.0,2.0,1.0,A01,138Â 197Â 698,1.0
1016166,201900057697,9,21,23:09,5,2,1,1.0,2.0,59350,"DELESPAUL, BarthÃ©lÃ©my, rue",M,"50,6242300","3,0562600",59,2019,30.0,1.0,1.0,4.0,2272631,1.0,1,1,2,5.0,,-1.0,0,1989.0,B01,138Â 197Â 700,1.0,0.0,-1.0,1734600,2.0,7,,0.0,2.0,6.0,B01,138Â 197Â 700,0.0
1016167,201900057698,3,26,19:35,5,2,1,1.0,7.0,98818,FERRY (RUE JULES),M," -22,2689200","166,4377100",988,2019,50.0,1.0,1.0,4.0,2272632,10.0,3,3,1,0.0,,8.0,3,2001.0,A01,138Â 197Â 690,8.0,0.0,-1.0,1734601,3.0,7,,0.0,1.0,2.0,A01,138Â 197Â 690,1.0
1016167,201900057698,3,26,19:35,5,2,1,1.0,7.0,98818,FERRY (RUE JULES),M," -22,2689200","166,4377100",988,2019,50.0,1.0,1.0,4.0,2272633,1.0,1,1,1,4.0,,0.0,0,1952.0,A01,138Â 197Â 690,1.0,8.0,-1.0,1734601,3.0,7,,0.0,1.0,2.0,A01,138Â 197Â 690,1.0
1016168,201900057699,8,18,21:00,2,1,1,1.0,6.0,68139,D25,M,"47,5957940","7,2339570",68,2019,80.0,3.0,1.0,3.0,2272634,1.0,1,3,1,1.0,,0.0,0,2000.0,A01,138Â 197Â 704,1.0,-1.0,-1.0,1734602,2.0,7,,2.0,0.0,7.0,A01,138Â 197Â 704,1.0
1016169,201900057700,10,26,13:00,1,1,1,1.0,1.0,97110,Le Desert,M,"16,3055160"," -61,0593750",971,2019,50.0,1.0,1.0,3.0,2272635,1.0,1,1,2,5.0,,0.0,0,1965.0,B01,138Â 197Â 694,1.0,-1.0,-1.0,1734603,3.0,7,,0.0,9.0,3.0,B01,138Â 197Â 694,1.0
1016169,201900057700,10,26,13:00,1,1,1,1.0,1.0,97110,Le Desert,M,"16,3055160"," -61,0593750",971,2019,50.0,1.0,1.0,3.0,2272635,1.0,1,1,2,5.0,,0.0,0,1965.0,B01,138Â 197Â 694,1.0,-1.0,-1.0,1734604,3.0,1,,0.0,2.0,1.0,A01,138Â 197Â 697,5.0
1016169,201900057700,10,26,13:00,1,1,1,1.0,1.0,97110,Le Desert,M,"16,3055160"," -61,0593750",971,2019,50.0,1.0,1.0,3.0,2272636,1.0,1,3,1,5.0,,0.0,0,1985.0,A01,138Â 197Â 697,0.0,-1.0,-1.0,1734603,3.0,7,,0.0,9.0,3.0,B01,138Â 197Â 694,1.0
1016169,201900057700,10,26,13:00,1,1,1,1.0,1.0,97110,Le Desert,M,"16,3055160"," -61,0593750",971,2019,50.0,1.0,1.0,3.0,2272636,1.0,1,3,1,5.0,,0.0,0,1985.0,A01,138Â 197Â 697,0.0,-1.0,-1.0,1734604,3.0,1,,0.0,2.0,1.0,A01,138Â 197Â 697,5.0
1016170,201900057701,2,14,18:00,2,2,1,1.0,6.0,93048,PIERRE BROSSOLETTE (AVENUE),M,"48,8637100","2,4816700",93,2019,50.0,1.0,1.0,4.0,2272637,10.0,3,4,2,0.0,,5.0,3,1961.0,A01,138Â 197Â 691,8.0,0.0,-1.0,1734605,2.0,7,,0.0,1.0,2.0,A01,138Â 197Â 691,1.0
1016170,201900057701,2,14,18:00,2,2,1,1.0,6.0,93048,PIERRE BROSSOLETTE (AVENUE),M,"48,8637100","2,4816700",93,2019,50.0,1.0,1.0,4.0,2272638,1.0,1,1,2,0.0,,0.0,0,1936.0,A01,138Â 197Â 691,1.0,0.0,-1.0,1734605,2.0,7,,0.0,1.0,2.0,A01,138Â 197Â 691,1.0
1016171,201900057702,1,3,18:15,5,1,1,1.0,4.0,92064,A13,M,"48,8377034","2,1897453",92,2019,110.0,1.0,1.0,1.0,2272639,1.0,1,1,1,0.0,,-1.0,0,1984.0,B01,138Â 197Â 689,1.0,0.0,-1.0,1734606,2.0,10,,0.0,2.0,4.0,B01,138Â 197Â 689,1.0
1016171,201900057702,1,3,18:15,5,1,1,1.0,4.0,92064,A13,M,"48,8377034","2,1897453",92,2019,110.0,1.0,1.0,1.0,2272639,1.0,1,1,1,0.0,,-1.0,0,1984.0,B01,138Â 197Â 689,1.0,0.0,-1.0,1734607,2.0,10,,0.0,2.0,4.0,C01,138Â 197Â 692,1.0
1016171,201900057702,1,3,18:15,5,1,1,1.0,4.0,92064,A13,M,"48,8377034","2,1897453",92,2019,110.0,1.0,1.0,1.0,2272639,1.0,1,1,1,0.0,,-1.0,0,1984.0,B01,138Â 197Â 689,1.0,0.0,-1.0,1734608,2.0,10,,0.0,2.0,1.0,A01,138Â 197Â 693,1.0
1016171,201900057702,1,3,18:15,5,1,1,1.0,4.0,92064,A13,M,"48,8377034","2,1897453",92,2019,110.0,1.0,1.0,1.0,2272640,1.0,1,1,1,0.0,,-1.0,0,1987.0,C01,138Â 197Â 692,1.0,0.0,-1.0,1734606,2.0,10,,0.0,2.0,4.0,B01,138Â 197Â 689,1.0
1016171,201900057702,1,3,18:15,5,1,1,1.0,4.0,92064,A13,M,"48,8377034","2,1897453",92,2019,110.0,1.0,1.0,1.0,2272640,1.0,1,1,1,0.0,,-1.0,0,1987.0,C01,138Â 197Â 692,1.0,0.0,-1.0,1734607,2.0,10,,0.0,2.0,4.0,C01,138Â 197Â 692,1.0
1016171,201900057702,1,3,18:15,5,1,1,1.0,4.0,92064,A13,M,"48,8377034","2,1897453",92,2019,110.0,1.0,1.0,1.0,2272640,1.0,1,1,1,0.0,,-1.0,0,1987.0,C01,138Â 197Â 692,1.0,0.0,-1.0,1734608,2.0,10,,0.0,2.0,1.0,A01,138Â 197Â 693,1.0
1016171,201900057702,1,3,18:15,5,1,1,1.0,4.0,92064,A13,M,"48,8377034","2,1897453",92,2019,110.0,1.0,1.0,1.0,2272641,1.0,1,4,1,0.0,,-1.0,0,1987.0,A01,138Â 197Â 693,1.0,0.0,-1.0,1734606,2.0,10,,0.0,2.0,4.0,B01,138Â 197Â 689,1.0
1016171,201900057702,1,3,18:15,5,1,1,1.0,4.0,92064,A13,M,"48,8377034","2,1897453",92,2019,110.0,1.0,1.0,1.0,2272641,1.0,1,4,1,0.0,,-1.0,0,1987.0,A01,138Â 197Â 693,1.0,0.0,-1.0,1734607,2.0,10,,0.0,2.0,4.0,C01,138Â 197Â 692,1.0
1016171,201900057702,1,3,18:15,5,1,1,1.0,4.0,92064,A13,M,"48,8377034","2,1897453",92,2019,110.0,1.0,1.0,1.0,2272641,1.0,1,4,1,0.0,,-1.0,0,1987.0,A01,138Â 197Â 693,1.0,0.0,-1.0,1734608,2.0,10,,0.0,2.0,1.0,A01,138Â 197Â 693,1.0
1016172,201900057703,9,21,03:22,5,2,1,1.0,3.0,59350,LAMBRET OSCAR AVENUE,M,"50,6087800","3,0400500",59,2019,50.0,1.0,1.0,7.0,2272642,3.0,2,4,1,5.0,,-1.0, -1,2004.0,B01,138Â 197Â 687,8.0,0.0,-1.0,1734609,0.0,7,,0.0,2.0,8.0,B01,138Â 197Â 687,1.0
1016172,201900057703,9,21,03:22,5,2,1,1.0,3.0,59350,LAMBRET OSCAR AVENUE,M,"50,6087800","3,0400500",59,2019,50.0,1.0,1.0,7.0,2272642,3.0,2,4,1,5.0,,-1.0, -1,2004.0,B01,138Â 197Â 687,8.0,0.0,-1.0,1734610,0.0,7,,0.0,2.0,1.0,A01,138Â 197Â 688,1.0
1016172,201900057703,9,21,03:22,5,2,1,1.0,3.0,59350,LAMBRET OSCAR AVENUE,M,"50,6087800","3,0400500",59,2019,50.0,1.0,1.0,7.0,2272643,3.0,2,4,1,5.0,,-1.0, -1,2004.0,B01,138Â 197Â 687,8.0,0.0,-1.0,1734609,0.0,7,,0.0,2.0,8.0,B01,138Â 197Â 687,1.0
1016172,201900057703,9,21,03:22,5,2,1,1.0,3.0,59350,LAMBRET OSCAR AVENUE,M,"50,6087800","3,0400500",59,2019,50.0,1.0,1.0,7.0,2272643,3.0,2,4,1,5.0,,-1.0, -1,2004.0,B01,138Â 197Â 687,8.0,0.0,-1.0,1734610,0.0,7,,0.0,2.0,1.0,A01,138Â 197Â 688,1.0
1016173,201900057704,3,26,15:35,1,2,3,1.0,7.0,98818,RUE JACQUES IEKAWE/VE1 ,M," -22,2240500","166,4810800",988,2019,50.0,1.0,1.0,1.0,2272644,1.0,1,4,2,0.0,,-1.0,0,1984.0,A01,138Â 197Â 686,2.0,2.0,-1.0,1734611,3.0,80,,16.0,0.0,0.0,A01,138Â 197Â 686,3.0
1016174,201900057705,5,24,13:45,1,2,1,1.0,3.0,59560,HENTGES JOSEPH BOULEVARD,M,"50,5512800","3,0305800",59,2019,50.0,1.0,1.0,4.0,2272645,1.0,1,1,1,9.0,,0.0,0,1981.0,A01,138Â 197Â 682,1.0,0.0,-1.0,1734612,3.0,7,,0.0,6.0,8.0,A01,138Â 197Â 682,0.0
1016174,201900057705,5,24,13:45,1,2,1,1.0,3.0,59560,HENTGES JOSEPH BOULEVARD,M,"50,5512800","3,0305800",59,2019,50.0,1.0,1.0,4.0,2272645,1.0,1,1,1,9.0,,0.0,0,1981.0,A01,138Â 197Â 682,1.0,0.0,-1.0,1734613,3.0,1,,0.0,2.0,1.0,B01,138Â 197Â 683,5.0
1016174,201900057705,5,24,13:45,1,2,1,1.0,3.0,59560,HENTGES JOSEPH BOULEVARD,M,"50,5512800","3,0305800",59,2019,50.0,1.0,1.0,4.0,2272646,1.0,1,4,1,0.0,,0.0,0,2003.0,B01,138Â 197Â 683,2.0,0.0,-1.0,1734612,3.0,7,,0.0,6.0,8.0,A01,138Â 197Â 682,0.0
1016174,201900057705,5,24,13:45,1,2,1,1.0,3.0,59560,HENTGES JOSEPH BOULEVARD,M,"50,5512800","3,0305800",59,2019,50.0,1.0,1.0,4.0,2272646,1.0,1,4,1,0.0,,0.0,0,2003.0,B01,138Â 197Â 683,2.0,0.0,-1.0,1734613,3.0,1,,0.0,2.0,1.0,B01,138Â 197Â 683,5.0
1016175,201900057706,2,17,16:05,1,2,7,1.0,1.0,93046,LIBERATION PLACE DE LA,M,"48,9221600","2,5431400",93,2019,50.0,1.0,1.0,3.0,2272647,1.0,1,1,1,5.0,,-1.0, -1,1977.0,B01,138Â 197Â 684,1.0,0.0,-1.0,1734614,1.0,7,,0.0,0.0,3.0,B01,138Â 197Â 684,1.0
1016175,201900057706,2,17,16:05,1,2,7,1.0,1.0,93046,LIBERATION PLACE DE LA,M,"48,9221600","2,5431400",93,2019,50.0,1.0,1.0,3.0,2272647,1.0,1,1,1,5.0,,-1.0, -1,1977.0,B01,138Â 197Â 684,1.0,0.0,-1.0,1734615,2.0,30,,12.0,0.0,3.0,A01,138Â 197Â 685,1.0
1016175,201900057706,2,17,16:05,1,2,7,1.0,1.0,93046,LIBERATION PLACE DE LA,M,"48,9221600","2,5431400",93,2019,50.0,1.0,1.0,3.0,2272648,1.0,1,4,1,5.0,,-1.0, -1,2001.0,A01,138Â 197Â 685,2.0,6.0,-1.0,1734614,1.0,7,,0.0,0.0,3.0,B01,138Â 197Â 684,1.0
1016175,201900057706,2,17,16:05,1,2,7,1.0,1.0,93046,LIBERATION PLACE DE LA,M,"48,9221600","2,5431400",93,2019,50.0,1.0,1.0,3.0,2272648,1.0,1,4,1,5.0,,-1.0, -1,2001.0,A01,138Â 197Â 685,2.0,6.0,-1.0,1734615,2.0,30,,12.0,0.0,3.0,A01,138Â 197Â 685,1.0
1016176,201900057707,7,31,03:40,5,2,1,1.0,6.0,59350,NATIONALE RUE NÂ°RESTE IMPAIRS,M,"50,6200000","3,0450000",59,2019,50.0,1.0,1.0,4.0,2272649,10.0,3,4,1,5.0,,2.0,3,1993.0,Z01,138Â 197Â 681,8.0,0.0,-1.0,1734616,2.0,7,,0.0,1.0,1.0,Z01,138Â 197Â 681,0.0