Unnamed: 0_x,num_acc,mois,jour,hrmn,lum,agg,int,atm,col,com,adr,gps,lat,long,dep,annee,vma,situ,surf,catr,Unnamed: 0_y,place,catu,grav,sexe,trajet,secu,locp,actp,an_nais,num_veh_x,id_vehicule_x,secu1,secu2,secu3,Unnamed: 0,senc,catv,occutc,obs,obsm,choc,num_veh_y,id_vehicule_y,motor
1016177,201900057708,3,5,20:15,5,2,6,1.0,1.0,97411,Boulevard du Mahatma Gandhy,M," -20,9099000","55,4820500",974,2019,50.0,1.0,1.0,4.0,2272650,2.0,2,3,1,0.0,,0.0,0,1978.0,A01,138Â 197Â 678,0.0,0.0,-1.0,1734617,3.0,32,,0.0,2.0,1.0,A01,138Â 197Â 678,1.0
1016177,201900057708,3,5,20:15,5,2,6,1.0,1.0,97411,Boulevard du Mahatma Gandhy,M," -20,9099000","55,4820500",974,2019,50.0,1.0,1.0,4.0,2272650,2.0,2,3,1,0.0,,0.0,0,1978.0,A01,138Â 197Â 678,0.0,0.0,-1.0,1734618,3.0,7,,0.0,2.0,2.0,B01,138Â 197Â 680,1.0
1016177,201900057708,3,5,20:15,5,2,6,1.0,1.0,97411,Boulevard du Mahatma Gandhy,M," -20,9099000","55,4820500",974,2019,50.0,1.0,1.0,4.0,2272651,1.0,1,3,1,5.0,,-1.0, -1,1985.0,A01,138Â 197Â 678,8.0,0.0,-1.0,1734617,3.0,32,,0.0,2.0,1.0,A01,138Â 197Â 678,1.0
1016177,201900057708,3,5,20:15,5,2,6,1.0,1.0,97411,Boulevard du Mahatma Gandhy,M," -20,9099000","55,4820500",974,2019,50.0,1.0,1.0,4.0,2272651,1.0,1,3,1,5.0,,-1.0, -1,1985.0,A01,138Â 197Â 678,8.0,0.0,-1.0,1734618,3.0,7,,0.0,2.0,2.0,B01,138Â 197Â 680,1.0
1016177,201900057708,3,5,20:15,5,2,6,1.0,1.0,97411,Boulevard du Mahatma Gandhy,M," -20,9099000","55,4820500",974,2019,50.0,1.0,1.0,4.0,2272652,2.0,2,1,1,0.0,,0.0,0,2000.0,B01,138Â 197Â 680,1.0,0.0,-1.0,1734617,3.0,32,,0.0,2.0,1.0,A01,138Â 197Â 678,1.0
1016177,201900057708,3,5,20:15,5,2,6,1.0,1.0,97411,Boulevard du Mahatma Gandhy,M," -20,9099000","55,4820500",974,2019,50.0,1.0,1.0,4.0,2272652,2.0,2,1,1,0.0,,0.0,0,2000.0,B01,138Â 197Â 680,1.0,0.0,-1.0,1734618,3.0,7,,0.0,2.0,2.0,B01,138Â 197Â 680,1.0
1016177,201900057708,3,5,20:15,5,2,6,1.0,1.0,97411,Boulevard du Mahatma Gandhy,M," -20,9099000","55,4820500",974,2019,50.0,1.0,1.0,4.0,2272653,1.0,1,1,1,0.0,,0.0,0,1999.0,B01,138Â 197Â 680,1.0,0.0,-1.0,1734617,3.0,32,,0.0,2.0,1.0,A01,138Â 197Â 678,1.0
1016177,201900057708,3,5,20:15,5,2,6,1.0,1.0,97411,Boulevard du Mahatma Gandhy,M," -20,9099000","55,4820500",974,2019,50.0,1.0,1.0,4.0,2272653,1.0,1,1,1,0.0,,0.0,0,1999.0,B01,138Â 197Â 680,1.0,0.0,-1.0,1734618,3.0,7,,0.0,2.0,2.0,B01,138Â 197Â 680,1.0
1016178,201900057709,2,13,19:30,2,2,2,1.0,6.0,93045,ROMAINVILLE RUE DE,M,"48,8767540","2,4144270",93,2019,50.0,3.0,1.0,4.0,2272654,10.0,3,4,1,2.0,,3.0,3,2008.0,A01,138Â 197Â 679,8.0,0.0,-1.0,1734619,3.0,7,,8.0,1.0,2.0,A01,138Â 197Â 679,1.0
1016178,201900057709,2,13,19:30,2,2,2,1.0,6.0,93045,ROMAINVILLE RUE DE,M,"48,8767540","2,4144270",93,2019,50.0,3.0,1.0,4.0,2272655,1.0,1,1,2,0.0,,0.0,0,1900.0,A01,138Â 197Â 679,1.0,0.0,-1.0,1734619,3.0,7,,8.0,1.0,2.0,A01,138Â 197Â 679,1.0
1016179,201900057710,2,14,15:10,1,2,3,1.0,2.0,93031,ALLENDE (AVENUE SALVADOR),M,"48,9572550","2,3099110",93,2019,50.0,1.0,1.0,3.0,2272656,10.0,3,4,1,9.0,,4.0,3,1981.0,A01,138Â 197Â 671,0.0,0.0,-1.0,1734620,3.0,7,,0.0,1.0,2.0,A01,138Â 197Â 671,1.0
1016179,201900057710,2,14,15:10,1,2,3,1.0,2.0,93031,ALLENDE (AVENUE SALVADOR),M,"48,9572550","2,3099110",93,2019,50.0,1.0,1.0,3.0,2272656,10.0,3,4,1,9.0,,4.0,3,1981.0,A01,138Â 197Â 671,0.0,0.0,-1.0,1734621,3.0,7,,14.0,0.0,1.0,B01,138Â 197Â 674,0.0
1016179,201900057710,2,14,15:10,1,2,3,1.0,2.0,93031,ALLENDE (AVENUE SALVADOR),M,"48,9572550","2,3099110",93,2019,50.0,1.0,1.0,3.0,2272657,1.0,1,1,1,0.0,,-1.0, -1,1973.0,A01,138Â 197Â 671,1.0,0.0,-1.0,1734620,3.0,7,,0.0,1.0,2.0,A01,138Â 197Â 671,1.0
1016179,201900057710,2,14,15:10,1,2,3,1.0,2.0,93031,ALLENDE (AVENUE SALVADOR),M,"48,9572550","2,3099110",93,2019,50.0,1.0,1.0,3.0,2272657,1.0,1,1,1,0.0,,-1.0, -1,1973.0,A01,138Â 197Â 671,1.0,0.0,-1.0,1734621,3.0,7,,14.0,0.0,1.0,B01,138Â 197Â 674,0.0
1016179,201900057710,2,14,15:10,1,2,3,1.0,2.0,93031,ALLENDE (AVENUE SALVADOR),M,"48,9572550","2,3099110",93,2019,50.0,1.0,1.0,3.0,2272658,1.0,1,1,1,0.0,,-1.0, -1,1979.0,B01,138Â 197Â 674,1.0,0.0,-1.0,1734620,3.0,7,,0.0,1.0,2.0,A01,138Â 197Â 671,1.0
1016179,201900057710,2,14,15:10,1,2,3,1.0,2.0,93031,ALLENDE (AVENUE SALVADOR),M,"48,9572550","2,3099110",93,2019,50.0,1.0,1.0,3.0,2272658,1.0,1,1,1,0.0,,-1.0, -1,1979.0,B01,138Â 197Â 674,1.0,0.0,-1.0,1734621,3.0,7,,14.0,0.0,1.0,B01,138Â 197Â 674,0.0
1016180,201900057711,9,21,17:30,1,2,1,1.0,1.0,54025,RD2,M,"48,6715650","6,2275260",54,2019,50.0,1.0,1.0,3.0,2272659,1.0,1,3,1,0.0,,-1.0,0,1992.0,B01,138Â 197Â 668,2.0,0.0,-1.0,1734622,2.0,33,,0.0,2.0,1.0,B01,138Â 197Â 668,0.0
1016180,201900057711,9,21,17:30,1,2,1,1.0,1.0,54025,RD2,M,"48,6715650","6,2275260",54,2019,50.0,1.0,1.0,3.0,2272659,1.0,1,3,1,0.0,,-1.0,0,1992.0,B01,138Â 197Â 668,2.0,0.0,-1.0,1734623,1.0,7,,0.0,2.0,3.0,A01,138Â 197Â 670,1.0
1016180,201900057711,9,21,17:30,1,2,1,1.0,1.0,54025,RD2,M,"48,6715650","6,2275260",54,2019,50.0,1.0,1.0,3.0,2272660,1.0,1,1,1,0.0,,-1.0,0,1964.0,A01,138Â 197Â 670,1.0,0.0,-1.0,1734622,2.0,33,,0.0,2.0,1.0,B01,138Â 197Â 668,0.0
1016180,201900057711,9,21,17:30,1,2,1,1.0,1.0,54025,RD2,M,"48,6715650","6,2275260",54,2019,50.0,1.0,1.0,3.0,2272660,1.0,1,1,1,0.0,,-1.0,0,1964.0,A01,138Â 197Â 670,1.0,0.0,-1.0,1734623,1.0,7,,0.0,2.0,3.0,A01,138Â 197Â 670,1.0
1016181,201900057712,2,17,14:30,1,2,2,1.0,1.0,93057,MONTYON (AL.) 1 A 74,M,"48,9129040","2,5067150",93,2019,50.0,1.0,1.0,3.0,2272661,3.0,2,4,2,0.0,,-1.0, -1,2003.0,B01,138Â 197Â 665,1.0,0.0,-1.0,1734624,0.0,7,,0.0,2.0,1.0,B01,138Â 197Â 665,0.0
1016181,201900057712,2,17,14:30,1,2,2,1.0,1.0,93057,MONTYON (AL.) 1 A 74,M,"48,9129040","2,5067150",93,2019,50.0,1.0,1.0,3.0,2272661,3.0,2,4,2,0.0,,-1.0, -1,2003.0,B01,138Â 197Â 665,1.0,0.0,-1.0,1734625,0.0,7,,0.0,2.0,3.0,A01,138Â 197Â 669,1.0
1016181,201900057712,2,17,14:30,1,2,2,1.0,1.0,93057,MONTYON (AL.) 1 A 74,M,"48,9129040","2,5067150",93,2019,50.0,1.0,1.0,3.0,2272662,4.0,2,4,2,0.0,,-1.0, -1,2013.0,B01,138Â 197Â 665,1.0,0.0,-1.0,1734624,0.0,7,,0.0,2.0,1.0,B01,138Â 197Â 665,0.0
1016181,201900057712,2,17,14:30,1,2,2,1.0,1.0,93057,MONTYON (AL.) 1 A 74,M,"48,9129040","2,5067150",93,2019,50.0,1.0,1.0,3.0,2272662,4.0,2,4,2,0.0,,-1.0, -1,2013.0,B01,138Â 197Â 665,1.0,0.0,-1.0,1734625,0.0,7,,0.0,2.0,3.0,A01,138Â 197Â 669,1.0
1016181,201900057712,2,17,14:30,1,2,2,1.0,1.0,93057,MONTYON (AL.) 1 A 74,M,"48,9129040","2,5067150",93,2019,50.0,1.0,1.0,3.0,2272663,2.0,2,1,1,0.0,,-1.0, -1,2017.0,B01,138Â 197Â 665,1.0,0.0,-1.0,1734624,0.0,7,,0.0,2.0,1.0,B01,138Â 197Â 665,0.0
1016181,201900057712,2,17,14:30,1,2,2,1.0,1.0,93057,MONTYON (AL.) 1 A 74,M,"48,9129040","2,5067150",93,2019,50.0,1.0,1.0,3.0,2272663,2.0,2,1,1,0.0,,-1.0, -1,2017.0,B01,138Â 197Â 665,1.0,0.0,-1.0,1734625,0.0,7,,0.0,2.0,3.0,A01,138Â 197Â 669,1.0
1016181,201900057712,2,17,14:30,1,2,2,1.0,1.0,93057,MONTYON (AL.) 1 A 74,M,"48,9129040","2,5067150",93,2019,50.0,1.0,1.0,3.0,2272664,1.0,1,1,1,0.0,,-1.0, -1,1994.0,B01,138Â 197Â 665,1.0,0.0,-1.0,1734624,0.0,7,,0.0,2.0,1.0,B01,138Â 197Â 665,0.0
1016181,201900057712,2,17,14:30,1,2,2,1.0,1.0,93057,MONTYON (AL.) 1 A 74,M,"48,9129040","2,5067150",93,2019,50.0,1.0,1.0,3.0,2272664,1.0,1,1,1,0.0,,-1.0, -1,1994.0,B01,138Â 197Â 665,1.0,0.0,-1.0,1734625,0.0,7,,0.0,2.0,3.0,A01,138Â 197Â 669,1.0
1016181,201900057712,2,17,14:30,1,2,2,1.0,1.0,93057,MONTYON (AL.) 1 A 74,M,"48,9129040","2,5067150",93,2019,50.0,1.0,1.0,3.0,2272665,1.0,1,4,1,0.0,,-1.0, -1,1960.0,A01,138Â 197Â 669,1.0,8.0,-1.0,1734624,0.0,7,,0.0,2.0,1.0,B01,138Â 197Â 665,0.0
1016181,201900057712,2,17,14:30,1,2,2,1.0,1.0,93057,MONTYON (AL.) 1 A 74,M,"48,9129040","2,5067150",93,2019,50.0,1.0,1.0,3.0,2272665,1.0,1,4,1,0.0,,-1.0, -1,1960.0,A01,138Â 197Â 669,1.0,8.0,-1.0,1734625,0.0,7,,0.0,2.0,3.0,A01,138Â 197Â 669,1.0
1016182,201900057713,9,21,05:07,5,2,1,1.0,7.0,54395,FRANCE (AVENUE ANATOLE),M,"48,6867470","6,1614270",54,2019,50.0,1.0,1.0,4.0,2272666,1.0,1,4,2,0.0,,-1.0,0,1993.0,A01,138Â 197Â 663,1.0,0.0,-1.0,1734626,1.0,7,,1.0,0.0,9.0,A01,138Â 197Â 663,1.0
1016183,201900057714,1,1,04:00,5,1,1,1.0,3.0,78029,A13Y,M,"48,9658900","1,8504300",78,2019,130.0,1.0,1.0,1.0,2272667,1.0,1,4,2,0.0,,-1.0, -1,1975.0,A01,138Â 197Â 664,1.0,0.0,-1.0,1734627,1.0,7,,0.0,2.0,1.0,A01,138Â 197Â 664,1.0
1016183,201900057714,1,1,04:00,5,1,1,1.0,3.0,78029,A13Y,M,"48,9658900","1,8504300",78,2019,130.0,1.0,1.0,1.0,2272667,1.0,1,4,2,0.0,,-1.0, -1,1975.0,A01,138Â 197Â 664,1.0,0.0,-1.0,1734628,1.0,7,,0.0,2.0,2.0,B01,138Â 197Â 666,1.0
1016183,201900057714,1,1,04:00,5,1,1,1.0,3.0,78029,A13Y,M,"48,9658900","1,8504300",78,2019,130.0,1.0,1.0,1.0,2272668,4.0,2,4,2,0.0,,-1.0, -1,1989.0,B01,138Â 197Â 666,1.0,5.0,-1.0,1734627,1.0,7,,0.0,2.0,1.0,A01,138Â 197Â 664,1.0
1016183,201900057714,1,1,04:00,5,1,1,1.0,3.0,78029,A13Y,M,"48,9658900","1,8504300",78,2019,130.0,1.0,1.0,1.0,2272668,4.0,2,4,2,0.0,,-1.0, -1,1989.0,B01,138Â 197Â 666,1.0,5.0,-1.0,1734628,1.0,7,,0.0,2.0,2.0,B01,138Â 197Â 666,1.0
1016183,201900057714,1,1,04:00,5,1,1,1.0,3.0,78029,A13Y,M,"48,9658900","1,8504300",78,2019,130.0,1.0,1.0,1.0,2272669,3.0,2,4,2,0.0,,-1.0, -1,2018.0,B01,138Â 197Â 666,1.0,5.0,-1.0,1734627,1.0,7,,0.0,2.0,1.0,A01,138Â 197Â 664,1.0
1016183,201900057714,1,1,04:00,5,1,1,1.0,3.0,78029,A13Y,M,"48,9658900","1,8504300",78,2019,130.0,1.0,1.0,1.0,2272669,3.0,2,4,2,0.0,,-1.0, -1,2018.0,B01,138Â 197Â 666,1.0,5.0,-1.0,1734628,1.0,7,,0.0,2.0,2.0,B01,138Â 197Â 666,1.0
1016183,201900057714,1,1,04:00,5,1,1,1.0,3.0,78029,A13Y,M,"48,9658900","1,8504300",78,2019,130.0,1.0,1.0,1.0,2272670,1.0,1,4,1,0.0,,-1.0, -1,1990.0,B01,138Â 197Â 666,1.0,0.0,-1.0,1734627,1.0,7,,0.0,2.0,1.0,A01,138Â 197Â 664,1.0
1016183,201900057714,1,1,04:00,5,1,1,1.0,3.0,78029,A13Y,M,"48,9658900","1,8504300",78,2019,130.0,1.0,1.0,1.0,2272670,1.0,1,4,1,0.0,,-1.0, -1,1990.0,B01,138Â 197Â 666,1.0,0.0,-1.0,1734628,1.0,7,,0.0,2.0,2.0,B01,138Â 197Â 666,1.0
1016184,201900057715,2,14,16:10,1,2,1,1.0,2.0,93057,PASTEUR (BD) 141 A FIN,M,"48,9057580","2,5147260",93,2019,50.0,1.0,1.0,4.0,2272671,1.0,1,1,2,9.0,,-1.0, -1,1984.0,B01,138Â 197Â 661,1.0,0.0,-1.0,1734629,0.0,7,,0.0,2.0,1.0,B01,138Â 197Â 661,0.0
1016184,201900057715,2,14,16:10,1,2,1,1.0,2.0,93057,PASTEUR (BD) 141 A FIN,M,"48,9057580","2,5147260",93,2019,50.0,1.0,1.0,4.0,2272671,1.0,1,1,2,9.0,,-1.0, -1,1984.0,B01,138Â 197Â 661,1.0,0.0,-1.0,1734630,0.0,7,,0.0,2.0,4.0,A01,138Â 197Â 662,0.0
1016184,201900057715,2,14,16:10,1,2,1,1.0,2.0,93057,PASTEUR (BD) 141 A FIN,M,"48,9057580","2,5147260",93,2019,50.0,1.0,1.0,4.0,2272672,1.0,1,4,1,5.0,,-1.0, -1,1986.0,A01,138Â 197Â 662,1.0,0.0,-1.0,1734629,0.0,7,,0.0,2.0,1.0,B01,138Â 197Â 661,0.0
1016184,201900057715,2,14,16:10,1,2,1,1.0,2.0,93057,PASTEUR (BD) 141 A FIN,M,"48,9057580","2,5147260",93,2019,50.0,1.0,1.0,4.0,2272672,1.0,1,4,1,5.0,,-1.0, -1,1986.0,A01,138Â 197Â 662,1.0,0.0,-1.0,1734630,0.0,7,,0.0,2.0,4.0,A01,138Â 197Â 662,0.0
1016185,201900057716,2,14,08:40,1,2,1,1.0,6.0,93010,LEDER (RUE DAVID),M,"48,8923000","2,4774700",93,2019,50.0,1.0,1.0,4.0,2272673,1.0,1,1,1,9.0,,-1.0, -1,1946.0,A01,138Â 197Â 655,1.0,0.0,-1.0,1734631,1.0,7,,0.0,1.0,1.0,A01,138Â 197Â 655,0.0
1016185,201900057716,2,14,08:40,1,2,1,1.0,6.0,93010,LEDER (RUE DAVID),M,"48,8923000","2,4774700",93,2019,50.0,1.0,1.0,4.0,2272674,10.0,3,4,2,0.0,,1.0,3,1963.0,A01,138Â 197Â 655,0.0,0.0,-1.0,1734631,1.0,7,,0.0,1.0,1.0,A01,138Â 197Â 655,0.0
1016186,201900057717,9,21,17:30,1,2,1,1.0,2.0,51454,ROUTE DE WITRY,M,"49,2666930","4,0644351",51,2019,50.0,1.0,1.0,4.0,2272675,1.0,1,1,1,0.0,,-1.0,0,1974.0,A01,138Â 197Â 656,1.0,8.0,-1.0,1734632,3.0,7,,0.0,2.0,1.0,A01,138Â 197Â 656,0.0
1016186,201900057717,9,21,17:30,1,2,1,1.0,2.0,51454,ROUTE DE WITRY,M,"49,2666930","4,0644351",51,2019,50.0,1.0,1.0,4.0,2272675,1.0,1,1,1,0.0,,-1.0,0,1974.0,A01,138Â 197Â 656,1.0,8.0,-1.0,1734633,3.0,7,,0.0,2.0,4.0,B01,138Â 197Â 660,0.0
1016186,201900057717,9,21,17:30,1,2,1,1.0,2.0,51454,ROUTE DE WITRY,M,"49,2666930","4,0644351",51,2019,50.0,1.0,1.0,4.0,2272676,1.0,1,4,1,0.0,,-1.0,0,1963.0,B01,138Â 197Â 660,1.0,0.0,-1.0,1734632,3.0,7,,0.0,2.0,1.0,A01,138Â 197Â 656,0.0
1016186,201900057717,9,21,17:30,1,2,1,1.0,2.0,51454,ROUTE DE WITRY,M,"49,2666930","4,0644351",51,2019,50.0,1.0,1.0,4.0,2272676,1.0,1,4,1,0.0,,-1.0,0,1963.0,B01,138Â 197Â 660,1.0,0.0,-1.0,1734633,3.0,7,,0.0,2.0,4.0,B01,138Â 197Â 660,0.0
1016186,201900057717,9,21,17:30,1,2,1,1.0,2.0,51454,ROUTE DE WITRY,M,"49,2666930","4,0644351",51,2019,50.0,1.0,1.0,4.0,2272677,2.0,2,1,2,0.0,,-1.0,0,1957.0,B01,138Â 197Â 660,1.0,0.0,-1.0,1734632,3.0,7,,0.0,2.0,1.0,A01,138Â 197Â 656,0.0
1016186,201900057717,9,21,17:30,1,2,1,1.0,2.0,51454,ROUTE DE WITRY,M,"49,2666930","4,0644351",51,2019,50.0,1.0,1.0,4.0,2272677,2.0,2,1,2,0.0,,-1.0,0,1957.0,B01,138Â 197Â 660,1.0,0.0,-1.0,1734633,3.0,7,,0.0,2.0,4.0,B01,138Â 197Â 660,0.0
1016187,201900057718,2,13,16:20,1,2,1,1.0,6.0,93007,JULIEN GRIMAU (RUE),M,"48,9400600","2,4577900",93,2019,50.0,1.0,1.0,4.0,2272678,10.0,3,4,2,0.0,,2.0,2,1992.0,A01,138Â 197Â 649,8.0,0.0,-1.0,1734634,2.0,7,,0.0,1.0,1.0,A01,138Â 197Â 649,1.0
1016187,201900057718,2,13,16:20,1,2,1,1.0,6.0,93007,JULIEN GRIMAU (RUE),M,"48,9400600","2,4577900",93,2019,50.0,1.0,1.0,4.0,2272679,1.0,1,1,2,0.0,,0.0,0,1932.0,A01,138Â 197Â 649,1.0,0.0,-1.0,1734634,2.0,7,,0.0,1.0,1.0,A01,138Â 197Â 649,1.0
1016188,201900057719,1,4,20:20,3,1,1,1.0,4.0,95572,RN 184,M,"49,0486600","2,1353800",95,2019,90.0,1.0,1.0,2.0,2272680,1.0,1,4,2,0.0,,-1.0,0,1963.0,A01,138Â 197Â 650,1.0,8.0,-1.0,1734635,1.0,7,,0.0,2.0,4.0,A01,138Â 197Â 650,1.0
1016188,201900057719,1,4,20:20,3,1,1,1.0,4.0,95572,RN 184,M,"49,0486600","2,1353800",95,2019,90.0,1.0,1.0,2.0,2272680,1.0,1,4,2,0.0,,-1.0,0,1963.0,A01,138Â 197Â 650,1.0,8.0,-1.0,1734636,1.0,10,,0.0,2.0,3.0,B01,138Â 197Â 657,1.0
1016188,201900057719,1,4,20:20,3,1,1,1.0,4.0,95572,RN 184,M,"49,0486600","2,1353800",95,2019,90.0,1.0,1.0,2.0,2272680,1.0,1,4,2,0.0,,-1.0,0,1963.0,A01,138Â 197Â 650,1.0,8.0,-1.0,1734637,1.0,7,,0.0,2.0,5.0,C01,138Â 197Â 658,1.0
1016188,201900057719,1,4,20:20,3,1,1,1.0,4.0,95572,RN 184,M,"49,0486600","2,1353800",95,2019,90.0,1.0,1.0,2.0,2272680,1.0,1,4,2,0.0,,-1.0,0,1963.0,A01,138Â 197Â 650,1.0,8.0,-1.0,1734638,1.0,7,,0.0,2.0,1.0,D01,138Â 197Â 659,1.0
1016188,201900057719,1,4,20:20,3,1,1,1.0,4.0,95572,RN 184,M,"49,0486600","2,1353800",95,2019,90.0,1.0,1.0,2.0,2272681,2.0,2,4,2,0.0,,-1.0,0,1994.0,A01,138Â 197Â 650,1.0,0.0,-1.0,1734635,1.0,7,,0.0,2.0,4.0,A01,138Â 197Â 650,1.0
1016188,201900057719,1,4,20:20,3,1,1,1.0,4.0,95572,RN 184,M,"49,0486600","2,1353800",95,2019,90.0,1.0,1.0,2.0,2272681,2.0,2,4,2,0.0,,-1.0,0,1994.0,A01,138Â 197Â 650,1.0,0.0,-1.0,1734636,1.0,10,,0.0,2.0,3.0,B01,138Â 197Â 657,1.0
1016188,201900057719,1,4,20:20,3,1,1,1.0,4.0,95572,RN 184,M,"49,0486600","2,1353800",95,2019,90.0,1.0,1.0,2.0,2272681,2.0,2,4,2,0.0,,-1.0,0,1994.0,A01,138Â 197Â 650,1.0,0.0,-1.0,1734637,1.0,7,,0.0,2.0,5.0,C01,138Â 197Â 658,1.0
1016188,201900057719,1,4,20:20,3,1,1,1.0,4.0,95572,RN 184,M,"49,0486600","2,1353800",95,2019,90.0,1.0,1.0,2.0,2272681,2.0,2,4,2,0.0,,-1.0,0,1994.0,A01,138Â 197Â 650,1.0,0.0,-1.0,1734638,1.0,7,,0.0,2.0,1.0,D01,138Â 197Â 659,1.0
1016188,201900057719,1,4,20:20,3,1,1,1.0,4.0,95572,RN 184,M,"49,0486600","2,1353800",95,2019,90.0,1.0,1.0,2.0,2272682,1.0,1,1,1,0.0,,-1.0,0,1967.0,B01,138Â 197Â 657,1.0,8.0,-1.0,1734635,1.0,7,,0.0,2.0,4.0,A01,138Â 197Â 650,1.0
1016188,201900057719,1,4,20:20,3,1,1,1.0,4.0,95572,RN 184,M,"49,0486600","2,1353800",95,2019,90.0,1.0,1.0,2.0,2272682,1.0,1,1,1,0.0,,-1.0,0,1967.0,B01,138Â 197Â 657,1.0,8.0,-1.0,1734636,1.0,10,,0.0,2.0,3.0,B01,138Â 197Â 657,1.0
1016188,201900057719,1,4,20:20,3,1,1,1.0,4.0,95572,RN 184,M,"49,0486600","2,1353800",95,2019,90.0,1.0,1.0,2.0,2272682,1.0,1,1,1,0.0,,-1.0,0,1967.0,B01,138Â 197Â 657,1.0,8.0,-1.0,1734637,1.0,7,,0.0,2.0,5.0,C01,138Â 197Â 658,1.0
1016188,201900057719,1,4,20:20,3,1,1,1.0,4.0,95572,RN 184,M,"49,0486600","2,1353800",95,2019,90.0,1.0,1.0,2.0,2272682,1.0,1,1,1,0.0,,-1.0,0,1967.0,B01,138Â 197Â 657,1.0,8.0,-1.0,1734638,1.0,7,,0.0,2.0,1.0,D01,138Â 197Â 659,1.0
1016188,201900057719,1,4,20:20,3,1,1,1.0,4.0,95572,RN 184,M,"49,0486600","2,1353800",95,2019,90.0,1.0,1.0,2.0,2272683,1.0,1,1,1,0.0,,-1.0,0,1992.0,C01,138Â 197Â 658,1.0,0.0,-1.0,1734635,1.0,7,,0.0,2.0,4.0,A01,138Â 197Â 650,1.0
1016188,201900057719,1,4,20:20,3,1,1,1.0,4.0,95572,RN 184,M,"49,0486600","2,1353800",95,2019,90.0,1.0,1.0,2.0,2272683,1.0,1,1,1,0.0,,-1.0,0,1992.0,C01,138Â 197Â 658,1.0,0.0,-1.0,1734636,1.0,10,,0.0,2.0,3.0,B01,138Â 197Â 657,1.0
1016188,201900057719,1,4,20:20,3,1,1,1.0,4.0,95572,RN 184,M,"49,0486600","2,1353800",95,2019,90.0,1.0,1.0,2.0,2272683,1.0,1,1,1,0.0,,-1.0,0,1992.0,C01,138Â 197Â 658,1.0,0.0,-1.0,1734637,1.0,7,,0.0,2.0,5.0,C01,138Â 197Â 658,1.0
1016188,201900057719,1,4,20:20,3,1,1,1.0,4.0,95572,RN 184,M,"49,0486600","2,1353800",95,2019,90.0,1.0,1.0,2.0,2272683,1.0,1,1,1,0.0,,-1.0,0,1992.0,C01,138Â 197Â 658,1.0,0.0,-1.0,1734638,1.0,7,,0.0,2.0,1.0,D01,138Â 197Â 659,1.0
1016188,201900057719,1,4,20:20,3,1,1,1.0,4.0,95572,RN 184,M,"49,0486600","2,1353800",95,2019,90.0,1.0,1.0,2.0,2272684,1.0,1,1,1,0.0,,-1.0,0,1963.0,D01,138Â 197Â 659,1.0,0.0,-1.0,1734635,1.0,7,,0.0,2.0,4.0,A01,138Â 197Â 650,1.0
1016188,201900057719,1,4,20:20,3,1,1,1.0,4.0,95572,RN 184,M,"49,0486600","2,1353800",95,2019,90.0,1.0,1.0,2.0,2272684,1.0,1,1,1,0.0,,-1.0,0,1963.0,D01,138Â 197Â 659,1.0,0.0,-1.0,1734636,1.0,10,,0.0,2.0,3.0,B01,138Â 197Â 657,1.0
1016188,201900057719,1,4,20:20,3,1,1,1.0,4.0,95572,RN 184,M,"49,0486600","2,1353800",95,2019,90.0,1.0,1.0,2.0,2272684,1.0,1,1,1,0.0,,-1.0,0,1963.0,D01,138Â 197Â 659,1.0,0.0,-1.0,1734637,1.0,7,,0.0,2.0,5.0,C01,138Â 197Â 658,1.0
1016188,201900057719,1,4,20:20,3,1,1,1.0,4.0,95572,RN 184,M,"49,0486600","2,1353800",95,2019,90.0,1.0,1.0,2.0,2272684,1.0,1,1,1,0.0,,-1.0,0,1963.0,D01,138Â 197Â 659,1.0,0.0,-1.0,1734638,1.0,7,,0.0,2.0,1.0,D01,138Â 197Â 659,1.0
1016189,201900057720,9,21,18:25,1,2,3,1.0,3.0,45234,RUE DE COURSIMAULT - R E MOUNIER,M,"47,8886780","1,9090750",45,2019,50.0,1.0,1.0,4.0,2272685,1.0,1,1,2,0.0,,0.0,0,1977.0,A01,138Â 197Â 647,8.0,0.0,-1.0,1734639,1.0,7,,0.0,2.0,3.0,A01,138Â 197Â 647,1.0
1016189,201900057720,9,21,18:25,1,2,3,1.0,3.0,45234,RUE DE COURSIMAULT - R E MOUNIER,M,"47,8886780","1,9090750",45,2019,50.0,1.0,1.0,4.0,2272685,1.0,1,1,2,0.0,,0.0,0,1977.0,A01,138Â 197Â 647,8.0,0.0,-1.0,1734640,0.0,1,,0.0,2.0,1.0,B01,138Â 197Â 648,5.0
1016189,201900057720,9,21,18:25,1,2,3,1.0,3.0,45234,RUE DE COURSIMAULT - R E MOUNIER,M,"47,8886780","1,9090750",45,2019,50.0,1.0,1.0,4.0,2272686,1.0,1,4,1,5.0,,0.0,0,2011.0,B01,138Â 197Â 648,8.0,0.0,-1.0,1734639,1.0,7,,0.0,2.0,3.0,A01,138Â 197Â 647,1.0
1016189,201900057720,9,21,18:25,1,2,3,1.0,3.0,45234,RUE DE COURSIMAULT - R E MOUNIER,M,"47,8886780","1,9090750",45,2019,50.0,1.0,1.0,4.0,2272686,1.0,1,4,1,5.0,,0.0,0,2011.0,B01,138Â 197Â 648,8.0,0.0,-1.0,1734640,0.0,1,,0.0,2.0,1.0,B01,138Â 197Â 648,5.0
1016190,201900057721,2,13,15:00,1,2,1,1.0,6.0,93007,"""HENRI BARBUSSE (AVENUE """"DU 01 AU 80"""")",M,"48,9404100","2,4628100",93,2019,50.0,1.0,1.0,4.0,2272687,10.0,3,4,2,5.0,,3.0,3,2003.0,A01,138Â 197Â 646,8.0,0.0,-1.0,1734641,1.0,32,,0.0,1.0,2.0,A01,138Â 197Â 646,6.0