Unnamed: 0_x,num_acc,mois,jour,hrmn,lum,agg,int,atm,col,com,adr,gps,lat,long,dep,annee,vma,situ,surf,catr,Unnamed: 0_y,place,catu,grav,sexe,trajet,secu,locp,actp,an_nais,num_veh_x,id_vehicule_x,secu1,secu2,secu3,Unnamed: 0,senc,catv,occutc,obs,obsm,choc,num_veh_y,id_vehicule_y,motor
1016190,201900057721,2,13,15:00,1,2,1,1.0,6.0,93007,"""HENRI BARBUSSE (AVENUE """"DU 01 AU 80"""")",M,"48,9404100","2,4628100",93,2019,50.0,1.0,1.0,4.0,2272688,1.0,1,4,1,1.0,,-1.0, -1,1967.0,A01,138Â 197Â 646,2.0,8.0,-1.0,1734641,1.0,32,,0.0,1.0,2.0,A01,138Â 197Â 646,6.0
1016191,201900057722,1,4,17:10,1,1,1,1.0,6.0,95582,AUTOROUTE A115,M,"48,9740800","2,2456900",95,2019,110.0,1.0,1.0,1.0,2272689,1.0,1,1,1,5.0,,-1.0,0,1995.0,A01,138Â 197Â 645,1.0,0.0,-1.0,1734642,1.0,7,,3.0,0.0,1.0,A01,138Â 197Â 645,1.0
1016191,201900057722,1,4,17:10,1,1,1,1.0,6.0,95582,AUTOROUTE A115,M,"48,9740800","2,2456900",95,2019,110.0,1.0,1.0,1.0,2272690,2.0,2,4,2,5.0,,-1.0,0,1993.0,A01,138Â 197Â 645,1.0,0.0,-1.0,1734642,1.0,7,,3.0,0.0,1.0,A01,138Â 197Â 645,1.0
1016192,201900057723,9,21,11:10,1,2,1,1.0,3.0,44109,ROUTE DE PARIS,M,"47,2511700"," -1,5183400",44,2019,50.0,1.0,1.0,7.0,2272691,1.0,1,4,1,0.0,,-1.0,0,1989.0,A01,138Â 197Â 642,1.0,0.0,-1.0,1734643,0.0,7,,0.0,2.0,1.0,A01,138Â 197Â 642,1.0
1016192,201900057723,9,21,11:10,1,2,1,1.0,3.0,44109,ROUTE DE PARIS,M,"47,2511700"," -1,5183400",44,2019,50.0,1.0,1.0,7.0,2272691,1.0,1,4,1,0.0,,-1.0,0,1989.0,A01,138Â 197Â 642,1.0,0.0,-1.0,1734644,0.0,7,,0.0,2.0,7.0,B01,138Â 197Â 644,1.0
1016192,201900057723,9,21,11:10,1,2,1,1.0,3.0,44109,ROUTE DE PARIS,M,"47,2511700"," -1,5183400",44,2019,50.0,1.0,1.0,7.0,2272692,4.0,2,1,1,0.0,,-1.0,0,1990.0,B01,138Â 197Â 644,1.0,0.0,-1.0,1734643,0.0,7,,0.0,2.0,1.0,A01,138Â 197Â 642,1.0
1016192,201900057723,9,21,11:10,1,2,1,1.0,3.0,44109,ROUTE DE PARIS,M,"47,2511700"," -1,5183400",44,2019,50.0,1.0,1.0,7.0,2272692,4.0,2,1,1,0.0,,-1.0,0,1990.0,B01,138Â 197Â 644,1.0,0.0,-1.0,1734644,0.0,7,,0.0,2.0,7.0,B01,138Â 197Â 644,1.0
1016192,201900057723,9,21,11:10,1,2,1,1.0,3.0,44109,ROUTE DE PARIS,M,"47,2511700"," -1,5183400",44,2019,50.0,1.0,1.0,7.0,2272693,2.0,2,1,2,0.0,,-1.0,0,1990.0,B01,138Â 197Â 644,1.0,0.0,-1.0,1734643,0.0,7,,0.0,2.0,1.0,A01,138Â 197Â 642,1.0
1016192,201900057723,9,21,11:10,1,2,1,1.0,3.0,44109,ROUTE DE PARIS,M,"47,2511700"," -1,5183400",44,2019,50.0,1.0,1.0,7.0,2272693,2.0,2,1,2,0.0,,-1.0,0,1990.0,B01,138Â 197Â 644,1.0,0.0,-1.0,1734644,0.0,7,,0.0,2.0,7.0,B01,138Â 197Â 644,1.0
1016192,201900057723,9,21,11:10,1,2,1,1.0,3.0,44109,ROUTE DE PARIS,M,"47,2511700"," -1,5183400",44,2019,50.0,1.0,1.0,7.0,2272694,1.0,1,1,1,0.0,,-1.0,0,1994.0,B01,138Â 197Â 644,1.0,0.0,-1.0,1734643,0.0,7,,0.0,2.0,1.0,A01,138Â 197Â 642,1.0
1016192,201900057723,9,21,11:10,1,2,1,1.0,3.0,44109,ROUTE DE PARIS,M,"47,2511700"," -1,5183400",44,2019,50.0,1.0,1.0,7.0,2272694,1.0,1,1,1,0.0,,-1.0,0,1994.0,B01,138Â 197Â 644,1.0,0.0,-1.0,1734644,0.0,7,,0.0,2.0,7.0,B01,138Â 197Â 644,1.0
1016193,201900057724,3,26,16:43,1,2,2,1.0,3.0,69387,ANVERS (D')             ,M,"45,7488200","4,8415200",69,2019,50.0,1.0,1.0,4.0,2272695,1.0,1,1,1,5.0,,0.0,0,1981.0,B01,138Â 197Â 654,8.0,0.0,-1.0,1734645,1.0,7,,0.0,1.0,3.0,B01,138Â 197Â 654,1.0
1016193,201900057724,3,26,16:43,1,2,2,1.0,3.0,69387,ANVERS (D')             ,M,"45,7488200","4,8415200",69,2019,50.0,1.0,1.0,4.0,2272695,1.0,1,1,1,5.0,,0.0,0,1981.0,B01,138Â 197Â 654,8.0,0.0,-1.0,1734646,1.0,99,,0.0,2.0,1.0,A01,138Â 197Â 667,3.0
1016193,201900057724,3,26,16:43,1,2,2,1.0,3.0,69387,ANVERS (D')             ,M,"45,7488200","4,8415200",69,2019,50.0,1.0,1.0,4.0,2272696,1.0,1,4,1,5.0,,0.0,0,1981.0,A01,138Â 197Â 667,8.0,0.0,-1.0,1734645,1.0,7,,0.0,1.0,3.0,B01,138Â 197Â 654,1.0
1016193,201900057724,3,26,16:43,1,2,2,1.0,3.0,69387,ANVERS (D')             ,M,"45,7488200","4,8415200",69,2019,50.0,1.0,1.0,4.0,2272696,1.0,1,4,1,5.0,,0.0,0,1981.0,A01,138Â 197Â 667,8.0,0.0,-1.0,1734646,1.0,99,,0.0,2.0,1.0,A01,138Â 197Â 667,3.0
1016194,201900057725,2,16,03:10,5,2,1,1.0,6.0,93005,MARC CHAGALL (BOULEVARD),M,"48,9531200","2,5023400",93,2019,50.0,3.0,2.0,3.0,2272697,1.0,1,4,2,1.0,,-1.0, -1,1993.0,A01,138Â 197Â 643,1.0,0.0,-1.0,1734647,1.0,15,,15.0,0.0,2.0,A01,138Â 197Â 643,1.0
1016195,201900057726,9,3,08:28,1,2,1,1.0,2.0,42305,MIRABEAU,M,"45,4805700","4,4264300",42,2019,50.0,1.0,1.0,3.0,2272698,1.0,1,4,1,0.0,,-1.0,0,1970.0,A01,138Â 197Â 639,2.0,8.0,-1.0,1734648,1.0,33,,0.0,2.0,1.0,A01,138Â 197Â 639,1.0
1016195,201900057726,9,3,08:28,1,2,1,1.0,2.0,42305,MIRABEAU,M,"45,4805700","4,4264300",42,2019,50.0,1.0,1.0,3.0,2272698,1.0,1,4,1,0.0,,-1.0,0,1970.0,A01,138Â 197Â 639,2.0,8.0,-1.0,1734649,1.0,10,,0.0,2.0,4.0,B01,138Â 197Â 640,1.0
1016195,201900057726,9,3,08:28,1,2,1,1.0,2.0,42305,MIRABEAU,M,"45,4805700","4,4264300",42,2019,50.0,1.0,1.0,3.0,2272699,1.0,1,1,1,0.0,,-1.0,0,1972.0,B01,138Â 197Â 640,1.0,8.0,-1.0,1734648,1.0,33,,0.0,2.0,1.0,A01,138Â 197Â 639,1.0
1016195,201900057726,9,3,08:28,1,2,1,1.0,2.0,42305,MIRABEAU,M,"45,4805700","4,4264300",42,2019,50.0,1.0,1.0,3.0,2272699,1.0,1,1,1,0.0,,-1.0,0,1972.0,B01,138Â 197Â 640,1.0,8.0,-1.0,1734649,1.0,10,,0.0,2.0,4.0,B01,138Â 197Â 640,1.0
1016196,201900057727,10,25,18:50,2,2,1,8.0,6.0,78062,Rue de l'Estandart,M,"48,8518680","1,8793910",78,2019,50.0,8.0,1.0,3.0,2272700,10.0,3,3,2,3.0,,2.0,3,1992.0,A01,138Â 197Â 653,0.0,-1.0,-1.0,1734650,1.0,7,,0.0,1.0,2.0,A01,138Â 197Â 653,1.0
1016196,201900057727,10,25,18:50,2,2,1,8.0,6.0,78062,Rue de l'Estandart,M,"48,8518680","1,8793910",78,2019,50.0,8.0,1.0,3.0,2272701,1.0,1,1,2,1.0,,0.0,0,1958.0,A01,138Â 197Â 653,8.0,-1.0,-1.0,1734650,1.0,7,,0.0,1.0,2.0,A01,138Â 197Â 653,1.0
1016197,201900057728,5,4,14:25,1,2,3,8.0,3.0,39097,39 rue ClÃ©menceau,M,"46,7455330","5,9191490",39,2019,50.0,1.0,1.0,3.0,2272702,1.0,1,4,1,5.0,,0.0,0,2004.0,B01,138Â 197Â 652,2.0,6.0,-1.0,1734651,2.0,2,,0.0,2.0,1.0,B01,138Â 197Â 652,1.0
1016197,201900057728,5,4,14:25,1,2,3,8.0,3.0,39097,39 rue ClÃ©menceau,M,"46,7455330","5,9191490",39,2019,50.0,1.0,1.0,3.0,2272702,1.0,1,4,1,5.0,,0.0,0,2004.0,B01,138Â 197Â 652,2.0,6.0,-1.0,1734652,0.0,7,,0.0,2.0,3.0,A01,138Â 197Â 701,1.0
1016197,201900057728,5,4,14:25,1,2,3,8.0,3.0,39097,39 rue ClÃ©menceau,M,"46,7455330","5,9191490",39,2019,50.0,1.0,1.0,3.0,2272703,1.0,1,1,2,5.0,,0.0,0,1958.0,A01,138Â 197Â 701,8.0,-1.0,-1.0,1734651,2.0,2,,0.0,2.0,1.0,B01,138Â 197Â 652,1.0
1016197,201900057728,5,4,14:25,1,2,3,8.0,3.0,39097,39 rue ClÃ©menceau,M,"46,7455330","5,9191490",39,2019,50.0,1.0,1.0,3.0,2272703,1.0,1,1,2,5.0,,0.0,0,1958.0,A01,138Â 197Â 701,8.0,-1.0,-1.0,1734652,0.0,7,,0.0,2.0,3.0,A01,138Â 197Â 701,1.0
1016198,201900057729,8,17,18:16,1,1,1,1.0,6.0,39220,,M,"47,0838560","5,5372480",39,2019,80.0,3.0,1.0,3.0,2272704,1.0,1,3,1,5.0,,0.0,0,1997.0,A01,138Â 197Â 651,2.0,6.0,-1.0,1734653,2.0,33,,2.0,0.0,0.0,A01,138Â 197Â 651,1.0
1016199,201900057730,1,4,10:50,1,1,1,1.0,6.0,95256,RN 184,M,"49,0543600","2,2000800",95,2019,90.0,1.0,1.0,2.0,2272705,3.0,2,4,1,0.0,,-1.0,0,2012.0,A01,138Â 197Â 641,3.0,0.0,-1.0,1734654,2.0,7,,3.0,0.0,1.0,A01,138Â 197Â 641,1.0
1016199,201900057730,1,4,10:50,1,1,1,1.0,6.0,95256,RN 184,M,"49,0543600","2,2000800",95,2019,90.0,1.0,1.0,2.0,2272706,1.0,1,4,2,0.0,,-1.0,0,1989.0,A01,138Â 197Â 641,1.0,0.0,-1.0,1734654,2.0,7,,3.0,0.0,1.0,A01,138Â 197Â 641,1.0
1016200,201900057731,1,4,10:00,1,1,1,1.0,6.0,95555,RD 170,M,"48,9737700","2,2772300",95,2019,90.0,1.0,1.0,3.0,2272707,1.0,1,4,1,5.0,,-1.0,0,1992.0,A01,138Â 197Â 630,1.0,0.0,-1.0,1734655,1.0,7,,4.0,0.0,1.0,A01,138Â 197Â 630,1.0
1016201,201900057732,5,21,19:25,1,2,1,1.0,2.0,89085,route de Lyon,M,"47,9407053","3,4931213",89,2019,50.0,1.0,1.0,3.0,2272708,1.0,1,4,2,1.0,,0.0,0,1968.0,A01,138Â 197Â 629,1.0,-1.0,-1.0,1734656,0.0,7,,0.0,2.0,1.0,A01,138Â 197Â 629,0.0
1016201,201900057732,5,21,19:25,1,2,1,1.0,2.0,89085,route de Lyon,M,"47,9407053","3,4931213",89,2019,50.0,1.0,1.0,3.0,2272708,1.0,1,4,2,1.0,,0.0,0,1968.0,A01,138Â 197Â 629,1.0,-1.0,-1.0,1734657,0.0,7,,0.0,2.0,4.0,B01,138Â 197Â 636,0.0
1016201,201900057732,5,21,19:25,1,2,1,1.0,2.0,89085,route de Lyon,M,"47,9407053","3,4931213",89,2019,50.0,1.0,1.0,3.0,2272709,1.0,1,1,1,1.0,,0.0,0,1970.0,B01,138Â 197Â 636,1.0,-1.0,-1.0,1734656,0.0,7,,0.0,2.0,1.0,A01,138Â 197Â 629,0.0
1016201,201900057732,5,21,19:25,1,2,1,1.0,2.0,89085,route de Lyon,M,"47,9407053","3,4931213",89,2019,50.0,1.0,1.0,3.0,2272709,1.0,1,1,1,1.0,,0.0,0,1970.0,B01,138Â 197Â 636,1.0,-1.0,-1.0,1734657,0.0,7,,0.0,2.0,4.0,B01,138Â 197Â 636,0.0
1016202,201900057733,8,18,22:00,3,1,1,1.0,1.0,44038,D136 - la villaciÃ¨re,M,"47,1585630"," -2,0209850",44,2019,80.0,1.0,1.0,3.0,2272710,1.0,1,4,1,5.0,,0.0,0,1975.0,A01,138Â 197Â 628,1.0,-1.0,-1.0,1734658,1.0,7,,0.0,2.0,1.0,A01,138Â 197Â 628,1.0
1016202,201900057733,8,18,22:00,3,1,1,1.0,1.0,44038,D136 - la villaciÃ¨re,M,"47,1585630"," -2,0209850",44,2019,80.0,1.0,1.0,3.0,2272710,1.0,1,4,1,5.0,,0.0,0,1975.0,A01,138Â 197Â 628,1.0,-1.0,-1.0,1734659,2.0,7,,0.0,2.0,1.0,B01,138Â 197Â 631,1.0
1016202,201900057733,8,18,22:00,3,1,1,1.0,1.0,44038,D136 - la villaciÃ¨re,M,"47,1585630"," -2,0209850",44,2019,80.0,1.0,1.0,3.0,2272711,1.0,1,4,2,5.0,,0.0,0,1997.0,B01,138Â 197Â 631,1.0,-1.0,-1.0,1734658,1.0,7,,0.0,2.0,1.0,A01,138Â 197Â 628,1.0
1016202,201900057733,8,18,22:00,3,1,1,1.0,1.0,44038,D136 - la villaciÃ¨re,M,"47,1585630"," -2,0209850",44,2019,80.0,1.0,1.0,3.0,2272711,1.0,1,4,2,5.0,,0.0,0,1997.0,B01,138Â 197Â 631,1.0,-1.0,-1.0,1734659,2.0,7,,0.0,2.0,1.0,B01,138Â 197Â 631,1.0
1016203,201900057734,1,1,02:00,5,1,1,2.0,5.0,93066,AUTOROUTE A1,M,"48,9265000","2,3569200",93,2019,90.0,1.0,2.0,1.0,2272712,1.0,1,1,1,0.0,,-1.0, -1,1993.0,A01,138Â 197Â 625,1.0,0.0,-1.0,1734660,1.0,7,,3.0,2.0,1.0,A01,138Â 197Â 625,1.0
1016203,201900057734,1,1,02:00,5,1,1,2.0,5.0,93066,AUTOROUTE A1,M,"48,9265000","2,3569200",93,2019,90.0,1.0,2.0,1.0,2272712,1.0,1,1,1,0.0,,-1.0, -1,1993.0,A01,138Â 197Â 625,1.0,0.0,-1.0,1734661,1.0,7,,1.0,0.0,1.0,B01,138Â 197Â 626,1.0
1016203,201900057734,1,1,02:00,5,1,1,2.0,5.0,93066,AUTOROUTE A1,M,"48,9265000","2,3569200",93,2019,90.0,1.0,2.0,1.0,2272712,1.0,1,1,1,0.0,,-1.0, -1,1993.0,A01,138Â 197Â 625,1.0,0.0,-1.0,1734662,1.0,7,,0.0,2.0,3.0,C01,138Â 197Â 627,1.0
1016203,201900057734,1,1,02:00,5,1,1,2.0,5.0,93066,AUTOROUTE A1,M,"48,9265000","2,3569200",93,2019,90.0,1.0,2.0,1.0,2272713,2.0,2,3,2,0.0,,-1.0, -1,2001.0,A01,138Â 197Â 625,1.0,0.0,-1.0,1734660,1.0,7,,3.0,2.0,1.0,A01,138Â 197Â 625,1.0
1016203,201900057734,1,1,02:00,5,1,1,2.0,5.0,93066,AUTOROUTE A1,M,"48,9265000","2,3569200",93,2019,90.0,1.0,2.0,1.0,2272713,2.0,2,3,2,0.0,,-1.0, -1,2001.0,A01,138Â 197Â 625,1.0,0.0,-1.0,1734661,1.0,7,,1.0,0.0,1.0,B01,138Â 197Â 626,1.0
1016203,201900057734,1,1,02:00,5,1,1,2.0,5.0,93066,AUTOROUTE A1,M,"48,9265000","2,3569200",93,2019,90.0,1.0,2.0,1.0,2272713,2.0,2,3,2,0.0,,-1.0, -1,2001.0,A01,138Â 197Â 625,1.0,0.0,-1.0,1734662,1.0,7,,0.0,2.0,3.0,C01,138Â 197Â 627,1.0
1016203,201900057734,1,1,02:00,5,1,1,2.0,5.0,93066,AUTOROUTE A1,M,"48,9265000","2,3569200",93,2019,90.0,1.0,2.0,1.0,2272714,1.0,1,1,1,0.0,,-1.0, -1,1995.0,B01,138Â 197Â 626,1.0,0.0,-1.0,1734660,1.0,7,,3.0,2.0,1.0,A01,138Â 197Â 625,1.0
1016203,201900057734,1,1,02:00,5,1,1,2.0,5.0,93066,AUTOROUTE A1,M,"48,9265000","2,3569200",93,2019,90.0,1.0,2.0,1.0,2272714,1.0,1,1,1,0.0,,-1.0, -1,1995.0,B01,138Â 197Â 626,1.0,0.0,-1.0,1734661,1.0,7,,1.0,0.0,1.0,B01,138Â 197Â 626,1.0
1016203,201900057734,1,1,02:00,5,1,1,2.0,5.0,93066,AUTOROUTE A1,M,"48,9265000","2,3569200",93,2019,90.0,1.0,2.0,1.0,2272714,1.0,1,1,1,0.0,,-1.0, -1,1995.0,B01,138Â 197Â 626,1.0,0.0,-1.0,1734662,1.0,7,,0.0,2.0,3.0,C01,138Â 197Â 627,1.0
1016203,201900057734,1,1,02:00,5,1,1,2.0,5.0,93066,AUTOROUTE A1,M,"48,9265000","2,3569200",93,2019,90.0,1.0,2.0,1.0,2272715,1.0,1,1,1,0.0,,-1.0, -1,1994.0,C01,138Â 197Â 627,1.0,0.0,-1.0,1734660,1.0,7,,3.0,2.0,1.0,A01,138Â 197Â 625,1.0
1016203,201900057734,1,1,02:00,5,1,1,2.0,5.0,93066,AUTOROUTE A1,M,"48,9265000","2,3569200",93,2019,90.0,1.0,2.0,1.0,2272715,1.0,1,1,1,0.0,,-1.0, -1,1994.0,C01,138Â 197Â 627,1.0,0.0,-1.0,1734661,1.0,7,,1.0,0.0,1.0,B01,138Â 197Â 626,1.0
1016203,201900057734,1,1,02:00,5,1,1,2.0,5.0,93066,AUTOROUTE A1,M,"48,9265000","2,3569200",93,2019,90.0,1.0,2.0,1.0,2272715,1.0,1,1,1,0.0,,-1.0, -1,1994.0,C01,138Â 197Â 627,1.0,0.0,-1.0,1734662,1.0,7,,0.0,2.0,3.0,C01,138Â 197Â 627,1.0
1016204,201900057735,3,26,16:05,1,2,2,6.0,6.0,69387,UNIVERSITE (DE L')                  (R ),M,"45,7518900","4,8369800",69,2019,50.0,1.0,1.0,4.0,2272716,10.0,3,4,1,0.0,,4.0,3,1987.0,A01,138Â 197Â 635,8.0,0.0,-1.0,1734663,2.0,7,,0.0,1.0,1.0,A01,138Â 197Â 635,0.0
1016204,201900057735,3,26,16:05,1,2,2,6.0,6.0,69387,UNIVERSITE (DE L')                  (R ),M,"45,7518900","4,8369800",69,2019,50.0,1.0,1.0,4.0,2272717,1.0,1,1,1,0.0,,0.0,0,1982.0,A01,138Â 197Â 635,1.0,0.0,-1.0,1734663,2.0,7,,0.0,1.0,1.0,A01,138Â 197Â 635,0.0
1016205,201900057736,2,15,21:52,5,2,9,1.0,6.0,92078,GALLIENI (BD) (1 A 79 ET 22 A 102),M,"48,9263720","2,3282830",92,2019,50.0,1.0,1.0,3.0,2272718,10.0,3,4,2,3.0,,2.0,3,1966.0,A01,138Â 197Â 634,0.0,-1.0,-1.0,1734664,1.0,7,,0.0,1.0,2.0,A01,138Â 197Â 634,1.0
1016205,201900057736,2,15,21:52,5,2,9,1.0,6.0,92078,GALLIENI (BD) (1 A 79 ET 22 A 102),M,"48,9263720","2,3282830",92,2019,50.0,1.0,1.0,3.0,2272719,1.0,1,1,1,9.0,,-1.0, -1,1955.0,A01,138Â 197Â 634,1.0,0.0,-1.0,1734664,1.0,7,,0.0,1.0,2.0,A01,138Â 197Â 634,1.0
1016206,201900057737,9,2,17:46,1,2,1,1.0,2.0,42218,VIVALDI ANTONIO (BOULEVARD),M,"45,4709500","4,4001100",42,2019,50.0,1.0,1.0,4.0,2272720,1.0,1,1,1,0.0,,-1.0,0,1991.0,A01,138Â 197Â 633,1.0,8.0,-1.0,1734665,2.0,7,,0.0,2.0,1.0,A01,138Â 197Â 633,1.0
1016206,201900057737,9,2,17:46,1,2,1,1.0,2.0,42218,VIVALDI ANTONIO (BOULEVARD),M,"45,4709500","4,4001100",42,2019,50.0,1.0,1.0,4.0,2272720,1.0,1,1,1,0.0,,-1.0,0,1991.0,A01,138Â 197Â 633,1.0,8.0,-1.0,1734666,2.0,7,,0.0,2.0,4.0,B01,138Â 197Â 638,1.0
1016206,201900057737,9,2,17:46,1,2,1,1.0,2.0,42218,VIVALDI ANTONIO (BOULEVARD),M,"45,4709500","4,4001100",42,2019,50.0,1.0,1.0,4.0,2272721,2.0,2,4,2,9.0,,-1.0,0,1971.0,B01,138Â 197Â 638,1.0,8.0,-1.0,1734665,2.0,7,,0.0,2.0,1.0,A01,138Â 197Â 633,1.0
1016206,201900057737,9,2,17:46,1,2,1,1.0,2.0,42218,VIVALDI ANTONIO (BOULEVARD),M,"45,4709500","4,4001100",42,2019,50.0,1.0,1.0,4.0,2272721,2.0,2,4,2,9.0,,-1.0,0,1971.0,B01,138Â 197Â 638,1.0,8.0,-1.0,1734666,2.0,7,,0.0,2.0,4.0,B01,138Â 197Â 638,1.0
1016206,201900057737,9,2,17:46,1,2,1,1.0,2.0,42218,VIVALDI ANTONIO (BOULEVARD),M,"45,4709500","4,4001100",42,2019,50.0,1.0,1.0,4.0,2272722,1.0,1,4,2,9.0,,-1.0,0,1976.0,B01,138Â 197Â 638,1.0,8.0,-1.0,1734665,2.0,7,,0.0,2.0,1.0,A01,138Â 197Â 633,1.0
1016206,201900057737,9,2,17:46,1,2,1,1.0,2.0,42218,VIVALDI ANTONIO (BOULEVARD),M,"45,4709500","4,4001100",42,2019,50.0,1.0,1.0,4.0,2272722,1.0,1,4,2,9.0,,-1.0,0,1976.0,B01,138Â 197Â 638,1.0,8.0,-1.0,1734666,2.0,7,,0.0,2.0,4.0,B01,138Â 197Â 638,1.0
1016207,201900057738,8,18,03:15,4,2,1,2.0,6.0,44136,grande rue,M,"47,1279850"," -2,2157480",44,2019,50.0,4.0,3.0,9.0,2272723,10.0,3,4,1,5.0,,5.0,1,1991.0,A01,138Â 197Â 622,0.0,-1.0,-1.0,1734667,1.0,7,,8.0,1.0,1.0,A01,138Â 197Â 622,1.0
1016207,201900057738,8,18,03:15,4,2,1,2.0,6.0,44136,grande rue,M,"47,1279850"," -2,2157480",44,2019,50.0,4.0,3.0,9.0,2272724,1.0,1,1,2,5.0,,0.0,0,1997.0,A01,138Â 197Â 622,1.0,-1.0,-1.0,1734667,1.0,7,,8.0,1.0,1.0,A01,138Â 197Â 622,1.0
1016208,201900057739,5,3,06:50,2,1,1,5.0,3.0,89218,Le Bas de la PerriÃ¨re,M,"47,9674890","3,4489260",89,2019,80.0,3.0,1.0,3.0,2272725,1.0,1,4,1,1.0,,0.0,0,1965.0,B01,138Â 197Â 623,1.0,-1.0,-1.0,1734668,0.0,7,,0.0,2.0,3.0,B01,138Â 197Â 623,0.0
1016208,201900057739,5,3,06:50,2,1,1,5.0,3.0,89218,Le Bas de la PerriÃ¨re,M,"47,9674890","3,4489260",89,2019,80.0,3.0,1.0,3.0,2272725,1.0,1,4,1,1.0,,0.0,0,1965.0,B01,138Â 197Â 623,1.0,-1.0,-1.0,1734669,0.0,7,,0.0,2.0,2.0,A01,138Â 197Â 624,0.0
1016208,201900057739,5,3,06:50,2,1,1,5.0,3.0,89218,Le Bas de la PerriÃ¨re,M,"47,9674890","3,4489260",89,2019,80.0,3.0,1.0,3.0,2272726,1.0,1,4,1,1.0,,0.0,0,1967.0,A01,138Â 197Â 624,1.0,-1.0,-1.0,1734668,0.0,7,,0.0,2.0,3.0,B01,138Â 197Â 623,0.0
1016208,201900057739,5,3,06:50,2,1,1,5.0,3.0,89218,Le Bas de la PerriÃ¨re,M,"47,9674890","3,4489260",89,2019,80.0,3.0,1.0,3.0,2272726,1.0,1,4,1,1.0,,0.0,0,1967.0,A01,138Â 197Â 624,1.0,-1.0,-1.0,1734669,0.0,7,,0.0,2.0,2.0,A01,138Â 197Â 624,0.0
1016209,201900057740,1,5,11:45,1,1,1,1.0,2.0,77122,RN104,M,"48,6462400","2,5568500",77,2019,110.0,2.0,1.0,2.0,2272727,1.0,1,4,2,1.0,,0.0,0,1980.0,B01,138Â 197Â 620,1.0,0.0,-1.0,1734670,1.0,7,,0.0,2.0,4.0,B01,138Â 197Â 620,1.0
1016209,201900057740,1,5,11:45,1,1,1,1.0,2.0,77122,RN104,M,"48,6462400","2,5568500",77,2019,110.0,2.0,1.0,2.0,2272727,1.0,1,4,2,1.0,,0.0,0,1980.0,B01,138Â 197Â 620,1.0,0.0,-1.0,1734671,1.0,13,,0.0,2.0,1.0,A01,138Â 197Â 621,1.0
1016209,201900057740,1,5,11:45,1,1,1,1.0,2.0,77122,RN104,M,"48,6462400","2,5568500",77,2019,110.0,2.0,1.0,2.0,2272728,1.0,1,1,1,4.0,,0.0,0,1963.0,A01,138Â 197Â 621,1.0,0.0,-1.0,1734670,1.0,7,,0.0,2.0,4.0,B01,138Â 197Â 620,1.0
1016209,201900057740,1,5,11:45,1,1,1,1.0,2.0,77122,RN104,M,"48,6462400","2,5568500",77,2019,110.0,2.0,1.0,2.0,2272728,1.0,1,1,1,4.0,,0.0,0,1963.0,A01,138Â 197Â 621,1.0,0.0,-1.0,1734671,1.0,13,,0.0,2.0,1.0,A01,138Â 197Â 621,1.0
1016210,201900057741,10,26,16:15,1,1,1,1.0,1.0,30156,D6086,M,"43,8711950","4,4583150",30,2019,80.0,1.0,1.0,3.0,2272729,2.0,2,3,2,0.0,,0.0,0,1974.0,B01,138Â 197Â 632,2.0,6.0,-1.0,1734672,1.0,33,,0.0,2.0,8.0,B01,138Â 197Â 632,1.0
1016210,201900057741,10,26,16:15,1,1,1,1.0,1.0,30156,D6086,M,"43,8711950","4,4583150",30,2019,80.0,1.0,1.0,3.0,2272729,2.0,2,3,2,0.0,,0.0,0,1974.0,B01,138Â 197Â 632,2.0,6.0,-1.0,1734673,2.0,7,,0.0,2.0,3.0,A01,138Â 197Â 637,1.0
1016210,201900057741,10,26,16:15,1,1,1,1.0,1.0,30156,D6086,M,"43,8711950","4,4583150",30,2019,80.0,1.0,1.0,3.0,2272730,1.0,1,3,1,0.0,,0.0,0,1973.0,B01,138Â 197Â 632,2.0,6.0,-1.0,1734672,1.0,33,,0.0,2.0,8.0,B01,138Â 197Â 632,1.0
1016210,201900057741,10,26,16:15,1,1,1,1.0,1.0,30156,D6086,M,"43,8711950","4,4583150",30,2019,80.0,1.0,1.0,3.0,2272730,1.0,1,3,1,0.0,,0.0,0,1973.0,B01,138Â 197Â 632,2.0,6.0,-1.0,1734673,2.0,7,,0.0,2.0,3.0,A01,138Â 197Â 637,1.0
1016210,201900057741,10,26,16:15,1,1,1,1.0,1.0,30156,D6086,M,"43,8711950","4,4583150",30,2019,80.0,1.0,1.0,3.0,2272731,1.0,1,1,2,1.0,,0.0,0,2001.0,A01,138Â 197Â 637,1.0,-1.0,-1.0,1734672,1.0,33,,0.0,2.0,8.0,B01,138Â 197Â 632,1.0
1016210,201900057741,10,26,16:15,1,1,1,1.0,1.0,30156,D6086,M,"43,8711950","4,4583150",30,2019,80.0,1.0,1.0,3.0,2272731,1.0,1,1,2,1.0,,0.0,0,2001.0,A01,138Â 197Â 637,1.0,-1.0,-1.0,1734673,2.0,7,,0.0,2.0,3.0,A01,138Â 197Â 637,1.0
1016211,201900057742,9,19,11:14,1,2,1,1.0,7.0,37214,PORTILLON (QUAI),M,"47,4002200","0,6779000",37,2019,50.0,1.0,1.0,4.0,2272732,1.0,1,3,1,3.0,,-1.0,0,1973.0,A01,138Â 197Â 615,2.0,6.0,-1.0,1734674,1.0,30,,0.0,0.0,7.0,A01,138Â 197Â 615,1.0