Unnamed: 0_x,num_acc,mois,jour,hrmn,lum,agg,int,atm,col,com,adr,gps,lat,long,dep,annee,vma,situ,surf,catr,Unnamed: 0_y,place,catu,grav,sexe,trajet,secu,locp,actp,an_nais,num_veh_x,id_vehicule_x,secu1,secu2,secu3,Unnamed: 0,senc,catv,occutc,obs,obsm,choc,num_veh_y,id_vehicule_y,motor
1016211,201900057742,9,19,11:14,1,2,1,1.0,7.0,37214,PORTILLON (QUAI),M,"47,4002200","0,6779000",37,2019,50.0,1.0,1.0,4.0,2272733,2.0,2,4,2,3.0,,-1.0,0,1961.0,A01,138Â 197Â 615,2.0,6.0,-1.0,1734674,1.0,30,,0.0,0.0,7.0,A01,138Â 197Â 615,1.0
1016212,201900057743,2,15,09:10,1,2,5,1.0,6.0,92044,VIC. HUGO(RUE)115A149 ET 148A178,M,"48,8984962","2,2941829",92,2019,50.0,1.0,1.0,3.0,2272734,1.0,1,1,1,1.0,,0.0,0,1986.0,A01,138Â 197Â 616,2.0,0.0,-1.0,1734675,2.0,1,,0.0,1.0,1.0,A01,138Â 197Â 616,5.0
1016212,201900057743,2,15,09:10,1,2,5,1.0,6.0,92044,VIC. HUGO(RUE)115A149 ET 148A178,M,"48,8984962","2,2941829",92,2019,50.0,1.0,1.0,3.0,2272735,10.0,3,3,2,9.0,,4.0,3,1977.0,A01,138Â 197Â 616,8.0,0.0,-1.0,1734675,2.0,1,,0.0,1.0,1.0,A01,138Â 197Â 616,5.0
1016213,201900057744,10,25,14:30,1,2,3,1.0,3.0,34162,Rue du PrÃªche,M,"43,4789882","3,4836704",34,2019,50.0,1.0,1.0,4.0,2272736,1.0,1,1,1,5.0,,0.0,0,1994.0,B01,138Â 197Â 612,8.0,-1.0,-1.0,1734676,1.0,7,,0.0,9.0,3.0,B01,138Â 197Â 612,1.0
1016213,201900057744,10,25,14:30,1,2,3,1.0,3.0,34162,Rue du PrÃªche,M,"43,4789882","3,4836704",34,2019,50.0,1.0,1.0,4.0,2272736,1.0,1,1,1,5.0,,0.0,0,1994.0,B01,138Â 197Â 612,8.0,-1.0,-1.0,1734677,2.0,80,,0.0,2.0,2.0,A01,138Â 197Â 614,3.0
1016213,201900057744,10,25,14:30,1,2,3,1.0,3.0,34162,Rue du PrÃªche,M,"43,4789882","3,4836704",34,2019,50.0,1.0,1.0,4.0,2272737,1.0,1,4,1,5.0,,0.0,0,1962.0,A01,138Â 197Â 614,0.0,-1.0,-1.0,1734676,1.0,7,,0.0,9.0,3.0,B01,138Â 197Â 612,1.0
1016213,201900057744,10,25,14:30,1,2,3,1.0,3.0,34162,Rue du PrÃªche,M,"43,4789882","3,4836704",34,2019,50.0,1.0,1.0,4.0,2272737,1.0,1,4,1,5.0,,0.0,0,1962.0,A01,138Â 197Â 614,0.0,-1.0,-1.0,1734677,2.0,80,,0.0,2.0,2.0,A01,138Â 197Â 614,3.0
1016214,201900057745,9,19,08:34,1,2,2,1.0,3.0,37233,LOIRE (LEVEE DE LA),M,"47,3967300","0,7264500",37,2019,50.0,1.0,1.0,4.0,2272738,1.0,1,1,2,1.0,,-1.0,0,1994.0,A01,138Â 197Â 611,8.0,0.0,-1.0,1734678,3.0,99,,0.0,2.0,8.0,A01,138Â 197Â 611,5.0
1016214,201900057745,9,19,08:34,1,2,2,1.0,3.0,37233,LOIRE (LEVEE DE LA),M,"47,3967300","0,7264500",37,2019,50.0,1.0,1.0,4.0,2272738,1.0,1,1,2,1.0,,-1.0,0,1994.0,A01,138Â 197Â 611,8.0,0.0,-1.0,1734679,2.0,31,,0.0,2.0,1.0,B01,138Â 197Â 613,0.0
1016214,201900057745,9,19,08:34,1,2,2,1.0,3.0,37233,LOIRE (LEVEE DE LA),M,"47,3967300","0,7264500",37,2019,50.0,1.0,1.0,4.0,2272739,1.0,1,4,1,2.0,,-1.0,0,2002.0,B01,138Â 197Â 613,2.0,6.0,-1.0,1734678,3.0,99,,0.0,2.0,8.0,A01,138Â 197Â 611,5.0
1016214,201900057745,9,19,08:34,1,2,2,1.0,3.0,37233,LOIRE (LEVEE DE LA),M,"47,3967300","0,7264500",37,2019,50.0,1.0,1.0,4.0,2272739,1.0,1,4,1,2.0,,-1.0,0,2002.0,B01,138Â 197Â 613,2.0,6.0,-1.0,1734679,2.0,31,,0.0,2.0,1.0,B01,138Â 197Â 613,0.0
1016215,201900057746,9,21,12:50,1,2,1,1.0,3.0,37122,CHINON (BOULEVARD DE),M,"47,3520136","0,6867943",37,2019,50.0,5.0,1.0,4.0,2272740,1.0,1,4,1,0.0,,-1.0, -1,1972.0,B01,138Â 197Â 607,2.0,0.0,-1.0,1734680,3.0,1,,0.0,2.0,0.0,B01,138Â 197Â 607,6.0
1016215,201900057746,9,21,12:50,1,2,1,1.0,3.0,37122,CHINON (BOULEVARD DE),M,"47,3520136","0,6867943",37,2019,50.0,5.0,1.0,4.0,2272740,1.0,1,4,1,0.0,,-1.0, -1,1972.0,B01,138Â 197Â 607,2.0,0.0,-1.0,1734681,1.0,31,,0.0,9.0,6.0,A01,138Â 197Â 609,1.0
1016215,201900057746,9,21,12:50,1,2,1,1.0,3.0,37122,CHINON (BOULEVARD DE),M,"47,3520136","0,6867943",37,2019,50.0,5.0,1.0,4.0,2272741,1.0,1,1,1,0.0,,-1.0, -1,1969.0,A01,138Â 197Â 609,2.0,0.0,-1.0,1734680,3.0,1,,0.0,2.0,0.0,B01,138Â 197Â 607,6.0
1016215,201900057746,9,21,12:50,1,2,1,1.0,3.0,37122,CHINON (BOULEVARD DE),M,"47,3520136","0,6867943",37,2019,50.0,5.0,1.0,4.0,2272741,1.0,1,1,1,0.0,,-1.0, -1,1969.0,A01,138Â 197Â 609,2.0,0.0,-1.0,1734681,1.0,31,,0.0,9.0,6.0,A01,138Â 197Â 609,1.0
1016215,201900057746,9,21,12:50,1,2,1,1.0,3.0,37122,CHINON (BOULEVARD DE),M,"47,3520136","0,6867943",37,2019,50.0,5.0,1.0,4.0,2272742,2.0,2,4,1,0.0,,-1.0, -1,1972.0,A01,138Â 197Â 609,2.0,0.0,-1.0,1734680,3.0,1,,0.0,2.0,0.0,B01,138Â 197Â 607,6.0
1016215,201900057746,9,21,12:50,1,2,1,1.0,3.0,37122,CHINON (BOULEVARD DE),M,"47,3520136","0,6867943",37,2019,50.0,5.0,1.0,4.0,2272742,2.0,2,4,1,0.0,,-1.0, -1,1972.0,A01,138Â 197Â 609,2.0,0.0,-1.0,1734681,1.0,31,,0.0,9.0,6.0,A01,138Â 197Â 609,1.0
1016216,201900057747,10,26,19:30,3,1,1,1.0,1.0,83023,Route Departementale 43,M,"43,3702050","6,0899600",83,2019,80.0,1.0,1.0,3.0,2272743,2.0,2,3,1,5.0,,0.0,0,2004.0,B01,138Â 197Â 608,2.0,-1.0,-1.0,1734682,1.0,2,,0.0,2.0,1.0,B01,138Â 197Â 608,1.0
1016216,201900057747,10,26,19:30,3,1,1,1.0,1.0,83023,Route Departementale 43,M,"43,3702050","6,0899600",83,2019,80.0,1.0,1.0,3.0,2272743,2.0,2,3,1,5.0,,0.0,0,2004.0,B01,138Â 197Â 608,2.0,-1.0,-1.0,1734683,2.0,7,,0.0,2.0,2.0,A01,138Â 197Â 610,1.0
1016216,201900057747,10,26,19:30,3,1,1,1.0,1.0,83023,Route Departementale 43,M,"43,3702050","6,0899600",83,2019,80.0,1.0,1.0,3.0,2272744,1.0,1,3,1,5.0,,0.0,0,2001.0,B01,138Â 197Â 608,2.0,-1.0,-1.0,1734682,1.0,2,,0.0,2.0,1.0,B01,138Â 197Â 608,1.0
1016216,201900057747,10,26,19:30,3,1,1,1.0,1.0,83023,Route Departementale 43,M,"43,3702050","6,0899600",83,2019,80.0,1.0,1.0,3.0,2272744,1.0,1,3,1,5.0,,0.0,0,2001.0,B01,138Â 197Â 608,2.0,-1.0,-1.0,1734683,2.0,7,,0.0,2.0,2.0,A01,138Â 197Â 610,1.0
1016216,201900057747,10,26,19:30,3,1,1,1.0,1.0,83023,Route Departementale 43,M,"43,3702050","6,0899600",83,2019,80.0,1.0,1.0,3.0,2272745,1.0,1,3,1,5.0,,0.0,0,1984.0,A01,138Â 197Â 610,1.0,-1.0,-1.0,1734682,1.0,2,,0.0,2.0,1.0,B01,138Â 197Â 608,1.0
1016216,201900057747,10,26,19:30,3,1,1,1.0,1.0,83023,Route Departementale 43,M,"43,3702050","6,0899600",83,2019,80.0,1.0,1.0,3.0,2272745,1.0,1,3,1,5.0,,0.0,0,1984.0,A01,138Â 197Â 610,1.0,-1.0,-1.0,1734683,2.0,7,,0.0,2.0,2.0,A01,138Â 197Â 610,1.0
1016217,201900057748,8,18,18:30,1,1,1,1.0,7.0,29049,PEN PRAT,M,"48,0416801"," -3,9159285",29,2019,80.0,8.0,1.0,3.0,2272746,1.0,1,3,1,5.0,,0.0,0,1993.0,A01,138Â 197Â 605,2.0,5.0,6.0,1734684,1.0,33,,13.0,0.0,1.0,A01,138Â 197Â 605,1.0
1016218,201900057749,3,26,12:45,1,2,2,1.0,6.0,97209,FRANCOIS ARAGO (RUE),M,"14,6058000"," -61,0725000",972,2019,30.0,1.0,1.0,4.0,2272747,10.0,3,4,2,5.0,,3.0,3,1996.0,A01,138Â 197Â 603,8.0,0.0,-1.0,1734685,2.0,7,,0.0,0.0,0.0,A01,138Â 197Â 603,1.0
1016218,201900057749,3,26,12:45,1,2,2,1.0,6.0,97209,FRANCOIS ARAGO (RUE),M,"14,6058000"," -61,0725000",972,2019,30.0,1.0,1.0,4.0,2272747,10.0,3,4,2,5.0,,3.0,3,1996.0,A01,138Â 197Â 603,8.0,0.0,-1.0,1734686,1.0,0,,0.0,0.0,0.0,A01,138Â 197Â 619,-1.0
1016218,201900057749,3,26,12:45,1,2,2,1.0,6.0,97209,FRANCOIS ARAGO (RUE),M,"14,6058000"," -61,0725000",972,2019,30.0,1.0,1.0,4.0,2272748,1.0,1,1,1,-1.0,,-1.0, -1,1900.0,A01,138Â 197Â 619,9.0,9.0,9.0,1734685,2.0,7,,0.0,0.0,0.0,A01,138Â 197Â 603,1.0
1016218,201900057749,3,26,12:45,1,2,2,1.0,6.0,97209,FRANCOIS ARAGO (RUE),M,"14,6058000"," -61,0725000",972,2019,30.0,1.0,1.0,4.0,2272748,1.0,1,1,1,-1.0,,-1.0, -1,1900.0,A01,138Â 197Â 619,9.0,9.0,9.0,1734686,1.0,0,,0.0,0.0,0.0,A01,138Â 197Â 619,-1.0
1016219,201900057750,5,30,21:30,2,1,1,1.0,2.0,89206,D955,M,"47,9654360","3,3844840",89,2019,80.0,1.0,1.0,3.0,2272749,1.0,1,1,1,3.0,,0.0,0,1978.0,A01,138Â 197Â 604,8.0,-1.0,-1.0,1734687,1.0,7,,0.0,2.0,1.0,A01,138Â 197Â 604,1.0
1016219,201900057750,5,30,21:30,2,1,1,1.0,2.0,89206,D955,M,"47,9654360","3,3844840",89,2019,80.0,1.0,1.0,3.0,2272749,1.0,1,1,1,3.0,,0.0,0,1978.0,A01,138Â 197Â 604,8.0,-1.0,-1.0,1734688,1.0,7,,0.0,0.0,4.0,B01,138Â 197Â 617,1.0
1016219,201900057750,5,30,21:30,2,1,1,1.0,2.0,89206,D955,M,"47,9654360","3,3844840",89,2019,80.0,1.0,1.0,3.0,2272750,1.0,1,4,2,0.0,,0.0,0,1990.0,B01,138Â 197Â 617,8.0,-1.0,-1.0,1734687,1.0,7,,0.0,2.0,1.0,A01,138Â 197Â 604,1.0
1016219,201900057750,5,30,21:30,2,1,1,1.0,2.0,89206,D955,M,"47,9654360","3,3844840",89,2019,80.0,1.0,1.0,3.0,2272750,1.0,1,4,2,0.0,,0.0,0,1990.0,B01,138Â 197Â 617,8.0,-1.0,-1.0,1734688,1.0,7,,0.0,0.0,4.0,B01,138Â 197Â 617,1.0
1016220,201900057751,10,26,01:30,5,2,1,1.0,6.0,83055,Rue Comtesse de Villeneuve,M,"43,6235790","6,6922520",83,2019,30.0,4.0,1.0,9.0,2272751,1.0,1,4,2,5.0,,0.0,0,2004.0,A01,138Â 197Â 600,8.0,-1.0,-1.0,1734689,0.0,2,,12.0,0.0,1.0,A01,138Â 197Â 600,1.0
1016220,201900057751,10,26,01:30,5,2,1,1.0,6.0,83055,Rue Comtesse de Villeneuve,M,"43,6235790","6,6922520",83,2019,30.0,4.0,1.0,9.0,2272752,2.0,2,3,1,5.0,,0.0,0,2002.0,A01,138Â 197Â 600,2.0,6.0,-1.0,1734689,0.0,2,,12.0,0.0,1.0,A01,138Â 197Â 600,1.0
1016221,201900057752,2,17,14:10,1,2,1,1.0,3.0,92040,GALLIENI (BOULEVARD),M,"48,8315000","2,2672100",92,2019,50.0,3.0,1.0,3.0,2272753,1.0,1,1,1,1.0,,-1.0,0,1980.0,B01,138Â 197Â 598,1.0,0.0,-1.0,1734690,1.0,7,,0.0,6.0,1.0,B01,138Â 197Â 598,1.0
1016221,201900057752,2,17,14:10,1,2,1,1.0,3.0,92040,GALLIENI (BOULEVARD),M,"48,8315000","2,2672100",92,2019,50.0,3.0,1.0,3.0,2272753,1.0,1,1,1,1.0,,-1.0,0,1980.0,B01,138Â 197Â 598,1.0,0.0,-1.0,1734691,2.0,1,,0.0,2.0,3.0,A01,138Â 197Â 601,5.0
1016221,201900057752,2,17,14:10,1,2,1,1.0,3.0,92040,GALLIENI (BOULEVARD),M,"48,8315000","2,2672100",92,2019,50.0,3.0,1.0,3.0,2272754,1.0,1,4,1,5.0,,-1.0,0,1968.0,A01,138Â 197Â 601,2.0,0.0,-1.0,1734690,1.0,7,,0.0,6.0,1.0,B01,138Â 197Â 598,1.0
1016221,201900057752,2,17,14:10,1,2,1,1.0,3.0,92040,GALLIENI (BOULEVARD),M,"48,8315000","2,2672100",92,2019,50.0,3.0,1.0,3.0,2272754,1.0,1,4,1,5.0,,-1.0,0,1968.0,A01,138Â 197Â 601,2.0,0.0,-1.0,1734691,2.0,1,,0.0,2.0,3.0,A01,138Â 197Â 601,5.0
1016222,201900057753,8,18,12:45,1,1,1,1.0,6.0,29274,Brenelio,M,"48,0042000"," -3,6661810",29,2019,80.0,1.0,1.0,3.0,2272755,10.0,3,3,1,5.0,,1.0,3,2003.0,A01,138Â 197Â 594,0.0,-1.0,-1.0,1734692,1.0,7,,0.0,1.0,2.0,A01,138Â 197Â 594,0.0
1016222,201900057753,8,18,12:45,1,1,1,1.0,6.0,29274,Brenelio,M,"48,0042000"," -3,6661810",29,2019,80.0,1.0,1.0,3.0,2272756,1.0,1,1,1,5.0,,0.0,0,1954.0,A01,138Â 197Â 594,1.0,-1.0,-1.0,1734692,1.0,7,,0.0,1.0,2.0,A01,138Â 197Â 594,0.0
1016223,201900057754,3,26,16:45,1,2,3,1.0,3.0,69389,MONTRIBLOUD (DE)                    (R ),M,"45,7665700","4,7892500",69,2019,50.0,1.0,1.0,4.0,2272757,1.0,1,1,1,5.0,,0.0,0,1989.0,B01,138Â 197Â 593,1.0,0.0,-1.0,1734693,1.0,7,,0.0,2.0,1.0,B01,138Â 197Â 593,1.0
1016223,201900057754,3,26,16:45,1,2,3,1.0,3.0,69389,MONTRIBLOUD (DE)                    (R ),M,"45,7665700","4,7892500",69,2019,50.0,1.0,1.0,4.0,2272757,1.0,1,1,1,5.0,,0.0,0,1989.0,B01,138Â 197Â 593,1.0,0.0,-1.0,1734694,2.0,7,,0.0,2.0,2.0,A01,138Â 197Â 599,1.0
1016223,201900057754,3,26,16:45,1,2,3,1.0,3.0,69389,MONTRIBLOUD (DE)                    (R ),M,"45,7665700","4,7892500",69,2019,50.0,1.0,1.0,4.0,2272758,1.0,1,4,2,5.0,,0.0,0,1946.0,A01,138Â 197Â 599,1.0,0.0,-1.0,1734693,1.0,7,,0.0,2.0,1.0,B01,138Â 197Â 593,1.0
1016223,201900057754,3,26,16:45,1,2,3,1.0,3.0,69389,MONTRIBLOUD (DE)                    (R ),M,"45,7665700","4,7892500",69,2019,50.0,1.0,1.0,4.0,2272758,1.0,1,4,2,5.0,,0.0,0,1946.0,A01,138Â 197Â 599,1.0,0.0,-1.0,1734694,2.0,7,,0.0,2.0,2.0,A01,138Â 197Â 599,1.0
1016224,201900057755,10,25,23:45,3,1,1,1.0,6.0,83138,,M,"43,6100520","6,7208600",83,2019,80.0,3.0,1.0,3.0,2272759,2.0,2,4,2,5.0,,0.0,0,1974.0,A01,138Â 197Â 592,8.0,-1.0,-1.0,1734695,2.0,7,,13.0,0.0,2.0,A01,138Â 197Â 592,1.0
1016224,201900057755,10,25,23:45,3,1,1,1.0,6.0,83138,,M,"43,6100520","6,7208600",83,2019,80.0,3.0,1.0,3.0,2272760,1.0,1,2,1,5.0,,0.0,0,1985.0,A01,138Â 197Â 592,8.0,-1.0,-1.0,1734695,2.0,7,,13.0,0.0,2.0,A01,138Â 197Â 592,1.0
1016225,201900057756,8,19,12:35,1,1,1,1.0,7.0,02422,"Lieu dit ""les fiolles""",M,"49,9175990","3,6086100",2,2019,-1.0,1.0,3.0,4.0,2272761,1.0,1,4,1,5.0,,0.0,0,2003.0,A01,138Â 197Â 591,2.0,6.0,-1.0,1734696,3.0,2,,14.0,0.0,0.0,A01,138Â 197Â 591,1.0
1016225,201900057756,8,19,12:35,1,1,1,1.0,7.0,02422,"Lieu dit ""les fiolles""",M,"49,9175990","3,6086100",2,2019,-1.0,1.0,3.0,4.0,2272762,2.0,2,4,1,5.0,,0.0,0,2003.0,A01,138Â 197Â 591,2.0,-1.0,-1.0,1734696,3.0,2,,14.0,0.0,0.0,A01,138Â 197Â 591,1.0
1016226,201900057757,3,26,17:15,1,2,1,1.0,6.0,69149,JACQUARD                            (R ),M,"45,7099700","4,8138700",69,2019,30.0,1.0,1.0,4.0,2272763,1.0,1,1,2,1.0,,0.0,0,1963.0,A01,138Â 197Â 590,1.0,0.0,-1.0,1734697,3.0,7,,0.0,1.0,1.0,A01,138Â 197Â 590,0.0
1016226,201900057757,3,26,17:15,1,2,1,1.0,6.0,69149,JACQUARD                            (R ),M,"45,7099700","4,8138700",69,2019,30.0,1.0,1.0,4.0,2272764,10.0,3,4,2,0.0,,1.0,3,1941.0,A01,138Â 197Â 590,0.0,0.0,-1.0,1734697,3.0,7,,0.0,1.0,1.0,A01,138Â 197Â 590,0.0
1016227,201900057758,10,26,11:30,1,1,6,1.0,3.0,89037,D943,M,"47,9727021","3,3543240",89,2019,30.0,1.0,1.0,3.0,2272765,1.0,1,1,1,5.0,,0.0,0,1999.0,A01,138Â 197Â 588,1.0,-1.0,-1.0,1734698,2.0,7,,0.0,2.0,3.0,A01,138Â 197Â 588,1.0
1016227,201900057758,10,26,11:30,1,1,6,1.0,3.0,89037,D943,M,"47,9727021","3,3543240",89,2019,30.0,1.0,1.0,3.0,2272765,1.0,1,1,1,5.0,,0.0,0,1999.0,A01,138Â 197Â 588,1.0,-1.0,-1.0,1734699,1.0,33,,0.0,2.0,7.0,B01,138Â 197Â 589,1.0
1016227,201900057758,10,26,11:30,1,1,6,1.0,3.0,89037,D943,M,"47,9727021","3,3543240",89,2019,30.0,1.0,1.0,3.0,2272766,1.0,1,4,1,5.0,,0.0,0,1991.0,B01,138Â 197Â 589,2.0,6.0,-1.0,1734698,2.0,7,,0.0,2.0,3.0,A01,138Â 197Â 588,1.0
1016227,201900057758,10,26,11:30,1,1,6,1.0,3.0,89037,D943,M,"47,9727021","3,3543240",89,2019,30.0,1.0,1.0,3.0,2272766,1.0,1,4,1,5.0,,0.0,0,1991.0,B01,138Â 197Â 589,2.0,6.0,-1.0,1734699,1.0,33,,0.0,2.0,7.0,B01,138Â 197Â 589,1.0
1016228,201900057759,8,17,03:20,5,2,7,2.0,6.0,02057,Place Jeanne d'Arc,M,"49,9955260","3,3079330",2,2019,50.0,1.0,2.0,9.0,2272767,1.0,1,1,1,5.0,,0.0,0,1997.0,A01,138Â 197Â 587,1.0,9.0,-1.0,1734700,1.0,7,,8.0,0.0,1.0,A01,138Â 197Â 587,1.0
1016228,201900057759,8,17,03:20,5,2,7,2.0,6.0,02057,Place Jeanne d'Arc,M,"49,9955260","3,3079330",2,2019,50.0,1.0,2.0,9.0,2272768,2.0,2,3,1,5.0,,0.0,0,1997.0,A01,138Â 197Â 587,9.0,-1.0,-1.0,1734700,1.0,7,,8.0,0.0,1.0,A01,138Â 197Â 587,1.0
1016229,201900057760,8,19,01:00,5,2,1,1.0,7.0,02187,54 Rue Maurice Clausse,M,"49,0353970","3,4351520",2,2019,50.0,4.0,1.0,3.0,2272769,1.0,1,3,1,5.0,,0.0,0,1990.0,A01,138Â 197Â 583,0.0,-1.0,-1.0,1734701,1.0,31,,1.0,0.0,0.0,A01,138Â 197Â 583,1.0
1016230,201900057761,10,26,00:10,5,2,2,1.0,3.0,71342,14 Rue de Bourgogne,M,"46,4593700","4,1082370",71,2019,50.0,1.0,1.0,3.0,2272770,1.0,1,3,1,5.0,,0.0,0,1998.0,A01,138Â 197Â 582,2.0,6.0,-1.0,1734702,2.0,2,,0.0,2.0,7.0,A01,138Â 197Â 582,1.0
1016230,201900057761,10,26,00:10,5,2,2,1.0,3.0,71342,14 Rue de Bourgogne,M,"46,4593700","4,1082370",71,2019,50.0,1.0,1.0,3.0,2272770,1.0,1,3,1,5.0,,0.0,0,1998.0,A01,138Â 197Â 582,2.0,6.0,-1.0,1734703,1.0,7,,0.0,2.0,1.0,B01,138Â 197Â 585,1.0
1016230,201900057761,10,26,00:10,5,2,2,1.0,3.0,71342,14 Rue de Bourgogne,M,"46,4593700","4,1082370",71,2019,50.0,1.0,1.0,3.0,2272771,1.0,1,1,1,1.0,,0.0,0,1996.0,B01,138Â 197Â 585,1.0,-1.0,-1.0,1734702,2.0,2,,0.0,2.0,7.0,A01,138Â 197Â 582,1.0
1016230,201900057761,10,26,00:10,5,2,2,1.0,3.0,71342,14 Rue de Bourgogne,M,"46,4593700","4,1082370",71,2019,50.0,1.0,1.0,3.0,2272771,1.0,1,1,1,1.0,,0.0,0,1996.0,B01,138Â 197Â 585,1.0,-1.0,-1.0,1734703,1.0,7,,0.0,2.0,1.0,B01,138Â 197Â 585,1.0
1016231,201900057762,10,26,18:20,2,1,1,1.0,3.0,52449,D974,M,"47,8276180","5,3275670",52,2019,80.0,1.0,1.0,3.0,2272772,1.0,1,3,1,5.0,,0.0,0,1989.0,B01,138Â 197Â 579,2.0,6.0,-1.0,1734704,2.0,33,,0.0,2.0,1.0,B01,138Â 197Â 579,1.0
1016231,201900057762,10,26,18:20,2,1,1,1.0,3.0,52449,D974,M,"47,8276180","5,3275670",52,2019,80.0,1.0,1.0,3.0,2272772,1.0,1,3,1,5.0,,0.0,0,1989.0,B01,138Â 197Â 579,2.0,6.0,-1.0,1734705,2.0,7,,0.0,2.0,8.0,A01,138Â 197Â 580,1.0
1016231,201900057762,10,26,18:20,2,1,1,1.0,3.0,52449,D974,M,"47,8276180","5,3275670",52,2019,80.0,1.0,1.0,3.0,2272773,2.0,2,1,2,5.0,,0.0,0,1947.0,A01,138Â 197Â 580,1.0,-1.0,-1.0,1734704,2.0,33,,0.0,2.0,1.0,B01,138Â 197Â 579,1.0
1016231,201900057762,10,26,18:20,2,1,1,1.0,3.0,52449,D974,M,"47,8276180","5,3275670",52,2019,80.0,1.0,1.0,3.0,2272773,2.0,2,1,2,5.0,,0.0,0,1947.0,A01,138Â 197Â 580,1.0,-1.0,-1.0,1734705,2.0,7,,0.0,2.0,8.0,A01,138Â 197Â 580,1.0
1016231,201900057762,10,26,18:20,2,1,1,1.0,3.0,52449,D974,M,"47,8276180","5,3275670",52,2019,80.0,1.0,1.0,3.0,2272774,1.0,1,1,1,5.0,,0.0,0,1943.0,A01,138Â 197Â 580,1.0,-1.0,-1.0,1734704,2.0,33,,0.0,2.0,1.0,B01,138Â 197Â 579,1.0
1016231,201900057762,10,26,18:20,2,1,1,1.0,3.0,52449,D974,M,"47,8276180","5,3275670",52,2019,80.0,1.0,1.0,3.0,2272774,1.0,1,1,1,5.0,,0.0,0,1943.0,A01,138Â 197Â 580,1.0,-1.0,-1.0,1734705,2.0,7,,0.0,2.0,8.0,A01,138Â 197Â 580,1.0
1016232,201900057763,5,25,14:30,1,1,1,1.0,6.0,89466,AUTOROUTE A 19 PK 12.860,M,"48,1891189","3,1857182",89,2019,130.0,3.0,1.0,1.0,2272775,7.0,2,4,1,5.0,,0.0,0,2016.0,A01,138Â 197Â 595,3.0,-1.0,-1.0,1734706,2.0,7,,3.0,0.0,8.0,A01,138Â 197Â 595,1.0
1016232,201900057763,5,25,14:30,1,1,1,1.0,6.0,89466,AUTOROUTE A 19 PK 12.860,M,"48,1891189","3,1857182",89,2019,130.0,3.0,1.0,1.0,2272776,2.0,2,4,2,5.0,,0.0,0,1962.0,A01,138Â 197Â 595,1.0,-1.0,-1.0,1734706,2.0,7,,3.0,0.0,8.0,A01,138Â 197Â 595,1.0
1016232,201900057763,5,25,14:30,1,1,1,1.0,6.0,89466,AUTOROUTE A 19 PK 12.860,M,"48,1891189","3,1857182",89,2019,130.0,3.0,1.0,1.0,2272777,9.0,2,3,2,5.0,,0.0,0,1983.0,A01,138Â 197Â 595,8.0,-1.0,-1.0,1734706,2.0,7,,3.0,0.0,8.0,A01,138Â 197Â 595,1.0
1016232,201900057763,5,25,14:30,1,1,1,1.0,6.0,89466,AUTOROUTE A 19 PK 12.860,M,"48,1891189","3,1857182",89,2019,130.0,3.0,1.0,1.0,2272778,8.0,2,2,1,5.0,,0.0,0,2018.0,A01,138Â 197Â 595,0.0,-1.0,-1.0,1734706,2.0,7,,3.0,0.0,8.0,A01,138Â 197Â 595,1.0
1016232,201900057763,5,25,14:30,1,1,1,1.0,6.0,89466,AUTOROUTE A 19 PK 12.860,M,"48,1891189","3,1857182",89,2019,130.0,3.0,1.0,1.0,2272779,1.0,1,4,2,5.0,,0.0,0,1992.0,A01,138Â 197Â 595,1.0,-1.0,-1.0,1734706,2.0,7,,3.0,0.0,8.0,A01,138Â 197Â 595,1.0
1016233,201900057764,8,15,16:01,1,1,3,1.0,3.0,01239,Route dÃ©partementale 37,M,"45,7655970","5,7612620",1,2019,-1.0,1.0,1.0,3.0,2272780,1.0,1,3,1,5.0,,0.0,0,1937.0,A01,138Â 197Â 578,2.0,-1.0,-1.0,1734707,3.0,1,,0.0,0.0,1.0,A01,138Â 197Â 578,5.0
1016233,201900057764,8,15,16:01,1,1,3,1.0,3.0,01239,Route dÃ©partementale 37,M,"45,7655970","5,7612620",1,2019,-1.0,1.0,1.0,3.0,2272780,1.0,1,3,1,5.0,,0.0,0,1937.0,A01,138Â 197Â 578,2.0,-1.0,-1.0,1734708,1.0,2,,0.0,0.0,1.0,B01,138Â 197Â 581,1.0
1016233,201900057764,8,15,16:01,1,1,3,1.0,3.0,01239,Route dÃ©partementale 37,M,"45,7655970","5,7612620",1,2019,-1.0,1.0,1.0,3.0,2272781,1.0,1,1,1,5.0,,0.0,0,2005.0,B01,138Â 197Â 581,2.0,-1.0,-1.0,1734707,3.0,1,,0.0,0.0,1.0,A01,138Â 197Â 578,5.0
1016233,201900057764,8,15,16:01,1,1,3,1.0,3.0,01239,Route dÃ©partementale 37,M,"45,7655970","5,7612620",1,2019,-1.0,1.0,1.0,3.0,2272781,1.0,1,1,1,5.0,,0.0,0,2005.0,B01,138Â 197Â 581,2.0,-1.0,-1.0,1734708,1.0,2,,0.0,0.0,1.0,B01,138Â 197Â 581,1.0
1016234,201900057765,5,6,16:30,1,2,1,1.0,6.0,71342,82 Rue Louis Desrichard,M,"46,4569960","4,1119100",71,2019,50.0,1.0,1.0,9.0,2272782,10.0,3,3,2,3.0,,3.0,3,1958.0,A01,138Â 197Â 576,0.0,-1.0,-1.0,1734709,0.0,7,,0.0,1.0,1.0,A01,138Â 197Â 576,1.0