Unnamed: 0_x,num_acc,mois,jour,hrmn,lum,agg,int,atm,col,com,adr,gps,lat,long,dep,annee,vma,situ,surf,catr,Unnamed: 0_y,place,catu,grav,sexe,trajet,secu,locp,actp,an_nais,num_veh_x,id_vehicule_x,secu1,secu2,secu3,Unnamed: 0,senc,catv,occutc,obs,obsm,choc,num_veh_y,id_vehicule_y,motor
1016234,201900057765,5,6,16:30,1,2,1,1.0,6.0,71342,82 Rue Louis Desrichard,M,"46,4569960","4,1119100",71,2019,50.0,1.0,1.0,9.0,2272783,1.0,1,1,1,3.0,,0.0,0,1939.0,A01,138Â 197Â 576,1.0,-1.0,-1.0,1734709,0.0,7,,0.0,1.0,1.0,A01,138Â 197Â 576,1.0
1016235,201900057766,8,18,08:35,1,2,1,1.0,6.0,01305,Rue MarÃ©chal de Lattre de Tassigny,M,"46,4310180","4,9376580",1,2019,50.0,1.0,1.0,3.0,2272784,1.0,1,1,1,5.0,,0.0,0,1952.0,A01,138Â 197Â 575,1.0,-1.0,-1.0,1734710,1.0,7,,0.0,1.0,2.0,A01,138Â 197Â 575,0.0
1016235,201900057766,8,18,08:35,1,2,1,1.0,6.0,01305,Rue MarÃ©chal de Lattre de Tassigny,M,"46,4310180","4,9376580",1,2019,50.0,1.0,1.0,3.0,2272785,10.0,3,3,1,5.0,,3.0,3,1940.0,A01,138Â 197Â 575,0.0,-1.0,-1.0,1734710,1.0,7,,0.0,1.0,2.0,A01,138Â 197Â 575,0.0
1016236,201900057767,10,24,15:40,1,2,1,1.0,5.0,09282,Grande Rue,M,"43,2349770","1,5755390",9,2019,50.0,1.0,1.0,3.0,2272786,2.0,2,1,2,5.0,,0.0,0,1945.0,C01,138Â 197Â 571,1.0,-1.0,-1.0,1734711,2.0,7,,0.0,2.0,1.0,C01,138Â 197Â 571,1.0
1016236,201900057767,10,24,15:40,1,2,1,1.0,5.0,09282,Grande Rue,M,"43,2349770","1,5755390",9,2019,50.0,1.0,1.0,3.0,2272786,2.0,2,1,2,5.0,,0.0,0,1945.0,C01,138Â 197Â 571,1.0,-1.0,-1.0,1734712,1.0,7,,0.0,0.0,4.0,B01,138Â 197Â 573,1.0
1016236,201900057767,10,24,15:40,1,2,1,1.0,5.0,09282,Grande Rue,M,"43,2349770","1,5755390",9,2019,50.0,1.0,1.0,3.0,2272786,2.0,2,1,2,5.0,,0.0,0,1945.0,C01,138Â 197Â 571,1.0,-1.0,-1.0,1734713,1.0,7,,1.0,2.0,1.0,A01,138Â 197Â 574,1.0
1016236,201900057767,10,24,15:40,1,2,1,1.0,5.0,09282,Grande Rue,M,"43,2349770","1,5755390",9,2019,50.0,1.0,1.0,3.0,2272787,1.0,1,1,1,5.0,,0.0,0,1944.0,C01,138Â 197Â 571,1.0,-1.0,-1.0,1734711,2.0,7,,0.0,2.0,1.0,C01,138Â 197Â 571,1.0
1016236,201900057767,10,24,15:40,1,2,1,1.0,5.0,09282,Grande Rue,M,"43,2349770","1,5755390",9,2019,50.0,1.0,1.0,3.0,2272787,1.0,1,1,1,5.0,,0.0,0,1944.0,C01,138Â 197Â 571,1.0,-1.0,-1.0,1734712,1.0,7,,0.0,0.0,4.0,B01,138Â 197Â 573,1.0
1016236,201900057767,10,24,15:40,1,2,1,1.0,5.0,09282,Grande Rue,M,"43,2349770","1,5755390",9,2019,50.0,1.0,1.0,3.0,2272787,1.0,1,1,1,5.0,,0.0,0,1944.0,C01,138Â 197Â 571,1.0,-1.0,-1.0,1734713,1.0,7,,1.0,2.0,1.0,A01,138Â 197Â 574,1.0
1016236,201900057767,10,24,15:40,1,2,1,1.0,5.0,09282,Grande Rue,M,"43,2349770","1,5755390",9,2019,50.0,1.0,1.0,3.0,2272788,1.0,1,1,1,5.0,,0.0,0,1951.0,B01,138Â 197Â 573,1.0,-1.0,-1.0,1734711,2.0,7,,0.0,2.0,1.0,C01,138Â 197Â 571,1.0
1016236,201900057767,10,24,15:40,1,2,1,1.0,5.0,09282,Grande Rue,M,"43,2349770","1,5755390",9,2019,50.0,1.0,1.0,3.0,2272788,1.0,1,1,1,5.0,,0.0,0,1951.0,B01,138Â 197Â 573,1.0,-1.0,-1.0,1734712,1.0,7,,0.0,0.0,4.0,B01,138Â 197Â 573,1.0
1016236,201900057767,10,24,15:40,1,2,1,1.0,5.0,09282,Grande Rue,M,"43,2349770","1,5755390",9,2019,50.0,1.0,1.0,3.0,2272788,1.0,1,1,1,5.0,,0.0,0,1951.0,B01,138Â 197Â 573,1.0,-1.0,-1.0,1734713,1.0,7,,1.0,2.0,1.0,A01,138Â 197Â 574,1.0
1016236,201900057767,10,24,15:40,1,2,1,1.0,5.0,09282,Grande Rue,M,"43,2349770","1,5755390",9,2019,50.0,1.0,1.0,3.0,2272789,1.0,1,4,1,5.0,,0.0,0,1932.0,A01,138Â 197Â 574,1.0,-1.0,-1.0,1734711,2.0,7,,0.0,2.0,1.0,C01,138Â 197Â 571,1.0
1016236,201900057767,10,24,15:40,1,2,1,1.0,5.0,09282,Grande Rue,M,"43,2349770","1,5755390",9,2019,50.0,1.0,1.0,3.0,2272789,1.0,1,4,1,5.0,,0.0,0,1932.0,A01,138Â 197Â 574,1.0,-1.0,-1.0,1734712,1.0,7,,0.0,0.0,4.0,B01,138Â 197Â 573,1.0
1016236,201900057767,10,24,15:40,1,2,1,1.0,5.0,09282,Grande Rue,M,"43,2349770","1,5755390",9,2019,50.0,1.0,1.0,3.0,2272789,1.0,1,4,1,5.0,,0.0,0,1932.0,A01,138Â 197Â 574,1.0,-1.0,-1.0,1734713,1.0,7,,1.0,2.0,1.0,A01,138Â 197Â 574,1.0
1016237,201900057768,8,13,20:40,2,2,1,1.0,6.0,54129,Rue de la Verrerie,M,"48,5805320","6,9495660",54,2019,50.0,4.0,1.0,3.0,2272790,2.0,2,4,1,5.0,,0.0,0,1984.0,A01,138Â 197Â 570,2.0,-1.0,-1.0,1734714,2.0,2,,8.0,0.0,1.0,A01,138Â 197Â 570,0.0
1016237,201900057768,8,13,20:40,2,2,1,1.0,6.0,54129,Rue de la Verrerie,M,"48,5805320","6,9495660",54,2019,50.0,4.0,1.0,3.0,2272791,1.0,1,4,1,5.0,,0.0,0,1978.0,A01,138Â 197Â 570,2.0,6.0,-1.0,1734714,2.0,2,,8.0,0.0,1.0,A01,138Â 197Â 570,0.0
1016238,201900057769,8,19,17:30,1,1,1,1.0,7.0,72133,la petite pelouse,M,"47,8979600","0,1234160",72,2019,80.0,3.0,1.0,3.0,2272792,1.0,1,3,1,5.0,,0.0,0,1979.0,A01,138Â 197Â 568,1.0,-1.0,-1.0,1734715,1.0,7,,6.0,0.0,1.0,A01,138Â 197Â 568,1.0
1016239,201900057770,9,18,20:30,5,2,6,3.0,3.0,34172,ZENITH (ROND POINT DU),M,"43,6084000","3,9294000",34,2019,50.0,1.0,2.0,4.0,2272793,1.0,1,1,1,1.0,,0.0,0,1960.0,A01,138Â 197Â 596,1.0,0.0,-1.0,1734716,0.0,7,,0.0,2.0,8.0,A01,138Â 197Â 596,1.0
1016239,201900057770,9,18,20:30,5,2,6,3.0,3.0,34172,ZENITH (ROND POINT DU),M,"43,6084000","3,9294000",34,2019,50.0,1.0,2.0,4.0,2272793,1.0,1,1,1,1.0,,0.0,0,1960.0,A01,138Â 197Â 596,1.0,0.0,-1.0,1734717,3.0,33,,0.0,2.0,7.0,B01,138Â 197Â 606,1.0
1016239,201900057770,9,18,20:30,5,2,6,3.0,3.0,34172,ZENITH (ROND POINT DU),M,"43,6084000","3,9294000",34,2019,50.0,1.0,2.0,4.0,2272794,1.0,1,4,1,1.0,,0.0,0,1987.0,B01,138Â 197Â 606,2.0,6.0,-1.0,1734716,0.0,7,,0.0,2.0,8.0,A01,138Â 197Â 596,1.0
1016239,201900057770,9,18,20:30,5,2,6,3.0,3.0,34172,ZENITH (ROND POINT DU),M,"43,6084000","3,9294000",34,2019,50.0,1.0,2.0,4.0,2272794,1.0,1,4,1,1.0,,0.0,0,1987.0,B01,138Â 197Â 606,2.0,6.0,-1.0,1734717,3.0,33,,0.0,2.0,7.0,B01,138Â 197Â 606,1.0
1016240,201900057771,10,25,12:40,1,1,1,1.0,3.0,09282,AllÃ©e de Madron,M,"43,2469810","1,5718680",9,2019,80.0,1.0,1.0,3.0,2272795,1.0,1,4,1,0.0,,0.0,0,1986.0,B01,138Â 197Â 566,1.0,-1.0,-1.0,1734718,1.0,7,,0.0,2.0,8.0,B01,138Â 197Â 566,0.0
1016240,201900057771,10,25,12:40,1,1,1,1.0,3.0,09282,AllÃ©e de Madron,M,"43,2469810","1,5718680",9,2019,80.0,1.0,1.0,3.0,2272795,1.0,1,4,1,0.0,,0.0,0,1986.0,B01,138Â 197Â 566,1.0,-1.0,-1.0,1734719,2.0,7,,3.0,2.0,1.0,A01,138Â 197Â 567,0.0
1016240,201900057771,10,25,12:40,1,1,1,1.0,3.0,09282,AllÃ©e de Madron,M,"43,2469810","1,5718680",9,2019,80.0,1.0,1.0,3.0,2272796,2.0,2,1,1,5.0,,0.0,0,1977.0,A01,138Â 197Â 567,1.0,-1.0,-1.0,1734718,1.0,7,,0.0,2.0,8.0,B01,138Â 197Â 566,0.0
1016240,201900057771,10,25,12:40,1,1,1,1.0,3.0,09282,AllÃ©e de Madron,M,"43,2469810","1,5718680",9,2019,80.0,1.0,1.0,3.0,2272796,2.0,2,1,1,5.0,,0.0,0,1977.0,A01,138Â 197Â 567,1.0,-1.0,-1.0,1734719,2.0,7,,3.0,2.0,1.0,A01,138Â 197Â 567,0.0
1016240,201900057771,10,25,12:40,1,1,1,1.0,3.0,09282,AllÃ©e de Madron,M,"43,2469810","1,5718680",9,2019,80.0,1.0,1.0,3.0,2272797,1.0,1,1,1,9.0,,0.0,0,1900.0,A01,138Â 197Â 567,8.0,-1.0,-1.0,1734718,1.0,7,,0.0,2.0,8.0,B01,138Â 197Â 566,0.0
1016240,201900057771,10,25,12:40,1,1,1,1.0,3.0,09282,AllÃ©e de Madron,M,"43,2469810","1,5718680",9,2019,80.0,1.0,1.0,3.0,2272797,1.0,1,1,1,9.0,,0.0,0,1900.0,A01,138Â 197Â 567,8.0,-1.0,-1.0,1734719,2.0,7,,3.0,2.0,1.0,A01,138Â 197Â 567,0.0
1016241,201900057772,1,3,11:40,1,1,1,1.0,4.0,94074,RN406.Y,M,"48,7571404","2,4728290",94,2019,90.0,1.0,1.0,2.0,2272798,1.0,1,1,1,1.0,,0.0,0,1985.0,C01,138Â 197Â 597,1.0,0.0,-1.0,1734720,1.0,7,,4.0,2.0,3.0,C01,138Â 197Â 597,1.0
1016241,201900057772,1,3,11:40,1,1,1,1.0,4.0,94074,RN406.Y,M,"48,7571404","2,4728290",94,2019,90.0,1.0,1.0,2.0,2272798,1.0,1,1,1,1.0,,0.0,0,1985.0,C01,138Â 197Â 597,1.0,0.0,-1.0,1734721,1.0,7,,0.0,2.0,1.0,B01,138Â 197Â 602,1.0
1016241,201900057772,1,3,11:40,1,1,1,1.0,4.0,94074,RN406.Y,M,"48,7571404","2,4728290",94,2019,90.0,1.0,1.0,2.0,2272798,1.0,1,1,1,1.0,,0.0,0,1985.0,C01,138Â 197Â 597,1.0,0.0,-1.0,1734722,1.0,7,,0.0,2.0,4.0,A01,138Â 197Â 618,1.0
1016241,201900057772,1,3,11:40,1,1,1,1.0,4.0,94074,RN406.Y,M,"48,7571404","2,4728290",94,2019,90.0,1.0,1.0,2.0,2272799,1.0,1,4,1,1.0,,0.0,0,1975.0,B01,138Â 197Â 602,1.0,0.0,-1.0,1734720,1.0,7,,4.0,2.0,3.0,C01,138Â 197Â 597,1.0
1016241,201900057772,1,3,11:40,1,1,1,1.0,4.0,94074,RN406.Y,M,"48,7571404","2,4728290",94,2019,90.0,1.0,1.0,2.0,2272799,1.0,1,4,1,1.0,,0.0,0,1975.0,B01,138Â 197Â 602,1.0,0.0,-1.0,1734721,1.0,7,,0.0,2.0,1.0,B01,138Â 197Â 602,1.0
1016241,201900057772,1,3,11:40,1,1,1,1.0,4.0,94074,RN406.Y,M,"48,7571404","2,4728290",94,2019,90.0,1.0,1.0,2.0,2272799,1.0,1,4,1,1.0,,0.0,0,1975.0,B01,138Â 197Â 602,1.0,0.0,-1.0,1734722,1.0,7,,0.0,2.0,4.0,A01,138Â 197Â 618,1.0
1016241,201900057772,1,3,11:40,1,1,1,1.0,4.0,94074,RN406.Y,M,"48,7571404","2,4728290",94,2019,90.0,1.0,1.0,2.0,2272800,1.0,1,4,1,5.0,,0.0,0,1985.0,A01,138Â 197Â 618,1.0,0.0,-1.0,1734720,1.0,7,,4.0,2.0,3.0,C01,138Â 197Â 597,1.0
1016241,201900057772,1,3,11:40,1,1,1,1.0,4.0,94074,RN406.Y,M,"48,7571404","2,4728290",94,2019,90.0,1.0,1.0,2.0,2272800,1.0,1,4,1,5.0,,0.0,0,1985.0,A01,138Â 197Â 618,1.0,0.0,-1.0,1734721,1.0,7,,0.0,2.0,1.0,B01,138Â 197Â 602,1.0
1016241,201900057772,1,3,11:40,1,1,1,1.0,4.0,94074,RN406.Y,M,"48,7571404","2,4728290",94,2019,90.0,1.0,1.0,2.0,2272800,1.0,1,4,1,5.0,,0.0,0,1985.0,A01,138Â 197Â 618,1.0,0.0,-1.0,1734722,1.0,7,,0.0,2.0,4.0,A01,138Â 197Â 618,1.0
1016241,201900057772,1,3,11:40,1,1,1,1.0,4.0,94074,RN406.Y,M,"48,7571404","2,4728290",94,2019,90.0,1.0,1.0,2.0,2272801,4.0,2,4,2,5.0,,0.0,0,2014.0,A01,138Â 197Â 618,1.0,0.0,-1.0,1734720,1.0,7,,4.0,2.0,3.0,C01,138Â 197Â 597,1.0
1016241,201900057772,1,3,11:40,1,1,1,1.0,4.0,94074,RN406.Y,M,"48,7571404","2,4728290",94,2019,90.0,1.0,1.0,2.0,2272801,4.0,2,4,2,5.0,,0.0,0,2014.0,A01,138Â 197Â 618,1.0,0.0,-1.0,1734721,1.0,7,,0.0,2.0,1.0,B01,138Â 197Â 602,1.0
1016241,201900057772,1,3,11:40,1,1,1,1.0,4.0,94074,RN406.Y,M,"48,7571404","2,4728290",94,2019,90.0,1.0,1.0,2.0,2272801,4.0,2,4,2,5.0,,0.0,0,2014.0,A01,138Â 197Â 618,1.0,0.0,-1.0,1734722,1.0,7,,0.0,2.0,4.0,A01,138Â 197Â 618,1.0
1016242,201900057773,1,3,09:00,1,1,1,1.0,2.0,94017,A4,M,"48,8265870","2,5181730",94,2019,90.0,1.0,1.0,1.0,2272802,1.0,1,4,1,1.0,,-1.0,0,1981.0,A01,138Â 197Â 560,1.0,0.0,-1.0,1734723,2.0,7,,3.0,2.0,3.0,A01,138Â 197Â 560,1.0
1016242,201900057773,1,3,09:00,1,1,1,1.0,2.0,94017,A4,M,"48,8265870","2,5181730",94,2019,90.0,1.0,1.0,1.0,2272802,1.0,1,4,1,1.0,,-1.0,0,1981.0,A01,138Â 197Â 560,1.0,0.0,-1.0,1734724,2.0,15,,0.0,2.0,2.0,B01,138Â 197Â 561,1.0
1016242,201900057773,1,3,09:00,1,1,1,1.0,2.0,94017,A4,M,"48,8265870","2,5181730",94,2019,90.0,1.0,1.0,1.0,2272803,1.0,1,1,1,4.0,,-1.0,0,1972.0,B01,138Â 197Â 561,1.0,0.0,-1.0,1734723,2.0,7,,3.0,2.0,3.0,A01,138Â 197Â 560,1.0
1016242,201900057773,1,3,09:00,1,1,1,1.0,2.0,94017,A4,M,"48,8265870","2,5181730",94,2019,90.0,1.0,1.0,1.0,2272803,1.0,1,1,1,4.0,,-1.0,0,1972.0,B01,138Â 197Â 561,1.0,0.0,-1.0,1734724,2.0,15,,0.0,2.0,2.0,B01,138Â 197Â 561,1.0
1016243,201900057774,3,25,18:42,1,2,3,1.0,1.0,91692,TROPIQUES (AVENUE DES),M,"48,6846300","2,1940600",91,2019,45.0,1.0,1.0,3.0,2272804,1.0,1,4,1,9.0,,0.0,0,1985.0,B01,138Â 197Â 584,2.0,6.0,-1.0,1734725,2.0,32,,0.0,2.0,1.0,B01,138Â 197Â 584,1.0
1016243,201900057774,3,25,18:42,1,2,3,1.0,1.0,91692,TROPIQUES (AVENUE DES),M,"48,6846300","2,1940600",91,2019,45.0,1.0,1.0,3.0,2272804,1.0,1,4,1,9.0,,0.0,0,1985.0,B01,138Â 197Â 584,2.0,6.0,-1.0,1734726,1.0,7,,0.0,2.0,3.0,A01,138Â 197Â 586,1.0
1016243,201900057774,3,25,18:42,1,2,3,1.0,1.0,91692,TROPIQUES (AVENUE DES),M,"48,6846300","2,1940600",91,2019,45.0,1.0,1.0,3.0,2272805,1.0,1,1,1,0.0,,0.0,0,1996.0,A01,138Â 197Â 586,1.0,8.0,-1.0,1734725,2.0,32,,0.0,2.0,1.0,B01,138Â 197Â 584,1.0
1016243,201900057774,3,25,18:42,1,2,3,1.0,1.0,91692,TROPIQUES (AVENUE DES),M,"48,6846300","2,1940600",91,2019,45.0,1.0,1.0,3.0,2272805,1.0,1,1,1,0.0,,0.0,0,1996.0,A01,138Â 197Â 586,1.0,8.0,-1.0,1734726,1.0,7,,0.0,2.0,3.0,A01,138Â 197Â 586,1.0
1016244,201900057775,10,25,16:05,1,1,2,1.0,3.0,17307,Route du Silo,M,"45,6997110"," -0,9205230",17,2019,80.0,1.0,1.0,3.0,2272806,2.0,2,3,2,3.0,,0.0,0,1984.0,A01,138Â 197Â 562,2.0,-1.0,-1.0,1734727,3.0,35,,0.0,2.0,1.0,A01,138Â 197Â 562,1.0
1016244,201900057775,10,25,16:05,1,1,2,1.0,3.0,17307,Route du Silo,M,"45,6997110"," -0,9205230",17,2019,80.0,1.0,1.0,3.0,2272806,2.0,2,3,2,3.0,,0.0,0,1984.0,A01,138Â 197Â 562,2.0,-1.0,-1.0,1734728,1.0,7,,0.0,2.0,5.0,B01,138Â 197Â 563,1.0
1016244,201900057775,10,25,16:05,1,1,2,1.0,3.0,17307,Route du Silo,M,"45,6997110"," -0,9205230",17,2019,80.0,1.0,1.0,3.0,2272807,1.0,1,3,1,3.0,,0.0,0,1964.0,A01,138Â 197Â 562,2.0,-1.0,-1.0,1734727,3.0,35,,0.0,2.0,1.0,A01,138Â 197Â 562,1.0
1016244,201900057775,10,25,16:05,1,1,2,1.0,3.0,17307,Route du Silo,M,"45,6997110"," -0,9205230",17,2019,80.0,1.0,1.0,3.0,2272807,1.0,1,3,1,3.0,,0.0,0,1964.0,A01,138Â 197Â 562,2.0,-1.0,-1.0,1734728,1.0,7,,0.0,2.0,5.0,B01,138Â 197Â 563,1.0
1016244,201900057775,10,25,16:05,1,1,2,1.0,3.0,17307,Route du Silo,M,"45,6997110"," -0,9205230",17,2019,80.0,1.0,1.0,3.0,2272808,1.0,1,1,2,5.0,,0.0,0,1984.0,B01,138Â 197Â 563,1.0,-1.0,-1.0,1734727,3.0,35,,0.0,2.0,1.0,A01,138Â 197Â 562,1.0
1016244,201900057775,10,25,16:05,1,1,2,1.0,3.0,17307,Route du Silo,M,"45,6997110"," -0,9205230",17,2019,80.0,1.0,1.0,3.0,2272808,1.0,1,1,2,5.0,,0.0,0,1984.0,B01,138Â 197Â 563,1.0,-1.0,-1.0,1734728,1.0,7,,0.0,2.0,5.0,B01,138Â 197Â 563,1.0
1016245,201900057776,5,27,19:40,1,2,1,1.0,6.0,71176,36 avenue des platanes,M,"46,4813900","3,9802650",71,2019,70.0,3.0,1.0,3.0,2272809,2.0,2,3,2,0.0,,0.0,0,1968.0,A01,138Â 197Â 569,8.0,-1.0,-1.0,1734729,2.0,7,,2.0,0.0,3.0,A01,138Â 197Â 569,1.0
1016245,201900057776,5,27,19:40,1,2,1,1.0,6.0,71176,36 avenue des platanes,M,"46,4813900","3,9802650",71,2019,70.0,3.0,1.0,3.0,2272810,1.0,1,3,1,0.0,,0.0,0,1972.0,A01,138Â 197Â 569,8.0,-1.0,-1.0,1734729,2.0,7,,2.0,0.0,3.0,A01,138Â 197Â 569,1.0
1016246,201900057777,8,18,10:15,1,1,1,1.0,6.0,05017,RN94,M,"44,5622263","6,2048239",5,2019,80.0,3.0,1.0,2.0,2272811,1.0,1,3,2,0.0,,0.0,0,1989.0,A01,138Â 197Â 565,1.0,-1.0,-1.0,1734730,1.0,7,,3.0,0.0,9.0,A01,138Â 197Â 565,1.0
1016247,201900057778,9,20,23:40,5,2,2,1.0,6.0,34172,LIBERTE (AVENUE DE LA,M,"43,6088801","3,8529169",34,2019,50.0,1.0,1.0,4.0,2272812,10.0,3,2,2,5.0,,2.0,3,1995.0,A01,138Â 197Â 564,8.0,0.0,-1.0,1734731,1.0,0,,0.0,1.0,3.0,A01,138Â 197Â 564,0.0
1016248,201900057779,1,1,17:25,3,1,1,8.0,6.0,77122,RN104,M,"48,6464200","2,5948540",77,2019,110.0,1.0,1.0,2.0,2272813,1.0,1,4,1,5.0,,0.0,0,1999.0,A01,138Â 197Â 559,1.0,0.0,-1.0,1734732,1.0,7,,13.0,0.0,9.0,A01,138Â 197Â 559,1.0
1016249,201900057780,9,21,12:35,1,1,1,2.0,1.0,30189,GENERAC (ROUTE),M,"43,8001000","4,3535000",30,2019,70.0,1.0,2.0,4.0,2272814,1.0,1,1,1,5.0,,-1.0, -1,1978.0,A01,138Â 197Â 549,1.0,5.0,-1.0,1734733,0.0,7,,0.0,2.0,3.0,A01,138Â 197Â 549,1.0
1016249,201900057780,9,21,12:35,1,1,1,2.0,1.0,30189,GENERAC (ROUTE),M,"43,8001000","4,3535000",30,2019,70.0,1.0,2.0,4.0,2272814,1.0,1,1,1,5.0,,-1.0, -1,1978.0,A01,138Â 197Â 549,1.0,5.0,-1.0,1734734,0.0,7,,0.0,2.0,3.0,B01,138Â 197Â 550,1.0
1016249,201900057780,9,21,12:35,1,1,1,2.0,1.0,30189,GENERAC (ROUTE),M,"43,8001000","4,3535000",30,2019,70.0,1.0,2.0,4.0,2272815,5.0,2,2,1,0.0,,-1.0, -1,2017.0,B01,138Â 197Â 550,1.0,8.0,-1.0,1734733,0.0,7,,0.0,2.0,3.0,A01,138Â 197Â 549,1.0
1016249,201900057780,9,21,12:35,1,1,1,2.0,1.0,30189,GENERAC (ROUTE),M,"43,8001000","4,3535000",30,2019,70.0,1.0,2.0,4.0,2272815,5.0,2,2,1,0.0,,-1.0, -1,2017.0,B01,138Â 197Â 550,1.0,8.0,-1.0,1734734,0.0,7,,0.0,2.0,3.0,B01,138Â 197Â 550,1.0
1016249,201900057780,9,21,12:35,1,1,1,2.0,1.0,30189,GENERAC (ROUTE),M,"43,8001000","4,3535000",30,2019,70.0,1.0,2.0,4.0,2272816,1.0,1,4,1,5.0,,-1.0, -1,1976.0,B01,138Â 197Â 550,1.0,5.0,-1.0,1734733,0.0,7,,0.0,2.0,3.0,A01,138Â 197Â 549,1.0
1016249,201900057780,9,21,12:35,1,1,1,2.0,1.0,30189,GENERAC (ROUTE),M,"43,8001000","4,3535000",30,2019,70.0,1.0,2.0,4.0,2272816,1.0,1,4,1,5.0,,-1.0, -1,1976.0,B01,138Â 197Â 550,1.0,5.0,-1.0,1734734,0.0,7,,0.0,2.0,3.0,B01,138Â 197Â 550,1.0
1016249,201900057780,9,21,12:35,1,1,1,2.0,1.0,30189,GENERAC (ROUTE),M,"43,8001000","4,3535000",30,2019,70.0,1.0,2.0,4.0,2272817,2.0,2,4,2,5.0,,-1.0, -1,1997.0,B01,138Â 197Â 550,1.0,5.0,-1.0,1734733,0.0,7,,0.0,2.0,3.0,A01,138Â 197Â 549,1.0
1016249,201900057780,9,21,12:35,1,1,1,2.0,1.0,30189,GENERAC (ROUTE),M,"43,8001000","4,3535000",30,2019,70.0,1.0,2.0,4.0,2272817,2.0,2,4,2,5.0,,-1.0, -1,1997.0,B01,138Â 197Â 550,1.0,5.0,-1.0,1734734,0.0,7,,0.0,2.0,3.0,B01,138Â 197Â 550,1.0
1016250,201900057781,9,21,11:55,1,2,1,1.0,2.0,17306,BOUCHET LOUIS (AVENUE),M,"45,6243100"," -1,0028300",17,2019,50.0,1.0,1.0,4.0,2272818,1.0,1,4,1,5.0,,-1.0,0,1965.0,A01,138Â 197Â 547,2.0,8.0,-1.0,1734735,2.0,33,,0.0,2.0,1.0,A01,138Â 197Â 547,1.0
1016250,201900057781,9,21,11:55,1,2,1,1.0,2.0,17306,BOUCHET LOUIS (AVENUE),M,"45,6243100"," -1,0028300",17,2019,50.0,1.0,1.0,4.0,2272818,1.0,1,4,1,5.0,,-1.0,0,1965.0,A01,138Â 197Â 547,2.0,8.0,-1.0,1734736,2.0,7,,0.0,2.0,5.0,B01,138Â 197Â 548,1.0
1016250,201900057781,9,21,11:55,1,2,1,1.0,2.0,17306,BOUCHET LOUIS (AVENUE),M,"45,6243100"," -1,0028300",17,2019,50.0,1.0,1.0,4.0,2272819,1.0,1,1,1,5.0,,-1.0,0,1940.0,B01,138Â 197Â 548,1.0,8.0,-1.0,1734735,2.0,33,,0.0,2.0,1.0,A01,138Â 197Â 547,1.0
1016250,201900057781,9,21,11:55,1,2,1,1.0,2.0,17306,BOUCHET LOUIS (AVENUE),M,"45,6243100"," -1,0028300",17,2019,50.0,1.0,1.0,4.0,2272819,1.0,1,1,1,5.0,,-1.0,0,1940.0,B01,138Â 197Â 548,1.0,8.0,-1.0,1734736,2.0,7,,0.0,2.0,5.0,B01,138Â 197Â 548,1.0
1016251,201900057782,2,12,13:40,1,2,4,1.0,6.0,92024,VICTOR HUGO (BD),M,"48,8974677","2,3104824",92,2019,50.0,1.0,1.0,3.0,2272820,10.0,3,4,2,5.0,,4.0,3,1967.0,A01,138Â 197Â 551,8.0,0.0,-1.0,1734737,1.0,34,,0.0,1.0,1.0,A01,138Â 197Â 551,1.0
1016251,201900057782,2,12,13:40,1,2,4,1.0,6.0,92024,VICTOR HUGO (BD),M,"48,8974677","2,3104824",92,2019,50.0,1.0,1.0,3.0,2272821,1.0,1,1,1,5.0,,-1.0,0,1989.0,A01,138Â 197Â 551,2.0,6.0,-1.0,1734737,1.0,34,,0.0,1.0,1.0,A01,138Â 197Â 551,1.0
1016252,201900057783,9,20,19:30,2,1,1,1.0,1.0,72343,Le Chatelais,M,"47,8117220"," -0,4125520",72,2019,80.0,1.0,1.0,3.0,2272822,1.0,1,1,1,5.0,,0.0,0,2000.0,A01,138Â 197Â 552,1.0,-1.0,-1.0,1734738,2.0,10,,13.0,2.0,7.0,A01,138Â 197Â 552,1.0
1016252,201900057783,9,20,19:30,2,1,1,1.0,1.0,72343,Le Chatelais,M,"47,8117220"," -0,4125520",72,2019,80.0,1.0,1.0,3.0,2272822,1.0,1,1,1,5.0,,0.0,0,2000.0,A01,138Â 197Â 552,1.0,-1.0,-1.0,1734739,1.0,7,,0.0,2.0,2.0,B01,138Â 197Â 557,1.0
1016252,201900057783,9,20,19:30,2,1,1,1.0,1.0,72343,Le Chatelais,M,"47,8117220"," -0,4125520",72,2019,80.0,1.0,1.0,3.0,2272823,7.0,2,1,1,5.0,,0.0,0,2007.0,B01,138Â 197Â 557,1.0,-1.0,-1.0,1734738,2.0,10,,13.0,2.0,7.0,A01,138Â 197Â 552,1.0
1016252,201900057783,9,20,19:30,2,1,1,1.0,1.0,72343,Le Chatelais,M,"47,8117220"," -0,4125520",72,2019,80.0,1.0,1.0,3.0,2272823,7.0,2,1,1,5.0,,0.0,0,2007.0,B01,138Â 197Â 557,1.0,-1.0,-1.0,1734739,1.0,7,,0.0,2.0,2.0,B01,138Â 197Â 557,1.0
1016252,201900057783,9,20,19:30,2,1,1,1.0,1.0,72343,Le Chatelais,M,"47,8117220"," -0,4125520",72,2019,80.0,1.0,1.0,3.0,2272824,9.0,2,1,1,5.0,,0.0,0,2019.0,B01,138Â 197Â 557,3.0,-1.0,-1.0,1734738,2.0,10,,13.0,2.0,7.0,A01,138Â 197Â 552,1.0