Unnamed: 0_x,num_acc,mois,jour,hrmn,lum,agg,int,atm,col,com,adr,gps,lat,long,dep,annee,vma,situ,surf,catr,Unnamed: 0_y,place,catu,grav,sexe,trajet,secu,locp,actp,an_nais,num_veh_x,id_vehicule_x,secu1,secu2,secu3,Unnamed: 0,senc,catv,occutc,obs,obsm,choc,num_veh_y,id_vehicule_y,motor
1016252,201900057783,9,20,19:30,2,1,1,1.0,1.0,72343,Le Chatelais,M,"47,8117220"," -0,4125520",72,2019,80.0,1.0,1.0,3.0,2272824,9.0,2,1,1,5.0,,0.0,0,2019.0,B01,138Â 197Â 557,3.0,-1.0,-1.0,1734739,1.0,7,,0.0,2.0,2.0,B01,138Â 197Â 557,1.0
1016252,201900057783,9,20,19:30,2,1,1,1.0,1.0,72343,Le Chatelais,M,"47,8117220"," -0,4125520",72,2019,80.0,1.0,1.0,3.0,2272825,8.0,2,1,2,5.0,,0.0,0,2016.0,B01,138Â 197Â 557,3.0,-1.0,-1.0,1734738,2.0,10,,13.0,2.0,7.0,A01,138Â 197Â 552,1.0
1016252,201900057783,9,20,19:30,2,1,1,1.0,1.0,72343,Le Chatelais,M,"47,8117220"," -0,4125520",72,2019,80.0,1.0,1.0,3.0,2272825,8.0,2,1,2,5.0,,0.0,0,2016.0,B01,138Â 197Â 557,3.0,-1.0,-1.0,1734739,1.0,7,,0.0,2.0,2.0,B01,138Â 197Â 557,1.0
1016252,201900057783,9,20,19:30,2,1,1,1.0,1.0,72343,Le Chatelais,M,"47,8117220"," -0,4125520",72,2019,80.0,1.0,1.0,3.0,2272826,2.0,2,1,1,5.0,,0.0,0,2005.0,B01,138Â 197Â 557,1.0,-1.0,-1.0,1734738,2.0,10,,13.0,2.0,7.0,A01,138Â 197Â 552,1.0
1016252,201900057783,9,20,19:30,2,1,1,1.0,1.0,72343,Le Chatelais,M,"47,8117220"," -0,4125520",72,2019,80.0,1.0,1.0,3.0,2272826,2.0,2,1,1,5.0,,0.0,0,2005.0,B01,138Â 197Â 557,1.0,-1.0,-1.0,1734739,1.0,7,,0.0,2.0,2.0,B01,138Â 197Â 557,1.0
1016252,201900057783,9,20,19:30,2,1,1,1.0,1.0,72343,Le Chatelais,M,"47,8117220"," -0,4125520",72,2019,80.0,1.0,1.0,3.0,2272827,1.0,1,4,2,5.0,,0.0,0,1980.0,B01,138Â 197Â 557,1.0,-1.0,-1.0,1734738,2.0,10,,13.0,2.0,7.0,A01,138Â 197Â 552,1.0
1016252,201900057783,9,20,19:30,2,1,1,1.0,1.0,72343,Le Chatelais,M,"47,8117220"," -0,4125520",72,2019,80.0,1.0,1.0,3.0,2272827,1.0,1,4,2,5.0,,0.0,0,1980.0,B01,138Â 197Â 557,1.0,-1.0,-1.0,1734739,1.0,7,,0.0,2.0,2.0,B01,138Â 197Â 557,1.0
1016253,201900057784,3,26,17:30,1,1,1,1.0,3.0,91691,CD 94,M,"48,7329100","2,4976000",91,2019,50.0,1.0,1.0,3.0,2272828,1.0,1,1,1,0.0,,0.0,0,1996.0,A01,138Â 197Â 553,1.0,0.0,-1.0,1734740,3.0,7,,0.0,2.0,6.0,A01,138Â 197Â 553,0.0
1016253,201900057784,3,26,17:30,1,1,1,1.0,3.0,91691,CD 94,M,"48,7329100","2,4976000",91,2019,50.0,1.0,1.0,3.0,2272828,1.0,1,1,1,0.0,,0.0,0,1996.0,A01,138Â 197Â 553,1.0,0.0,-1.0,1734741,3.0,34,,0.0,2.0,2.0,B01,138Â 197Â 558,0.0
1016253,201900057784,3,26,17:30,1,1,1,1.0,3.0,91691,CD 94,M,"48,7329100","2,4976000",91,2019,50.0,1.0,1.0,3.0,2272829,2.0,1,4,1,0.0,,0.0,0,1964.0,B01,138Â 197Â 558,2.0,0.0,-1.0,1734740,3.0,7,,0.0,2.0,6.0,A01,138Â 197Â 553,0.0
1016253,201900057784,3,26,17:30,1,1,1,1.0,3.0,91691,CD 94,M,"48,7329100","2,4976000",91,2019,50.0,1.0,1.0,3.0,2272829,2.0,1,4,1,0.0,,0.0,0,1964.0,B01,138Â 197Â 558,2.0,0.0,-1.0,1734741,3.0,34,,0.0,2.0,2.0,B01,138Â 197Â 558,0.0
1016254,201900057785,5,9,12:17,1,2,1,8.0,6.0,71176,Route de Roanne,M,"46,4745710","3,9931540",71,2019,70.0,1.0,2.0,3.0,2272830,1.0,1,1,2,0.0,,0.0,0,1966.0,A01,138Â 197Â 554,1.0,-1.0,-1.0,1734742,3.0,7,,0.0,1.0,1.0,A01,138Â 197Â 554,1.0
1016254,201900057785,5,9,12:17,1,2,1,8.0,6.0,71176,Route de Roanne,M,"46,4745710","3,9931540",71,2019,70.0,1.0,2.0,3.0,2272831,10.0,3,3,2,2.0,,3.0,3,2005.0,A01,138Â 197Â 554,0.0,-1.0,-1.0,1734742,3.0,7,,0.0,1.0,1.0,A01,138Â 197Â 554,1.0
1016255,201900057786,9,21,16:32,1,2,1,1.0,3.0,14333,REVEL (RUE JEAN),M,"49,4173200","0,2403600",14,2019,50.0,1.0,1.0,4.0,2272832,1.0,1,1,1,4.0,,0.0,0,1997.0,A01,138Â 197Â 544,1.0,0.0,-1.0,1734743,3.0,10,,1.0,0.0,7.0,A01,138Â 197Â 544,1.0
1016255,201900057786,9,21,16:32,1,2,1,1.0,3.0,14333,REVEL (RUE JEAN),M,"49,4173200","0,2403600",14,2019,50.0,1.0,1.0,4.0,2272832,1.0,1,1,1,4.0,,0.0,0,1997.0,A01,138Â 197Â 544,1.0,0.0,-1.0,1734744,3.0,37,2.0,0.0,2.0,8.0,B01,138Â 197Â 545,1.0
1016255,201900057786,9,21,16:32,1,2,1,1.0,3.0,14333,REVEL (RUE JEAN),M,"49,4173200","0,2403600",14,2019,50.0,1.0,1.0,4.0,2272833,1.0,1,1,2,4.0,,0.0,0,1977.0,B01,138Â 197Â 545,1.0,0.0,-1.0,1734743,3.0,10,,1.0,0.0,7.0,A01,138Â 197Â 544,1.0
1016255,201900057786,9,21,16:32,1,2,1,1.0,3.0,14333,REVEL (RUE JEAN),M,"49,4173200","0,2403600",14,2019,50.0,1.0,1.0,4.0,2272833,1.0,1,1,2,4.0,,0.0,0,1977.0,B01,138Â 197Â 545,1.0,0.0,-1.0,1734744,3.0,37,2.0,0.0,2.0,8.0,B01,138Â 197Â 545,1.0
1016255,201900057786,9,21,16:32,1,2,1,1.0,3.0,14333,REVEL (RUE JEAN),M,"49,4173200","0,2403600",14,2019,50.0,1.0,1.0,4.0,2272834,9.0,2,4,1,5.0,,0.0,0,1977.0,B01,138Â 197Â 545,8.0,0.0,-1.0,1734743,3.0,10,,1.0,0.0,7.0,A01,138Â 197Â 544,1.0
1016255,201900057786,9,21,16:32,1,2,1,1.0,3.0,14333,REVEL (RUE JEAN),M,"49,4173200","0,2403600",14,2019,50.0,1.0,1.0,4.0,2272834,9.0,2,4,1,5.0,,0.0,0,1977.0,B01,138Â 197Â 545,8.0,0.0,-1.0,1734744,3.0,37,2.0,0.0,2.0,8.0,B01,138Â 197Â 545,1.0
1016256,201900057787,8,19,16:50,1,1,1,1.0,6.0,73019,D1006,M,"45,4797873","6,2916287",73,2019,80.0,3.0,1.0,3.0,2272835,1.0,1,3,1,1.0,,0.0,0,1991.0,A01,138Â 197Â 541,1.0,-1.0,-1.0,1734745,1.0,7,,13.0,0.0,1.0,A01,138Â 197Â 541,1.0
1016257,201900057788,9,21,20:40,5,2,1,2.0,1.0,13213,BARRY (BOULEVARD),M,"43,3180740","5,4098510",13,2019,50.0,1.0,2.0,7.0,2272836,1.0,1,4,2,0.0,,-1.0, -1,1995.0,A01,138Â 197Â 538,1.0,0.0,-1.0,1734746,1.0,7,,0.0,0.0,6.0,A01,138Â 197Â 538,1.0
1016257,201900057788,9,21,20:40,5,2,1,2.0,1.0,13213,BARRY (BOULEVARD),M,"43,3180740","5,4098510",13,2019,50.0,1.0,2.0,7.0,2272836,1.0,1,4,2,0.0,,-1.0, -1,1995.0,A01,138Â 197Â 538,1.0,0.0,-1.0,1734747,2.0,7,,0.0,0.0,3.0,Z01,138Â 197Â 540,1.0
1016258,201900057789,2,8,20:45,5,2,2,1.0,3.0,92024,CLICHY (QUAI DE) DE (8 A 60),M,"48,9082646","2,2998578",92,2019,50.0,1.0,1.0,3.0,2272837,1.0,1,1,1,0.0,,-1.0,0,1975.0,A01,138Â 197Â 537,8.0,8.0,-1.0,1734748,1.0,7,,0.0,2.0,1.0,A01,138Â 197Â 537,1.0
1016258,201900057789,2,8,20:45,5,2,2,1.0,3.0,92024,CLICHY (QUAI DE) DE (8 A 60),M,"48,9082646","2,2998578",92,2019,50.0,1.0,1.0,3.0,2272837,1.0,1,1,1,0.0,,-1.0,0,1975.0,A01,138Â 197Â 537,8.0,8.0,-1.0,1734749,2.0,7,,0.0,2.0,2.0,B01,138Â 197Â 539,1.0
1016258,201900057789,2,8,20:45,5,2,2,1.0,3.0,92024,CLICHY (QUAI DE) DE (8 A 60),M,"48,9082646","2,2998578",92,2019,50.0,1.0,1.0,3.0,2272838,2.0,2,4,1,0.0,,-1.0,0,2000.0,B01,138Â 197Â 539,8.0,8.0,-1.0,1734748,1.0,7,,0.0,2.0,1.0,A01,138Â 197Â 537,1.0
1016258,201900057789,2,8,20:45,5,2,2,1.0,3.0,92024,CLICHY (QUAI DE) DE (8 A 60),M,"48,9082646","2,2998578",92,2019,50.0,1.0,1.0,3.0,2272838,2.0,2,4,1,0.0,,-1.0,0,2000.0,B01,138Â 197Â 539,8.0,8.0,-1.0,1734749,2.0,7,,0.0,2.0,2.0,B01,138Â 197Â 539,1.0
1016258,201900057789,2,8,20:45,5,2,2,1.0,3.0,92024,CLICHY (QUAI DE) DE (8 A 60),M,"48,9082646","2,2998578",92,2019,50.0,1.0,1.0,3.0,2272839,1.0,1,1,1,0.0,,-1.0,0,1998.0,B01,138Â 197Â 539,8.0,8.0,-1.0,1734748,1.0,7,,0.0,2.0,1.0,A01,138Â 197Â 537,1.0
1016258,201900057789,2,8,20:45,5,2,2,1.0,3.0,92024,CLICHY (QUAI DE) DE (8 A 60),M,"48,9082646","2,2998578",92,2019,50.0,1.0,1.0,3.0,2272839,1.0,1,1,1,0.0,,-1.0,0,1998.0,B01,138Â 197Â 539,8.0,8.0,-1.0,1734749,2.0,7,,0.0,2.0,2.0,B01,138Â 197Â 539,1.0
1016259,201900057790,8,17,21:45,3,1,1,1.0,6.0,10055,Route DÃ©partementale 671,M,"48,1284240","4,3457690",10,2019,80.0,3.0,2.0,3.0,2272840,8.0,2,3,1,5.0,,0.0,0,1988.0,A01,138Â 197Â 536,0.0,-1.0,-1.0,1734750,1.0,7,,2.0,0.0,2.0,A01,138Â 197Â 536,1.0
1016259,201900057790,8,17,21:45,3,1,1,1.0,6.0,10055,Route DÃ©partementale 671,M,"48,1284240","4,3457690",10,2019,80.0,3.0,2.0,3.0,2272841,9.0,2,4,1,5.0,,0.0,0,1985.0,A01,138Â 197Â 536,0.0,-1.0,-1.0,1734750,1.0,7,,2.0,0.0,2.0,A01,138Â 197Â 536,1.0
1016259,201900057790,8,17,21:45,3,1,1,1.0,6.0,10055,Route DÃ©partementale 671,M,"48,1284240","4,3457690",10,2019,80.0,3.0,2.0,3.0,2272842,2.0,2,3,2,5.0,,0.0,0,1986.0,A01,138Â 197Â 536,1.0,-1.0,-1.0,1734750,1.0,7,,2.0,0.0,2.0,A01,138Â 197Â 536,1.0
1016259,201900057790,8,17,21:45,3,1,1,1.0,6.0,10055,Route DÃ©partementale 671,M,"48,1284240","4,3457690",10,2019,80.0,3.0,2.0,3.0,2272843,7.0,2,4,1,5.0,,0.0,0,1981.0,A01,138Â 197Â 536,0.0,-1.0,-1.0,1734750,1.0,7,,2.0,0.0,2.0,A01,138Â 197Â 536,1.0
1016259,201900057790,8,17,21:45,3,1,1,1.0,6.0,10055,Route DÃ©partementale 671,M,"48,1284240","4,3457690",10,2019,80.0,3.0,2.0,3.0,2272844,1.0,1,4,1,5.0,,0.0,0,1982.0,A01,138Â 197Â 536,1.0,-1.0,-1.0,1734750,1.0,7,,2.0,0.0,2.0,A01,138Â 197Â 536,1.0
1016260,201900057791,9,21,21:15,5,2,1,2.0,1.0,13203,JOBIN (RUE),M,"43,3112783","5,3884544",13,2019,50.0,1.0,2.0,4.0,2272845,1.0,1,1,2,5.0,,-1.0, -1,1975.0,B01,138Â 197Â 534,1.0,0.0,-1.0,1734751,1.0,7,,0.0,0.0,3.0,B01,138Â 197Â 534,0.0
1016260,201900057791,9,21,21:15,5,2,1,2.0,1.0,13203,JOBIN (RUE),M,"43,3112783","5,3884544",13,2019,50.0,1.0,2.0,4.0,2272845,1.0,1,1,2,5.0,,-1.0, -1,1975.0,B01,138Â 197Â 534,1.0,0.0,-1.0,1734752,1.0,31,,0.0,2.0,0.0,A01,138Â 197Â 535,0.0
1016260,201900057791,9,21,21:15,5,2,1,2.0,1.0,13203,JOBIN (RUE),M,"43,3112783","5,3884544",13,2019,50.0,1.0,2.0,4.0,2272846,1.0,1,3,1,4.0,,-1.0, -1,1994.0,A01,138Â 197Â 535,2.0,0.0,-1.0,1734751,1.0,7,,0.0,0.0,3.0,B01,138Â 197Â 534,0.0
1016260,201900057791,9,21,21:15,5,2,1,2.0,1.0,13203,JOBIN (RUE),M,"43,3112783","5,3884544",13,2019,50.0,1.0,2.0,4.0,2272846,1.0,1,3,1,4.0,,-1.0, -1,1994.0,A01,138Â 197Â 535,2.0,0.0,-1.0,1734752,1.0,31,,0.0,2.0,0.0,A01,138Â 197Â 535,0.0
1016261,201900057792,9,21,14:20,1,2,1,3.0,7.0,13212,CAILLOLS (AVENUE DES),M,"43,3037400","5,4287100",13,2019,50.0,1.0,2.0,4.0,2272847,1.0,1,3,1,9.0,,-1.0, -1,1951.0,A01,138Â 197Â 530,2.0,8.0,-1.0,1734753,1.0,34,,0.0,0.0,7.0,A01,138Â 197Â 530,1.0
1016262,201900057793,5,10,10:38,1,2,1,1.0,6.0,71106,Place de l'Ãglise,M,"46,4340660","4,2747330",71,2019,30.0,1.0,1.0,3.0,2272848,1.0,1,1,1,5.0,,0.0,0,1928.0,A01,138Â 197Â 527,1.0,-1.0,-1.0,1734754,1.0,7,,0.0,1.0,2.0,A01,138Â 197Â 527,1.0
1016262,201900057793,5,10,10:38,1,2,1,1.0,6.0,71106,Place de l'Ãglise,M,"46,4340660","4,2747330",71,2019,30.0,1.0,1.0,3.0,2272849,10.0,3,3,2,5.0,,2.0,3,1932.0,A01,138Â 197Â 527,0.0,-1.0,-1.0,1734754,1.0,7,,0.0,1.0,2.0,A01,138Â 197Â 527,1.0
1016263,201900057794,8,17,20:30,2,1,1,1.0,1.0,21131,D976,M,"47,0248580","5,1692310",21,2019,80.0,3.0,1.0,3.0,2272850,1.0,1,3,1,5.0,,0.0,0,1992.0,B01,138Â 197Â 522,8.0,-1.0,-1.0,1734755,2.0,7,,0.0,2.0,3.0,B01,138Â 197Â 522,1.0
1016263,201900057794,8,17,20:30,2,1,1,1.0,1.0,21131,D976,M,"47,0248580","5,1692310",21,2019,80.0,3.0,1.0,3.0,2272850,1.0,1,3,1,5.0,,0.0,0,1992.0,B01,138Â 197Â 522,8.0,-1.0,-1.0,1734756,1.0,7,,0.0,2.0,3.0,A01,138Â 197Â 528,1.0
1016263,201900057794,8,17,20:30,2,1,1,1.0,1.0,21131,D976,M,"47,0248580","5,1692310",21,2019,80.0,3.0,1.0,3.0,2272851,2.0,2,3,1,5.0,,0.0,0,1994.0,B01,138Â 197Â 522,8.0,-1.0,-1.0,1734755,2.0,7,,0.0,2.0,3.0,B01,138Â 197Â 522,1.0
1016263,201900057794,8,17,20:30,2,1,1,1.0,1.0,21131,D976,M,"47,0248580","5,1692310",21,2019,80.0,3.0,1.0,3.0,2272851,2.0,2,3,1,5.0,,0.0,0,1994.0,B01,138Â 197Â 522,8.0,-1.0,-1.0,1734756,1.0,7,,0.0,2.0,3.0,A01,138Â 197Â 528,1.0
1016263,201900057794,8,17,20:30,2,1,1,1.0,1.0,21131,D976,M,"47,0248580","5,1692310",21,2019,80.0,3.0,1.0,3.0,2272852,1.0,1,4,2,5.0,,0.0,0,1999.0,A01,138Â 197Â 528,1.0,-1.0,-1.0,1734755,2.0,7,,0.0,2.0,3.0,B01,138Â 197Â 522,1.0
1016263,201900057794,8,17,20:30,2,1,1,1.0,1.0,21131,D976,M,"47,0248580","5,1692310",21,2019,80.0,3.0,1.0,3.0,2272852,1.0,1,4,2,5.0,,0.0,0,1999.0,A01,138Â 197Â 528,1.0,-1.0,-1.0,1734756,1.0,7,,0.0,2.0,3.0,A01,138Â 197Â 528,1.0
1016264,201900057795,8,16,18:45,1,1,1,1.0,1.0,24074,Le gard,M,"44,8588480","1,3472020",24,2019,80.0,1.0,1.0,3.0,2272853,1.0,1,3,1,5.0,,0.0,0,1999.0,A01,138Â 197Â 520,2.0,6.0,-1.0,1734757,2.0,33,,0.0,2.0,1.0,A01,138Â 197Â 520,1.0
1016264,201900057795,8,16,18:45,1,1,1,1.0,1.0,24074,Le gard,M,"44,8588480","1,3472020",24,2019,80.0,1.0,1.0,3.0,2272853,1.0,1,3,1,5.0,,0.0,0,1999.0,A01,138Â 197Â 520,2.0,6.0,-1.0,1734758,1.0,7,,0.0,2.0,1.0,B01,138Â 197Â 521,1.0
1016264,201900057795,8,16,18:45,1,1,1,1.0,1.0,24074,Le gard,M,"44,8588480","1,3472020",24,2019,80.0,1.0,1.0,3.0,2272854,1.0,1,1,1,5.0,,0.0,0,1963.0,B01,138Â 197Â 521,1.0,-1.0,-1.0,1734757,2.0,33,,0.0,2.0,1.0,A01,138Â 197Â 520,1.0
1016264,201900057795,8,16,18:45,1,1,1,1.0,1.0,24074,Le gard,M,"44,8588480","1,3472020",24,2019,80.0,1.0,1.0,3.0,2272854,1.0,1,1,1,5.0,,0.0,0,1963.0,B01,138Â 197Â 521,1.0,-1.0,-1.0,1734758,1.0,7,,0.0,2.0,1.0,B01,138Â 197Â 521,1.0
1016264,201900057795,8,16,18:45,1,1,1,1.0,1.0,24074,Le gard,M,"44,8588480","1,3472020",24,2019,80.0,1.0,1.0,3.0,2272855,2.0,2,1,2,5.0,,0.0,0,1960.0,B01,138Â 197Â 521,1.0,-1.0,-1.0,1734757,2.0,33,,0.0,2.0,1.0,A01,138Â 197Â 520,1.0
1016264,201900057795,8,16,18:45,1,1,1,1.0,1.0,24074,Le gard,M,"44,8588480","1,3472020",24,2019,80.0,1.0,1.0,3.0,2272855,2.0,2,1,2,5.0,,0.0,0,1960.0,B01,138Â 197Â 521,1.0,-1.0,-1.0,1734758,1.0,7,,0.0,2.0,1.0,B01,138Â 197Â 521,1.0
1016265,201900057796,8,16,12:00,1,1,9,1.0,1.0,24564,Le Pauly,M,"45,2407810","0,2834850",24,2019,50.0,1.0,1.0,3.0,2272856,2.0,1,1,1,0.0,,0.0,0,1943.0,A01,138Â 197Â 518,1.0,-1.0,-1.0,1734759,2.0,7,,0.0,0.0,7.0,A01,138Â 197Â 518,1.0
1016265,201900057796,8,16,12:00,1,1,9,1.0,1.0,24564,Le Pauly,M,"45,2407810","0,2834850",24,2019,50.0,1.0,1.0,3.0,2272856,2.0,1,1,1,0.0,,0.0,0,1943.0,A01,138Â 197Â 518,1.0,-1.0,-1.0,1734760,1.0,33,,0.0,2.0,1.0,B01,138Â 197Â 519,1.0
1016265,201900057796,8,16,12:00,1,1,9,1.0,1.0,24564,Le Pauly,M,"45,2407810","0,2834850",24,2019,50.0,1.0,1.0,3.0,2272857,1.0,1,3,1,0.0,,0.0,0,1993.0,B01,138Â 197Â 519,2.0,-1.0,-1.0,1734759,2.0,7,,0.0,0.0,7.0,A01,138Â 197Â 518,1.0
1016265,201900057796,8,16,12:00,1,1,9,1.0,1.0,24564,Le Pauly,M,"45,2407810","0,2834850",24,2019,50.0,1.0,1.0,3.0,2272857,1.0,1,3,1,0.0,,0.0,0,1993.0,B01,138Â 197Â 519,2.0,-1.0,-1.0,1734760,1.0,33,,0.0,2.0,1.0,B01,138Â 197Â 519,1.0
1016266,201900057797,2,16,10:00,1,2,2,1.0,3.0,92012,CHARLES DE GAULLE (AVENUE) - COTE PAIR,M,"48,8483565","2,2372560",92,2019,50.0,2.0,1.0,4.0,2272858,1.0,1,1,1,5.0,,-1.0,0,1981.0,A01,138Â 197Â 524,1.0,0.0,-1.0,1734761,1.0,7,,0.0,2.0,3.0,A01,138Â 197Â 524,1.0
1016266,201900057797,2,16,10:00,1,2,2,1.0,3.0,92012,CHARLES DE GAULLE (AVENUE) - COTE PAIR,M,"48,8483565","2,2372560",92,2019,50.0,2.0,1.0,4.0,2272858,1.0,1,1,1,5.0,,-1.0,0,1981.0,A01,138Â 197Â 524,1.0,0.0,-1.0,1734762,1.0,2,,0.0,2.0,6.0,B01,138Â 197Â 533,1.0
1016266,201900057797,2,16,10:00,1,2,2,1.0,3.0,92012,CHARLES DE GAULLE (AVENUE) - COTE PAIR,M,"48,8483565","2,2372560",92,2019,50.0,2.0,1.0,4.0,2272859,2.0,2,4,1,0.0,,-1.0,0,1993.0,B01,138Â 197Â 533,2.0,0.0,-1.0,1734761,1.0,7,,0.0,2.0,3.0,A01,138Â 197Â 524,1.0
1016266,201900057797,2,16,10:00,1,2,2,1.0,3.0,92012,CHARLES DE GAULLE (AVENUE) - COTE PAIR,M,"48,8483565","2,2372560",92,2019,50.0,2.0,1.0,4.0,2272859,2.0,2,4,1,0.0,,-1.0,0,1993.0,B01,138Â 197Â 533,2.0,0.0,-1.0,1734762,1.0,2,,0.0,2.0,6.0,B01,138Â 197Â 533,1.0
1016266,201900057797,2,16,10:00,1,2,2,1.0,3.0,92012,CHARLES DE GAULLE (AVENUE) - COTE PAIR,M,"48,8483565","2,2372560",92,2019,50.0,2.0,1.0,4.0,2272860,1.0,1,1,1,0.0,,-1.0,0,1987.0,B01,138Â 197Â 533,2.0,0.0,-1.0,1734761,1.0,7,,0.0,2.0,3.0,A01,138Â 197Â 524,1.0
1016266,201900057797,2,16,10:00,1,2,2,1.0,3.0,92012,CHARLES DE GAULLE (AVENUE) - COTE PAIR,M,"48,8483565","2,2372560",92,2019,50.0,2.0,1.0,4.0,2272860,1.0,1,1,1,0.0,,-1.0,0,1987.0,B01,138Â 197Â 533,2.0,0.0,-1.0,1734762,1.0,2,,0.0,2.0,6.0,B01,138Â 197Â 533,1.0
1016267,201900057798,10,26,12:30,1,2,1,1.0,3.0,50404,D253,M,"49,0304620"," -0,9058380",50,2019,50.0,1.0,1.0,3.0,2272861,1.0,1,3,1,5.0,,0.0,0,1972.0,A01,138Â 197Â 525,2.0,-1.0,-1.0,1734763,1.0,2,,0.0,2.0,2.0,A01,138Â 197Â 525,1.0
1016267,201900057798,10,26,12:30,1,2,1,1.0,3.0,50404,D253,M,"49,0304620"," -0,9058380",50,2019,50.0,1.0,1.0,3.0,2272861,1.0,1,3,1,5.0,,0.0,0,1972.0,A01,138Â 197Â 525,2.0,-1.0,-1.0,1734764,2.0,7,,0.0,2.0,7.0,B01,138Â 197Â 542,1.0
1016267,201900057798,10,26,12:30,1,2,1,1.0,3.0,50404,D253,M,"49,0304620"," -0,9058380",50,2019,50.0,1.0,1.0,3.0,2272862,1.0,1,1,1,5.0,,0.0,0,1960.0,B01,138Â 197Â 542,1.0,-1.0,-1.0,1734763,1.0,2,,0.0,2.0,2.0,A01,138Â 197Â 525,1.0
1016267,201900057798,10,26,12:30,1,2,1,1.0,3.0,50404,D253,M,"49,0304620"," -0,9058380",50,2019,50.0,1.0,1.0,3.0,2272862,1.0,1,1,1,5.0,,0.0,0,1960.0,B01,138Â 197Â 542,1.0,-1.0,-1.0,1734764,2.0,7,,0.0,2.0,7.0,B01,138Â 197Â 542,1.0
1016268,201900057799,4,30,19:20,1,2,3,1.0,1.0,71219,RD 18,M,"46,6632900","4,9447830",71,2019,-1.0,1.0,1.0,3.0,2272863,1.0,1,1,1,5.0,,0.0,0,1964.0,A01,138Â 197Â 516,1.0,-1.0,-1.0,1734765,2.0,7,,0.0,2.0,2.0,A01,138Â 197Â 516,1.0
1016268,201900057799,4,30,19:20,1,2,3,1.0,1.0,71219,RD 18,M,"46,6632900","4,9447830",71,2019,-1.0,1.0,1.0,3.0,2272863,1.0,1,1,1,5.0,,0.0,0,1964.0,A01,138Â 197Â 516,1.0,-1.0,-1.0,1734766,2.0,1,,0.0,2.0,1.0,B01,138Â 197Â 517,5.0
1016268,201900057799,4,30,19:20,1,2,3,1.0,1.0,71219,RD 18,M,"46,6632900","4,9447830",71,2019,-1.0,1.0,1.0,3.0,2272864,1.0,1,3,1,5.0,,0.0,0,1966.0,B01,138Â 197Â 517,0.0,-1.0,-1.0,1734765,2.0,7,,0.0,2.0,2.0,A01,138Â 197Â 516,1.0
1016268,201900057799,4,30,19:20,1,2,3,1.0,1.0,71219,RD 18,M,"46,6632900","4,9447830",71,2019,-1.0,1.0,1.0,3.0,2272864,1.0,1,3,1,5.0,,0.0,0,1966.0,B01,138Â 197Â 517,0.0,-1.0,-1.0,1734766,2.0,1,,0.0,2.0,1.0,B01,138Â 197Â 517,5.0
1016269,201900057800,3,26,11:00,1,2,1,1.0,2.0,91201,HENRI BARBUSSE(BOULEVARD),M,"48,6678260","2,4162540",91,2019,50.0,1.0,1.0,3.0,2272865,1.0,1,1,1,1.0,,0.0,0,1998.0,A01,138Â 197Â 526,1.0,0.0,-1.0,1734767,2.0,7,,0.0,2.0,1.0,A01,138Â 197Â 526,1.0
1016269,201900057800,3,26,11:00,1,2,1,1.0,2.0,91201,HENRI BARBUSSE(BOULEVARD),M,"48,6678260","2,4162540",91,2019,50.0,1.0,1.0,3.0,2272865,1.0,1,1,1,1.0,,0.0,0,1998.0,A01,138Â 197Â 526,1.0,0.0,-1.0,1734768,2.0,10,,0.0,2.0,4.0,B01,138Â 197Â 543,1.0
1016269,201900057800,3,26,11:00,1,2,1,1.0,2.0,91201,HENRI BARBUSSE(BOULEVARD),M,"48,6678260","2,4162540",91,2019,50.0,1.0,1.0,3.0,2272866,1.0,1,4,1,1.0,,0.0,0,1969.0,B01,138Â 197Â 543,1.0,0.0,-1.0,1734767,2.0,7,,0.0,2.0,1.0,A01,138Â 197Â 526,1.0
1016269,201900057800,3,26,11:00,1,2,1,1.0,2.0,91201,HENRI BARBUSSE(BOULEVARD),M,"48,6678260","2,4162540",91,2019,50.0,1.0,1.0,3.0,2272866,1.0,1,4,1,1.0,,0.0,0,1969.0,B01,138Â 197Â 543,1.0,0.0,-1.0,1734768,2.0,10,,0.0,2.0,4.0,B01,138Â 197Â 543,1.0
1016270,201900057801,5,21,10:01,1,1,1,1.0,1.0,71251,"LIEU DIT LES QUATRES VENTS, RD 681 PK 009+575",M,"46,9041930","4,1629700",71,2019,80.0,1.0,1.0,3.0,2272867,1.0,1,1,1,4.0,,0.0,0,1970.0,B01,138Â 197Â 512,1.0,-1.0,-1.0,1734769,2.0,14,,0.0,2.0,3.0,B01,138Â 197Â 512,1.0
1016270,201900057801,5,21,10:01,1,1,1,1.0,1.0,71251,"LIEU DIT LES QUATRES VENTS, RD 681 PK 009+575",M,"46,9041930","4,1629700",71,2019,80.0,1.0,1.0,3.0,2272867,1.0,1,1,1,4.0,,0.0,0,1970.0,B01,138Â 197Â 512,1.0,-1.0,-1.0,1734770,1.0,7,,0.0,2.0,3.0,A01,138Â 197Â 513,1.0
1016270,201900057801,5,21,10:01,1,1,1,1.0,1.0,71251,"LIEU DIT LES QUATRES VENTS, RD 681 PK 009+575",M,"46,9041930","4,1629700",71,2019,80.0,1.0,1.0,3.0,2272868,1.0,1,2,1,9.0,,0.0,0,1997.0,A01,138Â 197Â 513,1.0,-1.0,-1.0,1734769,2.0,14,,0.0,2.0,3.0,B01,138Â 197Â 512,1.0