Unnamed: 0_x,num_acc,mois,jour,hrmn,lum,agg,int,atm,col,com,adr,gps,lat,long,dep,annee,vma,situ,surf,catr,Unnamed: 0_y,place,catu,grav,sexe,trajet,secu,locp,actp,an_nais,num_veh_x,id_vehicule_x,secu1,secu2,secu3,Unnamed: 0,senc,catv,occutc,obs,obsm,choc,num_veh_y,id_vehicule_y,motor
1016270,201900057801,5,21,10:01,1,1,1,1.0,1.0,71251,"LIEU DIT LES QUATRES VENTS, RD 681 PK 009+575",M,"46,9041930","4,1629700",71,2019,80.0,1.0,1.0,3.0,2272868,1.0,1,2,1,9.0,,0.0,0,1997.0,A01,138Â 197Â 513,1.0,-1.0,-1.0,1734770,1.0,7,,0.0,2.0,3.0,A01,138Â 197Â 513,1.0
1016271,201900057802,9,21,03:10,4,2,1,1.0,1.0,13213,JEAN PAUL SARTRE (AVENUE),M,"43,3268200","5,4255300",13,2019,50.0,1.0,1.0,3.0,2272869,1.0,1,3,1,5.0,,-1.0,0,1997.0,A01,138Â 197Â 523,1.0,0.0,-1.0,1734771,1.0,7,,7.0,2.0,2.0,A01,138Â 197Â 523,1.0
1016271,201900057802,9,21,03:10,4,2,1,1.0,1.0,13213,JEAN PAUL SARTRE (AVENUE),M,"43,3268200","5,4255300",13,2019,50.0,1.0,1.0,3.0,2272869,1.0,1,3,1,5.0,,-1.0,0,1997.0,A01,138Â 197Â 523,1.0,0.0,-1.0,1734772,2.0,7,,0.0,2.0,1.0,B01,138Â 197Â 529,1.0
1016271,201900057802,9,21,03:10,4,2,1,1.0,1.0,13213,JEAN PAUL SARTRE (AVENUE),M,"43,3268200","5,4255300",13,2019,50.0,1.0,1.0,3.0,2272870,3.0,2,3,2,5.0,,-1.0,0,2011.0,B01,138Â 197Â 529,1.0,0.0,-1.0,1734771,1.0,7,,7.0,2.0,2.0,A01,138Â 197Â 523,1.0
1016271,201900057802,9,21,03:10,4,2,1,1.0,1.0,13213,JEAN PAUL SARTRE (AVENUE),M,"43,3268200","5,4255300",13,2019,50.0,1.0,1.0,3.0,2272870,3.0,2,3,2,5.0,,-1.0,0,2011.0,B01,138Â 197Â 529,1.0,0.0,-1.0,1734772,2.0,7,,0.0,2.0,1.0,B01,138Â 197Â 529,1.0
1016271,201900057802,9,21,03:10,4,2,1,1.0,1.0,13213,JEAN PAUL SARTRE (AVENUE),M,"43,3268200","5,4255300",13,2019,50.0,1.0,1.0,3.0,2272871,4.0,2,2,2,5.0,,-1.0,0,2010.0,B01,138Â 197Â 529,1.0,0.0,-1.0,1734771,1.0,7,,7.0,2.0,2.0,A01,138Â 197Â 523,1.0
1016271,201900057802,9,21,03:10,4,2,1,1.0,1.0,13213,JEAN PAUL SARTRE (AVENUE),M,"43,3268200","5,4255300",13,2019,50.0,1.0,1.0,3.0,2272871,4.0,2,2,2,5.0,,-1.0,0,2010.0,B01,138Â 197Â 529,1.0,0.0,-1.0,1734772,2.0,7,,0.0,2.0,1.0,B01,138Â 197Â 529,1.0
1016271,201900057802,9,21,03:10,4,2,1,1.0,1.0,13213,JEAN PAUL SARTRE (AVENUE),M,"43,3268200","5,4255300",13,2019,50.0,1.0,1.0,3.0,2272872,1.0,1,3,2,5.0,,-1.0,2,1977.0,B01,138Â 197Â 529,8.0,8.0,-1.0,1734771,1.0,7,,7.0,2.0,2.0,A01,138Â 197Â 523,1.0
1016271,201900057802,9,21,03:10,4,2,1,1.0,1.0,13213,JEAN PAUL SARTRE (AVENUE),M,"43,3268200","5,4255300",13,2019,50.0,1.0,1.0,3.0,2272872,1.0,1,3,2,5.0,,-1.0,2,1977.0,B01,138Â 197Â 529,8.0,8.0,-1.0,1734772,2.0,7,,0.0,2.0,1.0,B01,138Â 197Â 529,1.0
1016272,201900057803,2,15,14:05,1,2,4,1.0,6.0,92012,JEAN BAPTISTE CLEMENT (AVENUE) 49/FIN -,M,"48,8424853","2,2307986",92,2019,50.0,1.0,1.0,4.0,2272873,10.0,3,4,2,5.0,,2.0,3,1989.0,A01,138Â 197Â 506,8.0,0.0,-1.0,1734773,1.0,30,,0.0,1.0,1.0,A01,138Â 197Â 506,0.0
1016273,201900057804,9,20,22:15,5,2,1,1.0,2.0,75119,BD PERIPHERIQUE INTERIEUR,M,"48,8841290","2,3988700",75,2019,70.0,1.0,1.0,4.0,2272874,1.0,1,1,1,5.0,,0.0,0,1992.0,B01,138Â 197Â 504,1.0,0.0,-1.0,1734774,1.0,7,,0.0,2.0,4.0,B01,138Â 197Â 504,1.0
1016273,201900057804,9,20,22:15,5,2,1,1.0,2.0,75119,BD PERIPHERIQUE INTERIEUR,M,"48,8841290","2,3988700",75,2019,70.0,1.0,1.0,4.0,2272874,1.0,1,1,1,5.0,,0.0,0,1992.0,B01,138Â 197Â 504,1.0,0.0,-1.0,1734775,1.0,34,,0.0,2.0,1.0,A01,138Â 197Â 507,1.0
1016273,201900057804,9,20,22:15,5,2,1,1.0,2.0,75119,BD PERIPHERIQUE INTERIEUR,M,"48,8841290","2,3988700",75,2019,70.0,1.0,1.0,4.0,2272875,1.0,1,4,1,5.0,,0.0,0,1993.0,A01,138Â 197Â 507,2.0,6.0,-1.0,1734774,1.0,7,,0.0,2.0,4.0,B01,138Â 197Â 504,1.0
1016273,201900057804,9,20,22:15,5,2,1,1.0,2.0,75119,BD PERIPHERIQUE INTERIEUR,M,"48,8841290","2,3988700",75,2019,70.0,1.0,1.0,4.0,2272875,1.0,1,4,1,5.0,,0.0,0,1993.0,A01,138Â 197Â 507,2.0,6.0,-1.0,1734775,1.0,34,,0.0,2.0,1.0,A01,138Â 197Â 507,1.0
1016274,201900057805,2,14,15:45,1,2,1,7.0,3.0,92012,EDOUARD VAILLANT (AVENUE) DEBUT/56 - COT,M,"48,8356134","2,2497004",92,2019,50.0,1.0,1.0,3.0,2272876,1.0,1,1,1,9.0,,-1.0,0,1978.0,A01,138Â 197Â 498,8.0,0.0,-1.0,1734776,1.0,7,,0.0,2.0,8.0,A01,138Â 197Â 498,1.0
1016274,201900057805,2,14,15:45,1,2,1,7.0,3.0,92012,EDOUARD VAILLANT (AVENUE) DEBUT/56 - COT,M,"48,8356134","2,2497004",92,2019,50.0,1.0,1.0,3.0,2272876,1.0,1,1,1,9.0,,-1.0,0,1978.0,A01,138Â 197Â 498,8.0,0.0,-1.0,1734777,1.0,32,,0.0,2.0,0.0,B01,138Â 197Â 500,1.0
1016274,201900057805,2,14,15:45,1,2,1,7.0,3.0,92012,EDOUARD VAILLANT (AVENUE) DEBUT/56 - COT,M,"48,8356134","2,2497004",92,2019,50.0,1.0,1.0,3.0,2272877,1.0,1,4,1,1.0,,-1.0,0,1979.0,B01,138Â 197Â 500,2.0,6.0,-1.0,1734776,1.0,7,,0.0,2.0,8.0,A01,138Â 197Â 498,1.0
1016274,201900057805,2,14,15:45,1,2,1,7.0,3.0,92012,EDOUARD VAILLANT (AVENUE) DEBUT/56 - COT,M,"48,8356134","2,2497004",92,2019,50.0,1.0,1.0,3.0,2272877,1.0,1,4,1,1.0,,-1.0,0,1979.0,B01,138Â 197Â 500,2.0,6.0,-1.0,1734777,1.0,32,,0.0,2.0,0.0,B01,138Â 197Â 500,1.0
1016275,201900057806,2,14,15:58,1,2,3,7.0,6.0,92007,RAVERA (AVENUE HENRI) NÂ° 1 A 109 ET 2 A,M,"48,8059900","2,3137200",92,2019,50.0,1.0,1.0,3.0,2272878,10.0,3,4,1,0.0,,3.0,3,1974.0,A01,138Â 197Â 496,0.0,0.0,-1.0,1734778,0.0,7,,0.0,1.0,1.0,A01,138Â 197Â 496,1.0
1016275,201900057806,2,14,15:58,1,2,3,7.0,6.0,92007,RAVERA (AVENUE HENRI) NÂ° 1 A 109 ET 2 A,M,"48,8059900","2,3137200",92,2019,50.0,1.0,1.0,3.0,2272879,1.0,1,1,1,0.0,,0.0,0,1974.0,A01,138Â 197Â 496,1.0,0.0,-1.0,1734778,0.0,7,,0.0,1.0,1.0,A01,138Â 197Â 496,1.0
1016276,201900057807,8,17,19:05,1,2,6,2.0,6.0,85020,Route de Fontenay le Comte,M,"46,3772300"," -0,5965100",85,2019,50.0,4.0,2.0,3.0,2272880,1.0,1,4,2,5.0,,0.0,0,1946.0,A01,138Â 197Â 505,1.0,-1.0,-1.0,1734779,1.0,7,,8.0,0.0,2.0,A01,138Â 197Â 505,1.0
1016277,201900057808,8,19,18:20,1,1,1,1.0,6.0,27085,rue du site gallo-romain,M,"49,3288860","0,7449320",27,2019,80.0,3.0,1.0,4.0,2272881,1.0,1,2,1,5.0,,0.0,0,1998.0,A01,138Â 197Â 495,1.0,-1.0,-1.0,1734780,0.0,7,,5.0,0.0,2.0,A01,138Â 197Â 495,6.0
1016278,201900057809,5,15,18:30,1,1,2,1.0,3.0,71360,D89,M,"46,3283220","4,7421570",71,2019,50.0,1.0,1.0,3.0,2272882,1.0,1,4,1,0.0,,0.0,0,1969.0,B01,138Â 197Â 501,2.0,6.0,-1.0,1734781,1.0,33,,0.0,2.0,1.0,B01,138Â 197Â 501,1.0
1016278,201900057809,5,15,18:30,1,1,2,1.0,3.0,71360,D89,M,"46,3283220","4,7421570",71,2019,50.0,1.0,1.0,3.0,2272882,1.0,1,4,1,0.0,,0.0,0,1969.0,B01,138Â 197Â 501,2.0,6.0,-1.0,1734782,3.0,7,,0.0,2.0,3.0,A01,138Â 197Â 508,1.0
1016278,201900057809,5,15,18:30,1,1,2,1.0,3.0,71360,D89,M,"46,3283220","4,7421570",71,2019,50.0,1.0,1.0,3.0,2272883,1.0,1,1,2,0.0,,0.0,0,1951.0,A01,138Â 197Â 508,1.0,-1.0,-1.0,1734781,1.0,33,,0.0,2.0,1.0,B01,138Â 197Â 501,1.0
1016278,201900057809,5,15,18:30,1,1,2,1.0,3.0,71360,D89,M,"46,3283220","4,7421570",71,2019,50.0,1.0,1.0,3.0,2272883,1.0,1,1,2,0.0,,0.0,0,1951.0,A01,138Â 197Â 508,1.0,-1.0,-1.0,1734782,3.0,7,,0.0,2.0,3.0,A01,138Â 197Â 508,1.0
1016279,201900057810,3,23,12:45,1,2,3,1.0,2.0,91027,EDOUARD VAILLANT (RUE),M,"48,7078230","2,3973390",91,2019,50.0,1.0,1.0,3.0,2272884,1.0,1,1,1,0.0,,0.0,0,1984.0,B01,138Â 197Â 503,1.0,0.0,-1.0,1734783,2.0,10,,0.0,2.0,6.0,B01,138Â 197Â 503,1.0
1016279,201900057810,3,23,12:45,1,2,3,1.0,2.0,91027,EDOUARD VAILLANT (RUE),M,"48,7078230","2,3973390",91,2019,50.0,1.0,1.0,3.0,2272884,1.0,1,1,1,0.0,,0.0,0,1984.0,B01,138Â 197Â 503,1.0,0.0,-1.0,1734784,2.0,30,,0.0,2.0,1.0,A01,138Â 197Â 509,1.0
1016279,201900057810,3,23,12:45,1,2,3,1.0,2.0,91027,EDOUARD VAILLANT (RUE),M,"48,7078230","2,3973390",91,2019,50.0,1.0,1.0,3.0,2272885,1.0,1,4,1,4.0,,0.0,0,1999.0,A01,138Â 197Â 509,8.0,0.0,-1.0,1734783,2.0,10,,0.0,2.0,6.0,B01,138Â 197Â 503,1.0
1016279,201900057810,3,23,12:45,1,2,3,1.0,2.0,91027,EDOUARD VAILLANT (RUE),M,"48,7078230","2,3973390",91,2019,50.0,1.0,1.0,3.0,2272885,1.0,1,4,1,4.0,,0.0,0,1999.0,A01,138Â 197Â 509,8.0,0.0,-1.0,1734784,2.0,30,,0.0,2.0,1.0,A01,138Â 197Â 509,1.0
1016280,201900057811,8,18,10:45,1,1,1,2.0,1.0,37281,La FrilliÃ¨re,M,"47,3959100","0,8272870",37,2019,70.0,1.0,2.0,3.0,2272886,1.0,1,4,1,9.0,,0.0,0,1980.0,A01,138Â 197Â 492,1.0,-1.0,-1.0,1734785,1.0,7,,0.0,2.0,1.0,A01,138Â 197Â 492,0.0
1016280,201900057811,8,18,10:45,1,1,1,2.0,1.0,37281,La FrilliÃ¨re,M,"47,3959100","0,8272870",37,2019,70.0,1.0,2.0,3.0,2272886,1.0,1,4,1,9.0,,0.0,0,1980.0,A01,138Â 197Â 492,1.0,-1.0,-1.0,1734786,2.0,7,,0.0,2.0,3.0,B01,138Â 197Â 494,1.0
1016280,201900057811,8,18,10:45,1,1,1,2.0,1.0,37281,La FrilliÃ¨re,M,"47,3959100","0,8272870",37,2019,70.0,1.0,2.0,3.0,2272887,4.0,2,3,2,9.0,,0.0,0,1983.0,A01,138Â 197Â 492,1.0,-1.0,-1.0,1734785,1.0,7,,0.0,2.0,1.0,A01,138Â 197Â 492,0.0
1016280,201900057811,8,18,10:45,1,1,1,2.0,1.0,37281,La FrilliÃ¨re,M,"47,3959100","0,8272870",37,2019,70.0,1.0,2.0,3.0,2272887,4.0,2,3,2,9.0,,0.0,0,1983.0,A01,138Â 197Â 492,1.0,-1.0,-1.0,1734786,2.0,7,,0.0,2.0,3.0,B01,138Â 197Â 494,1.0
1016280,201900057811,8,18,10:45,1,1,1,2.0,1.0,37281,La FrilliÃ¨re,M,"47,3959100","0,8272870",37,2019,70.0,1.0,2.0,3.0,2272888,3.0,2,3,1,9.0,,0.0,0,2017.0,A01,138Â 197Â 492,1.0,3.0,-1.0,1734785,1.0,7,,0.0,2.0,1.0,A01,138Â 197Â 492,0.0
1016280,201900057811,8,18,10:45,1,1,1,2.0,1.0,37281,La FrilliÃ¨re,M,"47,3959100","0,8272870",37,2019,70.0,1.0,2.0,3.0,2272888,3.0,2,3,1,9.0,,0.0,0,2017.0,A01,138Â 197Â 492,1.0,3.0,-1.0,1734786,2.0,7,,0.0,2.0,3.0,B01,138Â 197Â 494,1.0
1016280,201900057811,8,18,10:45,1,1,1,2.0,1.0,37281,La FrilliÃ¨re,M,"47,3959100","0,8272870",37,2019,70.0,1.0,2.0,3.0,2272889,2.0,2,4,1,9.0,,0.0,0,1978.0,A01,138Â 197Â 492,1.0,-1.0,-1.0,1734785,1.0,7,,0.0,2.0,1.0,A01,138Â 197Â 492,0.0
1016280,201900057811,8,18,10:45,1,1,1,2.0,1.0,37281,La FrilliÃ¨re,M,"47,3959100","0,8272870",37,2019,70.0,1.0,2.0,3.0,2272889,2.0,2,4,1,9.0,,0.0,0,1978.0,A01,138Â 197Â 492,1.0,-1.0,-1.0,1734786,2.0,7,,0.0,2.0,3.0,B01,138Â 197Â 494,1.0
1016280,201900057811,8,18,10:45,1,1,1,2.0,1.0,37281,La FrilliÃ¨re,M,"47,3959100","0,8272870",37,2019,70.0,1.0,2.0,3.0,2272890,1.0,1,4,1,9.0,,0.0,0,1965.0,B01,138Â 197Â 494,1.0,-1.0,-1.0,1734785,1.0,7,,0.0,2.0,1.0,A01,138Â 197Â 492,0.0
1016280,201900057811,8,18,10:45,1,1,1,2.0,1.0,37281,La FrilliÃ¨re,M,"47,3959100","0,8272870",37,2019,70.0,1.0,2.0,3.0,2272890,1.0,1,4,1,9.0,,0.0,0,1965.0,B01,138Â 197Â 494,1.0,-1.0,-1.0,1734786,2.0,7,,0.0,2.0,3.0,B01,138Â 197Â 494,1.0
1016280,201900057811,8,18,10:45,1,1,1,2.0,1.0,37281,La FrilliÃ¨re,M,"47,3959100","0,8272870",37,2019,70.0,1.0,2.0,3.0,2272891,2.0,2,4,2,9.0,,0.0,0,1968.0,B01,138Â 197Â 494,1.0,-1.0,-1.0,1734785,1.0,7,,0.0,2.0,1.0,A01,138Â 197Â 492,0.0
1016280,201900057811,8,18,10:45,1,1,1,2.0,1.0,37281,La FrilliÃ¨re,M,"47,3959100","0,8272870",37,2019,70.0,1.0,2.0,3.0,2272891,2.0,2,4,2,9.0,,0.0,0,1968.0,B01,138Â 197Â 494,1.0,-1.0,-1.0,1734786,2.0,7,,0.0,2.0,3.0,B01,138Â 197Â 494,1.0
1016280,201900057811,8,18,10:45,1,1,1,2.0,1.0,37281,La FrilliÃ¨re,M,"47,3959100","0,8272870",37,2019,70.0,1.0,2.0,3.0,2272892,3.0,2,4,1,9.0,,0.0,0,2008.0,B01,138Â 197Â 494,1.0,-1.0,-1.0,1734785,1.0,7,,0.0,2.0,1.0,A01,138Â 197Â 492,0.0
1016280,201900057811,8,18,10:45,1,1,1,2.0,1.0,37281,La FrilliÃ¨re,M,"47,3959100","0,8272870",37,2019,70.0,1.0,2.0,3.0,2272892,3.0,2,4,1,9.0,,0.0,0,2008.0,B01,138Â 197Â 494,1.0,-1.0,-1.0,1734786,2.0,7,,0.0,2.0,3.0,B01,138Â 197Â 494,1.0
1016280,201900057811,8,18,10:45,1,1,1,2.0,1.0,37281,La FrilliÃ¨re,M,"47,3959100","0,8272870",37,2019,70.0,1.0,2.0,3.0,2272893,4.0,2,4,2,9.0,,0.0,0,2010.0,B01,138Â 197Â 494,1.0,-1.0,-1.0,1734785,1.0,7,,0.0,2.0,1.0,A01,138Â 197Â 492,0.0
1016280,201900057811,8,18,10:45,1,1,1,2.0,1.0,37281,La FrilliÃ¨re,M,"47,3959100","0,8272870",37,2019,70.0,1.0,2.0,3.0,2272893,4.0,2,4,2,9.0,,0.0,0,2010.0,B01,138Â 197Â 494,1.0,-1.0,-1.0,1734786,2.0,7,,0.0,2.0,3.0,B01,138Â 197Â 494,1.0
1016281,201900057812,5,9,12:50,1,2,1,2.0,3.0,71169,"lieu-dit la patte d'oie, D172",M,"46,2973290","4,7654160",71,2019,70.0,1.0,2.0,3.0,2272894,1.0,1,4,1,5.0,,0.0,0,1971.0,A01,138Â 197Â 491,8.0,-1.0,-1.0,1734787,0.0,7,,0.0,2.0,3.0,A01,138Â 197Â 491,1.0
1016281,201900057812,5,9,12:50,1,2,1,2.0,3.0,71169,"lieu-dit la patte d'oie, D172",M,"46,2973290","4,7654160",71,2019,70.0,1.0,2.0,3.0,2272894,1.0,1,4,1,5.0,,0.0,0,1971.0,A01,138Â 197Â 491,8.0,-1.0,-1.0,1734788,0.0,15,,0.0,2.0,3.0,B01,138Â 197Â 493,1.0
1016281,201900057812,5,9,12:50,1,2,1,2.0,3.0,71169,"lieu-dit la patte d'oie, D172",M,"46,2973290","4,7654160",71,2019,70.0,1.0,2.0,3.0,2272895,1.0,1,1,1,1.0,,0.0,0,1981.0,B01,138Â 197Â 493,8.0,-1.0,-1.0,1734787,0.0,7,,0.0,2.0,3.0,A01,138Â 197Â 491,1.0
1016281,201900057812,5,9,12:50,1,2,1,2.0,3.0,71169,"lieu-dit la patte d'oie, D172",M,"46,2973290","4,7654160",71,2019,70.0,1.0,2.0,3.0,2272895,1.0,1,1,1,1.0,,0.0,0,1981.0,B01,138Â 197Â 493,8.0,-1.0,-1.0,1734788,0.0,15,,0.0,2.0,3.0,B01,138Â 197Â 493,1.0
1016281,201900057812,5,9,12:50,1,2,1,2.0,3.0,71169,"lieu-dit la patte d'oie, D172",M,"46,2973290","4,7654160",71,2019,70.0,1.0,2.0,3.0,2272896,2.0,2,1,1,1.0,,0.0,0,1995.0,B01,138Â 197Â 493,8.0,-1.0,-1.0,1734787,0.0,7,,0.0,2.0,3.0,A01,138Â 197Â 491,1.0
1016281,201900057812,5,9,12:50,1,2,1,2.0,3.0,71169,"lieu-dit la patte d'oie, D172",M,"46,2973290","4,7654160",71,2019,70.0,1.0,2.0,3.0,2272896,2.0,2,1,1,1.0,,0.0,0,1995.0,B01,138Â 197Â 493,8.0,-1.0,-1.0,1734788,0.0,15,,0.0,2.0,3.0,B01,138Â 197Â 493,1.0
1016282,201900057813,2,14,16:20,1,1,4,1.0,3.0,29277,KERFEOS,M,"48,4000960"," -4,0208770",29,2019,80.0,1.0,1.0,4.0,2272897,1.0,1,3,1,5.0,,0.0,0,1949.0,A01,138Â 197Â 485,2.0,-1.0,-1.0,1734789,0.0,1,,0.0,2.0,3.0,A01,138Â 197Â 485,0.0
1016282,201900057813,2,14,16:20,1,1,4,1.0,3.0,29277,KERFEOS,M,"48,4000960"," -4,0208770",29,2019,80.0,1.0,1.0,4.0,2272897,1.0,1,3,1,5.0,,0.0,0,1949.0,A01,138Â 197Â 485,2.0,-1.0,-1.0,1734790,0.0,7,,0.0,2.0,2.0,B01,138Â 197Â 487,1.0
1016282,201900057813,2,14,16:20,1,1,4,1.0,3.0,29277,KERFEOS,M,"48,4000960"," -4,0208770",29,2019,80.0,1.0,1.0,4.0,2272898,1.0,1,1,2,5.0,,0.0,0,1941.0,B01,138Â 197Â 487,1.0,-1.0,-1.0,1734789,0.0,1,,0.0,2.0,3.0,A01,138Â 197Â 485,0.0
1016282,201900057813,2,14,16:20,1,1,4,1.0,3.0,29277,KERFEOS,M,"48,4000960"," -4,0208770",29,2019,80.0,1.0,1.0,4.0,2272898,1.0,1,1,2,5.0,,0.0,0,1941.0,B01,138Â 197Â 487,1.0,-1.0,-1.0,1734790,0.0,7,,0.0,2.0,2.0,B01,138Â 197Â 487,1.0
1016283,201900057814,3,31,19:00,1,2,3,1.0,3.0,21407,Rue des Vignes,M,"47,1621800","4,8718450",21,2019,50.0,1.0,1.0,4.0,2272899,1.0,1,1,1,5.0,,0.0,0,1985.0,B01,138Â 197Â 483,1.0,-1.0,-1.0,1734791,3.0,7,,0.0,2.0,8.0,B01,138Â 197Â 483,1.0
1016283,201900057814,3,31,19:00,1,2,3,1.0,3.0,21407,Rue des Vignes,M,"47,1621800","4,8718450",21,2019,50.0,1.0,1.0,4.0,2272899,1.0,1,1,1,5.0,,0.0,0,1985.0,B01,138Â 197Â 483,1.0,-1.0,-1.0,1734792,1.0,33,,0.0,2.0,1.0,A01,138Â 197Â 484,1.0
1016283,201900057814,3,31,19:00,1,2,3,1.0,3.0,21407,Rue des Vignes,M,"47,1621800","4,8718450",21,2019,50.0,1.0,1.0,4.0,2272900,1.0,1,3,1,5.0,,0.0,0,1995.0,A01,138Â 197Â 484,2.0,6.0,9.0,1734791,3.0,7,,0.0,2.0,8.0,B01,138Â 197Â 483,1.0
1016283,201900057814,3,31,19:00,1,2,3,1.0,3.0,21407,Rue des Vignes,M,"47,1621800","4,8718450",21,2019,50.0,1.0,1.0,4.0,2272900,1.0,1,3,1,5.0,,0.0,0,1995.0,A01,138Â 197Â 484,2.0,6.0,9.0,1734792,1.0,33,,0.0,2.0,1.0,A01,138Â 197Â 484,1.0
1016284,201900057815,2,17,14:50,1,1,1,1.0,3.0,50027,La TrÃ©hanniÃ¨re,M,"48,6852340"," -1,4272610",50,2019,-1.0,1.0,1.0,3.0,2272901,7.0,2,4,1,5.0,,0.0,0,1999.0,A01,138Â 197Â 481,1.0,-1.0,-1.0,1734793,2.0,7,,0.0,2.0,5.0,A01,138Â 197Â 481,1.0
1016284,201900057815,2,17,14:50,1,1,1,1.0,3.0,50027,La TrÃ©hanniÃ¨re,M,"48,6852340"," -1,4272610",50,2019,-1.0,1.0,1.0,3.0,2272901,7.0,2,4,1,5.0,,0.0,0,1999.0,A01,138Â 197Â 481,1.0,-1.0,-1.0,1734794,1.0,7,,0.0,2.0,1.0,B01,138Â 197Â 482,1.0
1016284,201900057815,2,17,14:50,1,1,1,1.0,3.0,50027,La TrÃ©hanniÃ¨re,M,"48,6852340"," -1,4272610",50,2019,-1.0,1.0,1.0,3.0,2272902,9.0,2,4,2,5.0,,0.0,0,1999.0,A01,138Â 197Â 481,1.0,-1.0,-1.0,1734793,2.0,7,,0.0,2.0,5.0,A01,138Â 197Â 481,1.0
1016284,201900057815,2,17,14:50,1,1,1,1.0,3.0,50027,La TrÃ©hanniÃ¨re,M,"48,6852340"," -1,4272610",50,2019,-1.0,1.0,1.0,3.0,2272902,9.0,2,4,2,5.0,,0.0,0,1999.0,A01,138Â 197Â 481,1.0,-1.0,-1.0,1734794,1.0,7,,0.0,2.0,1.0,B01,138Â 197Â 482,1.0
1016284,201900057815,2,17,14:50,1,1,1,1.0,3.0,50027,La TrÃ©hanniÃ¨re,M,"48,6852340"," -1,4272610",50,2019,-1.0,1.0,1.0,3.0,2272903,1.0,1,1,2,5.0,,0.0,0,2000.0,A01,138Â 197Â 481,1.0,-1.0,-1.0,1734793,2.0,7,,0.0,2.0,5.0,A01,138Â 197Â 481,1.0
1016284,201900057815,2,17,14:50,1,1,1,1.0,3.0,50027,La TrÃ©hanniÃ¨re,M,"48,6852340"," -1,4272610",50,2019,-1.0,1.0,1.0,3.0,2272903,1.0,1,1,2,5.0,,0.0,0,2000.0,A01,138Â 197Â 481,1.0,-1.0,-1.0,1734794,1.0,7,,0.0,2.0,1.0,B01,138Â 197Â 482,1.0
1016284,201900057815,2,17,14:50,1,1,1,1.0,3.0,50027,La TrÃ©hanniÃ¨re,M,"48,6852340"," -1,4272610",50,2019,-1.0,1.0,1.0,3.0,2272904,2.0,2,1,1,5.0,,0.0,0,1999.0,A01,138Â 197Â 481,1.0,-1.0,-1.0,1734793,2.0,7,,0.0,2.0,5.0,A01,138Â 197Â 481,1.0
1016284,201900057815,2,17,14:50,1,1,1,1.0,3.0,50027,La TrÃ©hanniÃ¨re,M,"48,6852340"," -1,4272610",50,2019,-1.0,1.0,1.0,3.0,2272904,2.0,2,1,1,5.0,,0.0,0,1999.0,A01,138Â 197Â 481,1.0,-1.0,-1.0,1734794,1.0,7,,0.0,2.0,1.0,B01,138Â 197Â 482,1.0
1016284,201900057815,2,17,14:50,1,1,1,1.0,3.0,50027,La TrÃ©hanniÃ¨re,M,"48,6852340"," -1,4272610",50,2019,-1.0,1.0,1.0,3.0,2272905,2.0,2,1,2,5.0,,0.0,0,1950.0,B01,138Â 197Â 482,1.0,-1.0,-1.0,1734793,2.0,7,,0.0,2.0,5.0,A01,138Â 197Â 481,1.0
1016284,201900057815,2,17,14:50,1,1,1,1.0,3.0,50027,La TrÃ©hanniÃ¨re,M,"48,6852340"," -1,4272610",50,2019,-1.0,1.0,1.0,3.0,2272905,2.0,2,1,2,5.0,,0.0,0,1950.0,B01,138Â 197Â 482,1.0,-1.0,-1.0,1734794,1.0,7,,0.0,2.0,1.0,B01,138Â 197Â 482,1.0
1016284,201900057815,2,17,14:50,1,1,1,1.0,3.0,50027,La TrÃ©hanniÃ¨re,M,"48,6852340"," -1,4272610",50,2019,-1.0,1.0,1.0,3.0,2272906,1.0,1,4,1,5.0,,0.0,0,1950.0,B01,138Â 197Â 482,1.0,-1.0,-1.0,1734793,2.0,7,,0.0,2.0,5.0,A01,138Â 197Â 481,1.0
1016284,201900057815,2,17,14:50,1,1,1,1.0,3.0,50027,La TrÃ©hanniÃ¨re,M,"48,6852340"," -1,4272610",50,2019,-1.0,1.0,1.0,3.0,2272906,1.0,1,4,1,5.0,,0.0,0,1950.0,B01,138Â 197Â 482,1.0,-1.0,-1.0,1734794,1.0,7,,0.0,2.0,1.0,B01,138Â 197Â 482,1.0
1016285,201900057816,5,27,23:05,3,1,1,1.0,3.0,21370,Cd 905,M,"47,2526440","5,1798090",21,2019,80.0,1.0,1.0,3.0,2272907,1.0,1,3,2,5.0,,0.0,0,1982.0,B01,138Â 197Â 479,1.0,-1.0,-1.0,1734795,1.0,7,,0.0,2.0,1.0,B01,138Â 197Â 479,1.0
1016285,201900057816,5,27,23:05,3,1,1,1.0,3.0,21370,Cd 905,M,"47,2526440","5,1798090",21,2019,80.0,1.0,1.0,3.0,2272907,1.0,1,3,2,5.0,,0.0,0,1982.0,B01,138Â 197Â 479,1.0,-1.0,-1.0,1734796,2.0,7,,0.0,2.0,6.0,A01,138Â 197Â 480,1.0
1016285,201900057816,5,27,23:05,3,1,1,1.0,3.0,21370,Cd 905,M,"47,2526440","5,1798090",21,2019,80.0,1.0,1.0,3.0,2272908,1.0,1,4,1,4.0,,0.0,0,1983.0,A01,138Â 197Â 480,1.0,-1.0,-1.0,1734795,1.0,7,,0.0,2.0,1.0,B01,138Â 197Â 479,1.0
1016285,201900057816,5,27,23:05,3,1,1,1.0,3.0,21370,Cd 905,M,"47,2526440","5,1798090",21,2019,80.0,1.0,1.0,3.0,2272908,1.0,1,4,1,4.0,,0.0,0,1983.0,A01,138Â 197Â 480,1.0,-1.0,-1.0,1734796,2.0,7,,0.0,2.0,6.0,A01,138Â 197Â 480,1.0