Unnamed: 0_x,num_acc,mois,jour,hrmn,lum,agg,int,atm,col,com,adr,gps,lat,long,dep,annee,vma,situ,surf,catr,Unnamed: 0_y,place,catu,grav,sexe,trajet,secu,locp,actp,an_nais,num_veh_x,id_vehicule_x,secu1,secu2,secu3,Unnamed: 0,senc,catv,occutc,obs,obsm,choc,num_veh_y,id_vehicule_y,motor
1016286,201900057817,2,16,15:15,1,1,1,1.0,7.0,49123,CD 205,M,"47,2212100"," -0,1202420",49,2019,80.0,3.0,1.0,3.0,2272909,1.0,1,3,1,5.0,,0.0,0,2003.0,A01,138Â 197Â 478,2.0,-1.0,-1.0,1734797,1.0,2,,14.0,0.0,7.0,A01,138Â 197Â 478,6.0
1016287,201900057818,2,16,20:15,3,1,1,1.0,6.0,83003,,M,"43,6060180","6,3701710",83,2019,80.0,1.0,1.0,3.0,2272910,1.0,1,3,1,5.0,,0.0,0,2002.0,A01,138Â 197Â 476,2.0,6.0,-1.0,1734798,1.0,2,,11.0,0.0,1.0,A01,138Â 197Â 476,1.0
1016288,201900057819,4,1,17:50,1,1,3,1.0,7.0,21699,D976,M,"47,2021100","5,3459560",21,2019,80.0,1.0,9.0,3.0,2272911,1.0,1,4,1,1.0,,0.0,0,1982.0,A01,138Â 197Â 475,2.0,6.0,-1.0,1734799,1.0,33,,0.0,0.0,7.0,A01,138Â 197Â 475,1.0
1016289,201900057820,2,15,16:30,1,2,3,1.0,3.0,38425,rue Francois Truffaut / rue Romain Rolland,M,"45,3805800","4,7849300",38,2019,50.0,1.0,1.0,4.0,2272912,1.0,1,1,1,3.0,,0.0,0,1941.0,A01,138Â 197Â 473,1.0,-1.0,-1.0,1734800,3.0,7,,0.0,2.0,8.0,A01,138Â 197Â 473,1.0
1016289,201900057820,2,15,16:30,1,2,3,1.0,3.0,38425,rue Francois Truffaut / rue Romain Rolland,M,"45,3805800","4,7849300",38,2019,50.0,1.0,1.0,4.0,2272912,1.0,1,1,1,3.0,,0.0,0,1941.0,A01,138Â 197Â 473,1.0,-1.0,-1.0,1734801,1.0,31,,0.0,2.0,1.0,B01,138Â 197Â 474,1.0
1016289,201900057820,2,15,16:30,1,2,3,1.0,3.0,38425,rue Francois Truffaut / rue Romain Rolland,M,"45,3805800","4,7849300",38,2019,50.0,1.0,1.0,4.0,2272913,1.0,1,2,1,3.0,,0.0,0,1982.0,B01,138Â 197Â 474,2.0,6.0,9.0,1734800,3.0,7,,0.0,2.0,8.0,A01,138Â 197Â 473,1.0
1016289,201900057820,2,15,16:30,1,2,3,1.0,3.0,38425,rue Francois Truffaut / rue Romain Rolland,M,"45,3805800","4,7849300",38,2019,50.0,1.0,1.0,4.0,2272913,1.0,1,2,1,3.0,,0.0,0,1982.0,B01,138Â 197Â 474,2.0,6.0,9.0,1734801,1.0,31,,0.0,2.0,1.0,B01,138Â 197Â 474,1.0
1016290,201900057821,5,18,11:20,1,2,1,1.0,7.0,52105,50 rue du lac,M,"47,9137370","5,3791300",52,2019,50.0,1.0,1.0,3.0,2272914,1.0,1,4,1,5.0,,0.0,0,1941.0,A01,138Â 197Â 472,1.0,-1.0,-1.0,1734802,3.0,7,,16.0,0.0,1.0,A01,138Â 197Â 472,0.0
1016291,201900057822,5,27,18:30,1,1,1,2.0,6.0,52401,route dÃ©partementale 107,M,"48,0385730","5,2648680",52,2019,80.0,3.0,2.0,3.0,2272915,1.0,1,4,1,1.0,,0.0,0,2001.0,A01,138Â 197Â 470,1.0,-1.0,-1.0,1734803,1.0,7,,2.0,0.0,1.0,A01,138Â 197Â 470,1.0
1016292,201900057823,2,15,16:00,1,2,3,1.0,3.0,86128,Intersection de la rue de la lande et de la rue boussageau,M,"46,8049555","0,3141958",86,2019,50.0,1.0,1.0,3.0,2272916,1.0,1,3,1,5.0,,0.0,0,1984.0,B01,138Â 197Â 469,2.0,6.0,-1.0,1734804,0.0,33,,0.0,0.0,7.0,B01,138Â 197Â 469,1.0
1016292,201900057823,2,15,16:00,1,2,3,1.0,3.0,86128,Intersection de la rue de la lande et de la rue boussageau,M,"46,8049555","0,3141958",86,2019,50.0,1.0,1.0,3.0,2272916,1.0,1,3,1,5.0,,0.0,0,1984.0,B01,138Â 197Â 469,2.0,6.0,-1.0,1734805,0.0,7,,0.0,2.0,3.0,A01,138Â 197Â 471,1.0
1016292,201900057823,2,15,16:00,1,2,3,1.0,3.0,86128,Intersection de la rue de la lande et de la rue boussageau,M,"46,8049555","0,3141958",86,2019,50.0,1.0,1.0,3.0,2272917,1.0,1,1,2,5.0,,0.0,0,2000.0,A01,138Â 197Â 471,1.0,-1.0,-1.0,1734804,0.0,33,,0.0,0.0,7.0,B01,138Â 197Â 469,1.0
1016292,201900057823,2,15,16:00,1,2,3,1.0,3.0,86128,Intersection de la rue de la lande et de la rue boussageau,M,"46,8049555","0,3141958",86,2019,50.0,1.0,1.0,3.0,2272917,1.0,1,1,2,5.0,,0.0,0,2000.0,A01,138Â 197Â 471,1.0,-1.0,-1.0,1734805,0.0,7,,0.0,2.0,3.0,A01,138Â 197Â 471,1.0
1016293,201900057824,5,1,06:50,2,1,1,5.0,7.0,10004,route dÃ©partementale 677,M,"48,5795960","4,1520980",10,2019,80.0,3.0,1.0,3.0,2272918,7.0,2,3,1,5.0,,0.0,0,1994.0,A01,138Â 197Â 467,1.0,-1.0,-1.0,1734806,1.0,7,,2.0,0.0,5.0,A01,138Â 197Â 467,1.0
1016293,201900057824,5,1,06:50,2,1,1,5.0,7.0,10004,route dÃ©partementale 677,M,"48,5795960","4,1520980",10,2019,80.0,3.0,1.0,3.0,2272919,2.0,2,1,1,0.0,,0.0,0,1992.0,A01,138Â 197Â 467,1.0,-1.0,-1.0,1734806,1.0,7,,2.0,0.0,5.0,A01,138Â 197Â 467,1.0
1016293,201900057824,5,1,06:50,2,1,1,5.0,7.0,10004,route dÃ©partementale 677,M,"48,5795960","4,1520980",10,2019,80.0,3.0,1.0,3.0,2272920,2.0,2,1,1,5.0,,0.0,0,1989.0,A01,138Â 197Â 467,1.0,-1.0,-1.0,1734806,1.0,7,,2.0,0.0,5.0,A01,138Â 197Â 467,1.0
1016293,201900057824,5,1,06:50,2,1,1,5.0,7.0,10004,route dÃ©partementale 677,M,"48,5795960","4,1520980",10,2019,80.0,3.0,1.0,3.0,2272921,1.0,1,1,1,5.0,,0.0,0,1996.0,A01,138Â 197Â 467,1.0,-1.0,-1.0,1734806,1.0,7,,2.0,0.0,5.0,A01,138Â 197Â 467,1.0
1016294,201900057825,2,18,12:00,1,2,1,1.0,6.0,95229,3 Rue de la Mairie,M,"49,0308090","2,3616090",95,2019,50.0,8.0,1.0,4.0,2272922,1.0,1,1,1,5.0,,0.0,0,1958.0,A01,138Â 197Â 468,1.0,-1.0,-1.0,1734807,1.0,7,,0.0,1.0,2.0,A01,138Â 197Â 468,1.0
1016294,201900057825,2,18,12:00,1,2,1,1.0,6.0,95229,3 Rue de la Mairie,M,"49,0308090","2,3616090",95,2019,50.0,8.0,1.0,4.0,2272923,10.0,3,4,2,3.0,,3.0,3,1934.0,A01,138Â 197Â 468,0.0,-1.0,-1.0,1734807,1.0,7,,0.0,1.0,2.0,A01,138Â 197Â 468,1.0
1016295,201900057826,5,23,20:40,2,2,1,1.0,3.0,08081,R JOURDES,M,"49,8592170","4,7483370",8,2019,50.0,1.0,1.0,4.0,2272924,1.0,1,1,1,5.0,,0.0,0,1998.0,B01,138Â 197Â 464,1.0,-1.0,-1.0,1734808,0.0,7,,0.0,2.0,8.0,B01,138Â 197Â 464,1.0
1016295,201900057826,5,23,20:40,2,2,1,1.0,3.0,08081,R JOURDES,M,"49,8592170","4,7483370",8,2019,50.0,1.0,1.0,4.0,2272924,1.0,1,1,1,5.0,,0.0,0,1998.0,B01,138Â 197Â 464,1.0,-1.0,-1.0,1734809,0.0,2,,0.0,2.0,7.0,A01,138Â 197Â 466,1.0
1016295,201900057826,5,23,20:40,2,2,1,1.0,3.0,08081,R JOURDES,M,"49,8592170","4,7483370",8,2019,50.0,1.0,1.0,4.0,2272925,1.0,1,3,1,5.0,,0.0,0,1999.0,A01,138Â 197Â 466,2.0,-1.0,-1.0,1734808,0.0,7,,0.0,2.0,8.0,B01,138Â 197Â 464,1.0
1016295,201900057826,5,23,20:40,2,2,1,1.0,3.0,08081,R JOURDES,M,"49,8592170","4,7483370",8,2019,50.0,1.0,1.0,4.0,2272925,1.0,1,3,1,5.0,,0.0,0,1999.0,A01,138Â 197Â 466,2.0,-1.0,-1.0,1734809,0.0,2,,0.0,2.0,7.0,A01,138Â 197Â 466,1.0
1016296,201900057827,1,18,07:22,2,1,1,1.0,1.0,85303,D938TER,M,"46,3854300"," -0,8744300",85,2019,80.0,1.0,2.0,3.0,2272926,1.0,1,1,1,4.0,,0.0,0,1984.0,B01,138Â 197Â 463,1.0,-1.0,-1.0,1734810,2.0,14,,0.0,2.0,3.0,B01,138Â 197Â 463,1.0
1016296,201900057827,1,18,07:22,2,1,1,1.0,1.0,85303,D938TER,M,"46,3854300"," -0,8744300",85,2019,80.0,1.0,2.0,3.0,2272926,1.0,1,1,1,4.0,,0.0,0,1984.0,B01,138Â 197Â 463,1.0,-1.0,-1.0,1734811,1.0,7,,0.0,2.0,3.0,A01,138Â 197Â 465,1.0
1016296,201900057827,1,18,07:22,2,1,1,1.0,1.0,85303,D938TER,M,"46,3854300"," -0,8744300",85,2019,80.0,1.0,2.0,3.0,2272927,1.0,1,3,1,0.0,,0.0,0,1990.0,A01,138Â 197Â 465,1.0,-1.0,-1.0,1734810,2.0,14,,0.0,2.0,3.0,B01,138Â 197Â 463,1.0
1016296,201900057827,1,18,07:22,2,1,1,1.0,1.0,85303,D938TER,M,"46,3854300"," -0,8744300",85,2019,80.0,1.0,2.0,3.0,2272927,1.0,1,3,1,0.0,,0.0,0,1990.0,A01,138Â 197Â 465,1.0,-1.0,-1.0,1734811,1.0,7,,0.0,2.0,3.0,A01,138Â 197Â 465,1.0
1016297,201900057828,9,20,17:35,1,2,4,1.0,2.0,75112,ECHANGEUR BERCY,M,"48,8276490","2,3939519",75,2019,70.0,1.0,1.0,4.0,2272928,1.0,1,1,1,1.0,,0.0,0,1992.0,A01,138Â 197Â 497,2.0,6.0,-1.0,1734812,1.0,33,,0.0,2.0,1.0,A01,138Â 197Â 497,1.0
1016297,201900057828,9,20,17:35,1,2,4,1.0,2.0,75112,ECHANGEUR BERCY,M,"48,8276490","2,3939519",75,2019,70.0,1.0,1.0,4.0,2272928,1.0,1,1,1,1.0,,0.0,0,1992.0,A01,138Â 197Â 497,2.0,6.0,-1.0,1734813,1.0,10,,0.0,2.0,6.0,B01,138Â 197Â 499,1.0
1016297,201900057828,9,20,17:35,1,2,4,1.0,2.0,75112,ECHANGEUR BERCY,M,"48,8276490","2,3939519",75,2019,70.0,1.0,1.0,4.0,2272929,2.0,2,4,2,1.0,,0.0,0,1996.0,A01,138Â 197Â 497,2.0,6.0,-1.0,1734812,1.0,33,,0.0,2.0,1.0,A01,138Â 197Â 497,1.0
1016297,201900057828,9,20,17:35,1,2,4,1.0,2.0,75112,ECHANGEUR BERCY,M,"48,8276490","2,3939519",75,2019,70.0,1.0,1.0,4.0,2272929,2.0,2,4,2,1.0,,0.0,0,1996.0,A01,138Â 197Â 497,2.0,6.0,-1.0,1734813,1.0,10,,0.0,2.0,6.0,B01,138Â 197Â 499,1.0
1016297,201900057828,9,20,17:35,1,2,4,1.0,2.0,75112,ECHANGEUR BERCY,M,"48,8276490","2,3939519",75,2019,70.0,1.0,1.0,4.0,2272930,1.0,1,1,1,1.0,,0.0,0,1985.0,B01,138Â 197Â 499,1.0,0.0,-1.0,1734812,1.0,33,,0.0,2.0,1.0,A01,138Â 197Â 497,1.0
1016297,201900057828,9,20,17:35,1,2,4,1.0,2.0,75112,ECHANGEUR BERCY,M,"48,8276490","2,3939519",75,2019,70.0,1.0,1.0,4.0,2272930,1.0,1,1,1,1.0,,0.0,0,1985.0,B01,138Â 197Â 499,1.0,0.0,-1.0,1734813,1.0,10,,0.0,2.0,6.0,B01,138Â 197Â 499,1.0
1016298,201900057829,10,16,16:12,1,2,9,3.0,4.0,60450,Hameau du Bois des Cauches,M,"49,2484840","2,2745780",60,2019,50.0,1.0,2.0,3.0,2272931,1.0,1,1,2,3.0,,0.0,0,1961.0,C01,138Â 197Â 502,1.0,-1.0,-1.0,1734814,1.0,7,,0.0,0.0,6.0,C01,138Â 197Â 502,1.0
1016298,201900057829,10,16,16:12,1,2,9,3.0,4.0,60450,Hameau du Bois des Cauches,M,"49,2484840","2,2745780",60,2019,50.0,1.0,2.0,3.0,2272931,1.0,1,1,2,3.0,,0.0,0,1961.0,C01,138Â 197Â 502,1.0,-1.0,-1.0,1734815,1.0,7,,0.0,2.0,1.0,B01,138Â 197Â 510,1.0
1016298,201900057829,10,16,16:12,1,2,9,3.0,4.0,60450,Hameau du Bois des Cauches,M,"49,2484840","2,2745780",60,2019,50.0,1.0,2.0,3.0,2272931,1.0,1,1,2,3.0,,0.0,0,1961.0,C01,138Â 197Â 502,1.0,-1.0,-1.0,1734816,1.0,7,,0.0,2.0,1.0,A01,138Â 197Â 511,1.0
1016298,201900057829,10,16,16:12,1,2,9,3.0,4.0,60450,Hameau du Bois des Cauches,M,"49,2484840","2,2745780",60,2019,50.0,1.0,2.0,3.0,2272932,1.0,1,4,2,0.0,,0.0,0,1950.0,B01,138Â 197Â 510,1.0,-1.0,-1.0,1734814,1.0,7,,0.0,0.0,6.0,C01,138Â 197Â 502,1.0
1016298,201900057829,10,16,16:12,1,2,9,3.0,4.0,60450,Hameau du Bois des Cauches,M,"49,2484840","2,2745780",60,2019,50.0,1.0,2.0,3.0,2272932,1.0,1,4,2,0.0,,0.0,0,1950.0,B01,138Â 197Â 510,1.0,-1.0,-1.0,1734815,1.0,7,,0.0,2.0,1.0,B01,138Â 197Â 510,1.0
1016298,201900057829,10,16,16:12,1,2,9,3.0,4.0,60450,Hameau du Bois des Cauches,M,"49,2484840","2,2745780",60,2019,50.0,1.0,2.0,3.0,2272932,1.0,1,4,2,0.0,,0.0,0,1950.0,B01,138Â 197Â 510,1.0,-1.0,-1.0,1734816,1.0,7,,0.0,2.0,1.0,A01,138Â 197Â 511,1.0
1016298,201900057829,10,16,16:12,1,2,9,3.0,4.0,60450,Hameau du Bois des Cauches,M,"49,2484840","2,2745780",60,2019,50.0,1.0,2.0,3.0,2272933,1.0,1,1,1,0.0,,0.0,0,1997.0,A01,138Â 197Â 511,1.0,-1.0,-1.0,1734814,1.0,7,,0.0,0.0,6.0,C01,138Â 197Â 502,1.0
1016298,201900057829,10,16,16:12,1,2,9,3.0,4.0,60450,Hameau du Bois des Cauches,M,"49,2484840","2,2745780",60,2019,50.0,1.0,2.0,3.0,2272933,1.0,1,1,1,0.0,,0.0,0,1997.0,A01,138Â 197Â 511,1.0,-1.0,-1.0,1734815,1.0,7,,0.0,2.0,1.0,B01,138Â 197Â 510,1.0
1016298,201900057829,10,16,16:12,1,2,9,3.0,4.0,60450,Hameau du Bois des Cauches,M,"49,2484840","2,2745780",60,2019,50.0,1.0,2.0,3.0,2272933,1.0,1,1,1,0.0,,0.0,0,1997.0,A01,138Â 197Â 511,1.0,-1.0,-1.0,1734816,1.0,7,,0.0,2.0,1.0,A01,138Â 197Â 511,1.0
1016299,201900057830,5,1,15:30,1,1,1,1.0,7.0,68247,CD 27,M,"47,9478230","6,9956150",68,2019,-1.0,3.0,1.0,3.0,2272934,1.0,1,4,1,5.0,,0.0,0,1992.0,A01,138Â 197Â 462,2.0,6.0,-1.0,1734817,2.0,33,,0.0,0.0,8.0,A01,138Â 197Â 462,1.0
1016300,201900057831,9,20,22:28,5,2,1,1.0,1.0,75119,BOULEVARD D ALGERIE,M,"48,8825700","2,3998200",75,2019,50.0,1.0,1.0,4.0,2272935,4.0,2,1,1,0.0,,0.0,0,1974.0,B01,138Â 197Â 458,1.0,0.0,-1.0,1734818,2.0,7,,0.0,2.0,1.0,B01,138Â 197Â 458,2.0
1016300,201900057831,9,20,22:28,5,2,1,1.0,1.0,75119,BOULEVARD D ALGERIE,M,"48,8825700","2,3998200",75,2019,50.0,1.0,1.0,4.0,2272935,4.0,2,1,1,0.0,,0.0,0,1974.0,B01,138Â 197Â 458,1.0,0.0,-1.0,1734819,1.0,7,,0.0,2.0,1.0,A01,138Â 197Â 460,1.0
1016300,201900057831,9,20,22:28,5,2,1,1.0,1.0,75119,BOULEVARD D ALGERIE,M,"48,8825700","2,3998200",75,2019,50.0,1.0,1.0,4.0,2272936,1.0,1,4,1,4.0,,0.0,0,1969.0,B01,138Â 197Â 458,1.0,0.0,-1.0,1734818,2.0,7,,0.0,2.0,1.0,B01,138Â 197Â 458,2.0
1016300,201900057831,9,20,22:28,5,2,1,1.0,1.0,75119,BOULEVARD D ALGERIE,M,"48,8825700","2,3998200",75,2019,50.0,1.0,1.0,4.0,2272936,1.0,1,4,1,4.0,,0.0,0,1969.0,B01,138Â 197Â 458,1.0,0.0,-1.0,1734819,1.0,7,,0.0,2.0,1.0,A01,138Â 197Â 460,1.0
1016300,201900057831,9,20,22:28,5,2,1,1.0,1.0,75119,BOULEVARD D ALGERIE,M,"48,8825700","2,3998200",75,2019,50.0,1.0,1.0,4.0,2272937,1.0,1,3,1,5.0,,0.0,0,2002.0,A01,138Â 197Â 460,1.0,0.0,-1.0,1734818,2.0,7,,0.0,2.0,1.0,B01,138Â 197Â 458,2.0
1016300,201900057831,9,20,22:28,5,2,1,1.0,1.0,75119,BOULEVARD D ALGERIE,M,"48,8825700","2,3998200",75,2019,50.0,1.0,1.0,4.0,2272937,1.0,1,3,1,5.0,,0.0,0,2002.0,A01,138Â 197Â 460,1.0,0.0,-1.0,1734819,1.0,7,,0.0,2.0,1.0,A01,138Â 197Â 460,1.0
1016301,201900057832,2,16,14:45,1,1,1,1.0,6.0,91016,N20 PK55.600,M,"48,3192000","2,0018280",91,2019,90.0,1.0,1.0,2.0,2272938,1.0,1,4,1,5.0,,0.0,0,1993.0,B01,138Â 197Â 457,2.0,6.0,-1.0,1734820,1.0,33,,0.0,2.0,5.0,B01,138Â 197Â 457,1.0
1016301,201900057832,2,16,14:45,1,1,1,1.0,6.0,91016,N20 PK55.600,M,"48,3192000","2,0018280",91,2019,90.0,1.0,1.0,2.0,2272938,1.0,1,4,1,5.0,,0.0,0,1993.0,B01,138Â 197Â 457,2.0,6.0,-1.0,1734821,1.0,33,,0.0,2.0,3.0,A01,138Â 197Â 459,1.0
1016301,201900057832,2,16,14:45,1,1,1,1.0,6.0,91016,N20 PK55.600,M,"48,3192000","2,0018280",91,2019,90.0,1.0,1.0,2.0,2272939,2.0,2,4,2,5.0,,0.0,0,1993.0,B01,138Â 197Â 457,2.0,6.0,-1.0,1734820,1.0,33,,0.0,2.0,5.0,B01,138Â 197Â 457,1.0
1016301,201900057832,2,16,14:45,1,1,1,1.0,6.0,91016,N20 PK55.600,M,"48,3192000","2,0018280",91,2019,90.0,1.0,1.0,2.0,2272939,2.0,2,4,2,5.0,,0.0,0,1993.0,B01,138Â 197Â 457,2.0,6.0,-1.0,1734821,1.0,33,,0.0,2.0,3.0,A01,138Â 197Â 459,1.0
1016301,201900057832,2,16,14:45,1,1,1,1.0,6.0,91016,N20 PK55.600,M,"48,3192000","2,0018280",91,2019,90.0,1.0,1.0,2.0,2272940,1.0,1,3,1,5.0,,0.0,0,1985.0,A01,138Â 197Â 459,2.0,6.0,-1.0,1734820,1.0,33,,0.0,2.0,5.0,B01,138Â 197Â 457,1.0
1016301,201900057832,2,16,14:45,1,1,1,1.0,6.0,91016,N20 PK55.600,M,"48,3192000","2,0018280",91,2019,90.0,1.0,1.0,2.0,2272940,1.0,1,3,1,5.0,,0.0,0,1985.0,A01,138Â 197Â 459,2.0,6.0,-1.0,1734821,1.0,33,,0.0,2.0,3.0,A01,138Â 197Â 459,1.0
1016302,201900057833,5,13,16:30,1,1,1,1.0,7.0,68072,Route Nationale,M,"47,6966380","7,4224440",68,2019,80.0,1.0,1.0,3.0,2272941,1.0,1,3,1,1.0,,0.0,0,1960.0,A01,138Â 197Â 456,2.0,6.0,-1.0,1734822,1.0,31,,0.0,0.0,0.0,A01,138Â 197Â 456,1.0
1016303,201900057834,10,17,17:00,1,2,3,7.0,6.0,60612,Rue Yves Carlier,M,"49,2094300","2,5795300",60,2019,50.0,1.0,1.0,4.0,2272942,10.0,3,4,1,5.0,,2.0,3,1974.0,A01,138Â 197Â 454,0.0,-1.0,-1.0,1734823,0.0,7,,0.0,1.0,0.0,A01,138Â 197Â 454,1.0
1016303,201900057834,10,17,17:00,1,2,3,7.0,6.0,60612,Rue Yves Carlier,M,"49,2094300","2,5795300",60,2019,50.0,1.0,1.0,4.0,2272943,1.0,1,1,1,5.0,,0.0,0,1927.0,A01,138Â 197Â 454,1.0,-1.0,-1.0,1734823,0.0,7,,0.0,1.0,0.0,A01,138Â 197Â 454,1.0
1016304,201900057835,3,26,08:10,1,2,6,1.0,2.0,91425,BOURGUIGNONS (RUE DES),M,"48,6480000","2,2750000",91,2019,50.0,1.0,1.0,4.0,2272944,1.0,1,3,2,0.0,,-1.0, -1,1999.0,B01,138Â 197Â 453,1.0,0.0,-1.0,1734824,3.0,7,,0.0,2.0,6.0,B01,138Â 197Â 453,0.0
1016304,201900057835,3,26,08:10,1,2,6,1.0,2.0,91425,BOURGUIGNONS (RUE DES),M,"48,6480000","2,2750000",91,2019,50.0,1.0,1.0,4.0,2272944,1.0,1,3,2,0.0,,-1.0, -1,1999.0,B01,138Â 197Â 453,1.0,0.0,-1.0,1734825,3.0,7,,0.0,2.0,2.0,A01,138Â 197Â 461,0.0
1016304,201900057835,3,26,08:10,1,2,6,1.0,2.0,91425,BOURGUIGNONS (RUE DES),M,"48,6480000","2,2750000",91,2019,50.0,1.0,1.0,4.0,2272945,1.0,1,1,2,0.0,,-1.0, -1,1999.0,A01,138Â 197Â 461,1.0,8.0,-1.0,1734824,3.0,7,,0.0,2.0,6.0,B01,138Â 197Â 453,0.0
1016304,201900057835,3,26,08:10,1,2,6,1.0,2.0,91425,BOURGUIGNONS (RUE DES),M,"48,6480000","2,2750000",91,2019,50.0,1.0,1.0,4.0,2272945,1.0,1,1,2,0.0,,-1.0, -1,1999.0,A01,138Â 197Â 461,1.0,8.0,-1.0,1734825,3.0,7,,0.0,2.0,2.0,A01,138Â 197Â 461,0.0
1016305,201900057836,8,19,11:25,1,1,1,2.0,1.0,30227,D.904,M,"44,2604940","4,1974460",30,2019,80.0,1.0,2.0,3.0,2272946,1.0,1,3,1,0.0,,0.0,0,1972.0,B01,138Â 197Â 447,1.0,-1.0,-1.0,1734826,2.0,7,,0.0,2.0,3.0,B01,138Â 197Â 447,1.0
1016305,201900057836,8,19,11:25,1,1,1,2.0,1.0,30227,D.904,M,"44,2604940","4,1974460",30,2019,80.0,1.0,2.0,3.0,2272946,1.0,1,3,1,0.0,,0.0,0,1972.0,B01,138Â 197Â 447,1.0,-1.0,-1.0,1734827,1.0,7,,0.0,2.0,3.0,A01,138Â 197Â 450,1.0
1016305,201900057836,8,19,11:25,1,1,1,2.0,1.0,30227,D.904,M,"44,2604940","4,1974460",30,2019,80.0,1.0,2.0,3.0,2272947,1.0,1,3,1,3.0,,0.0,0,1955.0,A01,138Â 197Â 450,1.0,-1.0,-1.0,1734826,2.0,7,,0.0,2.0,3.0,B01,138Â 197Â 447,1.0
1016305,201900057836,8,19,11:25,1,1,1,2.0,1.0,30227,D.904,M,"44,2604940","4,1974460",30,2019,80.0,1.0,2.0,3.0,2272947,1.0,1,3,1,3.0,,0.0,0,1955.0,A01,138Â 197Â 450,1.0,-1.0,-1.0,1734827,1.0,7,,0.0,2.0,3.0,A01,138Â 197Â 450,1.0
1016306,201900057837,5,25,14:10,1,2,1,1.0,4.0,68317,Route de la Schlucht,M,"48,0643780","7,1047170",68,2019,50.0,1.0,1.0,3.0,2272948,1.0,1,1,1,5.0,,0.0,0,1953.0,A01,138Â 197Â 446,1.0,-1.0,-1.0,1734828,2.0,10,,0.0,0.0,7.0,A01,138Â 197Â 446,1.0
1016306,201900057837,5,25,14:10,1,2,1,1.0,4.0,68317,Route de la Schlucht,M,"48,0643780","7,1047170",68,2019,50.0,1.0,1.0,3.0,2272948,1.0,1,1,1,5.0,,0.0,0,1953.0,A01,138Â 197Â 446,1.0,-1.0,-1.0,1734829,1.0,33,,0.0,2.0,1.0,B01,138Â 197Â 449,1.0
1016306,201900057837,5,25,14:10,1,2,1,1.0,4.0,68317,Route de la Schlucht,M,"48,0643780","7,1047170",68,2019,50.0,1.0,1.0,3.0,2272948,1.0,1,1,1,5.0,,0.0,0,1953.0,A01,138Â 197Â 446,1.0,-1.0,-1.0,1734830,1.0,33,,0.0,2.0,1.0,C01,138Â 197Â 452,1.0
1016306,201900057837,5,25,14:10,1,2,1,1.0,4.0,68317,Route de la Schlucht,M,"48,0643780","7,1047170",68,2019,50.0,1.0,1.0,3.0,2272949,1.0,1,3,1,5.0,,0.0,0,1957.0,B01,138Â 197Â 449,2.0,5.0,6.0,1734828,2.0,10,,0.0,0.0,7.0,A01,138Â 197Â 446,1.0
1016306,201900057837,5,25,14:10,1,2,1,1.0,4.0,68317,Route de la Schlucht,M,"48,0643780","7,1047170",68,2019,50.0,1.0,1.0,3.0,2272949,1.0,1,3,1,5.0,,0.0,0,1957.0,B01,138Â 197Â 449,2.0,5.0,6.0,1734829,1.0,33,,0.0,2.0,1.0,B01,138Â 197Â 449,1.0
1016306,201900057837,5,25,14:10,1,2,1,1.0,4.0,68317,Route de la Schlucht,M,"48,0643780","7,1047170",68,2019,50.0,1.0,1.0,3.0,2272949,1.0,1,3,1,5.0,,0.0,0,1957.0,B01,138Â 197Â 449,2.0,5.0,6.0,1734830,1.0,33,,0.0,2.0,1.0,C01,138Â 197Â 452,1.0
1016306,201900057837,5,25,14:10,1,2,1,1.0,4.0,68317,Route de la Schlucht,M,"48,0643780","7,1047170",68,2019,50.0,1.0,1.0,3.0,2272950,1.0,1,1,1,5.0,,0.0,0,1961.0,C01,138Â 197Â 452,2.0,5.0,6.0,1734828,2.0,10,,0.0,0.0,7.0,A01,138Â 197Â 446,1.0
1016306,201900057837,5,25,14:10,1,2,1,1.0,4.0,68317,Route de la Schlucht,M,"48,0643780","7,1047170",68,2019,50.0,1.0,1.0,3.0,2272950,1.0,1,1,1,5.0,,0.0,0,1961.0,C01,138Â 197Â 452,2.0,5.0,6.0,1734829,1.0,33,,0.0,2.0,1.0,B01,138Â 197Â 449,1.0
1016306,201900057837,5,25,14:10,1,2,1,1.0,4.0,68317,Route de la Schlucht,M,"48,0643780","7,1047170",68,2019,50.0,1.0,1.0,3.0,2272950,1.0,1,1,1,5.0,,0.0,0,1961.0,C01,138Â 197Â 452,2.0,5.0,6.0,1734830,1.0,33,,0.0,2.0,1.0,C01,138Â 197Â 452,1.0
1016307,201900057838,2,14,19:23,5,2,7,1.0,7.0,91016,2 place du marchÃ©,M,"48,3122980","1,9989320",91,2019,50.0,1.0,1.0,7.0,2272951,5.0,2,4,2,5.0,,0.0,0,2001.0,A01,138Â 197Â 445,1.0,-1.0,-1.0,1734831,3.0,7,,6.0,0.0,1.0,A01,138Â 197Â 445,0.0