Unnamed: 0_x,num_acc,mois,jour,hrmn,lum,agg,int,atm,col,com,adr,gps,lat,long,dep,annee,vma,situ,surf,catr,Unnamed: 0_y,place,catu,grav,sexe,trajet,secu,locp,actp,an_nais,num_veh_x,id_vehicule_x,secu1,secu2,secu3,Unnamed: 0,senc,catv,occutc,obs,obsm,choc,num_veh_y,id_vehicule_y,motor
1016307,201900057838,2,14,19:23,5,2,7,1.0,7.0,91016,2 place du marchÃ©,M,"48,3122980","1,9989320",91,2019,50.0,1.0,1.0,7.0,2272952,2.0,2,3,2,5.0,,0.0,0,2002.0,A01,138Â 197Â 445,1.0,-1.0,-1.0,1734831,3.0,7,,6.0,0.0,1.0,A01,138Â 197Â 445,0.0
1016307,201900057838,2,14,19:23,5,2,7,1.0,7.0,91016,2 place du marchÃ©,M,"48,3122980","1,9989320",91,2019,50.0,1.0,1.0,7.0,2272953,1.0,1,4,1,5.0,,0.0,0,2000.0,A01,138Â 197Â 445,1.0,-1.0,-1.0,1734831,3.0,7,,6.0,0.0,1.0,A01,138Â 197Â 445,0.0
1016307,201900057838,2,14,19:23,5,2,7,1.0,7.0,91016,2 place du marchÃ©,M,"48,3122980","1,9989320",91,2019,50.0,1.0,1.0,7.0,2272954,3.0,2,1,1,5.0,,0.0,0,2001.0,A01,138Â 197Â 445,1.0,-1.0,-1.0,1734831,3.0,7,,6.0,0.0,1.0,A01,138Â 197Â 445,0.0
1016307,201900057838,2,14,19:23,5,2,7,1.0,7.0,91016,2 place du marchÃ©,M,"48,3122980","1,9989320",91,2019,50.0,1.0,1.0,7.0,2272955,4.0,2,4,1,5.0,,0.0,0,2000.0,A01,138Â 197Â 445,0.0,-1.0,-1.0,1734831,3.0,7,,6.0,0.0,1.0,A01,138Â 197Â 445,0.0
1016308,201900057839,10,22,08:00,1,1,1,2.0,3.0,13022,A50-Sens Aubagne vers Toulon,M,"43,2276438","5,5831768",13,2019,110.0,1.0,2.0,1.0,2272956,1.0,1,3,2,1.0,,-1.0,0,1959.0,B01,138Â 197Â 444,1.0,0.0,-1.0,1734832,1.0,7,,0.0,2.0,3.0,B01,138Â 197Â 444,1.0
1016308,201900057839,10,22,08:00,1,1,1,2.0,3.0,13022,A50-Sens Aubagne vers Toulon,M,"43,2276438","5,5831768",13,2019,110.0,1.0,2.0,1.0,2272956,1.0,1,3,2,1.0,,-1.0,0,1959.0,B01,138Â 197Â 444,1.0,0.0,-1.0,1734833,1.0,7,,0.0,2.0,7.0,A01,138Â 197Â 448,1.0
1016308,201900057839,10,22,08:00,1,1,1,2.0,3.0,13022,A50-Sens Aubagne vers Toulon,M,"43,2276438","5,5831768",13,2019,110.0,1.0,2.0,1.0,2272957,1.0,1,4,1,1.0,,-1.0,0,1987.0,A01,138Â 197Â 448,1.0,0.0,-1.0,1734832,1.0,7,,0.0,2.0,3.0,B01,138Â 197Â 444,1.0
1016308,201900057839,10,22,08:00,1,1,1,2.0,3.0,13022,A50-Sens Aubagne vers Toulon,M,"43,2276438","5,5831768",13,2019,110.0,1.0,2.0,1.0,2272957,1.0,1,4,1,1.0,,-1.0,0,1987.0,A01,138Â 197Â 448,1.0,0.0,-1.0,1734833,1.0,7,,0.0,2.0,7.0,A01,138Â 197Â 448,1.0
1016309,201900057840,2,13,14:30,1,2,4,1.0,3.0,91511,27 rue etienne laurent,M,"48,3486490","1,9944290",91,2019,50.0,1.0,1.0,3.0,2272958,1.0,1,4,1,5.0,,0.0,0,1995.0,A01,138Â 197Â 437,2.0,6.0,-1.0,1734834,2.0,33,,0.0,2.0,1.0,A01,138Â 197Â 437,1.0
1016309,201900057840,2,13,14:30,1,2,4,1.0,3.0,91511,27 rue etienne laurent,M,"48,3486490","1,9944290",91,2019,50.0,1.0,1.0,3.0,2272958,1.0,1,4,1,5.0,,0.0,0,1995.0,A01,138Â 197Â 437,2.0,6.0,-1.0,1734835,2.0,10,,0.0,2.0,8.0,B01,138Â 197Â 441,1.0
1016309,201900057840,2,13,14:30,1,2,4,1.0,3.0,91511,27 rue etienne laurent,M,"48,3486490","1,9944290",91,2019,50.0,1.0,1.0,3.0,2272959,2.0,2,3,2,5.0,,0.0,0,2001.0,A01,138Â 197Â 437,2.0,6.0,-1.0,1734834,2.0,33,,0.0,2.0,1.0,A01,138Â 197Â 437,1.0
1016309,201900057840,2,13,14:30,1,2,4,1.0,3.0,91511,27 rue etienne laurent,M,"48,3486490","1,9944290",91,2019,50.0,1.0,1.0,3.0,2272959,2.0,2,3,2,5.0,,0.0,0,2001.0,A01,138Â 197Â 437,2.0,6.0,-1.0,1734835,2.0,10,,0.0,2.0,8.0,B01,138Â 197Â 441,1.0
1016309,201900057840,2,13,14:30,1,2,4,1.0,3.0,91511,27 rue etienne laurent,M,"48,3486490","1,9944290",91,2019,50.0,1.0,1.0,3.0,2272960,1.0,1,1,1,4.0,,0.0,0,1996.0,B01,138Â 197Â 441,1.0,-1.0,-1.0,1734834,2.0,33,,0.0,2.0,1.0,A01,138Â 197Â 437,1.0
1016309,201900057840,2,13,14:30,1,2,4,1.0,3.0,91511,27 rue etienne laurent,M,"48,3486490","1,9944290",91,2019,50.0,1.0,1.0,3.0,2272960,1.0,1,1,1,4.0,,0.0,0,1996.0,B01,138Â 197Â 441,1.0,-1.0,-1.0,1734835,2.0,10,,0.0,2.0,8.0,B01,138Â 197Â 441,1.0
1016310,201900057841,2,15,21:15,3,1,1,1.0,6.0,71521,RD980,M,"46,5500680","4,5650240",71,2019,80.0,3.0,1.0,3.0,2272961,1.0,1,3,1,1.0,,0.0,0,1980.0,A01,138Â 197Â 435,1.0,-1.0,-1.0,1734836,1.0,7,,8.0,0.0,3.0,A01,138Â 197Â 435,1.0
1016311,201900057842,2,15,10:15,1,2,1,1.0,6.0,41194,Rue du MarÃ©chal Delatre de Tassiny,M,"47,3611170","1,7443350",41,2019,50.0,1.0,1.0,3.0,2272962,10.0,3,4,2,0.0,,2.0,3,1948.0,A01,138Â 197Â 434,0.0,-1.0,-1.0,1734837,1.0,7,,0.0,1.0,1.0,A01,138Â 197Â 434,1.0
1016311,201900057842,2,15,10:15,1,2,1,1.0,6.0,41194,Rue du MarÃ©chal Delatre de Tassiny,M,"47,3611170","1,7443350",41,2019,50.0,1.0,1.0,3.0,2272963,1.0,1,1,2,1.0,,0.0,0,1996.0,A01,138Â 197Â 434,1.0,-1.0,-1.0,1734837,1.0,7,,0.0,1.0,1.0,A01,138Â 197Â 434,1.0
1016312,201900057843,5,22,15:45,1,2,1,1.0,3.0,68051,1 Rue de Muhlbach,M,"48,0239930","7,0998810",68,2019,50.0,1.0,1.0,4.0,2272964,1.0,1,4,2,5.0,,0.0,0,1950.0,B01,138Â 197Â 439,2.0,-1.0,-1.0,1734838,0.0,1,,0.0,2.0,8.0,B01,138Â 197Â 439,5.0
1016312,201900057843,5,22,15:45,1,2,1,1.0,3.0,68051,1 Rue de Muhlbach,M,"48,0239930","7,0998810",68,2019,50.0,1.0,1.0,4.0,2272964,1.0,1,4,2,5.0,,0.0,0,1950.0,B01,138Â 197Â 439,2.0,-1.0,-1.0,1734839,0.0,7,,0.0,2.0,1.0,A01,138Â 197Â 440,1.0
1016312,201900057843,5,22,15:45,1,2,1,1.0,3.0,68051,1 Rue de Muhlbach,M,"48,0239930","7,0998810",68,2019,50.0,1.0,1.0,4.0,2272965,1.0,1,1,2,5.0,,0.0,0,1985.0,A01,138Â 197Â 440,1.0,-1.0,-1.0,1734838,0.0,1,,0.0,2.0,8.0,B01,138Â 197Â 439,5.0
1016312,201900057843,5,22,15:45,1,2,1,1.0,3.0,68051,1 Rue de Muhlbach,M,"48,0239930","7,0998810",68,2019,50.0,1.0,1.0,4.0,2272965,1.0,1,1,2,5.0,,0.0,0,1985.0,A01,138Â 197Â 440,1.0,-1.0,-1.0,1734839,0.0,7,,0.0,2.0,1.0,A01,138Â 197Â 440,1.0
1016313,201900057844,8,16,16:40,1,2,1,1.0,6.0,67388,Route de Strasbourg,M,"48,9207310","7,6590940",67,2019,50.0,1.0,1.0,3.0,2272966,10.0,3,3,2,0.0,,2.0,3,2008.0,A01,138Â 197Â 443,0.0,-1.0,-1.0,1734840,0.0,7,,0.0,1.0,1.0,A01,138Â 197Â 443,0.0
1016313,201900057844,8,16,16:40,1,2,1,1.0,6.0,67388,Route de Strasbourg,M,"48,9207310","7,6590940",67,2019,50.0,1.0,1.0,3.0,2272967,1.0,1,1,1,5.0,,0.0,0,1932.0,A01,138Â 197Â 443,1.0,-1.0,-1.0,1734840,0.0,7,,0.0,1.0,1.0,A01,138Â 197Â 443,0.0
1016314,201900057845,3,23,04:10,3,1,1,1.0,7.0,91457,CD 19,M,"48,5771900","2,2838510",91,2019,90.0,1.0,1.0,3.0,2272968,1.0,1,2,1,5.0,,0.0,0,1989.0,A01,138Â 197Â 442,2.0,6.0,-1.0,1734841,3.0,33,,3.0,0.0,0.0,A01,138Â 197Â 442,1.0
1016315,201900057846,9,20,09:50,1,2,2,1.0,3.0,75105,BOULEVARD SAINT GERMAIN,M,"48,8494400","2,3544190",75,2019,30.0,1.0,1.0,4.0,2272969,2.0,2,1,2,4.0,,0.0,0,1996.0,B01,138Â 197Â 451,1.0,0.0,-1.0,1734842,2.0,7,,0.0,2.0,1.0,B01,138Â 197Â 451,1.0
1016315,201900057846,9,20,09:50,1,2,2,1.0,3.0,75105,BOULEVARD SAINT GERMAIN,M,"48,8494400","2,3544190",75,2019,30.0,1.0,1.0,4.0,2272969,2.0,2,1,2,4.0,,0.0,0,1996.0,B01,138Â 197Â 451,1.0,0.0,-1.0,1734843,1.0,43,,0.0,2.0,5.0,A01,138Â 197Â 455,1.0
1016315,201900057846,9,20,09:50,1,2,2,1.0,3.0,75105,BOULEVARD SAINT GERMAIN,M,"48,8494400","2,3544190",75,2019,30.0,1.0,1.0,4.0,2272970,1.0,1,1,1,4.0,,0.0,0,1989.0,B01,138Â 197Â 451,1.0,0.0,-1.0,1734842,2.0,7,,0.0,2.0,1.0,B01,138Â 197Â 451,1.0
1016315,201900057846,9,20,09:50,1,2,2,1.0,3.0,75105,BOULEVARD SAINT GERMAIN,M,"48,8494400","2,3544190",75,2019,30.0,1.0,1.0,4.0,2272970,1.0,1,1,1,4.0,,0.0,0,1989.0,B01,138Â 197Â 451,1.0,0.0,-1.0,1734843,1.0,43,,0.0,2.0,5.0,A01,138Â 197Â 455,1.0
1016315,201900057846,9,20,09:50,1,2,2,1.0,3.0,75105,BOULEVARD SAINT GERMAIN,M,"48,8494400","2,3544190",75,2019,30.0,1.0,1.0,4.0,2272971,4.0,2,1,2,4.0,,0.0,0,1986.0,B01,138Â 197Â 451,1.0,0.0,-1.0,1734842,2.0,7,,0.0,2.0,1.0,B01,138Â 197Â 451,1.0
1016315,201900057846,9,20,09:50,1,2,2,1.0,3.0,75105,BOULEVARD SAINT GERMAIN,M,"48,8494400","2,3544190",75,2019,30.0,1.0,1.0,4.0,2272971,4.0,2,1,2,4.0,,0.0,0,1986.0,B01,138Â 197Â 451,1.0,0.0,-1.0,1734843,1.0,43,,0.0,2.0,5.0,A01,138Â 197Â 455,1.0
1016315,201900057846,9,20,09:50,1,2,2,1.0,3.0,75105,BOULEVARD SAINT GERMAIN,M,"48,8494400","2,3544190",75,2019,30.0,1.0,1.0,4.0,2272972,1.0,1,4,1,2.0,,0.0,0,1986.0,A01,138Â 197Â 455,2.0,6.0,-1.0,1734842,2.0,7,,0.0,2.0,1.0,B01,138Â 197Â 451,1.0
1016315,201900057846,9,20,09:50,1,2,2,1.0,3.0,75105,BOULEVARD SAINT GERMAIN,M,"48,8494400","2,3544190",75,2019,30.0,1.0,1.0,4.0,2272972,1.0,1,4,1,2.0,,0.0,0,1986.0,A01,138Â 197Â 455,2.0,6.0,-1.0,1734843,1.0,43,,0.0,2.0,5.0,A01,138Â 197Â 455,1.0
1016316,201900057847,2,15,11:45,1,1,2,1.0,3.0,86297,Carrefour RD 3 / RD 87,M,"46,5589960","0,2627780",86,2019,80.0,1.0,1.0,3.0,2272973,1.0,1,2,1,5.0,,0.0,0,1930.0,B01,138Â 197Â 432,1.0,-1.0,-1.0,1734844,1.0,7,,0.0,2.0,8.0,B01,138Â 197Â 432,2.0
1016316,201900057847,2,15,11:45,1,1,2,1.0,3.0,86297,Carrefour RD 3 / RD 87,M,"46,5589960","0,2627780",86,2019,80.0,1.0,1.0,3.0,2272973,1.0,1,2,1,5.0,,0.0,0,1930.0,B01,138Â 197Â 432,1.0,-1.0,-1.0,1734845,1.0,7,,0.0,2.0,1.0,A01,138Â 197Â 433,1.0
1016316,201900057847,2,15,11:45,1,1,2,1.0,3.0,86297,Carrefour RD 3 / RD 87,M,"46,5589960","0,2627780",86,2019,80.0,1.0,1.0,3.0,2272974,1.0,1,1,1,5.0,,0.0,0,1999.0,A01,138Â 197Â 433,1.0,-1.0,-1.0,1734844,1.0,7,,0.0,2.0,8.0,B01,138Â 197Â 432,2.0
1016316,201900057847,2,15,11:45,1,1,2,1.0,3.0,86297,Carrefour RD 3 / RD 87,M,"46,5589960","0,2627780",86,2019,80.0,1.0,1.0,3.0,2272974,1.0,1,1,1,5.0,,0.0,0,1999.0,A01,138Â 197Â 433,1.0,-1.0,-1.0,1734845,1.0,7,,0.0,2.0,1.0,A01,138Â 197Â 433,1.0
1016317,201900057848,4,22,15:30,1,1,1,1.0,3.0,68329,Route de la Schlucht,M,"48,0652640","7,0599910",68,2019,80.0,1.0,1.0,3.0,2272975,1.0,1,1,1,5.0,,0.0,0,1987.0,A01,138Â 197Â 429,1.0,-1.0,-1.0,1734846,1.0,7,,0.0,2.0,3.0,A01,138Â 197Â 429,1.0
1016317,201900057848,4,22,15:30,1,1,1,1.0,3.0,68329,Route de la Schlucht,M,"48,0652640","7,0599910",68,2019,80.0,1.0,1.0,3.0,2272975,1.0,1,1,1,5.0,,0.0,0,1987.0,A01,138Â 197Â 429,1.0,-1.0,-1.0,1734847,1.0,33,,0.0,2.0,5.0,B01,138Â 197Â 431,1.0
1016317,201900057848,4,22,15:30,1,1,1,1.0,3.0,68329,Route de la Schlucht,M,"48,0652640","7,0599910",68,2019,80.0,1.0,1.0,3.0,2272976,2.0,2,4,2,5.0,,0.0,0,1957.0,B01,138Â 197Â 431,6.0,2.0,-1.0,1734846,1.0,7,,0.0,2.0,3.0,A01,138Â 197Â 429,1.0
1016317,201900057848,4,22,15:30,1,1,1,1.0,3.0,68329,Route de la Schlucht,M,"48,0652640","7,0599910",68,2019,80.0,1.0,1.0,3.0,2272976,2.0,2,4,2,5.0,,0.0,0,1957.0,B01,138Â 197Â 431,6.0,2.0,-1.0,1734847,1.0,33,,0.0,2.0,5.0,B01,138Â 197Â 431,1.0
1016317,201900057848,4,22,15:30,1,1,1,1.0,3.0,68329,Route de la Schlucht,M,"48,0652640","7,0599910",68,2019,80.0,1.0,1.0,3.0,2272977,1.0,1,4,1,5.0,,0.0,0,1948.0,B01,138Â 197Â 431,2.0,6.0,-1.0,1734846,1.0,7,,0.0,2.0,3.0,A01,138Â 197Â 429,1.0
1016317,201900057848,4,22,15:30,1,1,1,1.0,3.0,68329,Route de la Schlucht,M,"48,0652640","7,0599910",68,2019,80.0,1.0,1.0,3.0,2272977,1.0,1,4,1,5.0,,0.0,0,1948.0,B01,138Â 197Â 431,2.0,6.0,-1.0,1734847,1.0,33,,0.0,2.0,5.0,B01,138Â 197Â 431,1.0
1016318,201900057849,10,24,15:44,1,1,1,1.0,3.0,13028,A50,M,"43,1929894","5,6519095",13,2019,130.0,1.0,1.0,1.0,2272978,1.0,1,1,1,5.0,,-1.0, -1,1959.0,A01,138Â 197Â 436,1.0,0.0,-1.0,1734848,1.0,7,,0.0,2.0,2.0,A01,138Â 197Â 436,1.0
1016318,201900057849,10,24,15:44,1,1,1,1.0,3.0,13028,A50,M,"43,1929894","5,6519095",13,2019,130.0,1.0,1.0,1.0,2272978,1.0,1,1,1,5.0,,-1.0, -1,1959.0,A01,138Â 197Â 436,1.0,0.0,-1.0,1734849,1.0,7,,0.0,2.0,6.0,B01,138Â 197Â 438,1.0
1016318,201900057849,10,24,15:44,1,1,1,1.0,3.0,13028,A50,M,"43,1929894","5,6519095",13,2019,130.0,1.0,1.0,1.0,2272979,1.0,1,4,2,9.0,,-1.0, -1,1980.0,B01,138Â 197Â 438,1.0,0.0,-1.0,1734848,1.0,7,,0.0,2.0,2.0,A01,138Â 197Â 436,1.0
1016318,201900057849,10,24,15:44,1,1,1,1.0,3.0,13028,A50,M,"43,1929894","5,6519095",13,2019,130.0,1.0,1.0,1.0,2272979,1.0,1,4,2,9.0,,-1.0, -1,1980.0,B01,138Â 197Â 438,1.0,0.0,-1.0,1734849,1.0,7,,0.0,2.0,6.0,B01,138Â 197Â 438,1.0
1016318,201900057849,10,24,15:44,1,1,1,1.0,3.0,13028,A50,M,"43,1929894","5,6519095",13,2019,130.0,1.0,1.0,1.0,2272980,2.0,2,1,2,9.0,,-1.0, -1,1950.0,B01,138Â 197Â 438,1.0,0.0,-1.0,1734848,1.0,7,,0.0,2.0,2.0,A01,138Â 197Â 436,1.0
1016318,201900057849,10,24,15:44,1,1,1,1.0,3.0,13028,A50,M,"43,1929894","5,6519095",13,2019,130.0,1.0,1.0,1.0,2272980,2.0,2,1,2,9.0,,-1.0, -1,1950.0,B01,138Â 197Â 438,1.0,0.0,-1.0,1734849,1.0,7,,0.0,2.0,6.0,B01,138Â 197Â 438,1.0
1016318,201900057849,10,24,15:44,1,1,1,1.0,3.0,13028,A50,M,"43,1929894","5,6519095",13,2019,130.0,1.0,1.0,1.0,2272981,2.0,2,4,1,9.0,,-1.0, -1,2019.0,B01,138Â 197Â 438,3.0,0.0,-1.0,1734848,1.0,7,,0.0,2.0,2.0,A01,138Â 197Â 436,1.0
1016318,201900057849,10,24,15:44,1,1,1,1.0,3.0,13028,A50,M,"43,1929894","5,6519095",13,2019,130.0,1.0,1.0,1.0,2272981,2.0,2,4,1,9.0,,-1.0, -1,2019.0,B01,138Â 197Â 438,3.0,0.0,-1.0,1734849,1.0,7,,0.0,2.0,6.0,B01,138Â 197Â 438,1.0
1016319,201900057850,8,19,08:50,1,1,1,1.0,5.0,31395,A64,M,"43,4753789","1,3202088",31,2019,130.0,1.0,1.0,1.0,2272982,1.0,1,3,1,1.0,,0.0,0,1962.0,A01,138Â 197Â 425,1.0,-1.0,-1.0,1734850,2.0,7,,0.0,2.0,1.0,A01,138Â 197Â 425,1.0
1016319,201900057850,8,19,08:50,1,1,1,1.0,5.0,31395,A64,M,"43,4753789","1,3202088",31,2019,130.0,1.0,1.0,1.0,2272982,1.0,1,3,1,1.0,,0.0,0,1962.0,A01,138Â 197Â 425,1.0,-1.0,-1.0,1734851,1.0,7,,0.0,2.0,1.0,B01,138Â 197Â 427,1.0
1016319,201900057850,8,19,08:50,1,1,1,1.0,5.0,31395,A64,M,"43,4753789","1,3202088",31,2019,130.0,1.0,1.0,1.0,2272982,1.0,1,3,1,1.0,,0.0,0,1962.0,A01,138Â 197Â 425,1.0,-1.0,-1.0,1734852,1.0,7,,0.0,2.0,3.0,C01,138Â 197Â 430,1.0
1016319,201900057850,8,19,08:50,1,1,1,1.0,5.0,31395,A64,M,"43,4753789","1,3202088",31,2019,130.0,1.0,1.0,1.0,2272983,1.0,1,3,2,1.0,,0.0,0,1964.0,B01,138Â 197Â 427,1.0,-1.0,-1.0,1734850,2.0,7,,0.0,2.0,1.0,A01,138Â 197Â 425,1.0
1016319,201900057850,8,19,08:50,1,1,1,1.0,5.0,31395,A64,M,"43,4753789","1,3202088",31,2019,130.0,1.0,1.0,1.0,2272983,1.0,1,3,2,1.0,,0.0,0,1964.0,B01,138Â 197Â 427,1.0,-1.0,-1.0,1734851,1.0,7,,0.0,2.0,1.0,B01,138Â 197Â 427,1.0
1016319,201900057850,8,19,08:50,1,1,1,1.0,5.0,31395,A64,M,"43,4753789","1,3202088",31,2019,130.0,1.0,1.0,1.0,2272983,1.0,1,3,2,1.0,,0.0,0,1964.0,B01,138Â 197Â 427,1.0,-1.0,-1.0,1734852,1.0,7,,0.0,2.0,3.0,C01,138Â 197Â 430,1.0
1016319,201900057850,8,19,08:50,1,1,1,1.0,5.0,31395,A64,M,"43,4753789","1,3202088",31,2019,130.0,1.0,1.0,1.0,2272984,1.0,1,1,1,9.0,,0.0,0,1944.0,C01,138Â 197Â 430,1.0,-1.0,-1.0,1734850,2.0,7,,0.0,2.0,1.0,A01,138Â 197Â 425,1.0
1016319,201900057850,8,19,08:50,1,1,1,1.0,5.0,31395,A64,M,"43,4753789","1,3202088",31,2019,130.0,1.0,1.0,1.0,2272984,1.0,1,1,1,9.0,,0.0,0,1944.0,C01,138Â 197Â 430,1.0,-1.0,-1.0,1734851,1.0,7,,0.0,2.0,1.0,B01,138Â 197Â 427,1.0
1016319,201900057850,8,19,08:50,1,1,1,1.0,5.0,31395,A64,M,"43,4753789","1,3202088",31,2019,130.0,1.0,1.0,1.0,2272984,1.0,1,1,1,9.0,,0.0,0,1944.0,C01,138Â 197Â 430,1.0,-1.0,-1.0,1734852,1.0,7,,0.0,2.0,3.0,C01,138Â 197Â 430,1.0
1016320,201900057851,2,4,19:45,5,2,1,1.0,1.0,06161,avenue des italiens,M,"43,6402382","7,1400716",6,2019,10.0,5.0,1.0,3.0,2272985,1.0,1,3,1,1.0,,0.0,0,1984.0,A01,138Â 197Â 417,0.0,-1.0,-1.0,1734853,1.0,1,,0.0,0.0,1.0,A01,138Â 197Â 417,5.0
1016320,201900057851,2,4,19:45,5,2,1,1.0,1.0,06161,avenue des italiens,M,"43,6402382","7,1400716",6,2019,10.0,5.0,1.0,3.0,2272985,1.0,1,3,1,1.0,,0.0,0,1984.0,A01,138Â 197Â 417,0.0,-1.0,-1.0,1734854,2.0,1,,0.0,9.0,1.0,B01,138Â 197Â 419,5.0
1016320,201900057851,2,4,19:45,5,2,1,1.0,1.0,06161,avenue des italiens,M,"43,6402382","7,1400716",6,2019,10.0,5.0,1.0,3.0,2272986,1.0,1,1,2,5.0,,0.0,0,1963.0,B01,138Â 197Â 419,0.0,-1.0,-1.0,1734853,1.0,1,,0.0,0.0,1.0,A01,138Â 197Â 417,5.0
1016320,201900057851,2,4,19:45,5,2,1,1.0,1.0,06161,avenue des italiens,M,"43,6402382","7,1400716",6,2019,10.0,5.0,1.0,3.0,2272986,1.0,1,1,2,5.0,,0.0,0,1963.0,B01,138Â 197Â 419,0.0,-1.0,-1.0,1734854,2.0,1,,0.0,9.0,1.0,B01,138Â 197Â 419,5.0
1016321,201900057852,10,24,15:25,1,1,1,1.0,4.0,83144,A57,M,"43,1334900","5,9847600",83,2019,110.0,1.0,1.0,1.0,2272987,1.0,1,4,2,9.0,,-1.0, -1,1975.0,A01,138Â 197Â 415,1.0,0.0,-1.0,1734855,2.0,7,,0.0,2.0,1.0,A01,138Â 197Â 415,1.0
1016321,201900057852,10,24,15:25,1,1,1,1.0,4.0,83144,A57,M,"43,1334900","5,9847600",83,2019,110.0,1.0,1.0,1.0,2272987,1.0,1,4,2,9.0,,-1.0, -1,1975.0,A01,138Â 197Â 415,1.0,0.0,-1.0,1734856,2.0,10,,0.0,2.0,4.0,B01,138Â 197Â 418,0.0
1016321,201900057852,10,24,15:25,1,1,1,1.0,4.0,83144,A57,M,"43,1334900","5,9847600",83,2019,110.0,1.0,1.0,1.0,2272987,1.0,1,4,2,9.0,,-1.0, -1,1975.0,A01,138Â 197Â 415,1.0,0.0,-1.0,1734857,2.0,7,,0.0,2.0,4.0,C01,138Â 197Â 420,1.0
1016321,201900057852,10,24,15:25,1,1,1,1.0,4.0,83144,A57,M,"43,1334900","5,9847600",83,2019,110.0,1.0,1.0,1.0,2272987,1.0,1,4,2,9.0,,-1.0, -1,1975.0,A01,138Â 197Â 415,1.0,0.0,-1.0,1734858,2.0,10,,0.0,2.0,4.0,D01,138Â 197Â 421,1.0
1016321,201900057852,10,24,15:25,1,1,1,1.0,4.0,83144,A57,M,"43,1334900","5,9847600",83,2019,110.0,1.0,1.0,1.0,2272988,1.0,1,1,1,9.0,,-1.0, -1,1979.0,B01,138Â 197Â 418,1.0,0.0,-1.0,1734855,2.0,7,,0.0,2.0,1.0,A01,138Â 197Â 415,1.0
1016321,201900057852,10,24,15:25,1,1,1,1.0,4.0,83144,A57,M,"43,1334900","5,9847600",83,2019,110.0,1.0,1.0,1.0,2272988,1.0,1,1,1,9.0,,-1.0, -1,1979.0,B01,138Â 197Â 418,1.0,0.0,-1.0,1734856,2.0,10,,0.0,2.0,4.0,B01,138Â 197Â 418,0.0
1016321,201900057852,10,24,15:25,1,1,1,1.0,4.0,83144,A57,M,"43,1334900","5,9847600",83,2019,110.0,1.0,1.0,1.0,2272988,1.0,1,1,1,9.0,,-1.0, -1,1979.0,B01,138Â 197Â 418,1.0,0.0,-1.0,1734857,2.0,7,,0.0,2.0,4.0,C01,138Â 197Â 420,1.0
1016321,201900057852,10,24,15:25,1,1,1,1.0,4.0,83144,A57,M,"43,1334900","5,9847600",83,2019,110.0,1.0,1.0,1.0,2272988,1.0,1,1,1,9.0,,-1.0, -1,1979.0,B01,138Â 197Â 418,1.0,0.0,-1.0,1734858,2.0,10,,0.0,2.0,4.0,D01,138Â 197Â 421,1.0
1016321,201900057852,10,24,15:25,1,1,1,1.0,4.0,83144,A57,M,"43,1334900","5,9847600",83,2019,110.0,1.0,1.0,1.0,2272989,1.0,1,1,1,9.0,,-1.0, -1,1970.0,C01,138Â 197Â 420,1.0,0.0,-1.0,1734855,2.0,7,,0.0,2.0,1.0,A01,138Â 197Â 415,1.0
1016321,201900057852,10,24,15:25,1,1,1,1.0,4.0,83144,A57,M,"43,1334900","5,9847600",83,2019,110.0,1.0,1.0,1.0,2272989,1.0,1,1,1,9.0,,-1.0, -1,1970.0,C01,138Â 197Â 420,1.0,0.0,-1.0,1734856,2.0,10,,0.0,2.0,4.0,B01,138Â 197Â 418,0.0
1016321,201900057852,10,24,15:25,1,1,1,1.0,4.0,83144,A57,M,"43,1334900","5,9847600",83,2019,110.0,1.0,1.0,1.0,2272989,1.0,1,1,1,9.0,,-1.0, -1,1970.0,C01,138Â 197Â 420,1.0,0.0,-1.0,1734857,2.0,7,,0.0,2.0,4.0,C01,138Â 197Â 420,1.0
1016321,201900057852,10,24,15:25,1,1,1,1.0,4.0,83144,A57,M,"43,1334900","5,9847600",83,2019,110.0,1.0,1.0,1.0,2272989,1.0,1,1,1,9.0,,-1.0, -1,1970.0,C01,138Â 197Â 420,1.0,0.0,-1.0,1734858,2.0,10,,0.0,2.0,4.0,D01,138Â 197Â 421,1.0
1016321,201900057852,10,24,15:25,1,1,1,1.0,4.0,83144,A57,M,"43,1334900","5,9847600",83,2019,110.0,1.0,1.0,1.0,2272990,1.0,1,1,1,9.0,,-1.0, -1,1980.0,D01,138Â 197Â 421,1.0,0.0,-1.0,1734855,2.0,7,,0.0,2.0,1.0,A01,138Â 197Â 415,1.0
1016321,201900057852,10,24,15:25,1,1,1,1.0,4.0,83144,A57,M,"43,1334900","5,9847600",83,2019,110.0,1.0,1.0,1.0,2272990,1.0,1,1,1,9.0,,-1.0, -1,1980.0,D01,138Â 197Â 421,1.0,0.0,-1.0,1734856,2.0,10,,0.0,2.0,4.0,B01,138Â 197Â 418,0.0
1016321,201900057852,10,24,15:25,1,1,1,1.0,4.0,83144,A57,M,"43,1334900","5,9847600",83,2019,110.0,1.0,1.0,1.0,2272990,1.0,1,1,1,9.0,,-1.0, -1,1980.0,D01,138Â 197Â 421,1.0,0.0,-1.0,1734857,2.0,7,,0.0,2.0,4.0,C01,138Â 197Â 420,1.0