Unnamed: 0_x,num_acc,mois,jour,hrmn,lum,agg,int,atm,col,com,adr,gps,lat,long,dep,annee,vma,situ,surf,catr,Unnamed: 0_y,place,catu,grav,sexe,trajet,secu,locp,actp,an_nais,num_veh_x,id_vehicule_x,secu1,secu2,secu3,Unnamed: 0,senc,catv,occutc,obs,obsm,choc,num_veh_y,id_vehicule_y,motor
1016321,201900057852,10,24,15:25,1,1,1,1.0,4.0,83144,A57,M,"43,1334900","5,9847600",83,2019,110.0,1.0,1.0,1.0,2272990,1.0,1,1,1,9.0,,-1.0, -1,1980.0,D01,138Â 197Â 421,1.0,0.0,-1.0,1734858,2.0,10,,0.0,2.0,4.0,D01,138Â 197Â 421,1.0
1016322,201900057853,10,23,03:34,3,1,1,1.0,3.0,69290,A43   3.865 A 9.894,M,"45,7159000","4,9421400",69,2019,90.0,1.0,2.0,1.0,2272991,1.0,1,4,1,4.0,,-1.0,0,1976.0,A01,138Â 197Â 412,8.0,0.0,-1.0,1734859,2.0,17,,0.0,2.0,6.0,A01,138Â 197Â 412,1.0
1016322,201900057853,10,23,03:34,3,1,1,1.0,3.0,69290,A43   3.865 A 9.894,M,"45,7159000","4,9421400",69,2019,90.0,1.0,2.0,1.0,2272991,1.0,1,4,1,4.0,,-1.0,0,1976.0,A01,138Â 197Â 412,8.0,0.0,-1.0,1734860,2.0,17,,1.0,0.0,2.0,B01,138Â 197Â 413,1.0
1016322,201900057853,10,23,03:34,3,1,1,1.0,3.0,69290,A43   3.865 A 9.894,M,"45,7159000","4,9421400",69,2019,90.0,1.0,2.0,1.0,2272992,1.0,1,4,1,4.0,,-1.0,0,1979.0,B01,138Â 197Â 413,8.0,0.0,-1.0,1734859,2.0,17,,0.0,2.0,6.0,A01,138Â 197Â 412,1.0
1016322,201900057853,10,23,03:34,3,1,1,1.0,3.0,69290,A43   3.865 A 9.894,M,"45,7159000","4,9421400",69,2019,90.0,1.0,2.0,1.0,2272992,1.0,1,4,1,4.0,,-1.0,0,1979.0,B01,138Â 197Â 413,8.0,0.0,-1.0,1734860,2.0,17,,1.0,0.0,2.0,B01,138Â 197Â 413,1.0
1016323,201900057854,2,14,12:30,1,2,2,7.0,3.0,49092,Rue des venelles - CHEMILLE,M,"47,2133880"," -0,7274530",49,2019,30.0,1.0,1.0,4.0,2272993,1.0,1,3,2,3.0,,-1.0, -1,1948.0,B01,138Â 197Â 409,0.0,0.0,0.0,1734861,0.0,1,,0.0,2.0,0.0,B01,138Â 197Â 409,5.0
1016323,201900057854,2,14,12:30,1,2,2,7.0,3.0,49092,Rue des venelles - CHEMILLE,M,"47,2133880"," -0,7274530",49,2019,30.0,1.0,1.0,4.0,2272993,1.0,1,3,2,3.0,,-1.0, -1,1948.0,B01,138Â 197Â 409,0.0,0.0,0.0,1734862,3.0,7,,0.0,2.0,7.0,A01,138Â 197Â 411,1.0
1016323,201900057854,2,14,12:30,1,2,2,7.0,3.0,49092,Rue des venelles - CHEMILLE,M,"47,2133880"," -0,7274530",49,2019,30.0,1.0,1.0,4.0,2272994,1.0,1,1,2,1.0,,0.0,0,1988.0,A01,138Â 197Â 411,1.0,-1.0,-1.0,1734861,0.0,1,,0.0,2.0,0.0,B01,138Â 197Â 409,5.0
1016323,201900057854,2,14,12:30,1,2,2,7.0,3.0,49092,Rue des venelles - CHEMILLE,M,"47,2133880"," -0,7274530",49,2019,30.0,1.0,1.0,4.0,2272994,1.0,1,1,2,1.0,,0.0,0,1988.0,A01,138Â 197Â 411,1.0,-1.0,-1.0,1734862,3.0,7,,0.0,2.0,7.0,A01,138Â 197Â 411,1.0
1016324,201900057855,5,1,22:45,5,2,3,1.0,3.0,67301,1 Rue de la LibertÃ©,M,"48,7588010","7,6394050",67,2019,-1.0,1.0,1.0,3.0,2272995,1.0,1,1,1,5.0,,0.0,0,1994.0,A01,138Â 197Â 408,1.0,-1.0,-1.0,1734863,3.0,7,,0.0,2.0,1.0,A01,138Â 197Â 408,1.0
1016324,201900057855,5,1,22:45,5,2,3,1.0,3.0,67301,1 Rue de la LibertÃ©,M,"48,7588010","7,6394050",67,2019,-1.0,1.0,1.0,3.0,2272995,1.0,1,1,1,5.0,,0.0,0,1994.0,A01,138Â 197Â 408,1.0,-1.0,-1.0,1734864,1.0,7,,0.0,2.0,7.0,B01,138Â 197Â 410,1.0
1016324,201900057855,5,1,22:45,5,2,3,1.0,3.0,67301,1 Rue de la LibertÃ©,M,"48,7588010","7,6394050",67,2019,-1.0,1.0,1.0,3.0,2272996,2.0,2,1,1,5.0,,0.0,0,1997.0,A01,138Â 197Â 408,1.0,-1.0,-1.0,1734863,3.0,7,,0.0,2.0,1.0,A01,138Â 197Â 408,1.0
1016324,201900057855,5,1,22:45,5,2,3,1.0,3.0,67301,1 Rue de la LibertÃ©,M,"48,7588010","7,6394050",67,2019,-1.0,1.0,1.0,3.0,2272996,2.0,2,1,1,5.0,,0.0,0,1997.0,A01,138Â 197Â 408,1.0,-1.0,-1.0,1734864,1.0,7,,0.0,2.0,7.0,B01,138Â 197Â 410,1.0
1016324,201900057855,5,1,22:45,5,2,3,1.0,3.0,67301,1 Rue de la LibertÃ©,M,"48,7588010","7,6394050",67,2019,-1.0,1.0,1.0,3.0,2272997,1.0,1,4,1,1.0,,0.0,0,1961.0,B01,138Â 197Â 410,1.0,-1.0,-1.0,1734863,3.0,7,,0.0,2.0,1.0,A01,138Â 197Â 408,1.0
1016324,201900057855,5,1,22:45,5,2,3,1.0,3.0,67301,1 Rue de la LibertÃ©,M,"48,7588010","7,6394050",67,2019,-1.0,1.0,1.0,3.0,2272997,1.0,1,4,1,1.0,,0.0,0,1961.0,B01,138Â 197Â 410,1.0,-1.0,-1.0,1734864,1.0,7,,0.0,2.0,7.0,B01,138Â 197Â 410,1.0
1016324,201900057855,5,1,22:45,5,2,3,1.0,3.0,67301,1 Rue de la LibertÃ©,M,"48,7588010","7,6394050",67,2019,-1.0,1.0,1.0,3.0,2272998,2.0,2,4,2,1.0,,0.0,0,1960.0,B01,138Â 197Â 410,1.0,-1.0,-1.0,1734863,3.0,7,,0.0,2.0,1.0,A01,138Â 197Â 408,1.0
1016324,201900057855,5,1,22:45,5,2,3,1.0,3.0,67301,1 Rue de la LibertÃ©,M,"48,7588010","7,6394050",67,2019,-1.0,1.0,1.0,3.0,2272998,2.0,2,4,2,1.0,,0.0,0,1960.0,B01,138Â 197Â 410,1.0,-1.0,-1.0,1734864,1.0,7,,0.0,2.0,7.0,B01,138Â 197Â 410,1.0
1016325,201900057856,5,10,15:20,1,2,1,1.0,1.0,67240,Rue du GÃ©nÃ©ral de Gaulle,M,"48,6090510","7,4951090",67,2019,50.0,1.0,1.0,3.0,2272999,1.0,1,4,1,1.0,,0.0,0,1962.0,A01,138Â 197Â 399,1.0,-1.0,-1.0,1734865,1.0,7,,0.0,2.0,3.0,A01,138Â 197Â 399,1.0
1016325,201900057856,5,10,15:20,1,2,1,1.0,1.0,67240,Rue du GÃ©nÃ©ral de Gaulle,M,"48,6090510","7,4951090",67,2019,50.0,1.0,1.0,3.0,2272999,1.0,1,4,1,1.0,,0.0,0,1962.0,A01,138Â 197Â 399,1.0,-1.0,-1.0,1734866,2.0,7,,1.0,2.0,3.0,B01,138Â 197Â 400,1.0
1016325,201900057856,5,10,15:20,1,2,1,1.0,1.0,67240,Rue du GÃ©nÃ©ral de Gaulle,M,"48,6090510","7,4951090",67,2019,50.0,1.0,1.0,3.0,2273000,1.0,1,4,2,5.0,,0.0,0,1956.0,B01,138Â 197Â 400,1.0,-1.0,-1.0,1734865,1.0,7,,0.0,2.0,3.0,A01,138Â 197Â 399,1.0
1016325,201900057856,5,10,15:20,1,2,1,1.0,1.0,67240,Rue du GÃ©nÃ©ral de Gaulle,M,"48,6090510","7,4951090",67,2019,50.0,1.0,1.0,3.0,2273000,1.0,1,4,2,5.0,,0.0,0,1956.0,B01,138Â 197Â 400,1.0,-1.0,-1.0,1734866,2.0,7,,1.0,2.0,3.0,B01,138Â 197Â 400,1.0
1016326,201900057857,5,3,17:45,1,2,9,1.0,6.0,67520,Rue de Romanswiller,M,"48,6382040","7,4413720",67,2019,-1.0,8.0,1.0,6.0,2273001,1.0,1,1,1,3.0,,0.0,0,1977.0,A01,138Â 197Â 398,8.0,-1.0,-1.0,1734867,3.0,7,,0.0,1.0,4.0,A01,138Â 197Â 398,1.0
1016326,201900057857,5,3,17:45,1,2,9,1.0,6.0,67520,Rue de Romanswiller,M,"48,6382040","7,4413720",67,2019,-1.0,8.0,1.0,6.0,2273002,10.0,3,4,2,3.0,,0.0,9,1943.0,A01,138Â 197Â 398,8.0,-1.0,-1.0,1734867,3.0,7,,0.0,1.0,4.0,A01,138Â 197Â 398,1.0
1016327,201900057858,10,25,08:55,1,1,1,2.0,2.0,33096,AUTOROUTE A 10,M,"44,8972400"," -0,4958700",33,2019,90.0,1.0,2.0,1.0,2273003,1.0,1,1,1,5.0,,-1.0, -1,1970.0,A01,138Â 197Â 404,1.0,8.0,-1.0,1734868,1.0,7,,0.0,2.0,5.0,A01,138Â 197Â 404,1.0
1016327,201900057858,10,25,08:55,1,1,1,2.0,2.0,33096,AUTOROUTE A 10,M,"44,8972400"," -0,4958700",33,2019,90.0,1.0,2.0,1.0,2273003,1.0,1,1,1,5.0,,-1.0, -1,1970.0,A01,138Â 197Â 404,1.0,8.0,-1.0,1734869,1.0,33,,0.0,2.0,8.0,B01,138Â 197Â 407,1.0
1016327,201900057858,10,25,08:55,1,1,1,2.0,2.0,33096,AUTOROUTE A 10,M,"44,8972400"," -0,4958700",33,2019,90.0,1.0,2.0,1.0,2273004,1.0,1,4,1,1.0,,-1.0, -1,1997.0,B01,138Â 197Â 407,2.0,6.0,-1.0,1734868,1.0,7,,0.0,2.0,5.0,A01,138Â 197Â 404,1.0
1016327,201900057858,10,25,08:55,1,1,1,2.0,2.0,33096,AUTOROUTE A 10,M,"44,8972400"," -0,4958700",33,2019,90.0,1.0,2.0,1.0,2273004,1.0,1,4,1,1.0,,-1.0, -1,1997.0,B01,138Â 197Â 407,2.0,6.0,-1.0,1734869,1.0,33,,0.0,2.0,8.0,B01,138Â 197Â 407,1.0
1016328,201900057859,3,25,15:50,1,2,3,1.0,3.0,85194,RUE ANTOINE WATTEAU,M,"46,5005700"," -1,7647700",85,2019,50.0,1.0,1.0,4.0,2273005,1.0,1,4,1,2.0,,0.0,0,2002.0,B01,138Â 197Â 403,2.0,0.0,-1.0,1734870,1.0,2,,0.0,2.0,1.0,B01,138Â 197Â 403,1.0
1016328,201900057859,3,25,15:50,1,2,3,1.0,3.0,85194,RUE ANTOINE WATTEAU,M,"46,5005700"," -1,7647700",85,2019,50.0,1.0,1.0,4.0,2273005,1.0,1,4,1,2.0,,0.0,0,2002.0,B01,138Â 197Â 403,2.0,0.0,-1.0,1734871,2.0,7,,0.0,2.0,0.0,A01,138Â 197Â 423,0.0
1016328,201900057859,3,25,15:50,1,2,3,1.0,3.0,85194,RUE ANTOINE WATTEAU,M,"46,5005700"," -1,7647700",85,2019,50.0,1.0,1.0,4.0,2273006,1.0,1,1,2,1.0,,0.0,0,1947.0,A01,138Â 197Â 423,1.0,0.0,-1.0,1734870,1.0,2,,0.0,2.0,1.0,B01,138Â 197Â 403,1.0
1016328,201900057859,3,25,15:50,1,2,3,1.0,3.0,85194,RUE ANTOINE WATTEAU,M,"46,5005700"," -1,7647700",85,2019,50.0,1.0,1.0,4.0,2273006,1.0,1,1,2,1.0,,0.0,0,1947.0,A01,138Â 197Â 423,1.0,0.0,-1.0,1734871,2.0,7,,0.0,2.0,0.0,A01,138Â 197Â 423,0.0
1016329,201900057860,9,20,16:45,1,2,2,1.0,3.0,75120,RUE PELLEPORT,M,"48,8718400","2,3983570",75,2019,30.0,1.0,1.0,4.0,2273007,1.0,1,1,1,5.0,,0.0,0,1956.0,A01,138Â 197Â 402,1.0,0.0,-1.0,1734872,2.0,7,,0.0,2.0,2.0,A01,138Â 197Â 402,1.0
1016329,201900057860,9,20,16:45,1,2,2,1.0,3.0,75120,RUE PELLEPORT,M,"48,8718400","2,3983570",75,2019,30.0,1.0,1.0,4.0,2273007,1.0,1,1,1,5.0,,0.0,0,1956.0,A01,138Â 197Â 402,1.0,0.0,-1.0,1734873,1.0,60,,0.0,2.0,1.0,B01,138Â 197Â 424,5.0
1016329,201900057860,9,20,16:45,1,2,2,1.0,3.0,75120,RUE PELLEPORT,M,"48,8718400","2,3983570",75,2019,30.0,1.0,1.0,4.0,2273008,1.0,1,4,1,2.0,,0.0,0,2007.0,B01,138Â 197Â 424,8.0,2.0,-1.0,1734872,2.0,7,,0.0,2.0,2.0,A01,138Â 197Â 402,1.0
1016329,201900057860,9,20,16:45,1,2,2,1.0,3.0,75120,RUE PELLEPORT,M,"48,8718400","2,3983570",75,2019,30.0,1.0,1.0,4.0,2273008,1.0,1,4,1,2.0,,0.0,0,2007.0,B01,138Â 197Â 424,8.0,2.0,-1.0,1734873,1.0,60,,0.0,2.0,1.0,B01,138Â 197Â 424,5.0
1016330,201900057861,8,18,14:30,1,1,1,1.0,6.0,68309,A 35,M,"47,6608140","7,4832210",68,2019,130.0,3.0,1.0,1.0,2273009,7.0,2,4,2,5.0,,0.0,0,2006.0,A01,138Â 197Â 401,1.0,-1.0,-1.0,1734874,1.0,7,,3.0,0.0,1.0,A01,138Â 197Â 401,1.0
1016330,201900057861,8,18,14:30,1,1,1,1.0,6.0,68309,A 35,M,"47,6608140","7,4832210",68,2019,130.0,3.0,1.0,1.0,2273010,2.0,2,3,2,5.0,,0.0,0,1948.0,A01,138Â 197Â 401,1.0,-1.0,-1.0,1734874,1.0,7,,3.0,0.0,1.0,A01,138Â 197Â 401,1.0
1016330,201900057861,8,18,14:30,1,1,1,1.0,6.0,68309,A 35,M,"47,6608140","7,4832210",68,2019,130.0,3.0,1.0,1.0,2273011,1.0,1,3,1,5.0,,0.0,0,1940.0,A01,138Â 197Â 401,1.0,-1.0,-1.0,1734874,1.0,7,,3.0,0.0,1.0,A01,138Â 197Â 401,1.0
1016330,201900057861,8,18,14:30,1,1,1,1.0,6.0,68309,A 35,M,"47,6608140","7,4832210",68,2019,130.0,3.0,1.0,1.0,2273012,9.0,2,3,1,5.0,,0.0,0,2002.0,A01,138Â 197Â 401,1.0,-1.0,-1.0,1734874,1.0,7,,3.0,0.0,1.0,A01,138Â 197Â 401,1.0
1016331,201900057862,2,15,15:30,1,1,1,7.0,2.0,83004,,M,"43,4443830","6,4920410",83,2019,130.0,2.0,1.0,1.0,2273013,1.0,1,1,1,4.0,,0.0,0,1974.0,A01,138Â 197Â 405,1.0,-1.0,-1.0,1734875,2.0,17,,1.0,0.0,2.0,A01,138Â 197Â 405,1.0
1016331,201900057862,2,15,15:30,1,1,1,7.0,2.0,83004,,M,"43,4443830","6,4920410",83,2019,130.0,2.0,1.0,1.0,2273013,1.0,1,1,1,4.0,,0.0,0,1974.0,A01,138Â 197Â 405,1.0,-1.0,-1.0,1734876,2.0,10,,0.0,0.0,4.0,B01,138Â 197Â 406,1.0
1016331,201900057862,2,15,15:30,1,1,1,7.0,2.0,83004,,M,"43,4443830","6,4920410",83,2019,130.0,2.0,1.0,1.0,2273014,1.0,1,3,1,5.0,,0.0,0,1958.0,B01,138Â 197Â 406,0.0,-1.0,-1.0,1734875,2.0,17,,1.0,0.0,2.0,A01,138Â 197Â 405,1.0
1016331,201900057862,2,15,15:30,1,1,1,7.0,2.0,83004,,M,"43,4443830","6,4920410",83,2019,130.0,2.0,1.0,1.0,2273014,1.0,1,3,1,5.0,,0.0,0,1958.0,B01,138Â 197Â 406,0.0,-1.0,-1.0,1734876,2.0,10,,0.0,0.0,4.0,B01,138Â 197Â 406,1.0
1016331,201900057862,2,15,15:30,1,1,1,7.0,2.0,83004,,M,"43,4443830","6,4920410",83,2019,130.0,2.0,1.0,1.0,2273015,10.0,3,1,2,5.0,,6.0,9,1961.0,B01,138Â 197Â 406,0.0,-1.0,-1.0,1734875,2.0,17,,1.0,0.0,2.0,A01,138Â 197Â 405,1.0
1016331,201900057862,2,15,15:30,1,1,1,7.0,2.0,83004,,M,"43,4443830","6,4920410",83,2019,130.0,2.0,1.0,1.0,2273015,10.0,3,1,2,5.0,,6.0,9,1961.0,B01,138Â 197Â 406,0.0,-1.0,-1.0,1734876,2.0,10,,0.0,0.0,4.0,B01,138Â 197Â 406,1.0
1016332,201900057863,2,18,15:10,1,1,1,1.0,6.0,68005,D11 I,M,"48,1159670","7,2201420",68,2019,80.0,3.0,2.0,3.0,2273016,1.0,1,3,2,5.0,,0.0,0,2001.0,A01,138Â 197Â 395,2.0,6.0,-1.0,1734877,2.0,31,,13.0,0.0,3.0,A01,138Â 197Â 395,1.0
1016333,201900057864,8,16,14:25,1,1,1,1.0,3.0,34270,Autoroute A9,M,"43,5560164","3,8237288",34,2019,110.0,1.0,1.0,1.0,2273017,1.0,1,1,2,5.0,,0.0,0,1977.0,A01,138Â 197Â 393,1.0,-1.0,-1.0,1734878,2.0,7,,0.0,2.0,5.0,A01,138Â 197Â 393,1.0
1016333,201900057864,8,16,14:25,1,1,1,1.0,3.0,34270,Autoroute A9,M,"43,5560164","3,8237288",34,2019,110.0,1.0,1.0,1.0,2273017,1.0,1,1,2,5.0,,0.0,0,1977.0,A01,138Â 197Â 393,1.0,-1.0,-1.0,1734879,2.0,7,,0.0,2.0,3.0,B01,138Â 197Â 394,1.0
1016333,201900057864,8,16,14:25,1,1,1,1.0,3.0,34270,Autoroute A9,M,"43,5560164","3,8237288",34,2019,110.0,1.0,1.0,1.0,2273018,2.0,2,4,1,0.0,,0.0,0,1996.0,B01,138Â 197Â 394,1.0,-1.0,-1.0,1734878,2.0,7,,0.0,2.0,5.0,A01,138Â 197Â 393,1.0
1016333,201900057864,8,16,14:25,1,1,1,1.0,3.0,34270,Autoroute A9,M,"43,5560164","3,8237288",34,2019,110.0,1.0,1.0,1.0,2273018,2.0,2,4,1,0.0,,0.0,0,1996.0,B01,138Â 197Â 394,1.0,-1.0,-1.0,1734879,2.0,7,,0.0,2.0,3.0,B01,138Â 197Â 394,1.0
1016333,201900057864,8,16,14:25,1,1,1,1.0,3.0,34270,Autoroute A9,M,"43,5560164","3,8237288",34,2019,110.0,1.0,1.0,1.0,2273019,1.0,1,3,1,0.0,,0.0,0,1996.0,B01,138Â 197Â 394,1.0,-1.0,-1.0,1734878,2.0,7,,0.0,2.0,5.0,A01,138Â 197Â 393,1.0
1016333,201900057864,8,16,14:25,1,1,1,1.0,3.0,34270,Autoroute A9,M,"43,5560164","3,8237288",34,2019,110.0,1.0,1.0,1.0,2273019,1.0,1,3,1,0.0,,0.0,0,1996.0,B01,138Â 197Â 394,1.0,-1.0,-1.0,1734879,2.0,7,,0.0,2.0,3.0,B01,138Â 197Â 394,1.0
1016333,201900057864,8,16,14:25,1,1,1,1.0,3.0,34270,Autoroute A9,M,"43,5560164","3,8237288",34,2019,110.0,1.0,1.0,1.0,2273020,3.0,2,3,1,0.0,,0.0,0,1996.0,B01,138Â 197Â 394,1.0,-1.0,-1.0,1734878,2.0,7,,0.0,2.0,5.0,A01,138Â 197Â 393,1.0
1016333,201900057864,8,16,14:25,1,1,1,1.0,3.0,34270,Autoroute A9,M,"43,5560164","3,8237288",34,2019,110.0,1.0,1.0,1.0,2273020,3.0,2,3,1,0.0,,0.0,0,1996.0,B01,138Â 197Â 394,1.0,-1.0,-1.0,1734879,2.0,7,,0.0,2.0,3.0,B01,138Â 197Â 394,1.0
1016334,201900057865,2,17,17:00,1,1,1,1.0,6.0,10412,ROUTE DÃPARTEMENTALE 172,M,"48,3095940","4,1362990",10,2019,80.0,1.0,1.0,3.0,2273021,1.0,1,4,1,5.0,,0.0,0,2001.0,C01,138Â 197Â 390,0.0,-1.0,-1.0,1734880,2.0,1,,0.0,0.0,8.0,C01,138Â 197Â 390,6.0
1016334,201900057865,2,17,17:00,1,1,1,1.0,6.0,10412,ROUTE DÃPARTEMENTALE 172,M,"48,3095940","4,1362990",10,2019,80.0,1.0,1.0,3.0,2273021,1.0,1,4,1,5.0,,0.0,0,2001.0,C01,138Â 197Â 390,0.0,-1.0,-1.0,1734881,2.0,1,,0.0,0.0,8.0,B01,138Â 197Â 391,6.0
1016334,201900057865,2,17,17:00,1,1,1,1.0,6.0,10412,ROUTE DÃPARTEMENTALE 172,M,"48,3095940","4,1362990",10,2019,80.0,1.0,1.0,3.0,2273021,1.0,1,4,1,5.0,,0.0,0,2001.0,C01,138Â 197Â 390,0.0,-1.0,-1.0,1734882,2.0,7,,0.0,9.0,7.0,A01,138Â 197Â 392,6.0
1016334,201900057865,2,17,17:00,1,1,1,1.0,6.0,10412,ROUTE DÃPARTEMENTALE 172,M,"48,3095940","4,1362990",10,2019,80.0,1.0,1.0,3.0,2273022,1.0,1,3,2,5.0,,0.0,0,1970.0,B01,138Â 197Â 391,0.0,-1.0,-1.0,1734880,2.0,1,,0.0,0.0,8.0,C01,138Â 197Â 390,6.0
1016334,201900057865,2,17,17:00,1,1,1,1.0,6.0,10412,ROUTE DÃPARTEMENTALE 172,M,"48,3095940","4,1362990",10,2019,80.0,1.0,1.0,3.0,2273022,1.0,1,3,2,5.0,,0.0,0,1970.0,B01,138Â 197Â 391,0.0,-1.0,-1.0,1734881,2.0,1,,0.0,0.0,8.0,B01,138Â 197Â 391,6.0
1016334,201900057865,2,17,17:00,1,1,1,1.0,6.0,10412,ROUTE DÃPARTEMENTALE 172,M,"48,3095940","4,1362990",10,2019,80.0,1.0,1.0,3.0,2273022,1.0,1,3,2,5.0,,0.0,0,1970.0,B01,138Â 197Â 391,0.0,-1.0,-1.0,1734882,2.0,7,,0.0,9.0,7.0,A01,138Â 197Â 392,6.0
1016334,201900057865,2,17,17:00,1,1,1,1.0,6.0,10412,ROUTE DÃPARTEMENTALE 172,M,"48,3095940","4,1362990",10,2019,80.0,1.0,1.0,3.0,2273023,1.0,1,1,1,5.0,,0.0,0,1950.0,A01,138Â 197Â 392,1.0,-1.0,-1.0,1734880,2.0,1,,0.0,0.0,8.0,C01,138Â 197Â 390,6.0
1016334,201900057865,2,17,17:00,1,1,1,1.0,6.0,10412,ROUTE DÃPARTEMENTALE 172,M,"48,3095940","4,1362990",10,2019,80.0,1.0,1.0,3.0,2273023,1.0,1,1,1,5.0,,0.0,0,1950.0,A01,138Â 197Â 392,1.0,-1.0,-1.0,1734881,2.0,1,,0.0,0.0,8.0,B01,138Â 197Â 391,6.0
1016334,201900057865,2,17,17:00,1,1,1,1.0,6.0,10412,ROUTE DÃPARTEMENTALE 172,M,"48,3095940","4,1362990",10,2019,80.0,1.0,1.0,3.0,2273023,1.0,1,1,1,5.0,,0.0,0,1950.0,A01,138Â 197Â 392,1.0,-1.0,-1.0,1734882,2.0,7,,0.0,9.0,7.0,A01,138Â 197Â 392,6.0
1016335,201900057866,2,16,05:05,5,2,3,1.0,3.0,05133,Intersection RD 1091 / allÃ©e des Crocus,M,"44,9331025","6,5892934",5,2019,50.0,1.0,1.0,3.0,2273024,1.0,1,1,1,4.0,,0.0,0,1966.0,A01,138Â 197Â 387,1.0,-1.0,-1.0,1734883,2.0,14,,0.0,2.0,2.0,A01,138Â 197Â 387,1.0
1016335,201900057866,2,16,05:05,5,2,3,1.0,3.0,05133,Intersection RD 1091 / allÃ©e des Crocus,M,"44,9331025","6,5892934",5,2019,50.0,1.0,1.0,3.0,2273024,1.0,1,1,1,4.0,,0.0,0,1966.0,A01,138Â 197Â 387,1.0,-1.0,-1.0,1734884,1.0,7,,0.0,2.0,1.0,B01,138Â 197Â 388,1.0
1016335,201900057866,2,16,05:05,5,2,3,1.0,3.0,05133,Intersection RD 1091 / allÃ©e des Crocus,M,"44,9331025","6,5892934",5,2019,50.0,1.0,1.0,3.0,2273025,7.0,2,3,1,5.0,,0.0,0,1999.0,B01,138Â 197Â 388,1.0,-1.0,-1.0,1734883,2.0,14,,0.0,2.0,2.0,A01,138Â 197Â 387,1.0
1016335,201900057866,2,16,05:05,5,2,3,1.0,3.0,05133,Intersection RD 1091 / allÃ©e des Crocus,M,"44,9331025","6,5892934",5,2019,50.0,1.0,1.0,3.0,2273025,7.0,2,3,1,5.0,,0.0,0,1999.0,B01,138Â 197Â 388,1.0,-1.0,-1.0,1734884,1.0,7,,0.0,2.0,1.0,B01,138Â 197Â 388,1.0
1016335,201900057866,2,16,05:05,5,2,3,1.0,3.0,05133,Intersection RD 1091 / allÃ©e des Crocus,M,"44,9331025","6,5892934",5,2019,50.0,1.0,1.0,3.0,2273026,9.0,2,3,1,5.0,,0.0,0,1999.0,B01,138Â 197Â 388,1.0,-1.0,-1.0,1734883,2.0,14,,0.0,2.0,2.0,A01,138Â 197Â 387,1.0
1016335,201900057866,2,16,05:05,5,2,3,1.0,3.0,05133,Intersection RD 1091 / allÃ©e des Crocus,M,"44,9331025","6,5892934",5,2019,50.0,1.0,1.0,3.0,2273026,9.0,2,3,1,5.0,,0.0,0,1999.0,B01,138Â 197Â 388,1.0,-1.0,-1.0,1734884,1.0,7,,0.0,2.0,1.0,B01,138Â 197Â 388,1.0
1016335,201900057866,2,16,05:05,5,2,3,1.0,3.0,05133,Intersection RD 1091 / allÃ©e des Crocus,M,"44,9331025","6,5892934",5,2019,50.0,1.0,1.0,3.0,2273027,1.0,1,2,1,5.0,,0.0,0,1999.0,B01,138Â 197Â 388,0.0,-1.0,-1.0,1734883,2.0,14,,0.0,2.0,2.0,A01,138Â 197Â 387,1.0
1016335,201900057866,2,16,05:05,5,2,3,1.0,3.0,05133,Intersection RD 1091 / allÃ©e des Crocus,M,"44,9331025","6,5892934",5,2019,50.0,1.0,1.0,3.0,2273027,1.0,1,2,1,5.0,,0.0,0,1999.0,B01,138Â 197Â 388,0.0,-1.0,-1.0,1734884,1.0,7,,0.0,2.0,1.0,B01,138Â 197Â 388,1.0
1016335,201900057866,2,16,05:05,5,2,3,1.0,3.0,05133,Intersection RD 1091 / allÃ©e des Crocus,M,"44,9331025","6,5892934",5,2019,50.0,1.0,1.0,3.0,2273028,2.0,2,2,1,5.0,,0.0,0,1999.0,B01,138Â 197Â 388,0.0,-1.0,-1.0,1734883,2.0,14,,0.0,2.0,2.0,A01,138Â 197Â 387,1.0
1016335,201900057866,2,16,05:05,5,2,3,1.0,3.0,05133,Intersection RD 1091 / allÃ©e des Crocus,M,"44,9331025","6,5892934",5,2019,50.0,1.0,1.0,3.0,2273028,2.0,2,2,1,5.0,,0.0,0,1999.0,B01,138Â 197Â 388,0.0,-1.0,-1.0,1734884,1.0,7,,0.0,2.0,1.0,B01,138Â 197Â 388,1.0
1016335,201900057866,2,16,05:05,5,2,3,1.0,3.0,05133,Intersection RD 1091 / allÃ©e des Crocus,M,"44,9331025","6,5892934",5,2019,50.0,1.0,1.0,3.0,2273029,8.0,2,2,1,5.0,,0.0,0,2001.0,B01,138Â 197Â 388,0.0,-1.0,-1.0,1734883,2.0,14,,0.0,2.0,2.0,A01,138Â 197Â 387,1.0
1016335,201900057866,2,16,05:05,5,2,3,1.0,3.0,05133,Intersection RD 1091 / allÃ©e des Crocus,M,"44,9331025","6,5892934",5,2019,50.0,1.0,1.0,3.0,2273029,8.0,2,2,1,5.0,,0.0,0,2001.0,B01,138Â 197Â 388,0.0,-1.0,-1.0,1734884,1.0,7,,0.0,2.0,1.0,B01,138Â 197Â 388,1.0
1016335,201900057866,2,16,05:05,5,2,3,1.0,3.0,05133,Intersection RD 1091 / allÃ©e des Crocus,M,"44,9331025","6,5892934",5,2019,50.0,1.0,1.0,3.0,2273030,8.0,2,2,1,5.0,,0.0,0,2001.0,B01,138Â 197Â 388,0.0,-1.0,-1.0,1734883,2.0,14,,0.0,2.0,2.0,A01,138Â 197Â 387,1.0