Unnamed: 0_x,num_acc,mois,jour,hrmn,lum,agg,int,atm,col,com,adr,gps,lat,long,dep,annee,vma,situ,surf,catr,Unnamed: 0_y,place,catu,grav,sexe,trajet,secu,locp,actp,an_nais,num_veh_x,id_vehicule_x,secu1,secu2,secu3,Unnamed: 0,senc,catv,occutc,obs,obsm,choc,num_veh_y,id_vehicule_y,motor
1016335,201900057866,2,16,05:05,5,2,3,1.0,3.0,05133,Intersection RD 1091 / allÃ©e des Crocus,M,"44,9331025","6,5892934",5,2019,50.0,1.0,1.0,3.0,2273030,8.0,2,2,1,5.0,,0.0,0,2001.0,B01,138Â 197Â 388,0.0,-1.0,-1.0,1734884,1.0,7,,0.0,2.0,1.0,B01,138Â 197Â 388,1.0
1016336,201900057867,2,17,04:00,5,2,1,1.0,7.0,97222,route du port,M,"14,6729490"," -60,9432220",972,2019,50.0,1.0,1.0,3.0,2273031,1.0,1,3,1,5.0,,0.0,0,1976.0,A01,138Â 197Â 386,2.0,-1.0,-1.0,1734885,1.0,2,,0.0,0.0,0.0,A01,138Â 197Â 386,1.0
1016337,201900057868,2,17,05:45,2,2,6,1.0,1.0,97221,RD35,M,"14,5193110"," -60,9554240",972,2019,50.0,1.0,1.0,3.0,2273032,1.0,1,3,1,5.0,,0.0,0,1977.0,B01,138Â 197Â 384,6.0,-1.0,-1.0,1734886,1.0,2,,0.0,2.0,1.0,B01,138Â 197Â 384,1.0
1016337,201900057868,2,17,05:45,2,2,6,1.0,1.0,97221,RD35,M,"14,5193110"," -60,9554240",972,2019,50.0,1.0,1.0,3.0,2273032,1.0,1,3,1,5.0,,0.0,0,1977.0,B01,138Â 197Â 384,6.0,-1.0,-1.0,1734887,1.0,7,,0.0,2.0,3.0,A01,138Â 197Â 385,1.0
1016337,201900057868,2,17,05:45,2,2,6,1.0,1.0,97221,RD35,M,"14,5193110"," -60,9554240",972,2019,50.0,1.0,1.0,3.0,2273033,1.0,1,1,2,5.0,,0.0,0,1990.0,A01,138Â 197Â 385,1.0,-1.0,-1.0,1734886,1.0,2,,0.0,2.0,1.0,B01,138Â 197Â 384,1.0
1016337,201900057868,2,17,05:45,2,2,6,1.0,1.0,97221,RD35,M,"14,5193110"," -60,9554240",972,2019,50.0,1.0,1.0,3.0,2273033,1.0,1,1,2,5.0,,0.0,0,1990.0,A01,138Â 197Â 385,1.0,-1.0,-1.0,1734887,1.0,7,,0.0,2.0,3.0,A01,138Â 197Â 385,1.0
1016338,201900057869,2,15,08:25,1,2,6,7.0,6.0,97210,RN 6- Rond point de la Martienne,M,"14,6152030"," -60,9088520",972,2019,50.0,1.0,1.0,2.0,2273034,10.0,3,3,2,3.0,,2.0,3,1943.0,A01,138Â 197Â 378,0.0,-1.0,-1.0,1734888,1.0,7,,0.0,1.0,2.0,A01,138Â 197Â 378,1.0
1016338,201900057869,2,15,08:25,1,2,6,7.0,6.0,97210,RN 6- Rond point de la Martienne,M,"14,6152030"," -60,9088520",972,2019,50.0,1.0,1.0,2.0,2273035,1.0,1,1,1,5.0,,0.0,0,1964.0,A01,138Â 197Â 378,1.0,-1.0,-1.0,1734888,1.0,7,,0.0,1.0,2.0,A01,138Â 197Â 378,1.0
1016339,201900057870,2,16,18:45,5,2,1,1.0,4.0,97229,route de l'enclos,M,"14,6214840"," -61,1026310",972,2019,50.0,1.0,1.0,4.0,2273036,1.0,1,1,1,5.0,,0.0,0,1950.0,C01,138Â 197Â 375,1.0,-1.0,-1.0,1734889,1.0,7,,0.0,2.0,3.0,C01,138Â 197Â 375,1.0
1016339,201900057870,2,16,18:45,5,2,1,1.0,4.0,97229,route de l'enclos,M,"14,6214840"," -61,1026310",972,2019,50.0,1.0,1.0,4.0,2273036,1.0,1,1,1,5.0,,0.0,0,1950.0,C01,138Â 197Â 375,1.0,-1.0,-1.0,1734890,1.0,7,,0.0,2.0,6.0,B01,138Â 197Â 376,1.0
1016339,201900057870,2,16,18:45,5,2,1,1.0,4.0,97229,route de l'enclos,M,"14,6214840"," -61,1026310",972,2019,50.0,1.0,1.0,4.0,2273036,1.0,1,1,1,5.0,,0.0,0,1950.0,C01,138Â 197Â 375,1.0,-1.0,-1.0,1734891,2.0,33,,0.0,2.0,8.0,A01,138Â 197Â 377,1.0
1016339,201900057870,2,16,18:45,5,2,1,1.0,4.0,97229,route de l'enclos,M,"14,6214840"," -61,1026310",972,2019,50.0,1.0,1.0,4.0,2273037,1.0,1,1,2,5.0,,0.0,0,1972.0,B01,138Â 197Â 376,1.0,-1.0,-1.0,1734889,1.0,7,,0.0,2.0,3.0,C01,138Â 197Â 375,1.0
1016339,201900057870,2,16,18:45,5,2,1,1.0,4.0,97229,route de l'enclos,M,"14,6214840"," -61,1026310",972,2019,50.0,1.0,1.0,4.0,2273037,1.0,1,1,2,5.0,,0.0,0,1972.0,B01,138Â 197Â 376,1.0,-1.0,-1.0,1734890,1.0,7,,0.0,2.0,6.0,B01,138Â 197Â 376,1.0
1016339,201900057870,2,16,18:45,5,2,1,1.0,4.0,97229,route de l'enclos,M,"14,6214840"," -61,1026310",972,2019,50.0,1.0,1.0,4.0,2273037,1.0,1,1,2,5.0,,0.0,0,1972.0,B01,138Â 197Â 376,1.0,-1.0,-1.0,1734891,2.0,33,,0.0,2.0,8.0,A01,138Â 197Â 377,1.0
1016339,201900057870,2,16,18:45,5,2,1,1.0,4.0,97229,route de l'enclos,M,"14,6214840"," -61,1026310",972,2019,50.0,1.0,1.0,4.0,2273038,1.0,1,2,1,5.0,,0.0,0,1994.0,A01,138Â 197Â 377,2.0,-1.0,-1.0,1734889,1.0,7,,0.0,2.0,3.0,C01,138Â 197Â 375,1.0
1016339,201900057870,2,16,18:45,5,2,1,1.0,4.0,97229,route de l'enclos,M,"14,6214840"," -61,1026310",972,2019,50.0,1.0,1.0,4.0,2273038,1.0,1,2,1,5.0,,0.0,0,1994.0,A01,138Â 197Â 377,2.0,-1.0,-1.0,1734890,1.0,7,,0.0,2.0,6.0,B01,138Â 197Â 376,1.0
1016339,201900057870,2,16,18:45,5,2,1,1.0,4.0,97229,route de l'enclos,M,"14,6214840"," -61,1026310",972,2019,50.0,1.0,1.0,4.0,2273038,1.0,1,2,1,5.0,,0.0,0,1994.0,A01,138Â 197Â 377,2.0,-1.0,-1.0,1734891,2.0,33,,0.0,2.0,8.0,A01,138Â 197Â 377,1.0
1016340,201900057871,3,26,10:20,1,2,3,1.0,3.0,81065,"53, rue du CAMP MOUTONNET ",M,"43,5961900","2,2307730",81,2019,50.0,1.0,1.0,4.0,2273039,1.0,1,4,1,1.0,,0.0,0,2001.0,B01,138Â 197Â 381,2.0,8.0,-1.0,1734892,2.0,30,,0.0,2.0,8.0,B01,138Â 197Â 381,1.0
1016340,201900057871,3,26,10:20,1,2,3,1.0,3.0,81065,"53, rue du CAMP MOUTONNET ",M,"43,5961900","2,2307730",81,2019,50.0,1.0,1.0,4.0,2273039,1.0,1,4,1,1.0,,0.0,0,2001.0,B01,138Â 197Â 381,2.0,8.0,-1.0,1734893,1.0,7,,0.0,2.0,1.0,A01,138Â 197Â 396,0.0
1016341,201900057872,8,17,23:15,3,1,1,2.0,2.0,14119,autoroute A13,M,"49,1681490"," -0,2566310",14,2019,130.0,1.0,2.0,1.0,2273040,1.0,1,1,1,5.0,,0.0,0,1998.0,A01,138Â 197Â 383,1.0,-1.0,-1.0,1734894,2.0,7,,0.0,2.0,2.0,A01,138Â 197Â 383,1.0
1016341,201900057872,8,17,23:15,3,1,1,2.0,2.0,14119,autoroute A13,M,"49,1681490"," -0,2566310",14,2019,130.0,1.0,2.0,1.0,2273040,1.0,1,1,1,5.0,,0.0,0,1998.0,A01,138Â 197Â 383,1.0,-1.0,-1.0,1734895,2.0,7,,0.0,2.0,6.0,B01,138Â 197Â 389,1.0
1016341,201900057872,8,17,23:15,3,1,1,2.0,2.0,14119,autoroute A13,M,"49,1681490"," -0,2566310",14,2019,130.0,1.0,2.0,1.0,2273041,2.0,2,1,1,5.0,,0.0,0,1995.0,A01,138Â 197Â 383,1.0,-1.0,-1.0,1734894,2.0,7,,0.0,2.0,2.0,A01,138Â 197Â 383,1.0
1016341,201900057872,8,17,23:15,3,1,1,2.0,2.0,14119,autoroute A13,M,"49,1681490"," -0,2566310",14,2019,130.0,1.0,2.0,1.0,2273041,2.0,2,1,1,5.0,,0.0,0,1995.0,A01,138Â 197Â 383,1.0,-1.0,-1.0,1734895,2.0,7,,0.0,2.0,6.0,B01,138Â 197Â 389,1.0
1016341,201900057872,8,17,23:15,3,1,1,2.0,2.0,14119,autoroute A13,M,"49,1681490"," -0,2566310",14,2019,130.0,1.0,2.0,1.0,2273042,2.0,2,3,2,5.0,,0.0,0,1979.0,B01,138Â 197Â 389,1.0,-1.0,-1.0,1734894,2.0,7,,0.0,2.0,2.0,A01,138Â 197Â 383,1.0
1016341,201900057872,8,17,23:15,3,1,1,2.0,2.0,14119,autoroute A13,M,"49,1681490"," -0,2566310",14,2019,130.0,1.0,2.0,1.0,2273042,2.0,2,3,2,5.0,,0.0,0,1979.0,B01,138Â 197Â 389,1.0,-1.0,-1.0,1734895,2.0,7,,0.0,2.0,6.0,B01,138Â 197Â 389,1.0
1016341,201900057872,8,17,23:15,3,1,1,2.0,2.0,14119,autoroute A13,M,"49,1681490"," -0,2566310",14,2019,130.0,1.0,2.0,1.0,2273043,9.0,2,3,2,5.0,,0.0,0,2013.0,B01,138Â 197Â 389,1.0,-1.0,-1.0,1734894,2.0,7,,0.0,2.0,2.0,A01,138Â 197Â 383,1.0
1016341,201900057872,8,17,23:15,3,1,1,2.0,2.0,14119,autoroute A13,M,"49,1681490"," -0,2566310",14,2019,130.0,1.0,2.0,1.0,2273043,9.0,2,3,2,5.0,,0.0,0,2013.0,B01,138Â 197Â 389,1.0,-1.0,-1.0,1734895,2.0,7,,0.0,2.0,6.0,B01,138Â 197Â 389,1.0
1016341,201900057872,8,17,23:15,3,1,1,2.0,2.0,14119,autoroute A13,M,"49,1681490"," -0,2566310",14,2019,130.0,1.0,2.0,1.0,2273044,7.0,2,3,1,5.0,,0.0,0,2010.0,B01,138Â 197Â 389,1.0,-1.0,-1.0,1734894,2.0,7,,0.0,2.0,2.0,A01,138Â 197Â 383,1.0
1016341,201900057872,8,17,23:15,3,1,1,2.0,2.0,14119,autoroute A13,M,"49,1681490"," -0,2566310",14,2019,130.0,1.0,2.0,1.0,2273044,7.0,2,3,1,5.0,,0.0,0,2010.0,B01,138Â 197Â 389,1.0,-1.0,-1.0,1734895,2.0,7,,0.0,2.0,6.0,B01,138Â 197Â 389,1.0
1016341,201900057872,8,17,23:15,3,1,1,2.0,2.0,14119,autoroute A13,M,"49,1681490"," -0,2566310",14,2019,130.0,1.0,2.0,1.0,2273045,1.0,1,3,1,5.0,,0.0,0,1978.0,B01,138Â 197Â 389,1.0,-1.0,-1.0,1734894,2.0,7,,0.0,2.0,2.0,A01,138Â 197Â 383,1.0
1016341,201900057872,8,17,23:15,3,1,1,2.0,2.0,14119,autoroute A13,M,"49,1681490"," -0,2566310",14,2019,130.0,1.0,2.0,1.0,2273045,1.0,1,3,1,5.0,,0.0,0,1978.0,B01,138Â 197Â 389,1.0,-1.0,-1.0,1734895,2.0,7,,0.0,2.0,6.0,B01,138Â 197Â 389,1.0
1016342,201900057873,5,3,13:15,1,2,1,2.0,6.0,67030,45 Rue des Vosges,M,"48,5761140","7,4564170",67,2019,30.0,1.0,1.0,9.0,2273046,1.0,1,1,1,0.0,,0.0,0,1987.0,A01,138Â 197Â 382,8.0,-1.0,-1.0,1734896,3.0,7,,0.0,1.0,3.0,A01,138Â 197Â 382,0.0
1016342,201900057873,5,3,13:15,1,2,1,2.0,6.0,67030,45 Rue des Vosges,M,"48,5761140","7,4564170",67,2019,30.0,1.0,1.0,9.0,2273047,10.0,3,4,2,2.0,,3.0,4,2009.0,A01,138Â 197Â 382,0.0,-1.0,-1.0,1734896,3.0,7,,0.0,1.0,3.0,A01,138Â 197Â 382,0.0
1016343,201900057874,10,25,14:35,1,1,1,8.0,3.0,94034,AUTOROUTE A6B,M,"48,7534900","2,3311300",94,2019,110.0,1.0,1.0,1.0,2273048,1.0,1,4,2,5.0,,-1.0, -1,1997.0,A01,138Â 197Â 379,1.0,0.0,-1.0,1734897,2.0,7,,0.0,2.0,6.0,A01,138Â 197Â 379,1.0
1016343,201900057874,10,25,14:35,1,1,1,8.0,3.0,94034,AUTOROUTE A6B,M,"48,7534900","2,3311300",94,2019,110.0,1.0,1.0,1.0,2273048,1.0,1,4,2,5.0,,-1.0, -1,1997.0,A01,138Â 197Â 379,1.0,0.0,-1.0,1734898,1.0,17,,0.0,2.0,2.0,B01,138Â 197Â 397,1.0
1016343,201900057874,10,25,14:35,1,1,1,8.0,3.0,94034,AUTOROUTE A6B,M,"48,7534900","2,3311300",94,2019,110.0,1.0,1.0,1.0,2273049,1.0,1,1,1,4.0,,-1.0, -1,1967.0,B01,138Â 197Â 397,1.0,0.0,-1.0,1734897,2.0,7,,0.0,2.0,6.0,A01,138Â 197Â 379,1.0
1016343,201900057874,10,25,14:35,1,1,1,8.0,3.0,94034,AUTOROUTE A6B,M,"48,7534900","2,3311300",94,2019,110.0,1.0,1.0,1.0,2273049,1.0,1,1,1,4.0,,-1.0, -1,1967.0,B01,138Â 197Â 397,1.0,0.0,-1.0,1734898,1.0,17,,0.0,2.0,2.0,B01,138Â 197Â 397,1.0
1016344,201900057875,2,17,18:25,5,2,1,1.0,6.0,83086,196 route d'Aix en Provence,M,"43,4698070","6,5582890",83,2019,50.0,1.0,1.0,4.0,2273050,10.0,3,3,2,3.0,,4.0,3,1933.0,A01,138Â 197Â 374,0.0,-1.0,-1.0,1734899,1.0,7,,0.0,1.0,1.0,A01,138Â 197Â 374,0.0
1016344,201900057875,2,17,18:25,5,2,1,1.0,6.0,83086,196 route d'Aix en Provence,M,"43,4698070","6,5582890",83,2019,50.0,1.0,1.0,4.0,2273051,1.0,1,1,1,5.0,,0.0,0,1939.0,A01,138Â 197Â 374,1.0,9.0,-1.0,1734899,1.0,7,,0.0,1.0,1.0,A01,138Â 197Â 374,0.0
1016345,201900057876,8,18,05:40,3,1,1,8.0,6.0,45154,A10 - PK 87+400,M,"48,0025490","1,8497650",45,2019,130.0,3.0,2.0,1.0,2273052,9.0,2,3,1,5.0,,0.0,0,1998.0,A01,138Â 197Â 368,1.0,-1.0,-1.0,1734900,1.0,7,,13.0,0.0,1.0,A01,138Â 197Â 368,1.0
1016345,201900057876,8,18,05:40,3,1,1,8.0,6.0,45154,A10 - PK 87+400,M,"48,0025490","1,8497650",45,2019,130.0,3.0,2.0,1.0,2273053,2.0,2,4,1,4.0,,0.0,0,1984.0,A01,138Â 197Â 368,1.0,-1.0,-1.0,1734900,1.0,7,,13.0,0.0,1.0,A01,138Â 197Â 368,1.0
1016345,201900057876,8,18,05:40,3,1,1,8.0,6.0,45154,A10 - PK 87+400,M,"48,0025490","1,8497650",45,2019,130.0,3.0,2.0,1.0,2273054,1.0,1,1,1,4.0,,0.0,0,1975.0,A01,138Â 197Â 368,1.0,-1.0,-1.0,1734900,1.0,7,,13.0,0.0,1.0,A01,138Â 197Â 368,1.0
1016346,201900057877,10,25,13:40,1,1,1,2.0,2.0,91345,AUTOROUTE A6,M,"48,6893900","2,3240510",91,2019,110.0,1.0,2.0,1.0,2273055,1.0,1,4,1,0.0,,0.0,0,1996.0,B01,138Â 197Â 372,2.0,6.0,-1.0,1734901,1.0,33,,0.0,2.0,8.0,B01,138Â 197Â 372,1.0
1016346,201900057877,10,25,13:40,1,1,1,2.0,2.0,91345,AUTOROUTE A6,M,"48,6893900","2,3240510",91,2019,110.0,1.0,2.0,1.0,2273055,1.0,1,4,1,0.0,,0.0,0,1996.0,B01,138Â 197Â 372,2.0,6.0,-1.0,1734902,1.0,7,,0.0,2.0,5.0,A01,138Â 197Â 373,1.0
1016346,201900057877,10,25,13:40,1,1,1,2.0,2.0,91345,AUTOROUTE A6,M,"48,6893900","2,3240510",91,2019,110.0,1.0,2.0,1.0,2273056,1.0,1,1,2,1.0,,0.0,0,1997.0,A01,138Â 197Â 373,1.0,0.0,-1.0,1734901,1.0,33,,0.0,2.0,8.0,B01,138Â 197Â 372,1.0
1016346,201900057877,10,25,13:40,1,1,1,2.0,2.0,91345,AUTOROUTE A6,M,"48,6893900","2,3240510",91,2019,110.0,1.0,2.0,1.0,2273056,1.0,1,1,2,1.0,,0.0,0,1997.0,A01,138Â 197Â 373,1.0,0.0,-1.0,1734902,1.0,7,,0.0,2.0,5.0,A01,138Â 197Â 373,1.0
1016347,201900057878,8,17,22:55,3,1,1,3.0,4.0,45149,A6 PK 104+0,M,"48,1012890","3,0255987",45,2019,110.0,1.0,2.0,1.0,2273057,7.0,2,4,2,5.0,,0.0,0,2005.0,A01,138Â 197Â 360,1.0,-1.0,-1.0,1734903,2.0,7,,0.0,2.0,4.0,A01,138Â 197Â 360,1.0
1016347,201900057878,8,17,22:55,3,1,1,3.0,4.0,45149,A6 PK 104+0,M,"48,1012890","3,0255987",45,2019,110.0,1.0,2.0,1.0,2273057,7.0,2,4,2,5.0,,0.0,0,2005.0,A01,138Â 197Â 360,1.0,-1.0,-1.0,1734904,2.0,7,,0.0,2.0,1.0,B01,138Â 197Â 361,1.0
1016347,201900057878,8,17,22:55,3,1,1,3.0,4.0,45149,A6 PK 104+0,M,"48,1012890","3,0255987",45,2019,110.0,1.0,2.0,1.0,2273057,7.0,2,4,2,5.0,,0.0,0,2005.0,A01,138Â 197Â 360,1.0,-1.0,-1.0,1734905,2.0,7,,0.0,2.0,1.0,C01,138Â 197Â 364,1.0
1016347,201900057878,8,17,22:55,3,1,1,3.0,4.0,45149,A6 PK 104+0,M,"48,1012890","3,0255987",45,2019,110.0,1.0,2.0,1.0,2273057,7.0,2,4,2,5.0,,0.0,0,2005.0,A01,138Â 197Â 360,1.0,-1.0,-1.0,1734906,2.0,7,,0.0,2.0,1.0,D01,138Â 197Â 365,1.0
1016347,201900057878,8,17,22:55,3,1,1,3.0,4.0,45149,A6 PK 104+0,M,"48,1012890","3,0255987",45,2019,110.0,1.0,2.0,1.0,2273058,2.0,2,1,1,5.0,,0.0,0,2004.0,A01,138Â 197Â 360,1.0,-1.0,-1.0,1734903,2.0,7,,0.0,2.0,4.0,A01,138Â 197Â 360,1.0
1016347,201900057878,8,17,22:55,3,1,1,3.0,4.0,45149,A6 PK 104+0,M,"48,1012890","3,0255987",45,2019,110.0,1.0,2.0,1.0,2273058,2.0,2,1,1,5.0,,0.0,0,2004.0,A01,138Â 197Â 360,1.0,-1.0,-1.0,1734904,2.0,7,,0.0,2.0,1.0,B01,138Â 197Â 361,1.0
1016347,201900057878,8,17,22:55,3,1,1,3.0,4.0,45149,A6 PK 104+0,M,"48,1012890","3,0255987",45,2019,110.0,1.0,2.0,1.0,2273058,2.0,2,1,1,5.0,,0.0,0,2004.0,A01,138Â 197Â 360,1.0,-1.0,-1.0,1734905,2.0,7,,0.0,2.0,1.0,C01,138Â 197Â 364,1.0
1016347,201900057878,8,17,22:55,3,1,1,3.0,4.0,45149,A6 PK 104+0,M,"48,1012890","3,0255987",45,2019,110.0,1.0,2.0,1.0,2273058,2.0,2,1,1,5.0,,0.0,0,2004.0,A01,138Â 197Â 360,1.0,-1.0,-1.0,1734906,2.0,7,,0.0,2.0,1.0,D01,138Â 197Â 365,1.0
1016347,201900057878,8,17,22:55,3,1,1,3.0,4.0,45149,A6 PK 104+0,M,"48,1012890","3,0255987",45,2019,110.0,1.0,2.0,1.0,2273059,9.0,2,1,2,5.0,,0.0,0,2009.0,A01,138Â 197Â 360,3.0,-1.0,-1.0,1734903,2.0,7,,0.0,2.0,4.0,A01,138Â 197Â 360,1.0
1016347,201900057878,8,17,22:55,3,1,1,3.0,4.0,45149,A6 PK 104+0,M,"48,1012890","3,0255987",45,2019,110.0,1.0,2.0,1.0,2273059,9.0,2,1,2,5.0,,0.0,0,2009.0,A01,138Â 197Â 360,3.0,-1.0,-1.0,1734904,2.0,7,,0.0,2.0,1.0,B01,138Â 197Â 361,1.0
1016347,201900057878,8,17,22:55,3,1,1,3.0,4.0,45149,A6 PK 104+0,M,"48,1012890","3,0255987",45,2019,110.0,1.0,2.0,1.0,2273059,9.0,2,1,2,5.0,,0.0,0,2009.0,A01,138Â 197Â 360,3.0,-1.0,-1.0,1734905,2.0,7,,0.0,2.0,1.0,C01,138Â 197Â 364,1.0
1016347,201900057878,8,17,22:55,3,1,1,3.0,4.0,45149,A6 PK 104+0,M,"48,1012890","3,0255987",45,2019,110.0,1.0,2.0,1.0,2273059,9.0,2,1,2,5.0,,0.0,0,2009.0,A01,138Â 197Â 360,3.0,-1.0,-1.0,1734906,2.0,7,,0.0,2.0,1.0,D01,138Â 197Â 365,1.0
1016347,201900057878,8,17,22:55,3,1,1,3.0,4.0,45149,A6 PK 104+0,M,"48,1012890","3,0255987",45,2019,110.0,1.0,2.0,1.0,2273060,8.0,2,1,2,5.0,,0.0,0,2011.0,A01,138Â 197Â 360,3.0,-1.0,-1.0,1734903,2.0,7,,0.0,2.0,4.0,A01,138Â 197Â 360,1.0
1016347,201900057878,8,17,22:55,3,1,1,3.0,4.0,45149,A6 PK 104+0,M,"48,1012890","3,0255987",45,2019,110.0,1.0,2.0,1.0,2273060,8.0,2,1,2,5.0,,0.0,0,2011.0,A01,138Â 197Â 360,3.0,-1.0,-1.0,1734904,2.0,7,,0.0,2.0,1.0,B01,138Â 197Â 361,1.0
1016347,201900057878,8,17,22:55,3,1,1,3.0,4.0,45149,A6 PK 104+0,M,"48,1012890","3,0255987",45,2019,110.0,1.0,2.0,1.0,2273060,8.0,2,1,2,5.0,,0.0,0,2011.0,A01,138Â 197Â 360,3.0,-1.0,-1.0,1734905,2.0,7,,0.0,2.0,1.0,C01,138Â 197Â 364,1.0
1016347,201900057878,8,17,22:55,3,1,1,3.0,4.0,45149,A6 PK 104+0,M,"48,1012890","3,0255987",45,2019,110.0,1.0,2.0,1.0,2273060,8.0,2,1,2,5.0,,0.0,0,2011.0,A01,138Â 197Â 360,3.0,-1.0,-1.0,1734906,2.0,7,,0.0,2.0,1.0,D01,138Â 197Â 365,1.0
1016347,201900057878,8,17,22:55,3,1,1,3.0,4.0,45149,A6 PK 104+0,M,"48,1012890","3,0255987",45,2019,110.0,1.0,2.0,1.0,2273061,1.0,1,4,2,5.0,,0.0,0,1976.0,A01,138Â 197Â 360,1.0,-1.0,-1.0,1734903,2.0,7,,0.0,2.0,4.0,A01,138Â 197Â 360,1.0
1016347,201900057878,8,17,22:55,3,1,1,3.0,4.0,45149,A6 PK 104+0,M,"48,1012890","3,0255987",45,2019,110.0,1.0,2.0,1.0,2273061,1.0,1,4,2,5.0,,0.0,0,1976.0,A01,138Â 197Â 360,1.0,-1.0,-1.0,1734904,2.0,7,,0.0,2.0,1.0,B01,138Â 197Â 361,1.0
1016347,201900057878,8,17,22:55,3,1,1,3.0,4.0,45149,A6 PK 104+0,M,"48,1012890","3,0255987",45,2019,110.0,1.0,2.0,1.0,2273061,1.0,1,4,2,5.0,,0.0,0,1976.0,A01,138Â 197Â 360,1.0,-1.0,-1.0,1734905,2.0,7,,0.0,2.0,1.0,C01,138Â 197Â 364,1.0
1016347,201900057878,8,17,22:55,3,1,1,3.0,4.0,45149,A6 PK 104+0,M,"48,1012890","3,0255987",45,2019,110.0,1.0,2.0,1.0,2273061,1.0,1,4,2,5.0,,0.0,0,1976.0,A01,138Â 197Â 360,1.0,-1.0,-1.0,1734906,2.0,7,,0.0,2.0,1.0,D01,138Â 197Â 365,1.0
1016347,201900057878,8,17,22:55,3,1,1,3.0,4.0,45149,A6 PK 104+0,M,"48,1012890","3,0255987",45,2019,110.0,1.0,2.0,1.0,2273062,1.0,1,1,2,5.0,,0.0,0,1994.0,B01,138Â 197Â 361,1.0,-1.0,-1.0,1734903,2.0,7,,0.0,2.0,4.0,A01,138Â 197Â 360,1.0
1016347,201900057878,8,17,22:55,3,1,1,3.0,4.0,45149,A6 PK 104+0,M,"48,1012890","3,0255987",45,2019,110.0,1.0,2.0,1.0,2273062,1.0,1,1,2,5.0,,0.0,0,1994.0,B01,138Â 197Â 361,1.0,-1.0,-1.0,1734904,2.0,7,,0.0,2.0,1.0,B01,138Â 197Â 361,1.0
1016347,201900057878,8,17,22:55,3,1,1,3.0,4.0,45149,A6 PK 104+0,M,"48,1012890","3,0255987",45,2019,110.0,1.0,2.0,1.0,2273062,1.0,1,1,2,5.0,,0.0,0,1994.0,B01,138Â 197Â 361,1.0,-1.0,-1.0,1734905,2.0,7,,0.0,2.0,1.0,C01,138Â 197Â 364,1.0
1016347,201900057878,8,17,22:55,3,1,1,3.0,4.0,45149,A6 PK 104+0,M,"48,1012890","3,0255987",45,2019,110.0,1.0,2.0,1.0,2273062,1.0,1,1,2,5.0,,0.0,0,1994.0,B01,138Â 197Â 361,1.0,-1.0,-1.0,1734906,2.0,7,,0.0,2.0,1.0,D01,138Â 197Â 365,1.0
1016347,201900057878,8,17,22:55,3,1,1,3.0,4.0,45149,A6 PK 104+0,M,"48,1012890","3,0255987",45,2019,110.0,1.0,2.0,1.0,2273063,8.0,2,1,2,5.0,,0.0,0,2019.0,B01,138Â 197Â 361,1.0,-1.0,-1.0,1734903,2.0,7,,0.0,2.0,4.0,A01,138Â 197Â 360,1.0
1016347,201900057878,8,17,22:55,3,1,1,3.0,4.0,45149,A6 PK 104+0,M,"48,1012890","3,0255987",45,2019,110.0,1.0,2.0,1.0,2273063,8.0,2,1,2,5.0,,0.0,0,2019.0,B01,138Â 197Â 361,1.0,-1.0,-1.0,1734904,2.0,7,,0.0,2.0,1.0,B01,138Â 197Â 361,1.0
1016347,201900057878,8,17,22:55,3,1,1,3.0,4.0,45149,A6 PK 104+0,M,"48,1012890","3,0255987",45,2019,110.0,1.0,2.0,1.0,2273063,8.0,2,1,2,5.0,,0.0,0,2019.0,B01,138Â 197Â 361,1.0,-1.0,-1.0,1734905,2.0,7,,0.0,2.0,1.0,C01,138Â 197Â 364,1.0
1016347,201900057878,8,17,22:55,3,1,1,3.0,4.0,45149,A6 PK 104+0,M,"48,1012890","3,0255987",45,2019,110.0,1.0,2.0,1.0,2273063,8.0,2,1,2,5.0,,0.0,0,2019.0,B01,138Â 197Â 361,1.0,-1.0,-1.0,1734906,2.0,7,,0.0,2.0,1.0,D01,138Â 197Â 365,1.0
1016347,201900057878,8,17,22:55,3,1,1,3.0,4.0,45149,A6 PK 104+0,M,"48,1012890","3,0255987",45,2019,110.0,1.0,2.0,1.0,2273064,2.0,2,1,1,5.0,,0.0,0,1983.0,B01,138Â 197Â 361,1.0,-1.0,-1.0,1734903,2.0,7,,0.0,2.0,4.0,A01,138Â 197Â 360,1.0
1016347,201900057878,8,17,22:55,3,1,1,3.0,4.0,45149,A6 PK 104+0,M,"48,1012890","3,0255987",45,2019,110.0,1.0,2.0,1.0,2273064,2.0,2,1,1,5.0,,0.0,0,1983.0,B01,138Â 197Â 361,1.0,-1.0,-1.0,1734904,2.0,7,,0.0,2.0,1.0,B01,138Â 197Â 361,1.0
1016347,201900057878,8,17,22:55,3,1,1,3.0,4.0,45149,A6 PK 104+0,M,"48,1012890","3,0255987",45,2019,110.0,1.0,2.0,1.0,2273064,2.0,2,1,1,5.0,,0.0,0,1983.0,B01,138Â 197Â 361,1.0,-1.0,-1.0,1734905,2.0,7,,0.0,2.0,1.0,C01,138Â 197Â 364,1.0