Unnamed: 0_x,num_acc,mois,jour,hrmn,lum,agg,int,atm,col,com,adr,gps,lat,long,dep,annee,vma,situ,surf,catr,Unnamed: 0_y,place,catu,grav,sexe,trajet,secu,locp,actp,an_nais,num_veh_x,id_vehicule_x,secu1,secu2,secu3,Unnamed: 0,senc,catv,occutc,obs,obsm,choc,num_veh_y,id_vehicule_y,motor
1016347,201900057878,8,17,22:55,3,1,1,3.0,4.0,45149,A6 PK 104+0,M,"48,1012890","3,0255987",45,2019,110.0,1.0,2.0,1.0,2273064,2.0,2,1,1,5.0,,0.0,0,1983.0,B01,138Â 197Â 361,1.0,-1.0,-1.0,1734906,2.0,7,,0.0,2.0,1.0,D01,138Â 197Â 365,1.0
1016347,201900057878,8,17,22:55,3,1,1,3.0,4.0,45149,A6 PK 104+0,M,"48,1012890","3,0255987",45,2019,110.0,1.0,2.0,1.0,2273065,7.0,2,1,2,5.0,,0.0,0,2015.0,B01,138Â 197Â 361,1.0,-1.0,-1.0,1734903,2.0,7,,0.0,2.0,4.0,A01,138Â 197Â 360,1.0
1016347,201900057878,8,17,22:55,3,1,1,3.0,4.0,45149,A6 PK 104+0,M,"48,1012890","3,0255987",45,2019,110.0,1.0,2.0,1.0,2273065,7.0,2,1,2,5.0,,0.0,0,2015.0,B01,138Â 197Â 361,1.0,-1.0,-1.0,1734904,2.0,7,,0.0,2.0,1.0,B01,138Â 197Â 361,1.0
1016347,201900057878,8,17,22:55,3,1,1,3.0,4.0,45149,A6 PK 104+0,M,"48,1012890","3,0255987",45,2019,110.0,1.0,2.0,1.0,2273065,7.0,2,1,2,5.0,,0.0,0,2015.0,B01,138Â 197Â 361,1.0,-1.0,-1.0,1734905,2.0,7,,0.0,2.0,1.0,C01,138Â 197Â 364,1.0
1016347,201900057878,8,17,22:55,3,1,1,3.0,4.0,45149,A6 PK 104+0,M,"48,1012890","3,0255987",45,2019,110.0,1.0,2.0,1.0,2273065,7.0,2,1,2,5.0,,0.0,0,2015.0,B01,138Â 197Â 361,1.0,-1.0,-1.0,1734906,2.0,7,,0.0,2.0,1.0,D01,138Â 197Â 365,1.0
1016347,201900057878,8,17,22:55,3,1,1,3.0,4.0,45149,A6 PK 104+0,M,"48,1012890","3,0255987",45,2019,110.0,1.0,2.0,1.0,2273066,9.0,2,1,2,5.0,,0.0,0,1980.0,B01,138Â 197Â 361,1.0,-1.0,-1.0,1734903,2.0,7,,0.0,2.0,4.0,A01,138Â 197Â 360,1.0
1016347,201900057878,8,17,22:55,3,1,1,3.0,4.0,45149,A6 PK 104+0,M,"48,1012890","3,0255987",45,2019,110.0,1.0,2.0,1.0,2273066,9.0,2,1,2,5.0,,0.0,0,1980.0,B01,138Â 197Â 361,1.0,-1.0,-1.0,1734904,2.0,7,,0.0,2.0,1.0,B01,138Â 197Â 361,1.0
1016347,201900057878,8,17,22:55,3,1,1,3.0,4.0,45149,A6 PK 104+0,M,"48,1012890","3,0255987",45,2019,110.0,1.0,2.0,1.0,2273066,9.0,2,1,2,5.0,,0.0,0,1980.0,B01,138Â 197Â 361,1.0,-1.0,-1.0,1734905,2.0,7,,0.0,2.0,1.0,C01,138Â 197Â 364,1.0
1016347,201900057878,8,17,22:55,3,1,1,3.0,4.0,45149,A6 PK 104+0,M,"48,1012890","3,0255987",45,2019,110.0,1.0,2.0,1.0,2273066,9.0,2,1,2,5.0,,0.0,0,1980.0,B01,138Â 197Â 361,1.0,-1.0,-1.0,1734906,2.0,7,,0.0,2.0,1.0,D01,138Â 197Â 365,1.0
1016347,201900057878,8,17,22:55,3,1,1,3.0,4.0,45149,A6 PK 104+0,M,"48,1012890","3,0255987",45,2019,110.0,1.0,2.0,1.0,2273067,2.0,2,1,1,1.0,,0.0,0,1988.0,C01,138Â 197Â 364,1.0,-1.0,-1.0,1734903,2.0,7,,0.0,2.0,4.0,A01,138Â 197Â 360,1.0
1016347,201900057878,8,17,22:55,3,1,1,3.0,4.0,45149,A6 PK 104+0,M,"48,1012890","3,0255987",45,2019,110.0,1.0,2.0,1.0,2273067,2.0,2,1,1,1.0,,0.0,0,1988.0,C01,138Â 197Â 364,1.0,-1.0,-1.0,1734904,2.0,7,,0.0,2.0,1.0,B01,138Â 197Â 361,1.0
1016347,201900057878,8,17,22:55,3,1,1,3.0,4.0,45149,A6 PK 104+0,M,"48,1012890","3,0255987",45,2019,110.0,1.0,2.0,1.0,2273067,2.0,2,1,1,1.0,,0.0,0,1988.0,C01,138Â 197Â 364,1.0,-1.0,-1.0,1734905,2.0,7,,0.0,2.0,1.0,C01,138Â 197Â 364,1.0
1016347,201900057878,8,17,22:55,3,1,1,3.0,4.0,45149,A6 PK 104+0,M,"48,1012890","3,0255987",45,2019,110.0,1.0,2.0,1.0,2273067,2.0,2,1,1,1.0,,0.0,0,1988.0,C01,138Â 197Â 364,1.0,-1.0,-1.0,1734906,2.0,7,,0.0,2.0,1.0,D01,138Â 197Â 365,1.0
1016347,201900057878,8,17,22:55,3,1,1,3.0,4.0,45149,A6 PK 104+0,M,"48,1012890","3,0255987",45,2019,110.0,1.0,2.0,1.0,2273068,9.0,2,4,2,1.0,,0.0,0,1967.0,C01,138Â 197Â 364,1.0,-1.0,-1.0,1734903,2.0,7,,0.0,2.0,4.0,A01,138Â 197Â 360,1.0
1016347,201900057878,8,17,22:55,3,1,1,3.0,4.0,45149,A6 PK 104+0,M,"48,1012890","3,0255987",45,2019,110.0,1.0,2.0,1.0,2273068,9.0,2,4,2,1.0,,0.0,0,1967.0,C01,138Â 197Â 364,1.0,-1.0,-1.0,1734904,2.0,7,,0.0,2.0,1.0,B01,138Â 197Â 361,1.0
1016347,201900057878,8,17,22:55,3,1,1,3.0,4.0,45149,A6 PK 104+0,M,"48,1012890","3,0255987",45,2019,110.0,1.0,2.0,1.0,2273068,9.0,2,4,2,1.0,,0.0,0,1967.0,C01,138Â 197Â 364,1.0,-1.0,-1.0,1734905,2.0,7,,0.0,2.0,1.0,C01,138Â 197Â 364,1.0
1016347,201900057878,8,17,22:55,3,1,1,3.0,4.0,45149,A6 PK 104+0,M,"48,1012890","3,0255987",45,2019,110.0,1.0,2.0,1.0,2273068,9.0,2,4,2,1.0,,0.0,0,1967.0,C01,138Â 197Â 364,1.0,-1.0,-1.0,1734906,2.0,7,,0.0,2.0,1.0,D01,138Â 197Â 365,1.0
1016347,201900057878,8,17,22:55,3,1,1,3.0,4.0,45149,A6 PK 104+0,M,"48,1012890","3,0255987",45,2019,110.0,1.0,2.0,1.0,2273069,1.0,1,1,2,4.0,,0.0,0,1988.0,C01,138Â 197Â 364,1.0,-1.0,-1.0,1734903,2.0,7,,0.0,2.0,4.0,A01,138Â 197Â 360,1.0
1016347,201900057878,8,17,22:55,3,1,1,3.0,4.0,45149,A6 PK 104+0,M,"48,1012890","3,0255987",45,2019,110.0,1.0,2.0,1.0,2273069,1.0,1,1,2,4.0,,0.0,0,1988.0,C01,138Â 197Â 364,1.0,-1.0,-1.0,1734904,2.0,7,,0.0,2.0,1.0,B01,138Â 197Â 361,1.0
1016347,201900057878,8,17,22:55,3,1,1,3.0,4.0,45149,A6 PK 104+0,M,"48,1012890","3,0255987",45,2019,110.0,1.0,2.0,1.0,2273069,1.0,1,1,2,4.0,,0.0,0,1988.0,C01,138Â 197Â 364,1.0,-1.0,-1.0,1734905,2.0,7,,0.0,2.0,1.0,C01,138Â 197Â 364,1.0
1016347,201900057878,8,17,22:55,3,1,1,3.0,4.0,45149,A6 PK 104+0,M,"48,1012890","3,0255987",45,2019,110.0,1.0,2.0,1.0,2273069,1.0,1,1,2,4.0,,0.0,0,1988.0,C01,138Â 197Â 364,1.0,-1.0,-1.0,1734906,2.0,7,,0.0,2.0,1.0,D01,138Â 197Â 365,1.0
1016347,201900057878,8,17,22:55,3,1,1,3.0,4.0,45149,A6 PK 104+0,M,"48,1012890","3,0255987",45,2019,110.0,1.0,2.0,1.0,2273070,1.0,1,1,1,5.0,,0.0,0,1956.0,D01,138Â 197Â 365,1.0,-1.0,-1.0,1734903,2.0,7,,0.0,2.0,4.0,A01,138Â 197Â 360,1.0
1016347,201900057878,8,17,22:55,3,1,1,3.0,4.0,45149,A6 PK 104+0,M,"48,1012890","3,0255987",45,2019,110.0,1.0,2.0,1.0,2273070,1.0,1,1,1,5.0,,0.0,0,1956.0,D01,138Â 197Â 365,1.0,-1.0,-1.0,1734904,2.0,7,,0.0,2.0,1.0,B01,138Â 197Â 361,1.0
1016347,201900057878,8,17,22:55,3,1,1,3.0,4.0,45149,A6 PK 104+0,M,"48,1012890","3,0255987",45,2019,110.0,1.0,2.0,1.0,2273070,1.0,1,1,1,5.0,,0.0,0,1956.0,D01,138Â 197Â 365,1.0,-1.0,-1.0,1734905,2.0,7,,0.0,2.0,1.0,C01,138Â 197Â 364,1.0
1016347,201900057878,8,17,22:55,3,1,1,3.0,4.0,45149,A6 PK 104+0,M,"48,1012890","3,0255987",45,2019,110.0,1.0,2.0,1.0,2273070,1.0,1,1,1,5.0,,0.0,0,1956.0,D01,138Â 197Â 365,1.0,-1.0,-1.0,1734906,2.0,7,,0.0,2.0,1.0,D01,138Â 197Â 365,1.0
1016347,201900057878,8,17,22:55,3,1,1,3.0,4.0,45149,A6 PK 104+0,M,"48,1012890","3,0255987",45,2019,110.0,1.0,2.0,1.0,2273071,2.0,2,1,2,5.0,,0.0,0,1956.0,D01,138Â 197Â 365,1.0,-1.0,-1.0,1734903,2.0,7,,0.0,2.0,4.0,A01,138Â 197Â 360,1.0
1016347,201900057878,8,17,22:55,3,1,1,3.0,4.0,45149,A6 PK 104+0,M,"48,1012890","3,0255987",45,2019,110.0,1.0,2.0,1.0,2273071,2.0,2,1,2,5.0,,0.0,0,1956.0,D01,138Â 197Â 365,1.0,-1.0,-1.0,1734904,2.0,7,,0.0,2.0,1.0,B01,138Â 197Â 361,1.0
1016347,201900057878,8,17,22:55,3,1,1,3.0,4.0,45149,A6 PK 104+0,M,"48,1012890","3,0255987",45,2019,110.0,1.0,2.0,1.0,2273071,2.0,2,1,2,5.0,,0.0,0,1956.0,D01,138Â 197Â 365,1.0,-1.0,-1.0,1734905,2.0,7,,0.0,2.0,1.0,C01,138Â 197Â 364,1.0
1016347,201900057878,8,17,22:55,3,1,1,3.0,4.0,45149,A6 PK 104+0,M,"48,1012890","3,0255987",45,2019,110.0,1.0,2.0,1.0,2273071,2.0,2,1,2,5.0,,0.0,0,1956.0,D01,138Â 197Â 365,1.0,-1.0,-1.0,1734906,2.0,7,,0.0,2.0,1.0,D01,138Â 197Â 365,1.0
1016348,201900057879,9,21,12:30,1,2,2,1.0,3.0,75117,RUE POUCHET,M,"48,8942220","2,3205936",75,2019,50.0,1.0,1.0,4.0,2273072,1.0,1,4,1,5.0,,0.0,0,1977.0,A01,138Â 197Â 370,2.0,8.0,-1.0,1734907,2.0,1,,0.0,2.0,1.0,A01,138Â 197Â 370,5.0
1016348,201900057879,9,21,12:30,1,2,2,1.0,3.0,75117,RUE POUCHET,M,"48,8942220","2,3205936",75,2019,50.0,1.0,1.0,4.0,2273072,1.0,1,4,1,5.0,,0.0,0,1977.0,A01,138Â 197Â 370,2.0,8.0,-1.0,1734908,1.0,10,,0.0,2.0,2.0,B01,138Â 197Â 371,1.0
1016348,201900057879,9,21,12:30,1,2,2,1.0,3.0,75117,RUE POUCHET,M,"48,8942220","2,3205936",75,2019,50.0,1.0,1.0,4.0,2273073,1.0,1,1,1,4.0,,0.0,0,1984.0,B01,138Â 197Â 371,1.0,0.0,-1.0,1734907,2.0,1,,0.0,2.0,1.0,A01,138Â 197Â 370,5.0
1016348,201900057879,9,21,12:30,1,2,2,1.0,3.0,75117,RUE POUCHET,M,"48,8942220","2,3205936",75,2019,50.0,1.0,1.0,4.0,2273073,1.0,1,1,1,4.0,,0.0,0,1984.0,B01,138Â 197Â 371,1.0,0.0,-1.0,1734908,1.0,10,,0.0,2.0,2.0,B01,138Â 197Â 371,1.0
1016349,201900057880,8,18,01:30,3,1,1,1.0,1.0,97128,Durivage,M,"16,2174340"," -61,4155730",971,2019,80.0,1.0,2.0,2.0,2273074,1.0,1,1,2,5.0,,0.0,0,1978.0,B01,138Â 197Â 357,1.0,5.0,-1.0,1734909,1.0,7,,0.0,2.0,3.0,B01,138Â 197Â 357,1.0
1016349,201900057880,8,18,01:30,3,1,1,1.0,1.0,97128,Durivage,M,"16,2174340"," -61,4155730",971,2019,80.0,1.0,2.0,2.0,2273074,1.0,1,1,2,5.0,,0.0,0,1978.0,B01,138Â 197Â 357,1.0,5.0,-1.0,1734910,2.0,7,,0.0,2.0,3.0,A01,138Â 197Â 359,1.0
1016349,201900057880,8,18,01:30,3,1,1,1.0,1.0,97128,Durivage,M,"16,2174340"," -61,4155730",971,2019,80.0,1.0,2.0,2.0,2273075,2.0,2,1,1,0.0,,0.0,0,1979.0,B01,138Â 197Â 357,1.0,5.0,-1.0,1734909,1.0,7,,0.0,2.0,3.0,B01,138Â 197Â 357,1.0
1016349,201900057880,8,18,01:30,3,1,1,1.0,1.0,97128,Durivage,M,"16,2174340"," -61,4155730",971,2019,80.0,1.0,2.0,2.0,2273075,2.0,2,1,1,0.0,,0.0,0,1979.0,B01,138Â 197Â 357,1.0,5.0,-1.0,1734910,2.0,7,,0.0,2.0,3.0,A01,138Â 197Â 359,1.0
1016349,201900057880,8,18,01:30,3,1,1,1.0,1.0,97128,Durivage,M,"16,2174340"," -61,4155730",971,2019,80.0,1.0,2.0,2.0,2273076,1.0,1,2,1,5.0,,0.0,0,1959.0,A01,138Â 197Â 359,0.0,-1.0,-1.0,1734909,1.0,7,,0.0,2.0,3.0,B01,138Â 197Â 357,1.0
1016349,201900057880,8,18,01:30,3,1,1,1.0,1.0,97128,Durivage,M,"16,2174340"," -61,4155730",971,2019,80.0,1.0,2.0,2.0,2273076,1.0,1,2,1,5.0,,0.0,0,1959.0,A01,138Â 197Â 359,0.0,-1.0,-1.0,1734910,2.0,7,,0.0,2.0,3.0,A01,138Â 197Â 359,1.0
1016350,201900057881,9,21,14:30,1,2,1,1.0,3.0,75116,BD PERIPHERIQUE INTERIEUR,M,"48,8763230","2,2785250",75,2019,70.0,1.0,1.0,4.0,2273077,1.0,1,4,1,0.0,,0.0,0,1977.0,B01,138Â 197Â 356,2.0,6.0,-1.0,1734911,1.0,33,,0.0,2.0,8.0,B01,138Â 197Â 356,1.0
1016350,201900057881,9,21,14:30,1,2,1,1.0,3.0,75116,BD PERIPHERIQUE INTERIEUR,M,"48,8763230","2,2785250",75,2019,70.0,1.0,1.0,4.0,2273077,1.0,1,4,1,0.0,,0.0,0,1977.0,B01,138Â 197Â 356,2.0,6.0,-1.0,1734912,1.0,7,,0.0,2.0,5.0,A01,138Â 197Â 358,1.0
1016350,201900057881,9,21,14:30,1,2,1,1.0,3.0,75116,BD PERIPHERIQUE INTERIEUR,M,"48,8763230","2,2785250",75,2019,70.0,1.0,1.0,4.0,2273078,1.0,1,1,1,0.0,,0.0,0,1979.0,A01,138Â 197Â 358,1.0,0.0,-1.0,1734911,1.0,33,,0.0,2.0,8.0,B01,138Â 197Â 356,1.0
1016350,201900057881,9,21,14:30,1,2,1,1.0,3.0,75116,BD PERIPHERIQUE INTERIEUR,M,"48,8763230","2,2785250",75,2019,70.0,1.0,1.0,4.0,2273078,1.0,1,1,1,0.0,,0.0,0,1979.0,A01,138Â 197Â 358,1.0,0.0,-1.0,1734912,1.0,7,,0.0,2.0,5.0,A01,138Â 197Â 358,1.0
1016351,201900057882,8,4,23:50,3,2,1,1.0,6.0,37220,D751,M,"47,1962780","0,0962590",37,2019,50.0,1.0,1.0,3.0,2273079,1.0,1,3,1,5.0,,0.0,0,1996.0,A01,138Â 197Â 352,2.0,6.0,9.0,1734913,2.0,34,,0.0,6.0,1.0,A01,138Â 197Â 352,1.0
1016352,201900057883,3,26,12:10,1,2,2,1.0,3.0,78029,CHARLES DE GAULLE (AVENUE),M,"48,9688940","1,8497360",78,2019,50.0,1.0,1.0,4.0,2273080,1.0,1,3,1,0.0,,-1.0, -1,1995.0,A01,138Â 197Â 354,2.0,6.0,-1.0,1734914,3.0,33,,0.0,2.0,1.0,A01,138Â 197Â 354,1.0
1016352,201900057883,3,26,12:10,1,2,2,1.0,3.0,78029,CHARLES DE GAULLE (AVENUE),M,"48,9688940","1,8497360",78,2019,50.0,1.0,1.0,4.0,2273080,1.0,1,3,1,0.0,,-1.0, -1,1995.0,A01,138Â 197Â 354,2.0,6.0,-1.0,1734915,3.0,7,,0.0,2.0,6.0,B01,138Â 197Â 363,1.0
1016352,201900057883,3,26,12:10,1,2,2,1.0,3.0,78029,CHARLES DE GAULLE (AVENUE),M,"48,9688940","1,8497360",78,2019,50.0,1.0,1.0,4.0,2273081,1.0,1,1,1,1.0,,-1.0, -1,1981.0,B01,138Â 197Â 363,1.0,0.0,-1.0,1734914,3.0,33,,0.0,2.0,1.0,A01,138Â 197Â 354,1.0
1016352,201900057883,3,26,12:10,1,2,2,1.0,3.0,78029,CHARLES DE GAULLE (AVENUE),M,"48,9688940","1,8497360",78,2019,50.0,1.0,1.0,4.0,2273081,1.0,1,1,1,1.0,,-1.0, -1,1981.0,B01,138Â 197Â 363,1.0,0.0,-1.0,1734915,3.0,7,,0.0,2.0,6.0,B01,138Â 197Â 363,1.0
1016353,201900057884,10,25,11:45,1,1,1,1.0,3.0,94021,AUTOROUTE A6A,M,"48,7618200","2,3402700",94,2019,110.0,1.0,1.0,1.0,2273082,1.0,1,1,1,5.0,,-1.0, -1,1956.0,A01,138Â 197Â 355,1.0,0.0,-1.0,1734916,2.0,7,,0.0,2.0,7.0,A01,138Â 197Â 355,1.0
1016353,201900057884,10,25,11:45,1,1,1,1.0,3.0,94021,AUTOROUTE A6A,M,"48,7618200","2,3402700",94,2019,110.0,1.0,1.0,1.0,2273082,1.0,1,1,1,5.0,,-1.0, -1,1956.0,A01,138Â 197Â 355,1.0,0.0,-1.0,1734917,2.0,33,,0.0,2.0,3.0,B01,138Â 197Â 362,1.0
1016353,201900057884,10,25,11:45,1,1,1,1.0,3.0,94021,AUTOROUTE A6A,M,"48,7618200","2,3402700",94,2019,110.0,1.0,1.0,1.0,2273083,1.0,1,4,1,0.0,,-1.0, -1,1976.0,B01,138Â 197Â 362,2.0,6.0,-1.0,1734916,2.0,7,,0.0,2.0,7.0,A01,138Â 197Â 355,1.0
1016353,201900057884,10,25,11:45,1,1,1,1.0,3.0,94021,AUTOROUTE A6A,M,"48,7618200","2,3402700",94,2019,110.0,1.0,1.0,1.0,2273083,1.0,1,4,1,0.0,,-1.0, -1,1976.0,B01,138Â 197Â 362,2.0,6.0,-1.0,1734917,2.0,33,,0.0,2.0,3.0,B01,138Â 197Â 362,1.0
1016354,201900057885,5,22,18:05,2,2,1,1.0,4.0,67101,Rue Saint-Jean,M,"48,5284110","7,4982790",67,2019,50.0,1.0,1.0,3.0,2273084,1.0,1,1,1,1.0,,0.0,0,1975.0,C01,138Â 197Â 349,1.0,-1.0,-1.0,1734918,0.0,7,,0.0,0.0,4.0,C01,138Â 197Â 349,1.0
1016354,201900057885,5,22,18:05,2,2,1,1.0,4.0,67101,Rue Saint-Jean,M,"48,5284110","7,4982790",67,2019,50.0,1.0,1.0,3.0,2273084,1.0,1,1,1,1.0,,0.0,0,1975.0,C01,138Â 197Â 349,1.0,-1.0,-1.0,1734919,0.0,7,,0.0,2.0,4.0,B01,138Â 197Â 351,1.0
1016354,201900057885,5,22,18:05,2,2,1,1.0,4.0,67101,Rue Saint-Jean,M,"48,5284110","7,4982790",67,2019,50.0,1.0,1.0,3.0,2273084,1.0,1,1,1,1.0,,0.0,0,1975.0,C01,138Â 197Â 349,1.0,-1.0,-1.0,1734920,0.0,7,,0.0,2.0,1.0,A01,138Â 197Â 369,0.0
1016354,201900057885,5,22,18:05,2,2,1,1.0,4.0,67101,Rue Saint-Jean,M,"48,5284110","7,4982790",67,2019,50.0,1.0,1.0,3.0,2273085,2.0,2,1,1,2.0,,0.0,0,2003.0,B01,138Â 197Â 351,1.0,-1.0,-1.0,1734918,0.0,7,,0.0,0.0,4.0,C01,138Â 197Â 349,1.0
1016354,201900057885,5,22,18:05,2,2,1,1.0,4.0,67101,Rue Saint-Jean,M,"48,5284110","7,4982790",67,2019,50.0,1.0,1.0,3.0,2273085,2.0,2,1,1,2.0,,0.0,0,2003.0,B01,138Â 197Â 351,1.0,-1.0,-1.0,1734919,0.0,7,,0.0,2.0,4.0,B01,138Â 197Â 351,1.0
1016354,201900057885,5,22,18:05,2,2,1,1.0,4.0,67101,Rue Saint-Jean,M,"48,5284110","7,4982790",67,2019,50.0,1.0,1.0,3.0,2273085,2.0,2,1,1,2.0,,0.0,0,2003.0,B01,138Â 197Â 351,1.0,-1.0,-1.0,1734920,0.0,7,,0.0,2.0,1.0,A01,138Â 197Â 369,0.0
1016354,201900057885,5,22,18:05,2,2,1,1.0,4.0,67101,Rue Saint-Jean,M,"48,5284110","7,4982790",67,2019,50.0,1.0,1.0,3.0,2273086,1.0,1,4,2,2.0,,0.0,0,1981.0,B01,138Â 197Â 351,1.0,-1.0,-1.0,1734918,0.0,7,,0.0,0.0,4.0,C01,138Â 197Â 349,1.0
1016354,201900057885,5,22,18:05,2,2,1,1.0,4.0,67101,Rue Saint-Jean,M,"48,5284110","7,4982790",67,2019,50.0,1.0,1.0,3.0,2273086,1.0,1,4,2,2.0,,0.0,0,1981.0,B01,138Â 197Â 351,1.0,-1.0,-1.0,1734919,0.0,7,,0.0,2.0,4.0,B01,138Â 197Â 351,1.0
1016354,201900057885,5,22,18:05,2,2,1,1.0,4.0,67101,Rue Saint-Jean,M,"48,5284110","7,4982790",67,2019,50.0,1.0,1.0,3.0,2273086,1.0,1,4,2,2.0,,0.0,0,1981.0,B01,138Â 197Â 351,1.0,-1.0,-1.0,1734920,0.0,7,,0.0,2.0,1.0,A01,138Â 197Â 369,0.0
1016354,201900057885,5,22,18:05,2,2,1,1.0,4.0,67101,Rue Saint-Jean,M,"48,5284110","7,4982790",67,2019,50.0,1.0,1.0,3.0,2273087,1.0,1,4,1,5.0,,0.0,0,1983.0,A01,138Â 197Â 369,1.0,-1.0,-1.0,1734918,0.0,7,,0.0,0.0,4.0,C01,138Â 197Â 349,1.0
1016354,201900057885,5,22,18:05,2,2,1,1.0,4.0,67101,Rue Saint-Jean,M,"48,5284110","7,4982790",67,2019,50.0,1.0,1.0,3.0,2273087,1.0,1,4,1,5.0,,0.0,0,1983.0,A01,138Â 197Â 369,1.0,-1.0,-1.0,1734919,0.0,7,,0.0,2.0,4.0,B01,138Â 197Â 351,1.0
1016354,201900057885,5,22,18:05,2,2,1,1.0,4.0,67101,Rue Saint-Jean,M,"48,5284110","7,4982790",67,2019,50.0,1.0,1.0,3.0,2273087,1.0,1,4,1,5.0,,0.0,0,1983.0,A01,138Â 197Â 369,1.0,-1.0,-1.0,1734920,0.0,7,,0.0,2.0,1.0,A01,138Â 197Â 369,0.0
1016355,201900057886,2,16,16:30,1,2,3,1.0,3.0,12157,Intersection N88 et D56,M,"44,3943410","2,7087810",12,2019,50.0,1.0,1.0,2.0,2273088,1.0,1,4,1,5.0,,0.0,0,1959.0,B01,138Â 197Â 348,2.0,-1.0,-1.0,1734921,2.0,1,,0.0,2.0,8.0,B01,138Â 197Â 348,5.0
1016355,201900057886,2,16,16:30,1,2,3,1.0,3.0,12157,Intersection N88 et D56,M,"44,3943410","2,7087810",12,2019,50.0,1.0,1.0,2.0,2273088,1.0,1,4,1,5.0,,0.0,0,1959.0,B01,138Â 197Â 348,2.0,-1.0,-1.0,1734922,1.0,7,,0.0,2.0,3.0,C01,138Â 197Â 353,1.0
1016355,201900057886,2,16,16:30,1,2,3,1.0,3.0,12157,Intersection N88 et D56,M,"44,3943410","2,7087810",12,2019,50.0,1.0,1.0,2.0,2273089,1.0,1,1,2,1.0,,-1.0, -1,1986.0,C01,138Â 197Â 353,1.0,-1.0,-1.0,1734921,2.0,1,,0.0,2.0,8.0,B01,138Â 197Â 348,5.0
1016355,201900057886,2,16,16:30,1,2,3,1.0,3.0,12157,Intersection N88 et D56,M,"44,3943410","2,7087810",12,2019,50.0,1.0,1.0,2.0,2273089,1.0,1,1,2,1.0,,-1.0, -1,1986.0,C01,138Â 197Â 353,1.0,-1.0,-1.0,1734922,1.0,7,,0.0,2.0,3.0,C01,138Â 197Â 353,1.0
1016356,201900057887,5,3,08:00,1,2,3,1.0,6.0,67300,Rue de la Fonderie,M,"48,5357500","7,4969870",67,2019,50.0,1.0,1.0,4.0,2273090,1.0,1,1,1,2.0,,0.0,0,1971.0,A01,138Â 197Â 340,1.0,-1.0,-1.0,1734923,0.0,7,,0.0,1.0,2.0,A01,138Â 197Â 340,0.0
1016356,201900057887,5,3,08:00,1,2,3,1.0,6.0,67300,Rue de la Fonderie,M,"48,5357500","7,4969870",67,2019,50.0,1.0,1.0,4.0,2273091,10.0,3,4,2,2.0,,3.0,3,2015.0,A01,138Â 197Â 340,0.0,-1.0,-1.0,1734923,0.0,7,,0.0,1.0,2.0,A01,138Â 197Â 340,0.0
1016357,201900057888,5,17,08:15,1,1,3,1.0,5.0,67252,CD437,M,"48,7428400","7,8158910",67,2019,80.0,1.0,1.0,3.0,2273092,1.0,1,4,1,0.0,,0.0,0,1975.0,C01,138Â 197Â 334,2.0,6.0,-1.0,1734924,2.0,33,,0.0,2.0,1.0,C01,138Â 197Â 334,1.0
1016357,201900057888,5,17,08:15,1,1,3,1.0,5.0,67252,CD437,M,"48,7428400","7,8158910",67,2019,80.0,1.0,1.0,3.0,2273092,1.0,1,4,1,0.0,,0.0,0,1975.0,C01,138Â 197Â 334,2.0,6.0,-1.0,1734925,1.0,7,,0.0,2.0,1.0,B01,138Â 197Â 336,1.0
1016357,201900057888,5,17,08:15,1,1,3,1.0,5.0,67252,CD437,M,"48,7428400","7,8158910",67,2019,80.0,1.0,1.0,3.0,2273092,1.0,1,4,1,0.0,,0.0,0,1975.0,C01,138Â 197Â 334,2.0,6.0,-1.0,1734926,1.0,7,,0.0,2.0,7.0,A01,138Â 197Â 338,1.0
1016357,201900057888,5,17,08:15,1,1,3,1.0,5.0,67252,CD437,M,"48,7428400","7,8158910",67,2019,80.0,1.0,1.0,3.0,2273093,1.0,1,1,1,1.0,,0.0,0,1984.0,B01,138Â 197Â 336,1.0,-1.0,-1.0,1734924,2.0,33,,0.0,2.0,1.0,C01,138Â 197Â 334,1.0
1016357,201900057888,5,17,08:15,1,1,3,1.0,5.0,67252,CD437,M,"48,7428400","7,8158910",67,2019,80.0,1.0,1.0,3.0,2273093,1.0,1,1,1,1.0,,0.0,0,1984.0,B01,138Â 197Â 336,1.0,-1.0,-1.0,1734925,1.0,7,,0.0,2.0,1.0,B01,138Â 197Â 336,1.0
1016357,201900057888,5,17,08:15,1,1,3,1.0,5.0,67252,CD437,M,"48,7428400","7,8158910",67,2019,80.0,1.0,1.0,3.0,2273093,1.0,1,1,1,1.0,,0.0,0,1984.0,B01,138Â 197Â 336,1.0,-1.0,-1.0,1734926,1.0,7,,0.0,2.0,7.0,A01,138Â 197Â 338,1.0
1016357,201900057888,5,17,08:15,1,1,3,1.0,5.0,67252,CD437,M,"48,7428400","7,8158910",67,2019,80.0,1.0,1.0,3.0,2273094,1.0,1,1,2,1.0,,0.0,0,1977.0,A01,138Â 197Â 338,1.0,-1.0,-1.0,1734924,2.0,33,,0.0,2.0,1.0,C01,138Â 197Â 334,1.0
1016357,201900057888,5,17,08:15,1,1,3,1.0,5.0,67252,CD437,M,"48,7428400","7,8158910",67,2019,80.0,1.0,1.0,3.0,2273094,1.0,1,1,2,1.0,,0.0,0,1977.0,A01,138Â 197Â 338,1.0,-1.0,-1.0,1734925,1.0,7,,0.0,2.0,1.0,B01,138Â 197Â 336,1.0
1016357,201900057888,5,17,08:15,1,1,3,1.0,5.0,67252,CD437,M,"48,7428400","7,8158910",67,2019,80.0,1.0,1.0,3.0,2273094,1.0,1,1,2,1.0,,0.0,0,1977.0,A01,138Â 197Â 338,1.0,-1.0,-1.0,1734926,1.0,7,,0.0,2.0,7.0,A01,138Â 197Â 338,1.0