Unnamed: 0_x,num_acc,mois,jour,hrmn,lum,agg,int,atm,col,com,adr,gps,lat,long,dep,annee,vma,situ,surf,catr,Unnamed: 0_y,place,catu,grav,sexe,trajet,secu,locp,actp,an_nais,num_veh_x,id_vehicule_x,secu1,secu2,secu3,Unnamed: 0,senc,catv,occutc,obs,obsm,choc,num_veh_y,id_vehicule_y,motor
1016358,201900057889,2,15,21:51,3,1,1,1.0,5.0,21087,A 6,M,"47,1146020","4,7098100",21,2019,130.0,1.0,1.0,1.0,2273095,1.0,1,1,1,5.0,,0.0,0,1952.0,D01,138Â 197Â 333,1.0,-1.0,-1.0,1734927,2.0,7,,0.0,2.0,8.0,D01,138Â 197Â 333,1.0
1016358,201900057889,2,15,21:51,3,1,1,1.0,5.0,21087,A 6,M,"47,1146020","4,7098100",21,2019,130.0,1.0,1.0,1.0,2273095,1.0,1,1,1,5.0,,0.0,0,1952.0,D01,138Â 197Â 333,1.0,-1.0,-1.0,1734928,2.0,7,,0.0,2.0,8.0,C01,138Â 197Â 335,1.0
1016358,201900057889,2,15,21:51,3,1,1,1.0,5.0,21087,A 6,M,"47,1146020","4,7098100",21,2019,130.0,1.0,1.0,1.0,2273095,1.0,1,1,1,5.0,,0.0,0,1952.0,D01,138Â 197Â 333,1.0,-1.0,-1.0,1734929,2.0,7,,0.0,2.0,4.0,B01,138Â 197Â 337,1.0
1016358,201900057889,2,15,21:51,3,1,1,1.0,5.0,21087,A 6,M,"47,1146020","4,7098100",21,2019,130.0,1.0,1.0,1.0,2273095,1.0,1,1,1,5.0,,0.0,0,1952.0,D01,138Â 197Â 333,1.0,-1.0,-1.0,1734930,2.0,7,,4.0,2.0,1.0,A01,138Â 197Â 339,1.0
1016358,201900057889,2,15,21:51,3,1,1,1.0,5.0,21087,A 6,M,"47,1146020","4,7098100",21,2019,130.0,1.0,1.0,1.0,2273096,2.0,2,4,2,5.0,,0.0,0,1953.0,D01,138Â 197Â 333,1.0,-1.0,-1.0,1734927,2.0,7,,0.0,2.0,8.0,D01,138Â 197Â 333,1.0
1016358,201900057889,2,15,21:51,3,1,1,1.0,5.0,21087,A 6,M,"47,1146020","4,7098100",21,2019,130.0,1.0,1.0,1.0,2273096,2.0,2,4,2,5.0,,0.0,0,1953.0,D01,138Â 197Â 333,1.0,-1.0,-1.0,1734928,2.0,7,,0.0,2.0,8.0,C01,138Â 197Â 335,1.0
1016358,201900057889,2,15,21:51,3,1,1,1.0,5.0,21087,A 6,M,"47,1146020","4,7098100",21,2019,130.0,1.0,1.0,1.0,2273096,2.0,2,4,2,5.0,,0.0,0,1953.0,D01,138Â 197Â 333,1.0,-1.0,-1.0,1734929,2.0,7,,0.0,2.0,4.0,B01,138Â 197Â 337,1.0
1016358,201900057889,2,15,21:51,3,1,1,1.0,5.0,21087,A 6,M,"47,1146020","4,7098100",21,2019,130.0,1.0,1.0,1.0,2273096,2.0,2,4,2,5.0,,0.0,0,1953.0,D01,138Â 197Â 333,1.0,-1.0,-1.0,1734930,2.0,7,,4.0,2.0,1.0,A01,138Â 197Â 339,1.0
1016358,201900057889,2,15,21:51,3,1,1,1.0,5.0,21087,A 6,M,"47,1146020","4,7098100",21,2019,130.0,1.0,1.0,1.0,2273097,1.0,1,1,1,5.0,,0.0,0,1980.0,C01,138Â 197Â 335,1.0,-1.0,-1.0,1734927,2.0,7,,0.0,2.0,8.0,D01,138Â 197Â 333,1.0
1016358,201900057889,2,15,21:51,3,1,1,1.0,5.0,21087,A 6,M,"47,1146020","4,7098100",21,2019,130.0,1.0,1.0,1.0,2273097,1.0,1,1,1,5.0,,0.0,0,1980.0,C01,138Â 197Â 335,1.0,-1.0,-1.0,1734928,2.0,7,,0.0,2.0,8.0,C01,138Â 197Â 335,1.0
1016358,201900057889,2,15,21:51,3,1,1,1.0,5.0,21087,A 6,M,"47,1146020","4,7098100",21,2019,130.0,1.0,1.0,1.0,2273097,1.0,1,1,1,5.0,,0.0,0,1980.0,C01,138Â 197Â 335,1.0,-1.0,-1.0,1734929,2.0,7,,0.0,2.0,4.0,B01,138Â 197Â 337,1.0
1016358,201900057889,2,15,21:51,3,1,1,1.0,5.0,21087,A 6,M,"47,1146020","4,7098100",21,2019,130.0,1.0,1.0,1.0,2273097,1.0,1,1,1,5.0,,0.0,0,1980.0,C01,138Â 197Â 335,1.0,-1.0,-1.0,1734930,2.0,7,,4.0,2.0,1.0,A01,138Â 197Â 339,1.0
1016358,201900057889,2,15,21:51,3,1,1,1.0,5.0,21087,A 6,M,"47,1146020","4,7098100",21,2019,130.0,1.0,1.0,1.0,2273098,2.0,2,1,2,5.0,,0.0,0,1982.0,C01,138Â 197Â 335,1.0,-1.0,-1.0,1734927,2.0,7,,0.0,2.0,8.0,D01,138Â 197Â 333,1.0
1016358,201900057889,2,15,21:51,3,1,1,1.0,5.0,21087,A 6,M,"47,1146020","4,7098100",21,2019,130.0,1.0,1.0,1.0,2273098,2.0,2,1,2,5.0,,0.0,0,1982.0,C01,138Â 197Â 335,1.0,-1.0,-1.0,1734928,2.0,7,,0.0,2.0,8.0,C01,138Â 197Â 335,1.0
1016358,201900057889,2,15,21:51,3,1,1,1.0,5.0,21087,A 6,M,"47,1146020","4,7098100",21,2019,130.0,1.0,1.0,1.0,2273098,2.0,2,1,2,5.0,,0.0,0,1982.0,C01,138Â 197Â 335,1.0,-1.0,-1.0,1734929,2.0,7,,0.0,2.0,4.0,B01,138Â 197Â 337,1.0
1016358,201900057889,2,15,21:51,3,1,1,1.0,5.0,21087,A 6,M,"47,1146020","4,7098100",21,2019,130.0,1.0,1.0,1.0,2273098,2.0,2,1,2,5.0,,0.0,0,1982.0,C01,138Â 197Â 335,1.0,-1.0,-1.0,1734930,2.0,7,,4.0,2.0,1.0,A01,138Â 197Â 339,1.0
1016358,201900057889,2,15,21:51,3,1,1,1.0,5.0,21087,A 6,M,"47,1146020","4,7098100",21,2019,130.0,1.0,1.0,1.0,2273099,3.0,2,1,1,0.0,,0.0,0,2007.0,B01,138Â 197Â 337,1.0,-1.0,-1.0,1734927,2.0,7,,0.0,2.0,8.0,D01,138Â 197Â 333,1.0
1016358,201900057889,2,15,21:51,3,1,1,1.0,5.0,21087,A 6,M,"47,1146020","4,7098100",21,2019,130.0,1.0,1.0,1.0,2273099,3.0,2,1,1,0.0,,0.0,0,2007.0,B01,138Â 197Â 337,1.0,-1.0,-1.0,1734928,2.0,7,,0.0,2.0,8.0,C01,138Â 197Â 335,1.0
1016358,201900057889,2,15,21:51,3,1,1,1.0,5.0,21087,A 6,M,"47,1146020","4,7098100",21,2019,130.0,1.0,1.0,1.0,2273099,3.0,2,1,1,0.0,,0.0,0,2007.0,B01,138Â 197Â 337,1.0,-1.0,-1.0,1734929,2.0,7,,0.0,2.0,4.0,B01,138Â 197Â 337,1.0
1016358,201900057889,2,15,21:51,3,1,1,1.0,5.0,21087,A 6,M,"47,1146020","4,7098100",21,2019,130.0,1.0,1.0,1.0,2273099,3.0,2,1,1,0.0,,0.0,0,2007.0,B01,138Â 197Â 337,1.0,-1.0,-1.0,1734930,2.0,7,,4.0,2.0,1.0,A01,138Â 197Â 339,1.0
1016358,201900057889,2,15,21:51,3,1,1,1.0,5.0,21087,A 6,M,"47,1146020","4,7098100",21,2019,130.0,1.0,1.0,1.0,2273100,4.0,2,1,2,5.0,,0.0,0,2005.0,B01,138Â 197Â 337,1.0,-1.0,-1.0,1734927,2.0,7,,0.0,2.0,8.0,D01,138Â 197Â 333,1.0
1016358,201900057889,2,15,21:51,3,1,1,1.0,5.0,21087,A 6,M,"47,1146020","4,7098100",21,2019,130.0,1.0,1.0,1.0,2273100,4.0,2,1,2,5.0,,0.0,0,2005.0,B01,138Â 197Â 337,1.0,-1.0,-1.0,1734928,2.0,7,,0.0,2.0,8.0,C01,138Â 197Â 335,1.0
1016358,201900057889,2,15,21:51,3,1,1,1.0,5.0,21087,A 6,M,"47,1146020","4,7098100",21,2019,130.0,1.0,1.0,1.0,2273100,4.0,2,1,2,5.0,,0.0,0,2005.0,B01,138Â 197Â 337,1.0,-1.0,-1.0,1734929,2.0,7,,0.0,2.0,4.0,B01,138Â 197Â 337,1.0
1016358,201900057889,2,15,21:51,3,1,1,1.0,5.0,21087,A 6,M,"47,1146020","4,7098100",21,2019,130.0,1.0,1.0,1.0,2273100,4.0,2,1,2,5.0,,0.0,0,2005.0,B01,138Â 197Â 337,1.0,-1.0,-1.0,1734930,2.0,7,,4.0,2.0,1.0,A01,138Â 197Â 339,1.0
1016358,201900057889,2,15,21:51,3,1,1,1.0,5.0,21087,A 6,M,"47,1146020","4,7098100",21,2019,130.0,1.0,1.0,1.0,2273101,2.0,2,1,2,5.0,,0.0,0,1945.0,B01,138Â 197Â 337,1.0,-1.0,-1.0,1734927,2.0,7,,0.0,2.0,8.0,D01,138Â 197Â 333,1.0
1016358,201900057889,2,15,21:51,3,1,1,1.0,5.0,21087,A 6,M,"47,1146020","4,7098100",21,2019,130.0,1.0,1.0,1.0,2273101,2.0,2,1,2,5.0,,0.0,0,1945.0,B01,138Â 197Â 337,1.0,-1.0,-1.0,1734928,2.0,7,,0.0,2.0,8.0,C01,138Â 197Â 335,1.0
1016358,201900057889,2,15,21:51,3,1,1,1.0,5.0,21087,A 6,M,"47,1146020","4,7098100",21,2019,130.0,1.0,1.0,1.0,2273101,2.0,2,1,2,5.0,,0.0,0,1945.0,B01,138Â 197Â 337,1.0,-1.0,-1.0,1734929,2.0,7,,0.0,2.0,4.0,B01,138Â 197Â 337,1.0
1016358,201900057889,2,15,21:51,3,1,1,1.0,5.0,21087,A 6,M,"47,1146020","4,7098100",21,2019,130.0,1.0,1.0,1.0,2273101,2.0,2,1,2,5.0,,0.0,0,1945.0,B01,138Â 197Â 337,1.0,-1.0,-1.0,1734930,2.0,7,,4.0,2.0,1.0,A01,138Â 197Â 339,1.0
1016358,201900057889,2,15,21:51,3,1,1,1.0,5.0,21087,A 6,M,"47,1146020","4,7098100",21,2019,130.0,1.0,1.0,1.0,2273102,1.0,1,4,2,5.0,,0.0,0,1975.0,B01,138Â 197Â 337,1.0,-1.0,-1.0,1734927,2.0,7,,0.0,2.0,8.0,D01,138Â 197Â 333,1.0
1016358,201900057889,2,15,21:51,3,1,1,1.0,5.0,21087,A 6,M,"47,1146020","4,7098100",21,2019,130.0,1.0,1.0,1.0,2273102,1.0,1,4,2,5.0,,0.0,0,1975.0,B01,138Â 197Â 337,1.0,-1.0,-1.0,1734928,2.0,7,,0.0,2.0,8.0,C01,138Â 197Â 335,1.0
1016358,201900057889,2,15,21:51,3,1,1,1.0,5.0,21087,A 6,M,"47,1146020","4,7098100",21,2019,130.0,1.0,1.0,1.0,2273102,1.0,1,4,2,5.0,,0.0,0,1975.0,B01,138Â 197Â 337,1.0,-1.0,-1.0,1734929,2.0,7,,0.0,2.0,4.0,B01,138Â 197Â 337,1.0
1016358,201900057889,2,15,21:51,3,1,1,1.0,5.0,21087,A 6,M,"47,1146020","4,7098100",21,2019,130.0,1.0,1.0,1.0,2273102,1.0,1,4,2,5.0,,0.0,0,1975.0,B01,138Â 197Â 337,1.0,-1.0,-1.0,1734930,2.0,7,,4.0,2.0,1.0,A01,138Â 197Â 339,1.0
1016358,201900057889,2,15,21:51,3,1,1,1.0,5.0,21087,A 6,M,"47,1146020","4,7098100",21,2019,130.0,1.0,1.0,1.0,2273103,1.0,1,1,1,5.0,,0.0,0,1990.0,A01,138Â 197Â 339,8.0,-1.0,-1.0,1734927,2.0,7,,0.0,2.0,8.0,D01,138Â 197Â 333,1.0
1016358,201900057889,2,15,21:51,3,1,1,1.0,5.0,21087,A 6,M,"47,1146020","4,7098100",21,2019,130.0,1.0,1.0,1.0,2273103,1.0,1,1,1,5.0,,0.0,0,1990.0,A01,138Â 197Â 339,8.0,-1.0,-1.0,1734928,2.0,7,,0.0,2.0,8.0,C01,138Â 197Â 335,1.0
1016358,201900057889,2,15,21:51,3,1,1,1.0,5.0,21087,A 6,M,"47,1146020","4,7098100",21,2019,130.0,1.0,1.0,1.0,2273103,1.0,1,1,1,5.0,,0.0,0,1990.0,A01,138Â 197Â 339,8.0,-1.0,-1.0,1734929,2.0,7,,0.0,2.0,4.0,B01,138Â 197Â 337,1.0
1016358,201900057889,2,15,21:51,3,1,1,1.0,5.0,21087,A 6,M,"47,1146020","4,7098100",21,2019,130.0,1.0,1.0,1.0,2273103,1.0,1,1,1,5.0,,0.0,0,1990.0,A01,138Â 197Â 339,8.0,-1.0,-1.0,1734930,2.0,7,,4.0,2.0,1.0,A01,138Â 197Â 339,1.0
1016359,201900057890,5,11,11:15,1,2,1,1.0,1.0,67458,rue d'ohlungen,M,"48,8185830","7,7272260",67,2019,50.0,1.0,1.0,3.0,2273104,8.0,2,4,2,9.0,,0.0,0,2014.0,B01,138Â 197Â 329,3.0,-1.0,-1.0,1734931,0.0,7,,0.0,0.0,3.0,B01,138Â 197Â 329,1.0
1016359,201900057890,5,11,11:15,1,2,1,1.0,1.0,67458,rue d'ohlungen,M,"48,8185830","7,7272260",67,2019,50.0,1.0,1.0,3.0,2273104,8.0,2,4,2,9.0,,0.0,0,2014.0,B01,138Â 197Â 329,3.0,-1.0,-1.0,1734932,0.0,7,,0.0,2.0,1.0,A01,138Â 197Â 332,1.0
1016359,201900057890,5,11,11:15,1,2,1,1.0,1.0,67458,rue d'ohlungen,M,"48,8185830","7,7272260",67,2019,50.0,1.0,1.0,3.0,2273105,1.0,1,1,1,0.0,,0.0,0,1988.0,B01,138Â 197Â 329,1.0,-1.0,-1.0,1734931,0.0,7,,0.0,0.0,3.0,B01,138Â 197Â 329,1.0
1016359,201900057890,5,11,11:15,1,2,1,1.0,1.0,67458,rue d'ohlungen,M,"48,8185830","7,7272260",67,2019,50.0,1.0,1.0,3.0,2273105,1.0,1,1,1,0.0,,0.0,0,1988.0,B01,138Â 197Â 329,1.0,-1.0,-1.0,1734932,0.0,7,,0.0,2.0,1.0,A01,138Â 197Â 332,1.0
1016359,201900057890,5,11,11:15,1,2,1,1.0,1.0,67458,rue d'ohlungen,M,"48,8185830","7,7272260",67,2019,50.0,1.0,1.0,3.0,2273106,9.0,2,1,1,0.0,,0.0,0,2016.0,B01,138Â 197Â 329,3.0,-1.0,-1.0,1734931,0.0,7,,0.0,0.0,3.0,B01,138Â 197Â 329,1.0
1016359,201900057890,5,11,11:15,1,2,1,1.0,1.0,67458,rue d'ohlungen,M,"48,8185830","7,7272260",67,2019,50.0,1.0,1.0,3.0,2273106,9.0,2,1,1,0.0,,0.0,0,2016.0,B01,138Â 197Â 329,3.0,-1.0,-1.0,1734932,0.0,7,,0.0,2.0,1.0,A01,138Â 197Â 332,1.0
1016359,201900057890,5,11,11:15,1,2,1,1.0,1.0,67458,rue d'ohlungen,M,"48,8185830","7,7272260",67,2019,50.0,1.0,1.0,3.0,2273107,1.0,1,1,2,0.0,,0.0,0,1999.0,A01,138Â 197Â 332,1.0,-1.0,-1.0,1734931,0.0,7,,0.0,0.0,3.0,B01,138Â 197Â 329,1.0
1016359,201900057890,5,11,11:15,1,2,1,1.0,1.0,67458,rue d'ohlungen,M,"48,8185830","7,7272260",67,2019,50.0,1.0,1.0,3.0,2273107,1.0,1,1,2,0.0,,0.0,0,1999.0,A01,138Â 197Â 332,1.0,-1.0,-1.0,1734932,0.0,7,,0.0,2.0,1.0,A01,138Â 197Â 332,1.0
1016359,201900057890,5,11,11:15,1,2,1,1.0,1.0,67458,rue d'ohlungen,M,"48,8185830","7,7272260",67,2019,50.0,1.0,1.0,3.0,2273108,2.0,2,1,1,0.0,,0.0,0,1997.0,A01,138Â 197Â 332,1.0,-1.0,-1.0,1734931,0.0,7,,0.0,0.0,3.0,B01,138Â 197Â 329,1.0
1016359,201900057890,5,11,11:15,1,2,1,1.0,1.0,67458,rue d'ohlungen,M,"48,8185830","7,7272260",67,2019,50.0,1.0,1.0,3.0,2273108,2.0,2,1,1,0.0,,0.0,0,1997.0,A01,138Â 197Â 332,1.0,-1.0,-1.0,1734932,0.0,7,,0.0,2.0,1.0,A01,138Â 197Â 332,1.0
1016360,201900057891,2,16,05:55,3,1,1,1.0,2.0,22354,"RN12, SENS RENNES-BREST, PR 98+600",M,"48,5609950"," -3,2304960",22,2019,110.0,1.0,1.0,2.0,2273109,1.0,1,4,1,9.0,,0.0,0,1996.0,A01,138Â 197Â 330,1.0,-1.0,-1.0,1734933,1.0,7,,0.0,2.0,2.0,A01,138Â 197Â 330,1.0
1016360,201900057891,2,16,05:55,3,1,1,1.0,2.0,22354,"RN12, SENS RENNES-BREST, PR 98+600",M,"48,5609950"," -3,2304960",22,2019,110.0,1.0,1.0,2.0,2273109,1.0,1,4,1,9.0,,0.0,0,1996.0,A01,138Â 197Â 330,1.0,-1.0,-1.0,1734934,1.0,15,,0.0,0.0,6.0,B01,138Â 197Â 331,1.0
1016360,201900057891,2,16,05:55,3,1,1,1.0,2.0,22354,"RN12, SENS RENNES-BREST, PR 98+600",M,"48,5609950"," -3,2304960",22,2019,110.0,1.0,1.0,2.0,2273110,1.0,1,1,1,4.0,,0.0,0,1999.0,B01,138Â 197Â 331,1.0,-1.0,-1.0,1734933,1.0,7,,0.0,2.0,2.0,A01,138Â 197Â 330,1.0
1016360,201900057891,2,16,05:55,3,1,1,1.0,2.0,22354,"RN12, SENS RENNES-BREST, PR 98+600",M,"48,5609950"," -3,2304960",22,2019,110.0,1.0,1.0,2.0,2273110,1.0,1,1,1,4.0,,0.0,0,1999.0,B01,138Â 197Â 331,1.0,-1.0,-1.0,1734934,1.0,15,,0.0,0.0,6.0,B01,138Â 197Â 331,1.0
1016361,201900057892,4,2,19:00,1,2,9,1.0,6.0,67348,Rue Chanoine Gyss,M,"48,4626930","7,4814560",67,2019,50.0,1.0,1.0,3.0,2273111,1.0,1,1,1,5.0,,0.0,0,1968.0,A01,138Â 197Â 328,2.0,-1.0,-1.0,1734935,0.0,33,,0.0,1.0,8.0,A01,138Â 197Â 328,1.0
1016361,201900057892,4,2,19:00,1,2,9,1.0,6.0,67348,Rue Chanoine Gyss,M,"48,4626930","7,4814560",67,2019,50.0,1.0,1.0,3.0,2273112,10.0,3,3,2,5.0,,3.0,3,1946.0,A01,138Â 197Â 328,0.0,-1.0,-1.0,1734935,0.0,33,,0.0,1.0,8.0,A01,138Â 197Â 328,1.0
1016362,201900057893,5,19,15:25,1,2,1,1.0,2.0,67397,33 rue de l' Hotel de Ville,M,"48,3194230","7,7026290",67,2019,50.0,1.0,1.0,3.0,2273113,1.0,1,4,1,5.0,,0.0,0,1978.0,B01,138Â 197Â 326,2.0,-1.0,-1.0,1734936,1.0,1,,0.0,2.0,1.0,B01,138Â 197Â 326,5.0
1016362,201900057893,5,19,15:25,1,2,1,1.0,2.0,67397,33 rue de l' Hotel de Ville,M,"48,3194230","7,7026290",67,2019,50.0,1.0,1.0,3.0,2273113,1.0,1,4,1,5.0,,0.0,0,1978.0,B01,138Â 197Â 326,2.0,-1.0,-1.0,1734937,2.0,7,,0.0,0.0,4.0,A01,138Â 197Â 327,1.0
1016362,201900057893,5,19,15:25,1,2,1,1.0,2.0,67397,33 rue de l' Hotel de Ville,M,"48,3194230","7,7026290",67,2019,50.0,1.0,1.0,3.0,2273114,1.0,1,1,1,5.0,,0.0,0,1976.0,A01,138Â 197Â 327,1.0,-1.0,-1.0,1734936,1.0,1,,0.0,2.0,1.0,B01,138Â 197Â 326,5.0
1016362,201900057893,5,19,15:25,1,2,1,1.0,2.0,67397,33 rue de l' Hotel de Ville,M,"48,3194230","7,7026290",67,2019,50.0,1.0,1.0,3.0,2273114,1.0,1,1,1,5.0,,0.0,0,1976.0,A01,138Â 197Â 327,1.0,-1.0,-1.0,1734937,2.0,7,,0.0,0.0,4.0,A01,138Â 197Â 327,1.0
1016363,201900057894,5,6,05:45,2,2,4,1.0,6.0,88321,Intersection Avenue de Herringen / Rue Paul Melin,M,"48,3617450","5,6951920",88,2019,50.0,4.0,1.0,3.0,2273115,1.0,1,3,1,5.0,,0.0,0,1935.0,A01,138Â 197Â 325,1.0,-1.0,-1.0,1734938,-1.0,0,,-1.0,-1.0,-1.0,A01,138Â 197Â 324,-1.0
1016363,201900057894,5,6,05:45,2,2,4,1.0,6.0,88321,Intersection Avenue de Herringen / Rue Paul Melin,M,"48,3617450","5,6951920",88,2019,50.0,4.0,1.0,3.0,2273115,1.0,1,3,1,5.0,,0.0,0,1935.0,A01,138Â 197Â 325,1.0,-1.0,-1.0,1734939,1.0,7,,15.0,0.0,1.0,A01,138Â 197Â 325,1.0
1016364,201900057895,3,26,15:55,1,1,2,1.0,5.0,77013,D402 X D19A1,M,"48,8435300","3,0882900",77,2019,70.0,1.0,1.0,3.0,2273116,1.0,1,1,2,5.0,,-1.0,0,1944.0,B01,138Â 197Â 343,1.0,0.0,-1.0,1734940,1.0,7,,0.0,2.0,8.0,B01,138Â 197Â 343,1.0
1016364,201900057895,3,26,15:55,1,1,2,1.0,5.0,77013,D402 X D19A1,M,"48,8435300","3,0882900",77,2019,70.0,1.0,1.0,3.0,2273116,1.0,1,1,2,5.0,,-1.0,0,1944.0,B01,138Â 197Â 343,1.0,0.0,-1.0,1734941,2.0,33,,0.0,2.0,3.0,C01,138Â 197Â 344,1.0
1016364,201900057895,3,26,15:55,1,1,2,1.0,5.0,77013,D402 X D19A1,M,"48,8435300","3,0882900",77,2019,70.0,1.0,1.0,3.0,2273116,1.0,1,1,2,5.0,,-1.0,0,1944.0,B01,138Â 197Â 343,1.0,0.0,-1.0,1734942,1.0,10,,0.0,2.0,7.0,A01,138Â 197Â 346,1.0
1016364,201900057895,3,26,15:55,1,1,2,1.0,5.0,77013,D402 X D19A1,M,"48,8435300","3,0882900",77,2019,70.0,1.0,1.0,3.0,2273117,2.0,2,1,2,0.0,,-1.0,0,1964.0,B01,138Â 197Â 343,1.0,8.0,-1.0,1734940,1.0,7,,0.0,2.0,8.0,B01,138Â 197Â 343,1.0
1016364,201900057895,3,26,15:55,1,1,2,1.0,5.0,77013,D402 X D19A1,M,"48,8435300","3,0882900",77,2019,70.0,1.0,1.0,3.0,2273117,2.0,2,1,2,0.0,,-1.0,0,1964.0,B01,138Â 197Â 343,1.0,8.0,-1.0,1734941,2.0,33,,0.0,2.0,3.0,C01,138Â 197Â 344,1.0
1016364,201900057895,3,26,15:55,1,1,2,1.0,5.0,77013,D402 X D19A1,M,"48,8435300","3,0882900",77,2019,70.0,1.0,1.0,3.0,2273117,2.0,2,1,2,0.0,,-1.0,0,1964.0,B01,138Â 197Â 343,1.0,8.0,-1.0,1734942,1.0,10,,0.0,2.0,7.0,A01,138Â 197Â 346,1.0
1016364,201900057895,3,26,15:55,1,1,2,1.0,5.0,77013,D402 X D19A1,M,"48,8435300","3,0882900",77,2019,70.0,1.0,1.0,3.0,2273118,1.0,1,3,1,0.0,,-1.0,0,1998.0,C01,138Â 197Â 344,2.0,0.0,-1.0,1734940,1.0,7,,0.0,2.0,8.0,B01,138Â 197Â 343,1.0
1016364,201900057895,3,26,15:55,1,1,2,1.0,5.0,77013,D402 X D19A1,M,"48,8435300","3,0882900",77,2019,70.0,1.0,1.0,3.0,2273118,1.0,1,3,1,0.0,,-1.0,0,1998.0,C01,138Â 197Â 344,2.0,0.0,-1.0,1734941,2.0,33,,0.0,2.0,3.0,C01,138Â 197Â 344,1.0
1016364,201900057895,3,26,15:55,1,1,2,1.0,5.0,77013,D402 X D19A1,M,"48,8435300","3,0882900",77,2019,70.0,1.0,1.0,3.0,2273118,1.0,1,3,1,0.0,,-1.0,0,1998.0,C01,138Â 197Â 344,2.0,0.0,-1.0,1734942,1.0,10,,0.0,2.0,7.0,A01,138Â 197Â 346,1.0
1016364,201900057895,3,26,15:55,1,1,2,1.0,5.0,77013,D402 X D19A1,M,"48,8435300","3,0882900",77,2019,70.0,1.0,1.0,3.0,2273119,1.0,1,1,1,4.0,,-1.0,0,1977.0,A01,138Â 197Â 346,1.0,8.0,-1.0,1734940,1.0,7,,0.0,2.0,8.0,B01,138Â 197Â 343,1.0
1016364,201900057895,3,26,15:55,1,1,2,1.0,5.0,77013,D402 X D19A1,M,"48,8435300","3,0882900",77,2019,70.0,1.0,1.0,3.0,2273119,1.0,1,1,1,4.0,,-1.0,0,1977.0,A01,138Â 197Â 346,1.0,8.0,-1.0,1734941,2.0,33,,0.0,2.0,3.0,C01,138Â 197Â 344,1.0
1016364,201900057895,3,26,15:55,1,1,2,1.0,5.0,77013,D402 X D19A1,M,"48,8435300","3,0882900",77,2019,70.0,1.0,1.0,3.0,2273119,1.0,1,1,1,4.0,,-1.0,0,1977.0,A01,138Â 197Â 346,1.0,8.0,-1.0,1734942,1.0,10,,0.0,2.0,7.0,A01,138Â 197Â 346,1.0
1016365,201900057896,9,21,09:55,1,2,2,1.0,6.0,75116,ALLEE DE LONGCHAMP,M,"48,8676572","2,2508850",75,2019,50.0,1.0,1.0,4.0,2273120,10.0,3,4,2,5.0,,4.0,3,1979.0,A01,138Â 197Â 350,0.0,0.0,0.0,1734943,3.0,33,,0.0,1.0,2.0,A01,138Â 197Â 350,1.0
1016365,201900057896,9,21,09:55,1,2,2,1.0,6.0,75116,ALLEE DE LONGCHAMP,M,"48,8676572","2,2508850",75,2019,50.0,1.0,1.0,4.0,2273121,2.0,2,4,2,5.0,,0.0,0,1983.0,A01,138Â 197Â 350,2.0,6.0,-1.0,1734943,3.0,33,,0.0,1.0,2.0,A01,138Â 197Â 350,1.0
1016365,201900057896,9,21,09:55,1,2,2,1.0,6.0,75116,ALLEE DE LONGCHAMP,M,"48,8676572","2,2508850",75,2019,50.0,1.0,1.0,4.0,2273122,1.0,1,1,1,5.0,,0.0,0,1980.0,A01,138Â 197Â 350,2.0,6.0,-1.0,1734943,3.0,33,,0.0,1.0,2.0,A01,138Â 197Â 350,1.0
1016366,201900057897,5,30,18:35,1,2,3,1.0,6.0,88367,Avenue du Onze Novembre,M,"48,3357160","6,6357030",88,2019,50.0,1.0,1.0,3.0,2273123,1.0,1,1,1,0.0,,0.0,0,1969.0,A01,138Â 197Â 322,1.0,-1.0,-1.0,1734944,0.0,7,,0.0,1.0,1.0,A01,138Â 197Â 322,1.0
1016366,201900057897,5,30,18:35,1,2,3,1.0,6.0,88367,Avenue du Onze Novembre,M,"48,3357160","6,6357030",88,2019,50.0,1.0,1.0,3.0,2273124,10.0,3,2,2,3.0,,2.0,3,1935.0,A01,138Â 197Â 322,0.0,-1.0,-1.0,1734944,0.0,7,,0.0,1.0,1.0,A01,138Â 197Â 322,1.0
1016367,201900057898,10,24,19:00,2,1,1,1.0,3.0,91549,RN 104,M,"48,6252700","2,3348100",91,2019,90.0,1.0,1.0,2.0,2273125,1.0,1,1,1,5.0,,0.0,0,1985.0,A01,138Â 197Â 345,1.0,0.0,-1.0,1734945,1.0,7,,0.0,2.0,3.0,A01,138Â 197Â 345,1.0
1016367,201900057898,10,24,19:00,2,1,1,1.0,3.0,91549,RN 104,M,"48,6252700","2,3348100",91,2019,90.0,1.0,1.0,2.0,2273125,1.0,1,1,1,5.0,,0.0,0,1985.0,A01,138Â 197Â 345,1.0,0.0,-1.0,1734946,1.0,31,,0.0,2.0,1.0,B01,138Â 197Â 347,1.0
1016367,201900057898,10,24,19:00,2,1,1,1.0,3.0,91549,RN 104,M,"48,6252700","2,3348100",91,2019,90.0,1.0,1.0,2.0,2273126,1.0,1,4,2,5.0,,0.0,0,1997.0,B01,138Â 197Â 347,2.0,6.0,-1.0,1734945,1.0,7,,0.0,2.0,3.0,A01,138Â 197Â 345,1.0