Unnamed: 0_x,num_acc,mois,jour,hrmn,lum,agg,int,atm,col,com,adr,gps,lat,long,dep,annee,vma,situ,surf,catr,Unnamed: 0_y,place,catu,grav,sexe,trajet,secu,locp,actp,an_nais,num_veh_x,id_vehicule_x,secu1,secu2,secu3,Unnamed: 0,senc,catv,occutc,obs,obsm,choc,num_veh_y,id_vehicule_y,motor
1016367,201900057898,10,24,19:00,2,1,1,1.0,3.0,91549,RN 104,M,"48,6252700","2,3348100",91,2019,90.0,1.0,1.0,2.0,2273126,1.0,1,4,2,5.0,,0.0,0,1997.0,B01,138Â 197Â 347,2.0,6.0,-1.0,1734946,1.0,31,,0.0,2.0,1.0,B01,138Â 197Â 347,1.0
1016368,201900057899,8,17,22:41,3,1,1,2.0,2.0,78668,A13 Point kiloÃ©trique 059.900 sens province - Paris,M,"49,0203490","1,5397370",78,2019,110.0,1.0,2.0,1.0,2273127,1.0,1,3,1,0.0,,0.0,0,1997.0,B01,138Â 197Â 341,1.0,-1.0,-1.0,1734947,2.0,7,,0.0,2.0,1.0,B01,138Â 197Â 341,1.0
1016368,201900057899,8,17,22:41,3,1,1,2.0,2.0,78668,A13 Point kiloÃ©trique 059.900 sens province - Paris,M,"49,0203490","1,5397370",78,2019,110.0,1.0,2.0,1.0,2273127,1.0,1,3,1,0.0,,0.0,0,1997.0,B01,138Â 197Â 341,1.0,-1.0,-1.0,1734948,2.0,7,,0.0,0.0,4.0,A01,138Â 197Â 342,1.0
1016368,201900057899,8,17,22:41,3,1,1,2.0,2.0,78668,A13 Point kiloÃ©trique 059.900 sens province - Paris,M,"49,0203490","1,5397370",78,2019,110.0,1.0,2.0,1.0,2273128,4.0,2,4,1,9.0,,0.0,0,1992.0,A01,138Â 197Â 342,1.0,-1.0,-1.0,1734947,2.0,7,,0.0,2.0,1.0,B01,138Â 197Â 341,1.0
1016368,201900057899,8,17,22:41,3,1,1,2.0,2.0,78668,A13 Point kiloÃ©trique 059.900 sens province - Paris,M,"49,0203490","1,5397370",78,2019,110.0,1.0,2.0,1.0,2273128,4.0,2,4,1,9.0,,0.0,0,1992.0,A01,138Â 197Â 342,1.0,-1.0,-1.0,1734948,2.0,7,,0.0,0.0,4.0,A01,138Â 197Â 342,1.0
1016368,201900057899,8,17,22:41,3,1,1,2.0,2.0,78668,A13 Point kiloÃ©trique 059.900 sens province - Paris,M,"49,0203490","1,5397370",78,2019,110.0,1.0,2.0,1.0,2273129,5.0,2,4,1,9.0,,0.0,0,1977.0,A01,138Â 197Â 342,1.0,-1.0,-1.0,1734947,2.0,7,,0.0,2.0,1.0,B01,138Â 197Â 341,1.0
1016368,201900057899,8,17,22:41,3,1,1,2.0,2.0,78668,A13 Point kiloÃ©trique 059.900 sens province - Paris,M,"49,0203490","1,5397370",78,2019,110.0,1.0,2.0,1.0,2273129,5.0,2,4,1,9.0,,0.0,0,1977.0,A01,138Â 197Â 342,1.0,-1.0,-1.0,1734948,2.0,7,,0.0,0.0,4.0,A01,138Â 197Â 342,1.0
1016368,201900057899,8,17,22:41,3,1,1,2.0,2.0,78668,A13 Point kiloÃ©trique 059.900 sens province - Paris,M,"49,0203490","1,5397370",78,2019,110.0,1.0,2.0,1.0,2273130,1.0,1,4,1,9.0,,0.0,0,1987.0,A01,138Â 197Â 342,1.0,-1.0,-1.0,1734947,2.0,7,,0.0,2.0,1.0,B01,138Â 197Â 341,1.0
1016368,201900057899,8,17,22:41,3,1,1,2.0,2.0,78668,A13 Point kiloÃ©trique 059.900 sens province - Paris,M,"49,0203490","1,5397370",78,2019,110.0,1.0,2.0,1.0,2273130,1.0,1,4,1,9.0,,0.0,0,1987.0,A01,138Â 197Â 342,1.0,-1.0,-1.0,1734948,2.0,7,,0.0,0.0,4.0,A01,138Â 197Â 342,1.0
1016368,201900057899,8,17,22:41,3,1,1,2.0,2.0,78668,A13 Point kiloÃ©trique 059.900 sens province - Paris,M,"49,0203490","1,5397370",78,2019,110.0,1.0,2.0,1.0,2273131,3.0,2,4,2,9.0,,0.0,0,1996.0,A01,138Â 197Â 342,1.0,-1.0,-1.0,1734947,2.0,7,,0.0,2.0,1.0,B01,138Â 197Â 341,1.0
1016368,201900057899,8,17,22:41,3,1,1,2.0,2.0,78668,A13 Point kiloÃ©trique 059.900 sens province - Paris,M,"49,0203490","1,5397370",78,2019,110.0,1.0,2.0,1.0,2273131,3.0,2,4,2,9.0,,0.0,0,1996.0,A01,138Â 197Â 342,1.0,-1.0,-1.0,1734948,2.0,7,,0.0,0.0,4.0,A01,138Â 197Â 342,1.0
1016369,201900057900,5,4,03:30,3,1,1,1.0,6.0,88173,Route Nationale 57 sens EPINAL - NANCY PR 4+350,M,"48,3711540","6,2628020",88,2019,110.0,1.0,1.0,2.0,2273132,1.0,1,1,1,1.0,,0.0,0,1975.0,A01,138Â 197Â 318,1.0,-1.0,-1.0,1734949,2.0,7,,0.0,1.0,2.0,A01,138Â 197Â 318,1.0
1016369,201900057900,5,4,03:30,3,1,1,1.0,6.0,88173,Route Nationale 57 sens EPINAL - NANCY PR 4+350,M,"48,3711540","6,2628020",88,2019,110.0,1.0,1.0,2.0,2273133,10.0,3,2,1,0.0,,1.0,3,1973.0,A01,138Â 197Â 318,0.0,-1.0,-1.0,1734949,2.0,7,,0.0,1.0,2.0,A01,138Â 197Â 318,1.0
1016370,201900057901,10,25,08:45,1,1,1,1.0,3.0,93007,AUTOROUTE A1,M,"48,9549200","2,4572900",93,2019,110.0,1.0,1.0,1.0,2273134,1.0,1,4,1,1.0,,-1.0, -1,1982.0,B01,138Â 197Â 317,2.0,6.0,-1.0,1734950,2.0,33,,0.0,2.0,2.0,B01,138Â 197Â 317,1.0
1016370,201900057901,10,25,08:45,1,1,1,1.0,3.0,93007,AUTOROUTE A1,M,"48,9549200","2,4572900",93,2019,110.0,1.0,1.0,1.0,2273134,1.0,1,4,1,1.0,,-1.0, -1,1982.0,B01,138Â 197Â 317,2.0,6.0,-1.0,1734951,2.0,7,,0.0,2.0,3.0,A01,138Â 197Â 319,1.0
1016370,201900057901,10,25,08:45,1,1,1,1.0,3.0,93007,AUTOROUTE A1,M,"48,9549200","2,4572900",93,2019,110.0,1.0,1.0,1.0,2273135,2.0,2,4,2,0.0,,-1.0, -1,1985.0,B01,138Â 197Â 317,2.0,6.0,-1.0,1734950,2.0,33,,0.0,2.0,2.0,B01,138Â 197Â 317,1.0
1016370,201900057901,10,25,08:45,1,1,1,1.0,3.0,93007,AUTOROUTE A1,M,"48,9549200","2,4572900",93,2019,110.0,1.0,1.0,1.0,2273135,2.0,2,4,2,0.0,,-1.0, -1,1985.0,B01,138Â 197Â 317,2.0,6.0,-1.0,1734951,2.0,7,,0.0,2.0,3.0,A01,138Â 197Â 319,1.0
1016370,201900057901,10,25,08:45,1,1,1,1.0,3.0,93007,AUTOROUTE A1,M,"48,9549200","2,4572900",93,2019,110.0,1.0,1.0,1.0,2273136,1.0,1,1,1,0.0,,-1.0, -1,1997.0,A01,138Â 197Â 319,1.0,0.0,-1.0,1734950,2.0,33,,0.0,2.0,2.0,B01,138Â 197Â 317,1.0
1016370,201900057901,10,25,08:45,1,1,1,1.0,3.0,93007,AUTOROUTE A1,M,"48,9549200","2,4572900",93,2019,110.0,1.0,1.0,1.0,2273136,1.0,1,1,1,0.0,,-1.0, -1,1997.0,A01,138Â 197Â 319,1.0,0.0,-1.0,1734951,2.0,7,,0.0,2.0,3.0,A01,138Â 197Â 319,1.0
1016371,201900057902,8,19,08:32,1,1,1,1.0,1.0,2B140,RT20,M,"42,5028970","9,3028250",2B,2019,80.0,1.0,1.0,2.0,2273137,1.0,1,1,1,4.0,,0.0,0,1989.0,B01,138Â 197Â 315,1.0,-1.0,-1.0,1734952,2.0,14,,0.0,2.0,2.0,B01,138Â 197Â 315,1.0
1016371,201900057902,8,19,08:32,1,1,1,1.0,1.0,2B140,RT20,M,"42,5028970","9,3028250",2B,2019,80.0,1.0,1.0,2.0,2273137,1.0,1,1,1,4.0,,0.0,0,1989.0,B01,138Â 197Â 315,1.0,-1.0,-1.0,1734953,1.0,32,,0.0,2.0,1.0,A01,138Â 197Â 316,1.0
1016371,201900057902,8,19,08:32,1,1,1,1.0,1.0,2B140,RT20,M,"42,5028970","9,3028250",2B,2019,80.0,1.0,1.0,2.0,2273138,1.0,1,3,1,0.0,,0.0,0,2002.0,A01,138Â 197Â 316,2.0,6.0,-1.0,1734952,2.0,14,,0.0,2.0,2.0,B01,138Â 197Â 315,1.0
1016371,201900057902,8,19,08:32,1,1,1,1.0,1.0,2B140,RT20,M,"42,5028970","9,3028250",2B,2019,80.0,1.0,1.0,2.0,2273138,1.0,1,3,1,0.0,,0.0,0,2002.0,A01,138Â 197Â 316,2.0,6.0,-1.0,1734953,1.0,32,,0.0,2.0,1.0,A01,138Â 197Â 316,1.0
1016372,201900057903,5,24,16:55,1,1,1,1.0,3.0,55024,Route de Mangiennes,M,"49,3060090","5,4751750",55,2019,80.0,1.0,1.0,3.0,2273139,1.0,1,3,1,0.0,,0.0,0,1990.0,B01,138Â 197Â 312,2.0,6.0,9.0,1734954,2.0,33,,0.0,2.0,2.0,B01,138Â 197Â 312,1.0
1016372,201900057903,5,24,16:55,1,1,1,1.0,3.0,55024,Route de Mangiennes,M,"49,3060090","5,4751750",55,2019,80.0,1.0,1.0,3.0,2273139,1.0,1,3,1,0.0,,0.0,0,1990.0,B01,138Â 197Â 312,2.0,6.0,9.0,1734955,2.0,7,,0.0,2.0,3.0,A01,138Â 197Â 314,1.0
1016372,201900057903,5,24,16:55,1,1,1,1.0,3.0,55024,Route de Mangiennes,M,"49,3060090","5,4751750",55,2019,80.0,1.0,1.0,3.0,2273140,1.0,1,1,1,4.0,,0.0,0,1973.0,A01,138Â 197Â 314,0.0,-1.0,-1.0,1734954,2.0,33,,0.0,2.0,2.0,B01,138Â 197Â 312,1.0
1016372,201900057903,5,24,16:55,1,1,1,1.0,3.0,55024,Route de Mangiennes,M,"49,3060090","5,4751750",55,2019,80.0,1.0,1.0,3.0,2273140,1.0,1,1,1,4.0,,0.0,0,1973.0,A01,138Â 197Â 314,0.0,-1.0,-1.0,1734955,2.0,7,,0.0,2.0,3.0,A01,138Â 197Â 314,1.0
1016373,201900057904,10,24,16:10,1,1,1,1.0,2.0,95572,RN 184,M,"49,0310900","2,1050600",95,2019,70.0,1.0,1.0,2.0,2273141,1.0,1,4,1,1.0,,-1.0, -1,1994.0,A01,138Â 197Â 311,2.0,0.0,-1.0,1734956,1.0,31,,0.0,2.0,1.0,A01,138Â 197Â 311,1.0
1016373,201900057904,10,24,16:10,1,1,1,1.0,2.0,95572,RN 184,M,"49,0310900","2,1050600",95,2019,70.0,1.0,1.0,2.0,2273141,1.0,1,4,1,1.0,,-1.0, -1,1994.0,A01,138Â 197Â 311,2.0,0.0,-1.0,1734957,1.0,7,,0.0,2.0,6.0,B01,138Â 197Â 313,1.0
1016373,201900057904,10,24,16:10,1,1,1,1.0,2.0,95572,RN 184,M,"49,0310900","2,1050600",95,2019,70.0,1.0,1.0,2.0,2273142,1.0,1,1,1,1.0,,-1.0, -1,1960.0,B01,138Â 197Â 313,1.0,0.0,-1.0,1734956,1.0,31,,0.0,2.0,1.0,A01,138Â 197Â 311,1.0
1016373,201900057904,10,24,16:10,1,1,1,1.0,2.0,95572,RN 184,M,"49,0310900","2,1050600",95,2019,70.0,1.0,1.0,2.0,2273142,1.0,1,1,1,1.0,,-1.0, -1,1960.0,B01,138Â 197Â 313,1.0,0.0,-1.0,1734957,1.0,7,,0.0,2.0,6.0,B01,138Â 197Â 313,1.0
1016374,201900057905,8,19,12:45,1,1,1,1.0,6.0,2B042,T11 - Bretelle sortie Borgo,M,"42,5532630","9,4270920",2B,2019,50.0,3.0,1.0,2.0,2273143,1.0,1,4,1,0.0,,0.0,0,2000.0,A01,138Â 197Â 310,1.0,-1.0,-1.0,1734958,3.0,7,,4.0,0.0,2.0,A01,138Â 197Â 310,1.0
1016375,201900057906,4,30,21:10,3,1,1,1.0,6.0,55252,Le chabot,M,"49,4732370","5,3879490",55,2019,80.0,3.0,1.0,3.0,2273144,1.0,1,3,1,5.0,,0.0,0,2003.0,A01,138Â 197Â 309,2.0,6.0,-1.0,1734959,2.0,2,,0.0,0.0,2.0,A01,138Â 197Â 309,1.0
1016376,201900057907,8,18,18:10,1,1,1,1.0,1.0,30345,Cante Perdrix,M,"44,2753620","4,0106850",30,2019,80.0,1.0,1.0,3.0,2273145,2.0,2,4,2,5.0,,0.0,0,2015.0,B01,138Â 197Â 305,3.0,-1.0,-1.0,1734960,1.0,15,,0.0,2.0,1.0,B01,138Â 197Â 305,1.0
1016376,201900057907,8,18,18:10,1,1,1,1.0,1.0,30345,Cante Perdrix,M,"44,2753620","4,0106850",30,2019,80.0,1.0,1.0,3.0,2273145,2.0,2,4,2,5.0,,0.0,0,2015.0,B01,138Â 197Â 305,3.0,-1.0,-1.0,1734961,2.0,7,,0.0,2.0,1.0,A01,138Â 197Â 307,1.0
1016376,201900057907,8,18,18:10,1,1,1,1.0,1.0,30345,Cante Perdrix,M,"44,2753620","4,0106850",30,2019,80.0,1.0,1.0,3.0,2273146,6.0,2,3,2,1.0,,0.0,0,1977.0,B01,138Â 197Â 305,0.0,-1.0,-1.0,1734960,1.0,15,,0.0,2.0,1.0,B01,138Â 197Â 305,1.0
1016376,201900057907,8,18,18:10,1,1,1,1.0,1.0,30345,Cante Perdrix,M,"44,2753620","4,0106850",30,2019,80.0,1.0,1.0,3.0,2273146,6.0,2,3,2,1.0,,0.0,0,1977.0,B01,138Â 197Â 305,0.0,-1.0,-1.0,1734961,2.0,7,,0.0,2.0,1.0,A01,138Â 197Â 307,1.0
1016376,201900057907,8,18,18:10,1,1,1,1.0,1.0,30345,Cante Perdrix,M,"44,2753620","4,0106850",30,2019,80.0,1.0,1.0,3.0,2273147,1.0,1,1,1,1.0,,0.0,0,1977.0,B01,138Â 197Â 305,1.0,-1.0,-1.0,1734960,1.0,15,,0.0,2.0,1.0,B01,138Â 197Â 305,1.0
1016376,201900057907,8,18,18:10,1,1,1,1.0,1.0,30345,Cante Perdrix,M,"44,2753620","4,0106850",30,2019,80.0,1.0,1.0,3.0,2273147,1.0,1,1,1,1.0,,0.0,0,1977.0,B01,138Â 197Â 305,1.0,-1.0,-1.0,1734961,2.0,7,,0.0,2.0,1.0,A01,138Â 197Â 307,1.0
1016376,201900057907,8,18,18:10,1,1,1,1.0,1.0,30345,Cante Perdrix,M,"44,2753620","4,0106850",30,2019,80.0,1.0,1.0,3.0,2273148,1.0,1,3,1,1.0,,0.0,0,2000.0,A01,138Â 197Â 307,1.0,-1.0,-1.0,1734960,1.0,15,,0.0,2.0,1.0,B01,138Â 197Â 305,1.0
1016376,201900057907,8,18,18:10,1,1,1,1.0,1.0,30345,Cante Perdrix,M,"44,2753620","4,0106850",30,2019,80.0,1.0,1.0,3.0,2273148,1.0,1,3,1,1.0,,0.0,0,2000.0,A01,138Â 197Â 307,1.0,-1.0,-1.0,1734961,2.0,7,,0.0,2.0,1.0,A01,138Â 197Â 307,1.0
1016377,201900057908,5,18,15:00,1,1,1,1.0,1.0,54240,rd904,M,"48,8235860","5,8343340",54,2019,80.0,1.0,1.0,3.0,2273149,1.0,1,1,2,5.0,,0.0,0,1993.0,B01,138Â 197Â 300,1.0,-1.0,-1.0,1734962,1.0,7,,0.0,2.0,1.0,B01,138Â 197Â 300,1.0
1016377,201900057908,5,18,15:00,1,1,1,1.0,1.0,54240,rd904,M,"48,8235860","5,8343340",54,2019,80.0,1.0,1.0,3.0,2273149,1.0,1,1,2,5.0,,0.0,0,1993.0,B01,138Â 197Â 300,1.0,-1.0,-1.0,1734963,1.0,34,,0.0,2.0,1.0,A01,138Â 197Â 306,1.0
1016377,201900057908,5,18,15:00,1,1,1,1.0,1.0,54240,rd904,M,"48,8235860","5,8343340",54,2019,80.0,1.0,1.0,3.0,2273150,1.0,1,2,2,5.0,,0.0,0,1966.0,A01,138Â 197Â 306,2.0,6.0,-1.0,1734962,1.0,7,,0.0,2.0,1.0,B01,138Â 197Â 300,1.0
1016377,201900057908,5,18,15:00,1,1,1,1.0,1.0,54240,rd904,M,"48,8235860","5,8343340",54,2019,80.0,1.0,1.0,3.0,2273150,1.0,1,2,2,5.0,,0.0,0,1966.0,A01,138Â 197Â 306,2.0,6.0,-1.0,1734963,1.0,34,,0.0,2.0,1.0,A01,138Â 197Â 306,1.0
1016378,201900057909,8,19,17:26,1,1,1,1.0,2.0,34081,CD 609,M,"43,3044690","3,1593930",34,2019,90.0,1.0,1.0,3.0,2273151,1.0,1,1,1,0.0,,0.0,0,1997.0,B01,138Â 197Â 298,8.0,-1.0,-1.0,1734964,1.0,7,,0.0,0.0,4.0,B01,138Â 197Â 298,1.0
1016378,201900057909,8,19,17:26,1,1,1,1.0,2.0,34081,CD 609,M,"43,3044690","3,1593930",34,2019,90.0,1.0,1.0,3.0,2273151,1.0,1,1,1,0.0,,0.0,0,1997.0,B01,138Â 197Â 298,8.0,-1.0,-1.0,1734965,1.0,33,,0.0,2.0,1.0,A01,138Â 197Â 299,1.0
1016378,201900057909,8,19,17:26,1,1,1,1.0,2.0,34081,CD 609,M,"43,3044690","3,1593930",34,2019,90.0,1.0,1.0,3.0,2273152,1.0,1,3,1,0.0,,0.0,0,1961.0,A01,138Â 197Â 299,2.0,6.0,-1.0,1734964,1.0,7,,0.0,0.0,4.0,B01,138Â 197Â 298,1.0
1016378,201900057909,8,19,17:26,1,1,1,1.0,2.0,34081,CD 609,M,"43,3044690","3,1593930",34,2019,90.0,1.0,1.0,3.0,2273152,1.0,1,3,1,0.0,,0.0,0,1961.0,A01,138Â 197Â 299,2.0,6.0,-1.0,1734965,1.0,33,,0.0,2.0,1.0,A01,138Â 197Â 299,1.0
1016379,201900057910,5,3,04:00,3,1,1,2.0,7.0,54038,RD590,M,"48,4790520","6,7119340",54,2019,80.0,3.0,2.0,3.0,2273153,1.0,1,3,1,1.0,,0.0,0,1996.0,A01,138Â 197Â 297,5.0,-1.0,-1.0,1734966,1.0,7,,2.0,0.0,3.0,A01,138Â 197Â 297,1.0
1016380,201900057911,8,2,15:30,1,1,1,1.0,7.0,84034,Avenue MarÃ©chal Leclerc,M,"43,8871600","4,9648340",84,2019,70.0,1.0,1.0,3.0,2273154,1.0,1,3,2,1.0,,0.0,0,1952.0,A01,138Â 197Â 296,2.0,0.0,-1.0,1734967,2.0,32,,14.0,0.0,1.0,A01,138Â 197Â 296,1.0
1016381,201900057912,5,7,19:50,1,2,1,1.0,7.0,54459,Le Bois de Greve,M,"48,5970890","6,1658350",54,2019,30.0,1.0,1.0,4.0,2273155,1.0,1,3,1,5.0,,0.0,0,1988.0,A01,138Â 197Â 295,0.0,-1.0,-1.0,1734968,3.0,2,,0.0,0.0,8.0,A01,138Â 197Â 295,1.0
1016382,201900057913,8,19,17:50,1,1,1,1.0,7.0,04171,RD 17,M,"43,8062130","6,3730090",4,2019,80.0,1.0,9.0,3.0,2273156,1.0,1,4,2,5.0,,0.0,0,1968.0,A01,138Â 197Â 294,2.0,6.0,-1.0,1734969,2.0,31,,0.0,0.0,2.0,A01,138Â 197Â 294,1.0
1016383,201900057914,4,30,20:00,1,2,1,1.0,6.0,57144,D603,M,"49,1512328","6,8344077",57,2019,50.0,1.0,1.0,3.0,2273157,1.0,1,1,1,3.0,,0.0,0,1990.0,B01,138Â 197Â 292,1.0,-1.0,-1.0,1734970,3.0,7,,0.0,2.0,3.0,B01,138Â 197Â 292,1.0
1016383,201900057914,4,30,20:00,1,2,1,1.0,6.0,57144,D603,M,"49,1512328","6,8344077",57,2019,50.0,1.0,1.0,3.0,2273157,1.0,1,1,1,3.0,,0.0,0,1990.0,B01,138Â 197Â 292,1.0,-1.0,-1.0,1734971,3.0,33,,12.0,2.0,2.0,A01,138Â 197Â 293,1.0
1016383,201900057914,4,30,20:00,1,2,1,1.0,6.0,57144,D603,M,"49,1512328","6,8344077",57,2019,50.0,1.0,1.0,3.0,2273158,1.0,1,3,1,3.0,,0.0,0,1976.0,A01,138Â 197Â 293,2.0,9.0,-1.0,1734970,3.0,7,,0.0,2.0,3.0,B01,138Â 197Â 292,1.0
1016383,201900057914,4,30,20:00,1,2,1,1.0,6.0,57144,D603,M,"49,1512328","6,8344077",57,2019,50.0,1.0,1.0,3.0,2273158,1.0,1,3,1,3.0,,0.0,0,1976.0,A01,138Â 197Â 293,2.0,9.0,-1.0,1734971,3.0,33,,12.0,2.0,2.0,A01,138Â 197Â 293,1.0
1016384,201900057915,8,18,05:35,5,1,1,1.0,6.0,13042,Le Vaisseau,M,"43,2728720","5,6402280",13,2019,80.0,3.0,1.0,3.0,2273159,1.0,1,3,1,0.0,,0.0,0,1990.0,A01,138Â 197Â 291,1.0,-1.0,-1.0,1734972,1.0,7,,13.0,0.0,1.0,A01,138Â 197Â 291,1.0
1016385,201900057916,5,14,12:05,1,2,9,1.0,1.0,57123,Rue des Champs,M,"49,1726260","6,7207660",57,2019,50.0,1.0,1.0,4.0,2273160,1.0,1,1,2,1.0,,0.0,0,1969.0,A01,138Â 197Â 288,1.0,-1.0,-1.0,1734973,1.0,7,,0.0,2.0,3.0,A01,138Â 197Â 288,1.0
1016385,201900057916,5,14,12:05,1,2,9,1.0,1.0,57123,Rue des Champs,M,"49,1726260","6,7207660",57,2019,50.0,1.0,1.0,4.0,2273160,1.0,1,1,2,1.0,,0.0,0,1969.0,A01,138Â 197Â 288,1.0,-1.0,-1.0,1734974,2.0,33,,0.0,2.0,3.0,B01,138Â 197Â 290,1.0
1016385,201900057916,5,14,12:05,1,2,9,1.0,1.0,57123,Rue des Champs,M,"49,1726260","6,7207660",57,2019,50.0,1.0,1.0,4.0,2273161,1.0,1,3,1,1.0,,0.0,0,1983.0,B01,138Â 197Â 290,2.0,6.0,9.0,1734973,1.0,7,,0.0,2.0,3.0,A01,138Â 197Â 288,1.0
1016385,201900057916,5,14,12:05,1,2,9,1.0,1.0,57123,Rue des Champs,M,"49,1726260","6,7207660",57,2019,50.0,1.0,1.0,4.0,2273161,1.0,1,3,1,1.0,,0.0,0,1983.0,B01,138Â 197Â 290,2.0,6.0,9.0,1734974,2.0,33,,0.0,2.0,3.0,B01,138Â 197Â 290,1.0
1016386,201900057917,8,18,16:10,1,1,1,1.0,1.0,13004,D36,M,"43,6644920","4,6184970",13,2019,80.0,1.0,1.0,3.0,2273162,1.0,1,3,1,0.0,,0.0,0,1988.0,A01,138Â 197Â 287,1.0,-1.0,-1.0,1734975,3.0,7,,0.0,2.0,1.0,A01,138Â 197Â 287,0.0
1016386,201900057917,8,18,16:10,1,1,1,1.0,1.0,13004,D36,M,"43,6644920","4,6184970",13,2019,80.0,1.0,1.0,3.0,2273162,1.0,1,3,1,0.0,,0.0,0,1988.0,A01,138Â 197Â 287,1.0,-1.0,-1.0,1734976,2.0,7,,13.0,2.0,1.0,B01,138Â 197Â 289,0.0
1016386,201900057917,8,18,16:10,1,1,1,1.0,1.0,13004,D36,M,"43,6644920","4,6184970",13,2019,80.0,1.0,1.0,3.0,2273163,2.0,2,4,2,0.0,,0.0,0,1994.0,A01,138Â 197Â 287,1.0,-1.0,-1.0,1734975,3.0,7,,0.0,2.0,1.0,A01,138Â 197Â 287,0.0
1016386,201900057917,8,18,16:10,1,1,1,1.0,1.0,13004,D36,M,"43,6644920","4,6184970",13,2019,80.0,1.0,1.0,3.0,2273163,2.0,2,4,2,0.0,,0.0,0,1994.0,A01,138Â 197Â 287,1.0,-1.0,-1.0,1734976,2.0,7,,13.0,2.0,1.0,B01,138Â 197Â 289,0.0
1016386,201900057917,8,18,16:10,1,1,1,1.0,1.0,13004,D36,M,"43,6644920","4,6184970",13,2019,80.0,1.0,1.0,3.0,2273164,1.0,1,3,1,5.0,,0.0,0,1964.0,B01,138Â 197Â 289,1.0,-1.0,-1.0,1734975,3.0,7,,0.0,2.0,1.0,A01,138Â 197Â 287,0.0
1016386,201900057917,8,18,16:10,1,1,1,1.0,1.0,13004,D36,M,"43,6644920","4,6184970",13,2019,80.0,1.0,1.0,3.0,2273164,1.0,1,3,1,5.0,,0.0,0,1964.0,B01,138Â 197Â 289,1.0,-1.0,-1.0,1734976,2.0,7,,13.0,2.0,1.0,B01,138Â 197Â 289,0.0
1016387,201900057918,5,16,04:30,3,2,1,1.0,6.0,57256,06 route de Jarny,M,"49,1094490","6,0287780",57,2019,50.0,4.0,1.0,3.0,2273165,1.0,1,4,1,1.0,,0.0,0,1999.0,A01,138Â 197Â 286,1.0,-1.0,-1.0,1734977,0.0,7,,10.0,0.0,1.0,A01,138Â 197Â 286,1.0
1016388,201900057919,2,15,13:25,1,1,3,1.0,3.0,97410,Intersection RN3 - Chemin David Moreau,M," -21,0507660","55,7157270",974,2019,70.0,1.0,1.0,2.0,2273166,1.0,1,3,1,5.0,,0.0,0,1972.0,A01,138Â 197Â 301,2.0,6.0,-1.0,1734978,0.0,31,,0.0,2.0,1.0,A01,138Â 197Â 301,1.0
1016388,201900057919,2,15,13:25,1,1,3,1.0,3.0,97410,Intersection RN3 - Chemin David Moreau,M," -21,0507660","55,7157270",974,2019,70.0,1.0,1.0,2.0,2273166,1.0,1,3,1,5.0,,0.0,0,1972.0,A01,138Â 197Â 301,2.0,6.0,-1.0,1734979,0.0,7,,0.0,2.0,8.0,B01,138Â 197Â 323,1.0
1016388,201900057919,2,15,13:25,1,1,3,1.0,3.0,97410,Intersection RN3 - Chemin David Moreau,M," -21,0507660","55,7157270",974,2019,70.0,1.0,1.0,2.0,2273167,1.0,1,1,1,0.0,,0.0,0,1998.0,B01,138Â 197Â 323,1.0,-1.0,-1.0,1734978,0.0,31,,0.0,2.0,1.0,A01,138Â 197Â 301,1.0
1016388,201900057919,2,15,13:25,1,1,3,1.0,3.0,97410,Intersection RN3 - Chemin David Moreau,M," -21,0507660","55,7157270",974,2019,70.0,1.0,1.0,2.0,2273167,1.0,1,1,1,0.0,,0.0,0,1998.0,B01,138Â 197Â 323,1.0,-1.0,-1.0,1734979,0.0,7,,0.0,2.0,8.0,B01,138Â 197Â 323,1.0
1016389,201900057920,9,19,17:40,1,2,1,1.0,2.0,75116,AVENUE PAUL DOUMER,M,"48,8586980","2,2759290",75,2019,50.0,1.0,1.0,4.0,2273168,1.0,1,1,1,4.0,,0.0,0,1969.0,B01,138Â 197Â 303,1.0,0.0,-1.0,1734980,1.0,7,,0.0,2.0,4.0,B01,138Â 197Â 303,1.0
1016389,201900057920,9,19,17:40,1,2,1,1.0,2.0,75116,AVENUE PAUL DOUMER,M,"48,8586980","2,2759290",75,2019,50.0,1.0,1.0,4.0,2273168,1.0,1,1,1,4.0,,0.0,0,1969.0,B01,138Â 197Â 303,1.0,0.0,-1.0,1734981,1.0,7,,0.0,2.0,1.0,A01,138Â 197Â 320,1.0
1016389,201900057920,9,19,17:40,1,2,1,1.0,2.0,75116,AVENUE PAUL DOUMER,M,"48,8586980","2,2759290",75,2019,50.0,1.0,1.0,4.0,2273169,1.0,1,1,1,5.0,,0.0,0,1977.0,A01,138Â 197Â 320,1.0,0.0,-1.0,1734980,1.0,7,,0.0,2.0,4.0,B01,138Â 197Â 303,1.0
1016389,201900057920,9,19,17:40,1,2,1,1.0,2.0,75116,AVENUE PAUL DOUMER,M,"48,8586980","2,2759290",75,2019,50.0,1.0,1.0,4.0,2273169,1.0,1,1,1,5.0,,0.0,0,1977.0,A01,138Â 197Â 320,1.0,0.0,-1.0,1734981,1.0,7,,0.0,2.0,1.0,A01,138Â 197Â 320,1.0