Unnamed: 0_x,num_acc,mois,jour,hrmn,lum,agg,int,atm,col,com,adr,gps,lat,long,dep,annee,vma,situ,surf,catr,Unnamed: 0_y,place,catu,grav,sexe,trajet,secu,locp,actp,an_nais,num_veh_x,id_vehicule_x,secu1,secu2,secu3,Unnamed: 0,senc,catv,occutc,obs,obsm,choc,num_veh_y,id_vehicule_y,motor
1016389,201900057920,9,19,17:40,1,2,1,1.0,2.0,75116,AVENUE PAUL DOUMER,M,"48,8586980","2,2759290",75,2019,50.0,1.0,1.0,4.0,2273170,10.0,3,4,2,4.0,,2.0,A,1976.0,A01,138Â 197Â 320,0.0,0.0,0.0,1734980,1.0,7,,0.0,2.0,4.0,B01,138Â 197Â 303,1.0
1016389,201900057920,9,19,17:40,1,2,1,1.0,2.0,75116,AVENUE PAUL DOUMER,M,"48,8586980","2,2759290",75,2019,50.0,1.0,1.0,4.0,2273170,10.0,3,4,2,4.0,,2.0,A,1976.0,A01,138Â 197Â 320,0.0,0.0,0.0,1734981,1.0,7,,0.0,2.0,1.0,A01,138Â 197Â 320,1.0
1016390,201900057921,10,24,15:00,1,1,1,1.0,3.0,95572,AUTOROUTE A15,M,"49,0315000","2,1172800",95,2019,90.0,1.0,1.0,1.0,2273171,3.0,2,4,2,5.0,,-1.0, -1,2009.0,B01,138Â 197Â 304,1.0,0.0,-1.0,1734982,2.0,7,,0.0,2.0,3.0,B01,138Â 197Â 304,1.0
1016390,201900057921,10,24,15:00,1,1,1,1.0,3.0,95572,AUTOROUTE A15,M,"49,0315000","2,1172800",95,2019,90.0,1.0,1.0,1.0,2273171,3.0,2,4,2,5.0,,-1.0, -1,2009.0,B01,138Â 197Â 304,1.0,0.0,-1.0,1734983,2.0,17,,0.0,2.0,2.0,A01,138Â 197Â 308,1.0
1016390,201900057921,10,24,15:00,1,1,1,1.0,3.0,95572,AUTOROUTE A15,M,"49,0315000","2,1172800",95,2019,90.0,1.0,1.0,1.0,2273172,1.0,1,4,2,5.0,,-1.0, -1,1988.0,B01,138Â 197Â 304,1.0,0.0,-1.0,1734982,2.0,7,,0.0,2.0,3.0,B01,138Â 197Â 304,1.0
1016390,201900057921,10,24,15:00,1,1,1,1.0,3.0,95572,AUTOROUTE A15,M,"49,0315000","2,1172800",95,2019,90.0,1.0,1.0,1.0,2273172,1.0,1,4,2,5.0,,-1.0, -1,1988.0,B01,138Â 197Â 304,1.0,0.0,-1.0,1734983,2.0,17,,0.0,2.0,2.0,A01,138Â 197Â 308,1.0
1016390,201900057921,10,24,15:00,1,1,1,1.0,3.0,95572,AUTOROUTE A15,M,"49,0315000","2,1172800",95,2019,90.0,1.0,1.0,1.0,2273173,1.0,1,1,1,4.0,,-1.0, -1,1964.0,A01,138Â 197Â 308,1.0,0.0,-1.0,1734982,2.0,7,,0.0,2.0,3.0,B01,138Â 197Â 304,1.0
1016390,201900057921,10,24,15:00,1,1,1,1.0,3.0,95572,AUTOROUTE A15,M,"49,0315000","2,1172800",95,2019,90.0,1.0,1.0,1.0,2273173,1.0,1,1,1,4.0,,-1.0, -1,1964.0,A01,138Â 197Â 308,1.0,0.0,-1.0,1734983,2.0,17,,0.0,2.0,2.0,A01,138Â 197Â 308,1.0
1016391,201900057922,8,18,13:15,1,1,1,1.0,7.0,13004,RD 35,M,"43,6124910","4,6629350",13,2019,80.0,8.0,1.0,3.0,2273174,2.0,2,3,2,5.0,,0.0,0,1964.0,A01,138Â 197Â 285,1.0,-1.0,-1.0,1734984,2.0,7,,0.0,0.0,0.0,A01,138Â 197Â 285,1.0
1016391,201900057922,8,18,13:15,1,1,1,1.0,7.0,13004,RD 35,M,"43,6124910","4,6629350",13,2019,80.0,8.0,1.0,3.0,2273175,1.0,1,4,1,5.0,,0.0,0,1962.0,A01,138Â 197Â 285,1.0,-1.0,-1.0,1734984,2.0,7,,0.0,0.0,0.0,A01,138Â 197Â 285,1.0
1016392,201900057923,5,1,12:40,1,1,3,1.0,3.0,57039,d66,M,"49,0585170","6,1202800",57,2019,80.0,1.0,1.0,3.0,2273176,1.0,1,1,2,5.0,,0.0,0,1959.0,B01,138Â 197Â 283,1.0,-1.0,-1.0,1734985,1.0,7,,0.0,9.0,7.0,B01,138Â 197Â 283,1.0
1016392,201900057923,5,1,12:40,1,1,3,1.0,3.0,57039,d66,M,"49,0585170","6,1202800",57,2019,80.0,1.0,1.0,3.0,2273176,1.0,1,1,2,5.0,,0.0,0,1959.0,B01,138Â 197Â 283,1.0,-1.0,-1.0,1734986,1.0,1,,0.0,2.0,8.0,A01,138Â 197Â 284,5.0
1016392,201900057923,5,1,12:40,1,1,3,1.0,3.0,57039,d66,M,"49,0585170","6,1202800",57,2019,80.0,1.0,1.0,3.0,2273177,1.0,1,4,1,5.0,,0.0,0,1968.0,A01,138Â 197Â 284,2.0,-1.0,-1.0,1734985,1.0,7,,0.0,9.0,7.0,B01,138Â 197Â 283,1.0
1016392,201900057923,5,1,12:40,1,1,3,1.0,3.0,57039,d66,M,"49,0585170","6,1202800",57,2019,80.0,1.0,1.0,3.0,2273177,1.0,1,4,1,5.0,,0.0,0,1968.0,A01,138Â 197Â 284,2.0,-1.0,-1.0,1734986,1.0,1,,0.0,2.0,8.0,A01,138Â 197Â 284,5.0
1016393,201900057924,9,21,17:20,1,2,7,1.0,2.0,75115,PLACE CAMBRONNE,M,"48,8477589","2,3017430",75,2019,50.0,1.0,1.0,4.0,2273178,1.0,1,1,1,0.0,,0.0,0,1937.0,B01,138Â 197Â 277,1.0,0.0,-1.0,1734987,1.0,7,,0.0,2.0,5.0,B01,138Â 197Â 277,1.0
1016393,201900057924,9,21,17:20,1,2,7,1.0,2.0,75115,PLACE CAMBRONNE,M,"48,8477589","2,3017430",75,2019,50.0,1.0,1.0,4.0,2273178,1.0,1,1,1,0.0,,0.0,0,1937.0,B01,138Â 197Â 277,1.0,0.0,-1.0,1734988,1.0,1,,0.0,2.0,2.0,A01,138Â 197Â 279,5.0
1016393,201900057924,9,21,17:20,1,2,7,1.0,2.0,75115,PLACE CAMBRONNE,M,"48,8477589","2,3017430",75,2019,50.0,1.0,1.0,4.0,2273179,1.0,1,4,1,0.0,,0.0,0,1986.0,A01,138Â 197Â 279,8.0,2.0,-1.0,1734987,1.0,7,,0.0,2.0,5.0,B01,138Â 197Â 277,1.0
1016393,201900057924,9,21,17:20,1,2,7,1.0,2.0,75115,PLACE CAMBRONNE,M,"48,8477589","2,3017430",75,2019,50.0,1.0,1.0,4.0,2273179,1.0,1,4,1,0.0,,0.0,0,1986.0,A01,138Â 197Â 279,8.0,2.0,-1.0,1734988,1.0,1,,0.0,2.0,2.0,A01,138Â 197Â 279,5.0
1016394,201900057925,8,17,23:45,3,1,1,1.0,7.0,68204,Rue de Mittlach,M,"48,0090520","7,0504290",68,2019,80.0,3.0,1.0,3.0,2273180,1.0,1,3,1,9.0,,0.0,0,1996.0,A01,138Â 197Â 282,0.0,-1.0,-1.0,1734989,2.0,7,,0.0,0.0,3.0,A01,138Â 197Â 282,1.0
1016395,201900057926,10,24,13:00,1,1,1,1.0,5.0,95641,AUTOROUTE A1,M,"49,0784900","2,5517900",95,2019,130.0,1.0,1.0,1.0,2273181,1.0,1,1,2,0.0,,-1.0, -1,1975.0,D01,138Â 197Â 276,1.0,8.0,-1.0,1734990,1.0,7,,0.0,2.0,6.0,D01,138Â 197Â 276,1.0
1016395,201900057926,10,24,13:00,1,1,1,1.0,5.0,95641,AUTOROUTE A1,M,"49,0784900","2,5517900",95,2019,130.0,1.0,1.0,1.0,2273181,1.0,1,1,2,0.0,,-1.0, -1,1975.0,D01,138Â 197Â 276,1.0,8.0,-1.0,1734991,1.0,7,,0.0,2.0,4.0,C01,138Â 197Â 278,1.0
1016395,201900057926,10,24,13:00,1,1,1,1.0,5.0,95641,AUTOROUTE A1,M,"49,0784900","2,5517900",95,2019,130.0,1.0,1.0,1.0,2273181,1.0,1,1,2,0.0,,-1.0, -1,1975.0,D01,138Â 197Â 276,1.0,8.0,-1.0,1734992,1.0,7,,0.0,2.0,4.0,B01,138Â 197Â 280,1.0
1016395,201900057926,10,24,13:00,1,1,1,1.0,5.0,95641,AUTOROUTE A1,M,"49,0784900","2,5517900",95,2019,130.0,1.0,1.0,1.0,2273181,1.0,1,1,2,0.0,,-1.0, -1,1975.0,D01,138Â 197Â 276,1.0,8.0,-1.0,1734993,1.0,7,,0.0,2.0,1.0,A01,138Â 197Â 281,1.0
1016395,201900057926,10,24,13:00,1,1,1,1.0,5.0,95641,AUTOROUTE A1,M,"49,0784900","2,5517900",95,2019,130.0,1.0,1.0,1.0,2273182,1.0,1,4,2,0.0,,-1.0, -1,1990.0,C01,138Â 197Â 278,1.0,8.0,-1.0,1734990,1.0,7,,0.0,2.0,6.0,D01,138Â 197Â 276,1.0
1016395,201900057926,10,24,13:00,1,1,1,1.0,5.0,95641,AUTOROUTE A1,M,"49,0784900","2,5517900",95,2019,130.0,1.0,1.0,1.0,2273182,1.0,1,4,2,0.0,,-1.0, -1,1990.0,C01,138Â 197Â 278,1.0,8.0,-1.0,1734991,1.0,7,,0.0,2.0,4.0,C01,138Â 197Â 278,1.0
1016395,201900057926,10,24,13:00,1,1,1,1.0,5.0,95641,AUTOROUTE A1,M,"49,0784900","2,5517900",95,2019,130.0,1.0,1.0,1.0,2273182,1.0,1,4,2,0.0,,-1.0, -1,1990.0,C01,138Â 197Â 278,1.0,8.0,-1.0,1734992,1.0,7,,0.0,2.0,4.0,B01,138Â 197Â 280,1.0
1016395,201900057926,10,24,13:00,1,1,1,1.0,5.0,95641,AUTOROUTE A1,M,"49,0784900","2,5517900",95,2019,130.0,1.0,1.0,1.0,2273182,1.0,1,4,2,0.0,,-1.0, -1,1990.0,C01,138Â 197Â 278,1.0,8.0,-1.0,1734993,1.0,7,,0.0,2.0,1.0,A01,138Â 197Â 281,1.0
1016395,201900057926,10,24,13:00,1,1,1,1.0,5.0,95641,AUTOROUTE A1,M,"49,0784900","2,5517900",95,2019,130.0,1.0,1.0,1.0,2273183,1.0,1,1,1,0.0,,-1.0, -1,1973.0,B01,138Â 197Â 280,1.0,8.0,-1.0,1734990,1.0,7,,0.0,2.0,6.0,D01,138Â 197Â 276,1.0
1016395,201900057926,10,24,13:00,1,1,1,1.0,5.0,95641,AUTOROUTE A1,M,"49,0784900","2,5517900",95,2019,130.0,1.0,1.0,1.0,2273183,1.0,1,1,1,0.0,,-1.0, -1,1973.0,B01,138Â 197Â 280,1.0,8.0,-1.0,1734991,1.0,7,,0.0,2.0,4.0,C01,138Â 197Â 278,1.0
1016395,201900057926,10,24,13:00,1,1,1,1.0,5.0,95641,AUTOROUTE A1,M,"49,0784900","2,5517900",95,2019,130.0,1.0,1.0,1.0,2273183,1.0,1,1,1,0.0,,-1.0, -1,1973.0,B01,138Â 197Â 280,1.0,8.0,-1.0,1734992,1.0,7,,0.0,2.0,4.0,B01,138Â 197Â 280,1.0
1016395,201900057926,10,24,13:00,1,1,1,1.0,5.0,95641,AUTOROUTE A1,M,"49,0784900","2,5517900",95,2019,130.0,1.0,1.0,1.0,2273183,1.0,1,1,1,0.0,,-1.0, -1,1973.0,B01,138Â 197Â 280,1.0,8.0,-1.0,1734993,1.0,7,,0.0,2.0,1.0,A01,138Â 197Â 281,1.0
1016395,201900057926,10,24,13:00,1,1,1,1.0,5.0,95641,AUTOROUTE A1,M,"49,0784900","2,5517900",95,2019,130.0,1.0,1.0,1.0,2273184,1.0,1,4,1,0.0,,-1.0, -1,1978.0,A01,138Â 197Â 281,1.0,8.0,-1.0,1734990,1.0,7,,0.0,2.0,6.0,D01,138Â 197Â 276,1.0
1016395,201900057926,10,24,13:00,1,1,1,1.0,5.0,95641,AUTOROUTE A1,M,"49,0784900","2,5517900",95,2019,130.0,1.0,1.0,1.0,2273184,1.0,1,4,1,0.0,,-1.0, -1,1978.0,A01,138Â 197Â 281,1.0,8.0,-1.0,1734991,1.0,7,,0.0,2.0,4.0,C01,138Â 197Â 278,1.0
1016395,201900057926,10,24,13:00,1,1,1,1.0,5.0,95641,AUTOROUTE A1,M,"49,0784900","2,5517900",95,2019,130.0,1.0,1.0,1.0,2273184,1.0,1,4,1,0.0,,-1.0, -1,1978.0,A01,138Â 197Â 281,1.0,8.0,-1.0,1734992,1.0,7,,0.0,2.0,4.0,B01,138Â 197Â 280,1.0
1016395,201900057926,10,24,13:00,1,1,1,1.0,5.0,95641,AUTOROUTE A1,M,"49,0784900","2,5517900",95,2019,130.0,1.0,1.0,1.0,2273184,1.0,1,4,1,0.0,,-1.0, -1,1978.0,A01,138Â 197Â 281,1.0,8.0,-1.0,1734993,1.0,7,,0.0,2.0,1.0,A01,138Â 197Â 281,1.0
1016396,201900057927,2,17,17:45,1,2,1,1.0,1.0,06006,3396 route de nice,M,"43,7619460","7,2455870",6,2019,50.0,1.0,1.0,7.0,2273185,1.0,1,4,1,0.0,,0.0,0,1982.0,B01,138Â 197Â 268,2.0,-1.0,-1.0,1734994,1.0,33,,0.0,2.0,3.0,B01,138Â 197Â 268,0.0
1016396,201900057927,2,17,17:45,1,2,1,1.0,1.0,06006,3396 route de nice,M,"43,7619460","7,2455870",6,2019,50.0,1.0,1.0,7.0,2273185,1.0,1,4,1,0.0,,0.0,0,1982.0,B01,138Â 197Â 268,2.0,-1.0,-1.0,1734995,2.0,30,,0.0,2.0,8.0,A01,138Â 197Â 270,0.0
1016396,201900057927,2,17,17:45,1,2,1,1.0,1.0,06006,3396 route de nice,M,"43,7619460","7,2455870",6,2019,50.0,1.0,1.0,7.0,2273186,1.0,1,3,1,5.0,,0.0,0,2002.0,A01,138Â 197Â 270,2.0,-1.0,-1.0,1734994,1.0,33,,0.0,2.0,3.0,B01,138Â 197Â 268,0.0
1016396,201900057927,2,17,17:45,1,2,1,1.0,1.0,06006,3396 route de nice,M,"43,7619460","7,2455870",6,2019,50.0,1.0,1.0,7.0,2273186,1.0,1,3,1,5.0,,0.0,0,2002.0,A01,138Â 197Â 270,2.0,-1.0,-1.0,1734995,2.0,30,,0.0,2.0,8.0,A01,138Â 197Â 270,0.0
1016397,201900057928,10,24,09:45,1,1,1,1.0,2.0,93066,AUTOROUTE A1,M,"48,9174900","2,3574200",93,2019,90.0,1.0,1.0,1.0,2273187,1.0,1,3,1,1.0,,-1.0, -1,1970.0,B01,138Â 197Â 267,2.0,0.0,-1.0,1734996,2.0,32,,0.0,2.0,4.0,B01,138Â 197Â 267,1.0
1016397,201900057928,10,24,09:45,1,1,1,1.0,2.0,93066,AUTOROUTE A1,M,"48,9174900","2,3574200",93,2019,90.0,1.0,1.0,1.0,2273187,1.0,1,3,1,1.0,,-1.0, -1,1970.0,B01,138Â 197Â 267,2.0,0.0,-1.0,1734997,2.0,43,,0.0,2.0,1.0,A01,138Â 197Â 269,1.0
1016397,201900057928,10,24,09:45,1,1,1,1.0,2.0,93066,AUTOROUTE A1,M,"48,9174900","2,3574200",93,2019,90.0,1.0,1.0,1.0,2273188,1.0,1,1,1,0.0,,-1.0, -1,1979.0,A01,138Â 197Â 269,2.0,0.0,-1.0,1734996,2.0,32,,0.0,2.0,4.0,B01,138Â 197Â 267,1.0
1016397,201900057928,10,24,09:45,1,1,1,1.0,2.0,93066,AUTOROUTE A1,M,"48,9174900","2,3574200",93,2019,90.0,1.0,1.0,1.0,2273188,1.0,1,1,1,0.0,,-1.0, -1,1979.0,A01,138Â 197Â 269,2.0,0.0,-1.0,1734997,2.0,43,,0.0,2.0,1.0,A01,138Â 197Â 269,1.0
1016398,201900057929,3,24,17:10,1,1,1,1.0,3.0,76157,A150,M,"49,4712900","1,0316700",76,2019,110.0,1.0,1.0,1.0,2273189,2.0,2,4,2,5.0,,0.0,0,1994.0,B01,138Â 197Â 266,2.0,6.0,-1.0,1734998,1.0,33,,0.0,2.0,7.0,B01,138Â 197Â 266,1.0
1016398,201900057929,3,24,17:10,1,1,1,1.0,3.0,76157,A150,M,"49,4712900","1,0316700",76,2019,110.0,1.0,1.0,1.0,2273189,2.0,2,4,2,5.0,,0.0,0,1994.0,B01,138Â 197Â 266,2.0,6.0,-1.0,1734999,1.0,33,,0.0,2.0,0.0,A01,138Â 197Â 271,1.0
1016398,201900057929,3,24,17:10,1,1,1,1.0,3.0,76157,A150,M,"49,4712900","1,0316700",76,2019,110.0,1.0,1.0,1.0,2273190,1.0,1,3,1,5.0,,0.0,0,1997.0,B01,138Â 197Â 266,2.0,6.0,-1.0,1734998,1.0,33,,0.0,2.0,7.0,B01,138Â 197Â 266,1.0
1016398,201900057929,3,24,17:10,1,1,1,1.0,3.0,76157,A150,M,"49,4712900","1,0316700",76,2019,110.0,1.0,1.0,1.0,2273190,1.0,1,3,1,5.0,,0.0,0,1997.0,B01,138Â 197Â 266,2.0,6.0,-1.0,1734999,1.0,33,,0.0,2.0,0.0,A01,138Â 197Â 271,1.0
1016398,201900057929,3,24,17:10,1,1,1,1.0,3.0,76157,A150,M,"49,4712900","1,0316700",76,2019,110.0,1.0,1.0,1.0,2273191,1.0,1,1,1,5.0,,0.0,0,1986.0,A01,138Â 197Â 271,2.0,6.0,-1.0,1734998,1.0,33,,0.0,2.0,7.0,B01,138Â 197Â 266,1.0
1016398,201900057929,3,24,17:10,1,1,1,1.0,3.0,76157,A150,M,"49,4712900","1,0316700",76,2019,110.0,1.0,1.0,1.0,2273191,1.0,1,1,1,5.0,,0.0,0,1986.0,A01,138Â 197Â 271,2.0,6.0,-1.0,1734999,1.0,33,,0.0,2.0,0.0,A01,138Â 197Â 271,1.0
1016399,201900057930,2,8,16:55,1,2,1,1.0,6.0,62866,07 route de Berck,M,"50,3800170","1,6498750",62,2019,50.0,4.0,2.0,3.0,2273192,2.0,2,1,2,5.0,,0.0,0,1982.0,A01,138Â 197Â 265,1.0,-1.0,-1.0,1735000,2.0,7,,6.0,0.0,1.0,A01,138Â 197Â 265,1.0
1016399,201900057930,2,8,16:55,1,2,1,1.0,6.0,62866,07 route de Berck,M,"50,3800170","1,6498750",62,2019,50.0,4.0,2.0,3.0,2273193,1.0,1,3,2,5.0,,0.0,0,1946.0,A01,138Â 197Â 265,1.0,-1.0,-1.0,1735000,2.0,7,,6.0,0.0,1.0,A01,138Â 197Â 265,1.0
1016400,201900057931,10,24,09:05,1,1,1,1.0,2.0,93066,AUTOROUTE A1,M,"48,9103000","2,3579700",93,2019,90.0,1.0,1.0,1.0,2273194,1.0,1,4,1,0.0,,-1.0, -1,1971.0,B01,138Â 197Â 262,1.0,0.0,-1.0,1735001,2.0,7,,0.0,2.0,4.0,B01,138Â 197Â 262,1.0
1016400,201900057931,10,24,09:05,1,1,1,1.0,2.0,93066,AUTOROUTE A1,M,"48,9103000","2,3579700",93,2019,90.0,1.0,1.0,1.0,2273194,1.0,1,4,1,0.0,,-1.0, -1,1971.0,B01,138Â 197Â 262,1.0,0.0,-1.0,1735002,2.0,7,,0.0,2.0,3.0,A01,138Â 197Â 264,1.0
1016400,201900057931,10,24,09:05,1,1,1,1.0,2.0,93066,AUTOROUTE A1,M,"48,9103000","2,3579700",93,2019,90.0,1.0,1.0,1.0,2273195,1.0,1,1,1,0.0,,-1.0, -1,1976.0,A01,138Â 197Â 264,1.0,0.0,-1.0,1735001,2.0,7,,0.0,2.0,4.0,B01,138Â 197Â 262,1.0
1016400,201900057931,10,24,09:05,1,1,1,1.0,2.0,93066,AUTOROUTE A1,M,"48,9103000","2,3579700",93,2019,90.0,1.0,1.0,1.0,2273195,1.0,1,1,1,0.0,,-1.0, -1,1976.0,A01,138Â 197Â 264,1.0,0.0,-1.0,1735002,2.0,7,,0.0,2.0,3.0,A01,138Â 197Â 264,1.0
1016401,201900057932,5,8,17:00,1,1,1,1.0,6.0,03042,Mailland,M,"46,1472464","3,6673360",3,2019,50.0,1.0,2.0,4.0,2273196,1.0,1,4,1,5.0,,0.0,0,1963.0,A01,138Â 197Â 273,8.0,-1.0,-1.0,1735003,3.0,7,,6.0,0.0,2.0,A01,138Â 197Â 273,1.0
1016402,201900057933,2,15,00:00,4,2,1,1.0,6.0,62571,471 rue Camille Delacroix,M,"50,4558120","1,6068060",62,2019,50.0,4.0,1.0,3.0,2273197,1.0,1,3,1,5.0,,0.0,0,1994.0,A01,138Â 197Â 261,2.0,-1.0,-1.0,1735004,2.0,2,,8.0,0.0,1.0,A01,138Â 197Â 261,1.0
1016403,201900057934,5,10,15:39,1,1,1,1.0,3.0,03086,,M,"46,4726710","3,8512660",3,2019,80.0,1.0,1.0,2.0,2273198,1.0,1,1,1,4.0,,0.0,0,1982.0,B01,138Â 197Â 257,1.0,-1.0,-1.0,1735005,1.0,15,,0.0,2.0,8.0,B01,138Â 197Â 257,0.0
1016403,201900057934,5,10,15:39,1,1,1,1.0,3.0,03086,,M,"46,4726710","3,8512660",3,2019,80.0,1.0,1.0,2.0,2273198,1.0,1,1,1,4.0,,0.0,0,1982.0,B01,138Â 197Â 257,1.0,-1.0,-1.0,1735006,2.0,7,,0.0,2.0,8.0,A01,138Â 197Â 258,0.0
1016403,201900057934,5,10,15:39,1,1,1,1.0,3.0,03086,,M,"46,4726710","3,8512660",3,2019,80.0,1.0,1.0,2.0,2273199,1.0,1,3,1,0.0,,0.0,0,1982.0,A01,138Â 197Â 258,8.0,-1.0,-1.0,1735005,1.0,15,,0.0,2.0,8.0,B01,138Â 197Â 257,0.0
1016403,201900057934,5,10,15:39,1,1,1,1.0,3.0,03086,,M,"46,4726710","3,8512660",3,2019,80.0,1.0,1.0,2.0,2273199,1.0,1,3,1,0.0,,0.0,0,1982.0,A01,138Â 197Â 258,8.0,-1.0,-1.0,1735006,2.0,7,,0.0,2.0,8.0,A01,138Â 197Â 258,0.0
1016404,201900057935,8,18,17:50,1,2,1,1.0,1.0,88196,Chemin de la RayÃ©e,M,"48,0630980","6,8783920",88,2019,50.0,1.0,1.0,4.0,2273200,1.0,1,4,2,5.0,,0.0,0,2003.0,A01,138Â 197Â 272,2.0,-1.0,-1.0,1735007,3.0,2,,0.0,2.0,1.0,A01,138Â 197Â 272,1.0
1016404,201900057935,8,18,17:50,1,2,1,1.0,1.0,88196,Chemin de la RayÃ©e,M,"48,0630980","6,8783920",88,2019,50.0,1.0,1.0,4.0,2273200,1.0,1,4,2,5.0,,0.0,0,2003.0,A01,138Â 197Â 272,2.0,-1.0,-1.0,1735008,3.0,7,,0.0,2.0,1.0,B01,138Â 197Â 275,1.0
1016404,201900057935,8,18,17:50,1,2,1,1.0,1.0,88196,Chemin de la RayÃ©e,M,"48,0630980","6,8783920",88,2019,50.0,1.0,1.0,4.0,2273201,9.0,2,1,2,5.0,,0.0,0,1946.0,B01,138Â 197Â 275,1.0,-1.0,-1.0,1735007,3.0,2,,0.0,2.0,1.0,A01,138Â 197Â 272,1.0
1016404,201900057935,8,18,17:50,1,2,1,1.0,1.0,88196,Chemin de la RayÃ©e,M,"48,0630980","6,8783920",88,2019,50.0,1.0,1.0,4.0,2273201,9.0,2,1,2,5.0,,0.0,0,1946.0,B01,138Â 197Â 275,1.0,-1.0,-1.0,1735008,3.0,7,,0.0,2.0,1.0,B01,138Â 197Â 275,1.0
1016404,201900057935,8,18,17:50,1,2,1,1.0,1.0,88196,Chemin de la RayÃ©e,M,"48,0630980","6,8783920",88,2019,50.0,1.0,1.0,4.0,2273202,2.0,2,1,2,5.0,,0.0,0,1945.0,B01,138Â 197Â 275,1.0,-1.0,-1.0,1735007,3.0,2,,0.0,2.0,1.0,A01,138Â 197Â 272,1.0
1016404,201900057935,8,18,17:50,1,2,1,1.0,1.0,88196,Chemin de la RayÃ©e,M,"48,0630980","6,8783920",88,2019,50.0,1.0,1.0,4.0,2273202,2.0,2,1,2,5.0,,0.0,0,1945.0,B01,138Â 197Â 275,1.0,-1.0,-1.0,1735008,3.0,7,,0.0,2.0,1.0,B01,138Â 197Â 275,1.0
1016404,201900057935,8,18,17:50,1,2,1,1.0,1.0,88196,Chemin de la RayÃ©e,M,"48,0630980","6,8783920",88,2019,50.0,1.0,1.0,4.0,2273203,1.0,1,1,1,5.0,,0.0,0,1964.0,B01,138Â 197Â 275,1.0,-1.0,-1.0,1735007,3.0,2,,0.0,2.0,1.0,A01,138Â 197Â 272,1.0
1016404,201900057935,8,18,17:50,1,2,1,1.0,1.0,88196,Chemin de la RayÃ©e,M,"48,0630980","6,8783920",88,2019,50.0,1.0,1.0,4.0,2273203,1.0,1,1,1,5.0,,0.0,0,1964.0,B01,138Â 197Â 275,1.0,-1.0,-1.0,1735008,3.0,7,,0.0,2.0,1.0,B01,138Â 197Â 275,1.0
1016405,201900057936,9,21,17:15,1,2,2,1.0,3.0,75115,RUE DE L ABBE GROULT,M,"48,8396525","2,2965330",75,2019,50.0,1.0,1.0,4.0,2273204,1.0,1,1,1,5.0,,0.0,0,1948.0,B01,138Â 197Â 251,1.0,0.0,-1.0,1735009,1.0,7,,0.0,2.0,1.0,B01,138Â 197Â 251,1.0
1016405,201900057936,9,21,17:15,1,2,2,1.0,3.0,75115,RUE DE L ABBE GROULT,M,"48,8396525","2,2965330",75,2019,50.0,1.0,1.0,4.0,2273204,1.0,1,1,1,5.0,,0.0,0,1948.0,B01,138Â 197Â 251,1.0,0.0,-1.0,1735010,1.0,1,,0.0,2.0,7.0,A01,138Â 197Â 274,5.0
1016405,201900057936,9,21,17:15,1,2,2,1.0,3.0,75115,RUE DE L ABBE GROULT,M,"48,8396525","2,2965330",75,2019,50.0,1.0,1.0,4.0,2273205,1.0,1,4,1,5.0,,0.0,0,2002.0,A01,138Â 197Â 274,8.0,2.0,-1.0,1735009,1.0,7,,0.0,2.0,1.0,B01,138Â 197Â 251,1.0
1016405,201900057936,9,21,17:15,1,2,2,1.0,3.0,75115,RUE DE L ABBE GROULT,M,"48,8396525","2,2965330",75,2019,50.0,1.0,1.0,4.0,2273205,1.0,1,4,1,5.0,,0.0,0,2002.0,A01,138Â 197Â 274,8.0,2.0,-1.0,1735010,1.0,1,,0.0,2.0,7.0,A01,138Â 197Â 274,5.0
1016406,201900057937,3,25,21:55,5,2,2,1.0,3.0,76351,PARIS (DE),M,"49,4886000","0,1075100",76,2019,50.0,1.0,1.0,4.0,2273206,1.0,1,4,1,0.0,,0.0,0,1981.0,B01,138Â 197Â 252,2.0,8.0,-1.0,1735011,0.0,2,,0.0,2.0,3.0,B01,138Â 197Â 252,1.0
1016406,201900057937,3,25,21:55,5,2,2,1.0,3.0,76351,PARIS (DE),M,"49,4886000","0,1075100",76,2019,50.0,1.0,1.0,4.0,2273206,1.0,1,4,1,0.0,,0.0,0,1981.0,B01,138Â 197Â 252,2.0,8.0,-1.0,1735012,0.0,7,,0.0,2.0,3.0,A01,138Â 197Â 263,1.0
1016406,201900057937,3,25,21:55,5,2,2,1.0,3.0,76351,PARIS (DE),M,"49,4886000","0,1075100",76,2019,50.0,1.0,1.0,4.0,2273207,1.0,1,1,1,1.0,,0.0,0,1990.0,A01,138Â 197Â 263,1.0,8.0,-1.0,1735011,0.0,2,,0.0,2.0,3.0,B01,138Â 197Â 252,1.0
1016406,201900057937,3,25,21:55,5,2,2,1.0,3.0,76351,PARIS (DE),M,"49,4886000","0,1075100",76,2019,50.0,1.0,1.0,4.0,2273207,1.0,1,1,1,1.0,,0.0,0,1990.0,A01,138Â 197Â 263,1.0,8.0,-1.0,1735012,0.0,7,,0.0,2.0,3.0,A01,138Â 197Â 263,1.0
1016407,201900057938,2,16,10:20,1,2,2,7.0,3.0,59319,route d'Hondschoote,M,"50,9827416","2,4673681",59,2019,50.0,1.0,1.0,3.0,2273208,1.0,1,1,1,2.0,,0.0,0,1951.0,A01,138Â 197Â 249,1.0,-1.0,-1.0,1735013,1.0,7,,0.0,2.0,1.0,A01,138Â 197Â 249,0.0