Unnamed: 0_x,num_acc,mois,jour,hrmn,lum,agg,int,atm,col,com,adr,gps,lat,long,dep,annee,vma,situ,surf,catr,Unnamed: 0_y,place,catu,grav,sexe,trajet,secu,locp,actp,an_nais,num_veh_x,id_vehicule_x,secu1,secu2,secu3,Unnamed: 0,senc,catv,occutc,obs,obsm,choc,num_veh_y,id_vehicule_y,motor
1016407,201900057938,2,16,10:20,1,2,2,7.0,3.0,59319,route d'Hondschoote,M,"50,9827416","2,4673681",59,2019,50.0,1.0,1.0,3.0,2273208,1.0,1,1,1,2.0,,0.0,0,1951.0,A01,138Â 197Â 249,1.0,-1.0,-1.0,1735014,2.0,1,,0.0,2.0,0.0,B01,138Â 197Â 254,5.0
1016407,201900057938,2,16,10:20,1,2,2,7.0,3.0,59319,route d'Hondschoote,M,"50,9827416","2,4673681",59,2019,50.0,1.0,1.0,3.0,2273209,1.0,1,3,1,5.0,,0.0,0,1972.0,B01,138Â 197Â 254,2.0,-1.0,-1.0,1735013,1.0,7,,0.0,2.0,1.0,A01,138Â 197Â 249,0.0
1016407,201900057938,2,16,10:20,1,2,2,7.0,3.0,59319,route d'Hondschoote,M,"50,9827416","2,4673681",59,2019,50.0,1.0,1.0,3.0,2273209,1.0,1,3,1,5.0,,0.0,0,1972.0,B01,138Â 197Â 254,2.0,-1.0,-1.0,1735014,2.0,1,,0.0,2.0,0.0,B01,138Â 197Â 254,5.0
1016408,201900057939,5,12,18:00,1,1,1,1.0,1.0,63092,d90,M,"45,8907674","2,9470316",63,2019,80.0,1.0,1.0,3.0,2273210,1.0,1,2,1,5.0,,0.0,0,1973.0,A01,138Â 197Â 250,2.0,6.0,-1.0,1735015,2.0,33,,0.0,2.0,1.0,A01,138Â 197Â 250,1.0
1016408,201900057939,5,12,18:00,1,1,1,1.0,1.0,63092,d90,M,"45,8907674","2,9470316",63,2019,80.0,1.0,1.0,3.0,2273210,1.0,1,2,1,5.0,,0.0,0,1973.0,A01,138Â 197Â 250,2.0,6.0,-1.0,1735016,1.0,7,,0.0,2.0,1.0,B01,138Â 197Â 256,1.0
1016408,201900057939,5,12,18:00,1,1,1,1.0,1.0,63092,d90,M,"45,8907674","2,9470316",63,2019,80.0,1.0,1.0,3.0,2273211,1.0,1,1,1,5.0,,0.0,0,1943.0,B01,138Â 197Â 256,1.0,-1.0,-1.0,1735015,2.0,33,,0.0,2.0,1.0,A01,138Â 197Â 250,1.0
1016408,201900057939,5,12,18:00,1,1,1,1.0,1.0,63092,d90,M,"45,8907674","2,9470316",63,2019,80.0,1.0,1.0,3.0,2273211,1.0,1,1,1,5.0,,0.0,0,1943.0,B01,138Â 197Â 256,1.0,-1.0,-1.0,1735016,1.0,7,,0.0,2.0,1.0,B01,138Â 197Â 256,1.0
1016409,201900057940,8,16,13:50,1,1,1,1.0,1.0,88102,dÃ©partementale 3,M,"48,4128590","5,5839870",88,2019,80.0,1.0,1.0,3.0,2273212,2.0,2,1,2,0.0,,0.0,0,2003.0,B01,138Â 197Â 248,1.0,-1.0,-1.0,1735017,2.0,7,,0.0,2.0,1.0,B01,138Â 197Â 248,1.0
1016409,201900057940,8,16,13:50,1,1,1,1.0,1.0,88102,dÃ©partementale 3,M,"48,4128590","5,5839870",88,2019,80.0,1.0,1.0,3.0,2273212,2.0,2,1,2,0.0,,0.0,0,2003.0,B01,138Â 197Â 248,1.0,-1.0,-1.0,1735018,1.0,31,,0.0,2.0,1.0,A01,138Â 197Â 255,1.0
1016409,201900057940,8,16,13:50,1,1,1,1.0,1.0,88102,dÃ©partementale 3,M,"48,4128590","5,5839870",88,2019,80.0,1.0,1.0,3.0,2273213,1.0,1,1,1,0.0,,0.0,0,1976.0,B01,138Â 197Â 248,1.0,-1.0,-1.0,1735017,2.0,7,,0.0,2.0,1.0,B01,138Â 197Â 248,1.0
1016409,201900057940,8,16,13:50,1,1,1,1.0,1.0,88102,dÃ©partementale 3,M,"48,4128590","5,5839870",88,2019,80.0,1.0,1.0,3.0,2273213,1.0,1,1,1,0.0,,0.0,0,1976.0,B01,138Â 197Â 248,1.0,-1.0,-1.0,1735018,1.0,31,,0.0,2.0,1.0,A01,138Â 197Â 255,1.0
1016409,201900057940,8,16,13:50,1,1,1,1.0,1.0,88102,dÃ©partementale 3,M,"48,4128590","5,5839870",88,2019,80.0,1.0,1.0,3.0,2273214,1.0,1,2,1,5.0,,0.0,0,2000.0,A01,138Â 197Â 255,2.0,-1.0,-1.0,1735017,2.0,7,,0.0,2.0,1.0,B01,138Â 197Â 248,1.0
1016409,201900057940,8,16,13:50,1,1,1,1.0,1.0,88102,dÃ©partementale 3,M,"48,4128590","5,5839870",88,2019,80.0,1.0,1.0,3.0,2273214,1.0,1,2,1,5.0,,0.0,0,2000.0,A01,138Â 197Â 255,2.0,-1.0,-1.0,1735018,1.0,31,,0.0,2.0,1.0,A01,138Â 197Â 255,1.0
1016410,201900057941,2,16,00:30,5,2,1,1.0,6.0,26333,10 rue picpus,M,"45,1762670","4,8196060",26,2019,50.0,1.0,1.0,3.0,2273215,2.0,2,3,2,5.0,,0.0,0,1999.0,A01,138Â 197Â 246,1.0,-1.0,-1.0,1735019,1.0,7,,6.0,0.0,1.0,A01,138Â 197Â 246,1.0
1016410,201900057941,2,16,00:30,5,2,1,1.0,6.0,26333,10 rue picpus,M,"45,1762670","4,8196060",26,2019,50.0,1.0,1.0,3.0,2273216,1.0,1,1,1,5.0,,0.0,0,1998.0,A01,138Â 197Â 246,1.0,-1.0,-1.0,1735019,1.0,7,,6.0,0.0,1.0,A01,138Â 197Â 246,1.0
1016411,201900057942,5,13,12:00,1,1,1,6.0,6.0,63226,Route DÃ©partementale 1,M,"45,7476270","3,2390970",63,2019,80.0,1.0,1.0,3.0,2273217,1.0,1,3,1,5.0,,0.0,0,1958.0,A01,138Â 197Â 247,1.0,-1.0,-1.0,1735020,2.0,3,,2.0,0.0,1.0,A01,138Â 197Â 247,1.0
1016412,201900057943,8,3,10:45,1,2,4,7.0,3.0,38382,Rue de la Biolle,M,"45,2373970","5,6691300",38,2019,50.0,5.0,1.0,4.0,2273218,1.0,1,3,1,3.0,,0.0,0,1948.0,B01,138Â 197Â 244,0.0,-1.0,-1.0,1735021,2.0,1,,0.0,0.0,3.0,B01,138Â 197Â 244,5.0
1016412,201900057943,8,3,10:45,1,2,4,7.0,3.0,38382,Rue de la Biolle,M,"45,2373970","5,6691300",38,2019,50.0,5.0,1.0,4.0,2273218,1.0,1,3,1,3.0,,0.0,0,1948.0,B01,138Â 197Â 244,0.0,-1.0,-1.0,1735022,1.0,7,,0.0,9.0,3.0,A01,138Â 197Â 245,1.0
1016412,201900057943,8,3,10:45,1,2,4,7.0,3.0,38382,Rue de la Biolle,M,"45,2373970","5,6691300",38,2019,50.0,5.0,1.0,4.0,2273219,1.0,1,1,1,1.0,,0.0,0,1981.0,A01,138Â 197Â 245,1.0,-1.0,-1.0,1735021,2.0,1,,0.0,0.0,3.0,B01,138Â 197Â 244,5.0
1016412,201900057943,8,3,10:45,1,2,4,7.0,3.0,38382,Rue de la Biolle,M,"45,2373970","5,6691300",38,2019,50.0,5.0,1.0,4.0,2273219,1.0,1,1,1,1.0,,0.0,0,1981.0,A01,138Â 197Â 245,1.0,-1.0,-1.0,1735022,1.0,7,,0.0,9.0,3.0,A01,138Â 197Â 245,1.0
1016413,201900057944,2,15,23:45,3,1,1,1.0,6.0,72350,La VaugoudiÃ¨re,M,"47,8995400","0,2968140",72,2019,80.0,3.0,1.0,3.0,2273220,1.0,1,4,2,5.0,,0.0,0,1994.0,A01,138Â 197Â 242,2.0,-1.0,-1.0,1735023,2.0,2,,13.0,0.0,1.0,A01,138Â 197Â 242,1.0
1016414,201900057945,7,29,18:40,2,1,1,1.0,6.0,69023,D20,M,"46,0460200","4,6604250",69,2019,80.0,1.0,1.0,3.0,2273221,1.0,1,1,2,1.0,,0.0,0,1981.0,A01,138Â 197Â 240,1.0,-1.0,-1.0,1735024,0.0,7,,0.0,1.0,2.0,A01,138Â 197Â 240,1.0
1016414,201900057945,7,29,18:40,2,1,1,1.0,6.0,69023,D20,M,"46,0460200","4,6604250",69,2019,80.0,1.0,1.0,3.0,2273222,10.0,3,4,2,5.0,,1.0,1,1982.0,A01,138Â 197Â 240,0.0,-1.0,-1.0,1735024,0.0,7,,0.0,1.0,2.0,A01,138Â 197Â 240,1.0
1016415,201900057946,5,4,22:20,3,1,1,2.0,1.0,74154,RD 1005,M,"46,4075810","6,7106030",74,2019,80.0,1.0,2.0,3.0,2273223,1.0,1,2,2,0.0,,0.0,0,1993.0,A01,138Â 197Â 241,8.0,-1.0,-1.0,1735025,1.0,7,,13.0,2.0,9.0,A01,138Â 197Â 241,1.0
1016415,201900057946,5,4,22:20,3,1,1,2.0,1.0,74154,RD 1005,M,"46,4075810","6,7106030",74,2019,80.0,1.0,2.0,3.0,2273223,1.0,1,2,2,0.0,,0.0,0,1993.0,A01,138Â 197Â 241,8.0,-1.0,-1.0,1735026,2.0,7,,0.0,2.0,3.0,B01,138Â 197Â 243,1.0
1016415,201900057946,5,4,22:20,3,1,1,2.0,1.0,74154,RD 1005,M,"46,4075810","6,7106030",74,2019,80.0,1.0,2.0,3.0,2273224,1.0,1,3,1,5.0,,0.0,0,1958.0,B01,138Â 197Â 243,1.0,-1.0,-1.0,1735025,1.0,7,,13.0,2.0,9.0,A01,138Â 197Â 241,1.0
1016415,201900057946,5,4,22:20,3,1,1,2.0,1.0,74154,RD 1005,M,"46,4075810","6,7106030",74,2019,80.0,1.0,2.0,3.0,2273224,1.0,1,3,1,5.0,,0.0,0,1958.0,B01,138Â 197Â 243,1.0,-1.0,-1.0,1735026,2.0,7,,0.0,2.0,3.0,B01,138Â 197Â 243,1.0
1016415,201900057946,5,4,22:20,3,1,1,2.0,1.0,74154,RD 1005,M,"46,4075810","6,7106030",74,2019,80.0,1.0,2.0,3.0,2273225,2.0,2,3,2,5.0,,0.0,0,1953.0,B01,138Â 197Â 243,1.0,-1.0,-1.0,1735025,1.0,7,,13.0,2.0,9.0,A01,138Â 197Â 241,1.0
1016415,201900057946,5,4,22:20,3,1,1,2.0,1.0,74154,RD 1005,M,"46,4075810","6,7106030",74,2019,80.0,1.0,2.0,3.0,2273225,2.0,2,3,2,5.0,,0.0,0,1953.0,B01,138Â 197Â 243,1.0,-1.0,-1.0,1735026,2.0,7,,0.0,2.0,3.0,B01,138Â 197Â 243,1.0
1016416,201900057947,2,16,12:10,1,1,1,7.0,7.0,44149,"Lieu-dit ""Le ThÃ©ly""",M,"47,4736440"," -1,6407180",44,2019,50.0,1.0,1.0,4.0,2273226,1.0,1,3,1,5.0,,0.0,0,2008.0,A01,138Â 197Â 239,0.0,-1.0,-1.0,1735027,3.0,35,,0.0,0.0,0.0,A01,138Â 197Â 239,1.0
1016417,201900057948,8,18,10:50,1,1,1,1.0,5.0,81140,D112,M,"43,6873890","1,7635250",81,2019,80.0,1.0,1.0,3.0,2273227,1.0,1,1,1,4.0,,0.0,0,1967.0,A01,138Â 197Â 231,1.0,-1.0,-1.0,1735028,1.0,21,,0.0,2.0,6.0,A01,138Â 197Â 231,1.0
1016417,201900057948,8,18,10:50,1,1,1,1.0,5.0,81140,D112,M,"43,6873890","1,7635250",81,2019,80.0,1.0,1.0,3.0,2273227,1.0,1,1,1,4.0,,0.0,0,1967.0,A01,138Â 197Â 231,1.0,-1.0,-1.0,1735029,2.0,7,,0.0,2.0,8.0,B01,138Â 197Â 236,1.0
1016417,201900057948,8,18,10:50,1,1,1,1.0,5.0,81140,D112,M,"43,6873890","1,7635250",81,2019,80.0,1.0,1.0,3.0,2273227,1.0,1,1,1,4.0,,0.0,0,1967.0,A01,138Â 197Â 231,1.0,-1.0,-1.0,1735030,1.0,7,,0.0,2.0,3.0,C01,138Â 197Â 238,1.0
1016417,201900057948,8,18,10:50,1,1,1,1.0,5.0,81140,D112,M,"43,6873890","1,7635250",81,2019,80.0,1.0,1.0,3.0,2273228,2.0,2,4,2,5.0,,0.0,0,1934.0,B01,138Â 197Â 236,1.0,-1.0,-1.0,1735028,1.0,21,,0.0,2.0,6.0,A01,138Â 197Â 231,1.0
1016417,201900057948,8,18,10:50,1,1,1,1.0,5.0,81140,D112,M,"43,6873890","1,7635250",81,2019,80.0,1.0,1.0,3.0,2273228,2.0,2,4,2,5.0,,0.0,0,1934.0,B01,138Â 197Â 236,1.0,-1.0,-1.0,1735029,2.0,7,,0.0,2.0,8.0,B01,138Â 197Â 236,1.0
1016417,201900057948,8,18,10:50,1,1,1,1.0,5.0,81140,D112,M,"43,6873890","1,7635250",81,2019,80.0,1.0,1.0,3.0,2273228,2.0,2,4,2,5.0,,0.0,0,1934.0,B01,138Â 197Â 236,1.0,-1.0,-1.0,1735030,1.0,7,,0.0,2.0,3.0,C01,138Â 197Â 238,1.0
1016417,201900057948,8,18,10:50,1,1,1,1.0,5.0,81140,D112,M,"43,6873890","1,7635250",81,2019,80.0,1.0,1.0,3.0,2273229,7.0,2,1,2,5.0,,0.0,0,1964.0,B01,138Â 197Â 236,1.0,-1.0,-1.0,1735028,1.0,21,,0.0,2.0,6.0,A01,138Â 197Â 231,1.0
1016417,201900057948,8,18,10:50,1,1,1,1.0,5.0,81140,D112,M,"43,6873890","1,7635250",81,2019,80.0,1.0,1.0,3.0,2273229,7.0,2,1,2,5.0,,0.0,0,1964.0,B01,138Â 197Â 236,1.0,-1.0,-1.0,1735029,2.0,7,,0.0,2.0,8.0,B01,138Â 197Â 236,1.0
1016417,201900057948,8,18,10:50,1,1,1,1.0,5.0,81140,D112,M,"43,6873890","1,7635250",81,2019,80.0,1.0,1.0,3.0,2273229,7.0,2,1,2,5.0,,0.0,0,1964.0,B01,138Â 197Â 236,1.0,-1.0,-1.0,1735030,1.0,7,,0.0,2.0,3.0,C01,138Â 197Â 238,1.0
1016417,201900057948,8,18,10:50,1,1,1,1.0,5.0,81140,D112,M,"43,6873890","1,7635250",81,2019,80.0,1.0,1.0,3.0,2273230,1.0,1,3,1,5.0,,0.0,0,1935.0,B01,138Â 197Â 236,1.0,-1.0,-1.0,1735028,1.0,21,,0.0,2.0,6.0,A01,138Â 197Â 231,1.0
1016417,201900057948,8,18,10:50,1,1,1,1.0,5.0,81140,D112,M,"43,6873890","1,7635250",81,2019,80.0,1.0,1.0,3.0,2273230,1.0,1,3,1,5.0,,0.0,0,1935.0,B01,138Â 197Â 236,1.0,-1.0,-1.0,1735029,2.0,7,,0.0,2.0,8.0,B01,138Â 197Â 236,1.0
1016417,201900057948,8,18,10:50,1,1,1,1.0,5.0,81140,D112,M,"43,6873890","1,7635250",81,2019,80.0,1.0,1.0,3.0,2273230,1.0,1,3,1,5.0,,0.0,0,1935.0,B01,138Â 197Â 236,1.0,-1.0,-1.0,1735030,1.0,7,,0.0,2.0,3.0,C01,138Â 197Â 238,1.0
1016417,201900057948,8,18,10:50,1,1,1,1.0,5.0,81140,D112,M,"43,6873890","1,7635250",81,2019,80.0,1.0,1.0,3.0,2273231,1.0,1,4,2,5.0,,0.0,0,1961.0,C01,138Â 197Â 238,1.0,-1.0,-1.0,1735028,1.0,21,,0.0,2.0,6.0,A01,138Â 197Â 231,1.0
1016417,201900057948,8,18,10:50,1,1,1,1.0,5.0,81140,D112,M,"43,6873890","1,7635250",81,2019,80.0,1.0,1.0,3.0,2273231,1.0,1,4,2,5.0,,0.0,0,1961.0,C01,138Â 197Â 238,1.0,-1.0,-1.0,1735029,2.0,7,,0.0,2.0,8.0,B01,138Â 197Â 236,1.0
1016417,201900057948,8,18,10:50,1,1,1,1.0,5.0,81140,D112,M,"43,6873890","1,7635250",81,2019,80.0,1.0,1.0,3.0,2273231,1.0,1,4,2,5.0,,0.0,0,1961.0,C01,138Â 197Â 238,1.0,-1.0,-1.0,1735030,1.0,7,,0.0,2.0,3.0,C01,138Â 197Â 238,1.0
1016418,201900057949,3,22,23:45,5,2,2,1.0,3.0,76351,BALZAC (DE),M,"49,5045700","0,1571800",76,2019,50.0,1.0,1.0,4.0,2273232,1.0,1,4,1,0.0,,0.0,0,1993.0,B01,138Â 197Â 232,1.0,0.0,-1.0,1735031,0.0,7,,0.0,2.0,1.0,A01,138Â 197Â 230,1.0
1016418,201900057949,3,22,23:45,5,2,2,1.0,3.0,76351,BALZAC (DE),M,"49,5045700","0,1571800",76,2019,50.0,1.0,1.0,4.0,2273232,1.0,1,4,1,0.0,,0.0,0,1993.0,B01,138Â 197Â 232,1.0,0.0,-1.0,1735032,0.0,7,,0.0,2.0,8.0,B01,138Â 197Â 232,1.0
1016419,201900057950,2,15,14:25,1,1,1,1.0,6.0,50448,A84,M,"48,5907820"," -1,3286250",50,2019,130.0,1.0,-1.0,1.0,2273233,7.0,2,1,2,5.0,,0.0,0,2017.0,A01,138Â 197Â 229,1.0,-1.0,-1.0,1735033,1.0,7,,3.0,0.0,9.0,A01,138Â 197Â 229,1.0
1016419,201900057950,2,15,14:25,1,1,1,1.0,6.0,50448,A84,M,"48,5907820"," -1,3286250",50,2019,130.0,1.0,-1.0,1.0,2273234,9.0,2,1,2,5.0,,0.0,0,2012.0,A01,138Â 197Â 229,1.0,-1.0,-1.0,1735033,1.0,7,,3.0,0.0,9.0,A01,138Â 197Â 229,1.0
1016419,201900057950,2,15,14:25,1,1,1,1.0,6.0,50448,A84,M,"48,5907820"," -1,3286250",50,2019,130.0,1.0,-1.0,1.0,2273235,1.0,1,4,1,5.0,,0.0,0,1981.0,A01,138Â 197Â 229,1.0,-1.0,-1.0,1735033,1.0,7,,3.0,0.0,9.0,A01,138Â 197Â 229,1.0
1016419,201900057950,2,15,14:25,1,1,1,1.0,6.0,50448,A84,M,"48,5907820"," -1,3286250",50,2019,130.0,1.0,-1.0,1.0,2273236,2.0,2,1,2,5.0,,0.0,0,1982.0,A01,138Â 197Â 229,1.0,-1.0,-1.0,1735033,1.0,7,,3.0,0.0,9.0,A01,138Â 197Â 229,1.0
1016420,201900057951,3,25,20:55,5,2,3,1.0,2.0,69266,ROGER SALENGRO     (Avenue),M,"45,7766100","4,8741900",69,2019,50.0,1.0,1.0,7.0,2273237,1.0,1,4,1,9.0,,0.0,0,1979.0,A01,138Â 197Â 226,2.0,6.0,-1.0,1735034,2.0,42,,0.0,2.0,1.0,A01,138Â 197Â 226,1.0
1016420,201900057951,3,25,20:55,5,2,3,1.0,2.0,69266,ROGER SALENGRO     (Avenue),M,"45,7766100","4,8741900",69,2019,50.0,1.0,1.0,7.0,2273237,1.0,1,4,1,9.0,,0.0,0,1979.0,A01,138Â 197Â 226,2.0,6.0,-1.0,1735035,2.0,10,,0.0,2.0,4.0,B01,138Â 197Â 228,1.0
1016420,201900057951,3,25,20:55,5,2,3,1.0,2.0,69266,ROGER SALENGRO     (Avenue),M,"45,7766100","4,8741900",69,2019,50.0,1.0,1.0,7.0,2273238,1.0,1,1,1,0.0,,0.0,0,1998.0,B01,138Â 197Â 228,1.0,0.0,-1.0,1735034,2.0,42,,0.0,2.0,1.0,A01,138Â 197Â 226,1.0
1016420,201900057951,3,25,20:55,5,2,3,1.0,2.0,69266,ROGER SALENGRO     (Avenue),M,"45,7766100","4,8741900",69,2019,50.0,1.0,1.0,7.0,2273238,1.0,1,1,1,0.0,,0.0,0,1998.0,B01,138Â 197Â 228,1.0,0.0,-1.0,1735035,2.0,10,,0.0,2.0,4.0,B01,138Â 197Â 228,1.0
1016421,201900057952,8,17,11:45,1,2,4,1.0,2.0,33238,RD651/RD651E3 2 avenue de cadaujac,M,"44,7270800"," -0,5974000",33,2019,50.0,1.0,1.0,3.0,2273239,1.0,1,4,2,3.0,,0.0,0,1981.0,B01,138Â 197Â 225,0.0,-1.0,-1.0,1735036,1.0,1,,0.0,0.0,4.0,B01,138Â 197Â 225,5.0
1016421,201900057952,8,17,11:45,1,2,4,1.0,2.0,33238,RD651/RD651E3 2 avenue de cadaujac,M,"44,7270800"," -0,5974000",33,2019,50.0,1.0,1.0,3.0,2273239,1.0,1,4,2,3.0,,0.0,0,1981.0,B01,138Â 197Â 225,0.0,-1.0,-1.0,1735037,1.0,2,,0.0,2.0,1.0,A01,138Â 197Â 227,1.0
1016421,201900057952,8,17,11:45,1,2,4,1.0,2.0,33238,RD651/RD651E3 2 avenue de cadaujac,M,"44,7270800"," -0,5974000",33,2019,50.0,1.0,1.0,3.0,2273240,2.0,2,4,2,5.0,,0.0,0,2012.0,B01,138Â 197Â 225,2.0,-1.0,-1.0,1735036,1.0,1,,0.0,0.0,4.0,B01,138Â 197Â 225,5.0
1016421,201900057952,8,17,11:45,1,2,4,1.0,2.0,33238,RD651/RD651E3 2 avenue de cadaujac,M,"44,7270800"," -0,5974000",33,2019,50.0,1.0,1.0,3.0,2273240,2.0,2,4,2,5.0,,0.0,0,2012.0,B01,138Â 197Â 225,2.0,-1.0,-1.0,1735037,1.0,2,,0.0,2.0,1.0,A01,138Â 197Â 227,1.0
1016421,201900057952,8,17,11:45,1,2,4,1.0,2.0,33238,RD651/RD651E3 2 avenue de cadaujac,M,"44,7270800"," -0,5974000",33,2019,50.0,1.0,1.0,3.0,2273241,2.0,2,4,2,5.0,,0.0,0,2002.0,A01,138Â 197Â 227,2.0,6.0,-1.0,1735036,1.0,1,,0.0,0.0,4.0,B01,138Â 197Â 225,5.0
1016421,201900057952,8,17,11:45,1,2,4,1.0,2.0,33238,RD651/RD651E3 2 avenue de cadaujac,M,"44,7270800"," -0,5974000",33,2019,50.0,1.0,1.0,3.0,2273241,2.0,2,4,2,5.0,,0.0,0,2002.0,A01,138Â 197Â 227,2.0,6.0,-1.0,1735037,1.0,2,,0.0,2.0,1.0,A01,138Â 197Â 227,1.0
1016421,201900057952,8,17,11:45,1,2,4,1.0,2.0,33238,RD651/RD651E3 2 avenue de cadaujac,M,"44,7270800"," -0,5974000",33,2019,50.0,1.0,1.0,3.0,2273242,1.0,1,4,1,5.0,,0.0,0,2000.0,A01,138Â 197Â 227,2.0,6.0,-1.0,1735036,1.0,1,,0.0,0.0,4.0,B01,138Â 197Â 225,5.0
1016421,201900057952,8,17,11:45,1,2,4,1.0,2.0,33238,RD651/RD651E3 2 avenue de cadaujac,M,"44,7270800"," -0,5974000",33,2019,50.0,1.0,1.0,3.0,2273242,1.0,1,4,1,5.0,,0.0,0,2000.0,A01,138Â 197Â 227,2.0,6.0,-1.0,1735037,1.0,2,,0.0,2.0,1.0,A01,138Â 197Â 227,1.0
1016422,201900057953,2,17,21:00,3,1,1,1.0,6.0,71004,Route de Saint-Martin RD35,M,"46,8140290","4,9438520",71,2019,80.0,8.0,1.0,3.0,2273243,1.0,1,3,1,5.0,,0.0,0,1975.0,A01,138Â 197Â 224,1.0,-1.0,-1.0,1735038,2.0,7,,15.0,0.0,9.0,A01,138Â 197Â 224,1.0
1016423,201900057954,8,18,18:00,1,1,3,1.0,2.0,22002,Ville Herve,M,"48,5035081"," -2,5198608",22,2019,80.0,1.0,1.0,3.0,2273244,1.0,1,1,1,5.0,,0.0,0,1945.0,A01,138Â 197Â 221,1.0,-1.0,-1.0,1735039,2.0,7,,0.0,0.0,6.0,A01,138Â 197Â 221,1.0
1016423,201900057954,8,18,18:00,1,1,3,1.0,2.0,22002,Ville Herve,M,"48,5035081"," -2,5198608",22,2019,80.0,1.0,1.0,3.0,2273244,1.0,1,1,1,5.0,,0.0,0,1945.0,A01,138Â 197Â 221,1.0,-1.0,-1.0,1735040,2.0,33,,0.0,2.0,1.0,B01,138Â 197Â 222,1.0
1016423,201900057954,8,18,18:00,1,1,3,1.0,2.0,22002,Ville Herve,M,"48,5035081"," -2,5198608",22,2019,80.0,1.0,1.0,3.0,2273245,1.0,1,3,1,5.0,,0.0,0,1995.0,B01,138Â 197Â 222,2.0,6.0,-1.0,1735039,2.0,7,,0.0,0.0,6.0,A01,138Â 197Â 221,1.0
1016423,201900057954,8,18,18:00,1,1,3,1.0,2.0,22002,Ville Herve,M,"48,5035081"," -2,5198608",22,2019,80.0,1.0,1.0,3.0,2273245,1.0,1,3,1,5.0,,0.0,0,1995.0,B01,138Â 197Â 222,2.0,6.0,-1.0,1735040,2.0,33,,0.0,2.0,1.0,B01,138Â 197Â 222,1.0
1016424,201900057955,3,24,23:25,5,2,3,1.0,3.0,67482,MITTELHAUSBERGEN (ROUTE DE),M,"48,5943800","7,7195100",67,2019,30.0,1.0,1.0,4.0,2273246,1.0,1,1,1,0.0,,-1.0,0,1964.0,B01,138Â 197Â 219,1.0,0.0,-1.0,1735041,0.0,7,,0.0,2.0,3.0,B01,138Â 197Â 219,1.0
1016424,201900057955,3,24,23:25,5,2,3,1.0,3.0,67482,MITTELHAUSBERGEN (ROUTE DE),M,"48,5943800","7,7195100",67,2019,30.0,1.0,1.0,4.0,2273246,1.0,1,1,1,0.0,,-1.0,0,1964.0,B01,138Â 197Â 219,1.0,0.0,-1.0,1735042,1.0,2,,0.0,2.0,1.0,A01,138Â 197Â 223,1.0
1016424,201900057955,3,24,23:25,5,2,3,1.0,3.0,67482,MITTELHAUSBERGEN (ROUTE DE),M,"48,5943800","7,7195100",67,2019,30.0,1.0,1.0,4.0,2273247,2.0,2,4,2,5.0,,-1.0,0,1970.0,A01,138Â 197Â 223,2.0,6.0,-1.0,1735041,0.0,7,,0.0,2.0,3.0,B01,138Â 197Â 219,1.0
1016424,201900057955,3,24,23:25,5,2,3,1.0,3.0,67482,MITTELHAUSBERGEN (ROUTE DE),M,"48,5943800","7,7195100",67,2019,30.0,1.0,1.0,4.0,2273247,2.0,2,4,2,5.0,,-1.0,0,1970.0,A01,138Â 197Â 223,2.0,6.0,-1.0,1735042,1.0,2,,0.0,2.0,1.0,A01,138Â 197Â 223,1.0
1016424,201900057955,3,24,23:25,5,2,3,1.0,3.0,67482,MITTELHAUSBERGEN (ROUTE DE),M,"48,5943800","7,7195100",67,2019,30.0,1.0,1.0,4.0,2273248,1.0,1,1,1,5.0,,-1.0,0,1980.0,A01,138Â 197Â 223,2.0,6.0,-1.0,1735041,0.0,7,,0.0,2.0,3.0,B01,138Â 197Â 219,1.0
1016424,201900057955,3,24,23:25,5,2,3,1.0,3.0,67482,MITTELHAUSBERGEN (ROUTE DE),M,"48,5943800","7,7195100",67,2019,30.0,1.0,1.0,4.0,2273248,1.0,1,1,1,5.0,,-1.0,0,1980.0,A01,138Â 197Â 223,2.0,6.0,-1.0,1735042,1.0,2,,0.0,2.0,1.0,A01,138Â 197Â 223,1.0
1016425,201900057956,2,14,19:05,3,1,3,1.0,1.0,71215,Route de CHALON,M,"46,8747890","4,9469960",71,2019,80.0,1.0,1.0,3.0,2273249,1.0,1,4,1,0.0,,0.0,0,1972.0,B01,138Â 197Â 220,1.0,-1.0,-1.0,1735043,0.0,7,,0.0,2.0,1.0,A01,138Â 197Â 218,1.0
1016425,201900057956,2,14,19:05,3,1,3,1.0,1.0,71215,Route de CHALON,M,"46,8747890","4,9469960",71,2019,80.0,1.0,1.0,3.0,2273249,1.0,1,4,1,0.0,,0.0,0,1972.0,B01,138Â 197Â 220,1.0,-1.0,-1.0,1735044,-1.0,7,,0.0,2.0,1.0,B01,138Â 197Â 220,1.0
1016426,201900057957,3,26,17:45,1,2,1,1.0,6.0,64445,DOYEN ROBERT POPLAWSKI DU,M,"43,3156600"," -0,3685000",64,2019,30.0,1.0,1.0,6.0,2273250,10.0,3,4,2,2.0,,1.0,3,1999.0,A01,138Â 197Â 216,8.0,0.0,-1.0,1735045,2.0,7,,0.0,1.0,2.0,A01,138Â 197Â 216,1.0
1016426,201900057957,3,26,17:45,1,2,1,1.0,6.0,64445,DOYEN ROBERT POPLAWSKI DU,M,"43,3156600"," -0,3685000",64,2019,30.0,1.0,1.0,6.0,2273251,1.0,1,1,1,2.0,,0.0,0,2000.0,A01,138Â 197Â 216,1.0,0.0,-1.0,1735045,2.0,7,,0.0,1.0,2.0,A01,138Â 197Â 216,1.0