Unnamed: 0_x,num_acc,mois,jour,hrmn,lum,agg,int,atm,col,com,adr,gps,lat,long,dep,annee,vma,situ,surf,catr,Unnamed: 0_y,place,catu,grav,sexe,trajet,secu,locp,actp,an_nais,num_veh_x,id_vehicule_x,secu1,secu2,secu3,Unnamed: 0,senc,catv,occutc,obs,obsm,choc,num_veh_y,id_vehicule_y,motor
1016427,201900057958,8,18,10:45,1,2,6,2.0,6.0,27275,Rue de Sarstedt,M,"49,1624920","1,3384260",27,2019,50.0,1.0,2.0,4.0,2273252,1.0,1,1,1,0.0,,0.0,0,1958.0,A01,138Â 197Â 217,1.0,-1.0,-1.0,1735046,0.0,10,,0.0,1.0,2.0,A01,138Â 197Â 217,1.0
1016427,201900057958,8,18,10:45,1,2,6,2.0,6.0,27275,Rue de Sarstedt,M,"49,1624920","1,3384260",27,2019,50.0,1.0,2.0,4.0,2273253,10.0,3,4,2,5.0,,2.0,3,1948.0,A01,138Â 197Â 217,0.0,-1.0,-1.0,1735046,0.0,10,,0.0,1.0,2.0,A01,138Â 197Â 217,1.0
1016428,201900057959,2,13,13:00,1,2,1,1.0,6.0,30251,458 avenue du Mistral,M,"44,1840573","4,7087917",30,2019,50.0,1.0,1.0,3.0,2273254,10.0,3,3,1,4.0,,1.0,3,1982.0,A01,138Â 197Â 215,4.0,0.0,0.0,1735047,1.0,7,,0.0,1.0,2.0,A01,138Â 197Â 215,1.0
1016428,201900057959,2,13,13:00,1,2,1,1.0,6.0,30251,458 avenue du Mistral,M,"44,1840573","4,7087917",30,2019,50.0,1.0,1.0,3.0,2273255,1.0,1,1,1,1.0,,0.0,0,1982.0,A01,138Â 197Â 215,1.0,-1.0,-1.0,1735047,1.0,7,,0.0,1.0,2.0,A01,138Â 197Â 215,1.0
1016429,201900057960,10,24,03:30,3,1,1,1.0,5.0,93005,AUTOROUTE A3,M,"48,9580100","2,4733600",93,2019,90.0,1.0,1.0,1.0,2273256,1.0,1,1,1,4.0,,-1.0, -1,1997.0,A01,138Â 197Â 233,1.0,0.0,-1.0,1735048,1.0,17,,0.0,2.0,0.0,A01,138Â 197Â 233,1.0
1016429,201900057960,10,24,03:30,3,1,1,1.0,5.0,93005,AUTOROUTE A3,M,"48,9580100","2,4733600",93,2019,90.0,1.0,1.0,1.0,2273256,1.0,1,1,1,4.0,,-1.0, -1,1997.0,A01,138Â 197Â 233,1.0,0.0,-1.0,1735049,1.0,7,,3.0,2.0,1.0,B01,138Â 197Â 253,1.0
1016429,201900057960,10,24,03:30,3,1,1,1.0,5.0,93005,AUTOROUTE A3,M,"48,9580100","2,4733600",93,2019,90.0,1.0,1.0,1.0,2273256,1.0,1,1,1,4.0,,-1.0, -1,1997.0,A01,138Â 197Â 233,1.0,0.0,-1.0,1735050,1.0,7,,0.0,2.0,1.0,C01,138Â 197Â 259,1.0
1016429,201900057960,10,24,03:30,3,1,1,1.0,5.0,93005,AUTOROUTE A3,M,"48,9580100","2,4733600",93,2019,90.0,1.0,1.0,1.0,2273256,1.0,1,1,1,4.0,,-1.0, -1,1997.0,A01,138Â 197Â 233,1.0,0.0,-1.0,1735051,1.0,17,,0.0,2.0,8.0,D01,138Â 197Â 260,1.0
1016429,201900057960,10,24,03:30,3,1,1,1.0,5.0,93005,AUTOROUTE A3,M,"48,9580100","2,4733600",93,2019,90.0,1.0,1.0,1.0,2273257,1.0,1,4,1,9.0,,-1.0, -1,1971.0,B01,138Â 197Â 253,1.0,0.0,-1.0,1735048,1.0,17,,0.0,2.0,0.0,A01,138Â 197Â 233,1.0
1016429,201900057960,10,24,03:30,3,1,1,1.0,5.0,93005,AUTOROUTE A3,M,"48,9580100","2,4733600",93,2019,90.0,1.0,1.0,1.0,2273257,1.0,1,4,1,9.0,,-1.0, -1,1971.0,B01,138Â 197Â 253,1.0,0.0,-1.0,1735049,1.0,7,,3.0,2.0,1.0,B01,138Â 197Â 253,1.0
1016429,201900057960,10,24,03:30,3,1,1,1.0,5.0,93005,AUTOROUTE A3,M,"48,9580100","2,4733600",93,2019,90.0,1.0,1.0,1.0,2273257,1.0,1,4,1,9.0,,-1.0, -1,1971.0,B01,138Â 197Â 253,1.0,0.0,-1.0,1735050,1.0,7,,0.0,2.0,1.0,C01,138Â 197Â 259,1.0
1016429,201900057960,10,24,03:30,3,1,1,1.0,5.0,93005,AUTOROUTE A3,M,"48,9580100","2,4733600",93,2019,90.0,1.0,1.0,1.0,2273257,1.0,1,4,1,9.0,,-1.0, -1,1971.0,B01,138Â 197Â 253,1.0,0.0,-1.0,1735051,1.0,17,,0.0,2.0,8.0,D01,138Â 197Â 260,1.0
1016429,201900057960,10,24,03:30,3,1,1,1.0,5.0,93005,AUTOROUTE A3,M,"48,9580100","2,4733600",93,2019,90.0,1.0,1.0,1.0,2273258,1.0,1,1,1,0.0,,-1.0, -1,1987.0,C01,138Â 197Â 259,1.0,0.0,-1.0,1735048,1.0,17,,0.0,2.0,0.0,A01,138Â 197Â 233,1.0
1016429,201900057960,10,24,03:30,3,1,1,1.0,5.0,93005,AUTOROUTE A3,M,"48,9580100","2,4733600",93,2019,90.0,1.0,1.0,1.0,2273258,1.0,1,1,1,0.0,,-1.0, -1,1987.0,C01,138Â 197Â 259,1.0,0.0,-1.0,1735049,1.0,7,,3.0,2.0,1.0,B01,138Â 197Â 253,1.0
1016429,201900057960,10,24,03:30,3,1,1,1.0,5.0,93005,AUTOROUTE A3,M,"48,9580100","2,4733600",93,2019,90.0,1.0,1.0,1.0,2273258,1.0,1,1,1,0.0,,-1.0, -1,1987.0,C01,138Â 197Â 259,1.0,0.0,-1.0,1735050,1.0,7,,0.0,2.0,1.0,C01,138Â 197Â 259,1.0
1016429,201900057960,10,24,03:30,3,1,1,1.0,5.0,93005,AUTOROUTE A3,M,"48,9580100","2,4733600",93,2019,90.0,1.0,1.0,1.0,2273258,1.0,1,1,1,0.0,,-1.0, -1,1987.0,C01,138Â 197Â 259,1.0,0.0,-1.0,1735051,1.0,17,,0.0,2.0,8.0,D01,138Â 197Â 260,1.0
1016429,201900057960,10,24,03:30,3,1,1,1.0,5.0,93005,AUTOROUTE A3,M,"48,9580100","2,4733600",93,2019,90.0,1.0,1.0,1.0,2273259,1.0,1,1,1,0.0,,-1.0, -1,1974.0,D01,138Â 197Â 260,1.0,0.0,-1.0,1735048,1.0,17,,0.0,2.0,0.0,A01,138Â 197Â 233,1.0
1016429,201900057960,10,24,03:30,3,1,1,1.0,5.0,93005,AUTOROUTE A3,M,"48,9580100","2,4733600",93,2019,90.0,1.0,1.0,1.0,2273259,1.0,1,1,1,0.0,,-1.0, -1,1974.0,D01,138Â 197Â 260,1.0,0.0,-1.0,1735049,1.0,7,,3.0,2.0,1.0,B01,138Â 197Â 253,1.0
1016429,201900057960,10,24,03:30,3,1,1,1.0,5.0,93005,AUTOROUTE A3,M,"48,9580100","2,4733600",93,2019,90.0,1.0,1.0,1.0,2273259,1.0,1,1,1,0.0,,-1.0, -1,1974.0,D01,138Â 197Â 260,1.0,0.0,-1.0,1735050,1.0,7,,0.0,2.0,1.0,C01,138Â 197Â 259,1.0
1016429,201900057960,10,24,03:30,3,1,1,1.0,5.0,93005,AUTOROUTE A3,M,"48,9580100","2,4733600",93,2019,90.0,1.0,1.0,1.0,2273259,1.0,1,1,1,0.0,,-1.0, -1,1974.0,D01,138Â 197Â 260,1.0,0.0,-1.0,1735051,1.0,17,,0.0,2.0,8.0,D01,138Â 197Â 260,1.0
1016430,201900057961,5,18,18:15,1,2,4,1.0,1.0,74155,D22,M,"46,2837939","6,5226770",74,2019,30.0,1.0,1.0,3.0,2273260,1.0,1,4,1,5.0,,0.0,0,2003.0,B01,138Â 197Â 235,2.0,6.0,9.0,1735052,1.0,2,,0.0,2.0,1.0,B01,138Â 197Â 235,1.0
1016430,201900057961,5,18,18:15,1,2,4,1.0,1.0,74155,D22,M,"46,2837939","6,5226770",74,2019,30.0,1.0,1.0,3.0,2273260,1.0,1,4,1,5.0,,0.0,0,2003.0,B01,138Â 197Â 235,2.0,6.0,9.0,1735053,2.0,7,,0.0,2.0,1.0,A01,138Â 197Â 237,0.0
1016430,201900057961,5,18,18:15,1,2,4,1.0,1.0,74155,D22,M,"46,2837939","6,5226770",74,2019,30.0,1.0,1.0,3.0,2273261,1.0,1,1,1,5.0,,0.0,0,1952.0,A01,138Â 197Â 237,8.0,-1.0,-1.0,1735052,1.0,2,,0.0,2.0,1.0,B01,138Â 197Â 235,1.0
1016430,201900057961,5,18,18:15,1,2,4,1.0,1.0,74155,D22,M,"46,2837939","6,5226770",74,2019,30.0,1.0,1.0,3.0,2273261,1.0,1,1,1,5.0,,0.0,0,1952.0,A01,138Â 197Â 237,8.0,-1.0,-1.0,1735053,2.0,7,,0.0,2.0,1.0,A01,138Â 197Â 237,0.0
1016431,201900057962,3,23,20:05,2,2,1,1.0,7.0,64122,RUE GAMBETTA ,M,"43,4806600"," -1,5632400",64,2019,30.0,1.0,1.0,4.0,2273262,1.0,1,3,1,5.0,,0.0,0,1998.0,A01,138Â 197Â 214,2.0,6.0,-1.0,1735054,1.0,30,,0.0,0.0,7.0,A01,138Â 197Â 214,1.0
1016432,201900057963,2,16,16:30,1,1,1,1.0,7.0,21513,D35,M,"47,2261810","4,8698950",21,2019,80.0,1.0,1.0,3.0,2273263,1.0,1,3,1,5.0,,0.0,0,1997.0,A01,138Â 197Â 212,2.0,6.0,9.0,1735055,2.0,33,,0.0,0.0,1.0,A01,138Â 197Â 212,1.0
1016433,201900057964,3,24,08:00,1,1,1,1.0,7.0,60159,DÃ©partementale 1131,M,"49,3946600","2,7908100",60,2019,50.0,1.0,1.0,3.0,2273264,1.0,1,3,1,0.0,,-1.0,0,1964.0,A01,138Â 197Â 208,1.0,0.0,-1.0,1735056,2.0,7,,2.0,0.0,1.0,A01,138Â 197Â 208,1.0
1016434,201900057965,2,16,22:20,5,2,9,1.0,6.0,62486,"814, RUE DE LILLERS ""HAMEAU DE TREZENNES""",M,"50,6267908","2,4198817",62,2019,50.0,4.0,1.0,4.0,2273265,1.0,1,2,2,9.0,,0.0,0,1961.0,A01,138Â 197Â 196,0.0,-1.0,-1.0,1735057,1.0,7,,6.0,0.0,1.0,A01,138Â 197Â 196,1.0
1016435,201900057966,5,18,06:00,2,1,1,1.0,1.0,74128,Route des VallÃ©es,M,"46,1551900","6,3453090",74,2019,80.0,1.0,2.0,3.0,2273266,1.0,1,4,1,4.0,,0.0,0,1968.0,B01,138Â 197Â 204,1.0,-1.0,-1.0,1735058,2.0,10,,0.0,2.0,1.0,B01,138Â 197Â 204,1.0
1016435,201900057966,5,18,06:00,2,1,1,1.0,1.0,74128,Route des VallÃ©es,M,"46,1551900","6,3453090",74,2019,80.0,1.0,2.0,3.0,2273266,1.0,1,4,1,4.0,,0.0,0,1968.0,B01,138Â 197Â 204,1.0,-1.0,-1.0,1735059,1.0,10,,0.0,2.0,1.0,A01,138Â 197Â 209,1.0
1016435,201900057966,5,18,06:00,2,1,1,1.0,1.0,74128,Route des VallÃ©es,M,"46,1551900","6,3453090",74,2019,80.0,1.0,2.0,3.0,2273267,1.0,1,3,1,5.0,,0.0,0,1994.0,A01,138Â 197Â 209,1.0,-1.0,-1.0,1735058,2.0,10,,0.0,2.0,1.0,B01,138Â 197Â 204,1.0
1016435,201900057966,5,18,06:00,2,1,1,1.0,1.0,74128,Route des VallÃ©es,M,"46,1551900","6,3453090",74,2019,80.0,1.0,2.0,3.0,2273267,1.0,1,3,1,5.0,,0.0,0,1994.0,A01,138Â 197Â 209,1.0,-1.0,-1.0,1735059,1.0,10,,0.0,2.0,1.0,A01,138Â 197Â 209,1.0
1016435,201900057966,5,18,06:00,2,1,1,1.0,1.0,74128,Route des VallÃ©es,M,"46,1551900","6,3453090",74,2019,80.0,1.0,2.0,3.0,2273268,7.0,2,3,1,5.0,,0.0,0,1988.0,A01,138Â 197Â 209,1.0,-1.0,-1.0,1735058,2.0,10,,0.0,2.0,1.0,B01,138Â 197Â 204,1.0
1016435,201900057966,5,18,06:00,2,1,1,1.0,1.0,74128,Route des VallÃ©es,M,"46,1551900","6,3453090",74,2019,80.0,1.0,2.0,3.0,2273268,7.0,2,3,1,5.0,,0.0,0,1988.0,A01,138Â 197Â 209,1.0,-1.0,-1.0,1735059,1.0,10,,0.0,2.0,1.0,A01,138Â 197Â 209,1.0
1016435,201900057966,5,18,06:00,2,1,1,1.0,1.0,74128,Route des VallÃ©es,M,"46,1551900","6,3453090",74,2019,80.0,1.0,2.0,3.0,2273269,2.0,2,2,1,5.0,,0.0,0,1993.0,A01,138Â 197Â 209,1.0,-1.0,-1.0,1735058,2.0,10,,0.0,2.0,1.0,B01,138Â 197Â 204,1.0
1016435,201900057966,5,18,06:00,2,1,1,1.0,1.0,74128,Route des VallÃ©es,M,"46,1551900","6,3453090",74,2019,80.0,1.0,2.0,3.0,2273269,2.0,2,2,1,5.0,,0.0,0,1993.0,A01,138Â 197Â 209,1.0,-1.0,-1.0,1735059,1.0,10,,0.0,2.0,1.0,A01,138Â 197Â 209,1.0
1016436,201900057967,8,19,12:30,1,1,3,1.0,3.0,27495,D150,M,"49,2581970","1,3473740",27,2019,80.0,1.0,1.0,3.0,2273270,1.0,1,1,1,5.0,,0.0,0,1949.0,A01,138Â 197Â 203,1.0,-1.0,-1.0,1735060,3.0,7,,0.0,2.0,7.0,A01,138Â 197Â 203,1.0
1016436,201900057967,8,19,12:30,1,1,3,1.0,3.0,27495,D150,M,"49,2581970","1,3473740",27,2019,80.0,1.0,1.0,3.0,2273270,1.0,1,1,1,5.0,,0.0,0,1949.0,A01,138Â 197Â 203,1.0,-1.0,-1.0,1735061,1.0,2,,0.0,2.0,1.0,B01,138Â 197Â 213,1.0
1016436,201900057967,8,19,12:30,1,1,3,1.0,3.0,27495,D150,M,"49,2581970","1,3473740",27,2019,80.0,1.0,1.0,3.0,2273271,1.0,1,3,1,1.0,,0.0,0,1975.0,B01,138Â 197Â 213,2.0,6.0,9.0,1735060,3.0,7,,0.0,2.0,7.0,A01,138Â 197Â 203,1.0
1016436,201900057967,8,19,12:30,1,1,3,1.0,3.0,27495,D150,M,"49,2581970","1,3473740",27,2019,80.0,1.0,1.0,3.0,2273271,1.0,1,3,1,1.0,,0.0,0,1975.0,B01,138Â 197Â 213,2.0,6.0,9.0,1735061,1.0,2,,0.0,2.0,1.0,B01,138Â 197Â 213,1.0
1016437,201900057968,10,25,17:57,1,1,1,1.0,4.0,94065,A86 INT,M,"48,7546264","2,3478660",94,2019,90.0,1.0,1.0,1.0,2273272,1.0,1,1,1,1.0,,-1.0, -1,1968.0,A01,138Â 197Â 201,1.0,0.0,-1.0,1735062,1.0,7,,0.0,2.0,4.0,A01,138Â 197Â 201,1.0
1016437,201900057968,10,25,17:57,1,1,1,1.0,4.0,94065,A86 INT,M,"48,7546264","2,3478660",94,2019,90.0,1.0,1.0,1.0,2273272,1.0,1,1,1,1.0,,-1.0, -1,1968.0,A01,138Â 197Â 201,1.0,0.0,-1.0,1735063,1.0,7,,0.0,2.0,4.0,B01,138Â 197Â 210,1.0
1016437,201900057968,10,25,17:57,1,1,1,1.0,4.0,94065,A86 INT,M,"48,7546264","2,3478660",94,2019,90.0,1.0,1.0,1.0,2273272,1.0,1,1,1,1.0,,-1.0, -1,1968.0,A01,138Â 197Â 201,1.0,0.0,-1.0,1735064,1.0,7,,0.0,2.0,1.0,C01,138Â 197Â 211,1.0
1016437,201900057968,10,25,17:57,1,1,1,1.0,4.0,94065,A86 INT,M,"48,7546264","2,3478660",94,2019,90.0,1.0,1.0,1.0,2273273,1.0,1,4,2,1.0,,-1.0, -1,1964.0,B01,138Â 197Â 210,1.0,0.0,-1.0,1735062,1.0,7,,0.0,2.0,4.0,A01,138Â 197Â 201,1.0
1016437,201900057968,10,25,17:57,1,1,1,1.0,4.0,94065,A86 INT,M,"48,7546264","2,3478660",94,2019,90.0,1.0,1.0,1.0,2273273,1.0,1,4,2,1.0,,-1.0, -1,1964.0,B01,138Â 197Â 210,1.0,0.0,-1.0,1735063,1.0,7,,0.0,2.0,4.0,B01,138Â 197Â 210,1.0
1016437,201900057968,10,25,17:57,1,1,1,1.0,4.0,94065,A86 INT,M,"48,7546264","2,3478660",94,2019,90.0,1.0,1.0,1.0,2273273,1.0,1,4,2,1.0,,-1.0, -1,1964.0,B01,138Â 197Â 210,1.0,0.0,-1.0,1735064,1.0,7,,0.0,2.0,1.0,C01,138Â 197Â 211,1.0
1016437,201900057968,10,25,17:57,1,1,1,1.0,4.0,94065,A86 INT,M,"48,7546264","2,3478660",94,2019,90.0,1.0,1.0,1.0,2273274,1.0,1,1,2,1.0,,-1.0, -1,1978.0,C01,138Â 197Â 211,1.0,0.0,-1.0,1735062,1.0,7,,0.0,2.0,4.0,A01,138Â 197Â 201,1.0
1016437,201900057968,10,25,17:57,1,1,1,1.0,4.0,94065,A86 INT,M,"48,7546264","2,3478660",94,2019,90.0,1.0,1.0,1.0,2273274,1.0,1,1,2,1.0,,-1.0, -1,1978.0,C01,138Â 197Â 211,1.0,0.0,-1.0,1735063,1.0,7,,0.0,2.0,4.0,B01,138Â 197Â 210,1.0
1016437,201900057968,10,25,17:57,1,1,1,1.0,4.0,94065,A86 INT,M,"48,7546264","2,3478660",94,2019,90.0,1.0,1.0,1.0,2273274,1.0,1,1,2,1.0,,-1.0, -1,1978.0,C01,138Â 197Â 211,1.0,0.0,-1.0,1735064,1.0,7,,0.0,2.0,1.0,C01,138Â 197Â 211,1.0
1016438,201900057969,9,20,17:35,1,2,2,1.0,3.0,75115,AVENUE ALBERT BARTHOLOME,M,"48,8289399","2,2941148",75,2019,50.0,1.0,1.0,4.0,2273275,1.0,1,1,2,0.0,,0.0,0,1985.0,A01,138Â 197Â 202,1.0,0.0,-1.0,1735065,2.0,7,,0.0,2.0,7.0,A01,138Â 197Â 202,1.0
1016438,201900057969,9,20,17:35,1,2,2,1.0,3.0,75115,AVENUE ALBERT BARTHOLOME,M,"48,8289399","2,2941148",75,2019,50.0,1.0,1.0,4.0,2273275,1.0,1,1,2,0.0,,0.0,0,1985.0,A01,138Â 197Â 202,1.0,0.0,-1.0,1735066,2.0,1,,0.0,2.0,7.0,B01,138Â 197Â 234,5.0
1016438,201900057969,9,20,17:35,1,2,2,1.0,3.0,75115,AVENUE ALBERT BARTHOLOME,M,"48,8289399","2,2941148",75,2019,50.0,1.0,1.0,4.0,2273276,1.0,1,4,1,0.0,,0.0,0,1948.0,B01,138Â 197Â 234,8.0,2.0,-1.0,1735065,2.0,7,,0.0,2.0,7.0,A01,138Â 197Â 202,1.0
1016438,201900057969,9,20,17:35,1,2,2,1.0,3.0,75115,AVENUE ALBERT BARTHOLOME,M,"48,8289399","2,2941148",75,2019,50.0,1.0,1.0,4.0,2273276,1.0,1,4,1,0.0,,0.0,0,1948.0,B01,138Â 197Â 234,8.0,2.0,-1.0,1735066,2.0,1,,0.0,2.0,7.0,B01,138Â 197Â 234,5.0
1016439,201900057970,2,16,19:15,3,1,1,1.0,6.0,62559,D15,M,"50,2045840","3,0925260",62,2019,80.0,1.0,1.0,3.0,2273277,1.0,1,1,2,5.0,,0.0,0,1959.0,A01,138Â 197Â 195,1.0,-1.0,-1.0,1735067,1.0,7,,0.0,1.0,2.0,A01,138Â 197Â 195,1.0
1016439,201900057970,2,16,19:15,3,1,1,1.0,6.0,62559,D15,M,"50,2045840","3,0925260",62,2019,80.0,1.0,1.0,3.0,2273278,10.0,3,3,1,5.0,,1.0,1,1978.0,A01,138Â 197Â 195,0.0,-1.0,-1.0,1735067,1.0,7,,0.0,1.0,2.0,A01,138Â 197Â 195,1.0
1016440,201900057971,5,27,12:20,1,2,2,1.0,3.0,74243,Route de Thairy,M,"46,1408140","6,0702940",74,2019,30.0,1.0,1.0,4.0,2273279,1.0,1,3,1,5.0,,0.0,0,2001.0,B01,138Â 197Â 193,2.0,6.0,-1.0,1735068,3.0,2,,0.0,2.0,1.0,B01,138Â 197Â 193,1.0
1016440,201900057971,5,27,12:20,1,2,2,1.0,3.0,74243,Route de Thairy,M,"46,1408140","6,0702940",74,2019,30.0,1.0,1.0,4.0,2273279,1.0,1,3,1,5.0,,0.0,0,2001.0,B01,138Â 197Â 193,2.0,6.0,-1.0,1735069,3.0,10,,0.0,2.0,6.0,A01,138Â 197Â 194,0.0
1016440,201900057971,5,27,12:20,1,2,2,1.0,3.0,74243,Route de Thairy,M,"46,1408140","6,0702940",74,2019,30.0,1.0,1.0,4.0,2273280,1.0,1,1,1,4.0,,0.0,0,1995.0,A01,138Â 197Â 194,1.0,-1.0,-1.0,1735068,3.0,2,,0.0,2.0,1.0,B01,138Â 197Â 193,1.0
1016440,201900057971,5,27,12:20,1,2,2,1.0,3.0,74243,Route de Thairy,M,"46,1408140","6,0702940",74,2019,30.0,1.0,1.0,4.0,2273280,1.0,1,1,1,4.0,,0.0,0,1995.0,A01,138Â 197Â 194,1.0,-1.0,-1.0,1735069,3.0,10,,0.0,2.0,6.0,A01,138Â 197Â 194,0.0
1016441,201900057972,2,17,16:55,1,1,1,1.0,7.0,77278,D111,M,"48,7794190","3,1704650",77,2019,80.0,3.0,1.0,3.0,2273281,1.0,1,4,1,5.0,,0.0,0,1989.0,A01,138Â 197Â 186,2.0,6.0,-1.0,1735070,2.0,2,,12.0,0.0,0.0,A01,138Â 197Â 186,1.0
1016442,201900057973,9,20,22:45,5,2,1,1.0,4.0,75113,PONT CHARLES DE GAULLE,M,"48,8424640","2,3689890",75,2019,50.0,1.0,1.0,4.0,2273282,1.0,1,1,2,5.0,,0.0,0,1987.0,A01,138Â 197Â 183,1.0,0.0,-1.0,1735071,1.0,7,,0.0,2.0,1.0,A01,138Â 197Â 183,1.0
1016442,201900057973,9,20,22:45,5,2,1,1.0,4.0,75113,PONT CHARLES DE GAULLE,M,"48,8424640","2,3689890",75,2019,50.0,1.0,1.0,4.0,2273282,1.0,1,1,2,5.0,,0.0,0,1987.0,A01,138Â 197Â 183,1.0,0.0,-1.0,1735072,1.0,7,,0.0,2.0,4.0,B01,138Â 197Â 184,1.0
1016442,201900057973,9,20,22:45,5,2,1,1.0,4.0,75113,PONT CHARLES DE GAULLE,M,"48,8424640","2,3689890",75,2019,50.0,1.0,1.0,4.0,2273282,1.0,1,1,2,5.0,,0.0,0,1987.0,A01,138Â 197Â 183,1.0,0.0,-1.0,1735073,1.0,7,,0.0,2.0,4.0,C01,138Â 197Â 185,1.0
1016442,201900057973,9,20,22:45,5,2,1,1.0,4.0,75113,PONT CHARLES DE GAULLE,M,"48,8424640","2,3689890",75,2019,50.0,1.0,1.0,4.0,2273283,2.0,2,4,2,5.0,,0.0,0,1970.0,B01,138Â 197Â 184,1.0,0.0,-1.0,1735071,1.0,7,,0.0,2.0,1.0,A01,138Â 197Â 183,1.0
1016442,201900057973,9,20,22:45,5,2,1,1.0,4.0,75113,PONT CHARLES DE GAULLE,M,"48,8424640","2,3689890",75,2019,50.0,1.0,1.0,4.0,2273283,2.0,2,4,2,5.0,,0.0,0,1970.0,B01,138Â 197Â 184,1.0,0.0,-1.0,1735072,1.0,7,,0.0,2.0,4.0,B01,138Â 197Â 184,1.0
1016442,201900057973,9,20,22:45,5,2,1,1.0,4.0,75113,PONT CHARLES DE GAULLE,M,"48,8424640","2,3689890",75,2019,50.0,1.0,1.0,4.0,2273283,2.0,2,4,2,5.0,,0.0,0,1970.0,B01,138Â 197Â 184,1.0,0.0,-1.0,1735073,1.0,7,,0.0,2.0,4.0,C01,138Â 197Â 185,1.0
1016442,201900057973,9,20,22:45,5,2,1,1.0,4.0,75113,PONT CHARLES DE GAULLE,M,"48,8424640","2,3689890",75,2019,50.0,1.0,1.0,4.0,2273284,1.0,1,1,1,5.0,,0.0,0,1971.0,B01,138Â 197Â 184,1.0,0.0,-1.0,1735071,1.0,7,,0.0,2.0,1.0,A01,138Â 197Â 183,1.0
1016442,201900057973,9,20,22:45,5,2,1,1.0,4.0,75113,PONT CHARLES DE GAULLE,M,"48,8424640","2,3689890",75,2019,50.0,1.0,1.0,4.0,2273284,1.0,1,1,1,5.0,,0.0,0,1971.0,B01,138Â 197Â 184,1.0,0.0,-1.0,1735072,1.0,7,,0.0,2.0,4.0,B01,138Â 197Â 184,1.0
1016442,201900057973,9,20,22:45,5,2,1,1.0,4.0,75113,PONT CHARLES DE GAULLE,M,"48,8424640","2,3689890",75,2019,50.0,1.0,1.0,4.0,2273284,1.0,1,1,1,5.0,,0.0,0,1971.0,B01,138Â 197Â 184,1.0,0.0,-1.0,1735073,1.0,7,,0.0,2.0,4.0,C01,138Â 197Â 185,1.0
1016442,201900057973,9,20,22:45,5,2,1,1.0,4.0,75113,PONT CHARLES DE GAULLE,M,"48,8424640","2,3689890",75,2019,50.0,1.0,1.0,4.0,2273285,1.0,1,4,2,5.0,,0.0,0,1976.0,C01,138Â 197Â 185,1.0,0.0,-1.0,1735071,1.0,7,,0.0,2.0,1.0,A01,138Â 197Â 183,1.0
1016442,201900057973,9,20,22:45,5,2,1,1.0,4.0,75113,PONT CHARLES DE GAULLE,M,"48,8424640","2,3689890",75,2019,50.0,1.0,1.0,4.0,2273285,1.0,1,4,2,5.0,,0.0,0,1976.0,C01,138Â 197Â 185,1.0,0.0,-1.0,1735072,1.0,7,,0.0,2.0,4.0,B01,138Â 197Â 184,1.0
1016442,201900057973,9,20,22:45,5,2,1,1.0,4.0,75113,PONT CHARLES DE GAULLE,M,"48,8424640","2,3689890",75,2019,50.0,1.0,1.0,4.0,2273285,1.0,1,4,2,5.0,,0.0,0,1976.0,C01,138Â 197Â 185,1.0,0.0,-1.0,1735073,1.0,7,,0.0,2.0,4.0,C01,138Â 197Â 185,1.0
1016443,201900057974,3,25,12:25,1,2,3,1.0,3.0,59512,SEBASTOPOL (RUE DE),M,"50,6892000","3,1708580",59,2019,50.0,1.0,1.0,4.0,2273286,1.0,1,3,2,9.0,,-1.0,0,1969.0,B01,138Â 197Â 189,8.0,0.0,-1.0,1735074,1.0,1,,0.0,2.0,2.0,B01,138Â 197Â 189,5.0
1016443,201900057974,3,25,12:25,1,2,3,1.0,3.0,59512,SEBASTOPOL (RUE DE),M,"50,6892000","3,1708580",59,2019,50.0,1.0,1.0,4.0,2273286,1.0,1,3,2,9.0,,-1.0,0,1969.0,B01,138Â 197Â 189,8.0,0.0,-1.0,1735075,3.0,7,,0.0,2.0,3.0,A01,138Â 197Â 192,1.0
1016443,201900057974,3,25,12:25,1,2,3,1.0,3.0,59512,SEBASTOPOL (RUE DE),M,"50,6892000","3,1708580",59,2019,50.0,1.0,1.0,4.0,2273287,1.0,1,1,1,1.0,,-1.0,0,1985.0,A01,138Â 197Â 192,1.0,0.0,-1.0,1735074,1.0,1,,0.0,2.0,2.0,B01,138Â 197Â 189,5.0
1016443,201900057974,3,25,12:25,1,2,3,1.0,3.0,59512,SEBASTOPOL (RUE DE),M,"50,6892000","3,1708580",59,2019,50.0,1.0,1.0,4.0,2273287,1.0,1,1,1,1.0,,-1.0,0,1985.0,A01,138Â 197Â 192,1.0,0.0,-1.0,1735075,3.0,7,,0.0,2.0,3.0,A01,138Â 197Â 192,1.0
1016444,201900057975,3,26,20:50,5,2,1,1.0,6.0,59527,DE LATTRE TASSIGNY AVNÂ°270A620,M,"50,6622500","3,0338300",59,2019,50.0,1.0,1.0,4.0,2273288,10.0,3,4,1,4.0,,6.0,A,1978.0,A01,138Â 197Â 180,8.0,0.0,-1.0,1735076,2.0,7,,0.0,1.0,2.0,A01,138Â 197Â 180,1.0
1016444,201900057975,3,26,20:50,5,2,1,1.0,6.0,59527,DE LATTRE TASSIGNY AVNÂ°270A620,M,"50,6622500","3,0338300",59,2019,50.0,1.0,1.0,4.0,2273289,1.0,1,1,1,5.0,,-1.0,0,1980.0,A01,138Â 197Â 180,8.0,0.0,-1.0,1735076,2.0,7,,0.0,1.0,2.0,A01,138Â 197Â 180,1.0