Unnamed: 0_x,num_acc,mois,jour,hrmn,lum,agg,int,atm,col,com,adr,gps,lat,long,dep,annee,vma,situ,surf,catr,Unnamed: 0_y,place,catu,grav,sexe,trajet,secu,locp,actp,an_nais,num_veh_x,id_vehicule_x,secu1,secu2,secu3,Unnamed: 0,senc,catv,occutc,obs,obsm,choc,num_veh_y,id_vehicule_y,motor
1016445,201900057976,3,7,15:30,1,2,1,1.0,3.0,54395,VINGTIEME CORPS (AVENUE DU),M,"48,6970660","6,1980960",54,2019,50.0,1.0,1.0,4.0,2273290,1.0,1,4,1,0.0,,-1.0,0,1997.0,B01,138Â 197Â 178,2.0,0.0,-1.0,1735077,1.0,30,,0.0,2.0,0.0,B01,138Â 197Â 178,1.0
1016445,201900057976,3,7,15:30,1,2,1,1.0,3.0,54395,VINGTIEME CORPS (AVENUE DU),M,"48,6970660","6,1980960",54,2019,50.0,1.0,1.0,4.0,2273290,1.0,1,4,1,0.0,,-1.0,0,1997.0,B01,138Â 197Â 178,2.0,0.0,-1.0,1735078,1.0,7,,0.0,2.0,0.0,A01,138Â 197Â 179,1.0
1016445,201900057976,3,7,15:30,1,2,1,1.0,3.0,54395,VINGTIEME CORPS (AVENUE DU),M,"48,6970660","6,1980960",54,2019,50.0,1.0,1.0,4.0,2273291,1.0,1,1,1,0.0,,-1.0,0,1960.0,A01,138Â 197Â 179,1.0,0.0,-1.0,1735077,1.0,30,,0.0,2.0,0.0,B01,138Â 197Â 178,1.0
1016445,201900057976,3,7,15:30,1,2,1,1.0,3.0,54395,VINGTIEME CORPS (AVENUE DU),M,"48,6970660","6,1980960",54,2019,50.0,1.0,1.0,4.0,2273291,1.0,1,1,1,0.0,,-1.0,0,1960.0,A01,138Â 197Â 179,1.0,0.0,-1.0,1735078,1.0,7,,0.0,2.0,0.0,A01,138Â 197Â 179,1.0
1016446,201900057977,3,21,15:55,1,2,1,1.0,6.0,54274,REPUBLIQUE (RUE DE LA),M,"48,6713570","6,2057260",54,2019,50.0,1.0,1.0,4.0,2273292,1.0,1,1,1,0.0,,-1.0,0,1977.0,A01,138Â 197Â 177,2.0,0.0,-1.0,1735079,1.0,1,,0.0,1.0,0.0,A01,138Â 197Â 177,5.0
1016446,201900057977,3,21,15:55,1,2,1,1.0,6.0,54274,REPUBLIQUE (RUE DE LA),M,"48,6713570","6,2057260",54,2019,50.0,1.0,1.0,4.0,2273293,10.0,3,3,2,0.0,,3.0,3,1948.0,A01,138Â 197Â 177,8.0,0.0,-1.0,1735079,1.0,1,,0.0,1.0,0.0,A01,138Â 197Â 177,5.0
1016447,201900057978,6,27,09:20,1,2,1,1.0,6.0,54329,RUE RENE BASSET,M,"48,5919800","6,4960400",54,2019,30.0,2.0,1.0,4.0,2273294,10.0,3,2,1,5.0,,3.0,3,1933.0,A01,138Â 197Â 176,8.0,0.0,-1.0,1735080,1.0,7,,0.0,1.0,2.0,A01,138Â 197Â 176,1.0
1016447,201900057978,6,27,09:20,1,2,1,1.0,6.0,54329,RUE RENE BASSET,M,"48,5919800","6,4960400",54,2019,30.0,2.0,1.0,4.0,2273295,1.0,1,1,1,0.0,,-1.0,0,1932.0,A01,138Â 197Â 176,1.0,8.0,-1.0,1735080,1.0,7,,0.0,1.0,2.0,A01,138Â 197Â 176,1.0
1016448,201900057979,10,25,08:50,1,1,1,1.0,2.0,94017,A4,M,"48,8266000","2,5215000",94,2019,110.0,1.0,1.0,1.0,2273296,1.0,1,1,1,1.0,,-1.0, -1,1976.0,B01,138Â 197Â 187,1.0,0.0,-1.0,1735081,2.0,7,,0.0,2.0,7.0,B01,138Â 197Â 187,1.0
1016448,201900057979,10,25,08:50,1,1,1,1.0,2.0,94017,A4,M,"48,8266000","2,5215000",94,2019,110.0,1.0,1.0,1.0,2273296,1.0,1,1,1,1.0,,-1.0, -1,1976.0,B01,138Â 197Â 187,1.0,0.0,-1.0,1735082,2.0,33,,0.0,2.0,1.0,A01,138Â 197Â 190,1.0
1016448,201900057979,10,25,08:50,1,1,1,1.0,2.0,94017,A4,M,"48,8266000","2,5215000",94,2019,110.0,1.0,1.0,1.0,2273297,1.0,1,4,1,1.0,,-1.0, -1,1993.0,A01,138Â 197Â 190,2.0,6.0,-1.0,1735081,2.0,7,,0.0,2.0,7.0,B01,138Â 197Â 187,1.0
1016448,201900057979,10,25,08:50,1,1,1,1.0,2.0,94017,A4,M,"48,8266000","2,5215000",94,2019,110.0,1.0,1.0,1.0,2273297,1.0,1,4,1,1.0,,-1.0, -1,1993.0,A01,138Â 197Â 190,2.0,6.0,-1.0,1735082,2.0,33,,0.0,2.0,1.0,A01,138Â 197Â 190,1.0
1016449,201900057980,5,30,13:00,1,1,3,1.0,2.0,74116,Route du Col d'Ãvires,M,"46,0455088","6,2571437",74,2019,80.0,1.0,1.0,3.0,2273298,1.0,1,3,1,5.0,,0.0,0,2000.0,B01,138Â 197Â 174,2.0,-1.0,-1.0,1735083,2.0,33,,0.0,2.0,2.0,B01,138Â 197Â 174,1.0
1016449,201900057980,5,30,13:00,1,1,3,1.0,2.0,74116,Route du Col d'Ãvires,M,"46,0455088","6,2571437",74,2019,80.0,1.0,1.0,3.0,2273298,1.0,1,3,1,5.0,,0.0,0,2000.0,B01,138Â 197Â 174,2.0,-1.0,-1.0,1735084,2.0,7,,0.0,2.0,6.0,A01,138Â 197Â 175,1.0
1016449,201900057980,5,30,13:00,1,1,3,1.0,2.0,74116,Route du Col d'Ãvires,M,"46,0455088","6,2571437",74,2019,80.0,1.0,1.0,3.0,2273299,1.0,1,1,1,5.0,,0.0,0,1978.0,A01,138Â 197Â 175,1.0,-1.0,-1.0,1735083,2.0,33,,0.0,2.0,2.0,B01,138Â 197Â 174,1.0
1016449,201900057980,5,30,13:00,1,1,3,1.0,2.0,74116,Route du Col d'Ãvires,M,"46,0455088","6,2571437",74,2019,80.0,1.0,1.0,3.0,2273299,1.0,1,1,1,5.0,,0.0,0,1978.0,A01,138Â 197Â 175,1.0,-1.0,-1.0,1735084,2.0,7,,0.0,2.0,6.0,A01,138Â 197Â 175,1.0
1016450,201900057981,2,17,15:15,1,1,1,1.0,2.0,77182,D46,M,"48,8093700","3,3160900",77,2019,80.0,1.0,1.0,3.0,2273300,1.0,1,4,1,5.0,,0.0,0,1968.0,B01,138Â 197Â 181,2.0,7.0,-1.0,1735085,1.0,33,,0.0,0.0,4.0,B01,138Â 197Â 181,1.0
1016450,201900057981,2,17,15:15,1,1,1,1.0,2.0,77182,D46,M,"48,8093700","3,3160900",77,2019,80.0,1.0,1.0,3.0,2273300,1.0,1,4,1,5.0,,0.0,0,1968.0,B01,138Â 197Â 181,2.0,7.0,-1.0,1735086,1.0,33,,0.0,2.0,2.0,A01,138Â 197Â 182,1.0
1016450,201900057981,2,17,15:15,1,1,1,1.0,2.0,77182,D46,M,"48,8093700","3,3160900",77,2019,80.0,1.0,1.0,3.0,2273301,1.0,1,4,1,5.0,,0.0,0,1974.0,A01,138Â 197Â 182,2.0,6.0,4.0,1735085,1.0,33,,0.0,0.0,4.0,B01,138Â 197Â 181,1.0
1016450,201900057981,2,17,15:15,1,1,1,1.0,2.0,77182,D46,M,"48,8093700","3,3160900",77,2019,80.0,1.0,1.0,3.0,2273301,1.0,1,4,1,5.0,,0.0,0,1974.0,A01,138Â 197Â 182,2.0,6.0,4.0,1735086,1.0,33,,0.0,2.0,2.0,A01,138Â 197Â 182,1.0
1016451,201900057982,8,17,21:50,3,1,1,1.0,3.0,13085,A50-Sens Aubagne vers Toulon,M,"43,2399615","5,5923217",13,2019,90.0,1.0,1.0,1.0,2273302,2.0,2,1,1,5.0,,-1.0,0,1999.0,B01,138Â 197Â 188,1.0,0.0,-1.0,1735087,1.0,7,,0.0,2.0,2.0,B01,138Â 197Â 188,1.0
1016451,201900057982,8,17,21:50,3,1,1,1.0,3.0,13085,A50-Sens Aubagne vers Toulon,M,"43,2399615","5,5923217",13,2019,90.0,1.0,1.0,1.0,2273302,2.0,2,1,1,5.0,,-1.0,0,1999.0,B01,138Â 197Â 188,1.0,0.0,-1.0,1735088,1.0,7,,3.0,2.0,8.0,A01,138Â 197Â 191,1.0
1016451,201900057982,8,17,21:50,3,1,1,1.0,3.0,13085,A50-Sens Aubagne vers Toulon,M,"43,2399615","5,5923217",13,2019,90.0,1.0,1.0,1.0,2273303,3.0,2,1,1,5.0,,-1.0,0,1999.0,B01,138Â 197Â 188,1.0,0.0,-1.0,1735087,1.0,7,,0.0,2.0,2.0,B01,138Â 197Â 188,1.0
1016451,201900057982,8,17,21:50,3,1,1,1.0,3.0,13085,A50-Sens Aubagne vers Toulon,M,"43,2399615","5,5923217",13,2019,90.0,1.0,1.0,1.0,2273303,3.0,2,1,1,5.0,,-1.0,0,1999.0,B01,138Â 197Â 188,1.0,0.0,-1.0,1735088,1.0,7,,3.0,2.0,8.0,A01,138Â 197Â 191,1.0
1016451,201900057982,8,17,21:50,3,1,1,1.0,3.0,13085,A50-Sens Aubagne vers Toulon,M,"43,2399615","5,5923217",13,2019,90.0,1.0,1.0,1.0,2273304,1.0,1,1,1,5.0,,-1.0,0,1998.0,B01,138Â 197Â 188,1.0,0.0,-1.0,1735087,1.0,7,,0.0,2.0,2.0,B01,138Â 197Â 188,1.0
1016451,201900057982,8,17,21:50,3,1,1,1.0,3.0,13085,A50-Sens Aubagne vers Toulon,M,"43,2399615","5,5923217",13,2019,90.0,1.0,1.0,1.0,2273304,1.0,1,1,1,5.0,,-1.0,0,1998.0,B01,138Â 197Â 188,1.0,0.0,-1.0,1735088,1.0,7,,3.0,2.0,8.0,A01,138Â 197Â 191,1.0
1016451,201900057982,8,17,21:50,3,1,1,1.0,3.0,13085,A50-Sens Aubagne vers Toulon,M,"43,2399615","5,5923217",13,2019,90.0,1.0,1.0,1.0,2273305,1.0,1,4,2,5.0,,-1.0,0,1998.0,A01,138Â 197Â 191,1.0,8.0,-1.0,1735087,1.0,7,,0.0,2.0,2.0,B01,138Â 197Â 188,1.0
1016451,201900057982,8,17,21:50,3,1,1,1.0,3.0,13085,A50-Sens Aubagne vers Toulon,M,"43,2399615","5,5923217",13,2019,90.0,1.0,1.0,1.0,2273305,1.0,1,4,2,5.0,,-1.0,0,1998.0,A01,138Â 197Â 191,1.0,8.0,-1.0,1735088,1.0,7,,3.0,2.0,8.0,A01,138Â 197Â 191,1.0
1016451,201900057982,8,17,21:50,3,1,1,1.0,3.0,13085,A50-Sens Aubagne vers Toulon,M,"43,2399615","5,5923217",13,2019,90.0,1.0,1.0,1.0,2273306,2.0,2,4,2,5.0,,-1.0,0,1999.0,A01,138Â 197Â 191,1.0,0.0,-1.0,1735087,1.0,7,,0.0,2.0,2.0,B01,138Â 197Â 188,1.0
1016451,201900057982,8,17,21:50,3,1,1,1.0,3.0,13085,A50-Sens Aubagne vers Toulon,M,"43,2399615","5,5923217",13,2019,90.0,1.0,1.0,1.0,2273306,2.0,2,4,2,5.0,,-1.0,0,1999.0,A01,138Â 197Â 191,1.0,0.0,-1.0,1735088,1.0,7,,3.0,2.0,8.0,A01,138Â 197Â 191,1.0
1016452,201900057983,5,15,21:30,5,2,6,1.0,6.0,74056,Avenue de Courmayeur,M,"45,9173370","6,8671140",74,2019,50.0,4.0,1.0,4.0,2273307,1.0,1,4,1,5.0,,0.0,0,1977.0,A01,138Â 197Â 171,1.0,-1.0,-1.0,1735089,3.0,7,,12.0,0.0,2.0,A01,138Â 197Â 171,1.0
1016452,201900057983,5,15,21:30,5,2,6,1.0,6.0,74056,Avenue de Courmayeur,M,"45,9173370","6,8671140",74,2019,50.0,4.0,1.0,4.0,2273308,7.0,2,3,1,5.0,,0.0,0,1966.0,A01,138Â 197Â 171,8.0,-1.0,-1.0,1735089,3.0,7,,12.0,0.0,2.0,A01,138Â 197Â 171,1.0
1016452,201900057983,5,15,21:30,5,2,6,1.0,6.0,74056,Avenue de Courmayeur,M,"45,9173370","6,8671140",74,2019,50.0,4.0,1.0,4.0,2273309,2.0,2,4,2,5.0,,0.0,0,1973.0,A01,138Â 197Â 171,1.0,-1.0,-1.0,1735089,3.0,7,,12.0,0.0,2.0,A01,138Â 197Â 171,1.0
1016453,201900057984,2,15,18:05,2,1,1,1.0,7.0,77385,D204,M,"48,8353100","3,2376400",77,2019,80.0,8.0,1.0,3.0,2273310,1.0,1,4,1,5.0,,0.0,0,1973.0,A01,138Â 197Â 170,1.0,-1.0,-1.0,1735090,1.0,7,,0.0,0.0,0.0,A01,138Â 197Â 170,0.0
1016454,201900057985,5,28,14:05,1,1,1,3.0,6.0,74003,D 16,M,"45,9052700","6,2059360",74,2019,70.0,1.0,2.0,3.0,2273311,1.0,1,4,1,9.0,,0.0,0,1979.0,B01,138Â 197Â 162,1.0,-1.0,-1.0,1735091,2.0,7,,0.0,2.0,1.0,B01,138Â 197Â 162,1.0
1016454,201900057985,5,28,14:05,1,1,1,3.0,6.0,74003,D 16,M,"45,9052700","6,2059360",74,2019,70.0,1.0,2.0,3.0,2273311,1.0,1,4,1,9.0,,0.0,0,1979.0,B01,138Â 197Â 162,1.0,-1.0,-1.0,1735092,1.0,7,,10.0,0.0,1.0,A01,138Â 197Â 165,1.0
1016454,201900057985,5,28,14:05,1,1,1,3.0,6.0,74003,D 16,M,"45,9052700","6,2059360",74,2019,70.0,1.0,2.0,3.0,2273312,1.0,1,3,1,4.0,,0.0,0,1989.0,A01,138Â 197Â 165,1.0,-1.0,-1.0,1735091,2.0,7,,0.0,2.0,1.0,B01,138Â 197Â 162,1.0
1016454,201900057985,5,28,14:05,1,1,1,3.0,6.0,74003,D 16,M,"45,9052700","6,2059360",74,2019,70.0,1.0,2.0,3.0,2273312,1.0,1,3,1,4.0,,0.0,0,1989.0,A01,138Â 197Â 165,1.0,-1.0,-1.0,1735092,1.0,7,,10.0,0.0,1.0,A01,138Â 197Â 165,1.0
1016455,201900057986,8,17,15:30,1,1,1,1.0,4.0,69091,A47   1.809 A 5.620,M,"45,5868600","4,7553520",69,2019,90.0,1.0,1.0,1.0,2273313,1.0,1,1,2,5.0,,-1.0,0,1946.0,C01,138Â 197Â 166,1.0,8.0,-1.0,1735093,2.0,7,,0.0,2.0,4.0,C01,138Â 197Â 166,1.0
1016455,201900057986,8,17,15:30,1,1,1,1.0,4.0,69091,A47   1.809 A 5.620,M,"45,5868600","4,7553520",69,2019,90.0,1.0,1.0,1.0,2273313,1.0,1,1,2,5.0,,-1.0,0,1946.0,C01,138Â 197Â 166,1.0,8.0,-1.0,1735094,2.0,7,,0.0,2.0,4.0,B01,138Â 197Â 168,1.0
1016455,201900057986,8,17,15:30,1,1,1,1.0,4.0,69091,A47   1.809 A 5.620,M,"45,5868600","4,7553520",69,2019,90.0,1.0,1.0,1.0,2273313,1.0,1,1,2,5.0,,-1.0,0,1946.0,C01,138Â 197Â 166,1.0,8.0,-1.0,1735095,2.0,7,,0.0,2.0,1.0,A01,138Â 197Â 169,1.0
1016455,201900057986,8,17,15:30,1,1,1,1.0,4.0,69091,A47   1.809 A 5.620,M,"45,5868600","4,7553520",69,2019,90.0,1.0,1.0,1.0,2273314,5.0,2,4,1,5.0,,-1.0,0,2004.0,B01,138Â 197Â 168,1.0,8.0,-1.0,1735093,2.0,7,,0.0,2.0,4.0,C01,138Â 197Â 166,1.0
1016455,201900057986,8,17,15:30,1,1,1,1.0,4.0,69091,A47   1.809 A 5.620,M,"45,5868600","4,7553520",69,2019,90.0,1.0,1.0,1.0,2273314,5.0,2,4,1,5.0,,-1.0,0,2004.0,B01,138Â 197Â 168,1.0,8.0,-1.0,1735094,2.0,7,,0.0,2.0,4.0,B01,138Â 197Â 168,1.0
1016455,201900057986,8,17,15:30,1,1,1,1.0,4.0,69091,A47   1.809 A 5.620,M,"45,5868600","4,7553520",69,2019,90.0,1.0,1.0,1.0,2273314,5.0,2,4,1,5.0,,-1.0,0,2004.0,B01,138Â 197Â 168,1.0,8.0,-1.0,1735095,2.0,7,,0.0,2.0,1.0,A01,138Â 197Â 169,1.0
1016455,201900057986,8,17,15:30,1,1,1,1.0,4.0,69091,A47   1.809 A 5.620,M,"45,5868600","4,7553520",69,2019,90.0,1.0,1.0,1.0,2273315,1.0,1,1,2,5.0,,-1.0,0,1967.0,B01,138Â 197Â 168,1.0,8.0,-1.0,1735093,2.0,7,,0.0,2.0,4.0,C01,138Â 197Â 166,1.0
1016455,201900057986,8,17,15:30,1,1,1,1.0,4.0,69091,A47   1.809 A 5.620,M,"45,5868600","4,7553520",69,2019,90.0,1.0,1.0,1.0,2273315,1.0,1,1,2,5.0,,-1.0,0,1967.0,B01,138Â 197Â 168,1.0,8.0,-1.0,1735094,2.0,7,,0.0,2.0,4.0,B01,138Â 197Â 168,1.0
1016455,201900057986,8,17,15:30,1,1,1,1.0,4.0,69091,A47   1.809 A 5.620,M,"45,5868600","4,7553520",69,2019,90.0,1.0,1.0,1.0,2273315,1.0,1,1,2,5.0,,-1.0,0,1967.0,B01,138Â 197Â 168,1.0,8.0,-1.0,1735095,2.0,7,,0.0,2.0,1.0,A01,138Â 197Â 169,1.0
1016455,201900057986,8,17,15:30,1,1,1,1.0,4.0,69091,A47   1.809 A 5.620,M,"45,5868600","4,7553520",69,2019,90.0,1.0,1.0,1.0,2273316,2.0,2,4,2,5.0,,-1.0,0,1971.0,A01,138Â 197Â 169,1.0,8.0,-1.0,1735093,2.0,7,,0.0,2.0,4.0,C01,138Â 197Â 166,1.0
1016455,201900057986,8,17,15:30,1,1,1,1.0,4.0,69091,A47   1.809 A 5.620,M,"45,5868600","4,7553520",69,2019,90.0,1.0,1.0,1.0,2273316,2.0,2,4,2,5.0,,-1.0,0,1971.0,A01,138Â 197Â 169,1.0,8.0,-1.0,1735094,2.0,7,,0.0,2.0,4.0,B01,138Â 197Â 168,1.0
1016455,201900057986,8,17,15:30,1,1,1,1.0,4.0,69091,A47   1.809 A 5.620,M,"45,5868600","4,7553520",69,2019,90.0,1.0,1.0,1.0,2273316,2.0,2,4,2,5.0,,-1.0,0,1971.0,A01,138Â 197Â 169,1.0,8.0,-1.0,1735095,2.0,7,,0.0,2.0,1.0,A01,138Â 197Â 169,1.0
1016455,201900057986,8,17,15:30,1,1,1,1.0,4.0,69091,A47   1.809 A 5.620,M,"45,5868600","4,7553520",69,2019,90.0,1.0,1.0,1.0,2273317,1.0,1,4,2,5.0,,-1.0,0,1980.0,A01,138Â 197Â 169,1.0,8.0,-1.0,1735093,2.0,7,,0.0,2.0,4.0,C01,138Â 197Â 166,1.0
1016455,201900057986,8,17,15:30,1,1,1,1.0,4.0,69091,A47   1.809 A 5.620,M,"45,5868600","4,7553520",69,2019,90.0,1.0,1.0,1.0,2273317,1.0,1,4,2,5.0,,-1.0,0,1980.0,A01,138Â 197Â 169,1.0,8.0,-1.0,1735094,2.0,7,,0.0,2.0,4.0,B01,138Â 197Â 168,1.0
1016455,201900057986,8,17,15:30,1,1,1,1.0,4.0,69091,A47   1.809 A 5.620,M,"45,5868600","4,7553520",69,2019,90.0,1.0,1.0,1.0,2273317,1.0,1,4,2,5.0,,-1.0,0,1980.0,A01,138Â 197Â 169,1.0,8.0,-1.0,1735095,2.0,7,,0.0,2.0,1.0,A01,138Â 197Â 169,1.0
1016456,201900057987,2,1,05:00,3,1,1,1.0,2.0,41228,D917,M,"47,7650280","0,9304150",41,2019,80.0,1.0,1.0,3.0,2273318,1.0,1,3,1,0.0,,0.0,0,1976.0,B01,138Â 197Â 161,2.0,6.0,-1.0,1735096,2.0,2,,0.0,0.0,4.0,B01,138Â 197Â 161,0.0
1016456,201900057987,2,1,05:00,3,1,1,1.0,2.0,41228,D917,M,"47,7650280","0,9304150",41,2019,80.0,1.0,1.0,3.0,2273318,1.0,1,3,1,0.0,,0.0,0,1976.0,B01,138Â 197Â 161,2.0,6.0,-1.0,1735097,2.0,7,,0.0,2.0,2.0,A01,138Â 197Â 163,0.0
1016456,201900057987,2,1,05:00,3,1,1,1.0,2.0,41228,D917,M,"47,7650280","0,9304150",41,2019,80.0,1.0,1.0,3.0,2273319,1.0,1,1,1,0.0,,0.0,0,1988.0,A01,138Â 197Â 163,1.0,5.0,-1.0,1735096,2.0,2,,0.0,0.0,4.0,B01,138Â 197Â 161,0.0
1016456,201900057987,2,1,05:00,3,1,1,1.0,2.0,41228,D917,M,"47,7650280","0,9304150",41,2019,80.0,1.0,1.0,3.0,2273319,1.0,1,1,1,0.0,,0.0,0,1988.0,A01,138Â 197Â 163,1.0,5.0,-1.0,1735097,2.0,7,,0.0,2.0,2.0,A01,138Â 197Â 163,0.0
1016457,201900057988,5,16,18:25,1,1,1,1.0,7.0,73249,Chemin de la Viager,M,"45,5340174","5,9826006",73,2019,80.0,1.0,9.0,4.0,2273320,1.0,1,3,1,0.0,,0.0,0,1967.0,A01,138Â 197Â 160,2.0,6.0,-1.0,1735098,2.0,33,,0.0,0.0,8.0,A01,138Â 197Â 160,1.0
1016458,201900057989,2,17,08:30,1,1,1,1.0,6.0,83073,3640 RD97,M,"43,3620930","6,2947530",83,2019,80.0,3.0,1.0,3.0,2273321,1.0,1,4,1,5.0,,0.0,0,1995.0,A01,138Â 197Â 159,1.0,-1.0,-1.0,1735099,1.0,7,,8.0,0.0,3.0,A01,138Â 197Â 159,1.0
1016459,201900057990,2,15,06:10,5,2,1,1.0,6.0,83073,BOULEVARD CHARLES GAUDIN,M,"43,3927630","6,3163940",83,2019,50.0,1.0,1.0,4.0,2273322,1.0,1,1,1,1.0,,0.0,0,1993.0,A01,138Â 197Â 155,1.0,-1.0,-1.0,1735100,1.0,10,,0.0,1.0,2.0,A01,138Â 197Â 155,1.0
1016459,201900057990,2,15,06:10,5,2,1,1.0,6.0,83073,BOULEVARD CHARLES GAUDIN,M,"43,3927630","6,3163940",83,2019,50.0,1.0,1.0,4.0,2273323,10.0,3,3,1,1.0,,3.0,3,1971.0,A01,138Â 197Â 155,0.0,-1.0,-1.0,1735100,1.0,10,,0.0,1.0,2.0,A01,138Â 197Â 155,1.0
1016460,201900057991,10,23,10:35,1,2,2,1.0,6.0,63113,BONNABAUD (RUE),M,"45,7767696","3,0787111",63,2019,50.0,1.0,2.0,4.0,2273324,10.0,3,3,2,0.0,,4.0,3,1936.0,A01,138Â 197Â 153,8.0,0.0,-1.0,1735101,1.0,7,,0.0,1.0,1.0,A01,138Â 197Â 153,1.0
1016460,201900057991,10,23,10:35,1,2,2,1.0,6.0,63113,BONNABAUD (RUE),M,"45,7767696","3,0787111",63,2019,50.0,1.0,2.0,4.0,2273325,1.0,1,1,2,0.0,,0.0,0,1971.0,A01,138Â 197Â 153,1.0,0.0,-1.0,1735101,1.0,7,,0.0,1.0,1.0,A01,138Â 197Â 153,1.0
1016461,201900057992,2,14,23:15,3,1,1,1.0,6.0,83140,,M,"43,4170300","5,8702400",83,2019,80.0,3.0,1.0,3.0,2273326,2.0,2,3,2,5.0,,0.0,0,1987.0,A01,138Â 197Â 149,1.0,-1.0,-1.0,1735102,2.0,7,,2.0,0.0,2.0,A01,138Â 197Â 149,1.0
1016461,201900057992,2,14,23:15,3,1,1,1.0,6.0,83140,,M,"43,4170300","5,8702400",83,2019,80.0,3.0,1.0,3.0,2273327,1.0,1,1,1,5.0,,0.0,0,1988.0,A01,138Â 197Â 149,8.0,-1.0,-1.0,1735102,2.0,7,,2.0,0.0,2.0,A01,138Â 197Â 149,1.0
1016462,201900057993,2,13,18:00,5,2,1,1.0,3.0,57294,RUE PRINCIPALE,M,"49,0946140","7,4540080",57,2019,50.0,1.0,1.0,3.0,2273328,1.0,1,1,1,5.0,,0.0,0,1960.0,B01,138Â 197Â 146,1.0,-1.0,-1.0,1735103,2.0,7,,0.0,2.0,3.0,B01,138Â 197Â 146,1.0
1016462,201900057993,2,13,18:00,5,2,1,1.0,3.0,57294,RUE PRINCIPALE,M,"49,0946140","7,4540080",57,2019,50.0,1.0,1.0,3.0,2273328,1.0,1,1,1,5.0,,0.0,0,1960.0,B01,138Â 197Â 146,1.0,-1.0,-1.0,1735104,1.0,7,,0.0,2.0,3.0,A01,138Â 197Â 147,1.0
1016462,201900057993,2,13,18:00,5,2,1,1.0,3.0,57294,RUE PRINCIPALE,M,"49,0946140","7,4540080",57,2019,50.0,1.0,1.0,3.0,2273329,1.0,1,3,1,5.0,,0.0,0,1978.0,A01,138Â 197Â 147,1.0,-1.0,-1.0,1735103,2.0,7,,0.0,2.0,3.0,B01,138Â 197Â 146,1.0
1016462,201900057993,2,13,18:00,5,2,1,1.0,3.0,57294,RUE PRINCIPALE,M,"49,0946140","7,4540080",57,2019,50.0,1.0,1.0,3.0,2273329,1.0,1,3,1,5.0,,0.0,0,1978.0,A01,138Â 197Â 147,1.0,-1.0,-1.0,1735104,1.0,7,,0.0,2.0,3.0,A01,138Â 197Â 147,1.0
1016463,201900057994,5,27,10:08,1,1,1,1.0,4.0,73124,A430 - PK139.965,M,"45,6500972","6,3454918",73,2019,70.0,1.0,1.0,1.0,2273330,1.0,1,1,1,4.0,,0.0,0,1973.0,C01,138Â 197Â 150,1.0,-1.0,-1.0,1735105,2.0,15,,0.0,2.0,2.0,C01,138Â 197Â 150,1.0
1016463,201900057994,5,27,10:08,1,1,1,1.0,4.0,73124,A430 - PK139.965,M,"45,6500972","6,3454918",73,2019,70.0,1.0,1.0,1.0,2273330,1.0,1,1,1,4.0,,0.0,0,1973.0,C01,138Â 197Â 150,1.0,-1.0,-1.0,1735106,2.0,15,,0.0,2.0,6.0,B01,138Â 197Â 156,1.0
1016463,201900057994,5,27,10:08,1,1,1,1.0,4.0,73124,A430 - PK139.965,M,"45,6500972","6,3454918",73,2019,70.0,1.0,1.0,1.0,2273330,1.0,1,1,1,4.0,,0.0,0,1973.0,C01,138Â 197Â 150,1.0,-1.0,-1.0,1735107,1.0,7,,3.0,2.0,3.0,A01,138Â 197Â 157,1.0
1016463,201900057994,5,27,10:08,1,1,1,1.0,4.0,73124,A430 - PK139.965,M,"45,6500972","6,3454918",73,2019,70.0,1.0,1.0,1.0,2273331,1.0,1,1,1,4.0,,0.0,0,1973.0,B01,138Â 197Â 156,1.0,-1.0,-1.0,1735105,2.0,15,,0.0,2.0,2.0,C01,138Â 197Â 150,1.0
1016463,201900057994,5,27,10:08,1,1,1,1.0,4.0,73124,A430 - PK139.965,M,"45,6500972","6,3454918",73,2019,70.0,1.0,1.0,1.0,2273331,1.0,1,1,1,4.0,,0.0,0,1973.0,B01,138Â 197Â 156,1.0,-1.0,-1.0,1735106,2.0,15,,0.0,2.0,6.0,B01,138Â 197Â 156,1.0
1016463,201900057994,5,27,10:08,1,1,1,1.0,4.0,73124,A430 - PK139.965,M,"45,6500972","6,3454918",73,2019,70.0,1.0,1.0,1.0,2273331,1.0,1,1,1,4.0,,0.0,0,1973.0,B01,138Â 197Â 156,1.0,-1.0,-1.0,1735107,1.0,7,,3.0,2.0,3.0,A01,138Â 197Â 157,1.0
1016463,201900057994,5,27,10:08,1,1,1,1.0,4.0,73124,A430 - PK139.965,M,"45,6500972","6,3454918",73,2019,70.0,1.0,1.0,1.0,2273332,1.0,1,3,1,4.0,,0.0,0,1969.0,A01,138Â 197Â 157,1.0,-1.0,-1.0,1735105,2.0,15,,0.0,2.0,2.0,C01,138Â 197Â 150,1.0
1016463,201900057994,5,27,10:08,1,1,1,1.0,4.0,73124,A430 - PK139.965,M,"45,6500972","6,3454918",73,2019,70.0,1.0,1.0,1.0,2273332,1.0,1,3,1,4.0,,0.0,0,1969.0,A01,138Â 197Â 157,1.0,-1.0,-1.0,1735106,2.0,15,,0.0,2.0,6.0,B01,138Â 197Â 156,1.0