Unnamed: 0_x,num_acc,mois,jour,hrmn,lum,agg,int,atm,col,com,adr,gps,lat,long,dep,annee,vma,situ,surf,catr,Unnamed: 0_y,place,catu,grav,sexe,trajet,secu,locp,actp,an_nais,num_veh_x,id_vehicule_x,secu1,secu2,secu3,Unnamed: 0,senc,catv,occutc,obs,obsm,choc,num_veh_y,id_vehicule_y,motor
1016463,201900057994,5,27,10:08,1,1,1,1.0,4.0,73124,A430 - PK139.965,M,"45,6500972","6,3454918",73,2019,70.0,1.0,1.0,1.0,2273332,1.0,1,3,1,4.0,,0.0,0,1969.0,A01,138Â 197Â 157,1.0,-1.0,-1.0,1735107,1.0,7,,3.0,2.0,3.0,A01,138Â 197Â 157,1.0
1016464,201900057995,2,16,14:00,1,1,3,1.0,3.0,57505,RD45 PK5+700,M,"48,7027370","7,1189650",57,2019,80.0,1.0,1.0,3.0,2273333,1.0,1,4,1,5.0,,0.0,0,1955.0,B01,138Â 197Â 144,2.0,-1.0,-1.0,1735108,2.0,33,,0.0,2.0,7.0,B01,138Â 197Â 144,1.0
1016464,201900057995,2,16,14:00,1,1,3,1.0,3.0,57505,RD45 PK5+700,M,"48,7027370","7,1189650",57,2019,80.0,1.0,1.0,3.0,2273333,1.0,1,4,1,5.0,,0.0,0,1955.0,B01,138Â 197Â 144,2.0,-1.0,-1.0,1735109,3.0,7,,0.0,2.0,1.0,A01,138Â 197Â 145,1.0
1016464,201900057995,2,16,14:00,1,1,3,1.0,3.0,57505,RD45 PK5+700,M,"48,7027370","7,1189650",57,2019,80.0,1.0,1.0,3.0,2273334,1.0,1,1,2,5.0,,0.0,0,1938.0,A01,138Â 197Â 145,1.0,-1.0,-1.0,1735108,2.0,33,,0.0,2.0,7.0,B01,138Â 197Â 144,1.0
1016464,201900057995,2,16,14:00,1,1,3,1.0,3.0,57505,RD45 PK5+700,M,"48,7027370","7,1189650",57,2019,80.0,1.0,1.0,3.0,2273334,1.0,1,1,2,5.0,,0.0,0,1938.0,A01,138Â 197Â 145,1.0,-1.0,-1.0,1735109,3.0,7,,0.0,2.0,1.0,A01,138Â 197Â 145,1.0
1016465,201900057996,5,26,21:00,1,1,1,1.0,7.0,42327,Symperieux,M,"45,4564080","4,7379090",42,2019,50.0,1.0,1.0,4.0,2273335,1.0,1,3,1,5.0,,0.0,0,1969.0,A01,138Â 197Â 143,0.0,-1.0,-1.0,1735110,3.0,36,,0.0,0.0,1.0,A01,138Â 197Â 143,1.0
1016466,201900057997,2,17,08:55,1,2,1,7.0,6.0,57572,rue auguste rolland,M,"49,0115690","6,3963700",57,2019,50.0,8.0,1.0,3.0,2273336,1.0,1,1,1,3.0,,0.0,0,1977.0,A01,138Â 197Â 142,1.0,-1.0,-1.0,1735111,1.0,7,,0.0,1.0,2.0,A01,138Â 197Â 142,1.0
1016466,201900057997,2,17,08:55,1,2,1,7.0,6.0,57572,rue auguste rolland,M,"49,0115690","6,3963700",57,2019,50.0,8.0,1.0,3.0,2273337,10.0,3,4,2,3.0,,3.0,3,1946.0,A01,138Â 197Â 142,0.0,-1.0,-1.0,1735111,1.0,7,,0.0,1.0,2.0,A01,138Â 197Â 142,1.0
1016467,201900057998,8,18,13:50,1,1,1,2.0,3.0,94021,AUTOROUTE A6B,M,"48,7603000","2,3390000",94,2019,90.0,1.0,2.0,1.0,2273338,2.0,2,4,2,0.0,,-1.0, -1,1972.0,B01,138Â 197Â 154,1.0,0.0,-1.0,1735112,2.0,7,,0.0,2.0,7.0,B01,138Â 197Â 154,1.0
1016467,201900057998,8,18,13:50,1,1,1,2.0,3.0,94021,AUTOROUTE A6B,M,"48,7603000","2,3390000",94,2019,90.0,1.0,2.0,1.0,2273338,2.0,2,4,2,0.0,,-1.0, -1,1972.0,B01,138Â 197Â 154,1.0,0.0,-1.0,1735113,2.0,7,,0.0,2.0,1.0,A01,138Â 197Â 158,1.0
1016467,201900057998,8,18,13:50,1,1,1,2.0,3.0,94021,AUTOROUTE A6B,M,"48,7603000","2,3390000",94,2019,90.0,1.0,2.0,1.0,2273339,1.0,1,1,1,0.0,,-1.0, -1,1970.0,B01,138Â 197Â 154,1.0,0.0,-1.0,1735112,2.0,7,,0.0,2.0,7.0,B01,138Â 197Â 154,1.0
1016467,201900057998,8,18,13:50,1,1,1,2.0,3.0,94021,AUTOROUTE A6B,M,"48,7603000","2,3390000",94,2019,90.0,1.0,2.0,1.0,2273339,1.0,1,1,1,0.0,,-1.0, -1,1970.0,B01,138Â 197Â 154,1.0,0.0,-1.0,1735113,2.0,7,,0.0,2.0,1.0,A01,138Â 197Â 158,1.0
1016467,201900057998,8,18,13:50,1,1,1,2.0,3.0,94021,AUTOROUTE A6B,M,"48,7603000","2,3390000",94,2019,90.0,1.0,2.0,1.0,2273340,1.0,1,1,1,0.0,,-1.0, -1,1990.0,A01,138Â 197Â 158,1.0,0.0,-1.0,1735112,2.0,7,,0.0,2.0,7.0,B01,138Â 197Â 154,1.0
1016467,201900057998,8,18,13:50,1,1,1,2.0,3.0,94021,AUTOROUTE A6B,M,"48,7603000","2,3390000",94,2019,90.0,1.0,2.0,1.0,2273340,1.0,1,1,1,0.0,,-1.0, -1,1990.0,A01,138Â 197Â 158,1.0,0.0,-1.0,1735113,2.0,7,,0.0,2.0,1.0,A01,138Â 197Â 158,1.0
1016468,201900057999,5,29,14:30,1,1,1,1.0,1.0,42151,Route de Saint-Paul d'Uzore,M,"45,6825820","4,1089340",42,2019,80.0,1.0,1.0,3.0,2273341,1.0,1,3,1,1.0,,0.0,0,1979.0,A01,138Â 197Â 140,1.0,-1.0,-1.0,1735114,3.0,7,,0.0,2.0,3.0,A01,138Â 197Â 140,1.0
1016468,201900057999,5,29,14:30,1,1,1,1.0,1.0,42151,Route de Saint-Paul d'Uzore,M,"45,6825820","4,1089340",42,2019,80.0,1.0,1.0,3.0,2273341,1.0,1,3,1,1.0,,0.0,0,1979.0,A01,138Â 197Â 140,1.0,-1.0,-1.0,1735115,0.0,10,,0.0,2.0,2.0,B01,138Â 197Â 141,1.0
1016468,201900057999,5,29,14:30,1,1,1,1.0,1.0,42151,Route de Saint-Paul d'Uzore,M,"45,6825820","4,1089340",42,2019,80.0,1.0,1.0,3.0,2273342,1.0,1,3,1,4.0,,0.0,0,1980.0,B01,138Â 197Â 141,1.0,-1.0,-1.0,1735114,3.0,7,,0.0,2.0,3.0,A01,138Â 197Â 140,1.0
1016468,201900057999,5,29,14:30,1,1,1,1.0,1.0,42151,Route de Saint-Paul d'Uzore,M,"45,6825820","4,1089340",42,2019,80.0,1.0,1.0,3.0,2273342,1.0,1,3,1,4.0,,0.0,0,1980.0,B01,138Â 197Â 141,1.0,-1.0,-1.0,1735115,0.0,10,,0.0,2.0,2.0,B01,138Â 197Â 141,1.0
1016469,201900058000,3,22,21:05,5,2,1,1.0,7.0,50532,ECUTOT (ROUTE),M,"48,8165100"," -1,5569000",50,2019,50.0,1.0,1.0,3.0,2273343,1.0,1,4,1,5.0,,-1.0, -1,2001.0,A01,138Â 197Â 152,2.0,6.0,-1.0,1735116,2.0,30,,0.0,0.0,3.0,A01,138Â 197Â 152,1.0
1016470,201900058001,10,22,09:52,1,2,2,1.0,6.0,63113,BANVILLE (RUE THEODORE DE),M,"45,7778540","3,1051920",63,2019,50.0,1.0,1.0,4.0,2273344,1.0,1,1,2,0.0,,0.0,0,1943.0,A01,138Â 197Â 148,1.0,0.0,-1.0,1735117,1.0,7,,0.0,1.0,3.0,A01,138Â 197Â 148,1.0
1016470,201900058001,10,22,09:52,1,2,2,1.0,6.0,63113,BANVILLE (RUE THEODORE DE),M,"45,7778540","3,1051920",63,2019,50.0,1.0,1.0,4.0,2273345,10.0,3,3,2,0.0,,4.0,3,1962.0,A01,138Â 197Â 148,8.0,0.0,-1.0,1735117,1.0,7,,0.0,1.0,3.0,A01,138Â 197Â 148,1.0
1016471,201900058002,8,17,21:00,5,1,1,9.0,7.0,94037,AUTOROUTE A6B,M,"48,8142000","2,3551000",94,2019,50.0,1.0,2.0,1.0,2273346,2.0,2,4,1,0.0,,-1.0, -1,2012.0,A01,138Â 197Â 139,1.0,0.0,-1.0,1735118,2.0,7,,4.0,2.0,3.0,A01,138Â 197Â 139,0.0
1016471,201900058002,8,17,21:00,5,1,1,9.0,7.0,94037,AUTOROUTE A6B,M,"48,8142000","2,3551000",94,2019,50.0,1.0,2.0,1.0,2273347,4.0,2,4,1,0.0,,-1.0,0,2017.0,A01,138Â 197Â 139,1.0,0.0,-1.0,1735118,2.0,7,,4.0,2.0,3.0,A01,138Â 197Â 139,0.0
1016471,201900058002,8,17,21:00,5,1,1,9.0,7.0,94037,AUTOROUTE A6B,M,"48,8142000","2,3551000",94,2019,50.0,1.0,2.0,1.0,2273348,3.0,2,4,1,0.0,,-1.0, -1,2016.0,A01,138Â 197Â 139,1.0,0.0,-1.0,1735118,2.0,7,,4.0,2.0,3.0,A01,138Â 197Â 139,0.0
1016471,201900058002,8,17,21:00,5,1,1,9.0,7.0,94037,AUTOROUTE A6B,M,"48,8142000","2,3551000",94,2019,50.0,1.0,2.0,1.0,2273349,2.0,2,4,1,0.0,,-1.0, -1,1980.0,A01,138Â 197Â 139,1.0,0.0,-1.0,1735118,2.0,7,,4.0,2.0,3.0,A01,138Â 197Â 139,0.0
1016471,201900058002,8,17,21:00,5,1,1,9.0,7.0,94037,AUTOROUTE A6B,M,"48,8142000","2,3551000",94,2019,50.0,1.0,2.0,1.0,2273350,1.0,1,4,1,0.0,,-1.0, -1,1976.0,A01,138Â 197Â 139,1.0,0.0,-1.0,1735118,2.0,7,,4.0,2.0,3.0,A01,138Â 197Â 139,0.0
1016472,201900058003,5,24,19:15,1,1,2,1.0,1.0,38556,40 route de la chapelle,M,"45,3616200","4,8624610",38,2019,80.0,1.0,1.0,3.0,2273351,1.0,1,4,2,0.0,,0.0,0,1997.0,B01,138Â 197Â 136,1.0,-1.0,-1.0,1735119,1.0,7,,0.0,2.0,2.0,B01,138Â 197Â 136,1.0
1016472,201900058003,5,24,19:15,1,1,2,1.0,1.0,38556,40 route de la chapelle,M,"45,3616200","4,8624610",38,2019,80.0,1.0,1.0,3.0,2273351,1.0,1,4,2,0.0,,0.0,0,1997.0,B01,138Â 197Â 136,1.0,-1.0,-1.0,1735120,2.0,2,,0.0,2.0,1.0,A01,138Â 197Â 138,1.0
1016472,201900058003,5,24,19:15,1,1,2,1.0,1.0,38556,40 route de la chapelle,M,"45,3616200","4,8624610",38,2019,80.0,1.0,1.0,3.0,2273352,1.0,1,3,2,0.0,,0.0,0,2000.0,A01,138Â 197Â 138,2.0,-1.0,-1.0,1735119,1.0,7,,0.0,2.0,2.0,B01,138Â 197Â 136,1.0
1016472,201900058003,5,24,19:15,1,1,2,1.0,1.0,38556,40 route de la chapelle,M,"45,3616200","4,8624610",38,2019,80.0,1.0,1.0,3.0,2273352,1.0,1,3,2,0.0,,0.0,0,2000.0,A01,138Â 197Â 138,2.0,-1.0,-1.0,1735120,2.0,2,,0.0,2.0,1.0,A01,138Â 197Â 138,1.0
1016473,201900058004,3,25,09:12,1,2,2,1.0,6.0,49015,BRUYERES RUE DES,M,"47,4972700"," -0,5833200",49,2019,50.0,1.0,1.0,4.0,2273353,1.0,1,1,1,0.0,,-1.0,0,1989.0,A01,138Â 197Â 135,1.0,7.0,-1.0,1735121,1.0,7,,0.0,2.0,3.0,A01,138Â 197Â 135,0.0
1016473,201900058004,3,25,09:12,1,2,2,1.0,6.0,49015,BRUYERES RUE DES,M,"47,4972700"," -0,5833200",49,2019,50.0,1.0,1.0,4.0,2273353,1.0,1,1,1,0.0,,-1.0,0,1989.0,A01,138Â 197Â 135,1.0,7.0,-1.0,1735122,2.0,7,,1.0,2.0,1.0,B01,138Â 197Â 137,0.0
1016473,201900058004,3,25,09:12,1,2,2,1.0,6.0,49015,BRUYERES RUE DES,M,"47,4972700"," -0,5833200",49,2019,50.0,1.0,1.0,4.0,2273354,1.0,1,4,2,0.0,,-1.0,0,1993.0,B01,138Â 197Â 137,1.0,8.0,-1.0,1735121,1.0,7,,0.0,2.0,3.0,A01,138Â 197Â 135,0.0
1016473,201900058004,3,25,09:12,1,2,2,1.0,6.0,49015,BRUYERES RUE DES,M,"47,4972700"," -0,5833200",49,2019,50.0,1.0,1.0,4.0,2273354,1.0,1,4,2,0.0,,-1.0,0,1993.0,B01,138Â 197Â 137,1.0,8.0,-1.0,1735122,2.0,7,,1.0,2.0,1.0,B01,138Â 197Â 137,0.0
1016473,201900058004,3,25,09:12,1,2,2,1.0,6.0,49015,BRUYERES RUE DES,M,"47,4972700"," -0,5833200",49,2019,50.0,1.0,1.0,4.0,2273355,3.0,2,4,2,0.0,,-1.0,0,2011.0,B01,138Â 197Â 137,1.0,8.0,-1.0,1735121,1.0,7,,0.0,2.0,3.0,A01,138Â 197Â 135,0.0
1016473,201900058004,3,25,09:12,1,2,2,1.0,6.0,49015,BRUYERES RUE DES,M,"47,4972700"," -0,5833200",49,2019,50.0,1.0,1.0,4.0,2273355,3.0,2,4,2,0.0,,-1.0,0,2011.0,B01,138Â 197Â 137,1.0,8.0,-1.0,1735122,2.0,7,,1.0,2.0,1.0,B01,138Â 197Â 137,0.0
1016474,201900058005,8,17,19:05,1,1,1,2.0,7.0,94037,AUTOROUTE A6B,M,"48,8138000","2,3550000",94,2019,50.0,1.0,2.0,1.0,2273356,1.0,1,4,2,1.0,,-1.0, -1,1992.0,A01,138Â 197Â 134,1.0,0.0,-1.0,1735123,1.0,3,,4.0,2.0,3.0,A01,138Â 197Â 134,1.0
1016475,201900058006,10,17,20:08,1,2,1,1.0,6.0,63113,BERTHELOT (BOULEVARD),M,"45,7816235","3,0708540",63,2019,50.0,1.0,1.0,4.0,2273357,1.0,1,1,2,0.0,,0.0,0,1948.0,A01,138Â 197Â 133,1.0,0.0,-1.0,1735124,1.0,7,,0.0,1.0,3.0,A01,138Â 197Â 133,1.0
1016475,201900058006,10,17,20:08,1,2,1,1.0,6.0,63113,BERTHELOT (BOULEVARD),M,"45,7816235","3,0708540",63,2019,50.0,1.0,1.0,4.0,2273358,10.0,3,4,1,0.0,,3.0,3,1945.0,A01,138Â 197Â 133,8.0,0.0,-1.0,1735124,1.0,7,,0.0,1.0,3.0,A01,138Â 197Â 133,1.0
1016476,201900058007,5,15,17:30,1,2,1,1.0,1.0,38072,N7,M,"45,3198520","4,8079330",38,2019,50.0,1.0,1.0,2.0,2273359,1.0,1,4,1,0.0,,0.0,0,1992.0,A01,138Â 197Â 130,2.0,-1.0,-1.0,1735125,1.0,30,,0.0,2.0,1.0,A01,138Â 197Â 130,1.0
1016476,201900058007,5,15,17:30,1,2,1,1.0,1.0,38072,N7,M,"45,3198520","4,8079330",38,2019,50.0,1.0,1.0,2.0,2273359,1.0,1,4,1,0.0,,0.0,0,1992.0,A01,138Â 197Â 130,2.0,-1.0,-1.0,1735126,3.0,7,,0.0,2.0,2.0,B01,138Â 197Â 132,1.0
1016476,201900058007,5,15,17:30,1,2,1,1.0,1.0,38072,N7,M,"45,3198520","4,8079330",38,2019,50.0,1.0,1.0,2.0,2273360,1.0,1,1,1,0.0,,0.0,0,1988.0,B01,138Â 197Â 132,1.0,-1.0,-1.0,1735125,1.0,30,,0.0,2.0,1.0,A01,138Â 197Â 130,1.0
1016476,201900058007,5,15,17:30,1,2,1,1.0,1.0,38072,N7,M,"45,3198520","4,8079330",38,2019,50.0,1.0,1.0,2.0,2273360,1.0,1,1,1,0.0,,0.0,0,1988.0,B01,138Â 197Â 132,1.0,-1.0,-1.0,1735126,3.0,7,,0.0,2.0,2.0,B01,138Â 197Â 132,1.0
1016477,201900058008,3,26,13:45,1,2,1,1.0,2.0,45285,RUE DES MARCHAIS,M,"47,9104300","1,8645190",45,2019,50.0,1.0,1.0,4.0,2273361,1.0,1,4,1,5.0,,0.0,0,1993.0,B01,138Â 197Â 128,1.0,0.0,-1.0,1735127,2.0,7,,0.0,2.0,3.0,B01,138Â 197Â 128,1.0
1016477,201900058008,3,26,13:45,1,2,1,1.0,2.0,45285,RUE DES MARCHAIS,M,"47,9104300","1,8645190",45,2019,50.0,1.0,1.0,4.0,2273361,1.0,1,4,1,5.0,,0.0,0,1993.0,B01,138Â 197Â 128,1.0,0.0,-1.0,1735128,1.0,7,,0.0,2.0,2.0,A01,138Â 197Â 131,1.0
1016477,201900058008,3,26,13:45,1,2,1,1.0,2.0,45285,RUE DES MARCHAIS,M,"47,9104300","1,8645190",45,2019,50.0,1.0,1.0,4.0,2273362,1.0,1,4,2,5.0,,0.0,0,1987.0,A01,138Â 197Â 131,1.0,0.0,-1.0,1735127,2.0,7,,0.0,2.0,3.0,B01,138Â 197Â 128,1.0
1016477,201900058008,3,26,13:45,1,2,1,1.0,2.0,45285,RUE DES MARCHAIS,M,"47,9104300","1,8645190",45,2019,50.0,1.0,1.0,4.0,2273362,1.0,1,4,2,5.0,,0.0,0,1987.0,A01,138Â 197Â 131,1.0,0.0,-1.0,1735128,1.0,7,,0.0,2.0,2.0,A01,138Â 197Â 131,1.0
1016478,201900058009,8,18,18:15,1,1,1,1.0,2.0,93005,AUTOROUTE A1,M,"48,9594700","2,4657600",93,2019,110.0,1.0,1.0,1.0,2273363,1.0,1,4,2,0.0,,-1.0, -1,1994.0,B01,138Â 197Â 126,1.0,0.0,-1.0,1735129,2.0,7,,4.0,0.0,4.0,B01,138Â 197Â 126,1.0
1016478,201900058009,8,18,18:15,1,1,1,1.0,2.0,93005,AUTOROUTE A1,M,"48,9594700","2,4657600",93,2019,110.0,1.0,1.0,1.0,2273363,1.0,1,4,2,0.0,,-1.0, -1,1994.0,B01,138Â 197Â 126,1.0,0.0,-1.0,1735130,2.0,7,,4.0,2.0,1.0,A01,138Â 197Â 129,1.0
1016478,201900058009,8,18,18:15,1,1,1,1.0,2.0,93005,AUTOROUTE A1,M,"48,9594700","2,4657600",93,2019,110.0,1.0,1.0,1.0,2273364,2.0,2,3,1,0.0,,-1.0, -1,1988.0,B01,138Â 197Â 126,1.0,0.0,-1.0,1735129,2.0,7,,4.0,0.0,4.0,B01,138Â 197Â 126,1.0
1016478,201900058009,8,18,18:15,1,1,1,1.0,2.0,93005,AUTOROUTE A1,M,"48,9594700","2,4657600",93,2019,110.0,1.0,1.0,1.0,2273364,2.0,2,3,1,0.0,,-1.0, -1,1988.0,B01,138Â 197Â 126,1.0,0.0,-1.0,1735130,2.0,7,,4.0,2.0,1.0,A01,138Â 197Â 129,1.0
1016478,201900058009,8,18,18:15,1,1,1,1.0,2.0,93005,AUTOROUTE A1,M,"48,9594700","2,4657600",93,2019,110.0,1.0,1.0,1.0,2273365,1.0,1,1,1,5.0,,-1.0, -1,1993.0,A01,138Â 197Â 129,1.0,4.0,-1.0,1735129,2.0,7,,4.0,0.0,4.0,B01,138Â 197Â 126,1.0
1016478,201900058009,8,18,18:15,1,1,1,1.0,2.0,93005,AUTOROUTE A1,M,"48,9594700","2,4657600",93,2019,110.0,1.0,1.0,1.0,2273365,1.0,1,1,1,5.0,,-1.0, -1,1993.0,A01,138Â 197Â 129,1.0,4.0,-1.0,1735130,2.0,7,,4.0,2.0,1.0,A01,138Â 197Â 129,1.0
1016479,201900058010,10,19,14:10,1,2,1,1.0,3.0,63113,BLANZAT (RUE DE),M,"45,7845200","3,0846400",63,2019,50.0,1.0,1.0,4.0,2273366,1.0,1,4,1,0.0,,-1.0, -1,1992.0,B01,138Â 197Â 125,2.0,6.0,-1.0,1735131,1.0,32,,0.0,2.0,1.0,B01,138Â 197Â 125,1.0
1016479,201900058010,10,19,14:10,1,2,1,1.0,3.0,63113,BLANZAT (RUE DE),M,"45,7845200","3,0846400",63,2019,50.0,1.0,1.0,4.0,2273366,1.0,1,4,1,0.0,,-1.0, -1,1992.0,B01,138Â 197Â 125,2.0,6.0,-1.0,1735132,1.0,10,,0.0,2.0,8.0,A01,138Â 197Â 127,1.0
1016479,201900058010,10,19,14:10,1,2,1,1.0,3.0,63113,BLANZAT (RUE DE),M,"45,7845200","3,0846400",63,2019,50.0,1.0,1.0,4.0,2273367,1.0,1,1,1,0.0,,0.0,0,1977.0,A01,138Â 197Â 127,1.0,0.0,-1.0,1735131,1.0,32,,0.0,2.0,1.0,B01,138Â 197Â 125,1.0
1016479,201900058010,10,19,14:10,1,2,1,1.0,3.0,63113,BLANZAT (RUE DE),M,"45,7845200","3,0846400",63,2019,50.0,1.0,1.0,4.0,2273367,1.0,1,1,1,0.0,,0.0,0,1977.0,A01,138Â 197Â 127,1.0,0.0,-1.0,1735132,1.0,10,,0.0,2.0,8.0,A01,138Â 197Â 127,1.0
1016480,201900058011,5,29,12:25,1,2,1,1.0,2.0,38487,Route de l'AbbÃ© Peyssonneau,M,"45,5602930","4,8464740",38,2019,50.0,1.0,1.0,3.0,2273368,1.0,1,4,1,5.0,,0.0,0,2013.0,B01,138Â 197Â 123,2.0,-1.0,-1.0,1735133,1.0,60,,0.0,2.0,4.0,B01,138Â 197Â 123,5.0
1016480,201900058011,5,29,12:25,1,2,1,1.0,2.0,38487,Route de l'AbbÃ© Peyssonneau,M,"45,5602930","4,8464740",38,2019,50.0,1.0,1.0,3.0,2273368,1.0,1,4,1,5.0,,0.0,0,2013.0,B01,138Â 197Â 123,2.0,-1.0,-1.0,1735134,1.0,7,,0.0,1.0,2.0,A01,138Â 197Â 124,1.0
1016480,201900058011,5,29,12:25,1,2,1,1.0,2.0,38487,Route de l'AbbÃ© Peyssonneau,M,"45,5602930","4,8464740",38,2019,50.0,1.0,1.0,3.0,2273369,1.0,1,1,2,1.0,,0.0,0,2000.0,A01,138Â 197Â 124,1.0,-1.0,-1.0,1735133,1.0,60,,0.0,2.0,4.0,B01,138Â 197Â 123,5.0
1016480,201900058011,5,29,12:25,1,2,1,1.0,2.0,38487,Route de l'AbbÃ© Peyssonneau,M,"45,5602930","4,8464740",38,2019,50.0,1.0,1.0,3.0,2273369,1.0,1,1,2,1.0,,0.0,0,2000.0,A01,138Â 197Â 124,1.0,-1.0,-1.0,1735134,1.0,7,,0.0,1.0,2.0,A01,138Â 197Â 124,1.0
1016481,201900058012,3,25,19:00,2,2,1,1.0,7.0,45338,60 R DES COLOMBIERS,M,"47,9755804","2,7059618",45,2019,50.0,1.0,1.0,4.0,2273370,1.0,1,4,1,0.0,,0.0,0,1999.0,A01,138Â 197Â 122,2.0,6.0,-1.0,1735135,1.0,2,,0.0,0.0,0.0,A01,138Â 197Â 122,1.0
1016482,201900058013,8,18,18:30,1,1,1,1.0,2.0,93005,AUTOROUTE A1,M,"48,9594700","2,4657600",93,2019,110.0,1.0,1.0,1.0,2273371,1.0,1,1,1,0.0,,-1.0, -1,1990.0,A01,138Â 197Â 119,1.0,0.0,-1.0,1735136,2.0,7,,0.0,2.0,1.0,A01,138Â 197Â 119,1.0
1016482,201900058013,8,18,18:30,1,1,1,1.0,2.0,93005,AUTOROUTE A1,M,"48,9594700","2,4657600",93,2019,110.0,1.0,1.0,1.0,2273371,1.0,1,1,1,0.0,,-1.0, -1,1990.0,A01,138Â 197Â 119,1.0,0.0,-1.0,1735137,2.0,7,,0.0,2.0,4.0,B01,138Â 197Â 121,1.0
1016482,201900058013,8,18,18:30,1,1,1,1.0,2.0,93005,AUTOROUTE A1,M,"48,9594700","2,4657600",93,2019,110.0,1.0,1.0,1.0,2273372,1.0,1,4,1,0.0,,-1.0, -1,1983.0,B01,138Â 197Â 121,1.0,0.0,-1.0,1735136,2.0,7,,0.0,2.0,1.0,A01,138Â 197Â 119,1.0
1016482,201900058013,8,18,18:30,1,1,1,1.0,2.0,93005,AUTOROUTE A1,M,"48,9594700","2,4657600",93,2019,110.0,1.0,1.0,1.0,2273372,1.0,1,4,1,0.0,,-1.0, -1,1983.0,B01,138Â 197Â 121,1.0,0.0,-1.0,1735137,2.0,7,,0.0,2.0,4.0,B01,138Â 197Â 121,1.0
1016483,201900058014,10,24,09:00,1,2,1,1.0,3.0,34172,CLEMENCEAU (AVENUE GEORGES),M,"43,6031280","3,8716580",34,2019,50.0,1.0,1.0,4.0,2273373,2.0,2,4,2,0.0,,0.0,0,1999.0,A01,138Â 197Â 118,1.0,8.0,-1.0,1735138,3.0,10,,0.0,2.0,3.0,A01,138Â 197Â 118,1.0
1016483,201900058014,10,24,09:00,1,2,1,1.0,3.0,34172,CLEMENCEAU (AVENUE GEORGES),M,"43,6031280","3,8716580",34,2019,50.0,1.0,1.0,4.0,2273373,2.0,2,4,2,0.0,,0.0,0,1999.0,A01,138Â 197Â 118,1.0,8.0,-1.0,1735139,3.0,33,,0.0,2.0,8.0,B01,138Â 197Â 120,1.0
1016483,201900058014,10,24,09:00,1,2,1,1.0,3.0,34172,CLEMENCEAU (AVENUE GEORGES),M,"43,6031280","3,8716580",34,2019,50.0,1.0,1.0,4.0,2273374,1.0,1,1,1,0.0,,0.0,0,1999.0,A01,138Â 197Â 118,1.0,8.0,-1.0,1735138,3.0,10,,0.0,2.0,3.0,A01,138Â 197Â 118,1.0
1016483,201900058014,10,24,09:00,1,2,1,1.0,3.0,34172,CLEMENCEAU (AVENUE GEORGES),M,"43,6031280","3,8716580",34,2019,50.0,1.0,1.0,4.0,2273374,1.0,1,1,1,0.0,,0.0,0,1999.0,A01,138Â 197Â 118,1.0,8.0,-1.0,1735139,3.0,33,,0.0,2.0,8.0,B01,138Â 197Â 120,1.0
1016483,201900058014,10,24,09:00,1,2,1,1.0,3.0,34172,CLEMENCEAU (AVENUE GEORGES),M,"43,6031280","3,8716580",34,2019,50.0,1.0,1.0,4.0,2273375,1.0,1,4,1,0.0,,0.0,0,1986.0,B01,138Â 197Â 120,2.0,8.0,-1.0,1735138,3.0,10,,0.0,2.0,3.0,A01,138Â 197Â 118,1.0
1016483,201900058014,10,24,09:00,1,2,1,1.0,3.0,34172,CLEMENCEAU (AVENUE GEORGES),M,"43,6031280","3,8716580",34,2019,50.0,1.0,1.0,4.0,2273375,1.0,1,4,1,0.0,,0.0,0,1986.0,B01,138Â 197Â 120,2.0,8.0,-1.0,1735139,3.0,33,,0.0,2.0,8.0,B01,138Â 197Â 120,1.0
1016484,201900058015,9,21,23:00,5,2,7,1.0,6.0,75111,PLACE DE LA REPUBLIQUE,M,"48,8667260","2,3651507",75,2019,50.0,1.0,1.0,4.0,2273376,10.0,3,4,1,5.0,,4.0,3,1990.0,Z01,138Â 197Â 151,0.0,0.0,0.0,1735140,1.0,1,,0.0,1.0,8.0,Z01,138Â 197Â 151,5.0
1016485,201900058016,5,7,18:30,1,2,2,1.0,3.0,44035,Route d'Orvault,M,"47,2831630"," -1,5864550",44,2019,50.0,1.0,1.0,7.0,2273377,1.0,1,3,1,5.0,,0.0,0,1993.0,B01,138Â 197Â 116,2.0,-1.0,-1.0,1735141,3.0,1,,0.0,2.0,1.0,B01,138Â 197Â 116,5.0
1016485,201900058016,5,7,18:30,1,2,2,1.0,3.0,44035,Route d'Orvault,M,"47,2831630"," -1,5864550",44,2019,50.0,1.0,1.0,7.0,2273377,1.0,1,3,1,5.0,,0.0,0,1993.0,B01,138Â 197Â 116,2.0,-1.0,-1.0,1735142,3.0,7,,0.0,2.0,3.0,A01,138Â 197Â 117,1.0
1016485,201900058016,5,7,18:30,1,2,2,1.0,3.0,44035,Route d'Orvault,M,"47,2831630"," -1,5864550",44,2019,50.0,1.0,1.0,7.0,2273378,1.0,1,1,2,3.0,,0.0,0,1964.0,A01,138Â 197Â 117,1.0,-1.0,-1.0,1735141,3.0,1,,0.0,2.0,1.0,B01,138Â 197Â 116,5.0
1016485,201900058016,5,7,18:30,1,2,2,1.0,3.0,44035,Route d'Orvault,M,"47,2831630"," -1,5864550",44,2019,50.0,1.0,1.0,7.0,2273378,1.0,1,1,2,3.0,,0.0,0,1964.0,A01,138Â 197Â 117,1.0,-1.0,-1.0,1735142,3.0,7,,0.0,2.0,3.0,A01,138Â 197Â 117,1.0