Unnamed: 0_x,num_acc,mois,jour,hrmn,lum,agg,int,atm,col,com,adr,gps,lat,long,dep,annee,vma,situ,surf,catr,Unnamed: 0_y,place,catu,grav,sexe,trajet,secu,locp,actp,an_nais,num_veh_x,id_vehicule_x,secu1,secu2,secu3,Unnamed: 0,senc,catv,occutc,obs,obsm,choc,num_veh_y,id_vehicule_y,motor
1016486,201900058017,8,18,11:00,1,1,9,3.0,2.0,95572,AUTOROUTE A15,M,"49,0331100","2,1066300",95,2019,90.0,1.0,2.0,1.0,2273379,1.0,1,1,1,3.0,,-1.0,0,1990.0,B01,138Â 197Â 113,1.0,0.0,-1.0,1735143,2.0,10,,0.0,2.0,1.0,B01,138Â 197Â 113,1.0
1016486,201900058017,8,18,11:00,1,1,9,3.0,2.0,95572,AUTOROUTE A15,M,"49,0331100","2,1066300",95,2019,90.0,1.0,2.0,1.0,2273379,1.0,1,1,1,3.0,,-1.0,0,1990.0,B01,138Â 197Â 113,1.0,0.0,-1.0,1735144,2.0,7,,4.0,2.0,4.0,A01,138Â 197Â 115,1.0
1016486,201900058017,8,18,11:00,1,1,9,3.0,2.0,95572,AUTOROUTE A15,M,"49,0331100","2,1066300",95,2019,90.0,1.0,2.0,1.0,2273380,1.0,1,4,2,5.0,,-1.0,0,1989.0,A01,138Â 197Â 115,1.0,0.0,-1.0,1735143,2.0,10,,0.0,2.0,1.0,B01,138Â 197Â 113,1.0
1016486,201900058017,8,18,11:00,1,1,9,3.0,2.0,95572,AUTOROUTE A15,M,"49,0331100","2,1066300",95,2019,90.0,1.0,2.0,1.0,2273380,1.0,1,4,2,5.0,,-1.0,0,1989.0,A01,138Â 197Â 115,1.0,0.0,-1.0,1735144,2.0,7,,4.0,2.0,4.0,A01,138Â 197Â 115,1.0
1016487,201900058018,10,24,07:50,1,2,1,1.0,2.0,34172,GOSSEC (RUE FRANCOIS-JOSEPH),M,"43,5749600","3,8598600",34,2019,50.0,1.0,1.0,3.0,2273381,1.0,1,1,1,4.0,,0.0,0,1990.0,A01,138Â 197Â 112,1.0,8.0,-1.0,1735145,3.0,10,,0.0,2.0,2.0,A01,138Â 197Â 112,1.0
1016487,201900058018,10,24,07:50,1,2,1,1.0,2.0,34172,GOSSEC (RUE FRANCOIS-JOSEPH),M,"43,5749600","3,8598600",34,2019,50.0,1.0,1.0,3.0,2273381,1.0,1,1,1,4.0,,0.0,0,1990.0,A01,138Â 197Â 112,1.0,8.0,-1.0,1735146,3.0,32,,0.0,2.0,4.0,B01,138Â 197Â 114,1.0
1016487,201900058018,10,24,07:50,1,2,1,1.0,2.0,34172,GOSSEC (RUE FRANCOIS-JOSEPH),M,"43,5749600","3,8598600",34,2019,50.0,1.0,1.0,3.0,2273382,1.0,1,4,1,0.0,,0.0,0,1965.0,B01,138Â 197Â 114,2.0,8.0,-1.0,1735145,3.0,10,,0.0,2.0,2.0,A01,138Â 197Â 112,1.0
1016487,201900058018,10,24,07:50,1,2,1,1.0,2.0,34172,GOSSEC (RUE FRANCOIS-JOSEPH),M,"43,5749600","3,8598600",34,2019,50.0,1.0,1.0,3.0,2273382,1.0,1,4,1,0.0,,0.0,0,1965.0,B01,138Â 197Â 114,2.0,8.0,-1.0,1735146,3.0,32,,0.0,2.0,4.0,B01,138Â 197Â 114,1.0
1016488,201900058019,2,17,12:21,1,2,1,1.0,7.0,51380,59 RUE FAUBOURG DE PARIS,M,"48,8767236","3,5381280",51,2019,50.0,8.0,1.0,3.0,2273383,1.0,1,2,1,5.0,,0.0,0,1997.0,A01,138Â 197Â 111,1.0,-1.0,-1.0,1735147,2.0,7,,6.0,0.0,1.0,A01,138Â 197Â 111,1.0
1016489,201900058020,8,18,01:00,3,1,1,2.0,2.0,93066,AUTOROUTE A1,M,"48,9281300","2,3579800",93,2019,90.0,1.0,2.0,1.0,2273384,1.0,1,4,1,4.0,,-1.0, -1,1979.0,A01,138Â 197Â 101,1.0,4.0,-1.0,1735148,1.0,7,,4.0,2.0,1.0,A01,138Â 197Â 101,1.0
1016489,201900058020,8,18,01:00,3,1,1,2.0,2.0,93066,AUTOROUTE A1,M,"48,9281300","2,3579800",93,2019,90.0,1.0,2.0,1.0,2273384,1.0,1,4,1,4.0,,-1.0, -1,1979.0,A01,138Â 197Â 101,1.0,4.0,-1.0,1735149,1.0,7,,3.0,2.0,4.0,B01,138Â 197Â 108,1.0
1016489,201900058020,8,18,01:00,3,1,1,2.0,2.0,93066,AUTOROUTE A1,M,"48,9281300","2,3579800",93,2019,90.0,1.0,2.0,1.0,2273385,1.0,1,1,1,9.0,,-1.0, -1,1995.0,B01,138Â 197Â 108,1.0,0.0,-1.0,1735148,1.0,7,,4.0,2.0,1.0,A01,138Â 197Â 101,1.0
1016489,201900058020,8,18,01:00,3,1,1,2.0,2.0,93066,AUTOROUTE A1,M,"48,9281300","2,3579800",93,2019,90.0,1.0,2.0,1.0,2273385,1.0,1,1,1,9.0,,-1.0, -1,1995.0,B01,138Â 197Â 108,1.0,0.0,-1.0,1735149,1.0,7,,3.0,2.0,4.0,B01,138Â 197Â 108,1.0
1016490,201900058021,3,26,08:30,1,2,3,1.0,3.0,45004,R DU DOCT TRIOSON-R DE LA CROIX ST JACQUES,M,"47,9990330","2,7484460",45,2019,50.0,1.0,1.0,4.0,2273386,1.0,1,1,2,2.0,,0.0,0,1975.0,A01,138Â 197Â 102,1.0,8.0,-1.0,1735150,1.0,7,,0.0,2.0,3.0,A01,138Â 197Â 102,1.0
1016490,201900058021,3,26,08:30,1,2,3,1.0,3.0,45004,R DU DOCT TRIOSON-R DE LA CROIX ST JACQUES,M,"47,9990330","2,7484460",45,2019,50.0,1.0,1.0,4.0,2273386,1.0,1,1,2,2.0,,0.0,0,1975.0,A01,138Â 197Â 102,1.0,8.0,-1.0,1735151,2.0,1,,0.0,2.0,1.0,B01,138Â 197Â 110,5.0
1016490,201900058021,3,26,08:30,1,2,3,1.0,3.0,45004,R DU DOCT TRIOSON-R DE LA CROIX ST JACQUES,M,"47,9990330","2,7484460",45,2019,50.0,1.0,1.0,4.0,2273387,1.0,1,4,1,2.0,,0.0,0,2003.0,B01,138Â 197Â 110,8.0,0.0,-1.0,1735150,1.0,7,,0.0,2.0,3.0,A01,138Â 197Â 102,1.0
1016490,201900058021,3,26,08:30,1,2,3,1.0,3.0,45004,R DU DOCT TRIOSON-R DE LA CROIX ST JACQUES,M,"47,9990330","2,7484460",45,2019,50.0,1.0,1.0,4.0,2273387,1.0,1,4,1,2.0,,0.0,0,2003.0,B01,138Â 197Â 110,8.0,0.0,-1.0,1735151,2.0,1,,0.0,2.0,1.0,B01,138Â 197Â 110,5.0
1016491,201900058022,5,29,20:45,2,2,1,1.0,1.0,38509,434 Chemin de l'Ãtang,M,"45,5883430","5,4469260",38,2019,50.0,1.0,1.0,4.0,2273388,1.0,1,3,1,5.0,,0.0,0,2008.0,B01,138Â 197Â 104,0.0,-1.0,-1.0,1735152,3.0,1,,0.0,2.0,8.0,B01,138Â 197Â 104,5.0
1016491,201900058022,5,29,20:45,2,2,1,1.0,1.0,38509,434 Chemin de l'Ãtang,M,"45,5883430","5,4469260",38,2019,50.0,1.0,1.0,4.0,2273388,1.0,1,3,1,5.0,,0.0,0,2008.0,B01,138Â 197Â 104,0.0,-1.0,-1.0,1735153,1.0,7,,0.0,2.0,2.0,A01,138Â 197Â 109,1.0
1016491,201900058022,5,29,20:45,2,2,1,1.0,1.0,38509,434 Chemin de l'Ãtang,M,"45,5883430","5,4469260",38,2019,50.0,1.0,1.0,4.0,2273389,1.0,1,1,2,3.0,,0.0,0,1988.0,A01,138Â 197Â 109,1.0,-1.0,-1.0,1735152,3.0,1,,0.0,2.0,8.0,B01,138Â 197Â 104,5.0
1016491,201900058022,5,29,20:45,2,2,1,1.0,1.0,38509,434 Chemin de l'Ãtang,M,"45,5883430","5,4469260",38,2019,50.0,1.0,1.0,4.0,2273389,1.0,1,1,2,3.0,,0.0,0,1988.0,A01,138Â 197Â 109,1.0,-1.0,-1.0,1735153,1.0,7,,0.0,2.0,2.0,A01,138Â 197Â 109,1.0
1016492,201900058023,3,26,07:50,1,2,4,1.0,6.0,45068,RUE DE LA PONTONNERIE,M,"48,0045560","2,7118470",45,2019,50.0,1.0,1.0,4.0,2273390,10.0,3,4,1,2.0,,3.0,3,2003.0,A01,138Â 197Â 099,8.0,0.0,-1.0,1735154,3.0,7,,0.0,1.0,1.0,A01,138Â 197Â 099,0.0
1016493,201900058024,9,21,00:20,5,2,3,1.0,6.0,75111,RUE DE LA ROQUETTE,M,"48,8563717","2,3767912",75,2019,30.0,4.0,1.0,4.0,2273391,10.0,3,4,2,0.0,,5.0,2,1991.0,A01,138Â 197Â 097,0.0,-1.0,-1.0,1735155,1.0,50,,0.0,1.0,1.0,A01,138Â 197Â 097,3.0
1016493,201900058024,9,21,00:20,5,2,3,1.0,6.0,75111,RUE DE LA ROQUETTE,M,"48,8563717","2,3767912",75,2019,30.0,4.0,1.0,4.0,2273392,1.0,1,1,1,5.0,,0.0,0,1994.0,A01,138Â 197Â 097,2.0,8.0,-1.0,1735155,1.0,50,,0.0,1.0,1.0,A01,138Â 197Â 097,3.0
1016494,201900058025,2,15,17:25,1,2,1,7.0,3.0,56010,Route de Pontivy,M,"47,8869550"," -3,0148330",56,2019,30.0,5.0,1.0,4.0,2273393,1.0,1,4,2,5.0,,0.0,0,1972.0,B01,138Â 197Â 098,0.0,-1.0,-1.0,1735156,2.0,80,,0.0,2.0,9.0,B01,138Â 197Â 098,3.0
1016494,201900058025,2,15,17:25,1,2,1,7.0,3.0,56010,Route de Pontivy,M,"47,8869550"," -3,0148330",56,2019,30.0,5.0,1.0,4.0,2273393,1.0,1,4,2,5.0,,0.0,0,1972.0,B01,138Â 197Â 098,0.0,-1.0,-1.0,1735157,2.0,7,,0.0,9.0,2.0,A01,138Â 197Â 100,1.0
1016494,201900058025,2,15,17:25,1,2,1,7.0,3.0,56010,Route de Pontivy,M,"47,8869550"," -3,0148330",56,2019,30.0,5.0,1.0,4.0,2273394,1.0,1,1,2,5.0,,0.0,0,1975.0,A01,138Â 197Â 100,1.0,-1.0,-1.0,1735156,2.0,80,,0.0,2.0,9.0,B01,138Â 197Â 098,3.0
1016494,201900058025,2,15,17:25,1,2,1,7.0,3.0,56010,Route de Pontivy,M,"47,8869550"," -3,0148330",56,2019,30.0,5.0,1.0,4.0,2273394,1.0,1,1,2,5.0,,0.0,0,1975.0,A01,138Â 197Â 100,1.0,-1.0,-1.0,1735157,2.0,7,,0.0,9.0,2.0,A01,138Â 197Â 100,1.0
1016495,201900058026,5,30,16:00,1,2,1,1.0,1.0,38071,RD 529,M,"45,0689770","5,7323570",38,2019,50.0,1.0,1.0,3.0,2273395,2.0,2,3,2,5.0,,0.0,0,1944.0,B01,138Â 197Â 095,1.0,-1.0,-1.0,1735158,2.0,7,,0.0,2.0,1.0,B01,138Â 197Â 095,1.0
1016495,201900058026,5,30,16:00,1,2,1,1.0,1.0,38071,RD 529,M,"45,0689770","5,7323570",38,2019,50.0,1.0,1.0,3.0,2273395,2.0,2,3,2,5.0,,0.0,0,1944.0,B01,138Â 197Â 095,1.0,-1.0,-1.0,1735159,1.0,7,,0.0,2.0,1.0,A01,138Â 197Â 096,1.0
1016495,201900058026,5,30,16:00,1,2,1,1.0,1.0,38071,RD 529,M,"45,0689770","5,7323570",38,2019,50.0,1.0,1.0,3.0,2273396,1.0,1,3,1,5.0,,0.0,0,1944.0,B01,138Â 197Â 095,1.0,-1.0,-1.0,1735158,2.0,7,,0.0,2.0,1.0,B01,138Â 197Â 095,1.0
1016495,201900058026,5,30,16:00,1,2,1,1.0,1.0,38071,RD 529,M,"45,0689770","5,7323570",38,2019,50.0,1.0,1.0,3.0,2273396,1.0,1,3,1,5.0,,0.0,0,1944.0,B01,138Â 197Â 095,1.0,-1.0,-1.0,1735159,1.0,7,,0.0,2.0,1.0,A01,138Â 197Â 096,1.0
1016495,201900058026,5,30,16:00,1,2,1,1.0,1.0,38071,RD 529,M,"45,0689770","5,7323570",38,2019,50.0,1.0,1.0,3.0,2273397,1.0,1,1,2,5.0,,0.0,0,1950.0,A01,138Â 197Â 096,1.0,-1.0,-1.0,1735158,2.0,7,,0.0,2.0,1.0,B01,138Â 197Â 095,1.0
1016495,201900058026,5,30,16:00,1,2,1,1.0,1.0,38071,RD 529,M,"45,0689770","5,7323570",38,2019,50.0,1.0,1.0,3.0,2273397,1.0,1,1,2,5.0,,0.0,0,1950.0,A01,138Â 197Â 096,1.0,-1.0,-1.0,1735159,1.0,7,,0.0,2.0,1.0,A01,138Â 197Â 096,1.0
1016496,201900058027,2,15,13:25,1,2,1,1.0,6.0,56144,6 rue de la rÃ©publique,M,"47,9884280"," -2,8327030",56,2019,50.0,4.0,1.0,3.0,2273398,1.0,1,3,1,0.0,,0.0,0,1982.0,A01,138Â 197Â 094,2.0,-1.0,-1.0,1735160,2.0,2,,6.0,0.0,1.0,A01,138Â 197Â 094,1.0
1016497,201900058028,9,21,19:12,2,2,1,1.0,3.0,75108,RUE SAINT LAZARE,M,"48,8754239","2,3254216",75,2019,50.0,1.0,1.0,4.0,2273399,2.0,2,1,2,0.0,,0.0,0,1982.0,B01,138Â 197Â 091,2.0,6.0,-1.0,1735161,2.0,31,,0.0,2.0,7.0,B01,138Â 197Â 091,1.0
1016497,201900058028,9,21,19:12,2,2,1,1.0,3.0,75108,RUE SAINT LAZARE,M,"48,8754239","2,3254216",75,2019,50.0,1.0,1.0,4.0,2273399,2.0,2,1,2,0.0,,0.0,0,1982.0,B01,138Â 197Â 091,2.0,6.0,-1.0,1735162,2.0,7,,0.0,2.0,3.0,A01,138Â 197Â 092,1.0
1016497,201900058028,9,21,19:12,2,2,1,1.0,3.0,75108,RUE SAINT LAZARE,M,"48,8754239","2,3254216",75,2019,50.0,1.0,1.0,4.0,2273400,1.0,1,4,1,0.0,,0.0,0,1983.0,B01,138Â 197Â 091,2.0,6.0,-1.0,1735161,2.0,31,,0.0,2.0,7.0,B01,138Â 197Â 091,1.0
1016497,201900058028,9,21,19:12,2,2,1,1.0,3.0,75108,RUE SAINT LAZARE,M,"48,8754239","2,3254216",75,2019,50.0,1.0,1.0,4.0,2273400,1.0,1,4,1,0.0,,0.0,0,1983.0,B01,138Â 197Â 091,2.0,6.0,-1.0,1735162,2.0,7,,0.0,2.0,3.0,A01,138Â 197Â 092,1.0
1016497,201900058028,9,21,19:12,2,2,1,1.0,3.0,75108,RUE SAINT LAZARE,M,"48,8754239","2,3254216",75,2019,50.0,1.0,1.0,4.0,2273401,3.0,2,1,1,0.0,,0.0,0,1993.0,A01,138Â 197Â 092,1.0,0.0,-1.0,1735161,2.0,31,,0.0,2.0,7.0,B01,138Â 197Â 091,1.0
1016497,201900058028,9,21,19:12,2,2,1,1.0,3.0,75108,RUE SAINT LAZARE,M,"48,8754239","2,3254216",75,2019,50.0,1.0,1.0,4.0,2273401,3.0,2,1,1,0.0,,0.0,0,1993.0,A01,138Â 197Â 092,1.0,0.0,-1.0,1735162,2.0,7,,0.0,2.0,3.0,A01,138Â 197Â 092,1.0
1016497,201900058028,9,21,19:12,2,2,1,1.0,3.0,75108,RUE SAINT LAZARE,M,"48,8754239","2,3254216",75,2019,50.0,1.0,1.0,4.0,2273402,4.0,2,1,1,0.0,,0.0,0,1994.0,A01,138Â 197Â 092,1.0,0.0,-1.0,1735161,2.0,31,,0.0,2.0,7.0,B01,138Â 197Â 091,1.0
1016497,201900058028,9,21,19:12,2,2,1,1.0,3.0,75108,RUE SAINT LAZARE,M,"48,8754239","2,3254216",75,2019,50.0,1.0,1.0,4.0,2273402,4.0,2,1,1,0.0,,0.0,0,1994.0,A01,138Â 197Â 092,1.0,0.0,-1.0,1735162,2.0,7,,0.0,2.0,3.0,A01,138Â 197Â 092,1.0
1016497,201900058028,9,21,19:12,2,2,1,1.0,3.0,75108,RUE SAINT LAZARE,M,"48,8754239","2,3254216",75,2019,50.0,1.0,1.0,4.0,2273403,2.0,2,1,2,0.0,,0.0,0,1997.0,A01,138Â 197Â 092,1.0,0.0,-1.0,1735161,2.0,31,,0.0,2.0,7.0,B01,138Â 197Â 091,1.0
1016497,201900058028,9,21,19:12,2,2,1,1.0,3.0,75108,RUE SAINT LAZARE,M,"48,8754239","2,3254216",75,2019,50.0,1.0,1.0,4.0,2273403,2.0,2,1,2,0.0,,0.0,0,1997.0,A01,138Â 197Â 092,1.0,0.0,-1.0,1735162,2.0,7,,0.0,2.0,3.0,A01,138Â 197Â 092,1.0
1016497,201900058028,9,21,19:12,2,2,1,1.0,3.0,75108,RUE SAINT LAZARE,M,"48,8754239","2,3254216",75,2019,50.0,1.0,1.0,4.0,2273404,1.0,1,1,1,0.0,,0.0,0,1993.0,A01,138Â 197Â 092,1.0,0.0,-1.0,1735161,2.0,31,,0.0,2.0,7.0,B01,138Â 197Â 091,1.0
1016497,201900058028,9,21,19:12,2,2,1,1.0,3.0,75108,RUE SAINT LAZARE,M,"48,8754239","2,3254216",75,2019,50.0,1.0,1.0,4.0,2273404,1.0,1,1,1,0.0,,0.0,0,1993.0,A01,138Â 197Â 092,1.0,0.0,-1.0,1735162,2.0,7,,0.0,2.0,3.0,A01,138Â 197Â 092,1.0
1016498,201900058029,5,1,18:30,1,2,1,1.0,3.0,38388,RUE DE LA TOUR,M,"45,0393800","5,7052300",38,2019,50.0,1.0,1.0,3.0,2273405,1.0,1,1,1,5.0,,0.0,0,1978.0,A01,138Â 197Â 088,2.0,6.0,0.0,1735163,1.0,33,,0.0,2.0,7.0,A01,138Â 197Â 088,1.0
1016498,201900058029,5,1,18:30,1,2,1,1.0,3.0,38388,RUE DE LA TOUR,M,"45,0393800","5,7052300",38,2019,50.0,1.0,1.0,3.0,2273405,1.0,1,1,1,5.0,,0.0,0,1978.0,A01,138Â 197Â 088,2.0,6.0,0.0,1735164,2.0,7,,0.0,2.0,1.0,B01,138Â 197Â 090,1.0
1016498,201900058029,5,1,18:30,1,2,1,1.0,3.0,38388,RUE DE LA TOUR,M,"45,0393800","5,7052300",38,2019,50.0,1.0,1.0,3.0,2273406,2.0,2,3,2,5.0,,0.0,0,1978.0,A01,138Â 197Â 088,6.0,2.0,0.0,1735163,1.0,33,,0.0,2.0,7.0,A01,138Â 197Â 088,1.0
1016498,201900058029,5,1,18:30,1,2,1,1.0,3.0,38388,RUE DE LA TOUR,M,"45,0393800","5,7052300",38,2019,50.0,1.0,1.0,3.0,2273406,2.0,2,3,2,5.0,,0.0,0,1978.0,A01,138Â 197Â 088,6.0,2.0,0.0,1735164,2.0,7,,0.0,2.0,1.0,B01,138Â 197Â 090,1.0
1016498,201900058029,5,1,18:30,1,2,1,1.0,3.0,38388,RUE DE LA TOUR,M,"45,0393800","5,7052300",38,2019,50.0,1.0,1.0,3.0,2273407,1.0,1,1,2,5.0,,0.0,0,1968.0,B01,138Â 197Â 090,1.0,-1.0,-1.0,1735163,1.0,33,,0.0,2.0,7.0,A01,138Â 197Â 088,1.0
1016498,201900058029,5,1,18:30,1,2,1,1.0,3.0,38388,RUE DE LA TOUR,M,"45,0393800","5,7052300",38,2019,50.0,1.0,1.0,3.0,2273407,1.0,1,1,2,5.0,,0.0,0,1968.0,B01,138Â 197Â 090,1.0,-1.0,-1.0,1735164,2.0,7,,0.0,2.0,1.0,B01,138Â 197Â 090,1.0
1016498,201900058029,5,1,18:30,1,2,1,1.0,3.0,38388,RUE DE LA TOUR,M,"45,0393800","5,7052300",38,2019,50.0,1.0,1.0,3.0,2273408,2.0,2,1,2,5.0,,0.0,0,2005.0,B01,138Â 197Â 090,1.0,-1.0,-1.0,1735163,1.0,33,,0.0,2.0,7.0,A01,138Â 197Â 088,1.0
1016498,201900058029,5,1,18:30,1,2,1,1.0,3.0,38388,RUE DE LA TOUR,M,"45,0393800","5,7052300",38,2019,50.0,1.0,1.0,3.0,2273408,2.0,2,1,2,5.0,,0.0,0,2005.0,B01,138Â 197Â 090,1.0,-1.0,-1.0,1735164,2.0,7,,0.0,2.0,1.0,B01,138Â 197Â 090,1.0
1016499,201900058030,3,26,07:50,1,2,1,1.0,6.0,44215,ROUTE DE CLISSON,M,"47,1892400"," -1,5117300",44,2019,50.0,1.0,1.0,7.0,2273409,10.0,3,4,1,0.0,,0.0,5,2000.0,A01,138Â 197Â 087,8.0,0.0,-1.0,1735165,0.0,7,,0.0,1.0,0.0,A01,138Â 197Â 087,0.0
1016499,201900058030,3,26,07:50,1,2,1,1.0,6.0,44215,ROUTE DE CLISSON,M,"47,1892400"," -1,5117300",44,2019,50.0,1.0,1.0,7.0,2273410,1.0,1,1,1,0.0,,0.0,0,1971.0,A01,138Â 197Â 087,1.0,0.0,-1.0,1735165,0.0,7,,0.0,1.0,0.0,A01,138Â 197Â 087,0.0
1016500,201900058031,2,16,20:35,3,1,1,1.0,1.0,56126,bois marzan,M,"47,5497580"," -2,3643210",56,2019,80.0,1.0,1.0,4.0,2273411,1.0,1,4,1,5.0,,0.0,0,1993.0,B01,138Â 197Â 086,1.0,-1.0,-1.0,1735166,0.0,7,,0.0,2.0,1.0,B01,138Â 197Â 086,1.0
1016500,201900058031,2,16,20:35,3,1,1,1.0,1.0,56126,bois marzan,M,"47,5497580"," -2,3643210",56,2019,80.0,1.0,1.0,4.0,2273411,1.0,1,4,1,5.0,,0.0,0,1993.0,B01,138Â 197Â 086,1.0,-1.0,-1.0,1735167,0.0,7,,0.0,2.0,1.0,A01,138Â 197Â 089,1.0
1016500,201900058031,2,16,20:35,3,1,1,1.0,1.0,56126,bois marzan,M,"47,5497580"," -2,3643210",56,2019,80.0,1.0,1.0,4.0,2273412,2.0,2,1,1,5.0,,0.0,0,1993.0,B01,138Â 197Â 086,1.0,-1.0,-1.0,1735166,0.0,7,,0.0,2.0,1.0,B01,138Â 197Â 086,1.0
1016500,201900058031,2,16,20:35,3,1,1,1.0,1.0,56126,bois marzan,M,"47,5497580"," -2,3643210",56,2019,80.0,1.0,1.0,4.0,2273412,2.0,2,1,1,5.0,,0.0,0,1993.0,B01,138Â 197Â 086,1.0,-1.0,-1.0,1735167,0.0,7,,0.0,2.0,1.0,A01,138Â 197Â 089,1.0
1016500,201900058031,2,16,20:35,3,1,1,1.0,1.0,56126,bois marzan,M,"47,5497580"," -2,3643210",56,2019,80.0,1.0,1.0,4.0,2273413,1.0,1,1,2,5.0,,0.0,0,1937.0,A01,138Â 197Â 089,1.0,-1.0,-1.0,1735166,0.0,7,,0.0,2.0,1.0,B01,138Â 197Â 086,1.0
1016500,201900058031,2,16,20:35,3,1,1,1.0,1.0,56126,bois marzan,M,"47,5497580"," -2,3643210",56,2019,80.0,1.0,1.0,4.0,2273413,1.0,1,1,2,5.0,,0.0,0,1937.0,A01,138Â 197Â 089,1.0,-1.0,-1.0,1735167,0.0,7,,0.0,2.0,1.0,A01,138Â 197Â 089,1.0
1016500,201900058031,2,16,20:35,3,1,1,1.0,1.0,56126,bois marzan,M,"47,5497580"," -2,3643210",56,2019,80.0,1.0,1.0,4.0,2273414,2.0,2,1,1,5.0,,0.0,0,1962.0,A01,138Â 197Â 089,1.0,-1.0,-1.0,1735166,0.0,7,,0.0,2.0,1.0,B01,138Â 197Â 086,1.0
1016500,201900058031,2,16,20:35,3,1,1,1.0,1.0,56126,bois marzan,M,"47,5497580"," -2,3643210",56,2019,80.0,1.0,1.0,4.0,2273414,2.0,2,1,1,5.0,,0.0,0,1962.0,A01,138Â 197Â 089,1.0,-1.0,-1.0,1735167,0.0,7,,0.0,2.0,1.0,A01,138Â 197Â 089,1.0
1016501,201900058032,9,21,11:50,1,2,1,1.0,2.0,75107,QUAI D ORSAY,M,"48,8622530","2,3034690",75,2019,50.0,1.0,1.0,4.0,2273415,1.0,1,1,1,4.0,,0.0,0,1996.0,A01,138Â 197Â 084,1.0,0.0,-1.0,1735168,2.0,10,,0.0,2.0,2.0,A01,138Â 197Â 084,3.0
1016501,201900058032,9,21,11:50,1,2,1,1.0,2.0,75107,QUAI D ORSAY,M,"48,8622530","2,3034690",75,2019,50.0,1.0,1.0,4.0,2273415,1.0,1,1,1,4.0,,0.0,0,1996.0,A01,138Â 197Â 084,1.0,0.0,-1.0,1735169,2.0,10,,0.0,2.0,4.0,B01,138Â 197Â 085,1.0
1016501,201900058032,9,21,11:50,1,2,1,1.0,2.0,75107,QUAI D ORSAY,M,"48,8622530","2,3034690",75,2019,50.0,1.0,1.0,4.0,2273416,1.0,1,4,1,4.0,,0.0,0,1977.0,B01,138Â 197Â 085,1.0,0.0,-1.0,1735168,2.0,10,,0.0,2.0,2.0,A01,138Â 197Â 084,3.0
1016501,201900058032,9,21,11:50,1,2,1,1.0,2.0,75107,QUAI D ORSAY,M,"48,8622530","2,3034690",75,2019,50.0,1.0,1.0,4.0,2273416,1.0,1,4,1,4.0,,0.0,0,1977.0,B01,138Â 197Â 085,1.0,0.0,-1.0,1735169,2.0,10,,0.0,2.0,4.0,B01,138Â 197Â 085,1.0
1016502,201900058033,5,14,11:00,1,1,1,1.0,6.0,38565,Quai des Chartreux,M,"45,3096200","5,6401600",38,2019,70.0,1.0,1.0,3.0,2273417,1.0,1,4,2,5.0,,0.0,0,1990.0,A01,138Â 197Â 083,2.0,-1.0,-1.0,1735170,1.0,33,,0.0,0.0,0.0,A01,138Â 197Â 083,1.0
1016503,201900058034,3,26,08:18,1,2,6,1.0,3.0,44114,PLACE DE HEUSWEILER,M,"47,2534300"," -1,5971800",44,2019,50.0,1.0,1.0,7.0,2273418,1.0,1,1,1,9.0,,0.0,0,1958.0,A01,138Â 197Â 080,1.0,0.0,-1.0,1735171,0.0,7,,0.0,2.0,1.0,A01,138Â 197Â 080,0.0
1016503,201900058034,3,26,08:18,1,2,6,1.0,3.0,44114,PLACE DE HEUSWEILER,M,"47,2534300"," -1,5971800",44,2019,50.0,1.0,1.0,7.0,2273418,1.0,1,1,1,9.0,,0.0,0,1958.0,A01,138Â 197Â 080,1.0,0.0,-1.0,1735172,0.0,1,,0.0,0.0,0.0,B01,138Â 197Â 082,0.0
1016503,201900058034,3,26,08:18,1,2,6,1.0,3.0,44114,PLACE DE HEUSWEILER,M,"47,2534300"," -1,5971800",44,2019,50.0,1.0,1.0,7.0,2273419,1.0,1,4,2,1.0,,0.0,0,1968.0,B01,138Â 197Â 082,8.0,0.0,-1.0,1735171,0.0,7,,0.0,2.0,1.0,A01,138Â 197Â 080,0.0
1016503,201900058034,3,26,08:18,1,2,6,1.0,3.0,44114,PLACE DE HEUSWEILER,M,"47,2534300"," -1,5971800",44,2019,50.0,1.0,1.0,7.0,2273419,1.0,1,4,2,1.0,,0.0,0,1968.0,B01,138Â 197Â 082,8.0,0.0,-1.0,1735172,0.0,1,,0.0,0.0,0.0,B01,138Â 197Â 082,0.0
1016504,201900058035,2,15,10:55,1,2,2,1.0,3.0,59536,chemin Saint Pierre,M,"50,7827620","2,5013710",59,2019,50.0,1.0,1.0,4.0,2273420,1.0,1,1,1,4.0,,0.0,0,1998.0,A01,138Â 197Â 079,1.0,-1.0,-1.0,1735173,3.0,10,,6.0,1.0,5.0,A01,138Â 197Â 079,1.0
1016504,201900058035,2,15,10:55,1,2,2,1.0,3.0,59536,chemin Saint Pierre,M,"50,7827620","2,5013710",59,2019,50.0,1.0,1.0,4.0,2273420,1.0,1,1,1,4.0,,0.0,0,1998.0,A01,138Â 197Â 079,1.0,-1.0,-1.0,1735174,3.0,7,,0.0,2.0,1.0,B01,138Â 197Â 081,1.0
1016504,201900058035,2,15,10:55,1,2,2,1.0,3.0,59536,chemin Saint Pierre,M,"50,7827620","2,5013710",59,2019,50.0,1.0,1.0,4.0,2273421,10.0,3,3,1,5.0,,6.0,1,1956.0,A01,138Â 197Â 079,0.0,-1.0,-1.0,1735173,3.0,10,,6.0,1.0,5.0,A01,138Â 197Â 079,1.0