Unnamed: 0_x,num_acc,mois,jour,hrmn,lum,agg,int,atm,col,com,adr,gps,lat,long,dep,annee,vma,situ,surf,catr,Unnamed: 0_y,place,catu,grav,sexe,trajet,secu,locp,actp,an_nais,num_veh_x,id_vehicule_x,secu1,secu2,secu3,Unnamed: 0,senc,catv,occutc,obs,obsm,choc,num_veh_y,id_vehicule_y,motor
1016504,201900058035,2,15,10:55,1,2,2,1.0,3.0,59536,chemin Saint Pierre,M,"50,7827620","2,5013710",59,2019,50.0,1.0,1.0,4.0,2273421,10.0,3,3,1,5.0,,6.0,1,1956.0,A01,138Â 197Â 079,0.0,-1.0,-1.0,1735174,3.0,7,,0.0,2.0,1.0,B01,138Â 197Â 081,1.0
1016504,201900058035,2,15,10:55,1,2,2,1.0,3.0,59536,chemin Saint Pierre,M,"50,7827620","2,5013710",59,2019,50.0,1.0,1.0,4.0,2273422,10.0,3,4,2,5.0,,6.0,1,1961.0,A01,138Â 197Â 079,0.0,-1.0,-1.0,1735173,3.0,10,,6.0,1.0,5.0,A01,138Â 197Â 079,1.0
1016504,201900058035,2,15,10:55,1,2,2,1.0,3.0,59536,chemin Saint Pierre,M,"50,7827620","2,5013710",59,2019,50.0,1.0,1.0,4.0,2273422,10.0,3,4,2,5.0,,6.0,1,1961.0,A01,138Â 197Â 079,0.0,-1.0,-1.0,1735174,3.0,7,,0.0,2.0,1.0,B01,138Â 197Â 081,1.0
1016504,201900058035,2,15,10:55,1,2,2,1.0,3.0,59536,chemin Saint Pierre,M,"50,7827620","2,5013710",59,2019,50.0,1.0,1.0,4.0,2273423,1.0,1,1,1,4.0,,0.0,0,1959.0,B01,138Â 197Â 081,1.0,-1.0,-1.0,1735173,3.0,10,,6.0,1.0,5.0,A01,138Â 197Â 079,1.0
1016504,201900058035,2,15,10:55,1,2,2,1.0,3.0,59536,chemin Saint Pierre,M,"50,7827620","2,5013710",59,2019,50.0,1.0,1.0,4.0,2273423,1.0,1,1,1,4.0,,0.0,0,1959.0,B01,138Â 197Â 081,1.0,-1.0,-1.0,1735174,3.0,7,,0.0,2.0,1.0,B01,138Â 197Â 081,1.0
1016505,201900058036,9,21,07:10,1,2,1,1.0,6.0,75107,RUE DU BAC,M,"48,8571482","2,3276103",75,2019,50.0,1.0,1.0,4.0,2273424,2.0,2,4,2,5.0,,0.0,0,1998.0,A01,138Â 197Â 078,2.0,6.0,-1.0,1735175,2.0,33,,1.0,0.0,6.0,A01,138Â 197Â 078,1.0
1016505,201900058036,9,21,07:10,1,2,1,1.0,6.0,75107,RUE DU BAC,M,"48,8571482","2,3276103",75,2019,50.0,1.0,1.0,4.0,2273425,1.0,1,1,1,-1.0,,0.0,0,1997.0,A01,138Â 197Â 078,2.0,6.0,0.0,1735175,2.0,33,,1.0,0.0,6.0,A01,138Â 197Â 078,1.0
1016506,201900058037,2,17,23:30,5,2,1,1.0,6.0,59402,997 route de lederzeele,M,"50,8483500","2,2620460",59,2019,50.0,1.0,1.0,3.0,2273426,1.0,1,3,1,5.0,,0.0,0,1991.0,A01,138Â 197Â 077,2.0,6.0,9.0,1735176,1.0,33,,12.0,0.0,1.0,A01,138Â 197Â 077,1.0
1016507,201900058038,10,23,09:40,1,2,1,3.0,1.0,34172,RECAMBALE (AVENUE DE LA),M,"43,6082600","3,8381300",34,2019,50.0,1.0,2.0,4.0,2273427,1.0,1,4,1,9.0,,0.0,0,1969.0,B01,138Â 197Â 076,1.0,0.0,-1.0,1735177,2.0,7,,0.0,2.0,1.0,B01,138Â 197Â 076,1.0
1016507,201900058038,10,23,09:40,1,2,1,3.0,1.0,34172,RECAMBALE (AVENUE DE LA),M,"43,6082600","3,8381300",34,2019,50.0,1.0,2.0,4.0,2273427,1.0,1,4,1,9.0,,0.0,0,1969.0,B01,138Â 197Â 076,1.0,0.0,-1.0,1735178,1.0,7,,0.0,2.0,7.0,A01,138Â 197Â 103,1.0
1016507,201900058038,10,23,09:40,1,2,1,3.0,1.0,34172,RECAMBALE (AVENUE DE LA),M,"43,6082600","3,8381300",34,2019,50.0,1.0,2.0,4.0,2273428,1.0,1,4,1,9.0,,0.0,0,1985.0,A01,138Â 197Â 103,1.0,0.0,-1.0,1735177,2.0,7,,0.0,2.0,1.0,B01,138Â 197Â 076,1.0
1016507,201900058038,10,23,09:40,1,2,1,3.0,1.0,34172,RECAMBALE (AVENUE DE LA),M,"43,6082600","3,8381300",34,2019,50.0,1.0,2.0,4.0,2273428,1.0,1,4,1,9.0,,0.0,0,1985.0,A01,138Â 197Â 103,1.0,0.0,-1.0,1735178,1.0,7,,0.0,2.0,7.0,A01,138Â 197Â 103,1.0
1016508,201900058039,8,17,17:10,1,1,1,3.0,6.0,92036,AUTOROUTE A15,M,"48,9397290","2,2951471",92,2019,50.0,1.0,2.0,1.0,2273429,1.0,1,4,2,1.0,,-1.0,0,1997.0,A01,138Â 197Â 075,1.0,4.0,-1.0,1735179,1.0,7,,3.0,0.0,1.0,A01,138Â 197Â 075,1.0
1016509,201900058040,5,27,04:00,3,1,1,1.0,6.0,38225,Rd 106 C,M,"45,1713410","5,5499330",38,2019,80.0,3.0,1.0,3.0,2273430,1.0,1,3,1,5.0,,0.0,0,1981.0,A01,138Â 197Â 074,1.0,-1.0,-1.0,1735180,1.0,7,,2.0,0.0,3.0,A01,138Â 197Â 074,1.0
1016510,201900058041,5,20,14:25,1,1,1,3.0,1.0,38205,croix de lichou,M,"45,1450360","5,6081590",38,2019,80.0,1.0,2.0,3.0,2273431,2.0,2,3,2,5.0,,0.0,0,1962.0,B01,138Â 197Â 068,1.0,-1.0,-1.0,1735181,1.0,7,,0.0,2.0,1.0,B01,138Â 197Â 068,1.0
1016510,201900058041,5,20,14:25,1,1,1,3.0,1.0,38205,croix de lichou,M,"45,1450360","5,6081590",38,2019,80.0,1.0,2.0,3.0,2273431,2.0,2,3,2,5.0,,0.0,0,1962.0,B01,138Â 197Â 068,1.0,-1.0,-1.0,1735182,2.0,7,,0.0,2.0,3.0,A01,138Â 197Â 069,1.0
1016510,201900058041,5,20,14:25,1,1,1,3.0,1.0,38205,croix de lichou,M,"45,1450360","5,6081590",38,2019,80.0,1.0,2.0,3.0,2273432,1.0,1,4,2,5.0,,0.0,0,1996.0,B01,138Â 197Â 068,1.0,-1.0,-1.0,1735181,1.0,7,,0.0,2.0,1.0,B01,138Â 197Â 068,1.0
1016510,201900058041,5,20,14:25,1,1,1,3.0,1.0,38205,croix de lichou,M,"45,1450360","5,6081590",38,2019,80.0,1.0,2.0,3.0,2273432,1.0,1,4,2,5.0,,0.0,0,1996.0,B01,138Â 197Â 068,1.0,-1.0,-1.0,1735182,2.0,7,,0.0,2.0,3.0,A01,138Â 197Â 069,1.0
1016510,201900058041,5,20,14:25,1,1,1,3.0,1.0,38205,croix de lichou,M,"45,1450360","5,6081590",38,2019,80.0,1.0,2.0,3.0,2273433,1.0,1,1,2,0.0,,0.0,0,1997.0,A01,138Â 197Â 069,1.0,-1.0,-1.0,1735181,1.0,7,,0.0,2.0,1.0,B01,138Â 197Â 068,1.0
1016510,201900058041,5,20,14:25,1,1,1,3.0,1.0,38205,croix de lichou,M,"45,1450360","5,6081590",38,2019,80.0,1.0,2.0,3.0,2273433,1.0,1,1,2,0.0,,0.0,0,1997.0,A01,138Â 197Â 069,1.0,-1.0,-1.0,1735182,2.0,7,,0.0,2.0,3.0,A01,138Â 197Â 069,1.0
1016511,201900058042,3,26,10:24,1,2,6,1.0,3.0,37261,VICTOIRE (RUE DE LA),M,"47,3962839","0,6769289",37,2019,50.0,1.0,1.0,4.0,2273434,1.0,1,4,1,1.0,,-1.0,0,1962.0,B01,138Â 197Â 067,2.0,6.0,-1.0,1735183,2.0,33,,0.0,2.0,5.0,B01,138Â 197Â 067,1.0
1016511,201900058042,3,26,10:24,1,2,6,1.0,3.0,37261,VICTOIRE (RUE DE LA),M,"47,3962839","0,6769289",37,2019,50.0,1.0,1.0,4.0,2273434,1.0,1,4,1,1.0,,-1.0,0,1962.0,B01,138Â 197Â 067,2.0,6.0,-1.0,1735184,1.0,7,,0.0,2.0,1.0,A01,138Â 197Â 073,1.0
1016511,201900058042,3,26,10:24,1,2,6,1.0,3.0,37261,VICTOIRE (RUE DE LA),M,"47,3962839","0,6769289",37,2019,50.0,1.0,1.0,4.0,2273435,1.0,1,1,1,5.0,,-1.0,0,1944.0,A01,138Â 197Â 073,1.0,8.0,-1.0,1735183,2.0,33,,0.0,2.0,5.0,B01,138Â 197Â 067,1.0
1016511,201900058042,3,26,10:24,1,2,6,1.0,3.0,37261,VICTOIRE (RUE DE LA),M,"47,3962839","0,6769289",37,2019,50.0,1.0,1.0,4.0,2273435,1.0,1,1,1,5.0,,-1.0,0,1944.0,A01,138Â 197Â 073,1.0,8.0,-1.0,1735184,1.0,7,,0.0,2.0,1.0,A01,138Â 197Â 073,1.0
1016512,201900058043,5,6,15:40,1,1,1,1.0,3.0,38540,Route de Valence,M,"45,2718320","5,6134300",38,2019,80.0,1.0,1.0,3.0,2273436,1.0,1,1,1,0.0,,0.0,0,1988.0,B01,138Â 197Â 065,1.0,-1.0,-1.0,1735185,2.0,7,,0.0,2.0,3.0,B01,138Â 197Â 065,1.0
1016512,201900058043,5,6,15:40,1,1,1,1.0,3.0,38540,Route de Valence,M,"45,2718320","5,6134300",38,2019,80.0,1.0,1.0,3.0,2273436,1.0,1,1,1,0.0,,0.0,0,1988.0,B01,138Â 197Â 065,1.0,-1.0,-1.0,1735186,2.0,33,,0.0,2.0,7.0,A01,138Â 197Â 066,1.0
1016512,201900058043,5,6,15:40,1,1,1,1.0,3.0,38540,Route de Valence,M,"45,2718320","5,6134300",38,2019,80.0,1.0,1.0,3.0,2273437,1.0,1,4,1,0.0,,0.0,0,1989.0,A01,138Â 197Â 066,2.0,-1.0,-1.0,1735185,2.0,7,,0.0,2.0,3.0,B01,138Â 197Â 065,1.0
1016512,201900058043,5,6,15:40,1,1,1,1.0,3.0,38540,Route de Valence,M,"45,2718320","5,6134300",38,2019,80.0,1.0,1.0,3.0,2273437,1.0,1,4,1,0.0,,0.0,0,1989.0,A01,138Â 197Â 066,2.0,-1.0,-1.0,1735186,2.0,33,,0.0,2.0,7.0,A01,138Â 197Â 066,1.0
1016513,201900058044,3,26,07:58,1,1,1,1.0,2.0,37261,HEURTELOUP (BOULEVARD),M,"47,3933950","0,7022001",37,2019,50.0,1.0,1.0,4.0,2273438,2.0,2,4,1,2.0,,-1.0,0,2008.0,B01,138Â 197Â 063,1.0,0.0,-1.0,1735187,2.0,7,,0.0,2.0,4.0,B01,138Â 197Â 063,1.0
1016513,201900058044,3,26,07:58,1,1,1,1.0,2.0,37261,HEURTELOUP (BOULEVARD),M,"47,3933950","0,7022001",37,2019,50.0,1.0,1.0,4.0,2273438,2.0,2,4,1,2.0,,-1.0,0,2008.0,B01,138Â 197Â 063,1.0,0.0,-1.0,1735188,2.0,7,,0.0,2.0,1.0,A01,138Â 197Â 064,1.0
1016513,201900058044,3,26,07:58,1,1,1,1.0,2.0,37261,HEURTELOUP (BOULEVARD),M,"47,3933950","0,7022001",37,2019,50.0,1.0,1.0,4.0,2273439,1.0,1,4,2,1.0,,-1.0,0,1976.0,B01,138Â 197Â 063,1.0,0.0,-1.0,1735187,2.0,7,,0.0,2.0,4.0,B01,138Â 197Â 063,1.0
1016513,201900058044,3,26,07:58,1,1,1,1.0,2.0,37261,HEURTELOUP (BOULEVARD),M,"47,3933950","0,7022001",37,2019,50.0,1.0,1.0,4.0,2273439,1.0,1,4,2,1.0,,-1.0,0,1976.0,B01,138Â 197Â 063,1.0,0.0,-1.0,1735188,2.0,7,,0.0,2.0,1.0,A01,138Â 197Â 064,1.0
1016513,201900058044,3,26,07:58,1,1,1,1.0,2.0,37261,HEURTELOUP (BOULEVARD),M,"47,3933950","0,7022001",37,2019,50.0,1.0,1.0,4.0,2273440,3.0,2,1,1,2.0,,-1.0,0,2005.0,B01,138Â 197Â 063,1.0,0.0,-1.0,1735187,2.0,7,,0.0,2.0,4.0,B01,138Â 197Â 063,1.0
1016513,201900058044,3,26,07:58,1,1,1,1.0,2.0,37261,HEURTELOUP (BOULEVARD),M,"47,3933950","0,7022001",37,2019,50.0,1.0,1.0,4.0,2273440,3.0,2,1,1,2.0,,-1.0,0,2005.0,B01,138Â 197Â 063,1.0,0.0,-1.0,1735188,2.0,7,,0.0,2.0,1.0,A01,138Â 197Â 064,1.0
1016513,201900058044,3,26,07:58,1,1,1,1.0,2.0,37261,HEURTELOUP (BOULEVARD),M,"47,3933950","0,7022001",37,2019,50.0,1.0,1.0,4.0,2273441,4.0,2,1,1,2.0,,-1.0,0,2005.0,B01,138Â 197Â 063,1.0,0.0,-1.0,1735187,2.0,7,,0.0,2.0,4.0,B01,138Â 197Â 063,1.0
1016513,201900058044,3,26,07:58,1,1,1,1.0,2.0,37261,HEURTELOUP (BOULEVARD),M,"47,3933950","0,7022001",37,2019,50.0,1.0,1.0,4.0,2273441,4.0,2,1,1,2.0,,-1.0,0,2005.0,B01,138Â 197Â 063,1.0,0.0,-1.0,1735188,2.0,7,,0.0,2.0,1.0,A01,138Â 197Â 064,1.0
1016513,201900058044,3,26,07:58,1,1,1,1.0,2.0,37261,HEURTELOUP (BOULEVARD),M,"47,3933950","0,7022001",37,2019,50.0,1.0,1.0,4.0,2273442,1.0,1,1,1,5.0,,-1.0,0,1999.0,A01,138Â 197Â 064,1.0,8.0,-1.0,1735187,2.0,7,,0.0,2.0,4.0,B01,138Â 197Â 063,1.0
1016513,201900058044,3,26,07:58,1,1,1,1.0,2.0,37261,HEURTELOUP (BOULEVARD),M,"47,3933950","0,7022001",37,2019,50.0,1.0,1.0,4.0,2273442,1.0,1,1,1,5.0,,-1.0,0,1999.0,A01,138Â 197Â 064,1.0,8.0,-1.0,1735188,2.0,7,,0.0,2.0,1.0,A01,138Â 197Â 064,1.0
1016514,201900058045,5,2,06:20,2,2,2,1.0,3.0,38382,route de Grenoble,M,"45,2295220","5,6828430",38,2019,50.0,1.0,1.0,3.0,2273443,1.0,1,1,1,9.0,,0.0,0,1997.0,A01,138Â 197Â 061,8.0,-1.0,-1.0,1735189,0.0,7,,0.0,2.0,2.0,A01,138Â 197Â 061,1.0
1016514,201900058045,5,2,06:20,2,2,2,1.0,3.0,38382,route de Grenoble,M,"45,2295220","5,6828430",38,2019,50.0,1.0,1.0,3.0,2273443,1.0,1,1,1,9.0,,0.0,0,1997.0,A01,138Â 197Â 061,8.0,-1.0,-1.0,1735190,3.0,2,,8.0,2.0,7.0,B01,138Â 197Â 062,1.0
1016514,201900058045,5,2,06:20,2,2,2,1.0,3.0,38382,route de Grenoble,M,"45,2295220","5,6828430",38,2019,50.0,1.0,1.0,3.0,2273444,1.0,1,3,1,1.0,,0.0,0,2001.0,B01,138Â 197Â 062,2.0,-1.0,-1.0,1735189,0.0,7,,0.0,2.0,2.0,A01,138Â 197Â 061,1.0
1016514,201900058045,5,2,06:20,2,2,2,1.0,3.0,38382,route de Grenoble,M,"45,2295220","5,6828430",38,2019,50.0,1.0,1.0,3.0,2273444,1.0,1,3,1,1.0,,0.0,0,2001.0,B01,138Â 197Â 062,2.0,-1.0,-1.0,1735190,3.0,2,,8.0,2.0,7.0,B01,138Â 197Â 062,1.0
1016515,201900058046,3,26,08:30,1,2,1,1.0,3.0,37214,GROSSE BORNE (RUE DE LA),M,"47,4215934","0,6521021",37,2019,50.0,1.0,1.0,4.0,2273445,1.0,1,4,1,2.0,,-1.0,0,2008.0,B01,138Â 197Â 059,8.0,0.0,-1.0,1735191,2.0,1,,0.0,2.0,8.0,B01,138Â 197Â 059,5.0
1016515,201900058046,3,26,08:30,1,2,1,1.0,3.0,37214,GROSSE BORNE (RUE DE LA),M,"47,4215934","0,6521021",37,2019,50.0,1.0,1.0,4.0,2273445,1.0,1,4,1,2.0,,-1.0,0,2008.0,B01,138Â 197Â 059,8.0,0.0,-1.0,1735192,1.0,7,,0.0,2.0,1.0,A01,138Â 197Â 060,1.0
1016515,201900058046,3,26,08:30,1,2,1,1.0,3.0,37214,GROSSE BORNE (RUE DE LA),M,"47,4215934","0,6521021",37,2019,50.0,1.0,1.0,4.0,2273446,1.0,1,1,2,5.0,,-1.0,0,1981.0,A01,138Â 197Â 060,1.0,0.0,-1.0,1735191,2.0,1,,0.0,2.0,8.0,B01,138Â 197Â 059,5.0
1016515,201900058046,3,26,08:30,1,2,1,1.0,3.0,37214,GROSSE BORNE (RUE DE LA),M,"47,4215934","0,6521021",37,2019,50.0,1.0,1.0,4.0,2273446,1.0,1,1,2,5.0,,-1.0,0,1981.0,A01,138Â 197Â 060,1.0,0.0,-1.0,1735192,1.0,7,,0.0,2.0,1.0,A01,138Â 197Â 060,1.0
1016516,201900058047,5,24,21:20,3,1,1,1.0,3.0,26271,Route du Dauphine,M,"45,0376730","4,8674290",26,2019,80.0,1.0,1.0,2.0,2273447,1.0,1,1,2,0.0,,0.0,0,1994.0,B01,138Â 197Â 057,1.0,-1.0,-1.0,1735193,1.0,7,,0.0,2.0,3.0,B01,138Â 197Â 057,1.0
1016516,201900058047,5,24,21:20,3,1,1,1.0,3.0,26271,Route du Dauphine,M,"45,0376730","4,8674290",26,2019,80.0,1.0,1.0,2.0,2273447,1.0,1,1,2,0.0,,0.0,0,1994.0,B01,138Â 197Â 057,1.0,-1.0,-1.0,1735194,2.0,2,,0.0,2.0,1.0,A01,138Â 197Â 058,1.0
1016516,201900058047,5,24,21:20,3,1,1,1.0,3.0,26271,Route du Dauphine,M,"45,0376730","4,8674290",26,2019,80.0,1.0,1.0,2.0,2273448,1.0,1,3,1,5.0,,0.0,0,2002.0,A01,138Â 197Â 058,2.0,6.0,-1.0,1735193,1.0,7,,0.0,2.0,3.0,B01,138Â 197Â 057,1.0
1016516,201900058047,5,24,21:20,3,1,1,1.0,3.0,26271,Route du Dauphine,M,"45,0376730","4,8674290",26,2019,80.0,1.0,1.0,2.0,2273448,1.0,1,3,1,5.0,,0.0,0,2002.0,A01,138Â 197Â 058,2.0,6.0,-1.0,1735194,2.0,2,,0.0,2.0,1.0,A01,138Â 197Â 058,1.0
1016517,201900058048,5,16,19:50,1,1,1,1.0,6.0,26367,RD 538,M,"44,3932200","5,0865540",26,2019,80.0,1.0,1.0,3.0,2273449,1.0,1,2,1,5.0,,0.0,0,1994.0,A01,138Â 197Â 050,2.0,6.0,9.0,1735195,2.0,33,,13.0,0.0,2.0,A01,138Â 197Â 050,1.0
1016518,201900058049,2,16,20:20,5,2,1,1.0,6.0,74256,ANCIENNE ROUTE DE COMBLOUX,M,"45,9232950","6,6275160",74,2019,50.0,4.0,1.0,4.0,2273450,10.0,3,4,1,0.0,,3.0,3,1993.0,A01,138Â 197Â 052,0.0,-1.0,-1.0,1735196,3.0,14,,0.0,1.0,2.0,A01,138Â 197Â 052,1.0
1016518,201900058049,2,16,20:20,5,2,1,1.0,6.0,74256,ANCIENNE ROUTE DE COMBLOUX,M,"45,9232950","6,6275160",74,2019,50.0,4.0,1.0,4.0,2273451,1.0,1,1,1,4.0,,0.0,0,1988.0,A01,138Â 197Â 052,8.0,-1.0,-1.0,1735196,3.0,14,,0.0,1.0,2.0,A01,138Â 197Â 052,1.0
1016519,201900058050,9,20,20:15,5,2,1,1.0,2.0,75107,QUAI ANATOLE FRANCE,M,"48,8613999","2,3232189",75,2019,50.0,1.0,1.0,4.0,2273452,1.0,1,4,1,0.0,,0.0,0,1962.0,B01,138Â 197Â 053,2.0,6.0,-1.0,1735197,2.0,43,,0.0,2.0,4.0,B01,138Â 197Â 053,1.0
1016519,201900058050,9,20,20:15,5,2,1,1.0,2.0,75107,QUAI ANATOLE FRANCE,M,"48,8613999","2,3232189",75,2019,50.0,1.0,1.0,4.0,2273452,1.0,1,4,1,0.0,,0.0,0,1962.0,B01,138Â 197Â 053,2.0,6.0,-1.0,1735198,2.0,7,,0.0,2.0,1.0,A01,138Â 197Â 072,1.0
1016519,201900058050,9,20,20:15,5,2,1,1.0,2.0,75107,QUAI ANATOLE FRANCE,M,"48,8613999","2,3232189",75,2019,50.0,1.0,1.0,4.0,2273453,1.0,1,1,1,0.0,,0.0,0,1987.0,A01,138Â 197Â 072,1.0,0.0,-1.0,1735197,2.0,43,,0.0,2.0,4.0,B01,138Â 197Â 053,1.0
1016519,201900058050,9,20,20:15,5,2,1,1.0,2.0,75107,QUAI ANATOLE FRANCE,M,"48,8613999","2,3232189",75,2019,50.0,1.0,1.0,4.0,2273453,1.0,1,1,1,0.0,,0.0,0,1987.0,A01,138Â 197Â 072,1.0,0.0,-1.0,1735198,2.0,7,,0.0,2.0,1.0,A01,138Â 197Â 072,1.0
1016520,201900058051,10,23,15:43,1,2,1,2.0,2.0,34172,MONSIEUR TESTE (AVENUE DE,M,"43,6111600","3,8290600",34,2019,50.0,1.0,2.0,4.0,2273454,1.0,1,4,1,0.0,,0.0,0,1971.0,B01,138Â 197Â 054,2.0,0.0,-1.0,1735199,2.0,30,,0.0,2.0,4.0,B01,138Â 197Â 054,0.0
1016520,201900058051,10,23,15:43,1,2,1,2.0,2.0,34172,MONSIEUR TESTE (AVENUE DE,M,"43,6111600","3,8290600",34,2019,50.0,1.0,2.0,4.0,2273454,1.0,1,4,1,0.0,,0.0,0,1971.0,B01,138Â 197Â 054,2.0,0.0,-1.0,1735200,2.0,7,,0.0,2.0,2.0,Z01,138Â 197Â 071,0.0
1016520,201900058051,10,23,15:43,1,2,1,2.0,2.0,34172,MONSIEUR TESTE (AVENUE DE,M,"43,6111600","3,8290600",34,2019,50.0,1.0,2.0,4.0,2273455,1.0,1,1,1,0.0,,0.0,0,1969.0,Z01,138Â 197Â 071,1.0,0.0,-1.0,1735199,2.0,30,,0.0,2.0,4.0,B01,138Â 197Â 054,0.0
1016520,201900058051,10,23,15:43,1,2,1,2.0,2.0,34172,MONSIEUR TESTE (AVENUE DE,M,"43,6111600","3,8290600",34,2019,50.0,1.0,2.0,4.0,2273455,1.0,1,1,1,0.0,,0.0,0,1969.0,Z01,138Â 197Â 071,1.0,0.0,-1.0,1735200,2.0,7,,0.0,2.0,2.0,Z01,138Â 197Â 071,0.0
1016521,201900058052,5,4,14:15,1,2,1,1.0,1.0,26220,Avenue FrÃ©dÃ©ric Misral,M,"44,3582260","5,1289540",26,2019,50.0,1.0,1.0,4.0,2273456,1.0,1,3,1,5.0,,0.0,0,1976.0,B01,138Â 197Â 048,2.0,6.0,-1.0,1735201,3.0,33,,0.0,2.0,1.0,B01,138Â 197Â 048,1.0
1016521,201900058052,5,4,14:15,1,2,1,1.0,1.0,26220,Avenue FrÃ©dÃ©ric Misral,M,"44,3582260","5,1289540",26,2019,50.0,1.0,1.0,4.0,2273456,1.0,1,3,1,5.0,,0.0,0,1976.0,B01,138Â 197Â 048,2.0,6.0,-1.0,1735202,3.0,7,,0.0,2.0,3.0,A01,138Â 197Â 049,1.0
1016521,201900058052,5,4,14:15,1,2,1,1.0,1.0,26220,Avenue FrÃ©dÃ©ric Misral,M,"44,3582260","5,1289540",26,2019,50.0,1.0,1.0,4.0,2273457,1.0,1,1,1,5.0,,0.0,0,1950.0,A01,138Â 197Â 049,1.0,-1.0,-1.0,1735201,3.0,33,,0.0,2.0,1.0,B01,138Â 197Â 048,1.0
1016521,201900058052,5,4,14:15,1,2,1,1.0,1.0,26220,Avenue FrÃ©dÃ©ric Misral,M,"44,3582260","5,1289540",26,2019,50.0,1.0,1.0,4.0,2273457,1.0,1,1,1,5.0,,0.0,0,1950.0,A01,138Â 197Â 049,1.0,-1.0,-1.0,1735202,3.0,7,,0.0,2.0,3.0,A01,138Â 197Â 049,1.0
1016522,201900058053,10,24,09:50,1,2,1,8.0,7.0,13201,CAPUCINES (PLACE DES),M,"43,2989800","5,3803400",13,2019,50.0,1.0,2.0,4.0,2273458,1.0,1,4,1,9.0,,-1.0,0,1949.0,A01,138Â 197Â 046,2.0,6.0,-1.0,1735203,1.0,31,,0.0,0.0,7.0,A01,138Â 197Â 046,1.0
1016523,201900058054,3,25,18:35,1,2,3,1.0,3.0,35238,VITRE (BLD DE),M,"48,1202500"," -1,6506000",35,2019,50.0,1.0,1.0,4.0,2273459,1.0,1,4,1,9.0,,-1.0, -1,2010.0,B01,138Â 197Â 055,2.0,0.0,-1.0,1735204,3.0,1,,0.0,2.0,5.0,B01,138Â 197Â 055,5.0
1016523,201900058054,3,25,18:35,1,2,3,1.0,3.0,35238,VITRE (BLD DE),M,"48,1202500"," -1,6506000",35,2019,50.0,1.0,1.0,4.0,2273459,1.0,1,4,1,9.0,,-1.0, -1,2010.0,B01,138Â 197Â 055,2.0,0.0,-1.0,1735205,3.0,7,,0.0,2.0,1.0,A01,138Â 197Â 056,1.0
1016523,201900058054,3,25,18:35,1,2,3,1.0,3.0,35238,VITRE (BLD DE),M,"48,1202500"," -1,6506000",35,2019,50.0,1.0,1.0,4.0,2273460,1.0,1,1,1,1.0,,-1.0,0,1990.0,A01,138Â 197Â 056,1.0,0.0,-1.0,1735204,3.0,1,,0.0,2.0,5.0,B01,138Â 197Â 055,5.0
1016523,201900058054,3,25,18:35,1,2,3,1.0,3.0,35238,VITRE (BLD DE),M,"48,1202500"," -1,6506000",35,2019,50.0,1.0,1.0,4.0,2273460,1.0,1,1,1,1.0,,-1.0,0,1990.0,A01,138Â 197Â 056,1.0,0.0,-1.0,1735205,3.0,7,,0.0,2.0,1.0,A01,138Â 197Â 056,1.0
1016524,201900058055,10,23,14:50,1,2,1,1.0,2.0,10387,PIERRE GILLON (RUE),M,"48,2866531","4,0751821",10,2019,50.0,1.0,1.0,4.0,2273461,1.0,1,4,1,5.0,,-1.0,0,1999.0,B01,138Â 197Â 044,8.0,0.0,-1.0,1735206,1.0,1,,0.0,2.0,1.0,B01,138Â 197Â 044,5.0
1016524,201900058055,10,23,14:50,1,2,1,1.0,2.0,10387,PIERRE GILLON (RUE),M,"48,2866531","4,0751821",10,2019,50.0,1.0,1.0,4.0,2273461,1.0,1,4,1,5.0,,-1.0,0,1999.0,B01,138Â 197Â 044,8.0,0.0,-1.0,1735207,1.0,7,,0.0,2.0,5.0,A01,138Â 197Â 045,1.0
1016524,201900058055,10,23,14:50,1,2,1,1.0,2.0,10387,PIERRE GILLON (RUE),M,"48,2866531","4,0751821",10,2019,50.0,1.0,1.0,4.0,2273462,1.0,1,1,1,-1.0,,-1.0, -1,1950.0,A01,138Â 197Â 045,1.0,9.0,9.0,1735206,1.0,1,,0.0,2.0,1.0,B01,138Â 197Â 044,5.0
1016524,201900058055,10,23,14:50,1,2,1,1.0,2.0,10387,PIERRE GILLON (RUE),M,"48,2866531","4,0751821",10,2019,50.0,1.0,1.0,4.0,2273462,1.0,1,1,1,-1.0,,-1.0, -1,1950.0,A01,138Â 197Â 045,1.0,9.0,9.0,1735207,1.0,7,,0.0,2.0,5.0,A01,138Â 197Â 045,1.0
1016525,201900058056,8,17,21:20,5,1,1,2.0,2.0,94033,A86.INT,M,"48,8599800","2,4854300",94,2019,90.0,1.0,2.0,1.0,2273463,1.0,1,4,2,5.0,,0.0,0,1993.0,A01,138Â 197Â 051,1.0,8.0,-1.0,1735208,1.0,7,,0.0,2.0,4.0,A01,138Â 197Â 051,1.0
1016525,201900058056,8,17,21:20,5,1,1,2.0,2.0,94033,A86.INT,M,"48,8599800","2,4854300",94,2019,90.0,1.0,2.0,1.0,2273463,1.0,1,4,2,5.0,,0.0,0,1993.0,A01,138Â 197Â 051,1.0,8.0,-1.0,1735209,1.0,7,,0.0,2.0,1.0,B01,138Â 197Â 070,1.0