Unnamed: 0_x,num_acc,mois,jour,hrmn,lum,agg,int,atm,col,com,adr,gps,lat,long,dep,annee,vma,situ,surf,catr,Unnamed: 0_y,place,catu,grav,sexe,trajet,secu,locp,actp,an_nais,num_veh_x,id_vehicule_x,secu1,secu2,secu3,Unnamed: 0,senc,catv,occutc,obs,obsm,choc,num_veh_y,id_vehicule_y,motor
1016525,201900058056,8,17,21:20,5,1,1,2.0,2.0,94033,A86.INT,M,"48,8599800","2,4854300",94,2019,90.0,1.0,2.0,1.0,2273464,1.0,1,1,2,5.0,,0.0,0,1997.0,B01,138Â 197Â 070,1.0,8.0,-1.0,1735208,1.0,7,,0.0,2.0,4.0,A01,138Â 197Â 051,1.0
1016525,201900058056,8,17,21:20,5,1,1,2.0,2.0,94033,A86.INT,M,"48,8599800","2,4854300",94,2019,90.0,1.0,2.0,1.0,2273464,1.0,1,1,2,5.0,,0.0,0,1997.0,B01,138Â 197Â 070,1.0,8.0,-1.0,1735209,1.0,7,,0.0,2.0,1.0,B01,138Â 197Â 070,1.0
1016526,201900058057,10,23,15:35,1,2,1,8.0,6.0,92049,PERI RUE GABRIEL NÂ°37 A 99,M,"48,8187550","2,3181440",92,2019,50.0,1.0,2.0,3.0,2273465,1.0,1,1,2,0.0,,0.0,0,1961.0,A01,138Â 197Â 042,1.0,8.0,-1.0,1735210,1.0,7,,0.0,1.0,0.0,A01,138Â 197Â 042,1.0
1016526,201900058057,10,23,15:35,1,2,1,8.0,6.0,92049,PERI RUE GABRIEL NÂ°37 A 99,M,"48,8187550","2,3181440",92,2019,50.0,1.0,2.0,3.0,2273466,10.0,3,4,1,9.0,,3.0,9,1938.0,A01,138Â 197Â 042,8.0,0.0,-1.0,1735210,1.0,7,,0.0,1.0,0.0,A01,138Â 197Â 042,1.0
1016527,201900058058,8,15,14:25,1,2,2,1.0,3.0,97302,GRANT (CITE),M,"4,9452500"," -52,3068800",973,2019,50.0,1.0,2.0,4.0,2273467,1.0,1,4,1,5.0,,-1.0,0,2000.0,B01,138Â 197Â 040,2.0,0.0,-1.0,1735211,2.0,30,,0.0,2.0,1.0,B01,138Â 197Â 040,1.0
1016527,201900058058,8,15,14:25,1,2,2,1.0,3.0,97302,GRANT (CITE),M,"4,9452500"," -52,3068800",973,2019,50.0,1.0,2.0,4.0,2273467,1.0,1,4,1,5.0,,-1.0,0,2000.0,B01,138Â 197Â 040,2.0,0.0,-1.0,1735212,2.0,7,,0.0,2.0,2.0,A01,138Â 197Â 041,1.0
1016527,201900058058,8,15,14:25,1,2,2,1.0,3.0,97302,GRANT (CITE),M,"4,9452500"," -52,3068800",973,2019,50.0,1.0,2.0,4.0,2273468,2.0,2,4,2,5.0,,-1.0,0,1995.0,B01,138Â 197Â 040,2.0,0.0,-1.0,1735211,2.0,30,,0.0,2.0,1.0,B01,138Â 197Â 040,1.0
1016527,201900058058,8,15,14:25,1,2,2,1.0,3.0,97302,GRANT (CITE),M,"4,9452500"," -52,3068800",973,2019,50.0,1.0,2.0,4.0,2273468,2.0,2,4,2,5.0,,-1.0,0,1995.0,B01,138Â 197Â 040,2.0,0.0,-1.0,1735212,2.0,7,,0.0,2.0,2.0,A01,138Â 197Â 041,1.0
1016527,201900058058,8,15,14:25,1,2,2,1.0,3.0,97302,GRANT (CITE),M,"4,9452500"," -52,3068800",973,2019,50.0,1.0,2.0,4.0,2273469,1.0,1,1,1,0.0,,-1.0,0,1977.0,A01,138Â 197Â 041,1.0,0.0,-1.0,1735211,2.0,30,,0.0,2.0,1.0,B01,138Â 197Â 040,1.0
1016527,201900058058,8,15,14:25,1,2,2,1.0,3.0,97302,GRANT (CITE),M,"4,9452500"," -52,3068800",973,2019,50.0,1.0,2.0,4.0,2273469,1.0,1,1,1,0.0,,-1.0,0,1977.0,A01,138Â 197Â 041,1.0,0.0,-1.0,1735212,2.0,7,,0.0,2.0,2.0,A01,138Â 197Â 041,1.0
1016528,201900058059,7,27,08:25,1,1,1,1.0,3.0,98738,"PK 16.100, RT1",M," -17,6184160"," -149,5708030",987,2019,60.0,1.0,1.0,2.0,2273470,7.0,2,1,2,5.0,,0.0,0,2014.0,A01,138Â 197Â 035,1.0,-1.0,-1.0,1735213,2.0,7,,0.0,2.0,3.0,A01,138Â 197Â 035,6.0
1016528,201900058059,7,27,08:25,1,1,1,1.0,3.0,98738,"PK 16.100, RT1",M," -17,6184160"," -149,5708030",987,2019,60.0,1.0,1.0,2.0,2273470,7.0,2,1,2,5.0,,0.0,0,2014.0,A01,138Â 197Â 035,1.0,-1.0,-1.0,1735214,1.0,33,,0.0,2.0,1.0,B01,138Â 197Â 039,6.0
1016528,201900058059,7,27,08:25,1,1,1,1.0,3.0,98738,"PK 16.100, RT1",M," -17,6184160"," -149,5708030",987,2019,60.0,1.0,1.0,2.0,2273471,1.0,1,4,1,1.0,,0.0,0,1988.0,A01,138Â 197Â 035,1.0,-1.0,-1.0,1735213,2.0,7,,0.0,2.0,3.0,A01,138Â 197Â 035,6.0
1016528,201900058059,7,27,08:25,1,1,1,1.0,3.0,98738,"PK 16.100, RT1",M," -17,6184160"," -149,5708030",987,2019,60.0,1.0,1.0,2.0,2273471,1.0,1,4,1,1.0,,0.0,0,1988.0,A01,138Â 197Â 035,1.0,-1.0,-1.0,1735214,1.0,33,,0.0,2.0,1.0,B01,138Â 197Â 039,6.0
1016528,201900058059,7,27,08:25,1,1,1,1.0,3.0,98738,"PK 16.100, RT1",M," -17,6184160"," -149,5708030",987,2019,60.0,1.0,1.0,2.0,2273472,2.0,2,1,2,1.0,,0.0,0,1993.0,A01,138Â 197Â 035,1.0,-1.0,-1.0,1735213,2.0,7,,0.0,2.0,3.0,A01,138Â 197Â 035,6.0
1016528,201900058059,7,27,08:25,1,1,1,1.0,3.0,98738,"PK 16.100, RT1",M," -17,6184160"," -149,5708030",987,2019,60.0,1.0,1.0,2.0,2273472,2.0,2,1,2,1.0,,0.0,0,1993.0,A01,138Â 197Â 035,1.0,-1.0,-1.0,1735214,1.0,33,,0.0,2.0,1.0,B01,138Â 197Â 039,6.0
1016528,201900058059,7,27,08:25,1,1,1,1.0,3.0,98738,"PK 16.100, RT1",M," -17,6184160"," -149,5708030",987,2019,60.0,1.0,1.0,2.0,2273473,1.0,1,2,1,3.0,,0.0,0,1991.0,B01,138Â 197Â 039,2.0,-1.0,-1.0,1735213,2.0,7,,0.0,2.0,3.0,A01,138Â 197Â 035,6.0
1016528,201900058059,7,27,08:25,1,1,1,1.0,3.0,98738,"PK 16.100, RT1",M," -17,6184160"," -149,5708030",987,2019,60.0,1.0,1.0,2.0,2273473,1.0,1,2,1,3.0,,0.0,0,1991.0,B01,138Â 197Â 039,2.0,-1.0,-1.0,1735214,1.0,33,,0.0,2.0,1.0,B01,138Â 197Â 039,6.0
1016529,201900058060,4,5,19:00,5,2,1,3.0,6.0,98738,RT1 PK 9,M," -17,6276160"," -149,5579940",987,2019,50.0,1.0,2.0,2.0,2273474,1.0,1,3,1,0.0,,0.0,0,2003.0,A01,138Â 197Â 032,2.0,-1.0,-1.0,1735215,2.0,2,,0.0,2.0,0.0,A01,138Â 197Â 032,1.0
1016530,201900058061,8,14,21:15,4,2,1,1.0,3.0,97302,MADELEINE (ROUTE DE LA),M,"4,9144004"," -52,3208857",973,2019,50.0,1.0,1.0,3.0,2273475,1.0,1,3,1,9.0,,-1.0,0,1990.0,B01,138Â 197Â 031,2.0,8.0,-1.0,1735216,2.0,2,,0.0,2.0,5.0,B01,138Â 197Â 031,0.0
1016530,201900058061,8,14,21:15,4,2,1,1.0,3.0,97302,MADELEINE (ROUTE DE LA),M,"4,9144004"," -52,3208857",973,2019,50.0,1.0,1.0,3.0,2273475,1.0,1,3,1,9.0,,-1.0,0,1990.0,B01,138Â 197Â 031,2.0,8.0,-1.0,1735217,1.0,7,,0.0,2.0,5.0,A01,138Â 197Â 033,0.0
1016530,201900058061,8,14,21:15,4,2,1,1.0,3.0,97302,MADELEINE (ROUTE DE LA),M,"4,9144004"," -52,3208857",973,2019,50.0,1.0,1.0,3.0,2273476,1.0,1,1,2,9.0,,-1.0,0,1952.0,A01,138Â 197Â 033,1.0,8.0,-1.0,1735216,2.0,2,,0.0,2.0,5.0,B01,138Â 197Â 031,0.0
1016530,201900058061,8,14,21:15,4,2,1,1.0,3.0,97302,MADELEINE (ROUTE DE LA),M,"4,9144004"," -52,3208857",973,2019,50.0,1.0,1.0,3.0,2273476,1.0,1,1,2,9.0,,-1.0,0,1952.0,A01,138Â 197Â 033,1.0,8.0,-1.0,1735217,1.0,7,,0.0,2.0,5.0,A01,138Â 197Â 033,0.0
1016531,201900058062,10,24,16:37,1,2,1,1.0,1.0,97611,kaweni-Kaweni nord ( Z I ),M," -12,7585600","45,2309500",976,2019,50.0,1.0,1.0,2.0,2273477,4.0,2,4,2,0.0,,-1.0,0,2010.0,B01,138Â 197Â 029,1.0,8.0,-1.0,1735218,1.0,7,,0.0,2.0,1.0,A01,138Â 197Â 028,1.0
1016531,201900058062,10,24,16:37,1,2,1,1.0,1.0,97611,kaweni-Kaweni nord ( Z I ),M," -12,7585600","45,2309500",976,2019,50.0,1.0,1.0,2.0,2273477,4.0,2,4,2,0.0,,-1.0,0,2010.0,B01,138Â 197Â 029,1.0,8.0,-1.0,1735219,2.0,7,,0.0,2.0,1.0,B01,138Â 197Â 029,1.0
1016531,201900058062,10,24,16:37,1,2,1,1.0,1.0,97611,kaweni-Kaweni nord ( Z I ),M," -12,7585600","45,2309500",976,2019,50.0,1.0,1.0,2.0,2273478,1.0,1,1,2,0.0,,-1.0,0,1972.0,B01,138Â 197Â 029,1.0,8.0,-1.0,1735218,1.0,7,,0.0,2.0,1.0,A01,138Â 197Â 028,1.0
1016531,201900058062,10,24,16:37,1,2,1,1.0,1.0,97611,kaweni-Kaweni nord ( Z I ),M," -12,7585600","45,2309500",976,2019,50.0,1.0,1.0,2.0,2273478,1.0,1,1,2,0.0,,-1.0,0,1972.0,B01,138Â 197Â 029,1.0,8.0,-1.0,1735219,2.0,7,,0.0,2.0,1.0,B01,138Â 197Â 029,1.0
1016532,201900058063,3,25,18:10,1,1,1,1.0,3.0,35238,LORIENT (DE),M,"48,1068900"," -1,7279200",35,2019,50.0,1.0,1.0,2.0,2273479,1.0,1,4,1,1.0,,-1.0,0,1976.0,B01,138Â 197Â 036,2.0,0.0,-1.0,1735220,2.0,2,,0.0,2.0,1.0,B01,138Â 197Â 036,1.0
1016532,201900058063,3,25,18:10,1,1,1,1.0,3.0,35238,LORIENT (DE),M,"48,1068900"," -1,7279200",35,2019,50.0,1.0,1.0,2.0,2273479,1.0,1,4,1,1.0,,-1.0,0,1976.0,B01,138Â 197Â 036,2.0,0.0,-1.0,1735221,1.0,7,,0.0,2.0,2.0,A01,138Â 197Â 043,1.0
1016532,201900058063,3,25,18:10,1,1,1,1.0,3.0,35238,LORIENT (DE),M,"48,1068900"," -1,7279200",35,2019,50.0,1.0,1.0,2.0,2273480,1.0,1,1,2,3.0,,-1.0,0,1984.0,A01,138Â 197Â 043,1.0,8.0,-1.0,1735220,2.0,2,,0.0,2.0,1.0,B01,138Â 197Â 036,1.0
1016532,201900058063,3,25,18:10,1,1,1,1.0,3.0,35238,LORIENT (DE),M,"48,1068900"," -1,7279200",35,2019,50.0,1.0,1.0,2.0,2273480,1.0,1,1,2,3.0,,-1.0,0,1984.0,A01,138Â 197Â 043,1.0,8.0,-1.0,1735221,1.0,7,,0.0,2.0,2.0,A01,138Â 197Â 043,1.0
1016533,201900058064,9,21,15:45,1,2,1,1.0,3.0,75103,BOULEVARD SAINT MARTIN,M,"48,8681932","2,3607257",75,2019,50.0,1.0,1.0,4.0,2273481,1.0,1,1,1,9.0,,0.0,0,1963.0,A01,138Â 197Â 037,1.0,0.0,-1.0,1735222,1.0,10,,0.0,2.0,3.0,A01,138Â 197Â 037,1.0
1016533,201900058064,9,21,15:45,1,2,1,1.0,3.0,75103,BOULEVARD SAINT MARTIN,M,"48,8681932","2,3607257",75,2019,50.0,1.0,1.0,4.0,2273481,1.0,1,1,1,9.0,,0.0,0,1963.0,A01,138Â 197Â 037,1.0,0.0,-1.0,1735223,1.0,31,,0.0,2.0,1.0,B01,138Â 197Â 047,1.0
1016533,201900058064,9,21,15:45,1,2,1,1.0,3.0,75103,BOULEVARD SAINT MARTIN,M,"48,8681932","2,3607257",75,2019,50.0,1.0,1.0,4.0,2273482,2.0,2,4,2,9.0,,0.0,0,1987.0,B01,138Â 197Â 047,2.0,6.0,-1.0,1735222,1.0,10,,0.0,2.0,3.0,A01,138Â 197Â 037,1.0
1016533,201900058064,9,21,15:45,1,2,1,1.0,3.0,75103,BOULEVARD SAINT MARTIN,M,"48,8681932","2,3607257",75,2019,50.0,1.0,1.0,4.0,2273482,2.0,2,4,2,9.0,,0.0,0,1987.0,B01,138Â 197Â 047,2.0,6.0,-1.0,1735223,1.0,31,,0.0,2.0,1.0,B01,138Â 197Â 047,1.0
1016533,201900058064,9,21,15:45,1,2,1,1.0,3.0,75103,BOULEVARD SAINT MARTIN,M,"48,8681932","2,3607257",75,2019,50.0,1.0,1.0,4.0,2273483,1.0,1,4,1,9.0,,0.0,0,1989.0,B01,138Â 197Â 047,2.0,6.0,-1.0,1735222,1.0,10,,0.0,2.0,3.0,A01,138Â 197Â 037,1.0
1016533,201900058064,9,21,15:45,1,2,1,1.0,3.0,75103,BOULEVARD SAINT MARTIN,M,"48,8681932","2,3607257",75,2019,50.0,1.0,1.0,4.0,2273483,1.0,1,4,1,9.0,,0.0,0,1989.0,B01,138Â 197Â 047,2.0,6.0,-1.0,1735223,1.0,31,,0.0,2.0,1.0,B01,138Â 197Â 047,1.0
1016534,201900058065,5,4,05:30,2,1,1,1.0,6.0,26226,ROUTE DE VALREAS,M,"44,4281530","5,0467820",26,2019,70.0,1.0,1.0,3.0,2273484,1.0,1,2,1,9.0,,0.0,0,1987.0,A01,138Â 197Â 034,1.0,-1.0,-1.0,1735224,2.0,7,,17.0,0.0,3.0,A01,138Â 197Â 034,1.0
1016535,201900058066,6,18,13:45,1,2,1,1.0,3.0,82121,GARRISSON (BOULEVARD GUSTAVE),M,"44,0166400","1,3614900",82,2019,50.0,1.0,1.0,4.0,2273485,1.0,1,1,2,5.0,,0.0,0,2000.0,A01,138Â 197Â 023,1.0,8.0,-1.0,1735225,2.0,7,,0.0,2.0,7.0,A01,138Â 197Â 023,1.0
1016535,201900058066,6,18,13:45,1,2,1,1.0,3.0,82121,GARRISSON (BOULEVARD GUSTAVE),M,"44,0166400","1,3614900",82,2019,50.0,1.0,1.0,4.0,2273485,1.0,1,1,2,5.0,,0.0,0,2000.0,A01,138Â 197Â 023,1.0,8.0,-1.0,1735226,2.0,30,,0.0,2.0,8.0,B01,138Â 197Â 025,1.0
1016535,201900058066,6,18,13:45,1,2,1,1.0,3.0,82121,GARRISSON (BOULEVARD GUSTAVE),M,"44,0166400","1,3614900",82,2019,50.0,1.0,1.0,4.0,2273486,1.0,1,3,1,5.0,,0.0,0,1963.0,B01,138Â 197Â 025,2.0,6.0,-1.0,1735225,2.0,7,,0.0,2.0,7.0,A01,138Â 197Â 023,1.0
1016535,201900058066,6,18,13:45,1,2,1,1.0,3.0,82121,GARRISSON (BOULEVARD GUSTAVE),M,"44,0166400","1,3614900",82,2019,50.0,1.0,1.0,4.0,2273486,1.0,1,3,1,5.0,,0.0,0,1963.0,B01,138Â 197Â 025,2.0,6.0,-1.0,1735226,2.0,30,,0.0,2.0,8.0,B01,138Â 197Â 025,1.0
1016536,201900058067,3,25,07:45,1,1,1,1.0,5.0,35137,N12,M,"48,3370980"," -1,2022030",35,2019,80.0,1.0,1.0,2.0,2273487,1.0,1,1,1,1.0,,-1.0, -1,1977.0,B01,138Â 197Â 021,1.0,0.0,-1.0,1735227,2.0,7,,0.0,2.0,3.0,B01,138Â 197Â 021,1.0
1016536,201900058067,3,25,07:45,1,1,1,1.0,5.0,35137,N12,M,"48,3370980"," -1,2022030",35,2019,80.0,1.0,1.0,2.0,2273487,1.0,1,1,1,1.0,,-1.0, -1,1977.0,B01,138Â 197Â 021,1.0,0.0,-1.0,1735228,2.0,10,,0.0,2.0,8.0,C01,138Â 197Â 022,1.0
1016536,201900058067,3,25,07:45,1,1,1,1.0,5.0,35137,N12,M,"48,3370980"," -1,2022030",35,2019,80.0,1.0,1.0,2.0,2273487,1.0,1,1,1,1.0,,-1.0, -1,1977.0,B01,138Â 197Â 021,1.0,0.0,-1.0,1735229,1.0,7,,0.0,2.0,3.0,A01,138Â 197Â 024,1.0
1016536,201900058067,3,25,07:45,1,1,1,1.0,5.0,35137,N12,M,"48,3370980"," -1,2022030",35,2019,80.0,1.0,1.0,2.0,2273488,1.0,1,4,1,1.0,,-1.0, -1,1977.0,C01,138Â 197Â 022,1.0,0.0,-1.0,1735227,2.0,7,,0.0,2.0,3.0,B01,138Â 197Â 021,1.0
1016536,201900058067,3,25,07:45,1,1,1,1.0,5.0,35137,N12,M,"48,3370980"," -1,2022030",35,2019,80.0,1.0,1.0,2.0,2273488,1.0,1,4,1,1.0,,-1.0, -1,1977.0,C01,138Â 197Â 022,1.0,0.0,-1.0,1735228,2.0,10,,0.0,2.0,8.0,C01,138Â 197Â 022,1.0
1016536,201900058067,3,25,07:45,1,1,1,1.0,5.0,35137,N12,M,"48,3370980"," -1,2022030",35,2019,80.0,1.0,1.0,2.0,2273488,1.0,1,4,1,1.0,,-1.0, -1,1977.0,C01,138Â 197Â 022,1.0,0.0,-1.0,1735229,1.0,7,,0.0,2.0,3.0,A01,138Â 197Â 024,1.0
1016536,201900058067,3,25,07:45,1,1,1,1.0,5.0,35137,N12,M,"48,3370980"," -1,2022030",35,2019,80.0,1.0,1.0,2.0,2273489,1.0,1,1,1,1.0,,0.0,0,1982.0,A01,138Â 197Â 024,1.0,0.0,-1.0,1735227,2.0,7,,0.0,2.0,3.0,B01,138Â 197Â 021,1.0
1016536,201900058067,3,25,07:45,1,1,1,1.0,5.0,35137,N12,M,"48,3370980"," -1,2022030",35,2019,80.0,1.0,1.0,2.0,2273489,1.0,1,1,1,1.0,,0.0,0,1982.0,A01,138Â 197Â 024,1.0,0.0,-1.0,1735228,2.0,10,,0.0,2.0,8.0,C01,138Â 197Â 022,1.0
1016536,201900058067,3,25,07:45,1,1,1,1.0,5.0,35137,N12,M,"48,3370980"," -1,2022030",35,2019,80.0,1.0,1.0,2.0,2273489,1.0,1,1,1,1.0,,0.0,0,1982.0,A01,138Â 197Â 024,1.0,0.0,-1.0,1735229,1.0,7,,0.0,2.0,3.0,A01,138Â 197Â 024,1.0
1016537,201900058068,10,24,15:15,1,2,9,1.0,6.0,97302,TROUBIRAN (CHEMIN DE),M,"4,9290127"," -52,3042131",973,2019,5.0,1.0,1.0,4.0,2273490,10.0,3,4,2,9.0,,1.0,3,1940.0,A01,138Â 197Â 026,8.0,0.0,-1.0,1735230,0.0,7,,0.0,1.0,3.0,A01,138Â 197Â 026,6.0
1016537,201900058068,10,24,15:15,1,2,9,1.0,6.0,97302,TROUBIRAN (CHEMIN DE),M,"4,9290127"," -52,3042131",973,2019,5.0,1.0,1.0,4.0,2273491,1.0,1,1,1,9.0,,-1.0,0,1999.0,A01,138Â 197Â 026,1.0,8.0,-1.0,1735230,0.0,7,,0.0,1.0,3.0,A01,138Â 197Â 026,6.0
1016538,201900058069,5,30,21:55,3,1,1,1.0,6.0,26235,RD59,M,"44,3613350","4,7135110",26,2019,80.0,1.0,1.0,3.0,2273492,10.0,3,3,1,5.0,,1.0,1,1976.0,A01,138Â 197Â 020,0.0,-1.0,-1.0,1735231,1.0,7,,0.0,1.0,2.0,A01,138Â 197Â 020,1.0
1016538,201900058069,5,30,21:55,3,1,1,1.0,6.0,26235,RD59,M,"44,3613350","4,7135110",26,2019,80.0,1.0,1.0,3.0,2273493,1.0,1,1,1,5.0,,0.0,0,1991.0,A01,138Â 197Â 020,1.0,-1.0,-1.0,1735231,1.0,7,,0.0,1.0,2.0,A01,138Â 197Â 020,1.0
1016539,201900058070,10,24,20:40,5,2,9,1.0,6.0,69388,VOLNEY                              (R ),M,"45,7418500","4,8828400",69,2019,50.0,6.0,1.0,9.0,2273494,1.0,1,1,1,0.0,,-1.0, -1,1971.0,A01,138Â 197Â 016,1.0,0.0,-1.0,1735232,3.0,40,,0.0,1.0,1.0,A01,138Â 197Â 016,3.0
1016539,201900058070,10,24,20:40,5,2,9,1.0,6.0,69388,VOLNEY                              (R ),M,"45,7418500","4,8828400",69,2019,50.0,6.0,1.0,9.0,2273495,10.0,3,3,2,0.0,,9.0,1,2002.0,A01,138Â 197Â 016,8.0,0.0,-1.0,1735232,3.0,40,,0.0,1.0,1.0,A01,138Â 197Â 016,3.0
1016540,201900058071,9,20,23:50,5,2,3,1.0,2.0,75104,BOULEVARD HENRI IV,M,"48,8501027","2,3589169",75,2019,30.0,5.0,1.0,4.0,2273496,1.0,1,4,1,0.0,,0.0,0,2001.0,A01,138Â 197Â 014,8.0,2.0,-1.0,1735233,1.0,1,,0.0,2.0,5.0,A01,138Â 197Â 014,5.0
1016540,201900058071,9,20,23:50,5,2,3,1.0,2.0,75104,BOULEVARD HENRI IV,M,"48,8501027","2,3589169",75,2019,30.0,5.0,1.0,4.0,2273496,1.0,1,4,1,0.0,,0.0,0,2001.0,A01,138Â 197Â 014,8.0,2.0,-1.0,1735234,1.0,7,,0.0,2.0,5.0,B01,138Â 197Â 015,1.0
1016540,201900058071,9,20,23:50,5,2,3,1.0,2.0,75104,BOULEVARD HENRI IV,M,"48,8501027","2,3589169",75,2019,30.0,5.0,1.0,4.0,2273497,1.0,1,1,1,4.0,,0.0,0,1987.0,B01,138Â 197Â 015,1.0,0.0,-1.0,1735233,1.0,1,,0.0,2.0,5.0,A01,138Â 197Â 014,5.0
1016540,201900058071,9,20,23:50,5,2,3,1.0,2.0,75104,BOULEVARD HENRI IV,M,"48,8501027","2,3589169",75,2019,30.0,5.0,1.0,4.0,2273497,1.0,1,1,1,4.0,,0.0,0,1987.0,B01,138Â 197Â 015,1.0,0.0,-1.0,1735234,1.0,7,,0.0,2.0,5.0,B01,138Â 197Â 015,1.0
1016541,201900058072,5,1,07:10,1,1,1,1.0,6.0,26085,ROUTE DE MONTELIMAR,M,"44,4952660","4,7431280",26,2019,80.0,1.0,1.0,3.0,2273498,1.0,1,4,1,5.0,,0.0,0,1982.0,A01,138Â 197Â 013,8.0,-1.0,-1.0,1735235,1.0,7,,2.0,0.0,2.0,A01,138Â 197Â 013,1.0
1016542,201900058073,10,24,19:50,5,2,1,1.0,6.0,69387,MARSEILLE (DE)                      (R ),M,"45,7477100","4,8373900",69,2019,30.0,1.0,1.0,4.0,2273499,1.0,1,1,1,0.0,,-1.0, -1,1985.0,B01,138Â 197Â 012,2.0,0.0,-1.0,1735236,3.0,32,,0.0,1.0,1.0,B01,138Â 197Â 012,1.0
1016542,201900058073,10,24,19:50,5,2,1,1.0,6.0,69387,MARSEILLE (DE)                      (R ),M,"45,7477100","4,8373900",69,2019,30.0,1.0,1.0,4.0,2273500,10.0,3,4,1,0.0,,3.0,3,2000.0,B01,138Â 197Â 012,8.0,8.0,-1.0,1735236,3.0,32,,0.0,1.0,1.0,B01,138Â 197Â 012,1.0
1016543,201900058074,10,23,18:15,1,2,1,2.0,6.0,69387,MARCEL MERIEUX                      (R ),M,"45,7329700","4,8297600",69,2019,20.0,1.0,2.0,7.0,2273501,10.0,3,4,2,0.0,,4.0,1,1980.0,A01,138Â 197Â 007,8.0,0.0,-1.0,1735237,3.0,7,,0.0,2.0,1.0,A01,138Â 197Â 007,6.0
1016543,201900058074,10,23,18:15,1,2,1,2.0,6.0,69387,MARCEL MERIEUX                      (R ),M,"45,7329700","4,8297600",69,2019,20.0,1.0,2.0,7.0,2273502,1.0,1,1,1,5.0,,-1.0, -1,1989.0,A01,138Â 197Â 007,1.0,0.0,-1.0,1735237,3.0,7,,0.0,2.0,1.0,A01,138Â 197Â 007,6.0
1016544,201900058075,9,21,15:50,1,2,2,1.0,3.0,94067,DAUMESNIL (AV),M,"48,8349700","2,4197900",94,2019,50.0,1.0,1.0,3.0,2273503,1.0,1,1,1,5.0,,-1.0, -1,1998.0,A01,138Â 197Â 009,1.0,0.0,-1.0,1735238,1.0,7,,0.0,2.0,6.0,A01,138Â 197Â 009,1.0
1016544,201900058075,9,21,15:50,1,2,2,1.0,3.0,94067,DAUMESNIL (AV),M,"48,8349700","2,4197900",94,2019,50.0,1.0,1.0,3.0,2273503,1.0,1,1,1,5.0,,-1.0, -1,1998.0,A01,138Â 197Â 009,1.0,0.0,-1.0,1735239,1.0,31,,0.0,2.0,1.0,B01,138Â 197Â 011,1.0
1016544,201900058075,9,21,15:50,1,2,2,1.0,3.0,94067,DAUMESNIL (AV),M,"48,8349700","2,4197900",94,2019,50.0,1.0,1.0,3.0,2273504,2.0,2,1,2,5.0,,-1.0, -1,1978.0,B01,138Â 197Â 011,2.0,6.0,-1.0,1735238,1.0,7,,0.0,2.0,6.0,A01,138Â 197Â 009,1.0
1016544,201900058075,9,21,15:50,1,2,2,1.0,3.0,94067,DAUMESNIL (AV),M,"48,8349700","2,4197900",94,2019,50.0,1.0,1.0,3.0,2273504,2.0,2,1,2,5.0,,-1.0, -1,1978.0,B01,138Â 197Â 011,2.0,6.0,-1.0,1735239,1.0,31,,0.0,2.0,1.0,B01,138Â 197Â 011,1.0
1016544,201900058075,9,21,15:50,1,2,2,1.0,3.0,94067,DAUMESNIL (AV),M,"48,8349700","2,4197900",94,2019,50.0,1.0,1.0,3.0,2273505,1.0,1,4,1,5.0,,-1.0, -1,1973.0,B01,138Â 197Â 011,2.0,6.0,-1.0,1735238,1.0,7,,0.0,2.0,6.0,A01,138Â 197Â 009,1.0
1016544,201900058075,9,21,15:50,1,2,2,1.0,3.0,94067,DAUMESNIL (AV),M,"48,8349700","2,4197900",94,2019,50.0,1.0,1.0,3.0,2273505,1.0,1,4,1,5.0,,-1.0, -1,1973.0,B01,138Â 197Â 011,2.0,6.0,-1.0,1735239,1.0,31,,0.0,2.0,1.0,B01,138Â 197Â 011,1.0
1016545,201900058076,5,7,14:30,1,1,1,1.0,3.0,26037,Route DÃ©partementale 538A,M,"44,8473940","4,9604040",26,2019,80.0,1.0,1.0,3.0,2273506,1.0,1,4,1,5.0,,0.0,0,1999.0,B01,138Â 197Â 008,0.0,-1.0,-1.0,1735240,2.0,1,,0.0,2.0,0.0,B01,138Â 197Â 008,5.0
1016545,201900058076,5,7,14:30,1,1,1,1.0,3.0,26037,Route DÃ©partementale 538A,M,"44,8473940","4,9604040",26,2019,80.0,1.0,1.0,3.0,2273506,1.0,1,4,1,5.0,,0.0,0,1999.0,B01,138Â 197Â 008,0.0,-1.0,-1.0,1735241,2.0,7,,0.0,2.0,1.0,A01,138Â 197Â 010,1.0
1016545,201900058076,5,7,14:30,1,1,1,1.0,3.0,26037,Route DÃ©partementale 538A,M,"44,8473940","4,9604040",26,2019,80.0,1.0,1.0,3.0,2273507,1.0,1,4,1,9.0,,0.0,0,1951.0,A01,138Â 197Â 010,1.0,-1.0,-1.0,1735240,2.0,1,,0.0,2.0,0.0,B01,138Â 197Â 008,5.0
1016545,201900058076,5,7,14:30,1,1,1,1.0,3.0,26037,Route DÃ©partementale 538A,M,"44,8473940","4,9604040",26,2019,80.0,1.0,1.0,3.0,2273507,1.0,1,4,1,9.0,,0.0,0,1951.0,A01,138Â 197Â 010,1.0,-1.0,-1.0,1735241,2.0,7,,0.0,2.0,1.0,A01,138Â 197Â 010,1.0