Unnamed: 0_x,num_acc,mois,jour,hrmn,lum,agg,int,atm,col,com,adr,gps,lat,long,dep,annee,vma,situ,surf,catr,Unnamed: 0_y,place,catu,grav,sexe,trajet,secu,locp,actp,an_nais,num_veh_x,id_vehicule_x,secu1,secu2,secu3,Unnamed: 0,senc,catv,occutc,obs,obsm,choc,num_veh_y,id_vehicule_y,motor
1016546,201900058077,10,28,06:35,1,2,1,1.0,6.0,97209,KERLYS (RUE DE ),M,"14,6114030"," -61,0522400",972,2019,50.0,1.0,1.0,4.0,2273508,10.0,3,4,2,1.0,,3.0,3,1997.0,A01,138Â 197Â 001,8.0,0.0,-1.0,1735242,1.0,7,,0.0,1.0,1.0,A01,138Â 197Â 001,1.0
1016546,201900058077,10,28,06:35,1,2,1,1.0,6.0,97209,KERLYS (RUE DE ),M,"14,6114030"," -61,0522400",972,2019,50.0,1.0,1.0,4.0,2273509,1.0,1,1,1,1.0,,0.0,0,1957.0,A01,138Â 197Â 001,8.0,0.0,-1.0,1735242,1.0,7,,0.0,1.0,1.0,A01,138Â 197Â 001,1.0
1016547,201900058078,2,17,05:30,3,1,1,1.0,6.0,74123,RD 1508,M,"45,7558920","6,3092370",74,2019,110.0,3.0,1.0,3.0,2273510,1.0,1,3,1,5.0,,0.0,0,1992.0,A01,138Â 197Â 002,1.0,-1.0,-1.0,1735243,1.0,7,,13.0,0.0,9.0,A01,138Â 197Â 002,1.0
1016548,201900058079,8,2,19:15,1,1,1,1.0,3.0,76497,RN 338 (VOIE RAPIDE SUD 3),M,"49,4017500","1,0328300",76,2019,90.0,1.0,1.0,2.0,2273511,1.0,1,4,1,0.0,,0.0,0,1956.0,A01,138Â 197Â 003,2.0,6.0,-1.0,1735244,1.0,32,,0.0,2.0,3.0,A01,138Â 197Â 003,1.0
1016548,201900058079,8,2,19:15,1,1,1,1.0,3.0,76497,RN 338 (VOIE RAPIDE SUD 3),M,"49,4017500","1,0328300",76,2019,90.0,1.0,1.0,2.0,2273511,1.0,1,4,1,0.0,,0.0,0,1956.0,A01,138Â 197Â 003,2.0,6.0,-1.0,1735245,1.0,7,,0.0,2.0,6.0,B01,138Â 197Â 019,1.0
1016548,201900058079,8,2,19:15,1,1,1,1.0,3.0,76497,RN 338 (VOIE RAPIDE SUD 3),M,"49,4017500","1,0328300",76,2019,90.0,1.0,1.0,2.0,2273512,1.0,1,1,1,0.0,,0.0,0,1960.0,B01,138Â 197Â 019,1.0,0.0,-1.0,1735244,1.0,32,,0.0,2.0,3.0,A01,138Â 197Â 003,1.0
1016548,201900058079,8,2,19:15,1,1,1,1.0,3.0,76497,RN 338 (VOIE RAPIDE SUD 3),M,"49,4017500","1,0328300",76,2019,90.0,1.0,1.0,2.0,2273512,1.0,1,1,1,0.0,,0.0,0,1960.0,B01,138Â 197Â 019,1.0,0.0,-1.0,1735245,1.0,7,,0.0,2.0,6.0,B01,138Â 197Â 019,1.0
1016549,201900058080,3,26,15:35,1,2,1,1.0,2.0,34172,ARCEAUX (BOULEVARD DES),M,"43,6119200","3,8647800",34,2019,50.0,1.0,1.0,4.0,2273513,1.0,1,1,1,1.0,,0.0,0,1993.0,A01,138Â 197Â 004,1.0,8.0,-1.0,1735246,1.0,7,,0.0,2.0,1.0,A01,138Â 197Â 004,1.0
1016549,201900058080,3,26,15:35,1,2,1,1.0,2.0,34172,ARCEAUX (BOULEVARD DES),M,"43,6119200","3,8647800",34,2019,50.0,1.0,1.0,4.0,2273513,1.0,1,1,1,1.0,,0.0,0,1993.0,A01,138Â 197Â 004,1.0,8.0,-1.0,1735247,1.0,32,,0.0,2.0,4.0,B01,138Â 197Â 018,1.0
1016549,201900058080,3,26,15:35,1,2,1,1.0,2.0,34172,ARCEAUX (BOULEVARD DES),M,"43,6119200","3,8647800",34,2019,50.0,1.0,1.0,4.0,2273514,1.0,1,3,1,0.0,,0.0,0,1990.0,B01,138Â 197Â 018,2.0,8.0,-1.0,1735246,1.0,7,,0.0,2.0,1.0,A01,138Â 197Â 004,1.0
1016549,201900058080,3,26,15:35,1,2,1,1.0,2.0,34172,ARCEAUX (BOULEVARD DES),M,"43,6119200","3,8647800",34,2019,50.0,1.0,1.0,4.0,2273514,1.0,1,3,1,0.0,,0.0,0,1990.0,B01,138Â 197Â 018,2.0,8.0,-1.0,1735247,1.0,32,,0.0,2.0,4.0,B01,138Â 197Â 018,1.0
1016550,201900058081,5,23,19:00,1,1,9,1.0,1.0,07217,RD 534,M,"45,0577909","4,7818695",7,2019,80.0,1.0,1.0,3.0,2273515,1.0,1,2,1,0.0,,0.0,0,1970.0,A01,138Â 197Â 000,2.0,6.0,-1.0,1735248,1.0,33,,0.0,2.0,0.0,A01,138Â 197Â 000,0.0
1016550,201900058081,5,23,19:00,1,1,9,1.0,1.0,07217,RD 534,M,"45,0577909","4,7818695",7,2019,80.0,1.0,1.0,3.0,2273515,1.0,1,2,1,0.0,,0.0,0,1970.0,A01,138Â 197Â 000,2.0,6.0,-1.0,1735249,2.0,31,,0.0,2.0,0.0,B01,138Â 197Â 006,0.0
1016550,201900058081,5,23,19:00,1,1,9,1.0,1.0,07217,RD 534,M,"45,0577909","4,7818695",7,2019,80.0,1.0,1.0,3.0,2273516,1.0,1,4,1,0.0,,0.0,0,2002.0,B01,138Â 197Â 006,2.0,6.0,-1.0,1735248,1.0,33,,0.0,2.0,0.0,A01,138Â 197Â 000,0.0
1016550,201900058081,5,23,19:00,1,1,9,1.0,1.0,07217,RD 534,M,"45,0577909","4,7818695",7,2019,80.0,1.0,1.0,3.0,2273516,1.0,1,4,1,0.0,,0.0,0,2002.0,B01,138Â 197Â 006,2.0,6.0,-1.0,1735249,2.0,31,,0.0,2.0,0.0,B01,138Â 197Â 006,0.0
1016551,201900058082,8,9,20:00,1,2,1,1.0,4.0,76561,REPUBLIQUE. RUE DE LA,M,"49,2982800","1,0113800",76,2019,50.0,1.0,1.0,4.0,2273517,1.0,1,4,2,0.0,,-1.0,0,1986.0,C01,138Â 196Â 997,1.0,0.0,-1.0,1735250,3.0,7,,0.0,2.0,4.0,C01,138Â 196Â 997,1.0
1016551,201900058082,8,9,20:00,1,2,1,1.0,4.0,76561,REPUBLIQUE. RUE DE LA,M,"49,2982800","1,0113800",76,2019,50.0,1.0,1.0,4.0,2273517,1.0,1,4,2,0.0,,-1.0,0,1986.0,C01,138Â 196Â 997,1.0,0.0,-1.0,1735251,3.0,7,,0.0,2.0,4.0,B01,138Â 196Â 998,1.0
1016551,201900058082,8,9,20:00,1,2,1,1.0,4.0,76561,REPUBLIQUE. RUE DE LA,M,"49,2982800","1,0113800",76,2019,50.0,1.0,1.0,4.0,2273517,1.0,1,4,2,0.0,,-1.0,0,1986.0,C01,138Â 196Â 997,1.0,0.0,-1.0,1735252,3.0,7,,0.0,2.0,1.0,A01,138Â 196Â 999,1.0
1016551,201900058082,8,9,20:00,1,2,1,1.0,4.0,76561,REPUBLIQUE. RUE DE LA,M,"49,2982800","1,0113800",76,2019,50.0,1.0,1.0,4.0,2273518,1.0,1,1,1,0.0,,-1.0,0,1994.0,B01,138Â 196Â 998,1.0,0.0,-1.0,1735250,3.0,7,,0.0,2.0,4.0,C01,138Â 196Â 997,1.0
1016551,201900058082,8,9,20:00,1,2,1,1.0,4.0,76561,REPUBLIQUE. RUE DE LA,M,"49,2982800","1,0113800",76,2019,50.0,1.0,1.0,4.0,2273518,1.0,1,1,1,0.0,,-1.0,0,1994.0,B01,138Â 196Â 998,1.0,0.0,-1.0,1735251,3.0,7,,0.0,2.0,4.0,B01,138Â 196Â 998,1.0
1016551,201900058082,8,9,20:00,1,2,1,1.0,4.0,76561,REPUBLIQUE. RUE DE LA,M,"49,2982800","1,0113800",76,2019,50.0,1.0,1.0,4.0,2273518,1.0,1,1,1,0.0,,-1.0,0,1994.0,B01,138Â 196Â 998,1.0,0.0,-1.0,1735252,3.0,7,,0.0,2.0,1.0,A01,138Â 196Â 999,1.0
1016551,201900058082,8,9,20:00,1,2,1,1.0,4.0,76561,REPUBLIQUE. RUE DE LA,M,"49,2982800","1,0113800",76,2019,50.0,1.0,1.0,4.0,2273519,1.0,1,1,1,0.0,,-1.0,0,1987.0,A01,138Â 196Â 999,1.0,0.0,-1.0,1735250,3.0,7,,0.0,2.0,4.0,C01,138Â 196Â 997,1.0
1016551,201900058082,8,9,20:00,1,2,1,1.0,4.0,76561,REPUBLIQUE. RUE DE LA,M,"49,2982800","1,0113800",76,2019,50.0,1.0,1.0,4.0,2273519,1.0,1,1,1,0.0,,-1.0,0,1987.0,A01,138Â 196Â 999,1.0,0.0,-1.0,1735251,3.0,7,,0.0,2.0,4.0,B01,138Â 196Â 998,1.0
1016551,201900058082,8,9,20:00,1,2,1,1.0,4.0,76561,REPUBLIQUE. RUE DE LA,M,"49,2982800","1,0113800",76,2019,50.0,1.0,1.0,4.0,2273519,1.0,1,1,1,0.0,,-1.0,0,1987.0,A01,138Â 196Â 999,1.0,0.0,-1.0,1735252,3.0,7,,0.0,2.0,1.0,A01,138Â 196Â 999,1.0
1016552,201900058083,3,26,08:58,1,2,2,1.0,6.0,34172,CROIX DE LAVIT (RUE DE LA),M,"43,6425228","3,8359199",34,2019,50.0,1.0,1.0,4.0,2273520,1.0,1,1,2,1.0,,0.0,0,1967.0,A01,138Â 196Â 993,1.0,0.0,-1.0,1735253,2.0,7,,0.0,1.0,3.0,A01,138Â 196Â 993,1.0
1016552,201900058083,3,26,08:58,1,2,2,1.0,6.0,34172,CROIX DE LAVIT (RUE DE LA),M,"43,6425228","3,8359199",34,2019,50.0,1.0,1.0,4.0,2273521,10.0,3,4,2,2.0,,3.0,3,1997.0,A01,138Â 196Â 993,8.0,0.0,-1.0,1735253,2.0,7,,0.0,1.0,3.0,A01,138Â 196Â 993,1.0
1016553,201900058084,5,4,10:00,1,2,3,8.0,1.0,07324,Avenue HÃ©lÃ¨ne de Tournon,M,"45,0550060","4,8388740",7,2019,-1.0,-1.0,-1.0,4.0,2273522,1.0,1,3,1,3.0,,0.0,0,1981.0,B01,138Â 196Â 989,2.0,6.0,-1.0,1735254,2.0,31,,0.0,2.0,8.0,B01,138Â 196Â 989,1.0
1016553,201900058084,5,4,10:00,1,2,3,8.0,1.0,07324,Avenue HÃ©lÃ¨ne de Tournon,M,"45,0550060","4,8388740",7,2019,-1.0,-1.0,-1.0,4.0,2273522,1.0,1,3,1,3.0,,0.0,0,1981.0,B01,138Â 196Â 989,2.0,6.0,-1.0,1735255,0.0,7,,0.0,2.0,1.0,A01,138Â 196Â 991,1.0
1016553,201900058084,5,4,10:00,1,2,3,8.0,1.0,07324,Avenue HÃ©lÃ¨ne de Tournon,M,"45,0550060","4,8388740",7,2019,-1.0,-1.0,-1.0,4.0,2273523,1.0,1,1,2,3.0,,0.0,0,1972.0,A01,138Â 196Â 991,1.0,-1.0,-1.0,1735254,2.0,31,,0.0,2.0,8.0,B01,138Â 196Â 989,1.0
1016553,201900058084,5,4,10:00,1,2,3,8.0,1.0,07324,Avenue HÃ©lÃ¨ne de Tournon,M,"45,0550060","4,8388740",7,2019,-1.0,-1.0,-1.0,4.0,2273523,1.0,1,1,2,3.0,,0.0,0,1972.0,A01,138Â 196Â 991,1.0,-1.0,-1.0,1735255,0.0,7,,0.0,2.0,1.0,A01,138Â 196Â 991,1.0
1016554,201900058085,8,7,14:15,1,2,2,1.0,3.0,76322,BROSSOLETTE. BOULEVARD PIERRE,M,"49,4167500","1,0371900",76,2019,50.0,1.0,1.0,3.0,2273524,1.0,1,1,1,0.0,,-1.0,0,1948.0,A01,138Â 196Â 990,1.0,0.0,-1.0,1735256,2.0,7,,0.0,2.0,7.0,A01,138Â 196Â 990,1.0
1016554,201900058085,8,7,14:15,1,2,2,1.0,3.0,76322,BROSSOLETTE. BOULEVARD PIERRE,M,"49,4167500","1,0371900",76,2019,50.0,1.0,1.0,3.0,2273524,1.0,1,1,1,0.0,,-1.0,0,1948.0,A01,138Â 196Â 990,1.0,0.0,-1.0,1735257,1.0,33,,0.0,2.0,1.0,B01,138Â 196Â 992,1.0
1016554,201900058085,8,7,14:15,1,2,2,1.0,3.0,76322,BROSSOLETTE. BOULEVARD PIERRE,M,"49,4167500","1,0371900",76,2019,50.0,1.0,1.0,3.0,2273525,1.0,1,4,1,0.0,,-1.0,0,1960.0,B01,138Â 196Â 992,2.0,6.0,-1.0,1735256,2.0,7,,0.0,2.0,7.0,A01,138Â 196Â 990,1.0
1016554,201900058085,8,7,14:15,1,2,2,1.0,3.0,76322,BROSSOLETTE. BOULEVARD PIERRE,M,"49,4167500","1,0371900",76,2019,50.0,1.0,1.0,3.0,2273525,1.0,1,4,1,0.0,,-1.0,0,1960.0,B01,138Â 196Â 992,2.0,6.0,-1.0,1735257,1.0,33,,0.0,2.0,1.0,B01,138Â 196Â 992,1.0
1016555,201900058086,3,19,13:50,1,2,2,1.0,3.0,33063,AVE DU GENERAL LECLERC CAUD,M,"44,8542800"," -0,5983100",33,2019,50.0,1.0,1.0,4.0,2273526,1.0,1,4,1,0.0,,-1.0, -1,1992.0,B01,138Â 196Â 987,8.0,0.0,-1.0,1735258,0.0,31,,0.0,2.0,1.0,B01,138Â 196Â 987,1.0
1016555,201900058086,3,19,13:50,1,2,2,1.0,3.0,33063,AVE DU GENERAL LECLERC CAUD,M,"44,8542800"," -0,5983100",33,2019,50.0,1.0,1.0,4.0,2273526,1.0,1,4,1,0.0,,-1.0, -1,1992.0,B01,138Â 196Â 987,8.0,0.0,-1.0,1735259,0.0,7,,0.0,2.0,2.0,A01,138Â 196Â 988,1.0
1016555,201900058086,3,19,13:50,1,2,2,1.0,3.0,33063,AVE DU GENERAL LECLERC CAUD,M,"44,8542800"," -0,5983100",33,2019,50.0,1.0,1.0,4.0,2273527,2.0,2,4,1,0.0,,0.0,0,2001.0,B01,138Â 196Â 987,8.0,0.0,-1.0,1735258,0.0,31,,0.0,2.0,1.0,B01,138Â 196Â 987,1.0
1016555,201900058086,3,19,13:50,1,2,2,1.0,3.0,33063,AVE DU GENERAL LECLERC CAUD,M,"44,8542800"," -0,5983100",33,2019,50.0,1.0,1.0,4.0,2273527,2.0,2,4,1,0.0,,0.0,0,2001.0,B01,138Â 196Â 987,8.0,0.0,-1.0,1735259,0.0,7,,0.0,2.0,2.0,A01,138Â 196Â 988,1.0
1016555,201900058086,3,19,13:50,1,2,2,1.0,3.0,33063,AVE DU GENERAL LECLERC CAUD,M,"44,8542800"," -0,5983100",33,2019,50.0,1.0,1.0,4.0,2273528,1.0,1,1,1,5.0,,0.0,0,1992.0,A01,138Â 196Â 988,8.0,0.0,-1.0,1735258,0.0,31,,0.0,2.0,1.0,B01,138Â 196Â 987,1.0
1016555,201900058086,3,19,13:50,1,2,2,1.0,3.0,33063,AVE DU GENERAL LECLERC CAUD,M,"44,8542800"," -0,5983100",33,2019,50.0,1.0,1.0,4.0,2273528,1.0,1,1,1,5.0,,0.0,0,1992.0,A01,138Â 196Â 988,8.0,0.0,-1.0,1735259,0.0,7,,0.0,2.0,2.0,A01,138Â 196Â 988,1.0
1016556,201900058087,5,22,16:20,1,2,1,1.0,3.0,01142,1910b roue de GenÃ¨ve,M,"45,8507370","5,0861860",1,2019,50.0,1.0,1.0,3.0,2273529,1.0,1,4,2,1.0,,0.0,0,1990.0,A01,138Â 196Â 984,2.0,-1.0,-1.0,1735260,1.0,2,,0.0,2.0,3.0,A01,138Â 196Â 984,1.0
1016556,201900058087,5,22,16:20,1,2,1,1.0,3.0,01142,1910b roue de GenÃ¨ve,M,"45,8507370","5,0861860",1,2019,50.0,1.0,1.0,3.0,2273529,1.0,1,4,2,1.0,,0.0,0,1990.0,A01,138Â 196Â 984,2.0,-1.0,-1.0,1735261,1.0,7,,0.0,2.0,5.0,B01,138Â 196Â 986,1.0
1016556,201900058087,5,22,16:20,1,2,1,1.0,3.0,01142,1910b roue de GenÃ¨ve,M,"45,8507370","5,0861860",1,2019,50.0,1.0,1.0,3.0,2273530,1.0,1,1,1,5.0,,0.0,0,1978.0,B01,138Â 196Â 986,1.0,-1.0,-1.0,1735260,1.0,2,,0.0,2.0,3.0,A01,138Â 196Â 984,1.0
1016556,201900058087,5,22,16:20,1,2,1,1.0,3.0,01142,1910b roue de GenÃ¨ve,M,"45,8507370","5,0861860",1,2019,50.0,1.0,1.0,3.0,2273530,1.0,1,1,1,5.0,,0.0,0,1978.0,B01,138Â 196Â 986,1.0,-1.0,-1.0,1735261,1.0,7,,0.0,2.0,5.0,B01,138Â 196Â 986,1.0
1016557,201900058088,3,22,19:25,5,2,1,1.0,1.0,33281,20 AVE GUSTAVE EIFFEL - VTA sort d'un chemin en contre-sens,M,"44,8548400"," -0,6693100",33,2019,50.0,1.0,1.0,4.0,2273531,1.0,1,4,1,5.0,,-1.0, -1,1997.0,B01,138Â 196Â 981,8.0,0.0,-1.0,1735262,2.0,7,,0.0,2.0,1.0,B01,138Â 196Â 981,1.0
1016557,201900058088,3,22,19:25,5,2,1,1.0,1.0,33281,20 AVE GUSTAVE EIFFEL - VTA sort d'un chemin en contre-sens,M,"44,8548400"," -0,6693100",33,2019,50.0,1.0,1.0,4.0,2273531,1.0,1,4,1,5.0,,-1.0, -1,1997.0,B01,138Â 196Â 981,8.0,0.0,-1.0,1735263,2.0,7,,0.0,2.0,1.0,A01,138Â 196Â 982,1.0
1016557,201900058088,3,22,19:25,5,2,1,1.0,1.0,33281,20 AVE GUSTAVE EIFFEL - VTA sort d'un chemin en contre-sens,M,"44,8548400"," -0,6693100",33,2019,50.0,1.0,1.0,4.0,2273532,2.0,2,4,2,5.0,,-1.0, -1,1997.0,B01,138Â 196Â 981,8.0,0.0,-1.0,1735262,2.0,7,,0.0,2.0,1.0,B01,138Â 196Â 981,1.0
1016557,201900058088,3,22,19:25,5,2,1,1.0,1.0,33281,20 AVE GUSTAVE EIFFEL - VTA sort d'un chemin en contre-sens,M,"44,8548400"," -0,6693100",33,2019,50.0,1.0,1.0,4.0,2273532,2.0,2,4,2,5.0,,-1.0, -1,1997.0,B01,138Â 196Â 981,8.0,0.0,-1.0,1735263,2.0,7,,0.0,2.0,1.0,A01,138Â 196Â 982,1.0
1016557,201900058088,3,22,19:25,5,2,1,1.0,1.0,33281,20 AVE GUSTAVE EIFFEL - VTA sort d'un chemin en contre-sens,M,"44,8548400"," -0,6693100",33,2019,50.0,1.0,1.0,4.0,2273533,1.0,1,1,1,5.0,,-1.0, -1,1994.0,A01,138Â 196Â 982,8.0,0.0,-1.0,1735262,2.0,7,,0.0,2.0,1.0,B01,138Â 196Â 981,1.0
1016557,201900058088,3,22,19:25,5,2,1,1.0,1.0,33281,20 AVE GUSTAVE EIFFEL - VTA sort d'un chemin en contre-sens,M,"44,8548400"," -0,6693100",33,2019,50.0,1.0,1.0,4.0,2273533,1.0,1,1,1,5.0,,-1.0, -1,1994.0,A01,138Â 196Â 982,8.0,0.0,-1.0,1735263,2.0,7,,0.0,2.0,1.0,A01,138Â 196Â 982,1.0
1016558,201900058089,9,21,06:20,5,2,4,1.0,3.0,94042,EUROPE (BD DE L),M,"48,8127200","2,4669700",94,2019,50.0,3.0,1.0,3.0,2273534,1.0,1,4,2,0.0,,0.0,0,1996.0,A01,138Â 196Â 995,1.0,5.0,-1.0,1735264,2.0,7,,0.0,2.0,2.0,A01,138Â 196Â 995,0.0
1016558,201900058089,9,21,06:20,5,2,4,1.0,3.0,94042,EUROPE (BD DE L),M,"48,8127200","2,4669700",94,2019,50.0,3.0,1.0,3.0,2273534,1.0,1,4,2,0.0,,0.0,0,1996.0,A01,138Â 196Â 995,1.0,5.0,-1.0,1735265,1.0,7,,0.0,2.0,8.0,B01,138Â 197Â 005,0.0
1016558,201900058089,9,21,06:20,5,2,4,1.0,3.0,94042,EUROPE (BD DE L),M,"48,8127200","2,4669700",94,2019,50.0,3.0,1.0,3.0,2273535,1.0,1,4,1,1.0,,0.0,0,1980.0,B01,138Â 197Â 005,1.0,5.0,-1.0,1735264,2.0,7,,0.0,2.0,2.0,A01,138Â 196Â 995,0.0
1016558,201900058089,9,21,06:20,5,2,4,1.0,3.0,94042,EUROPE (BD DE L),M,"48,8127200","2,4669700",94,2019,50.0,3.0,1.0,3.0,2273535,1.0,1,4,1,1.0,,0.0,0,1980.0,B01,138Â 197Â 005,1.0,5.0,-1.0,1735265,1.0,7,,0.0,2.0,8.0,B01,138Â 197Â 005,0.0
1016559,201900058090,8,13,20:45,1,1,1,2.0,7.0,72181,PATTON GENERAL RTE ST-AUBIN A AV RUBILLA,M,"48,0111200","0,1708800",72,2019,90.0,1.0,2.0,7.0,2273536,1.0,1,4,2,0.0,,0.0,0,1994.0,A01,138Â 196Â 979,1.0,0.0,-1.0,1735266,3.0,7,,0.0,0.0,9.0,A01,138Â 196Â 979,1.0
1016560,201900058091,5,29,18:40,1,2,1,1.0,3.0,01043,395 Route de Geneve,M,"45,8378100","5,0092170",1,2019,50.0,3.0,1.0,3.0,2273537,1.0,1,1,2,0.0,,0.0,0,1995.0,A01,138Â 196Â 978,1.0,-1.0,-1.0,1735267,1.0,7,,0.0,9.0,7.0,A01,138Â 196Â 978,1.0
1016560,201900058091,5,29,18:40,1,2,1,1.0,3.0,01043,395 Route de Geneve,M,"45,8378100","5,0092170",1,2019,50.0,3.0,1.0,3.0,2273537,1.0,1,1,2,0.0,,0.0,0,1995.0,A01,138Â 196Â 978,1.0,-1.0,-1.0,1735268,2.0,1,,0.0,2.0,1.0,B01,138Â 196Â 980,5.0
1016560,201900058091,5,29,18:40,1,2,1,1.0,3.0,01043,395 Route de Geneve,M,"45,8378100","5,0092170",1,2019,50.0,3.0,1.0,3.0,2273538,1.0,1,4,1,5.0,,0.0,0,1986.0,B01,138Â 196Â 980,2.0,-1.0,-1.0,1735267,1.0,7,,0.0,9.0,7.0,A01,138Â 196Â 978,1.0
1016560,201900058091,5,29,18:40,1,2,1,1.0,3.0,01043,395 Route de Geneve,M,"45,8378100","5,0092170",1,2019,50.0,3.0,1.0,3.0,2273538,1.0,1,4,1,5.0,,0.0,0,1986.0,B01,138Â 196Â 980,2.0,-1.0,-1.0,1735268,2.0,1,,0.0,2.0,1.0,B01,138Â 196Â 980,5.0
1016561,201900058092,6,18,18:20,1,1,1,1.0,2.0,56098,RN 165,M,"47,7745100"," -3,3678200",56,2019,90.0,1.0,1.0,2.0,2273539,1.0,1,4,1,0.0,,0.0,0,1980.0,B01,138Â 196Â 972,1.0,8.0,-1.0,1735269,2.0,7,,0.0,2.0,4.0,B01,138Â 196Â 972,1.0
1016561,201900058092,6,18,18:20,1,1,1,1.0,2.0,56098,RN 165,M,"47,7745100"," -3,3678200",56,2019,90.0,1.0,1.0,2.0,2273539,1.0,1,4,1,0.0,,0.0,0,1980.0,B01,138Â 196Â 972,1.0,8.0,-1.0,1735270,2.0,7,,0.0,2.0,1.0,A01,138Â 196Â 974,1.0
1016561,201900058092,6,18,18:20,1,1,1,1.0,2.0,56098,RN 165,M,"47,7745100"," -3,3678200",56,2019,90.0,1.0,1.0,2.0,2273540,1.0,1,4,1,0.0,,0.0,0,1977.0,A01,138Â 196Â 974,1.0,8.0,-1.0,1735269,2.0,7,,0.0,2.0,4.0,B01,138Â 196Â 972,1.0
1016561,201900058092,6,18,18:20,1,1,1,1.0,2.0,56098,RN 165,M,"47,7745100"," -3,3678200",56,2019,90.0,1.0,1.0,2.0,2273540,1.0,1,4,1,0.0,,0.0,0,1977.0,A01,138Â 196Â 974,1.0,8.0,-1.0,1735270,2.0,7,,0.0,2.0,1.0,A01,138Â 196Â 974,1.0
1016562,201900058093,3,26,08:15,1,2,1,1.0,5.0,31555,RTE DE REVEL,M,"43,5759900","1,4881300",31,2019,50.0,1.0,1.0,3.0,2273541,1.0,1,1,2,1.0,,-1.0,0,1965.0,B01,138Â 196Â 971,1.0,0.0,-1.0,1735271,0.0,7,,0.0,2.0,3.0,B01,138Â 196Â 971,1.0
1016562,201900058093,3,26,08:15,1,2,1,1.0,5.0,31555,RTE DE REVEL,M,"43,5759900","1,4881300",31,2019,50.0,1.0,1.0,3.0,2273541,1.0,1,1,2,1.0,,-1.0,0,1965.0,B01,138Â 196Â 971,1.0,0.0,-1.0,1735272,0.0,7,,0.0,2.0,6.0,C01,138Â 196Â 973,1.0
1016562,201900058093,3,26,08:15,1,2,1,1.0,5.0,31555,RTE DE REVEL,M,"43,5759900","1,4881300",31,2019,50.0,1.0,1.0,3.0,2273541,1.0,1,1,2,1.0,,-1.0,0,1965.0,B01,138Â 196Â 971,1.0,0.0,-1.0,1735273,0.0,7,,0.0,1.0,9.0,A01,138Â 196Â 976,1.0
1016562,201900058093,3,26,08:15,1,2,1,1.0,5.0,31555,RTE DE REVEL,M,"43,5759900","1,4881300",31,2019,50.0,1.0,1.0,3.0,2273542,1.0,1,1,1,1.0,,-1.0,0,1982.0,C01,138Â 196Â 973,1.0,0.0,-1.0,1735271,0.0,7,,0.0,2.0,3.0,B01,138Â 196Â 971,1.0
1016562,201900058093,3,26,08:15,1,2,1,1.0,5.0,31555,RTE DE REVEL,M,"43,5759900","1,4881300",31,2019,50.0,1.0,1.0,3.0,2273542,1.0,1,1,1,1.0,,-1.0,0,1982.0,C01,138Â 196Â 973,1.0,0.0,-1.0,1735272,0.0,7,,0.0,2.0,6.0,C01,138Â 196Â 973,1.0
1016562,201900058093,3,26,08:15,1,2,1,1.0,5.0,31555,RTE DE REVEL,M,"43,5759900","1,4881300",31,2019,50.0,1.0,1.0,3.0,2273542,1.0,1,1,1,1.0,,-1.0,0,1982.0,C01,138Â 196Â 973,1.0,0.0,-1.0,1735273,0.0,7,,0.0,1.0,9.0,A01,138Â 196Â 976,1.0
1016562,201900058093,3,26,08:15,1,2,1,1.0,5.0,31555,RTE DE REVEL,M,"43,5759900","1,4881300",31,2019,50.0,1.0,1.0,3.0,2273543,1.0,1,1,2,5.0,,-1.0,0,1989.0,A01,138Â 196Â 976,1.0,0.0,-1.0,1735271,0.0,7,,0.0,2.0,3.0,B01,138Â 196Â 971,1.0
1016562,201900058093,3,26,08:15,1,2,1,1.0,5.0,31555,RTE DE REVEL,M,"43,5759900","1,4881300",31,2019,50.0,1.0,1.0,3.0,2273543,1.0,1,1,2,5.0,,-1.0,0,1989.0,A01,138Â 196Â 976,1.0,0.0,-1.0,1735272,0.0,7,,0.0,2.0,6.0,C01,138Â 196Â 973,1.0
1016562,201900058093,3,26,08:15,1,2,1,1.0,5.0,31555,RTE DE REVEL,M,"43,5759900","1,4881300",31,2019,50.0,1.0,1.0,3.0,2273543,1.0,1,1,2,5.0,,-1.0,0,1989.0,A01,138Â 196Â 976,1.0,0.0,-1.0,1735273,0.0,7,,0.0,1.0,9.0,A01,138Â 196Â 976,1.0
1016562,201900058093,3,26,08:15,1,2,1,1.0,5.0,31555,RTE DE REVEL,M,"43,5759900","1,4881300",31,2019,50.0,1.0,1.0,3.0,2273544,10.0,3,4,2,9.0,,5.0,1,2001.0,A01,138Â 196Â 976,8.0,0.0,-1.0,1735271,0.0,7,,0.0,2.0,3.0,B01,138Â 196Â 971,1.0
1016562,201900058093,3,26,08:15,1,2,1,1.0,5.0,31555,RTE DE REVEL,M,"43,5759900","1,4881300",31,2019,50.0,1.0,1.0,3.0,2273544,10.0,3,4,2,9.0,,5.0,1,2001.0,A01,138Â 196Â 976,8.0,0.0,-1.0,1735272,0.0,7,,0.0,2.0,6.0,C01,138Â 196Â 973,1.0
1016562,201900058093,3,26,08:15,1,2,1,1.0,5.0,31555,RTE DE REVEL,M,"43,5759900","1,4881300",31,2019,50.0,1.0,1.0,3.0,2273544,10.0,3,4,2,9.0,,5.0,1,2001.0,A01,138Â 196Â 976,8.0,0.0,-1.0,1735273,0.0,7,,0.0,1.0,9.0,A01,138Â 196Â 976,1.0
1016563,201900058094,9,21,20:30,5,2,1,1.0,2.0,94043,FONTAINEBLEAU (AV DE),M,"48,8100000","2,3609000",94,2019,50.0,1.0,1.0,3.0,2273545,1.0,1,1,2,0.0,,-1.0, -1,1993.0,B01,138Â 196Â 975,1.0,0.0,-1.0,1735274,1.0,7,,0.0,2.0,1.0,B01,138Â 196Â 975,1.0