Unnamed: 0_x,num_acc,mois,jour,hrmn,lum,agg,int,atm,col,com,adr,gps,lat,long,dep,annee,vma,situ,surf,catr,Unnamed: 0_y,place,catu,grav,sexe,trajet,secu,locp,actp,an_nais,num_veh_x,id_vehicule_x,secu1,secu2,secu3,Unnamed: 0,senc,catv,occutc,obs,obsm,choc,num_veh_y,id_vehicule_y,motor
1016563,201900058094,9,21,20:30,5,2,1,1.0,2.0,94043,FONTAINEBLEAU (AV DE),M,"48,8100000","2,3609000",94,2019,50.0,1.0,1.0,3.0,2273545,1.0,1,1,2,0.0,,-1.0, -1,1993.0,B01,138Â 196Â 975,1.0,0.0,-1.0,1735275,1.0,43,,0.0,2.0,4.0,A01,138Â 196Â 977,1.0
1016563,201900058094,9,21,20:30,5,2,1,1.0,2.0,94043,FONTAINEBLEAU (AV DE),M,"48,8100000","2,3609000",94,2019,50.0,1.0,1.0,3.0,2273546,1.0,1,4,1,0.0,,-1.0, -1,1977.0,A01,138Â 196Â 977,2.0,0.0,-1.0,1735274,1.0,7,,0.0,2.0,1.0,B01,138Â 196Â 975,1.0
1016563,201900058094,9,21,20:30,5,2,1,1.0,2.0,94043,FONTAINEBLEAU (AV DE),M,"48,8100000","2,3609000",94,2019,50.0,1.0,1.0,3.0,2273546,1.0,1,4,1,0.0,,-1.0, -1,1977.0,A01,138Â 196Â 977,2.0,0.0,-1.0,1735275,1.0,43,,0.0,2.0,4.0,A01,138Â 196Â 977,1.0
1016564,201900058095,10,26,04:50,5,1,1,1.0,7.0,97209,Bretelle sortie A1,M,"14,6185200"," -61,0382700",972,2019,90.0,1.0,1.0,1.0,2273547,1.0,1,4,1,5.0,,-1.0,0,1989.0,A01,138Â 196Â 996,1.0,0.0,-1.0,1735276,1.0,7,,4.0,0.0,9.0,A01,138Â 196Â 996,1.0
1016565,201900058096,6,18,17:00,1,2,3,1.0,3.0,56098,SEMBAT (RUE MARCEL),M,"47,7672340"," -3,3450330",56,2019,50.0,1.0,1.0,4.0,2273548,1.0,1,4,1,5.0,,0.0,0,1970.0,B01,138Â 196Â 969,2.0,0.0,-1.0,1735277,1.0,1,,0.0,2.0,1.0,B01,138Â 196Â 969,5.0
1016565,201900058096,6,18,17:00,1,2,3,1.0,3.0,56098,SEMBAT (RUE MARCEL),M,"47,7672340"," -3,3450330",56,2019,50.0,1.0,1.0,4.0,2273548,1.0,1,4,1,5.0,,0.0,0,1970.0,B01,138Â 196Â 969,2.0,0.0,-1.0,1735278,1.0,7,,0.0,2.0,7.0,A01,138Â 196Â 970,1.0
1016565,201900058096,6,18,17:00,1,2,3,1.0,3.0,56098,SEMBAT (RUE MARCEL),M,"47,7672340"," -3,3450330",56,2019,50.0,1.0,1.0,4.0,2273549,1.0,1,1,1,5.0,,0.0,0,1982.0,A01,138Â 196Â 970,1.0,8.0,-1.0,1735277,1.0,1,,0.0,2.0,1.0,B01,138Â 196Â 969,5.0
1016565,201900058096,6,18,17:00,1,2,3,1.0,3.0,56098,SEMBAT (RUE MARCEL),M,"47,7672340"," -3,3450330",56,2019,50.0,1.0,1.0,4.0,2273549,1.0,1,1,1,5.0,,0.0,0,1982.0,A01,138Â 196Â 970,1.0,8.0,-1.0,1735278,1.0,7,,0.0,2.0,7.0,A01,138Â 196Â 970,1.0
1016566,201900058097,9,21,14:00,1,2,1,1.0,2.0,94017,JEAN JAURES (R),M,"48,8100000","2,5100000",94,2019,50.0,1.0,1.0,3.0,2273550,1.0,1,4,1,0.0,,-1.0, -1,1994.0,B01,138Â 196Â 966,2.0,0.0,-1.0,1735279,0.0,2,,0.0,0.0,0.0,B01,138Â 196Â 966,0.0
1016566,201900058097,9,21,14:00,1,2,1,1.0,2.0,94017,JEAN JAURES (R),M,"48,8100000","2,5100000",94,2019,50.0,1.0,1.0,3.0,2273550,1.0,1,4,1,0.0,,-1.0, -1,1994.0,B01,138Â 196Â 966,2.0,0.0,-1.0,1735280,2.0,3,,0.0,2.0,4.0,A01,138Â 196Â 968,0.0
1016566,201900058097,9,21,14:00,1,2,1,1.0,2.0,94017,JEAN JAURES (R),M,"48,8100000","2,5100000",94,2019,50.0,1.0,1.0,3.0,2273551,1.0,1,1,1,0.0,,-1.0, -1,1958.0,A01,138Â 196Â 968,1.0,0.0,-1.0,1735279,0.0,2,,0.0,0.0,0.0,B01,138Â 196Â 966,0.0
1016566,201900058097,9,21,14:00,1,2,1,1.0,2.0,94017,JEAN JAURES (R),M,"48,8100000","2,5100000",94,2019,50.0,1.0,1.0,3.0,2273551,1.0,1,1,1,0.0,,-1.0, -1,1958.0,A01,138Â 196Â 968,1.0,0.0,-1.0,1735280,2.0,3,,0.0,2.0,4.0,A01,138Â 196Â 968,0.0
1016567,201900058098,2,16,15:45,1,2,1,1.0,6.0,74123,route de favergettes,M,"45,7475523","6,2893264",74,2019,50.0,1.0,1.0,6.0,2273552,1.0,1,1,1,5.0,,0.0,0,1993.0,A01,138Â 196Â 994,1.0,-1.0,-1.0,1735281,3.0,7,,0.0,1.0,5.0,A01,138Â 196Â 994,1.0
1016567,201900058098,2,16,15:45,1,2,1,1.0,6.0,74123,route de favergettes,M,"45,7475523","6,2893264",74,2019,50.0,1.0,1.0,6.0,2273553,10.0,3,4,1,5.0,,5.0,5,2007.0,A01,138Â 196Â 994,0.0,-1.0,-1.0,1735281,3.0,7,,0.0,1.0,5.0,A01,138Â 196Â 994,1.0
1016568,201900058099,5,27,17:55,1,2,3,1.0,3.0,01376,2 Rue des Folliets,M,"45,8309670","4,9772410",1,2019,50.0,1.0,1.0,4.0,2273554,1.0,1,1,1,0.0,,0.0,0,1987.0,B01,138Â 196Â 965,1.0,-1.0,-1.0,1735282,2.0,7,,0.0,0.0,6.0,B01,138Â 196Â 965,1.0
1016568,201900058099,5,27,17:55,1,2,3,1.0,3.0,01376,2 Rue des Folliets,M,"45,8309670","4,9772410",1,2019,50.0,1.0,1.0,4.0,2273554,1.0,1,1,1,0.0,,0.0,0,1987.0,B01,138Â 196Â 965,1.0,-1.0,-1.0,1735283,0.0,2,,0.0,2.0,1.0,A01,138Â 196Â 967,1.0
1016568,201900058099,5,27,17:55,1,2,3,1.0,3.0,01376,2 Rue des Folliets,M,"45,8309670","4,9772410",1,2019,50.0,1.0,1.0,4.0,2273555,1.0,1,3,1,0.0,,0.0,0,1971.0,A01,138Â 196Â 967,2.0,6.0,-1.0,1735282,2.0,7,,0.0,0.0,6.0,B01,138Â 196Â 965,1.0
1016568,201900058099,5,27,17:55,1,2,3,1.0,3.0,01376,2 Rue des Folliets,M,"45,8309670","4,9772410",1,2019,50.0,1.0,1.0,4.0,2273555,1.0,1,3,1,0.0,,0.0,0,1971.0,A01,138Â 196Â 967,2.0,6.0,-1.0,1735283,0.0,2,,0.0,2.0,1.0,A01,138Â 196Â 967,1.0
1016569,201900058100,8,12,16:30,1,1,1,1.0,2.0,45302,RUE NATIONALE 20,M,"47,9505945","1,8917044",45,2019,50.0,1.0,1.0,4.0,2273556,2.0,2,4,2,5.0,,0.0,0,1962.0,B01,138Â 196Â 963,1.0,8.0,-1.0,1735284,2.0,7,,0.0,2.0,4.0,B01,138Â 196Â 963,1.0
1016569,201900058100,8,12,16:30,1,1,1,1.0,2.0,45302,RUE NATIONALE 20,M,"47,9505945","1,8917044",45,2019,50.0,1.0,1.0,4.0,2273556,2.0,2,4,2,5.0,,0.0,0,1962.0,B01,138Â 196Â 963,1.0,8.0,-1.0,1735285,2.0,17,,0.0,2.0,1.0,A01,138Â 196Â 964,1.0
1016569,201900058100,8,12,16:30,1,1,1,1.0,2.0,45302,RUE NATIONALE 20,M,"47,9505945","1,8917044",45,2019,50.0,1.0,1.0,4.0,2273557,1.0,1,1,1,5.0,,0.0,0,2000.0,B01,138Â 196Â 963,1.0,8.0,-1.0,1735284,2.0,7,,0.0,2.0,4.0,B01,138Â 196Â 963,1.0
1016569,201900058100,8,12,16:30,1,1,1,1.0,2.0,45302,RUE NATIONALE 20,M,"47,9505945","1,8917044",45,2019,50.0,1.0,1.0,4.0,2273557,1.0,1,1,1,5.0,,0.0,0,2000.0,B01,138Â 196Â 963,1.0,8.0,-1.0,1735285,2.0,17,,0.0,2.0,1.0,A01,138Â 196Â 964,1.0
1016569,201900058100,8,12,16:30,1,1,1,1.0,2.0,45302,RUE NATIONALE 20,M,"47,9505945","1,8917044",45,2019,50.0,1.0,1.0,4.0,2273558,1.0,1,1,1,4.0,,0.0,0,1992.0,A01,138Â 196Â 964,1.0,8.0,-1.0,1735284,2.0,7,,0.0,2.0,4.0,B01,138Â 196Â 963,1.0
1016569,201900058100,8,12,16:30,1,1,1,1.0,2.0,45302,RUE NATIONALE 20,M,"47,9505945","1,8917044",45,2019,50.0,1.0,1.0,4.0,2273558,1.0,1,1,1,4.0,,0.0,0,1992.0,A01,138Â 196Â 964,1.0,8.0,-1.0,1735285,2.0,17,,0.0,2.0,1.0,A01,138Â 196Â 964,1.0
1016570,201900058101,5,20,07:15,1,2,1,1.0,6.0,01249,"RUE DU PONT DE L'ILE,01700",M,"45,8205180","4,9470980",1,2019,50.0,1.0,1.0,4.0,2273559,1.0,1,1,1,1.0,,0.0,0,1997.0,A01,138Â 196Â 960,1.0,-1.0,-1.0,1735286,1.0,7,,0.0,1.0,1.0,A01,138Â 196Â 960,1.0
1016570,201900058101,5,20,07:15,1,2,1,1.0,6.0,01249,"RUE DU PONT DE L'ILE,01700",M,"45,8205180","4,9470980",1,2019,50.0,1.0,1.0,4.0,2273560,10.0,3,4,1,2.0,,1.0,3,2002.0,A01,138Â 196Â 960,0.0,-1.0,-1.0,1735286,1.0,7,,0.0,1.0,1.0,A01,138Â 196Â 960,1.0
1016571,201900058102,9,21,12:00,1,2,3,7.0,1.0,94075,REVEILLON (R DE),M,"48,7190700","2,5454100",94,2019,50.0,1.0,1.0,4.0,2273561,1.0,1,4,1,0.0,,-1.0, -1,1954.0,Y01,138Â 196Â 959,8.0,0.0,-1.0,1735287,1.0,1,,0.0,2.0,1.0,Y01,138Â 196Â 959,5.0
1016571,201900058102,9,21,12:00,1,2,3,7.0,1.0,94075,REVEILLON (R DE),M,"48,7190700","2,5454100",94,2019,50.0,1.0,1.0,4.0,2273561,1.0,1,4,1,0.0,,-1.0, -1,1954.0,Y01,138Â 196Â 959,8.0,0.0,-1.0,1735288,1.0,10,,0.0,2.0,1.0,A01,138Â 196Â 962,1.0
1016571,201900058102,9,21,12:00,1,2,3,7.0,1.0,94075,REVEILLON (R DE),M,"48,7190700","2,5454100",94,2019,50.0,1.0,1.0,4.0,2273562,1.0,1,1,2,1.0,,-1.0, -1,1991.0,A01,138Â 196Â 962,1.0,8.0,-1.0,1735287,1.0,1,,0.0,2.0,1.0,Y01,138Â 196Â 959,5.0
1016571,201900058102,9,21,12:00,1,2,3,7.0,1.0,94075,REVEILLON (R DE),M,"48,7190700","2,5454100",94,2019,50.0,1.0,1.0,4.0,2273562,1.0,1,1,2,1.0,,-1.0, -1,1991.0,A01,138Â 196Â 962,1.0,8.0,-1.0,1735288,1.0,10,,0.0,2.0,1.0,A01,138Â 196Â 962,1.0
1016572,201900058103,2,15,07:28,2,1,2,1.0,3.0,76318,Route de Trouville,M,"49,5560600","0,6001510",76,2019,80.0,1.0,1.0,3.0,2273563,1.0,1,3,1,1.0,,0.0,0,1990.0,A01,138Â 196Â 957,1.0,-1.0,-1.0,1735289,2.0,7,,0.0,0.0,1.0,A01,138Â 196Â 957,1.0
1016572,201900058103,2,15,07:28,2,1,2,1.0,3.0,76318,Route de Trouville,M,"49,5560600","0,6001510",76,2019,80.0,1.0,1.0,3.0,2273563,1.0,1,3,1,1.0,,0.0,0,1990.0,A01,138Â 196Â 957,1.0,-1.0,-1.0,1735290,2.0,10,,0.0,0.0,2.0,B01,138Â 196Â 961,1.0
1016572,201900058103,2,15,07:28,2,1,2,1.0,3.0,76318,Route de Trouville,M,"49,5560600","0,6001510",76,2019,80.0,1.0,1.0,3.0,2273564,1.0,1,4,1,4.0,,0.0,0,1997.0,B01,138Â 196Â 961,1.0,-1.0,-1.0,1735289,2.0,7,,0.0,0.0,1.0,A01,138Â 196Â 957,1.0
1016572,201900058103,2,15,07:28,2,1,2,1.0,3.0,76318,Route de Trouville,M,"49,5560600","0,6001510",76,2019,80.0,1.0,1.0,3.0,2273564,1.0,1,4,1,4.0,,0.0,0,1997.0,B01,138Â 196Â 961,1.0,-1.0,-1.0,1735290,2.0,10,,0.0,0.0,2.0,B01,138Â 196Â 961,1.0
1016572,201900058103,2,15,07:28,2,1,2,1.0,3.0,76318,Route de Trouville,M,"49,5560600","0,6001510",76,2019,80.0,1.0,1.0,3.0,2273565,2.0,2,1,1,4.0,,0.0,0,2003.0,B01,138Â 196Â 961,1.0,-1.0,-1.0,1735289,2.0,7,,0.0,0.0,1.0,A01,138Â 196Â 957,1.0
1016572,201900058103,2,15,07:28,2,1,2,1.0,3.0,76318,Route de Trouville,M,"49,5560600","0,6001510",76,2019,80.0,1.0,1.0,3.0,2273565,2.0,2,1,1,4.0,,0.0,0,2003.0,B01,138Â 196Â 961,1.0,-1.0,-1.0,1735290,2.0,10,,0.0,0.0,2.0,B01,138Â 196Â 961,1.0
1016573,201900058104,8,12,08:10,1,2,1,1.0,3.0,45234,RUE PIERRE MAC ORLAN,M,"47,8819100","1,9055400",45,2019,30.0,1.0,1.0,4.0,2273566,1.0,1,1,1,1.0,,0.0,0,1997.0,A01,138Â 196Â 956,8.0,0.0,-1.0,1735291,0.0,7,,0.0,2.0,8.0,A01,138Â 196Â 956,1.0
1016573,201900058104,8,12,08:10,1,2,1,1.0,3.0,45234,RUE PIERRE MAC ORLAN,M,"47,8819100","1,9055400",45,2019,30.0,1.0,1.0,4.0,2273566,1.0,1,1,1,1.0,,0.0,0,1997.0,A01,138Â 196Â 956,8.0,0.0,-1.0,1735292,0.0,1,,0.0,2.0,1.0,B01,138Â 196Â 958,5.0
1016573,201900058104,8,12,08:10,1,2,1,1.0,3.0,45234,RUE PIERRE MAC ORLAN,M,"47,8819100","1,9055400",45,2019,30.0,1.0,1.0,4.0,2273567,1.0,1,4,2,5.0,,0.0,0,1968.0,B01,138Â 196Â 958,8.0,0.0,-1.0,1735291,0.0,7,,0.0,2.0,8.0,A01,138Â 196Â 956,1.0
1016573,201900058104,8,12,08:10,1,2,1,1.0,3.0,45234,RUE PIERRE MAC ORLAN,M,"47,8819100","1,9055400",45,2019,30.0,1.0,1.0,4.0,2273567,1.0,1,4,2,5.0,,0.0,0,1968.0,B01,138Â 196Â 958,8.0,0.0,-1.0,1735292,0.0,1,,0.0,2.0,1.0,B01,138Â 196Â 958,5.0
1016574,201900058105,5,1,15:10,1,1,1,1.0,7.0,01275,190 Route de Geneve,M,"45,8085660","4,9209860",1,2019,80.0,3.0,1.0,3.0,2273568,1.0,1,3,1,0.0,,0.0,0,1947.0,A01,138Â 196Â 955,1.0,-1.0,-1.0,1735293,2.0,7,,2.0,0.0,3.0,A01,138Â 196Â 955,1.0
1016575,201900058106,10,24,14:00,1,2,1,1.0,3.0,69034,PASTEUR                             (R ),M,"45,7864400","4,8378100",69,2019,50.0,1.0,1.0,4.0,2273569,1.0,1,1,2,5.0,,-1.0, -1,1949.0,A01,138Â 196Â 948,1.0,0.0,-1.0,1735294,3.0,7,,0.0,2.0,3.0,A01,138Â 196Â 948,1.0
1016575,201900058106,10,24,14:00,1,2,1,1.0,3.0,69034,PASTEUR                             (R ),M,"45,7864400","4,8378100",69,2019,50.0,1.0,1.0,4.0,2273569,1.0,1,1,2,5.0,,-1.0, -1,1949.0,A01,138Â 196Â 948,1.0,0.0,-1.0,1735295,2.0,33,,0.0,2.0,1.0,B01,138Â 196Â 950,1.0
1016575,201900058106,10,24,14:00,1,2,1,1.0,3.0,69034,PASTEUR                             (R ),M,"45,7864400","4,8378100",69,2019,50.0,1.0,1.0,4.0,2273570,1.0,1,4,2,9.0,,-1.0, -1,1965.0,B01,138Â 196Â 950,2.0,6.0,-1.0,1735294,3.0,7,,0.0,2.0,3.0,A01,138Â 196Â 948,1.0
1016575,201900058106,10,24,14:00,1,2,1,1.0,3.0,69034,PASTEUR                             (R ),M,"45,7864400","4,8378100",69,2019,50.0,1.0,1.0,4.0,2273570,1.0,1,4,2,9.0,,-1.0, -1,1965.0,B01,138Â 196Â 950,2.0,6.0,-1.0,1735295,2.0,33,,0.0,2.0,1.0,B01,138Â 196Â 950,1.0
1016576,201900058107,3,25,06:55,2,2,6,1.0,3.0,31555,CHE DE TUCAUT,M,"43,5456900","1,3871200",31,2019,50.0,1.0,1.0,4.0,2273571,1.0,1,1,1,9.0,,-1.0,0,1966.0,A01,138Â 196Â 946,1.0,8.0,-1.0,1735296,3.0,7,,0.0,2.0,2.0,A01,138Â 196Â 946,1.0
1016576,201900058107,3,25,06:55,2,2,6,1.0,3.0,31555,CHE DE TUCAUT,M,"43,5456900","1,3871200",31,2019,50.0,1.0,1.0,4.0,2273571,1.0,1,1,1,9.0,,-1.0,0,1966.0,A01,138Â 196Â 946,1.0,8.0,-1.0,1735297,3.0,33,,0.0,2.0,5.0,B01,138Â 196Â 949,1.0
1016576,201900058107,3,25,06:55,2,2,6,1.0,3.0,31555,CHE DE TUCAUT,M,"43,5456900","1,3871200",31,2019,50.0,1.0,1.0,4.0,2273572,1.0,1,4,1,9.0,,-1.0,0,1963.0,B01,138Â 196Â 949,2.0,8.0,-1.0,1735296,3.0,7,,0.0,2.0,2.0,A01,138Â 196Â 946,1.0
1016576,201900058107,3,25,06:55,2,2,6,1.0,3.0,31555,CHE DE TUCAUT,M,"43,5456900","1,3871200",31,2019,50.0,1.0,1.0,4.0,2273572,1.0,1,4,1,9.0,,-1.0,0,1963.0,B01,138Â 196Â 949,2.0,8.0,-1.0,1735297,3.0,33,,0.0,2.0,5.0,B01,138Â 196Â 949,1.0
1016577,201900058108,2,16,17:08,1,2,1,1.0,6.0,76334,rue des canadiens,M,"49,8429000","0,9665000",76,2019,50.0,1.0,1.0,3.0,2273573,1.0,1,1,2,5.0,,0.0,0,1947.0,A01,138Â 196Â 951,1.0,-1.0,-1.0,1735298,1.0,7,,0.0,1.0,0.0,A01,138Â 196Â 951,1.0
1016577,201900058108,2,16,17:08,1,2,1,1.0,6.0,76334,rue des canadiens,M,"49,8429000","0,9665000",76,2019,50.0,1.0,1.0,3.0,2273574,10.0,3,3,2,5.0,,2.0,5,2014.0,A01,138Â 196Â 951,0.0,-1.0,-1.0,1735298,1.0,7,,0.0,1.0,0.0,A01,138Â 196Â 951,1.0
1016578,201900058109,8,12,13:30,1,2,1,3.0,7.0,45208,BD DU CHINCHON,M,"47,9950900","2,7320300",45,2019,50.0,1.0,2.0,4.0,2273575,1.0,1,4,1,1.0,,0.0,0,1980.0,A01,138Â 196Â 952,2.0,8.0,-1.0,1735299,1.0,30,,0.0,0.0,0.0,A01,138Â 196Â 952,1.0
1016579,201900058110,9,21,16:50,1,2,3,1.0,1.0,93055,JEAN LOLIVE (AVENUE)(55/73.62/86),M,"48,8917990","2,4064360",93,2019,50.0,1.0,1.0,3.0,2273576,1.0,1,1,2,9.0,,-1.0, -1,1993.0,B01,138Â 196Â 953,1.0,0.0,-1.0,1735300,1.0,7,,0.0,6.0,2.0,B01,138Â 196Â 953,1.0
1016579,201900058110,9,21,16:50,1,2,3,1.0,1.0,93055,JEAN LOLIVE (AVENUE)(55/73.62/86),M,"48,8917990","2,4064360",93,2019,50.0,1.0,1.0,3.0,2273576,1.0,1,1,2,9.0,,-1.0, -1,1993.0,B01,138Â 196Â 953,1.0,0.0,-1.0,1735301,1.0,2,,0.0,2.0,1.0,A01,138Â 196Â 954,1.0
1016579,201900058110,9,21,16:50,1,2,3,1.0,1.0,93055,JEAN LOLIVE (AVENUE)(55/73.62/86),M,"48,8917990","2,4064360",93,2019,50.0,1.0,1.0,3.0,2273577,2.0,1,4,1,0.0,,-1.0, -1,1989.0,A01,138Â 196Â 954,2.0,0.0,-1.0,1735300,1.0,7,,0.0,6.0,2.0,B01,138Â 196Â 953,1.0
1016579,201900058110,9,21,16:50,1,2,3,1.0,1.0,93055,JEAN LOLIVE (AVENUE)(55/73.62/86),M,"48,8917990","2,4064360",93,2019,50.0,1.0,1.0,3.0,2273577,2.0,1,4,1,0.0,,-1.0, -1,1989.0,A01,138Â 196Â 954,2.0,0.0,-1.0,1735301,1.0,2,,0.0,2.0,1.0,A01,138Â 196Â 954,1.0
1016580,201900058111,4,30,18:45,1,1,3,1.0,3.0,01249,1 chemin de l'ile,M,"45,8173600","4,9439100",1,2019,30.0,5.0,1.0,4.0,2273578,1.0,1,1,2,5.0,,0.0,0,1972.0,A01,138Â 196Â 945,1.0,-1.0,-1.0,1735302,3.0,7,,0.0,2.0,3.0,A01,138Â 196Â 945,1.0
1016580,201900058111,4,30,18:45,1,1,3,1.0,3.0,01249,1 chemin de l'ile,M,"45,8173600","4,9439100",1,2019,30.0,5.0,1.0,4.0,2273578,1.0,1,1,2,5.0,,0.0,0,1972.0,A01,138Â 196Â 945,1.0,-1.0,-1.0,1735303,3.0,2,,0.0,2.0,1.0,B01,138Â 196Â 947,1.0
1016580,201900058111,4,30,18:45,1,1,3,1.0,3.0,01249,1 chemin de l'ile,M,"45,8173600","4,9439100",1,2019,30.0,5.0,1.0,4.0,2273579,2.0,2,4,1,5.0,,0.0,0,1995.0,B01,138Â 196Â 947,2.0,-1.0,-1.0,1735302,3.0,7,,0.0,2.0,3.0,A01,138Â 196Â 945,1.0
1016580,201900058111,4,30,18:45,1,1,3,1.0,3.0,01249,1 chemin de l'ile,M,"45,8173600","4,9439100",1,2019,30.0,5.0,1.0,4.0,2273579,2.0,2,4,1,5.0,,0.0,0,1995.0,B01,138Â 196Â 947,2.0,-1.0,-1.0,1735303,3.0,2,,0.0,2.0,1.0,B01,138Â 196Â 947,1.0
1016580,201900058111,4,30,18:45,1,1,3,1.0,3.0,01249,1 chemin de l'ile,M,"45,8173600","4,9439100",1,2019,30.0,5.0,1.0,4.0,2273580,1.0,1,1,1,5.0,,0.0,0,1995.0,B01,138Â 196Â 947,2.0,-1.0,-1.0,1735302,3.0,7,,0.0,2.0,3.0,A01,138Â 196Â 945,1.0
1016580,201900058111,4,30,18:45,1,1,3,1.0,3.0,01249,1 chemin de l'ile,M,"45,8173600","4,9439100",1,2019,30.0,5.0,1.0,4.0,2273580,1.0,1,1,1,5.0,,0.0,0,1995.0,B01,138Â 196Â 947,2.0,-1.0,-1.0,1735303,3.0,2,,0.0,2.0,1.0,B01,138Â 196Â 947,1.0
1016581,201900058112,10,23,10:00,1,2,1,1.0,6.0,91347,RN 20,M,"48,6420000","2,2920000",91,2019,50.0,3.0,2.0,2.0,2273581,1.0,1,4,1,0.0,,-1.0, -1,1979.0,A01,138Â 196Â 942,8.0,8.0,-1.0,1735304,3.0,33,,0.0,2.0,0.0,A01,138Â 196Â 942,0.0
1016581,201900058112,10,23,10:00,1,2,1,1.0,6.0,91347,RN 20,M,"48,6420000","2,2920000",91,2019,50.0,3.0,2.0,2.0,2273581,1.0,1,4,1,0.0,,-1.0, -1,1979.0,A01,138Â 196Â 942,8.0,8.0,-1.0,1735305,3.0,21,,0.0,2.0,0.0,B01,138Â 196Â 944,0.0
1016581,201900058112,10,23,10:00,1,2,1,1.0,6.0,91347,RN 20,M,"48,6420000","2,2920000",91,2019,50.0,3.0,2.0,2.0,2273582,1.0,1,1,1,0.0,,0.0,0,1973.0,B01,138Â 196Â 944,8.0,8.0,-1.0,1735304,3.0,33,,0.0,2.0,0.0,A01,138Â 196Â 942,0.0
1016581,201900058112,10,23,10:00,1,2,1,1.0,6.0,91347,RN 20,M,"48,6420000","2,2920000",91,2019,50.0,3.0,2.0,2.0,2273582,1.0,1,1,1,0.0,,0.0,0,1973.0,B01,138Â 196Â 944,8.0,8.0,-1.0,1735305,3.0,21,,0.0,2.0,0.0,B01,138Â 196Â 944,0.0
1016582,201900058113,3,25,21:00,3,1,1,1.0,5.0,31555,VA007331 A620,M,"43,5989800","1,3970900",31,2019,90.0,1.0,1.0,1.0,2273583,1.0,1,4,2,0.0,,-1.0,0,1994.0,B01,138Â 196Â 940,1.0,0.0,-1.0,1735306,0.0,7,,0.0,2.0,9.0,B01,138Â 196Â 940,1.0
1016582,201900058113,3,25,21:00,3,1,1,1.0,5.0,31555,VA007331 A620,M,"43,5989800","1,3970900",31,2019,90.0,1.0,1.0,1.0,2273583,1.0,1,4,2,0.0,,-1.0,0,1994.0,B01,138Â 196Â 940,1.0,0.0,-1.0,1735307,0.0,7,,0.0,2.0,1.0,C01,138Â 196Â 941,1.0
1016582,201900058113,3,25,21:00,3,1,1,1.0,5.0,31555,VA007331 A620,M,"43,5989800","1,3970900",31,2019,90.0,1.0,1.0,1.0,2273583,1.0,1,4,2,0.0,,-1.0,0,1994.0,B01,138Â 196Â 940,1.0,0.0,-1.0,1735308,0.0,14,,0.0,2.0,9.0,A01,138Â 196Â 943,1.0
1016582,201900058113,3,25,21:00,3,1,1,1.0,5.0,31555,VA007331 A620,M,"43,5989800","1,3970900",31,2019,90.0,1.0,1.0,1.0,2273584,1.0,1,1,1,9.0,,-1.0,0,1986.0,C01,138Â 196Â 941,1.0,0.0,-1.0,1735306,0.0,7,,0.0,2.0,9.0,B01,138Â 196Â 940,1.0
1016582,201900058113,3,25,21:00,3,1,1,1.0,5.0,31555,VA007331 A620,M,"43,5989800","1,3970900",31,2019,90.0,1.0,1.0,1.0,2273584,1.0,1,1,1,9.0,,-1.0,0,1986.0,C01,138Â 196Â 941,1.0,0.0,-1.0,1735307,0.0,7,,0.0,2.0,1.0,C01,138Â 196Â 941,1.0
1016582,201900058113,3,25,21:00,3,1,1,1.0,5.0,31555,VA007331 A620,M,"43,5989800","1,3970900",31,2019,90.0,1.0,1.0,1.0,2273584,1.0,1,1,1,9.0,,-1.0,0,1986.0,C01,138Â 196Â 941,1.0,0.0,-1.0,1735308,0.0,14,,0.0,2.0,9.0,A01,138Â 196Â 943,1.0
1016582,201900058113,3,25,21:00,3,1,1,1.0,5.0,31555,VA007331 A620,M,"43,5989800","1,3970900",31,2019,90.0,1.0,1.0,1.0,2273585,1.0,1,1,1,4.0,,-1.0,0,1961.0,A01,138Â 196Â 943,1.0,0.0,-1.0,1735306,0.0,7,,0.0,2.0,9.0,B01,138Â 196Â 940,1.0
1016582,201900058113,3,25,21:00,3,1,1,1.0,5.0,31555,VA007331 A620,M,"43,5989800","1,3970900",31,2019,90.0,1.0,1.0,1.0,2273585,1.0,1,1,1,4.0,,-1.0,0,1961.0,A01,138Â 196Â 943,1.0,0.0,-1.0,1735307,0.0,7,,0.0,2.0,1.0,C01,138Â 196Â 941,1.0
1016582,201900058113,3,25,21:00,3,1,1,1.0,5.0,31555,VA007331 A620,M,"43,5989800","1,3970900",31,2019,90.0,1.0,1.0,1.0,2273585,1.0,1,1,1,4.0,,-1.0,0,1961.0,A01,138Â 196Â 943,1.0,0.0,-1.0,1735308,0.0,14,,0.0,2.0,9.0,A01,138Â 196Â 943,1.0
1016583,201900058114,8,15,20:20,1,2,1,1.0,6.0,38318,LUCIEN MAGNAT(MONTEE),M,"45,5296300","4,9020800",38,2019,50.0,1.0,1.0,4.0,2273586,1.0,1,1,2,5.0,,-1.0, -1,1977.0,A01,138Â 196Â 937,1.0,0.0,-1.0,1735309,1.0,7,,6.0,1.0,2.0,A01,138Â 196Â 937,1.0