Unnamed: 0_x,num_acc,mois,jour,hrmn,lum,agg,int,atm,col,com,adr,gps,lat,long,dep,annee,vma,situ,surf,catr,Unnamed: 0_y,place,catu,grav,sexe,trajet,secu,locp,actp,an_nais,num_veh_x,id_vehicule_x,secu1,secu2,secu3,Unnamed: 0,senc,catv,occutc,obs,obsm,choc,num_veh_y,id_vehicule_y,motor
1016583,201900058114,8,15,20:20,1,2,1,1.0,6.0,38318,LUCIEN MAGNAT(MONTEE),M,"45,5296300","4,9020800",38,2019,50.0,1.0,1.0,4.0,2273587,4.0,2,1,2,5.0,,-1.0, -1,2013.0,A01,138Â 196Â 937,1.0,0.0,-1.0,1735309,1.0,7,,6.0,1.0,2.0,A01,138Â 196Â 937,1.0
1016583,201900058114,8,15,20:20,1,2,1,1.0,6.0,38318,LUCIEN MAGNAT(MONTEE),M,"45,5296300","4,9020800",38,2019,50.0,1.0,1.0,4.0,2273588,10.0,3,4,1,5.0,,5.0,B,1976.0,A01,138Â 196Â 937,0.0,0.0,-1.0,1735309,1.0,7,,6.0,1.0,2.0,A01,138Â 196Â 937,1.0
1016583,201900058114,8,15,20:20,1,2,1,1.0,6.0,38318,LUCIEN MAGNAT(MONTEE),M,"45,5296300","4,9020800",38,2019,50.0,1.0,1.0,4.0,2273589,2.0,2,1,1,5.0,,-1.0, -1,1975.0,A01,138Â 196Â 937,1.0,0.0,-1.0,1735309,1.0,7,,6.0,1.0,2.0,A01,138Â 196Â 937,1.0
1016584,201900058115,9,21,16:05,1,2,1,1.0,3.0,93027,LECLERC (AVENUE DU GENERAL),M,"48,9287300","2,3835800",93,2019,50.0,3.0,1.0,3.0,2273590,1.0,1,4,1,5.0,,0.0,0,2006.0,B01,138Â 196Â 935,8.0,0.0,-1.0,1735310,1.0,1,,0.0,2.0,3.0,B01,138Â 196Â 935,5.0
1016584,201900058115,9,21,16:05,1,2,1,1.0,3.0,93027,LECLERC (AVENUE DU GENERAL),M,"48,9287300","2,3835800",93,2019,50.0,3.0,1.0,3.0,2273590,1.0,1,4,1,5.0,,0.0,0,2006.0,B01,138Â 196Â 935,8.0,0.0,-1.0,1735311,1.0,3,,0.0,6.0,3.0,A01,138Â 196Â 938,1.0
1016584,201900058115,9,21,16:05,1,2,1,1.0,3.0,93027,LECLERC (AVENUE DU GENERAL),M,"48,9287300","2,3835800",93,2019,50.0,3.0,1.0,3.0,2273591,1.0,1,1,1,3.0,,-1.0, -1,1977.0,A01,138Â 196Â 938,1.0,0.0,-1.0,1735310,1.0,1,,0.0,2.0,3.0,B01,138Â 196Â 935,5.0
1016584,201900058115,9,21,16:05,1,2,1,1.0,3.0,93027,LECLERC (AVENUE DU GENERAL),M,"48,9287300","2,3835800",93,2019,50.0,3.0,1.0,3.0,2273591,1.0,1,1,1,3.0,,-1.0, -1,1977.0,A01,138Â 196Â 938,1.0,0.0,-1.0,1735311,1.0,3,,0.0,6.0,3.0,A01,138Â 196Â 938,1.0
1016585,201900058116,5,10,17:45,1,2,1,1.0,6.0,01160,avenue des sports,M,"46,2631010","6,1153589",1,2019,50.0,6.0,1.0,9.0,2273592,10.0,3,3,1,2.0,,2.0,B,2001.0,A01,138Â 196Â 936,0.0,-1.0,-1.0,1735312,1.0,38,1.0,0.0,1.0,7.0,A01,138Â 196Â 936,1.0
1016585,201900058116,5,10,17:45,1,2,1,1.0,6.0,01160,avenue des sports,M,"46,2631010","6,1153589",1,2019,50.0,6.0,1.0,9.0,2273593,1.0,1,1,1,4.0,,0.0,0,1959.0,A01,138Â 196Â 936,8.0,-1.0,-1.0,1735312,1.0,38,1.0,0.0,1.0,7.0,A01,138Â 196Â 936,1.0
1016586,201900058117,10,18,17:14,1,2,1,2.0,6.0,87050,BUXEROLLES (ROUTE DE),M,"45,8691300","1,2594800",87,2019,50.0,1.0,2.0,4.0,2273594,2.0,2,4,2,5.0,,0.0,0,1997.0,A01,138Â 196Â 934,1.0,-1.0,-1.0,1735313,1.0,7,,0.0,0.0,9.0,A01,138Â 196Â 934,1.0
1016586,201900058117,10,18,17:14,1,2,1,2.0,6.0,87050,BUXEROLLES (ROUTE DE),M,"45,8691300","1,2594800",87,2019,50.0,1.0,2.0,4.0,2273595,1.0,1,1,2,5.0,,0.0,0,1996.0,A01,138Â 196Â 934,1.0,-1.0,-1.0,1735313,1.0,7,,0.0,0.0,9.0,A01,138Â 196Â 934,1.0
1016587,201900058118,8,16,15:02,1,2,2,1.0,3.0,13204,FRANÃOISE DUPARC (BOULEVARD),M,"43,3019400","5,4008300",13,2019,50.0,1.0,1.0,4.0,2273596,1.0,1,4,1,0.0,,-1.0, -1,1988.0,B01,138Â 196Â 931,2.0,0.0,-1.0,1735314,2.0,33,,0.0,2.0,1.0,B01,138Â 196Â 931,1.0
1016587,201900058118,8,16,15:02,1,2,2,1.0,3.0,13204,FRANÃOISE DUPARC (BOULEVARD),M,"43,3019400","5,4008300",13,2019,50.0,1.0,1.0,4.0,2273596,1.0,1,4,1,0.0,,-1.0, -1,1988.0,B01,138Â 196Â 931,2.0,0.0,-1.0,1735315,2.0,7,,0.0,2.0,3.0,A01,138Â 196Â 932,1.0
1016587,201900058118,8,16,15:02,1,2,2,1.0,3.0,13204,FRANÃOISE DUPARC (BOULEVARD),M,"43,3019400","5,4008300",13,2019,50.0,1.0,1.0,4.0,2273597,1.0,1,1,1,0.0,,0.0,0,1988.0,A01,138Â 196Â 932,1.0,0.0,-1.0,1735314,2.0,33,,0.0,2.0,1.0,B01,138Â 196Â 931,1.0
1016587,201900058118,8,16,15:02,1,2,2,1.0,3.0,13204,FRANÃOISE DUPARC (BOULEVARD),M,"43,3019400","5,4008300",13,2019,50.0,1.0,1.0,4.0,2273597,1.0,1,1,1,0.0,,0.0,0,1988.0,A01,138Â 196Â 932,1.0,0.0,-1.0,1735315,2.0,7,,0.0,2.0,3.0,A01,138Â 196Â 932,1.0
1016588,201900058119,9,21,10:50,1,2,6,1.0,3.0,93027,CONVENTION (RUE DE LA),M,"48,9294300","2,3860500",93,2019,50.0,3.0,1.0,3.0,2273598,1.0,1,4,2,0.0,,-1.0, -1,1980.0,A01,138Â 196Â 928,8.0,0.0,-1.0,1735316,3.0,1,,0.0,2.0,8.0,A01,138Â 196Â 928,5.0
1016588,201900058119,9,21,10:50,1,2,6,1.0,3.0,93027,CONVENTION (RUE DE LA),M,"48,9294300","2,3860500",93,2019,50.0,3.0,1.0,3.0,2273598,1.0,1,4,2,0.0,,-1.0, -1,1980.0,A01,138Â 196Â 928,8.0,0.0,-1.0,1735317,3.0,7,,0.0,0.0,1.0,B01,138Â 196Â 930,1.0
1016588,201900058119,9,21,10:50,1,2,6,1.0,3.0,93027,CONVENTION (RUE DE LA),M,"48,9294300","2,3860500",93,2019,50.0,3.0,1.0,3.0,2273599,1.0,1,1,1,0.0,,-1.0, -1,1970.0,B01,138Â 196Â 930,8.0,0.0,-1.0,1735316,3.0,1,,0.0,2.0,8.0,A01,138Â 196Â 928,5.0
1016588,201900058119,9,21,10:50,1,2,6,1.0,3.0,93027,CONVENTION (RUE DE LA),M,"48,9294300","2,3860500",93,2019,50.0,3.0,1.0,3.0,2273599,1.0,1,1,1,0.0,,-1.0, -1,1970.0,B01,138Â 196Â 930,8.0,0.0,-1.0,1735317,3.0,7,,0.0,0.0,1.0,B01,138Â 196Â 930,1.0
1016588,201900058119,9,21,10:50,1,2,6,1.0,3.0,93027,CONVENTION (RUE DE LA),M,"48,9294300","2,3860500",93,2019,50.0,3.0,1.0,3.0,2273600,2.0,2,1,2,0.0,,-1.0, -1,1938.0,B01,138Â 196Â 930,8.0,0.0,-1.0,1735316,3.0,1,,0.0,2.0,8.0,A01,138Â 196Â 928,5.0
1016588,201900058119,9,21,10:50,1,2,6,1.0,3.0,93027,CONVENTION (RUE DE LA),M,"48,9294300","2,3860500",93,2019,50.0,3.0,1.0,3.0,2273600,2.0,2,1,2,0.0,,-1.0, -1,1938.0,B01,138Â 196Â 930,8.0,0.0,-1.0,1735317,3.0,7,,0.0,0.0,1.0,B01,138Â 196Â 930,1.0
1016589,201900058120,5,5,06:35,2,2,2,1.0,3.0,01160,Avenue du Jura,M,"46,2577920","6,1140460",1,2019,50.0,1.0,1.0,3.0,2273601,1.0,1,1,1,5.0,,0.0,0,1997.0,B01,138Â 196Â 923,8.0,-1.0,-1.0,1735318,1.0,7,,0.0,2.0,2.0,B01,138Â 196Â 923,1.0
1016589,201900058120,5,5,06:35,2,2,2,1.0,3.0,01160,Avenue du Jura,M,"46,2577920","6,1140460",1,2019,50.0,1.0,1.0,3.0,2273601,1.0,1,1,1,5.0,,0.0,0,1997.0,B01,138Â 196Â 923,8.0,-1.0,-1.0,1735319,2.0,7,,0.0,2.0,8.0,A01,138Â 196Â 927,1.0
1016589,201900058120,5,5,06:35,2,2,2,1.0,3.0,01160,Avenue du Jura,M,"46,2577920","6,1140460",1,2019,50.0,1.0,1.0,3.0,2273602,2.0,2,3,1,5.0,,0.0,0,2000.0,B01,138Â 196Â 923,8.0,-1.0,-1.0,1735318,1.0,7,,0.0,2.0,2.0,B01,138Â 196Â 923,1.0
1016589,201900058120,5,5,06:35,2,2,2,1.0,3.0,01160,Avenue du Jura,M,"46,2577920","6,1140460",1,2019,50.0,1.0,1.0,3.0,2273602,2.0,2,3,1,5.0,,0.0,0,2000.0,B01,138Â 196Â 923,8.0,-1.0,-1.0,1735319,2.0,7,,0.0,2.0,8.0,A01,138Â 196Â 927,1.0
1016589,201900058120,5,5,06:35,2,2,2,1.0,3.0,01160,Avenue du Jura,M,"46,2577920","6,1140460",1,2019,50.0,1.0,1.0,3.0,2273603,3.0,2,4,1,5.0,,0.0,0,1985.0,A01,138Â 196Â 927,0.0,-1.0,-1.0,1735318,1.0,7,,0.0,2.0,2.0,B01,138Â 196Â 923,1.0
1016589,201900058120,5,5,06:35,2,2,2,1.0,3.0,01160,Avenue du Jura,M,"46,2577920","6,1140460",1,2019,50.0,1.0,1.0,3.0,2273603,3.0,2,4,1,5.0,,0.0,0,1985.0,A01,138Â 196Â 927,0.0,-1.0,-1.0,1735319,2.0,7,,0.0,2.0,8.0,A01,138Â 196Â 927,1.0
1016589,201900058120,5,5,06:35,2,2,2,1.0,3.0,01160,Avenue du Jura,M,"46,2577920","6,1140460",1,2019,50.0,1.0,1.0,3.0,2273604,1.0,1,4,1,4.0,,0.0,0,1969.0,A01,138Â 196Â 927,1.0,-1.0,-1.0,1735318,1.0,7,,0.0,2.0,2.0,B01,138Â 196Â 923,1.0
1016589,201900058120,5,5,06:35,2,2,2,1.0,3.0,01160,Avenue du Jura,M,"46,2577920","6,1140460",1,2019,50.0,1.0,1.0,3.0,2273604,1.0,1,4,1,4.0,,0.0,0,1969.0,A01,138Â 196Â 927,1.0,-1.0,-1.0,1735319,2.0,7,,0.0,2.0,8.0,A01,138Â 196Â 927,1.0
1016590,201900058121,10,21,10:11,1,2,2,1.0,3.0,87085,HOCHE (RUE),M,"45,8402900","1,2590500",87,2019,50.0,1.0,1.0,4.0,2273605,1.0,1,4,2,5.0,,-1.0, -1,1974.0,A01,138Â 196Â 924,1.0,0.0,-1.0,1735320,1.0,7,,0.0,2.0,1.0,A01,138Â 196Â 924,1.0
1016590,201900058121,10,21,10:11,1,2,2,1.0,3.0,87085,HOCHE (RUE),M,"45,8402900","1,2590500",87,2019,50.0,1.0,1.0,4.0,2273605,1.0,1,4,2,5.0,,-1.0, -1,1974.0,A01,138Â 196Â 924,1.0,0.0,-1.0,1735321,1.0,7,,0.0,2.0,2.0,B01,138Â 196Â 929,1.0
1016590,201900058121,10,21,10:11,1,2,2,1.0,3.0,87085,HOCHE (RUE),M,"45,8402900","1,2590500",87,2019,50.0,1.0,1.0,4.0,2273606,1.0,1,1,2,5.0,,-1.0, -1,1947.0,B01,138Â 196Â 929,1.0,0.0,-1.0,1735320,1.0,7,,0.0,2.0,1.0,A01,138Â 196Â 924,1.0
1016590,201900058121,10,21,10:11,1,2,2,1.0,3.0,87085,HOCHE (RUE),M,"45,8402900","1,2590500",87,2019,50.0,1.0,1.0,4.0,2273606,1.0,1,1,2,5.0,,-1.0, -1,1947.0,B01,138Â 196Â 929,1.0,0.0,-1.0,1735321,1.0,7,,0.0,2.0,2.0,B01,138Â 196Â 929,1.0
1016591,201900058122,9,21,15:00,1,2,2,1.0,2.0,93005,JEAN CHARCOT [CD115] (RUE),M,"48,9329000","2,4883000",93,2019,50.0,1.0,1.0,3.0,2273607,1.0,1,1,1,0.0,,-1.0, -1,1977.0,B01,138Â 196Â 918,1.0,0.0,-1.0,1735322,0.0,7,,0.0,2.0,6.0,B01,138Â 196Â 918,1.0
1016591,201900058122,9,21,15:00,1,2,2,1.0,2.0,93005,JEAN CHARCOT [CD115] (RUE),M,"48,9329000","2,4883000",93,2019,50.0,1.0,1.0,3.0,2273607,1.0,1,1,1,0.0,,-1.0, -1,1977.0,B01,138Â 196Â 918,1.0,0.0,-1.0,1735323,0.0,34,,0.0,2.0,2.0,A01,138Â 196Â 922,1.0
1016591,201900058122,9,21,15:00,1,2,2,1.0,2.0,93005,JEAN CHARCOT [CD115] (RUE),M,"48,9329000","2,4883000",93,2019,50.0,1.0,1.0,3.0,2273608,1.0,1,1,1,0.0,,-1.0, -1,1972.0,A01,138Â 196Â 922,2.0,8.0,-1.0,1735322,0.0,7,,0.0,2.0,6.0,B01,138Â 196Â 918,1.0
1016591,201900058122,9,21,15:00,1,2,2,1.0,2.0,93005,JEAN CHARCOT [CD115] (RUE),M,"48,9329000","2,4883000",93,2019,50.0,1.0,1.0,3.0,2273608,1.0,1,1,1,0.0,,-1.0, -1,1972.0,A01,138Â 196Â 922,2.0,8.0,-1.0,1735323,0.0,34,,0.0,2.0,2.0,A01,138Â 196Â 922,1.0
1016591,201900058122,9,21,15:00,1,2,2,1.0,2.0,93005,JEAN CHARCOT [CD115] (RUE),M,"48,9329000","2,4883000",93,2019,50.0,1.0,1.0,3.0,2273609,2.0,2,4,2,0.0,,-1.0, -1,2000.0,A01,138Â 196Â 922,2.0,8.0,-1.0,1735322,0.0,7,,0.0,2.0,6.0,B01,138Â 196Â 918,1.0
1016591,201900058122,9,21,15:00,1,2,2,1.0,2.0,93005,JEAN CHARCOT [CD115] (RUE),M,"48,9329000","2,4883000",93,2019,50.0,1.0,1.0,3.0,2273609,2.0,2,4,2,0.0,,-1.0, -1,2000.0,A01,138Â 196Â 922,2.0,8.0,-1.0,1735323,0.0,34,,0.0,2.0,2.0,A01,138Â 196Â 922,1.0
1016592,201900058123,3,25,13:55,1,2,1,1.0,2.0,31555,RUE DU FAUBOURG BONNEFOY,M,"43,6226400","1,4584600",31,2019,50.0,1.0,1.0,4.0,2273610,1.0,1,1,1,4.0,,-1.0,0,1971.0,A01,138Â 196Â 917,1.0,0.0,-1.0,1735324,2.0,37,4.0,0.0,2.0,1.0,A01,138Â 196Â 917,1.0
1016592,201900058123,3,25,13:55,1,2,1,1.0,2.0,31555,RUE DU FAUBOURG BONNEFOY,M,"43,6226400","1,4584600",31,2019,50.0,1.0,1.0,4.0,2273610,1.0,1,1,1,4.0,,-1.0,0,1971.0,A01,138Â 196Â 917,1.0,0.0,-1.0,1735325,2.0,7,,0.0,2.0,4.0,B01,138Â 196Â 933,1.0
1016592,201900058123,3,25,13:55,1,2,1,1.0,2.0,31555,RUE DU FAUBOURG BONNEFOY,M,"43,6226400","1,4584600",31,2019,50.0,1.0,1.0,4.0,2273611,3.0,2,4,2,9.0,,-1.0,0,1942.0,A01,138Â 196Â 917,1.0,0.0,-1.0,1735324,2.0,37,4.0,0.0,2.0,1.0,A01,138Â 196Â 917,1.0
1016592,201900058123,3,25,13:55,1,2,1,1.0,2.0,31555,RUE DU FAUBOURG BONNEFOY,M,"43,6226400","1,4584600",31,2019,50.0,1.0,1.0,4.0,2273611,3.0,2,4,2,9.0,,-1.0,0,1942.0,A01,138Â 196Â 917,1.0,0.0,-1.0,1735325,2.0,7,,0.0,2.0,4.0,B01,138Â 196Â 933,1.0
1016592,201900058123,3,25,13:55,1,2,1,1.0,2.0,31555,RUE DU FAUBOURG BONNEFOY,M,"43,6226400","1,4584600",31,2019,50.0,1.0,1.0,4.0,2273612,3.0,2,4,2,9.0,,-1.0,0,1974.0,A01,138Â 196Â 917,1.0,0.0,-1.0,1735324,2.0,37,4.0,0.0,2.0,1.0,A01,138Â 196Â 917,1.0
1016592,201900058123,3,25,13:55,1,2,1,1.0,2.0,31555,RUE DU FAUBOURG BONNEFOY,M,"43,6226400","1,4584600",31,2019,50.0,1.0,1.0,4.0,2273612,3.0,2,4,2,9.0,,-1.0,0,1974.0,A01,138Â 196Â 917,1.0,0.0,-1.0,1735325,2.0,7,,0.0,2.0,4.0,B01,138Â 196Â 933,1.0
1016592,201900058123,3,25,13:55,1,2,1,1.0,2.0,31555,RUE DU FAUBOURG BONNEFOY,M,"43,6226400","1,4584600",31,2019,50.0,1.0,1.0,4.0,2273613,3.0,2,4,2,9.0,,-1.0,0,2001.0,A01,138Â 196Â 917,1.0,0.0,-1.0,1735324,2.0,37,4.0,0.0,2.0,1.0,A01,138Â 196Â 917,1.0
1016592,201900058123,3,25,13:55,1,2,1,1.0,2.0,31555,RUE DU FAUBOURG BONNEFOY,M,"43,6226400","1,4584600",31,2019,50.0,1.0,1.0,4.0,2273613,3.0,2,4,2,9.0,,-1.0,0,2001.0,A01,138Â 196Â 917,1.0,0.0,-1.0,1735325,2.0,7,,0.0,2.0,4.0,B01,138Â 196Â 933,1.0
1016592,201900058123,3,25,13:55,1,2,1,1.0,2.0,31555,RUE DU FAUBOURG BONNEFOY,M,"43,6226400","1,4584600",31,2019,50.0,1.0,1.0,4.0,2273614,1.0,1,1,1,9.0,,-1.0,0,1999.0,B01,138Â 196Â 933,1.0,7.0,-1.0,1735324,2.0,37,4.0,0.0,2.0,1.0,A01,138Â 196Â 917,1.0
1016592,201900058123,3,25,13:55,1,2,1,1.0,2.0,31555,RUE DU FAUBOURG BONNEFOY,M,"43,6226400","1,4584600",31,2019,50.0,1.0,1.0,4.0,2273614,1.0,1,1,1,9.0,,-1.0,0,1999.0,B01,138Â 196Â 933,1.0,7.0,-1.0,1735325,2.0,7,,0.0,2.0,4.0,B01,138Â 196Â 933,1.0
1016593,201900058124,8,13,18:25,1,2,1,8.0,3.0,93055,JEAN NICOT,M,"48,8915800","2,4149900",93,2019,30.0,1.0,1.0,4.0,2273615,1.0,1,1,1,1.0,,-1.0, -1,1966.0,A01,138Â 196Â 915,1.0,4.0,-1.0,1735326,2.0,7,,0.0,2.0,3.0,A01,138Â 196Â 915,1.0
1016593,201900058124,8,13,18:25,1,2,1,8.0,3.0,93055,JEAN NICOT,M,"48,8915800","2,4149900",93,2019,30.0,1.0,1.0,4.0,2273615,1.0,1,1,1,1.0,,-1.0, -1,1966.0,A01,138Â 196Â 915,1.0,4.0,-1.0,1735327,2.0,34,,0.0,2.0,1.0,B01,138Â 196Â 919,0.0
1016593,201900058124,8,13,18:25,1,2,1,8.0,3.0,93055,JEAN NICOT,M,"48,8915800","2,4149900",93,2019,30.0,1.0,1.0,4.0,2273616,1.0,1,4,1,5.0,,-1.0, -1,1996.0,B01,138Â 196Â 919,2.0,6.0,-1.0,1735326,2.0,7,,0.0,2.0,3.0,A01,138Â 196Â 915,1.0
1016593,201900058124,8,13,18:25,1,2,1,8.0,3.0,93055,JEAN NICOT,M,"48,8915800","2,4149900",93,2019,30.0,1.0,1.0,4.0,2273616,1.0,1,4,1,5.0,,-1.0, -1,1996.0,B01,138Â 196Â 919,2.0,6.0,-1.0,1735327,2.0,34,,0.0,2.0,1.0,B01,138Â 196Â 919,0.0
1016594,201900058125,4,30,08:10,1,1,1,1.0,3.0,01160,RD 35,M,"46,2491523","6,1046276",1,2019,70.0,1.0,1.0,3.0,2273617,1.0,1,3,1,0.0,,0.0,0,1981.0,B01,138Â 196Â 916,2.0,6.0,-1.0,1735328,1.0,2,,0.0,0.0,1.0,B01,138Â 196Â 916,1.0
1016594,201900058125,4,30,08:10,1,1,1,1.0,3.0,01160,RD 35,M,"46,2491523","6,1046276",1,2019,70.0,1.0,1.0,3.0,2273617,1.0,1,3,1,0.0,,0.0,0,1981.0,B01,138Â 196Â 916,2.0,6.0,-1.0,1735329,1.0,7,,0.0,0.0,6.0,A01,138Â 196Â 920,1.0
1016594,201900058125,4,30,08:10,1,1,1,1.0,3.0,01160,RD 35,M,"46,2491523","6,1046276",1,2019,70.0,1.0,1.0,3.0,2273618,1.0,1,1,2,0.0,,0.0,0,1975.0,A01,138Â 196Â 920,8.0,-1.0,-1.0,1735328,1.0,2,,0.0,0.0,1.0,B01,138Â 196Â 916,1.0
1016594,201900058125,4,30,08:10,1,1,1,1.0,3.0,01160,RD 35,M,"46,2491523","6,1046276",1,2019,70.0,1.0,1.0,3.0,2273618,1.0,1,1,2,0.0,,0.0,0,1975.0,A01,138Â 196Â 920,8.0,-1.0,-1.0,1735329,1.0,7,,0.0,0.0,6.0,A01,138Â 196Â 920,1.0
1016595,201900058126,10,23,10:25,1,2,2,1.0,3.0,86194,MIRABEAU (RUE),M,"46,5835000","0,3622600",86,2019,50.0,1.0,1.0,4.0,2273619,1.0,1,1,1,-1.0,,-1.0, -1,1955.0,B01,138Â 196Â 914,1.0,-1.0,-1.0,1735330,0.0,0,,-1.0,-1.0,-1.0,B01,138Â 196Â 914,-1.0
1016595,201900058126,10,23,10:25,1,2,2,1.0,3.0,86194,MIRABEAU (RUE),M,"46,5835000","0,3622600",86,2019,50.0,1.0,1.0,4.0,2273619,1.0,1,1,1,-1.0,,-1.0, -1,1955.0,B01,138Â 196Â 914,1.0,-1.0,-1.0,1735331,1.0,7,,1.0,0.0,1.0,A01,138Â 196Â 921,1.0
1016595,201900058126,10,23,10:25,1,2,2,1.0,3.0,86194,MIRABEAU (RUE),M,"46,5835000","0,3622600",86,2019,50.0,1.0,1.0,4.0,2273620,1.0,1,3,2,0.0,,-1.0,0,1937.0,A01,138Â 196Â 921,1.0,0.0,-1.0,1735330,0.0,0,,-1.0,-1.0,-1.0,B01,138Â 196Â 914,-1.0
1016595,201900058126,10,23,10:25,1,2,2,1.0,3.0,86194,MIRABEAU (RUE),M,"46,5835000","0,3622600",86,2019,50.0,1.0,1.0,4.0,2273620,1.0,1,3,2,0.0,,-1.0,0,1937.0,A01,138Â 196Â 921,1.0,0.0,-1.0,1735331,1.0,7,,1.0,0.0,1.0,A01,138Â 196Â 921,1.0
1016596,201900058127,9,21,01:45,3,2,3,1.0,3.0,93001,FELIX FAURE (BLD) =>174,M,"48,9126000","2,3745400",93,2019,50.0,1.0,1.0,3.0,2273621,1.0,1,1,1,1.0,,-1.0, -1,1966.0,A01,138Â 196Â 909,1.0,5.0,-1.0,1735332,1.0,7,,0.0,2.0,1.0,A01,138Â 196Â 909,0.0
1016596,201900058127,9,21,01:45,3,2,3,1.0,3.0,93001,FELIX FAURE (BLD) =>174,M,"48,9126000","2,3745400",93,2019,50.0,1.0,1.0,3.0,2273621,1.0,1,1,1,1.0,,-1.0, -1,1966.0,A01,138Â 196Â 909,1.0,5.0,-1.0,1735333,1.0,33,,0.0,0.0,0.0,B01,138Â 196Â 912,0.0
1016596,201900058127,9,21,01:45,3,2,3,1.0,3.0,93001,FELIX FAURE (BLD) =>174,M,"48,9126000","2,3745400",93,2019,50.0,1.0,1.0,3.0,2273622,2.0,2,3,1,0.0,,-1.0, -1,1998.0,B01,138Â 196Â 912,2.0,8.0,-1.0,1735332,1.0,7,,0.0,2.0,1.0,A01,138Â 196Â 909,0.0
1016596,201900058127,9,21,01:45,3,2,3,1.0,3.0,93001,FELIX FAURE (BLD) =>174,M,"48,9126000","2,3745400",93,2019,50.0,1.0,1.0,3.0,2273622,2.0,2,3,1,0.0,,-1.0, -1,1998.0,B01,138Â 196Â 912,2.0,8.0,-1.0,1735333,1.0,33,,0.0,0.0,0.0,B01,138Â 196Â 912,0.0
1016596,201900058127,9,21,01:45,3,2,3,1.0,3.0,93001,FELIX FAURE (BLD) =>174,M,"48,9126000","2,3745400",93,2019,50.0,1.0,1.0,3.0,2273623,1.0,1,3,1,0.0,,-1.0, -1,1995.0,B01,138Â 196Â 912,2.0,6.0,-1.0,1735332,1.0,7,,0.0,2.0,1.0,A01,138Â 196Â 909,0.0
1016596,201900058127,9,21,01:45,3,2,3,1.0,3.0,93001,FELIX FAURE (BLD) =>174,M,"48,9126000","2,3745400",93,2019,50.0,1.0,1.0,3.0,2273623,1.0,1,3,1,0.0,,-1.0, -1,1995.0,B01,138Â 196Â 912,2.0,6.0,-1.0,1735333,1.0,33,,0.0,0.0,0.0,B01,138Â 196Â 912,0.0
1016597,201900058128,3,26,16:05,1,2,9,1.0,3.0,27229,VERNON (RUE DE),M,"49,0308000","1,1604800",27,2019,50.0,1.0,1.0,4.0,2273624,1.0,1,4,1,0.0,,-1.0,0,1963.0,A01,138Â 196Â 910,1.0,8.0,-1.0,1735334,0.0,7,,0.0,0.0,6.0,A01,138Â 196Â 910,1.0
1016597,201900058128,3,26,16:05,1,2,9,1.0,3.0,27229,VERNON (RUE DE),M,"49,0308000","1,1604800",27,2019,50.0,1.0,1.0,4.0,2273624,1.0,1,4,1,0.0,,-1.0,0,1963.0,A01,138Â 196Â 910,1.0,8.0,-1.0,1735335,0.0,33,,0.0,2.0,1.0,B01,138Â 196Â 913,1.0
1016597,201900058128,3,26,16:05,1,2,9,1.0,3.0,27229,VERNON (RUE DE),M,"49,0308000","1,1604800",27,2019,50.0,1.0,1.0,4.0,2273625,1.0,1,3,1,0.0,,-1.0,0,1972.0,B01,138Â 196Â 913,2.0,8.0,-1.0,1735334,0.0,7,,0.0,0.0,6.0,A01,138Â 196Â 910,1.0
1016597,201900058128,3,26,16:05,1,2,9,1.0,3.0,27229,VERNON (RUE DE),M,"49,0308000","1,1604800",27,2019,50.0,1.0,1.0,4.0,2273625,1.0,1,3,1,0.0,,-1.0,0,1972.0,B01,138Â 196Â 913,2.0,8.0,-1.0,1735335,0.0,33,,0.0,2.0,1.0,B01,138Â 196Â 913,1.0
1016598,201900058129,8,10,19:49,2,2,3,1.0,5.0,93005,MAXIMILIEN ROBESPIERRE (RUE),M,"48,9482500","2,5021200",93,2019,50.0,1.0,1.0,4.0,2273626,1.0,1,4,1,9.0,,-1.0, -1,1994.0,B01,138Â 196Â 907,1.0,8.0,-1.0,1735336,3.0,7,,0.0,2.0,2.0,B01,138Â 196Â 907,1.0
1016598,201900058129,8,10,19:49,2,2,3,1.0,5.0,93005,MAXIMILIEN ROBESPIERRE (RUE),M,"48,9482500","2,5021200",93,2019,50.0,1.0,1.0,4.0,2273626,1.0,1,4,1,9.0,,-1.0, -1,1994.0,B01,138Â 196Â 907,1.0,8.0,-1.0,1735337,3.0,10,,0.0,2.0,2.0,C01,138Â 196Â 908,1.0
1016598,201900058129,8,10,19:49,2,2,3,1.0,5.0,93005,MAXIMILIEN ROBESPIERRE (RUE),M,"48,9482500","2,5021200",93,2019,50.0,1.0,1.0,4.0,2273626,1.0,1,4,1,9.0,,-1.0, -1,1994.0,B01,138Â 196Â 907,1.0,8.0,-1.0,1735338,3.0,7,,0.0,2.0,2.0,A01,138Â 196Â 911,0.0
1016598,201900058129,8,10,19:49,2,2,3,1.0,5.0,93005,MAXIMILIEN ROBESPIERRE (RUE),M,"48,9482500","2,5021200",93,2019,50.0,1.0,1.0,4.0,2273627,2.0,2,4,1,9.0,,-1.0, -1,1998.0,B01,138Â 196Â 907,1.0,8.0,-1.0,1735336,3.0,7,,0.0,2.0,2.0,B01,138Â 196Â 907,1.0
1016598,201900058129,8,10,19:49,2,2,3,1.0,5.0,93005,MAXIMILIEN ROBESPIERRE (RUE),M,"48,9482500","2,5021200",93,2019,50.0,1.0,1.0,4.0,2273627,2.0,2,4,1,9.0,,-1.0, -1,1998.0,B01,138Â 196Â 907,1.0,8.0,-1.0,1735337,3.0,10,,0.0,2.0,2.0,C01,138Â 196Â 908,1.0