Unnamed: 0_x,num_acc,mois,jour,hrmn,lum,agg,int,atm,col,com,adr,gps,lat,long,dep,annee,vma,situ,surf,catr,Unnamed: 0_y,place,catu,grav,sexe,trajet,secu,locp,actp,an_nais,num_veh_x,id_vehicule_x,secu1,secu2,secu3,Unnamed: 0,senc,catv,occutc,obs,obsm,choc,num_veh_y,id_vehicule_y,motor
1016598,201900058129,8,10,19:49,2,2,3,1.0,5.0,93005,MAXIMILIEN ROBESPIERRE (RUE),M,"48,9482500","2,5021200",93,2019,50.0,1.0,1.0,4.0,2273627,2.0,2,4,1,9.0,,-1.0, -1,1998.0,B01,138Â 196Â 907,1.0,8.0,-1.0,1735338,3.0,7,,0.0,2.0,2.0,A01,138Â 196Â 911,0.0
1016598,201900058129,8,10,19:49,2,2,3,1.0,5.0,93005,MAXIMILIEN ROBESPIERRE (RUE),M,"48,9482500","2,5021200",93,2019,50.0,1.0,1.0,4.0,2273628,1.0,1,1,1,0.0,,-1.0, -1,1990.0,A01,138Â 196Â 911,1.0,0.0,-1.0,1735336,3.0,7,,0.0,2.0,2.0,B01,138Â 196Â 907,1.0
1016598,201900058129,8,10,19:49,2,2,3,1.0,5.0,93005,MAXIMILIEN ROBESPIERRE (RUE),M,"48,9482500","2,5021200",93,2019,50.0,1.0,1.0,4.0,2273628,1.0,1,1,1,0.0,,-1.0, -1,1990.0,A01,138Â 196Â 911,1.0,0.0,-1.0,1735337,3.0,10,,0.0,2.0,2.0,C01,138Â 196Â 908,1.0
1016598,201900058129,8,10,19:49,2,2,3,1.0,5.0,93005,MAXIMILIEN ROBESPIERRE (RUE),M,"48,9482500","2,5021200",93,2019,50.0,1.0,1.0,4.0,2273628,1.0,1,1,1,0.0,,-1.0, -1,1990.0,A01,138Â 196Â 911,1.0,0.0,-1.0,1735338,3.0,7,,0.0,2.0,2.0,A01,138Â 196Â 911,0.0
1016599,201900058130,5,19,00:30,5,2,1,2.0,6.0,01202,6 Rue Gambetta,M,"45,9037350","5,3457750",1,2019,50.0,4.0,2.0,9.0,2273629,1.0,1,1,1,5.0,,0.0,0,1998.0,A01,138Â 196Â 902,1.0,-1.0,-1.0,1735339,1.0,7,,1.0,0.0,1.0,A01,138Â 196Â 902,1.0
1016599,201900058130,5,19,00:30,5,2,1,2.0,6.0,01202,6 Rue Gambetta,M,"45,9037350","5,3457750",1,2019,50.0,4.0,2.0,9.0,2273630,9.0,2,1,1,5.0,,0.0,0,1998.0,A01,138Â 196Â 902,1.0,-1.0,-1.0,1735339,1.0,7,,1.0,0.0,1.0,A01,138Â 196Â 902,1.0
1016599,201900058130,5,19,00:30,5,2,1,2.0,6.0,01202,6 Rue Gambetta,M,"45,9037350","5,3457750",1,2019,50.0,4.0,2.0,9.0,2273631,8.0,2,4,2,0.0,,0.0,0,2005.0,A01,138Â 196Â 902,1.0,-1.0,-1.0,1735339,1.0,7,,1.0,0.0,1.0,A01,138Â 196Â 902,1.0
1016599,201900058130,5,19,00:30,5,2,1,2.0,6.0,01202,6 Rue Gambetta,M,"45,9037350","5,3457750",1,2019,50.0,4.0,2.0,9.0,2273632,2.0,2,4,2,5.0,,0.0,0,2001.0,A01,138Â 196Â 902,1.0,-1.0,-1.0,1735339,1.0,7,,1.0,0.0,1.0,A01,138Â 196Â 902,1.0
1016599,201900058130,5,19,00:30,5,2,1,2.0,6.0,01202,6 Rue Gambetta,M,"45,9037350","5,3457750",1,2019,50.0,4.0,2.0,9.0,2273633,8.0,2,1,2,5.0,,0.0,0,2005.0,A01,138Â 196Â 902,1.0,-1.0,-1.0,1735339,1.0,7,,1.0,0.0,1.0,A01,138Â 196Â 902,1.0
1016599,201900058130,5,19,00:30,5,2,1,2.0,6.0,01202,6 Rue Gambetta,M,"45,9037350","5,3457750",1,2019,50.0,4.0,2.0,9.0,2273634,7.0,2,4,1,5.0,,0.0,0,2004.0,A01,138Â 196Â 902,1.0,-1.0,-1.0,1735339,1.0,7,,1.0,0.0,1.0,A01,138Â 196Â 902,1.0
1016600,201900058131,9,20,16:45,1,2,3,1.0,6.0,92036,GENERAL DE GAULLE (AVENUE) (PAIRS),M,"48,9337787","2,3133592",92,2019,50.0,1.0,1.0,3.0,2273635,1.0,1,1,2,9.0,,-1.0, -1,1965.0,A01,138Â 196Â 905,1.0,8.0,-1.0,1735340,1.0,7,,0.0,1.0,2.0,A01,138Â 196Â 905,1.0
1016600,201900058131,9,20,16:45,1,2,3,1.0,6.0,92036,GENERAL DE GAULLE (AVENUE) (PAIRS),M,"48,9337787","2,3133592",92,2019,50.0,1.0,1.0,3.0,2273636,10.0,3,1,2,3.0,,4.0,3,2007.0,A01,138Â 196Â 905,8.0,0.0,-1.0,1735340,1.0,7,,0.0,1.0,2.0,A01,138Â 196Â 905,1.0
1016600,201900058131,9,20,16:45,1,2,3,1.0,6.0,92036,GENERAL DE GAULLE (AVENUE) (PAIRS),M,"48,9337787","2,3133592",92,2019,50.0,1.0,1.0,3.0,2273637,10.0,3,3,1,3.0,,4.0,3,2007.0,A01,138Â 196Â 905,8.0,0.0,-1.0,1735340,1.0,7,,0.0,1.0,2.0,A01,138Â 196Â 905,1.0
1016601,201900058132,8,13,12:45,1,1,1,1.0,1.0,83123,A50,M,"43,1293100","5,8168300",83,2019,90.0,1.0,1.0,1.0,2273638,1.0,1,4,1,5.0,,-1.0, -1,1980.0,B01,138Â 196Â 900,1.0,0.0,-1.0,1735341,1.0,7,,0.0,2.0,4.0,B01,138Â 196Â 900,1.0
1016601,201900058132,8,13,12:45,1,1,1,1.0,1.0,83123,A50,M,"43,1293100","5,8168300",83,2019,90.0,1.0,1.0,1.0,2273638,1.0,1,4,1,5.0,,-1.0, -1,1980.0,B01,138Â 196Â 900,1.0,0.0,-1.0,1735342,1.0,10,,0.0,2.0,1.0,A01,138Â 196Â 906,1.0
1016601,201900058132,8,13,12:45,1,1,1,1.0,1.0,83123,A50,M,"43,1293100","5,8168300",83,2019,90.0,1.0,1.0,1.0,2273639,1.0,1,1,1,5.0,,-1.0, -1,1987.0,A01,138Â 196Â 906,1.0,0.0,-1.0,1735341,1.0,7,,0.0,2.0,4.0,B01,138Â 196Â 900,1.0
1016601,201900058132,8,13,12:45,1,1,1,1.0,1.0,83123,A50,M,"43,1293100","5,8168300",83,2019,90.0,1.0,1.0,1.0,2273639,1.0,1,1,1,5.0,,-1.0, -1,1987.0,A01,138Â 196Â 906,1.0,0.0,-1.0,1735342,1.0,10,,0.0,2.0,1.0,A01,138Â 196Â 906,1.0
1016602,201900058133,2,16,23:43,3,1,1,1.0,7.0,80677,D24,M,"49,9610780","3,1092940",80,2019,80.0,8.0,1.0,3.0,2273640,1.0,1,4,1,5.0,,0.0,0,1998.0,A01,138Â 196Â 901,0.0,-1.0,-1.0,1735343,2.0,7,,13.0,0.0,1.0,A01,138Â 196Â 901,1.0
1016602,201900058133,2,16,23:43,3,1,1,1.0,7.0,80677,D24,M,"49,9610780","3,1092940",80,2019,80.0,8.0,1.0,3.0,2273641,9.0,2,4,2,5.0,,0.0,0,1991.0,A01,138Â 196Â 901,0.0,-1.0,-1.0,1735343,2.0,7,,13.0,0.0,1.0,A01,138Â 196Â 901,1.0
1016603,201900058134,9,21,07:00,2,2,1,1.0,3.0,92012,SEVRES (RUE DE) 55BIS/FIN - 42/FIN,M,"48,8353880","2,2279830",92,2019,50.0,1.0,1.0,4.0,2273642,1.0,1,1,1,1.0,,-1.0, -1,1981.0,B01,138Â 196Â 897,1.0,0.0,-1.0,1735344,2.0,7,,0.0,2.0,3.0,B01,138Â 196Â 897,1.0
1016603,201900058134,9,21,07:00,2,2,1,1.0,3.0,92012,SEVRES (RUE DE) 55BIS/FIN - 42/FIN,M,"48,8353880","2,2279830",92,2019,50.0,1.0,1.0,4.0,2273642,1.0,1,1,1,1.0,,-1.0, -1,1981.0,B01,138Â 196Â 897,1.0,0.0,-1.0,1735345,2.0,31,,0.0,2.0,2.0,A01,138Â 196Â 898,1.0
1016603,201900058134,9,21,07:00,2,2,1,1.0,3.0,92012,SEVRES (RUE DE) 55BIS/FIN - 42/FIN,M,"48,8353880","2,2279830",92,2019,50.0,1.0,1.0,4.0,2273643,1.0,1,4,1,0.0,,-1.0, -1,1993.0,A01,138Â 196Â 898,2.0,0.0,-1.0,1735344,2.0,7,,0.0,2.0,3.0,B01,138Â 196Â 897,1.0
1016603,201900058134,9,21,07:00,2,2,1,1.0,3.0,92012,SEVRES (RUE DE) 55BIS/FIN - 42/FIN,M,"48,8353880","2,2279830",92,2019,50.0,1.0,1.0,4.0,2273643,1.0,1,4,1,0.0,,-1.0, -1,1993.0,A01,138Â 196Â 898,2.0,0.0,-1.0,1735345,2.0,31,,0.0,2.0,2.0,A01,138Â 196Â 898,1.0
1016604,201900058135,3,26,06:55,2,2,6,1.0,7.0,25056,FRANOIS ROUTE DE,M,"47,2209300","5,9570800",25,2019,50.0,1.0,1.0,4.0,2273644,1.0,1,4,1,0.0,,-1.0,0,1980.0,A01,138Â 196Â 904,1.0,0.0,-1.0,1735346,0.0,15,,0.0,0.0,0.0,A01,138Â 196Â 904,1.0
1016605,201900058136,2,16,00:00,3,1,1,9.0,7.0,80696,D7,M,"49,8115110","2,3209490",80,2019,80.0,1.0,2.0,3.0,2273645,2.0,2,3,2,0.0,,0.0,0,2000.0,A01,138Â 196Â 895,1.0,-1.0,-1.0,1735347,0.0,7,,0.0,0.0,9.0,A01,138Â 196Â 895,1.0
1016605,201900058136,2,16,00:00,3,1,1,9.0,7.0,80696,D7,M,"49,8115110","2,3209490",80,2019,80.0,1.0,2.0,3.0,2273646,1.0,1,1,1,0.0,,0.0,0,1999.0,A01,138Â 196Â 895,1.0,-1.0,-1.0,1735347,0.0,7,,0.0,0.0,9.0,A01,138Â 196Â 895,1.0
1016606,201900058137,8,17,18:00,5,1,1,1.0,6.0,98818,VE1 SENS SUD/NORD,M," -22,2386505","166,4574945",988,2019,70.0,1.0,1.0,1.0,2273647,2.0,2,1,1,5.0,,-1.0,0,1991.0,A01,138Â 196Â 896,1.0,0.0,-1.0,1735348,1.0,7,,4.0,0.0,1.0,A01,138Â 196Â 896,1.0
1016606,201900058137,8,17,18:00,5,1,1,1.0,6.0,98818,VE1 SENS SUD/NORD,M," -22,2386505","166,4574945",988,2019,70.0,1.0,1.0,1.0,2273648,1.0,1,4,2,5.0,,-1.0,0,1993.0,A01,138Â 196Â 896,1.0,0.0,-1.0,1735348,1.0,7,,4.0,0.0,1.0,A01,138Â 196Â 896,1.0
1016607,201900058138,3,25,08:00,1,2,1,7.0,2.0,22278,ATLANTIQUE (BD) NÂ°58/71 A FIN,M,"48,5178897"," -2,8066324",22,2019,50.0,1.0,1.0,3.0,2273649,1.0,1,1,2,1.0,,0.0,0,1972.0,A01,138Â 196Â 891,8.0,0.0,-1.0,1735349,1.0,7,,0.0,2.0,1.0,A01,138Â 196Â 891,1.0
1016607,201900058138,3,25,08:00,1,2,1,7.0,2.0,22278,ATLANTIQUE (BD) NÂ°58/71 A FIN,M,"48,5178897"," -2,8066324",22,2019,50.0,1.0,1.0,3.0,2273649,1.0,1,1,2,1.0,,0.0,0,1972.0,A01,138Â 196Â 891,8.0,0.0,-1.0,1735350,1.0,7,,0.0,2.0,4.0,B01,138Â 196Â 893,1.0
1016607,201900058138,3,25,08:00,1,2,1,7.0,2.0,22278,ATLANTIQUE (BD) NÂ°58/71 A FIN,M,"48,5178897"," -2,8066324",22,2019,50.0,1.0,1.0,3.0,2273650,1.0,1,4,2,0.0,,0.0,0,1978.0,B01,138Â 196Â 893,8.0,0.0,-1.0,1735349,1.0,7,,0.0,2.0,1.0,A01,138Â 196Â 891,1.0
1016607,201900058138,3,25,08:00,1,2,1,7.0,2.0,22278,ATLANTIQUE (BD) NÂ°58/71 A FIN,M,"48,5178897"," -2,8066324",22,2019,50.0,1.0,1.0,3.0,2273650,1.0,1,4,2,0.0,,0.0,0,1978.0,B01,138Â 196Â 893,8.0,0.0,-1.0,1735350,1.0,7,,0.0,2.0,4.0,B01,138Â 196Â 893,1.0
1016608,201900058139,9,22,14:10,1,1,1,1.0,1.0,41167,RD 952,M,"47,4676630","1,1068750",41,2019,80.0,3.0,1.0,3.0,2273651,2.0,2,1,2,5.0,,0.0,0,1959.0,B01,138Â 196Â 892,1.0,-1.0,-1.0,1735351,0.0,10,,9.0,2.0,1.0,B01,138Â 196Â 892,1.0
1016608,201900058139,9,22,14:10,1,1,1,1.0,1.0,41167,RD 952,M,"47,4676630","1,1068750",41,2019,80.0,3.0,1.0,3.0,2273651,2.0,2,1,2,5.0,,0.0,0,1959.0,B01,138Â 196Â 892,1.0,-1.0,-1.0,1735352,0.0,7,,0.0,2.0,1.0,A01,138Â 196Â 894,1.0
1016608,201900058139,9,22,14:10,1,1,1,1.0,1.0,41167,RD 952,M,"47,4676630","1,1068750",41,2019,80.0,3.0,1.0,3.0,2273652,1.0,1,3,1,5.0,,0.0,0,1956.0,B01,138Â 196Â 892,1.0,-1.0,-1.0,1735351,0.0,10,,9.0,2.0,1.0,B01,138Â 196Â 892,1.0
1016608,201900058139,9,22,14:10,1,1,1,1.0,1.0,41167,RD 952,M,"47,4676630","1,1068750",41,2019,80.0,3.0,1.0,3.0,2273652,1.0,1,3,1,5.0,,0.0,0,1956.0,B01,138Â 196Â 892,1.0,-1.0,-1.0,1735352,0.0,7,,0.0,2.0,1.0,A01,138Â 196Â 894,1.0
1016608,201900058139,9,22,14:10,1,1,1,1.0,1.0,41167,RD 952,M,"47,4676630","1,1068750",41,2019,80.0,3.0,1.0,3.0,2273653,1.0,1,1,1,5.0,,0.0,0,2001.0,A01,138Â 196Â 894,1.0,-1.0,-1.0,1735351,0.0,10,,9.0,2.0,1.0,B01,138Â 196Â 892,1.0
1016608,201900058139,9,22,14:10,1,1,1,1.0,1.0,41167,RD 952,M,"47,4676630","1,1068750",41,2019,80.0,3.0,1.0,3.0,2273653,1.0,1,1,1,5.0,,0.0,0,2001.0,A01,138Â 196Â 894,1.0,-1.0,-1.0,1735352,0.0,7,,0.0,2.0,1.0,A01,138Â 196Â 894,1.0
1016609,201900058140,2,16,14:50,1,2,1,1.0,7.0,80212,rue jules lardiÃ¨res,M,"49,9049480","2,5097230",80,2019,50.0,1.0,1.0,3.0,2273654,2.0,2,1,2,5.0,,0.0,0,2000.0,A01,138Â 196Â 890,2.0,-1.0,-1.0,1735353,2.0,2,,12.0,0.0,7.0,A01,138Â 196Â 890,1.0
1016609,201900058140,2,16,14:50,1,2,1,1.0,7.0,80212,rue jules lardiÃ¨res,M,"49,9049480","2,5097230",80,2019,50.0,1.0,1.0,3.0,2273655,1.0,1,3,1,5.0,,0.0,0,2003.0,A01,138Â 196Â 890,2.0,-1.0,-1.0,1735353,2.0,2,,12.0,0.0,7.0,A01,138Â 196Â 890,1.0
1016610,201900058141,8,16,17:30,2,1,6,1.0,7.0,98818,RUE JACQUES IEKAWE/RUE DU FRERE GERMAIN,M," -22,2310300","166,4812300",988,2019,50.0,1.0,1.0,4.0,2273656,2.0,2,4,2,0.0,,0.0,0,2001.0,A01,138Â 196Â 889,2.0,0.0,-1.0,1735354,1.0,32,,0.0,0.0,1.0,A01,138Â 196Â 889,1.0
1016610,201900058141,8,16,17:30,2,1,6,1.0,7.0,98818,RUE JACQUES IEKAWE/RUE DU FRERE GERMAIN,M," -22,2310300","166,4812300",988,2019,50.0,1.0,1.0,4.0,2273657,1.0,1,1,1,5.0,,0.0,0,2002.0,A01,138Â 196Â 889,2.0,0.0,-1.0,1735354,1.0,32,,0.0,0.0,1.0,A01,138Â 196Â 889,1.0
1016611,201900058142,8,13,08:25,1,2,1,1.0,6.0,98818,MANGIN (RUE DU GENERAL),M," -22,2682300","166,4396400",988,2019,30.0,3.0,1.0,4.0,2273658,1.0,1,1,2,1.0,,0.0,0,1966.0,A01,138Â 196Â 887,1.0,8.0,-1.0,1735355,2.0,7,,0.0,1.0,2.0,A01,138Â 196Â 887,1.0
1016611,201900058142,8,13,08:25,1,2,1,1.0,6.0,98818,MANGIN (RUE DU GENERAL),M," -22,2682300","166,4396400",988,2019,30.0,3.0,1.0,4.0,2273659,10.0,3,4,1,0.0,,3.0,3,1982.0,A01,138Â 196Â 887,0.0,0.0,-1.0,1735355,2.0,7,,0.0,1.0,2.0,A01,138Â 196Â 887,1.0
1016612,201900058143,3,24,18:20,1,2,3,1.0,1.0,21617,CITADELLE (DE LA) (AVENUE),M,"47,3356000","4,9962200",21,2019,50.0,1.0,1.0,4.0,2273660,2.0,2,4,2,5.0,,-1.0, -1,1967.0,B01,138Â 196Â 883,8.0,-1.0,-1.0,1735356,3.0,33,,0.0,2.0,1.0,B01,138Â 196Â 883,1.0
1016612,201900058143,3,24,18:20,1,2,3,1.0,1.0,21617,CITADELLE (DE LA) (AVENUE),M,"47,3356000","4,9962200",21,2019,50.0,1.0,1.0,4.0,2273660,2.0,2,4,2,5.0,,-1.0, -1,1967.0,B01,138Â 196Â 883,8.0,-1.0,-1.0,1735357,3.0,7,,0.0,2.0,1.0,A01,138Â 196Â 888,1.0
1016612,201900058143,3,24,18:20,1,2,3,1.0,1.0,21617,CITADELLE (DE LA) (AVENUE),M,"47,3356000","4,9962200",21,2019,50.0,1.0,1.0,4.0,2273661,1.0,1,4,1,5.0,,-1.0, -1,1986.0,B01,138Â 196Â 883,2.0,8.0,-1.0,1735356,3.0,33,,0.0,2.0,1.0,B01,138Â 196Â 883,1.0
1016612,201900058143,3,24,18:20,1,2,3,1.0,1.0,21617,CITADELLE (DE LA) (AVENUE),M,"47,3356000","4,9962200",21,2019,50.0,1.0,1.0,4.0,2273661,1.0,1,4,1,5.0,,-1.0, -1,1986.0,B01,138Â 196Â 883,2.0,8.0,-1.0,1735357,3.0,7,,0.0,2.0,1.0,A01,138Â 196Â 888,1.0
1016612,201900058143,3,24,18:20,1,2,3,1.0,1.0,21617,CITADELLE (DE LA) (AVENUE),M,"47,3356000","4,9962200",21,2019,50.0,1.0,1.0,4.0,2273662,1.0,1,1,1,5.0,,-1.0, -1,1964.0,A01,138Â 196Â 888,1.0,0.0,-1.0,1735356,3.0,33,,0.0,2.0,1.0,B01,138Â 196Â 883,1.0
1016612,201900058143,3,24,18:20,1,2,3,1.0,1.0,21617,CITADELLE (DE LA) (AVENUE),M,"47,3356000","4,9962200",21,2019,50.0,1.0,1.0,4.0,2273662,1.0,1,1,1,5.0,,-1.0, -1,1964.0,A01,138Â 196Â 888,1.0,0.0,-1.0,1735357,3.0,7,,0.0,2.0,1.0,A01,138Â 196Â 888,1.0
1016613,201900058144,2,16,22:10,3,1,1,1.0,7.0,82131,D820,M,"44,2667350","1,4786280",82,2019,70.0,3.0,1.0,3.0,2273663,9.0,2,3,2,5.0,,0.0,0,2008.0,A01,138Â 196Â 882,1.0,-1.0,-1.0,1735358,2.0,7,,0.0,0.0,1.0,A01,138Â 196Â 882,1.0
1016613,201900058144,2,16,22:10,3,1,1,1.0,7.0,82131,D820,M,"44,2667350","1,4786280",82,2019,70.0,3.0,1.0,3.0,2273664,2.0,2,1,1,5.0,,0.0,0,1994.0,A01,138Â 196Â 882,1.0,-1.0,-1.0,1735358,2.0,7,,0.0,0.0,1.0,A01,138Â 196Â 882,1.0
1016613,201900058144,2,16,22:10,3,1,1,1.0,7.0,82131,D820,M,"44,2667350","1,4786280",82,2019,70.0,3.0,1.0,3.0,2273665,7.0,2,1,2,5.0,,0.0,0,2009.0,A01,138Â 196Â 882,3.0,-1.0,-1.0,1735358,2.0,7,,0.0,0.0,1.0,A01,138Â 196Â 882,1.0
1016613,201900058144,2,16,22:10,3,1,1,1.0,7.0,82131,D820,M,"44,2667350","1,4786280",82,2019,70.0,3.0,1.0,3.0,2273666,1.0,1,1,2,5.0,,0.0,0,1983.0,A01,138Â 196Â 882,1.0,-1.0,-1.0,1735358,2.0,7,,0.0,0.0,1.0,A01,138Â 196Â 882,1.0
1016614,201900058145,8,12,14:10,1,2,9,1.0,6.0,98818,AUSTERLITZ (RUE D'),M," -22,2697200","166,4400000",988,2019,50.0,1.0,1.0,4.0,2273667,10.0,3,4,2,0.0,,0.0,0,2012.0,A01,138Â 196Â 881,8.0,0.0,-1.0,1735359,2.0,1,,0.0,1.0,7.0,A01,138Â 196Â 881,5.0
1016614,201900058145,8,12,14:10,1,2,9,1.0,6.0,98818,AUSTERLITZ (RUE D'),M," -22,2697200","166,4400000",988,2019,50.0,1.0,1.0,4.0,2273668,1.0,1,1,1,0.0,,0.0,0,1997.0,A01,138Â 196Â 881,8.0,0.0,-1.0,1735359,2.0,1,,0.0,1.0,7.0,A01,138Â 196Â 881,5.0
1016615,201900058146,3,26,09:15,1,2,2,1.0,3.0,17300,JOURDAN   RUE,M,"46,1644300"," -1,1617500",17,2019,50.0,1.0,1.0,4.0,2273669,1.0,1,1,1,4.0,,-1.0, -1,1990.0,B01,138Â 196Â 879,1.0,0.0,-1.0,1735360,1.0,10,,0.0,2.0,3.0,B01,138Â 196Â 879,1.0
1016615,201900058146,3,26,09:15,1,2,2,1.0,3.0,17300,JOURDAN   RUE,M,"46,1644300"," -1,1617500",17,2019,50.0,1.0,1.0,4.0,2273669,1.0,1,1,1,4.0,,-1.0, -1,1990.0,B01,138Â 196Â 879,1.0,0.0,-1.0,1735361,2.0,1,,0.0,2.0,3.0,A01,138Â 196Â 880,5.0
1016615,201900058146,3,26,09:15,1,2,2,1.0,3.0,17300,JOURDAN   RUE,M,"46,1644300"," -1,1617500",17,2019,50.0,1.0,1.0,4.0,2273670,1.0,1,4,2,1.0,,-1.0, -1,1994.0,A01,138Â 196Â 880,8.0,0.0,-1.0,1735360,1.0,10,,0.0,2.0,3.0,B01,138Â 196Â 879,1.0
1016615,201900058146,3,26,09:15,1,2,2,1.0,3.0,17300,JOURDAN   RUE,M,"46,1644300"," -1,1617500",17,2019,50.0,1.0,1.0,4.0,2273670,1.0,1,4,2,1.0,,-1.0, -1,1994.0,A01,138Â 196Â 880,8.0,0.0,-1.0,1735361,2.0,1,,0.0,2.0,3.0,A01,138Â 196Â 880,5.0
1016616,201900058147,8,17,03:12,3,1,1,1.0,7.0,97611,passamanty-VahibÃ© ( route ),M," -12,7877200","45,1678000",976,2019,70.0,1.0,1.0,3.0,2273671,5.0,2,4,1,0.0,,-1.0,0,1985.0,A01,138Â 196Â 877,1.0,8.0,-1.0,1735362,2.0,7,,6.0,0.0,1.0,A01,138Â 196Â 877,1.0
1016616,201900058147,8,17,03:12,3,1,1,1.0,7.0,97611,passamanty-VahibÃ© ( route ),M," -12,7877200","45,1678000",976,2019,70.0,1.0,1.0,3.0,2273672,2.0,2,4,1,0.0,,-1.0,0,2003.0,A01,138Â 196Â 877,1.0,8.0,-1.0,1735362,2.0,7,,6.0,0.0,1.0,A01,138Â 196Â 877,1.0
1016616,201900058147,8,17,03:12,3,1,1,1.0,7.0,97611,passamanty-VahibÃ© ( route ),M," -12,7877200","45,1678000",976,2019,70.0,1.0,1.0,3.0,2273673,3.0,2,4,1,0.0,,-1.0,0,2001.0,A01,138Â 196Â 877,1.0,0.0,-1.0,1735362,2.0,7,,6.0,0.0,1.0,A01,138Â 196Â 877,1.0
1016616,201900058147,8,17,03:12,3,1,1,1.0,7.0,97611,passamanty-VahibÃ© ( route ),M," -12,7877200","45,1678000",976,2019,70.0,1.0,1.0,3.0,2273674,2.0,2,4,1,0.0,,-1.0,0,1994.0,A01,138Â 196Â 877,1.0,8.0,-1.0,1735362,2.0,7,,6.0,0.0,1.0,A01,138Â 196Â 877,1.0
1016617,201900058148,8,15,22:35,5,2,1,1.0,2.0,97611,doujani-CarriÃ¨re ( rue de la ),M," -12,7945100","45,2117700",976,2019,50.0,1.0,1.0,4.0,2273675,1.0,1,4,1,0.0,,-1.0,0,1997.0,A01,138Â 196Â 874,2.0,8.0,-1.0,1735363,1.0,7,,0.0,2.0,6.0,B01,138Â 196Â 873,1.0
1016617,201900058148,8,15,22:35,5,2,1,1.0,2.0,97611,doujani-CarriÃ¨re ( rue de la ),M," -12,7945100","45,2117700",976,2019,50.0,1.0,1.0,4.0,2273675,1.0,1,4,1,0.0,,-1.0,0,1997.0,A01,138Â 196Â 874,2.0,8.0,-1.0,1735364,1.0,30,,1.0,0.0,1.0,A01,138Â 196Â 874,1.0
1016618,201900058149,10,24,19:45,5,2,1,1.0,3.0,83137,BRIAND (AVE ARISTIDE),M,"43,1274900","5,9051700",83,2019,50.0,1.0,1.0,4.0,2273676,1.0,1,4,1,0.0,,-1.0,0,1993.0,B01,138Â 196Â 886,2.0,6.0,-1.0,1735365,2.0,32,,0.0,2.0,1.0,B01,138Â 196Â 886,1.0
1016618,201900058149,10,24,19:45,5,2,1,1.0,3.0,83137,BRIAND (AVE ARISTIDE),M,"43,1274900","5,9051700",83,2019,50.0,1.0,1.0,4.0,2273676,1.0,1,4,1,0.0,,-1.0,0,1993.0,B01,138Â 196Â 886,2.0,6.0,-1.0,1735366,1.0,10,,0.0,2.0,2.0,A01,138Â 196Â 903,1.0
1016618,201900058149,10,24,19:45,5,2,1,1.0,3.0,83137,BRIAND (AVE ARISTIDE),M,"43,1274900","5,9051700",83,2019,50.0,1.0,1.0,4.0,2273677,1.0,1,1,1,0.0,,-1.0,0,1959.0,A01,138Â 196Â 903,8.0,0.0,-1.0,1735365,2.0,32,,0.0,2.0,1.0,B01,138Â 196Â 886,1.0
1016618,201900058149,10,24,19:45,5,2,1,1.0,3.0,83137,BRIAND (AVE ARISTIDE),M,"43,1274900","5,9051700",83,2019,50.0,1.0,1.0,4.0,2273677,1.0,1,1,1,0.0,,-1.0,0,1959.0,A01,138Â 196Â 903,8.0,0.0,-1.0,1735366,1.0,10,,0.0,2.0,2.0,A01,138Â 196Â 903,1.0
1016619,201900058150,5,18,19:30,1,1,1,2.0,1.0,01403,D19,M,"45,8143465","5,4507583",1,2019,80.0,8.0,2.0,3.0,2273678,1.0,1,3,1,0.0,,0.0,0,1994.0,A01,138Â 196Â 885,8.0,-1.0,-1.0,1735367,1.0,7,,2.0,0.0,1.0,A01,138Â 196Â 885,0.0
1016619,201900058150,5,18,19:30,1,1,1,2.0,1.0,01403,D19,M,"45,8143465","5,4507583",1,2019,80.0,8.0,2.0,3.0,2273678,1.0,1,3,1,0.0,,0.0,0,1994.0,A01,138Â 196Â 885,8.0,-1.0,-1.0,1735368,2.0,7,,0.0,2.0,0.0,B01,138Â 196Â 899,0.0
1016619,201900058150,5,18,19:30,1,1,1,2.0,1.0,01403,D19,M,"45,8143465","5,4507583",1,2019,80.0,8.0,2.0,3.0,2273679,2.0,2,4,1,0.0,,0.0,0,1994.0,A01,138Â 196Â 885,8.0,-1.0,-1.0,1735367,1.0,7,,2.0,0.0,1.0,A01,138Â 196Â 885,0.0
1016619,201900058150,5,18,19:30,1,1,1,2.0,1.0,01403,D19,M,"45,8143465","5,4507583",1,2019,80.0,8.0,2.0,3.0,2273679,2.0,2,4,1,0.0,,0.0,0,1994.0,A01,138Â 196Â 885,8.0,-1.0,-1.0,1735368,2.0,7,,0.0,2.0,0.0,B01,138Â 196Â 899,0.0
1016620,201900058151,10,21,08:20,1,2,1,3.0,6.0,83069,AGREVE  (AVENUE JEAN),M,"43,0820600","6,1539900",83,2019,50.0,1.0,2.0,4.0,2273680,10.0,3,4,2,1.0,,4.0,3,2001.0,A01,138Â 196Â 870,8.0,0.0,-1.0,1735369,3.0,7,,0.0,1.0,1.0,A01,138Â 196Â 870,1.0
1016620,201900058151,10,21,08:20,1,2,1,3.0,6.0,83069,AGREVE  (AVENUE JEAN),M,"43,0820600","6,1539900",83,2019,50.0,1.0,2.0,4.0,2273681,1.0,1,1,1,5.0,,-1.0,0,1950.0,A01,138Â 196Â 870,8.0,0.0,-1.0,1735369,3.0,7,,0.0,1.0,1.0,A01,138Â 196Â 870,1.0