Unnamed: 0_x,num_acc,mois,jour,hrmn,lum,agg,int,atm,col,com,adr,gps,lat,long,dep,annee,vma,situ,surf,catr,Unnamed: 0_y,place,catu,grav,sexe,trajet,secu,locp,actp,an_nais,num_veh_x,id_vehicule_x,secu1,secu2,secu3,Unnamed: 0,senc,catv,occutc,obs,obsm,choc,num_veh_y,id_vehicule_y,motor
1016621,201900058152,8,15,02:00,3,1,1,1.0,2.0,97611,kaweni-Kaweni nord ( Z I ),M," -12,7578400","45,2323200",976,2019,50.0,1.0,1.0,2.0,2273682,1.0,1,1,1,0.0,,-1.0,0,1998.0,B01,138Â 196Â 871,1.0,8.0,-1.0,1735370,1.0,7,,0.0,2.0,4.0,B01,138Â 196Â 871,1.0
1016621,201900058152,8,15,02:00,3,1,1,1.0,2.0,97611,kaweni-Kaweni nord ( Z I ),M," -12,7578400","45,2323200",976,2019,50.0,1.0,1.0,2.0,2273682,1.0,1,1,1,0.0,,-1.0,0,1998.0,B01,138Â 196Â 871,1.0,8.0,-1.0,1735371,1.0,7,,0.0,2.0,1.0,A01,138Â 196Â 872,1.0
1016621,201900058152,8,15,02:00,3,1,1,1.0,2.0,97611,kaweni-Kaweni nord ( Z I ),M," -12,7578400","45,2323200",976,2019,50.0,1.0,1.0,2.0,2273683,2.0,2,4,2,0.0,,-1.0,0,2001.0,A01,138Â 196Â 872,1.0,8.0,-1.0,1735370,1.0,7,,0.0,2.0,4.0,B01,138Â 196Â 871,1.0
1016621,201900058152,8,15,02:00,3,1,1,1.0,2.0,97611,kaweni-Kaweni nord ( Z I ),M," -12,7578400","45,2323200",976,2019,50.0,1.0,1.0,2.0,2273683,2.0,2,4,2,0.0,,-1.0,0,2001.0,A01,138Â 196Â 872,1.0,8.0,-1.0,1735371,1.0,7,,0.0,2.0,1.0,A01,138Â 196Â 872,1.0
1016621,201900058152,8,15,02:00,3,1,1,1.0,2.0,97611,kaweni-Kaweni nord ( Z I ),M," -12,7578400","45,2323200",976,2019,50.0,1.0,1.0,2.0,2273684,1.0,1,1,1,0.0,,-1.0,0,1994.0,A01,138Â 196Â 872,1.0,0.0,-1.0,1735370,1.0,7,,0.0,2.0,4.0,B01,138Â 196Â 871,1.0
1016621,201900058152,8,15,02:00,3,1,1,1.0,2.0,97611,kaweni-Kaweni nord ( Z I ),M," -12,7578400","45,2323200",976,2019,50.0,1.0,1.0,2.0,2273684,1.0,1,1,1,0.0,,-1.0,0,1994.0,A01,138Â 196Â 872,1.0,0.0,-1.0,1735371,1.0,7,,0.0,2.0,1.0,A01,138Â 196Â 872,1.0
1016622,201900058153,3,26,07:45,1,2,1,1.0,6.0,17300,FORBIN   COURS,M,"46,1655390"," -1,1775580",17,2019,50.0,1.0,1.0,4.0,2273685,1.0,1,1,1,1.0,,-1.0, -1,1951.0,A01,138Â 196Â 875,1.0,8.0,-1.0,1735372,2.0,7,,0.0,1.0,1.0,A01,138Â 196Â 875,1.0
1016622,201900058153,3,26,07:45,1,2,1,1.0,6.0,17300,FORBIN   COURS,M,"46,1655390"," -1,1775580",17,2019,50.0,1.0,1.0,4.0,2273686,10.0,3,3,2,2.0,,3.0,3,2005.0,A01,138Â 196Â 875,0.0,0.0,-1.0,1735372,2.0,7,,0.0,1.0,1.0,A01,138Â 196Â 875,1.0
1016622,201900058153,3,26,07:45,1,2,1,1.0,6.0,17300,FORBIN   COURS,M,"46,1655390"," -1,1775580",17,2019,50.0,1.0,1.0,4.0,2273687,10.0,3,3,2,2.0,,3.0,3,2014.0,A01,138Â 196Â 875,0.0,0.0,-1.0,1735372,2.0,7,,0.0,1.0,1.0,A01,138Â 196Â 875,1.0
1016623,201900058154,5,10,11:30,1,2,1,1.0,7.0,01386,Rue Bonne Fontaine,M,"45,8856660","5,3504950",1,2019,-1.0,8.0,6.0,9.0,2273688,1.0,1,1,1,5.0,,0.0,0,2001.0,A01,138Â 196Â 868,2.0,6.0,-1.0,1735373,3.0,33,,0.0,0.0,0.0,A01,138Â 196Â 868,1.0
1016623,201900058154,5,10,11:30,1,2,1,1.0,7.0,01386,Rue Bonne Fontaine,M,"45,8856660","5,3504950",1,2019,-1.0,8.0,6.0,9.0,2273689,2.0,2,4,2,5.0,,0.0,0,2003.0,A01,138Â 196Â 868,2.0,-1.0,-1.0,1735373,3.0,33,,0.0,0.0,0.0,A01,138Â 196Â 868,1.0
1016624,201900058155,2,16,19:55,3,1,2,1.0,3.0,33420,D670E5 / D243E2,M,"44,8630900"," -0,1344100",33,2019,80.0,1.0,1.0,3.0,2273690,1.0,1,4,1,1.0,,0.0,0,1963.0,B01,138Â 196Â 876,1.0,-1.0,-1.0,1735374,1.0,7,,0.0,2.0,1.0,B01,138Â 196Â 876,1.0
1016624,201900058155,2,16,19:55,3,1,2,1.0,3.0,33420,D670E5 / D243E2,M,"44,8630900"," -0,1344100",33,2019,80.0,1.0,1.0,3.0,2273690,1.0,1,4,1,1.0,,0.0,0,1963.0,B01,138Â 196Â 876,1.0,-1.0,-1.0,1735375,2.0,7,,0.0,2.0,7.0,A01,138Â 196Â 878,1.0
1016624,201900058155,2,16,19:55,3,1,2,1.0,3.0,33420,D670E5 / D243E2,M,"44,8630900"," -0,1344100",33,2019,80.0,1.0,1.0,3.0,2273691,3.0,2,2,2,5.0,,0.0,0,1977.0,A01,138Â 196Â 878,1.0,-1.0,-1.0,1735374,1.0,7,,0.0,2.0,1.0,B01,138Â 196Â 876,1.0
1016624,201900058155,2,16,19:55,3,1,2,1.0,3.0,33420,D670E5 / D243E2,M,"44,8630900"," -0,1344100",33,2019,80.0,1.0,1.0,3.0,2273691,3.0,2,2,2,5.0,,0.0,0,1977.0,A01,138Â 196Â 878,1.0,-1.0,-1.0,1735375,2.0,7,,0.0,2.0,7.0,A01,138Â 196Â 878,1.0
1016624,201900058155,2,16,19:55,3,1,2,1.0,3.0,33420,D670E5 / D243E2,M,"44,8630900"," -0,1344100",33,2019,80.0,1.0,1.0,3.0,2273692,1.0,1,3,1,5.0,,0.0,0,1947.0,A01,138Â 196Â 878,1.0,-1.0,-1.0,1735374,1.0,7,,0.0,2.0,1.0,B01,138Â 196Â 876,1.0
1016624,201900058155,2,16,19:55,3,1,2,1.0,3.0,33420,D670E5 / D243E2,M,"44,8630900"," -0,1344100",33,2019,80.0,1.0,1.0,3.0,2273692,1.0,1,3,1,5.0,,0.0,0,1947.0,A01,138Â 196Â 878,1.0,-1.0,-1.0,1735375,2.0,7,,0.0,2.0,7.0,A01,138Â 196Â 878,1.0
1016624,201900058155,2,16,19:55,3,1,2,1.0,3.0,33420,D670E5 / D243E2,M,"44,8630900"," -0,1344100",33,2019,80.0,1.0,1.0,3.0,2273693,2.0,2,2,1,5.0,,0.0,0,1977.0,A01,138Â 196Â 878,1.0,-1.0,-1.0,1735374,1.0,7,,0.0,2.0,1.0,B01,138Â 196Â 876,1.0
1016624,201900058155,2,16,19:55,3,1,2,1.0,3.0,33420,D670E5 / D243E2,M,"44,8630900"," -0,1344100",33,2019,80.0,1.0,1.0,3.0,2273693,2.0,2,2,1,5.0,,0.0,0,1977.0,A01,138Â 196Â 878,1.0,-1.0,-1.0,1735375,2.0,7,,0.0,2.0,7.0,A01,138Â 196Â 878,1.0
1016625,201900058156,3,26,17:45,1,2,1,1.0,3.0,17449,AUNIS AVENUE D',M,"45,9485000"," -0,9151300",17,2019,50.0,1.0,1.0,4.0,2273694,1.0,1,1,2,1.0,,-1.0, -1,1966.0,A01,138Â 196Â 861,1.0,8.0,-1.0,1735376,3.0,7,,0.0,2.0,8.0,A01,138Â 196Â 861,1.0
1016625,201900058156,3,26,17:45,1,2,1,1.0,3.0,17449,AUNIS AVENUE D',M,"45,9485000"," -0,9151300",17,2019,50.0,1.0,1.0,4.0,2273694,1.0,1,1,2,1.0,,-1.0, -1,1966.0,A01,138Â 196Â 861,1.0,8.0,-1.0,1735377,2.0,33,,0.0,2.0,1.0,B01,138Â 196Â 863,1.0
1016625,201900058156,3,26,17:45,1,2,1,1.0,3.0,17449,AUNIS AVENUE D',M,"45,9485000"," -0,9151300",17,2019,50.0,1.0,1.0,4.0,2273695,1.0,1,4,1,5.0,,-1.0, -1,1966.0,B01,138Â 196Â 863,2.0,8.0,-1.0,1735376,3.0,7,,0.0,2.0,8.0,A01,138Â 196Â 861,1.0
1016625,201900058156,3,26,17:45,1,2,1,1.0,3.0,17449,AUNIS AVENUE D',M,"45,9485000"," -0,9151300",17,2019,50.0,1.0,1.0,4.0,2273695,1.0,1,4,1,5.0,,-1.0, -1,1966.0,B01,138Â 196Â 863,2.0,8.0,-1.0,1735377,2.0,33,,0.0,2.0,1.0,B01,138Â 196Â 863,1.0
1016626,201900058157,9,20,20:30,3,1,3,1.0,3.0,97410,Chemin Furcy Pitou,M," -21,0143360","55,6871550",974,2019,90.0,1.0,1.0,4.0,2273696,1.0,1,3,1,9.0,,0.0,0,1981.0,B01,138Â 196Â 869,2.0,-1.0,-1.0,1735378,0.0,2,,0.0,2.0,1.0,B01,138Â 196Â 869,1.0
1016626,201900058157,9,20,20:30,3,1,3,1.0,3.0,97410,Chemin Furcy Pitou,M," -21,0143360","55,6871550",974,2019,90.0,1.0,1.0,4.0,2273696,1.0,1,3,1,9.0,,0.0,0,1981.0,B01,138Â 196Â 869,2.0,-1.0,-1.0,1735379,3.0,7,,0.0,2.0,7.0,A01,138Â 196Â 884,1.0
1016626,201900058157,9,20,20:30,3,1,3,1.0,3.0,97410,Chemin Furcy Pitou,M," -21,0143360","55,6871550",974,2019,90.0,1.0,1.0,4.0,2273697,1.0,1,1,1,5.0,,0.0,0,1995.0,A01,138Â 196Â 884,1.0,-1.0,-1.0,1735378,0.0,2,,0.0,2.0,1.0,B01,138Â 196Â 869,1.0
1016626,201900058157,9,20,20:30,3,1,3,1.0,3.0,97410,Chemin Furcy Pitou,M," -21,0143360","55,6871550",974,2019,90.0,1.0,1.0,4.0,2273697,1.0,1,1,1,5.0,,0.0,0,1995.0,A01,138Â 196Â 884,1.0,-1.0,-1.0,1735379,3.0,7,,0.0,2.0,7.0,A01,138Â 196Â 884,1.0
1016627,201900058158,10,22,07:35,2,2,6,1.0,3.0,78158,VERSAILLES (RUE DE),M,"48,8224550","2,1274480",78,2019,50.0,1.0,1.0,4.0,2273698,1.0,1,4,1,1.0,,-1.0, -1,1968.0,B01,138Â 196Â 865,8.0,0.0,-1.0,1735380,3.0,1,,0.0,2.0,0.0,B01,138Â 196Â 865,0.0
1016627,201900058158,10,22,07:35,2,2,6,1.0,3.0,78158,VERSAILLES (RUE DE),M,"48,8224550","2,1274480",78,2019,50.0,1.0,1.0,4.0,2273698,1.0,1,4,1,1.0,,-1.0, -1,1968.0,B01,138Â 196Â 865,8.0,0.0,-1.0,1735381,3.0,7,,0.0,2.0,1.0,A01,138Â 196Â 867,1.0
1016627,201900058158,10,22,07:35,2,2,6,1.0,3.0,78158,VERSAILLES (RUE DE),M,"48,8224550","2,1274480",78,2019,50.0,1.0,1.0,4.0,2273699,1.0,1,1,2,5.0,,-1.0, -1,1933.0,A01,138Â 196Â 867,1.0,0.0,-1.0,1735380,3.0,1,,0.0,2.0,0.0,B01,138Â 196Â 865,0.0
1016627,201900058158,10,22,07:35,2,2,6,1.0,3.0,78158,VERSAILLES (RUE DE),M,"48,8224550","2,1274480",78,2019,50.0,1.0,1.0,4.0,2273699,1.0,1,1,2,5.0,,-1.0, -1,1933.0,A01,138Â 196Â 867,1.0,0.0,-1.0,1735381,3.0,7,,0.0,2.0,1.0,A01,138Â 196Â 867,1.0
1016628,201900058159,5,30,16:50,1,2,1,1.0,6.0,01191,rue de la levÃ©e,M,"46,0378750","5,5256480",1,2019,50.0,1.0,1.0,4.0,2273700,1.0,1,4,1,5.0,,0.0,0,2004.0,B01,138Â 196Â 860,2.0,-1.0,-1.0,1735382,3.0,2,,0.0,2.0,3.0,B01,138Â 196Â 860,1.0
1016628,201900058159,5,30,16:50,1,2,1,1.0,6.0,01191,rue de la levÃ©e,M,"46,0378750","5,5256480",1,2019,50.0,1.0,1.0,4.0,2273700,1.0,1,4,1,5.0,,0.0,0,2004.0,B01,138Â 196Â 860,2.0,-1.0,-1.0,1735383,3.0,31,,0.0,2.0,3.0,A01,138Â 196Â 862,1.0
1016628,201900058159,5,30,16:50,1,2,1,1.0,6.0,01191,rue de la levÃ©e,M,"46,0378750","5,5256480",1,2019,50.0,1.0,1.0,4.0,2273701,1.0,1,3,1,5.0,,0.0,0,2005.0,A01,138Â 196Â 862,2.0,6.0,9.0,1735382,3.0,2,,0.0,2.0,3.0,B01,138Â 196Â 860,1.0
1016628,201900058159,5,30,16:50,1,2,1,1.0,6.0,01191,rue de la levÃ©e,M,"46,0378750","5,5256480",1,2019,50.0,1.0,1.0,4.0,2273701,1.0,1,3,1,5.0,,0.0,0,2005.0,A01,138Â 196Â 862,2.0,6.0,9.0,1735383,3.0,31,,0.0,2.0,3.0,A01,138Â 196Â 862,1.0
1016629,201900058160,8,13,11:40,1,2,1,1.0,3.0,97611,kaweni-Geole ( rue de la ),M," -12,7694300","45,2240400",976,2019,50.0,1.0,1.0,2.0,2273702,2.0,2,4,2,0.0,,-1.0,0,1998.0,B01,138Â 196Â 864,2.0,8.0,-1.0,1735384,2.0,30,,0.0,2.0,1.0,B01,138Â 196Â 864,0.0
1016629,201900058160,8,13,11:40,1,2,1,1.0,3.0,97611,kaweni-Geole ( rue de la ),M," -12,7694300","45,2240400",976,2019,50.0,1.0,1.0,2.0,2273702,2.0,2,4,2,0.0,,-1.0,0,1998.0,B01,138Â 196Â 864,2.0,8.0,-1.0,1735385,1.0,34,,0.0,2.0,7.0,A01,138Â 196Â 866,1.0
1016629,201900058160,8,13,11:40,1,2,1,1.0,3.0,97611,kaweni-Geole ( rue de la ),M," -12,7694300","45,2240400",976,2019,50.0,1.0,1.0,2.0,2273703,1.0,1,1,1,0.0,,-1.0,0,1990.0,B01,138Â 196Â 864,2.0,8.0,-1.0,1735384,2.0,30,,0.0,2.0,1.0,B01,138Â 196Â 864,0.0
1016629,201900058160,8,13,11:40,1,2,1,1.0,3.0,97611,kaweni-Geole ( rue de la ),M," -12,7694300","45,2240400",976,2019,50.0,1.0,1.0,2.0,2273703,1.0,1,1,1,0.0,,-1.0,0,1990.0,B01,138Â 196Â 864,2.0,8.0,-1.0,1735385,1.0,34,,0.0,2.0,7.0,A01,138Â 196Â 866,1.0
1016629,201900058160,8,13,11:40,1,2,1,1.0,3.0,97611,kaweni-Geole ( rue de la ),M," -12,7694300","45,2240400",976,2019,50.0,1.0,1.0,2.0,2273704,1.0,1,4,1,0.0,,-1.0,0,1994.0,A01,138Â 196Â 866,2.0,8.0,-1.0,1735384,2.0,30,,0.0,2.0,1.0,B01,138Â 196Â 864,0.0
1016629,201900058160,8,13,11:40,1,2,1,1.0,3.0,97611,kaweni-Geole ( rue de la ),M," -12,7694300","45,2240400",976,2019,50.0,1.0,1.0,2.0,2273704,1.0,1,4,1,0.0,,-1.0,0,1994.0,A01,138Â 196Â 866,2.0,8.0,-1.0,1735385,1.0,34,,0.0,2.0,7.0,A01,138Â 196Â 866,1.0
1016630,201900058161,2,15,08:15,2,1,1,4.0,7.0,71014,D46,M,"46,9399160","4,2755270",71,2019,80.0,3.0,7.0,3.0,2273705,1.0,1,3,2,1.0,,0.0,0,1973.0,A01,138Â 196Â 859,1.0,-1.0,-1.0,1735386,2.0,7,,0.0,0.0,9.0,A01,138Â 196Â 859,1.0
1016631,201900058162,2,15,06:45,2,1,1,1.0,7.0,71014,DÃ©partementale 46,M,"46,9419740","4,2786920",71,2019,80.0,3.0,7.0,3.0,2273706,1.0,1,4,2,0.0,,0.0,0,1992.0,A01,138Â 196Â 855,1.0,-1.0,-1.0,1735387,1.0,7,,16.0,0.0,9.0,A01,138Â 196Â 855,1.0
1016632,201900058163,3,26,09:25,1,2,1,7.0,6.0,14118,JUILLET (QUAI DE),M,"49,1780300"," -0,3535900",14,2019,50.0,1.0,1.0,4.0,2273707,1.0,1,1,1,0.0,,0.0,0,1968.0,F01,138Â 196Â 854,1.0,-1.0,-1.0,1735388,1.0,7,,0.0,2.0,1.0,F01,138Â 196Â 854,1.0
1016632,201900058163,3,26,09:25,1,2,1,7.0,6.0,14118,JUILLET (QUAI DE),M,"49,1780300"," -0,3535900",14,2019,50.0,1.0,1.0,4.0,2273707,1.0,1,1,1,0.0,,0.0,0,1968.0,F01,138Â 196Â 854,1.0,-1.0,-1.0,1735389,1.0,7,,0.0,2.0,9.0,G01,138Â 196Â 856,-1.0
1016632,201900058163,3,26,09:25,1,2,1,7.0,6.0,14118,JUILLET (QUAI DE),M,"49,1780300"," -0,3535900",14,2019,50.0,1.0,1.0,4.0,2273708,1.0,1,4,1,0.0,,-1.0, -1,1958.0,G01,138Â 196Â 856,1.0,-1.0,-1.0,1735388,1.0,7,,0.0,2.0,1.0,F01,138Â 196Â 854,1.0
1016632,201900058163,3,26,09:25,1,2,1,7.0,6.0,14118,JUILLET (QUAI DE),M,"49,1780300"," -0,3535900",14,2019,50.0,1.0,1.0,4.0,2273708,1.0,1,4,1,0.0,,-1.0, -1,1958.0,G01,138Â 196Â 856,1.0,-1.0,-1.0,1735389,1.0,7,,0.0,2.0,9.0,G01,138Â 196Â 856,-1.0
1016633,201900058164,2,17,06:12,3,1,1,1.0,7.0,71264,Etang Vieux,M,"46,4540220","4,6680240",71,2019,-1.0,8.0,1.0,3.0,2273709,7.0,2,4,1,5.0,,0.0,0,1999.0,A01,138Â 196Â 853,8.0,-1.0,-1.0,1735390,1.0,7,,0.0,0.0,9.0,A01,138Â 196Â 853,1.0
1016633,201900058164,2,17,06:12,3,1,1,1.0,7.0,71264,Etang Vieux,M,"46,4540220","4,6680240",71,2019,-1.0,8.0,1.0,3.0,2273710,1.0,1,4,2,5.0,,0.0,0,2000.0,A01,138Â 196Â 853,8.0,-1.0,-1.0,1735390,1.0,7,,0.0,0.0,9.0,A01,138Â 196Â 853,1.0
1016633,201900058164,2,17,06:12,3,1,1,1.0,7.0,71264,Etang Vieux,M,"46,4540220","4,6680240",71,2019,-1.0,8.0,1.0,3.0,2273711,2.0,2,2,1,5.0,,0.0,0,2000.0,A01,138Â 196Â 853,8.0,-1.0,-1.0,1735390,1.0,7,,0.0,0.0,9.0,A01,138Â 196Â 853,1.0
1016634,201900058165,3,26,19:30,5,2,1,1.0,3.0,13214,SAINTE MARTHE (chemin),M,"43,3216830","5,3894810",13,2019,50.0,1.0,1.0,4.0,2273712,1.0,1,4,1,4.0,,-1.0,0,1972.0,A01,138Â 196Â 851,2.0,0.0,-1.0,1735391,0.0,31,,0.0,1.0,1.0,A01,138Â 196Â 851,0.0
1016634,201900058165,3,26,19:30,5,2,1,1.0,3.0,13214,SAINTE MARTHE (chemin),M,"43,3216830","5,3894810",13,2019,50.0,1.0,1.0,4.0,2273712,1.0,1,4,1,4.0,,-1.0,0,1972.0,A01,138Â 196Â 851,2.0,0.0,-1.0,1735392,0.0,10,,0.0,1.0,3.0,B01,138Â 196Â 852,1.0
1016634,201900058165,3,26,19:30,5,2,1,1.0,3.0,13214,SAINTE MARTHE (chemin),M,"43,3216830","5,3894810",13,2019,50.0,1.0,1.0,4.0,2273713,1.0,1,1,2,5.0,,-1.0,0,1959.0,B01,138Â 196Â 852,1.0,0.0,-1.0,1735391,0.0,31,,0.0,1.0,1.0,A01,138Â 196Â 851,0.0
1016634,201900058165,3,26,19:30,5,2,1,1.0,3.0,13214,SAINTE MARTHE (chemin),M,"43,3216830","5,3894810",13,2019,50.0,1.0,1.0,4.0,2273713,1.0,1,1,2,5.0,,-1.0,0,1959.0,B01,138Â 196Â 852,1.0,0.0,-1.0,1735392,0.0,10,,0.0,1.0,3.0,B01,138Â 196Â 852,1.0
1016635,201900058166,2,16,09:12,1,2,3,7.0,6.0,89025,Avenue de la rÃ©publique,M,"47,4889510","3,8993390",89,2019,50.0,1.0,1.0,4.0,2273714,1.0,1,1,1,3.0,,0.0,0,1958.0,A01,138Â 196Â 850,1.0,-1.0,-1.0,1735393,0.0,7,,0.0,1.0,5.0,A01,138Â 196Â 850,1.0
1016635,201900058166,2,16,09:12,1,2,3,7.0,6.0,89025,Avenue de la rÃ©publique,M,"47,4889510","3,8993390",89,2019,50.0,1.0,1.0,4.0,2273715,10.0,3,3,2,3.0,,2.0,3,1955.0,A01,138Â 196Â 850,8.0,-1.0,-1.0,1735393,0.0,7,,0.0,1.0,5.0,A01,138Â 196Â 850,1.0
1016636,201900058167,5,11,18:00,1,2,9,8.0,3.0,69077,Route de la Plaigne,M,"46,1554010","4,7720270",69,2019,70.0,1.0,2.0,4.0,2273716,1.0,1,4,1,5.0,,0.0,0,2004.0,B01,138Â 196Â 849,2.0,6.0,-1.0,1735394,2.0,2,,0.0,2.0,1.0,B01,138Â 196Â 849,1.0
1016636,201900058167,5,11,18:00,1,2,9,8.0,3.0,69077,Route de la Plaigne,M,"46,1554010","4,7720270",69,2019,70.0,1.0,2.0,4.0,2273716,1.0,1,4,1,5.0,,0.0,0,2004.0,B01,138Â 196Â 849,2.0,6.0,-1.0,1735395,1.0,7,,0.0,2.0,8.0,A01,138Â 196Â 858,1.0
1016636,201900058167,5,11,18:00,1,2,9,8.0,3.0,69077,Route de la Plaigne,M,"46,1554010","4,7720270",69,2019,70.0,1.0,2.0,4.0,2273717,1.0,1,1,1,5.0,,0.0,0,1950.0,A01,138Â 196Â 858,1.0,-1.0,-1.0,1735394,2.0,2,,0.0,2.0,1.0,B01,138Â 196Â 849,1.0
1016636,201900058167,5,11,18:00,1,2,9,8.0,3.0,69077,Route de la Plaigne,M,"46,1554010","4,7720270",69,2019,70.0,1.0,2.0,4.0,2273717,1.0,1,1,1,5.0,,0.0,0,1950.0,A01,138Â 196Â 858,1.0,-1.0,-1.0,1735395,1.0,7,,0.0,2.0,8.0,A01,138Â 196Â 858,1.0
1016637,201900058168,9,22,18:30,1,2,3,1.0,3.0,57577,Rue de Lemberg,M,"49,0324180","7,4085590",57,2019,50.0,1.0,1.0,3.0,2273718,1.0,1,1,1,5.0,,0.0,0,1942.0,A01,138Â 196Â 847,1.0,-1.0,-1.0,1735396,1.0,7,,7.0,2.0,1.0,A01,138Â 196Â 847,0.0
1016637,201900058168,9,22,18:30,1,2,3,1.0,3.0,57577,Rue de Lemberg,M,"49,0324180","7,4085590",57,2019,50.0,1.0,1.0,3.0,2273718,1.0,1,1,1,5.0,,0.0,0,1942.0,A01,138Â 196Â 847,1.0,-1.0,-1.0,1735397,1.0,31,,7.0,2.0,1.0,B01,138Â 196Â 857,1.0
1016637,201900058168,9,22,18:30,1,2,3,1.0,3.0,57577,Rue de Lemberg,M,"49,0324180","7,4085590",57,2019,50.0,1.0,1.0,3.0,2273719,1.0,1,4,1,5.0,,0.0,0,1977.0,B01,138Â 196Â 857,2.0,6.0,-1.0,1735396,1.0,7,,7.0,2.0,1.0,A01,138Â 196Â 847,0.0
1016637,201900058168,9,22,18:30,1,2,3,1.0,3.0,57577,Rue de Lemberg,M,"49,0324180","7,4085590",57,2019,50.0,1.0,1.0,3.0,2273719,1.0,1,4,1,5.0,,0.0,0,1977.0,B01,138Â 196Â 857,2.0,6.0,-1.0,1735397,1.0,31,,7.0,2.0,1.0,B01,138Â 196Â 857,1.0
1016638,201900058169,3,26,17:45,1,2,1,1.0,6.0,13215,BERANGER (TRAVERSE),M,"43,3723000","5,3450200",13,2019,30.0,1.0,1.0,4.0,2273720,1.0,1,4,2,5.0,,-1.0, -1,1978.0,A01,138Â 196Â 845,1.0,0.0,-1.0,1735398,1.0,7,,0.0,2.0,4.0,Z01,138Â 196Â 844,0.0
1016638,201900058169,3,26,17:45,1,2,1,1.0,6.0,13215,BERANGER (TRAVERSE),M,"43,3723000","5,3450200",13,2019,30.0,1.0,1.0,4.0,2273720,1.0,1,4,2,5.0,,-1.0, -1,1978.0,A01,138Â 196Â 845,1.0,0.0,-1.0,1735399,1.0,7,,0.0,2.0,1.0,A01,138Â 196Â 845,0.0
1016639,201900058170,10,25,01:36,5,2,3,1.0,6.0,77284,D360 X ALLEE ABBAYE NOTRE DAME,M,"48,9543600","2,8792500",77,2019,50.0,4.0,1.0,3.0,2273721,1.0,1,2,1,5.0,,-1.0, -1,1990.0,A01,138Â 196Â 846,1.0,0.0,-1.0,1735400,1.0,7,,6.0,0.0,8.0,A01,138Â 196Â 846,0.0
1016640,201900058171,9,22,15:50,1,1,1,2.0,7.0,51399,ROUTE DE VOUZIERS,M,"49,1242117","4,8499580",51,2019,80.0,1.0,2.0,3.0,2273722,1.0,1,2,1,5.0,,0.0,0,1948.0,A01,138Â 196Â 842,2.0,6.0,9.0,1735401,1.0,33,,0.0,0.0,8.0,A01,138Â 196Â 842,1.0
1016641,201900058172,5,4,21:15,3,1,1,2.0,1.0,69206,d306,M,"46,0610056","4,7225250",69,2019,90.0,1.0,2.0,3.0,2273723,4.0,2,3,1,5.0,,0.0,0,2000.0,A01,138Â 196Â 841,1.0,-1.0,-1.0,1735402,3.0,7,,0.0,2.0,4.0,A01,138Â 196Â 841,6.0
1016641,201900058172,5,4,21:15,3,1,1,2.0,1.0,69206,d306,M,"46,0610056","4,7225250",69,2019,90.0,1.0,2.0,3.0,2273723,4.0,2,3,1,5.0,,0.0,0,2000.0,A01,138Â 196Â 841,1.0,-1.0,-1.0,1735403,3.0,7,,0.0,2.0,2.0,B01,138Â 196Â 843,6.0
1016641,201900058172,5,4,21:15,3,1,1,2.0,1.0,69206,d306,M,"46,0610056","4,7225250",69,2019,90.0,1.0,2.0,3.0,2273724,2.0,2,3,1,5.0,,0.0,0,1961.0,A01,138Â 196Â 841,1.0,-1.0,-1.0,1735402,3.0,7,,0.0,2.0,4.0,A01,138Â 196Â 841,6.0
1016641,201900058172,5,4,21:15,3,1,1,2.0,1.0,69206,d306,M,"46,0610056","4,7225250",69,2019,90.0,1.0,2.0,3.0,2273724,2.0,2,3,1,5.0,,0.0,0,1961.0,A01,138Â 196Â 841,1.0,-1.0,-1.0,1735403,3.0,7,,0.0,2.0,2.0,B01,138Â 196Â 843,6.0
1016641,201900058172,5,4,21:15,3,1,1,2.0,1.0,69206,d306,M,"46,0610056","4,7225250",69,2019,90.0,1.0,2.0,3.0,2273725,3.0,2,3,1,5.0,,0.0,0,1976.0,A01,138Â 196Â 841,1.0,-1.0,-1.0,1735402,3.0,7,,0.0,2.0,4.0,A01,138Â 196Â 841,6.0
1016641,201900058172,5,4,21:15,3,1,1,2.0,1.0,69206,d306,M,"46,0610056","4,7225250",69,2019,90.0,1.0,2.0,3.0,2273725,3.0,2,3,1,5.0,,0.0,0,1976.0,A01,138Â 196Â 841,1.0,-1.0,-1.0,1735403,3.0,7,,0.0,2.0,2.0,B01,138Â 196Â 843,6.0
1016641,201900058172,5,4,21:15,3,1,1,2.0,1.0,69206,d306,M,"46,0610056","4,7225250",69,2019,90.0,1.0,2.0,3.0,2273726,1.0,1,4,1,5.0,,0.0,0,1994.0,A01,138Â 196Â 841,1.0,-1.0,-1.0,1735402,3.0,7,,0.0,2.0,4.0,A01,138Â 196Â 841,6.0
1016641,201900058172,5,4,21:15,3,1,1,2.0,1.0,69206,d306,M,"46,0610056","4,7225250",69,2019,90.0,1.0,2.0,3.0,2273726,1.0,1,4,1,5.0,,0.0,0,1994.0,A01,138Â 196Â 841,1.0,-1.0,-1.0,1735403,3.0,7,,0.0,2.0,2.0,B01,138Â 196Â 843,6.0
1016641,201900058172,5,4,21:15,3,1,1,2.0,1.0,69206,d306,M,"46,0610056","4,7225250",69,2019,90.0,1.0,2.0,3.0,2273727,3.0,2,4,2,5.0,,0.0,0,2014.0,B01,138Â 196Â 843,1.0,-1.0,-1.0,1735402,3.0,7,,0.0,2.0,4.0,A01,138Â 196Â 841,6.0