Unnamed: 0_x,num_acc,mois,jour,hrmn,lum,agg,int,atm,col,com,adr,gps,lat,long,dep,annee,vma,situ,surf,catr,Unnamed: 0_y,place,catu,grav,sexe,trajet,secu,locp,actp,an_nais,num_veh_x,id_vehicule_x,secu1,secu2,secu3,Unnamed: 0,senc,catv,occutc,obs,obsm,choc,num_veh_y,id_vehicule_y,motor
1016641,201900058172,5,4,21:15,3,1,1,2.0,1.0,69206,d306,M,"46,0610056","4,7225250",69,2019,90.0,1.0,2.0,3.0,2273727,3.0,2,4,2,5.0,,0.0,0,2014.0,B01,138Â 196Â 843,1.0,-1.0,-1.0,1735403,3.0,7,,0.0,2.0,2.0,B01,138Â 196Â 843,6.0
1016641,201900058172,5,4,21:15,3,1,1,2.0,1.0,69206,d306,M,"46,0610056","4,7225250",69,2019,90.0,1.0,2.0,3.0,2273728,1.0,1,4,1,5.0,,0.0,0,1962.0,B01,138Â 196Â 843,1.0,-1.0,-1.0,1735402,3.0,7,,0.0,2.0,4.0,A01,138Â 196Â 841,6.0
1016641,201900058172,5,4,21:15,3,1,1,2.0,1.0,69206,d306,M,"46,0610056","4,7225250",69,2019,90.0,1.0,2.0,3.0,2273728,1.0,1,4,1,5.0,,0.0,0,1962.0,B01,138Â 196Â 843,1.0,-1.0,-1.0,1735403,3.0,7,,0.0,2.0,2.0,B01,138Â 196Â 843,6.0
1016641,201900058172,5,4,21:15,3,1,1,2.0,1.0,69206,d306,M,"46,0610056","4,7225250",69,2019,90.0,1.0,2.0,3.0,2273729,2.0,2,4,2,5.0,,0.0,0,1963.0,B01,138Â 196Â 843,1.0,-1.0,-1.0,1735402,3.0,7,,0.0,2.0,4.0,A01,138Â 196Â 841,6.0
1016641,201900058172,5,4,21:15,3,1,1,2.0,1.0,69206,d306,M,"46,0610056","4,7225250",69,2019,90.0,1.0,2.0,3.0,2273729,2.0,2,4,2,5.0,,0.0,0,1963.0,B01,138Â 196Â 843,1.0,-1.0,-1.0,1735403,3.0,7,,0.0,2.0,2.0,B01,138Â 196Â 843,6.0
1016642,201900058173,3,26,16:50,1,2,1,1.0,6.0,13209,MICHELET (BOULEVARD),M,"43,2599600","5,3984400",13,2019,50.0,1.0,1.0,7.0,2273730,10.0,3,4,1,2.0,,2.0,3,2006.0,A01,138Â 196Â 840,8.0,0.0,-1.0,1735404,2.0,34,,0.0,1.0,1.0,A01,138Â 196Â 840,1.0
1016642,201900058173,3,26,16:50,1,2,1,1.0,6.0,13209,MICHELET (BOULEVARD),M,"43,2599600","5,3984400",13,2019,50.0,1.0,1.0,7.0,2273731,1.0,1,4,1,4.0,,0.0,0,1952.0,A01,138Â 196Â 840,2.0,6.0,-1.0,1735404,2.0,34,,0.0,1.0,1.0,A01,138Â 196Â 840,1.0
1016643,201900058174,9,20,16:00,1,2,3,1.0,6.0,59229,Rue du Calvaire,M,"50,0452310","4,0240960",59,2019,50.0,1.0,1.0,4.0,2273732,1.0,1,1,2,0.0,,0.0,0,1959.0,B01,138Â 196Â 834,1.0,-1.0,-1.0,1735405,0.0,7,,0.0,0.0,3.0,B01,138Â 196Â 834,6.0
1016643,201900058174,9,20,16:00,1,2,3,1.0,6.0,59229,Rue du Calvaire,M,"50,0452310","4,0240960",59,2019,50.0,1.0,1.0,4.0,2273732,1.0,1,1,2,0.0,,0.0,0,1959.0,B01,138Â 196Â 834,1.0,-1.0,-1.0,1735406,3.0,7,,0.0,1.0,2.0,A01,138Â 196Â 838,6.0
1016643,201900058174,9,20,16:00,1,2,3,1.0,6.0,59229,Rue du Calvaire,M,"50,0452310","4,0240960",59,2019,50.0,1.0,1.0,4.0,2273733,1.0,1,1,1,0.0,,0.0,0,2000.0,A01,138Â 196Â 838,1.0,-1.0,-1.0,1735405,0.0,7,,0.0,0.0,3.0,B01,138Â 196Â 834,6.0
1016643,201900058174,9,20,16:00,1,2,3,1.0,6.0,59229,Rue du Calvaire,M,"50,0452310","4,0240960",59,2019,50.0,1.0,1.0,4.0,2273733,1.0,1,1,1,0.0,,0.0,0,2000.0,A01,138Â 196Â 838,1.0,-1.0,-1.0,1735406,3.0,7,,0.0,1.0,2.0,A01,138Â 196Â 838,6.0
1016643,201900058174,9,20,16:00,1,2,3,1.0,6.0,59229,Rue du Calvaire,M,"50,0452310","4,0240960",59,2019,50.0,1.0,1.0,4.0,2273734,10.0,3,3,1,0.0,,0.0,9,1944.0,A01,138Â 196Â 838,0.0,-1.0,-1.0,1735405,0.0,7,,0.0,0.0,3.0,B01,138Â 196Â 834,6.0
1016643,201900058174,9,20,16:00,1,2,3,1.0,6.0,59229,Rue du Calvaire,M,"50,0452310","4,0240960",59,2019,50.0,1.0,1.0,4.0,2273734,10.0,3,3,1,0.0,,0.0,9,1944.0,A01,138Â 196Â 838,0.0,-1.0,-1.0,1735406,3.0,7,,0.0,1.0,2.0,A01,138Â 196Â 838,6.0
1016644,201900058175,10,23,14:40,1,2,1,1.0,3.0,72181,RUBILLARD AV NÂ° IMP 57 ET >,M,"48,0132600","0,1760200",72,2019,50.0,1.0,1.0,7.0,2273735,1.0,1,4,1,4.0,,0.0,0,1982.0,B01,138Â 196Â 836,2.0,6.0,-1.0,1735407,2.0,33,,0.0,2.0,1.0,B01,138Â 196Â 836,1.0
1016644,201900058175,10,23,14:40,1,2,1,1.0,3.0,72181,RUBILLARD AV NÂ° IMP 57 ET >,M,"48,0132600","0,1760200",72,2019,50.0,1.0,1.0,7.0,2273735,1.0,1,4,1,4.0,,0.0,0,1982.0,B01,138Â 196Â 836,2.0,6.0,-1.0,1735408,0.0,7,,0.0,2.0,3.0,A01,138Â 196Â 839,1.0
1016644,201900058175,10,23,14:40,1,2,1,1.0,3.0,72181,RUBILLARD AV NÂ° IMP 57 ET >,M,"48,0132600","0,1760200",72,2019,50.0,1.0,1.0,7.0,2273736,1.0,1,1,1,0.0,,0.0,0,1954.0,A01,138Â 196Â 839,1.0,0.0,-1.0,1735407,2.0,33,,0.0,2.0,1.0,B01,138Â 196Â 836,1.0
1016644,201900058175,10,23,14:40,1,2,1,1.0,3.0,72181,RUBILLARD AV NÂ° IMP 57 ET >,M,"48,0132600","0,1760200",72,2019,50.0,1.0,1.0,7.0,2273736,1.0,1,1,1,0.0,,0.0,0,1954.0,A01,138Â 196Â 839,1.0,0.0,-1.0,1735408,0.0,7,,0.0,2.0,3.0,A01,138Â 196Â 839,1.0
1016645,201900058176,3,26,13:00,1,2,1,1.0,3.0,13216,BIZET (chemin de),M,"43,3625630","5,3285300",13,2019,50.0,1.0,1.0,4.0,2273737,1.0,1,4,1,1.0,,-1.0,0,1985.0,A01,138Â 196Â 835,1.0,0.0,-1.0,1735409,1.0,7,,0.0,2.0,3.0,Z01,138Â 196Â 832,0.0
1016645,201900058176,3,26,13:00,1,2,1,1.0,3.0,13216,BIZET (chemin de),M,"43,3625630","5,3285300",13,2019,50.0,1.0,1.0,4.0,2273737,1.0,1,4,1,1.0,,-1.0,0,1985.0,A01,138Â 196Â 835,1.0,0.0,-1.0,1735410,2.0,7,,0.0,2.0,3.0,A01,138Â 196Â 835,0.0
1016646,201900058177,5,22,17:20,1,1,4,1.0,3.0,69179,DÃ©partementale 34,M,"45,6039002","4,6907866",69,2019,80.0,1.0,1.0,3.0,2273738,1.0,1,4,1,1.0,,0.0,0,1984.0,B01,138Â 196Â 833,2.0,6.0,-1.0,1735411,2.0,33,,0.0,2.0,0.0,B01,138Â 196Â 833,1.0
1016646,201900058177,5,22,17:20,1,1,4,1.0,3.0,69179,DÃ©partementale 34,M,"45,6039002","4,6907866",69,2019,80.0,1.0,1.0,3.0,2273738,1.0,1,4,1,1.0,,0.0,0,1984.0,B01,138Â 196Â 833,2.0,6.0,-1.0,1735412,0.0,7,,0.0,0.0,6.0,A01,138Â 196Â 837,1.0
1016646,201900058177,5,22,17:20,1,1,4,1.0,3.0,69179,DÃ©partementale 34,M,"45,6039002","4,6907866",69,2019,80.0,1.0,1.0,3.0,2273739,1.0,1,1,2,0.0,,0.0,0,1964.0,A01,138Â 196Â 837,1.0,-1.0,-1.0,1735411,2.0,33,,0.0,2.0,0.0,B01,138Â 196Â 833,1.0
1016646,201900058177,5,22,17:20,1,1,4,1.0,3.0,69179,DÃ©partementale 34,M,"45,6039002","4,6907866",69,2019,80.0,1.0,1.0,3.0,2273739,1.0,1,1,2,0.0,,0.0,0,1964.0,A01,138Â 196Â 837,1.0,-1.0,-1.0,1735412,0.0,7,,0.0,0.0,6.0,A01,138Â 196Â 837,1.0
1016647,201900058178,9,22,06:30,2,2,1,3.0,6.0,2B286,D406,M,"42,4836930","9,4802750",2B,2019,50.0,1.0,2.0,2.0,2273740,1.0,1,4,2,1.0,,0.0,0,2000.0,A01,138Â 196Â 831,8.0,-1.0,-1.0,1735413,1.0,7,,12.0,0.0,4.0,A01,138Â 196Â 831,1.0
1016648,201900058179,3,26,07:25,1,2,1,1.0,3.0,13213,OLIVES (AVENUE DES),M,"43,3264070","5,4386200",13,2019,50.0,1.0,1.0,4.0,2273741,1.0,1,1,1,1.0,,-1.0, -1,1997.0,A01,138Â 196Â 828,8.0,0.0,-1.0,1735414,0.0,7,,0.0,2.0,3.0,A01,138Â 196Â 828,1.0
1016648,201900058179,3,26,07:25,1,2,1,1.0,3.0,13213,OLIVES (AVENUE DES),M,"43,3264070","5,4386200",13,2019,50.0,1.0,1.0,4.0,2273741,1.0,1,1,1,1.0,,-1.0, -1,1997.0,A01,138Â 196Â 828,8.0,0.0,-1.0,1735415,0.0,33,,0.0,2.0,2.0,B01,138Â 196Â 830,1.0
1016648,201900058179,3,26,07:25,1,2,1,1.0,3.0,13213,OLIVES (AVENUE DES),M,"43,3264070","5,4386200",13,2019,50.0,1.0,1.0,4.0,2273742,1.0,1,4,1,1.0,,-1.0, -1,1977.0,B01,138Â 196Â 830,8.0,0.0,-1.0,1735414,0.0,7,,0.0,2.0,3.0,A01,138Â 196Â 828,1.0
1016648,201900058179,3,26,07:25,1,2,1,1.0,3.0,13213,OLIVES (AVENUE DES),M,"43,3264070","5,4386200",13,2019,50.0,1.0,1.0,4.0,2273742,1.0,1,4,1,1.0,,-1.0, -1,1977.0,B01,138Â 196Â 830,8.0,0.0,-1.0,1735415,0.0,33,,0.0,2.0,2.0,B01,138Â 196Â 830,1.0
1016649,201900058180,5,7,12:45,1,1,2,1.0,3.0,69051,403 Chemin de Montplan,M,"45,6502251","4,6477367",69,2019,80.0,1.0,1.0,4.0,2273743,1.0,1,1,1,4.0,,0.0,0,1982.0,A01,138Â 196Â 826,1.0,-1.0,-1.0,1735416,0.0,10,,0.0,0.0,2.0,A01,138Â 196Â 826,0.0
1016649,201900058180,5,7,12:45,1,1,2,1.0,3.0,69051,403 Chemin de Montplan,M,"45,6502251","4,6477367",69,2019,80.0,1.0,1.0,4.0,2273743,1.0,1,1,1,4.0,,0.0,0,1982.0,A01,138Â 196Â 826,1.0,-1.0,-1.0,1735417,0.0,1,,0.0,2.0,1.0,B01,138Â 196Â 827,5.0
1016649,201900058180,5,7,12:45,1,1,2,1.0,3.0,69051,403 Chemin de Montplan,M,"45,6502251","4,6477367",69,2019,80.0,1.0,1.0,4.0,2273744,1.0,1,4,1,5.0,,0.0,0,1983.0,B01,138Â 196Â 827,2.0,6.0,-1.0,1735416,0.0,10,,0.0,0.0,2.0,A01,138Â 196Â 826,0.0
1016649,201900058180,5,7,12:45,1,1,2,1.0,3.0,69051,403 Chemin de Montplan,M,"45,6502251","4,6477367",69,2019,80.0,1.0,1.0,4.0,2273744,1.0,1,4,1,5.0,,0.0,0,1983.0,B01,138Â 196Â 827,2.0,6.0,-1.0,1735417,0.0,1,,0.0,2.0,1.0,B01,138Â 196Â 827,5.0
1016650,201900058181,3,26,18:47,1,1,1,1.0,2.0,13028,CD.559,M,"43,2067000","5,5844800",13,2019,50.0,1.0,1.0,3.0,2273745,1.0,1,1,1,4.0,,-1.0, -1,1990.0,B01,138Â 196Â 823,1.0,8.0,-1.0,1735418,3.0,38,1.0,0.0,2.0,1.0,B01,138Â 196Â 823,1.0
1016650,201900058181,3,26,18:47,1,1,1,1.0,2.0,13028,CD.559,M,"43,2067000","5,5844800",13,2019,50.0,1.0,1.0,3.0,2273745,1.0,1,1,1,4.0,,-1.0, -1,1990.0,B01,138Â 196Â 823,1.0,8.0,-1.0,1735419,3.0,33,,0.0,2.0,4.0,A01,138Â 196Â 824,1.0
1016650,201900058181,3,26,18:47,1,1,1,1.0,2.0,13028,CD.559,M,"43,2067000","5,5844800",13,2019,50.0,1.0,1.0,3.0,2273746,1.0,1,3,1,0.0,,-1.0, -1,1954.0,A01,138Â 196Â 824,2.0,8.0,-1.0,1735418,3.0,38,1.0,0.0,2.0,1.0,B01,138Â 196Â 823,1.0
1016650,201900058181,3,26,18:47,1,1,1,1.0,2.0,13028,CD.559,M,"43,2067000","5,5844800",13,2019,50.0,1.0,1.0,3.0,2273746,1.0,1,3,1,0.0,,-1.0, -1,1954.0,A01,138Â 196Â 824,2.0,8.0,-1.0,1735419,3.0,33,,0.0,2.0,4.0,A01,138Â 196Â 824,1.0
1016651,201900058182,9,21,17:00,1,1,1,1.0,1.0,32298,Le Moulin Vert,M,"43,6908340","0,7164520",32,2019,80.0,1.0,1.0,3.0,2273747,9.0,2,1,1,5.0,,0.0,0,2007.0,B01,138Â 196Â 821,1.0,-1.0,-1.0,1735420,1.0,7,,0.0,2.0,1.0,B01,138Â 196Â 821,1.0
1016651,201900058182,9,21,17:00,1,1,1,1.0,1.0,32298,Le Moulin Vert,M,"43,6908340","0,7164520",32,2019,80.0,1.0,1.0,3.0,2273747,9.0,2,1,1,5.0,,0.0,0,2007.0,B01,138Â 196Â 821,1.0,-1.0,-1.0,1735421,2.0,33,,0.0,2.0,1.0,A01,138Â 196Â 825,1.0
1016651,201900058182,9,21,17:00,1,1,1,1.0,1.0,32298,Le Moulin Vert,M,"43,6908340","0,7164520",32,2019,80.0,1.0,1.0,3.0,2273748,1.0,1,1,1,5.0,,0.0,0,1984.0,B01,138Â 196Â 821,1.0,-1.0,-1.0,1735420,1.0,7,,0.0,2.0,1.0,B01,138Â 196Â 821,1.0
1016651,201900058182,9,21,17:00,1,1,1,1.0,1.0,32298,Le Moulin Vert,M,"43,6908340","0,7164520",32,2019,80.0,1.0,1.0,3.0,2273748,1.0,1,1,1,5.0,,0.0,0,1984.0,B01,138Â 196Â 821,1.0,-1.0,-1.0,1735421,2.0,33,,0.0,2.0,1.0,A01,138Â 196Â 825,1.0
1016651,201900058182,9,21,17:00,1,1,1,1.0,1.0,32298,Le Moulin Vert,M,"43,6908340","0,7164520",32,2019,80.0,1.0,1.0,3.0,2273749,2.0,2,4,2,5.0,,0.0,0,1988.0,B01,138Â 196Â 821,1.0,-1.0,-1.0,1735420,1.0,7,,0.0,2.0,1.0,B01,138Â 196Â 821,1.0
1016651,201900058182,9,21,17:00,1,1,1,1.0,1.0,32298,Le Moulin Vert,M,"43,6908340","0,7164520",32,2019,80.0,1.0,1.0,3.0,2273749,2.0,2,4,2,5.0,,0.0,0,1988.0,B01,138Â 196Â 821,1.0,-1.0,-1.0,1735421,2.0,33,,0.0,2.0,1.0,A01,138Â 196Â 825,1.0
1016651,201900058182,9,21,17:00,1,1,1,1.0,1.0,32298,Le Moulin Vert,M,"43,6908340","0,7164520",32,2019,80.0,1.0,1.0,3.0,2273750,8.0,2,1,1,5.0,,0.0,0,2011.0,B01,138Â 196Â 821,1.0,3.0,-1.0,1735420,1.0,7,,0.0,2.0,1.0,B01,138Â 196Â 821,1.0
1016651,201900058182,9,21,17:00,1,1,1,1.0,1.0,32298,Le Moulin Vert,M,"43,6908340","0,7164520",32,2019,80.0,1.0,1.0,3.0,2273750,8.0,2,1,1,5.0,,0.0,0,2011.0,B01,138Â 196Â 821,1.0,3.0,-1.0,1735421,2.0,33,,0.0,2.0,1.0,A01,138Â 196Â 825,1.0
1016651,201900058182,9,21,17:00,1,1,1,1.0,1.0,32298,Le Moulin Vert,M,"43,6908340","0,7164520",32,2019,80.0,1.0,1.0,3.0,2273751,7.0,2,1,1,5.0,,0.0,0,2015.0,B01,138Â 196Â 821,1.0,3.0,-1.0,1735420,1.0,7,,0.0,2.0,1.0,B01,138Â 196Â 821,1.0
1016651,201900058182,9,21,17:00,1,1,1,1.0,1.0,32298,Le Moulin Vert,M,"43,6908340","0,7164520",32,2019,80.0,1.0,1.0,3.0,2273751,7.0,2,1,1,5.0,,0.0,0,2015.0,B01,138Â 196Â 821,1.0,3.0,-1.0,1735421,2.0,33,,0.0,2.0,1.0,A01,138Â 196Â 825,1.0
1016651,201900058182,9,21,17:00,1,1,1,1.0,1.0,32298,Le Moulin Vert,M,"43,6908340","0,7164520",32,2019,80.0,1.0,1.0,3.0,2273752,3.0,2,1,1,5.0,,0.0,0,2009.0,B01,138Â 196Â 821,1.0,-1.0,-1.0,1735420,1.0,7,,0.0,2.0,1.0,B01,138Â 196Â 821,1.0
1016651,201900058182,9,21,17:00,1,1,1,1.0,1.0,32298,Le Moulin Vert,M,"43,6908340","0,7164520",32,2019,80.0,1.0,1.0,3.0,2273752,3.0,2,1,1,5.0,,0.0,0,2009.0,B01,138Â 196Â 821,1.0,-1.0,-1.0,1735421,2.0,33,,0.0,2.0,1.0,A01,138Â 196Â 825,1.0
1016651,201900058182,9,21,17:00,1,1,1,1.0,1.0,32298,Le Moulin Vert,M,"43,6908340","0,7164520",32,2019,80.0,1.0,1.0,3.0,2273753,1.0,1,3,1,5.0,,0.0,0,1953.0,A01,138Â 196Â 825,2.0,6.0,-1.0,1735420,1.0,7,,0.0,2.0,1.0,B01,138Â 196Â 821,1.0
1016651,201900058182,9,21,17:00,1,1,1,1.0,1.0,32298,Le Moulin Vert,M,"43,6908340","0,7164520",32,2019,80.0,1.0,1.0,3.0,2273753,1.0,1,3,1,5.0,,0.0,0,1953.0,A01,138Â 196Â 825,2.0,6.0,-1.0,1735421,2.0,33,,0.0,2.0,1.0,A01,138Â 196Â 825,1.0
1016652,201900058183,5,28,17:50,1,1,6,1.0,3.0,69272,RD 307,M,"45,5997310","4,8523640",69,2019,70.0,1.0,1.0,3.0,2273754,1.0,1,3,1,5.0,,0.0,0,1945.0,B01,138Â 196Â 820,1.0,-1.0,-1.0,1735422,1.0,7,,0.0,2.0,3.0,B01,138Â 196Â 820,1.0
1016652,201900058183,5,28,17:50,1,1,6,1.0,3.0,69272,RD 307,M,"45,5997310","4,8523640",69,2019,70.0,1.0,1.0,3.0,2273754,1.0,1,3,1,5.0,,0.0,0,1945.0,B01,138Â 196Â 820,1.0,-1.0,-1.0,1735423,1.0,7,,0.0,2.0,6.0,A01,138Â 196Â 822,1.0
1016652,201900058183,5,28,17:50,1,1,6,1.0,3.0,69272,RD 307,M,"45,5997310","4,8523640",69,2019,70.0,1.0,1.0,3.0,2273755,1.0,1,1,1,5.0,,0.0,0,1983.0,A01,138Â 196Â 822,1.0,-1.0,-1.0,1735422,1.0,7,,0.0,2.0,3.0,B01,138Â 196Â 820,1.0
1016652,201900058183,5,28,17:50,1,1,6,1.0,3.0,69272,RD 307,M,"45,5997310","4,8523640",69,2019,70.0,1.0,1.0,3.0,2273755,1.0,1,1,1,5.0,,0.0,0,1983.0,A01,138Â 196Â 822,1.0,-1.0,-1.0,1735423,1.0,7,,0.0,2.0,6.0,A01,138Â 196Â 822,1.0
1016653,201900058184,5,11,14:30,1,1,1,2.0,6.0,69249,Les Pins,M,"45,6952800","4,6150300",69,2019,80.0,1.0,2.0,3.0,2273756,1.0,1,4,1,0.0,,0.0,0,1982.0,A01,138Â 196Â 817,0.0,-1.0,-1.0,1735424,1.0,7,,8.0,0.0,1.0,A01,138Â 196Â 817,0.0
1016654,201900058185,3,17,20:25,5,2,1,1.0,3.0,12145,NAULAS,M,"44,0977500","3,0490900",12,2019,50.0,1.0,1.0,4.0,2273757,1.0,1,1,1,0.0,,-1.0, -1,1994.0,B01,138Â 196Â 818,8.0,0.0,-1.0,1735425,1.0,7,,0.0,2.0,8.0,B01,138Â 196Â 818,1.0
1016654,201900058185,3,17,20:25,5,2,1,1.0,3.0,12145,NAULAS,M,"44,0977500","3,0490900",12,2019,50.0,1.0,1.0,4.0,2273757,1.0,1,1,1,0.0,,-1.0, -1,1994.0,B01,138Â 196Â 818,8.0,0.0,-1.0,1735426,2.0,7,,0.0,2.0,8.0,A01,138Â 196Â 819,1.0
1016654,201900058185,3,17,20:25,5,2,1,1.0,3.0,12145,NAULAS,M,"44,0977500","3,0490900",12,2019,50.0,1.0,1.0,4.0,2273758,1.0,1,4,2,9.0,,-1.0, -1,1966.0,A01,138Â 196Â 819,1.0,0.0,-1.0,1735425,1.0,7,,0.0,2.0,8.0,B01,138Â 196Â 818,1.0
1016654,201900058185,3,17,20:25,5,2,1,1.0,3.0,12145,NAULAS,M,"44,0977500","3,0490900",12,2019,50.0,1.0,1.0,4.0,2273758,1.0,1,4,2,9.0,,-1.0, -1,1966.0,A01,138Â 196Â 819,1.0,0.0,-1.0,1735426,2.0,7,,0.0,2.0,8.0,A01,138Â 196Â 819,1.0
1016655,201900058186,9,21,17:50,1,1,4,1.0,6.0,32249,lieu dit loumelongue,M,"43,7277110","0,8498230",32,2019,80.0,3.0,1.0,3.0,2273759,1.0,1,2,1,5.0,,0.0,0,1932.0,A01,138Â 196Â 816,1.0,-1.0,-1.0,1735427,2.0,7,,13.0,0.0,9.0,A01,138Â 196Â 816,1.0
1016656,201900058187,10,24,08:15,2,2,1,1.0,6.0,71153,EUROPE (AVENUE DE L'),M,"46,8085890","4,4279400",71,2019,50.0,1.0,2.0,4.0,2273760,1.0,1,3,1,0.0,,0.0,0,1949.0,A01,138Â 196Â 829,1.0,0.0,-1.0,1735428,3.0,7,,6.0,0.0,1.0,A01,138Â 196Â 829,1.0
1016657,201900058188,5,3,07:45,1,2,1,1.0,5.0,69028,Route du Pont Chabrol,M,"45,7342380","4,7114950",69,2019,50.0,1.0,1.0,3.0,2273761,1.0,1,4,2,1.0,,0.0,0,1993.0,B01,138Â 196Â 813,1.0,5.0,-1.0,1735429,2.0,7,,0.0,0.0,8.0,B01,138Â 196Â 813,0.0
1016657,201900058188,5,3,07:45,1,2,1,1.0,5.0,69028,Route du Pont Chabrol,M,"45,7342380","4,7114950",69,2019,50.0,1.0,1.0,3.0,2273761,1.0,1,4,2,1.0,,0.0,0,1993.0,B01,138Â 196Â 813,1.0,5.0,-1.0,1735430,2.0,7,,0.0,0.0,2.0,C01,138Â 196Â 814,0.0
1016657,201900058188,5,3,07:45,1,2,1,1.0,5.0,69028,Route du Pont Chabrol,M,"45,7342380","4,7114950",69,2019,50.0,1.0,1.0,3.0,2273761,1.0,1,4,2,1.0,,0.0,0,1993.0,B01,138Â 196Â 813,1.0,5.0,-1.0,1735431,1.0,7,,15.0,2.0,1.0,A01,138Â 196Â 815,0.0
1016657,201900058188,5,3,07:45,1,2,1,1.0,5.0,69028,Route du Pont Chabrol,M,"45,7342380","4,7114950",69,2019,50.0,1.0,1.0,3.0,2273762,1.0,1,4,2,0.0,,0.0,0,1963.0,C01,138Â 196Â 814,1.0,-1.0,-1.0,1735429,2.0,7,,0.0,0.0,8.0,B01,138Â 196Â 813,0.0
1016657,201900058188,5,3,07:45,1,2,1,1.0,5.0,69028,Route du Pont Chabrol,M,"45,7342380","4,7114950",69,2019,50.0,1.0,1.0,3.0,2273762,1.0,1,4,2,0.0,,0.0,0,1963.0,C01,138Â 196Â 814,1.0,-1.0,-1.0,1735430,2.0,7,,0.0,0.0,2.0,C01,138Â 196Â 814,0.0
1016657,201900058188,5,3,07:45,1,2,1,1.0,5.0,69028,Route du Pont Chabrol,M,"45,7342380","4,7114950",69,2019,50.0,1.0,1.0,3.0,2273762,1.0,1,4,2,0.0,,0.0,0,1963.0,C01,138Â 196Â 814,1.0,-1.0,-1.0,1735431,1.0,7,,15.0,2.0,1.0,A01,138Â 196Â 815,0.0
1016657,201900058188,5,3,07:45,1,2,1,1.0,5.0,69028,Route du Pont Chabrol,M,"45,7342380","4,7114950",69,2019,50.0,1.0,1.0,3.0,2273763,1.0,1,1,1,3.0,,0.0,0,1957.0,A01,138Â 196Â 815,1.0,-1.0,-1.0,1735429,2.0,7,,0.0,0.0,8.0,B01,138Â 196Â 813,0.0
1016657,201900058188,5,3,07:45,1,2,1,1.0,5.0,69028,Route du Pont Chabrol,M,"45,7342380","4,7114950",69,2019,50.0,1.0,1.0,3.0,2273763,1.0,1,1,1,3.0,,0.0,0,1957.0,A01,138Â 196Â 815,1.0,-1.0,-1.0,1735430,2.0,7,,0.0,0.0,2.0,C01,138Â 196Â 814,0.0
1016657,201900058188,5,3,07:45,1,2,1,1.0,5.0,69028,Route du Pont Chabrol,M,"45,7342380","4,7114950",69,2019,50.0,1.0,1.0,3.0,2273763,1.0,1,1,1,3.0,,0.0,0,1957.0,A01,138Â 196Â 815,1.0,-1.0,-1.0,1735431,1.0,7,,15.0,2.0,1.0,A01,138Â 196Â 815,0.0
1016658,201900058189,3,25,06:00,2,2,1,1.0,1.0,12145,LARZAC (PONT DU),M,"44,0938400","3,0818000",12,2019,50.0,1.0,2.0,4.0,2273764,1.0,1,4,1,5.0,,-1.0,0,1950.0,A01,138Â 196Â 810,1.0,8.0,-1.0,1735432,3.0,10,,0.0,2.0,1.0,A01,138Â 196Â 810,1.0
1016658,201900058189,3,25,06:00,2,2,1,1.0,1.0,12145,LARZAC (PONT DU),M,"44,0938400","3,0818000",12,2019,50.0,1.0,2.0,4.0,2273764,1.0,1,4,1,5.0,,-1.0,0,1950.0,A01,138Â 196Â 810,1.0,8.0,-1.0,1735433,3.0,7,,0.0,2.0,1.0,B01,138Â 196Â 812,1.0
1016658,201900058189,3,25,06:00,2,2,1,1.0,1.0,12145,LARZAC (PONT DU),M,"44,0938400","3,0818000",12,2019,50.0,1.0,2.0,4.0,2273765,1.0,1,4,2,1.0,,-1.0,0,1971.0,B01,138Â 196Â 812,1.0,8.0,-1.0,1735432,3.0,10,,0.0,2.0,1.0,A01,138Â 196Â 810,1.0
1016658,201900058189,3,25,06:00,2,2,1,1.0,1.0,12145,LARZAC (PONT DU),M,"44,0938400","3,0818000",12,2019,50.0,1.0,2.0,4.0,2273765,1.0,1,4,2,1.0,,-1.0,0,1971.0,B01,138Â 196Â 812,1.0,8.0,-1.0,1735433,3.0,7,,0.0,2.0,1.0,B01,138Â 196Â 812,1.0
1016659,201900058190,9,22,08:20,1,1,1,1.0,7.0,42295,Fauchemagne,M,"45,8504610","3,8023090",42,2019,80.0,3.0,1.0,3.0,2273766,1.0,1,3,1,5.0,,0.0,0,2001.0,A01,138Â 196Â 811,1.0,-1.0,-1.0,1735434,1.0,7,,2.0,0.0,9.0,A01,138Â 196Â 811,1.0
1016660,201900058191,5,3,11:20,1,1,1,1.0,6.0,69078,Route DÃ©partementale 34,M,"45,6859300","4,5227300",69,2019,80.0,3.0,1.0,3.0,2273767,2.0,2,4,1,5.0,,0.0,0,1993.0,A01,138Â 196Â 808,1.0,-1.0,-1.0,1735435,2.0,7,,13.0,0.0,7.0,A01,138Â 196Â 808,0.0
1016660,201900058191,5,3,11:20,1,1,1,1.0,6.0,69078,Route DÃ©partementale 34,M,"45,6859300","4,5227300",69,2019,80.0,3.0,1.0,3.0,2273768,1.0,1,4,2,5.0,,0.0,0,1992.0,A01,138Â 196Â 808,1.0,-1.0,-1.0,1735435,2.0,7,,13.0,0.0,7.0,A01,138Â 196Â 808,0.0
1016661,201900058192,9,21,01:00,3,2,1,1.0,6.0,34010,D27E2,M,"43,6822235","3,5815031",34,2019,50.0,3.0,1.0,3.0,2273769,1.0,1,1,1,5.0,,0.0,0,1970.0,A01,138Â 196Â 804,8.0,-1.0,-1.0,1735436,2.0,7,,6.0,0.0,3.0,A01,138Â 196Â 804,1.0