Unnamed: 0_x,num_acc,mois,jour,hrmn,lum,agg,int,atm,col,com,adr,gps,lat,long,dep,annee,vma,situ,surf,catr,Unnamed: 0_y,place,catu,grav,sexe,trajet,secu,locp,actp,an_nais,num_veh_x,id_vehicule_x,secu1,secu2,secu3,Unnamed: 0,senc,catv,occutc,obs,obsm,choc,num_veh_y,id_vehicule_y,motor
1016661,201900058192,9,21,01:00,3,2,1,1.0,6.0,34010,D27E2,M,"43,6822235","3,5815031",34,2019,50.0,3.0,1.0,3.0,2273770,4.0,2,3,2,5.0,,0.0,0,1996.0,A01,138Â 196Â 804,8.0,-1.0,-1.0,1735436,2.0,7,,6.0,0.0,3.0,A01,138Â 196Â 804,1.0
1016661,201900058192,9,21,01:00,3,2,1,1.0,6.0,34010,D27E2,M,"43,6822235","3,5815031",34,2019,50.0,3.0,1.0,3.0,2273771,5.0,2,4,2,5.0,,0.0,0,1976.0,A01,138Â 196Â 804,8.0,-1.0,-1.0,1735436,2.0,7,,6.0,0.0,3.0,A01,138Â 196Â 804,1.0
1016661,201900058192,9,21,01:00,3,2,1,1.0,6.0,34010,D27E2,M,"43,6822235","3,5815031",34,2019,50.0,3.0,1.0,3.0,2273772,2.0,2,1,1,5.0,,0.0,0,1994.0,A01,138Â 196Â 804,8.0,-1.0,-1.0,1735436,2.0,7,,6.0,0.0,3.0,A01,138Â 196Â 804,1.0
1016661,201900058192,9,21,01:00,3,2,1,1.0,6.0,34010,D27E2,M,"43,6822235","3,5815031",34,2019,50.0,3.0,1.0,3.0,2273773,3.0,2,4,2,5.0,,0.0,0,1993.0,A01,138Â 196Â 804,8.0,-1.0,-1.0,1735436,2.0,7,,6.0,0.0,3.0,A01,138Â 196Â 804,1.0
1016662,201900058193,5,17,18:30,1,1,1,2.0,1.0,69031,Chemin de Vermont,M,"45,7458170","4,5226760",69,2019,80.0,1.0,2.0,4.0,2273774,1.0,1,1,1,5.0,,0.0,0,1965.0,A01,138Â 196Â 805,1.0,-1.0,-1.0,1735437,0.0,7,,1.0,0.0,3.0,A01,138Â 196Â 805,1.0
1016662,201900058193,5,17,18:30,1,1,1,2.0,1.0,69031,Chemin de Vermont,M,"45,7458170","4,5226760",69,2019,80.0,1.0,2.0,4.0,2273774,1.0,1,1,1,5.0,,0.0,0,1965.0,A01,138Â 196Â 805,1.0,-1.0,-1.0,1735438,0.0,7,,0.0,2.0,3.0,B01,138Â 196Â 806,1.0
1016662,201900058193,5,17,18:30,1,1,1,2.0,1.0,69031,Chemin de Vermont,M,"45,7458170","4,5226760",69,2019,80.0,1.0,2.0,4.0,2273775,9.0,2,4,2,5.0,,0.0,0,2014.0,B01,138Â 196Â 806,1.0,3.0,-1.0,1735437,0.0,7,,1.0,0.0,3.0,A01,138Â 196Â 805,1.0
1016662,201900058193,5,17,18:30,1,1,1,2.0,1.0,69031,Chemin de Vermont,M,"45,7458170","4,5226760",69,2019,80.0,1.0,2.0,4.0,2273775,9.0,2,4,2,5.0,,0.0,0,2014.0,B01,138Â 196Â 806,1.0,3.0,-1.0,1735438,0.0,7,,0.0,2.0,3.0,B01,138Â 196Â 806,1.0
1016662,201900058193,5,17,18:30,1,1,1,2.0,1.0,69031,Chemin de Vermont,M,"45,7458170","4,5226760",69,2019,80.0,1.0,2.0,4.0,2273776,7.0,2,1,1,5.0,,0.0,0,2012.0,B01,138Â 196Â 806,1.0,3.0,-1.0,1735437,0.0,7,,1.0,0.0,3.0,A01,138Â 196Â 805,1.0
1016662,201900058193,5,17,18:30,1,1,1,2.0,1.0,69031,Chemin de Vermont,M,"45,7458170","4,5226760",69,2019,80.0,1.0,2.0,4.0,2273776,7.0,2,1,1,5.0,,0.0,0,2012.0,B01,138Â 196Â 806,1.0,3.0,-1.0,1735438,0.0,7,,0.0,2.0,3.0,B01,138Â 196Â 806,1.0
1016662,201900058193,5,17,18:30,1,1,1,2.0,1.0,69031,Chemin de Vermont,M,"45,7458170","4,5226760",69,2019,80.0,1.0,2.0,4.0,2273777,2.0,2,1,2,5.0,,0.0,0,1977.0,B01,138Â 196Â 806,1.0,-1.0,-1.0,1735437,0.0,7,,1.0,0.0,3.0,A01,138Â 196Â 805,1.0
1016662,201900058193,5,17,18:30,1,1,1,2.0,1.0,69031,Chemin de Vermont,M,"45,7458170","4,5226760",69,2019,80.0,1.0,2.0,4.0,2273777,2.0,2,1,2,5.0,,0.0,0,1977.0,B01,138Â 196Â 806,1.0,-1.0,-1.0,1735438,0.0,7,,0.0,2.0,3.0,B01,138Â 196Â 806,1.0
1016662,201900058193,5,17,18:30,1,1,1,2.0,1.0,69031,Chemin de Vermont,M,"45,7458170","4,5226760",69,2019,80.0,1.0,2.0,4.0,2273778,1.0,1,4,1,5.0,,0.0,0,1974.0,B01,138Â 196Â 806,1.0,-1.0,-1.0,1735437,0.0,7,,1.0,0.0,3.0,A01,138Â 196Â 805,1.0
1016662,201900058193,5,17,18:30,1,1,1,2.0,1.0,69031,Chemin de Vermont,M,"45,7458170","4,5226760",69,2019,80.0,1.0,2.0,4.0,2273778,1.0,1,4,1,5.0,,0.0,0,1974.0,B01,138Â 196Â 806,1.0,-1.0,-1.0,1735438,0.0,7,,0.0,2.0,3.0,B01,138Â 196Â 806,1.0
1016663,201900058194,8,7,21:45,2,1,1,1.0,1.0,22152,Le Guindy,M,"48,7825160"," -3,2549220",22,2019,80.0,1.0,1.0,3.0,2273779,1.0,1,1,2,5.0,,0.0,0,1990.0,B01,138Â 196Â 798,1.0,-1.0,-1.0,1735439,2.0,7,,0.0,2.0,2.0,B01,138Â 196Â 798,1.0
1016663,201900058194,8,7,21:45,2,1,1,1.0,1.0,22152,Le Guindy,M,"48,7825160"," -3,2549220",22,2019,80.0,1.0,1.0,3.0,2273779,1.0,1,1,2,5.0,,0.0,0,1990.0,B01,138Â 196Â 798,1.0,-1.0,-1.0,1735440,1.0,99,,0.0,2.0,1.0,A01,138Â 196Â 799,5.0
1016663,201900058194,8,7,21:45,2,1,1,1.0,1.0,22152,Le Guindy,M,"48,7825160"," -3,2549220",22,2019,80.0,1.0,1.0,3.0,2273780,1.0,1,4,1,5.0,,0.0,0,2003.0,A01,138Â 196Â 799,0.0,-1.0,-1.0,1735439,2.0,7,,0.0,2.0,2.0,B01,138Â 196Â 798,1.0
1016663,201900058194,8,7,21:45,2,1,1,1.0,1.0,22152,Le Guindy,M,"48,7825160"," -3,2549220",22,2019,80.0,1.0,1.0,3.0,2273780,1.0,1,4,1,5.0,,0.0,0,2003.0,A01,138Â 196Â 799,0.0,-1.0,-1.0,1735440,1.0,99,,0.0,2.0,1.0,A01,138Â 196Â 799,5.0
1016664,201900058195,8,13,18:10,3,1,1,1.0,3.0,97611,mamoudzou centre-RP Passot quai colas (R,M," -12,7759800","45,2310500",976,2019,50.0,1.0,1.0,2.0,2273781,1.0,1,1,1,0.0,,-1.0,0,1996.0,B01,138Â 196Â 803,1.0,8.0,-1.0,1735441,2.0,7,,0.0,2.0,8.0,B01,138Â 196Â 803,1.0
1016664,201900058195,8,13,18:10,3,1,1,1.0,3.0,97611,mamoudzou centre-RP Passot quai colas (R,M," -12,7759800","45,2310500",976,2019,50.0,1.0,1.0,2.0,2273781,1.0,1,1,1,0.0,,-1.0,0,1996.0,B01,138Â 196Â 803,1.0,8.0,-1.0,1735442,2.0,34,,0.0,2.0,7.0,A01,138Â 196Â 848,1.0
1016664,201900058195,8,13,18:10,3,1,1,1.0,3.0,97611,mamoudzou centre-RP Passot quai colas (R,M," -12,7759800","45,2310500",976,2019,50.0,1.0,1.0,2.0,2273782,1.0,1,4,1,0.0,,-1.0,0,1995.0,A01,138Â 196Â 848,2.0,8.0,-1.0,1735441,2.0,7,,0.0,2.0,8.0,B01,138Â 196Â 803,1.0
1016664,201900058195,8,13,18:10,3,1,1,1.0,3.0,97611,mamoudzou centre-RP Passot quai colas (R,M," -12,7759800","45,2310500",976,2019,50.0,1.0,1.0,2.0,2273782,1.0,1,4,1,0.0,,-1.0,0,1995.0,A01,138Â 196Â 848,2.0,8.0,-1.0,1735442,2.0,34,,0.0,2.0,7.0,A01,138Â 196Â 848,1.0
1016665,201900058196,2,17,22:45,5,1,1,1.0,7.0,63148,D224 - Lieu-dit le Marais,M,"45,8884590","3,1863140",63,2019,80.0,1.0,1.0,3.0,2273783,1.0,1,2,1,0.0,,0.0,0,1963.0,A01,138Â 196Â 802,8.0,-1.0,-1.0,1735443,2.0,7,,6.0,0.0,1.0,A01,138Â 196Â 802,1.0
1016666,201900058197,8,17,04:30,3,2,1,1.0,6.0,97416,LIGNE PARADIS(ROUTE DE LA),M," -21,3093100","55,4692300",974,2019,50.0,1.0,1.0,4.0,2273784,1.0,1,3,1,0.0,,-1.0,0,1997.0,A01,138Â 196Â 796,8.0,0.0,-1.0,1735444,2.0,30,,12.0,0.0,1.0,A01,138Â 196Â 796,1.0
1016667,201900058198,9,21,11:30,1,2,9,1.0,6.0,25417,stade,M,"47,2162090","6,2404950",25,2019,50.0,8.0,1.0,5.0,2273785,10.0,3,3,1,5.0,,9.0,9,2011.0,A01,138Â 196Â 797,0.0,-1.0,-1.0,1735445,0.0,7,,0.0,1.0,2.0,A01,138Â 196Â 797,1.0
1016667,201900058198,9,21,11:30,1,2,9,1.0,6.0,25417,stade,M,"47,2162090","6,2404950",25,2019,50.0,8.0,1.0,5.0,2273786,1.0,1,1,2,5.0,,0.0,0,1976.0,A01,138Â 196Â 797,1.0,-1.0,-1.0,1735445,0.0,7,,0.0,1.0,2.0,A01,138Â 196Â 797,1.0
1016668,201900058199,2,17,12:00,1,1,1,1.0,6.0,63250,RD996 - PR 53+000,M,"45,5787152","3,1491957",63,2019,90.0,3.0,1.0,3.0,2273787,1.0,1,4,1,5.0,,0.0,0,1970.0,A01,138Â 196Â 795,2.0,6.0,-1.0,1735446,2.0,33,,13.0,0.0,1.0,A01,138Â 196Â 795,1.0
1016669,201900058200,9,22,12:20,1,1,1,1.0,7.0,29146,La TrinitÃ©,M,"47,9190940"," -3,8178230",29,2019,-1.0,3.0,1.0,4.0,2273788,1.0,1,4,1,5.0,,0.0,0,1954.0,A01,138Â 196Â 794,1.0,-1.0,-1.0,1735447,3.0,7,,6.0,0.0,3.0,A01,138Â 196Â 794,1.0
1016670,201900058201,8,17,14:15,1,2,1,1.0,6.0,97411,LATTRE DE TASSIGNY (AVENUE MARECHAL DE),M," -20,8900800","55,4778000",974,2019,50.0,1.0,1.0,4.0,2273789,10.0,3,4,1,0.0,,9.0,3,2012.0,A01,138Â 196Â 793,8.0,0.0,-1.0,1735448,3.0,10,,0.0,1.0,2.0,A01,138Â 196Â 793,1.0
1016670,201900058201,8,17,14:15,1,2,1,1.0,6.0,97411,LATTRE DE TASSIGNY (AVENUE MARECHAL DE),M," -20,8900800","55,4778000",974,2019,50.0,1.0,1.0,4.0,2273790,1.0,1,1,1,0.0,,-1.0,0,1965.0,A01,138Â 196Â 793,1.0,0.0,-1.0,1735448,3.0,10,,0.0,1.0,2.0,A01,138Â 196Â 793,1.0
1016671,201900058202,2,17,09:37,1,1,8,1.0,3.0,63453,D4 - D2089,M,"45,7866197","3,2724809",63,2019,80.0,6.0,1.0,3.0,2273791,1.0,1,2,1,5.0,,0.0,0,1935.0,A01,138Â 196Â 791,8.0,-1.0,-1.0,1735449,1.0,7,,0.0,4.0,7.0,A01,138Â 196Â 791,0.0
1016671,201900058202,2,17,09:37,1,1,8,1.0,3.0,63453,D4 - D2089,M,"45,7866197","3,2724809",63,2019,80.0,6.0,1.0,3.0,2273791,1.0,1,2,1,5.0,,0.0,0,1935.0,A01,138Â 196Â 791,8.0,-1.0,-1.0,1735450,0.0,39,,0.0,2.0,1.0,B01,138Â 196Â 792,0.0
1016671,201900058202,2,17,09:37,1,1,8,1.0,3.0,63453,D4 - D2089,M,"45,7866197","3,2724809",63,2019,80.0,6.0,1.0,3.0,2273792,1.0,1,1,1,4.0,,0.0,0,1986.0,B01,138Â 196Â 792,0.0,-1.0,-1.0,1735449,1.0,7,,0.0,4.0,7.0,A01,138Â 196Â 791,0.0
1016671,201900058202,2,17,09:37,1,1,8,1.0,3.0,63453,D4 - D2089,M,"45,7866197","3,2724809",63,2019,80.0,6.0,1.0,3.0,2273792,1.0,1,1,1,4.0,,0.0,0,1986.0,B01,138Â 196Â 792,0.0,-1.0,-1.0,1735450,0.0,39,,0.0,2.0,1.0,B01,138Â 196Â 792,0.0
1016672,201900058203,9,21,07:00,3,2,1,1.0,6.0,29188,route de primel,M,"48,6998620"," -3,8171360",29,2019,50.0,1.0,1.0,4.0,2273793,1.0,1,1,1,5.0,,0.0,0,1946.0,A01,138Â 196Â 789,1.0,-1.0,-1.0,1735451,0.0,7,,0.0,1.0,1.0,A01,138Â 196Â 789,1.0
1016672,201900058203,9,21,07:00,3,2,1,1.0,6.0,29188,route de primel,M,"48,6998620"," -3,8171360",29,2019,50.0,1.0,1.0,4.0,2273794,10.0,3,3,1,5.0,,1.0,1,1999.0,A01,138Â 196Â 789,0.0,-1.0,-1.0,1735451,0.0,7,,0.0,1.0,1.0,A01,138Â 196Â 789,1.0
1016673,201900058204,8,16,11:27,1,1,1,1.0,4.0,97309,ROUTE NATIONALE 3,M,"4,9008034"," -52,3065734",973,2019,50.0,1.0,1.0,3.0,2273795,1.0,1,1,1,1.0,,-1.0, -1,1992.0,C01,138Â 196Â 787,1.0,0.0,-1.0,1735452,1.0,7,,0.0,2.0,1.0,C01,138Â 196Â 787,1.0
1016673,201900058204,8,16,11:27,1,1,1,1.0,4.0,97309,ROUTE NATIONALE 3,M,"4,9008034"," -52,3065734",973,2019,50.0,1.0,1.0,3.0,2273795,1.0,1,1,1,1.0,,-1.0, -1,1992.0,C01,138Â 196Â 787,1.0,0.0,-1.0,1735453,1.0,7,,0.0,2.0,1.0,B01,138Â 196Â 788,1.0
1016673,201900058204,8,16,11:27,1,1,1,1.0,4.0,97309,ROUTE NATIONALE 3,M,"4,9008034"," -52,3065734",973,2019,50.0,1.0,1.0,3.0,2273795,1.0,1,1,1,1.0,,-1.0, -1,1992.0,C01,138Â 196Â 787,1.0,0.0,-1.0,1735454,1.0,7,,0.0,2.0,4.0,A01,138Â 196Â 790,1.0
1016673,201900058204,8,16,11:27,1,1,1,1.0,4.0,97309,ROUTE NATIONALE 3,M,"4,9008034"," -52,3065734",973,2019,50.0,1.0,1.0,3.0,2273796,1.0,1,1,1,1.0,,-1.0, -1,1972.0,B01,138Â 196Â 788,1.0,0.0,-1.0,1735452,1.0,7,,0.0,2.0,1.0,C01,138Â 196Â 787,1.0
1016673,201900058204,8,16,11:27,1,1,1,1.0,4.0,97309,ROUTE NATIONALE 3,M,"4,9008034"," -52,3065734",973,2019,50.0,1.0,1.0,3.0,2273796,1.0,1,1,1,1.0,,-1.0, -1,1972.0,B01,138Â 196Â 788,1.0,0.0,-1.0,1735453,1.0,7,,0.0,2.0,1.0,B01,138Â 196Â 788,1.0
1016673,201900058204,8,16,11:27,1,1,1,1.0,4.0,97309,ROUTE NATIONALE 3,M,"4,9008034"," -52,3065734",973,2019,50.0,1.0,1.0,3.0,2273796,1.0,1,1,1,1.0,,-1.0, -1,1972.0,B01,138Â 196Â 788,1.0,0.0,-1.0,1735454,1.0,7,,0.0,2.0,4.0,A01,138Â 196Â 790,1.0
1016673,201900058204,8,16,11:27,1,1,1,1.0,4.0,97309,ROUTE NATIONALE 3,M,"4,9008034"," -52,3065734",973,2019,50.0,1.0,1.0,3.0,2273797,2.0,2,4,2,1.0,,-1.0,0,1957.0,B01,138Â 196Â 788,1.0,0.0,-1.0,1735452,1.0,7,,0.0,2.0,1.0,C01,138Â 196Â 787,1.0
1016673,201900058204,8,16,11:27,1,1,1,1.0,4.0,97309,ROUTE NATIONALE 3,M,"4,9008034"," -52,3065734",973,2019,50.0,1.0,1.0,3.0,2273797,2.0,2,4,2,1.0,,-1.0,0,1957.0,B01,138Â 196Â 788,1.0,0.0,-1.0,1735453,1.0,7,,0.0,2.0,1.0,B01,138Â 196Â 788,1.0
1016673,201900058204,8,16,11:27,1,1,1,1.0,4.0,97309,ROUTE NATIONALE 3,M,"4,9008034"," -52,3065734",973,2019,50.0,1.0,1.0,3.0,2273797,2.0,2,4,2,1.0,,-1.0,0,1957.0,B01,138Â 196Â 788,1.0,0.0,-1.0,1735454,1.0,7,,0.0,2.0,4.0,A01,138Â 196Â 790,1.0
1016673,201900058204,8,16,11:27,1,1,1,1.0,4.0,97309,ROUTE NATIONALE 3,M,"4,9008034"," -52,3065734",973,2019,50.0,1.0,1.0,3.0,2273798,1.0,1,1,1,1.0,,-1.0, -1,1971.0,A01,138Â 196Â 790,1.0,0.0,-1.0,1735452,1.0,7,,0.0,2.0,1.0,C01,138Â 196Â 787,1.0
1016673,201900058204,8,16,11:27,1,1,1,1.0,4.0,97309,ROUTE NATIONALE 3,M,"4,9008034"," -52,3065734",973,2019,50.0,1.0,1.0,3.0,2273798,1.0,1,1,1,1.0,,-1.0, -1,1971.0,A01,138Â 196Â 790,1.0,0.0,-1.0,1735453,1.0,7,,0.0,2.0,1.0,B01,138Â 196Â 788,1.0
1016673,201900058204,8,16,11:27,1,1,1,1.0,4.0,97309,ROUTE NATIONALE 3,M,"4,9008034"," -52,3065734",973,2019,50.0,1.0,1.0,3.0,2273798,1.0,1,1,1,1.0,,-1.0, -1,1971.0,A01,138Â 196Â 790,1.0,0.0,-1.0,1735454,1.0,7,,0.0,2.0,4.0,A01,138Â 196Â 790,1.0
1016674,201900058205,5,29,12:00,1,1,1,1.0,6.0,69086,RN7,M,"45,8395000","4,6555000",69,2019,70.0,3.0,1.0,2.0,2273799,1.0,1,3,1,5.0,,0.0,0,1997.0,A01,138Â 196Â 786,2.0,-1.0,-1.0,1735455,1.0,33,,3.0,0.0,3.0,A01,138Â 196Â 786,0.0
1016675,201900058206,10,22,11:11,1,2,3,3.0,2.0,69266,11 NOVEMBRE 1918    (Boulevard du),M,"45,7789800","4,8665500",69,2019,50.0,1.0,2.0,4.0,2273800,1.0,1,1,1,4.0,,-1.0, -1,1995.0,A01,138Â 196Â 801,1.0,0.0,-1.0,1735456,3.0,3,,0.0,2.0,1.0,A01,138Â 196Â 801,1.0
1016675,201900058206,10,22,11:11,1,2,3,3.0,2.0,69266,11 NOVEMBRE 1918    (Boulevard du),M,"45,7789800","4,8665500",69,2019,50.0,1.0,2.0,4.0,2273800,1.0,1,1,1,4.0,,-1.0, -1,1995.0,A01,138Â 196Â 801,1.0,0.0,-1.0,1735457,3.0,3,,0.0,1.0,4.0,B01,138Â 196Â 809,1.0
1016675,201900058206,10,22,11:11,1,2,3,3.0,2.0,69266,11 NOVEMBRE 1918    (Boulevard du),M,"45,7789800","4,8665500",69,2019,50.0,1.0,2.0,4.0,2273801,1.0,1,4,1,4.0,,-1.0, -1,1975.0,B01,138Â 196Â 809,1.0,0.0,-1.0,1735456,3.0,3,,0.0,2.0,1.0,A01,138Â 196Â 801,1.0
1016675,201900058206,10,22,11:11,1,2,3,3.0,2.0,69266,11 NOVEMBRE 1918    (Boulevard du),M,"45,7789800","4,8665500",69,2019,50.0,1.0,2.0,4.0,2273801,1.0,1,4,1,4.0,,-1.0, -1,1975.0,B01,138Â 196Â 809,1.0,0.0,-1.0,1735457,3.0,3,,0.0,1.0,4.0,B01,138Â 196Â 809,1.0
1016676,201900058207,3,24,19:30,3,1,1,1.0,1.0,11037,D303,M,"43,2144100","2,4164800",11,2019,80.0,1.0,1.0,3.0,2273802,1.0,1,4,1,5.0,,0.0,0,1962.0,B01,138Â 196Â 800,1.0,0.0,-1.0,1735458,1.0,7,,0.0,2.0,1.0,B01,138Â 196Â 800,1.0
1016676,201900058207,3,24,19:30,3,1,1,1.0,1.0,11037,D303,M,"43,2144100","2,4164800",11,2019,80.0,1.0,1.0,3.0,2273802,1.0,1,4,1,5.0,,0.0,0,1962.0,B01,138Â 196Â 800,1.0,0.0,-1.0,1735459,2.0,7,,0.0,2.0,1.0,A01,138Â 196Â 807,1.0
1016676,201900058207,3,24,19:30,3,1,1,1.0,1.0,11037,D303,M,"43,2144100","2,4164800",11,2019,80.0,1.0,1.0,3.0,2273803,1.0,1,4,1,5.0,,0.0,0,1971.0,A01,138Â 196Â 807,1.0,0.0,-1.0,1735458,1.0,7,,0.0,2.0,1.0,B01,138Â 196Â 800,1.0
1016676,201900058207,3,24,19:30,3,1,1,1.0,1.0,11037,D303,M,"43,2144100","2,4164800",11,2019,80.0,1.0,1.0,3.0,2273803,1.0,1,4,1,5.0,,0.0,0,1971.0,A01,138Â 196Â 807,1.0,0.0,-1.0,1735459,2.0,7,,0.0,2.0,1.0,A01,138Â 196Â 807,1.0
1016677,201900058208,2,15,15:45,1,2,1,1.0,6.0,55063,204 rue de la libÃ©ration,M,"49,2904160","5,7238350",55,2019,50.0,1.0,1.0,3.0,2273804,1.0,1,1,2,5.0,,0.0,0,1992.0,A01,138Â 196Â 785,1.0,-1.0,-1.0,1735460,2.0,7,,0.0,1.0,2.0,A01,138Â 196Â 785,1.0
1016677,201900058208,2,15,15:45,1,2,1,1.0,6.0,55063,204 rue de la libÃ©ration,M,"49,2904160","5,7238350",55,2019,50.0,1.0,1.0,3.0,2273805,10.0,3,4,1,5.0,,2.0,3,2013.0,A01,138Â 196Â 785,8.0,-1.0,-1.0,1735460,2.0,7,,0.0,1.0,2.0,A01,138Â 196Â 785,1.0
1016678,201900058209,8,13,23:10,4,2,1,1.0,7.0,97302,ZEPHIR (ROCADE),M,"4,9393063"," -52,3056078",973,2019,50.0,1.0,1.0,3.0,2273806,1.0,1,4,2,9.0,,-1.0, -1,1979.0,A01,138Â 196Â 783,2.0,0.0,-1.0,1735461,1.0,30,,12.0,0.0,1.0,A01,138Â 196Â 783,1.0
1016679,201900058210,9,21,23:00,5,1,2,1.0,3.0,38503,RD 1090,M,"45,3235130","5,9333240",38,2019,50.0,1.0,1.0,3.0,2273807,1.0,1,3,1,5.0,,0.0,0,1991.0,A01,138Â 196Â 782,1.0,-1.0,-1.0,1735462,1.0,7,,0.0,2.0,8.0,A01,138Â 196Â 782,1.0
1016679,201900058210,9,21,23:00,5,1,2,1.0,3.0,38503,RD 1090,M,"45,3235130","5,9333240",38,2019,50.0,1.0,1.0,3.0,2273807,1.0,1,3,1,5.0,,0.0,0,1991.0,A01,138Â 196Â 782,1.0,-1.0,-1.0,1735463,2.0,7,,0.0,2.0,1.0,B01,138Â 196Â 784,1.0
1016679,201900058210,9,21,23:00,5,1,2,1.0,3.0,38503,RD 1090,M,"45,3235130","5,9333240",38,2019,50.0,1.0,1.0,3.0,2273808,1.0,1,4,1,5.0,,0.0,0,1979.0,B01,138Â 196Â 784,5.0,1.0,-1.0,1735462,1.0,7,,0.0,2.0,8.0,A01,138Â 196Â 782,1.0
1016679,201900058210,9,21,23:00,5,1,2,1.0,3.0,38503,RD 1090,M,"45,3235130","5,9333240",38,2019,50.0,1.0,1.0,3.0,2273808,1.0,1,4,1,5.0,,0.0,0,1979.0,B01,138Â 196Â 784,5.0,1.0,-1.0,1735463,2.0,7,,0.0,2.0,1.0,B01,138Â 196Â 784,1.0
1016680,201900058211,5,28,12:10,1,2,1,1.0,3.0,69278,175 Avenue des FrÃ¨res LumiÃ¨re,M,"45,8893740","4,8231280",69,2019,50.0,8.0,2.0,7.0,2273809,1.0,1,1,2,4.0,,0.0,0,1965.0,B01,138Â 196Â 780,1.0,-1.0,-1.0,1735464,3.0,7,,0.0,2.0,2.0,B01,138Â 196Â 780,1.0
1016680,201900058211,5,28,12:10,1,2,1,1.0,3.0,69278,175 Avenue des FrÃ¨res LumiÃ¨re,M,"45,8893740","4,8231280",69,2019,50.0,8.0,2.0,7.0,2273809,1.0,1,1,2,4.0,,0.0,0,1965.0,B01,138Â 196Â 780,1.0,-1.0,-1.0,1735465,3.0,1,,0.0,2.0,8.0,A01,138Â 196Â 781,5.0
1016680,201900058211,5,28,12:10,1,2,1,1.0,3.0,69278,175 Avenue des FrÃ¨res LumiÃ¨re,M,"45,8893740","4,8231280",69,2019,50.0,8.0,2.0,7.0,2273810,1.0,1,4,1,9.0,,0.0,0,1985.0,A01,138Â 196Â 781,0.0,-1.0,-1.0,1735464,3.0,7,,0.0,2.0,2.0,B01,138Â 196Â 780,1.0
1016680,201900058211,5,28,12:10,1,2,1,1.0,3.0,69278,175 Avenue des FrÃ¨res LumiÃ¨re,M,"45,8893740","4,8231280",69,2019,50.0,8.0,2.0,7.0,2273810,1.0,1,4,1,9.0,,0.0,0,1985.0,A01,138Â 196Â 781,0.0,-1.0,-1.0,1735465,3.0,1,,0.0,2.0,8.0,A01,138Â 196Â 781,5.0
1016681,201900058212,2,17,10:20,1,1,1,1.0,6.0,55051,RD 127,M,"48,5699360","5,3461800",55,2019,80.0,3.0,7.0,3.0,2273811,1.0,1,4,2,5.0,,0.0,0,1972.0,A01,138Â 196Â 773,1.0,-1.0,-1.0,1735466,2.0,7,,13.0,0.0,7.0,A01,138Â 196Â 773,1.0
1016682,201900058213,5,22,21:05,5,2,1,1.0,6.0,69003,Avenue Henri Barbusse,M,"45,8576460","4,8350980",69,2019,50.0,1.0,1.0,3.0,2273812,1.0,1,1,1,5.0,,0.0,0,2000.0,A01,138Â 196Â 772,1.0,-1.0,-1.0,1735467,0.0,7,,0.0,2.0,1.0,A01,138Â 196Â 772,1.0
1016682,201900058213,5,22,21:05,5,2,1,1.0,6.0,69003,Avenue Henri Barbusse,M,"45,8576460","4,8350980",69,2019,50.0,1.0,1.0,3.0,2273812,1.0,1,1,1,5.0,,0.0,0,2000.0,A01,138Â 196Â 772,1.0,-1.0,-1.0,1735468,0.0,7,,1.0,0.0,4.0,B01,138Â 196Â 776,1.0
1016682,201900058213,5,22,21:05,5,2,1,1.0,6.0,69003,Avenue Henri Barbusse,M,"45,8576460","4,8350980",69,2019,50.0,1.0,1.0,3.0,2273813,1.0,1,4,1,0.0,,0.0,0,1959.0,B01,138Â 196Â 776,1.0,-1.0,-1.0,1735467,0.0,7,,0.0,2.0,1.0,A01,138Â 196Â 772,1.0
1016682,201900058213,5,22,21:05,5,2,1,1.0,6.0,69003,Avenue Henri Barbusse,M,"45,8576460","4,8350980",69,2019,50.0,1.0,1.0,3.0,2273813,1.0,1,4,1,0.0,,0.0,0,1959.0,B01,138Â 196Â 776,1.0,-1.0,-1.0,1735468,0.0,7,,1.0,0.0,4.0,B01,138Â 196Â 776,1.0
1016683,201900058214,3,22,18:15,1,1,1,1.0,4.0,11069,MONTREAL -ROUTE DE -,M,"43,2135100","2,3016800",11,2019,80.0,1.0,1.0,3.0,2273814,1.0,1,1,2,0.0,,0.0,0,1994.0,A01,138Â 196Â 771,1.0,0.0,-1.0,1735469,2.0,7,,0.0,2.0,1.0,A01,138Â 196Â 771,1.0
1016683,201900058214,3,22,18:15,1,1,1,1.0,4.0,11069,MONTREAL -ROUTE DE -,M,"43,2135100","2,3016800",11,2019,80.0,1.0,1.0,3.0,2273814,1.0,1,1,2,0.0,,0.0,0,1994.0,A01,138Â 196Â 771,1.0,0.0,-1.0,1735470,2.0,7,,0.0,2.0,4.0,B01,138Â 196Â 774,1.0
1016683,201900058214,3,22,18:15,1,1,1,1.0,4.0,11069,MONTREAL -ROUTE DE -,M,"43,2135100","2,3016800",11,2019,80.0,1.0,1.0,3.0,2273814,1.0,1,1,2,0.0,,0.0,0,1994.0,A01,138Â 196Â 771,1.0,0.0,-1.0,1735471,1.0,7,,0.0,2.0,4.0,C01,138Â 196Â 775,1.0