Unnamed: 0_x,num_acc,mois,jour,hrmn,lum,agg,int,atm,col,com,adr,gps,lat,long,dep,annee,vma,situ,surf,catr,Unnamed: 0_y,place,catu,grav,sexe,trajet,secu,locp,actp,an_nais,num_veh_x,id_vehicule_x,secu1,secu2,secu3,Unnamed: 0,senc,catv,occutc,obs,obsm,choc,num_veh_y,id_vehicule_y,motor
1016683,201900058214,3,22,18:15,1,1,1,1.0,4.0,11069,MONTREAL -ROUTE DE -,M,"43,2135100","2,3016800",11,2019,80.0,1.0,1.0,3.0,2273814,1.0,1,1,2,0.0,,0.0,0,1994.0,A01,138Â 196Â 771,1.0,0.0,-1.0,1735472,2.0,7,,0.0,2.0,8.0,D01,138Â 196Â 777,1.0
1016683,201900058214,3,22,18:15,1,1,1,1.0,4.0,11069,MONTREAL -ROUTE DE -,M,"43,2135100","2,3016800",11,2019,80.0,1.0,1.0,3.0,2273815,1.0,1,4,2,1.0,,0.0,0,1968.0,B01,138Â 196Â 774,1.0,0.0,-1.0,1735469,2.0,7,,0.0,2.0,1.0,A01,138Â 196Â 771,1.0
1016683,201900058214,3,22,18:15,1,1,1,1.0,4.0,11069,MONTREAL -ROUTE DE -,M,"43,2135100","2,3016800",11,2019,80.0,1.0,1.0,3.0,2273815,1.0,1,4,2,1.0,,0.0,0,1968.0,B01,138Â 196Â 774,1.0,0.0,-1.0,1735470,2.0,7,,0.0,2.0,4.0,B01,138Â 196Â 774,1.0
1016683,201900058214,3,22,18:15,1,1,1,1.0,4.0,11069,MONTREAL -ROUTE DE -,M,"43,2135100","2,3016800",11,2019,80.0,1.0,1.0,3.0,2273815,1.0,1,4,2,1.0,,0.0,0,1968.0,B01,138Â 196Â 774,1.0,0.0,-1.0,1735471,1.0,7,,0.0,2.0,4.0,C01,138Â 196Â 775,1.0
1016683,201900058214,3,22,18:15,1,1,1,1.0,4.0,11069,MONTREAL -ROUTE DE -,M,"43,2135100","2,3016800",11,2019,80.0,1.0,1.0,3.0,2273815,1.0,1,4,2,1.0,,0.0,0,1968.0,B01,138Â 196Â 774,1.0,0.0,-1.0,1735472,2.0,7,,0.0,2.0,8.0,D01,138Â 196Â 777,1.0
1016683,201900058214,3,22,18:15,1,1,1,1.0,4.0,11069,MONTREAL -ROUTE DE -,M,"43,2135100","2,3016800",11,2019,80.0,1.0,1.0,3.0,2273816,1.0,1,1,1,5.0,,0.0,0,1989.0,C01,138Â 196Â 775,1.0,0.0,-1.0,1735469,2.0,7,,0.0,2.0,1.0,A01,138Â 196Â 771,1.0
1016683,201900058214,3,22,18:15,1,1,1,1.0,4.0,11069,MONTREAL -ROUTE DE -,M,"43,2135100","2,3016800",11,2019,80.0,1.0,1.0,3.0,2273816,1.0,1,1,1,5.0,,0.0,0,1989.0,C01,138Â 196Â 775,1.0,0.0,-1.0,1735470,2.0,7,,0.0,2.0,4.0,B01,138Â 196Â 774,1.0
1016683,201900058214,3,22,18:15,1,1,1,1.0,4.0,11069,MONTREAL -ROUTE DE -,M,"43,2135100","2,3016800",11,2019,80.0,1.0,1.0,3.0,2273816,1.0,1,1,1,5.0,,0.0,0,1989.0,C01,138Â 196Â 775,1.0,0.0,-1.0,1735471,1.0,7,,0.0,2.0,4.0,C01,138Â 196Â 775,1.0
1016683,201900058214,3,22,18:15,1,1,1,1.0,4.0,11069,MONTREAL -ROUTE DE -,M,"43,2135100","2,3016800",11,2019,80.0,1.0,1.0,3.0,2273816,1.0,1,1,1,5.0,,0.0,0,1989.0,C01,138Â 196Â 775,1.0,0.0,-1.0,1735472,2.0,7,,0.0,2.0,8.0,D01,138Â 196Â 777,1.0
1016683,201900058214,3,22,18:15,1,1,1,1.0,4.0,11069,MONTREAL -ROUTE DE -,M,"43,2135100","2,3016800",11,2019,80.0,1.0,1.0,3.0,2273817,1.0,1,1,1,5.0,,0.0,0,1985.0,D01,138Â 196Â 777,1.0,0.0,-1.0,1735469,2.0,7,,0.0,2.0,1.0,A01,138Â 196Â 771,1.0
1016683,201900058214,3,22,18:15,1,1,1,1.0,4.0,11069,MONTREAL -ROUTE DE -,M,"43,2135100","2,3016800",11,2019,80.0,1.0,1.0,3.0,2273817,1.0,1,1,1,5.0,,0.0,0,1985.0,D01,138Â 196Â 777,1.0,0.0,-1.0,1735470,2.0,7,,0.0,2.0,4.0,B01,138Â 196Â 774,1.0
1016683,201900058214,3,22,18:15,1,1,1,1.0,4.0,11069,MONTREAL -ROUTE DE -,M,"43,2135100","2,3016800",11,2019,80.0,1.0,1.0,3.0,2273817,1.0,1,1,1,5.0,,0.0,0,1985.0,D01,138Â 196Â 777,1.0,0.0,-1.0,1735471,1.0,7,,0.0,2.0,4.0,C01,138Â 196Â 775,1.0
1016683,201900058214,3,22,18:15,1,1,1,1.0,4.0,11069,MONTREAL -ROUTE DE -,M,"43,2135100","2,3016800",11,2019,80.0,1.0,1.0,3.0,2273817,1.0,1,1,1,5.0,,0.0,0,1985.0,D01,138Â 196Â 777,1.0,0.0,-1.0,1735472,2.0,7,,0.0,2.0,8.0,D01,138Â 196Â 777,1.0
1016684,201900058215,5,1,21:00,5,2,1,1.0,3.0,69003,QUAI GENERAL DE GAULLE,M,"45,8647270","4,8317470",69,2019,50.0,1.0,1.0,3.0,2273818,1.0,1,1,1,5.0,,0.0,0,2000.0,B01,138Â 196Â 767,8.0,-1.0,-1.0,1735473,0.0,7,,0.0,2.0,7.0,B01,138Â 196Â 767,1.0
1016684,201900058215,5,1,21:00,5,2,1,1.0,3.0,69003,QUAI GENERAL DE GAULLE,M,"45,8647270","4,8317470",69,2019,50.0,1.0,1.0,3.0,2273818,1.0,1,1,1,5.0,,0.0,0,2000.0,B01,138Â 196Â 767,8.0,-1.0,-1.0,1735474,0.0,7,,6.0,2.0,9.0,A01,138Â 196Â 769,1.0
1016684,201900058215,5,1,21:00,5,2,1,1.0,3.0,69003,QUAI GENERAL DE GAULLE,M,"45,8647270","4,8317470",69,2019,50.0,1.0,1.0,3.0,2273819,1.0,1,3,1,4.0,,0.0,0,1993.0,A01,138Â 196Â 769,8.0,-1.0,-1.0,1735473,0.0,7,,0.0,2.0,7.0,B01,138Â 196Â 767,1.0
1016684,201900058215,5,1,21:00,5,2,1,1.0,3.0,69003,QUAI GENERAL DE GAULLE,M,"45,8647270","4,8317470",69,2019,50.0,1.0,1.0,3.0,2273819,1.0,1,3,1,4.0,,0.0,0,1993.0,A01,138Â 196Â 769,8.0,-1.0,-1.0,1735474,0.0,7,,6.0,2.0,9.0,A01,138Â 196Â 769,1.0
1016685,201900058216,3,26,16:15,1,2,1,1.0,1.0,06088,MANTEGA-RIGHI (BD),M,"43,7108350","7,2523820",6,2019,50.0,1.0,1.0,4.0,2273820,1.0,1,4,2,1.0,,-1.0, -1,1990.0,B01,138Â 196Â 765,1.0,8.0,-1.0,1735475,2.0,7,,0.0,2.0,1.0,B01,138Â 196Â 765,1.0
1016685,201900058216,3,26,16:15,1,2,1,1.0,1.0,06088,MANTEGA-RIGHI (BD),M,"43,7108350","7,2523820",6,2019,50.0,1.0,1.0,4.0,2273820,1.0,1,4,2,1.0,,-1.0, -1,1990.0,B01,138Â 196Â 765,1.0,8.0,-1.0,1735476,1.0,7,,1.0,2.0,1.0,A01,138Â 196Â 768,1.0
1016685,201900058216,3,26,16:15,1,2,1,1.0,1.0,06088,MANTEGA-RIGHI (BD),M,"43,7108350","7,2523820",6,2019,50.0,1.0,1.0,4.0,2273821,1.0,1,4,1,5.0,,-1.0, -1,1995.0,A01,138Â 196Â 768,1.0,8.0,-1.0,1735475,2.0,7,,0.0,2.0,1.0,B01,138Â 196Â 765,1.0
1016685,201900058216,3,26,16:15,1,2,1,1.0,1.0,06088,MANTEGA-RIGHI (BD),M,"43,7108350","7,2523820",6,2019,50.0,1.0,1.0,4.0,2273821,1.0,1,4,1,5.0,,-1.0, -1,1995.0,A01,138Â 196Â 768,1.0,8.0,-1.0,1735476,1.0,7,,1.0,2.0,1.0,A01,138Â 196Â 768,1.0
1016686,201900058217,2,14,14:15,1,1,1,1.0,6.0,49123,CD 205,M,"47,2210570"," -0,1210540",49,2019,80.0,1.0,1.0,3.0,2273822,1.0,1,4,2,5.0,,0.0,0,1996.0,B01,138Â 196Â 764,2.0,6.0,9.0,1735477,0.0,33,,13.0,0.0,0.0,B01,138Â 196Â 764,1.0
1016686,201900058217,2,14,14:15,1,1,1,1.0,6.0,49123,CD 205,M,"47,2210570"," -0,1210540",49,2019,80.0,1.0,1.0,3.0,2273822,1.0,1,4,2,5.0,,0.0,0,1996.0,B01,138Â 196Â 764,2.0,6.0,9.0,1735478,0.0,7,,0.0,0.0,0.0,A01,138Â 196Â 766,1.0
1016687,201900058218,5,6,17:40,1,2,1,1.0,3.0,69116,,M,"45,8368640","4,7715450",69,2019,70.0,1.0,1.0,3.0,2273823,1.0,1,4,1,5.0,,0.0,0,1998.0,B01,138Â 196Â 762,2.0,6.0,9.0,1735479,1.0,33,,0.0,2.0,8.0,B01,138Â 196Â 762,1.0
1016687,201900058218,5,6,17:40,1,2,1,1.0,3.0,69116,,M,"45,8368640","4,7715450",69,2019,70.0,1.0,1.0,3.0,2273823,1.0,1,4,1,5.0,,0.0,0,1998.0,B01,138Â 196Â 762,2.0,6.0,9.0,1735480,2.0,7,,0.0,2.0,3.0,A01,138Â 196Â 763,1.0
1016687,201900058218,5,6,17:40,1,2,1,1.0,3.0,69116,,M,"45,8368640","4,7715450",69,2019,70.0,1.0,1.0,3.0,2273824,1.0,1,1,1,5.0,,0.0,0,2000.0,A01,138Â 196Â 763,1.0,-1.0,-1.0,1735479,1.0,33,,0.0,2.0,8.0,B01,138Â 196Â 762,1.0
1016687,201900058218,5,6,17:40,1,2,1,1.0,3.0,69116,,M,"45,8368640","4,7715450",69,2019,70.0,1.0,1.0,3.0,2273824,1.0,1,1,1,5.0,,0.0,0,2000.0,A01,138Â 196Â 763,1.0,-1.0,-1.0,1735480,2.0,7,,0.0,2.0,3.0,A01,138Â 196Â 763,1.0
1016688,201900058219,3,26,18:10,1,2,1,1.0,6.0,06069,MOULIN DE BRUN (CHEMIN ET TRAVERSE DU),M,"43,6539700","6,9441100",6,2019,50.0,1.0,1.0,4.0,2273825,1.0,1,1,1,0.0,,0.0,0,1995.0,A01,138Â 196Â 761,8.0,0.0,-1.0,1735481,2.0,7,,0.0,1.0,1.0,A01,138Â 196Â 761,1.0
1016688,201900058219,3,26,18:10,1,2,1,1.0,6.0,06069,MOULIN DE BRUN (CHEMIN ET TRAVERSE DU),M,"43,6539700","6,9441100",6,2019,50.0,1.0,1.0,4.0,2273826,10.0,3,4,2,5.0,,3.0,B,2001.0,A01,138Â 196Â 761,8.0,0.0,-1.0,1735481,2.0,7,,0.0,1.0,1.0,A01,138Â 196Â 761,1.0
1016688,201900058219,3,26,18:10,1,2,1,1.0,6.0,06069,MOULIN DE BRUN (CHEMIN ET TRAVERSE DU),M,"43,6539700","6,9441100",6,2019,50.0,1.0,1.0,4.0,2273827,10.0,3,4,2,0.0,,3.0,B,2001.0,A01,138Â 196Â 761,8.0,0.0,-1.0,1735481,2.0,7,,0.0,1.0,1.0,A01,138Â 196Â 761,1.0
1016689,201900058220,5,23,13:40,1,1,1,1.0,2.0,69055,Route de MorancÃ©,M,"45,8863730","4,7381970",69,2019,70.0,1.0,1.0,3.0,2273828,1.0,1,1,1,4.0,,0.0,0,1990.0,B01,138Â 196Â 758,1.0,-1.0,-1.0,1735482,1.0,10,,0.0,9.0,1.0,B01,138Â 196Â 758,1.0
1016689,201900058220,5,23,13:40,1,1,1,1.0,2.0,69055,Route de MorancÃ©,M,"45,8863730","4,7381970",69,2019,70.0,1.0,1.0,3.0,2273828,1.0,1,1,1,4.0,,0.0,0,1990.0,B01,138Â 196Â 758,1.0,-1.0,-1.0,1735483,1.0,1,,0.0,0.0,4.0,A01,138Â 196Â 760,5.0
1016689,201900058220,5,23,13:40,1,1,1,1.0,2.0,69055,Route de MorancÃ©,M,"45,8863730","4,7381970",69,2019,70.0,1.0,1.0,3.0,2273829,1.0,1,3,1,5.0,,0.0,0,1948.0,A01,138Â 196Â 760,2.0,-1.0,-1.0,1735482,1.0,10,,0.0,9.0,1.0,B01,138Â 196Â 758,1.0
1016689,201900058220,5,23,13:40,1,1,1,1.0,2.0,69055,Route de MorancÃ©,M,"45,8863730","4,7381970",69,2019,70.0,1.0,1.0,3.0,2273829,1.0,1,3,1,5.0,,0.0,0,1948.0,A01,138Â 196Â 760,2.0,-1.0,-1.0,1735483,1.0,1,,0.0,0.0,4.0,A01,138Â 196Â 760,5.0
1016690,201900058221,10,24,09:50,1,2,6,1.0,1.0,69266,RICHELIEU     (Rue),M,"45,7593400","4,8770300",69,2019,50.0,1.0,1.0,4.0,2273830,10.0,3,4,1,9.0,,0.0,0,1975.0,Y01,138Â 196Â 753,8.0,0.0,-1.0,1735484,2.0,50,,0.0,2.0,7.0,Y01,138Â 196Â 753,3.0
1016690,201900058221,10,24,09:50,1,2,6,1.0,1.0,69266,RICHELIEU     (Rue),M,"45,7593400","4,8770300",69,2019,50.0,1.0,1.0,4.0,2273830,10.0,3,4,1,9.0,,0.0,0,1975.0,Y01,138Â 196Â 753,8.0,0.0,-1.0,1735485,1.0,7,,0.0,1.0,3.0,A01,138Â 196Â 778,1.0
1016690,201900058221,10,24,09:50,1,2,6,1.0,1.0,69266,RICHELIEU     (Rue),M,"45,7593400","4,8770300",69,2019,50.0,1.0,1.0,4.0,2273831,1.0,1,1,2,5.0,,0.0,0,1962.0,A01,138Â 196Â 778,1.0,0.0,-1.0,1735484,2.0,50,,0.0,2.0,7.0,Y01,138Â 196Â 753,3.0
1016690,201900058221,10,24,09:50,1,2,6,1.0,1.0,69266,RICHELIEU     (Rue),M,"45,7593400","4,8770300",69,2019,50.0,1.0,1.0,4.0,2273831,1.0,1,1,2,5.0,,0.0,0,1962.0,A01,138Â 196Â 778,1.0,0.0,-1.0,1735485,1.0,7,,0.0,1.0,3.0,A01,138Â 196Â 778,1.0
1016691,201900058222,3,26,18:30,2,2,1,1.0,3.0,75112,ECHANGEUR BERCY,M,"48,8291100","2,3999710",75,2019,70.0,1.0,1.0,4.0,2273832,1.0,1,1,1,1.0,,0.0,0,1969.0,B01,138Â 196Â 755,1.0,0.0,-1.0,1735486,1.0,7,,0.0,2.0,5.0,B01,138Â 196Â 755,1.0
1016691,201900058222,3,26,18:30,2,2,1,1.0,3.0,75112,ECHANGEUR BERCY,M,"48,8291100","2,3999710",75,2019,70.0,1.0,1.0,4.0,2273832,1.0,1,1,1,1.0,,0.0,0,1969.0,B01,138Â 196Â 755,1.0,0.0,-1.0,1735487,1.0,33,,0.0,2.0,1.0,A01,138Â 196Â 757,1.0
1016691,201900058222,3,26,18:30,2,2,1,1.0,3.0,75112,ECHANGEUR BERCY,M,"48,8291100","2,3999710",75,2019,70.0,1.0,1.0,4.0,2273833,2.0,1,4,1,4.0,,0.0,0,1978.0,A01,138Â 196Â 757,2.0,6.0,-1.0,1735486,1.0,7,,0.0,2.0,5.0,B01,138Â 196Â 755,1.0
1016691,201900058222,3,26,18:30,2,2,1,1.0,3.0,75112,ECHANGEUR BERCY,M,"48,8291100","2,3999710",75,2019,70.0,1.0,1.0,4.0,2273833,2.0,1,4,1,4.0,,0.0,0,1978.0,A01,138Â 196Â 757,2.0,6.0,-1.0,1735487,1.0,33,,0.0,2.0,1.0,A01,138Â 196Â 757,1.0
1016692,201900058223,5,21,13:55,1,1,1,1.0,2.0,69049,Route de Limonest,M,"45,8648460","4,7516380",69,2019,80.0,1.0,1.0,3.0,2273834,1.0,1,4,1,5.0,,0.0,0,1972.0,A01,138Â 196Â 756,2.0,-1.0,-1.0,1735488,2.0,7,,0.0,9.0,1.0,B01,138Â 196Â 750,0.0
1016692,201900058223,5,21,13:55,1,1,1,1.0,2.0,69049,Route de Limonest,M,"45,8648460","4,7516380",69,2019,80.0,1.0,1.0,3.0,2273834,1.0,1,4,1,5.0,,0.0,0,1972.0,A01,138Â 196Â 756,2.0,-1.0,-1.0,1735489,2.0,1,,0.0,0.0,4.0,A01,138Â 196Â 756,5.0
1016693,201900058224,10,23,20:15,5,2,1,3.0,6.0,69266,JULES GRANDCLEMENT    (Place),M,"45,7588500","4,8876100",69,2019,50.0,1.0,3.0,4.0,2273835,1.0,1,1,2,1.0,,-1.0, -1,1989.0,A01,138Â 196Â 749,1.0,0.0,-1.0,1735490,2.0,7,,0.0,1.0,1.0,A01,138Â 196Â 749,1.0
1016693,201900058224,10,23,20:15,5,2,1,3.0,6.0,69266,JULES GRANDCLEMENT    (Place),M,"45,7588500","4,8876100",69,2019,50.0,1.0,3.0,4.0,2273836,10.0,3,4,1,5.0,,2.0,3,1954.0,A01,138Â 196Â 749,8.0,0.0,-1.0,1735490,2.0,7,,0.0,1.0,1.0,A01,138Â 196Â 749,1.0
1016694,201900058225,5,17,17:00,1,2,1,2.0,6.0,69116,535 Route de Saint-Didier,M,"45,8320320","4,7758020",69,2019,50.0,1.0,2.0,3.0,2273837,1.0,1,1,2,5.0,,0.0,0,1955.0,B01,138Â 196Â 745,1.0,-1.0,-1.0,1735491,1.0,7,,0.0,2.0,1.0,B01,138Â 196Â 745,1.0
1016694,201900058225,5,17,17:00,1,2,1,2.0,6.0,69116,535 Route de Saint-Didier,M,"45,8320320","4,7758020",69,2019,50.0,1.0,2.0,3.0,2273837,1.0,1,1,2,5.0,,0.0,0,1955.0,B01,138Â 196Â 745,1.0,-1.0,-1.0,1735492,2.0,3,,0.0,2.0,3.0,A01,138Â 196Â 747,1.0
1016694,201900058225,5,17,17:00,1,2,1,2.0,6.0,69116,535 Route de Saint-Didier,M,"45,8320320","4,7758020",69,2019,50.0,1.0,2.0,3.0,2273838,1.0,1,3,2,5.0,,0.0,0,2001.0,A01,138Â 196Â 747,1.0,-1.0,-1.0,1735491,1.0,7,,0.0,2.0,1.0,B01,138Â 196Â 745,1.0
1016694,201900058225,5,17,17:00,1,2,1,2.0,6.0,69116,535 Route de Saint-Didier,M,"45,8320320","4,7758020",69,2019,50.0,1.0,2.0,3.0,2273838,1.0,1,3,2,5.0,,0.0,0,2001.0,A01,138Â 196Â 747,1.0,-1.0,-1.0,1735492,2.0,3,,0.0,2.0,3.0,A01,138Â 196Â 747,1.0
1016695,201900058226,3,26,06:55,2,2,1,1.0,2.0,75112,PORTE DOREE,M,"48,8359910","2,4120530",75,2019,70.0,1.0,1.0,4.0,2273839,1.0,1,4,1,4.0,,0.0,0,1984.0,A01,138Â 196Â 746,1.0,0.0,-1.0,1735493,1.0,10,,0.0,2.0,1.0,A01,138Â 196Â 746,1.0
1016695,201900058226,3,26,06:55,2,2,1,1.0,2.0,75112,PORTE DOREE,M,"48,8359910","2,4120530",75,2019,70.0,1.0,1.0,4.0,2273839,1.0,1,4,1,4.0,,0.0,0,1984.0,A01,138Â 196Â 746,1.0,0.0,-1.0,1735494,1.0,7,,0.0,2.0,4.0,B01,138Â 196Â 748,1.0
1016695,201900058226,3,26,06:55,2,2,1,1.0,2.0,75112,PORTE DOREE,M,"48,8359910","2,4120530",75,2019,70.0,1.0,1.0,4.0,2273840,1.0,1,1,2,1.0,,0.0,0,1989.0,B01,138Â 196Â 748,1.0,0.0,-1.0,1735493,1.0,10,,0.0,2.0,1.0,A01,138Â 196Â 746,1.0
1016695,201900058226,3,26,06:55,2,2,1,1.0,2.0,75112,PORTE DOREE,M,"48,8359910","2,4120530",75,2019,70.0,1.0,1.0,4.0,2273840,1.0,1,1,2,1.0,,0.0,0,1989.0,B01,138Â 196Â 748,1.0,0.0,-1.0,1735494,1.0,7,,0.0,2.0,4.0,B01,138Â 196Â 748,1.0
1016696,201900058227,5,23,21:33,2,2,1,1.0,6.0,69127,1829 Route de Sain-Bel,M,"45,7893250","4,7118650",69,2019,-1.0,1.0,1.0,3.0,2273841,1.0,1,4,1,1.0,,0.0,0,1995.0,A01,138Â 196Â 743,1.0,-1.0,-1.0,1735495,1.0,7,,13.0,0.0,0.0,A01,138Â 196Â 743,1.0
1016697,201900058228,9,22,13:21,1,1,1,1.0,1.0,38029,Route du Tram,M,"45,5800500","5,5360900",38,2019,80.0,1.0,1.0,3.0,2273842,1.0,1,3,1,0.0,,0.0,0,1970.0,B01,138Â 196Â 740,1.0,-1.0,-1.0,1735496,2.0,7,,3.0,2.0,3.0,B01,138Â 196Â 740,1.0
1016697,201900058228,9,22,13:21,1,1,1,1.0,1.0,38029,Route du Tram,M,"45,5800500","5,5360900",38,2019,80.0,1.0,1.0,3.0,2273842,1.0,1,3,1,0.0,,0.0,0,1970.0,B01,138Â 196Â 740,1.0,-1.0,-1.0,1735497,1.0,7,,3.0,2.0,1.0,A01,138Â 196Â 752,1.0
1016697,201900058228,9,22,13:21,1,1,1,1.0,1.0,38029,Route du Tram,M,"45,5800500","5,5360900",38,2019,80.0,1.0,1.0,3.0,2273843,1.0,1,3,1,5.0,,0.0,0,1977.0,A01,138Â 196Â 752,1.0,-1.0,-1.0,1735496,2.0,7,,3.0,2.0,3.0,B01,138Â 196Â 740,1.0
1016697,201900058228,9,22,13:21,1,1,1,1.0,1.0,38029,Route du Tram,M,"45,5800500","5,5360900",38,2019,80.0,1.0,1.0,3.0,2273843,1.0,1,3,1,5.0,,0.0,0,1977.0,A01,138Â 196Â 752,1.0,-1.0,-1.0,1735497,1.0,7,,3.0,2.0,1.0,A01,138Â 196Â 752,1.0
1016698,201900058229,3,26,14:58,1,2,3,1.0,2.0,75116,ROUTE DES TRIBUNES,M,"48,8619720","2,2303840",75,2019,50.0,1.0,1.0,4.0,2273844,1.0,1,3,1,5.0,,0.0,0,1965.0,A01,138Â 196Â 741,2.0,0.0,-1.0,1735498,3.0,1,,0.0,2.0,1.0,A01,138Â 196Â 741,5.0
1016698,201900058229,3,26,14:58,1,2,3,1.0,2.0,75116,ROUTE DES TRIBUNES,M,"48,8619720","2,2303840",75,2019,50.0,1.0,1.0,4.0,2273844,1.0,1,3,1,5.0,,0.0,0,1965.0,A01,138Â 196Â 741,2.0,0.0,-1.0,1735499,3.0,1,,0.0,2.0,0.0,B01,138Â 196Â 742,5.0
1016698,201900058229,3,26,14:58,1,2,3,1.0,2.0,75116,ROUTE DES TRIBUNES,M,"48,8619720","2,2303840",75,2019,50.0,1.0,1.0,4.0,2273845,1.0,1,1,1,5.0,,0.0,0,1999.0,B01,138Â 196Â 742,2.0,0.0,-1.0,1735498,3.0,1,,0.0,2.0,1.0,A01,138Â 196Â 741,5.0
1016698,201900058229,3,26,14:58,1,2,3,1.0,2.0,75116,ROUTE DES TRIBUNES,M,"48,8619720","2,2303840",75,2019,50.0,1.0,1.0,4.0,2273845,1.0,1,1,1,5.0,,0.0,0,1999.0,B01,138Â 196Â 742,2.0,0.0,-1.0,1735499,3.0,1,,0.0,2.0,0.0,B01,138Â 196Â 742,5.0
1016699,201900058230,5,15,12:50,1,2,1,1.0,6.0,69250,92 route de Paris,M,"45,8154489","4,7150832",69,2019,50.0,1.0,1.0,3.0,2273846,10.0,3,3,1,2.0,,3.0,3,2006.0,A01,138Â 196Â 739,0.0,-1.0,-1.0,1735500,1.0,7,,0.0,1.0,2.0,A01,138Â 196Â 739,0.0
1016699,201900058230,5,15,12:50,1,2,1,1.0,6.0,69250,92 route de Paris,M,"45,8154489","4,7150832",69,2019,50.0,1.0,1.0,3.0,2273847,1.0,1,1,1,1.0,,0.0,0,1963.0,A01,138Â 196Â 739,1.0,-1.0,-1.0,1735500,1.0,7,,0.0,1.0,2.0,A01,138Â 196Â 739,0.0
1016700,201900058231,9,22,15:25,1,2,6,3.0,6.0,58303,53 Rue Louis Bodin,M,"47,0119330","3,1389430",58,2019,50.0,1.0,2.0,4.0,2273848,10.0,3,3,2,5.0,,2.0,2,1947.0,A01,138Â 196Â 738,0.0,-1.0,-1.0,1735501,0.0,0,,0.0,1.0,4.0,A01,138Â 196Â 738,0.0
1016701,201900058232,8,13,22:25,4,1,1,1.0,2.0,97302,ROUTE NATIONALE 1,M,"4,9148921"," -52,3298121",973,2019,90.0,1.0,1.0,2.0,2273849,1.0,1,4,1,0.0,,-1.0, -1,1986.0,B01,138Â 196Â 751,2.0,0.0,-1.0,1735502,1.0,2,,0.0,0.0,4.0,B01,138Â 196Â 751,1.0
1016701,201900058232,8,13,22:25,4,1,1,1.0,2.0,97302,ROUTE NATIONALE 1,M,"4,9148921"," -52,3298121",973,2019,90.0,1.0,1.0,2.0,2273849,1.0,1,4,1,0.0,,-1.0, -1,1986.0,B01,138Â 196Â 751,2.0,0.0,-1.0,1735503,1.0,7,,0.0,2.0,2.0,A01,138Â 196Â 779,1.0
1016701,201900058232,8,13,22:25,4,1,1,1.0,2.0,97302,ROUTE NATIONALE 1,M,"4,9148921"," -52,3298121",973,2019,90.0,1.0,1.0,2.0,2273850,1.0,1,1,1,0.0,,-1.0, -1,1960.0,A01,138Â 196Â 779,1.0,0.0,-1.0,1735502,1.0,2,,0.0,0.0,4.0,B01,138Â 196Â 751,1.0
1016701,201900058232,8,13,22:25,4,1,1,1.0,2.0,97302,ROUTE NATIONALE 1,M,"4,9148921"," -52,3298121",973,2019,90.0,1.0,1.0,2.0,2273850,1.0,1,1,1,0.0,,-1.0, -1,1960.0,A01,138Â 196Â 779,1.0,0.0,-1.0,1735503,1.0,7,,0.0,2.0,2.0,A01,138Â 196Â 779,1.0
1016702,201900058233,2,14,18:15,2,1,1,1.0,1.0,12208,SAUVEPLANE,M,"43,9718360","2,7975470",12,2019,80.0,1.0,1.0,3.0,2273851,1.0,1,1,2,5.0,,0.0,0,1981.0,A01,138Â 196Â 754,1.0,-1.0,-1.0,1735504,2.0,10,,0.0,2.0,3.0,A01,138Â 196Â 754,1.0
1016702,201900058233,2,14,18:15,2,1,1,1.0,1.0,12208,SAUVEPLANE,M,"43,9718360","2,7975470",12,2019,80.0,1.0,1.0,3.0,2273851,1.0,1,1,2,5.0,,0.0,0,1981.0,A01,138Â 196Â 754,1.0,-1.0,-1.0,1735505,1.0,7,,0.0,2.0,3.0,B01,138Â 196Â 759,1.0
1016702,201900058233,2,14,18:15,2,1,1,1.0,1.0,12208,SAUVEPLANE,M,"43,9718360","2,7975470",12,2019,80.0,1.0,1.0,3.0,2273852,1.0,1,4,1,1.0,,0.0,0,1974.0,B01,138Â 196Â 759,1.0,-1.0,-1.0,1735504,2.0,10,,0.0,2.0,3.0,A01,138Â 196Â 754,1.0
1016702,201900058233,2,14,18:15,2,1,1,1.0,1.0,12208,SAUVEPLANE,M,"43,9718360","2,7975470",12,2019,80.0,1.0,1.0,3.0,2273852,1.0,1,4,1,1.0,,0.0,0,1974.0,B01,138Â 196Â 759,1.0,-1.0,-1.0,1735505,1.0,7,,0.0,2.0,3.0,B01,138Â 196Â 759,1.0
1016703,201900058234,3,26,02:20,5,2,7,1.0,3.0,75119,PLACE DU COLONEL FABIEN,M,"48,8777610","2,3705990",75,2019,50.0,1.0,1.0,4.0,2273853,1.0,1,1,1,0.0,,0.0,0,1976.0,B01,138Â 196Â 736,1.0,0.0,-1.0,1735506,3.0,7,,0.0,2.0,3.0,B01,138Â 196Â 736,2.0
1016703,201900058234,3,26,02:20,5,2,7,1.0,3.0,75119,PLACE DU COLONEL FABIEN,M,"48,8777610","2,3705990",75,2019,50.0,1.0,1.0,4.0,2273853,1.0,1,1,1,0.0,,0.0,0,1976.0,B01,138Â 196Â 736,1.0,0.0,-1.0,1735507,3.0,1,,0.0,2.0,1.0,A01,138Â 196Â 737,5.0
1016703,201900058234,3,26,02:20,5,2,7,1.0,3.0,75119,PLACE DU COLONEL FABIEN,M,"48,8777610","2,3705990",75,2019,50.0,1.0,1.0,4.0,2273854,1.0,1,4,1,0.0,,0.0,0,1993.0,A01,138Â 196Â 737,2.0,0.0,-1.0,1735506,3.0,7,,0.0,2.0,3.0,B01,138Â 196Â 736,2.0