Unnamed: 0_x,num_acc,mois,jour,hrmn,lum,agg,int,atm,col,com,adr,gps,lat,long,dep,annee,vma,situ,surf,catr,Unnamed: 0_y,place,catu,grav,sexe,trajet,secu,locp,actp,an_nais,num_veh_x,id_vehicule_x,secu1,secu2,secu3,Unnamed: 0,senc,catv,occutc,obs,obsm,choc,num_veh_y,id_vehicule_y,motor
1016703,201900058234,3,26,02:20,5,2,7,1.0,3.0,75119,PLACE DU COLONEL FABIEN,M,"48,8777610","2,3705990",75,2019,50.0,1.0,1.0,4.0,2273854,1.0,1,4,1,0.0,,0.0,0,1993.0,A01,138Â 196Â 737,2.0,0.0,-1.0,1735507,3.0,1,,0.0,2.0,1.0,A01,138Â 196Â 737,5.0
1016704,201900058235,9,21,12:00,1,1,1,1.0,7.0,72291,La Blottiere,M,"47,7421750","0,0509460",72,2019,80.0,1.0,1.0,3.0,2273855,1.0,1,3,1,5.0,,0.0,0,1990.0,A01,138Â 196Â 734,2.0,-1.0,-1.0,1735508,1.0,31,,0.0,0.0,0.0,A01,138Â 196Â 734,1.0
1016705,201900058236,5,21,12:00,1,1,2,1.0,3.0,81219,La Bourdette Planette,M,"43,5494065","1,9961296",81,2019,80.0,1.0,1.0,3.0,2273856,1.0,1,1,2,2.0,,0.0,0,1983.0,A01,138Â 196Â 731,1.0,-1.0,-1.0,1735509,3.0,7,,0.0,2.0,2.0,A01,138Â 196Â 731,0.0
1016705,201900058236,5,21,12:00,1,1,2,1.0,3.0,81219,La Bourdette Planette,M,"43,5494065","1,9961296",81,2019,80.0,1.0,1.0,3.0,2273856,1.0,1,1,2,2.0,,0.0,0,1983.0,A01,138Â 196Â 731,1.0,-1.0,-1.0,1735510,1.0,7,,0.0,2.0,8.0,B01,138Â 196Â 735,0.0
1016705,201900058236,5,21,12:00,1,1,2,1.0,3.0,81219,La Bourdette Planette,M,"43,5494065","1,9961296",81,2019,80.0,1.0,1.0,3.0,2273857,1.0,1,3,2,2.0,,0.0,0,1974.0,B01,138Â 196Â 735,1.0,-1.0,-1.0,1735509,3.0,7,,0.0,2.0,2.0,A01,138Â 196Â 731,0.0
1016705,201900058236,5,21,12:00,1,1,2,1.0,3.0,81219,La Bourdette Planette,M,"43,5494065","1,9961296",81,2019,80.0,1.0,1.0,3.0,2273857,1.0,1,3,2,2.0,,0.0,0,1974.0,B01,138Â 196Â 735,1.0,-1.0,-1.0,1735510,1.0,7,,0.0,2.0,8.0,B01,138Â 196Â 735,0.0
1016706,201900058237,9,22,13:30,1,1,1,2.0,7.0,05011,D942,M,"44,5270860","6,1795340",5,2019,80.0,3.0,2.0,3.0,2273858,1.0,1,3,2,5.0,,0.0,0,1969.0,A01,138Â 196Â 729,1.0,-1.0,-1.0,1735511,1.0,7,,8.0,0.0,1.0,A01,138Â 196Â 729,1.0
1016707,201900058238,3,26,12:26,1,2,3,1.0,3.0,75118,BOULEVARD DE ROCHECHOUART,M,"48,8837020","2,3482450",75,2019,50.0,1.0,1.0,4.0,2273859,3.0,2,1,2,5.0,,0.0,0,1971.0,A01,138Â 196Â 727,1.0,0.0,-1.0,1735512,1.0,7,,0.0,2.0,5.0,A01,138Â 196Â 727,1.0
1016707,201900058238,3,26,12:26,1,2,3,1.0,3.0,75118,BOULEVARD DE ROCHECHOUART,M,"48,8837020","2,3482450",75,2019,50.0,1.0,1.0,4.0,2273859,3.0,2,1,2,5.0,,0.0,0,1971.0,A01,138Â 196Â 727,1.0,0.0,-1.0,1735513,1.0,2,,0.0,2.0,1.0,B01,138Â 196Â 730,1.0
1016707,201900058238,3,26,12:26,1,2,3,1.0,3.0,75118,BOULEVARD DE ROCHECHOUART,M,"48,8837020","2,3482450",75,2019,50.0,1.0,1.0,4.0,2273860,1.0,1,1,1,5.0,,0.0,0,1969.0,A01,138Â 196Â 727,1.0,0.0,-1.0,1735512,1.0,7,,0.0,2.0,5.0,A01,138Â 196Â 727,1.0
1016707,201900058238,3,26,12:26,1,2,3,1.0,3.0,75118,BOULEVARD DE ROCHECHOUART,M,"48,8837020","2,3482450",75,2019,50.0,1.0,1.0,4.0,2273860,1.0,1,1,1,5.0,,0.0,0,1969.0,A01,138Â 196Â 727,1.0,0.0,-1.0,1735513,1.0,2,,0.0,2.0,1.0,B01,138Â 196Â 730,1.0
1016707,201900058238,3,26,12:26,1,2,3,1.0,3.0,75118,BOULEVARD DE ROCHECHOUART,M,"48,8837020","2,3482450",75,2019,50.0,1.0,1.0,4.0,2273861,1.0,1,4,1,0.0,,0.0,0,1992.0,B01,138Â 196Â 730,2.0,6.0,-1.0,1735512,1.0,7,,0.0,2.0,5.0,A01,138Â 196Â 727,1.0
1016707,201900058238,3,26,12:26,1,2,3,1.0,3.0,75118,BOULEVARD DE ROCHECHOUART,M,"48,8837020","2,3482450",75,2019,50.0,1.0,1.0,4.0,2273861,1.0,1,4,1,0.0,,0.0,0,1992.0,B01,138Â 196Â 730,2.0,6.0,-1.0,1735513,1.0,2,,0.0,2.0,1.0,B01,138Â 196Â 730,1.0
1016708,201900058239,5,16,10:00,1,1,2,1.0,3.0,81143,En Pauliac,M,"43,5227550","2,1326400",81,2019,80.0,1.0,1.0,3.0,2273862,1.0,1,3,1,0.0,,0.0,0,1941.0,A01,138Â 196Â 726,1.0,-1.0,-1.0,1735514,3.0,7,,0.0,0.0,3.0,A01,138Â 196Â 726,1.0
1016708,201900058239,5,16,10:00,1,1,2,1.0,3.0,81143,En Pauliac,M,"43,5227550","2,1326400",81,2019,80.0,1.0,1.0,3.0,2273862,1.0,1,3,1,0.0,,0.0,0,1941.0,A01,138Â 196Â 726,1.0,-1.0,-1.0,1735515,2.0,7,,0.0,2.0,1.0,B01,138Â 196Â 728,1.0
1016708,201900058239,5,16,10:00,1,1,2,1.0,3.0,81143,En Pauliac,M,"43,5227550","2,1326400",81,2019,80.0,1.0,1.0,3.0,2273863,1.0,1,4,2,5.0,,0.0,0,1948.0,B01,138Â 196Â 728,1.0,-1.0,-1.0,1735514,3.0,7,,0.0,0.0,3.0,A01,138Â 196Â 726,1.0
1016708,201900058239,5,16,10:00,1,1,2,1.0,3.0,81143,En Pauliac,M,"43,5227550","2,1326400",81,2019,80.0,1.0,1.0,3.0,2273863,1.0,1,4,2,5.0,,0.0,0,1948.0,B01,138Â 196Â 728,1.0,-1.0,-1.0,1735515,2.0,7,,0.0,2.0,1.0,B01,138Â 196Â 728,1.0
1016709,201900058240,9,21,18:35,1,2,3,1.0,1.0,60471,Boulevard Carnot,M,"49,5777656","3,0032856",60,2019,50.0,1.0,1.0,3.0,2273864,1.0,1,3,1,5.0,,0.0,0,2004.0,A01,138Â 196Â 723,2.0,-1.0,-1.0,1735516,2.0,2,,0.0,2.0,2.0,A01,138Â 196Â 723,1.0
1016709,201900058240,9,21,18:35,1,2,3,1.0,1.0,60471,Boulevard Carnot,M,"49,5777656","3,0032856",60,2019,50.0,1.0,1.0,3.0,2273864,1.0,1,3,1,5.0,,0.0,0,2004.0,A01,138Â 196Â 723,2.0,-1.0,-1.0,1735517,2.0,7,,0.0,0.0,3.0,B01,138Â 196Â 725,1.0
1016709,201900058240,9,21,18:35,1,2,3,1.0,1.0,60471,Boulevard Carnot,M,"49,5777656","3,0032856",60,2019,50.0,1.0,1.0,3.0,2273865,2.0,2,1,1,5.0,,0.0,0,2009.0,A01,138Â 196Â 723,2.0,-1.0,-1.0,1735516,2.0,2,,0.0,2.0,2.0,A01,138Â 196Â 723,1.0
1016709,201900058240,9,21,18:35,1,2,3,1.0,1.0,60471,Boulevard Carnot,M,"49,5777656","3,0032856",60,2019,50.0,1.0,1.0,3.0,2273865,2.0,2,1,1,5.0,,0.0,0,2009.0,A01,138Â 196Â 723,2.0,-1.0,-1.0,1735517,2.0,7,,0.0,0.0,3.0,B01,138Â 196Â 725,1.0
1016709,201900058240,9,21,18:35,1,2,3,1.0,1.0,60471,Boulevard Carnot,M,"49,5777656","3,0032856",60,2019,50.0,1.0,1.0,3.0,2273866,1.0,1,1,1,5.0,,0.0,0,1931.0,B01,138Â 196Â 725,1.0,-1.0,-1.0,1735516,2.0,2,,0.0,2.0,2.0,A01,138Â 196Â 723,1.0
1016709,201900058240,9,21,18:35,1,2,3,1.0,1.0,60471,Boulevard Carnot,M,"49,5777656","3,0032856",60,2019,50.0,1.0,1.0,3.0,2273866,1.0,1,1,1,5.0,,0.0,0,1931.0,B01,138Â 196Â 725,1.0,-1.0,-1.0,1735517,2.0,7,,0.0,0.0,3.0,B01,138Â 196Â 725,1.0
1016710,201900058241,3,26,07:20,1,2,2,1.0,3.0,75117,RUE DE ROME,M,"48,8856730","2,3168210",75,2019,50.0,1.0,1.0,4.0,2273867,1.0,1,4,1,1.0,,0.0,0,1986.0,A01,138Â 196Â 722,2.0,0.0,-1.0,1735518,1.0,1,,0.0,2.0,1.0,A01,138Â 196Â 722,5.0
1016710,201900058241,3,26,07:20,1,2,2,1.0,3.0,75117,RUE DE ROME,M,"48,8856730","2,3168210",75,2019,50.0,1.0,1.0,4.0,2273867,1.0,1,4,1,1.0,,0.0,0,1986.0,A01,138Â 196Â 722,2.0,0.0,-1.0,1735519,1.0,37,1.0,0.0,2.0,7.0,B01,138Â 196Â 724,1.0
1016710,201900058241,3,26,07:20,1,2,2,1.0,3.0,75117,RUE DE ROME,M,"48,8856730","2,3168210",75,2019,50.0,1.0,1.0,4.0,2273868,1.0,1,1,1,4.0,,0.0,0,1987.0,B01,138Â 196Â 724,1.0,0.0,-1.0,1735518,1.0,1,,0.0,2.0,1.0,A01,138Â 196Â 722,5.0
1016710,201900058241,3,26,07:20,1,2,2,1.0,3.0,75117,RUE DE ROME,M,"48,8856730","2,3168210",75,2019,50.0,1.0,1.0,4.0,2273868,1.0,1,1,1,4.0,,0.0,0,1987.0,B01,138Â 196Â 724,1.0,0.0,-1.0,1735519,1.0,37,1.0,0.0,2.0,7.0,B01,138Â 196Â 724,1.0
1016711,201900058242,5,6,18:40,1,1,2,1.0,5.0,81251,RN 126,M,"43,5580130","2,0690400",81,2019,80.0,1.0,1.0,2.0,2273869,1.0,1,4,1,1.0,,0.0,0,1990.0,A01,138Â 196Â 719,1.0,-1.0,-1.0,1735520,1.0,7,,0.0,2.0,1.0,A01,138Â 196Â 719,0.0
1016711,201900058242,5,6,18:40,1,1,2,1.0,5.0,81251,RN 126,M,"43,5580130","2,0690400",81,2019,80.0,1.0,1.0,2.0,2273869,1.0,1,4,1,1.0,,0.0,0,1990.0,A01,138Â 196Â 719,1.0,-1.0,-1.0,1735521,2.0,7,,0.0,2.0,1.0,C01,138Â 196Â 720,1.0
1016711,201900058242,5,6,18:40,1,1,2,1.0,5.0,81251,RN 126,M,"43,5580130","2,0690400",81,2019,80.0,1.0,1.0,2.0,2273869,1.0,1,4,1,1.0,,0.0,0,1990.0,A01,138Â 196Â 719,1.0,-1.0,-1.0,1735522,1.0,7,,0.0,2.0,4.0,B01,138Â 196Â 721,1.0
1016711,201900058242,5,6,18:40,1,1,2,1.0,5.0,81251,RN 126,M,"43,5580130","2,0690400",81,2019,80.0,1.0,1.0,2.0,2273870,1.0,1,1,1,1.0,,0.0,0,1975.0,C01,138Â 196Â 720,1.0,-1.0,-1.0,1735520,1.0,7,,0.0,2.0,1.0,A01,138Â 196Â 719,0.0
1016711,201900058242,5,6,18:40,1,1,2,1.0,5.0,81251,RN 126,M,"43,5580130","2,0690400",81,2019,80.0,1.0,1.0,2.0,2273870,1.0,1,1,1,1.0,,0.0,0,1975.0,C01,138Â 196Â 720,1.0,-1.0,-1.0,1735521,2.0,7,,0.0,2.0,1.0,C01,138Â 196Â 720,1.0
1016711,201900058242,5,6,18:40,1,1,2,1.0,5.0,81251,RN 126,M,"43,5580130","2,0690400",81,2019,80.0,1.0,1.0,2.0,2273870,1.0,1,1,1,1.0,,0.0,0,1975.0,C01,138Â 196Â 720,1.0,-1.0,-1.0,1735522,1.0,7,,0.0,2.0,4.0,B01,138Â 196Â 721,1.0
1016711,201900058242,5,6,18:40,1,1,2,1.0,5.0,81251,RN 126,M,"43,5580130","2,0690400",81,2019,80.0,1.0,1.0,2.0,2273871,9.0,2,1,2,0.0,,0.0,0,2017.0,B01,138Â 196Â 721,3.0,-1.0,-1.0,1735520,1.0,7,,0.0,2.0,1.0,A01,138Â 196Â 719,0.0
1016711,201900058242,5,6,18:40,1,1,2,1.0,5.0,81251,RN 126,M,"43,5580130","2,0690400",81,2019,80.0,1.0,1.0,2.0,2273871,9.0,2,1,2,0.0,,0.0,0,2017.0,B01,138Â 196Â 721,3.0,-1.0,-1.0,1735521,2.0,7,,0.0,2.0,1.0,C01,138Â 196Â 720,1.0
1016711,201900058242,5,6,18:40,1,1,2,1.0,5.0,81251,RN 126,M,"43,5580130","2,0690400",81,2019,80.0,1.0,1.0,2.0,2273871,9.0,2,1,2,0.0,,0.0,0,2017.0,B01,138Â 196Â 721,3.0,-1.0,-1.0,1735522,1.0,7,,0.0,2.0,4.0,B01,138Â 196Â 721,1.0
1016711,201900058242,5,6,18:40,1,1,2,1.0,5.0,81251,RN 126,M,"43,5580130","2,0690400",81,2019,80.0,1.0,1.0,2.0,2273872,1.0,1,4,2,1.0,,0.0,0,1995.0,B01,138Â 196Â 721,1.0,-1.0,-1.0,1735520,1.0,7,,0.0,2.0,1.0,A01,138Â 196Â 719,0.0
1016711,201900058242,5,6,18:40,1,1,2,1.0,5.0,81251,RN 126,M,"43,5580130","2,0690400",81,2019,80.0,1.0,1.0,2.0,2273872,1.0,1,4,2,1.0,,0.0,0,1995.0,B01,138Â 196Â 721,1.0,-1.0,-1.0,1735521,2.0,7,,0.0,2.0,1.0,C01,138Â 196Â 720,1.0
1016711,201900058242,5,6,18:40,1,1,2,1.0,5.0,81251,RN 126,M,"43,5580130","2,0690400",81,2019,80.0,1.0,1.0,2.0,2273872,1.0,1,4,2,1.0,,0.0,0,1995.0,B01,138Â 196Â 721,1.0,-1.0,-1.0,1735522,1.0,7,,0.0,2.0,4.0,B01,138Â 196Â 721,1.0
1016712,201900058243,9,22,12:39,1,1,1,9.0,7.0,64546,D123,M,"43,4721112"," -1,2787554",64,2019,80.0,8.0,2.0,3.0,2273873,1.0,1,3,2,5.0,,0.0,0,1997.0,A01,138Â 196Â 718,1.0,-1.0,-1.0,1735523,1.0,7,,6.0,9.0,7.0,A01,138Â 196Â 718,1.0
1016713,201900058244,3,26,13:30,1,2,2,1.0,6.0,75115,RUE LOUIS VICAT,M,"48,8254810","2,3002560",75,2019,50.0,1.0,1.0,4.0,2273874,10.0,3,3,2,0.0,,1.0,3,1942.0,A01,138Â 196Â 717,8.0,0.0,-1.0,1735524,1.0,7,,0.0,1.0,3.0,A01,138Â 196Â 717,1.0
1016713,201900058244,3,26,13:30,1,2,2,1.0,6.0,75115,RUE LOUIS VICAT,M,"48,8254810","2,3002560",75,2019,50.0,1.0,1.0,4.0,2273875,1.0,1,1,1,4.0,,0.0,0,1979.0,A01,138Â 196Â 717,1.0,0.0,-1.0,1735524,1.0,7,,0.0,1.0,3.0,A01,138Â 196Â 717,1.0
1016714,201900058245,9,22,18:40,1,1,1,1.0,7.0,64302,D 938,M,"43,2040711"," -0,2458441",64,2019,80.0,3.0,1.0,3.0,2273876,1.0,1,2,1,5.0,,0.0,0,1948.0,A01,138Â 196Â 715,8.0,-1.0,-1.0,1735525,2.0,7,,13.0,0.0,1.0,A01,138Â 196Â 715,1.0
1016715,201900058246,5,29,23:05,5,2,1,1.0,2.0,69069,140 Avenue Pierre Dumond,M,"45,7472198","4,7120672",69,2019,50.0,1.0,1.0,3.0,2273877,10.0,3,4,1,5.0,,5.0,4,1995.0,B01,138Â 196Â 713,0.0,-1.0,-1.0,1735526,3.0,7,,1.0,1.0,4.0,B01,138Â 196Â 713,0.0
1016715,201900058246,5,29,23:05,5,2,1,1.0,2.0,69069,140 Avenue Pierre Dumond,M,"45,7472198","4,7120672",69,2019,50.0,1.0,1.0,3.0,2273877,10.0,3,4,1,5.0,,5.0,4,1995.0,B01,138Â 196Â 713,0.0,-1.0,-1.0,1735527,1.0,7,,1.0,0.0,2.0,A01,138Â 196Â 716,0.0
1016715,201900058246,5,29,23:05,5,2,1,1.0,2.0,69069,140 Avenue Pierre Dumond,M,"45,7472198","4,7120672",69,2019,50.0,1.0,1.0,3.0,2273878,10.0,3,4,1,3.0,,5.0,4,1997.0,B01,138Â 196Â 713,0.0,-1.0,-1.0,1735526,3.0,7,,1.0,1.0,4.0,B01,138Â 196Â 713,0.0
1016715,201900058246,5,29,23:05,5,2,1,1.0,2.0,69069,140 Avenue Pierre Dumond,M,"45,7472198","4,7120672",69,2019,50.0,1.0,1.0,3.0,2273878,10.0,3,4,1,3.0,,5.0,4,1997.0,B01,138Â 196Â 713,0.0,-1.0,-1.0,1735527,1.0,7,,1.0,0.0,2.0,A01,138Â 196Â 716,0.0
1016715,201900058246,5,29,23:05,5,2,1,1.0,2.0,69069,140 Avenue Pierre Dumond,M,"45,7472198","4,7120672",69,2019,50.0,1.0,1.0,3.0,2273879,1.0,1,4,1,5.0,,0.0,0,1993.0,A01,138Â 196Â 716,1.0,5.0,-1.0,1735526,3.0,7,,1.0,1.0,4.0,B01,138Â 196Â 713,0.0
1016715,201900058246,5,29,23:05,5,2,1,1.0,2.0,69069,140 Avenue Pierre Dumond,M,"45,7472198","4,7120672",69,2019,50.0,1.0,1.0,3.0,2273879,1.0,1,4,1,5.0,,0.0,0,1993.0,A01,138Â 196Â 716,1.0,5.0,-1.0,1735527,1.0,7,,1.0,0.0,2.0,A01,138Â 196Â 716,0.0
1016716,201900058247,3,26,21:15,5,2,2,1.0,6.0,75114,RUE D ALESIA,M,"48,8293140","2,3226620",75,2019,50.0,1.0,1.0,4.0,2273880,10.0,3,4,1,5.0,,4.0,3,1993.0,Z01,138Â 196Â 714,8.0,0.0,-1.0,1735528,2.0,30,,0.0,1.0,0.0,Z01,138Â 196Â 714,1.0
1016717,201900058248,5,20,22:45,3,1,1,1.0,7.0,81038,D 200,M,"43,9043970","1,9595090",81,2019,80.0,3.0,1.0,3.0,2273881,1.0,1,3,1,9.0,,0.0,0,1990.0,A01,138Â 196Â 712,2.0,6.0,9.0,1735529,1.0,33,,0.0,0.0,1.0,A01,138Â 196Â 712,1.0
1016718,201900058249,9,21,23:05,3,1,1,8.0,6.0,16405,,M,"45,5205710"," -0,0993060",16,2019,110.0,2.0,2.0,2.0,2273882,1.0,1,4,1,5.0,,0.0,0,1994.0,A01,138Â 196Â 711,1.0,-1.0,-1.0,1735530,1.0,7,,4.0,0.0,9.0,A01,138Â 196Â 711,1.0
1016718,201900058249,9,21,23:05,3,1,1,8.0,6.0,16405,,M,"45,5205710"," -0,0993060",16,2019,110.0,2.0,2.0,2.0,2273883,2.0,2,4,1,5.0,,0.0,0,1994.0,A01,138Â 196Â 711,1.0,-1.0,-1.0,1735530,1.0,7,,4.0,0.0,9.0,A01,138Â 196Â 711,1.0
1016718,201900058249,9,21,23:05,3,1,1,8.0,6.0,16405,,M,"45,5205710"," -0,0993060",16,2019,110.0,2.0,2.0,2.0,2273884,4.0,2,3,2,5.0,,0.0,0,1993.0,A01,138Â 196Â 711,1.0,-1.0,-1.0,1735530,1.0,7,,4.0,0.0,9.0,A01,138Â 196Â 711,1.0
1016718,201900058249,9,21,23:05,3,1,1,8.0,6.0,16405,,M,"45,5205710"," -0,0993060",16,2019,110.0,2.0,2.0,2.0,2273885,3.0,2,4,1,5.0,,0.0,0,1999.0,A01,138Â 196Â 711,1.0,-1.0,-1.0,1735530,1.0,7,,4.0,0.0,9.0,A01,138Â 196Â 711,1.0
1016719,201900058250,3,26,17:05,1,2,7,1.0,3.0,75112,ESPLANADE SAINT LOUIS,M,"48,8404410","2,4365470",75,2019,50.0,1.0,1.0,4.0,2273886,1.0,1,1,1,0.0,,0.0,0,1975.0,A01,138Â 196Â 709,1.0,0.0,-1.0,1735531,2.0,7,,0.0,2.0,3.0,A01,138Â 196Â 709,1.0
1016719,201900058250,3,26,17:05,1,2,7,1.0,3.0,75112,ESPLANADE SAINT LOUIS,M,"48,8404410","2,4365470",75,2019,50.0,1.0,1.0,4.0,2273886,1.0,1,1,1,0.0,,0.0,0,1975.0,A01,138Â 196Â 709,1.0,0.0,-1.0,1735532,3.0,34,,0.0,2.0,7.0,B01,138Â 196Â 710,1.0
1016719,201900058250,3,26,17:05,1,2,7,1.0,3.0,75112,ESPLANADE SAINT LOUIS,M,"48,8404410","2,4365470",75,2019,50.0,1.0,1.0,4.0,2273887,5.0,2,4,1,0.0,,0.0,0,1984.0,B01,138Â 196Â 710,2.0,6.0,-1.0,1735531,2.0,7,,0.0,2.0,3.0,A01,138Â 196Â 709,1.0
1016719,201900058250,3,26,17:05,1,2,7,1.0,3.0,75112,ESPLANADE SAINT LOUIS,M,"48,8404410","2,4365470",75,2019,50.0,1.0,1.0,4.0,2273887,5.0,2,4,1,0.0,,0.0,0,1984.0,B01,138Â 196Â 710,2.0,6.0,-1.0,1735532,3.0,34,,0.0,2.0,7.0,B01,138Â 196Â 710,1.0
1016719,201900058250,3,26,17:05,1,2,7,1.0,3.0,75112,ESPLANADE SAINT LOUIS,M,"48,8404410","2,4365470",75,2019,50.0,1.0,1.0,4.0,2273888,1.0,1,1,1,0.0,,0.0,0,1992.0,B01,138Â 196Â 710,2.0,6.0,-1.0,1735531,2.0,7,,0.0,2.0,3.0,A01,138Â 196Â 709,1.0
1016719,201900058250,3,26,17:05,1,2,7,1.0,3.0,75112,ESPLANADE SAINT LOUIS,M,"48,8404410","2,4365470",75,2019,50.0,1.0,1.0,4.0,2273888,1.0,1,1,1,0.0,,0.0,0,1992.0,B01,138Â 196Â 710,2.0,6.0,-1.0,1735532,3.0,34,,0.0,2.0,7.0,B01,138Â 196Â 710,1.0
1016720,201900058251,9,20,08:45,1,1,2,1.0,3.0,40221,Route de Hontanx,M,"43,8651770"," -0,2657320",40,2019,-1.0,1.0,1.0,4.0,2273889,1.0,1,4,2,1.0,,0.0,0,1961.0,B01,138Â 196Â 704,1.0,-1.0,-1.0,1735533,3.0,7,,0.0,2.0,2.0,B01,138Â 196Â 704,1.0
1016720,201900058251,9,20,08:45,1,1,2,1.0,3.0,40221,Route de Hontanx,M,"43,8651770"," -0,2657320",40,2019,-1.0,1.0,1.0,4.0,2273889,1.0,1,4,2,1.0,,0.0,0,1961.0,B01,138Â 196Â 704,1.0,-1.0,-1.0,1735534,3.0,7,,0.0,2.0,3.0,A01,138Â 196Â 707,1.0
1016720,201900058251,9,20,08:45,1,1,2,1.0,3.0,40221,Route de Hontanx,M,"43,8651770"," -0,2657320",40,2019,-1.0,1.0,1.0,4.0,2273890,1.0,1,4,2,5.0,,0.0,0,1996.0,A01,138Â 196Â 707,0.0,-1.0,-1.0,1735533,3.0,7,,0.0,2.0,2.0,B01,138Â 196Â 704,1.0
1016720,201900058251,9,20,08:45,1,1,2,1.0,3.0,40221,Route de Hontanx,M,"43,8651770"," -0,2657320",40,2019,-1.0,1.0,1.0,4.0,2273890,1.0,1,4,2,5.0,,0.0,0,1996.0,A01,138Â 196Â 707,0.0,-1.0,-1.0,1735534,3.0,7,,0.0,2.0,3.0,A01,138Â 196Â 707,1.0
1016721,201900058252,5,11,18:11,1,1,2,1.0,1.0,81046,Teulie,M,"43,8507056","2,0080995",81,2019,80.0,1.0,1.0,3.0,2273891,1.0,1,1,1,5.0,,0.0,0,1956.0,B01,138Â 196Â 705,1.0,-1.0,-1.0,1735535,2.0,7,,0.0,2.0,3.0,B01,138Â 196Â 705,1.0
1016721,201900058252,5,11,18:11,1,1,2,1.0,1.0,81046,Teulie,M,"43,8507056","2,0080995",81,2019,80.0,1.0,1.0,3.0,2273891,1.0,1,1,1,5.0,,0.0,0,1956.0,B01,138Â 196Â 705,1.0,-1.0,-1.0,1735536,2.0,2,,15.0,2.0,6.0,A01,138Â 196Â 708,1.0
1016721,201900058252,5,11,18:11,1,1,2,1.0,1.0,81046,Teulie,M,"43,8507056","2,0080995",81,2019,80.0,1.0,1.0,3.0,2273892,2.0,2,1,2,5.0,,0.0,0,1961.0,B01,138Â 196Â 705,1.0,-1.0,-1.0,1735535,2.0,7,,0.0,2.0,3.0,B01,138Â 196Â 705,1.0
1016721,201900058252,5,11,18:11,1,1,2,1.0,1.0,81046,Teulie,M,"43,8507056","2,0080995",81,2019,80.0,1.0,1.0,3.0,2273892,2.0,2,1,2,5.0,,0.0,0,1961.0,B01,138Â 196Â 705,1.0,-1.0,-1.0,1735536,2.0,2,,15.0,2.0,6.0,A01,138Â 196Â 708,1.0
1016721,201900058252,5,11,18:11,1,1,2,1.0,1.0,81046,Teulie,M,"43,8507056","2,0080995",81,2019,80.0,1.0,1.0,3.0,2273893,1.0,1,3,1,0.0,,0.0,0,2001.0,A01,138Â 196Â 708,2.0,-1.0,-1.0,1735535,2.0,7,,0.0,2.0,3.0,B01,138Â 196Â 705,1.0
1016721,201900058252,5,11,18:11,1,1,2,1.0,1.0,81046,Teulie,M,"43,8507056","2,0080995",81,2019,80.0,1.0,1.0,3.0,2273893,1.0,1,3,1,0.0,,0.0,0,2001.0,A01,138Â 196Â 708,2.0,-1.0,-1.0,1735536,2.0,2,,15.0,2.0,6.0,A01,138Â 196Â 708,1.0
1016722,201900058253,3,25,12:28,1,2,1,1.0,3.0,75112,AVENUE LEDRU ROLLIN,M,"48,8492210","2,3735880",75,2019,50.0,1.0,1.0,4.0,2273894,1.0,1,1,1,3.0,,0.0,0,1976.0,A01,138Â 196Â 700,1.0,0.0,-1.0,1735537,2.0,7,,0.0,2.0,3.0,A01,138Â 196Â 700,1.0
1016722,201900058253,3,25,12:28,1,2,1,1.0,3.0,75112,AVENUE LEDRU ROLLIN,M,"48,8492210","2,3735880",75,2019,50.0,1.0,1.0,4.0,2273894,1.0,1,1,1,3.0,,0.0,0,1976.0,A01,138Â 196Â 700,1.0,0.0,-1.0,1735538,2.0,2,,0.0,2.0,2.0,B01,138Â 196Â 706,3.0
1016722,201900058253,3,25,12:28,1,2,1,1.0,3.0,75112,AVENUE LEDRU ROLLIN,M,"48,8492210","2,3735880",75,2019,50.0,1.0,1.0,4.0,2273895,1.0,1,4,1,5.0,,0.0,0,1997.0,B01,138Â 196Â 706,2.0,6.0,-1.0,1735537,2.0,7,,0.0,2.0,3.0,A01,138Â 196Â 700,1.0
1016722,201900058253,3,25,12:28,1,2,1,1.0,3.0,75112,AVENUE LEDRU ROLLIN,M,"48,8492210","2,3735880",75,2019,50.0,1.0,1.0,4.0,2273895,1.0,1,4,1,5.0,,0.0,0,1997.0,B01,138Â 196Â 706,2.0,6.0,-1.0,1735538,2.0,2,,0.0,2.0,2.0,B01,138Â 196Â 706,3.0
1016723,201900058254,2,17,15:00,1,1,1,1.0,7.0,42159,Montifaux,M,"45,8231480","3,7583640",42,2019,80.0,3.0,1.0,3.0,2273896,1.0,1,3,1,5.0,,0.0,0,2001.0,A01,138Â 196Â 702,2.0,6.0,-1.0,1735539,1.0,31,,0.0,0.0,7.0,A01,138Â 196Â 702,1.0
1016724,201900058255,5,14,16:15,1,2,1,1.0,6.0,81140,Avenue du Docteur Guiraud,M,"43,7020970","1,8067620",81,2019,50.0,1.0,1.0,3.0,2273897,10.0,3,3,2,0.0,,3.0,3,1952.0,A01,138Â 196Â 698,0.0,-1.0,-1.0,1735540,1.0,7,,0.0,1.0,2.0,A01,138Â 196Â 698,0.0
1016724,201900058255,5,14,16:15,1,2,1,1.0,6.0,81140,Avenue du Docteur Guiraud,M,"43,7020970","1,8067620",81,2019,50.0,1.0,1.0,3.0,2273898,1.0,1,1,1,0.0,,0.0,0,1989.0,A01,138Â 196Â 698,1.0,-1.0,-1.0,1735540,1.0,7,,0.0,1.0,2.0,A01,138Â 196Â 698,0.0