Unnamed: 0_x,num_acc,mois,jour,hrmn,lum,agg,int,atm,col,com,adr,gps,lat,long,dep,annee,vma,situ,surf,catr,Unnamed: 0_y,place,catu,grav,sexe,trajet,secu,locp,actp,an_nais,num_veh_x,id_vehicule_x,secu1,secu2,secu3,Unnamed: 0,senc,catv,occutc,obs,obsm,choc,num_veh_y,id_vehicule_y,motor
1016725,201900058256,8,16,19:15,1,2,2,1.0,6.0,69386,BROTTEAUX (DES)                     (BD),M,"45,7661200","4,8569600",69,2019,50.0,1.0,1.0,4.0,2273899,1.0,1,4,2,0.0,,0.0,0,1996.0,B01,138Â 196Â 703,8.0,0.0,-1.0,1735541,3.0,50,,0.0,2.0,4.0,B01,138Â 196Â 703,3.0
1016725,201900058256,8,16,19:15,1,2,2,1.0,6.0,69386,BROTTEAUX (DES)                     (BD),M,"45,7661200","4,8569600",69,2019,50.0,1.0,1.0,4.0,2273899,1.0,1,4,2,0.0,,0.0,0,1996.0,B01,138Â 196Â 703,8.0,0.0,-1.0,1735542,3.0,7,,0.0,2.0,1.0,A01,138Â 196Â 732,0.0
1016725,201900058256,8,16,19:15,1,2,2,1.0,6.0,69386,BROTTEAUX (DES)                     (BD),M,"45,7661200","4,8569600",69,2019,50.0,1.0,1.0,4.0,2273900,1.0,1,1,1,0.0,,0.0,0,2001.0,A01,138Â 196Â 732,1.0,0.0,-1.0,1735541,3.0,50,,0.0,2.0,4.0,B01,138Â 196Â 703,3.0
1016725,201900058256,8,16,19:15,1,2,2,1.0,6.0,69386,BROTTEAUX (DES)                     (BD),M,"45,7661200","4,8569600",69,2019,50.0,1.0,1.0,4.0,2273900,1.0,1,1,1,0.0,,0.0,0,2001.0,A01,138Â 196Â 732,1.0,0.0,-1.0,1735542,3.0,7,,0.0,2.0,1.0,A01,138Â 196Â 732,0.0
1016726,201900058257,9,21,17:45,1,2,1,8.0,7.0,24479,Le Couvent,M,"45,4899710","0,7455870",24,2019,50.0,3.0,1.0,3.0,2273901,1.0,1,3,1,0.0,,0.0,0,1971.0,A01,138Â 196Â 699,8.0,-1.0,-1.0,1735543,1.0,2,,8.0,0.0,1.0,A01,138Â 196Â 699,1.0
1016727,201900058258,3,26,12:20,1,2,7,1.0,6.0,75110,PLACE DU COLONEL FABIEN,M,"48,8784060","2,3699810",75,2019,50.0,1.0,1.0,4.0,2273902,10.0,3,4,1,4.0,,2.0,3,1966.0,A01,138Â 196Â 697,8.0,0.0,-1.0,1735544,3.0,2,,0.0,1.0,1.0,A01,138Â 196Â 697,1.0
1016727,201900058258,3,26,12:20,1,2,7,1.0,6.0,75110,PLACE DU COLONEL FABIEN,M,"48,8784060","2,3699810",75,2019,50.0,1.0,1.0,4.0,2273903,2.0,1,4,1,0.0,,0.0,0,1977.0,A01,138Â 196Â 697,2.0,6.0,-1.0,1735544,3.0,2,,0.0,1.0,1.0,A01,138Â 196Â 697,1.0
1016728,201900058259,3,26,08:50,1,2,2,1.0,3.0,75110,AVENUE PARMENTIER,M,"48,8712390","2,3701180",75,2019,50.0,1.0,1.0,4.0,2273904,1.0,1,4,2,1.0,,0.0,0,1983.0,B01,138Â 196Â 692,2.0,0.0,-1.0,1735545,2.0,1,,0.0,2.0,8.0,B01,138Â 196Â 692,5.0
1016728,201900058259,3,26,08:50,1,2,2,1.0,3.0,75110,AVENUE PARMENTIER,M,"48,8712390","2,3701180",75,2019,50.0,1.0,1.0,4.0,2273904,1.0,1,4,2,1.0,,0.0,0,1983.0,B01,138Â 196Â 692,2.0,0.0,-1.0,1735546,1.0,30,,0.0,2.0,1.0,A01,138Â 196Â 693,1.0
1016728,201900058259,3,26,08:50,1,2,2,1.0,3.0,75110,AVENUE PARMENTIER,M,"48,8712390","2,3701180",75,2019,50.0,1.0,1.0,4.0,2273905,1.0,1,1,2,9.0,,0.0,0,1992.0,A01,138Â 196Â 693,2.0,6.0,-1.0,1735545,2.0,1,,0.0,2.0,8.0,B01,138Â 196Â 692,5.0
1016728,201900058259,3,26,08:50,1,2,2,1.0,3.0,75110,AVENUE PARMENTIER,M,"48,8712390","2,3701180",75,2019,50.0,1.0,1.0,4.0,2273905,1.0,1,1,2,9.0,,0.0,0,1992.0,A01,138Â 196Â 693,2.0,6.0,-1.0,1735546,1.0,30,,0.0,2.0,1.0,A01,138Â 196Â 693,1.0
1016729,201900058260,9,21,10:30,1,1,2,1.0,3.0,27304,Gisancourt,M,"49,2292200","1,6924940",27,2019,80.0,1.0,1.0,3.0,2273906,1.0,1,1,2,1.0,,0.0,0,1959.0,A01,138Â 196Â 690,1.0,-1.0,-1.0,1735547,3.0,7,,0.0,2.0,3.0,A01,138Â 196Â 690,1.0
1016729,201900058260,9,21,10:30,1,1,2,1.0,3.0,27304,Gisancourt,M,"49,2292200","1,6924940",27,2019,80.0,1.0,1.0,3.0,2273906,1.0,1,1,2,1.0,,0.0,0,1959.0,A01,138Â 196Â 690,1.0,-1.0,-1.0,1735548,2.0,7,,0.0,2.0,1.0,B01,138Â 196Â 696,1.0
1016729,201900058260,9,21,10:30,1,1,2,1.0,3.0,27304,Gisancourt,M,"49,2292200","1,6924940",27,2019,80.0,1.0,1.0,3.0,2273907,1.0,1,3,1,3.0,,0.0,0,1944.0,B01,138Â 196Â 696,1.0,5.0,-1.0,1735547,3.0,7,,0.0,2.0,3.0,A01,138Â 196Â 690,1.0
1016729,201900058260,9,21,10:30,1,1,2,1.0,3.0,27304,Gisancourt,M,"49,2292200","1,6924940",27,2019,80.0,1.0,1.0,3.0,2273907,1.0,1,3,1,3.0,,0.0,0,1944.0,B01,138Â 196Â 696,1.0,5.0,-1.0,1735548,2.0,7,,0.0,2.0,1.0,B01,138Â 196Â 696,1.0
1016730,201900058261,2,17,10:30,1,1,1,1.0,6.0,46265,briance,M,"44,9211580","1,6379660",46,2019,80.0,1.0,1.0,3.0,2273908,10.0,3,3,1,5.0,,6.0,3,1952.0,A01,138Â 196Â 688,0.0,-1.0,-1.0,1735549,2.0,33,,0.0,1.0,1.0,A01,138Â 196Â 688,1.0
1016730,201900058261,2,17,10:30,1,1,1,1.0,6.0,46265,briance,M,"44,9211580","1,6379660",46,2019,80.0,1.0,1.0,3.0,2273909,1.0,1,1,1,5.0,,0.0,0,1993.0,A01,138Â 196Â 688,8.0,-1.0,-1.0,1735549,2.0,33,,0.0,1.0,1.0,A01,138Â 196Â 688,1.0
1016731,201900058262,3,26,15:00,1,2,1,1.0,3.0,75108,BOULEVARD MALESHERBES,M,"48,8727350","2,3213740",75,2019,50.0,1.0,1.0,4.0,2273910,1.0,1,4,1,1.0,,0.0,0,1992.0,B01,138Â 196Â 685,2.0,8.0,-1.0,1735550,2.0,31,,0.0,2.0,1.0,B01,138Â 196Â 685,1.0
1016731,201900058262,3,26,15:00,1,2,1,1.0,3.0,75108,BOULEVARD MALESHERBES,M,"48,8727350","2,3213740",75,2019,50.0,1.0,1.0,4.0,2273910,1.0,1,4,1,1.0,,0.0,0,1992.0,B01,138Â 196Â 685,2.0,8.0,-1.0,1735551,2.0,7,,0.0,2.0,8.0,A01,138Â 196Â 691,1.0
1016731,201900058262,3,26,15:00,1,2,1,1.0,3.0,75108,BOULEVARD MALESHERBES,M,"48,8727350","2,3213740",75,2019,50.0,1.0,1.0,4.0,2273911,1.0,1,1,1,4.0,,0.0,0,1983.0,A01,138Â 196Â 691,1.0,0.0,-1.0,1735550,2.0,31,,0.0,2.0,1.0,B01,138Â 196Â 685,1.0
1016731,201900058262,3,26,15:00,1,2,1,1.0,3.0,75108,BOULEVARD MALESHERBES,M,"48,8727350","2,3213740",75,2019,50.0,1.0,1.0,4.0,2273911,1.0,1,1,1,4.0,,0.0,0,1983.0,A01,138Â 196Â 691,1.0,0.0,-1.0,1735551,2.0,7,,0.0,2.0,8.0,A01,138Â 196Â 691,1.0
1016732,201900058263,8,15,12:25,1,2,9,8.0,3.0,69383,FEUILLAT(R ),M,"45,7526700","4,8769200",69,2019,50.0,1.0,1.0,4.0,2273912,1.0,1,1,2,0.0,,-1.0,0,1989.0,B01,138Â 196Â 689,1.0,0.0,-1.0,1735552,2.0,7,,0.0,6.0,2.0,B01,138Â 196Â 689,0.0
1016732,201900058263,8,15,12:25,1,2,9,8.0,3.0,69383,FEUILLAT(R ),M,"45,7526700","4,8769200",69,2019,50.0,1.0,1.0,4.0,2273912,1.0,1,1,2,0.0,,-1.0,0,1989.0,B01,138Â 196Â 689,1.0,0.0,-1.0,1735553,3.0,50,,0.0,2.0,1.0,A01,138Â 196Â 695,3.0
1016732,201900058263,8,15,12:25,1,2,9,8.0,3.0,69383,FEUILLAT(R ),M,"45,7526700","4,8769200",69,2019,50.0,1.0,1.0,4.0,2273913,2.0,2,1,2,0.0,,-1.0,0,1988.0,B01,138Â 196Â 689,1.0,8.0,-1.0,1735552,2.0,7,,0.0,6.0,2.0,B01,138Â 196Â 689,0.0
1016732,201900058263,8,15,12:25,1,2,9,8.0,3.0,69383,FEUILLAT(R ),M,"45,7526700","4,8769200",69,2019,50.0,1.0,1.0,4.0,2273913,2.0,2,1,2,0.0,,-1.0,0,1988.0,B01,138Â 196Â 689,1.0,8.0,-1.0,1735553,3.0,50,,0.0,2.0,1.0,A01,138Â 196Â 695,3.0
1016732,201900058263,8,15,12:25,1,2,9,8.0,3.0,69383,FEUILLAT(R ),M,"45,7526700","4,8769200",69,2019,50.0,1.0,1.0,4.0,2273914,1.0,1,4,1,0.0,,-1.0,0,1996.0,A01,138Â 196Â 695,8.0,0.0,-1.0,1735552,2.0,7,,0.0,6.0,2.0,B01,138Â 196Â 689,0.0
1016732,201900058263,8,15,12:25,1,2,9,8.0,3.0,69383,FEUILLAT(R ),M,"45,7526700","4,8769200",69,2019,50.0,1.0,1.0,4.0,2273914,1.0,1,4,1,0.0,,-1.0,0,1996.0,A01,138Â 196Â 695,8.0,0.0,-1.0,1735553,3.0,50,,0.0,2.0,1.0,A01,138Â 196Â 695,3.0
1016733,201900058264,5,24,09:00,1,2,3,3.0,3.0,81105,Boulevard Docteur Pontier,M,"43,7710930","1,9950960",81,2019,70.0,1.0,2.0,3.0,2273915,1.0,1,4,1,9.0,,0.0,0,1945.0,A01,138Â 196Â 687,1.0,-1.0,-1.0,1735554,1.0,7,,0.0,2.0,1.0,A01,138Â 196Â 687,1.0
1016733,201900058264,5,24,09:00,1,2,3,3.0,3.0,81105,Boulevard Docteur Pontier,M,"43,7710930","1,9950960",81,2019,70.0,1.0,2.0,3.0,2273915,1.0,1,4,1,9.0,,0.0,0,1945.0,A01,138Â 196Â 687,1.0,-1.0,-1.0,1735555,3.0,7,,0.0,2.0,8.0,B01,138Â 196Â 694,1.0
1016733,201900058264,5,24,09:00,1,2,3,3.0,3.0,81105,Boulevard Docteur Pontier,M,"43,7710930","1,9950960",81,2019,70.0,1.0,2.0,3.0,2273916,1.0,1,1,2,9.0,,0.0,0,1933.0,B01,138Â 196Â 694,1.0,-1.0,-1.0,1735554,1.0,7,,0.0,2.0,1.0,A01,138Â 196Â 687,1.0
1016733,201900058264,5,24,09:00,1,2,3,3.0,3.0,81105,Boulevard Docteur Pontier,M,"43,7710930","1,9950960",81,2019,70.0,1.0,2.0,3.0,2273916,1.0,1,1,2,9.0,,0.0,0,1933.0,B01,138Â 196Â 694,1.0,-1.0,-1.0,1735555,3.0,7,,0.0,2.0,8.0,B01,138Â 196Â 694,1.0
1016734,201900058265,2,16,15:30,1,2,3,1.0,1.0,46309,Avenue de SARLAT,M,"44,8935680","1,4713550",46,2019,50.0,1.0,1.0,3.0,2273917,1.0,1,1,2,5.0,,0.0,0,1930.0,A01,138Â 196Â 683,8.0,-1.0,-1.0,1735556,2.0,7,,0.0,2.0,1.0,A01,138Â 196Â 683,1.0
1016734,201900058265,2,16,15:30,1,2,3,1.0,1.0,46309,Avenue de SARLAT,M,"44,8935680","1,4713550",46,2019,50.0,1.0,1.0,3.0,2273917,1.0,1,1,2,5.0,,0.0,0,1930.0,A01,138Â 196Â 683,8.0,-1.0,-1.0,1735557,1.0,30,,0.0,2.0,1.0,B01,138Â 196Â 684,1.0
1016734,201900058265,2,16,15:30,1,2,3,1.0,1.0,46309,Avenue de SARLAT,M,"44,8935680","1,4713550",46,2019,50.0,1.0,1.0,3.0,2273918,1.0,1,3,2,5.0,,-1.0, -1,2003.0,B01,138Â 196Â 684,2.0,6.0,-1.0,1735556,2.0,7,,0.0,2.0,1.0,A01,138Â 196Â 683,1.0
1016734,201900058265,2,16,15:30,1,2,3,1.0,1.0,46309,Avenue de SARLAT,M,"44,8935680","1,4713550",46,2019,50.0,1.0,1.0,3.0,2273918,1.0,1,3,2,5.0,,-1.0, -1,2003.0,B01,138Â 196Â 684,2.0,6.0,-1.0,1735557,1.0,30,,0.0,2.0,1.0,B01,138Â 196Â 684,1.0
1016735,201900058266,3,26,17:00,1,2,1,1.0,1.0,94016,EUROPE (AV DE L),M,"48,7861200","2,3277700",94,2019,50.0,1.0,1.0,3.0,2273919,1.0,1,3,2,0.0,,0.0,0,1961.0,B01,138Â 196Â 681,8.0,0.0,-1.0,1735558,2.0,1,,0.0,2.0,3.0,B01,138Â 196Â 681,5.0
1016735,201900058266,3,26,17:00,1,2,1,1.0,1.0,94016,EUROPE (AV DE L),M,"48,7861200","2,3277700",94,2019,50.0,1.0,1.0,3.0,2273919,1.0,1,3,2,0.0,,0.0,0,1961.0,B01,138Â 196Â 681,8.0,0.0,-1.0,1735559,1.0,7,,0.0,6.0,2.0,A01,138Â 196Â 682,1.0
1016735,201900058266,3,26,17:00,1,2,1,1.0,1.0,94016,EUROPE (AV DE L),M,"48,7861200","2,3277700",94,2019,50.0,1.0,1.0,3.0,2273920,1.0,1,1,2,0.0,,0.0,0,1950.0,A01,138Â 196Â 682,1.0,0.0,-1.0,1735558,2.0,1,,0.0,2.0,3.0,B01,138Â 196Â 681,5.0
1016735,201900058266,3,26,17:00,1,2,1,1.0,1.0,94016,EUROPE (AV DE L),M,"48,7861200","2,3277700",94,2019,50.0,1.0,1.0,3.0,2273920,1.0,1,1,2,0.0,,0.0,0,1950.0,A01,138Â 196Â 682,1.0,0.0,-1.0,1735559,1.0,7,,0.0,6.0,2.0,A01,138Â 196Â 682,1.0
1016736,201900058267,5,8,04:45,3,1,1,2.0,6.0,65370,D8 - ROUTE D'ORDIZAN,M,"43,0950054","0,1386913",65,2019,50.0,3.0,2.0,3.0,2273921,1.0,1,3,1,5.0,,0.0,0,1967.0,A01,138Â 196Â 676,1.0,-1.0,-1.0,1735560,1.0,7,,17.0,0.0,1.0,A01,138Â 196Â 676,1.0
1016737,201900058268,8,13,11:30,1,2,1,1.0,5.0,69387,YVES FARGES                         (BD),M,"45,7453700","4,8361200",69,2019,50.0,1.0,1.0,4.0,2273922,1.0,1,1,1,4.0,,-1.0, -1,1974.0,A01,138Â 196Â 677,1.0,0.0,-1.0,1735561,2.0,13,,1.0,0.0,3.0,A01,138Â 196Â 677,1.0
1016737,201900058268,8,13,11:30,1,2,1,1.0,5.0,69387,YVES FARGES                         (BD),M,"45,7453700","4,8361200",69,2019,50.0,1.0,1.0,4.0,2273922,1.0,1,1,1,4.0,,-1.0, -1,1974.0,A01,138Â 196Â 677,1.0,0.0,-1.0,1735562,3.0,99,,0.0,2.0,7.0,B01,138Â 196Â 678,0.0
1016737,201900058268,8,13,11:30,1,2,1,1.0,5.0,69387,YVES FARGES                         (BD),M,"45,7453700","4,8361200",69,2019,50.0,1.0,1.0,4.0,2273922,1.0,1,1,1,4.0,,-1.0, -1,1974.0,A01,138Â 196Â 677,1.0,0.0,-1.0,1735563,3.0,7,,0.0,1.0,4.0,C01,138Â 196Â 680,1.0
1016737,201900058268,8,13,11:30,1,2,1,1.0,5.0,69387,YVES FARGES                         (BD),M,"45,7453700","4,8361200",69,2019,50.0,1.0,1.0,4.0,2273923,1.0,1,3,1,4.0,,-1.0, -1,1995.0,B01,138Â 196Â 678,0.0,0.0,0.0,1735561,2.0,13,,1.0,0.0,3.0,A01,138Â 196Â 677,1.0
1016737,201900058268,8,13,11:30,1,2,1,1.0,5.0,69387,YVES FARGES                         (BD),M,"45,7453700","4,8361200",69,2019,50.0,1.0,1.0,4.0,2273923,1.0,1,3,1,4.0,,-1.0, -1,1995.0,B01,138Â 196Â 678,0.0,0.0,0.0,1735562,3.0,99,,0.0,2.0,7.0,B01,138Â 196Â 678,0.0
1016737,201900058268,8,13,11:30,1,2,1,1.0,5.0,69387,YVES FARGES                         (BD),M,"45,7453700","4,8361200",69,2019,50.0,1.0,1.0,4.0,2273923,1.0,1,3,1,4.0,,-1.0, -1,1995.0,B01,138Â 196Â 678,0.0,0.0,0.0,1735563,3.0,7,,0.0,1.0,4.0,C01,138Â 196Â 680,1.0
1016738,201900058269,2,16,18:10,1,2,1,1.0,6.0,47252,Avenue de Siguenza,M,"44,3963600","0,5891370",47,2019,50.0,1.0,1.0,4.0,2273924,1.0,1,1,1,5.0,,0.0,0,1940.0,A01,138Â 196Â 675,1.0,-1.0,-1.0,1735564,0.0,7,,0.0,1.0,8.0,A01,138Â 196Â 675,1.0
1016738,201900058269,2,16,18:10,1,2,1,1.0,6.0,47252,Avenue de Siguenza,M,"44,3963600","0,5891370",47,2019,50.0,1.0,1.0,4.0,2273925,10.0,3,4,2,5.0,,2.0,3,1948.0,A01,138Â 196Â 675,0.0,-1.0,-1.0,1735564,0.0,7,,0.0,1.0,8.0,A01,138Â 196Â 675,1.0
1016739,201900058270,3,26,15:35,1,2,1,1.0,3.0,94043,FONTAINEBLEAU (AV DE),M,"48,8126200","2,3617400",94,2019,50.0,1.0,1.0,3.0,2273926,1.0,1,1,1,1.0,,-1.0, -1,1973.0,B01,138Â 196Â 673,1.0,0.0,-1.0,1735565,2.0,13,,0.0,6.0,2.0,B01,138Â 196Â 673,1.0
1016739,201900058270,3,26,15:35,1,2,1,1.0,3.0,94043,FONTAINEBLEAU (AV DE),M,"48,8126200","2,3617400",94,2019,50.0,1.0,1.0,3.0,2273926,1.0,1,1,1,1.0,,-1.0, -1,1973.0,B01,138Â 196Â 673,1.0,0.0,-1.0,1735566,2.0,30,,0.0,2.0,3.0,A01,138Â 196Â 674,1.0
1016739,201900058270,3,26,15:35,1,2,1,1.0,3.0,94043,FONTAINEBLEAU (AV DE),M,"48,8126200","2,3617400",94,2019,50.0,1.0,1.0,3.0,2273927,1.0,1,4,1,9.0,,-1.0, -1,2000.0,A01,138Â 196Â 674,2.0,0.0,-1.0,1735565,2.0,13,,0.0,6.0,2.0,B01,138Â 196Â 673,1.0
1016739,201900058270,3,26,15:35,1,2,1,1.0,3.0,94043,FONTAINEBLEAU (AV DE),M,"48,8126200","2,3617400",94,2019,50.0,1.0,1.0,3.0,2273927,1.0,1,4,1,9.0,,-1.0, -1,2000.0,A01,138Â 196Â 674,2.0,0.0,-1.0,1735566,2.0,30,,0.0,2.0,3.0,A01,138Â 196Â 674,1.0
1016740,201900058271,5,2,15:15,1,1,1,2.0,1.0,46137,"RD 653, PK 114+30",M,"44,3949680","1,3648830",46,2019,80.0,1.0,2.0,3.0,2273928,1.0,1,1,1,4.0,,0.0,0,1967.0,B01,138Â 196Â 670,8.0,-1.0,-1.0,1735567,1.0,17,,0.0,2.0,1.0,B01,138Â 196Â 670,1.0
1016740,201900058271,5,2,15:15,1,1,1,2.0,1.0,46137,"RD 653, PK 114+30",M,"44,3949680","1,3648830",46,2019,80.0,1.0,2.0,3.0,2273928,1.0,1,1,1,4.0,,0.0,0,1967.0,B01,138Â 196Â 670,8.0,-1.0,-1.0,1735568,2.0,33,,0.0,2.0,1.0,A01,138Â 196Â 672,1.0
1016740,201900058271,5,2,15:15,1,1,1,2.0,1.0,46137,"RD 653, PK 114+30",M,"44,3949680","1,3648830",46,2019,80.0,1.0,2.0,3.0,2273929,1.0,1,3,2,5.0,,0.0,0,1960.0,A01,138Â 196Â 672,8.0,-1.0,-1.0,1735567,1.0,17,,0.0,2.0,1.0,B01,138Â 196Â 670,1.0
1016740,201900058271,5,2,15:15,1,1,1,2.0,1.0,46137,"RD 653, PK 114+30",M,"44,3949680","1,3648830",46,2019,80.0,1.0,2.0,3.0,2273929,1.0,1,3,2,5.0,,0.0,0,1960.0,A01,138Â 196Â 672,8.0,-1.0,-1.0,1735568,2.0,33,,0.0,2.0,1.0,A01,138Â 196Â 672,1.0
1016741,201900058272,2,16,03:20,3,2,1,1.0,6.0,47252,Avenue de Bordeaux,M,"44,3939410","0,5760180",47,2019,70.0,1.0,1.0,3.0,2273930,2.0,2,3,1,0.0,,0.0,0,1977.0,A01,138Â 196Â 667,5.0,-1.0,-1.0,1735569,2.0,7,,2.0,0.0,1.0,A01,138Â 196Â 667,0.0
1016741,201900058272,2,16,03:20,3,2,1,1.0,6.0,47252,Avenue de Bordeaux,M,"44,3939410","0,5760180",47,2019,70.0,1.0,1.0,3.0,2273931,1.0,1,1,1,0.0,,0.0,0,1991.0,A01,138Â 196Â 667,5.0,-1.0,-1.0,1735569,2.0,7,,2.0,0.0,1.0,A01,138Â 196Â 667,0.0
1016741,201900058272,2,16,03:20,3,2,1,1.0,6.0,47252,Avenue de Bordeaux,M,"44,3939410","0,5760180",47,2019,70.0,1.0,1.0,3.0,2273932,9.0,2,4,1,0.0,,0.0,0,1987.0,A01,138Â 196Â 667,0.0,-1.0,-1.0,1735569,2.0,7,,2.0,0.0,1.0,A01,138Â 196Â 667,0.0
1016742,201900058273,3,26,11:20,1,2,1,1.0,6.0,94003,PRESIDENT SALVADOR ALLENDE (AV DU),M,"48,8100000","2,3280000",94,2019,50.0,1.0,1.0,4.0,2273933,1.0,1,4,1,1.0,,0.0,0,2004.0,A01,138Â 196Â 668,2.0,0.0,-1.0,1735570,2.0,7,,0.0,2.0,0.0,Z01,138Â 196Â 666,0.0
1016742,201900058273,3,26,11:20,1,2,1,1.0,6.0,94003,PRESIDENT SALVADOR ALLENDE (AV DU),M,"48,8100000","2,3280000",94,2019,50.0,1.0,1.0,4.0,2273933,1.0,1,4,1,1.0,,0.0,0,2004.0,A01,138Â 196Â 668,2.0,0.0,-1.0,1735571,2.0,30,,0.0,2.0,0.0,A01,138Â 196Â 668,1.0
1016743,201900058274,8,14,17:47,1,2,1,1.0,5.0,97213,ROUTE DEPARTEMENTALE 13,M,"14,6330000"," -61,0115100",972,2019,50.0,1.0,1.0,3.0,2273934,1.0,1,4,2,0.0,,-1.0,0,1997.0,A01,138Â 196Â 665,1.0,8.0,-1.0,1735572,1.0,7,,0.0,2.0,3.0,A01,138Â 196Â 665,1.0
1016743,201900058274,8,14,17:47,1,2,1,1.0,5.0,97213,ROUTE DEPARTEMENTALE 13,M,"14,6330000"," -61,0115100",972,2019,50.0,1.0,1.0,3.0,2273934,1.0,1,4,2,0.0,,-1.0,0,1997.0,A01,138Â 196Â 665,1.0,8.0,-1.0,1735573,1.0,7,,0.0,2.0,8.0,B01,138Â 196Â 669,1.0
1016743,201900058274,8,14,17:47,1,2,1,1.0,5.0,97213,ROUTE DEPARTEMENTALE 13,M,"14,6330000"," -61,0115100",972,2019,50.0,1.0,1.0,3.0,2273934,1.0,1,4,2,0.0,,-1.0,0,1997.0,A01,138Â 196Â 665,1.0,8.0,-1.0,1735574,1.0,7,,0.0,2.0,3.0,C01,138Â 196Â 671,1.0
1016743,201900058274,8,14,17:47,1,2,1,1.0,5.0,97213,ROUTE DEPARTEMENTALE 13,M,"14,6330000"," -61,0115100",972,2019,50.0,1.0,1.0,3.0,2273935,2.0,2,4,2,0.0,,-1.0,0,1997.0,A01,138Â 196Â 665,1.0,8.0,-1.0,1735572,1.0,7,,0.0,2.0,3.0,A01,138Â 196Â 665,1.0
1016743,201900058274,8,14,17:47,1,2,1,1.0,5.0,97213,ROUTE DEPARTEMENTALE 13,M,"14,6330000"," -61,0115100",972,2019,50.0,1.0,1.0,3.0,2273935,2.0,2,4,2,0.0,,-1.0,0,1997.0,A01,138Â 196Â 665,1.0,8.0,-1.0,1735573,1.0,7,,0.0,2.0,8.0,B01,138Â 196Â 669,1.0
1016743,201900058274,8,14,17:47,1,2,1,1.0,5.0,97213,ROUTE DEPARTEMENTALE 13,M,"14,6330000"," -61,0115100",972,2019,50.0,1.0,1.0,3.0,2273935,2.0,2,4,2,0.0,,-1.0,0,1997.0,A01,138Â 196Â 665,1.0,8.0,-1.0,1735574,1.0,7,,0.0,2.0,3.0,C01,138Â 196Â 671,1.0
1016743,201900058274,8,14,17:47,1,2,1,1.0,5.0,97213,ROUTE DEPARTEMENTALE 13,M,"14,6330000"," -61,0115100",972,2019,50.0,1.0,1.0,3.0,2273936,3.0,2,1,1,0.0,,-1.0,0,2018.0,A01,138Â 196Â 665,3.0,8.0,-1.0,1735572,1.0,7,,0.0,2.0,3.0,A01,138Â 196Â 665,1.0
1016743,201900058274,8,14,17:47,1,2,1,1.0,5.0,97213,ROUTE DEPARTEMENTALE 13,M,"14,6330000"," -61,0115100",972,2019,50.0,1.0,1.0,3.0,2273936,3.0,2,1,1,0.0,,-1.0,0,2018.0,A01,138Â 196Â 665,3.0,8.0,-1.0,1735573,1.0,7,,0.0,2.0,8.0,B01,138Â 196Â 669,1.0
1016743,201900058274,8,14,17:47,1,2,1,1.0,5.0,97213,ROUTE DEPARTEMENTALE 13,M,"14,6330000"," -61,0115100",972,2019,50.0,1.0,1.0,3.0,2273936,3.0,2,1,1,0.0,,-1.0,0,2018.0,A01,138Â 196Â 665,3.0,8.0,-1.0,1735574,1.0,7,,0.0,2.0,3.0,C01,138Â 196Â 671,1.0
1016743,201900058274,8,14,17:47,1,2,1,1.0,5.0,97213,ROUTE DEPARTEMENTALE 13,M,"14,6330000"," -61,0115100",972,2019,50.0,1.0,1.0,3.0,2273937,1.0,1,1,1,0.0,,-1.0, -1,1928.0,B01,138Â 196Â 669,1.0,8.0,-1.0,1735572,1.0,7,,0.0,2.0,3.0,A01,138Â 196Â 665,1.0
1016743,201900058274,8,14,17:47,1,2,1,1.0,5.0,97213,ROUTE DEPARTEMENTALE 13,M,"14,6330000"," -61,0115100",972,2019,50.0,1.0,1.0,3.0,2273937,1.0,1,1,1,0.0,,-1.0, -1,1928.0,B01,138Â 196Â 669,1.0,8.0,-1.0,1735573,1.0,7,,0.0,2.0,8.0,B01,138Â 196Â 669,1.0
1016743,201900058274,8,14,17:47,1,2,1,1.0,5.0,97213,ROUTE DEPARTEMENTALE 13,M,"14,6330000"," -61,0115100",972,2019,50.0,1.0,1.0,3.0,2273937,1.0,1,1,1,0.0,,-1.0, -1,1928.0,B01,138Â 196Â 669,1.0,8.0,-1.0,1735574,1.0,7,,0.0,2.0,3.0,C01,138Â 196Â 671,1.0
1016743,201900058274,8,14,17:47,1,2,1,1.0,5.0,97213,ROUTE DEPARTEMENTALE 13,M,"14,6330000"," -61,0115100",972,2019,50.0,1.0,1.0,3.0,2273938,1.0,1,1,2,0.0,,-1.0,0,1999.0,C01,138Â 196Â 671,1.0,8.0,-1.0,1735572,1.0,7,,0.0,2.0,3.0,A01,138Â 196Â 665,1.0
1016743,201900058274,8,14,17:47,1,2,1,1.0,5.0,97213,ROUTE DEPARTEMENTALE 13,M,"14,6330000"," -61,0115100",972,2019,50.0,1.0,1.0,3.0,2273938,1.0,1,1,2,0.0,,-1.0,0,1999.0,C01,138Â 196Â 671,1.0,8.0,-1.0,1735573,1.0,7,,0.0,2.0,8.0,B01,138Â 196Â 669,1.0