Unnamed: 0_x,num_acc,mois,jour,hrmn,lum,agg,int,atm,col,com,adr,gps,lat,long,dep,annee,vma,situ,surf,catr,Unnamed: 0_y,place,catu,grav,sexe,trajet,secu,locp,actp,an_nais,num_veh_x,id_vehicule_x,secu1,secu2,secu3,Unnamed: 0,senc,catv,occutc,obs,obsm,choc,num_veh_y,id_vehicule_y,motor
1016743,201900058274,8,14,17:47,1,2,1,1.0,5.0,97213,ROUTE DEPARTEMENTALE 13,M,"14,6330000"," -61,0115100",972,2019,50.0,1.0,1.0,3.0,2273938,1.0,1,1,2,0.0,,-1.0,0,1999.0,C01,138Â 196Â 671,1.0,8.0,-1.0,1735574,1.0,7,,0.0,2.0,3.0,C01,138Â 196Â 671,1.0
1016744,201900058275,5,19,09:15,1,1,1,1.0,6.0,32348,La Grange,M,"43,7229580","0,5765480",32,2019,80.0,3.0,1.0,3.0,2273939,1.0,1,3,1,3.0,,0.0,0,1933.0,A01,138Â 196Â 664,1.0,-1.0,-1.0,1735575,2.0,7,,17.0,0.0,2.0,A01,138Â 196Â 664,1.0
1016745,201900058276,2,16,15:26,1,2,1,1.0,7.0,47052,Rue du stade,M,"44,3201200","0,0912050",47,2019,-1.0,1.0,1.0,9.0,2273940,1.0,1,3,1,5.0,,0.0,0,1973.0,A01,138Â 196Â 663,2.0,-1.0,-1.0,1735576,3.0,2,,0.0,0.0,9.0,A01,138Â 196Â 663,0.0
1016746,201900058277,5,21,04:00,3,1,1,2.0,6.0,09235,Route de  Poucas,M,"43,0213500","1,0238980",9,2019,-1.0,3.0,2.0,4.0,2273941,1.0,1,2,1,5.0,,0.0,0,1985.0,A01,138Â 196Â 658,0.0,-1.0,-1.0,1735577,3.0,1,,2.0,0.0,1.0,A01,138Â 196Â 658,6.0
1016747,201900058278,8,13,14:10,1,2,1,1.0,3.0,97213,LA HAUT (CHEMIN),M,"14,6454760"," -61,0220150",972,2019,50.0,1.0,1.0,3.0,2273942,1.0,1,4,1,0.0,,-1.0,0,1975.0,A01,138Â 196Â 660,2.0,8.0,-1.0,1735578,2.0,34,,0.0,2.0,3.0,A01,138Â 196Â 660,1.0
1016747,201900058278,8,13,14:10,1,2,1,1.0,3.0,97213,LA HAUT (CHEMIN),M,"14,6454760"," -61,0220150",972,2019,50.0,1.0,1.0,3.0,2273942,1.0,1,4,1,0.0,,-1.0,0,1975.0,A01,138Â 196Â 660,2.0,8.0,-1.0,1735579,1.0,10,,0.0,2.0,8.0,B01,138Â 196Â 662,1.0
1016747,201900058278,8,13,14:10,1,2,1,1.0,3.0,97213,LA HAUT (CHEMIN),M,"14,6454760"," -61,0220150",972,2019,50.0,1.0,1.0,3.0,2273943,1.0,1,1,1,1.0,,-1.0,0,1990.0,B01,138Â 196Â 662,1.0,8.0,-1.0,1735578,2.0,34,,0.0,2.0,3.0,A01,138Â 196Â 660,1.0
1016747,201900058278,8,13,14:10,1,2,1,1.0,3.0,97213,LA HAUT (CHEMIN),M,"14,6454760"," -61,0220150",972,2019,50.0,1.0,1.0,3.0,2273943,1.0,1,1,1,1.0,,-1.0,0,1990.0,B01,138Â 196Â 662,1.0,8.0,-1.0,1735579,1.0,10,,0.0,2.0,8.0,B01,138Â 196Â 662,1.0
1016748,201900058279,3,25,18:20,1,2,1,1.0,2.0,94003,DOCTEUR DURAND (AV DU),M,"48,8065600","2,3302900",94,2019,50.0,1.0,1.0,4.0,2273944,1.0,1,4,1,1.0,,0.0,0,1951.0,B01,138Â 196Â 659,2.0,0.0,-1.0,1735580,1.0,33,,0.0,2.0,2.0,B01,138Â 196Â 659,1.0
1016748,201900058279,3,25,18:20,1,2,1,1.0,2.0,94003,DOCTEUR DURAND (AV DU),M,"48,8065600","2,3302900",94,2019,50.0,1.0,1.0,4.0,2273944,1.0,1,4,1,1.0,,0.0,0,1951.0,B01,138Â 196Â 659,2.0,0.0,-1.0,1735581,1.0,7,,0.0,6.0,6.0,A01,138Â 196Â 661,1.0
1016748,201900058279,3,25,18:20,1,2,1,1.0,2.0,94003,DOCTEUR DURAND (AV DU),M,"48,8065600","2,3302900",94,2019,50.0,1.0,1.0,4.0,2273945,1.0,1,1,2,1.0,,0.0,0,1991.0,A01,138Â 196Â 661,1.0,0.0,-1.0,1735580,1.0,33,,0.0,2.0,2.0,B01,138Â 196Â 659,1.0
1016748,201900058279,3,25,18:20,1,2,1,1.0,2.0,94003,DOCTEUR DURAND (AV DU),M,"48,8065600","2,3302900",94,2019,50.0,1.0,1.0,4.0,2273945,1.0,1,1,2,1.0,,0.0,0,1991.0,A01,138Â 196Â 661,1.0,0.0,-1.0,1735581,1.0,7,,0.0,6.0,6.0,A01,138Â 196Â 661,1.0
1016749,201900058280,2,14,17:30,1,2,1,1.0,2.0,47043,coustet,M,"44,2491160","0,3112811",47,2019,-1.0,1.0,1.0,3.0,2273946,1.0,1,3,1,1.0,,0.0,0,1965.0,A01,138Â 196Â 656,1.0,-1.0,-1.0,1735582,2.0,3,,0.0,2.0,1.0,A01,138Â 196Â 656,1.0
1016749,201900058280,2,14,17:30,1,2,1,1.0,2.0,47043,coustet,M,"44,2491160","0,3112811",47,2019,-1.0,1.0,1.0,3.0,2273946,1.0,1,3,1,1.0,,0.0,0,1965.0,A01,138Â 196Â 656,1.0,-1.0,-1.0,1735583,2.0,7,,0.0,2.0,4.0,B01,138Â 196Â 657,1.0
1016749,201900058280,2,14,17:30,1,2,1,1.0,2.0,47043,coustet,M,"44,2491160","0,3112811",47,2019,-1.0,1.0,1.0,3.0,2273947,1.0,1,4,2,5.0,,0.0,0,1995.0,B01,138Â 196Â 657,1.0,-1.0,-1.0,1735582,2.0,3,,0.0,2.0,1.0,A01,138Â 196Â 656,1.0
1016749,201900058280,2,14,17:30,1,2,1,1.0,2.0,47043,coustet,M,"44,2491160","0,3112811",47,2019,-1.0,1.0,1.0,3.0,2273947,1.0,1,4,2,5.0,,0.0,0,1995.0,B01,138Â 196Â 657,1.0,-1.0,-1.0,1735583,2.0,7,,0.0,2.0,4.0,B01,138Â 196Â 657,1.0
1016749,201900058280,2,14,17:30,1,2,1,1.0,2.0,47043,coustet,M,"44,2491160","0,3112811",47,2019,-1.0,1.0,1.0,3.0,2273948,9.0,2,4,1,5.0,,0.0,0,2016.0,B01,138Â 196Â 657,1.0,3.0,-1.0,1735582,2.0,3,,0.0,2.0,1.0,A01,138Â 196Â 656,1.0
1016749,201900058280,2,14,17:30,1,2,1,1.0,2.0,47043,coustet,M,"44,2491160","0,3112811",47,2019,-1.0,1.0,1.0,3.0,2273948,9.0,2,4,1,5.0,,0.0,0,2016.0,B01,138Â 196Â 657,1.0,3.0,-1.0,1735583,2.0,7,,0.0,2.0,4.0,B01,138Â 196Â 657,1.0
1016750,201900058281,10,24,08:45,1,2,3,1.0,3.0,67482,METZ (BOULEVARD DE),M,"48,5829700","7,7333100",67,2019,50.0,1.0,1.0,4.0,2273949,1.0,1,1,1,4.0,,-1.0,0,1941.0,A01,138Â 196Â 653,1.0,8.0,-1.0,1735584,1.0,10,,0.0,2.0,1.0,A01,138Â 196Â 653,1.0
1016750,201900058281,10,24,08:45,1,2,3,1.0,3.0,67482,METZ (BOULEVARD DE),M,"48,5829700","7,7333100",67,2019,50.0,1.0,1.0,4.0,2273949,1.0,1,1,1,4.0,,-1.0,0,1941.0,A01,138Â 196Â 653,1.0,8.0,-1.0,1735585,2.0,1,,0.0,2.0,7.0,B01,138Â 196Â 686,5.0
1016750,201900058281,10,24,08:45,1,2,3,1.0,3.0,67482,METZ (BOULEVARD DE),M,"48,5829700","7,7333100",67,2019,50.0,1.0,1.0,4.0,2273950,1.0,1,4,1,0.0,,-1.0,0,1969.0,B01,138Â 196Â 686,8.0,0.0,-1.0,1735584,1.0,10,,0.0,2.0,1.0,A01,138Â 196Â 653,1.0
1016750,201900058281,10,24,08:45,1,2,3,1.0,3.0,67482,METZ (BOULEVARD DE),M,"48,5829700","7,7333100",67,2019,50.0,1.0,1.0,4.0,2273950,1.0,1,4,1,0.0,,-1.0,0,1969.0,B01,138Â 196Â 686,8.0,0.0,-1.0,1735585,2.0,1,,0.0,2.0,7.0,B01,138Â 196Â 686,5.0
1016751,201900058282,5,2,20:05,2,2,1,1.0,6.0,09185,Chemin du Tremoul,M,"43,2557670","1,6711710",9,2019,50.0,1.0,1.0,4.0,2273951,1.0,1,4,1,1.0,,0.0,0,1972.0,A01,138Â 196Â 654,1.0,-1.0,-1.0,1735586,0.0,7,,2.0,0.0,2.0,A01,138Â 196Â 654,1.0
1016751,201900058282,5,2,20:05,2,2,1,1.0,6.0,09185,Chemin du Tremoul,M,"43,2557670","1,6711710",9,2019,50.0,1.0,1.0,4.0,2273952,2.0,2,4,2,1.0,,0.0,0,1968.0,A01,138Â 196Â 654,1.0,-1.0,-1.0,1735586,0.0,7,,2.0,0.0,2.0,A01,138Â 196Â 654,1.0
1016752,201900058283,2,14,09:47,1,2,1,1.0,6.0,47310,rue des droits de l'homme,M,"44,3896060","0,3095400",47,2019,50.0,1.0,1.0,4.0,2273953,10.0,3,3,1,3.0,,2.0,1,1934.0,A01,138Â 196Â 650,0.0,-1.0,-1.0,1735587,1.0,10,,0.0,1.0,7.0,A01,138Â 196Â 650,1.0
1016752,201900058283,2,14,09:47,1,2,1,1.0,6.0,47310,rue des droits de l'homme,M,"44,3896060","0,3095400",47,2019,50.0,1.0,1.0,4.0,2273954,1.0,1,1,1,4.0,,0.0,0,1971.0,A01,138Â 196Â 650,1.0,-1.0,-1.0,1735587,1.0,10,,0.0,1.0,7.0,A01,138Â 196Â 650,1.0
1016753,201900058284,3,26,09:35,1,2,3,1.0,3.0,94055,NOISEAU (R DE),M,"48,7766800","2,5344600",94,2019,50.0,1.0,1.0,4.0,2273955,1.0,1,1,1,1.0,,-1.0, -1,1963.0,B01,138Â 196Â 647,1.0,8.0,-1.0,1735588,0.0,10,,0.0,2.0,1.0,B01,138Â 196Â 647,1.0
1016753,201900058284,3,26,09:35,1,2,3,1.0,3.0,94055,NOISEAU (R DE),M,"48,7766800","2,5344600",94,2019,50.0,1.0,1.0,4.0,2273955,1.0,1,1,1,1.0,,-1.0, -1,1963.0,B01,138Â 196Â 647,1.0,8.0,-1.0,1735589,0.0,7,,8.0,2.0,1.0,A01,138Â 196Â 655,1.0
1016753,201900058284,3,26,09:35,1,2,3,1.0,3.0,94055,NOISEAU (R DE),M,"48,7766800","2,5344600",94,2019,50.0,1.0,1.0,4.0,2273956,1.0,1,4,1,9.0,,-1.0, -1,1986.0,A01,138Â 196Â 655,1.0,8.0,-1.0,1735588,0.0,10,,0.0,2.0,1.0,B01,138Â 196Â 647,1.0
1016753,201900058284,3,26,09:35,1,2,3,1.0,3.0,94055,NOISEAU (R DE),M,"48,7766800","2,5344600",94,2019,50.0,1.0,1.0,4.0,2273956,1.0,1,4,1,9.0,,-1.0, -1,1986.0,A01,138Â 196Â 655,1.0,8.0,-1.0,1735589,0.0,7,,8.0,2.0,1.0,A01,138Â 196Â 655,1.0
1016754,201900058285,10,22,16:30,1,1,1,1.0,3.0,67218,ALFRED KASTLER (ROUTE),M,"48,5419900","7,7394000",67,2019,50.0,1.0,1.0,7.0,2273957,1.0,1,4,1,0.0,,-1.0,0,1998.0,B01,138Â 196Â 644,2.0,8.0,-1.0,1735590,2.0,31,,0.0,2.0,1.0,B01,138Â 196Â 644,1.0
1016754,201900058285,10,22,16:30,1,1,1,1.0,3.0,67218,ALFRED KASTLER (ROUTE),M,"48,5419900","7,7394000",67,2019,50.0,1.0,1.0,7.0,2273957,1.0,1,4,1,0.0,,-1.0,0,1998.0,B01,138Â 196Â 644,2.0,8.0,-1.0,1735591,1.0,7,,0.0,2.0,8.0,A01,138Â 196Â 649,1.0
1016754,201900058285,10,22,16:30,1,1,1,1.0,3.0,67218,ALFRED KASTLER (ROUTE),M,"48,5419900","7,7394000",67,2019,50.0,1.0,1.0,7.0,2273958,1.0,1,1,1,4.0,,-1.0,0,1982.0,A01,138Â 196Â 649,1.0,8.0,-1.0,1735590,2.0,31,,0.0,2.0,1.0,B01,138Â 196Â 644,1.0
1016754,201900058285,10,22,16:30,1,1,1,1.0,3.0,67218,ALFRED KASTLER (ROUTE),M,"48,5419900","7,7394000",67,2019,50.0,1.0,1.0,7.0,2273958,1.0,1,1,1,4.0,,-1.0,0,1982.0,A01,138Â 196Â 649,1.0,8.0,-1.0,1735591,1.0,7,,0.0,2.0,8.0,A01,138Â 196Â 649,1.0
1016755,201900058286,2,15,12:15,1,2,6,7.0,6.0,34142,Capitoul,M,"43,7146220","3,3240590",34,2019,50.0,1.0,1.0,3.0,2273959,1.0,1,2,1,1.0,,0.0,0,1998.0,A01,138Â 196Â 643,2.0,-1.0,-1.0,1735592,1.0,2,,7.0,0.0,1.0,A01,138Â 196Â 643,1.0
1016756,201900058287,5,10,16:30,1,1,1,1.0,3.0,09199,D624,M,"43,2012740","1,6220490",9,2019,80.0,1.0,1.0,3.0,2273960,2.0,2,3,1,5.0,,0.0,0,1971.0,B01,138Â 196Â 642,1.0,-1.0,-1.0,1735593,2.0,7,,0.0,2.0,1.0,B01,138Â 196Â 642,1.0
1016756,201900058287,5,10,16:30,1,1,1,1.0,3.0,09199,D624,M,"43,2012740","1,6220490",9,2019,80.0,1.0,1.0,3.0,2273960,2.0,2,3,1,5.0,,0.0,0,1971.0,B01,138Â 196Â 642,1.0,-1.0,-1.0,1735594,1.0,7,,0.0,2.0,2.0,A01,138Â 196Â 648,1.0
1016756,201900058287,5,10,16:30,1,1,1,1.0,3.0,09199,D624,M,"43,2012740","1,6220490",9,2019,80.0,1.0,1.0,3.0,2273961,1.0,1,1,2,5.0,,0.0,0,1970.0,B01,138Â 196Â 642,1.0,-1.0,-1.0,1735593,2.0,7,,0.0,2.0,1.0,B01,138Â 196Â 642,1.0
1016756,201900058287,5,10,16:30,1,1,1,1.0,3.0,09199,D624,M,"43,2012740","1,6220490",9,2019,80.0,1.0,1.0,3.0,2273961,1.0,1,1,2,5.0,,0.0,0,1970.0,B01,138Â 196Â 642,1.0,-1.0,-1.0,1735594,1.0,7,,0.0,2.0,2.0,A01,138Â 196Â 648,1.0
1016756,201900058287,5,10,16:30,1,1,1,1.0,3.0,09199,D624,M,"43,2012740","1,6220490",9,2019,80.0,1.0,1.0,3.0,2273962,1.0,1,1,2,2.0,,0.0,0,1980.0,A01,138Â 196Â 648,1.0,-1.0,-1.0,1735593,2.0,7,,0.0,2.0,1.0,B01,138Â 196Â 642,1.0
1016756,201900058287,5,10,16:30,1,1,1,1.0,3.0,09199,D624,M,"43,2012740","1,6220490",9,2019,80.0,1.0,1.0,3.0,2273962,1.0,1,1,2,2.0,,0.0,0,1980.0,A01,138Â 196Â 648,1.0,-1.0,-1.0,1735594,1.0,7,,0.0,2.0,2.0,A01,138Â 196Â 648,1.0
1016757,201900058288,3,26,18:25,1,2,1,1.0,6.0,93078,DELATTRE DE TASSIGNY (AVENUE),M,"48,9578200","2,5450200",93,2019,50.0,2.0,1.0,4.0,2273963,1.0,1,1,1,5.0,,-1.0, -1,1976.0,A01,138Â 196Â 641,8.0,0.0,-1.0,1735595,3.0,7,,0.0,1.0,2.0,A01,138Â 196Â 641,1.0
1016757,201900058288,3,26,18:25,1,2,1,1.0,6.0,93078,DELATTRE DE TASSIGNY (AVENUE),M,"48,9578200","2,5450200",93,2019,50.0,2.0,1.0,4.0,2273964,10.0,3,4,1,5.0,,5.0,2,1981.0,A01,138Â 196Â 641,8.0,0.0,-1.0,1735595,3.0,7,,0.0,1.0,2.0,A01,138Â 196Â 641,1.0
1016758,201900058289,10,22,12:40,1,2,1,1.0,6.0,67482,NEUHOF (ROUTE),M,"48,5578740","7,7661350",67,2019,50.0,1.0,1.0,4.0,2273965,10.0,3,4,1,5.0,,4.0,3,2008.0,A01,138Â 196Â 640,8.0,0.0,-1.0,1735596,1.0,7,,0.0,1.0,2.0,A01,138Â 196Â 640,1.0
1016758,201900058289,10,22,12:40,1,2,1,1.0,6.0,67482,NEUHOF (ROUTE),M,"48,5578740","7,7661350",67,2019,50.0,1.0,1.0,4.0,2273966,1.0,1,1,1,0.0,,-1.0,0,1970.0,A01,138Â 196Â 640,1.0,0.0,-1.0,1735596,1.0,7,,0.0,1.0,2.0,A01,138Â 196Â 640,1.0
1016759,201900058290,5,1,16:30,1,1,1,1.0,7.0,09107,"Lieu dit ""le col"", D13",M,"43,0040420","1,7561970",9,2019,80.0,1.0,1.0,3.0,2273967,1.0,1,3,1,5.0,,0.0,0,1967.0,A01,138Â 196Â 638,2.0,-1.0,-1.0,1735597,1.0,1,,0.0,0.0,0.0,A01,138Â 196Â 638,5.0
1016760,201900058291,2,15,17:00,1,1,2,1.0,5.0,34300,RD 18,M,"43,4178430","3,3200120",34,2019,80.0,1.0,1.0,3.0,2273968,1.0,1,1,1,0.0,,0.0,0,1966.0,C01,138Â 196Â 636,1.0,-1.0,-1.0,1735598,2.0,7,,0.0,2.0,4.0,C01,138Â 196Â 636,1.0
1016760,201900058291,2,15,17:00,1,1,2,1.0,5.0,34300,RD 18,M,"43,4178430","3,3200120",34,2019,80.0,1.0,1.0,3.0,2273968,1.0,1,1,1,0.0,,0.0,0,1966.0,C01,138Â 196Â 636,1.0,-1.0,-1.0,1735599,2.0,7,,0.0,2.0,4.0,B01,138Â 196Â 637,1.0
1016760,201900058291,2,15,17:00,1,1,2,1.0,5.0,34300,RD 18,M,"43,4178430","3,3200120",34,2019,80.0,1.0,1.0,3.0,2273968,1.0,1,1,1,0.0,,0.0,0,1966.0,C01,138Â 196Â 636,1.0,-1.0,-1.0,1735600,2.0,7,,0.0,2.0,1.0,A01,138Â 196Â 639,1.0
1016760,201900058291,2,15,17:00,1,1,2,1.0,5.0,34300,RD 18,M,"43,4178430","3,3200120",34,2019,80.0,1.0,1.0,3.0,2273969,1.0,1,4,1,0.0,,0.0,0,1970.0,B01,138Â 196Â 637,8.0,-1.0,-1.0,1735598,2.0,7,,0.0,2.0,4.0,C01,138Â 196Â 636,1.0
1016760,201900058291,2,15,17:00,1,1,2,1.0,5.0,34300,RD 18,M,"43,4178430","3,3200120",34,2019,80.0,1.0,1.0,3.0,2273969,1.0,1,4,1,0.0,,0.0,0,1970.0,B01,138Â 196Â 637,8.0,-1.0,-1.0,1735599,2.0,7,,0.0,2.0,4.0,B01,138Â 196Â 637,1.0
1016760,201900058291,2,15,17:00,1,1,2,1.0,5.0,34300,RD 18,M,"43,4178430","3,3200120",34,2019,80.0,1.0,1.0,3.0,2273969,1.0,1,4,1,0.0,,0.0,0,1970.0,B01,138Â 196Â 637,8.0,-1.0,-1.0,1735600,2.0,7,,0.0,2.0,1.0,A01,138Â 196Â 639,1.0
1016760,201900058291,2,15,17:00,1,1,2,1.0,5.0,34300,RD 18,M,"43,4178430","3,3200120",34,2019,80.0,1.0,1.0,3.0,2273970,1.0,1,1,1,0.0,,0.0,0,1957.0,A01,138Â 196Â 639,1.0,-1.0,-1.0,1735598,2.0,7,,0.0,2.0,4.0,C01,138Â 196Â 636,1.0
1016760,201900058291,2,15,17:00,1,1,2,1.0,5.0,34300,RD 18,M,"43,4178430","3,3200120",34,2019,80.0,1.0,1.0,3.0,2273970,1.0,1,1,1,0.0,,0.0,0,1957.0,A01,138Â 196Â 639,1.0,-1.0,-1.0,1735599,2.0,7,,0.0,2.0,4.0,B01,138Â 196Â 637,1.0
1016760,201900058291,2,15,17:00,1,1,2,1.0,5.0,34300,RD 18,M,"43,4178430","3,3200120",34,2019,80.0,1.0,1.0,3.0,2273970,1.0,1,1,1,0.0,,0.0,0,1957.0,A01,138Â 196Â 639,1.0,-1.0,-1.0,1735600,2.0,7,,0.0,2.0,1.0,A01,138Â 196Â 639,1.0
1016761,201900058292,3,26,12:00,1,2,2,1.0,6.0,93077,LECLERC (AVENUE DU GENERAL),M,"48,8866200","2,5089900",93,2019,50.0,1.0,1.0,4.0,2273971,10.0,3,4,2,5.0,,4.0,3,1972.0,A01,138Â 196Â 635,8.0,0.0,-1.0,1735601,2.0,7,,0.0,1.0,1.0,A01,138Â 196Â 635,1.0
1016761,201900058292,3,26,12:00,1,2,2,1.0,6.0,93077,LECLERC (AVENUE DU GENERAL),M,"48,8866200","2,5089900",93,2019,50.0,1.0,1.0,4.0,2273972,1.0,1,1,2,1.0,,-1.0, -1,1988.0,A01,138Â 196Â 635,1.0,0.0,-1.0,1735601,2.0,7,,0.0,1.0,1.0,A01,138Â 196Â 635,1.0
1016762,201900058293,10,24,11:02,1,2,1,1.0,2.0,66136,R D 900,M,"42,7102700","2,8705200",66,2019,90.0,1.0,1.0,4.0,2273973,1.0,1,4,2,9.0,,-1.0, -1,1948.0,B01,138Â 196Â 633,1.0,0.0,-1.0,1735602,1.0,7,,0.0,2.0,6.0,B01,138Â 196Â 633,1.0
1016762,201900058293,10,24,11:02,1,2,1,1.0,2.0,66136,R D 900,M,"42,7102700","2,8705200",66,2019,90.0,1.0,1.0,4.0,2273973,1.0,1,4,2,9.0,,-1.0, -1,1948.0,B01,138Â 196Â 633,1.0,0.0,-1.0,1735603,1.0,10,,0.0,2.0,2.0,A01,138Â 196Â 634,1.0
1016762,201900058293,10,24,11:02,1,2,1,1.0,2.0,66136,R D 900,M,"42,7102700","2,8705200",66,2019,90.0,1.0,1.0,4.0,2273974,1.0,1,1,1,4.0,,-1.0, -1,1975.0,A01,138Â 196Â 634,1.0,8.0,-1.0,1735602,1.0,7,,0.0,2.0,6.0,B01,138Â 196Â 633,1.0
1016762,201900058293,10,24,11:02,1,2,1,1.0,2.0,66136,R D 900,M,"42,7102700","2,8705200",66,2019,90.0,1.0,1.0,4.0,2273974,1.0,1,1,1,4.0,,-1.0, -1,1975.0,A01,138Â 196Â 634,1.0,8.0,-1.0,1735603,1.0,10,,0.0,2.0,2.0,A01,138Â 196Â 634,1.0
1016763,201900058294,5,1,16:30,1,1,1,1.0,6.0,09107,Le Taychet D12,M,"43,0075090","1,7998530",9,2019,80.0,8.0,1.0,3.0,2273975,1.0,1,1,1,5.0,,0.0,0,1950.0,A01,138Â 196Â 632,1.0,-1.0,-1.0,1735604,1.0,7,,15.0,9.0,3.0,A01,138Â 196Â 632,0.0
1016763,201900058294,5,1,16:30,1,1,1,1.0,6.0,09107,Le Taychet D12,M,"43,0075090","1,7998530",9,2019,80.0,8.0,1.0,3.0,2273976,2.0,2,3,1,5.0,,0.0,0,1946.0,A01,138Â 196Â 632,1.0,-1.0,-1.0,1735604,1.0,7,,15.0,9.0,3.0,A01,138Â 196Â 632,0.0
1016764,201900058295,2,16,15:40,1,2,9,1.0,6.0,68355,Zone commerciale Eberlin,M,"47,5541460","7,3129860",68,2019,50.0,3.0,1.0,6.0,2273977,1.0,1,4,1,5.0,,0.0,0,2002.0,A01,138Â 196Â 631,2.0,6.0,-1.0,1735605,0.0,2,,8.0,0.0,1.0,A01,138Â 196Â 631,1.0
1016765,201900058296,3,25,12:40,1,2,9,1.0,1.0,93006,COLOMBIER MARIE-ANNE,M,"48,8716450","2,4152860",93,2019,50.0,1.0,1.0,4.0,2273978,1.0,1,1,1,0.0,,0.0,0,1988.0,A01,138Â 196Â 629,8.0,0.0,-1.0,1735606,2.0,7,,0.0,2.0,3.0,A01,138Â 196Â 629,0.0
1016765,201900058296,3,25,12:40,1,2,9,1.0,1.0,93006,COLOMBIER MARIE-ANNE,M,"48,8716450","2,4152860",93,2019,50.0,1.0,1.0,4.0,2273978,1.0,1,1,1,0.0,,0.0,0,1988.0,A01,138Â 196Â 629,8.0,0.0,-1.0,1735607,1.0,33,,0.0,2.0,1.0,B01,138Â 196Â 630,0.0
1016765,201900058296,3,25,12:40,1,2,9,1.0,1.0,93006,COLOMBIER MARIE-ANNE,M,"48,8716450","2,4152860",93,2019,50.0,1.0,1.0,4.0,2273979,1.0,1,4,1,0.0,,0.0,0,1972.0,B01,138Â 196Â 630,2.0,8.0,-1.0,1735606,2.0,7,,0.0,2.0,3.0,A01,138Â 196Â 629,0.0
1016765,201900058296,3,25,12:40,1,2,9,1.0,1.0,93006,COLOMBIER MARIE-ANNE,M,"48,8716450","2,4152860",93,2019,50.0,1.0,1.0,4.0,2273979,1.0,1,4,1,0.0,,0.0,0,1972.0,B01,138Â 196Â 630,2.0,8.0,-1.0,1735607,1.0,33,,0.0,2.0,1.0,B01,138Â 196Â 630,0.0
1016766,201900058297,5,7,22:05,3,1,1,1.0,6.0,09229,D 620 PK 0+900,M,"42,9539730","1,9318180",9,2019,80.0,3.0,1.0,3.0,2273980,1.0,1,2,1,0.0,,0.0,0,1979.0,A01,138Â 196Â 628,1.0,-1.0,-1.0,1735608,1.0,7,,6.0,0.0,9.0,A01,138Â 196Â 628,1.0
1016767,201900058298,2,15,17:15,1,1,1,7.0,1.0,39441,,M,"46,4251100","6,0150020",39,2019,80.0,1.0,1.0,3.0,2273981,1.0,1,4,2,5.0,,0.0,0,1934.0,A01,138Â 196Â 624,1.0,-1.0,-1.0,1735609,1.0,7,,0.0,2.0,1.0,A01,138Â 196Â 624,1.0
1016767,201900058298,2,15,17:15,1,1,1,7.0,1.0,39441,,M,"46,4251100","6,0150020",39,2019,80.0,1.0,1.0,3.0,2273981,1.0,1,4,2,5.0,,0.0,0,1934.0,A01,138Â 196Â 624,1.0,-1.0,-1.0,1735610,2.0,38,1.0,0.0,2.0,3.0,B01,138Â 196Â 626,1.0
1016767,201900058298,2,15,17:15,1,1,1,7.0,1.0,39441,,M,"46,4251100","6,0150020",39,2019,80.0,1.0,1.0,3.0,2273982,1.0,1,1,1,4.0,,0.0,0,1975.0,B01,138Â 196Â 626,1.0,-1.0,-1.0,1735609,1.0,7,,0.0,2.0,1.0,A01,138Â 196Â 624,1.0
1016767,201900058298,2,15,17:15,1,1,1,7.0,1.0,39441,,M,"46,4251100","6,0150020",39,2019,80.0,1.0,1.0,3.0,2273982,1.0,1,1,1,4.0,,0.0,0,1975.0,B01,138Â 196Â 626,1.0,-1.0,-1.0,1735610,2.0,38,1.0,0.0,2.0,3.0,B01,138Â 196Â 626,1.0
1016768,201900058299,10,24,17:35,1,1,1,2.0,1.0,64545,CORNICHE (ROUTE DE LA),M,"43,3843902"," -1,7210040",64,2019,50.0,1.0,2.0,3.0,2273983,1.0,1,4,2,1.0,,0.0,0,1964.0,A01,138Â 196Â 625,1.0,0.0,-1.0,1735611,2.0,7,,0.0,2.0,4.0,A01,138Â 196Â 625,1.0
1016768,201900058299,10,24,17:35,1,1,1,2.0,1.0,64545,CORNICHE (ROUTE DE LA),M,"43,3843902"," -1,7210040",64,2019,50.0,1.0,2.0,3.0,2273983,1.0,1,4,2,1.0,,0.0,0,1964.0,A01,138Â 196Â 625,1.0,0.0,-1.0,1735612,1.0,7,,0.0,2.0,1.0,B01,138Â 196Â 627,1.0
1016768,201900058299,10,24,17:35,1,1,1,2.0,1.0,64545,CORNICHE (ROUTE DE LA),M,"43,3843902"," -1,7210040",64,2019,50.0,1.0,2.0,3.0,2273984,2.0,2,3,2,5.0,,0.0,0,1946.0,B01,138Â 196Â 627,1.0,0.0,-1.0,1735611,2.0,7,,0.0,2.0,4.0,A01,138Â 196Â 625,1.0
1016768,201900058299,10,24,17:35,1,1,1,2.0,1.0,64545,CORNICHE (ROUTE DE LA),M,"43,3843902"," -1,7210040",64,2019,50.0,1.0,2.0,3.0,2273984,2.0,2,3,2,5.0,,0.0,0,1946.0,B01,138Â 196Â 627,1.0,0.0,-1.0,1735612,1.0,7,,0.0,2.0,1.0,B01,138Â 196Â 627,1.0
1016768,201900058299,10,24,17:35,1,1,1,2.0,1.0,64545,CORNICHE (ROUTE DE LA),M,"43,3843902"," -1,7210040",64,2019,50.0,1.0,2.0,3.0,2273985,1.0,1,4,1,5.0,,0.0,0,1941.0,B01,138Â 196Â 627,1.0,0.0,-1.0,1735611,2.0,7,,0.0,2.0,4.0,A01,138Â 196Â 625,1.0