Unnamed: 0_x,num_acc,mois,jour,hrmn,lum,agg,int,atm,col,com,adr,gps,lat,long,dep,annee,vma,situ,surf,catr,Unnamed: 0_y,place,catu,grav,sexe,trajet,secu,locp,actp,an_nais,num_veh_x,id_vehicule_x,secu1,secu2,secu3,Unnamed: 0,senc,catv,occutc,obs,obsm,choc,num_veh_y,id_vehicule_y,motor
1016768,201900058299,10,24,17:35,1,1,1,2.0,1.0,64545,CORNICHE (ROUTE DE LA),M,"43,3843902"," -1,7210040",64,2019,50.0,1.0,2.0,3.0,2273985,1.0,1,4,1,5.0,,0.0,0,1941.0,B01,138Â 196Â 627,1.0,0.0,-1.0,1735612,1.0,7,,0.0,2.0,1.0,B01,138Â 196Â 627,1.0
1016769,201900058300,3,26,20:40,5,2,9,1.0,6.0,93031,PARIS (RUE DE),M,"48,9528300","2,3156000",93,2019,50.0,1.0,1.0,3.0,2273986,10.0,3,4,2,5.0,,4.0,3,1980.0,A01,138Â 196Â 623,8.0,0.0,-1.0,1735613,1.0,7,,0.0,1.0,2.0,A01,138Â 196Â 623,0.0
1016770,201900058301,5,4,10:55,1,1,1,8.0,6.0,09206,D9 - Lieu dit ''RÃ©gnis' - Route e Montseur,M,"42,8839840","1,8055660",9,2019,80.0,3.0,1.0,3.0,2273987,1.0,1,3,1,5.0,,0.0,0,1996.0,A01,138Â 196Â 622,1.0,-1.0,-1.0,1735614,1.0,7,,2.0,0.0,3.0,A01,138Â 196Â 622,1.0
1016771,201900058302,2,15,14:30,1,1,1,1.0,3.0,39034,,M,"46,9584580","5,4669790",39,2019,80.0,1.0,1.0,3.0,2273988,1.0,1,1,1,5.0,,0.0,0,1932.0,A01,138Â 196Â 619,1.0,-1.0,-1.0,1735615,2.0,7,,0.0,9.0,7.0,A01,138Â 196Â 619,1.0
1016771,201900058302,2,15,14:30,1,1,1,1.0,3.0,39034,,M,"46,9584580","5,4669790",39,2019,80.0,1.0,1.0,3.0,2273988,1.0,1,1,1,5.0,,0.0,0,1932.0,A01,138Â 196Â 619,1.0,-1.0,-1.0,1735616,2.0,1,,0.0,2.0,8.0,B01,138Â 196Â 621,5.0
1016771,201900058302,2,15,14:30,1,1,1,1.0,3.0,39034,,M,"46,9584580","5,4669790",39,2019,80.0,1.0,1.0,3.0,2273989,1.0,1,3,1,5.0,,0.0,0,1937.0,B01,138Â 196Â 621,2.0,-1.0,-1.0,1735615,2.0,7,,0.0,9.0,7.0,A01,138Â 196Â 619,1.0
1016771,201900058302,2,15,14:30,1,1,1,1.0,3.0,39034,,M,"46,9584580","5,4669790",39,2019,80.0,1.0,1.0,3.0,2273989,1.0,1,3,1,5.0,,0.0,0,1937.0,B01,138Â 196Â 621,2.0,-1.0,-1.0,1735616,2.0,1,,0.0,2.0,8.0,B01,138Â 196Â 621,5.0
1016772,201900058303,8,12,08:08,1,2,1,1.0,1.0,97209,FONTAINE DIDIER (RUE DE LA),M,"14,6318200"," -61,0797300",972,2019,50.0,1.0,1.0,4.0,2273990,1.0,1,4,1,9.0,,-1.0,0,1989.0,A01,138Â 196Â 646,1.0,0.0,-1.0,1735617,1.0,7,,0.0,2.0,1.0,A01,138Â 196Â 646,1.0
1016772,201900058303,8,12,08:08,1,2,1,1.0,1.0,97209,FONTAINE DIDIER (RUE DE LA),M,"14,6318200"," -61,0797300",972,2019,50.0,1.0,1.0,4.0,2273990,1.0,1,4,1,9.0,,-1.0,0,1989.0,A01,138Â 196Â 646,1.0,0.0,-1.0,1735618,2.0,7,,0.0,2.0,1.0,B01,138Â 196Â 651,1.0
1016772,201900058303,8,12,08:08,1,2,1,1.0,1.0,97209,FONTAINE DIDIER (RUE DE LA),M,"14,6318200"," -61,0797300",972,2019,50.0,1.0,1.0,4.0,2273991,2.0,2,4,2,5.0,,-1.0,0,2014.0,B01,138Â 196Â 651,1.0,8.0,-1.0,1735617,1.0,7,,0.0,2.0,1.0,A01,138Â 196Â 646,1.0
1016772,201900058303,8,12,08:08,1,2,1,1.0,1.0,97209,FONTAINE DIDIER (RUE DE LA),M,"14,6318200"," -61,0797300",972,2019,50.0,1.0,1.0,4.0,2273991,2.0,2,4,2,5.0,,-1.0,0,2014.0,B01,138Â 196Â 651,1.0,8.0,-1.0,1735618,2.0,7,,0.0,2.0,1.0,B01,138Â 196Â 651,1.0
1016772,201900058303,8,12,08:08,1,2,1,1.0,1.0,97209,FONTAINE DIDIER (RUE DE LA),M,"14,6318200"," -61,0797300",972,2019,50.0,1.0,1.0,4.0,2273992,1.0,1,4,1,0.0,,-1.0,0,1991.0,B01,138Â 196Â 651,1.0,0.0,-1.0,1735617,1.0,7,,0.0,2.0,1.0,A01,138Â 196Â 646,1.0
1016772,201900058303,8,12,08:08,1,2,1,1.0,1.0,97209,FONTAINE DIDIER (RUE DE LA),M,"14,6318200"," -61,0797300",972,2019,50.0,1.0,1.0,4.0,2273992,1.0,1,4,1,0.0,,-1.0,0,1991.0,B01,138Â 196Â 651,1.0,0.0,-1.0,1735618,2.0,7,,0.0,2.0,1.0,B01,138Â 196Â 651,1.0
1016773,201900058304,9,20,19:15,2,2,2,1.0,5.0,17337,rue de la GibertiÃ¨re,M,"45,9707800"," -1,2896090",17,2019,50.0,1.0,1.0,3.0,2273993,1.0,1,4,2,5.0,,0.0,0,1955.0,A01,138Â 196Â 645,1.0,-1.0,-1.0,1735619,2.0,7,,0.0,2.0,7.0,A01,138Â 196Â 645,1.0
1016773,201900058304,9,20,19:15,2,2,2,1.0,5.0,17337,rue de la GibertiÃ¨re,M,"45,9707800"," -1,2896090",17,2019,50.0,1.0,1.0,3.0,2273993,1.0,1,4,2,5.0,,0.0,0,1955.0,A01,138Â 196Â 645,1.0,-1.0,-1.0,1735620,1.0,33,,0.0,2.0,1.0,B01,138Â 196Â 652,1.0
1016773,201900058304,9,20,19:15,2,2,2,1.0,5.0,17337,rue de la GibertiÃ¨re,M,"45,9707800"," -1,2896090",17,2019,50.0,1.0,1.0,3.0,2273993,1.0,1,4,2,5.0,,0.0,0,1955.0,A01,138Â 196Â 645,1.0,-1.0,-1.0,1735621,2.0,7,,0.0,2.0,3.0,C01,138Â 196Â 679,1.0
1016773,201900058304,9,20,19:15,2,2,2,1.0,5.0,17337,rue de la GibertiÃ¨re,M,"45,9707800"," -1,2896090",17,2019,50.0,1.0,1.0,3.0,2273994,1.0,1,3,1,5.0,,0.0,0,1998.0,B01,138Â 196Â 652,2.0,6.0,-1.0,1735619,2.0,7,,0.0,2.0,7.0,A01,138Â 196Â 645,1.0
1016773,201900058304,9,20,19:15,2,2,2,1.0,5.0,17337,rue de la GibertiÃ¨re,M,"45,9707800"," -1,2896090",17,2019,50.0,1.0,1.0,3.0,2273994,1.0,1,3,1,5.0,,0.0,0,1998.0,B01,138Â 196Â 652,2.0,6.0,-1.0,1735620,1.0,33,,0.0,2.0,1.0,B01,138Â 196Â 652,1.0
1016773,201900058304,9,20,19:15,2,2,2,1.0,5.0,17337,rue de la GibertiÃ¨re,M,"45,9707800"," -1,2896090",17,2019,50.0,1.0,1.0,3.0,2273994,1.0,1,3,1,5.0,,0.0,0,1998.0,B01,138Â 196Â 652,2.0,6.0,-1.0,1735621,2.0,7,,0.0,2.0,3.0,C01,138Â 196Â 679,1.0
1016773,201900058304,9,20,19:15,2,2,2,1.0,5.0,17337,rue de la GibertiÃ¨re,M,"45,9707800"," -1,2896090",17,2019,50.0,1.0,1.0,3.0,2273995,1.0,1,1,1,0.0,,0.0,0,1974.0,C01,138Â 196Â 679,1.0,-1.0,-1.0,1735619,2.0,7,,0.0,2.0,7.0,A01,138Â 196Â 645,1.0
1016773,201900058304,9,20,19:15,2,2,2,1.0,5.0,17337,rue de la GibertiÃ¨re,M,"45,9707800"," -1,2896090",17,2019,50.0,1.0,1.0,3.0,2273995,1.0,1,1,1,0.0,,0.0,0,1974.0,C01,138Â 196Â 679,1.0,-1.0,-1.0,1735620,1.0,33,,0.0,2.0,1.0,B01,138Â 196Â 652,1.0
1016773,201900058304,9,20,19:15,2,2,2,1.0,5.0,17337,rue de la GibertiÃ¨re,M,"45,9707800"," -1,2896090",17,2019,50.0,1.0,1.0,3.0,2273995,1.0,1,1,1,0.0,,0.0,0,1974.0,C01,138Â 196Â 679,1.0,-1.0,-1.0,1735621,2.0,7,,0.0,2.0,3.0,C01,138Â 196Â 679,1.0
1016774,201900058305,10,24,23:30,5,2,1,8.0,4.0,64102,GRENET (AVENUE HENRI),M,"43,5010596"," -1,4792139",64,2019,50.0,1.0,2.0,4.0,2273996,1.0,1,4,2,0.0,,0.0,0,1984.0,A01,138Â 196Â 616,1.0,0.0,-1.0,1735622,1.0,7,,14.0,0.0,1.0,A01,138Â 196Â 616,1.0
1016774,201900058305,10,24,23:30,5,2,1,8.0,4.0,64102,GRENET (AVENUE HENRI),M,"43,5010596"," -1,4792139",64,2019,50.0,1.0,2.0,4.0,2273996,1.0,1,4,2,0.0,,0.0,0,1984.0,A01,138Â 196Â 616,1.0,0.0,-1.0,1735623,1.0,7,,14.0,0.0,1.0,B01,138Â 196Â 618,1.0
1016774,201900058305,10,24,23:30,5,2,1,8.0,4.0,64102,GRENET (AVENUE HENRI),M,"43,5010596"," -1,4792139",64,2019,50.0,1.0,2.0,4.0,2273996,1.0,1,4,2,0.0,,0.0,0,1984.0,A01,138Â 196Â 616,1.0,0.0,-1.0,1735624,1.0,7,,15.0,0.0,4.0,C01,138Â 196Â 620,1.0
1016774,201900058305,10,24,23:30,5,2,1,8.0,4.0,64102,GRENET (AVENUE HENRI),M,"43,5010596"," -1,4792139",64,2019,50.0,1.0,2.0,4.0,2273997,1.0,1,1,2,0.0,,0.0,0,1990.0,B01,138Â 196Â 618,1.0,0.0,-1.0,1735622,1.0,7,,14.0,0.0,1.0,A01,138Â 196Â 616,1.0
1016774,201900058305,10,24,23:30,5,2,1,8.0,4.0,64102,GRENET (AVENUE HENRI),M,"43,5010596"," -1,4792139",64,2019,50.0,1.0,2.0,4.0,2273997,1.0,1,1,2,0.0,,0.0,0,1990.0,B01,138Â 196Â 618,1.0,0.0,-1.0,1735623,1.0,7,,14.0,0.0,1.0,B01,138Â 196Â 618,1.0
1016774,201900058305,10,24,23:30,5,2,1,8.0,4.0,64102,GRENET (AVENUE HENRI),M,"43,5010596"," -1,4792139",64,2019,50.0,1.0,2.0,4.0,2273997,1.0,1,1,2,0.0,,0.0,0,1990.0,B01,138Â 196Â 618,1.0,0.0,-1.0,1735624,1.0,7,,15.0,0.0,4.0,C01,138Â 196Â 620,1.0
1016774,201900058305,10,24,23:30,5,2,1,8.0,4.0,64102,GRENET (AVENUE HENRI),M,"43,5010596"," -1,4792139",64,2019,50.0,1.0,2.0,4.0,2273998,2.0,2,1,2,0.0,,0.0,0,1991.0,B01,138Â 196Â 618,1.0,0.0,-1.0,1735622,1.0,7,,14.0,0.0,1.0,A01,138Â 196Â 616,1.0
1016774,201900058305,10,24,23:30,5,2,1,8.0,4.0,64102,GRENET (AVENUE HENRI),M,"43,5010596"," -1,4792139",64,2019,50.0,1.0,2.0,4.0,2273998,2.0,2,1,2,0.0,,0.0,0,1991.0,B01,138Â 196Â 618,1.0,0.0,-1.0,1735623,1.0,7,,14.0,0.0,1.0,B01,138Â 196Â 618,1.0
1016774,201900058305,10,24,23:30,5,2,1,8.0,4.0,64102,GRENET (AVENUE HENRI),M,"43,5010596"," -1,4792139",64,2019,50.0,1.0,2.0,4.0,2273998,2.0,2,1,2,0.0,,0.0,0,1991.0,B01,138Â 196Â 618,1.0,0.0,-1.0,1735624,1.0,7,,15.0,0.0,4.0,C01,138Â 196Â 620,1.0
1016774,201900058305,10,24,23:30,5,2,1,8.0,4.0,64102,GRENET (AVENUE HENRI),M,"43,5010596"," -1,4792139",64,2019,50.0,1.0,2.0,4.0,2273999,1.0,1,1,2,0.0,,0.0,0,1999.0,C01,138Â 196Â 620,1.0,0.0,-1.0,1735622,1.0,7,,14.0,0.0,1.0,A01,138Â 196Â 616,1.0
1016774,201900058305,10,24,23:30,5,2,1,8.0,4.0,64102,GRENET (AVENUE HENRI),M,"43,5010596"," -1,4792139",64,2019,50.0,1.0,2.0,4.0,2273999,1.0,1,1,2,0.0,,0.0,0,1999.0,C01,138Â 196Â 620,1.0,0.0,-1.0,1735623,1.0,7,,14.0,0.0,1.0,B01,138Â 196Â 618,1.0
1016774,201900058305,10,24,23:30,5,2,1,8.0,4.0,64102,GRENET (AVENUE HENRI),M,"43,5010596"," -1,4792139",64,2019,50.0,1.0,2.0,4.0,2273999,1.0,1,1,2,0.0,,0.0,0,1999.0,C01,138Â 196Â 620,1.0,0.0,-1.0,1735624,1.0,7,,15.0,0.0,4.0,C01,138Â 196Â 620,1.0
1016775,201900058306,2,14,21:50,3,1,1,1.0,1.0,39355,,M,"46,9424180","5,7794450",39,2019,80.0,1.0,1.0,2.0,2274000,1.0,1,2,2,1.0,,0.0,0,1967.0,A01,138Â 196Â 612,1.0,-1.0,-1.0,1735625,1.0,7,,0.0,2.0,3.0,A01,138Â 196Â 612,1.0
1016775,201900058306,2,14,21:50,3,1,1,1.0,1.0,39355,,M,"46,9424180","5,7794450",39,2019,80.0,1.0,1.0,2.0,2274000,1.0,1,2,2,1.0,,0.0,0,1967.0,A01,138Â 196Â 612,1.0,-1.0,-1.0,1735626,2.0,10,,0.0,2.0,3.0,B01,138Â 196Â 613,1.0
1016775,201900058306,2,14,21:50,3,1,1,1.0,1.0,39355,,M,"46,9424180","5,7794450",39,2019,80.0,1.0,1.0,2.0,2274001,1.0,1,1,1,4.0,,0.0,0,1968.0,B01,138Â 196Â 613,1.0,-1.0,-1.0,1735625,1.0,7,,0.0,2.0,3.0,A01,138Â 196Â 612,1.0
1016775,201900058306,2,14,21:50,3,1,1,1.0,1.0,39355,,M,"46,9424180","5,7794450",39,2019,80.0,1.0,1.0,2.0,2274001,1.0,1,1,1,4.0,,0.0,0,1968.0,B01,138Â 196Â 613,1.0,-1.0,-1.0,1735626,2.0,10,,0.0,2.0,3.0,B01,138Â 196Â 613,1.0
1016776,201900058307,3,26,09:00,1,2,2,1.0,3.0,93047,JEAN JAURES (AVENUE),M,"48,8988200","2,5466700",93,2019,50.0,1.0,1.0,3.0,2274002,1.0,1,1,1,4.0,,-1.0, -1,1984.0,B01,138Â 196Â 614,1.0,8.0,-1.0,1735627,1.0,37,2.0,0.0,2.0,7.0,B01,138Â 196Â 614,0.0
1016776,201900058307,3,26,09:00,1,2,2,1.0,3.0,93047,JEAN JAURES (AVENUE),M,"48,8988200","2,5466700",93,2019,50.0,1.0,1.0,3.0,2274002,1.0,1,1,1,4.0,,-1.0, -1,1984.0,B01,138Â 196Â 614,1.0,8.0,-1.0,1735628,1.0,17,,0.0,2.0,3.0,A01,138Â 196Â 617,0.0
1016776,201900058307,3,26,09:00,1,2,2,1.0,3.0,93047,JEAN JAURES (AVENUE),M,"48,8988200","2,5466700",93,2019,50.0,1.0,1.0,3.0,2274003,9.0,2,4,2,9.0,,-1.0, -1,1967.0,B01,138Â 196Â 614,8.0,0.0,-1.0,1735627,1.0,37,2.0,0.0,2.0,7.0,B01,138Â 196Â 614,0.0
1016776,201900058307,3,26,09:00,1,2,2,1.0,3.0,93047,JEAN JAURES (AVENUE),M,"48,8988200","2,5466700",93,2019,50.0,1.0,1.0,3.0,2274003,9.0,2,4,2,9.0,,-1.0, -1,1967.0,B01,138Â 196Â 614,8.0,0.0,-1.0,1735628,1.0,17,,0.0,2.0,3.0,A01,138Â 196Â 617,0.0
1016776,201900058307,3,26,09:00,1,2,2,1.0,3.0,93047,JEAN JAURES (AVENUE),M,"48,8988200","2,5466700",93,2019,50.0,1.0,1.0,3.0,2274004,1.0,1,1,1,4.0,,-1.0, -1,1985.0,A01,138Â 196Â 617,1.0,8.0,-1.0,1735627,1.0,37,2.0,0.0,2.0,7.0,B01,138Â 196Â 614,0.0
1016776,201900058307,3,26,09:00,1,2,2,1.0,3.0,93047,JEAN JAURES (AVENUE),M,"48,8988200","2,5466700",93,2019,50.0,1.0,1.0,3.0,2274004,1.0,1,1,1,4.0,,-1.0, -1,1985.0,A01,138Â 196Â 617,1.0,8.0,-1.0,1735628,1.0,17,,0.0,2.0,3.0,A01,138Â 196Â 617,0.0
1016777,201900058308,5,30,04:50,3,2,1,1.0,6.0,79049,Route de Fontenay le Comte,M,"46,8237870"," -0,5067560",79,2019,50.0,1.0,1.0,3.0,2274005,1.0,1,2,1,0.0,,0.0,0,1997.0,A01,138Â 196Â 610,1.0,-1.0,-1.0,1735629,1.0,7,,13.0,0.0,3.0,A01,138Â 196Â 610,1.0
1016777,201900058308,5,30,04:50,3,2,1,1.0,6.0,79049,Route de Fontenay le Comte,M,"46,8237870"," -0,5067560",79,2019,50.0,1.0,1.0,3.0,2274006,7.0,2,4,1,0.0,,0.0,0,2000.0,A01,138Â 196Â 610,1.0,-1.0,-1.0,1735629,1.0,7,,13.0,0.0,3.0,A01,138Â 196Â 610,1.0
1016777,201900058308,5,30,04:50,3,2,1,1.0,6.0,79049,Route de Fontenay le Comte,M,"46,8237870"," -0,5067560",79,2019,50.0,1.0,1.0,3.0,2274007,9.0,2,3,1,0.0,,0.0,0,2000.0,A01,138Â 196Â 610,1.0,-1.0,-1.0,1735629,1.0,7,,13.0,0.0,3.0,A01,138Â 196Â 610,1.0
1016778,201900058309,2,16,16:30,1,2,1,7.0,6.0,25527,Rue de BesanÃ§on,M,"47,1828070","5,8135380",25,2019,50.0,1.0,1.0,3.0,2274008,10.0,3,3,2,5.0,,0.0,0,1953.0,A01,138Â 196Â 611,0.0,-1.0,-1.0,1735630,1.0,7,,0.0,0.0,2.0,A01,138Â 196Â 611,1.0
1016778,201900058309,2,16,16:30,1,2,1,7.0,6.0,25527,Rue de BesanÃ§on,M,"47,1828070","5,8135380",25,2019,50.0,1.0,1.0,3.0,2274009,1.0,1,1,1,5.0,,0.0,0,1947.0,A01,138Â 196Â 611,1.0,-1.0,-1.0,1735630,1.0,7,,0.0,0.0,2.0,A01,138Â 196Â 611,1.0
1016779,201900058310,3,26,17:55,1,2,1,1.0,6.0,92046,DOUZE FEVRIER 1934 (AVENUE DU),M,"48,8194700","2,3062000",92,2019,50.0,1.0,1.0,3.0,2274010,10.0,3,4,1,5.0,,4.0,3,2007.0,A01,138Â 196Â 603,8.0,0.0,-1.0,1735631,1.0,7,,0.0,1.0,1.0,A01,138Â 196Â 603,0.0
1016779,201900058310,3,26,17:55,1,2,1,1.0,6.0,92046,DOUZE FEVRIER 1934 (AVENUE DU),M,"48,8194700","2,3062000",92,2019,50.0,1.0,1.0,3.0,2274011,1.0,1,1,1,1.0,,0.0,0,1956.0,A01,138Â 196Â 603,1.0,0.0,-1.0,1735631,1.0,7,,0.0,1.0,1.0,A01,138Â 196Â 603,0.0
1016780,201900058311,9,20,15:25,1,2,2,1.0,3.0,17209,Rue de Marignan,M,"45,5949760"," -0,3933520",17,2019,50.0,1.0,1.0,3.0,2274012,1.0,1,1,1,1.0,,0.0,0,2000.0,B01,138Â 196Â 602,1.0,-1.0,-1.0,1735632,2.0,7,,0.0,2.0,3.0,B01,138Â 196Â 602,1.0
1016780,201900058311,9,20,15:25,1,2,2,1.0,3.0,17209,Rue de Marignan,M,"45,5949760"," -0,3933520",17,2019,50.0,1.0,1.0,3.0,2274012,1.0,1,1,1,1.0,,0.0,0,2000.0,B01,138Â 196Â 602,1.0,-1.0,-1.0,1735633,1.0,1,,0.0,2.0,2.0,A01,138Â 196Â 607,5.0
1016780,201900058311,9,20,15:25,1,2,2,1.0,3.0,17209,Rue de Marignan,M,"45,5949760"," -0,3933520",17,2019,50.0,1.0,1.0,3.0,2274013,1.0,1,3,1,5.0,,0.0,0,1951.0,A01,138Â 196Â 607,2.0,-1.0,-1.0,1735632,2.0,7,,0.0,2.0,3.0,B01,138Â 196Â 602,1.0
1016780,201900058311,9,20,15:25,1,2,2,1.0,3.0,17209,Rue de Marignan,M,"45,5949760"," -0,3933520",17,2019,50.0,1.0,1.0,3.0,2274013,1.0,1,3,1,5.0,,0.0,0,1951.0,A01,138Â 196Â 607,2.0,-1.0,-1.0,1735633,1.0,1,,0.0,2.0,2.0,A01,138Â 196Â 607,5.0
1016781,201900058312,8,14,12:30,1,1,1,1.0,5.0,97209,BEAUSEJOUR JAMBETTE (ROUTE),M,"14,6392600"," -61,0412000",972,2019,50.0,1.0,1.0,3.0,2274014,2.0,2,4,2,0.0,,-1.0,0,1950.0,A01,138Â 196Â 600,1.0,0.0,-1.0,1735634,1.0,7,,0.0,2.0,1.0,A01,138Â 196Â 600,1.0
1016781,201900058312,8,14,12:30,1,1,1,1.0,5.0,97209,BEAUSEJOUR JAMBETTE (ROUTE),M,"14,6392600"," -61,0412000",972,2019,50.0,1.0,1.0,3.0,2274014,2.0,2,4,2,0.0,,-1.0,0,1950.0,A01,138Â 196Â 600,1.0,0.0,-1.0,1735635,0.0,7,,0.0,2.0,1.0,B01,138Â 196Â 605,1.0
1016781,201900058312,8,14,12:30,1,1,1,1.0,5.0,97209,BEAUSEJOUR JAMBETTE (ROUTE),M,"14,6392600"," -61,0412000",972,2019,50.0,1.0,1.0,3.0,2274014,2.0,2,4,2,0.0,,-1.0,0,1950.0,A01,138Â 196Â 600,1.0,0.0,-1.0,1735636,2.0,7,,0.0,2.0,3.0,C01,138Â 196Â 606,1.0
1016781,201900058312,8,14,12:30,1,1,1,1.0,5.0,97209,BEAUSEJOUR JAMBETTE (ROUTE),M,"14,6392600"," -61,0412000",972,2019,50.0,1.0,1.0,3.0,2274015,1.0,1,4,2,9.0,,-1.0,0,1944.0,A01,138Â 196Â 600,1.0,0.0,-1.0,1735634,1.0,7,,0.0,2.0,1.0,A01,138Â 196Â 600,1.0
1016781,201900058312,8,14,12:30,1,1,1,1.0,5.0,97209,BEAUSEJOUR JAMBETTE (ROUTE),M,"14,6392600"," -61,0412000",972,2019,50.0,1.0,1.0,3.0,2274015,1.0,1,4,2,9.0,,-1.0,0,1944.0,A01,138Â 196Â 600,1.0,0.0,-1.0,1735635,0.0,7,,0.0,2.0,1.0,B01,138Â 196Â 605,1.0
1016781,201900058312,8,14,12:30,1,1,1,1.0,5.0,97209,BEAUSEJOUR JAMBETTE (ROUTE),M,"14,6392600"," -61,0412000",972,2019,50.0,1.0,1.0,3.0,2274015,1.0,1,4,2,9.0,,-1.0,0,1944.0,A01,138Â 196Â 600,1.0,0.0,-1.0,1735636,2.0,7,,0.0,2.0,3.0,C01,138Â 196Â 606,1.0
1016781,201900058312,8,14,12:30,1,1,1,1.0,5.0,97209,BEAUSEJOUR JAMBETTE (ROUTE),M,"14,6392600"," -61,0412000",972,2019,50.0,1.0,1.0,3.0,2274016,1.0,1,4,1,1.0,,-1.0,0,1996.0,B01,138Â 196Â 605,1.0,0.0,-1.0,1735634,1.0,7,,0.0,2.0,1.0,A01,138Â 196Â 600,1.0
1016781,201900058312,8,14,12:30,1,1,1,1.0,5.0,97209,BEAUSEJOUR JAMBETTE (ROUTE),M,"14,6392600"," -61,0412000",972,2019,50.0,1.0,1.0,3.0,2274016,1.0,1,4,1,1.0,,-1.0,0,1996.0,B01,138Â 196Â 605,1.0,0.0,-1.0,1735635,0.0,7,,0.0,2.0,1.0,B01,138Â 196Â 605,1.0
1016781,201900058312,8,14,12:30,1,1,1,1.0,5.0,97209,BEAUSEJOUR JAMBETTE (ROUTE),M,"14,6392600"," -61,0412000",972,2019,50.0,1.0,1.0,3.0,2274016,1.0,1,4,1,1.0,,-1.0,0,1996.0,B01,138Â 196Â 605,1.0,0.0,-1.0,1735636,2.0,7,,0.0,2.0,3.0,C01,138Â 196Â 606,1.0
1016781,201900058312,8,14,12:30,1,1,1,1.0,5.0,97209,BEAUSEJOUR JAMBETTE (ROUTE),M,"14,6392600"," -61,0412000",972,2019,50.0,1.0,1.0,3.0,2274017,1.0,1,1,2,9.0,,-1.0,0,1995.0,C01,138Â 196Â 606,1.0,0.0,-1.0,1735634,1.0,7,,0.0,2.0,1.0,A01,138Â 196Â 600,1.0
1016781,201900058312,8,14,12:30,1,1,1,1.0,5.0,97209,BEAUSEJOUR JAMBETTE (ROUTE),M,"14,6392600"," -61,0412000",972,2019,50.0,1.0,1.0,3.0,2274017,1.0,1,1,2,9.0,,-1.0,0,1995.0,C01,138Â 196Â 606,1.0,0.0,-1.0,1735635,0.0,7,,0.0,2.0,1.0,B01,138Â 196Â 605,1.0
1016781,201900058312,8,14,12:30,1,1,1,1.0,5.0,97209,BEAUSEJOUR JAMBETTE (ROUTE),M,"14,6392600"," -61,0412000",972,2019,50.0,1.0,1.0,3.0,2274017,1.0,1,1,2,9.0,,-1.0,0,1995.0,C01,138Â 196Â 606,1.0,0.0,-1.0,1735636,2.0,7,,0.0,2.0,3.0,C01,138Â 196Â 606,1.0
1016782,201900058313,10,23,09:55,1,2,4,1.0,3.0,62516,CANTRAINE - RUE-,M,"50,5708600","2,5158400",62,2019,50.0,1.0,1.0,4.0,2274018,1.0,1,3,1,5.0,,-1.0, -1,1937.0,A01,138Â 196Â 601,8.0,0.0,-1.0,1735637,2.0,1,,0.0,2.0,1.0,A01,138Â 196Â 601,5.0
1016782,201900058313,10,23,09:55,1,2,4,1.0,3.0,62516,CANTRAINE - RUE-,M,"50,5708600","2,5158400",62,2019,50.0,1.0,1.0,4.0,2274018,1.0,1,3,1,5.0,,-1.0, -1,1937.0,A01,138Â 196Â 601,8.0,0.0,-1.0,1735638,2.0,7,,0.0,2.0,1.0,B01,138Â 196Â 609,1.0
1016782,201900058313,10,23,09:55,1,2,4,1.0,3.0,62516,CANTRAINE - RUE-,M,"50,5708600","2,5158400",62,2019,50.0,1.0,1.0,4.0,2274019,1.0,1,1,2,1.0,,-1.0, -1,1980.0,B01,138Â 196Â 609,1.0,8.0,-1.0,1735637,2.0,1,,0.0,2.0,1.0,A01,138Â 196Â 601,5.0
1016782,201900058313,10,23,09:55,1,2,4,1.0,3.0,62516,CANTRAINE - RUE-,M,"50,5708600","2,5158400",62,2019,50.0,1.0,1.0,4.0,2274019,1.0,1,1,2,1.0,,-1.0, -1,1980.0,B01,138Â 196Â 609,1.0,8.0,-1.0,1735638,2.0,7,,0.0,2.0,1.0,B01,138Â 196Â 609,1.0
1016783,201900058314,9,22,12:30,1,1,9,2.0,3.0,37133,Le Rein du Bois,M,"47,0890630","1,2305360",37,2019,80.0,1.0,2.0,3.0,2274020,1.0,1,4,1,5.0,,0.0,0,1944.0,B01,138Â 196Â 596,1.0,-1.0,-1.0,1735639,2.0,7,,0.0,2.0,3.0,B01,138Â 196Â 596,0.0
1016783,201900058314,9,22,12:30,1,1,9,2.0,3.0,37133,Le Rein du Bois,M,"47,0890630","1,2305360",37,2019,80.0,1.0,2.0,3.0,2274020,1.0,1,4,1,5.0,,0.0,0,1944.0,B01,138Â 196Â 596,1.0,-1.0,-1.0,1735640,1.0,7,,0.0,2.0,3.0,A01,138Â 196Â 597,1.0
1016783,201900058314,9,22,12:30,1,1,9,2.0,3.0,37133,Le Rein du Bois,M,"47,0890630","1,2305360",37,2019,80.0,1.0,2.0,3.0,2274021,2.0,2,4,2,5.0,,0.0,0,1948.0,B01,138Â 196Â 596,1.0,-1.0,-1.0,1735639,2.0,7,,0.0,2.0,3.0,B01,138Â 196Â 596,0.0
1016783,201900058314,9,22,12:30,1,1,9,2.0,3.0,37133,Le Rein du Bois,M,"47,0890630","1,2305360",37,2019,80.0,1.0,2.0,3.0,2274021,2.0,2,4,2,5.0,,0.0,0,1948.0,B01,138Â 196Â 596,1.0,-1.0,-1.0,1735640,1.0,7,,0.0,2.0,3.0,A01,138Â 196Â 597,1.0
1016783,201900058314,9,22,12:30,1,1,9,2.0,3.0,37133,Le Rein du Bois,M,"47,0890630","1,2305360",37,2019,80.0,1.0,2.0,3.0,2274022,1.0,1,3,1,5.0,,0.0,0,1999.0,A01,138Â 196Â 597,1.0,-1.0,-1.0,1735639,2.0,7,,0.0,2.0,3.0,B01,138Â 196Â 596,0.0