Unnamed: 0_x,num_acc,mois,jour,hrmn,lum,agg,int,atm,col,com,adr,gps,lat,long,dep,annee,vma,situ,surf,catr,Unnamed: 0_y,place,catu,grav,sexe,trajet,secu,locp,actp,an_nais,num_veh_x,id_vehicule_x,secu1,secu2,secu3,Unnamed: 0,senc,catv,occutc,obs,obsm,choc,num_veh_y,id_vehicule_y,motor
1016783,201900058314,9,22,12:30,1,1,9,2.0,3.0,37133,Le Rein du Bois,M,"47,0890630","1,2305360",37,2019,80.0,1.0,2.0,3.0,2274022,1.0,1,3,1,5.0,,0.0,0,1999.0,A01,138Â 196Â 597,1.0,-1.0,-1.0,1735640,1.0,7,,0.0,2.0,3.0,A01,138Â 196Â 597,1.0
1016784,201900058315,2,15,07:30,1,2,1,1.0,3.0,92064,MARCEL DASSAULT,M,"48,8553700","2,2229000",92,2019,50.0,1.0,1.0,3.0,2274023,1.0,1,4,1,1.0,,-1.0,0,1959.0,B01,138Â 196Â 593,2.0,6.0,-1.0,1735641,1.0,33,,0.0,2.0,2.0,B01,138Â 196Â 593,1.0
1016784,201900058315,2,15,07:30,1,2,1,1.0,3.0,92064,MARCEL DASSAULT,M,"48,8553700","2,2229000",92,2019,50.0,1.0,1.0,3.0,2274023,1.0,1,4,1,1.0,,-1.0,0,1959.0,B01,138Â 196Â 593,2.0,6.0,-1.0,1735642,1.0,7,,0.0,2.0,3.0,A01,138Â 196Â 595,1.0
1016784,201900058315,2,15,07:30,1,2,1,1.0,3.0,92064,MARCEL DASSAULT,M,"48,8553700","2,2229000",92,2019,50.0,1.0,1.0,3.0,2274024,1.0,1,1,1,1.0,,-1.0,0,1978.0,A01,138Â 196Â 595,1.0,0.0,-1.0,1735641,1.0,33,,0.0,2.0,2.0,B01,138Â 196Â 593,1.0
1016784,201900058315,2,15,07:30,1,2,1,1.0,3.0,92064,MARCEL DASSAULT,M,"48,8553700","2,2229000",92,2019,50.0,1.0,1.0,3.0,2274024,1.0,1,1,1,1.0,,-1.0,0,1978.0,A01,138Â 196Â 595,1.0,0.0,-1.0,1735642,1.0,7,,0.0,2.0,3.0,A01,138Â 196Â 595,1.0
1016785,201900058316,8,12,19:50,5,2,6,2.0,3.0,97209,BISHOP (Avenue Maurice),M,"14,6124700"," -61,0531500",972,2019,50.0,1.0,2.0,2.0,2274025,1.0,1,1,1,0.0,,-1.0,0,1965.0,A01,138Â 196Â 590,1.0,0.0,-1.0,1735643,2.0,10,,0.0,2.0,2.0,A01,138Â 196Â 590,1.0
1016785,201900058316,8,12,19:50,5,2,6,2.0,3.0,97209,BISHOP (Avenue Maurice),M,"14,6124700"," -61,0531500",972,2019,50.0,1.0,2.0,2.0,2274025,1.0,1,1,1,0.0,,-1.0,0,1965.0,A01,138Â 196Â 590,1.0,0.0,-1.0,1735644,2.0,37,6.0,0.0,2.0,3.0,B01,138Â 196Â 594,2.0
1016785,201900058316,8,12,19:50,5,2,6,2.0,3.0,97209,BISHOP (Avenue Maurice),M,"14,6124700"," -61,0531500",972,2019,50.0,1.0,2.0,2.0,2274026,7.0,2,4,2,9.0,,-1.0,0,1979.0,B01,138Â 196Â 594,8.0,0.0,-1.0,1735643,2.0,10,,0.0,2.0,2.0,A01,138Â 196Â 590,1.0
1016785,201900058316,8,12,19:50,5,2,6,2.0,3.0,97209,BISHOP (Avenue Maurice),M,"14,6124700"," -61,0531500",972,2019,50.0,1.0,2.0,2.0,2274026,7.0,2,4,2,9.0,,-1.0,0,1979.0,B01,138Â 196Â 594,8.0,0.0,-1.0,1735644,2.0,37,6.0,0.0,2.0,3.0,B01,138Â 196Â 594,2.0
1016785,201900058316,8,12,19:50,5,2,6,2.0,3.0,97209,BISHOP (Avenue Maurice),M,"14,6124700"," -61,0531500",972,2019,50.0,1.0,2.0,2.0,2274027,8.0,2,4,2,0.0,,-1.0,0,2015.0,B01,138Â 196Â 594,8.0,0.0,-1.0,1735643,2.0,10,,0.0,2.0,2.0,A01,138Â 196Â 590,1.0
1016785,201900058316,8,12,19:50,5,2,6,2.0,3.0,97209,BISHOP (Avenue Maurice),M,"14,6124700"," -61,0531500",972,2019,50.0,1.0,2.0,2.0,2274027,8.0,2,4,2,0.0,,-1.0,0,2015.0,B01,138Â 196Â 594,8.0,0.0,-1.0,1735644,2.0,37,6.0,0.0,2.0,3.0,B01,138Â 196Â 594,2.0
1016785,201900058316,8,12,19:50,5,2,6,2.0,3.0,97209,BISHOP (Avenue Maurice),M,"14,6124700"," -61,0531500",972,2019,50.0,1.0,2.0,2.0,2274028,8.0,2,4,1,0.0,,-1.0,0,1993.0,B01,138Â 196Â 594,8.0,0.0,-1.0,1735643,2.0,10,,0.0,2.0,2.0,A01,138Â 196Â 590,1.0
1016785,201900058316,8,12,19:50,5,2,6,2.0,3.0,97209,BISHOP (Avenue Maurice),M,"14,6124700"," -61,0531500",972,2019,50.0,1.0,2.0,2.0,2274028,8.0,2,4,1,0.0,,-1.0,0,1993.0,B01,138Â 196Â 594,8.0,0.0,-1.0,1735644,2.0,37,6.0,0.0,2.0,3.0,B01,138Â 196Â 594,2.0
1016785,201900058316,8,12,19:50,5,2,6,2.0,3.0,97209,BISHOP (Avenue Maurice),M,"14,6124700"," -61,0531500",972,2019,50.0,1.0,2.0,2.0,2274029,1.0,1,4,1,4.0,,-1.0,0,1965.0,B01,138Â 196Â 594,1.0,0.0,-1.0,1735643,2.0,10,,0.0,2.0,2.0,A01,138Â 196Â 590,1.0
1016785,201900058316,8,12,19:50,5,2,6,2.0,3.0,97209,BISHOP (Avenue Maurice),M,"14,6124700"," -61,0531500",972,2019,50.0,1.0,2.0,2.0,2274029,1.0,1,4,1,4.0,,-1.0,0,1965.0,B01,138Â 196Â 594,1.0,0.0,-1.0,1735644,2.0,37,6.0,0.0,2.0,3.0,B01,138Â 196Â 594,2.0
1016785,201900058316,8,12,19:50,5,2,6,2.0,3.0,97209,BISHOP (Avenue Maurice),M,"14,6124700"," -61,0531500",972,2019,50.0,1.0,2.0,2.0,2274030,8.0,2,4,1,0.0,,-1.0,0,2017.0,B01,138Â 196Â 594,8.0,0.0,-1.0,1735643,2.0,10,,0.0,2.0,2.0,A01,138Â 196Â 590,1.0
1016785,201900058316,8,12,19:50,5,2,6,2.0,3.0,97209,BISHOP (Avenue Maurice),M,"14,6124700"," -61,0531500",972,2019,50.0,1.0,2.0,2.0,2274030,8.0,2,4,1,0.0,,-1.0,0,2017.0,B01,138Â 196Â 594,8.0,0.0,-1.0,1735644,2.0,37,6.0,0.0,2.0,3.0,B01,138Â 196Â 594,2.0
1016785,201900058316,8,12,19:50,5,2,6,2.0,3.0,97209,BISHOP (Avenue Maurice),M,"14,6124700"," -61,0531500",972,2019,50.0,1.0,2.0,2.0,2274031,8.0,2,4,2,0.0,,-1.0,0,2013.0,B01,138Â 196Â 594,8.0,0.0,-1.0,1735643,2.0,10,,0.0,2.0,2.0,A01,138Â 196Â 590,1.0
1016785,201900058316,8,12,19:50,5,2,6,2.0,3.0,97209,BISHOP (Avenue Maurice),M,"14,6124700"," -61,0531500",972,2019,50.0,1.0,2.0,2.0,2274031,8.0,2,4,2,0.0,,-1.0,0,2013.0,B01,138Â 196Â 594,8.0,0.0,-1.0,1735644,2.0,37,6.0,0.0,2.0,3.0,B01,138Â 196Â 594,2.0
1016786,201900058317,10,24,23:10,5,2,6,1.0,6.0,59646,TRIEZ (RUE DU),M,"50,6845100","3,1296000",59,2019,50.0,1.0,2.0,4.0,2274032,10.0,3,4,2,1.0,,3.0,3,1986.0,A01,138Â 196Â 592,8.0,0.0,-1.0,1735645,2.0,10,,0.0,1.0,1.0,A01,138Â 196Â 592,0.0
1016786,201900058317,10,24,23:10,5,2,6,1.0,6.0,59646,TRIEZ (RUE DU),M,"50,6845100","3,1296000",59,2019,50.0,1.0,2.0,4.0,2274033,1.0,1,1,2,9.0,,-1.0,0,1963.0,A01,138Â 196Â 592,1.0,0.0,-1.0,1735645,2.0,10,,0.0,1.0,1.0,A01,138Â 196Â 592,0.0
1016787,201900058318,9,22,15:15,1,1,1,1.0,1.0,08214,D989,M,"50,0354628","4,7932749",8,2019,80.0,1.0,1.0,3.0,2274034,1.0,1,4,1,0.0,,0.0,0,1950.0,A01,138Â 196Â 589,1.0,-1.0,-1.0,1735646,2.0,7,,0.0,2.0,2.0,A01,138Â 196Â 589,1.0
1016787,201900058318,9,22,15:15,1,1,1,1.0,1.0,08214,D989,M,"50,0354628","4,7932749",8,2019,80.0,1.0,1.0,3.0,2274034,1.0,1,4,1,0.0,,0.0,0,1950.0,A01,138Â 196Â 589,1.0,-1.0,-1.0,1735647,1.0,33,,0.0,2.0,1.0,B01,138Â 196Â 591,1.0
1016787,201900058318,9,22,15:15,1,1,1,1.0,1.0,08214,D989,M,"50,0354628","4,7932749",8,2019,80.0,1.0,1.0,3.0,2274035,1.0,1,3,1,5.0,,0.0,0,1980.0,B01,138Â 196Â 591,2.0,6.0,9.0,1735646,2.0,7,,0.0,2.0,2.0,A01,138Â 196Â 589,1.0
1016787,201900058318,9,22,15:15,1,1,1,1.0,1.0,08214,D989,M,"50,0354628","4,7932749",8,2019,80.0,1.0,1.0,3.0,2274035,1.0,1,3,1,5.0,,0.0,0,1980.0,B01,138Â 196Â 591,2.0,6.0,9.0,1735647,1.0,33,,0.0,2.0,1.0,B01,138Â 196Â 591,1.0
1016788,201900058319,3,26,20:10,5,2,3,1.0,3.0,92050,CLEMENCEAU GEORGES AVENUE NÂ° PAIR,M,"48,8857737","2,2192403",92,2019,50.0,1.0,1.0,3.0,2274036,1.0,1,4,1,1.0,,-1.0,0,1984.0,B01,138Â 196Â 586,2.0,6.0,-1.0,1735648,2.0,32,,0.0,2.0,1.0,B01,138Â 196Â 586,0.0
1016788,201900058319,3,26,20:10,5,2,3,1.0,3.0,92050,CLEMENCEAU GEORGES AVENUE NÂ° PAIR,M,"48,8857737","2,2192403",92,2019,50.0,1.0,1.0,3.0,2274036,1.0,1,4,1,1.0,,-1.0,0,1984.0,B01,138Â 196Â 586,2.0,6.0,-1.0,1735649,1.0,7,,0.0,2.0,2.0,A01,138Â 196Â 588,6.0
1016788,201900058319,3,26,20:10,5,2,3,1.0,3.0,92050,CLEMENCEAU GEORGES AVENUE NÂ° PAIR,M,"48,8857737","2,2192403",92,2019,50.0,1.0,1.0,3.0,2274037,1.0,1,1,1,3.0,,-1.0,0,1985.0,A01,138Â 196Â 588,1.0,0.0,-1.0,1735648,2.0,32,,0.0,2.0,1.0,B01,138Â 196Â 586,0.0
1016788,201900058319,3,26,20:10,5,2,3,1.0,3.0,92050,CLEMENCEAU GEORGES AVENUE NÂ° PAIR,M,"48,8857737","2,2192403",92,2019,50.0,1.0,1.0,3.0,2274037,1.0,1,1,1,3.0,,-1.0,0,1985.0,A01,138Â 196Â 588,1.0,0.0,-1.0,1735649,1.0,7,,0.0,2.0,2.0,A01,138Â 196Â 588,6.0
1016789,201900058320,9,21,19:25,5,1,9,1.0,6.0,42011,A 89 PK 489.50,M,"45,8410440","4,1644510",42,2019,50.0,1.0,1.0,1.0,2274038,1.0,1,1,2,5.0,,0.0,0,1993.0,A01,138Â 196Â 583,1.0,-1.0,-1.0,1735650,1.0,7,,5.0,0.0,1.0,A01,138Â 196Â 583,1.0
1016789,201900058320,9,21,19:25,5,1,9,1.0,6.0,42011,A 89 PK 489.50,M,"45,8410440","4,1644510",42,2019,50.0,1.0,1.0,1.0,2274039,2.0,2,4,2,5.0,,0.0,0,1986.0,A01,138Â 196Â 583,8.0,-1.0,-1.0,1735650,1.0,7,,5.0,0.0,1.0,A01,138Â 196Â 583,1.0
1016790,201900058321,8,12,14:30,1,1,1,1.0,4.0,97213,AUTOROUTE (A1),M,"14,6180300"," -61,0341200",972,2019,70.0,1.0,1.0,3.0,2274040,1.0,1,4,2,0.0,,-1.0,0,1999.0,D01,138Â 196Â 580,1.0,0.0,-1.0,1735651,2.0,7,,0.0,0.0,1.0,D01,138Â 196Â 580,0.0
1016790,201900058321,8,12,14:30,1,1,1,1.0,4.0,97213,AUTOROUTE (A1),M,"14,6180300"," -61,0341200",972,2019,70.0,1.0,1.0,3.0,2274040,1.0,1,4,2,0.0,,-1.0,0,1999.0,D01,138Â 196Â 580,1.0,0.0,-1.0,1735652,2.0,7,,0.0,2.0,1.0,C01,138Â 196Â 581,1.0
1016790,201900058321,8,12,14:30,1,1,1,1.0,4.0,97213,AUTOROUTE (A1),M,"14,6180300"," -61,0341200",972,2019,70.0,1.0,1.0,3.0,2274040,1.0,1,4,2,0.0,,-1.0,0,1999.0,D01,138Â 196Â 580,1.0,0.0,-1.0,1735653,2.0,7,,0.0,2.0,4.0,A01,138Â 196Â 584,1.0
1016790,201900058321,8,12,14:30,1,1,1,1.0,4.0,97213,AUTOROUTE (A1),M,"14,6180300"," -61,0341200",972,2019,70.0,1.0,1.0,3.0,2274040,1.0,1,4,2,0.0,,-1.0,0,1999.0,D01,138Â 196Â 580,1.0,0.0,-1.0,1735654,2.0,7,,0.0,2.0,1.0,B01,138Â 196Â 587,1.0
1016790,201900058321,8,12,14:30,1,1,1,1.0,4.0,97213,AUTOROUTE (A1),M,"14,6180300"," -61,0341200",972,2019,70.0,1.0,1.0,3.0,2274041,1.0,1,1,2,9.0,,-1.0,0,1945.0,C01,138Â 196Â 581,1.0,0.0,-1.0,1735651,2.0,7,,0.0,0.0,1.0,D01,138Â 196Â 580,0.0
1016790,201900058321,8,12,14:30,1,1,1,1.0,4.0,97213,AUTOROUTE (A1),M,"14,6180300"," -61,0341200",972,2019,70.0,1.0,1.0,3.0,2274041,1.0,1,1,2,9.0,,-1.0,0,1945.0,C01,138Â 196Â 581,1.0,0.0,-1.0,1735652,2.0,7,,0.0,2.0,1.0,C01,138Â 196Â 581,1.0
1016790,201900058321,8,12,14:30,1,1,1,1.0,4.0,97213,AUTOROUTE (A1),M,"14,6180300"," -61,0341200",972,2019,70.0,1.0,1.0,3.0,2274041,1.0,1,1,2,9.0,,-1.0,0,1945.0,C01,138Â 196Â 581,1.0,0.0,-1.0,1735653,2.0,7,,0.0,2.0,4.0,A01,138Â 196Â 584,1.0
1016790,201900058321,8,12,14:30,1,1,1,1.0,4.0,97213,AUTOROUTE (A1),M,"14,6180300"," -61,0341200",972,2019,70.0,1.0,1.0,3.0,2274041,1.0,1,1,2,9.0,,-1.0,0,1945.0,C01,138Â 196Â 581,1.0,0.0,-1.0,1735654,2.0,7,,0.0,2.0,1.0,B01,138Â 196Â 587,1.0
1016790,201900058321,8,12,14:30,1,1,1,1.0,4.0,97213,AUTOROUTE (A1),M,"14,6180300"," -61,0341200",972,2019,70.0,1.0,1.0,3.0,2274042,1.0,1,1,2,9.0,,-1.0,0,1993.0,A01,138Â 196Â 584,1.0,0.0,-1.0,1735651,2.0,7,,0.0,0.0,1.0,D01,138Â 196Â 580,0.0
1016790,201900058321,8,12,14:30,1,1,1,1.0,4.0,97213,AUTOROUTE (A1),M,"14,6180300"," -61,0341200",972,2019,70.0,1.0,1.0,3.0,2274042,1.0,1,1,2,9.0,,-1.0,0,1993.0,A01,138Â 196Â 584,1.0,0.0,-1.0,1735652,2.0,7,,0.0,2.0,1.0,C01,138Â 196Â 581,1.0
1016790,201900058321,8,12,14:30,1,1,1,1.0,4.0,97213,AUTOROUTE (A1),M,"14,6180300"," -61,0341200",972,2019,70.0,1.0,1.0,3.0,2274042,1.0,1,1,2,9.0,,-1.0,0,1993.0,A01,138Â 196Â 584,1.0,0.0,-1.0,1735653,2.0,7,,0.0,2.0,4.0,A01,138Â 196Â 584,1.0
1016790,201900058321,8,12,14:30,1,1,1,1.0,4.0,97213,AUTOROUTE (A1),M,"14,6180300"," -61,0341200",972,2019,70.0,1.0,1.0,3.0,2274042,1.0,1,1,2,9.0,,-1.0,0,1993.0,A01,138Â 196Â 584,1.0,0.0,-1.0,1735654,2.0,7,,0.0,2.0,1.0,B01,138Â 196Â 587,1.0
1016790,201900058321,8,12,14:30,1,1,1,1.0,4.0,97213,AUTOROUTE (A1),M,"14,6180300"," -61,0341200",972,2019,70.0,1.0,1.0,3.0,2274043,1.0,1,1,1,9.0,,-1.0,0,1998.0,B01,138Â 196Â 587,1.0,0.0,-1.0,1735651,2.0,7,,0.0,0.0,1.0,D01,138Â 196Â 580,0.0
1016790,201900058321,8,12,14:30,1,1,1,1.0,4.0,97213,AUTOROUTE (A1),M,"14,6180300"," -61,0341200",972,2019,70.0,1.0,1.0,3.0,2274043,1.0,1,1,1,9.0,,-1.0,0,1998.0,B01,138Â 196Â 587,1.0,0.0,-1.0,1735652,2.0,7,,0.0,2.0,1.0,C01,138Â 196Â 581,1.0
1016790,201900058321,8,12,14:30,1,1,1,1.0,4.0,97213,AUTOROUTE (A1),M,"14,6180300"," -61,0341200",972,2019,70.0,1.0,1.0,3.0,2274043,1.0,1,1,1,9.0,,-1.0,0,1998.0,B01,138Â 196Â 587,1.0,0.0,-1.0,1735653,2.0,7,,0.0,2.0,4.0,A01,138Â 196Â 584,1.0
1016790,201900058321,8,12,14:30,1,1,1,1.0,4.0,97213,AUTOROUTE (A1),M,"14,6180300"," -61,0341200",972,2019,70.0,1.0,1.0,3.0,2274043,1.0,1,1,1,9.0,,-1.0,0,1998.0,B01,138Â 196Â 587,1.0,0.0,-1.0,1735654,2.0,7,,0.0,2.0,1.0,B01,138Â 196Â 587,1.0
1016791,201900058322,3,26,08:50,1,2,1,1.0,6.0,92048,GENERAL DE GAULLE (AVENUE DU),M,"48,7889400","2,2322100",92,2019,50.0,1.0,1.0,4.0,2274044,10.0,3,4,2,2.0,,3.0,3,2003.0,A01,138Â 196Â 579,8.0,0.0,-1.0,1735655,2.0,10,,1.0,1.0,2.0,A01,138Â 196Â 579,1.0
1016791,201900058322,3,26,08:50,1,2,1,1.0,6.0,92048,GENERAL DE GAULLE (AVENUE DU),M,"48,7889400","2,2322100",92,2019,50.0,1.0,1.0,4.0,2274045,1.0,1,1,1,4.0,,0.0,0,1985.0,A01,138Â 196Â 579,1.0,0.0,-1.0,1735655,2.0,10,,1.0,1.0,2.0,A01,138Â 196Â 579,1.0
1016792,201900058323,8,17,03:20,5,2,1,1.0,6.0,69382,BREST (DE)                          (R ),M,"45,7636400","4,8332900",69,2019,30.0,1.0,1.0,4.0,2274046,1.0,1,4,1,0.0,,-1.0, -1,1991.0,A01,138Â 196Â 576,8.0,0.0,-1.0,1735656,1.0,7,,0.0,2.0,1.0,A01,138Â 196Â 576,1.0
1016793,201900058324,10,23,20:15,5,2,1,1.0,3.0,56121,GUIEYSSE (RUE  PAUL ),M,"47,7571100"," -3,3674000",56,2019,50.0,1.0,1.0,4.0,2274047,1.0,1,1,1,5.0,,-1.0,0,1955.0,A01,138Â 196Â 575,1.0,8.0,-1.0,1735657,1.0,7,,0.0,2.0,6.0,A01,138Â 196Â 575,1.0
1016793,201900058324,10,23,20:15,5,2,1,1.0,3.0,56121,GUIEYSSE (RUE  PAUL ),M,"47,7571100"," -3,3674000",56,2019,50.0,1.0,1.0,4.0,2274047,1.0,1,1,1,5.0,,-1.0,0,1955.0,A01,138Â 196Â 575,1.0,8.0,-1.0,1735658,1.0,30,,0.0,2.0,2.0,B01,138Â 196Â 578,1.0
1016793,201900058324,10,23,20:15,5,2,1,1.0,3.0,56121,GUIEYSSE (RUE  PAUL ),M,"47,7571100"," -3,3674000",56,2019,50.0,1.0,1.0,4.0,2274048,1.0,1,4,1,4.0,,-1.0,0,1976.0,B01,138Â 196Â 578,2.0,8.0,-1.0,1735657,1.0,7,,0.0,2.0,6.0,A01,138Â 196Â 575,1.0
1016793,201900058324,10,23,20:15,5,2,1,1.0,3.0,56121,GUIEYSSE (RUE  PAUL ),M,"47,7571100"," -3,3674000",56,2019,50.0,1.0,1.0,4.0,2274048,1.0,1,4,1,4.0,,-1.0,0,1976.0,B01,138Â 196Â 578,2.0,8.0,-1.0,1735658,1.0,30,,0.0,2.0,2.0,B01,138Â 196Â 578,1.0
1016794,201900058325,3,26,11:30,1,2,2,1.0,3.0,92025,VOIES DU BOIS (RUE DES),M,"48,9152200","2,2466820",92,2019,30.0,1.0,1.0,4.0,2274049,1.0,1,1,1,5.0,,-1.0,0,1950.0,A01,138Â 196Â 570,1.0,0.0,-1.0,1735659,1.0,7,,0.0,2.0,8.0,A01,138Â 196Â 570,1.0
1016794,201900058325,3,26,11:30,1,2,2,1.0,3.0,92025,VOIES DU BOIS (RUE DES),M,"48,9152200","2,2466820",92,2019,30.0,1.0,1.0,4.0,2274049,1.0,1,1,1,5.0,,-1.0,0,1950.0,A01,138Â 196Â 570,1.0,0.0,-1.0,1735660,1.0,1,,0.0,2.0,1.0,B01,138Â 196Â 573,5.0
1016794,201900058325,3,26,11:30,1,2,2,1.0,3.0,92025,VOIES DU BOIS (RUE DES),M,"48,9152200","2,2466820",92,2019,30.0,1.0,1.0,4.0,2274050,1.0,1,3,2,0.0,,-1.0,0,1980.0,B01,138Â 196Â 573,8.0,0.0,-1.0,1735659,1.0,7,,0.0,2.0,8.0,A01,138Â 196Â 570,1.0
1016794,201900058325,3,26,11:30,1,2,2,1.0,3.0,92025,VOIES DU BOIS (RUE DES),M,"48,9152200","2,2466820",92,2019,30.0,1.0,1.0,4.0,2274050,1.0,1,3,2,0.0,,-1.0,0,1980.0,B01,138Â 196Â 573,8.0,0.0,-1.0,1735660,1.0,1,,0.0,2.0,1.0,B01,138Â 196Â 573,5.0
1016795,201900058326,8,16,19:45,1,2,9,1.0,3.0,69381,JEAN MOULIN                         (QU),M,"45,7667300","4,8379700",69,2019,5.0,1.0,1.0,4.0,2274051,2.0,1,4,1,5.0,,-1.0,0,1961.0,B01,138Â 196Â 569,8.0,0.0,-1.0,1735661,3.0,1,,0.0,2.0,1.0,B01,138Â 196Â 569,5.0
1016795,201900058326,8,16,19:45,1,2,9,1.0,3.0,69381,JEAN MOULIN                         (QU),M,"45,7667300","4,8379700",69,2019,5.0,1.0,1.0,4.0,2274051,2.0,1,4,1,5.0,,-1.0,0,1961.0,B01,138Â 196Â 569,8.0,0.0,-1.0,1735662,3.0,7,,1.0,0.0,2.0,A01,138Â 196Â 572,1.0
1016795,201900058326,8,16,19:45,1,2,9,1.0,3.0,69381,JEAN MOULIN                         (QU),M,"45,7667300","4,8379700",69,2019,5.0,1.0,1.0,4.0,2274052,1.0,1,1,2,1.0,,-1.0,0,1991.0,A01,138Â 196Â 572,1.0,0.0,-1.0,1735661,3.0,1,,0.0,2.0,1.0,B01,138Â 196Â 569,5.0
1016795,201900058326,8,16,19:45,1,2,9,1.0,3.0,69381,JEAN MOULIN                         (QU),M,"45,7667300","4,8379700",69,2019,5.0,1.0,1.0,4.0,2274052,1.0,1,1,2,1.0,,-1.0,0,1991.0,A01,138Â 196Â 572,1.0,0.0,-1.0,1735662,3.0,7,,1.0,0.0,2.0,A01,138Â 196Â 572,1.0
1016796,201900058327,9,21,17:30,1,1,1,1.0,6.0,39413,,M,"46,2790070","5,8361150",39,2019,80.0,1.0,1.0,3.0,2274053,1.0,1,4,1,5.0,,0.0,0,1962.0,B01,138Â 196Â 568,2.0,6.0,9.0,1735663,1.0,33,,0.0,0.0,2.0,B01,138Â 196Â 568,1.0
1016796,201900058327,9,21,17:30,1,1,1,1.0,6.0,39413,,M,"46,2790070","5,8361150",39,2019,80.0,1.0,1.0,3.0,2274053,1.0,1,4,1,5.0,,0.0,0,1962.0,B01,138Â 196Â 568,2.0,6.0,9.0,1735664,2.0,7,,0.0,0.0,0.0,A01,138Â 196Â 571,1.0
1016796,201900058327,9,21,17:30,1,1,1,1.0,6.0,39413,,M,"46,2790070","5,8361150",39,2019,80.0,1.0,1.0,3.0,2274054,1.0,1,1,1,5.0,,0.0,0,1999.0,A01,138Â 196Â 571,8.0,-1.0,-1.0,1735663,1.0,33,,0.0,0.0,2.0,B01,138Â 196Â 568,1.0
1016796,201900058327,9,21,17:30,1,1,1,1.0,6.0,39413,,M,"46,2790070","5,8361150",39,2019,80.0,1.0,1.0,3.0,2274054,1.0,1,1,1,5.0,,0.0,0,1999.0,A01,138Â 196Â 571,8.0,-1.0,-1.0,1735664,2.0,7,,0.0,0.0,0.0,A01,138Â 196Â 571,1.0
1016797,201900058328,2,1,17:20,1,2,1,1.0,3.0,92025,CHARLES DE GAULLE (BD),M,"48,9167507","2,2257239",92,2019,50.0,1.0,1.0,3.0,2274055,1.0,1,4,1,1.0,,-1.0,0,1982.0,A01,138Â 196Â 564,2.0,0.0,-1.0,1735665,1.0,33,,0.0,2.0,7.0,A01,138Â 196Â 564,1.0
1016797,201900058328,2,1,17:20,1,2,1,1.0,3.0,92025,CHARLES DE GAULLE (BD),M,"48,9167507","2,2257239",92,2019,50.0,1.0,1.0,3.0,2274055,1.0,1,4,1,1.0,,-1.0,0,1982.0,A01,138Â 196Â 564,2.0,0.0,-1.0,1735666,1.0,7,,0.0,2.0,3.0,B01,138Â 196Â 566,0.0
1016797,201900058328,2,1,17:20,1,2,1,1.0,3.0,92025,CHARLES DE GAULLE (BD),M,"48,9167507","2,2257239",92,2019,50.0,1.0,1.0,3.0,2274056,1.0,1,1,1,0.0,,-1.0,0,2001.0,B01,138Â 196Â 566,8.0,0.0,-1.0,1735665,1.0,33,,0.0,2.0,7.0,A01,138Â 196Â 564,1.0
1016797,201900058328,2,1,17:20,1,2,1,1.0,3.0,92025,CHARLES DE GAULLE (BD),M,"48,9167507","2,2257239",92,2019,50.0,1.0,1.0,3.0,2274056,1.0,1,1,1,0.0,,-1.0,0,2001.0,B01,138Â 196Â 566,8.0,0.0,-1.0,1735666,1.0,7,,0.0,2.0,3.0,B01,138Â 196Â 566,0.0
1016798,201900058329,3,25,08:15,1,2,1,1.0,6.0,92023,MOULIN DE PIERRE (RUE DU),M,"48,8096200","2,2669800",92,2019,50.0,1.0,1.0,4.0,2274057,1.0,1,4,1,1.0,,-1.0,0,1981.0,A01,138Â 196Â 561,1.0,8.0,-1.0,1735667,1.0,7,,1.0,0.0,7.0,A01,138Â 196Â 561,1.0
1016799,201900058330,9,22,03:15,3,1,1,1.0,6.0,67089,A4 PK 443+700 sens STRASBOURG / PARIS,M,"48,7721790","7,4623960",67,2019,90.0,1.0,1.0,1.0,2274058,1.0,1,4,2,5.0,,0.0,0,1986.0,A01,138Â 196Â 560,1.0,-1.0,-1.0,1735668,2.0,7,,4.0,0.0,1.0,A01,138Â 196Â 560,1.0
1016799,201900058330,9,22,03:15,3,1,1,1.0,6.0,67089,A4 PK 443+700 sens STRASBOURG / PARIS,M,"48,7721790","7,4623960",67,2019,90.0,1.0,1.0,1.0,2274059,2.0,2,4,1,5.0,,0.0,0,1979.0,A01,138Â 196Â 560,1.0,-1.0,-1.0,1735668,2.0,7,,4.0,0.0,1.0,A01,138Â 196Â 560,1.0
1016799,201900058330,9,22,03:15,3,1,1,1.0,6.0,67089,A4 PK 443+700 sens STRASBOURG / PARIS,M,"48,7721790","7,4623960",67,2019,90.0,1.0,1.0,1.0,2274060,7.0,2,3,1,5.0,,0.0,0,2005.0,A01,138Â 196Â 560,1.0,-1.0,-1.0,1735668,2.0,7,,4.0,0.0,1.0,A01,138Â 196Â 560,1.0
1016799,201900058330,9,22,03:15,3,1,1,1.0,6.0,67089,A4 PK 443+700 sens STRASBOURG / PARIS,M,"48,7721790","7,4623960",67,2019,90.0,1.0,1.0,1.0,2274061,9.0,2,3,2,5.0,,0.0,0,2009.0,A01,138Â 196Â 560,1.0,-1.0,-1.0,1735668,2.0,7,,4.0,0.0,1.0,A01,138Â 196Â 560,1.0