Unnamed: 0_x,num_acc,mois,jour,hrmn,lum,agg,int,atm,col,com,adr,gps,lat,long,dep,annee,vma,situ,surf,catr,Unnamed: 0_y,place,catu,grav,sexe,trajet,secu,locp,actp,an_nais,num_veh_x,id_vehicule_x,secu1,secu2,secu3,Unnamed: 0,senc,catv,occutc,obs,obsm,choc,num_veh_y,id_vehicule_y,motor
1016799,201900058330,9,22,03:15,3,1,1,1.0,6.0,67089,A4 PK 443+700 sens STRASBOURG / PARIS,M,"48,7721790","7,4623960",67,2019,90.0,1.0,1.0,1.0,2274062,8.0,2,3,1,5.0,,0.0,0,2013.0,A01,138Â 196Â 560,1.0,-1.0,-1.0,1735668,2.0,7,,4.0,0.0,1.0,A01,138Â 196Â 560,1.0
1016800,201900058331,8,16,08:35,1,2,1,1.0,3.0,69152,EUROPE (DE L')                      (BD),M,"45,6994300","4,8235000",69,2019,50.0,1.0,1.0,4.0,2274063,1.0,1,1,1,1.0,,-1.0,0,1980.0,A01,138Â 196Â 558,1.0,0.0,-1.0,1735669,1.0,7,,0.0,2.0,3.0,A01,138Â 196Â 558,1.0
1016800,201900058331,8,16,08:35,1,2,1,1.0,3.0,69152,EUROPE (DE L')                      (BD),M,"45,6994300","4,8235000",69,2019,50.0,1.0,1.0,4.0,2274063,1.0,1,1,1,1.0,,-1.0,0,1980.0,A01,138Â 196Â 558,1.0,0.0,-1.0,1735670,1.0,33,,0.0,2.0,1.0,B01,138Â 196Â 559,1.0
1016800,201900058331,8,16,08:35,1,2,1,1.0,3.0,69152,EUROPE (DE L')                      (BD),M,"45,6994300","4,8235000",69,2019,50.0,1.0,1.0,4.0,2274064,1.0,1,4,2,1.0,,-1.0,0,1996.0,B01,138Â 196Â 559,2.0,0.0,-1.0,1735669,1.0,7,,0.0,2.0,3.0,A01,138Â 196Â 558,1.0
1016800,201900058331,8,16,08:35,1,2,1,1.0,3.0,69152,EUROPE (DE L')                      (BD),M,"45,6994300","4,8235000",69,2019,50.0,1.0,1.0,4.0,2274064,1.0,1,4,2,1.0,,-1.0,0,1996.0,B01,138Â 196Â 559,2.0,0.0,-1.0,1735670,1.0,33,,0.0,2.0,1.0,B01,138Â 196Â 559,1.0
1016801,201900058332,10,4,12:02,1,2,1,1.0,6.0,49007,RENNES,M,"47,4778300"," -0,5484900",49,2019,50.0,1.0,1.0,4.0,2274065,1.0,1,1,1,0.0,,-1.0, -1,1989.0,A01,138Â 196Â 562,1.0,0.0,-1.0,1735671,1.0,15,,0.0,1.0,7.0,A01,138Â 196Â 562,0.0
1016801,201900058332,10,4,12:02,1,2,1,1.0,6.0,49007,RENNES,M,"47,4778300"," -0,5484900",49,2019,50.0,1.0,1.0,4.0,2274066,10.0,3,3,2,0.0,,3.0,1,1942.0,A01,138Â 196Â 562,8.0,0.0,-1.0,1735671,1.0,15,,0.0,1.0,7.0,A01,138Â 196Â 562,0.0
1016802,201900058333,8,10,01:00,5,1,1,1.0,2.0,06088,AUTOROUTE A8 PK 193.000 - NORD,M,"43,7203001","7,2157310",6,2019,90.0,1.0,1.0,1.0,2274067,1.0,1,1,1,5.0,,0.0,0,1973.0,A01,138Â 196Â 553,1.0,-1.0,-1.0,1735672,2.0,7,,0.0,2.0,3.0,A01,138Â 196Â 553,1.0
1016802,201900058333,8,10,01:00,5,1,1,1.0,2.0,06088,AUTOROUTE A8 PK 193.000 - NORD,M,"43,7203001","7,2157310",6,2019,90.0,1.0,1.0,1.0,2274067,1.0,1,1,1,5.0,,0.0,0,1973.0,A01,138Â 196Â 553,1.0,-1.0,-1.0,1735673,2.0,7,,0.0,2.0,6.0,B01,138Â 196Â 556,1.0
1016802,201900058333,8,10,01:00,5,1,1,1.0,2.0,06088,AUTOROUTE A8 PK 193.000 - NORD,M,"43,7203001","7,2157310",6,2019,90.0,1.0,1.0,1.0,2274068,1.0,1,4,1,5.0,,0.0,0,1988.0,B01,138Â 196Â 556,1.0,-1.0,-1.0,1735672,2.0,7,,0.0,2.0,3.0,A01,138Â 196Â 553,1.0
1016802,201900058333,8,10,01:00,5,1,1,1.0,2.0,06088,AUTOROUTE A8 PK 193.000 - NORD,M,"43,7203001","7,2157310",6,2019,90.0,1.0,1.0,1.0,2274068,1.0,1,4,1,5.0,,0.0,0,1988.0,B01,138Â 196Â 556,1.0,-1.0,-1.0,1735673,2.0,7,,0.0,2.0,6.0,B01,138Â 196Â 556,1.0
1016803,201900058334,3,22,22:35,5,2,2,1.0,1.0,92060,PAUL LANGEVIN (AVENUE) (RD 2),M,"48,7821350","2,2531264",92,2019,50.0,1.0,1.0,3.0,2274069,1.0,1,4,1,0.0,,-1.0,0,1999.0,B01,138Â 196Â 552,2.0,8.0,-1.0,1735674,1.0,32,,0.0,0.0,0.0,B01,138Â 196Â 552,1.0
1016803,201900058334,3,22,22:35,5,2,2,1.0,1.0,92060,PAUL LANGEVIN (AVENUE) (RD 2),M,"48,7821350","2,2531264",92,2019,50.0,1.0,1.0,3.0,2274069,1.0,1,4,1,0.0,,-1.0,0,1999.0,B01,138Â 196Â 552,2.0,8.0,-1.0,1735675,1.0,7,,0.0,2.0,1.0,A01,138Â 196Â 557,1.0
1016803,201900058334,3,22,22:35,5,2,2,1.0,1.0,92060,PAUL LANGEVIN (AVENUE) (RD 2),M,"48,7821350","2,2531264",92,2019,50.0,1.0,1.0,3.0,2274070,1.0,1,1,1,0.0,,-1.0,0,1995.0,A01,138Â 196Â 557,1.0,8.0,-1.0,1735674,1.0,32,,0.0,0.0,0.0,B01,138Â 196Â 552,1.0
1016803,201900058334,3,22,22:35,5,2,2,1.0,1.0,92060,PAUL LANGEVIN (AVENUE) (RD 2),M,"48,7821350","2,2531264",92,2019,50.0,1.0,1.0,3.0,2274070,1.0,1,1,1,0.0,,-1.0,0,1995.0,A01,138Â 196Â 557,1.0,8.0,-1.0,1735675,1.0,7,,0.0,2.0,1.0,A01,138Â 196Â 557,1.0
1016804,201900058335,8,16,08:00,1,1,1,1.0,1.0,69142,MULATIERE (DE LA)                   (PT),M,"45,7311600","4,8155900",69,2019,10.0,1.0,1.0,9.0,2274071,1.0,1,4,1,1.0,,-1.0,0,1977.0,A01,138Â 196Â 554,2.0,8.0,-1.0,1735676,1.0,1,,0.0,2.0,1.0,A01,138Â 196Â 554,6.0
1016804,201900058335,8,16,08:00,1,1,1,1.0,1.0,69142,MULATIERE (DE LA)                   (PT),M,"45,7311600","4,8155900",69,2019,10.0,1.0,1.0,9.0,2274071,1.0,1,4,1,1.0,,-1.0,0,1977.0,A01,138Â 196Â 554,2.0,8.0,-1.0,1735677,3.0,50,,0.0,2.0,1.0,B01,138Â 196Â 555,3.0
1016804,201900058335,8,16,08:00,1,1,1,1.0,1.0,69142,MULATIERE (DE LA)                   (PT),M,"45,7311600","4,8155900",69,2019,10.0,1.0,1.0,9.0,2274072,1.0,1,3,1,1.0,,-1.0,0,1990.0,B01,138Â 196Â 555,8.0,0.0,-1.0,1735676,1.0,1,,0.0,2.0,1.0,A01,138Â 196Â 554,6.0
1016804,201900058335,8,16,08:00,1,1,1,1.0,1.0,69142,MULATIERE (DE LA)                   (PT),M,"45,7311600","4,8155900",69,2019,10.0,1.0,1.0,9.0,2274072,1.0,1,3,1,1.0,,-1.0,0,1990.0,B01,138Â 196Â 555,8.0,0.0,-1.0,1735677,3.0,50,,0.0,2.0,1.0,B01,138Â 196Â 555,3.0
1016805,201900058336,10,18,17:45,1,2,1,1.0,6.0,40192,HAUSSEZ (BD D'),M,"43,8941200"," -0,5073600",40,2019,50.0,1.0,1.0,4.0,2274073,10.0,3,3,2,5.0,,3.0,5,2014.0,A01,138Â 196Â 550,8.0,0.0,-1.0,1735678,3.0,7,,0.0,1.0,1.0,A01,138Â 196Â 550,1.0
1016805,201900058336,10,18,17:45,1,2,1,1.0,6.0,40192,HAUSSEZ (BD D'),M,"43,8941200"," -0,5073600",40,2019,50.0,1.0,1.0,4.0,2274074,1.0,1,1,1,5.0,,0.0,0,1996.0,A01,138Â 196Â 550,1.0,8.0,-1.0,1735678,3.0,7,,0.0,1.0,1.0,A01,138Â 196Â 550,1.0
1016806,201900058337,2,18,19:44,5,2,9,1.0,3.0,92023,GENERAL DE GAULLE (AV DU) NÂ°130 A 340 ET,M,"48,7848700","2,2497100",92,2019,30.0,1.0,1.0,3.0,2274075,1.0,1,1,1,4.0,,-1.0,0,1961.0,A01,138Â 196Â 545,1.0,0.0,-1.0,1735679,1.0,7,,0.0,6.0,3.0,A01,138Â 196Â 545,1.0
1016806,201900058337,2,18,19:44,5,2,9,1.0,3.0,92023,GENERAL DE GAULLE (AV DU) NÂ°130 A 340 ET,M,"48,7848700","2,2497100",92,2019,30.0,1.0,1.0,3.0,2274075,1.0,1,1,1,4.0,,-1.0,0,1961.0,A01,138Â 196Â 545,1.0,0.0,-1.0,1735680,2.0,1,,0.0,2.0,1.0,B01,138Â 196Â 548,5.0
1016806,201900058337,2,18,19:44,5,2,9,1.0,3.0,92023,GENERAL DE GAULLE (AV DU) NÂ°130 A 340 ET,M,"48,7848700","2,2497100",92,2019,30.0,1.0,1.0,3.0,2274076,1.0,1,4,1,1.0,,-1.0,0,1982.0,B01,138Â 196Â 548,2.0,0.0,-1.0,1735679,1.0,7,,0.0,6.0,3.0,A01,138Â 196Â 545,1.0
1016806,201900058337,2,18,19:44,5,2,9,1.0,3.0,92023,GENERAL DE GAULLE (AV DU) NÂ°130 A 340 ET,M,"48,7848700","2,2497100",92,2019,30.0,1.0,1.0,3.0,2274076,1.0,1,4,1,1.0,,-1.0,0,1982.0,B01,138Â 196Â 548,2.0,0.0,-1.0,1735680,2.0,1,,0.0,2.0,1.0,B01,138Â 196Â 548,5.0
1016807,201900058338,9,21,14:45,1,1,1,1.0,2.0,73182,A41,M,"45,6871480","5,9324961",73,2019,130.0,1.0,1.0,1.0,2274077,1.0,1,1,1,1.0,,0.0,0,1973.0,B01,138Â 196Â 546,1.0,-1.0,-1.0,1735681,2.0,10,,0.0,2.0,6.0,B01,138Â 196Â 546,1.0
1016807,201900058338,9,21,14:45,1,1,1,1.0,2.0,73182,A41,M,"45,6871480","5,9324961",73,2019,130.0,1.0,1.0,1.0,2274077,1.0,1,1,1,1.0,,0.0,0,1973.0,B01,138Â 196Â 546,1.0,-1.0,-1.0,1735682,2.0,7,,0.0,2.0,2.0,A01,138Â 196Â 549,0.0
1016807,201900058338,9,21,14:45,1,1,1,1.0,2.0,73182,A41,M,"45,6871480","5,9324961",73,2019,130.0,1.0,1.0,1.0,2274078,2.0,2,3,2,5.0,,0.0,0,1998.0,A01,138Â 196Â 549,1.0,-1.0,-1.0,1735681,2.0,10,,0.0,2.0,6.0,B01,138Â 196Â 546,1.0
1016807,201900058338,9,21,14:45,1,1,1,1.0,2.0,73182,A41,M,"45,6871480","5,9324961",73,2019,130.0,1.0,1.0,1.0,2274078,2.0,2,3,2,5.0,,0.0,0,1998.0,A01,138Â 196Â 549,1.0,-1.0,-1.0,1735682,2.0,7,,0.0,2.0,2.0,A01,138Â 196Â 549,0.0
1016807,201900058338,9,21,14:45,1,1,1,1.0,2.0,73182,A41,M,"45,6871480","5,9324961",73,2019,130.0,1.0,1.0,1.0,2274079,1.0,1,4,1,5.0,,0.0,0,1997.0,A01,138Â 196Â 549,1.0,-1.0,-1.0,1735681,2.0,10,,0.0,2.0,6.0,B01,138Â 196Â 546,1.0
1016807,201900058338,9,21,14:45,1,1,1,1.0,2.0,73182,A41,M,"45,6871480","5,9324961",73,2019,130.0,1.0,1.0,1.0,2274079,1.0,1,4,1,5.0,,0.0,0,1997.0,A01,138Â 196Â 549,1.0,-1.0,-1.0,1735682,2.0,7,,0.0,2.0,2.0,A01,138Â 196Â 549,0.0
1016808,201900058339,8,15,22:30,5,2,1,1.0,3.0,69382,RAMBAUD                             (QU),M,"45,7485100","4,8195100",69,2019,30.0,1.0,1.0,4.0,2274080,1.0,1,4,1,5.0,,-1.0,0,1994.0,B01,138Â 196Â 544,2.0,8.0,-1.0,1735683,3.0,60,,0.0,2.0,2.0,B01,138Â 196Â 544,5.0
1016808,201900058339,8,15,22:30,5,2,1,1.0,3.0,69382,RAMBAUD                             (QU),M,"45,7485100","4,8195100",69,2019,30.0,1.0,1.0,4.0,2274080,1.0,1,4,1,5.0,,-1.0,0,1994.0,B01,138Â 196Â 544,2.0,8.0,-1.0,1735684,3.0,7,,0.0,2.0,3.0,A01,138Â 196Â 547,1.0
1016809,201900058340,10,24,08:10,1,2,2,1.0,6.0,37261,MALRAUX (QUAI ANDRE),M,"47,3973000","0,6896400",37,2019,50.0,1.0,1.0,4.0,2274081,1.0,1,1,2,1.0,,-1.0, -1,1966.0,A01,138Â 196Â 542,1.0,8.0,-1.0,1735685,1.0,7,,0.0,2.0,3.0,A01,138Â 196Â 542,1.0
1016809,201900058340,10,24,08:10,1,2,2,1.0,6.0,37261,MALRAUX (QUAI ANDRE),M,"47,3973000","0,6896400",37,2019,50.0,1.0,1.0,4.0,2274081,1.0,1,1,2,1.0,,-1.0, -1,1966.0,A01,138Â 196Â 542,1.0,8.0,-1.0,1735686,2.0,1,,0.0,2.0,1.0,B01,138Â 196Â 543,5.0
1016809,201900058340,10,24,08:10,1,2,2,1.0,6.0,37261,MALRAUX (QUAI ANDRE),M,"47,3973000","0,6896400",37,2019,50.0,1.0,1.0,4.0,2274082,1.0,1,4,1,1.0,,-1.0, -1,1962.0,B01,138Â 196Â 543,8.0,0.0,-1.0,1735685,1.0,7,,0.0,2.0,3.0,A01,138Â 196Â 542,1.0
1016809,201900058340,10,24,08:10,1,2,2,1.0,6.0,37261,MALRAUX (QUAI ANDRE),M,"47,3973000","0,6896400",37,2019,50.0,1.0,1.0,4.0,2274082,1.0,1,4,1,1.0,,-1.0, -1,1962.0,B01,138Â 196Â 543,8.0,0.0,-1.0,1735686,2.0,1,,0.0,2.0,1.0,B01,138Â 196Â 543,5.0
1016810,201900058341,1,18,21:13,5,2,2,1.0,1.0,92023,GENERAL DE GAULLE (AV DU) NÂ°130 A 340 ET,M,"48,7900364","2,2629191",92,2019,50.0,1.0,1.0,3.0,2274083,1.0,1,1,1,4.0,,-1.0,0,1986.0,A01,138Â 196Â 539,1.0,8.0,-1.0,1735687,1.0,7,,0.0,2.0,3.0,A01,138Â 196Â 539,1.0
1016810,201900058341,1,18,21:13,5,2,2,1.0,1.0,92023,GENERAL DE GAULLE (AV DU) NÂ°130 A 340 ET,M,"48,7900364","2,2629191",92,2019,50.0,1.0,1.0,3.0,2274083,1.0,1,1,1,4.0,,-1.0,0,1986.0,A01,138Â 196Â 539,1.0,8.0,-1.0,1735688,2.0,33,,0.0,2.0,1.0,B01,138Â 196Â 541,1.0
1016810,201900058341,1,18,21:13,5,2,2,1.0,1.0,92023,GENERAL DE GAULLE (AV DU) NÂ°130 A 340 ET,M,"48,7900364","2,2629191",92,2019,50.0,1.0,1.0,3.0,2274084,1.0,1,4,1,0.0,,-1.0,0,1981.0,B01,138Â 196Â 541,2.0,6.0,-1.0,1735687,1.0,7,,0.0,2.0,3.0,A01,138Â 196Â 539,1.0
1016810,201900058341,1,18,21:13,5,2,2,1.0,1.0,92023,GENERAL DE GAULLE (AV DU) NÂ°130 A 340 ET,M,"48,7900364","2,2629191",92,2019,50.0,1.0,1.0,3.0,2274084,1.0,1,4,1,0.0,,-1.0,0,1981.0,B01,138Â 196Â 541,2.0,6.0,-1.0,1735688,2.0,33,,0.0,2.0,1.0,B01,138Â 196Â 541,1.0
1016811,201900058342,10,25,00:50,5,2,1,8.0,6.0,35238,SERGENT MAGINOT (AVENUE),M,"48,1098000"," -1,6700000",35,2019,50.0,1.0,2.0,4.0,2274085,1.0,1,4,2,5.0,,-1.0,0,1992.0,A01,138Â 196Â 538,8.0,0.0,-1.0,1735689,1.0,1,,1.0,0.0,0.0,A01,138Â 196Â 538,6.0
1016812,201900058343,2,20,10:45,1,2,1,1.0,3.0,92023,JEAN BAPTISTE CLEMENT (AVENUE),M,"48,7909900","2,2628700",92,2019,50.0,1.0,1.0,3.0,2274086,1.0,1,4,1,4.0,,-1.0,0,1969.0,B01,138Â 196Â 535,2.0,6.0,-1.0,1735690,1.0,31,,0.0,2.0,5.0,B01,138Â 196Â 535,1.0
1016812,201900058343,2,20,10:45,1,2,1,1.0,3.0,92023,JEAN BAPTISTE CLEMENT (AVENUE),M,"48,7909900","2,2628700",92,2019,50.0,1.0,1.0,3.0,2274086,1.0,1,4,1,4.0,,-1.0,0,1969.0,B01,138Â 196Â 535,2.0,6.0,-1.0,1735691,1.0,7,,0.0,2.0,3.0,A01,138Â 196Â 536,1.0
1016812,201900058343,2,20,10:45,1,2,1,1.0,3.0,92023,JEAN BAPTISTE CLEMENT (AVENUE),M,"48,7909900","2,2628700",92,2019,50.0,1.0,1.0,3.0,2274087,1.0,1,1,2,5.0,,-1.0,0,1967.0,A01,138Â 196Â 536,1.0,0.0,-1.0,1735690,1.0,31,,0.0,2.0,5.0,B01,138Â 196Â 535,1.0
1016812,201900058343,2,20,10:45,1,2,1,1.0,3.0,92023,JEAN BAPTISTE CLEMENT (AVENUE),M,"48,7909900","2,2628700",92,2019,50.0,1.0,1.0,3.0,2274087,1.0,1,1,2,5.0,,-1.0,0,1967.0,A01,138Â 196Â 536,1.0,0.0,-1.0,1735691,1.0,7,,0.0,2.0,3.0,A01,138Â 196Â 536,1.0
1016813,201900058344,10,24,09:45,1,1,1,3.0,6.0,35278,RD 137,M,"48,1543500"," -1,7017000",35,2019,90.0,1.0,2.0,3.0,2274088,1.0,1,4,1,4.0,,-1.0,0,1975.0,A01,138Â 196Â 534,1.0,0.0,-1.0,1735692,1.0,10,,3.0,0.0,3.0,A01,138Â 196Â 534,1.0
1016814,201900058345,10,15,19:30,5,2,1,3.0,3.0,33063,RUE JUDAIQUE,M,"44,8409400"," -0,5909300",33,2019,30.0,5.0,2.0,4.0,2274089,1.0,1,1,2,0.0,,-1.0, -1,2001.0,A01,138Â 196Â 530,8.0,0.0,-1.0,1735693,2.0,2,,0.0,2.0,8.0,A01,138Â 196Â 530,1.0
1016814,201900058345,10,15,19:30,5,2,1,3.0,3.0,33063,RUE JUDAIQUE,M,"44,8409400"," -0,5909300",33,2019,30.0,5.0,2.0,4.0,2274089,1.0,1,1,2,0.0,,-1.0, -1,2001.0,A01,138Â 196Â 530,8.0,0.0,-1.0,1735694,1.0,1,,0.0,2.0,1.0,B01,138Â 196Â 531,5.0
1016814,201900058345,10,15,19:30,5,2,1,3.0,3.0,33063,RUE JUDAIQUE,M,"44,8409400"," -0,5909300",33,2019,30.0,5.0,2.0,4.0,2274090,1.0,1,4,1,0.0,,-1.0, -1,1996.0,B01,138Â 196Â 531,2.0,0.0,-1.0,1735693,2.0,2,,0.0,2.0,8.0,A01,138Â 196Â 530,1.0
1016814,201900058345,10,15,19:30,5,2,1,3.0,3.0,33063,RUE JUDAIQUE,M,"44,8409400"," -0,5909300",33,2019,30.0,5.0,2.0,4.0,2274090,1.0,1,4,1,0.0,,-1.0, -1,1996.0,B01,138Â 196Â 531,2.0,0.0,-1.0,1735694,1.0,1,,0.0,2.0,1.0,B01,138Â 196Â 531,5.0
1016815,201900058346,8,14,11:15,1,2,2,1.0,6.0,69385,DOCTEUR ALBERIC PONT (DU)           (R ),M,"45,7543900","4,7961400",69,2019,50.0,1.0,1.0,4.0,2274091,1.0,1,1,2,3.0,,0.0,0,1938.0,A01,138Â 196Â 537,1.0,0.0,-1.0,1735695,2.0,7,,0.0,1.0,3.0,A01,138Â 196Â 537,1.0
1016815,201900058346,8,14,11:15,1,2,2,1.0,6.0,69385,DOCTEUR ALBERIC PONT (DU)           (R ),M,"45,7543900","4,7961400",69,2019,50.0,1.0,1.0,4.0,2274092,10.0,3,4,2,1.0,,4.0,3,1957.0,A01,138Â 196Â 537,8.0,0.0,-1.0,1735695,2.0,7,,0.0,1.0,3.0,A01,138Â 196Â 537,1.0
1016816,201900058347,8,13,17:25,1,2,2,1.0,3.0,69382,PRESIDENT EDOUARD HERRIOT (DU)      (R ),M,"45,7587200","4,8339300",69,2019,30.0,1.0,1.0,4.0,2274093,1.0,1,3,1,0.0,,0.0,0,1999.0,B01,138Â 196Â 528,8.0,0.0,-1.0,1735696,2.0,99,,0.0,0.0,1.0,A01,138Â 196Â 527,0.0
1016816,201900058347,8,13,17:25,1,2,2,1.0,3.0,69382,PRESIDENT EDOUARD HERRIOT (DU)      (R ),M,"45,7587200","4,8339300",69,2019,30.0,1.0,1.0,4.0,2274093,1.0,1,3,1,0.0,,0.0,0,1999.0,B01,138Â 196Â 528,8.0,0.0,-1.0,1735697,2.0,99,,0.0,6.0,7.0,B01,138Â 196Â 528,0.0
1016817,201900058348,2,17,01:00,3,1,1,1.0,2.0,44174,ROUTE DÃPARTEMENTALE 61,M,"47,0430690"," -1,7153020",44,2019,80.0,1.0,1.0,3.0,2274094,1.0,1,1,2,5.0,,0.0,0,1988.0,A01,138Â 196Â 551,1.0,-1.0,-1.0,1735698,2.0,7,,0.0,9.0,2.0,A01,138Â 196Â 551,1.0
1016817,201900058348,2,17,01:00,3,1,1,1.0,2.0,44174,ROUTE DÃPARTEMENTALE 61,M,"47,0430690"," -1,7153020",44,2019,80.0,1.0,1.0,3.0,2274094,1.0,1,1,2,5.0,,0.0,0,1988.0,A01,138Â 196Â 551,1.0,-1.0,-1.0,1735699,2.0,1,,0.0,2.0,4.0,B01,138Â 196Â 604,5.0
1016817,201900058348,2,17,01:00,3,1,1,1.0,2.0,44174,ROUTE DÃPARTEMENTALE 61,M,"47,0430690"," -1,7153020",44,2019,80.0,1.0,1.0,3.0,2274095,1.0,1,2,1,9.0,,0.0,0,1969.0,B01,138Â 196Â 604,0.0,-1.0,-1.0,1735698,2.0,7,,0.0,9.0,2.0,A01,138Â 196Â 551,1.0
1016817,201900058348,2,17,01:00,3,1,1,1.0,2.0,44174,ROUTE DÃPARTEMENTALE 61,M,"47,0430690"," -1,7153020",44,2019,80.0,1.0,1.0,3.0,2274095,1.0,1,2,1,9.0,,0.0,0,1969.0,B01,138Â 196Â 604,0.0,-1.0,-1.0,1735699,2.0,1,,0.0,2.0,4.0,B01,138Â 196Â 604,5.0
1016818,201900058349,3,26,16:53,1,2,1,1.0,2.0,92012,ALPHONSE LE GALLO (QUAI) 35/FIN,M,"48,8410536","2,2247494",92,2019,50.0,1.0,1.0,3.0,2274096,1.0,1,4,1,4.0,,-1.0,0,1970.0,A01,138Â 196Â 532,1.0,8.0,-1.0,1735700,3.0,37,1.0,0.0,2.0,3.0,A01,138Â 196Â 532,1.0
1016818,201900058349,3,26,16:53,1,2,1,1.0,2.0,92012,ALPHONSE LE GALLO (QUAI) 35/FIN,M,"48,8410536","2,2247494",92,2019,50.0,1.0,1.0,3.0,2274096,1.0,1,4,1,4.0,,-1.0,0,1970.0,A01,138Â 196Â 532,1.0,8.0,-1.0,1735701,3.0,10,,0.0,2.0,5.0,B01,138Â 196Â 533,1.0
1016818,201900058349,3,26,16:53,1,2,1,1.0,2.0,92012,ALPHONSE LE GALLO (QUAI) 35/FIN,M,"48,8410536","2,2247494",92,2019,50.0,1.0,1.0,3.0,2274097,1.0,1,1,1,4.0,,-1.0,0,1993.0,B01,138Â 196Â 533,1.0,4.0,-1.0,1735700,3.0,37,1.0,0.0,2.0,3.0,A01,138Â 196Â 532,1.0
1016818,201900058349,3,26,16:53,1,2,1,1.0,2.0,92012,ALPHONSE LE GALLO (QUAI) 35/FIN,M,"48,8410536","2,2247494",92,2019,50.0,1.0,1.0,3.0,2274097,1.0,1,1,1,4.0,,-1.0,0,1993.0,B01,138Â 196Â 533,1.0,4.0,-1.0,1735701,3.0,10,,0.0,2.0,5.0,B01,138Â 196Â 533,1.0
1016819,201900058350,9,21,23:15,3,2,9,1.0,6.0,97408,116 Rue Ho Chi Minh,M," -20,9640600","55,3332250",974,2019,50.0,1.0,1.0,3.0,2274098,1.0,1,3,1,5.0,,0.0,0,1987.0,A01,138Â 196Â 540,0.0,-1.0,-1.0,1735702,0.0,2,,12.0,0.0,0.0,A01,138Â 196Â 540,0.0
1016820,201900058351,10,10,10:00,1,2,2,1.0,3.0,33063,RUE DES SABLIERES,M,"44,8252200"," -0,5752500",33,2019,50.0,1.0,1.0,4.0,2274099,1.0,1,1,1,0.0,,-1.0, -1,1982.0,A01,138Â 196Â 526,8.0,0.0,-1.0,1735703,1.0,7,,0.0,2.0,3.0,A01,138Â 196Â 526,3.0
1016820,201900058351,10,10,10:00,1,2,2,1.0,3.0,33063,RUE DES SABLIERES,M,"44,8252200"," -0,5752500",33,2019,50.0,1.0,1.0,4.0,2274099,1.0,1,1,1,0.0,,-1.0, -1,1982.0,A01,138Â 196Â 526,8.0,0.0,-1.0,1735704,2.0,1,,0.0,0.0,1.0,B01,138Â 196Â 529,5.0
1016820,201900058351,10,10,10:00,1,2,2,1.0,3.0,33063,RUE DES SABLIERES,M,"44,8252200"," -0,5752500",33,2019,50.0,1.0,1.0,4.0,2274100,1.0,1,4,2,0.0,,-1.0,0,1999.0,B01,138Â 196Â 529,8.0,0.0,-1.0,1735703,1.0,7,,0.0,2.0,3.0,A01,138Â 196Â 526,3.0
1016820,201900058351,10,10,10:00,1,2,2,1.0,3.0,33063,RUE DES SABLIERES,M,"44,8252200"," -0,5752500",33,2019,50.0,1.0,1.0,4.0,2274100,1.0,1,4,2,0.0,,-1.0,0,1999.0,B01,138Â 196Â 529,8.0,0.0,-1.0,1735704,2.0,1,,0.0,0.0,1.0,B01,138Â 196Â 529,5.0
1016821,201900058352,2,13,21:45,5,2,1,1.0,6.0,44160,,M,"47,3726620"," -1,1949550",44,2019,-1.0,1.0,1.0,6.0,2274101,1.0,1,3,1,5.0,,0.0,0,2003.0,A01,138Â 196Â 522,2.0,-1.0,-1.0,1735705,3.0,2,,12.0,0.0,1.0,A01,138Â 196Â 522,1.0
1016822,201900058353,9,21,18:15,3,1,1,1.0,6.0,97107,D5,M,"16,0045840"," -61,6143150",971,2019,50.0,1.0,1.0,3.0,2274102,1.0,1,3,1,9.0,,0.0,0,1989.0,A01,138Â 196Â 520,0.0,-1.0,-1.0,1735706,3.0,32,,1.0,0.0,1.0,A01,138Â 196Â 520,1.0
1016823,201900058354,8,13,18:00,1,2,1,1.0,1.0,2B033,SAMPIERO CORSO - AV,M,"42,6748500","9,4439700",2B,2019,70.0,1.0,1.0,2.0,2274103,1.0,1,4,2,5.0,,0.0,0,1965.0,A01,138Â 196Â 523,1.0,0.0,-1.0,1735707,1.0,7,,12.0,0.0,2.0,A01,138Â 196Â 523,1.0
1016823,201900058354,8,13,18:00,1,2,1,1.0,1.0,2B033,SAMPIERO CORSO - AV,M,"42,6748500","9,4439700",2B,2019,70.0,1.0,1.0,2.0,2274103,1.0,1,4,2,5.0,,0.0,0,1965.0,A01,138Â 196Â 523,1.0,0.0,-1.0,1735708,1.0,7,,0.0,2.0,1.0,Z01,138Â 196Â 525,0.0
1016824,201900058355,10,18,20:00,3,2,3,1.0,2.0,33063,BD DES FRERES MOGA,M,"44,8266800"," -0,5475800",33,2019,50.0,1.0,1.0,4.0,2274104,1.0,1,3,1,0.0,,-1.0, -1,1957.0,B01,138Â 196Â 518,1.0,0.0,-1.0,1735709,2.0,7,,0.0,2.0,6.0,B01,138Â 196Â 518,0.0
1016824,201900058355,10,18,20:00,3,2,3,1.0,2.0,33063,BD DES FRERES MOGA,M,"44,8266800"," -0,5475800",33,2019,50.0,1.0,1.0,4.0,2274104,1.0,1,3,1,0.0,,-1.0, -1,1957.0,B01,138Â 196Â 518,1.0,0.0,-1.0,1735710,2.0,33,,0.0,2.0,1.0,A01,138Â 196Â 519,1.0