Unnamed: 0_x,num_acc,mois,jour,hrmn,lum,agg,int,atm,col,com,adr,gps,lat,long,dep,annee,vma,situ,surf,catr,Unnamed: 0_y,place,catu,grav,sexe,trajet,secu,locp,actp,an_nais,num_veh_x,id_vehicule_x,secu1,secu2,secu3,Unnamed: 0,senc,catv,occutc,obs,obsm,choc,num_veh_y,id_vehicule_y,motor
1016824,201900058355,10,18,20:00,3,2,3,1.0,2.0,33063,BD DES FRERES MOGA,M,"44,8266800"," -0,5475800",33,2019,50.0,1.0,1.0,4.0,2274105,1.0,1,3,1,0.0,,-1.0, -1,2000.0,A01,138Â 196Â 519,8.0,0.0,-1.0,1735709,2.0,7,,0.0,2.0,6.0,B01,138Â 196Â 518,0.0
1016824,201900058355,10,18,20:00,3,2,3,1.0,2.0,33063,BD DES FRERES MOGA,M,"44,8266800"," -0,5475800",33,2019,50.0,1.0,1.0,4.0,2274105,1.0,1,3,1,0.0,,-1.0, -1,2000.0,A01,138Â 196Â 519,8.0,0.0,-1.0,1735710,2.0,33,,0.0,2.0,1.0,A01,138Â 196Â 519,1.0
1016825,201900058356,9,21,15:20,1,1,1,1.0,7.0,95341,Rue du Vaunay,M,"49,0927700","2,0835450",95,2019,80.0,1.0,1.0,3.0,2274106,1.0,1,3,1,5.0,,0.0,0,1998.0,A01,138Â 196Â 517,2.0,6.0,-1.0,1735711,3.0,33,,0.0,0.0,8.0,A01,138Â 196Â 517,1.0
1016826,201900058357,10,23,18:00,1,2,2,1.0,6.0,33063,GODARD (RUE CAMILLE),M,"44,8550700"," -0,5719100",33,2019,50.0,1.0,1.0,4.0,2274107,10.0,3,4,2,0.0,,4.0,3,2000.0,A01,138Â 196Â 515,8.0,8.0,-1.0,1735712,1.0,7,,0.0,1.0,1.0,A01,138Â 196Â 515,1.0
1016826,201900058357,10,23,18:00,1,2,2,1.0,6.0,33063,GODARD (RUE CAMILLE),M,"44,8550700"," -0,5719100",33,2019,50.0,1.0,1.0,4.0,2274108,1.0,1,1,1,0.0,,-1.0, -1,1972.0,A01,138Â 196Â 515,8.0,0.0,-1.0,1735712,1.0,7,,0.0,1.0,1.0,A01,138Â 196Â 515,1.0
1016827,201900058358,9,22,08:55,1,1,1,5.0,6.0,2B029,Col de Teghime (Point de vue),M,"42,6777070","9,3841070",2B,2019,80.0,1.0,2.0,2.0,2274109,1.0,1,1,2,1.0,,0.0,0,1974.0,A01,138Â 196Â 514,1.0,-1.0,-1.0,1735713,2.0,7,,14.0,1.0,2.0,A01,138Â 196Â 514,1.0
1016827,201900058358,9,22,08:55,1,1,1,5.0,6.0,2B029,Col de Teghime (Point de vue),M,"42,6777070","9,3841070",2B,2019,80.0,1.0,2.0,2.0,2274110,10.0,3,3,2,9.0,,1.0,9,1982.0,A01,138Â 196Â 514,0.0,-1.0,-1.0,1735713,2.0,7,,14.0,1.0,2.0,A01,138Â 196Â 514,1.0
1016828,201900058359,3,26,14:40,1,2,1,1.0,3.0,92012,JEAN JAURES (BOULEVARD) 63/215 - 70/208,M,"48,8390100","2,2403700",92,2019,50.0,1.0,1.0,3.0,2274111,1.0,1,4,1,0.0,,-1.0,0,2001.0,B01,138Â 196Â 521,2.0,6.0,-1.0,1735714,2.0,31,,0.0,2.0,2.0,B01,138Â 196Â 521,1.0
1016828,201900058359,3,26,14:40,1,2,1,1.0,3.0,92012,JEAN JAURES (BOULEVARD) 63/215 - 70/208,M,"48,8390100","2,2403700",92,2019,50.0,1.0,1.0,3.0,2274111,1.0,1,4,1,0.0,,-1.0,0,2001.0,B01,138Â 196Â 521,2.0,6.0,-1.0,1735715,2.0,7,,0.0,2.0,3.0,A01,138Â 196Â 524,1.0
1016828,201900058359,3,26,14:40,1,2,1,1.0,3.0,92012,JEAN JAURES (BOULEVARD) 63/215 - 70/208,M,"48,8390100","2,2403700",92,2019,50.0,1.0,1.0,3.0,2274112,1.0,1,1,1,0.0,,-1.0,0,1936.0,A01,138Â 196Â 524,1.0,0.0,-1.0,1735714,2.0,31,,0.0,2.0,2.0,B01,138Â 196Â 521,1.0
1016828,201900058359,3,26,14:40,1,2,1,1.0,3.0,92012,JEAN JAURES (BOULEVARD) 63/215 - 70/208,M,"48,8390100","2,2403700",92,2019,50.0,1.0,1.0,3.0,2274112,1.0,1,1,1,0.0,,-1.0,0,1936.0,A01,138Â 196Â 524,1.0,0.0,-1.0,1735715,2.0,7,,0.0,2.0,3.0,A01,138Â 196Â 524,1.0
1016829,201900058360,10,23,08:30,1,2,1,1.0,3.0,33192,CRS DU GENERAL DE GAULLE,M,"44,7878600"," -0,6047800",33,2019,50.0,1.0,1.0,4.0,2274113,2.0,2,4,1,0.0,,-1.0, -1,1994.0,A01,138Â 196Â 511,2.0,0.0,-1.0,1735716,2.0,33,,0.0,2.0,0.0,A01,138Â 196Â 511,1.0
1016829,201900058360,10,23,08:30,1,2,1,1.0,3.0,33192,CRS DU GENERAL DE GAULLE,M,"44,7878600"," -0,6047800",33,2019,50.0,1.0,1.0,4.0,2274113,2.0,2,4,1,0.0,,-1.0, -1,1994.0,A01,138Â 196Â 511,2.0,0.0,-1.0,1735717,2.0,7,,0.0,2.0,0.0,B01,138Â 196Â 513,1.0
1016829,201900058360,10,23,08:30,1,2,1,1.0,3.0,33192,CRS DU GENERAL DE GAULLE,M,"44,7878600"," -0,6047800",33,2019,50.0,1.0,1.0,4.0,2274114,1.0,1,4,1,0.0,,-1.0, -1,1992.0,A01,138Â 196Â 511,8.0,0.0,-1.0,1735716,2.0,33,,0.0,2.0,0.0,A01,138Â 196Â 511,1.0
1016829,201900058360,10,23,08:30,1,2,1,1.0,3.0,33192,CRS DU GENERAL DE GAULLE,M,"44,7878600"," -0,6047800",33,2019,50.0,1.0,1.0,4.0,2274114,1.0,1,4,1,0.0,,-1.0, -1,1992.0,A01,138Â 196Â 511,8.0,0.0,-1.0,1735717,2.0,7,,0.0,2.0,0.0,B01,138Â 196Â 513,1.0
1016829,201900058360,10,23,08:30,1,2,1,1.0,3.0,33192,CRS DU GENERAL DE GAULLE,M,"44,7878600"," -0,6047800",33,2019,50.0,1.0,1.0,4.0,2274115,1.0,1,1,2,0.0,,-1.0, -1,1963.0,B01,138Â 196Â 513,8.0,0.0,-1.0,1735716,2.0,33,,0.0,2.0,0.0,A01,138Â 196Â 511,1.0
1016829,201900058360,10,23,08:30,1,2,1,1.0,3.0,33192,CRS DU GENERAL DE GAULLE,M,"44,7878600"," -0,6047800",33,2019,50.0,1.0,1.0,4.0,2274115,1.0,1,1,2,0.0,,-1.0, -1,1963.0,B01,138Â 196Â 513,8.0,0.0,-1.0,1735717,2.0,7,,0.0,2.0,0.0,B01,138Â 196Â 513,1.0
1016830,201900058361,3,26,11:45,1,2,3,1.0,2.0,92012,GENERAL LECLERC (AVENUE DU) 35/FIN - 60/,M,"48,8320323","2,2381382",92,2019,50.0,1.0,1.0,3.0,2274116,1.0,1,4,1,0.0,,-1.0,0,2004.0,A01,138Â 196Â 508,2.0,6.0,-1.0,1735718,3.0,30,,0.0,2.0,4.0,A01,138Â 196Â 508,1.0
1016830,201900058361,3,26,11:45,1,2,3,1.0,2.0,92012,GENERAL LECLERC (AVENUE DU) 35/FIN - 60/,M,"48,8320323","2,2381382",92,2019,50.0,1.0,1.0,3.0,2274116,1.0,1,4,1,0.0,,-1.0,0,2004.0,A01,138Â 196Â 508,2.0,6.0,-1.0,1735719,1.0,10,,0.0,2.0,1.0,B01,138Â 196Â 510,1.0
1016830,201900058361,3,26,11:45,1,2,3,1.0,2.0,92012,GENERAL LECLERC (AVENUE DU) 35/FIN - 60/,M,"48,8320323","2,2381382",92,2019,50.0,1.0,1.0,3.0,2274117,1.0,1,1,1,0.0,,-1.0,0,1967.0,B01,138Â 196Â 510,1.0,0.0,-1.0,1735718,3.0,30,,0.0,2.0,4.0,A01,138Â 196Â 508,1.0
1016830,201900058361,3,26,11:45,1,2,3,1.0,2.0,92012,GENERAL LECLERC (AVENUE DU) 35/FIN - 60/,M,"48,8320323","2,2381382",92,2019,50.0,1.0,1.0,3.0,2274117,1.0,1,1,1,0.0,,-1.0,0,1967.0,B01,138Â 196Â 510,1.0,0.0,-1.0,1735719,1.0,10,,0.0,2.0,1.0,B01,138Â 196Â 510,1.0
1016831,201900058362,9,19,13:50,1,2,1,1.0,3.0,34024,D2,M,"43,4822880","3,6995590",34,2019,50.0,1.0,9.0,3.0,2274118,1.0,1,1,1,4.0,,0.0,0,1999.0,B01,138Â 196Â 509,1.0,-1.0,-1.0,1735720,3.0,10,,0.0,2.0,8.0,B01,138Â 196Â 509,1.0
1016831,201900058362,9,19,13:50,1,2,1,1.0,3.0,34024,D2,M,"43,4822880","3,6995590",34,2019,50.0,1.0,9.0,3.0,2274118,1.0,1,1,1,4.0,,0.0,0,1999.0,B01,138Â 196Â 509,1.0,-1.0,-1.0,1735721,0.0,33,,0.0,2.0,0.0,A01,138Â 196Â 512,0.0
1016831,201900058362,9,19,13:50,1,2,1,1.0,3.0,34024,D2,M,"43,4822880","3,6995590",34,2019,50.0,1.0,9.0,3.0,2274119,1.0,1,3,1,5.0,,0.0,0,1973.0,A01,138Â 196Â 512,2.0,6.0,9.0,1735720,3.0,10,,0.0,2.0,8.0,B01,138Â 196Â 509,1.0
1016831,201900058362,9,19,13:50,1,2,1,1.0,3.0,34024,D2,M,"43,4822880","3,6995590",34,2019,50.0,1.0,9.0,3.0,2274119,1.0,1,3,1,5.0,,0.0,0,1973.0,A01,138Â 196Â 512,2.0,6.0,9.0,1735721,0.0,33,,0.0,2.0,0.0,A01,138Â 196Â 512,0.0
1016832,201900058363,3,26,16:30,1,2,1,1.0,2.0,92004,REDOUTE ( AVENUE DE LA  ),M,"48,9301710","2,2839808",92,2019,50.0,1.0,1.0,3.0,2274120,1.0,1,1,1,4.0,,-1.0,0,1971.0,A01,138Â 196Â 505,1.0,0.0,-1.0,1735722,3.0,7,,0.0,2.0,2.0,A01,138Â 196Â 505,0.0
1016832,201900058363,3,26,16:30,1,2,1,1.0,2.0,92004,REDOUTE ( AVENUE DE LA  ),M,"48,9301710","2,2839808",92,2019,50.0,1.0,1.0,3.0,2274120,1.0,1,1,1,4.0,,-1.0,0,1971.0,A01,138Â 196Â 505,1.0,0.0,-1.0,1735723,3.0,7,,0.0,2.0,4.0,B01,138Â 196Â 506,0.0
1016832,201900058363,3,26,16:30,1,2,1,1.0,2.0,92004,REDOUTE ( AVENUE DE LA  ),M,"48,9301710","2,2839808",92,2019,50.0,1.0,1.0,3.0,2274121,1.0,1,4,2,5.0,,-1.0,0,1990.0,B01,138Â 196Â 506,1.0,0.0,-1.0,1735722,3.0,7,,0.0,2.0,2.0,A01,138Â 196Â 505,0.0
1016832,201900058363,3,26,16:30,1,2,1,1.0,2.0,92004,REDOUTE ( AVENUE DE LA  ),M,"48,9301710","2,2839808",92,2019,50.0,1.0,1.0,3.0,2274121,1.0,1,4,2,5.0,,-1.0,0,1990.0,B01,138Â 196Â 506,1.0,0.0,-1.0,1735723,3.0,7,,0.0,2.0,4.0,B01,138Â 196Â 506,0.0
1016833,201900058364,9,22,16:20,1,1,1,1.0,7.0,83035,Route des Hauts du Camp,M,"43,2474400","5,7897270",83,2019,80.0,1.0,1.0,3.0,2274122,1.0,1,3,1,5.0,,0.0,0,1984.0,A01,138Â 196Â 504,2.0,6.0,-1.0,1735724,1.0,2,,0.0,0.0,0.0,A01,138Â 196Â 504,1.0
1016834,201900058365,8,16,19:30,1,2,1,1.0,1.0,2A004,ILES SANGUINAIRES ROUTE DES,M,"41,9074000","8,6669000",2A,2019,50.0,1.0,1.0,3.0,2274123,3.0,2,4,2,5.0,,-1.0, -1,1990.0,B01,138Â 196Â 502,1.0,0.0,-1.0,1735725,2.0,7,,0.0,2.0,1.0,B01,138Â 196Â 502,1.0
1016834,201900058365,8,16,19:30,1,2,1,1.0,1.0,2A004,ILES SANGUINAIRES ROUTE DES,M,"41,9074000","8,6669000",2A,2019,50.0,1.0,1.0,3.0,2274123,3.0,2,4,2,5.0,,-1.0, -1,1990.0,B01,138Â 196Â 502,1.0,0.0,-1.0,1735726,1.0,7,,0.0,2.0,1.0,A01,138Â 196Â 516,1.0
1016834,201900058365,8,16,19:30,1,2,1,1.0,1.0,2A004,ILES SANGUINAIRES ROUTE DES,M,"41,9074000","8,6669000",2A,2019,50.0,1.0,1.0,3.0,2274124,1.0,1,4,1,5.0,,-1.0, -1,1986.0,B01,138Â 196Â 502,1.0,0.0,-1.0,1735725,2.0,7,,0.0,2.0,1.0,B01,138Â 196Â 502,1.0
1016834,201900058365,8,16,19:30,1,2,1,1.0,1.0,2A004,ILES SANGUINAIRES ROUTE DES,M,"41,9074000","8,6669000",2A,2019,50.0,1.0,1.0,3.0,2274124,1.0,1,4,1,5.0,,-1.0, -1,1986.0,B01,138Â 196Â 502,1.0,0.0,-1.0,1735726,1.0,7,,0.0,2.0,1.0,A01,138Â 196Â 516,1.0
1016834,201900058365,8,16,19:30,1,2,1,1.0,1.0,2A004,ILES SANGUINAIRES ROUTE DES,M,"41,9074000","8,6669000",2A,2019,50.0,1.0,1.0,3.0,2274125,2.0,2,4,2,5.0,,-1.0, -1,1989.0,B01,138Â 196Â 502,1.0,0.0,-1.0,1735725,2.0,7,,0.0,2.0,1.0,B01,138Â 196Â 502,1.0
1016834,201900058365,8,16,19:30,1,2,1,1.0,1.0,2A004,ILES SANGUINAIRES ROUTE DES,M,"41,9074000","8,6669000",2A,2019,50.0,1.0,1.0,3.0,2274125,2.0,2,4,2,5.0,,-1.0, -1,1989.0,B01,138Â 196Â 502,1.0,0.0,-1.0,1735726,1.0,7,,0.0,2.0,1.0,A01,138Â 196Â 516,1.0
1016834,201900058365,8,16,19:30,1,2,1,1.0,1.0,2A004,ILES SANGUINAIRES ROUTE DES,M,"41,9074000","8,6669000",2A,2019,50.0,1.0,1.0,3.0,2274126,1.0,1,3,1,0.0,,-1.0, -1,1999.0,A01,138Â 196Â 516,1.0,0.0,-1.0,1735725,2.0,7,,0.0,2.0,1.0,B01,138Â 196Â 502,1.0
1016834,201900058365,8,16,19:30,1,2,1,1.0,1.0,2A004,ILES SANGUINAIRES ROUTE DES,M,"41,9074000","8,6669000",2A,2019,50.0,1.0,1.0,3.0,2274126,1.0,1,3,1,0.0,,-1.0, -1,1999.0,A01,138Â 196Â 516,1.0,0.0,-1.0,1735726,1.0,7,,0.0,2.0,1.0,A01,138Â 196Â 516,1.0
1016835,201900058366,10,23,20:20,1,2,3,2.0,3.0,33281,AV DE VERDUN,M,"44,8396700"," -0,6380600",33,2019,50.0,1.0,1.0,4.0,2274127,1.0,1,4,2,0.0,,-1.0, -1,1977.0,A01,138Â 196Â 503,8.0,0.0,-1.0,1735727,0.0,50,,0.0,2.0,0.0,A01,138Â 196Â 503,3.0
1016835,201900058366,10,23,20:20,1,2,3,2.0,3.0,33281,AV DE VERDUN,M,"44,8396700"," -0,6380600",33,2019,50.0,1.0,1.0,4.0,2274127,1.0,1,4,2,0.0,,-1.0, -1,1977.0,A01,138Â 196Â 503,8.0,0.0,-1.0,1735728,2.0,7,,0.0,2.0,0.0,Z01,138Â 196Â 507,0.0
1016836,201900058367,10,24,08:30,1,2,1,1.0,3.0,31555,BD DELACOURTIE,M,"43,5841000","1,4488500",31,2019,50.0,1.0,1.0,4.0,2274128,1.0,1,4,2,1.0,,-1.0, -1,1968.0,B01,138Â 196Â 498,2.0,8.0,-1.0,1735729,0.0,1,,0.0,2.0,3.0,B01,138Â 196Â 498,5.0
1016836,201900058367,10,24,08:30,1,2,1,1.0,3.0,31555,BD DELACOURTIE,M,"43,5841000","1,4488500",31,2019,50.0,1.0,1.0,4.0,2274128,1.0,1,4,2,1.0,,-1.0, -1,1968.0,B01,138Â 196Â 498,2.0,8.0,-1.0,1735730,0.0,7,,0.0,2.0,2.0,A01,138Â 196Â 499,1.0
1016836,201900058367,10,24,08:30,1,2,1,1.0,3.0,31555,BD DELACOURTIE,M,"43,5841000","1,4488500",31,2019,50.0,1.0,1.0,4.0,2274129,1.0,1,1,1,1.0,,-1.0, -1,1974.0,A01,138Â 196Â 499,1.0,8.0,-1.0,1735729,0.0,1,,0.0,2.0,3.0,B01,138Â 196Â 498,5.0
1016836,201900058367,10,24,08:30,1,2,1,1.0,3.0,31555,BD DELACOURTIE,M,"43,5841000","1,4488500",31,2019,50.0,1.0,1.0,4.0,2274129,1.0,1,1,1,1.0,,-1.0, -1,1974.0,A01,138Â 196Â 499,1.0,8.0,-1.0,1735730,0.0,7,,0.0,2.0,2.0,A01,138Â 196Â 499,1.0
1016837,201900058368,3,23,08:45,1,1,2,1.0,1.0,42338,Intersectio D17/D39,M,"46,0729710","4,1189070",42,2019,70.0,1.0,1.0,3.0,2274130,9.0,2,1,2,5.0,,0.0,0,2017.0,A01,138Â 196Â 497,8.0,-1.0,-1.0,1735731,2.0,7,,0.0,2.0,3.0,A01,138Â 196Â 497,0.0
1016837,201900058368,3,23,08:45,1,1,2,1.0,1.0,42338,Intersectio D17/D39,M,"46,0729710","4,1189070",42,2019,70.0,1.0,1.0,3.0,2274130,9.0,2,1,2,5.0,,0.0,0,2017.0,A01,138Â 196Â 497,8.0,-1.0,-1.0,1735732,1.0,33,,0.0,2.0,1.0,B01,138Â 196Â 500,0.0
1016837,201900058368,3,23,08:45,1,1,2,1.0,1.0,42338,Intersectio D17/D39,M,"46,0729710","4,1189070",42,2019,70.0,1.0,1.0,3.0,2274131,1.0,1,1,1,5.0,,0.0,0,1989.0,A01,138Â 196Â 497,8.0,-1.0,-1.0,1735731,2.0,7,,0.0,2.0,3.0,A01,138Â 196Â 497,0.0
1016837,201900058368,3,23,08:45,1,1,2,1.0,1.0,42338,Intersectio D17/D39,M,"46,0729710","4,1189070",42,2019,70.0,1.0,1.0,3.0,2274131,1.0,1,1,1,5.0,,0.0,0,1989.0,A01,138Â 196Â 497,8.0,-1.0,-1.0,1735732,1.0,33,,0.0,2.0,1.0,B01,138Â 196Â 500,0.0
1016837,201900058368,3,23,08:45,1,1,2,1.0,1.0,42338,Intersectio D17/D39,M,"46,0729710","4,1189070",42,2019,70.0,1.0,1.0,3.0,2274132,7.0,2,1,2,5.0,,0.0,0,2013.0,A01,138Â 196Â 497,8.0,-1.0,-1.0,1735731,2.0,7,,0.0,2.0,3.0,A01,138Â 196Â 497,0.0
1016837,201900058368,3,23,08:45,1,1,2,1.0,1.0,42338,Intersectio D17/D39,M,"46,0729710","4,1189070",42,2019,70.0,1.0,1.0,3.0,2274132,7.0,2,1,2,5.0,,0.0,0,2013.0,A01,138Â 196Â 497,8.0,-1.0,-1.0,1735732,1.0,33,,0.0,2.0,1.0,B01,138Â 196Â 500,0.0
1016837,201900058368,3,23,08:45,1,1,2,1.0,1.0,42338,Intersectio D17/D39,M,"46,0729710","4,1189070",42,2019,70.0,1.0,1.0,3.0,2274133,1.0,1,3,1,5.0,,0.0,0,1988.0,B01,138Â 196Â 500,2.0,-1.0,-1.0,1735731,2.0,7,,0.0,2.0,3.0,A01,138Â 196Â 497,0.0
1016837,201900058368,3,23,08:45,1,1,2,1.0,1.0,42338,Intersectio D17/D39,M,"46,0729710","4,1189070",42,2019,70.0,1.0,1.0,3.0,2274133,1.0,1,3,1,5.0,,0.0,0,1988.0,B01,138Â 196Â 500,2.0,-1.0,-1.0,1735732,1.0,33,,0.0,2.0,1.0,B01,138Â 196Â 500,0.0
1016838,201900058369,3,27,14:21,1,1,1,1.0,6.0,28161,autoroute A11 PK 095+300 sens PARIS-Province,M,"48,2540330","1,1267450",28,2019,90.0,3.0,1.0,1.0,2274134,1.0,1,2,1,4.0,,0.0,0,1977.0,A01,138Â 196Â 495,0.0,-1.0,-1.0,1735733,1.0,17,,0.0,0.0,7.0,A01,138Â 196Â 495,1.0
1016839,201900058370,10,24,07:30,5,2,1,2.0,3.0,31557,BD VINCENT AURIOL,M,"43,5878700","1,3553500",31,2019,50.0,1.0,2.0,3.0,2274135,1.0,1,1,1,9.0,,-1.0, -1,1997.0,A01,138Â 196Â 494,1.0,0.0,-1.0,1735734,0.0,7,,0.0,2.0,1.0,A01,138Â 196Â 494,1.0
1016839,201900058370,10,24,07:30,5,2,1,2.0,3.0,31557,BD VINCENT AURIOL,M,"43,5878700","1,3553500",31,2019,50.0,1.0,2.0,3.0,2274135,1.0,1,1,1,9.0,,-1.0, -1,1997.0,A01,138Â 196Â 494,1.0,0.0,-1.0,1735735,0.0,31,,0.0,2.0,9.0,B01,138Â 196Â 496,1.0
1016839,201900058370,10,24,07:30,5,2,1,2.0,3.0,31557,BD VINCENT AURIOL,M,"43,5878700","1,3553500",31,2019,50.0,1.0,2.0,3.0,2274136,1.0,1,3,1,9.0,,-1.0, -1,1957.0,B01,138Â 196Â 496,2.0,0.0,-1.0,1735734,0.0,7,,0.0,2.0,1.0,A01,138Â 196Â 494,1.0
1016839,201900058370,10,24,07:30,5,2,1,2.0,3.0,31557,BD VINCENT AURIOL,M,"43,5878700","1,3553500",31,2019,50.0,1.0,2.0,3.0,2274136,1.0,1,3,1,9.0,,-1.0, -1,1957.0,B01,138Â 196Â 496,2.0,0.0,-1.0,1735735,0.0,31,,0.0,2.0,9.0,B01,138Â 196Â 496,1.0
1016840,201900058371,3,27,09:25,1,2,1,1.0,6.0,35337,place tanouarn,M,"48,3282760"," -1,8401610",35,2019,50.0,4.0,1.0,3.0,2274137,10.0,3,3,1,3.0,,5.0,2,1986.0,A01,138Â 196Â 493,0.0,-1.0,-1.0,1735736,1.0,7,,0.0,1.0,1.0,A01,138Â 196Â 493,1.0
1016840,201900058371,3,27,09:25,1,2,1,1.0,6.0,35337,place tanouarn,M,"48,3282760"," -1,8401610",35,2019,50.0,4.0,1.0,3.0,2274138,1.0,1,1,1,5.0,,0.0,0,1934.0,A01,138Â 196Â 493,1.0,-1.0,-1.0,1735736,1.0,7,,0.0,1.0,1.0,A01,138Â 196Â 493,1.0
1016841,201900058372,10,22,16:45,1,2,1,3.0,3.0,31555,CUGNAUX (RUE DE) DU 41AU 149,M,"43,5913200","1,4194500",31,2019,50.0,1.0,2.0,4.0,2274139,1.0,1,4,1,0.0,,-1.0, -1,1964.0,B01,138Â 196Â 491,2.0,0.0,-1.0,1735737,0.0,31,,0.0,2.0,1.0,B01,138Â 196Â 491,1.0
1016841,201900058372,10,22,16:45,1,2,1,3.0,3.0,31555,CUGNAUX (RUE DE) DU 41AU 149,M,"43,5913200","1,4194500",31,2019,50.0,1.0,2.0,4.0,2274139,1.0,1,4,1,0.0,,-1.0, -1,1964.0,B01,138Â 196Â 491,2.0,0.0,-1.0,1735738,0.0,7,,0.0,2.0,3.0,A01,138Â 196Â 492,1.0
1016841,201900058372,10,22,16:45,1,2,1,3.0,3.0,31555,CUGNAUX (RUE DE) DU 41AU 149,M,"43,5913200","1,4194500",31,2019,50.0,1.0,2.0,4.0,2274140,1.0,1,1,1,4.0,,-1.0, -1,1990.0,A01,138Â 196Â 492,1.0,0.0,-1.0,1735737,0.0,31,,0.0,2.0,1.0,B01,138Â 196Â 491,1.0
1016841,201900058372,10,22,16:45,1,2,1,3.0,3.0,31555,CUGNAUX (RUE DE) DU 41AU 149,M,"43,5913200","1,4194500",31,2019,50.0,1.0,2.0,4.0,2274140,1.0,1,1,1,4.0,,-1.0, -1,1990.0,A01,138Â 196Â 492,1.0,0.0,-1.0,1735738,0.0,7,,0.0,2.0,3.0,A01,138Â 196Â 492,1.0
1016842,201900058373,2,27,16:30,1,2,3,1.0,1.0,54378,D17,M,"49,4774290","5,6678710",54,2019,50.0,1.0,1.0,3.0,2274141,1.0,1,4,2,5.0,,0.0,0,1966.0,B01,138Â 196Â 489,2.0,6.0,-1.0,1735739,1.0,80,,0.0,2.0,1.0,B01,138Â 196Â 489,3.0
1016842,201900058373,2,27,16:30,1,2,3,1.0,1.0,54378,D17,M,"49,4774290","5,6678710",54,2019,50.0,1.0,1.0,3.0,2274141,1.0,1,4,2,5.0,,0.0,0,1966.0,B01,138Â 196Â 489,2.0,6.0,-1.0,1735740,2.0,7,,0.0,9.0,2.0,A01,138Â 196Â 490,0.0
1016842,201900058373,2,27,16:30,1,2,3,1.0,1.0,54378,D17,M,"49,4774290","5,6678710",54,2019,50.0,1.0,1.0,3.0,2274142,1.0,1,1,1,5.0,,0.0,0,1977.0,A01,138Â 196Â 490,1.0,-1.0,-1.0,1735739,1.0,80,,0.0,2.0,1.0,B01,138Â 196Â 489,3.0
1016842,201900058373,2,27,16:30,1,2,3,1.0,1.0,54378,D17,M,"49,4774290","5,6678710",54,2019,50.0,1.0,1.0,3.0,2274142,1.0,1,1,1,5.0,,0.0,0,1977.0,A01,138Â 196Â 490,1.0,-1.0,-1.0,1735740,2.0,7,,0.0,9.0,2.0,A01,138Â 196Â 490,0.0
1016843,201900058374,10,18,15:38,1,1,1,1.0,1.0,29232,STANGALA ROUTE DU,M,"48,0267129"," -4,0612024",29,2019,70.0,1.0,1.0,4.0,2274143,1.0,1,1,1,5.0,,-1.0, -1,1998.0,A01,138Â 196Â 487,1.0,5.0,-1.0,1735741,2.0,7,,0.0,2.0,3.0,A01,138Â 196Â 487,1.0
1016843,201900058374,10,18,15:38,1,1,1,1.0,1.0,29232,STANGALA ROUTE DU,M,"48,0267129"," -4,0612024",29,2019,70.0,1.0,1.0,4.0,2274143,1.0,1,1,1,5.0,,-1.0, -1,1998.0,A01,138Â 196Â 487,1.0,5.0,-1.0,1735742,1.0,7,,0.0,2.0,3.0,B01,138Â 196Â 488,1.0
1016843,201900058374,10,18,15:38,1,1,1,1.0,1.0,29232,STANGALA ROUTE DU,M,"48,0267129"," -4,0612024",29,2019,70.0,1.0,1.0,4.0,2274144,1.0,1,3,2,5.0,,-1.0,0,1962.0,B01,138Â 196Â 488,1.0,5.0,-1.0,1735741,2.0,7,,0.0,2.0,3.0,A01,138Â 196Â 487,1.0
1016843,201900058374,10,18,15:38,1,1,1,1.0,1.0,29232,STANGALA ROUTE DU,M,"48,0267129"," -4,0612024",29,2019,70.0,1.0,1.0,4.0,2274144,1.0,1,3,2,5.0,,-1.0,0,1962.0,B01,138Â 196Â 488,1.0,5.0,-1.0,1735742,1.0,7,,0.0,2.0,3.0,B01,138Â 196Â 488,1.0
1016844,201900058375,3,27,06:00,2,1,3,1.0,3.0,01109,RD 984,M,"46,1371520","5,9090610",1,2019,80.0,1.0,1.0,3.0,2274145,1.0,1,1,1,1.0,,0.0,0,1967.0,A01,138Â 196Â 485,1.0,-1.0,-1.0,1735743,0.0,7,,0.0,2.0,3.0,A01,138Â 196Â 485,0.0
1016844,201900058375,3,27,06:00,2,1,3,1.0,3.0,01109,RD 984,M,"46,1371520","5,9090610",1,2019,80.0,1.0,1.0,3.0,2274145,1.0,1,1,1,1.0,,0.0,0,1967.0,A01,138Â 196Â 485,1.0,-1.0,-1.0,1735744,1.0,33,,0.0,2.0,9.0,B01,138Â 196Â 486,0.0
1016844,201900058375,3,27,06:00,2,1,3,1.0,3.0,01109,RD 984,M,"46,1371520","5,9090610",1,2019,80.0,1.0,1.0,3.0,2274146,1.0,1,3,1,5.0,,0.0,0,1991.0,B01,138Â 196Â 486,2.0,-1.0,-1.0,1735743,0.0,7,,0.0,2.0,3.0,A01,138Â 196Â 485,0.0
1016844,201900058375,3,27,06:00,2,1,3,1.0,3.0,01109,RD 984,M,"46,1371520","5,9090610",1,2019,80.0,1.0,1.0,3.0,2274146,1.0,1,3,1,5.0,,0.0,0,1991.0,B01,138Â 196Â 486,2.0,-1.0,-1.0,1735744,1.0,33,,0.0,2.0,9.0,B01,138Â 196Â 486,0.0
1016845,201900058376,8,14,22:10,5,2,1,1.0,6.0,2A004,MARECHAL JUIN AVENUE,M,"41,9364500","8,7509400",2A,2019,50.0,2.0,1.0,4.0,2274147,1.0,1,1,1,0.0,,-1.0, -1,1980.0,A01,138Â 196Â 481,1.0,5.0,-1.0,1735745,1.0,7,,0.0,1.0,3.0,A01,138Â 196Â 481,1.0