Unnamed: 0_x,num_acc,mois,jour,hrmn,lum,agg,int,atm,col,com,adr,gps,lat,long,dep,annee,vma,situ,surf,catr,Unnamed: 0_y,place,catu,grav,sexe,trajet,secu,locp,actp,an_nais,num_veh_x,id_vehicule_x,secu1,secu2,secu3,Unnamed: 0,senc,catv,occutc,obs,obsm,choc,num_veh_y,id_vehicule_y,motor
1016845,201900058376,8,14,22:10,5,2,1,1.0,6.0,2A004,MARECHAL JUIN AVENUE,M,"41,9364500","8,7509400",2A,2019,50.0,2.0,1.0,4.0,2274148,10.0,3,4,1,5.0,,3.0,3,2005.0,A01,138Â 196Â 481,8.0,0.0,-1.0,1735745,1.0,7,,0.0,1.0,3.0,A01,138Â 196Â 481,1.0
1016846,201900058377,8,17,18:20,2,2,2,2.0,6.0,95585,VALERY (AVEUE PAUL),M,"48,9785200","2,3855400",95,2019,50.0,1.0,2.0,4.0,2274149,1.0,1,1,1,5.0,,-1.0,0,1986.0,B01,138Â 196Â 479,1.0,0.0,-1.0,1735746,3.0,7,,0.0,2.0,1.0,B01,138Â 196Â 479,6.0
1016846,201900058377,8,17,18:20,2,2,2,2.0,6.0,95585,VALERY (AVEUE PAUL),M,"48,9785200","2,3855400",95,2019,50.0,1.0,2.0,4.0,2274149,1.0,1,1,1,5.0,,-1.0,0,1986.0,B01,138Â 196Â 479,1.0,0.0,-1.0,1735747,1.0,7,,0.0,2.0,4.0,A01,138Â 196Â 480,6.0
1016846,201900058377,8,17,18:20,2,2,2,2.0,6.0,95585,VALERY (AVEUE PAUL),M,"48,9785200","2,3855400",95,2019,50.0,1.0,2.0,4.0,2274150,1.0,1,4,2,5.0,,-1.0,0,1991.0,A01,138Â 196Â 480,1.0,0.0,-1.0,1735746,3.0,7,,0.0,2.0,1.0,B01,138Â 196Â 479,6.0
1016846,201900058377,8,17,18:20,2,2,2,2.0,6.0,95585,VALERY (AVEUE PAUL),M,"48,9785200","2,3855400",95,2019,50.0,1.0,2.0,4.0,2274150,1.0,1,4,2,5.0,,-1.0,0,1991.0,A01,138Â 196Â 480,1.0,0.0,-1.0,1735747,1.0,7,,0.0,2.0,4.0,A01,138Â 196Â 480,6.0
1016847,201900058378,2,15,15:30,1,1,1,1.0,7.0,29184,Lieu dit Milinou,M,"48,6272180"," -3,9612980",29,2019,80.0,1.0,1.0,3.0,2274151,1.0,1,3,1,0.0,,0.0,0,1995.0,A01,138Â 196Â 484,2.0,6.0,-1.0,1735748,2.0,33,,0.0,0.0,0.0,A01,138Â 196Â 484,1.0
1016848,201900058379,3,25,18:11,1,1,1,1.0,6.0,38177,Route de l'Alpe d'Huez,M,"45,0680600","6,0419400",38,2019,80.0,1.0,1.0,3.0,2274152,1.0,1,2,1,4.0,,0.0,0,1951.0,A01,138Â 196Â 482,0.0,-1.0,-1.0,1735749,2.0,15,,13.0,0.0,2.0,A01,138Â 196Â 482,1.0
1016849,201900058380,8,15,17:15,1,2,1,1.0,4.0,95680,RUE DE PARIS,M,"49,0109400","2,3841600",95,2019,50.0,1.0,1.0,3.0,2274153,1.0,1,1,1,9.0,,-1.0,0,1984.0,A01,138Â 196Â 476,8.0,0.0,-1.0,1735750,2.0,7,,0.0,2.0,2.0,A01,138Â 196Â 476,1.0
1016849,201900058380,8,15,17:15,1,2,1,1.0,4.0,95680,RUE DE PARIS,M,"49,0109400","2,3841600",95,2019,50.0,1.0,1.0,3.0,2274153,1.0,1,1,1,9.0,,-1.0,0,1984.0,A01,138Â 196Â 476,8.0,0.0,-1.0,1735751,2.0,32,,0.0,0.0,4.0,B01,138Â 196Â 477,1.0
1016849,201900058380,8,15,17:15,1,2,1,1.0,4.0,95680,RUE DE PARIS,M,"49,0109400","2,3841600",95,2019,50.0,1.0,1.0,3.0,2274153,1.0,1,1,1,9.0,,-1.0,0,1984.0,A01,138Â 196Â 476,8.0,0.0,-1.0,1735752,2.0,7,,0.0,0.0,5.0,C01,138Â 196Â 478,1.0
1016849,201900058380,8,15,17:15,1,2,1,1.0,4.0,95680,RUE DE PARIS,M,"49,0109400","2,3841600",95,2019,50.0,1.0,1.0,3.0,2274154,1.0,1,4,1,1.0,,-1.0,0,1962.0,B01,138Â 196Â 477,2.0,6.0,-1.0,1735750,2.0,7,,0.0,2.0,2.0,A01,138Â 196Â 476,1.0
1016849,201900058380,8,15,17:15,1,2,1,1.0,4.0,95680,RUE DE PARIS,M,"49,0109400","2,3841600",95,2019,50.0,1.0,1.0,3.0,2274154,1.0,1,4,1,1.0,,-1.0,0,1962.0,B01,138Â 196Â 477,2.0,6.0,-1.0,1735751,2.0,32,,0.0,0.0,4.0,B01,138Â 196Â 477,1.0
1016849,201900058380,8,15,17:15,1,2,1,1.0,4.0,95680,RUE DE PARIS,M,"49,0109400","2,3841600",95,2019,50.0,1.0,1.0,3.0,2274154,1.0,1,4,1,1.0,,-1.0,0,1962.0,B01,138Â 196Â 477,2.0,6.0,-1.0,1735752,2.0,7,,0.0,0.0,5.0,C01,138Â 196Â 478,1.0
1016849,201900058380,8,15,17:15,1,2,1,1.0,4.0,95680,RUE DE PARIS,M,"49,0109400","2,3841600",95,2019,50.0,1.0,1.0,3.0,2274155,1.0,1,1,1,1.0,,-1.0,0,1969.0,C01,138Â 196Â 478,1.0,0.0,-1.0,1735750,2.0,7,,0.0,2.0,2.0,A01,138Â 196Â 476,1.0
1016849,201900058380,8,15,17:15,1,2,1,1.0,4.0,95680,RUE DE PARIS,M,"49,0109400","2,3841600",95,2019,50.0,1.0,1.0,3.0,2274155,1.0,1,1,1,1.0,,-1.0,0,1969.0,C01,138Â 196Â 478,1.0,0.0,-1.0,1735751,2.0,32,,0.0,0.0,4.0,B01,138Â 196Â 477,1.0
1016849,201900058380,8,15,17:15,1,2,1,1.0,4.0,95680,RUE DE PARIS,M,"49,0109400","2,3841600",95,2019,50.0,1.0,1.0,3.0,2274155,1.0,1,1,1,1.0,,-1.0,0,1969.0,C01,138Â 196Â 478,1.0,0.0,-1.0,1735752,2.0,7,,0.0,0.0,5.0,C01,138Â 196Â 478,1.0
1016850,201900058381,10,24,21:35,5,2,1,1.0,6.0,26198,ESPOULETTE (Avenue d'),M,"44,5546100","4,7595600",26,2019,50.0,1.0,1.0,3.0,2274156,10.0,3,3,1,3.0,,4.0,3,1936.0,A01,138Â 196Â 483,8.0,8.0,8.0,1735753,1.0,7,,0.0,1.0,1.0,A01,138Â 196Â 483,1.0
1016850,201900058381,10,24,21:35,5,2,1,1.0,6.0,26198,ESPOULETTE (Avenue d'),M,"44,5546100","4,7595600",26,2019,50.0,1.0,1.0,3.0,2274157,1.0,1,1,1,5.0,,0.0,0,1954.0,A01,138Â 196Â 483,1.0,8.0,-1.0,1735753,1.0,7,,0.0,1.0,1.0,A01,138Â 196Â 483,1.0
1016851,201900058382,2,16,15:15,1,1,6,1.0,7.0,29048,langelin,M,"48,1015176"," -3,9861466",29,2019,50.0,3.0,1.0,3.0,2274158,1.0,1,3,2,5.0,,0.0,0,1930.0,A01,138Â 196Â 474,1.0,-1.0,-1.0,1735754,2.0,7,,13.0,0.0,1.0,A01,138Â 196Â 474,1.0
1016852,201900058383,2,14,13:25,1,1,2,1.0,3.0,29076,Carrefour D26 carrefour de la rÃ©crÃ©e des 3 curÃ©s,M,"48,4773590"," -4,5280200",29,2019,80.0,1.0,1.0,3.0,2274159,1.0,1,4,1,1.0,,0.0,0,1964.0,B01,138Â 196Â 468,1.0,-1.0,-1.0,1735755,1.0,7,,0.0,2.0,2.0,B01,138Â 196Â 468,3.0
1016852,201900058383,2,14,13:25,1,1,2,1.0,3.0,29076,Carrefour D26 carrefour de la rÃ©crÃ©e des 3 curÃ©s,M,"48,4773590"," -4,5280200",29,2019,80.0,1.0,1.0,3.0,2274159,1.0,1,4,1,1.0,,0.0,0,1964.0,B01,138Â 196Â 468,1.0,-1.0,-1.0,1735756,1.0,7,,0.0,2.0,8.0,A01,138Â 196Â 471,1.0
1016852,201900058383,2,14,13:25,1,1,2,1.0,3.0,29076,Carrefour D26 carrefour de la rÃ©crÃ©e des 3 curÃ©s,M,"48,4773590"," -4,5280200",29,2019,80.0,1.0,1.0,3.0,2274160,1.0,1,1,1,5.0,,0.0,0,1982.0,A01,138Â 196Â 471,1.0,-1.0,-1.0,1735755,1.0,7,,0.0,2.0,2.0,B01,138Â 196Â 468,3.0
1016852,201900058383,2,14,13:25,1,1,2,1.0,3.0,29076,Carrefour D26 carrefour de la rÃ©crÃ©e des 3 curÃ©s,M,"48,4773590"," -4,5280200",29,2019,80.0,1.0,1.0,3.0,2274160,1.0,1,1,1,5.0,,0.0,0,1982.0,A01,138Â 196Â 471,1.0,-1.0,-1.0,1735756,1.0,7,,0.0,2.0,8.0,A01,138Â 196Â 471,1.0
1016853,201900058384,10,24,07:45,2,2,3,8.0,3.0,26198,DESCHAMPS (AllÃ©e Louis),M,"44,5640600","4,7387900",26,2019,50.0,1.0,2.0,4.0,2274161,1.0,1,1,1,1.0,,0.0,0,1974.0,B01,138Â 196Â 469,1.0,8.0,-1.0,1735757,3.0,7,,0.0,2.0,2.0,B01,138Â 196Â 469,1.0
1016853,201900058384,10,24,07:45,2,2,3,8.0,3.0,26198,DESCHAMPS (AllÃ©e Louis),M,"44,5640600","4,7387900",26,2019,50.0,1.0,2.0,4.0,2274161,1.0,1,1,1,1.0,,0.0,0,1974.0,B01,138Â 196Â 469,1.0,8.0,-1.0,1735758,3.0,30,,0.0,2.0,1.0,A01,138Â 196Â 470,1.0
1016853,201900058384,10,24,07:45,2,2,3,8.0,3.0,26198,DESCHAMPS (AllÃ©e Louis),M,"44,5640600","4,7387900",26,2019,50.0,1.0,2.0,4.0,2274162,1.0,1,3,1,1.0,,0.0, -1,1998.0,A01,138Â 196Â 470,2.0,8.0,-1.0,1735757,3.0,7,,0.0,2.0,2.0,B01,138Â 196Â 469,1.0
1016853,201900058384,10,24,07:45,2,2,3,8.0,3.0,26198,DESCHAMPS (AllÃ©e Louis),M,"44,5640600","4,7387900",26,2019,50.0,1.0,2.0,4.0,2274162,1.0,1,3,1,1.0,,0.0, -1,1998.0,A01,138Â 196Â 470,2.0,8.0,-1.0,1735758,3.0,30,,0.0,2.0,1.0,A01,138Â 196Â 470,1.0
1016854,201900058385,2,17,11:00,1,1,1,1.0,6.0,31304,lieu dit en bousquet,M,"43,5811400","1,7855050",31,2019,80.0,8.0,1.0,3.0,2274163,1.0,1,3,1,5.0,,0.0,0,1960.0,A01,138Â 196Â 465,1.0,-1.0,-1.0,1735759,1.0,7,,2.0,0.0,1.0,A01,138Â 196Â 465,0.0
1016855,201900058386,8,15,17:55,1,2,3,1.0,3.0,91692,GUYENNE (AVENUE),M,"48,6781900","2,1628500",91,2019,50.0,1.0,1.0,4.0,2274164,1.0,1,3,1,0.0,,0.0,0,1981.0,B01,138Â 196Â 466,8.0,0.0,-1.0,1735760,1.0,2,,0.0,2.0,2.0,B01,138Â 196Â 466,0.0
1016855,201900058386,8,15,17:55,1,2,3,1.0,3.0,91692,GUYENNE (AVENUE),M,"48,6781900","2,1628500",91,2019,50.0,1.0,1.0,4.0,2274164,1.0,1,3,1,0.0,,0.0,0,1981.0,B01,138Â 196Â 466,8.0,0.0,-1.0,1735761,1.0,7,,0.0,2.0,2.0,A01,138Â 196Â 467,0.0
1016855,201900058386,8,15,17:55,1,2,3,1.0,3.0,91692,GUYENNE (AVENUE),M,"48,6781900","2,1628500",91,2019,50.0,1.0,1.0,4.0,2274165,2.0,2,1,1,4.0,,0.0,0,1985.0,A01,138Â 196Â 467,1.0,0.0,-1.0,1735760,1.0,2,,0.0,2.0,2.0,B01,138Â 196Â 466,0.0
1016855,201900058386,8,15,17:55,1,2,3,1.0,3.0,91692,GUYENNE (AVENUE),M,"48,6781900","2,1628500",91,2019,50.0,1.0,1.0,4.0,2274165,2.0,2,1,1,4.0,,0.0,0,1985.0,A01,138Â 196Â 467,1.0,0.0,-1.0,1735761,1.0,7,,0.0,2.0,2.0,A01,138Â 196Â 467,0.0
1016855,201900058386,8,15,17:55,1,2,3,1.0,3.0,91692,GUYENNE (AVENUE),M,"48,6781900","2,1628500",91,2019,50.0,1.0,1.0,4.0,2274166,1.0,1,1,1,4.0,,0.0,0,1991.0,A01,138Â 196Â 467,1.0,0.0,-1.0,1735760,1.0,2,,0.0,2.0,2.0,B01,138Â 196Â 466,0.0
1016855,201900058386,8,15,17:55,1,2,3,1.0,3.0,91692,GUYENNE (AVENUE),M,"48,6781900","2,1628500",91,2019,50.0,1.0,1.0,4.0,2274166,1.0,1,1,1,4.0,,0.0,0,1991.0,A01,138Â 196Â 467,1.0,0.0,-1.0,1735761,1.0,7,,0.0,2.0,2.0,A01,138Â 196Â 467,0.0
1016856,201900058387,3,25,14:11,1,1,1,1.0,1.0,38068,"N85, PK 52.700",M,"45,0905300","5,7257220",38,2019,70.0,1.0,1.0,2.0,2274167,1.0,1,1,1,4.0,,0.0,0,1991.0,B01,138Â 196Â 462,1.0,-1.0,-1.0,1735762,2.0,38,1.0,0.0,2.0,3.0,B01,138Â 196Â 462,1.0
1016856,201900058387,3,25,14:11,1,1,1,1.0,1.0,38068,"N85, PK 52.700",M,"45,0905300","5,7257220",38,2019,70.0,1.0,1.0,2.0,2274167,1.0,1,1,1,4.0,,0.0,0,1991.0,B01,138Â 196Â 462,1.0,-1.0,-1.0,1735763,1.0,7,,0.0,2.0,1.0,A01,138Â 196Â 463,1.0
1016856,201900058387,3,25,14:11,1,1,1,1.0,1.0,38068,"N85, PK 52.700",M,"45,0905300","5,7257220",38,2019,70.0,1.0,1.0,2.0,2274168,1.0,1,3,2,1.0,,0.0,0,1996.0,A01,138Â 196Â 463,1.0,-1.0,-1.0,1735762,2.0,38,1.0,0.0,2.0,3.0,B01,138Â 196Â 462,1.0
1016856,201900058387,3,25,14:11,1,1,1,1.0,1.0,38068,"N85, PK 52.700",M,"45,0905300","5,7257220",38,2019,70.0,1.0,1.0,2.0,2274168,1.0,1,3,2,1.0,,0.0,0,1996.0,A01,138Â 196Â 463,1.0,-1.0,-1.0,1735763,1.0,7,,0.0,2.0,1.0,A01,138Â 196Â 463,1.0
1016857,201900058388,2,15,23:35,3,1,1,1.0,2.0,31280,lieu dit peyrot,M,"43,2411250","1,2677600",31,2019,80.0,1.0,1.0,3.0,2274169,1.0,1,2,1,5.0,,0.0,0,1958.0,B01,138Â 196Â 459,2.0,-1.0,-1.0,1735764,2.0,2,,0.0,2.0,4.0,B01,138Â 196Â 459,1.0
1016857,201900058388,2,15,23:35,3,1,1,1.0,2.0,31280,lieu dit peyrot,M,"43,2411250","1,2677600",31,2019,80.0,1.0,1.0,3.0,2274169,1.0,1,2,1,5.0,,0.0,0,1958.0,B01,138Â 196Â 459,2.0,-1.0,-1.0,1735765,2.0,7,,0.0,2.0,2.0,A01,138Â 196Â 461,1.0
1016857,201900058388,2,15,23:35,3,1,1,1.0,2.0,31280,lieu dit peyrot,M,"43,2411250","1,2677600",31,2019,80.0,1.0,1.0,3.0,2274170,1.0,1,1,1,5.0,,0.0,0,1955.0,A01,138Â 196Â 461,1.0,-1.0,-1.0,1735764,2.0,2,,0.0,2.0,4.0,B01,138Â 196Â 459,1.0
1016857,201900058388,2,15,23:35,3,1,1,1.0,2.0,31280,lieu dit peyrot,M,"43,2411250","1,2677600",31,2019,80.0,1.0,1.0,3.0,2274170,1.0,1,1,1,5.0,,0.0,0,1955.0,A01,138Â 196Â 461,1.0,-1.0,-1.0,1735765,2.0,7,,0.0,2.0,2.0,A01,138Â 196Â 461,1.0
1016858,201900058389,3,23,16:40,1,1,6,1.0,2.0,83019,Avenue Lou Mistraou,M,"43,1517410","6,3116400",83,2019,70.0,1.0,1.0,3.0,2274171,1.0,1,4,1,5.0,,0.0,0,1975.0,A01,138Â 196Â 451,2.0,6.0,-1.0,1735766,1.0,34,,0.0,2.0,4.0,A01,138Â 196Â 451,1.0
1016858,201900058389,3,23,16:40,1,1,6,1.0,2.0,83019,Avenue Lou Mistraou,M,"43,1517410","6,3116400",83,2019,70.0,1.0,1.0,3.0,2274171,1.0,1,4,1,5.0,,0.0,0,1975.0,A01,138Â 196Â 451,2.0,6.0,-1.0,1735767,2.0,7,,0.0,2.0,3.0,B01,138Â 196Â 456,1.0
1016858,201900058389,3,23,16:40,1,1,6,1.0,2.0,83019,Avenue Lou Mistraou,M,"43,1517410","6,3116400",83,2019,70.0,1.0,1.0,3.0,2274172,2.0,2,4,2,5.0,,0.0,0,1977.0,A01,138Â 196Â 451,2.0,6.0,-1.0,1735766,1.0,34,,0.0,2.0,4.0,A01,138Â 196Â 451,1.0
1016858,201900058389,3,23,16:40,1,1,6,1.0,2.0,83019,Avenue Lou Mistraou,M,"43,1517410","6,3116400",83,2019,70.0,1.0,1.0,3.0,2274172,2.0,2,4,2,5.0,,0.0,0,1977.0,A01,138Â 196Â 451,2.0,6.0,-1.0,1735767,2.0,7,,0.0,2.0,3.0,B01,138Â 196Â 456,1.0
1016858,201900058389,3,23,16:40,1,1,6,1.0,2.0,83019,Avenue Lou Mistraou,M,"43,1517410","6,3116400",83,2019,70.0,1.0,1.0,3.0,2274173,1.0,1,1,1,0.0,,0.0,0,1995.0,B01,138Â 196Â 456,1.0,-1.0,-1.0,1735766,1.0,34,,0.0,2.0,4.0,A01,138Â 196Â 451,1.0
1016858,201900058389,3,23,16:40,1,1,6,1.0,2.0,83019,Avenue Lou Mistraou,M,"43,1517410","6,3116400",83,2019,70.0,1.0,1.0,3.0,2274173,1.0,1,1,1,0.0,,0.0,0,1995.0,B01,138Â 196Â 456,1.0,-1.0,-1.0,1735767,2.0,7,,0.0,2.0,3.0,B01,138Â 196Â 456,1.0
1016859,201900058390,3,27,09:45,1,2,7,1.0,6.0,87107,Place Ãmile Foussat,M,"45,9243630","1,1710230",87,2019,50.0,3.0,1.0,3.0,2274174,1.0,1,1,1,5.0,,0.0,0,1950.0,A01,138Â 196Â 449,1.0,-1.0,-1.0,1735768,1.0,7,,0.0,1.0,4.0,A01,138Â 196Â 449,0.0
1016859,201900058390,3,27,09:45,1,2,7,1.0,6.0,87107,Place Ãmile Foussat,M,"45,9243630","1,1710230",87,2019,50.0,3.0,1.0,3.0,2274175,10.0,3,4,2,5.0,,6.0,9,1939.0,A01,138Â 196Â 449,0.0,-1.0,-1.0,1735768,1.0,7,,0.0,1.0,4.0,A01,138Â 196Â 449,0.0
1016860,201900058391,2,16,16:10,1,1,6,1.0,3.0,38095,carrefour 1092 / 71 et 20,M,"45,1242170","5,2805210",38,2019,70.0,1.0,1.0,3.0,2274176,1.0,1,1,1,5.0,,0.0,0,1931.0,A01,138Â 196Â 444,1.0,-1.0,-1.0,1735769,3.0,7,,0.0,2.0,2.0,A01,138Â 196Â 444,1.0
1016860,201900058391,2,16,16:10,1,1,6,1.0,3.0,38095,carrefour 1092 / 71 et 20,M,"45,1242170","5,2805210",38,2019,70.0,1.0,1.0,3.0,2274176,1.0,1,1,1,5.0,,0.0,0,1931.0,A01,138Â 196Â 444,1.0,-1.0,-1.0,1735770,3.0,33,,0.0,2.0,7.0,B01,138Â 196Â 446,1.0
1016860,201900058391,2,16,16:10,1,1,6,1.0,3.0,38095,carrefour 1092 / 71 et 20,M,"45,1242170","5,2805210",38,2019,70.0,1.0,1.0,3.0,2274177,2.0,2,1,2,5.0,,0.0,0,1932.0,A01,138Â 196Â 444,1.0,-1.0,-1.0,1735769,3.0,7,,0.0,2.0,2.0,A01,138Â 196Â 444,1.0
1016860,201900058391,2,16,16:10,1,1,6,1.0,3.0,38095,carrefour 1092 / 71 et 20,M,"45,1242170","5,2805210",38,2019,70.0,1.0,1.0,3.0,2274177,2.0,2,1,2,5.0,,0.0,0,1932.0,A01,138Â 196Â 444,1.0,-1.0,-1.0,1735770,3.0,33,,0.0,2.0,7.0,B01,138Â 196Â 446,1.0
1016860,201900058391,2,16,16:10,1,1,6,1.0,3.0,38095,carrefour 1092 / 71 et 20,M,"45,1242170","5,2805210",38,2019,70.0,1.0,1.0,3.0,2274178,1.0,1,4,1,5.0,,0.0,0,1968.0,B01,138Â 196Â 446,2.0,6.0,-1.0,1735769,3.0,7,,0.0,2.0,2.0,A01,138Â 196Â 444,1.0
1016860,201900058391,2,16,16:10,1,1,6,1.0,3.0,38095,carrefour 1092 / 71 et 20,M,"45,1242170","5,2805210",38,2019,70.0,1.0,1.0,3.0,2274178,1.0,1,4,1,5.0,,0.0,0,1968.0,B01,138Â 196Â 446,2.0,6.0,-1.0,1735770,3.0,33,,0.0,2.0,7.0,B01,138Â 196Â 446,1.0
1016861,201900058392,8,13,14:00,1,2,3,1.0,3.0,91201,HENRI BARBUSSE(BOULEVARD),M,"48,6753100","2,4114700",91,2019,50.0,1.0,1.0,4.0,2274179,1.0,1,1,1,4.0,,0.0,0,1976.0,B01,138Â 196Â 447,1.0,0.0,-1.0,1735771,1.0,10,,0.0,2.0,3.0,B01,138Â 196Â 447,1.0
1016861,201900058392,8,13,14:00,1,2,3,1.0,3.0,91201,HENRI BARBUSSE(BOULEVARD),M,"48,6753100","2,4114700",91,2019,50.0,1.0,1.0,4.0,2274179,1.0,1,1,1,4.0,,0.0,0,1976.0,B01,138Â 196Â 447,1.0,0.0,-1.0,1735772,1.0,30,,0.0,2.0,1.0,A01,138Â 196Â 448,1.0
1016861,201900058392,8,13,14:00,1,2,3,1.0,3.0,91201,HENRI BARBUSSE(BOULEVARD),M,"48,6753100","2,4114700",91,2019,50.0,1.0,1.0,4.0,2274180,1.0,1,4,1,5.0,,0.0,0,2004.0,A01,138Â 196Â 448,2.0,8.0,-1.0,1735771,1.0,10,,0.0,2.0,3.0,B01,138Â 196Â 447,1.0
1016861,201900058392,8,13,14:00,1,2,3,1.0,3.0,91201,HENRI BARBUSSE(BOULEVARD),M,"48,6753100","2,4114700",91,2019,50.0,1.0,1.0,4.0,2274180,1.0,1,4,1,5.0,,0.0,0,2004.0,A01,138Â 196Â 448,2.0,8.0,-1.0,1735772,1.0,30,,0.0,2.0,1.0,A01,138Â 196Â 448,1.0
1016862,201900058393,3,23,17:00,1,1,1,1.0,2.0,57041,Route de Beuvillers,M,"49,4150380","5,9379200",57,2019,80.0,1.0,1.0,3.0,2274181,1.0,1,4,1,5.0,,0.0,0,1963.0,B01,138Â 196Â 443,2.0,-1.0,-1.0,1735773,2.0,1,,0.0,2.0,1.0,B01,138Â 196Â 443,5.0
1016862,201900058393,3,23,17:00,1,1,1,1.0,2.0,57041,Route de Beuvillers,M,"49,4150380","5,9379200",57,2019,80.0,1.0,1.0,3.0,2274181,1.0,1,4,1,5.0,,0.0,0,1963.0,B01,138Â 196Â 443,2.0,-1.0,-1.0,1735774,2.0,7,,0.0,0.0,5.0,A01,138Â 196Â 445,1.0
1016862,201900058393,3,23,17:00,1,1,1,1.0,2.0,57041,Route de Beuvillers,M,"49,4150380","5,9379200",57,2019,80.0,1.0,1.0,3.0,2274182,1.0,1,1,1,5.0,,0.0,0,1959.0,A01,138Â 196Â 445,1.0,-1.0,-1.0,1735773,2.0,1,,0.0,2.0,1.0,B01,138Â 196Â 443,5.0
1016862,201900058393,3,23,17:00,1,1,1,1.0,2.0,57041,Route de Beuvillers,M,"49,4150380","5,9379200",57,2019,80.0,1.0,1.0,3.0,2274182,1.0,1,1,1,5.0,,0.0,0,1959.0,A01,138Â 196Â 445,1.0,-1.0,-1.0,1735774,2.0,7,,0.0,0.0,5.0,A01,138Â 196Â 445,1.0
1016863,201900058394,10,23,08:02,2,2,1,1.0,6.0,14118,MAGASIN A POUDRE (RUE DU),M,"49,1911300"," -0,3676100",14,2019,50.0,1.0,1.0,4.0,2274183,10.0,3,4,2,1.0,,1.0,3,2000.0,A01,138Â 196Â 453,8.0,0.0,-1.0,1735775,1.0,7,,0.0,1.0,1.0,A01,138Â 196Â 453,1.0
1016863,201900058394,10,23,08:02,2,2,1,1.0,6.0,14118,MAGASIN A POUDRE (RUE DU),M,"49,1911300"," -0,3676100",14,2019,50.0,1.0,1.0,4.0,2274184,1.0,1,1,2,1.0,,0.0,0,1990.0,A01,138Â 196Â 453,1.0,0.0,-1.0,1735775,1.0,7,,0.0,1.0,1.0,A01,138Â 196Â 453,1.0
1016864,201900058395,2,16,01:45,3,1,1,1.0,6.0,38269,N 85,M,"44,9347100","5,7814800",38,2019,80.0,3.0,1.0,2.0,2274185,1.0,1,3,1,0.0,,0.0,0,1988.0,A01,138Â 196Â 439,1.0,-1.0,-1.0,1735776,2.0,7,,2.0,0.0,7.0,A01,138Â 196Â 439,1.0
1016864,201900058395,2,16,01:45,3,1,1,1.0,6.0,38269,N 85,M,"44,9347100","5,7814800",38,2019,80.0,3.0,1.0,2.0,2274186,2.0,2,2,2,5.0,,0.0,0,1992.0,A01,138Â 196Â 439,1.0,-1.0,-1.0,1735776,2.0,7,,2.0,0.0,7.0,A01,138Â 196Â 439,1.0
1016865,201900058396,2,14,14:45,1,1,2,7.0,1.0,02295,croisement route nationale 2 et D772 lieu dit LA CHAUSSEE,M,"49,8790220","3,9065080",2,2019,-1.0,1.0,1.0,2.0,2274187,2.0,2,4,2,5.0,,0.0,0,1957.0,B01,138Â 196Â 437,1.0,-1.0,-1.0,1735777,2.0,7,,0.0,2.0,1.0,B01,138Â 196Â 437,1.0
1016865,201900058396,2,14,14:45,1,1,2,7.0,1.0,02295,croisement route nationale 2 et D772 lieu dit LA CHAUSSEE,M,"49,8790220","3,9065080",2,2019,-1.0,1.0,1.0,2.0,2274187,2.0,2,4,2,5.0,,0.0,0,1957.0,B01,138Â 196Â 437,1.0,-1.0,-1.0,1735778,1.0,7,,0.0,2.0,1.0,A01,138Â 196Â 438,1.0
1016865,201900058396,2,14,14:45,1,1,2,7.0,1.0,02295,croisement route nationale 2 et D772 lieu dit LA CHAUSSEE,M,"49,8790220","3,9065080",2,2019,-1.0,1.0,1.0,2.0,2274188,1.0,1,1,1,5.0,,0.0,0,1988.0,B01,138Â 196Â 437,1.0,-1.0,-1.0,1735777,2.0,7,,0.0,2.0,1.0,B01,138Â 196Â 437,1.0
1016865,201900058396,2,14,14:45,1,1,2,7.0,1.0,02295,croisement route nationale 2 et D772 lieu dit LA CHAUSSEE,M,"49,8790220","3,9065080",2,2019,-1.0,1.0,1.0,2.0,2274188,1.0,1,1,1,5.0,,0.0,0,1988.0,B01,138Â 196Â 437,1.0,-1.0,-1.0,1735778,1.0,7,,0.0,2.0,1.0,A01,138Â 196Â 438,1.0
1016865,201900058396,2,14,14:45,1,1,2,7.0,1.0,02295,croisement route nationale 2 et D772 lieu dit LA CHAUSSEE,M,"49,8790220","3,9065080",2,2019,-1.0,1.0,1.0,2.0,2274189,1.0,1,1,2,4.0,,0.0,0,1967.0,A01,138Â 196Â 438,1.0,-1.0,-1.0,1735777,2.0,7,,0.0,2.0,1.0,B01,138Â 196Â 437,1.0
1016865,201900058396,2,14,14:45,1,1,2,7.0,1.0,02295,croisement route nationale 2 et D772 lieu dit LA CHAUSSEE,M,"49,8790220","3,9065080",2,2019,-1.0,1.0,1.0,2.0,2274189,1.0,1,1,2,4.0,,0.0,0,1967.0,A01,138Â 196Â 438,1.0,-1.0,-1.0,1735778,1.0,7,,0.0,2.0,1.0,A01,138Â 196Â 438,1.0
1016866,201900058397,3,24,00:48,3,1,1,1.0,2.0,59151,ROUTE DÃPARTEMENTALE 936,M,"50,2583700","4,0388160",59,2019,80.0,1.0,1.0,3.0,2274190,1.0,1,4,1,9.0,,0.0,0,1987.0,A01,138Â 196Â 441,1.0,-1.0,-1.0,1735779,2.0,7,,13.0,0.0,4.0,A01,138Â 196Â 441,1.0