Unnamed: 0_x,num_acc,mois,jour,hrmn,lum,agg,int,atm,col,com,adr,gps,lat,long,dep,annee,vma,situ,surf,catr,Unnamed: 0_y,place,catu,grav,sexe,trajet,secu,locp,actp,an_nais,num_veh_x,id_vehicule_x,secu1,secu2,secu3,Unnamed: 0,senc,catv,occutc,obs,obsm,choc,num_veh_y,id_vehicule_y,motor
1016866,201900058397,3,24,00:48,3,1,1,1.0,2.0,59151,ROUTE DÃPARTEMENTALE 936,M,"50,2583700","4,0388160",59,2019,80.0,1.0,1.0,3.0,2274190,1.0,1,4,1,9.0,,0.0,0,1987.0,A01,138Â 196Â 441,1.0,-1.0,-1.0,1735780,2.0,7,,0.0,2.0,1.0,B01,138Â 196Â 442,1.0
1016866,201900058397,3,24,00:48,3,1,1,1.0,2.0,59151,ROUTE DÃPARTEMENTALE 936,M,"50,2583700","4,0388160",59,2019,80.0,1.0,1.0,3.0,2274191,1.0,1,4,1,0.0,,0.0,0,1989.0,B01,138Â 196Â 442,1.0,-1.0,-1.0,1735779,2.0,7,,13.0,0.0,4.0,A01,138Â 196Â 441,1.0
1016866,201900058397,3,24,00:48,3,1,1,1.0,2.0,59151,ROUTE DÃPARTEMENTALE 936,M,"50,2583700","4,0388160",59,2019,80.0,1.0,1.0,3.0,2274191,1.0,1,4,1,0.0,,0.0,0,1989.0,B01,138Â 196Â 442,1.0,-1.0,-1.0,1735780,2.0,7,,0.0,2.0,1.0,B01,138Â 196Â 442,1.0
1016867,201900058398,2,16,15:50,1,1,1,1.0,7.0,02476,Route DÃ©partementale 28,M,"50,0055700","3,5618110",2,2019,80.0,3.0,1.0,3.0,2274192,1.0,1,3,1,5.0,,0.0,0,1968.0,A01,138Â 196Â 436,2.0,6.0,9.0,1735781,1.0,33,,13.0,0.0,0.0,A01,138Â 196Â 436,1.0
1016868,201900058399,8,14,22:10,5,2,1,1.0,7.0,91339,BENOIST ROBERT (AVENUE),M,"48,6362800","2,2666500",91,2019,50.0,3.0,1.0,2.0,2274193,1.0,1,4,1,0.0,,0.0,0,1963.0,A01,138Â 196Â 440,1.0,8.0,-1.0,1735782,2.0,7,,2.0,0.0,1.0,A01,138Â 196Â 440,1.0
1016869,201900058400,3,26,17:45,1,1,1,1.0,6.0,19136,DerriÃ¨re le Bois,M,"45,5558970","2,1785970",19,2019,80.0,3.0,1.0,3.0,2274194,1.0,1,3,1,5.0,,0.0,0,1969.0,A01,138Â 196Â 435,0.0,-1.0,-1.0,1735783,2.0,33,,13.0,0.0,8.0,A01,138Â 196Â 435,0.0
1016870,201900058401,2,15,21:20,3,1,9,1.0,6.0,02571,Route dÃ©partementale 8,M,"49,8807090","3,3046400",2,2019,80.0,3.0,1.0,3.0,2274195,1.0,1,3,1,5.0,,0.0,0,1977.0,A01,138Â 196Â 434,0.0,-1.0,-1.0,1735784,2.0,7,,13.0,0.0,1.0,A01,138Â 196Â 434,1.0
1016871,201900058402,8,12,14:25,1,2,1,1.0,6.0,88160,NOTRE-DAME-DE LORETTE (RUE DE),M,"48,1763000","6,4377000",88,2019,50.0,1.0,1.0,4.0,2274196,10.0,3,3,1,5.0,,2.0,3,2003.0,A01,138Â 196Â 433,8.0,0.0,-1.0,1735785,1.0,7,,0.0,1.0,1.0,A01,138Â 196Â 433,1.0
1016871,201900058402,8,12,14:25,1,2,1,1.0,6.0,88160,NOTRE-DAME-DE LORETTE (RUE DE),M,"48,1763000","6,4377000",88,2019,50.0,1.0,1.0,4.0,2274197,1.0,1,1,1,5.0,,0.0,0,1973.0,A01,138Â 196Â 433,1.0,0.0,-1.0,1735785,1.0,7,,0.0,1.0,1.0,A01,138Â 196Â 433,1.0
1016872,201900058403,3,26,17:10,1,2,3,1.0,5.0,82072,23 Avenue du midi,M,"44,1132120","0,8539100",82,2019,50.0,1.0,1.0,3.0,2274198,1.0,1,1,1,1.0,,0.0,0,1996.0,C01,138Â 196Â 429,1.0,-1.0,-1.0,1735786,0.0,10,,0.0,2.0,1.0,C01,138Â 196Â 429,1.0
1016872,201900058403,3,26,17:10,1,2,3,1.0,5.0,82072,23 Avenue du midi,M,"44,1132120","0,8539100",82,2019,50.0,1.0,1.0,3.0,2274198,1.0,1,1,1,1.0,,0.0,0,1996.0,C01,138Â 196Â 429,1.0,-1.0,-1.0,1735787,1.0,7,,0.0,2.0,1.0,A01,138Â 196Â 431,1.0
1016872,201900058403,3,26,17:10,1,2,3,1.0,5.0,82072,23 Avenue du midi,M,"44,1132120","0,8539100",82,2019,50.0,1.0,1.0,3.0,2274198,1.0,1,1,1,1.0,,0.0,0,1996.0,C01,138Â 196Â 429,1.0,-1.0,-1.0,1735788,2.0,30,,0.0,2.0,7.0,B01,138Â 196Â 432,1.0
1016872,201900058403,3,26,17:10,1,2,3,1.0,5.0,82072,23 Avenue du midi,M,"44,1132120","0,8539100",82,2019,50.0,1.0,1.0,3.0,2274199,1.0,1,1,1,5.0,,0.0,0,1997.0,A01,138Â 196Â 431,1.0,-1.0,-1.0,1735786,0.0,10,,0.0,2.0,1.0,C01,138Â 196Â 429,1.0
1016872,201900058403,3,26,17:10,1,2,3,1.0,5.0,82072,23 Avenue du midi,M,"44,1132120","0,8539100",82,2019,50.0,1.0,1.0,3.0,2274199,1.0,1,1,1,5.0,,0.0,0,1997.0,A01,138Â 196Â 431,1.0,-1.0,-1.0,1735787,1.0,7,,0.0,2.0,1.0,A01,138Â 196Â 431,1.0
1016872,201900058403,3,26,17:10,1,2,3,1.0,5.0,82072,23 Avenue du midi,M,"44,1132120","0,8539100",82,2019,50.0,1.0,1.0,3.0,2274199,1.0,1,1,1,5.0,,0.0,0,1997.0,A01,138Â 196Â 431,1.0,-1.0,-1.0,1735788,2.0,30,,0.0,2.0,7.0,B01,138Â 196Â 432,1.0
1016872,201900058403,3,26,17:10,1,2,3,1.0,5.0,82072,23 Avenue du midi,M,"44,1132120","0,8539100",82,2019,50.0,1.0,1.0,3.0,2274200,2.0,2,1,2,5.0,,0.0,0,2000.0,A01,138Â 196Â 431,1.0,-1.0,-1.0,1735786,0.0,10,,0.0,2.0,1.0,C01,138Â 196Â 429,1.0
1016872,201900058403,3,26,17:10,1,2,3,1.0,5.0,82072,23 Avenue du midi,M,"44,1132120","0,8539100",82,2019,50.0,1.0,1.0,3.0,2274200,2.0,2,1,2,5.0,,0.0,0,2000.0,A01,138Â 196Â 431,1.0,-1.0,-1.0,1735787,1.0,7,,0.0,2.0,1.0,A01,138Â 196Â 431,1.0
1016872,201900058403,3,26,17:10,1,2,3,1.0,5.0,82072,23 Avenue du midi,M,"44,1132120","0,8539100",82,2019,50.0,1.0,1.0,3.0,2274200,2.0,2,1,2,5.0,,0.0,0,2000.0,A01,138Â 196Â 431,1.0,-1.0,-1.0,1735788,2.0,30,,0.0,2.0,7.0,B01,138Â 196Â 432,1.0
1016872,201900058403,3,26,17:10,1,2,3,1.0,5.0,82072,23 Avenue du midi,M,"44,1132120","0,8539100",82,2019,50.0,1.0,1.0,3.0,2274201,1.0,1,3,1,1.0,,0.0,0,1963.0,B01,138Â 196Â 432,2.0,-1.0,-1.0,1735786,0.0,10,,0.0,2.0,1.0,C01,138Â 196Â 429,1.0
1016872,201900058403,3,26,17:10,1,2,3,1.0,5.0,82072,23 Avenue du midi,M,"44,1132120","0,8539100",82,2019,50.0,1.0,1.0,3.0,2274201,1.0,1,3,1,1.0,,0.0,0,1963.0,B01,138Â 196Â 432,2.0,-1.0,-1.0,1735787,1.0,7,,0.0,2.0,1.0,A01,138Â 196Â 431,1.0
1016872,201900058403,3,26,17:10,1,2,3,1.0,5.0,82072,23 Avenue du midi,M,"44,1132120","0,8539100",82,2019,50.0,1.0,1.0,3.0,2274201,1.0,1,3,1,1.0,,0.0,0,1963.0,B01,138Â 196Â 432,2.0,-1.0,-1.0,1735788,2.0,30,,0.0,2.0,7.0,B01,138Â 196Â 432,1.0
1016873,201900058404,8,16,07:41,2,2,1,1.0,6.0,87085,GARIBALDI (AVENUE),M,"45,8382300","1,2586900",87,2019,50.0,1.0,1.0,4.0,2274202,1.0,1,1,1,5.0,,0.0,0,1953.0,A01,138Â 196Â 427,1.0,0.0,-1.0,1735789,1.0,7,,0.0,2.0,3.0,A01,138Â 196Â 427,1.0
1016873,201900058404,8,16,07:41,2,2,1,1.0,6.0,87085,GARIBALDI (AVENUE),M,"45,8382300","1,2586900",87,2019,50.0,1.0,1.0,4.0,2274202,1.0,1,1,1,5.0,,0.0,0,1953.0,A01,138Â 196Â 427,1.0,0.0,-1.0,1735790,1.0,2,,0.0,2.0,1.0,B01,138Â 196Â 428,1.0
1016873,201900058404,8,16,07:41,2,2,1,1.0,6.0,87085,GARIBALDI (AVENUE),M,"45,8382300","1,2586900",87,2019,50.0,1.0,1.0,4.0,2274203,1.0,1,4,1,1.0,,0.0,0,1995.0,B01,138Â 196Â 428,2.0,6.0,-1.0,1735789,1.0,7,,0.0,2.0,3.0,A01,138Â 196Â 427,1.0
1016873,201900058404,8,16,07:41,2,2,1,1.0,6.0,87085,GARIBALDI (AVENUE),M,"45,8382300","1,2586900",87,2019,50.0,1.0,1.0,4.0,2274203,1.0,1,4,1,1.0,,0.0,0,1995.0,B01,138Â 196Â 428,2.0,6.0,-1.0,1735790,1.0,2,,0.0,2.0,1.0,B01,138Â 196Â 428,1.0
1016874,201900058405,3,27,11:30,1,2,3,7.0,3.0,33305,La Gare,M,"44,4625500"," -0,2916900",33,2019,70.0,1.0,1.0,3.0,2274204,1.0,1,3,1,5.0,,0.0,0,1972.0,B01,138Â 196Â 424,2.0,-1.0,-1.0,1735791,1.0,1,,0.0,2.0,3.0,B01,138Â 196Â 424,5.0
1016874,201900058405,3,27,11:30,1,2,3,7.0,3.0,33305,La Gare,M,"44,4625500"," -0,2916900",33,2019,70.0,1.0,1.0,3.0,2274204,1.0,1,3,1,5.0,,0.0,0,1972.0,B01,138Â 196Â 424,2.0,-1.0,-1.0,1735792,1.0,7,,0.0,2.0,2.0,A01,138Â 196Â 426,1.0
1016874,201900058405,3,27,11:30,1,2,3,7.0,3.0,33305,La Gare,M,"44,4625500"," -0,2916900",33,2019,70.0,1.0,1.0,3.0,2274205,1.0,1,1,1,4.0,,0.0,0,1989.0,A01,138Â 196Â 426,1.0,-1.0,-1.0,1735791,1.0,1,,0.0,2.0,3.0,B01,138Â 196Â 424,5.0
1016874,201900058405,3,27,11:30,1,2,3,7.0,3.0,33305,La Gare,M,"44,4625500"," -0,2916900",33,2019,70.0,1.0,1.0,3.0,2274205,1.0,1,1,1,4.0,,0.0,0,1989.0,A01,138Â 196Â 426,1.0,-1.0,-1.0,1735792,1.0,7,,0.0,2.0,2.0,A01,138Â 196Â 426,1.0
1016875,201900058406,3,27,01:10,5,2,1,1.0,2.0,69066,12 Rue AimÃ© Christophe (Pont-Trambouze),M,"46,0689300","4,3162100",69,2019,50.0,1.0,1.0,3.0,2274206,2.0,2,3,1,5.0,,0.0,0,2002.0,A01,138Â 196Â 420,1.0,-1.0,-1.0,1735793,1.0,7,,6.0,0.0,9.0,A01,138Â 196Â 420,1.0
1016875,201900058406,3,27,01:10,5,2,1,1.0,2.0,69066,12 Rue AimÃ© Christophe (Pont-Trambouze),M,"46,0689300","4,3162100",69,2019,50.0,1.0,1.0,3.0,2274206,2.0,2,3,1,5.0,,0.0,0,2002.0,A01,138Â 196Â 420,1.0,-1.0,-1.0,1735794,1.0,7,,0.0,2.0,1.0,B01,138Â 196Â 422,1.0
1016875,201900058406,3,27,01:10,5,2,1,1.0,2.0,69066,12 Rue AimÃ© Christophe (Pont-Trambouze),M,"46,0689300","4,3162100",69,2019,50.0,1.0,1.0,3.0,2274207,1.0,1,1,1,5.0,,0.0,0,1999.0,A01,138Â 196Â 420,1.0,-1.0,-1.0,1735793,1.0,7,,6.0,0.0,9.0,A01,138Â 196Â 420,1.0
1016875,201900058406,3,27,01:10,5,2,1,1.0,2.0,69066,12 Rue AimÃ© Christophe (Pont-Trambouze),M,"46,0689300","4,3162100",69,2019,50.0,1.0,1.0,3.0,2274207,1.0,1,1,1,5.0,,0.0,0,1999.0,A01,138Â 196Â 420,1.0,-1.0,-1.0,1735794,1.0,7,,0.0,2.0,1.0,B01,138Â 196Â 422,1.0
1016875,201900058406,3,27,01:10,5,2,1,1.0,2.0,69066,12 Rue AimÃ© Christophe (Pont-Trambouze),M,"46,0689300","4,3162100",69,2019,50.0,1.0,1.0,3.0,2274208,1.0,1,1,2,5.0,,0.0,0,2000.0,B01,138Â 196Â 422,1.0,-1.0,-1.0,1735793,1.0,7,,6.0,0.0,9.0,A01,138Â 196Â 420,1.0
1016875,201900058406,3,27,01:10,5,2,1,1.0,2.0,69066,12 Rue AimÃ© Christophe (Pont-Trambouze),M,"46,0689300","4,3162100",69,2019,50.0,1.0,1.0,3.0,2274208,1.0,1,1,2,5.0,,0.0,0,2000.0,B01,138Â 196Â 422,1.0,-1.0,-1.0,1735794,1.0,7,,0.0,2.0,1.0,B01,138Â 196Â 422,1.0
1016876,201900058407,2,16,18:00,1,2,2,1.0,3.0,02173,rue des dÃ©portÃ©s,M,"49,6157730","3,2179080",2,2019,50.0,1.0,1.0,4.0,2274209,1.0,1,1,1,5.0,,0.0,0,1986.0,A01,138Â 196Â 417,1.0,-1.0,-1.0,1735795,1.0,10,,0.0,2.0,1.0,A01,138Â 196Â 417,1.0
1016876,201900058407,2,16,18:00,1,2,2,1.0,3.0,02173,rue des dÃ©portÃ©s,M,"49,6157730","3,2179080",2,2019,50.0,1.0,1.0,4.0,2274209,1.0,1,1,1,5.0,,0.0,0,1986.0,A01,138Â 196Â 417,1.0,-1.0,-1.0,1735796,0.0,7,,0.0,0.0,8.0,B01,138Â 196Â 430,1.0
1016876,201900058407,2,16,18:00,1,2,2,1.0,3.0,02173,rue des dÃ©portÃ©s,M,"49,6157730","3,2179080",2,2019,50.0,1.0,1.0,4.0,2274210,1.0,1,4,1,5.0,,0.0,0,1998.0,B01,138Â 196Â 430,1.0,-1.0,-1.0,1735795,1.0,10,,0.0,2.0,1.0,A01,138Â 196Â 417,1.0
1016876,201900058407,2,16,18:00,1,2,2,1.0,3.0,02173,rue des dÃ©portÃ©s,M,"49,6157730","3,2179080",2,2019,50.0,1.0,1.0,4.0,2274210,1.0,1,4,1,5.0,,0.0,0,1998.0,B01,138Â 196Â 430,1.0,-1.0,-1.0,1735796,0.0,7,,0.0,0.0,8.0,B01,138Â 196Â 430,1.0
1016877,201900058408,3,24,03:30,3,2,1,1.0,6.0,71014,20 rue Saint-Antoine,M,"46,9476180","4,3016570",71,2019,50.0,4.0,1.0,4.0,2274211,1.0,1,1,1,5.0,,0.0,0,1991.0,A01,138Â 196Â 415,1.0,-1.0,-1.0,1735797,1.0,7,,6.0,0.0,3.0,A01,138Â 196Â 415,1.0
1016877,201900058408,3,24,03:30,3,2,1,1.0,6.0,71014,20 rue Saint-Antoine,M,"46,9476180","4,3016570",71,2019,50.0,4.0,1.0,4.0,2274212,9.0,2,3,1,5.0,,0.0,0,2017.0,A01,138Â 196Â 415,3.0,-1.0,-1.0,1735797,1.0,7,,6.0,0.0,3.0,A01,138Â 196Â 415,1.0
1016877,201900058408,3,24,03:30,3,2,1,1.0,6.0,71014,20 rue Saint-Antoine,M,"46,9476180","4,3016570",71,2019,50.0,4.0,1.0,4.0,2274213,2.0,2,1,2,5.0,,0.0,0,1992.0,A01,138Â 196Â 415,1.0,-1.0,-1.0,1735797,1.0,7,,6.0,0.0,3.0,A01,138Â 196Â 415,1.0
1016878,201900058409,8,16,16:10,1,1,1,1.0,5.0,86027,AERODROME SUD (LIEU DIT L'),M,"46,5770700","0,3148800",86,2019,70.0,1.0,1.0,3.0,2274214,2.0,2,4,2,9.0,,-1.0, -1,1989.0,C01,138Â 196Â 414,1.0,8.0,-1.0,1735798,2.0,7,,0.0,2.0,4.0,C01,138Â 196Â 414,0.0
1016878,201900058409,8,16,16:10,1,1,1,1.0,5.0,86027,AERODROME SUD (LIEU DIT L'),M,"46,5770700","0,3148800",86,2019,70.0,1.0,1.0,3.0,2274214,2.0,2,4,2,9.0,,-1.0, -1,1989.0,C01,138Â 196Â 414,1.0,8.0,-1.0,1735799,2.0,7,,0.0,2.0,4.0,B01,138Â 196Â 416,0.0
1016878,201900058409,8,16,16:10,1,1,1,1.0,5.0,86027,AERODROME SUD (LIEU DIT L'),M,"46,5770700","0,3148800",86,2019,70.0,1.0,1.0,3.0,2274214,2.0,2,4,2,9.0,,-1.0, -1,1989.0,C01,138Â 196Â 414,1.0,8.0,-1.0,1735800,2.0,10,,0.0,2.0,1.0,A01,138Â 196Â 418,0.0
1016878,201900058409,8,16,16:10,1,1,1,1.0,5.0,86027,AERODROME SUD (LIEU DIT L'),M,"46,5770700","0,3148800",86,2019,70.0,1.0,1.0,3.0,2274215,1.0,1,1,1,5.0,,-1.0, -1,1988.0,C01,138Â 196Â 414,1.0,8.0,-1.0,1735798,2.0,7,,0.0,2.0,4.0,C01,138Â 196Â 414,0.0
1016878,201900058409,8,16,16:10,1,1,1,1.0,5.0,86027,AERODROME SUD (LIEU DIT L'),M,"46,5770700","0,3148800",86,2019,70.0,1.0,1.0,3.0,2274215,1.0,1,1,1,5.0,,-1.0, -1,1988.0,C01,138Â 196Â 414,1.0,8.0,-1.0,1735799,2.0,7,,0.0,2.0,4.0,B01,138Â 196Â 416,0.0
1016878,201900058409,8,16,16:10,1,1,1,1.0,5.0,86027,AERODROME SUD (LIEU DIT L'),M,"46,5770700","0,3148800",86,2019,70.0,1.0,1.0,3.0,2274215,1.0,1,1,1,5.0,,-1.0, -1,1988.0,C01,138Â 196Â 414,1.0,8.0,-1.0,1735800,2.0,10,,0.0,2.0,1.0,A01,138Â 196Â 418,0.0
1016878,201900058409,8,16,16:10,1,1,1,1.0,5.0,86027,AERODROME SUD (LIEU DIT L'),M,"46,5770700","0,3148800",86,2019,70.0,1.0,1.0,3.0,2274216,1.0,1,1,2,5.0,,-1.0, -1,1978.0,B01,138Â 196Â 416,1.0,8.0,-1.0,1735798,2.0,7,,0.0,2.0,4.0,C01,138Â 196Â 414,0.0
1016878,201900058409,8,16,16:10,1,1,1,1.0,5.0,86027,AERODROME SUD (LIEU DIT L'),M,"46,5770700","0,3148800",86,2019,70.0,1.0,1.0,3.0,2274216,1.0,1,1,2,5.0,,-1.0, -1,1978.0,B01,138Â 196Â 416,1.0,8.0,-1.0,1735799,2.0,7,,0.0,2.0,4.0,B01,138Â 196Â 416,0.0
1016878,201900058409,8,16,16:10,1,1,1,1.0,5.0,86027,AERODROME SUD (LIEU DIT L'),M,"46,5770700","0,3148800",86,2019,70.0,1.0,1.0,3.0,2274216,1.0,1,1,2,5.0,,-1.0, -1,1978.0,B01,138Â 196Â 416,1.0,8.0,-1.0,1735800,2.0,10,,0.0,2.0,1.0,A01,138Â 196Â 418,0.0
1016878,201900058409,8,16,16:10,1,1,1,1.0,5.0,86027,AERODROME SUD (LIEU DIT L'),M,"46,5770700","0,3148800",86,2019,70.0,1.0,1.0,3.0,2274217,1.0,1,1,1,0.0,,-1.0, -1,1989.0,A01,138Â 196Â 418,1.0,0.0,-1.0,1735798,2.0,7,,0.0,2.0,4.0,C01,138Â 196Â 414,0.0
1016878,201900058409,8,16,16:10,1,1,1,1.0,5.0,86027,AERODROME SUD (LIEU DIT L'),M,"46,5770700","0,3148800",86,2019,70.0,1.0,1.0,3.0,2274217,1.0,1,1,1,0.0,,-1.0, -1,1989.0,A01,138Â 196Â 418,1.0,0.0,-1.0,1735799,2.0,7,,0.0,2.0,4.0,B01,138Â 196Â 416,0.0
1016878,201900058409,8,16,16:10,1,1,1,1.0,5.0,86027,AERODROME SUD (LIEU DIT L'),M,"46,5770700","0,3148800",86,2019,70.0,1.0,1.0,3.0,2274217,1.0,1,1,1,0.0,,-1.0, -1,1989.0,A01,138Â 196Â 418,1.0,0.0,-1.0,1735800,2.0,10,,0.0,2.0,1.0,A01,138Â 196Â 418,0.0
1016879,201900058410,2,18,11:06,1,2,1,7.0,6.0,03254,57 Boulevard Ledru Rollin,M,"46,3090426","3,2899900",3,2019,50.0,1.0,1.0,3.0,2274218,10.0,3,2,1,3.0,,3.0,3,1932.0,A01,138Â 196Â 413,0.0,-1.0,-1.0,1735801,1.0,10,,0.0,1.0,1.0,A01,138Â 196Â 413,1.0
1016879,201900058410,2,18,11:06,1,2,1,7.0,6.0,03254,57 Boulevard Ledru Rollin,M,"46,3090426","3,2899900",3,2019,50.0,1.0,1.0,3.0,2274219,1.0,1,1,1,4.0,,0.0,0,1958.0,A01,138Â 196Â 413,1.0,-1.0,-1.0,1735801,1.0,10,,0.0,1.0,1.0,A01,138Â 196Â 413,1.0
1016880,201900058411,8,15,14:30,1,2,1,1.0,6.0,86194,GRAND CERF (BOULEVARD DU),M,"46,5739668","0,3048706",86,2019,50.0,1.0,1.0,4.0,2274220,1.0,1,1,2,5.0,,-1.0, -1,1951.0,D01,138Â 196Â 408,1.0,8.0,-1.0,1735802,1.0,7,,0.0,2.0,1.0,D01,138Â 196Â 408,0.0
1016880,201900058411,8,15,14:30,1,2,1,1.0,6.0,86194,GRAND CERF (BOULEVARD DU),M,"46,5739668","0,3048706",86,2019,50.0,1.0,1.0,4.0,2274220,1.0,1,1,2,5.0,,-1.0, -1,1951.0,D01,138Â 196Â 408,1.0,8.0,-1.0,1735803,2.0,7,,1.0,0.0,1.0,A01,138Â 196Â 410,0.0
1016880,201900058411,8,15,14:30,1,2,1,1.0,6.0,86194,GRAND CERF (BOULEVARD DU),M,"46,5739668","0,3048706",86,2019,50.0,1.0,1.0,4.0,2274221,1.0,1,4,1,5.0,,-1.0, -1,1929.0,A01,138Â 196Â 410,1.0,0.0,-1.0,1735802,1.0,7,,0.0,2.0,1.0,D01,138Â 196Â 408,0.0
1016880,201900058411,8,15,14:30,1,2,1,1.0,6.0,86194,GRAND CERF (BOULEVARD DU),M,"46,5739668","0,3048706",86,2019,50.0,1.0,1.0,4.0,2274221,1.0,1,4,1,5.0,,-1.0, -1,1929.0,A01,138Â 196Â 410,1.0,0.0,-1.0,1735803,2.0,7,,1.0,0.0,1.0,A01,138Â 196Â 410,0.0
1016881,201900058412,3,26,17:10,1,1,1,1.0,5.0,63180,Les Bordes,M,"45,8482500","3,2828573",63,2019,80.0,1.0,1.0,3.0,2274222,1.0,1,4,2,0.0,,0.0,0,1991.0,B01,138Â 196Â 407,1.0,-1.0,-1.0,1735804,2.0,7,,0.0,2.0,4.0,B01,138Â 196Â 407,1.0
1016881,201900058412,3,26,17:10,1,1,1,1.0,5.0,63180,Les Bordes,M,"45,8482500","3,2828573",63,2019,80.0,1.0,1.0,3.0,2274222,1.0,1,4,2,0.0,,0.0,0,1991.0,B01,138Â 196Â 407,1.0,-1.0,-1.0,1735805,1.0,10,,0.0,0.0,1.0,D01,138Â 196Â 409,1.0
1016881,201900058412,3,26,17:10,1,1,1,1.0,5.0,63180,Les Bordes,M,"45,8482500","3,2828573",63,2019,80.0,1.0,1.0,3.0,2274222,1.0,1,4,2,0.0,,0.0,0,1991.0,B01,138Â 196Â 407,1.0,-1.0,-1.0,1735806,1.0,7,,0.0,0.0,8.0,C01,138Â 196Â 411,1.0
1016881,201900058412,3,26,17:10,1,1,1,1.0,5.0,63180,Les Bordes,M,"45,8482500","3,2828573",63,2019,80.0,1.0,1.0,3.0,2274222,1.0,1,4,2,0.0,,0.0,0,1991.0,B01,138Â 196Â 407,1.0,-1.0,-1.0,1735807,2.0,7,,0.0,2.0,3.0,A01,138Â 196Â 412,1.0
1016881,201900058412,3,26,17:10,1,1,1,1.0,5.0,63180,Les Bordes,M,"45,8482500","3,2828573",63,2019,80.0,1.0,1.0,3.0,2274223,1.0,1,4,1,0.0,,0.0,0,1980.0,D01,138Â 196Â 409,1.0,-1.0,-1.0,1735804,2.0,7,,0.0,2.0,4.0,B01,138Â 196Â 407,1.0
1016881,201900058412,3,26,17:10,1,1,1,1.0,5.0,63180,Les Bordes,M,"45,8482500","3,2828573",63,2019,80.0,1.0,1.0,3.0,2274223,1.0,1,4,1,0.0,,0.0,0,1980.0,D01,138Â 196Â 409,1.0,-1.0,-1.0,1735805,1.0,10,,0.0,0.0,1.0,D01,138Â 196Â 409,1.0
1016881,201900058412,3,26,17:10,1,1,1,1.0,5.0,63180,Les Bordes,M,"45,8482500","3,2828573",63,2019,80.0,1.0,1.0,3.0,2274223,1.0,1,4,1,0.0,,0.0,0,1980.0,D01,138Â 196Â 409,1.0,-1.0,-1.0,1735806,1.0,7,,0.0,0.0,8.0,C01,138Â 196Â 411,1.0
1016881,201900058412,3,26,17:10,1,1,1,1.0,5.0,63180,Les Bordes,M,"45,8482500","3,2828573",63,2019,80.0,1.0,1.0,3.0,2274223,1.0,1,4,1,0.0,,0.0,0,1980.0,D01,138Â 196Â 409,1.0,-1.0,-1.0,1735807,2.0,7,,0.0,2.0,3.0,A01,138Â 196Â 412,1.0
1016881,201900058412,3,26,17:10,1,1,1,1.0,5.0,63180,Les Bordes,M,"45,8482500","3,2828573",63,2019,80.0,1.0,1.0,3.0,2274224,1.0,1,1,1,0.0,,0.0,0,1959.0,C01,138Â 196Â 411,1.0,-1.0,-1.0,1735804,2.0,7,,0.0,2.0,4.0,B01,138Â 196Â 407,1.0
1016881,201900058412,3,26,17:10,1,1,1,1.0,5.0,63180,Les Bordes,M,"45,8482500","3,2828573",63,2019,80.0,1.0,1.0,3.0,2274224,1.0,1,1,1,0.0,,0.0,0,1959.0,C01,138Â 196Â 411,1.0,-1.0,-1.0,1735805,1.0,10,,0.0,0.0,1.0,D01,138Â 196Â 409,1.0
1016881,201900058412,3,26,17:10,1,1,1,1.0,5.0,63180,Les Bordes,M,"45,8482500","3,2828573",63,2019,80.0,1.0,1.0,3.0,2274224,1.0,1,1,1,0.0,,0.0,0,1959.0,C01,138Â 196Â 411,1.0,-1.0,-1.0,1735806,1.0,7,,0.0,0.0,8.0,C01,138Â 196Â 411,1.0
1016881,201900058412,3,26,17:10,1,1,1,1.0,5.0,63180,Les Bordes,M,"45,8482500","3,2828573",63,2019,80.0,1.0,1.0,3.0,2274224,1.0,1,1,1,0.0,,0.0,0,1959.0,C01,138Â 196Â 411,1.0,-1.0,-1.0,1735807,2.0,7,,0.0,2.0,3.0,A01,138Â 196Â 412,1.0
1016881,201900058412,3,26,17:10,1,1,1,1.0,5.0,63180,Les Bordes,M,"45,8482500","3,2828573",63,2019,80.0,1.0,1.0,3.0,2274225,1.0,1,4,1,0.0,,0.0,0,1958.0,A01,138Â 196Â 412,1.0,-1.0,-1.0,1735804,2.0,7,,0.0,2.0,4.0,B01,138Â 196Â 407,1.0
1016881,201900058412,3,26,17:10,1,1,1,1.0,5.0,63180,Les Bordes,M,"45,8482500","3,2828573",63,2019,80.0,1.0,1.0,3.0,2274225,1.0,1,4,1,0.0,,0.0,0,1958.0,A01,138Â 196Â 412,1.0,-1.0,-1.0,1735805,1.0,10,,0.0,0.0,1.0,D01,138Â 196Â 409,1.0
1016881,201900058412,3,26,17:10,1,1,1,1.0,5.0,63180,Les Bordes,M,"45,8482500","3,2828573",63,2019,80.0,1.0,1.0,3.0,2274225,1.0,1,4,1,0.0,,0.0,0,1958.0,A01,138Â 196Â 412,1.0,-1.0,-1.0,1735806,1.0,7,,0.0,0.0,8.0,C01,138Â 196Â 411,1.0
1016881,201900058412,3,26,17:10,1,1,1,1.0,5.0,63180,Les Bordes,M,"45,8482500","3,2828573",63,2019,80.0,1.0,1.0,3.0,2274225,1.0,1,4,1,0.0,,0.0,0,1958.0,A01,138Â 196Â 412,1.0,-1.0,-1.0,1735807,2.0,7,,0.0,2.0,3.0,A01,138Â 196Â 412,1.0