Unnamed: 0_x,num_acc,mois,jour,hrmn,lum,agg,int,atm,col,com,adr,gps,lat,long,dep,annee,vma,situ,surf,catr,Unnamed: 0_y,place,catu,grav,sexe,trajet,secu,locp,actp,an_nais,num_veh_x,id_vehicule_x,secu1,secu2,secu3,Unnamed: 0,senc,catv,occutc,obs,obsm,choc,num_veh_y,id_vehicule_y,motor
1016882,201900058413,2,16,14:00,1,1,1,1.0,7.0,01034,route dÃ©partementale D992,M,"45,7336803","5,6692599",1,2019,80.0,8.0,1.0,3.0,2274226,2.0,2,3,2,5.0,,0.0,0,1988.0,A01,138Â 196Â 406,2.0,-1.0,-1.0,1735808,1.0,33,,0.0,0.0,1.0,A01,138Â 196Â 406,1.0
1016882,201900058413,2,16,14:00,1,1,1,1.0,7.0,01034,route dÃ©partementale D992,M,"45,7336803","5,6692599",1,2019,80.0,8.0,1.0,3.0,2274227,1.0,1,3,1,5.0,,0.0,0,1986.0,A01,138Â 196Â 406,2.0,-1.0,-1.0,1735808,1.0,33,,0.0,0.0,1.0,A01,138Â 196Â 406,1.0
1016883,201900058414,8,11,12:50,1,2,1,8.0,7.0,86214,GENCAY (ROUTE DE),M,"46,5500698","0,3508922",86,2019,50.0,1.0,2.0,3.0,2274228,2.0,2,3,1,5.0,,-1.0, -1,1948.0,A01,138Â 196Â 405,1.0,8.0,-1.0,1735809,2.0,7,,0.0,0.0,9.0,A01,138Â 196Â 405,0.0
1016883,201900058414,8,11,12:50,1,2,1,8.0,7.0,86214,GENCAY (ROUTE DE),M,"46,5500698","0,3508922",86,2019,50.0,1.0,2.0,3.0,2274229,1.0,1,4,2,5.0,,-1.0, -1,1952.0,A01,138Â 196Â 405,1.0,8.0,-1.0,1735809,2.0,7,,0.0,0.0,9.0,A01,138Â 196Â 405,0.0
1016884,201900058415,3,26,19:20,2,1,1,1.0,1.0,76638,ROUTE DE SAINT PIERRE,M,"50,0287610","1,4334330",76,2019,70.0,1.0,1.0,4.0,2274230,1.0,1,3,1,5.0,,0.0,0,1988.0,A01,138Â 196Â 403,2.0,-1.0,-1.0,1735810,3.0,33,,0.0,2.0,1.0,A01,138Â 196Â 403,1.0
1016884,201900058415,3,26,19:20,2,1,1,1.0,1.0,76638,ROUTE DE SAINT PIERRE,M,"50,0287610","1,4334330",76,2019,70.0,1.0,1.0,4.0,2274230,1.0,1,3,1,5.0,,0.0,0,1988.0,A01,138Â 196Â 403,2.0,-1.0,-1.0,1735811,3.0,7,,0.0,2.0,3.0,B01,138Â 196Â 404,1.0
1016884,201900058415,3,26,19:20,2,1,1,1.0,1.0,76638,ROUTE DE SAINT PIERRE,M,"50,0287610","1,4334330",76,2019,70.0,1.0,1.0,4.0,2274231,1.0,1,1,2,5.0,,0.0,0,1970.0,B01,138Â 196Â 404,1.0,-1.0,-1.0,1735810,3.0,33,,0.0,2.0,1.0,A01,138Â 196Â 403,1.0
1016884,201900058415,3,26,19:20,2,1,1,1.0,1.0,76638,ROUTE DE SAINT PIERRE,M,"50,0287610","1,4334330",76,2019,70.0,1.0,1.0,4.0,2274231,1.0,1,1,2,5.0,,0.0,0,1970.0,B01,138Â 196Â 404,1.0,-1.0,-1.0,1735811,3.0,7,,0.0,2.0,3.0,B01,138Â 196Â 404,1.0
1016884,201900058415,3,26,19:20,2,1,1,1.0,1.0,76638,ROUTE DE SAINT PIERRE,M,"50,0287610","1,4334330",76,2019,70.0,1.0,1.0,4.0,2274232,2.0,2,1,1,5.0,,0.0,0,1968.0,B01,138Â 196Â 404,1.0,-1.0,-1.0,1735810,3.0,33,,0.0,2.0,1.0,A01,138Â 196Â 403,1.0
1016884,201900058415,3,26,19:20,2,1,1,1.0,1.0,76638,ROUTE DE SAINT PIERRE,M,"50,0287610","1,4334330",76,2019,70.0,1.0,1.0,4.0,2274232,2.0,2,1,1,5.0,,0.0,0,1968.0,B01,138Â 196Â 404,1.0,-1.0,-1.0,1735811,3.0,7,,0.0,2.0,3.0,B01,138Â 196Â 404,1.0
1016885,201900058416,2,15,16:43,1,1,1,1.0,7.0,01034,"RD 1504, pont de Coron",M,"45,7536127","5,7081449",1,2019,80.0,3.0,1.0,3.0,2274233,1.0,1,3,1,5.0,,0.0,0,1939.0,A01,138Â 196Â 401,2.0,-1.0,-1.0,1735812,1.0,1,,16.0,0.0,1.0,A01,138Â 196Â 401,5.0
1016886,201900058417,3,23,17:04,1,1,1,1.0,6.0,61259,route d'Auguaise,M,"48,7005000","0,5348120",61,2019,80.0,3.0,1.0,4.0,2274234,1.0,1,3,2,1.0,,0.0,0,1964.0,A01,138Â 196Â 400,5.0,1.0,-1.0,1735813,3.0,7,,13.0,0.0,8.0,A01,138Â 196Â 400,1.0
1016887,201900058418,2,17,16:13,1,1,1,1.0,7.0,01184,D979,M,"46,1660431","5,4005990",1,2019,80.0,1.0,8.0,3.0,2274235,1.0,1,3,1,5.0,,0.0,0,1989.0,A01,138Â 196Â 398,2.0,6.0,9.0,1735814,2.0,33,,16.0,9.0,0.0,A01,138Â 196Â 398,1.0
1016888,201900058419,8,5,10:45,1,2,6,1.0,6.0,84087,BRIAND (COURS ARISTIDE),M,"44,1363100","4,8049100",84,2019,50.0,1.0,1.0,4.0,2274236,10.0,3,4,1,5.0,,3.0,3,1936.0,A01,138Â 196Â 394,8.0,0.0,-1.0,1735815,1.0,7,,0.0,1.0,3.0,A01,138Â 196Â 394,1.0
1016888,201900058419,8,5,10:45,1,2,6,1.0,6.0,84087,BRIAND (COURS ARISTIDE),M,"44,1363100","4,8049100",84,2019,50.0,1.0,1.0,4.0,2274237,10.0,3,2,2,5.0,,3.0,3,1937.0,A01,138Â 196Â 394,8.0,0.0,-1.0,1735815,1.0,7,,0.0,1.0,3.0,A01,138Â 196Â 394,1.0
1016888,201900058419,8,5,10:45,1,2,6,1.0,6.0,84087,BRIAND (COURS ARISTIDE),M,"44,1363100","4,8049100",84,2019,50.0,1.0,1.0,4.0,2274238,1.0,1,1,2,5.0,,0.0,0,1957.0,A01,138Â 196Â 394,1.0,0.0,-1.0,1735815,1.0,7,,0.0,1.0,3.0,A01,138Â 196Â 394,1.0
1016889,201900058420,3,26,13:40,1,1,3,1.0,1.0,49200,La Cauteleraie (La Meignanne),M,"47,5287970"," -0,6940500",49,2019,80.0,1.0,1.0,3.0,2274239,1.0,1,1,1,1.0,,0.0,0,1982.0,A01,138Â 196Â 396,1.0,-1.0,-1.0,1735816,0.0,10,,0.0,2.0,3.0,A01,138Â 196Â 396,1.0
1016889,201900058420,3,26,13:40,1,1,3,1.0,1.0,49200,La Cauteleraie (La Meignanne),M,"47,5287970"," -0,6940500",49,2019,80.0,1.0,1.0,3.0,2274239,1.0,1,1,1,1.0,,0.0,0,1982.0,A01,138Â 196Â 396,1.0,-1.0,-1.0,1735817,0.0,33,,0.0,2.0,3.0,B01,138Â 196Â 397,1.0
1016889,201900058420,3,26,13:40,1,1,3,1.0,1.0,49200,La Cauteleraie (La Meignanne),M,"47,5287970"," -0,6940500",49,2019,80.0,1.0,1.0,3.0,2274240,1.0,1,3,1,1.0,,0.0,0,1977.0,B01,138Â 196Â 397,2.0,6.0,9.0,1735816,0.0,10,,0.0,2.0,3.0,A01,138Â 196Â 396,1.0
1016889,201900058420,3,26,13:40,1,1,3,1.0,1.0,49200,La Cauteleraie (La Meignanne),M,"47,5287970"," -0,6940500",49,2019,80.0,1.0,1.0,3.0,2274240,1.0,1,3,1,1.0,,0.0,0,1977.0,B01,138Â 196Â 397,2.0,6.0,9.0,1735817,0.0,33,,0.0,2.0,3.0,B01,138Â 196Â 397,1.0
1016890,201900058421,2,15,20:45,3,1,1,1.0,1.0,26124,RN7- QUARTIER DE LA GARE,M,"44,8416210","4,8666490",26,2019,70.0,1.0,1.0,2.0,2274241,1.0,1,4,2,1.0,,0.0,0,1976.0,B01,138Â 196Â 393,1.0,-1.0,-1.0,1735818,2.0,7,,0.0,2.0,1.0,B01,138Â 196Â 393,1.0
1016890,201900058421,2,15,20:45,3,1,1,1.0,1.0,26124,RN7- QUARTIER DE LA GARE,M,"44,8416210","4,8666490",26,2019,70.0,1.0,1.0,2.0,2274241,1.0,1,4,2,1.0,,0.0,0,1976.0,B01,138Â 196Â 393,1.0,-1.0,-1.0,1735819,1.0,7,,0.0,2.0,1.0,A01,138Â 196Â 395,1.0
1016890,201900058421,2,15,20:45,3,1,1,1.0,1.0,26124,RN7- QUARTIER DE LA GARE,M,"44,8416210","4,8666490",26,2019,70.0,1.0,1.0,2.0,2274242,1.0,1,4,1,5.0,,0.0,0,1991.0,A01,138Â 196Â 395,1.0,-1.0,-1.0,1735818,2.0,7,,0.0,2.0,1.0,B01,138Â 196Â 393,1.0
1016890,201900058421,2,15,20:45,3,1,1,1.0,1.0,26124,RN7- QUARTIER DE LA GARE,M,"44,8416210","4,8666490",26,2019,70.0,1.0,1.0,2.0,2274242,1.0,1,4,1,5.0,,0.0,0,1991.0,A01,138Â 196Â 395,1.0,-1.0,-1.0,1735819,1.0,7,,0.0,2.0,1.0,A01,138Â 196Â 395,1.0
1016891,201900058422,8,2,10:05,1,2,2,1.0,6.0,84087,DARDUN (RUE CHARLES),M,"44,1285500","4,7981500",84,2019,50.0,1.0,1.0,4.0,2274243,1.0,1,1,2,5.0,,-1.0, -1,1995.0,A01,138Â 196Â 392,1.0,0.0,-1.0,1735820,1.0,7,,0.0,1.0,5.0,A01,138Â 196Â 392,1.0
1016891,201900058422,8,2,10:05,1,2,2,1.0,6.0,84087,DARDUN (RUE CHARLES),M,"44,1285500","4,7981500",84,2019,50.0,1.0,1.0,4.0,2274244,10.0,3,3,2,5.0,,3.0,3,1932.0,A01,138Â 196Â 392,8.0,0.0,-1.0,1735820,1.0,7,,0.0,1.0,5.0,A01,138Â 196Â 392,1.0
1016892,201900058423,3,27,16:13,1,1,3,1.0,1.0,34293,allÃ©e st etiennte de caval,M,"43,6073760","2,7020840",34,2019,50.0,1.0,1.0,3.0,2274245,1.0,1,3,1,5.0,,0.0,0,1993.0,B01,138Â 196Â 390,2.0,6.0,9.0,1735821,2.0,33,,0.0,2.0,1.0,B01,138Â 196Â 390,1.0
1016892,201900058423,3,27,16:13,1,1,3,1.0,1.0,34293,allÃ©e st etiennte de caval,M,"43,6073760","2,7020840",34,2019,50.0,1.0,1.0,3.0,2274245,1.0,1,3,1,5.0,,0.0,0,1993.0,B01,138Â 196Â 390,2.0,6.0,9.0,1735822,2.0,7,,0.0,2.0,1.0,A01,138Â 196Â 391,1.0
1016892,201900058423,3,27,16:13,1,1,3,1.0,1.0,34293,allÃ©e st etiennte de caval,M,"43,6073760","2,7020840",34,2019,50.0,1.0,1.0,3.0,2274246,1.0,1,1,1,5.0,,0.0,0,1939.0,A01,138Â 196Â 391,1.0,-1.0,-1.0,1735821,2.0,33,,0.0,2.0,1.0,B01,138Â 196Â 390,1.0
1016892,201900058423,3,27,16:13,1,1,3,1.0,1.0,34293,allÃ©e st etiennte de caval,M,"43,6073760","2,7020840",34,2019,50.0,1.0,1.0,3.0,2274246,1.0,1,1,1,5.0,,0.0,0,1939.0,A01,138Â 196Â 391,1.0,-1.0,-1.0,1735822,2.0,7,,0.0,2.0,1.0,A01,138Â 196Â 391,1.0
1016893,201900058424,2,16,00:00,3,1,1,1.0,6.0,58060,D979 pk:40.900,M,"46,7808750","3,6133520",58,2019,80.0,3.0,1.0,3.0,2274247,1.0,1,3,1,5.0,,0.0,0,1947.0,A01,138Â 196Â 389,8.0,-1.0,-1.0,1735823,0.0,7,,8.0,0.0,0.0,A01,138Â 196Â 389,1.0
1016894,201900058425,8,14,00:05,5,2,1,1.0,3.0,83137,1ER BATAILLON DE CHOC (AVE DU),M,"43,1295000","5,9097200",83,2019,50.0,1.0,1.0,7.0,2274248,1.0,1,4,1,0.0,,-1.0,0,1998.0,B01,138Â 196Â 387,2.0,0.0,-1.0,1735824,3.0,30,,0.0,2.0,1.0,B01,138Â 196Â 387,1.0
1016894,201900058425,8,14,00:05,5,2,1,1.0,3.0,83137,1ER BATAILLON DE CHOC (AVE DU),M,"43,1295000","5,9097200",83,2019,50.0,1.0,1.0,7.0,2274248,1.0,1,4,1,0.0,,-1.0,0,1998.0,B01,138Â 196Â 387,2.0,0.0,-1.0,1735825,3.0,7,,0.0,6.0,7.0,A01,138Â 196Â 388,1.0
1016894,201900058425,8,14,00:05,5,2,1,1.0,3.0,83137,1ER BATAILLON DE CHOC (AVE DU),M,"43,1295000","5,9097200",83,2019,50.0,1.0,1.0,7.0,2274249,2.0,2,4,1,0.0,,-1.0,0,2008.0,B01,138Â 196Â 387,2.0,0.0,-1.0,1735824,3.0,30,,0.0,2.0,1.0,B01,138Â 196Â 387,1.0
1016894,201900058425,8,14,00:05,5,2,1,1.0,3.0,83137,1ER BATAILLON DE CHOC (AVE DU),M,"43,1295000","5,9097200",83,2019,50.0,1.0,1.0,7.0,2274249,2.0,2,4,1,0.0,,-1.0,0,2008.0,B01,138Â 196Â 387,2.0,0.0,-1.0,1735825,3.0,7,,0.0,6.0,7.0,A01,138Â 196Â 388,1.0
1016894,201900058425,8,14,00:05,5,2,1,1.0,3.0,83137,1ER BATAILLON DE CHOC (AVE DU),M,"43,1295000","5,9097200",83,2019,50.0,1.0,1.0,7.0,2274250,1.0,1,1,1,0.0,,-1.0,0,1997.0,A01,138Â 196Â 388,1.0,0.0,-1.0,1735824,3.0,30,,0.0,2.0,1.0,B01,138Â 196Â 387,1.0
1016894,201900058425,8,14,00:05,5,2,1,1.0,3.0,83137,1ER BATAILLON DE CHOC (AVE DU),M,"43,1295000","5,9097200",83,2019,50.0,1.0,1.0,7.0,2274250,1.0,1,1,1,0.0,,-1.0,0,1997.0,A01,138Â 196Â 388,1.0,0.0,-1.0,1735825,3.0,7,,0.0,6.0,7.0,A01,138Â 196Â 388,1.0
1016895,201900058426,2,14,10:20,1,2,1,1.0,6.0,58095,rue ledru rollin,M,"46,8288450","3,4627300",58,2019,30.0,1.0,1.0,4.0,2274251,10.0,3,3,2,3.0,,2.0,3,1939.0,A01,138Â 196Â 385,0.0,-1.0,-1.0,1735826,0.0,7,,0.0,0.0,0.0,A01,138Â 196Â 385,1.0
1016895,201900058426,2,14,10:20,1,2,1,1.0,6.0,58095,rue ledru rollin,M,"46,8288450","3,4627300",58,2019,30.0,1.0,1.0,4.0,2274252,1.0,1,1,1,3.0,,0.0,0,1934.0,A01,138Â 196Â 385,1.0,-1.0,-1.0,1735826,0.0,7,,0.0,0.0,0.0,A01,138Â 196Â 385,1.0
1016896,201900058427,3,27,07:50,1,1,1,1.0,1.0,29212,CD 789,M,"48,3649063"," -4,5857298",29,2019,80.0,1.0,1.0,3.0,2274253,2.0,2,3,1,2.0,,0.0,0,1999.0,B01,138Â 196Â 384,1.0,-1.0,-1.0,1735827,2.0,7,,0.0,2.0,2.0,B01,138Â 196Â 384,1.0
1016896,201900058427,3,27,07:50,1,1,1,1.0,1.0,29212,CD 789,M,"48,3649063"," -4,5857298",29,2019,80.0,1.0,1.0,3.0,2274253,2.0,2,3,1,2.0,,0.0,0,1999.0,B01,138Â 196Â 384,1.0,-1.0,-1.0,1735828,1.0,7,,3.0,2.0,3.0,A01,138Â 196Â 386,1.0
1016896,201900058427,3,27,07:50,1,1,1,1.0,1.0,29212,CD 789,M,"48,3649063"," -4,5857298",29,2019,80.0,1.0,1.0,3.0,2274254,1.0,1,3,2,2.0,,0.0,0,1966.0,B01,138Â 196Â 384,1.0,-1.0,-1.0,1735827,2.0,7,,0.0,2.0,2.0,B01,138Â 196Â 384,1.0
1016896,201900058427,3,27,07:50,1,1,1,1.0,1.0,29212,CD 789,M,"48,3649063"," -4,5857298",29,2019,80.0,1.0,1.0,3.0,2274254,1.0,1,3,2,2.0,,0.0,0,1966.0,B01,138Â 196Â 384,1.0,-1.0,-1.0,1735828,1.0,7,,3.0,2.0,3.0,A01,138Â 196Â 386,1.0
1016896,201900058427,3,27,07:50,1,1,1,1.0,1.0,29212,CD 789,M,"48,3649063"," -4,5857298",29,2019,80.0,1.0,1.0,3.0,2274255,1.0,1,3,1,1.0,,0.0,0,1998.0,A01,138Â 196Â 386,1.0,-1.0,-1.0,1735827,2.0,7,,0.0,2.0,2.0,B01,138Â 196Â 384,1.0
1016896,201900058427,3,27,07:50,1,1,1,1.0,1.0,29212,CD 789,M,"48,3649063"," -4,5857298",29,2019,80.0,1.0,1.0,3.0,2274255,1.0,1,3,1,1.0,,0.0,0,1998.0,A01,138Â 196Â 386,1.0,-1.0,-1.0,1735828,1.0,7,,3.0,2.0,3.0,A01,138Â 196Â 386,1.0
1016897,201900058428,8,13,19:00,1,2,9,1.0,2.0,83137,JOFFRE (BD MARECHAL),M,"43,1250400","5,9568400",83,2019,50.0,1.0,1.0,4.0,2274256,1.0,1,4,1,0.0,,-1.0,0,2004.0,B01,138Â 196Â 383,8.0,0.0,-1.0,1735829,3.0,7,,0.0,2.0,1.0,A01,138Â 196Â 382,0.0
1016897,201900058428,8,13,19:00,1,2,9,1.0,2.0,83137,JOFFRE (BD MARECHAL),M,"43,1250400","5,9568400",83,2019,50.0,1.0,1.0,4.0,2274256,1.0,1,4,1,0.0,,-1.0,0,2004.0,B01,138Â 196Â 383,8.0,0.0,-1.0,1735830,3.0,1,,0.0,2.0,4.0,B01,138Â 196Â 383,0.0
1016898,201900058429,2,16,11:30,1,2,3,1.0,4.0,54076,48 rue marÃ©chal leclerc,M,"48,5556490","6,4027470",54,2019,50.0,1.0,1.0,3.0,2274257,1.0,1,1,2,5.0,,0.0,0,1969.0,C01,138Â 196Â 379,1.0,-1.0,-1.0,1735831,1.0,7,,0.0,2.0,4.0,C01,138Â 196Â 379,1.0
1016898,201900058429,2,16,11:30,1,2,3,1.0,4.0,54076,48 rue marÃ©chal leclerc,M,"48,5556490","6,4027470",54,2019,50.0,1.0,1.0,3.0,2274257,1.0,1,1,2,5.0,,0.0,0,1969.0,C01,138Â 196Â 379,1.0,-1.0,-1.0,1735832,1.0,7,,0.0,2.0,4.0,B01,138Â 196Â 380,1.0
1016898,201900058429,2,16,11:30,1,2,3,1.0,4.0,54076,48 rue marÃ©chal leclerc,M,"48,5556490","6,4027470",54,2019,50.0,1.0,1.0,3.0,2274257,1.0,1,1,2,5.0,,0.0,0,1969.0,C01,138Â 196Â 379,1.0,-1.0,-1.0,1735833,1.0,7,,0.0,2.0,1.0,A01,138Â 196Â 381,1.0
1016898,201900058429,2,16,11:30,1,2,3,1.0,4.0,54076,48 rue marÃ©chal leclerc,M,"48,5556490","6,4027470",54,2019,50.0,1.0,1.0,3.0,2274258,1.0,1,1,1,3.0,,0.0,0,1965.0,B01,138Â 196Â 380,1.0,-1.0,-1.0,1735831,1.0,7,,0.0,2.0,4.0,C01,138Â 196Â 379,1.0
1016898,201900058429,2,16,11:30,1,2,3,1.0,4.0,54076,48 rue marÃ©chal leclerc,M,"48,5556490","6,4027470",54,2019,50.0,1.0,1.0,3.0,2274258,1.0,1,1,1,3.0,,0.0,0,1965.0,B01,138Â 196Â 380,1.0,-1.0,-1.0,1735832,1.0,7,,0.0,2.0,4.0,B01,138Â 196Â 380,1.0
1016898,201900058429,2,16,11:30,1,2,3,1.0,4.0,54076,48 rue marÃ©chal leclerc,M,"48,5556490","6,4027470",54,2019,50.0,1.0,1.0,3.0,2274258,1.0,1,1,1,3.0,,0.0,0,1965.0,B01,138Â 196Â 380,1.0,-1.0,-1.0,1735833,1.0,7,,0.0,2.0,1.0,A01,138Â 196Â 381,1.0
1016898,201900058429,2,16,11:30,1,2,3,1.0,4.0,54076,48 rue marÃ©chal leclerc,M,"48,5556490","6,4027470",54,2019,50.0,1.0,1.0,3.0,2274259,1.0,1,4,2,1.0,,0.0,0,1984.0,A01,138Â 196Â 381,1.0,-1.0,-1.0,1735831,1.0,7,,0.0,2.0,4.0,C01,138Â 196Â 379,1.0
1016898,201900058429,2,16,11:30,1,2,3,1.0,4.0,54076,48 rue marÃ©chal leclerc,M,"48,5556490","6,4027470",54,2019,50.0,1.0,1.0,3.0,2274259,1.0,1,4,2,1.0,,0.0,0,1984.0,A01,138Â 196Â 381,1.0,-1.0,-1.0,1735832,1.0,7,,0.0,2.0,4.0,B01,138Â 196Â 380,1.0
1016898,201900058429,2,16,11:30,1,2,3,1.0,4.0,54076,48 rue marÃ©chal leclerc,M,"48,5556490","6,4027470",54,2019,50.0,1.0,1.0,3.0,2274259,1.0,1,4,2,1.0,,0.0,0,1984.0,A01,138Â 196Â 381,1.0,-1.0,-1.0,1735833,1.0,7,,0.0,2.0,1.0,A01,138Â 196Â 381,1.0
1016899,201900058430,8,13,15:30,1,2,2,1.0,3.0,83090,MONNET (AVE JEAN),M,"43,1275800","5,8591800",83,2019,50.0,1.0,1.0,3.0,2274260,1.0,1,4,1,0.0,,-1.0, -1,1997.0,A01,138Â 196Â 375,2.0,6.0,-1.0,1735834,2.0,34,,0.0,2.0,5.0,A01,138Â 196Â 375,1.0
1016899,201900058430,8,13,15:30,1,2,2,1.0,3.0,83090,MONNET (AVE JEAN),M,"43,1275800","5,8591800",83,2019,50.0,1.0,1.0,3.0,2274260,1.0,1,4,1,0.0,,-1.0, -1,1997.0,A01,138Â 196Â 375,2.0,6.0,-1.0,1735835,2.0,7,,0.0,2.0,8.0,B01,138Â 196Â 377,1.0
1016899,201900058430,8,13,15:30,1,2,2,1.0,3.0,83090,MONNET (AVE JEAN),M,"43,1275800","5,8591800",83,2019,50.0,1.0,1.0,3.0,2274261,2.0,2,4,2,0.0,,-1.0,0,2000.0,A01,138Â 196Â 375,2.0,0.0,-1.0,1735834,2.0,34,,0.0,2.0,5.0,A01,138Â 196Â 375,1.0
1016899,201900058430,8,13,15:30,1,2,2,1.0,3.0,83090,MONNET (AVE JEAN),M,"43,1275800","5,8591800",83,2019,50.0,1.0,1.0,3.0,2274261,2.0,2,4,2,0.0,,-1.0,0,2000.0,A01,138Â 196Â 375,2.0,0.0,-1.0,1735835,2.0,7,,0.0,2.0,8.0,B01,138Â 196Â 377,1.0
1016899,201900058430,8,13,15:30,1,2,2,1.0,3.0,83090,MONNET (AVE JEAN),M,"43,1275800","5,8591800",83,2019,50.0,1.0,1.0,3.0,2274262,2.0,2,1,2,0.0,,-1.0,0,2002.0,B01,138Â 196Â 377,1.0,0.0,-1.0,1735834,2.0,34,,0.0,2.0,5.0,A01,138Â 196Â 375,1.0
1016899,201900058430,8,13,15:30,1,2,2,1.0,3.0,83090,MONNET (AVE JEAN),M,"43,1275800","5,8591800",83,2019,50.0,1.0,1.0,3.0,2274262,2.0,2,1,2,0.0,,-1.0,0,2002.0,B01,138Â 196Â 377,1.0,0.0,-1.0,1735835,2.0,7,,0.0,2.0,8.0,B01,138Â 196Â 377,1.0
1016899,201900058430,8,13,15:30,1,2,2,1.0,3.0,83090,MONNET (AVE JEAN),M,"43,1275800","5,8591800",83,2019,50.0,1.0,1.0,3.0,2274263,1.0,1,1,2,0.0,,-1.0,0,1993.0,B01,138Â 196Â 377,1.0,0.0,-1.0,1735834,2.0,34,,0.0,2.0,5.0,A01,138Â 196Â 375,1.0
1016899,201900058430,8,13,15:30,1,2,2,1.0,3.0,83090,MONNET (AVE JEAN),M,"43,1275800","5,8591800",83,2019,50.0,1.0,1.0,3.0,2274263,1.0,1,1,2,0.0,,-1.0,0,1993.0,B01,138Â 196Â 377,1.0,0.0,-1.0,1735835,2.0,7,,0.0,2.0,8.0,B01,138Â 196Â 377,1.0
1016900,201900058431,2,18,07:45,2,1,1,1.0,2.0,72241,RD323 - LA PECARDIÃRE,M,"48,0340050","0,4068100",72,2019,-1.0,1.0,1.0,3.0,2274264,1.0,1,1,1,1.0,,0.0,0,1968.0,A01,138Â 196Â 373,1.0,-1.0,-1.0,1735836,2.0,7,,0.0,2.0,6.0,A01,138Â 196Â 373,1.0
1016900,201900058431,2,18,07:45,2,1,1,1.0,2.0,72241,RD323 - LA PECARDIÃRE,M,"48,0340050","0,4068100",72,2019,-1.0,1.0,1.0,3.0,2274264,1.0,1,1,1,1.0,,0.0,0,1968.0,A01,138Â 196Â 373,1.0,-1.0,-1.0,1735837,2.0,33,,0.0,2.0,1.0,B01,138Â 196Â 374,1.0
1016900,201900058431,2,18,07:45,2,1,1,1.0,2.0,72241,RD323 - LA PECARDIÃRE,M,"48,0340050","0,4068100",72,2019,-1.0,1.0,1.0,3.0,2274265,1.0,1,4,1,1.0,,0.0,0,1996.0,B01,138Â 196Â 374,2.0,-1.0,-1.0,1735836,2.0,7,,0.0,2.0,6.0,A01,138Â 196Â 373,1.0
1016900,201900058431,2,18,07:45,2,1,1,1.0,2.0,72241,RD323 - LA PECARDIÃRE,M,"48,0340050","0,4068100",72,2019,-1.0,1.0,1.0,3.0,2274265,1.0,1,4,1,1.0,,0.0,0,1996.0,B01,138Â 196Â 374,2.0,-1.0,-1.0,1735837,2.0,33,,0.0,2.0,1.0,B01,138Â 196Â 374,1.0
1016901,201900058432,8,13,15:15,1,2,9,1.0,2.0,83137,GASSENDI (BD),M,"43,1199100","5,9492800",83,2019,50.0,1.0,1.0,4.0,2274266,1.0,1,4,1,5.0,,-1.0, -1,1992.0,B01,138Â 196Â 371,8.0,0.0,-1.0,1735838,1.0,1,,0.0,2.0,6.0,B01,138Â 196Â 371,0.0
1016901,201900058432,8,13,15:15,1,2,9,1.0,2.0,83137,GASSENDI (BD),M,"43,1199100","5,9492800",83,2019,50.0,1.0,1.0,4.0,2274266,1.0,1,4,1,5.0,,-1.0, -1,1992.0,B01,138Â 196Â 371,8.0,0.0,-1.0,1735839,1.0,7,,0.0,6.0,1.0,A01,138Â 196Â 372,1.0
1016901,201900058432,8,13,15:15,1,2,9,1.0,2.0,83137,GASSENDI (BD),M,"43,1199100","5,9492800",83,2019,50.0,1.0,1.0,4.0,2274267,1.0,1,1,1,5.0,,-1.0, -1,1950.0,A01,138Â 196Â 372,1.0,8.0,-1.0,1735838,1.0,1,,0.0,2.0,6.0,B01,138Â 196Â 371,0.0
1016901,201900058432,8,13,15:15,1,2,9,1.0,2.0,83137,GASSENDI (BD),M,"43,1199100","5,9492800",83,2019,50.0,1.0,1.0,4.0,2274267,1.0,1,1,1,5.0,,-1.0, -1,1950.0,A01,138Â 196Â 372,1.0,8.0,-1.0,1735839,1.0,7,,0.0,6.0,1.0,A01,138Â 196Â 372,1.0
1016902,201900058433,8,12,11:00,1,2,9,1.0,3.0,83137,BRIAND (AVE ARISTIDE DE 1 A 1219,M,"43,1247400","5,8963900",83,2019,50.0,1.0,1.0,4.0,2274268,1.0,1,3,1,5.0,,-1.0,0,1988.0,A01,138Â 196Â 368,2.0,6.0,-1.0,1735840,1.0,33,,0.0,2.0,1.0,A01,138Â 196Â 368,1.0
1016902,201900058433,8,12,11:00,1,2,9,1.0,3.0,83137,BRIAND (AVE ARISTIDE DE 1 A 1219,M,"43,1247400","5,8963900",83,2019,50.0,1.0,1.0,4.0,2274268,1.0,1,3,1,5.0,,-1.0,0,1988.0,A01,138Â 196Â 368,2.0,6.0,-1.0,1735841,3.0,7,,0.0,2.0,6.0,B01,138Â 196Â 369,1.0
1016902,201900058433,8,12,11:00,1,2,9,1.0,3.0,83137,BRIAND (AVE ARISTIDE DE 1 A 1219,M,"43,1247400","5,8963900",83,2019,50.0,1.0,1.0,4.0,2274269,1.0,1,4,1,4.0,,-1.0,0,1971.0,B01,138Â 196Â 369,1.0,0.0,-1.0,1735840,1.0,33,,0.0,2.0,1.0,A01,138Â 196Â 368,1.0
1016902,201900058433,8,12,11:00,1,2,9,1.0,3.0,83137,BRIAND (AVE ARISTIDE DE 1 A 1219,M,"43,1247400","5,8963900",83,2019,50.0,1.0,1.0,4.0,2274269,1.0,1,4,1,4.0,,-1.0,0,1971.0,B01,138Â 196Â 369,1.0,0.0,-1.0,1735841,3.0,7,,0.0,2.0,6.0,B01,138Â 196Â 369,1.0