Unnamed: 0_x,num_acc,mois,jour,hrmn,lum,agg,int,atm,col,com,adr,gps,lat,long,dep,annee,vma,situ,surf,catr,Unnamed: 0_y,place,catu,grav,sexe,trajet,secu,locp,actp,an_nais,num_veh_x,id_vehicule_x,secu1,secu2,secu3,Unnamed: 0,senc,catv,occutc,obs,obsm,choc,num_veh_y,id_vehicule_y,motor
1016903,201900058434,3,27,18:20,2,1,6,1.0,3.0,84089,Rond point d'Alton route d'aix,M,"43,6710170","5,4971900",84,2019,80.0,1.0,1.0,3.0,2274270,1.0,1,2,1,5.0,,0.0,0,1955.0,B01,138Â 196Â 376,2.0,-1.0,-1.0,1735842,2.0,33,,0.0,2.0,7.0,B01,138Â 196Â 376,1.0
1016903,201900058434,3,27,18:20,2,1,6,1.0,3.0,84089,Rond point d'Alton route d'aix,M,"43,6710170","5,4971900",84,2019,80.0,1.0,1.0,3.0,2274270,1.0,1,2,1,5.0,,0.0,0,1955.0,B01,138Â 196Â 376,2.0,-1.0,-1.0,1735843,2.0,7,,0.0,2.0,8.0,A01,138Â 196Â 378,1.0
1016903,201900058434,3,27,18:20,2,1,6,1.0,3.0,84089,Rond point d'Alton route d'aix,M,"43,6710170","5,4971900",84,2019,80.0,1.0,1.0,3.0,2274271,1.0,1,4,2,1.0,,0.0,0,1974.0,A01,138Â 196Â 378,1.0,-1.0,-1.0,1735842,2.0,33,,0.0,2.0,7.0,B01,138Â 196Â 376,1.0
1016903,201900058434,3,27,18:20,2,1,6,1.0,3.0,84089,Rond point d'Alton route d'aix,M,"43,6710170","5,4971900",84,2019,80.0,1.0,1.0,3.0,2274271,1.0,1,4,2,1.0,,0.0,0,1974.0,A01,138Â 196Â 378,1.0,-1.0,-1.0,1735843,2.0,7,,0.0,2.0,8.0,A01,138Â 196Â 378,1.0
1016904,201900058435,8,14,19:05,1,2,1,1.0,6.0,83123,RESISTANCE (AVENUE),M,"43,1217400","5,7961800",83,2019,50.0,1.0,1.0,4.0,2274272,1.0,1,1,2,0.0,,-1.0,0,1980.0,A01,138Â 196Â 365,1.0,0.0,-1.0,1735844,0.0,10,,0.0,1.0,1.0,A01,138Â 196Â 365,1.0
1016904,201900058435,8,14,19:05,1,2,1,1.0,6.0,83123,RESISTANCE (AVENUE),M,"43,1217400","5,7961800",83,2019,50.0,1.0,1.0,4.0,2274273,10.0,3,3,2,0.0,,3.0,3,1990.0,A01,138Â 196Â 365,8.0,0.0,-1.0,1735844,0.0,10,,0.0,1.0,1.0,A01,138Â 196Â 365,1.0
1016905,201900058436,8,12,19:50,1,2,4,1.0,3.0,83009,FABRE (R L),M,"43,1394000","5,7697000",83,2019,50.0,1.0,1.0,3.0,2274274,1.0,1,1,1,0.0,,-1.0,0,1949.0,A01,138Â 196Â 360,1.0,0.0,-1.0,1735845,1.0,7,,0.0,0.0,8.0,A01,138Â 196Â 360,1.0
1016905,201900058436,8,12,19:50,1,2,4,1.0,3.0,83009,FABRE (R L),M,"43,1394000","5,7697000",83,2019,50.0,1.0,1.0,3.0,2274274,1.0,1,1,1,0.0,,-1.0,0,1949.0,A01,138Â 196Â 360,1.0,0.0,-1.0,1735846,3.0,2,,0.0,0.0,1.0,B01,138Â 196Â 361,1.0
1016905,201900058436,8,12,19:50,1,2,4,1.0,3.0,83009,FABRE (R L),M,"43,1394000","5,7697000",83,2019,50.0,1.0,1.0,3.0,2274275,1.0,1,4,1,5.0,,-1.0,0,2001.0,B01,138Â 196Â 361,2.0,0.0,-1.0,1735845,1.0,7,,0.0,0.0,8.0,A01,138Â 196Â 360,1.0
1016905,201900058436,8,12,19:50,1,2,4,1.0,3.0,83009,FABRE (R L),M,"43,1394000","5,7697000",83,2019,50.0,1.0,1.0,3.0,2274275,1.0,1,4,1,5.0,,-1.0,0,2001.0,B01,138Â 196Â 361,2.0,0.0,-1.0,1735846,3.0,2,,0.0,0.0,1.0,B01,138Â 196Â 361,1.0
1016906,201900058437,2,18,14:25,1,1,9,1.0,5.0,72335,RD 301 - chanteloup,M,"48,1140420","0,3452980",72,2019,80.0,1.0,1.0,3.0,2274276,2.0,2,4,2,0.0,,0.0,0,1957.0,C01,138Â 196Â 363,1.0,-1.0,-1.0,1735847,2.0,7,,13.0,0.0,1.0,C01,138Â 196Â 363,0.0
1016906,201900058437,2,18,14:25,1,1,9,1.0,5.0,72335,RD 301 - chanteloup,M,"48,1140420","0,3452980",72,2019,80.0,1.0,1.0,3.0,2274276,2.0,2,4,2,0.0,,0.0,0,1957.0,C01,138Â 196Â 363,1.0,-1.0,-1.0,1735848,2.0,7,,0.0,2.0,1.0,B01,138Â 196Â 366,0.0
1016906,201900058437,2,18,14:25,1,1,9,1.0,5.0,72335,RD 301 - chanteloup,M,"48,1140420","0,3452980",72,2019,80.0,1.0,1.0,3.0,2274276,2.0,2,4,2,0.0,,0.0,0,1957.0,C01,138Â 196Â 363,1.0,-1.0,-1.0,1735849,1.0,7,,0.0,2.0,3.0,A01,138Â 196Â 367,0.0
1016906,201900058437,2,18,14:25,1,1,9,1.0,5.0,72335,RD 301 - chanteloup,M,"48,1140420","0,3452980",72,2019,80.0,1.0,1.0,3.0,2274277,1.0,1,4,1,0.0,,0.0,0,1956.0,C01,138Â 196Â 363,1.0,-1.0,-1.0,1735847,2.0,7,,13.0,0.0,1.0,C01,138Â 196Â 363,0.0
1016906,201900058437,2,18,14:25,1,1,9,1.0,5.0,72335,RD 301 - chanteloup,M,"48,1140420","0,3452980",72,2019,80.0,1.0,1.0,3.0,2274277,1.0,1,4,1,0.0,,0.0,0,1956.0,C01,138Â 196Â 363,1.0,-1.0,-1.0,1735848,2.0,7,,0.0,2.0,1.0,B01,138Â 196Â 366,0.0
1016906,201900058437,2,18,14:25,1,1,9,1.0,5.0,72335,RD 301 - chanteloup,M,"48,1140420","0,3452980",72,2019,80.0,1.0,1.0,3.0,2274277,1.0,1,4,1,0.0,,0.0,0,1956.0,C01,138Â 196Â 363,1.0,-1.0,-1.0,1735849,1.0,7,,0.0,2.0,3.0,A01,138Â 196Â 367,0.0
1016906,201900058437,2,18,14:25,1,1,9,1.0,5.0,72335,RD 301 - chanteloup,M,"48,1140420","0,3452980",72,2019,80.0,1.0,1.0,3.0,2274278,1.0,1,4,2,0.0,,0.0,0,1968.0,B01,138Â 196Â 366,1.0,-1.0,-1.0,1735847,2.0,7,,13.0,0.0,1.0,C01,138Â 196Â 363,0.0
1016906,201900058437,2,18,14:25,1,1,9,1.0,5.0,72335,RD 301 - chanteloup,M,"48,1140420","0,3452980",72,2019,80.0,1.0,1.0,3.0,2274278,1.0,1,4,2,0.0,,0.0,0,1968.0,B01,138Â 196Â 366,1.0,-1.0,-1.0,1735848,2.0,7,,0.0,2.0,1.0,B01,138Â 196Â 366,0.0
1016906,201900058437,2,18,14:25,1,1,9,1.0,5.0,72335,RD 301 - chanteloup,M,"48,1140420","0,3452980",72,2019,80.0,1.0,1.0,3.0,2274278,1.0,1,4,2,0.0,,0.0,0,1968.0,B01,138Â 196Â 366,1.0,-1.0,-1.0,1735849,1.0,7,,0.0,2.0,3.0,A01,138Â 196Â 367,0.0
1016906,201900058437,2,18,14:25,1,1,9,1.0,5.0,72335,RD 301 - chanteloup,M,"48,1140420","0,3452980",72,2019,80.0,1.0,1.0,3.0,2274279,2.0,2,4,2,0.0,,0.0,0,1968.0,A01,138Â 196Â 367,1.0,-1.0,-1.0,1735847,2.0,7,,13.0,0.0,1.0,C01,138Â 196Â 363,0.0
1016906,201900058437,2,18,14:25,1,1,9,1.0,5.0,72335,RD 301 - chanteloup,M,"48,1140420","0,3452980",72,2019,80.0,1.0,1.0,3.0,2274279,2.0,2,4,2,0.0,,0.0,0,1968.0,A01,138Â 196Â 367,1.0,-1.0,-1.0,1735848,2.0,7,,0.0,2.0,1.0,B01,138Â 196Â 366,0.0
1016906,201900058437,2,18,14:25,1,1,9,1.0,5.0,72335,RD 301 - chanteloup,M,"48,1140420","0,3452980",72,2019,80.0,1.0,1.0,3.0,2274279,2.0,2,4,2,0.0,,0.0,0,1968.0,A01,138Â 196Â 367,1.0,-1.0,-1.0,1735849,1.0,7,,0.0,2.0,3.0,A01,138Â 196Â 367,0.0
1016906,201900058437,2,18,14:25,1,1,9,1.0,5.0,72335,RD 301 - chanteloup,M,"48,1140420","0,3452980",72,2019,80.0,1.0,1.0,3.0,2274280,1.0,1,4,1,0.0,,0.0,0,1965.0,A01,138Â 196Â 367,1.0,-1.0,-1.0,1735847,2.0,7,,13.0,0.0,1.0,C01,138Â 196Â 363,0.0
1016906,201900058437,2,18,14:25,1,1,9,1.0,5.0,72335,RD 301 - chanteloup,M,"48,1140420","0,3452980",72,2019,80.0,1.0,1.0,3.0,2274280,1.0,1,4,1,0.0,,0.0,0,1965.0,A01,138Â 196Â 367,1.0,-1.0,-1.0,1735848,2.0,7,,0.0,2.0,1.0,B01,138Â 196Â 366,0.0
1016906,201900058437,2,18,14:25,1,1,9,1.0,5.0,72335,RD 301 - chanteloup,M,"48,1140420","0,3452980",72,2019,80.0,1.0,1.0,3.0,2274280,1.0,1,4,1,0.0,,0.0,0,1965.0,A01,138Â 196Â 367,1.0,-1.0,-1.0,1735849,1.0,7,,0.0,2.0,3.0,A01,138Â 196Â 367,0.0
1016907,201900058438,3,26,06:45,1,1,1,1.0,3.0,03118,route de Moulins,M,"46,1136729","3,2005209",3,2019,80.0,1.0,1.0,3.0,2274281,1.0,1,4,2,1.0,,0.0,0,1989.0,B01,138Â 196Â 362,1.0,-1.0,-1.0,1735850,2.0,7,,0.0,2.0,8.0,B01,138Â 196Â 362,1.0
1016907,201900058438,3,26,06:45,1,1,1,1.0,3.0,03118,route de Moulins,M,"46,1136729","3,2005209",3,2019,80.0,1.0,1.0,3.0,2274281,1.0,1,4,2,1.0,,0.0,0,1989.0,B01,138Â 196Â 362,1.0,-1.0,-1.0,1735851,1.0,10,,0.0,2.0,8.0,A01,138Â 196Â 364,1.0
1016907,201900058438,3,26,06:45,1,1,1,1.0,3.0,03118,route de Moulins,M,"46,1136729","3,2005209",3,2019,80.0,1.0,1.0,3.0,2274282,1.0,1,1,1,4.0,,0.0,0,1994.0,A01,138Â 196Â 364,1.0,-1.0,-1.0,1735850,2.0,7,,0.0,2.0,8.0,B01,138Â 196Â 362,1.0
1016907,201900058438,3,26,06:45,1,1,1,1.0,3.0,03118,route de Moulins,M,"46,1136729","3,2005209",3,2019,80.0,1.0,1.0,3.0,2274282,1.0,1,1,1,4.0,,0.0,0,1994.0,A01,138Â 196Â 364,1.0,-1.0,-1.0,1735851,1.0,10,,0.0,2.0,8.0,A01,138Â 196Â 364,1.0
1016908,201900058439,8,14,17:50,1,2,2,1.0,3.0,77294,LILAS (AVENUE DES),M,"48,9607908","2,6038335",77,2019,50.0,1.0,1.0,4.0,2274283,1.0,1,4,1,0.0,,-1.0,0,1989.0,B01,138Â 196Â 353,2.0,6.0,-1.0,1735852,1.0,31,,0.0,2.0,7.0,B01,138Â 196Â 353,1.0
1016908,201900058439,8,14,17:50,1,2,2,1.0,3.0,77294,LILAS (AVENUE DES),M,"48,9607908","2,6038335",77,2019,50.0,1.0,1.0,4.0,2274283,1.0,1,4,1,0.0,,-1.0,0,1989.0,B01,138Â 196Â 353,2.0,6.0,-1.0,1735853,1.0,7,,0.0,2.0,3.0,A01,138Â 196Â 354,1.0
1016908,201900058439,8,14,17:50,1,2,2,1.0,3.0,77294,LILAS (AVENUE DES),M,"48,9607908","2,6038335",77,2019,50.0,1.0,1.0,4.0,2274284,1.0,1,1,1,0.0,,-1.0,0,1984.0,A01,138Â 196Â 354,1.0,0.0,-1.0,1735852,1.0,31,,0.0,2.0,7.0,B01,138Â 196Â 353,1.0
1016908,201900058439,8,14,17:50,1,2,2,1.0,3.0,77294,LILAS (AVENUE DES),M,"48,9607908","2,6038335",77,2019,50.0,1.0,1.0,4.0,2274284,1.0,1,1,1,0.0,,-1.0,0,1984.0,A01,138Â 196Â 354,1.0,0.0,-1.0,1735853,1.0,7,,0.0,2.0,3.0,A01,138Â 196Â 354,1.0
1016909,201900058440,3,20,16:45,1,2,7,1.0,6.0,26108,Quai des Marronniers,M,"44,7268380","5,0242870",26,2019,-1.0,1.0,1.0,6.0,2274285,1.0,1,1,2,5.0,,0.0,0,1995.0,A01,138Â 196Â 357,1.0,-1.0,-1.0,1735854,3.0,7,,0.0,1.0,3.0,A01,138Â 196Â 357,0.0
1016909,201900058440,3,20,16:45,1,2,7,1.0,6.0,26108,Quai des Marronniers,M,"44,7268380","5,0242870",26,2019,-1.0,1.0,1.0,6.0,2274286,10.0,3,3,1,5.0,,9.0,B,1940.0,A01,138Â 196Â 357,8.0,-1.0,-1.0,1735854,3.0,7,,0.0,1.0,3.0,A01,138Â 196Â 357,0.0
1016910,201900058441,1,28,20:10,3,1,1,1.0,1.0,72217,le calvaire,M,"48,0769360","0,2064120",72,2019,80.0,1.0,1.0,3.0,2274287,1.0,1,4,2,1.0,,0.0,0,1961.0,B01,138Â 196Â 351,1.0,-1.0,-1.0,1735855,2.0,7,,0.0,2.0,1.0,B01,138Â 196Â 351,1.0
1016910,201900058441,1,28,20:10,3,1,1,1.0,1.0,72217,le calvaire,M,"48,0769360","0,2064120",72,2019,80.0,1.0,1.0,3.0,2274287,1.0,1,4,2,1.0,,0.0,0,1961.0,B01,138Â 196Â 351,1.0,-1.0,-1.0,1735856,1.0,7,,0.0,2.0,1.0,A01,138Â 196Â 356,1.0
1016910,201900058441,1,28,20:10,3,1,1,1.0,1.0,72217,le calvaire,M,"48,0769360","0,2064120",72,2019,80.0,1.0,1.0,3.0,2274288,1.0,1,4,1,4.0,,0.0,0,1968.0,A01,138Â 196Â 356,1.0,-1.0,-1.0,1735855,2.0,7,,0.0,2.0,1.0,B01,138Â 196Â 351,1.0
1016910,201900058441,1,28,20:10,3,1,1,1.0,1.0,72217,le calvaire,M,"48,0769360","0,2064120",72,2019,80.0,1.0,1.0,3.0,2274288,1.0,1,4,1,4.0,,0.0,0,1968.0,A01,138Â 196Â 356,1.0,-1.0,-1.0,1735856,1.0,7,,0.0,2.0,1.0,A01,138Â 196Â 356,1.0
1016911,201900058442,8,13,16:45,1,2,6,1.0,3.0,77083,ALBERT EINSTEIN (BOULEVARD),M,"48,8380700","2,5846600",77,2019,50.0,1.0,1.0,4.0,2274289,2.0,1,4,1,5.0,,-1.0,0,1971.0,B01,138Â 196Â 349,8.0,0.0,-1.0,1735857,3.0,1,,0.0,2.0,8.0,B01,138Â 196Â 349,5.0
1016911,201900058442,8,13,16:45,1,2,6,1.0,3.0,77083,ALBERT EINSTEIN (BOULEVARD),M,"48,8380700","2,5846600",77,2019,50.0,1.0,1.0,4.0,2274289,2.0,1,4,1,5.0,,-1.0,0,1971.0,B01,138Â 196Â 349,8.0,0.0,-1.0,1735858,3.0,7,,0.0,6.0,1.0,A01,138Â 196Â 350,1.0
1016911,201900058442,8,13,16:45,1,2,6,1.0,3.0,77083,ALBERT EINSTEIN (BOULEVARD),M,"48,8380700","2,5846600",77,2019,50.0,1.0,1.0,4.0,2274290,1.0,1,1,2,5.0,,-1.0,0,1992.0,A01,138Â 196Â 350,1.0,0.0,-1.0,1735857,3.0,1,,0.0,2.0,8.0,B01,138Â 196Â 349,5.0
1016911,201900058442,8,13,16:45,1,2,6,1.0,3.0,77083,ALBERT EINSTEIN (BOULEVARD),M,"48,8380700","2,5846600",77,2019,50.0,1.0,1.0,4.0,2274290,1.0,1,1,2,5.0,,-1.0,0,1992.0,A01,138Â 196Â 350,1.0,0.0,-1.0,1735858,3.0,7,,0.0,6.0,1.0,A01,138Â 196Â 350,1.0
1016912,201900058443,8,13,15:40,1,2,1,1.0,6.0,77288,MONTAGNE DU MEE  (RUE DE LA),M,"48,5388900","2,6527400",77,2019,50.0,3.0,1.0,4.0,2274291,10.0,3,3,1,5.0,,9.0,B,1936.0,A01,138Â 196Â 346,8.0,0.0,-1.0,1735859,3.0,10,,0.0,1.0,1.0,A01,138Â 196Â 346,0.0
1016912,201900058443,8,13,15:40,1,2,1,1.0,6.0,77288,MONTAGNE DU MEE  (RUE DE LA),M,"48,5388900","2,6527400",77,2019,50.0,3.0,1.0,4.0,2274292,1.0,1,1,1,5.0,,0.0,0,1946.0,A01,138Â 196Â 346,1.0,0.0,-1.0,1735859,3.0,10,,0.0,1.0,1.0,A01,138Â 196Â 346,0.0
1016913,201900058444,2,15,16:45,1,2,1,1.0,1.0,14020,rue MarÃ©chal Foch,M,"49,1266401"," -0,1685527",14,2019,50.0,1.0,1.0,3.0,2274293,1.0,1,3,2,1.0,,0.0,0,1969.0,B01,138Â 196Â 347,2.0,6.0,-1.0,1735860,2.0,31,,0.0,2.0,1.0,B01,138Â 196Â 347,1.0
1016913,201900058444,2,15,16:45,1,2,1,1.0,1.0,14020,rue MarÃ©chal Foch,M,"49,1266401"," -0,1685527",14,2019,50.0,1.0,1.0,3.0,2274293,1.0,1,3,2,1.0,,0.0,0,1969.0,B01,138Â 196Â 347,2.0,6.0,-1.0,1735861,1.0,7,,0.0,2.0,2.0,A01,138Â 196Â 348,1.0
1016913,201900058444,2,15,16:45,1,2,1,1.0,1.0,14020,rue MarÃ©chal Foch,M,"49,1266401"," -0,1685527",14,2019,50.0,1.0,1.0,3.0,2274294,2.0,2,1,2,3.0,,0.0,0,1956.0,A01,138Â 196Â 348,1.0,-1.0,-1.0,1735860,2.0,31,,0.0,2.0,1.0,B01,138Â 196Â 347,1.0
1016913,201900058444,2,15,16:45,1,2,1,1.0,1.0,14020,rue MarÃ©chal Foch,M,"49,1266401"," -0,1685527",14,2019,50.0,1.0,1.0,3.0,2274294,2.0,2,1,2,3.0,,0.0,0,1956.0,A01,138Â 196Â 348,1.0,-1.0,-1.0,1735861,1.0,7,,0.0,2.0,2.0,A01,138Â 196Â 348,1.0
1016913,201900058444,2,15,16:45,1,2,1,1.0,1.0,14020,rue MarÃ©chal Foch,M,"49,1266401"," -0,1685527",14,2019,50.0,1.0,1.0,3.0,2274295,1.0,1,1,2,3.0,,0.0,0,1984.0,A01,138Â 196Â 348,1.0,-1.0,-1.0,1735860,2.0,31,,0.0,2.0,1.0,B01,138Â 196Â 347,1.0
1016913,201900058444,2,15,16:45,1,2,1,1.0,1.0,14020,rue MarÃ©chal Foch,M,"49,1266401"," -0,1685527",14,2019,50.0,1.0,1.0,3.0,2274295,1.0,1,1,2,3.0,,0.0,0,1984.0,A01,138Â 196Â 348,1.0,-1.0,-1.0,1735861,1.0,7,,0.0,2.0,2.0,A01,138Â 196Â 348,1.0
1016914,201900058445,2,17,17:00,1,2,1,1.0,3.0,14565,route de Bayeux,M,"49,3348360"," -0,6062450",14,2019,50.0,1.0,1.0,3.0,2274296,1.0,1,4,1,5.0,,0.0,0,1997.0,B01,138Â 196Â 342,2.0,6.0,-1.0,1735862,2.0,33,,0.0,2.0,1.0,B01,138Â 196Â 342,1.0
1016914,201900058445,2,17,17:00,1,2,1,1.0,3.0,14565,route de Bayeux,M,"49,3348360"," -0,6062450",14,2019,50.0,1.0,1.0,3.0,2274296,1.0,1,4,1,5.0,,0.0,0,1997.0,B01,138Â 196Â 342,2.0,6.0,-1.0,1735863,2.0,33,,0.0,2.0,8.0,A01,138Â 196Â 344,1.0
1016914,201900058445,2,17,17:00,1,2,1,1.0,3.0,14565,route de Bayeux,M,"49,3348360"," -0,6062450",14,2019,50.0,1.0,1.0,3.0,2274297,1.0,1,3,1,5.0,,0.0,0,1996.0,A01,138Â 196Â 344,6.0,-1.0,-1.0,1735862,2.0,33,,0.0,2.0,1.0,B01,138Â 196Â 342,1.0
1016914,201900058445,2,17,17:00,1,2,1,1.0,3.0,14565,route de Bayeux,M,"49,3348360"," -0,6062450",14,2019,50.0,1.0,1.0,3.0,2274297,1.0,1,3,1,5.0,,0.0,0,1996.0,A01,138Â 196Â 344,6.0,-1.0,-1.0,1735863,2.0,33,,0.0,2.0,8.0,A01,138Â 196Â 344,1.0
1016915,201900058446,2,17,14:30,1,1,1,7.0,3.0,50092,la montagne,M,"49,0707250"," -1,3726000",50,2019,80.0,1.0,1.0,3.0,2274298,1.0,1,1,2,5.0,,0.0,0,1945.0,A01,138Â 196Â 339,1.0,-1.0,-1.0,1735864,0.0,7,,0.0,2.0,5.0,A01,138Â 196Â 339,1.0
1016915,201900058446,2,17,14:30,1,1,1,7.0,3.0,50092,la montagne,M,"49,0707250"," -1,3726000",50,2019,80.0,1.0,1.0,3.0,2274298,1.0,1,1,2,5.0,,0.0,0,1945.0,A01,138Â 196Â 339,1.0,-1.0,-1.0,1735865,3.0,33,,0.0,2.0,8.0,B01,138Â 196Â 340,1.0
1016915,201900058446,2,17,14:30,1,1,1,7.0,3.0,50092,la montagne,M,"49,0707250"," -1,3726000",50,2019,80.0,1.0,1.0,3.0,2274299,2.0,2,1,1,5.0,,0.0,0,1942.0,A01,138Â 196Â 339,1.0,-1.0,-1.0,1735864,0.0,7,,0.0,2.0,5.0,A01,138Â 196Â 339,1.0
1016915,201900058446,2,17,14:30,1,1,1,7.0,3.0,50092,la montagne,M,"49,0707250"," -1,3726000",50,2019,80.0,1.0,1.0,3.0,2274299,2.0,2,1,1,5.0,,0.0,0,1942.0,A01,138Â 196Â 339,1.0,-1.0,-1.0,1735865,3.0,33,,0.0,2.0,8.0,B01,138Â 196Â 340,1.0
1016915,201900058446,2,17,14:30,1,1,1,7.0,3.0,50092,la montagne,M,"49,0707250"," -1,3726000",50,2019,80.0,1.0,1.0,3.0,2274300,1.0,1,3,1,5.0,,0.0,0,1985.0,B01,138Â 196Â 340,2.0,6.0,9.0,1735864,0.0,7,,0.0,2.0,5.0,A01,138Â 196Â 339,1.0
1016915,201900058446,2,17,14:30,1,1,1,7.0,3.0,50092,la montagne,M,"49,0707250"," -1,3726000",50,2019,80.0,1.0,1.0,3.0,2274300,1.0,1,3,1,5.0,,0.0,0,1985.0,B01,138Â 196Â 340,2.0,6.0,9.0,1735865,3.0,33,,0.0,2.0,8.0,B01,138Â 196Â 340,1.0
1016916,201900058447,8,14,12:10,1,2,2,1.0,2.0,76351,IRENE JOLIOT CURIE (RUE),M,"49,5154900","0,1054100",76,2019,50.0,1.0,1.0,3.0,2274301,1.0,1,3,1,0.0,,-1.0,0,2001.0,A01,138Â 196Â 337,2.0,8.0,-1.0,1735866,2.0,31,,0.0,2.0,1.0,A01,138Â 196Â 337,1.0
1016916,201900058447,8,14,12:10,1,2,2,1.0,2.0,76351,IRENE JOLIOT CURIE (RUE),M,"49,5154900","0,1054100",76,2019,50.0,1.0,1.0,3.0,2274301,1.0,1,3,1,0.0,,-1.0,0,2001.0,A01,138Â 196Â 337,2.0,8.0,-1.0,1735867,2.0,7,,0.0,2.0,3.0,B01,138Â 196Â 338,1.0
1016916,201900058447,8,14,12:10,1,2,2,1.0,2.0,76351,IRENE JOLIOT CURIE (RUE),M,"49,5154900","0,1054100",76,2019,50.0,1.0,1.0,3.0,2274302,1.0,1,1,2,5.0,,-1.0,0,1949.0,B01,138Â 196Â 338,1.0,0.0,-1.0,1735866,2.0,31,,0.0,2.0,1.0,A01,138Â 196Â 337,1.0
1016916,201900058447,8,14,12:10,1,2,2,1.0,2.0,76351,IRENE JOLIOT CURIE (RUE),M,"49,5154900","0,1054100",76,2019,50.0,1.0,1.0,3.0,2274302,1.0,1,1,2,5.0,,-1.0,0,1949.0,B01,138Â 196Â 338,1.0,0.0,-1.0,1735867,2.0,7,,0.0,2.0,3.0,B01,138Â 196Â 338,1.0
1016917,201900058448,2,18,12:00,1,2,1,1.0,6.0,50341,rue GÃ©nÃ©ral Leclerc,M,"49,4893960"," -1,3878590",50,2019,50.0,1.0,1.0,4.0,2274303,1.0,1,1,2,1.0,,0.0,0,1975.0,A01,138Â 196Â 336,1.0,-1.0,-1.0,1735868,0.0,7,,0.0,1.0,8.0,A01,138Â 196Â 336,1.0
1016917,201900058448,2,18,12:00,1,2,1,1.0,6.0,50341,rue GÃ©nÃ©ral Leclerc,M,"49,4893960"," -1,3878590",50,2019,50.0,1.0,1.0,4.0,2274304,10.0,3,3,2,5.0,,3.0,3,1952.0,A01,138Â 196Â 336,0.0,-1.0,-1.0,1735868,0.0,7,,0.0,1.0,8.0,A01,138Â 196Â 336,1.0
1016918,201900058449,2,17,06:00,5,2,1,1.0,6.0,50402,7 la trainellerie,M,"49,5150270"," -1,8149970",50,2019,50.0,1.0,1.0,4.0,2274305,1.0,1,4,1,5.0,,0.0,0,1999.0,A01,138Â 196Â 333,0.0,-1.0,-1.0,1735869,0.0,7,,1.0,0.0,3.0,A01,138Â 196Â 333,0.0
1016919,201900058450,8,11,14:35,1,2,1,1.0,6.0,76351,COCHET,M,"49,5010300","0,0917900",76,2019,50.0,1.0,1.0,3.0,2274306,1.0,1,1,1,0.0,,0.0,0,1985.0,A01,138Â 196Â 332,1.0,0.0,-1.0,1735870,2.0,7,,0.0,1.0,0.0,A01,138Â 196Â 332,1.0
1016919,201900058450,8,11,14:35,1,2,1,1.0,6.0,76351,COCHET,M,"49,5010300","0,0917900",76,2019,50.0,1.0,1.0,3.0,2274307,10.0,3,4,2,5.0,,2.0,3,2000.0,A01,138Â 196Â 332,8.0,0.0,-1.0,1735870,2.0,7,,0.0,1.0,0.0,A01,138Â 196Â 332,1.0
1016920,201900058451,2,16,04:40,3,1,1,1.0,7.0,50144,Le Ny au Jan,M,"48,7698830"," -1,0805250",50,2019,80.0,3.0,1.0,3.0,2274308,1.0,1,4,1,9.0,,0.0,0,1987.0,A01,138Â 196Â 331,1.0,-1.0,-1.0,1735871,3.0,7,,13.0,0.0,2.0,A01,138Â 196Â 331,1.0
1016921,201900058452,8,10,14:15,1,2,6,1.0,7.0,76351,THEOPHILE GAUTIER,M,"49,5117200","0,0893600",76,2019,50.0,1.0,1.0,4.0,2274309,1.0,1,4,1,5.0,,-1.0,0,1998.0,A01,138Â 196Â 330,1.0,0.0,-1.0,1735872,3.0,99,,9.0,0.0,0.0,A01,138Â 196Â 330,1.0
1016922,201900058453,2,18,18:55,3,1,1,1.0,5.0,83028,RD 562,M,"43,5763620","6,5923860",83,2019,80.0,1.0,1.0,3.0,2274310,1.0,1,1,1,0.0,,0.0,0,1988.0,C01,138Â 196Â 326,1.0,-1.0,-1.0,1735873,1.0,10,,0.0,2.0,1.0,C01,138Â 196Â 326,0.0
1016922,201900058453,2,18,18:55,3,1,1,1.0,5.0,83028,RD 562,M,"43,5763620","6,5923860",83,2019,80.0,1.0,1.0,3.0,2274310,1.0,1,1,1,0.0,,0.0,0,1988.0,C01,138Â 196Â 326,1.0,-1.0,-1.0,1735874,2.0,7,,0.0,2.0,3.0,B01,138Â 196Â 328,0.0
1016922,201900058453,2,18,18:55,3,1,1,1.0,5.0,83028,RD 562,M,"43,5763620","6,5923860",83,2019,80.0,1.0,1.0,3.0,2274310,1.0,1,1,1,0.0,,0.0,0,1988.0,C01,138Â 196Â 326,1.0,-1.0,-1.0,1735875,1.0,7,,0.0,2.0,3.0,A01,138Â 196Â 329,0.0
1016922,201900058453,2,18,18:55,3,1,1,1.0,5.0,83028,RD 562,M,"43,5763620","6,5923860",83,2019,80.0,1.0,1.0,3.0,2274311,1.0,1,3,2,0.0,,0.0,0,1981.0,B01,138Â 196Â 328,1.0,-1.0,-1.0,1735873,1.0,10,,0.0,2.0,1.0,C01,138Â 196Â 326,0.0