Unnamed: 0_x,num_acc,mois,jour,hrmn,lum,agg,int,atm,col,com,adr,gps,lat,long,dep,annee,vma,situ,surf,catr,Unnamed: 0_y,place,catu,grav,sexe,trajet,secu,locp,actp,an_nais,num_veh_x,id_vehicule_x,secu1,secu2,secu3,Unnamed: 0,senc,catv,occutc,obs,obsm,choc,num_veh_y,id_vehicule_y,motor
1016922,201900058453,2,18,18:55,3,1,1,1.0,5.0,83028,RD 562,M,"43,5763620","6,5923860",83,2019,80.0,1.0,1.0,3.0,2274311,1.0,1,3,2,0.0,,0.0,0,1981.0,B01,138Â 196Â 328,1.0,-1.0,-1.0,1735874,2.0,7,,0.0,2.0,3.0,B01,138Â 196Â 328,0.0
1016922,201900058453,2,18,18:55,3,1,1,1.0,5.0,83028,RD 562,M,"43,5763620","6,5923860",83,2019,80.0,1.0,1.0,3.0,2274311,1.0,1,3,2,0.0,,0.0,0,1981.0,B01,138Â 196Â 328,1.0,-1.0,-1.0,1735875,1.0,7,,0.0,2.0,3.0,A01,138Â 196Â 329,0.0
1016922,201900058453,2,18,18:55,3,1,1,1.0,5.0,83028,RD 562,M,"43,5763620","6,5923860",83,2019,80.0,1.0,1.0,3.0,2274312,1.0,1,3,2,0.0,,0.0,0,1956.0,A01,138Â 196Â 329,1.0,-1.0,-1.0,1735873,1.0,10,,0.0,2.0,1.0,C01,138Â 196Â 326,0.0
1016922,201900058453,2,18,18:55,3,1,1,1.0,5.0,83028,RD 562,M,"43,5763620","6,5923860",83,2019,80.0,1.0,1.0,3.0,2274312,1.0,1,3,2,0.0,,0.0,0,1956.0,A01,138Â 196Â 329,1.0,-1.0,-1.0,1735874,2.0,7,,0.0,2.0,3.0,B01,138Â 196Â 328,0.0
1016922,201900058453,2,18,18:55,3,1,1,1.0,5.0,83028,RD 562,M,"43,5763620","6,5923860",83,2019,80.0,1.0,1.0,3.0,2274312,1.0,1,3,2,0.0,,0.0,0,1956.0,A01,138Â 196Â 329,1.0,-1.0,-1.0,1735875,1.0,7,,0.0,2.0,3.0,A01,138Â 196Â 329,0.0
1016923,201900058454,8,12,18:34,1,2,1,1.0,5.0,74305,ROTONDE (RUE DE LA),M,"46,2034000","6,2405000",74,2019,50.0,1.0,1.0,4.0,2274313,1.0,1,1,1,1.0,,0.0,0,1985.0,A01,138Â 196Â 324,8.0,0.0,-1.0,1735876,1.0,7,,14.0,2.0,1.0,A01,138Â 196Â 324,0.0
1016923,201900058454,8,12,18:34,1,2,1,1.0,5.0,74305,ROTONDE (RUE DE LA),M,"46,2034000","6,2405000",74,2019,50.0,1.0,1.0,4.0,2274313,1.0,1,1,1,1.0,,0.0,0,1985.0,A01,138Â 196Â 324,8.0,0.0,-1.0,1735877,1.0,7,,0.0,2.0,9.0,B01,138Â 196Â 325,0.0
1016923,201900058454,8,12,18:34,1,2,1,1.0,5.0,74305,ROTONDE (RUE DE LA),M,"46,2034000","6,2405000",74,2019,50.0,1.0,1.0,4.0,2274313,1.0,1,1,1,1.0,,0.0,0,1985.0,A01,138Â 196Â 324,8.0,0.0,-1.0,1735878,1.0,7,,0.0,2.0,4.0,C01,138Â 196Â 327,0.0
1016923,201900058454,8,12,18:34,1,2,1,1.0,5.0,74305,ROTONDE (RUE DE LA),M,"46,2034000","6,2405000",74,2019,50.0,1.0,1.0,4.0,2274314,1.0,1,1,2,0.0,,0.0,0,1948.0,B01,138Â 196Â 325,8.0,0.0,-1.0,1735876,1.0,7,,14.0,2.0,1.0,A01,138Â 196Â 324,0.0
1016923,201900058454,8,12,18:34,1,2,1,1.0,5.0,74305,ROTONDE (RUE DE LA),M,"46,2034000","6,2405000",74,2019,50.0,1.0,1.0,4.0,2274314,1.0,1,1,2,0.0,,0.0,0,1948.0,B01,138Â 196Â 325,8.0,0.0,-1.0,1735877,1.0,7,,0.0,2.0,9.0,B01,138Â 196Â 325,0.0
1016923,201900058454,8,12,18:34,1,2,1,1.0,5.0,74305,ROTONDE (RUE DE LA),M,"46,2034000","6,2405000",74,2019,50.0,1.0,1.0,4.0,2274314,1.0,1,1,2,0.0,,0.0,0,1948.0,B01,138Â 196Â 325,8.0,0.0,-1.0,1735878,1.0,7,,0.0,2.0,4.0,C01,138Â 196Â 327,0.0
1016923,201900058454,8,12,18:34,1,2,1,1.0,5.0,74305,ROTONDE (RUE DE LA),M,"46,2034000","6,2405000",74,2019,50.0,1.0,1.0,4.0,2274315,1.0,1,4,2,0.0,,0.0,0,1981.0,C01,138Â 196Â 327,1.0,0.0,-1.0,1735876,1.0,7,,14.0,2.0,1.0,A01,138Â 196Â 324,0.0
1016923,201900058454,8,12,18:34,1,2,1,1.0,5.0,74305,ROTONDE (RUE DE LA),M,"46,2034000","6,2405000",74,2019,50.0,1.0,1.0,4.0,2274315,1.0,1,4,2,0.0,,0.0,0,1981.0,C01,138Â 196Â 327,1.0,0.0,-1.0,1735877,1.0,7,,0.0,2.0,9.0,B01,138Â 196Â 325,0.0
1016923,201900058454,8,12,18:34,1,2,1,1.0,5.0,74305,ROTONDE (RUE DE LA),M,"46,2034000","6,2405000",74,2019,50.0,1.0,1.0,4.0,2274315,1.0,1,4,2,0.0,,0.0,0,1981.0,C01,138Â 196Â 327,1.0,0.0,-1.0,1735878,1.0,7,,0.0,2.0,4.0,C01,138Â 196Â 327,0.0
1016924,201900058455,2,16,11:15,1,1,1,1.0,6.0,83145,,M,"43,5967400","5,9595760",83,2019,80.0,3.0,1.0,3.0,2274316,1.0,1,3,1,5.0,,0.0,0,1989.0,A01,138Â 196Â 323,2.0,6.0,-1.0,1735879,1.0,33,,2.0,0.0,3.0,A01,138Â 196Â 323,1.0
1016925,201900058456,5,31,19:25,1,2,4,1.0,3.0,73008,D1201 ROOSEVELT FRANKLIN AVENUE,M,"45,7013270","5,9091103",73,2019,50.0,1.0,1.0,3.0,2274317,1.0,1,1,1,1.0,,0.0,0,1963.0,A01,138Â 196Â 321,1.0,0.0,-1.0,1735880,2.0,7,,0.0,2.0,5.0,A01,138Â 196Â 321,1.0
1016925,201900058456,5,31,19:25,1,2,4,1.0,3.0,73008,D1201 ROOSEVELT FRANKLIN AVENUE,M,"45,7013270","5,9091103",73,2019,50.0,1.0,1.0,3.0,2274317,1.0,1,1,1,1.0,,0.0,0,1963.0,A01,138Â 196Â 321,1.0,0.0,-1.0,1735881,2.0,1,,0.0,2.0,1.0,B01,138Â 196Â 322,5.0
1016925,201900058456,5,31,19:25,1,2,4,1.0,3.0,73008,D1201 ROOSEVELT FRANKLIN AVENUE,M,"45,7013270","5,9091103",73,2019,50.0,1.0,1.0,3.0,2274318,1.0,1,3,1,0.0,,0.0,0,1972.0,B01,138Â 196Â 322,2.0,0.0,-1.0,1735880,2.0,7,,0.0,2.0,5.0,A01,138Â 196Â 321,1.0
1016925,201900058456,5,31,19:25,1,2,4,1.0,3.0,73008,D1201 ROOSEVELT FRANKLIN AVENUE,M,"45,7013270","5,9091103",73,2019,50.0,1.0,1.0,3.0,2274318,1.0,1,3,1,0.0,,0.0,0,1972.0,B01,138Â 196Â 322,2.0,0.0,-1.0,1735881,2.0,1,,0.0,2.0,1.0,B01,138Â 196Â 322,5.0
1016926,201900058457,8,17,09:54,1,2,1,3.0,6.0,72181,GENESLAY FELIX (AV) NÂ° IMP 171 A 263,M,"47,9759200","0,2072100",72,2019,50.0,1.0,2.0,7.0,2274319,10.0,3,2,2,3.0,,4.0,3,1929.0,A01,138Â 196Â 320,8.0,0.0,-1.0,1735882,2.0,7,,0.0,1.0,1.0,A01,138Â 196Â 320,1.0
1016926,201900058457,8,17,09:54,1,2,1,3.0,6.0,72181,GENESLAY FELIX (AV) NÂ° IMP 171 A 263,M,"47,9759200","0,2072100",72,2019,50.0,1.0,2.0,7.0,2274320,2.0,2,1,2,5.0,,0.0,0,1942.0,A01,138Â 196Â 320,1.0,0.0,-1.0,1735882,2.0,7,,0.0,1.0,1.0,A01,138Â 196Â 320,1.0
1016926,201900058457,8,17,09:54,1,2,1,3.0,6.0,72181,GENESLAY FELIX (AV) NÂ° IMP 171 A 263,M,"47,9759200","0,2072100",72,2019,50.0,1.0,2.0,7.0,2274321,1.0,1,1,1,5.0,,0.0,0,1939.0,A01,138Â 196Â 320,1.0,0.0,-1.0,1735882,2.0,7,,0.0,1.0,1.0,A01,138Â 196Â 320,1.0
1016927,201900058458,8,17,01:00,5,2,1,1.0,6.0,72095,GAULLE CHARLES DE (RUE),M,"48,0292300","0,2050400",72,2019,30.0,1.0,1.0,4.0,2274322,1.0,1,2,1,5.0,,0.0,0,1989.0,A01,138Â 196Â 319,8.0,0.0,-1.0,1735883,1.0,7,,6.0,0.0,3.0,A01,138Â 196Â 319,1.0
1016928,201900058459,8,14,15:15,1,2,1,1.0,2.0,71306,JEAN DIDIER (RUE),M,"46,6601100","4,3527400",71,2019,50.0,1.0,1.0,4.0,2274323,1.0,1,1,2,5.0,,0.0,0,1998.0,A01,138Â 196Â 317,1.0,0.0,-1.0,1735884,1.0,7,,0.0,2.0,1.0,A01,138Â 196Â 317,1.0
1016928,201900058459,8,14,15:15,1,2,1,1.0,2.0,71306,JEAN DIDIER (RUE),M,"46,6601100","4,3527400",71,2019,50.0,1.0,1.0,4.0,2274323,1.0,1,1,2,5.0,,0.0,0,1998.0,A01,138Â 196Â 317,1.0,0.0,-1.0,1735885,1.0,7,,0.0,2.0,4.0,B01,138Â 196Â 318,1.0
1016928,201900058459,8,14,15:15,1,2,1,1.0,2.0,71306,JEAN DIDIER (RUE),M,"46,6601100","4,3527400",71,2019,50.0,1.0,1.0,4.0,2274324,1.0,1,4,1,5.0,,0.0,0,1949.0,B01,138Â 196Â 318,1.0,0.0,-1.0,1735884,1.0,7,,0.0,2.0,1.0,A01,138Â 196Â 317,1.0
1016928,201900058459,8,14,15:15,1,2,1,1.0,2.0,71306,JEAN DIDIER (RUE),M,"46,6601100","4,3527400",71,2019,50.0,1.0,1.0,4.0,2274324,1.0,1,4,1,5.0,,0.0,0,1949.0,B01,138Â 196Â 318,1.0,0.0,-1.0,1735885,1.0,7,,0.0,2.0,4.0,B01,138Â 196Â 318,1.0
1016929,201900058460,8,16,17:00,1,2,1,1.0,3.0,71270,HERRIOT (AVENUE EDOUARD),M,"46,3010400","4,8303700",71,2019,50.0,1.0,1.0,3.0,2274325,1.0,1,1,1,4.0,,0.0,0,1962.0,A01,138Â 196Â 315,1.0,8.0,-1.0,1735886,1.0,10,,0.0,2.0,7.0,A01,138Â 196Â 315,1.0
1016929,201900058460,8,16,17:00,1,2,1,1.0,3.0,71270,HERRIOT (AVENUE EDOUARD),M,"46,3010400","4,8303700",71,2019,50.0,1.0,1.0,3.0,2274325,1.0,1,1,1,4.0,,0.0,0,1962.0,A01,138Â 196Â 315,1.0,8.0,-1.0,1735887,1.0,32,,0.0,2.0,8.0,B01,138Â 196Â 316,1.0
1016929,201900058460,8,16,17:00,1,2,1,1.0,3.0,71270,HERRIOT (AVENUE EDOUARD),M,"46,3010400","4,8303700",71,2019,50.0,1.0,1.0,3.0,2274326,1.0,1,4,1,5.0,,0.0,0,1948.0,B01,138Â 196Â 316,2.0,8.0,-1.0,1735886,1.0,10,,0.0,2.0,7.0,A01,138Â 196Â 315,1.0
1016929,201900058460,8,16,17:00,1,2,1,1.0,3.0,71270,HERRIOT (AVENUE EDOUARD),M,"46,3010400","4,8303700",71,2019,50.0,1.0,1.0,3.0,2274326,1.0,1,4,1,5.0,,0.0,0,1948.0,B01,138Â 196Â 316,2.0,8.0,-1.0,1735887,1.0,32,,0.0,2.0,8.0,B01,138Â 196Â 316,1.0
1016930,201900058461,8,16,09:40,1,2,6,1.0,3.0,71153,RD 984 - RD 28 - ABATTOIRS (boulevard des),M,"46,7856194","4,4364605",71,2019,50.0,1.0,1.0,3.0,2274327,1.0,1,2,1,0.0,,0.0,0,1937.0,B01,138Â 196Â 313,2.0,0.0,-1.0,1735888,1.0,1,,0.0,2.0,7.0,B01,138Â 196Â 313,0.0
1016930,201900058461,8,16,09:40,1,2,6,1.0,3.0,71153,RD 984 - RD 28 - ABATTOIRS (boulevard des),M,"46,7856194","4,4364605",71,2019,50.0,1.0,1.0,3.0,2274327,1.0,1,2,1,0.0,,0.0,0,1937.0,B01,138Â 196Â 313,2.0,0.0,-1.0,1735889,1.0,7,,0.0,2.0,2.0,A01,138Â 196Â 314,1.0
1016930,201900058461,8,16,09:40,1,2,6,1.0,3.0,71153,RD 984 - RD 28 - ABATTOIRS (boulevard des),M,"46,7856194","4,4364605",71,2019,50.0,1.0,1.0,3.0,2274328,1.0,1,1,1,0.0,,0.0,0,1956.0,A01,138Â 196Â 314,1.0,0.0,-1.0,1735888,1.0,1,,0.0,2.0,7.0,B01,138Â 196Â 313,0.0
1016930,201900058461,8,16,09:40,1,2,6,1.0,3.0,71153,RD 984 - RD 28 - ABATTOIRS (boulevard des),M,"46,7856194","4,4364605",71,2019,50.0,1.0,1.0,3.0,2274328,1.0,1,1,1,0.0,,0.0,0,1956.0,A01,138Â 196Â 314,1.0,0.0,-1.0,1735889,1.0,7,,0.0,2.0,2.0,A01,138Â 196Â 314,1.0
1016931,201900058462,8,17,14:00,1,2,2,1.0,3.0,69256,JEANNE MOREL                      (R),M,"45,7854200","4,9261400",69,2019,50.0,1.0,1.0,4.0,2274329,1.0,1,1,1,9.0,,-1.0,0,1979.0,A01,138Â 196Â 306,1.0,0.0,-1.0,1735890,1.0,7,,0.0,2.0,2.0,A01,138Â 196Â 306,1.0
1016931,201900058462,8,17,14:00,1,2,2,1.0,3.0,69256,JEANNE MOREL                      (R),M,"45,7854200","4,9261400",69,2019,50.0,1.0,1.0,4.0,2274329,1.0,1,1,1,9.0,,-1.0,0,1979.0,A01,138Â 196Â 306,1.0,0.0,-1.0,1735891,1.0,33,,0.0,2.0,1.0,B01,138Â 196Â 307,1.0
1016931,201900058462,8,17,14:00,1,2,2,1.0,3.0,69256,JEANNE MOREL                      (R),M,"45,7854200","4,9261400",69,2019,50.0,1.0,1.0,4.0,2274330,1.0,1,4,1,0.0,,-1.0, -1,1965.0,B01,138Â 196Â 307,2.0,0.0,-1.0,1735890,1.0,7,,0.0,2.0,2.0,A01,138Â 196Â 306,1.0
1016931,201900058462,8,17,14:00,1,2,2,1.0,3.0,69256,JEANNE MOREL                      (R),M,"45,7854200","4,9261400",69,2019,50.0,1.0,1.0,4.0,2274330,1.0,1,4,1,0.0,,-1.0, -1,1965.0,B01,138Â 196Â 307,2.0,0.0,-1.0,1735891,1.0,33,,0.0,2.0,1.0,B01,138Â 196Â 307,1.0
1016932,201900058463,8,14,17:45,1,2,3,1.0,3.0,69256,MAURICE THOREZ                      (AV),M,"45,7824210","4,9128100",69,2019,50.0,1.0,1.0,4.0,2274331,1.0,1,1,1,5.0,,-1.0,0,1976.0,B01,138Â 196Â 303,1.0,0.0,-1.0,1735892,3.0,7,,0.0,2.0,8.0,B01,138Â 196Â 303,1.0
1016932,201900058463,8,14,17:45,1,2,3,1.0,3.0,69256,MAURICE THOREZ                      (AV),M,"45,7824210","4,9128100",69,2019,50.0,1.0,1.0,4.0,2274331,1.0,1,1,1,5.0,,-1.0,0,1976.0,B01,138Â 196Â 303,1.0,0.0,-1.0,1735893,3.0,32,,0.0,2.0,1.0,A01,138Â 196Â 305,1.0
1016932,201900058463,8,14,17:45,1,2,3,1.0,3.0,69256,MAURICE THOREZ                      (AV),M,"45,7824210","4,9128100",69,2019,50.0,1.0,1.0,4.0,2274332,1.0,1,4,1,5.0,,-1.0,0,1987.0,A01,138Â 196Â 305,2.0,6.0,-1.0,1735892,3.0,7,,0.0,2.0,8.0,B01,138Â 196Â 303,1.0
1016932,201900058463,8,14,17:45,1,2,3,1.0,3.0,69256,MAURICE THOREZ                      (AV),M,"45,7824210","4,9128100",69,2019,50.0,1.0,1.0,4.0,2274332,1.0,1,4,1,5.0,,-1.0,0,1987.0,A01,138Â 196Â 305,2.0,6.0,-1.0,1735893,3.0,32,,0.0,2.0,1.0,A01,138Â 196Â 305,1.0
1016933,201900058464,6,16,02:10,5,2,3,1.0,3.0,75103,BOULEVARD BEAUMARCHAIS,M,"48,8610110","2,3672460",75,2019,50.0,1.0,1.0,4.0,2274333,1.0,1,3,1,0.0,,0.0,0,1981.0,A01,138Â 196Â 302,2.0,6.0,-1.0,1735894,2.0,33,,0.0,2.0,1.0,A01,138Â 196Â 302,1.0
1016933,201900058464,6,16,02:10,5,2,3,1.0,3.0,75103,BOULEVARD BEAUMARCHAIS,M,"48,8610110","2,3672460",75,2019,50.0,1.0,1.0,4.0,2274333,1.0,1,3,1,0.0,,0.0,0,1981.0,A01,138Â 196Â 302,2.0,6.0,-1.0,1735895,2.0,30,,0.0,2.0,7.0,B01,138Â 196Â 304,3.0
1016933,201900058464,6,16,02:10,5,2,3,1.0,3.0,75103,BOULEVARD BEAUMARCHAIS,M,"48,8610110","2,3672460",75,2019,50.0,1.0,1.0,4.0,2274334,1.0,1,4,1,0.0,,0.0,0,1991.0,B01,138Â 196Â 304,2.0,6.0,-1.0,1735894,2.0,33,,0.0,2.0,1.0,A01,138Â 196Â 302,1.0
1016933,201900058464,6,16,02:10,5,2,3,1.0,3.0,75103,BOULEVARD BEAUMARCHAIS,M,"48,8610110","2,3672460",75,2019,50.0,1.0,1.0,4.0,2274334,1.0,1,4,1,0.0,,0.0,0,1991.0,B01,138Â 196Â 304,2.0,6.0,-1.0,1735895,2.0,30,,0.0,2.0,7.0,B01,138Â 196Â 304,3.0
1016934,201900058465,6,13,13:45,1,2,3,1.0,6.0,75103,BOULEVARD BEAUMARCHAIS,M,"48,8601050","2,3674620",75,2019,50.0,1.0,1.0,4.0,2274335,10.0,3,4,1,0.0,,1.0,3,1982.0,Z01,138Â 196Â 301,8.0,0.0,-1.0,1735896,3.0,31,,0.0,1.0,1.0,Z01,138Â 196Â 301,1.0
1016935,201900058466,8,14,08:20,1,2,2,1.0,5.0,69282,REPUBLIQUE (DE)                     (R ),M,"45,7694700","4,9878200",69,2019,50.0,1.0,1.0,4.0,2274336,1.0,1,2,1,1.0,,-1.0, -1,1962.0,A01,138Â 196Â 297,2.0,6.0,-1.0,1735897,2.0,33,,0.0,2.0,7.0,A01,138Â 196Â 297,1.0
1016935,201900058466,8,14,08:20,1,2,2,1.0,5.0,69282,REPUBLIQUE (DE)                     (R ),M,"45,7694700","4,9878200",69,2019,50.0,1.0,1.0,4.0,2274336,1.0,1,2,1,1.0,,-1.0, -1,1962.0,A01,138Â 196Â 297,2.0,6.0,-1.0,1735898,2.0,10,,0.0,2.0,8.0,B01,138Â 196Â 298,1.0
1016935,201900058466,8,14,08:20,1,2,2,1.0,5.0,69282,REPUBLIQUE (DE)                     (R ),M,"45,7694700","4,9878200",69,2019,50.0,1.0,1.0,4.0,2274336,1.0,1,2,1,1.0,,-1.0, -1,1962.0,A01,138Â 196Â 297,2.0,6.0,-1.0,1735899,1.0,7,,0.0,2.0,7.0,C01,138Â 196Â 300,1.0
1016935,201900058466,8,14,08:20,1,2,2,1.0,5.0,69282,REPUBLIQUE (DE)                     (R ),M,"45,7694700","4,9878200",69,2019,50.0,1.0,1.0,4.0,2274337,1.0,1,1,1,4.0,,-1.0, -1,1984.0,B01,138Â 196Â 298,1.0,0.0,-1.0,1735897,2.0,33,,0.0,2.0,7.0,A01,138Â 196Â 297,1.0
1016935,201900058466,8,14,08:20,1,2,2,1.0,5.0,69282,REPUBLIQUE (DE)                     (R ),M,"45,7694700","4,9878200",69,2019,50.0,1.0,1.0,4.0,2274337,1.0,1,1,1,4.0,,-1.0, -1,1984.0,B01,138Â 196Â 298,1.0,0.0,-1.0,1735898,2.0,10,,0.0,2.0,8.0,B01,138Â 196Â 298,1.0
1016935,201900058466,8,14,08:20,1,2,2,1.0,5.0,69282,REPUBLIQUE (DE)                     (R ),M,"45,7694700","4,9878200",69,2019,50.0,1.0,1.0,4.0,2274337,1.0,1,1,1,4.0,,-1.0, -1,1984.0,B01,138Â 196Â 298,1.0,0.0,-1.0,1735899,1.0,7,,0.0,2.0,7.0,C01,138Â 196Â 300,1.0
1016935,201900058466,8,14,08:20,1,2,2,1.0,5.0,69282,REPUBLIQUE (DE)                     (R ),M,"45,7694700","4,9878200",69,2019,50.0,1.0,1.0,4.0,2274338,1.0,1,1,2,1.0,,-1.0, -1,1967.0,C01,138Â 196Â 300,1.0,0.0,-1.0,1735897,2.0,33,,0.0,2.0,7.0,A01,138Â 196Â 297,1.0
1016935,201900058466,8,14,08:20,1,2,2,1.0,5.0,69282,REPUBLIQUE (DE)                     (R ),M,"45,7694700","4,9878200",69,2019,50.0,1.0,1.0,4.0,2274338,1.0,1,1,2,1.0,,-1.0, -1,1967.0,C01,138Â 196Â 300,1.0,0.0,-1.0,1735898,2.0,10,,0.0,2.0,8.0,B01,138Â 196Â 298,1.0
1016935,201900058466,8,14,08:20,1,2,2,1.0,5.0,69282,REPUBLIQUE (DE)                     (R ),M,"45,7694700","4,9878200",69,2019,50.0,1.0,1.0,4.0,2274338,1.0,1,1,2,1.0,,-1.0, -1,1967.0,C01,138Â 196Â 300,1.0,0.0,-1.0,1735899,1.0,7,,0.0,2.0,7.0,C01,138Â 196Â 300,1.0
1016936,201900058467,6,9,02:55,5,2,3,1.0,6.0,75102,BOULEVARD DE BONNE NOUVELLE,M,"48,8700220","2,3509350",75,2019,50.0,1.0,1.0,4.0,2274339,1.0,1,4,1,1.0,,0.0,0,1992.0,A01,138Â 196Â 296,2.0,6.0,-1.0,1735900,1.0,32,,0.0,2.0,1.0,A01,138Â 196Â 296,1.0
1016936,201900058467,6,9,02:55,5,2,3,1.0,6.0,75102,BOULEVARD DE BONNE NOUVELLE,M,"48,8700220","2,3509350",75,2019,50.0,1.0,1.0,4.0,2274339,1.0,1,4,1,1.0,,0.0,0,1992.0,A01,138Â 196Â 296,2.0,6.0,-1.0,1735901,1.0,30,,0.0,2.0,8.0,Z01,138Â 196Â 299,3.0
1016936,201900058467,6,9,02:55,5,2,3,1.0,6.0,75102,BOULEVARD DE BONNE NOUVELLE,M,"48,8700220","2,3509350",75,2019,50.0,1.0,1.0,4.0,2274340,2.0,2,4,2,1.0,,0.0,0,1990.0,A01,138Â 196Â 296,2.0,6.0,-1.0,1735900,1.0,32,,0.0,2.0,1.0,A01,138Â 196Â 296,1.0
1016936,201900058467,6,9,02:55,5,2,3,1.0,6.0,75102,BOULEVARD DE BONNE NOUVELLE,M,"48,8700220","2,3509350",75,2019,50.0,1.0,1.0,4.0,2274340,2.0,2,4,2,1.0,,0.0,0,1990.0,A01,138Â 196Â 296,2.0,6.0,-1.0,1735901,1.0,30,,0.0,2.0,8.0,Z01,138Â 196Â 299,3.0
1016937,201900058468,8,14,08:50,1,2,6,1.0,6.0,69266,FRANCIS DE PRESSENSE    (Rue),M,"45,7713000","4,8845900",69,2019,30.0,1.0,1.0,4.0,2274341,1.0,1,1,1,9.0,,-1.0, -1,1952.0,A01,138Â 196Â 294,1.0,0.0,-1.0,1735902,1.0,99,,0.0,2.0,0.0,A01,138Â 196Â 294,0.0
1016937,201900058468,8,14,08:50,1,2,6,1.0,6.0,69266,FRANCIS DE PRESSENSE    (Rue),M,"45,7713000","4,8845900",69,2019,30.0,1.0,1.0,4.0,2274342,10.0,3,4,2,1.0,,9.0,B,1991.0,A01,138Â 196Â 294,8.0,0.0,-1.0,1735902,1.0,99,,0.0,2.0,0.0,A01,138Â 196Â 294,0.0
1016938,201900058469,6,8,16:35,1,2,1,2.0,3.0,75103,RUE SAINT MARTIN,M,"48,8624650","2,3521200",75,2019,30.0,1.0,2.0,4.0,2274343,1.0,1,1,1,1.0,,0.0,0,1986.0,A01,138Â 196Â 293,1.0,0.0,-1.0,1735903,2.0,7,,0.0,2.0,7.0,A01,138Â 196Â 293,1.0
1016938,201900058469,6,8,16:35,1,2,1,2.0,3.0,75103,RUE SAINT MARTIN,M,"48,8624650","2,3521200",75,2019,30.0,1.0,2.0,4.0,2274343,1.0,1,1,1,1.0,,0.0,0,1986.0,A01,138Â 196Â 293,1.0,0.0,-1.0,1735904,2.0,1,,0.0,2.0,3.0,B01,138Â 196Â 295,5.0
1016938,201900058469,6,8,16:35,1,2,1,2.0,3.0,75103,RUE SAINT MARTIN,M,"48,8624650","2,3521200",75,2019,30.0,1.0,2.0,4.0,2274344,3.0,2,1,2,5.0,,0.0,0,1977.0,A01,138Â 196Â 293,1.0,0.0,-1.0,1735903,2.0,7,,0.0,2.0,7.0,A01,138Â 196Â 293,1.0
1016938,201900058469,6,8,16:35,1,2,1,2.0,3.0,75103,RUE SAINT MARTIN,M,"48,8624650","2,3521200",75,2019,30.0,1.0,2.0,4.0,2274344,3.0,2,1,2,5.0,,0.0,0,1977.0,A01,138Â 196Â 293,1.0,0.0,-1.0,1735904,2.0,1,,0.0,2.0,3.0,B01,138Â 196Â 295,5.0
1016938,201900058469,6,8,16:35,1,2,1,2.0,3.0,75103,RUE SAINT MARTIN,M,"48,8624650","2,3521200",75,2019,30.0,1.0,2.0,4.0,2274345,1.0,1,4,2,5.0,,0.0,0,1978.0,B01,138Â 196Â 295,8.0,0.0,-1.0,1735903,2.0,7,,0.0,2.0,7.0,A01,138Â 196Â 293,1.0
1016938,201900058469,6,8,16:35,1,2,1,2.0,3.0,75103,RUE SAINT MARTIN,M,"48,8624650","2,3521200",75,2019,30.0,1.0,2.0,4.0,2274345,1.0,1,4,2,5.0,,0.0,0,1978.0,B01,138Â 196Â 295,8.0,0.0,-1.0,1735904,2.0,1,,0.0,2.0,3.0,B01,138Â 196Â 295,5.0
1016939,201900058470,6,6,23:00,5,2,1,1.0,3.0,75103,RUE DU TEMPLE,M,"48,8659500","2,3610230",75,2019,50.0,6.0,1.0,4.0,2274346,1.0,1,1,2,4.0,,0.0,0,1993.0,B01,138Â 196Â 289,1.0,0.0,-1.0,1735905,1.0,37,1.0,0.0,2.0,7.0,B01,138Â 196Â 289,1.0
1016939,201900058470,6,6,23:00,5,2,1,1.0,3.0,75103,RUE DU TEMPLE,M,"48,8659500","2,3610230",75,2019,50.0,6.0,1.0,4.0,2274346,1.0,1,1,2,4.0,,0.0,0,1993.0,B01,138Â 196Â 289,1.0,0.0,-1.0,1735906,1.0,50,,0.0,2.0,0.0,A01,138Â 196Â 291,3.0
1016939,201900058470,6,6,23:00,5,2,1,1.0,3.0,75103,RUE DU TEMPLE,M,"48,8659500","2,3610230",75,2019,50.0,6.0,1.0,4.0,2274347,1.0,1,4,1,5.0,,0.0,0,1993.0,A01,138Â 196Â 291,0.0,0.0,-1.0,1735905,1.0,37,1.0,0.0,2.0,7.0,B01,138Â 196Â 289,1.0
1016939,201900058470,6,6,23:00,5,2,1,1.0,3.0,75103,RUE DU TEMPLE,M,"48,8659500","2,3610230",75,2019,50.0,6.0,1.0,4.0,2274347,1.0,1,4,1,5.0,,0.0,0,1993.0,A01,138Â 196Â 291,0.0,0.0,-1.0,1735906,1.0,50,,0.0,2.0,0.0,A01,138Â 196Â 291,3.0
1016940,201900058471,8,12,07:10,1,2,2,2.0,1.0,69290,PARILLY (DE)                        (BD),M,"45,7177100","4,9093500",69,2019,50.0,1.0,2.0,3.0,2274348,1.0,1,4,1,1.0,,-1.0,0,1975.0,B01,138Â 196Â 290,1.0,0.0,-1.0,1735907,1.0,7,,0.0,2.0,1.0,B01,138Â 196Â 290,3.0
1016940,201900058471,8,12,07:10,1,2,2,2.0,1.0,69290,PARILLY (DE)                        (BD),M,"45,7177100","4,9093500",69,2019,50.0,1.0,2.0,3.0,2274348,1.0,1,4,1,1.0,,-1.0,0,1975.0,B01,138Â 196Â 290,1.0,0.0,-1.0,1735908,1.0,7,,0.0,2.0,1.0,A01,138Â 196Â 292,1.0