Unnamed: 0_x,num_acc,mois,jour,hrmn,lum,agg,int,atm,col,com,adr,gps,lat,long,dep,annee,vma,situ,surf,catr,Unnamed: 0_y,place,catu,grav,sexe,trajet,secu,locp,actp,an_nais,num_veh_x,id_vehicule_x,secu1,secu2,secu3,Unnamed: 0,senc,catv,occutc,obs,obsm,choc,num_veh_y,id_vehicule_y,motor
1016940,201900058471,8,12,07:10,1,2,2,2.0,1.0,69290,PARILLY (DE)                        (BD),M,"45,7177100","4,9093500",69,2019,50.0,1.0,2.0,3.0,2274349,1.0,1,4,1,1.0,,-1.0,0,1990.0,A01,138Â 196Â 292,1.0,0.0,-1.0,1735907,1.0,7,,0.0,2.0,1.0,B01,138Â 196Â 290,3.0
1016940,201900058471,8,12,07:10,1,2,2,2.0,1.0,69290,PARILLY (DE)                        (BD),M,"45,7177100","4,9093500",69,2019,50.0,1.0,2.0,3.0,2274349,1.0,1,4,1,1.0,,-1.0,0,1990.0,A01,138Â 196Â 292,1.0,0.0,-1.0,1735908,1.0,7,,0.0,2.0,1.0,A01,138Â 196Â 292,1.0
1016941,201900058472,6,14,08:45,1,2,2,1.0,6.0,75102,RUE DE LA PAIX,M,"48,8695540","2,3315180",75,2019,50.0,1.0,1.0,4.0,2274350,1.0,1,1,1,4.0,,0.0,0,1973.0,A01,138Â 196Â 287,1.0,0.0,-1.0,1735909,2.0,10,,0.0,1.0,1.0,A01,138Â 196Â 287,1.0
1016941,201900058472,6,14,08:45,1,2,2,1.0,6.0,75102,RUE DE LA PAIX,M,"48,8695540","2,3315180",75,2019,50.0,1.0,1.0,4.0,2274351,10.0,3,4,2,0.0,,4.0,3,1990.0,A01,138Â 196Â 287,8.0,0.0,-1.0,1735909,2.0,10,,0.0,1.0,1.0,A01,138Â 196Â 287,1.0
1016942,201900058473,8,16,13:50,1,2,1,1.0,2.0,69091,BASSIN (PL),M,"45,5901400","4,7755200",69,2019,30.0,1.0,1.0,4.0,2274352,1.0,1,1,1,0.0,,-1.0,0,1969.0,A01,138Â 196Â 286,1.0,0.0,-1.0,1735910,3.0,7,,0.0,1.0,4.0,A01,138Â 196Â 286,0.0
1016942,201900058473,8,16,13:50,1,2,1,1.0,2.0,69091,BASSIN (PL),M,"45,5901400","4,7755200",69,2019,30.0,1.0,1.0,4.0,2274352,1.0,1,1,1,0.0,,-1.0,0,1969.0,A01,138Â 196Â 286,1.0,0.0,-1.0,1735911,3.0,33,,0.0,2.0,1.0,B01,138Â 196Â 288,1.0
1016942,201900058473,8,16,13:50,1,2,1,1.0,2.0,69091,BASSIN (PL),M,"45,5901400","4,7755200",69,2019,30.0,1.0,1.0,4.0,2274353,1.0,1,4,1,0.0,,-1.0,0,1990.0,B01,138Â 196Â 288,2.0,0.0,-1.0,1735910,3.0,7,,0.0,1.0,4.0,A01,138Â 196Â 286,0.0
1016942,201900058473,8,16,13:50,1,2,1,1.0,2.0,69091,BASSIN (PL),M,"45,5901400","4,7755200",69,2019,30.0,1.0,1.0,4.0,2274353,1.0,1,4,1,0.0,,-1.0,0,1990.0,B01,138Â 196Â 288,2.0,0.0,-1.0,1735911,3.0,33,,0.0,2.0,1.0,B01,138Â 196Â 288,1.0
1016943,201900058474,8,13,15:50,1,2,4,1.0,2.0,69091,SAINT GERALD ( R ),M,"45,5825800","4,7728600",69,2019,30.0,1.0,1.0,4.0,2274354,1.0,1,1,2,5.0,,-1.0,0,1988.0,A01,138Â 196Â 283,1.0,0.0,-1.0,1735912,1.0,7,,0.0,2.0,1.0,A01,138Â 196Â 283,1.0
1016943,201900058474,8,13,15:50,1,2,4,1.0,2.0,69091,SAINT GERALD ( R ),M,"45,5825800","4,7728600",69,2019,30.0,1.0,1.0,4.0,2274354,1.0,1,1,2,5.0,,-1.0,0,1988.0,A01,138Â 196Â 283,1.0,0.0,-1.0,1735913,3.0,7,,0.0,9.0,4.0,B01,138Â 196Â 285,1.0
1016943,201900058474,8,13,15:50,1,2,4,1.0,2.0,69091,SAINT GERALD ( R ),M,"45,5825800","4,7728600",69,2019,30.0,1.0,1.0,4.0,2274355,1.0,1,4,1,5.0,,-1.0,0,1980.0,B01,138Â 196Â 285,1.0,8.0,-1.0,1735912,1.0,7,,0.0,2.0,1.0,A01,138Â 196Â 283,1.0
1016943,201900058474,8,13,15:50,1,2,4,1.0,2.0,69091,SAINT GERALD ( R ),M,"45,5825800","4,7728600",69,2019,30.0,1.0,1.0,4.0,2274355,1.0,1,4,1,5.0,,-1.0,0,1980.0,B01,138Â 196Â 285,1.0,8.0,-1.0,1735913,3.0,7,,0.0,9.0,4.0,B01,138Â 196Â 285,1.0
1016944,201900058475,6,14,03:10,5,2,3,1.0,6.0,75103,RUE SAINT MARTIN,M,"48,8636810","2,3527780",75,2019,50.0,1.0,1.0,4.0,2274356,1.0,1,4,1,5.0,,0.0,0,1995.0,A01,138Â 196Â 284,0.0,0.0,-1.0,1735914,2.0,7,,0.0,2.0,0.0,Z01,138Â 196Â 282,0.0
1016944,201900058475,6,14,03:10,5,2,3,1.0,6.0,75103,RUE SAINT MARTIN,M,"48,8636810","2,3527780",75,2019,50.0,1.0,1.0,4.0,2274356,1.0,1,4,1,5.0,,0.0,0,1995.0,A01,138Â 196Â 284,0.0,0.0,-1.0,1735915,3.0,50,,0.0,2.0,0.0,A01,138Â 196Â 284,3.0
1016945,201900058476,6,5,15:55,1,2,2,2.0,6.0,75102,RUE DE RICHELIEU,M,"48,8691660","2,3386860",75,2019,30.0,1.0,2.0,4.0,2274357,10.0,3,4,1,1.0,,3.0,3,1993.0,A01,138Â 196Â 279,8.0,0.0,-1.0,1735916,1.0,7,,0.0,1.0,2.0,A01,138Â 196Â 279,1.0
1016945,201900058476,6,5,15:55,1,2,2,2.0,6.0,75102,RUE DE RICHELIEU,M,"48,8691660","2,3386860",75,2019,30.0,1.0,2.0,4.0,2274358,1.0,1,1,2,1.0,,0.0,0,1994.0,A01,138Â 196Â 279,1.0,0.0,-1.0,1735916,1.0,7,,0.0,1.0,2.0,A01,138Â 196Â 279,1.0
1016946,201900058477,5,31,21:10,5,2,2,1.0,3.0,75102,RUE ETIENNE MARCEL,M,"48,8636710","2,3500170",75,2019,50.0,6.0,1.0,4.0,2274359,1.0,1,1,1,4.0,,0.0,0,1968.0,B01,138Â 196Â 277,1.0,0.0,-1.0,1735917,1.0,7,,0.0,2.0,2.0,B01,138Â 196Â 277,2.0
1016946,201900058477,5,31,21:10,5,2,2,1.0,3.0,75102,RUE ETIENNE MARCEL,M,"48,8636710","2,3500170",75,2019,50.0,6.0,1.0,4.0,2274359,1.0,1,1,1,4.0,,0.0,0,1968.0,B01,138Â 196Â 277,1.0,0.0,-1.0,1735918,2.0,1,,0.0,2.0,1.0,A01,138Â 196Â 278,5.0
1016946,201900058477,5,31,21:10,5,2,2,1.0,3.0,75102,RUE ETIENNE MARCEL,M,"48,8636710","2,3500170",75,2019,50.0,6.0,1.0,4.0,2274360,1.0,1,4,1,5.0,,0.0,0,1993.0,A01,138Â 196Â 278,8.0,0.0,-1.0,1735917,1.0,7,,0.0,2.0,2.0,B01,138Â 196Â 277,2.0
1016946,201900058477,5,31,21:10,5,2,2,1.0,3.0,75102,RUE ETIENNE MARCEL,M,"48,8636710","2,3500170",75,2019,50.0,6.0,1.0,4.0,2274360,1.0,1,4,1,5.0,,0.0,0,1993.0,A01,138Â 196Â 278,8.0,0.0,-1.0,1735918,2.0,1,,0.0,2.0,1.0,A01,138Â 196Â 278,5.0
1016947,201900058478,6,17,17:00,1,2,3,1.0,6.0,75101,RUE DANIELLE CASANOVA,M,"48,8679530","2,3317210",75,2019,30.0,1.0,1.0,4.0,2274361,1.0,1,1,1,9.0,,0.0,0,1995.0,A01,138Â 196Â 276,8.0,0.0,-1.0,1735919,1.0,7,,0.0,1.0,4.0,A01,138Â 196Â 276,1.0
1016947,201900058478,6,17,17:00,1,2,3,1.0,6.0,75101,RUE DANIELLE CASANOVA,M,"48,8679530","2,3317210",75,2019,30.0,1.0,1.0,4.0,2274362,10.0,3,4,2,0.0,,2.0,3,1934.0,A01,138Â 196Â 276,8.0,0.0,-1.0,1735919,1.0,7,,0.0,1.0,4.0,A01,138Â 196Â 276,1.0
1016948,201900058479,6,16,14:30,1,2,3,1.0,6.0,75101,RUE DE RIVOLI,M,"48,8646510","2,3293090",75,2019,50.0,1.0,1.0,4.0,2274363,1.0,1,4,2,0.0,,0.0,0,1981.0,A01,138Â 196Â 275,2.0,6.0,-1.0,1735920,1.0,32,,11.0,0.0,3.0,A01,138Â 196Â 275,1.0
1016949,201900058480,6,13,17:20,1,2,3,1.0,6.0,75101,RUE DE RIVOLI,M,"48,8607970","2,3412180",75,2019,50.0,1.0,1.0,4.0,2274364,10.0,3,4,1,5.0,,4.0,3,1990.0,A01,138Â 196Â 274,8.0,0.0,-1.0,1735921,1.0,10,,0.0,1.0,8.0,A01,138Â 196Â 274,1.0
1016949,201900058480,6,13,17:20,1,2,3,1.0,6.0,75101,RUE DE RIVOLI,M,"48,8607970","2,3412180",75,2019,50.0,1.0,1.0,4.0,2274365,1.0,1,1,1,4.0,,0.0,0,1997.0,A01,138Â 196Â 274,8.0,0.0,-1.0,1735921,1.0,10,,0.0,1.0,8.0,A01,138Â 196Â 274,1.0
1016950,201900058481,6,13,10:30,1,2,4,8.0,7.0,75109,AVENUE TRUDAINE,M,"48,8815380","2,3444490",75,2019,50.0,1.0,2.0,4.0,2274366,1.0,1,4,1,1.0,,0.0,0,1969.0,A01,138Â 196Â 273,2.0,6.0,-1.0,1735922,1.0,31,,0.0,0.0,7.0,A01,138Â 196Â 273,1.0
1016951,201900058482,6,11,23:45,5,2,2,8.0,3.0,75104,QUAI DE GESVRES,M,"48,8567160","2,3489280",75,2019,50.0,6.0,1.0,4.0,2274367,3.0,2,4,1,0.0,,0.0,0,1975.0,B01,138Â 196Â 271,1.0,0.0,-1.0,1735923,1.0,7,,0.0,2.0,5.0,B01,138Â 196Â 271,2.0
1016951,201900058482,6,11,23:45,5,2,2,8.0,3.0,75104,QUAI DE GESVRES,M,"48,8567160","2,3489280",75,2019,50.0,6.0,1.0,4.0,2274367,3.0,2,4,1,0.0,,0.0,0,1975.0,B01,138Â 196Â 271,1.0,0.0,-1.0,1735924,1.0,7,,0.0,2.0,5.0,A01,138Â 196Â 272,1.0
1016951,201900058482,6,11,23:45,5,2,2,8.0,3.0,75104,QUAI DE GESVRES,M,"48,8567160","2,3489280",75,2019,50.0,6.0,1.0,4.0,2274368,1.0,1,1,1,4.0,,0.0,0,1977.0,B01,138Â 196Â 271,1.0,0.0,-1.0,1735923,1.0,7,,0.0,2.0,5.0,B01,138Â 196Â 271,2.0
1016951,201900058482,6,11,23:45,5,2,2,8.0,3.0,75104,QUAI DE GESVRES,M,"48,8567160","2,3489280",75,2019,50.0,6.0,1.0,4.0,2274368,1.0,1,1,1,4.0,,0.0,0,1977.0,B01,138Â 196Â 271,1.0,0.0,-1.0,1735924,1.0,7,,0.0,2.0,5.0,A01,138Â 196Â 272,1.0
1016951,201900058482,6,11,23:45,5,2,2,8.0,3.0,75104,QUAI DE GESVRES,M,"48,8567160","2,3489280",75,2019,50.0,6.0,1.0,4.0,2274369,1.0,1,1,1,4.0,,0.0,0,1977.0,A01,138Â 196Â 272,1.0,0.0,-1.0,1735923,1.0,7,,0.0,2.0,5.0,B01,138Â 196Â 271,2.0
1016951,201900058482,6,11,23:45,5,2,2,8.0,3.0,75104,QUAI DE GESVRES,M,"48,8567160","2,3489280",75,2019,50.0,6.0,1.0,4.0,2274369,1.0,1,1,1,4.0,,0.0,0,1977.0,A01,138Â 196Â 272,1.0,0.0,-1.0,1735924,1.0,7,,0.0,2.0,5.0,A01,138Â 196Â 272,1.0
1016951,201900058482,6,11,23:45,5,2,2,8.0,3.0,75104,QUAI DE GESVRES,M,"48,8567160","2,3489280",75,2019,50.0,6.0,1.0,4.0,2274370,3.0,2,4,2,0.0,,0.0,0,1986.0,A01,138Â 196Â 272,1.0,0.0,-1.0,1735923,1.0,7,,0.0,2.0,5.0,B01,138Â 196Â 271,2.0
1016951,201900058482,6,11,23:45,5,2,2,8.0,3.0,75104,QUAI DE GESVRES,M,"48,8567160","2,3489280",75,2019,50.0,6.0,1.0,4.0,2274370,3.0,2,4,2,0.0,,0.0,0,1986.0,A01,138Â 196Â 272,1.0,0.0,-1.0,1735924,1.0,7,,0.0,2.0,5.0,A01,138Â 196Â 272,1.0
1016952,201900058483,6,11,18:30,1,2,2,3.0,3.0,75101,QUAI DE L HORLOGE,M,"48,8562080","2,3464500",75,2019,50.0,1.0,2.0,4.0,2274371,1.0,1,1,1,4.0,,0.0,0,1996.0,B01,138Â 196Â 269,1.0,0.0,-1.0,1735925,1.0,7,,0.0,2.0,7.0,B01,138Â 196Â 269,1.0
1016952,201900058483,6,11,18:30,1,2,2,3.0,3.0,75101,QUAI DE L HORLOGE,M,"48,8562080","2,3464500",75,2019,50.0,1.0,2.0,4.0,2274371,1.0,1,1,1,4.0,,0.0,0,1996.0,B01,138Â 196Â 269,1.0,0.0,-1.0,1735926,1.0,7,,0.0,2.0,1.0,A01,138Â 196Â 270,1.0
1016952,201900058483,6,11,18:30,1,2,2,3.0,3.0,75101,QUAI DE L HORLOGE,M,"48,8562080","2,3464500",75,2019,50.0,1.0,2.0,4.0,2274372,3.0,2,4,1,5.0,,0.0,0,1961.0,B01,138Â 196Â 269,1.0,0.0,-1.0,1735925,1.0,7,,0.0,2.0,7.0,B01,138Â 196Â 269,1.0
1016952,201900058483,6,11,18:30,1,2,2,3.0,3.0,75101,QUAI DE L HORLOGE,M,"48,8562080","2,3464500",75,2019,50.0,1.0,2.0,4.0,2274372,3.0,2,4,1,5.0,,0.0,0,1961.0,B01,138Â 196Â 269,1.0,0.0,-1.0,1735926,1.0,7,,0.0,2.0,1.0,A01,138Â 196Â 270,1.0
1016952,201900058483,6,11,18:30,1,2,2,3.0,3.0,75101,QUAI DE L HORLOGE,M,"48,8562080","2,3464500",75,2019,50.0,1.0,2.0,4.0,2274373,1.0,1,1,1,4.0,,0.0,0,1987.0,A01,138Â 196Â 270,1.0,0.0,-1.0,1735925,1.0,7,,0.0,2.0,7.0,B01,138Â 196Â 269,1.0
1016952,201900058483,6,11,18:30,1,2,2,3.0,3.0,75101,QUAI DE L HORLOGE,M,"48,8562080","2,3464500",75,2019,50.0,1.0,2.0,4.0,2274373,1.0,1,1,1,4.0,,0.0,0,1987.0,A01,138Â 196Â 270,1.0,0.0,-1.0,1735926,1.0,7,,0.0,2.0,1.0,A01,138Â 196Â 270,1.0
1016953,201900058484,6,11,16:00,1,2,3,8.0,6.0,75101,AVENUE DE L OPERA,M,"48,8672410","2,3337630",75,2019,50.0,6.0,1.0,4.0,2274374,10.0,3,4,2,5.0,,4.0,3,1965.0,A01,138Â 196Â 268,8.0,0.0,-1.0,1735927,2.0,37,1.0,0.0,1.0,2.0,A01,138Â 196Â 268,1.0
1016953,201900058484,6,11,16:00,1,2,3,8.0,6.0,75101,AVENUE DE L OPERA,M,"48,8672410","2,3337630",75,2019,50.0,6.0,1.0,4.0,2274375,1.0,1,1,1,4.0,,0.0,0,1978.0,A01,138Â 196Â 268,1.0,0.0,-1.0,1735927,2.0,37,1.0,0.0,1.0,2.0,A01,138Â 196Â 268,1.0
1016954,201900058485,6,11,08:43,1,2,3,1.0,2.0,75101,RUE DE RIVOLI,M,"48,8639880","2,3313540",75,2019,50.0,1.0,1.0,4.0,2274376,1.0,1,4,1,1.0,,0.0,0,1972.0,B01,138Â 196Â 266,2.0,6.0,-1.0,1735928,1.0,34,,0.0,2.0,4.0,B01,138Â 196Â 266,1.0
1016954,201900058485,6,11,08:43,1,2,3,1.0,2.0,75101,RUE DE RIVOLI,M,"48,8639880","2,3313540",75,2019,50.0,1.0,1.0,4.0,2274376,1.0,1,4,1,1.0,,0.0,0,1972.0,B01,138Â 196Â 266,2.0,6.0,-1.0,1735929,1.0,32,,0.0,2.0,1.0,A01,138Â 196Â 267,1.0
1016954,201900058485,6,11,08:43,1,2,3,1.0,2.0,75101,RUE DE RIVOLI,M,"48,8639880","2,3313540",75,2019,50.0,1.0,1.0,4.0,2274377,1.0,1,1,1,1.0,,0.0,0,1977.0,A01,138Â 196Â 267,2.0,6.0,-1.0,1735928,1.0,34,,0.0,2.0,4.0,B01,138Â 196Â 266,1.0
1016954,201900058485,6,11,08:43,1,2,3,1.0,2.0,75101,RUE DE RIVOLI,M,"48,8639880","2,3313540",75,2019,50.0,1.0,1.0,4.0,2274377,1.0,1,1,1,1.0,,0.0,0,1977.0,A01,138Â 196Â 267,2.0,6.0,-1.0,1735929,1.0,32,,0.0,2.0,1.0,A01,138Â 196Â 267,1.0
1016955,201900058486,6,8,12:30,1,2,2,1.0,3.0,75101,RUE CROIX DES PETITS CHAMPS,M,"48,8630050","2,3395170",75,2019,50.0,1.0,1.0,4.0,2274378,1.0,1,4,1,4.0,,0.0,0,1984.0,A01,138Â 196Â 264,2.0,6.0,-1.0,1735930,0.0,30,,0.0,2.0,1.0,A01,138Â 196Â 264,1.0
1016955,201900058486,6,8,12:30,1,2,2,1.0,3.0,75101,RUE CROIX DES PETITS CHAMPS,M,"48,8630050","2,3395170",75,2019,50.0,1.0,1.0,4.0,2274378,1.0,1,4,1,4.0,,0.0,0,1984.0,A01,138Â 196Â 264,2.0,6.0,-1.0,1735931,0.0,7,,0.0,2.0,3.0,B01,138Â 196Â 265,1.0
1016955,201900058486,6,8,12:30,1,2,2,1.0,3.0,75101,RUE CROIX DES PETITS CHAMPS,M,"48,8630050","2,3395170",75,2019,50.0,1.0,1.0,4.0,2274379,2.0,2,1,1,5.0,,0.0,0,1996.0,B01,138Â 196Â 265,1.0,0.0,-1.0,1735930,0.0,30,,0.0,2.0,1.0,A01,138Â 196Â 264,1.0
1016955,201900058486,6,8,12:30,1,2,2,1.0,3.0,75101,RUE CROIX DES PETITS CHAMPS,M,"48,8630050","2,3395170",75,2019,50.0,1.0,1.0,4.0,2274379,2.0,2,1,1,5.0,,0.0,0,1996.0,B01,138Â 196Â 265,1.0,0.0,-1.0,1735931,0.0,7,,0.0,2.0,3.0,B01,138Â 196Â 265,1.0
1016955,201900058486,6,8,12:30,1,2,2,1.0,3.0,75101,RUE CROIX DES PETITS CHAMPS,M,"48,8630050","2,3395170",75,2019,50.0,1.0,1.0,4.0,2274380,1.0,1,1,1,5.0,,0.0,0,1993.0,B01,138Â 196Â 265,1.0,0.0,-1.0,1735930,0.0,30,,0.0,2.0,1.0,A01,138Â 196Â 264,1.0
1016955,201900058486,6,8,12:30,1,2,2,1.0,3.0,75101,RUE CROIX DES PETITS CHAMPS,M,"48,8630050","2,3395170",75,2019,50.0,1.0,1.0,4.0,2274380,1.0,1,1,1,5.0,,0.0,0,1993.0,B01,138Â 196Â 265,1.0,0.0,-1.0,1735931,0.0,7,,0.0,2.0,3.0,B01,138Â 196Â 265,1.0
1016956,201900058487,6,1,19:30,1,2,1,1.0,6.0,75101,QUAI DES TUILERIES,M,"48,8624450","2,3251650",75,2019,50.0,1.0,1.0,4.0,2274381,1.0,1,1,1,4.0,,0.0,0,1985.0,Z01,138Â 196Â 262,1.0,0.0,-1.0,1735932,1.0,7,,0.0,2.0,2.0,Z01,138Â 196Â 262,1.0
1016956,201900058487,6,1,19:30,1,2,1,1.0,6.0,75101,QUAI DES TUILERIES,M,"48,8624450","2,3251650",75,2019,50.0,1.0,1.0,4.0,2274381,1.0,1,1,1,4.0,,0.0,0,1985.0,Z01,138Â 196Â 262,1.0,0.0,-1.0,1735933,1.0,33,,0.0,2.0,3.0,A01,138Â 196Â 263,1.0
1016956,201900058487,6,1,19:30,1,2,1,1.0,6.0,75101,QUAI DES TUILERIES,M,"48,8624450","2,3251650",75,2019,50.0,1.0,1.0,4.0,2274382,1.0,1,4,1,5.0,,0.0,0,1965.0,A01,138Â 196Â 263,2.0,6.0,-1.0,1735932,1.0,7,,0.0,2.0,2.0,Z01,138Â 196Â 262,1.0
1016956,201900058487,6,1,19:30,1,2,1,1.0,6.0,75101,QUAI DES TUILERIES,M,"48,8624450","2,3251650",75,2019,50.0,1.0,1.0,4.0,2274382,1.0,1,4,1,5.0,,0.0,0,1965.0,A01,138Â 196Â 263,2.0,6.0,-1.0,1735933,1.0,33,,0.0,2.0,3.0,A01,138Â 196Â 263,1.0
1016957,201900058488,5,29,17:45,1,2,7,1.0,3.0,75101,RUE DE L AMIRAL DE COLIGNY,M,"48,8595050","2,3401360",75,2019,50.0,1.0,1.0,4.0,2274383,1.0,1,4,1,1.0,,0.0,0,1991.0,A01,138Â 196Â 260,2.0,8.0,-1.0,1735934,1.0,2,,0.0,2.0,1.0,A01,138Â 196Â 260,1.0
1016957,201900058488,5,29,17:45,1,2,7,1.0,3.0,75101,RUE DE L AMIRAL DE COLIGNY,M,"48,8595050","2,3401360",75,2019,50.0,1.0,1.0,4.0,2274383,1.0,1,4,1,1.0,,0.0,0,1991.0,A01,138Â 196Â 260,2.0,8.0,-1.0,1735935,2.0,7,,0.0,2.0,8.0,Z01,138Â 196Â 261,6.0
1016958,201900058489,6,17,14:45,1,2,1,1.0,6.0,94081,JULES GUESDE (QU),M,"48,7930000","2,4190000",94,2019,50.0,1.0,1.0,3.0,2274384,1.0,1,4,2,9.0,,-1.0, -1,1951.0,A01,138Â 196Â 259,1.0,5.0,-1.0,1735936,2.0,7,,12.0,2.0,2.0,A01,138Â 196Â 259,1.0
1016958,201900058489,6,17,14:45,1,2,1,1.0,6.0,94081,JULES GUESDE (QU),M,"48,7930000","2,4190000",94,2019,50.0,1.0,1.0,3.0,2274385,2.0,2,4,1,9.0,,-1.0, -1,1965.0,A01,138Â 196Â 259,1.0,5.0,-1.0,1735936,2.0,7,,12.0,2.0,2.0,A01,138Â 196Â 259,1.0
1016959,201900058490,6,3,18:28,1,2,1,1.0,2.0,94022,ALFORTVILLE (AV D),M,"48,7716500","2,4136900",94,2019,50.0,1.0,1.0,3.0,2274386,1.0,1,1,1,1.0,,-1.0, -1,1987.0,B01,138Â 196Â 255,1.0,0.0,-1.0,1735937,1.0,3,,0.0,2.0,4.0,B01,138Â 196Â 255,1.0
1016959,201900058490,6,3,18:28,1,2,1,1.0,2.0,94022,ALFORTVILLE (AV D),M,"48,7716500","2,4136900",94,2019,50.0,1.0,1.0,3.0,2274386,1.0,1,1,1,1.0,,-1.0, -1,1987.0,B01,138Â 196Â 255,1.0,0.0,-1.0,1735938,1.0,3,,1.0,2.0,1.0,A01,138Â 196Â 256,0.0
1016959,201900058490,6,3,18:28,1,2,1,1.0,2.0,94022,ALFORTVILLE (AV D),M,"48,7716500","2,4136900",94,2019,50.0,1.0,1.0,3.0,2274387,1.0,1,4,2,1.0,,-1.0, -1,1994.0,A01,138Â 196Â 256,1.0,0.0,-1.0,1735937,1.0,3,,0.0,2.0,4.0,B01,138Â 196Â 255,1.0
1016959,201900058490,6,3,18:28,1,2,1,1.0,2.0,94022,ALFORTVILLE (AV D),M,"48,7716500","2,4136900",94,2019,50.0,1.0,1.0,3.0,2274387,1.0,1,4,2,1.0,,-1.0, -1,1994.0,A01,138Â 196Â 256,1.0,0.0,-1.0,1735938,1.0,3,,1.0,2.0,1.0,A01,138Â 196Â 256,0.0
1016960,201900058491,6,1,19:35,1,2,5,1.0,3.0,94081,YOURI GAGARINE (AV),M,"48,7894100","2,3892800",94,2019,50.0,1.0,1.0,3.0,2274388,1.0,1,4,1,1.0,,-1.0, -1,1997.0,B01,138Â 196Â 253,2.0,0.0,-1.0,1735939,2.0,33,,14.0,2.0,2.0,B01,138Â 196Â 253,0.0
1016960,201900058491,6,1,19:35,1,2,5,1.0,3.0,94081,YOURI GAGARINE (AV),M,"48,7894100","2,3892800",94,2019,50.0,1.0,1.0,3.0,2274388,1.0,1,4,1,1.0,,-1.0, -1,1997.0,B01,138Â 196Â 253,2.0,0.0,-1.0,1735940,1.0,7,,0.0,2.0,3.0,A01,138Â 196Â 254,0.0
1016961,201900058492,5,31,20:30,2,2,2,1.0,3.0,94081,CONCORDE (R DE LA),M,"48,7990600","2,3832900",94,2019,50.0,1.0,1.0,4.0,2274389,1.0,1,1,1,1.0,,-1.0, -1,1988.0,A01,138Â 196Â 251,1.0,0.0,-1.0,1735941,1.0,10,,0.0,2.0,3.0,A01,138Â 196Â 251,0.0
1016961,201900058492,5,31,20:30,2,2,2,1.0,3.0,94081,CONCORDE (R DE LA),M,"48,7990600","2,3832900",94,2019,50.0,1.0,1.0,4.0,2274389,1.0,1,1,1,1.0,,-1.0, -1,1988.0,A01,138Â 196Â 251,1.0,0.0,-1.0,1735942,1.0,7,,0.0,2.0,2.0,B01,138Â 196Â 252,1.0
1016961,201900058492,5,31,20:30,2,2,2,1.0,3.0,94081,CONCORDE (R DE LA),M,"48,7990600","2,3832900",94,2019,50.0,1.0,1.0,4.0,2274390,1.0,1,4,1,1.0,,-1.0, -1,1960.0,B01,138Â 196Â 252,1.0,8.0,-1.0,1735941,1.0,10,,0.0,2.0,3.0,A01,138Â 196Â 251,0.0
1016961,201900058492,5,31,20:30,2,2,2,1.0,3.0,94081,CONCORDE (R DE LA),M,"48,7990600","2,3832900",94,2019,50.0,1.0,1.0,4.0,2274390,1.0,1,4,1,1.0,,-1.0, -1,1960.0,B01,138Â 196Â 252,1.0,8.0,-1.0,1735942,1.0,7,,0.0,2.0,2.0,B01,138Â 196Â 252,1.0
1016962,201900058493,5,30,02:10,5,2,1,1.0,6.0,94081,LEON GEFFROY (R),M,"48,7760500","2,4089900",94,2019,50.0,1.0,1.0,3.0,2274391,1.0,1,4,1,0.0,,-1.0, -1,1998.0,A01,138Â 196Â 250,1.0,0.0,-1.0,1735943,3.0,7,,0.0,2.0,2.0,A01,138Â 196Â 250,1.0
1016963,201900058494,6,17,14:30,1,2,1,1.0,2.0,94067,GENERAL DE GAULLE (AV DU),M,"48,8406257","2,4174735",94,2019,50.0,1.0,1.0,3.0,2274392,1.0,1,1,2,1.0,,-1.0,0,2000.0,A01,138Â 196Â 248,1.0,0.0,-1.0,1735944,1.0,7,,0.0,2.0,1.0,A01,138Â 196Â 248,0.0
1016963,201900058494,6,17,14:30,1,2,1,1.0,2.0,94067,GENERAL DE GAULLE (AV DU),M,"48,8406257","2,4174735",94,2019,50.0,1.0,1.0,3.0,2274392,1.0,1,1,2,1.0,,-1.0,0,2000.0,A01,138Â 196Â 248,1.0,0.0,-1.0,1735945,1.0,2,,0.0,2.0,4.0,B01,138Â 196Â 249,0.0
1016963,201900058494,6,17,14:30,1,2,1,1.0,2.0,94067,GENERAL DE GAULLE (AV DU),M,"48,8406257","2,4174735",94,2019,50.0,1.0,1.0,3.0,2274393,1.0,1,4,1,4.0,,-1.0,0,1989.0,B01,138Â 196Â 249,2.0,0.0,-1.0,1735944,1.0,7,,0.0,2.0,1.0,A01,138Â 196Â 248,0.0
1016963,201900058494,6,17,14:30,1,2,1,1.0,2.0,94067,GENERAL DE GAULLE (AV DU),M,"48,8406257","2,4174735",94,2019,50.0,1.0,1.0,3.0,2274393,1.0,1,4,1,4.0,,-1.0,0,1989.0,B01,138Â 196Â 249,2.0,0.0,-1.0,1735945,1.0,2,,0.0,2.0,4.0,B01,138Â 196Â 249,0.0
1016964,201900058495,6,15,23:10,5,2,2,1.0,3.0,94067,DAUMESNIL (AV),M,"48,8349900","2,4197800",94,2019,50.0,1.0,1.0,3.0,2274394,1.0,1,1,1,0.0,,-1.0,0,1987.0,A01,138Â 196Â 246,1.0,0.0,-1.0,1735946,3.0,10,,0.0,2.0,3.0,A01,138Â 196Â 246,0.0