Unnamed: 0_x,num_acc,mois,jour,hrmn,lum,agg,int,atm,col,com,adr,gps,lat,long,dep,annee,vma,situ,surf,catr,Unnamed: 0_y,place,catu,grav,sexe,trajet,secu,locp,actp,an_nais,num_veh_x,id_vehicule_x,secu1,secu2,secu3,Unnamed: 0,senc,catv,occutc,obs,obsm,choc,num_veh_y,id_vehicule_y,motor
1016964,201900058495,6,15,23:10,5,2,2,1.0,3.0,94067,DAUMESNIL (AV),M,"48,8349900","2,4197800",94,2019,50.0,1.0,1.0,3.0,2274394,1.0,1,1,1,0.0,,-1.0,0,1987.0,A01,138Â 196Â 246,1.0,0.0,-1.0,1735947,1.0,2,,0.0,2.0,1.0,B01,138Â 196Â 247,0.0
1016964,201900058495,6,15,23:10,5,2,2,1.0,3.0,94067,DAUMESNIL (AV),M,"48,8349900","2,4197800",94,2019,50.0,1.0,1.0,3.0,2274395,1.0,1,4,1,9.0,,-1.0,0,1997.0,B01,138Â 196Â 247,2.0,0.0,-1.0,1735946,3.0,10,,0.0,2.0,3.0,A01,138Â 196Â 246,0.0
1016964,201900058495,6,15,23:10,5,2,2,1.0,3.0,94067,DAUMESNIL (AV),M,"48,8349900","2,4197800",94,2019,50.0,1.0,1.0,3.0,2274395,1.0,1,4,1,9.0,,-1.0,0,1997.0,B01,138Â 196Â 247,2.0,0.0,-1.0,1735947,1.0,2,,0.0,2.0,1.0,B01,138Â 196Â 247,0.0
1016965,201900058496,6,14,08:00,1,2,2,1.0,6.0,94080,LAGNY (R DE),M,"48,8489300","2,4262000",94,2019,50.0,1.0,1.0,4.0,2274396,1.0,1,1,1,1.0,,-1.0,0,1977.0,A01,138Â 196Â 245,2.0,0.0,-1.0,1735948,1.0,34,,0.0,1.0,1.0,A01,138Â 196Â 245,0.0
1016965,201900058496,6,14,08:00,1,2,2,1.0,6.0,94080,LAGNY (R DE),M,"48,8489300","2,4262000",94,2019,50.0,1.0,1.0,4.0,2274397,10.0,3,4,2,1.0,,4.0,3,1989.0,A01,138Â 196Â 245,8.0,0.0,-1.0,1735948,1.0,34,,0.0,1.0,1.0,A01,138Â 196Â 245,0.0
1016966,201900058497,6,6,20:40,1,2,9,1.0,6.0,94080,IDALIE (R D),M,"48,8450000","2,4300000",94,2019,30.0,1.0,1.0,4.0,2274398,10.0,3,4,1,0.0,,3.0,3,1975.0,A01,138Â 196Â 244,0.0,0.0,-1.0,1735949,1.0,7,,0.0,1.0,4.0,A01,138Â 196Â 244,0.0
1016966,201900058497,6,6,20:40,1,2,9,1.0,6.0,94080,IDALIE (R D),M,"48,8450000","2,4300000",94,2019,30.0,1.0,1.0,4.0,2274399,1.0,1,1,1,5.0,,-1.0,0,1949.0,A01,138Â 196Â 244,1.0,0.0,-1.0,1735949,1.0,7,,0.0,1.0,4.0,A01,138Â 196Â 244,0.0
1016967,201900058498,6,1,18:00,1,2,3,1.0,4.0,94080,JULES MASSENET (R),M,"48,8491000","2,4529000",94,2019,50.0,5.0,2.0,4.0,2274400,1.0,1,1,1,5.0,,-1.0, -1,1990.0,A01,138Â 196Â 241,1.0,5.0,-1.0,1735950,1.0,7,,1.0,0.0,2.0,A01,138Â 196Â 241,1.0
1016967,201900058498,6,1,18:00,1,2,3,1.0,4.0,94080,JULES MASSENET (R),M,"48,8491000","2,4529000",94,2019,50.0,5.0,2.0,4.0,2274400,1.0,1,1,1,5.0,,-1.0, -1,1990.0,A01,138Â 196Â 241,1.0,5.0,-1.0,1735951,2.0,10,,0.0,0.0,0.0,T01,138Â 196Â 242,1.0
1016967,201900058498,6,1,18:00,1,2,3,1.0,4.0,94080,JULES MASSENET (R),M,"48,8491000","2,4529000",94,2019,50.0,5.0,2.0,4.0,2274400,1.0,1,1,1,5.0,,-1.0, -1,1990.0,A01,138Â 196Â 241,1.0,5.0,-1.0,1735952,0.0,7,,2.0,1.0,2.0,B01,138Â 196Â 243,1.0
1016967,201900058498,6,1,18:00,1,2,3,1.0,4.0,94080,JULES MASSENET (R),M,"48,8491000","2,4529000",94,2019,50.0,5.0,2.0,4.0,2274401,1.0,1,1,1,5.0,,-1.0, -1,1993.0,T01,138Â 196Â 242,1.0,5.0,-1.0,1735950,1.0,7,,1.0,0.0,2.0,A01,138Â 196Â 241,1.0
1016967,201900058498,6,1,18:00,1,2,3,1.0,4.0,94080,JULES MASSENET (R),M,"48,8491000","2,4529000",94,2019,50.0,5.0,2.0,4.0,2274401,1.0,1,1,1,5.0,,-1.0, -1,1993.0,T01,138Â 196Â 242,1.0,5.0,-1.0,1735951,2.0,10,,0.0,0.0,0.0,T01,138Â 196Â 242,1.0
1016967,201900058498,6,1,18:00,1,2,3,1.0,4.0,94080,JULES MASSENET (R),M,"48,8491000","2,4529000",94,2019,50.0,5.0,2.0,4.0,2274401,1.0,1,1,1,5.0,,-1.0, -1,1993.0,T01,138Â 196Â 242,1.0,5.0,-1.0,1735952,0.0,7,,2.0,1.0,2.0,B01,138Â 196Â 243,1.0
1016967,201900058498,6,1,18:00,1,2,3,1.0,4.0,94080,JULES MASSENET (R),M,"48,8491000","2,4529000",94,2019,50.0,5.0,2.0,4.0,2274402,10.0,3,3,2,5.0,,5.0,B,1939.0,B01,138Â 196Â 243,8.0,0.0,-1.0,1735950,1.0,7,,1.0,0.0,2.0,A01,138Â 196Â 241,1.0
1016967,201900058498,6,1,18:00,1,2,3,1.0,4.0,94080,JULES MASSENET (R),M,"48,8491000","2,4529000",94,2019,50.0,5.0,2.0,4.0,2274402,10.0,3,3,2,5.0,,5.0,B,1939.0,B01,138Â 196Â 243,8.0,0.0,-1.0,1735951,2.0,10,,0.0,0.0,0.0,T01,138Â 196Â 242,1.0
1016967,201900058498,6,1,18:00,1,2,3,1.0,4.0,94080,JULES MASSENET (R),M,"48,8491000","2,4529000",94,2019,50.0,5.0,2.0,4.0,2274402,10.0,3,3,2,5.0,,5.0,B,1939.0,B01,138Â 196Â 243,8.0,0.0,-1.0,1735952,0.0,7,,2.0,1.0,2.0,B01,138Â 196Â 243,1.0
1016968,201900058499,6,18,17:30,1,2,1,1.0,1.0,94074,JULIEN DURANTON (avenue),M,"48,7622200","2,4485400",94,2019,30.0,1.0,1.0,3.0,2274403,1.0,1,4,1,0.0,,-1.0, -1,1975.0,B01,138Â 196Â 239,1.0,8.0,-1.0,1735953,1.0,7,,0.0,2.0,1.0,B01,138Â 196Â 239,1.0
1016968,201900058499,6,18,17:30,1,2,1,1.0,1.0,94074,JULIEN DURANTON (avenue),M,"48,7622200","2,4485400",94,2019,30.0,1.0,1.0,3.0,2274403,1.0,1,4,1,0.0,,-1.0, -1,1975.0,B01,138Â 196Â 239,1.0,8.0,-1.0,1735954,2.0,7,,0.0,2.0,1.0,A01,138Â 196Â 240,1.0
1016968,201900058499,6,18,17:30,1,2,1,1.0,1.0,94074,JULIEN DURANTON (avenue),M,"48,7622200","2,4485400",94,2019,30.0,1.0,1.0,3.0,2274404,1.0,1,4,1,9.0,,-1.0, -1,2000.0,A01,138Â 196Â 240,1.0,8.0,-1.0,1735953,1.0,7,,0.0,2.0,1.0,B01,138Â 196Â 239,1.0
1016968,201900058499,6,18,17:30,1,2,1,1.0,1.0,94074,JULIEN DURANTON (avenue),M,"48,7622200","2,4485400",94,2019,30.0,1.0,1.0,3.0,2274404,1.0,1,4,1,9.0,,-1.0, -1,2000.0,A01,138Â 196Â 240,1.0,8.0,-1.0,1735954,2.0,7,,0.0,2.0,1.0,A01,138Â 196Â 240,1.0
1016969,201900058500,6,18,15:10,1,2,1,1.0,6.0,94074,COLONEL FABIEN (R),M,"48,7453200","2,4692500",94,2019,30.0,1.0,1.0,3.0,2274405,10.0,3,4,1,5.0,,2.0,2,1961.0,Z01,138Â 196Â 238,0.0,0.0,-1.0,1735955,1.0,7,,0.0,2.0,3.0,Z01,138Â 196Â 238,0.0
1016970,201900058501,6,17,17:45,1,2,1,1.0,6.0,94077,FRONT DE SEINE,M,"48,7296069","2,4434775",94,2019,50.0,5.0,1.0,4.0,2274406,10.0,3,4,2,5.0,,5.0,1,1962.0,A01,138Â 196Â 237,8.0,0.0,-1.0,1735956,1.0,1,,0.0,1.0,1.0,A01,138Â 196Â 237,5.0
1016970,201900058501,6,17,17:45,1,2,1,1.0,6.0,94077,FRONT DE SEINE,M,"48,7296069","2,4434775",94,2019,50.0,5.0,1.0,4.0,2274407,1.0,1,1,1,5.0,,0.0,0,1961.0,A01,138Â 196Â 237,8.0,0.0,-1.0,1735956,1.0,1,,0.0,1.0,1.0,A01,138Â 196Â 237,5.0
1016971,201900058502,6,13,16:30,1,2,1,1.0,6.0,94077,PARMENTIER (AV),M,"48,7400000","2,4200000",94,2019,50.0,1.0,1.0,4.0,2274408,1.0,1,1,1,4.0,,0.0,0,1982.0,A01,138Â 196Â 236,1.0,0.0,-1.0,1735957,1.0,10,,0.0,1.0,4.0,A01,138Â 196Â 236,6.0
1016971,201900058502,6,13,16:30,1,2,1,1.0,6.0,94077,PARMENTIER (AV),M,"48,7400000","2,4200000",94,2019,50.0,1.0,1.0,4.0,2274409,10.0,3,4,2,5.0,,2.0,1,1939.0,A01,138Â 196Â 236,8.0,0.0,-1.0,1735957,1.0,10,,0.0,1.0,4.0,A01,138Â 196Â 236,6.0
1016972,201900058503,6,13,07:40,1,2,9,8.0,7.0,94077,VERDUN (COUR DE),M,"48,7402800","2,4090600",94,2019,50.0,1.0,1.0,4.0,2274410,1.0,1,4,1,0.0,,-1.0, -1,1963.0,A01,138Â 196Â 235,2.0,0.0,-1.0,1735958,3.0,33,,0.0,0.0,8.0,A01,138Â 196Â 235,0.0
1016973,201900058504,6,8,21:05,2,2,3,1.0,6.0,94078,THIMONNIER (R),M,"48,7507800","2,4468100",94,2019,50.0,1.0,1.0,4.0,2274411,2.0,1,1,1,0.0,,0.0,0,1986.0,A01,138Â 196Â 233,1.0,-1.0,-1.0,1735959,2.0,7,,0.0,2.0,7.0,A01,138Â 196Â 233,0.0
1016973,201900058504,6,8,21:05,2,2,3,1.0,6.0,94078,THIMONNIER (R),M,"48,7507800","2,4468100",94,2019,50.0,1.0,1.0,4.0,2274411,2.0,1,1,1,0.0,,0.0,0,1986.0,A01,138Â 196Â 233,1.0,-1.0,-1.0,1735960,2.0,7,,0.0,2.0,8.0,B01,138Â 196Â 234,0.0
1016973,201900058504,6,8,21:05,2,2,3,1.0,6.0,94078,THIMONNIER (R),M,"48,7507800","2,4468100",94,2019,50.0,1.0,1.0,4.0,2274412,1.0,1,4,2,0.0,,-1.0, -1,1980.0,B01,138Â 196Â 234,1.0,0.0,-1.0,1735959,2.0,7,,0.0,2.0,7.0,A01,138Â 196Â 233,0.0
1016973,201900058504,6,8,21:05,2,2,3,1.0,6.0,94078,THIMONNIER (R),M,"48,7507800","2,4468100",94,2019,50.0,1.0,1.0,4.0,2274412,1.0,1,4,2,0.0,,-1.0, -1,1980.0,B01,138Â 196Â 234,1.0,0.0,-1.0,1735960,2.0,7,,0.0,2.0,8.0,B01,138Â 196Â 234,0.0
1016973,201900058504,6,8,21:05,2,2,3,1.0,6.0,94078,THIMONNIER (R),M,"48,7507800","2,4468100",94,2019,50.0,1.0,1.0,4.0,2274413,2.0,2,4,2,0.0,,-1.0, -1,1963.0,B01,138Â 196Â 234,1.0,0.0,-1.0,1735959,2.0,7,,0.0,2.0,7.0,A01,138Â 196Â 233,0.0
1016973,201900058504,6,8,21:05,2,2,3,1.0,6.0,94078,THIMONNIER (R),M,"48,7507800","2,4468100",94,2019,50.0,1.0,1.0,4.0,2274413,2.0,2,4,2,0.0,,-1.0, -1,1963.0,B01,138Â 196Â 234,1.0,0.0,-1.0,1735960,2.0,7,,0.0,2.0,8.0,B01,138Â 196Â 234,0.0
1016974,201900058505,6,7,10:00,1,2,6,2.0,2.0,94074,SALVADOR ALLENDE (AV),M,"48,7522300","2,4547000",94,2019,50.0,1.0,2.0,3.0,2274414,1.0,1,1,1,4.0,,-1.0, -1,1973.0,B01,138Â 196Â 231,1.0,0.0,-1.0,1735961,3.0,14,,0.0,2.0,6.0,B01,138Â 196Â 231,1.0
1016974,201900058505,6,7,10:00,1,2,6,2.0,2.0,94074,SALVADOR ALLENDE (AV),M,"48,7522300","2,4547000",94,2019,50.0,1.0,2.0,3.0,2274414,1.0,1,1,1,4.0,,-1.0, -1,1973.0,B01,138Â 196Â 231,1.0,0.0,-1.0,1735962,3.0,37,2.0,0.0,2.0,6.0,A01,138Â 196Â 232,1.0
1016974,201900058505,6,7,10:00,1,2,6,2.0,2.0,94074,SALVADOR ALLENDE (AV),M,"48,7522300","2,4547000",94,2019,50.0,1.0,2.0,3.0,2274415,3.0,2,4,1,3.0,,-1.0, -1,1944.0,A01,138Â 196Â 232,8.0,0.0,-1.0,1735961,3.0,14,,0.0,2.0,6.0,B01,138Â 196Â 231,1.0
1016974,201900058505,6,7,10:00,1,2,6,2.0,2.0,94074,SALVADOR ALLENDE (AV),M,"48,7522300","2,4547000",94,2019,50.0,1.0,2.0,3.0,2274415,3.0,2,4,1,3.0,,-1.0, -1,1944.0,A01,138Â 196Â 232,8.0,0.0,-1.0,1735962,3.0,37,2.0,0.0,2.0,6.0,A01,138Â 196Â 232,1.0
1016974,201900058505,6,7,10:00,1,2,6,2.0,2.0,94074,SALVADOR ALLENDE (AV),M,"48,7522300","2,4547000",94,2019,50.0,1.0,2.0,3.0,2274416,1.0,1,1,1,4.0,,-1.0, -1,1966.0,A01,138Â 196Â 232,1.0,0.0,-1.0,1735961,3.0,14,,0.0,2.0,6.0,B01,138Â 196Â 231,1.0
1016974,201900058505,6,7,10:00,1,2,6,2.0,2.0,94074,SALVADOR ALLENDE (AV),M,"48,7522300","2,4547000",94,2019,50.0,1.0,2.0,3.0,2274416,1.0,1,1,1,4.0,,-1.0, -1,1966.0,A01,138Â 196Â 232,1.0,0.0,-1.0,1735962,3.0,37,2.0,0.0,2.0,6.0,A01,138Â 196Â 232,1.0
1016975,201900058506,6,6,19:39,1,2,1,1.0,6.0,94074,COLONEL FABIEN (R),M,"48,7450500","2,4695800",94,2019,50.0,1.0,1.0,3.0,2274417,10.0,3,4,1,0.0,,2.0,3,2004.0,Z01,138Â 196Â 230,8.0,0.0,-1.0,1735963,3.0,3,,0.0,1.0,1.0,Z01,138Â 196Â 230,0.0
1016976,201900058507,6,2,15:45,1,2,3,1.0,3.0,94078,HUIT MAI 1945 (AV DU),M,"48,7276500","2,4456400",94,2019,50.0,1.0,1.0,2.0,2274418,1.0,1,1,1,5.0,,-1.0, -1,1988.0,B01,138Â 196Â 228,1.0,0.0,-1.0,1735964,2.0,7,,0.0,2.0,3.0,B01,138Â 196Â 228,0.0
1016976,201900058507,6,2,15:45,1,2,3,1.0,3.0,94078,HUIT MAI 1945 (AV DU),M,"48,7276500","2,4456400",94,2019,50.0,1.0,1.0,2.0,2274418,1.0,1,1,1,5.0,,-1.0, -1,1988.0,B01,138Â 196Â 228,1.0,0.0,-1.0,1735965,1.0,7,,0.0,2.0,3.0,A01,138Â 196Â 229,0.0
1016976,201900058507,6,2,15:45,1,2,3,1.0,3.0,94078,HUIT MAI 1945 (AV DU),M,"48,7276500","2,4456400",94,2019,50.0,1.0,1.0,2.0,2274419,4.0,2,4,1,5.0,,-1.0, -1,1960.0,B01,138Â 196Â 228,1.0,0.0,-1.0,1735964,2.0,7,,0.0,2.0,3.0,B01,138Â 196Â 228,0.0
1016976,201900058507,6,2,15:45,1,2,3,1.0,3.0,94078,HUIT MAI 1945 (AV DU),M,"48,7276500","2,4456400",94,2019,50.0,1.0,1.0,2.0,2274419,4.0,2,4,1,5.0,,-1.0, -1,1960.0,B01,138Â 196Â 228,1.0,0.0,-1.0,1735965,1.0,7,,0.0,2.0,3.0,A01,138Â 196Â 229,0.0
1016976,201900058507,6,2,15:45,1,2,3,1.0,3.0,94078,HUIT MAI 1945 (AV DU),M,"48,7276500","2,4456400",94,2019,50.0,1.0,1.0,2.0,2274420,1.0,1,1,2,5.0,,-1.0, -1,1997.0,A01,138Â 196Â 229,1.0,0.0,-1.0,1735964,2.0,7,,0.0,2.0,3.0,B01,138Â 196Â 228,0.0
1016976,201900058507,6,2,15:45,1,2,3,1.0,3.0,94078,HUIT MAI 1945 (AV DU),M,"48,7276500","2,4456400",94,2019,50.0,1.0,1.0,2.0,2274420,1.0,1,1,2,5.0,,-1.0, -1,1997.0,A01,138Â 196Â 229,1.0,0.0,-1.0,1735965,1.0,7,,0.0,2.0,3.0,A01,138Â 196Â 229,0.0
1016977,201900058508,6,1,05:00,2,2,3,1.0,3.0,94078,VILLENEUVE LE ROI (PONT DE),M,"48,7277600","2,4454000",94,2019,50.0,1.0,1.0,2.0,2274421,1.0,1,4,1,1.0,,-1.0, -1,1983.0,B01,138Â 196Â 227,1.0,0.0,-1.0,1735966,1.0,7,,0.0,2.0,7.0,A01,138Â 196Â 226,1.0
1016977,201900058508,6,1,05:00,2,2,3,1.0,3.0,94078,VILLENEUVE LE ROI (PONT DE),M,"48,7277600","2,4454000",94,2019,50.0,1.0,1.0,2.0,2274421,1.0,1,4,1,1.0,,-1.0, -1,1983.0,B01,138Â 196Â 227,1.0,0.0,-1.0,1735967,3.0,7,,0.0,2.0,1.0,B01,138Â 196Â 227,1.0
1016978,201900058509,5,31,14:25,1,2,1,1.0,3.0,94074,HENRI BARBUSSE (AV),M,"48,7674200","2,4410350",94,2019,50.0,1.0,1.0,2.0,2274422,1.0,1,4,1,0.0,,-1.0, -1,1988.0,A01,138Â 196Â 224,2.0,6.0,-1.0,1735968,1.0,34,,0.0,2.0,3.0,A01,138Â 196Â 224,1.0
1016978,201900058509,5,31,14:25,1,2,1,1.0,3.0,94074,HENRI BARBUSSE (AV),M,"48,7674200","2,4410350",94,2019,50.0,1.0,1.0,2.0,2274422,1.0,1,4,1,0.0,,-1.0, -1,1988.0,A01,138Â 196Â 224,2.0,6.0,-1.0,1735969,1.0,7,,0.0,2.0,5.0,B01,138Â 196Â 225,1.0
1016978,201900058509,5,31,14:25,1,2,1,1.0,3.0,94074,HENRI BARBUSSE (AV),M,"48,7674200","2,4410350",94,2019,50.0,1.0,1.0,2.0,2274423,1.0,1,1,1,0.0,,-1.0, -1,1978.0,B01,138Â 196Â 225,1.0,0.0,-1.0,1735968,1.0,34,,0.0,2.0,3.0,A01,138Â 196Â 224,1.0
1016978,201900058509,5,31,14:25,1,2,1,1.0,3.0,94074,HENRI BARBUSSE (AV),M,"48,7674200","2,4410350",94,2019,50.0,1.0,1.0,2.0,2274423,1.0,1,1,1,0.0,,-1.0, -1,1978.0,B01,138Â 196Â 225,1.0,0.0,-1.0,1735969,1.0,7,,0.0,2.0,5.0,B01,138Â 196Â 225,1.0
1016979,201900058510,5,31,12:05,1,2,1,1.0,2.0,94074,SALVADOR ALLENDE (AV),M,"48,7523800","2,4551900",94,2019,50.0,1.0,1.0,3.0,2274424,1.0,1,1,1,3.0,,-1.0, -1,1958.0,A01,138Â 196Â 222,1.0,0.0,-1.0,1735970,3.0,14,,0.0,2.0,1.0,A01,138Â 196Â 222,1.0
1016979,201900058510,5,31,12:05,1,2,1,1.0,2.0,94074,SALVADOR ALLENDE (AV),M,"48,7523800","2,4551900",94,2019,50.0,1.0,1.0,3.0,2274424,1.0,1,1,1,3.0,,-1.0, -1,1958.0,A01,138Â 196Â 222,1.0,0.0,-1.0,1735971,3.0,7,,0.0,2.0,4.0,B01,138Â 196Â 223,1.0
1016979,201900058510,5,31,12:05,1,2,1,1.0,2.0,94074,SALVADOR ALLENDE (AV),M,"48,7523800","2,4551900",94,2019,50.0,1.0,1.0,3.0,2274425,2.0,2,1,2,0.0,,-1.0, -1,1982.0,B01,138Â 196Â 223,1.0,0.0,-1.0,1735970,3.0,14,,0.0,2.0,1.0,A01,138Â 196Â 222,1.0
1016979,201900058510,5,31,12:05,1,2,1,1.0,2.0,94074,SALVADOR ALLENDE (AV),M,"48,7523800","2,4551900",94,2019,50.0,1.0,1.0,3.0,2274425,2.0,2,1,2,0.0,,-1.0, -1,1982.0,B01,138Â 196Â 223,1.0,0.0,-1.0,1735971,3.0,7,,0.0,2.0,4.0,B01,138Â 196Â 223,1.0
1016979,201900058510,5,31,12:05,1,2,1,1.0,2.0,94074,SALVADOR ALLENDE (AV),M,"48,7523800","2,4551900",94,2019,50.0,1.0,1.0,3.0,2274426,1.0,1,1,2,5.0,,-1.0, -1,1983.0,B01,138Â 196Â 223,1.0,0.0,-1.0,1735970,3.0,14,,0.0,2.0,1.0,A01,138Â 196Â 222,1.0
1016979,201900058510,5,31,12:05,1,2,1,1.0,2.0,94074,SALVADOR ALLENDE (AV),M,"48,7523800","2,4551900",94,2019,50.0,1.0,1.0,3.0,2274426,1.0,1,1,2,5.0,,-1.0, -1,1983.0,B01,138Â 196Â 223,1.0,0.0,-1.0,1735971,3.0,7,,0.0,2.0,4.0,B01,138Â 196Â 223,1.0
1016979,201900058510,5,31,12:05,1,2,1,1.0,2.0,94074,SALVADOR ALLENDE (AV),M,"48,7523800","2,4551900",94,2019,50.0,1.0,1.0,3.0,2274427,3.0,2,4,2,0.0,,-1.0, -1,2002.0,B01,138Â 196Â 223,1.0,0.0,-1.0,1735970,3.0,14,,0.0,2.0,1.0,A01,138Â 196Â 222,1.0
1016979,201900058510,5,31,12:05,1,2,1,1.0,2.0,94074,SALVADOR ALLENDE (AV),M,"48,7523800","2,4551900",94,2019,50.0,1.0,1.0,3.0,2274427,3.0,2,4,2,0.0,,-1.0, -1,2002.0,B01,138Â 196Â 223,1.0,0.0,-1.0,1735971,3.0,7,,0.0,2.0,4.0,B01,138Â 196Â 223,1.0
1016980,201900058511,6,17,21:00,2,2,2,1.0,3.0,94068,BELLECHASSE (BD DE),M,"48,7937100","2,4897300",94,2019,50.0,1.0,1.0,4.0,2274428,1.0,1,1,1,5.0,,-1.0, -1,1954.0,A01,138Â 196Â 220,8.0,0.0,-1.0,1735972,1.0,10,,0.0,2.0,2.0,A01,138Â 196Â 220,0.0
1016980,201900058511,6,17,21:00,2,2,2,1.0,3.0,94068,BELLECHASSE (BD DE),M,"48,7937100","2,4897300",94,2019,50.0,1.0,1.0,4.0,2274428,1.0,1,1,1,5.0,,-1.0, -1,1954.0,A01,138Â 196Â 220,8.0,0.0,-1.0,1735973,2.0,7,,0.0,2.0,1.0,B01,138Â 196Â 221,0.0
1016980,201900058511,6,17,21:00,2,2,2,1.0,3.0,94068,BELLECHASSE (BD DE),M,"48,7937100","2,4897300",94,2019,50.0,1.0,1.0,4.0,2274429,1.0,1,4,1,5.0,,-1.0, -1,1978.0,B01,138Â 196Â 221,1.0,0.0,-1.0,1735972,1.0,10,,0.0,2.0,2.0,A01,138Â 196Â 220,0.0
1016980,201900058511,6,17,21:00,2,2,2,1.0,3.0,94068,BELLECHASSE (BD DE),M,"48,7937100","2,4897300",94,2019,50.0,1.0,1.0,4.0,2274429,1.0,1,4,1,5.0,,-1.0, -1,1978.0,B01,138Â 196Â 221,1.0,0.0,-1.0,1735973,2.0,7,,0.0,2.0,1.0,B01,138Â 196Â 221,0.0
1016981,201900058512,6,18,12:00,1,2,1,1.0,2.0,94068,BAC (AV DU),M,"48,7900000","2,4800000",94,2019,50.0,2.0,1.0,3.0,2274430,1.0,1,1,2,1.0,,-1.0, -1,1977.0,B01,138Â 196Â 218,1.0,0.0,-1.0,1735974,2.0,7,,0.0,2.0,6.0,B01,138Â 196Â 218,1.0
1016981,201900058512,6,18,12:00,1,2,1,1.0,2.0,94068,BAC (AV DU),M,"48,7900000","2,4800000",94,2019,50.0,2.0,1.0,3.0,2274430,1.0,1,1,2,1.0,,-1.0, -1,1977.0,B01,138Â 196Â 218,1.0,0.0,-1.0,1735975,2.0,32,,0.0,2.0,2.0,A01,138Â 196Â 219,1.0
1016981,201900058512,6,18,12:00,1,2,1,1.0,2.0,94068,BAC (AV DU),M,"48,7900000","2,4800000",94,2019,50.0,2.0,1.0,3.0,2274431,1.0,1,4,2,5.0,,-1.0, -1,1970.0,A01,138Â 196Â 219,2.0,6.0,-1.0,1735974,2.0,7,,0.0,2.0,6.0,B01,138Â 196Â 218,1.0
1016981,201900058512,6,18,12:00,1,2,1,1.0,2.0,94068,BAC (AV DU),M,"48,7900000","2,4800000",94,2019,50.0,2.0,1.0,3.0,2274431,1.0,1,4,2,5.0,,-1.0, -1,1970.0,A01,138Â 196Â 219,2.0,6.0,-1.0,1735975,2.0,32,,0.0,2.0,2.0,A01,138Â 196Â 219,1.0
1016982,201900058513,6,17,13:25,1,2,9,1.0,6.0,94068,MARRONNIERS (PL DES),M,"48,8052200","2,4976400",94,2019,10.0,1.0,1.0,9.0,2274432,1.0,1,1,1,0.0,,-1.0, -1,1963.0,A01,138Â 196Â 217,1.0,0.0,-1.0,1735976,3.0,7,,0.0,1.0,4.0,A01,138Â 196Â 217,1.0
1016982,201900058513,6,17,13:25,1,2,9,1.0,6.0,94068,MARRONNIERS (PL DES),M,"48,8052200","2,4976400",94,2019,10.0,1.0,1.0,9.0,2274433,10.0,3,3,2,9.0,,9.0,B,1938.0,A01,138Â 196Â 217,8.0,0.0,-1.0,1735976,3.0,7,,0.0,1.0,4.0,A01,138Â 196Â 217,1.0
1016983,201900058514,6,15,18:40,1,2,1,1.0,6.0,94068,GARIBALDI (R),M,"48,7953870","2,4842910",94,2019,50.0,1.0,1.0,4.0,2274434,1.0,1,4,2,1.0,,-1.0, -1,1995.0,B01,138Â 196Â 215,8.0,0.0,-1.0,1735977,3.0,50,,0.0,2.0,1.0,B01,138Â 196Â 215,3.0
1016983,201900058514,6,15,18:40,1,2,1,1.0,6.0,94068,GARIBALDI (R),M,"48,7953870","2,4842910",94,2019,50.0,1.0,1.0,4.0,2274434,1.0,1,4,2,1.0,,-1.0, -1,1995.0,B01,138Â 196Â 215,8.0,0.0,-1.0,1735978,1.0,7,,0.0,9.0,3.0,A01,138Â 196Â 216,1.0
1016983,201900058514,6,15,18:40,1,2,1,1.0,6.0,94068,GARIBALDI (R),M,"48,7953870","2,4842910",94,2019,50.0,1.0,1.0,4.0,2274435,1.0,1,1,1,5.0,,-1.0, -1,1955.0,A01,138Â 196Â 216,8.0,0.0,-1.0,1735977,3.0,50,,0.0,2.0,1.0,B01,138Â 196Â 215,3.0
1016983,201900058514,6,15,18:40,1,2,1,1.0,6.0,94068,GARIBALDI (R),M,"48,7953870","2,4842910",94,2019,50.0,1.0,1.0,4.0,2274435,1.0,1,1,1,5.0,,-1.0, -1,1955.0,A01,138Â 196Â 216,8.0,0.0,-1.0,1735978,1.0,7,,0.0,9.0,3.0,A01,138Â 196Â 216,1.0
1016984,201900058515,6,14,07:55,1,2,2,1.0,3.0,94068,ROCHER (AV DU),M,"48,8003930","2,4999690",94,2019,50.0,1.0,1.0,4.0,2274436,1.0,1,1,1,1.0,,-1.0, -1,1947.0,A01,138Â 196Â 213,1.0,0.0,-1.0,1735979,3.0,7,,0.0,2.0,7.0,A01,138Â 196Â 213,0.0
1016984,201900058515,6,14,07:55,1,2,2,1.0,3.0,94068,ROCHER (AV DU),M,"48,8003930","2,4999690",94,2019,50.0,1.0,1.0,4.0,2274436,1.0,1,1,1,1.0,,-1.0, -1,1947.0,A01,138Â 196Â 213,1.0,0.0,-1.0,1735980,3.0,7,,0.0,2.0,2.0,B01,138Â 196Â 214,0.0
1016984,201900058515,6,14,07:55,1,2,2,1.0,3.0,94068,ROCHER (AV DU),M,"48,8003930","2,4999690",94,2019,50.0,1.0,1.0,4.0,2274437,1.0,1,4,2,1.0,,-1.0, -1,1995.0,B01,138Â 196Â 214,1.0,0.0,-1.0,1735979,3.0,7,,0.0,2.0,7.0,A01,138Â 196Â 213,0.0
1016984,201900058515,6,14,07:55,1,2,2,1.0,3.0,94068,ROCHER (AV DU),M,"48,8003930","2,4999690",94,2019,50.0,1.0,1.0,4.0,2274437,1.0,1,4,2,1.0,,-1.0, -1,1995.0,B01,138Â 196Â 214,1.0,0.0,-1.0,1735980,3.0,7,,0.0,2.0,2.0,B01,138Â 196Â 214,0.0