Unnamed: 0_x,num_acc,mois,jour,hrmn,lum,agg,int,atm,col,com,adr,gps,lat,long,dep,annee,vma,situ,surf,catr,Unnamed: 0_y,place,catu,grav,sexe,trajet,secu,locp,actp,an_nais,num_veh_x,id_vehicule_x,secu1,secu2,secu3,Unnamed: 0,senc,catv,occutc,obs,obsm,choc,num_veh_y,id_vehicule_y,motor
1016985,201900058516,6,9,15:50,1,2,2,1.0,3.0,94068,LOUIS BLANC (AV),M,"48,7900000","2,4900000",94,2019,50.0,1.0,1.0,3.0,2274438,1.0,1,1,2,9.0,,-1.0, -1,1966.0,A01,138Â 196Â 211,1.0,0.0,-1.0,1735981,3.0,7,,0.0,2.0,2.0,A01,138Â 196Â 211,1.0
1016985,201900058516,6,9,15:50,1,2,2,1.0,3.0,94068,LOUIS BLANC (AV),M,"48,7900000","2,4900000",94,2019,50.0,1.0,1.0,3.0,2274438,1.0,1,1,2,9.0,,-1.0, -1,1966.0,A01,138Â 196Â 211,1.0,0.0,-1.0,1735982,3.0,2,,0.0,2.0,1.0,B01,138Â 196Â 212,0.0
1016985,201900058516,6,9,15:50,1,2,2,1.0,3.0,94068,LOUIS BLANC (AV),M,"48,7900000","2,4900000",94,2019,50.0,1.0,1.0,3.0,2274439,2.0,2,1,2,0.0,,-1.0, -1,1959.0,A01,138Â 196Â 211,1.0,0.0,-1.0,1735981,3.0,7,,0.0,2.0,2.0,A01,138Â 196Â 211,1.0
1016985,201900058516,6,9,15:50,1,2,2,1.0,3.0,94068,LOUIS BLANC (AV),M,"48,7900000","2,4900000",94,2019,50.0,1.0,1.0,3.0,2274439,2.0,2,1,2,0.0,,-1.0, -1,1959.0,A01,138Â 196Â 211,1.0,0.0,-1.0,1735982,3.0,2,,0.0,2.0,1.0,B01,138Â 196Â 212,0.0
1016985,201900058516,6,9,15:50,1,2,2,1.0,3.0,94068,LOUIS BLANC (AV),M,"48,7900000","2,4900000",94,2019,50.0,1.0,1.0,3.0,2274440,1.0,1,4,1,0.0,,-1.0, -1,1986.0,B01,138Â 196Â 212,2.0,0.0,-1.0,1735981,3.0,7,,0.0,2.0,2.0,A01,138Â 196Â 211,1.0
1016985,201900058516,6,9,15:50,1,2,2,1.0,3.0,94068,LOUIS BLANC (AV),M,"48,7900000","2,4900000",94,2019,50.0,1.0,1.0,3.0,2274440,1.0,1,4,1,0.0,,-1.0, -1,1986.0,B01,138Â 196Â 212,2.0,0.0,-1.0,1735982,3.0,2,,0.0,2.0,1.0,B01,138Â 196Â 212,0.0
1016986,201900058517,6,2,10:50,1,2,3,1.0,3.0,94068,VARENNE (R DE LA),M,"48,7900000","2,4800000",94,2019,50.0,1.0,1.0,4.0,2274441,1.0,1,4,2,3.0,,-1.0, -1,1946.0,B01,138Â 196Â 209,1.0,5.0,-1.0,1735983,1.0,7,,0.0,2.0,1.0,B01,138Â 196Â 209,1.0
1016986,201900058517,6,2,10:50,1,2,3,1.0,3.0,94068,VARENNE (R DE LA),M,"48,7900000","2,4800000",94,2019,50.0,1.0,1.0,4.0,2274441,1.0,1,4,2,3.0,,-1.0, -1,1946.0,B01,138Â 196Â 209,1.0,5.0,-1.0,1735984,1.0,7,,0.0,2.0,1.0,A01,138Â 196Â 210,1.0
1016986,201900058517,6,2,10:50,1,2,3,1.0,3.0,94068,VARENNE (R DE LA),M,"48,7900000","2,4800000",94,2019,50.0,1.0,1.0,4.0,2274442,1.0,1,4,2,4.0,,-1.0, -1,1969.0,A01,138Â 196Â 210,1.0,8.0,-1.0,1735983,1.0,7,,0.0,2.0,1.0,B01,138Â 196Â 209,1.0
1016986,201900058517,6,2,10:50,1,2,3,1.0,3.0,94068,VARENNE (R DE LA),M,"48,7900000","2,4800000",94,2019,50.0,1.0,1.0,4.0,2274442,1.0,1,4,2,4.0,,-1.0, -1,1969.0,A01,138Â 196Â 210,1.0,8.0,-1.0,1735984,1.0,7,,0.0,2.0,1.0,A01,138Â 196Â 210,1.0
1016986,201900058517,6,2,10:50,1,2,3,1.0,3.0,94068,VARENNE (R DE LA),M,"48,7900000","2,4800000",94,2019,50.0,1.0,1.0,4.0,2274443,2.0,2,4,1,4.0,,-1.0, -1,1966.0,A01,138Â 196Â 210,1.0,0.0,-1.0,1735983,1.0,7,,0.0,2.0,1.0,B01,138Â 196Â 209,1.0
1016986,201900058517,6,2,10:50,1,2,3,1.0,3.0,94068,VARENNE (R DE LA),M,"48,7900000","2,4800000",94,2019,50.0,1.0,1.0,4.0,2274443,2.0,2,4,1,4.0,,-1.0, -1,1966.0,A01,138Â 196Â 210,1.0,0.0,-1.0,1735984,1.0,7,,0.0,2.0,1.0,A01,138Â 196Â 210,1.0
1016987,201900058518,5,30,15:10,1,2,7,1.0,3.0,94068,JEAN MOULIN (PL),M,"48,7979000","2,5027600",94,2019,50.0,1.0,1.0,4.0,2274444,1.0,1,4,1,1.0,,-1.0,0,1985.0,B01,138Â 196Â 207,1.0,0.0,-1.0,1735985,2.0,7,,0.0,2.0,3.0,B01,138Â 196Â 207,1.0
1016987,201900058518,5,30,15:10,1,2,7,1.0,3.0,94068,JEAN MOULIN (PL),M,"48,7979000","2,5027600",94,2019,50.0,1.0,1.0,4.0,2274444,1.0,1,4,1,1.0,,-1.0,0,1985.0,B01,138Â 196Â 207,1.0,0.0,-1.0,1735986,2.0,10,,0.0,2.0,2.0,A01,138Â 196Â 208,1.0
1016987,201900058518,5,30,15:10,1,2,7,1.0,3.0,94068,JEAN MOULIN (PL),M,"48,7979000","2,5027600",94,2019,50.0,1.0,1.0,4.0,2274445,1.0,1,1,1,4.0,,-1.0, -1,1969.0,A01,138Â 196Â 208,1.0,0.0,-1.0,1735985,2.0,7,,0.0,2.0,3.0,B01,138Â 196Â 207,1.0
1016987,201900058518,5,30,15:10,1,2,7,1.0,3.0,94068,JEAN MOULIN (PL),M,"48,7979000","2,5027600",94,2019,50.0,1.0,1.0,4.0,2274445,1.0,1,1,1,4.0,,-1.0, -1,1969.0,A01,138Â 196Â 208,1.0,0.0,-1.0,1735986,2.0,10,,0.0,2.0,2.0,A01,138Â 196Â 208,1.0
1016988,201900058519,6,17,16:05,1,2,1,1.0,6.0,94058,PIERRE BROSSOLETTE (AV),M,"48,8345630","2,5098830",94,2019,50.0,2.0,1.0,3.0,2274446,10.0,3,4,2,2.0,,4.0,3,2007.0,A01,138Â 196Â 206,8.0,0.0,-1.0,1735987,3.0,7,,0.0,1.0,6.0,A01,138Â 196Â 206,1.0
1016988,201900058519,6,17,16:05,1,2,1,1.0,6.0,94058,PIERRE BROSSOLETTE (AV),M,"48,8345630","2,5098830",94,2019,50.0,2.0,1.0,3.0,2274447,1.0,1,1,1,5.0,,-1.0,0,1941.0,A01,138Â 196Â 206,1.0,8.0,-1.0,1735987,3.0,7,,0.0,1.0,6.0,A01,138Â 196Â 206,1.0
1016989,201900058520,6,15,16:25,1,2,1,1.0,5.0,94042,GENERAL GALLIENI - PONT DE JOINVILLE (AV,M,"48,8203100","2,4755100",94,2019,50.0,1.0,1.0,4.0,2274448,1.0,1,4,1,0.0,,-1.0,0,1979.0,A01,138Â 196Â 203,2.0,8.0,-1.0,1735988,2.0,33,,0.0,2.0,3.0,A01,138Â 196Â 203,1.0
1016989,201900058520,6,15,16:25,1,2,1,1.0,5.0,94042,GENERAL GALLIENI - PONT DE JOINVILLE (AV,M,"48,8203100","2,4755100",94,2019,50.0,1.0,1.0,4.0,2274448,1.0,1,4,1,0.0,,-1.0,0,1979.0,A01,138Â 196Â 203,2.0,8.0,-1.0,1735989,2.0,7,,0.0,2.0,2.0,B01,138Â 196Â 204,1.0
1016989,201900058520,6,15,16:25,1,2,1,1.0,5.0,94042,GENERAL GALLIENI - PONT DE JOINVILLE (AV,M,"48,8203100","2,4755100",94,2019,50.0,1.0,1.0,4.0,2274448,1.0,1,4,1,0.0,,-1.0,0,1979.0,A01,138Â 196Â 203,2.0,8.0,-1.0,1735990,2.0,7,,0.0,2.0,0.0,D01,138Â 196Â 205,1.0
1016989,201900058520,6,15,16:25,1,2,1,1.0,5.0,94042,GENERAL GALLIENI - PONT DE JOINVILLE (AV,M,"48,8203100","2,4755100",94,2019,50.0,1.0,1.0,4.0,2274449,1.0,1,1,1,1.0,,-1.0, -1,1986.0,B01,138Â 196Â 204,1.0,8.0,-1.0,1735988,2.0,33,,0.0,2.0,3.0,A01,138Â 196Â 203,1.0
1016989,201900058520,6,15,16:25,1,2,1,1.0,5.0,94042,GENERAL GALLIENI - PONT DE JOINVILLE (AV,M,"48,8203100","2,4755100",94,2019,50.0,1.0,1.0,4.0,2274449,1.0,1,1,1,1.0,,-1.0, -1,1986.0,B01,138Â 196Â 204,1.0,8.0,-1.0,1735989,2.0,7,,0.0,2.0,2.0,B01,138Â 196Â 204,1.0
1016989,201900058520,6,15,16:25,1,2,1,1.0,5.0,94042,GENERAL GALLIENI - PONT DE JOINVILLE (AV,M,"48,8203100","2,4755100",94,2019,50.0,1.0,1.0,4.0,2274449,1.0,1,1,1,1.0,,-1.0, -1,1986.0,B01,138Â 196Â 204,1.0,8.0,-1.0,1735990,2.0,7,,0.0,2.0,0.0,D01,138Â 196Â 205,1.0
1016989,201900058520,6,15,16:25,1,2,1,1.0,5.0,94042,GENERAL GALLIENI - PONT DE JOINVILLE (AV,M,"48,8203100","2,4755100",94,2019,50.0,1.0,1.0,4.0,2274450,1.0,1,1,1,0.0,,-1.0,0,1986.0,D01,138Â 196Â 205,8.0,0.0,-1.0,1735988,2.0,33,,0.0,2.0,3.0,A01,138Â 196Â 203,1.0
1016989,201900058520,6,15,16:25,1,2,1,1.0,5.0,94042,GENERAL GALLIENI - PONT DE JOINVILLE (AV,M,"48,8203100","2,4755100",94,2019,50.0,1.0,1.0,4.0,2274450,1.0,1,1,1,0.0,,-1.0,0,1986.0,D01,138Â 196Â 205,8.0,0.0,-1.0,1735989,2.0,7,,0.0,2.0,2.0,B01,138Â 196Â 204,1.0
1016989,201900058520,6,15,16:25,1,2,1,1.0,5.0,94042,GENERAL GALLIENI - PONT DE JOINVILLE (AV,M,"48,8203100","2,4755100",94,2019,50.0,1.0,1.0,4.0,2274450,1.0,1,1,1,0.0,,-1.0,0,1986.0,D01,138Â 196Â 205,8.0,0.0,-1.0,1735990,2.0,7,,0.0,2.0,0.0,D01,138Â 196Â 205,1.0
1016990,201900058521,6,13,18:40,1,2,3,1.0,3.0,94052,STRASBOURG (BD DE),M,"48,8419400","2,4837500",94,2019,50.0,1.0,1.0,3.0,2274451,1.0,1,1,2,1.0,,-1.0,0,1995.0,A01,138Â 196Â 201,1.0,0.0,-1.0,1735991,1.0,7,,0.0,2.0,3.0,A01,138Â 196Â 201,1.0
1016990,201900058521,6,13,18:40,1,2,3,1.0,3.0,94052,STRASBOURG (BD DE),M,"48,8419400","2,4837500",94,2019,50.0,1.0,1.0,3.0,2274451,1.0,1,1,2,1.0,,-1.0,0,1995.0,A01,138Â 196Â 201,1.0,0.0,-1.0,1735992,2.0,33,,0.0,2.0,1.0,B01,138Â 196Â 202,1.0
1016990,201900058521,6,13,18:40,1,2,3,1.0,3.0,94052,STRASBOURG (BD DE),M,"48,8419400","2,4837500",94,2019,50.0,1.0,1.0,3.0,2274452,1.0,1,4,2,1.0,,-1.0,0,1992.0,B01,138Â 196Â 202,2.0,6.0,-1.0,1735991,1.0,7,,0.0,2.0,3.0,A01,138Â 196Â 201,1.0
1016990,201900058521,6,13,18:40,1,2,3,1.0,3.0,94052,STRASBOURG (BD DE),M,"48,8419400","2,4837500",94,2019,50.0,1.0,1.0,3.0,2274452,1.0,1,4,2,1.0,,-1.0,0,1992.0,B01,138Â 196Â 202,2.0,6.0,-1.0,1735992,2.0,33,,0.0,2.0,1.0,B01,138Â 196Â 202,1.0
1016991,201900058522,6,13,16:30,1,2,1,1.0,2.0,94058,ALSACE LORRAINE (BD D),M,"48,8502900","2,5008800",94,2019,50.0,1.0,1.0,3.0,2274453,1.0,1,1,1,5.0,,-1.0, -1,1972.0,A01,138Â 196Â 199,1.0,0.0,-1.0,1735993,3.0,10,,0.0,2.0,1.0,A01,138Â 196Â 199,1.0
1016991,201900058522,6,13,16:30,1,2,1,1.0,2.0,94058,ALSACE LORRAINE (BD D),M,"48,8502900","2,5008800",94,2019,50.0,1.0,1.0,3.0,2274453,1.0,1,1,1,5.0,,-1.0, -1,1972.0,A01,138Â 196Â 199,1.0,0.0,-1.0,1735994,3.0,7,,0.0,0.0,4.0,B01,138Â 196Â 200,1.0
1016991,201900058522,6,13,16:30,1,2,1,1.0,2.0,94058,ALSACE LORRAINE (BD D),M,"48,8502900","2,5008800",94,2019,50.0,1.0,1.0,3.0,2274454,1.0,1,4,2,5.0,,-1.0, -1,1936.0,B01,138Â 196Â 200,1.0,0.0,-1.0,1735993,3.0,10,,0.0,2.0,1.0,A01,138Â 196Â 199,1.0
1016991,201900058522,6,13,16:30,1,2,1,1.0,2.0,94058,ALSACE LORRAINE (BD D),M,"48,8502900","2,5008800",94,2019,50.0,1.0,1.0,3.0,2274454,1.0,1,4,2,5.0,,-1.0, -1,1936.0,B01,138Â 196Â 200,1.0,0.0,-1.0,1735994,3.0,7,,0.0,0.0,4.0,B01,138Â 196Â 200,1.0
1016992,201900058523,6,13,09:20,1,2,6,1.0,1.0,94015,PASTEUR (BD),M,"48,8325000","2,5313000",94,2019,50.0,1.0,1.0,3.0,2274455,1.0,1,4,2,9.0,,-1.0, -1,1959.0,B01,138Â 196Â 197,1.0,0.0,-1.0,1735995,2.0,7,,0.0,2.0,2.0,B01,138Â 196Â 197,1.0
1016992,201900058523,6,13,09:20,1,2,6,1.0,1.0,94015,PASTEUR (BD),M,"48,8325000","2,5313000",94,2019,50.0,1.0,1.0,3.0,2274455,1.0,1,4,2,9.0,,-1.0, -1,1959.0,B01,138Â 196Â 197,1.0,0.0,-1.0,1735996,1.0,7,,0.0,2.0,3.0,A01,138Â 196Â 198,1.0
1016992,201900058523,6,13,09:20,1,2,6,1.0,1.0,94015,PASTEUR (BD),M,"48,8325000","2,5313000",94,2019,50.0,1.0,1.0,3.0,2274456,1.0,1,1,1,5.0,,-1.0,0,1969.0,A01,138Â 196Â 198,1.0,0.0,-1.0,1735995,2.0,7,,0.0,2.0,2.0,B01,138Â 196Â 197,1.0
1016992,201900058523,6,13,09:20,1,2,6,1.0,1.0,94015,PASTEUR (BD),M,"48,8325000","2,5313000",94,2019,50.0,1.0,1.0,3.0,2274456,1.0,1,1,1,5.0,,-1.0,0,1969.0,A01,138Â 196Â 198,1.0,0.0,-1.0,1735996,1.0,7,,0.0,2.0,3.0,A01,138Â 196Â 198,1.0
1016993,201900058524,6,12,00:55,5,2,1,1.0,2.0,94017,STALINGRAD (BD DE),M,"48,8285300","2,4937000",94,2019,50.0,1.0,1.0,3.0,2274457,1.0,1,4,2,4.0,,-1.0,0,1982.0,B01,138Â 196Â 195,1.0,0.0,-1.0,1735997,1.0,7,,0.0,2.0,4.0,B01,138Â 196Â 195,1.0
1016993,201900058524,6,12,00:55,5,2,1,1.0,2.0,94017,STALINGRAD (BD DE),M,"48,8285300","2,4937000",94,2019,50.0,1.0,1.0,3.0,2274457,1.0,1,4,2,4.0,,-1.0,0,1982.0,B01,138Â 196Â 195,1.0,0.0,-1.0,1735998,1.0,7,,0.0,2.0,1.0,A01,138Â 196Â 196,1.0
1016993,201900058524,6,12,00:55,5,2,1,1.0,2.0,94017,STALINGRAD (BD DE),M,"48,8285300","2,4937000",94,2019,50.0,1.0,1.0,3.0,2274458,1.0,1,1,2,0.0,,-1.0,0,1998.0,A01,138Â 196Â 196,1.0,0.0,-1.0,1735997,1.0,7,,0.0,2.0,4.0,B01,138Â 196Â 195,1.0
1016993,201900058524,6,12,00:55,5,2,1,1.0,2.0,94017,STALINGRAD (BD DE),M,"48,8285300","2,4937000",94,2019,50.0,1.0,1.0,3.0,2274458,1.0,1,1,2,0.0,,-1.0,0,1998.0,A01,138Â 196Â 196,1.0,0.0,-1.0,1735998,1.0,7,,0.0,2.0,1.0,A01,138Â 196Â 196,1.0
1016994,201900058525,6,9,22:40,5,2,1,1.0,7.0,94042,GENERAL GALLIENI - PONT DE JOINVILLE (AV,M,"48,8200000","2,4705800",94,2019,50.0,1.0,1.0,3.0,2274459,2.0,2,4,1,5.0,,-1.0,0,1981.0,A01,138Â 196Â 194,2.0,0.0,-1.0,1735999,3.0,30,,0.0,0.0,0.0,A01,138Â 196Â 194,1.0
1016994,201900058525,6,9,22:40,5,2,1,1.0,7.0,94042,GENERAL GALLIENI - PONT DE JOINVILLE (AV,M,"48,8200000","2,4705800",94,2019,50.0,1.0,1.0,3.0,2274460,1.0,1,3,1,5.0,,-1.0,0,1990.0,A01,138Â 196Â 194,2.0,0.0,-1.0,1735999,3.0,30,,0.0,0.0,0.0,A01,138Â 196Â 194,1.0
1016995,201900058526,6,8,10:05,1,2,1,1.0,2.0,94052,PONT DE NOGENT,M,"48,8309500","2,4932200",94,2019,50.0,1.0,1.0,3.0,2274461,1.0,1,1,1,5.0,,-1.0, -1,1980.0,A01,138Â 196Â 192,1.0,0.0,-1.0,1736000,3.0,7,,0.0,2.0,1.0,A01,138Â 196Â 192,1.0
1016995,201900058526,6,8,10:05,1,2,1,1.0,2.0,94052,PONT DE NOGENT,M,"48,8309500","2,4932200",94,2019,50.0,1.0,1.0,3.0,2274461,1.0,1,1,1,5.0,,-1.0, -1,1980.0,A01,138Â 196Â 192,1.0,0.0,-1.0,1736001,3.0,7,,0.0,2.0,4.0,B01,138Â 196Â 193,1.0
1016995,201900058526,6,8,10:05,1,2,1,1.0,2.0,94052,PONT DE NOGENT,M,"48,8309500","2,4932200",94,2019,50.0,1.0,1.0,3.0,2274462,2.0,2,4,2,0.0,,-1.0,0,1928.0,A01,138Â 196Â 192,1.0,0.0,-1.0,1736000,3.0,7,,0.0,2.0,1.0,A01,138Â 196Â 192,1.0
1016995,201900058526,6,8,10:05,1,2,1,1.0,2.0,94052,PONT DE NOGENT,M,"48,8309500","2,4932200",94,2019,50.0,1.0,1.0,3.0,2274462,2.0,2,4,2,0.0,,-1.0,0,1928.0,A01,138Â 196Â 192,1.0,0.0,-1.0,1736001,3.0,7,,0.0,2.0,4.0,B01,138Â 196Â 193,1.0
1016995,201900058526,6,8,10:05,1,2,1,1.0,2.0,94052,PONT DE NOGENT,M,"48,8309500","2,4932200",94,2019,50.0,1.0,1.0,3.0,2274463,1.0,1,1,1,5.0,,-1.0,0,1980.0,B01,138Â 196Â 193,1.0,0.0,-1.0,1736000,3.0,7,,0.0,2.0,1.0,A01,138Â 196Â 192,1.0
1016995,201900058526,6,8,10:05,1,2,1,1.0,2.0,94052,PONT DE NOGENT,M,"48,8309500","2,4932200",94,2019,50.0,1.0,1.0,3.0,2274463,1.0,1,1,1,5.0,,-1.0,0,1980.0,B01,138Â 196Â 193,1.0,0.0,-1.0,1736001,3.0,7,,0.0,2.0,4.0,B01,138Â 196Â 193,1.0
1016996,201900058527,6,5,00:20,5,2,3,1.0,3.0,94042,HENRI BARBUSSE (R),M,"48,8123400","2,4675900",94,2019,50.0,1.0,1.0,3.0,2274464,1.0,1,4,1,1.0,,-1.0,0,1983.0,B01,138Â 196Â 190,2.0,6.0,-1.0,1736002,1.0,33,,0.0,2.0,2.0,B01,138Â 196Â 190,1.0
1016996,201900058527,6,5,00:20,5,2,3,1.0,3.0,94042,HENRI BARBUSSE (R),M,"48,8123400","2,4675900",94,2019,50.0,1.0,1.0,3.0,2274464,1.0,1,4,1,1.0,,-1.0,0,1983.0,B01,138Â 196Â 190,2.0,6.0,-1.0,1736003,1.0,10,,0.0,2.0,8.0,A01,138Â 196Â 191,1.0
1016996,201900058527,6,5,00:20,5,2,3,1.0,3.0,94042,HENRI BARBUSSE (R),M,"48,8123400","2,4675900",94,2019,50.0,1.0,1.0,3.0,2274465,1.0,1,1,2,5.0,,-1.0,0,1988.0,A01,138Â 196Â 191,8.0,0.0,-1.0,1736002,1.0,33,,0.0,2.0,2.0,B01,138Â 196Â 190,1.0
1016996,201900058527,6,5,00:20,5,2,3,1.0,3.0,94042,HENRI BARBUSSE (R),M,"48,8123400","2,4675900",94,2019,50.0,1.0,1.0,3.0,2274465,1.0,1,1,2,5.0,,-1.0,0,1988.0,A01,138Â 196Â 191,8.0,0.0,-1.0,1736003,1.0,10,,0.0,2.0,8.0,A01,138Â 196Â 191,1.0
1016997,201900058528,6,2,10:28,1,2,1,1.0,6.0,94042,CHAPSAL (R),M,"48,8235700","2,4654700",94,2019,50.0,1.0,1.0,3.0,2274466,1.0,1,1,2,5.0,,-1.0, -1,1985.0,A01,138Â 196Â 188,1.0,0.0,-1.0,1736004,1.0,7,,0.0,2.0,2.0,A01,138Â 196Â 188,1.0
1016997,201900058528,6,2,10:28,1,2,1,1.0,6.0,94042,CHAPSAL (R),M,"48,8235700","2,4654700",94,2019,50.0,1.0,1.0,3.0,2274466,1.0,1,1,2,5.0,,-1.0, -1,1985.0,A01,138Â 196Â 188,1.0,0.0,-1.0,1736005,1.0,1,,1.0,2.0,1.0,B01,138Â 196Â 189,5.0
1016997,201900058528,6,2,10:28,1,2,1,1.0,6.0,94042,CHAPSAL (R),M,"48,8235700","2,4654700",94,2019,50.0,1.0,1.0,3.0,2274467,1.0,1,4,1,5.0,,-1.0,0,2014.0,B01,138Â 196Â 189,8.0,0.0,-1.0,1736004,1.0,7,,0.0,2.0,2.0,A01,138Â 196Â 188,1.0
1016997,201900058528,6,2,10:28,1,2,1,1.0,6.0,94042,CHAPSAL (R),M,"48,8235700","2,4654700",94,2019,50.0,1.0,1.0,3.0,2274467,1.0,1,4,1,5.0,,-1.0,0,2014.0,B01,138Â 196Â 189,8.0,0.0,-1.0,1736005,1.0,1,,1.0,2.0,1.0,B01,138Â 196Â 189,5.0
1016998,201900058529,5,31,19:45,1,2,1,1.0,3.0,94052,GALLIENI (BD),M,"48,8387400","2,4864000",94,2019,30.0,2.0,1.0,4.0,2274468,1.0,1,1,1,1.0,,-1.0, -1,1996.0,B01,138Â 196Â 186,1.0,0.0,-1.0,1736006,1.0,7,,0.0,2.0,8.0,B01,138Â 196Â 186,1.0
1016998,201900058529,5,31,19:45,1,2,1,1.0,3.0,94052,GALLIENI (BD),M,"48,8387400","2,4864000",94,2019,30.0,2.0,1.0,4.0,2274468,1.0,1,1,1,1.0,,-1.0, -1,1996.0,B01,138Â 196Â 186,1.0,0.0,-1.0,1736007,1.0,32,,0.0,2.0,1.0,A01,138Â 196Â 187,1.0
1016998,201900058529,5,31,19:45,1,2,1,1.0,3.0,94052,GALLIENI (BD),M,"48,8387400","2,4864000",94,2019,30.0,2.0,1.0,4.0,2274469,1.0,1,4,1,5.0,,-1.0, -1,1994.0,A01,138Â 196Â 187,2.0,6.0,-1.0,1736006,1.0,7,,0.0,2.0,8.0,B01,138Â 196Â 186,1.0
1016998,201900058529,5,31,19:45,1,2,1,1.0,3.0,94052,GALLIENI (BD),M,"48,8387400","2,4864000",94,2019,30.0,2.0,1.0,4.0,2274469,1.0,1,4,1,5.0,,-1.0, -1,1994.0,A01,138Â 196Â 187,2.0,6.0,-1.0,1736007,1.0,32,,0.0,2.0,1.0,A01,138Â 196Â 187,1.0
1016999,201900058530,6,19,20:45,2,2,9,1.0,6.0,94046,GENERAL DE GAULLE (AV DU),M,"48,8027300","2,4285400",94,2019,30.0,1.0,1.0,3.0,2274470,1.0,1,1,1,5.0,,-1.0,0,1980.0,A01,138Â 196Â 185,1.0,0.0,-1.0,1736008,2.0,7,,0.0,1.0,1.0,A01,138Â 196Â 185,1.0
1016999,201900058530,6,19,20:45,2,2,9,1.0,6.0,94046,GENERAL DE GAULLE (AV DU),M,"48,8027300","2,4285400",94,2019,30.0,1.0,1.0,3.0,2274471,10.0,3,4,1,1.0,,3.0,3,1964.0,A01,138Â 196Â 185,8.0,0.0,-1.0,1736008,2.0,7,,0.0,1.0,1.0,A01,138Â 196Â 185,1.0
1017000,201900058531,6,17,21:30,2,2,1,1.0,7.0,94046,REPUBLIQUE (AV DE LA),M,"48,8106000","2,4566000",94,2019,50.0,1.0,1.0,3.0,2274472,1.0,1,4,2,0.0,,-1.0, -1,1968.0,A01,138Â 196Â 184,2.0,6.0,-1.0,1736009,2.0,31,,0.0,0.0,0.0,A01,138Â 196Â 184,1.0
1017001,201900058532,6,16,15:15,1,2,3,1.0,1.0,94046,CONCORDE (R DE LA),M,"48,8120000","2,4446300",94,2019,50.0,1.0,1.0,4.0,2274473,1.0,1,4,1,0.0,,-1.0, -1,1998.0,B01,138Â 196Â 182,2.0,0.0,-1.0,1736010,2.0,2,,0.0,2.0,1.0,B01,138Â 196Â 182,0.0
1017001,201900058532,6,16,15:15,1,2,3,1.0,1.0,94046,CONCORDE (R DE LA),M,"48,8120000","2,4446300",94,2019,50.0,1.0,1.0,4.0,2274473,1.0,1,4,1,0.0,,-1.0, -1,1998.0,B01,138Â 196Â 182,2.0,0.0,-1.0,1736011,1.0,7,,0.0,2.0,1.0,A01,138Â 196Â 183,0.0
1017001,201900058532,6,16,15:15,1,2,3,1.0,1.0,94046,CONCORDE (R DE LA),M,"48,8120000","2,4446300",94,2019,50.0,1.0,1.0,4.0,2274474,1.0,1,1,1,0.0,,-1.0, -1,1953.0,A01,138Â 196Â 183,1.0,0.0,-1.0,1736010,2.0,2,,0.0,2.0,1.0,B01,138Â 196Â 182,0.0
1017001,201900058532,6,16,15:15,1,2,3,1.0,1.0,94046,CONCORDE (R DE LA),M,"48,8120000","2,4446300",94,2019,50.0,1.0,1.0,4.0,2274474,1.0,1,1,1,0.0,,-1.0, -1,1953.0,A01,138Â 196Â 183,1.0,0.0,-1.0,1736011,1.0,7,,0.0,2.0,1.0,A01,138Â 196Â 183,0.0
1017002,201900058533,6,15,09:00,1,2,9,1.0,6.0,94046,GAMBETTA (AV),M,"48,8100100","2,4436200",94,2019,50.0,1.0,1.0,4.0,2274475,10.0,3,4,1,0.0,,3.0,3,1959.0,A01,138Â 196Â 181,8.0,0.0,-1.0,1736012,1.0,7,,0.0,1.0,1.0,A01,138Â 196Â 181,1.0
1017002,201900058533,6,15,09:00,1,2,9,1.0,6.0,94046,GAMBETTA (AV),M,"48,8100100","2,4436200",94,2019,50.0,1.0,1.0,4.0,2274476,1.0,1,1,1,3.0,,-1.0,0,1976.0,A01,138Â 196Â 181,1.0,8.0,-1.0,1736012,1.0,7,,0.0,1.0,1.0,A01,138Â 196Â 181,1.0
1017003,201900058534,6,13,10:55,1,2,1,1.0,6.0,94046,GENERAL DE GAULLE (AV DU),M,"48,8107900","2,4232400",94,2019,50.0,1.0,1.0,3.0,2274477,1.0,1,4,1,4.0,,-1.0,0,1971.0,A01,138Â 196Â 179,1.0,0.0,-1.0,1736013,2.0,10,,1.0,0.0,3.0,A01,138Â 196Â 179,1.0
1017003,201900058534,6,13,10:55,1,2,1,1.0,6.0,94046,GENERAL DE GAULLE (AV DU),M,"48,8107900","2,4232400",94,2019,50.0,1.0,1.0,3.0,2274477,1.0,1,4,1,4.0,,-1.0,0,1971.0,A01,138Â 196Â 179,1.0,0.0,-1.0,1736014,2.0,10,,1.0,0.0,0.0,B01,138Â 196Â 180,1.0
1017004,201900058535,6,6,10:40,1,2,1,8.0,7.0,94046,JEAN JAURES (R),M,"48,7924000","2,4346800",94,2019,50.0,1.0,2.0,3.0,2274478,1.0,1,4,1,9.0,,-1.0,0,1967.0,A01,138Â 196Â 178,2.0,6.0,-1.0,1736015,2.0,30,,0.0,0.0,8.0,A01,138Â 196Â 178,1.0
1017005,201900058536,6,19,10:15,1,2,1,1.0,3.0,94076,STALINGRAD (AV DE),M,"48,7843700","2,3666900",94,2019,50.0,1.0,1.0,3.0,2274479,1.0,1,4,1,0.0,,-1.0, -1,1994.0,B01,138Â 196Â 176,2.0,8.0,-1.0,1736016,1.0,33,,0.0,2.0,5.0,B01,138Â 196Â 176,1.0