Unnamed: 0_x,num_acc,mois,jour,hrmn,lum,agg,int,atm,col,com,adr,gps,lat,long,dep,annee,vma,situ,surf,catr,Unnamed: 0_y,place,catu,grav,sexe,trajet,secu,locp,actp,an_nais,num_veh_x,id_vehicule_x,secu1,secu2,secu3,Unnamed: 0,senc,catv,occutc,obs,obsm,choc,num_veh_y,id_vehicule_y,motor
1017005,201900058536,6,19,10:15,1,2,1,1.0,3.0,94076,STALINGRAD (AV DE),M,"48,7843700","2,3666900",94,2019,50.0,1.0,1.0,3.0,2274479,1.0,1,4,1,0.0,,-1.0, -1,1994.0,B01,138Â 196Â 176,2.0,8.0,-1.0,1736017,1.0,7,,0.0,2.0,6.0,Z01,138Â 196Â 177,0.0
1017006,201900058537,6,18,20:50,2,2,2,1.0,3.0,94076,KARL MARX (AV),M,"48,7844800","2,3591600",94,2019,50.0,1.0,1.0,4.0,2274480,1.0,1,1,2,0.0,,-1.0, -1,1960.0,A01,138Â 196Â 174,1.0,8.0,-1.0,1736018,1.0,7,,0.0,2.0,3.0,A01,138Â 196Â 174,2.0
1017006,201900058537,6,18,20:50,2,2,2,1.0,3.0,94076,KARL MARX (AV),M,"48,7844800","2,3591600",94,2019,50.0,1.0,1.0,4.0,2274480,1.0,1,1,2,0.0,,-1.0, -1,1960.0,A01,138Â 196Â 174,1.0,8.0,-1.0,1736019,2.0,32,,0.0,2.0,2.0,B01,138Â 196Â 175,1.0
1017006,201900058537,6,18,20:50,2,2,2,1.0,3.0,94076,KARL MARX (AV),M,"48,7844800","2,3591600",94,2019,50.0,1.0,1.0,4.0,2274481,1.0,1,4,1,0.0,,-1.0, -1,1990.0,B01,138Â 196Â 175,2.0,8.0,-1.0,1736018,1.0,7,,0.0,2.0,3.0,A01,138Â 196Â 174,2.0
1017006,201900058537,6,18,20:50,2,2,2,1.0,3.0,94076,KARL MARX (AV),M,"48,7844800","2,3591600",94,2019,50.0,1.0,1.0,4.0,2274481,1.0,1,4,1,0.0,,-1.0, -1,1990.0,B01,138Â 196Â 175,2.0,8.0,-1.0,1736019,2.0,32,,0.0,2.0,2.0,B01,138Â 196Â 175,1.0
1017007,201900058538,6,18,17:15,1,2,1,1.0,3.0,94076,PRESIDENT ALLENDE (AV DU),M,"48,7975600","2,3485300",94,2019,50.0,1.0,1.0,4.0,2274482,1.0,1,1,1,0.0,,-1.0, -1,1993.0,A01,138Â 196Â 172,1.0,0.0,-1.0,1736020,1.0,7,,0.0,2.0,8.0,A01,138Â 196Â 172,1.0
1017007,201900058538,6,18,17:15,1,2,1,1.0,3.0,94076,PRESIDENT ALLENDE (AV DU),M,"48,7975600","2,3485300",94,2019,50.0,1.0,1.0,4.0,2274482,1.0,1,1,1,0.0,,-1.0, -1,1993.0,A01,138Â 196Â 172,1.0,0.0,-1.0,1736021,1.0,33,,1.0,0.0,2.0,B01,138Â 196Â 173,1.0
1017007,201900058538,6,18,17:15,1,2,1,1.0,3.0,94076,PRESIDENT ALLENDE (AV DU),M,"48,7975600","2,3485300",94,2019,50.0,1.0,1.0,4.0,2274483,1.0,1,4,1,1.0,,-1.0, -1,1979.0,B01,138Â 196Â 173,2.0,6.0,-1.0,1736020,1.0,7,,0.0,2.0,8.0,A01,138Â 196Â 172,1.0
1017007,201900058538,6,18,17:15,1,2,1,1.0,3.0,94076,PRESIDENT ALLENDE (AV DU),M,"48,7975600","2,3485300",94,2019,50.0,1.0,1.0,4.0,2274483,1.0,1,4,1,1.0,,-1.0, -1,1979.0,B01,138Â 196Â 173,2.0,6.0,-1.0,1736021,1.0,33,,1.0,0.0,2.0,B01,138Â 196Â 173,1.0
1017008,201900058539,6,18,15:25,1,2,1,1.0,6.0,94076,MAXIME GORKI (BD),M,"48,7958000","2,3683700",94,2019,50.0,1.0,1.0,3.0,2274484,10.0,3,4,2,3.0,,4.0,3,1998.0,A01,138Â 196Â 171,8.0,0.0,-1.0,1736022,1.0,33,,0.0,1.0,1.0,A01,138Â 196Â 171,1.0
1017008,201900058539,6,18,15:25,1,2,1,1.0,6.0,94076,MAXIME GORKI (BD),M,"48,7958000","2,3683700",94,2019,50.0,1.0,1.0,3.0,2274485,1.0,1,1,1,9.0,,-1.0, -1,1984.0,A01,138Â 196Â 171,2.0,0.0,-1.0,1736022,1.0,33,,0.0,1.0,1.0,A01,138Â 196Â 171,1.0
1017009,201900058540,6,18,08:50,1,2,1,1.0,6.0,94076,PAUL VAILLANT COUTURIER (AV),M,"48,7947800","2,3648300",94,2019,50.0,1.0,1.0,3.0,2274486,10.0,3,3,2,9.0,,2.0,4,1950.0,A01,138Â 196Â 170,8.0,0.0,-1.0,1736023,1.0,14,,0.0,1.0,2.0,A01,138Â 196Â 170,6.0
1017009,201900058540,6,18,08:50,1,2,1,1.0,6.0,94076,PAUL VAILLANT COUTURIER (AV),M,"48,7947800","2,3648300",94,2019,50.0,1.0,1.0,3.0,2274487,1.0,1,1,1,4.0,,-1.0,0,1977.0,A01,138Â 196Â 170,1.0,8.0,-1.0,1736023,1.0,14,,0.0,1.0,2.0,A01,138Â 196Â 170,6.0
1017010,201900058541,6,12,20:15,1,2,1,3.0,2.0,94037,PAUL VAILLANT COUTURIER (AV),M,"48,8169100","2,3321200",94,2019,50.0,1.0,2.0,3.0,2274488,1.0,1,4,1,0.0,,-1.0,0,1972.0,B01,138Â 196Â 168,2.0,6.0,-1.0,1736024,2.0,33,,0.0,2.0,4.0,B01,138Â 196Â 168,1.0
1017010,201900058541,6,12,20:15,1,2,1,3.0,2.0,94037,PAUL VAILLANT COUTURIER (AV),M,"48,8169100","2,3321200",94,2019,50.0,1.0,2.0,3.0,2274488,1.0,1,4,1,0.0,,-1.0,0,1972.0,B01,138Â 196Â 168,2.0,6.0,-1.0,1736025,2.0,7,,0.0,2.0,1.0,A01,138Â 196Â 169,1.0
1017010,201900058541,6,12,20:15,1,2,1,3.0,2.0,94037,PAUL VAILLANT COUTURIER (AV),M,"48,8169100","2,3321200",94,2019,50.0,1.0,2.0,3.0,2274489,1.0,1,1,2,0.0,,-1.0,0,1973.0,A01,138Â 196Â 169,1.0,0.0,-1.0,1736024,2.0,33,,0.0,2.0,4.0,B01,138Â 196Â 168,1.0
1017010,201900058541,6,12,20:15,1,2,1,3.0,2.0,94037,PAUL VAILLANT COUTURIER (AV),M,"48,8169100","2,3321200",94,2019,50.0,1.0,2.0,3.0,2274489,1.0,1,1,2,0.0,,-1.0,0,1973.0,A01,138Â 196Â 169,1.0,0.0,-1.0,1736025,2.0,7,,0.0,2.0,1.0,A01,138Â 196Â 169,1.0
1017011,201900058542,6,13,18:25,1,2,1,3.0,3.0,94043,FONTAINEBLEAU (AV DE),M,"48,8102504","2,3623627",94,2019,50.0,1.0,2.0,3.0,2274490,10.0,3,4,2,2.0,,4.0,3,2006.0,B01,138Â 196Â 166,8.0,0.0,-1.0,1736026,1.0,60,,0.0,2.0,1.0,B01,138Â 196Â 166,5.0
1017011,201900058542,6,13,18:25,1,2,1,3.0,3.0,94043,FONTAINEBLEAU (AV DE),M,"48,8102504","2,3623627",94,2019,50.0,1.0,2.0,3.0,2274490,10.0,3,4,2,2.0,,4.0,3,2006.0,B01,138Â 196Â 166,8.0,0.0,-1.0,1736027,2.0,7,,0.0,1.0,2.0,A01,138Â 196Â 167,1.0
1017011,201900058542,6,13,18:25,1,2,1,3.0,3.0,94043,FONTAINEBLEAU (AV DE),M,"48,8102504","2,3623627",94,2019,50.0,1.0,2.0,3.0,2274491,1.0,1,1,1,1.0,,0.0,0,1972.0,A01,138Â 196Â 167,8.0,0.0,-1.0,1736026,1.0,60,,0.0,2.0,1.0,B01,138Â 196Â 166,5.0
1017011,201900058542,6,13,18:25,1,2,1,3.0,3.0,94043,FONTAINEBLEAU (AV DE),M,"48,8102504","2,3623627",94,2019,50.0,1.0,2.0,3.0,2274491,1.0,1,1,1,1.0,,0.0,0,1972.0,A01,138Â 196Â 167,8.0,0.0,-1.0,1736027,2.0,7,,0.0,1.0,2.0,A01,138Â 196Â 167,1.0
1017012,201900058543,6,13,09:25,1,2,1,1.0,2.0,94043,GABRIEL PERI (R),M,"48,8126100","2,3535600",94,2019,50.0,1.0,1.0,3.0,2274492,1.0,1,4,1,0.0,,-1.0,0,1988.0,B01,138Â 196Â 164,2.0,0.0,-1.0,1736028,1.0,31,,0.0,2.0,1.0,B01,138Â 196Â 164,0.0
1017012,201900058543,6,13,09:25,1,2,1,1.0,2.0,94043,GABRIEL PERI (R),M,"48,8126100","2,3535600",94,2019,50.0,1.0,1.0,3.0,2274492,1.0,1,4,1,0.0,,-1.0,0,1988.0,B01,138Â 196Â 164,2.0,0.0,-1.0,1736029,3.0,14,,0.0,2.0,4.0,A01,138Â 196Â 165,1.0
1017012,201900058543,6,13,09:25,1,2,1,1.0,2.0,94043,GABRIEL PERI (R),M,"48,8126100","2,3535600",94,2019,50.0,1.0,1.0,3.0,2274493,1.0,1,1,1,4.0,,-1.0,0,1989.0,A01,138Â 196Â 165,8.0,0.0,-1.0,1736028,1.0,31,,0.0,2.0,1.0,B01,138Â 196Â 164,0.0
1017012,201900058543,6,13,09:25,1,2,1,1.0,2.0,94043,GABRIEL PERI (R),M,"48,8126100","2,3535600",94,2019,50.0,1.0,1.0,3.0,2274493,1.0,1,1,1,4.0,,-1.0,0,1989.0,A01,138Â 196Â 165,8.0,0.0,-1.0,1736029,3.0,14,,0.0,2.0,4.0,A01,138Â 196Â 165,1.0
1017013,201900058544,6,5,13:15,1,2,1,2.0,6.0,94076,VERDUN (R DE),M,"48,7935500","2,3540500",94,2019,50.0,1.0,2.0,4.0,2274494,10.0,3,4,2,0.0,,2.0,3,1972.0,A01,138Â 196Â 163,8.0,0.0,-1.0,1736030,1.0,32,,0.0,1.0,1.0,A01,138Â 196Â 163,1.0
1017013,201900058544,6,5,13:15,1,2,1,2.0,6.0,94076,VERDUN (R DE),M,"48,7935500","2,3540500",94,2019,50.0,1.0,2.0,4.0,2274495,1.0,1,1,1,0.0,,0.0,0,1992.0,A01,138Â 196Â 163,2.0,8.0,-1.0,1736030,1.0,32,,0.0,1.0,1.0,A01,138Â 196Â 163,1.0
1017014,201900058545,6,3,15:30,1,2,1,2.0,2.0,94043,MARC SANGNIER (R),M,"48,8039160","2,3557110",94,2019,50.0,1.0,2.0,4.0,2274496,1.0,1,4,2,0.0,,-1.0,0,1982.0,A01,138Â 196Â 161,8.0,8.0,-1.0,1736031,3.0,7,,0.0,2.0,6.0,A01,138Â 196Â 161,1.0
1017014,201900058545,6,3,15:30,1,2,1,2.0,2.0,94043,MARC SANGNIER (R),M,"48,8039160","2,3557110",94,2019,50.0,1.0,2.0,4.0,2274496,1.0,1,4,2,0.0,,-1.0,0,1982.0,A01,138Â 196Â 161,8.0,8.0,-1.0,1736032,3.0,7,,1.0,0.0,0.0,Z01,138Â 196Â 162,0.0
1017015,201900058546,5,31,19:55,1,2,1,1.0,6.0,94076,MAXIME GORKI (R),M,"48,7917100","2,3694300",94,2019,50.0,1.0,1.0,3.0,2274497,1.0,1,1,1,5.0,,-1.0, -1,1984.0,A01,138Â 196Â 159,8.0,0.0,-1.0,1736033,1.0,7,,0.0,2.0,2.0,A01,138Â 196Â 159,1.0
1017015,201900058546,5,31,19:55,1,2,1,1.0,6.0,94076,MAXIME GORKI (R),M,"48,7917100","2,3694300",94,2019,50.0,1.0,1.0,3.0,2274497,1.0,1,1,1,5.0,,-1.0, -1,1984.0,A01,138Â 196Â 159,8.0,0.0,-1.0,1736034,1.0,32,,0.0,2.0,8.0,B01,138Â 196Â 160,1.0
1017015,201900058546,5,31,19:55,1,2,1,1.0,6.0,94076,MAXIME GORKI (R),M,"48,7917100","2,3694300",94,2019,50.0,1.0,1.0,3.0,2274498,2.0,2,1,2,9.0,,-1.0, -1,1991.0,A01,138Â 196Â 159,8.0,0.0,-1.0,1736033,1.0,7,,0.0,2.0,2.0,A01,138Â 196Â 159,1.0
1017015,201900058546,5,31,19:55,1,2,1,1.0,6.0,94076,MAXIME GORKI (R),M,"48,7917100","2,3694300",94,2019,50.0,1.0,1.0,3.0,2274498,2.0,2,1,2,9.0,,-1.0, -1,1991.0,A01,138Â 196Â 159,8.0,0.0,-1.0,1736034,1.0,32,,0.0,2.0,8.0,B01,138Â 196Â 160,1.0
1017015,201900058546,5,31,19:55,1,2,1,1.0,6.0,94076,MAXIME GORKI (R),M,"48,7917100","2,3694300",94,2019,50.0,1.0,1.0,3.0,2274499,2.0,2,4,2,5.0,,-1.0, -1,1967.0,B01,138Â 196Â 160,8.0,8.0,-1.0,1736033,1.0,7,,0.0,2.0,2.0,A01,138Â 196Â 159,1.0
1017015,201900058546,5,31,19:55,1,2,1,1.0,6.0,94076,MAXIME GORKI (R),M,"48,7917100","2,3694300",94,2019,50.0,1.0,1.0,3.0,2274499,2.0,2,4,2,5.0,,-1.0, -1,1967.0,B01,138Â 196Â 160,8.0,8.0,-1.0,1736034,1.0,32,,0.0,2.0,8.0,B01,138Â 196Â 160,1.0
1017015,201900058546,5,31,19:55,1,2,1,1.0,6.0,94076,MAXIME GORKI (R),M,"48,7917100","2,3694300",94,2019,50.0,1.0,1.0,3.0,2274500,1.0,1,1,1,5.0,,-1.0, -1,1967.0,B01,138Â 196Â 160,8.0,8.0,-1.0,1736033,1.0,7,,0.0,2.0,2.0,A01,138Â 196Â 159,1.0
1017015,201900058546,5,31,19:55,1,2,1,1.0,6.0,94076,MAXIME GORKI (R),M,"48,7917100","2,3694300",94,2019,50.0,1.0,1.0,3.0,2274500,1.0,1,1,1,5.0,,-1.0, -1,1967.0,B01,138Â 196Â 160,8.0,8.0,-1.0,1736034,1.0,32,,0.0,2.0,8.0,B01,138Â 196Â 160,1.0
1017016,201900058547,6,18,07:20,1,2,4,1.0,3.0,94041,JEAN COMPAGNON (QU),M,"48,8200400","2,3962300",94,2019,50.0,1.0,1.0,4.0,2274501,1.0,1,1,1,1.0,,-1.0, -1,1973.0,A01,138Â 196Â 157,1.0,8.0,-1.0,1736035,1.0,7,,0.0,2.0,3.0,A01,138Â 196Â 157,1.0
1017016,201900058547,6,18,07:20,1,2,4,1.0,3.0,94041,JEAN COMPAGNON (QU),M,"48,8200400","2,3962300",94,2019,50.0,1.0,1.0,4.0,2274501,1.0,1,1,1,1.0,,-1.0, -1,1973.0,A01,138Â 196Â 157,1.0,8.0,-1.0,1736036,2.0,1,,0.0,2.0,2.0,B01,138Â 196Â 158,5.0
1017016,201900058547,6,18,07:20,1,2,4,1.0,3.0,94041,JEAN COMPAGNON (QU),M,"48,8200400","2,3962300",94,2019,50.0,1.0,1.0,4.0,2274502,1.0,1,4,1,0.0,,-1.0, -1,1975.0,B01,138Â 196Â 158,2.0,0.0,-1.0,1736035,1.0,7,,0.0,2.0,3.0,A01,138Â 196Â 157,1.0
1017016,201900058547,6,18,07:20,1,2,4,1.0,3.0,94041,JEAN COMPAGNON (QU),M,"48,8200400","2,3962300",94,2019,50.0,1.0,1.0,4.0,2274502,1.0,1,4,1,0.0,,-1.0, -1,1975.0,B01,138Â 196Â 158,2.0,0.0,-1.0,1736036,2.0,1,,0.0,2.0,2.0,B01,138Â 196Â 158,5.0
1017017,201900058548,6,17,17:20,1,2,2,1.0,6.0,94041,PAUL VAILLANT COUTURIER (BD),M,"48,8183100","2,3978700",94,2019,50.0,1.0,1.0,3.0,2274503,10.0,3,4,1,0.0,,2.0,3,2005.0,A01,138Â 196Â 156,8.0,0.0,-1.0,1736037,1.0,30,,0.0,1.0,1.0,A01,138Â 196Â 156,1.0
1017018,201900058549,6,17,13:45,1,2,1,1.0,2.0,94041,VICTOR HUGO (R),M,"48,8178900","2,3824300",94,2019,50.0,1.0,1.0,3.0,2274504,1.0,1,4,1,5.0,,-1.0, -1,1962.0,B01,138Â 196Â 154,1.0,0.0,-1.0,1736038,2.0,7,,0.0,2.0,4.0,B01,138Â 196Â 154,3.0
1017018,201900058549,6,17,13:45,1,2,1,1.0,2.0,94041,VICTOR HUGO (R),M,"48,8178900","2,3824300",94,2019,50.0,1.0,1.0,3.0,2274504,1.0,1,4,1,5.0,,-1.0, -1,1962.0,B01,138Â 196Â 154,1.0,0.0,-1.0,1736039,2.0,10,,0.0,2.0,1.0,A01,138Â 196Â 155,1.0
1017018,201900058549,6,17,13:45,1,2,1,1.0,2.0,94041,VICTOR HUGO (R),M,"48,8178900","2,3824300",94,2019,50.0,1.0,1.0,3.0,2274505,1.0,1,1,1,4.0,,-1.0, -1,1986.0,A01,138Â 196Â 155,1.0,0.0,-1.0,1736038,2.0,7,,0.0,2.0,4.0,B01,138Â 196Â 154,3.0
1017018,201900058549,6,17,13:45,1,2,1,1.0,2.0,94041,VICTOR HUGO (R),M,"48,8178900","2,3824300",94,2019,50.0,1.0,1.0,3.0,2274505,1.0,1,1,1,4.0,,-1.0, -1,1986.0,A01,138Â 196Â 155,1.0,0.0,-1.0,1736039,2.0,10,,0.0,2.0,1.0,A01,138Â 196Â 155,1.0
1017019,201900058550,6,17,10:30,1,2,1,1.0,6.0,94041,ROBESPIERRE (R),M,"48,8103000","2,3847000",94,2019,50.0,1.0,1.0,4.0,2274506,1.0,1,1,1,4.0,,-1.0, -1,1984.0,A01,138Â 196Â 153,1.0,0.0,-1.0,1736040,1.0,7,,0.0,1.0,1.0,A01,138Â 196Â 153,1.0
1017019,201900058550,6,17,10:30,1,2,1,1.0,6.0,94041,ROBESPIERRE (R),M,"48,8103000","2,3847000",94,2019,50.0,1.0,1.0,4.0,2274507,10.0,3,4,1,5.0,,1.0,5,1965.0,A01,138Â 196Â 153,8.0,0.0,-1.0,1736040,1.0,7,,0.0,1.0,1.0,A01,138Â 196Â 153,1.0
1017019,201900058550,6,17,10:30,1,2,1,1.0,6.0,94041,ROBESPIERRE (R),M,"48,8103000","2,3847000",94,2019,50.0,1.0,1.0,4.0,2274508,10.0,3,3,1,5.0,,1.0,5,2016.0,A01,138Â 196Â 153,8.0,0.0,-1.0,1736040,1.0,7,,0.0,1.0,1.0,A01,138Â 196Â 153,1.0
1017020,201900058551,6,17,08:30,1,2,1,1.0,3.0,94041,HOCHE (R),M,"48,8107900","2,3792500",94,2019,50.0,1.0,1.0,4.0,2274509,1.0,1,4,1,4.0,,-1.0, -1,1988.0,B01,138Â 196Â 151,1.0,0.0,-1.0,1736041,1.0,10,,0.0,2.0,3.0,B01,138Â 196Â 151,1.0
1017020,201900058551,6,17,08:30,1,2,1,1.0,3.0,94041,HOCHE (R),M,"48,8107900","2,3792500",94,2019,50.0,1.0,1.0,4.0,2274509,1.0,1,4,1,4.0,,-1.0, -1,1988.0,B01,138Â 196Â 151,1.0,0.0,-1.0,1736042,1.0,10,,0.0,2.0,2.0,A01,138Â 196Â 152,1.0
1017020,201900058551,6,17,08:30,1,2,1,1.0,3.0,94041,HOCHE (R),M,"48,8107900","2,3792500",94,2019,50.0,1.0,1.0,4.0,2274510,1.0,1,1,1,4.0,,-1.0, -1,1980.0,A01,138Â 196Â 152,1.0,0.0,-1.0,1736041,1.0,10,,0.0,2.0,3.0,B01,138Â 196Â 151,1.0
1017020,201900058551,6,17,08:30,1,2,1,1.0,3.0,94041,HOCHE (R),M,"48,8107900","2,3792500",94,2019,50.0,1.0,1.0,4.0,2274510,1.0,1,1,1,4.0,,-1.0, -1,1980.0,A01,138Â 196Â 152,1.0,0.0,-1.0,1736042,1.0,10,,0.0,2.0,2.0,A01,138Â 196Â 152,1.0
1017021,201900058552,6,16,01:10,5,2,2,1.0,1.0,94041,JEAN JAURES (AV),M,"48,8116066","2,4030584",94,2019,50.0,1.0,1.0,3.0,2274511,1.0,1,1,1,9.0,,-1.0,0,1998.0,A01,138Â 196Â 149,1.0,5.0,-1.0,1736043,1.0,7,,0.0,2.0,2.0,A01,138Â 196Â 149,1.0
1017021,201900058552,6,16,01:10,5,2,2,1.0,1.0,94041,JEAN JAURES (AV),M,"48,8116066","2,4030584",94,2019,50.0,1.0,1.0,3.0,2274511,1.0,1,1,1,9.0,,-1.0,0,1998.0,A01,138Â 196Â 149,1.0,5.0,-1.0,1736044,2.0,31,,0.0,2.0,1.0,B01,138Â 196Â 150,1.0
1017021,201900058552,6,16,01:10,5,2,2,1.0,1.0,94041,JEAN JAURES (AV),M,"48,8116066","2,4030584",94,2019,50.0,1.0,1.0,3.0,2274512,1.0,1,4,1,9.0,,-1.0,0,1982.0,B01,138Â 196Â 150,2.0,6.0,-1.0,1736043,1.0,7,,0.0,2.0,2.0,A01,138Â 196Â 149,1.0
1017021,201900058552,6,16,01:10,5,2,2,1.0,1.0,94041,JEAN JAURES (AV),M,"48,8116066","2,4030584",94,2019,50.0,1.0,1.0,3.0,2274512,1.0,1,4,1,9.0,,-1.0,0,1982.0,B01,138Â 196Â 150,2.0,6.0,-1.0,1736044,2.0,31,,0.0,2.0,1.0,B01,138Â 196Â 150,1.0
1017022,201900058553,6,14,16:00,1,2,6,1.0,3.0,94041,AMEDEE HUON (R),M,"48,8043863","2,3857893",94,2019,50.0,2.0,1.0,4.0,2274513,2.0,2,4,2,5.0,,-1.0,0,1996.0,B01,138Â 196Â 147,2.0,0.0,-1.0,1736045,1.0,33,,0.0,2.0,3.0,B01,138Â 196Â 147,1.0
1017022,201900058553,6,14,16:00,1,2,6,1.0,3.0,94041,AMEDEE HUON (R),M,"48,8043863","2,3857893",94,2019,50.0,2.0,1.0,4.0,2274513,2.0,2,4,2,5.0,,-1.0,0,1996.0,B01,138Â 196Â 147,2.0,0.0,-1.0,1736046,3.0,7,,0.0,2.0,3.0,A01,138Â 196Â 148,1.0
1017022,201900058553,6,14,16:00,1,2,6,1.0,3.0,94041,AMEDEE HUON (R),M,"48,8043863","2,3857893",94,2019,50.0,2.0,1.0,4.0,2274514,1.0,1,4,1,5.0,,-1.0,0,1989.0,B01,138Â 196Â 147,2.0,6.0,-1.0,1736045,1.0,33,,0.0,2.0,3.0,B01,138Â 196Â 147,1.0
1017022,201900058553,6,14,16:00,1,2,6,1.0,3.0,94041,AMEDEE HUON (R),M,"48,8043863","2,3857893",94,2019,50.0,2.0,1.0,4.0,2274514,1.0,1,4,1,5.0,,-1.0,0,1989.0,B01,138Â 196Â 147,2.0,6.0,-1.0,1736046,3.0,7,,0.0,2.0,3.0,A01,138Â 196Â 148,1.0
1017022,201900058553,6,14,16:00,1,2,6,1.0,3.0,94041,AMEDEE HUON (R),M,"48,8043863","2,3857893",94,2019,50.0,2.0,1.0,4.0,2274515,1.0,1,1,1,4.0,,-1.0,0,1974.0,A01,138Â 196Â 148,1.0,0.0,-1.0,1736045,1.0,33,,0.0,2.0,3.0,B01,138Â 196Â 147,1.0
1017022,201900058553,6,14,16:00,1,2,6,1.0,3.0,94041,AMEDEE HUON (R),M,"48,8043863","2,3857893",94,2019,50.0,2.0,1.0,4.0,2274515,1.0,1,1,1,4.0,,-1.0,0,1974.0,A01,138Â 196Â 148,1.0,0.0,-1.0,1736046,3.0,7,,0.0,2.0,3.0,A01,138Â 196Â 148,1.0
1017023,201900058554,6,10,16:40,1,2,1,1.0,3.0,94041,STALINGRAD (BD DE),M,"48,8051400","2,3767400",94,2019,50.0,1.0,1.0,3.0,2274516,2.0,2,4,2,0.0,,-1.0,0,1997.0,A01,138Â 196Â 145,2.0,0.0,-1.0,1736047,2.0,34,,0.0,2.0,3.0,A01,138Â 196Â 145,1.0
1017023,201900058554,6,10,16:40,1,2,1,1.0,3.0,94041,STALINGRAD (BD DE),M,"48,8051400","2,3767400",94,2019,50.0,1.0,1.0,3.0,2274516,2.0,2,4,2,0.0,,-1.0,0,1997.0,A01,138Â 196Â 145,2.0,0.0,-1.0,1736048,1.0,7,,0.0,2.0,2.0,B01,138Â 196Â 146,1.0
1017023,201900058554,6,10,16:40,1,2,1,1.0,3.0,94041,STALINGRAD (BD DE),M,"48,8051400","2,3767400",94,2019,50.0,1.0,1.0,3.0,2274517,1.0,1,1,1,0.0,,-1.0,0,1999.0,A01,138Â 196Â 145,2.0,0.0,-1.0,1736047,2.0,34,,0.0,2.0,3.0,A01,138Â 196Â 145,1.0
1017023,201900058554,6,10,16:40,1,2,1,1.0,3.0,94041,STALINGRAD (BD DE),M,"48,8051400","2,3767400",94,2019,50.0,1.0,1.0,3.0,2274517,1.0,1,1,1,0.0,,-1.0,0,1999.0,A01,138Â 196Â 145,2.0,0.0,-1.0,1736048,1.0,7,,0.0,2.0,2.0,B01,138Â 196Â 146,1.0
1017023,201900058554,6,10,16:40,1,2,1,1.0,3.0,94041,STALINGRAD (BD DE),M,"48,8051400","2,3767400",94,2019,50.0,1.0,1.0,3.0,2274518,1.0,1,1,1,0.0,,-1.0,0,1995.0,B01,138Â 196Â 146,1.0,0.0,-1.0,1736047,2.0,34,,0.0,2.0,3.0,A01,138Â 196Â 145,1.0
1017023,201900058554,6,10,16:40,1,2,1,1.0,3.0,94041,STALINGRAD (BD DE),M,"48,8051400","2,3767400",94,2019,50.0,1.0,1.0,3.0,2274518,1.0,1,1,1,0.0,,-1.0,0,1995.0,B01,138Â 196Â 146,1.0,0.0,-1.0,1736048,1.0,7,,0.0,2.0,2.0,B01,138Â 196Â 146,1.0
1017024,201900058555,6,6,16:30,1,2,5,1.0,5.0,94041,DANIELLE CASANOVA (AV),M,"48,8175900","2,3816200",94,2019,50.0,1.0,1.0,3.0,2274519,1.0,1,1,1,4.0,,-1.0,0,1963.0,C01,138Â 196Â 142,1.0,0.0,-1.0,1736049,2.0,38,1.0,0.0,2.0,6.0,C01,138Â 196Â 142,1.0
1017024,201900058555,6,6,16:30,1,2,5,1.0,5.0,94041,DANIELLE CASANOVA (AV),M,"48,8175900","2,3816200",94,2019,50.0,1.0,1.0,3.0,2274519,1.0,1,1,1,4.0,,-1.0,0,1963.0,C01,138Â 196Â 142,1.0,0.0,-1.0,1736050,2.0,7,,0.0,2.0,1.0,A01,138Â 196Â 143,1.0
1017024,201900058555,6,6,16:30,1,2,5,1.0,5.0,94041,DANIELLE CASANOVA (AV),M,"48,8175900","2,3816200",94,2019,50.0,1.0,1.0,3.0,2274519,1.0,1,1,1,4.0,,-1.0,0,1963.0,C01,138Â 196Â 142,1.0,0.0,-1.0,1736051,1.0,7,,0.0,2.0,6.0,B01,138Â 196Â 144,1.0
1017024,201900058555,6,6,16:30,1,2,5,1.0,5.0,94041,DANIELLE CASANOVA (AV),M,"48,8175900","2,3816200",94,2019,50.0,1.0,1.0,3.0,2274520,1.0,1,4,1,4.0,,-1.0,0,1997.0,B01,138Â 196Â 144,1.0,0.0,-1.0,1736049,2.0,38,1.0,0.0,2.0,6.0,C01,138Â 196Â 142,1.0
1017024,201900058555,6,6,16:30,1,2,5,1.0,5.0,94041,DANIELLE CASANOVA (AV),M,"48,8175900","2,3816200",94,2019,50.0,1.0,1.0,3.0,2274520,1.0,1,4,1,4.0,,-1.0,0,1997.0,B01,138Â 196Â 144,1.0,0.0,-1.0,1736050,2.0,7,,0.0,2.0,1.0,A01,138Â 196Â 143,1.0
1017024,201900058555,6,6,16:30,1,2,5,1.0,5.0,94041,DANIELLE CASANOVA (AV),M,"48,8175900","2,3816200",94,2019,50.0,1.0,1.0,3.0,2274520,1.0,1,4,1,4.0,,-1.0,0,1997.0,B01,138Â 196Â 144,1.0,0.0,-1.0,1736051,1.0,7,,0.0,2.0,6.0,B01,138Â 196Â 144,1.0
1017025,201900058556,5,29,23:00,3,2,1,1.0,2.0,94041,ROBESPIERRE (R),M,"48,8070000","2,3860000",94,2019,50.0,1.0,1.0,4.0,2274521,1.0,1,1,1,5.0,,-1.0, -1,1986.0,B01,138Â 196Â 140,1.0,0.0,-1.0,1736052,1.0,7,,0.0,2.0,2.0,B01,138Â 196Â 140,1.0