Unnamed: 0_x,num_acc,mois,jour,hrmn,lum,agg,int,atm,col,com,adr,gps,lat,long,dep,annee,vma,situ,surf,catr,Unnamed: 0_y,place,catu,grav,sexe,trajet,secu,locp,actp,an_nais,num_veh_x,id_vehicule_x,secu1,secu2,secu3,Unnamed: 0,senc,catv,occutc,obs,obsm,choc,num_veh_y,id_vehicule_y,motor
1017025,201900058556,5,29,23:00,3,2,1,1.0,2.0,94041,ROBESPIERRE (R),M,"48,8070000","2,3860000",94,2019,50.0,1.0,1.0,4.0,2274521,1.0,1,1,1,5.0,,-1.0, -1,1986.0,B01,138Â 196Â 140,1.0,0.0,-1.0,1736053,1.0,7,,0.0,2.0,3.0,A01,138Â 196Â 141,1.0
1017025,201900058556,5,29,23:00,3,2,1,1.0,2.0,94041,ROBESPIERRE (R),M,"48,8070000","2,3860000",94,2019,50.0,1.0,1.0,4.0,2274522,1.0,1,4,1,5.0,,-1.0, -1,1992.0,A01,138Â 196Â 141,1.0,0.0,-1.0,1736052,1.0,7,,0.0,2.0,2.0,B01,138Â 196Â 140,1.0
1017025,201900058556,5,29,23:00,3,2,1,1.0,2.0,94041,ROBESPIERRE (R),M,"48,8070000","2,3860000",94,2019,50.0,1.0,1.0,4.0,2274522,1.0,1,4,1,5.0,,-1.0, -1,1992.0,A01,138Â 196Â 141,1.0,0.0,-1.0,1736053,1.0,7,,0.0,2.0,3.0,A01,138Â 196Â 141,1.0
1017026,201900058557,6,18,19:25,1,2,1,1.0,6.0,94021,STALINGRAD (AV DE),M,"48,7627800","2,3681800",94,2019,50.0,1.0,1.0,3.0,2274523,1.0,1,4,1,1.0,,-1.0, -1,1976.0,A01,138Â 196Â 139,8.0,0.0,-1.0,1736054,3.0,10,,8.0,0.0,3.0,A01,138Â 196Â 139,1.0
1017027,201900058558,6,15,00:45,5,2,1,3.0,6.0,94073,VERSAILLES (AV DE),M,"48,7592600","2,3964700",94,2019,50.0,1.0,2.0,3.0,2274524,1.0,1,1,1,0.0,,-1.0,0,1993.0,A01,138Â 196Â 137,1.0,0.0,-1.0,1736055,2.0,7,,0.0,1.0,1.0,A01,138Â 196Â 137,0.0
1017027,201900058558,6,15,00:45,5,2,1,3.0,6.0,94073,VERSAILLES (AV DE),M,"48,7592600","2,3964700",94,2019,50.0,1.0,2.0,3.0,2274524,1.0,1,1,1,0.0,,-1.0,0,1993.0,A01,138Â 196Â 137,1.0,0.0,-1.0,1736056,2.0,32,,0.0,0.0,0.0,B01,138Â 196Â 138,0.0
1017027,201900058558,6,15,00:45,5,2,1,3.0,6.0,94073,VERSAILLES (AV DE),M,"48,7592600","2,3964700",94,2019,50.0,1.0,2.0,3.0,2274525,1.0,1,4,2,0.0,,-1.0,0,1967.0,B01,138Â 196Â 138,2.0,0.0,-1.0,1736055,2.0,7,,0.0,1.0,1.0,A01,138Â 196Â 137,0.0
1017027,201900058558,6,15,00:45,5,2,1,3.0,6.0,94073,VERSAILLES (AV DE),M,"48,7592600","2,3964700",94,2019,50.0,1.0,2.0,3.0,2274525,1.0,1,4,2,0.0,,-1.0,0,1967.0,B01,138Â 196Â 138,2.0,0.0,-1.0,1736056,2.0,32,,0.0,0.0,0.0,B01,138Â 196Â 138,0.0
1017028,201900058559,6,13,15:30,1,2,1,1.0,2.0,94073,GEORGES HALGOULT (R),M,"48,7627400","2,4012800",94,2019,50.0,1.0,1.0,3.0,2274526,1.0,1,4,2,1.0,,-1.0,0,1987.0,B01,138Â 196Â 135,8.0,0.0,-1.0,1736057,3.0,7,,0.0,2.0,4.0,B01,138Â 196Â 135,1.0
1017028,201900058559,6,13,15:30,1,2,1,1.0,2.0,94073,GEORGES HALGOULT (R),M,"48,7627400","2,4012800",94,2019,50.0,1.0,1.0,3.0,2274526,1.0,1,4,2,1.0,,-1.0,0,1987.0,B01,138Â 196Â 135,8.0,0.0,-1.0,1736058,3.0,7,,14.0,0.0,1.0,A01,138Â 196Â 136,1.0
1017028,201900058559,6,13,15:30,1,2,1,1.0,2.0,94073,GEORGES HALGOULT (R),M,"48,7627400","2,4012800",94,2019,50.0,1.0,1.0,3.0,2274527,1.0,1,1,1,4.0,,-1.0,0,1954.0,A01,138Â 196Â 136,8.0,0.0,-1.0,1736057,3.0,7,,0.0,2.0,4.0,B01,138Â 196Â 135,1.0
1017028,201900058559,6,13,15:30,1,2,1,1.0,2.0,94073,GEORGES HALGOULT (R),M,"48,7627400","2,4012800",94,2019,50.0,1.0,1.0,3.0,2274527,1.0,1,1,1,4.0,,-1.0,0,1954.0,A01,138Â 196Â 136,8.0,0.0,-1.0,1736058,3.0,7,,14.0,0.0,1.0,A01,138Â 196Â 136,1.0
1017029,201900058560,6,12,17:10,1,2,1,3.0,6.0,94034,MAURICE TENINE (R),M,"48,7559500","2,3286000",94,2019,50.0,1.0,2.0,4.0,2274528,1.0,1,1,1,0.0,,-1.0,0,1983.0,A01,138Â 196Â 134,2.0,6.0,-1.0,1736059,1.0,30,,0.0,1.0,1.0,A01,138Â 196Â 134,1.0
1017029,201900058560,6,12,17:10,1,2,1,3.0,6.0,94034,MAURICE TENINE (R),M,"48,7559500","2,3286000",94,2019,50.0,1.0,2.0,4.0,2274529,10.0,3,4,2,5.0,,2.0,5,2001.0,A01,138Â 196Â 134,8.0,0.0,-1.0,1736059,1.0,30,,0.0,1.0,1.0,A01,138Â 196Â 134,1.0
1017030,201900058561,6,11,08:50,1,2,1,1.0,6.0,94021,ADJUDANT CHEF DERICBOURG (R DE L),M,"48,7736660","2,3551460",94,2019,50.0,1.0,1.0,4.0,2274530,10.0,3,4,1,0.0,,2.0,1,1985.0,A01,138Â 196Â 133,0.0,0.0,-1.0,1736060,0.0,20,,0.0,1.0,4.0,A01,138Â 196Â 133,0.0
1017030,201900058561,6,11,08:50,1,2,1,1.0,6.0,94021,ADJUDANT CHEF DERICBOURG (R DE L),M,"48,7736660","2,3551460",94,2019,50.0,1.0,1.0,4.0,2274531,1.0,1,1,1,3.0,,-1.0,0,1943.0,A01,138Â 196Â 133,1.0,4.0,-1.0,1736060,0.0,20,,0.0,1.0,4.0,A01,138Â 196Â 133,0.0
1017031,201900058562,6,8,23:30,5,2,1,1.0,2.0,94021,JEAN MERMOZ (BD),M,"48,7704200","2,3378600",94,2019,50.0,3.0,1.0,3.0,2274532,1.0,1,4,2,0.0,,0.0,0,1976.0,A01,138Â 196Â 131,1.0,0.0,-1.0,1736061,0.0,7,,0.0,2.0,1.0,A01,138Â 196Â 131,1.0
1017031,201900058562,6,8,23:30,5,2,1,1.0,2.0,94021,JEAN MERMOZ (BD),M,"48,7704200","2,3378600",94,2019,50.0,3.0,1.0,3.0,2274532,1.0,1,4,2,0.0,,0.0,0,1976.0,A01,138Â 196Â 131,1.0,0.0,-1.0,1736062,0.0,7,,0.0,0.0,4.0,B01,138Â 196Â 132,1.0
1017031,201900058562,6,8,23:30,5,2,1,1.0,2.0,94021,JEAN MERMOZ (BD),M,"48,7704200","2,3378600",94,2019,50.0,3.0,1.0,3.0,2274533,1.0,1,1,2,0.0,,0.0,0,1988.0,B01,138Â 196Â 132,1.0,0.0,-1.0,1736061,0.0,7,,0.0,2.0,1.0,A01,138Â 196Â 131,1.0
1017031,201900058562,6,8,23:30,5,2,1,1.0,2.0,94021,JEAN MERMOZ (BD),M,"48,7704200","2,3378600",94,2019,50.0,3.0,1.0,3.0,2274533,1.0,1,1,2,0.0,,0.0,0,1988.0,B01,138Â 196Â 132,1.0,0.0,-1.0,1736062,0.0,7,,0.0,0.0,4.0,B01,138Â 196Â 132,1.0
1017031,201900058562,6,8,23:30,5,2,1,1.0,2.0,94021,JEAN MERMOZ (BD),M,"48,7704200","2,3378600",94,2019,50.0,3.0,1.0,3.0,2274534,2.0,2,1,1,0.0,,0.0,0,1988.0,B01,138Â 196Â 132,1.0,0.0,-1.0,1736061,0.0,7,,0.0,2.0,1.0,A01,138Â 196Â 131,1.0
1017031,201900058562,6,8,23:30,5,2,1,1.0,2.0,94021,JEAN MERMOZ (BD),M,"48,7704200","2,3378600",94,2019,50.0,3.0,1.0,3.0,2274534,2.0,2,1,1,0.0,,0.0,0,1988.0,B01,138Â 196Â 132,1.0,0.0,-1.0,1736062,0.0,7,,0.0,0.0,4.0,B01,138Â 196Â 132,1.0
1017032,201900058563,6,7,08:30,1,2,2,8.0,3.0,94065,FONTAINEBLEAU (AV DE),M,"48,7461600","2,3691900",94,2019,50.0,1.0,1.0,3.0,2274535,1.0,1,1,1,0.0,,-1.0, -1,1971.0,A01,138Â 196Â 129,1.0,8.0,-1.0,1736063,3.0,7,,0.0,2.0,7.0,A01,138Â 196Â 129,1.0
1017032,201900058563,6,7,08:30,1,2,2,8.0,3.0,94065,FONTAINEBLEAU (AV DE),M,"48,7461600","2,3691900",94,2019,50.0,1.0,1.0,3.0,2274535,1.0,1,1,1,0.0,,-1.0, -1,1971.0,A01,138Â 196Â 129,1.0,8.0,-1.0,1736064,3.0,7,,0.0,2.0,3.0,B01,138Â 196Â 130,1.0
1017032,201900058563,6,7,08:30,1,2,2,8.0,3.0,94065,FONTAINEBLEAU (AV DE),M,"48,7461600","2,3691900",94,2019,50.0,1.0,1.0,3.0,2274536,1.0,1,4,1,1.0,,-1.0, -1,1980.0,B01,138Â 196Â 130,1.0,8.0,-1.0,1736063,3.0,7,,0.0,2.0,7.0,A01,138Â 196Â 129,1.0
1017032,201900058563,6,7,08:30,1,2,2,8.0,3.0,94065,FONTAINEBLEAU (AV DE),M,"48,7461600","2,3691900",94,2019,50.0,1.0,1.0,3.0,2274536,1.0,1,4,1,1.0,,-1.0, -1,1980.0,B01,138Â 196Â 130,1.0,8.0,-1.0,1736064,3.0,7,,0.0,2.0,3.0,B01,138Â 196Â 130,1.0
1017033,201900058564,6,6,14:10,1,2,1,1.0,2.0,94065,CHARLES LINDBERGH (AV),M,"48,7494280","2,3558800",94,2019,50.0,1.0,1.0,3.0,2274537,1.0,1,4,1,1.0,,-1.0,0,1985.0,B01,138Â 196Â 127,2.0,0.0,-1.0,1736065,1.0,31,,0.0,2.0,4.0,B01,138Â 196Â 127,0.0
1017033,201900058564,6,6,14:10,1,2,1,1.0,2.0,94065,CHARLES LINDBERGH (AV),M,"48,7494280","2,3558800",94,2019,50.0,1.0,1.0,3.0,2274537,1.0,1,4,1,1.0,,-1.0,0,1985.0,B01,138Â 196Â 127,2.0,0.0,-1.0,1736066,2.0,20,,0.0,2.0,1.0,A01,138Â 196Â 128,0.0
1017033,201900058564,6,6,14:10,1,2,1,1.0,2.0,94065,CHARLES LINDBERGH (AV),M,"48,7494280","2,3558800",94,2019,50.0,1.0,1.0,3.0,2274538,1.0,1,1,1,1.0,,-1.0,0,1987.0,A01,138Â 196Â 128,1.0,0.0,-1.0,1736065,1.0,31,,0.0,2.0,4.0,B01,138Â 196Â 127,0.0
1017033,201900058564,6,6,14:10,1,2,1,1.0,2.0,94065,CHARLES LINDBERGH (AV),M,"48,7494280","2,3558800",94,2019,50.0,1.0,1.0,3.0,2274538,1.0,1,1,1,1.0,,-1.0,0,1987.0,A01,138Â 196Â 128,1.0,0.0,-1.0,1736066,2.0,20,,0.0,2.0,1.0,A01,138Â 196Â 128,0.0
1017034,201900058565,6,1,09:55,1,2,1,1.0,2.0,94073,GUY MOCQUET (R),M,"48,7724680","2,3954032",94,2019,50.0,1.0,1.0,4.0,2274539,1.0,1,1,2,0.0,,-1.0,0,1984.0,A01,138Â 196Â 125,1.0,0.0,-1.0,1736067,1.0,7,,0.0,2.0,1.0,A01,138Â 196Â 125,1.0
1017034,201900058565,6,1,09:55,1,2,1,1.0,2.0,94073,GUY MOCQUET (R),M,"48,7724680","2,3954032",94,2019,50.0,1.0,1.0,4.0,2274539,1.0,1,1,2,0.0,,-1.0,0,1984.0,A01,138Â 196Â 125,1.0,0.0,-1.0,1736068,2.0,7,,0.0,2.0,4.0,B01,138Â 196Â 126,1.0
1017034,201900058565,6,1,09:55,1,2,1,1.0,2.0,94073,GUY MOCQUET (R),M,"48,7724680","2,3954032",94,2019,50.0,1.0,1.0,4.0,2274540,1.0,1,4,2,5.0,,-1.0,0,1996.0,B01,138Â 196Â 126,1.0,0.0,-1.0,1736067,1.0,7,,0.0,2.0,1.0,A01,138Â 196Â 125,1.0
1017034,201900058565,6,1,09:55,1,2,1,1.0,2.0,94073,GUY MOCQUET (R),M,"48,7724680","2,3954032",94,2019,50.0,1.0,1.0,4.0,2274540,1.0,1,4,2,5.0,,-1.0,0,1996.0,B01,138Â 196Â 126,1.0,0.0,-1.0,1736068,2.0,7,,0.0,2.0,4.0,B01,138Â 196Â 126,1.0
1017034,201900058565,6,1,09:55,1,2,1,1.0,2.0,94073,GUY MOCQUET (R),M,"48,7724680","2,3954032",94,2019,50.0,1.0,1.0,4.0,2274541,2.0,2,1,1,5.0,,-1.0,0,1957.0,B01,138Â 196Â 126,1.0,0.0,-1.0,1736067,1.0,7,,0.0,2.0,1.0,A01,138Â 196Â 125,1.0
1017034,201900058565,6,1,09:55,1,2,1,1.0,2.0,94073,GUY MOCQUET (R),M,"48,7724680","2,3954032",94,2019,50.0,1.0,1.0,4.0,2274541,2.0,2,1,1,5.0,,-1.0,0,1957.0,B01,138Â 196Â 126,1.0,0.0,-1.0,1736068,2.0,7,,0.0,2.0,4.0,B01,138Â 196Â 126,1.0
1017035,201900058566,5,31,08:00,1,2,1,1.0,3.0,94038,GENERAL DE GAULLE (AV DU),M,"48,7824200","2,3441700",94,2019,50.0,1.0,1.0,3.0,2274542,1.0,1,4,1,1.0,,-1.0,0,1972.0,B01,138Â 196Â 123,2.0,6.0,-1.0,1736069,1.0,33,,9.0,2.0,8.0,B01,138Â 196Â 123,1.0
1017035,201900058566,5,31,08:00,1,2,1,1.0,3.0,94038,GENERAL DE GAULLE (AV DU),M,"48,7824200","2,3441700",94,2019,50.0,1.0,1.0,3.0,2274542,1.0,1,4,1,1.0,,-1.0,0,1972.0,B01,138Â 196Â 123,2.0,6.0,-1.0,1736070,1.0,7,,0.0,2.0,2.0,A01,138Â 196Â 124,1.0
1017035,201900058566,5,31,08:00,1,2,1,1.0,3.0,94038,GENERAL DE GAULLE (AV DU),M,"48,7824200","2,3441700",94,2019,50.0,1.0,1.0,3.0,2274543,1.0,1,1,1,1.0,,-1.0,0,1974.0,A01,138Â 196Â 124,1.0,0.0,-1.0,1736069,1.0,33,,9.0,2.0,8.0,B01,138Â 196Â 123,1.0
1017035,201900058566,5,31,08:00,1,2,1,1.0,3.0,94038,GENERAL DE GAULLE (AV DU),M,"48,7824200","2,3441700",94,2019,50.0,1.0,1.0,3.0,2274543,1.0,1,1,1,1.0,,-1.0,0,1974.0,A01,138Â 196Â 124,1.0,0.0,-1.0,1736070,1.0,7,,0.0,2.0,2.0,A01,138Â 196Â 124,1.0
1017036,201900058567,6,15,19:30,1,2,1,1.0,6.0,94033,BELLE GABRIELLE (AV DE LA),M,"48,8410000","2,4655400",94,2019,30.0,1.0,1.0,4.0,2274544,1.0,1,3,2,0.0,,0.0,0,1951.0,A01,138Â 196Â 122,1.0,5.0,-1.0,1736071,1.0,7,,1.0,0.0,1.0,A01,138Â 196Â 122,1.0
1017037,201900058568,6,15,16:10,1,2,9,1.0,3.0,94033,LOUISON BOBET (AV),M,"48,8500000","2,4800000",94,2019,50.0,1.0,1.0,3.0,2274545,1.0,1,1,1,0.0,,-1.0, -1,1964.0,B01,138Â 196Â 120,1.0,0.0,-1.0,1736072,3.0,7,,0.0,2.0,5.0,B01,138Â 196Â 120,1.0
1017037,201900058568,6,15,16:10,1,2,9,1.0,3.0,94033,LOUISON BOBET (AV),M,"48,8500000","2,4800000",94,2019,50.0,1.0,1.0,3.0,2274545,1.0,1,1,1,0.0,,-1.0, -1,1964.0,B01,138Â 196Â 120,1.0,0.0,-1.0,1736073,3.0,2,,0.0,2.0,1.0,A01,138Â 196Â 121,1.0
1017037,201900058568,6,15,16:10,1,2,9,1.0,3.0,94033,LOUISON BOBET (AV),M,"48,8500000","2,4800000",94,2019,50.0,1.0,1.0,3.0,2274546,1.0,1,3,1,5.0,,-1.0, -1,1998.0,A01,138Â 196Â 121,2.0,6.0,-1.0,1736072,3.0,7,,0.0,2.0,5.0,B01,138Â 196Â 120,1.0
1017037,201900058568,6,15,16:10,1,2,9,1.0,3.0,94033,LOUISON BOBET (AV),M,"48,8500000","2,4800000",94,2019,50.0,1.0,1.0,3.0,2274546,1.0,1,3,1,5.0,,-1.0, -1,1998.0,A01,138Â 196Â 121,2.0,6.0,-1.0,1736073,3.0,2,,0.0,2.0,1.0,A01,138Â 196Â 121,1.0
1017038,201900058569,6,13,12:00,1,2,2,1.0,6.0,94033,CLOS D ORLEANS (R DU),M,"48,8426000","2,4720900",94,2019,50.0,1.0,1.0,4.0,2274547,10.0,3,4,1,4.0,,9.0,B,1992.0,A01,138Â 196Â 117,8.0,0.0,-1.0,1736074,3.0,7,,0.0,1.0,7.0,A01,138Â 196Â 117,1.0
1017038,201900058569,6,13,12:00,1,2,2,1.0,6.0,94033,CLOS D ORLEANS (R DU),M,"48,8426000","2,4720900",94,2019,50.0,1.0,1.0,4.0,2274548,1.0,1,1,2,4.0,,-1.0, -1,1972.0,A01,138Â 196Â 117,8.0,0.0,-1.0,1736074,3.0,7,,0.0,1.0,7.0,A01,138Â 196Â 117,1.0
1017039,201900058570,6,19,00:45,5,2,3,1.0,3.0,94028,TASSIGNY(AVE DU MARECHAL DE LATTRE DE),M,"48,8003800","2,4512200",94,2019,50.0,1.0,1.0,3.0,2274549,1.0,1,1,1,5.0,,-1.0,0,1995.0,A01,138Â 196Â 115,8.0,0.0,-1.0,1736075,3.0,7,,0.0,2.0,2.0,A01,138Â 196Â 115,1.0
1017039,201900058570,6,19,00:45,5,2,3,1.0,3.0,94028,TASSIGNY(AVE DU MARECHAL DE LATTRE DE),M,"48,8003800","2,4512200",94,2019,50.0,1.0,1.0,3.0,2274549,1.0,1,1,1,5.0,,-1.0,0,1995.0,A01,138Â 196Â 115,8.0,0.0,-1.0,1736076,3.0,1,,0.0,2.0,1.0,B01,138Â 196Â 116,0.0
1017039,201900058570,6,19,00:45,5,2,3,1.0,3.0,94028,TASSIGNY(AVE DU MARECHAL DE LATTRE DE),M,"48,8003800","2,4512200",94,2019,50.0,1.0,1.0,3.0,2274550,1.0,1,4,1,9.0,,-1.0,0,1968.0,B01,138Â 196Â 116,2.0,0.0,-1.0,1736075,3.0,7,,0.0,2.0,2.0,A01,138Â 196Â 115,1.0
1017039,201900058570,6,19,00:45,5,2,3,1.0,3.0,94028,TASSIGNY(AVE DU MARECHAL DE LATTRE DE),M,"48,8003800","2,4512200",94,2019,50.0,1.0,1.0,3.0,2274550,1.0,1,4,1,9.0,,-1.0,0,1968.0,B01,138Â 196Â 116,2.0,0.0,-1.0,1736076,3.0,1,,0.0,2.0,1.0,B01,138Â 196Â 116,0.0
1017040,201900058571,6,17,15:55,1,2,6,1.0,3.0,94028,POMPADOUR(CARREFOUR),M,"48,7743505","2,4391325",94,2019,50.0,1.0,1.0,3.0,2274551,1.0,1,4,2,0.0,,-1.0,0,1957.0,A01,138Â 196Â 113,8.0,0.0,-1.0,1736077,2.0,1,,0.0,2.0,6.0,A01,138Â 196Â 113,5.0
1017040,201900058571,6,17,15:55,1,2,6,1.0,3.0,94028,POMPADOUR(CARREFOUR),M,"48,7743505","2,4391325",94,2019,50.0,1.0,1.0,3.0,2274551,1.0,1,4,2,0.0,,-1.0,0,1957.0,A01,138Â 196Â 113,8.0,0.0,-1.0,1736078,1.0,10,,0.0,9.0,1.0,B01,138Â 196Â 114,1.0
1017040,201900058571,6,17,15:55,1,2,6,1.0,3.0,94028,POMPADOUR(CARREFOUR),M,"48,7743505","2,4391325",94,2019,50.0,1.0,1.0,3.0,2274552,1.0,1,1,1,0.0,,-1.0,0,1999.0,B01,138Â 196Â 114,1.0,0.0,-1.0,1736077,2.0,1,,0.0,2.0,6.0,A01,138Â 196Â 113,5.0
1017040,201900058571,6,17,15:55,1,2,6,1.0,3.0,94028,POMPADOUR(CARREFOUR),M,"48,7743505","2,4391325",94,2019,50.0,1.0,1.0,3.0,2274552,1.0,1,1,1,0.0,,-1.0,0,1999.0,B01,138Â 196Â 114,1.0,0.0,-1.0,1736078,1.0,10,,0.0,9.0,1.0,B01,138Â 196Â 114,1.0
1017041,201900058572,6,13,11:50,1,2,3,1.0,5.0,94071,MAURICE BERTEAUX (R),M,"48,7736000","2,5174100",94,2019,50.0,1.0,1.0,3.0,2274553,1.0,1,4,2,5.0,,-1.0,0,1959.0,B01,138Â 196Â 110,1.0,0.0,-1.0,1736079,3.0,7,,0.0,2.0,1.0,B01,138Â 196Â 110,1.0
1017041,201900058572,6,13,11:50,1,2,3,1.0,5.0,94071,MAURICE BERTEAUX (R),M,"48,7736000","2,5174100",94,2019,50.0,1.0,1.0,3.0,2274553,1.0,1,4,2,5.0,,-1.0,0,1959.0,B01,138Â 196Â 110,1.0,0.0,-1.0,1736080,3.0,7,,8.0,0.0,1.0,C01,138Â 196Â 111,0.0
1017041,201900058572,6,13,11:50,1,2,3,1.0,5.0,94071,MAURICE BERTEAUX (R),M,"48,7736000","2,5174100",94,2019,50.0,1.0,1.0,3.0,2274553,1.0,1,4,2,5.0,,-1.0,0,1959.0,B01,138Â 196Â 110,1.0,0.0,-1.0,1736081,3.0,7,,8.0,2.0,1.0,A01,138Â 196Â 112,1.0
1017041,201900058572,6,13,11:50,1,2,3,1.0,5.0,94071,MAURICE BERTEAUX (R),M,"48,7736000","2,5174100",94,2019,50.0,1.0,1.0,3.0,2274554,1.0,1,1,2,5.0,,-1.0,0,1938.0,C01,138Â 196Â 111,1.0,0.0,-1.0,1736079,3.0,7,,0.0,2.0,1.0,B01,138Â 196Â 110,1.0
1017041,201900058572,6,13,11:50,1,2,3,1.0,5.0,94071,MAURICE BERTEAUX (R),M,"48,7736000","2,5174100",94,2019,50.0,1.0,1.0,3.0,2274554,1.0,1,1,2,5.0,,-1.0,0,1938.0,C01,138Â 196Â 111,1.0,0.0,-1.0,1736080,3.0,7,,8.0,0.0,1.0,C01,138Â 196Â 111,0.0
1017041,201900058572,6,13,11:50,1,2,3,1.0,5.0,94071,MAURICE BERTEAUX (R),M,"48,7736000","2,5174100",94,2019,50.0,1.0,1.0,3.0,2274554,1.0,1,1,2,5.0,,-1.0,0,1938.0,C01,138Â 196Â 111,1.0,0.0,-1.0,1736081,3.0,7,,8.0,2.0,1.0,A01,138Â 196Â 112,1.0
1017041,201900058572,6,13,11:50,1,2,3,1.0,5.0,94071,MAURICE BERTEAUX (R),M,"48,7736000","2,5174100",94,2019,50.0,1.0,1.0,3.0,2274555,3.0,2,1,1,4.0,,-1.0,0,1991.0,A01,138Â 196Â 112,1.0,0.0,-1.0,1736079,3.0,7,,0.0,2.0,1.0,B01,138Â 196Â 110,1.0
1017041,201900058572,6,13,11:50,1,2,3,1.0,5.0,94071,MAURICE BERTEAUX (R),M,"48,7736000","2,5174100",94,2019,50.0,1.0,1.0,3.0,2274555,3.0,2,1,1,4.0,,-1.0,0,1991.0,A01,138Â 196Â 112,1.0,0.0,-1.0,1736080,3.0,7,,8.0,0.0,1.0,C01,138Â 196Â 111,0.0
1017041,201900058572,6,13,11:50,1,2,3,1.0,5.0,94071,MAURICE BERTEAUX (R),M,"48,7736000","2,5174100",94,2019,50.0,1.0,1.0,3.0,2274555,3.0,2,1,1,4.0,,-1.0,0,1991.0,A01,138Â 196Â 112,1.0,0.0,-1.0,1736081,3.0,7,,8.0,2.0,1.0,A01,138Â 196Â 112,1.0
1017041,201900058572,6,13,11:50,1,2,3,1.0,5.0,94071,MAURICE BERTEAUX (R),M,"48,7736000","2,5174100",94,2019,50.0,1.0,1.0,3.0,2274556,4.0,2,4,1,4.0,,-1.0,0,1993.0,A01,138Â 196Â 112,1.0,0.0,-1.0,1736079,3.0,7,,0.0,2.0,1.0,B01,138Â 196Â 110,1.0
1017041,201900058572,6,13,11:50,1,2,3,1.0,5.0,94071,MAURICE BERTEAUX (R),M,"48,7736000","2,5174100",94,2019,50.0,1.0,1.0,3.0,2274556,4.0,2,4,1,4.0,,-1.0,0,1993.0,A01,138Â 196Â 112,1.0,0.0,-1.0,1736080,3.0,7,,8.0,0.0,1.0,C01,138Â 196Â 111,0.0
1017041,201900058572,6,13,11:50,1,2,3,1.0,5.0,94071,MAURICE BERTEAUX (R),M,"48,7736000","2,5174100",94,2019,50.0,1.0,1.0,3.0,2274556,4.0,2,4,1,4.0,,-1.0,0,1993.0,A01,138Â 196Â 112,1.0,0.0,-1.0,1736081,3.0,7,,8.0,2.0,1.0,A01,138Â 196Â 112,1.0
1017041,201900058572,6,13,11:50,1,2,3,1.0,5.0,94071,MAURICE BERTEAUX (R),M,"48,7736000","2,5174100",94,2019,50.0,1.0,1.0,3.0,2274557,2.0,2,4,2,4.0,,-1.0,0,1901.0,A01,138Â 196Â 112,1.0,0.0,-1.0,1736079,3.0,7,,0.0,2.0,1.0,B01,138Â 196Â 110,1.0
1017041,201900058572,6,13,11:50,1,2,3,1.0,5.0,94071,MAURICE BERTEAUX (R),M,"48,7736000","2,5174100",94,2019,50.0,1.0,1.0,3.0,2274557,2.0,2,4,2,4.0,,-1.0,0,1901.0,A01,138Â 196Â 112,1.0,0.0,-1.0,1736080,3.0,7,,8.0,0.0,1.0,C01,138Â 196Â 111,0.0
1017041,201900058572,6,13,11:50,1,2,3,1.0,5.0,94071,MAURICE BERTEAUX (R),M,"48,7736000","2,5174100",94,2019,50.0,1.0,1.0,3.0,2274557,2.0,2,4,2,4.0,,-1.0,0,1901.0,A01,138Â 196Â 112,1.0,0.0,-1.0,1736081,3.0,7,,8.0,2.0,1.0,A01,138Â 196Â 112,1.0
1017041,201900058572,6,13,11:50,1,2,3,1.0,5.0,94071,MAURICE BERTEAUX (R),M,"48,7736000","2,5174100",94,2019,50.0,1.0,1.0,3.0,2274558,1.0,1,4,1,4.0,,-1.0,0,1977.0,A01,138Â 196Â 112,1.0,0.0,-1.0,1736079,3.0,7,,0.0,2.0,1.0,B01,138Â 196Â 110,1.0
1017041,201900058572,6,13,11:50,1,2,3,1.0,5.0,94071,MAURICE BERTEAUX (R),M,"48,7736000","2,5174100",94,2019,50.0,1.0,1.0,3.0,2274558,1.0,1,4,1,4.0,,-1.0,0,1977.0,A01,138Â 196Â 112,1.0,0.0,-1.0,1736080,3.0,7,,8.0,0.0,1.0,C01,138Â 196Â 111,0.0
1017041,201900058572,6,13,11:50,1,2,3,1.0,5.0,94071,MAURICE BERTEAUX (R),M,"48,7736000","2,5174100",94,2019,50.0,1.0,1.0,3.0,2274558,1.0,1,4,1,4.0,,-1.0,0,1977.0,A01,138Â 196Â 112,1.0,0.0,-1.0,1736081,3.0,7,,8.0,2.0,1.0,A01,138Â 196Â 112,1.0
1017042,201900058573,6,7,13:10,1,2,1,1.0,6.0,94028,BROSSOLETTE(AVENUE PIERRE),M,"48,7901340","2,4638200",94,2019,50.0,2.0,1.0,3.0,2274559,10.0,3,4,1,2.0,,3.0,3,2005.0,A01,138Â 196Â 109,8.0,0.0,-1.0,1736082,1.0,7,,0.0,2.0,3.0,A01,138Â 196Â 109,1.0
1017042,201900058573,6,7,13:10,1,2,1,1.0,6.0,94028,BROSSOLETTE(AVENUE PIERRE),M,"48,7901340","2,4638200",94,2019,50.0,2.0,1.0,3.0,2274560,1.0,1,1,2,9.0,,-1.0,0,1980.0,A01,138Â 196Â 109,1.0,0.0,-1.0,1736082,1.0,7,,0.0,2.0,3.0,A01,138Â 196Â 109,1.0
1017043,201900058574,6,6,18:20,1,2,1,1.0,6.0,94028,SAINT-SIMON.(RUE ET VILLA),M,"48,7949200","2,4449200",94,2019,50.0,2.0,1.0,4.0,2274561,1.0,1,1,2,5.0,,-1.0,0,1972.0,A01,138Â 196Â 108,1.0,0.0,-1.0,1736083,1.0,7,,0.0,1.0,7.0,A01,138Â 196Â 108,1.0