Unnamed: 0_x,num_acc,mois,jour,hrmn,lum,agg,int,atm,col,com,adr,gps,lat,long,dep,annee,vma,situ,surf,catr,Unnamed: 0_y,place,catu,grav,sexe,trajet,secu,locp,actp,an_nais,num_veh_x,id_vehicule_x,secu1,secu2,secu3,Unnamed: 0,senc,catv,occutc,obs,obsm,choc,num_veh_y,id_vehicule_y,motor
1017043,201900058574,6,6,18:20,1,2,1,1.0,6.0,94028,SAINT-SIMON.(RUE ET VILLA),M,"48,7949200","2,4449200",94,2019,50.0,2.0,1.0,4.0,2274562,10.0,3,4,1,5.0,,2.0,5,2004.0,A01,138Â 196Â 108,8.0,0.0,-1.0,1736083,1.0,7,,0.0,1.0,7.0,A01,138Â 196Â 108,1.0
1017044,201900058575,6,6,01:25,5,2,2,8.0,3.0,94028,FALKIRK(RUE),M,"48,7720000","2,4588000",94,2019,50.0,1.0,2.0,4.0,2274563,1.0,1,1,1,5.0,,-1.0, -1,1986.0,A01,138Â 196Â 106,8.0,0.0,-1.0,1736084,2.0,7,,0.0,2.0,5.0,A01,138Â 196Â 106,1.0
1017044,201900058575,6,6,01:25,5,2,2,8.0,3.0,94028,FALKIRK(RUE),M,"48,7720000","2,4588000",94,2019,50.0,1.0,2.0,4.0,2274563,1.0,1,1,1,5.0,,-1.0, -1,1986.0,A01,138Â 196Â 106,8.0,0.0,-1.0,1736085,1.0,31,,0.0,2.0,1.0,B01,138Â 196Â 107,1.0
1017044,201900058575,6,6,01:25,5,2,2,8.0,3.0,94028,FALKIRK(RUE),M,"48,7720000","2,4588000",94,2019,50.0,1.0,2.0,4.0,2274564,1.0,1,4,1,5.0,,-1.0, -1,1992.0,B01,138Â 196Â 107,2.0,0.0,-1.0,1736084,2.0,7,,0.0,2.0,5.0,A01,138Â 196Â 106,1.0
1017044,201900058575,6,6,01:25,5,2,2,8.0,3.0,94028,FALKIRK(RUE),M,"48,7720000","2,4588000",94,2019,50.0,1.0,2.0,4.0,2274564,1.0,1,4,1,5.0,,-1.0, -1,1992.0,B01,138Â 196Â 107,2.0,0.0,-1.0,1736085,1.0,31,,0.0,2.0,1.0,B01,138Â 196Â 107,1.0
1017045,201900058576,5,31,18:40,1,2,9,1.0,3.0,94028,POMPADOUR(CARREFOUR),M,"48,7743300","2,4396900",94,2019,50.0,1.0,1.0,4.0,2274565,1.0,1,4,1,5.0,,-1.0,0,1967.0,B01,138Â 196Â 104,2.0,0.0,-1.0,1736086,3.0,32,,0.0,2.0,8.0,B01,138Â 196Â 104,1.0
1017045,201900058576,5,31,18:40,1,2,9,1.0,3.0,94028,POMPADOUR(CARREFOUR),M,"48,7743300","2,4396900",94,2019,50.0,1.0,1.0,4.0,2274565,1.0,1,4,1,5.0,,-1.0,0,1967.0,B01,138Â 196Â 104,2.0,0.0,-1.0,1736087,3.0,7,,0.0,2.0,1.0,A01,138Â 196Â 105,1.0
1017045,201900058576,5,31,18:40,1,2,9,1.0,3.0,94028,POMPADOUR(CARREFOUR),M,"48,7743300","2,4396900",94,2019,50.0,1.0,1.0,4.0,2274566,1.0,1,1,2,5.0,,-1.0,0,1996.0,A01,138Â 196Â 105,1.0,8.0,-1.0,1736086,3.0,32,,0.0,2.0,8.0,B01,138Â 196Â 104,1.0
1017045,201900058576,5,31,18:40,1,2,9,1.0,3.0,94028,POMPADOUR(CARREFOUR),M,"48,7743300","2,4396900",94,2019,50.0,1.0,1.0,4.0,2274566,1.0,1,1,2,5.0,,-1.0,0,1996.0,A01,138Â 196Â 105,1.0,8.0,-1.0,1736087,3.0,7,,0.0,2.0,1.0,A01,138Â 196Â 105,1.0
1017046,201900058577,5,30,19:30,1,2,6,1.0,2.0,94028,GAULLE(AVENUE DU GENERAL DE),M,"48,7846600","2,4518000",94,2019,50.0,1.0,1.0,3.0,2274567,1.0,1,1,1,0.0,,-1.0,0,1961.0,B01,138Â 196Â 102,1.0,8.0,-1.0,1736088,1.0,7,,0.0,2.0,6.0,B01,138Â 196Â 102,1.0
1017046,201900058577,5,30,19:30,1,2,6,1.0,2.0,94028,GAULLE(AVENUE DU GENERAL DE),M,"48,7846600","2,4518000",94,2019,50.0,1.0,1.0,3.0,2274567,1.0,1,1,1,0.0,,-1.0,0,1961.0,B01,138Â 196Â 102,1.0,8.0,-1.0,1736089,1.0,30,,0.0,2.0,1.0,A01,138Â 196Â 103,1.0
1017046,201900058577,5,30,19:30,1,2,6,1.0,2.0,94028,GAULLE(AVENUE DU GENERAL DE),M,"48,7846600","2,4518000",94,2019,50.0,1.0,1.0,3.0,2274568,1.0,1,4,1,5.0,,-1.0,0,1992.0,A01,138Â 196Â 103,2.0,6.0,-1.0,1736088,1.0,7,,0.0,2.0,6.0,B01,138Â 196Â 102,1.0
1017046,201900058577,5,30,19:30,1,2,6,1.0,2.0,94028,GAULLE(AVENUE DU GENERAL DE),M,"48,7846600","2,4518000",94,2019,50.0,1.0,1.0,3.0,2274568,1.0,1,4,1,5.0,,-1.0,0,1992.0,A01,138Â 196Â 103,2.0,6.0,-1.0,1736089,1.0,30,,0.0,2.0,1.0,A01,138Â 196Â 103,1.0
1017047,201900058578,5,30,12:30,1,2,9,1.0,3.0,94028,ECOLES.(RUE DES),M,"48,7890600","2,4681100",94,2019,50.0,1.0,1.0,4.0,2274569,1.0,1,1,1,0.0,,-1.0, -1,1992.0,A01,138Â 196Â 100,1.0,0.0,-1.0,1736090,1.0,10,,0.0,2.0,1.0,A01,138Â 196Â 100,1.0
1017047,201900058578,5,30,12:30,1,2,9,1.0,3.0,94028,ECOLES.(RUE DES),M,"48,7890600","2,4681100",94,2019,50.0,1.0,1.0,4.0,2274569,1.0,1,1,1,0.0,,-1.0, -1,1992.0,A01,138Â 196Â 100,1.0,0.0,-1.0,1736091,2.0,10,,0.0,2.0,2.0,B01,138Â 196Â 101,1.0
1017047,201900058578,5,30,12:30,1,2,9,1.0,3.0,94028,ECOLES.(RUE DES),M,"48,7890600","2,4681100",94,2019,50.0,1.0,1.0,4.0,2274570,1.0,1,4,1,4.0,,-1.0, -1,1993.0,B01,138Â 196Â 101,1.0,0.0,-1.0,1736090,1.0,10,,0.0,2.0,1.0,A01,138Â 196Â 100,1.0
1017047,201900058578,5,30,12:30,1,2,9,1.0,3.0,94028,ECOLES.(RUE DES),M,"48,7890600","2,4681100",94,2019,50.0,1.0,1.0,4.0,2274570,1.0,1,4,1,4.0,,-1.0, -1,1993.0,B01,138Â 196Â 101,1.0,0.0,-1.0,1736091,2.0,10,,0.0,2.0,2.0,B01,138Â 196Â 101,1.0
1017048,201900058579,6,16,23:25,5,2,1,1.0,6.0,94022,HUIT MAI 1945 (AV DU),M,"48,7646000","2,4104000",94,2019,30.0,1.0,1.0,4.0,2274571,10.0,3,4,1,0.0,,2.0,3,2014.0,A01,138Â 196Â 099,8.0,0.0,-1.0,1736092,3.0,30,,0.0,1.0,1.0,A01,138Â 196Â 099,1.0
1017048,201900058579,6,16,23:25,5,2,1,1.0,6.0,94022,HUIT MAI 1945 (AV DU),M,"48,7646000","2,4104000",94,2019,30.0,1.0,1.0,4.0,2274572,1.0,1,1,1,0.0,,-1.0, -1,1995.0,A01,138Â 196Â 099,2.0,0.0,-1.0,1736092,3.0,30,,0.0,1.0,1.0,A01,138Â 196Â 099,1.0
1017049,201900058580,6,15,05:05,2,2,9,2.0,1.0,94054,CHARLES TILLON (route),M,"48,7453800","2,3845500",94,2019,50.0,1.0,2.0,3.0,2274573,1.0,1,1,1,0.0,,0.0,0,1989.0,A01,138Â 196Â 097,8.0,0.0,-1.0,1736093,1.0,3,,12.0,2.0,1.0,A01,138Â 196Â 097,1.0
1017049,201900058580,6,15,05:05,2,2,9,2.0,1.0,94054,CHARLES TILLON (route),M,"48,7453800","2,3845500",94,2019,50.0,1.0,2.0,3.0,2274573,1.0,1,1,1,0.0,,0.0,0,1989.0,A01,138Â 196Â 097,8.0,0.0,-1.0,1736094,1.0,3,,0.0,2.0,1.0,B01,138Â 196Â 098,1.0
1017049,201900058580,6,15,05:05,2,2,9,2.0,1.0,94054,CHARLES TILLON (route),M,"48,7453800","2,3845500",94,2019,50.0,1.0,2.0,3.0,2274574,2.0,2,1,2,9.0,,-1.0, -1,1991.0,B01,138Â 196Â 098,1.0,4.0,-1.0,1736093,1.0,3,,12.0,2.0,1.0,A01,138Â 196Â 097,1.0
1017049,201900058580,6,15,05:05,2,2,9,2.0,1.0,94054,CHARLES TILLON (route),M,"48,7453800","2,3845500",94,2019,50.0,1.0,2.0,3.0,2274574,2.0,2,1,2,9.0,,-1.0, -1,1991.0,B01,138Â 196Â 098,1.0,4.0,-1.0,1736094,1.0,3,,0.0,2.0,1.0,B01,138Â 196Â 098,1.0
1017049,201900058580,6,15,05:05,2,2,9,2.0,1.0,94054,CHARLES TILLON (route),M,"48,7453800","2,3845500",94,2019,50.0,1.0,2.0,3.0,2274575,1.0,1,4,1,9.0,,-1.0, -1,1984.0,B01,138Â 196Â 098,1.0,0.0,-1.0,1736093,1.0,3,,12.0,2.0,1.0,A01,138Â 196Â 097,1.0
1017049,201900058580,6,15,05:05,2,2,9,2.0,1.0,94054,CHARLES TILLON (route),M,"48,7453800","2,3845500",94,2019,50.0,1.0,2.0,3.0,2274575,1.0,1,4,1,9.0,,-1.0, -1,1984.0,B01,138Â 196Â 098,1.0,0.0,-1.0,1736094,1.0,3,,0.0,2.0,1.0,B01,138Â 196Â 098,1.0
1017050,201900058581,6,14,20:08,1,2,1,1.0,6.0,94054,FER A CHEVAL (R DU),M,"48,7440500","2,4079400",94,2019,50.0,1.0,1.0,4.0,2274576,10.0,3,4,1,0.0,,9.0,B,1981.0,A01,138Â 196Â 096,8.0,0.0,-1.0,1736095,3.0,30,,0.0,1.0,1.0,A01,138Â 196Â 096,1.0
1017051,201900058582,6,13,15:10,1,2,1,1.0,6.0,94022,STALINGRAD (BD DE),M,"48,7744200","2,3990000",94,2019,50.0,1.0,1.0,3.0,2274577,10.0,3,4,1,5.0,,9.0,B,1946.0,A01,138Â 196Â 095,8.0,0.0,-1.0,1736096,1.0,7,,0.0,1.0,2.0,A01,138Â 196Â 095,1.0
1017051,201900058582,6,13,15:10,1,2,1,1.0,6.0,94022,STALINGRAD (BD DE),M,"48,7744200","2,3990000",94,2019,50.0,1.0,1.0,3.0,2274578,1.0,1,1,1,5.0,,-1.0, -1,1957.0,A01,138Â 196Â 095,1.0,0.0,-1.0,1736096,1.0,7,,0.0,1.0,2.0,A01,138Â 196Â 095,1.0
1017052,201900058583,6,9,11:00,1,2,3,1.0,6.0,94022,ANATOLE FRANCE (AV),M,"48,7584715","2,4128714",94,2019,50.0,1.0,1.0,4.0,2274579,10.0,3,4,1,5.0,,4.0,3,1950.0,A01,138Â 196Â 094,8.0,0.0,-1.0,1736097,2.0,7,,0.0,1.0,3.0,A01,138Â 196Â 094,1.0
1017052,201900058583,6,9,11:00,1,2,3,1.0,6.0,94022,ANATOLE FRANCE (AV),M,"48,7584715","2,4128714",94,2019,50.0,1.0,1.0,4.0,2274580,1.0,1,1,2,5.0,,-1.0, -1,1977.0,A01,138Â 196Â 094,1.0,0.0,-1.0,1736097,2.0,7,,0.0,1.0,3.0,A01,138Â 196Â 094,1.0
1017053,201900058584,6,6,12:15,1,2,1,1.0,6.0,94022,REPUBLIQUE (AV DE LA),M,"48,7600180","2,4082433",94,2019,50.0,1.0,1.0,3.0,2274581,10.0,3,4,1,2.0,,2.0,5,2006.0,A01,138Â 196Â 093,8.0,0.0,-1.0,1736098,0.0,37,1.0,0.0,1.0,2.0,A01,138Â 196Â 093,1.0
1017053,201900058584,6,6,12:15,1,2,1,1.0,6.0,94022,REPUBLIQUE (AV DE LA),M,"48,7600180","2,4082433",94,2019,50.0,1.0,1.0,3.0,2274582,1.0,1,1,1,4.0,,-1.0, -1,1975.0,A01,138Â 196Â 093,1.0,0.0,-1.0,1736098,0.0,37,1.0,0.0,1.0,2.0,A01,138Â 196Â 093,1.0
1017054,201900058585,6,5,15:40,1,2,2,2.0,3.0,94054,VICTOIRE (AV DE LA),M,"48,7449810","2,4000500",94,2019,50.0,1.0,2.0,3.0,2274583,1.0,1,4,2,0.0,,-1.0, -1,1935.0,B01,138Â 196Â 091,1.0,0.0,-1.0,1736099,2.0,7,,0.0,2.0,1.0,B01,138Â 196Â 091,6.0
1017054,201900058585,6,5,15:40,1,2,2,2.0,3.0,94054,VICTOIRE (AV DE LA),M,"48,7449810","2,4000500",94,2019,50.0,1.0,2.0,3.0,2274583,1.0,1,4,2,0.0,,-1.0, -1,1935.0,B01,138Â 196Â 091,1.0,0.0,-1.0,1736100,1.0,7,,0.0,2.0,8.0,A01,138Â 196Â 092,0.0
1017054,201900058585,6,5,15:40,1,2,2,2.0,3.0,94054,VICTOIRE (AV DE LA),M,"48,7449810","2,4000500",94,2019,50.0,1.0,2.0,3.0,2274584,1.0,1,4,1,0.0,,-1.0, -1,1990.0,A01,138Â 196Â 092,1.0,0.0,-1.0,1736099,2.0,7,,0.0,2.0,1.0,B01,138Â 196Â 091,6.0
1017054,201900058585,6,5,15:40,1,2,2,2.0,3.0,94054,VICTOIRE (AV DE LA),M,"48,7449810","2,4000500",94,2019,50.0,1.0,2.0,3.0,2274584,1.0,1,4,1,0.0,,-1.0, -1,1990.0,A01,138Â 196Â 092,1.0,0.0,-1.0,1736100,1.0,7,,0.0,2.0,8.0,A01,138Â 196Â 092,0.0
1017055,201900058586,6,1,17:00,1,2,2,7.0,1.0,94022,VILLENEUVE ST GEORGES (AV),M,"48,7667800","2,4144000",94,2019,50.0,1.0,1.0,3.0,2274585,2.0,2,1,2,0.0,,-1.0, -1,1999.0,A01,138Â 196Â 089,1.0,0.0,-1.0,1736101,1.0,7,,0.0,2.0,1.0,A01,138Â 196Â 089,1.0
1017055,201900058586,6,1,17:00,1,2,2,7.0,1.0,94022,VILLENEUVE ST GEORGES (AV),M,"48,7667800","2,4144000",94,2019,50.0,1.0,1.0,3.0,2274585,2.0,2,1,2,0.0,,-1.0, -1,1999.0,A01,138Â 196Â 089,1.0,0.0,-1.0,1736102,1.0,2,,0.0,2.0,1.0,B01,138Â 196Â 090,0.0
1017055,201900058586,6,1,17:00,1,2,2,7.0,1.0,94022,VILLENEUVE ST GEORGES (AV),M,"48,7667800","2,4144000",94,2019,50.0,1.0,1.0,3.0,2274586,4.0,2,1,2,5.0,,-1.0, -1,2017.0,A01,138Â 196Â 089,1.0,0.0,-1.0,1736101,1.0,7,,0.0,2.0,1.0,A01,138Â 196Â 089,1.0
1017055,201900058586,6,1,17:00,1,2,2,7.0,1.0,94022,VILLENEUVE ST GEORGES (AV),M,"48,7667800","2,4144000",94,2019,50.0,1.0,1.0,3.0,2274586,4.0,2,1,2,5.0,,-1.0, -1,2017.0,A01,138Â 196Â 089,1.0,0.0,-1.0,1736102,1.0,2,,0.0,2.0,1.0,B01,138Â 196Â 090,0.0
1017055,201900058586,6,1,17:00,1,2,2,7.0,1.0,94022,VILLENEUVE ST GEORGES (AV),M,"48,7667800","2,4144000",94,2019,50.0,1.0,1.0,3.0,2274587,3.0,2,1,2,5.0,,-1.0, -1,1985.0,A01,138Â 196Â 089,1.0,0.0,-1.0,1736101,1.0,7,,0.0,2.0,1.0,A01,138Â 196Â 089,1.0
1017055,201900058586,6,1,17:00,1,2,2,7.0,1.0,94022,VILLENEUVE ST GEORGES (AV),M,"48,7667800","2,4144000",94,2019,50.0,1.0,1.0,3.0,2274587,3.0,2,1,2,5.0,,-1.0, -1,1985.0,A01,138Â 196Â 089,1.0,0.0,-1.0,1736102,1.0,2,,0.0,2.0,1.0,B01,138Â 196Â 090,0.0
1017055,201900058586,6,1,17:00,1,2,2,7.0,1.0,94022,VILLENEUVE ST GEORGES (AV),M,"48,7667800","2,4144000",94,2019,50.0,1.0,1.0,3.0,2274588,1.0,1,1,1,5.0,,-1.0, -1,1997.0,A01,138Â 196Â 089,1.0,0.0,-1.0,1736101,1.0,7,,0.0,2.0,1.0,A01,138Â 196Â 089,1.0
1017055,201900058586,6,1,17:00,1,2,2,7.0,1.0,94022,VILLENEUVE ST GEORGES (AV),M,"48,7667800","2,4144000",94,2019,50.0,1.0,1.0,3.0,2274588,1.0,1,1,1,5.0,,-1.0, -1,1997.0,A01,138Â 196Â 089,1.0,0.0,-1.0,1736102,1.0,2,,0.0,2.0,1.0,B01,138Â 196Â 090,0.0
1017055,201900058586,6,1,17:00,1,2,2,7.0,1.0,94022,VILLENEUVE ST GEORGES (AV),M,"48,7667800","2,4144000",94,2019,50.0,1.0,1.0,3.0,2274589,1.0,1,4,1,5.0,,-1.0, -1,1997.0,B01,138Â 196Â 090,2.0,0.0,-1.0,1736101,1.0,7,,0.0,2.0,1.0,A01,138Â 196Â 089,1.0
1017055,201900058586,6,1,17:00,1,2,2,7.0,1.0,94022,VILLENEUVE ST GEORGES (AV),M,"48,7667800","2,4144000",94,2019,50.0,1.0,1.0,3.0,2274589,1.0,1,4,1,5.0,,-1.0, -1,1997.0,B01,138Â 196Â 090,2.0,0.0,-1.0,1736102,1.0,2,,0.0,2.0,1.0,B01,138Â 196Â 090,0.0
1017056,201900058587,5,30,16:50,1,2,2,1.0,3.0,94022,VICTOR HUGO (AV),M,"48,7687400","2,4206600",94,2019,50.0,6.0,1.0,3.0,2274590,2.0,2,3,1,0.0,,-1.0, -1,2001.0,A01,138Â 196Â 087,2.0,0.0,-1.0,1736103,2.0,32,,0.0,2.0,1.0,A01,138Â 196Â 087,1.0
1017056,201900058587,5,30,16:50,1,2,2,1.0,3.0,94022,VICTOR HUGO (AV),M,"48,7687400","2,4206600",94,2019,50.0,6.0,1.0,3.0,2274590,2.0,2,3,1,0.0,,-1.0, -1,2001.0,A01,138Â 196Â 087,2.0,0.0,-1.0,1736104,2.0,7,,0.0,2.0,8.0,B01,138Â 196Â 088,1.0
1017056,201900058587,5,30,16:50,1,2,2,1.0,3.0,94022,VICTOR HUGO (AV),M,"48,7687400","2,4206600",94,2019,50.0,6.0,1.0,3.0,2274591,1.0,1,3,1,0.0,,-1.0, -1,1997.0,A01,138Â 196Â 087,8.0,0.0,-1.0,1736103,2.0,32,,0.0,2.0,1.0,A01,138Â 196Â 087,1.0
1017056,201900058587,5,30,16:50,1,2,2,1.0,3.0,94022,VICTOR HUGO (AV),M,"48,7687400","2,4206600",94,2019,50.0,6.0,1.0,3.0,2274591,1.0,1,3,1,0.0,,-1.0, -1,1997.0,A01,138Â 196Â 087,8.0,0.0,-1.0,1736104,2.0,7,,0.0,2.0,8.0,B01,138Â 196Â 088,1.0
1017056,201900058587,5,30,16:50,1,2,2,1.0,3.0,94022,VICTOR HUGO (AV),M,"48,7687400","2,4206600",94,2019,50.0,6.0,1.0,3.0,2274592,1.0,1,1,1,1.0,,-1.0, -1,1972.0,B01,138Â 196Â 088,1.0,8.0,-1.0,1736103,2.0,32,,0.0,2.0,1.0,A01,138Â 196Â 087,1.0
1017056,201900058587,5,30,16:50,1,2,2,1.0,3.0,94022,VICTOR HUGO (AV),M,"48,7687400","2,4206600",94,2019,50.0,6.0,1.0,3.0,2274592,1.0,1,1,1,1.0,,-1.0, -1,1972.0,B01,138Â 196Â 088,1.0,8.0,-1.0,1736104,2.0,7,,0.0,2.0,8.0,B01,138Â 196Â 088,1.0
1017057,201900058588,6,14,16:20,1,2,1,1.0,3.0,94019,CONDORCET (R),M,"48,7966000","2,5444000",94,2019,50.0,1.0,1.0,4.0,2274593,1.0,1,4,1,0.0,,-1.0,0,1938.0,B01,138Â 196Â 085,1.0,0.0,-1.0,1736105,3.0,7,,0.0,2.0,2.0,B01,138Â 196Â 085,1.0
1017057,201900058588,6,14,16:20,1,2,1,1.0,3.0,94019,CONDORCET (R),M,"48,7966000","2,5444000",94,2019,50.0,1.0,1.0,4.0,2274593,1.0,1,4,1,0.0,,-1.0,0,1938.0,B01,138Â 196Â 085,1.0,0.0,-1.0,1736106,0.0,7,,0.0,2.0,3.0,A01,138Â 196Â 086,1.0
1017057,201900058588,6,14,16:20,1,2,1,1.0,3.0,94019,CONDORCET (R),M,"48,7966000","2,5444000",94,2019,50.0,1.0,1.0,4.0,2274594,1.0,1,1,2,0.0,,-1.0, -1,1964.0,A01,138Â 196Â 086,1.0,0.0,-1.0,1736105,3.0,7,,0.0,2.0,2.0,B01,138Â 196Â 085,1.0
1017057,201900058588,6,14,16:20,1,2,1,1.0,3.0,94019,CONDORCET (R),M,"48,7966000","2,5444000",94,2019,50.0,1.0,1.0,4.0,2274594,1.0,1,1,2,0.0,,-1.0, -1,1964.0,A01,138Â 196Â 086,1.0,0.0,-1.0,1736106,0.0,7,,0.0,2.0,3.0,A01,138Â 196Â 086,1.0
1017058,201900058589,6,13,10:10,1,2,1,1.0,3.0,94079,ROBERT SCHUMAN (R),M,"48,8225900","2,5414100",94,2019,50.0,1.0,1.0,3.0,2274595,1.0,1,1,1,9.0,,-1.0, -1,1992.0,A01,138Â 196Â 083,1.0,8.0,-1.0,1736107,2.0,14,,0.0,2.0,1.0,A01,138Â 196Â 083,1.0
1017058,201900058589,6,13,10:10,1,2,1,1.0,3.0,94079,ROBERT SCHUMAN (R),M,"48,8225900","2,5414100",94,2019,50.0,1.0,1.0,3.0,2274595,1.0,1,1,1,9.0,,-1.0, -1,1992.0,A01,138Â 196Â 083,1.0,8.0,-1.0,1736108,3.0,1,,0.0,2.0,1.0,B01,138Â 196Â 084,0.0
1017058,201900058589,6,13,10:10,1,2,1,1.0,3.0,94079,ROBERT SCHUMAN (R),M,"48,8225900","2,5414100",94,2019,50.0,1.0,1.0,3.0,2274596,1.0,1,4,1,0.0,,-1.0, -1,1952.0,B01,138Â 196Â 084,2.0,0.0,-1.0,1736107,2.0,14,,0.0,2.0,1.0,A01,138Â 196Â 083,1.0
1017058,201900058589,6,13,10:10,1,2,1,1.0,3.0,94079,ROBERT SCHUMAN (R),M,"48,8225900","2,5414100",94,2019,50.0,1.0,1.0,3.0,2274596,1.0,1,4,1,0.0,,-1.0, -1,1952.0,B01,138Â 196Â 084,2.0,0.0,-1.0,1736108,3.0,1,,0.0,2.0,1.0,B01,138Â 196Â 084,0.0
1017059,201900058590,6,12,18:50,1,2,1,1.0,3.0,94079,JEAN JAURES (R),M,"48,8273200","2,5283200",94,2019,50.0,1.0,1.0,4.0,2274597,1.0,1,4,2,1.0,,-1.0,0,1975.0,B01,138Â 196Â 081,1.0,0.0,-1.0,1736109,3.0,7,,0.0,2.0,8.0,B01,138Â 196Â 081,1.0
1017059,201900058590,6,12,18:50,1,2,1,1.0,3.0,94079,JEAN JAURES (R),M,"48,8273200","2,5283200",94,2019,50.0,1.0,1.0,4.0,2274597,1.0,1,4,2,1.0,,-1.0,0,1975.0,B01,138Â 196Â 081,1.0,0.0,-1.0,1736110,3.0,14,,0.0,2.0,0.0,A01,138Â 196Â 082,1.0
1017059,201900058590,6,12,18:50,1,2,1,1.0,3.0,94079,JEAN JAURES (R),M,"48,8273200","2,5283200",94,2019,50.0,1.0,1.0,4.0,2274598,1.0,1,1,1,4.0,,-1.0,0,1982.0,A01,138Â 196Â 082,1.0,0.0,-1.0,1736109,3.0,7,,0.0,2.0,8.0,B01,138Â 196Â 081,1.0
1017059,201900058590,6,12,18:50,1,2,1,1.0,3.0,94079,JEAN JAURES (R),M,"48,8273200","2,5283200",94,2019,50.0,1.0,1.0,4.0,2274598,1.0,1,1,1,4.0,,-1.0,0,1982.0,A01,138Â 196Â 082,1.0,0.0,-1.0,1736110,3.0,14,,0.0,2.0,0.0,A01,138Â 196Â 082,1.0
1017060,201900058591,6,12,07:20,2,2,2,5.0,3.0,94019,LIBERATION (RTE DE LA),M,"48,8027510","2,5386450",94,2019,50.0,1.0,1.0,3.0,2274599,1.0,1,2,1,1.0,,-1.0, -1,1996.0,A01,138Â 196Â 079,2.0,6.0,-1.0,1736111,1.0,33,,0.0,2.0,1.0,A01,138Â 196Â 079,1.0
1017060,201900058591,6,12,07:20,2,2,2,5.0,3.0,94019,LIBERATION (RTE DE LA),M,"48,8027510","2,5386450",94,2019,50.0,1.0,1.0,3.0,2274599,1.0,1,2,1,1.0,,-1.0, -1,1996.0,A01,138Â 196Â 079,2.0,6.0,-1.0,1736112,1.0,7,,0.0,2.0,8.0,B01,138Â 196Â 080,1.0
1017060,201900058591,6,12,07:20,2,2,2,5.0,3.0,94019,LIBERATION (RTE DE LA),M,"48,8027510","2,5386450",94,2019,50.0,1.0,1.0,3.0,2274600,1.0,1,1,1,9.0,,-1.0, -1,1952.0,B01,138Â 196Â 080,1.0,0.0,-1.0,1736111,1.0,33,,0.0,2.0,1.0,A01,138Â 196Â 079,1.0
1017060,201900058591,6,12,07:20,2,2,2,5.0,3.0,94019,LIBERATION (RTE DE LA),M,"48,8027510","2,5386450",94,2019,50.0,1.0,1.0,3.0,2274600,1.0,1,1,1,9.0,,-1.0, -1,1952.0,B01,138Â 196Â 080,1.0,0.0,-1.0,1736112,1.0,7,,0.0,2.0,8.0,B01,138Â 196Â 080,1.0
1017061,201900058592,6,8,12:05,1,2,1,1.0,2.0,94019,LIBERATION (RTE DE LA),M,"48,8049900","2,5349200",94,2019,50.0,1.0,1.0,3.0,2274601,1.0,1,1,1,4.0,,-1.0, -1,1966.0,A01,138Â 196Â 077,1.0,0.0,-1.0,1736113,2.0,14,,14.0,0.0,2.0,A01,138Â 196Â 077,1.0
1017061,201900058592,6,8,12:05,1,2,1,1.0,2.0,94019,LIBERATION (RTE DE LA),M,"48,8049900","2,5349200",94,2019,50.0,1.0,1.0,3.0,2274601,1.0,1,1,1,4.0,,-1.0, -1,1966.0,A01,138Â 196Â 077,1.0,0.0,-1.0,1736114,0.0,7,,0.0,2.0,0.0,B01,138Â 196Â 078,1.0
1017061,201900058592,6,8,12:05,1,2,1,1.0,2.0,94019,LIBERATION (RTE DE LA),M,"48,8049900","2,5349200",94,2019,50.0,1.0,1.0,3.0,2274602,1.0,1,4,2,5.0,,-1.0, -1,1974.0,B01,138Â 196Â 078,1.0,0.0,-1.0,1736113,2.0,14,,14.0,0.0,2.0,A01,138Â 196Â 077,1.0
1017061,201900058592,6,8,12:05,1,2,1,1.0,2.0,94019,LIBERATION (RTE DE LA),M,"48,8049900","2,5349200",94,2019,50.0,1.0,1.0,3.0,2274602,1.0,1,4,2,5.0,,-1.0, -1,1974.0,B01,138Â 196Â 078,1.0,0.0,-1.0,1736114,0.0,7,,0.0,2.0,0.0,B01,138Â 196Â 078,1.0
1017062,201900058593,6,8,11:32,1,2,1,1.0,2.0,94053,GRANDE RUE PIERRE MENDES-FRANCE (R),M,"48,7714000","2,5444800",94,2019,50.0,1.0,1.0,4.0,2274603,1.0,1,4,2,0.0,,-1.0, -1,1973.0,B01,138Â 196Â 075,1.0,0.0,-1.0,1736115,2.0,7,,0.0,2.0,4.0,B01,138Â 196Â 075,1.0
1017062,201900058593,6,8,11:32,1,2,1,1.0,2.0,94053,GRANDE RUE PIERRE MENDES-FRANCE (R),M,"48,7714000","2,5444800",94,2019,50.0,1.0,1.0,4.0,2274603,1.0,1,4,2,0.0,,-1.0, -1,1973.0,B01,138Â 196Â 075,1.0,0.0,-1.0,1736116,2.0,7,,0.0,2.0,1.0,A01,138Â 196Â 076,1.0
1017062,201900058593,6,8,11:32,1,2,1,1.0,2.0,94053,GRANDE RUE PIERRE MENDES-FRANCE (R),M,"48,7714000","2,5444800",94,2019,50.0,1.0,1.0,4.0,2274604,1.0,1,1,1,5.0,,-1.0, -1,1958.0,A01,138Â 196Â 076,1.0,0.0,-1.0,1736115,2.0,7,,0.0,2.0,4.0,B01,138Â 196Â 075,1.0
1017062,201900058593,6,8,11:32,1,2,1,1.0,2.0,94053,GRANDE RUE PIERRE MENDES-FRANCE (R),M,"48,7714000","2,5444800",94,2019,50.0,1.0,1.0,4.0,2274604,1.0,1,1,1,5.0,,-1.0, -1,1958.0,A01,138Â 196Â 076,1.0,0.0,-1.0,1736116,2.0,7,,0.0,2.0,1.0,A01,138Â 196Â 076,1.0