Unnamed: 0_x,num_acc,mois,jour,hrmn,lum,agg,int,atm,col,com,adr,gps,lat,long,dep,annee,vma,situ,surf,catr,Unnamed: 0_y,place,catu,grav,sexe,trajet,secu,locp,actp,an_nais,num_veh_x,id_vehicule_x,secu1,secu2,secu3,Unnamed: 0,senc,catv,occutc,obs,obsm,choc,num_veh_y,id_vehicule_y,motor
1017063,201900058594,6,10,17:55,1,2,2,1.0,3.0,94069,GRAVELLE (AV DE),M,"48,8240200","2,4200600",94,2019,30.0,1.0,1.0,3.0,2274605,4.0,2,1,1,5.0,,-1.0, -1,2014.0,A01,138Â 196Â 071,1.0,0.0,-1.0,1736117,3.0,7,,0.0,2.0,2.0,A01,138Â 196Â 071,1.0
1017063,201900058594,6,10,17:55,1,2,2,1.0,3.0,94069,GRAVELLE (AV DE),M,"48,8240200","2,4200600",94,2019,30.0,1.0,1.0,3.0,2274605,4.0,2,1,1,5.0,,-1.0, -1,2014.0,A01,138Â 196Â 071,1.0,0.0,-1.0,1736118,1.0,33,,0.0,2.0,8.0,B01,138Â 196Â 072,1.0
1017063,201900058594,6,10,17:55,1,2,2,1.0,3.0,94069,GRAVELLE (AV DE),M,"48,8240200","2,4200600",94,2019,30.0,1.0,1.0,3.0,2274606,1.0,1,1,2,5.0,,-1.0, -1,1980.0,A01,138Â 196Â 071,1.0,8.0,-1.0,1736117,3.0,7,,0.0,2.0,2.0,A01,138Â 196Â 071,1.0
1017063,201900058594,6,10,17:55,1,2,2,1.0,3.0,94069,GRAVELLE (AV DE),M,"48,8240200","2,4200600",94,2019,30.0,1.0,1.0,3.0,2274606,1.0,1,1,2,5.0,,-1.0, -1,1980.0,A01,138Â 196Â 071,1.0,8.0,-1.0,1736118,1.0,33,,0.0,2.0,8.0,B01,138Â 196Â 072,1.0
1017063,201900058594,6,10,17:55,1,2,2,1.0,3.0,94069,GRAVELLE (AV DE),M,"48,8240200","2,4200600",94,2019,30.0,1.0,1.0,3.0,2274607,3.0,2,1,2,5.0,,-1.0, -1,2011.0,A01,138Â 196Â 071,1.0,0.0,-1.0,1736117,3.0,7,,0.0,2.0,2.0,A01,138Â 196Â 071,1.0
1017063,201900058594,6,10,17:55,1,2,2,1.0,3.0,94069,GRAVELLE (AV DE),M,"48,8240200","2,4200600",94,2019,30.0,1.0,1.0,3.0,2274607,3.0,2,1,2,5.0,,-1.0, -1,2011.0,A01,138Â 196Â 071,1.0,0.0,-1.0,1736118,1.0,33,,0.0,2.0,8.0,B01,138Â 196Â 072,1.0
1017063,201900058594,6,10,17:55,1,2,2,1.0,3.0,94069,GRAVELLE (AV DE),M,"48,8240200","2,4200600",94,2019,30.0,1.0,1.0,3.0,2274608,2.0,2,1,1,0.0,,-1.0, -1,1972.0,A01,138Â 196Â 071,1.0,8.0,-1.0,1736117,3.0,7,,0.0,2.0,2.0,A01,138Â 196Â 071,1.0
1017063,201900058594,6,10,17:55,1,2,2,1.0,3.0,94069,GRAVELLE (AV DE),M,"48,8240200","2,4200600",94,2019,30.0,1.0,1.0,3.0,2274608,2.0,2,1,1,0.0,,-1.0, -1,1972.0,A01,138Â 196Â 071,1.0,8.0,-1.0,1736118,1.0,33,,0.0,2.0,8.0,B01,138Â 196Â 072,1.0
1017063,201900058594,6,10,17:55,1,2,2,1.0,3.0,94069,GRAVELLE (AV DE),M,"48,8240200","2,4200600",94,2019,30.0,1.0,1.0,3.0,2274609,1.0,1,3,1,1.0,,-1.0, -1,1973.0,B01,138Â 196Â 072,2.0,8.0,-1.0,1736117,3.0,7,,0.0,2.0,2.0,A01,138Â 196Â 071,1.0
1017063,201900058594,6,10,17:55,1,2,2,1.0,3.0,94069,GRAVELLE (AV DE),M,"48,8240200","2,4200600",94,2019,30.0,1.0,1.0,3.0,2274609,1.0,1,3,1,1.0,,-1.0, -1,1973.0,B01,138Â 196Â 072,2.0,8.0,-1.0,1736118,1.0,33,,0.0,2.0,8.0,B01,138Â 196Â 072,1.0
1017064,201900058595,6,5,13:14,1,2,2,2.0,3.0,94018,GRAVELLE (AV DE),M,"48,8246300","2,4128600",94,2019,30.0,1.0,2.0,4.0,2274610,1.0,1,3,1,5.0,,-1.0, -1,1988.0,A01,138Â 196Â 069,8.0,0.0,-1.0,1736119,1.0,1,,0.0,2.0,1.0,A01,138Â 196Â 069,5.0
1017064,201900058595,6,5,13:14,1,2,2,2.0,3.0,94018,GRAVELLE (AV DE),M,"48,8246300","2,4128600",94,2019,30.0,1.0,2.0,4.0,2274610,1.0,1,3,1,5.0,,-1.0, -1,1988.0,A01,138Â 196Â 069,8.0,0.0,-1.0,1736120,1.0,7,,0.0,6.0,3.0,B01,138Â 196Â 070,1.0
1017064,201900058595,6,5,13:14,1,2,2,2.0,3.0,94018,GRAVELLE (AV DE),M,"48,8246300","2,4128600",94,2019,30.0,1.0,2.0,4.0,2274611,1.0,1,1,2,5.0,,-1.0, -1,1988.0,B01,138Â 196Â 070,1.0,8.0,-1.0,1736119,1.0,1,,0.0,2.0,1.0,A01,138Â 196Â 069,5.0
1017064,201900058595,6,5,13:14,1,2,2,2.0,3.0,94018,GRAVELLE (AV DE),M,"48,8246300","2,4128600",94,2019,30.0,1.0,2.0,4.0,2274611,1.0,1,1,2,5.0,,-1.0, -1,1988.0,B01,138Â 196Â 070,1.0,8.0,-1.0,1736120,1.0,7,,0.0,6.0,3.0,B01,138Â 196Â 070,1.0
1017065,201900058596,6,2,14:50,1,2,1,1.0,3.0,94018,GRAVELLE (AV DE),M,"48,8268400","2,4070300",94,2019,30.0,1.0,1.0,4.0,2274612,2.0,2,4,2,0.0,,-1.0,0,1996.0,A01,138Â 196Â 067,2.0,0.0,-1.0,1736121,1.0,30,,0.0,2.0,1.0,A01,138Â 196Â 067,1.0
1017065,201900058596,6,2,14:50,1,2,1,1.0,3.0,94018,GRAVELLE (AV DE),M,"48,8268400","2,4070300",94,2019,30.0,1.0,1.0,4.0,2274612,2.0,2,4,2,0.0,,-1.0,0,1996.0,A01,138Â 196Â 067,2.0,0.0,-1.0,1736122,1.0,7,,0.0,2.0,3.0,B01,138Â 196Â 068,1.0
1017065,201900058596,6,2,14:50,1,2,1,1.0,3.0,94018,GRAVELLE (AV DE),M,"48,8268400","2,4070300",94,2019,30.0,1.0,1.0,4.0,2274613,1.0,1,1,1,0.0,,-1.0,0,1995.0,A01,138Â 196Â 067,2.0,0.0,-1.0,1736121,1.0,30,,0.0,2.0,1.0,A01,138Â 196Â 067,1.0
1017065,201900058596,6,2,14:50,1,2,1,1.0,3.0,94018,GRAVELLE (AV DE),M,"48,8268400","2,4070300",94,2019,30.0,1.0,1.0,4.0,2274613,1.0,1,1,1,0.0,,-1.0,0,1995.0,A01,138Â 196Â 067,2.0,0.0,-1.0,1736122,1.0,7,,0.0,2.0,3.0,B01,138Â 196Â 068,1.0
1017065,201900058596,6,2,14:50,1,2,1,1.0,3.0,94018,GRAVELLE (AV DE),M,"48,8268400","2,4070300",94,2019,30.0,1.0,1.0,4.0,2274614,1.0,1,1,1,0.0,,-1.0,0,1989.0,B01,138Â 196Â 068,1.0,0.0,-1.0,1736121,1.0,30,,0.0,2.0,1.0,A01,138Â 196Â 067,1.0
1017065,201900058596,6,2,14:50,1,2,1,1.0,3.0,94018,GRAVELLE (AV DE),M,"48,8268400","2,4070300",94,2019,30.0,1.0,1.0,4.0,2274614,1.0,1,1,1,0.0,,-1.0,0,1989.0,B01,138Â 196Â 068,1.0,0.0,-1.0,1736122,1.0,7,,0.0,2.0,3.0,B01,138Â 196Â 068,1.0
1017066,201900058597,5,31,17:50,1,2,1,1.0,3.0,94018,GRAVELLE (AV DE),M,"48,8295651","2,4022722",94,2019,30.0,1.0,1.0,4.0,2274615,1.0,1,1,1,0.0,,-1.0,0,1983.0,A01,138Â 196Â 065,8.0,0.0,-1.0,1736123,2.0,7,,0.0,2.0,3.0,A01,138Â 196Â 065,1.0
1017066,201900058597,5,31,17:50,1,2,1,1.0,3.0,94018,GRAVELLE (AV DE),M,"48,8295651","2,4022722",94,2019,30.0,1.0,1.0,4.0,2274615,1.0,1,1,1,0.0,,-1.0,0,1983.0,A01,138Â 196Â 065,8.0,0.0,-1.0,1736124,2.0,33,,0.0,2.0,7.0,B01,138Â 196Â 066,1.0
1017066,201900058597,5,31,17:50,1,2,1,1.0,3.0,94018,GRAVELLE (AV DE),M,"48,8295651","2,4022722",94,2019,30.0,1.0,1.0,4.0,2274616,1.0,1,4,1,0.0,,-1.0,0,1977.0,B01,138Â 196Â 066,2.0,0.0,-1.0,1736123,2.0,7,,0.0,2.0,3.0,A01,138Â 196Â 065,1.0
1017066,201900058597,5,31,17:50,1,2,1,1.0,3.0,94018,GRAVELLE (AV DE),M,"48,8295651","2,4022722",94,2019,30.0,1.0,1.0,4.0,2274616,1.0,1,4,1,0.0,,-1.0,0,1977.0,B01,138Â 196Â 066,2.0,0.0,-1.0,1736124,2.0,33,,0.0,2.0,7.0,B01,138Â 196Â 066,1.0
1017067,201900058598,6,18,00:00,5,2,3,1.0,3.0,94017,CHARLES FLOQUET (R),M,"48,8199200","2,4825300",94,2019,50.0,1.0,1.0,3.0,2274617,1.0,1,1,1,9.0,,-1.0, -1,1983.0,B01,138Â 196Â 063,1.0,0.0,-1.0,1736125,1.0,7,,0.0,2.0,2.0,B01,138Â 196Â 063,0.0
1017067,201900058598,6,18,00:00,5,2,3,1.0,3.0,94017,CHARLES FLOQUET (R),M,"48,8199200","2,4825300",94,2019,50.0,1.0,1.0,3.0,2274617,1.0,1,1,1,9.0,,-1.0, -1,1983.0,B01,138Â 196Â 063,1.0,0.0,-1.0,1736126,1.0,34,,9.0,0.0,4.0,A01,138Â 196Â 064,0.0
1017067,201900058598,6,18,00:00,5,2,3,1.0,3.0,94017,CHARLES FLOQUET (R),M,"48,8199200","2,4825300",94,2019,50.0,1.0,1.0,3.0,2274618,1.0,1,1,1,9.0,,-1.0, -1,1955.0,A01,138Â 196Â 064,2.0,8.0,-1.0,1736125,1.0,7,,0.0,2.0,2.0,B01,138Â 196Â 063,0.0
1017067,201900058598,6,18,00:00,5,2,3,1.0,3.0,94017,CHARLES FLOQUET (R),M,"48,8199200","2,4825300",94,2019,50.0,1.0,1.0,3.0,2274618,1.0,1,1,1,9.0,,-1.0, -1,1955.0,A01,138Â 196Â 064,2.0,8.0,-1.0,1736126,1.0,34,,9.0,0.0,4.0,A01,138Â 196Â 064,0.0
1017067,201900058598,6,18,00:00,5,2,3,1.0,3.0,94017,CHARLES FLOQUET (R),M,"48,8199200","2,4825300",94,2019,50.0,1.0,1.0,3.0,2274619,2.0,2,4,1,9.0,,-1.0, -1,1999.0,A01,138Â 196Â 064,2.0,0.0,-1.0,1736125,1.0,7,,0.0,2.0,2.0,B01,138Â 196Â 063,0.0
1017067,201900058598,6,18,00:00,5,2,3,1.0,3.0,94017,CHARLES FLOQUET (R),M,"48,8199200","2,4825300",94,2019,50.0,1.0,1.0,3.0,2274619,2.0,2,4,1,9.0,,-1.0, -1,1999.0,A01,138Â 196Â 064,2.0,0.0,-1.0,1736126,1.0,34,,9.0,0.0,4.0,A01,138Â 196Â 064,0.0
1017068,201900058599,6,16,17:30,1,2,4,1.0,3.0,94017,ROGER SALENGRO (AV),M,"48,8200200","2,4840900",94,2019,50.0,1.0,1.0,3.0,2274620,1.0,1,4,1,5.0,,-1.0, -1,2002.0,A01,138Â 196Â 061,2.0,0.0,-1.0,1736127,1.0,30,,0.0,2.0,1.0,A01,138Â 196Â 061,1.0
1017068,201900058599,6,16,17:30,1,2,4,1.0,3.0,94017,ROGER SALENGRO (AV),M,"48,8200200","2,4840900",94,2019,50.0,1.0,1.0,3.0,2274620,1.0,1,4,1,5.0,,-1.0, -1,2002.0,A01,138Â 196Â 061,2.0,0.0,-1.0,1736128,2.0,7,,0.0,2.0,3.0,B01,138Â 196Â 062,1.0
1017068,201900058599,6,16,17:30,1,2,4,1.0,3.0,94017,ROGER SALENGRO (AV),M,"48,8200200","2,4840900",94,2019,50.0,1.0,1.0,3.0,2274621,1.0,1,1,1,5.0,,-1.0, -1,1991.0,B01,138Â 196Â 062,1.0,0.0,-1.0,1736127,1.0,30,,0.0,2.0,1.0,A01,138Â 196Â 061,1.0
1017068,201900058599,6,16,17:30,1,2,4,1.0,3.0,94017,ROGER SALENGRO (AV),M,"48,8200200","2,4840900",94,2019,50.0,1.0,1.0,3.0,2274621,1.0,1,1,1,5.0,,-1.0, -1,1991.0,B01,138Â 196Â 062,1.0,0.0,-1.0,1736128,2.0,7,,0.0,2.0,3.0,B01,138Â 196Â 062,1.0
1017069,201900058600,6,12,00:30,5,2,2,1.0,3.0,94017,GENERAL DE GAULLE (AV DU),M,"48,8200300","2,4840600",94,2019,50.0,1.0,2.0,3.0,2274622,1.0,1,1,2,0.0,,-1.0,0,1975.0,B01,138Â 196Â 057,1.0,5.0,-1.0,1736129,2.0,7,,0.0,2.0,2.0,B01,138Â 196Â 057,1.0
1017069,201900058600,6,12,00:30,5,2,2,1.0,3.0,94017,GENERAL DE GAULLE (AV DU),M,"48,8200300","2,4840600",94,2019,50.0,1.0,2.0,3.0,2274622,1.0,1,1,2,0.0,,-1.0,0,1975.0,B01,138Â 196Â 057,1.0,5.0,-1.0,1736130,1.0,7,,0.0,2.0,2.0,A01,138Â 196Â 058,1.0
1017069,201900058600,6,12,00:30,5,2,2,1.0,3.0,94017,GENERAL DE GAULLE (AV DU),M,"48,8200300","2,4840600",94,2019,50.0,1.0,2.0,3.0,2274623,2.0,2,1,1,0.0,,-1.0,0,1972.0,B01,138Â 196Â 057,1.0,0.0,-1.0,1736129,2.0,7,,0.0,2.0,2.0,B01,138Â 196Â 057,1.0
1017069,201900058600,6,12,00:30,5,2,2,1.0,3.0,94017,GENERAL DE GAULLE (AV DU),M,"48,8200300","2,4840600",94,2019,50.0,1.0,2.0,3.0,2274623,2.0,2,1,1,0.0,,-1.0,0,1972.0,B01,138Â 196Â 057,1.0,0.0,-1.0,1736130,1.0,7,,0.0,2.0,2.0,A01,138Â 196Â 058,1.0
1017069,201900058600,6,12,00:30,5,2,2,1.0,3.0,94017,GENERAL DE GAULLE (AV DU),M,"48,8200300","2,4840600",94,2019,50.0,1.0,2.0,3.0,2274624,1.0,1,4,2,0.0,,-1.0,0,1997.0,A01,138Â 196Â 058,1.0,5.0,-1.0,1736129,2.0,7,,0.0,2.0,2.0,B01,138Â 196Â 057,1.0
1017069,201900058600,6,12,00:30,5,2,2,1.0,3.0,94017,GENERAL DE GAULLE (AV DU),M,"48,8200300","2,4840600",94,2019,50.0,1.0,2.0,3.0,2274624,1.0,1,4,2,0.0,,-1.0,0,1997.0,A01,138Â 196Â 058,1.0,5.0,-1.0,1736130,1.0,7,,0.0,2.0,2.0,A01,138Â 196Â 058,1.0
1017070,201900058601,6,7,15:50,1,2,1,8.0,6.0,94017,BOILEAU (AV),M,"48,8032600","2,5504100",94,2019,30.0,1.0,1.0,4.0,2274625,10.0,3,4,1,5.0,,2.0,5,2004.0,A01,138Â 196Â 056,8.0,0.0,-1.0,1736131,2.0,7,,0.0,1.0,1.0,A01,138Â 196Â 056,1.0
1017070,201900058601,6,7,15:50,1,2,1,8.0,6.0,94017,BOILEAU (AV),M,"48,8032600","2,5504100",94,2019,30.0,1.0,1.0,4.0,2274626,1.0,1,1,1,0.0,,0.0,0,1969.0,A01,138Â 196Â 056,1.0,0.0,-1.0,1736131,2.0,7,,0.0,1.0,1.0,A01,138Â 196Â 056,1.0
1017071,201900058602,6,6,18:15,1,2,1,1.0,6.0,94017,MAURICE THOREZ (AV),M,"48,8146300","2,5377800",94,2019,30.0,1.0,1.0,3.0,2274627,1.0,1,1,1,0.0,,-1.0,0,1996.0,A01,138Â 196Â 055,1.0,0.0,-1.0,1736132,1.0,7,,0.0,1.0,1.0,A01,138Â 196Â 055,1.0
1017071,201900058602,6,6,18:15,1,2,1,1.0,6.0,94017,MAURICE THOREZ (AV),M,"48,8146300","2,5377800",94,2019,30.0,1.0,1.0,3.0,2274628,10.0,3,4,1,9.0,,2.0,3,1977.0,A01,138Â 196Â 055,8.0,0.0,-1.0,1736132,1.0,7,,0.0,1.0,1.0,A01,138Â 196Â 055,1.0
1017072,201900058603,6,19,07:40,1,2,1,1.0,3.0,94004,PARIS (R DE),M,"48,7532300","2,5075800",94,2019,50.0,1.0,1.0,4.0,2274629,1.0,1,1,1,1.0,,-1.0, -1,1975.0,A01,138Â 196Â 053,1.0,8.0,-1.0,1736133,2.0,7,,0.0,9.0,8.0,A01,138Â 196Â 053,1.0
1017072,201900058603,6,19,07:40,1,2,1,1.0,3.0,94004,PARIS (R DE),M,"48,7532300","2,5075800",94,2019,50.0,1.0,1.0,4.0,2274629,1.0,1,1,1,1.0,,-1.0, -1,1975.0,A01,138Â 196Â 053,1.0,8.0,-1.0,1736134,2.0,1,,0.0,2.0,1.0,B01,138Â 196Â 054,0.0
1017072,201900058603,6,19,07:40,1,2,1,1.0,3.0,94004,PARIS (R DE),M,"48,7532300","2,5075800",94,2019,50.0,1.0,1.0,4.0,2274630,1.0,1,4,1,0.0,,-1.0, -1,1997.0,B01,138Â 196Â 054,2.0,0.0,-1.0,1736133,2.0,7,,0.0,9.0,8.0,A01,138Â 196Â 053,1.0
1017072,201900058603,6,19,07:40,1,2,1,1.0,3.0,94004,PARIS (R DE),M,"48,7532300","2,5075800",94,2019,50.0,1.0,1.0,4.0,2274630,1.0,1,4,1,0.0,,-1.0, -1,1997.0,B01,138Â 196Â 054,2.0,0.0,-1.0,1736134,2.0,1,,0.0,2.0,1.0,B01,138Â 196Â 054,0.0
1017073,201900058604,6,14,09:05,1,2,2,1.0,5.0,94048,NATIONALE 19,M,"48,7275355","2,5397641",94,2019,50.0,1.0,1.0,2.0,2274631,1.0,1,4,1,1.0,,-1.0,0,1991.0,C01,138Â 196Â 050,2.0,6.0,-1.0,1736135,3.0,34,,15.0,0.0,4.0,C01,138Â 196Â 050,1.0
1017073,201900058604,6,14,09:05,1,2,2,1.0,5.0,94048,NATIONALE 19,M,"48,7275355","2,5397641",94,2019,50.0,1.0,1.0,2.0,2274631,1.0,1,4,1,1.0,,-1.0,0,1991.0,C01,138Â 196Â 050,2.0,6.0,-1.0,1736136,3.0,7,,0.0,2.0,5.0,B01,138Â 196Â 051,1.0
1017073,201900058604,6,14,09:05,1,2,2,1.0,5.0,94048,NATIONALE 19,M,"48,7275355","2,5397641",94,2019,50.0,1.0,1.0,2.0,2274631,1.0,1,4,1,1.0,,-1.0,0,1991.0,C01,138Â 196Â 050,2.0,6.0,-1.0,1736137,3.0,7,,0.0,2.0,1.0,A01,138Â 196Â 052,1.0
1017073,201900058604,6,14,09:05,1,2,2,1.0,5.0,94048,NATIONALE 19,M,"48,7275355","2,5397641",94,2019,50.0,1.0,1.0,2.0,2274632,1.0,1,1,1,1.0,,-1.0,0,1982.0,B01,138Â 196Â 051,1.0,0.0,-1.0,1736135,3.0,34,,15.0,0.0,4.0,C01,138Â 196Â 050,1.0
1017073,201900058604,6,14,09:05,1,2,2,1.0,5.0,94048,NATIONALE 19,M,"48,7275355","2,5397641",94,2019,50.0,1.0,1.0,2.0,2274632,1.0,1,1,1,1.0,,-1.0,0,1982.0,B01,138Â 196Â 051,1.0,0.0,-1.0,1736136,3.0,7,,0.0,2.0,5.0,B01,138Â 196Â 051,1.0
1017073,201900058604,6,14,09:05,1,2,2,1.0,5.0,94048,NATIONALE 19,M,"48,7275355","2,5397641",94,2019,50.0,1.0,1.0,2.0,2274632,1.0,1,1,1,1.0,,-1.0,0,1982.0,B01,138Â 196Â 051,1.0,0.0,-1.0,1736137,3.0,7,,0.0,2.0,1.0,A01,138Â 196Â 052,1.0
1017073,201900058604,6,14,09:05,1,2,2,1.0,5.0,94048,NATIONALE 19,M,"48,7275355","2,5397641",94,2019,50.0,1.0,1.0,2.0,2274633,1.0,1,1,2,5.0,,-1.0,0,1983.0,A01,138Â 196Â 052,1.0,0.0,-1.0,1736135,3.0,34,,15.0,0.0,4.0,C01,138Â 196Â 050,1.0
1017073,201900058604,6,14,09:05,1,2,2,1.0,5.0,94048,NATIONALE 19,M,"48,7275355","2,5397641",94,2019,50.0,1.0,1.0,2.0,2274633,1.0,1,1,2,5.0,,-1.0,0,1983.0,A01,138Â 196Â 052,1.0,0.0,-1.0,1736136,3.0,7,,0.0,2.0,5.0,B01,138Â 196Â 051,1.0
1017073,201900058604,6,14,09:05,1,2,2,1.0,5.0,94048,NATIONALE 19,M,"48,7275355","2,5397641",94,2019,50.0,1.0,1.0,2.0,2274633,1.0,1,1,2,5.0,,-1.0,0,1983.0,A01,138Â 196Â 052,1.0,0.0,-1.0,1736137,3.0,7,,0.0,2.0,1.0,A01,138Â 196Â 052,1.0
1017074,201900058605,6,12,22:50,5,2,1,1.0,2.0,94044,GABRIEL PERI (AV),M,"48,7518600","2,4863000",94,2019,50.0,1.0,2.0,3.0,2274634,1.0,1,1,1,0.0,,-1.0, -1,1979.0,A01,138Â 196Â 048,8.0,0.0,-1.0,1736138,3.0,7,,0.0,2.0,4.0,A01,138Â 196Â 048,1.0
1017074,201900058605,6,12,22:50,5,2,1,1.0,2.0,94044,GABRIEL PERI (AV),M,"48,7518600","2,4863000",94,2019,50.0,1.0,2.0,3.0,2274634,1.0,1,1,1,0.0,,-1.0, -1,1979.0,A01,138Â 196Â 048,8.0,0.0,-1.0,1736139,3.0,2,,0.0,2.0,1.0,B01,138Â 196Â 049,1.0
1017074,201900058605,6,12,22:50,5,2,1,1.0,2.0,94044,GABRIEL PERI (AV),M,"48,7518600","2,4863000",94,2019,50.0,1.0,2.0,3.0,2274635,1.0,1,4,1,0.0,,-1.0, -1,1991.0,B01,138Â 196Â 049,2.0,8.0,-1.0,1736138,3.0,7,,0.0,2.0,4.0,A01,138Â 196Â 048,1.0
1017074,201900058605,6,12,22:50,5,2,1,1.0,2.0,94044,GABRIEL PERI (AV),M,"48,7518600","2,4863000",94,2019,50.0,1.0,2.0,3.0,2274635,1.0,1,4,1,0.0,,-1.0, -1,1991.0,B01,138Â 196Â 049,2.0,8.0,-1.0,1736139,3.0,2,,0.0,2.0,1.0,B01,138Â 196Â 049,1.0
1017075,201900058606,6,13,09:00,1,2,1,1.0,3.0,94004,GENERAL LECLERC (AV DU),M,"48,7493700","2,5084300",94,2019,50.0,1.0,1.0,2.0,2274636,1.0,1,1,1,5.0,,-1.0,0,1969.0,A01,138Â 196Â 046,1.0,8.0,-1.0,1736140,2.0,7,,0.0,2.0,3.0,A01,138Â 196Â 046,1.0
1017075,201900058606,6,13,09:00,1,2,1,1.0,3.0,94004,GENERAL LECLERC (AV DU),M,"48,7493700","2,5084300",94,2019,50.0,1.0,1.0,2.0,2274636,1.0,1,1,1,5.0,,-1.0,0,1969.0,A01,138Â 196Â 046,1.0,8.0,-1.0,1736141,2.0,34,,0.0,2.0,7.0,B01,138Â 196Â 047,1.0
1017075,201900058606,6,13,09:00,1,2,1,1.0,3.0,94004,GENERAL LECLERC (AV DU),M,"48,7493700","2,5084300",94,2019,50.0,1.0,1.0,2.0,2274637,1.0,1,4,1,5.0,,-1.0,0,1969.0,B01,138Â 196Â 047,2.0,8.0,-1.0,1736140,2.0,7,,0.0,2.0,3.0,A01,138Â 196Â 046,1.0
1017075,201900058606,6,13,09:00,1,2,1,1.0,3.0,94004,GENERAL LECLERC (AV DU),M,"48,7493700","2,5084300",94,2019,50.0,1.0,1.0,2.0,2274637,1.0,1,4,1,5.0,,-1.0,0,1969.0,B01,138Â 196Â 047,2.0,8.0,-1.0,1736141,2.0,34,,0.0,2.0,7.0,B01,138Â 196Â 047,1.0
1017076,201900058607,6,5,23:00,5,2,1,2.0,6.0,94071,FOSSE ROUGE (R DE LA),M,"48,7753400","2,5238800",94,2019,50.0,1.0,2.0,4.0,2274638,10.0,3,4,2,0.0,,1.0,3,1991.0,A01,138Â 196Â 045,8.0,0.0,-1.0,1736142,2.0,0,,0.0,1.0,1.0,A01,138Â 196Â 045,0.0
1017077,201900058608,6,11,15:25,1,2,9,1.0,2.0,94075,MARECHAL DE LATTRE DE TASSIGNY (AV),M,"48,7310440","2,5242330",94,2019,50.0,1.0,1.0,2.0,2274639,1.0,1,4,2,5.0,,-1.0, -1,1946.0,B01,138Â 196Â 043,1.0,0.0,-1.0,1736143,3.0,7,,0.0,2.0,4.0,B01,138Â 196Â 043,1.0
1017077,201900058608,6,11,15:25,1,2,9,1.0,2.0,94075,MARECHAL DE LATTRE DE TASSIGNY (AV),M,"48,7310440","2,5242330",94,2019,50.0,1.0,1.0,2.0,2274639,1.0,1,4,2,5.0,,-1.0, -1,1946.0,B01,138Â 196Â 043,1.0,0.0,-1.0,1736144,3.0,7,,0.0,2.0,1.0,A01,138Â 196Â 044,1.0
1017077,201900058608,6,11,15:25,1,2,9,1.0,2.0,94075,MARECHAL DE LATTRE DE TASSIGNY (AV),M,"48,7310440","2,5242330",94,2019,50.0,1.0,1.0,2.0,2274640,1.0,1,1,1,5.0,,-1.0, -1,1932.0,A01,138Â 196Â 044,1.0,0.0,-1.0,1736143,3.0,7,,0.0,2.0,4.0,B01,138Â 196Â 043,1.0
1017077,201900058608,6,11,15:25,1,2,9,1.0,2.0,94075,MARECHAL DE LATTRE DE TASSIGNY (AV),M,"48,7310440","2,5242330",94,2019,50.0,1.0,1.0,2.0,2274640,1.0,1,1,1,5.0,,-1.0, -1,1932.0,A01,138Â 196Â 044,1.0,0.0,-1.0,1736144,3.0,7,,0.0,2.0,1.0,A01,138Â 196Â 044,1.0
1017078,201900058609,6,11,01:50,3,2,1,1.0,2.0,94004,FFI (ALL DES),M,"48,7563202","2,5073315",94,2019,50.0,2.0,1.0,3.0,2274641,1.0,1,1,1,0.0,,-1.0, -1,1978.0,B01,138Â 196Â 041,1.0,0.0,-1.0,1736145,3.0,15,,0.0,2.0,4.0,B01,138Â 196Â 041,1.0
1017078,201900058609,6,11,01:50,3,2,1,1.0,2.0,94004,FFI (ALL DES),M,"48,7563202","2,5073315",94,2019,50.0,2.0,1.0,3.0,2274641,1.0,1,1,1,0.0,,-1.0, -1,1978.0,B01,138Â 196Â 041,1.0,0.0,-1.0,1736146,3.0,7,,4.0,2.0,1.0,A01,138Â 196Â 042,1.0
1017078,201900058609,6,11,01:50,3,2,1,1.0,2.0,94004,FFI (ALL DES),M,"48,7563202","2,5073315",94,2019,50.0,2.0,1.0,3.0,2274642,2.0,2,4,2,0.0,,0.0,0,1995.0,A01,138Â 196Â 042,1.0,0.0,-1.0,1736145,3.0,15,,0.0,2.0,4.0,B01,138Â 196Â 041,1.0
1017078,201900058609,6,11,01:50,3,2,1,1.0,2.0,94004,FFI (ALL DES),M,"48,7563202","2,5073315",94,2019,50.0,2.0,1.0,3.0,2274642,2.0,2,4,2,0.0,,0.0,0,1995.0,A01,138Â 196Â 042,1.0,0.0,-1.0,1736146,3.0,7,,4.0,2.0,1.0,A01,138Â 196Â 042,1.0
1017079,201900058610,6,8,20:50,1,2,3,1.0,3.0,94075,BRUNOY (R DE),M,"48,7126200","2,5281100",94,2019,50.0,1.0,1.0,4.0,2274643,1.0,1,1,1,5.0,,-1.0, -1,1985.0,B01,138Â 196Â 039,1.0,0.0,-1.0,1736147,1.0,7,,0.0,2.0,3.0,B01,138Â 196Â 039,1.0
1017079,201900058610,6,8,20:50,1,2,3,1.0,3.0,94075,BRUNOY (R DE),M,"48,7126200","2,5281100",94,2019,50.0,1.0,1.0,4.0,2274643,1.0,1,1,1,5.0,,-1.0, -1,1985.0,B01,138Â 196Â 039,1.0,0.0,-1.0,1736148,1.0,2,,0.0,2.0,1.0,A01,138Â 196Â 040,1.0