Unnamed: 0_x,num_acc,mois,jour,hrmn,lum,agg,int,atm,col,com,adr,gps,lat,long,dep,annee,vma,situ,surf,catr,Unnamed: 0_y,place,catu,grav,sexe,trajet,secu,locp,actp,an_nais,num_veh_x,id_vehicule_x,secu1,secu2,secu3,Unnamed: 0,senc,catv,occutc,obs,obsm,choc,num_veh_y,id_vehicule_y,motor
1017079,201900058610,6,8,20:50,1,2,3,1.0,3.0,94075,BRUNOY (R DE),M,"48,7126200","2,5281100",94,2019,50.0,1.0,1.0,4.0,2274644,1.0,1,4,1,5.0,,-1.0, -1,2001.0,A01,138Â 196Â 040,2.0,0.0,-1.0,1736147,1.0,7,,0.0,2.0,3.0,B01,138Â 196Â 039,1.0
1017079,201900058610,6,8,20:50,1,2,3,1.0,3.0,94075,BRUNOY (R DE),M,"48,7126200","2,5281100",94,2019,50.0,1.0,1.0,4.0,2274644,1.0,1,4,1,5.0,,-1.0, -1,2001.0,A01,138Â 196Â 040,2.0,0.0,-1.0,1736148,1.0,2,,0.0,2.0,1.0,A01,138Â 196Â 040,1.0
1017080,201900058611,6,3,16:30,1,2,9,9.0,6.0,94071,QUEUE EN BRIE (RTE DE LA),M,"48,7604000","2,5320200",94,2019,30.0,2.0,2.0,4.0,2274645,1.0,1,4,1,0.0,,-1.0,0,1971.0,A01,138Â 196Â 038,1.0,0.0,-1.0,1736149,2.0,7,,9.0,0.0,1.0,A01,138Â 196Â 038,1.0
1017081,201900058612,6,2,16:40,1,2,1,1.0,5.0,94004,GENERAL LECLERC (AV DU),M,"48,7526260","2,5065720",94,2019,50.0,1.0,1.0,2.0,2274646,1.0,1,1,2,5.0,,-1.0, -1,1951.0,C01,138Â 196Â 035,1.0,8.0,-1.0,1736150,1.0,7,,0.0,2.0,4.0,C01,138Â 196Â 035,1.0
1017081,201900058612,6,2,16:40,1,2,1,1.0,5.0,94004,GENERAL LECLERC (AV DU),M,"48,7526260","2,5065720",94,2019,50.0,1.0,1.0,2.0,2274646,1.0,1,1,2,5.0,,-1.0, -1,1951.0,C01,138Â 196Â 035,1.0,8.0,-1.0,1736151,2.0,7,,0.0,2.0,9.0,B01,138Â 196Â 036,1.0
1017081,201900058612,6,2,16:40,1,2,1,1.0,5.0,94004,GENERAL LECLERC (AV DU),M,"48,7526260","2,5065720",94,2019,50.0,1.0,1.0,2.0,2274646,1.0,1,1,2,5.0,,-1.0, -1,1951.0,C01,138Â 196Â 035,1.0,8.0,-1.0,1736152,2.0,37,2.0,0.0,2.0,2.0,A01,138Â 196Â 037,1.0
1017081,201900058612,6,2,16:40,1,2,1,1.0,5.0,94004,GENERAL LECLERC (AV DU),M,"48,7526260","2,5065720",94,2019,50.0,1.0,1.0,2.0,2274647,1.0,1,4,1,5.0,,-1.0, -1,1954.0,B01,138Â 196Â 036,1.0,8.0,-1.0,1736150,1.0,7,,0.0,2.0,4.0,C01,138Â 196Â 035,1.0
1017081,201900058612,6,2,16:40,1,2,1,1.0,5.0,94004,GENERAL LECLERC (AV DU),M,"48,7526260","2,5065720",94,2019,50.0,1.0,1.0,2.0,2274647,1.0,1,4,1,5.0,,-1.0, -1,1954.0,B01,138Â 196Â 036,1.0,8.0,-1.0,1736151,2.0,7,,0.0,2.0,9.0,B01,138Â 196Â 036,1.0
1017081,201900058612,6,2,16:40,1,2,1,1.0,5.0,94004,GENERAL LECLERC (AV DU),M,"48,7526260","2,5065720",94,2019,50.0,1.0,1.0,2.0,2274647,1.0,1,4,1,5.0,,-1.0, -1,1954.0,B01,138Â 196Â 036,1.0,8.0,-1.0,1736152,2.0,37,2.0,0.0,2.0,2.0,A01,138Â 196Â 037,1.0
1017081,201900058612,6,2,16:40,1,2,1,1.0,5.0,94004,GENERAL LECLERC (AV DU),M,"48,7526260","2,5065720",94,2019,50.0,1.0,1.0,2.0,2274648,1.0,1,1,1,4.0,,-1.0, -1,1981.0,A01,138Â 196Â 037,8.0,8.0,-1.0,1736150,1.0,7,,0.0,2.0,4.0,C01,138Â 196Â 035,1.0
1017081,201900058612,6,2,16:40,1,2,1,1.0,5.0,94004,GENERAL LECLERC (AV DU),M,"48,7526260","2,5065720",94,2019,50.0,1.0,1.0,2.0,2274648,1.0,1,1,1,4.0,,-1.0, -1,1981.0,A01,138Â 196Â 037,8.0,8.0,-1.0,1736151,2.0,7,,0.0,2.0,9.0,B01,138Â 196Â 036,1.0
1017081,201900058612,6,2,16:40,1,2,1,1.0,5.0,94004,GENERAL LECLERC (AV DU),M,"48,7526260","2,5065720",94,2019,50.0,1.0,1.0,2.0,2274648,1.0,1,1,1,4.0,,-1.0, -1,1981.0,A01,138Â 196Â 037,8.0,8.0,-1.0,1736152,2.0,37,2.0,0.0,2.0,2.0,A01,138Â 196Â 037,1.0
1017081,201900058612,6,2,16:40,1,2,1,1.0,5.0,94004,GENERAL LECLERC (AV DU),M,"48,7526260","2,5065720",94,2019,50.0,1.0,1.0,2.0,2274649,3.0,2,4,1,5.0,,-1.0, -1,1987.0,A01,138Â 196Â 037,8.0,0.0,-1.0,1736150,1.0,7,,0.0,2.0,4.0,C01,138Â 196Â 035,1.0
1017081,201900058612,6,2,16:40,1,2,1,1.0,5.0,94004,GENERAL LECLERC (AV DU),M,"48,7526260","2,5065720",94,2019,50.0,1.0,1.0,2.0,2274649,3.0,2,4,1,5.0,,-1.0, -1,1987.0,A01,138Â 196Â 037,8.0,0.0,-1.0,1736151,2.0,7,,0.0,2.0,9.0,B01,138Â 196Â 036,1.0
1017081,201900058612,6,2,16:40,1,2,1,1.0,5.0,94004,GENERAL LECLERC (AV DU),M,"48,7526260","2,5065720",94,2019,50.0,1.0,1.0,2.0,2274649,3.0,2,4,1,5.0,,-1.0, -1,1987.0,A01,138Â 196Â 037,8.0,0.0,-1.0,1736152,2.0,37,2.0,0.0,2.0,2.0,A01,138Â 196Â 037,1.0
1017082,201900058613,6,6,08:45,1,2,3,1.0,3.0,94002,EMILE ZOLA (R),M,"48,7900000","2,4000000",94,2019,50.0,1.0,1.0,3.0,2274650,1.0,1,4,1,0.0,,-1.0, -1,1945.0,A01,138Â 196Â 033,2.0,0.0,-1.0,1736153,2.0,33,,0.0,2.0,1.0,A01,138Â 196Â 033,1.0
1017082,201900058613,6,6,08:45,1,2,3,1.0,3.0,94002,EMILE ZOLA (R),M,"48,7900000","2,4000000",94,2019,50.0,1.0,1.0,3.0,2274650,1.0,1,4,1,0.0,,-1.0, -1,1945.0,A01,138Â 196Â 033,2.0,0.0,-1.0,1736154,2.0,7,,0.0,2.0,3.0,B01,138Â 196Â 034,1.0
1017082,201900058613,6,6,08:45,1,2,3,1.0,3.0,94002,EMILE ZOLA (R),M,"48,7900000","2,4000000",94,2019,50.0,1.0,1.0,3.0,2274651,1.0,1,1,1,5.0,,-1.0, -1,1945.0,B01,138Â 196Â 034,1.0,0.0,-1.0,1736153,2.0,33,,0.0,2.0,1.0,A01,138Â 196Â 033,1.0
1017082,201900058613,6,6,08:45,1,2,3,1.0,3.0,94002,EMILE ZOLA (R),M,"48,7900000","2,4000000",94,2019,50.0,1.0,1.0,3.0,2274651,1.0,1,1,1,5.0,,-1.0, -1,1945.0,B01,138Â 196Â 034,1.0,0.0,-1.0,1736154,2.0,7,,0.0,2.0,3.0,B01,138Â 196Â 034,1.0
1017083,201900058614,6,4,18:30,1,2,1,3.0,7.0,94028,DIGUE D'ALFORTVILLE.,M,"48,7831000","2,4320000",94,2019,50.0,1.0,2.0,3.0,2274652,1.0,1,3,1,5.0,,-1.0,0,1991.0,A01,138Â 196Â 030,2.0,6.0,-1.0,1736155,1.0,33,,1.0,0.0,1.0,A01,138Â 196Â 030,1.0
1017084,201900058615,12,1,14:15,1,2,3,1.0,3.0,92050,ARAGO FRANCOIS AVENUE,M,"48,9012176","2,2252744",92,2019,50.0,1.0,2.0,3.0,2274653,1.0,1,4,1,1.0,,-1.0,0,1994.0,A01,138Â 196Â 031,8.0,0.0,-1.0,1736156,2.0,1,,0.0,2.0,8.0,A01,138Â 196Â 031,5.0
1017084,201900058615,12,1,14:15,1,2,3,1.0,3.0,92050,ARAGO FRANCOIS AVENUE,M,"48,9012176","2,2252744",92,2019,50.0,1.0,2.0,3.0,2274653,1.0,1,4,1,1.0,,-1.0,0,1994.0,A01,138Â 196Â 031,8.0,0.0,-1.0,1736157,2.0,7,,0.0,2.0,7.0,B01,138Â 196Â 032,1.0
1017084,201900058615,12,1,14:15,1,2,3,1.0,3.0,92050,ARAGO FRANCOIS AVENUE,M,"48,9012176","2,2252744",92,2019,50.0,1.0,2.0,3.0,2274654,1.0,1,1,1,1.0,,-1.0,0,1996.0,B01,138Â 196Â 032,1.0,0.0,-1.0,1736156,2.0,1,,0.0,2.0,8.0,A01,138Â 196Â 031,5.0
1017084,201900058615,12,1,14:15,1,2,3,1.0,3.0,92050,ARAGO FRANCOIS AVENUE,M,"48,9012176","2,2252744",92,2019,50.0,1.0,2.0,3.0,2274654,1.0,1,1,1,1.0,,-1.0,0,1996.0,B01,138Â 196Â 032,1.0,0.0,-1.0,1736157,2.0,7,,0.0,2.0,7.0,B01,138Â 196Â 032,1.0
1017085,201900058616,6,3,21:10,2,2,3,1.0,2.0,94002,REVOLUTION (QU DE LA),M,"48,7820600","2,4197800",94,2019,50.0,1.0,1.0,3.0,2274655,1.0,1,1,1,1.0,,-1.0, -1,1974.0,B01,138Â 196Â 028,1.0,8.0,-1.0,1736158,1.0,7,,0.0,2.0,5.0,B01,138Â 196Â 028,1.0
1017085,201900058616,6,3,21:10,2,2,3,1.0,2.0,94002,REVOLUTION (QU DE LA),M,"48,7820600","2,4197800",94,2019,50.0,1.0,1.0,3.0,2274655,1.0,1,1,1,1.0,,-1.0, -1,1974.0,B01,138Â 196Â 028,1.0,8.0,-1.0,1736159,1.0,32,,0.0,2.0,1.0,A01,138Â 196Â 029,1.0
1017085,201900058616,6,3,21:10,2,2,3,1.0,2.0,94002,REVOLUTION (QU DE LA),M,"48,7820600","2,4197800",94,2019,50.0,1.0,1.0,3.0,2274656,1.0,1,4,1,5.0,,-1.0, -1,1990.0,A01,138Â 196Â 029,2.0,8.0,-1.0,1736158,1.0,7,,0.0,2.0,5.0,B01,138Â 196Â 028,1.0
1017085,201900058616,6,3,21:10,2,2,3,1.0,2.0,94002,REVOLUTION (QU DE LA),M,"48,7820600","2,4197800",94,2019,50.0,1.0,1.0,3.0,2274656,1.0,1,4,1,5.0,,-1.0, -1,1990.0,A01,138Â 196Â 029,2.0,8.0,-1.0,1736159,1.0,32,,0.0,2.0,1.0,A01,138Â 196Â 029,1.0
1017086,201900058617,12,1,22:10,5,2,1,1.0,5.0,01333,685 Route de Bourg En Bresse,M,"45,9307920","4,9574010",1,2019,80.0,1.0,1.0,3.0,2274657,9.0,2,1,1,5.0,,0.0,0,2016.0,C01,138Â 196Â 025,1.0,-1.0,-1.0,1736160,1.0,7,,0.0,2.0,1.0,C01,138Â 196Â 025,1.0
1017086,201900058617,12,1,22:10,5,2,1,1.0,5.0,01333,685 Route de Bourg En Bresse,M,"45,9307920","4,9574010",1,2019,80.0,1.0,1.0,3.0,2274657,9.0,2,1,1,5.0,,0.0,0,2016.0,C01,138Â 196Â 025,1.0,-1.0,-1.0,1736161,2.0,7,,0.0,2.0,4.0,B01,138Â 196Â 026,1.0
1017086,201900058617,12,1,22:10,5,2,1,1.0,5.0,01333,685 Route de Bourg En Bresse,M,"45,9307920","4,9574010",1,2019,80.0,1.0,1.0,3.0,2274657,9.0,2,1,1,5.0,,0.0,0,2016.0,C01,138Â 196Â 025,1.0,-1.0,-1.0,1736162,2.0,7,,0.0,2.0,1.0,A01,138Â 196Â 027,1.0
1017086,201900058617,12,1,22:10,5,2,1,1.0,5.0,01333,685 Route de Bourg En Bresse,M,"45,9307920","4,9574010",1,2019,80.0,1.0,1.0,3.0,2274658,7.0,2,1,2,5.0,,0.0,0,2016.0,C01,138Â 196Â 025,1.0,-1.0,-1.0,1736160,1.0,7,,0.0,2.0,1.0,C01,138Â 196Â 025,1.0
1017086,201900058617,12,1,22:10,5,2,1,1.0,5.0,01333,685 Route de Bourg En Bresse,M,"45,9307920","4,9574010",1,2019,80.0,1.0,1.0,3.0,2274658,7.0,2,1,2,5.0,,0.0,0,2016.0,C01,138Â 196Â 025,1.0,-1.0,-1.0,1736161,2.0,7,,0.0,2.0,4.0,B01,138Â 196Â 026,1.0
1017086,201900058617,12,1,22:10,5,2,1,1.0,5.0,01333,685 Route de Bourg En Bresse,M,"45,9307920","4,9574010",1,2019,80.0,1.0,1.0,3.0,2274658,7.0,2,1,2,5.0,,0.0,0,2016.0,C01,138Â 196Â 025,1.0,-1.0,-1.0,1736162,2.0,7,,0.0,2.0,1.0,A01,138Â 196Â 027,1.0
1017086,201900058617,12,1,22:10,5,2,1,1.0,5.0,01333,685 Route de Bourg En Bresse,M,"45,9307920","4,9574010",1,2019,80.0,1.0,1.0,3.0,2274659,2.0,2,4,2,5.0,,0.0,0,1986.0,C01,138Â 196Â 025,1.0,-1.0,-1.0,1736160,1.0,7,,0.0,2.0,1.0,C01,138Â 196Â 025,1.0
1017086,201900058617,12,1,22:10,5,2,1,1.0,5.0,01333,685 Route de Bourg En Bresse,M,"45,9307920","4,9574010",1,2019,80.0,1.0,1.0,3.0,2274659,2.0,2,4,2,5.0,,0.0,0,1986.0,C01,138Â 196Â 025,1.0,-1.0,-1.0,1736161,2.0,7,,0.0,2.0,4.0,B01,138Â 196Â 026,1.0
1017086,201900058617,12,1,22:10,5,2,1,1.0,5.0,01333,685 Route de Bourg En Bresse,M,"45,9307920","4,9574010",1,2019,80.0,1.0,1.0,3.0,2274659,2.0,2,4,2,5.0,,0.0,0,1986.0,C01,138Â 196Â 025,1.0,-1.0,-1.0,1736162,2.0,7,,0.0,2.0,1.0,A01,138Â 196Â 027,1.0
1017086,201900058617,12,1,22:10,5,2,1,1.0,5.0,01333,685 Route de Bourg En Bresse,M,"45,9307920","4,9574010",1,2019,80.0,1.0,1.0,3.0,2274660,1.0,1,4,1,5.0,,0.0,0,1983.0,C01,138Â 196Â 025,1.0,-1.0,-1.0,1736160,1.0,7,,0.0,2.0,1.0,C01,138Â 196Â 025,1.0
1017086,201900058617,12,1,22:10,5,2,1,1.0,5.0,01333,685 Route de Bourg En Bresse,M,"45,9307920","4,9574010",1,2019,80.0,1.0,1.0,3.0,2274660,1.0,1,4,1,5.0,,0.0,0,1983.0,C01,138Â 196Â 025,1.0,-1.0,-1.0,1736161,2.0,7,,0.0,2.0,4.0,B01,138Â 196Â 026,1.0
1017086,201900058617,12,1,22:10,5,2,1,1.0,5.0,01333,685 Route de Bourg En Bresse,M,"45,9307920","4,9574010",1,2019,80.0,1.0,1.0,3.0,2274660,1.0,1,4,1,5.0,,0.0,0,1983.0,C01,138Â 196Â 025,1.0,-1.0,-1.0,1736162,2.0,7,,0.0,2.0,1.0,A01,138Â 196Â 027,1.0
1017086,201900058617,12,1,22:10,5,2,1,1.0,5.0,01333,685 Route de Bourg En Bresse,M,"45,9307920","4,9574010",1,2019,80.0,1.0,1.0,3.0,2274661,1.0,1,4,1,5.0,,0.0,0,1986.0,B01,138Â 196Â 026,8.0,-1.0,-1.0,1736160,1.0,7,,0.0,2.0,1.0,C01,138Â 196Â 025,1.0
1017086,201900058617,12,1,22:10,5,2,1,1.0,5.0,01333,685 Route de Bourg En Bresse,M,"45,9307920","4,9574010",1,2019,80.0,1.0,1.0,3.0,2274661,1.0,1,4,1,5.0,,0.0,0,1986.0,B01,138Â 196Â 026,8.0,-1.0,-1.0,1736161,2.0,7,,0.0,2.0,4.0,B01,138Â 196Â 026,1.0
1017086,201900058617,12,1,22:10,5,2,1,1.0,5.0,01333,685 Route de Bourg En Bresse,M,"45,9307920","4,9574010",1,2019,80.0,1.0,1.0,3.0,2274661,1.0,1,4,1,5.0,,0.0,0,1986.0,B01,138Â 196Â 026,8.0,-1.0,-1.0,1736162,2.0,7,,0.0,2.0,1.0,A01,138Â 196Â 027,1.0
1017086,201900058617,12,1,22:10,5,2,1,1.0,5.0,01333,685 Route de Bourg En Bresse,M,"45,9307920","4,9574010",1,2019,80.0,1.0,1.0,3.0,2274662,1.0,1,4,1,4.0,,0.0,0,1971.0,A01,138Â 196Â 027,1.0,-1.0,-1.0,1736160,1.0,7,,0.0,2.0,1.0,C01,138Â 196Â 025,1.0
1017086,201900058617,12,1,22:10,5,2,1,1.0,5.0,01333,685 Route de Bourg En Bresse,M,"45,9307920","4,9574010",1,2019,80.0,1.0,1.0,3.0,2274662,1.0,1,4,1,4.0,,0.0,0,1971.0,A01,138Â 196Â 027,1.0,-1.0,-1.0,1736161,2.0,7,,0.0,2.0,4.0,B01,138Â 196Â 026,1.0
1017086,201900058617,12,1,22:10,5,2,1,1.0,5.0,01333,685 Route de Bourg En Bresse,M,"45,9307920","4,9574010",1,2019,80.0,1.0,1.0,3.0,2274662,1.0,1,4,1,4.0,,0.0,0,1971.0,A01,138Â 196Â 027,1.0,-1.0,-1.0,1736162,2.0,7,,0.0,2.0,1.0,A01,138Â 196Â 027,1.0
1017087,201900058618,6,18,18:48,1,2,6,1.0,3.0,93073,RESISTANCE (RUE DE LA),M,"48,9477000","2,5663100",93,2019,50.0,1.0,1.0,3.0,2274663,1.0,1,4,1,5.0,,-1.0, -1,1986.0,B01,138Â 196Â 023,2.0,0.0,-1.0,1736163,1.0,33,,0.0,2.0,3.0,B01,138Â 196Â 023,1.0
1017087,201900058618,6,18,18:48,1,2,6,1.0,3.0,93073,RESISTANCE (RUE DE LA),M,"48,9477000","2,5663100",93,2019,50.0,1.0,1.0,3.0,2274663,1.0,1,4,1,5.0,,-1.0, -1,1986.0,B01,138Â 196Â 023,2.0,0.0,-1.0,1736164,1.0,7,,0.0,2.0,2.0,A01,138Â 196Â 024,1.0
1017087,201900058618,6,18,18:48,1,2,6,1.0,3.0,93073,RESISTANCE (RUE DE LA),M,"48,9477000","2,5663100",93,2019,50.0,1.0,1.0,3.0,2274664,2.0,2,4,1,5.0,,-1.0, -1,1991.0,B01,138Â 196Â 023,2.0,0.0,-1.0,1736163,1.0,33,,0.0,2.0,3.0,B01,138Â 196Â 023,1.0
1017087,201900058618,6,18,18:48,1,2,6,1.0,3.0,93073,RESISTANCE (RUE DE LA),M,"48,9477000","2,5663100",93,2019,50.0,1.0,1.0,3.0,2274664,2.0,2,4,1,5.0,,-1.0, -1,1991.0,B01,138Â 196Â 023,2.0,0.0,-1.0,1736164,1.0,7,,0.0,2.0,2.0,A01,138Â 196Â 024,1.0
1017087,201900058618,6,18,18:48,1,2,6,1.0,3.0,93073,RESISTANCE (RUE DE LA),M,"48,9477000","2,5663100",93,2019,50.0,1.0,1.0,3.0,2274665,1.0,1,1,1,5.0,,-1.0, -1,1986.0,A01,138Â 196Â 024,1.0,0.0,-1.0,1736163,1.0,33,,0.0,2.0,3.0,B01,138Â 196Â 023,1.0
1017087,201900058618,6,18,18:48,1,2,6,1.0,3.0,93073,RESISTANCE (RUE DE LA),M,"48,9477000","2,5663100",93,2019,50.0,1.0,1.0,3.0,2274665,1.0,1,1,1,5.0,,-1.0, -1,1986.0,A01,138Â 196Â 024,1.0,0.0,-1.0,1736164,1.0,7,,0.0,2.0,2.0,A01,138Â 196Â 024,1.0
1017088,201900058619,6,18,17:45,1,2,1,1.0,6.0,93078,DAMBEL (AVENUE EMILE),M,"48,9525000","2,5502700",93,2019,50.0,1.0,1.0,4.0,2274666,1.0,1,1,1,5.0,,-1.0, -1,1995.0,A01,138Â 196Â 022,1.0,0.0,-1.0,1736165,2.0,7,,0.0,1.0,2.0,A01,138Â 196Â 022,1.0
1017088,201900058619,6,18,17:45,1,2,1,1.0,6.0,93078,DAMBEL (AVENUE EMILE),M,"48,9525000","2,5502700",93,2019,50.0,1.0,1.0,4.0,2274667,10.0,3,4,1,5.0,,2.0,3,2007.0,A01,138Â 196Â 022,8.0,0.0,-1.0,1736165,2.0,7,,0.0,1.0,2.0,A01,138Â 196Â 022,1.0
1017089,201900058620,12,2,05:00,3,1,1,1.0,6.0,45339,Lieu Dit la Merlerie,M,"47,9976280","2,5880970",45,2019,80.0,3.0,1.0,3.0,2274668,1.0,1,2,1,1.0,,0.0,0,1995.0,A01,138Â 196Â 021,1.0,-1.0,-1.0,1736166,2.0,7,,8.0,0.0,3.0,A01,138Â 196Â 021,1.0
1017090,201900058621,6,17,18:00,1,2,1,1.0,6.0,93078,DELACROIX (RUE EUGENE),M,"48,9503600","2,5520900",93,2019,30.0,1.0,1.0,4.0,2274669,1.0,1,1,1,5.0,,-1.0, -1,1942.0,A01,138Â 196Â 020,1.0,0.0,-1.0,1736167,3.0,3,,0.0,1.0,3.0,A01,138Â 196Â 020,1.0
1017090,201900058621,6,17,18:00,1,2,1,1.0,6.0,93078,DELACROIX (RUE EUGENE),M,"48,9503600","2,5520900",93,2019,30.0,1.0,1.0,4.0,2274670,10.0,3,4,1,5.0,,3.0,3,2008.0,A01,138Â 196Â 020,8.0,0.0,-1.0,1736167,3.0,3,,0.0,1.0,3.0,A01,138Â 196Â 020,1.0
1017091,201900058622,6,17,10:15,1,1,1,1.0,2.0,93073,CHAPIT RE ( RUE DU),M,"49,0038500","2,5667400",93,2019,50.0,1.0,1.0,5.0,2274671,1.0,1,4,1,0.0,,-1.0, -1,1972.0,B01,138Â 196Â 016,1.0,0.0,-1.0,1736168,3.0,7,,0.0,2.0,4.0,B01,138Â 196Â 016,0.0
1017091,201900058622,6,17,10:15,1,1,1,1.0,2.0,93073,CHAPIT RE ( RUE DU),M,"49,0038500","2,5667400",93,2019,50.0,1.0,1.0,5.0,2274671,1.0,1,4,1,0.0,,-1.0, -1,1972.0,B01,138Â 196Â 016,1.0,0.0,-1.0,1736169,3.0,7,,0.0,2.0,1.0,A01,138Â 196Â 017,0.0
1017091,201900058622,6,17,10:15,1,1,1,1.0,2.0,93073,CHAPIT RE ( RUE DU),M,"49,0038500","2,5667400",93,2019,50.0,1.0,1.0,5.0,2274672,1.0,1,1,1,0.0,,-1.0, -1,1955.0,A01,138Â 196Â 017,1.0,0.0,-1.0,1736168,3.0,7,,0.0,2.0,4.0,B01,138Â 196Â 016,0.0
1017091,201900058622,6,17,10:15,1,1,1,1.0,2.0,93073,CHAPIT RE ( RUE DU),M,"49,0038500","2,5667400",93,2019,50.0,1.0,1.0,5.0,2274672,1.0,1,1,1,0.0,,-1.0, -1,1955.0,A01,138Â 196Â 017,1.0,0.0,-1.0,1736169,3.0,7,,0.0,2.0,1.0,A01,138Â 196Â 017,0.0
1017092,201900058623,11,28,18:10,5,1,1,1.0,3.0,83054,La FarlÃ¨de (Embranchement d'autoroute),M,"43,1548100","6,0418370",83,2019,110.0,1.0,1.0,1.0,2274673,1.0,1,1,1,5.0,,0.0,0,1959.0,A01,138Â 196Â 018,1.0,-1.0,-1.0,1736170,1.0,7,,0.0,2.0,6.0,A01,138Â 196Â 018,1.0
1017092,201900058623,11,28,18:10,5,1,1,1.0,3.0,83054,La FarlÃ¨de (Embranchement d'autoroute),M,"43,1548100","6,0418370",83,2019,110.0,1.0,1.0,1.0,2274673,1.0,1,1,1,5.0,,0.0,0,1959.0,A01,138Â 196Â 018,1.0,-1.0,-1.0,1736171,1.0,34,,0.0,2.0,1.0,B01,138Â 196Â 019,1.0
1017092,201900058623,11,28,18:10,5,1,1,1.0,3.0,83054,La FarlÃ¨de (Embranchement d'autoroute),M,"43,1548100","6,0418370",83,2019,110.0,1.0,1.0,1.0,2274674,1.0,1,4,1,1.0,,0.0,0,1982.0,B01,138Â 196Â 019,2.0,6.0,-1.0,1736170,1.0,7,,0.0,2.0,6.0,A01,138Â 196Â 018,1.0
1017092,201900058623,11,28,18:10,5,1,1,1.0,3.0,83054,La FarlÃ¨de (Embranchement d'autoroute),M,"43,1548100","6,0418370",83,2019,110.0,1.0,1.0,1.0,2274674,1.0,1,4,1,1.0,,0.0,0,1982.0,B01,138Â 196Â 019,2.0,6.0,-1.0,1736171,1.0,34,,0.0,2.0,1.0,B01,138Â 196Â 019,1.0
1017093,201900058624,12,2,12:45,1,1,1,1.0,6.0,28326,D941,M,"48,2774160","1,2555560",28,2019,80.0,3.0,1.0,3.0,2274675,1.0,1,2,1,5.0,,0.0,0,1997.0,A01,138Â 196Â 013,2.0,6.0,-1.0,1736172,0.0,33,,15.0,0.0,1.0,A01,138Â 196Â 013,1.0
1017094,201900058625,6,15,22:28,5,2,2,1.0,5.0,93078,BALLANGER (BD ROBERT),M,"48,9576270","2,5450140",93,2019,50.0,2.0,1.0,3.0,2274676,1.0,1,4,1,0.0,,-1.0, -1,2002.0,D01,138Â 196Â 011,2.0,0.0,-1.0,1736173,3.0,30,,0.0,2.0,8.0,D01,138Â 196Â 011,0.0
1017094,201900058625,6,15,22:28,5,2,2,1.0,5.0,93078,BALLANGER (BD ROBERT),M,"48,9576270","2,5450140",93,2019,50.0,2.0,1.0,3.0,2274676,1.0,1,4,1,0.0,,-1.0, -1,2002.0,D01,138Â 196Â 011,2.0,0.0,-1.0,1736174,2.0,7,,0.0,2.0,8.0,C01,138Â 196Â 012,0.0
1017094,201900058625,6,15,22:28,5,2,2,1.0,5.0,93078,BALLANGER (BD ROBERT),M,"48,9576270","2,5450140",93,2019,50.0,2.0,1.0,3.0,2274676,1.0,1,4,1,0.0,,-1.0, -1,2002.0,D01,138Â 196Â 011,2.0,0.0,-1.0,1736175,2.0,7,,0.0,2.0,2.0,B01,138Â 196Â 014,0.0
1017094,201900058625,6,15,22:28,5,2,2,1.0,5.0,93078,BALLANGER (BD ROBERT),M,"48,9576270","2,5450140",93,2019,50.0,2.0,1.0,3.0,2274676,1.0,1,4,1,0.0,,-1.0, -1,2002.0,D01,138Â 196Â 011,2.0,0.0,-1.0,1736176,2.0,7,,0.0,2.0,3.0,A01,138Â 196Â 015,0.0
1017094,201900058625,6,15,22:28,5,2,2,1.0,5.0,93078,BALLANGER (BD ROBERT),M,"48,9576270","2,5450140",93,2019,50.0,2.0,1.0,3.0,2274677,1.0,1,4,1,0.0,,-1.0, -1,1999.0,C01,138Â 196Â 012,1.0,0.0,-1.0,1736173,3.0,30,,0.0,2.0,8.0,D01,138Â 196Â 011,0.0
1017094,201900058625,6,15,22:28,5,2,2,1.0,5.0,93078,BALLANGER (BD ROBERT),M,"48,9576270","2,5450140",93,2019,50.0,2.0,1.0,3.0,2274677,1.0,1,4,1,0.0,,-1.0, -1,1999.0,C01,138Â 196Â 012,1.0,0.0,-1.0,1736174,2.0,7,,0.0,2.0,8.0,C01,138Â 196Â 012,0.0
1017094,201900058625,6,15,22:28,5,2,2,1.0,5.0,93078,BALLANGER (BD ROBERT),M,"48,9576270","2,5450140",93,2019,50.0,2.0,1.0,3.0,2274677,1.0,1,4,1,0.0,,-1.0, -1,1999.0,C01,138Â 196Â 012,1.0,0.0,-1.0,1736175,2.0,7,,0.0,2.0,2.0,B01,138Â 196Â 014,0.0
1017094,201900058625,6,15,22:28,5,2,2,1.0,5.0,93078,BALLANGER (BD ROBERT),M,"48,9576270","2,5450140",93,2019,50.0,2.0,1.0,3.0,2274677,1.0,1,4,1,0.0,,-1.0, -1,1999.0,C01,138Â 196Â 012,1.0,0.0,-1.0,1736176,2.0,7,,0.0,2.0,3.0,A01,138Â 196Â 015,0.0
1017094,201900058625,6,15,22:28,5,2,2,1.0,5.0,93078,BALLANGER (BD ROBERT),M,"48,9576270","2,5450140",93,2019,50.0,2.0,1.0,3.0,2274678,1.0,1,1,1,0.0,,-1.0, -1,1999.0,B01,138Â 196Â 014,1.0,0.0,-1.0,1736173,3.0,30,,0.0,2.0,8.0,D01,138Â 196Â 011,0.0