Unnamed: 0_x,num_acc,mois,jour,hrmn,lum,agg,int,atm,col,com,adr,gps,lat,long,dep,annee,vma,situ,surf,catr,Unnamed: 0_y,place,catu,grav,sexe,trajet,secu,locp,actp,an_nais,num_veh_x,id_vehicule_x,secu1,secu2,secu3,Unnamed: 0,senc,catv,occutc,obs,obsm,choc,num_veh_y,id_vehicule_y,motor
1017094,201900058625,6,15,22:28,5,2,2,1.0,5.0,93078,BALLANGER (BD ROBERT),M,"48,9576270","2,5450140",93,2019,50.0,2.0,1.0,3.0,2274678,1.0,1,1,1,0.0,,-1.0, -1,1999.0,B01,138Â 196Â 014,1.0,0.0,-1.0,1736174,2.0,7,,0.0,2.0,8.0,C01,138Â 196Â 012,0.0
1017094,201900058625,6,15,22:28,5,2,2,1.0,5.0,93078,BALLANGER (BD ROBERT),M,"48,9576270","2,5450140",93,2019,50.0,2.0,1.0,3.0,2274678,1.0,1,1,1,0.0,,-1.0, -1,1999.0,B01,138Â 196Â 014,1.0,0.0,-1.0,1736175,2.0,7,,0.0,2.0,2.0,B01,138Â 196Â 014,0.0
1017094,201900058625,6,15,22:28,5,2,2,1.0,5.0,93078,BALLANGER (BD ROBERT),M,"48,9576270","2,5450140",93,2019,50.0,2.0,1.0,3.0,2274678,1.0,1,1,1,0.0,,-1.0, -1,1999.0,B01,138Â 196Â 014,1.0,0.0,-1.0,1736176,2.0,7,,0.0,2.0,3.0,A01,138Â 196Â 015,0.0
1017094,201900058625,6,15,22:28,5,2,2,1.0,5.0,93078,BALLANGER (BD ROBERT),M,"48,9576270","2,5450140",93,2019,50.0,2.0,1.0,3.0,2274679,1.0,1,1,1,0.0,,-1.0, -1,1993.0,A01,138Â 196Â 015,1.0,0.0,-1.0,1736173,3.0,30,,0.0,2.0,8.0,D01,138Â 196Â 011,0.0
1017094,201900058625,6,15,22:28,5,2,2,1.0,5.0,93078,BALLANGER (BD ROBERT),M,"48,9576270","2,5450140",93,2019,50.0,2.0,1.0,3.0,2274679,1.0,1,1,1,0.0,,-1.0, -1,1993.0,A01,138Â 196Â 015,1.0,0.0,-1.0,1736174,2.0,7,,0.0,2.0,8.0,C01,138Â 196Â 012,0.0
1017094,201900058625,6,15,22:28,5,2,2,1.0,5.0,93078,BALLANGER (BD ROBERT),M,"48,9576270","2,5450140",93,2019,50.0,2.0,1.0,3.0,2274679,1.0,1,1,1,0.0,,-1.0, -1,1993.0,A01,138Â 196Â 015,1.0,0.0,-1.0,1736175,2.0,7,,0.0,2.0,2.0,B01,138Â 196Â 014,0.0
1017094,201900058625,6,15,22:28,5,2,2,1.0,5.0,93078,BALLANGER (BD ROBERT),M,"48,9576270","2,5450140",93,2019,50.0,2.0,1.0,3.0,2274679,1.0,1,1,1,0.0,,-1.0, -1,1993.0,A01,138Â 196Â 015,1.0,0.0,-1.0,1736176,2.0,7,,0.0,2.0,3.0,A01,138Â 196Â 015,0.0
1017095,201900058626,12,2,15:00,1,1,1,1.0,1.0,76404,D925,M,"49,5821800","0,2428050",76,2019,80.0,1.0,1.0,3.0,2274680,1.0,1,2,1,0.0,,0.0,0,1968.0,B01,138Â 196Â 009,1.0,5.0,-1.0,1736177,1.0,7,,0.0,2.0,1.0,B01,138Â 196Â 009,1.0
1017095,201900058626,12,2,15:00,1,1,1,1.0,1.0,76404,D925,M,"49,5821800","0,2428050",76,2019,80.0,1.0,1.0,3.0,2274680,1.0,1,2,1,0.0,,0.0,0,1968.0,B01,138Â 196Â 009,1.0,5.0,-1.0,1736178,2.0,7,,0.0,2.0,1.0,A01,138Â 196Â 010,1.0
1017095,201900058626,12,2,15:00,1,1,1,1.0,1.0,76404,D925,M,"49,5821800","0,2428050",76,2019,80.0,1.0,1.0,3.0,2274681,2.0,2,3,2,0.0,,0.0,0,1969.0,B01,138Â 196Â 009,1.0,5.0,-1.0,1736177,1.0,7,,0.0,2.0,1.0,B01,138Â 196Â 009,1.0
1017095,201900058626,12,2,15:00,1,1,1,1.0,1.0,76404,D925,M,"49,5821800","0,2428050",76,2019,80.0,1.0,1.0,3.0,2274681,2.0,2,3,2,0.0,,0.0,0,1969.0,B01,138Â 196Â 009,1.0,5.0,-1.0,1736178,2.0,7,,0.0,2.0,1.0,A01,138Â 196Â 010,1.0
1017095,201900058626,12,2,15:00,1,1,1,1.0,1.0,76404,D925,M,"49,5821800","0,2428050",76,2019,80.0,1.0,1.0,3.0,2274682,2.0,2,3,1,0.0,,0.0,0,2005.0,A01,138Â 196Â 010,1.0,5.0,-1.0,1736177,1.0,7,,0.0,2.0,1.0,B01,138Â 196Â 009,1.0
1017095,201900058626,12,2,15:00,1,1,1,1.0,1.0,76404,D925,M,"49,5821800","0,2428050",76,2019,80.0,1.0,1.0,3.0,2274682,2.0,2,3,1,0.0,,0.0,0,2005.0,A01,138Â 196Â 010,1.0,5.0,-1.0,1736178,2.0,7,,0.0,2.0,1.0,A01,138Â 196Â 010,1.0
1017095,201900058626,12,2,15:00,1,1,1,1.0,1.0,76404,D925,M,"49,5821800","0,2428050",76,2019,80.0,1.0,1.0,3.0,2274683,1.0,1,2,1,0.0,,0.0,0,1972.0,A01,138Â 196Â 010,1.0,5.0,-1.0,1736177,1.0,7,,0.0,2.0,1.0,B01,138Â 196Â 009,1.0
1017095,201900058626,12,2,15:00,1,1,1,1.0,1.0,76404,D925,M,"49,5821800","0,2428050",76,2019,80.0,1.0,1.0,3.0,2274683,1.0,1,2,1,0.0,,0.0,0,1972.0,A01,138Â 196Â 010,1.0,5.0,-1.0,1736178,2.0,7,,0.0,2.0,1.0,A01,138Â 196Â 010,1.0
1017096,201900058627,6,14,23:55,4,2,6,1.0,3.0,93078,NATIONS (AVENUE DES),M,"48,9703000","2,5033000",93,2019,50.0,1.0,1.0,4.0,2274684,5.0,2,4,2,0.0,,-1.0, -1,1994.0,B01,138Â 196Â 007,1.0,0.0,-1.0,1736179,3.0,7,,0.0,2.0,7.0,B01,138Â 196Â 007,1.0
1017096,201900058627,6,14,23:55,4,2,6,1.0,3.0,93078,NATIONS (AVENUE DES),M,"48,9703000","2,5033000",93,2019,50.0,1.0,1.0,4.0,2274684,5.0,2,4,2,0.0,,-1.0, -1,1994.0,B01,138Â 196Â 007,1.0,0.0,-1.0,1736180,1.0,7,,0.0,2.0,1.0,A01,138Â 196Â 008,1.0
1017096,201900058627,6,14,23:55,4,2,6,1.0,3.0,93078,NATIONS (AVENUE DES),M,"48,9703000","2,5033000",93,2019,50.0,1.0,1.0,4.0,2274685,2.0,2,4,2,5.0,,-1.0, -1,1969.0,B01,138Â 196Â 007,1.0,0.0,-1.0,1736179,3.0,7,,0.0,2.0,7.0,B01,138Â 196Â 007,1.0
1017096,201900058627,6,14,23:55,4,2,6,1.0,3.0,93078,NATIONS (AVENUE DES),M,"48,9703000","2,5033000",93,2019,50.0,1.0,1.0,4.0,2274685,2.0,2,4,2,5.0,,-1.0, -1,1969.0,B01,138Â 196Â 007,1.0,0.0,-1.0,1736180,1.0,7,,0.0,2.0,1.0,A01,138Â 196Â 008,1.0
1017096,201900058627,6,14,23:55,4,2,6,1.0,3.0,93078,NATIONS (AVENUE DES),M,"48,9703000","2,5033000",93,2019,50.0,1.0,1.0,4.0,2274686,2.0,2,4,1,0.0,,-1.0, -1,2015.0,B01,138Â 196Â 007,1.0,0.0,-1.0,1736179,3.0,7,,0.0,2.0,7.0,B01,138Â 196Â 007,1.0
1017096,201900058627,6,14,23:55,4,2,6,1.0,3.0,93078,NATIONS (AVENUE DES),M,"48,9703000","2,5033000",93,2019,50.0,1.0,1.0,4.0,2274686,2.0,2,4,1,0.0,,-1.0, -1,2015.0,B01,138Â 196Â 007,1.0,0.0,-1.0,1736180,1.0,7,,0.0,2.0,1.0,A01,138Â 196Â 008,1.0
1017096,201900058627,6,14,23:55,4,2,6,1.0,3.0,93078,NATIONS (AVENUE DES),M,"48,9703000","2,5033000",93,2019,50.0,1.0,1.0,4.0,2274687,1.0,1,4,1,5.0,,-1.0, -1,1965.0,B01,138Â 196Â 007,1.0,0.0,-1.0,1736179,3.0,7,,0.0,2.0,7.0,B01,138Â 196Â 007,1.0
1017096,201900058627,6,14,23:55,4,2,6,1.0,3.0,93078,NATIONS (AVENUE DES),M,"48,9703000","2,5033000",93,2019,50.0,1.0,1.0,4.0,2274687,1.0,1,4,1,5.0,,-1.0, -1,1965.0,B01,138Â 196Â 007,1.0,0.0,-1.0,1736180,1.0,7,,0.0,2.0,1.0,A01,138Â 196Â 008,1.0
1017096,201900058627,6,14,23:55,4,2,6,1.0,3.0,93078,NATIONS (AVENUE DES),M,"48,9703000","2,5033000",93,2019,50.0,1.0,1.0,4.0,2274688,4.0,2,1,1,5.0,,-1.0, -1,2001.0,A01,138Â 196Â 008,1.0,0.0,-1.0,1736179,3.0,7,,0.0,2.0,7.0,B01,138Â 196Â 007,1.0
1017096,201900058627,6,14,23:55,4,2,6,1.0,3.0,93078,NATIONS (AVENUE DES),M,"48,9703000","2,5033000",93,2019,50.0,1.0,1.0,4.0,2274688,4.0,2,1,1,5.0,,-1.0, -1,2001.0,A01,138Â 196Â 008,1.0,0.0,-1.0,1736180,1.0,7,,0.0,2.0,1.0,A01,138Â 196Â 008,1.0
1017096,201900058627,6,14,23:55,4,2,6,1.0,3.0,93078,NATIONS (AVENUE DES),M,"48,9703000","2,5033000",93,2019,50.0,1.0,1.0,4.0,2274689,2.0,2,1,1,5.0,,-1.0, -1,2000.0,A01,138Â 196Â 008,1.0,0.0,-1.0,1736179,3.0,7,,0.0,2.0,7.0,B01,138Â 196Â 007,1.0
1017096,201900058627,6,14,23:55,4,2,6,1.0,3.0,93078,NATIONS (AVENUE DES),M,"48,9703000","2,5033000",93,2019,50.0,1.0,1.0,4.0,2274689,2.0,2,1,1,5.0,,-1.0, -1,2000.0,A01,138Â 196Â 008,1.0,0.0,-1.0,1736180,1.0,7,,0.0,2.0,1.0,A01,138Â 196Â 008,1.0
1017096,201900058627,6,14,23:55,4,2,6,1.0,3.0,93078,NATIONS (AVENUE DES),M,"48,9703000","2,5033000",93,2019,50.0,1.0,1.0,4.0,2274690,5.0,2,1,1,5.0,,-1.0, -1,2003.0,A01,138Â 196Â 008,1.0,0.0,-1.0,1736179,3.0,7,,0.0,2.0,7.0,B01,138Â 196Â 007,1.0
1017096,201900058627,6,14,23:55,4,2,6,1.0,3.0,93078,NATIONS (AVENUE DES),M,"48,9703000","2,5033000",93,2019,50.0,1.0,1.0,4.0,2274690,5.0,2,1,1,5.0,,-1.0, -1,2003.0,A01,138Â 196Â 008,1.0,0.0,-1.0,1736180,1.0,7,,0.0,2.0,1.0,A01,138Â 196Â 008,1.0
1017096,201900058627,6,14,23:55,4,2,6,1.0,3.0,93078,NATIONS (AVENUE DES),M,"48,9703000","2,5033000",93,2019,50.0,1.0,1.0,4.0,2274691,3.0,2,1,1,5.0,,-1.0, -1,2000.0,A01,138Â 196Â 008,1.0,0.0,-1.0,1736179,3.0,7,,0.0,2.0,7.0,B01,138Â 196Â 007,1.0
1017096,201900058627,6,14,23:55,4,2,6,1.0,3.0,93078,NATIONS (AVENUE DES),M,"48,9703000","2,5033000",93,2019,50.0,1.0,1.0,4.0,2274691,3.0,2,1,1,5.0,,-1.0, -1,2000.0,A01,138Â 196Â 008,1.0,0.0,-1.0,1736180,1.0,7,,0.0,2.0,1.0,A01,138Â 196Â 008,1.0
1017096,201900058627,6,14,23:55,4,2,6,1.0,3.0,93078,NATIONS (AVENUE DES),M,"48,9703000","2,5033000",93,2019,50.0,1.0,1.0,4.0,2274692,1.0,1,1,1,5.0,,-1.0, -1,2000.0,A01,138Â 196Â 008,1.0,0.0,-1.0,1736179,3.0,7,,0.0,2.0,7.0,B01,138Â 196Â 007,1.0
1017096,201900058627,6,14,23:55,4,2,6,1.0,3.0,93078,NATIONS (AVENUE DES),M,"48,9703000","2,5033000",93,2019,50.0,1.0,1.0,4.0,2274692,1.0,1,1,1,5.0,,-1.0, -1,2000.0,A01,138Â 196Â 008,1.0,0.0,-1.0,1736180,1.0,7,,0.0,2.0,1.0,A01,138Â 196Â 008,1.0
1017097,201900058628,11,30,22:00,3,1,1,2.0,6.0,01360,D884,M,"46,2167699","5,9762893",1,2019,110.0,1.0,2.0,3.0,2274693,10.0,3,3,1,0.0,,1.0,B,1978.0,A01,138Â 196Â 006,0.0,-1.0,-1.0,1736181,1.0,0,,0.0,1.0,0.0,A01,138Â 196Â 006,0.0
1017098,201900058629,12,1,23:15,3,1,1,2.0,7.0,22305,Saint-Jouan-de-l'Isle,M,"48,2728547"," -2,1776316",22,2019,110.0,1.0,2.0,2.0,2274694,1.0,1,3,1,0.0,,0.0,0,1937.0,A01,138Â 196Â 004,1.0,-1.0,-1.0,1736182,2.0,7,,13.0,0.0,3.0,A01,138Â 196Â 004,1.0
1017099,201900058630,6,13,14:45,1,2,1,2.0,2.0,93078,CLEMENCEAU (AVENUE GEORGES),M,"48,9545100","2,5619300",93,2019,50.0,1.0,2.0,3.0,2274695,2.0,2,4,1,9.0,,-1.0, -1,2002.0,B01,138Â 196Â 003,2.0,0.0,-1.0,1736183,3.0,33,,0.0,2.0,8.0,B01,138Â 196Â 003,1.0
1017099,201900058630,6,13,14:45,1,2,1,2.0,2.0,93078,CLEMENCEAU (AVENUE GEORGES),M,"48,9545100","2,5619300",93,2019,50.0,1.0,2.0,3.0,2274695,2.0,2,4,1,9.0,,-1.0, -1,2002.0,B01,138Â 196Â 003,2.0,0.0,-1.0,1736184,3.0,7,,0.0,2.0,6.0,A01,138Â 196Â 005,1.0
1017099,201900058630,6,13,14:45,1,2,1,2.0,2.0,93078,CLEMENCEAU (AVENUE GEORGES),M,"48,9545100","2,5619300",93,2019,50.0,1.0,2.0,3.0,2274696,1.0,1,4,1,9.0,,-1.0, -1,1989.0,B01,138Â 196Â 003,2.0,0.0,-1.0,1736183,3.0,33,,0.0,2.0,8.0,B01,138Â 196Â 003,1.0
1017099,201900058630,6,13,14:45,1,2,1,2.0,2.0,93078,CLEMENCEAU (AVENUE GEORGES),M,"48,9545100","2,5619300",93,2019,50.0,1.0,2.0,3.0,2274696,1.0,1,4,1,9.0,,-1.0, -1,1989.0,B01,138Â 196Â 003,2.0,0.0,-1.0,1736184,3.0,7,,0.0,2.0,6.0,A01,138Â 196Â 005,1.0
1017099,201900058630,6,13,14:45,1,2,1,2.0,2.0,93078,CLEMENCEAU (AVENUE GEORGES),M,"48,9545100","2,5619300",93,2019,50.0,1.0,2.0,3.0,2274697,1.0,1,1,1,9.0,,-1.0, -1,1986.0,A01,138Â 196Â 005,1.0,4.0,-1.0,1736183,3.0,33,,0.0,2.0,8.0,B01,138Â 196Â 003,1.0
1017099,201900058630,6,13,14:45,1,2,1,2.0,2.0,93078,CLEMENCEAU (AVENUE GEORGES),M,"48,9545100","2,5619300",93,2019,50.0,1.0,2.0,3.0,2274697,1.0,1,1,1,9.0,,-1.0, -1,1986.0,A01,138Â 196Â 005,1.0,4.0,-1.0,1736184,3.0,7,,0.0,2.0,6.0,A01,138Â 196Â 005,1.0
1017100,201900058631,11,29,17:55,3,1,1,1.0,1.0,57655,D955,M,"48,9595470","6,2984430",57,2019,80.0,1.0,1.0,3.0,2274698,1.0,1,3,1,1.0,,0.0,0,1958.0,B01,138Â 196Â 001,8.0,-1.0,-1.0,1736185,2.0,7,,0.0,2.0,1.0,B01,138Â 196Â 001,0.0
1017100,201900058631,11,29,17:55,3,1,1,1.0,1.0,57655,D955,M,"48,9595470","6,2984430",57,2019,80.0,1.0,1.0,3.0,2274698,1.0,1,3,1,1.0,,0.0,0,1958.0,B01,138Â 196Â 001,8.0,-1.0,-1.0,1736186,1.0,7,,3.0,2.0,1.0,A01,138Â 196Â 002,0.0
1017100,201900058631,11,29,17:55,3,1,1,1.0,1.0,57655,D955,M,"48,9595470","6,2984430",57,2019,80.0,1.0,1.0,3.0,2274699,1.0,1,2,1,1.0,,0.0,0,1973.0,A01,138Â 196Â 002,8.0,-1.0,-1.0,1736185,2.0,7,,0.0,2.0,1.0,B01,138Â 196Â 001,0.0
1017100,201900058631,11,29,17:55,3,1,1,1.0,1.0,57655,D955,M,"48,9595470","6,2984430",57,2019,80.0,1.0,1.0,3.0,2274699,1.0,1,2,1,1.0,,0.0,0,1973.0,A01,138Â 196Â 002,8.0,-1.0,-1.0,1736186,1.0,7,,3.0,2.0,1.0,A01,138Â 196Â 002,0.0
1017101,201900058632,12,1,22:05,3,1,1,9.0,6.0,74289,D14,M,"45,9063290","5,9423930",74,2019,80.0,8.0,2.0,3.0,2274700,1.0,1,2,1,5.0,,0.0,0,1998.0,A01,138Â 195Â 999,1.0,-1.0,-1.0,1736187,3.0,7,,13.0,0.0,1.0,A01,138Â 195Â 999,1.0
1017102,201900058633,6,13,16:10,1,2,2,1.0,3.0,93073,BARBUSSE (RUE HENRI),M,"48,9642700","2,5704700",93,2019,50.0,1.0,1.0,4.0,2274701,1.0,1,1,1,0.0,,-1.0, -1,1996.0,A01,138Â 195Â 998,1.0,0.0,-1.0,1736188,2.0,7,,0.0,2.0,1.0,A01,138Â 195Â 998,1.0
1017102,201900058633,6,13,16:10,1,2,2,1.0,3.0,93073,BARBUSSE (RUE HENRI),M,"48,9642700","2,5704700",93,2019,50.0,1.0,1.0,4.0,2274701,1.0,1,1,1,0.0,,-1.0, -1,1996.0,A01,138Â 195Â 998,1.0,0.0,-1.0,1736189,3.0,7,,0.0,2.0,8.0,B01,138Â 196Â 000,1.0
1017102,201900058633,6,13,16:10,1,2,2,1.0,3.0,93073,BARBUSSE (RUE HENRI),M,"48,9642700","2,5704700",93,2019,50.0,1.0,1.0,4.0,2274702,1.0,1,4,1,0.0,,-1.0, -1,1960.0,B01,138Â 196Â 000,1.0,0.0,-1.0,1736188,2.0,7,,0.0,2.0,1.0,A01,138Â 195Â 998,1.0
1017102,201900058633,6,13,16:10,1,2,2,1.0,3.0,93073,BARBUSSE (RUE HENRI),M,"48,9642700","2,5704700",93,2019,50.0,1.0,1.0,4.0,2274702,1.0,1,4,1,0.0,,-1.0, -1,1960.0,B01,138Â 196Â 000,1.0,0.0,-1.0,1736189,3.0,7,,0.0,2.0,8.0,B01,138Â 196Â 000,1.0
1017103,201900058634,12,2,13:25,1,2,1,1.0,3.0,2B346,Arena Soprana,M,"42,4990170","9,4672720",2B,2019,70.0,1.0,1.0,2.0,2274703,1.0,1,4,1,0.0,,0.0,0,1988.0,B01,138Â 195Â 996,8.0,-1.0,-1.0,1736190,0.0,10,,0.0,2.0,1.0,B01,138Â 195Â 996,1.0
1017103,201900058634,12,2,13:25,1,2,1,1.0,3.0,2B346,Arena Soprana,M,"42,4990170","9,4672720",2B,2019,70.0,1.0,1.0,2.0,2274703,1.0,1,4,1,0.0,,0.0,0,1988.0,B01,138Â 195Â 996,8.0,-1.0,-1.0,1736191,3.0,14,,0.0,0.0,2.0,A01,138Â 195Â 997,1.0
1017103,201900058634,12,2,13:25,1,2,1,1.0,3.0,2B346,Arena Soprana,M,"42,4990170","9,4672720",2B,2019,70.0,1.0,1.0,2.0,2274704,1.0,1,4,1,4.0,,0.0,0,1993.0,A01,138Â 195Â 997,8.0,-1.0,-1.0,1736190,0.0,10,,0.0,2.0,1.0,B01,138Â 195Â 996,1.0
1017103,201900058634,12,2,13:25,1,2,1,1.0,3.0,2B346,Arena Soprana,M,"42,4990170","9,4672720",2B,2019,70.0,1.0,1.0,2.0,2274704,1.0,1,4,1,4.0,,0.0,0,1993.0,A01,138Â 195Â 997,8.0,-1.0,-1.0,1736191,3.0,14,,0.0,0.0,2.0,A01,138Â 195Â 997,1.0
1017104,201900058635,6,12,04:45,2,2,9,2.0,6.0,93073,CHAPIT RE ( RUE DU),M,"49,0050000","2,5490000",93,2019,50.0,1.0,2.0,4.0,2274705,1.0,1,4,1,1.0,,-1.0, -1,1984.0,A01,138Â 195Â 995,1.0,0.0,-1.0,1736192,3.0,7,,3.0,0.0,1.0,A01,138Â 195Â 995,1.0
1017105,201900058636,6,11,10:52,1,2,9,1.0,6.0,93078,DELATTRE DE TASSIGNY (AVENUE),M,"48,9636800","2,5378000",93,2019,50.0,1.0,1.0,4.0,2274706,1.0,1,1,1,1.0,,0.0,0,1975.0,A01,138Â 195Â 992,8.0,0.0,-1.0,1736193,3.0,7,,0.0,1.0,2.0,A01,138Â 195Â 992,1.0
1017105,201900058636,6,11,10:52,1,2,9,1.0,6.0,93078,DELATTRE DE TASSIGNY (AVENUE),M,"48,9636800","2,5378000",93,2019,50.0,1.0,1.0,4.0,2274707,10.0,3,4,1,0.0,,3.0,3,2005.0,A01,138Â 195Â 992,8.0,0.0,-1.0,1736193,3.0,7,,0.0,1.0,2.0,A01,138Â 195Â 992,1.0
1017106,201900058637,11,28,19:10,3,1,1,1.0,5.0,60102,D200,M,"49,3062888","2,5316892",60,2019,90.0,1.0,2.0,3.0,2274708,1.0,1,4,1,3.0,,0.0,0,1992.0,C01,138Â 195Â 991,1.0,-1.0,-1.0,1736194,2.0,7,,0.0,2.0,1.0,C01,138Â 195Â 991,1.0
1017106,201900058637,11,28,19:10,3,1,1,1.0,5.0,60102,D200,M,"49,3062888","2,5316892",60,2019,90.0,1.0,2.0,3.0,2274708,1.0,1,4,1,3.0,,0.0,0,1992.0,C01,138Â 195Â 991,1.0,-1.0,-1.0,1736195,1.0,7,,0.0,0.0,4.0,B01,138Â 195Â 993,1.0
1017106,201900058637,11,28,19:10,3,1,1,1.0,5.0,60102,D200,M,"49,3062888","2,5316892",60,2019,90.0,1.0,2.0,3.0,2274708,1.0,1,4,1,3.0,,0.0,0,1992.0,C01,138Â 195Â 991,1.0,-1.0,-1.0,1736196,1.0,33,,0.0,2.0,1.0,A01,138Â 195Â 994,1.0
1017106,201900058637,11,28,19:10,3,1,1,1.0,5.0,60102,D200,M,"49,3062888","2,5316892",60,2019,90.0,1.0,2.0,3.0,2274709,1.0,1,1,1,0.0,,0.0,0,1965.0,B01,138Â 195Â 993,1.0,-1.0,-1.0,1736194,2.0,7,,0.0,2.0,1.0,C01,138Â 195Â 991,1.0
1017106,201900058637,11,28,19:10,3,1,1,1.0,5.0,60102,D200,M,"49,3062888","2,5316892",60,2019,90.0,1.0,2.0,3.0,2274709,1.0,1,1,1,0.0,,0.0,0,1965.0,B01,138Â 195Â 993,1.0,-1.0,-1.0,1736195,1.0,7,,0.0,0.0,4.0,B01,138Â 195Â 993,1.0
1017106,201900058637,11,28,19:10,3,1,1,1.0,5.0,60102,D200,M,"49,3062888","2,5316892",60,2019,90.0,1.0,2.0,3.0,2274709,1.0,1,1,1,0.0,,0.0,0,1965.0,B01,138Â 195Â 993,1.0,-1.0,-1.0,1736196,1.0,33,,0.0,2.0,1.0,A01,138Â 195Â 994,1.0
1017106,201900058637,11,28,19:10,3,1,1,1.0,5.0,60102,D200,M,"49,3062888","2,5316892",60,2019,90.0,1.0,2.0,3.0,2274710,1.0,1,1,1,1.0,,0.0,0,1996.0,A01,138Â 195Â 994,2.0,-1.0,-1.0,1736194,2.0,7,,0.0,2.0,1.0,C01,138Â 195Â 991,1.0
1017106,201900058637,11,28,19:10,3,1,1,1.0,5.0,60102,D200,M,"49,3062888","2,5316892",60,2019,90.0,1.0,2.0,3.0,2274710,1.0,1,1,1,1.0,,0.0,0,1996.0,A01,138Â 195Â 994,2.0,-1.0,-1.0,1736195,1.0,7,,0.0,0.0,4.0,B01,138Â 195Â 993,1.0
1017106,201900058637,11,28,19:10,3,1,1,1.0,5.0,60102,D200,M,"49,3062888","2,5316892",60,2019,90.0,1.0,2.0,3.0,2274710,1.0,1,1,1,1.0,,0.0,0,1996.0,A01,138Â 195Â 994,2.0,-1.0,-1.0,1736196,1.0,33,,0.0,2.0,1.0,A01,138Â 195Â 994,1.0
1017107,201900058638,6,11,09:30,1,2,1,1.0,6.0,93073,CHAPIT RE ( RUE DU),M,"48,9942900","2,5229600",93,2019,30.0,1.0,1.0,6.0,2274711,1.0,1,1,2,1.0,,-1.0, -1,1966.0,A01,138Â 195Â 990,1.0,0.0,-1.0,1736197,3.0,7,,0.0,1.0,1.0,A01,138Â 195Â 990,1.0
1017107,201900058638,6,11,09:30,1,2,1,1.0,6.0,93073,CHAPIT RE ( RUE DU),M,"48,9942900","2,5229600",93,2019,30.0,1.0,1.0,6.0,2274712,10.0,3,4,2,4.0,,3.0,3,1963.0,A01,138Â 195Â 990,8.0,0.0,-1.0,1736197,3.0,7,,0.0,1.0,1.0,A01,138Â 195Â 990,1.0
1017108,201900058639,11,30,18:00,3,1,1,2.0,1.0,46128,D 807,M,"44,7923260","1,7466800",46,2019,80.0,1.0,2.0,3.0,2274713,2.0,2,3,2,5.0,,0.0,0,1950.0,B01,138Â 195Â 988,8.0,-1.0,-1.0,1736198,1.0,7,,0.0,2.0,1.0,B01,138Â 195Â 988,1.0
1017108,201900058639,11,30,18:00,3,1,1,2.0,1.0,46128,D 807,M,"44,7923260","1,7466800",46,2019,80.0,1.0,2.0,3.0,2274713,2.0,2,3,2,5.0,,0.0,0,1950.0,B01,138Â 195Â 988,8.0,-1.0,-1.0,1736199,2.0,7,,0.0,2.0,1.0,A01,138Â 195Â 989,1.0
1017108,201900058639,11,30,18:00,3,1,1,2.0,1.0,46128,D 807,M,"44,7923260","1,7466800",46,2019,80.0,1.0,2.0,3.0,2274714,1.0,1,1,1,5.0,,0.0,0,1963.0,B01,138Â 195Â 988,8.0,-1.0,-1.0,1736198,1.0,7,,0.0,2.0,1.0,B01,138Â 195Â 988,1.0
1017108,201900058639,11,30,18:00,3,1,1,2.0,1.0,46128,D 807,M,"44,7923260","1,7466800",46,2019,80.0,1.0,2.0,3.0,2274714,1.0,1,1,1,5.0,,0.0,0,1963.0,B01,138Â 195Â 988,8.0,-1.0,-1.0,1736199,2.0,7,,0.0,2.0,1.0,A01,138Â 195Â 989,1.0
1017108,201900058639,11,30,18:00,3,1,1,2.0,1.0,46128,D 807,M,"44,7923260","1,7466800",46,2019,80.0,1.0,2.0,3.0,2274715,1.0,1,1,1,5.0,,0.0,0,1999.0,A01,138Â 195Â 989,8.0,-1.0,-1.0,1736198,1.0,7,,0.0,2.0,1.0,B01,138Â 195Â 988,1.0
1017108,201900058639,11,30,18:00,3,1,1,2.0,1.0,46128,D 807,M,"44,7923260","1,7466800",46,2019,80.0,1.0,2.0,3.0,2274715,1.0,1,1,1,5.0,,0.0,0,1999.0,A01,138Â 195Â 989,8.0,-1.0,-1.0,1736199,2.0,7,,0.0,2.0,1.0,A01,138Â 195Â 989,1.0
1017109,201900058640,6,7,19:00,1,2,9,2.0,3.0,93073,ROISSY (ROUTE DE),M,"48,9805280","2,5555190",93,2019,50.0,1.0,2.0,3.0,2274716,1.0,1,4,2,1.0,,-1.0, -1,1977.0,B01,138Â 195Â 986,1.0,0.0,-1.0,1736200,3.0,7,,0.0,2.0,1.0,B01,138Â 195Â 986,1.0
1017109,201900058640,6,7,19:00,1,2,9,2.0,3.0,93073,ROISSY (ROUTE DE),M,"48,9805280","2,5555190",93,2019,50.0,1.0,2.0,3.0,2274716,1.0,1,4,2,1.0,,-1.0, -1,1977.0,B01,138Â 195Â 986,1.0,0.0,-1.0,1736201,3.0,7,,0.0,2.0,3.0,A01,138Â 195Â 987,1.0
1017109,201900058640,6,7,19:00,1,2,9,2.0,3.0,93073,ROISSY (ROUTE DE),M,"48,9805280","2,5555190",93,2019,50.0,1.0,2.0,3.0,2274717,1.0,1,1,1,5.0,,-1.0, -1,1977.0,A01,138Â 195Â 987,1.0,8.0,-1.0,1736200,3.0,7,,0.0,2.0,1.0,B01,138Â 195Â 986,1.0
1017109,201900058640,6,7,19:00,1,2,9,2.0,3.0,93073,ROISSY (ROUTE DE),M,"48,9805280","2,5555190",93,2019,50.0,1.0,2.0,3.0,2274717,1.0,1,1,1,5.0,,-1.0, -1,1977.0,A01,138Â 195Â 987,1.0,8.0,-1.0,1736201,3.0,7,,0.0,2.0,3.0,A01,138Â 195Â 987,1.0