Unnamed: 0_x,num_acc,mois,jour,hrmn,lum,agg,int,atm,col,com,adr,gps,lat,long,dep,annee,vma,situ,surf,catr,Unnamed: 0_y,place,catu,grav,sexe,trajet,secu,locp,actp,an_nais,num_veh_x,id_vehicule_x,secu1,secu2,secu3,Unnamed: 0,senc,catv,occutc,obs,obsm,choc,num_veh_y,id_vehicule_y,motor
1017110,201900058641,12,2,00:24,3,1,1,5.0,6.0,47310,Ayet,M,"44,3525900","0,3196770",47,2019,80.0,1.0,1.0,3.0,2274718,1.0,1,2,1,0.0,,0.0,0,1996.0,A01,138Â 195Â 985,1.0,-1.0,-1.0,1736202,2.0,7,,2.0,0.0,9.0,A01,138Â 195Â 985,1.0
1017111,201900058642,6,7,23:45,5,2,1,1.0,2.0,93073,BERGER (RUE GILBERT),M,"48,9459300","2,5693400",93,2019,50.0,1.0,1.0,4.0,2274719,1.0,1,4,2,0.0,,-1.0, -1,1990.0,A01,138Â 195Â 982,1.0,0.0,-1.0,1736203,1.0,7,,0.0,1.0,4.0,A01,138Â 195Â 982,1.0
1017111,201900058642,6,7,23:45,5,2,1,1.0,2.0,93073,BERGER (RUE GILBERT),M,"48,9459300","2,5693400",93,2019,50.0,1.0,1.0,4.0,2274719,1.0,1,4,2,0.0,,-1.0, -1,1990.0,A01,138Â 195Â 982,1.0,0.0,-1.0,1736204,1.0,7,,0.0,2.0,1.0,B01,138Â 195Â 984,1.0
1017111,201900058642,6,7,23:45,5,2,1,1.0,2.0,93073,BERGER (RUE GILBERT),M,"48,9459300","2,5693400",93,2019,50.0,1.0,1.0,4.0,2274720,1.0,1,1,1,9.0,,-1.0, -1,1993.0,B01,138Â 195Â 984,1.0,0.0,-1.0,1736203,1.0,7,,0.0,1.0,4.0,A01,138Â 195Â 982,1.0
1017111,201900058642,6,7,23:45,5,2,1,1.0,2.0,93073,BERGER (RUE GILBERT),M,"48,9459300","2,5693400",93,2019,50.0,1.0,1.0,4.0,2274720,1.0,1,1,1,9.0,,-1.0, -1,1993.0,B01,138Â 195Â 984,1.0,0.0,-1.0,1736204,1.0,7,,0.0,2.0,1.0,B01,138Â 195Â 984,1.0
1017112,201900058643,12,1,00:05,4,2,1,1.0,1.0,29080,Rue Emile Salaun,M,"48,3308200"," -4,2452800",29,2019,50.0,1.0,2.0,3.0,2274721,1.0,1,1,1,5.0,,0.0,0,1973.0,A01,138Â 195Â 981,8.0,-1.0,-1.0,1736205,2.0,7,,0.0,2.0,1.0,A01,138Â 195Â 981,1.0
1017112,201900058643,12,1,00:05,4,2,1,1.0,1.0,29080,Rue Emile Salaun,M,"48,3308200"," -4,2452800",29,2019,50.0,1.0,2.0,3.0,2274721,1.0,1,1,1,5.0,,0.0,0,1973.0,A01,138Â 195Â 981,8.0,-1.0,-1.0,1736206,1.0,2,,0.0,2.0,1.0,B01,138Â 195Â 983,1.0
1017112,201900058643,12,1,00:05,4,2,1,1.0,1.0,29080,Rue Emile Salaun,M,"48,3308200"," -4,2452800",29,2019,50.0,1.0,2.0,3.0,2274722,2.0,2,4,1,5.0,,0.0,0,2004.0,B01,138Â 195Â 983,2.0,6.0,-1.0,1736205,2.0,7,,0.0,2.0,1.0,A01,138Â 195Â 981,1.0
1017112,201900058643,12,1,00:05,4,2,1,1.0,1.0,29080,Rue Emile Salaun,M,"48,3308200"," -4,2452800",29,2019,50.0,1.0,2.0,3.0,2274722,2.0,2,4,1,5.0,,0.0,0,2004.0,B01,138Â 195Â 983,2.0,6.0,-1.0,1736206,1.0,2,,0.0,2.0,1.0,B01,138Â 195Â 983,1.0
1017112,201900058643,12,1,00:05,4,2,1,1.0,1.0,29080,Rue Emile Salaun,M,"48,3308200"," -4,2452800",29,2019,50.0,1.0,2.0,3.0,2274723,1.0,1,4,2,5.0,,0.0,0,2004.0,B01,138Â 195Â 983,2.0,6.0,-1.0,1736205,2.0,7,,0.0,2.0,1.0,A01,138Â 195Â 981,1.0
1017112,201900058643,12,1,00:05,4,2,1,1.0,1.0,29080,Rue Emile Salaun,M,"48,3308200"," -4,2452800",29,2019,50.0,1.0,2.0,3.0,2274723,1.0,1,4,2,5.0,,0.0,0,2004.0,B01,138Â 195Â 983,2.0,6.0,-1.0,1736206,1.0,2,,0.0,2.0,1.0,B01,138Â 195Â 983,1.0
1017113,201900058644,12,1,04:55,3,1,1,1.0,6.0,68139,D17,M,"47,5811580","7,2160430",68,2019,80.0,3.0,1.0,3.0,2274724,1.0,1,4,1,5.0,,0.0,0,1997.0,A01,138Â 195Â 980,8.0,-1.0,-1.0,1736207,1.0,7,,2.0,0.0,1.0,A01,138Â 195Â 980,1.0
1017114,201900058645,6,6,20:00,1,1,1,1.0,6.0,93073,CHAPIT RE ( RUE DU),M,"48,9496000","2,5684000",93,2019,70.0,1.0,1.0,4.0,2274725,2.0,2,4,1,9.0,,-1.0, -1,2000.0,A01,138Â 195Â 979,1.0,0.0,-1.0,1736208,3.0,7,,0.0,0.0,1.0,A01,138Â 195Â 979,1.0
1017114,201900058645,6,6,20:00,1,1,1,1.0,6.0,93073,CHAPIT RE ( RUE DU),M,"48,9496000","2,5684000",93,2019,70.0,1.0,1.0,4.0,2274726,1.0,1,4,1,0.0,,-1.0, -1,1999.0,A01,138Â 195Â 979,1.0,0.0,-1.0,1736208,3.0,7,,0.0,0.0,1.0,A01,138Â 195Â 979,1.0
1017115,201900058646,12,2,17:10,3,1,1,1.0,1.0,68134,1 Cour Sainte Marthe,M,"48,0242240","7,3217890",68,2019,80.0,1.0,1.0,3.0,2274727,1.0,1,3,1,3.0,,0.0,0,1992.0,A01,138Â 195Â 977,1.0,7.0,-1.0,1736209,2.0,7,,0.0,2.0,1.0,A01,138Â 195Â 977,0.0
1017115,201900058646,12,2,17:10,3,1,1,1.0,1.0,68134,1 Cour Sainte Marthe,M,"48,0242240","7,3217890",68,2019,80.0,1.0,1.0,3.0,2274727,1.0,1,3,1,3.0,,0.0,0,1992.0,A01,138Â 195Â 977,1.0,7.0,-1.0,1736210,1.0,10,,0.0,2.0,1.0,B01,138Â 195Â 978,0.0
1017115,201900058646,12,2,17:10,3,1,1,1.0,1.0,68134,1 Cour Sainte Marthe,M,"48,0242240","7,3217890",68,2019,80.0,1.0,1.0,3.0,2274728,9.0,2,3,2,3.0,,0.0,0,2012.0,A01,138Â 195Â 977,1.0,-1.0,-1.0,1736209,2.0,7,,0.0,2.0,1.0,A01,138Â 195Â 977,0.0
1017115,201900058646,12,2,17:10,3,1,1,1.0,1.0,68134,1 Cour Sainte Marthe,M,"48,0242240","7,3217890",68,2019,80.0,1.0,1.0,3.0,2274728,9.0,2,3,2,3.0,,0.0,0,2012.0,A01,138Â 195Â 977,1.0,-1.0,-1.0,1736210,1.0,10,,0.0,2.0,1.0,B01,138Â 195Â 978,0.0
1017115,201900058646,12,2,17:10,3,1,1,1.0,1.0,68134,1 Cour Sainte Marthe,M,"48,0242240","7,3217890",68,2019,80.0,1.0,1.0,3.0,2274729,8.0,2,3,1,3.0,,0.0,0,2014.0,A01,138Â 195Â 977,1.0,-1.0,-1.0,1736209,2.0,7,,0.0,2.0,1.0,A01,138Â 195Â 977,0.0
1017115,201900058646,12,2,17:10,3,1,1,1.0,1.0,68134,1 Cour Sainte Marthe,M,"48,0242240","7,3217890",68,2019,80.0,1.0,1.0,3.0,2274729,8.0,2,3,1,3.0,,0.0,0,2014.0,A01,138Â 195Â 977,1.0,-1.0,-1.0,1736210,1.0,10,,0.0,2.0,1.0,B01,138Â 195Â 978,0.0
1017115,201900058646,12,2,17:10,3,1,1,1.0,1.0,68134,1 Cour Sainte Marthe,M,"48,0242240","7,3217890",68,2019,80.0,1.0,1.0,3.0,2274730,2.0,2,2,1,3.0,,0.0,0,2011.0,A01,138Â 195Â 977,1.0,-1.0,-1.0,1736209,2.0,7,,0.0,2.0,1.0,A01,138Â 195Â 977,0.0
1017115,201900058646,12,2,17:10,3,1,1,1.0,1.0,68134,1 Cour Sainte Marthe,M,"48,0242240","7,3217890",68,2019,80.0,1.0,1.0,3.0,2274730,2.0,2,2,1,3.0,,0.0,0,2011.0,A01,138Â 195Â 977,1.0,-1.0,-1.0,1736210,1.0,10,,0.0,2.0,1.0,B01,138Â 195Â 978,0.0
1017115,201900058646,12,2,17:10,3,1,1,1.0,1.0,68134,1 Cour Sainte Marthe,M,"48,0242240","7,3217890",68,2019,80.0,1.0,1.0,3.0,2274731,7.0,2,3,2,3.0,,0.0,0,2013.0,A01,138Â 195Â 977,1.0,-1.0,-1.0,1736209,2.0,7,,0.0,2.0,1.0,A01,138Â 195Â 977,0.0
1017115,201900058646,12,2,17:10,3,1,1,1.0,1.0,68134,1 Cour Sainte Marthe,M,"48,0242240","7,3217890",68,2019,80.0,1.0,1.0,3.0,2274731,7.0,2,3,2,3.0,,0.0,0,2013.0,A01,138Â 195Â 977,1.0,-1.0,-1.0,1736210,1.0,10,,0.0,2.0,1.0,B01,138Â 195Â 978,0.0
1017115,201900058646,12,2,17:10,3,1,1,1.0,1.0,68134,1 Cour Sainte Marthe,M,"48,0242240","7,3217890",68,2019,80.0,1.0,1.0,3.0,2274732,1.0,1,1,1,1.0,,0.0,0,1956.0,B01,138Â 195Â 978,1.0,5.0,-1.0,1736209,2.0,7,,0.0,2.0,1.0,A01,138Â 195Â 977,0.0
1017115,201900058646,12,2,17:10,3,1,1,1.0,1.0,68134,1 Cour Sainte Marthe,M,"48,0242240","7,3217890",68,2019,80.0,1.0,1.0,3.0,2274732,1.0,1,1,1,1.0,,0.0,0,1956.0,B01,138Â 195Â 978,1.0,5.0,-1.0,1736210,1.0,10,,0.0,2.0,1.0,B01,138Â 195Â 978,0.0
1017116,201900058647,6,5,15:05,1,2,1,2.0,6.0,93073,CHAPIT RE ( RUE DU),M,"48,9872000","2,5441000",93,2019,50.0,1.0,2.0,4.0,2274733,1.0,1,4,2,0.0,,-1.0, -1,2000.0,A01,138Â 195Â 976,8.0,5.0,-1.0,1736211,3.0,7,,15.0,0.0,1.0,A01,138Â 195Â 976,1.0
1017116,201900058647,6,5,15:05,1,2,1,2.0,6.0,93073,CHAPIT RE ( RUE DU),M,"48,9872000","2,5441000",93,2019,50.0,1.0,2.0,4.0,2274734,3.0,2,4,2,0.0,,-1.0, -1,2002.0,A01,138Â 195Â 976,8.0,5.0,-1.0,1736211,3.0,7,,15.0,0.0,1.0,A01,138Â 195Â 976,1.0
1017116,201900058647,6,5,15:05,1,2,1,2.0,6.0,93073,CHAPIT RE ( RUE DU),M,"48,9872000","2,5441000",93,2019,50.0,1.0,2.0,4.0,2274735,2.0,2,4,2,0.0,,-1.0, -1,2000.0,A01,138Â 195Â 976,8.0,0.0,-1.0,1736211,3.0,7,,15.0,0.0,1.0,A01,138Â 195Â 976,1.0
1017117,201900058648,12,1,02:15,3,2,1,5.0,7.0,44127,15 Rue des acacias ,M,"47,0163084"," -1,4301897",44,2019,50.0,1.0,2.0,4.0,2274736,1.0,1,4,1,5.0,,0.0,0,2002.0,A01,138Â 195Â 975,2.0,-1.0,-1.0,1736212,2.0,2,,15.0,0.0,2.0,A01,138Â 195Â 975,1.0
1017118,201900058649,6,18,13:24,1,2,3,1.0,2.0,93072,ROLL TANGUY,M,"48,9581900","2,3675500",93,2019,50.0,1.0,1.0,4.0,2274737,1.0,1,1,2,0.0,,-1.0, -1,1999.0,B01,138Â 195Â 973,1.0,8.0,-1.0,1736213,1.0,3,,0.0,2.0,3.0,B01,138Â 195Â 973,0.0
1017118,201900058649,6,18,13:24,1,2,3,1.0,2.0,93072,ROLL TANGUY,M,"48,9581900","2,3675500",93,2019,50.0,1.0,1.0,4.0,2274737,1.0,1,1,2,0.0,,-1.0, -1,1999.0,B01,138Â 195Â 973,1.0,8.0,-1.0,1736214,1.0,3,,0.0,2.0,5.0,A01,138Â 195Â 974,0.0
1017118,201900058649,6,18,13:24,1,2,3,1.0,2.0,93072,ROLL TANGUY,M,"48,9581900","2,3675500",93,2019,50.0,1.0,1.0,4.0,2274738,1.0,1,4,1,0.0,,-1.0, -1,1979.0,A01,138Â 195Â 974,1.0,8.0,-1.0,1736213,1.0,3,,0.0,2.0,3.0,B01,138Â 195Â 973,0.0
1017118,201900058649,6,18,13:24,1,2,3,1.0,2.0,93072,ROLL TANGUY,M,"48,9581900","2,3675500",93,2019,50.0,1.0,1.0,4.0,2274738,1.0,1,4,1,0.0,,-1.0, -1,1979.0,A01,138Â 195Â 974,1.0,8.0,-1.0,1736214,1.0,3,,0.0,2.0,5.0,A01,138Â 195Â 974,0.0
1017119,201900058650,12,2,04:40,3,2,1,5.0,6.0,31451,7 Rue Georges Brassens,M,"43,4665480","1,9954050",31,2019,50.0,3.0,2.0,4.0,2274739,1.0,1,3,1,1.0,,0.0,0,1992.0,A01,138Â 195Â 972,1.0,-1.0,-1.0,1736215,3.0,7,,2.0,0.0,1.0,A01,138Â 195Â 972,1.0
1017120,201900058651,6,17,10:15,1,2,9,1.0,6.0,93072,MAXIME GORKI (BOULEVARD) NÂ°72 AU 80,M,"48,9464700","2,3864300",93,2019,50.0,6.0,1.0,3.0,2274740,1.0,1,1,1,4.0,,-1.0, -1,1994.0,A01,138Â 195Â 971,8.0,0.0,-1.0,1736216,3.0,10,,0.0,1.0,1.0,A01,138Â 195Â 971,1.0
1017120,201900058651,6,17,10:15,1,2,9,1.0,6.0,93072,MAXIME GORKI (BOULEVARD) NÂ°72 AU 80,M,"48,9464700","2,3864300",93,2019,50.0,6.0,1.0,3.0,2274741,10.0,3,3,1,0.0,,9.0,B,1966.0,A01,138Â 195Â 971,8.0,0.0,-1.0,1736216,3.0,10,,0.0,1.0,1.0,A01,138Â 195Â 971,1.0
1017121,201900058652,12,2,18:17,3,1,1,1.0,2.0,38012,Route des Savoie,M,"45,6128200","5,6147100",38,2019,80.0,1.0,1.0,3.0,2274742,1.0,1,1,1,1.0,,0.0,0,2000.0,A01,138Â 195Â 967,1.0,-1.0,-1.0,1736217,1.0,7,,0.0,9.0,3.0,A01,138Â 195Â 967,1.0
1017121,201900058652,12,2,18:17,3,1,1,1.0,2.0,38012,Route des Savoie,M,"45,6128200","5,6147100",38,2019,80.0,1.0,1.0,3.0,2274742,1.0,1,1,1,1.0,,0.0,0,2000.0,A01,138Â 195Â 967,1.0,-1.0,-1.0,1736218,1.0,1,,0.0,2.0,4.0,B01,138Â 195Â 968,5.0
1017121,201900058652,12,2,18:17,3,1,1,1.0,2.0,38012,Route des Savoie,M,"45,6128200","5,6147100",38,2019,80.0,1.0,1.0,3.0,2274743,1.0,1,2,1,9.0,,0.0,0,1975.0,B01,138Â 195Â 968,0.0,-1.0,-1.0,1736217,1.0,7,,0.0,9.0,3.0,A01,138Â 195Â 967,1.0
1017121,201900058652,12,2,18:17,3,1,1,1.0,2.0,38012,Route des Savoie,M,"45,6128200","5,6147100",38,2019,80.0,1.0,1.0,3.0,2274743,1.0,1,2,1,9.0,,0.0,0,1975.0,B01,138Â 195Â 968,0.0,-1.0,-1.0,1736218,1.0,1,,0.0,2.0,4.0,B01,138Â 195Â 968,5.0
1017122,201900058653,6,15,13:50,1,2,9,1.0,3.0,93072,MARCEL CACHIN (AVENUE) COTE NÂ°16 AU 50,M,"48,9573800","2,3828100",93,2019,50.0,1.0,1.0,3.0,2274744,2.0,2,1,1,0.0,,-1.0, -1,1994.0,A01,138Â 195Â 966,1.0,0.0,-1.0,1736219,3.0,7,,0.0,2.0,2.0,A01,138Â 195Â 966,1.0
1017122,201900058653,6,15,13:50,1,2,9,1.0,3.0,93072,MARCEL CACHIN (AVENUE) COTE NÂ°16 AU 50,M,"48,9573800","2,3828100",93,2019,50.0,1.0,1.0,3.0,2274744,2.0,2,1,1,0.0,,-1.0, -1,1994.0,A01,138Â 195Â 966,1.0,0.0,-1.0,1736220,3.0,33,,0.0,2.0,3.0,B01,138Â 195Â 969,1.0
1017122,201900058653,6,15,13:50,1,2,9,1.0,3.0,93072,MARCEL CACHIN (AVENUE) COTE NÂ°16 AU 50,M,"48,9573800","2,3828100",93,2019,50.0,1.0,1.0,3.0,2274745,1.0,1,1,1,0.0,,-1.0, -1,1988.0,A01,138Â 195Â 966,1.0,0.0,-1.0,1736219,3.0,7,,0.0,2.0,2.0,A01,138Â 195Â 966,1.0
1017122,201900058653,6,15,13:50,1,2,9,1.0,3.0,93072,MARCEL CACHIN (AVENUE) COTE NÂ°16 AU 50,M,"48,9573800","2,3828100",93,2019,50.0,1.0,1.0,3.0,2274745,1.0,1,1,1,0.0,,-1.0, -1,1988.0,A01,138Â 195Â 966,1.0,0.0,-1.0,1736220,3.0,33,,0.0,2.0,3.0,B01,138Â 195Â 969,1.0
1017122,201900058653,6,15,13:50,1,2,9,1.0,3.0,93072,MARCEL CACHIN (AVENUE) COTE NÂ°16 AU 50,M,"48,9573800","2,3828100",93,2019,50.0,1.0,1.0,3.0,2274746,1.0,1,4,1,0.0,,-1.0, -1,1996.0,B01,138Â 195Â 969,2.0,6.0,-1.0,1736219,3.0,7,,0.0,2.0,2.0,A01,138Â 195Â 966,1.0
1017122,201900058653,6,15,13:50,1,2,9,1.0,3.0,93072,MARCEL CACHIN (AVENUE) COTE NÂ°16 AU 50,M,"48,9573800","2,3828100",93,2019,50.0,1.0,1.0,3.0,2274746,1.0,1,4,1,0.0,,-1.0, -1,1996.0,B01,138Â 195Â 969,2.0,6.0,-1.0,1736220,3.0,33,,0.0,2.0,3.0,B01,138Â 195Â 969,1.0
1017123,201900058654,12,2,13:55,1,1,1,1.0,1.0,70163,N57 PR 39Colombier,M,"47,6637511","6,2202804",70,2019,80.0,1.0,1.0,2.0,2274747,1.0,1,3,2,5.0,,0.0,0,1959.0,B01,138Â 195Â 963,1.0,-1.0,-1.0,1736221,1.0,10,,0.0,2.0,3.0,B01,138Â 195Â 963,1.0
1017123,201900058654,12,2,13:55,1,1,1,1.0,1.0,70163,N57 PR 39Colombier,M,"47,6637511","6,2202804",70,2019,80.0,1.0,1.0,2.0,2274747,1.0,1,3,2,5.0,,0.0,0,1959.0,B01,138Â 195Â 963,1.0,-1.0,-1.0,1736222,2.0,7,,0.0,2.0,3.0,A01,138Â 195Â 965,1.0
1017123,201900058654,12,2,13:55,1,1,1,1.0,1.0,70163,N57 PR 39Colombier,M,"47,6637511","6,2202804",70,2019,80.0,1.0,1.0,2.0,2274748,1.0,1,3,1,1.0,,0.0,0,1944.0,A01,138Â 195Â 965,8.0,-1.0,-1.0,1736221,1.0,10,,0.0,2.0,3.0,B01,138Â 195Â 963,1.0
1017123,201900058654,12,2,13:55,1,1,1,1.0,1.0,70163,N57 PR 39Colombier,M,"47,6637511","6,2202804",70,2019,80.0,1.0,1.0,2.0,2274748,1.0,1,3,1,1.0,,0.0,0,1944.0,A01,138Â 195Â 965,8.0,-1.0,-1.0,1736222,2.0,7,,0.0,2.0,3.0,A01,138Â 195Â 965,1.0
1017124,201900058655,6,1,12:30,1,2,9,1.0,3.0,93066,"""STALINGRAND (AV), NR 2-86 ET 1 SUIVANTS",M,"48,9454700","2,3638400",93,2019,50.0,1.0,1.0,3.0,2274749,1.0,1,1,2,0.0,,-1.0, -1,1971.0,A01,138Â 195Â 962,1.0,0.0,-1.0,1736223,3.0,7,,0.0,2.0,7.0,A01,138Â 195Â 962,1.0
1017124,201900058655,6,1,12:30,1,2,9,1.0,3.0,93066,"""STALINGRAND (AV), NR 2-86 ET 1 SUIVANTS",M,"48,9454700","2,3638400",93,2019,50.0,1.0,1.0,3.0,2274749,1.0,1,1,2,0.0,,-1.0, -1,1971.0,A01,138Â 195Â 962,1.0,0.0,-1.0,1736224,0.0,7,,0.0,2.0,1.0,B01,138Â 195Â 964,1.0
1017124,201900058655,6,1,12:30,1,2,9,1.0,3.0,93066,"""STALINGRAND (AV), NR 2-86 ET 1 SUIVANTS",M,"48,9454700","2,3638400",93,2019,50.0,1.0,1.0,3.0,2274750,1.0,1,4,1,9.0,,-1.0, -1,1967.0,B01,138Â 195Â 964,1.0,0.0,-1.0,1736223,3.0,7,,0.0,2.0,7.0,A01,138Â 195Â 962,1.0
1017124,201900058655,6,1,12:30,1,2,9,1.0,3.0,93066,"""STALINGRAND (AV), NR 2-86 ET 1 SUIVANTS",M,"48,9454700","2,3638400",93,2019,50.0,1.0,1.0,3.0,2274750,1.0,1,4,1,9.0,,-1.0, -1,1967.0,B01,138Â 195Â 964,1.0,0.0,-1.0,1736224,0.0,7,,0.0,2.0,1.0,B01,138Â 195Â 964,1.0
1017125,201900058656,12,2,08:15,2,1,1,1.0,3.0,26246,Route de DIE,M,"44,7640450","5,3096870",26,2019,80.0,1.0,2.0,3.0,2274751,1.0,1,1,2,4.0,,0.0,0,1981.0,B01,138Â 195Â 960,1.0,-1.0,-1.0,1736225,1.0,15,,0.0,2.0,8.0,B01,138Â 195Â 960,1.0
1017125,201900058656,12,2,08:15,2,1,1,1.0,3.0,26246,Route de DIE,M,"44,7640450","5,3096870",26,2019,80.0,1.0,2.0,3.0,2274751,1.0,1,1,2,4.0,,0.0,0,1981.0,B01,138Â 195Â 960,1.0,-1.0,-1.0,1736226,1.0,15,,0.0,2.0,0.0,A01,138Â 195Â 961,1.0
1017125,201900058656,12,2,08:15,2,1,1,1.0,3.0,26246,Route de DIE,M,"44,7640450","5,3096870",26,2019,80.0,1.0,2.0,3.0,2274752,1.0,1,4,1,4.0,,0.0,0,1964.0,A01,138Â 195Â 961,1.0,-1.0,-1.0,1736225,1.0,15,,0.0,2.0,8.0,B01,138Â 195Â 960,1.0
1017125,201900058656,12,2,08:15,2,1,1,1.0,3.0,26246,Route de DIE,M,"44,7640450","5,3096870",26,2019,80.0,1.0,2.0,3.0,2274752,1.0,1,4,1,4.0,,0.0,0,1964.0,A01,138Â 195Â 961,1.0,-1.0,-1.0,1736226,1.0,15,,0.0,2.0,0.0,A01,138Â 195Â 961,1.0
1017126,201900058657,12,2,16:05,1,2,9,1.0,6.0,45081,36 Rue de la LibÃ©ration,M,"47,9289630","1,5773690",45,2019,50.0,4.0,1.0,3.0,2274753,1.0,1,3,1,0.0,,0.0,0,1995.0,A01,138Â 195Â 955,8.0,-1.0,-1.0,1736227,2.0,7,,6.0,0.0,2.0,A01,138Â 195Â 955,1.0
1017127,201900058658,6,15,20:58,1,2,1,1.0,6.0,93071,THIERS (RUE),M,"48,9333000","2,5333000",93,2019,50.0,1.0,1.0,4.0,2274754,10.0,3,4,2,5.0,,1.0,3,2012.0,A01,138Â 195Â 954,8.0,0.0,-1.0,1736228,1.0,10,,0.0,1.0,2.0,A01,138Â 195Â 954,1.0
1017128,201900058659,12,2,13:00,1,1,3,1.0,3.0,53016,"D20, au niveau de l'intersection de la Loirie",M,"48,2587330"," -0,3536110",53,2019,80.0,1.0,1.0,3.0,2274755,1.0,1,1,2,4.0,,0.0,0,1969.0,B01,138Â 195Â 951,0.0,-1.0,-1.0,1736229,1.0,21,,0.0,2.0,7.0,B01,138Â 195Â 951,1.0
1017128,201900058659,12,2,13:00,1,1,3,1.0,3.0,53016,"D20, au niveau de l'intersection de la Loirie",M,"48,2587330"," -0,3536110",53,2019,80.0,1.0,1.0,3.0,2274755,1.0,1,1,2,4.0,,0.0,0,1969.0,B01,138Â 195Â 951,0.0,-1.0,-1.0,1736230,1.0,33,,13.0,2.0,2.0,A01,138Â 195Â 953,1.0
1017128,201900058659,12,2,13:00,1,1,3,1.0,3.0,53016,"D20, au niveau de l'intersection de la Loirie",M,"48,2587330"," -0,3536110",53,2019,80.0,1.0,1.0,3.0,2274756,1.0,1,3,1,1.0,,0.0,0,1972.0,A01,138Â 195Â 953,2.0,-1.0,-1.0,1736229,1.0,21,,0.0,2.0,7.0,B01,138Â 195Â 951,1.0
1017128,201900058659,12,2,13:00,1,1,3,1.0,3.0,53016,"D20, au niveau de l'intersection de la Loirie",M,"48,2587330"," -0,3536110",53,2019,80.0,1.0,1.0,3.0,2274756,1.0,1,3,1,1.0,,0.0,0,1972.0,A01,138Â 195Â 953,2.0,-1.0,-1.0,1736230,1.0,33,,13.0,2.0,2.0,A01,138Â 195Â 953,1.0
1017129,201900058660,6,9,02:15,1,2,2,1.0,1.0,93071,JAURES (AV. JEAN) 1 A 123,M,"48,9350020","2,5345770",93,2019,50.0,3.0,1.0,4.0,2274757,1.0,1,4,1,0.0,,-1.0, -1,1998.0,A01,138Â 195Â 950,2.0,8.0,-1.0,1736231,3.0,33,,0.0,2.0,7.0,A01,138Â 195Â 950,1.0
1017129,201900058660,6,9,02:15,1,2,2,1.0,1.0,93071,JAURES (AV. JEAN) 1 A 123,M,"48,9350020","2,5345770",93,2019,50.0,3.0,1.0,4.0,2274757,1.0,1,4,1,0.0,,-1.0, -1,1998.0,A01,138Â 195Â 950,2.0,8.0,-1.0,1736232,2.0,7,,0.0,2.0,1.0,B01,138Â 195Â 952,1.0
1017129,201900058660,6,9,02:15,1,2,2,1.0,1.0,93071,JAURES (AV. JEAN) 1 A 123,M,"48,9350020","2,5345770",93,2019,50.0,3.0,1.0,4.0,2274758,1.0,1,1,2,9.0,,-1.0, -1,1995.0,B01,138Â 195Â 952,1.0,0.0,-1.0,1736231,3.0,33,,0.0,2.0,7.0,A01,138Â 195Â 950,1.0
1017129,201900058660,6,9,02:15,1,2,2,1.0,1.0,93071,JAURES (AV. JEAN) 1 A 123,M,"48,9350020","2,5345770",93,2019,50.0,3.0,1.0,4.0,2274758,1.0,1,1,2,9.0,,-1.0, -1,1995.0,B01,138Â 195Â 952,1.0,0.0,-1.0,1736232,2.0,7,,0.0,2.0,1.0,B01,138Â 195Â 952,1.0
1017130,201900058661,6,7,00:20,5,2,3,1.0,3.0,93005,CHARLES GOUPPY (RUE),M,"48,9417910","2,4980540",93,2019,50.0,3.0,1.0,3.0,2274759,1.0,1,3,1,0.0,,0.0,0,1987.0,N01,138Â 195Â 946,2.0,-1.0,-1.0,1736233,1.0,34,,0.0,2.0,1.0,N01,138Â 195Â 946,1.0
1017130,201900058661,6,7,00:20,5,2,3,1.0,3.0,93005,CHARLES GOUPPY (RUE),M,"48,9417910","2,4980540",93,2019,50.0,3.0,1.0,3.0,2274759,1.0,1,3,1,0.0,,0.0,0,1987.0,N01,138Â 195Â 946,2.0,-1.0,-1.0,1736234,1.0,7,,0.0,2.0,3.0,B01,138Â 195Â 948,1.0
1017130,201900058661,6,7,00:20,5,2,3,1.0,3.0,93005,CHARLES GOUPPY (RUE),M,"48,9417910","2,4980540",93,2019,50.0,3.0,1.0,3.0,2274760,1.0,1,1,1,0.0,,0.0,0,1987.0,B01,138Â 195Â 948,1.0,0.0,-1.0,1736233,1.0,34,,0.0,2.0,1.0,N01,138Â 195Â 946,1.0
1017130,201900058661,6,7,00:20,5,2,3,1.0,3.0,93005,CHARLES GOUPPY (RUE),M,"48,9417910","2,4980540",93,2019,50.0,3.0,1.0,3.0,2274760,1.0,1,1,1,0.0,,0.0,0,1987.0,B01,138Â 195Â 948,1.0,0.0,-1.0,1736234,1.0,7,,0.0,2.0,3.0,B01,138Â 195Â 948,1.0
1017131,201900058662,12,2,08:30,1,1,2,1.0,3.0,85179,La CroisÃ©e du LiÃ¨vre,M,"46,5248300"," -1,5519700",85,2019,70.0,1.0,1.0,3.0,2274761,1.0,1,3,1,1.0,,0.0,0,1994.0,B01,138Â 195Â 947,1.0,-1.0,-1.0,1736235,2.0,7,,0.0,2.0,1.0,B01,138Â 195Â 947,1.0
1017131,201900058662,12,2,08:30,1,1,2,1.0,3.0,85179,La CroisÃ©e du LiÃ¨vre,M,"46,5248300"," -1,5519700",85,2019,70.0,1.0,1.0,3.0,2274761,1.0,1,3,1,1.0,,0.0,0,1994.0,B01,138Â 195Â 947,1.0,-1.0,-1.0,1736236,2.0,38,1.0,0.0,2.0,2.0,A01,138Â 195Â 949,1.0