Unnamed: 0_x,num_acc,mois,jour,hrmn,lum,agg,int,atm,col,com,adr,gps,lat,long,dep,annee,vma,situ,surf,catr,Unnamed: 0_y,place,catu,grav,sexe,trajet,secu,locp,actp,an_nais,num_veh_x,id_vehicule_x,secu1,secu2,secu3,Unnamed: 0,senc,catv,occutc,obs,obsm,choc,num_veh_y,id_vehicule_y,motor
1017131,201900058662,12,2,08:30,1,1,2,1.0,3.0,85179,La CroisÃ©e du LiÃ¨vre,M,"46,5248300"," -1,5519700",85,2019,70.0,1.0,1.0,3.0,2274762,1.0,1,1,2,4.0,,0.0,0,1965.0,A01,138Â 195Â 949,1.0,-1.0,-1.0,1736235,2.0,7,,0.0,2.0,1.0,B01,138Â 195Â 947,1.0
1017131,201900058662,12,2,08:30,1,1,2,1.0,3.0,85179,La CroisÃ©e du LiÃ¨vre,M,"46,5248300"," -1,5519700",85,2019,70.0,1.0,1.0,3.0,2274762,1.0,1,1,2,4.0,,0.0,0,1965.0,A01,138Â 195Â 949,1.0,-1.0,-1.0,1736236,2.0,38,1.0,0.0,2.0,2.0,A01,138Â 195Â 949,1.0
1017132,201900058663,12,1,15:20,1,1,1,1.0,7.0,23006,D914,M,"46,0876100","1,5296570",23,2019,80.0,1.0,2.0,3.0,2274763,1.0,1,3,1,5.0,,0.0,0,1969.0,A01,138Â 195Â 944,2.0,6.0,-1.0,1736237,2.0,33,,0.0,0.0,0.0,A01,138Â 195Â 944,1.0
1017133,201900058664,6,19,13:10,1,2,3,1.0,2.0,93070,DOCTEUR BAUER(RUE DU) :NÂ° 1 AU 73,M,"48,9122240","2,3360380",93,2019,50.0,1.0,1.0,3.0,2274764,1.0,1,1,1,9.0,,-1.0, -1,1998.0,B01,138Â 195Â 943,8.0,0.0,-1.0,1736238,3.0,7,,0.0,2.0,6.0,B01,138Â 195Â 943,6.0
1017133,201900058664,6,19,13:10,1,2,3,1.0,2.0,93070,DOCTEUR BAUER(RUE DU) :NÂ° 1 AU 73,M,"48,9122240","2,3360380",93,2019,50.0,1.0,1.0,3.0,2274764,1.0,1,1,1,9.0,,-1.0, -1,1998.0,B01,138Â 195Â 943,8.0,0.0,-1.0,1736239,3.0,7,,0.0,2.0,2.0,A01,138Â 195Â 945,6.0
1017133,201900058664,6,19,13:10,1,2,3,1.0,2.0,93070,DOCTEUR BAUER(RUE DU) :NÂ° 1 AU 73,M,"48,9122240","2,3360380",93,2019,50.0,1.0,1.0,3.0,2274765,2.0,2,4,2,9.0,,-1.0, -1,1967.0,B01,138Â 195Â 943,8.0,0.0,-1.0,1736238,3.0,7,,0.0,2.0,6.0,B01,138Â 195Â 943,6.0
1017133,201900058664,6,19,13:10,1,2,3,1.0,2.0,93070,DOCTEUR BAUER(RUE DU) :NÂ° 1 AU 73,M,"48,9122240","2,3360380",93,2019,50.0,1.0,1.0,3.0,2274765,2.0,2,4,2,9.0,,-1.0, -1,1967.0,B01,138Â 195Â 943,8.0,0.0,-1.0,1736239,3.0,7,,0.0,2.0,2.0,A01,138Â 195Â 945,6.0
1017133,201900058664,6,19,13:10,1,2,3,1.0,2.0,93070,DOCTEUR BAUER(RUE DU) :NÂ° 1 AU 73,M,"48,9122240","2,3360380",93,2019,50.0,1.0,1.0,3.0,2274766,1.0,1,1,1,9.0,,-1.0, -1,1961.0,A01,138Â 195Â 945,8.0,0.0,-1.0,1736238,3.0,7,,0.0,2.0,6.0,B01,138Â 195Â 943,6.0
1017133,201900058664,6,19,13:10,1,2,3,1.0,2.0,93070,DOCTEUR BAUER(RUE DU) :NÂ° 1 AU 73,M,"48,9122240","2,3360380",93,2019,50.0,1.0,1.0,3.0,2274766,1.0,1,1,1,9.0,,-1.0, -1,1961.0,A01,138Â 195Â 945,8.0,0.0,-1.0,1736239,3.0,7,,0.0,2.0,2.0,A01,138Â 195Â 945,6.0
1017134,201900058665,11,29,23:50,3,1,1,2.0,7.0,87086,Linards,M,"45,6985070","1,5678950",87,2019,80.0,3.0,2.0,4.0,2274767,1.0,1,1,1,5.0,,0.0,0,2001.0,A01,138Â 195Â 942,1.0,-1.0,-1.0,1736240,3.0,7,,13.0,0.0,3.0,A01,138Â 195Â 942,1.0
1017134,201900058665,11,29,23:50,3,1,1,2.0,7.0,87086,Linards,M,"45,6985070","1,5678950",87,2019,80.0,3.0,2.0,4.0,2274768,2.0,2,3,1,5.0,,0.0,0,2001.0,A01,138Â 195Â 942,1.0,-1.0,-1.0,1736240,3.0,7,,13.0,0.0,3.0,A01,138Â 195Â 942,1.0
1017135,201900058666,6,19,12:35,1,2,1,1.0,6.0,93070,ROSIERS(DES) : APRES 61,M,"48,9040170","2,3339128",93,2019,50.0,1.0,1.0,4.0,2274769,10.0,3,4,2,0.0,,5.0,5,2015.0,A01,138Â 195Â 941,8.0,0.0,-1.0,1736241,1.0,3,,0.0,1.0,2.0,A01,138Â 195Â 941,1.0
1017135,201900058666,6,19,12:35,1,2,1,1.0,6.0,93070,ROSIERS(DES) : APRES 61,M,"48,9040170","2,3339128",93,2019,50.0,1.0,1.0,4.0,2274770,1.0,1,1,1,9.0,,-1.0, -1,1992.0,A01,138Â 195Â 941,1.0,0.0,-1.0,1736241,1.0,3,,0.0,1.0,2.0,A01,138Â 195Â 941,1.0
1017136,201900058667,6,18,10:55,1,2,2,1.0,3.0,93070,JEAN-JAURES (BD),M,"48,9130000","2,3350000",93,2019,50.0,1.0,1.0,3.0,2274771,1.0,1,1,1,0.0,,-1.0, -1,1998.0,B01,138Â 195Â 938,1.0,0.0,-1.0,1736242,3.0,7,,0.0,0.0,6.0,B01,138Â 195Â 938,0.0
1017136,201900058667,6,18,10:55,1,2,2,1.0,3.0,93070,JEAN-JAURES (BD),M,"48,9130000","2,3350000",93,2019,50.0,1.0,1.0,3.0,2274771,1.0,1,1,1,0.0,,-1.0, -1,1998.0,B01,138Â 195Â 938,1.0,0.0,-1.0,1736243,3.0,7,,0.0,2.0,1.0,A01,138Â 195Â 940,0.0
1017136,201900058667,6,18,10:55,1,2,2,1.0,3.0,93070,JEAN-JAURES (BD),M,"48,9130000","2,3350000",93,2019,50.0,1.0,1.0,3.0,2274772,1.0,1,4,2,0.0,,-1.0, -1,1965.0,A01,138Â 195Â 940,1.0,0.0,-1.0,1736242,3.0,7,,0.0,0.0,6.0,B01,138Â 195Â 938,0.0
1017136,201900058667,6,18,10:55,1,2,2,1.0,3.0,93070,JEAN-JAURES (BD),M,"48,9130000","2,3350000",93,2019,50.0,1.0,1.0,3.0,2274772,1.0,1,4,2,0.0,,-1.0, -1,1965.0,A01,138Â 195Â 940,1.0,0.0,-1.0,1736243,3.0,7,,0.0,2.0,1.0,A01,138Â 195Â 940,0.0
1017137,201900058668,12,1,17:45,5,2,3,1.0,3.0,37139,Rue Buntingford,M,"47,3917520","0,5400210",37,2019,50.0,1.0,1.0,7.0,2274773,1.0,1,1,1,5.0,,0.0,0,1983.0,A01,138Â 195Â 937,1.0,-1.0,-1.0,1736244,1.0,7,,0.0,2.0,3.0,A01,138Â 195Â 937,1.0
1017137,201900058668,12,1,17:45,5,2,3,1.0,3.0,37139,Rue Buntingford,M,"47,3917520","0,5400210",37,2019,50.0,1.0,1.0,7.0,2274773,1.0,1,1,1,5.0,,0.0,0,1983.0,A01,138Â 195Â 937,1.0,-1.0,-1.0,1736245,2.0,2,,0.0,2.0,8.0,B01,138Â 195Â 939,1.0
1017137,201900058668,12,1,17:45,5,2,3,1.0,3.0,37139,Rue Buntingford,M,"47,3917520","0,5400210",37,2019,50.0,1.0,1.0,7.0,2274774,2.0,2,3,1,0.0,,0.0,0,2001.0,B01,138Â 195Â 939,2.0,-1.0,-1.0,1736244,1.0,7,,0.0,2.0,3.0,A01,138Â 195Â 937,1.0
1017137,201900058668,12,1,17:45,5,2,3,1.0,3.0,37139,Rue Buntingford,M,"47,3917520","0,5400210",37,2019,50.0,1.0,1.0,7.0,2274774,2.0,2,3,1,0.0,,0.0,0,2001.0,B01,138Â 195Â 939,2.0,-1.0,-1.0,1736245,2.0,2,,0.0,2.0,8.0,B01,138Â 195Â 939,1.0
1017137,201900058668,12,1,17:45,5,2,3,1.0,3.0,37139,Rue Buntingford,M,"47,3917520","0,5400210",37,2019,50.0,1.0,1.0,7.0,2274775,1.0,1,4,1,5.0,,0.0,0,2000.0,B01,138Â 195Â 939,2.0,-1.0,-1.0,1736244,1.0,7,,0.0,2.0,3.0,A01,138Â 195Â 937,1.0
1017137,201900058668,12,1,17:45,5,2,3,1.0,3.0,37139,Rue Buntingford,M,"47,3917520","0,5400210",37,2019,50.0,1.0,1.0,7.0,2274775,1.0,1,4,1,5.0,,0.0,0,2000.0,B01,138Â 195Â 939,2.0,-1.0,-1.0,1736245,2.0,2,,0.0,2.0,8.0,B01,138Â 195Â 939,1.0
1017138,201900058669,6,5,12:20,1,2,9,2.0,1.0,93070,VICTOR-HUGO (BD),M,"48,9047000","2,3223000",93,2019,50.0,1.0,2.0,3.0,2274776,4.0,2,4,1,0.0,,-1.0, -1,1943.0,B01,138Â 195Â 934,1.0,0.0,-1.0,1736246,2.0,7,,0.0,2.0,1.0,B01,138Â 195Â 934,0.0
1017138,201900058669,6,5,12:20,1,2,9,2.0,1.0,93070,VICTOR-HUGO (BD),M,"48,9047000","2,3223000",93,2019,50.0,1.0,2.0,3.0,2274776,4.0,2,4,1,0.0,,-1.0, -1,1943.0,B01,138Â 195Â 934,1.0,0.0,-1.0,1736247,2.0,7,,0.0,2.0,2.0,A01,138Â 195Â 936,0.0
1017138,201900058669,6,5,12:20,1,2,9,2.0,1.0,93070,VICTOR-HUGO (BD),M,"48,9047000","2,3223000",93,2019,50.0,1.0,2.0,3.0,2274777,2.0,2,1,1,0.0,,-1.0, -1,1949.0,B01,138Â 195Â 934,1.0,0.0,-1.0,1736246,2.0,7,,0.0,2.0,1.0,B01,138Â 195Â 934,0.0
1017138,201900058669,6,5,12:20,1,2,9,2.0,1.0,93070,VICTOR-HUGO (BD),M,"48,9047000","2,3223000",93,2019,50.0,1.0,2.0,3.0,2274777,2.0,2,1,1,0.0,,-1.0, -1,1949.0,B01,138Â 195Â 934,1.0,0.0,-1.0,1736247,2.0,7,,0.0,2.0,2.0,A01,138Â 195Â 936,0.0
1017138,201900058669,6,5,12:20,1,2,9,2.0,1.0,93070,VICTOR-HUGO (BD),M,"48,9047000","2,3223000",93,2019,50.0,1.0,2.0,3.0,2274778,1.0,1,4,1,0.0,,-1.0, -1,1966.0,B01,138Â 195Â 934,1.0,0.0,-1.0,1736246,2.0,7,,0.0,2.0,1.0,B01,138Â 195Â 934,0.0
1017138,201900058669,6,5,12:20,1,2,9,2.0,1.0,93070,VICTOR-HUGO (BD),M,"48,9047000","2,3223000",93,2019,50.0,1.0,2.0,3.0,2274778,1.0,1,4,1,0.0,,-1.0, -1,1966.0,B01,138Â 195Â 934,1.0,0.0,-1.0,1736247,2.0,7,,0.0,2.0,2.0,A01,138Â 195Â 936,0.0
1017138,201900058669,6,5,12:20,1,2,9,2.0,1.0,93070,VICTOR-HUGO (BD),M,"48,9047000","2,3223000",93,2019,50.0,1.0,2.0,3.0,2274779,1.0,1,4,1,1.0,,-1.0, -1,1965.0,A01,138Â 195Â 936,8.0,0.0,-1.0,1736246,2.0,7,,0.0,2.0,1.0,B01,138Â 195Â 934,0.0
1017138,201900058669,6,5,12:20,1,2,9,2.0,1.0,93070,VICTOR-HUGO (BD),M,"48,9047000","2,3223000",93,2019,50.0,1.0,2.0,3.0,2274779,1.0,1,4,1,1.0,,-1.0, -1,1965.0,A01,138Â 195Â 936,8.0,0.0,-1.0,1736247,2.0,7,,0.0,2.0,2.0,A01,138Â 195Â 936,0.0
1017139,201900058670,11,29,10:30,1,2,6,1.0,6.0,37050,Rue Thomas Edison,M,"47,3378200","0,7015440",37,2019,50.0,1.0,1.0,7.0,2274780,1.0,1,1,1,5.0,,0.0,0,1949.0,A01,138Â 195Â 935,8.0,-1.0,-1.0,1736248,1.0,7,,0.0,1.0,1.0,A01,138Â 195Â 935,1.0
1017139,201900058670,11,29,10:30,1,2,6,1.0,6.0,37050,Rue Thomas Edison,M,"47,3378200","0,7015440",37,2019,50.0,1.0,1.0,7.0,2274781,10.0,3,3,2,5.0,,2.0,3,1962.0,A01,138Â 195Â 935,0.0,-1.0,-1.0,1736248,1.0,7,,0.0,1.0,1.0,A01,138Â 195Â 935,1.0
1017140,201900058671,12,2,09:50,1,1,1,1.0,6.0,52497,D213,M,"48,5462550","4,9882160",52,2019,80.0,3.0,2.0,3.0,2274782,1.0,1,4,1,5.0,,0.0,0,1990.0,A01,138Â 195Â 931,1.0,-1.0,-1.0,1736249,1.0,7,,2.0,0.0,1.0,A01,138Â 195Â 931,1.0
1017141,201900058672,12,2,16:40,2,1,2,2.0,2.0,08410,Semide,M,"49,3445670","4,5627280",8,2019,80.0,1.0,2.0,3.0,2274783,1.0,1,2,1,5.0,,0.0,0,1933.0,B01,138Â 195Â 928,1.0,-1.0,-1.0,1736250,3.0,7,,0.0,0.0,5.0,B01,138Â 195Â 928,1.0
1017141,201900058672,12,2,16:40,2,1,2,2.0,2.0,08410,Semide,M,"49,3445670","4,5627280",8,2019,80.0,1.0,2.0,3.0,2274783,1.0,1,2,1,5.0,,0.0,0,1933.0,B01,138Â 195Â 928,1.0,-1.0,-1.0,1736251,2.0,17,,0.0,2.0,2.0,A01,138Â 195Â 929,1.0
1017141,201900058672,12,2,16:40,2,1,2,2.0,2.0,08410,Semide,M,"49,3445670","4,5627280",8,2019,80.0,1.0,2.0,3.0,2274784,2.0,2,2,2,5.0,,0.0,0,1931.0,B01,138Â 195Â 928,1.0,-1.0,-1.0,1736250,3.0,7,,0.0,0.0,5.0,B01,138Â 195Â 928,1.0
1017141,201900058672,12,2,16:40,2,1,2,2.0,2.0,08410,Semide,M,"49,3445670","4,5627280",8,2019,80.0,1.0,2.0,3.0,2274784,2.0,2,2,2,5.0,,0.0,0,1931.0,B01,138Â 195Â 928,1.0,-1.0,-1.0,1736251,2.0,17,,0.0,2.0,2.0,A01,138Â 195Â 929,1.0
1017141,201900058672,12,2,16:40,2,1,2,2.0,2.0,08410,Semide,M,"49,3445670","4,5627280",8,2019,80.0,1.0,2.0,3.0,2274785,1.0,1,1,1,4.0,,0.0,0,1995.0,A01,138Â 195Â 929,1.0,-1.0,-1.0,1736250,3.0,7,,0.0,0.0,5.0,B01,138Â 195Â 928,1.0
1017141,201900058672,12,2,16:40,2,1,2,2.0,2.0,08410,Semide,M,"49,3445670","4,5627280",8,2019,80.0,1.0,2.0,3.0,2274785,1.0,1,1,1,4.0,,0.0,0,1995.0,A01,138Â 195Â 929,1.0,-1.0,-1.0,1736251,2.0,17,,0.0,2.0,2.0,A01,138Â 195Â 929,1.0
1017142,201900058673,10,31,19:00,5,1,1,1.0,1.0,35059,D637,M,"48,1919080"," -1,7292090",35,2019,70.0,1.0,2.0,3.0,2274786,1.0,1,1,2,5.0,,0.0,0,2001.0,B01,138Â 195Â 926,1.0,-1.0,-1.0,1736252,0.0,7,,0.0,2.0,1.0,B01,138Â 195Â 926,1.0
1017142,201900058673,10,31,19:00,5,1,1,1.0,1.0,35059,D637,M,"48,1919080"," -1,7292090",35,2019,70.0,1.0,2.0,3.0,2274786,1.0,1,1,2,5.0,,0.0,0,2001.0,B01,138Â 195Â 926,1.0,-1.0,-1.0,1736253,0.0,33,,0.0,2.0,1.0,A01,138Â 195Â 927,1.0
1017142,201900058673,10,31,19:00,5,1,1,1.0,1.0,35059,D637,M,"48,1919080"," -1,7292090",35,2019,70.0,1.0,2.0,3.0,2274787,1.0,1,3,1,1.0,,0.0,0,1966.0,A01,138Â 195Â 927,2.0,6.0,-1.0,1736252,0.0,7,,0.0,2.0,1.0,B01,138Â 195Â 926,1.0
1017142,201900058673,10,31,19:00,5,1,1,1.0,1.0,35059,D637,M,"48,1919080"," -1,7292090",35,2019,70.0,1.0,2.0,3.0,2274787,1.0,1,3,1,1.0,,0.0,0,1966.0,A01,138Â 195Â 927,2.0,6.0,-1.0,1736253,0.0,33,,0.0,2.0,1.0,A01,138Â 195Â 927,1.0
1017143,201900058674,6,4,14:33,1,2,1,1.0,4.0,93070,VICTOR-HUGO (BD),M,"48,9069800","2,3258800",93,2019,50.0,1.0,1.0,3.0,2274788,1.0,1,4,1,0.0,,-1.0, -1,1957.0,B01,138Â 195Â 930,1.0,8.0,-1.0,1736254,2.0,7,,0.0,2.0,4.0,B01,138Â 195Â 930,1.0
1017143,201900058674,6,4,14:33,1,2,1,1.0,4.0,93070,VICTOR-HUGO (BD),M,"48,9069800","2,3258800",93,2019,50.0,1.0,1.0,3.0,2274788,1.0,1,4,1,0.0,,-1.0, -1,1957.0,B01,138Â 195Â 930,1.0,8.0,-1.0,1736255,2.0,7,,0.0,2.0,4.0,C01,138Â 195Â 932,1.0
1017143,201900058674,6,4,14:33,1,2,1,1.0,4.0,93070,VICTOR-HUGO (BD),M,"48,9069800","2,3258800",93,2019,50.0,1.0,1.0,3.0,2274788,1.0,1,4,1,0.0,,-1.0, -1,1957.0,B01,138Â 195Â 930,1.0,8.0,-1.0,1736256,2.0,10,,0.0,2.0,1.0,A01,138Â 195Â 933,1.0
1017143,201900058674,6,4,14:33,1,2,1,1.0,4.0,93070,VICTOR-HUGO (BD),M,"48,9069800","2,3258800",93,2019,50.0,1.0,1.0,3.0,2274789,1.0,1,1,1,0.0,,-1.0, -1,1980.0,C01,138Â 195Â 932,1.0,0.0,-1.0,1736254,2.0,7,,0.0,2.0,4.0,B01,138Â 195Â 930,1.0
1017143,201900058674,6,4,14:33,1,2,1,1.0,4.0,93070,VICTOR-HUGO (BD),M,"48,9069800","2,3258800",93,2019,50.0,1.0,1.0,3.0,2274789,1.0,1,1,1,0.0,,-1.0, -1,1980.0,C01,138Â 195Â 932,1.0,0.0,-1.0,1736255,2.0,7,,0.0,2.0,4.0,C01,138Â 195Â 932,1.0
1017143,201900058674,6,4,14:33,1,2,1,1.0,4.0,93070,VICTOR-HUGO (BD),M,"48,9069800","2,3258800",93,2019,50.0,1.0,1.0,3.0,2274789,1.0,1,1,1,0.0,,-1.0, -1,1980.0,C01,138Â 195Â 932,1.0,0.0,-1.0,1736256,2.0,10,,0.0,2.0,1.0,A01,138Â 195Â 933,1.0
1017143,201900058674,6,4,14:33,1,2,1,1.0,4.0,93070,VICTOR-HUGO (BD),M,"48,9069800","2,3258800",93,2019,50.0,1.0,1.0,3.0,2274790,1.0,1,1,1,0.0,,-1.0, -1,1998.0,A01,138Â 195Â 933,1.0,8.0,-1.0,1736254,2.0,7,,0.0,2.0,4.0,B01,138Â 195Â 930,1.0
1017143,201900058674,6,4,14:33,1,2,1,1.0,4.0,93070,VICTOR-HUGO (BD),M,"48,9069800","2,3258800",93,2019,50.0,1.0,1.0,3.0,2274790,1.0,1,1,1,0.0,,-1.0, -1,1998.0,A01,138Â 195Â 933,1.0,8.0,-1.0,1736255,2.0,7,,0.0,2.0,4.0,C01,138Â 195Â 932,1.0
1017143,201900058674,6,4,14:33,1,2,1,1.0,4.0,93070,VICTOR-HUGO (BD),M,"48,9069800","2,3258800",93,2019,50.0,1.0,1.0,3.0,2274790,1.0,1,1,1,0.0,,-1.0, -1,1998.0,A01,138Â 195Â 933,1.0,8.0,-1.0,1736256,2.0,10,,0.0,2.0,1.0,A01,138Â 195Â 933,1.0
1017144,201900058675,11,27,15:20,1,2,1,1.0,7.0,06085,1550 Avenue Marechal Juin,M,"43,5877740","6,9961170",6,2019,50.0,1.0,1.0,4.0,2274791,1.0,1,3,1,5.0,,0.0,0,1944.0,A01,138Â 195Â 925,2.0,6.0,-1.0,1736257,1.0,33,,0.0,0.0,1.0,A01,138Â 195Â 925,1.0
1017145,201900058676,6,3,18:20,1,2,1,1.0,6.0,93070,EMILE-ZOLA(RUE),M,"48,9010000","2,3200000",93,2019,50.0,1.0,1.0,4.0,2274792,10.0,3,4,2,9.0,,2.0,3,2009.0,A01,138Â 195Â 924,0.0,0.0,-1.0,1736258,0.0,3,,0.0,1.0,1.0,A01,138Â 195Â 924,1.0
1017145,201900058676,6,3,18:20,1,2,1,1.0,6.0,93070,EMILE-ZOLA(RUE),M,"48,9010000","2,3200000",93,2019,50.0,1.0,1.0,4.0,2274793,1.0,1,1,2,9.0,,-1.0, -1,1996.0,A01,138Â 195Â 924,1.0,8.0,-1.0,1736258,0.0,3,,0.0,1.0,1.0,A01,138Â 195Â 924,1.0
1017146,201900058677,6,18,19:10,1,2,1,1.0,1.0,93066,RIMET JULES,M,"48,9233100","2,3626800",93,2019,50.0,1.0,1.0,4.0,2274794,1.0,1,1,1,0.0,,-1.0, -1,1979.0,A01,138Â 195Â 920,1.0,0.0,-1.0,1736259,2.0,7,,0.0,2.0,3.0,A01,138Â 195Â 920,1.0
1017146,201900058677,6,18,19:10,1,2,1,1.0,1.0,93066,RIMET JULES,M,"48,9233100","2,3626800",93,2019,50.0,1.0,1.0,4.0,2274794,1.0,1,1,1,0.0,,-1.0, -1,1979.0,A01,138Â 195Â 920,1.0,0.0,-1.0,1736260,1.0,32,,0.0,2.0,1.0,B01,138Â 195Â 922,1.0
1017146,201900058677,6,18,19:10,1,2,1,1.0,1.0,93066,RIMET JULES,M,"48,9233100","2,3626800",93,2019,50.0,1.0,1.0,4.0,2274795,1.0,1,4,1,9.0,,-1.0, -1,1998.0,B01,138Â 195Â 922,2.0,6.0,-1.0,1736259,2.0,7,,0.0,2.0,3.0,A01,138Â 195Â 920,1.0
1017146,201900058677,6,18,19:10,1,2,1,1.0,1.0,93066,RIMET JULES,M,"48,9233100","2,3626800",93,2019,50.0,1.0,1.0,4.0,2274795,1.0,1,4,1,9.0,,-1.0, -1,1998.0,B01,138Â 195Â 922,2.0,6.0,-1.0,1736260,1.0,32,,0.0,2.0,1.0,B01,138Â 195Â 922,1.0
1017147,201900058678,12,1,04:45,2,2,1,1.0,3.0,98715,PK 2 Auae,M," -17,5460090"," -149,5841560",987,2019,60.0,1.0,1.0,2.0,2274796,1.0,1,4,1,1.0,,0.0,0,1995.0,B01,138Â 195Â 921,2.0,-1.0,-1.0,1736261,2.0,2,,0.0,2.0,3.0,B01,138Â 195Â 921,1.0
1017147,201900058678,12,1,04:45,2,2,1,1.0,3.0,98715,PK 2 Auae,M," -17,5460090"," -149,5841560",987,2019,60.0,1.0,1.0,2.0,2274796,1.0,1,4,1,1.0,,0.0,0,1995.0,B01,138Â 195Â 921,2.0,-1.0,-1.0,1736262,1.0,2,,0.0,2.0,1.0,A01,138Â 195Â 923,1.0
1017147,201900058678,12,1,04:45,2,2,1,1.0,3.0,98715,PK 2 Auae,M," -17,5460090"," -149,5841560",987,2019,60.0,1.0,1.0,2.0,2274797,1.0,1,4,1,5.0,,0.0,0,1964.0,A01,138Â 195Â 923,2.0,-1.0,-1.0,1736261,2.0,2,,0.0,2.0,3.0,B01,138Â 195Â 921,1.0
1017147,201900058678,12,1,04:45,2,2,1,1.0,3.0,98715,PK 2 Auae,M," -17,5460090"," -149,5841560",987,2019,60.0,1.0,1.0,2.0,2274797,1.0,1,4,1,5.0,,0.0,0,1964.0,A01,138Â 195Â 923,2.0,-1.0,-1.0,1736262,1.0,2,,0.0,2.0,1.0,A01,138Â 195Â 923,1.0
1017148,201900058679,5,16,03:04,5,2,2,1.0,7.0,93039,EPINAY (AVENUE DU PONT D' ),M,"48,9504120","2,3067648",93,2019,50.0,3.0,1.0,3.0,2274798,1.0,1,2,1,1.0,,-1.0, -1,1974.0,A01,138Â 195Â 919,8.0,0.0,-1.0,1736263,1.0,50,,0.0,0.0,0.0,A01,138Â 195Â 919,3.0
1017149,201900058680,12,1,17:05,3,1,1,2.0,6.0,06113,A8 pk219+735 sud,M,"43,7963980","7,4786290",6,2019,110.0,1.0,2.0,1.0,2274799,1.0,1,3,1,5.0,,0.0,0,1976.0,A01,138Â 195Â 918,1.0,-1.0,-1.0,1736264,1.0,7,,4.0,0.0,0.0,A01,138Â 195Â 918,1.0
1017150,201900058681,6,17,10:30,1,2,1,1.0,2.0,93066,STADE DE FRANCE (AVENUE DU),M,"48,9182700","2,3618100",93,2019,50.0,1.0,1.0,4.0,2274800,1.0,1,1,2,9.0,,-1.0, -1,1986.0,B01,138Â 195Â 916,1.0,0.0,-1.0,1736265,1.0,7,,0.0,2.0,4.0,B01,138Â 195Â 916,1.0
1017150,201900058681,6,17,10:30,1,2,1,1.0,2.0,93066,STADE DE FRANCE (AVENUE DU),M,"48,9182700","2,3618100",93,2019,50.0,1.0,1.0,4.0,2274800,1.0,1,1,2,9.0,,-1.0, -1,1986.0,B01,138Â 195Â 916,1.0,0.0,-1.0,1736266,1.0,10,,0.0,2.0,1.0,A01,138Â 195Â 917,1.0
1017150,201900058681,6,17,10:30,1,2,1,1.0,2.0,93066,STADE DE FRANCE (AVENUE DU),M,"48,9182700","2,3618100",93,2019,50.0,1.0,1.0,4.0,2274801,2.0,2,4,1,9.0,,-1.0, -1,2019.0,B01,138Â 195Â 916,1.0,0.0,-1.0,1736265,1.0,7,,0.0,2.0,4.0,B01,138Â 195Â 916,1.0
1017150,201900058681,6,17,10:30,1,2,1,1.0,2.0,93066,STADE DE FRANCE (AVENUE DU),M,"48,9182700","2,3618100",93,2019,50.0,1.0,1.0,4.0,2274801,2.0,2,4,1,9.0,,-1.0, -1,2019.0,B01,138Â 195Â 916,1.0,0.0,-1.0,1736266,1.0,10,,0.0,2.0,1.0,A01,138Â 195Â 917,1.0
1017150,201900058681,6,17,10:30,1,2,1,1.0,2.0,93066,STADE DE FRANCE (AVENUE DU),M,"48,9182700","2,3618100",93,2019,50.0,1.0,1.0,4.0,2274802,1.0,1,1,1,4.0,,-1.0, -1,1983.0,A01,138Â 195Â 917,1.0,0.0,-1.0,1736265,1.0,7,,0.0,2.0,4.0,B01,138Â 195Â 916,1.0
1017150,201900058681,6,17,10:30,1,2,1,1.0,2.0,93066,STADE DE FRANCE (AVENUE DU),M,"48,9182700","2,3618100",93,2019,50.0,1.0,1.0,4.0,2274802,1.0,1,1,1,4.0,,-1.0, -1,1983.0,A01,138Â 195Â 917,1.0,0.0,-1.0,1736266,1.0,10,,0.0,2.0,1.0,A01,138Â 195Â 917,1.0
1017151,201900058682,11,29,13:08,1,2,1,1.0,1.0,78053,rue de la Coudreuse,M,"48,8309460","1,7200510",78,2019,50.0,1.0,1.0,3.0,2274803,1.0,1,4,1,0.0,,0.0,0,1991.0,B01,138Â 195Â 914,1.0,-1.0,-1.0,1736267,2.0,10,,0.0,2.0,3.0,B01,138Â 195Â 914,1.0
1017151,201900058682,11,29,13:08,1,2,1,1.0,1.0,78053,rue de la Coudreuse,M,"48,8309460","1,7200510",78,2019,50.0,1.0,1.0,3.0,2274803,1.0,1,4,1,0.0,,0.0,0,1991.0,B01,138Â 195Â 914,1.0,-1.0,-1.0,1736268,1.0,7,,0.0,2.0,3.0,A01,138Â 195Â 915,1.0
1017151,201900058682,11,29,13:08,1,2,1,1.0,1.0,78053,rue de la Coudreuse,M,"48,8309460","1,7200510",78,2019,50.0,1.0,1.0,3.0,2274804,1.0,1,3,1,3.0,,0.0,0,1952.0,A01,138Â 195Â 915,1.0,-1.0,-1.0,1736267,2.0,10,,0.0,2.0,3.0,B01,138Â 195Â 914,1.0
1017151,201900058682,11,29,13:08,1,2,1,1.0,1.0,78053,rue de la Coudreuse,M,"48,8309460","1,7200510",78,2019,50.0,1.0,1.0,3.0,2274804,1.0,1,3,1,3.0,,0.0,0,1952.0,A01,138Â 195Â 915,1.0,-1.0,-1.0,1736268,1.0,7,,0.0,2.0,3.0,A01,138Â 195Â 915,1.0
1017152,201900058683,6,17,11:40,1,2,2,7.0,6.0,93066,GISQUET,M,"48,9383770","2,3478470",93,2019,50.0,1.0,1.0,4.0,2274805,1.0,1,1,1,4.0,,0.0,0,1966.0,A01,138Â 195Â 913,8.0,0.0,-1.0,1736269,3.0,14,,0.0,1.0,4.0,A01,138Â 195Â 913,1.0