Unnamed: 0_x,num_acc,mois,jour,hrmn,lum,agg,int,atm,col,com,adr,gps,lat,long,dep,annee,vma,situ,surf,catr,Unnamed: 0_y,place,catu,grav,sexe,trajet,secu,locp,actp,an_nais,num_veh_x,id_vehicule_x,secu1,secu2,secu3,Unnamed: 0,senc,catv,occutc,obs,obsm,choc,num_veh_y,id_vehicule_y,motor
1017152,201900058683,6,17,11:40,1,2,2,7.0,6.0,93066,GISQUET,M,"48,9383770","2,3478470",93,2019,50.0,1.0,1.0,4.0,2274806,10.0,3,2,1,5.0,,5.0,9,1970.0,A01,138Â 195Â 913,8.0,0.0,-1.0,1736269,3.0,14,,0.0,1.0,4.0,A01,138Â 195Â 913,1.0
1017153,201900058684,11,25,19:45,5,2,3,1.0,3.0,2A247,4 Voie Romaine,M,"41,5873840","9,2796510",2A,2019,50.0,1.0,1.0,4.0,2274807,1.0,1,3,1,5.0,,0.0,0,2003.0,B01,138Â 195Â 910,2.0,6.0,-1.0,1736270,2.0,2,,0.0,2.0,1.0,B01,138Â 195Â 910,1.0
1017153,201900058684,11,25,19:45,5,2,3,1.0,3.0,2A247,4 Voie Romaine,M,"41,5873840","9,2796510",2A,2019,50.0,1.0,1.0,4.0,2274807,1.0,1,3,1,5.0,,0.0,0,2003.0,B01,138Â 195Â 910,2.0,6.0,-1.0,1736271,2.0,7,,0.0,2.0,1.0,A01,138Â 195Â 912,1.0
1017153,201900058684,11,25,19:45,5,2,3,1.0,3.0,2A247,4 Voie Romaine,M,"41,5873840","9,2796510",2A,2019,50.0,1.0,1.0,4.0,2274808,2.0,2,4,1,5.0,,0.0,0,2003.0,B01,138Â 195Â 910,2.0,6.0,-1.0,1736270,2.0,2,,0.0,2.0,1.0,B01,138Â 195Â 910,1.0
1017153,201900058684,11,25,19:45,5,2,3,1.0,3.0,2A247,4 Voie Romaine,M,"41,5873840","9,2796510",2A,2019,50.0,1.0,1.0,4.0,2274808,2.0,2,4,1,5.0,,0.0,0,2003.0,B01,138Â 195Â 910,2.0,6.0,-1.0,1736271,2.0,7,,0.0,2.0,1.0,A01,138Â 195Â 912,1.0
1017153,201900058684,11,25,19:45,5,2,3,1.0,3.0,2A247,4 Voie Romaine,M,"41,5873840","9,2796510",2A,2019,50.0,1.0,1.0,4.0,2274809,1.0,1,1,1,5.0,,0.0,0,1954.0,A01,138Â 195Â 912,1.0,-1.0,-1.0,1736270,2.0,2,,0.0,2.0,1.0,B01,138Â 195Â 910,1.0
1017153,201900058684,11,25,19:45,5,2,3,1.0,3.0,2A247,4 Voie Romaine,M,"41,5873840","9,2796510",2A,2019,50.0,1.0,1.0,4.0,2274809,1.0,1,1,1,5.0,,0.0,0,1954.0,A01,138Â 195Â 912,1.0,-1.0,-1.0,1736271,2.0,7,,0.0,2.0,1.0,A01,138Â 195Â 912,1.0
1017154,201900058685,6,11,18:30,1,2,1,2.0,5.0,93027,LECLERC (AVENUE DU GENERAL),M,"48,9289100","2,3841700",93,2019,50.0,1.0,2.0,3.0,2274810,1.0,1,1,1,5.0,,-1.0, -1,1992.0,B01,138Â 195Â 909,1.0,0.0,-1.0,1736272,1.0,7,,0.0,2.0,0.0,C01,138Â 195Â 908,1.0
1017154,201900058685,6,11,18:30,1,2,1,2.0,5.0,93027,LECLERC (AVENUE DU GENERAL),M,"48,9289100","2,3841700",93,2019,50.0,1.0,2.0,3.0,2274810,1.0,1,1,1,5.0,,-1.0, -1,1992.0,B01,138Â 195Â 909,1.0,0.0,-1.0,1736273,2.0,7,,0.0,2.0,3.0,B01,138Â 195Â 909,1.0
1017154,201900058685,6,11,18:30,1,2,1,2.0,5.0,93027,LECLERC (AVENUE DU GENERAL),M,"48,9289100","2,3841700",93,2019,50.0,1.0,2.0,3.0,2274810,1.0,1,1,1,5.0,,-1.0, -1,1992.0,B01,138Â 195Â 909,1.0,0.0,-1.0,1736274,1.0,32,,0.0,2.0,1.0,A01,138Â 195Â 911,1.0
1017154,201900058685,6,11,18:30,1,2,1,2.0,5.0,93027,LECLERC (AVENUE DU GENERAL),M,"48,9289100","2,3841700",93,2019,50.0,1.0,2.0,3.0,2274811,1.0,1,4,1,0.0,,-1.0, -1,1998.0,A01,138Â 195Â 911,2.0,0.0,-1.0,1736272,1.0,7,,0.0,2.0,0.0,C01,138Â 195Â 908,1.0
1017154,201900058685,6,11,18:30,1,2,1,2.0,5.0,93027,LECLERC (AVENUE DU GENERAL),M,"48,9289100","2,3841700",93,2019,50.0,1.0,2.0,3.0,2274811,1.0,1,4,1,0.0,,-1.0, -1,1998.0,A01,138Â 195Â 911,2.0,0.0,-1.0,1736273,2.0,7,,0.0,2.0,3.0,B01,138Â 195Â 909,1.0
1017154,201900058685,6,11,18:30,1,2,1,2.0,5.0,93027,LECLERC (AVENUE DU GENERAL),M,"48,9289100","2,3841700",93,2019,50.0,1.0,2.0,3.0,2274811,1.0,1,4,1,0.0,,-1.0, -1,1998.0,A01,138Â 195Â 911,2.0,0.0,-1.0,1736274,1.0,32,,0.0,2.0,1.0,A01,138Â 195Â 911,1.0
1017155,201900058686,12,2,07:00,5,2,7,1.0,7.0,68231,Place d'Armes GÃ©nÃ©ral de Gaulle,M,"48,0174030","7,5287270",68,2019,30.0,8.0,1.0,6.0,2274812,1.0,1,1,1,1.0,,0.0,0,1982.0,A01,138Â 195Â 907,1.0,-1.0,-1.0,1736275,3.0,7,,0.0,1.0,3.0,A01,138Â 195Â 907,0.0
1017155,201900058686,12,2,07:00,5,2,7,1.0,7.0,68231,Place d'Armes GÃ©nÃ©ral de Gaulle,M,"48,0174030","7,5287270",68,2019,30.0,8.0,1.0,6.0,2274813,10.0,3,4,2,2.0,,9.0,3,2004.0,A01,138Â 195Â 907,0.0,-1.0,-1.0,1736275,3.0,7,,0.0,1.0,3.0,A01,138Â 195Â 907,0.0
1017156,201900058687,6,7,23:25,5,2,3,6.0,3.0,93066,VAILLANT COUTURIER PAUL (AV) NR 2 A 110,M,"48,9326500","2,3660200",93,2019,50.0,1.0,1.0,3.0,2274814,1.0,1,3,1,0.0,,-1.0, -1,1995.0,A01,138Â 195Â 905,2.0,8.0,-1.0,1736276,1.0,34,,0.0,0.0,8.0,A01,138Â 195Â 905,0.0
1017156,201900058687,6,7,23:25,5,2,3,6.0,3.0,93066,VAILLANT COUTURIER PAUL (AV) NR 2 A 110,M,"48,9326500","2,3660200",93,2019,50.0,1.0,1.0,3.0,2274814,1.0,1,3,1,0.0,,-1.0, -1,1995.0,A01,138Â 195Â 905,2.0,8.0,-1.0,1736277,2.0,7,,0.0,0.0,3.0,B01,138Â 195Â 906,0.0
1017156,201900058687,6,7,23:25,5,2,3,6.0,3.0,93066,VAILLANT COUTURIER PAUL (AV) NR 2 A 110,M,"48,9326500","2,3660200",93,2019,50.0,1.0,1.0,3.0,2274815,2.0,2,4,1,0.0,,-1.0, -1,1998.0,A01,138Â 195Â 905,2.0,0.0,-1.0,1736276,1.0,34,,0.0,0.0,8.0,A01,138Â 195Â 905,0.0
1017156,201900058687,6,7,23:25,5,2,3,6.0,3.0,93066,VAILLANT COUTURIER PAUL (AV) NR 2 A 110,M,"48,9326500","2,3660200",93,2019,50.0,1.0,1.0,3.0,2274815,2.0,2,4,1,0.0,,-1.0, -1,1998.0,A01,138Â 195Â 905,2.0,0.0,-1.0,1736277,2.0,7,,0.0,0.0,3.0,B01,138Â 195Â 906,0.0
1017156,201900058687,6,7,23:25,5,2,3,6.0,3.0,93066,VAILLANT COUTURIER PAUL (AV) NR 2 A 110,M,"48,9326500","2,3660200",93,2019,50.0,1.0,1.0,3.0,2274816,1.0,1,1,2,0.0,,-1.0, -1,1982.0,B01,138Â 195Â 906,1.0,8.0,-1.0,1736276,1.0,34,,0.0,0.0,8.0,A01,138Â 195Â 905,0.0
1017156,201900058687,6,7,23:25,5,2,3,6.0,3.0,93066,VAILLANT COUTURIER PAUL (AV) NR 2 A 110,M,"48,9326500","2,3660200",93,2019,50.0,1.0,1.0,3.0,2274816,1.0,1,1,2,0.0,,-1.0, -1,1982.0,B01,138Â 195Â 906,1.0,8.0,-1.0,1736277,2.0,7,,0.0,0.0,3.0,B01,138Â 195Â 906,0.0
1017157,201900058688,12,2,08:30,1,1,1,1.0,1.0,69249,D311,M,"45,6754370","4,6293970",69,2019,80.0,1.0,8.0,3.0,2274817,1.0,1,3,1,5.0,,0.0,0,1941.0,A01,138Â 195Â 903,1.0,-1.0,-1.0,1736278,2.0,7,,0.0,2.0,1.0,A01,138Â 195Â 903,1.0
1017157,201900058688,12,2,08:30,1,1,1,1.0,1.0,69249,D311,M,"45,6754370","4,6293970",69,2019,80.0,1.0,8.0,3.0,2274817,1.0,1,3,1,5.0,,0.0,0,1941.0,A01,138Â 195Â 903,1.0,-1.0,-1.0,1736279,1.0,7,,0.0,2.0,1.0,B01,138Â 195Â 904,1.0
1017157,201900058688,12,2,08:30,1,1,1,1.0,1.0,69249,D311,M,"45,6754370","4,6293970",69,2019,80.0,1.0,8.0,3.0,2274818,1.0,1,4,1,4.0,,0.0,0,1962.0,B01,138Â 195Â 904,1.0,-1.0,-1.0,1736278,2.0,7,,0.0,2.0,1.0,A01,138Â 195Â 903,1.0
1017157,201900058688,12,2,08:30,1,1,1,1.0,1.0,69249,D311,M,"45,6754370","4,6293970",69,2019,80.0,1.0,8.0,3.0,2274818,1.0,1,4,1,4.0,,0.0,0,1962.0,B01,138Â 195Â 904,1.0,-1.0,-1.0,1736279,1.0,7,,0.0,2.0,1.0,B01,138Â 195Â 904,1.0
1017158,201900058689,6,6,08:30,1,2,1,8.0,6.0,93066,"""PERI GABRIEL, NR 2  A 114 ET 1 A 133""",M,"48,9311500","2,3561500",93,2019,50.0,2.0,1.0,4.0,2274819,10.0,3,4,1,2.0,,4.0,3,2011.0,Z01,138Â 195Â 901,8.0,0.0,-1.0,1736280,3.0,7,,0.0,1.0,1.0,Z01,138Â 195Â 901,0.0
1017159,201900058690,12,2,18:35,3,2,2,1.0,3.0,79049,17 Rue du GÃ©nÃ©ral Leclerc,M,"46,8324700"," -0,4903300",79,2019,50.0,1.0,1.0,4.0,2274820,1.0,1,3,1,0.0,,0.0,0,1994.0,B01,138Â 195Â 900,2.0,6.0,-1.0,1736281,1.0,31,,0.0,2.0,1.0,B01,138Â 195Â 900,1.0
1017159,201900058690,12,2,18:35,3,2,2,1.0,3.0,79049,17 Rue du GÃ©nÃ©ral Leclerc,M,"46,8324700"," -0,4903300",79,2019,50.0,1.0,1.0,4.0,2274820,1.0,1,3,1,0.0,,0.0,0,1994.0,B01,138Â 195Â 900,2.0,6.0,-1.0,1736282,2.0,7,,0.0,0.0,7.0,A01,138Â 195Â 902,0.0
1017159,201900058690,12,2,18:35,3,2,2,1.0,3.0,79049,17 Rue du GÃ©nÃ©ral Leclerc,M,"46,8324700"," -0,4903300",79,2019,50.0,1.0,1.0,4.0,2274821,1.0,1,1,1,5.0,,0.0,0,1991.0,A01,138Â 195Â 902,1.0,-1.0,-1.0,1736281,1.0,31,,0.0,2.0,1.0,B01,138Â 195Â 900,1.0
1017159,201900058690,12,2,18:35,3,2,2,1.0,3.0,79049,17 Rue du GÃ©nÃ©ral Leclerc,M,"46,8324700"," -0,4903300",79,2019,50.0,1.0,1.0,4.0,2274821,1.0,1,1,1,5.0,,0.0,0,1991.0,A01,138Â 195Â 902,1.0,-1.0,-1.0,1736282,2.0,7,,0.0,0.0,7.0,A01,138Â 195Â 902,0.0
1017160,201900058691,6,6,06:30,1,2,1,8.0,2.0,93066,STADE DE FRANCE (AVENUE DU),M,"48,9181800","2,3613900",93,2019,50.0,1.0,1.0,4.0,2274822,1.0,1,4,2,9.0,,-1.0, -1,1953.0,A01,138Â 195Â 898,1.0,8.0,-1.0,1736283,2.0,7,,0.0,2.0,4.0,A01,138Â 195Â 898,1.0
1017160,201900058691,6,6,06:30,1,2,1,8.0,2.0,93066,STADE DE FRANCE (AVENUE DU),M,"48,9181800","2,3613900",93,2019,50.0,1.0,1.0,4.0,2274822,1.0,1,4,2,9.0,,-1.0, -1,1953.0,A01,138Â 195Â 898,1.0,8.0,-1.0,1736284,2.0,7,,0.0,2.0,1.0,B01,138Â 195Â 899,1.0
1017160,201900058691,6,6,06:30,1,2,1,8.0,2.0,93066,STADE DE FRANCE (AVENUE DU),M,"48,9181800","2,3613900",93,2019,50.0,1.0,1.0,4.0,2274823,1.0,1,1,1,1.0,,-1.0, -1,1993.0,B01,138Â 195Â 899,1.0,0.0,-1.0,1736283,2.0,7,,0.0,2.0,4.0,A01,138Â 195Â 898,1.0
1017160,201900058691,6,6,06:30,1,2,1,8.0,2.0,93066,STADE DE FRANCE (AVENUE DU),M,"48,9181800","2,3613900",93,2019,50.0,1.0,1.0,4.0,2274823,1.0,1,1,1,1.0,,-1.0, -1,1993.0,B01,138Â 195Â 899,1.0,0.0,-1.0,1736284,2.0,7,,0.0,2.0,1.0,B01,138Â 195Â 899,1.0
1017161,201900058692,11,30,23:30,3,1,1,2.0,1.0,33056,182 Avenue de Labarde (ex RD209),M,"44,9335200"," -0,5612500",33,2019,80.0,1.0,2.0,4.0,2274824,1.0,1,3,2,5.0,,0.0,0,1964.0,B01,138Â 195Â 895,8.0,-1.0,-1.0,1736285,1.0,7,,0.0,2.0,1.0,B01,138Â 195Â 895,1.0
1017161,201900058692,11,30,23:30,3,1,1,2.0,1.0,33056,182 Avenue de Labarde (ex RD209),M,"44,9335200"," -0,5612500",33,2019,80.0,1.0,2.0,4.0,2274824,1.0,1,3,2,5.0,,0.0,0,1964.0,B01,138Â 195Â 895,8.0,-1.0,-1.0,1736286,2.0,7,,4.0,2.0,1.0,A01,138Â 195Â 897,0.0
1017161,201900058692,11,30,23:30,3,1,1,2.0,1.0,33056,182 Avenue de Labarde (ex RD209),M,"44,9335200"," -0,5612500",33,2019,80.0,1.0,2.0,4.0,2274825,1.0,1,3,1,5.0,,0.0,0,1995.0,A01,138Â 195Â 897,8.0,-1.0,-1.0,1736285,1.0,7,,0.0,2.0,1.0,B01,138Â 195Â 895,1.0
1017161,201900058692,11,30,23:30,3,1,1,2.0,1.0,33056,182 Avenue de Labarde (ex RD209),M,"44,9335200"," -0,5612500",33,2019,80.0,1.0,2.0,4.0,2274825,1.0,1,3,1,5.0,,0.0,0,1995.0,A01,138Â 195Â 897,8.0,-1.0,-1.0,1736286,2.0,7,,4.0,2.0,1.0,A01,138Â 195Â 897,0.0
1017162,201900058693,6,4,15:00,1,2,2,1.0,6.0,93066,CHANTILLY,M,"48,9425480","2,3703600",93,2019,50.0,1.0,1.0,4.0,2274826,1.0,1,1,1,1.0,,-1.0, -1,1989.0,A01,138Â 195Â 892,1.0,0.0,-1.0,1736287,1.0,7,,0.0,1.0,2.0,A01,138Â 195Â 892,0.0
1017162,201900058693,6,4,15:00,1,2,2,1.0,6.0,93066,CHANTILLY,M,"48,9425480","2,3703600",93,2019,50.0,1.0,1.0,4.0,2274827,10.0,3,4,1,0.0,,1.0,9,2003.0,A01,138Â 195Â 892,8.0,0.0,-1.0,1736287,1.0,7,,0.0,1.0,2.0,A01,138Â 195Â 892,0.0
1017163,201900058694,12,2,12:30,1,2,1,1.0,2.0,27348,D6015,M,"49,3303330","1,1540390",27,2019,90.0,1.0,1.0,3.0,2274828,1.0,1,2,1,5.0,,0.0,0,1974.0,B01,138Â 195Â 891,6.0,-1.0,-1.0,1736288,1.0,1,,0.0,0.0,4.0,B01,138Â 195Â 891,5.0
1017163,201900058694,12,2,12:30,1,2,1,1.0,2.0,27348,D6015,M,"49,3303330","1,1540390",27,2019,90.0,1.0,1.0,3.0,2274828,1.0,1,2,1,5.0,,0.0,0,1974.0,B01,138Â 195Â 891,6.0,-1.0,-1.0,1736289,1.0,7,,0.0,2.0,3.0,A01,138Â 195Â 893,1.0
1017163,201900058694,12,2,12:30,1,2,1,1.0,2.0,27348,D6015,M,"49,3303330","1,1540390",27,2019,90.0,1.0,1.0,3.0,2274829,1.0,1,1,1,5.0,,0.0,0,1985.0,A01,138Â 195Â 893,1.0,-1.0,-1.0,1736288,1.0,1,,0.0,0.0,4.0,B01,138Â 195Â 891,5.0
1017163,201900058694,12,2,12:30,1,2,1,1.0,2.0,27348,D6015,M,"49,3303330","1,1540390",27,2019,90.0,1.0,1.0,3.0,2274829,1.0,1,1,1,5.0,,0.0,0,1985.0,A01,138Â 195Â 893,1.0,-1.0,-1.0,1736289,1.0,7,,0.0,2.0,3.0,A01,138Â 195Â 893,1.0
1017164,201900058695,6,4,08:15,1,2,1,2.0,6.0,93066,STADE DE FRANCE (AVENUE DU),M,"48,9188000","2,3618700",93,2019,50.0,1.0,2.0,4.0,2274830,10.0,3,4,2,1.0,,3.0,3,1977.0,A01,138Â 195Â 890,8.0,0.0,-1.0,1736290,1.0,10,,0.0,1.0,2.0,A01,138Â 195Â 890,1.0
1017164,201900058695,6,4,08:15,1,2,1,2.0,6.0,93066,STADE DE FRANCE (AVENUE DU),M,"48,9188000","2,3618700",93,2019,50.0,1.0,2.0,4.0,2274831,1.0,1,1,1,1.0,,-1.0, -1,1967.0,A01,138Â 195Â 890,1.0,0.0,-1.0,1736290,1.0,10,,0.0,1.0,2.0,A01,138Â 195Â 890,1.0
1017165,201900058696,12,2,12:55,1,2,1,1.0,6.0,60500,Centre commercial Les Portes du Valois (Galerie marchande),M,"49,0988384","2,7513162",60,2019,30.0,1.0,1.0,6.0,2274832,1.0,1,1,2,9.0,,0.0,0,1989.0,A01,138Â 195Â 889,1.0,-1.0,-1.0,1736291,3.0,7,,0.0,1.0,4.0,A01,138Â 195Â 889,6.0
1017165,201900058696,12,2,12:55,1,2,1,1.0,6.0,60500,Centre commercial Les Portes du Valois (Galerie marchande),M,"49,0988384","2,7513162",60,2019,30.0,1.0,1.0,6.0,2274833,10.0,3,4,2,9.0,,9.0,9,1938.0,A01,138Â 195Â 889,0.0,-1.0,-1.0,1736291,3.0,7,,0.0,1.0,4.0,A01,138Â 195Â 889,6.0
1017166,201900058697,6,16,20:30,1,2,1,1.0,2.0,93064,KENNEDY (AVENUE DU PRESIDENT),M,"48,8783800","2,4888500",93,2019,50.0,1.0,1.0,3.0,2274834,1.0,1,3,2,5.0,,-1.0, -1,1982.0,A01,138Â 195Â 886,1.0,0.0,-1.0,1736292,3.0,7,,0.0,2.0,4.0,A01,138Â 195Â 886,1.0
1017166,201900058697,6,16,20:30,1,2,1,1.0,2.0,93064,KENNEDY (AVENUE DU PRESIDENT),M,"48,8783800","2,4888500",93,2019,50.0,1.0,1.0,3.0,2274834,1.0,1,3,2,5.0,,-1.0, -1,1982.0,A01,138Â 195Â 886,1.0,0.0,-1.0,1736293,3.0,7,,0.0,2.0,1.0,B01,138Â 195Â 888,1.0
1017166,201900058697,6,16,20:30,1,2,1,1.0,2.0,93064,KENNEDY (AVENUE DU PRESIDENT),M,"48,8783800","2,4888500",93,2019,50.0,1.0,1.0,3.0,2274835,2.0,2,4,1,5.0,,-1.0, -1,2004.0,A01,138Â 195Â 886,1.0,0.0,-1.0,1736292,3.0,7,,0.0,2.0,4.0,A01,138Â 195Â 886,1.0
1017166,201900058697,6,16,20:30,1,2,1,1.0,2.0,93064,KENNEDY (AVENUE DU PRESIDENT),M,"48,8783800","2,4888500",93,2019,50.0,1.0,1.0,3.0,2274835,2.0,2,4,1,5.0,,-1.0, -1,2004.0,A01,138Â 195Â 886,1.0,0.0,-1.0,1736293,3.0,7,,0.0,2.0,1.0,B01,138Â 195Â 888,1.0
1017166,201900058697,6,16,20:30,1,2,1,1.0,2.0,93064,KENNEDY (AVENUE DU PRESIDENT),M,"48,8783800","2,4888500",93,2019,50.0,1.0,1.0,3.0,2274836,1.0,1,1,1,5.0,,-1.0, -1,1999.0,B01,138Â 195Â 888,1.0,0.0,-1.0,1736292,3.0,7,,0.0,2.0,4.0,A01,138Â 195Â 886,1.0
1017166,201900058697,6,16,20:30,1,2,1,1.0,2.0,93064,KENNEDY (AVENUE DU PRESIDENT),M,"48,8783800","2,4888500",93,2019,50.0,1.0,1.0,3.0,2274836,1.0,1,1,1,5.0,,-1.0, -1,1999.0,B01,138Â 195Â 888,1.0,0.0,-1.0,1736293,3.0,7,,0.0,2.0,1.0,B01,138Â 195Â 888,1.0
1017166,201900058697,6,16,20:30,1,2,1,1.0,2.0,93064,KENNEDY (AVENUE DU PRESIDENT),M,"48,8783800","2,4888500",93,2019,50.0,1.0,1.0,3.0,2274837,2.0,2,1,1,5.0,,-1.0, -1,1998.0,B01,138Â 195Â 888,1.0,0.0,-1.0,1736292,3.0,7,,0.0,2.0,4.0,A01,138Â 195Â 886,1.0
1017166,201900058697,6,16,20:30,1,2,1,1.0,2.0,93064,KENNEDY (AVENUE DU PRESIDENT),M,"48,8783800","2,4888500",93,2019,50.0,1.0,1.0,3.0,2274837,2.0,2,1,1,5.0,,-1.0, -1,1998.0,B01,138Â 195Â 888,1.0,0.0,-1.0,1736293,3.0,7,,0.0,2.0,1.0,B01,138Â 195Â 888,1.0
1017167,201900058698,12,2,17:45,5,2,2,1.0,1.0,60342,774 Rue du 8 Mai 1945,M,"49,3037490","2,4441320",60,2019,50.0,1.0,2.0,3.0,2274838,1.0,1,3,1,0.0,,0.0,0,1986.0,A01,138Â 195Â 885,2.0,6.0,-1.0,1736294,0.0,2,,0.0,2.0,3.0,A01,138Â 195Â 885,1.0
1017167,201900058698,12,2,17:45,5,2,2,1.0,1.0,60342,774 Rue du 8 Mai 1945,M,"49,3037490","2,4441320",60,2019,50.0,1.0,2.0,3.0,2274838,1.0,1,3,1,0.0,,0.0,0,1986.0,A01,138Â 195Â 885,2.0,6.0,-1.0,1736295,2.0,7,,0.0,2.0,0.0,B01,138Â 195Â 887,0.0
1017168,201900058699,12,1,20:25,3,2,1,2.0,6.0,02381,Chemin LatÃ©ral,M,"49,9260030","4,0887270",2,2019,50.0,3.0,2.0,4.0,2274839,1.0,1,4,1,5.0,,0.0,0,1998.0,A01,138Â 195Â 882,1.0,-1.0,-1.0,1736296,3.0,3,,8.0,0.0,8.0,A01,138Â 195Â 882,1.0
1017168,201900058699,12,1,20:25,3,2,1,2.0,6.0,02381,Chemin LatÃ©ral,M,"49,9260030","4,0887270",2,2019,50.0,3.0,2.0,4.0,2274840,2.0,2,4,1,5.0,,0.0,0,2000.0,A01,138Â 195Â 882,0.0,-1.0,-1.0,1736296,3.0,3,,8.0,0.0,8.0,A01,138Â 195Â 882,1.0
1017169,201900058700,6,2,10:15,1,2,1,1.0,2.0,93064,GARDEBLED (RUE RICHARD),M,"48,8752600","2,4845100",93,2019,50.0,3.0,1.0,4.0,2274841,1.0,1,1,1,0.0,,-1.0, -1,1966.0,B01,138Â 195Â 880,1.0,8.0,-1.0,1736297,3.0,7,,0.0,2.0,4.0,B01,138Â 195Â 880,1.0
1017169,201900058700,6,2,10:15,1,2,1,1.0,2.0,93064,GARDEBLED (RUE RICHARD),M,"48,8752600","2,4845100",93,2019,50.0,3.0,1.0,4.0,2274841,1.0,1,1,1,0.0,,-1.0, -1,1966.0,B01,138Â 195Â 880,1.0,8.0,-1.0,1736298,3.0,7,,0.0,2.0,1.0,A01,138Â 195Â 881,1.0
1017169,201900058700,6,2,10:15,1,2,1,1.0,2.0,93064,GARDEBLED (RUE RICHARD),M,"48,8752600","2,4845100",93,2019,50.0,3.0,1.0,4.0,2274842,2.0,2,4,2,0.0,,-1.0, -1,1965.0,B01,138Â 195Â 880,1.0,8.0,-1.0,1736297,3.0,7,,0.0,2.0,4.0,B01,138Â 195Â 880,1.0
1017169,201900058700,6,2,10:15,1,2,1,1.0,2.0,93064,GARDEBLED (RUE RICHARD),M,"48,8752600","2,4845100",93,2019,50.0,3.0,1.0,4.0,2274842,2.0,2,4,2,0.0,,-1.0, -1,1965.0,B01,138Â 195Â 880,1.0,8.0,-1.0,1736298,3.0,7,,0.0,2.0,1.0,A01,138Â 195Â 881,1.0
1017169,201900058700,6,2,10:15,1,2,1,1.0,2.0,93064,GARDEBLED (RUE RICHARD),M,"48,8752600","2,4845100",93,2019,50.0,3.0,1.0,4.0,2274843,1.0,1,1,1,0.0,,-1.0, -1,1980.0,A01,138Â 195Â 881,1.0,0.0,-1.0,1736297,3.0,7,,0.0,2.0,4.0,B01,138Â 195Â 880,1.0
1017169,201900058700,6,2,10:15,1,2,1,1.0,2.0,93064,GARDEBLED (RUE RICHARD),M,"48,8752600","2,4845100",93,2019,50.0,3.0,1.0,4.0,2274843,1.0,1,1,1,0.0,,-1.0, -1,1980.0,A01,138Â 195Â 881,1.0,0.0,-1.0,1736298,3.0,7,,0.0,2.0,1.0,A01,138Â 195Â 881,1.0
1017169,201900058700,6,2,10:15,1,2,1,1.0,2.0,93064,GARDEBLED (RUE RICHARD),M,"48,8752600","2,4845100",93,2019,50.0,3.0,1.0,4.0,2274844,2.0,2,1,2,0.0,,-1.0, -1,1976.0,A01,138Â 195Â 881,1.0,0.0,-1.0,1736297,3.0,7,,0.0,2.0,4.0,B01,138Â 195Â 880,1.0
1017169,201900058700,6,2,10:15,1,2,1,1.0,2.0,93064,GARDEBLED (RUE RICHARD),M,"48,8752600","2,4845100",93,2019,50.0,3.0,1.0,4.0,2274844,2.0,2,1,2,0.0,,-1.0, -1,1976.0,A01,138Â 195Â 881,1.0,0.0,-1.0,1736298,3.0,7,,0.0,2.0,1.0,A01,138Â 195Â 881,1.0
1017170,201900058701,12,2,09:50,1,2,3,7.0,6.0,59168,Route Nationale,M,"50,5634070","3,2371340",59,2019,50.0,1.0,2.0,3.0,2274845,10.0,3,3,2,3.0,,3.0,3,1947.0,A01,138Â 195Â 879,0.0,-1.0,-1.0,1736299,2.0,7,,0.0,1.0,3.0,A01,138Â 195Â 879,1.0
1017170,201900058701,12,2,09:50,1,2,3,7.0,6.0,59168,Route Nationale,M,"50,5634070","3,2371340",59,2019,50.0,1.0,2.0,3.0,2274846,1.0,1,1,2,1.0,,0.0,0,1960.0,A01,138Â 195Â 879,1.0,-1.0,-1.0,1736299,2.0,7,,0.0,1.0,3.0,A01,138Â 195Â 879,1.0
1017171,201900058702,6,15,15:45,1,2,1,1.0,6.0,93077,GRANDE RUE,M,"48,8822000","2,5233600",93,2019,50.0,1.0,1.0,3.0,2274847,10.0,3,4,1,0.0,,3.0,3,2014.0,A01,138Â 195Â 878,8.0,0.0,-1.0,1736300,1.0,33,,0.0,1.0,8.0,A01,138Â 195Â 878,0.0
1017172,201900058703,11,29,21:00,5,2,1,1.0,6.0,59581,62 Rue de la Gare,M,"50,7110580","2,7844190",59,2019,50.0,1.0,1.0,3.0,2274848,1.0,1,1,1,5.0,,0.0,0,1997.0,A01,138Â 195Â 877,1.0,-1.0,-1.0,1736301,1.0,7,,0.0,1.0,2.0,A01,138Â 195Â 877,1.0
1017172,201900058703,11,29,21:00,5,2,1,1.0,6.0,59581,62 Rue de la Gare,M,"50,7110580","2,7844190",59,2019,50.0,1.0,1.0,3.0,2274849,10.0,3,3,1,5.0,,9.0,2,1993.0,A01,138Â 195Â 877,0.0,-1.0,-1.0,1736301,1.0,7,,0.0,1.0,2.0,A01,138Â 195Â 877,1.0
1017173,201900058704,6,12,12:35,1,2,3,1.0,3.0,93077,RAINCY (AVENUE DU),M,"48,8859200","2,5083800",93,2019,50.0,1.0,1.0,4.0,2274850,1.0,1,1,1,0.0,,-1.0, -1,2000.0,B01,138Â 195Â 875,1.0,0.0,-1.0,1736302,2.0,10,,0.0,2.0,1.0,B01,138Â 195Â 875,0.0