Unnamed: 0_x,num_acc,mois,jour,hrmn,lum,agg,int,atm,col,com,adr,gps,lat,long,dep,annee,vma,situ,surf,catr,Unnamed: 0_y,place,catu,grav,sexe,trajet,secu,locp,actp,an_nais,num_veh_x,id_vehicule_x,secu1,secu2,secu3,Unnamed: 0,senc,catv,occutc,obs,obsm,choc,num_veh_y,id_vehicule_y,motor
1017173,201900058704,6,12,12:35,1,2,3,1.0,3.0,93077,RAINCY (AVENUE DU),M,"48,8859200","2,5083800",93,2019,50.0,1.0,1.0,4.0,2274850,1.0,1,1,1,0.0,,-1.0, -1,2000.0,B01,138Â 195Â 875,1.0,0.0,-1.0,1736303,2.0,10,,0.0,2.0,7.0,A01,138Â 195Â 876,0.0
1017173,201900058704,6,12,12:35,1,2,3,1.0,3.0,93077,RAINCY (AVENUE DU),M,"48,8859200","2,5083800",93,2019,50.0,1.0,1.0,4.0,2274851,2.0,2,4,1,0.0,,-1.0, -1,1990.0,A01,138Â 195Â 876,1.0,0.0,-1.0,1736302,2.0,10,,0.0,2.0,1.0,B01,138Â 195Â 875,0.0
1017173,201900058704,6,12,12:35,1,2,3,1.0,3.0,93077,RAINCY (AVENUE DU),M,"48,8859200","2,5083800",93,2019,50.0,1.0,1.0,4.0,2274851,2.0,2,4,1,0.0,,-1.0, -1,1990.0,A01,138Â 195Â 876,1.0,0.0,-1.0,1736303,2.0,10,,0.0,2.0,7.0,A01,138Â 195Â 876,0.0
1017173,201900058704,6,12,12:35,1,2,3,1.0,3.0,93077,RAINCY (AVENUE DU),M,"48,8859200","2,5083800",93,2019,50.0,1.0,1.0,4.0,2274852,1.0,1,4,1,0.0,,-1.0, -1,1951.0,A01,138Â 195Â 876,8.0,0.0,-1.0,1736302,2.0,10,,0.0,2.0,1.0,B01,138Â 195Â 875,0.0
1017173,201900058704,6,12,12:35,1,2,3,1.0,3.0,93077,RAINCY (AVENUE DU),M,"48,8859200","2,5083800",93,2019,50.0,1.0,1.0,4.0,2274852,1.0,1,4,1,0.0,,-1.0, -1,1951.0,A01,138Â 195Â 876,8.0,0.0,-1.0,1736303,2.0,10,,0.0,2.0,7.0,A01,138Â 195Â 876,0.0
1017174,201900058705,6,12,08:05,1,2,1,1.0,6.0,93077,OSSEVILLE (AVENUE D'),M,"48,8793400","2,5187100",93,2019,50.0,1.0,1.0,4.0,2274853,1.0,1,4,1,0.0,,-1.0, -1,1963.0,A01,138Â 195Â 873,8.0,0.0,-1.0,1736304,2.0,7,,1.0,0.0,1.0,A01,138Â 195Â 873,0.0
1017175,201900058706,6,16,15:15,1,2,9,1.0,3.0,93055,JEAN LOLIVE (AVENUE)(137/FIN ET 134/FIN),M,"48,8955300","2,4262300",93,2019,50.0,1.0,1.0,3.0,2274854,3.0,2,1,1,0.0,,-1.0, -1,2008.0,B01,138Â 195Â 871,1.0,0.0,-1.0,1736305,2.0,7,,0.0,2.0,3.0,B01,138Â 195Â 871,1.0
1017175,201900058706,6,16,15:15,1,2,9,1.0,3.0,93055,JEAN LOLIVE (AVENUE)(137/FIN ET 134/FIN),M,"48,8955300","2,4262300",93,2019,50.0,1.0,1.0,3.0,2274854,3.0,2,1,1,0.0,,-1.0, -1,2008.0,B01,138Â 195Â 871,1.0,0.0,-1.0,1736306,1.0,7,,0.0,2.0,3.0,A01,138Â 195Â 872,1.0
1017175,201900058706,6,16,15:15,1,2,9,1.0,3.0,93055,JEAN LOLIVE (AVENUE)(137/FIN ET 134/FIN),M,"48,8955300","2,4262300",93,2019,50.0,1.0,1.0,3.0,2274855,2.0,2,1,1,0.0,,-1.0, -1,2005.0,B01,138Â 195Â 871,1.0,0.0,-1.0,1736305,2.0,7,,0.0,2.0,3.0,B01,138Â 195Â 871,1.0
1017175,201900058706,6,16,15:15,1,2,9,1.0,3.0,93055,JEAN LOLIVE (AVENUE)(137/FIN ET 134/FIN),M,"48,8955300","2,4262300",93,2019,50.0,1.0,1.0,3.0,2274855,2.0,2,1,1,0.0,,-1.0, -1,2005.0,B01,138Â 195Â 871,1.0,0.0,-1.0,1736306,1.0,7,,0.0,2.0,3.0,A01,138Â 195Â 872,1.0
1017175,201900058706,6,16,15:15,1,2,9,1.0,3.0,93055,JEAN LOLIVE (AVENUE)(137/FIN ET 134/FIN),M,"48,8955300","2,4262300",93,2019,50.0,1.0,1.0,3.0,2274856,1.0,1,1,1,0.0,,-1.0, -1,1975.0,B01,138Â 195Â 871,1.0,0.0,-1.0,1736305,2.0,7,,0.0,2.0,3.0,B01,138Â 195Â 871,1.0
1017175,201900058706,6,16,15:15,1,2,9,1.0,3.0,93055,JEAN LOLIVE (AVENUE)(137/FIN ET 134/FIN),M,"48,8955300","2,4262300",93,2019,50.0,1.0,1.0,3.0,2274856,1.0,1,1,1,0.0,,-1.0, -1,1975.0,B01,138Â 195Â 871,1.0,0.0,-1.0,1736306,1.0,7,,0.0,2.0,3.0,A01,138Â 195Â 872,1.0
1017175,201900058706,6,16,15:15,1,2,9,1.0,3.0,93055,JEAN LOLIVE (AVENUE)(137/FIN ET 134/FIN),M,"48,8955300","2,4262300",93,2019,50.0,1.0,1.0,3.0,2274857,3.0,2,1,2,0.0,,-1.0, -1,1952.0,A01,138Â 195Â 872,8.0,0.0,-1.0,1736305,2.0,7,,0.0,2.0,3.0,B01,138Â 195Â 871,1.0
1017175,201900058706,6,16,15:15,1,2,9,1.0,3.0,93055,JEAN LOLIVE (AVENUE)(137/FIN ET 134/FIN),M,"48,8955300","2,4262300",93,2019,50.0,1.0,1.0,3.0,2274857,3.0,2,1,2,0.0,,-1.0, -1,1952.0,A01,138Â 195Â 872,8.0,0.0,-1.0,1736306,1.0,7,,0.0,2.0,3.0,A01,138Â 195Â 872,1.0
1017175,201900058706,6,16,15:15,1,2,9,1.0,3.0,93055,JEAN LOLIVE (AVENUE)(137/FIN ET 134/FIN),M,"48,8955300","2,4262300",93,2019,50.0,1.0,1.0,3.0,2274858,4.0,2,4,2,0.0,,-1.0, -1,1993.0,A01,138Â 195Â 872,8.0,0.0,-1.0,1736305,2.0,7,,0.0,2.0,3.0,B01,138Â 195Â 871,1.0
1017175,201900058706,6,16,15:15,1,2,9,1.0,3.0,93055,JEAN LOLIVE (AVENUE)(137/FIN ET 134/FIN),M,"48,8955300","2,4262300",93,2019,50.0,1.0,1.0,3.0,2274858,4.0,2,4,2,0.0,,-1.0, -1,1993.0,A01,138Â 195Â 872,8.0,0.0,-1.0,1736306,1.0,7,,0.0,2.0,3.0,A01,138Â 195Â 872,1.0
1017175,201900058706,6,16,15:15,1,2,9,1.0,3.0,93055,JEAN LOLIVE (AVENUE)(137/FIN ET 134/FIN),M,"48,8955300","2,4262300",93,2019,50.0,1.0,1.0,3.0,2274859,5.0,2,4,2,0.0,,-1.0, -1,1965.0,A01,138Â 195Â 872,1.0,0.0,-1.0,1736305,2.0,7,,0.0,2.0,3.0,B01,138Â 195Â 871,1.0
1017175,201900058706,6,16,15:15,1,2,9,1.0,3.0,93055,JEAN LOLIVE (AVENUE)(137/FIN ET 134/FIN),M,"48,8955300","2,4262300",93,2019,50.0,1.0,1.0,3.0,2274859,5.0,2,4,2,0.0,,-1.0, -1,1965.0,A01,138Â 195Â 872,1.0,0.0,-1.0,1736306,1.0,7,,0.0,2.0,3.0,A01,138Â 195Â 872,1.0
1017175,201900058706,6,16,15:15,1,2,9,1.0,3.0,93055,JEAN LOLIVE (AVENUE)(137/FIN ET 134/FIN),M,"48,8955300","2,4262300",93,2019,50.0,1.0,1.0,3.0,2274860,2.0,2,1,1,0.0,,-1.0, -1,2003.0,A01,138Â 195Â 872,1.0,0.0,-1.0,1736305,2.0,7,,0.0,2.0,3.0,B01,138Â 195Â 871,1.0
1017175,201900058706,6,16,15:15,1,2,9,1.0,3.0,93055,JEAN LOLIVE (AVENUE)(137/FIN ET 134/FIN),M,"48,8955300","2,4262300",93,2019,50.0,1.0,1.0,3.0,2274860,2.0,2,1,1,0.0,,-1.0, -1,2003.0,A01,138Â 195Â 872,1.0,0.0,-1.0,1736306,1.0,7,,0.0,2.0,3.0,A01,138Â 195Â 872,1.0
1017175,201900058706,6,16,15:15,1,2,9,1.0,3.0,93055,JEAN LOLIVE (AVENUE)(137/FIN ET 134/FIN),M,"48,8955300","2,4262300",93,2019,50.0,1.0,1.0,3.0,2274861,1.0,1,1,1,0.0,,-1.0, -1,1990.0,A01,138Â 195Â 872,8.0,0.0,-1.0,1736305,2.0,7,,0.0,2.0,3.0,B01,138Â 195Â 871,1.0
1017175,201900058706,6,16,15:15,1,2,9,1.0,3.0,93055,JEAN LOLIVE (AVENUE)(137/FIN ET 134/FIN),M,"48,8955300","2,4262300",93,2019,50.0,1.0,1.0,3.0,2274861,1.0,1,1,1,0.0,,-1.0, -1,1990.0,A01,138Â 195Â 872,8.0,0.0,-1.0,1736306,1.0,7,,0.0,2.0,3.0,A01,138Â 195Â 872,1.0
1017176,201900058707,12,1,16:45,1,1,1,2.0,7.0,13056,A55-Sens Martigues vers Marseille,M,"43,3974210","5,0467280",13,2019,70.0,1.0,2.0,1.0,2274862,1.0,1,4,2,5.0,,-1.0,0,1987.0,A01,138Â 195Â 874,1.0,0.0,-1.0,1736307,2.0,7,,3.0,0.0,3.0,A01,138Â 195Â 874,1.0
1017176,201900058707,12,1,16:45,1,1,1,2.0,7.0,13056,A55-Sens Martigues vers Marseille,M,"43,3974210","5,0467280",13,2019,70.0,1.0,2.0,1.0,2274863,3.0,2,4,1,5.0,,-1.0,0,2008.0,A01,138Â 195Â 874,1.0,0.0,-1.0,1736307,2.0,7,,3.0,0.0,3.0,A01,138Â 195Â 874,1.0
1017177,201900058708,12,1,12:30,1,1,1,2.0,4.0,13071,A51-Sens Marseille vers Aix en Provence,M,"43,4191990","5,3670530",13,2019,90.0,1.0,2.0,1.0,2274864,3.0,2,4,2,0.0,,-1.0,0,1981.0,A01,138Â 195Â 866,1.0,0.0,-1.0,1736308,1.0,7,,0.0,0.0,4.0,A01,138Â 195Â 866,1.0
1017177,201900058708,12,1,12:30,1,1,1,2.0,4.0,13071,A51-Sens Marseille vers Aix en Provence,M,"43,4191990","5,3670530",13,2019,90.0,1.0,2.0,1.0,2274864,3.0,2,4,2,0.0,,-1.0,0,1981.0,A01,138Â 195Â 866,1.0,0.0,-1.0,1736309,1.0,7,,0.0,0.0,4.0,B01,138Â 195Â 867,1.0
1017177,201900058708,12,1,12:30,1,1,1,2.0,4.0,13071,A51-Sens Marseille vers Aix en Provence,M,"43,4191990","5,3670530",13,2019,90.0,1.0,2.0,1.0,2274864,3.0,2,4,2,0.0,,-1.0,0,1981.0,A01,138Â 195Â 866,1.0,0.0,-1.0,1736310,1.0,7,,0.0,0.0,1.0,C01,138Â 195Â 868,1.0
1017177,201900058708,12,1,12:30,1,1,1,2.0,4.0,13071,A51-Sens Marseille vers Aix en Provence,M,"43,4191990","5,3670530",13,2019,90.0,1.0,2.0,1.0,2274865,1.0,1,1,1,0.0,,-1.0,0,1977.0,A01,138Â 195Â 866,1.0,0.0,-1.0,1736308,1.0,7,,0.0,0.0,4.0,A01,138Â 195Â 866,1.0
1017177,201900058708,12,1,12:30,1,1,1,2.0,4.0,13071,A51-Sens Marseille vers Aix en Provence,M,"43,4191990","5,3670530",13,2019,90.0,1.0,2.0,1.0,2274865,1.0,1,1,1,0.0,,-1.0,0,1977.0,A01,138Â 195Â 866,1.0,0.0,-1.0,1736309,1.0,7,,0.0,0.0,4.0,B01,138Â 195Â 867,1.0
1017177,201900058708,12,1,12:30,1,1,1,2.0,4.0,13071,A51-Sens Marseille vers Aix en Provence,M,"43,4191990","5,3670530",13,2019,90.0,1.0,2.0,1.0,2274865,1.0,1,1,1,0.0,,-1.0,0,1977.0,A01,138Â 195Â 866,1.0,0.0,-1.0,1736310,1.0,7,,0.0,0.0,1.0,C01,138Â 195Â 868,1.0
1017177,201900058708,12,1,12:30,1,1,1,2.0,4.0,13071,A51-Sens Marseille vers Aix en Provence,M,"43,4191990","5,3670530",13,2019,90.0,1.0,2.0,1.0,2274866,2.0,2,4,1,0.0,,-1.0,0,2011.0,A01,138Â 195Â 866,1.0,0.0,-1.0,1736308,1.0,7,,0.0,0.0,4.0,A01,138Â 195Â 866,1.0
1017177,201900058708,12,1,12:30,1,1,1,2.0,4.0,13071,A51-Sens Marseille vers Aix en Provence,M,"43,4191990","5,3670530",13,2019,90.0,1.0,2.0,1.0,2274866,2.0,2,4,1,0.0,,-1.0,0,2011.0,A01,138Â 195Â 866,1.0,0.0,-1.0,1736309,1.0,7,,0.0,0.0,4.0,B01,138Â 195Â 867,1.0
1017177,201900058708,12,1,12:30,1,1,1,2.0,4.0,13071,A51-Sens Marseille vers Aix en Provence,M,"43,4191990","5,3670530",13,2019,90.0,1.0,2.0,1.0,2274866,2.0,2,4,1,0.0,,-1.0,0,2011.0,A01,138Â 195Â 866,1.0,0.0,-1.0,1736310,1.0,7,,0.0,0.0,1.0,C01,138Â 195Â 868,1.0
1017177,201900058708,12,1,12:30,1,1,1,2.0,4.0,13071,A51-Sens Marseille vers Aix en Provence,M,"43,4191990","5,3670530",13,2019,90.0,1.0,2.0,1.0,2274867,1.0,1,1,1,0.0,,-1.0, -1,1978.0,B01,138Â 195Â 867,1.0,0.0,-1.0,1736308,1.0,7,,0.0,0.0,4.0,A01,138Â 195Â 866,1.0
1017177,201900058708,12,1,12:30,1,1,1,2.0,4.0,13071,A51-Sens Marseille vers Aix en Provence,M,"43,4191990","5,3670530",13,2019,90.0,1.0,2.0,1.0,2274867,1.0,1,1,1,0.0,,-1.0, -1,1978.0,B01,138Â 195Â 867,1.0,0.0,-1.0,1736309,1.0,7,,0.0,0.0,4.0,B01,138Â 195Â 867,1.0
1017177,201900058708,12,1,12:30,1,1,1,2.0,4.0,13071,A51-Sens Marseille vers Aix en Provence,M,"43,4191990","5,3670530",13,2019,90.0,1.0,2.0,1.0,2274867,1.0,1,1,1,0.0,,-1.0, -1,1978.0,B01,138Â 195Â 867,1.0,0.0,-1.0,1736310,1.0,7,,0.0,0.0,1.0,C01,138Â 195Â 868,1.0
1017177,201900058708,12,1,12:30,1,1,1,2.0,4.0,13071,A51-Sens Marseille vers Aix en Provence,M,"43,4191990","5,3670530",13,2019,90.0,1.0,2.0,1.0,2274868,2.0,2,1,1,0.0,,-1.0,0,2011.0,B01,138Â 195Â 867,1.0,0.0,-1.0,1736308,1.0,7,,0.0,0.0,4.0,A01,138Â 195Â 866,1.0
1017177,201900058708,12,1,12:30,1,1,1,2.0,4.0,13071,A51-Sens Marseille vers Aix en Provence,M,"43,4191990","5,3670530",13,2019,90.0,1.0,2.0,1.0,2274868,2.0,2,1,1,0.0,,-1.0,0,2011.0,B01,138Â 195Â 867,1.0,0.0,-1.0,1736309,1.0,7,,0.0,0.0,4.0,B01,138Â 195Â 867,1.0
1017177,201900058708,12,1,12:30,1,1,1,2.0,4.0,13071,A51-Sens Marseille vers Aix en Provence,M,"43,4191990","5,3670530",13,2019,90.0,1.0,2.0,1.0,2274868,2.0,2,1,1,0.0,,-1.0,0,2011.0,B01,138Â 195Â 867,1.0,0.0,-1.0,1736310,1.0,7,,0.0,0.0,1.0,C01,138Â 195Â 868,1.0
1017177,201900058708,12,1,12:30,1,1,1,2.0,4.0,13071,A51-Sens Marseille vers Aix en Provence,M,"43,4191990","5,3670530",13,2019,90.0,1.0,2.0,1.0,2274869,8.0,2,1,1,0.0,,-1.0,0,2015.0,B01,138Â 195Â 867,1.0,0.0,-1.0,1736308,1.0,7,,0.0,0.0,4.0,A01,138Â 195Â 866,1.0
1017177,201900058708,12,1,12:30,1,1,1,2.0,4.0,13071,A51-Sens Marseille vers Aix en Provence,M,"43,4191990","5,3670530",13,2019,90.0,1.0,2.0,1.0,2274869,8.0,2,1,1,0.0,,-1.0,0,2015.0,B01,138Â 195Â 867,1.0,0.0,-1.0,1736309,1.0,7,,0.0,0.0,4.0,B01,138Â 195Â 867,1.0
1017177,201900058708,12,1,12:30,1,1,1,2.0,4.0,13071,A51-Sens Marseille vers Aix en Provence,M,"43,4191990","5,3670530",13,2019,90.0,1.0,2.0,1.0,2274869,8.0,2,1,1,0.0,,-1.0,0,2015.0,B01,138Â 195Â 867,1.0,0.0,-1.0,1736310,1.0,7,,0.0,0.0,1.0,C01,138Â 195Â 868,1.0
1017177,201900058708,12,1,12:30,1,1,1,2.0,4.0,13071,A51-Sens Marseille vers Aix en Provence,M,"43,4191990","5,3670530",13,2019,90.0,1.0,2.0,1.0,2274870,4.0,2,1,2,0.0,,-1.0, -1,1978.0,B01,138Â 195Â 867,1.0,0.0,-1.0,1736308,1.0,7,,0.0,0.0,4.0,A01,138Â 195Â 866,1.0
1017177,201900058708,12,1,12:30,1,1,1,2.0,4.0,13071,A51-Sens Marseille vers Aix en Provence,M,"43,4191990","5,3670530",13,2019,90.0,1.0,2.0,1.0,2274870,4.0,2,1,2,0.0,,-1.0, -1,1978.0,B01,138Â 195Â 867,1.0,0.0,-1.0,1736309,1.0,7,,0.0,0.0,4.0,B01,138Â 195Â 867,1.0
1017177,201900058708,12,1,12:30,1,1,1,2.0,4.0,13071,A51-Sens Marseille vers Aix en Provence,M,"43,4191990","5,3670530",13,2019,90.0,1.0,2.0,1.0,2274870,4.0,2,1,2,0.0,,-1.0, -1,1978.0,B01,138Â 195Â 867,1.0,0.0,-1.0,1736310,1.0,7,,0.0,0.0,1.0,C01,138Â 195Â 868,1.0
1017177,201900058708,12,1,12:30,1,1,1,2.0,4.0,13071,A51-Sens Marseille vers Aix en Provence,M,"43,4191990","5,3670530",13,2019,90.0,1.0,2.0,1.0,2274871,3.0,2,1,2,0.0,,-1.0,0,2009.0,B01,138Â 195Â 867,1.0,0.0,-1.0,1736308,1.0,7,,0.0,0.0,4.0,A01,138Â 195Â 866,1.0
1017177,201900058708,12,1,12:30,1,1,1,2.0,4.0,13071,A51-Sens Marseille vers Aix en Provence,M,"43,4191990","5,3670530",13,2019,90.0,1.0,2.0,1.0,2274871,3.0,2,1,2,0.0,,-1.0,0,2009.0,B01,138Â 195Â 867,1.0,0.0,-1.0,1736309,1.0,7,,0.0,0.0,4.0,B01,138Â 195Â 867,1.0
1017177,201900058708,12,1,12:30,1,1,1,2.0,4.0,13071,A51-Sens Marseille vers Aix en Provence,M,"43,4191990","5,3670530",13,2019,90.0,1.0,2.0,1.0,2274871,3.0,2,1,2,0.0,,-1.0,0,2009.0,B01,138Â 195Â 867,1.0,0.0,-1.0,1736310,1.0,7,,0.0,0.0,1.0,C01,138Â 195Â 868,1.0
1017177,201900058708,12,1,12:30,1,1,1,2.0,4.0,13071,A51-Sens Marseille vers Aix en Provence,M,"43,4191990","5,3670530",13,2019,90.0,1.0,2.0,1.0,2274872,1.0,1,1,1,0.0,,-1.0, -1,2001.0,C01,138Â 195Â 868,1.0,0.0,-1.0,1736308,1.0,7,,0.0,0.0,4.0,A01,138Â 195Â 866,1.0
1017177,201900058708,12,1,12:30,1,1,1,2.0,4.0,13071,A51-Sens Marseille vers Aix en Provence,M,"43,4191990","5,3670530",13,2019,90.0,1.0,2.0,1.0,2274872,1.0,1,1,1,0.0,,-1.0, -1,2001.0,C01,138Â 195Â 868,1.0,0.0,-1.0,1736309,1.0,7,,0.0,0.0,4.0,B01,138Â 195Â 867,1.0
1017177,201900058708,12,1,12:30,1,1,1,2.0,4.0,13071,A51-Sens Marseille vers Aix en Provence,M,"43,4191990","5,3670530",13,2019,90.0,1.0,2.0,1.0,2274872,1.0,1,1,1,0.0,,-1.0, -1,2001.0,C01,138Â 195Â 868,1.0,0.0,-1.0,1736310,1.0,7,,0.0,0.0,1.0,C01,138Â 195Â 868,1.0
1017178,201900058709,12,1,09:40,1,1,1,2.0,7.0,13216,A55-Sens Martigues vers Marseille,M,"43,3590900","5,3462100",13,2019,50.0,1.0,2.0,1.0,2274873,1.0,1,4,1,5.0,,-1.0, -1,1996.0,A01,138Â 195Â 865,1.0,0.0,-1.0,1736311,3.0,7,,0.0,0.0,9.0,A01,138Â 195Â 865,1.0
1017179,201900058710,11,29,10:00,1,1,1,1.0,5.0,13055,A507 sens Marseille - Aubagne,M,"43,3096500","5,4246730",13,2019,70.0,1.0,1.0,1.0,2274874,1.0,1,1,1,0.0,,-1.0,0,1988.0,C01,138Â 195Â 862,1.0,0.0,-1.0,1736312,1.0,7,,0.0,2.0,2.0,C01,138Â 195Â 862,1.0
1017179,201900058710,11,29,10:00,1,1,1,1.0,5.0,13055,A507 sens Marseille - Aubagne,M,"43,3096500","5,4246730",13,2019,70.0,1.0,1.0,1.0,2274874,1.0,1,1,1,0.0,,-1.0,0,1988.0,C01,138Â 195Â 862,1.0,0.0,-1.0,1736313,1.0,13,,0.0,2.0,3.0,B01,138Â 195Â 863,1.0
1017179,201900058710,11,29,10:00,1,1,1,1.0,5.0,13055,A507 sens Marseille - Aubagne,M,"43,3096500","5,4246730",13,2019,70.0,1.0,1.0,1.0,2274874,1.0,1,1,1,0.0,,-1.0,0,1988.0,C01,138Â 195Â 862,1.0,0.0,-1.0,1736314,1.0,7,,0.0,2.0,6.0,A01,138Â 195Â 864,1.0
1017179,201900058710,11,29,10:00,1,1,1,1.0,5.0,13055,A507 sens Marseille - Aubagne,M,"43,3096500","5,4246730",13,2019,70.0,1.0,1.0,1.0,2274875,1.0,1,1,1,4.0,,-1.0,0,1984.0,B01,138Â 195Â 863,1.0,8.0,-1.0,1736312,1.0,7,,0.0,2.0,2.0,C01,138Â 195Â 862,1.0
1017179,201900058710,11,29,10:00,1,1,1,1.0,5.0,13055,A507 sens Marseille - Aubagne,M,"43,3096500","5,4246730",13,2019,70.0,1.0,1.0,1.0,2274875,1.0,1,1,1,4.0,,-1.0,0,1984.0,B01,138Â 195Â 863,1.0,8.0,-1.0,1736313,1.0,13,,0.0,2.0,3.0,B01,138Â 195Â 863,1.0
1017179,201900058710,11,29,10:00,1,1,1,1.0,5.0,13055,A507 sens Marseille - Aubagne,M,"43,3096500","5,4246730",13,2019,70.0,1.0,1.0,1.0,2274875,1.0,1,1,1,4.0,,-1.0,0,1984.0,B01,138Â 195Â 863,1.0,8.0,-1.0,1736314,1.0,7,,0.0,2.0,6.0,A01,138Â 195Â 864,1.0
1017179,201900058710,11,29,10:00,1,1,1,1.0,5.0,13055,A507 sens Marseille - Aubagne,M,"43,3096500","5,4246730",13,2019,70.0,1.0,1.0,1.0,2274876,2.0,2,1,2,9.0,,-1.0,0,2003.0,A01,138Â 195Â 864,1.0,8.0,-1.0,1736312,1.0,7,,0.0,2.0,2.0,C01,138Â 195Â 862,1.0
1017179,201900058710,11,29,10:00,1,1,1,1.0,5.0,13055,A507 sens Marseille - Aubagne,M,"43,3096500","5,4246730",13,2019,70.0,1.0,1.0,1.0,2274876,2.0,2,1,2,9.0,,-1.0,0,2003.0,A01,138Â 195Â 864,1.0,8.0,-1.0,1736313,1.0,13,,0.0,2.0,3.0,B01,138Â 195Â 863,1.0
1017179,201900058710,11,29,10:00,1,1,1,1.0,5.0,13055,A507 sens Marseille - Aubagne,M,"43,3096500","5,4246730",13,2019,70.0,1.0,1.0,1.0,2274876,2.0,2,1,2,9.0,,-1.0,0,2003.0,A01,138Â 195Â 864,1.0,8.0,-1.0,1736314,1.0,7,,0.0,2.0,6.0,A01,138Â 195Â 864,1.0
1017179,201900058710,11,29,10:00,1,1,1,1.0,5.0,13055,A507 sens Marseille - Aubagne,M,"43,3096500","5,4246730",13,2019,70.0,1.0,1.0,1.0,2274877,1.0,1,4,2,0.0,,-1.0,0,1970.0,A01,138Â 195Â 864,1.0,8.0,-1.0,1736312,1.0,7,,0.0,2.0,2.0,C01,138Â 195Â 862,1.0
1017179,201900058710,11,29,10:00,1,1,1,1.0,5.0,13055,A507 sens Marseille - Aubagne,M,"43,3096500","5,4246730",13,2019,70.0,1.0,1.0,1.0,2274877,1.0,1,4,2,0.0,,-1.0,0,1970.0,A01,138Â 195Â 864,1.0,8.0,-1.0,1736313,1.0,13,,0.0,2.0,3.0,B01,138Â 195Â 863,1.0
1017179,201900058710,11,29,10:00,1,1,1,1.0,5.0,13055,A507 sens Marseille - Aubagne,M,"43,3096500","5,4246730",13,2019,70.0,1.0,1.0,1.0,2274877,1.0,1,4,2,0.0,,-1.0,0,1970.0,A01,138Â 195Â 864,1.0,8.0,-1.0,1736314,1.0,7,,0.0,2.0,6.0,A01,138Â 195Â 864,1.0
1017180,201900058711,12,1,06:32,5,1,1,1.0,6.0,69034,BPNL   37.781 A 41.124,M,"45,7882600","4,8546900",69,2019,70.0,1.0,1.0,7.0,2274878,2.0,2,3,1,5.0,,-1.0,0,1996.0,A01,138Â 195Â 861,1.0,0.0,-1.0,1736315,2.0,7,,6.0,0.0,1.0,A01,138Â 195Â 861,1.0
1017180,201900058711,12,1,06:32,5,1,1,1.0,6.0,69034,BPNL   37.781 A 41.124,M,"45,7882600","4,8546900",69,2019,70.0,1.0,1.0,7.0,2274879,4.0,2,3,1,5.0,,-1.0, -1,1996.0,A01,138Â 195Â 861,1.0,0.0,-1.0,1736315,2.0,7,,6.0,0.0,1.0,A01,138Â 195Â 861,1.0
1017180,201900058711,12,1,06:32,5,1,1,1.0,6.0,69034,BPNL   37.781 A 41.124,M,"45,7882600","4,8546900",69,2019,70.0,1.0,1.0,7.0,2274880,1.0,1,3,1,5.0,,-1.0, -1,1999.0,A01,138Â 195Â 861,1.0,8.0,-1.0,1736315,2.0,7,,6.0,0.0,1.0,A01,138Â 195Â 861,1.0
1017181,201900058712,11,29,23:42,5,2,1,1.0,2.0,69385,A6   453.400 A 455.000,M,"45,7521800","4,8202700",69,2019,70.0,1.0,2.0,7.0,2274881,1.0,1,1,2,5.0,,0.0,0,1976.0,B01,138Â 195Â 859,1.0,0.0,-1.0,1736316,2.0,7,,0.0,2.0,4.0,B01,138Â 195Â 859,1.0
1017181,201900058712,11,29,23:42,5,2,1,1.0,2.0,69385,A6   453.400 A 455.000,M,"45,7521800","4,8202700",69,2019,70.0,1.0,2.0,7.0,2274881,1.0,1,1,2,5.0,,0.0,0,1976.0,B01,138Â 195Â 859,1.0,0.0,-1.0,1736317,2.0,33,,3.0,0.0,1.0,A01,138Â 195Â 860,1.0
1017181,201900058712,11,29,23:42,5,2,1,1.0,2.0,69385,A6   453.400 A 455.000,M,"45,7521800","4,8202700",69,2019,70.0,1.0,2.0,7.0,2274882,2.0,2,2,1,5.0,,-1.0,0,2005.0,A01,138Â 195Â 860,2.0,6.0,-1.0,1736316,2.0,7,,0.0,2.0,4.0,B01,138Â 195Â 859,1.0
1017181,201900058712,11,29,23:42,5,2,1,1.0,2.0,69385,A6   453.400 A 455.000,M,"45,7521800","4,8202700",69,2019,70.0,1.0,2.0,7.0,2274882,2.0,2,2,1,5.0,,-1.0,0,2005.0,A01,138Â 195Â 860,2.0,6.0,-1.0,1736317,2.0,33,,3.0,0.0,1.0,A01,138Â 195Â 860,1.0
1017181,201900058712,11,29,23:42,5,2,1,1.0,2.0,69385,A6   453.400 A 455.000,M,"45,7521800","4,8202700",69,2019,70.0,1.0,2.0,7.0,2274883,1.0,1,3,1,-1.0,,0.0,0,1970.0,A01,138Â 195Â 860,2.0,6.0,-1.0,1736316,2.0,7,,0.0,2.0,4.0,B01,138Â 195Â 859,1.0