Unnamed: 0_x,num_acc,mois,jour,hrmn,lum,agg,int,atm,col,com,adr,gps,lat,long,dep,annee,vma,situ,surf,catr,Unnamed: 0_y,place,catu,grav,sexe,trajet,secu,locp,actp,an_nais,num_veh_x,id_vehicule_x,secu1,secu2,secu3,Unnamed: 0,senc,catv,occutc,obs,obsm,choc,num_veh_y,id_vehicule_y,motor
1017181,201900058712,11,29,23:42,5,2,1,1.0,2.0,69385,A6   453.400 A 455.000,M,"45,7521800","4,8202700",69,2019,70.0,1.0,2.0,7.0,2274883,1.0,1,3,1,-1.0,,0.0,0,1970.0,A01,138Â 195Â 860,2.0,6.0,-1.0,1736317,2.0,33,,3.0,0.0,1.0,A01,138Â 195Â 860,1.0
1017182,201900058713,12,1,20:40,5,1,1,1.0,5.0,33039,ROCADE A 630,M,"44,7948100"," -0,5393600",33,2019,90.0,1.0,2.0,1.0,2274884,1.0,1,1,1,0.0,,-1.0, -1,2001.0,A01,138Â 195Â 855,1.0,8.0,-1.0,1736318,2.0,7,,0.0,2.0,2.0,A01,138Â 195Â 855,1.0
1017182,201900058713,12,1,20:40,5,1,1,1.0,5.0,33039,ROCADE A 630,M,"44,7948100"," -0,5393600",33,2019,90.0,1.0,2.0,1.0,2274884,1.0,1,1,1,0.0,,-1.0, -1,2001.0,A01,138Â 195Â 855,1.0,8.0,-1.0,1736319,2.0,7,,0.0,2.0,6.0,D01,138Â 195Â 856,1.0
1017182,201900058713,12,1,20:40,5,1,1,1.0,5.0,33039,ROCADE A 630,M,"44,7948100"," -0,5393600",33,2019,90.0,1.0,2.0,1.0,2274884,1.0,1,1,1,0.0,,-1.0, -1,2001.0,A01,138Â 195Â 855,1.0,8.0,-1.0,1736320,2.0,7,,0.0,2.0,7.0,C01,138Â 195Â 857,1.0
1017182,201900058713,12,1,20:40,5,1,1,1.0,5.0,33039,ROCADE A 630,M,"44,7948100"," -0,5393600",33,2019,90.0,1.0,2.0,1.0,2274884,1.0,1,1,1,0.0,,-1.0, -1,2001.0,A01,138Â 195Â 855,1.0,8.0,-1.0,1736321,2.0,32,,0.0,2.0,4.0,B01,138Â 195Â 858,1.0
1017182,201900058713,12,1,20:40,5,1,1,1.0,5.0,33039,ROCADE A 630,M,"44,7948100"," -0,5393600",33,2019,90.0,1.0,2.0,1.0,2274885,1.0,1,1,2,0.0,,-1.0, -1,1982.0,D01,138Â 195Â 856,1.0,8.0,-1.0,1736318,2.0,7,,0.0,2.0,2.0,A01,138Â 195Â 855,1.0
1017182,201900058713,12,1,20:40,5,1,1,1.0,5.0,33039,ROCADE A 630,M,"44,7948100"," -0,5393600",33,2019,90.0,1.0,2.0,1.0,2274885,1.0,1,1,2,0.0,,-1.0, -1,1982.0,D01,138Â 195Â 856,1.0,8.0,-1.0,1736319,2.0,7,,0.0,2.0,6.0,D01,138Â 195Â 856,1.0
1017182,201900058713,12,1,20:40,5,1,1,1.0,5.0,33039,ROCADE A 630,M,"44,7948100"," -0,5393600",33,2019,90.0,1.0,2.0,1.0,2274885,1.0,1,1,2,0.0,,-1.0, -1,1982.0,D01,138Â 195Â 856,1.0,8.0,-1.0,1736320,2.0,7,,0.0,2.0,7.0,C01,138Â 195Â 857,1.0
1017182,201900058713,12,1,20:40,5,1,1,1.0,5.0,33039,ROCADE A 630,M,"44,7948100"," -0,5393600",33,2019,90.0,1.0,2.0,1.0,2274885,1.0,1,1,2,0.0,,-1.0, -1,1982.0,D01,138Â 195Â 856,1.0,8.0,-1.0,1736321,2.0,32,,0.0,2.0,4.0,B01,138Â 195Â 858,1.0
1017182,201900058713,12,1,20:40,5,1,1,1.0,5.0,33039,ROCADE A 630,M,"44,7948100"," -0,5393600",33,2019,90.0,1.0,2.0,1.0,2274886,1.0,1,1,1,0.0,,-1.0, -1,1966.0,C01,138Â 195Â 857,1.0,8.0,-1.0,1736318,2.0,7,,0.0,2.0,2.0,A01,138Â 195Â 855,1.0
1017182,201900058713,12,1,20:40,5,1,1,1.0,5.0,33039,ROCADE A 630,M,"44,7948100"," -0,5393600",33,2019,90.0,1.0,2.0,1.0,2274886,1.0,1,1,1,0.0,,-1.0, -1,1966.0,C01,138Â 195Â 857,1.0,8.0,-1.0,1736319,2.0,7,,0.0,2.0,6.0,D01,138Â 195Â 856,1.0
1017182,201900058713,12,1,20:40,5,1,1,1.0,5.0,33039,ROCADE A 630,M,"44,7948100"," -0,5393600",33,2019,90.0,1.0,2.0,1.0,2274886,1.0,1,1,1,0.0,,-1.0, -1,1966.0,C01,138Â 195Â 857,1.0,8.0,-1.0,1736320,2.0,7,,0.0,2.0,7.0,C01,138Â 195Â 857,1.0
1017182,201900058713,12,1,20:40,5,1,1,1.0,5.0,33039,ROCADE A 630,M,"44,7948100"," -0,5393600",33,2019,90.0,1.0,2.0,1.0,2274886,1.0,1,1,1,0.0,,-1.0, -1,1966.0,C01,138Â 195Â 857,1.0,8.0,-1.0,1736321,2.0,32,,0.0,2.0,4.0,B01,138Â 195Â 858,1.0
1017182,201900058713,12,1,20:40,5,1,1,1.0,5.0,33039,ROCADE A 630,M,"44,7948100"," -0,5393600",33,2019,90.0,1.0,2.0,1.0,2274887,1.0,1,4,1,0.0,,-1.0, -1,1996.0,B01,138Â 195Â 858,2.0,6.0,-1.0,1736318,2.0,7,,0.0,2.0,2.0,A01,138Â 195Â 855,1.0
1017182,201900058713,12,1,20:40,5,1,1,1.0,5.0,33039,ROCADE A 630,M,"44,7948100"," -0,5393600",33,2019,90.0,1.0,2.0,1.0,2274887,1.0,1,4,1,0.0,,-1.0, -1,1996.0,B01,138Â 195Â 858,2.0,6.0,-1.0,1736319,2.0,7,,0.0,2.0,6.0,D01,138Â 195Â 856,1.0
1017182,201900058713,12,1,20:40,5,1,1,1.0,5.0,33039,ROCADE A 630,M,"44,7948100"," -0,5393600",33,2019,90.0,1.0,2.0,1.0,2274887,1.0,1,4,1,0.0,,-1.0, -1,1996.0,B01,138Â 195Â 858,2.0,6.0,-1.0,1736320,2.0,7,,0.0,2.0,7.0,C01,138Â 195Â 857,1.0
1017182,201900058713,12,1,20:40,5,1,1,1.0,5.0,33039,ROCADE A 630,M,"44,7948100"," -0,5393600",33,2019,90.0,1.0,2.0,1.0,2274887,1.0,1,4,1,0.0,,-1.0, -1,1996.0,B01,138Â 195Â 858,2.0,6.0,-1.0,1736321,2.0,32,,0.0,2.0,4.0,B01,138Â 195Â 858,1.0
1017183,201900058714,12,1,18:20,3,1,1,1.0,2.0,91136,AUTOROUTE A10,M,"48,7134267","2,2769554",91,2019,90.0,1.0,1.0,1.0,2274888,2.0,2,4,2,0.0,,0.0,0,1965.0,B01,138Â 195Â 853,1.0,8.0,-1.0,1736322,2.0,3,,0.0,2.0,4.0,B01,138Â 195Â 853,1.0
1017183,201900058714,12,1,18:20,3,1,1,1.0,2.0,91136,AUTOROUTE A10,M,"48,7134267","2,2769554",91,2019,90.0,1.0,1.0,1.0,2274888,2.0,2,4,2,0.0,,0.0,0,1965.0,B01,138Â 195Â 853,1.0,8.0,-1.0,1736323,2.0,3,,0.0,2.0,1.0,A01,138Â 195Â 854,1.0
1017183,201900058714,12,1,18:20,3,1,1,1.0,2.0,91136,AUTOROUTE A10,M,"48,7134267","2,2769554",91,2019,90.0,1.0,1.0,1.0,2274889,1.0,1,1,1,0.0,,0.0,0,1964.0,B01,138Â 195Â 853,1.0,8.0,-1.0,1736322,2.0,3,,0.0,2.0,4.0,B01,138Â 195Â 853,1.0
1017183,201900058714,12,1,18:20,3,1,1,1.0,2.0,91136,AUTOROUTE A10,M,"48,7134267","2,2769554",91,2019,90.0,1.0,1.0,1.0,2274889,1.0,1,1,1,0.0,,0.0,0,1964.0,B01,138Â 195Â 853,1.0,8.0,-1.0,1736323,2.0,3,,0.0,2.0,1.0,A01,138Â 195Â 854,1.0
1017183,201900058714,12,1,18:20,3,1,1,1.0,2.0,91136,AUTOROUTE A10,M,"48,7134267","2,2769554",91,2019,90.0,1.0,1.0,1.0,2274890,1.0,1,1,1,0.0,,0.0,0,2000.0,A01,138Â 195Â 854,1.0,8.0,-1.0,1736322,2.0,3,,0.0,2.0,4.0,B01,138Â 195Â 853,1.0
1017183,201900058714,12,1,18:20,3,1,1,1.0,2.0,91136,AUTOROUTE A10,M,"48,7134267","2,2769554",91,2019,90.0,1.0,1.0,1.0,2274890,1.0,1,1,1,0.0,,0.0,0,2000.0,A01,138Â 195Â 854,1.0,8.0,-1.0,1736323,2.0,3,,0.0,2.0,1.0,A01,138Â 195Â 854,1.0
1017184,201900058715,12,1,07:50,2,1,1,2.0,6.0,91340,RN 104,M,"48,6086800","2,4350470",91,2019,70.0,2.0,2.0,2.0,2274891,1.0,1,4,1,5.0,,0.0,0,1981.0,A01,138Â 195Â 852,1.0,0.0,-1.0,1736324,1.0,7,,3.0,0.0,1.0,A01,138Â 195Â 852,1.0
1017185,201900058716,12,1,03:00,3,1,1,2.0,5.0,91521,AUTOROUTE A6,M,"48,6439000","2,3907000",91,2019,70.0,1.0,2.0,1.0,2274892,1.0,1,1,1,0.0,,0.0,0,1976.0,A01,138Â 195Â 849,1.0,8.0,-1.0,1736325,2.0,10,,0.0,2.0,1.0,A01,138Â 195Â 849,1.0
1017185,201900058716,12,1,03:00,3,1,1,2.0,5.0,91521,AUTOROUTE A6,M,"48,6439000","2,3907000",91,2019,70.0,1.0,2.0,1.0,2274892,1.0,1,1,1,0.0,,0.0,0,1976.0,A01,138Â 195Â 849,1.0,8.0,-1.0,1736326,2.0,10,,0.0,2.0,4.0,B01,138Â 195Â 850,1.0
1017185,201900058716,12,1,03:00,3,1,1,2.0,5.0,91521,AUTOROUTE A6,M,"48,6439000","2,3907000",91,2019,70.0,1.0,2.0,1.0,2274892,1.0,1,1,1,0.0,,0.0,0,1976.0,A01,138Â 195Â 849,1.0,8.0,-1.0,1736327,2.0,10,,0.0,2.0,1.0,C01,138Â 195Â 851,1.0
1017185,201900058716,12,1,03:00,3,1,1,2.0,5.0,91521,AUTOROUTE A6,M,"48,6439000","2,3907000",91,2019,70.0,1.0,2.0,1.0,2274893,1.0,1,4,1,0.0,,0.0,0,1993.0,B01,138Â 195Â 850,1.0,8.0,-1.0,1736325,2.0,10,,0.0,2.0,1.0,A01,138Â 195Â 849,1.0
1017185,201900058716,12,1,03:00,3,1,1,2.0,5.0,91521,AUTOROUTE A6,M,"48,6439000","2,3907000",91,2019,70.0,1.0,2.0,1.0,2274893,1.0,1,4,1,0.0,,0.0,0,1993.0,B01,138Â 195Â 850,1.0,8.0,-1.0,1736326,2.0,10,,0.0,2.0,4.0,B01,138Â 195Â 850,1.0
1017185,201900058716,12,1,03:00,3,1,1,2.0,5.0,91521,AUTOROUTE A6,M,"48,6439000","2,3907000",91,2019,70.0,1.0,2.0,1.0,2274893,1.0,1,4,1,0.0,,0.0,0,1993.0,B01,138Â 195Â 850,1.0,8.0,-1.0,1736327,2.0,10,,0.0,2.0,1.0,C01,138Â 195Â 851,1.0
1017185,201900058716,12,1,03:00,3,1,1,2.0,5.0,91521,AUTOROUTE A6,M,"48,6439000","2,3907000",91,2019,70.0,1.0,2.0,1.0,2274894,1.0,1,4,1,0.0,,0.0,0,1997.0,C01,138Â 195Â 851,1.0,8.0,-1.0,1736325,2.0,10,,0.0,2.0,1.0,A01,138Â 195Â 849,1.0
1017185,201900058716,12,1,03:00,3,1,1,2.0,5.0,91521,AUTOROUTE A6,M,"48,6439000","2,3907000",91,2019,70.0,1.0,2.0,1.0,2274894,1.0,1,4,1,0.0,,0.0,0,1997.0,C01,138Â 195Â 851,1.0,8.0,-1.0,1736326,2.0,10,,0.0,2.0,4.0,B01,138Â 195Â 850,1.0
1017185,201900058716,12,1,03:00,3,1,1,2.0,5.0,91521,AUTOROUTE A6,M,"48,6439000","2,3907000",91,2019,70.0,1.0,2.0,1.0,2274894,1.0,1,4,1,0.0,,0.0,0,1997.0,C01,138Â 195Â 851,1.0,8.0,-1.0,1736327,2.0,10,,0.0,2.0,1.0,C01,138Â 195Â 851,1.0
1017185,201900058716,12,1,03:00,3,1,1,2.0,5.0,91521,AUTOROUTE A6,M,"48,6439000","2,3907000",91,2019,70.0,1.0,2.0,1.0,2274895,2.0,2,4,1,0.0,,0.0,0,1999.0,C01,138Â 195Â 851,1.0,8.0,-1.0,1736325,2.0,10,,0.0,2.0,1.0,A01,138Â 195Â 849,1.0
1017185,201900058716,12,1,03:00,3,1,1,2.0,5.0,91521,AUTOROUTE A6,M,"48,6439000","2,3907000",91,2019,70.0,1.0,2.0,1.0,2274895,2.0,2,4,1,0.0,,0.0,0,1999.0,C01,138Â 195Â 851,1.0,8.0,-1.0,1736326,2.0,10,,0.0,2.0,4.0,B01,138Â 195Â 850,1.0
1017185,201900058716,12,1,03:00,3,1,1,2.0,5.0,91521,AUTOROUTE A6,M,"48,6439000","2,3907000",91,2019,70.0,1.0,2.0,1.0,2274895,2.0,2,4,1,0.0,,0.0,0,1999.0,C01,138Â 195Â 851,1.0,8.0,-1.0,1736327,2.0,10,,0.0,2.0,1.0,C01,138Â 195Â 851,1.0
1017186,201900058717,12,1,03:25,3,1,1,2.0,6.0,78029,A13W,M,"48,9648300","1,8476000",78,2019,130.0,1.0,2.0,1.0,2274896,1.0,1,4,1,0.0,,0.0,0,1970.0,A01,138Â 195Â 848,8.0,-1.0,-1.0,1736328,2.0,7,,3.0,0.0,7.0,A01,138Â 195Â 848,1.0
1017187,201900058718,12,1,17:50,3,1,1,2.0,2.0,77121,A4,M,"48,8311000","2,6877900",77,2019,110.0,1.0,2.0,1.0,2274897,1.0,1,1,2,5.0,,-1.0,0,1993.0,B01,138Â 195Â 846,1.0,8.0,-1.0,1736329,2.0,7,,0.0,2.0,1.0,B01,138Â 195Â 846,1.0
1017187,201900058718,12,1,17:50,3,1,1,2.0,2.0,77121,A4,M,"48,8311000","2,6877900",77,2019,110.0,1.0,2.0,1.0,2274897,1.0,1,1,2,5.0,,-1.0,0,1993.0,B01,138Â 195Â 846,1.0,8.0,-1.0,1736330,2.0,7,,0.0,0.0,4.0,A01,138Â 195Â 847,1.0
1017187,201900058718,12,1,17:50,3,1,1,2.0,2.0,77121,A4,M,"48,8311000","2,6877900",77,2019,110.0,1.0,2.0,1.0,2274898,1.0,1,1,1,5.0,,-1.0,0,1989.0,A01,138Â 195Â 847,1.0,8.0,-1.0,1736329,2.0,7,,0.0,2.0,1.0,B01,138Â 195Â 846,1.0
1017187,201900058718,12,1,17:50,3,1,1,2.0,2.0,77121,A4,M,"48,8311000","2,6877900",77,2019,110.0,1.0,2.0,1.0,2274898,1.0,1,1,1,5.0,,-1.0,0,1989.0,A01,138Â 195Â 847,1.0,8.0,-1.0,1736330,2.0,7,,0.0,0.0,4.0,A01,138Â 195Â 847,1.0
1017187,201900058718,12,1,17:50,3,1,1,2.0,2.0,77121,A4,M,"48,8311000","2,6877900",77,2019,110.0,1.0,2.0,1.0,2274899,2.0,2,1,2,5.0,,-1.0,0,1962.0,A01,138Â 195Â 847,1.0,8.0,-1.0,1736329,2.0,7,,0.0,2.0,1.0,B01,138Â 195Â 846,1.0
1017187,201900058718,12,1,17:50,3,1,1,2.0,2.0,77121,A4,M,"48,8311000","2,6877900",77,2019,110.0,1.0,2.0,1.0,2274899,2.0,2,1,2,5.0,,-1.0,0,1962.0,A01,138Â 195Â 847,1.0,8.0,-1.0,1736330,2.0,7,,0.0,0.0,4.0,A01,138Â 195Â 847,1.0
1017187,201900058718,12,1,17:50,3,1,1,2.0,2.0,77121,A4,M,"48,8311000","2,6877900",77,2019,110.0,1.0,2.0,1.0,2274900,2.0,2,4,2,5.0,,-1.0,0,1951.0,A01,138Â 195Â 847,1.0,8.0,-1.0,1736329,2.0,7,,0.0,2.0,1.0,B01,138Â 195Â 846,1.0
1017187,201900058718,12,1,17:50,3,1,1,2.0,2.0,77121,A4,M,"48,8311000","2,6877900",77,2019,110.0,1.0,2.0,1.0,2274900,2.0,2,4,2,5.0,,-1.0,0,1951.0,A01,138Â 195Â 847,1.0,8.0,-1.0,1736330,2.0,7,,0.0,0.0,4.0,A01,138Â 195Â 847,1.0
1017188,201900058719,11,30,02:15,5,2,6,1.0,3.0,98735,BRUAT (AVENUE),M," -17,5434930"," -149,5704470",987,2019,50.0,1.0,1.0,2.0,2274901,1.0,1,3,1,5.0,,-1.0,0,2002.0,A01,138Â 195Â 843,2.0,8.0,-1.0,1736331,1.0,30,,0.0,2.0,6.0,A01,138Â 195Â 843,1.0
1017188,201900058719,11,30,02:15,5,2,6,1.0,3.0,98735,BRUAT (AVENUE),M," -17,5434930"," -149,5704470",987,2019,50.0,1.0,1.0,2.0,2274901,1.0,1,3,1,5.0,,-1.0,0,2002.0,A01,138Â 195Â 843,2.0,8.0,-1.0,1736332,1.0,7,,0.0,2.0,2.0,TB01,138Â 195Â 844,1.0
1017189,201900058720,11,30,23:48,5,2,1,1.0,7.0,97611,mgombani-Mahabou (rond point),M," -12,7824700","45,2350700",976,2019,50.0,1.0,1.0,2.0,2274902,1.0,1,4,1,9.0,,-1.0, -1,1991.0,A01,138Â 195Â 842,2.0,8.0,-1.0,1736333,1.0,30,,0.0,0.0,8.0,A01,138Â 195Â 842,1.0
1017190,201900058721,11,30,18:15,5,2,1,1.0,3.0,69387,PAUL DUVIVIER (R)                      (R ),M,"45,7397900","4,8493000",69,2019,50.0,5.0,1.0,9.0,2274903,1.0,1,4,1,1.0,,-1.0, -1,1991.0,B01,138Â 195Â 840,8.0,0.0,-1.0,1736334,0.0,1,,0.0,2.0,0.0,B01,138Â 195Â 840,0.0
1017190,201900058721,11,30,18:15,5,2,1,1.0,3.0,69387,PAUL DUVIVIER (R)                      (R ),M,"45,7397900","4,8493000",69,2019,50.0,5.0,1.0,9.0,2274903,1.0,1,4,1,1.0,,-1.0, -1,1991.0,B01,138Â 195Â 840,8.0,0.0,-1.0,1736335,1.0,32,,0.0,2.0,3.0,A01,138Â 195Â 841,0.0
1017191,201900058722,11,28,15:45,1,2,1,1.0,3.0,69387,TONY GARNIER                        (AV),M,"45,7312000","4,8241500",69,2019,50.0,1.0,1.0,4.0,2274904,1.0,1,1,1,0.0,,-1.0, -1,1972.0,B01,138Â 195Â 838,8.0,0.0,-1.0,1736336,2.0,14,,0.0,2.0,2.0,B01,138Â 195Â 838,1.0
1017191,201900058722,11,28,15:45,1,2,1,1.0,3.0,69387,TONY GARNIER                        (AV),M,"45,7312000","4,8241500",69,2019,50.0,1.0,1.0,4.0,2274904,1.0,1,1,1,0.0,,-1.0, -1,1972.0,B01,138Â 195Â 838,8.0,0.0,-1.0,1736337,2.0,33,,0.0,2.0,8.0,A01,138Â 195Â 839,1.0
1017191,201900058722,11,28,15:45,1,2,1,1.0,3.0,69387,TONY GARNIER                        (AV),M,"45,7312000","4,8241500",69,2019,50.0,1.0,1.0,4.0,2274905,1.0,1,3,1,0.0,,-1.0, -1,1992.0,A01,138Â 195Â 839,8.0,0.0,-1.0,1736336,2.0,14,,0.0,2.0,2.0,B01,138Â 195Â 838,1.0
1017191,201900058722,11,28,15:45,1,2,1,1.0,3.0,69387,TONY GARNIER                        (AV),M,"45,7312000","4,8241500",69,2019,50.0,1.0,1.0,4.0,2274905,1.0,1,3,1,0.0,,-1.0, -1,1992.0,A01,138Â 195Â 839,8.0,0.0,-1.0,1736337,2.0,33,,0.0,2.0,8.0,A01,138Â 195Â 839,1.0
1017192,201900058723,11,29,08:05,1,1,1,1.0,4.0,97213,ROUTE DEPARTEMENTALE 14,M,"14,0000000"," -1,4076650",972,2019,50.0,1.0,1.0,3.0,2274906,1.0,1,1,1,9.0,,-1.0,0,1985.0,A01,138Â 195Â 833,8.0,8.0,-1.0,1736338,1.0,7,,0.0,2.0,1.0,A01,138Â 195Â 833,1.0
1017192,201900058723,11,29,08:05,1,1,1,1.0,4.0,97213,ROUTE DEPARTEMENTALE 14,M,"14,0000000"," -1,4076650",972,2019,50.0,1.0,1.0,3.0,2274906,1.0,1,1,1,9.0,,-1.0,0,1985.0,A01,138Â 195Â 833,8.0,8.0,-1.0,1736339,2.0,7,,0.0,2.0,1.0,E01,138Â 195Â 834,1.0
1017192,201900058723,11,29,08:05,1,1,1,1.0,4.0,97213,ROUTE DEPARTEMENTALE 14,M,"14,0000000"," -1,4076650",972,2019,50.0,1.0,1.0,3.0,2274906,1.0,1,1,1,9.0,,-1.0,0,1985.0,A01,138Â 195Â 833,8.0,8.0,-1.0,1736340,2.0,7,,0.0,2.0,1.0,D01,138Â 195Â 835,1.0
1017192,201900058723,11,29,08:05,1,1,1,1.0,4.0,97213,ROUTE DEPARTEMENTALE 14,M,"14,0000000"," -1,4076650",972,2019,50.0,1.0,1.0,3.0,2274906,1.0,1,1,1,9.0,,-1.0,0,1985.0,A01,138Â 195Â 833,8.0,8.0,-1.0,1736341,2.0,7,,0.0,2.0,8.0,C01,138Â 195Â 836,1.0
1017192,201900058723,11,29,08:05,1,1,1,1.0,4.0,97213,ROUTE DEPARTEMENTALE 14,M,"14,0000000"," -1,4076650",972,2019,50.0,1.0,1.0,3.0,2274906,1.0,1,1,1,9.0,,-1.0,0,1985.0,A01,138Â 195Â 833,8.0,8.0,-1.0,1736342,2.0,7,,0.0,2.0,8.0,B01,138Â 195Â 837,1.0
1017192,201900058723,11,29,08:05,1,1,1,1.0,4.0,97213,ROUTE DEPARTEMENTALE 14,M,"14,0000000"," -1,4076650",972,2019,50.0,1.0,1.0,3.0,2274907,1.0,1,1,1,9.0,,-1.0, -1,1977.0,E01,138Â 195Â 834,1.0,8.0,-1.0,1736338,1.0,7,,0.0,2.0,1.0,A01,138Â 195Â 833,1.0
1017192,201900058723,11,29,08:05,1,1,1,1.0,4.0,97213,ROUTE DEPARTEMENTALE 14,M,"14,0000000"," -1,4076650",972,2019,50.0,1.0,1.0,3.0,2274907,1.0,1,1,1,9.0,,-1.0, -1,1977.0,E01,138Â 195Â 834,1.0,8.0,-1.0,1736339,2.0,7,,0.0,2.0,1.0,E01,138Â 195Â 834,1.0
1017192,201900058723,11,29,08:05,1,1,1,1.0,4.0,97213,ROUTE DEPARTEMENTALE 14,M,"14,0000000"," -1,4076650",972,2019,50.0,1.0,1.0,3.0,2274907,1.0,1,1,1,9.0,,-1.0, -1,1977.0,E01,138Â 195Â 834,1.0,8.0,-1.0,1736340,2.0,7,,0.0,2.0,1.0,D01,138Â 195Â 835,1.0
1017192,201900058723,11,29,08:05,1,1,1,1.0,4.0,97213,ROUTE DEPARTEMENTALE 14,M,"14,0000000"," -1,4076650",972,2019,50.0,1.0,1.0,3.0,2274907,1.0,1,1,1,9.0,,-1.0, -1,1977.0,E01,138Â 195Â 834,1.0,8.0,-1.0,1736341,2.0,7,,0.0,2.0,8.0,C01,138Â 195Â 836,1.0
1017192,201900058723,11,29,08:05,1,1,1,1.0,4.0,97213,ROUTE DEPARTEMENTALE 14,M,"14,0000000"," -1,4076650",972,2019,50.0,1.0,1.0,3.0,2274907,1.0,1,1,1,9.0,,-1.0, -1,1977.0,E01,138Â 195Â 834,1.0,8.0,-1.0,1736342,2.0,7,,0.0,2.0,8.0,B01,138Â 195Â 837,1.0
1017192,201900058723,11,29,08:05,1,1,1,1.0,4.0,97213,ROUTE DEPARTEMENTALE 14,M,"14,0000000"," -1,4076650",972,2019,50.0,1.0,1.0,3.0,2274908,2.0,2,4,1,0.0,,-1.0,0,1951.0,D01,138Â 195Â 835,1.0,8.0,-1.0,1736338,1.0,7,,0.0,2.0,1.0,A01,138Â 195Â 833,1.0
1017192,201900058723,11,29,08:05,1,1,1,1.0,4.0,97213,ROUTE DEPARTEMENTALE 14,M,"14,0000000"," -1,4076650",972,2019,50.0,1.0,1.0,3.0,2274908,2.0,2,4,1,0.0,,-1.0,0,1951.0,D01,138Â 195Â 835,1.0,8.0,-1.0,1736339,2.0,7,,0.0,2.0,1.0,E01,138Â 195Â 834,1.0
1017192,201900058723,11,29,08:05,1,1,1,1.0,4.0,97213,ROUTE DEPARTEMENTALE 14,M,"14,0000000"," -1,4076650",972,2019,50.0,1.0,1.0,3.0,2274908,2.0,2,4,1,0.0,,-1.0,0,1951.0,D01,138Â 195Â 835,1.0,8.0,-1.0,1736340,2.0,7,,0.0,2.0,1.0,D01,138Â 195Â 835,1.0
1017192,201900058723,11,29,08:05,1,1,1,1.0,4.0,97213,ROUTE DEPARTEMENTALE 14,M,"14,0000000"," -1,4076650",972,2019,50.0,1.0,1.0,3.0,2274908,2.0,2,4,1,0.0,,-1.0,0,1951.0,D01,138Â 195Â 835,1.0,8.0,-1.0,1736341,2.0,7,,0.0,2.0,8.0,C01,138Â 195Â 836,1.0
1017192,201900058723,11,29,08:05,1,1,1,1.0,4.0,97213,ROUTE DEPARTEMENTALE 14,M,"14,0000000"," -1,4076650",972,2019,50.0,1.0,1.0,3.0,2274908,2.0,2,4,1,0.0,,-1.0,0,1951.0,D01,138Â 195Â 835,1.0,8.0,-1.0,1736342,2.0,7,,0.0,2.0,8.0,B01,138Â 195Â 837,1.0
1017192,201900058723,11,29,08:05,1,1,1,1.0,4.0,97213,ROUTE DEPARTEMENTALE 14,M,"14,0000000"," -1,4076650",972,2019,50.0,1.0,1.0,3.0,2274909,1.0,1,4,1,0.0,,-1.0,0,1993.0,D01,138Â 195Â 835,1.0,8.0,-1.0,1736338,1.0,7,,0.0,2.0,1.0,A01,138Â 195Â 833,1.0
1017192,201900058723,11,29,08:05,1,1,1,1.0,4.0,97213,ROUTE DEPARTEMENTALE 14,M,"14,0000000"," -1,4076650",972,2019,50.0,1.0,1.0,3.0,2274909,1.0,1,4,1,0.0,,-1.0,0,1993.0,D01,138Â 195Â 835,1.0,8.0,-1.0,1736339,2.0,7,,0.0,2.0,1.0,E01,138Â 195Â 834,1.0
1017192,201900058723,11,29,08:05,1,1,1,1.0,4.0,97213,ROUTE DEPARTEMENTALE 14,M,"14,0000000"," -1,4076650",972,2019,50.0,1.0,1.0,3.0,2274909,1.0,1,4,1,0.0,,-1.0,0,1993.0,D01,138Â 195Â 835,1.0,8.0,-1.0,1736340,2.0,7,,0.0,2.0,1.0,D01,138Â 195Â 835,1.0
1017192,201900058723,11,29,08:05,1,1,1,1.0,4.0,97213,ROUTE DEPARTEMENTALE 14,M,"14,0000000"," -1,4076650",972,2019,50.0,1.0,1.0,3.0,2274909,1.0,1,4,1,0.0,,-1.0,0,1993.0,D01,138Â 195Â 835,1.0,8.0,-1.0,1736341,2.0,7,,0.0,2.0,8.0,C01,138Â 195Â 836,1.0
1017192,201900058723,11,29,08:05,1,1,1,1.0,4.0,97213,ROUTE DEPARTEMENTALE 14,M,"14,0000000"," -1,4076650",972,2019,50.0,1.0,1.0,3.0,2274909,1.0,1,4,1,0.0,,-1.0,0,1993.0,D01,138Â 195Â 835,1.0,8.0,-1.0,1736342,2.0,7,,0.0,2.0,8.0,B01,138Â 195Â 837,1.0
1017192,201900058723,11,29,08:05,1,1,1,1.0,4.0,97213,ROUTE DEPARTEMENTALE 14,M,"14,0000000"," -1,4076650",972,2019,50.0,1.0,1.0,3.0,2274910,1.0,1,4,2,0.0,,-1.0,0,1957.0,C01,138Â 195Â 836,1.0,8.0,-1.0,1736338,1.0,7,,0.0,2.0,1.0,A01,138Â 195Â 833,1.0
1017192,201900058723,11,29,08:05,1,1,1,1.0,4.0,97213,ROUTE DEPARTEMENTALE 14,M,"14,0000000"," -1,4076650",972,2019,50.0,1.0,1.0,3.0,2274910,1.0,1,4,2,0.0,,-1.0,0,1957.0,C01,138Â 195Â 836,1.0,8.0,-1.0,1736339,2.0,7,,0.0,2.0,1.0,E01,138Â 195Â 834,1.0