Unnamed: 0_x,num_acc,mois,jour,hrmn,lum,agg,int,atm,col,com,adr,gps,lat,long,dep,annee,vma,situ,surf,catr,Unnamed: 0_y,place,catu,grav,sexe,trajet,secu,locp,actp,an_nais,num_veh_x,id_vehicule_x,secu1,secu2,secu3,Unnamed: 0,senc,catv,occutc,obs,obsm,choc,num_veh_y,id_vehicule_y,motor
1017192,201900058723,11,29,08:05,1,1,1,1.0,4.0,97213,ROUTE DEPARTEMENTALE 14,M,"14,0000000"," -1,4076650",972,2019,50.0,1.0,1.0,3.0,2274910,1.0,1,4,2,0.0,,-1.0,0,1957.0,C01,138Â 195Â 836,1.0,8.0,-1.0,1736340,2.0,7,,0.0,2.0,1.0,D01,138Â 195Â 835,1.0
1017192,201900058723,11,29,08:05,1,1,1,1.0,4.0,97213,ROUTE DEPARTEMENTALE 14,M,"14,0000000"," -1,4076650",972,2019,50.0,1.0,1.0,3.0,2274910,1.0,1,4,2,0.0,,-1.0,0,1957.0,C01,138Â 195Â 836,1.0,8.0,-1.0,1736341,2.0,7,,0.0,2.0,8.0,C01,138Â 195Â 836,1.0
1017192,201900058723,11,29,08:05,1,1,1,1.0,4.0,97213,ROUTE DEPARTEMENTALE 14,M,"14,0000000"," -1,4076650",972,2019,50.0,1.0,1.0,3.0,2274910,1.0,1,4,2,0.0,,-1.0,0,1957.0,C01,138Â 195Â 836,1.0,8.0,-1.0,1736342,2.0,7,,0.0,2.0,8.0,B01,138Â 195Â 837,1.0
1017192,201900058723,11,29,08:05,1,1,1,1.0,4.0,97213,ROUTE DEPARTEMENTALE 14,M,"14,0000000"," -1,4076650",972,2019,50.0,1.0,1.0,3.0,2274911,2.0,2,1,2,0.0,,-1.0,0,1995.0,C01,138Â 195Â 836,1.0,0.0,-1.0,1736338,1.0,7,,0.0,2.0,1.0,A01,138Â 195Â 833,1.0
1017192,201900058723,11,29,08:05,1,1,1,1.0,4.0,97213,ROUTE DEPARTEMENTALE 14,M,"14,0000000"," -1,4076650",972,2019,50.0,1.0,1.0,3.0,2274911,2.0,2,1,2,0.0,,-1.0,0,1995.0,C01,138Â 195Â 836,1.0,0.0,-1.0,1736339,2.0,7,,0.0,2.0,1.0,E01,138Â 195Â 834,1.0
1017192,201900058723,11,29,08:05,1,1,1,1.0,4.0,97213,ROUTE DEPARTEMENTALE 14,M,"14,0000000"," -1,4076650",972,2019,50.0,1.0,1.0,3.0,2274911,2.0,2,1,2,0.0,,-1.0,0,1995.0,C01,138Â 195Â 836,1.0,0.0,-1.0,1736340,2.0,7,,0.0,2.0,1.0,D01,138Â 195Â 835,1.0
1017192,201900058723,11,29,08:05,1,1,1,1.0,4.0,97213,ROUTE DEPARTEMENTALE 14,M,"14,0000000"," -1,4076650",972,2019,50.0,1.0,1.0,3.0,2274911,2.0,2,1,2,0.0,,-1.0,0,1995.0,C01,138Â 195Â 836,1.0,0.0,-1.0,1736341,2.0,7,,0.0,2.0,8.0,C01,138Â 195Â 836,1.0
1017192,201900058723,11,29,08:05,1,1,1,1.0,4.0,97213,ROUTE DEPARTEMENTALE 14,M,"14,0000000"," -1,4076650",972,2019,50.0,1.0,1.0,3.0,2274911,2.0,2,1,2,0.0,,-1.0,0,1995.0,C01,138Â 195Â 836,1.0,0.0,-1.0,1736342,2.0,7,,0.0,2.0,8.0,B01,138Â 195Â 837,1.0
1017192,201900058723,11,29,08:05,1,1,1,1.0,4.0,97213,ROUTE DEPARTEMENTALE 14,M,"14,0000000"," -1,4076650",972,2019,50.0,1.0,1.0,3.0,2274912,2.0,2,4,2,0.0,,-1.0,0,2013.0,B01,138Â 195Â 837,3.0,0.0,-1.0,1736338,1.0,7,,0.0,2.0,1.0,A01,138Â 195Â 833,1.0
1017192,201900058723,11,29,08:05,1,1,1,1.0,4.0,97213,ROUTE DEPARTEMENTALE 14,M,"14,0000000"," -1,4076650",972,2019,50.0,1.0,1.0,3.0,2274912,2.0,2,4,2,0.0,,-1.0,0,2013.0,B01,138Â 195Â 837,3.0,0.0,-1.0,1736339,2.0,7,,0.0,2.0,1.0,E01,138Â 195Â 834,1.0
1017192,201900058723,11,29,08:05,1,1,1,1.0,4.0,97213,ROUTE DEPARTEMENTALE 14,M,"14,0000000"," -1,4076650",972,2019,50.0,1.0,1.0,3.0,2274912,2.0,2,4,2,0.0,,-1.0,0,2013.0,B01,138Â 195Â 837,3.0,0.0,-1.0,1736340,2.0,7,,0.0,2.0,1.0,D01,138Â 195Â 835,1.0
1017192,201900058723,11,29,08:05,1,1,1,1.0,4.0,97213,ROUTE DEPARTEMENTALE 14,M,"14,0000000"," -1,4076650",972,2019,50.0,1.0,1.0,3.0,2274912,2.0,2,4,2,0.0,,-1.0,0,2013.0,B01,138Â 195Â 837,3.0,0.0,-1.0,1736341,2.0,7,,0.0,2.0,8.0,C01,138Â 195Â 836,1.0
1017192,201900058723,11,29,08:05,1,1,1,1.0,4.0,97213,ROUTE DEPARTEMENTALE 14,M,"14,0000000"," -1,4076650",972,2019,50.0,1.0,1.0,3.0,2274912,2.0,2,4,2,0.0,,-1.0,0,2013.0,B01,138Â 195Â 837,3.0,0.0,-1.0,1736342,2.0,7,,0.0,2.0,8.0,B01,138Â 195Â 837,1.0
1017192,201900058723,11,29,08:05,1,1,1,1.0,4.0,97213,ROUTE DEPARTEMENTALE 14,M,"14,0000000"," -1,4076650",972,2019,50.0,1.0,1.0,3.0,2274913,1.0,1,4,2,0.0,,-1.0,0,1982.0,B01,138Â 195Â 837,1.0,8.0,-1.0,1736338,1.0,7,,0.0,2.0,1.0,A01,138Â 195Â 833,1.0
1017192,201900058723,11,29,08:05,1,1,1,1.0,4.0,97213,ROUTE DEPARTEMENTALE 14,M,"14,0000000"," -1,4076650",972,2019,50.0,1.0,1.0,3.0,2274913,1.0,1,4,2,0.0,,-1.0,0,1982.0,B01,138Â 195Â 837,1.0,8.0,-1.0,1736339,2.0,7,,0.0,2.0,1.0,E01,138Â 195Â 834,1.0
1017192,201900058723,11,29,08:05,1,1,1,1.0,4.0,97213,ROUTE DEPARTEMENTALE 14,M,"14,0000000"," -1,4076650",972,2019,50.0,1.0,1.0,3.0,2274913,1.0,1,4,2,0.0,,-1.0,0,1982.0,B01,138Â 195Â 837,1.0,8.0,-1.0,1736340,2.0,7,,0.0,2.0,1.0,D01,138Â 195Â 835,1.0
1017192,201900058723,11,29,08:05,1,1,1,1.0,4.0,97213,ROUTE DEPARTEMENTALE 14,M,"14,0000000"," -1,4076650",972,2019,50.0,1.0,1.0,3.0,2274913,1.0,1,4,2,0.0,,-1.0,0,1982.0,B01,138Â 195Â 837,1.0,8.0,-1.0,1736341,2.0,7,,0.0,2.0,8.0,C01,138Â 195Â 836,1.0
1017192,201900058723,11,29,08:05,1,1,1,1.0,4.0,97213,ROUTE DEPARTEMENTALE 14,M,"14,0000000"," -1,4076650",972,2019,50.0,1.0,1.0,3.0,2274913,1.0,1,4,2,0.0,,-1.0,0,1982.0,B01,138Â 195Â 837,1.0,8.0,-1.0,1736342,2.0,7,,0.0,2.0,8.0,B01,138Â 195Â 837,1.0
1017193,201900058724,11,29,12:15,1,1,1,1.0,3.0,97209,CAMILLEDARSIERES,M,"14,6049400"," -61,0590000",972,2019,60.0,1.0,1.0,4.0,2274914,1.0,1,1,2,0.0,,-1.0,0,1950.0,B01,138Â 195Â 831,1.0,0.0,-1.0,1736343,1.0,20,,0.0,2.0,3.0,B01,138Â 195Â 831,1.0
1017193,201900058724,11,29,12:15,1,1,1,1.0,3.0,97209,CAMILLEDARSIERES,M,"14,6049400"," -61,0590000",972,2019,60.0,1.0,1.0,4.0,2274914,1.0,1,1,2,0.0,,-1.0,0,1950.0,B01,138Â 195Â 831,1.0,0.0,-1.0,1736344,1.0,20,,0.0,2.0,7.0,A01,138Â 195Â 832,1.0
1017193,201900058724,11,29,12:15,1,1,1,1.0,3.0,97209,CAMILLEDARSIERES,M,"14,6049400"," -61,0590000",972,2019,60.0,1.0,1.0,4.0,2274915,2.0,2,4,2,9.0,,-1.0,0,1984.0,A01,138Â 195Â 832,1.0,0.0,-1.0,1736343,1.0,20,,0.0,2.0,3.0,B01,138Â 195Â 831,1.0
1017193,201900058724,11,29,12:15,1,1,1,1.0,3.0,97209,CAMILLEDARSIERES,M,"14,6049400"," -61,0590000",972,2019,60.0,1.0,1.0,4.0,2274915,2.0,2,4,2,9.0,,-1.0,0,1984.0,A01,138Â 195Â 832,1.0,0.0,-1.0,1736344,1.0,20,,0.0,2.0,7.0,A01,138Â 195Â 832,1.0
1017193,201900058724,11,29,12:15,1,1,1,1.0,3.0,97209,CAMILLEDARSIERES,M,"14,6049400"," -61,0590000",972,2019,60.0,1.0,1.0,4.0,2274916,3.0,2,1,1,0.0,,-1.0,0,1980.0,A01,138Â 195Â 832,1.0,8.0,-1.0,1736343,1.0,20,,0.0,2.0,3.0,B01,138Â 195Â 831,1.0
1017193,201900058724,11,29,12:15,1,1,1,1.0,3.0,97209,CAMILLEDARSIERES,M,"14,6049400"," -61,0590000",972,2019,60.0,1.0,1.0,4.0,2274916,3.0,2,1,1,0.0,,-1.0,0,1980.0,A01,138Â 195Â 832,1.0,8.0,-1.0,1736344,1.0,20,,0.0,2.0,7.0,A01,138Â 195Â 832,1.0
1017194,201900058725,11,30,05:20,2,2,1,1.0,3.0,97209,FRANCOIS ARAGO (RUE),M,"14,6043000"," -61,0726000",972,2019,30.0,1.0,1.0,4.0,2274917,1.0,1,4,2,5.0,,-1.0,0,1997.0,A01,138Â 195Â 829,8.0,0.0,-1.0,1736345,2.0,7,,1.0,0.0,1.0,A01,138Â 195Â 829,1.0
1017194,201900058725,11,30,05:20,2,2,1,1.0,3.0,97209,FRANCOIS ARAGO (RUE),M,"14,6043000"," -61,0726000",972,2019,30.0,1.0,1.0,4.0,2274917,1.0,1,4,2,5.0,,-1.0,0,1997.0,A01,138Â 195Â 829,8.0,0.0,-1.0,1736346,3.0,7,,0.0,0.0,6.0,B01,138Â 195Â 830,1.0
1017195,201900058726,11,27,09:05,1,2,2,1.0,2.0,97209,FRANCOIS ARAGO (RUE),M,"14,6051000"," -61,0726000",972,2019,30.0,1.0,1.0,4.0,2274918,2.0,2,1,1,0.0,,-1.0,0,1947.0,A01,138Â 195Â 827,1.0,0.0,-1.0,1736347,2.0,7,,0.0,2.0,1.0,A01,138Â 195Â 827,1.0
1017195,201900058726,11,27,09:05,1,2,2,1.0,2.0,97209,FRANCOIS ARAGO (RUE),M,"14,6051000"," -61,0726000",972,2019,30.0,1.0,1.0,4.0,2274918,2.0,2,1,1,0.0,,-1.0,0,1947.0,A01,138Â 195Â 827,1.0,0.0,-1.0,1736348,2.0,7,,0.0,2.0,4.0,B01,138Â 195Â 828,1.0
1017195,201900058726,11,27,09:05,1,2,2,1.0,2.0,97209,FRANCOIS ARAGO (RUE),M,"14,6051000"," -61,0726000",972,2019,30.0,1.0,1.0,4.0,2274919,1.0,1,4,1,3.0,,-1.0,0,1944.0,A01,138Â 195Â 827,1.0,0.0,-1.0,1736347,2.0,7,,0.0,2.0,1.0,A01,138Â 195Â 827,1.0
1017195,201900058726,11,27,09:05,1,2,2,1.0,2.0,97209,FRANCOIS ARAGO (RUE),M,"14,6051000"," -61,0726000",972,2019,30.0,1.0,1.0,4.0,2274919,1.0,1,4,1,3.0,,-1.0,0,1944.0,A01,138Â 195Â 827,1.0,0.0,-1.0,1736348,2.0,7,,0.0,2.0,4.0,B01,138Â 195Â 828,1.0
1017195,201900058726,11,27,09:05,1,2,2,1.0,2.0,97209,FRANCOIS ARAGO (RUE),M,"14,6051000"," -61,0726000",972,2019,30.0,1.0,1.0,4.0,2274920,1.0,1,1,2,3.0,,-1.0,0,1951.0,B01,138Â 195Â 828,1.0,0.0,-1.0,1736347,2.0,7,,0.0,2.0,1.0,A01,138Â 195Â 827,1.0
1017195,201900058726,11,27,09:05,1,2,2,1.0,2.0,97209,FRANCOIS ARAGO (RUE),M,"14,6051000"," -61,0726000",972,2019,30.0,1.0,1.0,4.0,2274920,1.0,1,1,2,3.0,,-1.0,0,1951.0,B01,138Â 195Â 828,1.0,0.0,-1.0,1736348,2.0,7,,0.0,2.0,4.0,B01,138Â 195Â 828,1.0
1017196,201900058727,11,30,18:30,5,2,1,1.0,1.0,69389,PAUL SEDAILLIAN                     (QU),M,"45,7870800","4,8142600",69,2019,50.0,1.0,1.0,4.0,2274921,1.0,1,4,1,0.0,,-1.0,0,1999.0,A01,138Â 195Â 825,8.0,0.0,-1.0,1736349,2.0,50,,0.0,6.0,1.0,A01,138Â 195Â 825,3.0
1017196,201900058727,11,30,18:30,5,2,1,1.0,1.0,69389,PAUL SEDAILLIAN                     (QU),M,"45,7870800","4,8142600",69,2019,50.0,1.0,1.0,4.0,2274921,1.0,1,4,1,0.0,,-1.0,0,1999.0,A01,138Â 195Â 825,8.0,0.0,-1.0,1736350,1.0,1,,0.0,6.0,1.0,B01,138Â 195Â 826,5.0
1017196,201900058727,11,30,18:30,5,2,1,1.0,1.0,69389,PAUL SEDAILLIAN                     (QU),M,"45,7870800","4,8142600",69,2019,50.0,1.0,1.0,4.0,2274922,1.0,1,1,1,1.0,,-1.0,0,1997.0,B01,138Â 195Â 826,2.0,0.0,-1.0,1736349,2.0,50,,0.0,6.0,1.0,A01,138Â 195Â 825,3.0
1017196,201900058727,11,30,18:30,5,2,1,1.0,1.0,69389,PAUL SEDAILLIAN                     (QU),M,"45,7870800","4,8142600",69,2019,50.0,1.0,1.0,4.0,2274922,1.0,1,1,1,1.0,,-1.0,0,1997.0,B01,138Â 195Â 826,2.0,0.0,-1.0,1736350,1.0,1,,0.0,6.0,1.0,B01,138Â 195Â 826,5.0
1017197,201900058728,11,30,16:40,5,2,1,1.0,6.0,69034,ROCHETTE (DE LA)                    (MO),M,"45,7877800","4,8285800",69,2019,50.0,4.0,1.0,4.0,2274923,10.0,3,1,1,5.0,,5.0,1,2007.0,A01,138Â 195Â 824,8.0,0.0,-1.0,1736351,3.0,7,,0.0,1.0,3.0,A01,138Â 195Â 824,1.0
1017197,201900058728,11,30,16:40,5,2,1,1.0,6.0,69034,ROCHETTE (DE LA)                    (MO),M,"45,7877800","4,8285800",69,2019,50.0,4.0,1.0,4.0,2274924,10.0,3,4,2,5.0,,5.0,1,1974.0,A01,138Â 195Â 824,8.0,0.0,-1.0,1736351,3.0,7,,0.0,1.0,3.0,A01,138Â 195Â 824,1.0
1017197,201900058728,11,30,16:40,5,2,1,1.0,6.0,69034,ROCHETTE (DE LA)                    (MO),M,"45,7877800","4,8285800",69,2019,50.0,4.0,1.0,4.0,2274925,10.0,3,1,1,5.0,,5.0,1,2009.0,A01,138Â 195Â 824,8.0,0.0,-1.0,1736351,3.0,7,,0.0,1.0,3.0,A01,138Â 195Â 824,1.0
1017197,201900058728,11,30,16:40,5,2,1,1.0,6.0,69034,ROCHETTE (DE LA)                    (MO),M,"45,7877800","4,8285800",69,2019,50.0,4.0,1.0,4.0,2274926,1.0,1,1,1,5.0,,0.0,0,1994.0,A01,138Â 195Â 824,1.0,0.0,-1.0,1736351,3.0,7,,0.0,1.0,3.0,A01,138Â 195Â 824,1.0
1017198,201900058729,11,29,08:45,1,2,2,1.0,2.0,69202,FONTS (DES)                         (CH),M,"45,7389000","4,7968400",69,2019,50.0,1.0,1.0,4.0,2274927,1.0,1,4,2,1.0,,-1.0,0,1965.0,A01,138Â 195Â 822,1.0,0.0,-1.0,1736352,1.0,7,,0.0,2.0,1.0,A01,138Â 195Â 822,1.0
1017198,201900058729,11,29,08:45,1,2,2,1.0,2.0,69202,FONTS (DES)                         (CH),M,"45,7389000","4,7968400",69,2019,50.0,1.0,1.0,4.0,2274927,1.0,1,4,2,1.0,,-1.0,0,1965.0,A01,138Â 195Â 822,1.0,0.0,-1.0,1736353,1.0,99,,9.0,2.0,5.0,B01,138Â 195Â 823,1.0
1017198,201900058729,11,29,08:45,1,2,2,1.0,2.0,69202,FONTS (DES)                         (CH),M,"45,7389000","4,7968400",69,2019,50.0,1.0,1.0,4.0,2274928,2.0,2,1,1,4.0,,-1.0,0,1978.0,B01,138Â 195Â 823,1.0,0.0,-1.0,1736352,1.0,7,,0.0,2.0,1.0,A01,138Â 195Â 822,1.0
1017198,201900058729,11,29,08:45,1,2,2,1.0,2.0,69202,FONTS (DES)                         (CH),M,"45,7389000","4,7968400",69,2019,50.0,1.0,1.0,4.0,2274928,2.0,2,1,1,4.0,,-1.0,0,1978.0,B01,138Â 195Â 823,1.0,0.0,-1.0,1736353,1.0,99,,9.0,2.0,5.0,B01,138Â 195Â 823,1.0
1017198,201900058729,11,29,08:45,1,2,2,1.0,2.0,69202,FONTS (DES)                         (CH),M,"45,7389000","4,7968400",69,2019,50.0,1.0,1.0,4.0,2274929,6.0,2,4,1,4.0,,-1.0,0,1998.0,B01,138Â 195Â 823,1.0,0.0,-1.0,1736352,1.0,7,,0.0,2.0,1.0,A01,138Â 195Â 822,1.0
1017198,201900058729,11,29,08:45,1,2,2,1.0,2.0,69202,FONTS (DES)                         (CH),M,"45,7389000","4,7968400",69,2019,50.0,1.0,1.0,4.0,2274929,6.0,2,4,1,4.0,,-1.0,0,1998.0,B01,138Â 195Â 823,1.0,0.0,-1.0,1736353,1.0,99,,9.0,2.0,5.0,B01,138Â 195Â 823,1.0
1017198,201900058729,11,29,08:45,1,2,2,1.0,2.0,69202,FONTS (DES)                         (CH),M,"45,7389000","4,7968400",69,2019,50.0,1.0,1.0,4.0,2274930,1.0,1,1,1,4.0,,-1.0,0,1995.0,B01,138Â 195Â 823,1.0,8.0,-1.0,1736352,1.0,7,,0.0,2.0,1.0,A01,138Â 195Â 822,1.0
1017198,201900058729,11,29,08:45,1,2,2,1.0,2.0,69202,FONTS (DES)                         (CH),M,"45,7389000","4,7968400",69,2019,50.0,1.0,1.0,4.0,2274930,1.0,1,1,1,4.0,,-1.0,0,1995.0,B01,138Â 195Â 823,1.0,8.0,-1.0,1736353,1.0,99,,9.0,2.0,5.0,B01,138Â 195Â 823,1.0
1017199,201900058730,11,30,20:14,5,2,2,1.0,3.0,91434,JUVISY (AVENUE DE),M,"48,6523900","2,3526700",91,2019,50.0,1.0,1.0,4.0,2274931,1.0,1,1,2,5.0,,0.0,0,1962.0,B01,138Â 195Â 815,1.0,8.0,-1.0,1736354,3.0,10,,0.0,2.0,3.0,B01,138Â 195Â 815,1.0
1017199,201900058730,11,30,20:14,5,2,2,1.0,3.0,91434,JUVISY (AVENUE DE),M,"48,6523900","2,3526700",91,2019,50.0,1.0,1.0,4.0,2274931,1.0,1,1,2,5.0,,0.0,0,1962.0,B01,138Â 195Â 815,1.0,8.0,-1.0,1736355,3.0,30,,0.0,2.0,1.0,A01,138Â 195Â 816,1.0
1017199,201900058730,11,30,20:14,5,2,2,1.0,3.0,91434,JUVISY (AVENUE DE),M,"48,6523900","2,3526700",91,2019,50.0,1.0,1.0,4.0,2274932,1.0,1,3,1,4.0,,0.0,0,2003.0,A01,138Â 195Â 816,2.0,6.0,-1.0,1736354,3.0,10,,0.0,2.0,3.0,B01,138Â 195Â 815,1.0
1017199,201900058730,11,30,20:14,5,2,2,1.0,3.0,91434,JUVISY (AVENUE DE),M,"48,6523900","2,3526700",91,2019,50.0,1.0,1.0,4.0,2274932,1.0,1,3,1,4.0,,0.0,0,2003.0,A01,138Â 195Â 816,2.0,6.0,-1.0,1736355,3.0,30,,0.0,2.0,1.0,A01,138Â 195Â 816,1.0
1017200,201900058731,11,29,21:05,5,2,1,8.0,2.0,78158,DOCTEUR SCHWEITZER (AVENUE DU),M,"48,8256480","2,1225440",78,2019,50.0,1.0,2.0,4.0,2274933,1.0,1,4,1,1.0,,-1.0, -1,1980.0,B01,138Â 195Â 807,2.0,0.0,-1.0,1736356,3.0,33,,0.0,2.0,4.0,B01,138Â 195Â 807,1.0
1017200,201900058731,11,29,21:05,5,2,1,8.0,2.0,78158,DOCTEUR SCHWEITZER (AVENUE DU),M,"48,8256480","2,1225440",78,2019,50.0,1.0,2.0,4.0,2274933,1.0,1,4,1,1.0,,-1.0, -1,1980.0,B01,138Â 195Â 807,2.0,0.0,-1.0,1736357,3.0,7,,0.0,2.0,1.0,A01,138Â 195Â 808,1.0
1017200,201900058731,11,29,21:05,5,2,1,8.0,2.0,78158,DOCTEUR SCHWEITZER (AVENUE DU),M,"48,8256480","2,1225440",78,2019,50.0,1.0,2.0,4.0,2274934,1.0,1,1,2,0.0,,-1.0, -1,1982.0,A01,138Â 195Â 808,1.0,0.0,-1.0,1736356,3.0,33,,0.0,2.0,4.0,B01,138Â 195Â 807,1.0
1017200,201900058731,11,29,21:05,5,2,1,8.0,2.0,78158,DOCTEUR SCHWEITZER (AVENUE DU),M,"48,8256480","2,1225440",78,2019,50.0,1.0,2.0,4.0,2274934,1.0,1,1,2,0.0,,-1.0, -1,1982.0,A01,138Â 195Â 808,1.0,0.0,-1.0,1736357,3.0,7,,0.0,2.0,1.0,A01,138Â 195Â 808,1.0
1017201,201900058732,11,29,17:25,5,2,1,1.0,6.0,78517,CLAIREFONTAINE (RUE DE),M,"48,6515470","1,8375070",78,2019,50.0,1.0,1.0,4.0,2274935,1.0,1,1,2,1.0,,0.0,0,1985.0,A01,138Â 195Â 806,1.0,0.0,-1.0,1736358,3.0,7,,0.0,1.0,8.0,A01,138Â 195Â 806,1.0
1017201,201900058732,11,29,17:25,5,2,1,1.0,6.0,78517,CLAIREFONTAINE (RUE DE),M,"48,6515470","1,8375070",78,2019,50.0,1.0,1.0,4.0,2274936,10.0,3,3,1,2.0,,1.0,3,2009.0,A01,138Â 195Â 806,0.0,-1.0,-1.0,1736358,3.0,7,,0.0,1.0,8.0,A01,138Â 195Â 806,1.0
1017202,201900058733,11,30,22:47,5,2,3,1.0,1.0,77378,D607 X D50,M,"48,5274672","2,5513483",77,2019,50.0,1.0,1.0,3.0,2274937,2.0,2,4,1,4.0,,-1.0,0,1987.0,A01,138Â 195Â 804,1.0,0.0,-1.0,1736359,1.0,38,2.0,4.0,0.0,1.0,A01,138Â 195Â 804,1.0
1017202,201900058733,11,30,22:47,5,2,3,1.0,1.0,77378,D607 X D50,M,"48,5274672","2,5513483",77,2019,50.0,1.0,1.0,3.0,2274937,2.0,2,4,1,4.0,,-1.0,0,1987.0,A01,138Â 195Â 804,1.0,0.0,-1.0,1736360,2.0,38,1.0,0.0,2.0,3.0,B01,138Â 195Â 805,1.0
1017202,201900058733,11,30,22:47,5,2,3,1.0,1.0,77378,D607 X D50,M,"48,5274672","2,5513483",77,2019,50.0,1.0,1.0,3.0,2274938,1.0,1,4,2,4.0,,-1.0,0,1992.0,A01,138Â 195Â 804,1.0,0.0,-1.0,1736359,1.0,38,2.0,4.0,0.0,1.0,A01,138Â 195Â 804,1.0
1017202,201900058733,11,30,22:47,5,2,3,1.0,1.0,77378,D607 X D50,M,"48,5274672","2,5513483",77,2019,50.0,1.0,1.0,3.0,2274938,1.0,1,4,2,4.0,,-1.0,0,1992.0,A01,138Â 195Â 804,1.0,0.0,-1.0,1736360,2.0,38,1.0,0.0,2.0,3.0,B01,138Â 195Â 805,1.0
1017202,201900058733,11,30,22:47,5,2,3,1.0,1.0,77378,D607 X D50,M,"48,5274672","2,5513483",77,2019,50.0,1.0,1.0,3.0,2274939,1.0,1,1,1,5.0,,-1.0,0,1988.0,B01,138Â 195Â 805,1.0,0.0,-1.0,1736359,1.0,38,2.0,4.0,0.0,1.0,A01,138Â 195Â 804,1.0
1017202,201900058733,11,30,22:47,5,2,3,1.0,1.0,77378,D607 X D50,M,"48,5274672","2,5513483",77,2019,50.0,1.0,1.0,3.0,2274939,1.0,1,1,1,5.0,,-1.0,0,1988.0,B01,138Â 195Â 805,1.0,0.0,-1.0,1736360,2.0,38,1.0,0.0,2.0,3.0,B01,138Â 195Â 805,1.0
1017203,201900058734,11,30,23:30,3,1,1,1.0,7.0,77335,RD140 (ROUTE DEPARTEMENTALE),M,"48,9823200","2,8486700",77,2019,80.0,1.0,1.0,3.0,2274940,1.0,1,4,1,1.0,,-1.0,0,1999.0,A01,138Â 195Â 803,1.0,0.0,-1.0,1736361,1.0,7,,13.0,0.0,2.0,A01,138Â 195Â 803,1.0
1017204,201900058735,11,30,09:20,1,2,6,1.0,6.0,77108,D34A X RUE DE VILLEVAUDE,M,"48,8852600","2,6229200",77,2019,50.0,1.0,1.0,3.0,2274941,10.0,3,3,1,3.0,,4.0,3,1957.0,A01,138Â 195Â 802,8.0,0.0,-1.0,1736362,1.0,10,,0.0,1.0,1.0,A01,138Â 195Â 802,1.0
1017204,201900058735,11,30,09:20,1,2,6,1.0,6.0,77108,D34A X RUE DE VILLEVAUDE,M,"48,8852600","2,6229200",77,2019,50.0,1.0,1.0,3.0,2274942,1.0,1,1,1,1.0,,-1.0,0,1955.0,A01,138Â 195Â 802,1.0,0.0,-1.0,1736362,1.0,10,,0.0,1.0,1.0,A01,138Â 195Â 802,1.0
1017205,201900058736,11,29,15:50,1,2,2,1.0,6.0,76157,ALLENDE. AVENUE DU PRESIDENT,M,"49,4488400","1,0356000",76,2019,50.0,1.0,1.0,3.0,2274943,1.0,1,1,2,5.0,,0.0,0,1982.0,A01,138Â 195Â 801,1.0,0.0,-1.0,1736363,0.0,7,,0.0,1.0,1.0,A01,138Â 195Â 801,1.0
1017205,201900058736,11,29,15:50,1,2,2,1.0,6.0,76157,ALLENDE. AVENUE DU PRESIDENT,M,"49,4488400","1,0356000",76,2019,50.0,1.0,1.0,3.0,2274944,10.0,3,4,2,3.0,,4.0,3,1996.0,A01,138Â 195Â 801,8.0,0.0,-1.0,1736363,0.0,7,,0.0,1.0,1.0,A01,138Â 195Â 801,1.0
1017206,201900058737,11,30,17:00,5,2,1,1.0,4.0,69290,PORTE DES ALPES (DE LA) - BD URBAIN (BD),M,"45,7184100","4,9301700",69,2019,70.0,1.0,1.0,4.0,2274945,1.0,1,4,1,0.0,,-1.0, -1,1955.0,A01,138Â 195Â 798,8.0,0.0,-1.0,1736364,3.0,7,,0.0,2.0,2.0,A01,138Â 195Â 798,1.0
1017206,201900058737,11,30,17:00,5,2,1,1.0,4.0,69290,PORTE DES ALPES (DE LA) - BD URBAIN (BD),M,"45,7184100","4,9301700",69,2019,70.0,1.0,1.0,4.0,2274945,1.0,1,4,1,0.0,,-1.0, -1,1955.0,A01,138Â 195Â 798,8.0,0.0,-1.0,1736365,3.0,7,,0.0,2.0,1.0,B01,138Â 195Â 799,1.0
1017206,201900058737,11,30,17:00,5,2,1,1.0,4.0,69290,PORTE DES ALPES (DE LA) - BD URBAIN (BD),M,"45,7184100","4,9301700",69,2019,70.0,1.0,1.0,4.0,2274945,1.0,1,4,1,0.0,,-1.0, -1,1955.0,A01,138Â 195Â 798,8.0,0.0,-1.0,1736366,3.0,7,,0.0,2.0,5.0,C01,138Â 195Â 800,1.0
1017206,201900058737,11,30,17:00,5,2,1,1.0,4.0,69290,PORTE DES ALPES (DE LA) - BD URBAIN (BD),M,"45,7184100","4,9301700",69,2019,70.0,1.0,1.0,4.0,2274946,1.0,1,4,1,5.0,,-1.0, -1,1940.0,B01,138Â 195Â 799,8.0,0.0,-1.0,1736364,3.0,7,,0.0,2.0,2.0,A01,138Â 195Â 798,1.0
1017206,201900058737,11,30,17:00,5,2,1,1.0,4.0,69290,PORTE DES ALPES (DE LA) - BD URBAIN (BD),M,"45,7184100","4,9301700",69,2019,70.0,1.0,1.0,4.0,2274946,1.0,1,4,1,5.0,,-1.0, -1,1940.0,B01,138Â 195Â 799,8.0,0.0,-1.0,1736365,3.0,7,,0.0,2.0,1.0,B01,138Â 195Â 799,1.0