Unnamed: 0_x,num_acc,mois,jour,hrmn,lum,agg,int,atm,col,com,adr,gps,lat,long,dep,annee,vma,situ,surf,catr,Unnamed: 0_y,place,catu,grav,sexe,trajet,secu,locp,actp,an_nais,num_veh_x,id_vehicule_x,secu1,secu2,secu3,Unnamed: 0,senc,catv,occutc,obs,obsm,choc,num_veh_y,id_vehicule_y,motor
1017206,201900058737,11,30,17:00,5,2,1,1.0,4.0,69290,PORTE DES ALPES (DE LA) - BD URBAIN (BD),M,"45,7184100","4,9301700",69,2019,70.0,1.0,1.0,4.0,2274946,1.0,1,4,1,5.0,,-1.0, -1,1940.0,B01,138Â 195Â 799,8.0,0.0,-1.0,1736366,3.0,7,,0.0,2.0,5.0,C01,138Â 195Â 800,1.0
1017206,201900058737,11,30,17:00,5,2,1,1.0,4.0,69290,PORTE DES ALPES (DE LA) - BD URBAIN (BD),M,"45,7184100","4,9301700",69,2019,70.0,1.0,1.0,4.0,2274947,2.0,2,4,2,0.0,,-1.0, -1,1946.0,B01,138Â 195Â 799,8.0,0.0,-1.0,1736364,3.0,7,,0.0,2.0,2.0,A01,138Â 195Â 798,1.0
1017206,201900058737,11,30,17:00,5,2,1,1.0,4.0,69290,PORTE DES ALPES (DE LA) - BD URBAIN (BD),M,"45,7184100","4,9301700",69,2019,70.0,1.0,1.0,4.0,2274947,2.0,2,4,2,0.0,,-1.0, -1,1946.0,B01,138Â 195Â 799,8.0,0.0,-1.0,1736365,3.0,7,,0.0,2.0,1.0,B01,138Â 195Â 799,1.0
1017206,201900058737,11,30,17:00,5,2,1,1.0,4.0,69290,PORTE DES ALPES (DE LA) - BD URBAIN (BD),M,"45,7184100","4,9301700",69,2019,70.0,1.0,1.0,4.0,2274947,2.0,2,4,2,0.0,,-1.0, -1,1946.0,B01,138Â 195Â 799,8.0,0.0,-1.0,1736366,3.0,7,,0.0,2.0,5.0,C01,138Â 195Â 800,1.0
1017206,201900058737,11,30,17:00,5,2,1,1.0,4.0,69290,PORTE DES ALPES (DE LA) - BD URBAIN (BD),M,"45,7184100","4,9301700",69,2019,70.0,1.0,1.0,4.0,2274948,1.0,1,1,1,5.0,,-1.0, -1,1964.0,C01,138Â 195Â 800,8.0,0.0,-1.0,1736364,3.0,7,,0.0,2.0,2.0,A01,138Â 195Â 798,1.0
1017206,201900058737,11,30,17:00,5,2,1,1.0,4.0,69290,PORTE DES ALPES (DE LA) - BD URBAIN (BD),M,"45,7184100","4,9301700",69,2019,70.0,1.0,1.0,4.0,2274948,1.0,1,1,1,5.0,,-1.0, -1,1964.0,C01,138Â 195Â 800,8.0,0.0,-1.0,1736365,3.0,7,,0.0,2.0,1.0,B01,138Â 195Â 799,1.0
1017206,201900058737,11,30,17:00,5,2,1,1.0,4.0,69290,PORTE DES ALPES (DE LA) - BD URBAIN (BD),M,"45,7184100","4,9301700",69,2019,70.0,1.0,1.0,4.0,2274948,1.0,1,1,1,5.0,,-1.0, -1,1964.0,C01,138Â 195Â 800,8.0,0.0,-1.0,1736366,3.0,7,,0.0,2.0,5.0,C01,138Â 195Â 800,1.0
1017207,201900058738,11,29,18:50,5,2,1,1.0,2.0,69264,SAVIGNY JEAN-MICHEL (AV),M,"45,9816420","4,7149810",69,2019,50.0,1.0,2.0,4.0,2274949,1.0,1,4,1,5.0,,0.0,0,1965.0,B01,138Â 195Â 796,1.0,8.0,-1.0,1736367,1.0,7,,0.0,2.0,4.0,B01,138Â 195Â 796,0.0
1017207,201900058738,11,29,18:50,5,2,1,1.0,2.0,69264,SAVIGNY JEAN-MICHEL (AV),M,"45,9816420","4,7149810",69,2019,50.0,1.0,2.0,4.0,2274949,1.0,1,4,1,5.0,,0.0,0,1965.0,B01,138Â 195Â 796,1.0,8.0,-1.0,1736368,1.0,7,,0.0,2.0,1.0,A01,138Â 195Â 797,0.0
1017207,201900058738,11,29,18:50,5,2,1,1.0,2.0,69264,SAVIGNY JEAN-MICHEL (AV),M,"45,9816420","4,7149810",69,2019,50.0,1.0,2.0,4.0,2274950,1.0,1,1,1,9.0,,-1.0, -1,1982.0,A01,138Â 195Â 797,1.0,8.0,-1.0,1736367,1.0,7,,0.0,2.0,4.0,B01,138Â 195Â 796,0.0
1017207,201900058738,11,29,18:50,5,2,1,1.0,2.0,69264,SAVIGNY JEAN-MICHEL (AV),M,"45,9816420","4,7149810",69,2019,50.0,1.0,2.0,4.0,2274950,1.0,1,1,1,9.0,,-1.0, -1,1982.0,A01,138Â 195Â 797,1.0,8.0,-1.0,1736368,1.0,7,,0.0,2.0,1.0,A01,138Â 195Â 797,0.0
1017208,201900058739,11,29,16:25,2,2,1,1.0,6.0,69091,JULIAN GRIMAU ( R ),M,"45,5956700","4,7675400",69,2019,50.0,1.0,1.0,4.0,2274951,10.0,3,4,2,2.0,,3.0,3,2014.0,A01,138Â 195Â 795,0.0,-1.0,-1.0,1736369,1.0,33,,0.0,1.0,8.0,A01,138Â 195Â 795,0.0
1017209,201900058740,11,30,18:00,5,2,1,3.0,7.0,64102,GRENET (AVENUE HENRI),M,"43,5015700"," -1,4788100",64,2019,50.0,1.0,2.0,4.0,2274952,1.0,1,4,2,0.0,,0.0,0,2002.0,A01,138Â 195Â 792,2.0,8.0,-1.0,1736370,3.0,30,,0.0,0.0,7.0,A01,138Â 195Â 792,1.0
1017210,201900058741,11,25,21:20,5,2,1,8.0,3.0,62846,DUQUESNE HENRI ( RUE ),M,"50,4849850","2,7508950",62,2019,50.0,1.0,1.0,4.0,2274953,1.0,1,1,1,5.0,,-1.0, -1,2002.0,A01,138Â 195Â 790,8.0,0.0,-1.0,1736371,3.0,2,,0.0,2.0,8.0,A01,138Â 195Â 790,1.0
1017210,201900058741,11,25,21:20,5,2,1,8.0,3.0,62846,DUQUESNE HENRI ( RUE ),M,"50,4849850","2,7508950",62,2019,50.0,1.0,1.0,4.0,2274953,1.0,1,1,1,5.0,,-1.0, -1,2002.0,A01,138Â 195Â 790,8.0,0.0,-1.0,1736372,3.0,7,,0.0,2.0,3.0,B01,138Â 195Â 791,1.0
1017210,201900058741,11,25,21:20,5,2,1,8.0,3.0,62846,DUQUESNE HENRI ( RUE ),M,"50,4849850","2,7508950",62,2019,50.0,1.0,1.0,4.0,2274954,2.0,2,1,1,5.0,,-1.0, -1,2004.0,A01,138Â 195Â 790,8.0,0.0,-1.0,1736371,3.0,2,,0.0,2.0,8.0,A01,138Â 195Â 790,1.0
1017210,201900058741,11,25,21:20,5,2,1,8.0,3.0,62846,DUQUESNE HENRI ( RUE ),M,"50,4849850","2,7508950",62,2019,50.0,1.0,1.0,4.0,2274954,2.0,2,1,1,5.0,,-1.0, -1,2004.0,A01,138Â 195Â 790,8.0,0.0,-1.0,1736372,3.0,7,,0.0,2.0,3.0,B01,138Â 195Â 791,1.0
1017210,201900058741,11,25,21:20,5,2,1,8.0,3.0,62846,DUQUESNE HENRI ( RUE ),M,"50,4849850","2,7508950",62,2019,50.0,1.0,1.0,4.0,2274955,2.0,2,3,1,5.0,,-1.0, -1,2004.0,A01,138Â 195Â 790,8.0,0.0,-1.0,1736371,3.0,2,,0.0,2.0,8.0,A01,138Â 195Â 790,1.0
1017210,201900058741,11,25,21:20,5,2,1,8.0,3.0,62846,DUQUESNE HENRI ( RUE ),M,"50,4849850","2,7508950",62,2019,50.0,1.0,1.0,4.0,2274955,2.0,2,3,1,5.0,,-1.0, -1,2004.0,A01,138Â 195Â 790,8.0,0.0,-1.0,1736372,3.0,7,,0.0,2.0,3.0,B01,138Â 195Â 791,1.0
1017210,201900058741,11,25,21:20,5,2,1,8.0,3.0,62846,DUQUESNE HENRI ( RUE ),M,"50,4849850","2,7508950",62,2019,50.0,1.0,1.0,4.0,2274956,2.0,2,1,1,4.0,,-1.0, -1,1970.0,B01,138Â 195Â 791,1.0,0.0,-1.0,1736371,3.0,2,,0.0,2.0,8.0,A01,138Â 195Â 790,1.0
1017210,201900058741,11,25,21:20,5,2,1,8.0,3.0,62846,DUQUESNE HENRI ( RUE ),M,"50,4849850","2,7508950",62,2019,50.0,1.0,1.0,4.0,2274956,2.0,2,1,1,4.0,,-1.0, -1,1970.0,B01,138Â 195Â 791,1.0,0.0,-1.0,1736372,3.0,7,,0.0,2.0,3.0,B01,138Â 195Â 791,1.0
1017210,201900058741,11,25,21:20,5,2,1,8.0,3.0,62846,DUQUESNE HENRI ( RUE ),M,"50,4849850","2,7508950",62,2019,50.0,1.0,1.0,4.0,2274957,1.0,1,1,2,4.0,,-1.0, -1,1977.0,B01,138Â 195Â 791,1.0,0.0,-1.0,1736371,3.0,2,,0.0,2.0,8.0,A01,138Â 195Â 790,1.0
1017210,201900058741,11,25,21:20,5,2,1,8.0,3.0,62846,DUQUESNE HENRI ( RUE ),M,"50,4849850","2,7508950",62,2019,50.0,1.0,1.0,4.0,2274957,1.0,1,1,2,4.0,,-1.0, -1,1977.0,B01,138Â 195Â 791,1.0,0.0,-1.0,1736372,3.0,7,,0.0,2.0,3.0,B01,138Â 195Â 791,1.0
1017211,201900058742,11,30,19:20,3,1,1,1.0,7.0,59352,WAMBRECHIES (RUE DE),M,"50,7295800","3,0741600",59,2019,50.0,1.0,1.0,4.0,2274958,3.0,2,4,1,0.0,,-1.0, -1,2009.0,A01,138Â 195Â 789,1.0,0.0,-1.0,1736373,3.0,7,,0.0,1.0,9.0,A01,138Â 195Â 789,1.0
1017211,201900058742,11,30,19:20,3,1,1,1.0,7.0,59352,WAMBRECHIES (RUE DE),M,"50,7295800","3,0741600",59,2019,50.0,1.0,1.0,4.0,2274959,2.0,2,4,2,0.0,,-1.0, -1,2001.0,A01,138Â 195Â 789,1.0,0.0,-1.0,1736373,3.0,7,,0.0,1.0,9.0,A01,138Â 195Â 789,1.0
1017211,201900058742,11,30,19:20,3,1,1,1.0,7.0,59352,WAMBRECHIES (RUE DE),M,"50,7295800","3,0741600",59,2019,50.0,1.0,1.0,4.0,2274960,1.0,1,4,1,5.0,,-1.0, -1,2000.0,A01,138Â 195Â 789,8.0,0.0,-1.0,1736373,3.0,7,,0.0,1.0,9.0,A01,138Â 195Â 789,1.0
1017212,201900058743,11,30,22:10,3,1,1,1.0,6.0,59043,STEENWERCK (ROUTE DE),M,"50,7198110","2,7614000",59,2019,90.0,1.0,1.0,3.0,2274961,1.0,1,4,1,0.0,,-1.0,0,1978.0,A01,138Â 195Â 784,1.0,5.0,-1.0,1736374,1.0,7,,15.0,0.0,3.0,A01,138Â 195Â 784,1.0
1017212,201900058743,11,30,22:10,3,1,1,1.0,6.0,59043,STEENWERCK (ROUTE DE),M,"50,7198110","2,7614000",59,2019,90.0,1.0,1.0,3.0,2274962,2.0,2,3,1,0.0,,-1.0,0,1965.0,A01,138Â 195Â 784,1.0,5.0,-1.0,1736374,1.0,7,,15.0,0.0,3.0,A01,138Â 195Â 784,1.0
1017213,201900058744,11,30,16:28,1,2,9,8.0,6.0,57463,ROBERT SCHUMAN (AVENUE ),M,"49,1151100","6,1736100",57,2019,50.0,1.0,1.0,4.0,2274963,10.0,3,2,2,5.0,,5.0,B,1935.0,A01,138Â 195Â 783,0.0,-1.0,-1.0,1736375,3.0,37,1.0,0.0,1.0,7.0,A01,138Â 195Â 783,0.0
1017213,201900058744,11,30,16:28,1,2,9,8.0,6.0,57463,ROBERT SCHUMAN (AVENUE ),M,"49,1151100","6,1736100",57,2019,50.0,1.0,1.0,4.0,2274964,1.0,1,1,2,4.0,,-1.0, -1,1980.0,A01,138Â 195Â 783,1.0,0.0,-1.0,1736375,3.0,37,1.0,0.0,1.0,7.0,A01,138Â 195Â 783,0.0
1017214,201900058745,11,30,06:00,5,2,9,1.0,1.0,56260,KERANGUEN(AVENUE DE),M,"47,6608100"," -2,7941100",56,2019,50.0,1.0,2.0,4.0,2274965,2.0,2,4,1,5.0,,0.0,0,1994.0,A01,138Â 195Â 781,1.0,0.0,-1.0,1736376,2.0,7,,0.0,2.0,1.0,A01,138Â 195Â 781,1.0
1017214,201900058745,11,30,06:00,5,2,9,1.0,1.0,56260,KERANGUEN(AVENUE DE),M,"47,6608100"," -2,7941100",56,2019,50.0,1.0,2.0,4.0,2274965,2.0,2,4,1,5.0,,0.0,0,1994.0,A01,138Â 195Â 781,1.0,0.0,-1.0,1736377,1.0,7,,0.0,2.0,1.0,B01,138Â 195Â 782,1.0
1017214,201900058745,11,30,06:00,5,2,9,1.0,1.0,56260,KERANGUEN(AVENUE DE),M,"47,6608100"," -2,7941100",56,2019,50.0,1.0,2.0,4.0,2274966,1.0,1,1,1,5.0,,0.0,0,1996.0,A01,138Â 195Â 781,1.0,0.0,-1.0,1736376,2.0,7,,0.0,2.0,1.0,A01,138Â 195Â 781,1.0
1017214,201900058745,11,30,06:00,5,2,9,1.0,1.0,56260,KERANGUEN(AVENUE DE),M,"47,6608100"," -2,7941100",56,2019,50.0,1.0,2.0,4.0,2274966,1.0,1,1,1,5.0,,0.0,0,1996.0,A01,138Â 195Â 781,1.0,0.0,-1.0,1736377,1.0,7,,0.0,2.0,1.0,B01,138Â 195Â 782,1.0
1017214,201900058745,11,30,06:00,5,2,9,1.0,1.0,56260,KERANGUEN(AVENUE DE),M,"47,6608100"," -2,7941100",56,2019,50.0,1.0,2.0,4.0,2274967,3.0,2,4,1,0.0,,0.0,0,1995.0,A01,138Â 195Â 781,1.0,0.0,-1.0,1736376,2.0,7,,0.0,2.0,1.0,A01,138Â 195Â 781,1.0
1017214,201900058745,11,30,06:00,5,2,9,1.0,1.0,56260,KERANGUEN(AVENUE DE),M,"47,6608100"," -2,7941100",56,2019,50.0,1.0,2.0,4.0,2274967,3.0,2,4,1,0.0,,0.0,0,1995.0,A01,138Â 195Â 781,1.0,0.0,-1.0,1736377,1.0,7,,0.0,2.0,1.0,B01,138Â 195Â 782,1.0
1017214,201900058745,11,30,06:00,5,2,9,1.0,1.0,56260,KERANGUEN(AVENUE DE),M,"47,6608100"," -2,7941100",56,2019,50.0,1.0,2.0,4.0,2274968,1.0,1,4,2,1.0,,0.0,0,1957.0,B01,138Â 195Â 782,1.0,0.0,-1.0,1736376,2.0,7,,0.0,2.0,1.0,A01,138Â 195Â 781,1.0
1017214,201900058745,11,30,06:00,5,2,9,1.0,1.0,56260,KERANGUEN(AVENUE DE),M,"47,6608100"," -2,7941100",56,2019,50.0,1.0,2.0,4.0,2274968,1.0,1,4,2,1.0,,0.0,0,1957.0,B01,138Â 195Â 782,1.0,0.0,-1.0,1736377,1.0,7,,0.0,2.0,1.0,B01,138Â 195Â 782,1.0
1017215,201900058746,11,29,07:20,5,2,9,9.0,7.0,54395,BOUFFLERS (AV. DE 74 A 334 - 53 A 399),M,"48,6922000","6,1476000",54,2019,50.0,1.0,2.0,4.0,2274969,10.0,3,3,2,4.0,,5.0,B,1970.0,A01,138Â 195Â 780,8.0,0.0,-1.0,1736378,3.0,50,,0.0,1.0,1.0,A01,138Â 195Â 780,3.0
1017215,201900058746,11,29,07:20,5,2,9,9.0,7.0,54395,BOUFFLERS (AV. DE 74 A 334 - 53 A 399),M,"48,6922000","6,1476000",54,2019,50.0,1.0,2.0,4.0,2274970,1.0,1,4,1,2.0,,-1.0, -1,2003.0,A01,138Â 195Â 780,8.0,0.0,-1.0,1736378,3.0,50,,0.0,1.0,1.0,A01,138Â 195Â 780,3.0
1017216,201900058747,11,30,14:15,1,2,1,1.0,2.0,51454,BOULEVARD ALBERT 1ER,M,"49,2666800","4,0103200",51,2019,50.0,1.0,1.0,4.0,2274971,1.0,1,1,1,5.0,,-1.0,0,1936.0,A01,138Â 195Â 776,1.0,8.0,-1.0,1736379,1.0,7,,0.0,2.0,4.0,A01,138Â 195Â 776,1.0
1017216,201900058747,11,30,14:15,1,2,1,1.0,2.0,51454,BOULEVARD ALBERT 1ER,M,"49,2666800","4,0103200",51,2019,50.0,1.0,1.0,4.0,2274971,1.0,1,1,1,5.0,,-1.0,0,1936.0,A01,138Â 195Â 776,1.0,8.0,-1.0,1736380,1.0,7,,0.0,2.0,4.0,B01,138Â 195Â 777,1.0
1017216,201900058747,11,30,14:15,1,2,1,1.0,2.0,51454,BOULEVARD ALBERT 1ER,M,"49,2666800","4,0103200",51,2019,50.0,1.0,1.0,4.0,2274972,2.0,2,4,2,5.0,,-1.0,0,1949.0,A01,138Â 195Â 776,1.0,0.0,-1.0,1736379,1.0,7,,0.0,2.0,4.0,A01,138Â 195Â 776,1.0
1017216,201900058747,11,30,14:15,1,2,1,1.0,2.0,51454,BOULEVARD ALBERT 1ER,M,"49,2666800","4,0103200",51,2019,50.0,1.0,1.0,4.0,2274972,2.0,2,4,2,5.0,,-1.0,0,1949.0,A01,138Â 195Â 776,1.0,0.0,-1.0,1736380,1.0,7,,0.0,2.0,4.0,B01,138Â 195Â 777,1.0
1017216,201900058747,11,30,14:15,1,2,1,1.0,2.0,51454,BOULEVARD ALBERT 1ER,M,"49,2666800","4,0103200",51,2019,50.0,1.0,1.0,4.0,2274973,1.0,1,1,1,0.0,,-1.0,0,1996.0,B01,138Â 195Â 777,1.0,0.0,-1.0,1736379,1.0,7,,0.0,2.0,4.0,A01,138Â 195Â 776,1.0
1017216,201900058747,11,30,14:15,1,2,1,1.0,2.0,51454,BOULEVARD ALBERT 1ER,M,"49,2666800","4,0103200",51,2019,50.0,1.0,1.0,4.0,2274973,1.0,1,1,1,0.0,,-1.0,0,1996.0,B01,138Â 195Â 777,1.0,0.0,-1.0,1736380,1.0,7,,0.0,2.0,4.0,B01,138Â 195Â 777,1.0
1017217,201900058748,11,30,02:32,5,2,1,1.0,7.0,51453,ROUTE DE LOUVOIS,M,"48,9865470","4,3223356",51,2019,50.0,1.0,1.0,4.0,2274974,1.0,1,3,1,5.0,,0.0,0,1988.0,A01,138Â 195Â 775,2.0,8.0,-1.0,1736381,3.0,30,,15.0,0.0,1.0,A01,138Â 195Â 775,1.0
1017218,201900058749,11,30,15:40,1,2,1,1.0,7.0,50165,DE LA GARE (RUE),M,"48,8427700"," -1,5856000",50,2019,50.0,1.0,1.0,3.0,2274975,2.0,1,4,1,5.0,,0.0,0,1974.0,A01,138Â 195Â 774,2.0,-1.0,-1.0,1736382,2.0,34,,6.0,0.0,2.0,A01,138Â 195Â 774,1.0
1017219,201900058750,11,27,21:25,5,2,2,2.0,2.0,45068,RUE DU GATINAIS - RUE DES ORMES,M,"48,0111110","2,7079650",45,2019,50.0,1.0,2.0,3.0,2274976,1.0,1,4,2,5.0,,0.0,0,1991.0,B01,138Â 195Â 772,1.0,-1.0,-1.0,1736383,1.0,7,,0.0,2.0,4.0,B01,138Â 195Â 772,1.0
1017219,201900058750,11,27,21:25,5,2,2,2.0,2.0,45068,RUE DU GATINAIS - RUE DES ORMES,M,"48,0111110","2,7079650",45,2019,50.0,1.0,2.0,3.0,2274976,1.0,1,4,2,5.0,,0.0,0,1991.0,B01,138Â 195Â 772,1.0,-1.0,-1.0,1736384,1.0,7,,0.0,2.0,1.0,A01,138Â 195Â 773,1.0
1017219,201900058750,11,27,21:25,5,2,2,2.0,2.0,45068,RUE DU GATINAIS - RUE DES ORMES,M,"48,0111110","2,7079650",45,2019,50.0,1.0,2.0,3.0,2274977,1.0,1,1,1,5.0,,0.0,0,1989.0,A01,138Â 195Â 773,1.0,0.0,-1.0,1736383,1.0,7,,0.0,2.0,4.0,B01,138Â 195Â 772,1.0
1017219,201900058750,11,27,21:25,5,2,2,2.0,2.0,45068,RUE DU GATINAIS - RUE DES ORMES,M,"48,0111110","2,7079650",45,2019,50.0,1.0,2.0,3.0,2274977,1.0,1,1,1,5.0,,0.0,0,1989.0,A01,138Â 195Â 773,1.0,0.0,-1.0,1736384,1.0,7,,0.0,2.0,1.0,A01,138Â 195Â 773,1.0
1017220,201900058751,11,30,15:10,1,2,1,8.0,6.0,37214,PORT (RUE DU),M,"47,4251500","0,6532900",37,2019,50.0,1.0,1.0,4.0,2274978,1.0,1,4,1,4.0,,-1.0,0,1987.0,A01,138Â 195Â 770,2.0,0.0,-1.0,1736385,1.0,33,,3.0,0.0,2.0,A01,138Â 195Â 770,1.0
1017221,201900058752,11,30,12:40,1,2,9,1.0,3.0,35238,PAYS-BAS (AVENUE DES),M,"48,0845700"," -1,6607700",35,2019,50.0,1.0,1.0,4.0,2274979,2.0,2,1,2,5.0,,-1.0,0,1991.0,A01,138Â 195Â 768,1.0,0.0,-1.0,1736386,3.0,7,,0.0,2.0,2.0,A01,138Â 195Â 768,1.0
1017221,201900058752,11,30,12:40,1,2,9,1.0,3.0,35238,PAYS-BAS (AVENUE DES),M,"48,0845700"," -1,6607700",35,2019,50.0,1.0,1.0,4.0,2274979,2.0,2,1,2,5.0,,-1.0,0,1991.0,A01,138Â 195Â 768,1.0,0.0,-1.0,1736387,3.0,7,,0.0,2.0,3.0,B01,138Â 195Â 769,1.0
1017221,201900058752,11,30,12:40,1,2,9,1.0,3.0,35238,PAYS-BAS (AVENUE DES),M,"48,0845700"," -1,6607700",35,2019,50.0,1.0,1.0,4.0,2274980,1.0,1,4,2,5.0,,-1.0,0,1996.0,A01,138Â 195Â 768,1.0,0.0,-1.0,1736386,3.0,7,,0.0,2.0,2.0,A01,138Â 195Â 768,1.0
1017221,201900058752,11,30,12:40,1,2,9,1.0,3.0,35238,PAYS-BAS (AVENUE DES),M,"48,0845700"," -1,6607700",35,2019,50.0,1.0,1.0,4.0,2274980,1.0,1,4,2,5.0,,-1.0,0,1996.0,A01,138Â 195Â 768,1.0,0.0,-1.0,1736387,3.0,7,,0.0,2.0,3.0,B01,138Â 195Â 769,1.0
1017221,201900058752,11,30,12:40,1,2,9,1.0,3.0,35238,PAYS-BAS (AVENUE DES),M,"48,0845700"," -1,6607700",35,2019,50.0,1.0,1.0,4.0,2274981,1.0,1,1,1,5.0,,-1.0, -1,1981.0,B01,138Â 195Â 769,1.0,0.0,-1.0,1736386,3.0,7,,0.0,2.0,2.0,A01,138Â 195Â 768,1.0
1017221,201900058752,11,30,12:40,1,2,9,1.0,3.0,35238,PAYS-BAS (AVENUE DES),M,"48,0845700"," -1,6607700",35,2019,50.0,1.0,1.0,4.0,2274981,1.0,1,1,1,5.0,,-1.0, -1,1981.0,B01,138Â 195Â 769,1.0,0.0,-1.0,1736387,3.0,7,,0.0,2.0,3.0,B01,138Â 195Â 769,1.0
1017222,201900058753,11,29,17:45,5,2,1,1.0,6.0,35238,GRAFF (AVENUE GEORGES),M,"48,0866000"," -1,6916500",35,2019,50.0,1.0,1.0,4.0,2274982,10.0,3,4,1,0.0,,3.0,3,1967.0,A01,138Â 195Â 767,8.0,0.0,-1.0,1736388,0.0,7,,0.0,1.0,0.0,A01,138Â 195Â 767,0.0
1017223,201900058754,12,1,02:30,5,2,1,8.0,2.0,33063,CRS DE LA MARNE,M,"44,8302600"," -0,5702200",33,2019,50.0,1.0,2.0,4.0,2274983,1.0,1,4,1,0.0,,-1.0, -1,1999.0,B01,138Â 195Â 765,8.0,0.0,-1.0,1736389,0.0,2,,0.0,2.0,4.0,B01,138Â 195Â 765,1.0
1017223,201900058754,12,1,02:30,5,2,1,8.0,2.0,33063,CRS DE LA MARNE,M,"44,8302600"," -0,5702200",33,2019,50.0,1.0,2.0,4.0,2274983,1.0,1,4,1,0.0,,-1.0, -1,1999.0,B01,138Â 195Â 765,8.0,0.0,-1.0,1736390,0.0,7,,0.0,2.0,2.0,A01,138Â 195Â 766,1.0
1017223,201900058754,12,1,02:30,5,2,1,8.0,2.0,33063,CRS DE LA MARNE,M,"44,8302600"," -0,5702200",33,2019,50.0,1.0,2.0,4.0,2274984,1.0,1,1,1,5.0,,-1.0, -1,1992.0,A01,138Â 195Â 766,1.0,0.0,-1.0,1736389,0.0,2,,0.0,2.0,4.0,B01,138Â 195Â 765,1.0
1017223,201900058754,12,1,02:30,5,2,1,8.0,2.0,33063,CRS DE LA MARNE,M,"44,8302600"," -0,5702200",33,2019,50.0,1.0,2.0,4.0,2274984,1.0,1,1,1,5.0,,-1.0, -1,1992.0,A01,138Â 195Â 766,1.0,0.0,-1.0,1736390,0.0,7,,0.0,2.0,2.0,A01,138Â 195Â 766,1.0
1017224,201900058755,11,30,23:15,5,2,3,2.0,3.0,33063,LOUIS XVIII (QUAI ),M,"44,8466900"," -0,5708000",33,2019,50.0,1.0,2.0,4.0,2274985,1.0,1,4,2,5.0,,-1.0, -1,2000.0,A01,138Â 195Â 763,1.0,5.0,-1.0,1736391,0.0,7,,8.0,2.0,1.0,A01,138Â 195Â 763,1.0
1017224,201900058755,11,30,23:15,5,2,3,2.0,3.0,33063,LOUIS XVIII (QUAI ),M,"44,8466900"," -0,5708000",33,2019,50.0,1.0,2.0,4.0,2274985,1.0,1,4,2,5.0,,-1.0, -1,2000.0,A01,138Â 195Â 763,1.0,5.0,-1.0,1736392,0.0,2,,0.0,2.0,6.0,B01,138Â 195Â 764,1.0
1017224,201900058755,11,30,23:15,5,2,3,2.0,3.0,33063,LOUIS XVIII (QUAI ),M,"44,8466900"," -0,5708000",33,2019,50.0,1.0,2.0,4.0,2274986,1.0,2,4,2,0.0,,-1.0, -1,2000.0,A01,138Â 195Â 763,8.0,0.0,-1.0,1736391,0.0,7,,8.0,2.0,1.0,A01,138Â 195Â 763,1.0
1017224,201900058755,11,30,23:15,5,2,3,2.0,3.0,33063,LOUIS XVIII (QUAI ),M,"44,8466900"," -0,5708000",33,2019,50.0,1.0,2.0,4.0,2274986,1.0,2,4,2,0.0,,-1.0, -1,2000.0,A01,138Â 195Â 763,8.0,0.0,-1.0,1736392,0.0,2,,0.0,2.0,6.0,B01,138Â 195Â 764,1.0
1017224,201900058755,11,30,23:15,5,2,3,2.0,3.0,33063,LOUIS XVIII (QUAI ),M,"44,8466900"," -0,5708000",33,2019,50.0,1.0,2.0,4.0,2274987,1.0,1,4,2,0.0,,-1.0, -1,1997.0,B01,138Â 195Â 764,8.0,0.0,-1.0,1736391,0.0,7,,8.0,2.0,1.0,A01,138Â 195Â 763,1.0
1017224,201900058755,11,30,23:15,5,2,3,2.0,3.0,33063,LOUIS XVIII (QUAI ),M,"44,8466900"," -0,5708000",33,2019,50.0,1.0,2.0,4.0,2274987,1.0,1,4,2,0.0,,-1.0, -1,1997.0,B01,138Â 195Â 764,8.0,0.0,-1.0,1736392,0.0,2,,0.0,2.0,6.0,B01,138Â 195Â 764,1.0
1017225,201900058756,11,30,10:10,1,2,9,2.0,6.0,33249,AVE CARNOT,M,"44,8651500"," -0,5186800",33,2019,50.0,1.0,2.0,6.0,2274988,10.0,3,4,2,3.0,,1.0,1,1933.0,A01,138Â 195Â 762,8.0,0.0,-1.0,1736393,0.0,7,,0.0,1.0,5.0,A01,138Â 195Â 762,1.0
1017225,201900058756,11,30,10:10,1,2,9,2.0,6.0,33249,AVE CARNOT,M,"44,8651500"," -0,5186800",33,2019,50.0,1.0,2.0,6.0,2274989,1.0,1,1,1,3.0,,-1.0, -1,1992.0,A01,138Â 195Â 762,8.0,0.0,-1.0,1736393,0.0,7,,0.0,1.0,5.0,A01,138Â 195Â 762,1.0
1017226,201900058757,11,30,08:45,2,2,3,1.0,3.0,33162,AVE DE SAINT-MEDARD,M,"44,8607300"," -0,6382900",33,2019,50.0,1.0,1.0,4.0,2274990,1.0,1,3,1,1.0,,-1.0, -1,1983.0,B01,138Â 195Â 760,2.0,6.0,-1.0,1736394,0.0,33,,0.0,1.0,8.0,B01,138Â 195Â 760,1.0
1017226,201900058757,11,30,08:45,2,2,3,1.0,3.0,33162,AVE DE SAINT-MEDARD,M,"44,8607300"," -0,6382900",33,2019,50.0,1.0,1.0,4.0,2274990,1.0,1,3,1,1.0,,-1.0, -1,1983.0,B01,138Â 195Â 760,2.0,6.0,-1.0,1736395,0.0,7,,0.0,2.0,1.0,A01,138Â 195Â 761,1.0