Unnamed: 0_x,num_acc,mois,jour,hrmn,lum,agg,int,atm,col,com,adr,gps,lat,long,dep,annee,vma,situ,surf,catr,Unnamed: 0_y,place,catu,grav,sexe,trajet,secu,locp,actp,an_nais,num_veh_x,id_vehicule_x,secu1,secu2,secu3,Unnamed: 0,senc,catv,occutc,obs,obsm,choc,num_veh_y,id_vehicule_y,motor
1017226,201900058757,11,30,08:45,2,2,3,1.0,3.0,33162,AVE DE SAINT-MEDARD,M,"44,8607300"," -0,6382900",33,2019,50.0,1.0,1.0,4.0,2274991,1.0,1,1,1,1.0,,-1.0, -1,1996.0,A01,138Â 195Â 761,1.0,0.0,-1.0,1736394,0.0,33,,0.0,1.0,8.0,B01,138Â 195Â 760,1.0
1017226,201900058757,11,30,08:45,2,2,3,1.0,3.0,33162,AVE DE SAINT-MEDARD,M,"44,8607300"," -0,6382900",33,2019,50.0,1.0,1.0,4.0,2274991,1.0,1,1,1,1.0,,-1.0, -1,1996.0,A01,138Â 195Â 761,1.0,0.0,-1.0,1736395,0.0,7,,0.0,2.0,1.0,A01,138Â 195Â 761,1.0
1017227,201900058758,11,29,17:00,1,2,2,1.0,3.0,29232,PRESIDENT SADATE RUE DU,M,"47,9788200"," -4,1018600",29,2019,50.0,1.0,1.0,4.0,2274992,1.0,1,4,1,0.0,,-1.0,0,2005.0,A01,138Â 195Â 758,2.0,6.0,-1.0,1736396,0.0,2,,0.0,2.0,1.0,A01,138Â 195Â 758,1.0
1017227,201900058758,11,29,17:00,1,2,2,1.0,3.0,29232,PRESIDENT SADATE RUE DU,M,"47,9788200"," -4,1018600",29,2019,50.0,1.0,1.0,4.0,2274992,1.0,1,4,1,0.0,,-1.0,0,2005.0,A01,138Â 195Â 758,2.0,6.0,-1.0,1736397,0.0,7,,0.0,0.0,0.0,B01,138Â 195Â 759,1.0
1017227,201900058758,11,29,17:00,1,2,2,1.0,3.0,29232,PRESIDENT SADATE RUE DU,M,"47,9788200"," -4,1018600",29,2019,50.0,1.0,1.0,4.0,2274993,1.0,1,1,2,0.0,,-1.0,0,1977.0,B01,138Â 195Â 759,1.0,0.0,-1.0,1736396,0.0,2,,0.0,2.0,1.0,A01,138Â 195Â 758,1.0
1017227,201900058758,11,29,17:00,1,2,2,1.0,3.0,29232,PRESIDENT SADATE RUE DU,M,"47,9788200"," -4,1018600",29,2019,50.0,1.0,1.0,4.0,2274993,1.0,1,1,2,0.0,,-1.0,0,1977.0,B01,138Â 195Â 759,1.0,0.0,-1.0,1736397,0.0,7,,0.0,0.0,0.0,B01,138Â 195Â 759,1.0
1017228,201900058759,11,30,15:40,1,2,2,1.0,3.0,29019,GUELMEUR (DE 63 ET 70 A FIN),M,"48,3928578"," -4,4620241",29,2019,50.0,1.0,1.0,4.0,2274994,1.0,1,1,2,3.0,,-1.0,0,1966.0,A01,138Â 195Â 756,1.0,0.0,-1.0,1736398,3.0,7,,0.0,2.0,1.0,A01,138Â 195Â 756,1.0
1017228,201900058759,11,30,15:40,1,2,2,1.0,3.0,29019,GUELMEUR (DE 63 ET 70 A FIN),M,"48,3928578"," -4,4620241",29,2019,50.0,1.0,1.0,4.0,2274994,1.0,1,1,2,3.0,,-1.0,0,1966.0,A01,138Â 195Â 756,1.0,0.0,-1.0,1736399,3.0,7,,0.0,2.0,7.0,B01,138Â 195Â 757,1.0
1017228,201900058759,11,30,15:40,1,2,2,1.0,3.0,29019,GUELMEUR (DE 63 ET 70 A FIN),M,"48,3928578"," -4,4620241",29,2019,50.0,1.0,1.0,4.0,2274995,2.0,2,4,1,9.0,,-1.0, -1,2001.0,B01,138Â 195Â 757,1.0,0.0,-1.0,1736398,3.0,7,,0.0,2.0,1.0,A01,138Â 195Â 756,1.0
1017228,201900058759,11,30,15:40,1,2,2,1.0,3.0,29019,GUELMEUR (DE 63 ET 70 A FIN),M,"48,3928578"," -4,4620241",29,2019,50.0,1.0,1.0,4.0,2274995,2.0,2,4,1,9.0,,-1.0, -1,2001.0,B01,138Â 195Â 757,1.0,0.0,-1.0,1736399,3.0,7,,0.0,2.0,7.0,B01,138Â 195Â 757,1.0
1017228,201900058759,11,30,15:40,1,2,2,1.0,3.0,29019,GUELMEUR (DE 63 ET 70 A FIN),M,"48,3928578"," -4,4620241",29,2019,50.0,1.0,1.0,4.0,2274996,1.0,1,4,1,3.0,,-1.0, -1,2001.0,B01,138Â 195Â 757,1.0,0.0,-1.0,1736398,3.0,7,,0.0,2.0,1.0,A01,138Â 195Â 756,1.0
1017228,201900058759,11,30,15:40,1,2,2,1.0,3.0,29019,GUELMEUR (DE 63 ET 70 A FIN),M,"48,3928578"," -4,4620241",29,2019,50.0,1.0,1.0,4.0,2274996,1.0,1,4,1,3.0,,-1.0, -1,2001.0,B01,138Â 195Â 757,1.0,0.0,-1.0,1736399,3.0,7,,0.0,2.0,7.0,B01,138Â 195Â 757,1.0
1017229,201900058760,11,30,08:05,2,2,1,1.0,1.0,24322,ANGOULEME (ROUTE D'),M,"45,1996900","0,6763100",24,2019,50.0,1.0,1.0,3.0,2274997,1.0,1,3,2,1.0,,-1.0, -1,1976.0,B01,138Â 195Â 754,1.0,0.0,-1.0,1736400,2.0,7,,0.0,2.0,1.0,B01,138Â 195Â 754,1.0
1017229,201900058760,11,30,08:05,2,2,1,1.0,1.0,24322,ANGOULEME (ROUTE D'),M,"45,1996900","0,6763100",24,2019,50.0,1.0,1.0,3.0,2274997,1.0,1,3,2,1.0,,-1.0, -1,1976.0,B01,138Â 195Â 754,1.0,0.0,-1.0,1736401,1.0,7,,0.0,2.0,1.0,A01,138Â 195Â 755,1.0
1017229,201900058760,11,30,08:05,2,2,1,1.0,1.0,24322,ANGOULEME (ROUTE D'),M,"45,1996900","0,6763100",24,2019,50.0,1.0,1.0,3.0,2274998,1.0,1,4,1,1.0,,-1.0,0,1995.0,A01,138Â 195Â 755,1.0,0.0,-1.0,1736400,2.0,7,,0.0,2.0,1.0,B01,138Â 195Â 754,1.0
1017229,201900058760,11,30,08:05,2,2,1,1.0,1.0,24322,ANGOULEME (ROUTE D'),M,"45,1996900","0,6763100",24,2019,50.0,1.0,1.0,3.0,2274998,1.0,1,4,1,1.0,,-1.0,0,1995.0,A01,138Â 195Â 755,1.0,0.0,-1.0,1736401,1.0,7,,0.0,2.0,1.0,A01,138Â 195Â 755,1.0
1017230,201900058761,11,30,18:30,5,2,4,2.0,6.0,15014,MONTADE (RUE DE LA),M,"44,9140700","2,4388000",15,2019,50.0,1.0,2.0,4.0,2274999,10.0,3,3,1,3.0,,3.0,3,1951.0,A01,138Â 195Â 752,0.0,-1.0,-1.0,1736402,1.0,7,,0.0,1.0,2.0,A01,138Â 195Â 752,0.0
1017230,201900058761,11,30,18:30,5,2,4,2.0,6.0,15014,MONTADE (RUE DE LA),M,"44,9140700","2,4388000",15,2019,50.0,1.0,2.0,4.0,2275000,1.0,1,1,1,0.0,,-1.0, -1,2000.0,A01,138Â 195Â 752,1.0,0.0,-1.0,1736402,1.0,7,,0.0,1.0,2.0,A01,138Â 195Â 752,0.0
1017231,201900058762,11,27,08:11,2,2,2,8.0,1.0,14333,MANUEL (COURS ALBERT),M,"49,4166400","0,2305700",14,2019,50.0,1.0,2.0,3.0,2275001,1.0,1,1,1,5.0,,0.0,0,1955.0,A01,138Â 195Â 750,1.0,0.0,-1.0,1736403,1.0,7,,0.0,2.0,3.0,A01,138Â 195Â 750,1.0
1017231,201900058762,11,27,08:11,2,2,2,8.0,1.0,14333,MANUEL (COURS ALBERT),M,"49,4166400","0,2305700",14,2019,50.0,1.0,2.0,3.0,2275001,1.0,1,1,1,5.0,,0.0,0,1955.0,A01,138Â 195Â 750,1.0,0.0,-1.0,1736404,2.0,2,,0.0,2.0,1.0,B01,138Â 195Â 751,1.0
1017231,201900058762,11,27,08:11,2,2,2,8.0,1.0,14333,MANUEL (COURS ALBERT),M,"49,4166400","0,2305700",14,2019,50.0,1.0,2.0,3.0,2275002,1.0,1,3,2,4.0,,0.0,0,1968.0,B01,138Â 195Â 751,2.0,6.0,-1.0,1736403,1.0,7,,0.0,2.0,3.0,A01,138Â 195Â 750,1.0
1017231,201900058762,11,27,08:11,2,2,2,8.0,1.0,14333,MANUEL (COURS ALBERT),M,"49,4166400","0,2305700",14,2019,50.0,1.0,2.0,3.0,2275002,1.0,1,3,2,4.0,,0.0,0,1968.0,B01,138Â 195Â 751,2.0,6.0,-1.0,1736404,2.0,2,,0.0,2.0,1.0,B01,138Â 195Â 751,1.0
1017232,201900058763,11,30,22:00,5,2,6,1.0,6.0,13211,BARASSE,M,"43,2858000","5,4795000",13,2019,50.0,1.0,1.0,4.0,2275003,1.0,1,4,2,5.0,,0.0,0,2001.0,A01,138Â 195Â 749,2.0,8.0,-1.0,1736405,2.0,2,,11.0,0.0,1.0,A01,138Â 195Â 749,1.0
1017232,201900058763,11,30,22:00,5,2,6,1.0,6.0,13211,BARASSE,M,"43,2858000","5,4795000",13,2019,50.0,1.0,1.0,4.0,2275004,2.0,2,4,1,0.0,,-1.0, -1,1999.0,A01,138Â 195Â 749,2.0,8.0,-1.0,1736405,2.0,2,,11.0,0.0,1.0,A01,138Â 195Â 749,1.0
1017233,201900058764,10,27,19:30,5,2,1,1.0,6.0,13212,SAINT BARNABE (AVENUE DE),M,"43,3041000","5,4108200",13,2019,50.0,1.0,1.0,4.0,2275005,1.0,1,4,1,5.0,,-1.0,0,2003.0,B01,138Â 195Â 748,2.0,8.0,-1.0,1736406,2.0,2,,0.0,2.0,0.0,B01,138Â 195Â 748,1.0
1017234,201900058765,11,30,07:20,2,1,1,1.0,6.0,13047,SAINT EXUPERY AVENUE,M,"43,5313800","4,9741900",13,2019,50.0,1.0,2.0,3.0,2275006,1.0,1,3,1,0.0,,-1.0, -1,1996.0,A01,138Â 195Â 747,1.0,0.0,-1.0,1736407,3.0,7,,2.0,0.0,1.0,A01,138Â 195Â 747,1.0
1017235,201900058766,11,30,18:20,5,2,1,1.0,6.0,13005,AUCHAN ( CENTRE COMMERCIAL),M,"43,2945400","5,5902300",13,2019,20.0,1.0,1.0,6.0,2275007,10.0,3,4,2,3.0,,9.0,1,1958.0,A01,138Â 195Â 746,8.0,0.0,-1.0,1736408,3.0,7,,0.0,1.0,4.0,A01,138Â 195Â 746,1.0
1017235,201900058766,11,30,18:20,5,2,1,1.0,6.0,13005,AUCHAN ( CENTRE COMMERCIAL),M,"43,2945400","5,5902300",13,2019,20.0,1.0,1.0,6.0,2275008,1.0,1,1,2,3.0,,-1.0, -1,1937.0,A01,138Â 195Â 746,8.0,0.0,-1.0,1736408,3.0,7,,0.0,1.0,4.0,A01,138Â 195Â 746,1.0
1017236,201900058767,11,30,04:00,5,2,9,1.0,6.0,10387,1Â° R.A.M (BDL DU),M,"48,2916190","4,0713700",10,2019,50.0,4.0,1.0,4.0,2275009,1.0,1,4,1,0.0,,-1.0,0,1984.0,A01,138Â 195Â 745,8.0,0.0,-1.0,1736409,1.0,7,,15.0,0.0,1.0,A01,138Â 195Â 745,1.0
1017237,201900058768,11,30,13:15,1,1,1,1.0,7.0,06069,NAPOLEON (ROUTE),M,"43,6711200","6,9113900",6,2019,70.0,1.0,1.0,3.0,2275010,1.0,1,4,2,5.0,,0.0,0,1992.0,A01,138Â 195Â 744,2.0,6.0,-1.0,1736410,1.0,33,,0.0,0.0,8.0,A01,138Â 195Â 744,0.0
1017238,201900058769,11,30,20:20,5,2,1,1.0,3.0,06027,GARE AVENUE DE LA,M,"43,6568550","7,1469630",6,2019,50.0,1.0,1.0,7.0,2275011,1.0,1,4,1,0.0,,0.0,0,1983.0,B01,138Â 195Â 742,1.0,0.0,-1.0,1736411,1.0,7,,0.0,2.0,1.0,B01,138Â 195Â 742,1.0
1017238,201900058769,11,30,20:20,5,2,1,1.0,3.0,06027,GARE AVENUE DE LA,M,"43,6568550","7,1469630",6,2019,50.0,1.0,1.0,7.0,2275011,1.0,1,4,1,0.0,,0.0,0,1983.0,B01,138Â 195Â 742,1.0,0.0,-1.0,1736412,1.0,7,,0.0,2.0,7.0,A01,138Â 195Â 743,1.0
1017238,201900058769,11,30,20:20,5,2,1,1.0,3.0,06027,GARE AVENUE DE LA,M,"43,6568550","7,1469630",6,2019,50.0,1.0,1.0,7.0,2275012,2.0,2,4,1,0.0,,0.0,0,1971.0,B01,138Â 195Â 742,1.0,0.0,-1.0,1736411,1.0,7,,0.0,2.0,1.0,B01,138Â 195Â 742,1.0
1017238,201900058769,11,30,20:20,5,2,1,1.0,3.0,06027,GARE AVENUE DE LA,M,"43,6568550","7,1469630",6,2019,50.0,1.0,1.0,7.0,2275012,2.0,2,4,1,0.0,,0.0,0,1971.0,B01,138Â 195Â 742,1.0,0.0,-1.0,1736412,1.0,7,,0.0,2.0,7.0,A01,138Â 195Â 743,1.0
1017238,201900058769,11,30,20:20,5,2,1,1.0,3.0,06027,GARE AVENUE DE LA,M,"43,6568550","7,1469630",6,2019,50.0,1.0,1.0,7.0,2275013,2.0,2,4,2,0.0,,0.0,0,2000.0,A01,138Â 195Â 743,1.0,0.0,-1.0,1736411,1.0,7,,0.0,2.0,1.0,B01,138Â 195Â 742,1.0
1017238,201900058769,11,30,20:20,5,2,1,1.0,3.0,06027,GARE AVENUE DE LA,M,"43,6568550","7,1469630",6,2019,50.0,1.0,1.0,7.0,2275013,2.0,2,4,2,0.0,,0.0,0,2000.0,A01,138Â 195Â 743,1.0,0.0,-1.0,1736412,1.0,7,,0.0,2.0,7.0,A01,138Â 195Â 743,1.0
1017238,201900058769,11,30,20:20,5,2,1,1.0,3.0,06027,GARE AVENUE DE LA,M,"43,6568550","7,1469630",6,2019,50.0,1.0,1.0,7.0,2275014,1.0,1,1,2,0.0,,0.0,0,2000.0,A01,138Â 195Â 743,1.0,0.0,-1.0,1736411,1.0,7,,0.0,2.0,1.0,B01,138Â 195Â 742,1.0
1017238,201900058769,11,30,20:20,5,2,1,1.0,3.0,06027,GARE AVENUE DE LA,M,"43,6568550","7,1469630",6,2019,50.0,1.0,1.0,7.0,2275014,1.0,1,1,2,0.0,,0.0,0,2000.0,A01,138Â 195Â 743,1.0,0.0,-1.0,1736412,1.0,7,,0.0,2.0,7.0,A01,138Â 195Â 743,1.0
1017239,201900058770,11,29,18:00,5,2,9,1.0,6.0,06004,GREC AV.JULES,M,"43,5894860","7,1178580",6,2019,50.0,1.0,1.0,3.0,2275015,1.0,1,1,2,9.0,,0.0,0,1936.0,A01,138Â 195Â 741,1.0,0.0,-1.0,1736413,1.0,7,,0.0,1.0,2.0,A01,138Â 195Â 741,1.0
1017239,201900058770,11,29,18:00,5,2,9,1.0,6.0,06004,GREC AV.JULES,M,"43,5894860","7,1178580",6,2019,50.0,1.0,1.0,3.0,2275016,10.0,3,3,2,5.0,,4.0,3,2006.0,A01,138Â 195Â 741,0.0,-1.0,-1.0,1736413,1.0,7,,0.0,1.0,2.0,A01,138Â 195Â 741,1.0
1017240,201900058771,11,30,12:54,1,2,3,1.0,3.0,75107,QUAI ANATOLE FRANCE,M,"48,8611270","2,3241770",75,2019,50.0,1.0,1.0,4.0,2275017,1.0,1,4,1,4.0,,0.0,0,1990.0,A01,138Â 195Â 739,2.0,6.0,-1.0,1736414,1.0,31,,0.0,2.0,8.0,A01,138Â 195Â 739,1.0
1017240,201900058771,11,30,12:54,1,2,3,1.0,3.0,75107,QUAI ANATOLE FRANCE,M,"48,8611270","2,3241770",75,2019,50.0,1.0,1.0,4.0,2275017,1.0,1,4,1,4.0,,0.0,0,1990.0,A01,138Â 195Â 739,2.0,6.0,-1.0,1736415,1.0,7,,0.0,2.0,5.0,B01,138Â 195Â 740,1.0
1017240,201900058771,11,30,12:54,1,2,3,1.0,3.0,75107,QUAI ANATOLE FRANCE,M,"48,8611270","2,3241770",75,2019,50.0,1.0,1.0,4.0,2275018,1.0,1,1,1,0.0,,0.0,0,1970.0,B01,138Â 195Â 740,1.0,0.0,-1.0,1736414,1.0,31,,0.0,2.0,8.0,A01,138Â 195Â 739,1.0
1017240,201900058771,11,30,12:54,1,2,3,1.0,3.0,75107,QUAI ANATOLE FRANCE,M,"48,8611270","2,3241770",75,2019,50.0,1.0,1.0,4.0,2275018,1.0,1,1,1,0.0,,0.0,0,1970.0,B01,138Â 195Â 740,1.0,0.0,-1.0,1736415,1.0,7,,0.0,2.0,5.0,B01,138Â 195Â 740,1.0
1017241,201900058772,11,28,00:05,3,2,1,1.0,2.0,75116,BD PERIPHERIQUE EXTERIEUR,M,"48,8665932","2,2685772",75,2019,70.0,1.0,1.0,4.0,2275019,1.0,1,1,1,4.0,,0.0,0,1967.0,A01,138Â 195Â 737,1.0,0.0,-1.0,1736416,1.0,10,,0.0,2.0,4.0,A01,138Â 195Â 737,1.0
1017241,201900058772,11,28,00:05,3,2,1,1.0,2.0,75116,BD PERIPHERIQUE EXTERIEUR,M,"48,8665932","2,2685772",75,2019,70.0,1.0,1.0,4.0,2275019,1.0,1,1,1,4.0,,0.0,0,1967.0,A01,138Â 195Â 737,1.0,0.0,-1.0,1736417,1.0,33,,0.0,2.0,1.0,B01,138Â 195Â 738,1.0
1017241,201900058772,11,28,00:05,3,2,1,1.0,2.0,75116,BD PERIPHERIQUE EXTERIEUR,M,"48,8665932","2,2685772",75,2019,70.0,1.0,1.0,4.0,2275020,1.0,1,3,1,5.0,,0.0,0,1957.0,B01,138Â 195Â 738,2.0,6.0,-1.0,1736416,1.0,10,,0.0,2.0,4.0,A01,138Â 195Â 737,1.0
1017241,201900058772,11,28,00:05,3,2,1,1.0,2.0,75116,BD PERIPHERIQUE EXTERIEUR,M,"48,8665932","2,2685772",75,2019,70.0,1.0,1.0,4.0,2275020,1.0,1,3,1,5.0,,0.0,0,1957.0,B01,138Â 195Â 738,2.0,6.0,-1.0,1736417,1.0,33,,0.0,2.0,1.0,B01,138Â 195Â 738,1.0
1017242,201900058773,11,30,04:30,5,2,4,1.0,3.0,75117,BOULEVARD PEREIRE,M,"48,8794480","2,2873770",75,2019,50.0,1.0,1.0,4.0,2275021,3.0,2,1,2,0.0,,0.0,0,1995.0,A01,138Â 195Â 735,1.0,0.0,-1.0,1736418,2.0,7,,1.0,2.0,1.0,A01,138Â 195Â 735,1.0
1017242,201900058773,11,30,04:30,5,2,4,1.0,3.0,75117,BOULEVARD PEREIRE,M,"48,8794480","2,2873770",75,2019,50.0,1.0,1.0,4.0,2275021,3.0,2,1,2,0.0,,0.0,0,1995.0,A01,138Â 195Â 735,1.0,0.0,-1.0,1736419,1.0,7,,0.0,2.0,3.0,B01,138Â 195Â 736,1.0
1017242,201900058773,11,30,04:30,5,2,4,1.0,3.0,75117,BOULEVARD PEREIRE,M,"48,8794480","2,2873770",75,2019,50.0,1.0,1.0,4.0,2275022,4.0,2,1,1,0.0,,0.0,0,1994.0,A01,138Â 195Â 735,1.0,0.0,-1.0,1736418,2.0,7,,1.0,2.0,1.0,A01,138Â 195Â 735,1.0
1017242,201900058773,11,30,04:30,5,2,4,1.0,3.0,75117,BOULEVARD PEREIRE,M,"48,8794480","2,2873770",75,2019,50.0,1.0,1.0,4.0,2275022,4.0,2,1,1,0.0,,0.0,0,1994.0,A01,138Â 195Â 735,1.0,0.0,-1.0,1736419,1.0,7,,0.0,2.0,3.0,B01,138Â 195Â 736,1.0
1017242,201900058773,11,30,04:30,5,2,4,1.0,3.0,75117,BOULEVARD PEREIRE,M,"48,8794480","2,2873770",75,2019,50.0,1.0,1.0,4.0,2275023,2.0,2,1,1,0.0,,0.0,0,1996.0,A01,138Â 195Â 735,1.0,0.0,-1.0,1736418,2.0,7,,1.0,2.0,1.0,A01,138Â 195Â 735,1.0
1017242,201900058773,11,30,04:30,5,2,4,1.0,3.0,75117,BOULEVARD PEREIRE,M,"48,8794480","2,2873770",75,2019,50.0,1.0,1.0,4.0,2275023,2.0,2,1,1,0.0,,0.0,0,1996.0,A01,138Â 195Â 735,1.0,0.0,-1.0,1736419,1.0,7,,0.0,2.0,3.0,B01,138Â 195Â 736,1.0
1017242,201900058773,11,30,04:30,5,2,4,1.0,3.0,75117,BOULEVARD PEREIRE,M,"48,8794480","2,2873770",75,2019,50.0,1.0,1.0,4.0,2275024,1.0,1,4,1,0.0,,0.0,0,1992.0,A01,138Â 195Â 735,1.0,0.0,-1.0,1736418,2.0,7,,1.0,2.0,1.0,A01,138Â 195Â 735,1.0
1017242,201900058773,11,30,04:30,5,2,4,1.0,3.0,75117,BOULEVARD PEREIRE,M,"48,8794480","2,2873770",75,2019,50.0,1.0,1.0,4.0,2275024,1.0,1,4,1,0.0,,0.0,0,1992.0,A01,138Â 195Â 735,1.0,0.0,-1.0,1736419,1.0,7,,0.0,2.0,3.0,B01,138Â 195Â 736,1.0
1017242,201900058773,11,30,04:30,5,2,4,1.0,3.0,75117,BOULEVARD PEREIRE,M,"48,8794480","2,2873770",75,2019,50.0,1.0,1.0,4.0,2275025,5.0,2,1,1,0.0,,0.0,0,1992.0,A01,138Â 195Â 735,1.0,0.0,-1.0,1736418,2.0,7,,1.0,2.0,1.0,A01,138Â 195Â 735,1.0
1017242,201900058773,11,30,04:30,5,2,4,1.0,3.0,75117,BOULEVARD PEREIRE,M,"48,8794480","2,2873770",75,2019,50.0,1.0,1.0,4.0,2275025,5.0,2,1,1,0.0,,0.0,0,1992.0,A01,138Â 195Â 735,1.0,0.0,-1.0,1736419,1.0,7,,0.0,2.0,3.0,B01,138Â 195Â 736,1.0
1017242,201900058773,11,30,04:30,5,2,4,1.0,3.0,75117,BOULEVARD PEREIRE,M,"48,8794480","2,2873770",75,2019,50.0,1.0,1.0,4.0,2275026,1.0,1,1,1,4.0,,0.0,0,1974.0,B01,138Â 195Â 736,1.0,0.0,-1.0,1736418,2.0,7,,1.0,2.0,1.0,A01,138Â 195Â 735,1.0
1017242,201900058773,11,30,04:30,5,2,4,1.0,3.0,75117,BOULEVARD PEREIRE,M,"48,8794480","2,2873770",75,2019,50.0,1.0,1.0,4.0,2275026,1.0,1,1,1,4.0,,0.0,0,1974.0,B01,138Â 195Â 736,1.0,0.0,-1.0,1736419,1.0,7,,0.0,2.0,3.0,B01,138Â 195Â 736,1.0
1017242,201900058773,11,30,04:30,5,2,4,1.0,3.0,75117,BOULEVARD PEREIRE,M,"48,8794480","2,2873770",75,2019,50.0,1.0,1.0,4.0,2275027,4.0,2,1,1,9.0,,0.0,0,1960.0,B01,138Â 195Â 736,1.0,0.0,-1.0,1736418,2.0,7,,1.0,2.0,1.0,A01,138Â 195Â 735,1.0
1017242,201900058773,11,30,04:30,5,2,4,1.0,3.0,75117,BOULEVARD PEREIRE,M,"48,8794480","2,2873770",75,2019,50.0,1.0,1.0,4.0,2275027,4.0,2,1,1,9.0,,0.0,0,1960.0,B01,138Â 195Â 736,1.0,0.0,-1.0,1736419,1.0,7,,0.0,2.0,3.0,B01,138Â 195Â 736,1.0
1017242,201900058773,11,30,04:30,5,2,4,1.0,3.0,75117,BOULEVARD PEREIRE,M,"48,8794480","2,2873770",75,2019,50.0,1.0,1.0,4.0,2275028,3.0,2,1,2,9.0,,0.0,0,1959.0,B01,138Â 195Â 736,1.0,0.0,-1.0,1736418,2.0,7,,1.0,2.0,1.0,A01,138Â 195Â 735,1.0
1017242,201900058773,11,30,04:30,5,2,4,1.0,3.0,75117,BOULEVARD PEREIRE,M,"48,8794480","2,2873770",75,2019,50.0,1.0,1.0,4.0,2275028,3.0,2,1,2,9.0,,0.0,0,1959.0,B01,138Â 195Â 736,1.0,0.0,-1.0,1736419,1.0,7,,0.0,2.0,3.0,B01,138Â 195Â 736,1.0
1017243,201900058774,11,29,08:30,2,2,3,2.0,6.0,75117,RUE PONCELET,M,"48,8790700","2,2968830",75,2019,30.0,1.0,2.0,4.0,2275029,10.0,3,4,2,5.0,,2.0,3,1985.0,A01,138Â 195Â 734,0.0,-1.0,-1.0,1736420,1.0,10,,0.0,1.0,2.0,A01,138Â 195Â 734,1.0
1017243,201900058774,11,29,08:30,2,2,3,2.0,6.0,75117,RUE PONCELET,M,"48,8790700","2,2968830",75,2019,30.0,1.0,2.0,4.0,2275030,1.0,1,1,1,4.0,,0.0,0,1991.0,A01,138Â 195Â 734,1.0,0.0,-1.0,1736420,1.0,10,,0.0,1.0,2.0,A01,138Â 195Â 734,1.0
1017244,201900058775,11,30,17:40,5,2,1,1.0,6.0,75116,RUE BOISSIERE,M,"48,8666840","2,2903680",75,2019,50.0,1.0,1.0,4.0,2275031,10.0,3,4,1,4.0,,2.0,4,1981.0,A01,138Â 195Â 733,0.0,-1.0,-1.0,1736421,2.0,7,,0.0,1.0,2.0,A01,138Â 195Â 733,1.0
1017244,201900058775,11,30,17:40,5,2,1,1.0,6.0,75116,RUE BOISSIERE,M,"48,8666840","2,2903680",75,2019,50.0,1.0,1.0,4.0,2275032,1.0,1,1,2,5.0,,0.0,0,1971.0,A01,138Â 195Â 733,1.0,1.0,-1.0,1736421,2.0,7,,0.0,1.0,2.0,A01,138Â 195Â 733,1.0
1017245,201900058776,11,30,12:10,1,2,7,1.0,3.0,75108,PLACE CHARLES DE GAULLE,M,"48,8743080","2,2954510",75,2019,50.0,1.0,1.0,4.0,2275033,1.0,1,1,1,1.0,,0.0,0,1955.0,B01,138Â 195Â 731,1.0,0.0,-1.0,1736422,1.0,7,,0.0,2.0,2.0,B01,138Â 195Â 731,1.0
1017245,201900058776,11,30,12:10,1,2,7,1.0,3.0,75108,PLACE CHARLES DE GAULLE,M,"48,8743080","2,2954510",75,2019,50.0,1.0,1.0,4.0,2275033,1.0,1,1,1,1.0,,0.0,0,1955.0,B01,138Â 195Â 731,1.0,0.0,-1.0,1736423,1.0,30,,0.0,2.0,6.0,A01,138Â 195Â 732,1.0
1017245,201900058776,11,30,12:10,1,2,7,1.0,3.0,75108,PLACE CHARLES DE GAULLE,M,"48,8743080","2,2954510",75,2019,50.0,1.0,1.0,4.0,2275034,1.0,1,4,1,0.0,,0.0,0,1989.0,A01,138Â 195Â 732,2.0,6.0,-1.0,1736422,1.0,7,,0.0,2.0,2.0,B01,138Â 195Â 731,1.0
1017245,201900058776,11,30,12:10,1,2,7,1.0,3.0,75108,PLACE CHARLES DE GAULLE,M,"48,8743080","2,2954510",75,2019,50.0,1.0,1.0,4.0,2275034,1.0,1,4,1,0.0,,0.0,0,1989.0,A01,138Â 195Â 732,2.0,6.0,-1.0,1736423,1.0,30,,0.0,2.0,6.0,A01,138Â 195Â 732,1.0
1017246,201900058777,11,30,16:55,3,2,1,1.0,6.0,75113,RUE BOUSSINGAULT,M,"48,8228130","2,3460490",75,2019,50.0,4.0,1.0,4.0,2275035,10.0,3,4,1,0.0,,5.0,2,2016.0,A01,138Â 195Â 730,0.0,-1.0,-1.0,1736424,1.0,7,,0.0,1.0,3.0,A01,138Â 195Â 730,1.0
1017246,201900058777,11,30,16:55,3,2,1,1.0,6.0,75113,RUE BOUSSINGAULT,M,"48,8228130","2,3460490",75,2019,50.0,4.0,1.0,4.0,2275036,1.0,1,1,1,0.0,,0.0,0,1992.0,A01,138Â 195Â 730,1.0,0.0,-1.0,1736424,1.0,7,,0.0,1.0,3.0,A01,138Â 195Â 730,1.0
1017247,201900058778,11,30,17:25,5,2,2,1.0,3.0,75112,AVENUE LEDRU ROLLIN,M,"48,8485984","2,3724860",75,2019,50.0,1.0,1.0,4.0,2275037,1.0,1,4,1,1.0,,0.0,0,1986.0,B01,138Â 195Â 728,2.0,8.0,-1.0,1736425,2.0,1,,0.0,2.0,1.0,B01,138Â 195Â 728,5.0
1017247,201900058778,11,30,17:25,5,2,2,1.0,3.0,75112,AVENUE LEDRU ROLLIN,M,"48,8485984","2,3724860",75,2019,50.0,1.0,1.0,4.0,2275037,1.0,1,4,1,1.0,,0.0,0,1986.0,B01,138Â 195Â 728,2.0,8.0,-1.0,1736426,2.0,7,,0.0,2.0,7.0,A01,138Â 195Â 729,1.0