Unnamed: 0_x,num_acc,mois,jour,hrmn,lum,agg,int,atm,col,com,adr,gps,lat,long,dep,annee,vma,situ,surf,catr,Unnamed: 0_y,place,catu,grav,sexe,trajet,secu,locp,actp,an_nais,num_veh_x,id_vehicule_x,secu1,secu2,secu3,Unnamed: 0,senc,catv,occutc,obs,obsm,choc,num_veh_y,id_vehicule_y,motor
1017247,201900058778,11,30,17:25,5,2,2,1.0,3.0,75112,AVENUE LEDRU ROLLIN,M,"48,8485984","2,3724860",75,2019,50.0,1.0,1.0,4.0,2275038,1.0,1,1,1,5.0,,0.0,0,1980.0,A01,138Â 195Â 729,1.0,0.0,-1.0,1736425,2.0,1,,0.0,2.0,1.0,B01,138Â 195Â 728,5.0
1017247,201900058778,11,30,17:25,5,2,2,1.0,3.0,75112,AVENUE LEDRU ROLLIN,M,"48,8485984","2,3724860",75,2019,50.0,1.0,1.0,4.0,2275038,1.0,1,1,1,5.0,,0.0,0,1980.0,A01,138Â 195Â 729,1.0,0.0,-1.0,1736426,2.0,7,,0.0,2.0,7.0,A01,138Â 195Â 729,1.0
1017248,201900058779,11,30,00:05,5,2,1,1.0,7.0,75111,AVENUE DE LA REPUBLIQUE,M,"48,8644500","2,3788300",75,2019,50.0,1.0,1.0,4.0,2275039,10.0,3,1,2,5.0,,2.0,3,2000.0,A01,138Â 195Â 727,0.0,-1.0,-1.0,1736427,2.0,33,,0.0,1.0,3.0,A01,138Â 195Â 727,1.0
1017248,201900058779,11,30,00:05,5,2,1,1.0,7.0,75111,AVENUE DE LA REPUBLIQUE,M,"48,8644500","2,3788300",75,2019,50.0,1.0,1.0,4.0,2275040,1.0,1,4,1,5.0,,0.0,0,1994.0,A01,138Â 195Â 727,2.0,6.0,-1.0,1736427,2.0,33,,0.0,1.0,3.0,A01,138Â 195Â 727,1.0
1017249,201900058780,11,30,16:50,2,2,3,1.0,6.0,75111,QUAI DE JEMMAPES,M,"48,8688009","2,3676269",75,2019,30.0,1.0,1.0,4.0,2275041,10.0,3,4,1,9.0,,4.0,3,1941.0,A01,138Â 195Â 726,0.0,-1.0,-1.0,1736428,1.0,30,,0.0,1.0,1.0,A01,138Â 195Â 726,1.0
1017249,201900058780,11,30,16:50,2,2,3,1.0,6.0,75111,QUAI DE JEMMAPES,M,"48,8688009","2,3676269",75,2019,30.0,1.0,1.0,4.0,2275042,1.0,1,1,1,5.0,,0.0,0,1998.0,A01,138Â 195Â 726,2.0,6.0,-1.0,1736428,1.0,30,,0.0,1.0,1.0,A01,138Â 195Â 726,1.0
1017250,201900058781,11,29,11:53,1,2,3,2.0,6.0,75107,AVENUE DE SUFFREN,M,"48,8569200","2,2919530",75,2019,30.0,1.0,2.0,4.0,2275043,1.0,1,3,1,0.0,,0.0,0,1983.0,A01,138Â 195Â 724,2.0,6.0,-1.0,1736429,2.0,43,,0.0,2.0,1.0,A01,138Â 195Â 724,1.0
1017250,201900058781,11,29,11:53,1,2,3,2.0,6.0,75107,AVENUE DE SUFFREN,M,"48,8569200","2,2919530",75,2019,30.0,1.0,2.0,4.0,2275043,1.0,1,3,1,0.0,,0.0,0,1983.0,A01,138Â 195Â 724,2.0,6.0,-1.0,1736430,1.0,7,,0.0,2.0,3.0,B01,138Â 195Â 725,1.0
1017250,201900058781,11,29,11:53,1,2,3,2.0,6.0,75107,AVENUE DE SUFFREN,M,"48,8569200","2,2919530",75,2019,30.0,1.0,2.0,4.0,2275044,10.0,3,4,1,0.0,,2.0,3,1948.0,A01,138Â 195Â 724,0.0,-1.0,-1.0,1736429,2.0,43,,0.0,2.0,1.0,A01,138Â 195Â 724,1.0
1017250,201900058781,11,29,11:53,1,2,3,2.0,6.0,75107,AVENUE DE SUFFREN,M,"48,8569200","2,2919530",75,2019,30.0,1.0,2.0,4.0,2275044,10.0,3,4,1,0.0,,2.0,3,1948.0,A01,138Â 195Â 724,0.0,-1.0,-1.0,1736430,1.0,7,,0.0,2.0,3.0,B01,138Â 195Â 725,1.0
1017250,201900058781,11,29,11:53,1,2,3,2.0,6.0,75107,AVENUE DE SUFFREN,M,"48,8569200","2,2919530",75,2019,30.0,1.0,2.0,4.0,2275045,1.0,1,1,1,0.0,,0.0,0,1981.0,B01,138Â 195Â 725,1.0,0.0,-1.0,1736429,2.0,43,,0.0,2.0,1.0,A01,138Â 195Â 724,1.0
1017250,201900058781,11,29,11:53,1,2,3,2.0,6.0,75107,AVENUE DE SUFFREN,M,"48,8569200","2,2919530",75,2019,30.0,1.0,2.0,4.0,2275045,1.0,1,1,1,0.0,,0.0,0,1981.0,B01,138Â 195Â 725,1.0,0.0,-1.0,1736430,1.0,7,,0.0,2.0,3.0,B01,138Â 195Â 725,1.0
1017251,201900058782,11,30,14:15,1,2,1,1.0,6.0,75104,RUE SAINT ANTOINE,M,"48,8549420","2,3619770",75,2019,50.0,5.0,1.0,4.0,2275046,1.0,1,4,1,3.0,,0.0,0,1950.0,A01,138Â 195Â 723,8.0,2.0,-1.0,1736431,1.0,1,,14.0,0.0,0.0,A01,138Â 195Â 723,5.0
1017252,201900058783,11,30,20:25,5,2,1,1.0,6.0,94041,HIPPOLYTE MARQUES (BD),M,"48,8189127","2,3744895",94,2019,50.0,1.0,1.0,4.0,2275047,10.0,3,4,1,0.0,,2.0,3,1961.0,A01,138Â 195Â 722,8.0,0.0,-1.0,1736432,2.0,7,,0.0,1.0,1.0,A01,138Â 195Â 722,0.0
1017252,201900058783,11,30,20:25,5,2,1,1.0,6.0,94041,HIPPOLYTE MARQUES (BD),M,"48,8189127","2,3744895",94,2019,50.0,1.0,1.0,4.0,2275048,1.0,1,4,1,0.0,,-1.0, -1,1900.0,A01,138Â 195Â 722,8.0,0.0,-1.0,1736432,2.0,7,,0.0,1.0,1.0,A01,138Â 195Â 722,0.0
1017253,201900058784,11,29,21:00,5,2,1,1.0,6.0,93001,JEAN JAURES (AVE)  => 53,M,"48,9019600","2,3900400",93,2019,50.0,5.0,1.0,3.0,2275049,10.0,3,4,1,0.0,,1.0,3,1983.0,A01,138Â 195Â 721,0.0,-1.0,-1.0,1736433,0.0,32,,0.0,1.0,1.0,A01,138Â 195Â 721,0.0
1017254,201900058785,11,30,16:30,5,2,3,1.0,6.0,92050,CLEMENCEAU GEORGES AVENUE NÂ° PAIR,M,"48,8855100","2,2189100",92,2019,50.0,1.0,1.0,3.0,2275050,1.0,1,1,1,5.0,,-1.0,0,1963.0,A01,138Â 195Â 720,1.0,8.0,-1.0,1736434,3.0,7,,0.0,1.0,6.0,A01,138Â 195Â 720,2.0
1017254,201900058785,11,30,16:30,5,2,3,1.0,6.0,92050,CLEMENCEAU GEORGES AVENUE NÂ° PAIR,M,"48,8855100","2,2189100",92,2019,50.0,1.0,1.0,3.0,2275051,10.0,3,4,2,0.0,,4.0,3,1967.0,A01,138Â 195Â 720,8.0,0.0,-1.0,1736434,3.0,7,,0.0,1.0,6.0,A01,138Â 195Â 720,2.0
1017255,201900058786,11,30,21:10,5,2,3,1.0,2.0,92023,PRESIDENT ROOSEVELT (RUE DU) NÂ°2 A 26,M,"48,8041700","2,2580600",92,2019,50.0,1.0,1.0,4.0,2275052,1.0,1,1,1,5.0,,-1.0, -1,1998.0,A01,138Â 195Â 718,1.0,8.0,-1.0,1736435,1.0,7,,0.0,2.0,1.0,A01,138Â 195Â 718,1.0
1017255,201900058786,11,30,21:10,5,2,3,1.0,2.0,92023,PRESIDENT ROOSEVELT (RUE DU) NÂ°2 A 26,M,"48,8041700","2,2580600",92,2019,50.0,1.0,1.0,4.0,2275052,1.0,1,1,1,5.0,,-1.0, -1,1998.0,A01,138Â 195Â 718,1.0,8.0,-1.0,1736436,1.0,7,,14.0,0.0,4.0,B01,138Â 195Â 719,1.0
1017255,201900058786,11,30,21:10,5,2,3,1.0,2.0,92023,PRESIDENT ROOSEVELT (RUE DU) NÂ°2 A 26,M,"48,8041700","2,2580600",92,2019,50.0,1.0,1.0,4.0,2275053,1.0,1,4,1,5.0,,-1.0, -1,1980.0,B01,138Â 195Â 719,1.0,8.0,-1.0,1736435,1.0,7,,0.0,2.0,1.0,A01,138Â 195Â 718,1.0
1017255,201900058786,11,30,21:10,5,2,3,1.0,2.0,92023,PRESIDENT ROOSEVELT (RUE DU) NÂ°2 A 26,M,"48,8041700","2,2580600",92,2019,50.0,1.0,1.0,4.0,2275053,1.0,1,4,1,5.0,,-1.0, -1,1980.0,B01,138Â 195Â 719,1.0,8.0,-1.0,1736436,1.0,7,,14.0,0.0,4.0,B01,138Â 195Â 719,1.0
1017255,201900058786,11,30,21:10,5,2,3,1.0,2.0,92023,PRESIDENT ROOSEVELT (RUE DU) NÂ°2 A 26,M,"48,8041700","2,2580600",92,2019,50.0,1.0,1.0,4.0,2275054,2.0,2,4,2,5.0,,-1.0, -1,1982.0,B01,138Â 195Â 719,1.0,8.0,-1.0,1736435,1.0,7,,0.0,2.0,1.0,A01,138Â 195Â 718,1.0
1017255,201900058786,11,30,21:10,5,2,3,1.0,2.0,92023,PRESIDENT ROOSEVELT (RUE DU) NÂ°2 A 26,M,"48,8041700","2,2580600",92,2019,50.0,1.0,1.0,4.0,2275054,2.0,2,4,2,5.0,,-1.0, -1,1982.0,B01,138Â 195Â 719,1.0,8.0,-1.0,1736436,1.0,7,,14.0,0.0,4.0,B01,138Â 195Â 719,1.0
1017256,201900058787,11,29,15:55,1,1,3,8.0,3.0,54456,D83,M,"48,6989870","6,3521660",54,2019,80.0,1.0,2.0,3.0,2275055,1.0,1,4,1,0.0,,0.0,0,1993.0,A01,138Â 195Â 716,1.0,-1.0,-1.0,1736437,3.0,7,,0.0,2.0,3.0,A01,138Â 195Â 716,1.0
1017256,201900058787,11,29,15:55,1,1,3,8.0,3.0,54456,D83,M,"48,6989870","6,3521660",54,2019,80.0,1.0,2.0,3.0,2275055,1.0,1,4,1,0.0,,0.0,0,1993.0,A01,138Â 195Â 716,1.0,-1.0,-1.0,1736438,2.0,7,,0.0,2.0,2.0,B01,138Â 195Â 717,1.0
1017256,201900058787,11,29,15:55,1,1,3,8.0,3.0,54456,D83,M,"48,6989870","6,3521660",54,2019,80.0,1.0,2.0,3.0,2275056,1.0,1,1,1,1.0,,0.0,0,1971.0,B01,138Â 195Â 717,1.0,-1.0,-1.0,1736437,3.0,7,,0.0,2.0,3.0,A01,138Â 195Â 716,1.0
1017256,201900058787,11,29,15:55,1,1,3,8.0,3.0,54456,D83,M,"48,6989870","6,3521660",54,2019,80.0,1.0,2.0,3.0,2275056,1.0,1,1,1,1.0,,0.0,0,1971.0,B01,138Â 195Â 717,1.0,-1.0,-1.0,1736438,2.0,7,,0.0,2.0,2.0,B01,138Â 195Â 717,1.0
1017257,201900058788,12,1,17:00,2,1,1,1.0,6.0,16012,D24,M,"45,6294050"," -0,2620850",16,2019,80.0,3.0,1.0,3.0,2275057,1.0,1,2,1,5.0,,0.0,0,1968.0,A01,138Â 195Â 715,2.0,6.0,-1.0,1736439,1.0,33,,7.0,0.0,1.0,A01,138Â 195Â 715,1.0
1017257,201900058788,12,1,17:00,2,1,1,1.0,6.0,16012,D24,M,"45,6294050"," -0,2620850",16,2019,80.0,3.0,1.0,3.0,2275058,2.0,2,3,2,5.0,,0.0,0,1964.0,A01,138Â 195Â 715,2.0,6.0,-1.0,1736439,1.0,33,,7.0,0.0,1.0,A01,138Â 195Â 715,1.0
1017258,201900058789,11,29,17:42,2,2,1,2.0,7.0,42070,Rue de Roanne,M,"45,9475440","4,0605470",42,2019,50.0,1.0,2.0,3.0,2275059,1.0,1,3,1,5.0,,0.0,0,2002.0,A01,138Â 195Â 714,2.0,6.0,-1.0,1736440,1.0,31,,13.0,0.0,0.0,A01,138Â 195Â 714,1.0
1017259,201900058790,12,1,14:05,1,1,1,1.0,6.0,97422,D36,M," -21,2954230","55,5301700",974,2019,90.0,3.0,1.0,3.0,2275060,1.0,1,1,1,9.0,,0.0,0,1993.0,A01,138Â 195Â 713,1.0,0.0,0.0,1736441,2.0,7,,8.0,1.0,0.0,A01,138Â 195Â 713,1.0
1017259,201900058790,12,1,14:05,1,1,1,1.0,6.0,97422,D36,M," -21,2954230","55,5301700",974,2019,90.0,3.0,1.0,3.0,2275061,2.0,2,1,1,9.0,,0.0,0,1990.0,A01,138Â 195Â 713,1.0,0.0,0.0,1736441,2.0,7,,8.0,1.0,0.0,A01,138Â 195Â 713,1.0
1017259,201900058790,12,1,14:05,1,1,1,1.0,6.0,97422,D36,M," -21,2954230","55,5301700",974,2019,90.0,3.0,1.0,3.0,2275062,10.0,3,2,1,5.0,,6.0,1,2011.0,A01,138Â 195Â 713,0.0,-1.0,-1.0,1736441,2.0,7,,8.0,1.0,0.0,A01,138Â 195Â 713,1.0
1017260,201900058791,11,30,01:00,3,1,1,5.0,6.0,35124,n137,M,"47,7184074"," -1,7089210",35,2019,110.0,3.0,2.0,2.0,2275063,1.0,1,3,1,0.0,,0.0,0,1990.0,A01,138Â 195Â 712,8.0,-1.0,-1.0,1736442,1.0,7,,2.0,0.0,3.0,A01,138Â 195Â 712,1.0
1017260,201900058791,11,30,01:00,3,1,1,5.0,6.0,35124,n137,M,"47,7184074"," -1,7089210",35,2019,110.0,3.0,2.0,2.0,2275064,2.0,2,3,1,0.0,,0.0,0,1985.0,A01,138Â 195Â 712,8.0,-1.0,-1.0,1736442,1.0,7,,2.0,0.0,3.0,A01,138Â 195Â 712,1.0
1017261,201900058792,11,30,07:50,1,2,2,1.0,3.0,97414,Rue de l'Embarcadere,M," -21,2894700","55,4057360",974,2019,50.0,1.0,1.0,9.0,2275065,1.0,1,1,1,9.0,,0.0,0,1963.0,A01,138Â 195Â 710,1.0,-1.0,-1.0,1736443,0.0,7,,0.0,2.0,7.0,A01,138Â 195Â 710,0.0
1017261,201900058792,11,30,07:50,1,2,2,1.0,3.0,97414,Rue de l'Embarcadere,M," -21,2894700","55,4057360",974,2019,50.0,1.0,1.0,9.0,2275065,1.0,1,1,1,9.0,,0.0,0,1963.0,A01,138Â 195Â 710,1.0,-1.0,-1.0,1736444,0.0,7,,0.0,2.0,1.0,B01,138Â 195Â 711,0.0
1017261,201900058792,11,30,07:50,1,2,2,1.0,3.0,97414,Rue de l'Embarcadere,M," -21,2894700","55,4057360",974,2019,50.0,1.0,1.0,9.0,2275066,2.0,2,3,2,9.0,,0.0,0,1961.0,A01,138Â 195Â 710,1.0,-1.0,-1.0,1736443,0.0,7,,0.0,2.0,7.0,A01,138Â 195Â 710,0.0
1017261,201900058792,11,30,07:50,1,2,2,1.0,3.0,97414,Rue de l'Embarcadere,M," -21,2894700","55,4057360",974,2019,50.0,1.0,1.0,9.0,2275066,2.0,2,3,2,9.0,,0.0,0,1961.0,A01,138Â 195Â 710,1.0,-1.0,-1.0,1736444,0.0,7,,0.0,2.0,1.0,B01,138Â 195Â 711,0.0
1017261,201900058792,11,30,07:50,1,2,2,1.0,3.0,97414,Rue de l'Embarcadere,M," -21,2894700","55,4057360",974,2019,50.0,1.0,1.0,9.0,2275067,1.0,1,1,1,5.0,,0.0,0,1965.0,B01,138Â 195Â 711,1.0,-1.0,-1.0,1736443,0.0,7,,0.0,2.0,7.0,A01,138Â 195Â 710,0.0
1017261,201900058792,11,30,07:50,1,2,2,1.0,3.0,97414,Rue de l'Embarcadere,M," -21,2894700","55,4057360",974,2019,50.0,1.0,1.0,9.0,2275067,1.0,1,1,1,5.0,,0.0,0,1965.0,B01,138Â 195Â 711,1.0,-1.0,-1.0,1736444,0.0,7,,0.0,2.0,1.0,B01,138Â 195Â 711,0.0
1017262,201900058793,12,1,03:00,4,1,1,2.0,6.0,38194,D1085,M,"45,3655560","5,4200710",38,2019,80.0,1.0,2.0,3.0,2275068,1.0,1,3,1,0.0,,0.0,0,1990.0,A01,138Â 195Â 709,8.0,-1.0,-1.0,1736445,1.0,7,,4.0,0.0,3.0,A01,138Â 195Â 709,1.0
1017263,201900058794,11,26,14:00,1,1,2,1.0,1.0,30282,D6,M,"44,1353870","4,4747940",30,2019,80.0,1.0,1.0,3.0,2275069,1.0,1,3,1,9.0,,0.0,0,1958.0,A01,138Â 195Â 707,1.0,-1.0,-1.0,1736446,2.0,7,,0.0,2.0,3.0,A01,138Â 195Â 707,1.0
1017263,201900058794,11,26,14:00,1,1,2,1.0,1.0,30282,D6,M,"44,1353870","4,4747940",30,2019,80.0,1.0,1.0,3.0,2275069,1.0,1,3,1,9.0,,0.0,0,1958.0,A01,138Â 195Â 707,1.0,-1.0,-1.0,1736447,0.0,14,,0.0,2.0,2.0,B01,138Â 195Â 708,1.0
1017263,201900058794,11,26,14:00,1,1,2,1.0,1.0,30282,D6,M,"44,1353870","4,4747940",30,2019,80.0,1.0,1.0,3.0,2275070,1.0,1,1,1,0.0,,0.0,0,1931.0,B01,138Â 195Â 708,1.0,-1.0,-1.0,1736446,2.0,7,,0.0,2.0,3.0,A01,138Â 195Â 707,1.0
1017263,201900058794,11,26,14:00,1,1,2,1.0,1.0,30282,D6,M,"44,1353870","4,4747940",30,2019,80.0,1.0,1.0,3.0,2275070,1.0,1,1,1,0.0,,0.0,0,1931.0,B01,138Â 195Â 708,1.0,-1.0,-1.0,1736447,0.0,14,,0.0,2.0,2.0,B01,138Â 195Â 708,1.0
1017264,201900058795,12,1,08:10,2,1,1,2.0,1.0,57287,Rue Pierre et Marie Curie,M,"49,3762210","6,2308090",57,2019,70.0,1.0,2.0,3.0,2275071,1.0,1,3,2,5.0,,0.0,0,1995.0,B01,138Â 195Â 705,1.0,-1.0,-1.0,1736448,1.0,7,,0.0,2.0,1.0,B01,138Â 195Â 705,0.0
1017264,201900058795,12,1,08:10,2,1,1,2.0,1.0,57287,Rue Pierre et Marie Curie,M,"49,3762210","6,2308090",57,2019,70.0,1.0,2.0,3.0,2275071,1.0,1,3,2,5.0,,0.0,0,1995.0,B01,138Â 195Â 705,1.0,-1.0,-1.0,1736449,2.0,7,,0.0,2.0,1.0,A01,138Â 195Â 706,0.0
1017264,201900058795,12,1,08:10,2,1,1,2.0,1.0,57287,Rue Pierre et Marie Curie,M,"49,3762210","6,2308090",57,2019,70.0,1.0,2.0,3.0,2275072,1.0,1,3,1,5.0,,0.0,0,1991.0,A01,138Â 195Â 706,0.0,-1.0,-1.0,1736448,1.0,7,,0.0,2.0,1.0,B01,138Â 195Â 705,0.0
1017264,201900058795,12,1,08:10,2,1,1,2.0,1.0,57287,Rue Pierre et Marie Curie,M,"49,3762210","6,2308090",57,2019,70.0,1.0,2.0,3.0,2275072,1.0,1,3,1,5.0,,0.0,0,1991.0,A01,138Â 195Â 706,0.0,-1.0,-1.0,1736449,2.0,7,,0.0,2.0,1.0,A01,138Â 195Â 706,0.0
1017265,201900058796,12,1,16:00,1,1,1,2.0,1.0,57577,D620,M,"49,0437980","7,4089880",57,2019,80.0,1.0,2.0,3.0,2275073,1.0,1,3,1,5.0,,0.0,0,1996.0,B01,138Â 195Â 703,1.0,-1.0,-1.0,1736450,2.0,7,,3.0,0.0,2.0,B01,138Â 195Â 703,1.0
1017265,201900058796,12,1,16:00,1,1,1,2.0,1.0,57577,D620,M,"49,0437980","7,4089880",57,2019,80.0,1.0,2.0,3.0,2275073,1.0,1,3,1,5.0,,0.0,0,1996.0,B01,138Â 195Â 703,1.0,-1.0,-1.0,1736451,1.0,7,,0.0,0.0,2.0,A01,138Â 195Â 704,1.0
1017265,201900058796,12,1,16:00,1,1,1,2.0,1.0,57577,D620,M,"49,0437980","7,4089880",57,2019,80.0,1.0,2.0,3.0,2275074,1.0,1,4,1,5.0,,0.0,0,1951.0,A01,138Â 195Â 704,1.0,-1.0,-1.0,1736450,2.0,7,,3.0,0.0,2.0,B01,138Â 195Â 703,1.0
1017265,201900058796,12,1,16:00,1,1,1,2.0,1.0,57577,D620,M,"49,0437980","7,4089880",57,2019,80.0,1.0,2.0,3.0,2275074,1.0,1,4,1,5.0,,0.0,0,1951.0,A01,138Â 195Â 704,1.0,-1.0,-1.0,1736451,1.0,7,,0.0,0.0,2.0,A01,138Â 195Â 704,1.0
1017266,201900058797,11,29,19:30,5,2,1,3.0,6.0,74236,Avenue de GenÃ¨ve,M,"45,9050500","6,7003950",74,2019,50.0,1.0,2.0,3.0,2275075,1.0,1,1,1,5.0,,0.0,0,1986.0,A01,138Â 195Â 702,1.0,-1.0,-1.0,1736452,1.0,7,,0.0,1.0,2.0,A01,138Â 195Â 702,1.0
1017266,201900058797,11,29,19:30,5,2,1,3.0,6.0,74236,Avenue de GenÃ¨ve,M,"45,9050500","6,7003950",74,2019,50.0,1.0,2.0,3.0,2275076,10.0,3,4,2,5.0,,3.0,3,1964.0,A01,138Â 195Â 702,0.0,-1.0,-1.0,1736452,1.0,7,,0.0,1.0,2.0,A01,138Â 195Â 702,1.0
1017267,201900058798,11,30,20:30,3,1,1,1.0,6.0,80525,D498,M,"49,7684280","1,8857050",80,2019,-1.0,3.0,1.0,3.0,2275077,9.0,2,1,1,5.0,,0.0,0,2000.0,A01,138Â 195Â 701,1.0,-1.0,-1.0,1736453,3.0,7,,2.0,0.0,1.0,A01,138Â 195Â 701,1.0
1017267,201900058798,11,30,20:30,3,1,1,1.0,6.0,80525,D498,M,"49,7684280","1,8857050",80,2019,-1.0,3.0,1.0,3.0,2275078,2.0,2,3,1,5.0,,0.0,0,1999.0,A01,138Â 195Â 701,1.0,-1.0,-1.0,1736453,3.0,7,,2.0,0.0,1.0,A01,138Â 195Â 701,1.0
1017267,201900058798,11,30,20:30,3,1,1,1.0,6.0,80525,D498,M,"49,7684280","1,8857050",80,2019,-1.0,3.0,1.0,3.0,2275079,1.0,1,4,1,5.0,,0.0,0,1997.0,A01,138Â 195Â 701,1.0,-1.0,-1.0,1736453,3.0,7,,2.0,0.0,1.0,A01,138Â 195Â 701,1.0
1017268,201900058799,11,30,22:15,5,2,2,1.0,1.0,80606,intersection RD25 / RD 936,M,"49,9556690","1,7635460",80,2019,50.0,1.0,1.0,3.0,2275080,1.0,1,1,1,5.0,,0.0,0,1998.0,A01,138Â 195Â 699,1.0,-1.0,-1.0,1736454,0.0,7,,0.0,2.0,2.0,A01,138Â 195Â 699,1.0
1017268,201900058799,11,30,22:15,5,2,2,1.0,1.0,80606,intersection RD25 / RD 936,M,"49,9556690","1,7635460",80,2019,50.0,1.0,1.0,3.0,2275080,1.0,1,1,1,5.0,,0.0,0,1998.0,A01,138Â 195Â 699,1.0,-1.0,-1.0,1736455,0.0,2,,0.0,2.0,8.0,B01,138Â 195Â 700,1.0
1017268,201900058799,11,30,22:15,5,2,2,1.0,1.0,80606,intersection RD25 / RD 936,M,"49,9556690","1,7635460",80,2019,50.0,1.0,1.0,3.0,2275081,1.0,1,3,1,1.0,,0.0,0,2003.0,B01,138Â 195Â 700,2.0,-1.0,-1.0,1736454,0.0,7,,0.0,2.0,2.0,A01,138Â 195Â 699,1.0
1017268,201900058799,11,30,22:15,5,2,2,1.0,1.0,80606,intersection RD25 / RD 936,M,"49,9556690","1,7635460",80,2019,50.0,1.0,1.0,3.0,2275081,1.0,1,3,1,1.0,,0.0,0,2003.0,B01,138Â 195Â 700,2.0,-1.0,-1.0,1736455,0.0,2,,0.0,2.0,8.0,B01,138Â 195Â 700,1.0
1017269,201900058800,11,30,04:40,3,1,1,5.0,6.0,11018,CD 119,M,"43,2102210","2,1910700",11,2019,80.0,3.0,2.0,3.0,2275082,1.0,1,3,1,5.0,,0.0,0,1998.0,A01,138Â 195Â 698,1.0,-1.0,-1.0,1736456,1.0,7,,2.0,0.0,1.0,A01,138Â 195Â 698,1.0
1017269,201900058800,11,30,04:40,3,1,1,5.0,6.0,11018,CD 119,M,"43,2102210","2,1910700",11,2019,80.0,3.0,2.0,3.0,2275083,2.0,2,4,1,5.0,,0.0,0,2003.0,A01,138Â 195Â 698,1.0,-1.0,-1.0,1736456,1.0,7,,2.0,0.0,1.0,A01,138Â 195Â 698,1.0
1017270,201900058801,11,30,12:30,1,1,2,1.0,1.0,89347,D944,M,"47,4200490","3,8907150",89,2019,80.0,1.0,1.0,3.0,2275084,2.0,2,1,1,5.0,,0.0,0,1939.0,B01,138Â 195Â 696,1.0,-1.0,-1.0,1736457,3.0,7,,0.0,2.0,1.0,B01,138Â 195Â 696,1.0
1017270,201900058801,11,30,12:30,1,1,2,1.0,1.0,89347,D944,M,"47,4200490","3,8907150",89,2019,80.0,1.0,1.0,3.0,2275084,2.0,2,1,1,5.0,,0.0,0,1939.0,B01,138Â 195Â 696,1.0,-1.0,-1.0,1736458,3.0,7,,0.0,2.0,2.0,A01,138Â 195Â 697,1.0
1017270,201900058801,11,30,12:30,1,1,2,1.0,1.0,89347,D944,M,"47,4200490","3,8907150",89,2019,80.0,1.0,1.0,3.0,2275085,1.0,1,3,1,3.0,,0.0,0,1942.0,B01,138Â 195Â 696,1.0,-1.0,-1.0,1736457,3.0,7,,0.0,2.0,1.0,B01,138Â 195Â 696,1.0
1017270,201900058801,11,30,12:30,1,1,2,1.0,1.0,89347,D944,M,"47,4200490","3,8907150",89,2019,80.0,1.0,1.0,3.0,2275085,1.0,1,3,1,3.0,,0.0,0,1942.0,B01,138Â 195Â 696,1.0,-1.0,-1.0,1736458,3.0,7,,0.0,2.0,2.0,A01,138Â 195Â 697,1.0
1017270,201900058801,11,30,12:30,1,1,2,1.0,1.0,89347,D944,M,"47,4200490","3,8907150",89,2019,80.0,1.0,1.0,3.0,2275086,1.0,1,1,1,5.0,,0.0,0,1979.0,A01,138Â 195Â 697,1.0,-1.0,-1.0,1736457,3.0,7,,0.0,2.0,1.0,B01,138Â 195Â 696,1.0
1017270,201900058801,11,30,12:30,1,1,2,1.0,1.0,89347,D944,M,"47,4200490","3,8907150",89,2019,80.0,1.0,1.0,3.0,2275086,1.0,1,1,1,5.0,,0.0,0,1979.0,A01,138Â 195Â 697,1.0,-1.0,-1.0,1736458,3.0,7,,0.0,2.0,2.0,A01,138Â 195Â 697,1.0
1017271,201900058802,12,1,04:10,3,1,1,3.0,7.0,63457,D225,M,"45,6491030","3,2199250",63,2019,80.0,3.0,2.0,3.0,2275087,1.0,1,3,1,5.0,,0.0,0,1999.0,A01,138Â 195Â 695,1.0,-1.0,-1.0,1736459,2.0,7,,6.0,0.0,6.0,A01,138Â 195Â 695,1.0
1017272,201900058803,11,30,18:50,3,1,1,1.0,1.0,61374,D911,M,"48,7555460"," -0,8177650",61,2019,70.0,1.0,1.0,3.0,2275088,2.0,2,2,2,5.0,,0.0,0,1964.0,B01,138Â 195Â 693,1.0,-1.0,-1.0,1736460,1.0,7,,0.0,2.0,2.0,B01,138Â 195Â 693,1.0
1017272,201900058803,11,30,18:50,3,1,1,1.0,1.0,61374,D911,M,"48,7555460"," -0,8177650",61,2019,70.0,1.0,1.0,3.0,2275088,2.0,2,2,2,5.0,,0.0,0,1964.0,B01,138Â 195Â 693,1.0,-1.0,-1.0,1736461,2.0,17,,0.0,2.0,3.0,A01,138Â 195Â 694,1.0
1017272,201900058803,11,30,18:50,3,1,1,1.0,1.0,61374,D911,M,"48,7555460"," -0,8177650",61,2019,70.0,1.0,1.0,3.0,2275089,1.0,1,3,1,5.0,,0.0,0,1970.0,B01,138Â 195Â 693,1.0,-1.0,-1.0,1736460,1.0,7,,0.0,2.0,2.0,B01,138Â 195Â 693,1.0
1017272,201900058803,11,30,18:50,3,1,1,1.0,1.0,61374,D911,M,"48,7555460"," -0,8177650",61,2019,70.0,1.0,1.0,3.0,2275089,1.0,1,3,1,5.0,,0.0,0,1970.0,B01,138Â 195Â 693,1.0,-1.0,-1.0,1736461,2.0,17,,0.0,2.0,3.0,A01,138Â 195Â 694,1.0
1017272,201900058803,11,30,18:50,3,1,1,1.0,1.0,61374,D911,M,"48,7555460"," -0,8177650",61,2019,70.0,1.0,1.0,3.0,2275090,1.0,1,4,1,4.0,,0.0,0,1971.0,A01,138Â 195Â 694,1.0,-1.0,-1.0,1736460,1.0,7,,0.0,2.0,2.0,B01,138Â 195Â 693,1.0