Unnamed: 0_x,num_acc,mois,jour,hrmn,lum,agg,int,atm,col,com,adr,gps,lat,long,dep,annee,vma,situ,surf,catr,Unnamed: 0_y,place,catu,grav,sexe,trajet,secu,locp,actp,an_nais,num_veh_x,id_vehicule_x,secu1,secu2,secu3,Unnamed: 0,senc,catv,occutc,obs,obsm,choc,num_veh_y,id_vehicule_y,motor
1017272,201900058803,11,30,18:50,3,1,1,1.0,1.0,61374,D911,M,"48,7555460"," -0,8177650",61,2019,70.0,1.0,1.0,3.0,2275090,1.0,1,4,1,4.0,,0.0,0,1971.0,A01,138Â 195Â 694,1.0,-1.0,-1.0,1736461,2.0,17,,0.0,2.0,3.0,A01,138Â 195Â 694,1.0
1017273,201900058804,12,1,02:55,3,1,1,2.0,6.0,46227,D911,M,"44,3844420","1,8203660",46,2019,80.0,3.0,2.0,3.0,2275091,1.0,1,3,1,5.0,,0.0,0,1993.0,A01,138Â 195Â 692,8.0,-1.0,-1.0,1736462,2.0,7,,13.0,0.0,3.0,A01,138Â 195Â 692,1.0
1017274,201900058805,11,30,12:20,1,1,1,1.0,1.0,25522,RD 236 25210,M,"47,2205880","6,7350540",25,2019,80.0,1.0,1.0,4.0,2275092,1.0,1,3,2,0.0,,0.0,0,1938.0,B01,138Â 195Â 690,1.0,-1.0,-1.0,1736463,3.0,7,,0.0,2.0,3.0,B01,138Â 195Â 690,1.0
1017274,201900058805,11,30,12:20,1,1,1,1.0,1.0,25522,RD 236 25210,M,"47,2205880","6,7350540",25,2019,80.0,1.0,1.0,4.0,2275092,1.0,1,3,2,0.0,,0.0,0,1938.0,B01,138Â 195Â 690,1.0,-1.0,-1.0,1736464,3.0,7,,0.0,2.0,3.0,A01,138Â 195Â 691,1.0
1017274,201900058805,11,30,12:20,1,1,1,1.0,1.0,25522,RD 236 25210,M,"47,2205880","6,7350540",25,2019,80.0,1.0,1.0,4.0,2275093,1.0,1,1,2,0.0,,0.0,0,1988.0,A01,138Â 195Â 691,1.0,-1.0,-1.0,1736463,3.0,7,,0.0,2.0,3.0,B01,138Â 195Â 690,1.0
1017274,201900058805,11,30,12:20,1,1,1,1.0,1.0,25522,RD 236 25210,M,"47,2205880","6,7350540",25,2019,80.0,1.0,1.0,4.0,2275093,1.0,1,1,2,0.0,,0.0,0,1988.0,A01,138Â 195Â 691,1.0,-1.0,-1.0,1736464,3.0,7,,0.0,2.0,3.0,A01,138Â 195Â 691,1.0
1017275,201900058806,11,29,12:15,1,1,1,1.0,7.0,44217,La Chouametrie,M,"47,3091256"," -1,6817760",44,2019,80.0,1.0,1.0,3.0,2275094,1.0,1,3,1,5.0,,0.0,0,1991.0,A01,138Â 195Â 689,1.0,-1.0,-1.0,1736465,1.0,7,,0.0,0.0,0.0,A01,138Â 195Â 689,0.0
1017276,201900058807,12,1,13:30,1,1,1,4.0,6.0,02126,D5,M,"49,7826770","4,1795840",2,2019,70.0,3.0,2.0,3.0,2275095,9.0,2,4,2,5.0,,0.0,0,2010.0,A01,138Â 195Â 687,0.0,-1.0,-1.0,1736466,2.0,7,,2.0,0.0,1.0,A01,138Â 195Â 687,1.0
1017276,201900058807,12,1,13:30,1,1,1,4.0,6.0,02126,D5,M,"49,7826770","4,1795840",2,2019,70.0,3.0,2.0,3.0,2275096,2.0,2,4,2,5.0,,0.0,0,1990.0,A01,138Â 195Â 687,1.0,5.0,-1.0,1736466,2.0,7,,2.0,0.0,1.0,A01,138Â 195Â 687,1.0
1017276,201900058807,12,1,13:30,1,1,1,4.0,6.0,02126,D5,M,"49,7826770","4,1795840",2,2019,70.0,3.0,2.0,3.0,2275097,1.0,1,1,1,5.0,,0.0,0,1982.0,A01,138Â 195Â 687,5.0,1.0,-1.0,1736466,2.0,7,,2.0,0.0,1.0,A01,138Â 195Â 687,1.0
1017276,201900058807,12,1,13:30,1,1,1,4.0,6.0,02126,D5,M,"49,7826770","4,1795840",2,2019,70.0,3.0,2.0,3.0,2275098,7.0,2,3,2,5.0,,0.0,0,2006.0,A01,138Â 195Â 687,0.0,-1.0,-1.0,1736466,2.0,7,,2.0,0.0,1.0,A01,138Â 195Â 687,1.0
1017277,201900058808,12,1,11:00,1,1,1,1.0,6.0,15154,D8,M,"44,9353880","2,5741280",15,2019,80.0,8.0,1.0,3.0,2275099,1.0,1,4,1,5.0,,0.0,0,1997.0,A01,138Â 195Â 686,8.0,-1.0,-1.0,1736467,1.0,10,,2.0,0.0,9.0,A01,138Â 195Â 686,1.0
1017278,201900058809,12,1,04:00,3,1,1,1.0,6.0,15163,D617,M,"44,8514510","2,3904980",15,2019,80.0,8.0,1.0,3.0,2275100,1.0,1,3,2,5.0,,0.0,0,1988.0,A01,138Â 195Â 685,5.0,-1.0,-1.0,1736468,1.0,7,,2.0,0.0,1.0,A01,138Â 195Â 685,1.0
1017279,201900058810,12,1,01:10,3,2,1,5.0,6.0,54548,D4,M,"48,5501900","5,7676290",54,2019,50.0,3.0,2.0,3.0,2275101,2.0,2,4,1,5.0,,0.0,0,2003.0,A01,138Â 195Â 684,8.0,-1.0,-1.0,1736469,1.0,7,,8.0,0.0,1.0,A01,138Â 195Â 684,1.0
1017279,201900058810,12,1,01:10,3,2,1,5.0,6.0,54548,D4,M,"48,5501900","5,7676290",54,2019,50.0,3.0,2.0,3.0,2275102,1.0,1,3,1,5.0,,0.0,0,2000.0,A01,138Â 195Â 684,8.0,-1.0,-1.0,1736469,1.0,7,,8.0,0.0,1.0,A01,138Â 195Â 684,1.0
1017279,201900058810,12,1,01:10,3,2,1,5.0,6.0,54548,D4,M,"48,5501900","5,7676290",54,2019,50.0,3.0,2.0,3.0,2275103,7.0,2,3,1,5.0,,0.0,0,2003.0,A01,138Â 195Â 684,8.0,-1.0,-1.0,1736469,1.0,7,,8.0,0.0,1.0,A01,138Â 195Â 684,1.0
1017280,201900058811,11,30,13:40,1,1,1,1.0,5.0,05045,N94,M,"44,5312180","6,4321200",5,2019,80.0,1.0,1.0,2.0,2275104,1.0,1,3,2,0.0,,0.0,0,1942.0,A01,138Â 195Â 681,1.0,-1.0,-1.0,1736470,1.0,7,,0.0,2.0,8.0,A01,138Â 195Â 681,0.0
1017280,201900058811,11,30,13:40,1,1,1,1.0,5.0,05045,N94,M,"44,5312180","6,4321200",5,2019,80.0,1.0,1.0,2.0,2275104,1.0,1,3,2,0.0,,0.0,0,1942.0,A01,138Â 195Â 681,1.0,-1.0,-1.0,1736471,2.0,7,,0.0,0.0,8.0,B01,138Â 195Â 682,0.0
1017280,201900058811,11,30,13:40,1,1,1,1.0,5.0,05045,N94,M,"44,5312180","6,4321200",5,2019,80.0,1.0,1.0,2.0,2275104,1.0,1,3,2,0.0,,0.0,0,1942.0,A01,138Â 195Â 681,1.0,-1.0,-1.0,1736472,1.0,7,,7.0,2.0,2.0,C01,138Â 195Â 683,0.0
1017280,201900058811,11,30,13:40,1,1,1,1.0,5.0,05045,N94,M,"44,5312180","6,4321200",5,2019,80.0,1.0,1.0,2.0,2275105,1.0,1,1,1,0.0,,0.0,0,1933.0,B01,138Â 195Â 682,1.0,-1.0,-1.0,1736470,1.0,7,,0.0,2.0,8.0,A01,138Â 195Â 681,0.0
1017280,201900058811,11,30,13:40,1,1,1,1.0,5.0,05045,N94,M,"44,5312180","6,4321200",5,2019,80.0,1.0,1.0,2.0,2275105,1.0,1,1,1,0.0,,0.0,0,1933.0,B01,138Â 195Â 682,1.0,-1.0,-1.0,1736471,2.0,7,,0.0,0.0,8.0,B01,138Â 195Â 682,0.0
1017280,201900058811,11,30,13:40,1,1,1,1.0,5.0,05045,N94,M,"44,5312180","6,4321200",5,2019,80.0,1.0,1.0,2.0,2275105,1.0,1,1,1,0.0,,0.0,0,1933.0,B01,138Â 195Â 682,1.0,-1.0,-1.0,1736472,1.0,7,,7.0,2.0,2.0,C01,138Â 195Â 683,0.0
1017280,201900058811,11,30,13:40,1,1,1,1.0,5.0,05045,N94,M,"44,5312180","6,4321200",5,2019,80.0,1.0,1.0,2.0,2275106,2.0,2,3,2,0.0,,0.0,0,1969.0,C01,138Â 195Â 683,1.0,-1.0,-1.0,1736470,1.0,7,,0.0,2.0,8.0,A01,138Â 195Â 681,0.0
1017280,201900058811,11,30,13:40,1,1,1,1.0,5.0,05045,N94,M,"44,5312180","6,4321200",5,2019,80.0,1.0,1.0,2.0,2275106,2.0,2,3,2,0.0,,0.0,0,1969.0,C01,138Â 195Â 683,1.0,-1.0,-1.0,1736471,2.0,7,,0.0,0.0,8.0,B01,138Â 195Â 682,0.0
1017280,201900058811,11,30,13:40,1,1,1,1.0,5.0,05045,N94,M,"44,5312180","6,4321200",5,2019,80.0,1.0,1.0,2.0,2275106,2.0,2,3,2,0.0,,0.0,0,1969.0,C01,138Â 195Â 683,1.0,-1.0,-1.0,1736472,1.0,7,,7.0,2.0,2.0,C01,138Â 195Â 683,0.0
1017280,201900058811,11,30,13:40,1,1,1,1.0,5.0,05045,N94,M,"44,5312180","6,4321200",5,2019,80.0,1.0,1.0,2.0,2275107,1.0,1,4,1,0.0,,0.0,0,1971.0,C01,138Â 195Â 683,1.0,-1.0,-1.0,1736470,1.0,7,,0.0,2.0,8.0,A01,138Â 195Â 681,0.0
1017280,201900058811,11,30,13:40,1,1,1,1.0,5.0,05045,N94,M,"44,5312180","6,4321200",5,2019,80.0,1.0,1.0,2.0,2275107,1.0,1,4,1,0.0,,0.0,0,1971.0,C01,138Â 195Â 683,1.0,-1.0,-1.0,1736471,2.0,7,,0.0,0.0,8.0,B01,138Â 195Â 682,0.0
1017280,201900058811,11,30,13:40,1,1,1,1.0,5.0,05045,N94,M,"44,5312180","6,4321200",5,2019,80.0,1.0,1.0,2.0,2275107,1.0,1,4,1,0.0,,0.0,0,1971.0,C01,138Â 195Â 683,1.0,-1.0,-1.0,1736472,1.0,7,,7.0,2.0,2.0,C01,138Â 195Â 683,0.0
1017281,201900058812,12,1,07:15,3,1,1,2.0,6.0,50274,Le Rohardel,M,"48,5329190"," -1,0901170",50,2019,80.0,3.0,2.0,3.0,2275108,1.0,1,4,1,5.0,,0.0,0,2000.0,A01,138Â 195Â 680,1.0,-1.0,-1.0,1736473,1.0,7,,17.0,0.0,1.0,A01,138Â 195Â 680,1.0
1017282,201900058813,11,30,14:30,1,1,1,1.0,7.0,07302,,M,"44,6422740","4,6919680",7,2019,80.0,1.0,2.0,3.0,2275109,1.0,1,3,1,5.0,,0.0,0,1995.0,A01,138Â 195Â 677,2.0,6.0,9.0,1736474,3.0,33,,0.0,0.0,8.0,A01,138Â 195Â 677,1.0
1017283,201900058814,11,29,17:30,2,1,3,1.0,1.0,53039,Les Mees,M,"48,1604020"," -0,9778180",53,2019,80.0,1.0,1.0,3.0,2275110,3.0,2,3,2,5.0,,0.0,0,1933.0,A01,138Â 195Â 675,1.0,-1.0,-1.0,1736475,2.0,7,,0.0,2.0,1.0,A01,138Â 195Â 675,1.0
1017283,201900058814,11,29,17:30,2,1,3,1.0,1.0,53039,Les Mees,M,"48,1604020"," -0,9778180",53,2019,80.0,1.0,1.0,3.0,2275110,3.0,2,3,2,5.0,,0.0,0,1933.0,A01,138Â 195Â 675,1.0,-1.0,-1.0,1736476,1.0,10,,0.0,2.0,2.0,B01,138Â 195Â 676,1.0
1017283,201900058814,11,29,17:30,2,1,3,1.0,1.0,53039,Les Mees,M,"48,1604020"," -0,9778180",53,2019,80.0,1.0,1.0,3.0,2275111,1.0,1,1,2,5.0,,0.0,0,1936.0,A01,138Â 195Â 675,1.0,-1.0,-1.0,1736475,2.0,7,,0.0,2.0,1.0,A01,138Â 195Â 675,1.0
1017283,201900058814,11,29,17:30,2,1,3,1.0,1.0,53039,Les Mees,M,"48,1604020"," -0,9778180",53,2019,80.0,1.0,1.0,3.0,2275111,1.0,1,1,2,5.0,,0.0,0,1936.0,A01,138Â 195Â 675,1.0,-1.0,-1.0,1736476,1.0,10,,0.0,2.0,2.0,B01,138Â 195Â 676,1.0
1017283,201900058814,11,29,17:30,2,1,3,1.0,1.0,53039,Les Mees,M,"48,1604020"," -0,9778180",53,2019,80.0,1.0,1.0,3.0,2275112,2.0,2,1,2,5.0,,0.0,0,1952.0,A01,138Â 195Â 675,1.0,-1.0,-1.0,1736475,2.0,7,,0.0,2.0,1.0,A01,138Â 195Â 675,1.0
1017283,201900058814,11,29,17:30,2,1,3,1.0,1.0,53039,Les Mees,M,"48,1604020"," -0,9778180",53,2019,80.0,1.0,1.0,3.0,2275112,2.0,2,1,2,5.0,,0.0,0,1952.0,A01,138Â 195Â 675,1.0,-1.0,-1.0,1736476,1.0,10,,0.0,2.0,2.0,B01,138Â 195Â 676,1.0
1017283,201900058814,11,29,17:30,2,1,3,1.0,1.0,53039,Les Mees,M,"48,1604020"," -0,9778180",53,2019,80.0,1.0,1.0,3.0,2275113,1.0,1,1,2,4.0,,0.0,0,1984.0,B01,138Â 195Â 676,1.0,-1.0,-1.0,1736475,2.0,7,,0.0,2.0,1.0,A01,138Â 195Â 675,1.0
1017283,201900058814,11,29,17:30,2,1,3,1.0,1.0,53039,Les Mees,M,"48,1604020"," -0,9778180",53,2019,80.0,1.0,1.0,3.0,2275113,1.0,1,1,2,4.0,,0.0,0,1984.0,B01,138Â 195Â 676,1.0,-1.0,-1.0,1736476,1.0,10,,0.0,2.0,2.0,B01,138Â 195Â 676,1.0
1017284,201900058815,11,30,04:30,3,1,1,1.0,6.0,27378,N12,M,"48,7806950","1,1925510",27,2019,90.0,3.0,1.0,2.0,2275114,1.0,1,1,1,4.0,,0.0,0,1965.0,A01,138Â 195Â 674,1.0,-1.0,-1.0,1736477,1.0,10,,0.0,1.0,2.0,A01,138Â 195Â 674,1.0
1017284,201900058815,11,30,04:30,3,1,1,1.0,6.0,27378,N12,M,"48,7806950","1,1925510",27,2019,90.0,3.0,1.0,2.0,2275115,10.0,3,4,1,5.0,,6.0,9,1987.0,A01,138Â 195Â 674,0.0,-1.0,-1.0,1736477,1.0,10,,0.0,1.0,2.0,A01,138Â 195Â 674,1.0
1017285,201900058816,12,1,00:50,3,1,1,3.0,7.0,17063,Breuil-la-RÃ©orte,M,"46,0587310"," -0,6948440",17,2019,-1.0,3.0,2.0,4.0,2275116,2.0,2,2,1,9.0,,0.0,0,2002.0,A01,138Â 195Â 673,0.0,-1.0,-1.0,1736478,3.0,7,,2.0,0.0,2.0,A01,138Â 195Â 673,1.0
1017285,201900058816,12,1,00:50,3,1,1,3.0,7.0,17063,Breuil-la-RÃ©orte,M,"46,0587310"," -0,6948440",17,2019,-1.0,3.0,2.0,4.0,2275117,1.0,1,1,1,9.0,,0.0,0,2002.0,A01,138Â 195Â 673,1.0,-1.0,-1.0,1736478,3.0,7,,2.0,0.0,2.0,A01,138Â 195Â 673,1.0
1017286,201900058817,11,30,08:55,1,1,2,1.0,3.0,37204,La Coliniere,M,"47,5382430","0,6314150",37,2019,80.0,1.0,1.0,3.0,2275118,1.0,1,3,1,5.0,,0.0,0,1977.0,B01,138Â 195Â 671,1.0,-1.0,-1.0,1736479,1.0,7,,0.0,2.0,8.0,B01,138Â 195Â 671,1.0
1017286,201900058817,11,30,08:55,1,1,2,1.0,3.0,37204,La Coliniere,M,"47,5382430","0,6314150",37,2019,80.0,1.0,1.0,3.0,2275118,1.0,1,3,1,5.0,,0.0,0,1977.0,B01,138Â 195Â 671,1.0,-1.0,-1.0,1736480,1.0,7,,0.0,2.0,1.0,A01,138Â 195Â 672,1.0
1017286,201900058817,11,30,08:55,1,1,2,1.0,3.0,37204,La Coliniere,M,"47,5382430","0,6314150",37,2019,80.0,1.0,1.0,3.0,2275119,1.0,1,1,1,5.0,,0.0,0,1992.0,A01,138Â 195Â 672,1.0,-1.0,-1.0,1736479,1.0,7,,0.0,2.0,8.0,B01,138Â 195Â 671,1.0
1017286,201900058817,11,30,08:55,1,1,2,1.0,3.0,37204,La Coliniere,M,"47,5382430","0,6314150",37,2019,80.0,1.0,1.0,3.0,2275119,1.0,1,1,1,5.0,,0.0,0,1992.0,A01,138Â 195Â 672,1.0,-1.0,-1.0,1736480,1.0,7,,0.0,2.0,1.0,A01,138Â 195Â 672,1.0
1017287,201900058818,12,1,17:55,3,1,1,9.0,1.0,31228,A680,M,"43,6760300","1,5989010",31,2019,90.0,1.0,2.0,1.0,2275120,1.0,1,4,2,5.0,,0.0,0,1961.0,A01,138Â 195Â 669,1.0,-1.0,-1.0,1736481,2.0,7,,0.0,2.0,1.0,A01,138Â 195Â 669,1.0
1017287,201900058818,12,1,17:55,3,1,1,9.0,1.0,31228,A680,M,"43,6760300","1,5989010",31,2019,90.0,1.0,2.0,1.0,2275120,1.0,1,4,2,5.0,,0.0,0,1961.0,A01,138Â 195Â 669,1.0,-1.0,-1.0,1736482,1.0,7,,0.0,2.0,1.0,B01,138Â 195Â 670,1.0
1017287,201900058818,12,1,17:55,3,1,1,9.0,1.0,31228,A680,M,"43,6760300","1,5989010",31,2019,90.0,1.0,2.0,1.0,2275121,7.0,2,4,2,5.0,,0.0,0,1989.0,A01,138Â 195Â 669,1.0,-1.0,-1.0,1736481,2.0,7,,0.0,2.0,1.0,A01,138Â 195Â 669,1.0
1017287,201900058818,12,1,17:55,3,1,1,9.0,1.0,31228,A680,M,"43,6760300","1,5989010",31,2019,90.0,1.0,2.0,1.0,2275121,7.0,2,4,2,5.0,,0.0,0,1989.0,A01,138Â 195Â 669,1.0,-1.0,-1.0,1736482,1.0,7,,0.0,2.0,1.0,B01,138Â 195Â 670,1.0
1017287,201900058818,12,1,17:55,3,1,1,9.0,1.0,31228,A680,M,"43,6760300","1,5989010",31,2019,90.0,1.0,2.0,1.0,2275122,2.0,2,3,2,5.0,,0.0,0,1936.0,A01,138Â 195Â 669,1.0,-1.0,-1.0,1736481,2.0,7,,0.0,2.0,1.0,A01,138Â 195Â 669,1.0
1017287,201900058818,12,1,17:55,3,1,1,9.0,1.0,31228,A680,M,"43,6760300","1,5989010",31,2019,90.0,1.0,2.0,1.0,2275122,2.0,2,3,2,5.0,,0.0,0,1936.0,A01,138Â 195Â 669,1.0,-1.0,-1.0,1736482,1.0,7,,0.0,2.0,1.0,B01,138Â 195Â 670,1.0
1017287,201900058818,12,1,17:55,3,1,1,9.0,1.0,31228,A680,M,"43,6760300","1,5989010",31,2019,90.0,1.0,2.0,1.0,2275123,2.0,2,3,2,5.0,,0.0,0,1965.0,B01,138Â 195Â 670,1.0,-1.0,-1.0,1736481,2.0,7,,0.0,2.0,1.0,A01,138Â 195Â 669,1.0
1017287,201900058818,12,1,17:55,3,1,1,9.0,1.0,31228,A680,M,"43,6760300","1,5989010",31,2019,90.0,1.0,2.0,1.0,2275123,2.0,2,3,2,5.0,,0.0,0,1965.0,B01,138Â 195Â 670,1.0,-1.0,-1.0,1736482,1.0,7,,0.0,2.0,1.0,B01,138Â 195Â 670,1.0
1017287,201900058818,12,1,17:55,3,1,1,9.0,1.0,31228,A680,M,"43,6760300","1,5989010",31,2019,90.0,1.0,2.0,1.0,2275124,1.0,1,4,1,5.0,,0.0,0,1965.0,B01,138Â 195Â 670,1.0,-1.0,-1.0,1736481,2.0,7,,0.0,2.0,1.0,A01,138Â 195Â 669,1.0
1017287,201900058818,12,1,17:55,3,1,1,9.0,1.0,31228,A680,M,"43,6760300","1,5989010",31,2019,90.0,1.0,2.0,1.0,2275124,1.0,1,4,1,5.0,,0.0,0,1965.0,B01,138Â 195Â 670,1.0,-1.0,-1.0,1736482,1.0,7,,0.0,2.0,1.0,B01,138Â 195Â 670,1.0
1017288,201900058819,12,1,07:20,1,1,1,1.0,2.0,97309,Route de Degrad des Cannes,M,"4,8705585"," -52,2761919",973,2019,80.0,1.0,1.0,3.0,2275125,1.0,1,2,1,5.0,,0.0,0,2004.0,B01,138Â 195Â 667,0.0,-1.0,-1.0,1736483,1.0,1,,0.0,0.0,4.0,B01,138Â 195Â 667,5.0
1017288,201900058819,12,1,07:20,1,1,1,1.0,2.0,97309,Route de Degrad des Cannes,M,"4,8705585"," -52,2761919",973,2019,80.0,1.0,1.0,3.0,2275125,1.0,1,2,1,5.0,,0.0,0,2004.0,B01,138Â 195Â 667,0.0,-1.0,-1.0,1736484,1.0,7,,0.0,2.0,1.0,A01,138Â 195Â 668,1.0
1017288,201900058819,12,1,07:20,1,1,1,1.0,2.0,97309,Route de Degrad des Cannes,M,"4,8705585"," -52,2761919",973,2019,80.0,1.0,1.0,3.0,2275126,1.0,1,1,1,5.0,,0.0,0,1993.0,A01,138Â 195Â 668,1.0,-1.0,-1.0,1736483,1.0,1,,0.0,0.0,4.0,B01,138Â 195Â 667,5.0
1017288,201900058819,12,1,07:20,1,1,1,1.0,2.0,97309,Route de Degrad des Cannes,M,"4,8705585"," -52,2761919",973,2019,80.0,1.0,1.0,3.0,2275126,1.0,1,1,1,5.0,,0.0,0,1993.0,A01,138Â 195Â 668,1.0,-1.0,-1.0,1736484,1.0,7,,0.0,2.0,1.0,A01,138Â 195Â 668,1.0
1017289,201900058820,11,29,11:35,1,2,2,1.0,5.0,74268,12 Avenue d'Aix-les-bains,M,"45,8924280","6,1106880",74,2019,50.0,1.0,1.0,3.0,2275127,1.0,1,1,1,5.0,,0.0,0,1947.0,B01,138Â 195Â 664,8.0,-1.0,-1.0,1736485,1.0,7,,0.0,2.0,1.0,A01,138Â 195Â 663,1.0
1017289,201900058820,11,29,11:35,1,2,2,1.0,5.0,74268,12 Avenue d'Aix-les-bains,M,"45,8924280","6,1106880",74,2019,50.0,1.0,1.0,3.0,2275127,1.0,1,1,1,5.0,,0.0,0,1947.0,B01,138Â 195Â 664,8.0,-1.0,-1.0,1736486,1.0,7,,0.0,0.0,4.0,B01,138Â 195Â 664,1.0
1017289,201900058820,11,29,11:35,1,2,2,1.0,5.0,74268,12 Avenue d'Aix-les-bains,M,"45,8924280","6,1106880",74,2019,50.0,1.0,1.0,3.0,2275127,1.0,1,1,1,5.0,,0.0,0,1947.0,B01,138Â 195Â 664,8.0,-1.0,-1.0,1736487,1.0,7,,0.0,0.0,1.0,C01,138Â 195Â 665,1.0
1017289,201900058820,11,29,11:35,1,2,2,1.0,5.0,74268,12 Avenue d'Aix-les-bains,M,"45,8924280","6,1106880",74,2019,50.0,1.0,1.0,3.0,2275127,1.0,1,1,1,5.0,,0.0,0,1947.0,B01,138Â 195Â 664,8.0,-1.0,-1.0,1736488,1.0,7,,3.0,2.0,6.0,D01,138Â 195Â 666,1.0
1017289,201900058820,11,29,11:35,1,2,2,1.0,5.0,74268,12 Avenue d'Aix-les-bains,M,"45,8924280","6,1106880",74,2019,50.0,1.0,1.0,3.0,2275128,1.0,1,1,1,5.0,,0.0,0,1982.0,C01,138Â 195Â 665,8.0,-1.0,-1.0,1736485,1.0,7,,0.0,2.0,1.0,A01,138Â 195Â 663,1.0
1017289,201900058820,11,29,11:35,1,2,2,1.0,5.0,74268,12 Avenue d'Aix-les-bains,M,"45,8924280","6,1106880",74,2019,50.0,1.0,1.0,3.0,2275128,1.0,1,1,1,5.0,,0.0,0,1982.0,C01,138Â 195Â 665,8.0,-1.0,-1.0,1736486,1.0,7,,0.0,0.0,4.0,B01,138Â 195Â 664,1.0
1017289,201900058820,11,29,11:35,1,2,2,1.0,5.0,74268,12 Avenue d'Aix-les-bains,M,"45,8924280","6,1106880",74,2019,50.0,1.0,1.0,3.0,2275128,1.0,1,1,1,5.0,,0.0,0,1982.0,C01,138Â 195Â 665,8.0,-1.0,-1.0,1736487,1.0,7,,0.0,0.0,1.0,C01,138Â 195Â 665,1.0
1017289,201900058820,11,29,11:35,1,2,2,1.0,5.0,74268,12 Avenue d'Aix-les-bains,M,"45,8924280","6,1106880",74,2019,50.0,1.0,1.0,3.0,2275128,1.0,1,1,1,5.0,,0.0,0,1982.0,C01,138Â 195Â 665,8.0,-1.0,-1.0,1736488,1.0,7,,3.0,2.0,6.0,D01,138Â 195Â 666,1.0
1017289,201900058820,11,29,11:35,1,2,2,1.0,5.0,74268,12 Avenue d'Aix-les-bains,M,"45,8924280","6,1106880",74,2019,50.0,1.0,1.0,3.0,2275129,1.0,1,4,1,5.0,,0.0,0,2001.0,D01,138Â 195Â 666,8.0,-1.0,-1.0,1736485,1.0,7,,0.0,2.0,1.0,A01,138Â 195Â 663,1.0
1017289,201900058820,11,29,11:35,1,2,2,1.0,5.0,74268,12 Avenue d'Aix-les-bains,M,"45,8924280","6,1106880",74,2019,50.0,1.0,1.0,3.0,2275129,1.0,1,4,1,5.0,,0.0,0,2001.0,D01,138Â 195Â 666,8.0,-1.0,-1.0,1736486,1.0,7,,0.0,0.0,4.0,B01,138Â 195Â 664,1.0
1017289,201900058820,11,29,11:35,1,2,2,1.0,5.0,74268,12 Avenue d'Aix-les-bains,M,"45,8924280","6,1106880",74,2019,50.0,1.0,1.0,3.0,2275129,1.0,1,4,1,5.0,,0.0,0,2001.0,D01,138Â 195Â 666,8.0,-1.0,-1.0,1736487,1.0,7,,0.0,0.0,1.0,C01,138Â 195Â 665,1.0
1017289,201900058820,11,29,11:35,1,2,2,1.0,5.0,74268,12 Avenue d'Aix-les-bains,M,"45,8924280","6,1106880",74,2019,50.0,1.0,1.0,3.0,2275129,1.0,1,4,1,5.0,,0.0,0,2001.0,D01,138Â 195Â 666,8.0,-1.0,-1.0,1736488,1.0,7,,3.0,2.0,6.0,D01,138Â 195Â 666,1.0
1017290,201900058821,11,29,20:00,3,1,9,1.0,5.0,90015,A36 - PR 38+650,M,"47,5935650","6,8570520",90,2019,110.0,1.0,1.0,1.0,2275130,1.0,1,1,1,5.0,,0.0,0,1957.0,A01,138Â 195Â 660,1.0,-1.0,-1.0,1736489,1.0,7,,0.0,2.0,3.0,A01,138Â 195Â 660,1.0
1017290,201900058821,11,29,20:00,3,1,9,1.0,5.0,90015,A36 - PR 38+650,M,"47,5935650","6,8570520",90,2019,110.0,1.0,1.0,1.0,2275130,1.0,1,1,1,5.0,,0.0,0,1957.0,A01,138Â 195Â 660,1.0,-1.0,-1.0,1736490,1.0,7,,0.0,2.0,5.0,B01,138Â 195Â 661,1.0
1017290,201900058821,11,29,20:00,3,1,9,1.0,5.0,90015,A36 - PR 38+650,M,"47,5935650","6,8570520",90,2019,110.0,1.0,1.0,1.0,2275130,1.0,1,1,1,5.0,,0.0,0,1957.0,A01,138Â 195Â 660,1.0,-1.0,-1.0,1736491,1.0,7,,4.0,2.0,9.0,C01,138Â 195Â 662,1.0
1017290,201900058821,11,29,20:00,3,1,9,1.0,5.0,90015,A36 - PR 38+650,M,"47,5935650","6,8570520",90,2019,110.0,1.0,1.0,1.0,2275131,1.0,1,1,2,3.0,,0.0,0,1980.0,B01,138Â 195Â 661,1.0,-1.0,-1.0,1736489,1.0,7,,0.0,2.0,3.0,A01,138Â 195Â 660,1.0
1017290,201900058821,11,29,20:00,3,1,9,1.0,5.0,90015,A36 - PR 38+650,M,"47,5935650","6,8570520",90,2019,110.0,1.0,1.0,1.0,2275131,1.0,1,1,2,3.0,,0.0,0,1980.0,B01,138Â 195Â 661,1.0,-1.0,-1.0,1736490,1.0,7,,0.0,2.0,5.0,B01,138Â 195Â 661,1.0
1017290,201900058821,11,29,20:00,3,1,9,1.0,5.0,90015,A36 - PR 38+650,M,"47,5935650","6,8570520",90,2019,110.0,1.0,1.0,1.0,2275131,1.0,1,1,2,3.0,,0.0,0,1980.0,B01,138Â 195Â 661,1.0,-1.0,-1.0,1736491,1.0,7,,4.0,2.0,9.0,C01,138Â 195Â 662,1.0
1017290,201900058821,11,29,20:00,3,1,9,1.0,5.0,90015,A36 - PR 38+650,M,"47,5935650","6,8570520",90,2019,110.0,1.0,1.0,1.0,2275132,1.0,1,4,1,3.0,,0.0,0,1968.0,C01,138Â 195Â 662,1.0,-1.0,-1.0,1736489,1.0,7,,0.0,2.0,3.0,A01,138Â 195Â 660,1.0