Unnamed: 0_x,num_acc,mois,jour,hrmn,lum,agg,int,atm,col,com,adr,gps,lat,long,dep,annee,vma,situ,surf,catr,Unnamed: 0_y,place,catu,grav,sexe,trajet,secu,locp,actp,an_nais,num_veh_x,id_vehicule_x,secu1,secu2,secu3,Unnamed: 0,senc,catv,occutc,obs,obsm,choc,num_veh_y,id_vehicule_y,motor
1017290,201900058821,11,29,20:00,3,1,9,1.0,5.0,90015,A36 - PR 38+650,M,"47,5935650","6,8570520",90,2019,110.0,1.0,1.0,1.0,2275132,1.0,1,4,1,3.0,,0.0,0,1968.0,C01,138Â 195Â 662,1.0,-1.0,-1.0,1736490,1.0,7,,0.0,2.0,5.0,B01,138Â 195Â 661,1.0
1017290,201900058821,11,29,20:00,3,1,9,1.0,5.0,90015,A36 - PR 38+650,M,"47,5935650","6,8570520",90,2019,110.0,1.0,1.0,1.0,2275132,1.0,1,4,1,3.0,,0.0,0,1968.0,C01,138Â 195Â 662,1.0,-1.0,-1.0,1736491,1.0,7,,4.0,2.0,9.0,C01,138Â 195Â 662,1.0
1017291,201900058822,11,29,09:00,1,1,1,1.0,4.0,06088,A8 185+100 Nord,M,"43,6686990","7,1988070",6,2019,90.0,1.0,1.0,1.0,2275133,1.0,1,1,1,1.0,,0.0,0,1995.0,C01,138Â 195Â 657,1.0,-1.0,-1.0,1736492,2.0,7,,0.0,0.0,4.0,C01,138Â 195Â 657,1.0
1017291,201900058822,11,29,09:00,1,1,1,1.0,4.0,06088,A8 185+100 Nord,M,"43,6686990","7,1988070",6,2019,90.0,1.0,1.0,1.0,2275133,1.0,1,1,1,1.0,,0.0,0,1995.0,C01,138Â 195Â 657,1.0,-1.0,-1.0,1736493,2.0,7,,0.0,2.0,4.0,B01,138Â 195Â 658,1.0
1017291,201900058822,11,29,09:00,1,1,1,1.0,4.0,06088,A8 185+100 Nord,M,"43,6686990","7,1988070",6,2019,90.0,1.0,1.0,1.0,2275133,1.0,1,1,1,1.0,,0.0,0,1995.0,C01,138Â 195Â 657,1.0,-1.0,-1.0,1736494,2.0,7,,0.0,2.0,1.0,A01,138Â 195Â 659,1.0
1017291,201900058822,11,29,09:00,1,1,1,1.0,4.0,06088,A8 185+100 Nord,M,"43,6686990","7,1988070",6,2019,90.0,1.0,1.0,1.0,2275134,1.0,1,4,2,1.0,,0.0,0,1973.0,B01,138Â 195Â 658,1.0,-1.0,-1.0,1736492,2.0,7,,0.0,0.0,4.0,C01,138Â 195Â 657,1.0
1017291,201900058822,11,29,09:00,1,1,1,1.0,4.0,06088,A8 185+100 Nord,M,"43,6686990","7,1988070",6,2019,90.0,1.0,1.0,1.0,2275134,1.0,1,4,2,1.0,,0.0,0,1973.0,B01,138Â 195Â 658,1.0,-1.0,-1.0,1736493,2.0,7,,0.0,2.0,4.0,B01,138Â 195Â 658,1.0
1017291,201900058822,11,29,09:00,1,1,1,1.0,4.0,06088,A8 185+100 Nord,M,"43,6686990","7,1988070",6,2019,90.0,1.0,1.0,1.0,2275134,1.0,1,4,2,1.0,,0.0,0,1973.0,B01,138Â 195Â 658,1.0,-1.0,-1.0,1736494,2.0,7,,0.0,2.0,1.0,A01,138Â 195Â 659,1.0
1017291,201900058822,11,29,09:00,1,1,1,1.0,4.0,06088,A8 185+100 Nord,M,"43,6686990","7,1988070",6,2019,90.0,1.0,1.0,1.0,2275135,1.0,1,1,1,1.0,,0.0,0,1998.0,A01,138Â 195Â 659,1.0,-1.0,-1.0,1736492,2.0,7,,0.0,0.0,4.0,C01,138Â 195Â 657,1.0
1017291,201900058822,11,29,09:00,1,1,1,1.0,4.0,06088,A8 185+100 Nord,M,"43,6686990","7,1988070",6,2019,90.0,1.0,1.0,1.0,2275135,1.0,1,1,1,1.0,,0.0,0,1998.0,A01,138Â 195Â 659,1.0,-1.0,-1.0,1736493,2.0,7,,0.0,2.0,4.0,B01,138Â 195Â 658,1.0
1017291,201900058822,11,29,09:00,1,1,1,1.0,4.0,06088,A8 185+100 Nord,M,"43,6686990","7,1988070",6,2019,90.0,1.0,1.0,1.0,2275135,1.0,1,1,1,1.0,,0.0,0,1998.0,A01,138Â 195Â 659,1.0,-1.0,-1.0,1736494,2.0,7,,0.0,2.0,1.0,A01,138Â 195Â 659,1.0
1017292,201900058823,11,30,19:30,3,1,1,1.0,2.0,11210,A61,M,"43,1702573","2,7878843",11,2019,130.0,1.0,1.0,1.0,2275136,1.0,1,4,1,0.0,,0.0,0,1970.0,B01,138Â 195Â 655,1.0,-1.0,-1.0,1736495,1.0,7,,0.0,0.0,4.0,B01,138Â 195Â 655,1.0
1017292,201900058823,11,30,19:30,3,1,1,1.0,2.0,11210,A61,M,"43,1702573","2,7878843",11,2019,130.0,1.0,1.0,1.0,2275136,1.0,1,4,1,0.0,,0.0,0,1970.0,B01,138Â 195Â 655,1.0,-1.0,-1.0,1736496,1.0,7,,0.0,2.0,1.0,A01,138Â 195Â 656,1.0
1017292,201900058823,11,30,19:30,3,1,1,1.0,2.0,11210,A61,M,"43,1702573","2,7878843",11,2019,130.0,1.0,1.0,1.0,2275137,2.0,2,4,1,0.0,,0.0,0,1983.0,B01,138Â 195Â 655,1.0,-1.0,-1.0,1736495,1.0,7,,0.0,0.0,4.0,B01,138Â 195Â 655,1.0
1017292,201900058823,11,30,19:30,3,1,1,1.0,2.0,11210,A61,M,"43,1702573","2,7878843",11,2019,130.0,1.0,1.0,1.0,2275137,2.0,2,4,1,0.0,,0.0,0,1983.0,B01,138Â 195Â 655,1.0,-1.0,-1.0,1736496,1.0,7,,0.0,2.0,1.0,A01,138Â 195Â 656,1.0
1017292,201900058823,11,30,19:30,3,1,1,1.0,2.0,11210,A61,M,"43,1702573","2,7878843",11,2019,130.0,1.0,1.0,1.0,2275138,1.0,1,1,1,0.0,,0.0,0,1982.0,A01,138Â 195Â 656,1.0,-1.0,-1.0,1736495,1.0,7,,0.0,0.0,4.0,B01,138Â 195Â 655,1.0
1017292,201900058823,11,30,19:30,3,1,1,1.0,2.0,11210,A61,M,"43,1702573","2,7878843",11,2019,130.0,1.0,1.0,1.0,2275138,1.0,1,1,1,0.0,,0.0,0,1982.0,A01,138Â 195Â 656,1.0,-1.0,-1.0,1736496,1.0,7,,0.0,2.0,1.0,A01,138Â 195Â 656,1.0
1017293,201900058824,11,30,14:05,1,1,1,3.0,7.0,17354,A 10,M,"45,6100720"," -0,5991250",17,2019,110.0,1.0,3.0,1.0,2275139,2.0,2,1,2,5.0,,0.0,0,1996.0,A01,138Â 195Â 654,1.0,-1.0,-1.0,1736497,2.0,7,,3.0,0.0,8.0,A01,138Â 195Â 654,1.0
1017293,201900058824,11,30,14:05,1,1,1,3.0,7.0,17354,A 10,M,"45,6100720"," -0,5991250",17,2019,110.0,1.0,3.0,1.0,2275140,1.0,1,3,1,5.0,,0.0,0,1987.0,A01,138Â 195Â 654,1.0,-1.0,-1.0,1736497,2.0,7,,3.0,0.0,8.0,A01,138Â 195Â 654,1.0
1017294,201900058825,12,1,09:30,1,2,1,1.0,6.0,98825,Route de ForÃªt Plate,M," -21,2015880","165,1048400",988,2019,50.0,3.0,1.0,4.0,2275141,1.0,1,3,1,5.0,,0.0,0,1997.0,A01,138Â 195Â 653,0.0,-1.0,-1.0,1736498,3.0,7,,2.0,0.0,7.0,A01,138Â 195Â 653,1.0
1017294,201900058825,12,1,09:30,1,2,1,1.0,6.0,98825,Route de ForÃªt Plate,M," -21,2015880","165,1048400",988,2019,50.0,3.0,1.0,4.0,2275142,2.0,2,3,2,5.0,,0.0,0,1989.0,A01,138Â 195Â 653,0.0,-1.0,-1.0,1736498,3.0,7,,2.0,0.0,7.0,A01,138Â 195Â 653,1.0
1017295,201900058826,11,30,02:20,5,1,1,1.0,6.0,97121,RN2,M,"16,2564380"," -61,8014050",971,2019,80.0,3.0,1.0,2.0,2275143,1.0,1,2,1,5.0,,0.0,0,1989.0,A01,138Â 195Â 652,8.0,-1.0,-1.0,1736499,0.0,7,,6.0,0.0,6.0,A01,138Â 195Â 652,1.0
1017296,201900058827,11,30,09:57,1,2,1,1.0,6.0,67473,D422,M,"48,5683940","7,4919490",67,2019,50.0,1.0,1.0,3.0,2275144,1.0,1,1,1,4.0,,0.0,0,1965.0,A01,138Â 195Â 651,1.0,-1.0,-1.0,1736500,1.0,38,1.0,0.0,1.0,1.0,A01,138Â 195Â 651,1.0
1017296,201900058827,11,30,09:57,1,2,1,1.0,6.0,67473,D422,M,"48,5683940","7,4919490",67,2019,50.0,1.0,1.0,3.0,2275145,10.0,3,2,2,3.0,,3.0,3,1936.0,A01,138Â 195Â 651,0.0,-1.0,-1.0,1736500,1.0,38,1.0,0.0,1.0,1.0,A01,138Â 195Â 651,1.0
1017297,201900058828,11,29,07:15,5,2,4,1.0,3.0,69273,avenue Gabriel PÃ©ri,M,"45,6843900","4,9290970",69,2019,50.0,1.0,1.0,4.0,2275146,1.0,1,1,1,0.0,,0.0,0,1982.0,A01,137Â 982Â 149,1.0,-1.0,-1.0,1736501,3.0,7,,0.0,2.0,2.0,A01,137Â 982Â 149,0.0
1017297,201900058828,11,29,07:15,5,2,4,1.0,3.0,69273,avenue Gabriel PÃ©ri,M,"45,6843900","4,9290970",69,2019,50.0,1.0,1.0,4.0,2275146,1.0,1,1,1,0.0,,0.0,0,1982.0,A01,137Â 982Â 149,1.0,-1.0,-1.0,1736502,3.0,7,,0.0,2.0,1.0,B01,138Â 195Â 650,0.0
1017297,201900058828,11,29,07:15,5,2,4,1.0,3.0,69273,avenue Gabriel PÃ©ri,M,"45,6843900","4,9290970",69,2019,50.0,1.0,1.0,4.0,2275147,1.0,1,3,2,1.0,,0.0,0,1985.0,B01,138Â 195Â 650,1.0,-1.0,-1.0,1736501,3.0,7,,0.0,2.0,2.0,A01,137Â 982Â 149,0.0
1017297,201900058828,11,29,07:15,5,2,4,1.0,3.0,69273,avenue Gabriel PÃ©ri,M,"45,6843900","4,9290970",69,2019,50.0,1.0,1.0,4.0,2275147,1.0,1,3,2,1.0,,0.0,0,1985.0,B01,138Â 195Â 650,1.0,-1.0,-1.0,1736502,3.0,7,,0.0,2.0,1.0,B01,138Â 195Â 650,0.0
1017298,201900058829,11,29,20:00,3,1,1,1.0,6.0,81294,Chemin de la Valiere,M,"43,8573800","1,9186290",81,2019,80.0,1.0,2.0,4.0,2275148,1.0,1,3,1,0.0,,0.0,0,1993.0,A01,137Â 982Â 148,8.0,-1.0,-1.0,1736503,3.0,7,,2.0,0.0,7.0,A01,137Â 982Â 148,1.0
1017299,201900058830,12,1,10:30,1,1,1,1.0,6.0,16232,1 Rue des Bouvreuils,M,"45,6854370","0,2691440",16,2019,50.0,1.0,2.0,4.0,2275149,1.0,1,3,1,5.0,,0.0,0,2004.0,A01,137Â 982Â 147,1.0,-1.0,-1.0,1736504,2.0,7,,6.0,0.0,1.0,A01,137Â 982Â 147,1.0
1017299,201900058830,12,1,10:30,1,1,1,1.0,6.0,16232,1 Rue des Bouvreuils,M,"45,6854370","0,2691440",16,2019,50.0,1.0,2.0,4.0,2275150,2.0,2,1,1,9.0,,0.0,0,2004.0,A01,137Â 982Â 147,1.0,-1.0,-1.0,1736504,2.0,7,,6.0,0.0,1.0,A01,137Â 982Â 147,1.0
1017299,201900058830,12,1,10:30,1,1,1,1.0,6.0,16232,1 Rue des Bouvreuils,M,"45,6854370","0,2691440",16,2019,50.0,1.0,2.0,4.0,2275151,7.0,2,1,1,9.0,,0.0,0,2004.0,A01,137Â 982Â 147,1.0,-1.0,-1.0,1736504,2.0,7,,6.0,0.0,1.0,A01,137Â 982Â 147,1.0
1017300,201900058831,11,29,23:20,3,1,1,1.0,6.0,33022,Route de Castelnau,M,"45,0294970"," -0,7792690",33,2019,80.0,3.0,1.0,3.0,2275152,1.0,1,3,1,0.0,,0.0,0,1995.0,A01,137Â 982Â 146,0.0,-1.0,-1.0,1736505,1.0,7,,2.0,0.0,7.0,A01,137Â 982Â 146,1.0
1017301,201900058832,12,1,07:50,3,1,1,1.0,6.0,85099,Route de Nieul-le-Dolent,M,"46,5725270"," -1,5772660",85,2019,80.0,1.0,2.0,4.0,2275153,1.0,1,3,1,5.0,,0.0,0,1998.0,A01,137Â 982Â 145,0.0,-1.0,-1.0,1736506,0.0,7,,2.0,0.0,3.0,A01,137Â 982Â 145,1.0
1017302,201900058833,12,1,03:20,5,2,1,1.0,6.0,76462,Boulevard l'Alouette,M,"49,7300820","1,4459700",76,2019,50.0,1.0,1.0,3.0,2275154,1.0,1,3,1,5.0,,0.0,0,1995.0,A01,137Â 982Â 144,2.0,-1.0,-1.0,1736507,1.0,2,,1.0,0.0,1.0,A01,137Â 982Â 144,1.0
1017303,201900058834,11,29,12:10,1,1,1,1.0,4.0,13071,A7-Sens Marseille vers Lyon,M,"43,4407162","5,2487415",13,2019,110.0,1.0,1.0,1.0,2275155,1.0,1,1,1,1.0,,-1.0, -1,1958.0,A01,137Â 982Â 140,1.0,8.0,-1.0,1736508,2.0,7,,0.0,2.0,1.0,A01,137Â 982Â 140,1.0
1017303,201900058834,11,29,12:10,1,1,1,1.0,4.0,13071,A7-Sens Marseille vers Lyon,M,"43,4407162","5,2487415",13,2019,110.0,1.0,1.0,1.0,2275155,1.0,1,1,1,1.0,,-1.0, -1,1958.0,A01,137Â 982Â 140,1.0,8.0,-1.0,1736509,2.0,10,,0.0,2.0,4.0,B01,137Â 982Â 141,1.0
1017303,201900058834,11,29,12:10,1,1,1,1.0,4.0,13071,A7-Sens Marseille vers Lyon,M,"43,4407162","5,2487415",13,2019,110.0,1.0,1.0,1.0,2275155,1.0,1,1,1,1.0,,-1.0, -1,1958.0,A01,137Â 982Â 140,1.0,8.0,-1.0,1736510,2.0,10,,0.0,2.0,4.0,C01,137Â 982Â 142,1.0
1017303,201900058834,11,29,12:10,1,1,1,1.0,4.0,13071,A7-Sens Marseille vers Lyon,M,"43,4407162","5,2487415",13,2019,110.0,1.0,1.0,1.0,2275156,1.0,1,1,1,4.0,,-1.0, -1,1991.0,B01,137Â 982Â 141,1.0,8.0,-1.0,1736508,2.0,7,,0.0,2.0,1.0,A01,137Â 982Â 140,1.0
1017303,201900058834,11,29,12:10,1,1,1,1.0,4.0,13071,A7-Sens Marseille vers Lyon,M,"43,4407162","5,2487415",13,2019,110.0,1.0,1.0,1.0,2275156,1.0,1,1,1,4.0,,-1.0, -1,1991.0,B01,137Â 982Â 141,1.0,8.0,-1.0,1736509,2.0,10,,0.0,2.0,4.0,B01,137Â 982Â 141,1.0
1017303,201900058834,11,29,12:10,1,1,1,1.0,4.0,13071,A7-Sens Marseille vers Lyon,M,"43,4407162","5,2487415",13,2019,110.0,1.0,1.0,1.0,2275156,1.0,1,1,1,4.0,,-1.0, -1,1991.0,B01,137Â 982Â 141,1.0,8.0,-1.0,1736510,2.0,10,,0.0,2.0,4.0,C01,137Â 982Â 142,1.0
1017303,201900058834,11,29,12:10,1,1,1,1.0,4.0,13071,A7-Sens Marseille vers Lyon,M,"43,4407162","5,2487415",13,2019,110.0,1.0,1.0,1.0,2275157,2.0,2,1,1,4.0,,-1.0, -1,1968.0,C01,137Â 982Â 142,1.0,8.0,-1.0,1736508,2.0,7,,0.0,2.0,1.0,A01,137Â 982Â 140,1.0
1017303,201900058834,11,29,12:10,1,1,1,1.0,4.0,13071,A7-Sens Marseille vers Lyon,M,"43,4407162","5,2487415",13,2019,110.0,1.0,1.0,1.0,2275157,2.0,2,1,1,4.0,,-1.0, -1,1968.0,C01,137Â 982Â 142,1.0,8.0,-1.0,1736509,2.0,10,,0.0,2.0,4.0,B01,137Â 982Â 141,1.0
1017303,201900058834,11,29,12:10,1,1,1,1.0,4.0,13071,A7-Sens Marseille vers Lyon,M,"43,4407162","5,2487415",13,2019,110.0,1.0,1.0,1.0,2275157,2.0,2,1,1,4.0,,-1.0, -1,1968.0,C01,137Â 982Â 142,1.0,8.0,-1.0,1736510,2.0,10,,0.0,2.0,4.0,C01,137Â 982Â 142,1.0
1017303,201900058834,11,29,12:10,1,1,1,1.0,4.0,13071,A7-Sens Marseille vers Lyon,M,"43,4407162","5,2487415",13,2019,110.0,1.0,1.0,1.0,2275158,1.0,1,4,1,5.0,,-1.0, -1,1964.0,C01,137Â 982Â 142,1.0,8.0,-1.0,1736508,2.0,7,,0.0,2.0,1.0,A01,137Â 982Â 140,1.0
1017303,201900058834,11,29,12:10,1,1,1,1.0,4.0,13071,A7-Sens Marseille vers Lyon,M,"43,4407162","5,2487415",13,2019,110.0,1.0,1.0,1.0,2275158,1.0,1,4,1,5.0,,-1.0, -1,1964.0,C01,137Â 982Â 142,1.0,8.0,-1.0,1736509,2.0,10,,0.0,2.0,4.0,B01,137Â 982Â 141,1.0
1017303,201900058834,11,29,12:10,1,1,1,1.0,4.0,13071,A7-Sens Marseille vers Lyon,M,"43,4407162","5,2487415",13,2019,110.0,1.0,1.0,1.0,2275158,1.0,1,4,1,5.0,,-1.0, -1,1964.0,C01,137Â 982Â 142,1.0,8.0,-1.0,1736510,2.0,10,,0.0,2.0,4.0,C01,137Â 982Â 142,1.0
1017304,201900058835,11,29,12:10,1,1,1,1.0,2.0,13117,A7-Sens Lyon vers Marseille,M,"43,4407220","5,2485560",13,2019,90.0,1.0,1.0,1.0,2275159,2.0,2,1,1,5.0,,-1.0, -1,1993.0,A01,137Â 982Â 138,1.0,0.0,-1.0,1736511,2.0,7,,0.0,2.0,4.0,A01,137Â 982Â 138,1.0
1017304,201900058835,11,29,12:10,1,1,1,1.0,2.0,13117,A7-Sens Lyon vers Marseille,M,"43,4407220","5,2485560",13,2019,90.0,1.0,1.0,1.0,2275159,2.0,2,1,1,5.0,,-1.0, -1,1993.0,A01,137Â 982Â 138,1.0,0.0,-1.0,1736512,2.0,7,,0.0,2.0,1.0,B01,137Â 982Â 139,1.0
1017304,201900058835,11,29,12:10,1,1,1,1.0,2.0,13117,A7-Sens Lyon vers Marseille,M,"43,4407220","5,2485560",13,2019,90.0,1.0,1.0,1.0,2275160,3.0,2,4,1,5.0,,-1.0, -1,1998.0,A01,137Â 982Â 138,1.0,0.0,-1.0,1736511,2.0,7,,0.0,2.0,4.0,A01,137Â 982Â 138,1.0
1017304,201900058835,11,29,12:10,1,1,1,1.0,2.0,13117,A7-Sens Lyon vers Marseille,M,"43,4407220","5,2485560",13,2019,90.0,1.0,1.0,1.0,2275160,3.0,2,4,1,5.0,,-1.0, -1,1998.0,A01,137Â 982Â 138,1.0,0.0,-1.0,1736512,2.0,7,,0.0,2.0,1.0,B01,137Â 982Â 139,1.0
1017304,201900058835,11,29,12:10,1,1,1,1.0,2.0,13117,A7-Sens Lyon vers Marseille,M,"43,4407220","5,2485560",13,2019,90.0,1.0,1.0,1.0,2275161,1.0,1,1,1,5.0,,-1.0, -1,1999.0,A01,137Â 982Â 138,1.0,0.0,-1.0,1736511,2.0,7,,0.0,2.0,4.0,A01,137Â 982Â 138,1.0
1017304,201900058835,11,29,12:10,1,1,1,1.0,2.0,13117,A7-Sens Lyon vers Marseille,M,"43,4407220","5,2485560",13,2019,90.0,1.0,1.0,1.0,2275161,1.0,1,1,1,5.0,,-1.0, -1,1999.0,A01,137Â 982Â 138,1.0,0.0,-1.0,1736512,2.0,7,,0.0,2.0,1.0,B01,137Â 982Â 139,1.0
1017304,201900058835,11,29,12:10,1,1,1,1.0,2.0,13117,A7-Sens Lyon vers Marseille,M,"43,4407220","5,2485560",13,2019,90.0,1.0,1.0,1.0,2275162,1.0,1,1,1,1.0,,-1.0, -1,1988.0,B01,137Â 982Â 139,1.0,0.0,-1.0,1736511,2.0,7,,0.0,2.0,4.0,A01,137Â 982Â 138,1.0
1017304,201900058835,11,29,12:10,1,1,1,1.0,2.0,13117,A7-Sens Lyon vers Marseille,M,"43,4407220","5,2485560",13,2019,90.0,1.0,1.0,1.0,2275162,1.0,1,1,1,1.0,,-1.0, -1,1988.0,B01,137Â 982Â 139,1.0,0.0,-1.0,1736512,2.0,7,,0.0,2.0,1.0,B01,137Â 982Â 139,1.0
1017305,201900058836,11,30,09:00,1,1,1,5.0,2.0,69288,A43   13.029 A 15.971,M,"45,6666600","5,0561200",69,2019,130.0,1.0,2.0,1.0,2275163,1.0,1,4,1,4.0,,-1.0,0,1992.0,B01,137Â 982Â 136,1.0,0.0,-1.0,1736513,2.0,7,,0.0,2.0,6.0,B01,137Â 982Â 136,1.0
1017305,201900058836,11,30,09:00,1,1,1,5.0,2.0,69288,A43   13.029 A 15.971,M,"45,6666600","5,0561200",69,2019,130.0,1.0,2.0,1.0,2275163,1.0,1,4,1,4.0,,-1.0,0,1992.0,B01,137Â 982Â 136,1.0,0.0,-1.0,1736514,2.0,7,,3.0,2.0,1.0,A01,137Â 982Â 137,1.0
1017305,201900058836,11,30,09:00,1,1,1,5.0,2.0,69288,A43   13.029 A 15.971,M,"45,6666600","5,0561200",69,2019,130.0,1.0,2.0,1.0,2275164,1.0,1,4,1,5.0,,-1.0,0,1973.0,A01,137Â 982Â 137,1.0,0.0,-1.0,1736513,2.0,7,,0.0,2.0,6.0,B01,137Â 982Â 136,1.0
1017305,201900058836,11,30,09:00,1,1,1,5.0,2.0,69288,A43   13.029 A 15.971,M,"45,6666600","5,0561200",69,2019,130.0,1.0,2.0,1.0,2275164,1.0,1,4,1,5.0,,-1.0,0,1973.0,A01,137Â 982Â 137,1.0,0.0,-1.0,1736514,2.0,7,,3.0,2.0,1.0,A01,137Â 982Â 137,1.0
1017305,201900058836,11,30,09:00,1,1,1,5.0,2.0,69288,A43   13.029 A 15.971,M,"45,6666600","5,0561200",69,2019,130.0,1.0,2.0,1.0,2275165,2.0,2,4,1,5.0,,-1.0,0,1968.0,A01,137Â 982Â 137,1.0,0.0,-1.0,1736513,2.0,7,,0.0,2.0,6.0,B01,137Â 982Â 136,1.0
1017305,201900058836,11,30,09:00,1,1,1,5.0,2.0,69288,A43   13.029 A 15.971,M,"45,6666600","5,0561200",69,2019,130.0,1.0,2.0,1.0,2275165,2.0,2,4,1,5.0,,-1.0,0,1968.0,A01,137Â 982Â 137,1.0,0.0,-1.0,1736514,2.0,7,,3.0,2.0,1.0,A01,137Â 982Â 137,1.0
1017306,201900058837,11,27,07:50,1,1,1,8.0,4.0,67482,Autoroute A.35,M,"48,5769000","7,7269000",67,2019,90.0,1.0,2.0,1.0,2275166,1.0,1,1,2,1.0,,-1.0, -1,1972.0,A01,137Â 982Â 133,1.0,4.0,-1.0,1736515,1.0,7,,0.0,2.0,4.0,A01,137Â 982Â 133,3.0
1017306,201900058837,11,27,07:50,1,1,1,8.0,4.0,67482,Autoroute A.35,M,"48,5769000","7,7269000",67,2019,90.0,1.0,2.0,1.0,2275166,1.0,1,1,2,1.0,,-1.0, -1,1972.0,A01,137Â 982Â 133,1.0,4.0,-1.0,1736516,1.0,7,,0.0,2.0,1.0,B01,137Â 982Â 134,1.0
1017306,201900058837,11,27,07:50,1,1,1,8.0,4.0,67482,Autoroute A.35,M,"48,5769000","7,7269000",67,2019,90.0,1.0,2.0,1.0,2275166,1.0,1,1,2,1.0,,-1.0, -1,1972.0,A01,137Â 982Â 133,1.0,4.0,-1.0,1736517,1.0,7,,0.0,2.0,1.0,C01,137Â 982Â 135,1.0
1017306,201900058837,11,27,07:50,1,1,1,8.0,4.0,67482,Autoroute A.35,M,"48,5769000","7,7269000",67,2019,90.0,1.0,2.0,1.0,2275167,1.0,1,4,1,1.0,,-1.0, -1,1964.0,B01,137Â 982Â 134,1.0,4.0,-1.0,1736515,1.0,7,,0.0,2.0,4.0,A01,137Â 982Â 133,3.0
1017306,201900058837,11,27,07:50,1,1,1,8.0,4.0,67482,Autoroute A.35,M,"48,5769000","7,7269000",67,2019,90.0,1.0,2.0,1.0,2275167,1.0,1,4,1,1.0,,-1.0, -1,1964.0,B01,137Â 982Â 134,1.0,4.0,-1.0,1736516,1.0,7,,0.0,2.0,1.0,B01,137Â 982Â 134,1.0
1017306,201900058837,11,27,07:50,1,1,1,8.0,4.0,67482,Autoroute A.35,M,"48,5769000","7,7269000",67,2019,90.0,1.0,2.0,1.0,2275167,1.0,1,4,1,1.0,,-1.0, -1,1964.0,B01,137Â 982Â 134,1.0,4.0,-1.0,1736517,1.0,7,,0.0,2.0,1.0,C01,137Â 982Â 135,1.0
1017306,201900058837,11,27,07:50,1,1,1,8.0,4.0,67482,Autoroute A.35,M,"48,5769000","7,7269000",67,2019,90.0,1.0,2.0,1.0,2275168,1.0,1,4,2,1.0,,-1.0, -1,1988.0,C01,137Â 982Â 135,1.0,0.0,-1.0,1736515,1.0,7,,0.0,2.0,4.0,A01,137Â 982Â 133,3.0
1017306,201900058837,11,27,07:50,1,1,1,8.0,4.0,67482,Autoroute A.35,M,"48,5769000","7,7269000",67,2019,90.0,1.0,2.0,1.0,2275168,1.0,1,4,2,1.0,,-1.0, -1,1988.0,C01,137Â 982Â 135,1.0,0.0,-1.0,1736516,1.0,7,,0.0,2.0,1.0,B01,137Â 982Â 134,1.0
1017306,201900058837,11,27,07:50,1,1,1,8.0,4.0,67482,Autoroute A.35,M,"48,5769000","7,7269000",67,2019,90.0,1.0,2.0,1.0,2275168,1.0,1,4,2,1.0,,-1.0, -1,1988.0,C01,137Â 982Â 135,1.0,0.0,-1.0,1736517,1.0,7,,0.0,2.0,1.0,C01,137Â 982Â 135,1.0
1017307,201900058838,11,30,02:41,4,1,1,1.0,6.0,94021,AUTOROUTE A6A,M,"48,7717000","2,3457600",94,2019,90.0,1.0,1.0,1.0,2275169,1.0,1,4,1,9.0,,-1.0, -1,1998.0,A01,137Â 982Â 132,1.0,0.0,-1.0,1736518,2.0,7,,3.0,0.0,1.0,A01,137Â 982Â 132,0.0
1017308,201900058839,11,30,15:20,1,1,1,1.0,7.0,78640,A86 EXT,M,"48,7772890","2,2237590",78,2019,50.0,1.0,1.0,1.0,2275170,1.0,1,3,1,0.0,,-1.0, -1,1979.0,A01,137Â 982Â 131,2.0,0.0,-1.0,1736519,2.0,33,,0.0,0.0,7.0,A01,137Â 982Â 131,1.0
1017309,201900058840,11,29,20:50,3,1,1,1.0,2.0,92047,A13,M,"48,8351236","2,1751101",92,2019,110.0,2.0,1.0,1.0,2275171,1.0,1,4,1,0.0,,-1.0,0,1974.0,B01,137Â 982Â 129,1.0,0.0,-1.0,1736520,1.0,10,,0.0,2.0,4.0,B01,137Â 982Â 129,2.0
1017309,201900058840,11,29,20:50,3,1,1,1.0,2.0,92047,A13,M,"48,8351236","2,1751101",92,2019,110.0,2.0,1.0,1.0,2275171,1.0,1,4,1,0.0,,-1.0,0,1974.0,B01,137Â 982Â 129,1.0,0.0,-1.0,1736521,1.0,10,,0.0,2.0,1.0,A01,137Â 982Â 130,1.0
1017309,201900058840,11,29,20:50,3,1,1,1.0,2.0,92047,A13,M,"48,8351236","2,1751101",92,2019,110.0,2.0,1.0,1.0,2275172,1.0,1,1,1,0.0,,0.0,0,1971.0,A01,137Â 982Â 130,1.0,-1.0,-1.0,1736520,1.0,10,,0.0,2.0,4.0,B01,137Â 982Â 129,2.0
1017309,201900058840,11,29,20:50,3,1,1,1.0,2.0,92047,A13,M,"48,8351236","2,1751101",92,2019,110.0,2.0,1.0,1.0,2275172,1.0,1,1,1,0.0,,0.0,0,1971.0,A01,137Â 982Â 130,1.0,-1.0,-1.0,1736521,1.0,10,,0.0,2.0,1.0,A01,137Â 982Â 130,1.0